model,architecture,architecture_kind,model_deployment_policy,context_tokens,batch_size,feasible,stages,resident_users_required,max_batch_per_stage,official_packed_weight_bytes_per_step,deployed_weight_bytes_per_step,kv_read_bytes_per_user_token,kv_write_bytes_per_user_token,tensor_operations_per_user_token,step_interval_s,per_user_token_latency_s,aggregate_tokens_s,per_user_tokens_s,deployed_weight_read_bytes_s,kv_read_bytes_s,kv_write_bytes_s,hbm_total_bytes_s,rom_array_bytes_s,sram_weight_bytes_s,sram_kv_bytes_s,tensor_operations_s,partial_tco_per_million_tokens,power_w,binding_constraint
DeepSeek-V4-Flash-0731,NVIDIA-A100-SXM-80GB-packed-HBM-BF16-execute-x1,gpu,a100_packed_hbm_bf16_execute,8192,1,False,1,1,0,11217572060.0,11217572060.0,28966912.0,50912.0,29539565568.0,0.008534232411632318,,0.0,0.0,0.0,0.0,0.0,0.0,0.0,0.0,0.0,0.0,,400.0,capacity_C7_C8_C9
DeepSeek-V4-Flash-0731,NVIDIA-A100-SXM-80GB-packed-HBM-BF16-execute-x2,gpu,a100_packed_hbm_bf16_execute,8192,1,False,1,1,0,11217572060.0,11217572060.0,28966912.0,50912.0,29539565568.0,0.004502881935146342,,0.0,0.0,0.0,0.0,0.0,0.0,0.0,0.0,0.0,0.0,,800.0,capacity_C7_C8_C9
DeepSeek-V4-Flash-0731,NVIDIA-A100-SXM-80GB-packed-HBM-BF16-execute-x4,gpu,a100_packed_hbm_bf16_execute,8192,1,True,1,1,1953,11217572060.0,11217572060.0,28966912.0,50912.0,29539565568.0,0.0026167285575186034,0.0026167285575186034,382.1565661163885,382.1565661163885,4286868818612.742,11069895620.915607,19456355.09411757,4297958170588.752,0.0,0.0,0.0,11288738942036.785,1.883833501443478,1600.0,gpu_weight_memory_C3
DeepSeek-V4-Flash-0731,NVIDIA-A100-SXM-80GB-packed-HBM-BF16-execute-x8,gpu,a100_packed_hbm_bf16_execute,8192,1,True,1,1,6599,11217572060.0,11217572060.0,28966912.0,50912.0,29539565568.0,0.0018019631790217963,0.0018019631790217965,554.950296233497,554.950296233497,6225194937717.601,16075196395.36964,28253629.481839802,6241298387742.452,0.0,0.0,0.0,16392990662570.41,2.594536292467331,3200.0,gpu_weight_memory_C3
DeepSeek-V4-Flash-0731,NVIDIA-A100-SXM-80GB-packed-HBM-BF16-execute-x16,gpu,a100_packed_hbm_bf16_execute,8192,1,True,1,1,15889,11217572060.0,11217572060.0,28966912.0,50912.0,29539565568.0,0.001614391093436706,0.001614391093436706,619.4285907953109,619.4285907953109,6948484853270.653,17942933479.85178,31536348.414570868,6966459323098.92,0.0,0.0,0.0,18297651472491.93,4.648925495171716,6400.0,gpu_weight_memory_C3
DeepSeek-V4-Flash-0731,NVIDIA-A100-SXM-80GB-packed-HBM-BF16-execute-x32,gpu,a100_packed_hbm_bf16_execute,8192,1,True,1,1,34471,11217572060.0,11217572060.0,28966912.0,50912.0,29539565568.0,0.001633351212107918,0.0016333512121079182,612.2381962844672,612.2381962844672,6867826084705.436,17734649954.81089,31170271.049234796,6885591904931.296,0.0,0.0,0.0,18085250342379.074,9.407049039614671,12800.0,collective_floor_C6
DeepSeek-V4-Flash-0731,NVIDIA-A100-SXM-80GB-packed-HBM-BF16-execute-x64,gpu,a100_packed_hbm_bf16_execute,8192,1,True,1,1,71634,11217572060.0,11217572060.0,28966912.0,50912.0,29539565568.0,0.0018502104191696989,0.001850210419169699,540.4790664019503,540.4790664019503,6062862874285.402,15656009554.30745,27516870.22865609,6078546400709.938,0.0,0.0,0.0,15965516820111.836,21.312036281864167,25600.0,collective_floor_C6
DeepSeek-V4-Flash-0731,NVIDIA-A100-SXM-80GB-BF16-resident-x1,gpu,a100_bf16_expanded,8192,1,False,1,1,0,11217572060.0,26610834524.0,28966912.0,50912.0,29539565568.0,0.021317946897061194,,0.0,0.0,0.0,0.0,0.0,0.0,0.0,0.0,0.0,0.0,,400.0,capacity_C7_C8_C9
DeepSeek-V4-Flash-0731,NVIDIA-A100-SXM-80GB-BF16-resident-x2,gpu,a100_bf16_expanded,8192,1,False,1,1,0,11217572060.0,26610834524.0,28966912.0,50912.0,29539565568.0,0.010964200786631767,,0.0,0.0,0.0,0.0,0.0,0.0,0.0,0.0,0.0,0.0,,800.0,capacity_C7_C8_C9
DeepSeek-V4-Flash-0731,NVIDIA-A100-SXM-80GB-BF16-resident-x4,gpu,a100_bf16_expanded,8192,1,False,1,1,0,11217572060.0,26610834524.0,28966912.0,50912.0,29539565568.0,0.00628639690356028,,0.0,0.0,0.0,0.0,0.0,0.0,0.0,0.0,0.0,0.0,,1600.0,capacity_C7_C8_C9
DeepSeek-V4-Flash-0731,NVIDIA-A100-SXM-80GB-BF16-resident-x8,gpu,a100_bf16_expanded,8192,1,False,1,1,0,11217572060.0,26610834524.0,28966912.0,50912.0,29539565568.0,0.004290687715052093,,0.0,0.0,0.0,0.0,0.0,0.0,0.0,0.0,0.0,0.0,,3200.0,capacity_C7_C8_C9
DeepSeek-V4-Flash-0731,NVIDIA-A100-SXM-80GB-BF16-resident-x16,gpu,a100_bf16_expanded,8192,1,True,1,1,8767,11217572060.0,26610834524.0,28966912.0,50912.0,29539565568.0,0.003570095135973378,0.003570095135973378,280.10458038602167,280.10458038602167,7453816638066.878,8113764730.838816,14260684.396613136,7461944663482.113,0.0,0.0,0.0,8274167618210.014,10.280722165335629,6400.0,gpu_weight_memory_C3
DeepSeek-V4-Flash-0731,NVIDIA-A100-SXM-80GB-BF16-resident-x32,gpu,a100_bf16_expanded,8192,1,True,1,1,27348,11217572060.0,26610834524.0,28966912.0,50912.0,29539565568.0,0.0033362099318062274,0.0033362099318062274,299.7413293649057,299.7413293649057,7976366915733.288,8682580710.47624,15260430.56062608,7985064756874.325,0.0,0.0,0.0,8854228652214.115,19.214416472283563,12800.0,gpu_weight_memory_C3
DeepSeek-V4-Flash-0731,NVIDIA-A100-SXM-80GB-BF16-resident-x64,gpu,a100_bf16_expanded,8192,1,True,1,1,64511,11217572060.0,26610834524.0,28966912.0,50912.0,29539565568.0,0.0034299241682211935,0.0034299241682211935,291.5516352417243,291.5516352417243,7758432320619.132,8445350561.503126,14843476.853426667,7766892514657.488,0.0,0.0,0.0,8612308645680.534,39.5083000072914,25600.0,gpu_weight_memory_C3
DeepSeek-V4-Flash-0731,ROM-wafer-N7-HBM2e-conservative,rom,official_packed,8192,1,True,3,3,3708,11217572060.0,11217572060.0,28966912.0,50912.0,29539565568.0,0.0002454277072759768,0.0007371108018279305,4074.51958500972,1356.6481423418861,45706217054727.83,118026250261.25307,207441941.11201486,118233692202.36508,45706217054727.83,0.0,0.0,120359538439494.77,1.3932611119612228,45000.0,collective_floor_C6
DeepSeek-V4-Flash-0731,ROM-wafer-N7-HBM2e-central,rom,official_packed,8192,1,True,1,1,7432,11217572060.0,11217572060.0,28966912.0,50912.0,29539565568.0,9.832201730836948e-05,9.832201730836948e-05,10170.66194709653,10170.66194709653,114090133289455.25,294612669603.2939,517808741.0505786,295130478344.3445,114090133289455.25,0.0,0.0,300436935456220.5,0.2602355865291669,15000.0,collective_floor_C6
DeepSeek-V4-Flash-0731,ROM-wafer-N7-HBM2e-aggressive,rom,official_packed,8192,1,True,1,1,11148,11217572060.0,11217572060.0,28966912.0,50912.0,29539565568.0,2.4903652612371192e-05,2.4903652612371192e-05,40154.75221908765,40154.75221908765,450438826569060.56,1163159173912.1167,2044358744.9781904,1165203532657.095,450438826569060.56,0.0,0.0,1186153936042533.0,0.06591419523028204,15000.0,collective_floor_C6
DeepSeek-V4-Flash-0731,N7-SRAM-rich-Graphcore-style-derived-control,sram,official_packed,8192,1,True,5,5,187,11217572060.0,11217572060.0,28966912.0,50912.0,29539565568.0,2.263241031296362e-05,0.00011481741156481811,44184.423407488764,8709.480438299795,495641953503056.0,1279886304615.4673,2249517364.522068,0.0,0.0,495641953503056.0,1282135821979.9893,1305188672329788.2,0.1714462516903813,75000.0,collective_floor_C6
DeepSeek-V4-Flash-0731,NVIDIA-A100-SXM-80GB-packed-HBM-BF16-execute-x1,gpu,a100_packed_hbm_bf16_execute,8192,8,False,1,8,0,33202065409.85159,33202065409.85159,28966912.0,50912.0,29539565568.0,0.028860874456530225,,0.0,0.0,0.0,0.0,0.0,0.0,0.0,0.0,0.0,0.0,,400.0,capacity_C7_C8_C9
DeepSeek-V4-Flash-0731,NVIDIA-A100-SXM-80GB-packed-HBM-BF16-execute-x2,gpu,a100_packed_hbm_bf16_execute,8192,8,False,1,8,0,33202065409.85159,33202065409.85159,28966912.0,50912.0,29539565568.0,0.014699097181206851,,0.0,0.0,0.0,0.0,0.0,0.0,0.0,0.0,0.0,0.0,,800.0,capacity_C7_C8_C9
DeepSeek-V4-Flash-0731,NVIDIA-A100-SXM-80GB-packed-HBM-BF16-execute-x4,gpu,a100_packed_hbm_bf16_execute,8192,8,True,1,8,1953,33202065409.85159,33202065409.85159,28966912.0,50912.0,29539565568.0,0.007585072358899702,0.007585072358899701,1054.7031882449292,131.83789853061614,4377290530510.8936,30551494440.010296,53697048.719925836,4407895721999.624,0.0,0.0,0.0,31155473983939.73,0.6825800377494149,1600.0,gpu_weight_memory_C3
DeepSeek-V4-Flash-0731,NVIDIA-A100-SXM-80GB-packed-HBM-BF16-execute-x8,gpu,a100_packed_hbm_bf16_execute,8192,8,True,1,8,6599,33202065409.85159,33202065409.85159,28966912.0,50912.0,29539565568.0,0.004086575987160242,0.004086575987160242,1957.6290824238883,244.70363530298604,8124666105358.211,56706469359.213524,99666811.844365,8181472241529.269,0.0,0.0,0.0,57827512638084.125,0.7355012739750123,3200.0,gpu_weight_memory_C3
DeepSeek-V4-Flash-0731,NVIDIA-A100-SXM-80GB-packed-HBM-BF16-execute-x16,gpu,a100_packed_hbm_bf16_execute,8192,8,True,1,8,15889,33202065409.85159,33202065409.85159,28966912.0,50912.0,29539565568.0,0.0026787755148790435,0.0026787755148790435,2986.439123235464,373.304890404433,12394493389025.465,86507919276.11885,152045588.64216396,12481153353890.227,0.0,0.0,0.0,88218114295654.42,0.9642511530812015,6400.0,gpu_weight_memory_C3
DeepSeek-V4-Flash-0731,NVIDIA-A100-SXM-80GB-packed-HBM-BF16-execute-x32,gpu,a100_packed_hbm_bf16_execute,8192,8,True,1,8,34471,33202065409.85159,33202065409.85159,28966912.0,50912.0,29539565568.0,0.0022810071426065653,0.0022810071426065653,3507.2226871057474,438.4028358882184,14555879633025.059,101593410941.79572,178559721.4459278,14657651603688.3,0.0,0.0,0.0,103601834527337.38,1.6421411613090324,12800.0,collective_floor_C6
DeepSeek-V4-Flash-0731,NVIDIA-A100-SXM-80GB-packed-HBM-BF16-execute-x64,gpu,a100_packed_hbm_bf16_execute,8192,8,True,1,8,71634,33202065409.85159,33202065409.85159,28966912.0,50912.0,29539565568.0,0.0022773795472025354,0.0022773795472025354,3512.8092767088206,439.10115958860257,14579065422202.465,101755237191.20805,178844145.89579946,14680999503539.568,0.0,0.0,0.0,103766859957218.86,3.2790591704251035,25600.0,collective_floor_C6
DeepSeek-V4-Flash-0731,NVIDIA-A100-SXM-80GB-BF16-resident-x1,gpu,a100_bf16_expanded,8192,8,False,1,8,0,33202065409.85159,109375985958.73538,28966912.0,50912.0,29539565568.0,0.09742761119849126,,0.0,0.0,0.0,0.0,0.0,0.0,0.0,0.0,0.0,0.0,,400.0,capacity_C7_C8_C9
DeepSeek-V4-Flash-0731,NVIDIA-A100-SXM-80GB-BF16-resident-x2,gpu,a100_bf16_expanded,8192,8,False,1,8,0,33202065409.85159,109375985958.73538,28966912.0,50912.0,29539565568.0,0.04898246555218892,,0.0,0.0,0.0,0.0,0.0,0.0,0.0,0.0,0.0,0.0,,800.0,capacity_C7_C8_C9
DeepSeek-V4-Flash-0731,NVIDIA-A100-SXM-80GB-BF16-resident-x4,gpu,a100_bf16_expanded,8192,8,False,1,8,0,33202065409.85159,109375985958.73538,28966912.0,50912.0,29539565568.0,0.024726804432517815,,0.0,0.0,0.0,0.0,0.0,0.0,0.0,0.0,0.0,0.0,,1600.0,capacity_C7_C8_C9
DeepSeek-V4-Flash-0731,NVIDIA-A100-SXM-80GB-BF16-resident-x8,gpu,a100_bf16_expanded,8192,8,False,1,8,0,33202065409.85159,109375985958.73538,28966912.0,50912.0,29539565568.0,0.01267940795878107,,0.0,0.0,0.0,0.0,0.0,0.0,0.0,0.0,0.0,0.0,,3200.0,capacity_C7_C8_C9
DeepSeek-V4-Flash-0731,NVIDIA-A100-SXM-80GB-BF16-resident-x16,gpu,a100_bf16_expanded,8192,8,True,1,8,8767,33202065409.85159,109375985958.73538,28966912.0,50912.0,29539565568.0,0.007210444660266756,0.007210444660266755,1109.5016156332354,138.68770195415442,15169104141586.87,32138835663.905754,56486946.25511928,15201299464197.03,0.0,0.0,0.0,32774195722799.89,2.5954692878415195,6400.0,gpu_weight_memory_C3
DeepSeek-V4-Flash-0731,NVIDIA-A100-SXM-80GB-BF16-resident-x32,gpu,a100_bf16_expanded,8192,8,True,1,8,27348,33202065409.85159,109375985958.73538,28966912.0,50912.0,29539565568.0,0.005079782415468131,0.005079782415468131,1574.8706038352539,196.85882547940673,21531628131488.73,45619138192.68266,80179812.18246044,21577327449493.594,0.0,0.0,0.0,46520993463107.234,3.6570336142839706,12800.0,gpu_weight_memory_C3
DeepSeek-V4-Flash-0731,NVIDIA-A100-SXM-80GB-BF16-resident-x64,gpu,a100_bf16_expanded,8192,8,True,1,8,64511,33202065409.85159,109375985958.73538,28966912.0,50912.0,29539565568.0,0.004349900011119488,0.004349900011119488,1839.1227337524765,229.89034171905956,25144482787912.74,53273706385.80742,93633416.62080608,25197850127715.168,0.0,0.0,0.0,54326886581280.69,6.263154307947732,25600.0,gpu_weight_memory_C3
DeepSeek-V4-Flash-0731,ROM-wafer-N7-HBM2e-conservative,rom,official_packed,8192,8,True,3,24,3708,33202065409.85159,33202065409.85159,28966912.0,50912.0,29539565568.0,0.0004952360992636912,0.0014865359777910736,16153.911259486673,672.7048755899979,67042902282801.82,467928925909.3596,822427930.0429854,468751353839.4026,67042902282801.82,0.0,0.0,477179520829260.06,0.351423850021745,45000.0,compute_C5
DeepSeek-V4-Flash-0731,ROM-wafer-N7-HBM2e-central,rom,official_packed,8192,8,True,1,8,7432,33202065409.85159,33202065409.85159,28966912.0,50912.0,29539565568.0,0.0002724824235399076,0.0002724824235399076,29359.691887900153,3669.961485987519,121850301309393.75,850459611263.9176,1494760633.3967726,851954371897.3143,121850301309393.75,0.0,0.0,867272543578904.2,0.09014972593371601,15000.0,compute_C5
DeepSeek-V4-Flash-0731,ROM-wafer-N7-HBM2e-aggressive,rom,official_packed,8192,8,True,1,8,11148,33202065409.85159,33202065409.85159,28966912.0,50912.0,29539565568.0,8.530088943200423e-05,8.530088943200423e-05,93785.65749161417,11723.207186451771,389234691817813.94,2716680887421.7285,4774815394.21306,2721455702815.9414,389234691817813.94,0.0,0.0,2770387578811527.0,0.02822145995435608,15000.0,compute_C5
DeepSeek-V4-Flash-0731,N7-SRAM-rich-Graphcore-style-derived-control,sram,official_packed,8192,8,True,5,40,187,33202065409.85159,33202065409.85159,28966912.0,50912.0,29539565568.0,7.345827240269888e-05,0.00036894672201349444,108905.36543173697,2710.4184434613962,451985383318540.06,3154652136788.967,5544589964.860593,0.0,0.0,451985383318540.06,3160196726753.827,3217017182877794.5,0.06955813192751226,75000.0,compute_C5
DeepSeek-V4-Flash-0731,NVIDIA-A100-SXM-80GB-packed-HBM-BF16-execute-x1,gpu,a100_packed_hbm_bf16_execute,8192,32,False,1,32,0,86037911455.85335,86037911455.85335,28966912.0,50912.0,29539565568.0,0.07786595423946145,,0.0,0.0,0.0,0.0,0.0,0.0,0.0,0.0,0.0,0.0,,400.0,capacity_C7_C8_C9
DeepSeek-V4-Flash-0731,NVIDIA-A100-SXM-80GB-packed-HBM-BF16-execute-x2,gpu,a100_packed_hbm_bf16_execute,8192,32,False,1,32,0,86037911455.85335,86037911455.85335,28966912.0,50912.0,29539565568.0,0.03940055810796602,,0.0,0.0,0.0,0.0,0.0,0.0,0.0,0.0,0.0,0.0,,800.0,capacity_C7_C8_C9
DeepSeek-V4-Flash-0731,NVIDIA-A100-SXM-80GB-packed-HBM-BF16-execute-x4,gpu,a100_packed_hbm_bf16_execute,8192,32,True,1,32,1953,86037911455.85335,86037911455.85335,28966912.0,50912.0,29539565568.0,0.020035246018688894,0.020035246018688894,1597.1852788905298,49.91203996532906,4294327675117.995,46265525421.31744,81315896.91887465,4340674516436.2314,0.0,0.0,0.0,47180159270031.17,0.45074253535991615,1600.0,gpu_weight_memory_C3
DeepSeek-V4-Flash-0731,NVIDIA-A100-SXM-80GB-packed-HBM-BF16-execute-x8,gpu,a100_packed_hbm_bf16_execute,8192,32,True,1,32,6599,86037911455.85335,86037911455.85335,28966912.0,50912.0,29539565568.0,0.010403178323550574,0.010403178323550574,3075.983031797007,96.12446974365646,8270348616545.569,89101729795.5571,156604448.1148492,8359606950789.241,0.0,0.0,0.0,90863202453823.11,0.4680905808677827,3200.0,gpu_weight_memory_C3
DeepSeek-V4-Flash-0731,NVIDIA-A100-SXM-80GB-packed-HBM-BF16-execute-x16,gpu,a100_packed_hbm_bf16_execute,8192,32,True,1,32,15889,86037911455.85335,86037911455.85335,28966912.0,50912.0,29539565568.0,0.006075917530038381,0.006075917530038382,5266.694263343277,164.58419572947741,14160480459205.615,152559869257.16953,268137938.33533293,14313308466401.12,0.0,0.0,0.0,155575860518638.2,0.546771318819369,6400.0,gpu_weight_memory_C3
DeepSeek-V4-Flash-0731,NVIDIA-A100-SXM-80GB-packed-HBM-BF16-execute-x32,gpu,a100_packed_hbm_bf16_execute,8192,32,True,1,32,34471,86037911455.85335,86037911455.85335,28966912.0,50912.0,29539565568.0,0.004450710149419513,0.004450710149419513,7189.863847721834,224.6832452413073,19331277159685.383,208268153368.93976,366050348.215214,19539911363402.54,0.0,0.0,0.0,212385454554771.88,0.8010380806026133,12800.0,gpu_weight_memory_C3
DeepSeek-V4-Flash-0731,NVIDIA-A100-SXM-80GB-packed-HBM-BF16-execute-x64,gpu,a100_packed_hbm_bf16_execute,8192,32,True,1,32,71634,86037911455.85335,86037911455.85335,28966912.0,50912.0,29539565568.0,0.003675342314744752,0.003675342314744752,8706.671993958844,272.08349981121387,23409496065355.91,252205401461.87036,443274084.55643266,23662144740902.336,0.0,0.0,0.0,257191308244616.56,1.3229750105136306,25600.0,collective_floor_C6
DeepSeek-V4-Flash-0731,NVIDIA-A100-SXM-80GB-BF16-resident-x1,gpu,a100_bf16_expanded,8192,32,False,1,32,0,86037911455.85335,308287406367.21265,28966912.0,50912.0,29539565568.0,0.28049733049910885,,0.0,0.0,0.0,0.0,0.0,0.0,0.0,0.0,0.0,0.0,,400.0,capacity_C7_C8_C9
DeepSeek-V4-Flash-0731,NVIDIA-A100-SXM-80GB-BF16-resident-x2,gpu,a100_bf16_expanded,8192,32,False,1,32,0,86037911455.85335,308287406367.21265,28966912.0,50912.0,29539565568.0,0.14071624623778972,,0.0,0.0,0.0,0.0,0.0,0.0,0.0,0.0,0.0,0.0,,800.0,capacity_C7_C8_C9
DeepSeek-V4-Flash-0731,NVIDIA-A100-SXM-80GB-BF16-resident-x4,gpu,a100_bf16_expanded,8192,32,False,1,32,0,86037911455.85335,308287406367.21265,28966912.0,50912.0,29539565568.0,0.07069309008360074,,0.0,0.0,0.0,0.0,0.0,0.0,0.0,0.0,0.0,0.0,,1600.0,capacity_C7_C8_C9
DeepSeek-V4-Flash-0731,NVIDIA-A100-SXM-80GB-BF16-resident-x8,gpu,a100_bf16_expanded,8192,32,False,1,32,0,86037911455.85335,308287406367.21265,28966912.0,50912.0,29539565568.0,0.03573210067175285,,0.0,0.0,0.0,0.0,0.0,0.0,0.0,0.0,0.0,0.0,,3200.0,capacity_C7_C8_C9
DeepSeek-V4-Flash-0731,NVIDIA-A100-SXM-80GB-BF16-resident-x16,gpu,a100_bf16_expanded,8192,32,True,1,32,8767,86037911455.85335,308287406367.21265,28966912.0,50912.0,29539565568.0,0.018742274554112575,0.018742274554112575,1707.3701437682926,53.35531699275914,16448772291598.186,49457240705.96348,86925628.7595313,16498316457932.908,0.0,0.0,0.0,50434972310689.06,1.6866157456818047,6400.0,gpu_weight_memory_C3
DeepSeek-V4-Flash-0731,NVIDIA-A100-SXM-80GB-BF16-resident-x32,gpu,a100_bf16_expanded,8192,32,True,1,32,27348,86037911455.85335,308287406367.21265,28966912.0,50912.0,29539565568.0,0.010866379147739852,0.010866379147739852,2944.8631936108936,92.02697480034043,28370757377017.785,85303592981.36572,149928874.91311783,28456210898874.062,0.0,0.0,0.0,86989979396458.88,1.955729131617584,12800.0,gpu_weight_memory_C3
DeepSeek-V4-Flash-0731,NVIDIA-A100-SXM-80GB-BF16-resident-x64,gpu,a100_bf16_expanded,8192,32,True,1,32,64511,86037911455.85335,308287406367.21265,28966912.0,50912.0,29539565568.0,0.007253309112825203,0.007253309112825203,4411.779437804193,137.86810743138102,42503001260776.69,127795626738.28352,224612514.73748705,42631021500029.71,0.0,0.0,0.0,130322047974571.12,2.610898762083053,25600.0,gpu_weight_memory_C3
DeepSeek-V4-Flash-0731,ROM-wafer-N7-HBM2e-conservative,rom,official_packed,8192,32,True,3,96,3708,86037911455.85335,86037911455.85335,28966912.0,50912.0,29539565568.0,0.0013871181775425695,0.004162182212627708,23069.411473427215,240.25858285734938,62026374427793.06,668249612042.5565,1174509876.9351263,669424121919.4917,62026374427793.06,0.0,0.0,681460392834474.8,0.24607778548045728,45000.0,compute_C5
DeepSeek-V4-Flash-0731,ROM-wafer-N7-HBM2e-central,rom,official_packed,8192,32,True,1,32,7432,86037911455.85335,86037911455.85335,28966912.0,50912.0,29539565568.0,0.000869621052184322,0.0008696210521843221,36797.637223273414,1149.9261632272942,98937245412519.11,1065913919254.4854,1873441306.311296,1067787360560.7966,98937245412519.11,0.0,0.0,1086986217504362.5,0.0719276664730675,15000.0,compute_C5
DeepSeek-V4-Flash-0731,ROM-wafer-N7-HBM2e-aggressive,rom,official_packed,8192,32,True,1,32,11148,86037911455.85335,86037911455.85335,28966912.0,50912.0,29539565568.0,0.00029237712995646033,0.00029237712995646033,109447.68492927376,3420.240154039805,294270319531030.94,3170361457949.999,5572200535.119185,3175933658485.118,294270319531030.94,0.0,0.0,3233037065234087.5,0.024182952603364005,15000.0,compute_C5
DeepSeek-V4-Flash-0731,N7-SRAM-rich-Graphcore-style-derived-control,sram,official_packed,8192,32,True,5,160,187,86037911455.85335,86037911455.85335,28966912.0,50912.0,29539565568.0,0.00024772197849968445,0.0012402652524984223,129177.0725948758,806.2791390676907,347316422938883.25,3741860894273.379,6576663119.950317,0.0,0.0,347316422938883.25,3748437557393.329,3815834605798629.5,0.058642401659558814,75000.0,compute_C5
DeepSeek-V4-Flash-0731,NVIDIA-A100-SXM-80GB-packed-HBM-BF16-execute-x1,gpu,a100_packed_hbm_bf16_execute,8192,64,False,1,64,0,122681219131.22423,122681219131.22423,28966912.0,50912.0,29539565568.0,0.11218111759956631,,0.0,0.0,0.0,0.0,0.0,0.0,0.0,0.0,0.0,0.0,,400.0,capacity_C7_C8_C9
DeepSeek-V4-Flash-0731,NVIDIA-A100-SXM-80GB-packed-HBM-BF16-execute-x2,gpu,a100_packed_hbm_bf16_execute,8192,64,False,1,64,0,122681219131.22423,122681219131.22423,28966912.0,50912.0,29539565568.0,0.05682336783507727,,0.0,0.0,0.0,0.0,0.0,0.0,0.0,0.0,0.0,0.0,,800.0,capacity_C7_C8_C9
DeepSeek-V4-Flash-0731,NVIDIA-A100-SXM-80GB-packed-HBM-BF16-execute-x4,gpu,a100_packed_hbm_bf16_execute,8192,64,True,1,64,1953,122681219131.22423,122681219131.22423,28966912.0,50912.0,29539565568.0,0.02887926490577393,0.02887926490577393,2216.122889859439,34.626920154053735,4248072779258.8706,64194236731.744064,112827248.56852376,4312379843239.183,0.0,0.0,0.0,65463307411748.54,0.32485533421493346,1600.0,gpu_weight_memory_C3
DeepSeek-V4-Flash-0731,NVIDIA-A100-SXM-80GB-packed-HBM-BF16-execute-x8,gpu,a100_packed_hbm_bf16_execute,8192,64,True,1,64,6599,122681219131.22423,122681219131.22423,28966912.0,50912.0,29539565568.0,0.014957801676450107,0.01495780167645011,4278.703607948152,66.85474387418988,8201821483191.359,123940830885.51663,217837358.08785632,8325980151434.964,0.0,0.0,0.0,126391045773022.61,0.336512835667946,3200.0,gpu_weight_memory_C3
DeepSeek-V4-Flash-0731,NVIDIA-A100-SXM-80GB-packed-HBM-BF16-execute-x16,gpu,a100_packed_hbm_bf16_execute,8192,64,True,1,64,15889,122681219131.22423,122681219131.22423,28966912.0,50912.0,29539565568.0,0.008783555506343589,0.008783555506343589,7286.343207346778,113.84911261479341,13967147932590.895,211062862489.01187,370962305.3724392,14178581757385.28,0.0,0.0,0.0,215235412924371.6,0.3952157188098203,6400.0,gpu_weight_memory_C3
DeepSeek-V4-Flash-0731,NVIDIA-A100-SXM-80GB-packed-HBM-BF16-execute-x32,gpu,a100_packed_hbm_bf16_execute,8192,64,True,1,64,34471,122681219131.22423,122681219131.22423,28966912.0,50912.0,29539565568.0,0.006625887036941667,0.006625887036941666,9659.084080844925,150.92318876320195,18515440792641.496,279793838570.4358,491763288.7239768,18795726394500.656,0.0,0.0,0.0,285325147532943.7,0.5962630295138107,12800.0,gpu_weight_memory_C3
DeepSeek-V4-Flash-0731,NVIDIA-A100-SXM-80GB-packed-HBM-BF16-execute-x64,gpu,a100_packed_hbm_bf16_execute,8192,64,True,1,64,71634,122681219131.22423,122681219131.22423,28966912.0,50912.0,29539565568.0,0.005263704436367872,0.005263704436367872,12158.73740132759,189.98027189574358,23307011367051.277,352201076335.365,619025638.5763903,23659831469025.22,0.0,0.0,0.0,359163820690610.25,0.9473606586395006,25600.0,collective_floor_C6
DeepSeek-V4-Flash-0731,NVIDIA-A100-SXM-80GB-BF16-resident-x1,gpu,a100_bf16_expanded,8192,64,False,1,64,0,122681219131.22423,446238682321.55005,28966912.0,50912.0,29539565568.0,0.40779050409031903,,0.0,0.0,0.0,0.0,0.0,0.0,0.0,0.0,0.0,0.0,,400.0,capacity_C7_C8_C9
DeepSeek-V4-Flash-0731,NVIDIA-A100-SXM-80GB-BF16-resident-x2,gpu,a100_bf16_expanded,8192,64,False,1,64,0,122681219131.22423,446238682321.55005,28966912.0,50912.0,29539565568.0,0.20462806108045364,,0.0,0.0,0.0,0.0,0.0,0.0,0.0,0.0,0.0,0.0,,800.0,capacity_C7_C8_C9
DeepSeek-V4-Flash-0731,NVIDIA-A100-SXM-80GB-BF16-resident-x4,gpu,a100_bf16_expanded,8192,64,False,1,64,0,122681219131.22423,446238682321.55005,28966912.0,50912.0,29539565568.0,0.10278161152846212,,0.0,0.0,0.0,0.0,0.0,0.0,0.0,0.0,0.0,0.0,,1600.0,capacity_C7_C8_C9
DeepSeek-V4-Flash-0731,NVIDIA-A100-SXM-80GB-BF16-resident-x8,gpu,a100_bf16_expanded,8192,64,False,1,64,0,122681219131.22423,446238682321.55005,28966912.0,50912.0,29539565568.0,0.051908974987887456,,0.0,0.0,0.0,0.0,0.0,0.0,0.0,0.0,0.0,0.0,,3200.0,capacity_C7_C8_C9
DeepSeek-V4-Flash-0731,NVIDIA-A100-SXM-80GB-BF16-resident-x16,gpu,a100_bf16_expanded,8192,64,True,1,64,8767,122681219131.22423,446238682321.55005,28966912.0,50912.0,29539565568.0,0.0272591876590405,0.0272591876590405,2347.8322538630173,36.684878966609645,16370212051185.434,68009450288.41168,119532835.70867394,16438341034309.555,0.0,0.0,0.0,69353944805651.82,1.226526027763916,6400.0,gpu_weight_memory_C3
DeepSeek-V4-Flash-0731,NVIDIA-A100-SXM-80GB-BF16-resident-x32,gpu,a100_bf16_expanded,8192,64,True,1,64,27348,122681219131.22423,446238682321.55005,28966912.0,50912.0,29539565568.0,0.015879684450771533,0.015879684450771533,4030.306785906598,62.9735435297906,28101231085852.53,116745542000.35927,205190979.08407673,28218181818831.973,0.0,0.0,0.0,119053511561443.3,1.429011497713487,12800.0,gpu_weight_memory_C3
DeepSeek-V4-Flash-0731,NVIDIA-A100-SXM-80GB-BF16-resident-x64,gpu,a100_bf16_expanded,8192,64,True,1,64,64511,122681219131.22423,446238682321.55005,28966912.0,50912.0,29539565568.0,0.010087012598645206,0.010087012598645206,6344.792313295602,99.13737989524378,44238933773264.516,183789040597.51013,323026066.2545057,44423045839928.28,0.0,0.0,0.0,187422408553937.84,1.815458868308237,25600.0,gpu_weight_memory_C3
DeepSeek-V4-Flash-0731,ROM-wafer-N7-HBM2e-conservative,rom,official_packed,8192,64,True,3,192,3708,122681219131.22423,122681219131.22423,28966912.0,50912.0,29539565568.0,0.0025763476355729438,0.007729870586718831,24841.368112097687,129.36827192400372,47618270701244.73,719577724062.7399,1264723733.3231175,720842447796.063,47618270701244.73,0.0,0.0,733803222146134.0,0.22852484058451675,45000.0,compute_C5
DeepSeek-V4-Flash-0731,ROM-wafer-N7-HBM2e-central,rom,official_packed,8192,64,True,1,64,7432,122681219131.22423,122681219131.22423,28966912.0,50912.0,29539565568.0,0.001665765673392213,0.0016657656733922127,38420.770113282844,600.3245330200444,73648545585281.92,1112931066843.694,1956078248.007456,1114887145091.7017,73648545585281.92,0.0,0.0,1134932857934373.2,0.06888899335928467,15000.0,compute_C5
DeepSeek-V4-Flash-0731,ROM-wafer-N7-HBM2e-aggressive,rom,official_packed,8192,64,True,1,64,11148,122681219131.22423,122681219131.22423,28966912.0,50912.0,29539565568.0,0.0005684787839890685,0.0005684787839890685,112581.15835195474,1759.0805992492928,215806152465987.75,3261128506839.138,5731731934.01472,3266860238773.153,215806152465987.75,0.0,0.0,3325598508858958.0,0.02350986804486533,15000.0,compute_C5
DeepSeek-V4-Flash-0731,N7-SRAM-rich-Graphcore-style-derived-control,sram,official_packed,8192,64,True,5,320,187,122681219131.22423,122681219131.22423,28966912.0,50912.0,29539565568.0,0.000480065169120581,0.002401981205602905,133315.23325726786,416.32299106561777,255551177261955.47,3861730630022.7515,6787345155.594021,0.0,0.0,255551177261955.47,3868517975178.3457,3938074074016278.0,0.056822116957153654,75000.0,compute_C5
DeepSeek-V4-Flash-0731,NVIDIA-A100-SXM-80GB-packed-HBM-BF16-execute-x1,gpu,a100_packed_hbm_bf16_execute,32768,1,False,1,1,0,11217572060.0,11217572060.0,65929216.0,50912.0,32156811264.0,0.008561492054609304,,0.0,0.0,0.0,0.0,0.0,0.0,0.0,0.0,0.0,0.0,,400.0,capacity_C7_C8_C9
DeepSeek-V4-Flash-0731,NVIDIA-A100-SXM-80GB-packed-HBM-BF16-execute-x2,gpu,a100_packed_hbm_bf16_execute,32768,1,False,1,1,0,11217572060.0,11217572060.0,65929216.0,50912.0,32156811264.0,0.004516511756634835,,0.0,0.0,0.0,0.0,0.0,0.0,0.0,0.0,0.0,0.0,,800.0,capacity_C7_C8_C9
DeepSeek-V4-Flash-0731,NVIDIA-A100-SXM-80GB-packed-HBM-BF16-execute-x4,gpu,a100_packed_hbm_bf16_execute,32768,1,True,1,1,524,11217572060.0,11217572060.0,65929216.0,50912.0,32156811264.0,0.00262354346826285,0.00262354346826285,381.1638770605691,381.1638770605691,4275733257595.915,25129835582.123707,19405815.308907695,4300882498993.3477,0.0,0.0,0.0,12257014855291.22,1.8887396875025828,1600.0,gpu_weight_memory_C3
DeepSeek-V4-Flash-0731,NVIDIA-A100-SXM-80GB-packed-HBM-BF16-execute-x8,gpu,a100_packed_hbm_bf16_execute,32768,1,True,1,1,1770,11217572060.0,11217572060.0,65929216.0,50912.0,32156811264.0,0.0018053706343939195,0.0018053706343939197,553.9028834019501,553.9028834019501,6213445508803.154,36518382842.82999,28200303.599760085,6249992091949.584,0.0,0.0,0.0,17811750480141.91,2.599442478526435,3200.0,gpu_weight_memory_C3
DeepSeek-V4-Flash-0731,NVIDIA-A100-SXM-80GB-packed-HBM-BF16-execute-x16,gpu,a100_packed_hbm_bf16_execute,32768,1,True,1,1,4263,11217572060.0,11217572060.0,65929216.0,50912.0,32156811264.0,0.0016160948211227676,0.0016160948211227676,618.7755736419344,618.7755736419344,6941159586296.236,40795388450.163,31503102.005258165,6981986477848.404,0.0,0.0,0.0,19897849336377.02,4.65383168123082,6400.0,gpu_weight_memory_C3
DeepSeek-V4-Flash-0731,NVIDIA-A100-SXM-80GB-packed-HBM-BF16-execute-x32,gpu,a100_packed_hbm_bf16_execute,32768,1,True,1,1,9248,11217572060.0,11217572060.0,65929216.0,50912.0,32156811264.0,0.0016342030759509487,0.0016342030759509487,611.9190538287883,611.9190538287883,6864246081211.451,40343343474.39381,31154022.868531268,6904620578708.714,0.0,0.0,0.0,19677365522817.8,9.411955225673777,12800.0,collective_floor_C6
DeepSeek-V4-Flash-0731,NVIDIA-A100-SXM-80GB-packed-HBM-BF16-execute-x64,gpu,a100_packed_hbm_bf16_execute,32768,1,True,1,1,19218,11217572060.0,11217572060.0,65929216.0,50912.0,32156811264.0,0.0018506363510912144,0.0018506363510912142,540.3546728185455,540.3546728185455,6061467480299.757,35625159940.86321,27510537.10253779,6097120150777.723,0.0,0.0,0.0,17376083229446.44,21.316942467923262,25600.0,collective_floor_C6
DeepSeek-V4-Flash-0731,NVIDIA-A100-SXM-80GB-BF16-resident-x1,gpu,a100_bf16_expanded,32768,1,False,1,1,0,11217572060.0,26610834524.0,65929216.0,50912.0,32156811264.0,0.02134520654003818,,0.0,0.0,0.0,0.0,0.0,0.0,0.0,0.0,0.0,0.0,,400.0,capacity_C7_C8_C9
DeepSeek-V4-Flash-0731,NVIDIA-A100-SXM-80GB-BF16-resident-x2,gpu,a100_bf16_expanded,32768,1,False,1,1,0,11217572060.0,26610834524.0,65929216.0,50912.0,32156811264.0,0.01097783060812026,,0.0,0.0,0.0,0.0,0.0,0.0,0.0,0.0,0.0,0.0,,800.0,capacity_C7_C8_C9
DeepSeek-V4-Flash-0731,NVIDIA-A100-SXM-80GB-BF16-resident-x4,gpu,a100_bf16_expanded,32768,1,False,1,1,0,11217572060.0,26610834524.0,65929216.0,50912.0,32156811264.0,0.0062932118143045265,,0.0,0.0,0.0,0.0,0.0,0.0,0.0,0.0,0.0,0.0,,1600.0,capacity_C7_C8_C9
DeepSeek-V4-Flash-0731,NVIDIA-A100-SXM-80GB-BF16-resident-x8,gpu,a100_bf16_expanded,32768,1,False,1,1,0,11217572060.0,26610834524.0,65929216.0,50912.0,32156811264.0,0.004294095170424216,,0.0,0.0,0.0,0.0,0.0,0.0,0.0,0.0,0.0,0.0,,3200.0,capacity_C7_C8_C9
DeepSeek-V4-Flash-0731,NVIDIA-A100-SXM-80GB-BF16-resident-x16,gpu,a100_bf16_expanded,32768,1,True,1,1,2352,11217572060.0,26610834524.0,65929216.0,50912.0,32156811264.0,0.00357179886365944,0.0035717988636594397,279.9709720987657,279.9709720987657,7450261210043.674,18458266693.229496,14253882.131492358,7468733730619.035,0.0,0.0,0.0,9002973709178.617,10.285628351394735,6400.0,gpu_weight_memory_C3
DeepSeek-V4-Flash-0731,NVIDIA-A100-SXM-80GB-BF16-resident-x32,gpu,a100_bf16_expanded,32768,1,True,1,1,7337,11217572060.0,26610834524.0,65929216.0,50912.0,32156811264.0,0.003337061795649258,0.003337061795649258,299.66481331084856,299.66481331084856,7974330759680.344,19756666204.37061,15256534.975281922,7994102682419.689,0.0,0.0,0.0,9636264844098.752,19.219322658342666,12800.0,gpu_weight_memory_C3
DeepSeek-V4-Flash-0731,NVIDIA-A100-SXM-80GB-BF16-resident-x64,gpu,a100_bf16_expanded,32768,1,True,1,1,17308,11217572060.0,26610834524.0,65929216.0,50912.0,32156811264.0,0.0034303501001427088,0.0034303501001427083,291.5154345203419,291.5154345203419,7757468989212.774,19219384049.825478,14841633.802299647,7776703214896.402,0.0,0.0,0.0,9374206808413.584,39.5132061933505,25600.0,gpu_weight_memory_C3
DeepSeek-V4-Flash-0731,ROM-wafer-N7-HBM2e-conservative,rom,official_packed,32768,1,True,3,3,996,11217572060.0,11217572060.0,65929216.0,50912.0,32156811264.0,0.0002468226229207523,0.0007412955487622569,4051.4924773369394,1348.9896191467797,45447908815075.03,267111722660.72217,206269585.00617826,267317992245.72833,45447908815075.03,0.0,0.0,130283078931239.75,1.401179866301973,45000.0,collective_floor_C6
DeepSeek-V4-Flash-0731,ROM-wafer-N7-HBM2e-central,rom,official_packed,32768,1,True,1,1,1994,11217572060.0,11217572060.0,65929216.0,50912.0,32156811264.0,9.935618191669064e-05,9.935618191669064e-05,10064.79899598489,10064.79899598489,112902608006876.14,663564307002.8708,512419046.4835827,664076726049.3545,112902608006876.14,0.0,0.0,323651841723982.75,0.2629727805044501,15000.0,collective_floor_C6
DeepSeek-V4-Flash-0731,ROM-wafer-N7-HBM2e-aggressive,rom,official_packed,32768,1,True,1,1,2991,11217572060.0,11217572060.0,65929216.0,50912.0,32156811264.0,2.528892070253723e-05,2.528892070253723e-05,39543.00825102711,39543.00825102711,443576544525071.2,2607039532271.7485,2013213636.0762923,2609052745907.8247,443576544525071.2,0.0,0.0,1271577053139073.5,0.06693391055102126,15000.0,collective_floor_C6
DeepSeek-V4-Flash-0731,N7-SRAM-rich-Graphcore-style-derived-control,sram,official_packed,32768,1,True,5,5,49,11217572060.0,11217572060.0,65929216.0,50912.0,32156811264.0,2.290445096424292e-05,0.00011617761482121459,43659.636354573224,8607.510160532192,489755116920820.9,2878445595702.111,2222799406.084032,0.0,0.0,489755116920820.9,2880668395108.195,1403954686108884.2,0.17350702866129591,75000.0,collective_floor_C6
DeepSeek-V4-Flash-0731,NVIDIA-A100-SXM-80GB-packed-HBM-BF16-execute-x1,gpu,a100_packed_hbm_bf16_execute,32768,8,False,1,8,0,33202065409.85159,33202065409.85159,65929216.0,50912.0,32156811264.0,0.029078951600346115,,0.0,0.0,0.0,0.0,0.0,0.0,0.0,0.0,0.0,0.0,,400.0,capacity_C7_C8_C9
DeepSeek-V4-Flash-0731,NVIDIA-A100-SXM-80GB-packed-HBM-BF16-execute-x2,gpu,a100_packed_hbm_bf16_execute,32768,8,False,1,8,0,33202065409.85159,33202065409.85159,65929216.0,50912.0,32156811264.0,0.014808135753114796,,0.0,0.0,0.0,0.0,0.0,0.0,0.0,0.0,0.0,0.0,,800.0,capacity_C7_C8_C9
DeepSeek-V4-Flash-0731,NVIDIA-A100-SXM-80GB-packed-HBM-BF16-execute-x4,gpu,a100_packed_hbm_bf16_execute,32768,8,True,1,8,524,33202065409.85159,33202065409.85159,65929216.0,50912.0,32156811264.0,0.007639591644853675,0.007639591644853674,1047.176390035076,130.8970487543845,4346052374699.607,69039518408.72278,53313844.3694658,4415145206952.699,0.0,0.0,0.0,33673853534474.793,0.6874862238085199,1600.0,gpu_weight_memory_C3
DeepSeek-V4-Flash-0731,NVIDIA-A100-SXM-80GB-packed-HBM-BF16-execute-x8,gpu,a100_packed_hbm_bf16_execute,32768,8,True,1,8,1770,33202065409.85159,33202065409.85159,65929216.0,50912.0,32156811264.0,0.004113835630137228,0.004113835630137228,1944.657181097228,243.0821476371535,8070829365815.972,128209723338.51025,99006386.40402207,8199138095540.886,0.0,0.0,0.0,62533973945725.83,0.740407460034117,3200.0,gpu_weight_memory_C3
DeepSeek-V4-Flash-0731,NVIDIA-A100-SXM-80GB-packed-HBM-BF16-execute-x16,gpu,a100_packed_hbm_bf16_execute,32768,8,True,1,8,4263,33202065409.85159,33202065409.85159,65929216.0,50912.0,32156811264.0,0.0026924053363675364,0.0026924053363675364,2971.3208081786133,371.41510102232667,12331748478349.926,195896851367.70236,151275884.98598957,12527796605602.613,0.0,0.0,0.0,95548202433395.61,0.969157339140306,6400.0,gpu_weight_memory_C3
DeepSeek-V4-Flash-0731,NVIDIA-A100-SXM-80GB-packed-HBM-BF16-execute-x32,gpu,a100_packed_hbm_bf16_execute,32768,8,True,1,8,9248,33202065409.85159,33202065409.85159,65929216.0,50912.0,32156811264.0,0.0022878220533508117,0.0022878220533508117,3496.775454316022,437.0969317895028,14512520919720.51,230539664231.09915,178027831.93013734,14743238611783.54,0.0,0.0,0.0,112445148317028.19,1.647047347368137,12800.0,collective_floor_C6
DeepSeek-V4-Flash-0731,NVIDIA-A100-SXM-80GB-packed-HBM-BF16-execute-x64,gpu,a100_packed_hbm_bf16_execute,32768,8,True,1,8,19218,33202065409.85159,33202065409.85159,65929216.0,50912.0,32156811264.0,0.0022807870025746586,0.0022807870025746586,3507.561201887431,438.44515023592885,14557284556765.516,231250760112.45602,178576955.91049287,14788713893833.883,0.0,0.0,0.0,112791983566023.11,3.2839653564842086,25600.0,collective_floor_C6
DeepSeek-V4-Flash-0731,NVIDIA-A100-SXM-80GB-BF16-resident-x1,gpu,a100_bf16_expanded,32768,8,False,1,8,0,33202065409.85159,109375985958.73538,65929216.0,50912.0,32156811264.0,0.09764568834230715,,0.0,0.0,0.0,0.0,0.0,0.0,0.0,0.0,0.0,0.0,,400.0,capacity_C7_C8_C9
DeepSeek-V4-Flash-0731,NVIDIA-A100-SXM-80GB-BF16-resident-x2,gpu,a100_bf16_expanded,32768,8,False,1,8,0,33202065409.85159,109375985958.73538,65929216.0,50912.0,32156811264.0,0.049091504124096866,,0.0,0.0,0.0,0.0,0.0,0.0,0.0,0.0,0.0,0.0,,800.0,capacity_C7_C8_C9
DeepSeek-V4-Flash-0731,NVIDIA-A100-SXM-80GB-BF16-resident-x4,gpu,a100_bf16_expanded,32768,8,False,1,8,0,33202065409.85159,109375985958.73538,65929216.0,50912.0,32156811264.0,0.024781323718471786,,0.0,0.0,0.0,0.0,0.0,0.0,0.0,0.0,0.0,0.0,,1600.0,capacity_C7_C8_C9
DeepSeek-V4-Flash-0731,NVIDIA-A100-SXM-80GB-BF16-resident-x8,gpu,a100_bf16_expanded,32768,8,False,1,8,0,33202065409.85159,109375985958.73538,65929216.0,50912.0,32156811264.0,0.012706667601758056,,0.0,0.0,0.0,0.0,0.0,0.0,0.0,0.0,0.0,0.0,,3200.0,capacity_C7_C8_C9
DeepSeek-V4-Flash-0731,NVIDIA-A100-SXM-80GB-BF16-resident-x16,gpu,a100_bf16_expanded,32768,8,True,1,8,2352,33202065409.85159,109375985958.73538,65929216.0,50912.0,32156811264.0,0.007224074481755249,0.00722407448175525,1107.4082943364424,138.4260367920553,15140484256491.229,73010560637.49889,56380371.081256956,15213551197499.809,0.0,0.0,0.0,35610719513165.14,2.600375473900624,6400.0,gpu_weight_memory_C3
DeepSeek-V4-Flash-0731,NVIDIA-A100-SXM-80GB-BF16-resident-x32,gpu,a100_bf16_expanded,32768,8,True,1,8,7337,33202065409.85159,109375985958.73538,65929216.0,50912.0,32156811264.0,0.005086597326212377,0.005086597326212377,1572.760626986179,196.59507837327237,21502780531711.52,103690875092.86722,80072389.04112035,21606551479193.43,0.0,0.0,0.0,50574966645444.86,3.661939800343075,12800.0,gpu_weight_memory_C3
DeepSeek-V4-Flash-0731,NVIDIA-A100-SXM-80GB-BF16-resident-x64,gpu,a100_bf16_expanded,32768,8,True,1,8,17308,33202065409.85159,109375985958.73538,65929216.0,50912.0,32156811264.0,0.004353307466491611,0.004353307466491611,1837.6832010093024,229.7104001261628,25124801498774.668,121157012698.91371,93560127.1297856,25246052071600.71,0.0,0.0,0.0,59094031857879.51,6.268060494006837,25600.0,gpu_weight_memory_C3
DeepSeek-V4-Flash-0731,ROM-wafer-N7-HBM2e-conservative,rom,official_packed,32768,8,True,3,24,996,33202065409.85159,33202065409.85159,65929216.0,50912.0,32156811264.0,0.0005070004480750509,0.0015218290242251526,15779.078756979257,657.1040399950023,65487250624553.125,1040302291649.897,803344457.6753279,1041105636107.5723,65487250624553.125,0.0,0.0,507404857507973.7,0.3597719344171142,45000.0,compute_C5
DeepSeek-V4-Flash-0731,ROM-wafer-N7-HBM2e-central,rom,official_packed,32768,8,True,1,8,1994,33202065409.85159,33202065409.85159,65929216.0,50912.0,32156811264.0,0.0002807557404064769,0.0002807557404064769,28494.519785838165,3561.8149732297707,118259613718963.64,1878621349776.798,1450712991.3365927,1880072062768.1348,118259613718963.64,0.0,0.0,916292894811511.6,0.09288691990899925,15000.0,compute_C5
DeepSeek-V4-Flash-0731,ROM-wafer-N7-HBM2e-aggressive,rom,official_packed,32768,8,True,1,8,2991,33202065409.85159,33202065409.85159,65929216.0,50912.0,32156811264.0,8.838303415333253e-05,8.838303415333253e-05,90515.10933785199,11314.388667231498,375661072601903.75,5967590194798.86,4608305246.608721,5972198500045.469,375661072601903.75,0.0,0.0,2910677287517630.5,0.02924117527509529,15000.0,compute_C5
DeepSeek-V4-Flash-0731,N7-SRAM-rich-Graphcore-style-derived-control,sram,official_packed,32768,8,True,5,40,49,33202065409.85159,33202065409.85159,65929216.0,50912.0,32156811264.0,7.563459761293326e-05,0.0003798283480646663,105771.7004186458,2632.768209890823,438979864476388.06,6973445283588.189,5385048811.714095,0.0,0.0,438979864476388.06,6978830332399.903,3401280607434743.0,0.07161890889842688,75000.0,compute_C5
DeepSeek-V4-Flash-0731,NVIDIA-A100-SXM-80GB-packed-HBM-BF16-execute-x1,gpu,a100_packed_hbm_bf16_execute,32768,32,False,1,32,0,86037911455.85335,86037911455.85335,65929216.0,50912.0,32156811264.0,0.07873826281472501,,0.0,0.0,0.0,0.0,0.0,0.0,0.0,0.0,0.0,0.0,,400.0,capacity_C7_C8_C9
DeepSeek-V4-Flash-0731,NVIDIA-A100-SXM-80GB-packed-HBM-BF16-execute-x2,gpu,a100_packed_hbm_bf16_execute,32768,32,False,1,32,0,86037911455.85335,86037911455.85335,65929216.0,50912.0,32156811264.0,0.0398367123955978,,0.0,0.0,0.0,0.0,0.0,0.0,0.0,0.0,0.0,0.0,,800.0,capacity_C7_C8_C9
DeepSeek-V4-Flash-0731,NVIDIA-A100-SXM-80GB-packed-HBM-BF16-execute-x4,gpu,a100_packed_hbm_bf16_execute,32768,32,True,1,32,524,86037911455.85335,86037911455.85335,65929216.0,50912.0,32156811264.0,0.020253323162504784,0.020253323162504784,1579.9876268819912,49.374613340062226,4248088610719.2695,104167345530.03021,80440330.05981594,4352336396579.3594,0.0,0.0,0.0,50807363917099.445,0.4556487214190208,1600.0,gpu_weight_memory_C3
DeepSeek-V4-Flash-0731,NVIDIA-A100-SXM-80GB-packed-HBM-BF16-execute-x8,gpu,a100_packed_hbm_bf16_execute,32768,32,True,1,32,1770,86037911455.85335,86037911455.85335,65929216.0,50912.0,32156811264.0,0.010512216895458521,0.010512216895458521,3044.0772216015266,95.1274131750477,8184563951779.132,200693624663.6469,154980059.50617692,8385412556502.285,0.0,0.0,0.0,97887816688081.8,0.4729967669268874,3200.0,gpu_weight_memory_C3
DeepSeek-V4-Flash-0731,NVIDIA-A100-SXM-80GB-packed-HBM-BF16-execute-x16,gpu,a100_packed_hbm_bf16_execute,32768,32,True,1,32,4263,86037911455.85335,86037911455.85335,65929216.0,50912.0,32156811264.0,0.006130436815992354,0.006130436815992354,5219.856424671438,163.12051327098243,14034548277442.137,344141041711.15094,265753330.29287225,14378955072483.58,0.0,0.0,0.0,167853937873337.25,0.5516775048784736,6400.0,gpu_weight_memory_C3
DeepSeek-V4-Flash-0731,NVIDIA-A100-SXM-80GB-packed-HBM-BF16-execute-x32,gpu,a100_packed_hbm_bf16_execute,32768,32,True,1,32,9248,86037911455.85335,86037911455.85335,65929216.0,50912.0,32156811264.0,0.004477969792396499,0.004477969792396499,7146.0955485531285,223.31548589228527,19213598001921.31,471136476977.1977,363822016.5679369,19685098300915.074,0.0,0.0,0.0,229795645829333.5,0.8059442666617178,12800.0,gpu_weight_memory_C3
DeepSeek-V4-Flash-0731,NVIDIA-A100-SXM-80GB-packed-HBM-BF16-execute-x64,gpu,a100_packed_hbm_bf16_execute,32768,32,True,1,32,19218,86037911455.85335,86037911455.85335,65929216.0,50912.0,32156811264.0,0.0036889721362332447,0.0036889721362332447,8674.503037226714,271.0782199133348,23323003882513.84,571903184433.9761,441636298.63128644,23895348703246.445,0.0,0.0,0.0,278944356977094.2,1.327881196572735,25600.0,collective_floor_C6
DeepSeek-V4-Flash-0731,NVIDIA-A100-SXM-80GB-BF16-resident-x1,gpu,a100_bf16_expanded,32768,32,False,1,32,0,86037911455.85335,308287406367.21265,65929216.0,50912.0,32156811264.0,0.2813696390743724,,0.0,0.0,0.0,0.0,0.0,0.0,0.0,0.0,0.0,0.0,,400.0,capacity_C7_C8_C9
DeepSeek-V4-Flash-0731,NVIDIA-A100-SXM-80GB-BF16-resident-x2,gpu,a100_bf16_expanded,32768,32,False,1,32,0,86037911455.85335,308287406367.21265,65929216.0,50912.0,32156811264.0,0.1411524005254215,,0.0,0.0,0.0,0.0,0.0,0.0,0.0,0.0,0.0,0.0,,800.0,capacity_C7_C8_C9
DeepSeek-V4-Flash-0731,NVIDIA-A100-SXM-80GB-BF16-resident-x4,gpu,a100_bf16_expanded,32768,32,False,1,32,0,86037911455.85335,308287406367.21265,65929216.0,50912.0,32156811264.0,0.07091116722741662,,0.0,0.0,0.0,0.0,0.0,0.0,0.0,0.0,0.0,0.0,,1600.0,capacity_C7_C8_C9
DeepSeek-V4-Flash-0731,NVIDIA-A100-SXM-80GB-BF16-resident-x8,gpu,a100_bf16_expanded,32768,32,False,1,32,0,86037911455.85335,308287406367.21265,65929216.0,50912.0,32156811264.0,0.035841139243660794,,0.0,0.0,0.0,0.0,0.0,0.0,0.0,0.0,0.0,0.0,,3200.0,capacity_C7_C8_C9
DeepSeek-V4-Flash-0731,NVIDIA-A100-SXM-80GB-BF16-resident-x16,gpu,a100_bf16_expanded,32768,32,True,1,32,2352,86037911455.85335,308287406367.21265,65929216.0,50912.0,32156811264.0,0.018796793840066547,0.018796793840066547,1702.4179906570018,53.20056220803131,16401063340391.523,112239083428.31146,86673504.74032928,16513389097324.576,0.0,0.0,0.0,54744334017995.32,1.6915219317409091,6400.0,gpu_weight_memory_C3
DeepSeek-V4-Flash-0731,NVIDIA-A100-SXM-80GB-BF16-resident-x32,gpu,a100_bf16_expanded,32768,32,True,1,32,7337,86037911455.85335,308287406367.21265,65929216.0,50912.0,32156811264.0,0.010893638790716838,0.010893638790716838,2937.494129809888,91.796691556559,28299763953062.582,193666684982.96814,149553701.13688102,28493580191746.688,0.0,0.0,0.0,94460444321404.48,1.9606353176766886,12800.0,gpu_weight_memory_C3
DeepSeek-V4-Flash-0731,NVIDIA-A100-SXM-80GB-BF16-resident-x64,gpu,a100_bf16_expanded,32768,32,True,1,32,17308,86037911455.85335,308287406367.21265,65929216.0,50912.0,32156811264.0,0.0072669389343136956,0.007266938934313696,4403.504734145966,137.60952294206143,42423282919237.57,290319614774.532,224191233.0248394,42713826725245.125,0.0,0.0,0.0,141602670636062.3,2.615804948142158,25600.0,gpu_weight_memory_C3
DeepSeek-V4-Flash-0731,ROM-wafer-N7-HBM2e-conservative,rom,official_packed,32768,32,True,3,96,996,86037911455.85335,86037911455.85335,65929216.0,50912.0,32156811264.0,0.0014341755727880082,0.004303354398364025,22312.470388679572,232.37686405287997,59991198489455.09,1471043679748.8594,1135972492.4284544,1472179652241.2878,59991198489455.09,0.0,0.0,717497899122357.8,0.25442586987582655,45000.0,compute_C5
DeepSeek-V4-Flash-0731,ROM-wafer-N7-HBM2e-central,rom,official_packed,32768,32,True,1,32,1994,86037911455.85335,86037911455.85335,65929216.0,50912.0,32156811264.0,0.0009027143196505993,0.0009027143196505994,35448.64560516308,1107.7701751613463,95310232243967.08,2337101413010.2476,1804761445.050063,2338906174455.298,95310232243967.08,0.0,0.0,1139915406289652.2,0.07466486044835077,15000.0,compute_C5
DeepSeek-V4-Flash-0731,ROM-wafer-N7-HBM2e-aggressive,rom,official_packed,32768,32,True,1,32,2991,86037911455.85335,86037911455.85335,65929216.0,50912.0,32156811264.0,0.0003047057088417736,0.0003047057088417736,105019.36482134255,3281.8551506669546,282363962864019.7,6923844387489.094,5346745901.784192,6929191133390.878,282363962864019.7,0.0,0.0,3377087893625073.5,0.025202667924103223,15000.0,compute_C5
DeepSeek-V4-Flash-0731,N7-SRAM-rich-Graphcore-style-derived-control,sram,official_packed,32768,32,True,5,160,49,86037911455.85335,86037911455.85335,65929216.0,50912.0,32156811264.0,0.00025642727934062197,0.0012837917567031097,124791.71514935898,778.9425308105172,335525579326394.4,8227419943092.561,6353395801.684164,0.0,0.0,335525579326394.4,8233773338894.245,4012903631368786.0,0.06070317863047342,75000.0,compute_C5
DeepSeek-V4-Flash-0731,NVIDIA-A100-SXM-80GB-packed-HBM-BF16-execute-x1,gpu,a100_packed_hbm_bf16_execute,32768,64,False,1,64,0,122681219131.22423,122681219131.22423,65929216.0,50912.0,32156811264.0,0.11392573475009343,,0.0,0.0,0.0,0.0,0.0,0.0,0.0,0.0,0.0,0.0,,400.0,capacity_C7_C8_C9
DeepSeek-V4-Flash-0731,NVIDIA-A100-SXM-80GB-packed-HBM-BF16-execute-x2,gpu,a100_packed_hbm_bf16_execute,32768,64,False,1,64,0,122681219131.22423,122681219131.22423,65929216.0,50912.0,32156811264.0,0.05769567641034083,,0.0,0.0,0.0,0.0,0.0,0.0,0.0,0.0,0.0,0.0,,800.0,capacity_C7_C8_C9
DeepSeek-V4-Flash-0731,NVIDIA-A100-SXM-80GB-packed-HBM-BF16-execute-x4,gpu,a100_packed_hbm_bf16_execute,32768,64,True,1,64,524,122681219131.22423,122681219131.22423,65929216.0,50912.0,32156811264.0,0.02931541919340571,0.029315419193405714,2183.1514527479903,34.11174144918735,4184870027675.418,143933463688.93604,111148606.76230568,4328914639971.116,0.0,0.0,0.0,70203189226744.54,0.32976152027403816,1600.0,gpu_weight_memory_C3
DeepSeek-V4-Flash-0731,NVIDIA-A100-SXM-80GB-packed-HBM-BF16-execute-x8,gpu,a100_packed_hbm_bf16_execute,32768,64,True,1,64,1770,122681219131.22423,122681219131.22423,65929216.0,50912.0,32156811264.0,0.015175878820265998,0.015175878820265996,4217.2187033105365,65.89404223922713,8083961435392.769,278037922809.8003,214707038.62294602,8362214065241.191,0.0,0.0,0.0,135612305901367.73,0.34141902172705063,3200.0,gpu_weight_memory_C3
DeepSeek-V4-Flash-0731,NVIDIA-A100-SXM-80GB-packed-HBM-BF16-execute-x16,gpu,a100_packed_hbm_bf16_execute,32768,64,True,1,64,4263,122681219131.22423,122681219131.22423,65929216.0,50912.0,32156811264.0,0.008892594078251534,0.008892594078251534,7197.000047098036,112.45312573590681,13795886560397.893,474492570657.1366,366413666.3978552,14270745544721.428,0.0,0.0,0.0,231432572181530.66,0.40012190486892496,6400.0,gpu_weight_memory_C3
DeepSeek-V4-Flash-0731,NVIDIA-A100-SXM-80GB-packed-HBM-BF16-execute-x32,gpu,a100_packed_hbm_bf16_execute,32768,64,True,1,64,9248,122681219131.22423,122681219131.22423,65929216.0,50912.0,32156811264.0,0.00668040632289564,0.00668040632289564,9580.25558724683,149.6914935507317,18364334922377.555,631618739946.8031,487749972.4579106,18996441412296.816,0.0,0.0,0.0,308070470779977.75,0.6011692155729156,12800.0,gpu_weight_memory_C3
DeepSeek-V4-Flash-0731,NVIDIA-A100-SXM-80GB-packed-HBM-BF16-execute-x64,gpu,a100_packed_hbm_bf16_execute,32768,64,True,1,64,19218,122681219131.22423,122681219131.22423,65929216.0,50912.0,32156811264.0,0.005290964079344858,0.005290964079344858,12096.094216524081,189.00147213318877,23186931018895.7,797486008357.5669,615836348.751674,23985032863602.02,0.0,0.0,0.0,388971818752326.8,0.9522668446986052,25600.0,collective_floor_C6
DeepSeek-V4-Flash-0731,NVIDIA-A100-SXM-80GB-BF16-resident-x1,gpu,a100_bf16_expanded,32768,64,False,1,64,0,122681219131.22423,446238682321.55005,65929216.0,50912.0,32156811264.0,0.4095351212408462,,0.0,0.0,0.0,0.0,0.0,0.0,0.0,0.0,0.0,0.0,,400.0,capacity_C7_C8_C9
DeepSeek-V4-Flash-0731,NVIDIA-A100-SXM-80GB-BF16-resident-x2,gpu,a100_bf16_expanded,32768,64,False,1,64,0,122681219131.22423,446238682321.55005,65929216.0,50912.0,32156811264.0,0.20550036965571722,,0.0,0.0,0.0,0.0,0.0,0.0,0.0,0.0,0.0,0.0,,800.0,capacity_C7_C8_C9
DeepSeek-V4-Flash-0731,NVIDIA-A100-SXM-80GB-BF16-resident-x4,gpu,a100_bf16_expanded,32768,64,False,1,64,0,122681219131.22423,446238682321.55005,65929216.0,50912.0,32156811264.0,0.1032177658160939,,0.0,0.0,0.0,0.0,0.0,0.0,0.0,0.0,0.0,0.0,,1600.0,capacity_C7_C8_C9
DeepSeek-V4-Flash-0731,NVIDIA-A100-SXM-80GB-BF16-resident-x8,gpu,a100_bf16_expanded,32768,64,False,1,64,0,122681219131.22423,446238682321.55005,65929216.0,50912.0,32156811264.0,0.05212705213170335,,0.0,0.0,0.0,0.0,0.0,0.0,0.0,0.0,0.0,0.0,,3200.0,capacity_C7_C8_C9
DeepSeek-V4-Flash-0731,NVIDIA-A100-SXM-80GB-BF16-resident-x16,gpu,a100_bf16_expanded,32768,64,True,1,64,2352,122681219131.22423,446238682321.55005,65929216.0,50912.0,32156811264.0,0.027368226230948447,0.02736822623094845,2338.4781848824286,36.53872163878795,16304990997806.643,154174033362.40158,119056601.3487342,16459284087770.393,0.0,0.0,0.0,75198001636245.56,1.2314322138230207,6400.0,gpu_weight_memory_C3
DeepSeek-V4-Flash-0731,NVIDIA-A100-SXM-80GB-BF16-resident-x32,gpu,a100_bf16_expanded,32768,64,True,1,64,7337,122681219131.22423,446238682321.55005,65929216.0,50912.0,32156811264.0,0.015934203736725508,0.015934203736725508,4016.5169880746143,62.75807793866585,28005082004383.387,264805816074.44067,204488912.89685476,28270092309370.723,0.0,0.0,0.0,129158378724165.11,1.4339176837725918,12800.0,gpu_weight_memory_C3
DeepSeek-V4-Flash-0731,NVIDIA-A100-SXM-80GB-BF16-resident-x64,gpu,a100_bf16_expanded,32768,64,True,1,64,17308,122681219131.22423,446238682321.55005,65929216.0,50912.0,32156811264.0,0.010114272241622193,0.010114272241622193,6327.692044577126,98.87018819651759,44119702501697.68,417179775588.4069,322155457.3735106,44537204432743.46,0.0,0.0,0.0,203478398814180.9,1.8203650543673415,25600.0,gpu_weight_memory_C3
DeepSeek-V4-Flash-0731,ROM-wafer-N7-HBM2e-conservative,rom,official_packed,32768,64,True,3,192,996,122681219131.22423,122681219131.22423,65929216.0,50912.0,32156811264.0,0.0026704624260638216,0.008012214958191464,23965.88672259808,124.80943225039513,45940065635768.01,1580052122365.701,1220151224.8209133,1581272273590.5217,45940065635768.01,0.0,0.0,770666496112990.0,0.23687292497988605,45000.0,compute_C5
DeepSeek-V4-Flash-0731,ROM-wafer-N7-HBM2e-central,rom,official_packed,32768,64,True,1,64,1994,122681219131.22423,122681219131.22423,65929216.0,50912.0,32156811264.0,0.0017319522083247675,0.0017319522083247675,36952.52079842553,577.3831374753989,70834067211293.17,2436250725463.889,1881326738.8894408,2438132052202.779,70834067211293.17,0.0,0.0,1188275237044004.5,0.07162618733456791,15000.0,compute_C5
DeepSeek-V4-Flash-0731,ROM-wafer-N7-HBM2e-aggressive,rom,official_packed,32768,64,True,1,64,2991,122681219131.22423,122681219131.22423,65929216.0,50912.0,32156811264.0,0.0005931359417596949,0.0005931359417596949,107901.06532766679,1685.9541457447935,206834909999312.94,7113832642617.8545,5493459037.962172,7119326101655.816,206834909999312.94,0.0,0.0,3469754192926315.0,0.024529583365604544,15000.0,compute_C5
DeepSeek-V4-Flash-0731,N7-SRAM-rich-Graphcore-style-derived-control,sram,official_packed,32768,64,False,5,320,49,122681219131.22423,122681219131.22423,65929216.0,50912.0,32156811264.0,0.0004974757708024561,,0.0,0.0,0.0,0.0,0.0,0.0,0.0,0.0,0.0,0.0,,75000.0,capacity_C7_C8_C9
DeepSeek-V4-Flash-0731,NVIDIA-A100-SXM-80GB-packed-HBM-BF16-execute-x1,gpu,a100_packed_hbm_bf16_execute,200000,1,False,1,1,0,11217572060.0,11217572060.0,317456384.0,50912.0,49965039616.0,0.008746992958413689,,0.0,0.0,0.0,0.0,0.0,0.0,0.0,0.0,0.0,0.0,,400.0,capacity_C7_C8_C9
DeepSeek-V4-Flash-0731,NVIDIA-A100-SXM-80GB-packed-HBM-BF16-execute-x2,gpu,a100_packed_hbm_bf16_execute,200000,1,False,1,1,0,11217572060.0,11217572060.0,317456384.0,50912.0,49965039616.0,0.004609262208537027,,0.0,0.0,0.0,0.0,0.0,0.0,0.0,0.0,0.0,0.0,,800.0,capacity_C7_C8_C9
DeepSeek-V4-Flash-0731,NVIDIA-A100-SXM-80GB-packed-HBM-BF16-execute-x4,gpu,a100_packed_hbm_bf16_execute,200000,1,True,1,1,87,11217572060.0,11217572060.0,317456384.0,50912.0,49965039616.0,0.002669918694213946,0.002669918694213946,374.5432406489109,374.5432406489109,4201465791565.079,118901142828.04507,19068745.467917353,4320386003138.5923,0.0,0.0,0.0,18714067856927.855,1.9221261096565605,1600.0,gpu_weight_memory_C3
DeepSeek-V4-Flash-0731,NVIDIA-A100-SXM-80GB-packed-HBM-BF16-execute-x8,gpu,a100_packed_hbm_bf16_execute,200000,1,True,1,1,296,11217572060.0,11217572060.0,317456384.0,50912.0,49965039616.0,0.0018285582473694679,0.0018285582473694679,546.878942160351,546.878942160351,6134653941780.31,173610211463.97018,27842700.70326779,6308291995944.983,0.0,0.0,0.0,27324828010198.11,2.6328289006804138,3200.0,gpu_weight_memory_C3
DeepSeek-V4-Flash-0731,NVIDIA-A100-SXM-80GB-packed-HBM-BF16-execute-x16,gpu,a100_packed_hbm_bf16_execute,200000,1,True,1,1,713,11217572060.0,11217572060.0,317456384.0,50912.0,49965039616.0,0.0016276886276105416,0.0016276886276105418,614.3681187156827,614.3681187156827,6891718643059.806,195035081412.36337,31278709.66005284,7086785003181.829,0.0,0.0,0.0,30696927390436.477,4.687218103384797,6400.0,gpu_weight_memory_C3
DeepSeek-V4-Flash-0731,NVIDIA-A100-SXM-80GB-packed-HBM-BF16-execute-x32,gpu,a100_packed_hbm_bf16_execute,200000,1,True,1,1,1546,11217572060.0,11217572060.0,317456384.0,50912.0,49965039616.0,0.001639999979194836,0.001639999979194836,609.7561052963877,609.7561052963877,6839983050187.177,193570968309.31448,31043902.83284969,7033585062399.324,0.0,0.0,0.0,30466487957231.875,9.445341647827755,12800.0,collective_floor_C6
DeepSeek-V4-Flash-0731,NVIDIA-A100-SXM-80GB-packed-HBM-BF16-execute-x64,gpu,a100_packed_hbm_bf16_execute,200000,1,True,1,1,3214,11217572060.0,11217572060.0,317456384.0,50912.0,49965039616.0,0.0018535348027131577,0.0018535348027131577,539.5096971129029,539.5096971129029,6051988904432.763,171270797578.3974,27467517.699412115,6223287169528.859,0.0,0.0,0.0,26956623389462.355,21.350328890077243,25600.0,collective_floor_C6
DeepSeek-V4-Flash-0731,NVIDIA-A100-SXM-80GB-BF16-resident-x1,gpu,a100_bf16_expanded,200000,1,False,1,1,0,11217572060.0,26610834524.0,317456384.0,50912.0,49965039616.0,0.021530707443842566,,0.0,0.0,0.0,0.0,0.0,0.0,0.0,0.0,0.0,0.0,,400.0,capacity_C7_C8_C9
DeepSeek-V4-Flash-0731,NVIDIA-A100-SXM-80GB-BF16-resident-x2,gpu,a100_bf16_expanded,200000,1,False,1,1,0,11217572060.0,26610834524.0,317456384.0,50912.0,49965039616.0,0.011070581060022453,,0.0,0.0,0.0,0.0,0.0,0.0,0.0,0.0,0.0,0.0,,800.0,capacity_C7_C8_C9
DeepSeek-V4-Flash-0731,NVIDIA-A100-SXM-80GB-BF16-resident-x4,gpu,a100_bf16_expanded,200000,1,False,1,1,0,11217572060.0,26610834524.0,317456384.0,50912.0,49965039616.0,0.006339587040255624,,0.0,0.0,0.0,0.0,0.0,0.0,0.0,0.0,0.0,0.0,,1600.0,capacity_C7_C8_C9
DeepSeek-V4-Flash-0731,NVIDIA-A100-SXM-80GB-BF16-resident-x8,gpu,a100_bf16_expanded,200000,1,False,1,1,0,11217572060.0,26610834524.0,317456384.0,50912.0,49965039616.0,0.004317282783399765,,0.0,0.0,0.0,0.0,0.0,0.0,0.0,0.0,0.0,0.0,,3200.0,capacity_C7_C8_C9
DeepSeek-V4-Flash-0731,NVIDIA-A100-SXM-80GB-BF16-resident-x16,gpu,a100_bf16_expanded,200000,1,True,1,1,393,11217572060.0,26610834524.0,317456384.0,50912.0,49965039616.0,0.003583392670147214,0.003583392670147214,279.0651463711672,279.0651463711672,7426156431498.97,88591012267.42146,14207764.732048865,7514761651531.123,0.0,0.0,0.0,13943501093880.207,10.319014773548714,6400.0,gpu_weight_memory_C3
DeepSeek-V4-Flash-0731,NVIDIA-A100-SXM-80GB-BF16-resident-x32,gpu,a100_bf16_expanded,200000,1,True,1,1,1227,11217572060.0,26610834524.0,317456384.0,50912.0,49965039616.0,0.0033428586988931454,0.0033428586988931454,299.1451598989542,299.1451598989542,7960502348726.591,94965540752.62381,15230078.380775556,8055483119557.596,0.0,0.0,0.0,14946799765285.902,19.252709080496647,12800.0,gpu_weight_memory_C3
DeepSeek-V4-Flash-0731,NVIDIA-A100-SXM-80GB-BF16-resident-x64,gpu,a100_bf16_expanded,200000,1,True,1,1,2894,11217572060.0,26610834524.0,317456384.0,50912.0,49965039616.0,0.0034332485517646525,0.0034332485517646525,291.2693284283222,291.2693284283222,7750919900722.69,92465307772.96356,14829104.04894274,7843400037599.703,0.0,0.0,0.0,14553283533846.832,39.54659261550448,25600.0,gpu_weight_memory_C3
DeepSeek-V4-Flash-0731,ROM-wafer-N7-HBM2e-conservative,rom,official_packed,200000,1,True,3,3,166,11217572060.0,11217572060.0,317456384.0,50912.0,49965039616.0,0.0002587190758289045,0.0007769849074867135,3865.1962434394195,1287.0262863080131,43358117386822.99,1227031222892.6619,196784871.14598772,1227228007763.8079,43358117386822.99,0.0,0.0,193124683427064.97,1.4687144792076317,45000.0,collective_floor_C6
DeepSeek-V4-Flash-0731,ROM-wafer-N7-HBM2e-central,rom,official_packed,200000,1,True,1,1,333,11217572060.0,11217572060.0,317456384.0,50912.0,49965039616.0,0.00012422147186988221,0.00012422147186988221,8050.138071520084,8050.138071520084,90303003910225.98,2555567722885.499,409848629.4972305,2555977571514.996,90303003910225.98,0.0,0.0,402225467657770.8,0.328785438669223,15000.0,collective_floor_C6
DeepSeek-V4-Flash-0731,ROM-wafer-N7-HBM2e-aggressive,rom,official_packed,200000,1,True,1,1,500,11217572060.0,11217572060.0,317456384.0,50912.0,49965039616.0,4.207395639719936e-05,4.207395639719936e-05,23767.67210954672,23767.67210954672,266615574587292.53,7545199243994.354,1210059722.4412425,7546409303716.795,266615574587292.53,0.0,0.0,1187552678533600.0,0.11136000888069394,15000.0,kv_beachfront_C8
DeepSeek-V4-Flash-0731,N7-SRAM-rich-Graphcore-style-derived-control,sram,official_packed,200000,1,True,5,5,8,11217572060.0,11217572060.0,317456384.0,50912.0,49965039616.0,2.4755382723054874e-05,0.00012543227361527437,40395.255092085186,7972.429831473821,453136684877547.5,12823731612290.951,2056603227.248241,0.0,0.0,453136684877547.5,12825788215518.2,2018350520974462.0,0.18752830645693694,75000.0,collective_floor_C6
DeepSeek-V4-Flash-0731,NVIDIA-A100-SXM-80GB-packed-HBM-BF16-execute-x1,gpu,a100_packed_hbm_bf16_execute,200000,8,False,1,8,0,33202065409.85159,33202065409.85159,317456384.0,50912.0,49965039616.0,0.030562958830781205,,0.0,0.0,0.0,0.0,0.0,0.0,0.0,0.0,0.0,0.0,,400.0,capacity_C7_C8_C9
DeepSeek-V4-Flash-0731,NVIDIA-A100-SXM-80GB-packed-HBM-BF16-execute-x2,gpu,a100_packed_hbm_bf16_execute,200000,8,False,1,8,0,33202065409.85159,33202065409.85159,317456384.0,50912.0,49965039616.0,0.015550139368332341,,0.0,0.0,0.0,0.0,0.0,0.0,0.0,0.0,0.0,0.0,,800.0,capacity_C7_C8_C9
DeepSeek-V4-Flash-0731,NVIDIA-A100-SXM-80GB-packed-HBM-BF16-execute-x4,gpu,a100_packed_hbm_bf16_execute,200000,8,True,1,8,87,33202065409.85159,33202065409.85159,317456384.0,50912.0,49965039616.0,0.008010593452462448,0.008010593452462448,998.6775695801675,124.83469619752094,4144769748569.0415,317036570020.82837,50844672.42246549,4461857163262.292,0.0,0.0,0.0,49898964327683.664,0.720872645962498,1600.0,gpu_weight_memory_C3
DeepSeek-V4-Flash-0731,NVIDIA-A100-SXM-80GB-packed-HBM-BF16-execute-x8,gpu,a100_packed_hbm_bf16_execute,200000,8,True,1,8,296,33202065409.85159,33202065409.85159,317456384.0,50912.0,49965039616.0,0.004299336533941614,0.004299336533941614,1860.7522199862854,232.59402749828567,7722602114938.9,590707671276.8187,94734617.02394176,8313404520832.743,0.0,0.0,0.0,92972558387174.69,0.7737938821880952,3200.0,gpu_weight_memory_C3
DeepSeek-V4-Flash-0731,NVIDIA-A100-SXM-80GB-packed-HBM-BF16-execute-x16,gpu,a100_packed_hbm_bf16_execute,200000,8,True,1,8,713,33202065409.85159,33202065409.85159,317456384.0,50912.0,49965039616.0,0.0027851557882697295,0.0027851557882697295,2872.3707426685737,359.0463428335717,11921080159928.246,911852429474.96,146238139.25074244,12833078827542.457,0.0,0.0,0.0,143518117949274.62,1.0025437612942842,6400.0,gpu_weight_memory_C3
DeepSeek-V4-Flash-0731,NVIDIA-A100-SXM-80GB-packed-HBM-BF16-execute-x32,gpu,a100_packed_hbm_bf16_execute,200000,8,True,1,8,1546,33202065409.85159,33202065409.85159,317456384.0,50912.0,49965039616.0,0.0023341972793019085,0.0023341972793019085,3427.3024268079735,428.4128033509967,14224189919277.678,1088019035288.8839,174490821.15364754,15312383445387.715,0.0,0.0,0.0,171245301531473.34,1.6804337695221154,12800.0,collective_floor_C6
DeepSeek-V4-Flash-0731,NVIDIA-A100-SXM-80GB-packed-HBM-BF16-execute-x64,gpu,a100_packed_hbm_bf16_execute,200000,8,True,1,8,3214,33202065409.85159,33202065409.85159,317456384.0,50912.0,49965039616.0,0.002303974615550207,0.002303974615550207,3472.2604780476445,434.03255975595556,14410777439022.555,1102291255667.1167,176779725.4583617,15513245474415.129,0.0,0.0,0.0,173491632342721.66,3.317351778638187,25600.0,collective_floor_C6
DeepSeek-V4-Flash-0731,NVIDIA-A100-SXM-80GB-BF16-resident-x1,gpu,a100_bf16_expanded,200000,8,False,1,8,0,33202065409.85159,109375985958.73538,317456384.0,50912.0,49965039616.0,0.09912969557274223,,0.0,0.0,0.0,0.0,0.0,0.0,0.0,0.0,0.0,0.0,,400.0,capacity_C7_C8_C9
DeepSeek-V4-Flash-0731,NVIDIA-A100-SXM-80GB-BF16-resident-x2,gpu,a100_bf16_expanded,200000,8,False,1,8,0,33202065409.85159,109375985958.73538,317456384.0,50912.0,49965039616.0,0.04983350773931441,,0.0,0.0,0.0,0.0,0.0,0.0,0.0,0.0,0.0,0.0,,800.0,capacity_C7_C8_C9
DeepSeek-V4-Flash-0731,NVIDIA-A100-SXM-80GB-BF16-resident-x4,gpu,a100_bf16_expanded,200000,8,False,1,8,0,33202065409.85159,109375985958.73538,317456384.0,50912.0,49965039616.0,0.025152325526080557,,0.0,0.0,0.0,0.0,0.0,0.0,0.0,0.0,0.0,0.0,,1600.0,capacity_C7_C8_C9
DeepSeek-V4-Flash-0731,NVIDIA-A100-SXM-80GB-BF16-resident-x8,gpu,a100_bf16_expanded,200000,8,False,1,8,0,33202065409.85159,109375985958.73538,317456384.0,50912.0,49965039616.0,0.012892168505562442,,0.0,0.0,0.0,0.0,0.0,0.0,0.0,0.0,0.0,0.0,,3200.0,capacity_C7_C8_C9
DeepSeek-V4-Flash-0731,NVIDIA-A100-SXM-80GB-BF16-resident-x16,gpu,a100_bf16_expanded,200000,8,True,1,8,393,33202065409.85159,109375985958.73538,317456384.0,50912.0,49965039616.0,0.007316824933657442,0.007316824933657442,1093.3704267270286,136.67130334087858,14948558555174.0,347097422041.29944,55665675.16552648,15295711642890.465,0.0,0.0,0.0,54630296686378.81,2.633761896054602,6400.0,gpu_weight_memory_C3
DeepSeek-V4-Flash-0731,NVIDIA-A100-SXM-80GB-BF16-resident-x32,gpu,a100_bf16_expanded,200000,8,True,1,8,1227,33202065409.85159,109375985958.73538,317456384.0,50912.0,49965039616.0,0.005132972552163474,0.005132972552163474,1558.5510966015422,194.81888707519278,21308507857232.742,494771995406.3603,79348953.43017772,21803359201592.53,0.0,0.0,0.0,77873067285256.3,3.6953262224970533,12800.0,gpu_weight_memory_C3
DeepSeek-V4-Flash-0731,NVIDIA-A100-SXM-80GB-BF16-resident-x64,gpu,a100_bf16_expanded,200000,8,True,1,8,2894,33202065409.85159,109375985958.73538,317456384.0,50912.0,49965039616.0,0.00437649507946716,0.00437649507946716,1827.946759847381,228.49334498092261,24991684892297.87,580293368525.6659,93064425.43734986,25572071325248.973,0.0,0.0,0.0,91333432271713.22,6.301446916160817,25600.0,gpu_weight_memory_C3
DeepSeek-V4-Flash-0731,ROM-wafer-N7-HBM2e-conservative,rom,official_packed,200000,8,True,3,24,166,33202065409.85159,33202065409.85159,317456384.0,50912.0,49965039616.0,0.0005870421363003396,0.001761954088901019,13627.64187664219,567.5516781619029,56558232121288.33,4326181912605.8037,693810503.2236072,4326875723109.0273,56558232121288.33,0.0,0.0,680905666239087.6,0.4165702136221079,45000.0,compute_C5
DeepSeek-V4-Flash-0731,ROM-wafer-N7-HBM2e-central,rom,official_packed,200000,8,True,1,8,333,33202065409.85159,33202065409.85159,317456384.0,50912.0,49965039616.0,0.0004796780600320094,0.00047967806003200935,16677.85264030244,2084.731580037805,69217394282398.45,5294490792075.266,849102833.6230779,5295339894908.889,69217394282398.45,0.0,0.0,833309567882521.6,0.15869957807377214,15000.0,kv_beachfront_C8
DeepSeek-V4-Flash-0731,ROM-wafer-N7-HBM2e-aggressive,rom,official_packed,200000,8,True,1,8,500,33202065409.85159,33202065409.85159,317456384.0,50912.0,49965039616.0,0.00022266331971062956,0.00022266331971062956,35928.683765232185,4491.085470654023,149113313557889.0,11405790029990.115,1829201147.855501,11407619231137.97,149113313557889.0,0.0,0.0,1795178107680562.2,0.07366727360476796,15000.0,kv_beachfront_C8
DeepSeek-V4-Flash-0731,N7-SRAM-rich-Graphcore-style-derived-control,sram,official_packed,200000,8,True,5,40,8,33202065409.85159,33202065409.85159,317456384.0,50912.0,49965039616.0,9.044205168342887e-05,0.00045386561841714434,88454.42856606259,2203.295335494895,367108715380181.9,28080423041368.535,4503391867.155378,0.0,0.0,367108715380181.9,28084926433235.69,4419629027513959.5,0.08564018669406791,75000.0,compute_C5
DeepSeek-V4-Flash-0731,NVIDIA-A100-SXM-80GB-packed-HBM-BF16-execute-x1,gpu,a100_packed_hbm_bf16_execute,200000,32,False,1,32,0,86037911455.85335,86037911455.85335,317456384.0,50912.0,49965039616.0,0.08467429173646537,,0.0,0.0,0.0,0.0,0.0,0.0,0.0,0.0,0.0,0.0,,400.0,capacity_C7_C8_C9
DeepSeek-V4-Flash-0731,NVIDIA-A100-SXM-80GB-packed-HBM-BF16-execute-x2,gpu,a100_packed_hbm_bf16_execute,200000,32,False,1,32,0,86037911455.85335,86037911455.85335,317456384.0,50912.0,49965039616.0,0.04280472685646798,,0.0,0.0,0.0,0.0,0.0,0.0,0.0,0.0,0.0,0.0,,800.0,capacity_C7_C8_C9
DeepSeek-V4-Flash-0731,NVIDIA-A100-SXM-80GB-packed-HBM-BF16-execute-x4,gpu,a100_packed_hbm_bf16_execute,200000,32,True,1,32,87,86037911455.85335,86037911455.85335,317456384.0,50912.0,49965039616.0,0.021737330392939874,0.021737330392939874,1472.1218945263565,46.00380920394864,3958071662921.3047,467334493443.5665,74948669.89412586,4425481105034.766,0.0,0.0,0.0,73554628779590.38,0.4890351435729991,1600.0,gpu_weight_memory_C3
DeepSeek-V4-Flash-0731,NVIDIA-A100-SXM-80GB-packed-HBM-BF16-execute-x8,gpu,a100_packed_hbm_bf16_execute,200000,32,True,1,32,296,86037911455.85335,86037911455.85335,317456384.0,50912.0,49965039616.0,0.011254220510676066,0.011254220510676066,2843.3777327931252,88.85555414978516,7644946300299.998,902648413398.6238,144762047.13196358,8547739475745.754,0.0,0.0,0.0,142069481062260.75,0.5063831890808657,3200.0,gpu_weight_memory_C3
DeepSeek-V4-Flash-0731,NVIDIA-A100-SXM-80GB-packed-HBM-BF16-execute-x16,gpu,a100_packed_hbm_bf16_execute,200000,32,True,1,32,713,86037911455.85335,86037911455.85335,317456384.0,50912.0,49965039616.0,0.0065014386236011265,0.006501438623601127,4921.987555775047,153.81211111797023,13233672797205.8,1562516371549.345,250588230.4396192,14796439756985.586,0.0,0.0,0.0,245927303213759.25,0.5850639270324518,6400.0,gpu_weight_memory_C3
DeepSeek-V4-Flash-0731,NVIDIA-A100-SXM-80GB-packed-HBM-BF16-execute-x32,gpu,a100_packed_hbm_bf16_execute,200000,32,True,1,32,1546,86037911455.85335,86037911455.85335,317456384.0,50912.0,49965039616.0,0.004663470696200885,0.004663470696200885,6861.842195356545,214.43256860489203,18449330350878.9,2178335610916.5103,349350109.8499924,20628015311905.258,0.0,0.0,0.0,342852217129730.2,0.8393306888156963,12800.0,gpu_weight_memory_C3
DeepSeek-V4-Flash-0731,NVIDIA-A100-SXM-80GB-packed-HBM-BF16-execute-x64,gpu,a100_packed_hbm_bf16_execute,200000,32,True,1,32,3214,86037911455.85335,86037911455.85335,317456384.0,50912.0,49965039616.0,0.0037817225881354383,0.0037817225881354383,8461.752350739576,264.42976096061176,22750984359821.582,2686237303569.2856,430804735.6808533,25437652468126.547,0.0,0.0,0.0,422791791425484.06,1.3612676187267136,25600.0,collective_floor_C6
DeepSeek-V4-Flash-0731,NVIDIA-A100-SXM-80GB-BF16-resident-x1,gpu,a100_bf16_expanded,200000,32,False,1,32,0,86037911455.85335,308287406367.21265,317456384.0,50912.0,49965039616.0,0.28730566799611273,,0.0,0.0,0.0,0.0,0.0,0.0,0.0,0.0,0.0,0.0,,400.0,capacity_C7_C8_C9
DeepSeek-V4-Flash-0731,NVIDIA-A100-SXM-80GB-BF16-resident-x2,gpu,a100_bf16_expanded,200000,32,False,1,32,0,86037911455.85335,308287406367.21265,317456384.0,50912.0,49965039616.0,0.14412041498629166,,0.0,0.0,0.0,0.0,0.0,0.0,0.0,0.0,0.0,0.0,,800.0,capacity_C7_C8_C9
DeepSeek-V4-Flash-0731,NVIDIA-A100-SXM-80GB-BF16-resident-x4,gpu,a100_bf16_expanded,200000,32,False,1,32,0,86037911455.85335,308287406367.21265,317456384.0,50912.0,49965039616.0,0.07239517445785171,,0.0,0.0,0.0,0.0,0.0,0.0,0.0,0.0,0.0,0.0,,1600.0,capacity_C7_C8_C9
DeepSeek-V4-Flash-0731,NVIDIA-A100-SXM-80GB-BF16-resident-x8,gpu,a100_bf16_expanded,200000,32,False,1,32,0,86037911455.85335,308287406367.21265,317456384.0,50912.0,49965039616.0,0.036583142858878336,,0.0,0.0,0.0,0.0,0.0,0.0,0.0,0.0,0.0,0.0,,3200.0,capacity_C7_C8_C9
DeepSeek-V4-Flash-0731,NVIDIA-A100-SXM-80GB-BF16-resident-x16,gpu,a100_bf16_expanded,200000,32,True,1,32,393,86037911455.85335,308287406367.21265,317456384.0,50912.0,49965039616.0,0.019167795647675318,0.019167795647675318,1669.466880187706,52.17084000586581,16083612953407.188,529982918992.1504,84995897.80411649,16613680868297.143,0.0,0.0,0.0,83414978806178.66,1.7249083538948873,6400.0,gpu_weight_memory_C3
DeepSeek-V4-Flash-0731,NVIDIA-A100-SXM-80GB-BF16-resident-x32,gpu,a100_bf16_expanded,200000,32,True,1,32,1227,86037911455.85335,308287406367.21265,317456384.0,50912.0,49965039616.0,0.011079139694521224,0.011079139694521224,2888.3109052072346,90.25971578772608,27825933679639.83,916912735834.8555,147049684.80591074,28742993465159.49,0.0,0.0,0.0,144314568802004.28,1.9940217398306666,12800.0,gpu_weight_memory_C3
DeepSeek-V4-Flash-0731,NVIDIA-A100-SXM-80GB-BF16-resident-x64,gpu,a100_bf16_expanded,200000,32,True,1,32,2894,86037911455.85335,308287406367.21265,317456384.0,50912.0,49965039616.0,0.007359689386215888,0.007359689386215888,4348.009585830273,135.87529955719603,41888643689856.04,1380303400715.016,221365864.03379086,43269168456435.086,0.0,0.0,0.0,217248471206757.34,2.6491913702961356,25600.0,gpu_weight_memory_C3
DeepSeek-V4-Flash-0731,ROM-wafer-N7-HBM2e-conservative,rom,official_packed,200000,32,True,3,96,166,86037911455.85335,86037911455.85335,317456384.0,50912.0,49965039616.0,0.001754342325689163,0.005263854657067489,18240.453719560894,189.97485020931472,49042829438692.84,5790548480331.151,928657979.7702842,5791477138310.922,49042829438692.84,0.0,0.0,911384992711674.6,0.31122414908082024,45000.0,compute_C5
DeepSeek-V4-Flash-0731,ROM-wafer-N7-HBM2e-central,rom,official_packed,200000,32,True,1,32,333,86037911455.85335,86037911455.85335,317456384.0,50912.0,49965039616.0,0.0016984035981527292,0.0016984035981527292,18841.222448424414,588.788201513263,50658107148049.26,5981266348616.441,959244317.2941837,5982225592933.735,50658107148049.26,0.0,0.0,941402426049394.4,0.1404775186131237,15000.0,kv_beachfront_C8
DeepSeek-V4-Flash-0731,ROM-wafer-N7-HBM2e-aggressive,rom,official_packed,200000,32,True,1,32,500,86037911455.85335,86037911455.85335,317456384.0,50912.0,49965039616.0,0.0008418268510709617,0.0008418268510709617,38012.567500418874,1187.8927343880898,102203809900334.0,12067332225238.895,1935295836.5813258,12069267521075.477,102203809900334.0,0.0,0.0,1899299441064303.2,0.0696287662537759,15000.0,kv_beachfront_C8
DeepSeek-V4-Flash-0731,N7-SRAM-rich-Graphcore-style-derived-control,sram,official_packed,200000,32,False,5,160,8,86037911455.85335,86037911455.85335,317456384.0,50912.0,49965039616.0,0.0003156570956226044,,0.0,0.0,0.0,0.0,0.0,0.0,0.0,0.0,0.0,0.0,,75000.0,capacity_C7_C8_C9
DeepSeek-V4-Flash-0731,NVIDIA-A100-SXM-80GB-packed-HBM-BF16-execute-x1,gpu,a100_packed_hbm_bf16_execute,200000,64,False,1,64,0,122681219131.22423,122681219131.22423,317456384.0,50912.0,49965039616.0,0.12579779259357413,,0.0,0.0,0.0,0.0,0.0,0.0,0.0,0.0,0.0,0.0,,400.0,capacity_C7_C8_C9
DeepSeek-V4-Flash-0731,NVIDIA-A100-SXM-80GB-packed-HBM-BF16-execute-x2,gpu,a100_packed_hbm_bf16_execute,200000,64,False,1,64,0,122681219131.22423,122681219131.22423,317456384.0,50912.0,49965039616.0,0.06363170533208118,,0.0,0.0,0.0,0.0,0.0,0.0,0.0,0.0,0.0,0.0,,800.0,capacity_C7_C8_C9
DeepSeek-V4-Flash-0731,NVIDIA-A100-SXM-80GB-packed-HBM-BF16-execute-x4,gpu,a100_packed_hbm_bf16_execute,200000,64,True,1,64,87,122681219131.22423,122681219131.22423,317456384.0,50912.0,49965039616.0,0.032283433654275884,0.032283433654275884,1982.4409226533223,30.97563941645816,3800129206980.29,629338526799.1473,100930032.25412595,4429568663811.691,0.0,0.0,0.0,99052739236752.84,0.3631479424280162,1600.0,gpu_weight_memory_C3
DeepSeek-V4-Flash-0731,NVIDIA-A100-SXM-80GB-packed-HBM-BF16-execute-x8,gpu,a100_packed_hbm_bf16_execute,200000,64,True,1,64,296,122681219131.22423,122681219131.22423,317456384.0,50912.0,49965039616.0,0.016659886050701084,0.016659886050701084,3841.562889759786,60.02442015249665,7363869041953.113,1219528663891.7322,195581649.84345022,8583593287494.689,0.0,0.0,0.0,191943841974203.12,0.37480544388102877,3200.0,gpu_weight_memory_C3
DeepSeek-V4-Flash-0731,NVIDIA-A100-SXM-80GB-packed-HBM-BF16-execute-x16,gpu,a100_packed_hbm_bf16_execute,200000,64,True,1,64,713,122681219131.22423,122681219131.22423,317456384.0,50912.0,49965039616.0,0.009634597693469077,0.009634597693469077,6642.726768278361,103.7926057543494,12733403410750.104,2108776019757.6545,338194505.22658795,14842517625012.984,0.0,0.0,0.0,331904106135292.0,0.4335083270229032,6400.0,gpu_weight_memory_C3
DeepSeek-V4-Flash-0731,NVIDIA-A100-SXM-80GB-packed-HBM-BF16-execute-x32,gpu,a100_packed_hbm_bf16_execute,200000,64,True,1,64,1546,122681219131.22423,122681219131.22423,317456384.0,50912.0,49965039616.0,0.007051408130504411,0.0070514081305044106,9076.201350923913,141.81564610818614,17398116356434.53,2881298061320.2207,462087563.1782383,20279876505317.93,0.0,0.0,0.0,453492760061706.06,0.6345556377268935,12800.0,gpu_weight_memory_C3
DeepSeek-V4-Flash-0731,NVIDIA-A100-SXM-80GB-packed-HBM-BF16-execute-x64,gpu,a100_packed_hbm_bf16_execute,200000,64,True,1,64,3214,122681219131.22423,122681219131.22423,317456384.0,50912.0,49965039616.0,0.005476464983149245,0.005476464983149245,11686.37071485423,182.59954241959736,22401534476839.9,3709912989221.119,594976505.8346586,26112042442566.85,0.0,0.0,0.0,583909975734953.9,0.9856532668525835,25600.0,collective_floor_C6
DeepSeek-V4-Flash-0731,NVIDIA-A100-SXM-80GB-BF16-resident-x1,gpu,a100_bf16_expanded,200000,64,False,1,64,0,122681219131.22423,446238682321.55005,317456384.0,50912.0,49965039616.0,0.42140717908432684,,0.0,0.0,0.0,0.0,0.0,0.0,0.0,0.0,0.0,0.0,,400.0,capacity_C7_C8_C9
DeepSeek-V4-Flash-0731,NVIDIA-A100-SXM-80GB-BF16-resident-x2,gpu,a100_bf16_expanded,200000,64,False,1,64,0,122681219131.22423,446238682321.55005,317456384.0,50912.0,49965039616.0,0.21143639857745755,,0.0,0.0,0.0,0.0,0.0,0.0,0.0,0.0,0.0,0.0,,800.0,capacity_C7_C8_C9
DeepSeek-V4-Flash-0731,NVIDIA-A100-SXM-80GB-BF16-resident-x4,gpu,a100_bf16_expanded,200000,64,False,1,64,0,122681219131.22423,446238682321.55005,317456384.0,50912.0,49965039616.0,0.10618578027696407,,0.0,0.0,0.0,0.0,0.0,0.0,0.0,0.0,0.0,0.0,,1600.0,capacity_C7_C8_C9
DeepSeek-V4-Flash-0731,NVIDIA-A100-SXM-80GB-BF16-resident-x8,gpu,a100_bf16_expanded,200000,64,False,1,64,0,122681219131.22423,446238682321.55005,317456384.0,50912.0,49965039616.0,0.05361105936213843,,0.0,0.0,0.0,0.0,0.0,0.0,0.0,0.0,0.0,0.0,,3200.0,capacity_C7_C8_C9
DeepSeek-V4-Flash-0731,NVIDIA-A100-SXM-80GB-BF16-resident-x16,gpu,a100_bf16_expanded,200000,64,True,1,64,393,122681219131.22423,446238682321.55005,317456384.0,50912.0,49965039616.0,0.02811022984616599,0.02811022984616599,2276.75121655859,35.57423775872797,15874600982048.3,722769208476.2909,115913957.93743093,16597486104482.53,0.0,0.0,0.0,113757964731126.14,1.2648186359769988,6400.0,gpu_weight_memory_C3
DeepSeek-V4-Flash-0731,NVIDIA-A100-SXM-80GB-BF16-resident-x32,gpu,a100_bf16_expanded,200000,64,True,1,64,1227,122681219131.22423,446238682321.55005,317456384.0,50912.0,49965039616.0,0.01630520554433428,0.01630520554433428,3925.12684528768,61.33010695762,27367866115408.08,1246056575046.3545,199836057.94728637,28614122526512.38,0.0,0.0,0.0,196119118322624.03,1.46730410592657,12800.0,gpu_weight_memory_C3
DeepSeek-V4-Flash-0731,NVIDIA-A100-SXM-80GB-BF16-resident-x64,gpu,a100_bf16_expanded,200000,64,True,1,64,2894,122681219131.22423,446238682321.55005,317456384.0,50912.0,49965039616.0,0.010299773145426579,0.010299773145426579,6213.729088627355,97.08951700980242,43325098137689.95,1972587967631.2556,316353375.3601959,45298002458696.57,0.0,0.0,0.0,310469220076357.4,1.85375147652132,25600.0,gpu_weight_memory_C3
DeepSeek-V4-Flash-0731,ROM-wafer-N7-HBM2e-conservative,rom,official_packed,200000,64,True,3,192,166,122681219131.22423,122681219131.22423,317456384.0,50912.0,49965039616.0,0.0033107959318661316,0.009933215475598394,19330.699117999207,100.67233540403575,37054902100859.75,6136653842192.018,984164553.4955757,6137638006745.513,37054902100859.75,0.0,0.0,965859147235806.6,0.29367120418487985,45000.0,compute_C5
DeepSeek-V4-Flash-0731,ROM-wafer-N7-HBM2e-central,rom,official_packed,200000,64,True,1,64,333,122681219131.22423,122681219131.22423,317456384.0,50912.0,49965039616.0,0.0033233307653290274,0.0033233307653290274,19257.78820082739,300.90294063792794,36915139597631.4,6113507806072.528,980452512.880524,6114488258585.409,36915139597631.4,0.0,0.0,962216150370877.9,0.13743884549934082,15000.0,kv_beachfront_C8
DeepSeek-V4-Flash-0731,ROM-wafer-N7-HBM2e-aggressive,rom,official_packed,200000,64,True,1,64,500,122681219131.22423,122681219131.22423,317456384.0,50912.0,49965039616.0,0.0016673782262180711,0.001667378226218071,38383.6126642748,599.7439478792937,73577318692405.16,12185122881257.283,1954186487.9635584,12187077067745.246,73577318692405.16,0.0,0.0,1917838727375689.5,0.06895568169527722,15000.0,kv_beachfront_C8
DeepSeek-V4-Flash-0731,N7-SRAM-rich-Graphcore-style-derived-control,sram,official_packed,200000,64,False,5,320,8,122681219131.22423,122681219131.22423,317456384.0,50912.0,49965039616.0,0.000615935403366421,,0.0,0.0,0.0,0.0,0.0,0.0,0.0,0.0,0.0,0.0,,75000.0,capacity_C7_C8_C9
DeepSeek-V4-Flash-0731,NVIDIA-A100-SXM-80GB-packed-HBM-BF16-execute-x1,gpu,a100_packed_hbm_bf16_execute,1000000,1,False,1,1,0,11217572060.0,11217572060.0,1520656384.0,50912.0,135161839616.0,0.009634351128237463,,0.0,0.0,0.0,0.0,0.0,0.0,0.0,0.0,0.0,0.0,,400.0,capacity_C7_C8_C9
DeepSeek-V4-Flash-0731,NVIDIA-A100-SXM-80GB-packed-HBM-BF16-execute-x2,gpu,a100_packed_hbm_bf16_execute,1000000,1,False,1,1,0,11217572060.0,11217572060.0,1520656384.0,50912.0,135161839616.0,0.0050529412934489145,,0.0,0.0,0.0,0.0,0.0,0.0,0.0,0.0,0.0,0.0,,800.0,capacity_C7_C8_C9
DeepSeek-V4-Flash-0731,NVIDIA-A100-SXM-80GB-packed-HBM-BF16-execute-x4,gpu,a100_packed_hbm_bf16_execute,1000000,1,True,1,1,17,11217572060.0,11217572060.0,1520656384.0,50912.0,135161839616.0,0.0028917582366698898,0.0028917582366698898,345.810374919719,345.810374919719,3879152799757.5645,525858754275.1041,17605897.807912733,4405029159930.477,0.0,0.0,0.0,46740366432447.88,2.081832687101374,1600.0,gpu_weight_memory_C3
DeepSeek-V4-Flash-0731,NVIDIA-A100-SXM-80GB-packed-HBM-BF16-execute-x8,gpu,a100_packed_hbm_bf16_execute,1000000,1,True,1,1,59,11217572060.0,11217572060.0,1520656384.0,50912.0,135161839616.0,0.0019394780185974397,0.0019394780185974397,515.6026469035023,515.6026469035023,5783809845966.773,784054456621.1086,26250361.95915111,6567890552949.841,0.0,0.0,0.0,69689802266356.26,2.7925354781252265,3200.0,gpu_weight_memory_C3
DeepSeek-V4-Flash-0731,NVIDIA-A100-SXM-80GB-packed-HBM-BF16-execute-x16,gpu,a100_packed_hbm_bf16_execute,1000000,1,True,1,1,143,11217572060.0,11217572060.0,1520656384.0,50912.0,135161839616.0,0.0016831485132245277,0.0016831485132245275,594.1246373347226,594.1246373347226,6664635931923.616,903459422654.7307,30248073.535985395,7568125602651.883,0.0,0.0,0.0,80302978943349.94,4.84692468082961,6400.0,gpu_weight_memory_C3
DeepSeek-V4-Flash-0731,NVIDIA-A100-SXM-80GB-packed-HBM-BF16-execute-x32,gpu,a100_packed_hbm_bf16_execute,1000000,1,True,1,1,310,11217572060.0,11217572060.0,1520656384.0,50912.0,135161839616.0,0.0016677299220018288,0.0016677299220018288,599.6174721142308,599.6174721142308,6726252201876.426,911812136928.4471,30527724.74027972,7638094866529.613,0.0,0.0,0.0,81045400596855.02,9.605048225272569,12800.0,collective_floor_C6
DeepSeek-V4-Flash-0731,NVIDIA-A100-SXM-80GB-packed-HBM-BF16-execute-x64,gpu,a100_packed_hbm_bf16_execute,1000000,1,True,1,1,644,11217572060.0,11217572060.0,1520656384.0,50912.0,135161839616.0,0.0018673997741166543,0.001867399774116654,535.5039739538553,535.5039739538553,6007054416243.734,814317536650.2998,27263578.32193868,6821399216472.356,0.0,0.0,0.0,72379702241281.62,21.51003546752205,25600.0,collective_floor_C6
DeepSeek-V4-Flash-0731,NVIDIA-A100-SXM-80GB-BF16-resident-x1,gpu,a100_bf16_expanded,1000000,1,False,1,1,0,11217572060.0,26610834524.0,1520656384.0,50912.0,135161839616.0,0.02241806561366634,,0.0,0.0,0.0,0.0,0.0,0.0,0.0,0.0,0.0,0.0,,400.0,capacity_C7_C8_C9
DeepSeek-V4-Flash-0731,NVIDIA-A100-SXM-80GB-BF16-resident-x2,gpu,a100_bf16_expanded,1000000,1,False,1,1,0,11217572060.0,26610834524.0,1520656384.0,50912.0,135161839616.0,0.01151426014493434,,0.0,0.0,0.0,0.0,0.0,0.0,0.0,0.0,0.0,0.0,,800.0,capacity_C7_C8_C9
DeepSeek-V4-Flash-0731,NVIDIA-A100-SXM-80GB-BF16-resident-x4,gpu,a100_bf16_expanded,1000000,1,False,1,1,0,11217572060.0,26610834524.0,1520656384.0,50912.0,135161839616.0,0.006561426582711567,,0.0,0.0,0.0,0.0,0.0,0.0,0.0,0.0,0.0,0.0,,1600.0,capacity_C7_C8_C9
DeepSeek-V4-Flash-0731,NVIDIA-A100-SXM-80GB-BF16-resident-x8,gpu,a100_bf16_expanded,1000000,1,False,1,1,0,11217572060.0,26610834524.0,1520656384.0,50912.0,135161839616.0,0.004428202554627736,,0.0,0.0,0.0,0.0,0.0,0.0,0.0,0.0,0.0,0.0,,3200.0,capacity_C7_C8_C9
DeepSeek-V4-Flash-0731,NVIDIA-A100-SXM-80GB-BF16-resident-x16,gpu,a100_bf16_expanded,1000000,1,True,1,1,78,11217572060.0,26610834524.0,1520656384.0,50912.0,135161839616.0,0.0036388525557612,0.0036388525557612,274.8119042132536,274.8119042132536,7312974108244.23,417894476541.0806,13991223.667305168,7730882576008.979,0.0,0.0,0.0,37144082521839.34,10.478721350993524,6400.0,gpu_weight_memory_C3
DeepSeek-V4-Flash-0731,NVIDIA-A100-SXM-80GB-BF16-resident-x32,gpu,a100_bf16_expanded,1000000,1,True,1,1,246,11217572060.0,26610834524.0,1520656384.0,50912.0,135161839616.0,0.0033705886417001382,0.0033705886417001382,296.68408290119794,296.68408290119794,7895011035988.477,451154544694.8919,15104780.02866579,8346180685463.397,0.0,0.0,0.0,40100366429711.766,19.412415657941466,12800.0,gpu_weight_memory_C3
DeepSeek-V4-Flash-0731,NVIDIA-A100-SXM-80GB-BF16-resident-x64,gpu,a100_bf16_expanded,1000000,1,True,1,1,580,11217572060.0,26610834524.0,1520656384.0,50912.0,135161839616.0,0.003447113523168149,0.003447113523168149,290.0977856629819,290.0977856629819,7719744170056.431,441139049752.67706,14769458.463673733,8160897989267.571,0.0,0.0,0.0,39210150378736.7,39.706299192949295,25600.0,gpu_weight_memory_C3
DeepSeek-V4-Flash-0731,ROM-wafer-N7-HBM2e-conservative,rom,official_packed,1000000,1,True,3,3,33,11217572060.0,11217572060.0,1520656384.0,50912.0,135161839616.0,0.0004297999675240352,0.0012902275825721057,2326.6637402527913,775.0570624187644,26099518165674.81,3538056070036.7246,118455104.3437501,3538174525141.0684,26099518165674.81,0.0,0.0,314476151300410.44,2.4399184074195577,45000.0,kv_beachfront_C8
DeepSeek-V4-Flash-0731,ROM-wafer-N7-HBM2e-central,rom,official_packed,1000000,1,True,1,1,66,11217572060.0,11217572060.0,1520656384.0,50912.0,135161839616.0,0.00030097566984789686,0.00030097566984789686,3322.5276996820603,3322.5276996820603,37270693892529.555,5052422957538.359,169156530.24621305,5052592114068.605,37270693892529.555,0.0,0.0,449078956064144.06,0.796612825062623,15000.0,kv_beachfront_C8
DeepSeek-V4-Flash-0731,ROM-wafer-N7-HBM2e-aggressive,rom,official_packed,1000000,1,True,1,1,100,11217572060.0,11217572060.0,1520656384.0,50912.0,135161839616.0,0.00013399862435242927,0.00013399862435242927,7462.763180089848,7462.763180089848,83714083739372.62,11348298472083.77,379944199.0247343,11348678416282.795,83714083739372.62,0.0,0.0,1008680800039494.1,0.35466329472358765,15000.0,kv_beachfront_C8
DeepSeek-V4-Flash-0731,N7-SRAM-rich-Graphcore-style-derived-control,sram,official_packed,1000000,1,True,5,5,1,11217572060.0,11217572060.0,1520656384.0,50912.0,135161839616.0,3.361087267355288e-05,0.0001697097233677644,29752.277178654218,5892.414295160801,333748313200647.2,45242990230258.05,1514747935.7196436,0.0,0.0,333748313200647.2,45244504978193.766,4021372516232038.5,0.25461089014556376,75000.0,compute_C5
DeepSeek-V4-Flash-0731,NVIDIA-A100-SXM-80GB-packed-HBM-BF16-execute-x1,gpu,a100_packed_hbm_bf16_execute,1000000,8,False,1,8,0,33202065409.85159,33202065409.85159,1520656384.0,50912.0,135161839616.0,0.037661824189371404,,0.0,0.0,0.0,0.0,0.0,0.0,0.0,0.0,0.0,0.0,,400.0,capacity_C7_C8_C9
DeepSeek-V4-Flash-0731,NVIDIA-A100-SXM-80GB-packed-HBM-BF16-execute-x2,gpu,a100_packed_hbm_bf16_execute,1000000,8,False,1,8,0,33202065409.85159,33202065409.85159,1520656384.0,50912.0,135161839616.0,0.01909957204762744,,0.0,0.0,0.0,0.0,0.0,0.0,0.0,0.0,0.0,0.0,,800.0,capacity_C7_C8_C9
DeepSeek-V4-Flash-0731,NVIDIA-A100-SXM-80GB-packed-HBM-BF16-execute-x4,gpu,a100_packed_hbm_bf16_execute,1000000,8,True,1,8,17,33202065409.85159,33202065409.85159,1520656384.0,50912.0,135161839616.0,0.009785309792109996,0.009785309792109996,817.5520417810878,102.19400522263598,3393052045896.675,1243215731586.646,41623209.55115874,4636309400692.872,0.0,0.0,0.0,110501837948948.72,0.8805792234073113,1600.0,gpu_weight_memory_C3
DeepSeek-V4-Flash-0731,NVIDIA-A100-SXM-80GB-packed-HBM-BF16-execute-x8,gpu,a100_packed_hbm_bf16_execute,1000000,8,True,1,8,59,33202065409.85159,33202065409.85159,1520656384.0,50912.0,135161839616.0,0.005186694703765388,0.005186694703765388,1542.4081147849774,192.80101434812218,6401391889472.088,2345472746481.1807,78527081.93993278,8746943163035.209,0.0,0.0,0.0,208474718232984.03,0.9335004596329085,3200.0,gpu_weight_memory_C3
DeepSeek-V4-Flash-0731,NVIDIA-A100-SXM-80GB-packed-HBM-BF16-execute-x16,gpu,a100_packed_hbm_bf16_execute,1000000,8,True,1,8,143,33202065409.85159,33202065409.85159,1520656384.0,50912.0,135161839616.0,0.003228834873181617,0.003228834873181617,2477.6739332343095,309.7092416542887,10282986499441.225,3767690684043.1426,126143335.28882517,14050803326819.656,0.0,0.0,0.0,334886966784559.6,1.1622503387390977,6400.0,gpu_weight_memory_C3
DeepSeek-V4-Flash-0731,NVIDIA-A100-SXM-80GB-packed-HBM-BF16-execute-x32,gpu,a100_packed_hbm_bf16_execute,1000000,8,True,1,8,310,33202065409.85159,33202065409.85159,1520656384.0,50912.0,135161839616.0,0.002556036821757852,0.002556036821757852,3129.8453652550256,391.2306706568782,12989666317489.775,4759419335607.866,159346687.23586386,17749244999784.88,0.0,0.0,0.0,423035657281480.7,1.8401403469669289,12800.0,collective_floor_C6
DeepSeek-V4-Flash-0731,NVIDIA-A100-SXM-80GB-packed-HBM-BF16-execute-x64,gpu,a100_packed_hbm_bf16_execute,1000000,8,True,1,8,644,33202065409.85159,33202065409.85159,1520656384.0,50912.0,135161839616.0,0.002414894386778179,0.002414894386778179,3312.7742744365587,414.09678430456984,13748868518489.533,5037591349172.921,168659963.86011407,18786628527626.312,0.0,0.0,0.0,447760665165404.94,3.477058356083,25600.0,collective_floor_C6
DeepSeek-V4-Flash-0731,NVIDIA-A100-SXM-80GB-BF16-resident-x1,gpu,a100_bf16_expanded,1000000,8,False,1,8,0,33202065409.85159,109375985958.73538,1520656384.0,50912.0,135161839616.0,0.10622856093133243,,0.0,0.0,0.0,0.0,0.0,0.0,0.0,0.0,0.0,0.0,,400.0,capacity_C7_C8_C9
DeepSeek-V4-Flash-0731,NVIDIA-A100-SXM-80GB-BF16-resident-x2,gpu,a100_bf16_expanded,1000000,8,False,1,8,0,33202065409.85159,109375985958.73538,1520656384.0,50912.0,135161839616.0,0.053382940418609505,,0.0,0.0,0.0,0.0,0.0,0.0,0.0,0.0,0.0,0.0,,800.0,capacity_C7_C8_C9
DeepSeek-V4-Flash-0731,NVIDIA-A100-SXM-80GB-BF16-resident-x4,gpu,a100_bf16_expanded,1000000,8,False,1,8,0,33202065409.85159,109375985958.73538,1520656384.0,50912.0,135161839616.0,0.026927041865728106,,0.0,0.0,0.0,0.0,0.0,0.0,0.0,0.0,0.0,0.0,,1600.0,capacity_C7_C8_C9
DeepSeek-V4-Flash-0731,NVIDIA-A100-SXM-80GB-BF16-resident-x8,gpu,a100_bf16_expanded,1000000,8,False,1,8,0,33202065409.85159,109375985958.73538,1520656384.0,50912.0,135161839616.0,0.013779526675386216,,0.0,0.0,0.0,0.0,0.0,0.0,0.0,0.0,0.0,0.0,,3200.0,capacity_C7_C8_C9
DeepSeek-V4-Flash-0731,NVIDIA-A100-SXM-80GB-BF16-resident-x16,gpu,a100_bf16_expanded,1000000,8,True,1,8,78,33202065409.85159,109375985958.73538,1520656384.0,50912.0,135161839616.0,0.007760504018569329,0.007760504018569328,1030.860879764717,128.85760997058964,14093928138819.41,1567585177830.0735,52483189.11058128,15661565799838.594,0.0,0.0,0.0,139333052897167.34,2.793468473499415,6400.0,gpu_weight_memory_C3
DeepSeek-V4-Flash-0731,NVIDIA-A100-SXM-80GB-BF16-resident-x32,gpu,a100_bf16_expanded,1000000,8,True,1,8,246,33202065409.85159,109375985958.73538,1520656384.0,50912.0,135161839616.0,0.005354812094619418,0.005354812094619418,1493.9833291327814,186.74791614159767,20425737453726.48,2271835287035.3374,76061679.25280817,22697648802441.07,0.0,0.0,0.0,201929535121222.75,3.855032799941867,12800.0,gpu_weight_memory_C3
DeepSeek-V4-Flash-0731,NVIDIA-A100-SXM-80GB-BF16-resident-x64,gpu,a100_bf16_expanded,1000000,8,True,1,8,580,33202065409.85159,109375985958.73538,1520656384.0,50912.0,135161839616.0,0.004487414850695131,0.004487414850695131,1782.7636325535505,222.8454540691938,24373941255240.152,2710970899005.587,90764062.06056637,27085002918307.8,0.0,0.0,0.0,240961612176440.53,6.461153493605629,25600.0,gpu_weight_memory_C3
DeepSeek-V4-Flash-0731,ROM-wafer-N7-HBM2e-conservative,rom,official_packed,1000000,8,True,3,24,33,33202065409.85159,33202065409.85159,1520656384.0,50912.0,135161839616.0,0.0019667667330917553,0.005901127879275265,4067.589646192565,169.45913060315056,16881547186665.078,6185406162975.025,207089124.06695586,6185613252099.093,16881547186665.078,0.0,0.0,549782899382381.6,1.3956348062376966,45000.0,kv_beachfront_C8
DeepSeek-V4-Flash-0731,ROM-wafer-N7-HBM2e-central,rom,official_packed,1000000,8,True,1,8,66,33202065409.85159,33202065409.85159,1520656384.0,50912.0,135161839616.0,0.0018937116438561268,0.0018937116438561268,4224.508005722435,528.0635007153044,17532798891304.746,6424025068160.93,215078151.58734062,6424240146312.517,17532798891304.746,0.0,0.0,570992273525963.8,0.6265269644671722,15000.0,kv_beachfront_C8
DeepSeek-V4-Flash-0731,ROM-wafer-N7-HBM2e-aggressive,rom,official_packed,1000000,8,True,1,8,100,33202065409.85159,33202065409.85159,1520656384.0,50912.0,135161839616.0,0.0009580606633524688,0.0009580606633524689,8350.201929809129,1043.7752412261411,34655493832373.96,12697787872253.371,425125480.65044236,12698212997734.021,34655493832373.96,0.0,0.0,1128628653998075.2,0.3169705594476617,15000.0,kv_beachfront_C8
DeepSeek-V4-Flash-0731,N7-SRAM-rich-Graphcore-style-derived-control,sram,official_packed,1000000,8,False,5,40,1,33202065409.85159,33202065409.85159,1520656384.0,50912.0,135161839616.0,0.00016128597128741288,,0.0,0.0,0.0,0.0,0.0,0.0,0.0,0.0,0.0,0.0,,75000.0,capacity_C7_C8_C9
DeepSeek-V4-Flash-0731,NVIDIA-A100-SXM-80GB-packed-HBM-BF16-execute-x1,gpu,a100_packed_hbm_bf16_execute,1000000,32,False,1,32,0,86037911455.85335,86037911455.85335,1520656384.0,50912.0,135161839616.0,0.11306975317082615,,0.0,0.0,0.0,0.0,0.0,0.0,0.0,0.0,0.0,0.0,,400.0,capacity_C7_C8_C9
DeepSeek-V4-Flash-0731,NVIDIA-A100-SXM-80GB-packed-HBM-BF16-execute-x2,gpu,a100_packed_hbm_bf16_execute,1000000,32,False,1,32,0,86037911455.85335,86037911455.85335,1520656384.0,50912.0,135161839616.0,0.05700245757364837,,0.0,0.0,0.0,0.0,0.0,0.0,0.0,0.0,0.0,0.0,,800.0,capacity_C7_C8_C9
DeepSeek-V4-Flash-0731,NVIDIA-A100-SXM-80GB-packed-HBM-BF16-execute-x4,gpu,a100_packed_hbm_bf16_execute,1000000,32,False,1,32,17,86037911455.85335,86037911455.85335,1520656384.0,50912.0,135161839616.0,0.02883619575153007,,0.0,0.0,0.0,0.0,0.0,0.0,0.0,0.0,0.0,0.0,,1600.0,capacity_C7_C8_C9
DeepSeek-V4-Flash-0731,NVIDIA-A100-SXM-80GB-packed-HBM-BF16-execute-x8,gpu,a100_packed_hbm_bf16_execute,1000000,32,True,1,32,59,86037911455.85335,86037911455.85335,1520656384.0,50912.0,135161839616.0,0.014803653189971164,0.014803653189971165,2161.6285918991007,67.5508934968469,5811937793445.493,3287094318108.2983,110052834.87076701,9099142164388.662,0.0,0.0,0.0,292169697047626.2,0.6660897665256791,3200.0,gpu_weight_memory_C3
DeepSeek-V4-Flash-0731,NVIDIA-A100-SXM-80GB-packed-HBM-BF16-execute-x16,gpu,a100_packed_hbm_bf16_execute,1000000,32,True,1,32,143,86037911455.85335,86037911455.85335,1520656384.0,50912.0,135161839616.0,0.008276154963248676,0.008276154963248676,3866.5298247918377,120.82905702474493,10395879709589.258,5879663261996.109,196852766.43980205,16275739824351.807,0.0,0.0,0.0,522607284048994.94,0.7447705044772652,6400.0,gpu_weight_memory_C3
DeepSeek-V4-Flash-0731,NVIDIA-A100-SXM-80GB-packed-HBM-BF16-execute-x32,gpu,a100_packed_hbm_bf16_execute,1000000,32,True,1,32,310,86037911455.85335,86037911455.85335,1520656384.0,50912.0,135161839616.0,0.005550828866024661,0.005550828866024661,5764.9048047336855,180.15327514792767,15500011535659.387,8766439294470.553,293502833.4186014,24266744332963.36,0.0,0.0,0.0,779195138618922.2,0.9990372662605094,12800.0,gpu_weight_memory_C3
DeepSeek-V4-Flash-0731,NVIDIA-A100-SXM-80GB-packed-HBM-BF16-execute-x64,gpu,a100_packed_hbm_bf16_execute,1000000,32,True,1,32,644,86037911455.85335,86037911455.85335,1520656384.0,50912.0,135161839616.0,0.0042254016730473255,0.0042254016730473255,7573.244504568452,236.66389076776412,20362066878674.637,11516302603464.934,385569024.21658903,31878755051163.79,0.0,0.0,0.0,1023613659099234.5,1.5209741961715268,25600.0,collective_floor_C6
DeepSeek-V4-Flash-0731,NVIDIA-A100-SXM-80GB-BF16-resident-x1,gpu,a100_bf16_expanded,1000000,32,False,1,32,0,86037911455.85335,308287406367.21265,1520656384.0,50912.0,135161839616.0,0.3157011294304735,,0.0,0.0,0.0,0.0,0.0,0.0,0.0,0.0,0.0,0.0,,400.0,capacity_C7_C8_C9
DeepSeek-V4-Flash-0731,NVIDIA-A100-SXM-80GB-BF16-resident-x2,gpu,a100_bf16_expanded,1000000,32,False,1,32,0,86037911455.85335,308287406367.21265,1520656384.0,50912.0,135161839616.0,0.15831814570347205,,0.0,0.0,0.0,0.0,0.0,0.0,0.0,0.0,0.0,0.0,,800.0,capacity_C7_C8_C9
DeepSeek-V4-Flash-0731,NVIDIA-A100-SXM-80GB-BF16-resident-x4,gpu,a100_bf16_expanded,1000000,32,False,1,32,0,86037911455.85335,308287406367.21265,1520656384.0,50912.0,135161839616.0,0.0794940398164419,,0.0,0.0,0.0,0.0,0.0,0.0,0.0,0.0,0.0,0.0,,1600.0,capacity_C7_C8_C9
DeepSeek-V4-Flash-0731,NVIDIA-A100-SXM-80GB-BF16-resident-x8,gpu,a100_bf16_expanded,1000000,32,False,1,32,0,86037911455.85335,308287406367.21265,1520656384.0,50912.0,135161839616.0,0.04013257553817343,,0.0,0.0,0.0,0.0,0.0,0.0,0.0,0.0,0.0,0.0,,3200.0,capacity_C7_C8_C9
DeepSeek-V4-Flash-0731,NVIDIA-A100-SXM-80GB-BF16-resident-x16,gpu,a100_bf16_expanded,1000000,32,True,1,32,78,86037911455.85335,308287406367.21265,1520656384.0,50912.0,135161839616.0,0.020942511987322866,0.020942511987322866,1527.9924404183494,47.74976376307342,14720650825165.02,2323551459225.9023,77793151.126579,17044280077542.049,0.0,0.0,0.0,206526269166285.38,1.8846149313397003,6400.0,gpu_weight_memory_C3
DeepSeek-V4-Flash-0731,NVIDIA-A100-SXM-80GB-BF16-resident-x32,gpu,a100_bf16_expanded,1000000,32,True,1,32,246,86037911455.85335,308287406367.21265,1520656384.0,50912.0,135161839616.0,0.011966497864344998,0.011966497864344998,2674.1324289495087,83.56663840467215,25762542212603.082,4066436549743.497,136145430.22267738,29829114907776.8,0.0,0.0,0.0,361440658473618.0,2.1537283172754798,12800.0,gpu_weight_memory_C3
DeepSeek-V4-Flash-0731,NVIDIA-A100-SXM-80GB-BF16-resident-x64,gpu,a100_bf16_expanded,1000000,32,True,1,32,580,86037911455.85335,308287406367.21265,1520656384.0,50912.0,135161839616.0,0.0078033684711277754,0.0078033684711277754,4100.793153418171,128.14978604431784,39506965166115.97,6235897288208.833,208779581.0268259,45743071233905.83,0.0,0.0,0.0,554270746500697.7,2.808897947740949,25600.0,gpu_weight_memory_C3
DeepSeek-V4-Flash-0731,ROM-wafer-N7-HBM2e-conservative,rom,official_packed,1000000,32,True,3,96,33,86037911455.85335,86037911455.85335,1520656384.0,50912.0,135161839616.0,0.007273240712854825,0.021820549818564475,4399.689390651235,45.828359427919665,11829377694565.885,6690415759510.87,223996986.25683567,6690639756497.127,11829377694565.885,0.0,0.0,594670111779419.0,1.2902887416964088,45000.0,kv_beachfront_C8
DeepSeek-V4-Flash-0731,ROM-wafer-N7-HBM2e-central,rom,official_packed,1000000,32,True,1,32,66,86037911455.85335,86037911455.85335,1520656384.0,50912.0,135161839616.0,0.0073545379334491985,0.007354537933449199,4351.055129440653,135.9704727950204,11698615498948.484,6616459759719.876,221520918.75008252,6616681280638.626,11698615498948.484,0.0,0.0,588096615565831.8,0.6083049050065236,15000.0,kv_beachfront_C8
DeepSeek-V4-Flash-0731,ROM-wafer-N7-HBM2e-aggressive,rom,official_packed,1000000,32,True,1,32,100,86037911455.85335,86037911455.85335,1520656384.0,50912.0,135161839616.0,0.0037834162256383187,0.0037834162256383183,8457.96446691538,264.31138959110564,22740799934413.1,12861657662260.03,430611886.9395958,12862088274146.969,22740799934413.1,0.0,0.0,1143194036755043.5,0.3129320520966696,15000.0,kv_beachfront_C8
DeepSeek-V4-Flash-0731,N7-SRAM-rich-Graphcore-style-derived-control,sram,official_packed,1000000,32,False,5,160,1,86037911455.85335,86037911455.85335,1520656384.0,50912.0,135161839616.0,0.0005990327740385405,,0.0,0.0,0.0,0.0,0.0,0.0,0.0,0.0,0.0,0.0,,75000.0,capacity_C7_C8_C9
DeepSeek-V4-Flash-0731,NVIDIA-A100-SXM-80GB-packed-HBM-BF16-execute-x1,gpu,a100_packed_hbm_bf16_execute,1000000,64,False,1,64,0,122681219131.22423,122681219131.22423,1520656384.0,50912.0,135161839616.0,0.18258871546229571,,0.0,0.0,0.0,0.0,0.0,0.0,0.0,0.0,0.0,0.0,,400.0,capacity_C7_C8_C9
DeepSeek-V4-Flash-0731,NVIDIA-A100-SXM-80GB-packed-HBM-BF16-execute-x2,gpu,a100_packed_hbm_bf16_execute,1000000,64,False,1,64,0,122681219131.22423,122681219131.22423,1520656384.0,50912.0,135161839616.0,0.09202716676644197,,0.0,0.0,0.0,0.0,0.0,0.0,0.0,0.0,0.0,0.0,,800.0,capacity_C7_C8_C9
DeepSeek-V4-Flash-0731,NVIDIA-A100-SXM-80GB-packed-HBM-BF16-execute-x4,gpu,a100_packed_hbm_bf16_execute,1000000,64,False,1,64,17,122681219131.22423,122681219131.22423,1520656384.0,50912.0,135161839616.0,0.04648116437145628,,0.0,0.0,0.0,0.0,0.0,0.0,0.0,0.0,0.0,0.0,,1600.0,capacity_C7_C8_C9
DeepSeek-V4-Flash-0731,NVIDIA-A100-SXM-80GB-packed-HBM-BF16-execute-x8,gpu,a100_packed_hbm_bf16_execute,1000000,64,False,1,64,59,122681219131.22423,122681219131.22423,1520656384.0,50912.0,135161839616.0,0.023758751409291283,,0.0,0.0,0.0,0.0,0.0,0.0,0.0,0.0,0.0,0.0,,3200.0,capacity_C7_C8_C9
DeepSeek-V4-Flash-0731,NVIDIA-A100-SXM-80GB-packed-HBM-BF16-execute-x16,gpu,a100_packed_hbm_bf16_execute,1000000,64,True,1,64,143,122681219131.22423,122681219131.22423,1520656384.0,50912.0,135161839616.0,0.013184030372764177,0.013184030372764175,4854.35774876645,75.84933982447578,9305289479965.205,7381810100881.57,247145061.70519748,16687346725908.48,0.0,0.0,0.0,656123923477457.8,0.5932149044677164,6400.0,gpu_weight_memory_C3
DeepSeek-V4-Flash-0731,NVIDIA-A100-SXM-80GB-packed-HBM-BF16-execute-x32,gpu,a100_packed_hbm_bf16_execute,1000000,64,True,1,64,310,122681219131.22423,122681219131.22423,1520656384.0,50912.0,135161839616.0,0.00882612447015196,0.00882612447015196,7251.200707222533,113.30001105035208,13899783483238.371,11026584647103.26,369173130.4061136,24926737303472.04,0.0,0.0,0.0,980085627013037.9,0.7942622151717069,12800.0,gpu_weight_memory_C3
DeepSeek-V4-Flash-0731,NVIDIA-A100-SXM-80GB-packed-HBM-BF16-execute-x64,gpu,a100_packed_hbm_bf16_execute,1000000,64,True,1,64,644,122681219131.22423,122681219131.22423,1520656384.0,50912.0,135161839616.0,0.006363823152973019,0.006363823152973019,10056.847662415132,157.13824472523643,19277911435032.67,15293009600767.047,512014228.1888792,34571433050027.906,0.0,0.0,0.0,1359302030789898.5,1.1453598442973967,25600.0,collective_floor_C6
DeepSeek-V4-Flash-0731,NVIDIA-A100-SXM-80GB-BF16-resident-x1,gpu,a100_bf16_expanded,1000000,64,False,1,64,0,122681219131.22423,446238682321.55005,1520656384.0,50912.0,135161839616.0,0.47819810195304846,,0.0,0.0,0.0,0.0,0.0,0.0,0.0,0.0,0.0,0.0,,400.0,capacity_C7_C8_C9
DeepSeek-V4-Flash-0731,NVIDIA-A100-SXM-80GB-BF16-resident-x2,gpu,a100_bf16_expanded,1000000,64,False,1,64,0,122681219131.22423,446238682321.55005,1520656384.0,50912.0,135161839616.0,0.23983186001181836,,0.0,0.0,0.0,0.0,0.0,0.0,0.0,0.0,0.0,0.0,,800.0,capacity_C7_C8_C9
DeepSeek-V4-Flash-0731,NVIDIA-A100-SXM-80GB-BF16-resident-x4,gpu,a100_bf16_expanded,1000000,64,False,1,64,0,122681219131.22423,446238682321.55005,1520656384.0,50912.0,135161839616.0,0.12038351099414447,,0.0,0.0,0.0,0.0,0.0,0.0,0.0,0.0,0.0,0.0,,1600.0,capacity_C7_C8_C9
DeepSeek-V4-Flash-0731,NVIDIA-A100-SXM-80GB-BF16-resident-x8,gpu,a100_bf16_expanded,1000000,64,False,1,64,0,122681219131.22423,446238682321.55005,1520656384.0,50912.0,135161839616.0,0.060709924720728635,,0.0,0.0,0.0,0.0,0.0,0.0,0.0,0.0,0.0,0.0,,3200.0,capacity_C7_C8_C9
DeepSeek-V4-Flash-0731,NVIDIA-A100-SXM-80GB-BF16-resident-x16,gpu,a100_bf16_expanded,1000000,64,True,1,64,78,122681219131.22423,446238682321.55005,1520656384.0,50912.0,135161839616.0,0.03165966252546109,0.03165966252546109,2021.4997537807112,31.585933652823613,14094865413131.912,3074006505841.0664,102918595.46448357,17168974837568.443,0.0,0.0,0.0,273229625504291.97,1.4245252134218123,6400.0,gpu_weight_memory_C3
DeepSeek-V4-Flash-0731,NVIDIA-A100-SXM-80GB-BF16-resident-x32,gpu,a100_bf16_expanded,1000000,64,True,1,64,246,122681219131.22423,446238682321.55005,1520656384.0,50912.0,135161839616.0,0.018079921883981828,0.018079921883981828,3539.8383029907745,55.30997348423085,24681449686843.047,5382877713770.647,180220247.68186632,30064507620861.375,0.0,0.0,0.0,478451056975412.7,1.627010683371383,12800.0,gpu_weight_memory_C3
DeepSeek-V4-Flash-0731,NVIDIA-A100-SXM-80GB-BF16-resident-x64,gpu,a100_bf16_expanded,1000000,64,True,1,64,580,122681219131.22423,446238682321.55005,1520656384.0,50912.0,135161839616.0,0.011187131315250353,0.011187131315250353,5720.858922318618,89.38842066122841,39888571050670.984,8699460642187.167,291260369.4530855,48588322953227.6,0.0,0.0,0.0,773241816124191.6,2.0134580539661333,25600.0,gpu_weight_memory_C3
DeepSeek-V4-Flash-0731,ROM-wafer-N7-HBM2e-conservative,rom,official_packed,1000000,64,False,3,192,33,122681219131.22423,122681219131.22423,1520656384.0,50912.0,135161839616.0,0.014348592706197455,,0.0,0.0,0.0,0.0,0.0,0.0,0.0,0.0,0.0,0.0,,45000.0,capacity_C7_C8_C9
DeepSeek-V4-Flash-0731,ROM-wafer-N7-HBM2e-central,rom,official_packed,1000000,64,True,1,64,66,122681219131.22423,122681219131.22423,1520656384.0,50912.0,135161839616.0,0.014635599435921968,0.01463559943592197,4372.899127241543,68.32654886314911,8382384313560.297,6649676974427.881,222633040.36612144,6649899607468.247,8382384313560.297,0.0,0.0,591049090493167.9,0.605266231892741,15000.0,kv_beachfront_C8
DeepSeek-V4-Flash-0731,ROM-wafer-N7-HBM2e-aggressive,rom,official_packed,1000000,64,True,1,64,100,122681219131.22423,122681219131.22423,1520656384.0,50912.0,135161839616.0,0.0075505569753527855,0.007550556975352785,8476.195889775367,132.4405607777401,16247969458636.152,12889381391821.47,431540085.1402435,12889812931906.611,16247969458636.152,0.0,0.0,1145658229407616.5,0.31225896753817095,15000.0,kv_beachfront_C8
DeepSeek-V4-Flash-0731,N7-SRAM-rich-Graphcore-style-derived-control,sram,official_packed,1000000,64,False,5,320,1,122681219131.22423,122681219131.22423,1520656384.0,50912.0,135161839616.0,0.001182686760198293,,0.0,0.0,0.0,0.0,0.0,0.0,0.0,0.0,0.0,0.0,,75000.0,capacity_C7_C8_C9
DeepSeek-V4-Pro-0813,NVIDIA-A100-SXM-80GB-packed-HBM-BF16-execute-x1,gpu,a100_packed_hbm_bf16_execute,8192,1,False,1,1,0,39666603980.0,39666603980.0,57212928.0,72312.0,109324894208.0,0.03029315260411942,,0.0,0.0,0.0,0.0,0.0,0.0,0.0,0.0,0.0,0.0,,400.0,capacity_C7_C8_C9
DeepSeek-V4-Pro-0813,NVIDIA-A100-SXM-80GB-packed-HBM-BF16-execute-x2,gpu,a100_packed_hbm_bf16_execute,8192,1,False,1,1,0,39666603980.0,39666603980.0,57212928.0,72312.0,109324894208.0,0.015547770721147155,,0.0,0.0,0.0,0.0,0.0,0.0,0.0,0.0,0.0,0.0,,800.0,capacity_C7_C8_C9
DeepSeek-V4-Pro-0813,NVIDIA-A100-SXM-80GB-packed-HBM-BF16-execute-x4,gpu,a100_packed_hbm_bf16_execute,8192,1,False,1,1,0,39666603980.0,39666603980.0,57212928.0,72312.0,109324894208.0,0.008662542197755807,,0.0,0.0,0.0,0.0,0.0,0.0,0.0,0.0,0.0,0.0,,1600.0,capacity_C7_C8_C9
DeepSeek-V4-Pro-0813,NVIDIA-A100-SXM-80GB-packed-HBM-BF16-execute-x8,gpu,a100_packed_hbm_bf16_execute,8192,1,False,1,1,0,39666603980.0,39666603980.0,57212928.0,72312.0,109324894208.0,0.005581120720734324,,0.0,0.0,0.0,0.0,0.0,0.0,0.0,0.0,0.0,0.0,,3200.0,capacity_C7_C8_C9
DeepSeek-V4-Pro-0813,NVIDIA-A100-SXM-80GB-packed-HBM-BF16-execute-x16,gpu,a100_packed_hbm_bf16_execute,8192,1,True,1,1,2924,39666603980.0,39666603980.0,57212928.0,72312.0,109324894208.0,0.00441005849890894,0.00441005849890894,226.75436170459022,226.75436170459022,8994575466473.658,12973280969.890678,16397061.403582329,9007565144504.953,0.0,0.0,0.0,24789896604556.895,12.69954565168708,6400.0,gpu_weight_memory_C3
DeepSeek-V4-Pro-0813,NVIDIA-A100-SXM-80GB-packed-HBM-BF16-execute-x32,gpu,a100_packed_hbm_bf16_execute,8192,1,True,1,1,15915,39666603980.0,39666603980.0,57212928.0,72312.0,109324894208.0,0.004009642356908053,0.004009642356908053,249.39880193482588,249.39880193482588,9892803509435.195,14268835698.383453,18034526.165511128,9907090379659.744,0.0,0.0,0.0,27265497637126.785,23.09295269942107,12800.0,gpu_weight_memory_C3
DeepSeek-V4-Pro-0813,NVIDIA-A100-SXM-80GB-packed-HBM-BF16-execute-x64,gpu,a100_packed_hbm_bf16_execute,8192,1,True,1,1,41899,39666603980.0,39666603980.0,57212928.0,72312.0,109324894208.0,0.004096986672643743,0.004096986672643743,244.08182889077116,244.08182889077116,9681897245324.342,13964636102.43601,17650045.210749444,9695879531471.988,0.0,0.0,0.0,26684220121578.715,47.19199919589738,25600.0,gpu_weight_memory_C3
DeepSeek-V4-Pro-0813,NVIDIA-A100-SXM-80GB-BF16-resident-x1,gpu,a100_bf16_expanded,8192,1,False,1,1,0,39666603980.0,97877373836.0,57212928.0,72312.0,109324894208.0,0.07850939049988875,,0.0,0.0,0.0,0.0,0.0,0.0,0.0,0.0,0.0,0.0,,400.0,capacity_C7_C8_C9
DeepSeek-V4-Pro-0813,NVIDIA-A100-SXM-80GB-BF16-resident-x2,gpu,a100_bf16_expanded,8192,1,False,1,1,0,39666603980.0,97877373836.0,57212928.0,72312.0,109324894208.0,0.03991455339239123,,0.0,0.0,0.0,0.0,0.0,0.0,0.0,0.0,0.0,0.0,,800.0,capacity_C7_C8_C9
DeepSeek-V4-Pro-0813,NVIDIA-A100-SXM-80GB-BF16-resident-x4,gpu,a100_bf16_expanded,8192,1,False,1,1,0,39666603980.0,97877373836.0,57212928.0,72312.0,109324894208.0,0.022480731286002763,,0.0,0.0,0.0,0.0,0.0,0.0,0.0,0.0,0.0,0.0,,1600.0,capacity_C7_C8_C9
DeepSeek-V4-Pro-0813,NVIDIA-A100-SXM-80GB-BF16-resident-x8,gpu,a100_bf16_expanded,8192,1,False,1,1,0,39666603980.0,97877373836.0,57212928.0,72312.0,109324894208.0,0.014925196529436628,,0.0,0.0,0.0,0.0,0.0,0.0,0.0,0.0,0.0,0.0,,3200.0,capacity_C7_C8_C9
DeepSeek-V4-Pro-0813,NVIDIA-A100-SXM-80GB-BF16-resident-x16,gpu,a100_bf16_expanded,8192,1,False,1,1,0,39666603980.0,97877373836.0,57212928.0,72312.0,109324894208.0,0.011731017371754486,,0.0,0.0,0.0,0.0,0.0,0.0,0.0,0.0,0.0,0.0,,6400.0,capacity_C7_C8_C9
DeepSeek-V4-Pro-0813,NVIDIA-A100-SXM-80GB-BF16-resident-x32,gpu,a100_bf16_expanded,8192,1,False,1,1,0,39666603980.0,97877373836.0,57212928.0,72312.0,109324894208.0,0.010369928713937793,,0.0,0.0,0.0,0.0,0.0,0.0,0.0,0.0,0.0,0.0,,12800.0,capacity_C7_C8_C9
DeepSeek-V4-Pro-0813,NVIDIA-A100-SXM-80GB-BF16-resident-x64,gpu,a100_bf16_expanded,8192,1,True,1,1,14737,39666603980.0,97877373836.0,57212928.0,72312.0,109324894208.0,0.009989142358624303,0.009989142358624303,100.10869443027131,100.10869443027131,9798376108985.557,5727511526.613113,7239059.911641779,9804110859572.082,0.0,0.0,0.0,10944372427890.41,115.06202871089843,25600.0,gpu_weight_memory_C3
DeepSeek-V4-Pro-0813,ROM-wafer-N7-HBM2e-conservative,rom,official_packed,8192,1,True,16,16,2441,39666603980.0,39666603980.0,57212928.0,72312.0,109324894208.0,8.977051684722885e-05,0.0014443790695556616,11139.514788600321,692.3390272524739,441866721648762.3,637324257555.1254,805520593.3932664,638129778148.5187,441866721648762.3,0.0,0.0,1217826275792181.8,2.277705087487449,240000.0,collective_floor_C6
DeepSeek-V4-Pro-0813,ROM-wafer-N7-HBM2e-central,rom,official_packed,8192,1,True,6,6,5139,39666603980.0,39666603980.0,57212928.0,72312.0,109324894208.0,3.3600236468051104e-05,0.00020428501880830665,29761.695306842656,4895.1215602273915,1180545381509952.2,1702753730748.3267,2152127711.028406,1704905858459.355,1180545381509952.2,0.0,0.0,3253694190871303.5,0.3434623548194529,90000.0,collective_floor_C6
DeepSeek-V4-Pro-0813,ROM-wafer-N7-HBM2e-aggressive,rom,official_packed,8192,1,True,3,3,7760,39666603980.0,39666603980.0,57212928.0,72312.0,109324894208.0,1.7796874621009738e-05,5.446406386302922e-05,56189.64123169528,18360.730527102856,2228852246515935.8,3214773898134.813,4063185336.746349,3218837083471.5596,2228852246515935.8,0.0,0.0,6142926583240561.0,0.10103053807213544,45000.0,collective_floor_C6
DeepSeek-V4-Pro-0813,N7-SRAM-rich-Graphcore-style-derived-control,sram,official_packed,8192,1,True,31,31,149,39666603980.0,39666603980.0,57212928.0,72312.0,109324894208.0,9.302020138332918e-06,0.00030446422428832045,107503.52989229468,3284.458140648484,4264299946689745.5,6150591715473.703,7773795253.571613,0.0,0.0,4264299946689745.5,6158365510727.274,1.1752812032461682e+16,0.436884011717623,465000.0,compute_C5
DeepSeek-V4-Pro-0813,NVIDIA-A100-SXM-80GB-packed-HBM-BF16-execute-x1,gpu,a100_packed_hbm_bf16_execute,8192,8,False,1,8,0,124131495810.51216,124131495810.51216,57212928.0,72312.0,109324894208.0,0.10810872788544323,,0.0,0.0,0.0,0.0,0.0,0.0,0.0,0.0,0.0,0.0,,400.0,capacity_C7_C8_C9
DeepSeek-V4-Pro-0813,NVIDIA-A100-SXM-80GB-packed-HBM-BF16-execute-x2,gpu,a100_packed_hbm_bf16_execute,8192,8,False,1,8,0,124131495810.51216,124131495810.51216,57212928.0,72312.0,109324894208.0,0.05450603377801667,,0.0,0.0,0.0,0.0,0.0,0.0,0.0,0.0,0.0,0.0,,800.0,capacity_C7_C8_C9
DeepSeek-V4-Pro-0813,NVIDIA-A100-SXM-80GB-packed-HBM-BF16-execute-x4,gpu,a100_packed_hbm_bf16_execute,8192,8,False,1,8,0,124131495810.51216,124131495810.51216,57212928.0,72312.0,109324894208.0,0.027622427958170014,,0.0,0.0,0.0,0.0,0.0,0.0,0.0,0.0,0.0,0.0,,1600.0,capacity_C7_C8_C9
DeepSeek-V4-Pro-0813,NVIDIA-A100-SXM-80GB-packed-HBM-BF16-execute-x8,gpu,a100_packed_hbm_bf16_execute,8192,8,False,1,8,0,124131495810.51216,124131495810.51216,57212928.0,72312.0,109324894208.0,0.014278187297470036,,0.0,0.0,0.0,0.0,0.0,0.0,0.0,0.0,0.0,0.0,,3200.0,capacity_C7_C8_C9
DeepSeek-V4-Pro-0813,NVIDIA-A100-SXM-80GB-packed-HBM-BF16-execute-x16,gpu,a100_packed_hbm_bf16_execute,8192,8,True,1,8,2924,124131495810.51216,124131495810.51216,57212928.0,72312.0,109324894208.0,0.008335252407982763,0.008335252407982763,959.7789735003479,119.97237168754349,14892349953509.512,54911765306.789314,69403537.13175716,14947331122353.434,0.0,0.0,0.0,104927734740988.38,3.0003547146738625,6400.0,gpu_weight_memory_C3
DeepSeek-V4-Pro-0813,NVIDIA-A100-SXM-80GB-packed-HBM-BF16-execute-x32,gpu,a100_packed_hbm_bf16_execute,8192,8,True,1,8,15915,124131495810.51216,124131495810.51216,57212928.0,72312.0,109324894208.0,0.006160972048420538,0.006160972048420537,1298.4963958813814,162.31204948517268,20148037490664.35,74290780805.82097,93896871.37897445,20222422168341.55,0.0,0.0,0.0,141957981109201.3,4.435402943466728,12800.0,gpu_weight_memory_C3
DeepSeek-V4-Pro-0813,NVIDIA-A100-SXM-80GB-packed-HBM-BF16-execute-x64,gpu,a100_packed_hbm_bf16_execute,8192,8,True,1,8,41899,124131495810.51216,124131495810.51216,57212928.0,72312.0,109324894208.0,0.005400469706326674,0.005400469706326674,1481.352629499609,185.16907868745113,22985314715327.74,84752521334.17181,107119571.34437573,23070174356233.254,0.0,0.0,0.0,161948719504787.38,7.7758051954431515,25600.0,gpu_weight_memory_C3
DeepSeek-V4-Pro-0813,NVIDIA-A100-SXM-80GB-BF16-resident-x1,gpu,a100_bf16_expanded,8192,8,False,1,8,0,124131495810.51216,415862848962.63403,57212928.0,72312.0,109324894208.0,0.37064452575000534,,0.0,0.0,0.0,0.0,0.0,0.0,0.0,0.0,0.0,0.0,,400.0,capacity_C7_C8_C9
DeepSeek-V4-Pro-0813,NVIDIA-A100-SXM-80GB-BF16-resident-x2,gpu,a100_bf16_expanded,8192,8,False,1,8,0,124131495810.51216,415862848962.63403,57212928.0,72312.0,109324894208.0,0.18577393271030032,,0.0,0.0,0.0,0.0,0.0,0.0,0.0,0.0,0.0,0.0,,800.0,capacity_C7_C8_C9
DeepSeek-V4-Pro-0813,NVIDIA-A100-SXM-80GB-BF16-resident-x4,gpu,a100_bf16_expanded,8192,8,False,1,8,0,124131495810.51216,415862848962.63403,57212928.0,72312.0,109324894208.0,0.09325650664597336,,0.0,0.0,0.0,0.0,0.0,0.0,0.0,0.0,0.0,0.0,,1600.0,capacity_C7_C8_C9
DeepSeek-V4-Pro-0813,NVIDIA-A100-SXM-80GB-BF16-resident-x8,gpu,a100_bf16_expanded,8192,8,False,1,8,0,124131495810.51216,415862848962.63403,57212928.0,72312.0,109324894208.0,0.04716667848285835,,0.0,0.0,0.0,0.0,0.0,0.0,0.0,0.0,0.0,0.0,,3200.0,capacity_C7_C8_C9
DeepSeek-V4-Pro-0813,NVIDIA-A100-SXM-80GB-BF16-resident-x16,gpu,a100_bf16_expanded,8192,8,False,1,8,0,124131495810.51216,415862848962.63403,57212928.0,72312.0,109324894208.0,0.025610913316382624,,0.0,0.0,0.0,0.0,0.0,0.0,0.0,0.0,0.0,0.0,,6400.0,capacity_C7_C8_C9
DeepSeek-V4-Pro-0813,NVIDIA-A100-SXM-80GB-BF16-resident-x32,gpu,a100_bf16_expanded,8192,8,False,1,8,0,124131495810.51216,415862848962.63403,57212928.0,72312.0,109324894208.0,0.016751094707806963,,0.0,0.0,0.0,0.0,0.0,0.0,0.0,0.0,0.0,0.0,,12800.0,capacity_C7_C8_C9
DeepSeek-V4-Pro-0813,NVIDIA-A100-SXM-80GB-BF16-resident-x64,gpu,a100_bf16_expanded,8192,8,True,1,8,14737,124131495810.51216,415862848962.63403,57212928.0,72312.0,109324894208.0,0.013191190345400537,0.013191190345400537,606.4653598747755,75.80816998434693,31525801544334.156,34697658969.00962,43854723.103264764,31560543058026.27,0.0,0.0,0.0,66301761309126.48,18.993186148545814,25600.0,gpu_weight_memory_C3
DeepSeek-V4-Pro-0813,ROM-wafer-N7-HBM2e-conservative,rom,official_packed,8192,8,True,16,128,2441,124131495810.51216,124131495810.51216,57212928.0,72312.0,109324894208.0,0.00032234096404612354,0.005165506224737977,24818.44038555176,193.59186815242404,385093766092820.5,1419935642850.865,1794671061.160019,1421730313912.025,385093766092820.5,0.0,0.0,2713273369558001.0,1.0223257026620993,240000.0,compute_C5
DeepSeek-V4-Pro-0813,ROM-wafer-N7-HBM2e-central,rom,official_packed,8192,8,True,6,48,5139,124131495810.51216,124131495810.51216,57212928.0,72312.0,109324894208.0,0.00014471992836768153,0.0008710031702060891,55279.187118410286,1148.1014469366269,857736023024683.0,3162684152504.1353,3997348578.9064846,3166681501083.0415,857736023024683.0,0.0,0.0,6043391283624441.0,0.18491628561055443,90000.0,compute_C5
DeepSeek-V4-Pro-0813,ROM-wafer-N7-HBM2e-aggressive,rom,official_packed,8192,8,True,3,24,7760,124131495810.51216,124131495810.51216,57212928.0,72312.0,109324894208.0,8.938507535553588e-05,0.0002692286660666077,89500.4000184527,3714.3147295934605,1388727316241215.5,5120579942226.933,6471952926.134352,5127051895153.067,1388727316241215.5,0.0,0.0,9784621763591022.0,0.06342842810253357,45000.0,compute_C5
DeepSeek-V4-Pro-0813,N7-SRAM-rich-Graphcore-style-derived-control,sram,official_packed,8192,8,True,31,248,149,124131495810.51216,124131495810.51216,57212928.0,72312.0,109324894208.0,5.0532883890052794e-05,0.0015826210005916365,158312.7536794861,631.863219068979,2456449865014472.0,9057536177746.174,11447911844.071,0.0,0.0,2456449865014472.0,9068984089590.244,1.7307525047786982e+16,0.29666955012505064,465000.0,compute_C5
DeepSeek-V4-Pro-0813,NVIDIA-A100-SXM-80GB-packed-HBM-BF16-execute-x1,gpu,a100_packed_hbm_bf16_execute,8192,32,False,1,32,0,352239449751.31995,352239449751.31995,57212928.0,72312.0,109324894208.0,0.3184746538149512,,0.0,0.0,0.0,0.0,0.0,0.0,0.0,0.0,0.0,0.0,,400.0,capacity_C7_C8_C9
DeepSeek-V4-Pro-0813,NVIDIA-A100-SXM-80GB-packed-HBM-BF16-execute-x2,gpu,a100_packed_hbm_bf16_execute,8192,32,False,1,32,0,352239449751.31995,352239449751.31995,57212928.0,72312.0,109324894208.0,0.16018282977806383,,0.0,0.0,0.0,0.0,0.0,0.0,0.0,0.0,0.0,0.0,,800.0,capacity_C7_C8_C9
DeepSeek-V4-Pro-0813,NVIDIA-A100-SXM-80GB-packed-HBM-BF16-execute-x4,gpu,a100_packed_hbm_bf16_execute,8192,32,False,1,32,0,352239449751.31995,352239449751.31995,57212928.0,72312.0,109324894208.0,0.08070769573609074,,0.0,0.0,0.0,0.0,0.0,0.0,0.0,0.0,0.0,0.0,,1600.0,capacity_C7_C8_C9
DeepSeek-V4-Pro-0813,NVIDIA-A100-SXM-80GB-packed-HBM-BF16-execute-x8,gpu,a100_packed_hbm_bf16_execute,8192,32,False,1,32,0,352239449751.31995,352239449751.31995,57212928.0,72312.0,109324894208.0,0.04104189347810063,,0.0,0.0,0.0,0.0,0.0,0.0,0.0,0.0,0.0,0.0,,3200.0,capacity_C7_C8_C9
DeepSeek-V4-Pro-0813,NVIDIA-A100-SXM-80GB-packed-HBM-BF16-execute-x16,gpu,a100_packed_hbm_bf16_execute,8192,32,True,1,32,2924,352239449751.31995,352239449751.31995,57212928.0,72312.0,109324894208.0,0.02221988379522669,0.02221988379522669,1440.151546016379,45.00473581301184,15852443378978.812,82395286711.32378,104140238.5955364,15934942805928.732,0.0,0.0,0.0,157444415411728.28,1.9995655152765832,6400.0,gpu_weight_memory_C3
DeepSeek-V4-Pro-0813,NVIDIA-A100-SXM-80GB-packed-HBM-BF16-execute-x32,gpu,a100_packed_hbm_bf16_execute,8192,32,True,1,32,15915,352239449751.31995,352239449751.31995,57212928.0,72312.0,109324894208.0,0.014046154484587067,0.014046154484587067,2278.2036204367396,71.19386313864811,25077287177628.19,130342699705.3865,164741460.20102152,25207794618793.777,0.0,0.0,0.0,249064369788529.16,2.5280245737073885,12800.0,gpu_weight_memory_C3
DeepSeek-V4-Pro-0813,NVIDIA-A100-SXM-80GB-packed-HBM-BF16-execute-x64,gpu,a100_packed_hbm_bf16_execute,8192,32,True,1,32,41899,352239449751.31995,352239449751.31995,57212928.0,72312.0,109324894208.0,0.009920763775580894,0.009920763775580894,3225.5581045851777,100.7986907682868,35505275371874.8,184543623597.44824,233246557.65876338,35690052242029.91,0.0,0.0,0.0,352633798545531.56,3.571074864958229,25600.0,gpu_weight_memory_C3
DeepSeek-V4-Pro-0813,NVIDIA-A100-SXM-80GB-BF16-resident-x1,gpu,a100_bf16_expanded,8192,32,False,1,32,0,352239449751.31995,1274622204975.087,57212928.0,72312.0,109324894208.0,1.15980710025718,,0.0,0.0,0.0,0.0,0.0,0.0,0.0,0.0,0.0,0.0,,400.0,capacity_C7_C8_C9
DeepSeek-V4-Pro-0813,NVIDIA-A100-SXM-80GB-BF16-resident-x2,gpu,a100_bf16_expanded,8192,32,False,1,32,0,352239449751.31995,1274622204975.087,57212928.0,72312.0,109324894208.0,0.5808490529991782,,0.0,0.0,0.0,0.0,0.0,0.0,0.0,0.0,0.0,0.0,,800.0,capacity_C7_C8_C9
DeepSeek-V4-Pro-0813,NVIDIA-A100-SXM-80GB-BF16-resident-x4,gpu,a100_bf16_expanded,8192,32,False,1,32,0,352239449751.31995,1274622204975.087,57212928.0,72312.0,109324894208.0,0.29104080734664795,,0.0,0.0,0.0,0.0,0.0,0.0,0.0,0.0,0.0,0.0,,1600.0,capacity_C7_C8_C9
DeepSeek-V4-Pro-0813,NVIDIA-A100-SXM-80GB-BF16-resident-x8,gpu,a100_bf16_expanded,8192,32,False,1,32,0,352239449751.31995,1274622204975.087,57212928.0,72312.0,109324894208.0,0.14620844944128286,,0.0,0.0,0.0,0.0,0.0,0.0,0.0,0.0,0.0,0.0,,3200.0,capacity_C7_C8_C9
DeepSeek-V4-Pro-0813,NVIDIA-A100-SXM-80GB-BF16-resident-x16,gpu,a100_bf16_expanded,8192,32,False,1,32,0,352239449751.31995,1274622204975.087,57212928.0,72312.0,109324894208.0,0.07480599367399747,,0.0,0.0,0.0,0.0,0.0,0.0,0.0,0.0,0.0,0.0,,6400.0,capacity_C7_C8_C9
DeepSeek-V4-Pro-0813,NVIDIA-A100-SXM-80GB-BF16-resident-x32,gpu,a100_bf16_expanded,8192,32,False,1,32,0,352239449751.31995,1274622204975.087,57212928.0,72312.0,109324894208.0,0.04054634723501745,,0.0,0.0,0.0,0.0,0.0,0.0,0.0,0.0,0.0,0.0,,12800.0,capacity_C7_C8_C9
DeepSeek-V4-Pro-0813,NVIDIA-A100-SXM-80GB-BF16-resident-x64,gpu,a100_bf16_expanded,8192,32,True,1,32,14737,352239449751.31995,1274622204975.087,57212928.0,72312.0,109324894208.0,0.0243624288487082,0.0243624288487082,1313.4979356418635,41.046810488808234,52319176092439.27,75149062820.02657,94981662.72213443,52394420136922.02,0.0,0.0,0.0,143598022856473.12,8.769491873710193,25600.0,gpu_weight_memory_C3
DeepSeek-V4-Pro-0813,ROM-wafer-N7-HBM2e-conservative,rom,official_packed,8192,32,True,16,512,2441,352239449751.31995,352239449751.31995,57212928.0,72312.0,109324894208.0,0.001119760197647909,0.017924213962366542,28577.547288443537,55.790452072240804,314566860378864.94,1635005155430.3152,2066499599.521929,1637071655029.8372,314566860378864.94,0.0,0.0,3124237334033207.0,0.8878483954568422,240000.0,compute_C5
DeepSeek-V4-Pro-0813,ROM-wafer-N7-HBM2e-central,rom,official_packed,8192,32,True,6,192,5139,352239449751.31995,352239449751.31995,57212928.0,72312.0,109324894208.0,0.000527701262292275,0.0031688911737536504,60640.37038872258,315.5677949064653,667497834326246.1,3469413144943.317,4385026463.549307,3473798171406.866,667497834326246.1,0.0,0.0,6629502077481032.0,0.16856793400140987,90000.0,compute_C5
DeepSeek-V4-Pro-0813,ROM-wafer-N7-HBM2e-aggressive,rom,official_packed,8192,32,True,3,96,7760,352239449751.31995,352239449751.31995,57212928.0,72312.0,109324894208.0,0.0003348303350167684,0.0010055644450503052,95570.79109453279,994.4663466596347,1051993839607393.1,5467884789794.546,6910915045.627855,5474795704840.174,1051993839607393.1,0.0,0.0,1.0448266625784666e+16,0.05939963060579052,45000.0,compute_C5
DeepSeek-V4-Pro-0813,N7-SRAM-rich-Graphcore-style-derived-control,sram,official_packed,8192,32,True,31,992,149,352239449751.31995,352239449751.31995,57212928.0,72312.0,109324894208.0,0.00019189584532452094,0.00596487280506015,166757.12778400086,167.64816831495133,1835576216648344.0,9540663545392.84,12058541424.31667,0.0,0.0,1835576216648344.0,9552722086817.156,1.823070535341583e+16,0.281646572097275,465000.0,compute_C5
DeepSeek-V4-Pro-0813,NVIDIA-A100-SXM-80GB-packed-HBM-BF16-execute-x1,gpu,a100_packed_hbm_bf16_execute,8192,64,False,1,64,0,548837516692.9358,548837516692.9358,57212928.0,72312.0,109324894208.0,0.5002595475406909,,0.0,0.0,0.0,0.0,0.0,0.0,0.0,0.0,0.0,0.0,,400.0,capacity_C7_C8_C9
DeepSeek-V4-Pro-0813,NVIDIA-A100-SXM-80GB-packed-HBM-BF16-execute-x2,gpu,a100_packed_hbm_bf16_execute,8192,64,False,1,64,0,548837516692.9358,548837516692.9358,57212928.0,72312.0,109324894208.0,0.2517337206879925,,0.0,0.0,0.0,0.0,0.0,0.0,0.0,0.0,0.0,0.0,,800.0,capacity_C7_C8_C9
DeepSeek-V4-Pro-0813,NVIDIA-A100-SXM-80GB-packed-HBM-BF16-execute-x4,gpu,a100_packed_hbm_bf16_execute,8192,64,False,1,64,0,548837516692.9358,548837516692.9358,57212928.0,72312.0,109324894208.0,0.1268123632145845,,0.0,0.0,0.0,0.0,0.0,0.0,0.0,0.0,0.0,0.0,,1600.0,capacity_C7_C8_C9
DeepSeek-V4-Pro-0813,NVIDIA-A100-SXM-80GB-packed-HBM-BF16-execute-x8,gpu,a100_packed_hbm_bf16_execute,8192,64,False,1,64,0,548837516692.9358,548837516692.9358,57212928.0,72312.0,109324894208.0,0.06442344918376326,,0.0,0.0,0.0,0.0,0.0,0.0,0.0,0.0,0.0,0.0,,3200.0,capacity_C7_C8_C9
DeepSeek-V4-Pro-0813,NVIDIA-A100-SXM-80GB-packed-HBM-BF16-execute-x16,gpu,a100_packed_hbm_bf16_execute,8192,64,True,1,64,2924,548837516692.9358,548837516692.9358,57212928.0,72312.0,109324894208.0,0.03497961330287703,0.03497961330287703,1829.6371502407685,28.588080472512008,15690211093551.3,104678898542.85027,132304721.60821046,15795022296815.76,0.0,0.0,0.0,200024887889098.62,1.5739062621283468,6400.0,gpu_weight_memory_C3
DeepSeek-V4-Pro-0813,NVIDIA-A100-SXM-80GB-packed-HBM-BF16-execute-x32,gpu,a100_packed_hbm_bf16_execute,8192,64,True,1,64,15915,548837516692.9358,548837516692.9358,57212928.0,72312.0,109324894208.0,0.02245639033235216,0.02245639033235216,2849.9682741886336,44.5307542841974,24440148597802.21,163055029673.43854,206086905.84312847,24603409714381.492,0.0,0.0,0.0,311572480071828.7,2.020848719101221,12800.0,gpu_weight_memory_C3
DeepSeek-V4-Pro-0813,NVIDIA-A100-SXM-80GB-packed-HBM-BF16-execute-x64,gpu,a100_packed_hbm_bf16_execute,8192,64,True,1,64,41899,548837516692.9358,548837516692.9358,57212928.0,72312.0,109324894208.0,0.015255234519837457,0.015255234519837459,4195.281292908102,65.55127020168909,35976996353562.69,240024326550.89813,303369180.8527707,36217324049294.44,0.0,0.0,0.0,458648683519979.7,2.745634599572189,25600.0,gpu_weight_memory_C3
DeepSeek-V4-Pro-0813,NVIDIA-A100-SXM-80GB-BF16-resident-x1,gpu,a100_bf16_expanded,8192,64,False,1,64,0,548837516692.9358,2014756104049.4053,57212928.0,72312.0,109324894208.0,1.8404360732743532,,0.0,0.0,0.0,0.0,0.0,0.0,0.0,0.0,0.0,0.0,,400.0,capacity_C7_C8_C9
DeepSeek-V4-Pro-0813,NVIDIA-A100-SXM-80GB-BF16-resident-x2,gpu,a100_bf16_expanded,8192,64,False,1,64,0,548837516692.9358,2014756104049.4053,57212928.0,72312.0,109324894208.0,0.9218219835548237,,0.0,0.0,0.0,0.0,0.0,0.0,0.0,0.0,0.0,0.0,,800.0,capacity_C7_C8_C9
DeepSeek-V4-Pro-0813,NVIDIA-A100-SXM-80GB-BF16-resident-x4,gpu,a100_bf16_expanded,8192,64,False,1,64,0,548837516692.9358,2014756104049.4053,57212928.0,72312.0,109324894208.0,0.46185649464800005,,0.0,0.0,0.0,0.0,0.0,0.0,0.0,0.0,0.0,0.0,,1600.0,capacity_C7_C8_C9
DeepSeek-V4-Pro-0813,NVIDIA-A100-SXM-80GB-BF16-resident-x8,gpu,a100_bf16_expanded,8192,64,False,1,64,0,548837516692.9358,2014756104049.4053,57212928.0,72312.0,109324894208.0,0.23194551490047227,,0.0,0.0,0.0,0.0,0.0,0.0,0.0,0.0,0.0,0.0,,3200.0,capacity_C7_C8_C9
DeepSeek-V4-Pro-0813,NVIDIA-A100-SXM-80GB-BF16-resident-x16,gpu,a100_bf16_expanded,8192,64,False,1,64,0,548837516692.9358,2014756104049.4053,57212928.0,72312.0,109324894208.0,0.11874065827502156,,0.0,0.0,0.0,0.0,0.0,0.0,0.0,0.0,0.0,0.0,,6400.0,capacity_C7_C8_C9
DeepSeek-V4-Pro-0813,NVIDIA-A100-SXM-80GB-BF16-resident-x32,gpu,a100_bf16_expanded,8192,64,False,1,64,0,548837516692.9358,2014756104049.4053,57212928.0,72312.0,109324894208.0,0.06435489137153862,,0.0,0.0,0.0,0.0,0.0,0.0,0.0,0.0,0.0,0.0,,12800.0,capacity_C7_C8_C9
DeepSeek-V4-Pro-0813,NVIDIA-A100-SXM-80GB-BF16-resident-x64,gpu,a100_bf16_expanded,8192,64,True,1,64,14737,548837516692.9358,2014756104049.4053,57212928.0,72312.0,109324894208.0,0.036650023346612146,0.036650023346612146,1746.2471822931602,27.28511222333063,54972846401628.42,99907914310.74146,126274626.245983,55072880590565.41,0.0,0.0,0.0,190908288465217.84,6.596265173421865,25600.0,gpu_weight_memory_C3
DeepSeek-V4-Pro-0813,ROM-wafer-N7-HBM2e-conservative,rom,official_packed,8192,64,True,16,1024,2441,548837516692.9358,548837516692.9358,57212928.0,72312.0,109324894208.0,0.002182980761149476,0.034935742978391617,29317.711424217956,28.62397976246041,251416561456060.88,1677352112838.5593,2120022348.5080488,1679472135187.0674,251416561456060.88,0.0,0.0,3205155699873301.0,0.8654334964624011,240000.0,compute_C5
DeepSeek-V4-Pro-0813,ROM-wafer-N7-HBM2e-central,rom,official_packed,8192,64,True,6,384,5139,548837516692.9358,548837516692.9358,57212928.0,72312.0,109324894208.0,0.0010383430408583995,0.006232741845150397,61636.66291545723,160.44303211083337,528570515808736.1,3526413957542.3247,4457070368.742543,3530871027911.0674,528570515808736.1,0.0,0.0,6738421652566518.0,0.16584320873321912,90000.0,compute_C5
DeepSeek-V4-Pro-0813,ROM-wafer-N7-HBM2e-aggressive,rom,official_packed,8192,64,True,3,192,7760,548837516692.9358,548837516692.9358,57212928.0,72312.0,109324894208.0,0.0006620906812317451,0.001987345483695235,96663.49612553859,503.1837736338715,828946143256216.0,5530401644058.718,6989930731.8299465,5537391574790.548,828946143256216.0,0.0,0.0,1.0567726487699924e+16,0.05872816435633335,45000.0,compute_C5
DeepSeek-V4-Pro-0813,N7-SRAM-rich-Graphcore-style-derived-control,sram,official_packed,8192,64,True,31,1984,149,548837516692.9358,548837516692.9358,57212928.0,72312.0,109324894208.0,0.0003803797939038118,0.011807875211018165,168252.89099395205,84.68924189399291,1442867169836373.0,9626240538228.828,12166703053.55466,0.0,0.0,1442867169836373.0,9638407241282.383,1.8394229508103964e+16,0.27914274242597914,465000.0,compute_C5
DeepSeek-V4-Pro-0813,NVIDIA-A100-SXM-80GB-packed-HBM-BF16-execute-x1,gpu,a100_packed_hbm_bf16_execute,32768,1,False,1,1,0,39666603980.0,39666603980.0,110493696.0,72312.0,113905074176.0,0.030332447089474544,,0.0,0.0,0.0,0.0,0.0,0.0,0.0,0.0,0.0,0.0,,400.0,capacity_C7_C8_C9
DeepSeek-V4-Pro-0813,NVIDIA-A100-SXM-80GB-packed-HBM-BF16-execute-x2,gpu,a100_packed_hbm_bf16_execute,32768,1,False,1,1,0,39666603980.0,39666603980.0,110493696.0,72312.0,113905074176.0,0.015567417963824716,,0.0,0.0,0.0,0.0,0.0,0.0,0.0,0.0,0.0,0.0,,800.0,capacity_C7_C8_C9
DeepSeek-V4-Pro-0813,NVIDIA-A100-SXM-80GB-packed-HBM-BF16-execute-x4,gpu,a100_packed_hbm_bf16_execute,32768,1,False,1,1,0,39666603980.0,39666603980.0,110493696.0,72312.0,113905074176.0,0.008672365819094589,,0.0,0.0,0.0,0.0,0.0,0.0,0.0,0.0,0.0,0.0,,1600.0,capacity_C7_C8_C9
DeepSeek-V4-Pro-0813,NVIDIA-A100-SXM-80GB-packed-HBM-BF16-execute-x8,gpu,a100_packed_hbm_bf16_execute,32768,1,False,1,1,0,39666603980.0,39666603980.0,110493696.0,72312.0,113905074176.0,0.005586032531403715,,0.0,0.0,0.0,0.0,0.0,0.0,0.0,0.0,0.0,0.0,,3200.0,capacity_C7_C8_C9
DeepSeek-V4-Pro-0813,NVIDIA-A100-SXM-80GB-packed-HBM-BF16-execute-x16,gpu,a100_packed_hbm_bf16_execute,32768,1,True,1,1,784,39666603980.0,39666603980.0,110493696.0,72312.0,113905074176.0,0.004412514404243635,0.004412514404243635,226.62815537514683,226.62815537514683,8989569289983.857,25040982505.06224,16387935.171487618,9014626660424.092,0.0,0.0,0.0,25814096848376.152,12.706617866697815,6400.0,gpu_weight_memory_C3
DeepSeek-V4-Pro-0813,NVIDIA-A100-SXM-80GB-packed-HBM-BF16-execute-x32,gpu,a100_packed_hbm_bf16_execute,32768,1,True,1,1,4267,39666603980.0,39666603980.0,110493696.0,72312.0,113905074176.0,0.0040108703095754015,0.0040108703095754015,249.3224469543773,249.3224469543773,9889774766663.842,27548558659.753094,18029004.78416493,9917341354328.379,0.0,0.0,0.0,28399091814080.17,23.100024914431803,12800.0,gpu_weight_memory_C3
DeepSeek-V4-Pro-0813,NVIDIA-A100-SXM-80GB-packed-HBM-BF16-execute-x64,gpu,a100_packed_hbm_bf16_execute,32768,1,True,1,1,11234,39666603980.0,39666603980.0,110493696.0,72312.0,113905074176.0,0.004097600648977418,0.004097600648977418,244.04525615485647,244.04525615485647,9680446529092.35,26965462343.81684,17647400.56306998,9707429638836.73,0.0,0.0,0.0,27797993004619.848,47.19907141090812,25600.0,gpu_weight_memory_C3
DeepSeek-V4-Pro-0813,NVIDIA-A100-SXM-80GB-BF16-resident-x1,gpu,a100_bf16_expanded,32768,1,False,1,1,0,39666603980.0,97877373836.0,110493696.0,72312.0,113905074176.0,0.07854868498524388,,0.0,0.0,0.0,0.0,0.0,0.0,0.0,0.0,0.0,0.0,,400.0,capacity_C7_C8_C9
DeepSeek-V4-Pro-0813,NVIDIA-A100-SXM-80GB-BF16-resident-x2,gpu,a100_bf16_expanded,32768,1,False,1,1,0,39666603980.0,97877373836.0,110493696.0,72312.0,113905074176.0,0.03993420063506879,,0.0,0.0,0.0,0.0,0.0,0.0,0.0,0.0,0.0,0.0,,800.0,capacity_C7_C8_C9
DeepSeek-V4-Pro-0813,NVIDIA-A100-SXM-80GB-BF16-resident-x4,gpu,a100_bf16_expanded,32768,1,False,1,1,0,39666603980.0,97877373836.0,110493696.0,72312.0,113905074176.0,0.022490554907341545,,0.0,0.0,0.0,0.0,0.0,0.0,0.0,0.0,0.0,0.0,,1600.0,capacity_C7_C8_C9
DeepSeek-V4-Pro-0813,NVIDIA-A100-SXM-80GB-BF16-resident-x8,gpu,a100_bf16_expanded,32768,1,False,1,1,0,39666603980.0,97877373836.0,110493696.0,72312.0,113905074176.0,0.014930108340106017,,0.0,0.0,0.0,0.0,0.0,0.0,0.0,0.0,0.0,0.0,,3200.0,capacity_C7_C8_C9
DeepSeek-V4-Pro-0813,NVIDIA-A100-SXM-80GB-BF16-resident-x16,gpu,a100_bf16_expanded,32768,1,False,1,1,0,39666603980.0,97877373836.0,110493696.0,72312.0,113905074176.0,0.011733473277089183,,0.0,0.0,0.0,0.0,0.0,0.0,0.0,0.0,0.0,0.0,,6400.0,capacity_C7_C8_C9
DeepSeek-V4-Pro-0813,NVIDIA-A100-SXM-80GB-BF16-resident-x32,gpu,a100_bf16_expanded,32768,1,False,1,1,0,39666603980.0,97877373836.0,110493696.0,72312.0,113905074176.0,0.01037115666660514,,0.0,0.0,0.0,0.0,0.0,0.0,0.0,0.0,0.0,0.0,,12800.0,capacity_C7_C8_C9
DeepSeek-V4-Pro-0813,NVIDIA-A100-SXM-80GB-BF16-resident-x64,gpu,a100_bf16_expanded,32768,1,True,1,1,3951,39666603980.0,97877373836.0,110493696.0,72312.0,113905074176.0,0.009989756334957977,0.009989756334957977,100.10254169069346,100.10254169069346,9797773894993.78,11060699810.39881,7238614.994737425,9808841833419.172,0.0,0.0,0.0,11402187436484.57,115.06910092590917,25600.0,gpu_weight_memory_C3
DeepSeek-V4-Pro-0813,ROM-wafer-N7-HBM2e-conservative,rom,official_packed,32768,1,True,16,16,653,39666603980.0,39666603980.0,110493696.0,72312.0,113905074176.0,9.034192807520918e-05,0.0014535216492033468,11069.057538461047,687.9842488401083,439071921809968.0,1223061078661.2234,800425688.7211952,1223861504349.9446,439071921809968.0,0.0,0.0,1260821819976817.5,2.2922032357295183,240000.0,collective_floor_C6
DeepSeek-V4-Pro-0813,ROM-wafer-N7-HBM2e-central,rom,official_packed,32768,1,True,6,6,1385,39666603980.0,39666603980.0,110493696.0,72312.0,113905074176.0,3.3977025123796025e-05,0.00020654575074277614,29431.652605149462,4841.542352741792,1167453708365399.0,3252012075730.9927,2128261663.183568,3254140337394.1763,1167453708365399.0,0.0,0.0,3352414573111813.0,0.34731389673030993,90000.0,collective_floor_C6
DeepSeek-V4-Pro-0813,ROM-wafer-N7-HBM2e-aggressive,rom,official_packed,32768,1,True,3,3,2085,39666603980.0,39666603980.0,110493696.0,72312.0,113905074176.0,1.805073344011139e-05,5.522564032033417e-05,55399.41096121073,18107.531106919523,2197506495323617.0,6121285673327.086,4006042205.42707,6125291715532.513,2197506495323617.0,0.0,0.0,6310274014843415.0,0.1024716615072536,45000.0,collective_floor_C6
DeepSeek-V4-Pro-0813,N7-SRAM-rich-Graphcore-style-derived-control,sram,official_packed,32768,1,True,31,31,39,39666603980.0,39666603980.0,110493696.0,72312.0,113905074176.0,9.381756191294094e-06,0.00030693604193011693,106589.85158108897,3258.0077390444735,4228057430954033.0,11777506657285.963,7707725347.531705,0.0,0.0,4228057430954033.0,11785214382633.494,1.214112495075277e+16,0.440628940902699,465000.0,compute_C5
DeepSeek-V4-Pro-0813,NVIDIA-A100-SXM-80GB-packed-HBM-BF16-execute-x1,gpu,a100_packed_hbm_bf16_execute,32768,8,False,1,8,0,124131495810.51216,124131495810.51216,110493696.0,72312.0,113905074176.0,0.10842308376828423,,0.0,0.0,0.0,0.0,0.0,0.0,0.0,0.0,0.0,0.0,,400.0,capacity_C7_C8_C9
DeepSeek-V4-Pro-0813,NVIDIA-A100-SXM-80GB-packed-HBM-BF16-execute-x2,gpu,a100_packed_hbm_bf16_execute,32768,8,False,1,8,0,124131495810.51216,124131495810.51216,110493696.0,72312.0,113905074176.0,0.054663211719437166,,0.0,0.0,0.0,0.0,0.0,0.0,0.0,0.0,0.0,0.0,,800.0,capacity_C7_C8_C9
DeepSeek-V4-Pro-0813,NVIDIA-A100-SXM-80GB-packed-HBM-BF16-execute-x4,gpu,a100_packed_hbm_bf16_execute,32768,8,False,1,8,0,124131495810.51216,124131495810.51216,110493696.0,72312.0,113905074176.0,0.027701016928880263,,0.0,0.0,0.0,0.0,0.0,0.0,0.0,0.0,0.0,0.0,,1600.0,capacity_C7_C8_C9
DeepSeek-V4-Pro-0813,NVIDIA-A100-SXM-80GB-packed-HBM-BF16-execute-x8,gpu,a100_packed_hbm_bf16_execute,32768,8,False,1,8,0,124131495810.51216,124131495810.51216,110493696.0,72312.0,113905074176.0,0.01431748178282516,,0.0,0.0,0.0,0.0,0.0,0.0,0.0,0.0,0.0,0.0,,3200.0,capacity_C7_C8_C9
DeepSeek-V4-Pro-0813,NVIDIA-A100-SXM-80GB-packed-HBM-BF16-execute-x16,gpu,a100_packed_hbm_bf16_execute,32768,8,True,1,8,784,124131495810.51216,124131495810.51216,110493696.0,72312.0,113905074176.0,0.008354899650660327,0.008354899650660327,957.5219732732185,119.69024665915231,14857329351729.732,105800141828.17113,69240328.93133298,14963198733886.834,0.0,0.0,0.0,109066611390835.84,3.0074269296845935,6400.0,gpu_weight_memory_C3
DeepSeek-V4-Pro-0813,NVIDIA-A100-SXM-80GB-packed-HBM-BF16-execute-x32,gpu,a100_packed_hbm_bf16_execute,32768,8,True,1,8,4267,124131495810.51216,124131495810.51216,110493696.0,72312.0,113905074176.0,0.006170795669759319,0.006170795669759319,1296.4292496679,162.0536562084875,20115962746722.043,143247259398.31305,93747391.90198518,20259303753512.258,0.0,0.0,0.0,147669869847358.16,4.4424751584774596,12800.0,gpu_weight_memory_C3
DeepSeek-V4-Pro-0813,NVIDIA-A100-SXM-80GB-packed-HBM-BF16-execute-x64,gpu,a100_packed_hbm_bf16_execute,32768,8,True,1,8,11234,124131495810.51216,124131495810.51216,110493696.0,72312.0,113905074176.0,0.005405381516996065,0.005405381516996065,1480.0065406753831,185.0008175844229,22964428212922.113,163531392783.39743,107022232.9693183,23128066627938.48,0.0,0.0,0.0,168580254796594.7,7.7828774104538825,25600.0,gpu_weight_memory_C3
DeepSeek-V4-Pro-0813,NVIDIA-A100-SXM-80GB-BF16-resident-x1,gpu,a100_bf16_expanded,32768,8,False,1,8,0,124131495810.51216,415862848962.63403,110493696.0,72312.0,113905074176.0,0.37095888163284635,,0.0,0.0,0.0,0.0,0.0,0.0,0.0,0.0,0.0,0.0,,400.0,capacity_C7_C8_C9
DeepSeek-V4-Pro-0813,NVIDIA-A100-SXM-80GB-BF16-resident-x2,gpu,a100_bf16_expanded,32768,8,False,1,8,0,124131495810.51216,415862848962.63403,110493696.0,72312.0,113905074176.0,0.18593111065172083,,0.0,0.0,0.0,0.0,0.0,0.0,0.0,0.0,0.0,0.0,,800.0,capacity_C7_C8_C9
DeepSeek-V4-Pro-0813,NVIDIA-A100-SXM-80GB-BF16-resident-x4,gpu,a100_bf16_expanded,32768,8,False,1,8,0,124131495810.51216,415862848962.63403,110493696.0,72312.0,113905074176.0,0.09333509561668361,,0.0,0.0,0.0,0.0,0.0,0.0,0.0,0.0,0.0,0.0,,1600.0,capacity_C7_C8_C9
DeepSeek-V4-Pro-0813,NVIDIA-A100-SXM-80GB-BF16-resident-x8,gpu,a100_bf16_expanded,32768,8,False,1,8,0,124131495810.51216,415862848962.63403,110493696.0,72312.0,113905074176.0,0.047205972968213473,,0.0,0.0,0.0,0.0,0.0,0.0,0.0,0.0,0.0,0.0,,3200.0,capacity_C7_C8_C9
DeepSeek-V4-Pro-0813,NVIDIA-A100-SXM-80GB-BF16-resident-x16,gpu,a100_bf16_expanded,32768,8,False,1,8,0,124131495810.51216,415862848962.63403,110493696.0,72312.0,113905074176.0,0.025630560559060187,,0.0,0.0,0.0,0.0,0.0,0.0,0.0,0.0,0.0,0.0,,6400.0,capacity_C7_C8_C9
DeepSeek-V4-Pro-0813,NVIDIA-A100-SXM-80GB-BF16-resident-x32,gpu,a100_bf16_expanded,32768,8,False,1,8,0,124131495810.51216,415862848962.63403,110493696.0,72312.0,113905074176.0,0.016760918329145745,,0.0,0.0,0.0,0.0,0.0,0.0,0.0,0.0,0.0,0.0,,12800.0,capacity_C7_C8_C9
DeepSeek-V4-Pro-0813,NVIDIA-A100-SXM-80GB-BF16-resident-x64,gpu,a100_bf16_expanded,32768,8,True,1,8,3951,124131495810.51216,415862848962.63403,110493696.0,72312.0,113905074176.0,0.013196102156069929,0.013196102156069929,606.2396232905918,75.77995291132397,31514067111957.44,66985656639.02517,43838399.63938928,31581096606996.105,0.0,0.0,0.0,69053769259345.16,19.00025836355654,25600.0,gpu_weight_memory_C3
DeepSeek-V4-Pro-0813,ROM-wafer-N7-HBM2e-conservative,rom,official_packed,32768,8,True,16,128,653,124131495810.51216,124131495810.51216,110493696.0,72312.0,113905074176.0,0.0003269122538699662,0.005238646861919459,24471.398380747483,190.88898838918806,379708910697141.25,2703935253377.2046,1769575759.708612,2705704829136.913,379708910697141.25,0.0,0.0,2787416447749488.5,1.036823850904168,240000.0,compute_C5
DeepSeek-V4-Pro-0813,ROM-wafer-N7-HBM2e-central,rom,official_packed,32768,8,True,6,48,1385,124131495810.51216,124131495810.51216,110493696.0,72312.0,113905074176.0,0.0001474456335369001,0.0008873574012214005,54257.28662217658,1126.9416343668886,841879768378808.8,5995088133815.6455,3923452910.2228327,5999011586725.868,841879768378808.8,0.0,0.0,6180180257287516.0,0.18839906287037195,90000.0,compute_C5
DeepSeek-V4-Pro-0813,ROM-wafer-N7-HBM2e-aggressive,rom,official_packed,32768,8,True,3,24,2085,124131495810.51216,124131495810.51216,110493696.0,72312.0,113905074176.0,9.141594590834913e-05,0.0002753212777250474,87512.08468619423,3632.120293291174,1357875746699188.0,9669533681642.6,6328173867.828077,9675861855510.428,1357875746699188.0,0.0,0.0,9968070497477348.0,0.06486955153765175,45000.0,compute_C5
DeepSeek-V4-Pro-0813,N7-SRAM-rich-Graphcore-style-derived-control,sram,official_packed,32768,8,True,31,248,39,124131495810.51216,124131495810.51216,110493696.0,72312.0,113905074176.0,5.117077231374219e-05,0.0016023955417260078,156339.24676668513,624.0656404490853,2425828069379675.5,17274501205107.09,11305203612.192535,0.0,0.0,2425828069379675.5,17285806408719.283,1.7807833499579238e+16,0.30041447931012655,465000.0,compute_C5
DeepSeek-V4-Pro-0813,NVIDIA-A100-SXM-80GB-packed-HBM-BF16-execute-x1,gpu,a100_packed_hbm_bf16_execute,32768,32,False,1,32,0,352239449751.31995,352239449751.31995,110493696.0,72312.0,113905074176.0,0.3197320773463152,,0.0,0.0,0.0,0.0,0.0,0.0,0.0,0.0,0.0,0.0,,400.0,capacity_C7_C8_C9
DeepSeek-V4-Pro-0813,NVIDIA-A100-SXM-80GB-packed-HBM-BF16-execute-x2,gpu,a100_packed_hbm_bf16_execute,32768,32,False,1,32,0,352239449751.31995,352239449751.31995,110493696.0,72312.0,113905074176.0,0.16081154154374583,,0.0,0.0,0.0,0.0,0.0,0.0,0.0,0.0,0.0,0.0,,800.0,capacity_C7_C8_C9
DeepSeek-V4-Pro-0813,NVIDIA-A100-SXM-80GB-packed-HBM-BF16-execute-x4,gpu,a100_packed_hbm_bf16_execute,32768,32,False,1,32,0,352239449751.31995,352239449751.31995,110493696.0,72312.0,113905074176.0,0.08102205161893174,,0.0,0.0,0.0,0.0,0.0,0.0,0.0,0.0,0.0,0.0,,1600.0,capacity_C7_C8_C9
DeepSeek-V4-Pro-0813,NVIDIA-A100-SXM-80GB-packed-HBM-BF16-execute-x8,gpu,a100_packed_hbm_bf16_execute,32768,32,False,1,32,0,352239449751.31995,352239449751.31995,110493696.0,72312.0,113905074176.0,0.04119907141952113,,0.0,0.0,0.0,0.0,0.0,0.0,0.0,0.0,0.0,0.0,,3200.0,capacity_C7_C8_C9
DeepSeek-V4-Pro-0813,NVIDIA-A100-SXM-80GB-packed-HBM-BF16-execute-x16,gpu,a100_packed_hbm_bf16_execute,32768,32,True,1,32,784,352239449751.31995,352239449751.31995,110493696.0,72312.0,113905074176.0,0.02229847276593694,0.02229847276593694,1435.075860840258,44.84612065125806,15796572861680.445,158566835904.62177,103773205.64908074,15955243470790.717,0.0,0.0,0.0,163462422377196.62,2.0066377302873137,6400.0,gpu_weight_memory_C3
DeepSeek-V4-Pro-0813,NVIDIA-A100-SXM-80GB-packed-HBM-BF16-execute-x32,gpu,a100_packed_hbm_bf16_execute,32768,32,True,1,32,4267,352239449751.31995,352239449751.31995,110493696.0,72312.0,113905074176.0,0.01408544896994219,0.01408544896994219,2271.8480659215606,70.99525206004877,25007328520587.84,251024889554.12488,164281877.3429199,25258517692019.31,0.0,0.0,0.0,258775022465397.5,2.5350967887181186,12800.0,gpu_weight_memory_C3
DeepSeek-V4-Pro-0813,NVIDIA-A100-SXM-80GB-packed-HBM-BF16-execute-x64,gpu,a100_packed_hbm_bf16_execute,32768,32,True,1,32,11234,352239449751.31995,352239449751.31995,110493696.0,72312.0,113905074176.0,0.009940411018258455,0.009940411018258455,3219.182782404339,100.59946195013559,35435099122594.61,355699403727.4192,232785545.36122257,35791031311867.39,0.0,0.0,0.0,366681253615868.3,3.5781470799689594,25600.0,gpu_weight_memory_C3
DeepSeek-V4-Pro-0813,NVIDIA-A100-SXM-80GB-BF16-resident-x1,gpu,a100_bf16_expanded,32768,32,False,1,32,0,352239449751.31995,1274622204975.087,110493696.0,72312.0,113905074176.0,1.161064523788544,,0.0,0.0,0.0,0.0,0.0,0.0,0.0,0.0,0.0,0.0,,400.0,capacity_C7_C8_C9
DeepSeek-V4-Pro-0813,NVIDIA-A100-SXM-80GB-BF16-resident-x2,gpu,a100_bf16_expanded,32768,32,False,1,32,0,352239449751.31995,1274622204975.087,110493696.0,72312.0,113905074176.0,0.5814777647648602,,0.0,0.0,0.0,0.0,0.0,0.0,0.0,0.0,0.0,0.0,,800.0,capacity_C7_C8_C9
DeepSeek-V4-Pro-0813,NVIDIA-A100-SXM-80GB-BF16-resident-x4,gpu,a100_bf16_expanded,32768,32,False,1,32,0,352239449751.31995,1274622204975.087,110493696.0,72312.0,113905074176.0,0.29135516322948896,,0.0,0.0,0.0,0.0,0.0,0.0,0.0,0.0,0.0,0.0,,1600.0,capacity_C7_C8_C9
DeepSeek-V4-Pro-0813,NVIDIA-A100-SXM-80GB-BF16-resident-x8,gpu,a100_bf16_expanded,32768,32,False,1,32,0,352239449751.31995,1274622204975.087,110493696.0,72312.0,113905074176.0,0.14636562738270337,,0.0,0.0,0.0,0.0,0.0,0.0,0.0,0.0,0.0,0.0,,3200.0,capacity_C7_C8_C9
DeepSeek-V4-Pro-0813,NVIDIA-A100-SXM-80GB-BF16-resident-x16,gpu,a100_bf16_expanded,32768,32,False,1,32,0,352239449751.31995,1274622204975.087,110493696.0,72312.0,113905074176.0,0.07488458264470772,,0.0,0.0,0.0,0.0,0.0,0.0,0.0,0.0,0.0,0.0,,6400.0,capacity_C7_C8_C9
DeepSeek-V4-Pro-0813,NVIDIA-A100-SXM-80GB-BF16-resident-x32,gpu,a100_bf16_expanded,32768,32,False,1,32,0,352239449751.31995,1274622204975.087,110493696.0,72312.0,113905074176.0,0.04058564172037258,,0.0,0.0,0.0,0.0,0.0,0.0,0.0,0.0,0.0,0.0,,12800.0,capacity_C7_C8_C9
DeepSeek-V4-Pro-0813,NVIDIA-A100-SXM-80GB-BF16-resident-x64,gpu,a100_bf16_expanded,32768,32,True,1,32,3951,352239449751.31995,1274622204975.087,110493696.0,72312.0,113905074176.0,0.024382076091385763,0.02438207609138576,1312.4395100754225,41.01373468985695,52277016944648.68,145016292244.66266,94905125.85257395,52422128142019.195,0.0,0.0,0.0,149493519746654.1,8.776564088720923,25600.0,gpu_weight_memory_C3
DeepSeek-V4-Pro-0813,ROM-wafer-N7-HBM2e-conservative,rom,official_packed,32768,32,True,16,512,653,352239449751.31995,352239449751.31995,110493696.0,72312.0,113905074176.0,0.0011380453569432793,0.018216776511092467,28118.387202026865,54.894453988118315,309512663623015.6,3106904527511.047,2033296815.3529665,3108937824326.4,309512663623015.6,0.0,0.0,3202826979956359.0,0.9023465436989107,240000.0,compute_C5
DeepSeek-V4-Pro-0813,ROM-wafer-N7-HBM2e-central,rom,official_packed,32768,32,True,6,192,1385,352239449751.31995,352239449751.31995,110493696.0,72312.0,113905074176.0,0.0005386040829691492,0.003234308097814895,59412.843333073906,309.185139373581,653985851368854.1,6564744649740.295,4296261527.10124,6569040911267.396,653985851368854.1,0.0,0.0,6767424326860850.0,0.1720507112612274,90000.0,compute_C5
DeepSeek-V4-Pro-0813,ROM-wafer-N7-HBM2e-aggressive,rom,official_packed,32768,32,True,3,96,2085,352239449751.31995,352239449751.31995,110493696.0,72312.0,113905074176.0,0.0003429538172280214,0.0010299348916840642,93307.02383966761,970.9351611196344,1027075460475556.6,10309837926804.986,6747217507.894045,10316585144312.88,1027075460475556.6,0.0,0.0,1.062814347159914e+16,0.0608407540409087,45000.0,compute_C5
DeepSeek-V4-Pro-0813,N7-SRAM-rich-Graphcore-style-derived-control,sram,official_packed,32768,32,True,31,992,39,352239449751.31995,352239449751.31995,110493696.0,72312.0,113905074176.0,0.00019444739901927852,0.006043970969597634,164568.9279537617,165.45413686303215,1811489644643676.2,18183829096368.848,11900308318.192417,0.0,0.0,1811489644643676.2,18195729404687.04,1.8745235945638028e+16,0.2853915012823509,465000.0,compute_C5
DeepSeek-V4-Pro-0813,NVIDIA-A100-SXM-80GB-packed-HBM-BF16-execute-x1,gpu,a100_packed_hbm_bf16_execute,32768,64,False,1,64,0,548837516692.9358,548837516692.9358,110493696.0,72312.0,113905074176.0,0.5027743946034189,,0.0,0.0,0.0,0.0,0.0,0.0,0.0,0.0,0.0,0.0,,400.0,capacity_C7_C8_C9
DeepSeek-V4-Pro-0813,NVIDIA-A100-SXM-80GB-packed-HBM-BF16-execute-x2,gpu,a100_packed_hbm_bf16_execute,32768,64,False,1,64,0,548837516692.9358,548837516692.9358,110493696.0,72312.0,113905074176.0,0.2529911442193565,,0.0,0.0,0.0,0.0,0.0,0.0,0.0,0.0,0.0,0.0,,800.0,capacity_C7_C8_C9
DeepSeek-V4-Pro-0813,NVIDIA-A100-SXM-80GB-packed-HBM-BF16-execute-x4,gpu,a100_packed_hbm_bf16_execute,32768,64,False,1,64,0,548837516692.9358,548837516692.9358,110493696.0,72312.0,113905074176.0,0.1274410749802665,,0.0,0.0,0.0,0.0,0.0,0.0,0.0,0.0,0.0,0.0,,1600.0,capacity_C7_C8_C9
DeepSeek-V4-Pro-0813,NVIDIA-A100-SXM-80GB-packed-HBM-BF16-execute-x8,gpu,a100_packed_hbm_bf16_execute,32768,64,False,1,64,0,548837516692.9358,548837516692.9358,110493696.0,72312.0,113905074176.0,0.06473780506660426,,0.0,0.0,0.0,0.0,0.0,0.0,0.0,0.0,0.0,0.0,,3200.0,capacity_C7_C8_C9
DeepSeek-V4-Pro-0813,NVIDIA-A100-SXM-80GB-packed-HBM-BF16-execute-x16,gpu,a100_packed_hbm_bf16_execute,32768,64,True,1,64,784,548837516692.9358,548837516692.9358,110493696.0,72312.0,113905074176.0,0.03513679124429753,0.03513679124429753,1821.4526066146345,28.460196978353665,15620023834191.42,201259030593.68503,131712880.88951746,15821414577665.994,0.0,0.0,0.0,207472694264508.5,1.5809784771390776,6400.0,gpu_weight_memory_C3
DeepSeek-V4-Pro-0813,NVIDIA-A100-SXM-80GB-packed-HBM-BF16-execute-x32,gpu,a100_packed_hbm_bf16_execute,32768,64,True,1,64,4267,548837516692.9358,548837516692.9358,110493696.0,72312.0,113905074176.0,0.02253497930306241,0.02253497930306241,2840.029233632474,44.37545677550741,24354915498784.2,313805326772.09955,205368193.94243148,24668926193750.242,0.0,0.0,0.0,323493740518915.44,2.0279209341119513,12800.0,gpu_weight_memory_C3
DeepSeek-V4-Pro-0813,NVIDIA-A100-SXM-80GB-packed-HBM-BF16-execute-x64,gpu,a100_packed_hbm_bf16_execute,32768,64,True,1,64,11234,548837516692.9358,548837516692.9358,110493696.0,72312.0,113905074176.0,0.015294529005192582,0.015294529005192584,4184.502836162632,65.38285681504112,35884564768656.97,462361184290.0917,302589769.08859223,36347228542716.15,0.0,0.0,0.0,476636105942786.94,2.752706814582921,25600.0,gpu_weight_memory_C3
DeepSeek-V4-Pro-0813,NVIDIA-A100-SXM-80GB-BF16-resident-x1,gpu,a100_bf16_expanded,32768,64,False,1,64,0,548837516692.9358,2014756104049.4053,110493696.0,72312.0,113905074176.0,1.842950920337081,,0.0,0.0,0.0,0.0,0.0,0.0,0.0,0.0,0.0,0.0,,400.0,capacity_C7_C8_C9
DeepSeek-V4-Pro-0813,NVIDIA-A100-SXM-80GB-BF16-resident-x2,gpu,a100_bf16_expanded,32768,64,False,1,64,0,548837516692.9358,2014756104049.4053,110493696.0,72312.0,113905074176.0,0.9230794070861876,,0.0,0.0,0.0,0.0,0.0,0.0,0.0,0.0,0.0,0.0,,800.0,capacity_C7_C8_C9
DeepSeek-V4-Pro-0813,NVIDIA-A100-SXM-80GB-BF16-resident-x4,gpu,a100_bf16_expanded,32768,64,False,1,64,0,548837516692.9358,2014756104049.4053,110493696.0,72312.0,113905074176.0,0.462485206413682,,0.0,0.0,0.0,0.0,0.0,0.0,0.0,0.0,0.0,0.0,,1600.0,capacity_C7_C8_C9
DeepSeek-V4-Pro-0813,NVIDIA-A100-SXM-80GB-BF16-resident-x8,gpu,a100_bf16_expanded,32768,64,False,1,64,0,548837516692.9358,2014756104049.4053,110493696.0,72312.0,113905074176.0,0.23225987078331325,,0.0,0.0,0.0,0.0,0.0,0.0,0.0,0.0,0.0,0.0,,3200.0,capacity_C7_C8_C9
DeepSeek-V4-Pro-0813,NVIDIA-A100-SXM-80GB-BF16-resident-x16,gpu,a100_bf16_expanded,32768,64,False,1,64,0,548837516692.9358,2014756104049.4053,110493696.0,72312.0,113905074176.0,0.11889783621644205,,0.0,0.0,0.0,0.0,0.0,0.0,0.0,0.0,0.0,0.0,,6400.0,capacity_C7_C8_C9
DeepSeek-V4-Pro-0813,NVIDIA-A100-SXM-80GB-BF16-resident-x32,gpu,a100_bf16_expanded,32768,64,False,1,64,0,548837516692.9358,2014756104049.4053,110493696.0,72312.0,113905074176.0,0.06443348034224886,,0.0,0.0,0.0,0.0,0.0,0.0,0.0,0.0,0.0,0.0,,12800.0,capacity_C7_C8_C9
DeepSeek-V4-Pro-0813,NVIDIA-A100-SXM-80GB-BF16-resident-x64,gpu,a100_bf16_expanded,32768,64,True,1,64,3951,548837516692.9358,2014756104049.4053,110493696.0,72312.0,113905074176.0,0.036689317831967265,0.036689317831967265,1744.3769408063793,27.255889700099676,54913970144573.14,192742655406.87006,126139385.3435909,55106838939365.35,0.0,0.0,0.0,198693384833454.6,6.603337388432594,25600.0,gpu_weight_memory_C3
DeepSeek-V4-Pro-0813,ROM-wafer-N7-HBM2e-conservative,rom,official_packed,32768,64,True,16,1024,653,548837516692.9358,548837516692.9358,110493696.0,72312.0,113905074176.0,0.002219551079740217,0.035520868075843474,28834.65966797698,28.152465133026006,247274109482163.1,3186048119616.909,2085091909.9107513,3188133211526.82,247274109482163.1,0.0,0.0,3284414048320633.5,0.8799316447044698,240000.0,compute_C5
DeepSeek-V4-Pro-0813,ROM-wafer-N7-HBM2e-central,rom,official_packed,32768,64,True,6,384,1385,548837516692.9358,548837516692.9358,110493696.0,72312.0,113905074176.0,0.001060148682212148,0.006363575693272888,60368.89077337254,157.1443553436675,517698626524451.06,6670381864970.23,4365395229.6041155,6674747260199.835,517698626524451.06,0.0,0.0,6876322981463841.0,0.16932598599303667,90000.0,compute_C5
DeepSeek-V4-Pro-0813,ROM-wafer-N7-HBM2e-aggressive,rom,official_packed,32768,64,True,3,192,2085,548837516692.9358,548837516692.9358,110493696.0,72312.0,113905074176.0,0.0006783376456542509,0.0020360863769627526,94348.29455509954,491.13829909893536,809091932622413.6,10424891776689.623,6822513875.868358,10431714290565.492,809091932622413.6,0.0,0.0,1.074674948967771e+16,0.06016928779145152,45000.0,compute_C5
DeepSeek-V4-Pro-0813,N7-SRAM-rich-Graphcore-style-derived-control,sram,official_packed,32768,64,False,31,1984,39,548837516692.9358,548837516692.9358,110493696.0,72312.0,113905074176.0,0.00038548290129332695,,0.0,0.0,0.0,0.0,0.0,0.0,0.0,0.0,0.0,0.0,,465000.0,capacity_C7_C8_C9
DeepSeek-V4-Pro-0813,NVIDIA-A100-SXM-80GB-packed-HBM-BF16-execute-x1,gpu,a100_packed_hbm_bf16_execute,200000,1,False,1,1,0,39666603980.0,39666603980.0,473068544.0,72312.0,145067704320.0,0.030599845488365345,,0.0,0.0,0.0,0.0,0.0,0.0,0.0,0.0,0.0,0.0,,400.0,capacity_C7_C8_C9
DeepSeek-V4-Pro-0813,NVIDIA-A100-SXM-80GB-packed-HBM-BF16-execute-x2,gpu,a100_packed_hbm_bf16_execute,200000,1,False,1,1,0,39666603980.0,39666603980.0,473068544.0,72312.0,145067704320.0,0.015701117163270117,,0.0,0.0,0.0,0.0,0.0,0.0,0.0,0.0,0.0,0.0,,800.0,capacity_C7_C8_C9
DeepSeek-V4-Pro-0813,NVIDIA-A100-SXM-80GB-packed-HBM-BF16-execute-x4,gpu,a100_packed_hbm_bf16_execute,200000,1,False,1,1,0,39666603980.0,39666603980.0,473068544.0,72312.0,145067704320.0,0.008739215418817288,,0.0,0.0,0.0,0.0,0.0,0.0,0.0,0.0,0.0,0.0,,1600.0,capacity_C7_C8_C9
DeepSeek-V4-Pro-0813,NVIDIA-A100-SXM-80GB-packed-HBM-BF16-execute-x8,gpu,a100_packed_hbm_bf16_execute,200000,1,False,1,1,0,39666603980.0,39666603980.0,473068544.0,72312.0,145067704320.0,0.0056194573312650644,,0.0,0.0,0.0,0.0,0.0,0.0,0.0,0.0,0.0,0.0,,3200.0,capacity_C7_C8_C9
DeepSeek-V4-Pro-0813,NVIDIA-A100-SXM-80GB-packed-HBM-BF16-execute-x16,gpu,a100_packed_hbm_bf16_execute,200000,1,True,1,1,131,39666603980.0,39666603980.0,473068544.0,72312.0,145067704320.0,0.00442922680417431,0.00442922680417431,225.77303990338748,225.77303990338748,8955649763208.41,106806123261.54942,16326100.061493756,9062472212570.021,0.0,0.0,0.0,32752376596132.176,12.754744186546262,6400.0,gpu_weight_memory_C3
DeepSeek-V4-Pro-0813,NVIDIA-A100-SXM-80GB-packed-HBM-BF16-execute-x32,gpu,a100_packed_hbm_bf16_execute,200000,1,True,1,1,713,39666603980.0,39666603980.0,473068544.0,72312.0,145067704320.0,0.0040192265095407385,0.0040192265095407385,248.80409144053596,248.80409144053596,9869213363775.447,117701389279.01721,17991521.460248034,9986932744575.924,0.0,0.0,0.0,36093438370701.914,23.148151234280245,12800.0,gpu_weight_memory_C3
DeepSeek-V4-Pro-0813,NVIDIA-A100-SXM-80GB-packed-HBM-BF16-execute-x64,gpu,a100_packed_hbm_bf16_execute,200000,1,True,1,1,1878,39666603980.0,39666603980.0,473068544.0,72312.0,145067704320.0,0.004101778748960087,0.004101778748960087,243.79666998214552,243.79666998214552,9670585959824.52,115332535700.50209,17629424.799748905,9785936124949.822,0.0,0.0,0.0,35367023235170.51,47.24719773075657,25600.0,gpu_weight_memory_C3
DeepSeek-V4-Pro-0813,NVIDIA-A100-SXM-80GB-BF16-resident-x1,gpu,a100_bf16_expanded,200000,1,False,1,1,0,39666603980.0,97877373836.0,473068544.0,72312.0,145067704320.0,0.07881608338413468,,0.0,0.0,0.0,0.0,0.0,0.0,0.0,0.0,0.0,0.0,,400.0,capacity_C7_C8_C9
DeepSeek-V4-Pro-0813,NVIDIA-A100-SXM-80GB-BF16-resident-x2,gpu,a100_bf16_expanded,200000,1,False,1,1,0,39666603980.0,97877373836.0,473068544.0,72312.0,145067704320.0,0.04006789983451419,,0.0,0.0,0.0,0.0,0.0,0.0,0.0,0.0,0.0,0.0,,800.0,capacity_C7_C8_C9
DeepSeek-V4-Pro-0813,NVIDIA-A100-SXM-80GB-BF16-resident-x4,gpu,a100_bf16_expanded,200000,1,False,1,1,0,39666603980.0,97877373836.0,473068544.0,72312.0,145067704320.0,0.022557404507064244,,0.0,0.0,0.0,0.0,0.0,0.0,0.0,0.0,0.0,0.0,,1600.0,capacity_C7_C8_C9
DeepSeek-V4-Pro-0813,NVIDIA-A100-SXM-80GB-BF16-resident-x8,gpu,a100_bf16_expanded,200000,1,False,1,1,0,39666603980.0,97877373836.0,473068544.0,72312.0,145067704320.0,0.014963533139967369,,0.0,0.0,0.0,0.0,0.0,0.0,0.0,0.0,0.0,0.0,,3200.0,capacity_C7_C8_C9
DeepSeek-V4-Pro-0813,NVIDIA-A100-SXM-80GB-BF16-resident-x16,gpu,a100_bf16_expanded,200000,1,False,1,1,0,39666603980.0,97877373836.0,473068544.0,72312.0,145067704320.0,0.011750185677019858,,0.0,0.0,0.0,0.0,0.0,0.0,0.0,0.0,0.0,0.0,,6400.0,capacity_C7_C8_C9
DeepSeek-V4-Pro-0813,NVIDIA-A100-SXM-80GB-BF16-resident-x32,gpu,a100_bf16_expanded,200000,1,False,1,1,0,39666603980.0,97877373836.0,473068544.0,72312.0,145067704320.0,0.010379512866570479,,0.0,0.0,0.0,0.0,0.0,0.0,0.0,0.0,0.0,0.0,,12800.0,capacity_C7_C8_C9
DeepSeek-V4-Pro-0813,NVIDIA-A100-SXM-80GB-BF16-resident-x64,gpu,a100_bf16_expanded,200000,1,True,1,1,660,39666603980.0,97877373836.0,473068544.0,72312.0,145067704320.0,0.009993934434940645,0.009993934434940645,100.06069246400244,100.06069246400244,9793677802588.195,47335566095.57741,7235588.793456945,9841020604272.566,0.0,0.0,0.0,14515574948422.36,115.11722724575758,25600.0,gpu_weight_memory_C3
DeepSeek-V4-Pro-0813,ROM-wafer-N7-HBM2e-conservative,rom,official_packed,200000,1,True,16,16,109,39666603980.0,39666603980.0,473068544.0,72312.0,145067704320.0,9.422941512439154e-05,0.0015157214419902645,10612.397399261235,659.7518332174013,420957764914877.4,5020391386017.899,767403680.7353785,5021158789698.635,420957764914877.4,0.0,0.0,1539516128042366.0,2.3908386155896206,240000.0,collective_floor_C6
DeepSeek-V4-Pro-0813,ROM-wafer-N7-HBM2e-central,rom,official_packed,200000,1,True,6,6,231,39666603980.0,39666603980.0,473068544.0,72312.0,145067704320.0,3.6540390499847904e-05,0.00022192594299908747,27366.97627804942,4506.007664025616,1085555010151440.8,12946455621539.379,1978960788.6183097,12948434582327.998,1085555010151440.8,0.0,0.0,3970064422836527.5,0.3735166738791726,90000.0,collective_floor_C6
DeepSeek-V4-Pro-0813,ROM-wafer-N7-HBM2e-aggressive,rom,official_packed,200000,1,True,3,3,348,39666603980.0,39666603980.0,473068544.0,72312.0,145067704320.0,2.1402990728116553e-05,6.528241218434966e-05,46722.44233074988,15318.061427879236,1853320616912243.8,22102917765531.812,3378593249.821185,22106296358781.633,1853320616912243.8,0.0,0.0,6777917449145475.0,0.1215019892909633,45000.0,kv_beachfront_C8
DeepSeek-V4-Pro-0813,N7-SRAM-rich-Graphcore-style-derived-control,sram,official_packed,200000,1,True,31,31,6,39666603980.0,39666603980.0,473068544.0,72312.0,145067704320.0,9.924225183958255e-06,0.00032375258070270593,100763.53382392238,3088.778467277379,3996947191818864.0,47668058234377.71,7286412657.875475,0.0,0.0,3996947191818864.0,47675344647035.586,1.461753453100709e+16,0.4661068506710184,465000.0,compute_C5
DeepSeek-V4-Pro-0813,NVIDIA-A100-SXM-80GB-packed-HBM-BF16-execute-x1,gpu,a100_packed_hbm_bf16_execute,200000,8,False,1,8,0,124131495810.51216,124131495810.51216,473068544.0,72312.0,145067704320.0,0.11056227095941065,,0.0,0.0,0.0,0.0,0.0,0.0,0.0,0.0,0.0,0.0,,400.0,capacity_C7_C8_C9
DeepSeek-V4-Pro-0813,NVIDIA-A100-SXM-80GB-packed-HBM-BF16-execute-x2,gpu,a100_packed_hbm_bf16_execute,200000,8,False,1,8,0,124131495810.51216,124131495810.51216,473068544.0,72312.0,145067704320.0,0.055732805315000376,,0.0,0.0,0.0,0.0,0.0,0.0,0.0,0.0,0.0,0.0,,800.0,capacity_C7_C8_C9
DeepSeek-V4-Pro-0813,NVIDIA-A100-SXM-80GB-packed-HBM-BF16-execute-x4,gpu,a100_packed_hbm_bf16_execute,200000,8,False,1,8,0,124131495810.51216,124131495810.51216,473068544.0,72312.0,145067704320.0,0.028235813726661868,,0.0,0.0,0.0,0.0,0.0,0.0,0.0,0.0,0.0,0.0,,1600.0,capacity_C7_C8_C9
DeepSeek-V4-Pro-0813,NVIDIA-A100-SXM-80GB-packed-HBM-BF16-execute-x8,gpu,a100_packed_hbm_bf16_execute,200000,8,False,1,8,0,124131495810.51216,124131495810.51216,473068544.0,72312.0,145067704320.0,0.014584880181715963,,0.0,0.0,0.0,0.0,0.0,0.0,0.0,0.0,0.0,0.0,,3200.0,capacity_C7_C8_C9
DeepSeek-V4-Pro-0813,NVIDIA-A100-SXM-80GB-packed-HBM-BF16-execute-x16,gpu,a100_packed_hbm_bf16_execute,200000,8,True,1,8,131,124131495810.51216,124131495810.51216,473068544.0,72312.0,145067704320.0,0.008488598850105727,0.008488598850105727,942.440577210261,117.80507215128263,14623319820204.023,445838991667.37775,68149763.0192284,15069226961634.42,0.0,0.0,0.0,136717690993908.28,3.0555532495330415,6400.0,gpu_weight_memory_C3
DeepSeek-V4-Pro-0813,NVIDIA-A100-SXM-80GB-packed-HBM-BF16-execute-x32,gpu,a100_packed_hbm_bf16_execute,200000,8,True,1,8,713,124131495810.51216,124131495810.51216,473068544.0,72312.0,145067704320.0,0.006237645269482019,0.00623764526948202,1282.535260403535,160.31690755044187,19900377537951.94,606727088267.7611,92742689.75030042,20507197368909.453,0.0,0.0,0.0,186054445936194.22,4.490601478325908,12800.0,gpu_weight_memory_C3
DeepSeek-V4-Pro-0813,NVIDIA-A100-SXM-80GB-packed-HBM-BF16-execute-x64,gpu,a100_packed_hbm_bf16_execute,200000,8,True,1,8,1878,124131495810.51216,124131495810.51216,473068544.0,72312.0,145067704320.0,0.0054388063168574145,0.0054388063168574145,1470.910992951568,183.863874118946,22823297719900.48,695841721789.1925,106364515.72231379,23519245806205.395,0.0,0.0,0.0,213381681006535.66,7.8310037303023305,25600.0,gpu_weight_memory_C3
DeepSeek-V4-Pro-0813,NVIDIA-A100-SXM-80GB-BF16-resident-x1,gpu,a100_bf16_expanded,200000,8,False,1,8,0,124131495810.51216,415862848962.63403,473068544.0,72312.0,145067704320.0,0.37309806882397273,,0.0,0.0,0.0,0.0,0.0,0.0,0.0,0.0,0.0,0.0,,400.0,capacity_C7_C8_C9
DeepSeek-V4-Pro-0813,NVIDIA-A100-SXM-80GB-BF16-resident-x2,gpu,a100_bf16_expanded,200000,8,False,1,8,0,124131495810.51216,415862848962.63403,473068544.0,72312.0,145067704320.0,0.18700070424728402,,0.0,0.0,0.0,0.0,0.0,0.0,0.0,0.0,0.0,0.0,,800.0,capacity_C7_C8_C9
DeepSeek-V4-Pro-0813,NVIDIA-A100-SXM-80GB-BF16-resident-x4,gpu,a100_bf16_expanded,200000,8,False,1,8,0,124131495810.51216,415862848962.63403,473068544.0,72312.0,145067704320.0,0.09386989241446521,,0.0,0.0,0.0,0.0,0.0,0.0,0.0,0.0,0.0,0.0,,1600.0,capacity_C7_C8_C9
DeepSeek-V4-Pro-0813,NVIDIA-A100-SXM-80GB-BF16-resident-x8,gpu,a100_bf16_expanded,200000,8,False,1,8,0,124131495810.51216,415862848962.63403,473068544.0,72312.0,145067704320.0,0.04747337136710427,,0.0,0.0,0.0,0.0,0.0,0.0,0.0,0.0,0.0,0.0,,3200.0,capacity_C7_C8_C9
DeepSeek-V4-Pro-0813,NVIDIA-A100-SXM-80GB-BF16-resident-x16,gpu,a100_bf16_expanded,200000,8,False,1,8,0,124131495810.51216,415862848962.63403,473068544.0,72312.0,145067704320.0,0.025764259758505586,,0.0,0.0,0.0,0.0,0.0,0.0,0.0,0.0,0.0,0.0,,6400.0,capacity_C7_C8_C9
DeepSeek-V4-Pro-0813,NVIDIA-A100-SXM-80GB-BF16-resident-x32,gpu,a100_bf16_expanded,200000,8,False,1,8,0,124131495810.51216,415862848962.63403,473068544.0,72312.0,145067704320.0,0.016827767928868444,,0.0,0.0,0.0,0.0,0.0,0.0,0.0,0.0,0.0,0.0,,12800.0,capacity_C7_C8_C9
DeepSeek-V4-Pro-0813,NVIDIA-A100-SXM-80GB-BF16-resident-x64,gpu,a100_bf16_expanded,200000,8,True,1,8,660,124131495810.51216,415862848962.63403,473068544.0,72312.0,145067704320.0,0.013229526955931277,0.013229526955931275,604.7079405521231,75.58849256901539,31434445868541.63,286068304982.23145,43727640.597205125,31720557901164.457,0.0,0.0,0.0,87723592719971.53,19.048384683404983,25600.0,gpu_weight_memory_C3
DeepSeek-V4-Pro-0813,ROM-wafer-N7-HBM2e-conservative,rom,official_packed,200000,8,True,16,128,109,124131495810.51216,124131495810.51216,473068544.0,72312.0,145067704320.0,0.00035801215026342497,0.0057362452042148,22345.610321084376,174.3300651208623,346724254244377.8,10571005339386.758,1615855773.5382533,10572621195160.297,346724254244377.8,0.0,0.0,3241626390909008.5,1.1354592307642712,240000.0,compute_C5
DeepSeek-V4-Pro-0813,ROM-wafer-N7-HBM2e-central,rom,official_packed,200000,8,True,6,48,231,124131495810.51216,124131495810.51216,473068544.0,72312.0,145067704320.0,0.00016598944756498452,0.0009986202853899072,48195.83483985039,1001.3816208525686,747827633813378.1,22799933414552.496,3485137208.9392614,22803418551761.434,747827633813378.1,0.0,0.0,6991659118002971.0,0.21209347213247629,90000.0,compute_C5
DeepSeek-V4-Pro-0813,ROM-wafer-N7-HBM2e-aggressive,rom,official_packed,200000,8,True,3,24,348,124131495810.51216,124131495810.51216,473068544.0,72312.0,145067704320.0,0.00011558450813176332,0.00034782696439529,69213.42772753083,2874.9927474384767,1073945789248897.4,32742695480312.24,5004961385.833209,32747700441698.07,1073945789248897.4,0.0,0.0,1.0040633068551132e+16,0.08201977382288132,45000.0,kv_beachfront_C8
DeepSeek-V4-Pro-0813,N7-SRAM-rich-Graphcore-style-derived-control,sram,official_packed,200000,8,False,31,248,6,124131495810.51216,124131495810.51216,473068544.0,72312.0,145067704320.0,5.551052425505549e-05,,0.0,0.0,0.0,0.0,0.0,0.0,0.0,0.0,0.0,0.0,,465000.0,capacity_C7_C8_C9
DeepSeek-V4-Pro-0813,NVIDIA-A100-SXM-80GB-packed-HBM-BF16-execute-x1,gpu,a100_packed_hbm_bf16_execute,200000,32,False,1,32,0,352239449751.31995,352239449751.31995,473068544.0,72312.0,145067704320.0,0.3282888261108209,,0.0,0.0,0.0,0.0,0.0,0.0,0.0,0.0,0.0,0.0,,400.0,capacity_C7_C8_C9
DeepSeek-V4-Pro-0813,NVIDIA-A100-SXM-80GB-packed-HBM-BF16-execute-x2,gpu,a100_packed_hbm_bf16_execute,200000,32,False,1,32,0,352239449751.31995,352239449751.31995,473068544.0,72312.0,145067704320.0,0.16508991592599867,,0.0,0.0,0.0,0.0,0.0,0.0,0.0,0.0,0.0,0.0,,800.0,capacity_C7_C8_C9
DeepSeek-V4-Pro-0813,NVIDIA-A100-SXM-80GB-packed-HBM-BF16-execute-x4,gpu,a100_packed_hbm_bf16_execute,200000,32,False,1,32,0,352239449751.31995,352239449751.31995,473068544.0,72312.0,145067704320.0,0.08316123881005816,,0.0,0.0,0.0,0.0,0.0,0.0,0.0,0.0,0.0,0.0,,1600.0,capacity_C7_C8_C9
DeepSeek-V4-Pro-0813,NVIDIA-A100-SXM-80GB-packed-HBM-BF16-execute-x8,gpu,a100_packed_hbm_bf16_execute,200000,32,False,1,32,0,352239449751.31995,352239449751.31995,473068544.0,72312.0,145067704320.0,0.04226866501508434,,0.0,0.0,0.0,0.0,0.0,0.0,0.0,0.0,0.0,0.0,,3200.0,capacity_C7_C8_C9
DeepSeek-V4-Pro-0813,NVIDIA-A100-SXM-80GB-packed-HBM-BF16-execute-x16,gpu,a100_packed_hbm_bf16_execute,200000,32,True,1,32,131,352239449751.31995,352239449751.31995,473068544.0,72312.0,145067704320.0,0.022833269563718544,0.022833269563718544,1401.4637680644364,43.79574275201364,15426588328419.643,662988424226.9966,101342647.99627553,16089678095294.635,0.0,0.0,0.0,203307131520764.72,2.0547640501357627,6400.0,gpu_weight_memory_C3
DeepSeek-V4-Pro-0813,NVIDIA-A100-SXM-80GB-packed-HBM-BF16-execute-x32,gpu,a100_packed_hbm_bf16_execute,200000,32,True,1,32,713,352239449751.31995,352239449751.31995,473068544.0,72312.0,145067704320.0,0.014352847368832994,0.014352847368832992,2229.5227683872367,69.67258651210115,24541433535773.742,1054717089855.7993,161221250.42761788,25596311846879.97,0.0,0.0,0.0,323431749739107.5,2.5832231085665676,12800.0,gpu_weight_memory_C3
DeepSeek-V4-Pro-0813,NVIDIA-A100-SXM-80GB-packed-HBM-BF16-execute-x64,gpu,a100_packed_hbm_bf16_execute,200000,32,True,1,32,1878,352239449751.31995,352239449751.31995,473068544.0,72312.0,145067704320.0,0.010074110217703856,0.010074110217703856,3176.4591917769994,99.26434974303123,34964819933407.9,1502682924929.3618,229696117.0757784,36467732554454.336,0.0,0.0,0.0,460801642817251.94,3.626273399817407,25600.0,gpu_weight_memory_C3
DeepSeek-V4-Pro-0813,NVIDIA-A100-SXM-80GB-BF16-resident-x1,gpu,a100_bf16_expanded,200000,32,False,1,32,0,352239449751.31995,1274622204975.087,473068544.0,72312.0,145067704320.0,1.1696212725530495,,0.0,0.0,0.0,0.0,0.0,0.0,0.0,0.0,0.0,0.0,,400.0,capacity_C7_C8_C9
DeepSeek-V4-Pro-0813,NVIDIA-A100-SXM-80GB-BF16-resident-x2,gpu,a100_bf16_expanded,200000,32,False,1,32,0,352239449751.31995,1274622204975.087,473068544.0,72312.0,145067704320.0,0.585756139147113,,0.0,0.0,0.0,0.0,0.0,0.0,0.0,0.0,0.0,0.0,,800.0,capacity_C7_C8_C9
DeepSeek-V4-Pro-0813,NVIDIA-A100-SXM-80GB-BF16-resident-x4,gpu,a100_bf16_expanded,200000,32,False,1,32,0,352239449751.31995,1274622204975.087,473068544.0,72312.0,145067704320.0,0.29349435042061534,,0.0,0.0,0.0,0.0,0.0,0.0,0.0,0.0,0.0,0.0,,1600.0,capacity_C7_C8_C9
DeepSeek-V4-Pro-0813,NVIDIA-A100-SXM-80GB-BF16-resident-x8,gpu,a100_bf16_expanded,200000,32,False,1,32,0,352239449751.31995,1274622204975.087,473068544.0,72312.0,145067704320.0,0.14743522097826656,,0.0,0.0,0.0,0.0,0.0,0.0,0.0,0.0,0.0,0.0,,3200.0,capacity_C7_C8_C9
DeepSeek-V4-Pro-0813,NVIDIA-A100-SXM-80GB-BF16-resident-x16,gpu,a100_bf16_expanded,200000,32,False,1,32,0,352239449751.31995,1274622204975.087,473068544.0,72312.0,145067704320.0,0.07541937944248932,,0.0,0.0,0.0,0.0,0.0,0.0,0.0,0.0,0.0,0.0,,6400.0,capacity_C7_C8_C9
DeepSeek-V4-Pro-0813,NVIDIA-A100-SXM-80GB-BF16-resident-x32,gpu,a100_bf16_expanded,200000,32,False,1,32,0,352239449751.31995,1274622204975.087,473068544.0,72312.0,145067704320.0,0.04085304011926338,,0.0,0.0,0.0,0.0,0.0,0.0,0.0,0.0,0.0,0.0,,12800.0,capacity_C7_C8_C9
DeepSeek-V4-Pro-0813,NVIDIA-A100-SXM-80GB-BF16-resident-x64,gpu,a100_bf16_expanded,200000,32,True,1,32,660,352239449751.31995,1274622204975.087,473068544.0,72312.0,145067704320.0,0.02451577529083116,0.024515775290831158,1305.2819917128186,40.79006224102558,51991919074727.055,617487851329.0032,94387551.38473734,52609501313607.445,0.0,0.0,0.0,189354262028015.84,8.824690408569369,25600.0,gpu_weight_memory_C3
DeepSeek-V4-Pro-0813,ROM-wafer-N7-HBM2e-conservative,rom,official_packed,200000,32,True,16,512,109,352239449751.31995,352239449751.31995,473068544.0,72312.0,145067704320.0,0.0012624449425171144,0.02020716988027383,25347.640061195136,49.487385216481826,279013712114059.03,11991171177585.654,1832938548.1051426,11993004116133.76,279013712114059.03,0.0,0.0,3677123953607242.5,1.0009819235590136,240000.0,compute_C5
DeepSeek-V4-Pro-0813,ROM-wafer-N7-HBM2e-central,rom,official_packed,200000,32,True,6,192,231,352239449751.31995,352239449751.31995,473068544.0,72312.0,145067704320.0,0.0006127793390814869,0.0036793596344889216,52221.08181383163,271.7864246338899,574822660110084.9,24704151139774.21,3776210868.121793,24707927350642.332,574822660110084.9,0.0,0.0,7575592455839456.0,0.19574512052333168,90000.0,compute_C5
DeepSeek-V4-Pro-0813,ROM-wafer-N7-HBM2e-aggressive,rom,official_packed,200000,32,True,3,96,348,352239449751.31995,352239449751.31995,473068544.0,72312.0,145067704320.0,0.00043849256780140937,0.0013165511434042282,72977.29163449038,759.560314090255,803296282802328.0,34523261098591.742,5277133912.673268,34528538232504.414,803296282802328.0,0.0,0.0,1.058664816490666e+16,0.0777895364513011,45000.0,kv_beachfront_C8
DeepSeek-V4-Pro-0813,N7-SRAM-rich-Graphcore-style-derived-control,sram,official_packed,200000,32,False,31,992,6,352239449751.31995,352239449751.31995,473068544.0,72312.0,145067704320.0,0.00021180640678453172,,0.0,0.0,0.0,0.0,0.0,0.0,0.0,0.0,0.0,0.0,,465000.0,capacity_C7_C8_C9
DeepSeek-V4-Pro-0813,NVIDIA-A100-SXM-80GB-packed-HBM-BF16-execute-x1,gpu,a100_packed_hbm_bf16_execute,200000,64,False,1,64,0,548837516692.9358,548837516692.9358,473068544.0,72312.0,145067704320.0,0.5198878921324301,,0.0,0.0,0.0,0.0,0.0,0.0,0.0,0.0,0.0,0.0,,400.0,capacity_C7_C8_C9
DeepSeek-V4-Pro-0813,NVIDIA-A100-SXM-80GB-packed-HBM-BF16-execute-x2,gpu,a100_packed_hbm_bf16_execute,200000,64,False,1,64,0,548837516692.9358,548837516692.9358,473068544.0,72312.0,145067704320.0,0.2615478929838621,,0.0,0.0,0.0,0.0,0.0,0.0,0.0,0.0,0.0,0.0,,800.0,capacity_C7_C8_C9
DeepSeek-V4-Pro-0813,NVIDIA-A100-SXM-80GB-packed-HBM-BF16-execute-x4,gpu,a100_packed_hbm_bf16_execute,200000,64,False,1,64,0,548837516692.9358,548837516692.9358,473068544.0,72312.0,145067704320.0,0.1317194493625193,,0.0,0.0,0.0,0.0,0.0,0.0,0.0,0.0,0.0,0.0,,1600.0,capacity_C7_C8_C9
DeepSeek-V4-Pro-0813,NVIDIA-A100-SXM-80GB-packed-HBM-BF16-execute-x8,gpu,a100_packed_hbm_bf16_execute,200000,64,False,1,64,0,548837516692.9358,548837516692.9358,473068544.0,72312.0,145067704320.0,0.06687699225773068,,0.0,0.0,0.0,0.0,0.0,0.0,0.0,0.0,0.0,0.0,,3200.0,capacity_C7_C8_C9
DeepSeek-V4-Pro-0813,NVIDIA-A100-SXM-80GB-packed-HBM-BF16-execute-x16,gpu,a100_packed_hbm_bf16_execute,200000,64,True,1,64,131,548837516692.9358,548837516692.9358,473068544.0,72312.0,145067704320.0,0.03620638483986074,0.03620638483986074,1767.6440297220838,27.61943796440756,15158583744840.04,836216787450.919,127821875.07726333,15994928354166.035,0.0,0.0,0.0,256428061446736.53,1.6291047969875263,6400.0,gpu_weight_memory_C3
DeepSeek-V4-Pro-0813,NVIDIA-A100-SXM-80GB-packed-HBM-BF16-execute-x32,gpu,a100_packed_hbm_bf16_execute,200000,64,True,1,64,713,548837516692.9358,548837516692.9358,473068544.0,72312.0,145067704320.0,0.02306977610084401,0.02306977610084401,2774.1925071244427,43.34675792381942,23790326975598.887,1312383210121.0698,200607408.5751827,25102910793128.53,0.0,0.0,0.0,402445738350288.1,2.0760472539604007,12800.0,gpu_weight_memory_C3
DeepSeek-V4-Pro-0813,NVIDIA-A100-SXM-80GB-packed-HBM-BF16-execute-x64,gpu,a100_packed_hbm_bf16_execute,200000,64,True,1,64,1878,548837516692.9358,548837516692.9358,473068544.0,72312.0,145067704320.0,0.015561927404083385,0.015561927404083383,4112.601115412393,64.25939242831863,35267965364555.234,1945542221720.9165,297390411.85770094,37213804976688.01,0.0,0.0,0.0,596605602596747.1,2.8008331344313686,25600.0,gpu_weight_memory_C3
DeepSeek-V4-Pro-0813,NVIDIA-A100-SXM-80GB-BF16-resident-x1,gpu,a100_bf16_expanded,200000,64,False,1,64,0,548837516692.9358,2014756104049.4053,473068544.0,72312.0,145067704320.0,1.8600644178660923,,0.0,0.0,0.0,0.0,0.0,0.0,0.0,0.0,0.0,0.0,,400.0,capacity_C7_C8_C9
DeepSeek-V4-Pro-0813,NVIDIA-A100-SXM-80GB-BF16-resident-x2,gpu,a100_bf16_expanded,200000,64,False,1,64,0,548837516692.9358,2014756104049.4053,473068544.0,72312.0,145067704320.0,0.9316361558506933,,0.0,0.0,0.0,0.0,0.0,0.0,0.0,0.0,0.0,0.0,,800.0,capacity_C7_C8_C9
DeepSeek-V4-Pro-0813,NVIDIA-A100-SXM-80GB-BF16-resident-x4,gpu,a100_bf16_expanded,200000,64,False,1,64,0,548837516692.9358,2014756104049.4053,473068544.0,72312.0,145067704320.0,0.46676358079593483,,0.0,0.0,0.0,0.0,0.0,0.0,0.0,0.0,0.0,0.0,,1600.0,capacity_C7_C8_C9
DeepSeek-V4-Pro-0813,NVIDIA-A100-SXM-80GB-BF16-resident-x8,gpu,a100_bf16_expanded,200000,64,False,1,64,0,548837516692.9358,2014756104049.4053,473068544.0,72312.0,145067704320.0,0.23439905797443966,,0.0,0.0,0.0,0.0,0.0,0.0,0.0,0.0,0.0,0.0,,3200.0,capacity_C7_C8_C9
DeepSeek-V4-Pro-0813,NVIDIA-A100-SXM-80GB-BF16-resident-x16,gpu,a100_bf16_expanded,200000,64,False,1,64,0,548837516692.9358,2014756104049.4053,473068544.0,72312.0,145067704320.0,0.11996742981200526,,0.0,0.0,0.0,0.0,0.0,0.0,0.0,0.0,0.0,0.0,,6400.0,capacity_C7_C8_C9
DeepSeek-V4-Pro-0813,NVIDIA-A100-SXM-80GB-BF16-resident-x32,gpu,a100_bf16_expanded,200000,64,False,1,64,0,548837516692.9358,2014756104049.4053,473068544.0,72312.0,145067704320.0,0.06496827714003046,,0.0,0.0,0.0,0.0,0.0,0.0,0.0,0.0,0.0,0.0,,12800.0,capacity_C7_C8_C9
DeepSeek-V4-Pro-0813,NVIDIA-A100-SXM-80GB-BF16-resident-x64,gpu,a100_bf16_expanded,200000,64,True,1,64,660,548837516692.9358,2014756104049.4053,473068544.0,72312.0,145067704320.0,0.03695671623085807,0.03695671623085807,1731.7555921421765,27.058681127221508,54516642968595.98,819239096538.5573,125226710.37898506,55336007291844.914,0.0,0.0,0.0,251221808195387.78,6.651463708281042,25600.0,gpu_weight_memory_C3
DeepSeek-V4-Pro-0813,ROM-wafer-N7-HBM2e-conservative,rom,official_packed,200000,64,True,16,1024,109,548837516692.9358,548837516692.9358,473068544.0,72312.0,145067704320.0,0.0024683502508878875,0.0395016548142062,25928.24903069515,25.315395132265813,222349934534417.9,12265839017420.367,1874923543.9076278,12267713940964.275,222349934534417.9,0.0,0.0,3761351563920211.0,0.9785670245645728,240000.0,compute_C5
DeepSeek-V4-Pro-0813,ROM-wafer-N7-HBM2e-central,rom,official_packed,200000,64,True,6,384,231,548837516692.9358,548837516692.9358,473068544.0,72312.0,145067704320.0,0.0012084991944368234,0.007253678766620941,52958.247961286266,137.86108155239424,454148020304391.94,25052881255836.664,3829516826.5765324,25056710772663.242,454148020304391.94,0.0,0.0,7682531456553119.0,0.19302039525514095,90000.0,compute_C5
DeepSeek-V4-Pro-0813,ROM-wafer-N7-HBM2e-aggressive,rom,official_packed,200000,64,True,3,192,348,548837516692.9358,548837516692.9358,473068544.0,72312.0,145067704320.0,0.0008690366473609374,0.002608183382082812,73644.7653782532,383.40862336199376,631547033556787.2,34839021930711.85,5325400274.032246,34844347330985.883,631547033556787.2,0.0,0.0,1.0683477048608208e+16,0.07708449688937108,45000.0,kv_beachfront_C8
DeepSeek-V4-Pro-0813,N7-SRAM-rich-Graphcore-style-derived-control,sram,official_packed,200000,64,False,31,1984,6,548837516692.9358,548837516692.9358,473068544.0,72312.0,145067704320.0,0.00042020091682383335,,0.0,0.0,0.0,0.0,0.0,0.0,0.0,0.0,0.0,0.0,,465000.0,capacity_C7_C8_C9
DeepSeek-V4-Pro-0813,NVIDIA-A100-SXM-80GB-packed-HBM-BF16-execute-x1,gpu,a100_packed_hbm_bf16_execute,1000000,1,False,1,1,0,39666603980.0,39666603980.0,2207468544.0,72312.0,294162104320.0,0.03187896285018579,,0.0,0.0,0.0,0.0,0.0,0.0,0.0,0.0,0.0,0.0,,400.0,capacity_C7_C8_C9
DeepSeek-V4-Pro-0813,NVIDIA-A100-SXM-80GB-packed-HBM-BF16-execute-x2,gpu,a100_packed_hbm_bf16_execute,1000000,1,False,1,1,0,39666603980.0,39666603980.0,2207468544.0,72312.0,294162104320.0,0.01634067584418034,,0.0,0.0,0.0,0.0,0.0,0.0,0.0,0.0,0.0,0.0,,800.0,capacity_C7_C8_C9
DeepSeek-V4-Pro-0813,NVIDIA-A100-SXM-80GB-packed-HBM-BF16-execute-x4,gpu,a100_packed_hbm_bf16_execute,1000000,1,False,1,1,0,39666603980.0,39666603980.0,2207468544.0,72312.0,294162104320.0,0.0090589947592724,,0.0,0.0,0.0,0.0,0.0,0.0,0.0,0.0,0.0,0.0,,1600.0,capacity_C7_C8_C9
DeepSeek-V4-Pro-0813,NVIDIA-A100-SXM-80GB-packed-HBM-BF16-execute-x8,gpu,a100_packed_hbm_bf16_execute,1000000,1,False,1,1,0,39666603980.0,39666603980.0,2207468544.0,72312.0,294162104320.0,0.00577934700149262,,0.0,0.0,0.0,0.0,0.0,0.0,0.0,0.0,0.0,0.0,,3200.0,capacity_C7_C8_C9
DeepSeek-V4-Pro-0813,NVIDIA-A100-SXM-80GB-packed-HBM-BF16-execute-x16,gpu,a100_packed_hbm_bf16_execute,1000000,1,True,1,1,26,39666603980.0,39666603980.0,2207468544.0,72312.0,294162104320.0,0.004509171639288088,0.004509171639288088,221.7702230021745,221.7702230021745,8796871610383.543,489550791273.16547,16036648.365733244,9286438438305.074,0.0,0.0,0.0,65236395473835.32,12.984959518926816,6400.0,gpu_weight_memory_C3
DeepSeek-V4-Pro-0813,NVIDIA-A100-SXM-80GB-packed-HBM-BF16-execute-x32,gpu,a100_packed_hbm_bf16_execute,1000000,1,True,1,1,143,39666603980.0,39666603980.0,2207468544.0,72312.0,294162104320.0,0.004059198927097628,0.004059198927097628,246.35402648645533,246.35402648645533,9772027607516.654,543818764156.59296,17814352.36328856,10315864186025.611,0.0,0.0,0.0,72468018838960.72,23.378366566660805,12800.0,gpu_weight_memory_C3
DeepSeek-V4-Pro-0813,NVIDIA-A100-SXM-80GB-packed-HBM-BF16-execute-x64,gpu,a100_packed_hbm_bf16_execute,1000000,1,True,1,1,376,39666603980.0,39666603980.0,2207468544.0,72312.0,294162104320.0,0.004121764957738531,0.004121764957738531,242.61451350410462,242.61451350410462,9623693826967.68,535563906878.1742,17543940.700508814,10159275277786.555,0.0,0.0,0.0,71367995830940.47,47.477413063137114,25600.0,gpu_weight_memory_C3
DeepSeek-V4-Pro-0813,NVIDIA-A100-SXM-80GB-BF16-resident-x1,gpu,a100_bf16_expanded,1000000,1,False,1,1,0,39666603980.0,97877373836.0,2207468544.0,72312.0,294162104320.0,0.08009520074595512,,0.0,0.0,0.0,0.0,0.0,0.0,0.0,0.0,0.0,0.0,,400.0,capacity_C7_C8_C9
DeepSeek-V4-Pro-0813,NVIDIA-A100-SXM-80GB-BF16-resident-x2,gpu,a100_bf16_expanded,1000000,1,False,1,1,0,39666603980.0,97877373836.0,2207468544.0,72312.0,294162104320.0,0.04070745851542441,,0.0,0.0,0.0,0.0,0.0,0.0,0.0,0.0,0.0,0.0,,800.0,capacity_C7_C8_C9
DeepSeek-V4-Pro-0813,NVIDIA-A100-SXM-80GB-BF16-resident-x4,gpu,a100_bf16_expanded,1000000,1,False,1,1,0,39666603980.0,97877373836.0,2207468544.0,72312.0,294162104320.0,0.022877183847519356,,0.0,0.0,0.0,0.0,0.0,0.0,0.0,0.0,0.0,0.0,,1600.0,capacity_C7_C8_C9
DeepSeek-V4-Pro-0813,NVIDIA-A100-SXM-80GB-BF16-resident-x8,gpu,a100_bf16_expanded,1000000,1,False,1,1,0,39666603980.0,97877373836.0,2207468544.0,72312.0,294162104320.0,0.015123422810194923,,0.0,0.0,0.0,0.0,0.0,0.0,0.0,0.0,0.0,0.0,,3200.0,capacity_C7_C8_C9
DeepSeek-V4-Pro-0813,NVIDIA-A100-SXM-80GB-BF16-resident-x16,gpu,a100_bf16_expanded,1000000,1,False,1,1,0,39666603980.0,97877373836.0,2207468544.0,72312.0,294162104320.0,0.011830130512133635,,0.0,0.0,0.0,0.0,0.0,0.0,0.0,0.0,0.0,0.0,,6400.0,capacity_C7_C8_C9
DeepSeek-V4-Pro-0813,NVIDIA-A100-SXM-80GB-BF16-resident-x32,gpu,a100_bf16_expanded,1000000,1,False,1,1,0,39666603980.0,97877373836.0,2207468544.0,72312.0,294162104320.0,0.010419485284127367,,0.0,0.0,0.0,0.0,0.0,0.0,0.0,0.0,0.0,0.0,,12800.0,capacity_C7_C8_C9
DeepSeek-V4-Pro-0813,NVIDIA-A100-SXM-80GB-BF16-resident-x64,gpu,a100_bf16_expanded,1000000,1,True,1,1,132,39666603980.0,97877373836.0,2207468544.0,72312.0,294162104320.0,0.010013920643719091,0.010013920643719091,99.86098707774539,99.86098707774539,9774131163840.451,220439987746.91342,7221147.697565924,9994578372735.062,0.0,0.0,0.0,29375318098261.91,115.34744257813817,25600.0,gpu_weight_memory_C3
DeepSeek-V4-Pro-0813,ROM-wafer-N7-HBM2e-conservative,rom,official_packed,1000000,1,True,16,16,21,39666603980.0,39666603980.0,2207468544.0,72312.0,294162104320.0,0.00012047463299458077,0.0019356449279132922,8300.50256343161,516.6236769871025,329252748018616.5,18323098308166.645,600225941.3668666,18323698534108.01,329252748018616.5,0.0,0.0,2441693300972596.5,3.0567461803959817,240000.0,kv_beachfront_C8
DeepSeek-V4-Pro-0813,ROM-wafer-N7-HBM2e-central,rom,official_packed,1000000,1,True,6,6,46,39666603980.0,39666603980.0,2207468544.0,72312.0,294162104320.0,7.566209273811394e-05,0.0004566561564286836,13216.657956597348,2189.8314211300267,524259937103463.06,29175356695995.96,955722970.1574674,29176312418966.117,524259937103463.06,0.0,0.0,3887839916590347.0,0.7734195730173012,90000.0,kv_beachfront_C8
DeepSeek-V4-Pro-0813,ROM-wafer-N7-HBM2e-aggressive,rom,official_packed,1000000,1,True,3,3,70,39666603980.0,39666603980.0,2207468544.0,72312.0,294162104320.0,6.589844170644593e-05,0.00019876876511933778,15174.865658502877,5030.971538207298,601935386525535.5,33498038600570.945,1097324885.49766,33499135925456.44,601935386525535.5,0.0,0.0,4463870414878508.5,0.3740968661912023,45000.0,kv_beachfront_C8
DeepSeek-V4-Pro-0813,N7-SRAM-rich-Graphcore-style-derived-control,sram,official_packed,1000000,1,True,31,31,1,39666603980.0,39666603980.0,2207468544.0,72312.0,294162104320.0,1.251979982462146e-05,0.00040421539456326534,79873.48152591052,2473.9285377303613,3168309760192138.5,176318197968212.6,5775811196.101642,0.0,0.0,3168309760192138.5,176323973779408.7,2.3495751405026484e+16,0.5880120975810401,465000.0,compute_C5
DeepSeek-V4-Pro-0813,NVIDIA-A100-SXM-80GB-packed-HBM-BF16-execute-x1,gpu,a100_packed_hbm_bf16_execute,1000000,8,False,1,8,0,124131495810.51216,124131495810.51216,2207468544.0,72312.0,294162104320.0,0.12079520985397418,,0.0,0.0,0.0,0.0,0.0,0.0,0.0,0.0,0.0,0.0,,400.0,capacity_C7_C8_C9
DeepSeek-V4-Pro-0813,NVIDIA-A100-SXM-80GB-packed-HBM-BF16-execute-x2,gpu,a100_packed_hbm_bf16_execute,1000000,8,False,1,8,0,124131495810.51216,124131495810.51216,2207468544.0,72312.0,294162104320.0,0.06084927476228214,,0.0,0.0,0.0,0.0,0.0,0.0,0.0,0.0,0.0,0.0,,800.0,capacity_C7_C8_C9
DeepSeek-V4-Pro-0813,NVIDIA-A100-SXM-80GB-packed-HBM-BF16-execute-x4,gpu,a100_packed_hbm_bf16_execute,1000000,8,False,1,8,0,124131495810.51216,124131495810.51216,2207468544.0,72312.0,294162104320.0,0.03079404845030275,,0.0,0.0,0.0,0.0,0.0,0.0,0.0,0.0,0.0,0.0,,1600.0,capacity_C7_C8_C9
DeepSeek-V4-Pro-0813,NVIDIA-A100-SXM-80GB-packed-HBM-BF16-execute-x8,gpu,a100_packed_hbm_bf16_execute,1000000,8,False,1,8,0,124131495810.51216,124131495810.51216,2207468544.0,72312.0,294162104320.0,0.015863997543536405,,0.0,0.0,0.0,0.0,0.0,0.0,0.0,0.0,0.0,0.0,,3200.0,capacity_C7_C8_C9
DeepSeek-V4-Pro-0813,NVIDIA-A100-SXM-80GB-packed-HBM-BF16-execute-x16,gpu,a100_packed_hbm_bf16_execute,1000000,8,True,1,8,26,124131495810.51216,124131495810.51216,2207468544.0,72312.0,294162104320.0,0.009128157531015948,0.009128157531015948,876.4090642407673,109.55113303009591,13598746010762.21,1934645440987.969,63374892.25337836,15533454826642.434,0.0,0.0,0.0,257806334582186.16,3.2857685819135978,6400.0,gpu_weight_memory_C3
DeepSeek-V4-Pro-0813,NVIDIA-A100-SXM-80GB-packed-HBM-BF16-execute-x32,gpu,a100_packed_hbm_bf16_execute,1000000,8,True,1,8,143,124131495810.51216,124131495810.51216,2207468544.0,72312.0,294162104320.0,0.0065574246099371295,0.0065574246099371295,1219.9911513853763,152.49889392317203,18929915812131.965,2693092090641.56,88220000.13897933,21623096122773.664,0.0,0.0,0.0,358875164343301.94,4.720816810706462,12800.0,gpu_weight_memory_C3
DeepSeek-V4-Pro-0813,NVIDIA-A100-SXM-80GB-packed-HBM-BF16-execute-x64,gpu,a100_packed_hbm_bf16_execute,1000000,8,True,1,8,376,124131495810.51216,124131495810.51216,2207468544.0,72312.0,294162104320.0,0.00559869598708497,0.00559869598708497,1428.9041624075214,178.61302030094018,22171501381189.08,3154260990905.271,103326917.79201269,25325865699012.14,0.0,0.0,0.0,420329455285403.56,8.061219062682888,25600.0,gpu_weight_memory_C3
DeepSeek-V4-Pro-0813,NVIDIA-A100-SXM-80GB-BF16-resident-x1,gpu,a100_bf16_expanded,1000000,8,False,1,8,0,124131495810.51216,415862848962.63403,2207468544.0,72312.0,294162104320.0,0.3833310077185363,,0.0,0.0,0.0,0.0,0.0,0.0,0.0,0.0,0.0,0.0,,400.0,capacity_C7_C8_C9
DeepSeek-V4-Pro-0813,NVIDIA-A100-SXM-80GB-BF16-resident-x2,gpu,a100_bf16_expanded,1000000,8,False,1,8,0,124131495810.51216,415862848962.63403,2207468544.0,72312.0,294162104320.0,0.1921171736945658,,0.0,0.0,0.0,0.0,0.0,0.0,0.0,0.0,0.0,0.0,,800.0,capacity_C7_C8_C9
DeepSeek-V4-Pro-0813,NVIDIA-A100-SXM-80GB-BF16-resident-x4,gpu,a100_bf16_expanded,1000000,8,False,1,8,0,124131495810.51216,415862848962.63403,2207468544.0,72312.0,294162104320.0,0.0964281271381061,,0.0,0.0,0.0,0.0,0.0,0.0,0.0,0.0,0.0,0.0,,1600.0,capacity_C7_C8_C9
DeepSeek-V4-Pro-0813,NVIDIA-A100-SXM-80GB-BF16-resident-x8,gpu,a100_bf16_expanded,1000000,8,False,1,8,0,124131495810.51216,415862848962.63403,2207468544.0,72312.0,294162104320.0,0.048752488728924716,,0.0,0.0,0.0,0.0,0.0,0.0,0.0,0.0,0.0,0.0,,3200.0,capacity_C7_C8_C9
DeepSeek-V4-Pro-0813,NVIDIA-A100-SXM-80GB-BF16-resident-x16,gpu,a100_bf16_expanded,1000000,8,False,1,8,0,124131495810.51216,415862848962.63403,2207468544.0,72312.0,294162104320.0,0.02640381843941581,,0.0,0.0,0.0,0.0,0.0,0.0,0.0,0.0,0.0,0.0,,6400.0,capacity_C7_C8_C9
DeepSeek-V4-Pro-0813,NVIDIA-A100-SXM-80GB-BF16-resident-x32,gpu,a100_bf16_expanded,1000000,8,False,1,8,0,124131495810.51216,415862848962.63403,2207468544.0,72312.0,294162104320.0,0.017147547269323556,,0.0,0.0,0.0,0.0,0.0,0.0,0.0,0.0,0.0,0.0,,12800.0,capacity_C7_C8_C9
DeepSeek-V4-Pro-0813,NVIDIA-A100-SXM-80GB-BF16-resident-x64,gpu,a100_bf16_expanded,1000000,8,True,1,8,132,124131495810.51216,415862848962.63403,2207468544.0,72312.0,294162104320.0,0.013389416626158834,0.013389416626158836,597.4868228665348,74.68585285831685,31059071546863.73,1318933366932.3755,43205467.13512486,32378048119263.242,0.0,0.0,0.0,175757981117890.97,19.27860001578555,25600.0,gpu_weight_memory_C3
DeepSeek-V4-Pro-0813,ROM-wafer-N7-HBM2e-conservative,rom,official_packed,1000000,8,True,16,128,21,124131495810.51216,124131495810.51216,2207468544.0,72312.0,294162104320.0,0.0005679738932249388,0.00909563309159902,14085.154433025502,109.94286927906401,218551411061690.22,31092535348285.95,1018525687.3609401,31093553873973.31,218551411061690.22,0.0,0.0,4143318667690958.0,1.8013667955706316,240000.0,kv_beachfront_C8
DeepSeek-V4-Pro-0813,ROM-wafer-N7-HBM2e-central,rom,official_packed,1000000,8,True,6,48,46,124131495810.51216,124131495810.51216,2207468544.0,72312.0,294162104320.0,0.0004739387172135535,0.0028463159032813207,16879.819498678466,351.33134689904557,261914655422800.94,37261670571730.56,1220613507.5884373,37262891185238.15,261914655422800.94,0.0,0.0,4965403224273025.0,0.6055764964967503,90000.0,kv_beachfront_C8
DeepSeek-V4-Pro-0813,ROM-wafer-N7-HBM2e-aggressive,rom,official_packed,1000000,8,True,3,24,70,124131495810.51216,124131495810.51216,2207468544.0,72312.0,294162104320.0,0.00047154811595839834,0.0014157177878751951,16965.394896638267,706.3554675687642,263242480691967.16,37450575570867.1,1226801635.7657063,37451802372502.87,263242480691967.16,0.0,0.0,4990576263414901.0,0.33461465072312024,45000.0,kv_beachfront_C8
DeepSeek-V4-Pro-0813,N7-SRAM-rich-Graphcore-style-derived-control,sram,official_packed,1000000,8,False,31,248,1,124131495810.51216,124131495810.51216,2207468544.0,72312.0,294162104320.0,7.627512138036114e-05,,0.0,0.0,0.0,0.0,0.0,0.0,0.0,0.0,0.0,0.0,,465000.0,capacity_C7_C8_C9
DeepSeek-V4-Pro-0813,NVIDIA-A100-SXM-80GB-packed-HBM-BF16-execute-x1,gpu,a100_packed_hbm_bf16_execute,1000000,32,False,1,32,0,352239449751.31995,352239449751.31995,2207468544.0,72312.0,294162104320.0,0.369220581689075,,0.0,0.0,0.0,0.0,0.0,0.0,0.0,0.0,0.0,0.0,,400.0,capacity_C7_C8_C9
DeepSeek-V4-Pro-0813,NVIDIA-A100-SXM-80GB-packed-HBM-BF16-execute-x2,gpu,a100_packed_hbm_bf16_execute,1000000,32,False,1,32,0,352239449751.31995,352239449751.31995,2207468544.0,72312.0,294162104320.0,0.18555579371512573,,0.0,0.0,0.0,0.0,0.0,0.0,0.0,0.0,0.0,0.0,,800.0,capacity_C7_C8_C9
DeepSeek-V4-Pro-0813,NVIDIA-A100-SXM-80GB-packed-HBM-BF16-execute-x4,gpu,a100_packed_hbm_bf16_execute,1000000,32,False,1,32,0,352239449751.31995,352239449751.31995,2207468544.0,72312.0,294162104320.0,0.09339417770462169,,0.0,0.0,0.0,0.0,0.0,0.0,0.0,0.0,0.0,0.0,,1600.0,capacity_C7_C8_C9
DeepSeek-V4-Pro-0813,NVIDIA-A100-SXM-80GB-packed-HBM-BF16-execute-x8,gpu,a100_packed_hbm_bf16_execute,1000000,32,False,1,32,0,352239449751.31995,352239449751.31995,2207468544.0,72312.0,294162104320.0,0.047385134462366106,,0.0,0.0,0.0,0.0,0.0,0.0,0.0,0.0,0.0,0.0,,3200.0,capacity_C7_C8_C9
DeepSeek-V4-Pro-0813,NVIDIA-A100-SXM-80GB-packed-HBM-BF16-execute-x16,gpu,a100_packed_hbm_bf16_execute,1000000,32,False,1,32,26,352239449751.31995,352239449751.31995,2207468544.0,72312.0,294162104320.0,0.025391504287359427,,0.0,0.0,0.0,0.0,0.0,0.0,0.0,0.0,0.0,0.0,,6400.0,capacity_C7_C8_C9
DeepSeek-V4-Pro-0813,NVIDIA-A100-SXM-80GB-packed-HBM-BF16-execute-x32,gpu,a100_packed_hbm_bf16_execute,1000000,32,True,1,32,143,352239449751.31995,352239449751.31995,2207468544.0,72312.0,294162104320.0,0.015631964730653435,0.015631964730653435,2047.0875255526732,63.97148517352104,22533280737295.773,4518881319472.322,148028993.14776492,27052310085761.242,0.0,0.0,0.0,602175574243796.1,2.813438440947123,12800.0,gpu_weight_memory_C3
DeepSeek-V4-Pro-0813,NVIDIA-A100-SXM-80GB-packed-HBM-BF16-execute-x64,gpu,a100_packed_hbm_bf16_execute,1000000,32,True,1,32,376,352239449751.31995,352239449751.31995,2207468544.0,72312.0,294162104320.0,0.010713668898614078,0.010713668898614078,2986.838617360998,93.33870679253118,32877574721100.977,6593352293828.855,215984274.0986085,39471142999203.93,0.0,0.0,0.0,878614732947150.4,3.8564887321979633,25600.0,gpu_weight_memory_C3
DeepSeek-V4-Pro-0813,NVIDIA-A100-SXM-80GB-BF16-resident-x1,gpu,a100_bf16_expanded,1000000,32,False,1,32,0,352239449751.31995,1274622204975.087,2207468544.0,72312.0,294162104320.0,1.2105530281313037,,0.0,0.0,0.0,0.0,0.0,0.0,0.0,0.0,0.0,0.0,,400.0,capacity_C7_C8_C9
DeepSeek-V4-Pro-0813,NVIDIA-A100-SXM-80GB-BF16-resident-x2,gpu,a100_bf16_expanded,1000000,32,False,1,32,0,352239449751.31995,1274622204975.087,2207468544.0,72312.0,294162104320.0,0.6062220169362401,,0.0,0.0,0.0,0.0,0.0,0.0,0.0,0.0,0.0,0.0,,800.0,capacity_C7_C8_C9
DeepSeek-V4-Pro-0813,NVIDIA-A100-SXM-80GB-BF16-resident-x4,gpu,a100_bf16_expanded,1000000,32,False,1,32,0,352239449751.31995,1274622204975.087,2207468544.0,72312.0,294162104320.0,0.3037272893151789,,0.0,0.0,0.0,0.0,0.0,0.0,0.0,0.0,0.0,0.0,,1600.0,capacity_C7_C8_C9
DeepSeek-V4-Pro-0813,NVIDIA-A100-SXM-80GB-BF16-resident-x8,gpu,a100_bf16_expanded,1000000,32,False,1,32,0,352239449751.31995,1274622204975.087,2207468544.0,72312.0,294162104320.0,0.15255169042554834,,0.0,0.0,0.0,0.0,0.0,0.0,0.0,0.0,0.0,0.0,,3200.0,capacity_C7_C8_C9
DeepSeek-V4-Pro-0813,NVIDIA-A100-SXM-80GB-BF16-resident-x16,gpu,a100_bf16_expanded,1000000,32,False,1,32,0,352239449751.31995,1274622204975.087,2207468544.0,72312.0,294162104320.0,0.07797761416613021,,0.0,0.0,0.0,0.0,0.0,0.0,0.0,0.0,0.0,0.0,,6400.0,capacity_C7_C8_C9
DeepSeek-V4-Pro-0813,NVIDIA-A100-SXM-80GB-BF16-resident-x32,gpu,a100_bf16_expanded,1000000,32,False,1,32,0,352239449751.31995,1274622204975.087,2207468544.0,72312.0,294162104320.0,0.04213215748108382,,0.0,0.0,0.0,0.0,0.0,0.0,0.0,0.0,0.0,0.0,,12800.0,capacity_C7_C8_C9
DeepSeek-V4-Pro-0813,NVIDIA-A100-SXM-80GB-BF16-resident-x64,gpu,a100_bf16_expanded,1000000,32,True,1,32,132,352239449751.31995,1274622204975.087,2207468544.0,72312.0,294162104320.0,0.025155333971741384,0.025155333971741384,1272.0960109672037,39.753000342725116,50670056951219.67,2808111929157.9814,91987806.74506043,53478260868184.4,0.0,0.0,0.0,374202439483190.44,9.054905740949925,25600.0,gpu_weight_memory_C3
DeepSeek-V4-Pro-0813,ROM-wafer-N7-HBM2e-conservative,rom,official_packed,1000000,32,False,16,512,21,352239449751.31995,352239449751.31995,2207468544.0,72312.0,294162104320.0,0.00210229191436317,,0.0,0.0,0.0,0.0,0.0,0.0,0.0,0.0,0.0,0.0,,240000.0,capacity_C7_C8_C9
DeepSeek-V4-Pro-0813,ROM-wafer-N7-HBM2e-central,rom,official_packed,1000000,32,True,6,192,46,352239449751.31995,352239449751.31995,2207468544.0,72312.0,294162104320.0,0.0018394585725579177,0.011039435035347505,17396.423315748492,90.58434573853367,191490830511883.8,38402057247622.98,1257970162.808405,38403315217785.78,191490830511883.8,0.0,0.0,5117368490202088.0,0.5875933097266913,90000.0,kv_beachfront_C8
DeepSeek-V4-Pro-0813,ROM-wafer-N7-HBM2e-aggressive,rom,official_packed,1000000,32,True,3,96,70,352239449751.31995,352239449751.31995,2207468544.0,72312.0,294162104320.0,0.0018623469991079493,0.005588114437323848,17182.619573757074,178.95123860042148,189137389498326.62,37930092212587.43,1242509586.6175215,37931334722174.05,189137389498326.62,0.0,0.0,5054475531546402.0,0.3303844133515401,45000.0,kv_beachfront_C8
DeepSeek-V4-Pro-0813,N7-SRAM-rich-Graphcore-style-derived-control,sram,official_packed,1000000,32,False,31,992,1,352239449751.31995,352239449751.31995,2207468544.0,72312.0,294162104320.0,0.00029486479528575434,,0.0,0.0,0.0,0.0,0.0,0.0,0.0,0.0,0.0,0.0,,465000.0,capacity_C7_C8_C9
DeepSeek-V4-Pro-0813,NVIDIA-A100-SXM-80GB-packed-HBM-BF16-execute-x1,gpu,a100_packed_hbm_bf16_execute,1000000,64,False,1,64,0,548837516692.9358,548837516692.9358,2207468544.0,72312.0,294162104320.0,0.6017514032889384,,0.0,0.0,0.0,0.0,0.0,0.0,0.0,0.0,0.0,0.0,,400.0,capacity_C7_C8_C9
DeepSeek-V4-Pro-0813,NVIDIA-A100-SXM-80GB-packed-HBM-BF16-execute-x2,gpu,a100_packed_hbm_bf16_execute,1000000,64,False,1,64,0,548837516692.9358,548837516692.9358,2207468544.0,72312.0,294162104320.0,0.30247964856211623,,0.0,0.0,0.0,0.0,0.0,0.0,0.0,0.0,0.0,0.0,,800.0,capacity_C7_C8_C9
DeepSeek-V4-Pro-0813,NVIDIA-A100-SXM-80GB-packed-HBM-BF16-execute-x4,gpu,a100_packed_hbm_bf16_execute,1000000,64,False,1,64,0,548837516692.9358,548837516692.9358,2207468544.0,72312.0,294162104320.0,0.15218532715164637,,0.0,0.0,0.0,0.0,0.0,0.0,0.0,0.0,0.0,0.0,,1600.0,capacity_C7_C8_C9
DeepSeek-V4-Pro-0813,NVIDIA-A100-SXM-80GB-packed-HBM-BF16-execute-x8,gpu,a100_packed_hbm_bf16_execute,1000000,64,False,1,64,0,548837516692.9358,548837516692.9358,2207468544.0,72312.0,294162104320.0,0.07710993115229421,,0.0,0.0,0.0,0.0,0.0,0.0,0.0,0.0,0.0,0.0,,3200.0,capacity_C7_C8_C9
DeepSeek-V4-Pro-0813,NVIDIA-A100-SXM-80GB-packed-HBM-BF16-execute-x16,gpu,a100_packed_hbm_bf16_execute,1000000,64,False,1,64,26,548837516692.9358,548837516692.9358,2207468544.0,72312.0,294162104320.0,0.0413228542871425,,0.0,0.0,0.0,0.0,0.0,0.0,0.0,0.0,0.0,0.0,,6400.0,capacity_C7_C8_C9
DeepSeek-V4-Pro-0813,NVIDIA-A100-SXM-80GB-packed-HBM-BF16-execute-x32,gpu,a100_packed_hbm_bf16_execute,1000000,64,True,1,64,143,548837516692.9358,548837516692.9358,2207468544.0,72312.0,294162104320.0,0.025628010824484893,0.02562801082448489,2497.2675576855413,39.01980558883658,21415533201218.207,5512639579542.538,180582411.63135687,26928353363172.375,0.0,0.0,0.0,734601479818845.9,2.3062625863409556,12800.0,gpu_weight_memory_C3
DeepSeek-V4-Pro-0813,NVIDIA-A100-SXM-80GB-packed-HBM-BF16-execute-x64,gpu,a100_packed_hbm_bf16_execute,1000000,64,True,1,64,376,548837516692.9358,548837516692.9358,2207468544.0,72312.0,294162104320.0,0.016841044765903826,0.016841044765903826,3800.2392897603136,59.3787389025049,32589279603609.008,8388908691818.794,274802903.5211478,40978463098331.32,0.0,0.0,0.0,1117886386395436.1,3.0310484668119244,25600.0,gpu_weight_memory_C3
DeepSeek-V4-Pro-0813,NVIDIA-A100-SXM-80GB-BF16-resident-x1,gpu,a100_bf16_expanded,1000000,64,False,1,64,0,548837516692.9358,2014756104049.4053,2207468544.0,72312.0,294162104320.0,1.9419279290226006,,0.0,0.0,0.0,0.0,0.0,0.0,0.0,0.0,0.0,0.0,,400.0,capacity_C7_C8_C9
DeepSeek-V4-Pro-0813,NVIDIA-A100-SXM-80GB-BF16-resident-x2,gpu,a100_bf16_expanded,1000000,64,False,1,64,0,548837516692.9358,2014756104049.4053,2207468544.0,72312.0,294162104320.0,0.9725679114289474,,0.0,0.0,0.0,0.0,0.0,0.0,0.0,0.0,0.0,0.0,,800.0,capacity_C7_C8_C9
DeepSeek-V4-Pro-0813,NVIDIA-A100-SXM-80GB-BF16-resident-x4,gpu,a100_bf16_expanded,1000000,64,False,1,64,0,548837516692.9358,2014756104049.4053,2207468544.0,72312.0,294162104320.0,0.4872294585850619,,0.0,0.0,0.0,0.0,0.0,0.0,0.0,0.0,0.0,0.0,,1600.0,capacity_C7_C8_C9
DeepSeek-V4-Pro-0813,NVIDIA-A100-SXM-80GB-BF16-resident-x8,gpu,a100_bf16_expanded,1000000,64,False,1,64,0,548837516692.9358,2014756104049.4053,2207468544.0,72312.0,294162104320.0,0.2446319968690032,,0.0,0.0,0.0,0.0,0.0,0.0,0.0,0.0,0.0,0.0,,3200.0,capacity_C7_C8_C9
DeepSeek-V4-Pro-0813,NVIDIA-A100-SXM-80GB-BF16-resident-x16,gpu,a100_bf16_expanded,1000000,64,False,1,64,0,548837516692.9358,2014756104049.4053,2207468544.0,72312.0,294162104320.0,0.125083899259287,,0.0,0.0,0.0,0.0,0.0,0.0,0.0,0.0,0.0,0.0,,6400.0,capacity_C7_C8_C9
DeepSeek-V4-Pro-0813,NVIDIA-A100-SXM-80GB-BF16-resident-x32,gpu,a100_bf16_expanded,1000000,64,False,1,64,0,548837516692.9358,2014756104049.4053,2207468544.0,72312.0,294162104320.0,0.06752651186367134,,0.0,0.0,0.0,0.0,0.0,0.0,0.0,0.0,0.0,0.0,,12800.0,capacity_C7_C8_C9
DeepSeek-V4-Pro-0813,NVIDIA-A100-SXM-80GB-BF16-resident-x64,gpu,a100_bf16_expanded,1000000,64,True,1,64,132,548837516692.9358,2014756104049.4053,2207468544.0,72312.0,294162104320.0,0.03823583359267851,0.03823583359267851,1673.8225373031983,26.153477145362473,52692877720735.66,3694910599335.0767,121037455.31746887,56387909357526.05,0.0,0.0,0.0,492375159831350.5,6.881679040661598,25600.0,gpu_weight_memory_C3
DeepSeek-V4-Pro-0813,ROM-wafer-N7-HBM2e-conservative,rom,official_packed,1000000,64,False,16,1024,21,548837516692.9358,548837516692.9358,2207468544.0,72312.0,294162104320.0,0.004148044194579999,,0.0,0.0,0.0,0.0,0.0,0.0,0.0,0.0,0.0,0.0,,240000.0,capacity_C7_C8_C9
DeepSeek-V4-Pro-0813,ROM-wafer-N7-HBM2e-central,rom,official_packed,1000000,64,False,6,384,46,548837516692.9358,548837516692.9358,2207468544.0,72312.0,294162104320.0,0.0036601517130170702,,0.0,0.0,0.0,0.0,0.0,0.0,0.0,0.0,0.0,0.0,,90000.0,capacity_C7_C8_C9
DeepSeek-V4-Pro-0813,ROM-wafer-N7-HBM2e-aggressive,rom,official_packed,1000000,64,True,3,192,70,548837516692.9358,548837516692.9358,2207468544.0,72312.0,294162104320.0,0.0037167455099740175,0.011151309969922052,17219.36565962177,89.67556302329116,147666154494600.44,38011208041248.87,1245166769.5785694,38012453208018.445,147666154494600.44,0.0,0.0,5065284837489885.0,0.3296793737896101,45000.0,kv_beachfront_C8
DeepSeek-V4-Pro-0813,N7-SRAM-rich-Graphcore-style-derived-control,sram,official_packed,1000000,64,False,31,1984,1,548837516692.9358,548837516692.9358,2207468544.0,72312.0,294162104320.0,0.0005863176938262786,,0.0,0.0,0.0,0.0,0.0,0.0,0.0,0.0,0.0,0.0,,465000.0,capacity_C7_C8_C9
Qwen3-8B,NVIDIA-A100-SXM-80GB-packed-HBM-BF16-execute-x1,gpu,a100_packed_hbm_bf16_execute,8192,1,True,1,1,46,15136811008.0,15136811008.0,1207959552.0,147456.0,15136811008.0,0.01131012716843605,0.01131012716843605,88.416335652774,88.416335652774,1338341362795.9321,106803357204.6065,13037519.190015443,1445157757519.7288,0.0,0.0,0.0,1338341362795.9324,2.0355948273911113,400.0,gpu_weight_memory_C3
Qwen3-8B,NVIDIA-A100-SXM-80GB-packed-HBM-BF16-execute-x2,gpu,a100_packed_hbm_bf16_execute,8192,1,True,1,1,105,15136811008.0,15136811008.0,1207959552.0,147456.0,15136811008.0,0.00583141445480626,0.00583141445480626,171.4849815169283,171.4849815169283,2595735755932.1167,207146921447.91696,25286489.434560176,2802907963869.4683,0.0,0.0,0.0,2595735755932.1167,2.09907402875273,800.0,gpu_weight_memory_C3
Qwen3-8B,NVIDIA-A100-SXM-80GB-packed-HBM-BF16-execute-x4,gpu,a100_packed_hbm_bf16_execute,8192,1,True,1,1,224,15136811008.0,15136811008.0,1207959552.0,147456.0,15136811008.0,0.0030885885450501888,0.0030885885450501888,323.7724887643622,323.7724887643622,4900882972015.954,391104070477.724,47742196.10323779,5292034784689.781,0.0,0.0,0.0,4900882972015.954,2.2235346332053583,1600.0,gpu_weight_memory_C3
Qwen3-8B,NVIDIA-A100-SXM-80GB-packed-HBM-BF16-execute-x8,gpu,a100_packed_hbm_bf16_execute,8192,1,True,1,1,463,15136811008.0,15136811008.0,1207959552.0,147456.0,15136811008.0,0.0017595285313486237,0.0017595285313486237,568.3340634627455,568.3340634627455,8602765308044.256,686524560686.7976,83804267.6619626,9289373672998.715,0.0,0.0,0.0,8602765308044.256,2.5334372452016263,3200.0,gpu_weight_memory_C3
Qwen3-8B,NVIDIA-A100-SXM-80GB-packed-HBM-BF16-execute-x16,gpu,a100_packed_hbm_bf16_execute,8192,1,True,1,1,940,15136811008.0,15136811008.0,1207959552.0,147456.0,15136811008.0,0.0012616285480272532,0.0012616285480272532,792.6263253662506,792.6263253662506,11997834887034.453,957460540892.8224,116877507.43320586,12955412305434.709,0.0,0.0,0.0,11997834887034.451,3.6330831768122134,6400.0,gpu_weight_memory_C3
Qwen3-8B,NVIDIA-A100-SXM-80GB-packed-HBM-BF16-execute-x32,gpu,a100_packed_hbm_bf16_execute,8192,1,True,1,1,1893,15136811008.0,15136811008.0,1207959552.0,147456.0,15136811008.0,0.0011029326740136266,0.0011029326740136266,906.673656118057,906.673656118057,13724147778591.412,1095225103454.5702,133694470.63654421,14819506576516.62,0.0,0.0,0.0,13724147778591.412,6.352180519981158,12800.0,collective_floor_C6
Qwen3-8B,NVIDIA-A100-SXM-80GB-packed-HBM-BF16-execute-x64,gpu,a100_packed_hbm_bf16_execute,8192,1,True,1,1,3801,15136811008.0,15136811008.0,1207959552.0,147456.0,15136811008.0,0.0011962119370068133,0.0011962119370068133,835.9722629939818,835.9722629939818,12653954152869.975,1009820680290.6364,123269126.01204057,13663898102286.623,0.0,0.0,0.0,12653954152869.975,13.778817770212742,25600.0,collective_floor_C6
Qwen3-8B,NVIDIA-A100-SXM-80GB-BF16-resident-x1,gpu,a100_bf16_expanded,8192,1,True,1,1,46,15136811008.0,15136811008.0,1207959552.0,147456.0,15136811008.0,0.01131012716843605,0.01131012716843605,88.416335652774,88.416335652774,1338341362795.9321,106803357204.6065,13037519.190015443,1445157757519.7288,0.0,0.0,0.0,1338341362795.9324,2.0355948273911113,400.0,gpu_weight_memory_C3
Qwen3-8B,NVIDIA-A100-SXM-80GB-BF16-resident-x2,gpu,a100_bf16_expanded,8192,1,True,1,1,105,15136811008.0,15136811008.0,1207959552.0,147456.0,15136811008.0,0.00583141445480626,0.00583141445480626,171.4849815169283,171.4849815169283,2595735755932.1167,207146921447.91696,25286489.434560176,2802907963869.4683,0.0,0.0,0.0,2595735755932.1167,2.09907402875273,800.0,gpu_weight_memory_C3
Qwen3-8B,NVIDIA-A100-SXM-80GB-BF16-resident-x4,gpu,a100_bf16_expanded,8192,1,True,1,1,224,15136811008.0,15136811008.0,1207959552.0,147456.0,15136811008.0,0.0030885885450501888,0.0030885885450501888,323.7724887643622,323.7724887643622,4900882972015.954,391104070477.724,47742196.10323779,5292034784689.781,0.0,0.0,0.0,4900882972015.954,2.2235346332053583,1600.0,gpu_weight_memory_C3
Qwen3-8B,NVIDIA-A100-SXM-80GB-BF16-resident-x8,gpu,a100_bf16_expanded,8192,1,True,1,1,463,15136811008.0,15136811008.0,1207959552.0,147456.0,15136811008.0,0.0017595285313486237,0.0017595285313486237,568.3340634627455,568.3340634627455,8602765308044.256,686524560686.7976,83804267.6619626,9289373672998.715,0.0,0.0,0.0,8602765308044.256,2.5334372452016263,3200.0,gpu_weight_memory_C3
Qwen3-8B,NVIDIA-A100-SXM-80GB-BF16-resident-x16,gpu,a100_bf16_expanded,8192,1,True,1,1,940,15136811008.0,15136811008.0,1207959552.0,147456.0,15136811008.0,0.0012616285480272532,0.0012616285480272532,792.6263253662506,792.6263253662506,11997834887034.453,957460540892.8224,116877507.43320586,12955412305434.709,0.0,0.0,0.0,11997834887034.451,3.6330831768122134,6400.0,gpu_weight_memory_C3
Qwen3-8B,NVIDIA-A100-SXM-80GB-BF16-resident-x32,gpu,a100_bf16_expanded,8192,1,True,1,1,1893,15136811008.0,15136811008.0,1207959552.0,147456.0,15136811008.0,0.0011029326740136266,0.0011029326740136266,906.673656118057,906.673656118057,13724147778591.412,1095225103454.5702,133694470.63654421,14819506576516.62,0.0,0.0,0.0,13724147778591.412,6.352180519981158,12800.0,collective_floor_C6
Qwen3-8B,NVIDIA-A100-SXM-80GB-BF16-resident-x64,gpu,a100_bf16_expanded,8192,1,True,1,1,3801,15136811008.0,15136811008.0,1207959552.0,147456.0,15136811008.0,0.0011962119370068133,0.0011962119370068133,835.9722629939818,835.9722629939818,12653954152869.975,1009820680290.6364,123269126.01204057,13663898102286.623,0.0,0.0,0.0,12653954152869.975,13.778817770212742,25600.0,collective_floor_C6
Qwen3-8B,ROM-wafer-N7-HBM2e-conservative,rom,official_packed,8192,1,True,1,1,190,15136811008.0,15136811008.0,1207959552.0,147456.0,15136811008.0,0.0010333008575840153,0.0010333008575840153,967.7723507731554,967.7723507731554,14648987172421.137,1169029855277.9277,142703839.7556064,1169172559117.6833,14648987172421.137,0.0,0.0,14648987172421.135,2.7349078273191374,15000.0,kv_beachfront_C8
Qwen3-8B,ROM-wafer-N7-HBM2e-central,rom,official_packed,8192,1,True,1,1,381,15136811008.0,15136811008.0,1207959552.0,147456.0,15136811008.0,0.0002424245491970506,0.00024242454919705064,4124.994780075541,4124.994780075541,62439266394989.99,4982826846542.389,608255230.2908189,4983435101772.68,62439266394989.99,0.0,0.0,62439266394989.984,0.641641582185002,15000.0,kv_beachfront_C8
Qwen3-8B,ROM-wafer-N7-HBM2e-aggressive,rom,official_packed,8192,1,True,1,1,572,15136811008.0,15136811008.0,1207959552.0,147456.0,15136811008.0,0.00010721557757081726,0.00010721557757081726,9327.002872688787,9327.002872688787,141181079754963.25,11266642211595.86,1375322535.5951977,11268017534131.455,141181079754963.25,0.0,0.0,141181079754963.25,0.28377477881375784,15000.0,kv_beachfront_C8
Qwen3-8B,N7-SRAM-rich-Graphcore-style-derived-control,sram,official_packed,8192,1,True,1,1,11,15136811008.0,15136811008.0,1207959552.0,147456.0,15136811008.0,8.751884398032933e-05,8.751884398032933e-05,11426.110703938904,11426.110703938904,172954878282009.03,13802279567032.443,1684848579.960015,0.0,0.0,172954878282009.03,13803964415612.404,172954878282009.03,0.13259549067213727,15000.0,collective_floor_C6
Qwen3-8B,NVIDIA-A100-SXM-80GB-packed-HBM-BF16-execute-x1,gpu,a100_packed_hbm_bf16_execute,8192,8,True,1,8,46,15136811008.0,15136811008.0,1207959552.0,147456.0,15136811008.0,0.017546966733754447,0.017546966733754447,455.9192549565104,56.9899068695638,862645449648.1082,550732018965.4401,67228029.6588672,1413444696643.207,0.0,0.0,0.0,6901163597184.865,0.3947625233087186,400.0,gpu_weight_memory_C3
Qwen3-8B,NVIDIA-A100-SXM-80GB-packed-HBM-BF16-execute-x2,gpu,a100_packed_hbm_bf16_execute,8192,8,True,1,8,105,15136811008.0,15136811008.0,1207959552.0,147456.0,15136811008.0,0.00899840797864193,0.00899840797864193,889.0461533849443,111.13076917311804,1682165450147.1602,1073931793150.2007,131095189.59353036,2756228338486.954,0.0,0.0,0.0,13457323601177.281,0.4048829969657027,800.0,gpu_weight_memory_C3
Qwen3-8B,NVIDIA-A100-SXM-80GB-packed-HBM-BF16-execute-x4,gpu,a100_packed_hbm_bf16_execute,8192,8,True,1,8,224,15136811008.0,15136811008.0,1207959552.0,147456.0,15136811008.0,0.004696372177556259,0.004696372177556259,1703.4425078641814,212.93031348302267,3223085913066.7085,2057689648657.373,251182818.43962073,5281026744542.521,0.0,0.0,0.0,25784687304533.668,0.4226261460090631,1600.0,gpu_weight_memory_C3
Qwen3-8B,NVIDIA-A100-SXM-80GB-packed-HBM-BF16-execute-x8,gpu,a100_packed_hbm_bf16_execute,8192,8,True,1,8,463,15136811008.0,15136811008.0,1207959552.0,147456.0,15136811008.0,0.002587707218189894,0.002587707218189894,3091.5398557322164,386.44248196652705,5849506814989.769,3734455099120.4326,455866100.9668497,9584417780211.168,0.0,0.0,0.0,46796054519918.15,0.4657351194821603,3200.0,gpu_weight_memory_C3
Qwen3-8B,NVIDIA-A100-SXM-80GB-packed-HBM-BF16-execute-x16,gpu,a100_packed_hbm_bf16_execute,8192,8,True,1,8,940,15136811008.0,15136811008.0,1207959552.0,147456.0,15136811008.0,0.001754650220859653,0.0017546502208596528,4559.313249384013,569.9141561730016,8626682872774.521,5507465990153.576,672298094.501169,14134821161022.598,0.0,0.0,0.0,69013462982196.18,0.6316033162616471,6400.0,collective_floor_C6
Qwen3-8B,NVIDIA-A100-SXM-80GB-packed-HBM-BF16-execute-x32,gpu,a100_packed_hbm_bf16_execute,8192,8,True,1,8,1893,15136811008.0,15136811008.0,1207959552.0,147456.0,15136811008.0,0.0015042723104298265,0.0015042723104298265,5318.186038878894,664.7732548598617,10062547121986.744,6424153624976.803,784198440.5489261,16487484945404.096,0.0,0.0,0.0,80500376975893.95,1.0829547319836381,12800.0,collective_floor_C6
Qwen3-8B,NVIDIA-A100-SXM-80GB-packed-HBM-BF16-execute-x64,gpu,a100_packed_hbm_bf16_execute,8192,8,True,1,8,3801,15136811008.0,15136811008.0,1207959552.0,147456.0,15136811008.0,0.0015001009552149131,0.0015001009552149131,5332.97440561517,666.6218007018963,10090528211037.246,6442017373834.367,786379073.9543905,16533331963945.566,0.0,0.0,0.0,80724225688297.97,2.1599033853637493,25600.0,collective_floor_C6
Qwen3-8B,NVIDIA-A100-SXM-80GB-BF16-resident-x1,gpu,a100_bf16_expanded,8192,8,True,1,8,46,15136811008.0,15136811008.0,1207959552.0,147456.0,15136811008.0,0.017546966733754447,0.017546966733754447,455.9192549565104,56.9899068695638,862645449648.1082,550732018965.4401,67228029.6588672,1413444696643.207,0.0,0.0,0.0,6901163597184.865,0.3947625233087186,400.0,gpu_weight_memory_C3
Qwen3-8B,NVIDIA-A100-SXM-80GB-BF16-resident-x2,gpu,a100_bf16_expanded,8192,8,True,1,8,105,15136811008.0,15136811008.0,1207959552.0,147456.0,15136811008.0,0.00899840797864193,0.00899840797864193,889.0461533849443,111.13076917311804,1682165450147.1602,1073931793150.2007,131095189.59353036,2756228338486.954,0.0,0.0,0.0,13457323601177.281,0.4048829969657027,800.0,gpu_weight_memory_C3
Qwen3-8B,NVIDIA-A100-SXM-80GB-BF16-resident-x4,gpu,a100_bf16_expanded,8192,8,True,1,8,224,15136811008.0,15136811008.0,1207959552.0,147456.0,15136811008.0,0.004696372177556259,0.004696372177556259,1703.4425078641814,212.93031348302267,3223085913066.7085,2057689648657.373,251182818.43962073,5281026744542.521,0.0,0.0,0.0,25784687304533.668,0.4226261460090631,1600.0,gpu_weight_memory_C3
Qwen3-8B,NVIDIA-A100-SXM-80GB-BF16-resident-x8,gpu,a100_bf16_expanded,8192,8,True,1,8,463,15136811008.0,15136811008.0,1207959552.0,147456.0,15136811008.0,0.002587707218189894,0.002587707218189894,3091.5398557322164,386.44248196652705,5849506814989.769,3734455099120.4326,455866100.9668497,9584417780211.168,0.0,0.0,0.0,46796054519918.15,0.4657351194821603,3200.0,gpu_weight_memory_C3
Qwen3-8B,NVIDIA-A100-SXM-80GB-BF16-resident-x16,gpu,a100_bf16_expanded,8192,8,True,1,8,940,15136811008.0,15136811008.0,1207959552.0,147456.0,15136811008.0,0.001754650220859653,0.0017546502208596528,4559.313249384013,569.9141561730016,8626682872774.521,5507465990153.576,672298094.501169,14134821161022.598,0.0,0.0,0.0,69013462982196.18,0.6316033162616471,6400.0,collective_floor_C6
Qwen3-8B,NVIDIA-A100-SXM-80GB-BF16-resident-x32,gpu,a100_bf16_expanded,8192,8,True,1,8,1893,15136811008.0,15136811008.0,1207959552.0,147456.0,15136811008.0,0.0015042723104298265,0.0015042723104298265,5318.186038878894,664.7732548598617,10062547121986.744,6424153624976.803,784198440.5489261,16487484945404.096,0.0,0.0,0.0,80500376975893.95,1.0829547319836381,12800.0,collective_floor_C6
Qwen3-8B,NVIDIA-A100-SXM-80GB-BF16-resident-x64,gpu,a100_bf16_expanded,8192,8,True,1,8,3801,15136811008.0,15136811008.0,1207959552.0,147456.0,15136811008.0,0.0015001009552149131,0.0015001009552149131,5332.97440561517,666.6218007018963,10090528211037.246,6442017373834.367,786379073.9543905,16533331963945.566,0.0,0.0,0.0,80724225688297.97,2.1599033853637493,25600.0,collective_floor_C6
Qwen3-8B,ROM-wafer-N7-HBM2e-conservative,rom,official_packed,8192,8,True,1,8,190,15136811008.0,15136811008.0,1207959552.0,147456.0,15136811008.0,0.004705233080184318,0.004705233080184318,1700.2345821488223,212.52932276860278,3217016192406.572,2053814604147.3984,250709790.54533672,2054065313937.9438,3217016192406.572,0.0,0.0,25736129539252.574,1.5567076478631883,15000.0,kv_beachfront_C8
Qwen3-8B,ROM-wafer-N7-HBM2e-central,rom,official_packed,8192,8,True,1,8,381,15136811008.0,15136811008.0,1207959552.0,147456.0,15136811008.0,0.0015089923531723644,0.0015089923531723644,5301.551053709151,662.6938817136439,10031072043657.334,6404059235743.635,781745512.1757367,6404840981255.811,10031072043657.334,0.0,0.0,80248576349258.69,0.4992441175004383,15000.0,kv_beachfront_C8
Qwen3-8B,ROM-wafer-N7-HBM2e-aggressive,rom,official_packed,8192,8,True,1,8,572,15136811008.0,15136811008.0,1207959552.0,147456.0,15136811008.0,0.0007623427616639625,0.0007623427616639625,10493.967283874292,1311.7459104842865,19855649937517.53,12676288018931.445,1547398439.8109674,12677835417371.256,19855649937517.53,0.0,0.0,158845199500140.25,0.25221807021065706,15000.0,kv_beachfront_C8
Qwen3-8B,N7-SRAM-rich-Graphcore-style-derived-control,sram,official_packed,8192,8,True,1,8,11,15136811008.0,15136811008.0,1207959552.0,147456.0,15136811008.0,0.00026974671143859425,0.00026974671143859425,29657.451456349405,3707.1814320436756,56114904709211.914,35825001774673.58,4373169161.947458,0.0,0.0,56114904709211.914,35829374943835.52,448919237673695.3,0.05108499486184202,15000.0,compute_C5
Qwen3-8B,NVIDIA-A100-SXM-80GB-packed-HBM-BF16-execute-x1,gpu,a100_packed_hbm_bf16_execute,8192,32,True,1,32,46,15136811008.0,15136811008.0,1207959552.0,147456.0,15136811008.0,0.038930416671988946,0.038930416671988946,821.979386185828,25.686855818307126,388817081911.46014,992917851090.2678,121205792.36941746,1381856138794.0974,0.0,0.0,0.0,12442146621166.725,0.2189590621570336,400.0,kv_memory_C2
Qwen3-8B,NVIDIA-A100-SXM-80GB-packed-HBM-BF16-execute-x2,gpu,a100_packed_hbm_bf16_execute,8192,32,True,1,32,105,15136811008.0,15136811008.0,1207959552.0,147456.0,15136811008.0,0.019856671488935648,0.019856671488935648,1611.54904626542,50.360907695794374,762303541982.5721,1946686063952.804,237632576.16611376,2709227238511.542,0.0,0.0,0.0,24393713343442.31,0.22336252927423544,800.0,kv_memory_C2
Qwen3-8B,NVIDIA-A100-SXM-80GB-packed-HBM-BF16-execute-x4,gpu,a100_packed_hbm_bf16_execute,8192,32,True,1,32,224,15136811008.0,15136811008.0,1207959552.0,147456.0,15136811008.0,0.010208773203291353,0.010208773203291353,3134.558811599719,97.95496286249121,1482725760145.1882,3786420257777.649,462209504.12324816,5269608227426.96,0.0,0.0,0.0,47447224324646.02,0.2296716652380314,1600.0,kv_memory_C2
Qwen3-8B,NVIDIA-A100-SXM-80GB-packed-HBM-BF16-execute-x8,gpu,a100_packed_hbm_bf16_execute,8192,32,True,1,32,463,15136811008.0,15136811008.0,1207959552.0,147456.0,15136811008.0,0.005427177001645677,0.005427177001645677,5896.25140110534,184.25785628454187,2789076347318.3354,7122433200958.579,869437646.601389,9912378985923.516,0.0,0.0,0.0,89250443114186.73,0.24419560601221735,3200.0,kv_memory_C2
Qwen3-8B,NVIDIA-A100-SXM-80GB-packed-HBM-BF16-execute-x16,gpu,a100_packed_hbm_bf16_execute,8192,32,True,1,32,940,15136811008.0,15136811008.0,1207959552.0,147456.0,15136811008.0,0.0034450102419993087,0.003445010241999309,9288.796767532634,290.2748989853948,4393836286308.213,11220490781927.77,1369688816.1532922,15615696757052.135,0.0,0.0,0.0,140602761161862.8,0.31001618834551503,6400.0,kv_memory_C2
Qwen3-8B,NVIDIA-A100-SXM-80GB-packed-HBM-BF16-execute-x32,gpu,a100_packed_hbm_bf16_execute,8192,32,True,1,32,1893,15136811008.0,15136811008.0,1207959552.0,147456.0,15136811008.0,0.002880293920999654,0.002880293920999654,11109.977272352075,347.18678976100233,5255300821086.522,13420403168640.594,1638232808.6719475,18677342222535.79,0.0,0.0,0.0,168169626274768.7,0.5183948261267608,12800.0,collective_floor_C6
Qwen3-8B,NVIDIA-A100-SXM-80GB-packed-HBM-BF16-execute-x64,gpu,a100_packed_hbm_bf16_execute,8192,32,True,1,32,3801,15136811008.0,15136811008.0,1207959552.0,147456.0,15136811008.0,0.0025420061604998273,0.0025420061604998273,12588.482473900824,393.39007730940074,5954671252654.908,15206377649533.09,1856247271.6715198,21162905149459.67,0.0,0.0,0.0,190549480084957.06,0.9150197012727861,25600.0,collective_floor_C6
Qwen3-8B,NVIDIA-A100-SXM-80GB-BF16-resident-x1,gpu,a100_bf16_expanded,8192,32,True,1,32,46,15136811008.0,15136811008.0,1207959552.0,147456.0,15136811008.0,0.038930416671988946,0.038930416671988946,821.979386185828,25.686855818307126,388817081911.46014,992917851090.2678,121205792.36941746,1381856138794.0974,0.0,0.0,0.0,12442146621166.725,0.2189590621570336,400.0,kv_memory_C2
Qwen3-8B,NVIDIA-A100-SXM-80GB-BF16-resident-x2,gpu,a100_bf16_expanded,8192,32,True,1,32,105,15136811008.0,15136811008.0,1207959552.0,147456.0,15136811008.0,0.019856671488935648,0.019856671488935648,1611.54904626542,50.360907695794374,762303541982.5721,1946686063952.804,237632576.16611376,2709227238511.542,0.0,0.0,0.0,24393713343442.31,0.22336252927423544,800.0,kv_memory_C2
Qwen3-8B,NVIDIA-A100-SXM-80GB-BF16-resident-x4,gpu,a100_bf16_expanded,8192,32,True,1,32,224,15136811008.0,15136811008.0,1207959552.0,147456.0,15136811008.0,0.010208773203291353,0.010208773203291353,3134.558811599719,97.95496286249121,1482725760145.1882,3786420257777.649,462209504.12324816,5269608227426.96,0.0,0.0,0.0,47447224324646.02,0.2296716652380314,1600.0,kv_memory_C2
Qwen3-8B,NVIDIA-A100-SXM-80GB-BF16-resident-x8,gpu,a100_bf16_expanded,8192,32,True,1,32,463,15136811008.0,15136811008.0,1207959552.0,147456.0,15136811008.0,0.005427177001645677,0.005427177001645677,5896.25140110534,184.25785628454187,2789076347318.3354,7122433200958.579,869437646.601389,9912378985923.516,0.0,0.0,0.0,89250443114186.73,0.24419560601221735,3200.0,kv_memory_C2
Qwen3-8B,NVIDIA-A100-SXM-80GB-BF16-resident-x16,gpu,a100_bf16_expanded,8192,32,True,1,32,940,15136811008.0,15136811008.0,1207959552.0,147456.0,15136811008.0,0.0034450102419993087,0.003445010241999309,9288.796767532634,290.2748989853948,4393836286308.213,11220490781927.77,1369688816.1532922,15615696757052.135,0.0,0.0,0.0,140602761161862.8,0.31001618834551503,6400.0,kv_memory_C2
Qwen3-8B,NVIDIA-A100-SXM-80GB-BF16-resident-x32,gpu,a100_bf16_expanded,8192,32,True,1,32,1893,15136811008.0,15136811008.0,1207959552.0,147456.0,15136811008.0,0.002880293920999654,0.002880293920999654,11109.977272352075,347.18678976100233,5255300821086.522,13420403168640.594,1638232808.6719475,18677342222535.79,0.0,0.0,0.0,168169626274768.7,0.5183948261267608,12800.0,collective_floor_C6
Qwen3-8B,NVIDIA-A100-SXM-80GB-BF16-resident-x64,gpu,a100_bf16_expanded,8192,32,True,1,32,3801,15136811008.0,15136811008.0,1207959552.0,147456.0,15136811008.0,0.0025420061604998273,0.0025420061604998273,12588.482473900824,393.39007730940074,5954671252654.908,15206377649533.09,1856247271.6715198,21162905149459.67,0.0,0.0,0.0,190549480084957.06,0.9150197012727861,25600.0,collective_floor_C6
Qwen3-8B,ROM-wafer-N7-HBM2e-conservative,rom,official_packed,8192,32,True,1,32,190,15136811008.0,15136811008.0,1207959552.0,147456.0,15136811008.0,0.0172939506134202,0.0172939506134202,1850.3580075664047,57.82368773645015,875266233052.2532,2235157629859.527,272846390.3637118,2235430476249.8906,875266233052.2532,0.0,0.0,28008519457672.1,1.4304086919231267,15000.0,kv_beachfront_C8
Qwen3-8B,ROM-wafer-N7-HBM2e-central,rom,official_packed,8192,32,True,1,32,381,15136811008.0,15136811008.0,1207959552.0,147456.0,15136811008.0,0.005851524968245014,0.005851524968245014,5468.659908939502,170.89562215435944,2586814734645.1167,6605919973642.922,806386715.5325832,6606726360358.454,2586814734645.1167,0.0,0.0,82778071508643.73,0.4839884398124536,15000.0,kv_beachfront_C8
Qwen3-8B,ROM-wafer-N7-HBM2e-aggressive,rom,official_packed,8192,32,True,1,32,572,15136811008.0,15136811008.0,1207959552.0,147456.0,15136811008.0,0.003008493107126175,0.003008493107126175,10636.554201903291,332.39231880947784,5031359710329.949,12848527248554.816,1568423736.3958516,12850095672291.213,5031359710329.949,0.0,0.0,161003510730558.38,0.24883699428889622,15000.0,kv_beachfront_C8
Qwen3-8B,N7-SRAM-rich-Graphcore-style-derived-control,sram,official_packed,8192,32,False,1,32,11,15136811008.0,15136811008.0,1207959552.0,147456.0,15136811008.0,0.0008945424013099326,,0.0,0.0,0.0,0.0,0.0,0.0,0.0,0.0,0.0,0.0,,15000.0,capacity_C7_C8_C9
Qwen3-8B,NVIDIA-A100-SXM-80GB-packed-HBM-BF16-execute-x1,gpu,a100_packed_hbm_bf16_execute,8192,64,False,1,64,46,15136811008.0,15136811008.0,1207959552.0,147456.0,15136811008.0,0.06744168325630162,,0.0,0.0,0.0,0.0,0.0,0.0,0.0,0.0,0.0,0.0,,400.0,capacity_C7_C8_C9
Qwen3-8B,NVIDIA-A100-SXM-80GB-packed-HBM-BF16-execute-x2,gpu,a100_packed_hbm_bf16_execute,8192,64,True,1,64,105,15136811008.0,15136811008.0,1207959552.0,147456.0,15136811008.0,0.03433435616932728,0.03433435616932728,1864.022138186317,29.125345909161204,440864856569.5991,2251663346961.6255,274861248.40840155,2692803064779.633,0.0,0.0,0.0,28215350820454.34,0.1931091179923243,800.0,kv_memory_C2
Qwen3-8B,NVIDIA-A100-SXM-80GB-packed-HBM-BF16-execute-x4,gpu,a100_packed_hbm_bf16_execute,8192,64,True,1,64,224,15136811008.0,15136811008.0,1207959552.0,147456.0,15136811008.0,0.017558641237604818,0.017558641237604818,3644.928963121196,56.952015048768686,862071888317.9835,4402926757363.704,537466645.185999,5265536112326.873,0.0,0.0,0.0,55172600852350.945,0.19751258510952618,1600.0,kv_memory_C2
Qwen3-8B,NVIDIA-A100-SXM-80GB-packed-HBM-BF16-execute-x8,gpu,a100_packed_hbm_bf16_execute,8192,64,True,1,64,463,15136811008.0,15136811008.0,1207959552.0,147456.0,15136811008.0,0.009213136712920055,0.009213136712920055,6946.602660334945,108.54066656773351,1642959556518.1262,8391215037500.208,1024318241.8823496,10035198912260.217,0.0,0.0,0.0,105149411617160.08,0.20727235376722694,3200.0,kv_memory_C2
Qwen3-8B,NVIDIA-A100-SXM-80GB-packed-HBM-BF16-execute-x16,gpu,a100_packed_hbm_bf16_execute,8192,64,True,1,64,940,15136811008.0,15136811008.0,1207959552.0,147456.0,15136811008.0,0.005698823603518852,0.005698823603518852,11230.387962961677,175.4748119212762,2656129064716.703,13565854412525.379,1655988087.466477,16223639465329.549,0.0,0.0,0.0,169992260141869.0,0.25641833369282646,6400.0,kv_memory_C2
Qwen3-8B,NVIDIA-A100-SXM-80GB-packed-HBM-BF16-execute-x32,gpu,a100_packed_hbm_bf16_execute,8192,64,True,1,64,1893,15136811008.0,15136811008.0,1207959552.0,147456.0,15136811008.0,0.004714989401759425,0.004714989401759425,13573.731465041688,212.08955414127638,3210359497807.4844,16396518579480.062,2001528146.9091873,19608879605434.457,0.0,0.0,0.0,205463007859679.0,0.424301508483948,12800.0,collective_floor_C6
Qwen3-8B,NVIDIA-A100-SXM-80GB-packed-HBM-BF16-execute-x64,gpu,a100_packed_hbm_bf16_execute,8192,64,True,1,64,3801,15136811008.0,15136811008.0,1207959552.0,147456.0,15136811008.0,0.003931213100879712,0.003931213100879712,16279.96202639799,254.3744066624686,3850417318921.923,19665535635984.73,2400578080.5645423,23518353532987.22,0.0,0.0,0.0,246426708411003.1,0.7075390872576253,25600.0,collective_floor_C6
Qwen3-8B,NVIDIA-A100-SXM-80GB-BF16-resident-x1,gpu,a100_bf16_expanded,8192,64,False,1,64,46,15136811008.0,15136811008.0,1207959552.0,147456.0,15136811008.0,0.06744168325630162,,0.0,0.0,0.0,0.0,0.0,0.0,0.0,0.0,0.0,0.0,,400.0,capacity_C7_C8_C9
Qwen3-8B,NVIDIA-A100-SXM-80GB-BF16-resident-x2,gpu,a100_bf16_expanded,8192,64,True,1,64,105,15136811008.0,15136811008.0,1207959552.0,147456.0,15136811008.0,0.03433435616932728,0.03433435616932728,1864.022138186317,29.125345909161204,440864856569.5991,2251663346961.6255,274861248.40840155,2692803064779.633,0.0,0.0,0.0,28215350820454.34,0.1931091179923243,800.0,kv_memory_C2
Qwen3-8B,NVIDIA-A100-SXM-80GB-BF16-resident-x4,gpu,a100_bf16_expanded,8192,64,True,1,64,224,15136811008.0,15136811008.0,1207959552.0,147456.0,15136811008.0,0.017558641237604818,0.017558641237604818,3644.928963121196,56.952015048768686,862071888317.9835,4402926757363.704,537466645.185999,5265536112326.873,0.0,0.0,0.0,55172600852350.945,0.19751258510952618,1600.0,kv_memory_C2
Qwen3-8B,NVIDIA-A100-SXM-80GB-BF16-resident-x8,gpu,a100_bf16_expanded,8192,64,True,1,64,463,15136811008.0,15136811008.0,1207959552.0,147456.0,15136811008.0,0.009213136712920055,0.009213136712920055,6946.602660334945,108.54066656773351,1642959556518.1262,8391215037500.208,1024318241.8823496,10035198912260.217,0.0,0.0,0.0,105149411617160.08,0.20727235376722694,3200.0,kv_memory_C2
Qwen3-8B,NVIDIA-A100-SXM-80GB-BF16-resident-x16,gpu,a100_bf16_expanded,8192,64,True,1,64,940,15136811008.0,15136811008.0,1207959552.0,147456.0,15136811008.0,0.005698823603518852,0.005698823603518852,11230.387962961677,175.4748119212762,2656129064716.703,13565854412525.379,1655988087.466477,16223639465329.549,0.0,0.0,0.0,169992260141869.0,0.25641833369282646,6400.0,kv_memory_C2
Qwen3-8B,NVIDIA-A100-SXM-80GB-BF16-resident-x32,gpu,a100_bf16_expanded,8192,64,True,1,64,1893,15136811008.0,15136811008.0,1207959552.0,147456.0,15136811008.0,0.004714989401759425,0.004714989401759425,13573.731465041688,212.08955414127638,3210359497807.4844,16396518579480.062,2001528146.9091873,19608879605434.457,0.0,0.0,0.0,205463007859679.0,0.424301508483948,12800.0,collective_floor_C6
Qwen3-8B,NVIDIA-A100-SXM-80GB-BF16-resident-x64,gpu,a100_bf16_expanded,8192,64,True,1,64,3801,15136811008.0,15136811008.0,1207959552.0,147456.0,15136811008.0,0.003931213100879712,0.003931213100879712,16279.96202639799,254.3744066624686,3850417318921.923,19665535635984.73,2400578080.5645423,23518353532987.22,0.0,0.0,0.0,246426708411003.1,0.7075390872576253,25600.0,collective_floor_C6
Qwen3-8B,ROM-wafer-N7-HBM2e-conservative,rom,official_packed,8192,64,True,1,64,190,15136811008.0,15136811008.0,1207959552.0,147456.0,15136811008.0,0.03407904451952332,0.03407904451952332,1877.9869242911273,29.343545692048863,444167705445.1562,2268532243728.568,276920439.90827245,2268809164168.476,444167705445.1562,0.0,0.0,28426733148489.996,1.4093645397406611,15000.0,kv_beachfront_C8
Qwen3-8B,ROM-wafer-N7-HBM2e-central,rom,official_packed,8192,64,True,1,64,381,15136811008.0,15136811008.0,1207959552.0,147456.0,15136811008.0,0.011641534784974877,0.011641534784974877,5497.55690998763,85.89932671855672,1300241874253.238,6640826382083.162,810647751.719136,6641637029834.881,1300241874253.238,0.0,0.0,83215479952207.22,0.48144443441486806,15000.0,kv_beachfront_C8
Qwen3-8B,ROM-wafer-N7-HBM2e-aggressive,rom,official_packed,8192,64,True,1,64,572,15136811008.0,15136811008.0,1207959552.0,147456.0,15136811008.0,0.006003360234409124,0.006003360234409124,10660.696260266839,166.57337906666936,2521389757896.117,12877689878560.006,1571983627.753907,12879261862187.76,2521389757896.117,0.0,0.0,161368944505351.53,0.24827348163526938,15000.0,kv_beachfront_C8
Qwen3-8B,N7-SRAM-rich-Graphcore-style-derived-control,sram,official_packed,8192,64,False,1,64,11,15136811008.0,15136811008.0,1207959552.0,147456.0,15136811008.0,0.0017275696511047137,,0.0,0.0,0.0,0.0,0.0,0.0,0.0,0.0,0.0,0.0,,15000.0,capacity_C7_C8_C9
Qwen3-8B,NVIDIA-A100-SXM-80GB-packed-HBM-BF16-execute-x1,gpu,a100_packed_hbm_bf16_execute,32768,1,True,1,1,11,15136811008.0,15136811008.0,4831838208.0,147456.0,15136811008.0,0.013982732164988243,0.013982732164988243,71.51678142730418,71.51678142730418,1082536004365.548,345557517013.6331,10545578.522144565,1428104066957.7031,0.0,0.0,0.0,1082536004365.5479,2.516609835058224,400.0,gpu_weight_memory_C3
Qwen3-8B,NVIDIA-A100-SXM-80GB-packed-HBM-BF16-execute-x2,gpu,a100_packed_hbm_bf16_execute,32768,1,True,1,1,26,15136811008.0,15136811008.0,4831838208.0,147456.0,15136811008.0,0.007167716953082357,0.007167716953082357,139.51443765786073,139.51443765786073,2111803675714.436,674111190442.8855,20572240.91927751,2785935438398.2407,0.0,0.0,0.0,2111803675714.436,2.5800890364198428,800.0,gpu_weight_memory_C3
Qwen3-8B,NVIDIA-A100-SXM-80GB-packed-HBM-BF16-execute-x4,gpu,a100_packed_hbm_bf16_execute,32768,1,True,1,1,56,15136811008.0,15136811008.0,4831838208.0,147456.0,15136811008.0,0.003756739794188237,0.003756739794188237,266.18825225718933,266.18825225718933,4029241266966.9043,1286178567777.0298,39251054.924836114,5315459085798.859,0.0,0.0,0.0,4029241266966.9043,2.704549640872471,1600.0,gpu_weight_memory_C3
Qwen3-8B,NVIDIA-A100-SXM-80GB-packed-HBM-BF16-execute-x8,gpu,a100_packed_hbm_bf16_execute,32768,1,True,1,1,115,15136811008.0,15136811008.0,4831838208.0,147456.0,15136811008.0,0.002093604155917648,0.002093604155917648,477.64521157137744,477.64521157137744,7230025296432.115,2307904383138.825,70431652.31746903,9538000111223.258,0.0,0.0,0.0,7230025296432.115,3.0144522528687396,3200.0,gpu_weight_memory_C3
Qwen3-8B,NVIDIA-A100-SXM-80GB-packed-HBM-BF16-execute-x16,gpu,a100_packed_hbm_bf16_execute,32768,1,True,1,1,235,15136811008.0,15136811008.0,4831838208.0,147456.0,15136811008.0,0.0014286663603117651,0.0014286663603117651,699.9534865381578,699.9534865381578,10595063640118.768,3382062000077.8843,103212341.31097059,13977228852537.963,0.0,0.0,0.0,10595063640118.768,4.1140981844793245,6400.0,gpu_weight_memory_C3
Qwen3-8B,NVIDIA-A100-SXM-80GB-packed-HBM-BF16-execute-x32,gpu,a100_packed_hbm_bf16_execute,32768,1,True,1,1,473,15136811008.0,15136811008.0,4831838208.0,147456.0,15136811008.0,0.0011864515801558826,0.0011864515801558826,842.8493979236931,842.8493979236931,12758052044577.531,4072511924477.496,124283200.82023609,16830688252255.848,0.0,0.0,0.0,12758052044577.531,6.833195527648271,12800.0,collective_floor_C6
Qwen3-8B,NVIDIA-A100-SXM-80GB-packed-HBM-BF16-execute-x64,gpu,a100_packed_hbm_bf16_execute,32768,1,True,1,1,950,15136811008.0,15136811008.0,4831838208.0,147456.0,15136811008.0,0.0012379713900779413,0.0012379713900779413,807.7731101177072,807.7731101177072,12227108905196.107,3903028976861.729,119110991.72551663,16130256993049.562,0.0,0.0,0.0,12227108905196.107,14.259832777879854,25600.0,collective_floor_C6
Qwen3-8B,NVIDIA-A100-SXM-80GB-BF16-resident-x1,gpu,a100_bf16_expanded,32768,1,True,1,1,11,15136811008.0,15136811008.0,4831838208.0,147456.0,15136811008.0,0.013982732164988243,0.013982732164988243,71.51678142730418,71.51678142730418,1082536004365.548,345557517013.6331,10545578.522144565,1428104066957.7031,0.0,0.0,0.0,1082536004365.5479,2.516609835058224,400.0,gpu_weight_memory_C3
Qwen3-8B,NVIDIA-A100-SXM-80GB-BF16-resident-x2,gpu,a100_bf16_expanded,32768,1,True,1,1,26,15136811008.0,15136811008.0,4831838208.0,147456.0,15136811008.0,0.007167716953082357,0.007167716953082357,139.51443765786073,139.51443765786073,2111803675714.436,674111190442.8855,20572240.91927751,2785935438398.2407,0.0,0.0,0.0,2111803675714.436,2.5800890364198428,800.0,gpu_weight_memory_C3
Qwen3-8B,NVIDIA-A100-SXM-80GB-BF16-resident-x4,gpu,a100_bf16_expanded,32768,1,True,1,1,56,15136811008.0,15136811008.0,4831838208.0,147456.0,15136811008.0,0.003756739794188237,0.003756739794188237,266.18825225718933,266.18825225718933,4029241266966.9043,1286178567777.0298,39251054.924836114,5315459085798.859,0.0,0.0,0.0,4029241266966.9043,2.704549640872471,1600.0,gpu_weight_memory_C3
Qwen3-8B,NVIDIA-A100-SXM-80GB-BF16-resident-x8,gpu,a100_bf16_expanded,32768,1,True,1,1,115,15136811008.0,15136811008.0,4831838208.0,147456.0,15136811008.0,0.002093604155917648,0.002093604155917648,477.64521157137744,477.64521157137744,7230025296432.115,2307904383138.825,70431652.31746903,9538000111223.258,0.0,0.0,0.0,7230025296432.115,3.0144522528687396,3200.0,gpu_weight_memory_C3
Qwen3-8B,NVIDIA-A100-SXM-80GB-BF16-resident-x16,gpu,a100_bf16_expanded,32768,1,True,1,1,235,15136811008.0,15136811008.0,4831838208.0,147456.0,15136811008.0,0.0014286663603117651,0.0014286663603117651,699.9534865381578,699.9534865381578,10595063640118.768,3382062000077.8843,103212341.31097059,13977228852537.963,0.0,0.0,0.0,10595063640118.768,4.1140981844793245,6400.0,gpu_weight_memory_C3
Qwen3-8B,NVIDIA-A100-SXM-80GB-BF16-resident-x32,gpu,a100_bf16_expanded,32768,1,True,1,1,473,15136811008.0,15136811008.0,4831838208.0,147456.0,15136811008.0,0.0011864515801558826,0.0011864515801558826,842.8493979236931,842.8493979236931,12758052044577.531,4072511924477.496,124283200.82023609,16830688252255.848,0.0,0.0,0.0,12758052044577.531,6.833195527648271,12800.0,collective_floor_C6
Qwen3-8B,NVIDIA-A100-SXM-80GB-BF16-resident-x64,gpu,a100_bf16_expanded,32768,1,True,1,1,950,15136811008.0,15136811008.0,4831838208.0,147456.0,15136811008.0,0.0012379713900779413,0.0012379713900779413,807.7731101177072,807.7731101177072,12227108905196.107,3903028976861.729,119110991.72551663,16130256993049.562,0.0,0.0,0.0,12227108905196.107,14.259832777879854,25600.0,collective_floor_C6
Qwen3-8B,ROM-wafer-N7-HBM2e-conservative,rom,official_packed,32768,1,True,1,1,47,15136811008.0,15136811008.0,4831838208.0,147456.0,15136811008.0,0.0025957413612720994,0.0025957413612720994,385.2463943133103,385.2463943133103,5831401862234.023,1861448247537.2866,56806892.31986348,1861505054429.6064,5831401862234.023,0.0,0.0,5831401862234.024,6.870325631237447,15000.0,kv_beachfront_C8
Qwen3-8B,ROM-wafer-N7-HBM2e-central,rom,official_packed,32768,1,True,1,1,95,15136811008.0,15136811008.0,4831838208.0,147456.0,15136811008.0,0.0007747847265665035,0.0007747847265665035,1290.6810959368663,1290.6810959368663,19536795820794.66,6236362233691.064,190318671.68246657,6236552552362.747,19536795820794.66,0.0,0.0,19536795820794.66,2.050675558451048,15000.0,kv_beachfront_C8
Qwen3-8B,ROM-wafer-N7-HBM2e-aggressive,rom,official_packed,32768,1,True,1,1,143,15136811008.0,15136811008.0,4831838208.0,147456.0,15136811008.0,0.00038408047298541567,0.00038408047298541567,2603.6210386513767,2603.6210386513767,39410519598518.555,12580275613708.367,383919543.8753774,12580659533252.242,39410519598518.555,0.0,0.0,39410519598518.555,1.016571973378859,15000.0,kv_beachfront_C8
Qwen3-8B,N7-SRAM-rich-Graphcore-style-derived-control,sram,official_packed,32768,1,True,1,1,2,15136811008.0,15136811008.0,4831838208.0,147456.0,15136811008.0,8.751884398032933e-05,8.751884398032933e-05,11426.110703938904,11426.110703938904,172954878282009.03,55209118268129.77,1684848579.960015,0.0,0.0,172954878282009.03,55210803116709.734,172954878282009.03,0.13259549067213727,15000.0,collective_floor_C6
Qwen3-8B,NVIDIA-A100-SXM-80GB-packed-HBM-BF16-execute-x1,gpu,a100_packed_hbm_bf16_execute,32768,8,True,1,8,11,15136811008.0,15136811008.0,4831838208.0,147456.0,15136811008.0,0.038927806706172005,0.038927806706172005,205.5086242177523,25.688578027219037,388843150662.276,992984422568.8496,30303479.69265288,1381857876710.8184,0.0,0.0,0.0,3110745205298.2085,0.8757775309758313,400.0,kv_memory_C2
Qwen3-8B,NVIDIA-A100-SXM-80GB-packed-HBM-BF16-execute-x2,gpu,a100_packed_hbm_bf16_execute,32768,8,True,1,8,26,15136811008.0,15136811008.0,4831838208.0,147456.0,15136811008.0,0.01968882796485071,0.01968882796485071,406.3217990569029,50.79022488211286,768802035094.3615,1963281193426.4417,59914587.20173467,2732143143108.005,0.0,0.0,0.0,6150416280754.892,0.8858980046328156,800.0,kv_memory_C2
Qwen3-8B,NVIDIA-A100-SXM-80GB-packed-HBM-BF16-execute-x4,gpu,a100_packed_hbm_bf16_execute,32768,8,True,1,8,56,15136811008.0,15136811008.0,4831838208.0,147456.0,15136811008.0,0.010041582170660649,0.010041582170660649,796.6872016816519,99.58590021020649,1507412950543.443,3849463660910.008,117476308.01116967,5356994087761.462,0.0,0.0,0.0,12059303604347.545,0.9036411536761759,1600.0,kv_memory_C2
Qwen3-8B,NVIDIA-A100-SXM-80GB-packed-HBM-BF16-execute-x8,gpu,a100_packed_hbm_bf16_execute,32768,8,True,1,8,115,15136811008.0,15136811008.0,4831838208.0,147456.0,15136811008.0,0.005260312214742089,0.005260312214742089,1520.8222769705385,190.1027846213173,2877549922907.4087,7348367185443.807,224254369.67296773,10226141362720.889,0.0,0.0,0.0,23020399383259.273,0.9467501271492732,3200.0,kv_memory_C2
Qwen3-8B,NVIDIA-A100-SXM-80GB-packed-HBM-BF16-execute-x16,gpu,a100_packed_hbm_bf16_execute,32768,8,True,1,8,235,15136811008.0,15136811008.0,4831838208.0,147456.0,15136811008.0,0.00309095271913575,0.0030909527191357498,2588.1987616545784,323.5248452068223,4897134438288.123,12505757666460.877,381645436.5985375,17403273750185.598,0.0,0.0,0.0,39177075506304.99,1.1126183239287597,6400.0,kv_memory_C2
Qwen3-8B,NVIDIA-A100-SXM-80GB-packed-HBM-BF16-execute-x32,gpu,a100_packed_hbm_bf16_execute,32768,8,True,1,8,473,15136811008.0,15136811008.0,4831838208.0,147456.0,15136811008.0,0.0021724235595678753,0.0021724235595678753,3682.5231271158323,460.31539088947903,6967707075967.689,17793355947441.918,543010130.2319921,24761606033539.836,0.0,0.0,0.0,55741656607741.516,1.5639697396507508,12800.0,collective_floor_C6
Qwen3-8B,NVIDIA-A100-SXM-80GB-packed-HBM-BF16-execute-x64,gpu,a100_packed_hbm_bf16_execute,32768,8,True,1,8,950,15136811008.0,15136811008.0,4831838208.0,147456.0,15136811008.0,0.0018341765797839375,0.0018341765797839373,4361.630220435148,545.2037775543935,8252646541688.525,21074691548266.008,643148545.7844851,29327981238500.32,0.0,0.0,0.0,66021172333508.21,2.6409183930308626,25600.0,collective_floor_C6
Qwen3-8B,NVIDIA-A100-SXM-80GB-BF16-resident-x1,gpu,a100_bf16_expanded,32768,8,True,1,8,11,15136811008.0,15136811008.0,4831838208.0,147456.0,15136811008.0,0.038927806706172005,0.038927806706172005,205.5086242177523,25.688578027219037,388843150662.276,992984422568.8496,30303479.69265288,1381857876710.8184,0.0,0.0,0.0,3110745205298.2085,0.8757775309758313,400.0,kv_memory_C2
Qwen3-8B,NVIDIA-A100-SXM-80GB-BF16-resident-x2,gpu,a100_bf16_expanded,32768,8,True,1,8,26,15136811008.0,15136811008.0,4831838208.0,147456.0,15136811008.0,0.01968882796485071,0.01968882796485071,406.3217990569029,50.79022488211286,768802035094.3615,1963281193426.4417,59914587.20173467,2732143143108.005,0.0,0.0,0.0,6150416280754.892,0.8858980046328156,800.0,kv_memory_C2
Qwen3-8B,NVIDIA-A100-SXM-80GB-BF16-resident-x4,gpu,a100_bf16_expanded,32768,8,True,1,8,56,15136811008.0,15136811008.0,4831838208.0,147456.0,15136811008.0,0.010041582170660649,0.010041582170660649,796.6872016816519,99.58590021020649,1507412950543.443,3849463660910.008,117476308.01116967,5356994087761.462,0.0,0.0,0.0,12059303604347.545,0.9036411536761759,1600.0,kv_memory_C2
Qwen3-8B,NVIDIA-A100-SXM-80GB-BF16-resident-x8,gpu,a100_bf16_expanded,32768,8,True,1,8,115,15136811008.0,15136811008.0,4831838208.0,147456.0,15136811008.0,0.005260312214742089,0.005260312214742089,1520.8222769705385,190.1027846213173,2877549922907.4087,7348367185443.807,224254369.67296773,10226141362720.889,0.0,0.0,0.0,23020399383259.273,0.9467501271492732,3200.0,kv_memory_C2
Qwen3-8B,NVIDIA-A100-SXM-80GB-BF16-resident-x16,gpu,a100_bf16_expanded,32768,8,True,1,8,235,15136811008.0,15136811008.0,4831838208.0,147456.0,15136811008.0,0.00309095271913575,0.0030909527191357498,2588.1987616545784,323.5248452068223,4897134438288.123,12505757666460.877,381645436.5985375,17403273750185.598,0.0,0.0,0.0,39177075506304.99,1.1126183239287597,6400.0,kv_memory_C2
Qwen3-8B,NVIDIA-A100-SXM-80GB-BF16-resident-x32,gpu,a100_bf16_expanded,32768,8,True,1,8,473,15136811008.0,15136811008.0,4831838208.0,147456.0,15136811008.0,0.0021724235595678753,0.0021724235595678753,3682.5231271158323,460.31539088947903,6967707075967.689,17793355947441.918,543010130.2319921,24761606033539.836,0.0,0.0,0.0,55741656607741.516,1.5639697396507508,12800.0,collective_floor_C6
Qwen3-8B,NVIDIA-A100-SXM-80GB-BF16-resident-x64,gpu,a100_bf16_expanded,32768,8,True,1,8,950,15136811008.0,15136811008.0,4831838208.0,147456.0,15136811008.0,0.0018341765797839375,0.0018341765797839373,4361.630220435148,545.2037775543935,8252646541688.525,21074691548266.008,643148545.7844851,29327981238500.32,0.0,0.0,0.0,66021172333508.21,2.6409183930308626,25600.0,collective_floor_C6
Qwen3-8B,ROM-wafer-N7-HBM2e-conservative,rom,official_packed,32768,8,True,1,8,47,15136811008.0,15136811008.0,4831838208.0,147456.0,15136811008.0,0.017204757109688988,0.017204757109688988,464.98767457139746,58.12345932142468,879803818879.5813,2246745212243.1484,68565222.54159999,2246813777465.69,879803818879.5813,0.0,0.0,7038430551036.65,5.692125451781499,15000.0,kv_beachfront_C8
Qwen3-8B,ROM-wafer-N7-HBM2e-central,rom,official_packed,32768,8,True,1,8,95,15136811008.0,15136811008.0,4831838208.0,147456.0,15136811008.0,0.005767873772127988,0.005767873772127988,1386.9929051946808,173.3741131493351,2624331184421.093,6701725313544.58,204520425.82838684,6701929833970.408,2624331184421.093,0.0,0.0,20994649475368.746,1.9082780937664852,15000.0,kv_beachfront_C8
Qwen3-8B,ROM-wafer-N7-HBM2e-aggressive,rom,official_packed,32768,8,True,1,8,143,15136811008.0,15136811008.0,4831838208.0,147456.0,15136811008.0,0.00297726192498075,0.00297726192498075,2687.0326499915604,335.87908124894506,5084138174405.958,12983307024372.713,396219086.43715554,12983703243459.15,5084138174405.958,0.0,0.0,40673105395247.664,0.9850152647757583,15000.0,kv_beachfront_C8
Qwen3-8B,N7-SRAM-rich-Graphcore-style-derived-control,sram,official_packed,32768,8,False,1,8,2,15136811008.0,15136811008.0,4831838208.0,147456.0,15136811008.0,0.00026974671143859425,,0.0,0.0,0.0,0.0,0.0,0.0,0.0,0.0,0.0,0.0,,15000.0,capacity_C7_C8_C9
Qwen3-8B,NVIDIA-A100-SXM-80GB-packed-HBM-BF16-execute-x1,gpu,a100_packed_hbm_bf16_execute,32768,32,False,1,32,11,15136811008.0,15136811008.0,4831838208.0,147456.0,15136811008.0,0.12445377656165918,,0.0,0.0,0.0,0.0,0.0,0.0,0.0,0.0,0.0,0.0,,400.0,capacity_C7_C8_C9
Qwen3-8B,NVIDIA-A100-SXM-80GB-packed-HBM-BF16-execute-x2,gpu,a100_packed_hbm_bf16_execute,32768,32,False,1,32,26,15136811008.0,15136811008.0,4831838208.0,147456.0,15136811008.0,0.06261835143377077,,0.0,0.0,0.0,0.0,0.0,0.0,0.0,0.0,0.0,0.0,,800.0,capacity_C7_C8_C9
Qwen3-8B,NVIDIA-A100-SXM-80GB-packed-HBM-BF16-execute-x4,gpu,a100_packed_hbm_bf16_execute,32768,32,True,1,32,56,15136811008.0,15136811008.0,4831838208.0,147456.0,15136811008.0,0.031589613175708915,0.031589613175708915,1012.9911949857827,31.65597484330571,479170508477.1209,4894609560299.883,149371629.64782357,5373929440406.651,0.0,0.0,0.0,15333456271267.871,0.7106866729051442,1600.0,kv_memory_C2
Qwen3-8B,NVIDIA-A100-SXM-80GB-packed-HBM-BF16-execute-x8,gpu,a100_packed_hbm_bf16_execute,32768,32,True,1,32,115,15136811008.0,15136811008.0,4831838208.0,147456.0,15136811008.0,0.016117596987854456,0.016117596987854456,1985.4076277073968,62.04398836585615,939148126076.5153,9593168434011.24,292760267.15122193,10532609320354.906,0.0,0.0,0.0,30052740034448.492,0.7252106136793302,3200.0,kv_memory_C2
Qwen3-8B,NVIDIA-A100-SXM-80GB-packed-HBM-BF16-execute-x16,gpu,a100_packed_hbm_bf16_execute,32768,32,True,1,32,235,15136811008.0,15136811008.0,4831838208.0,147456.0,15136811008.0,0.008790220235103698,0.008790220235103698,3640.409357686872,113.76279242771476,1722005888720.6516,17589869027232.168,536800202.24707544,19312411716155.066,0.0,0.0,0.0,55104188439060.86,0.7910311960126278,6400.0,kv_memory_C2
Qwen3-8B,NVIDIA-A100-SXM-80GB-packed-HBM-BF16-execute-x32,gpu,a100_packed_hbm_bf16_execute,32768,32,True,1,32,473,15136811008.0,15136811008.0,4831838208.0,147456.0,15136811008.0,0.005552898917551849,0.005552898917551849,5762.755720053355,180.08611625166733,2725929506866.2056,27844703271524.35,849752907.4561875,30571482531298.016,0.0,0.0,0.0,87229744219718.58,0.9994098337938735,12800.0,kv_memory_C2
Qwen3-8B,NVIDIA-A100-SXM-80GB-packed-HBM-BF16-execute-x64,gpu,a100_packed_hbm_bf16_execute,32768,32,True,1,32,950,15136811008.0,15136811008.0,4831838208.0,147456.0,15136811008.0,0.003878308658775925,0.003878308658775925,8251.019404448296,257.84435638900925,3902941292139.83,39867590813362.68,1216662317.3023279,43771748767819.81,0.0,0.0,0.0,124894121348474.58,1.396034708939899,25600.0,collective_floor_C6
Qwen3-8B,NVIDIA-A100-SXM-80GB-BF16-resident-x1,gpu,a100_bf16_expanded,32768,32,False,1,32,11,15136811008.0,15136811008.0,4831838208.0,147456.0,15136811008.0,0.12445377656165918,,0.0,0.0,0.0,0.0,0.0,0.0,0.0,0.0,0.0,0.0,,400.0,capacity_C7_C8_C9
Qwen3-8B,NVIDIA-A100-SXM-80GB-BF16-resident-x2,gpu,a100_bf16_expanded,32768,32,False,1,32,26,15136811008.0,15136811008.0,4831838208.0,147456.0,15136811008.0,0.06261835143377077,,0.0,0.0,0.0,0.0,0.0,0.0,0.0,0.0,0.0,0.0,,800.0,capacity_C7_C8_C9
Qwen3-8B,NVIDIA-A100-SXM-80GB-BF16-resident-x4,gpu,a100_bf16_expanded,32768,32,True,1,32,56,15136811008.0,15136811008.0,4831838208.0,147456.0,15136811008.0,0.031589613175708915,0.031589613175708915,1012.9911949857827,31.65597484330571,479170508477.1209,4894609560299.883,149371629.64782357,5373929440406.651,0.0,0.0,0.0,15333456271267.871,0.7106866729051442,1600.0,kv_memory_C2
Qwen3-8B,NVIDIA-A100-SXM-80GB-BF16-resident-x8,gpu,a100_bf16_expanded,32768,32,True,1,32,115,15136811008.0,15136811008.0,4831838208.0,147456.0,15136811008.0,0.016117596987854456,0.016117596987854456,1985.4076277073968,62.04398836585615,939148126076.5153,9593168434011.24,292760267.15122193,10532609320354.906,0.0,0.0,0.0,30052740034448.492,0.7252106136793302,3200.0,kv_memory_C2
Qwen3-8B,NVIDIA-A100-SXM-80GB-BF16-resident-x16,gpu,a100_bf16_expanded,32768,32,True,1,32,235,15136811008.0,15136811008.0,4831838208.0,147456.0,15136811008.0,0.008790220235103698,0.008790220235103698,3640.409357686872,113.76279242771476,1722005888720.6516,17589869027232.168,536800202.24707544,19312411716155.066,0.0,0.0,0.0,55104188439060.86,0.7910311960126278,6400.0,kv_memory_C2
Qwen3-8B,NVIDIA-A100-SXM-80GB-BF16-resident-x32,gpu,a100_bf16_expanded,32768,32,True,1,32,473,15136811008.0,15136811008.0,4831838208.0,147456.0,15136811008.0,0.005552898917551849,0.005552898917551849,5762.755720053355,180.08611625166733,2725929506866.2056,27844703271524.35,849752907.4561875,30571482531298.016,0.0,0.0,0.0,87229744219718.58,0.9994098337938735,12800.0,kv_memory_C2
Qwen3-8B,NVIDIA-A100-SXM-80GB-BF16-resident-x64,gpu,a100_bf16_expanded,32768,32,True,1,32,950,15136811008.0,15136811008.0,4831838208.0,147456.0,15136811008.0,0.003878308658775925,0.003878308658775925,8251.019404448296,257.84435638900925,3902941292139.83,39867590813362.68,1216662317.3023279,43771748767819.81,0.0,0.0,0.0,124894121348474.58,1.396034708939899,25600.0,collective_floor_C6
Qwen3-8B,ROM-wafer-N7-HBM2e-conservative,rom,official_packed,32768,32,True,1,32,47,15136811008.0,15136811008.0,4831838208.0,147456.0,15136811008.0,0.06729204673143888,0.06729204673143888,475.5391098105742,14.860597181580443,224942051003.60062,2297728040181.04,70121094.97622803,2297798161276.016,224942051003.60062,0.0,0.0,7198145632115.22,5.565826495841437,15000.0,kv_beachfront_C8
Qwen3-8B,ROM-wafer-N7-HBM2e-central,rom,official_packed,32768,32,True,1,32,95,15136811008.0,15136811008.0,4831838208.0,147456.0,15136811008.0,0.022887050644067507,0.022887050644067507,1398.1705418340846,43.69282943231514,661370101521.7343,6755733845333.992,206168635.41668677,6755940013969.409,661370101521.7343,0.0,0.0,21163843248695.496,1.8930224160784999,15000.0,kv_beachfront_C8
Qwen3-8B,ROM-wafer-N7-HBM2e-aggressive,rom,official_packed,32768,32,True,1,32,143,15136811008.0,15136811008.0,4831838208.0,147456.0,15136811008.0,0.011868169760393324,0.011868169760393323,2696.287687659389,84.25899023935591,1275412410978.0469,13028025868992.605,397583797.27150285,13028423452789.877,1275412410978.0469,0.0,0.0,40813197151297.51,0.9816341888539971,15000.0,kv_beachfront_C8
Qwen3-8B,N7-SRAM-rich-Graphcore-style-derived-control,sram,official_packed,32768,32,False,1,32,2,15136811008.0,15136811008.0,4831838208.0,147456.0,15136811008.0,0.0008945424013099326,,0.0,0.0,0.0,0.0,0.0,0.0,0.0,0.0,0.0,0.0,,15000.0,capacity_C7_C8_C9
Qwen3-8B,NVIDIA-A100-SXM-80GB-packed-HBM-BF16-execute-x1,gpu,a100_packed_hbm_bf16_execute,32768,64,False,1,64,11,15136811008.0,15136811008.0,4831838208.0,147456.0,15136811008.0,0.23848840303564206,,0.0,0.0,0.0,0.0,0.0,0.0,0.0,0.0,0.0,0.0,,400.0,capacity_C7_C8_C9
Qwen3-8B,NVIDIA-A100-SXM-80GB-packed-HBM-BF16-execute-x2,gpu,a100_packed_hbm_bf16_execute,32768,64,False,1,64,26,15136811008.0,15136811008.0,4831838208.0,147456.0,15136811008.0,0.1198577160589975,,0.0,0.0,0.0,0.0,0.0,0.0,0.0,0.0,0.0,0.0,,800.0,capacity_C7_C8_C9
Qwen3-8B,NVIDIA-A100-SXM-80GB-packed-HBM-BF16-execute-x4,gpu,a100_packed_hbm_bf16_execute,32768,64,False,1,64,56,15136811008.0,15136811008.0,4831838208.0,147456.0,15136811008.0,0.06032032118243993,,0.0,0.0,0.0,0.0,0.0,0.0,0.0,0.0,0.0,0.0,,1600.0,capacity_C7_C8_C9
Qwen3-8B,NVIDIA-A100-SXM-80GB-packed-HBM-BF16-execute-x8,gpu,a100_packed_hbm_bf16_execute,32768,64,True,1,64,115,15136811008.0,15136811008.0,4831838208.0,147456.0,15136811008.0,0.03059397668533761,0.03059397668533761,2091.915041259493,32.68617251967958,494764416005.27295,10107795024247.516,308465424.3239598,10602867905677.113,0.0,0.0,0.0,31664922624337.47,0.6882873614343397,3200.0,kv_memory_C2
Qwen3-8B,NVIDIA-A100-SXM-80GB-packed-HBM-BF16-execute-x16,gpu,a100_packed_hbm_bf16_execute,32768,64,True,1,64,235,15136811008.0,15136811008.0,4831838208.0,147456.0,15136811008.0,0.01638924358972763,0.01638924358972763,3905.0002307680393,61.015628605750614,923582038739.5656,18868329317273.83,575815714.028132,19792487171727.42,0.0,0.0,0.0,59109250479332.195,0.7374333413599392,6400.0,kv_memory_C2
Qwen3-8B,NVIDIA-A100-SXM-80GB-packed-HBM-BF16-execute-x32,gpu,a100_packed_hbm_bf16_execute,32768,64,True,1,64,473,15136811008.0,15136811008.0,4831838208.0,147456.0,15136811008.0,0.010060199394863814,0.010060199394863814,6361.702933311132,99.40160833298644,1504623359227.6536,30738719301118.406,938071267.7343264,32244280731613.793,0.0,0.0,0.0,96295894990569.84,0.9053165161510605,12800.0,kv_memory_C2
Qwen3-8B,NVIDIA-A100-SXM-80GB-packed-HBM-BF16-execute-x64,gpu,a100_packed_hbm_bf16_execute,32768,64,True,1,64,950,15136811008.0,15136811008.0,4831838208.0,147456.0,15136811008.0,0.006603818097431907,0.006603818097431907,9691.363247102207,151.42755073597198,2292130216894.739,46827099224955.39,1429049658.964703,49120658491509.09,0.0,0.0,0.0,146696333881263.3,1.1885540949247382,25600.0,kv_memory_C2
Qwen3-8B,NVIDIA-A100-SXM-80GB-BF16-resident-x1,gpu,a100_bf16_expanded,32768,64,False,1,64,11,15136811008.0,15136811008.0,4831838208.0,147456.0,15136811008.0,0.23848840303564206,,0.0,0.0,0.0,0.0,0.0,0.0,0.0,0.0,0.0,0.0,,400.0,capacity_C7_C8_C9
Qwen3-8B,NVIDIA-A100-SXM-80GB-BF16-resident-x2,gpu,a100_bf16_expanded,32768,64,False,1,64,26,15136811008.0,15136811008.0,4831838208.0,147456.0,15136811008.0,0.1198577160589975,,0.0,0.0,0.0,0.0,0.0,0.0,0.0,0.0,0.0,0.0,,800.0,capacity_C7_C8_C9
Qwen3-8B,NVIDIA-A100-SXM-80GB-BF16-resident-x4,gpu,a100_bf16_expanded,32768,64,False,1,64,56,15136811008.0,15136811008.0,4831838208.0,147456.0,15136811008.0,0.06032032118243993,,0.0,0.0,0.0,0.0,0.0,0.0,0.0,0.0,0.0,0.0,,1600.0,capacity_C7_C8_C9
Qwen3-8B,NVIDIA-A100-SXM-80GB-BF16-resident-x8,gpu,a100_bf16_expanded,32768,64,True,1,64,115,15136811008.0,15136811008.0,4831838208.0,147456.0,15136811008.0,0.03059397668533761,0.03059397668533761,2091.915041259493,32.68617251967958,494764416005.27295,10107795024247.516,308465424.3239598,10602867905677.113,0.0,0.0,0.0,31664922624337.47,0.6882873614343397,3200.0,kv_memory_C2
Qwen3-8B,NVIDIA-A100-SXM-80GB-BF16-resident-x16,gpu,a100_bf16_expanded,32768,64,True,1,64,235,15136811008.0,15136811008.0,4831838208.0,147456.0,15136811008.0,0.01638924358972763,0.01638924358972763,3905.0002307680393,61.015628605750614,923582038739.5656,18868329317273.83,575815714.028132,19792487171727.42,0.0,0.0,0.0,59109250479332.195,0.7374333413599392,6400.0,kv_memory_C2
Qwen3-8B,NVIDIA-A100-SXM-80GB-BF16-resident-x32,gpu,a100_bf16_expanded,32768,64,True,1,64,473,15136811008.0,15136811008.0,4831838208.0,147456.0,15136811008.0,0.010060199394863814,0.010060199394863814,6361.702933311132,99.40160833298644,1504623359227.6536,30738719301118.406,938071267.7343264,32244280731613.793,0.0,0.0,0.0,96295894990569.84,0.9053165161510605,12800.0,kv_memory_C2
Qwen3-8B,NVIDIA-A100-SXM-80GB-BF16-resident-x64,gpu,a100_bf16_expanded,32768,64,True,1,64,950,15136811008.0,15136811008.0,4831838208.0,147456.0,15136811008.0,0.006603818097431907,0.006603818097431907,9691.363247102207,151.42755073597198,2292130216894.739,46827099224955.39,1429049658.964703,49120658491509.09,0.0,0.0,0.0,146696333881263.3,1.1885540949247382,25600.0,kv_memory_C2
Qwen3-8B,ROM-wafer-N7-HBM2e-conservative,rom,official_packed,32768,64,False,1,64,47,15136811008.0,15136811008.0,4831838208.0,147456.0,15136811008.0,0.13407523675556068,,0.0,0.0,0.0,0.0,0.0,0.0,0.0,0.0,0.0,0.0,,15000.0,capacity_C7_C8_C9
Qwen3-8B,ROM-wafer-N7-HBM2e-central,rom,official_packed,32768,64,True,1,64,95,15136811008.0,15136811008.0,4831838208.0,147456.0,15136811008.0,0.04571258613661986,0.04571258613661986,1400.052051501201,21.875813304706266,331130051639.6307,6764824995632.287,206446075.3061611,6765031441707.594,331130051639.6307,0.0,0.0,21192323304936.363,1.8904784106809145,15000.0,kv_beachfront_C8
Qwen3-8B,ROM-wafer-N7-HBM2e-aggressive,rom,official_packed,32768,64,True,1,64,143,15136811008.0,15136811008.0,4831838208.0,147456.0,15136811008.0,0.023722713540943425,0.023722713540943425,2697.8363958887476,42.15369368576168,638072494610.4976,13035508976588.266,397812163.5921712,13035906788751.857,638072494610.4976,0.0,0.0,40836639655071.84,0.9810706762003706,15000.0,kv_beachfront_C8
Qwen3-8B,N7-SRAM-rich-Graphcore-style-derived-control,sram,official_packed,32768,64,False,1,64,2,15136811008.0,15136811008.0,4831838208.0,147456.0,15136811008.0,0.0017275696511047137,,0.0,0.0,0.0,0.0,0.0,0.0,0.0,0.0,0.0,0.0,,15000.0,capacity_C7_C8_C9
DeepSeek-V4.1-Flash,NVIDIA-A100-SXM-80GB-packed-HBM-BF16-execute-x1,gpu,a100_packed_hbm_bf16_execute,8192,1,False,1,1,0,13035075008.0,13035075008.0,11927552.0,22010.0,35917242368.0,0.010016557349332133,,0.0,0.0,0.0,0.0,0.0,0.0,0.0,0.0,0.0,0.0,,400.0,capacity_C7_C8_C9
DeepSeek-V4.1-Flash,NVIDIA-A100-SXM-80GB-packed-HBM-BF16-execute-x2,gpu,a100_packed_hbm_bf16_execute,8192,1,False,1,1,0,13035075008.0,13035075008.0,11927552.0,22010.0,35917242368.0,0.005239017852055925,,0.0,0.0,0.0,0.0,0.0,0.0,0.0,0.0,0.0,0.0,,800.0,capacity_C7_C8_C9
DeepSeek-V4.1-Flash,NVIDIA-A100-SXM-80GB-packed-HBM-BF16-execute-x4,gpu,a100_packed_hbm_bf16_execute,8192,1,False,1,1,0,13035075008.0,13035075008.0,11927552.0,22010.0,35917242368.0,0.0030202831228615056,,0.0,0.0,0.0,0.0,0.0,0.0,0.0,0.0,0.0,0.0,,1600.0,capacity_C7_C8_C9
DeepSeek-V4.1-Flash,NVIDIA-A100-SXM-80GB-packed-HBM-BF16-execute-x8,gpu,a100_packed_hbm_bf16_execute,8192,1,True,1,1,6575,13035075008.0,13035075008.0,11927552.0,22010.0,35917242368.0,0.0020596472090039547,0.0020596472090039547,485.52004228122155,485.52004228122155,6328790169023.054,5791065551.351469,10686296.130609686,6334591920870.536,0.0,0.0,0.0,17438541033136.242,2.965559727108701,3200.0,gpu_weight_memory_C3
DeepSeek-V4.1-Flash,NVIDIA-A100-SXM-80GB-packed-HBM-BF16-execute-x16,gpu,a100_packed_hbm_bf16_execute,8192,1,True,1,1,64208,13035075008.0,13035075008.0,11927552.0,22010.0,35917242368.0,0.0017938257223255802,0.0017938257223255802,557.467755955447,557.467755955447,7266634013420.69,6649225647.481904,12269865.308579389,7273295508933.48,0.0,0.0,0.0,20022704502996.867,5.165639335051969,6400.0,gpu_weight_memory_C3
DeepSeek-V4.1-Flash,NVIDIA-A100-SXM-80GB-packed-HBM-BF16-execute-x32,gpu,a100_packed_hbm_bf16_execute,8192,1,True,1,1,179474,13035075008.0,13035075008.0,11927552.0,22010.0,35917242368.0,0.0017706747490270466,0.0017706747490270466,564.7564582651228,564.7564582651228,7361642794738.297,6736162023.293081,12430289.646415353,7368391387051.236,0.0,0.0,0.0,20284494590401.69,10.197944002385379,12800.0,gpu_weight_memory_C3
DeepSeek-V4.1-Flash,NVIDIA-A100-SXM-80GB-packed-HBM-BF16-execute-x64,gpu,a100_packed_hbm_bf16_execute,8192,1,True,1,1,410007,13035075008.0,13035075008.0,11927552.0,22010.0,35917242368.0,0.0019504101242288805,0.0019504101242288805,512.7126790296799,512.7126790296799,6683248228704.506,6115407140.185816,11284806.065443253,6689374920650.757,0.0,0.0,0.0,18415225557855.6,22.466207573695755,25600.0,collective_floor_C6
DeepSeek-V4.1-Flash,NVIDIA-A100-SXM-80GB-BF16-resident-x1,gpu,a100_bf16_expanded,8192,1,False,1,1,0,13035075008.0,32339891648.0,38797312.0,44160.0,35917242368.0,0.026186773985085322,,0.0,0.0,0.0,0.0,0.0,0.0,0.0,0.0,0.0,0.0,,400.0,capacity_C7_C8_C9
DeepSeek-V4.1-Flash,NVIDIA-A100-SXM-80GB-BF16-resident-x2,gpu,a100_bf16_expanded,8192,1,False,1,1,0,13035075008.0,32339891648.0,38797312.0,44160.0,35917242368.0,0.013414991646522474,,0.0,0.0,0.0,0.0,0.0,0.0,0.0,0.0,0.0,0.0,,800.0,capacity_C7_C8_C9
DeepSeek-V4.1-Flash,NVIDIA-A100-SXM-80GB-BF16-resident-x4,gpu,a100_bf16_expanded,8192,1,False,1,1,0,13035075008.0,32339891648.0,38797312.0,44160.0,35917242368.0,0.007682554944904472,,0.0,0.0,0.0,0.0,0.0,0.0,0.0,0.0,0.0,0.0,,1600.0,capacity_C7_C8_C9
DeepSeek-V4.1-Flash,NVIDIA-A100-SXM-80GB-BF16-resident-x8,gpu,a100_bf16_expanded,8192,1,False,1,1,0,13035075008.0,32339891648.0,38797312.0,44160.0,35917242368.0,0.005246162955357577,,0.0,0.0,0.0,0.0,0.0,0.0,0.0,0.0,0.0,0.0,,3200.0,capacity_C7_C8_C9
DeepSeek-V4.1-Flash,NVIDIA-A100-SXM-80GB-BF16-resident-x16,gpu,a100_bf16_expanded,8192,1,False,1,1,0,13035075008.0,32339891648.0,38797312.0,44160.0,35917242368.0,0.004317617893568338,,0.0,0.0,0.0,0.0,0.0,0.0,0.0,0.0,0.0,0.0,,6400.0,capacity_C7_C8_C9
DeepSeek-V4.1-Flash,NVIDIA-A100-SXM-80GB-BF16-resident-x32,gpu,a100_bf16_expanded,8192,1,True,1,1,24716,13035075008.0,32339891648.0,38797312.0,44160.0,35917242368.0,0.003980980759920194,0.003980980759920194,251.19438156240847,251.19438156240847,8123599082314.659,9745666794.123808,11092743.889795957,8133355841852.673,0.0,0.0,0.0,9022209484056.895,22.92788039505702,12800.0,gpu_weight_memory_C3
DeepSeek-V4.1-Flash,NVIDIA-A100-SXM-80GB-BF16-resident-x64,gpu,a100_bf16_expanded,8192,1,True,1,1,97958,13035075008.0,32339891648.0,38797312.0,44160.0,35917242368.0,0.004008260731829678,0.004008260731829678,249.48476830835384,249.48476830835384,8068310374918.547,9679338395.306915,11017247.368496906,8078000730561.223,0.0,0.0,0.0,8960804890455.47,46.16999086096406,25600.0,gpu_weight_memory_C3
DeepSeek-V4.1-Flash,ROM-wafer-N7-HBM2e-conservative,rom,official_packed,8192,1,True,9,9,7866,13035075008.0,13035075008.0,11927552.0,22010.0,35917242368.0,9.205043179900225e-05,0.0008320922861910202,10863.610093470948,1201.7897733166028,141607972426059.72,129576274297.5996,239108058.15729558,129815382355.7569,141607972426059.72,0.0,0.0,390190916718647.2,1.3593247633372956,135000.0,collective_floor_C6
DeepSeek-V4.1-Flash,ROM-wafer-N7-HBM2e-central,rom,official_packed,8192,1,True,3,3,29239,13035075008.0,13035075008.0,11927552.0,22010.0,35917242368.0,3.524810777150386e-05,0.00010665392331451157,28370.31725170917,9376.120155009223,369809213376785.44,338388434276.25824,624430682.7101188,339012864958.9684,369809213376785.44,0.0,0.0,1018983560786689.9,0.20009891455748235,45000.0,collective_floor_C6
DeepSeek-V4.1-Flash,ROM-wafer-N7-HBM2e-aggressive,rom,official_packed,8192,1,True,2,2,60354,13035075008.0,13035075008.0,11927552.0,22010.0,35917242368.0,1.2916253232993934e-05,2.6287306465987866e-05,77421.8329387929,38041.17402799946,1009199399614010.5,923452938312.7651,1704054542.9828317,925156992855.7479,1009199399614010.5,0.0,0.0,2780778738237430.0,0.0537551072414635,30000.0,collective_floor_C6
DeepSeek-V4.1-Flash,N7-SRAM-rich-Graphcore-style-derived-control,sram,official_packed,8192,1,True,15,15,291,13035075008.0,13035075008.0,11927552.0,22010.0,35917242368.0,9.433951529889113e-06,0.0001478764729483367,106000.12061030316,6762.4009422335075,1381719523012348.5,1264321950585.6626,2333062654.6327724,0.0,0.0,1381719523012348.5,1266655013240.2954,3807232022997490.5,0.21439373085708688,225000.0,collective_floor_C6
DeepSeek-V4.1-Flash,NVIDIA-A100-SXM-80GB-packed-HBM-BF16-execute-x1,gpu,a100_packed_hbm_bf16_execute,8192,8,False,1,8,0,42706582676.79819,42706582676.79819,11927552.0,22010.0,35917242368.0,0.037310041041932904,,0.0,0.0,0.0,0.0,0.0,0.0,0.0,0.0,0.0,0.0,,400.0,capacity_C7_C8_C9
DeepSeek-V4.1-Flash,NVIDIA-A100-SXM-80GB-packed-HBM-BF16-execute-x2,gpu,a100_packed_hbm_bf16_execute,8192,8,False,1,8,0,42706582676.79819,42706582676.79819,11927552.0,22010.0,35917242368.0,0.018920356991555018,,0.0,0.0,0.0,0.0,0.0,0.0,0.0,0.0,0.0,0.0,,800.0,capacity_C7_C8_C9
DeepSeek-V4.1-Flash,NVIDIA-A100-SXM-80GB-packed-HBM-BF16-execute-x4,gpu,a100_packed_hbm_bf16_execute,8192,8,False,1,8,0,42706582676.79819,42706582676.79819,11927552.0,22010.0,35917242368.0,0.009686980797246345,,0.0,0.0,0.0,0.0,0.0,0.0,0.0,0.0,0.0,0.0,,1600.0,capacity_C7_C8_C9
DeepSeek-V4.1-Flash,NVIDIA-A100-SXM-80GB-packed-HBM-BF16-execute-x8,gpu,a100_packed_hbm_bf16_execute,8192,8,True,1,8,6575,42706582676.79819,42706582676.79819,11927552.0,22010.0,35917242368.0,0.005126413892476572,0.005126413892476572,1560.5450843016497,195.0681355377062,8330693457949.926,18613482641.35231,34347597.30547931,8349341288188.584,0.0,0.0,0.0,56050476019053.34,0.9226511291326376,3200.0,gpu_weight_memory_C3
DeepSeek-V4.1-Flash,NVIDIA-A100-SXM-80GB-packed-HBM-BF16-execute-x16,gpu,a100_packed_hbm_bf16_execute,8192,8,True,1,8,64208,42706582676.79819,42706582676.79819,11927552.0,22010.0,35917242368.0,0.0032059020552177254,0.0032059020552177254,2495.3975081614553,311.9246885201819,13321237499221.67,29763983539.266182,54923699.154633634,13351056406460.09,0.0,0.0,0.0,89627797105138.25,1.1539954491291775,6400.0,gpu_weight_memory_C3
DeepSeek-V4.1-Flash,NVIDIA-A100-SXM-80GB-packed-HBM-BF16-execute-x32,gpu,a100_packed_hbm_bf16_execute,8192,8,True,1,8,179474,42706582676.79819,42706582676.79819,11927552.0,22010.0,35917242368.0,0.0025967724717877233,0.0025967724717877233,3080.7473842683166,385.0934230335396,16446024109073.078,36745774624.72433,67807249.92774566,16482837690947.73,0.0,0.0,0.0,110651950475347.16,1.8694667293342764,12800.0,gpu_weight_memory_C3
DeepSeek-V4.1-Flash,NVIDIA-A100-SXM-80GB-packed-HBM-BF16-execute-x64,gpu,a100_packed_hbm_bf16_execute,8192,8,True,1,8,410007,42706582676.79819,42706582676.79819,11927552.0,22010.0,35917242368.0,0.002479328794014379,0.002479328794014379,3226.6797446606042,403.33496808257553,17225058160862.271,38486390441.78608,71019221.1799799,17263615570525.238,0.0,0.0,0.0,115893438432891.28,3.569833508208303,25600.0,collective_floor_C6
DeepSeek-V4.1-Flash,NVIDIA-A100-SXM-80GB-BF16-resident-x1,gpu,a100_bf16_expanded,8192,8,False,1,8,0,42706582676.79819,144044391107.00494,38797312.0,44160.0,35917242368.0,0.1289069885051074,,0.0,0.0,0.0,0.0,0.0,0.0,0.0,0.0,0.0,0.0,,400.0,capacity_C7_C8_C9
DeepSeek-V4.1-Flash,NVIDIA-A100-SXM-80GB-BF16-resident-x2,gpu,a100_bf16_expanded,8192,8,False,1,8,0,42706582676.79819,144044391107.00494,38797312.0,44160.0,35917242368.0,0.06471883072314318,,0.0,0.0,0.0,0.0,0.0,0.0,0.0,0.0,0.0,0.0,,800.0,capacity_C7_C8_C9
DeepSeek-V4.1-Flash,NVIDIA-A100-SXM-80GB-BF16-resident-x4,gpu,a100_bf16_expanded,8192,8,False,1,8,0,42706582676.79819,144044391107.00494,38797312.0,44160.0,35917242368.0,0.032586263057066724,,0.0,0.0,0.0,0.0,0.0,0.0,0.0,0.0,0.0,0.0,,1600.0,capacity_C7_C8_C9
DeepSeek-V4.1-Flash,NVIDIA-A100-SXM-80GB-BF16-resident-x8,gpu,a100_bf16_expanded,8192,8,False,1,8,0,42706582676.79819,144044391107.00494,38797312.0,44160.0,35917242368.0,0.016601155200894946,,0.0,0.0,0.0,0.0,0.0,0.0,0.0,0.0,0.0,0.0,,3200.0,capacity_C7_C8_C9
DeepSeek-V4.1-Flash,NVIDIA-A100-SXM-80GB-BF16-resident-x16,gpu,a100_bf16_expanded,8192,8,False,1,8,0,42706582676.79819,144044391107.00494,38797312.0,44160.0,35917242368.0,0.009235338979581143,,0.0,0.0,0.0,0.0,0.0,0.0,0.0,0.0,0.0,0.0,,6400.0,capacity_C7_C8_C9
DeepSeek-V4.1-Flash,NVIDIA-A100-SXM-80GB-BF16-resident-x32,gpu,a100_bf16_expanded,8192,8,True,1,8,24716,42706582676.79819,144044391107.00494,38797312.0,44160.0,35917242368.0,0.0062973078678756934,0.0062973078678756934,1270.3841336406958,158.79801670508698,22873963625284.254,49287489592.70777,56100163.34157313,22923307215040.305,0.0,0.0,0.0,45628694828434.58,4.533553736906275,12800.0,gpu_weight_memory_C3
DeepSeek-V4.1-Flash,NVIDIA-A100-SXM-80GB-BF16-resident-x64,gpu,a100_bf16_expanded,8192,8,True,1,8,97958,42706582676.79819,144044391107.00494,38797312.0,44160.0,35917242368.0,0.005206291799803323,0.005206291799803323,1536.602308826066,192.07528860325826,27667367993558.582,59616039195.44524,67856357.95775908,27727051889111.984,0.0,0.0,0.0,55190517549334.2,7.496220334034577,25600.0,gpu_weight_memory_C3
DeepSeek-V4.1-Flash,ROM-wafer-N7-HBM2e-conservative,rom,official_packed,8192,8,True,9,72,7866,42706582676.79819,42706582676.79819,11927552.0,22010.0,35917242368.0,0.00024156732634323747,0.002177744337089137,33117.06148799686,459.19072453502105,176789565556218.4,395005472985.27997,728906523.350811,395734379508.6308,176789565556218.4,0.0,0.0,1189473523980342.0,0.44590834922501665,135000.0,compute_C5
DeepSeek-V4.1-Flash,ROM-wafer-N7-HBM2e-central,rom,official_packed,8192,8,True,3,24,29239,42706582676.79819,42706582676.79819,11927552.0,22010.0,35917242368.0,0.00011448766800817009,0.0003443726040245103,69876.52154316832,2903.8314555615066,373023430556298.44,833455844285.2604,1537982239.1651347,834993826524.4255,373023430556298.44,0.0,0.0,2509771960098750.0,0.08124144651664385,45000.0,compute_C5
DeepSeek-V4.1-Flash,ROM-wafer-N7-HBM2e-aggressive,rom,official_packed,8192,8,True,2,16,60354,42706582676.79819,42706582676.79819,11927552.0,22010.0,35917242368.0,5.034010425140946e-05,0.00010113500850281892,158919.0193180025,9887.772936432068,848361029677495.2,1895514866704.4795,3497807615.189235,1899012674319.6687,848361029677495.2,0.0,0.0,5707932933729570.0,0.02618829986691233,30000.0,compute_C5
DeepSeek-V4.1-Flash,N7-SRAM-rich-Graphcore-style-derived-control,sram,official_packed,8192,8,True,15,120,291,42706582676.79819,42706582676.79819,11927552.0,22010.0,35917242368.0,3.9579356346857026e-05,0.0006000575452028554,202125.5709640987,1666.5068342102759,1079011550934165.0,2410863258203.9775,4448783816.919812,0.0,0.0,1079011550934165.0,2415312042020.8975,7259793121087917.0,0.11243387573648762,225000.0,compute_C5
DeepSeek-V4.1-Flash,NVIDIA-A100-SXM-80GB-packed-HBM-BF16-execute-x1,gpu,a100_packed_hbm_bf16_execute,8192,32,False,1,32,0,122838182421.81262,122838182421.81262,11927552.0,22010.0,35917242368.0,0.11106439771472996,,0.0,0.0,0.0,0.0,0.0,0.0,0.0,0.0,0.0,0.0,,400.0,capacity_C7_C8_C9
DeepSeek-V4.1-Flash,NVIDIA-A100-SXM-80GB-packed-HBM-BF16-execute-x2,gpu,a100_packed_hbm_bf16_execute,8192,32,False,1,32,0,122838182421.81262,122838182421.81262,11927552.0,22010.0,35917242368.0,0.05602883885736498,,0.0,0.0,0.0,0.0,0.0,0.0,0.0,0.0,0.0,0.0,,800.0,capacity_C7_C8_C9
DeepSeek-V4.1-Flash,NVIDIA-A100-SXM-80GB-packed-HBM-BF16-execute-x4,gpu,a100_packed_hbm_bf16_execute,8192,32,False,1,32,0,122838182421.81262,122838182421.81262,11927552.0,22010.0,35917242368.0,0.028356857075741315,,0.0,0.0,0.0,0.0,0.0,0.0,0.0,0.0,0.0,0.0,,1600.0,capacity_C7_C8_C9
DeepSeek-V4.1-Flash,NVIDIA-A100-SXM-80GB-packed-HBM-BF16-execute-x8,gpu,a100_packed_hbm_bf16_execute,8192,32,True,1,32,6575,122838182421.81262,122838182421.81262,11927552.0,22010.0,35917242368.0,0.014567925028522387,0.014567925028522385,2196.606581743628,68.64395567948837,8432098749911.8125,26200139227.28937,48347310.86417725,8458347236449.966,0.0,0.0,0.0,78896050983629.89,0.6554831875949244,3200.0,gpu_weight_memory_C3
DeepSeek-V4.1-Flash,NVIDIA-A100-SXM-80GB-packed-HBM-BF16-execute-x16,gpu,a100_packed_hbm_bf16_execute,8192,32,True,1,32,64208,122838182421.81262,122838182421.81262,11927552.0,22010.0,35917242368.0,0.008197244692694828,0.008197244692694828,3903.750735721915,121.99221049130985,14985301406371.684,46562189895.3614,85921553.69323935,15031949517820.738,0.0,0.0,0.0,140211961319182.34,0.7376693757200339,6400.0,gpu_weight_memory_C3
DeepSeek-V4.1-Flash,NVIDIA-A100-SXM-80GB-packed-HBM-BF16-execute-x32,gpu,a100_packed_hbm_bf16_execute,8192,32,True,1,32,179474,122838182421.81262,122838182421.81262,11927552.0,22010.0,35917242368.0,0.0056079816157761225,0.0056079816157761225,5706.15280014097,178.3172750044053,21904169955951.664,68060434243.62702,125592423.13110274,21972355982618.42,0.0,0.0,0.0,204949273111505.06,1.0093236087598167,12800.0,gpu_weight_memory_C3
DeepSeek-V4.1-Flash,NVIDIA-A100-SXM-80GB-packed-HBM-BF16-execute-x64,gpu,a100_packed_hbm_bf16_execute,8192,32,True,1,32,410007,122838182421.81262,122838182421.81262,11927552.0,22010.0,35917242368.0,0.004310753477661139,0.004310753477661139,7423.2962209107955,231.97800690346236,28495756729856.02,88541751686.317,163386749.8222466,28584461868292.16,0.0,0.0,0.0,266624329535911.5,1.5516974036815625,25600.0,collective_floor_C6
DeepSeek-V4.1-Flash,NVIDIA-A100-SXM-80GB-BF16-resident-x1,gpu,a100_bf16_expanded,8192,32,False,1,32,0,122838182421.81262,445716296029.41223,38797312.0,44160.0,35917242368.0,0.406461680620631,,0.0,0.0,0.0,0.0,0.0,0.0,0.0,0.0,0.0,0.0,,400.0,capacity_C7_C8_C9
DeepSeek-V4.1-Flash,NVIDIA-A100-SXM-80GB-BF16-resident-x2,gpu,a100_bf16_expanded,8192,32,False,1,32,0,122838182421.81262,445716296029.41223,38797312.0,44160.0,35917242368.0,0.20372748031031548,,0.0,0.0,0.0,0.0,0.0,0.0,0.0,0.0,0.0,0.0,,800.0,capacity_C7_C8_C9
DeepSeek-V4.1-Flash,NVIDIA-A100-SXM-80GB-BF16-resident-x4,gpu,a100_bf16_expanded,8192,32,False,1,32,0,122838182421.81262,445716296029.41223,38797312.0,44160.0,35917242368.0,0.10220617780221657,,0.0,0.0,0.0,0.0,0.0,0.0,0.0,0.0,0.0,0.0,,1600.0,capacity_C7_C8_C9
DeepSeek-V4.1-Flash,NVIDIA-A100-SXM-80GB-BF16-resident-x8,gpu,a100_bf16_expanded,8192,32,False,1,32,0,122838182421.81262,445716296029.41223,38797312.0,44160.0,35917242368.0,0.05149258544722968,,0.0,0.0,0.0,0.0,0.0,0.0,0.0,0.0,0.0,0.0,,3200.0,capacity_C7_C8_C9
DeepSeek-V4.1-Flash,NVIDIA-A100-SXM-80GB-BF16-resident-x16,gpu,a100_bf16_expanded,8192,32,False,1,32,0,122838182421.81262,445716296029.41223,38797312.0,44160.0,35917242368.0,0.02666056971370409,,0.0,0.0,0.0,0.0,0.0,0.0,0.0,0.0,0.0,0.0,,6400.0,capacity_C7_C8_C9
DeepSeek-V4.1-Flash,NVIDIA-A100-SXM-80GB-BF16-resident-x32,gpu,a100_bf16_expanded,8192,32,True,1,32,24716,122838182421.81262,445716296029.41223,38797312.0,44160.0,35917242368.0,0.014912409165289535,0.014912409165289535,2145.8638671532653,67.05824584853954,29888952957840.754,83253749963.47179,94761348.3734882,29972301469152.598,0.0,0.0,0.0,77073512605277.58,2.6839329486514267,12800.0,gpu_weight_memory_C3
DeepSeek-V4.1-Flash,NVIDIA-A100-SXM-80GB-BF16-resident-x64,gpu,a100_bf16_expanded,8192,32,True,1,32,97958,122838182421.81262,445716296029.41223,38797312.0,44160.0,35917242368.0,0.009381551104143411,0.009381551104143411,3410.9498146705223,106.59218170845382,47509872416786.1,132335684176.11443,150627543.81585026,47642358728506.03,0.0,0.0,0.0,122511911198605.83,3.3769800491359834,25600.0,gpu_weight_memory_C3
DeepSeek-V4.1-Flash,ROM-wafer-N7-HBM2e-conservative,rom,official_packed,8192,32,True,9,288,7866,122838182421.81262,122838182421.81262,11927552.0,22010.0,35917242368.0,0.0007542837870802671,0.006792192483722403,42424.35081876514,147.2278652874629,162854067031326.5,506018650457.0638,933759961.5210207,506952410418.5848,162854067031326.5,0.0,0.0,1523765690662646.8,0.34808250295639737,135000.0,compute_C5
DeepSeek-V4.1-Flash,ROM-wafer-N7-HBM2e-central,rom,official_packed,8192,32,True,3,96,29239,122838182421.81262,122838182421.81262,11927552.0,22010.0,35917242368.0,0.0003861829952650036,0.001159458585795011,82862.27097607237,862.4715123518843,318082836188888.94,988344045905.1938,1823798584.1833527,990167844489.3772,318082836188888.94,0.0,0.0,2976184269810483.0,0.06850970436663142,45000.0,compute_C5
DeepSeek-V4.1-Flash,ROM-wafer-N7-HBM2e-aggressive,rom,official_packed,8192,32,True,2,64,60354,122838182421.81262,122838182421.81262,11927552.0,22010.0,35917242368.0,0.0001786504506002627,0.0003577557012005254,179120.73489028716,2795.203533149261,687589547124444.8,2136471879682.1145,3942447374.9352202,2140414327057.0498,687589547124444.8,0.0,0.0,6433522848188718.0,0.023234713362496134,30000.0,compute_C5
DeepSeek-V4.1-Flash,N7-SRAM-rich-Graphcore-style-derived-control,sram,official_packed,8192,32,True,15,480,291,122838182421.81262,122838182421.81262,11927552.0,22010.0,35917242368.0,0.0001429386375086402,0.002150446762629603,223872.28924065892,465.01964958071454,859377034529151.9,2670248371277.0,4927429086.186903,0.0,0.0,859377034529151.9,2675175800363.187,8040875272135745.0,0.10151216752205663,225000.0,compute_C5
DeepSeek-V4.1-Flash,NVIDIA-A100-SXM-80GB-packed-HBM-BF16-execute-x1,gpu,a100_packed_hbm_bf16_execute,8192,64,False,1,64,0,191900735211.60742,191900735211.60742,11927552.0,22010.0,35917242368.0,0.17473035229397701,,0.0,0.0,0.0,0.0,0.0,0.0,0.0,0.0,0.0,0.0,,400.0,capacity_C7_C8_C9
DeepSeek-V4.1-Flash,NVIDIA-A100-SXM-80GB-packed-HBM-BF16-execute-x2,gpu,a100_packed_hbm_bf16_execute,8192,64,False,1,64,0,191900735211.60742,191900735211.60742,11927552.0,22010.0,35917242368.0,0.08817022085287086,,0.0,0.0,0.0,0.0,0.0,0.0,0.0,0.0,0.0,0.0,,800.0,capacity_C7_C8_C9
DeepSeek-V4.1-Flash,NVIDIA-A100-SXM-80GB-packed-HBM-BF16-execute-x4,gpu,a100_packed_hbm_bf16_execute,8192,64,False,1,64,0,191900735211.60742,191900735211.60742,11927552.0,22010.0,35917242368.0,0.04458175042643543,,0.0,0.0,0.0,0.0,0.0,0.0,0.0,0.0,0.0,0.0,,1600.0,capacity_C7_C8_C9
DeepSeek-V4.1-Flash,NVIDIA-A100-SXM-80GB-packed-HBM-BF16-execute-x8,gpu,a100_packed_hbm_bf16_execute,8192,64,True,1,64,6575,191900735211.60742,191900735211.60742,11927552.0,22010.0,35917242368.0,0.02283457403674728,0.02283457403674728,2802.767413003016,43.793240828172124,8403955112225.214,33430154062.498947,61688910.76019638,8437446955198.473,0.0,0.0,0.0,100667676473961.67,0.5137203598890833,3200.0,gpu_weight_memory_C3
DeepSeek-V4.1-Flash,NVIDIA-A100-SXM-80GB-packed-HBM-BF16-execute-x16,gpu,a100_packed_hbm_bf16_execute,8192,64,True,1,64,64208,191900735211.60742,191900735211.60742,11927552.0,22010.0,35917242368.0,0.012831368557571636,0.012831368557571636,4987.776612669611,77.93400957296267,14955593735039.986,59491964912.00064,109780963.24485813,15015195480915.232,0.0,0.0,0.0,179147181474696.47,0.577346900595317,6400.0,gpu_weight_memory_C3
DeepSeek-V4.1-Flash,NVIDIA-A100-SXM-80GB-packed-HBM-BF16-execute-x32,gpu,a100_packed_hbm_bf16_execute,8192,64,True,1,64,179474,191900735211.60742,191900735211.60742,11927552.0,22010.0,35917242368.0,0.008884048663181711,0.008884048663181711,7203.922718842829,112.56129248191921,21600594783649.08,85925162832.97923,158558339.04173067,21686678504821.098,0.0,0.0,0.0,258745038293019.44,0.7994748085385273,12800.0,gpu_weight_memory_C3
DeepSeek-V4.1-Flash,NVIDIA-A100-SXM-80GB-packed-HBM-BF16-execute-x64,gpu,a100_packed_hbm_bf16_execute,8192,64,True,1,64,410007,191900735211.60742,191900735211.60742,11927552.0,22010.0,35917242368.0,0.006509355158403987,0.006509355158403987,9832.003085186092,153.6250482060327,29480759697656.305,117271728062.71754,216402387.90494588,29598247828106.926,0.0,0.0,0.0,353138437773552.6,1.171552670696545,25600.0,collective_floor_C6
DeepSeek-V4.1-Flash,NVIDIA-A100-SXM-80GB-BF16-resident-x1,gpu,a100_bf16_expanded,8192,64,False,1,64,0,191900735211.60742,705716494767.4633,38797312.0,44160.0,35917242368.0,0.6460002499311208,,0.0,0.0,0.0,0.0,0.0,0.0,0.0,0.0,0.0,0.0,,400.0,capacity_C7_C8_C9
DeepSeek-V4.1-Flash,NVIDIA-A100-SXM-80GB-BF16-resident-x2,gpu,a100_bf16_expanded,8192,64,False,1,64,0,191900735211.60742,705716494767.4633,38797312.0,44160.0,35917242368.0,0.32380516967144274,,0.0,0.0,0.0,0.0,0.0,0.0,0.0,0.0,0.0,0.0,,800.0,capacity_C7_C8_C9
DeepSeek-V4.1-Flash,NVIDIA-A100-SXM-80GB-BF16-resident-x4,gpu,a100_bf16_expanded,8192,64,False,1,64,0,191900735211.60742,705716494767.4633,38797312.0,44160.0,35917242368.0,0.1623992248357214,,0.0,0.0,0.0,0.0,0.0,0.0,0.0,0.0,0.0,0.0,,1600.0,capacity_C7_C8_C9
DeepSeek-V4.1-Flash,NVIDIA-A100-SXM-80GB-BF16-resident-x8,gpu,a100_bf16_expanded,8192,64,False,1,64,0,191900735211.60742,705716494767.4633,38797312.0,44160.0,35917242368.0,0.08174331124139068,,0.0,0.0,0.0,0.0,0.0,0.0,0.0,0.0,0.0,0.0,,3200.0,capacity_C7_C8_C9
DeepSeek-V4.1-Flash,NVIDIA-A100-SXM-80GB-BF16-resident-x16,gpu,a100_bf16_expanded,8192,64,False,1,64,0,191900735211.60742,705716494767.4633,38797312.0,44160.0,35917242368.0,0.04228574141532309,,0.0,0.0,0.0,0.0,0.0,0.0,0.0,0.0,0.0,0.0,,6400.0,capacity_C7_C8_C9
DeepSeek-V4.1-Flash,NVIDIA-A100-SXM-80GB-BF16-resident-x32,gpu,a100_bf16_expanded,8192,64,True,1,64,24716,191900735211.60742,705716494767.4633,38797312.0,44160.0,35917242368.0,0.023617550743034323,0.023617550743034323,2709.8491582102743,42.341393097035535,29881019520011.184,105134863264.02138,119666938.82656571,29986274050214.03,0.0,0.0,0.0,97330308996159.2,2.1253414489598366,12800.0,gpu_weight_memory_C3
DeepSeek-V4.1-Flash,NVIDIA-A100-SXM-80GB-BF16-resident-x64,gpu,a100_bf16_expanded,8192,64,True,1,64,97958,191900735211.60742,705716494767.4633,38797312.0,44160.0,35917242368.0,0.014032618484225417,0.014032618484225415,4560.802395643034,71.26253743192241,50291148124691.42,176946873514.11023,201405033.79159638,50468296403239.32,0.0,0.0,0.0,163811445036865.88,2.5255883665888126,25600.0,gpu_weight_memory_C3
DeepSeek-V4.1-Flash,ROM-wafer-N7-HBM2e-conservative,rom,official_packed,8192,64,True,9,576,7866,191900735211.60742,191900735211.60742,11927552.0,22010.0,35917242368.0,0.0014378930314776072,0.012944675683298466,44509.56962649185,77.25183886145747,133459673988687.78,530890206217.6021,979655627.4790857,531869861845.0812,133459673988687.78,0.0,0.0,1598660999970079.0,0.33177526413346203,135000.0,compute_C5
DeepSeek-V4.1-Flash,ROM-wafer-N7-HBM2e-central,rom,official_packed,8192,64,True,3,192,29239,191900735211.60742,191900735211.60742,11927552.0,22010.0,35917242368.0,0.0007484041499014999,0.0022461220497044998,85515.29278455132,445.2117818493257,256413243081113.53,1019988101482.9607,1882191594.1879745,1021870293077.1487,256413243081113.53,0.0,0.0,3071473497113211.5,0.06638426301153903,45000.0,compute_C5
DeepSeek-V4.1-Flash,ROM-wafer-N7-HBM2e-aggressive,rom,official_packed,8192,64,True,2,128,60354,191900735211.60742,191900735211.60742,11927552.0,22010.0,35917242368.0,0.0003497309123987337,0.0006999166247974674,182997.8355674565,1428.7416023149424,548709674805121.0,2182716199618.2869,4027782360.8397174,2186743981979.1265,548709674805121.0,0.0,0.0,6572777612895746.0,0.022742448945093433,30000.0,compute_C5
DeepSeek-V4.1-Flash,N7-SRAM-rich-Graphcore-style-derived-control,sram,official_packed,8192,64,True,15,960,291,191900735211.60742,191900735211.60742,11927552.0,22010.0,35917242368.0,0.0002807425948826003,0.004217506123239005,227966.83213234256,237.10694680201422,683546917032150.4,2719086244533.7866,5017549975.23286,0.0,0.0,683546917032150.4,2724103794509.0195,8187939961562518.0,0.09968889384641272,225000.0,compute_C5
DeepSeek-V4.1-Flash,NVIDIA-A100-SXM-80GB-packed-HBM-BF16-execute-x1,gpu,a100_packed_hbm_bf16_execute,32768,1,False,1,1,0,13035075008.0,13035075008.0,18333696.0,22010.0,36688961536.0,0.010021281870787806,,0.0,0.0,0.0,0.0,0.0,0.0,0.0,0.0,0.0,0.0,,400.0,capacity_C7_C8_C9
DeepSeek-V4.1-Flash,NVIDIA-A100-SXM-80GB-packed-HBM-BF16-execute-x2,gpu,a100_packed_hbm_bf16_execute,32768,1,False,1,1,0,13035075008.0,13035075008.0,18333696.0,22010.0,36688961536.0,0.005241380112783762,,0.0,0.0,0.0,0.0,0.0,0.0,0.0,0.0,0.0,0.0,,800.0,capacity_C7_C8_C9
DeepSeek-V4.1-Flash,NVIDIA-A100-SXM-80GB-packed-HBM-BF16-execute-x4,gpu,a100_packed_hbm_bf16_execute,32768,1,False,1,1,0,13035075008.0,13035075008.0,18333696.0,22010.0,36688961536.0,0.003021464253225424,,0.0,0.0,0.0,0.0,0.0,0.0,0.0,0.0,0.0,0.0,,1600.0,capacity_C7_C8_C9
DeepSeek-V4.1-Flash,NVIDIA-A100-SXM-80GB-packed-HBM-BF16-execute-x8,gpu,a100_packed_hbm_bf16_execute,32768,1,True,1,1,2062,13035075008.0,13035075008.0,18333696.0,22010.0,36688961536.0,0.0020602377741859136,0.0020602377741859136,485.3808684267727,485.3808684267727,6326976027391.161,8898825285.952448,10683232.914073266,6335885535910.027,0.0,0.0,0.0,17808120012020.14,2.966410045703164,3200.0,gpu_weight_memory_C3
DeepSeek-V4.1-Flash,NVIDIA-A100-SXM-80GB-packed-HBM-BF16-execute-x16,gpu,a100_packed_hbm_bf16_execute,32768,1,True,1,1,20137,13035075008.0,13035075008.0,18333696.0,22010.0,36688961536.0,0.0017941210049165599,0.0017941210049165596,557.3760059993878,557.3760059993878,7265438045861.477,10218762251.68695,12267845.892046524,7275669075959.056,0.0,0.0,0.0,20449546845200.844,5.1664896536464315,6400.0,gpu_weight_memory_C3
DeepSeek-V4.1-Flash,NVIDIA-A100-SXM-80GB-packed-HBM-BF16-execute-x32,gpu,a100_packed_hbm_bf16_execute,32768,1,True,1,1,56287,13035075008.0,13035075008.0,18333696.0,22010.0,36688961536.0,0.0017708223903225365,0.0017708223903225367,564.7093720211323,564.7093720211323,7361029022016.036,10353209954.986343,12429253.278185122,7371394661224.301,0.0,0.0,0.0,20718600429102.035,10.198794320979845,12800.0,gpu_weight_memory_C3
DeepSeek-V4.1-Flash,NVIDIA-A100-SXM-80GB-packed-HBM-BF16-execute-x64,gpu,a100_packed_hbm_bf16_execute,32768,1,True,1,1,128588,13035075008.0,13035075008.0,18333696.0,22010.0,36688961536.0,0.0019504839448766255,0.0019504839448766255,512.6932742136738,512.6932742136738,6682995285472.351,9399562630.678135,11284378.965442961,6692406132481.994,0.0,0.0,0.0,18810183817391.38,22.46705789229022,25600.0,collective_floor_C6
DeepSeek-V4.1-Flash,NVIDIA-A100-SXM-80GB-BF16-resident-x1,gpu,a100_bf16_expanded,32768,1,False,1,1,0,13035075008.0,32339891648.0,62914560.0,44160.0,36688961536.0,0.026204560418800805,,0.0,0.0,0.0,0.0,0.0,0.0,0.0,0.0,0.0,0.0,,400.0,capacity_C7_C8_C9
DeepSeek-V4.1-Flash,NVIDIA-A100-SXM-80GB-BF16-resident-x2,gpu,a100_bf16_expanded,32768,1,False,1,1,0,13035075008.0,32339891648.0,62914560.0,44160.0,36688961536.0,0.013423884863380215,,0.0,0.0,0.0,0.0,0.0,0.0,0.0,0.0,0.0,0.0,,800.0,capacity_C7_C8_C9
DeepSeek-V4.1-Flash,NVIDIA-A100-SXM-80GB-BF16-resident-x4,gpu,a100_bf16_expanded,32768,1,False,1,1,0,13035075008.0,32339891648.0,62914560.0,44160.0,36688961536.0,0.007687001553333342,,0.0,0.0,0.0,0.0,0.0,0.0,0.0,0.0,0.0,0.0,,1600.0,capacity_C7_C8_C9
DeepSeek-V4.1-Flash,NVIDIA-A100-SXM-80GB-BF16-resident-x8,gpu,a100_bf16_expanded,32768,1,False,1,1,0,13035075008.0,32339891648.0,62914560.0,44160.0,36688961536.0,0.005248386259572012,,0.0,0.0,0.0,0.0,0.0,0.0,0.0,0.0,0.0,0.0,,3200.0,capacity_C7_C8_C9
DeepSeek-V4.1-Flash,NVIDIA-A100-SXM-80GB-BF16-resident-x16,gpu,a100_bf16_expanded,32768,1,False,1,1,0,13035075008.0,32339891648.0,62914560.0,44160.0,36688961536.0,0.004318729545675556,,0.0,0.0,0.0,0.0,0.0,0.0,0.0,0.0,0.0,0.0,,6400.0,capacity_C7_C8_C9
DeepSeek-V4.1-Flash,NVIDIA-A100-SXM-80GB-BF16-resident-x32,gpu,a100_bf16_expanded,32768,1,True,1,1,7061,13035075008.0,32339891648.0,62914560.0,44160.0,36688961536.0,0.003981536585973803,0.003981536585973803,251.1593146030128,251.1593146030128,8122465020647.378,15801577768.150126,11091195.332869045,8138277689610.861,0.0,0.0,0.0,9214774432878.06,22.931081594471472,12800.0,gpu_weight_memory_C3
DeepSeek-V4.1-Flash,NVIDIA-A100-SXM-80GB-BF16-resident-x64,gpu,a100_bf16_expanded,32768,1,True,1,1,27988,13035075008.0,32339891648.0,62914560.0,44160.0,36688961536.0,0.0040085386448564814,0.0040085386448564814,249.4674714644801,249.4674714644801,8067750996861.818,15695136201.50032,11016483.539871441,8083457149546.858,0.0,0.0,0.0,9152702465043.488,46.17319206037851,25600.0,gpu_weight_memory_C3
DeepSeek-V4.1-Flash,ROM-wafer-N7-HBM2e-conservative,rom,official_packed,32768,1,True,9,9,2132,13035075008.0,13035075008.0,18333696.0,22010.0,36688961536.0,9.214005399125843e-05,0.0008328988859213257,10853.043347411895,1200.625930594003,141470234098589.44,198976397406.27206,238875484.0765358,199215272890.3486,141470234098589.44,0.0,0.0,398186889921735.7,1.3606482298642577,135000.0,collective_floor_C6
DeepSeek-V4.1-Flash,ROM-wafer-N7-HBM2e-central,rom,official_packed,32768,1,True,3,3,8358,13035075008.0,13035075008.0,18333696.0,22010.0,36688961536.0,3.531223418189296e-05,0.00010684630254567887,28318.797243159694,9359.238234495579,369137646200930.25,519188219741.7279,623296727.3219448,519811516469.04987,369137646200930.25,0.0,0.0,1038987262800068.9,0.2004629518328025,45000.0,collective_floor_C6
DeepSeek-V4.1-Flash,ROM-wafer-N7-HBM2e-aggressive,rom,official_packed,32768,1,True,2,2,18334,13035075008.0,13035075008.0,18333696.0,22010.0,36688961536.0,1.2971998731949542e-05,2.6398797463899085e-05,77089.12255264394,37880.51335927408,1004862494774618.1,1413328537786.918,1696731587.383693,1415025269374.3018,1004862494774618.1,0.0,0.0,2828319852177943.5,0.053987109914416125,30000.0,collective_floor_C6
DeepSeek-V4.1-Flash,N7-SRAM-rich-Graphcore-style-derived-control,sram,official_packed,32768,1,True,15,15,76,13035075008.0,13035075008.0,18333696.0,22010.0,36688961536.0,9.433951529889113e-06,0.0001478764729483367,106000.12061030316,6762.4009422335075,1381719523012348.5,1943373987232.6326,2333062654.6327724,0.0,0.0,1381719523012348.5,1945707049887.2654,3889034347882773.5,0.21439373085708688,225000.0,collective_floor_C6
DeepSeek-V4.1-Flash,NVIDIA-A100-SXM-80GB-packed-HBM-BF16-execute-x1,gpu,a100_packed_hbm_bf16_execute,32768,8,False,1,8,0,42706582676.79819,42706582676.79819,18333696.0,22010.0,36688961536.0,0.0373478372135783,,0.0,0.0,0.0,0.0,0.0,0.0,0.0,0.0,0.0,0.0,,400.0,capacity_C7_C8_C9
DeepSeek-V4.1-Flash,NVIDIA-A100-SXM-80GB-packed-HBM-BF16-execute-x2,gpu,a100_packed_hbm_bf16_execute,32768,8,False,1,8,0,42706582676.79819,42706582676.79819,18333696.0,22010.0,36688961536.0,0.018939255077377717,,0.0,0.0,0.0,0.0,0.0,0.0,0.0,0.0,0.0,0.0,,800.0,capacity_C7_C8_C9
DeepSeek-V4.1-Flash,NVIDIA-A100-SXM-80GB-packed-HBM-BF16-execute-x4,gpu,a100_packed_hbm_bf16_execute,32768,8,False,1,8,0,42706582676.79819,42706582676.79819,18333696.0,22010.0,36688961536.0,0.009696429840157695,,0.0,0.0,0.0,0.0,0.0,0.0,0.0,0.0,0.0,0.0,,1600.0,capacity_C7_C8_C9
DeepSeek-V4.1-Flash,NVIDIA-A100-SXM-80GB-packed-HBM-BF16-execute-x8,gpu,a100_packed_hbm_bf16_execute,32768,8,True,1,8,2062,42706582676.79819,42706582676.79819,18333696.0,22010.0,36688961536.0,0.0051311384139322465,0.0051311384139322465,1559.108204580512,194.888525572564,8323022930124.001,28584215853.884914,34315971.58281707,8351641461949.469,0.0,0.0,0.0,57202060948316.42,0.9235014477271012,3200.0,gpu_weight_memory_C3
DeepSeek-V4.1-Flash,NVIDIA-A100-SXM-80GB-packed-HBM-BF16-execute-x16,gpu,a100_packed_hbm_bf16_execute,32768,8,True,1,8,20137,42706582676.79819,42706582676.79819,18333696.0,22010.0,36688961536.0,0.003208264315945563,0.0032082643159455624,2493.5601347553506,311.69501684441883,13311429006812.176,45716173468.32363,54883258.565965265,13357200063539.064,0.0,0.0,0.0,91486131871742.03,1.154845767723641,6400.0,gpu_weight_memory_C3
DeepSeek-V4.1-Flash,NVIDIA-A100-SXM-80GB-packed-HBM-BF16-execute-x32,gpu,a100_packed_hbm_bf16_execute,32768,8,True,1,8,56287,42706582676.79819,42706582676.79819,18333696.0,22010.0,36688961536.0,0.002597953602151642,0.002597953602151642,3079.3467571454503,384.9183446431813,16438547109320.32,56455807324.090515,67776422.12477136,16495070693066.535,0.0,0.0,0.0,112978034728915.77,1.87031704792874,12800.0,gpu_weight_memory_C3
DeepSeek-V4.1-Flash,NVIDIA-A100-SXM-80GB-packed-HBM-BF16-execute-x64,gpu,a100_packed_hbm_bf16_execute,32768,8,True,1,8,128588,42706582676.79819,42706582676.79819,18333696.0,22010.0,36688961536.0,0.002479919359196338,0.002479919359196338,3225.9113468078826,403.23891835098533,17220956205059.027,59142877955.326294,71002308.7432415,17280170085323.098,0.0,0.0,0.0,118355337321580.36,3.570683826802765,25600.0,collective_floor_C6
DeepSeek-V4.1-Flash,NVIDIA-A100-SXM-80GB-BF16-resident-x1,gpu,a100_bf16_expanded,32768,8,False,1,8,0,42706582676.79819,144044391107.00494,62914560.0,44160.0,36688961536.0,0.12904927997483126,,0.0,0.0,0.0,0.0,0.0,0.0,0.0,0.0,0.0,0.0,,400.0,capacity_C7_C8_C9
DeepSeek-V4.1-Flash,NVIDIA-A100-SXM-80GB-BF16-resident-x2,gpu,a100_bf16_expanded,32768,8,False,1,8,0,42706582676.79819,144044391107.00494,62914560.0,44160.0,36688961536.0,0.0647899764580051,,0.0,0.0,0.0,0.0,0.0,0.0,0.0,0.0,0.0,0.0,,800.0,capacity_C7_C8_C9
DeepSeek-V4.1-Flash,NVIDIA-A100-SXM-80GB-BF16-resident-x4,gpu,a100_bf16_expanded,32768,8,False,1,8,0,42706582676.79819,144044391107.00494,62914560.0,44160.0,36688961536.0,0.03262183592449769,,0.0,0.0,0.0,0.0,0.0,0.0,0.0,0.0,0.0,0.0,,1600.0,capacity_C7_C8_C9
DeepSeek-V4.1-Flash,NVIDIA-A100-SXM-80GB-BF16-resident-x8,gpu,a100_bf16_expanded,32768,8,False,1,8,0,42706582676.79819,144044391107.00494,62914560.0,44160.0,36688961536.0,0.01661894163461043,,0.0,0.0,0.0,0.0,0.0,0.0,0.0,0.0,0.0,0.0,,3200.0,capacity_C7_C8_C9
DeepSeek-V4.1-Flash,NVIDIA-A100-SXM-80GB-BF16-resident-x16,gpu,a100_bf16_expanded,32768,8,False,1,8,0,42706582676.79819,144044391107.00494,62914560.0,44160.0,36688961536.0,0.009244232196438884,,0.0,0.0,0.0,0.0,0.0,0.0,0.0,0.0,0.0,0.0,,6400.0,capacity_C7_C8_C9
DeepSeek-V4.1-Flash,NVIDIA-A100-SXM-80GB-BF16-resident-x32,gpu,a100_bf16_expanded,32768,8,True,1,8,7061,42706582676.79819,144044391107.00494,62914560.0,44160.0,36688961536.0,0.006301754476304564,0.006301754476304564,1269.4877323578798,158.68596654473498,22857823428162.91,79869262106.69377,56060578.260923974,22937748750847.863,0.0,0.0,0.0,46576186582902.12,4.536754936320727,12800.0,gpu_weight_memory_C3
DeepSeek-V4.1-Flash,NVIDIA-A100-SXM-80GB-BF16-resident-x64,gpu,a100_bf16_expanded,32768,8,True,1,8,27988,42706582676.79819,144044391107.00494,62914560.0,44160.0,36688961536.0,0.005208515104017758,0.005208515104017758,1535.9463955147098,191.99329943933873,27655557914364.42,96633391657.39394,67827392.82592958,27752259133414.64,0.0,0.0,0.0,56352278226397.03,7.499421533449029,25600.0,gpu_weight_memory_C3
DeepSeek-V4.1-Flash,ROM-wafer-N7-HBM2e-conservative,rom,official_packed,32768,8,True,9,72,2132,42706582676.79819,42706582676.79819,18333696.0,22010.0,36688961536.0,0.00024228430388128694,0.0021841971349315825,33019.060136556735,457.83413228006265,176266402704003.94,605361410749.3496,726749513.6056137,606088160262.9552,176266402704003.94,0.0,0.0,1211435027305001.0,0.4472318157519789,135000.0,compute_C5
DeepSeek-V4.1-Flash,ROM-wafer-N7-HBM2e-central,rom,official_packed,32768,8,True,3,24,8358,42706582676.79819,42706582676.79819,18333696.0,22010.0,36688961536.0,0.0001150006792912829,0.00034591163787384865,69564.8064802901,2890.9116968325084,371359394918246.94,1275380014308.4688,1531121390.6311853,1276911135699.0999,371359394918246.94,0.0,0.0,2552260509214647.5,0.08160548379196392,45000.0,compute_C5
DeepSeek-V4.1-Flash,ROM-wafer-N7-HBM2e-aggressive,rom,official_packed,32768,8,True,2,16,18334,42706582676.79819,42706582676.79819,18333696.0,22010.0,36688961536.0,5.078606824305434e-05,0.00010202693648610867,157523.51534112124,9801.3332012194,840911378931935.1,2887988243115.453,3467092572.6580787,2891455335688.1113,840911378931935.1,0.0,0.0,5779374195365903.0,0.02642030253986496,30000.0,compute_C5
DeepSeek-V4.1-Flash,N7-SRAM-rich-Graphcore-style-derived-control,sram,official_packed,32768,8,True,15,120,76,42706582676.79819,42706582676.79819,18333696.0,22010.0,36688961536.0,3.9579356346857026e-05,0.0006000575452028554,202125.5709640987,1666.5068342102759,1079011550934165.0,3705708771882.2124,4448783816.919812,0.0,0.0,1079011550934165.0,3710157555699.1323,7415777298543856.0,0.11243387573648762,225000.0,compute_C5
DeepSeek-V4.1-Flash,NVIDIA-A100-SXM-80GB-packed-HBM-BF16-execute-x1,gpu,a100_packed_hbm_bf16_execute,32768,32,False,1,32,0,122838182421.81262,122838182421.81262,18333696.0,22010.0,36688961536.0,0.11121558240131155,,0.0,0.0,0.0,0.0,0.0,0.0,0.0,0.0,0.0,0.0,,400.0,capacity_C7_C8_C9
DeepSeek-V4.1-Flash,NVIDIA-A100-SXM-80GB-packed-HBM-BF16-execute-x2,gpu,a100_packed_hbm_bf16_execute,32768,32,False,1,32,0,122838182421.81262,122838182421.81262,18333696.0,22010.0,36688961536.0,0.05610443120065577,,0.0,0.0,0.0,0.0,0.0,0.0,0.0,0.0,0.0,0.0,,800.0,capacity_C7_C8_C9
DeepSeek-V4.1-Flash,NVIDIA-A100-SXM-80GB-packed-HBM-BF16-execute-x4,gpu,a100_packed_hbm_bf16_execute,32768,32,False,1,32,0,122838182421.81262,122838182421.81262,18333696.0,22010.0,36688961536.0,0.02839465324738671,,0.0,0.0,0.0,0.0,0.0,0.0,0.0,0.0,0.0,0.0,,1600.0,capacity_C7_C8_C9
DeepSeek-V4.1-Flash,NVIDIA-A100-SXM-80GB-packed-HBM-BF16-execute-x8,gpu,a100_packed_hbm_bf16_execute,32768,32,True,1,32,2062,122838182421.81262,122838182421.81262,18333696.0,22010.0,36688961536.0,0.014586823114345084,0.014586823114345083,2193.7607489413044,68.55502340441576,8421174470883.257,40219742667.8222,48284674.08419811,8461442498225.163,0.0,0.0,0.0,80486803737094.08,0.656333506189388,3200.0,gpu_weight_memory_C3
DeepSeek-V4.1-Flash,NVIDIA-A100-SXM-80GB-packed-HBM-BF16-execute-x16,gpu,a100_packed_hbm_bf16_execute,32768,32,True,1,32,20137,122838182421.81262,122838182421.81262,18333696.0,22010.0,36688961536.0,0.008206693735606176,0.008206693735606176,3899.2560257442537,121.85175080450793,14968047593741.396,71487774602.16331,85822625.12663102,15039621190968.686,0.0,0.0,0.0,143059654347547.16,0.7385196943144975,6400.0,gpu_weight_memory_C3
DeepSeek-V4.1-Flash,NVIDIA-A100-SXM-80GB-packed-HBM-BF16-execute-x32,gpu,a100_packed_hbm_bf16_execute,32768,32,True,1,32,56287,122838182421.81262,122838182421.81262,18333696.0,22010.0,36688961536.0,0.0056127061372317965,0.0056127061372317965,5701.349619522838,178.1671756100887,21885732019171.2,104526810714.04738,125486705.12569767,21990384316590.37,0.0,0.0,0.0,209176596893961.66,1.0101739273542802,12800.0,gpu_weight_memory_C3
DeepSeek-V4.1-Flash,NVIDIA-A100-SXM-80GB-packed-HBM-BF16-execute-x64,gpu,a100_packed_hbm_bf16_execute,32768,32,True,1,32,128588,122838182421.81262,122838182421.81262,18333696.0,22010.0,36688961536.0,0.004313115738388975,0.004313115738388975,7419.230537957362,231.85095431116756,28480149820346.543,136021917236.82674,163297264.14044154,28616335034847.51,0.0,0.0,0.0,272203863833834.22,1.5525477222760253,25600.0,collective_floor_C6
DeepSeek-V4.1-Flash,NVIDIA-A100-SXM-80GB-BF16-resident-x1,gpu,a100_bf16_expanded,32768,32,False,1,32,0,122838182421.81262,445716296029.41223,62914560.0,44160.0,36688961536.0,0.40703084649952637,,0.0,0.0,0.0,0.0,0.0,0.0,0.0,0.0,0.0,0.0,,400.0,capacity_C7_C8_C9
DeepSeek-V4.1-Flash,NVIDIA-A100-SXM-80GB-BF16-resident-x2,gpu,a100_bf16_expanded,32768,32,False,1,32,0,122838182421.81262,445716296029.41223,62914560.0,44160.0,36688961536.0,0.20401206324976318,,0.0,0.0,0.0,0.0,0.0,0.0,0.0,0.0,0.0,0.0,,800.0,capacity_C7_C8_C9
DeepSeek-V4.1-Flash,NVIDIA-A100-SXM-80GB-BF16-resident-x4,gpu,a100_bf16_expanded,32768,32,False,1,32,0,122838182421.81262,445716296029.41223,62914560.0,44160.0,36688961536.0,0.10234846927194041,,0.0,0.0,0.0,0.0,0.0,0.0,0.0,0.0,0.0,0.0,,1600.0,capacity_C7_C8_C9
DeepSeek-V4.1-Flash,NVIDIA-A100-SXM-80GB-BF16-resident-x8,gpu,a100_bf16_expanded,32768,32,False,1,32,0,122838182421.81262,445716296029.41223,62914560.0,44160.0,36688961536.0,0.0515637311820916,,0.0,0.0,0.0,0.0,0.0,0.0,0.0,0.0,0.0,0.0,,3200.0,capacity_C7_C8_C9
DeepSeek-V4.1-Flash,NVIDIA-A100-SXM-80GB-BF16-resident-x16,gpu,a100_bf16_expanded,32768,32,False,1,32,0,122838182421.81262,445716296029.41223,62914560.0,44160.0,36688961536.0,0.026696142581135052,,0.0,0.0,0.0,0.0,0.0,0.0,0.0,0.0,0.0,0.0,,6400.0,capacity_C7_C8_C9
DeepSeek-V4.1-Flash,NVIDIA-A100-SXM-80GB-BF16-resident-x32,gpu,a100_bf16_expanded,32768,32,True,1,32,7061,122838182421.81262,445716296029.41223,62914560.0,44160.0,36688961536.0,0.014930195599005016,0.014930195599005014,2143.307486348843,66.97835894840135,29853346064609.887,134845247448.34348,94648458.59716491,29988285960516.83,0.0,0.0,0.0,78635725926473.55,2.687134148065878,12800.0,gpu_weight_memory_C3
DeepSeek-V4.1-Flash,NVIDIA-A100-SXM-80GB-BF16-resident-x64,gpu,a100_bf16_expanded,32768,32,True,1,32,27988,122838182421.81262,445716296029.41223,62914560.0,44160.0,36688961536.0,0.00939044432100115,0.00939044432100115,3407.719475896787,106.4912336217746,47464878209500.18,214395171429.47696,150484892.05560213,47679423865821.71,0.0,0.0,0.0,125025688776655.3,3.3801812485504343,25600.0,gpu_weight_memory_C3
DeepSeek-V4.1-Flash,ROM-wafer-N7-HBM2e-conservative,rom,official_packed,32768,32,True,9,288,2132,122838182421.81262,122838182421.81262,18333696.0,22010.0,36688961536.0,0.0007571516972324649,0.006818003675092185,42263.65749025744,146.6704988225867,162237214643789.1,774849048274.5029,930223101.3605664,775779271375.8635,162237214643789.1,0.0,0.0,1550609704030733.5,0.34940596948335956,135000.0,compute_C5
DeepSeek-V4.1-Flash,ROM-wafer-N7-HBM2e-central,rom,official_packed,32768,32,True,3,96,8358,122838182421.81262,122838182421.81262,18333696.0,22010.0,36688961536.0,0.0003882350403974548,0.0011656147211923647,82424.29629030926,857.9164125321365,316401585740579.44,1511141991200.4575,1814158761.3497066,1512956149961.8071,316401585740579.44,0.0,0.0,3024061836227024.0,0.06887374164195151,45000.0,compute_C5
DeepSeek-V4.1-Flash,ROM-wafer-N7-HBM2e-aggressive,rom,official_packed,32768,32,True,2,64,18334,122838182421.81262,122838182421.81262,18333696.0,22010.0,36688961536.0,0.0001804343065668422,0.0003613234131336844,177349.86549326495,2767.603658249554,680791722810800.4,3251478519594.4097,3903470539.5067616,3255381990133.9165,680791722810800.4,0.0,0.0,6506782393497171.0,0.023466716035448767,30000.0,compute_C5
DeepSeek-V4.1-Flash,N7-SRAM-rich-Graphcore-style-derived-control,sram,official_packed,32768,32,True,15,480,76,122838182421.81262,122838182421.81262,18333696.0,22010.0,36688961536.0,0.0001429386375086402,0.002150446762629603,223872.28924065892,465.01964958071454,859377034529151.9,4104406493762.3115,4927429086.186903,0.0,0.0,859377034529151.9,4109333922848.4985,8213641808926802.0,0.10151216752205663,225000.0,compute_C5
DeepSeek-V4.1-Flash,NVIDIA-A100-SXM-80GB-packed-HBM-BF16-execute-x1,gpu,a100_packed_hbm_bf16_execute,32768,64,False,1,64,0,191900735211.60742,191900735211.60742,18333696.0,22010.0,36688961536.0,0.17503272166714018,,0.0,0.0,0.0,0.0,0.0,0.0,0.0,0.0,0.0,0.0,,400.0,capacity_C7_C8_C9
DeepSeek-V4.1-Flash,NVIDIA-A100-SXM-80GB-packed-HBM-BF16-execute-x2,gpu,a100_packed_hbm_bf16_execute,32768,64,False,1,64,0,191900735211.60742,191900735211.60742,18333696.0,22010.0,36688961536.0,0.08832140553945245,,0.0,0.0,0.0,0.0,0.0,0.0,0.0,0.0,0.0,0.0,,800.0,capacity_C7_C8_C9
DeepSeek-V4.1-Flash,NVIDIA-A100-SXM-80GB-packed-HBM-BF16-execute-x4,gpu,a100_packed_hbm_bf16_execute,32768,64,False,1,64,0,191900735211.60742,191900735211.60742,18333696.0,22010.0,36688961536.0,0.04465734276972622,,0.0,0.0,0.0,0.0,0.0,0.0,0.0,0.0,0.0,0.0,,1600.0,capacity_C7_C8_C9
DeepSeek-V4.1-Flash,NVIDIA-A100-SXM-80GB-packed-HBM-BF16-execute-x8,gpu,a100_packed_hbm_bf16_execute,32768,64,True,1,64,2062,191900735211.60742,191900735211.60742,18333696.0,22010.0,36688961536.0,0.022872370208392674,0.022872370208392674,2798.1358913347844,43.72087330210601,8390067730767.681,51300172798.420975,61586970.96827861,8441429490537.07,0.0,0.0,0.0,102660700089682.98,0.5145706784835469,3200.0,gpu_weight_memory_C3
DeepSeek-V4.1-Flash,NVIDIA-A100-SXM-80GB-packed-HBM-BF16-execute-x16,gpu,a100_packed_hbm_bf16_execute,32768,64,True,1,64,20137,191900735211.60742,191900735211.60742,18333696.0,22010.0,36688961536.0,0.012850266643394333,0.012850266643394333,4980.441400638106,77.8193968849704,14933599475949.691,91309898585.11324,109619515.2280447,15025018994050.033,0.0,0.0,0.0,182727222980313.44,0.5781972191897806,6400.0,gpu_weight_memory_C3
DeepSeek-V4.1-Flash,NVIDIA-A100-SXM-80GB-packed-HBM-BF16-execute-x32,gpu,a100_packed_hbm_bf16_execute,32768,64,True,1,64,56287,191900735211.60742,191900735211.60742,18333696.0,22010.0,36688961536.0,0.008893497706093061,0.008893497706093061,7196.2687926655335,112.44169988539896,21577644876450.973,131934204379.01692,158389876.1265684,21709737470706.117,0.0,0.0,0.0,264023628936822.9,0.8003251271329909,12800.0,gpu_weight_memory_C3
DeepSeek-V4.1-Flash,NVIDIA-A100-SXM-80GB-packed-HBM-BF16-execute-x64,gpu,a100_packed_hbm_bf16_execute,32768,64,True,1,64,128588,191900735211.60742,191900735211.60742,18333696.0,22010.0,36688961536.0,0.006514079679859661,0.006514079679859661,9824.872145466114,153.51362727290802,29459377938671.72,180126219153.8435,216245435.92170915,29639720403261.484,0.0,0.0,0.0,360464356241124.06,1.1724029892910084,25600.0,collective_floor_C6
DeepSeek-V4.1-Flash,NVIDIA-A100-SXM-80GB-BF16-resident-x1,gpu,a100_bf16_expanded,32768,64,False,1,64,0,191900735211.60742,705716494767.4633,62914560.0,44160.0,36688961536.0,0.6471385816889116,,0.0,0.0,0.0,0.0,0.0,0.0,0.0,0.0,0.0,0.0,,400.0,capacity_C7_C8_C9
DeepSeek-V4.1-Flash,NVIDIA-A100-SXM-80GB-BF16-resident-x2,gpu,a100_bf16_expanded,32768,64,False,1,64,0,191900735211.60742,705716494767.4633,62914560.0,44160.0,36688961536.0,0.3243743355503381,,0.0,0.0,0.0,0.0,0.0,0.0,0.0,0.0,0.0,0.0,,800.0,capacity_C7_C8_C9
DeepSeek-V4.1-Flash,NVIDIA-A100-SXM-80GB-BF16-resident-x4,gpu,a100_bf16_expanded,32768,64,False,1,64,0,191900735211.60742,705716494767.4633,62914560.0,44160.0,36688961536.0,0.16268380777516908,,0.0,0.0,0.0,0.0,0.0,0.0,0.0,0.0,0.0,0.0,,1600.0,capacity_C7_C8_C9
DeepSeek-V4.1-Flash,NVIDIA-A100-SXM-80GB-BF16-resident-x8,gpu,a100_bf16_expanded,32768,64,False,1,64,0,191900735211.60742,705716494767.4633,62914560.0,44160.0,36688961536.0,0.08188560271111453,,0.0,0.0,0.0,0.0,0.0,0.0,0.0,0.0,0.0,0.0,,3200.0,capacity_C7_C8_C9
DeepSeek-V4.1-Flash,NVIDIA-A100-SXM-80GB-BF16-resident-x16,gpu,a100_bf16_expanded,32768,64,False,1,64,0,191900735211.60742,705716494767.4633,62914560.0,44160.0,36688961536.0,0.04235688715018501,,0.0,0.0,0.0,0.0,0.0,0.0,0.0,0.0,0.0,0.0,,6400.0,capacity_C7_C8_C9
DeepSeek-V4.1-Flash,NVIDIA-A100-SXM-80GB-BF16-resident-x32,gpu,a100_bf16_expanded,32768,64,True,1,64,7061,191900735211.60742,705716494767.4633,62914560.0,44160.0,36688961536.0,0.023653123610465284,0.023653123610465288,2705.77370896093,42.27771420251453,29836080273779.156,170232562358.84497,119486966.98771466,30006432323104.99,0.0,0.0,0.0,99272027533187.62,2.128542648374288,12800.0,gpu_weight_memory_C3
DeepSeek-V4.1-Flash,NVIDIA-A100-SXM-80GB-BF16-resident-x64,gpu,a100_bf16_expanded,32768,64,True,1,64,27988,191900735211.60742,705716494767.4633,62914560.0,44160.0,36688961536.0,0.0140504049179409,0.0140504049179409,4555.0288674085605,71.17232605325876,50227484466752.77,286577636980.3079,201150074.78476202,50514263253807.87,0.0,0.0,0.0,167119278911722.3,2.5287895660032644,25600.0,gpu_weight_memory_C3
DeepSeek-V4.1-Flash,ROM-wafer-N7-HBM2e-conservative,rom,official_packed,32768,64,True,9,576,2132,191900735211.60742,191900735211.60742,18333696.0,22010.0,36688961536.0,0.001443628851782003,0.012996298066038027,44332.7243848022,76.94498809728007,132929412552767.16,812782691722.7505,975763263.7094964,813758454986.46,132929412552767.16,0.0,0.0,1626521619740097.0,0.3330987306604244,135000.0,compute_C5
DeepSeek-V4.1-Flash,ROM-wafer-N7-HBM2e-central,rom,official_packed,32768,64,True,3,192,8358,191900735211.60742,191900735211.60742,18333696.0,22010.0,36688961536.0,0.0007525082401664023,0.002258434320499207,85048.90256862524,442.7846277942494,255014795810305.5,1559260724826.7944,1871926345.5354416,1561132651172.3298,255014795810305.5,0.0,0.0,3120355915019303.0,0.06674830028685912,45000.0,compute_C5
DeepSeek-V4.1-Flash,ROM-wafer-N7-HBM2e-aggressive,rom,official_packed,32768,64,True,2,128,18334,191900735211.60742,191900735211.60742,18333696.0,22010.0,36688961536.0,0.0003532986243318927,0.0007070520486637855,181149.87037107078,1414.3230358922501,543168645432747.9,3321146653822.6187,3987108646.8672676,3325133762469.486,543168645432747.9,0.0,0.0,6646200626295602.0,0.022974451618046073,30000.0,compute_C5
DeepSeek-V4.1-Flash,N7-SRAM-rich-Graphcore-style-derived-control,sram,official_packed,32768,64,True,15,960,76,191900735211.60742,191900735211.60742,18333696.0,22010.0,36688961536.0,0.0002807425948826003,0.004217506123239005,227966.83213234256,237.10694680201422,683546917032150.4,4179474598397.4004,5017549975.23286,0.0,0.0,683546917032150.4,4184492148372.6333,8363866335587285.0,0.09968889384641272,225000.0,compute_C5
DeepSeek-V4.1-Flash,NVIDIA-A100-SXM-80GB-packed-HBM-BF16-execute-x1,gpu,a100_packed_hbm_bf16_execute,200000,1,False,1,1,0,13035075008.0,13035075008.0,46763136.0,22010.0,40113872896.0,0.010042248539544054,,0.0,0.0,0.0,0.0,0.0,0.0,0.0,0.0,0.0,0.0,,400.0,capacity_C7_C8_C9
DeepSeek-V4.1-Flash,NVIDIA-A100-SXM-80GB-packed-HBM-BF16-execute-x2,gpu,a100_packed_hbm_bf16_execute,200000,1,False,1,1,0,13035075008.0,13035075008.0,46763136.0,22010.0,40113872896.0,0.0052518634471618855,,0.0,0.0,0.0,0.0,0.0,0.0,0.0,0.0,0.0,0.0,,800.0,capacity_C7_C8_C9
DeepSeek-V4.1-Flash,NVIDIA-A100-SXM-80GB-packed-HBM-BF16-execute-x4,gpu,a100_packed_hbm_bf16_execute,200000,1,False,1,1,0,13035075008.0,13035075008.0,46763136.0,22010.0,40113872896.0,0.0030267059204144857,,0.0,0.0,0.0,0.0,0.0,0.0,0.0,0.0,0.0,0.0,,1600.0,capacity_C7_C8_C9
DeepSeek-V4.1-Flash,NVIDIA-A100-SXM-80GB-packed-HBM-BF16-execute-x8,gpu,a100_packed_hbm_bf16_execute,200000,1,True,1,1,363,13035075008.0,13035075008.0,46763136.0,22010.0,40113872896.0,0.0020628586077804448,0.0020628586077804448,484.7641986844464,484.7641986844464,6318937691044.773,22669094151.011787,10669660.013044665,6341617454855.798,0.0,0.0,0.0,19445769450559.17,2.970183623297141,3200.0,gpu_weight_memory_C3
DeepSeek-V4.1-Flash,NVIDIA-A100-SXM-80GB-packed-HBM-BF16-execute-x16,gpu,a100_packed_hbm_bf16_execute,200000,1,True,1,1,3551,13035075008.0,13035075008.0,46763136.0,22010.0,40113872896.0,0.0017954314217138254,0.0017954314217138252,556.9691985480861,556.9691985480861,7260135280219.946,26045626379.515152,12258892.060043374,7286193165491.521,0.0,0.0,0.0,22342191637544.914,5.170263231240409,6400.0,gpu_weight_memory_C3
DeepSeek-V4.1-Flash,NVIDIA-A100-SXM-80GB-packed-HBM-BF16-execute-x32,gpu,a100_packed_hbm_bf16_execute,200000,1,True,1,1,9926,13035075008.0,13035075008.0,46763136.0,22010.0,40113872896.0,0.001771477598721169,0.001771477598721169,564.5005055225653,564.5005055225653,7358306431540.557,26397813911.820473,12424656.126551662,7384716670108.504,0.0,0.0,0.0,22644301528259.93,10.202567898573818,12800.0,gpu_weight_memory_C3
DeepSeek-V4.1-Flash,NVIDIA-A100-SXM-80GB-packed-HBM-BF16-execute-x64,gpu,a100_packed_hbm_bf16_execute,200000,1,True,1,1,22676,13035075008.0,13035075008.0,46763136.0,22010.0,40113872896.0,0.0019508115490759416,0.0019508115490759416,512.6071764715966,512.6071764715966,6681872994946.3545,23971119107.917274,11282483.954139842,6705855396538.226,0.0,0.0,0.0,20562659122559.07,22.470831469884192,25600.0,collective_floor_C6
DeepSeek-V4.1-Flash,NVIDIA-A100-SXM-80GB-BF16-resident-x1,gpu,a100_bf16_expanded,200000,1,False,1,1,0,13035075008.0,32339891648.0,169943040.0,44160.0,40113872896.0,0.02628349376000079,,0.0,0.0,0.0,0.0,0.0,0.0,0.0,0.0,0.0,0.0,,400.0,capacity_C7_C8_C9
DeepSeek-V4.1-Flash,NVIDIA-A100-SXM-80GB-BF16-resident-x2,gpu,a100_bf16_expanded,200000,1,False,1,1,0,13035075008.0,32339891648.0,169943040.0,44160.0,40113872896.0,0.013463351533980207,,0.0,0.0,0.0,0.0,0.0,0.0,0.0,0.0,0.0,0.0,,800.0,capacity_C7_C8_C9
DeepSeek-V4.1-Flash,NVIDIA-A100-SXM-80GB-BF16-resident-x4,gpu,a100_bf16_expanded,200000,1,False,1,1,0,13035075008.0,32339891648.0,169943040.0,44160.0,40113872896.0,0.007706734888633339,,0.0,0.0,0.0,0.0,0.0,0.0,0.0,0.0,0.0,0.0,,1600.0,capacity_C7_C8_C9
DeepSeek-V4.1-Flash,NVIDIA-A100-SXM-80GB-BF16-resident-x8,gpu,a100_bf16_expanded,200000,1,False,1,1,0,13035075008.0,32339891648.0,169943040.0,44160.0,40113872896.0,0.005258252927222011,,0.0,0.0,0.0,0.0,0.0,0.0,0.0,0.0,0.0,0.0,,3200.0,capacity_C7_C8_C9
DeepSeek-V4.1-Flash,NVIDIA-A100-SXM-80GB-BF16-resident-x16,gpu,a100_bf16_expanded,200000,1,False,1,1,0,13035075008.0,32339891648.0,169943040.0,44160.0,40113872896.0,0.0043236628795005555,,0.0,0.0,0.0,0.0,0.0,0.0,0.0,0.0,0.0,0.0,,6400.0,capacity_C7_C8_C9
DeepSeek-V4.1-Flash,NVIDIA-A100-SXM-80GB-BF16-resident-x32,gpu,a100_bf16_expanded,200000,1,True,1,1,1204,13035075008.0,32339891648.0,169943040.0,44160.0,40113872896.0,0.003984003252886302,0.003984003252886302,251.00381112277637,251.00381112277637,8117436054945.645,42656350713.79043,11084328.299181804,8160103489987.734,0.0,0.0,0.0,10068734975790.643,22.945288004237028,12800.0,gpu_weight_memory_C3
DeepSeek-V4.1-Flash,NVIDIA-A100-SXM-80GB-BF16-resident-x64,gpu,a100_bf16_expanded,200000,1,True,1,1,4775,13035075008.0,32339891648.0,169943040.0,44160.0,40113872896.0,0.004009771978312732,0.004009771978312732,249.39073977488093,249.39073977488093,8065269502334.214,42382220465.19218,11013095.068458742,8107662735894.475,0.0,0.0,0.0,10004028436768.984,46.187398470144075,25600.0,gpu_weight_memory_C3
DeepSeek-V4.1-Flash,ROM-wafer-N7-HBM2e-conservative,rom,official_packed,200000,1,True,9,9,357,13035075008.0,13035075008.0,46763136.0,22010.0,40113872896.0,9.214005399125843e-05,0.0008328988859213257,10853.043347411895,1200.625930594003,141470234098589.44,507522342068.91766,238875484.0765358,507761217552.9942,141470234098589.44,0.0,0.0,435357601372859.1,1.3606482298642577,135000.0,collective_floor_C6
DeepSeek-V4.1-Flash,ROM-wafer-N7-HBM2e-central,rom,official_packed,200000,1,True,3,3,1426,13035075008.0,13035075008.0,46763136.0,22010.0,40113872896.0,3.531223418189296e-05,0.00010684630254567887,28318.797243159694,9359.238234495579,369137646200930.25,1324275766838.3018,623296727.3219448,1324899063565.6238,369137646200930.25,0.0,0.0,1135976633179703.2,0.2004629518328025,45000.0,collective_floor_C6
DeepSeek-V4.1-Flash,ROM-wafer-N7-HBM2e-aggressive,rom,official_packed,200000,1,True,2,2,3195,13035075008.0,13035075008.0,46763136.0,22010.0,40113872896.0,1.313458037271244e-05,2.672396074542488e-05,76134.90280036168,37419.60293708331,992424168729503.9,3560306814000.094,1675729210.6359606,3561982543210.73,992424168729503.9,0.0,0.0,3054065813883023.0,0.05466374526501283,30000.0,collective_floor_C6
DeepSeek-V4.1-Flash,N7-SRAM-rich-Graphcore-style-derived-control,sram,official_packed,200000,1,True,15,15,12,13035075008.0,13035075008.0,46763136.0,22010.0,40113872896.0,9.433951529889113e-06,0.0001478764729483367,106000.12061030316,6762.4009422335075,1381719523012348.5,4956898056116.01,2333062654.6327724,0.0,0.0,1381719523012348.5,4959231118770.643,4252075365122371.0,0.21439373085708688,225000.0,collective_floor_C6
DeepSeek-V4.1-Flash,NVIDIA-A100-SXM-80GB-packed-HBM-BF16-execute-x1,gpu,a100_packed_hbm_bf16_execute,200000,8,False,1,8,0,42706582676.79819,42706582676.79819,46763136.0,22010.0,40113872896.0,0.03751557056362827,,0.0,0.0,0.0,0.0,0.0,0.0,0.0,0.0,0.0,0.0,,400.0,capacity_C7_C8_C9
DeepSeek-V4.1-Flash,NVIDIA-A100-SXM-80GB-packed-HBM-BF16-execute-x2,gpu,a100_packed_hbm_bf16_execute,200000,8,False,1,8,0,42706582676.79819,42706582676.79819,46763136.0,22010.0,40113872896.0,0.0190231217524027,,0.0,0.0,0.0,0.0,0.0,0.0,0.0,0.0,0.0,0.0,,800.0,capacity_C7_C8_C9
DeepSeek-V4.1-Flash,NVIDIA-A100-SXM-80GB-packed-HBM-BF16-execute-x4,gpu,a100_packed_hbm_bf16_execute,200000,8,False,1,8,0,42706582676.79819,42706582676.79819,46763136.0,22010.0,40113872896.0,0.009738363177670186,,0.0,0.0,0.0,0.0,0.0,0.0,0.0,0.0,0.0,0.0,,1600.0,capacity_C7_C8_C9
DeepSeek-V4.1-Flash,NVIDIA-A100-SXM-80GB-packed-HBM-BF16-execute-x8,gpu,a100_packed_hbm_bf16_execute,200000,8,True,1,8,363,42706582676.79819,42706582676.79819,46763136.0,22010.0,40113872896.0,0.005152105082688492,0.005152105082688492,1552.7633601419884,194.09542001774855,8289152102175.849,72612084186.13678,34176321.55672517,8361798362683.542,0.0,0.0,0.0,62287352066301.59,0.927275025321078,3200.0,gpu_weight_memory_C3
DeepSeek-V4.1-Flash,NVIDIA-A100-SXM-80GB-packed-HBM-BF16-execute-x16,gpu,a100_packed_hbm_bf16_execute,200000,8,True,1,8,3551,42706582676.79819,42706582676.79819,46763136.0,22010.0,40113872896.0,0.0032187476503236856,0.0032187476503236856,2485.4387075655027,310.67983844568784,13268074206595.072,116226908301.54984,54704505.953516714,13384355819402.576,0.0,0.0,0.0,99700572406081.1,1.1586193453176175,6400.0,gpu_weight_memory_C3
DeepSeek-V4.1-Flash,NVIDIA-A100-SXM-80GB-packed-HBM-BF16-execute-x32,gpu,a100_packed_hbm_bf16_execute,200000,8,True,1,8,9926,42706582676.79819,42706582676.79819,46763136.0,22010.0,40113872896.0,0.0026031952693407034,0.0026031952693407034,3073.1463345145503,384.1432918143188,16405447251605.617,143709959988.80542,67639950.82266526,16549224851545.246,0.0,0.0,0.0,123275801453524.97,1.8740906255227165,12800.0,gpu_weight_memory_C3
DeepSeek-V4.1-Flash,NVIDIA-A100-SXM-80GB-packed-HBM-BF16-execute-x64,gpu,a100_packed_hbm_bf16_execute,200000,8,True,1,8,22676,42706582676.79819,42706582676.79819,46763136.0,22010.0,40113872896.0,0.002482540192790869,0.002482540192790869,3222.505731521071,402.8132164401339,17202775931207.582,150694473783.89932,70927351.15077877,17353541332342.633,0.0,0.0,0.0,129267185320867.75,3.5744574043967434,25600.0,collective_floor_C6
DeepSeek-V4.1-Flash,NVIDIA-A100-SXM-80GB-BF16-resident-x1,gpu,a100_bf16_expanded,200000,8,False,1,8,0,42706582676.79819,144044391107.00494,169943040.0,44160.0,40113872896.0,0.12968074670443114,,0.0,0.0,0.0,0.0,0.0,0.0,0.0,0.0,0.0,0.0,,400.0,capacity_C7_C8_C9
DeepSeek-V4.1-Flash,NVIDIA-A100-SXM-80GB-BF16-resident-x2,gpu,a100_bf16_expanded,200000,8,False,1,8,0,42706582676.79819,144044391107.00494,169943040.0,44160.0,40113872896.0,0.06510570982280504,,0.0,0.0,0.0,0.0,0.0,0.0,0.0,0.0,0.0,0.0,,800.0,capacity_C7_C8_C9
DeepSeek-V4.1-Flash,NVIDIA-A100-SXM-80GB-BF16-resident-x4,gpu,a100_bf16_expanded,200000,8,False,1,8,0,42706582676.79819,144044391107.00494,169943040.0,44160.0,40113872896.0,0.03277970260689766,,0.0,0.0,0.0,0.0,0.0,0.0,0.0,0.0,0.0,0.0,,1600.0,capacity_C7_C8_C9
DeepSeek-V4.1-Flash,NVIDIA-A100-SXM-80GB-BF16-resident-x8,gpu,a100_bf16_expanded,200000,8,False,1,8,0,42706582676.79819,144044391107.00494,169943040.0,44160.0,40113872896.0,0.016697874975810413,,0.0,0.0,0.0,0.0,0.0,0.0,0.0,0.0,0.0,0.0,,3200.0,capacity_C7_C8_C9
DeepSeek-V4.1-Flash,NVIDIA-A100-SXM-80GB-BF16-resident-x16,gpu,a100_bf16_expanded,200000,8,False,1,8,0,42706582676.79819,144044391107.00494,169943040.0,44160.0,40113872896.0,0.009283698867038876,,0.0,0.0,0.0,0.0,0.0,0.0,0.0,0.0,0.0,0.0,,6400.0,capacity_C7_C8_C9
DeepSeek-V4.1-Flash,NVIDIA-A100-SXM-80GB-BF16-resident-x32,gpu,a100_bf16_expanded,200000,8,True,1,8,1204,42706582676.79819,144044391107.00494,169943040.0,44160.0,40113872896.0,0.00632148781160456,0.00632148781160456,1265.524863516171,158.19060793952139,22786469799495.3,215067142501.5232,55885577.97287411,23001592827574.797,0.0,0.0,0.0,50765103521815.44,4.550961346086286,12800.0,gpu_weight_memory_C3
DeepSeek-V4.1-Flash,NVIDIA-A100-SXM-80GB-BF16-resident-x64,gpu,a100_bf16_expanded,200000,8,True,1,8,4775,42706582676.79819,144044391107.00494,169943040.0,44160.0,40113872896.0,0.005218381771667756,0.005218381771667756,1533.0423012426052,191.63028765532565,27603268102971.59,260529869121.7641,67699148.02287345,27863865671241.375,0.0,0.0,0.0,61496264016237.2,7.513627943214589,25600.0,gpu_weight_memory_C3
DeepSeek-V4.1-Flash,ROM-wafer-N7-HBM2e-conservative,rom,official_packed,200000,8,True,9,72,357,42706582676.79819,42706582676.79819,46763136.0,22010.0,40113872896.0,0.00024228430388128694,0.0021841971349315825,33019.060136556735,457.83413228006265,176266402704003.94,1544074799757.9812,726749513.6056137,1544801549271.587,176266402704003.94,0.0,0.0,1324522381463217.2,0.4472318157519789,135000.0,compute_C5
DeepSeek-V4.1-Flash,ROM-wafer-N7-HBM2e-central,rom,official_packed,200000,8,True,3,24,1426,42706582676.79819,42706582676.79819,46763136.0,22010.0,40113872896.0,0.0001150006792912829,0.00034591163787384865,69564.8064802901,2890.9116968325084,371359394918246.94,3253068506251.488,1531121390.6311853,3254599627642.119,371359394918246.94,0.0,0.0,2790513805185194.5,0.08160548379196392,45000.0,compute_C5
DeepSeek-V4.1-Flash,ROM-wafer-N7-HBM2e-aggressive,rom,official_packed,200000,8,True,2,16,3195,42706582676.79819,42706582676.79819,46763136.0,22010.0,40113872896.0,5.208672136915752e-05,0.00010462824273831505,153590.00892571243,9557.648812864925,819913051814513.8,7182350475634.305,3380516096.454931,7185730991730.76,819913051814513.8,0.0,0.0,6161090096141534.0,0.027096937890461664,30000.0,compute_C5
DeepSeek-V4.1-Flash,N7-SRAM-rich-Graphcore-style-derived-control,sram,official_packed,200000,8,True,15,120,12,42706582676.79819,42706582676.79819,46763136.0,22010.0,40113872896.0,3.9579356346857026e-05,0.0006000575452028554,202125.5709640987,1666.5068342102759,1079011550934165.0,9452025564071.799,4448783816.919812,0.0,0.0,1079011550934165.0,9456474347888.719,8108039462685284.0,0.11243387573648762,225000.0,compute_C5
DeepSeek-V4.1-Flash,NVIDIA-A100-SXM-80GB-packed-HBM-BF16-execute-x1,gpu,a100_packed_hbm_bf16_execute,200000,32,False,1,32,0,122838182421.81262,122838182421.81262,46763136.0,22010.0,40113872896.0,0.1118865158015114,,0.0,0.0,0.0,0.0,0.0,0.0,0.0,0.0,0.0,0.0,,400.0,capacity_C7_C8_C9
DeepSeek-V4.1-Flash,NVIDIA-A100-SXM-80GB-packed-HBM-BF16-execute-x2,gpu,a100_packed_hbm_bf16_execute,200000,32,False,1,32,0,122838182421.81262,122838182421.81262,46763136.0,22010.0,40113872896.0,0.0564398979007557,,0.0,0.0,0.0,0.0,0.0,0.0,0.0,0.0,0.0,0.0,,800.0,capacity_C7_C8_C9
DeepSeek-V4.1-Flash,NVIDIA-A100-SXM-80GB-packed-HBM-BF16-execute-x4,gpu,a100_packed_hbm_bf16_execute,200000,32,False,1,32,0,122838182421.81262,122838182421.81262,46763136.0,22010.0,40113872896.0,0.028562386597436675,,0.0,0.0,0.0,0.0,0.0,0.0,0.0,0.0,0.0,0.0,,1600.0,capacity_C7_C8_C9
DeepSeek-V4.1-Flash,NVIDIA-A100-SXM-80GB-packed-HBM-BF16-execute-x8,gpu,a100_packed_hbm_bf16_execute,200000,32,True,1,32,363,122838182421.81262,122838182421.81262,46763136.0,22010.0,40113872896.0,0.014670689789370066,0.014670689789370068,2181.2198648754893,68.16312077735904,8373033864489.276,102000681187.07413,48008649.225909516,8475082554325.576,0.0,0.0,0.0,87497176417845.67,0.6601070837833648,3200.0,gpu_weight_memory_C3
DeepSeek-V4.1-Flash,NVIDIA-A100-SXM-80GB-packed-HBM-BF16-execute-x16,gpu,a100_packed_hbm_bf16_execute,200000,32,True,1,32,3551,122838182421.81262,122838182421.81262,46763136.0,22010.0,40113872896.0,0.008248627073118667,0.008248627073118667,3879.433476182278,121.23229613069618,14891954907517.666,181414475249.6646,85386330.81077194,15073454769098.14,0.0,0.0,0.0,155619101372063.34,0.7422932719084742,6400.0,gpu_weight_memory_C3
DeepSeek-V4.1-Flash,NVIDIA-A100-SXM-80GB-packed-HBM-BF16-execute-x32,gpu,a100_packed_hbm_bf16_execute,200000,32,True,1,32,9926,122838182421.81262,122838182421.81262,46763136.0,22010.0,40113872896.0,0.005633672805988042,0.005633672805988042,5680.1310800277815,177.50409625086817,21804280555883.13,265620742193.16605,125019685.07141148,22070026317761.367,0.0,0.0,0.0,227852056176853.62,1.0139475049482571,12800.0,gpu_weight_memory_C3
DeepSeek-V4.1-Flash,NVIDIA-A100-SXM-80GB-packed-HBM-BF16-execute-x64,gpu,a100_packed_hbm_bf16_execute,200000,32,True,1,32,22676,122838182421.81262,122838182421.81262,46763136.0,22010.0,40113872896.0,0.004323599072767098,0.004323599072767098,7401.241294910363,231.28879046594884,28411094635376.62,346105253242.7094,162901320.90097708,28757362789940.23,0.0,0.0,0.0,296892452576660.75,1.5563212998700022,25600.0,collective_floor_C6
DeepSeek-V4.1-Flash,NVIDIA-A100-SXM-80GB-BF16-resident-x1,gpu,a100_bf16_expanded,200000,32,False,1,32,0,122838182421.81262,445716296029.41223,169943040.0,44160.0,40113872896.0,0.4095567134179258,,0.0,0.0,0.0,0.0,0.0,0.0,0.0,0.0,0.0,0.0,,400.0,capacity_C7_C8_C9
DeepSeek-V4.1-Flash,NVIDIA-A100-SXM-80GB-BF16-resident-x2,gpu,a100_bf16_expanded,200000,32,False,1,32,0,122838182421.81262,445716296029.41223,169943040.0,44160.0,40113872896.0,0.2052749967089629,,0.0,0.0,0.0,0.0,0.0,0.0,0.0,0.0,0.0,0.0,,800.0,capacity_C7_C8_C9
DeepSeek-V4.1-Flash,NVIDIA-A100-SXM-80GB-BF16-resident-x4,gpu,a100_bf16_expanded,200000,32,False,1,32,0,122838182421.81262,445716296029.41223,169943040.0,44160.0,40113872896.0,0.10297993600154028,,0.0,0.0,0.0,0.0,0.0,0.0,0.0,0.0,0.0,0.0,,1600.0,capacity_C7_C8_C9
DeepSeek-V4.1-Flash,NVIDIA-A100-SXM-80GB-BF16-resident-x8,gpu,a100_bf16_expanded,200000,32,False,1,32,0,122838182421.81262,445716296029.41223,169943040.0,44160.0,40113872896.0,0.05187946454689153,,0.0,0.0,0.0,0.0,0.0,0.0,0.0,0.0,0.0,0.0,,3200.0,capacity_C7_C8_C9
DeepSeek-V4.1-Flash,NVIDIA-A100-SXM-80GB-BF16-resident-x16,gpu,a100_bf16_expanded,200000,32,False,1,32,0,122838182421.81262,445716296029.41223,169943040.0,44160.0,40113872896.0,0.02685400926353502,,0.0,0.0,0.0,0.0,0.0,0.0,0.0,0.0,0.0,0.0,,6400.0,capacity_C7_C8_C9
DeepSeek-V4.1-Flash,NVIDIA-A100-SXM-80GB-BF16-resident-x32,gpu,a100_bf16_expanded,200000,32,True,1,32,1204,122838182421.81262,445716296029.41223,169943040.0,44160.0,40113872896.0,0.015009128940204999,0.015009128940204999,2132.035784853677,66.6261182766774,29696346657098.176,362324642666.8198,94150700.25913838,30058765450465.254,0.0,0.0,0.0,85524212483344.0,2.7013405578314367,12800.0,gpu_weight_memory_C3
DeepSeek-V4.1-Flash,NVIDIA-A100-SXM-80GB-BF16-resident-x64,gpu,a100_bf16_expanded,200000,32,True,1,32,4775,122838182421.81262,445716296029.41223,169943040.0,44160.0,40113872896.0,0.009429910991601143,0.009429910991601143,3393.4572689499573,106.04553965468617,47266225145326.875,576694444395.4534,149855072.9968301,47843069444795.33,0.0,0.0,0.0,136124713564665.88,3.3943876583159938,25600.0,gpu_weight_memory_C3
DeepSeek-V4.1-Flash,ROM-wafer-N7-HBM2e-conservative,rom,official_packed,200000,32,True,9,288,357,122838182421.81262,122838182421.81262,46763136.0,22010.0,40113872896.0,0.0007571516972324649,0.006818003675092185,42263.65749025744,146.6704988225867,162237214643789.1,1976381163074.3274,930223101.3605664,1977311386175.688,162237214643789.1,0.0,0.0,1695358984684265.5,0.34940596948335956,135000.0,compute_C5
DeepSeek-V4.1-Flash,ROM-wafer-N7-HBM2e-central,rom,official_packed,200000,32,True,3,96,1426,122838182421.81262,122838182421.81262,46763136.0,22010.0,40113872896.0,0.0003882350403974548,0.0011656147211923647,82424.29629030926,857.9164125321365,316401585740579.44,3854418577128.0273,1814158761.3497066,3856232735889.377,316401585740579.44,0.0,0.0,3306357744931710.0,0.06887374164195151,45000.0,compute_C5
DeepSeek-V4.1-Flash,ROM-wafer-N7-HBM2e-aggressive,rom,official_packed,200000,32,True,2,64,3195,122838182421.81262,122838182421.81262,46763136.0,22010.0,40113872896.0,0.00018563691907125493,0.00037172863814250985,172379.50381904966,2690.1344082524774,661712029247061.5,8061006180702.738,3794072879.057283,8064800253581.796,661712029247061.5,0.0,0.0,6914809506072904.0,0.024143351386045477,30000.0,compute_C5
DeepSeek-V4.1-Flash,N7-SRAM-rich-Graphcore-style-derived-control,sram,official_packed,200000,32,False,15,480,12,122838182421.81262,122838182421.81262,46763136.0,22010.0,40113872896.0,0.0001429386375086402,,0.0,0.0,0.0,0.0,0.0,0.0,0.0,0.0,0.0,0.0,,225000.0,capacity_C7_C8_C9
DeepSeek-V4.1-Flash,NVIDIA-A100-SXM-80GB-packed-HBM-BF16-execute-x1,gpu,a100_packed_hbm_bf16_execute,200000,64,False,1,64,0,191900735211.60742,191900735211.60742,46763136.0,22010.0,40113872896.0,0.1763745884675399,,0.0,0.0,0.0,0.0,0.0,0.0,0.0,0.0,0.0,0.0,,400.0,capacity_C7_C8_C9
DeepSeek-V4.1-Flash,NVIDIA-A100-SXM-80GB-packed-HBM-BF16-execute-x2,gpu,a100_packed_hbm_bf16_execute,200000,64,False,1,64,0,191900735211.60742,191900735211.60742,46763136.0,22010.0,40113872896.0,0.0889923389396523,,0.0,0.0,0.0,0.0,0.0,0.0,0.0,0.0,0.0,0.0,,800.0,capacity_C7_C8_C9
DeepSeek-V4.1-Flash,NVIDIA-A100-SXM-80GB-packed-HBM-BF16-execute-x4,gpu,a100_packed_hbm_bf16_execute,200000,64,False,1,64,0,191900735211.60742,191900735211.60742,46763136.0,22010.0,40113872896.0,0.04499280946982615,,0.0,0.0,0.0,0.0,0.0,0.0,0.0,0.0,0.0,0.0,,1600.0,capacity_C7_C8_C9
DeepSeek-V4.1-Flash,NVIDIA-A100-SXM-80GB-packed-HBM-BF16-execute-x8,gpu,a100_packed_hbm_bf16_execute,200000,64,True,1,64,363,191900735211.60742,191900735211.60742,46763136.0,22010.0,40113872896.0,0.02304010355844264,0.02304010355844264,2777.765292489249,43.40258269514452,8328987529280.821,129897016148.75453,61138614.08768837,8458945684043.663,0.0,0.0,0.0,111426923877834.0,0.5183442560775235,3200.0,gpu_weight_memory_C3
DeepSeek-V4.1-Flash,NVIDIA-A100-SXM-80GB-packed-HBM-BF16-execute-x16,gpu,a100_packed_hbm_bf16_execute,200000,64,True,1,64,3551,191900735211.60742,191900735211.60742,46763136.0,22010.0,40113872896.0,0.012934133318419316,0.012934133318419316,4948.147542971318,77.31480535892685,14836767991120.387,231390896500.0336,108908727.42079872,15068267796347.842,0.0,0.0,0.0,198489361609406.16,0.5819707967837572,6400.0,gpu_weight_memory_C3
DeepSeek-V4.1-Flash,NVIDIA-A100-SXM-80GB-packed-HBM-BF16-execute-x32,gpu,a100_packed_hbm_bf16_execute,200000,64,True,1,64,9926,191900735211.60742,191900735211.60742,46763136.0,22010.0,40113872896.0,0.008935431043605552,0.008935431043605552,7162.497218956238,111.91401904619121,21476382535449.93,334940831549.6723,157646563.7892268,21811481013563.39,0.0,0.0,0.0,287315503059164.0,0.8040987047269673,12800.0,gpu_weight_memory_C3
DeepSeek-V4.1-Flash,NVIDIA-A100-SXM-80GB-packed-HBM-BF16-execute-x64,gpu,a100_packed_hbm_bf16_execute,200000,64,True,1,64,22676,191900735211.60742,191900735211.60742,46763136.0,22010.0,40113872896.0,0.006535046348615906,0.006535046348615905,9793.350587873783,153.02110293552786,29364862156218.85,457967785436.4217,215551646.43910196,29823045493301.71,0.0,0.0,0.0,392849220707935.8,1.1761765668849848,25600.0,collective_floor_C6
DeepSeek-V4.1-Flash,NVIDIA-A100-SXM-80GB-BF16-resident-x1,gpu,a100_bf16_expanded,200000,64,False,1,64,0,191900735211.60742,705716494767.4633,169943040.0,44160.0,40113872896.0,0.6521903155257105,,0.0,0.0,0.0,0.0,0.0,0.0,0.0,0.0,0.0,0.0,,400.0,capacity_C7_C8_C9
DeepSeek-V4.1-Flash,NVIDIA-A100-SXM-80GB-BF16-resident-x2,gpu,a100_bf16_expanded,200000,64,False,1,64,0,191900735211.60742,705716494767.4633,169943040.0,44160.0,40113872896.0,0.3269002024687376,,0.0,0.0,0.0,0.0,0.0,0.0,0.0,0.0,0.0,0.0,,800.0,capacity_C7_C8_C9
DeepSeek-V4.1-Flash,NVIDIA-A100-SXM-80GB-BF16-resident-x4,gpu,a100_bf16_expanded,200000,64,False,1,64,0,191900735211.60742,705716494767.4633,169943040.0,44160.0,40113872896.0,0.1639467412343688,,0.0,0.0,0.0,0.0,0.0,0.0,0.0,0.0,0.0,0.0,,1600.0,capacity_C7_C8_C9
DeepSeek-V4.1-Flash,NVIDIA-A100-SXM-80GB-BF16-resident-x8,gpu,a100_bf16_expanded,200000,64,False,1,64,0,191900735211.60742,705716494767.4633,169943040.0,44160.0,40113872896.0,0.0825170694407144,,0.0,0.0,0.0,0.0,0.0,0.0,0.0,0.0,0.0,0.0,,3200.0,capacity_C7_C8_C9
DeepSeek-V4.1-Flash,NVIDIA-A100-SXM-80GB-BF16-resident-x16,gpu,a100_bf16_expanded,200000,64,False,1,64,0,191900735211.60742,705716494767.4633,169943040.0,44160.0,40113872896.0,0.042672620514984945,,0.0,0.0,0.0,0.0,0.0,0.0,0.0,0.0,0.0,0.0,,6400.0,capacity_C7_C8_C9
DeepSeek-V4.1-Flash,NVIDIA-A100-SXM-80GB-BF16-resident-x32,gpu,a100_bf16_expanded,200000,64,True,1,64,1204,191900735211.60742,705716494767.4633,169943040.0,44160.0,40113872896.0,0.02381099029286525,0.02381099029286525,2687.8344500932844,41.99741328270757,29638267291172.887,456778757465.58105,118694769.31611945,30095164743407.785,0.0,0.0,0.0,107819449496532.06,2.1427490581398456,12800.0,gpu_weight_memory_C3
DeepSeek-V4.1-Flash,NVIDIA-A100-SXM-80GB-BF16-resident-x64,gpu,a100_bf16_expanded,200000,64,True,1,64,4775,191900735211.60742,705716494767.4633,169943040.0,44160.0,40113872896.0,0.01412933825914088,0.014129338259140882,4529.5822653687,70.77472289638594,49946889360576.016,769770980106.8436,200026352.8386818,50716860367035.695,0.0,0.0,0.0,181699087264975.78,2.542995975768823,25600.0,gpu_weight_memory_C3
DeepSeek-V4.1-Flash,ROM-wafer-N7-HBM2e-conservative,rom,official_packed,200000,64,True,9,576,357,191900735211.60742,191900735211.60742,46763136.0,22010.0,40113872896.0,0.001443628851782003,0.012996298066038027,44332.7243848022,76.94498809728007,132929412552767.16,2073137219657.0215,975763263.7094964,2074112982920.731,132929412552767.16,0.0,0.0,1778357271105355.2,0.3330987306604244,135000.0,compute_C5
DeepSeek-V4.1-Flash,ROM-wafer-N7-HBM2e-central,rom,official_packed,200000,64,True,3,192,1426,191900735211.60742,191900735211.60742,46763136.0,22010.0,40113872896.0,0.0007525082401664023,0.002258434320499207,85048.90256862524,442.7846277942494,255014795810305.5,3977153397467.3716,1871926345.5354416,3979025323812.907,255014795810305.5,0.0,0.0,3411640867582121.0,0.06674830028685912,45000.0,compute_C5
DeepSeek-V4.1-Flash,ROM-wafer-N7-HBM2e-aggressive,rom,official_packed,200000,64,True,2,128,3195,191900735211.60742,191900735211.60742,46763136.0,22010.0,40113872896.0,0.0003637038493407182,0.0007278624986814364,175967.3429797679,1373.8858669206834,527629101422664.9,8228784791321.532,3873041218.9846916,8232657832540.517,527629101422664.9,0.0,0.0,7058731630137248.0,0.023651086968642775,30000.0,compute_C5
DeepSeek-V4.1-Flash,N7-SRAM-rich-Graphcore-style-derived-control,sram,official_packed,200000,64,False,15,960,12,191900735211.60742,191900735211.60742,46763136.0,22010.0,40113872896.0,0.0002807425948826003,,0.0,0.0,0.0,0.0,0.0,0.0,0.0,0.0,0.0,0.0,,225000.0,capacity_C7_C8_C9
DeepSeek-V4.1-Flash,NVIDIA-A100-SXM-80GB-packed-HBM-BF16-execute-x1,gpu,a100_packed_hbm_bf16_execute,1000000,1,False,1,1,0,13035075008.0,13035075008.0,182763136.0,22010.0,56497872896.0,0.01014254833267573,,0.0,0.0,0.0,0.0,0.0,0.0,0.0,0.0,0.0,0.0,,400.0,capacity_C7_C8_C9
DeepSeek-V4.1-Flash,NVIDIA-A100-SXM-80GB-packed-HBM-BF16-execute-x2,gpu,a100_packed_hbm_bf16_execute,1000000,1,False,1,1,0,13035075008.0,13035075008.0,182763136.0,22010.0,56497872896.0,0.005302013343727724,,0.0,0.0,0.0,0.0,0.0,0.0,0.0,0.0,0.0,0.0,,800.0,capacity_C7_C8_C9
DeepSeek-V4.1-Flash,NVIDIA-A100-SXM-80GB-packed-HBM-BF16-execute-x4,gpu,a100_packed_hbm_bf16_execute,1000000,1,False,1,1,0,13035075008.0,13035075008.0,182763136.0,22010.0,56497872896.0,0.003051780868697405,,0.0,0.0,0.0,0.0,0.0,0.0,0.0,0.0,0.0,0.0,,1600.0,capacity_C7_C8_C9
DeepSeek-V4.1-Flash,NVIDIA-A100-SXM-80GB-packed-HBM-BF16-execute-x8,gpu,a100_packed_hbm_bf16_execute,1000000,1,True,1,1,73,13035075008.0,13035075008.0,182763136.0,22010.0,56497872896.0,0.0020753960819219043,0.0020753960819219043,481.83573666283394,481.83573666283394,6280764968934.976,88061810269.3697,10605204.563948976,6368837384408.909,0.0,0.0,0.0,27222694206727.32,2.988235563566834,3200.0,gpu_weight_memory_C3
DeepSeek-V4.1-Flash,NVIDIA-A100-SXM-80GB-packed-HBM-BF16-execute-x16,gpu,a100_packed_hbm_bf16_execute,1000000,1,True,1,1,718,13035075008.0,13035075008.0,182763136.0,22010.0,56497872896.0,0.0018017001587845552,0.0018017001587845552,555.0313103566633,555.0313103566633,7234874762287.633,101439262858.97307,12216239.14095016,7336326241385.747,0.0,0.0,0.0,31358088425831.094,5.188315171510102,6400.0,gpu_weight_memory_C3
DeepSeek-V4.1-Flash,NVIDIA-A100-SXM-80GB-packed-HBM-BF16-execute-x32,gpu,a100_packed_hbm_bf16_execute,1000000,1,True,1,1,2009,13035075008.0,13035075008.0,182763136.0,22010.0,56497872896.0,0.0017746119672565341,0.0017746119672565344,563.5034691814642,563.5034691814642,7345309988048.603,102987661174.48375,12402711.356684027,7448310051934.443,0.0,0.0,0.0,31836747378269.418,10.220619838843515,12800.0,gpu_weight_memory_C3
DeepSeek-V4.1-Flash,NVIDIA-A100-SXM-80GB-packed-HBM-BF16-execute-x64,gpu,a100_packed_hbm_bf16_execute,1000000,1,True,1,1,4590,13035075008.0,13035075008.0,182763136.0,22010.0,56497872896.0,0.0019523787333436242,0.0019523787333436244,512.1957041026615,512.1957041026615,6676509421753.566,93610493127.53047,11273427.44729958,6770131188308.544,0.0,0.0,0.0,28937967788269.395,22.48888341015389,25600.0,collective_floor_C6
DeepSeek-V4.1-Flash,NVIDIA-A100-SXM-80GB-BF16-resident-x1,gpu,a100_bf16_expanded,1000000,1,False,1,1,0,13035075008.0,32339891648.0,681943040.0,44160.0,56497872896.0,0.026661092981202394,,0.0,0.0,0.0,0.0,0.0,0.0,0.0,0.0,0.0,0.0,,400.0,capacity_C7_C8_C9
DeepSeek-V4.1-Flash,NVIDIA-A100-SXM-80GB-BF16-resident-x2,gpu,a100_bf16_expanded,1000000,1,False,1,1,0,13035075008.0,32339891648.0,681943040.0,44160.0,56497872896.0,0.01365215114458101,,0.0,0.0,0.0,0.0,0.0,0.0,0.0,0.0,0.0,0.0,,800.0,capacity_C7_C8_C9
DeepSeek-V4.1-Flash,NVIDIA-A100-SXM-80GB-BF16-resident-x4,gpu,a100_bf16_expanded,1000000,1,False,1,1,0,13035075008.0,32339891648.0,681943040.0,44160.0,56497872896.0,0.00780113469393374,,0.0,0.0,0.0,0.0,0.0,0.0,0.0,0.0,0.0,0.0,,1600.0,capacity_C7_C8_C9
DeepSeek-V4.1-Flash,NVIDIA-A100-SXM-80GB-BF16-resident-x8,gpu,a100_bf16_expanded,1000000,1,False,1,1,0,13035075008.0,32339891648.0,681943040.0,44160.0,56497872896.0,0.005305452829872211,,0.0,0.0,0.0,0.0,0.0,0.0,0.0,0.0,0.0,0.0,,3200.0,capacity_C7_C8_C9
DeepSeek-V4.1-Flash,NVIDIA-A100-SXM-80GB-BF16-resident-x16,gpu,a100_bf16_expanded,1000000,1,False,1,1,0,13035075008.0,32339891648.0,681943040.0,44160.0,56497872896.0,0.004347262830825656,,0.0,0.0,0.0,0.0,0.0,0.0,0.0,0.0,0.0,0.0,,6400.0,capacity_C7_C8_C9
DeepSeek-V4.1-Flash,NVIDIA-A100-SXM-80GB-BF16-resident-x32,gpu,a100_bf16_expanded,1000000,1,True,1,1,242,13035075008.0,32339891648.0,681943040.0,44160.0,56497872896.0,0.003995803228548853,0.003995803228548853,250.26257370615517,250.26257370615517,8093464517206.672,170664820311.3995,11051595.254863812,8264140389113.326,0.0,0.0,0.0,14139303079876.186,23.013248249958227,12800.0,gpu_weight_memory_C3
DeepSeek-V4.1-Flash,NVIDIA-A100-SXM-80GB-BF16-resident-x64,gpu,a100_bf16_expanded,1000000,1,True,1,1,961,13035075008.0,32339891648.0,681943040.0,44160.0,56497872896.0,0.004015671966144007,0.004015671966144007,249.02432480316267,249.02432480316267,8053419681850.64,169820405090.21616,10996914.183307663,8223251083855.039,0.0,0.0,0.0,14069344650741.305,46.25535871586528,25600.0,gpu_weight_memory_C3
DeepSeek-V4.1-Flash,ROM-wafer-N7-HBM2e-conservative,rom,official_packed,1000000,1,True,9,9,71,13035075008.0,13035075008.0,182763136.0,22010.0,56497872896.0,0.00010110557226735907,0.0009135885504062316,9890.651697768393,1094.5846459605314,128925386758413.56,1807646521367.8757,217693243.86788234,1807864214611.7437,128925386758413.56,0.0,0.0,558800782479125.3,1.4930436002137193,135000.0,collective_floor_C6
DeepSeek-V4.1-Flash,ROM-wafer-N7-HBM2e-central,rom,official_packed,1000000,1,True,3,3,287,13035075008.0,13035075008.0,182763136.0,22010.0,56497872896.0,3.934184132592568e-05,0.00011893512397777706,25418.23072579511,8407.945159975192,331328544081389.5,4645515559017.87,559455258.2747504,4646075014276.145,331328544081389.5,0.0,0.0,1436075968787174.0,0.2233385064821754,45000.0,collective_floor_C6
DeepSeek-V4.1-Flash,ROM-wafer-N7-HBM2e-aggressive,rom,official_packed,1000000,1,True,2,2,645,13035075008.0,13035075008.0,182763136.0,22010.0,56497872896.0,1.656555945073428e-05,3.358591890146856e-05,60366.207550912164,29774.3826195053,786878043374636.0,11032717400431.586,1328660228.1955767,11034046060659.781,786878043374636.0,0.0,0.0,3410562321424991.0,0.06894285894878277,30000.0,collective_floor_C6
DeepSeek-V4.1-Flash,N7-SRAM-rich-Graphcore-style-derived-control,sram,official_packed,1000000,1,True,15,15,2,13035075008.0,13035075008.0,182763136.0,22010.0,56497872896.0,1.0530032164468945e-05,0.00016431768246703417,94966.47155307455,6085.772297820854,1237895079939425.0,17356370155894.693,2090212038.8831708,0.0,0.0,1237895079939425.0,17358460367933.576,5365403639187205.0,0.2393029977558257,225000.0,collective_floor_C6
DeepSeek-V4.1-Flash,NVIDIA-A100-SXM-80GB-packed-HBM-BF16-execute-x1,gpu,a100_packed_hbm_bf16_execute,1000000,8,False,1,8,0,42706582676.79819,42706582676.79819,182763136.0,22010.0,56497872896.0,0.03831796890868168,,0.0,0.0,0.0,0.0,0.0,0.0,0.0,0.0,0.0,0.0,,400.0,capacity_C7_C8_C9
DeepSeek-V4.1-Flash,NVIDIA-A100-SXM-80GB-packed-HBM-BF16-execute-x2,gpu,a100_packed_hbm_bf16_execute,1000000,8,False,1,8,0,42706582676.79819,42706582676.79819,182763136.0,22010.0,56497872896.0,0.019424320924929406,,0.0,0.0,0.0,0.0,0.0,0.0,0.0,0.0,0.0,0.0,,800.0,capacity_C7_C8_C9
DeepSeek-V4.1-Flash,NVIDIA-A100-SXM-80GB-packed-HBM-BF16-execute-x4,gpu,a100_packed_hbm_bf16_execute,1000000,8,False,1,8,0,42706582676.79819,42706582676.79819,182763136.0,22010.0,56497872896.0,0.009938962763933539,,0.0,0.0,0.0,0.0,0.0,0.0,0.0,0.0,0.0,0.0,,1600.0,capacity_C7_C8_C9
DeepSeek-V4.1-Flash,NVIDIA-A100-SXM-80GB-packed-HBM-BF16-execute-x8,gpu,a100_packed_hbm_bf16_execute,1000000,8,True,1,8,73,42706582676.79819,42706582676.79819,182763136.0,22010.0,56497872896.0,0.005252404875820169,0.005252404875820169,1523.1118295599388,190.38897869499235,8130862659388.859,278368694449.0719,33523691.368614253,8409264877529.3,0.0,0.0,0.0,86052578552871.44,0.9453269655907709,3200.0,gpu_weight_memory_C3
DeepSeek-V4.1-Flash,NVIDIA-A100-SXM-80GB-packed-HBM-BF16-execute-x16,gpu,a100_packed_hbm_bf16_execute,1000000,8,True,1,8,718,42706582676.79819,42706582676.79819,182763136.0,22010.0,56497872896.0,0.003268897546889524,0.003268897546889524,2447.3082699126785,305.9135337390848,13064521620579.719,447277734167.9756,53865255.02077805,13511853220002.715,0.0,0.0,0.0,138267711570856.17,1.1766712855873105,6400.0,gpu_weight_memory_C3
DeepSeek-V4.1-Flash,NVIDIA-A100-SXM-80GB-packed-HBM-BF16-execute-x32,gpu,a100_packed_hbm_bf16_execute,1000000,8,True,1,8,2009,42706582676.79819,42706582676.79819,182763136.0,22010.0,56497872896.0,0.0026282702176236225,0.0026282702176236225,3043.8270564254544,380.4783820531818,16248931479888.617,556299378273.965,66994633.51192425,16805297852796.094,0.0,0.0,0.0,171969754151331.16,1.8921425657924098,12800.0,gpu_weight_memory_C3
DeepSeek-V4.1-Flash,NVIDIA-A100-SXM-80GB-packed-HBM-BF16-execute-x64,gpu,a100_packed_hbm_bf16_execute,1000000,8,True,1,8,4590,42706582676.79819,42706582676.79819,182763136.0,22010.0,56497872896.0,0.0024950776669323284,0.0024950776669323284,3206.313016234046,400.7891270292557,17116333989436.682,585995821844.5531,70570949.48731135,17702400382230.723,0.0,0.0,0.0,181149865255981.5,3.5925093446664347,25600.0,collective_floor_C6
DeepSeek-V4.1-Flash,NVIDIA-A100-SXM-80GB-BF16-resident-x1,gpu,a100_bf16_expanded,1000000,8,False,1,8,0,42706582676.79819,144044391107.00494,681943040.0,44160.0,56497872896.0,0.13270154047404398,,0.0,0.0,0.0,0.0,0.0,0.0,0.0,0.0,0.0,0.0,,400.0,capacity_C7_C8_C9
DeepSeek-V4.1-Flash,NVIDIA-A100-SXM-80GB-BF16-resident-x2,gpu,a100_bf16_expanded,1000000,8,False,1,8,0,42706582676.79819,144044391107.00494,681943040.0,44160.0,56497872896.0,0.06661610670761146,,0.0,0.0,0.0,0.0,0.0,0.0,0.0,0.0,0.0,0.0,,800.0,capacity_C7_C8_C9
DeepSeek-V4.1-Flash,NVIDIA-A100-SXM-80GB-BF16-resident-x4,gpu,a100_bf16_expanded,1000000,8,False,1,8,0,42706582676.79819,144044391107.00494,681943040.0,44160.0,56497872896.0,0.03353490104930087,,0.0,0.0,0.0,0.0,0.0,0.0,0.0,0.0,0.0,0.0,,1600.0,capacity_C7_C8_C9
DeepSeek-V4.1-Flash,NVIDIA-A100-SXM-80GB-BF16-resident-x8,gpu,a100_bf16_expanded,1000000,8,False,1,8,0,42706582676.79819,144044391107.00494,681943040.0,44160.0,56497872896.0,0.017075474197012018,,0.0,0.0,0.0,0.0,0.0,0.0,0.0,0.0,0.0,0.0,,3200.0,capacity_C7_C8_C9
DeepSeek-V4.1-Flash,NVIDIA-A100-SXM-80GB-BF16-resident-x16,gpu,a100_bf16_expanded,1000000,8,False,1,8,0,42706582676.79819,144044391107.00494,681943040.0,44160.0,56497872896.0,0.009472498477639679,,0.0,0.0,0.0,0.0,0.0,0.0,0.0,0.0,0.0,0.0,,6400.0,capacity_C7_C8_C9
DeepSeek-V4.1-Flash,NVIDIA-A100-SXM-80GB-BF16-resident-x32,gpu,a100_bf16_expanded,1000000,8,True,1,8,242,42706582676.79819,144044391107.00494,681943040.0,44160.0,56497872896.0,0.0064158876169049615,0.0064158876169049615,1246.9046338843475,155.86307923554344,22451202344546.723,850317936621.179,55063308.63233279,23301575344476.535,0.0,0.0,0.0,70447459518631.28,4.618921591807483,12800.0,gpu_weight_memory_C3
DeepSeek-V4.1-Flash,NVIDIA-A100-SXM-80GB-BF16-resident-x64,gpu,a100_bf16_expanded,1000000,8,True,1,8,961,42706582676.79819,144044391107.00494,681943040.0,44160.0,56497872896.0,0.005265581674317957,0.005265581674317957,1519.300334665539,189.91254183319236,27355836451945.797,1036076288894.835,67092302.7788302,28391979833143.41,0.0,0.0,0.0,85837237198783.88,7.581588188935784,25600.0,gpu_weight_memory_C3
DeepSeek-V4.1-Flash,ROM-wafer-N7-HBM2e-conservative,rom,official_packed,1000000,8,True,9,72,71,42706582676.79819,42706582676.79819,182763136.0,22010.0,56497872896.0,0.00031400845009009205,0.0028297144508108284,25477.021391318365,353.39254804083123,136004565050861.72,4656260325416.428,560749240.8229172,4656821074657.251,136004565050861.72,0.0,0.0,1439397516335378.0,0.5796271861014398,135000.0,kv_beachfront_C8
DeepSeek-V4.1-Flash,ROM-wafer-N7-HBM2e-central,rom,official_packed,1000000,8,True,3,24,287,42706582676.79819,42706582676.79819,182763136.0,22010.0,56497872896.0,0.00015920162174096327,0.0004785144652228898,50250.744386365535,2089.8009834127056,268254696213371.53,9183983630386.56,1106018883.9439054,9185089649270.504,268254696213371.53,0.0,0.0,2839060169270265.5,0.11297085758711106,45000.0,kv_beachfront_C8
DeepSeek-V4.1-Flash,ROM-wafer-N7-HBM2e-aggressive,rom,official_packed,1000000,8,True,2,16,645,42706582676.79819,42706582676.79819,182763136.0,22010.0,56497872896.0,7.953455399333222e-05,0.00015952390798666444,100585.21231753787,6268.652847218337,536956335737778.75,18383268838379.047,2213880523.1090083,18385482718902.156,536956335737778.75,0.0,0.0,5682850540733428.0,0.04137605157423161,30000.0,kv_beachfront_C8
DeepSeek-V4.1-Flash,N7-SRAM-rich-Graphcore-style-derived-control,sram,official_packed,1000000,8,False,15,120,2,42706582676.79819,42706582676.79819,182763136.0,22010.0,56497872896.0,4.834800142349565e-05,,0.0,0.0,0.0,0.0,0.0,0.0,0.0,0.0,0.0,0.0,,225000.0,capacity_C7_C8_C9
DeepSeek-V4.1-Flash,NVIDIA-A100-SXM-80GB-packed-HBM-BF16-execute-x1,gpu,a100_packed_hbm_bf16_execute,1000000,32,False,1,32,0,122838182421.81262,122838182421.81262,182763136.0,22010.0,56497872896.0,0.11509610918172505,,0.0,0.0,0.0,0.0,0.0,0.0,0.0,0.0,0.0,0.0,,400.0,capacity_C7_C8_C9
DeepSeek-V4.1-Flash,NVIDIA-A100-SXM-80GB-packed-HBM-BF16-execute-x2,gpu,a100_packed_hbm_bf16_execute,1000000,32,False,1,32,0,122838182421.81262,122838182421.81262,182763136.0,22010.0,56497872896.0,0.058044694590862526,,0.0,0.0,0.0,0.0,0.0,0.0,0.0,0.0,0.0,0.0,,800.0,capacity_C7_C8_C9
DeepSeek-V4.1-Flash,NVIDIA-A100-SXM-80GB-packed-HBM-BF16-execute-x4,gpu,a100_packed_hbm_bf16_execute,1000000,32,False,1,32,0,122838182421.81262,122838182421.81262,182763136.0,22010.0,56497872896.0,0.029364784942490087,,0.0,0.0,0.0,0.0,0.0,0.0,0.0,0.0,0.0,0.0,,1600.0,capacity_C7_C8_C9
DeepSeek-V4.1-Flash,NVIDIA-A100-SXM-80GB-packed-HBM-BF16-execute-x8,gpu,a100_packed_hbm_bf16_execute,1000000,32,True,1,32,73,122838182421.81262,122838182421.81262,182763136.0,22010.0,56497872896.0,0.015071888961896773,0.015071888961896773,2123.157892212394,66.34868413163731,8150151764809.289,388034994603.8871,46730705.20759479,8538233490118.384,0.0,0.0,0.0,119953904732355.11,0.6781590240530577,3200.0,gpu_weight_memory_C3
DeepSeek-V4.1-Flash,NVIDIA-A100-SXM-80GB-packed-HBM-BF16-execute-x16,gpu,a100_packed_hbm_bf16_execute,1000000,32,True,1,32,718,122838182421.81262,122838182421.81262,182763136.0,22010.0,56497872896.0,0.00844922665938202,0.00844922665938202,3787.3288633424463,118.35402697945145,14538393556457.988,692184100127.7809,83359108.28216724,15230661015694.05,0.0,0.0,0.0,213976024736473.7,0.760345212178167,6400.0,gpu_weight_memory_C3
DeepSeek-V4.1-Flash,NVIDIA-A100-SXM-80GB-packed-HBM-BF16-execute-x32,gpu,a100_packed_hbm_bf16_execute,1000000,32,True,1,32,2009,122838182421.81262,122838182421.81262,182763136.0,22010.0,56497872896.0,0.005733972599119719,0.005733972599119718,5580.773093494143,174.39915917169196,21422875728543.03,1019959591871.4108,122832815.78780608,22442958153230.23,0.0,0.0,0.0,315301808897648.8,1.03199944521795,12800.0,gpu_weight_memory_C3
DeepSeek-V4.1-Flash,NVIDIA-A100-SXM-80GB-packed-HBM-BF16-execute-x64,gpu,a100_packed_hbm_bf16_execute,1000000,32,True,1,32,4590,122838182421.81262,122838182421.81262,182763136.0,22010.0,56497872896.0,0.004373748969332937,0.004373748969332937,7316.377831551792,228.6368072359935,28085329835595.777,1337164156655.2852,161033476.07245493,29422655025727.137,0.0,0.0,0.0,413359784786125.25,1.5743732401396957,25600.0,collective_floor_C6
DeepSeek-V4.1-Flash,NVIDIA-A100-SXM-80GB-BF16-resident-x1,gpu,a100_bf16_expanded,1000000,32,False,1,32,0,122838182421.81262,445716296029.41223,681943040.0,44160.0,56497872896.0,0.42163988849637724,,0.0,0.0,0.0,0.0,0.0,0.0,0.0,0.0,0.0,0.0,,400.0,capacity_C7_C8_C9
DeepSeek-V4.1-Flash,NVIDIA-A100-SXM-80GB-BF16-resident-x2,gpu,a100_bf16_expanded,1000000,32,False,1,32,0,122838182421.81262,445716296029.41223,681943040.0,44160.0,56497872896.0,0.2113165842481886,,0.0,0.0,0.0,0.0,0.0,0.0,0.0,0.0,0.0,0.0,,800.0,capacity_C7_C8_C9
DeepSeek-V4.1-Flash,NVIDIA-A100-SXM-80GB-BF16-resident-x4,gpu,a100_bf16_expanded,1000000,32,False,1,32,0,122838182421.81262,445716296029.41223,681943040.0,44160.0,56497872896.0,0.10600072977115313,,0.0,0.0,0.0,0.0,0.0,0.0,0.0,0.0,0.0,0.0,,1600.0,capacity_C7_C8_C9
DeepSeek-V4.1-Flash,NVIDIA-A100-SXM-80GB-BF16-resident-x8,gpu,a100_bf16_expanded,1000000,32,False,1,32,0,122838182421.81262,445716296029.41223,681943040.0,44160.0,56497872896.0,0.05338986143169796,,0.0,0.0,0.0,0.0,0.0,0.0,0.0,0.0,0.0,0.0,,3200.0,capacity_C7_C8_C9
DeepSeek-V4.1-Flash,NVIDIA-A100-SXM-80GB-BF16-resident-x16,gpu,a100_bf16_expanded,1000000,32,False,1,32,0,122838182421.81262,445716296029.41223,681943040.0,44160.0,56497872896.0,0.02760920770593823,,0.0,0.0,0.0,0.0,0.0,0.0,0.0,0.0,0.0,0.0,,6400.0,capacity_C7_C8_C9
DeepSeek-V4.1-Flash,NVIDIA-A100-SXM-80GB-BF16-resident-x32,gpu,a100_bf16_expanded,1000000,32,True,1,32,242,122838182421.81262,445716296029.41223,681943040.0,44160.0,56497872896.0,0.015386728161406606,0.015386728161406606,2079.7143918005413,64.99107474376692,28967581109762.473,1418246754676.2122,91840187.5419119,30385919704626.227,0.0,0.0,0.0,117499439367928.92,2.769300803552634,12800.0,gpu_weight_memory_C3
DeepSeek-V4.1-Flash,NVIDIA-A100-SXM-80GB-BF16-resident-x64,gpu,a100_bf16_expanded,1000000,32,True,1,32,961,122838182421.81262,445716296029.41223,681943040.0,44160.0,56497872896.0,0.009618710602201947,0.009618710602201947,3326.8492341036285,103.96403856573839,46338466189779.88,2268721680326.3003,146913662.17801625,48607334783768.36,0.0,0.0,0.0,187959905172541.75,3.4623479040371916,25600.0,gpu_weight_memory_C3
DeepSeek-V4.1-Flash,ROM-wafer-N7-HBM2e-conservative,rom,official_packed,1000000,32,True,9,288,71,122838182421.81262,122838182421.81262,182763136.0,22010.0,56497872896.0,0.0010440482820676853,0.009400072938609168,30649.923523293008,106.38215325890435,117655653030277.25,5601676141277.199,674604816.7476791,5602350746093.947,117655653030277.25,0.0,0.0,1731655483491128.8,0.4818013398328206,135000.0,kv_beachfront_C8
DeepSeek-V4.1-Flash,ROM-wafer-N7-HBM2e-central,rom,official_packed,1000000,32,True,3,96,287,122838182421.81262,122838182421.81262,182763136.0,22010.0,56497872896.0,0.0005701650728224389,0.0017114048184673166,56124.097257647096,584.3152883579995,215443190537325.22,10257416019976.584,1235291380.6408126,10258651311357.225,215443190537325.22,0.0,0.0,3170892113265288.0,0.10114852559067092,45000.0,kv_beachfront_C8
DeepSeek-V4.1-Flash,ROM-wafer-N7-HBM2e-aggressive,rom,official_packed,1000000,32,True,2,64,645,122838182421.81262,122838182421.81262,182763136.0,22010.0,56497872896.0,0.00029542824956795374,0.0005913112991359075,108317.33270869695,1691.156589534676,415797008584846.44,19796415408996.83,2384064492.91842,19798799473489.746,415797008584846.44,0.0,0.0,6119698895809704.0,0.038422465069815406,30000.0,kv_beachfront_C8
DeepSeek-V4.1-Flash,N7-SRAM-rich-Graphcore-style-derived-control,sram,official_packed,1000000,32,False,15,480,2,122838182421.81262,122838182421.81262,182763136.0,22010.0,56497872896.0,0.00017801321781519473,,0.0,0.0,0.0,0.0,0.0,0.0,0.0,0.0,0.0,0.0,,225000.0,capacity_C7_C8_C9
DeepSeek-V4.1-Flash,NVIDIA-A100-SXM-80GB-packed-HBM-BF16-execute-x1,gpu,a100_packed_hbm_bf16_execute,1000000,64,False,1,64,0,191900735211.60742,191900735211.60742,182763136.0,22010.0,56497872896.0,0.1827937752279672,,0.0,0.0,0.0,0.0,0.0,0.0,0.0,0.0,0.0,0.0,,400.0,capacity_C7_C8_C9
DeepSeek-V4.1-Flash,NVIDIA-A100-SXM-80GB-packed-HBM-BF16-execute-x2,gpu,a100_packed_hbm_bf16_execute,1000000,64,False,1,64,0,191900735211.60742,191900735211.60742,182763136.0,22010.0,56497872896.0,0.09220193231986595,,0.0,0.0,0.0,0.0,0.0,0.0,0.0,0.0,0.0,0.0,,800.0,capacity_C7_C8_C9
DeepSeek-V4.1-Flash,NVIDIA-A100-SXM-80GB-packed-HBM-BF16-execute-x4,gpu,a100_packed_hbm_bf16_execute,1000000,64,False,1,64,0,191900735211.60742,191900735211.60742,182763136.0,22010.0,56497872896.0,0.046597606159932976,,0.0,0.0,0.0,0.0,0.0,0.0,0.0,0.0,0.0,0.0,,1600.0,capacity_C7_C8_C9
DeepSeek-V4.1-Flash,NVIDIA-A100-SXM-80GB-packed-HBM-BF16-execute-x8,gpu,a100_packed_hbm_bf16_execute,1000000,64,True,1,64,73,191900735211.60742,191900735211.60742,182763136.0,22010.0,56497872896.0,0.02384250190349605,0.023842501903496054,2684.282054754313,41.94190710553614,8048682809729.327,490587806235.42194,59081048.025142424,8539329697012.774,0.0,0.0,0.0,151656226346522.88,0.5363961963472166,3200.0,gpu_weight_memory_C3
DeepSeek-V4.1-Flash,NVIDIA-A100-SXM-80GB-packed-HBM-BF16-execute-x16,gpu,a100_packed_hbm_bf16_execute,1000000,64,True,1,64,718,191900735211.60742,191900735211.60742,182763136.0,22010.0,56497872896.0,0.013335332490946022,0.013335332490946022,4799.280411152296,74.98875642425463,14390397490418.613,877131538485.5631,105632161.84946205,15267634661066.025,0.0,0.0,0.0,271149134661545.06,0.6000227370534502,6400.0,gpu_weight_memory_C3
DeepSeek-V4.1-Flash,NVIDIA-A100-SXM-80GB-packed-HBM-BF16-execute-x32,gpu,a100_packed_hbm_bf16_execute,1000000,64,True,1,64,2009,191900735211.60742,191900735211.60742,182763136.0,22010.0,56497872896.0,0.009136030629868905,0.009136030629868905,7005.230454324599,109.45672584882186,21004826164244.27,1280297886235.0686,154185122.29968444,22285278235601.637,0.0,0.0,0.0,395780619815619.56,0.8221506449966604,12800.0,gpu_weight_memory_C3
DeepSeek-V4.1-Flash,NVIDIA-A100-SXM-80GB-packed-HBM-BF16-execute-x64,gpu,a100_packed_hbm_bf16_execute,1000000,64,True,1,64,4590,191900735211.60742,191900735211.60742,182763136.0,22010.0,56497872896.0,0.006635346141747583,0.006635346141747583,9645.314446722145,150.7080382300335,28920983338642.47,1762807915989.044,212293370.9723544,30684003548002.484,0.0,0.0,0.0,544939749652860.3,1.194228507154678,25600.0,collective_floor_C6
DeepSeek-V4.1-Flash,NVIDIA-A100-SXM-80GB-BF16-resident-x1,gpu,a100_bf16_expanded,1000000,64,False,1,64,0,191900735211.60742,705716494767.4633,681943040.0,44160.0,56497872896.0,0.6763566656826133,,0.0,0.0,0.0,0.0,0.0,0.0,0.0,0.0,0.0,0.0,,400.0,capacity_C7_C8_C9
DeepSeek-V4.1-Flash,NVIDIA-A100-SXM-80GB-BF16-resident-x2,gpu,a100_bf16_expanded,1000000,64,False,1,64,0,191900735211.60742,705716494767.4633,681943040.0,44160.0,56497872896.0,0.338983377547189,,0.0,0.0,0.0,0.0,0.0,0.0,0.0,0.0,0.0,0.0,,800.0,capacity_C7_C8_C9
DeepSeek-V4.1-Flash,NVIDIA-A100-SXM-80GB-BF16-resident-x4,gpu,a100_bf16_expanded,1000000,64,False,1,64,0,191900735211.60742,705716494767.4633,681943040.0,44160.0,56497872896.0,0.16998832877359452,,0.0,0.0,0.0,0.0,0.0,0.0,0.0,0.0,0.0,0.0,,1600.0,capacity_C7_C8_C9
DeepSeek-V4.1-Flash,NVIDIA-A100-SXM-80GB-BF16-resident-x8,gpu,a100_bf16_expanded,1000000,64,False,1,64,0,191900735211.60742,705716494767.4633,681943040.0,44160.0,56497872896.0,0.08553786321032725,,0.0,0.0,0.0,0.0,0.0,0.0,0.0,0.0,0.0,0.0,,3200.0,capacity_C7_C8_C9
DeepSeek-V4.1-Flash,NVIDIA-A100-SXM-80GB-BF16-resident-x16,gpu,a100_bf16_expanded,1000000,64,False,1,64,0,191900735211.60742,705716494767.4633,681943040.0,44160.0,56497872896.0,0.04418301739979137,,0.0,0.0,0.0,0.0,0.0,0.0,0.0,0.0,0.0,0.0,,6400.0,capacity_C7_C8_C9
DeepSeek-V4.1-Flash,NVIDIA-A100-SXM-80GB-BF16-resident-x32,gpu,a100_bf16_expanded,1000000,64,True,1,64,242,191900735211.60742,705716494767.4633,681943040.0,44160.0,56497872896.0,0.024566188735268463,0.02456618873526846,2605.2067208992157,40.706355014050246,28727146175275.49,1776602591078.4426,115045928.79490937,30503863812282.727,0.0,0.0,0.0,147188638185168.84,2.210709303861044,12800.0,gpu_weight_memory_C3
DeepSeek-V4.1-Flash,NVIDIA-A100-SXM-80GB-BF16-resident-x64,gpu,a100_bf16_expanded,1000000,64,True,1,64,961,191900735211.60742,705716494767.4633,681943040.0,44160.0,56497872896.0,0.014506937480342489,0.014506937480342487,4411.682347616284,68.93253668150443,48646828162300.88,3008516071647.785,194819892.47073507,51655539053841.14,0.0,0.0,0.0,249250668533151.7,2.610956221490021,25600.0,gpu_weight_memory_C3
DeepSeek-V4.1-Flash,ROM-wafer-N7-HBM2e-conservative,rom,official_packed,1000000,64,True,9,576,71,191900735211.60742,191900735211.60742,182763136.0,22010.0,56497872896.0,0.0020174220214524436,0.01816043659307199,31723.65490187481,55.06475545755817,95121760926079.53,5797914655248.412,698237644.3902645,5798612892892.803,95121760926079.53,0.0,0.0,1792319022442690.2,0.46549410100988525,135000.0,kv_beachfront_C8
DeepSeek-V4.1-Flash,ROM-wafer-N7-HBM2e-central,rom,official_packed,1000000,64,True,3,192,287,191900735211.60742,191900735211.60742,182763136.0,22010.0,56497872896.0,0.0011180798650612638,0.0033551491951837914,57240.99145322968,298.0493390384749,171634192876814.25,10461543105741.455,1259874221.8855853,10462802979963.34,171634192876814.25,0.0,0.0,3233994259565593.0,0.09917490147522799,45000.0,kv_beachfront_C8
DeepSeek-V4.1-Flash,ROM-wafer-N7-HBM2e-aggressive,rom,official_packed,1000000,64,True,2,128,645,191900735211.60742,191900735211.60742,182763136.0,22010.0,56497872896.0,0.0005832865103341158,0.0011670278206682317,109723.09296736484,856.8776016217054,328999097033263.5,20053336562335.145,2415005276.2117,20055751567611.355,328999097033263.5,0.0,0.0,6199121360226170.0,0.03793020065241271,30000.0,kv_beachfront_C8
DeepSeek-V4.1-Flash,N7-SRAM-rich-Graphcore-style-derived-control,sram,official_packed,1000000,64,False,15,960,2,191900735211.60742,191900735211.60742,182763136.0,22010.0,56497872896.0,0.0003508917554957094,,0.0,0.0,0.0,0.0,0.0,0.0,0.0,0.0,0.0,0.0,,225000.0,capacity_C7_C8_C9
DeepSeek-V4.1-Flash-engram-host,NVIDIA-A100-SXM-80GB-packed-HBM-BF16-execute-x1,gpu,a100_packed_hbm_bf16_execute,8192,1,False,1,1,0,13035075008.0,13035075008.0,11927552.0,22010.0,35917242368.0,0.010016557349332133,,0.0,0.0,0.0,0.0,0.0,0.0,0.0,0.0,0.0,0.0,,400.0,capacity_C7_C8_C9
DeepSeek-V4.1-Flash-engram-host,NVIDIA-A100-SXM-80GB-packed-HBM-BF16-execute-x2,gpu,a100_packed_hbm_bf16_execute,8192,1,False,1,1,0,13035075008.0,13035075008.0,11927552.0,22010.0,35917242368.0,0.005239017852055925,,0.0,0.0,0.0,0.0,0.0,0.0,0.0,0.0,0.0,0.0,,800.0,capacity_C7_C8_C9
DeepSeek-V4.1-Flash-engram-host,NVIDIA-A100-SXM-80GB-packed-HBM-BF16-execute-x4,gpu,a100_packed_hbm_bf16_execute,8192,1,False,1,1,0,13035075008.0,13035075008.0,11927552.0,22010.0,35917242368.0,0.0030202831228615056,,0.0,0.0,0.0,0.0,0.0,0.0,0.0,0.0,0.0,0.0,,1600.0,capacity_C7_C8_C9
DeepSeek-V4.1-Flash-engram-host,NVIDIA-A100-SXM-80GB-packed-HBM-BF16-execute-x8,gpu,a100_packed_hbm_bf16_execute,8192,1,True,1,1,26862,13035075008.0,13035075008.0,11927552.0,22010.0,35917242368.0,0.0020596472090039547,0.0020596472090039547,485.52004228122155,485.52004228122155,6328790169023.054,5791065551.351469,10686296.130609686,6334591920870.536,0.0,0.0,0.0,17438541033136.242,2.965559727108701,3200.0,gpu_weight_memory_C3
DeepSeek-V4.1-Flash-engram-host,NVIDIA-A100-SXM-80GB-packed-HBM-BF16-execute-x16,gpu,a100_packed_hbm_bf16_execute,8192,1,True,1,1,84495,13035075008.0,13035075008.0,11927552.0,22010.0,35917242368.0,0.0017938257223255802,0.0017938257223255802,557.467755955447,557.467755955447,7266634013420.69,6649225647.481904,12269865.308579389,7273295508933.48,0.0,0.0,0.0,20022704502996.867,5.165639335051969,6400.0,gpu_weight_memory_C3
DeepSeek-V4.1-Flash-engram-host,NVIDIA-A100-SXM-80GB-packed-HBM-BF16-execute-x32,gpu,a100_packed_hbm_bf16_execute,8192,1,True,1,1,199762,13035075008.0,13035075008.0,11927552.0,22010.0,35917242368.0,0.0017706747490270466,0.0017706747490270466,564.7564582651228,564.7564582651228,7361642794738.297,6736162023.293081,12430289.646415353,7368391387051.236,0.0,0.0,0.0,20284494590401.69,10.197944002385379,12800.0,gpu_weight_memory_C3
DeepSeek-V4.1-Flash-engram-host,NVIDIA-A100-SXM-80GB-packed-HBM-BF16-execute-x64,gpu,a100_packed_hbm_bf16_execute,8192,1,True,1,1,430295,13035075008.0,13035075008.0,11927552.0,22010.0,35917242368.0,0.0019504101242288805,0.0019504101242288805,512.7126790296799,512.7126790296799,6683248228704.506,6115407140.185816,11284806.065443253,6689374920650.757,0.0,0.0,0.0,18415225557855.6,22.466207573695755,25600.0,collective_floor_C6
DeepSeek-V4.1-Flash-engram-host,NVIDIA-A100-SXM-80GB-BF16-resident-x1,gpu,a100_bf16_expanded,8192,1,False,1,1,0,13035075008.0,32339891648.0,38797312.0,44160.0,35917242368.0,0.026186773985085322,,0.0,0.0,0.0,0.0,0.0,0.0,0.0,0.0,0.0,0.0,,400.0,capacity_C7_C8_C9
DeepSeek-V4.1-Flash-engram-host,NVIDIA-A100-SXM-80GB-BF16-resident-x2,gpu,a100_bf16_expanded,8192,1,False,1,1,0,13035075008.0,32339891648.0,38797312.0,44160.0,35917242368.0,0.013414991646522474,,0.0,0.0,0.0,0.0,0.0,0.0,0.0,0.0,0.0,0.0,,800.0,capacity_C7_C8_C9
DeepSeek-V4.1-Flash-engram-host,NVIDIA-A100-SXM-80GB-BF16-resident-x4,gpu,a100_bf16_expanded,8192,1,False,1,1,0,13035075008.0,32339891648.0,38797312.0,44160.0,35917242368.0,0.007682554944904472,,0.0,0.0,0.0,0.0,0.0,0.0,0.0,0.0,0.0,0.0,,1600.0,capacity_C7_C8_C9
DeepSeek-V4.1-Flash-engram-host,NVIDIA-A100-SXM-80GB-BF16-resident-x8,gpu,a100_bf16_expanded,8192,1,False,1,1,0,13035075008.0,32339891648.0,38797312.0,44160.0,35917242368.0,0.005246162955357577,,0.0,0.0,0.0,0.0,0.0,0.0,0.0,0.0,0.0,0.0,,3200.0,capacity_C7_C8_C9
DeepSeek-V4.1-Flash-engram-host,NVIDIA-A100-SXM-80GB-BF16-resident-x16,gpu,a100_bf16_expanded,8192,1,True,1,1,595,13035075008.0,32339891648.0,38797312.0,44160.0,35917242368.0,0.004317617893568338,0.004317617893568338,231.60919392372168,231.60919392372168,7490216236173.779,8985814158.727135,10227862.00367155,7499212278194.51,0.0,0.0,0.0,8318763552815.425,12.433346532586283,6400.0,gpu_weight_memory_C3
DeepSeek-V4.1-Flash-engram-host,NVIDIA-A100-SXM-80GB-BF16-resident-x32,gpu,a100_bf16_expanded,8192,1,True,1,1,37216,13035075008.0,32339891648.0,38797312.0,44160.0,35917242368.0,0.003980980759920194,0.003980980759920194,251.19438156240847,251.19438156240847,8123599082314.659,9745666794.123808,11092743.889795957,8133355841852.673,0.0,0.0,0.0,9022209484056.895,22.92788039505702,12800.0,gpu_weight_memory_C3
DeepSeek-V4.1-Flash-engram-host,NVIDIA-A100-SXM-80GB-BF16-resident-x64,gpu,a100_bf16_expanded,8192,1,True,1,1,110458,13035075008.0,32339891648.0,38797312.0,44160.0,35917242368.0,0.004008260731829678,0.004008260731829678,249.48476830835384,249.48476830835384,8068310374918.547,9679338395.306915,11017247.368496906,8078000730561.223,0.0,0.0,0.0,8960804890455.47,46.16999086096406,25600.0,gpu_weight_memory_C3
DeepSeek-V4.1-Flash-engram-host,ROM-wafer-N7-HBM2e-conservative,rom,official_packed,8192,1,True,6,6,11329,13035075008.0,13035075008.0,11927552.0,22010.0,35917242368.0,0.00012599379670229314,0.0007582367802137589,7936.898690043203,1318.8492382525737,103458069755610.1,94667771844.22218,174691140.16785088,94842462984.39003,103458069755610.1,0.0,0.0,285071513900543.44,1.287911355896568,90000.0,collective_floor_C6
DeepSeek-V4.1-Flash-engram-host,ROM-wafer-N7-HBM2e-central,rom,official_packed,8192,1,True,2,2,40236,13035075008.0,13035075008.0,11927552.0,22010.0,35917242368.0,4.965868763715116e-05,9.977217527430231e-05,20137.46330363894,10022.834495195813,262493344633781.03,240190640702.24524,443225567.31309307,240633866269.55832,262493344633781.03,0.0,0.0,723282150153505.8,0.20667046636918868,30000.0,collective_floor_C6
DeepSeek-V4.1-Flash-engram-host,ROM-wafer-N7-HBM2e-aggressive,rom,official_packed,8192,1,True,1,1,69159,13035075008.0,13035075008.0,11927552.0,22010.0,35917242368.0,2.530086026193534e-05,2.5300860261935338e-05,39524.34777502332,39524.34777502332,515202837889706.9,471428713352.675,869930894.5282633,472298644247.20325,515202837889706.9,0.0,0.0,1419605578472634.2,0.06696551179688588,15000.0,collective_floor_C6
DeepSeek-V4.1-Flash-engram-host,N7-SRAM-rich-Graphcore-style-derived-control,sram,official_packed,8192,1,True,10,10,428,13035075008.0,13035075008.0,11927552.0,22010.0,35917242368.0,1.1953973440023122e-05,0.00012363293440023122,83654.19289387895,8088.459639425413,1090438679105412.8,997789735759.7716,1841228785.5942757,0.0,0.0,1090438679105412.8,999630964545.3658,3004627921268873.5,0.1811087648870014,150000.0,collective_floor_C6
DeepSeek-V4.1-Flash-engram-host,NVIDIA-A100-SXM-80GB-packed-HBM-BF16-execute-x1,gpu,a100_packed_hbm_bf16_execute,8192,8,False,1,8,0,42706582676.79819,42706582676.79819,11927552.0,22010.0,35917242368.0,0.037310041041932904,,0.0,0.0,0.0,0.0,0.0,0.0,0.0,0.0,0.0,0.0,,400.0,capacity_C7_C8_C9
DeepSeek-V4.1-Flash-engram-host,NVIDIA-A100-SXM-80GB-packed-HBM-BF16-execute-x2,gpu,a100_packed_hbm_bf16_execute,8192,8,False,1,8,0,42706582676.79819,42706582676.79819,11927552.0,22010.0,35917242368.0,0.018920356991555018,,0.0,0.0,0.0,0.0,0.0,0.0,0.0,0.0,0.0,0.0,,800.0,capacity_C7_C8_C9
DeepSeek-V4.1-Flash-engram-host,NVIDIA-A100-SXM-80GB-packed-HBM-BF16-execute-x4,gpu,a100_packed_hbm_bf16_execute,8192,8,False,1,8,0,42706582676.79819,42706582676.79819,11927552.0,22010.0,35917242368.0,0.009686980797246345,,0.0,0.0,0.0,0.0,0.0,0.0,0.0,0.0,0.0,0.0,,1600.0,capacity_C7_C8_C9
DeepSeek-V4.1-Flash-engram-host,NVIDIA-A100-SXM-80GB-packed-HBM-BF16-execute-x8,gpu,a100_packed_hbm_bf16_execute,8192,8,True,1,8,26862,42706582676.79819,42706582676.79819,11927552.0,22010.0,35917242368.0,0.005126413892476572,0.005126413892476572,1560.5450843016497,195.0681355377062,8330693457949.926,18613482641.35231,34347597.30547931,8349341288188.584,0.0,0.0,0.0,56050476019053.34,0.9226511291326376,3200.0,gpu_weight_memory_C3
DeepSeek-V4.1-Flash-engram-host,NVIDIA-A100-SXM-80GB-packed-HBM-BF16-execute-x16,gpu,a100_packed_hbm_bf16_execute,8192,8,True,1,8,84495,42706582676.79819,42706582676.79819,11927552.0,22010.0,35917242368.0,0.0032059020552177254,0.0032059020552177254,2495.3975081614553,311.9246885201819,13321237499221.67,29763983539.266182,54923699.154633634,13351056406460.09,0.0,0.0,0.0,89627797105138.25,1.1539954491291775,6400.0,gpu_weight_memory_C3
DeepSeek-V4.1-Flash-engram-host,NVIDIA-A100-SXM-80GB-packed-HBM-BF16-execute-x32,gpu,a100_packed_hbm_bf16_execute,8192,8,True,1,8,199762,42706582676.79819,42706582676.79819,11927552.0,22010.0,35917242368.0,0.0025967724717877233,0.0025967724717877233,3080.7473842683166,385.0934230335396,16446024109073.078,36745774624.72433,67807249.92774566,16482837690947.73,0.0,0.0,0.0,110651950475347.16,1.8694667293342764,12800.0,gpu_weight_memory_C3
DeepSeek-V4.1-Flash-engram-host,NVIDIA-A100-SXM-80GB-packed-HBM-BF16-execute-x64,gpu,a100_packed_hbm_bf16_execute,8192,8,True,1,8,430295,42706582676.79819,42706582676.79819,11927552.0,22010.0,35917242368.0,0.002479328794014379,0.002479328794014379,3226.6797446606042,403.33496808257553,17225058160862.271,38486390441.78608,71019221.1799799,17263615570525.238,0.0,0.0,0.0,115893438432891.28,3.569833508208303,25600.0,collective_floor_C6
DeepSeek-V4.1-Flash-engram-host,NVIDIA-A100-SXM-80GB-BF16-resident-x1,gpu,a100_bf16_expanded,8192,8,False,1,8,0,42706582676.79819,144044391107.00494,38797312.0,44160.0,35917242368.0,0.1289069885051074,,0.0,0.0,0.0,0.0,0.0,0.0,0.0,0.0,0.0,0.0,,400.0,capacity_C7_C8_C9
DeepSeek-V4.1-Flash-engram-host,NVIDIA-A100-SXM-80GB-BF16-resident-x2,gpu,a100_bf16_expanded,8192,8,False,1,8,0,42706582676.79819,144044391107.00494,38797312.0,44160.0,35917242368.0,0.06471883072314318,,0.0,0.0,0.0,0.0,0.0,0.0,0.0,0.0,0.0,0.0,,800.0,capacity_C7_C8_C9
DeepSeek-V4.1-Flash-engram-host,NVIDIA-A100-SXM-80GB-BF16-resident-x4,gpu,a100_bf16_expanded,8192,8,False,1,8,0,42706582676.79819,144044391107.00494,38797312.0,44160.0,35917242368.0,0.032586263057066724,,0.0,0.0,0.0,0.0,0.0,0.0,0.0,0.0,0.0,0.0,,1600.0,capacity_C7_C8_C9
DeepSeek-V4.1-Flash-engram-host,NVIDIA-A100-SXM-80GB-BF16-resident-x8,gpu,a100_bf16_expanded,8192,8,False,1,8,0,42706582676.79819,144044391107.00494,38797312.0,44160.0,35917242368.0,0.016601155200894946,,0.0,0.0,0.0,0.0,0.0,0.0,0.0,0.0,0.0,0.0,,3200.0,capacity_C7_C8_C9
DeepSeek-V4.1-Flash-engram-host,NVIDIA-A100-SXM-80GB-BF16-resident-x16,gpu,a100_bf16_expanded,8192,8,True,1,8,595,42706582676.79819,144044391107.00494,38797312.0,44160.0,35917242368.0,0.009235338979581143,0.009235338979581143,866.2378303262702,108.27972879078378,15597087602900.082,33607699369.37137,38253062.58720809,15630733555332.041,0.0,0.0,0.0,31112874100159.11,3.3243495808789287,6400.0,gpu_weight_memory_C3
DeepSeek-V4.1-Flash-engram-host,NVIDIA-A100-SXM-80GB-BF16-resident-x32,gpu,a100_bf16_expanded,8192,8,True,1,8,37216,42706582676.79819,144044391107.00494,38797312.0,44160.0,35917242368.0,0.0062973078678756934,0.0062973078678756934,1270.3841336406958,158.79801670508698,22873963625284.254,49287489592.70777,56100163.34157313,22923307215040.305,0.0,0.0,0.0,45628694828434.58,4.533553736906275,12800.0,gpu_weight_memory_C3
DeepSeek-V4.1-Flash-engram-host,NVIDIA-A100-SXM-80GB-BF16-resident-x64,gpu,a100_bf16_expanded,8192,8,True,1,8,110458,42706582676.79819,144044391107.00494,38797312.0,44160.0,35917242368.0,0.005206291799803323,0.005206291799803323,1536.602308826066,192.07528860325826,27667367993558.582,59616039195.44524,67856357.95775908,27727051889111.984,0.0,0.0,0.0,55190517549334.2,7.496220334034577,25600.0,gpu_weight_memory_C3
DeepSeek-V4.1-Flash-engram-host,ROM-wafer-N7-HBM2e-conservative,rom,official_packed,8192,8,True,6,48,11329,42706582676.79819,42706582676.79819,11927552.0,22010.0,35917242368.0,0.00031517979435005244,0.0018933527661003148,25382.337774847492,528.163593126743,135499113338992.77,302749153691.05774,558665254.4243933,303307818945.4821,135499113338992.77,0.0,0.0,911663577725639.2,0.40272184714351655,90000.0,compute_C5
DeepSeek-V4.1-Flash-engram-host,ROM-wafer-N7-HBM2e-central,rom,official_packed,8192,8,True,2,16,40236,42706582676.79819,42706582676.79819,11927552.0,22010.0,35917242368.0,0.0001579877951488367,0.0003164303902976734,50636.82287902925,3160.252714852315,270315707846706.06,603973338004.4111,1114516471.5674338,605087854475.9785,270315707846706.06,0.0,0.0,1818735040091581.0,0.08218957461841589,30000.0,compute_C5
DeepSeek-V4.1-Flash-engram-host,ROM-wafer-N7-HBM2e-aggressive,rom,official_packed,8192,8,True,1,8,69159,42706582676.79819,42706582676.79819,11927552.0,22010.0,35917242368.0,9.64270388703987e-05,9.64270388703987e-05,82964.28153053916,10370.535191317394,442890118550641.44,989560782098.1454,1826043836.487167,991386825934.6326,442890118550641.44,0.0,0.0,2979848207619361.0,0.031902502237884975,15000.0,compute_C5
DeepSeek-V4.1-Flash-engram-host,N7-SRAM-rich-Graphcore-style-derived-control,sram,official_packed,8192,8,True,10,80,428,42706582676.79819,42706582676.79819,11927552.0,22010.0,35917242368.0,4.777544633051047e-05,0.0004818476633051048,167450.03164713547,2075.344711938143,893902327596358.0,1997268959872.854,3685575196.553452,0.0,0.0,893902327596358.0,2000954535069.4075,6014343371199435.0,0.09047778255757985,150000.0,compute_C5
DeepSeek-V4.1-Flash-engram-host,NVIDIA-A100-SXM-80GB-packed-HBM-BF16-execute-x1,gpu,a100_packed_hbm_bf16_execute,8192,32,False,1,32,0,122838182421.81262,122838182421.81262,11927552.0,22010.0,35917242368.0,0.11106439771472996,,0.0,0.0,0.0,0.0,0.0,0.0,0.0,0.0,0.0,0.0,,400.0,capacity_C7_C8_C9
DeepSeek-V4.1-Flash-engram-host,NVIDIA-A100-SXM-80GB-packed-HBM-BF16-execute-x2,gpu,a100_packed_hbm_bf16_execute,8192,32,False,1,32,0,122838182421.81262,122838182421.81262,11927552.0,22010.0,35917242368.0,0.05602883885736498,,0.0,0.0,0.0,0.0,0.0,0.0,0.0,0.0,0.0,0.0,,800.0,capacity_C7_C8_C9
DeepSeek-V4.1-Flash-engram-host,NVIDIA-A100-SXM-80GB-packed-HBM-BF16-execute-x4,gpu,a100_packed_hbm_bf16_execute,8192,32,False,1,32,0,122838182421.81262,122838182421.81262,11927552.0,22010.0,35917242368.0,0.028356857075741315,,0.0,0.0,0.0,0.0,0.0,0.0,0.0,0.0,0.0,0.0,,1600.0,capacity_C7_C8_C9
DeepSeek-V4.1-Flash-engram-host,NVIDIA-A100-SXM-80GB-packed-HBM-BF16-execute-x8,gpu,a100_packed_hbm_bf16_execute,8192,32,True,1,32,26862,122838182421.81262,122838182421.81262,11927552.0,22010.0,35917242368.0,0.014567925028522387,0.014567925028522385,2196.606581743628,68.64395567948837,8432098749911.8125,26200139227.28937,48347310.86417725,8458347236449.966,0.0,0.0,0.0,78896050983629.89,0.6554831875949244,3200.0,gpu_weight_memory_C3
DeepSeek-V4.1-Flash-engram-host,NVIDIA-A100-SXM-80GB-packed-HBM-BF16-execute-x16,gpu,a100_packed_hbm_bf16_execute,8192,32,True,1,32,84495,122838182421.81262,122838182421.81262,11927552.0,22010.0,35917242368.0,0.008197244692694828,0.008197244692694828,3903.750735721915,121.99221049130985,14985301406371.684,46562189895.3614,85921553.69323935,15031949517820.738,0.0,0.0,0.0,140211961319182.34,0.7376693757200339,6400.0,gpu_weight_memory_C3
DeepSeek-V4.1-Flash-engram-host,NVIDIA-A100-SXM-80GB-packed-HBM-BF16-execute-x32,gpu,a100_packed_hbm_bf16_execute,8192,32,True,1,32,199762,122838182421.81262,122838182421.81262,11927552.0,22010.0,35917242368.0,0.0056079816157761225,0.0056079816157761225,5706.15280014097,178.3172750044053,21904169955951.664,68060434243.62702,125592423.13110274,21972355982618.42,0.0,0.0,0.0,204949273111505.06,1.0093236087598167,12800.0,gpu_weight_memory_C3
DeepSeek-V4.1-Flash-engram-host,NVIDIA-A100-SXM-80GB-packed-HBM-BF16-execute-x64,gpu,a100_packed_hbm_bf16_execute,8192,32,True,1,32,430295,122838182421.81262,122838182421.81262,11927552.0,22010.0,35917242368.0,0.004310753477661139,0.004310753477661139,7423.2962209107955,231.97800690346236,28495756729856.02,88541751686.317,163386749.8222466,28584461868292.16,0.0,0.0,0.0,266624329535911.5,1.5516974036815625,25600.0,collective_floor_C6
DeepSeek-V4.1-Flash-engram-host,NVIDIA-A100-SXM-80GB-BF16-resident-x1,gpu,a100_bf16_expanded,8192,32,False,1,32,0,122838182421.81262,445716296029.41223,38797312.0,44160.0,35917242368.0,0.406461680620631,,0.0,0.0,0.0,0.0,0.0,0.0,0.0,0.0,0.0,0.0,,400.0,capacity_C7_C8_C9
DeepSeek-V4.1-Flash-engram-host,NVIDIA-A100-SXM-80GB-BF16-resident-x2,gpu,a100_bf16_expanded,8192,32,False,1,32,0,122838182421.81262,445716296029.41223,38797312.0,44160.0,35917242368.0,0.20372748031031548,,0.0,0.0,0.0,0.0,0.0,0.0,0.0,0.0,0.0,0.0,,800.0,capacity_C7_C8_C9
DeepSeek-V4.1-Flash-engram-host,NVIDIA-A100-SXM-80GB-BF16-resident-x4,gpu,a100_bf16_expanded,8192,32,False,1,32,0,122838182421.81262,445716296029.41223,38797312.0,44160.0,35917242368.0,0.10220617780221657,,0.0,0.0,0.0,0.0,0.0,0.0,0.0,0.0,0.0,0.0,,1600.0,capacity_C7_C8_C9
DeepSeek-V4.1-Flash-engram-host,NVIDIA-A100-SXM-80GB-BF16-resident-x8,gpu,a100_bf16_expanded,8192,32,False,1,32,0,122838182421.81262,445716296029.41223,38797312.0,44160.0,35917242368.0,0.05149258544722968,,0.0,0.0,0.0,0.0,0.0,0.0,0.0,0.0,0.0,0.0,,3200.0,capacity_C7_C8_C9
DeepSeek-V4.1-Flash-engram-host,NVIDIA-A100-SXM-80GB-BF16-resident-x16,gpu,a100_bf16_expanded,8192,32,True,1,32,595,122838182421.81262,445716296029.41223,38797312.0,44160.0,35917242368.0,0.02666056971370409,0.02666056971370409,1200.274425626821,37.50857580083816,16718183475288.03,46567421376.66457,53004118.63568042,16764803900783.33,0.0,0.0,0.0,43110547453350.52,2.3991824758598437,6400.0,gpu_weight_memory_C3
DeepSeek-V4.1-Flash-engram-host,NVIDIA-A100-SXM-80GB-BF16-resident-x32,gpu,a100_bf16_expanded,8192,32,True,1,32,37216,122838182421.81262,445716296029.41223,38797312.0,44160.0,35917242368.0,0.014912409165289535,0.014912409165289535,2145.8638671532653,67.05824584853954,29888952957840.754,83253749963.47179,94761348.3734882,29972301469152.598,0.0,0.0,0.0,77073512605277.58,2.6839329486514267,12800.0,gpu_weight_memory_C3
DeepSeek-V4.1-Flash-engram-host,NVIDIA-A100-SXM-80GB-BF16-resident-x64,gpu,a100_bf16_expanded,8192,32,True,1,32,110458,122838182421.81262,445716296029.41223,38797312.0,44160.0,35917242368.0,0.009381551104143411,0.009381551104143411,3410.9498146705223,106.59218170845382,47509872416786.1,132335684176.11443,150627543.81585026,47642358728506.03,0.0,0.0,0.0,122511911198605.83,3.3769800491359834,25600.0,gpu_weight_memory_C3
DeepSeek-V4.1-Flash-engram-host,ROM-wafer-N7-HBM2e-conservative,rom,official_packed,8192,32,True,6,192,11329,122838182421.81262,122838182421.81262,11927552.0,22010.0,35917242368.0,0.0009639394517904535,0.005785910710742721,33197.105835394665,172.83363846996403,127433504452638.45,395960206101.1733,730668299.4370365,396690874400.6103,127433504452638.45,0.0,0.0,1192348496206017.2,0.3079190699391796,90000.0,compute_C5
DeepSeek-V4.1-Flash-engram-host,ROM-wafer-N7-HBM2e-central,rom,official_packed,8192,32,True,2,64,40236,122838182421.81262,122838182421.81262,11927552.0,22010.0,35917242368.0,0.0005294259280700942,0.0010593066561401885,60442.8274161958,944.0137038727906,232021470632524.94,720934967033.701,1330346631.4304698,722265313665.1315,232021470632524.94,0.0,0.0,2170939681714700.0,0.06885546408671665,30000.0,compute_C5
DeepSeek-V4.1-Flash-engram-host,ROM-wafer-N7-HBM2e-aggressive,rom,official_packed,8192,32,True,1,32,69159,122838182421.81262,122838182421.81262,11927552.0,22010.0,35917242368.0,0.0003402882226708445,0.0003402882226708445,94037.92981384814,2938.6853066827543,360982761782596.5,1121642297827.024,2069774835.2027977,1123712072662.2268,360982761782596.5,0.0,0.0,3377583116908956.5,0.0281457512137063,15000.0,compute_C5
DeepSeek-V4.1-Flash-engram-host,N7-SRAM-rich-Graphcore-style-derived-control,sram,official_packed,8192,32,True,10,320,428,122838182421.81262,122838182421.81262,11927552.0,22010.0,35917242368.0,0.00017059673481699137,0.0017100605481699138,187576.86091898644,584.7746157702942,720050020614919.6,2237332762607.9785,4128566708.8268914,0.0,0.0,720050020614919.6,2241461329316.805,6737243576255863.0,0.08076959747808564,150000.0,compute_C5
DeepSeek-V4.1-Flash-engram-host,NVIDIA-A100-SXM-80GB-packed-HBM-BF16-execute-x1,gpu,a100_packed_hbm_bf16_execute,8192,64,False,1,64,0,191900735211.60742,191900735211.60742,11927552.0,22010.0,35917242368.0,0.17473035229397701,,0.0,0.0,0.0,0.0,0.0,0.0,0.0,0.0,0.0,0.0,,400.0,capacity_C7_C8_C9
DeepSeek-V4.1-Flash-engram-host,NVIDIA-A100-SXM-80GB-packed-HBM-BF16-execute-x2,gpu,a100_packed_hbm_bf16_execute,8192,64,False,1,64,0,191900735211.60742,191900735211.60742,11927552.0,22010.0,35917242368.0,0.08817022085287086,,0.0,0.0,0.0,0.0,0.0,0.0,0.0,0.0,0.0,0.0,,800.0,capacity_C7_C8_C9
DeepSeek-V4.1-Flash-engram-host,NVIDIA-A100-SXM-80GB-packed-HBM-BF16-execute-x4,gpu,a100_packed_hbm_bf16_execute,8192,64,False,1,64,0,191900735211.60742,191900735211.60742,11927552.0,22010.0,35917242368.0,0.04458175042643543,,0.0,0.0,0.0,0.0,0.0,0.0,0.0,0.0,0.0,0.0,,1600.0,capacity_C7_C8_C9
DeepSeek-V4.1-Flash-engram-host,NVIDIA-A100-SXM-80GB-packed-HBM-BF16-execute-x8,gpu,a100_packed_hbm_bf16_execute,8192,64,True,1,64,26862,191900735211.60742,191900735211.60742,11927552.0,22010.0,35917242368.0,0.02283457403674728,0.02283457403674728,2802.767413003016,43.793240828172124,8403955112225.214,33430154062.498947,61688910.76019638,8437446955198.473,0.0,0.0,0.0,100667676473961.67,0.5137203598890833,3200.0,gpu_weight_memory_C3
DeepSeek-V4.1-Flash-engram-host,NVIDIA-A100-SXM-80GB-packed-HBM-BF16-execute-x16,gpu,a100_packed_hbm_bf16_execute,8192,64,True,1,64,84495,191900735211.60742,191900735211.60742,11927552.0,22010.0,35917242368.0,0.012831368557571636,0.012831368557571636,4987.776612669611,77.93400957296267,14955593735039.986,59491964912.00064,109780963.24485813,15015195480915.232,0.0,0.0,0.0,179147181474696.47,0.577346900595317,6400.0,gpu_weight_memory_C3
DeepSeek-V4.1-Flash-engram-host,NVIDIA-A100-SXM-80GB-packed-HBM-BF16-execute-x32,gpu,a100_packed_hbm_bf16_execute,8192,64,True,1,64,199762,191900735211.60742,191900735211.60742,11927552.0,22010.0,35917242368.0,0.008884048663181711,0.008884048663181711,7203.922718842829,112.56129248191921,21600594783649.08,85925162832.97923,158558339.04173067,21686678504821.098,0.0,0.0,0.0,258745038293019.44,0.7994748085385273,12800.0,gpu_weight_memory_C3
DeepSeek-V4.1-Flash-engram-host,NVIDIA-A100-SXM-80GB-packed-HBM-BF16-execute-x64,gpu,a100_packed_hbm_bf16_execute,8192,64,True,1,64,430295,191900735211.60742,191900735211.60742,11927552.0,22010.0,35917242368.0,0.006509355158403987,0.006509355158403987,9832.003085186092,153.6250482060327,29480759697656.305,117271728062.71754,216402387.90494588,29598247828106.926,0.0,0.0,0.0,353138437773552.6,1.171552670696545,25600.0,collective_floor_C6
DeepSeek-V4.1-Flash-engram-host,NVIDIA-A100-SXM-80GB-BF16-resident-x1,gpu,a100_bf16_expanded,8192,64,False,1,64,0,191900735211.60742,705716494767.4633,38797312.0,44160.0,35917242368.0,0.6460002499311208,,0.0,0.0,0.0,0.0,0.0,0.0,0.0,0.0,0.0,0.0,,400.0,capacity_C7_C8_C9
DeepSeek-V4.1-Flash-engram-host,NVIDIA-A100-SXM-80GB-BF16-resident-x2,gpu,a100_bf16_expanded,8192,64,False,1,64,0,191900735211.60742,705716494767.4633,38797312.0,44160.0,35917242368.0,0.32380516967144274,,0.0,0.0,0.0,0.0,0.0,0.0,0.0,0.0,0.0,0.0,,800.0,capacity_C7_C8_C9
DeepSeek-V4.1-Flash-engram-host,NVIDIA-A100-SXM-80GB-BF16-resident-x4,gpu,a100_bf16_expanded,8192,64,False,1,64,0,191900735211.60742,705716494767.4633,38797312.0,44160.0,35917242368.0,0.1623992248357214,,0.0,0.0,0.0,0.0,0.0,0.0,0.0,0.0,0.0,0.0,,1600.0,capacity_C7_C8_C9
DeepSeek-V4.1-Flash-engram-host,NVIDIA-A100-SXM-80GB-BF16-resident-x8,gpu,a100_bf16_expanded,8192,64,False,1,64,0,191900735211.60742,705716494767.4633,38797312.0,44160.0,35917242368.0,0.08174331124139068,,0.0,0.0,0.0,0.0,0.0,0.0,0.0,0.0,0.0,0.0,,3200.0,capacity_C7_C8_C9
DeepSeek-V4.1-Flash-engram-host,NVIDIA-A100-SXM-80GB-BF16-resident-x16,gpu,a100_bf16_expanded,8192,64,True,1,64,595,191900735211.60742,705716494767.4633,38797312.0,44160.0,35917242368.0,0.04228574141532309,0.04228574141532309,1513.5125424762757,23.648633476191808,16689230722858.572,58720218326.36532,66836713.87575234,16748017777898.812,0.0,0.0,0.0,54361196815128.29,1.9026451961046416,6400.0,gpu_weight_memory_C3
DeepSeek-V4.1-Flash-engram-host,NVIDIA-A100-SXM-80GB-BF16-resident-x32,gpu,a100_bf16_expanded,8192,64,True,1,64,37216,191900735211.60742,705716494767.4633,38797312.0,44160.0,35917242368.0,0.023617550743034323,0.023617550743034323,2709.8491582102743,42.341393097035535,29881019520011.184,105134863264.02138,119666938.82656571,29986274050214.03,0.0,0.0,0.0,97330308996159.2,2.1253414489598366,12800.0,gpu_weight_memory_C3
DeepSeek-V4.1-Flash-engram-host,NVIDIA-A100-SXM-80GB-BF16-resident-x64,gpu,a100_bf16_expanded,8192,64,True,1,64,110458,191900735211.60742,705716494767.4633,38797312.0,44160.0,35917242368.0,0.014032618484225417,0.014032618484225415,4560.802395643034,71.26253743192241,50291148124691.42,176946873514.11023,201405033.79159638,50468296403239.32,0.0,0.0,0.0,163811445036865.88,2.5255883665888126,25600.0,gpu_weight_memory_C3
DeepSeek-V4.1-Flash-engram-host,ROM-wafer-N7-HBM2e-conservative,rom,official_packed,8192,64,True,6,384,11329,191900735211.60742,191900735211.60742,11927552.0,22010.0,35917242368.0,0.0018289345438248096,0.010975881262948857,34993.051127001105,91.10885732480428,104924878727638.73,417381436955.9643,770197055.3052943,418151634011.2696,104924878727638.73,0.0,0.0,1256853898524314.2,0.29211576653913984,90000.0,compute_C5
DeepSeek-V4.1-Flash-engram-host,ROM-wafer-N7-HBM2e-central,rom,official_packed,8192,64,True,2,128,40236,191900735211.60742,191900735211.60742,11927552.0,22010.0,35917242368.0,0.0010246206552423209,0.0020496961104846416,62462.1411568793,487.8772003736468,187289543920255.3,745020436680.018,1374791726.8629134,746395228406.8809,187289543920255.3,0.0,0.0,2243467862755861.8,0.06662946314956927,30000.0,compute_C5
DeepSeek-V4.1-Flash-engram-host,ROM-wafer-N7-HBM2e-aggressive,rom,official_packed,8192,64,True,1,64,69159,191900735211.60742,191900735211.60742,11927552.0,22010.0,35917242368.0,0.0006654364677381056,0.0006654364677381056,96177.47614215268,1502.7730647211356,288383255976186.44,1147161847914.2854,2116866249.8887804,1149278714164.174,288383255976186.44,0.0,0.0,3454429720940235.5,0.027519626043009858,15000.0,compute_C5
DeepSeek-V4.1-Flash-engram-host,N7-SRAM-rich-Graphcore-style-derived-control,sram,official_packed,8192,64,True,10,640,428,191900735211.60742,191900735211.60742,11927552.0,22010.0,35917242368.0,0.0003343472294544092,0.0033475654945440917,191417.76680619057,298.72455120887514,573956409104249.9,2283145367304.712,4213105047.4042544,0.0,0.0,573956409104249.9,2287358472352.116,6875198323919252.0,0.07914890976640215,150000.0,compute_C5
DeepSeek-V4.1-Flash-engram-host,NVIDIA-A100-SXM-80GB-packed-HBM-BF16-execute-x1,gpu,a100_packed_hbm_bf16_execute,32768,1,False,1,1,0,13035075008.0,13035075008.0,18333696.0,22010.0,36688961536.0,0.010021281870787806,,0.0,0.0,0.0,0.0,0.0,0.0,0.0,0.0,0.0,0.0,,400.0,capacity_C7_C8_C9
DeepSeek-V4.1-Flash-engram-host,NVIDIA-A100-SXM-80GB-packed-HBM-BF16-execute-x2,gpu,a100_packed_hbm_bf16_execute,32768,1,False,1,1,0,13035075008.0,13035075008.0,18333696.0,22010.0,36688961536.0,0.005241380112783762,,0.0,0.0,0.0,0.0,0.0,0.0,0.0,0.0,0.0,0.0,,800.0,capacity_C7_C8_C9
DeepSeek-V4.1-Flash-engram-host,NVIDIA-A100-SXM-80GB-packed-HBM-BF16-execute-x4,gpu,a100_packed_hbm_bf16_execute,32768,1,False,1,1,0,13035075008.0,13035075008.0,18333696.0,22010.0,36688961536.0,0.003021464253225424,,0.0,0.0,0.0,0.0,0.0,0.0,0.0,0.0,0.0,0.0,,1600.0,capacity_C7_C8_C9
DeepSeek-V4.1-Flash-engram-host,NVIDIA-A100-SXM-80GB-packed-HBM-BF16-execute-x8,gpu,a100_packed_hbm_bf16_execute,32768,1,True,1,1,8424,13035075008.0,13035075008.0,18333696.0,22010.0,36688961536.0,0.0020602377741859136,0.0020602377741859136,485.3808684267727,485.3808684267727,6326976027391.161,8898825285.952448,10683232.914073266,6335885535910.027,0.0,0.0,0.0,17808120012020.14,2.966410045703164,3200.0,gpu_weight_memory_C3
DeepSeek-V4.1-Flash-engram-host,NVIDIA-A100-SXM-80GB-packed-HBM-BF16-execute-x16,gpu,a100_packed_hbm_bf16_execute,32768,1,True,1,1,26499,13035075008.0,13035075008.0,18333696.0,22010.0,36688961536.0,0.0017941210049165599,0.0017941210049165596,557.3760059993878,557.3760059993878,7265438045861.477,10218762251.68695,12267845.892046524,7275669075959.056,0.0,0.0,0.0,20449546845200.844,5.1664896536464315,6400.0,gpu_weight_memory_C3
DeepSeek-V4.1-Flash-engram-host,NVIDIA-A100-SXM-80GB-packed-HBM-BF16-execute-x32,gpu,a100_packed_hbm_bf16_execute,32768,1,True,1,1,62650,13035075008.0,13035075008.0,18333696.0,22010.0,36688961536.0,0.0017708223903225365,0.0017708223903225367,564.7093720211323,564.7093720211323,7361029022016.036,10353209954.986343,12429253.278185122,7371394661224.301,0.0,0.0,0.0,20718600429102.035,10.198794320979845,12800.0,gpu_weight_memory_C3
DeepSeek-V4.1-Flash-engram-host,NVIDIA-A100-SXM-80GB-packed-HBM-BF16-execute-x64,gpu,a100_packed_hbm_bf16_execute,32768,1,True,1,1,134951,13035075008.0,13035075008.0,18333696.0,22010.0,36688961536.0,0.0019504839448766255,0.0019504839448766255,512.6932742136738,512.6932742136738,6682995285472.351,9399562630.678135,11284378.965442961,6692406132481.994,0.0,0.0,0.0,18810183817391.38,22.46705789229022,25600.0,collective_floor_C6
DeepSeek-V4.1-Flash-engram-host,NVIDIA-A100-SXM-80GB-BF16-resident-x1,gpu,a100_bf16_expanded,32768,1,False,1,1,0,13035075008.0,32339891648.0,62914560.0,44160.0,36688961536.0,0.026204560418800805,,0.0,0.0,0.0,0.0,0.0,0.0,0.0,0.0,0.0,0.0,,400.0,capacity_C7_C8_C9
DeepSeek-V4.1-Flash-engram-host,NVIDIA-A100-SXM-80GB-BF16-resident-x2,gpu,a100_bf16_expanded,32768,1,False,1,1,0,13035075008.0,32339891648.0,62914560.0,44160.0,36688961536.0,0.013423884863380215,,0.0,0.0,0.0,0.0,0.0,0.0,0.0,0.0,0.0,0.0,,800.0,capacity_C7_C8_C9
DeepSeek-V4.1-Flash-engram-host,NVIDIA-A100-SXM-80GB-BF16-resident-x4,gpu,a100_bf16_expanded,32768,1,False,1,1,0,13035075008.0,32339891648.0,62914560.0,44160.0,36688961536.0,0.007687001553333342,,0.0,0.0,0.0,0.0,0.0,0.0,0.0,0.0,0.0,0.0,,1600.0,capacity_C7_C8_C9
DeepSeek-V4.1-Flash-engram-host,NVIDIA-A100-SXM-80GB-BF16-resident-x8,gpu,a100_bf16_expanded,32768,1,False,1,1,0,13035075008.0,32339891648.0,62914560.0,44160.0,36688961536.0,0.005248386259572012,,0.0,0.0,0.0,0.0,0.0,0.0,0.0,0.0,0.0,0.0,,3200.0,capacity_C7_C8_C9
DeepSeek-V4.1-Flash-engram-host,NVIDIA-A100-SXM-80GB-BF16-resident-x16,gpu,a100_bf16_expanded,32768,1,True,1,1,170,13035075008.0,32339891648.0,62914560.0,44160.0,36688961536.0,0.004318729545675556,0.004318729545675556,231.54957712073522,231.54957712073522,7488288235224.797,14567839762.737123,10225229.325651668,7502866300216.859,0.0,0.0,0.0,8495313528659.72,12.436547732000735,6400.0,gpu_weight_memory_C3
DeepSeek-V4.1-Flash-engram-host,NVIDIA-A100-SXM-80GB-BF16-resident-x32,gpu,a100_bf16_expanded,32768,1,True,1,1,10633,13035075008.0,32339891648.0,62914560.0,44160.0,36688961536.0,0.003981536585973803,0.003981536585973803,251.1593146030128,251.1593146030128,8122465020647.378,15801577768.150126,11091195.332869045,8138277689610.861,0.0,0.0,0.0,9214774432878.06,22.931081594471472,12800.0,gpu_weight_memory_C3
DeepSeek-V4.1-Flash-engram-host,NVIDIA-A100-SXM-80GB-BF16-resident-x64,gpu,a100_bf16_expanded,32768,1,True,1,1,31559,13035075008.0,32339891648.0,62914560.0,44160.0,36688961536.0,0.0040085386448564814,0.0040085386448564814,249.4674714644801,249.4674714644801,8067750996861.818,15695136201.50032,11016483.539871441,8083457149546.858,0.0,0.0,0.0,9152702465043.488,46.17319206037851,25600.0,gpu_weight_memory_C3
DeepSeek-V4.1-Flash-engram-host,ROM-wafer-N7-HBM2e-conservative,rom,official_packed,32768,1,True,6,6,3163,13035075008.0,13035075008.0,18333696.0,22010.0,36688961536.0,0.00012608341889454932,0.000758774513367296,7931.257010379426,1317.9145877767976,103384530038021.64,145409254926.16525,174566966.79845116,145583821892.9637,103384530038021.64,0.0,0.0,290989583385941.1,1.2888274759133322,90000.0,collective_floor_C6
DeepSeek-V4.1-Flash-engram-host,ROM-wafer-N7-HBM2e-central,rom,official_packed,32768,1,True,2,2,12222,13035075008.0,13035075008.0,18333696.0,22010.0,36688961536.0,4.98083237569457e-05,0.00010007144751389138,20076.965546557898,9992.860349713492,261704751832413.9,368084982933.06635,441894011.67973936,368526876944.7461,261704751832413.9,0.0,0.0,736603016697260.0,0.2072932248055288,30000.0,collective_floor_C6
DeepSeek-V4.1-Flash-engram-host,ROM-wafer-N7-HBM2e-aggressive,rom,official_packed,32768,1,True,1,1,21690,13035075008.0,13035075008.0,18333696.0,22010.0,36688961536.0,2.5392444652999415e-05,2.5392444652999415e-05,39381.79303590124,39381.79303590124,513344626172504.7,722013821455.1304,866793264.7201862,722880614719.8506,513344626172504.7,0.0,0.0,1444877089912893.2,0.06720791444868184,15000.0,collective_floor_C6
DeepSeek-V4.1-Flash-engram-host,N7-SRAM-rich-Graphcore-style-derived-control,sram,official_packed,32768,1,True,10,10,114,13035075008.0,13035075008.0,18333696.0,22010.0,36688961536.0,1.1978985618707443e-05,0.00012388305618707442,83479.52254307005,8072.1289155952945,1088161837980945.1,1530488188529.7932,1837384291.172972,0.0,0.0,1088161837980945.1,1532325572820.966,3062776991626342.0,0.18148771208906594,150000.0,collective_floor_C6
DeepSeek-V4.1-Flash-engram-host,NVIDIA-A100-SXM-80GB-packed-HBM-BF16-execute-x1,gpu,a100_packed_hbm_bf16_execute,32768,8,False,1,8,0,42706582676.79819,42706582676.79819,18333696.0,22010.0,36688961536.0,0.0373478372135783,,0.0,0.0,0.0,0.0,0.0,0.0,0.0,0.0,0.0,0.0,,400.0,capacity_C7_C8_C9
DeepSeek-V4.1-Flash-engram-host,NVIDIA-A100-SXM-80GB-packed-HBM-BF16-execute-x2,gpu,a100_packed_hbm_bf16_execute,32768,8,False,1,8,0,42706582676.79819,42706582676.79819,18333696.0,22010.0,36688961536.0,0.018939255077377717,,0.0,0.0,0.0,0.0,0.0,0.0,0.0,0.0,0.0,0.0,,800.0,capacity_C7_C8_C9
DeepSeek-V4.1-Flash-engram-host,NVIDIA-A100-SXM-80GB-packed-HBM-BF16-execute-x4,gpu,a100_packed_hbm_bf16_execute,32768,8,False,1,8,0,42706582676.79819,42706582676.79819,18333696.0,22010.0,36688961536.0,0.009696429840157695,,0.0,0.0,0.0,0.0,0.0,0.0,0.0,0.0,0.0,0.0,,1600.0,capacity_C7_C8_C9
DeepSeek-V4.1-Flash-engram-host,NVIDIA-A100-SXM-80GB-packed-HBM-BF16-execute-x8,gpu,a100_packed_hbm_bf16_execute,32768,8,True,1,8,8424,42706582676.79819,42706582676.79819,18333696.0,22010.0,36688961536.0,0.0051311384139322465,0.0051311384139322465,1559.108204580512,194.888525572564,8323022930124.001,28584215853.884914,34315971.58281707,8351641461949.469,0.0,0.0,0.0,57202060948316.42,0.9235014477271012,3200.0,gpu_weight_memory_C3
DeepSeek-V4.1-Flash-engram-host,NVIDIA-A100-SXM-80GB-packed-HBM-BF16-execute-x16,gpu,a100_packed_hbm_bf16_execute,32768,8,True,1,8,26499,42706582676.79819,42706582676.79819,18333696.0,22010.0,36688961536.0,0.003208264315945563,0.0032082643159455624,2493.5601347553506,311.69501684441883,13311429006812.176,45716173468.32363,54883258.565965265,13357200063539.064,0.0,0.0,0.0,91486131871742.03,1.154845767723641,6400.0,gpu_weight_memory_C3
DeepSeek-V4.1-Flash-engram-host,NVIDIA-A100-SXM-80GB-packed-HBM-BF16-execute-x32,gpu,a100_packed_hbm_bf16_execute,32768,8,True,1,8,62650,42706582676.79819,42706582676.79819,18333696.0,22010.0,36688961536.0,0.002597953602151642,0.002597953602151642,3079.3467571454503,384.9183446431813,16438547109320.32,56455807324.090515,67776422.12477136,16495070693066.535,0.0,0.0,0.0,112978034728915.77,1.87031704792874,12800.0,gpu_weight_memory_C3
DeepSeek-V4.1-Flash-engram-host,NVIDIA-A100-SXM-80GB-packed-HBM-BF16-execute-x64,gpu,a100_packed_hbm_bf16_execute,32768,8,True,1,8,134951,42706582676.79819,42706582676.79819,18333696.0,22010.0,36688961536.0,0.002479919359196338,0.002479919359196338,3225.9113468078826,403.23891835098533,17220956205059.027,59142877955.326294,71002308.7432415,17280170085323.098,0.0,0.0,0.0,118355337321580.36,3.570683826802765,25600.0,collective_floor_C6
DeepSeek-V4.1-Flash-engram-host,NVIDIA-A100-SXM-80GB-BF16-resident-x1,gpu,a100_bf16_expanded,32768,8,False,1,8,0,42706582676.79819,144044391107.00494,62914560.0,44160.0,36688961536.0,0.12904927997483126,,0.0,0.0,0.0,0.0,0.0,0.0,0.0,0.0,0.0,0.0,,400.0,capacity_C7_C8_C9
DeepSeek-V4.1-Flash-engram-host,NVIDIA-A100-SXM-80GB-BF16-resident-x2,gpu,a100_bf16_expanded,32768,8,False,1,8,0,42706582676.79819,144044391107.00494,62914560.0,44160.0,36688961536.0,0.0647899764580051,,0.0,0.0,0.0,0.0,0.0,0.0,0.0,0.0,0.0,0.0,,800.0,capacity_C7_C8_C9
DeepSeek-V4.1-Flash-engram-host,NVIDIA-A100-SXM-80GB-BF16-resident-x4,gpu,a100_bf16_expanded,32768,8,False,1,8,0,42706582676.79819,144044391107.00494,62914560.0,44160.0,36688961536.0,0.03262183592449769,,0.0,0.0,0.0,0.0,0.0,0.0,0.0,0.0,0.0,0.0,,1600.0,capacity_C7_C8_C9
DeepSeek-V4.1-Flash-engram-host,NVIDIA-A100-SXM-80GB-BF16-resident-x8,gpu,a100_bf16_expanded,32768,8,False,1,8,0,42706582676.79819,144044391107.00494,62914560.0,44160.0,36688961536.0,0.01661894163461043,,0.0,0.0,0.0,0.0,0.0,0.0,0.0,0.0,0.0,0.0,,3200.0,capacity_C7_C8_C9
DeepSeek-V4.1-Flash-engram-host,NVIDIA-A100-SXM-80GB-BF16-resident-x16,gpu,a100_bf16_expanded,32768,8,True,1,8,170,42706582676.79819,144044391107.00494,62914560.0,44160.0,36688961536.0,0.009244232196438884,0.009244232196438884,865.4044846560438,108.17556058200547,15582082756693.904,54446542374.16174,38216262.042410895,15636567515330.11,0.0,0.0,0.0,31750791850627.492,3.3275507802933797,6400.0,gpu_weight_memory_C3
DeepSeek-V4.1-Flash-engram-host,NVIDIA-A100-SXM-80GB-BF16-resident-x32,gpu,a100_bf16_expanded,32768,8,True,1,8,10633,42706582676.79819,144044391107.00494,62914560.0,44160.0,36688961536.0,0.006301754476304564,0.006301754476304564,1269.4877323578798,158.68596654473498,22857823428162.91,79869262106.69377,56060578.260923974,22937748750847.863,0.0,0.0,0.0,46576186582902.12,4.536754936320727,12800.0,gpu_weight_memory_C3
DeepSeek-V4.1-Flash-engram-host,NVIDIA-A100-SXM-80GB-BF16-resident-x64,gpu,a100_bf16_expanded,32768,8,True,1,8,31559,42706582676.79819,144044391107.00494,62914560.0,44160.0,36688961536.0,0.005208515104017758,0.005208515104017758,1535.9463955147098,191.99329943933873,27655557914364.42,96633391657.39394,67827392.82592958,27752259133414.64,0.0,0.0,0.0,56352278226397.03,7.499421533449029,25600.0,gpu_weight_memory_C3
DeepSeek-V4.1-Flash-engram-host,ROM-wafer-N7-HBM2e-conservative,rom,official_packed,32768,8,True,6,48,3163,42706582676.79819,42706582676.79819,18333696.0,22010.0,36688961536.0,0.00031589677188810186,0.0018976546313286113,25324.728556687467,526.9662790535634,135191576734205.67,464295874640.8268,557397275.5326911,464853271916.3595,135191576734205.67,0.0,0.0,929137991925947.2,0.40363796716028066,90000.0,compute_C5
DeepSeek-V4.1-Flash-engram-host,ROM-wafer-N7-HBM2e-central,rom,official_packed,32768,8,True,2,16,12222,42706582676.79819,42706582676.79819,18333696.0,22010.0,36688961536.0,0.00015918488410719296,0.0003188245682143859,50256.028044804225,3136.521145784393,268282902087865.0,921378740340.915,1106135177.266141,922484875518.1812,268282902087865.0,0.0,0.0,1843841479887959.5,0.08281233305475595,30000.0,compute_C5
DeepSeek-V4.1-Flash-engram-host,ROM-wafer-N7-HBM2e-aggressive,rom,official_packed,32768,8,True,1,8,21690,42706582676.79819,42706582676.79819,18333696.0,22010.0,36688961536.0,9.715971399891133e-05,9.715971399891134e-05,82338.65324150336,10292.33165518792,439550312769310.06,1509571837579.1372,1812273757.845489,1511384111336.9827,439550312769310.06,0.0,0.0,3020919681703558.5,0.032144904889680935,15000.0,compute_C5
DeepSeek-V4.1-Flash-engram-host,N7-SRAM-rich-Graphcore-style-derived-control,sram,official_packed,32768,8,True,10,80,114,42706582676.79819,42706582676.79819,18333696.0,22010.0,36688961536.0,4.797554375998504e-05,0.00048384863759985035,166751.62745466494,2066.762045586277,890174020547912.4,3057173645259.0806,3670203320.2771754,0.0,0.0,890174020547912.4,3060843848579.358,6117944045749603.0,0.09085672975964437,150000.0,compute_C5
DeepSeek-V4.1-Flash-engram-host,NVIDIA-A100-SXM-80GB-packed-HBM-BF16-execute-x1,gpu,a100_packed_hbm_bf16_execute,32768,32,False,1,32,0,122838182421.81262,122838182421.81262,18333696.0,22010.0,36688961536.0,0.11121558240131155,,0.0,0.0,0.0,0.0,0.0,0.0,0.0,0.0,0.0,0.0,,400.0,capacity_C7_C8_C9
DeepSeek-V4.1-Flash-engram-host,NVIDIA-A100-SXM-80GB-packed-HBM-BF16-execute-x2,gpu,a100_packed_hbm_bf16_execute,32768,32,False,1,32,0,122838182421.81262,122838182421.81262,18333696.0,22010.0,36688961536.0,0.05610443120065577,,0.0,0.0,0.0,0.0,0.0,0.0,0.0,0.0,0.0,0.0,,800.0,capacity_C7_C8_C9
DeepSeek-V4.1-Flash-engram-host,NVIDIA-A100-SXM-80GB-packed-HBM-BF16-execute-x4,gpu,a100_packed_hbm_bf16_execute,32768,32,False,1,32,0,122838182421.81262,122838182421.81262,18333696.0,22010.0,36688961536.0,0.02839465324738671,,0.0,0.0,0.0,0.0,0.0,0.0,0.0,0.0,0.0,0.0,,1600.0,capacity_C7_C8_C9
DeepSeek-V4.1-Flash-engram-host,NVIDIA-A100-SXM-80GB-packed-HBM-BF16-execute-x8,gpu,a100_packed_hbm_bf16_execute,32768,32,True,1,32,8424,122838182421.81262,122838182421.81262,18333696.0,22010.0,36688961536.0,0.014586823114345084,0.014586823114345083,2193.7607489413044,68.55502340441576,8421174470883.257,40219742667.8222,48284674.08419811,8461442498225.163,0.0,0.0,0.0,80486803737094.08,0.656333506189388,3200.0,gpu_weight_memory_C3
DeepSeek-V4.1-Flash-engram-host,NVIDIA-A100-SXM-80GB-packed-HBM-BF16-execute-x16,gpu,a100_packed_hbm_bf16_execute,32768,32,True,1,32,26499,122838182421.81262,122838182421.81262,18333696.0,22010.0,36688961536.0,0.008206693735606176,0.008206693735606176,3899.2560257442537,121.85175080450793,14968047593741.396,71487774602.16331,85822625.12663102,15039621190968.686,0.0,0.0,0.0,143059654347547.16,0.7385196943144975,6400.0,gpu_weight_memory_C3
DeepSeek-V4.1-Flash-engram-host,NVIDIA-A100-SXM-80GB-packed-HBM-BF16-execute-x32,gpu,a100_packed_hbm_bf16_execute,32768,32,True,1,32,62650,122838182421.81262,122838182421.81262,18333696.0,22010.0,36688961536.0,0.0056127061372317965,0.0056127061372317965,5701.349619522838,178.1671756100887,21885732019171.2,104526810714.04738,125486705.12569767,21990384316590.37,0.0,0.0,0.0,209176596893961.66,1.0101739273542802,12800.0,gpu_weight_memory_C3
DeepSeek-V4.1-Flash-engram-host,NVIDIA-A100-SXM-80GB-packed-HBM-BF16-execute-x64,gpu,a100_packed_hbm_bf16_execute,32768,32,True,1,32,134951,122838182421.81262,122838182421.81262,18333696.0,22010.0,36688961536.0,0.004313115738388975,0.004313115738388975,7419.230537957362,231.85095431116756,28480149820346.543,136021917236.82674,163297264.14044154,28616335034847.51,0.0,0.0,0.0,272203863833834.22,1.5525477222760253,25600.0,collective_floor_C6
DeepSeek-V4.1-Flash-engram-host,NVIDIA-A100-SXM-80GB-BF16-resident-x1,gpu,a100_bf16_expanded,32768,32,False,1,32,0,122838182421.81262,445716296029.41223,62914560.0,44160.0,36688961536.0,0.40703084649952637,,0.0,0.0,0.0,0.0,0.0,0.0,0.0,0.0,0.0,0.0,,400.0,capacity_C7_C8_C9
DeepSeek-V4.1-Flash-engram-host,NVIDIA-A100-SXM-80GB-BF16-resident-x2,gpu,a100_bf16_expanded,32768,32,False,1,32,0,122838182421.81262,445716296029.41223,62914560.0,44160.0,36688961536.0,0.20401206324976318,,0.0,0.0,0.0,0.0,0.0,0.0,0.0,0.0,0.0,0.0,,800.0,capacity_C7_C8_C9
DeepSeek-V4.1-Flash-engram-host,NVIDIA-A100-SXM-80GB-BF16-resident-x4,gpu,a100_bf16_expanded,32768,32,False,1,32,0,122838182421.81262,445716296029.41223,62914560.0,44160.0,36688961536.0,0.10234846927194041,,0.0,0.0,0.0,0.0,0.0,0.0,0.0,0.0,0.0,0.0,,1600.0,capacity_C7_C8_C9
DeepSeek-V4.1-Flash-engram-host,NVIDIA-A100-SXM-80GB-BF16-resident-x8,gpu,a100_bf16_expanded,32768,32,False,1,32,0,122838182421.81262,445716296029.41223,62914560.0,44160.0,36688961536.0,0.0515637311820916,,0.0,0.0,0.0,0.0,0.0,0.0,0.0,0.0,0.0,0.0,,3200.0,capacity_C7_C8_C9
DeepSeek-V4.1-Flash-engram-host,NVIDIA-A100-SXM-80GB-BF16-resident-x16,gpu,a100_bf16_expanded,32768,32,True,1,32,170,122838182421.81262,445716296029.41223,62914560.0,44160.0,36688961536.0,0.026696142581135052,0.026696142581135052,1198.6750483799462,37.45859526187332,16695906334587.066,75414113251.80302,52933490.13645843,16771373381329.006,0.0,0.0,0.0,43978142744174.79,2.402383675274295,6400.0,gpu_weight_memory_C3
DeepSeek-V4.1-Flash-engram-host,NVIDIA-A100-SXM-80GB-BF16-resident-x32,gpu,a100_bf16_expanded,32768,32,True,1,32,10633,122838182421.81262,445716296029.41223,62914560.0,44160.0,36688961536.0,0.014930195599005016,0.014930195599005014,2143.307486348843,66.97835894840135,29853346064609.887,134845247448.34348,94648458.59716491,29988285960516.83,0.0,0.0,0.0,78635725926473.55,2.687134148065878,12800.0,gpu_weight_memory_C3
DeepSeek-V4.1-Flash-engram-host,NVIDIA-A100-SXM-80GB-BF16-resident-x64,gpu,a100_bf16_expanded,32768,32,True,1,32,31559,122838182421.81262,445716296029.41223,62914560.0,44160.0,36688961536.0,0.00939044432100115,0.00939044432100115,3407.719475896787,106.4912336217746,47464878209500.18,214395171429.47696,150484892.05560213,47679423865821.71,0.0,0.0,0.0,125025688776655.3,3.3801812485504343,25600.0,gpu_weight_memory_C3
DeepSeek-V4.1-Flash-engram-host,ROM-wafer-N7-HBM2e-conservative,rom,official_packed,32768,32,True,6,192,3163,122838182421.81262,122838182421.81262,18333696.0,22010.0,36688961536.0,0.0009668073619426515,0.0058031181716559094,33098.63087482174,172.32115052977662,127055489291049.75,606820236475.1959,728500865.5548265,607548737340.7507,127055489291049.75,0.0,0.0,1214354395060597.0,0.3088351899559437,90000.0,compute_C5
DeepSeek-V4.1-Flash-engram-host,ROM-wafer-N7-HBM2e-central,rom,official_packed,32768,32,True,2,64,12222,122838182421.81262,122838182421.81262,18333696.0,22010.0,36688961536.0,0.0005342142839035194,0.0010688833678070388,59901.05649398789,935.5557679334439,229941778277118.38,1098207759839.5999,1318422253.4326735,1099526182093.0325,229941778277118.38,0.0,0.0,2197707557673684.8,0.06947822252305673,30000.0,compute_C5
DeepSeek-V4.1-Flash-engram-host,ROM-wafer-N7-HBM2e-aggressive,rom,official_packed,32768,32,True,1,32,21690,122838182421.81262,122838182421.81262,18333696.0,22010.0,36688961536.0,0.000343218923184895,0.000343218923184895,93234.95249928665,2913.592265602708,357900378224887.75,1709341275696.3616,2052101304.5092993,1711393377000.8708,357900378224887.75,0.0,0.0,3420693586057115.0,0.028388153865502263,15000.0,compute_C5
DeepSeek-V4.1-Flash-engram-host,N7-SRAM-rich-Graphcore-style-derived-control,sram,official_packed,32768,32,True,10,320,114,122838182421.81262,122838182421.81262,18333696.0,22010.0,36688961536.0,0.00017139712453488964,0.0017180644453488965,186700.91512233083,582.0503431679623,716687533441132.2,3422917820774.616,4109287141.8425016,0.0,0.0,716687533441132.2,3427027107916.4585,6849862693659197.0,0.08114854468015018,150000.0,compute_C5
DeepSeek-V4.1-Flash-engram-host,NVIDIA-A100-SXM-80GB-packed-HBM-BF16-execute-x1,gpu,a100_packed_hbm_bf16_execute,32768,64,False,1,64,0,191900735211.60742,191900735211.60742,18333696.0,22010.0,36688961536.0,0.17503272166714018,,0.0,0.0,0.0,0.0,0.0,0.0,0.0,0.0,0.0,0.0,,400.0,capacity_C7_C8_C9
DeepSeek-V4.1-Flash-engram-host,NVIDIA-A100-SXM-80GB-packed-HBM-BF16-execute-x2,gpu,a100_packed_hbm_bf16_execute,32768,64,False,1,64,0,191900735211.60742,191900735211.60742,18333696.0,22010.0,36688961536.0,0.08832140553945245,,0.0,0.0,0.0,0.0,0.0,0.0,0.0,0.0,0.0,0.0,,800.0,capacity_C7_C8_C9
DeepSeek-V4.1-Flash-engram-host,NVIDIA-A100-SXM-80GB-packed-HBM-BF16-execute-x4,gpu,a100_packed_hbm_bf16_execute,32768,64,False,1,64,0,191900735211.60742,191900735211.60742,18333696.0,22010.0,36688961536.0,0.04465734276972622,,0.0,0.0,0.0,0.0,0.0,0.0,0.0,0.0,0.0,0.0,,1600.0,capacity_C7_C8_C9
DeepSeek-V4.1-Flash-engram-host,NVIDIA-A100-SXM-80GB-packed-HBM-BF16-execute-x8,gpu,a100_packed_hbm_bf16_execute,32768,64,True,1,64,8424,191900735211.60742,191900735211.60742,18333696.0,22010.0,36688961536.0,0.022872370208392674,0.022872370208392674,2798.1358913347844,43.72087330210601,8390067730767.681,51300172798.420975,61586970.96827861,8441429490537.07,0.0,0.0,0.0,102660700089682.98,0.5145706784835469,3200.0,gpu_weight_memory_C3
DeepSeek-V4.1-Flash-engram-host,NVIDIA-A100-SXM-80GB-packed-HBM-BF16-execute-x16,gpu,a100_packed_hbm_bf16_execute,32768,64,True,1,64,26499,191900735211.60742,191900735211.60742,18333696.0,22010.0,36688961536.0,0.012850266643394333,0.012850266643394333,4980.441400638106,77.8193968849704,14933599475949.691,91309898585.11324,109619515.2280447,15025018994050.033,0.0,0.0,0.0,182727222980313.44,0.5781972191897806,6400.0,gpu_weight_memory_C3
DeepSeek-V4.1-Flash-engram-host,NVIDIA-A100-SXM-80GB-packed-HBM-BF16-execute-x32,gpu,a100_packed_hbm_bf16_execute,32768,64,True,1,64,62650,191900735211.60742,191900735211.60742,18333696.0,22010.0,36688961536.0,0.008893497706093061,0.008893497706093061,7196.2687926655335,112.44169988539896,21577644876450.973,131934204379.01692,158389876.1265684,21709737470706.117,0.0,0.0,0.0,264023628936822.9,0.8003251271329909,12800.0,gpu_weight_memory_C3
DeepSeek-V4.1-Flash-engram-host,NVIDIA-A100-SXM-80GB-packed-HBM-BF16-execute-x64,gpu,a100_packed_hbm_bf16_execute,32768,64,True,1,64,134951,191900735211.60742,191900735211.60742,18333696.0,22010.0,36688961536.0,0.006514079679859661,0.006514079679859661,9824.872145466114,153.51362727290802,29459377938671.72,180126219153.8435,216245435.92170915,29639720403261.484,0.0,0.0,0.0,360464356241124.06,1.1724029892910084,25600.0,collective_floor_C6
DeepSeek-V4.1-Flash-engram-host,NVIDIA-A100-SXM-80GB-BF16-resident-x1,gpu,a100_bf16_expanded,32768,64,False,1,64,0,191900735211.60742,705716494767.4633,62914560.0,44160.0,36688961536.0,0.6471385816889116,,0.0,0.0,0.0,0.0,0.0,0.0,0.0,0.0,0.0,0.0,,400.0,capacity_C7_C8_C9
DeepSeek-V4.1-Flash-engram-host,NVIDIA-A100-SXM-80GB-BF16-resident-x2,gpu,a100_bf16_expanded,32768,64,False,1,64,0,191900735211.60742,705716494767.4633,62914560.0,44160.0,36688961536.0,0.3243743355503381,,0.0,0.0,0.0,0.0,0.0,0.0,0.0,0.0,0.0,0.0,,800.0,capacity_C7_C8_C9
DeepSeek-V4.1-Flash-engram-host,NVIDIA-A100-SXM-80GB-BF16-resident-x4,gpu,a100_bf16_expanded,32768,64,False,1,64,0,191900735211.60742,705716494767.4633,62914560.0,44160.0,36688961536.0,0.16268380777516908,,0.0,0.0,0.0,0.0,0.0,0.0,0.0,0.0,0.0,0.0,,1600.0,capacity_C7_C8_C9
DeepSeek-V4.1-Flash-engram-host,NVIDIA-A100-SXM-80GB-BF16-resident-x8,gpu,a100_bf16_expanded,32768,64,False,1,64,0,191900735211.60742,705716494767.4633,62914560.0,44160.0,36688961536.0,0.08188560271111453,,0.0,0.0,0.0,0.0,0.0,0.0,0.0,0.0,0.0,0.0,,3200.0,capacity_C7_C8_C9
DeepSeek-V4.1-Flash-engram-host,NVIDIA-A100-SXM-80GB-BF16-resident-x16,gpu,a100_bf16_expanded,32768,64,True,1,64,170,191900735211.60742,705716494767.4633,62914560.0,44160.0,36688961536.0,0.04235688715018501,0.04235688715018501,1510.9703357821102,23.60891149659547,16661198266652.621,95062033848.78372,66724450.02813798,16756327024951.434,0.0,0.0,0.0,55435932531546.84,1.9058463955190936,6400.0,gpu_weight_memory_C3
DeepSeek-V4.1-Flash-engram-host,NVIDIA-A100-SXM-80GB-BF16-resident-x32,gpu,a100_bf16_expanded,32768,64,True,1,64,10633,191900735211.60742,705716494767.4633,62914560.0,44160.0,36688961536.0,0.023653123610465284,0.023653123610465288,2705.77370896093,42.27771420251453,29836080273779.156,170232562358.84497,119486966.98771466,30006432323104.99,0.0,0.0,0.0,99272027533187.62,2.128542648374288,12800.0,gpu_weight_memory_C3
DeepSeek-V4.1-Flash-engram-host,NVIDIA-A100-SXM-80GB-BF16-resident-x64,gpu,a100_bf16_expanded,32768,64,True,1,64,31559,191900735211.60742,705716494767.4633,62914560.0,44160.0,36688961536.0,0.0140504049179409,0.0140504049179409,4555.0288674085605,71.17232605325876,50227484466752.77,286577636980.3079,201150074.78476202,50514263253807.87,0.0,0.0,0.0,167119278911722.3,2.5287895660032644,25600.0,gpu_weight_memory_C3
DeepSeek-V4.1-Flash-engram-host,ROM-wafer-N7-HBM2e-conservative,rom,official_packed,32768,64,True,6,384,3163,191900735211.60742,191900735211.60742,18333696.0,22010.0,36688961536.0,0.0018346703641292054,0.011010296184775233,34883.650628093346,90.82407804639946,104596846912436.94,639546245985.6725,767789150.3243345,640314035135.9968,104596846912436.94,0.0,0.0,1279844916129379.0,0.29303188655590395,90000.0,compute_C5
DeepSeek-V4.1-Flash-engram-host,ROM-wafer-N7-HBM2e-central,rom,official_packed,32768,64,True,2,128,12222,191900735211.60742,191900735211.60742,18333696.0,22010.0,36688961536.0,0.001034197366909171,0.0020688495338183417,61883.739069334566,483.36042986865493,185555234766384.03,1134557659440.503,1362061096.9160538,1135919720537.419,185555234766384.03,0.0,0.0,2270450122418676.5,0.06725222158590934,30000.0,compute_C5
DeepSeek-V4.1-Flash-engram-host,ROM-wafer-N7-HBM2e-aggressive,rom,official_packed,32768,64,True,1,64,21690,191900735211.60742,191900735211.60742,18333696.0,22010.0,36688961536.0,0.0006712978687662066,0.0006712978687662066,95337.70771181954,1489.6516829971804,285865253176367.25,1747892550525.3552,2098382946.7371483,1749990933472.0923,285865253176367.25,0.0,0.0,3497841491169358.0,0.027762028694805818,15000.0,compute_C5
DeepSeek-V4.1-Flash-engram-host,N7-SRAM-rich-Graphcore-style-derived-control,sram,official_packed,32768,64,True,10,640,114,191900735211.60742,191900735211.60742,18333696.0,22010.0,36688961536.0,0.00033594800889020577,0.0033635732889020576,190505.6684557295,297.30287230531,571221528728644.0,3492673011744.134,4193029762.710606,0.0,0.0,571221528728644.0,3496866041506.844,6989455142362228.0,0.07952785696846668,150000.0,compute_C5
DeepSeek-V4.1-Flash-engram-host,NVIDIA-A100-SXM-80GB-packed-HBM-BF16-execute-x1,gpu,a100_packed_hbm_bf16_execute,200000,1,False,1,1,0,13035075008.0,13035075008.0,46763136.0,22010.0,40113872896.0,0.010042248539544054,,0.0,0.0,0.0,0.0,0.0,0.0,0.0,0.0,0.0,0.0,,400.0,capacity_C7_C8_C9
DeepSeek-V4.1-Flash-engram-host,NVIDIA-A100-SXM-80GB-packed-HBM-BF16-execute-x2,gpu,a100_packed_hbm_bf16_execute,200000,1,False,1,1,0,13035075008.0,13035075008.0,46763136.0,22010.0,40113872896.0,0.0052518634471618855,,0.0,0.0,0.0,0.0,0.0,0.0,0.0,0.0,0.0,0.0,,800.0,capacity_C7_C8_C9
DeepSeek-V4.1-Flash-engram-host,NVIDIA-A100-SXM-80GB-packed-HBM-BF16-execute-x4,gpu,a100_packed_hbm_bf16_execute,200000,1,False,1,1,0,13035075008.0,13035075008.0,46763136.0,22010.0,40113872896.0,0.0030267059204144857,,0.0,0.0,0.0,0.0,0.0,0.0,0.0,0.0,0.0,0.0,,1600.0,capacity_C7_C8_C9
DeepSeek-V4.1-Flash-engram-host,NVIDIA-A100-SXM-80GB-packed-HBM-BF16-execute-x8,gpu,a100_packed_hbm_bf16_execute,200000,1,True,1,1,1485,13035075008.0,13035075008.0,46763136.0,22010.0,40113872896.0,0.0020628586077804448,0.0020628586077804448,484.7641986844464,484.7641986844464,6318937691044.773,22669094151.011787,10669660.013044665,6341617454855.798,0.0,0.0,0.0,19445769450559.17,2.970183623297141,3200.0,gpu_weight_memory_C3
DeepSeek-V4.1-Flash-engram-host,NVIDIA-A100-SXM-80GB-packed-HBM-BF16-execute-x16,gpu,a100_packed_hbm_bf16_execute,200000,1,True,1,1,4673,13035075008.0,13035075008.0,46763136.0,22010.0,40113872896.0,0.0017954314217138254,0.0017954314217138252,556.9691985480861,556.9691985480861,7260135280219.946,26045626379.515152,12258892.060043374,7286193165491.521,0.0,0.0,0.0,22342191637544.914,5.170263231240409,6400.0,gpu_weight_memory_C3
DeepSeek-V4.1-Flash-engram-host,NVIDIA-A100-SXM-80GB-packed-HBM-BF16-execute-x32,gpu,a100_packed_hbm_bf16_execute,200000,1,True,1,1,11048,13035075008.0,13035075008.0,46763136.0,22010.0,40113872896.0,0.001771477598721169,0.001771477598721169,564.5005055225653,564.5005055225653,7358306431540.557,26397813911.820473,12424656.126551662,7384716670108.504,0.0,0.0,0.0,22644301528259.93,10.202567898573818,12800.0,gpu_weight_memory_C3
DeepSeek-V4.1-Flash-engram-host,NVIDIA-A100-SXM-80GB-packed-HBM-BF16-execute-x64,gpu,a100_packed_hbm_bf16_execute,200000,1,True,1,1,23798,13035075008.0,13035075008.0,46763136.0,22010.0,40113872896.0,0.0019508115490759416,0.0019508115490759416,512.6071764715966,512.6071764715966,6681872994946.3545,23971119107.917274,11282483.954139842,6705855396538.226,0.0,0.0,0.0,20562659122559.07,22.470831469884192,25600.0,collective_floor_C6
DeepSeek-V4.1-Flash-engram-host,NVIDIA-A100-SXM-80GB-BF16-resident-x1,gpu,a100_bf16_expanded,200000,1,False,1,1,0,13035075008.0,32339891648.0,169943040.0,44160.0,40113872896.0,0.02628349376000079,,0.0,0.0,0.0,0.0,0.0,0.0,0.0,0.0,0.0,0.0,,400.0,capacity_C7_C8_C9
DeepSeek-V4.1-Flash-engram-host,NVIDIA-A100-SXM-80GB-BF16-resident-x2,gpu,a100_bf16_expanded,200000,1,False,1,1,0,13035075008.0,32339891648.0,169943040.0,44160.0,40113872896.0,0.013463351533980207,,0.0,0.0,0.0,0.0,0.0,0.0,0.0,0.0,0.0,0.0,,800.0,capacity_C7_C8_C9
DeepSeek-V4.1-Flash-engram-host,NVIDIA-A100-SXM-80GB-BF16-resident-x4,gpu,a100_bf16_expanded,200000,1,False,1,1,0,13035075008.0,32339891648.0,169943040.0,44160.0,40113872896.0,0.007706734888633339,,0.0,0.0,0.0,0.0,0.0,0.0,0.0,0.0,0.0,0.0,,1600.0,capacity_C7_C8_C9
DeepSeek-V4.1-Flash-engram-host,NVIDIA-A100-SXM-80GB-BF16-resident-x8,gpu,a100_bf16_expanded,200000,1,False,1,1,0,13035075008.0,32339891648.0,169943040.0,44160.0,40113872896.0,0.005258252927222011,,0.0,0.0,0.0,0.0,0.0,0.0,0.0,0.0,0.0,0.0,,3200.0,capacity_C7_C8_C9
DeepSeek-V4.1-Flash-engram-host,NVIDIA-A100-SXM-80GB-BF16-resident-x16,gpu,a100_bf16_expanded,200000,1,True,1,1,29,13035075008.0,32339891648.0,169943040.0,44160.0,40113872896.0,0.0043236628795005555,0.0043236628795005555,231.28537720672483,231.28537720672483,7479744038632.29,39305340110.057526,10213562.25744897,7519059592304.605,0.0,0.0,0.0,9277752223973.975,12.450754141766295,6400.0,gpu_weight_memory_C3
DeepSeek-V4.1-Flash-engram-host,NVIDIA-A100-SXM-80GB-BF16-resident-x32,gpu,a100_bf16_expanded,200000,1,True,1,1,1814,13035075008.0,32339891648.0,169943040.0,44160.0,40113872896.0,0.003984003252886302,0.003984003252886302,251.00381112277637,251.00381112277637,8117436054945.645,42656350713.79043,11084328.299181804,8160103489987.734,0.0,0.0,0.0,10068734975790.643,22.945288004237028,12800.0,gpu_weight_memory_C3
DeepSeek-V4.1-Flash-engram-host,NVIDIA-A100-SXM-80GB-BF16-resident-x64,gpu,a100_bf16_expanded,200000,1,True,1,1,5385,13035075008.0,32339891648.0,169943040.0,44160.0,40113872896.0,0.004009771978312732,0.004009771978312732,249.39073977488093,249.39073977488093,8065269502334.214,42382220465.19218,11013095.068458742,8107662735894.475,0.0,0.0,0.0,10004028436768.984,46.187398470144075,25600.0,gpu_weight_memory_C3
DeepSeek-V4.1-Flash-engram-host,ROM-wafer-N7-HBM2e-conservative,rom,official_packed,200000,1,True,6,6,535,13035075008.0,13035075008.0,46763136.0,22010.0,40113872896.0,0.00012608341889454932,0.000758774513367296,7931.257010379426,1317.9145877767976,103384530038021.64,370890450227.32654,174566966.79845116,371065017194.125,103384530038021.64,0.0,0.0,318153435619869.25,1.2888274759133322,90000.0,collective_floor_C6
DeepSeek-V4.1-Flash-engram-host,ROM-wafer-N7-HBM2e-central,rom,official_packed,200000,1,True,2,2,2130,13035075008.0,13035075008.0,46763136.0,22010.0,40113872896.0,5.024473721326727e-05,0.00010094427442653454,19902.581951129145,9906.45587063764,259431648585835.38,930707146531.7976,438055828.74435246,931145202360.542,259431648585835.38,0.0,0.0,798369642689818.2,0.20910949859042624,30000.0,collective_floor_C6
DeepSeek-V4.1-Flash-engram-host,ROM-wafer-N7-HBM2e-aggressive,rom,official_packed,200000,1,True,1,1,3825,13035075008.0,13035075008.0,46763136.0,22010.0,40113872896.0,2.5798898754906658e-05,2.5798898754906655e-05,38761.34440854036,38761.34440854036,505257031776244.94,1812602020119.4124,853137190.4319733,1813455157309.8442,505257031776244.94,0.0,0.0,1554867642882268.2,0.06828370423109928,15000.0,collective_floor_C6
DeepSeek-V4.1-Flash-engram-host,N7-SRAM-rich-Graphcore-style-derived-control,sram,official_packed,200000,1,True,10,10,19,13035075008.0,13035075008.0,46763136.0,22010.0,40113872896.0,1.1978985618707443e-05,0.00012388305618707442,83479.52254307005,8072.1289155952945,1088161837980945.1,3903764265896.651,1837384291.172972,0.0,0.0,1088161837980945.1,3905601650187.8237,3348686956711479.0,0.18148771208906594,150000.0,collective_floor_C6
DeepSeek-V4.1-Flash-engram-host,NVIDIA-A100-SXM-80GB-packed-HBM-BF16-execute-x1,gpu,a100_packed_hbm_bf16_execute,200000,8,False,1,8,0,42706582676.79819,42706582676.79819,46763136.0,22010.0,40113872896.0,0.03751557056362827,,0.0,0.0,0.0,0.0,0.0,0.0,0.0,0.0,0.0,0.0,,400.0,capacity_C7_C8_C9
DeepSeek-V4.1-Flash-engram-host,NVIDIA-A100-SXM-80GB-packed-HBM-BF16-execute-x2,gpu,a100_packed_hbm_bf16_execute,200000,8,False,1,8,0,42706582676.79819,42706582676.79819,46763136.0,22010.0,40113872896.0,0.0190231217524027,,0.0,0.0,0.0,0.0,0.0,0.0,0.0,0.0,0.0,0.0,,800.0,capacity_C7_C8_C9
DeepSeek-V4.1-Flash-engram-host,NVIDIA-A100-SXM-80GB-packed-HBM-BF16-execute-x4,gpu,a100_packed_hbm_bf16_execute,200000,8,False,1,8,0,42706582676.79819,42706582676.79819,46763136.0,22010.0,40113872896.0,0.009738363177670186,,0.0,0.0,0.0,0.0,0.0,0.0,0.0,0.0,0.0,0.0,,1600.0,capacity_C7_C8_C9
DeepSeek-V4.1-Flash-engram-host,NVIDIA-A100-SXM-80GB-packed-HBM-BF16-execute-x8,gpu,a100_packed_hbm_bf16_execute,200000,8,True,1,8,1485,42706582676.79819,42706582676.79819,46763136.0,22010.0,40113872896.0,0.005152105082688492,0.005152105082688492,1552.7633601419884,194.09542001774855,8289152102175.849,72612084186.13678,34176321.55672517,8361798362683.542,0.0,0.0,0.0,62287352066301.59,0.927275025321078,3200.0,gpu_weight_memory_C3
DeepSeek-V4.1-Flash-engram-host,NVIDIA-A100-SXM-80GB-packed-HBM-BF16-execute-x16,gpu,a100_packed_hbm_bf16_execute,200000,8,True,1,8,4673,42706582676.79819,42706582676.79819,46763136.0,22010.0,40113872896.0,0.0032187476503236856,0.0032187476503236856,2485.4387075655027,310.67983844568784,13268074206595.072,116226908301.54984,54704505.953516714,13384355819402.576,0.0,0.0,0.0,99700572406081.1,1.1586193453176175,6400.0,gpu_weight_memory_C3
DeepSeek-V4.1-Flash-engram-host,NVIDIA-A100-SXM-80GB-packed-HBM-BF16-execute-x32,gpu,a100_packed_hbm_bf16_execute,200000,8,True,1,8,11048,42706582676.79819,42706582676.79819,46763136.0,22010.0,40113872896.0,0.0026031952693407034,0.0026031952693407034,3073.1463345145503,384.1432918143188,16405447251605.617,143709959988.80542,67639950.82266526,16549224851545.246,0.0,0.0,0.0,123275801453524.97,1.8740906255227165,12800.0,gpu_weight_memory_C3
DeepSeek-V4.1-Flash-engram-host,NVIDIA-A100-SXM-80GB-packed-HBM-BF16-execute-x64,gpu,a100_packed_hbm_bf16_execute,200000,8,True,1,8,23798,42706582676.79819,42706582676.79819,46763136.0,22010.0,40113872896.0,0.002482540192790869,0.002482540192790869,3222.505731521071,402.8132164401339,17202775931207.582,150694473783.89932,70927351.15077877,17353541332342.633,0.0,0.0,0.0,129267185320867.75,3.5744574043967434,25600.0,collective_floor_C6
DeepSeek-V4.1-Flash-engram-host,NVIDIA-A100-SXM-80GB-BF16-resident-x1,gpu,a100_bf16_expanded,200000,8,False,1,8,0,42706582676.79819,144044391107.00494,169943040.0,44160.0,40113872896.0,0.12968074670443114,,0.0,0.0,0.0,0.0,0.0,0.0,0.0,0.0,0.0,0.0,,400.0,capacity_C7_C8_C9
DeepSeek-V4.1-Flash-engram-host,NVIDIA-A100-SXM-80GB-BF16-resident-x2,gpu,a100_bf16_expanded,200000,8,False,1,8,0,42706582676.79819,144044391107.00494,169943040.0,44160.0,40113872896.0,0.06510570982280504,,0.0,0.0,0.0,0.0,0.0,0.0,0.0,0.0,0.0,0.0,,800.0,capacity_C7_C8_C9
DeepSeek-V4.1-Flash-engram-host,NVIDIA-A100-SXM-80GB-BF16-resident-x4,gpu,a100_bf16_expanded,200000,8,False,1,8,0,42706582676.79819,144044391107.00494,169943040.0,44160.0,40113872896.0,0.03277970260689766,,0.0,0.0,0.0,0.0,0.0,0.0,0.0,0.0,0.0,0.0,,1600.0,capacity_C7_C8_C9
DeepSeek-V4.1-Flash-engram-host,NVIDIA-A100-SXM-80GB-BF16-resident-x8,gpu,a100_bf16_expanded,200000,8,False,1,8,0,42706582676.79819,144044391107.00494,169943040.0,44160.0,40113872896.0,0.016697874975810413,,0.0,0.0,0.0,0.0,0.0,0.0,0.0,0.0,0.0,0.0,,3200.0,capacity_C7_C8_C9
DeepSeek-V4.1-Flash-engram-host,NVIDIA-A100-SXM-80GB-BF16-resident-x16,gpu,a100_bf16_expanded,200000,8,True,1,8,29,42706582676.79819,144044391107.00494,169943040.0,44160.0,40113872896.0,0.009283698867038876,0.009283698867038876,861.7254948244218,107.71568685305273,15515840525420.797,146444250235.96652,38053797.85144647,15662322829454.615,0.0,0.0,0.0,34567146970629.562,3.3417571900589387,6400.0,gpu_weight_memory_C3
DeepSeek-V4.1-Flash-engram-host,NVIDIA-A100-SXM-80GB-BF16-resident-x32,gpu,a100_bf16_expanded,200000,8,True,1,8,1814,42706582676.79819,144044391107.00494,169943040.0,44160.0,40113872896.0,0.00632148781160456,0.00632148781160456,1265.524863516171,158.19060793952139,22786469799495.3,215067142501.5232,55885577.97287411,23001592827574.797,0.0,0.0,0.0,50765103521815.44,4.550961346086286,12800.0,gpu_weight_memory_C3
DeepSeek-V4.1-Flash-engram-host,NVIDIA-A100-SXM-80GB-BF16-resident-x64,gpu,a100_bf16_expanded,200000,8,True,1,8,5385,42706582676.79819,144044391107.00494,169943040.0,44160.0,40113872896.0,0.005218381771667756,0.005218381771667756,1533.0423012426052,191.63028765532565,27603268102971.59,260529869121.7641,67699148.02287345,27863865671241.375,0.0,0.0,0.0,61496264016237.2,7.513627943214589,25600.0,gpu_weight_memory_C3
DeepSeek-V4.1-Flash-engram-host,ROM-wafer-N7-HBM2e-conservative,rom,official_packed,200000,8,True,6,48,535,42706582676.79819,42706582676.79819,46763136.0,22010.0,40113872896.0,0.00031589677188810186,0.0018976546313286113,25324.728556687467,526.9662790535634,135191576734205.67,1184263725659.4597,557397275.5326911,1184821122934.9924,135191576734205.67,0.0,0.0,1015872942448662.6,0.40363796716028066,90000.0,compute_C5
DeepSeek-V4.1-Flash-engram-host,ROM-wafer-N7-HBM2e-central,rom,official_packed,200000,8,True,2,16,2130,42706582676.79819,42706582676.79819,46763136.0,22010.0,40113872896.0,0.00016267619175776556,0.0003258071835155311,49177.44823970598,3069.300035713701,262525094885370.84,2299691700166.331,1082395635.7559285,2300774095802.087,262525094885370.84,0.0,0.0,1972697908037184.5,0.08462860683965341,30000.0,compute_C5
DeepSeek-V4.1-Flash-engram-host,ROM-wafer-N7-HBM2e-aggressive,rom,official_packed,200000,8,True,1,8,3825,42706582676.79819,42706582676.79819,46763136.0,22010.0,40113872896.0,0.00010041134681416927,0.00010041134681416927,79672.270652893,9959.033831611625,425316301710752.1,3725725227970.044,1753586677.070175,3727478814647.1143,425316301710752.1,0.0,0.0,3195963338305860.5,0.0332206946720984,15000.0,compute_C5
DeepSeek-V4.1-Flash-engram-host,N7-SRAM-rich-Graphcore-style-derived-control,sram,official_packed,200000,8,True,10,80,19,42706582676.79819,42706582676.79819,46763136.0,22010.0,40113872896.0,4.797554375998504e-05,0.00048384863759985035,166751.62745466494,2066.762045586277,890174020547912.4,7797829032883.83,3670203320.2771754,0.0,0.0,890174020547912.4,7801499236204.107,6689053588917573.0,0.09085672975964437,150000.0,compute_C5
DeepSeek-V4.1-Flash-engram-host,NVIDIA-A100-SXM-80GB-packed-HBM-BF16-execute-x1,gpu,a100_packed_hbm_bf16_execute,200000,32,False,1,32,0,122838182421.81262,122838182421.81262,46763136.0,22010.0,40113872896.0,0.1118865158015114,,0.0,0.0,0.0,0.0,0.0,0.0,0.0,0.0,0.0,0.0,,400.0,capacity_C7_C8_C9
DeepSeek-V4.1-Flash-engram-host,NVIDIA-A100-SXM-80GB-packed-HBM-BF16-execute-x2,gpu,a100_packed_hbm_bf16_execute,200000,32,False,1,32,0,122838182421.81262,122838182421.81262,46763136.0,22010.0,40113872896.0,0.0564398979007557,,0.0,0.0,0.0,0.0,0.0,0.0,0.0,0.0,0.0,0.0,,800.0,capacity_C7_C8_C9
DeepSeek-V4.1-Flash-engram-host,NVIDIA-A100-SXM-80GB-packed-HBM-BF16-execute-x4,gpu,a100_packed_hbm_bf16_execute,200000,32,False,1,32,0,122838182421.81262,122838182421.81262,46763136.0,22010.0,40113872896.0,0.028562386597436675,,0.0,0.0,0.0,0.0,0.0,0.0,0.0,0.0,0.0,0.0,,1600.0,capacity_C7_C8_C9
DeepSeek-V4.1-Flash-engram-host,NVIDIA-A100-SXM-80GB-packed-HBM-BF16-execute-x8,gpu,a100_packed_hbm_bf16_execute,200000,32,True,1,32,1485,122838182421.81262,122838182421.81262,46763136.0,22010.0,40113872896.0,0.014670689789370066,0.014670689789370068,2181.2198648754893,68.16312077735904,8373033864489.276,102000681187.07413,48008649.225909516,8475082554325.576,0.0,0.0,0.0,87497176417845.67,0.6601070837833648,3200.0,gpu_weight_memory_C3
DeepSeek-V4.1-Flash-engram-host,NVIDIA-A100-SXM-80GB-packed-HBM-BF16-execute-x16,gpu,a100_packed_hbm_bf16_execute,200000,32,True,1,32,4673,122838182421.81262,122838182421.81262,46763136.0,22010.0,40113872896.0,0.008248627073118667,0.008248627073118667,3879.433476182278,121.23229613069618,14891954907517.666,181414475249.6646,85386330.81077194,15073454769098.14,0.0,0.0,0.0,155619101372063.34,0.7422932719084742,6400.0,gpu_weight_memory_C3
DeepSeek-V4.1-Flash-engram-host,NVIDIA-A100-SXM-80GB-packed-HBM-BF16-execute-x32,gpu,a100_packed_hbm_bf16_execute,200000,32,True,1,32,11048,122838182421.81262,122838182421.81262,46763136.0,22010.0,40113872896.0,0.005633672805988042,0.005633672805988042,5680.1310800277815,177.50409625086817,21804280555883.13,265620742193.16605,125019685.07141148,22070026317761.367,0.0,0.0,0.0,227852056176853.62,1.0139475049482571,12800.0,gpu_weight_memory_C3
DeepSeek-V4.1-Flash-engram-host,NVIDIA-A100-SXM-80GB-packed-HBM-BF16-execute-x64,gpu,a100_packed_hbm_bf16_execute,200000,32,True,1,32,23798,122838182421.81262,122838182421.81262,46763136.0,22010.0,40113872896.0,0.004323599072767098,0.004323599072767098,7401.241294910363,231.28879046594884,28411094635376.62,346105253242.7094,162901320.90097708,28757362789940.23,0.0,0.0,0.0,296892452576660.75,1.5563212998700022,25600.0,collective_floor_C6
DeepSeek-V4.1-Flash-engram-host,NVIDIA-A100-SXM-80GB-BF16-resident-x1,gpu,a100_bf16_expanded,200000,32,False,1,32,0,122838182421.81262,445716296029.41223,169943040.0,44160.0,40113872896.0,0.4095567134179258,,0.0,0.0,0.0,0.0,0.0,0.0,0.0,0.0,0.0,0.0,,400.0,capacity_C7_C8_C9
DeepSeek-V4.1-Flash-engram-host,NVIDIA-A100-SXM-80GB-BF16-resident-x2,gpu,a100_bf16_expanded,200000,32,False,1,32,0,122838182421.81262,445716296029.41223,169943040.0,44160.0,40113872896.0,0.2052749967089629,,0.0,0.0,0.0,0.0,0.0,0.0,0.0,0.0,0.0,0.0,,800.0,capacity_C7_C8_C9
DeepSeek-V4.1-Flash-engram-host,NVIDIA-A100-SXM-80GB-BF16-resident-x4,gpu,a100_bf16_expanded,200000,32,False,1,32,0,122838182421.81262,445716296029.41223,169943040.0,44160.0,40113872896.0,0.10297993600154028,,0.0,0.0,0.0,0.0,0.0,0.0,0.0,0.0,0.0,0.0,,1600.0,capacity_C7_C8_C9
DeepSeek-V4.1-Flash-engram-host,NVIDIA-A100-SXM-80GB-BF16-resident-x8,gpu,a100_bf16_expanded,200000,32,False,1,32,0,122838182421.81262,445716296029.41223,169943040.0,44160.0,40113872896.0,0.05187946454689153,,0.0,0.0,0.0,0.0,0.0,0.0,0.0,0.0,0.0,0.0,,3200.0,capacity_C7_C8_C9
DeepSeek-V4.1-Flash-engram-host,NVIDIA-A100-SXM-80GB-BF16-resident-x16,gpu,a100_bf16_expanded,200000,32,False,1,32,29,122838182421.81262,445716296029.41223,169943040.0,44160.0,40113872896.0,0.02685400926353502,,0.0,0.0,0.0,0.0,0.0,0.0,0.0,0.0,0.0,0.0,,6400.0,capacity_C7_C8_C9
DeepSeek-V4.1-Flash-engram-host,NVIDIA-A100-SXM-80GB-BF16-resident-x32,gpu,a100_bf16_expanded,200000,32,True,1,32,1814,122838182421.81262,445716296029.41223,169943040.0,44160.0,40113872896.0,0.015009128940204999,0.015009128940204999,2132.035784853677,66.6261182766774,29696346657098.176,362324642666.8198,94150700.25913838,30058765450465.254,0.0,0.0,0.0,85524212483344.0,2.7013405578314367,12800.0,gpu_weight_memory_C3
DeepSeek-V4.1-Flash-engram-host,NVIDIA-A100-SXM-80GB-BF16-resident-x64,gpu,a100_bf16_expanded,200000,32,True,1,32,5385,122838182421.81262,445716296029.41223,169943040.0,44160.0,40113872896.0,0.009429910991601143,0.009429910991601143,3393.4572689499573,106.04553965468617,47266225145326.875,576694444395.4534,149855072.9968301,47843069444795.33,0.0,0.0,0.0,136124713564665.88,3.3943876583159938,25600.0,gpu_weight_memory_C3
DeepSeek-V4.1-Flash-engram-host,ROM-wafer-N7-HBM2e-conservative,rom,official_packed,200000,32,True,6,192,535,122838182421.81262,122838182421.81262,46763136.0,22010.0,40113872896.0,0.0009668073619426515,0.0058031181716559094,33098.63087482174,172.32115052977662,127055489291049.75,1547795777013.0881,728500865.5548265,1548524277878.643,127055489291049.75,0.0,0.0,1327714271944220.8,0.3088351899559437,90000.0,compute_C5
DeepSeek-V4.1-Flash-engram-host,ROM-wafer-N7-HBM2e-central,rom,official_packed,200000,32,True,2,64,2130,122838182421.81262,122838182421.81262,46763136.0,22010.0,40113872896.0,0.0005481795145058097,0.0010968138290116194,58375.038018063075,911.7317575227311,224083861529471.22,2729799841843.854,1284834586.7775683,2731084676430.6313,224083861529471.22,0.0,0.0,2341648855355750.0,0.07129449630795417,30000.0,compute_C5
DeepSeek-V4.1-Flash-engram-host,ROM-wafer-N7-HBM2e-aggressive,rom,official_packed,200000,32,True,1,32,3825,122838182421.81262,122838182421.81262,46763136.0,22010.0,40113872896.0,0.0003562254544459268,0.0003562254544459268,89830.75072434903,2807.210960135907,344832692017686.3,4200767613104.832,1977174823.442922,4202744787928.275,344832692017686.3,0.0,0.0,3603459316708796.5,0.02946394364791973,15000.0,compute_C5
DeepSeek-V4.1-Flash-engram-host,N7-SRAM-rich-Graphcore-style-derived-control,sram,official_packed,200000,32,False,10,320,19,122838182421.81262,122838182421.81262,46763136.0,22010.0,40113872896.0,0.00017139712453488964,,0.0,0.0,0.0,0.0,0.0,0.0,0.0,0.0,0.0,0.0,,150000.0,capacity_C7_C8_C9
DeepSeek-V4.1-Flash-engram-host,NVIDIA-A100-SXM-80GB-packed-HBM-BF16-execute-x1,gpu,a100_packed_hbm_bf16_execute,200000,64,False,1,64,0,191900735211.60742,191900735211.60742,46763136.0,22010.0,40113872896.0,0.1763745884675399,,0.0,0.0,0.0,0.0,0.0,0.0,0.0,0.0,0.0,0.0,,400.0,capacity_C7_C8_C9
DeepSeek-V4.1-Flash-engram-host,NVIDIA-A100-SXM-80GB-packed-HBM-BF16-execute-x2,gpu,a100_packed_hbm_bf16_execute,200000,64,False,1,64,0,191900735211.60742,191900735211.60742,46763136.0,22010.0,40113872896.0,0.0889923389396523,,0.0,0.0,0.0,0.0,0.0,0.0,0.0,0.0,0.0,0.0,,800.0,capacity_C7_C8_C9
DeepSeek-V4.1-Flash-engram-host,NVIDIA-A100-SXM-80GB-packed-HBM-BF16-execute-x4,gpu,a100_packed_hbm_bf16_execute,200000,64,False,1,64,0,191900735211.60742,191900735211.60742,46763136.0,22010.0,40113872896.0,0.04499280946982615,,0.0,0.0,0.0,0.0,0.0,0.0,0.0,0.0,0.0,0.0,,1600.0,capacity_C7_C8_C9
DeepSeek-V4.1-Flash-engram-host,NVIDIA-A100-SXM-80GB-packed-HBM-BF16-execute-x8,gpu,a100_packed_hbm_bf16_execute,200000,64,True,1,64,1485,191900735211.60742,191900735211.60742,46763136.0,22010.0,40113872896.0,0.02304010355844264,0.02304010355844264,2777.765292489249,43.40258269514452,8328987529280.821,129897016148.75453,61138614.08768837,8458945684043.663,0.0,0.0,0.0,111426923877834.0,0.5183442560775235,3200.0,gpu_weight_memory_C3
DeepSeek-V4.1-Flash-engram-host,NVIDIA-A100-SXM-80GB-packed-HBM-BF16-execute-x16,gpu,a100_packed_hbm_bf16_execute,200000,64,True,1,64,4673,191900735211.60742,191900735211.60742,46763136.0,22010.0,40113872896.0,0.012934133318419316,0.012934133318419316,4948.147542971318,77.31480535892685,14836767991120.387,231390896500.0336,108908727.42079872,15068267796347.842,0.0,0.0,0.0,198489361609406.16,0.5819707967837572,6400.0,gpu_weight_memory_C3
DeepSeek-V4.1-Flash-engram-host,NVIDIA-A100-SXM-80GB-packed-HBM-BF16-execute-x32,gpu,a100_packed_hbm_bf16_execute,200000,64,True,1,64,11048,191900735211.60742,191900735211.60742,46763136.0,22010.0,40113872896.0,0.008935431043605552,0.008935431043605552,7162.497218956238,111.91401904619121,21476382535449.93,334940831549.6723,157646563.7892268,21811481013563.39,0.0,0.0,0.0,287315503059164.0,0.8040987047269673,12800.0,gpu_weight_memory_C3
DeepSeek-V4.1-Flash-engram-host,NVIDIA-A100-SXM-80GB-packed-HBM-BF16-execute-x64,gpu,a100_packed_hbm_bf16_execute,200000,64,True,1,64,23798,191900735211.60742,191900735211.60742,46763136.0,22010.0,40113872896.0,0.006535046348615906,0.006535046348615905,9793.350587873783,153.02110293552786,29364862156218.85,457967785436.4217,215551646.43910196,29823045493301.71,0.0,0.0,0.0,392849220707935.8,1.1761765668849848,25600.0,collective_floor_C6
DeepSeek-V4.1-Flash-engram-host,NVIDIA-A100-SXM-80GB-BF16-resident-x1,gpu,a100_bf16_expanded,200000,64,False,1,64,0,191900735211.60742,705716494767.4633,169943040.0,44160.0,40113872896.0,0.6521903155257105,,0.0,0.0,0.0,0.0,0.0,0.0,0.0,0.0,0.0,0.0,,400.0,capacity_C7_C8_C9
DeepSeek-V4.1-Flash-engram-host,NVIDIA-A100-SXM-80GB-BF16-resident-x2,gpu,a100_bf16_expanded,200000,64,False,1,64,0,191900735211.60742,705716494767.4633,169943040.0,44160.0,40113872896.0,0.3269002024687376,,0.0,0.0,0.0,0.0,0.0,0.0,0.0,0.0,0.0,0.0,,800.0,capacity_C7_C8_C9
DeepSeek-V4.1-Flash-engram-host,NVIDIA-A100-SXM-80GB-BF16-resident-x4,gpu,a100_bf16_expanded,200000,64,False,1,64,0,191900735211.60742,705716494767.4633,169943040.0,44160.0,40113872896.0,0.1639467412343688,,0.0,0.0,0.0,0.0,0.0,0.0,0.0,0.0,0.0,0.0,,1600.0,capacity_C7_C8_C9
DeepSeek-V4.1-Flash-engram-host,NVIDIA-A100-SXM-80GB-BF16-resident-x8,gpu,a100_bf16_expanded,200000,64,False,1,64,0,191900735211.60742,705716494767.4633,169943040.0,44160.0,40113872896.0,0.0825170694407144,,0.0,0.0,0.0,0.0,0.0,0.0,0.0,0.0,0.0,0.0,,3200.0,capacity_C7_C8_C9
DeepSeek-V4.1-Flash-engram-host,NVIDIA-A100-SXM-80GB-BF16-resident-x16,gpu,a100_bf16_expanded,200000,64,False,1,64,29,191900735211.60742,705716494767.4633,169943040.0,44160.0,40113872896.0,0.042672620514984945,,0.0,0.0,0.0,0.0,0.0,0.0,0.0,0.0,0.0,0.0,,6400.0,capacity_C7_C8_C9
DeepSeek-V4.1-Flash-engram-host,NVIDIA-A100-SXM-80GB-BF16-resident-x32,gpu,a100_bf16_expanded,200000,64,True,1,64,1814,191900735211.60742,705716494767.4633,169943040.0,44160.0,40113872896.0,0.02381099029286525,0.02381099029286525,2687.8344500932844,41.99741328270757,29638267291172.887,456778757465.58105,118694769.31611945,30095164743407.785,0.0,0.0,0.0,107819449496532.06,2.1427490581398456,12800.0,gpu_weight_memory_C3
DeepSeek-V4.1-Flash-engram-host,NVIDIA-A100-SXM-80GB-BF16-resident-x64,gpu,a100_bf16_expanded,200000,64,True,1,64,5385,191900735211.60742,705716494767.4633,169943040.0,44160.0,40113872896.0,0.01412933825914088,0.014129338259140882,4529.5822653687,70.77472289638594,49946889360576.016,769770980106.8436,200026352.8386818,50716860367035.695,0.0,0.0,0.0,181699087264975.78,2.542995975768823,25600.0,gpu_weight_memory_C3
DeepSeek-V4.1-Flash-engram-host,ROM-wafer-N7-HBM2e-conservative,rom,official_packed,200000,64,True,6,384,535,191900735211.60742,191900735211.60742,46763136.0,22010.0,40113872896.0,0.0018346703641292054,0.011010296184775233,34883.650628093346,90.82407804639946,104596846912436.94,1631268898498.0146,767789150.3243345,1632036687648.3389,104596846912436.94,0.0,0.0,1399318327443807.0,0.29303188655590395,90000.0,compute_C5
DeepSeek-V4.1-Flash-engram-host,ROM-wafer-N7-HBM2e-central,rom,official_packed,200000,64,True,2,128,2130,191900735211.60742,191900735211.60742,46763136.0,22010.0,40113872896.0,0.001062127828113752,0.002124710456227504,60256.40069487541,470.6523644523001,180675743664871.94,2817778260564.953,1326243379.2942078,2819104503944.2476,180675743664871.94,0.0,0.0,2417117598644678.5,0.06906849537080681,30000.0,compute_C5
DeepSeek-V4.1-Flash-engram-host,ROM-wafer-N7-HBM2e-aggressive,rom,official_packed,200000,64,True,1,64,3825,191900735211.60742,191900735211.60742,46763136.0,22010.0,40113872896.0,0.0006973109312882702,0.0006973109312882702,91781.15117421304,1434.0804870970787,275201099826549.47,4291974454596.284,2020103137.344429,4293994557733.6284,275201099826549.47,0.0,0.0,3681697432450943.0,0.028837818477223286,15000.0,compute_C5
DeepSeek-V4.1-Flash-engram-host,N7-SRAM-rich-Graphcore-style-derived-control,sram,official_packed,200000,64,False,10,640,19,191900735211.60742,191900735211.60742,46763136.0,22010.0,40113872896.0,0.00033594800889020577,,0.0,0.0,0.0,0.0,0.0,0.0,0.0,0.0,0.0,0.0,,150000.0,capacity_C7_C8_C9
DeepSeek-V4.1-Flash-engram-host,NVIDIA-A100-SXM-80GB-packed-HBM-BF16-execute-x1,gpu,a100_packed_hbm_bf16_execute,1000000,1,False,1,1,0,13035075008.0,13035075008.0,182763136.0,22010.0,56497872896.0,0.01014254833267573,,0.0,0.0,0.0,0.0,0.0,0.0,0.0,0.0,0.0,0.0,,400.0,capacity_C7_C8_C9
DeepSeek-V4.1-Flash-engram-host,NVIDIA-A100-SXM-80GB-packed-HBM-BF16-execute-x2,gpu,a100_packed_hbm_bf16_execute,1000000,1,False,1,1,0,13035075008.0,13035075008.0,182763136.0,22010.0,56497872896.0,0.005302013343727724,,0.0,0.0,0.0,0.0,0.0,0.0,0.0,0.0,0.0,0.0,,800.0,capacity_C7_C8_C9
DeepSeek-V4.1-Flash-engram-host,NVIDIA-A100-SXM-80GB-packed-HBM-BF16-execute-x4,gpu,a100_packed_hbm_bf16_execute,1000000,1,False,1,1,0,13035075008.0,13035075008.0,182763136.0,22010.0,56497872896.0,0.003051780868697405,,0.0,0.0,0.0,0.0,0.0,0.0,0.0,0.0,0.0,0.0,,1600.0,capacity_C7_C8_C9
DeepSeek-V4.1-Flash-engram-host,NVIDIA-A100-SXM-80GB-packed-HBM-BF16-execute-x8,gpu,a100_packed_hbm_bf16_execute,1000000,1,True,1,1,300,13035075008.0,13035075008.0,182763136.0,22010.0,56497872896.0,0.0020753960819219043,0.0020753960819219043,481.83573666283394,481.83573666283394,6280764968934.976,88061810269.3697,10605204.563948976,6368837384408.909,0.0,0.0,0.0,27222694206727.32,2.988235563566834,3200.0,gpu_weight_memory_C3
DeepSeek-V4.1-Flash-engram-host,NVIDIA-A100-SXM-80GB-packed-HBM-BF16-execute-x16,gpu,a100_packed_hbm_bf16_execute,1000000,1,True,1,1,945,13035075008.0,13035075008.0,182763136.0,22010.0,56497872896.0,0.0018017001587845552,0.0018017001587845552,555.0313103566633,555.0313103566633,7234874762287.633,101439262858.97307,12216239.14095016,7336326241385.747,0.0,0.0,0.0,31358088425831.094,5.188315171510102,6400.0,gpu_weight_memory_C3
DeepSeek-V4.1-Flash-engram-host,NVIDIA-A100-SXM-80GB-packed-HBM-BF16-execute-x32,gpu,a100_packed_hbm_bf16_execute,1000000,1,True,1,1,2236,13035075008.0,13035075008.0,182763136.0,22010.0,56497872896.0,0.0017746119672565341,0.0017746119672565344,563.5034691814642,563.5034691814642,7345309988048.603,102987661174.48375,12402711.356684027,7448310051934.443,0.0,0.0,0.0,31836747378269.418,10.220619838843515,12800.0,gpu_weight_memory_C3
DeepSeek-V4.1-Flash-engram-host,NVIDIA-A100-SXM-80GB-packed-HBM-BF16-execute-x64,gpu,a100_packed_hbm_bf16_execute,1000000,1,True,1,1,4817,13035075008.0,13035075008.0,182763136.0,22010.0,56497872896.0,0.0019523787333436242,0.0019523787333436244,512.1957041026615,512.1957041026615,6676509421753.566,93610493127.53047,11273427.44729958,6770131188308.544,0.0,0.0,0.0,28937967788269.395,22.48888341015389,25600.0,collective_floor_C6
DeepSeek-V4.1-Flash-engram-host,NVIDIA-A100-SXM-80GB-BF16-resident-x1,gpu,a100_bf16_expanded,1000000,1,False,1,1,0,13035075008.0,32339891648.0,681943040.0,44160.0,56497872896.0,0.026661092981202394,,0.0,0.0,0.0,0.0,0.0,0.0,0.0,0.0,0.0,0.0,,400.0,capacity_C7_C8_C9
DeepSeek-V4.1-Flash-engram-host,NVIDIA-A100-SXM-80GB-BF16-resident-x2,gpu,a100_bf16_expanded,1000000,1,False,1,1,0,13035075008.0,32339891648.0,681943040.0,44160.0,56497872896.0,0.01365215114458101,,0.0,0.0,0.0,0.0,0.0,0.0,0.0,0.0,0.0,0.0,,800.0,capacity_C7_C8_C9
DeepSeek-V4.1-Flash-engram-host,NVIDIA-A100-SXM-80GB-BF16-resident-x4,gpu,a100_bf16_expanded,1000000,1,False,1,1,0,13035075008.0,32339891648.0,681943040.0,44160.0,56497872896.0,0.00780113469393374,,0.0,0.0,0.0,0.0,0.0,0.0,0.0,0.0,0.0,0.0,,1600.0,capacity_C7_C8_C9
DeepSeek-V4.1-Flash-engram-host,NVIDIA-A100-SXM-80GB-BF16-resident-x8,gpu,a100_bf16_expanded,1000000,1,False,1,1,0,13035075008.0,32339891648.0,681943040.0,44160.0,56497872896.0,0.005305452829872211,,0.0,0.0,0.0,0.0,0.0,0.0,0.0,0.0,0.0,0.0,,3200.0,capacity_C7_C8_C9
DeepSeek-V4.1-Flash-engram-host,NVIDIA-A100-SXM-80GB-BF16-resident-x16,gpu,a100_bf16_expanded,1000000,1,True,1,1,5,13035075008.0,32339891648.0,681943040.0,44160.0,56497872896.0,0.004347262830825656,0.004347262830825656,230.02980010989455,230.02980010989455,7439138811365.089,156867221177.5338,10158115.972852943,7596016190658.596,0.0,0.0,0.0,12996194408901.11,12.518714387487492,6400.0,gpu_weight_memory_C3
DeepSeek-V4.1-Flash-engram-host,NVIDIA-A100-SXM-80GB-BF16-resident-x32,gpu,a100_bf16_expanded,1000000,1,True,1,1,365,13035075008.0,32339891648.0,681943040.0,44160.0,56497872896.0,0.003995803228548853,0.003995803228548853,250.26257370615517,250.26257370615517,8093464517206.672,170664820311.3995,11051595.254863812,8264140389113.326,0.0,0.0,0.0,14139303079876.186,23.013248249958227,12800.0,gpu_weight_memory_C3
DeepSeek-V4.1-Flash-engram-host,NVIDIA-A100-SXM-80GB-BF16-resident-x64,gpu,a100_bf16_expanded,1000000,1,True,1,1,1084,13035075008.0,32339891648.0,681943040.0,44160.0,56497872896.0,0.004015671966144007,0.004015671966144007,249.02432480316267,249.02432480316267,8053419681850.64,169820405090.21616,10996914.183307663,8223251083855.039,0.0,0.0,0.0,14069344650741.305,46.25535871586528,25600.0,gpu_weight_memory_C3
DeepSeek-V4.1-Flash-engram-host,ROM-wafer-N7-HBM2e-conservative,rom,official_packed,1000000,1,True,6,6,107,13035075008.0,13035075008.0,182763136.0,22010.0,56497872896.0,0.00013030077158353081,0.0007840786295011849,7674.5516380840345,1275.3822925083164,100038356255194.66,1402625124770.1753,168916881.5542296,1402794041651.7295,100038356255194.66,0.0,0.0,433595842982260.4,1.3319373476857839,90000.0,collective_floor_C6
DeepSeek-V4.1-Flash-engram-host,ROM-wafer-N7-HBM2e-central,rom,official_packed,1000000,1,True,2,2,430,13035075008.0,13035075008.0,182763136.0,22010.0,56497872896.0,5.23324403146908e-05,0.0001051196806293816,19108.606325000274,9512.96649697482,249082116744721.8,3492348816546.4854,420580425.213256,3492769396971.6987,249082116744721.8,0.0,0.0,1079595611369567.1,0.21779814088327676,30000.0,collective_floor_C6
DeepSeek-V4.1-Flash-engram-host,ROM-wafer-N7-HBM2e-aggressive,rom,official_packed,1000000,1,True,1,1,774,13035075008.0,13035075008.0,182763136.0,22010.0,56497872896.0,3.089650463722907e-05,3.089650463722907e-05,32366.120755130323,32366.120755130323,421894811761109.4,5915333729362.306,712378317.8204184,5916046107680.126,421894811761109.4,0.0,0.0,1828616976559940.5,0.08177588526029976,15000.0,collective_floor_C6
DeepSeek-V4.1-Flash-engram-host,N7-SRAM-rich-Graphcore-style-derived-control,sram,official_packed,1000000,1,True,10,10,3,13035075008.0,13035075008.0,182763136.0,22010.0,56497872896.0,1.3016729949834061e-05,0.00013426049949834062,76824.2103703433,7448.2070581925655,1001409344607796.2,14040633608007.662,1690900870.251256,0.0,0.0,1001409344607796.2,14042324508877.914,4340404472839220.5,0.19721006541549813,150000.0,collective_floor_C6
DeepSeek-V4.1-Flash-engram-host,NVIDIA-A100-SXM-80GB-packed-HBM-BF16-execute-x1,gpu,a100_packed_hbm_bf16_execute,1000000,8,False,1,8,0,42706582676.79819,42706582676.79819,182763136.0,22010.0,56497872896.0,0.03831796890868168,,0.0,0.0,0.0,0.0,0.0,0.0,0.0,0.0,0.0,0.0,,400.0,capacity_C7_C8_C9
DeepSeek-V4.1-Flash-engram-host,NVIDIA-A100-SXM-80GB-packed-HBM-BF16-execute-x2,gpu,a100_packed_hbm_bf16_execute,1000000,8,False,1,8,0,42706582676.79819,42706582676.79819,182763136.0,22010.0,56497872896.0,0.019424320924929406,,0.0,0.0,0.0,0.0,0.0,0.0,0.0,0.0,0.0,0.0,,800.0,capacity_C7_C8_C9
DeepSeek-V4.1-Flash-engram-host,NVIDIA-A100-SXM-80GB-packed-HBM-BF16-execute-x4,gpu,a100_packed_hbm_bf16_execute,1000000,8,False,1,8,0,42706582676.79819,42706582676.79819,182763136.0,22010.0,56497872896.0,0.009938962763933539,,0.0,0.0,0.0,0.0,0.0,0.0,0.0,0.0,0.0,0.0,,1600.0,capacity_C7_C8_C9
DeepSeek-V4.1-Flash-engram-host,NVIDIA-A100-SXM-80GB-packed-HBM-BF16-execute-x8,gpu,a100_packed_hbm_bf16_execute,1000000,8,True,1,8,300,42706582676.79819,42706582676.79819,182763136.0,22010.0,56497872896.0,0.005252404875820169,0.005252404875820169,1523.1118295599388,190.38897869499235,8130862659388.859,278368694449.0719,33523691.368614253,8409264877529.3,0.0,0.0,0.0,86052578552871.44,0.9453269655907709,3200.0,gpu_weight_memory_C3
DeepSeek-V4.1-Flash-engram-host,NVIDIA-A100-SXM-80GB-packed-HBM-BF16-execute-x16,gpu,a100_packed_hbm_bf16_execute,1000000,8,True,1,8,945,42706582676.79819,42706582676.79819,182763136.0,22010.0,56497872896.0,0.003268897546889524,0.003268897546889524,2447.3082699126785,305.9135337390848,13064521620579.719,447277734167.9756,53865255.02077805,13511853220002.715,0.0,0.0,0.0,138267711570856.17,1.1766712855873105,6400.0,gpu_weight_memory_C3
DeepSeek-V4.1-Flash-engram-host,NVIDIA-A100-SXM-80GB-packed-HBM-BF16-execute-x32,gpu,a100_packed_hbm_bf16_execute,1000000,8,True,1,8,2236,42706582676.79819,42706582676.79819,182763136.0,22010.0,56497872896.0,0.0026282702176236225,0.0026282702176236225,3043.8270564254544,380.4783820531818,16248931479888.617,556299378273.965,66994633.51192425,16805297852796.094,0.0,0.0,0.0,171969754151331.16,1.8921425657924098,12800.0,gpu_weight_memory_C3
DeepSeek-V4.1-Flash-engram-host,NVIDIA-A100-SXM-80GB-packed-HBM-BF16-execute-x64,gpu,a100_packed_hbm_bf16_execute,1000000,8,True,1,8,4817,42706582676.79819,42706582676.79819,182763136.0,22010.0,56497872896.0,0.0024950776669323284,0.0024950776669323284,3206.313016234046,400.7891270292557,17116333989436.682,585995821844.5531,70570949.48731135,17702400382230.723,0.0,0.0,0.0,181149865255981.5,3.5925093446664347,25600.0,collective_floor_C6
DeepSeek-V4.1-Flash-engram-host,NVIDIA-A100-SXM-80GB-BF16-resident-x1,gpu,a100_bf16_expanded,1000000,8,False,1,8,0,42706582676.79819,144044391107.00494,681943040.0,44160.0,56497872896.0,0.13270154047404398,,0.0,0.0,0.0,0.0,0.0,0.0,0.0,0.0,0.0,0.0,,400.0,capacity_C7_C8_C9
DeepSeek-V4.1-Flash-engram-host,NVIDIA-A100-SXM-80GB-BF16-resident-x2,gpu,a100_bf16_expanded,1000000,8,False,1,8,0,42706582676.79819,144044391107.00494,681943040.0,44160.0,56497872896.0,0.06661610670761146,,0.0,0.0,0.0,0.0,0.0,0.0,0.0,0.0,0.0,0.0,,800.0,capacity_C7_C8_C9
DeepSeek-V4.1-Flash-engram-host,NVIDIA-A100-SXM-80GB-BF16-resident-x4,gpu,a100_bf16_expanded,1000000,8,False,1,8,0,42706582676.79819,144044391107.00494,681943040.0,44160.0,56497872896.0,0.03353490104930087,,0.0,0.0,0.0,0.0,0.0,0.0,0.0,0.0,0.0,0.0,,1600.0,capacity_C7_C8_C9
DeepSeek-V4.1-Flash-engram-host,NVIDIA-A100-SXM-80GB-BF16-resident-x8,gpu,a100_bf16_expanded,1000000,8,False,1,8,0,42706582676.79819,144044391107.00494,681943040.0,44160.0,56497872896.0,0.017075474197012018,,0.0,0.0,0.0,0.0,0.0,0.0,0.0,0.0,0.0,0.0,,3200.0,capacity_C7_C8_C9
DeepSeek-V4.1-Flash-engram-host,NVIDIA-A100-SXM-80GB-BF16-resident-x16,gpu,a100_bf16_expanded,1000000,8,False,1,8,5,42706582676.79819,144044391107.00494,681943040.0,44160.0,56497872896.0,0.009472498477639679,,0.0,0.0,0.0,0.0,0.0,0.0,0.0,0.0,0.0,0.0,,6400.0,capacity_C7_C8_C9
DeepSeek-V4.1-Flash-engram-host,NVIDIA-A100-SXM-80GB-BF16-resident-x32,gpu,a100_bf16_expanded,1000000,8,True,1,8,365,42706582676.79819,144044391107.00494,681943040.0,44160.0,56497872896.0,0.0064158876169049615,0.0064158876169049615,1246.9046338843475,155.86307923554344,22451202344546.723,850317936621.179,55063308.63233279,23301575344476.535,0.0,0.0,0.0,70447459518631.28,4.618921591807483,12800.0,gpu_weight_memory_C3
DeepSeek-V4.1-Flash-engram-host,NVIDIA-A100-SXM-80GB-BF16-resident-x64,gpu,a100_bf16_expanded,1000000,8,True,1,8,1084,42706582676.79819,144044391107.00494,681943040.0,44160.0,56497872896.0,0.005265581674317957,0.005265581674317957,1519.300334665539,189.91254183319236,27355836451945.797,1036076288894.835,67092302.7788302,28391979833143.41,0.0,0.0,0.0,85837237198783.88,7.581588188935784,25600.0,gpu_weight_memory_C3
DeepSeek-V4.1-Flash-engram-host,ROM-wafer-N7-HBM2e-conservative,rom,official_packed,1000000,8,True,6,48,107,42706582676.79819,42706582676.79819,182763136.0,22010.0,56497872896.0,0.0003496355933999538,0.0021000875603997228,22880.965642558796,476.17062205237943,122145981367364.5,4181797035542.301,503610053.7927191,4182300645596.0933,122145981367364.5,0.0,0.0,1292725888611029.8,0.4467478389327322,90000.0,kv_beachfront_C8
DeepSeek-V4.1-Flash-engram-host,ROM-wafer-N7-HBM2e-central,rom,official_packed,1000000,8,True,2,16,430,42706582676.79819,42706582676.79819,182763136.0,22010.0,56497872896.0,0.00017937781656915383,0.00035921043313830766,44598.60284293201,2783.8835060087677,238081739947670.3,8150980516792.769,981615248.5729334,8151962132041.342,238081739947670.3,0.0,0.0,2519726194759157.0,0.0933172491325039,30000.0,compute_C5
DeepSeek-V4.1-Flash-engram-host,ROM-wafer-N7-HBM2e-aggressive,rom,official_packed,1000000,8,True,1,8,774,42706582676.79819,42706582676.79819,182763136.0,22010.0,56497872896.0,0.00014119219387274853,0.00014119219387274853,56660.35621778151,7082.544527222689,302471273413940.3,10355424389238.848,1247094440.3533711,10356671483679.201,302471273413940.3,0.0,0.0,3201189603834303.0,0.04671287570129887,15000.0,kv_beachfront_C8
DeepSeek-V4.1-Flash-engram-host,N7-SRAM-rich-Graphcore-style-derived-control,sram,official_packed,1000000,8,False,10,80,3,42706582676.79819,42706582676.79819,182763136.0,22010.0,56497872896.0,5.627749840899796e-05,,0.0,0.0,0.0,0.0,0.0,0.0,0.0,0.0,0.0,0.0,,150000.0,capacity_C7_C8_C9
DeepSeek-V4.1-Flash-engram-host,NVIDIA-A100-SXM-80GB-packed-HBM-BF16-execute-x1,gpu,a100_packed_hbm_bf16_execute,1000000,32,False,1,32,0,122838182421.81262,122838182421.81262,182763136.0,22010.0,56497872896.0,0.11509610918172505,,0.0,0.0,0.0,0.0,0.0,0.0,0.0,0.0,0.0,0.0,,400.0,capacity_C7_C8_C9
DeepSeek-V4.1-Flash-engram-host,NVIDIA-A100-SXM-80GB-packed-HBM-BF16-execute-x2,gpu,a100_packed_hbm_bf16_execute,1000000,32,False,1,32,0,122838182421.81262,122838182421.81262,182763136.0,22010.0,56497872896.0,0.058044694590862526,,0.0,0.0,0.0,0.0,0.0,0.0,0.0,0.0,0.0,0.0,,800.0,capacity_C7_C8_C9
DeepSeek-V4.1-Flash-engram-host,NVIDIA-A100-SXM-80GB-packed-HBM-BF16-execute-x4,gpu,a100_packed_hbm_bf16_execute,1000000,32,False,1,32,0,122838182421.81262,122838182421.81262,182763136.0,22010.0,56497872896.0,0.029364784942490087,,0.0,0.0,0.0,0.0,0.0,0.0,0.0,0.0,0.0,0.0,,1600.0,capacity_C7_C8_C9
DeepSeek-V4.1-Flash-engram-host,NVIDIA-A100-SXM-80GB-packed-HBM-BF16-execute-x8,gpu,a100_packed_hbm_bf16_execute,1000000,32,True,1,32,300,122838182421.81262,122838182421.81262,182763136.0,22010.0,56497872896.0,0.015071888961896773,0.015071888961896773,2123.157892212394,66.34868413163731,8150151764809.289,388034994603.8871,46730705.20759479,8538233490118.384,0.0,0.0,0.0,119953904732355.11,0.6781590240530577,3200.0,gpu_weight_memory_C3
DeepSeek-V4.1-Flash-engram-host,NVIDIA-A100-SXM-80GB-packed-HBM-BF16-execute-x16,gpu,a100_packed_hbm_bf16_execute,1000000,32,True,1,32,945,122838182421.81262,122838182421.81262,182763136.0,22010.0,56497872896.0,0.00844922665938202,0.00844922665938202,3787.3288633424463,118.35402697945145,14538393556457.988,692184100127.7809,83359108.28216724,15230661015694.05,0.0,0.0,0.0,213976024736473.7,0.760345212178167,6400.0,gpu_weight_memory_C3
DeepSeek-V4.1-Flash-engram-host,NVIDIA-A100-SXM-80GB-packed-HBM-BF16-execute-x32,gpu,a100_packed_hbm_bf16_execute,1000000,32,True,1,32,2236,122838182421.81262,122838182421.81262,182763136.0,22010.0,56497872896.0,0.005733972599119719,0.005733972599119718,5580.773093494143,174.39915917169196,21422875728543.03,1019959591871.4108,122832815.78780608,22442958153230.23,0.0,0.0,0.0,315301808897648.8,1.03199944521795,12800.0,gpu_weight_memory_C3
DeepSeek-V4.1-Flash-engram-host,NVIDIA-A100-SXM-80GB-packed-HBM-BF16-execute-x64,gpu,a100_packed_hbm_bf16_execute,1000000,32,True,1,32,4817,122838182421.81262,122838182421.81262,182763136.0,22010.0,56497872896.0,0.004373748969332937,0.004373748969332937,7316.377831551792,228.6368072359935,28085329835595.777,1337164156655.2852,161033476.07245493,29422655025727.137,0.0,0.0,0.0,413359784786125.25,1.5743732401396957,25600.0,collective_floor_C6
DeepSeek-V4.1-Flash-engram-host,NVIDIA-A100-SXM-80GB-BF16-resident-x1,gpu,a100_bf16_expanded,1000000,32,False,1,32,0,122838182421.81262,445716296029.41223,681943040.0,44160.0,56497872896.0,0.42163988849637724,,0.0,0.0,0.0,0.0,0.0,0.0,0.0,0.0,0.0,0.0,,400.0,capacity_C7_C8_C9
DeepSeek-V4.1-Flash-engram-host,NVIDIA-A100-SXM-80GB-BF16-resident-x2,gpu,a100_bf16_expanded,1000000,32,False,1,32,0,122838182421.81262,445716296029.41223,681943040.0,44160.0,56497872896.0,0.2113165842481886,,0.0,0.0,0.0,0.0,0.0,0.0,0.0,0.0,0.0,0.0,,800.0,capacity_C7_C8_C9
DeepSeek-V4.1-Flash-engram-host,NVIDIA-A100-SXM-80GB-BF16-resident-x4,gpu,a100_bf16_expanded,1000000,32,False,1,32,0,122838182421.81262,445716296029.41223,681943040.0,44160.0,56497872896.0,0.10600072977115313,,0.0,0.0,0.0,0.0,0.0,0.0,0.0,0.0,0.0,0.0,,1600.0,capacity_C7_C8_C9
DeepSeek-V4.1-Flash-engram-host,NVIDIA-A100-SXM-80GB-BF16-resident-x8,gpu,a100_bf16_expanded,1000000,32,False,1,32,0,122838182421.81262,445716296029.41223,681943040.0,44160.0,56497872896.0,0.05338986143169796,,0.0,0.0,0.0,0.0,0.0,0.0,0.0,0.0,0.0,0.0,,3200.0,capacity_C7_C8_C9
DeepSeek-V4.1-Flash-engram-host,NVIDIA-A100-SXM-80GB-BF16-resident-x16,gpu,a100_bf16_expanded,1000000,32,False,1,32,5,122838182421.81262,445716296029.41223,681943040.0,44160.0,56497872896.0,0.02760920770593823,,0.0,0.0,0.0,0.0,0.0,0.0,0.0,0.0,0.0,0.0,,6400.0,capacity_C7_C8_C9
DeepSeek-V4.1-Flash-engram-host,NVIDIA-A100-SXM-80GB-BF16-resident-x32,gpu,a100_bf16_expanded,1000000,32,True,1,32,365,122838182421.81262,445716296029.41223,681943040.0,44160.0,56497872896.0,0.015386728161406606,0.015386728161406606,2079.7143918005413,64.99107474376692,28967581109762.473,1418246754676.2122,91840187.5419119,30385919704626.227,0.0,0.0,0.0,117499439367928.92,2.769300803552634,12800.0,gpu_weight_memory_C3
DeepSeek-V4.1-Flash-engram-host,NVIDIA-A100-SXM-80GB-BF16-resident-x64,gpu,a100_bf16_expanded,1000000,32,True,1,32,1084,122838182421.81262,445716296029.41223,681943040.0,44160.0,56497872896.0,0.009618710602201947,0.009618710602201947,3326.8492341036285,103.96403856573839,46338466189779.88,2268721680326.3003,146913662.17801625,48607334783768.36,0.0,0.0,0.0,187959905172541.75,3.4623479040371916,25600.0,gpu_weight_memory_C3
DeepSeek-V4.1-Flash-engram-host,ROM-wafer-N7-HBM2e-conservative,rom,official_packed,1000000,32,True,6,192,107,122838182421.81262,122838182421.81262,182763136.0,22010.0,56497872896.0,0.0011017626479900592,0.006612849887940355,29044.368184361178,151.22073190012497,111492418667401.53,5308239812512.475,639266543.7377895,5308879079056.212,111492418667401.53,0.0,0.0,1640945022024664.0,0.3519450617283954,90000.0,kv_beachfront_C8
DeepSeek-V4.1-Flash-engram-host,ROM-wafer-N7-HBM2e-central,rom,official_packed,1000000,32,True,2,64,430,122838182421.81262,122838182421.81262,182763136.0,22010.0,56497872896.0,0.0006149860137513629,0.0012304268275027258,52033.703668808164,812.7261025587356,199741424479737.44,9509842860206.086,1145261817.7504678,9510988122023.836,199741424479737.44,0.0,0.0,2939793576188452.5,0.07998313860080469,30000.0,compute_C5
DeepSeek-V4.1-Flash-engram-host,ROM-wafer-N7-HBM2e-aggressive,rom,official_packed,1000000,32,True,1,32,774,122838182421.81262,122838182421.81262,182763136.0,22010.0,56497872896.0,0.0005193488426802438,0.0005193488426802438,61615.61819384273,1925.4880685575854,236523454616500.34,11261063607685.354,1356159756.4464786,11262419767441.8,236523454616500.34,0.0,0.0,3481151365124192.0,0.042956124677120205,15000.0,kv_beachfront_C8
DeepSeek-V4.1-Flash-engram-host,N7-SRAM-rich-Graphcore-style-derived-control,sram,official_packed,1000000,32,False,10,320,3,122838182421.81262,122838182421.81262,182763136.0,22010.0,56497872896.0,0.00020460494313094134,,0.0,0.0,0.0,0.0,0.0,0.0,0.0,0.0,0.0,0.0,,150000.0,capacity_C7_C8_C9
DeepSeek-V4.1-Flash-engram-host,NVIDIA-A100-SXM-80GB-packed-HBM-BF16-execute-x1,gpu,a100_packed_hbm_bf16_execute,1000000,64,False,1,64,0,191900735211.60742,191900735211.60742,182763136.0,22010.0,56497872896.0,0.1827937752279672,,0.0,0.0,0.0,0.0,0.0,0.0,0.0,0.0,0.0,0.0,,400.0,capacity_C7_C8_C9
DeepSeek-V4.1-Flash-engram-host,NVIDIA-A100-SXM-80GB-packed-HBM-BF16-execute-x2,gpu,a100_packed_hbm_bf16_execute,1000000,64,False,1,64,0,191900735211.60742,191900735211.60742,182763136.0,22010.0,56497872896.0,0.09220193231986595,,0.0,0.0,0.0,0.0,0.0,0.0,0.0,0.0,0.0,0.0,,800.0,capacity_C7_C8_C9
DeepSeek-V4.1-Flash-engram-host,NVIDIA-A100-SXM-80GB-packed-HBM-BF16-execute-x4,gpu,a100_packed_hbm_bf16_execute,1000000,64,False,1,64,0,191900735211.60742,191900735211.60742,182763136.0,22010.0,56497872896.0,0.046597606159932976,,0.0,0.0,0.0,0.0,0.0,0.0,0.0,0.0,0.0,0.0,,1600.0,capacity_C7_C8_C9
DeepSeek-V4.1-Flash-engram-host,NVIDIA-A100-SXM-80GB-packed-HBM-BF16-execute-x8,gpu,a100_packed_hbm_bf16_execute,1000000,64,True,1,64,300,191900735211.60742,191900735211.60742,182763136.0,22010.0,56497872896.0,0.02384250190349605,0.023842501903496054,2684.282054754313,41.94190710553614,8048682809729.327,490587806235.42194,59081048.025142424,8539329697012.774,0.0,0.0,0.0,151656226346522.88,0.5363961963472166,3200.0,gpu_weight_memory_C3
DeepSeek-V4.1-Flash-engram-host,NVIDIA-A100-SXM-80GB-packed-HBM-BF16-execute-x16,gpu,a100_packed_hbm_bf16_execute,1000000,64,True,1,64,945,191900735211.60742,191900735211.60742,182763136.0,22010.0,56497872896.0,0.013335332490946022,0.013335332490946022,4799.280411152296,74.98875642425463,14390397490418.613,877131538485.5631,105632161.84946205,15267634661066.025,0.0,0.0,0.0,271149134661545.06,0.6000227370534502,6400.0,gpu_weight_memory_C3
DeepSeek-V4.1-Flash-engram-host,NVIDIA-A100-SXM-80GB-packed-HBM-BF16-execute-x32,gpu,a100_packed_hbm_bf16_execute,1000000,64,True,1,64,2236,191900735211.60742,191900735211.60742,182763136.0,22010.0,56497872896.0,0.009136030629868905,0.009136030629868905,7005.230454324599,109.45672584882186,21004826164244.27,1280297886235.0686,154185122.29968444,22285278235601.637,0.0,0.0,0.0,395780619815619.56,0.8221506449966604,12800.0,gpu_weight_memory_C3
DeepSeek-V4.1-Flash-engram-host,NVIDIA-A100-SXM-80GB-packed-HBM-BF16-execute-x64,gpu,a100_packed_hbm_bf16_execute,1000000,64,True,1,64,4817,191900735211.60742,191900735211.60742,182763136.0,22010.0,56497872896.0,0.006635346141747583,0.006635346141747583,9645.314446722145,150.7080382300335,28920983338642.47,1762807915989.044,212293370.9723544,30684003548002.484,0.0,0.0,0.0,544939749652860.3,1.194228507154678,25600.0,collective_floor_C6
DeepSeek-V4.1-Flash-engram-host,NVIDIA-A100-SXM-80GB-BF16-resident-x1,gpu,a100_bf16_expanded,1000000,64,False,1,64,0,191900735211.60742,705716494767.4633,681943040.0,44160.0,56497872896.0,0.6763566656826133,,0.0,0.0,0.0,0.0,0.0,0.0,0.0,0.0,0.0,0.0,,400.0,capacity_C7_C8_C9
DeepSeek-V4.1-Flash-engram-host,NVIDIA-A100-SXM-80GB-BF16-resident-x2,gpu,a100_bf16_expanded,1000000,64,False,1,64,0,191900735211.60742,705716494767.4633,681943040.0,44160.0,56497872896.0,0.338983377547189,,0.0,0.0,0.0,0.0,0.0,0.0,0.0,0.0,0.0,0.0,,800.0,capacity_C7_C8_C9
DeepSeek-V4.1-Flash-engram-host,NVIDIA-A100-SXM-80GB-BF16-resident-x4,gpu,a100_bf16_expanded,1000000,64,False,1,64,0,191900735211.60742,705716494767.4633,681943040.0,44160.0,56497872896.0,0.16998832877359452,,0.0,0.0,0.0,0.0,0.0,0.0,0.0,0.0,0.0,0.0,,1600.0,capacity_C7_C8_C9
DeepSeek-V4.1-Flash-engram-host,NVIDIA-A100-SXM-80GB-BF16-resident-x8,gpu,a100_bf16_expanded,1000000,64,False,1,64,0,191900735211.60742,705716494767.4633,681943040.0,44160.0,56497872896.0,0.08553786321032725,,0.0,0.0,0.0,0.0,0.0,0.0,0.0,0.0,0.0,0.0,,3200.0,capacity_C7_C8_C9
DeepSeek-V4.1-Flash-engram-host,NVIDIA-A100-SXM-80GB-BF16-resident-x16,gpu,a100_bf16_expanded,1000000,64,False,1,64,5,191900735211.60742,705716494767.4633,681943040.0,44160.0,56497872896.0,0.04418301739979137,,0.0,0.0,0.0,0.0,0.0,0.0,0.0,0.0,0.0,0.0,,6400.0,capacity_C7_C8_C9
DeepSeek-V4.1-Flash-engram-host,NVIDIA-A100-SXM-80GB-BF16-resident-x32,gpu,a100_bf16_expanded,1000000,64,True,1,64,365,191900735211.60742,705716494767.4633,681943040.0,44160.0,56497872896.0,0.024566188735268463,0.02456618873526846,2605.2067208992157,40.706355014050246,28727146175275.49,1776602591078.4426,115045928.79490937,30503863812282.727,0.0,0.0,0.0,147188638185168.84,2.210709303861044,12800.0,gpu_weight_memory_C3
DeepSeek-V4.1-Flash-engram-host,NVIDIA-A100-SXM-80GB-BF16-resident-x64,gpu,a100_bf16_expanded,1000000,64,True,1,64,1084,191900735211.60742,705716494767.4633,681943040.0,44160.0,56497872896.0,0.014506937480342489,0.014506937480342487,4411.682347616284,68.93253668150443,48646828162300.88,3008516071647.785,194819892.47073507,51655539053841.14,0.0,0.0,0.0,249250668533151.7,2.610956221490021,25600.0,gpu_weight_memory_C3
DeepSeek-V4.1-Flash-engram-host,ROM-wafer-N7-HBM2e-conservative,rom,official_packed,1000000,64,True,6,384,107,191900735211.60742,191900735211.60742,182763136.0,22010.0,56497872896.0,0.0021045809362240206,0.012629759617344125,30409.854474319713,79.17807070743656,91182397364061.6,5557800369030.302,669320896.9797769,5558469689927.281,91182397364061.6,0.0,0.0,1718092092875972.0,0.3361417583283556,90000.0,kv_beachfront_C8
DeepSeek-V4.1-Flash-engram-host,ROM-wafer-N7-HBM2e-central,rom,official_packed,1000000,64,True,2,128,430,191900735211.60742,191900735211.60742,182763136.0,22010.0,56497872896.0,0.0011957408266048582,0.002391936453209716,53523.30419437062,418.07130731174306,160486897278972.4,9782086923645.129,1178047925.3180974,9783264971570.447,160486897278972.4,0.0,0.0,3023952837347495.0,0.07775713766365731,30000.0,compute_C5
DeepSeek-V4.1-Flash-engram-host,ROM-wafer-N7-HBM2e-aggressive,rom,official_packed,1000000,64,True,1,64,774,191900735211.60742,191900735211.60742,182763136.0,22010.0,56497872896.0,0.0010235577077569043,0.0010235577077569043,62527.00704120929,976.9844850188952,187484040965459.66,11427631891545.49,1376219424.9770164,11429008110970.467,187484040965459.66,0.0,0.0,3532642896381539.5,0.04232999950642376,15000.0,kv_beachfront_C8
DeepSeek-V4.1-Flash-engram-host,N7-SRAM-rich-Graphcore-style-derived-control,sram,official_packed,1000000,64,False,10,640,3,191900735211.60742,191900735211.60742,182763136.0,22010.0,56497872896.0,0.00040236364608230916,,0.0,0.0,0.0,0.0,0.0,0.0,0.0,0.0,0.0,0.0,,150000.0,capacity_C7_C8_C9
DeepSeek-V4.1-Flash-engram-hbm,NVIDIA-A100-SXM-80GB-packed-HBM-BF16-execute-x1,gpu,a100_packed_hbm_bf16_execute,8192,1,False,1,1,0,13035075008.0,13035075008.0,11940224.0,22010.0,35917242368.0,0.010016566694912857,,0.0,0.0,0.0,0.0,0.0,0.0,0.0,0.0,0.0,0.0,,400.0,capacity_C7_C8_C9
DeepSeek-V4.1-Flash-engram-hbm,NVIDIA-A100-SXM-80GB-packed-HBM-BF16-execute-x2,gpu,a100_packed_hbm_bf16_execute,8192,1,False,1,1,0,13035075008.0,13035075008.0,11940224.0,22010.0,35917242368.0,0.005239022524846287,,0.0,0.0,0.0,0.0,0.0,0.0,0.0,0.0,0.0,0.0,,800.0,capacity_C7_C8_C9
DeepSeek-V4.1-Flash-engram-hbm,NVIDIA-A100-SXM-80GB-packed-HBM-BF16-execute-x4,gpu,a100_packed_hbm_bf16_execute,8192,1,False,1,1,0,13035075008.0,13035075008.0,11940224.0,22010.0,35917242368.0,0.0030202854592566867,,0.0,0.0,0.0,0.0,0.0,0.0,0.0,0.0,0.0,0.0,,1600.0,capacity_C7_C8_C9
DeepSeek-V4.1-Flash-engram-hbm,NVIDIA-A100-SXM-80GB-packed-HBM-BF16-execute-x8,gpu,a100_packed_hbm_bf16_execute,8192,1,True,1,1,6575,13035075008.0,13035075008.0,11940224.0,22010.0,35917242368.0,0.002059648377201545,0.002059648377201545,485.5197669024968,485.5197669024968,6328786579440.722,5797214773.243598,10686290.069523955,6334594480504.035,0.0,0.0,0.0,17438531142291.844,2.965561409124782,3200.0,gpu_weight_memory_C3
DeepSeek-V4.1-Flash-engram-hbm,NVIDIA-A100-SXM-80GB-packed-HBM-BF16-execute-x16,gpu,a100_packed_hbm_bf16_execute,8192,1,True,1,1,64208,13035075008.0,13035075008.0,11940224.0,22010.0,35917242368.0,0.0017938263064243756,0.0017938263064243753,557.4675744349489,557.4675744349489,7266631647287.382,6656287711.489964,12269861.313313225,7273300204860.186,0.0,0.0,0.0,20022697983281.14,5.165641017068051,6400.0,gpu_weight_memory_C3
DeepSeek-V4.1-Flash-engram-hbm,NVIDIA-A100-SXM-80GB-packed-HBM-BF16-execute-x32,gpu,a100_packed_hbm_bf16_execute,8192,1,True,1,1,179474,13035075008.0,13035075008.0,11940224.0,22010.0,35917242368.0,0.001770675041076444,0.001770675041076444,564.7563651160245,564.7563651160245,7361641580532.814,6743317504.911119,12430287.5962037,7368397328325.321,0.0,0.0,0.0,20284491244742.953,10.197945684401459,12800.0,gpu_weight_memory_C3
DeepSeek-V4.1-Flash-engram-hbm,NVIDIA-A100-SXM-80GB-packed-HBM-BF16-execute-x64,gpu,a100_packed_hbm_bf16_execute,8192,1,True,1,1,410007,13035075008.0,13035075008.0,11940224.0,22010.0,35917242368.0,0.0019504102702535794,0.0019504102702535794,512.7126406435435,512.7126406435435,6683247728338.339,6121903776.915414,11284805.220564393,6689380916920.475,0.0,0.0,0.0,18415224179131.44,22.466209255711835,25600.0,collective_floor_C6
DeepSeek-V4.1-Flash-engram-hbm,NVIDIA-A100-SXM-80GB-BF16-resident-x1,gpu,a100_bf16_expanded,8192,1,False,1,1,0,13035075008.0,32339891648.0,38821888.0,44160.0,35917242368.0,0.02618679210984794,,0.0,0.0,0.0,0.0,0.0,0.0,0.0,0.0,0.0,0.0,,400.0,capacity_C7_C8_C9
DeepSeek-V4.1-Flash-engram-hbm,NVIDIA-A100-SXM-80GB-BF16-resident-x2,gpu,a100_bf16_expanded,8192,1,False,1,1,0,13035075008.0,32339891648.0,38821888.0,44160.0,35917242368.0,0.013415000708903783,,0.0,0.0,0.0,0.0,0.0,0.0,0.0,0.0,0.0,0.0,,800.0,capacity_C7_C8_C9
DeepSeek-V4.1-Flash-engram-hbm,NVIDIA-A100-SXM-80GB-BF16-resident-x4,gpu,a100_bf16_expanded,8192,1,False,1,1,0,13035075008.0,32339891648.0,38821888.0,44160.0,35917242368.0,0.007682559476095126,,0.0,0.0,0.0,0.0,0.0,0.0,0.0,0.0,0.0,0.0,,1600.0,capacity_C7_C8_C9
DeepSeek-V4.1-Flash-engram-hbm,NVIDIA-A100-SXM-80GB-BF16-resident-x8,gpu,a100_bf16_expanded,8192,1,False,1,1,0,13035075008.0,32339891648.0,38821888.0,44160.0,35917242368.0,0.005246165220952905,,0.0,0.0,0.0,0.0,0.0,0.0,0.0,0.0,0.0,0.0,,3200.0,capacity_C7_C8_C9
DeepSeek-V4.1-Flash-engram-hbm,NVIDIA-A100-SXM-80GB-BF16-resident-x16,gpu,a100_bf16_expanded,8192,1,False,1,1,0,13035075008.0,32339891648.0,38821888.0,44160.0,35917242368.0,0.004317619026366002,,0.0,0.0,0.0,0.0,0.0,0.0,0.0,0.0,0.0,0.0,,6400.0,capacity_C7_C8_C9
DeepSeek-V4.1-Flash-engram-hbm,NVIDIA-A100-SXM-80GB-BF16-resident-x32,gpu,a100_bf16_expanded,8192,1,True,1,1,24716,13035075008.0,32339891648.0,38821888.0,44160.0,35917242368.0,0.003980981326319025,0.003980981326319025,251.19434582343044,251.19434582343044,8123597926519.981,9751838759.790483,11092742.311562689,8133360858022.083,0.0,0.0,0.0,9022208200411.36,22.92788365714881,12800.0,gpu_weight_memory_C3
DeepSeek-V4.1-Flash-engram-hbm,NVIDIA-A100-SXM-80GB-BF16-resident-x64,gpu,a100_bf16_expanded,8192,1,True,1,1,97958,13035075008.0,32339891648.0,38821888.0,44160.0,35917242368.0,0.004008261015029093,0.004008261015029093,249.48475068127308,249.48475068127308,8068309804860.666,9685469048.656307,11017246.59008502,8078006291155.912,0.0,0.0,0.0,8960804257339.338,46.16999412305586,25600.0,gpu_weight_memory_C3
DeepSeek-V4.1-Flash-engram-hbm,ROM-wafer-N7-HBM2e-conservative,rom,official_packed,8192,1,True,6,6,11329,13035075008.0,13035075008.0,11940224.0,22010.0,35917242368.0,0.00012599379670229314,0.0007582367802137589,7936.898690043203,1318.8492382525737,103458069755610.1,94768348224.42241,174691140.16785088,94943039364.59026,103458069755610.1,0.0,0.0,285071513900543.44,1.287911355896568,90000.0,collective_floor_C6
DeepSeek-V4.1-Flash-engram-hbm,ROM-wafer-N7-HBM2e-central,rom,official_packed,8192,1,True,2,2,22531,13035075008.0,13035075008.0,11940224.0,22010.0,35917242368.0,4.965868763715116e-05,9.977217527430231e-05,20137.46330363894,10022.834495195813,262493344633781.03,240445822637.22894,443225567.31309307,240889048204.54202,262493344633781.03,0.0,0.0,723282150153505.8,0.20667046636918868,30000.0,collective_floor_C6
DeepSeek-V4.1-Flash-engram-hbm,ROM-wafer-N7-HBM2e-aggressive,rom,official_packed,8192,1,True,1,1,48872,13035075008.0,13035075008.0,11940224.0,22010.0,35917242368.0,2.530086026193534e-05,2.5300860261935338e-05,39524.34777502332,39524.34777502332,515202837889706.9,471929565887.68005,869930894.5282633,472799496782.2083,515202837889706.9,0.0,0.0,1419605578472634.2,0.06696551179688588,15000.0,collective_floor_C6
DeepSeek-V4.1-Flash-engram-hbm,N7-SRAM-rich-Graphcore-style-derived-control,sram,official_packed,8192,1,False,10,10,0,13035075008.0,13035075008.0,11940224.0,22010.0,35917242368.0,1.1953973440023122e-05,,0.0,0.0,0.0,0.0,0.0,0.0,0.0,0.0,0.0,0.0,,150000.0,capacity_C7_C8_C9
DeepSeek-V4.1-Flash-engram-hbm,NVIDIA-A100-SXM-80GB-packed-HBM-BF16-execute-x1,gpu,a100_packed_hbm_bf16_execute,8192,8,False,1,8,0,42706582676.79819,42706582676.79819,11940224.0,22010.0,35917242368.0,0.037310115806578704,,0.0,0.0,0.0,0.0,0.0,0.0,0.0,0.0,0.0,0.0,,400.0,capacity_C7_C8_C9
DeepSeek-V4.1-Flash-engram-hbm,NVIDIA-A100-SXM-80GB-packed-HBM-BF16-execute-x2,gpu,a100_packed_hbm_bf16_execute,8192,8,False,1,8,0,42706582676.79819,42706582676.79819,11940224.0,22010.0,35917242368.0,0.01892039437387792,,0.0,0.0,0.0,0.0,0.0,0.0,0.0,0.0,0.0,0.0,,800.0,capacity_C7_C8_C9
DeepSeek-V4.1-Flash-engram-hbm,NVIDIA-A100-SXM-80GB-packed-HBM-BF16-execute-x4,gpu,a100_packed_hbm_bf16_execute,8192,8,False,1,8,0,42706582676.79819,42706582676.79819,11940224.0,22010.0,35917242368.0,0.009686999488407795,,0.0,0.0,0.0,0.0,0.0,0.0,0.0,0.0,0.0,0.0,,1600.0,capacity_C7_C8_C9
DeepSeek-V4.1-Flash-engram-hbm,NVIDIA-A100-SXM-80GB-packed-HBM-BF16-execute-x8,gpu,a100_packed_hbm_bf16_execute,8192,8,True,1,8,6575,42706582676.79819,42706582676.79819,11940224.0,22010.0,35917242368.0,0.005126423238057297,0.005126423238057297,1560.542239394122,195.06777992426524,8330678270915.107,18633223899.82744,34347534.68906462,8349345842349.624,0.0,0.0,0.0,56050373837820.16,0.9226528111487193,3200.0,gpu_weight_memory_C3
DeepSeek-V4.1-Flash-engram-hbm,NVIDIA-A100-SXM-80GB-packed-HBM-BF16-execute-x16,gpu,a100_packed_hbm_bf16_execute,8192,8,True,1,8,64208,42706582676.79819,42706582676.79819,11940224.0,22010.0,35917242368.0,0.003205906728008088,0.0032059067280080884,2495.3938709784625,311.9242338723078,13321218082764.648,29795561787.70994,54923619.10023596,13351068568171.459,0.0,0.0,0.0,89627666467555.16,1.153997131145259,6400.0,gpu_weight_memory_C3
DeepSeek-V4.1-Flash-engram-hbm,NVIDIA-A100-SXM-80GB-packed-HBM-BF16-execute-x32,gpu,a100_packed_hbm_bf16_execute,8192,8,True,1,8,179474,42706582676.79819,42706582676.79819,11940224.0,22010.0,35917242368.0,0.0025967748081829048,0.0025967748081829048,3080.744612428679,385.09307655358486,16446009312098.246,36784780759.19161,67807188.91955522,16482861900046.357,0.0,0.0,0.0,110651850918511.08,1.8694684113503584,12800.0,gpu_weight_memory_C3
DeepSeek-V4.1-Flash-engram-hbm,NVIDIA-A100-SXM-80GB-packed-HBM-BF16-execute-x64,gpu,a100_packed_hbm_bf16_execute,8192,8,True,1,8,410007,42706582676.79819,42706582676.79819,11940224.0,22010.0,35917242368.0,0.0024793299622119696,0.0024793299622119696,3226.678224330692,403.3347780413365,17225050044850.385,38527260774.43071,71019187.71751854,17263648324812.533,0.0,0.0,0.0,115893383826833.34,3.5698351902243846,25600.0,collective_floor_C6
DeepSeek-V4.1-Flash-engram-hbm,NVIDIA-A100-SXM-80GB-BF16-resident-x1,gpu,a100_bf16_expanded,8192,8,False,1,8,0,42706582676.79819,144044391107.00494,38821888.0,44160.0,35917242368.0,0.12890713350320834,,0.0,0.0,0.0,0.0,0.0,0.0,0.0,0.0,0.0,0.0,,400.0,capacity_C7_C8_C9
DeepSeek-V4.1-Flash-engram-hbm,NVIDIA-A100-SXM-80GB-BF16-resident-x2,gpu,a100_bf16_expanded,8192,8,False,1,8,0,42706582676.79819,144044391107.00494,38821888.0,44160.0,35917242368.0,0.06471890322219365,,0.0,0.0,0.0,0.0,0.0,0.0,0.0,0.0,0.0,0.0,,800.0,capacity_C7_C8_C9
DeepSeek-V4.1-Flash-engram-hbm,NVIDIA-A100-SXM-80GB-BF16-resident-x4,gpu,a100_bf16_expanded,8192,8,False,1,8,0,42706582676.79819,144044391107.00494,38821888.0,44160.0,35917242368.0,0.03258629930659196,,0.0,0.0,0.0,0.0,0.0,0.0,0.0,0.0,0.0,0.0,,1600.0,capacity_C7_C8_C9
DeepSeek-V4.1-Flash-engram-hbm,NVIDIA-A100-SXM-80GB-BF16-resident-x8,gpu,a100_bf16_expanded,8192,8,False,1,8,0,42706582676.79819,144044391107.00494,38821888.0,44160.0,35917242368.0,0.016601173325657564,,0.0,0.0,0.0,0.0,0.0,0.0,0.0,0.0,0.0,0.0,,3200.0,capacity_C7_C8_C9
DeepSeek-V4.1-Flash-engram-hbm,NVIDIA-A100-SXM-80GB-BF16-resident-x16,gpu,a100_bf16_expanded,8192,8,False,1,8,0,42706582676.79819,144044391107.00494,38821888.0,44160.0,35917242368.0,0.009235348041962452,,0.0,0.0,0.0,0.0,0.0,0.0,0.0,0.0,0.0,0.0,,6400.0,capacity_C7_C8_C9
DeepSeek-V4.1-Flash-engram-hbm,NVIDIA-A100-SXM-80GB-BF16-resident-x32,gpu,a100_bf16_expanded,8192,8,True,1,8,24716,42706582676.79819,144044391107.00494,38821888.0,44160.0,35917242368.0,0.006297312399066348,0.006297312399066348,1270.383219543959,158.79790244299488,22873947166470.77,49318675066.21499,56100122.97506123,22923321941659.96,0.0,0.0,0.0,45628661996600.53,4.53355699899807,12800.0,gpu_weight_memory_C3
DeepSeek-V4.1-Flash-engram-hbm,NVIDIA-A100-SXM-80GB-BF16-resident-x64,gpu,a100_bf16_expanded,8192,8,True,1,8,97958,42706582676.79819,144044391107.00494,38821888.0,44160.0,35917242368.0,0.00520629406539865,0.00520629406539865,1536.601640151003,192.07520501887538,27667355953697.047,59653776774.55854,67856328.4290683,27727077586800.035,0.0,0.0,0.0,55190493532369.9,7.496223596126373,25600.0,gpu_weight_memory_C3
DeepSeek-V4.1-Flash-engram-hbm,ROM-wafer-N7-HBM2e-conservative,rom,official_packed,8192,8,True,6,48,11329,42706582676.79819,42706582676.79819,11940224.0,22010.0,35917242368.0,0.00031517979435005244,0.0018933527661003148,25382.337774847492,528.163593126743,135499113338992.77,303070798675.34064,558665254.4243933,303629463929.765,135499113338992.77,0.0,0.0,911663577725639.2,0.40272184714351655,90000.0,compute_C5
DeepSeek-V4.1-Flash-engram-hbm,ROM-wafer-N7-HBM2e-central,rom,official_packed,8192,8,True,2,16,22531,42706582676.79819,42706582676.79819,11940224.0,22010.0,35917242368.0,0.0001579877951488367,0.0003164303902976734,50636.82287902925,3160.252714852315,270315707846706.06,604615007823.9341,1114516471.5674338,605729524295.5015,270315707846706.06,0.0,0.0,1818735040091581.0,0.08218957461841589,30000.0,compute_C5
DeepSeek-V4.1-Flash-engram-hbm,ROM-wafer-N7-HBM2e-aggressive,rom,official_packed,8192,8,True,1,8,48872,42706582676.79819,42706582676.79819,11940224.0,22010.0,35917242368.0,9.64270388703987e-05,9.64270388703987e-05,82964.28153053916,10370.535191317394,442890118550641.44,990612105473.7003,1826043836.487167,992438149310.1875,442890118550641.44,0.0,0.0,2979848207619361.0,0.031902502237884975,15000.0,compute_C5
DeepSeek-V4.1-Flash-engram-hbm,N7-SRAM-rich-Graphcore-style-derived-control,sram,official_packed,8192,8,False,10,80,0,42706582676.79819,42706582676.79819,11940224.0,22010.0,35917242368.0,4.777544633051047e-05,,0.0,0.0,0.0,0.0,0.0,0.0,0.0,0.0,0.0,0.0,,150000.0,capacity_C7_C8_C9
DeepSeek-V4.1-Flash-engram-hbm,NVIDIA-A100-SXM-80GB-packed-HBM-BF16-execute-x1,gpu,a100_packed_hbm_bf16_execute,8192,32,False,1,32,0,122838182421.81262,122838182421.81262,11940224.0,22010.0,35917242368.0,0.11106469677331315,,0.0,0.0,0.0,0.0,0.0,0.0,0.0,0.0,0.0,0.0,,400.0,capacity_C7_C8_C9
DeepSeek-V4.1-Flash-engram-hbm,NVIDIA-A100-SXM-80GB-packed-HBM-BF16-execute-x2,gpu,a100_packed_hbm_bf16_execute,8192,32,False,1,32,0,122838182421.81262,122838182421.81262,11940224.0,22010.0,35917242368.0,0.05602898838665658,,0.0,0.0,0.0,0.0,0.0,0.0,0.0,0.0,0.0,0.0,,800.0,capacity_C7_C8_C9
DeepSeek-V4.1-Flash-engram-hbm,NVIDIA-A100-SXM-80GB-packed-HBM-BF16-execute-x4,gpu,a100_packed_hbm_bf16_execute,8192,32,False,1,32,0,122838182421.81262,122838182421.81262,11940224.0,22010.0,35917242368.0,0.028356931840387112,,0.0,0.0,0.0,0.0,0.0,0.0,0.0,0.0,0.0,0.0,,1600.0,capacity_C7_C8_C9
DeepSeek-V4.1-Flash-engram-hbm,NVIDIA-A100-SXM-80GB-packed-HBM-BF16-execute-x8,gpu,a100_packed_hbm_bf16_execute,8192,32,True,1,32,6575,122838182421.81262,122838182421.81262,11940224.0,22010.0,35917242368.0,0.014567962410845285,0.014567962410845285,2196.6009451107066,68.64377953470958,8432077112607.343,26227907323.23354,48347186.80188665,8458353367117.378,0.0,0.0,0.0,78895848531319.11,0.6554848696110062,3200.0,gpu_weight_memory_C3
DeepSeek-V4.1-Flash-engram-hbm,NVIDIA-A100-SXM-80GB-packed-HBM-BF16-execute-x16,gpu,a100_packed_hbm_bf16_execute,8192,32,True,1,32,64208,122838182421.81262,122838182421.81262,11940224.0,22010.0,35917242368.0,0.008197263383856276,0.008197263383856276,3903.741834503077,121.99193232822115,14985267237323.451,46611551942.137665,85921357.77741273,15031964710623.367,0.0,0.0,0.0,140211641611947.95,0.7376710577361155,6400.0,gpu_weight_memory_C3
DeepSeek-V4.1-Flash-engram-hbm,NVIDIA-A100-SXM-80GB-packed-HBM-BF16-execute-x32,gpu,a100_packed_hbm_bf16_execute,8192,32,True,1,32,179474,122838182421.81262,122838182421.81262,11940224.0,22010.0,35917242368.0,0.005607990961356847,0.005607990961356847,5706.143290975925,178.31697784299766,21904133453184.465,68132629070.349724,125592213.8343801,21972391674468.65,0.0,0.0,0.0,204948931568519.44,1.0093252907758983,12800.0,gpu_weight_memory_C3
DeepSeek-V4.1-Flash-engram-hbm,NVIDIA-A100-SXM-80GB-packed-HBM-BF16-execute-x64,gpu,a100_packed_hbm_bf16_execute,8192,32,True,1,32,410007,122838182421.81262,122838182421.81262,11940224.0,22010.0,35917242368.0,0.004310758150451501,0.004310758150451501,7423.288174180771,231.9777554431491,28495725840928.188,88635723616.26942,163386572.71371877,28584524951117.17,0.0,0.0,0.0,266624040519558.97,1.551699085697644,25600.0,collective_floor_C6
DeepSeek-V4.1-Flash-engram-hbm,NVIDIA-A100-SXM-80GB-BF16-resident-x1,gpu,a100_bf16_expanded,8192,32,False,1,32,0,122838182421.81262,445716296029.41223,38821888.0,44160.0,35917242368.0,0.40646226061303475,,0.0,0.0,0.0,0.0,0.0,0.0,0.0,0.0,0.0,0.0,,400.0,capacity_C7_C8_C9
DeepSeek-V4.1-Flash-engram-hbm,NVIDIA-A100-SXM-80GB-BF16-resident-x2,gpu,a100_bf16_expanded,8192,32,False,1,32,0,122838182421.81262,445716296029.41223,38821888.0,44160.0,35917242368.0,0.20372777030651737,,0.0,0.0,0.0,0.0,0.0,0.0,0.0,0.0,0.0,0.0,,800.0,capacity_C7_C8_C9
DeepSeek-V4.1-Flash-engram-hbm,NVIDIA-A100-SXM-80GB-BF16-resident-x4,gpu,a100_bf16_expanded,8192,32,False,1,32,0,122838182421.81262,445716296029.41223,38821888.0,44160.0,35917242368.0,0.10220632280031751,,0.0,0.0,0.0,0.0,0.0,0.0,0.0,0.0,0.0,0.0,,1600.0,capacity_C7_C8_C9
DeepSeek-V4.1-Flash-engram-hbm,NVIDIA-A100-SXM-80GB-BF16-resident-x8,gpu,a100_bf16_expanded,8192,32,False,1,32,0,122838182421.81262,445716296029.41223,38821888.0,44160.0,35917242368.0,0.05149265794628015,,0.0,0.0,0.0,0.0,0.0,0.0,0.0,0.0,0.0,0.0,,3200.0,capacity_C7_C8_C9
DeepSeek-V4.1-Flash-engram-hbm,NVIDIA-A100-SXM-80GB-BF16-resident-x16,gpu,a100_bf16_expanded,8192,32,False,1,32,0,122838182421.81262,445716296029.41223,38821888.0,44160.0,35917242368.0,0.026660605963229327,,0.0,0.0,0.0,0.0,0.0,0.0,0.0,0.0,0.0,0.0,,6400.0,capacity_C7_C8_C9
DeepSeek-V4.1-Flash-engram-hbm,NVIDIA-A100-SXM-80GB-BF16-resident-x32,gpu,a100_bf16_expanded,8192,32,True,1,32,24716,122838182421.81262,445716296029.41223,38821888.0,44160.0,35917242368.0,0.014912427290052153,0.014912427290052151,2145.8612590417592,67.05816434505498,29888916630409.496,83306385462.05817,94761233.19928409,29972317777104.754,0.0,0.0,0.0,77073418929104.5,2.683936210743221,12800.0,gpu_weight_memory_C3
DeepSeek-V4.1-Flash-engram-hbm,NVIDIA-A100-SXM-80GB-BF16-resident-x64,gpu,a100_bf16_expanded,8192,32,True,1,32,97958,122838182421.81262,445716296029.41223,38821888.0,44160.0,35917242368.0,0.00938156016652472,0.00938156016652472,3410.9465197678305,106.5920787427447,47509826523291.62,132419383764.4165,150627398.3129474,47642396534454.34,0.0,0.0,0.0,122511792854787.27,3.3769833112277774,25600.0,gpu_weight_memory_C3
DeepSeek-V4.1-Flash-engram-hbm,ROM-wafer-N7-HBM2e-conservative,rom,official_packed,8192,32,True,6,192,11329,122838182421.81262,122838182421.81262,11940224.0,22010.0,35917242368.0,0.0009639394517904535,0.005785910710742721,33197.105835394665,172.83363846996403,127433504452638.45,396380879826.3194,730668299.4370365,397111548125.7564,127433504452638.45,0.0,0.0,1192348496206017.2,0.3079190699391796,90000.0,compute_C5
DeepSeek-V4.1-Flash-engram-hbm,ROM-wafer-N7-HBM2e-central,rom,official_packed,8192,32,True,2,64,22531,122838182421.81262,122838182421.81262,11940224.0,22010.0,35917242368.0,0.0005294259280700942,0.0010593066561401885,60442.8274161958,944.0137038727906,232021470632524.94,721700898542.7191,1330346631.4304698,723031245174.1495,232021470632524.94,0.0,0.0,2170939681714700.0,0.06885546408671665,30000.0,compute_C5
DeepSeek-V4.1-Flash-engram-hbm,ROM-wafer-N7-HBM2e-aggressive,rom,official_packed,8192,32,True,1,32,48872,122838182421.81262,122838182421.81262,11940224.0,22010.0,35917242368.0,0.0003402882226708445,0.0003402882226708445,94037.92981384814,2938.6853066827543,360982761782596.5,1122833946473.625,2069774835.2027977,1124903721308.828,360982761782596.5,0.0,0.0,3377583116908956.5,0.0281457512137063,15000.0,compute_C5
DeepSeek-V4.1-Flash-engram-hbm,N7-SRAM-rich-Graphcore-style-derived-control,sram,official_packed,8192,32,False,10,320,0,122838182421.81262,122838182421.81262,11940224.0,22010.0,35917242368.0,0.00017059673481699137,,0.0,0.0,0.0,0.0,0.0,0.0,0.0,0.0,0.0,0.0,,150000.0,capacity_C7_C8_C9
DeepSeek-V4.1-Flash-engram-hbm,NVIDIA-A100-SXM-80GB-packed-HBM-BF16-execute-x1,gpu,a100_packed_hbm_bf16_execute,8192,64,False,1,64,0,191900735211.60742,191900735211.60742,11940224.0,22010.0,35917242368.0,0.1747309504111434,,0.0,0.0,0.0,0.0,0.0,0.0,0.0,0.0,0.0,0.0,,400.0,capacity_C7_C8_C9
DeepSeek-V4.1-Flash-engram-hbm,NVIDIA-A100-SXM-80GB-packed-HBM-BF16-execute-x2,gpu,a100_packed_hbm_bf16_execute,8192,64,False,1,64,0,191900735211.60742,191900735211.60742,11940224.0,22010.0,35917242368.0,0.08817051991145405,,0.0,0.0,0.0,0.0,0.0,0.0,0.0,0.0,0.0,0.0,,800.0,capacity_C7_C8_C9
DeepSeek-V4.1-Flash-engram-hbm,NVIDIA-A100-SXM-80GB-packed-HBM-BF16-execute-x4,gpu,a100_packed_hbm_bf16_execute,8192,64,False,1,64,0,191900735211.60742,191900735211.60742,11940224.0,22010.0,35917242368.0,0.044581899955727027,,0.0,0.0,0.0,0.0,0.0,0.0,0.0,0.0,0.0,0.0,,1600.0,capacity_C7_C8_C9
DeepSeek-V4.1-Flash-engram-hbm,NVIDIA-A100-SXM-80GB-packed-HBM-BF16-execute-x8,gpu,a100_packed_hbm_bf16_execute,8192,64,True,1,64,6575,191900735211.60742,191900735211.60742,11940224.0,22010.0,35917242368.0,0.022834648801393076,0.022834648801393072,2802.7582362508483,43.793097441419505,8403927596201.966,33465561158.68005,61688708.77988117,8437454846069.426,0.0,0.0,0.0,100667346870329.92,0.5137220419051649,3200.0,gpu_weight_memory_C3
DeepSeek-V4.1-Flash-engram-hbm,NVIDIA-A100-SXM-80GB-packed-HBM-BF16-execute-x16,gpu,a100_packed_hbm_bf16_execute,8192,64,True,1,64,64208,191900735211.60742,191900735211.60742,11940224.0,22010.0,35917242368.0,0.012831405939894534,0.012831405939894534,4987.76208155145,77.93378252424141,14955550164223.447,59554996512.43058,109780643.41494742,15015214941379.293,0.0,0.0,0.0,179146659557003.62,0.5773485826113987,6400.0,gpu_weight_memory_C3
DeepSeek-V4.1-Flash-engram-hbm,NVIDIA-A100-SXM-80GB-packed-HBM-BF16-execute-x32,gpu,a100_packed_hbm_bf16_execute,8192,64,True,1,64,179474,191900735211.60742,191900735211.60742,11940224.0,22010.0,35917242368.0,0.008884067354343161,0.008884067354343161,7203.90756253241,112.56105566456891,21600549338225.44,86016269971.93098,158558005.45133835,21686724166202.824,0.0,0.0,0.0,258744493920144.7,0.7994764905546087,12800.0,gpu_weight_memory_C3
DeepSeek-V4.1-Flash-engram-hbm,NVIDIA-A100-SXM-80GB-packed-HBM-BF16-execute-x64,gpu,a100_packed_hbm_bf16_execute,8192,64,True,1,64,410007,191900735211.60742,191900735211.60742,11940224.0,22010.0,35917242368.0,0.006509364503984712,0.006509364503984712,9831.988969249203,153.6248276445188,29480717371739.633,117396150658.3646,216402077.21317497,29598329924475.21,0.0,0.0,0.0,353137930768026.1,1.1715543527126266,25600.0,collective_floor_C6
DeepSeek-V4.1-Flash-engram-hbm,NVIDIA-A100-SXM-80GB-BF16-resident-x1,gpu,a100_bf16_expanded,8192,64,False,1,64,0,191900735211.60742,705716494767.4633,38821888.0,44160.0,35917242368.0,0.6460014099159284,,0.0,0.0,0.0,0.0,0.0,0.0,0.0,0.0,0.0,0.0,,400.0,capacity_C7_C8_C9
DeepSeek-V4.1-Flash-engram-hbm,NVIDIA-A100-SXM-80GB-BF16-resident-x2,gpu,a100_bf16_expanded,8192,64,False,1,64,0,191900735211.60742,705716494767.4633,38821888.0,44160.0,35917242368.0,0.3238057496638465,,0.0,0.0,0.0,0.0,0.0,0.0,0.0,0.0,0.0,0.0,,800.0,capacity_C7_C8_C9
DeepSeek-V4.1-Flash-engram-hbm,NVIDIA-A100-SXM-80GB-BF16-resident-x4,gpu,a100_bf16_expanded,8192,64,False,1,64,0,191900735211.60742,705716494767.4633,38821888.0,44160.0,35917242368.0,0.16239951483192328,,0.0,0.0,0.0,0.0,0.0,0.0,0.0,0.0,0.0,0.0,,1600.0,capacity_C7_C8_C9
DeepSeek-V4.1-Flash-engram-hbm,NVIDIA-A100-SXM-80GB-BF16-resident-x8,gpu,a100_bf16_expanded,8192,64,False,1,64,0,191900735211.60742,705716494767.4633,38821888.0,44160.0,35917242368.0,0.08174345623949163,,0.0,0.0,0.0,0.0,0.0,0.0,0.0,0.0,0.0,0.0,,3200.0,capacity_C7_C8_C9
DeepSeek-V4.1-Flash-engram-hbm,NVIDIA-A100-SXM-80GB-BF16-resident-x16,gpu,a100_bf16_expanded,8192,64,False,1,64,0,191900735211.60742,705716494767.4633,38821888.0,44160.0,35917242368.0,0.04228581391437356,,0.0,0.0,0.0,0.0,0.0,0.0,0.0,0.0,0.0,0.0,,6400.0,capacity_C7_C8_C9
DeepSeek-V4.1-Flash-engram-hbm,NVIDIA-A100-SXM-80GB-BF16-resident-x32,gpu,a100_bf16_expanded,8192,64,True,1,64,24716,191900735211.60742,705716494767.4633,38821888.0,44160.0,35917242368.0,0.02361758699255956,0.02361758699255956,2709.844998990051,42.341328109219546,29880973657037.48,105201299048.15187,119666755.15540065,29986294622840.79,0.0,0.0,0.0,97330159608438.38,2.125344711051631,12800.0,gpu_weight_memory_C3
DeepSeek-V4.1-Flash-engram-hbm,NVIDIA-A100-SXM-80GB-BF16-resident-x64,gpu,a100_bf16_expanded,8192,64,True,1,64,97958,191900735211.60742,705716494767.4633,38821888.0,44160.0,35917242368.0,0.014032636608988035,0.014032636608988036,4560.796504842675,71.2624453881668,50291083167894.85,177058731101.7938,201404773.65385252,50468343303770.3,0.0,0.0,0.0,163811233455561.66,2.525591628680608,25600.0,gpu_weight_memory_C3
DeepSeek-V4.1-Flash-engram-hbm,ROM-wafer-N7-HBM2e-conservative,rom,official_packed,8192,64,True,6,384,11329,191900735211.60742,191900735211.60742,11940224.0,22010.0,35917242368.0,0.0018289345438248096,0.010975881262948857,34993.051127001105,91.10885732480428,104924878727638.73,417824868899.84564,770197055.3052943,418595065955.15094,104924878727638.73,0.0,0.0,1256853898524314.2,0.29211576653913984,90000.0,compute_C5
DeepSeek-V4.1-Flash-engram-hbm,ROM-wafer-N7-HBM2e-central,rom,official_packed,8192,64,True,2,128,22531,191900735211.60742,191900735211.60742,11940224.0,22010.0,35917242368.0,0.0010246206552423209,0.0020496961104846416,62462.1411568793,487.8772003736468,187289543920255.3,745811956932.7579,1374791726.8629134,747186748659.6208,187289543920255.3,0.0,0.0,2243467862755861.8,0.06662946314956927,30000.0,compute_C5
DeepSeek-V4.1-Flash-engram-hbm,ROM-wafer-N7-HBM2e-aggressive,rom,official_packed,8192,64,True,1,64,48872,191900735211.60742,191900735211.60742,11940224.0,22010.0,35917242368.0,0.0006654364677381056,0.0006654364677381056,96177.47614215268,1502.7730647211356,288383255976186.44,1148380608891.9587,2116866249.8887804,1150497475141.8474,288383255976186.44,0.0,0.0,3454429720940235.5,0.027519626043009858,15000.0,compute_C5
DeepSeek-V4.1-Flash-engram-hbm,N7-SRAM-rich-Graphcore-style-derived-control,sram,official_packed,8192,64,False,10,640,0,191900735211.60742,191900735211.60742,11940224.0,22010.0,35917242368.0,0.0003343472294544092,,0.0,0.0,0.0,0.0,0.0,0.0,0.0,0.0,0.0,0.0,,150000.0,capacity_C7_C8_C9
DeepSeek-V4.1-Flash-engram-hbm,NVIDIA-A100-SXM-80GB-packed-HBM-BF16-execute-x1,gpu,a100_packed_hbm_bf16_execute,32768,1,False,1,1,0,13035075008.0,13035075008.0,18346368.0,22010.0,36688961536.0,0.010021291216368532,,0.0,0.0,0.0,0.0,0.0,0.0,0.0,0.0,0.0,0.0,,400.0,capacity_C7_C8_C9
DeepSeek-V4.1-Flash-engram-hbm,NVIDIA-A100-SXM-80GB-packed-HBM-BF16-execute-x2,gpu,a100_packed_hbm_bf16_execute,32768,1,False,1,1,0,13035075008.0,13035075008.0,18346368.0,22010.0,36688961536.0,0.005241384785574125,,0.0,0.0,0.0,0.0,0.0,0.0,0.0,0.0,0.0,0.0,,800.0,capacity_C7_C8_C9
DeepSeek-V4.1-Flash-engram-hbm,NVIDIA-A100-SXM-80GB-packed-HBM-BF16-execute-x4,gpu,a100_packed_hbm_bf16_execute,32768,1,False,1,1,0,13035075008.0,13035075008.0,18346368.0,22010.0,36688961536.0,0.0030214665896206054,,0.0,0.0,0.0,0.0,0.0,0.0,0.0,0.0,0.0,0.0,,1600.0,capacity_C7_C8_C9
DeepSeek-V4.1-Flash-engram-hbm,NVIDIA-A100-SXM-80GB-packed-HBM-BF16-execute-x8,gpu,a100_packed_hbm_bf16_execute,32768,1,True,1,1,2062,13035075008.0,13035075008.0,18346368.0,22010.0,36688961536.0,0.0020602389423835044,0.0020602389423835044,485.38059320589934,485.38059320589934,6326972439866.433,8904970983.01373,10683226.856461845,6335888094076.303,0.0,0.0,0.0,17808109914452.105,2.966411727719246,3200.0,gpu_weight_memory_C3
DeepSeek-V4.1-Flash-engram-hbm,NVIDIA-A100-SXM-80GB-packed-HBM-BF16-execute-x16,gpu,a100_packed_hbm_bf16_execute,32768,1,True,1,1,20137,13035075008.0,13035075008.0,18346368.0,22010.0,36688961536.0,0.0017941215890153552,0.001794121589015355,557.3758245386352,557.3758245386352,7265435680506.957,10225821991.289232,12267841.898095362,7275673770340.145,0.0,0.0,0.0,20449540187594.273,5.1664913356625135,6400.0,gpu_weight_memory_C3
DeepSeek-V4.1-Flash-engram-hbm,NVIDIA-A100-SXM-80GB-packed-HBM-BF16-execute-x32,gpu,a100_packed_hbm_bf16_execute,32768,1,True,1,1,56287,13035075008.0,13035075008.0,18346368.0,22010.0,36688961536.0,0.0017708226823719342,0.0017708226823719344,564.7092788875658,564.7092788875658,7361027808013.012,10360364243.485912,12429251.228315324,7371400601507.726,0.0,0.0,0.0,20718597012128.2,10.198796002995925,12800.0,gpu_weight_memory_C3
DeepSeek-V4.1-Flash-engram-hbm,NVIDIA-A100-SXM-80GB-packed-HBM-BF16-execute-x64,gpu,a100_packed_hbm_bf16_execute,32768,1,True,1,1,128588,13035075008.0,13035075008.0,18346368.0,22010.0,36688961536.0,0.0019504840909013244,0.0019504840909013242,512.6932358304431,512.6932358304431,6682994785144.059,9406058775.656094,11284378.120628051,6692412128297.835,0.0,0.0,0.0,18810182409150.504,22.467059574306298,25600.0,collective_floor_C6
DeepSeek-V4.1-Flash-engram-hbm,NVIDIA-A100-SXM-80GB-BF16-resident-x1,gpu,a100_bf16_expanded,32768,1,False,1,1,0,13035075008.0,32339891648.0,62939136.0,44160.0,36688961536.0,0.026204578543563423,,0.0,0.0,0.0,0.0,0.0,0.0,0.0,0.0,0.0,0.0,,400.0,capacity_C7_C8_C9
DeepSeek-V4.1-Flash-engram-hbm,NVIDIA-A100-SXM-80GB-BF16-resident-x2,gpu,a100_bf16_expanded,32768,1,False,1,1,0,13035075008.0,32339891648.0,62939136.0,44160.0,36688961536.0,0.013423893925761524,,0.0,0.0,0.0,0.0,0.0,0.0,0.0,0.0,0.0,0.0,,800.0,capacity_C7_C8_C9
DeepSeek-V4.1-Flash-engram-hbm,NVIDIA-A100-SXM-80GB-BF16-resident-x4,gpu,a100_bf16_expanded,32768,1,False,1,1,0,13035075008.0,32339891648.0,62939136.0,44160.0,36688961536.0,0.007687006084523997,,0.0,0.0,0.0,0.0,0.0,0.0,0.0,0.0,0.0,0.0,,1600.0,capacity_C7_C8_C9
DeepSeek-V4.1-Flash-engram-hbm,NVIDIA-A100-SXM-80GB-BF16-resident-x8,gpu,a100_bf16_expanded,32768,1,False,1,1,0,13035075008.0,32339891648.0,62939136.0,44160.0,36688961536.0,0.00524838852516734,,0.0,0.0,0.0,0.0,0.0,0.0,0.0,0.0,0.0,0.0,,3200.0,capacity_C7_C8_C9
DeepSeek-V4.1-Flash-engram-hbm,NVIDIA-A100-SXM-80GB-BF16-resident-x16,gpu,a100_bf16_expanded,32768,1,False,1,1,0,13035075008.0,32339891648.0,62939136.0,44160.0,36688961536.0,0.00431873067847322,,0.0,0.0,0.0,0.0,0.0,0.0,0.0,0.0,0.0,0.0,,6400.0,capacity_C7_C8_C9
DeepSeek-V4.1-Flash-engram-hbm,NVIDIA-A100-SXM-80GB-BF16-resident-x32,gpu,a100_bf16_expanded,32768,1,True,1,1,7061,13035075008.0,32339891648.0,62939136.0,44160.0,36688961536.0,0.003981537152372634,0.003981537152372634,251.1592788740125,251.1592788740125,8122463865175.38,15807748010.7134,11091193.755076392,8138282704379.849,0.0,0.0,0.0,9214773122018.143,22.931084856563263,12800.0,gpu_weight_memory_C3
DeepSeek-V4.1-Flash-engram-hbm,NVIDIA-A100-SXM-80GB-BF16-resident-x64,gpu,a100_bf16_expanded,32768,1,True,1,1,27988,13035075008.0,32339891648.0,62939136.0,44160.0,36688961536.0,0.0040085389280558985,0.0040085389280558985,249.46745383984336,249.46745383984336,8067750426882.976,15701266004.799623,11016482.761567483,8083462709370.537,0.0,0.0,0.0,9152701818413.87,46.173195322470306,25600.0,gpu_weight_memory_C3
DeepSeek-V4.1-Flash-engram-hbm,ROM-wafer-N7-HBM2e-conservative,rom,official_packed,32768,1,True,6,6,3163,13035075008.0,13035075008.0,18346368.0,22010.0,36688961536.0,0.00012608341889454932,0.000758774513367296,7931.257010379426,1317.9145877767976,103384530038021.64,145509759815.00076,174566966.79845116,145684326781.79922,103384530038021.64,0.0,0.0,290989583385941.1,1.2888274759133322,90000.0,collective_floor_C6
DeepSeek-V4.1-Flash-engram-hbm,ROM-wafer-N7-HBM2e-central,rom,official_packed,32768,1,True,2,2,6844,13035075008.0,13035075008.0,18346368.0,22010.0,36688961536.0,4.98083237569457e-05,0.00010007144751389138,20076.965546557898,9992.860349713492,261704751832413.9,368339398240.47235,441894011.67973936,368781292252.1521,261704751832413.9,0.0,0.0,736603016697260.0,0.2072932248055288,30000.0,collective_floor_C6
DeepSeek-V4.1-Flash-engram-hbm,ROM-wafer-N7-HBM2e-aggressive,rom,official_packed,32768,1,True,1,1,15327,13035075008.0,13035075008.0,18346368.0,22010.0,36688961536.0,2.5392444652999415e-05,2.5392444652999415e-05,39381.79303590124,39381.79303590124,513344626172504.7,722512867536.4813,866793264.7201862,723379660801.2015,513344626172504.7,0.0,0.0,1444877089912893.2,0.06720791444868184,15000.0,collective_floor_C6
DeepSeek-V4.1-Flash-engram-hbm,N7-SRAM-rich-Graphcore-style-derived-control,sram,official_packed,32768,1,False,10,10,0,13035075008.0,13035075008.0,18346368.0,22010.0,36688961536.0,1.1978985618707443e-05,,0.0,0.0,0.0,0.0,0.0,0.0,0.0,0.0,0.0,0.0,,150000.0,capacity_C7_C8_C9
DeepSeek-V4.1-Flash-engram-hbm,NVIDIA-A100-SXM-80GB-packed-HBM-BF16-execute-x1,gpu,a100_packed_hbm_bf16_execute,32768,8,False,1,8,0,42706582676.79819,42706582676.79819,18346368.0,22010.0,36688961536.0,0.037347911978224096,,0.0,0.0,0.0,0.0,0.0,0.0,0.0,0.0,0.0,0.0,,400.0,capacity_C7_C8_C9
DeepSeek-V4.1-Flash-engram-hbm,NVIDIA-A100-SXM-80GB-packed-HBM-BF16-execute-x2,gpu,a100_packed_hbm_bf16_execute,32768,8,False,1,8,0,42706582676.79819,42706582676.79819,18346368.0,22010.0,36688961536.0,0.018939292459700614,,0.0,0.0,0.0,0.0,0.0,0.0,0.0,0.0,0.0,0.0,,800.0,capacity_C7_C8_C9
DeepSeek-V4.1-Flash-engram-hbm,NVIDIA-A100-SXM-80GB-packed-HBM-BF16-execute-x4,gpu,a100_packed_hbm_bf16_execute,32768,8,False,1,8,0,42706582676.79819,42706582676.79819,18346368.0,22010.0,36688961536.0,0.009696448531319143,,0.0,0.0,0.0,0.0,0.0,0.0,0.0,0.0,0.0,0.0,,1600.0,capacity_C7_C8_C9
DeepSeek-V4.1-Flash-engram-hbm,NVIDIA-A100-SXM-80GB-packed-HBM-BF16-execute-x8,gpu,a100_packed_hbm_bf16_execute,32768,8,True,1,8,2062,42706582676.79819,42706582676.79819,18346368.0,22010.0,36688961536.0,0.005131147759512971,0.005131147759512971,1559.1053649094936,194.8881706136867,8323007771043.361,28603920775.403854,34315909.08165795,8351646007727.847,0.0,0.0,0.0,57201956763735.66,0.9235031297431827,3200.0,gpu_weight_memory_C3
DeepSeek-V4.1-Flash-engram-hbm,NVIDIA-A100-SXM-80GB-packed-HBM-BF16-execute-x16,gpu,a100_packed_hbm_bf16_execute,32768,8,True,1,8,20137,42706582676.79819,42706582676.79819,18346368.0,22010.0,36688961536.0,0.003208268988735925,0.0032082689887359254,2493.5565029265335,311.6945628658167,13311409618937.473,45747705231.48326,54883178.629413,13357212207347.586,0.0,0.0,0.0,91485998623714.27,1.1548474497397225,6400.0,gpu_weight_memory_C3
DeepSeek-V4.1-Flash-engram-hbm,NVIDIA-A100-SXM-80GB-packed-HBM-BF16-execute-x32,gpu,a100_packed_hbm_bf16_execute,32768,8,True,1,8,56287,42706582676.79819,42706582676.79819,18346368.0,22010.0,36688961536.0,0.0025979559385468235,0.0025979559385468235,3079.3439878256095,384.9179984782012,16438532325796.979,56494777999.23615,67776361.17204167,16495094880157.387,0.0,0.0,0.0,112977933125446.64,1.8703187299448218,12800.0,gpu_weight_memory_C3
DeepSeek-V4.1-Flash-engram-hbm,NVIDIA-A100-SXM-80GB-packed-HBM-BF16-execute-x64,gpu,a100_packed_hbm_bf16_execute,32768,8,True,1,8,128588,42706582676.79819,42706582676.79819,18346368.0,22010.0,36688961536.0,0.002479920527393929,0.002479920527393929,3225.9098272019833,403.2387284002479,17220948092912.156,59183728824.663994,71002275.29671565,17280202824012.117,0.0,0.0,0.0,118355281568817.97,3.570685508818847,25600.0,collective_floor_C6
DeepSeek-V4.1-Flash-engram-hbm,NVIDIA-A100-SXM-80GB-BF16-resident-x1,gpu,a100_bf16_expanded,32768,8,False,1,8,0,42706582676.79819,144044391107.00494,62939136.0,44160.0,36688961536.0,0.1290494249729322,,0.0,0.0,0.0,0.0,0.0,0.0,0.0,0.0,0.0,0.0,,400.0,capacity_C7_C8_C9
DeepSeek-V4.1-Flash-engram-hbm,NVIDIA-A100-SXM-80GB-BF16-resident-x2,gpu,a100_bf16_expanded,32768,8,False,1,8,0,42706582676.79819,144044391107.00494,62939136.0,44160.0,36688961536.0,0.06479004895705558,,0.0,0.0,0.0,0.0,0.0,0.0,0.0,0.0,0.0,0.0,,800.0,capacity_C7_C8_C9
DeepSeek-V4.1-Flash-engram-hbm,NVIDIA-A100-SXM-80GB-BF16-resident-x4,gpu,a100_bf16_expanded,32768,8,False,1,8,0,42706582676.79819,144044391107.00494,62939136.0,44160.0,36688961536.0,0.032621872174022924,,0.0,0.0,0.0,0.0,0.0,0.0,0.0,0.0,0.0,0.0,,1600.0,capacity_C7_C8_C9
DeepSeek-V4.1-Flash-engram-hbm,NVIDIA-A100-SXM-80GB-BF16-resident-x8,gpu,a100_bf16_expanded,32768,8,False,1,8,0,42706582676.79819,144044391107.00494,62939136.0,44160.0,36688961536.0,0.016618959759373046,,0.0,0.0,0.0,0.0,0.0,0.0,0.0,0.0,0.0,0.0,,3200.0,capacity_C7_C8_C9
DeepSeek-V4.1-Flash-engram-hbm,NVIDIA-A100-SXM-80GB-BF16-resident-x16,gpu,a100_bf16_expanded,32768,8,False,1,8,0,42706582676.79819,144044391107.00494,62939136.0,44160.0,36688961536.0,0.009244241258820193,,0.0,0.0,0.0,0.0,0.0,0.0,0.0,0.0,0.0,0.0,,6400.0,capacity_C7_C8_C9
DeepSeek-V4.1-Flash-engram-hbm,NVIDIA-A100-SXM-80GB-BF16-resident-x32,gpu,a100_bf16_expanded,32768,8,True,1,8,7061,42706582676.79819,144044391107.00494,62939136.0,44160.0,36688961536.0,0.0063017590074952185,0.0063017590074952185,1269.4868195506872,158.6858524438359,22857806992568.375,79900403585.90816,56060537.95135835,22937763456692.234,0.0,0.0,0.0,46576153092954.13,4.536758198412522,12800.0,gpu_weight_memory_C3
DeepSeek-V4.1-Flash-engram-hbm,NVIDIA-A100-SXM-80GB-BF16-resident-x64,gpu,a100_bf16_expanded,32768,8,True,1,8,27988,42706582676.79819,144044391107.00494,62939136.0,44160.0,36688961536.0,0.005208517369613085,0.005208517369613085,1535.9457274103859,191.99321592629823,27655545884779.355,96671097026.10121,67827363.32244264,27752284809168.777,0.0,0.0,0.0,56352253714343.19,7.499424795540823,25600.0,gpu_weight_memory_C3
DeepSeek-V4.1-Flash-engram-hbm,ROM-wafer-N7-HBM2e-conservative,rom,official_packed,32768,8,True,6,48,3163,42706582676.79819,42706582676.79819,18346368.0,22010.0,36688961536.0,0.00031589677188810186,0.0018976546313286113,25324.728556687467,526.9662790535634,135191576734205.67,464616789601.0971,557397275.5326911,465174186876.6298,135191576734205.67,0.0,0.0,929137991925947.2,0.40363796716028066,90000.0,compute_C5
DeepSeek-V4.1-Flash-engram-hbm,ROM-wafer-N7-HBM2e-central,rom,official_packed,32768,8,True,2,16,6844,42706582676.79819,42706582676.79819,18346368.0,22010.0,36688961536.0,0.00015918488410719296,0.0003188245682143859,50256.028044804225,3136.521145784393,268282902087865.0,922015584728.2988,1106135177.266141,923121719905.565,268282902087865.0,0.0,0.0,1843841479887959.5,0.08281233305475595,30000.0,compute_C5
DeepSeek-V4.1-Flash-engram-hbm,ROM-wafer-N7-HBM2e-aggressive,rom,official_packed,32768,8,True,1,8,15327,42706582676.79819,42706582676.79819,18346368.0,22010.0,36688961536.0,9.715971399891133e-05,9.715971399891134e-05,82338.65324150336,10292.33165518792,439550312769310.06,1510615232993.0134,1812273757.845489,1512427506750.859,439550312769310.06,0.0,0.0,3020919681703558.5,0.032144904889680935,15000.0,compute_C5
DeepSeek-V4.1-Flash-engram-hbm,N7-SRAM-rich-Graphcore-style-derived-control,sram,official_packed,32768,8,False,10,80,0,42706582676.79819,42706582676.79819,18346368.0,22010.0,36688961536.0,4.797554375998504e-05,,0.0,0.0,0.0,0.0,0.0,0.0,0.0,0.0,0.0,0.0,,150000.0,capacity_C7_C8_C9
DeepSeek-V4.1-Flash-engram-hbm,NVIDIA-A100-SXM-80GB-packed-HBM-BF16-execute-x1,gpu,a100_packed_hbm_bf16_execute,32768,32,False,1,32,0,122838182421.81262,122838182421.81262,18346368.0,22010.0,36688961536.0,0.11121588145989474,,0.0,0.0,0.0,0.0,0.0,0.0,0.0,0.0,0.0,0.0,,400.0,capacity_C7_C8_C9
DeepSeek-V4.1-Flash-engram-hbm,NVIDIA-A100-SXM-80GB-packed-HBM-BF16-execute-x2,gpu,a100_packed_hbm_bf16_execute,32768,32,False,1,32,0,122838182421.81262,122838182421.81262,18346368.0,22010.0,36688961536.0,0.05610458072994737,,0.0,0.0,0.0,0.0,0.0,0.0,0.0,0.0,0.0,0.0,,800.0,capacity_C7_C8_C9
DeepSeek-V4.1-Flash-engram-hbm,NVIDIA-A100-SXM-80GB-packed-HBM-BF16-execute-x4,gpu,a100_packed_hbm_bf16_execute,32768,32,False,1,32,0,122838182421.81262,122838182421.81262,18346368.0,22010.0,36688961536.0,0.028394728012032508,,0.0,0.0,0.0,0.0,0.0,0.0,0.0,0.0,0.0,0.0,,1600.0,capacity_C7_C8_C9
DeepSeek-V4.1-Flash-engram-hbm,NVIDIA-A100-SXM-80GB-packed-HBM-BF16-execute-x8,gpu,a100_packed_hbm_bf16_execute,32768,32,True,1,32,2062,122838182421.81262,122838182421.81262,18346368.0,22010.0,36688961536.0,0.014586860496667983,0.014586860496667981,2193.7551269040814,68.55484771575254,8421152889607.194,40247438860.06898,48284550.34315883,8461448613017.606,0.0,0.0,0.0,80486597470386.64,0.6563351882054695,3200.0,gpu_weight_memory_C3
DeepSeek-V4.1-Flash-engram-hbm,NVIDIA-A100-SXM-80GB-packed-HBM-BF16-execute-x16,gpu,a100_packed_hbm_bf16_execute,32768,32,True,1,32,20137,122838182421.81262,122838182421.81262,18346368.0,22010.0,36688961536.0,0.008206712426767626,0.008206712426767626,3899.2471450110047,121.8514732815939,14968013503331.059,71537023045.32126,85822429.66169222,15039636348806.041,0.0,0.0,0.0,143059328522666.56,0.7385213763305791,6400.0,gpu_weight_memory_C3
DeepSeek-V4.1-Flash-engram-hbm,NVIDIA-A100-SXM-80GB-packed-HBM-BF16-execute-x32,gpu,a100_packed_hbm_bf16_execute,32768,32,True,1,32,56287,122838182421.81262,122838182421.81262,18346368.0,22010.0,36688961536.0,0.005612715482812522,0.005612715482812522,5701.340126359809,178.16687894874403,21885695577830.83,104598884051.36356,125486496.18117939,21990419948378.37,0.0,0.0,0.0,209176248599668.4,1.010175609370362,12800.0,gpu_weight_memory_C3
DeepSeek-V4.1-Flash-engram-hbm,NVIDIA-A100-SXM-80GB-packed-HBM-BF16-execute-x64,gpu,a100_packed_hbm_bf16_execute,32768,32,True,1,32,128588,122838182421.81262,122838182421.81262,18346368.0,22010.0,36688961536.0,0.004313120411179337,0.004313120411179337,7419.2225000391845,231.85070312622452,28480118965244.69,136115786259.59889,163297087.22586244,28616398048591.516,0.0,0.0,0.0,272203568930963.4,1.552549404292107,25600.0,collective_floor_C6
DeepSeek-V4.1-Flash-engram-hbm,NVIDIA-A100-SXM-80GB-BF16-resident-x1,gpu,a100_bf16_expanded,32768,32,False,1,32,0,122838182421.81262,445716296029.41223,62939136.0,44160.0,36688961536.0,0.4070314264919301,,0.0,0.0,0.0,0.0,0.0,0.0,0.0,0.0,0.0,0.0,,400.0,capacity_C7_C8_C9
DeepSeek-V4.1-Flash-engram-hbm,NVIDIA-A100-SXM-80GB-BF16-resident-x2,gpu,a100_bf16_expanded,32768,32,False,1,32,0,122838182421.81262,445716296029.41223,62939136.0,44160.0,36688961536.0,0.20401235324596503,,0.0,0.0,0.0,0.0,0.0,0.0,0.0,0.0,0.0,0.0,,800.0,capacity_C7_C8_C9
DeepSeek-V4.1-Flash-engram-hbm,NVIDIA-A100-SXM-80GB-BF16-resident-x4,gpu,a100_bf16_expanded,32768,32,False,1,32,0,122838182421.81262,445716296029.41223,62939136.0,44160.0,36688961536.0,0.10234861427004134,,0.0,0.0,0.0,0.0,0.0,0.0,0.0,0.0,0.0,0.0,,1600.0,capacity_C7_C8_C9
DeepSeek-V4.1-Flash-engram-hbm,NVIDIA-A100-SXM-80GB-BF16-resident-x8,gpu,a100_bf16_expanded,32768,32,False,1,32,0,122838182421.81262,445716296029.41223,62939136.0,44160.0,36688961536.0,0.051563803681142065,,0.0,0.0,0.0,0.0,0.0,0.0,0.0,0.0,0.0,0.0,,3200.0,capacity_C7_C8_C9
DeepSeek-V4.1-Flash-engram-hbm,NVIDIA-A100-SXM-80GB-BF16-resident-x16,gpu,a100_bf16_expanded,32768,32,False,1,32,0,122838182421.81262,445716296029.41223,62939136.0,44160.0,36688961536.0,0.026696178830660285,,0.0,0.0,0.0,0.0,0.0,0.0,0.0,0.0,0.0,0.0,,6400.0,capacity_C7_C8_C9
DeepSeek-V4.1-Flash-engram-hbm,NVIDIA-A100-SXM-80GB-BF16-resident-x32,gpu,a100_bf16_expanded,32768,32,True,1,32,7061,122838182421.81262,445716296029.41223,62939136.0,44160.0,36688961536.0,0.014930213723767632,0.014930213723767632,2143.3048844477503,66.9782776389922,29853309823681.207,134897757611.72124,94648343.69721265,29988302229636.625,0.0,0.0,0.0,78635630465424.44,2.6871374101576726,12800.0,gpu_weight_memory_C3
DeepSeek-V4.1-Flash-engram-hbm,NVIDIA-A100-SXM-80GB-BF16-resident-x64,gpu,a100_bf16_expanded,32768,32,True,1,32,27988,122838182421.81262,445716296029.41223,62939136.0,44160.0,36688961536.0,0.00939045338338246,0.00939045338338246,3407.71618723201,106.4911308510003,47464832402891.33,214478712557.59692,150484746.82816556,47679461600195.75,0.0,0.0,0.0,125025568118959.78,3.3801845106422297,25600.0,gpu_weight_memory_C3
DeepSeek-V4.1-Flash-engram-hbm,ROM-wafer-N7-HBM2e-conservative,rom,official_packed,32768,32,True,6,192,3163,122838182421.81262,122838182421.81262,18346368.0,22010.0,36688961536.0,0.0009668073619426515,0.0058031181716559094,33098.63087482174,172.32115052977662,127055489291049.75,607239662325.6416,728500865.5548265,607968163191.1964,127055489291049.75,0.0,0.0,1214354395060597.0,0.3088351899559437,90000.0,compute_C5
DeepSeek-V4.1-Flash-engram-hbm,ROM-wafer-N7-HBM2e-central,rom,official_packed,32768,32,True,2,64,6844,122838182421.81262,122838182421.81262,18346368.0,22010.0,36688961536.0,0.0005342142839035194,0.0010688833678070388,59901.05649398789,935.5557679334439,229941778277118.38,1098966826027.4916,1318422253.4326735,1100285248280.9243,229941778277118.38,0.0,0.0,2197707557673684.8,0.06947822252305673,30000.0,compute_C5
DeepSeek-V4.1-Flash-engram-hbm,ROM-wafer-N7-HBM2e-aggressive,rom,official_packed,32768,32,True,1,32,15327,122838182421.81262,122838182421.81262,18346368.0,22010.0,36688961536.0,0.000343218923184895,0.000343218923184895,93234.95249928665,2913.592265602708,357900378224887.75,1710522749014.4326,2052101304.5092993,1712574850318.942,357900378224887.75,0.0,0.0,3420693586057115.0,0.028388153865502263,15000.0,compute_C5
DeepSeek-V4.1-Flash-engram-hbm,N7-SRAM-rich-Graphcore-style-derived-control,sram,official_packed,32768,32,False,10,320,0,122838182421.81262,122838182421.81262,18346368.0,22010.0,36688961536.0,0.00017139712453488964,,0.0,0.0,0.0,0.0,0.0,0.0,0.0,0.0,0.0,0.0,,150000.0,capacity_C7_C8_C9
DeepSeek-V4.1-Flash-engram-hbm,NVIDIA-A100-SXM-80GB-packed-HBM-BF16-execute-x1,gpu,a100_packed_hbm_bf16_execute,32768,64,False,1,64,0,191900735211.60742,191900735211.60742,18346368.0,22010.0,36688961536.0,0.17503331978430656,,0.0,0.0,0.0,0.0,0.0,0.0,0.0,0.0,0.0,0.0,,400.0,capacity_C7_C8_C9
DeepSeek-V4.1-Flash-engram-hbm,NVIDIA-A100-SXM-80GB-packed-HBM-BF16-execute-x2,gpu,a100_packed_hbm_bf16_execute,32768,64,False,1,64,0,191900735211.60742,191900735211.60742,18346368.0,22010.0,36688961536.0,0.08832170459803564,,0.0,0.0,0.0,0.0,0.0,0.0,0.0,0.0,0.0,0.0,,800.0,capacity_C7_C8_C9
DeepSeek-V4.1-Flash-engram-hbm,NVIDIA-A100-SXM-80GB-packed-HBM-BF16-execute-x4,gpu,a100_packed_hbm_bf16_execute,32768,64,False,1,64,0,191900735211.60742,191900735211.60742,18346368.0,22010.0,36688961536.0,0.04465749229901782,,0.0,0.0,0.0,0.0,0.0,0.0,0.0,0.0,0.0,0.0,,1600.0,capacity_C7_C8_C9
DeepSeek-V4.1-Flash-engram-hbm,NVIDIA-A100-SXM-80GB-packed-HBM-BF16-execute-x8,gpu,a100_packed_hbm_bf16_execute,32768,64,True,1,64,2062,191900735211.60742,191900735211.60742,18346368.0,22010.0,36688961536.0,0.02287244497303847,0.02287244497303847,2798.126744886337,43.72073038884901,8390040305608.593,51335462972.32685,61586769.65494827,8441437355350.574,0.0,0.0,0.0,102660364515987.7,0.5145723604996286,3200.0,gpu_weight_memory_C3
DeepSeek-V4.1-Flash-engram-hbm,NVIDIA-A100-SXM-80GB-packed-HBM-BF16-execute-x16,gpu,a100_packed_hbm_bf16_execute,32768,64,True,1,64,20137,191900735211.60742,191900735211.60742,18346368.0,22010.0,36688961536.0,0.012850304025717232,0.012850304025717232,4980.426912228474,77.81917050356991,14933556033192.498,91372744928.84729,109619196.33814871,15025038397317.684,0.0,0.0,0.0,182726691415609.72,0.5781989012058623,6400.0,gpu_weight_memory_C3
DeepSeek-V4.1-Flash-engram-hbm,NVIDIA-A100-SXM-80GB-packed-HBM-BF16-execute-x32,gpu,a100_packed_hbm_bf16_execute,32768,64,True,1,64,56287,191900735211.60742,191900735211.60742,18346368.0,22010.0,36688961536.0,0.00889351639725451,0.00889351639725451,7196.253668544115,112.44146357100179,21577599527544.418,132025118024.46036,158389543.24465597,21709783035112.12,0.0,0.0,0.0,264023074048513.9,0.8003268091490724,12800.0,gpu_weight_memory_C3
DeepSeek-V4.1-Flash-engram-hbm,NVIDIA-A100-SXM-80GB-packed-HBM-BF16-execute-x64,gpu,a100_packed_hbm_bf16_execute,32768,64,True,1,64,128588,191900735211.60742,191900735211.60742,18346368.0,22010.0,36688961536.0,0.006514089025440386,0.006514089025440386,9824.858049997754,153.5134070312149,29459335674128.887,180250461333.0212,216245125.68045056,29639802380587.59,0.0,0.0,0.0,360463839093027.56,1.1724046713070901,25600.0,collective_floor_C6
DeepSeek-V4.1-Flash-engram-hbm,NVIDIA-A100-SXM-80GB-BF16-resident-x1,gpu,a100_bf16_expanded,32768,64,False,1,64,0,191900735211.60742,705716494767.4633,62939136.0,44160.0,36688961536.0,0.647139741673719,,0.0,0.0,0.0,0.0,0.0,0.0,0.0,0.0,0.0,0.0,,400.0,capacity_C7_C8_C9
DeepSeek-V4.1-Flash-engram-hbm,NVIDIA-A100-SXM-80GB-BF16-resident-x2,gpu,a100_bf16_expanded,32768,64,False,1,64,0,191900735211.60742,705716494767.4633,62939136.0,44160.0,36688961536.0,0.32437491554274184,,0.0,0.0,0.0,0.0,0.0,0.0,0.0,0.0,0.0,0.0,,800.0,capacity_C7_C8_C9
DeepSeek-V4.1-Flash-engram-hbm,NVIDIA-A100-SXM-80GB-BF16-resident-x4,gpu,a100_bf16_expanded,32768,64,False,1,64,0,191900735211.60742,705716494767.4633,62939136.0,44160.0,36688961536.0,0.16268409777137094,,0.0,0.0,0.0,0.0,0.0,0.0,0.0,0.0,0.0,0.0,,1600.0,capacity_C7_C8_C9
DeepSeek-V4.1-Flash-engram-hbm,NVIDIA-A100-SXM-80GB-BF16-resident-x8,gpu,a100_bf16_expanded,32768,64,False,1,64,0,191900735211.60742,705716494767.4633,62939136.0,44160.0,36688961536.0,0.08188574770921546,,0.0,0.0,0.0,0.0,0.0,0.0,0.0,0.0,0.0,0.0,,3200.0,capacity_C7_C8_C9
DeepSeek-V4.1-Flash-engram-hbm,NVIDIA-A100-SXM-80GB-BF16-resident-x16,gpu,a100_bf16_expanded,32768,64,False,1,64,0,191900735211.60742,705716494767.4633,62939136.0,44160.0,36688961536.0,0.04235695964923548,,0.0,0.0,0.0,0.0,0.0,0.0,0.0,0.0,0.0,0.0,,6400.0,capacity_C7_C8_C9
DeepSeek-V4.1-Flash-engram-hbm,NVIDIA-A100-SXM-80GB-BF16-resident-x32,gpu,a100_bf16_expanded,32768,64,True,1,64,7061,191900735211.60742,705716494767.4633,62939136.0,44160.0,36688961536.0,0.023653159859990516,0.023653159859990513,2705.769562241722,42.2776494100269,29836034548651.895,170298798462.5922,119486783.86859444,30006452833898.355,0.0,0.0,0.0,99271875394366.1,2.1285459104660824,12800.0,gpu_weight_memory_C3
DeepSeek-V4.1-Flash-engram-hbm,NVIDIA-A100-SXM-80GB-BF16-resident-x64,gpu,a100_bf16_expanded,32768,64,True,1,64,27988,191900735211.60742,705716494767.4633,62939136.0,44160.0,36688961536.0,0.014050423042703514,0.014050423042703515,4555.022991513103,71.17223424239224,50227419674309.875,286689211545.97003,201149815.30521864,50514310035671.15,0.0,0.0,0.0,167119063331219.9,2.5287928280950585,25600.0,gpu_weight_memory_C3
DeepSeek-V4.1-Flash-engram-hbm,ROM-wafer-N7-HBM2e-conservative,rom,official_packed,32768,64,True,6,384,3163,191900735211.60742,191900735211.60742,18346368.0,22010.0,36688961536.0,0.0018346703641292054,0.011010296184775233,34883.650628093346,90.82407804639946,104596846912436.94,639988291606.4316,767789150.3243345,640756080756.756,104596846912436.94,0.0,0.0,1279844916129379.0,0.29303188655590395,90000.0,compute_C5
DeepSeek-V4.1-Flash-engram-hbm,ROM-wafer-N7-HBM2e-central,rom,official_packed,32768,64,True,2,128,6844,191900735211.60742,191900735211.60742,18346368.0,22010.0,36688961536.0,0.001034197366909171,0.0020688495338183417,61883.739069334566,483.36042986865493,185555234766384.03,1135341850181.9895,1362061096.9160538,1136703911278.9055,185555234766384.03,0.0,0.0,2270450122418676.5,0.06725222158590934,30000.0,compute_C5
DeepSeek-V4.1-Flash-engram-hbm,ROM-wafer-N7-HBM2e-aggressive,rom,official_packed,32768,64,True,1,64,15327,191900735211.60742,191900735211.60742,18346368.0,22010.0,36688961536.0,0.0006712978687662066,0.0006712978687662066,95337.70771181954,1489.6516829971804,285865253176367.25,1749100669957.4792,2098382946.7371483,1751199052904.2163,285865253176367.25,0.0,0.0,3497841491169358.0,0.027762028694805818,15000.0,compute_C5
DeepSeek-V4.1-Flash-engram-hbm,N7-SRAM-rich-Graphcore-style-derived-control,sram,official_packed,32768,64,False,10,640,0,191900735211.60742,191900735211.60742,18346368.0,22010.0,36688961536.0,0.00033594800889020577,,0.0,0.0,0.0,0.0,0.0,0.0,0.0,0.0,0.0,0.0,,150000.0,capacity_C7_C8_C9
DeepSeek-V4.1-Flash-engram-hbm,NVIDIA-A100-SXM-80GB-packed-HBM-BF16-execute-x1,gpu,a100_packed_hbm_bf16_execute,200000,1,False,1,1,0,13035075008.0,13035075008.0,46775808.0,22010.0,40113872896.0,0.010042257885124778,,0.0,0.0,0.0,0.0,0.0,0.0,0.0,0.0,0.0,0.0,,400.0,capacity_C7_C8_C9
DeepSeek-V4.1-Flash-engram-hbm,NVIDIA-A100-SXM-80GB-packed-HBM-BF16-execute-x2,gpu,a100_packed_hbm_bf16_execute,200000,1,False,1,1,0,13035075008.0,13035075008.0,46775808.0,22010.0,40113872896.0,0.005251868119952248,,0.0,0.0,0.0,0.0,0.0,0.0,0.0,0.0,0.0,0.0,,800.0,capacity_C7_C8_C9
DeepSeek-V4.1-Flash-engram-hbm,NVIDIA-A100-SXM-80GB-packed-HBM-BF16-execute-x4,gpu,a100_packed_hbm_bf16_execute,200000,1,False,1,1,0,13035075008.0,13035075008.0,46775808.0,22010.0,40113872896.0,0.0030267082568096668,,0.0,0.0,0.0,0.0,0.0,0.0,0.0,0.0,0.0,0.0,,1600.0,capacity_C7_C8_C9
DeepSeek-V4.1-Flash-engram-hbm,NVIDIA-A100-SXM-80GB-packed-HBM-BF16-execute-x8,gpu,a100_packed_hbm_bf16_execute,200000,1,True,1,1,363,13035075008.0,13035075008.0,46775808.0,22010.0,40113872896.0,0.002062859775978035,0.002062859775978035,484.7639241624574,484.7639241624574,6318934112630.056,22675224241.94967,10669653.970815687,6341620006525.977,0.0,0.0,0.0,19445758438419.0,2.9701853053132217,3200.0,gpu_weight_memory_C3
DeepSeek-V4.1-Flash-engram-hbm,NVIDIA-A100-SXM-80GB-packed-HBM-BF16-execute-x16,gpu,a100_packed_hbm_bf16_execute,200000,1,True,1,1,3551,13035075008.0,13035075008.0,46775808.0,22010.0,40113872896.0,0.0017954320058126204,0.0017954320058126206,556.9690173521194,556.9690173521194,7260132918316.931,26052675817.611404,12258888.071920149,7286197853022.614,0.0,0.0,0.0,22342184369072.938,5.1702649132564895,6400.0,gpu_weight_memory_C3
DeepSeek-V4.1-Flash-engram-hbm,NVIDIA-A100-SXM-80GB-packed-HBM-BF16-execute-x32,gpu,a100_packed_hbm_bf16_execute,200000,1,True,1,1,9926,13035075008.0,13035075008.0,46775808.0,22010.0,40113872896.0,0.0017714778907705667,0.0017714778907705667,564.5004124578799,564.5004124578799,7358305218435.402,26404962909.0506,12424654.078197936,7384722605998.531,0.0,0.0,0.0,22644297795074.97,10.202569580589902,12800.0,gpu_weight_memory_C3
DeepSeek-V4.1-Flash-engram-hbm,NVIDIA-A100-SXM-80GB-packed-HBM-BF16-execute-x64,gpu,a100_packed_hbm_bf16_execute,200000,1,True,1,1,22676,13035075008.0,13035075008.0,46775808.0,22010.0,40113872896.0,0.0019508116951006405,0.0019508116951006402,512.6071381012564,512.6071381012564,6681872494786.091,23977613071.253853,11282483.109608654,6705861390340.454,0.0,0.0,0.0,20562657583376.117,22.470833151900273,25600.0,collective_floor_C6
DeepSeek-V4.1-Flash-engram-hbm,NVIDIA-A100-SXM-80GB-BF16-resident-x1,gpu,a100_bf16_expanded,200000,1,False,1,1,0,13035075008.0,32339891648.0,169967616.0,44160.0,40113872896.0,0.026283511884763404,,0.0,0.0,0.0,0.0,0.0,0.0,0.0,0.0,0.0,0.0,,400.0,capacity_C7_C8_C9
DeepSeek-V4.1-Flash-engram-hbm,NVIDIA-A100-SXM-80GB-BF16-resident-x2,gpu,a100_bf16_expanded,200000,1,False,1,1,0,13035075008.0,32339891648.0,169967616.0,44160.0,40113872896.0,0.013463360596361515,,0.0,0.0,0.0,0.0,0.0,0.0,0.0,0.0,0.0,0.0,,800.0,capacity_C7_C8_C9
DeepSeek-V4.1-Flash-engram-hbm,NVIDIA-A100-SXM-80GB-BF16-resident-x4,gpu,a100_bf16_expanded,200000,1,False,1,1,0,13035075008.0,32339891648.0,169967616.0,44160.0,40113872896.0,0.007706739419823992,,0.0,0.0,0.0,0.0,0.0,0.0,0.0,0.0,0.0,0.0,,1600.0,capacity_C7_C8_C9
DeepSeek-V4.1-Flash-engram-hbm,NVIDIA-A100-SXM-80GB-BF16-resident-x8,gpu,a100_bf16_expanded,200000,1,False,1,1,0,13035075008.0,32339891648.0,169967616.0,44160.0,40113872896.0,0.0052582551928173375,,0.0,0.0,0.0,0.0,0.0,0.0,0.0,0.0,0.0,0.0,,3200.0,capacity_C7_C8_C9
DeepSeek-V4.1-Flash-engram-hbm,NVIDIA-A100-SXM-80GB-BF16-resident-x16,gpu,a100_bf16_expanded,200000,1,False,1,1,0,13035075008.0,32339891648.0,169967616.0,44160.0,40113872896.0,0.0043236640122982185,,0.0,0.0,0.0,0.0,0.0,0.0,0.0,0.0,0.0,0.0,,6400.0,capacity_C7_C8_C9
DeepSeek-V4.1-Flash-engram-hbm,NVIDIA-A100-SXM-80GB-BF16-resident-x32,gpu,a100_bf16_expanded,200000,1,True,1,1,1204,13035075008.0,32339891648.0,169967616.0,44160.0,40113872896.0,0.003984003819285134,0.003984003819285134,251.00377543800496,251.00377543800496,8117434900904.005,42662513318.19706,11084326.7233423,8160108498548.925,0.0,0.0,0.0,10068733544336.258,22.945291266328823,12800.0,gpu_weight_memory_C3
DeepSeek-V4.1-Flash-engram-hbm,NVIDIA-A100-SXM-80GB-BF16-resident-x64,gpu,a100_bf16_expanded,200000,1,True,1,1,4775,13035075008.0,32339891648.0,169967616.0,44160.0,40113872896.0,0.004009772261512148,0.004009772261512148,249.39072216108462,249.39072216108462,8065268932705.949,42388346498.23792,11013094.290633498,8107668292298.478,0.0,0.0,0.0,10004027730211.398,46.18740173223587,25600.0,gpu_weight_memory_C3
DeepSeek-V4.1-Flash-engram-hbm,ROM-wafer-N7-HBM2e-conservative,rom,official_packed,200000,1,True,6,6,535,13035075008.0,13035075008.0,46775808.0,22010.0,40113872896.0,0.00012608341889454932,0.000758774513367296,7931.257010379426,1317.9145877767976,103384530038021.64,370990955116.16205,174566966.79845116,371165522082.9605,103384530038021.64,0.0,0.0,318153435619869.25,1.2888274759133322,90000.0,collective_floor_C6
DeepSeek-V4.1-Flash-engram-hbm,ROM-wafer-N7-HBM2e-central,rom,official_packed,200000,1,True,2,2,1192,13035075008.0,13035075008.0,46775808.0,22010.0,40113872896.0,5.024473721326727e-05,0.00010094427442653454,19902.581951129145,9906.45587063764,259431648585835.38,930959352050.2822,438055828.74435246,931397407879.0266,259431648585835.38,0.0,0.0,798369642689818.2,0.20910949859042624,30000.0,collective_floor_C6
DeepSeek-V4.1-Flash-engram-hbm,ROM-wafer-N7-HBM2e-aggressive,rom,official_packed,200000,1,True,1,1,2703,13035075008.0,13035075008.0,46775808.0,22010.0,40113872896.0,2.5798898754906658e-05,2.5798898754906655e-05,38761.34440854036,38761.34440854036,505257031776244.94,1813093203875.7576,853137190.4319733,1813946341066.1895,505257031776244.94,0.0,0.0,1554867642882268.2,0.06828370423109928,15000.0,collective_floor_C6
DeepSeek-V4.1-Flash-engram-hbm,N7-SRAM-rich-Graphcore-style-derived-control,sram,official_packed,200000,1,False,10,10,0,13035075008.0,13035075008.0,46775808.0,22010.0,40113872896.0,1.1978985618707443e-05,,0.0,0.0,0.0,0.0,0.0,0.0,0.0,0.0,0.0,0.0,,150000.0,capacity_C7_C8_C9
DeepSeek-V4.1-Flash-engram-hbm,NVIDIA-A100-SXM-80GB-packed-HBM-BF16-execute-x1,gpu,a100_packed_hbm_bf16_execute,200000,8,False,1,8,0,42706582676.79819,42706582676.79819,46775808.0,22010.0,40113872896.0,0.03751564532827407,,0.0,0.0,0.0,0.0,0.0,0.0,0.0,0.0,0.0,0.0,,400.0,capacity_C7_C8_C9
DeepSeek-V4.1-Flash-engram-hbm,NVIDIA-A100-SXM-80GB-packed-HBM-BF16-execute-x2,gpu,a100_packed_hbm_bf16_execute,200000,8,False,1,8,0,42706582676.79819,42706582676.79819,46775808.0,22010.0,40113872896.0,0.0190231591347256,,0.0,0.0,0.0,0.0,0.0,0.0,0.0,0.0,0.0,0.0,,800.0,capacity_C7_C8_C9
DeepSeek-V4.1-Flash-engram-hbm,NVIDIA-A100-SXM-80GB-packed-HBM-BF16-execute-x4,gpu,a100_packed_hbm_bf16_execute,200000,8,False,1,8,0,42706582676.79819,42706582676.79819,46775808.0,22010.0,40113872896.0,0.009738381868831636,,0.0,0.0,0.0,0.0,0.0,0.0,0.0,0.0,0.0,0.0,,1600.0,capacity_C7_C8_C9
DeepSeek-V4.1-Flash-engram-hbm,NVIDIA-A100-SXM-80GB-packed-HBM-BF16-execute-x8,gpu,a100_packed_hbm_bf16_execute,200000,8,True,1,8,363,42706582676.79819,42706582676.79819,46775808.0,22010.0,40113872896.0,0.005152114428269217,0.005152114428269217,1552.7605435361984,194.0950679420248,8289137066224.844,72631629054.42485,34176259.56323173,8361802871538.832,0.0,0.0,0.0,62287239081334.94,0.9272767073371596,3200.0,gpu_weight_memory_C3
DeepSeek-V4.1-Flash-engram-hbm,NVIDIA-A100-SXM-80GB-packed-HBM-BF16-execute-x16,gpu,a100_packed_hbm_bf16_execute,200000,8,True,1,8,3551,42706582676.79819,42706582676.79819,46775808.0,22010.0,40113872896.0,0.003218752323114048,0.003218752323114048,2485.43509935559,310.67938741944874,13268054944805.701,116258235003.918,54704426.53681654,13384367884236.156,0.0,0.0,0.0,99700427666807.27,1.1586210273336992,6400.0,gpu_weight_memory_C3
DeepSeek-V4.1-Flash-engram-hbm,NVIDIA-A100-SXM-80GB-packed-HBM-BF16-execute-x32,gpu,a100_packed_hbm_bf16_execute,200000,8,True,1,8,9926,42706582676.79819,42706582676.79819,46775808.0,22010.0,40113872896.0,0.002603197605735885,0.002603197605735885,3073.1435763358118,384.14294704197647,16405432527557.076,143748773883.11728,67639890.11515121,16549248941330.309,0.0,0.0,0.0,123275690812293.62,1.8740923075387985,12800.0,gpu_weight_memory_C3
DeepSeek-V4.1-Flash-engram-hbm,NVIDIA-A100-SXM-80GB-packed-HBM-BF16-execute-x64,gpu,a100_packed_hbm_bf16_execute,200000,8,True,1,8,22676,42706582676.79819,42706582676.79819,46775808.0,22010.0,40113872896.0,0.002482541360988459,0.002482541360988459,3222.5042151219936,402.8130268902492,17202767836179.758,150735238445.73706,70927317.77483508,17353574001943.27,0.0,0.0,0.0,129267124492227.89,3.5744590864128236,25600.0,collective_floor_C6
DeepSeek-V4.1-Flash-engram-hbm,NVIDIA-A100-SXM-80GB-BF16-resident-x1,gpu,a100_bf16_expanded,200000,8,False,1,8,0,42706582676.79819,144044391107.00494,169967616.0,44160.0,40113872896.0,0.12968089170253205,,0.0,0.0,0.0,0.0,0.0,0.0,0.0,0.0,0.0,0.0,,400.0,capacity_C7_C8_C9
DeepSeek-V4.1-Flash-engram-hbm,NVIDIA-A100-SXM-80GB-BF16-resident-x2,gpu,a100_bf16_expanded,200000,8,False,1,8,0,42706582676.79819,144044391107.00494,169967616.0,44160.0,40113872896.0,0.0651057823218555,,0.0,0.0,0.0,0.0,0.0,0.0,0.0,0.0,0.0,0.0,,800.0,capacity_C7_C8_C9
DeepSeek-V4.1-Flash-engram-hbm,NVIDIA-A100-SXM-80GB-BF16-resident-x4,gpu,a100_bf16_expanded,200000,8,False,1,8,0,42706582676.79819,144044391107.00494,169967616.0,44160.0,40113872896.0,0.03277973885642289,,0.0,0.0,0.0,0.0,0.0,0.0,0.0,0.0,0.0,0.0,,1600.0,capacity_C7_C8_C9
DeepSeek-V4.1-Flash-engram-hbm,NVIDIA-A100-SXM-80GB-BF16-resident-x8,gpu,a100_bf16_expanded,200000,8,False,1,8,0,42706582676.79819,144044391107.00494,169967616.0,44160.0,40113872896.0,0.016697893100573027,,0.0,0.0,0.0,0.0,0.0,0.0,0.0,0.0,0.0,0.0,,3200.0,capacity_C7_C8_C9
DeepSeek-V4.1-Flash-engram-hbm,NVIDIA-A100-SXM-80GB-BF16-resident-x16,gpu,a100_bf16_expanded,200000,8,False,1,8,0,42706582676.79819,144044391107.00494,169967616.0,44160.0,40113872896.0,0.009283707929420184,,0.0,0.0,0.0,0.0,0.0,0.0,0.0,0.0,0.0,0.0,,6400.0,capacity_C7_C8_C9
DeepSeek-V4.1-Flash-engram-hbm,NVIDIA-A100-SXM-80GB-BF16-resident-x32,gpu,a100_bf16_expanded,200000,8,True,1,8,1204,42706582676.79819,144044391107.00494,169967616.0,44160.0,40113872896.0,0.006321492342795214,0.006321492342795213,1265.5239563989712,158.1904945498714,22786453466352.207,215098089860.0211,55885537.91457857,23001607441750.145,0.0,0.0,0.0,50765067133831.375,4.550964608178079,12800.0,gpu_weight_memory_C3
DeepSeek-V4.1-Flash-engram-hbm,NVIDIA-A100-SXM-80GB-BF16-resident-x64,gpu,a100_bf16_expanded,200000,8,True,1,8,4775,42706582676.79819,144044391107.00494,169967616.0,44160.0,40113872896.0,0.005218384037263083,0.005218384037263083,1533.041635662332,191.6302044577915,27603256118833.44,260567432042.26715,67699118.63084859,27863891249994.34,0.0,0.0,0.0,61496237317234.73,7.51363120530638,25600.0,gpu_weight_memory_C3
DeepSeek-V4.1-Flash-engram-hbm,ROM-wafer-N7-HBM2e-conservative,rom,official_packed,200000,8,True,6,48,535,42706582676.79819,42706582676.79819,46775808.0,22010.0,40113872896.0,0.00031589677188810186,0.0018976546313286113,25324.728556687467,526.9662790535634,135191576734205.67,1184584640619.73,557397275.5326911,1185142037895.2627,135191576734205.67,0.0,0.0,1015872942448662.6,0.40363796716028066,90000.0,compute_C5
DeepSeek-V4.1-Flash-engram-hbm,ROM-wafer-N7-HBM2e-central,rom,official_packed,200000,8,True,2,16,1192,42706582676.79819,42706582676.79819,46775808.0,22010.0,40113872896.0,0.00016267619175776556,0.0003258071835155311,49177.44823970598,3069.300035713701,262525094885370.84,2300314876790.425,1082395635.7559285,2301397272426.1807,262525094885370.84,0.0,0.0,1972697908037184.5,0.08462860683965341,30000.0,compute_C5
DeepSeek-V4.1-Flash-engram-hbm,ROM-wafer-N7-HBM2e-aggressive,rom,official_packed,200000,8,True,1,8,2703,42706582676.79819,42706582676.79819,46775808.0,22010.0,40113872896.0,0.00010041134681416927,0.00010041134681416927,79672.270652893,9959.033831611625,425316301710752.1,3726734834983.758,1753586677.070175,3728488421660.828,425316301710752.1,0.0,0.0,3195963338305860.5,0.0332206946720984,15000.0,compute_C5
DeepSeek-V4.1-Flash-engram-hbm,N7-SRAM-rich-Graphcore-style-derived-control,sram,official_packed,200000,8,False,10,80,0,42706582676.79819,42706582676.79819,46775808.0,22010.0,40113872896.0,4.797554375998504e-05,,0.0,0.0,0.0,0.0,0.0,0.0,0.0,0.0,0.0,0.0,,150000.0,capacity_C7_C8_C9
DeepSeek-V4.1-Flash-engram-hbm,NVIDIA-A100-SXM-80GB-packed-HBM-BF16-execute-x1,gpu,a100_packed_hbm_bf16_execute,200000,32,False,1,32,0,122838182421.81262,122838182421.81262,46775808.0,22010.0,40113872896.0,0.1118868148600946,,0.0,0.0,0.0,0.0,0.0,0.0,0.0,0.0,0.0,0.0,,400.0,capacity_C7_C8_C9
DeepSeek-V4.1-Flash-engram-hbm,NVIDIA-A100-SXM-80GB-packed-HBM-BF16-execute-x2,gpu,a100_packed_hbm_bf16_execute,200000,32,False,1,32,0,122838182421.81262,122838182421.81262,46775808.0,22010.0,40113872896.0,0.056440047430047297,,0.0,0.0,0.0,0.0,0.0,0.0,0.0,0.0,0.0,0.0,,800.0,capacity_C7_C8_C9
DeepSeek-V4.1-Flash-engram-hbm,NVIDIA-A100-SXM-80GB-packed-HBM-BF16-execute-x4,gpu,a100_packed_hbm_bf16_execute,200000,32,False,1,32,0,122838182421.81262,122838182421.81262,46775808.0,22010.0,40113872896.0,0.028562461362082472,,0.0,0.0,0.0,0.0,0.0,0.0,0.0,0.0,0.0,0.0,,1600.0,capacity_C7_C8_C9
DeepSeek-V4.1-Flash-engram-hbm,NVIDIA-A100-SXM-80GB-packed-HBM-BF16-execute-x8,gpu,a100_packed_hbm_bf16_execute,200000,32,True,1,32,363,122838182421.81262,122838182421.81262,46775808.0,22010.0,40113872896.0,0.014670727171692965,0.014670727171692967,2181.214306932495,68.16294709164048,8373012529251.296,102028061627.92746,48008526.89558422,8475088599406.119,0.0,0.0,0.0,87496953467226.84,0.6601087657994464,3200.0,gpu_weight_memory_C3
DeepSeek-V4.1-Flash-engram-hbm,NVIDIA-A100-SXM-80GB-packed-HBM-BF16-execute-x16,gpu,a100_packed_hbm_bf16_execute,200000,32,True,1,32,3551,122838182421.81262,122838182421.81262,46775808.0,22010.0,40113872896.0,0.008248645764280117,0.008248645764280117,3879.4246855129354,121.23202142227923,14891921162835.031,181463224240.01346,85386137.3281397,15073469773212.373,0.0,0.0,0.0,155618748744270.66,0.7422949539245557,6400.0,gpu_weight_memory_C3
DeepSeek-V4.1-Flash-engram-hbm,NVIDIA-A100-SXM-80GB-packed-HBM-BF16-execute-x32,gpu,a100_packed_hbm_bf16_execute,200000,32,True,1,32,9926,122838182421.81262,122838182421.81262,46775808.0,22010.0,40113872896.0,0.005633682151568767,0.005633682151568766,5680.121657394039,177.50380179356372,21804244385283.05,265692280062.90536,125019477.6792428,22070061684823.637,0.0,0.0,0.0,227851678198521.34,1.0139491869643384,12800.0,gpu_weight_memory_C3
DeepSeek-V4.1-Flash-engram-hbm,NVIDIA-A100-SXM-80GB-packed-HBM-BF16-execute-x64,gpu,a100_packed_hbm_bf16_execute,200000,32,True,1,32,22676,122838182421.81262,122838182421.81262,46775808.0,22010.0,40113872896.0,0.00432360374555746,0.00432360374555746,7401.233295923632,231.2885404976135,28411063929720.645,346198667613.331,162901144.84327912,28757425498478.82,0.0,0.0,0.0,296892131706323.75,1.5563229818860835,25600.0,collective_floor_C6
DeepSeek-V4.1-Flash-engram-hbm,NVIDIA-A100-SXM-80GB-BF16-resident-x1,gpu,a100_bf16_expanded,200000,32,False,1,32,0,122838182421.81262,445716296029.41223,169967616.0,44160.0,40113872896.0,0.4095572934103296,,0.0,0.0,0.0,0.0,0.0,0.0,0.0,0.0,0.0,0.0,,400.0,capacity_C7_C8_C9
DeepSeek-V4.1-Flash-engram-hbm,NVIDIA-A100-SXM-80GB-BF16-resident-x2,gpu,a100_bf16_expanded,200000,32,False,1,32,0,122838182421.81262,445716296029.41223,169967616.0,44160.0,40113872896.0,0.2052752867051648,,0.0,0.0,0.0,0.0,0.0,0.0,0.0,0.0,0.0,0.0,,800.0,capacity_C7_C8_C9
DeepSeek-V4.1-Flash-engram-hbm,NVIDIA-A100-SXM-80GB-BF16-resident-x4,gpu,a100_bf16_expanded,200000,32,False,1,32,0,122838182421.81262,445716296029.41223,169967616.0,44160.0,40113872896.0,0.10298008099964122,,0.0,0.0,0.0,0.0,0.0,0.0,0.0,0.0,0.0,0.0,,1600.0,capacity_C7_C8_C9
DeepSeek-V4.1-Flash-engram-hbm,NVIDIA-A100-SXM-80GB-BF16-resident-x8,gpu,a100_bf16_expanded,200000,32,False,1,32,0,122838182421.81262,445716296029.41223,169967616.0,44160.0,40113872896.0,0.051879537045942004,,0.0,0.0,0.0,0.0,0.0,0.0,0.0,0.0,0.0,0.0,,3200.0,capacity_C7_C8_C9
DeepSeek-V4.1-Flash-engram-hbm,NVIDIA-A100-SXM-80GB-BF16-resident-x16,gpu,a100_bf16_expanded,200000,32,False,1,32,0,122838182421.81262,445716296029.41223,169967616.0,44160.0,40113872896.0,0.026854045513060254,,0.0,0.0,0.0,0.0,0.0,0.0,0.0,0.0,0.0,0.0,,6400.0,capacity_C7_C8_C9
DeepSeek-V4.1-Flash-engram-hbm,NVIDIA-A100-SXM-80GB-BF16-resident-x32,gpu,a100_bf16_expanded,200000,32,True,1,32,1204,122838182421.81262,445716296029.41223,169967616.0,44160.0,40113872896.0,0.015009147064967617,0.015009147064967615,2132.0332102475168,66.6260378202349,29696310796350.633,362376601978.59717,94150586.56453034,30058781548915.793,0.0,0.0,0.0,85524109205919.73,2.701343819923232,12800.0,gpu_weight_memory_C3
DeepSeek-V4.1-Flash-engram-hbm,NVIDIA-A100-SXM-80GB-BF16-resident-x64,gpu,a100_bf16_expanded,200000,32,True,1,32,4775,122838182421.81262,445716296029.41223,169967616.0,44160.0,40113872896.0,0.009429920053982452,0.009429920053982452,3393.4540077554243,106.04543774235701,47266179721341.01,576777287703.835,149854928.98247954,47843106863973.83,0.0,0.0,0.0,136124582745522.89,3.394390920407789,25600.0,gpu_weight_memory_C3
DeepSeek-V4.1-Flash-engram-hbm,ROM-wafer-N7-HBM2e-conservative,rom,official_packed,200000,32,True,6,192,535,122838182421.81262,122838182421.81262,46775808.0,22010.0,40113872896.0,0.0009668073619426515,0.0058031181716559094,33098.63087482174,172.32115052977662,127055489291049.75,1548215202863.534,728500865.5548265,1548943703729.0889,127055489291049.75,0.0,0.0,1327714271944220.8,0.3088351899559437,90000.0,compute_C5
DeepSeek-V4.1-Flash-engram-hbm,ROM-wafer-N7-HBM2e-central,rom,official_packed,200000,32,True,2,64,1192,122838182421.81262,122838182421.81262,46775808.0,22010.0,40113872896.0,0.0005481795145058097,0.0010968138290116194,58375.038018063075,911.7317575227311,224083861529471.22,2730539570325.619,1284834586.7775683,2731824404912.3965,224083861529471.22,0.0,0.0,2341648855355750.0,0.07129449630795417,30000.0,compute_C5
DeepSeek-V4.1-Flash-engram-hbm,ROM-wafer-N7-HBM2e-aggressive,rom,official_packed,200000,32,True,1,32,2703,122838182421.81262,122838182421.81262,46775808.0,22010.0,40113872896.0,0.0003562254544459268,0.0003562254544459268,89830.75072434903,2807.210960135907,344832692017686.3,4201905948378.0107,1977174823.442922,4203883123201.4536,344832692017686.3,0.0,0.0,3603459316708796.5,0.02946394364791973,15000.0,compute_C5
DeepSeek-V4.1-Flash-engram-hbm,N7-SRAM-rich-Graphcore-style-derived-control,sram,official_packed,200000,32,False,10,320,0,122838182421.81262,122838182421.81262,46775808.0,22010.0,40113872896.0,0.00017139712453488964,,0.0,0.0,0.0,0.0,0.0,0.0,0.0,0.0,0.0,0.0,,150000.0,capacity_C7_C8_C9
DeepSeek-V4.1-Flash-engram-hbm,NVIDIA-A100-SXM-80GB-packed-HBM-BF16-execute-x1,gpu,a100_packed_hbm_bf16_execute,200000,64,False,1,64,0,191900735211.60742,191900735211.60742,46775808.0,22010.0,40113872896.0,0.17637518658470627,,0.0,0.0,0.0,0.0,0.0,0.0,0.0,0.0,0.0,0.0,,400.0,capacity_C7_C8_C9
DeepSeek-V4.1-Flash-engram-hbm,NVIDIA-A100-SXM-80GB-packed-HBM-BF16-execute-x2,gpu,a100_packed_hbm_bf16_execute,200000,64,False,1,64,0,191900735211.60742,191900735211.60742,46775808.0,22010.0,40113872896.0,0.0889926379982355,,0.0,0.0,0.0,0.0,0.0,0.0,0.0,0.0,0.0,0.0,,800.0,capacity_C7_C8_C9
DeepSeek-V4.1-Flash-engram-hbm,NVIDIA-A100-SXM-80GB-packed-HBM-BF16-execute-x4,gpu,a100_packed_hbm_bf16_execute,200000,64,False,1,64,0,191900735211.60742,191900735211.60742,46775808.0,22010.0,40113872896.0,0.044992958999117746,,0.0,0.0,0.0,0.0,0.0,0.0,0.0,0.0,0.0,0.0,,1600.0,capacity_C7_C8_C9
DeepSeek-V4.1-Flash-engram-hbm,NVIDIA-A100-SXM-80GB-packed-HBM-BF16-execute-x8,gpu,a100_packed_hbm_bf16_execute,200000,64,True,1,64,363,191900735211.60742,191900735211.60742,46775808.0,22010.0,40113872896.0,0.023040178323088436,0.023040178323088436,2777.75627872923,43.40244185514422,8328960501981.218,129931794364.63295,61138415.69483035,8458953434761.546,0.0,0.0,0.0,111426562301010.28,0.5183459380936051,3200.0,gpu_weight_memory_C3
DeepSeek-V4.1-Flash-engram-hbm,NVIDIA-A100-SXM-80GB-packed-HBM-BF16-execute-x16,gpu,a100_packed_hbm_bf16_execute,200000,64,True,1,64,3551,191900735211.60742,191900735211.60742,46775808.0,22010.0,40113872896.0,0.012934170700742214,0.012934170700742216,4948.133241841892,77.31458190377957,14836725109913.34,231452930478.81393,108908412.65294005,15068286948804.807,0.0,0.0,0.0,198488787935718.1,0.581972478799839,6400.0,gpu_weight_memory_C3
DeepSeek-V4.1-Flash-engram-hbm,NVIDIA-A100-SXM-80GB-packed-HBM-BF16-execute-x32,gpu,a100_packed_hbm_bf16_execute,200000,64,True,1,64,9926,191900735211.60742,191900735211.60742,46775808.0,22010.0,40113872896.0,0.008935449734767,0.008935449734767,7162.48223645442,111.91378494460031,21476337611182.523,335030893895.80255,157646234.0243618,21811526151312.35,0.0,0.0,0.0,287314902052990.44,0.8041003867430491,12800.0,gpu_weight_memory_C3
DeepSeek-V4.1-Flash-engram-hbm,NVIDIA-A100-SXM-80GB-packed-HBM-BF16-execute-x64,gpu,a100_packed_hbm_bf16_execute,200000,64,True,1,64,22676,191900735211.60742,191900735211.60742,46775808.0,22010.0,40113872896.0,0.006535055694196631,0.006535055694196631,9793.336582706455,153.02088410478837,29364820162439.06,458091231672.0533,215551338.18536907,29823126945449.297,0.0,0.0,0.0,392848658906433.75,1.1761782489010666,25600.0,collective_floor_C6
DeepSeek-V4.1-Flash-engram-hbm,NVIDIA-A100-SXM-80GB-BF16-resident-x1,gpu,a100_bf16_expanded,200000,64,False,1,64,0,191900735211.60742,705716494767.4633,169967616.0,44160.0,40113872896.0,0.652191475510518,,0.0,0.0,0.0,0.0,0.0,0.0,0.0,0.0,0.0,0.0,,400.0,capacity_C7_C8_C9
DeepSeek-V4.1-Flash-engram-hbm,NVIDIA-A100-SXM-80GB-BF16-resident-x2,gpu,a100_bf16_expanded,200000,64,False,1,64,0,191900735211.60742,705716494767.4633,169967616.0,44160.0,40113872896.0,0.32690078246114135,,0.0,0.0,0.0,0.0,0.0,0.0,0.0,0.0,0.0,0.0,,800.0,capacity_C7_C8_C9
DeepSeek-V4.1-Flash-engram-hbm,NVIDIA-A100-SXM-80GB-BF16-resident-x4,gpu,a100_bf16_expanded,200000,64,False,1,64,0,191900735211.60742,705716494767.4633,169967616.0,44160.0,40113872896.0,0.1639470312305707,,0.0,0.0,0.0,0.0,0.0,0.0,0.0,0.0,0.0,0.0,,1600.0,capacity_C7_C8_C9
DeepSeek-V4.1-Flash-engram-hbm,NVIDIA-A100-SXM-80GB-BF16-resident-x8,gpu,a100_bf16_expanded,200000,64,False,1,64,0,191900735211.60742,705716494767.4633,169967616.0,44160.0,40113872896.0,0.08251721443881534,,0.0,0.0,0.0,0.0,0.0,0.0,0.0,0.0,0.0,0.0,,3200.0,capacity_C7_C8_C9
DeepSeek-V4.1-Flash-engram-hbm,NVIDIA-A100-SXM-80GB-BF16-resident-x16,gpu,a100_bf16_expanded,200000,64,False,1,64,0,191900735211.60742,705716494767.4633,169967616.0,44160.0,40113872896.0,0.042672693014035416,,0.0,0.0,0.0,0.0,0.0,0.0,0.0,0.0,0.0,0.0,,6400.0,capacity_C7_C8_C9
DeepSeek-V4.1-Flash-engram-hbm,NVIDIA-A100-SXM-80GB-BF16-resident-x32,gpu,a100_bf16_expanded,200000,64,True,1,64,1204,191900735211.60742,705716494767.4633,169967616.0,44160.0,40113872896.0,0.023811026542390486,0.023811026542390486,2687.83035817719,41.9973493465186,29638222170349.72,456844118191.8031,118694588.61710472,30095184983130.14,0.0,0.0,0.0,107819285353929.97,2.1427523202316414,12800.0,gpu_weight_memory_C3
DeepSeek-V4.1-Flash-engram-hbm,NVIDIA-A100-SXM-80GB-BF16-resident-x64,gpu,a100_bf16_expanded,200000,64,True,1,64,4775,191900735211.60742,705716494767.4633,169967616.0,44160.0,40113872896.0,0.014129356383903498,0.014129356383903498,4529.576454941029,70.77463210845357,49946825290034.61,769881311536.0581,200026096.25019583,50716906627666.914,0.0,0.0,0.0,181698854186218.7,2.542999237860617,25600.0,gpu_weight_memory_C3
DeepSeek-V4.1-Flash-engram-hbm,ROM-wafer-N7-HBM2e-conservative,rom,official_packed,200000,64,True,6,384,535,191900735211.60742,191900735211.60742,46775808.0,22010.0,40113872896.0,0.0018346703641292054,0.011010296184775233,34883.650628093346,90.82407804639946,104596846912436.94,1631710944118.7737,767789150.3243345,1632478733269.098,104596846912436.94,0.0,0.0,1399318327443807.0,0.29303188655590395,90000.0,compute_C5
DeepSeek-V4.1-Flash-engram-hbm,ROM-wafer-N7-HBM2e-central,rom,official_packed,200000,64,True,2,128,1192,191900735211.60742,191900735211.60742,46775808.0,22010.0,40113872896.0,0.001062127828113752,0.002124710456227504,60256.40069487541,470.6523644523001,180675743664871.94,2818541829674.5586,1326243379.2942078,2819868073053.853,180675743664871.94,0.0,0.0,2417117598644678.5,0.06906849537080681,30000.0,compute_C5
DeepSeek-V4.1-Flash-engram-hbm,ROM-wafer-N7-HBM2e-aggressive,rom,official_packed,200000,64,True,1,64,2703,191900735211.60742,191900735211.60742,46775808.0,22010.0,40113872896.0,0.0006973109312882702,0.0006973109312882702,91781.15117421304,1434.0804870970787,275201099826549.47,4293137505343.964,2020103137.344429,4295157608481.308,275201099826549.47,0.0,0.0,3681697432450943.0,0.028837818477223286,15000.0,compute_C5
DeepSeek-V4.1-Flash-engram-hbm,N7-SRAM-rich-Graphcore-style-derived-control,sram,official_packed,200000,64,False,10,640,0,191900735211.60742,191900735211.60742,46775808.0,22010.0,40113872896.0,0.00033594800889020577,,0.0,0.0,0.0,0.0,0.0,0.0,0.0,0.0,0.0,0.0,,150000.0,capacity_C7_C8_C9
DeepSeek-V4.1-Flash-engram-hbm,NVIDIA-A100-SXM-80GB-packed-HBM-BF16-execute-x1,gpu,a100_packed_hbm_bf16_execute,1000000,1,False,1,1,0,13035075008.0,13035075008.0,182775808.0,22010.0,56497872896.0,0.010142557678256454,,0.0,0.0,0.0,0.0,0.0,0.0,0.0,0.0,0.0,0.0,,400.0,capacity_C7_C8_C9
DeepSeek-V4.1-Flash-engram-hbm,NVIDIA-A100-SXM-80GB-packed-HBM-BF16-execute-x2,gpu,a100_packed_hbm_bf16_execute,1000000,1,False,1,1,0,13035075008.0,13035075008.0,182775808.0,22010.0,56497872896.0,0.005302018016518086,,0.0,0.0,0.0,0.0,0.0,0.0,0.0,0.0,0.0,0.0,,800.0,capacity_C7_C8_C9
DeepSeek-V4.1-Flash-engram-hbm,NVIDIA-A100-SXM-80GB-packed-HBM-BF16-execute-x4,gpu,a100_packed_hbm_bf16_execute,1000000,1,False,1,1,0,13035075008.0,13035075008.0,182775808.0,22010.0,56497872896.0,0.003051783205092586,,0.0,0.0,0.0,0.0,0.0,0.0,0.0,0.0,0.0,0.0,,1600.0,capacity_C7_C8_C9
DeepSeek-V4.1-Flash-engram-hbm,NVIDIA-A100-SXM-80GB-packed-HBM-BF16-execute-x8,gpu,a100_packed_hbm_bf16_execute,1000000,1,True,1,1,73,13035075008.0,13035075008.0,182775808.0,22010.0,56497872896.0,0.0020753972501194947,0.0020753972501194947,481.835465447602,481.835465447602,6280761433624.085,88067866520.24155,10605198.59450172,6368839905342.921,0.0,0.0,0.0,27222678883643.617,2.988237245582916,3200.0,gpu_weight_memory_C3
DeepSeek-V4.1-Flash-engram-hbm,NVIDIA-A100-SXM-80GB-packed-HBM-BF16-execute-x16,gpu,a100_packed_hbm_bf16_execute,1000000,1,True,1,1,718,13035075008.0,13035075008.0,182775808.0,22010.0,56497872896.0,0.0018017007428833502,0.0018017007428833502,555.0311304193897,555.0311304193897,7234872416791.775,101446263327.55733,12216235.180530766,7336330896354.514,0.0,0.0,0.0,31358078259757.88,5.188316853526183,6400.0,gpu_weight_memory_C3
DeepSeek-V4.1-Flash-engram-hbm,NVIDIA-A100-SXM-80GB-packed-HBM-BF16-execute-x32,gpu,a100_packed_hbm_bf16_execute,1000000,1,True,1,1,2009,13035075008.0,13035075008.0,182775808.0,22010.0,56497872896.0,0.0017746122593059316,0.0017746122593059314,563.5033764452354,563.5033764452354,7345308779224.903,102994784940.50607,12402709.315559631,7448315966874.725,0.0,0.0,0.0,31836742138869.75,10.220621520859593,12800.0,gpu_weight_memory_C3
DeepSeek-V4.1-Flash-engram-hbm,NVIDIA-A100-SXM-80GB-packed-HBM-BF16-execute-x64,gpu,a100_packed_hbm_bf16_execute,1000000,1,True,1,1,4590,13035075008.0,13035075008.0,182775808.0,22010.0,56497872896.0,0.001952378879368323,0.001952378879368323,512.1956657938966,512.1956657938966,6676508922395.942,93616976669.57742,11273426.604123665,6770137172492.124,0.0,0.0,0.0,28937965623905.668,22.488885092169966,25600.0,collective_floor_C6
DeepSeek-V4.1-Flash-engram-hbm,NVIDIA-A100-SXM-80GB-BF16-resident-x1,gpu,a100_bf16_expanded,1000000,1,False,1,1,0,13035075008.0,32339891648.0,681967616.0,44160.0,56497872896.0,0.026661111105965012,,0.0,0.0,0.0,0.0,0.0,0.0,0.0,0.0,0.0,0.0,,400.0,capacity_C7_C8_C9
DeepSeek-V4.1-Flash-engram-hbm,NVIDIA-A100-SXM-80GB-BF16-resident-x2,gpu,a100_bf16_expanded,1000000,1,False,1,1,0,13035075008.0,32339891648.0,681967616.0,44160.0,56497872896.0,0.013652160206962319,,0.0,0.0,0.0,0.0,0.0,0.0,0.0,0.0,0.0,0.0,,800.0,capacity_C7_C8_C9
DeepSeek-V4.1-Flash-engram-hbm,NVIDIA-A100-SXM-80GB-BF16-resident-x4,gpu,a100_bf16_expanded,1000000,1,False,1,1,0,13035075008.0,32339891648.0,681967616.0,44160.0,56497872896.0,0.007801139225124394,,0.0,0.0,0.0,0.0,0.0,0.0,0.0,0.0,0.0,0.0,,1600.0,capacity_C7_C8_C9
DeepSeek-V4.1-Flash-engram-hbm,NVIDIA-A100-SXM-80GB-BF16-resident-x8,gpu,a100_bf16_expanded,1000000,1,False,1,1,0,13035075008.0,32339891648.0,681967616.0,44160.0,56497872896.0,0.005305455095467538,,0.0,0.0,0.0,0.0,0.0,0.0,0.0,0.0,0.0,0.0,,3200.0,capacity_C7_C8_C9
DeepSeek-V4.1-Flash-engram-hbm,NVIDIA-A100-SXM-80GB-BF16-resident-x16,gpu,a100_bf16_expanded,1000000,1,False,1,1,0,13035075008.0,32339891648.0,681967616.0,44160.0,56497872896.0,0.004347263963623319,,0.0,0.0,0.0,0.0,0.0,0.0,0.0,0.0,0.0,0.0,,6400.0,capacity_C7_C8_C9
DeepSeek-V4.1-Flash-engram-hbm,NVIDIA-A100-SXM-80GB-BF16-resident-x32,gpu,a100_bf16_expanded,1000000,1,True,1,1,242,13035075008.0,32339891648.0,681967616.0,44160.0,56497872896.0,0.003995803794947684,0.003995803794947684,250.26253823183345,250.26253823183345,8093463369970.951,170670946572.0723,11051593.688317765,8264145368136.712,0.0,0.0,0.0,14139301075652.467,23.01325151205002,12800.0,gpu_weight_memory_C3
DeepSeek-V4.1-Flash-engram-hbm,NVIDIA-A100-SXM-80GB-BF16-resident-x64,gpu,a100_bf16_expanded,1000000,1,True,1,1,961,13035075008.0,32339891648.0,681967616.0,44160.0,56497872896.0,0.004015672249343422,0.004015672249343422,249.02430724108618,249.02430724108618,8053419113894.988,169826513135.25507,10996913.407766366,8223256623943.651,0.0,0.0,0.0,14069343658521.34,46.25536197795705,25600.0,gpu_weight_memory_C3
DeepSeek-V4.1-Flash-engram-hbm,ROM-wafer-N7-HBM2e-conservative,rom,official_packed,1000000,1,True,6,6,107,13035075008.0,13035075008.0,182775808.0,22010.0,56497872896.0,0.00013030077158353081,0.0007840786295011849,7674.5516380840345,1275.3822925083164,100038356255194.66,1402722376688.533,168916881.5542296,1402891293570.0872,100038356255194.66,0.0,0.0,433595842982260.4,1.3319373476857839,90000.0,collective_floor_C6
DeepSeek-V4.1-Flash-engram-hbm,ROM-wafer-N7-HBM2e-central,rom,official_packed,1000000,1,True,2,2,241,13035075008.0,13035075008.0,182775808.0,22010.0,56497872896.0,5.23324403146908e-05,0.0001051196806293816,19108.606325000274,9512.96649697482,249082116744721.8,3492590960805.8354,420580425.213256,3493011541231.049,249082116744721.8,0.0,0.0,1079595611369567.1,0.21779814088327676,30000.0,collective_floor_C6
DeepSeek-V4.1-Flash-engram-hbm,ROM-wafer-N7-HBM2e-aggressive,rom,official_packed,1000000,1,True,1,1,547,13035075008.0,13035075008.0,182775808.0,22010.0,56497872896.0,3.0897472780008596e-05,3.0897472780008596e-05,32365.106593670145,32365.106593670145,421881592090405.7,5915558508664.188,712355996.1266799,5916270864660.315,421881592090405.7,0.0,0.0,1828559678594667.5,0.0817784477097996,15000.0,collective_floor_C6
DeepSeek-V4.1-Flash-engram-hbm,N7-SRAM-rich-Graphcore-style-derived-control,sram,official_packed,1000000,1,False,10,10,0,13035075008.0,13035075008.0,182775808.0,22010.0,56497872896.0,1.3016729949834061e-05,,0.0,0.0,0.0,0.0,0.0,0.0,0.0,0.0,0.0,0.0,,150000.0,capacity_C7_C8_C9
DeepSeek-V4.1-Flash-engram-hbm,NVIDIA-A100-SXM-80GB-packed-HBM-BF16-execute-x1,gpu,a100_packed_hbm_bf16_execute,1000000,8,False,1,8,0,42706582676.79819,42706582676.79819,182775808.0,22010.0,56497872896.0,0.03831804367332748,,0.0,0.0,0.0,0.0,0.0,0.0,0.0,0.0,0.0,0.0,,400.0,capacity_C7_C8_C9
DeepSeek-V4.1-Flash-engram-hbm,NVIDIA-A100-SXM-80GB-packed-HBM-BF16-execute-x2,gpu,a100_packed_hbm_bf16_execute,1000000,8,False,1,8,0,42706582676.79819,42706582676.79819,182775808.0,22010.0,56497872896.0,0.019424358307252306,,0.0,0.0,0.0,0.0,0.0,0.0,0.0,0.0,0.0,0.0,,800.0,capacity_C7_C8_C9
DeepSeek-V4.1-Flash-engram-hbm,NVIDIA-A100-SXM-80GB-packed-HBM-BF16-execute-x4,gpu,a100_packed_hbm_bf16_execute,1000000,8,False,1,8,0,42706582676.79819,42706582676.79819,182775808.0,22010.0,56497872896.0,0.009938981455094989,,0.0,0.0,0.0,0.0,0.0,0.0,0.0,0.0,0.0,0.0,,1600.0,capacity_C7_C8_C9
DeepSeek-V4.1-Flash-engram-hbm,NVIDIA-A100-SXM-80GB-packed-HBM-BF16-execute-x8,gpu,a100_packed_hbm_bf16_execute,1000000,8,True,1,8,73,42706582676.79819,42706582676.79819,182775808.0,22010.0,56497872896.0,0.005252414221400894,0.005252414221400894,1523.1091194986304,190.3886399373288,8130848192206.694,278387499988.53076,33523631.720164854,8409269215826.945,0.0,0.0,0.0,86052425440172.1,0.9453286476068524,3200.0,gpu_weight_memory_C3
DeepSeek-V4.1-Flash-engram-hbm,NVIDIA-A100-SXM-80GB-packed-HBM-BF16-execute-x16,gpu,a100_packed_hbm_bf16_execute,1000000,8,True,1,8,718,42706582676.79819,42706582676.79819,182775808.0,22010.0,56497872896.0,0.0032689022196798864,0.003268902219679886,2447.3047715643866,305.9130964455483,13064502945267.146,447308107044.93616,53865178.02213215,13511864917490.105,0.0,0.0,0.0,138267513921619.03,1.1766729676033922,6400.0,gpu_weight_memory_C3
DeepSeek-V4.1-Flash-engram-hbm,NVIDIA-A100-SXM-80GB-packed-HBM-BF16-execute-x32,gpu,a100_packed_hbm_bf16_execute,1000000,8,True,1,8,2009,42706582676.79819,42706582676.79819,182775808.0,22010.0,56497872896.0,0.002628272554018804,0.002628272554018804,3043.8243506243166,380.4780438280396,16248917035448.615,556337455095.4348,66994573.95724121,16805321485118.008,0.0,0.0,0.0,171969601279322.38,1.8921442478084913,12800.0,gpu_weight_memory_C3
DeepSeek-V4.1-Flash-engram-hbm,NVIDIA-A100-SXM-80GB-packed-HBM-BF16-execute-x64,gpu,a100_packed_hbm_bf16_execute,1000000,8,True,1,8,4590,42706582676.79819,42706582676.79819,182775808.0,22010.0,56497872896.0,0.0024950788351299187,0.0024950788351299187,3206.311515036133,400.78893937951665,17116325975557.584,586036177860.4333,70570916.4459453,17702432724334.465,0.0,0.0,0.0,181149780441492.66,3.5925110266825167,25600.0,collective_floor_C6
DeepSeek-V4.1-Flash-engram-hbm,NVIDIA-A100-SXM-80GB-BF16-resident-x1,gpu,a100_bf16_expanded,1000000,8,False,1,8,0,42706582676.79819,144044391107.00494,681967616.0,44160.0,56497872896.0,0.13270168547214492,,0.0,0.0,0.0,0.0,0.0,0.0,0.0,0.0,0.0,0.0,,400.0,capacity_C7_C8_C9
DeepSeek-V4.1-Flash-engram-hbm,NVIDIA-A100-SXM-80GB-BF16-resident-x2,gpu,a100_bf16_expanded,1000000,8,False,1,8,0,42706582676.79819,144044391107.00494,681967616.0,44160.0,56497872896.0,0.06661617920666194,,0.0,0.0,0.0,0.0,0.0,0.0,0.0,0.0,0.0,0.0,,800.0,capacity_C7_C8_C9
DeepSeek-V4.1-Flash-engram-hbm,NVIDIA-A100-SXM-80GB-BF16-resident-x4,gpu,a100_bf16_expanded,1000000,8,False,1,8,0,42706582676.79819,144044391107.00494,681967616.0,44160.0,56497872896.0,0.033534937298826104,,0.0,0.0,0.0,0.0,0.0,0.0,0.0,0.0,0.0,0.0,,1600.0,capacity_C7_C8_C9
DeepSeek-V4.1-Flash-engram-hbm,NVIDIA-A100-SXM-80GB-BF16-resident-x8,gpu,a100_bf16_expanded,1000000,8,False,1,8,0,42706582676.79819,144044391107.00494,681967616.0,44160.0,56497872896.0,0.017075492321774636,,0.0,0.0,0.0,0.0,0.0,0.0,0.0,0.0,0.0,0.0,,3200.0,capacity_C7_C8_C9
DeepSeek-V4.1-Flash-engram-hbm,NVIDIA-A100-SXM-80GB-BF16-resident-x16,gpu,a100_bf16_expanded,1000000,8,False,1,8,0,42706582676.79819,144044391107.00494,681967616.0,44160.0,56497872896.0,0.009472507540020988,,0.0,0.0,0.0,0.0,0.0,0.0,0.0,0.0,0.0,0.0,,6400.0,capacity_C7_C8_C9
DeepSeek-V4.1-Flash-engram-hbm,NVIDIA-A100-SXM-80GB-BF16-resident-x32,gpu,a100_bf16_expanded,1000000,8,True,1,8,242,42706582676.79819,144044391107.00494,681967616.0,44160.0,56497872896.0,0.006415892148095616,0.006415892148095617,1246.9037532643972,155.86296915804965,22451186488501.156,850347979995.1732,55063269.74415578,23301589531766.074,0.0,0.0,0.0,70447409765477.27,4.618924853899278,12800.0,gpu_weight_memory_C3
DeepSeek-V4.1-Flash-engram-hbm,NVIDIA-A100-SXM-80GB-BF16-resident-x64,gpu,a100_bf16_expanded,1000000,8,True,1,8,961,42706582676.79819,144044391107.00494,681967616.0,44160.0,56497872896.0,0.005265583939913284,0.005265583939913284,1519.299680964111,189.91246012051388,27355824681692.78,1036113181416.6554,67092273.91137514,28392004955383.348,0.0,0.0,0.0,85837200266043.7,7.581591451027579,25600.0,gpu_weight_memory_C3
DeepSeek-V4.1-Flash-engram-hbm,ROM-wafer-N7-HBM2e-conservative,rom,official_packed,1000000,8,True,6,48,107,42706582676.79819,42706582676.79819,182775808.0,22010.0,56497872896.0,0.0003496355933999538,0.0021000875603997228,22880.965642558796,476.17062205237943,122145981367364.5,4182086983138.9233,503610053.7927191,4182590593192.716,122145981367364.5,0.0,0.0,1292725888611029.8,0.4467478389327322,90000.0,kv_beachfront_C8
DeepSeek-V4.1-Flash-engram-hbm,ROM-wafer-N7-HBM2e-central,rom,official_packed,1000000,8,True,2,16,241,42706582676.79819,42706582676.79819,182775808.0,22010.0,56497872896.0,0.00017937781656915383,0.00035921043313830766,44598.60284293201,2783.8835060087677,238081739947670.3,8151545670287.994,981615248.5729334,8152527285536.567,238081739947670.3,0.0,0.0,2519726194759157.0,0.0933172491325039,30000.0,compute_C5
DeepSeek-V4.1-Flash-engram-hbm,ROM-wafer-N7-HBM2e-aggressive,rom,official_packed,1000000,8,True,1,8,547,42706582676.79819,42706582676.79819,182775808.0,22010.0,56497872896.0,0.00014119993901498475,0.00014119993901498475,56657.24826659454,7082.156033324318,302454682167150.06,10355574330983.416,1247026034.347746,10356821357017.764,302454682167150.06,0.0,0.0,3201014011203175.0,0.04671543815079869,15000.0,kv_beachfront_C8
DeepSeek-V4.1-Flash-engram-hbm,N7-SRAM-rich-Graphcore-style-derived-control,sram,official_packed,1000000,8,False,10,80,0,42706582676.79819,42706582676.79819,182775808.0,22010.0,56497872896.0,5.627749840899796e-05,,0.0,0.0,0.0,0.0,0.0,0.0,0.0,0.0,0.0,0.0,,150000.0,capacity_C7_C8_C9
DeepSeek-V4.1-Flash-engram-hbm,NVIDIA-A100-SXM-80GB-packed-HBM-BF16-execute-x1,gpu,a100_packed_hbm_bf16_execute,1000000,32,False,1,32,0,122838182421.81262,122838182421.81262,182775808.0,22010.0,56497872896.0,0.11509640824030826,,0.0,0.0,0.0,0.0,0.0,0.0,0.0,0.0,0.0,0.0,,400.0,capacity_C7_C8_C9
DeepSeek-V4.1-Flash-engram-hbm,NVIDIA-A100-SXM-80GB-packed-HBM-BF16-execute-x2,gpu,a100_packed_hbm_bf16_execute,1000000,32,False,1,32,0,122838182421.81262,122838182421.81262,182775808.0,22010.0,56497872896.0,0.05804484412015413,,0.0,0.0,0.0,0.0,0.0,0.0,0.0,0.0,0.0,0.0,,800.0,capacity_C7_C8_C9
DeepSeek-V4.1-Flash-engram-hbm,NVIDIA-A100-SXM-80GB-packed-HBM-BF16-execute-x4,gpu,a100_packed_hbm_bf16_execute,1000000,32,False,1,32,0,122838182421.81262,122838182421.81262,182775808.0,22010.0,56497872896.0,0.029364859707135888,,0.0,0.0,0.0,0.0,0.0,0.0,0.0,0.0,0.0,0.0,,1600.0,capacity_C7_C8_C9
DeepSeek-V4.1-Flash-engram-hbm,NVIDIA-A100-SXM-80GB-packed-HBM-BF16-execute-x8,gpu,a100_packed_hbm_bf16_execute,1000000,32,True,1,32,73,122838182421.81262,122838182421.81262,182775808.0,22010.0,56497872896.0,0.015071926344219671,0.015071926344219673,2123.152626225016,66.34851956953175,8150131550299.346,388060936765.59924,46730589.3032126,8538239217654.248,0.0,0.0,0.0,119953607215269.55,0.6781607060691395,3200.0,gpu_weight_memory_C3
DeepSeek-V4.1-Flash-engram-hbm,NVIDIA-A100-SXM-80GB-packed-HBM-BF16-execute-x16,gpu,a100_packed_hbm_bf16_execute,1000000,32,True,1,32,718,122838182421.81262,122838182421.81262,182775808.0,22010.0,56497872896.0,0.00844924535054347,0.00844924535054347,3787.3204851296814,118.35376516030254,14538361395069.615,692230561824.5295,83358923.87770429,15230675315818.023,0.0,0.0,0.0,213975551385273.8,0.7603468941942487,6400.0,gpu_weight_memory_C3
DeepSeek-V4.1-Flash-engram-hbm,NVIDIA-A100-SXM-80GB-packed-HBM-BF16-execute-x32,gpu,a100_packed_hbm_bf16_execute,1000000,32,True,1,32,2009,122838182421.81262,122838182421.81262,182775808.0,22010.0,56497872896.0,0.005733981944700444,0.005733981944700444,5580.763997622206,174.39887492569395,21422840812281.277,1020028648922.7089,122832615.58766475,22442992293819.574,0.0,0.0,0.0,315301295000232.25,1.0320011272340315,12800.0,gpu_weight_memory_C3
DeepSeek-V4.1-Flash-engram-hbm,NVIDIA-A100-SXM-80GB-packed-HBM-BF16-execute-x64,gpu,a100_packed_hbm_bf16_execute,1000000,32,True,1,32,4590,122838182421.81262,122838182421.81262,182775808.0,22010.0,56497872896.0,0.004373753642123298,0.004373753642123298,7316.370014947885,228.6365629671214,28085299830051.504,1337255441109.0718,161033304.02900293,29422716304464.605,0.0,0.0,0.0,413359343164631.2,1.5743749221557768,25600.0,collective_floor_C6
DeepSeek-V4.1-Flash-engram-hbm,NVIDIA-A100-SXM-80GB-BF16-resident-x1,gpu,a100_bf16_expanded,1000000,32,False,1,32,0,122838182421.81262,445716296029.41223,681967616.0,44160.0,56497872896.0,0.421640468488781,,0.0,0.0,0.0,0.0,0.0,0.0,0.0,0.0,0.0,0.0,,400.0,capacity_C7_C8_C9
DeepSeek-V4.1-Flash-engram-hbm,NVIDIA-A100-SXM-80GB-BF16-resident-x2,gpu,a100_bf16_expanded,1000000,32,False,1,32,0,122838182421.81262,445716296029.41223,681967616.0,44160.0,56497872896.0,0.2113168742443905,,0.0,0.0,0.0,0.0,0.0,0.0,0.0,0.0,0.0,0.0,,800.0,capacity_C7_C8_C9
DeepSeek-V4.1-Flash-engram-hbm,NVIDIA-A100-SXM-80GB-BF16-resident-x4,gpu,a100_bf16_expanded,1000000,32,False,1,32,0,122838182421.81262,445716296029.41223,681967616.0,44160.0,56497872896.0,0.10600087476925407,,0.0,0.0,0.0,0.0,0.0,0.0,0.0,0.0,0.0,0.0,,1600.0,capacity_C7_C8_C9
DeepSeek-V4.1-Flash-engram-hbm,NVIDIA-A100-SXM-80GB-BF16-resident-x8,gpu,a100_bf16_expanded,1000000,32,False,1,32,0,122838182421.81262,445716296029.41223,681967616.0,44160.0,56497872896.0,0.05338993393074843,,0.0,0.0,0.0,0.0,0.0,0.0,0.0,0.0,0.0,0.0,,3200.0,capacity_C7_C8_C9
DeepSeek-V4.1-Flash-engram-hbm,NVIDIA-A100-SXM-80GB-BF16-resident-x16,gpu,a100_bf16_expanded,1000000,32,False,1,32,0,122838182421.81262,445716296029.41223,681967616.0,44160.0,56497872896.0,0.027609243955463467,,0.0,0.0,0.0,0.0,0.0,0.0,0.0,0.0,0.0,0.0,,6400.0,capacity_C7_C8_C9
DeepSeek-V4.1-Flash-engram-hbm,NVIDIA-A100-SXM-80GB-BF16-resident-x32,gpu,a100_bf16_expanded,1000000,32,True,1,32,242,122838182421.81262,445716296029.41223,681967616.0,44160.0,56497872896.0,0.015386746286169223,0.015386746286169223,2079.7119420084305,64.99099818776345,28967546987504.168,1418296195058.2195,91840079.3590923,30385935022641.746,0.0,0.0,0.0,117499300959885.62,2.769304065644429,12800.0,gpu_weight_memory_C3
DeepSeek-V4.1-Flash-engram-hbm,NVIDIA-A100-SXM-80GB-BF16-resident-x64,gpu,a100_bf16_expanded,1000000,32,True,1,32,961,122838182421.81262,445716296029.41223,681967616.0,44160.0,56497872896.0,0.009618719664583254,0.009618719664583254,3326.846099676453,103.96394061488915,46338422531490.17,2268801303395.249,146913523.76171216,48607370748409.18,0.0,0.0,0.0,187959728084073.6,3.4623511661289856,25600.0,gpu_weight_memory_C3
DeepSeek-V4.1-Flash-engram-hbm,ROM-wafer-N7-HBM2e-conservative,rom,official_packed,1000000,32,True,6,192,107,122838182421.81262,122838182421.81262,182775808.0,22010.0,56497872896.0,0.0011017626479900592,0.006612849887940355,29044.368184361178,151.22073190012497,111492418667401.53,5308607862746.107,639266543.7377895,5309247129289.845,111492418667401.53,0.0,0.0,1640945022024664.0,0.3519450617283954,90000.0,kv_beachfront_C8
DeepSeek-V4.1-Flash-engram-hbm,ROM-wafer-N7-HBM2e-central,rom,official_packed,1000000,32,True,2,64,241,122838182421.81262,122838182421.81262,182775808.0,22010.0,56497872896.0,0.0006149860137513629,0.0012304268275027258,52033.703668808164,812.7261025587356,199741424479737.44,9510502231298.977,1145261817.7504678,9511647493116.727,199741424479737.44,0.0,0.0,2939793576188452.5,0.07998313860080469,30000.0,compute_C5
DeepSeek-V4.1-Flash-engram-hbm,ROM-wafer-N7-HBM2e-aggressive,rom,official_packed,1000000,32,True,1,32,547,122838182421.81262,122838182421.81262,182775808.0,22010.0,56497872896.0,0.0005193798232491887,0.0005193798232491887,61611.942874120854,1925.3732148162767,236509346191673.62,11261172641267.281,1356078862.6594,11262528720129.941,236509346191673.62,0.0,0.0,3480943717377693.0,0.04295868712662003,15000.0,kv_beachfront_C8
DeepSeek-V4.1-Flash-engram-hbm,N7-SRAM-rich-Graphcore-style-derived-control,sram,official_packed,1000000,32,False,10,320,0,122838182421.81262,122838182421.81262,182775808.0,22010.0,56497872896.0,0.00020460494313094134,,0.0,0.0,0.0,0.0,0.0,0.0,0.0,0.0,0.0,0.0,,150000.0,capacity_C7_C8_C9
DeepSeek-V4.1-Flash-engram-hbm,NVIDIA-A100-SXM-80GB-packed-HBM-BF16-execute-x1,gpu,a100_packed_hbm_bf16_execute,1000000,64,False,1,64,0,191900735211.60742,191900735211.60742,182775808.0,22010.0,56497872896.0,0.1827943733451336,,0.0,0.0,0.0,0.0,0.0,0.0,0.0,0.0,0.0,0.0,,400.0,capacity_C7_C8_C9
DeepSeek-V4.1-Flash-engram-hbm,NVIDIA-A100-SXM-80GB-packed-HBM-BF16-execute-x2,gpu,a100_packed_hbm_bf16_execute,1000000,64,False,1,64,0,191900735211.60742,191900735211.60742,182775808.0,22010.0,56497872896.0,0.09220223137844916,,0.0,0.0,0.0,0.0,0.0,0.0,0.0,0.0,0.0,0.0,,800.0,capacity_C7_C8_C9
DeepSeek-V4.1-Flash-engram-hbm,NVIDIA-A100-SXM-80GB-packed-HBM-BF16-execute-x4,gpu,a100_packed_hbm_bf16_execute,1000000,64,False,1,64,0,191900735211.60742,191900735211.60742,182775808.0,22010.0,56497872896.0,0.04659775568922458,,0.0,0.0,0.0,0.0,0.0,0.0,0.0,0.0,0.0,0.0,,1600.0,capacity_C7_C8_C9
DeepSeek-V4.1-Flash-engram-hbm,NVIDIA-A100-SXM-80GB-packed-HBM-BF16-execute-x8,gpu,a100_packed_hbm_bf16_execute,1000000,64,True,1,64,73,191900735211.60742,191900735211.60742,182775808.0,22010.0,56497872896.0,0.02384257666814185,0.02384257666814185,2684.2736374846595,41.941775585697805,8048657570975.655,490620282984.3577,59080862.76103736,8539336934822.774,0.0,0.0,0.0,151655750788691.88,0.5363978783632982,3200.0,gpu_weight_memory_C3
DeepSeek-V4.1-Flash-engram-hbm,NVIDIA-A100-SXM-80GB-packed-HBM-BF16-execute-x16,gpu,a100_packed_hbm_bf16_execute,1000000,64,True,1,64,718,191900735211.60742,191900735211.60742,182775808.0,22010.0,56497872896.0,0.01333536987326892,0.013335369873268922,4799.266957588449,74.98854621231952,14390357150593.715,877189895980.9305,105631865.73652177,15267652678440.383,0.0,0.0,0.0,271148374563804.84,0.6000244190695319,6400.0,gpu_weight_memory_C3
DeepSeek-V4.1-Flash-engram-hbm,NVIDIA-A100-SXM-80GB-packed-HBM-BF16-execute-x32,gpu,a100_packed_hbm_bf16_execute,1000000,64,True,1,64,2009,191900735211.60742,191900735211.60742,182775808.0,22010.0,56497872896.0,0.009136049321030354,0.009136049321030354,7005.216122539731,109.4565019146833,21004783191118.44,1280384037011.8264,154184806.85709947,22285321412937.125,0.0,0.0,0.0,395779810100259.7,0.822152327012742,12800.0,gpu_weight_memory_C3
DeepSeek-V4.1-Flash-engram-hbm,NVIDIA-A100-SXM-80GB-packed-HBM-BF16-execute-x64,gpu,a100_packed_hbm_bf16_execute,1000000,64,True,1,64,4590,191900735211.60742,191900735211.60742,182775808.0,22010.0,56497872896.0,0.006635355487328308,0.006635355487328307,9645.300861758242,150.70782596497253,28920942604821.203,1762927658410.959,212293071.9672989,30684082556304.13,0.0,0.0,0.0,544938982131296.44,1.1942301891707594,25600.0,collective_floor_C6
DeepSeek-V4.1-Flash-engram-hbm,NVIDIA-A100-SXM-80GB-BF16-resident-x1,gpu,a100_bf16_expanded,1000000,64,False,1,64,0,191900735211.60742,705716494767.4633,681967616.0,44160.0,56497872896.0,0.6763578256674209,,0.0,0.0,0.0,0.0,0.0,0.0,0.0,0.0,0.0,0.0,,400.0,capacity_C7_C8_C9
DeepSeek-V4.1-Flash-engram-hbm,NVIDIA-A100-SXM-80GB-BF16-resident-x2,gpu,a100_bf16_expanded,1000000,64,False,1,64,0,191900735211.60742,705716494767.4633,681967616.0,44160.0,56497872896.0,0.33898395753959276,,0.0,0.0,0.0,0.0,0.0,0.0,0.0,0.0,0.0,0.0,,800.0,capacity_C7_C8_C9
DeepSeek-V4.1-Flash-engram-hbm,NVIDIA-A100-SXM-80GB-BF16-resident-x4,gpu,a100_bf16_expanded,1000000,64,False,1,64,0,191900735211.60742,705716494767.4633,681967616.0,44160.0,56497872896.0,0.1699886187697964,,0.0,0.0,0.0,0.0,0.0,0.0,0.0,0.0,0.0,0.0,,1600.0,capacity_C7_C8_C9
DeepSeek-V4.1-Flash-engram-hbm,NVIDIA-A100-SXM-80GB-BF16-resident-x8,gpu,a100_bf16_expanded,1000000,64,False,1,64,0,191900735211.60742,705716494767.4633,681967616.0,44160.0,56497872896.0,0.08553800820842819,,0.0,0.0,0.0,0.0,0.0,0.0,0.0,0.0,0.0,0.0,,3200.0,capacity_C7_C8_C9
DeepSeek-V4.1-Flash-engram-hbm,NVIDIA-A100-SXM-80GB-BF16-resident-x16,gpu,a100_bf16_expanded,1000000,64,False,1,64,0,191900735211.60742,705716494767.4633,681967616.0,44160.0,56497872896.0,0.04418308989884184,,0.0,0.0,0.0,0.0,0.0,0.0,0.0,0.0,0.0,0.0,,6400.0,capacity_C7_C8_C9
DeepSeek-V4.1-Flash-engram-hbm,NVIDIA-A100-SXM-80GB-BF16-resident-x32,gpu,a100_bf16_expanded,1000000,64,True,1,64,242,191900735211.60742,705716494767.4633,681967616.0,44160.0,56497872896.0,0.0245662249847937,0.0245662249847937,2605.2028766982107,40.70629494840954,28727103785962.08,1776663995018.2207,115045759.034993,30503882826739.332,0.0,0.0,0.0,147188420995989.06,2.2107125659528384,12800.0,gpu_weight_memory_C3
DeepSeek-V4.1-Flash-engram-hbm,NVIDIA-A100-SXM-80GB-BF16-resident-x64,gpu,a100_bf16_expanded,1000000,64,True,1,64,961,191900735211.60742,705716494767.4633,681967616.0,44160.0,56497872896.0,0.014506955605105107,0.014506955605105109,4411.676835729608,68.93245055827512,48646767383717.39,3008620734224.9443,194819649.06581947,51655582937591.4,0.0,0.0,0.0,249250357123278.84,2.6109594835818157,25600.0,gpu_weight_memory_C3
DeepSeek-V4.1-Flash-engram-hbm,ROM-wafer-N7-HBM2e-conservative,rom,official_packed,1000000,64,True,6,384,107,191900735211.60742,191900735211.60742,182775808.0,22010.0,56497872896.0,0.0021045809362240206,0.012629759617344125,30409.854474319713,79.17807070743656,91182397364061.6,5558185722706.201,669320896.9797769,5558855043603.181,91182397364061.6,0.0,0.0,1718092092875972.0,0.3361417583283556,90000.0,kv_beachfront_C8
DeepSeek-V4.1-Flash-engram-hbm,ROM-wafer-N7-HBM2e-central,rom,official_packed,1000000,64,True,2,128,241,191900735211.60742,191900735211.60742,182775808.0,22010.0,56497872896.0,0.0011957408266048582,0.002391936453209716,53523.30419437062,418.07130731174306,160486897278972.4,9782765170955.879,1178047925.3180974,9783943218881.197,160486897278972.4,0.0,0.0,3023952837347495.0,0.07775713766365731,30000.0,compute_C5
DeepSeek-V4.1-Flash-engram-hbm,ROM-wafer-N7-HBM2e-aggressive,rom,official_packed,1000000,64,True,1,64,547,191900735211.60742,191900735211.60742,182775808.0,22010.0,56497872896.0,0.001023619668894794,0.001023619668894794,62523.22219355265,976.9253467742601,187472692292835.03,11427732455190.117,1376136120.4800937,11429108591310.598,187472692292835.03,0.0,0.0,3532429060539703.5,0.04233256195592359,15000.0,kv_beachfront_C8
DeepSeek-V4.1-Flash-engram-hbm,N7-SRAM-rich-Graphcore-style-derived-control,sram,official_packed,1000000,64,False,10,640,0,191900735211.60742,191900735211.60742,182775808.0,22010.0,56497872896.0,0.00040236364608230916,,0.0,0.0,0.0,0.0,0.0,0.0,0.0,0.0,0.0,0.0,,150000.0,capacity_C7_C8_C9
