OpenROAD 26Q3-1510-g6cb3f2b704 
Features included (+) or not (-): +GPU +GUI +Python
This program is licensed under the BSD-3 license. See the LICENSE file for details.
Components of this program may be licensed under more restrictive licenses which must be honored.
[INFO ORD-0030] Using 1 thread(s).
[WARNING STA-1212] /OpenROAD-flow-scripts/flow/platforms/asap7/lib/NLDM/asap7sc7p5t_SIMPLE_RVT_SS_nldm_211120.lib.gz line 13156, timing group from output port.
[WARNING STA-1212] /OpenROAD-flow-scripts/flow/platforms/asap7/lib/NLDM/asap7sc7p5t_SIMPLE_RVT_SS_nldm_211120.lib.gz line 13189, timing group from output port.
[WARNING STA-1212] /OpenROAD-flow-scripts/flow/platforms/asap7/lib/NLDM/asap7sc7p5t_SIMPLE_RVT_SS_nldm_211120.lib.gz line 13222, timing group from output port.
[WARNING STA-1212] /OpenROAD-flow-scripts/flow/platforms/asap7/lib/NLDM/asap7sc7p5t_SIMPLE_RVT_SS_nldm_211120.lib.gz line 13255, timing group from output port.
[WARNING STA-1212] /OpenROAD-flow-scripts/flow/platforms/asap7/lib/NLDM/asap7sc7p5t_SIMPLE_RVT_SS_nldm_211120.lib.gz line 13288, timing group from output port.
[WARNING STA-1212] /OpenROAD-flow-scripts/flow/platforms/asap7/lib/NLDM/asap7sc7p5t_SIMPLE_RVT_SS_nldm_211120.lib.gz line 13321, timing group from output port.
[WARNING STA-1212] /OpenROAD-flow-scripts/flow/platforms/asap7/lib/NLDM/asap7sc7p5t_SIMPLE_RVT_SS_nldm_211120.lib.gz line 13354, timing group from output port.
[WARNING STA-1212] /OpenROAD-flow-scripts/flow/platforms/asap7/lib/NLDM/asap7sc7p5t_SIMPLE_RVT_SS_nldm_211120.lib.gz line 14748, timing group from output port.
[WARNING STA-1212] /OpenROAD-flow-scripts/flow/platforms/asap7/lib/NLDM/asap7sc7p5t_SIMPLE_RVT_SS_nldm_211120.lib.gz line 14781, timing group from output port.
[WARNING STA-1212] /OpenROAD-flow-scripts/flow/platforms/asap7/lib/NLDM/asap7sc7p5t_SIMPLE_RVT_SS_nldm_211120.lib.gz line 14814, timing group from output port.
[WARNING STA-1212] /OpenROAD-flow-scripts/flow/platforms/asap7/lib/NLDM/asap7sc7p5t_SIMPLE_RVT_FF_nldm_211120.lib.gz line 9184, timing group from output port.
[WARNING STA-1212] /OpenROAD-flow-scripts/flow/platforms/asap7/lib/NLDM/asap7sc7p5t_SIMPLE_RVT_FF_nldm_211120.lib.gz line 9217, timing group from output port.
[WARNING STA-1212] /OpenROAD-flow-scripts/flow/platforms/asap7/lib/NLDM/asap7sc7p5t_SIMPLE_RVT_FF_nldm_211120.lib.gz line 9250, timing group from output port.
[WARNING STA-1212] /OpenROAD-flow-scripts/flow/platforms/asap7/lib/NLDM/asap7sc7p5t_SIMPLE_RVT_FF_nldm_211120.lib.gz line 9283, timing group from output port.
[WARNING STA-1212] /OpenROAD-flow-scripts/flow/platforms/asap7/lib/NLDM/asap7sc7p5t_SIMPLE_RVT_FF_nldm_211120.lib.gz line 9316, timing group from output port.
[WARNING STA-1212] /OpenROAD-flow-scripts/flow/platforms/asap7/lib/NLDM/asap7sc7p5t_SIMPLE_RVT_FF_nldm_211120.lib.gz line 9349, timing group from output port.
[WARNING STA-1212] /OpenROAD-flow-scripts/flow/platforms/asap7/lib/NLDM/asap7sc7p5t_SIMPLE_RVT_FF_nldm_211120.lib.gz line 9382, timing group from output port.
[WARNING STA-1212] /OpenROAD-flow-scripts/flow/platforms/asap7/lib/NLDM/asap7sc7p5t_SIMPLE_RVT_FF_nldm_211120.lib.gz line 10518, timing group from output port.
[WARNING STA-1212] /OpenROAD-flow-scripts/flow/platforms/asap7/lib/NLDM/asap7sc7p5t_SIMPLE_RVT_FF_nldm_211120.lib.gz line 10551, timing group from output port.
[WARNING STA-1212] /OpenROAD-flow-scripts/flow/platforms/asap7/lib/NLDM/asap7sc7p5t_SIMPLE_RVT_FF_nldm_211120.lib.gz line 10584, timing group from output port.
PIN aon_clk M5 237792 0 237816 84 DBU=1000
PIN busy[0] M5 231456 126816 231480 126900 DBU=1000
PIN cfg_a[0] M5 237888 0 237912 84 DBU=1000
PIN cfg_a[1] M5 237984 0 238008 84 DBU=1000
PIN cfg_a[2] M5 238080 0 238104 84 DBU=1000
PIN cfg_a[3] M5 238176 0 238200 84 DBU=1000
PIN cfg_a[4] M5 238272 0 238296 84 DBU=1000
PIN cfg_d[0] M5 238368 0 238392 84 DBU=1000
PIN cfg_d[10] M5 239328 0 239352 84 DBU=1000
PIN cfg_d[11] M5 239424 0 239448 84 DBU=1000
PIN cfg_d[12] M5 239520 0 239544 84 DBU=1000
PIN cfg_d[13] M5 239616 0 239640 84 DBU=1000
PIN cfg_d[14] M5 239712 0 239736 84 DBU=1000
PIN cfg_d[15] M5 239808 0 239832 84 DBU=1000
PIN cfg_d[16] M5 239904 0 239928 84 DBU=1000
PIN cfg_d[17] M5 240000 0 240024 84 DBU=1000
PIN cfg_d[18] M5 240096 0 240120 84 DBU=1000
PIN cfg_d[19] M5 240192 0 240216 84 DBU=1000
PIN cfg_d[1] M5 238464 0 238488 84 DBU=1000
PIN cfg_d[20] M5 240288 0 240312 84 DBU=1000
PIN cfg_d[21] M5 240384 0 240408 84 DBU=1000
PIN cfg_d[22] M5 240480 0 240504 84 DBU=1000
PIN cfg_d[23] M5 240576 0 240600 84 DBU=1000
PIN cfg_d[24] M5 240672 0 240696 84 DBU=1000
PIN cfg_d[25] M5 240768 0 240792 84 DBU=1000
PIN cfg_d[26] M5 240864 0 240888 84 DBU=1000
PIN cfg_d[27] M5 240960 0 240984 84 DBU=1000
PIN cfg_d[28] M5 241056 0 241080 84 DBU=1000
PIN cfg_d[29] M5 241152 0 241176 84 DBU=1000
PIN cfg_d[2] M5 238560 0 238584 84 DBU=1000
PIN cfg_d[30] M5 241248 0 241272 84 DBU=1000
PIN cfg_d[31] M5 241344 0 241368 84 DBU=1000
PIN cfg_d[32] M5 241440 0 241464 84 DBU=1000
PIN cfg_d[33] M5 241536 0 241560 84 DBU=1000
PIN cfg_d[34] M5 241632 0 241656 84 DBU=1000
PIN cfg_d[35] M5 241728 0 241752 84 DBU=1000
PIN cfg_d[36] M5 241824 0 241848 84 DBU=1000
PIN cfg_d[37] M5 241920 0 241944 84 DBU=1000
PIN cfg_d[38] M5 242016 0 242040 84 DBU=1000
PIN cfg_d[39] M5 242112 0 242136 84 DBU=1000
PIN cfg_d[3] M5 238656 0 238680 84 DBU=1000
PIN cfg_d[40] M5 242208 0 242232 84 DBU=1000
PIN cfg_d[41] M5 242304 0 242328 84 DBU=1000
PIN cfg_d[42] M5 242400 0 242424 84 DBU=1000
PIN cfg_d[43] M5 242496 0 242520 84 DBU=1000
PIN cfg_d[44] M5 242592 0 242616 84 DBU=1000
PIN cfg_d[45] M5 242688 0 242712 84 DBU=1000
PIN cfg_d[46] M5 242784 0 242808 84 DBU=1000
PIN cfg_d[47] M5 242880 0 242904 84 DBU=1000
PIN cfg_d[4] M5 238752 0 238776 84 DBU=1000
PIN cfg_d[5] M5 238848 0 238872 84 DBU=1000
PIN cfg_d[6] M5 238944 0 238968 84 DBU=1000
PIN cfg_d[7] M5 239040 0 239064 84 DBU=1000
PIN cfg_d[8] M5 239136 0 239160 84 DBU=1000
PIN cfg_d[9] M5 239232 0 239256 84 DBU=1000
PIN cfg_v[0] M5 242976 0 243000 84 DBU=1000
PIN clk M5 243072 0 243096 84 DBU=1000
PIN fault[0] M5 231552 126816 231576 126900 DBU=1000
PIN go M5 243168 0 243192 84 DBU=1000
PIN perr[0] M5 231648 126816 231672 126900 DBU=1000
PIN perr[1] M5 231744 126816 231768 126900 DBU=1000
PIN pg_ack_to[0] M5 231840 126816 231864 126900 DBU=1000
PIN pg_ack_to[10] M5 232800 126816 232824 126900 DBU=1000
PIN pg_ack_to[11] M5 232896 126816 232920 126900 DBU=1000
PIN pg_ack_to[12] M5 232992 126816 233016 126900 DBU=1000
PIN pg_ack_to[13] M5 233088 126816 233112 126900 DBU=1000
PIN pg_ack_to[14] M5 233184 126816 233208 126900 DBU=1000
PIN pg_ack_to[15] M5 233280 126816 233304 126900 DBU=1000
PIN pg_ack_to[1] M5 231936 126816 231960 126900 DBU=1000
PIN pg_ack_to[2] M5 232032 126816 232056 126900 DBU=1000
PIN pg_ack_to[3] M5 232128 126816 232152 126900 DBU=1000
PIN pg_ack_to[4] M5 232224 126816 232248 126900 DBU=1000
PIN pg_ack_to[5] M5 232320 126816 232344 126900 DBU=1000
PIN pg_ack_to[6] M5 232416 126816 232440 126900 DBU=1000
PIN pg_ack_to[7] M5 232512 126816 232536 126900 DBU=1000
PIN pg_ack_to[8] M5 232608 126816 232632 126900 DBU=1000
PIN pg_ack_to[9] M5 232704 126816 232728 126900 DBU=1000
PIN pg_bet[0] M5 233376 126816 233400 126900 DBU=1000
PIN pg_bet[10] M5 234336 126816 234360 126900 DBU=1000
PIN pg_bet[11] M5 234432 126816 234456 126900 DBU=1000
PIN pg_bet[12] M5 234528 126816 234552 126900 DBU=1000
PIN pg_bet[13] M5 234624 126816 234648 126900 DBU=1000
PIN pg_bet[14] M5 234720 126816 234744 126900 DBU=1000
PIN pg_bet[15] M5 234816 126816 234840 126900 DBU=1000
PIN pg_bet[16] M5 234912 126816 234936 126900 DBU=1000
PIN pg_bet[17] M5 235008 126816 235032 126900 DBU=1000
PIN pg_bet[18] M5 235104 126816 235128 126900 DBU=1000
PIN pg_bet[19] M5 235200 126816 235224 126900 DBU=1000
PIN pg_bet[1] M5 233472 126816 233496 126900 DBU=1000
PIN pg_bet[20] M5 235296 126816 235320 126900 DBU=1000
PIN pg_bet[21] M5 235392 126816 235416 126900 DBU=1000
PIN pg_bet[22] M5 235488 126816 235512 126900 DBU=1000
PIN pg_bet[23] M5 235584 126816 235608 126900 DBU=1000
PIN pg_bet[2] M5 233568 126816 233592 126900 DBU=1000
PIN pg_bet[3] M5 233664 126816 233688 126900 DBU=1000
PIN pg_bet[4] M5 233760 126816 233784 126900 DBU=1000
PIN pg_bet[5] M5 233856 126816 233880 126900 DBU=1000
PIN pg_bet[6] M5 233952 126816 233976 126900 DBU=1000
PIN pg_bet[7] M5 234048 126816 234072 126900 DBU=1000
PIN pg_bet[8] M5 234144 126816 234168 126900 DBU=1000
PIN pg_bet[9] M5 234240 126816 234264 126900 DBU=1000
PIN pg_en M5 235680 126816 235704 126900 DBU=1000
PIN pg_fault M5 235776 126816 235800 126900 DBU=1000
PIN pg_idle[0] M5 235872 126816 235896 126900 DBU=1000
PIN pg_idle[1] M5 235968 126816 235992 126900 DBU=1000
PIN pg_idle[2] M5 236064 126816 236088 126900 DBU=1000
PIN pg_idle[3] M5 236160 126816 236184 126900 DBU=1000
PIN pg_idle[4] M5 236256 126816 236280 126900 DBU=1000
PIN pg_idle[5] M5 236352 126816 236376 126900 DBU=1000
PIN pg_idle[6] M5 236448 126816 236472 126900 DBU=1000
PIN pg_idle[7] M5 236544 126816 236568 126900 DBU=1000
PIN pg_late M5 236640 126816 236664 126900 DBU=1000
PIN pg_lead[0] M5 236736 126816 236760 126900 DBU=1000
PIN pg_lead[10] M5 237696 126816 237720 126900 DBU=1000
PIN pg_lead[11] M5 237792 126816 237816 126900 DBU=1000
PIN pg_lead[12] M5 237888 126816 237912 126900 DBU=1000
PIN pg_lead[13] M5 237984 126816 238008 126900 DBU=1000
PIN pg_lead[14] M5 238080 126816 238104 126900 DBU=1000
PIN pg_lead[15] M5 238176 126816 238200 126900 DBU=1000
PIN pg_lead[16] M5 238272 126816 238296 126900 DBU=1000
PIN pg_lead[17] M5 238368 126816 238392 126900 DBU=1000
PIN pg_lead[18] M5 238464 126816 238488 126900 DBU=1000
PIN pg_lead[19] M5 238560 126816 238584 126900 DBU=1000
PIN pg_lead[1] M5 236832 126816 236856 126900 DBU=1000
PIN pg_lead[20] M5 238656 126816 238680 126900 DBU=1000
PIN pg_lead[21] M5 238752 126816 238776 126900 DBU=1000
PIN pg_lead[22] M5 238848 126816 238872 126900 DBU=1000
PIN pg_lead[23] M5 238944 126816 238968 126900 DBU=1000
PIN pg_lead[2] M5 236928 126816 236952 126900 DBU=1000
PIN pg_lead[3] M5 237024 126816 237048 126900 DBU=1000
PIN pg_lead[4] M5 237120 126816 237144 126900 DBU=1000
PIN pg_lead[5] M5 237216 126816 237240 126900 DBU=1000
PIN pg_lead[6] M5 237312 126816 237336 126900 DBU=1000
PIN pg_lead[7] M5 237408 126816 237432 126900 DBU=1000
PIN pg_lead[8] M5 237504 126816 237528 126900 DBU=1000
PIN pg_lead[9] M5 237600 126816 237624 126900 DBU=1000
PIN pg_ready M5 239040 126816 239064 126900 DBU=1000
PIN pg_rst[0] M5 239136 126816 239160 126900 DBU=1000
PIN pg_rst[1] M5 239232 126816 239256 126900 DBU=1000
PIN pg_rst[2] M5 239328 126816 239352 126900 DBU=1000
PIN pg_rst[3] M5 239424 126816 239448 126900 DBU=1000
PIN pg_rst[4] M5 239520 126816 239544 126900 DBU=1000
PIN pg_rst[5] M5 239616 126816 239640 126900 DBU=1000
PIN pg_rst[6] M5 239712 126816 239736 126900 DBU=1000
PIN pg_rst[7] M5 239808 126816 239832 126900 DBU=1000
PIN pg_step[0] M5 239904 126816 239928 126900 DBU=1000
PIN pg_step[10] M5 240864 126816 240888 126900 DBU=1000
PIN pg_step[11] M5 240960 126816 240984 126900 DBU=1000
PIN pg_step[12] M5 241056 126816 241080 126900 DBU=1000
PIN pg_step[13] M5 241152 126816 241176 126900 DBU=1000
PIN pg_step[14] M5 241248 126816 241272 126900 DBU=1000
PIN pg_step[15] M5 241344 126816 241368 126900 DBU=1000
PIN pg_step[1] M5 240000 126816 240024 126900 DBU=1000
PIN pg_step[2] M5 240096 126816 240120 126900 DBU=1000
PIN pg_step[3] M5 240192 126816 240216 126900 DBU=1000
PIN pg_step[4] M5 240288 126816 240312 126900 DBU=1000
PIN pg_step[5] M5 240384 126816 240408 126900 DBU=1000
PIN pg_step[6] M5 240480 126816 240504 126900 DBU=1000
PIN pg_step[7] M5 240576 126816 240600 126900 DBU=1000
PIN pg_step[8] M5 240672 126816 240696 126900 DBU=1000
PIN pg_step[9] M5 240768 126816 240792 126900 DBU=1000
PIN pnseg[0] M5 241440 126816 241464 126900 DBU=1000
PIN pnseg[1] M5 241536 126816 241560 126900 DBU=1000
PIN pnseg[2] M5 241632 126816 241656 126900 DBU=1000
PIN pnseg[3] M5 241728 126816 241752 126900 DBU=1000
PIN pnseg[4] M5 241824 126816 241848 126900 DBU=1000
PIN pnseg[5] M5 241920 126816 241944 126900 DBU=1000
PIN pnseg[6] M5 242016 126816 242040 126900 DBU=1000
PIN pnseg[7] M5 242112 126816 242136 126900 DBU=1000
PIN pnseg[8] M5 242208 126816 242232 126900 DBU=1000
PIN pnseg[9] M5 242304 126816 242328 126900 DBU=1000
PIN ppos[0] M5 242400 126816 242424 126900 DBU=1000
PIN ppos[1] M5 242496 126816 242520 126900 DBU=1000
PIN ppos[2] M5 242592 126816 242616 126900 DBU=1000
PIN ppos[3] M5 242688 126816 242712 126900 DBU=1000
PIN ppos[4] M5 242784 126816 242808 126900 DBU=1000
PIN ppos[5] M5 242880 126816 242904 126900 DBU=1000
PIN prow[0] M5 242976 126816 243000 126900 DBU=1000
PIN prow[10] M5 243936 126816 243960 126900 DBU=1000
PIN prow[11] M5 244032 126816 244056 126900 DBU=1000
PIN prow[12] M5 244128 126816 244152 126900 DBU=1000
PIN prow[13] M5 244224 126816 244248 126900 DBU=1000
PIN prow[14] M5 244320 126816 244344 126900 DBU=1000
PIN prow[15] M5 244416 126816 244440 126900 DBU=1000
PIN prow[16] M5 244512 126816 244536 126900 DBU=1000
PIN prow[17] M5 244608 126816 244632 126900 DBU=1000
PIN prow[18] M5 244704 126816 244728 126900 DBU=1000
PIN prow[19] M5 244800 126816 244824 126900 DBU=1000
PIN prow[1] M5 243072 126816 243096 126900 DBU=1000
PIN prow[20] M5 244896 126816 244920 126900 DBU=1000
PIN prow[21] M5 244992 126816 245016 126900 DBU=1000
PIN prow[22] M5 245088 126816 245112 126900 DBU=1000
PIN prow[23] M5 245184 126816 245208 126900 DBU=1000
PIN prow[24] M5 245280 126816 245304 126900 DBU=1000
PIN prow[25] M5 245376 126816 245400 126900 DBU=1000
PIN prow[26] M5 245472 126816 245496 126900 DBU=1000
PIN prow[27] M5 245568 126816 245592 126900 DBU=1000
PIN prow[28] M5 245664 126816 245688 126900 DBU=1000
PIN prow[29] M5 245760 126816 245784 126900 DBU=1000
PIN prow[2] M5 243168 126816 243192 126900 DBU=1000
PIN prow[30] M5 245856 126816 245880 126900 DBU=1000
PIN prow[31] M5 245952 126816 245976 126900 DBU=1000
PIN prow[3] M5 243264 126816 243288 126900 DBU=1000
PIN prow[4] M5 243360 126816 243384 126900 DBU=1000
PIN prow[5] M5 243456 126816 243480 126900 DBU=1000
PIN prow[6] M5 243552 126816 243576 126900 DBU=1000
PIN prow[7] M5 243648 126816 243672 126900 DBU=1000
PIN prow[8] M5 243744 126816 243768 126900 DBU=1000
PIN prow[9] M5 243840 126816 243864 126900 DBU=1000
PIN pseg[0] M5 246048 126816 246072 126900 DBU=1000
PIN pseg[1] M5 246144 126816 246168 126900 DBU=1000
PIN pseg[2] M5 246240 126816 246264 126900 DBU=1000
PIN pseg[3] M5 246336 126816 246360 126900 DBU=1000
PIN pseg[4] M5 246432 126816 246456 126900 DBU=1000
PIN pseg[5] M5 246528 126816 246552 126900 DBU=1000
PIN pseg[6] M5 246624 126816 246648 126900 DBU=1000
PIN pseg[7] M5 246720 126816 246744 126900 DBU=1000
PIN pseg[8] M5 246816 126816 246840 126900 DBU=1000
PIN pseg[9] M5 246912 126816 246936 126900 DBU=1000
PIN pv[0] M5 247008 126816 247032 126900 DBU=1000
PIN pv[1] M5 247104 126816 247128 126900 DBU=1000
PIN pval[0] M5 247200 126816 247224 126900 DBU=1000
PIN pval[10] M5 248160 126816 248184 126900 DBU=1000
PIN pval[11] M5 248256 126816 248280 126900 DBU=1000
PIN pval[12] M5 248352 126816 248376 126900 DBU=1000
PIN pval[13] M5 248448 126816 248472 126900 DBU=1000
PIN pval[14] M5 248544 126816 248568 126900 DBU=1000
PIN pval[15] M5 248640 126816 248664 126900 DBU=1000
PIN pval[16] M5 248736 126816 248760 126900 DBU=1000
PIN pval[17] M5 248832 126816 248856 126900 DBU=1000
PIN pval[18] M5 248928 126816 248952 126900 DBU=1000
PIN pval[19] M5 249024 126816 249048 126900 DBU=1000
PIN pval[1] M5 247296 126816 247320 126900 DBU=1000
PIN pval[20] M5 249120 126816 249144 126900 DBU=1000
PIN pval[21] M5 249216 126816 249240 126900 DBU=1000
PIN pval[22] M5 249312 126816 249336 126900 DBU=1000
PIN pval[23] M5 249408 126816 249432 126900 DBU=1000
PIN pval[24] M5 249504 126816 249528 126900 DBU=1000
PIN pval[25] M5 249600 126816 249624 126900 DBU=1000
PIN pval[26] M5 249696 126816 249720 126900 DBU=1000
PIN pval[27] M5 249792 126816 249816 126900 DBU=1000
PIN pval[28] M5 249888 126816 249912 126900 DBU=1000
PIN pval[29] M5 249984 126816 250008 126900 DBU=1000
PIN pval[2] M5 247392 126816 247416 126900 DBU=1000
PIN pval[30] M5 250080 126816 250104 126900 DBU=1000
PIN pval[31] M5 250176 126816 250200 126900 DBU=1000
PIN pval[32] M5 250272 126816 250296 126900 DBU=1000
PIN pval[33] M5 250368 126816 250392 126900 DBU=1000
PIN pval[34] M5 250464 126816 250488 126900 DBU=1000
PIN pval[35] M5 250560 126816 250584 126900 DBU=1000
PIN pval[36] M5 250656 126816 250680 126900 DBU=1000
PIN pval[37] M5 250752 126816 250776 126900 DBU=1000
PIN pval[38] M5 250848 126816 250872 126900 DBU=1000
PIN pval[39] M5 250944 126816 250968 126900 DBU=1000
PIN pval[3] M5 247488 126816 247512 126900 DBU=1000
PIN pval[40] M5 251040 126816 251064 126900 DBU=1000
PIN pval[41] M5 251136 126816 251160 126900 DBU=1000
PIN pval[42] M5 251232 126816 251256 126900 DBU=1000
PIN pval[43] M5 251328 126816 251352 126900 DBU=1000
PIN pval[44] M5 251424 126816 251448 126900 DBU=1000
PIN pval[45] M5 251520 126816 251544 126900 DBU=1000
PIN pval[46] M5 251616 126816 251640 126900 DBU=1000
PIN pval[47] M5 251712 126816 251736 126900 DBU=1000
PIN pval[48] M5 251808 126816 251832 126900 DBU=1000
PIN pval[49] M5 251904 126816 251928 126900 DBU=1000
PIN pval[4] M5 247584 126816 247608 126900 DBU=1000
PIN pval[50] M5 252000 126816 252024 126900 DBU=1000
PIN pval[51] M5 252096 126816 252120 126900 DBU=1000
PIN pval[52] M5 252192 126816 252216 126900 DBU=1000
PIN pval[53] M5 252288 126816 252312 126900 DBU=1000
PIN pval[54] M5 252384 126816 252408 126900 DBU=1000
PIN pval[55] M5 252480 126816 252504 126900 DBU=1000
PIN pval[56] M5 252576 126816 252600 126900 DBU=1000
PIN pval[57] M5 252672 126816 252696 126900 DBU=1000
PIN pval[58] M5 252768 126816 252792 126900 DBU=1000
PIN pval[59] M5 252864 126816 252888 126900 DBU=1000
PIN pval[5] M5 247680 126816 247704 126900 DBU=1000
PIN pval[60] M5 252960 126816 252984 126900 DBU=1000
PIN pval[61] M5 253056 126816 253080 126900 DBU=1000
PIN pval[62] M5 253152 126816 253176 126900 DBU=1000
PIN pval[63] M5 253248 126816 253272 126900 DBU=1000
PIN pval[6] M5 247776 126816 247800 126900 DBU=1000
PIN pval[7] M5 247872 126816 247896 126900 DBU=1000
PIN pval[8] M5 247968 126816 247992 126900 DBU=1000
PIN pval[9] M5 248064 126816 248088 126900 DBU=1000
PIN rst_n M5 243264 0 243288 84 DBU=1000
PIN sched_gap[0] M5 243360 0 243384 84 DBU=1000
PIN sched_gap[10] M5 244320 0 244344 84 DBU=1000
PIN sched_gap[11] M5 244416 0 244440 84 DBU=1000
PIN sched_gap[12] M5 244512 0 244536 84 DBU=1000
PIN sched_gap[13] M5 244608 0 244632 84 DBU=1000
PIN sched_gap[14] M5 244704 0 244728 84 DBU=1000
PIN sched_gap[15] M5 244800 0 244824 84 DBU=1000
PIN sched_gap[16] M5 244896 0 244920 84 DBU=1000
PIN sched_gap[17] M5 244992 0 245016 84 DBU=1000
PIN sched_gap[18] M5 245088 0 245112 84 DBU=1000
PIN sched_gap[19] M5 245184 0 245208 84 DBU=1000
PIN sched_gap[1] M5 243456 0 243480 84 DBU=1000
PIN sched_gap[20] M5 245280 0 245304 84 DBU=1000
PIN sched_gap[21] M5 245376 0 245400 84 DBU=1000
PIN sched_gap[22] M5 245472 0 245496 84 DBU=1000
PIN sched_gap[23] M5 245568 0 245592 84 DBU=1000
PIN sched_gap[2] M5 243552 0 243576 84 DBU=1000
PIN sched_gap[3] M5 243648 0 243672 84 DBU=1000
PIN sched_gap[4] M5 243744 0 243768 84 DBU=1000
PIN sched_gap[5] M5 243840 0 243864 84 DBU=1000
PIN sched_gap[6] M5 243936 0 243960 84 DBU=1000
PIN sched_gap[7] M5 244032 0 244056 84 DBU=1000
PIN sched_gap[8] M5 244128 0 244152 84 DBU=1000
PIN sched_gap[9] M5 244224 0 244248 84 DBU=1000
PIN sched_v M5 245664 0 245688 84 DBU=1000
PIN sw_ack[0] M5 253344 126816 253368 126900 DBU=1000
PIN sw_ack[1] M5 253440 126816 253464 126900 DBU=1000
PIN sw_ack[2] M5 253536 126816 253560 126900 DBU=1000
PIN sw_ack[3] M5 253632 126816 253656 126900 DBU=1000
PIN sw_en[0] M5 253728 126816 253752 126900 DBU=1000
PIN sw_en[1] M5 253824 126816 253848 126900 DBU=1000
PIN sw_en[2] M5 253920 126816 253944 126900 DBU=1000
PIN sw_en[3] M5 254016 126816 254040 126900 DBU=1000
PIN xs_b[0] M5 245760 0 245784 84 DBU=1000
PIN xs_b[1] M5 245856 0 245880 84 DBU=1000
PIN xs_b[2] M5 245952 0 245976 84 DBU=1000
PIN xs_e0[0] M5 246048 0 246072 84 DBU=1000
PIN xs_e0[1] M5 246144 0 246168 84 DBU=1000
PIN xs_e0[2] M5 246240 0 246264 84 DBU=1000
PIN xs_e0[3] M5 246336 0 246360 84 DBU=1000
PIN xs_e0[4] M5 246432 0 246456 84 DBU=1000
PIN xs_e0[5] M5 246528 0 246552 84 DBU=1000
PIN xs_e0[6] M5 246624 0 246648 84 DBU=1000
PIN xs_e0[7] M5 246720 0 246744 84 DBU=1000
PIN xs_e0[8] M5 246816 0 246840 84 DBU=1000
PIN xs_e0[9] M5 246912 0 246936 84 DBU=1000
PIN xs_e1[0] M5 254112 126816 254136 126900 DBU=1000
PIN xs_e1[1] M5 254208 126816 254232 126900 DBU=1000
PIN xs_e1[2] M5 254304 126816 254328 126900 DBU=1000
PIN xs_e1[3] M5 254400 126816 254424 126900 DBU=1000
PIN xs_e1[4] M5 254496 126816 254520 126900 DBU=1000
PIN xs_e1[5] M5 254592 126816 254616 126900 DBU=1000
PIN xs_e1[6] M5 254688 126816 254712 126900 DBU=1000
PIN xs_e1[7] M5 254784 126816 254808 126900 DBU=1000
PIN xs_e1[8] M5 254880 126816 254904 126900 DBU=1000
PIN xs_e1[9] M5 254976 126816 255000 126900 DBU=1000
PIN xs_p[0] M5 247008 0 247032 84 DBU=1000
PIN xs_p[1] M5 247104 0 247128 84 DBU=1000
PIN xs_p[2] M5 247200 0 247224 84 DBU=1000
PIN xs_p[3] M5 247296 0 247320 84 DBU=1000
PIN xs_p[4] M5 247392 0 247416 84 DBU=1000
PIN xs_p[5] M5 247488 0 247512 84 DBU=1000
PIN xs_p[6] M5 247584 0 247608 84 DBU=1000
PIN xs_p[7] M5 247680 0 247704 84 DBU=1000
PIN xs_pos[0] M5 247776 0 247800 84 DBU=1000
PIN xs_pos[1] M5 247872 0 247896 84 DBU=1000
PIN xs_pos[2] M5 247968 0 247992 84 DBU=1000
PIN xs_q0[0] M5 248064 0 248088 84 DBU=1000
PIN xs_q0[100] M5 257664 0 257688 84 DBU=1000
PIN xs_q0[101] M5 257760 0 257784 84 DBU=1000
PIN xs_q0[102] M5 257856 0 257880 84 DBU=1000
PIN xs_q0[103] M5 257952 0 257976 84 DBU=1000
PIN xs_q0[104] M5 258048 0 258072 84 DBU=1000
PIN xs_q0[105] M5 258144 0 258168 84 DBU=1000
PIN xs_q0[106] M5 258240 0 258264 84 DBU=1000
PIN xs_q0[107] M5 258336 0 258360 84 DBU=1000
PIN xs_q0[108] M5 258432 0 258456 84 DBU=1000
PIN xs_q0[109] M5 258528 0 258552 84 DBU=1000
PIN xs_q0[10] M5 249024 0 249048 84 DBU=1000
PIN xs_q0[110] M5 258624 0 258648 84 DBU=1000
PIN xs_q0[111] M5 258720 0 258744 84 DBU=1000
PIN xs_q0[112] M5 258816 0 258840 84 DBU=1000
PIN xs_q0[113] M5 258912 0 258936 84 DBU=1000
PIN xs_q0[114] M5 259008 0 259032 84 DBU=1000
PIN xs_q0[115] M5 259104 0 259128 84 DBU=1000
PIN xs_q0[116] M5 259200 0 259224 84 DBU=1000
PIN xs_q0[117] M5 259296 0 259320 84 DBU=1000
PIN xs_q0[118] M5 259392 0 259416 84 DBU=1000
PIN xs_q0[119] M5 259488 0 259512 84 DBU=1000
PIN xs_q0[11] M5 249120 0 249144 84 DBU=1000
PIN xs_q0[120] M5 259584 0 259608 84 DBU=1000
PIN xs_q0[121] M5 259680 0 259704 84 DBU=1000
PIN xs_q0[122] M5 259776 0 259800 84 DBU=1000
PIN xs_q0[123] M5 259872 0 259896 84 DBU=1000
PIN xs_q0[124] M5 259968 0 259992 84 DBU=1000
PIN xs_q0[125] M5 260064 0 260088 84 DBU=1000
PIN xs_q0[126] M5 260160 0 260184 84 DBU=1000
PIN xs_q0[127] M5 260256 0 260280 84 DBU=1000
PIN xs_q0[128] M5 260352 0 260376 84 DBU=1000
PIN xs_q0[129] M5 260448 0 260472 84 DBU=1000
PIN xs_q0[12] M5 249216 0 249240 84 DBU=1000
PIN xs_q0[130] M5 260544 0 260568 84 DBU=1000
PIN xs_q0[131] M5 260640 0 260664 84 DBU=1000
PIN xs_q0[132] M5 260736 0 260760 84 DBU=1000
PIN xs_q0[133] M5 260832 0 260856 84 DBU=1000
PIN xs_q0[134] M5 260928 0 260952 84 DBU=1000
PIN xs_q0[135] M5 261024 0 261048 84 DBU=1000
PIN xs_q0[136] M5 261120 0 261144 84 DBU=1000
PIN xs_q0[137] M5 261216 0 261240 84 DBU=1000
PIN xs_q0[138] M5 261312 0 261336 84 DBU=1000
PIN xs_q0[139] M5 261408 0 261432 84 DBU=1000
PIN xs_q0[13] M5 249312 0 249336 84 DBU=1000
PIN xs_q0[140] M5 261504 0 261528 84 DBU=1000
PIN xs_q0[141] M5 261600 0 261624 84 DBU=1000
PIN xs_q0[142] M5 261696 0 261720 84 DBU=1000
PIN xs_q0[143] M5 261792 0 261816 84 DBU=1000
PIN xs_q0[144] M5 261888 0 261912 84 DBU=1000
PIN xs_q0[145] M5 261984 0 262008 84 DBU=1000
PIN xs_q0[146] M5 262080 0 262104 84 DBU=1000
PIN xs_q0[147] M5 262176 0 262200 84 DBU=1000
PIN xs_q0[148] M5 262272 0 262296 84 DBU=1000
PIN xs_q0[149] M5 262368 0 262392 84 DBU=1000
PIN xs_q0[14] M5 249408 0 249432 84 DBU=1000
PIN xs_q0[150] M5 262464 0 262488 84 DBU=1000
PIN xs_q0[151] M5 262560 0 262584 84 DBU=1000
PIN xs_q0[152] M5 262656 0 262680 84 DBU=1000
PIN xs_q0[153] M5 262752 0 262776 84 DBU=1000
PIN xs_q0[154] M5 262848 0 262872 84 DBU=1000
PIN xs_q0[155] M5 262944 0 262968 84 DBU=1000
PIN xs_q0[156] M5 263040 0 263064 84 DBU=1000
PIN xs_q0[157] M5 263136 0 263160 84 DBU=1000
PIN xs_q0[158] M5 263232 0 263256 84 DBU=1000
PIN xs_q0[159] M5 263328 0 263352 84 DBU=1000
PIN xs_q0[15] M5 249504 0 249528 84 DBU=1000
PIN xs_q0[160] M5 263424 0 263448 84 DBU=1000
PIN xs_q0[161] M5 263520 0 263544 84 DBU=1000
PIN xs_q0[162] M5 263616 0 263640 84 DBU=1000
PIN xs_q0[163] M5 263712 0 263736 84 DBU=1000
PIN xs_q0[164] M5 263808 0 263832 84 DBU=1000
PIN xs_q0[165] M5 263904 0 263928 84 DBU=1000
PIN xs_q0[166] M5 264000 0 264024 84 DBU=1000
PIN xs_q0[167] M5 264096 0 264120 84 DBU=1000
PIN xs_q0[168] M5 264192 0 264216 84 DBU=1000
PIN xs_q0[169] M5 264288 0 264312 84 DBU=1000
PIN xs_q0[16] M5 249600 0 249624 84 DBU=1000
PIN xs_q0[170] M5 264384 0 264408 84 DBU=1000
PIN xs_q0[171] M5 264480 0 264504 84 DBU=1000
PIN xs_q0[172] M5 264576 0 264600 84 DBU=1000
PIN xs_q0[173] M5 264672 0 264696 84 DBU=1000
PIN xs_q0[174] M5 264768 0 264792 84 DBU=1000
PIN xs_q0[175] M5 264864 0 264888 84 DBU=1000
PIN xs_q0[176] M5 264960 0 264984 84 DBU=1000
PIN xs_q0[177] M5 265056 0 265080 84 DBU=1000
PIN xs_q0[178] M5 265152 0 265176 84 DBU=1000
PIN xs_q0[179] M5 265248 0 265272 84 DBU=1000
PIN xs_q0[17] M5 249696 0 249720 84 DBU=1000
PIN xs_q0[180] M5 265344 0 265368 84 DBU=1000
PIN xs_q0[181] M5 265440 0 265464 84 DBU=1000
PIN xs_q0[182] M5 265536 0 265560 84 DBU=1000
PIN xs_q0[183] M5 265632 0 265656 84 DBU=1000
PIN xs_q0[184] M5 265728 0 265752 84 DBU=1000
PIN xs_q0[185] M5 265824 0 265848 84 DBU=1000
PIN xs_q0[186] M5 265920 0 265944 84 DBU=1000
PIN xs_q0[187] M5 266016 0 266040 84 DBU=1000
PIN xs_q0[188] M5 266112 0 266136 84 DBU=1000
PIN xs_q0[189] M5 266208 0 266232 84 DBU=1000
PIN xs_q0[18] M5 249792 0 249816 84 DBU=1000
PIN xs_q0[190] M5 266304 0 266328 84 DBU=1000
PIN xs_q0[191] M5 266400 0 266424 84 DBU=1000
PIN xs_q0[192] M5 266496 0 266520 84 DBU=1000
PIN xs_q0[193] M5 266592 0 266616 84 DBU=1000
PIN xs_q0[194] M5 266688 0 266712 84 DBU=1000
PIN xs_q0[195] M5 266784 0 266808 84 DBU=1000
PIN xs_q0[196] M5 266880 0 266904 84 DBU=1000
PIN xs_q0[197] M5 266976 0 267000 84 DBU=1000
PIN xs_q0[198] M5 267072 0 267096 84 DBU=1000
PIN xs_q0[199] M5 267168 0 267192 84 DBU=1000
PIN xs_q0[19] M5 249888 0 249912 84 DBU=1000
PIN xs_q0[1] M5 248160 0 248184 84 DBU=1000
PIN xs_q0[200] M5 267264 0 267288 84 DBU=1000
PIN xs_q0[201] M5 267360 0 267384 84 DBU=1000
PIN xs_q0[202] M5 267456 0 267480 84 DBU=1000
PIN xs_q0[203] M5 267552 0 267576 84 DBU=1000
PIN xs_q0[204] M5 267648 0 267672 84 DBU=1000
PIN xs_q0[205] M5 267744 0 267768 84 DBU=1000
PIN xs_q0[206] M5 267840 0 267864 84 DBU=1000
PIN xs_q0[207] M5 267936 0 267960 84 DBU=1000
PIN xs_q0[208] M5 268032 0 268056 84 DBU=1000
PIN xs_q0[209] M5 268128 0 268152 84 DBU=1000
PIN xs_q0[20] M5 249984 0 250008 84 DBU=1000
PIN xs_q0[210] M5 268224 0 268248 84 DBU=1000
PIN xs_q0[211] M5 268320 0 268344 84 DBU=1000
PIN xs_q0[212] M5 268416 0 268440 84 DBU=1000
PIN xs_q0[213] M5 268512 0 268536 84 DBU=1000
PIN xs_q0[214] M5 268608 0 268632 84 DBU=1000
PIN xs_q0[215] M5 268704 0 268728 84 DBU=1000
PIN xs_q0[216] M5 268800 0 268824 84 DBU=1000
PIN xs_q0[217] M5 268896 0 268920 84 DBU=1000
PIN xs_q0[218] M5 268992 0 269016 84 DBU=1000
PIN xs_q0[219] M5 269088 0 269112 84 DBU=1000
PIN xs_q0[21] M5 250080 0 250104 84 DBU=1000
PIN xs_q0[220] M5 269184 0 269208 84 DBU=1000
PIN xs_q0[221] M5 269280 0 269304 84 DBU=1000
PIN xs_q0[222] M5 269376 0 269400 84 DBU=1000
PIN xs_q0[223] M5 269472 0 269496 84 DBU=1000
PIN xs_q0[224] M5 269568 0 269592 84 DBU=1000
PIN xs_q0[225] M5 269664 0 269688 84 DBU=1000
PIN xs_q0[226] M5 269760 0 269784 84 DBU=1000
PIN xs_q0[227] M5 269856 0 269880 84 DBU=1000
PIN xs_q0[228] M5 269952 0 269976 84 DBU=1000
PIN xs_q0[229] M5 270048 0 270072 84 DBU=1000
PIN xs_q0[22] M5 250176 0 250200 84 DBU=1000
PIN xs_q0[230] M5 270144 0 270168 84 DBU=1000
PIN xs_q0[231] M5 270240 0 270264 84 DBU=1000
PIN xs_q0[232] M5 270336 0 270360 84 DBU=1000
PIN xs_q0[233] M5 270432 0 270456 84 DBU=1000
PIN xs_q0[234] M5 270528 0 270552 84 DBU=1000
PIN xs_q0[235] M5 270624 0 270648 84 DBU=1000
PIN xs_q0[236] M5 270720 0 270744 84 DBU=1000
PIN xs_q0[237] M5 270816 0 270840 84 DBU=1000
PIN xs_q0[238] M5 270912 0 270936 84 DBU=1000
PIN xs_q0[239] M5 271008 0 271032 84 DBU=1000
PIN xs_q0[23] M5 250272 0 250296 84 DBU=1000
PIN xs_q0[240] M5 271104 0 271128 84 DBU=1000
PIN xs_q0[241] M5 271200 0 271224 84 DBU=1000
PIN xs_q0[242] M5 271296 0 271320 84 DBU=1000
PIN xs_q0[243] M5 271392 0 271416 84 DBU=1000
PIN xs_q0[244] M5 271488 0 271512 84 DBU=1000
PIN xs_q0[245] M5 271584 0 271608 84 DBU=1000
PIN xs_q0[246] M5 271680 0 271704 84 DBU=1000
PIN xs_q0[247] M5 271776 0 271800 84 DBU=1000
PIN xs_q0[248] M5 271872 0 271896 84 DBU=1000
PIN xs_q0[249] M5 271968 0 271992 84 DBU=1000
PIN xs_q0[24] M5 250368 0 250392 84 DBU=1000
PIN xs_q0[250] M5 272064 0 272088 84 DBU=1000
PIN xs_q0[251] M5 272160 0 272184 84 DBU=1000
PIN xs_q0[252] M5 272256 0 272280 84 DBU=1000
PIN xs_q0[253] M5 272352 0 272376 84 DBU=1000
PIN xs_q0[254] M5 272448 0 272472 84 DBU=1000
PIN xs_q0[255] M5 272544 0 272568 84 DBU=1000
PIN xs_q0[25] M5 250464 0 250488 84 DBU=1000
PIN xs_q0[26] M5 250560 0 250584 84 DBU=1000
PIN xs_q0[27] M5 250656 0 250680 84 DBU=1000
PIN xs_q0[28] M5 250752 0 250776 84 DBU=1000
PIN xs_q0[29] M5 250848 0 250872 84 DBU=1000
PIN xs_q0[2] M5 248256 0 248280 84 DBU=1000
PIN xs_q0[30] M5 250944 0 250968 84 DBU=1000
PIN xs_q0[31] M5 251040 0 251064 84 DBU=1000
PIN xs_q0[32] M5 251136 0 251160 84 DBU=1000
PIN xs_q0[33] M5 251232 0 251256 84 DBU=1000
PIN xs_q0[34] M5 251328 0 251352 84 DBU=1000
PIN xs_q0[35] M5 251424 0 251448 84 DBU=1000
PIN xs_q0[36] M5 251520 0 251544 84 DBU=1000
PIN xs_q0[37] M5 251616 0 251640 84 DBU=1000
PIN xs_q0[38] M5 251712 0 251736 84 DBU=1000
PIN xs_q0[39] M5 251808 0 251832 84 DBU=1000
PIN xs_q0[3] M5 248352 0 248376 84 DBU=1000
PIN xs_q0[40] M5 251904 0 251928 84 DBU=1000
PIN xs_q0[41] M5 252000 0 252024 84 DBU=1000
PIN xs_q0[42] M5 252096 0 252120 84 DBU=1000
PIN xs_q0[43] M5 252192 0 252216 84 DBU=1000
PIN xs_q0[44] M5 252288 0 252312 84 DBU=1000
PIN xs_q0[45] M5 252384 0 252408 84 DBU=1000
PIN xs_q0[46] M5 252480 0 252504 84 DBU=1000
PIN xs_q0[47] M5 252576 0 252600 84 DBU=1000
PIN xs_q0[48] M5 252672 0 252696 84 DBU=1000
PIN xs_q0[49] M5 252768 0 252792 84 DBU=1000
PIN xs_q0[4] M5 248448 0 248472 84 DBU=1000
PIN xs_q0[50] M5 252864 0 252888 84 DBU=1000
PIN xs_q0[51] M5 252960 0 252984 84 DBU=1000
PIN xs_q0[52] M5 253056 0 253080 84 DBU=1000
PIN xs_q0[53] M5 253152 0 253176 84 DBU=1000
PIN xs_q0[54] M5 253248 0 253272 84 DBU=1000
PIN xs_q0[55] M5 253344 0 253368 84 DBU=1000
PIN xs_q0[56] M5 253440 0 253464 84 DBU=1000
PIN xs_q0[57] M5 253536 0 253560 84 DBU=1000
PIN xs_q0[58] M5 253632 0 253656 84 DBU=1000
PIN xs_q0[59] M5 253728 0 253752 84 DBU=1000
PIN xs_q0[5] M5 248544 0 248568 84 DBU=1000
PIN xs_q0[60] M5 253824 0 253848 84 DBU=1000
PIN xs_q0[61] M5 253920 0 253944 84 DBU=1000
PIN xs_q0[62] M5 254016 0 254040 84 DBU=1000
PIN xs_q0[63] M5 254112 0 254136 84 DBU=1000
PIN xs_q0[64] M5 254208 0 254232 84 DBU=1000
PIN xs_q0[65] M5 254304 0 254328 84 DBU=1000
PIN xs_q0[66] M5 254400 0 254424 84 DBU=1000
PIN xs_q0[67] M5 254496 0 254520 84 DBU=1000
PIN xs_q0[68] M5 254592 0 254616 84 DBU=1000
PIN xs_q0[69] M5 254688 0 254712 84 DBU=1000
PIN xs_q0[6] M5 248640 0 248664 84 DBU=1000
PIN xs_q0[70] M5 254784 0 254808 84 DBU=1000
PIN xs_q0[71] M5 254880 0 254904 84 DBU=1000
PIN xs_q0[72] M5 254976 0 255000 84 DBU=1000
PIN xs_q0[73] M5 255072 0 255096 84 DBU=1000
PIN xs_q0[74] M5 255168 0 255192 84 DBU=1000
PIN xs_q0[75] M5 255264 0 255288 84 DBU=1000
PIN xs_q0[76] M5 255360 0 255384 84 DBU=1000
PIN xs_q0[77] M5 255456 0 255480 84 DBU=1000
PIN xs_q0[78] M5 255552 0 255576 84 DBU=1000
PIN xs_q0[79] M5 255648 0 255672 84 DBU=1000
PIN xs_q0[7] M5 248736 0 248760 84 DBU=1000
PIN xs_q0[80] M5 255744 0 255768 84 DBU=1000
PIN xs_q0[81] M5 255840 0 255864 84 DBU=1000
PIN xs_q0[82] M5 255936 0 255960 84 DBU=1000
PIN xs_q0[83] M5 256032 0 256056 84 DBU=1000
PIN xs_q0[84] M5 256128 0 256152 84 DBU=1000
PIN xs_q0[85] M5 256224 0 256248 84 DBU=1000
PIN xs_q0[86] M5 256320 0 256344 84 DBU=1000
PIN xs_q0[87] M5 256416 0 256440 84 DBU=1000
PIN xs_q0[88] M5 256512 0 256536 84 DBU=1000
PIN xs_q0[89] M5 256608 0 256632 84 DBU=1000
PIN xs_q0[8] M5 248832 0 248856 84 DBU=1000
PIN xs_q0[90] M5 256704 0 256728 84 DBU=1000
PIN xs_q0[91] M5 256800 0 256824 84 DBU=1000
PIN xs_q0[92] M5 256896 0 256920 84 DBU=1000
PIN xs_q0[93] M5 256992 0 257016 84 DBU=1000
PIN xs_q0[94] M5 257088 0 257112 84 DBU=1000
PIN xs_q0[95] M5 257184 0 257208 84 DBU=1000
PIN xs_q0[96] M5 257280 0 257304 84 DBU=1000
PIN xs_q0[97] M5 257376 0 257400 84 DBU=1000
PIN xs_q0[98] M5 257472 0 257496 84 DBU=1000
PIN xs_q0[99] M5 257568 0 257592 84 DBU=1000
PIN xs_q0[9] M5 248928 0 248952 84 DBU=1000
PIN xs_q1[0] M5 255072 126816 255096 126900 DBU=1000
PIN xs_q1[100] M5 264672 126816 264696 126900 DBU=1000
PIN xs_q1[101] M5 264768 126816 264792 126900 DBU=1000
PIN xs_q1[102] M5 264864 126816 264888 126900 DBU=1000
PIN xs_q1[103] M5 264960 126816 264984 126900 DBU=1000
PIN xs_q1[104] M5 265056 126816 265080 126900 DBU=1000
PIN xs_q1[105] M5 265152 126816 265176 126900 DBU=1000
PIN xs_q1[106] M5 265248 126816 265272 126900 DBU=1000
PIN xs_q1[107] M5 265344 126816 265368 126900 DBU=1000
PIN xs_q1[108] M5 265440 126816 265464 126900 DBU=1000
PIN xs_q1[109] M5 265536 126816 265560 126900 DBU=1000
PIN xs_q1[10] M5 256032 126816 256056 126900 DBU=1000
PIN xs_q1[110] M5 265632 126816 265656 126900 DBU=1000
PIN xs_q1[111] M5 265728 126816 265752 126900 DBU=1000
PIN xs_q1[112] M5 265824 126816 265848 126900 DBU=1000
PIN xs_q1[113] M5 265920 126816 265944 126900 DBU=1000
PIN xs_q1[114] M5 266016 126816 266040 126900 DBU=1000
PIN xs_q1[115] M5 266112 126816 266136 126900 DBU=1000
PIN xs_q1[116] M5 266208 126816 266232 126900 DBU=1000
PIN xs_q1[117] M5 266304 126816 266328 126900 DBU=1000
PIN xs_q1[118] M5 266400 126816 266424 126900 DBU=1000
PIN xs_q1[119] M5 266496 126816 266520 126900 DBU=1000
PIN xs_q1[11] M5 256128 126816 256152 126900 DBU=1000
PIN xs_q1[120] M5 266592 126816 266616 126900 DBU=1000
PIN xs_q1[121] M5 266688 126816 266712 126900 DBU=1000
PIN xs_q1[122] M5 266784 126816 266808 126900 DBU=1000
PIN xs_q1[123] M5 266880 126816 266904 126900 DBU=1000
PIN xs_q1[124] M5 266976 126816 267000 126900 DBU=1000
PIN xs_q1[125] M5 267072 126816 267096 126900 DBU=1000
PIN xs_q1[126] M5 267168 126816 267192 126900 DBU=1000
PIN xs_q1[127] M5 267264 126816 267288 126900 DBU=1000
PIN xs_q1[128] M5 267360 126816 267384 126900 DBU=1000
PIN xs_q1[129] M5 267456 126816 267480 126900 DBU=1000
PIN xs_q1[12] M5 256224 126816 256248 126900 DBU=1000
PIN xs_q1[130] M5 267552 126816 267576 126900 DBU=1000
PIN xs_q1[131] M5 267648 126816 267672 126900 DBU=1000
PIN xs_q1[132] M5 267744 126816 267768 126900 DBU=1000
PIN xs_q1[133] M5 267840 126816 267864 126900 DBU=1000
PIN xs_q1[134] M5 267936 126816 267960 126900 DBU=1000
PIN xs_q1[135] M5 268032 126816 268056 126900 DBU=1000
PIN xs_q1[136] M5 268128 126816 268152 126900 DBU=1000
PIN xs_q1[137] M5 268224 126816 268248 126900 DBU=1000
PIN xs_q1[138] M5 268320 126816 268344 126900 DBU=1000
PIN xs_q1[139] M5 268416 126816 268440 126900 DBU=1000
PIN xs_q1[13] M5 256320 126816 256344 126900 DBU=1000
PIN xs_q1[140] M5 268512 126816 268536 126900 DBU=1000
PIN xs_q1[141] M5 268608 126816 268632 126900 DBU=1000
PIN xs_q1[142] M5 268704 126816 268728 126900 DBU=1000
PIN xs_q1[143] M5 268800 126816 268824 126900 DBU=1000
PIN xs_q1[144] M5 268896 126816 268920 126900 DBU=1000
PIN xs_q1[145] M5 268992 126816 269016 126900 DBU=1000
PIN xs_q1[146] M5 269088 126816 269112 126900 DBU=1000
PIN xs_q1[147] M5 269184 126816 269208 126900 DBU=1000
PIN xs_q1[148] M5 269280 126816 269304 126900 DBU=1000
PIN xs_q1[149] M5 269376 126816 269400 126900 DBU=1000
PIN xs_q1[14] M5 256416 126816 256440 126900 DBU=1000
PIN xs_q1[150] M5 269472 126816 269496 126900 DBU=1000
PIN xs_q1[151] M5 269568 126816 269592 126900 DBU=1000
PIN xs_q1[152] M5 269664 126816 269688 126900 DBU=1000
PIN xs_q1[153] M5 269760 126816 269784 126900 DBU=1000
PIN xs_q1[154] M5 269856 126816 269880 126900 DBU=1000
PIN xs_q1[155] M5 269952 126816 269976 126900 DBU=1000
PIN xs_q1[156] M5 270048 126816 270072 126900 DBU=1000
PIN xs_q1[157] M5 270144 126816 270168 126900 DBU=1000
PIN xs_q1[158] M5 270240 126816 270264 126900 DBU=1000
PIN xs_q1[159] M5 270336 126816 270360 126900 DBU=1000
PIN xs_q1[15] M5 256512 126816 256536 126900 DBU=1000
PIN xs_q1[160] M5 270432 126816 270456 126900 DBU=1000
PIN xs_q1[161] M5 270528 126816 270552 126900 DBU=1000
PIN xs_q1[162] M5 270624 126816 270648 126900 DBU=1000
PIN xs_q1[163] M5 270720 126816 270744 126900 DBU=1000
PIN xs_q1[164] M5 270816 126816 270840 126900 DBU=1000
PIN xs_q1[165] M5 270912 126816 270936 126900 DBU=1000
PIN xs_q1[166] M5 271008 126816 271032 126900 DBU=1000
PIN xs_q1[167] M5 271104 126816 271128 126900 DBU=1000
PIN xs_q1[168] M5 271200 126816 271224 126900 DBU=1000
PIN xs_q1[169] M5 271296 126816 271320 126900 DBU=1000
PIN xs_q1[16] M5 256608 126816 256632 126900 DBU=1000
PIN xs_q1[170] M5 271392 126816 271416 126900 DBU=1000
PIN xs_q1[171] M5 271488 126816 271512 126900 DBU=1000
PIN xs_q1[172] M5 271584 126816 271608 126900 DBU=1000
PIN xs_q1[173] M5 271680 126816 271704 126900 DBU=1000
PIN xs_q1[174] M5 271776 126816 271800 126900 DBU=1000
PIN xs_q1[175] M5 271872 126816 271896 126900 DBU=1000
PIN xs_q1[176] M5 271968 126816 271992 126900 DBU=1000
PIN xs_q1[177] M5 272064 126816 272088 126900 DBU=1000
PIN xs_q1[178] M5 272160 126816 272184 126900 DBU=1000
PIN xs_q1[179] M5 272256 126816 272280 126900 DBU=1000
PIN xs_q1[17] M5 256704 126816 256728 126900 DBU=1000
PIN xs_q1[180] M5 272352 126816 272376 126900 DBU=1000
PIN xs_q1[181] M5 272448 126816 272472 126900 DBU=1000
PIN xs_q1[182] M5 272544 126816 272568 126900 DBU=1000
PIN xs_q1[183] M5 272640 126816 272664 126900 DBU=1000
PIN xs_q1[184] M5 272736 126816 272760 126900 DBU=1000
PIN xs_q1[185] M5 272832 126816 272856 126900 DBU=1000
PIN xs_q1[186] M5 272928 126816 272952 126900 DBU=1000
PIN xs_q1[187] M5 273024 126816 273048 126900 DBU=1000
PIN xs_q1[188] M5 273120 126816 273144 126900 DBU=1000
PIN xs_q1[189] M5 273216 126816 273240 126900 DBU=1000
PIN xs_q1[18] M5 256800 126816 256824 126900 DBU=1000
PIN xs_q1[190] M5 273312 126816 273336 126900 DBU=1000
PIN xs_q1[191] M5 273408 126816 273432 126900 DBU=1000
PIN xs_q1[192] M5 273504 126816 273528 126900 DBU=1000
PIN xs_q1[193] M5 273600 126816 273624 126900 DBU=1000
PIN xs_q1[194] M5 273696 126816 273720 126900 DBU=1000
PIN xs_q1[195] M5 273792 126816 273816 126900 DBU=1000
PIN xs_q1[196] M5 273888 126816 273912 126900 DBU=1000
PIN xs_q1[197] M5 273984 126816 274008 126900 DBU=1000
PIN xs_q1[198] M5 274080 126816 274104 126900 DBU=1000
PIN xs_q1[199] M5 274176 126816 274200 126900 DBU=1000
PIN xs_q1[19] M5 256896 126816 256920 126900 DBU=1000
PIN xs_q1[1] M5 255168 126816 255192 126900 DBU=1000
PIN xs_q1[200] M5 274272 126816 274296 126900 DBU=1000
PIN xs_q1[201] M5 274368 126816 274392 126900 DBU=1000
PIN xs_q1[202] M5 274464 126816 274488 126900 DBU=1000
PIN xs_q1[203] M5 274560 126816 274584 126900 DBU=1000
PIN xs_q1[204] M5 274656 126816 274680 126900 DBU=1000
PIN xs_q1[205] M5 274752 126816 274776 126900 DBU=1000
PIN xs_q1[206] M5 274848 126816 274872 126900 DBU=1000
PIN xs_q1[207] M5 274944 126816 274968 126900 DBU=1000
PIN xs_q1[208] M5 275040 126816 275064 126900 DBU=1000
PIN xs_q1[209] M5 275136 126816 275160 126900 DBU=1000
PIN xs_q1[20] M5 256992 126816 257016 126900 DBU=1000
PIN xs_q1[210] M5 275232 126816 275256 126900 DBU=1000
PIN xs_q1[211] M5 275328 126816 275352 126900 DBU=1000
PIN xs_q1[212] M5 275424 126816 275448 126900 DBU=1000
PIN xs_q1[213] M5 275520 126816 275544 126900 DBU=1000
PIN xs_q1[214] M5 275616 126816 275640 126900 DBU=1000
PIN xs_q1[215] M5 275712 126816 275736 126900 DBU=1000
PIN xs_q1[216] M5 275808 126816 275832 126900 DBU=1000
PIN xs_q1[217] M5 275904 126816 275928 126900 DBU=1000
PIN xs_q1[218] M5 276000 126816 276024 126900 DBU=1000
PIN xs_q1[219] M5 276096 126816 276120 126900 DBU=1000
PIN xs_q1[21] M5 257088 126816 257112 126900 DBU=1000
PIN xs_q1[220] M5 276192 126816 276216 126900 DBU=1000
PIN xs_q1[221] M5 276288 126816 276312 126900 DBU=1000
PIN xs_q1[222] M5 276384 126816 276408 126900 DBU=1000
PIN xs_q1[223] M5 276480 126816 276504 126900 DBU=1000
PIN xs_q1[224] M5 276576 126816 276600 126900 DBU=1000
PIN xs_q1[225] M5 276672 126816 276696 126900 DBU=1000
PIN xs_q1[226] M5 276768 126816 276792 126900 DBU=1000
PIN xs_q1[227] M5 276864 126816 276888 126900 DBU=1000
PIN xs_q1[228] M5 276960 126816 276984 126900 DBU=1000
PIN xs_q1[229] M5 277056 126816 277080 126900 DBU=1000
PIN xs_q1[22] M5 257184 126816 257208 126900 DBU=1000
PIN xs_q1[230] M5 277152 126816 277176 126900 DBU=1000
PIN xs_q1[231] M5 277248 126816 277272 126900 DBU=1000
PIN xs_q1[232] M5 277344 126816 277368 126900 DBU=1000
PIN xs_q1[233] M5 277440 126816 277464 126900 DBU=1000
PIN xs_q1[234] M5 277536 126816 277560 126900 DBU=1000
PIN xs_q1[235] M5 277632 126816 277656 126900 DBU=1000
PIN xs_q1[236] M5 277728 126816 277752 126900 DBU=1000
PIN xs_q1[237] M5 277824 126816 277848 126900 DBU=1000
PIN xs_q1[238] M5 277920 126816 277944 126900 DBU=1000
PIN xs_q1[239] M5 278016 126816 278040 126900 DBU=1000
PIN xs_q1[23] M5 257280 126816 257304 126900 DBU=1000
PIN xs_q1[240] M5 278112 126816 278136 126900 DBU=1000
PIN xs_q1[241] M5 278208 126816 278232 126900 DBU=1000
PIN xs_q1[242] M5 278304 126816 278328 126900 DBU=1000
PIN xs_q1[243] M5 278400 126816 278424 126900 DBU=1000
PIN xs_q1[244] M5 278496 126816 278520 126900 DBU=1000
PIN xs_q1[245] M5 278592 126816 278616 126900 DBU=1000
PIN xs_q1[246] M5 278688 126816 278712 126900 DBU=1000
PIN xs_q1[247] M5 278784 126816 278808 126900 DBU=1000
PIN xs_q1[248] M5 278880 126816 278904 126900 DBU=1000
PIN xs_q1[249] M5 278976 126816 279000 126900 DBU=1000
PIN xs_q1[24] M5 257376 126816 257400 126900 DBU=1000
PIN xs_q1[250] M5 279072 126816 279096 126900 DBU=1000
PIN xs_q1[251] M5 279168 126816 279192 126900 DBU=1000
PIN xs_q1[252] M5 279264 126816 279288 126900 DBU=1000
PIN xs_q1[253] M5 279360 126816 279384 126900 DBU=1000
PIN xs_q1[254] M5 279456 126816 279480 126900 DBU=1000
PIN xs_q1[255] M5 279552 126816 279576 126900 DBU=1000
PIN xs_q1[25] M5 257472 126816 257496 126900 DBU=1000
PIN xs_q1[26] M5 257568 126816 257592 126900 DBU=1000
PIN xs_q1[27] M5 257664 126816 257688 126900 DBU=1000
PIN xs_q1[28] M5 257760 126816 257784 126900 DBU=1000
PIN xs_q1[29] M5 257856 126816 257880 126900 DBU=1000
PIN xs_q1[2] M5 255264 126816 255288 126900 DBU=1000
PIN xs_q1[30] M5 257952 126816 257976 126900 DBU=1000
PIN xs_q1[31] M5 258048 126816 258072 126900 DBU=1000
PIN xs_q1[32] M5 258144 126816 258168 126900 DBU=1000
PIN xs_q1[33] M5 258240 126816 258264 126900 DBU=1000
PIN xs_q1[34] M5 258336 126816 258360 126900 DBU=1000
PIN xs_q1[35] M5 258432 126816 258456 126900 DBU=1000
PIN xs_q1[36] M5 258528 126816 258552 126900 DBU=1000
PIN xs_q1[37] M5 258624 126816 258648 126900 DBU=1000
PIN xs_q1[38] M5 258720 126816 258744 126900 DBU=1000
PIN xs_q1[39] M5 258816 126816 258840 126900 DBU=1000
PIN xs_q1[3] M5 255360 126816 255384 126900 DBU=1000
PIN xs_q1[40] M5 258912 126816 258936 126900 DBU=1000
PIN xs_q1[41] M5 259008 126816 259032 126900 DBU=1000
PIN xs_q1[42] M5 259104 126816 259128 126900 DBU=1000
PIN xs_q1[43] M5 259200 126816 259224 126900 DBU=1000
PIN xs_q1[44] M5 259296 126816 259320 126900 DBU=1000
PIN xs_q1[45] M5 259392 126816 259416 126900 DBU=1000
PIN xs_q1[46] M5 259488 126816 259512 126900 DBU=1000
PIN xs_q1[47] M5 259584 126816 259608 126900 DBU=1000
PIN xs_q1[48] M5 259680 126816 259704 126900 DBU=1000
PIN xs_q1[49] M5 259776 126816 259800 126900 DBU=1000
PIN xs_q1[4] M5 255456 126816 255480 126900 DBU=1000
PIN xs_q1[50] M5 259872 126816 259896 126900 DBU=1000
PIN xs_q1[51] M5 259968 126816 259992 126900 DBU=1000
PIN xs_q1[52] M5 260064 126816 260088 126900 DBU=1000
PIN xs_q1[53] M5 260160 126816 260184 126900 DBU=1000
PIN xs_q1[54] M5 260256 126816 260280 126900 DBU=1000
PIN xs_q1[55] M5 260352 126816 260376 126900 DBU=1000
PIN xs_q1[56] M5 260448 126816 260472 126900 DBU=1000
PIN xs_q1[57] M5 260544 126816 260568 126900 DBU=1000
PIN xs_q1[58] M5 260640 126816 260664 126900 DBU=1000
PIN xs_q1[59] M5 260736 126816 260760 126900 DBU=1000
PIN xs_q1[5] M5 255552 126816 255576 126900 DBU=1000
PIN xs_q1[60] M5 260832 126816 260856 126900 DBU=1000
PIN xs_q1[61] M5 260928 126816 260952 126900 DBU=1000
PIN xs_q1[62] M5 261024 126816 261048 126900 DBU=1000
PIN xs_q1[63] M5 261120 126816 261144 126900 DBU=1000
PIN xs_q1[64] M5 261216 126816 261240 126900 DBU=1000
PIN xs_q1[65] M5 261312 126816 261336 126900 DBU=1000
PIN xs_q1[66] M5 261408 126816 261432 126900 DBU=1000
PIN xs_q1[67] M5 261504 126816 261528 126900 DBU=1000
PIN xs_q1[68] M5 261600 126816 261624 126900 DBU=1000
PIN xs_q1[69] M5 261696 126816 261720 126900 DBU=1000
PIN xs_q1[6] M5 255648 126816 255672 126900 DBU=1000
PIN xs_q1[70] M5 261792 126816 261816 126900 DBU=1000
PIN xs_q1[71] M5 261888 126816 261912 126900 DBU=1000
PIN xs_q1[72] M5 261984 126816 262008 126900 DBU=1000
PIN xs_q1[73] M5 262080 126816 262104 126900 DBU=1000
PIN xs_q1[74] M5 262176 126816 262200 126900 DBU=1000
PIN xs_q1[75] M5 262272 126816 262296 126900 DBU=1000
PIN xs_q1[76] M5 262368 126816 262392 126900 DBU=1000
PIN xs_q1[77] M5 262464 126816 262488 126900 DBU=1000
PIN xs_q1[78] M5 262560 126816 262584 126900 DBU=1000
PIN xs_q1[79] M5 262656 126816 262680 126900 DBU=1000
PIN xs_q1[7] M5 255744 126816 255768 126900 DBU=1000
PIN xs_q1[80] M5 262752 126816 262776 126900 DBU=1000
PIN xs_q1[81] M5 262848 126816 262872 126900 DBU=1000
PIN xs_q1[82] M5 262944 126816 262968 126900 DBU=1000
PIN xs_q1[83] M5 263040 126816 263064 126900 DBU=1000
PIN xs_q1[84] M5 263136 126816 263160 126900 DBU=1000
PIN xs_q1[85] M5 263232 126816 263256 126900 DBU=1000
PIN xs_q1[86] M5 263328 126816 263352 126900 DBU=1000
PIN xs_q1[87] M5 263424 126816 263448 126900 DBU=1000
PIN xs_q1[88] M5 263520 126816 263544 126900 DBU=1000
PIN xs_q1[89] M5 263616 126816 263640 126900 DBU=1000
PIN xs_q1[8] M5 255840 126816 255864 126900 DBU=1000
PIN xs_q1[90] M5 263712 126816 263736 126900 DBU=1000
PIN xs_q1[91] M5 263808 126816 263832 126900 DBU=1000
PIN xs_q1[92] M5 263904 126816 263928 126900 DBU=1000
PIN xs_q1[93] M5 264000 126816 264024 126900 DBU=1000
PIN xs_q1[94] M5 264096 126816 264120 126900 DBU=1000
PIN xs_q1[95] M5 264192 126816 264216 126900 DBU=1000
PIN xs_q1[96] M5 264288 126816 264312 126900 DBU=1000
PIN xs_q1[97] M5 264384 126816 264408 126900 DBU=1000
PIN xs_q1[98] M5 264480 126816 264504 126900 DBU=1000
PIN xs_q1[99] M5 264576 126816 264600 126900 DBU=1000
PIN xs_q1[9] M5 255936 126816 255960 126900 DBU=1000
PIN xs_sv[0] M5 272640 0 272664 84 DBU=1000
PIN xs_sv[1] M5 272736 0 272760 84 DBU=1000
PIN xs_v M5 272832 0 272856 84 DBU=1000
MACRO g_el\[0\].u_elem.g_mac\[0\].g_pp.u_rom0 R0 5400 0 130680 62910 DBU=1000
MACRO g_el\[0\].u_elem.g_mac\[0\].g_pp.u_rom1 MX 5400 63450 130680 126360 DBU=1000
MACRO g_el\[0\].u_elem.g_mac\[1\].g_pp.u_rom0 MY 380160 0 505440 62910 DBU=1000
MACRO g_el\[0\].u_elem.g_mac\[1\].g_pp.u_rom1 R180 380160 63450 505440 126360 DBU=1000
GROUP xs_q0 max WC
[WARNING STA-0502] report_checks -endpoint_count is deprecated. Use -endpoint_path_count instead.
[WARNING STA-0503] report_checks -group_count is deprecated. Use -group_path_count instead.
Startpoint: xs_q0[47] (input port clocked by core_clk)
Endpoint: g_el[0].u_elem.g_ir.r_xs_q0[47]$_DFF_P_
          (rising edge-triggered flip-flop clocked by core_clk)
Path Group: core_clk
Path Type: max
Corner: WC

  Delay    Time   Description
---------------------------------------------------------
   0.00    0.00   clock core_clk (rise edge)
   0.00    0.00   clock network delay (propagated)
 727.00  727.00 v input external delay
   0.00  727.00 v xs_q0[47] (in)
  24.37  751.37 v hold47887/Y (BUFx2_ASAP7_75t_R)
  28.11  779.48 v hold46767/Y (BUFx2_ASAP7_75t_R)
  28.95  808.43 v hold47888/Y (BUFx2_ASAP7_75t_R)
  27.77  836.21 v hold46126/Y (BUFx2_ASAP7_75t_R)
  28.64  864.85 v hold47889/Y (BUFx2_ASAP7_75t_R)
  28.91  893.76 v hold46768/Y (BUFx2_ASAP7_75t_R)
  30.07  923.83 v hold47890/Y (BUFx2_ASAP7_75t_R)
  30.82  954.65 v hold44251/Y (BUFx2_ASAP7_75t_R)
  28.57  983.21 v hold47891/Y (BUFx2_ASAP7_75t_R)
  28.03 1011.24 v hold46769/Y (BUFx2_ASAP7_75t_R)
  28.83 1040.07 v hold46127/Y (BUFx2_ASAP7_75t_R)
  28.20 1068.27 v hold46770/Y (BUFx2_ASAP7_75t_R)
  27.12 1095.39 v input1522/Y (BUFx2_ASAP7_75t_R)
  27.63 1123.02 v hold46771/Y (BUFx2_ASAP7_75t_R)
  27.67 1150.69 v hold46128/Y (BUFx2_ASAP7_75t_R)
  29.46 1180.15 v hold46772/Y (BUFx2_ASAP7_75t_R)
  29.88 1210.04 v hold44252/Y (BUFx2_ASAP7_75t_R)
  29.98 1240.02 v hold46773/Y (BUFx2_ASAP7_75t_R)
  30.29 1270.30 v hold46129/Y (BUFx2_ASAP7_75t_R)
  28.93 1299.23 v hold46774/Y (BUFx2_ASAP7_75t_R)
   0.05 1299.28 v g_el[0].u_elem.g_ir.r_xs_q0[47]$_DFF_P_/D (DFFHQNx1_ASAP7_75t_R)
        1299.28   data arrival time

 833.00  833.00   clock core_clk (rise edge)
   0.00  833.00   clock source latency
   0.00  833.00 ^ clk (in)
 127.24  960.24 ^ u_ao.u_ctl.u_spine_cg.u_icg/GCLK (ICGx1_ASAP7_75t_R)
  97.46 1057.70 ^ clkbuf_0_g_el[0].u_dif.e_clk/Y (BUFx24_ASAP7_75t_R)
  34.50 1092.20 ^ clkbuf_1_0__f_g_el[0].u_dif.e_clk/Y (BUFx24_ASAP7_75t_R)
  40.67 1132.86 ^ g_el[0].u_elem.g_cg.u_cg.u_icg/GCLK (ICGx1_ASAP7_75t_R)
  47.01 1179.87 ^ clkbuf_regs_1_core_clk/Y (BUFx24_ASAP7_75t_R)
  34.94 1214.80 ^ clkbuf_0_g_el[0].u_elem.g_cg.u_cg.gclk_regs/Y (BUFx24_ASAP7_75t_R)
  40.05 1254.86 ^ clkbuf_1_0_0_g_el[0].u_elem.g_cg.u_cg.gclk_regs/Y (BUFx24_ASAP7_75t_R)
  40.58 1295.44 ^ clkbuf_1_0_1_g_el[0].u_elem.g_cg.u_cg.gclk_regs/Y (BUFx24_ASAP7_75t_R)
  41.30 1336.74 ^ clkbuf_1_0_2_g_el[0].u_elem.g_cg.u_cg.gclk_regs/Y (BUFx24_ASAP7_75t_R)
  42.89 1379.63 ^ clkbuf_3_1_0_g_el[0].u_elem.g_cg.u_cg.gclk_regs/Y (BUFx24_ASAP7_75t_R)
  41.37 1421.01 ^ clkbuf_3_1_1_g_el[0].u_elem.g_cg.u_cg.gclk_regs/Y (BUFx24_ASAP7_75t_R)
  40.73 1461.74 ^ clkbuf_5_5_0_g_el[0].u_elem.g_cg.u_cg.gclk_regs/Y (BUFx24_ASAP7_75t_R)
  49.46 1511.20 ^ clkbuf_7_21_0_g_el[0].u_elem.g_cg.u_cg.gclk_regs/Y (BUFx24_ASAP7_75t_R)
  52.28 1563.48 ^ clkbuf_leaf_1018_g_el[0].u_elem.g_cg.u_cg.gclk_regs/Y (BUFx24_ASAP7_75t_R)
   0.47 1563.95 ^ g_el[0].u_elem.g_ir.r_xs_q0[47]$_DFF_P_/CLK (DFFHQNx1_ASAP7_75t_R)
 -60.00 1503.95   clock uncertainty
   0.00 1503.95   clock reconvergence pessimism
   0.30 1504.24   library setup time
        1504.24   data required time
---------------------------------------------------------
        1504.24   data required time
        -1299.28   data arrival time
---------------------------------------------------------
         204.96   slack (MET)


GROUP xs_q0 min BC
[WARNING STA-0502] report_checks -endpoint_count is deprecated. Use -endpoint_path_count instead.
[WARNING STA-0503] report_checks -group_count is deprecated. Use -group_path_count instead.
Startpoint: xs_q0[73] (input port clocked by core_clk)
Endpoint: g_el[0].u_elem.g_ir.r_xs_q0[73]$_DFF_P_
          (rising edge-triggered flip-flop clocked by core_clk)
Path Group: core_clk
Path Type: min
Corner: BC

  Delay    Time   Description
---------------------------------------------------------
   0.00    0.00   clock core_clk (rise edge)
   0.00    0.00   clock network delay (propagated)
 360.00  360.00 v input external delay
   0.00  360.00 v xs_q0[73] (in)
  10.78  370.78 v input1551/Y (BUFx2_ASAP7_75t_R)
   0.04  370.82 v g_el[0].u_elem.g_ir.r_xs_q0[73]$_DFF_P_/D (DFFHQNx1_ASAP7_75t_R)
         370.82   data arrival time

   0.00    0.00   clock core_clk (rise edge)
   0.00    0.00   clock source latency
   0.00    0.00 ^ clk (in)
  64.87   64.87 ^ u_ao.u_ctl.u_spine_cg.u_icg/GCLK (ICGx1_ASAP7_75t_R)
  51.54  116.42 ^ clkbuf_0_g_el[0].u_dif.e_clk/Y (BUFx24_ASAP7_75t_R)
  18.05  134.47 ^ clkbuf_1_0__f_g_el[0].u_dif.e_clk/Y (BUFx24_ASAP7_75t_R)
  23.64  158.11 ^ g_el[0].u_elem.g_cg.u_cg.u_icg/GCLK (ICGx1_ASAP7_75t_R)
  25.09  183.19 ^ clkbuf_regs_1_core_clk/Y (BUFx24_ASAP7_75t_R)
  18.98  202.18 ^ clkbuf_0_g_el[0].u_elem.g_cg.u_cg.gclk_regs/Y (BUFx24_ASAP7_75t_R)
  24.34  226.52 ^ clkbuf_1_1_0_g_el[0].u_elem.g_cg.u_cg.gclk_regs/Y (BUFx24_ASAP7_75t_R)
  25.19  251.71 ^ clkbuf_1_1_1_g_el[0].u_elem.g_cg.u_cg.gclk_regs/Y (BUFx24_ASAP7_75t_R)
  25.86  277.57 ^ clkbuf_1_1_2_g_el[0].u_elem.g_cg.u_cg.gclk_regs/Y (BUFx24_ASAP7_75t_R)
  30.34  307.90 ^ clkbuf_3_4_0_g_el[0].u_elem.g_cg.u_cg.gclk_regs/Y (BUFx24_ASAP7_75t_R)
  26.22  334.13 ^ clkbuf_3_4_1_g_el[0].u_elem.g_cg.u_cg.gclk_regs/Y (BUFx24_ASAP7_75t_R)
  29.09  363.22 ^ clkbuf_5_17_0_g_el[0].u_elem.g_cg.u_cg.gclk_regs/Y (BUFx24_ASAP7_75t_R)
  34.58  397.80 ^ clkbuf_7_68_0_g_el[0].u_elem.g_cg.u_cg.gclk_regs/Y (BUFx24_ASAP7_75t_R)
  44.54  442.34 ^ clkbuf_leaf_798_g_el[0].u_elem.g_cg.u_cg.gclk_regs/Y (BUFx24_ASAP7_75t_R)
   2.57  444.91 ^ g_el[0].u_elem.g_ir.r_xs_q0[73]$_DFF_P_/CLK (DFFHQNx1_ASAP7_75t_R)
  25.00  469.91   clock uncertainty
   0.00  469.91   clock reconvergence pessimism
  13.10  483.01   library hold time
         483.01   data required time
---------------------------------------------------------
         483.01   data required time
        -370.82   data arrival time
---------------------------------------------------------
        -112.19   slack (VIOLATED)


GROUP xs_q1 max WC
[WARNING STA-0502] report_checks -endpoint_count is deprecated. Use -endpoint_path_count instead.
[WARNING STA-0503] report_checks -group_count is deprecated. Use -group_path_count instead.
Startpoint: xs_q1[186] (input port clocked by core_clk)
Endpoint: g_el[0].u_elem.g_ir.r_xs_q1[186]$_DFF_P_
          (rising edge-triggered flip-flop clocked by core_clk)
Path Group: core_clk
Path Type: max
Corner: WC

  Delay    Time   Description
---------------------------------------------------------
   0.00    0.00   clock core_clk (rise edge)
   0.00    0.00   clock network delay (propagated)
 727.00  727.00 v input external delay
   0.00  727.00 v xs_q1[186] (in)
  26.47  753.47 v hold48202/Y (BUFx2_ASAP7_75t_R)
  31.98  785.46 v hold47223/Y (BUFx2_ASAP7_75t_R)
  31.85  817.31 v hold48203/Y (BUFx2_ASAP7_75t_R)
  29.25  846.55 v hold46338/Y (BUFx2_ASAP7_75t_R)
  28.54  875.09 v hold48204/Y (BUFx2_ASAP7_75t_R)
  29.53  904.62 v hold47224/Y (BUFx2_ASAP7_75t_R)
  31.52  936.14 v hold48205/Y (BUFx2_ASAP7_75t_R)
  32.47  968.62 v hold44349/Y (BUFx2_ASAP7_75t_R)
  29.84  998.46 v hold48206/Y (BUFx2_ASAP7_75t_R)
  27.86 1026.32 v hold47225/Y (BUFx2_ASAP7_75t_R)
  27.76 1054.08 v hold46339/Y (BUFx2_ASAP7_75t_R)
  31.27 1085.34 v hold47226/Y (BUFx2_ASAP7_75t_R)
  33.40 1118.75 v input1676/Y (BUFx2_ASAP7_75t_R)
  30.61 1149.35 v hold47227/Y (BUFx2_ASAP7_75t_R)
  28.48 1177.83 v hold46340/Y (BUFx2_ASAP7_75t_R)
  28.60 1206.43 v hold47228/Y (BUFx2_ASAP7_75t_R)
  28.33 1234.76 v hold44350/Y (BUFx2_ASAP7_75t_R)
  30.13 1264.89 v hold47229/Y (BUFx2_ASAP7_75t_R)
  29.41 1294.30 v hold46341/Y (BUFx2_ASAP7_75t_R)
  28.40 1322.70 v hold47230/Y (BUFx2_ASAP7_75t_R)
   0.07 1322.77 v g_el[0].u_elem.g_ir.r_xs_q1[186]$_DFF_P_/D (DFFHQNx1_ASAP7_75t_R)
        1322.77   data arrival time

 833.00  833.00   clock core_clk (rise edge)
   0.00  833.00   clock source latency
   0.00  833.00 ^ clk (in)
 127.24  960.24 ^ u_ao.u_ctl.u_spine_cg.u_icg/GCLK (ICGx1_ASAP7_75t_R)
  97.46 1057.70 ^ clkbuf_0_g_el[0].u_dif.e_clk/Y (BUFx24_ASAP7_75t_R)
  34.50 1092.20 ^ clkbuf_1_0__f_g_el[0].u_dif.e_clk/Y (BUFx24_ASAP7_75t_R)
  40.67 1132.86 ^ g_el[0].u_elem.g_cg.u_cg.u_icg/GCLK (ICGx1_ASAP7_75t_R)
  47.01 1179.87 ^ clkbuf_regs_1_core_clk/Y (BUFx24_ASAP7_75t_R)
  34.94 1214.80 ^ clkbuf_0_g_el[0].u_elem.g_cg.u_cg.gclk_regs/Y (BUFx24_ASAP7_75t_R)
  39.64 1254.44 ^ clkbuf_1_1_0_g_el[0].u_elem.g_cg.u_cg.gclk_regs/Y (BUFx24_ASAP7_75t_R)
  39.81 1294.25 ^ clkbuf_1_1_1_g_el[0].u_elem.g_cg.u_cg.gclk_regs/Y (BUFx24_ASAP7_75t_R)
  41.32 1335.57 ^ clkbuf_1_1_2_g_el[0].u_elem.g_cg.u_cg.gclk_regs/Y (BUFx24_ASAP7_75t_R)
  44.76 1380.33 ^ clkbuf_3_6_0_g_el[0].u_elem.g_cg.u_cg.gclk_regs/Y (BUFx24_ASAP7_75t_R)
  41.71 1422.04 ^ clkbuf_3_6_1_g_el[0].u_elem.g_cg.u_cg.gclk_regs/Y (BUFx24_ASAP7_75t_R)
  42.03 1464.06 ^ clkbuf_5_26_0_g_el[0].u_elem.g_cg.u_cg.gclk_regs/Y (BUFx24_ASAP7_75t_R)
  47.19 1511.25 ^ clkbuf_7_106_0_g_el[0].u_elem.g_cg.u_cg.gclk_regs/Y (BUFx24_ASAP7_75t_R)
  43.28 1554.53 ^ clkbuf_leaf_565_g_el[0].u_elem.g_cg.u_cg.gclk_regs/Y (BUFx24_ASAP7_75t_R)
   1.16 1555.69 ^ g_el[0].u_elem.g_ir.r_xs_q1[186]$_DFF_P_/CLK (DFFHQNx1_ASAP7_75t_R)
 -60.00 1495.69   clock uncertainty
   0.00 1495.69   clock reconvergence pessimism
   0.42 1496.11   library setup time
        1496.11   data required time
---------------------------------------------------------
        1496.11   data required time
        -1322.77   data arrival time
---------------------------------------------------------
         173.34   slack (MET)


GROUP xs_q1 min BC
[WARNING STA-0502] report_checks -endpoint_count is deprecated. Use -endpoint_path_count instead.
[WARNING STA-0503] report_checks -group_count is deprecated. Use -group_path_count instead.
Startpoint: xs_q1[253] (input port clocked by core_clk)
Endpoint: g_el[0].u_elem.g_ir.r_xs_q1[253]$_DFF_P_
          (rising edge-triggered flip-flop clocked by core_clk)
Path Group: core_clk
Path Type: min
Corner: BC

  Delay    Time   Description
---------------------------------------------------------
   0.00    0.00   clock core_clk (rise edge)
   0.00    0.00   clock network delay (propagated)
 360.00  360.00 v input external delay
   0.00  360.00 v xs_q1[253] (in)
  10.68  370.68 v input1751/Y (BUFx2_ASAP7_75t_R)
   0.02  370.70 v g_el[0].u_elem.g_ir.r_xs_q1[253]$_DFF_P_/D (DFFHQNx1_ASAP7_75t_R)
         370.70   data arrival time

   0.00    0.00   clock core_clk (rise edge)
   0.00    0.00   clock source latency
   0.00    0.00 ^ clk (in)
  64.87   64.87 ^ u_ao.u_ctl.u_spine_cg.u_icg/GCLK (ICGx1_ASAP7_75t_R)
  51.54  116.42 ^ clkbuf_0_g_el[0].u_dif.e_clk/Y (BUFx24_ASAP7_75t_R)
  18.05  134.47 ^ clkbuf_1_0__f_g_el[0].u_dif.e_clk/Y (BUFx24_ASAP7_75t_R)
  23.64  158.11 ^ g_el[0].u_elem.g_cg.u_cg.u_icg/GCLK (ICGx1_ASAP7_75t_R)
  25.09  183.19 ^ clkbuf_regs_1_core_clk/Y (BUFx24_ASAP7_75t_R)
  18.98  202.18 ^ clkbuf_0_g_el[0].u_elem.g_cg.u_cg.gclk_regs/Y (BUFx24_ASAP7_75t_R)
  24.34  226.52 ^ clkbuf_1_1_0_g_el[0].u_elem.g_cg.u_cg.gclk_regs/Y (BUFx24_ASAP7_75t_R)
  25.19  251.71 ^ clkbuf_1_1_1_g_el[0].u_elem.g_cg.u_cg.gclk_regs/Y (BUFx24_ASAP7_75t_R)
  25.86  277.57 ^ clkbuf_1_1_2_g_el[0].u_elem.g_cg.u_cg.gclk_regs/Y (BUFx24_ASAP7_75t_R)
  30.46  308.03 ^ clkbuf_3_6_0_g_el[0].u_elem.g_cg.u_cg.gclk_regs/Y (BUFx24_ASAP7_75t_R)
  26.62  334.65 ^ clkbuf_3_6_1_g_el[0].u_elem.g_cg.u_cg.gclk_regs/Y (BUFx24_ASAP7_75t_R)
  27.56  362.21 ^ clkbuf_5_26_0_g_el[0].u_elem.g_cg.u_cg.gclk_regs/Y (BUFx24_ASAP7_75t_R)
  32.84  395.05 ^ clkbuf_7_107_0_g_el[0].u_elem.g_cg.u_cg.gclk_regs/Y (BUFx24_ASAP7_75t_R)
  38.27  433.32 ^ clkbuf_leaf_568_g_el[0].u_elem.g_cg.u_cg.gclk_regs/Y (BUFx24_ASAP7_75t_R)
   0.84  434.16 ^ g_el[0].u_elem.g_ir.r_xs_q1[253]$_DFF_P_/CLK (DFFHQNx1_ASAP7_75t_R)
  25.00  459.16   clock uncertainty
   0.00  459.16   clock reconvergence pessimism
  12.44  471.60   library hold time
         471.60   data required time
---------------------------------------------------------
         471.60   data required time
        -370.70   data arrival time
---------------------------------------------------------
        -100.90   slack (VIOLATED)


GROUP xs_e0 max WC
[WARNING STA-0502] report_checks -endpoint_count is deprecated. Use -endpoint_path_count instead.
[WARNING STA-0503] report_checks -group_count is deprecated. Use -group_path_count instead.
Startpoint: xs_e0[6] (input port clocked by core_clk)
Endpoint: g_el[0].u_elem.g_ir.r_xs_e0[6]$_DFF_P_
          (rising edge-triggered flip-flop clocked by core_clk)
Path Group: core_clk
Path Type: max
Corner: WC

  Delay    Time   Description
---------------------------------------------------------
   0.00    0.00   clock core_clk (rise edge)
   0.00    0.00   clock network delay (propagated)
 727.00  727.00 v input external delay
   0.00  727.00 v xs_e0[6] (in)
  25.00  752.00 v hold47927/Y (BUFx2_ASAP7_75t_R)
  28.79  780.80 v hold46775/Y (BUFx2_ASAP7_75t_R)
  27.89  808.68 v hold47928/Y (BUFx2_ASAP7_75t_R)
  27.39  836.08 v hold46122/Y (BUFx2_ASAP7_75t_R)
  27.58  863.65 v hold47929/Y (BUFx2_ASAP7_75t_R)
  27.97  891.63 v hold46776/Y (BUFx2_ASAP7_75t_R)
  28.02  919.65 v hold47930/Y (BUFx2_ASAP7_75t_R)
  28.64  948.29 v hold44245/Y (BUFx2_ASAP7_75t_R)
  28.99  977.28 v hold47931/Y (BUFx2_ASAP7_75t_R)
  27.60 1004.87 v hold46777/Y (BUFx2_ASAP7_75t_R)
  27.10 1031.97 v hold46123/Y (BUFx2_ASAP7_75t_R)
  27.57 1059.54 v hold46778/Y (BUFx2_ASAP7_75t_R)
  27.67 1087.21 v input1300/Y (BUFx2_ASAP7_75t_R)
  27.88 1115.09 v hold46779/Y (BUFx2_ASAP7_75t_R)
  27.24 1142.33 v hold46124/Y (BUFx2_ASAP7_75t_R)
  26.89 1169.22 v hold46780/Y (BUFx2_ASAP7_75t_R)
  27.88 1197.10 v hold44246/Y (BUFx2_ASAP7_75t_R)
  27.82 1224.92 v hold46781/Y (BUFx2_ASAP7_75t_R)
  27.72 1252.65 v hold46125/Y (BUFx2_ASAP7_75t_R)
  28.20 1280.84 v hold46782/Y (BUFx2_ASAP7_75t_R)
   0.06 1280.90 v g_el[0].u_elem.g_ir.r_xs_e0[6]$_DFF_P_/D (DFFHQNx1_ASAP7_75t_R)
        1280.90   data arrival time

 833.00  833.00   clock core_clk (rise edge)
   0.00  833.00   clock source latency
   0.00  833.00 ^ clk (in)
 127.24  960.24 ^ u_ao.u_ctl.u_spine_cg.u_icg/GCLK (ICGx1_ASAP7_75t_R)
  97.46 1057.70 ^ clkbuf_0_g_el[0].u_dif.e_clk/Y (BUFx24_ASAP7_75t_R)
  34.50 1092.20 ^ clkbuf_1_0__f_g_el[0].u_dif.e_clk/Y (BUFx24_ASAP7_75t_R)
  40.67 1132.86 ^ g_el[0].u_elem.g_cg.u_cg.u_icg/GCLK (ICGx1_ASAP7_75t_R)
  47.01 1179.87 ^ clkbuf_regs_1_core_clk/Y (BUFx24_ASAP7_75t_R)
  34.94 1214.80 ^ clkbuf_0_g_el[0].u_elem.g_cg.u_cg.gclk_regs/Y (BUFx24_ASAP7_75t_R)
  40.05 1254.86 ^ clkbuf_1_0_0_g_el[0].u_elem.g_cg.u_cg.gclk_regs/Y (BUFx24_ASAP7_75t_R)
  40.58 1295.44 ^ clkbuf_1_0_1_g_el[0].u_elem.g_cg.u_cg.gclk_regs/Y (BUFx24_ASAP7_75t_R)
  41.30 1336.74 ^ clkbuf_1_0_2_g_el[0].u_elem.g_cg.u_cg.gclk_regs/Y (BUFx24_ASAP7_75t_R)
  42.89 1379.63 ^ clkbuf_3_1_0_g_el[0].u_elem.g_cg.u_cg.gclk_regs/Y (BUFx24_ASAP7_75t_R)
  41.37 1421.01 ^ clkbuf_3_1_1_g_el[0].u_elem.g_cg.u_cg.gclk_regs/Y (BUFx24_ASAP7_75t_R)
  40.73 1461.74 ^ clkbuf_5_5_0_g_el[0].u_elem.g_cg.u_cg.gclk_regs/Y (BUFx24_ASAP7_75t_R)
  49.46 1511.20 ^ clkbuf_7_21_0_g_el[0].u_elem.g_cg.u_cg.gclk_regs/Y (BUFx24_ASAP7_75t_R)
  53.10 1564.30 ^ clkbuf_leaf_1017_g_el[0].u_elem.g_cg.u_cg.gclk_regs/Y (BUFx24_ASAP7_75t_R)
   1.02 1565.32 ^ g_el[0].u_elem.g_ir.r_xs_e0[6]$_DFF_P_/CLK (DFFHQNx1_ASAP7_75t_R)
 -60.00 1505.32   clock uncertainty
   0.00 1505.32   clock reconvergence pessimism
   0.67 1505.99   library setup time
        1505.99   data required time
---------------------------------------------------------
        1505.99   data required time
        -1280.90   data arrival time
---------------------------------------------------------
         225.08   slack (MET)


GROUP xs_e0 min BC
[WARNING STA-0502] report_checks -endpoint_count is deprecated. Use -endpoint_path_count instead.
[WARNING STA-0503] report_checks -group_count is deprecated. Use -group_path_count instead.
Startpoint: xs_e0[2] (input port clocked by core_clk)
Endpoint: g_el[0].u_elem.g_ir.r_xs_e0[2]$_DFF_P_
          (rising edge-triggered flip-flop clocked by core_clk)
Path Group: core_clk
Path Type: min
Corner: BC

  Delay    Time   Description
---------------------------------------------------------
   0.00    0.00   clock core_clk (rise edge)
   0.00    0.00   clock network delay (propagated)
 360.00  360.00 v input external delay
   0.00  360.00 v xs_e0[2] (in)
  10.74  370.74 v input1296/Y (BUFx2_ASAP7_75t_R)
   0.02  370.77 v g_el[0].u_elem.g_ir.r_xs_e0[2]$_DFF_P_/D (DFFHQNx1_ASAP7_75t_R)
         370.77   data arrival time

   0.00    0.00   clock core_clk (rise edge)
   0.00    0.00   clock source latency
   0.00    0.00 ^ clk (in)
  64.87   64.87 ^ u_ao.u_ctl.u_spine_cg.u_icg/GCLK (ICGx1_ASAP7_75t_R)
  51.54  116.42 ^ clkbuf_0_g_el[0].u_dif.e_clk/Y (BUFx24_ASAP7_75t_R)
  18.05  134.47 ^ clkbuf_1_0__f_g_el[0].u_dif.e_clk/Y (BUFx24_ASAP7_75t_R)
  23.64  158.11 ^ g_el[0].u_elem.g_cg.u_cg.u_icg/GCLK (ICGx1_ASAP7_75t_R)
  25.09  183.19 ^ clkbuf_regs_1_core_clk/Y (BUFx24_ASAP7_75t_R)
  18.98  202.18 ^ clkbuf_0_g_el[0].u_elem.g_cg.u_cg.gclk_regs/Y (BUFx24_ASAP7_75t_R)
  24.71  226.89 ^ clkbuf_1_0_0_g_el[0].u_elem.g_cg.u_cg.gclk_regs/Y (BUFx24_ASAP7_75t_R)
  25.90  252.80 ^ clkbuf_1_0_1_g_el[0].u_elem.g_cg.u_cg.gclk_regs/Y (BUFx24_ASAP7_75t_R)
  25.85  278.65 ^ clkbuf_1_0_2_g_el[0].u_elem.g_cg.u_cg.gclk_regs/Y (BUFx24_ASAP7_75t_R)
  28.42  307.07 ^ clkbuf_3_1_0_g_el[0].u_elem.g_cg.u_cg.gclk_regs/Y (BUFx24_ASAP7_75t_R)
  26.56  333.63 ^ clkbuf_3_1_1_g_el[0].u_elem.g_cg.u_cg.gclk_regs/Y (BUFx24_ASAP7_75t_R)
  26.05  359.67 ^ clkbuf_5_5_0_g_el[0].u_elem.g_cg.u_cg.gclk_regs/Y (BUFx24_ASAP7_75t_R)
  33.58  393.26 ^ clkbuf_7_21_0_g_el[0].u_elem.g_cg.u_cg.gclk_regs/Y (BUFx24_ASAP7_75t_R)
  38.34  431.60 ^ clkbuf_leaf_1019_g_el[0].u_elem.g_cg.u_cg.gclk_regs/Y (BUFx24_ASAP7_75t_R)
   1.31  432.91 ^ g_el[0].u_elem.g_ir.r_xs_e0[2]$_DFF_P_/CLK (DFFHQNx1_ASAP7_75t_R)
  25.00  457.91   clock uncertainty
   0.00  457.91   clock reconvergence pessimism
  12.76  470.67   library hold time
         470.67   data required time
---------------------------------------------------------
         470.67   data required time
        -370.77   data arrival time
---------------------------------------------------------
         -99.91   slack (VIOLATED)


GROUP xs_e1 max WC
[WARNING STA-0502] report_checks -endpoint_count is deprecated. Use -endpoint_path_count instead.
[WARNING STA-0503] report_checks -group_count is deprecated. Use -group_path_count instead.
Startpoint: xs_e1[9] (input port clocked by core_clk)
Endpoint: g_el[0].u_elem.g_ir.r_xs_e1[9]$_DFF_P_
          (rising edge-triggered flip-flop clocked by core_clk)
Path Group: core_clk
Path Type: max
Corner: WC

  Delay    Time   Description
---------------------------------------------------------
   0.00    0.00   clock core_clk (rise edge)
   0.00    0.00   clock network delay (propagated)
 727.00  727.00 v input external delay
   0.00  727.00 v xs_e1[9] (in)
  23.34  750.34 v hold48262/Y (BUFx2_ASAP7_75t_R)
  27.17  777.51 v hold47407/Y (BUFx2_ASAP7_75t_R)
  28.09  805.61 v hold48263/Y (BUFx2_ASAP7_75t_R)
  29.25  834.86 v hold46458/Y (BUFx2_ASAP7_75t_R)
  27.68  862.54 v hold48264/Y (BUFx2_ASAP7_75t_R)
  27.68  890.22 v hold47408/Y (BUFx2_ASAP7_75t_R)
  27.34  917.56 v hold48265/Y (BUFx2_ASAP7_75t_R)
  27.31  944.87 v hold44433/Y (BUFx2_ASAP7_75t_R)
  27.17  972.04 v hold48266/Y (BUFx2_ASAP7_75t_R)
  26.93  998.97 v hold47409/Y (BUFx2_ASAP7_75t_R)
  26.97 1025.94 v hold46459/Y (BUFx2_ASAP7_75t_R)
  27.58 1053.52 v hold47410/Y (BUFx2_ASAP7_75t_R)
  27.77 1081.30 v input1313/Y (BUFx2_ASAP7_75t_R)
  27.62 1108.91 v hold47411/Y (BUFx2_ASAP7_75t_R)
  27.37 1136.28 v hold46460/Y (BUFx2_ASAP7_75t_R)
  27.75 1164.03 v hold47412/Y (BUFx2_ASAP7_75t_R)
  27.79 1191.82 v hold44434/Y (BUFx2_ASAP7_75t_R)
  27.46 1219.28 v hold47413/Y (BUFx2_ASAP7_75t_R)
  27.12 1246.40 v hold46461/Y (BUFx2_ASAP7_75t_R)
  27.61 1274.01 v hold47414/Y (BUFx2_ASAP7_75t_R)
   0.05 1274.05 v g_el[0].u_elem.g_ir.r_xs_e1[9]$_DFF_P_/D (DFFHQNx1_ASAP7_75t_R)
        1274.05   data arrival time

 833.00  833.00   clock core_clk (rise edge)
   0.00  833.00   clock source latency
   0.00  833.00 ^ clk (in)
 127.24  960.24 ^ u_ao.u_ctl.u_spine_cg.u_icg/GCLK (ICGx1_ASAP7_75t_R)
  97.46 1057.70 ^ clkbuf_0_g_el[0].u_dif.e_clk/Y (BUFx24_ASAP7_75t_R)
  34.50 1092.20 ^ clkbuf_1_0__f_g_el[0].u_dif.e_clk/Y (BUFx24_ASAP7_75t_R)
  40.67 1132.86 ^ g_el[0].u_elem.g_cg.u_cg.u_icg/GCLK (ICGx1_ASAP7_75t_R)
  47.01 1179.87 ^ clkbuf_regs_1_core_clk/Y (BUFx24_ASAP7_75t_R)
  34.94 1214.80 ^ clkbuf_0_g_el[0].u_elem.g_cg.u_cg.gclk_regs/Y (BUFx24_ASAP7_75t_R)
  40.05 1254.86 ^ clkbuf_1_0_0_g_el[0].u_elem.g_cg.u_cg.gclk_regs/Y (BUFx24_ASAP7_75t_R)
  40.58 1295.44 ^ clkbuf_1_0_1_g_el[0].u_elem.g_cg.u_cg.gclk_regs/Y (BUFx24_ASAP7_75t_R)
  41.30 1336.74 ^ clkbuf_1_0_2_g_el[0].u_elem.g_cg.u_cg.gclk_regs/Y (BUFx24_ASAP7_75t_R)
  43.21 1379.95 ^ clkbuf_3_3_0_g_el[0].u_elem.g_cg.u_cg.gclk_regs/Y (BUFx24_ASAP7_75t_R)
  41.17 1421.12 ^ clkbuf_3_3_1_g_el[0].u_elem.g_cg.u_cg.gclk_regs/Y (BUFx24_ASAP7_75t_R)
  41.47 1462.59 ^ clkbuf_5_15_0_g_el[0].u_elem.g_cg.u_cg.gclk_regs/Y (BUFx24_ASAP7_75t_R)
  48.96 1511.55 ^ clkbuf_7_62_0_g_el[0].u_elem.g_cg.u_cg.gclk_regs/Y (BUFx24_ASAP7_75t_R)
  45.56 1557.11 ^ clkbuf_leaf_253_g_el[0].u_elem.g_cg.u_cg.gclk_regs/Y (BUFx24_ASAP7_75t_R)
   0.37 1557.47 ^ g_el[0].u_elem.g_ir.r_xs_e1[9]$_DFF_P_/CLK (DFFHQNx1_ASAP7_75t_R)
 -60.00 1497.47   clock uncertainty
   0.00 1497.47   clock reconvergence pessimism
  -0.10 1497.37   library setup time
        1497.37   data required time
---------------------------------------------------------
        1497.37   data required time
        -1274.05   data arrival time
---------------------------------------------------------
         223.32   slack (MET)


GROUP xs_e1 min BC
[WARNING STA-0502] report_checks -endpoint_count is deprecated. Use -endpoint_path_count instead.
[WARNING STA-0503] report_checks -group_count is deprecated. Use -group_path_count instead.
Startpoint: xs_e1[4] (input port clocked by core_clk)
Endpoint: g_el[0].u_elem.g_ir.r_xs_e1[4]$_DFF_P_
          (rising edge-triggered flip-flop clocked by core_clk)
Path Group: core_clk
Path Type: min
Corner: BC

  Delay    Time   Description
---------------------------------------------------------
   0.00    0.00   clock core_clk (rise edge)
   0.00    0.00   clock network delay (propagated)
 360.00  360.00 v input external delay
   0.00  360.00 v xs_e1[4] (in)
  11.13  371.13 v input1308/Y (BUFx2_ASAP7_75t_R)
   0.07  371.20 v g_el[0].u_elem.g_ir.r_xs_e1[4]$_DFF_P_/D (DFFHQNx1_ASAP7_75t_R)
         371.20   data arrival time

   0.00    0.00   clock core_clk (rise edge)
   0.00    0.00   clock source latency
   0.00    0.00 ^ clk (in)
  64.87   64.87 ^ u_ao.u_ctl.u_spine_cg.u_icg/GCLK (ICGx1_ASAP7_75t_R)
  51.54  116.42 ^ clkbuf_0_g_el[0].u_dif.e_clk/Y (BUFx24_ASAP7_75t_R)
  18.05  134.47 ^ clkbuf_1_0__f_g_el[0].u_dif.e_clk/Y (BUFx24_ASAP7_75t_R)
  23.64  158.11 ^ g_el[0].u_elem.g_cg.u_cg.u_icg/GCLK (ICGx1_ASAP7_75t_R)
  25.09  183.19 ^ clkbuf_regs_1_core_clk/Y (BUFx24_ASAP7_75t_R)
  18.98  202.18 ^ clkbuf_0_g_el[0].u_elem.g_cg.u_cg.gclk_regs/Y (BUFx24_ASAP7_75t_R)
  24.71  226.89 ^ clkbuf_1_0_0_g_el[0].u_elem.g_cg.u_cg.gclk_regs/Y (BUFx24_ASAP7_75t_R)
  25.90  252.80 ^ clkbuf_1_0_1_g_el[0].u_elem.g_cg.u_cg.gclk_regs/Y (BUFx24_ASAP7_75t_R)
  25.85  278.65 ^ clkbuf_1_0_2_g_el[0].u_elem.g_cg.u_cg.gclk_regs/Y (BUFx24_ASAP7_75t_R)
  28.81  307.46 ^ clkbuf_3_3_0_g_el[0].u_elem.g_cg.u_cg.gclk_regs/Y (BUFx24_ASAP7_75t_R)
  26.15  333.61 ^ clkbuf_3_3_1_g_el[0].u_elem.g_cg.u_cg.gclk_regs/Y (BUFx24_ASAP7_75t_R)
  26.84  360.45 ^ clkbuf_5_15_0_g_el[0].u_elem.g_cg.u_cg.gclk_regs/Y (BUFx24_ASAP7_75t_R)
  34.59  395.05 ^ clkbuf_7_63_0_g_el[0].u_elem.g_cg.u_cg.gclk_regs/Y (BUFx24_ASAP7_75t_R)
  30.28  425.33 ^ clkbuf_leaf_252_g_el[0].u_elem.g_cg.u_cg.gclk_regs/Y (BUFx24_ASAP7_75t_R)
   1.04  426.37 ^ g_el[0].u_elem.g_ir.r_xs_e1[4]$_DFF_P_/CLK (DFFHQNx1_ASAP7_75t_R)
  25.00  451.37   clock uncertainty
   0.00  451.37   clock reconvergence pessimism
  12.51  463.87   library hold time
         463.87   data required time
---------------------------------------------------------
         463.87   data required time
        -371.20   data arrival time
---------------------------------------------------------
         -92.67   slack (VIOLATED)


GROUP pval max WC
[WARNING STA-0502] report_checks -endpoint_count is deprecated. Use -endpoint_path_count instead.
[WARNING STA-0503] report_checks -group_count is deprecated. Use -group_path_count instead.
Startpoint: g_el[0].u_elem.g_mac[0].o_val[6]$_DFF_P_
            (rising edge-triggered flip-flop clocked by core_clk)
Endpoint: pval[6] (output port clocked by core_clk)
Path Group: core_clk
Path Type: max
Corner: WC

  Delay    Time   Description
---------------------------------------------------------
   0.00    0.00   clock core_clk (rise edge)
   0.00    0.00   clock source latency
   0.00    0.00 ^ clk (in)
 135.90  135.90 ^ u_ao.u_ctl.u_spine_cg.u_icg/GCLK (ICGx1_ASAP7_75t_R)
 101.49  237.39 ^ clkbuf_0_g_el[0].u_dif.e_clk/Y (BUFx24_ASAP7_75t_R)
  35.28  272.66 ^ clkbuf_1_0__f_g_el[0].u_dif.e_clk/Y (BUFx24_ASAP7_75t_R)
  48.41  321.07 ^ g_el[0].u_elem.g_cg.u_cg.u_icg/GCLK (ICGx1_ASAP7_75t_R)
  52.82  373.90 ^ clkbuf_regs_1_core_clk/Y (BUFx24_ASAP7_75t_R)
  35.76  409.66 ^ clkbuf_0_g_el[0].u_elem.g_cg.u_cg.gclk_regs/Y (BUFx24_ASAP7_75t_R)
  41.20  450.86 ^ clkbuf_1_0_0_g_el[0].u_elem.g_cg.u_cg.gclk_regs/Y (BUFx24_ASAP7_75t_R)
  41.72  492.58 ^ clkbuf_1_0_1_g_el[0].u_elem.g_cg.u_cg.gclk_regs/Y (BUFx24_ASAP7_75t_R)
  42.72  535.29 ^ clkbuf_1_0_2_g_el[0].u_elem.g_cg.u_cg.gclk_regs/Y (BUFx24_ASAP7_75t_R)
  45.31  580.60 ^ clkbuf_3_2_0_g_el[0].u_elem.g_cg.u_cg.gclk_regs/Y (BUFx24_ASAP7_75t_R)
  43.07  623.67 ^ clkbuf_3_2_1_g_el[0].u_elem.g_cg.u_cg.gclk_regs/Y (BUFx24_ASAP7_75t_R)
  40.74  664.41 ^ clkbuf_5_11_0_g_el[0].u_elem.g_cg.u_cg.gclk_regs/Y (BUFx24_ASAP7_75t_R)
  53.80  718.21 ^ clkbuf_7_47_0_g_el[0].u_elem.g_cg.u_cg.gclk_regs/Y (BUFx24_ASAP7_75t_R)
  52.96  771.17 ^ clkbuf_leaf_244_g_el[0].u_elem.g_cg.u_cg.gclk_regs/Y (BUFx24_ASAP7_75t_R)
   0.46  771.63 ^ g_el[0].u_elem.g_mac[0].o_val[6]$_DFF_P_/CLK (DFFHQNx1_ASAP7_75t_R)
 123.94  895.57 ^ g_el[0].u_elem.g_mac[0].o_val[6]$_DFF_P_/QN (DFFHQNx1_ASAP7_75t_R)
  42.54  938.11 v _225281_/Y (NOR2x1_ASAP7_75t_R)
  47.09  985.20 v output1965/Y (BUFx2_ASAP7_75t_R)
   0.33  985.53 v pval[6] (out)
         985.53   data arrival time

 833.00  833.00   clock core_clk (rise edge)
   0.00  833.00   clock network delay (propagated)
 -60.00  773.00   clock uncertainty
   0.00  773.00   clock reconvergence pessimism
 193.00  966.00   output external delay
         966.00   data required time
---------------------------------------------------------
         966.00   data required time
        -985.53   data arrival time
---------------------------------------------------------
         -19.53   slack (VIOLATED)


GROUP pval min BC
[WARNING STA-0502] report_checks -endpoint_count is deprecated. Use -endpoint_path_count instead.
[WARNING STA-0503] report_checks -group_count is deprecated. Use -group_path_count instead.
Startpoint: u_ao.g_e[0].u_eao.iso_q$_DFF_PN0_
            (rising edge-triggered flip-flop clocked by aon_clk)
Endpoint: pval[32] (output port clocked by core_clk)
Path Group: core_clk
Path Type: min
Corner: BC

  Delay    Time   Description
---------------------------------------------------------
   0.00    0.00   clock aon_clk (rise edge)
   0.00    0.00   clock source latency
   0.00    0.00 ^ aon_clk (in)
  20.26   20.26 ^ delaybuf_1_aon_clk/Y (BUFx24_ASAP7_75t_R)
  19.87   40.14 ^ delaybuf_2_aon_clk/Y (BUFx24_ASAP7_75t_R)
  19.44   59.58 ^ clkbuf_regs_2_aon_clk/Y (BUFx24_ASAP7_75t_R)
  17.58   77.16 ^ clkbuf_0_aon_clk_regs/Y (BUFx24_ASAP7_75t_R)
  27.66  104.82 ^ clkbuf_2_2_0_aon_clk_regs/Y (BUFx24_ASAP7_75t_R)
  20.35  125.17 ^ clkbuf_3_4__f_aon_clk_regs/Y (BUFx24_ASAP7_75t_R)
   1.18  126.34 ^ u_ao.g_e[0].u_eao.iso_q$_DFF_PN0_/CLK (DFFASRHQNx1_ASAP7_75t_R)
  37.30  163.64 ^ u_ao.g_e[0].u_eao.iso_q$_DFF_PN0_/QN (DFFASRHQNx1_ASAP7_75t_R)
  13.57  177.21 ^ hold44996/Y (BUFx2_ASAP7_75t_R)
  11.50  188.71 ^ hold44986/Y (BUFx2_ASAP7_75t_R)
  11.42  200.14 ^ hold44997/Y (BUFx2_ASAP7_75t_R)
  11.49  211.62 ^ hold44982/Y (BUFx2_ASAP7_75t_R)
  12.54  224.16 ^ hold44987/Y (BUFx2_ASAP7_75t_R)
  16.50  240.67 ^ place42712/Y (BUFx6f_ASAP7_75t_R)
  16.94  257.60 ^ hold44988/Y (BUFx2_ASAP7_75t_R)
  24.15  281.76 ^ hold44983/Y (BUFx2_ASAP7_75t_R)
  35.18  316.93 ^ hold44989/Y (BUFx2_ASAP7_75t_R)
  32.41  349.34 ^ place42708/Y (BUFx5_ASAP7_75t_R)
  16.91  366.25 v _225252_/Y (NOR2x1_ASAP7_75t_R)
  18.52  384.77 v output1930/Y (BUFx2_ASAP7_75t_R)
   0.28  385.05 v pval[32] (out)
         385.05   data arrival time

   0.00    0.00   clock core_clk (rise edge)
   0.00    0.00   clock network delay (propagated)
  25.00   25.00   inter-clock uncertainty
   0.00   25.00   clock reconvergence pessimism
 322.00  347.00   output external delay
         347.00   data required time
---------------------------------------------------------
         347.00   data required time
        -385.05   data arrival time
---------------------------------------------------------
          38.05   slack (MET)


GROUP prow max WC
[WARNING STA-0502] report_checks -endpoint_count is deprecated. Use -endpoint_path_count instead.
[WARNING STA-0503] report_checks -group_count is deprecated. Use -group_path_count instead.
Startpoint: g_el[0].u_elem.g_mac[1].o_row[7]$_DFF_P_
            (rising edge-triggered flip-flop clocked by core_clk)
Endpoint: prow[23] (output port clocked by core_clk)
Path Group: core_clk
Path Type: max
Corner: WC

  Delay    Time   Description
---------------------------------------------------------
   0.00    0.00   clock core_clk (rise edge)
   0.00    0.00   clock source latency
   0.00    0.00 ^ clk (in)
 135.90  135.90 ^ u_ao.u_ctl.u_spine_cg.u_icg/GCLK (ICGx1_ASAP7_75t_R)
 101.49  237.39 ^ clkbuf_0_g_el[0].u_dif.e_clk/Y (BUFx24_ASAP7_75t_R)
  35.28  272.66 ^ clkbuf_1_0__f_g_el[0].u_dif.e_clk/Y (BUFx24_ASAP7_75t_R)
  48.41  321.07 ^ g_el[0].u_elem.g_cg.u_cg.u_icg/GCLK (ICGx1_ASAP7_75t_R)
  52.82  373.90 ^ clkbuf_regs_1_core_clk/Y (BUFx24_ASAP7_75t_R)
  35.76  409.66 ^ clkbuf_0_g_el[0].u_elem.g_cg.u_cg.gclk_regs/Y (BUFx24_ASAP7_75t_R)
  41.20  450.86 ^ clkbuf_1_0_0_g_el[0].u_elem.g_cg.u_cg.gclk_regs/Y (BUFx24_ASAP7_75t_R)
  41.72  492.58 ^ clkbuf_1_0_1_g_el[0].u_elem.g_cg.u_cg.gclk_regs/Y (BUFx24_ASAP7_75t_R)
  42.72  535.29 ^ clkbuf_1_0_2_g_el[0].u_elem.g_cg.u_cg.gclk_regs/Y (BUFx24_ASAP7_75t_R)
  44.85  580.14 ^ clkbuf_3_0_0_g_el[0].u_elem.g_cg.u_cg.gclk_regs/Y (BUFx24_ASAP7_75t_R)
  42.43  622.58 ^ clkbuf_3_0_1_g_el[0].u_elem.g_cg.u_cg.gclk_regs/Y (BUFx24_ASAP7_75t_R)
  38.92  661.50 ^ clkbuf_5_3_0_g_el[0].u_elem.g_cg.u_cg.gclk_regs/Y (BUFx24_ASAP7_75t_R)
  55.04  716.54 ^ clkbuf_7_13_0_g_el[0].u_elem.g_cg.u_cg.gclk_regs/Y (BUFx24_ASAP7_75t_R)
  52.37  768.92 ^ clkbuf_leaf_20_g_el[0].u_elem.g_cg.u_cg.gclk_regs/Y (BUFx24_ASAP7_75t_R)
   0.50  769.42 ^ g_el[0].u_elem.g_mac[1].o_row[7]$_DFF_P_/CLK (DFFHQNx1_ASAP7_75t_R)
  99.11  868.53 v g_el[0].u_elem.g_mac[1].o_row[7]$_DFF_P_/QN (DFFHQNx1_ASAP7_75t_R)
  27.72  896.24 ^ _225193_/Y (NOR2x1_ASAP7_75t_R)
  78.31  974.55 ^ place36702/Y (BUFx2_ASAP7_75t_R)
 105.31 1079.86 ^ output1876/Y (BUFx2_ASAP7_75t_R)
   9.67 1089.53 ^ prow[23] (out)
        1089.53   data arrival time

 833.00  833.00   clock core_clk (rise edge)
   0.00  833.00   clock network delay (propagated)
 -60.00  773.00   clock uncertainty
   0.00  773.00   clock reconvergence pessimism
 193.00  966.00   output external delay
         966.00   data required time
---------------------------------------------------------
         966.00   data required time
        -1089.53   data arrival time
---------------------------------------------------------
        -123.53   slack (VIOLATED)


GROUP prow min BC
[WARNING STA-0502] report_checks -endpoint_count is deprecated. Use -endpoint_path_count instead.
[WARNING STA-0503] report_checks -group_count is deprecated. Use -group_path_count instead.
Startpoint: u_ao.g_e[0].u_eao.iso_q$_DFF_PN0_
            (rising edge-triggered flip-flop clocked by aon_clk)
Endpoint: prow[28] (output port clocked by core_clk)
Path Group: core_clk
Path Type: min
Corner: BC

  Delay    Time   Description
---------------------------------------------------------
   0.00    0.00   clock aon_clk (rise edge)
   0.00    0.00   clock source latency
   0.00    0.00 ^ aon_clk (in)
  20.26   20.26 ^ delaybuf_1_aon_clk/Y (BUFx24_ASAP7_75t_R)
  19.87   40.14 ^ delaybuf_2_aon_clk/Y (BUFx24_ASAP7_75t_R)
  19.44   59.58 ^ clkbuf_regs_2_aon_clk/Y (BUFx24_ASAP7_75t_R)
  17.58   77.16 ^ clkbuf_0_aon_clk_regs/Y (BUFx24_ASAP7_75t_R)
  27.66  104.82 ^ clkbuf_2_2_0_aon_clk_regs/Y (BUFx24_ASAP7_75t_R)
  20.35  125.17 ^ clkbuf_3_4__f_aon_clk_regs/Y (BUFx24_ASAP7_75t_R)
   1.18  126.34 ^ u_ao.g_e[0].u_eao.iso_q$_DFF_PN0_/CLK (DFFASRHQNx1_ASAP7_75t_R)
  37.30  163.64 ^ u_ao.g_e[0].u_eao.iso_q$_DFF_PN0_/QN (DFFASRHQNx1_ASAP7_75t_R)
  13.57  177.21 ^ hold44996/Y (BUFx2_ASAP7_75t_R)
  11.50  188.71 ^ hold44986/Y (BUFx2_ASAP7_75t_R)
  11.42  200.14 ^ hold44997/Y (BUFx2_ASAP7_75t_R)
  11.49  211.62 ^ hold44982/Y (BUFx2_ASAP7_75t_R)
  12.54  224.16 ^ hold44987/Y (BUFx2_ASAP7_75t_R)
  16.50  240.67 ^ place42712/Y (BUFx6f_ASAP7_75t_R)
  16.94  257.60 ^ hold44988/Y (BUFx2_ASAP7_75t_R)
  24.15  281.76 ^ hold44983/Y (BUFx2_ASAP7_75t_R)
  35.18  316.93 ^ hold44989/Y (BUFx2_ASAP7_75t_R)
  10.43  327.36 v _225186_/Y (NOR2x1_ASAP7_75t_R)
  22.42  349.78 v output1881/Y (BUFx2_ASAP7_75t_R)
   4.13  353.91 v prow[28] (out)
         353.91   data arrival time

   0.00    0.00   clock core_clk (rise edge)
   0.00    0.00   clock network delay (propagated)
  25.00   25.00   inter-clock uncertainty
   0.00   25.00   clock reconvergence pessimism
 322.00  347.00   output external delay
         347.00   data required time
---------------------------------------------------------
         347.00   data required time
        -353.91   data arrival time
---------------------------------------------------------
           6.91   slack (MET)


GROUP pseg max WC
[WARNING STA-0502] report_checks -endpoint_count is deprecated. Use -endpoint_path_count instead.
[WARNING STA-0503] report_checks -group_count is deprecated. Use -group_path_count instead.
Startpoint: g_el[0].u_elem.g_mac[0].o_seg[3]$_DFF_P_
            (rising edge-triggered flip-flop clocked by core_clk)
Endpoint: pseg[3] (output port clocked by core_clk)
Path Group: core_clk
Path Type: max
Corner: WC

  Delay    Time   Description
---------------------------------------------------------
   0.00    0.00   clock core_clk (rise edge)
   0.00    0.00   clock source latency
   0.00    0.00 ^ clk (in)
 135.90  135.90 ^ u_ao.u_ctl.u_spine_cg.u_icg/GCLK (ICGx1_ASAP7_75t_R)
 101.49  237.39 ^ clkbuf_0_g_el[0].u_dif.e_clk/Y (BUFx24_ASAP7_75t_R)
  35.28  272.66 ^ clkbuf_1_0__f_g_el[0].u_dif.e_clk/Y (BUFx24_ASAP7_75t_R)
  48.41  321.07 ^ g_el[0].u_elem.g_cg.u_cg.u_icg/GCLK (ICGx1_ASAP7_75t_R)
  52.82  373.90 ^ clkbuf_regs_1_core_clk/Y (BUFx24_ASAP7_75t_R)
  35.76  409.66 ^ clkbuf_0_g_el[0].u_elem.g_cg.u_cg.gclk_regs/Y (BUFx24_ASAP7_75t_R)
  41.20  450.86 ^ clkbuf_1_0_0_g_el[0].u_elem.g_cg.u_cg.gclk_regs/Y (BUFx24_ASAP7_75t_R)
  41.72  492.58 ^ clkbuf_1_0_1_g_el[0].u_elem.g_cg.u_cg.gclk_regs/Y (BUFx24_ASAP7_75t_R)
  42.72  535.29 ^ clkbuf_1_0_2_g_el[0].u_elem.g_cg.u_cg.gclk_regs/Y (BUFx24_ASAP7_75t_R)
  44.85  580.14 ^ clkbuf_3_0_0_g_el[0].u_elem.g_cg.u_cg.gclk_regs/Y (BUFx24_ASAP7_75t_R)
  42.43  622.58 ^ clkbuf_3_0_1_g_el[0].u_elem.g_cg.u_cg.gclk_regs/Y (BUFx24_ASAP7_75t_R)
  38.92  661.50 ^ clkbuf_5_3_0_g_el[0].u_elem.g_cg.u_cg.gclk_regs/Y (BUFx24_ASAP7_75t_R)
  55.04  716.54 ^ clkbuf_7_13_0_g_el[0].u_elem.g_cg.u_cg.gclk_regs/Y (BUFx24_ASAP7_75t_R)
  55.24  771.78 ^ clkbuf_leaf_965_g_el[0].u_elem.g_cg.u_cg.gclk_regs/Y (BUFx24_ASAP7_75t_R)
   0.50  772.28 ^ g_el[0].u_elem.g_mac[0].o_seg[3]$_DFF_P_/CLK (DFFHQNx1_ASAP7_75t_R)
  98.15  870.43 v g_el[0].u_elem.g_mac[0].o_seg[3]$_DFF_P_/QN (DFFHQNx1_ASAP7_75t_R)
  66.06  936.49 ^ _225180_/Y (NOR2x2_ASAP7_75t_R)
 111.02 1047.51 ^ output1896/Y (BUFx2_ASAP7_75t_R)
  12.11 1059.62 ^ pseg[3] (out)
        1059.62   data arrival time

 833.00  833.00   clock core_clk (rise edge)
   0.00  833.00   clock network delay (propagated)
 -60.00  773.00   clock uncertainty
   0.00  773.00   clock reconvergence pessimism
 193.00  966.00   output external delay
         966.00   data required time
---------------------------------------------------------
         966.00   data required time
        -1059.62   data arrival time
---------------------------------------------------------
         -93.62   slack (VIOLATED)


GROUP pseg min BC
[WARNING STA-0502] report_checks -endpoint_count is deprecated. Use -endpoint_path_count instead.
[WARNING STA-0503] report_checks -group_count is deprecated. Use -group_path_count instead.
Startpoint: u_ao.g_e[0].u_eao.iso_q$_DFF_PN0_
            (rising edge-triggered flip-flop clocked by aon_clk)
Endpoint: pseg[7] (output port clocked by core_clk)
Path Group: core_clk
Path Type: min
Corner: BC

  Delay    Time   Description
---------------------------------------------------------
   0.00    0.00   clock aon_clk (rise edge)
   0.00    0.00   clock source latency
   0.00    0.00 ^ aon_clk (in)
  20.26   20.26 ^ delaybuf_1_aon_clk/Y (BUFx24_ASAP7_75t_R)
  19.87   40.14 ^ delaybuf_2_aon_clk/Y (BUFx24_ASAP7_75t_R)
  19.44   59.58 ^ clkbuf_regs_2_aon_clk/Y (BUFx24_ASAP7_75t_R)
  17.58   77.16 ^ clkbuf_0_aon_clk_regs/Y (BUFx24_ASAP7_75t_R)
  27.66  104.82 ^ clkbuf_2_2_0_aon_clk_regs/Y (BUFx24_ASAP7_75t_R)
  20.35  125.17 ^ clkbuf_3_4__f_aon_clk_regs/Y (BUFx24_ASAP7_75t_R)
   1.18  126.34 ^ u_ao.g_e[0].u_eao.iso_q$_DFF_PN0_/CLK (DFFASRHQNx1_ASAP7_75t_R)
  37.30  163.64 ^ u_ao.g_e[0].u_eao.iso_q$_DFF_PN0_/QN (DFFASRHQNx1_ASAP7_75t_R)
  13.57  177.21 ^ hold44996/Y (BUFx2_ASAP7_75t_R)
  11.50  188.71 ^ hold44986/Y (BUFx2_ASAP7_75t_R)
  11.42  200.14 ^ hold44997/Y (BUFx2_ASAP7_75t_R)
  11.49  211.62 ^ hold44982/Y (BUFx2_ASAP7_75t_R)
  12.54  224.16 ^ hold44987/Y (BUFx2_ASAP7_75t_R)
  16.50  240.67 ^ place42712/Y (BUFx6f_ASAP7_75t_R)
  80.08  320.75 ^ place42711/Y (BUFx4_ASAP7_75t_R)
  30.87  351.62 v _225175_/Y (NOR2x2_ASAP7_75t_R)
  49.25  400.87 v output1900/Y (BUFx2_ASAP7_75t_R)
  12.55  413.42 v pseg[7] (out)
         413.42   data arrival time

   0.00    0.00   clock core_clk (rise edge)
   0.00    0.00   clock network delay (propagated)
  25.00   25.00   inter-clock uncertainty
   0.00   25.00   clock reconvergence pessimism
 322.00  347.00   output external delay
         347.00   data required time
---------------------------------------------------------
         347.00   data required time
        -413.42   data arrival time
---------------------------------------------------------
          66.42   slack (MET)


GROUP pnseg max WC
[WARNING STA-0502] report_checks -endpoint_count is deprecated. Use -endpoint_path_count instead.
[WARNING STA-0503] report_checks -group_count is deprecated. Use -group_path_count instead.
Startpoint: g_el[0].u_elem.g_mac[0].o_n[3]$_DFF_P_
            (rising edge-triggered flip-flop clocked by core_clk)
Endpoint: pnseg[3] (output port clocked by core_clk)
Path Group: core_clk
Path Type: max
Corner: WC

  Delay    Time   Description
---------------------------------------------------------
   0.00    0.00   clock core_clk (rise edge)
   0.00    0.00   clock source latency
   0.00    0.00 ^ clk (in)
 135.90  135.90 ^ u_ao.u_ctl.u_spine_cg.u_icg/GCLK (ICGx1_ASAP7_75t_R)
 101.49  237.39 ^ clkbuf_0_g_el[0].u_dif.e_clk/Y (BUFx24_ASAP7_75t_R)
  35.28  272.66 ^ clkbuf_1_0__f_g_el[0].u_dif.e_clk/Y (BUFx24_ASAP7_75t_R)
  48.41  321.07 ^ g_el[0].u_elem.g_cg.u_cg.u_icg/GCLK (ICGx1_ASAP7_75t_R)
  52.82  373.90 ^ clkbuf_regs_1_core_clk/Y (BUFx24_ASAP7_75t_R)
  35.76  409.66 ^ clkbuf_0_g_el[0].u_elem.g_cg.u_cg.gclk_regs/Y (BUFx24_ASAP7_75t_R)
  41.20  450.86 ^ clkbuf_1_0_0_g_el[0].u_elem.g_cg.u_cg.gclk_regs/Y (BUFx24_ASAP7_75t_R)
  41.72  492.58 ^ clkbuf_1_0_1_g_el[0].u_elem.g_cg.u_cg.gclk_regs/Y (BUFx24_ASAP7_75t_R)
  42.72  535.29 ^ clkbuf_1_0_2_g_el[0].u_elem.g_cg.u_cg.gclk_regs/Y (BUFx24_ASAP7_75t_R)
  44.85  580.14 ^ clkbuf_3_0_0_g_el[0].u_elem.g_cg.u_cg.gclk_regs/Y (BUFx24_ASAP7_75t_R)
  42.43  622.58 ^ clkbuf_3_0_1_g_el[0].u_elem.g_cg.u_cg.gclk_regs/Y (BUFx24_ASAP7_75t_R)
  38.92  661.50 ^ clkbuf_5_3_0_g_el[0].u_elem.g_cg.u_cg.gclk_regs/Y (BUFx24_ASAP7_75t_R)
  55.04  716.54 ^ clkbuf_7_13_0_g_el[0].u_elem.g_cg.u_cg.gclk_regs/Y (BUFx24_ASAP7_75t_R)
  55.24  771.78 ^ clkbuf_leaf_965_g_el[0].u_elem.g_cg.u_cg.gclk_regs/Y (BUFx24_ASAP7_75t_R)
   0.32  772.11 ^ g_el[0].u_elem.g_mac[0].o_n[3]$_DFF_P_/CLK (DFFHQNx1_ASAP7_75t_R)
  97.91  870.01 v g_el[0].u_elem.g_mac[0].o_n[3]$_DFF_P_/QN (DFFHQNx1_ASAP7_75t_R)
  63.31  933.32 ^ _225170_/Y (NOR2x2_ASAP7_75t_R)
 107.99 1041.31 ^ output1848/Y (BUFx2_ASAP7_75t_R)
  12.98 1054.30 ^ pnseg[3] (out)
        1054.30   data arrival time

 833.00  833.00   clock core_clk (rise edge)
   0.00  833.00   clock network delay (propagated)
 -60.00  773.00   clock uncertainty
   0.00  773.00   clock reconvergence pessimism
 193.00  966.00   output external delay
         966.00   data required time
---------------------------------------------------------
         966.00   data required time
        -1054.30   data arrival time
---------------------------------------------------------
         -88.30   slack (VIOLATED)


GROUP pnseg min BC
[WARNING STA-0502] report_checks -endpoint_count is deprecated. Use -endpoint_path_count instead.
[WARNING STA-0503] report_checks -group_count is deprecated. Use -group_path_count instead.
Startpoint: u_ao.g_e[0].u_eao.iso_q$_DFF_PN0_
            (rising edge-triggered flip-flop clocked by aon_clk)
Endpoint: pnseg[8] (output port clocked by core_clk)
Path Group: core_clk
Path Type: min
Corner: BC

  Delay    Time   Description
---------------------------------------------------------
   0.00    0.00   clock aon_clk (rise edge)
   0.00    0.00   clock source latency
   0.00    0.00 ^ aon_clk (in)
  20.26   20.26 ^ delaybuf_1_aon_clk/Y (BUFx24_ASAP7_75t_R)
  19.87   40.14 ^ delaybuf_2_aon_clk/Y (BUFx24_ASAP7_75t_R)
  19.44   59.58 ^ clkbuf_regs_2_aon_clk/Y (BUFx24_ASAP7_75t_R)
  17.58   77.16 ^ clkbuf_0_aon_clk_regs/Y (BUFx24_ASAP7_75t_R)
  27.66  104.82 ^ clkbuf_2_2_0_aon_clk_regs/Y (BUFx24_ASAP7_75t_R)
  20.35  125.17 ^ clkbuf_3_4__f_aon_clk_regs/Y (BUFx24_ASAP7_75t_R)
   1.18  126.34 ^ u_ao.g_e[0].u_eao.iso_q$_DFF_PN0_/CLK (DFFASRHQNx1_ASAP7_75t_R)
  37.30  163.64 ^ u_ao.g_e[0].u_eao.iso_q$_DFF_PN0_/QN (DFFASRHQNx1_ASAP7_75t_R)
  13.57  177.21 ^ hold44996/Y (BUFx2_ASAP7_75t_R)
  11.50  188.71 ^ hold44986/Y (BUFx2_ASAP7_75t_R)
  11.42  200.14 ^ hold44997/Y (BUFx2_ASAP7_75t_R)
  11.49  211.62 ^ hold44982/Y (BUFx2_ASAP7_75t_R)
  12.54  224.16 ^ hold44987/Y (BUFx2_ASAP7_75t_R)
  16.50  240.67 ^ place42712/Y (BUFx6f_ASAP7_75t_R)
  80.08  320.75 ^ place42711/Y (BUFx4_ASAP7_75t_R)
  30.92  351.67 v _225164_/Y (NOR2x2_ASAP7_75t_R)
  48.27  399.94 v output1853/Y (BUFx2_ASAP7_75t_R)
  12.03  411.97 v pnseg[8] (out)
         411.97   data arrival time

   0.00    0.00   clock core_clk (rise edge)
   0.00    0.00   clock network delay (propagated)
  25.00   25.00   inter-clock uncertainty
   0.00   25.00   clock reconvergence pessimism
 322.00  347.00   output external delay
         347.00   data required time
---------------------------------------------------------
         347.00   data required time
        -411.97   data arrival time
---------------------------------------------------------
          64.97   slack (MET)


GROUP ppos max WC
[WARNING STA-0502] report_checks -endpoint_count is deprecated. Use -endpoint_path_count instead.
[WARNING STA-0503] report_checks -group_count is deprecated. Use -group_path_count instead.
Startpoint: g_el[0].u_elem.g_mac[1].o_pos[2]$_DFF_P_
            (rising edge-triggered flip-flop clocked by core_clk)
Endpoint: ppos[5] (output port clocked by core_clk)
Path Group: core_clk
Path Type: max
Corner: WC

  Delay    Time   Description
---------------------------------------------------------
   0.00    0.00   clock core_clk (rise edge)
   0.00    0.00   clock source latency
   0.00    0.00 ^ clk (in)
 135.90  135.90 ^ u_ao.u_ctl.u_spine_cg.u_icg/GCLK (ICGx1_ASAP7_75t_R)
 101.49  237.39 ^ clkbuf_0_g_el[0].u_dif.e_clk/Y (BUFx24_ASAP7_75t_R)
  35.28  272.66 ^ clkbuf_1_0__f_g_el[0].u_dif.e_clk/Y (BUFx24_ASAP7_75t_R)
  48.41  321.07 ^ g_el[0].u_elem.g_cg.u_cg.u_icg/GCLK (ICGx1_ASAP7_75t_R)
  52.82  373.90 ^ clkbuf_regs_1_core_clk/Y (BUFx24_ASAP7_75t_R)
  35.76  409.66 ^ clkbuf_0_g_el[0].u_elem.g_cg.u_cg.gclk_regs/Y (BUFx24_ASAP7_75t_R)
  41.20  450.86 ^ clkbuf_1_0_0_g_el[0].u_elem.g_cg.u_cg.gclk_regs/Y (BUFx24_ASAP7_75t_R)
  41.72  492.58 ^ clkbuf_1_0_1_g_el[0].u_elem.g_cg.u_cg.gclk_regs/Y (BUFx24_ASAP7_75t_R)
  42.72  535.29 ^ clkbuf_1_0_2_g_el[0].u_elem.g_cg.u_cg.gclk_regs/Y (BUFx24_ASAP7_75t_R)
  45.31  580.60 ^ clkbuf_3_2_0_g_el[0].u_elem.g_cg.u_cg.gclk_regs/Y (BUFx24_ASAP7_75t_R)
  43.07  623.67 ^ clkbuf_3_2_1_g_el[0].u_elem.g_cg.u_cg.gclk_regs/Y (BUFx24_ASAP7_75t_R)
  38.92  662.59 ^ clkbuf_5_8_0_g_el[0].u_elem.g_cg.u_cg.gclk_regs/Y (BUFx24_ASAP7_75t_R)
  47.52  710.11 ^ clkbuf_7_34_0_g_el[0].u_elem.g_cg.u_cg.gclk_regs/Y (BUFx24_ASAP7_75t_R)
  69.55  779.66 ^ clkbuf_leaf_209_g_el[0].u_elem.g_cg.u_cg.gclk_regs/Y (BUFx24_ASAP7_75t_R)
   0.42  780.09 ^ g_el[0].u_elem.g_mac[1].o_pos[2]$_DFF_P_/CLK (DFFHQNx1_ASAP7_75t_R)
 117.96  898.05 ^ g_el[0].u_elem.g_mac[1].o_pos[2]$_DFF_P_/QN (DFFHQNx1_ASAP7_75t_R)
  82.06  980.11 ^ place38510/Y (BUFx2_ASAP7_75t_R)
  60.65 1040.76 v _292675_/Y (NOR2x1_ASAP7_75t_R)
  53.51 1094.27 v output1860/Y (BUFx2_ASAP7_75t_R)
   0.16 1094.43 v ppos[5] (out)
        1094.43   data arrival time

 833.00  833.00   clock core_clk (rise edge)
   0.00  833.00   clock network delay (propagated)
 -60.00  773.00   clock uncertainty
   0.00  773.00   clock reconvergence pessimism
 193.00  966.00   output external delay
         966.00   data required time
---------------------------------------------------------
         966.00   data required time
        -1094.43   data arrival time
---------------------------------------------------------
        -128.43   slack (VIOLATED)


GROUP ppos min BC
[WARNING STA-0502] report_checks -endpoint_count is deprecated. Use -endpoint_path_count instead.
[WARNING STA-0503] report_checks -group_count is deprecated. Use -group_path_count instead.
Startpoint: u_ao.g_e[0].u_eao.iso_q$_DFF_PN0_
            (rising edge-triggered flip-flop clocked by aon_clk)
Endpoint: ppos[2] (output port clocked by core_clk)
Path Group: core_clk
Path Type: min
Corner: BC

  Delay    Time   Description
---------------------------------------------------------
   0.00    0.00   clock aon_clk (rise edge)
   0.00    0.00   clock source latency
   0.00    0.00 ^ aon_clk (in)
  20.26   20.26 ^ delaybuf_1_aon_clk/Y (BUFx24_ASAP7_75t_R)
  19.87   40.14 ^ delaybuf_2_aon_clk/Y (BUFx24_ASAP7_75t_R)
  19.44   59.58 ^ clkbuf_regs_2_aon_clk/Y (BUFx24_ASAP7_75t_R)
  17.58   77.16 ^ clkbuf_0_aon_clk_regs/Y (BUFx24_ASAP7_75t_R)
  27.66  104.82 ^ clkbuf_2_2_0_aon_clk_regs/Y (BUFx24_ASAP7_75t_R)
  20.35  125.17 ^ clkbuf_3_4__f_aon_clk_regs/Y (BUFx24_ASAP7_75t_R)
   1.18  126.34 ^ u_ao.g_e[0].u_eao.iso_q$_DFF_PN0_/CLK (DFFASRHQNx1_ASAP7_75t_R)
  37.30  163.64 ^ u_ao.g_e[0].u_eao.iso_q$_DFF_PN0_/QN (DFFASRHQNx1_ASAP7_75t_R)
  13.57  177.21 ^ hold44996/Y (BUFx2_ASAP7_75t_R)
  11.50  188.71 ^ hold44986/Y (BUFx2_ASAP7_75t_R)
  11.42  200.14 ^ hold44997/Y (BUFx2_ASAP7_75t_R)
  11.49  211.62 ^ hold44982/Y (BUFx2_ASAP7_75t_R)
  12.54  224.16 ^ hold44987/Y (BUFx2_ASAP7_75t_R)
  16.50  240.67 ^ place42712/Y (BUFx6f_ASAP7_75t_R)
  16.94  257.60 ^ hold44988/Y (BUFx2_ASAP7_75t_R)
  24.15  281.76 ^ hold44983/Y (BUFx2_ASAP7_75t_R)
  35.18  316.93 ^ hold44989/Y (BUFx2_ASAP7_75t_R)
  32.41  349.34 ^ place42708/Y (BUFx5_ASAP7_75t_R)
  36.66  386.00 ^ place42707/Y (BUFx5_ASAP7_75t_R)
  12.49  398.49 v _225160_/Y (NOR2x1_ASAP7_75t_R)
  20.43  418.92 v output1857/Y (BUFx2_ASAP7_75t_R)
   2.07  421.00 v ppos[2] (out)
         421.00   data arrival time

   0.00    0.00   clock core_clk (rise edge)
   0.00    0.00   clock network delay (propagated)
  25.00   25.00   inter-clock uncertainty
   0.00   25.00   clock reconvergence pessimism
 322.00  347.00   output external delay
         347.00   data required time
---------------------------------------------------------
         347.00   data required time
        -421.00   data arrival time
---------------------------------------------------------
          74.00   slack (MET)


GROUP pv max WC
[WARNING STA-0502] report_checks -endpoint_count is deprecated. Use -endpoint_path_count instead.
[WARNING STA-0503] report_checks -group_count is deprecated. Use -group_path_count instead.
Startpoint: g_el[0].u_elem.g_mac[1].o_v$_DFF_PN0_
            (rising edge-triggered flip-flop clocked by core_clk)
Endpoint: pv[1] (output port clocked by core_clk)
Path Group: core_clk
Path Type: max
Corner: WC

  Delay    Time   Description
---------------------------------------------------------
   0.00    0.00   clock core_clk (rise edge)
   0.00    0.00   clock source latency
   0.00    0.00 ^ clk (in)
 135.90  135.90 ^ u_ao.u_ctl.u_spine_cg.u_icg/GCLK (ICGx1_ASAP7_75t_R)
 101.49  237.39 ^ clkbuf_0_g_el[0].u_dif.e_clk/Y (BUFx24_ASAP7_75t_R)
  35.28  272.66 ^ clkbuf_1_0__f_g_el[0].u_dif.e_clk/Y (BUFx24_ASAP7_75t_R)
  48.41  321.07 ^ g_el[0].u_elem.g_cg.u_cg.u_icg/GCLK (ICGx1_ASAP7_75t_R)
  52.82  373.90 ^ clkbuf_regs_1_core_clk/Y (BUFx24_ASAP7_75t_R)
  35.76  409.66 ^ clkbuf_0_g_el[0].u_elem.g_cg.u_cg.gclk_regs/Y (BUFx24_ASAP7_75t_R)
  41.20  450.86 ^ clkbuf_1_0_0_g_el[0].u_elem.g_cg.u_cg.gclk_regs/Y (BUFx24_ASAP7_75t_R)
  41.72  492.58 ^ clkbuf_1_0_1_g_el[0].u_elem.g_cg.u_cg.gclk_regs/Y (BUFx24_ASAP7_75t_R)
  42.72  535.29 ^ clkbuf_1_0_2_g_el[0].u_elem.g_cg.u_cg.gclk_regs/Y (BUFx24_ASAP7_75t_R)
  45.31  580.60 ^ clkbuf_3_2_0_g_el[0].u_elem.g_cg.u_cg.gclk_regs/Y (BUFx24_ASAP7_75t_R)
  43.07  623.67 ^ clkbuf_3_2_1_g_el[0].u_elem.g_cg.u_cg.gclk_regs/Y (BUFx24_ASAP7_75t_R)
  38.52  662.20 ^ clkbuf_5_9_0_g_el[0].u_elem.g_cg.u_cg.gclk_regs/Y (BUFx24_ASAP7_75t_R)
  47.80  710.00 ^ clkbuf_7_37_0_g_el[0].u_elem.g_cg.u_cg.gclk_regs/Y (BUFx24_ASAP7_75t_R)
  43.95  753.95 ^ clkbuf_leaf_187_g_el[0].u_elem.g_cg.u_cg.gclk_regs/Y (BUFx24_ASAP7_75t_R)
   0.68  754.63 ^ g_el[0].u_elem.g_mac[1].o_v$_DFF_PN0_/CLK (DFFASRHQNx1_ASAP7_75t_R)
 140.69  895.32 ^ g_el[0].u_elem.g_mac[1].o_v$_DFF_PN0_/QN (DFFASRHQNx1_ASAP7_75t_R)
  92.09  987.41 ^ place38509/Y (BUFx2_ASAP7_75t_R)
  43.80 1031.21 v _292669_/Y (NOR2x1_ASAP7_75t_R)
  51.20 1082.41 v output1904/Y (BUFx2_ASAP7_75t_R)
   2.66 1085.06 v pv[1] (out)
        1085.06   data arrival time

 833.00  833.00   clock core_clk (rise edge)
   0.00  833.00   clock network delay (propagated)
 -60.00  773.00   clock uncertainty
   0.00  773.00   clock reconvergence pessimism
 193.00  966.00   output external delay
         966.00   data required time
---------------------------------------------------------
         966.00   data required time
        -1085.06   data arrival time
---------------------------------------------------------
        -119.06   slack (VIOLATED)


GROUP pv min BC
[WARNING STA-0502] report_checks -endpoint_count is deprecated. Use -endpoint_path_count instead.
[WARNING STA-0503] report_checks -group_count is deprecated. Use -group_path_count instead.
Startpoint: u_ao.g_e[0].u_eao.iso_q$_DFF_PN0_
            (rising edge-triggered flip-flop clocked by aon_clk)
Endpoint: pv[1] (output port clocked by core_clk)
Path Group: core_clk
Path Type: min
Corner: BC

  Delay    Time   Description
---------------------------------------------------------
   0.00    0.00   clock aon_clk (rise edge)
   0.00    0.00   clock source latency
   0.00    0.00 ^ aon_clk (in)
  20.26   20.26 ^ delaybuf_1_aon_clk/Y (BUFx24_ASAP7_75t_R)
  19.87   40.14 ^ delaybuf_2_aon_clk/Y (BUFx24_ASAP7_75t_R)
  19.44   59.58 ^ clkbuf_regs_2_aon_clk/Y (BUFx24_ASAP7_75t_R)
  17.58   77.16 ^ clkbuf_0_aon_clk_regs/Y (BUFx24_ASAP7_75t_R)
  27.66  104.82 ^ clkbuf_2_2_0_aon_clk_regs/Y (BUFx24_ASAP7_75t_R)
  20.35  125.17 ^ clkbuf_3_4__f_aon_clk_regs/Y (BUFx24_ASAP7_75t_R)
   1.18  126.34 ^ u_ao.g_e[0].u_eao.iso_q$_DFF_PN0_/CLK (DFFASRHQNx1_ASAP7_75t_R)
  37.30  163.64 ^ u_ao.g_e[0].u_eao.iso_q$_DFF_PN0_/QN (DFFASRHQNx1_ASAP7_75t_R)
  13.57  177.21 ^ hold44996/Y (BUFx2_ASAP7_75t_R)
  11.50  188.71 ^ hold44986/Y (BUFx2_ASAP7_75t_R)
  11.42  200.14 ^ hold44997/Y (BUFx2_ASAP7_75t_R)
  11.49  211.62 ^ hold44982/Y (BUFx2_ASAP7_75t_R)
  12.54  224.16 ^ hold44987/Y (BUFx2_ASAP7_75t_R)
  16.50  240.67 ^ place42712/Y (BUFx6f_ASAP7_75t_R)
  16.94  257.60 ^ hold44988/Y (BUFx2_ASAP7_75t_R)
  24.15  281.76 ^ hold44983/Y (BUFx2_ASAP7_75t_R)
  35.18  316.93 ^ hold44989/Y (BUFx2_ASAP7_75t_R)
  32.41  349.34 ^ place42708/Y (BUFx5_ASAP7_75t_R)
  10.93  360.27 v _292669_/Y (NOR2x1_ASAP7_75t_R)
  21.20  381.48 v output1904/Y (BUFx2_ASAP7_75t_R)
   2.60  384.08 v pv[1] (out)
         384.08   data arrival time

   0.00    0.00   clock core_clk (rise edge)
   0.00    0.00   clock network delay (propagated)
  25.00   25.00   inter-clock uncertainty
   0.00   25.00   clock reconvergence pessimism
 322.00  347.00   output external delay
         347.00   data required time
---------------------------------------------------------
         347.00   data required time
        -384.08   data arrival time
---------------------------------------------------------
          37.08   slack (MET)


GROUP perr max WC
[WARNING STA-0502] report_checks -endpoint_count is deprecated. Use -endpoint_path_count instead.
[WARNING STA-0503] report_checks -group_count is deprecated. Use -group_path_count instead.
Startpoint: g_el[0].u_elem.g_mac[0].o_err$_DFF_P_
            (rising edge-triggered flip-flop clocked by core_clk)
Endpoint: perr[0] (output port clocked by core_clk)
Path Group: core_clk
Path Type: max
Corner: WC

  Delay    Time   Description
---------------------------------------------------------
   0.00    0.00   clock core_clk (rise edge)
   0.00    0.00   clock source latency
   0.00    0.00 ^ clk (in)
 135.90  135.90 ^ u_ao.u_ctl.u_spine_cg.u_icg/GCLK (ICGx1_ASAP7_75t_R)
 101.49  237.39 ^ clkbuf_0_g_el[0].u_dif.e_clk/Y (BUFx24_ASAP7_75t_R)
  35.28  272.66 ^ clkbuf_1_0__f_g_el[0].u_dif.e_clk/Y (BUFx24_ASAP7_75t_R)
  48.41  321.07 ^ g_el[0].u_elem.g_cg.u_cg.u_icg/GCLK (ICGx1_ASAP7_75t_R)
  52.82  373.90 ^ clkbuf_regs_1_core_clk/Y (BUFx24_ASAP7_75t_R)
  35.76  409.66 ^ clkbuf_0_g_el[0].u_elem.g_cg.u_cg.gclk_regs/Y (BUFx24_ASAP7_75t_R)
  41.20  450.86 ^ clkbuf_1_0_0_g_el[0].u_elem.g_cg.u_cg.gclk_regs/Y (BUFx24_ASAP7_75t_R)
  41.72  492.58 ^ clkbuf_1_0_1_g_el[0].u_elem.g_cg.u_cg.gclk_regs/Y (BUFx24_ASAP7_75t_R)
  42.72  535.29 ^ clkbuf_1_0_2_g_el[0].u_elem.g_cg.u_cg.gclk_regs/Y (BUFx24_ASAP7_75t_R)
  45.31  580.60 ^ clkbuf_3_2_0_g_el[0].u_elem.g_cg.u_cg.gclk_regs/Y (BUFx24_ASAP7_75t_R)
  43.07  623.67 ^ clkbuf_3_2_1_g_el[0].u_elem.g_cg.u_cg.gclk_regs/Y (BUFx24_ASAP7_75t_R)
  40.74  664.41 ^ clkbuf_5_11_0_g_el[0].u_elem.g_cg.u_cg.gclk_regs/Y (BUFx24_ASAP7_75t_R)
  53.80  718.21 ^ clkbuf_7_47_0_g_el[0].u_elem.g_cg.u_cg.gclk_regs/Y (BUFx24_ASAP7_75t_R)
  50.25  768.47 ^ clkbuf_leaf_242_g_el[0].u_elem.g_cg.u_cg.gclk_regs/Y (BUFx24_ASAP7_75t_R)
   0.49  768.96 ^ g_el[0].u_elem.g_mac[0].o_err$_DFF_P_/CLK (DFFHQNx1_ASAP7_75t_R)
 117.01  885.97 ^ g_el[0].u_elem.g_mac[0].o_err$_DFF_P_/QN (DFFHQNx1_ASAP7_75t_R)
  39.22  925.19 v _225163_/Y (NOR2x1_ASAP7_75t_R)
  46.07  971.27 v output1840/Y (BUFx2_ASAP7_75t_R)
   0.27  971.54 v perr[0] (out)
         971.54   data arrival time

 833.00  833.00   clock core_clk (rise edge)
   0.00  833.00   clock network delay (propagated)
 -60.00  773.00   clock uncertainty
   0.00  773.00   clock reconvergence pessimism
 193.00  966.00   output external delay
         966.00   data required time
---------------------------------------------------------
         966.00   data required time
        -971.54   data arrival time
---------------------------------------------------------
          -5.54   slack (VIOLATED)


GROUP perr min BC
[WARNING STA-0502] report_checks -endpoint_count is deprecated. Use -endpoint_path_count instead.
[WARNING STA-0503] report_checks -group_count is deprecated. Use -group_path_count instead.
Startpoint: u_ao.g_e[0].u_eao.iso_q$_DFF_PN0_
            (rising edge-triggered flip-flop clocked by aon_clk)
Endpoint: perr[0] (output port clocked by core_clk)
Path Group: core_clk
Path Type: min
Corner: BC

  Delay    Time   Description
---------------------------------------------------------
   0.00    0.00   clock aon_clk (rise edge)
   0.00    0.00   clock source latency
   0.00    0.00 ^ aon_clk (in)
  20.26   20.26 ^ delaybuf_1_aon_clk/Y (BUFx24_ASAP7_75t_R)
  19.87   40.14 ^ delaybuf_2_aon_clk/Y (BUFx24_ASAP7_75t_R)
  19.44   59.58 ^ clkbuf_regs_2_aon_clk/Y (BUFx24_ASAP7_75t_R)
  17.58   77.16 ^ clkbuf_0_aon_clk_regs/Y (BUFx24_ASAP7_75t_R)
  27.66  104.82 ^ clkbuf_2_2_0_aon_clk_regs/Y (BUFx24_ASAP7_75t_R)
  20.35  125.17 ^ clkbuf_3_4__f_aon_clk_regs/Y (BUFx24_ASAP7_75t_R)
   1.18  126.34 ^ u_ao.g_e[0].u_eao.iso_q$_DFF_PN0_/CLK (DFFASRHQNx1_ASAP7_75t_R)
  37.30  163.64 ^ u_ao.g_e[0].u_eao.iso_q$_DFF_PN0_/QN (DFFASRHQNx1_ASAP7_75t_R)
  13.57  177.21 ^ hold44996/Y (BUFx2_ASAP7_75t_R)
  11.50  188.71 ^ hold44986/Y (BUFx2_ASAP7_75t_R)
  11.42  200.14 ^ hold44997/Y (BUFx2_ASAP7_75t_R)
  11.49  211.62 ^ hold44982/Y (BUFx2_ASAP7_75t_R)
  12.54  224.16 ^ hold44987/Y (BUFx2_ASAP7_75t_R)
  16.50  240.67 ^ place42712/Y (BUFx6f_ASAP7_75t_R)
  16.94  257.60 ^ hold44988/Y (BUFx2_ASAP7_75t_R)
  24.15  281.76 ^ hold44983/Y (BUFx2_ASAP7_75t_R)
  35.18  316.93 ^ hold44989/Y (BUFx2_ASAP7_75t_R)
  32.41  349.34 ^ place42708/Y (BUFx5_ASAP7_75t_R)
  36.66  386.00 ^ place42707/Y (BUFx5_ASAP7_75t_R)
  12.39  398.39 v _225163_/Y (NOR2x1_ASAP7_75t_R)
  19.39  417.78 v output1840/Y (BUFx2_ASAP7_75t_R)
   0.27  418.05 v perr[0] (out)
         418.05   data arrival time

   0.00    0.00   clock core_clk (rise edge)
   0.00    0.00   clock network delay (propagated)
  25.00   25.00   inter-clock uncertainty
   0.00   25.00   clock reconvergence pessimism
 322.00  347.00   output external delay
         347.00   data required time
---------------------------------------------------------
         347.00   data required time
        -418.05   data arrival time
---------------------------------------------------------
          71.05   slack (MET)


GROUP busy max WC
[WARNING STA-0502] report_checks -endpoint_count is deprecated. Use -endpoint_path_count instead.
[WARNING STA-0503] report_checks -group_count is deprecated. Use -group_path_count instead.
Startpoint: g_el[0].u_elem.drain[2]$_DFFE_PN0P_
            (rising edge-triggered flip-flop clocked by core_clk)
Endpoint: busy[0] (output port clocked by core_clk)
Path Group: core_clk
Path Type: max
Corner: WC

  Delay    Time   Description
---------------------------------------------------------
   0.00    0.00   clock core_clk (rise edge)
   0.00    0.00   clock source latency
   0.00    0.00 ^ clk (in)
 135.90  135.90 ^ u_ao.u_ctl.u_spine_cg.u_icg/GCLK (ICGx1_ASAP7_75t_R)
  87.28  223.17 ^ delaybuf_4_core_clk/Y (BUFx24_ASAP7_75t_R)
  35.76  258.93 ^ delaybuf_5_core_clk/Y (BUFx24_ASAP7_75t_R)
  31.53  290.46 ^ delaybuf_6_core_clk/Y (BUFx24_ASAP7_75t_R)
  31.57  322.03 ^ delaybuf_7_core_clk/Y (BUFx24_ASAP7_75t_R)
  31.41  353.44 ^ delaybuf_8_core_clk/Y (BUFx24_ASAP7_75t_R)
  31.57  385.01 ^ delaybuf_9_core_clk/Y (BUFx24_ASAP7_75t_R)
  31.52  416.53 ^ delaybuf_10_core_clk/Y (BUFx24_ASAP7_75t_R)
  31.44  447.98 ^ delaybuf_11_core_clk/Y (BUFx24_ASAP7_75t_R)
  31.50  479.47 ^ delaybuf_12_core_clk/Y (BUFx24_ASAP7_75t_R)
  31.42  510.89 ^ delaybuf_13_core_clk/Y (BUFx24_ASAP7_75t_R)
  31.56  542.46 ^ delaybuf_14_core_clk/Y (BUFx24_ASAP7_75t_R)
  31.63  574.08 ^ delaybuf_15_core_clk/Y (BUFx24_ASAP7_75t_R)
  31.36  605.44 ^ clkbuf_regs_0_core_clk/Y (BUFx24_ASAP7_75t_R)
  32.98  638.42 ^ clkbuf_0_g_el[0].u_dif.e_clk_regs/Y (BUFx24_ASAP7_75t_R)
  45.97  684.39 ^ clkbuf_1_1__f_g_el[0].u_dif.e_clk_regs/Y (BUFx24_ASAP7_75t_R)
  50.77  735.16 ^ clkbuf_leaf_16_g_el[0].u_dif.e_clk_regs/Y (BUFx24_ASAP7_75t_R)
   0.60  735.76 ^ g_el[0].u_elem.drain[2]$_DFFE_PN0P_/CLK (DFFASRHQNx1_ASAP7_75t_R)
  88.73  824.48 ^ g_el[0].u_elem.drain[2]$_DFFE_PN0P_/QN (DFFASRHQNx1_ASAP7_75t_R)
  51.86  876.34 ^ _235431_/Y (AND3x2_ASAP7_75t_R)
  43.26  919.60 ^ _235432_/Y (AND3x4_ASAP7_75t_R)
  56.29  975.89 ^ _235434_/Y (AND5x2_ASAP7_75t_R)
  35.80 1011.69 ^ rebuffer43818/Y (BUFx12f_ASAP7_75t_R)
  80.95 1092.65 v _292676_/Y (NOR2x2_ASAP7_75t_R)
  36.26 1128.91 v output1838/Y (BUFx6f_ASAP7_75t_R)
   0.59 1129.49 v busy[0] (out)
        1129.49   data arrival time

 833.00  833.00   clock core_clk (rise edge)
   0.00  833.00   clock network delay (propagated)
 -60.00  773.00   clock uncertainty
   0.00  773.00   clock reconvergence pessimism
 193.00  966.00   output external delay
         966.00   data required time
---------------------------------------------------------
         966.00   data required time
        -1129.49   data arrival time
---------------------------------------------------------
        -163.49   slack (VIOLATED)


GROUP busy min BC
[WARNING STA-0502] report_checks -endpoint_count is deprecated. Use -endpoint_path_count instead.
[WARNING STA-0503] report_checks -group_count is deprecated. Use -group_path_count instead.
Startpoint: u_ao.g_e[0].u_eao.iso_q$_DFF_PN0_
            (rising edge-triggered flip-flop clocked by aon_clk)
Endpoint: busy[0] (output port clocked by core_clk)
Path Group: core_clk
Path Type: min
Corner: BC

  Delay    Time   Description
---------------------------------------------------------
   0.00    0.00   clock aon_clk (rise edge)
   0.00    0.00   clock source latency
   0.00    0.00 ^ aon_clk (in)
  20.26   20.26 ^ delaybuf_1_aon_clk/Y (BUFx24_ASAP7_75t_R)
  19.87   40.14 ^ delaybuf_2_aon_clk/Y (BUFx24_ASAP7_75t_R)
  19.44   59.58 ^ clkbuf_regs_2_aon_clk/Y (BUFx24_ASAP7_75t_R)
  17.58   77.16 ^ clkbuf_0_aon_clk_regs/Y (BUFx24_ASAP7_75t_R)
  27.66  104.82 ^ clkbuf_2_2_0_aon_clk_regs/Y (BUFx24_ASAP7_75t_R)
  20.35  125.17 ^ clkbuf_3_4__f_aon_clk_regs/Y (BUFx24_ASAP7_75t_R)
   1.18  126.34 ^ u_ao.g_e[0].u_eao.iso_q$_DFF_PN0_/CLK (DFFASRHQNx1_ASAP7_75t_R)
  36.75  163.09 v u_ao.g_e[0].u_eao.iso_q$_DFF_PN0_/QN (DFFASRHQNx1_ASAP7_75t_R)
  14.65  177.74 v hold44996/Y (BUFx2_ASAP7_75t_R)
  12.05  189.79 v hold44986/Y (BUFx2_ASAP7_75t_R)
  11.96  201.75 v hold44997/Y (BUFx2_ASAP7_75t_R)
  12.02  213.77 v hold44982/Y (BUFx2_ASAP7_75t_R)
  13.02  226.79 v hold44987/Y (BUFx2_ASAP7_75t_R)
  16.49  243.28 v place42712/Y (BUFx6f_ASAP7_75t_R)
  17.17  260.45 v hold44988/Y (BUFx2_ASAP7_75t_R)
  23.10  283.54 v hold44983/Y (BUFx2_ASAP7_75t_R)
  35.16  318.70 v hold44989/Y (BUFx2_ASAP7_75t_R)
  32.35  351.06 v place42708/Y (BUFx5_ASAP7_75t_R)
  36.50  387.55 v place42707/Y (BUFx5_ASAP7_75t_R)
  12.75  400.30 ^ _292676_/Y (NOR2x2_ASAP7_75t_R)
  13.84  414.14 ^ output1838/Y (BUFx6f_ASAP7_75t_R)
   0.58  414.72 ^ busy[0] (out)
         414.72   data arrival time

   0.00    0.00   clock core_clk (rise edge)
   0.00    0.00   clock network delay (propagated)
  25.00   25.00   inter-clock uncertainty
   0.00   25.00   clock reconvergence pessimism
 322.00  347.00   output external delay
         347.00   data required time
---------------------------------------------------------
         347.00   data required time
        -414.72   data arrival time
---------------------------------------------------------
          67.72   slack (MET)


GROUP fault max WC
[WARNING STA-0502] report_checks -endpoint_count is deprecated. Use -endpoint_path_count instead.
[WARNING STA-0503] report_checks -group_count is deprecated. Use -group_path_count instead.
Startpoint: g_el[0].u_elem.g_mac[1].g_tr2.u_tree.fault$_DFFE_PN0P_
            (rising edge-triggered flip-flop clocked by core_clk)
Endpoint: fault[0] (output port clocked by core_clk)
Path Group: core_clk
Path Type: max
Corner: WC

  Delay    Time   Description
---------------------------------------------------------
   0.00    0.00   clock core_clk (rise edge)
   0.00    0.00   clock source latency
   0.00    0.00 ^ clk (in)
 135.90  135.90 ^ u_ao.u_ctl.u_spine_cg.u_icg/GCLK (ICGx1_ASAP7_75t_R)
 101.49  237.39 ^ clkbuf_0_g_el[0].u_dif.e_clk/Y (BUFx24_ASAP7_75t_R)
  35.28  272.66 ^ clkbuf_1_0__f_g_el[0].u_dif.e_clk/Y (BUFx24_ASAP7_75t_R)
  48.41  321.07 ^ g_el[0].u_elem.g_cg.u_cg.u_icg/GCLK (ICGx1_ASAP7_75t_R)
  52.82  373.90 ^ clkbuf_regs_1_core_clk/Y (BUFx24_ASAP7_75t_R)
  35.76  409.66 ^ clkbuf_0_g_el[0].u_elem.g_cg.u_cg.gclk_regs/Y (BUFx24_ASAP7_75t_R)
  41.20  450.86 ^ clkbuf_1_0_0_g_el[0].u_elem.g_cg.u_cg.gclk_regs/Y (BUFx24_ASAP7_75t_R)
  41.72  492.58 ^ clkbuf_1_0_1_g_el[0].u_elem.g_cg.u_cg.gclk_regs/Y (BUFx24_ASAP7_75t_R)
  42.72  535.29 ^ clkbuf_1_0_2_g_el[0].u_elem.g_cg.u_cg.gclk_regs/Y (BUFx24_ASAP7_75t_R)
  45.31  580.60 ^ clkbuf_3_2_0_g_el[0].u_elem.g_cg.u_cg.gclk_regs/Y (BUFx24_ASAP7_75t_R)
  43.07  623.67 ^ clkbuf_3_2_1_g_el[0].u_elem.g_cg.u_cg.gclk_regs/Y (BUFx24_ASAP7_75t_R)
  38.92  662.59 ^ clkbuf_5_8_0_g_el[0].u_elem.g_cg.u_cg.gclk_regs/Y (BUFx24_ASAP7_75t_R)
  46.47  709.07 ^ clkbuf_7_33_0_g_el[0].u_elem.g_cg.u_cg.gclk_regs/Y (BUFx24_ASAP7_75t_R)
  44.50  753.57 ^ clkbuf_leaf_183_g_el[0].u_elem.g_cg.u_cg.gclk_regs/Y (BUFx24_ASAP7_75t_R)
   0.75  754.32 ^ g_el[0].u_elem.g_mac[1].g_tr2.u_tree.fault$_DFFE_PN0P_/CLK (DFFASRHQNx1_ASAP7_75t_R)
  80.63  834.95 ^ g_el[0].u_elem.g_mac[1].g_tr2.u_tree.fault$_DFFE_PN0P_/QN (DFFASRHQNx1_ASAP7_75t_R)
  72.55  907.50 ^ place38898/Y (BUFx2_ASAP7_75t_R)
 130.72 1038.22 ^ _292666_/Y (AND5x2_ASAP7_75t_R)
  75.37 1113.59 ^ _292667_/Y (OA211x2_ASAP7_75t_R)
  12.78 1126.38 v _292668_/Y (INVx1_ASAP7_75t_R)
  40.86 1167.24 v output1839/Y (BUFx2_ASAP7_75t_R)
   1.22 1168.47 v fault[0] (out)
        1168.47   data arrival time

 833.00  833.00   clock core_clk (rise edge)
   0.00  833.00   clock network delay (propagated)
 -60.00  773.00   clock uncertainty
   0.00  773.00   clock reconvergence pessimism
 193.00  966.00   output external delay
         966.00   data required time
---------------------------------------------------------
         966.00   data required time
        -1168.47   data arrival time
---------------------------------------------------------
        -202.47   slack (VIOLATED)


GROUP fault min BC
[WARNING STA-0502] report_checks -endpoint_count is deprecated. Use -endpoint_path_count instead.
[WARNING STA-0503] report_checks -group_count is deprecated. Use -group_path_count instead.
Startpoint: u_ao.u_ctl.late$_DFFE_PN0P_
            (rising edge-triggered flip-flop clocked by aon_clk)
Endpoint: fault[0] (output port clocked by core_clk)
Path Group: core_clk
Path Type: min
Corner: BC

  Delay    Time   Description
---------------------------------------------------------
   0.00    0.00   clock aon_clk (rise edge)
   0.00    0.00   clock source latency
   0.00    0.00 ^ aon_clk (in)
  20.26   20.26 ^ delaybuf_1_aon_clk/Y (BUFx24_ASAP7_75t_R)
  19.87   40.14 ^ delaybuf_2_aon_clk/Y (BUFx24_ASAP7_75t_R)
  19.44   59.58 ^ clkbuf_regs_2_aon_clk/Y (BUFx24_ASAP7_75t_R)
  17.58   77.16 ^ clkbuf_0_aon_clk_regs/Y (BUFx24_ASAP7_75t_R)
  27.66  104.82 ^ clkbuf_2_2_0_aon_clk_regs/Y (BUFx24_ASAP7_75t_R)
  22.23  127.05 ^ clkbuf_3_5__f_aon_clk_regs/Y (BUFx24_ASAP7_75t_R)
  15.41  142.46 ^ u_ao.u_ctl.late$_DFFE_PN0P_/CLK (DFFASRHQNx1_ASAP7_75t_R)
  48.50  190.96 ^ u_ao.u_ctl.late$_DFFE_PN0P_/QN (DFFASRHQNx1_ASAP7_75t_R)
  16.09  207.05 ^ hold47855/Y (BUFx2_ASAP7_75t_R)
  14.73  221.78 ^ hold46680/Y (BUFx2_ASAP7_75t_R)
  18.25  240.03 ^ hold45004/Y (BUFx2_ASAP7_75t_R)
  17.69  257.72 ^ hold46681/Y (BUFx2_ASAP7_75t_R)
  19.94  277.65 ^ place42705/Y (BUFx2_ASAP7_75t_R)
  25.17  302.82 ^ hold46682/Y (BUFx2_ASAP7_75t_R)
  20.91  323.73 ^ _292667_/Y (OA211x2_ASAP7_75t_R)
   4.79  328.52 v _292668_/Y (INVx1_ASAP7_75t_R)
  18.29  346.81 v output1839/Y (BUFx2_ASAP7_75t_R)
   1.21  348.02 v fault[0] (out)
         348.02   data arrival time

   0.00    0.00   clock core_clk (rise edge)
   0.00    0.00   clock network delay (propagated)
  25.00   25.00   inter-clock uncertainty
   0.00   25.00   clock reconvergence pessimism
 322.00  347.00   output external delay
         347.00   data required time
---------------------------------------------------------
         347.00   data required time
        -348.02   data arrival time
---------------------------------------------------------
           1.02   slack (MET)


