pin	direction	signal_type	layer	xmin_um	ymin_um	xmax_um	ymax_um
busy	OUTPUT	SIGNAL	M4	335.529	226.08	335.613	226.104
clk	INPUT	SIGNAL	M4	0.0	332.976	0.084	333.0
fault	OUTPUT	SIGNAL	M4	335.529	207.744	335.613	207.768
l_in[0]	INPUT	SIGNAL	M4	0.0	83.184	0.084	83.208
l_in[1]	INPUT	SIGNAL	M4	0.0	202.992	0.084	203.016
l_in[2]	INPUT	SIGNAL	M5	0.72	0.0	0.744	0.084
last_in	INPUT	SIGNAL	M4	0.0	62.208	0.084	62.232
lt_in[0]	INPUT	SIGNAL	M4	0.0	299.952	0.084	299.976
lt_in[1]	INPUT	SIGNAL	M4	0.0	224.736	0.084	224.76
lt_in[2]	INPUT	SIGNAL	M4	0.0	173.568	0.084	173.592
lt_in[3]	INPUT	SIGNAL	M4	0.0	284.976	0.084	285.0
lv_in[0]	INPUT	SIGNAL	M4	335.529	187.728	335.613	187.752
lv_in[1000]	INPUT	SIGNAL	M5	128.832	0.0	128.856	0.084
lv_in[1001]	INPUT	SIGNAL	M5	129.984	0.0	130.008	0.084
lv_in[1002]	INPUT	SIGNAL	M5	127.824	0.0	127.848	0.084
lv_in[1003]	INPUT	SIGNAL	M5	128.304	0.0	128.328	0.084
lv_in[1004]	INPUT	SIGNAL	M5	129.648	0.0	129.672	0.084
lv_in[1005]	INPUT	SIGNAL	M5	126.816	0.0	126.84	0.084
lv_in[1006]	INPUT	SIGNAL	M5	126.912	0.0	126.936	0.084
lv_in[1007]	INPUT	SIGNAL	M5	130.8	0.0	130.824	0.084
lv_in[1008]	INPUT	SIGNAL	M5	129.696	0.0	129.72	0.084
lv_in[1009]	INPUT	SIGNAL	M5	131.088	0.0	131.112	0.084
lv_in[100]	INPUT	SIGNAL	M4	335.529	163.008	335.613	163.032
lv_in[1010]	INPUT	SIGNAL	M5	132.48	0.0	132.504	0.084
lv_in[1011]	INPUT	SIGNAL	M5	132.768	0.0	132.792	0.084
lv_in[1012]	INPUT	SIGNAL	M5	131.568	0.0	131.592	0.084
lv_in[1013]	INPUT	SIGNAL	M5	138.816	0.0	138.84	0.084
lv_in[1014]	INPUT	SIGNAL	M5	137.664	0.0	137.688	0.084
lv_in[1015]	INPUT	SIGNAL	M5	137.136	0.0	137.16	0.084
lv_in[1016]	INPUT	SIGNAL	M5	144.432	0.0	144.456	0.084
lv_in[1017]	INPUT	SIGNAL	M5	138.768	0.0	138.792	0.084
lv_in[1018]	INPUT	SIGNAL	M5	140.88	0.0	140.904	0.084
lv_in[1019]	INPUT	SIGNAL	M5	141.6	0.0	141.624	0.084
lv_in[101]	INPUT	SIGNAL	M4	335.529	163.68	335.613	163.704
lv_in[1020]	INPUT	SIGNAL	M5	142.224	0.0	142.248	0.084
lv_in[1021]	INPUT	SIGNAL	M5	140.976	0.0	141.0	0.084
lv_in[1022]	INPUT	SIGNAL	M5	142.08	0.0	142.104	0.084
lv_in[1023]	INPUT	SIGNAL	M5	134.928	0.0	134.952	0.084
lv_in[1024]	INPUT	SIGNAL	M4	0.0	290.256	0.084	290.28
lv_in[1025]	INPUT	SIGNAL	M4	0.0	300.48	0.084	300.504
lv_in[1026]	INPUT	SIGNAL	M4	0.0	301.68	0.084	301.704
lv_in[1027]	INPUT	SIGNAL	M4	0.0	306.768	0.084	306.792
lv_in[1028]	INPUT	SIGNAL	M4	0.0	305.472	0.084	305.496
lv_in[1029]	INPUT	SIGNAL	M4	0.0	306.864	0.084	306.888
lv_in[102]	INPUT	SIGNAL	M4	335.529	160.08	335.613	160.104
lv_in[1030]	INPUT	SIGNAL	M4	0.0	304.272	0.084	304.296
lv_in[1031]	INPUT	SIGNAL	M4	0.0	305.424	0.084	305.448
lv_in[1032]	INPUT	SIGNAL	M4	0.0	302.736	0.084	302.76
lv_in[1033]	INPUT	SIGNAL	M4	0.0	303.216	0.084	303.24
lv_in[1034]	INPUT	SIGNAL	M4	0.0	304.176	0.084	304.2
lv_in[1035]	INPUT	SIGNAL	M4	0.0	297.792	0.084	297.816
lv_in[1036]	INPUT	SIGNAL	M4	0.0	297.744	0.084	297.768
lv_in[1037]	INPUT	SIGNAL	M4	0.0	296.592	0.084	296.616
lv_in[1038]	INPUT	SIGNAL	M4	0.0	296.496	0.084	296.52
lv_in[1039]	INPUT	SIGNAL	M4	0.0	295.392	0.084	295.416
lv_in[103]	INPUT	SIGNAL	M4	335.529	160.704	335.613	160.728
lv_in[1040]	INPUT	SIGNAL	M4	0.0	294.144	0.084	294.168
lv_in[1041]	INPUT	SIGNAL	M4	0.0	293.856	0.084	293.88
lv_in[1042]	INPUT	SIGNAL	M4	0.0	291.936	0.084	291.96
lv_in[1043]	INPUT	SIGNAL	M4	0.0	292.992	0.084	293.016
lv_in[1044]	INPUT	SIGNAL	M4	0.0	291.408	0.084	291.432
lv_in[1045]	INPUT	SIGNAL	M4	0.0	287.328	0.084	287.352
lv_in[1046]	INPUT	SIGNAL	M4	0.0	286.416	0.084	286.44
lv_in[1047]	INPUT	SIGNAL	M4	0.0	289.056	0.084	289.08
lv_in[1048]	INPUT	SIGNAL	M4	0.0	289.68	0.084	289.704
lv_in[1049]	INPUT	SIGNAL	M4	0.0	286.8	0.084	286.824
lv_in[104]	INPUT	SIGNAL	M4	335.529	166.656	335.613	166.68
lv_in[1050]	INPUT	SIGNAL	M4	0.0	288.0	0.084	288.024
lv_in[1051]	INPUT	SIGNAL	M4	0.0	285.792	0.084	285.816
lv_in[1052]	INPUT	SIGNAL	M4	0.0	284.256	0.084	284.28
lv_in[1053]	INPUT	SIGNAL	M4	0.0	285.312	0.084	285.336
lv_in[1054]	INPUT	SIGNAL	M4	0.0	284.304	0.084	284.328
lv_in[1055]	INPUT	SIGNAL	M4	0.0	289.632	0.084	289.656
lv_in[1056]	INPUT	SIGNAL	M4	0.0	310.272	0.084	310.296
lv_in[1057]	INPUT	SIGNAL	M5	21.264	335.529	21.288	335.613
lv_in[1058]	INPUT	SIGNAL	M5	22.992	335.529	23.016	335.613
lv_in[1059]	INPUT	SIGNAL	M5	21.456	335.529	21.48	335.613
lv_in[105]	INPUT	SIGNAL	M4	335.529	160.656	335.613	160.68
lv_in[1060]	INPUT	SIGNAL	M5	22.416	335.529	22.44	335.613
lv_in[1061]	INPUT	SIGNAL	M5	23.088	335.529	23.112	335.613
lv_in[1062]	INPUT	SIGNAL	M5	22.752	335.529	22.776	335.613
lv_in[1063]	INPUT	SIGNAL	M5	21.408	335.529	21.432	335.613
lv_in[1064]	INPUT	SIGNAL	M5	22.896	335.529	22.92	335.613
lv_in[1065]	INPUT	SIGNAL	M5	22.8	335.529	22.824	335.613
lv_in[1066]	INPUT	SIGNAL	M5	21.216	335.529	21.24	335.613
lv_in[1067]	INPUT	SIGNAL	M5	22.032	335.529	22.056	335.613
lv_in[1068]	INPUT	SIGNAL	M4	0.0	311.328	0.084	311.352
lv_in[1069]	INPUT	SIGNAL	M4	0.0	309.072	0.084	309.096
lv_in[106]	INPUT	SIGNAL	M4	335.529	164.16	335.613	164.184
lv_in[1070]	INPUT	SIGNAL	M4	0.0	312.144	0.084	312.168
lv_in[1071]	INPUT	SIGNAL	M4	0.0	308.304	0.084	308.328
lv_in[1072]	INPUT	SIGNAL	M4	0.0	310.992	0.084	311.016
lv_in[1073]	INPUT	SIGNAL	M4	0.0	308.736	0.084	308.76
lv_in[1074]	INPUT	SIGNAL	M4	0.0	309.84	0.084	309.864
lv_in[1075]	INPUT	SIGNAL	M4	0.0	308.64	0.084	308.664
lv_in[1076]	INPUT	SIGNAL	M4	0.0	308.112	0.084	308.136
lv_in[1077]	INPUT	SIGNAL	M4	0.0	300.288	0.084	300.312
lv_in[1078]	INPUT	SIGNAL	M4	0.0	301.392	0.084	301.416
lv_in[1079]	INPUT	SIGNAL	M4	0.0	302.448	0.084	302.472
lv_in[107]	INPUT	SIGNAL	M5	182.304	0.0	182.328	0.084
lv_in[1080]	INPUT	SIGNAL	M4	0.0	299.424	0.084	299.448
lv_in[1081]	INPUT	SIGNAL	M4	0.0	297.024	0.084	297.048
lv_in[1082]	INPUT	SIGNAL	M4	0.0	298.272	0.084	298.296
lv_in[1083]	INPUT	SIGNAL	M4	0.0	296.448	0.084	296.472
lv_in[1084]	INPUT	SIGNAL	M4	0.0	294.576	0.084	294.6
lv_in[1085]	INPUT	SIGNAL	M4	0.0	295.632	0.084	295.656
lv_in[1086]	INPUT	SIGNAL	M4	0.0	293.904	0.084	293.928
lv_in[1087]	INPUT	SIGNAL	M4	0.0	303.744	0.084	303.768
lv_in[1088]	INPUT	SIGNAL	M4	0.0	204.576	0.084	204.6
lv_in[1089]	INPUT	SIGNAL	M4	0.0	185.664	0.084	185.688
lv_in[108]	INPUT	SIGNAL	M5	179.76	0.0	179.784	0.084
lv_in[1090]	INPUT	SIGNAL	M4	0.0	186.288	0.084	186.312
lv_in[1091]	INPUT	SIGNAL	M4	0.0	186.0	0.084	186.024
lv_in[1092]	INPUT	SIGNAL	M4	0.0	187.296	0.084	187.32
lv_in[1093]	INPUT	SIGNAL	M4	0.0	190.992	0.084	191.016
lv_in[1094]	INPUT	SIGNAL	M4	0.0	185.568	0.084	185.592
lv_in[1095]	INPUT	SIGNAL	M4	0.0	185.232	0.084	185.256
lv_in[1096]	INPUT	SIGNAL	M4	0.0	186.336	0.084	186.36
lv_in[1097]	INPUT	SIGNAL	M4	0.0	185.52	0.084	185.544
lv_in[1098]	INPUT	SIGNAL	M4	0.0	188.928	0.084	188.952
lv_in[1099]	INPUT	SIGNAL	M4	0.0	198.72	0.084	198.744
lv_in[109]	INPUT	SIGNAL	M5	182.016	0.0	182.04	0.084
lv_in[10]	INPUT	SIGNAL	M4	335.529	188.112	335.613	188.136
lv_in[1100]	INPUT	SIGNAL	M4	0.0	193.008	0.084	193.032
lv_in[1101]	INPUT	SIGNAL	M4	0.0	192.96	0.084	192.984
lv_in[1102]	INPUT	SIGNAL	M4	0.0	189.936	0.084	189.96
lv_in[1103]	INPUT	SIGNAL	M4	0.0	186.96	0.084	186.984
lv_in[1104]	INPUT	SIGNAL	M4	0.0	192.096	0.084	192.12
lv_in[1105]	INPUT	SIGNAL	M4	0.0	186.72	0.084	186.744
lv_in[1106]	INPUT	SIGNAL	M4	0.0	191.76	0.084	191.784
lv_in[1107]	INPUT	SIGNAL	M4	0.0	192.24	0.084	192.264
lv_in[1108]	INPUT	SIGNAL	M4	0.0	188.4	0.084	188.424
lv_in[1109]	INPUT	SIGNAL	M4	0.0	209.472	0.084	209.496
lv_in[110]	INPUT	SIGNAL	M5	180.24	0.0	180.264	0.084
lv_in[1110]	INPUT	SIGNAL	M4	0.0	213.264	0.084	213.288
lv_in[1111]	INPUT	SIGNAL	M4	0.0	211.248	0.084	211.272
lv_in[1112]	INPUT	SIGNAL	M4	0.0	214.944	0.084	214.968
lv_in[1113]	INPUT	SIGNAL	M4	0.0	215.088	0.084	215.112
lv_in[1114]	INPUT	SIGNAL	M4	0.0	212.064	0.084	212.088
lv_in[1115]	INPUT	SIGNAL	M4	0.0	214.032	0.084	214.056
lv_in[1116]	INPUT	SIGNAL	M4	0.0	213.168	0.084	213.192
lv_in[1117]	INPUT	SIGNAL	M4	0.0	208.848	0.084	208.872
lv_in[1118]	INPUT	SIGNAL	M4	0.0	207.936	0.084	207.96
lv_in[1119]	INPUT	SIGNAL	M4	0.0	209.328	0.084	209.352
lv_in[111]	INPUT	SIGNAL	M5	182.448	0.0	182.472	0.084
lv_in[1120]	INPUT	SIGNAL	M4	0.0	201.024	0.084	201.048
lv_in[1121]	INPUT	SIGNAL	M4	0.0	198.816	0.084	198.84
lv_in[1122]	INPUT	SIGNAL	M4	0.0	192.288	0.084	192.312
lv_in[1123]	INPUT	SIGNAL	M4	0.0	199.968	0.084	199.992
lv_in[1124]	INPUT	SIGNAL	M4	0.0	197.616	0.084	197.64
lv_in[1125]	INPUT	SIGNAL	M4	0.0	199.344	0.084	199.368
lv_in[1126]	INPUT	SIGNAL	M4	0.0	197.328	0.084	197.352
lv_in[1127]	INPUT	SIGNAL	M4	0.0	197.472	0.084	197.496
lv_in[1128]	INPUT	SIGNAL	M4	0.0	192.912	0.084	192.936
lv_in[1129]	INPUT	SIGNAL	M4	0.0	193.392	0.084	193.416
lv_in[112]	INPUT	SIGNAL	M5	180.816	0.0	180.84	0.084
lv_in[1130]	INPUT	SIGNAL	M4	0.0	195.024	0.084	195.048
lv_in[1131]	INPUT	SIGNAL	M4	0.0	204.48	0.084	204.504
lv_in[1132]	INPUT	SIGNAL	M4	0.0	208.512	0.084	208.536
lv_in[1133]	INPUT	SIGNAL	M4	0.0	214.704	0.084	214.728
lv_in[1134]	INPUT	SIGNAL	M4	0.0	213.6	0.084	213.624
lv_in[1135]	INPUT	SIGNAL	M4	0.0	214.992	0.084	215.016
lv_in[1136]	INPUT	SIGNAL	M4	0.0	212.688	0.084	212.712
lv_in[1137]	INPUT	SIGNAL	M4	0.0	216.864	0.084	216.888
lv_in[1138]	INPUT	SIGNAL	M4	0.0	216.0	0.084	216.024
lv_in[1139]	INPUT	SIGNAL	M4	0.0	215.136	0.084	215.16
lv_in[113]	INPUT	SIGNAL	M4	335.529	157.536	335.613	157.56
lv_in[1140]	INPUT	SIGNAL	M4	0.0	218.88	0.084	218.904
lv_in[1141]	INPUT	SIGNAL	M4	0.0	208.32	0.084	208.344
lv_in[1142]	INPUT	SIGNAL	M4	0.0	208.224	0.084	208.248
lv_in[1143]	INPUT	SIGNAL	M4	0.0	203.616	0.084	203.64
lv_in[1144]	INPUT	SIGNAL	M4	0.0	207.84	0.084	207.864
lv_in[1145]	INPUT	SIGNAL	M4	0.0	208.464	0.084	208.488
lv_in[1146]	INPUT	SIGNAL	M4	0.0	207.024	0.084	207.048
lv_in[1147]	INPUT	SIGNAL	M4	0.0	203.232	0.084	203.256
lv_in[1148]	INPUT	SIGNAL	M4	0.0	203.136	0.084	203.16
lv_in[1149]	INPUT	SIGNAL	M4	0.0	202.704	0.084	202.728
lv_in[114]	INPUT	SIGNAL	M4	335.529	154.464	335.613	154.488
lv_in[1150]	INPUT	SIGNAL	M4	0.0	209.904	0.084	209.928
lv_in[1151]	INPUT	SIGNAL	M4	0.0	202.464	0.084	202.488
lv_in[1152]	INPUT	SIGNAL	M5	171.696	335.529	171.72	335.613
lv_in[1153]	INPUT	SIGNAL	M5	172.464	335.529	172.488	335.613
lv_in[1154]	INPUT	SIGNAL	M5	171.984	335.529	172.008	335.613
lv_in[1155]	INPUT	SIGNAL	M5	166.752	335.529	166.776	335.613
lv_in[1156]	INPUT	SIGNAL	M5	168.864	335.529	168.888	335.613
lv_in[1157]	INPUT	SIGNAL	M5	166.608	335.529	166.632	335.613
lv_in[1158]	INPUT	SIGNAL	M5	166.896	335.529	166.92	335.613
lv_in[1159]	INPUT	SIGNAL	M5	162.24	335.529	162.264	335.613
lv_in[115]	INPUT	SIGNAL	M4	335.529	151.008	335.613	151.032
lv_in[1160]	INPUT	SIGNAL	M5	174.096	335.529	174.12	335.613
lv_in[1161]	INPUT	SIGNAL	M5	174.672	335.529	174.696	335.613
lv_in[1162]	INPUT	SIGNAL	M5	172.512	335.529	172.536	335.613
lv_in[1163]	INPUT	SIGNAL	M5	176.208	335.529	176.232	335.613
lv_in[1164]	INPUT	SIGNAL	M5	176.496	335.529	176.52	335.613
lv_in[1165]	INPUT	SIGNAL	M5	178.752	335.529	178.776	335.613
lv_in[1166]	INPUT	SIGNAL	M5	179.184	335.529	179.208	335.613
lv_in[1167]	INPUT	SIGNAL	M5	180.192	335.529	180.216	335.613
lv_in[1168]	INPUT	SIGNAL	M5	180.288	335.529	180.312	335.613
lv_in[1169]	INPUT	SIGNAL	M5	184.608	335.529	184.632	335.613
lv_in[116]	INPUT	SIGNAL	M5	182.4	0.0	182.424	0.084
lv_in[1170]	INPUT	SIGNAL	M5	183.264	335.529	183.288	335.613
lv_in[1171]	INPUT	SIGNAL	M5	182.928	335.529	182.952	335.613
lv_in[1172]	INPUT	SIGNAL	M5	183.648	335.529	183.672	335.613
lv_in[1173]	INPUT	SIGNAL	M5	185.472	335.529	185.496	335.613
lv_in[1174]	INPUT	SIGNAL	M5	184.272	335.529	184.296	335.613
lv_in[1175]	INPUT	SIGNAL	M5	185.28	335.529	185.304	335.613
lv_in[1176]	INPUT	SIGNAL	M5	185.712	335.529	185.736	335.613
lv_in[1177]	INPUT	SIGNAL	M5	187.104	335.529	187.128	335.613
lv_in[1178]	INPUT	SIGNAL	M5	186.096	335.529	186.12	335.613
lv_in[1179]	INPUT	SIGNAL	M5	190.032	335.529	190.056	335.613
lv_in[117]	INPUT	SIGNAL	M4	335.529	149.52	335.613	149.544
lv_in[1180]	INPUT	SIGNAL	M5	185.184	335.529	185.208	335.613
lv_in[1181]	INPUT	SIGNAL	M5	195.12	335.529	195.144	335.613
lv_in[1182]	INPUT	SIGNAL	M5	191.808	335.529	191.832	335.613
lv_in[1183]	INPUT	SIGNAL	M5	181.968	335.529	181.992	335.613
lv_in[1184]	INPUT	SIGNAL	M5	182.88	335.529	182.904	335.613
lv_in[1185]	INPUT	SIGNAL	M5	163.104	335.529	163.128	335.613
lv_in[1186]	INPUT	SIGNAL	M5	163.44	335.529	163.464	335.613
lv_in[1187]	INPUT	SIGNAL	M5	165.84	335.529	165.864	335.613
lv_in[1188]	INPUT	SIGNAL	M5	162.192	335.529	162.216	335.613
lv_in[1189]	INPUT	SIGNAL	M5	165.504	335.529	165.528	335.613
lv_in[118]	INPUT	SIGNAL	M4	335.529	149.328	335.613	149.352
lv_in[1190]	INPUT	SIGNAL	M5	163.824	335.529	163.848	335.613
lv_in[1191]	INPUT	SIGNAL	M5	164.88	335.529	164.904	335.613
lv_in[1192]	INPUT	SIGNAL	M5	163.68	335.529	163.704	335.613
lv_in[1193]	INPUT	SIGNAL	M5	164.016	335.529	164.04	335.613
lv_in[1194]	INPUT	SIGNAL	M5	164.112	335.529	164.136	335.613
lv_in[1195]	INPUT	SIGNAL	M5	173.856	335.529	173.88	335.613
lv_in[1196]	INPUT	SIGNAL	M5	173.616	335.529	173.64	335.613
lv_in[1197]	INPUT	SIGNAL	M5	179.376	335.529	179.4	335.613
lv_in[1198]	INPUT	SIGNAL	M5	178.608	335.529	178.632	335.613
lv_in[1199]	INPUT	SIGNAL	M5	180.72	335.529	180.744	335.613
lv_in[119]	INPUT	SIGNAL	M4	335.529	152.928	335.613	152.952
lv_in[11]	INPUT	SIGNAL	M4	335.529	184.272	335.613	184.296
lv_in[1200]	INPUT	SIGNAL	M5	176.112	335.529	176.136	335.613
lv_in[1201]	INPUT	SIGNAL	M5	176.928	335.529	176.952	335.613
lv_in[1202]	INPUT	SIGNAL	M5	180.336	335.529	180.36	335.613
lv_in[1203]	INPUT	SIGNAL	M5	179.28	335.529	179.304	335.613
lv_in[1204]	INPUT	SIGNAL	M5	180.48	335.529	180.504	335.613
lv_in[1205]	INPUT	SIGNAL	M5	185.568	335.529	185.592	335.613
lv_in[1206]	INPUT	SIGNAL	M5	184.176	335.529	184.2	335.613
lv_in[1207]	INPUT	SIGNAL	M5	185.088	335.529	185.112	335.613
lv_in[1208]	INPUT	SIGNAL	M5	186.864	335.529	186.888	335.613
lv_in[1209]	INPUT	SIGNAL	M5	189.744	335.529	189.768	335.613
lv_in[120]	INPUT	SIGNAL	M4	335.529	152.016	335.613	152.04
lv_in[1210]	INPUT	SIGNAL	M5	188.304	335.529	188.328	335.613
lv_in[1211]	INPUT	SIGNAL	M5	190.368	335.529	190.392	335.613
lv_in[1212]	INPUT	SIGNAL	M5	192.24	335.529	192.264	335.613
lv_in[1213]	INPUT	SIGNAL	M5	192.336	335.529	192.36	335.613
lv_in[1214]	INPUT	SIGNAL	M5	196.944	335.529	196.968	335.613
lv_in[1215]	INPUT	SIGNAL	M5	184.032	335.529	184.056	335.613
lv_in[1216]	INPUT	SIGNAL	M4	0.0	120.96	0.084	120.984
lv_in[1217]	INPUT	SIGNAL	M4	0.0	119.712	0.084	119.736
lv_in[1218]	INPUT	SIGNAL	M4	0.0	120.432	0.084	120.456
lv_in[1219]	INPUT	SIGNAL	M4	0.0	120.864	0.084	120.888
lv_in[121]	INPUT	SIGNAL	M4	335.529	157.968	335.613	157.992
lv_in[1220]	INPUT	SIGNAL	M4	0.0	117.12	0.084	117.144
lv_in[1221]	INPUT	SIGNAL	M4	0.0	115.056	0.084	115.08
lv_in[1222]	INPUT	SIGNAL	M4	0.0	113.04	0.084	113.064
lv_in[1223]	INPUT	SIGNAL	M4	0.0	116.064	0.084	116.088
lv_in[1224]	INPUT	SIGNAL	M4	0.0	112.8	0.084	112.824
lv_in[1225]	INPUT	SIGNAL	M4	0.0	113.712	0.084	113.736
lv_in[1226]	INPUT	SIGNAL	M4	0.0	115.008	0.084	115.032
lv_in[1227]	INPUT	SIGNAL	M4	0.0	113.664	0.084	113.688
lv_in[1228]	INPUT	SIGNAL	M4	0.0	115.872	0.084	115.896
lv_in[1229]	INPUT	SIGNAL	M4	0.0	117.552	0.084	117.576
lv_in[122]	INPUT	SIGNAL	M4	335.529	155.664	335.613	155.688
lv_in[1230]	INPUT	SIGNAL	M4	0.0	113.52	0.084	113.544
lv_in[1231]	INPUT	SIGNAL	M4	0.0	119.424	0.084	119.448
lv_in[1232]	INPUT	SIGNAL	M4	0.0	112.416	0.084	112.44
lv_in[1233]	INPUT	SIGNAL	M4	0.0	119.856	0.084	119.88
lv_in[1234]	INPUT	SIGNAL	M4	0.0	117.072	0.084	117.096
lv_in[1235]	INPUT	SIGNAL	M4	0.0	112.464	0.084	112.488
lv_in[1236]	INPUT	SIGNAL	M4	0.0	115.728	0.084	115.752
lv_in[1237]	INPUT	SIGNAL	M4	0.0	121.632	0.084	121.656
lv_in[1238]	INPUT	SIGNAL	M4	0.0	124.224	0.084	124.248
lv_in[1239]	INPUT	SIGNAL	M4	0.0	124.464	0.084	124.488
lv_in[123]	INPUT	SIGNAL	M4	335.529	157.056	335.613	157.08
lv_in[1240]	INPUT	SIGNAL	M4	0.0	125.52	0.084	125.544
lv_in[1241]	INPUT	SIGNAL	M4	0.0	127.344	0.084	127.368
lv_in[1242]	INPUT	SIGNAL	M4	0.0	131.616	0.084	131.64
lv_in[1243]	INPUT	SIGNAL	M4	0.0	127.056	0.084	127.08
lv_in[1244]	INPUT	SIGNAL	M4	0.0	130.416	0.084	130.44
lv_in[1245]	INPUT	SIGNAL	M4	0.0	130.704	0.084	130.728
lv_in[1246]	INPUT	SIGNAL	M4	0.0	132.048	0.084	132.072
lv_in[1247]	INPUT	SIGNAL	M4	0.0	121.008	0.084	121.032
lv_in[1248]	INPUT	SIGNAL	M4	0.0	95.136	0.084	95.16
lv_in[1249]	INPUT	SIGNAL	M4	0.0	103.104	0.084	103.128
lv_in[124]	INPUT	SIGNAL	M4	335.529	154.032	335.613	154.056
lv_in[1250]	INPUT	SIGNAL	M4	0.0	103.824	0.084	103.848
lv_in[1251]	INPUT	SIGNAL	M4	0.0	112.224	0.084	112.248
lv_in[1252]	INPUT	SIGNAL	M4	0.0	107.136	0.084	107.16
lv_in[1253]	INPUT	SIGNAL	M4	0.0	113.088	0.084	113.112
lv_in[1254]	INPUT	SIGNAL	M4	0.0	107.04	0.084	107.064
lv_in[1255]	INPUT	SIGNAL	M4	0.0	108.576	0.084	108.6
lv_in[1256]	INPUT	SIGNAL	M4	0.0	94.944	0.084	94.968
lv_in[1257]	INPUT	SIGNAL	M4	0.0	104.256	0.084	104.28
lv_in[1258]	INPUT	SIGNAL	M4	0.0	106.8	0.084	106.824
lv_in[1259]	INPUT	SIGNAL	M4	0.0	102.192	0.084	102.216
lv_in[125]	INPUT	SIGNAL	M4	335.529	154.56	335.613	154.584
lv_in[1260]	INPUT	SIGNAL	M4	0.0	103.296	0.084	103.32
lv_in[1261]	INPUT	SIGNAL	M4	0.0	100.608	0.084	100.632
lv_in[1262]	INPUT	SIGNAL	M4	0.0	95.904	0.084	95.928
lv_in[1263]	INPUT	SIGNAL	M4	0.0	99.456	0.084	99.48
lv_in[1264]	INPUT	SIGNAL	M4	0.0	103.008	0.084	103.032
lv_in[1265]	INPUT	SIGNAL	M4	0.0	96.912	0.084	96.936
lv_in[1266]	INPUT	SIGNAL	M4	0.0	101.28	0.084	101.304
lv_in[1267]	INPUT	SIGNAL	M4	0.0	102.432	0.084	102.456
lv_in[1268]	INPUT	SIGNAL	M4	0.0	100.224	0.084	100.248
lv_in[1269]	INPUT	SIGNAL	M4	0.0	101.76	0.084	101.784
lv_in[126]	INPUT	SIGNAL	M4	335.529	151.104	335.613	151.128
lv_in[1270]	INPUT	SIGNAL	M4	0.0	100.416	0.084	100.44
lv_in[1271]	INPUT	SIGNAL	M4	0.0	102.912	0.084	102.936
lv_in[1272]	INPUT	SIGNAL	M4	0.0	98.016	0.084	98.04
lv_in[1273]	INPUT	SIGNAL	M4	0.0	104.112	0.084	104.136
lv_in[1274]	INPUT	SIGNAL	M4	0.0	104.208	0.084	104.232
lv_in[1275]	INPUT	SIGNAL	M4	0.0	99.168	0.084	99.192
lv_in[1276]	INPUT	SIGNAL	M4	0.0	100.464	0.084	100.488
lv_in[1277]	INPUT	SIGNAL	M4	0.0	99.6	0.084	99.624
lv_in[1278]	INPUT	SIGNAL	M4	0.0	104.16	0.084	104.184
lv_in[1279]	INPUT	SIGNAL	M4	0.0	103.776	0.084	103.8
lv_in[127]	INPUT	SIGNAL	M4	335.529	158.304	335.613	158.328
lv_in[1280]	INPUT	SIGNAL	M4	0.0	163.2	0.084	163.224
lv_in[1281]	INPUT	SIGNAL	M4	0.0	166.08	0.084	166.104
lv_in[1282]	INPUT	SIGNAL	M4	0.0	168.0	0.084	168.024
lv_in[1283]	INPUT	SIGNAL	M4	0.0	162.624	0.084	162.648
lv_in[1284]	INPUT	SIGNAL	M4	0.0	159.408	0.084	159.432
lv_in[1285]	INPUT	SIGNAL	M4	0.0	163.92	0.084	163.944
lv_in[1286]	INPUT	SIGNAL	M4	0.0	153.216	0.084	153.24
lv_in[1287]	INPUT	SIGNAL	M4	0.0	161.232	0.084	161.256
lv_in[1288]	INPUT	SIGNAL	M4	0.0	163.824	0.084	163.848
lv_in[1289]	INPUT	SIGNAL	M4	0.0	162.768	0.084	162.792
lv_in[128]	INPUT	SIGNAL	M4	0.0	135.408	0.084	135.432
lv_in[1290]	INPUT	SIGNAL	M4	0.0	162.72	0.084	162.744
lv_in[1291]	INPUT	SIGNAL	M4	0.0	167.76	0.084	167.784
lv_in[1292]	INPUT	SIGNAL	M4	0.0	165.408	0.084	165.432
lv_in[1293]	INPUT	SIGNAL	M4	0.0	168.144	0.084	168.168
lv_in[1294]	INPUT	SIGNAL	M4	0.0	168.48	0.084	168.504
lv_in[1295]	INPUT	SIGNAL	M4	0.0	166.176	0.084	166.2
lv_in[1296]	INPUT	SIGNAL	M4	0.0	164.832	0.084	164.856
lv_in[1297]	INPUT	SIGNAL	M4	0.0	169.056	0.084	169.08
lv_in[1298]	INPUT	SIGNAL	M4	0.0	166.032	0.084	166.056
lv_in[1299]	INPUT	SIGNAL	M4	0.0	165.6	0.084	165.624
lv_in[129]	INPUT	SIGNAL	M4	0.0	139.104	0.084	139.128
lv_in[12]	INPUT	SIGNAL	M4	335.529	182.4	335.613	182.424
lv_in[1300]	INPUT	SIGNAL	M4	0.0	167.712	0.084	167.736
lv_in[1301]	INPUT	SIGNAL	M4	0.0	165.264	0.084	165.288
lv_in[1302]	INPUT	SIGNAL	M4	0.0	165.888	0.084	165.912
lv_in[1303]	INPUT	SIGNAL	M4	0.0	158.304	0.084	158.328
lv_in[1304]	INPUT	SIGNAL	M4	0.0	165.792	0.084	165.816
lv_in[1305]	INPUT	SIGNAL	M4	0.0	159.648	0.084	159.672
lv_in[1306]	INPUT	SIGNAL	M4	0.0	163.728	0.084	163.752
lv_in[1307]	INPUT	SIGNAL	M4	0.0	161.616	0.084	161.64
lv_in[1308]	INPUT	SIGNAL	M4	0.0	169.536	0.084	169.56
lv_in[1309]	INPUT	SIGNAL	M4	0.0	164.496	0.084	164.52
lv_in[130]	INPUT	SIGNAL	M4	0.0	142.944	0.084	142.968
lv_in[1310]	INPUT	SIGNAL	M4	0.0	165.744	0.084	165.768
lv_in[1311]	INPUT	SIGNAL	M4	0.0	164.016	0.084	164.04
lv_in[1312]	INPUT	SIGNAL	M4	0.0	162.432	0.084	162.456
lv_in[1313]	INPUT	SIGNAL	M4	0.0	154.464	0.084	154.488
lv_in[1314]	INPUT	SIGNAL	M4	0.0	161.136	0.084	161.16
lv_in[1315]	INPUT	SIGNAL	M4	0.0	158.064	0.084	158.088
lv_in[1316]	INPUT	SIGNAL	M4	0.0	158.016	0.084	158.04
lv_in[1317]	INPUT	SIGNAL	M4	0.0	154.224	0.084	154.248
lv_in[1318]	INPUT	SIGNAL	M4	0.0	157.584	0.084	157.608
lv_in[1319]	INPUT	SIGNAL	M4	0.0	153.744	0.084	153.768
lv_in[131]	INPUT	SIGNAL	M4	0.0	142.608	0.084	142.632
lv_in[1320]	INPUT	SIGNAL	M4	0.0	152.544	0.084	152.568
lv_in[1321]	INPUT	SIGNAL	M4	0.0	158.496	0.084	158.52
lv_in[1322]	INPUT	SIGNAL	M4	0.0	156.72	0.084	156.744
lv_in[1323]	INPUT	SIGNAL	M4	0.0	156.528	0.084	156.552
lv_in[1324]	INPUT	SIGNAL	M4	0.0	159.12	0.084	159.144
lv_in[1325]	INPUT	SIGNAL	M4	0.0	156.816	0.084	156.84
lv_in[1326]	INPUT	SIGNAL	M4	0.0	160.368	0.084	160.392
lv_in[1327]	INPUT	SIGNAL	M4	0.0	154.704	0.084	154.728
lv_in[1328]	INPUT	SIGNAL	M4	0.0	155.424	0.084	155.448
lv_in[1329]	INPUT	SIGNAL	M4	0.0	153.072	0.084	153.096
lv_in[132]	INPUT	SIGNAL	M4	0.0	142.56	0.084	142.584
lv_in[1330]	INPUT	SIGNAL	M4	0.0	158.784	0.084	158.808
lv_in[1331]	INPUT	SIGNAL	M4	0.0	157.056	0.084	157.08
lv_in[1332]	INPUT	SIGNAL	M4	0.0	159.6	0.084	159.624
lv_in[1333]	INPUT	SIGNAL	M4	0.0	165.024	0.084	165.048
lv_in[1334]	INPUT	SIGNAL	M4	0.0	168.912	0.084	168.936
lv_in[1335]	INPUT	SIGNAL	M4	0.0	164.784	0.084	164.808
lv_in[1336]	INPUT	SIGNAL	M4	0.0	166.128	0.084	166.152
lv_in[1337]	INPUT	SIGNAL	M4	0.0	166.464	0.084	166.488
lv_in[1338]	INPUT	SIGNAL	M4	0.0	168.24	0.084	168.264
lv_in[1339]	INPUT	SIGNAL	M4	0.0	165.12	0.084	165.144
lv_in[133]	INPUT	SIGNAL	M5	138.864	0.0	138.888	0.084
lv_in[1340]	INPUT	SIGNAL	M4	0.0	167.952	0.084	167.976
lv_in[1341]	INPUT	SIGNAL	M4	0.0	167.28	0.084	167.304
lv_in[1342]	INPUT	SIGNAL	M4	0.0	166.56	0.084	166.584
lv_in[1343]	INPUT	SIGNAL	M4	0.0	170.928	0.084	170.952
lv_in[1344]	INPUT	SIGNAL	M5	135.408	0.0	135.432	0.084
lv_in[1345]	INPUT	SIGNAL	M4	0.0	139.44	0.084	139.464
lv_in[1346]	INPUT	SIGNAL	M4	0.0	141.12	0.084	141.144
lv_in[1347]	INPUT	SIGNAL	M4	0.0	142.32	0.084	142.344
lv_in[1348]	INPUT	SIGNAL	M4	0.0	142.032	0.084	142.056
lv_in[1349]	INPUT	SIGNAL	M4	0.0	138.24	0.084	138.264
lv_in[134]	INPUT	SIGNAL	M4	0.0	140.4	0.084	140.424
lv_in[1350]	INPUT	SIGNAL	M4	0.0	140.352	0.084	140.376
lv_in[1351]	INPUT	SIGNAL	M4	0.0	139.536	0.084	139.56
lv_in[1352]	INPUT	SIGNAL	M4	0.0	137.472	0.084	137.496
lv_in[1353]	INPUT	SIGNAL	M4	0.0	138.384	0.084	138.408
lv_in[1354]	INPUT	SIGNAL	M4	0.0	136.608	0.084	136.632
lv_in[1355]	INPUT	SIGNAL	M5	138.096	0.0	138.12	0.084
lv_in[1356]	INPUT	SIGNAL	M5	137.952	0.0	137.976	0.084
lv_in[1357]	INPUT	SIGNAL	M5	140.256	0.0	140.28	0.084
lv_in[1358]	INPUT	SIGNAL	M5	140.496	0.0	140.52	0.084
lv_in[1359]	INPUT	SIGNAL	M5	143.76	0.0	143.784	0.084
lv_in[135]	INPUT	SIGNAL	M4	0.0	140.16	0.084	140.184
lv_in[1360]	INPUT	SIGNAL	M5	141.84	0.0	141.864	0.084
lv_in[1361]	INPUT	SIGNAL	M5	142.848	0.0	142.872	0.084
lv_in[1362]	INPUT	SIGNAL	M5	144.576	0.0	144.6	0.084
lv_in[1363]	INPUT	SIGNAL	M5	139.488	0.0	139.512	0.084
lv_in[1364]	INPUT	SIGNAL	M5	141.072	0.0	141.096	0.084
lv_in[1365]	INPUT	SIGNAL	M5	133.344	0.0	133.368	0.084
lv_in[1366]	INPUT	SIGNAL	M5	128.448	0.0	128.472	0.084
lv_in[1367]	INPUT	SIGNAL	M5	135.312	0.0	135.336	0.084
lv_in[1368]	INPUT	SIGNAL	M5	134.976	0.0	135.0	0.084
lv_in[1369]	INPUT	SIGNAL	M5	128.496	0.0	128.52	0.084
lv_in[136]	INPUT	SIGNAL	M4	0.0	137.328	0.084	137.352
lv_in[1370]	INPUT	SIGNAL	M5	128.112	0.0	128.136	0.084
lv_in[1371]	INPUT	SIGNAL	M5	128.16	0.0	128.184	0.084
lv_in[1372]	INPUT	SIGNAL	M5	128.544	0.0	128.568	0.084
lv_in[1373]	INPUT	SIGNAL	M5	127.728	0.0	127.752	0.084
lv_in[1374]	INPUT	SIGNAL	M5	127.584	0.0	127.608	0.084
lv_in[1375]	INPUT	SIGNAL	M5	136.56	0.0	136.584	0.084
lv_in[1376]	INPUT	SIGNAL	M5	136.416	0.0	136.44	0.084
lv_in[1377]	INPUT	SIGNAL	M5	133.392	0.0	133.416	0.084
lv_in[1378]	INPUT	SIGNAL	M5	132.432	0.0	132.456	0.084
lv_in[1379]	INPUT	SIGNAL	M5	133.728	0.0	133.752	0.084
lv_in[137]	INPUT	SIGNAL	M4	0.0	138.72	0.084	138.744
lv_in[1380]	INPUT	SIGNAL	M5	132.288	0.0	132.312	0.084
lv_in[1381]	INPUT	SIGNAL	M5	132.336	0.0	132.36	0.084
lv_in[1382]	INPUT	SIGNAL	M5	133.44	0.0	133.464	0.084
lv_in[1383]	INPUT	SIGNAL	M5	136.992	0.0	137.016	0.084
lv_in[1384]	INPUT	SIGNAL	M5	135.744	0.0	135.768	0.084
lv_in[1385]	INPUT	SIGNAL	M5	137.52	0.0	137.544	0.084
lv_in[1386]	INPUT	SIGNAL	M5	137.04	0.0	137.064	0.084
lv_in[1387]	INPUT	SIGNAL	M5	138.432	0.0	138.456	0.084
lv_in[1388]	INPUT	SIGNAL	M5	141.456	0.0	141.48	0.084
lv_in[1389]	INPUT	SIGNAL	M5	140.928	0.0	140.952	0.084
lv_in[138]	INPUT	SIGNAL	M5	141.12	0.0	141.144	0.084
lv_in[1390]	INPUT	SIGNAL	M5	138.912	0.0	138.936	0.084
lv_in[1391]	INPUT	SIGNAL	M5	142.176	0.0	142.2	0.084
lv_in[1392]	INPUT	SIGNAL	M5	142.8	0.0	142.824	0.084
lv_in[1393]	INPUT	SIGNAL	M5	141.504	0.0	141.528	0.084
lv_in[1394]	INPUT	SIGNAL	M5	141.792	0.0	141.816	0.084
lv_in[1395]	INPUT	SIGNAL	M5	139.2	0.0	139.224	0.084
lv_in[1396]	INPUT	SIGNAL	M5	140.064	0.0	140.088	0.084
lv_in[1397]	INPUT	SIGNAL	M5	134.784	0.0	134.808	0.084
lv_in[1398]	INPUT	SIGNAL	M5	136.656	0.0	136.68	0.084
lv_in[1399]	INPUT	SIGNAL	M5	136.512	0.0	136.536	0.084
lv_in[139]	INPUT	SIGNAL	M5	138.048	0.0	138.072	0.084
lv_in[13]	INPUT	SIGNAL	M4	335.529	181.728	335.613	181.752
lv_in[1400]	INPUT	SIGNAL	M5	134.352	0.0	134.376	0.084
lv_in[1401]	INPUT	SIGNAL	M5	127.92	0.0	127.944	0.084
lv_in[1402]	INPUT	SIGNAL	M5	132.528	0.0	132.552	0.084
lv_in[1403]	INPUT	SIGNAL	M5	131.664	0.0	131.688	0.084
lv_in[1404]	INPUT	SIGNAL	M5	129.408	0.0	129.432	0.084
lv_in[1405]	INPUT	SIGNAL	M5	138.0	0.0	138.024	0.084
lv_in[1406]	INPUT	SIGNAL	M5	131.856	0.0	131.88	0.084
lv_in[1407]	INPUT	SIGNAL	M5	137.232	0.0	137.256	0.084
lv_in[1408]	INPUT	SIGNAL	M4	335.529	170.88	335.613	170.904
lv_in[1409]	INPUT	SIGNAL	M4	335.529	171.936	335.613	171.96
lv_in[140]	INPUT	SIGNAL	M5	138.288	0.0	138.312	0.084
lv_in[1410]	INPUT	SIGNAL	M4	0.0	171.552	0.084	171.576
lv_in[1411]	INPUT	SIGNAL	M4	0.0	169.152	0.084	169.176
lv_in[1412]	INPUT	SIGNAL	M5	162.144	335.529	162.168	335.613
lv_in[1413]	INPUT	SIGNAL	M5	164.4	335.529	164.424	335.613
lv_in[1414]	INPUT	SIGNAL	M5	166.176	0.0	166.2	0.084
lv_in[1415]	INPUT	SIGNAL	M4	0.0	166.512	0.084	166.536
lv_in[1416]	INPUT	SIGNAL	M5	168.096	335.529	168.12	335.613
lv_in[1417]	INPUT	SIGNAL	M5	167.76	335.529	167.784	335.613
lv_in[1418]	INPUT	SIGNAL	M5	169.152	0.0	169.176	0.084
lv_in[1419]	INPUT	SIGNAL	M5	168.528	0.0	168.552	0.084
lv_in[141]	INPUT	SIGNAL	M5	139.872	0.0	139.896	0.084
lv_in[1420]	INPUT	SIGNAL	M5	170.208	0.0	170.232	0.084
lv_in[1421]	INPUT	SIGNAL	M5	170.304	0.0	170.328	0.084
lv_in[1422]	INPUT	SIGNAL	M4	335.529	166.08	335.613	166.104
lv_in[1423]	INPUT	SIGNAL	M4	335.529	169.392	335.613	169.416
lv_in[1424]	INPUT	SIGNAL	M5	173.904	335.529	173.928	335.613
lv_in[1425]	INPUT	SIGNAL	M5	171.744	335.529	171.768	335.613
lv_in[1426]	INPUT	SIGNAL	M4	335.529	166.32	335.613	166.344
lv_in[1427]	INPUT	SIGNAL	M4	335.529	166.704	335.613	166.728
lv_in[1428]	INPUT	SIGNAL	M4	335.529	166.176	335.613	166.2
lv_in[1429]	INPUT	SIGNAL	M4	335.529	166.752	335.613	166.776
lv_in[142]	INPUT	SIGNAL	M5	140.304	0.0	140.328	0.084
lv_in[1430]	INPUT	SIGNAL	M5	176.352	335.529	176.376	335.613
lv_in[1431]	INPUT	SIGNAL	M4	335.529	172.368	335.613	172.392
lv_in[1432]	INPUT	SIGNAL	M4	335.529	173.76	335.613	173.784
lv_in[1433]	INPUT	SIGNAL	M4	335.529	173.568	335.613	173.592
lv_in[1434]	INPUT	SIGNAL	M4	335.529	167.856	335.613	167.88
lv_in[1435]	INPUT	SIGNAL	M4	335.529	168.096	335.613	168.12
lv_in[1436]	INPUT	SIGNAL	M4	335.529	173.808	335.613	173.832
lv_in[1437]	INPUT	SIGNAL	M4	335.529	173.664	335.613	173.688
lv_in[1438]	INPUT	SIGNAL	M4	335.529	169.632	335.613	169.656
lv_in[1439]	INPUT	SIGNAL	M4	0.0	171.072	0.084	171.096
lv_in[143]	INPUT	SIGNAL	M5	142.32	0.0	142.344	0.084
lv_in[1440]	INPUT	SIGNAL	M5	187.296	335.529	187.32	335.613
lv_in[1441]	INPUT	SIGNAL	M5	188.592	335.529	188.616	335.613
lv_in[1442]	INPUT	SIGNAL	M5	200.16	335.529	200.184	335.613
lv_in[1443]	INPUT	SIGNAL	M5	198.48	335.529	198.504	335.613
lv_in[1444]	INPUT	SIGNAL	M5	200.304	335.529	200.328	335.613
lv_in[1445]	INPUT	SIGNAL	M5	188.544	335.529	188.568	335.613
lv_in[1446]	INPUT	SIGNAL	M5	199.44	335.529	199.464	335.613
lv_in[1447]	INPUT	SIGNAL	M5	188.016	335.529	188.04	335.613
lv_in[1448]	INPUT	SIGNAL	M5	188.352	335.529	188.376	335.613
lv_in[1449]	INPUT	SIGNAL	M5	193.152	335.529	193.176	335.613
lv_in[144]	INPUT	SIGNAL	M5	141.264	0.0	141.288	0.084
lv_in[1450]	INPUT	SIGNAL	M5	186.48	335.529	186.504	335.613
lv_in[1451]	INPUT	SIGNAL	M5	187.632	335.529	187.656	335.613
lv_in[1452]	INPUT	SIGNAL	M5	193.488	335.529	193.512	335.613
lv_in[1453]	INPUT	SIGNAL	M5	190.704	335.529	190.728	335.613
lv_in[1454]	INPUT	SIGNAL	M5	193.392	335.529	193.416	335.613
lv_in[1455]	INPUT	SIGNAL	M5	197.232	335.529	197.256	335.613
lv_in[1456]	INPUT	SIGNAL	M5	196.176	335.529	196.2	335.613
lv_in[1457]	INPUT	SIGNAL	M5	194.352	335.529	194.376	335.613
lv_in[1458]	INPUT	SIGNAL	M5	190.272	335.529	190.296	335.613
lv_in[1459]	INPUT	SIGNAL	M5	188.688	335.529	188.712	335.613
lv_in[145]	INPUT	SIGNAL	M5	142.992	0.0	143.016	0.084
lv_in[1460]	INPUT	SIGNAL	M5	193.296	335.529	193.32	335.613
lv_in[1461]	INPUT	SIGNAL	M5	189.648	335.529	189.672	335.613
lv_in[1462]	INPUT	SIGNAL	M5	189.984	335.529	190.008	335.613
lv_in[1463]	INPUT	SIGNAL	M5	187.008	335.529	187.032	335.613
lv_in[1464]	INPUT	SIGNAL	M5	186.624	335.529	186.648	335.613
lv_in[1465]	INPUT	SIGNAL	M5	187.872	335.529	187.896	335.613
lv_in[1466]	INPUT	SIGNAL	M5	187.392	335.529	187.416	335.613
lv_in[1467]	INPUT	SIGNAL	M5	188.784	335.529	188.808	335.613
lv_in[1468]	INPUT	SIGNAL	M5	190.176	335.529	190.2	335.613
lv_in[1469]	INPUT	SIGNAL	M5	190.224	335.529	190.248	335.613
lv_in[146]	INPUT	SIGNAL	M5	142.56	0.0	142.584	0.084
lv_in[1470]	INPUT	SIGNAL	M5	187.2	335.529	187.224	335.613
lv_in[1471]	INPUT	SIGNAL	M5	188.256	335.529	188.28	335.613
lv_in[1472]	INPUT	SIGNAL	M5	172.416	335.529	172.44	335.613
lv_in[1473]	INPUT	SIGNAL	M5	176.736	335.529	176.76	335.613
lv_in[1474]	INPUT	SIGNAL	M5	175.44	335.529	175.464	335.613
lv_in[1475]	INPUT	SIGNAL	M5	176.64	335.529	176.664	335.613
lv_in[1476]	INPUT	SIGNAL	M5	175.824	335.529	175.848	335.613
lv_in[1477]	INPUT	SIGNAL	M5	175.968	335.529	175.992	335.613
lv_in[1478]	INPUT	SIGNAL	M5	176.88	335.529	176.904	335.613
lv_in[1479]	INPUT	SIGNAL	M5	175.872	335.529	175.896	335.613
lv_in[147]	INPUT	SIGNAL	M5	139.92	0.0	139.944	0.084
lv_in[1480]	INPUT	SIGNAL	M5	177.84	335.529	177.864	335.613
lv_in[1481]	INPUT	SIGNAL	M5	176.16	335.529	176.184	335.613
lv_in[1482]	INPUT	SIGNAL	M5	175.728	335.529	175.752	335.613
lv_in[1483]	INPUT	SIGNAL	M5	177.6	335.529	177.624	335.613
lv_in[1484]	INPUT	SIGNAL	M5	175.296	335.529	175.32	335.613
lv_in[1485]	INPUT	SIGNAL	M5	176.256	335.529	176.28	335.613
lv_in[1486]	INPUT	SIGNAL	M5	177.744	335.529	177.768	335.613
lv_in[1487]	INPUT	SIGNAL	M5	177.648	335.529	177.672	335.613
lv_in[1488]	INPUT	SIGNAL	M5	177.696	335.529	177.72	335.613
lv_in[1489]	INPUT	SIGNAL	M5	177.552	335.529	177.576	335.613
lv_in[148]	INPUT	SIGNAL	M5	140.832	0.0	140.856	0.084
lv_in[1490]	INPUT	SIGNAL	M5	176.592	335.529	176.616	335.613
lv_in[1491]	INPUT	SIGNAL	M5	176.448	335.529	176.472	335.613
lv_in[1492]	INPUT	SIGNAL	M5	175.92	335.529	175.944	335.613
lv_in[1493]	INPUT	SIGNAL	M5	174.432	335.529	174.456	335.613
lv_in[1494]	INPUT	SIGNAL	M5	174.528	335.529	174.552	335.613
lv_in[1495]	INPUT	SIGNAL	M5	163.056	335.529	163.08	335.613
lv_in[1496]	INPUT	SIGNAL	M5	166.704	335.529	166.728	335.613
lv_in[1497]	INPUT	SIGNAL	M5	173.568	335.529	173.592	335.613
lv_in[1498]	INPUT	SIGNAL	M5	169.68	335.529	169.704	335.613
lv_in[1499]	INPUT	SIGNAL	M5	168.528	335.529	168.552	335.613
lv_in[149]	INPUT	SIGNAL	M5	125.712	0.0	125.736	0.084
lv_in[14]	INPUT	SIGNAL	M4	335.529	186.192	335.613	186.216
lv_in[1500]	INPUT	SIGNAL	M5	169.776	335.529	169.8	335.613
lv_in[1501]	INPUT	SIGNAL	M5	173.664	335.529	173.688	335.613
lv_in[1502]	INPUT	SIGNAL	M5	167.952	335.529	167.976	335.613
lv_in[1503]	INPUT	SIGNAL	M5	173.376	335.529	173.4	335.613
lv_in[1504]	INPUT	SIGNAL	M5	227.952	335.529	227.976	335.613
lv_in[1505]	INPUT	SIGNAL	M5	237.888	335.529	237.912	335.613
lv_in[1506]	INPUT	SIGNAL	M5	232.272	335.529	232.296	335.613
lv_in[1507]	INPUT	SIGNAL	M5	233.376	335.529	233.4	335.613
lv_in[1508]	INPUT	SIGNAL	M5	232.656	335.529	232.68	335.613
lv_in[1509]	INPUT	SIGNAL	M5	234.192	335.529	234.216	335.613
lv_in[150]	INPUT	SIGNAL	M5	126.48	0.0	126.504	0.084
lv_in[1510]	INPUT	SIGNAL	M5	235.584	335.529	235.608	335.613
lv_in[1511]	INPUT	SIGNAL	M5	238.464	335.529	238.488	335.613
lv_in[1512]	INPUT	SIGNAL	M5	234.384	335.529	234.408	335.613
lv_in[1513]	INPUT	SIGNAL	M5	232.848	335.529	232.872	335.613
lv_in[1514]	INPUT	SIGNAL	M5	233.28	335.529	233.304	335.613
lv_in[1515]	INPUT	SIGNAL	M5	231.792	335.529	231.816	335.613
lv_in[1516]	INPUT	SIGNAL	M5	231.12	335.529	231.144	335.613
lv_in[1517]	INPUT	SIGNAL	M5	227.664	335.529	227.688	335.613
lv_in[1518]	INPUT	SIGNAL	M5	228.672	335.529	228.696	335.613
lv_in[1519]	INPUT	SIGNAL	M5	228.624	335.529	228.648	335.613
lv_in[151]	INPUT	SIGNAL	M5	134.832	0.0	134.856	0.084
lv_in[1520]	INPUT	SIGNAL	M5	231.072	335.529	231.096	335.613
lv_in[1521]	INPUT	SIGNAL	M5	228.288	335.529	228.312	335.613
lv_in[1522]	INPUT	SIGNAL	M5	226.704	335.529	226.728	335.613
lv_in[1523]	INPUT	SIGNAL	M5	226.992	335.529	227.016	335.613
lv_in[1524]	INPUT	SIGNAL	M5	227.568	335.529	227.592	335.613
lv_in[1525]	INPUT	SIGNAL	M5	222.192	335.529	222.216	335.613
lv_in[1526]	INPUT	SIGNAL	M5	219.648	335.529	219.672	335.613
lv_in[1527]	INPUT	SIGNAL	M5	211.056	335.529	211.08	335.613
lv_in[1528]	INPUT	SIGNAL	M5	214.464	335.529	214.488	335.613
lv_in[1529]	INPUT	SIGNAL	M5	210.912	335.529	210.936	335.613
lv_in[152]	INPUT	SIGNAL	M5	134.544	0.0	134.568	0.084
lv_in[1530]	INPUT	SIGNAL	M5	215.088	335.529	215.112	335.613
lv_in[1531]	INPUT	SIGNAL	M5	216.576	335.529	216.6	335.613
lv_in[1532]	INPUT	SIGNAL	M5	211.728	335.529	211.752	335.613
lv_in[1533]	INPUT	SIGNAL	M5	211.584	335.529	211.608	335.613
lv_in[1534]	INPUT	SIGNAL	M5	215.376	335.529	215.4	335.613
lv_in[1535]	INPUT	SIGNAL	M5	221.568	335.529	221.592	335.613
lv_in[1536]	INPUT	SIGNAL	M5	206.928	335.529	206.952	335.613
lv_in[1537]	INPUT	SIGNAL	M5	211.2	335.529	211.224	335.613
lv_in[1538]	INPUT	SIGNAL	M5	211.44	335.529	211.464	335.613
lv_in[1539]	INPUT	SIGNAL	M5	210.192	335.529	210.216	335.613
lv_in[153]	INPUT	SIGNAL	M4	0.0	135.168	0.084	135.192
lv_in[1540]	INPUT	SIGNAL	M5	215.712	335.529	215.736	335.613
lv_in[1541]	INPUT	SIGNAL	M5	215.52	335.529	215.544	335.613
lv_in[1542]	INPUT	SIGNAL	M5	217.776	335.529	217.8	335.613
lv_in[1543]	INPUT	SIGNAL	M5	213.552	335.529	213.576	335.613
lv_in[1544]	INPUT	SIGNAL	M5	213.6	335.529	213.624	335.613
lv_in[1545]	INPUT	SIGNAL	M5	216.96	335.529	216.984	335.613
lv_in[1546]	INPUT	SIGNAL	M5	215.616	335.529	215.64	335.613
lv_in[1547]	INPUT	SIGNAL	M5	212.4	335.529	212.424	335.613
lv_in[1548]	INPUT	SIGNAL	M5	212.544	335.529	212.568	335.613
lv_in[1549]	INPUT	SIGNAL	M5	211.824	335.529	211.848	335.613
lv_in[154]	INPUT	SIGNAL	M5	128.352	0.0	128.376	0.084
lv_in[1550]	INPUT	SIGNAL	M5	210.768	335.529	210.792	335.613
lv_in[1551]	INPUT	SIGNAL	M5	212.064	335.529	212.088	335.613
lv_in[1552]	INPUT	SIGNAL	M5	210.624	335.529	210.648	335.613
lv_in[1553]	INPUT	SIGNAL	M5	207.024	335.529	207.048	335.613
lv_in[1554]	INPUT	SIGNAL	M5	210.384	335.529	210.408	335.613
lv_in[1555]	INPUT	SIGNAL	M5	208.032	335.529	208.056	335.613
lv_in[1556]	INPUT	SIGNAL	M5	207.6	335.529	207.624	335.613
lv_in[1557]	INPUT	SIGNAL	M5	206.16	335.529	206.184	335.613
lv_in[1558]	INPUT	SIGNAL	M5	206.688	335.529	206.712	335.613
lv_in[1559]	INPUT	SIGNAL	M5	205.968	335.529	205.992	335.613
lv_in[155]	INPUT	SIGNAL	M4	0.0	135.216	0.084	135.24
lv_in[1560]	INPUT	SIGNAL	M5	203.328	335.529	203.352	335.613
lv_in[1561]	INPUT	SIGNAL	M5	205.824	335.529	205.848	335.613
lv_in[1562]	INPUT	SIGNAL	M5	204.432	335.529	204.456	335.613
lv_in[1563]	INPUT	SIGNAL	M5	199.92	335.529	199.944	335.613
lv_in[1564]	INPUT	SIGNAL	M5	199.776	335.529	199.8	335.613
lv_in[1565]	INPUT	SIGNAL	M5	202.512	335.529	202.536	335.613
lv_in[1566]	INPUT	SIGNAL	M5	199.632	335.529	199.656	335.613
lv_in[1567]	INPUT	SIGNAL	M5	206.016	335.529	206.04	335.613
lv_in[1568]	INPUT	SIGNAL	M5	72.24	335.529	72.264	335.613
lv_in[1569]	INPUT	SIGNAL	M5	68.112	335.529	68.136	335.613
lv_in[156]	INPUT	SIGNAL	M5	126.768	0.0	126.792	0.084
lv_in[1570]	INPUT	SIGNAL	M5	63.792	335.529	63.816	335.613
lv_in[1571]	INPUT	SIGNAL	M5	64.08	335.529	64.104	335.613
lv_in[1572]	INPUT	SIGNAL	M5	64.32	335.529	64.344	335.613
lv_in[1573]	INPUT	SIGNAL	M5	63.648	335.529	63.672	335.613
lv_in[1574]	INPUT	SIGNAL	M5	67.968	335.529	67.992	335.613
lv_in[1575]	INPUT	SIGNAL	M5	64.368	335.529	64.392	335.613
lv_in[1576]	INPUT	SIGNAL	M5	66.672	335.529	66.696	335.613
lv_in[1577]	INPUT	SIGNAL	M5	71.376	335.529	71.4	335.613
lv_in[1578]	INPUT	SIGNAL	M5	70.032	335.529	70.056	335.613
lv_in[1579]	INPUT	SIGNAL	M5	74.784	335.529	74.808	335.613
lv_in[157]	INPUT	SIGNAL	M4	0.0	134.736	0.084	134.76
lv_in[1580]	INPUT	SIGNAL	M5	72.096	335.529	72.12	335.613
lv_in[1581]	INPUT	SIGNAL	M5	77.184	335.529	77.208	335.613
lv_in[1582]	INPUT	SIGNAL	M5	76.848	335.529	76.872	335.613
lv_in[1583]	INPUT	SIGNAL	M5	76.32	335.529	76.344	335.613
lv_in[1584]	INPUT	SIGNAL	M5	76.8	335.529	76.824	335.613
lv_in[1585]	INPUT	SIGNAL	M5	78.432	335.529	78.456	335.613
lv_in[1586]	INPUT	SIGNAL	M5	79.872	335.529	79.896	335.613
lv_in[1587]	INPUT	SIGNAL	M5	79.392	335.529	79.416	335.613
lv_in[1588]	INPUT	SIGNAL	M5	79.776	335.529	79.8	335.613
lv_in[1589]	INPUT	SIGNAL	M5	80.88	335.529	80.904	335.613
lv_in[158]	INPUT	SIGNAL	M5	126.0	0.0	126.024	0.084
lv_in[1590]	INPUT	SIGNAL	M5	80.304	335.529	80.328	335.613
lv_in[1591]	INPUT	SIGNAL	M5	81.936	335.529	81.96	335.613
lv_in[1592]	INPUT	SIGNAL	M5	82.224	335.529	82.248	335.613
lv_in[1593]	INPUT	SIGNAL	M5	82.8	335.529	82.824	335.613
lv_in[1594]	INPUT	SIGNAL	M5	76.656	335.529	76.68	335.613
lv_in[1595]	INPUT	SIGNAL	M5	86.208	335.529	86.232	335.613
lv_in[1596]	INPUT	SIGNAL	M5	86.64	335.529	86.664	335.613
lv_in[1597]	INPUT	SIGNAL	M5	87.504	335.529	87.528	335.613
lv_in[1598]	INPUT	SIGNAL	M5	87.648	335.529	87.672	335.613
lv_in[1599]	INPUT	SIGNAL	M5	74.112	335.529	74.136	335.613
lv_in[159]	INPUT	SIGNAL	M5	136.848	0.0	136.872	0.084
lv_in[15]	INPUT	SIGNAL	M4	335.529	181.632	335.613	181.656
lv_in[1600]	INPUT	SIGNAL	M5	78.912	335.529	78.936	335.613
lv_in[1601]	INPUT	SIGNAL	M5	69.84	335.529	69.864	335.613
lv_in[1602]	INPUT	SIGNAL	M5	67.008	335.529	67.032	335.613
lv_in[1603]	INPUT	SIGNAL	M5	70.224	335.529	70.248	335.613
lv_in[1604]	INPUT	SIGNAL	M5	67.584	335.529	67.608	335.613
lv_in[1605]	INPUT	SIGNAL	M5	67.824	335.529	67.848	335.613
lv_in[1606]	INPUT	SIGNAL	M5	68.064	335.529	68.088	335.613
lv_in[1607]	INPUT	SIGNAL	M5	71.76	335.529	71.784	335.613
lv_in[1608]	INPUT	SIGNAL	M5	73.152	335.529	73.176	335.613
lv_in[1609]	INPUT	SIGNAL	M5	73.248	335.529	73.272	335.613
lv_in[160]	INPUT	SIGNAL	M5	135.456	0.0	135.48	0.084
lv_in[1610]	INPUT	SIGNAL	M5	72.528	335.529	72.552	335.613
lv_in[1611]	INPUT	SIGNAL	M5	76.416	335.529	76.44	335.613
lv_in[1612]	INPUT	SIGNAL	M5	76.032	335.529	76.056	335.613
lv_in[1613]	INPUT	SIGNAL	M5	76.176	335.529	76.2	335.613
lv_in[1614]	INPUT	SIGNAL	M5	79.632	335.529	79.656	335.613
lv_in[1615]	INPUT	SIGNAL	M5	78.528	335.529	78.552	335.613
lv_in[1616]	INPUT	SIGNAL	M5	78.144	335.529	78.168	335.613
lv_in[1617]	INPUT	SIGNAL	M5	78.336	335.529	78.36	335.613
lv_in[1618]	INPUT	SIGNAL	M5	77.76	335.529	77.784	335.613
lv_in[1619]	INPUT	SIGNAL	M5	80.352	335.529	80.376	335.613
lv_in[161]	INPUT	SIGNAL	M5	133.68	0.0	133.704	0.084
lv_in[1620]	INPUT	SIGNAL	M5	81.792	335.529	81.816	335.613
lv_in[1621]	INPUT	SIGNAL	M5	77.856	335.529	77.88	335.613
lv_in[1622]	INPUT	SIGNAL	M5	85.872	335.529	85.896	335.613
lv_in[1623]	INPUT	SIGNAL	M5	85.824	335.529	85.848	335.613
lv_in[1624]	INPUT	SIGNAL	M5	87.552	335.529	87.576	335.613
lv_in[1625]	INPUT	SIGNAL	M5	87.792	335.529	87.816	335.613
lv_in[1626]	INPUT	SIGNAL	M5	87.936	335.529	87.96	335.613
lv_in[1627]	INPUT	SIGNAL	M5	88.608	335.529	88.632	335.613
lv_in[1628]	INPUT	SIGNAL	M5	90.336	335.529	90.36	335.613
lv_in[1629]	INPUT	SIGNAL	M5	90.24	335.529	90.264	335.613
lv_in[162]	INPUT	SIGNAL	M5	131.28	0.0	131.304	0.084
lv_in[1630]	INPUT	SIGNAL	M5	87.408	335.529	87.432	335.613
lv_in[1631]	INPUT	SIGNAL	M5	82.704	335.529	82.728	335.613
lv_in[1632]	INPUT	SIGNAL	M4	0.0	197.664	0.084	197.688
lv_in[1633]	INPUT	SIGNAL	M4	0.0	185.712	0.084	185.736
lv_in[1634]	INPUT	SIGNAL	M4	0.0	193.056	0.084	193.08
lv_in[1635]	INPUT	SIGNAL	M4	0.0	191.568	0.084	191.592
lv_in[1636]	INPUT	SIGNAL	M4	0.0	190.032	0.084	190.056
lv_in[1637]	INPUT	SIGNAL	M4	0.0	191.04	0.084	191.064
lv_in[1638]	INPUT	SIGNAL	M4	0.0	190.896	0.084	190.92
lv_in[1639]	INPUT	SIGNAL	M4	0.0	192.192	0.084	192.216
lv_in[163]	INPUT	SIGNAL	M5	130.704	0.0	130.728	0.084
lv_in[1640]	INPUT	SIGNAL	M4	0.0	191.52	0.084	191.544
lv_in[1641]	INPUT	SIGNAL	M4	0.0	186.384	0.084	186.408
lv_in[1642]	INPUT	SIGNAL	M4	0.0	194.592	0.084	194.616
lv_in[1643]	INPUT	SIGNAL	M4	0.0	194.976	0.084	195.0
lv_in[1644]	INPUT	SIGNAL	M4	0.0	196.992	0.084	197.016
lv_in[1645]	INPUT	SIGNAL	M4	0.0	198.672	0.084	198.696
lv_in[1646]	INPUT	SIGNAL	M4	0.0	194.688	0.084	194.712
lv_in[1647]	INPUT	SIGNAL	M4	0.0	196.368	0.084	196.392
lv_in[1648]	INPUT	SIGNAL	M4	0.0	194.448	0.084	194.472
lv_in[1649]	INPUT	SIGNAL	M4	0.0	194.352	0.084	194.376
lv_in[164]	INPUT	SIGNAL	M5	129.168	0.0	129.192	0.084
lv_in[1650]	INPUT	SIGNAL	M4	0.0	195.12	0.084	195.144
lv_in[1651]	INPUT	SIGNAL	M4	0.0	197.76	0.084	197.784
lv_in[1652]	INPUT	SIGNAL	M4	0.0	196.656	0.084	196.68
lv_in[1653]	INPUT	SIGNAL	M4	0.0	198.96	0.084	198.984
lv_in[1654]	INPUT	SIGNAL	M4	0.0	197.712	0.084	197.736
lv_in[1655]	INPUT	SIGNAL	M4	0.0	195.792	0.084	195.816
lv_in[1656]	INPUT	SIGNAL	M4	0.0	198.528	0.084	198.552
lv_in[1657]	INPUT	SIGNAL	M4	0.0	198.864	0.084	198.888
lv_in[1658]	INPUT	SIGNAL	M4	0.0	197.856	0.084	197.88
lv_in[1659]	INPUT	SIGNAL	M4	0.0	198.24	0.084	198.264
lv_in[165]	INPUT	SIGNAL	M5	129.36	0.0	129.384	0.084
lv_in[1660]	INPUT	SIGNAL	M4	0.0	197.136	0.084	197.16
lv_in[1661]	INPUT	SIGNAL	M4	0.0	199.008	0.084	199.032
lv_in[1662]	INPUT	SIGNAL	M4	0.0	195.744	0.084	195.768
lv_in[1663]	INPUT	SIGNAL	M4	0.0	193.92	0.084	193.944
lv_in[1664]	INPUT	SIGNAL	M4	0.0	176.88	0.084	176.904
lv_in[1665]	INPUT	SIGNAL	M4	0.0	180.48	0.084	180.504
lv_in[1666]	INPUT	SIGNAL	M4	0.0	177.312	0.084	177.336
lv_in[1667]	INPUT	SIGNAL	M4	0.0	179.232	0.084	179.256
lv_in[1668]	INPUT	SIGNAL	M4	0.0	178.656	0.084	178.68
lv_in[1669]	INPUT	SIGNAL	M4	0.0	180.672	0.084	180.696
lv_in[166]	INPUT	SIGNAL	M5	133.632	0.0	133.656	0.084
lv_in[1670]	INPUT	SIGNAL	M4	0.0	179.952	0.084	179.976
lv_in[1671]	INPUT	SIGNAL	M4	0.0	180.384	0.084	180.408
lv_in[1672]	INPUT	SIGNAL	M4	0.0	176.832	0.084	176.856
lv_in[1673]	INPUT	SIGNAL	M4	0.0	180.816	0.084	180.84
lv_in[1674]	INPUT	SIGNAL	M4	0.0	174.144	0.084	174.168
lv_in[1675]	INPUT	SIGNAL	M4	0.0	175.152	0.084	175.176
lv_in[1676]	INPUT	SIGNAL	M4	0.0	175.056	0.084	175.08
lv_in[1677]	INPUT	SIGNAL	M4	0.0	175.584	0.084	175.608
lv_in[1678]	INPUT	SIGNAL	M4	0.0	175.344	0.084	175.368
lv_in[1679]	INPUT	SIGNAL	M4	0.0	176.16	0.084	176.184
lv_in[167]	INPUT	SIGNAL	M5	136.08	0.0	136.104	0.084
lv_in[1680]	INPUT	SIGNAL	M4	0.0	176.112	0.084	176.136
lv_in[1681]	INPUT	SIGNAL	M4	0.0	175.776	0.084	175.8
lv_in[1682]	INPUT	SIGNAL	M4	0.0	175.44	0.084	175.464
lv_in[1683]	INPUT	SIGNAL	M4	0.0	175.536	0.084	175.56
lv_in[1684]	INPUT	SIGNAL	M4	0.0	176.736	0.084	176.76
lv_in[1685]	INPUT	SIGNAL	M4	0.0	173.856	0.084	173.88
lv_in[1686]	INPUT	SIGNAL	M4	0.0	173.904	0.084	173.928
lv_in[1687]	INPUT	SIGNAL	M4	0.0	177.744	0.084	177.768
lv_in[1688]	INPUT	SIGNAL	M4	0.0	177.984	0.084	178.008
lv_in[1689]	INPUT	SIGNAL	M4	0.0	177.888	0.084	177.912
lv_in[168]	INPUT	SIGNAL	M5	135.024	0.0	135.048	0.084
lv_in[1690]	INPUT	SIGNAL	M4	0.0	177.696	0.084	177.72
lv_in[1691]	INPUT	SIGNAL	M4	0.0	178.944	0.084	178.968
lv_in[1692]	INPUT	SIGNAL	M4	0.0	173.04	0.084	173.064
lv_in[1693]	INPUT	SIGNAL	M4	0.0	178.224	0.084	178.248
lv_in[1694]	INPUT	SIGNAL	M4	0.0	178.704	0.084	178.728
lv_in[1695]	INPUT	SIGNAL	M4	0.0	173.52	0.084	173.544
lv_in[1696]	INPUT	SIGNAL	M5	105.84	0.0	105.864	0.084
lv_in[1697]	INPUT	SIGNAL	M5	100.704	0.0	100.728	0.084
lv_in[1698]	INPUT	SIGNAL	M5	98.928	0.0	98.952	0.084
lv_in[1699]	INPUT	SIGNAL	M5	100.368	0.0	100.392	0.084
lv_in[169]	INPUT	SIGNAL	M5	135.6	0.0	135.624	0.084
lv_in[16]	INPUT	SIGNAL	M4	335.529	187.632	335.613	187.656
lv_in[1700]	INPUT	SIGNAL	M4	0.0	99.84	0.084	99.864
lv_in[1701]	INPUT	SIGNAL	M5	102.768	0.0	102.792	0.084
lv_in[1702]	INPUT	SIGNAL	M5	103.968	0.0	103.992	0.084
lv_in[1703]	INPUT	SIGNAL	M4	0.0	98.4	0.084	98.424
lv_in[1704]	INPUT	SIGNAL	M5	100.416	0.0	100.44	0.084
lv_in[1705]	INPUT	SIGNAL	M5	106.08	0.0	106.104	0.084
lv_in[1706]	INPUT	SIGNAL	M5	99.36	0.0	99.384	0.084
lv_in[1707]	INPUT	SIGNAL	M5	99.072	0.0	99.096	0.084
lv_in[1708]	INPUT	SIGNAL	M5	99.984	0.0	100.008	0.084
lv_in[1709]	INPUT	SIGNAL	M5	99.408	0.0	99.432	0.084
lv_in[170]	INPUT	SIGNAL	M5	136.368	0.0	136.392	0.084
lv_in[1710]	INPUT	SIGNAL	M5	96.336	0.0	96.36	0.084
lv_in[1711]	INPUT	SIGNAL	M5	98.592	0.0	98.616	0.084
lv_in[1712]	INPUT	SIGNAL	M5	94.896	0.0	94.92	0.084
lv_in[1713]	INPUT	SIGNAL	M5	95.136	0.0	95.16	0.084
lv_in[1714]	INPUT	SIGNAL	M5	98.4	0.0	98.424	0.084
lv_in[1715]	INPUT	SIGNAL	M5	99.552	0.0	99.576	0.084
lv_in[1716]	INPUT	SIGNAL	M5	96.0	0.0	96.024	0.084
lv_in[1717]	INPUT	SIGNAL	M5	103.2	0.0	103.224	0.084
lv_in[1718]	INPUT	SIGNAL	M5	105.024	0.0	105.048	0.084
lv_in[1719]	INPUT	SIGNAL	M5	104.976	0.0	105.0	0.084
lv_in[171]	INPUT	SIGNAL	M5	138.144	0.0	138.168	0.084
lv_in[1720]	INPUT	SIGNAL	M5	103.776	0.0	103.8	0.084
lv_in[1721]	INPUT	SIGNAL	M5	105.168	0.0	105.192	0.084
lv_in[1722]	INPUT	SIGNAL	M5	104.256	0.0	104.28	0.084
lv_in[1723]	INPUT	SIGNAL	M5	103.824	0.0	103.848	0.084
lv_in[1724]	INPUT	SIGNAL	M5	102.24	0.0	102.264	0.084
lv_in[1725]	INPUT	SIGNAL	M5	102.192	0.0	102.216	0.084
lv_in[1726]	INPUT	SIGNAL	M5	101.76	0.0	101.784	0.084
lv_in[1727]	INPUT	SIGNAL	M5	102.912	0.0	102.936	0.084
lv_in[1728]	INPUT	SIGNAL	M4	0.0	101.904	0.084	101.928
lv_in[1729]	INPUT	SIGNAL	M4	0.0	98.928	0.084	98.952
lv_in[172]	INPUT	SIGNAL	M5	139.248	0.0	139.272	0.084
lv_in[1730]	INPUT	SIGNAL	M4	0.0	99.696	0.084	99.72
lv_in[1731]	INPUT	SIGNAL	M4	0.0	95.52	0.084	95.544
lv_in[1732]	INPUT	SIGNAL	M4	0.0	102.72	0.084	102.744
lv_in[1733]	INPUT	SIGNAL	M4	0.0	98.544	0.084	98.568
lv_in[1734]	INPUT	SIGNAL	M4	0.0	96.336	0.084	96.36
lv_in[1735]	INPUT	SIGNAL	M4	0.0	101.184	0.084	101.208
lv_in[1736]	INPUT	SIGNAL	M4	0.0	95.808	0.084	95.832
lv_in[1737]	INPUT	SIGNAL	M4	0.0	96.288	0.084	96.312
lv_in[1738]	INPUT	SIGNAL	M4	0.0	96.96	0.084	96.984
lv_in[1739]	INPUT	SIGNAL	M4	0.0	105.552	0.084	105.576
lv_in[173]	INPUT	SIGNAL	M5	140.208	0.0	140.232	0.084
lv_in[1740]	INPUT	SIGNAL	M4	0.0	109.92	0.084	109.944
lv_in[1741]	INPUT	SIGNAL	M4	0.0	107.472	0.084	107.496
lv_in[1742]	INPUT	SIGNAL	M4	0.0	106.08	0.084	106.104
lv_in[1743]	INPUT	SIGNAL	M4	0.0	107.952	0.084	107.976
lv_in[1744]	INPUT	SIGNAL	M4	0.0	108.768	0.084	108.792
lv_in[1745]	INPUT	SIGNAL	M4	0.0	110.256	0.084	110.28
lv_in[1746]	INPUT	SIGNAL	M4	0.0	108.528	0.084	108.552
lv_in[1747]	INPUT	SIGNAL	M4	0.0	109.392	0.084	109.416
lv_in[1748]	INPUT	SIGNAL	M4	0.0	107.664	0.084	107.688
lv_in[1749]	INPUT	SIGNAL	M4	0.0	106.608	0.084	106.632
lv_in[174]	INPUT	SIGNAL	M5	138.192	0.0	138.216	0.084
lv_in[1750]	INPUT	SIGNAL	M4	0.0	109.248	0.084	109.272
lv_in[1751]	INPUT	SIGNAL	M4	0.0	104.976	0.084	105.0
lv_in[1752]	INPUT	SIGNAL	M4	0.0	108.96	0.084	108.984
lv_in[1753]	INPUT	SIGNAL	M4	0.0	108.816	0.084	108.84
lv_in[1754]	INPUT	SIGNAL	M4	0.0	108.864	0.084	108.888
lv_in[1755]	INPUT	SIGNAL	M4	0.0	109.728	0.084	109.752
lv_in[1756]	INPUT	SIGNAL	M4	0.0	110.352	0.084	110.376
lv_in[1757]	INPUT	SIGNAL	M4	0.0	109.2	0.084	109.224
lv_in[1758]	INPUT	SIGNAL	M4	0.0	104.64	0.084	104.664
lv_in[1759]	INPUT	SIGNAL	M4	0.0	103.728	0.084	103.752
lv_in[175]	INPUT	SIGNAL	M5	140.688	0.0	140.712	0.084
lv_in[1760]	INPUT	SIGNAL	M4	0.0	226.464	0.084	226.488
lv_in[1761]	INPUT	SIGNAL	M4	0.0	227.328	0.084	227.352
lv_in[1762]	INPUT	SIGNAL	M4	0.0	227.808	0.084	227.832
lv_in[1763]	INPUT	SIGNAL	M4	0.0	226.752	0.084	226.776
lv_in[1764]	INPUT	SIGNAL	M4	0.0	224.064	0.084	224.088
lv_in[1765]	INPUT	SIGNAL	M4	0.0	223.728	0.084	223.752
lv_in[1766]	INPUT	SIGNAL	M4	0.0	225.504	0.084	225.528
lv_in[1767]	INPUT	SIGNAL	M4	0.0	227.424	0.084	227.448
lv_in[1768]	INPUT	SIGNAL	M4	0.0	227.76	0.084	227.784
lv_in[1769]	INPUT	SIGNAL	M4	0.0	226.512	0.084	226.536
lv_in[176]	INPUT	SIGNAL	M5	141.36	0.0	141.384	0.084
lv_in[1770]	INPUT	SIGNAL	M4	0.0	226.032	0.084	226.056
lv_in[1771]	INPUT	SIGNAL	M4	0.0	223.776	0.084	223.8
lv_in[1772]	INPUT	SIGNAL	M4	0.0	225.168	0.084	225.192
lv_in[1773]	INPUT	SIGNAL	M4	0.0	223.92	0.084	223.944
lv_in[1774]	INPUT	SIGNAL	M4	0.0	218.592	0.084	218.616
lv_in[1775]	INPUT	SIGNAL	M4	0.0	215.76	0.084	215.784
lv_in[1776]	INPUT	SIGNAL	M4	0.0	222.912	0.084	222.936
lv_in[1777]	INPUT	SIGNAL	M4	0.0	221.136	0.084	221.16
lv_in[1778]	INPUT	SIGNAL	M4	0.0	223.296	0.084	223.32
lv_in[1779]	INPUT	SIGNAL	M4	0.0	218.64	0.084	218.664
lv_in[177]	INPUT	SIGNAL	M5	143.904	0.0	143.928	0.084
lv_in[1780]	INPUT	SIGNAL	M4	0.0	219.744	0.084	219.768
lv_in[1781]	INPUT	SIGNAL	M4	0.0	228.048	0.084	228.072
lv_in[1782]	INPUT	SIGNAL	M4	0.0	227.088	0.084	227.112
lv_in[1783]	INPUT	SIGNAL	M4	0.0	237.216	0.084	237.24
lv_in[1784]	INPUT	SIGNAL	M4	0.0	228.384	0.084	228.408
lv_in[1785]	INPUT	SIGNAL	M4	0.0	232.656	0.084	232.68
lv_in[1786]	INPUT	SIGNAL	M4	0.0	229.008	0.084	229.032
lv_in[1787]	INPUT	SIGNAL	M4	0.0	231.648	0.084	231.672
lv_in[1788]	INPUT	SIGNAL	M4	0.0	231.552	0.084	231.576
lv_in[1789]	INPUT	SIGNAL	M4	0.0	232.032	0.084	232.056
lv_in[178]	INPUT	SIGNAL	M5	140.448	0.0	140.472	0.084
lv_in[1790]	INPUT	SIGNAL	M4	0.0	231.936	0.084	231.96
lv_in[1791]	INPUT	SIGNAL	M4	0.0	224.976	0.084	225.0
lv_in[1792]	INPUT	SIGNAL	M4	0.0	221.76	0.084	221.784
lv_in[1793]	INPUT	SIGNAL	M4	0.0	221.184	0.084	221.208
lv_in[1794]	INPUT	SIGNAL	M4	0.0	222.864	0.084	222.888
lv_in[1795]	INPUT	SIGNAL	M4	0.0	223.008	0.084	223.032
lv_in[1796]	INPUT	SIGNAL	M4	0.0	217.968	0.084	217.992
lv_in[1797]	INPUT	SIGNAL	M4	0.0	220.704	0.084	220.728
lv_in[1798]	INPUT	SIGNAL	M4	0.0	219.216	0.084	219.24
lv_in[1799]	INPUT	SIGNAL	M4	0.0	222.624	0.084	222.648
lv_in[179]	INPUT	SIGNAL	M5	139.536	0.0	139.56	0.084
lv_in[17]	INPUT	SIGNAL	M4	335.529	186.0	335.613	186.024
lv_in[1800]	INPUT	SIGNAL	M4	0.0	222.768	0.084	222.792
lv_in[1801]	INPUT	SIGNAL	M4	0.0	229.056	0.084	229.08
lv_in[1802]	INPUT	SIGNAL	M4	0.0	217.872	0.084	217.896
lv_in[1803]	INPUT	SIGNAL	M4	0.0	219.984	0.084	220.008
lv_in[1804]	INPUT	SIGNAL	M4	0.0	217.248	0.084	217.272
lv_in[1805]	INPUT	SIGNAL	M4	0.0	216.336	0.084	216.36
lv_in[1806]	INPUT	SIGNAL	M4	0.0	220.368	0.084	220.392
lv_in[1807]	INPUT	SIGNAL	M4	0.0	215.28	0.084	215.304
lv_in[1808]	INPUT	SIGNAL	M4	0.0	217.632	0.084	217.656
lv_in[1809]	INPUT	SIGNAL	M4	0.0	216.528	0.084	216.552
lv_in[180]	INPUT	SIGNAL	M5	139.296	0.0	139.32	0.084
lv_in[1810]	INPUT	SIGNAL	M4	0.0	216.144	0.084	216.168
lv_in[1811]	INPUT	SIGNAL	M4	0.0	215.472	0.084	215.496
lv_in[1812]	INPUT	SIGNAL	M4	0.0	220.128	0.084	220.152
lv_in[1813]	INPUT	SIGNAL	M4	0.0	218.112	0.084	218.136
lv_in[1814]	INPUT	SIGNAL	M4	0.0	220.176	0.084	220.2
lv_in[1815]	INPUT	SIGNAL	M4	0.0	218.544	0.084	218.568
lv_in[1816]	INPUT	SIGNAL	M4	0.0	222.096	0.084	222.12
lv_in[1817]	INPUT	SIGNAL	M4	0.0	221.664	0.084	221.688
lv_in[1818]	INPUT	SIGNAL	M4	0.0	220.896	0.084	220.92
lv_in[1819]	INPUT	SIGNAL	M4	0.0	222.048	0.084	222.072
lv_in[181]	INPUT	SIGNAL	M5	134.304	0.0	134.328	0.084
lv_in[1820]	INPUT	SIGNAL	M4	0.0	222.432	0.084	222.456
lv_in[1821]	INPUT	SIGNAL	M4	0.0	217.728	0.084	217.752
lv_in[1822]	INPUT	SIGNAL	M4	0.0	219.6	0.084	219.624
lv_in[1823]	INPUT	SIGNAL	M4	0.0	220.992	0.084	221.016
lv_in[1824]	INPUT	SIGNAL	M5	162.576	0.0	162.6	0.084
lv_in[1825]	INPUT	SIGNAL	M5	155.52	0.0	155.544	0.084
lv_in[1826]	INPUT	SIGNAL	M5	160.944	0.0	160.968	0.084
lv_in[1827]	INPUT	SIGNAL	M5	146.304	0.0	146.328	0.084
lv_in[1828]	INPUT	SIGNAL	M5	150.912	0.0	150.936	0.084
lv_in[1829]	INPUT	SIGNAL	M5	151.248	0.0	151.272	0.084
lv_in[182]	INPUT	SIGNAL	M5	125.52	0.0	125.544	0.084
lv_in[1830]	INPUT	SIGNAL	M5	160.8	0.0	160.824	0.084
lv_in[1831]	INPUT	SIGNAL	M5	156.144	0.0	156.168	0.084
lv_in[1832]	INPUT	SIGNAL	M5	159.744	0.0	159.768	0.084
lv_in[1833]	INPUT	SIGNAL	M5	159.216	0.0	159.24	0.084
lv_in[1834]	INPUT	SIGNAL	M5	158.448	0.0	158.472	0.084
lv_in[1835]	INPUT	SIGNAL	M5	162.768	0.0	162.792	0.084
lv_in[1836]	INPUT	SIGNAL	M5	162.864	0.0	162.888	0.084
lv_in[1837]	INPUT	SIGNAL	M5	166.128	0.0	166.152	0.084
lv_in[1838]	INPUT	SIGNAL	M5	163.104	0.0	163.128	0.084
lv_in[1839]	INPUT	SIGNAL	M5	168.432	0.0	168.456	0.084
lv_in[183]	INPUT	SIGNAL	M5	125.568	0.0	125.592	0.084
lv_in[1840]	INPUT	SIGNAL	M5	165.312	0.0	165.336	0.084
lv_in[1841]	INPUT	SIGNAL	M5	168.336	0.0	168.36	0.084
lv_in[1842]	INPUT	SIGNAL	M5	165.216	0.0	165.24	0.084
lv_in[1843]	INPUT	SIGNAL	M5	168.144	0.0	168.168	0.084
lv_in[1844]	INPUT	SIGNAL	M5	168.816	0.0	168.84	0.084
lv_in[1845]	INPUT	SIGNAL	M5	165.12	0.0	165.144	0.084
lv_in[1846]	INPUT	SIGNAL	M5	164.208	0.0	164.232	0.084
lv_in[1847]	INPUT	SIGNAL	M5	162.672	0.0	162.696	0.084
lv_in[1848]	INPUT	SIGNAL	M5	164.016	0.0	164.04	0.084
lv_in[1849]	INPUT	SIGNAL	M5	164.352	0.0	164.376	0.084
lv_in[184]	INPUT	SIGNAL	M5	133.92	0.0	133.944	0.084
lv_in[1850]	INPUT	SIGNAL	M5	163.776	0.0	163.8	0.084
lv_in[1851]	INPUT	SIGNAL	M5	163.584	0.0	163.608	0.084
lv_in[1852]	INPUT	SIGNAL	M5	164.784	0.0	164.808	0.084
lv_in[1853]	INPUT	SIGNAL	M5	164.736	0.0	164.76	0.084
lv_in[1854]	INPUT	SIGNAL	M5	165.36	0.0	165.384	0.084
lv_in[1855]	INPUT	SIGNAL	M5	161.184	0.0	161.208	0.084
lv_in[1856]	INPUT	SIGNAL	M5	162.72	0.0	162.744	0.084
lv_in[1857]	INPUT	SIGNAL	M5	150.72	0.0	150.744	0.084
lv_in[1858]	INPUT	SIGNAL	M5	147.84	0.0	147.864	0.084
lv_in[1859]	INPUT	SIGNAL	M5	150.048	0.0	150.072	0.084
lv_in[185]	INPUT	SIGNAL	M5	128.592	0.0	128.616	0.084
lv_in[1860]	INPUT	SIGNAL	M5	149.808	0.0	149.832	0.084
lv_in[1861]	INPUT	SIGNAL	M5	147.792	0.0	147.816	0.084
lv_in[1862]	INPUT	SIGNAL	M5	149.904	0.0	149.928	0.084
lv_in[1863]	INPUT	SIGNAL	M5	155.136	0.0	155.16	0.084
lv_in[1864]	INPUT	SIGNAL	M5	147.408	0.0	147.432	0.084
lv_in[1865]	INPUT	SIGNAL	M5	150.336	0.0	150.36	0.084
lv_in[1866]	INPUT	SIGNAL	M5	150.144	0.0	150.168	0.084
lv_in[1867]	INPUT	SIGNAL	M5	158.4	0.0	158.424	0.084
lv_in[1868]	INPUT	SIGNAL	M5	158.304	0.0	158.328	0.084
lv_in[1869]	INPUT	SIGNAL	M5	162.192	0.0	162.216	0.084
lv_in[186]	INPUT	SIGNAL	M5	133.104	0.0	133.128	0.084
lv_in[1870]	INPUT	SIGNAL	M5	158.592	0.0	158.616	0.084
lv_in[1871]	INPUT	SIGNAL	M5	160.848	0.0	160.872	0.084
lv_in[1872]	INPUT	SIGNAL	M5	158.016	0.0	158.04	0.084
lv_in[1873]	INPUT	SIGNAL	M5	161.136	0.0	161.16	0.084
lv_in[1874]	INPUT	SIGNAL	M5	161.664	0.0	161.688	0.084
lv_in[1875]	INPUT	SIGNAL	M5	160.512	0.0	160.536	0.084
lv_in[1876]	INPUT	SIGNAL	M5	159.456	0.0	159.48	0.084
lv_in[1877]	INPUT	SIGNAL	M5	169.872	0.0	169.896	0.084
lv_in[1878]	INPUT	SIGNAL	M5	169.344	0.0	169.368	0.084
lv_in[1879]	INPUT	SIGNAL	M5	170.16	0.0	170.184	0.084
lv_in[187]	INPUT	SIGNAL	M5	131.712	0.0	131.736	0.084
lv_in[1880]	INPUT	SIGNAL	M5	169.968	0.0	169.992	0.084
lv_in[1881]	INPUT	SIGNAL	M5	164.544	0.0	164.568	0.084
lv_in[1882]	INPUT	SIGNAL	M5	163.488	0.0	163.512	0.084
lv_in[1883]	INPUT	SIGNAL	M5	165.696	0.0	165.72	0.084
lv_in[1884]	INPUT	SIGNAL	M5	166.272	0.0	166.296	0.084
lv_in[1885]	INPUT	SIGNAL	M5	168.864	0.0	168.888	0.084
lv_in[1886]	INPUT	SIGNAL	M5	170.352	0.0	170.376	0.084
lv_in[1887]	INPUT	SIGNAL	M5	162.24	0.0	162.264	0.084
lv_in[1888]	INPUT	SIGNAL	M5	173.184	335.529	173.208	335.613
lv_in[1889]	INPUT	SIGNAL	M5	172.608	335.529	172.632	335.613
lv_in[188]	INPUT	SIGNAL	M5	131.52	0.0	131.544	0.084
lv_in[1890]	INPUT	SIGNAL	M5	166.272	335.529	166.296	335.613
lv_in[1891]	INPUT	SIGNAL	M4	0.0	171.024	0.084	171.048
lv_in[1892]	INPUT	SIGNAL	M5	166.464	335.529	166.488	335.613
lv_in[1893]	INPUT	SIGNAL	M5	164.544	335.529	164.568	335.613
lv_in[1894]	INPUT	SIGNAL	M5	167.712	0.0	167.736	0.084
lv_in[1895]	INPUT	SIGNAL	M4	0.0	171.6	0.084	171.624
lv_in[1896]	INPUT	SIGNAL	M5	169.392	335.529	169.416	335.613
lv_in[1897]	INPUT	SIGNAL	M5	168.432	335.529	168.456	335.613
lv_in[1898]	INPUT	SIGNAL	M5	168.912	335.529	168.936	335.613
lv_in[1899]	INPUT	SIGNAL	M5	169.92	335.529	169.944	335.613
lv_in[189]	INPUT	SIGNAL	M5	135.552	0.0	135.576	0.084
lv_in[18]	INPUT	SIGNAL	M4	335.529	187.296	335.613	187.32
lv_in[1900]	INPUT	SIGNAL	M5	170.976	335.529	171.0	335.613
lv_in[1901]	INPUT	SIGNAL	M4	335.529	170.448	335.613	170.472
lv_in[1902]	INPUT	SIGNAL	M5	173.088	335.529	173.112	335.613
lv_in[1903]	INPUT	SIGNAL	M5	174.048	335.529	174.072	335.613
lv_in[1904]	INPUT	SIGNAL	M5	175.008	335.529	175.032	335.613
lv_in[1905]	INPUT	SIGNAL	M5	172.8	335.529	172.824	335.613
lv_in[1906]	INPUT	SIGNAL	M5	180.144	335.529	180.168	335.613
lv_in[1907]	INPUT	SIGNAL	M5	175.488	335.529	175.512	335.613
lv_in[1908]	INPUT	SIGNAL	M4	335.529	174.24	335.613	174.264
lv_in[1909]	INPUT	SIGNAL	M5	179.856	335.529	179.88	335.613
lv_in[190]	INPUT	SIGNAL	M5	128.88	0.0	128.904	0.084
lv_in[1910]	INPUT	SIGNAL	M4	335.529	174.912	335.613	174.936
lv_in[1911]	INPUT	SIGNAL	M4	335.529	175.44	335.613	175.464
lv_in[1912]	INPUT	SIGNAL	M4	335.529	174.672	335.613	174.696
lv_in[1913]	INPUT	SIGNAL	M4	335.529	175.296	335.613	175.32
lv_in[1914]	INPUT	SIGNAL	M4	335.529	168.816	335.613	168.84
lv_in[1915]	INPUT	SIGNAL	M4	335.529	174.528	335.613	174.552
lv_in[1916]	INPUT	SIGNAL	M4	335.529	175.536	335.613	175.56
lv_in[1917]	INPUT	SIGNAL	M4	335.529	174.336	335.613	174.36
lv_in[1918]	INPUT	SIGNAL	M4	335.529	174.72	335.613	174.744
lv_in[1919]	INPUT	SIGNAL	M4	0.0	171.408	0.084	171.432
lv_in[191]	INPUT	SIGNAL	M5	137.088	0.0	137.112	0.084
lv_in[1920]	INPUT	SIGNAL	M4	335.529	88.032	335.613	88.056
lv_in[1921]	INPUT	SIGNAL	M4	335.529	91.632	335.613	91.656
lv_in[1922]	INPUT	SIGNAL	M4	335.529	91.488	335.613	91.512
lv_in[1923]	INPUT	SIGNAL	M4	335.529	93.216	335.613	93.24
lv_in[1924]	INPUT	SIGNAL	M4	335.529	93.504	335.613	93.528
lv_in[1925]	INPUT	SIGNAL	M4	335.529	92.976	335.613	93.0
lv_in[1926]	INPUT	SIGNAL	M4	335.529	90.576	335.613	90.6
lv_in[1927]	INPUT	SIGNAL	M4	335.529	88.944	335.613	88.968
lv_in[1928]	INPUT	SIGNAL	M4	335.529	88.272	335.613	88.296
lv_in[1929]	INPUT	SIGNAL	M4	335.529	87.888	335.613	87.912
lv_in[192]	INPUT	SIGNAL	M5	160.368	0.0	160.392	0.084
lv_in[1930]	INPUT	SIGNAL	M4	335.529	89.472	335.613	89.496
lv_in[1931]	INPUT	SIGNAL	M4	335.529	82.944	335.613	82.968
lv_in[1932]	INPUT	SIGNAL	M4	335.529	85.152	335.613	85.176
lv_in[1933]	INPUT	SIGNAL	M4	335.529	84.48	335.613	84.504
lv_in[1934]	INPUT	SIGNAL	M4	335.529	85.392	335.613	85.416
lv_in[1935]	INPUT	SIGNAL	M4	335.529	84.384	335.613	84.408
lv_in[1936]	INPUT	SIGNAL	M4	335.529	84.0	335.613	84.024
lv_in[1937]	INPUT	SIGNAL	M4	335.529	84.336	335.613	84.36
lv_in[1938]	INPUT	SIGNAL	M4	335.529	84.192	335.613	84.216
lv_in[1939]	INPUT	SIGNAL	M4	335.529	83.76	335.613	83.784
lv_in[193]	INPUT	SIGNAL	M5	161.28	0.0	161.304	0.084
lv_in[1940]	INPUT	SIGNAL	M4	335.529	83.904	335.613	83.928
lv_in[1941]	INPUT	SIGNAL	M4	335.529	77.616	335.613	77.64
lv_in[1942]	INPUT	SIGNAL	M4	335.529	76.32	335.613	76.344
lv_in[1943]	INPUT	SIGNAL	M4	335.529	76.368	335.613	76.392
lv_in[1944]	INPUT	SIGNAL	M4	335.529	77.52	335.613	77.544
lv_in[1945]	INPUT	SIGNAL	M4	335.529	75.168	335.613	75.192
lv_in[1946]	INPUT	SIGNAL	M4	335.529	73.536	335.613	73.56
lv_in[1947]	INPUT	SIGNAL	M4	335.529	73.248	335.613	73.272
lv_in[1948]	INPUT	SIGNAL	M4	335.529	72.912	335.613	72.936
lv_in[1949]	INPUT	SIGNAL	M4	335.529	72.96	335.613	72.984
lv_in[194]	INPUT	SIGNAL	M5	156.624	0.0	156.648	0.084
lv_in[1950]	INPUT	SIGNAL	M4	335.529	74.304	335.613	74.328
lv_in[1951]	INPUT	SIGNAL	M4	335.529	77.376	335.613	77.4
lv_in[1952]	INPUT	SIGNAL	M4	335.529	82.992	335.613	83.016
lv_in[1953]	INPUT	SIGNAL	M4	335.529	90.768	335.613	90.792
lv_in[1954]	INPUT	SIGNAL	M4	335.529	91.2	335.613	91.224
lv_in[1955]	INPUT	SIGNAL	M4	335.529	92.16	335.613	92.184
lv_in[1956]	INPUT	SIGNAL	M4	335.529	92.448	335.613	92.472
lv_in[1957]	INPUT	SIGNAL	M4	335.529	90.096	335.613	90.12
lv_in[1958]	INPUT	SIGNAL	M4	335.529	89.856	335.613	89.88
lv_in[1959]	INPUT	SIGNAL	M4	335.529	88.752	335.613	88.776
lv_in[195]	INPUT	SIGNAL	M5	151.392	0.0	151.416	0.084
lv_in[1960]	INPUT	SIGNAL	M4	335.529	87.696	335.613	87.72
lv_in[1961]	INPUT	SIGNAL	M4	335.529	91.44	335.613	91.464
lv_in[1962]	INPUT	SIGNAL	M4	335.529	89.568	335.613	89.592
lv_in[1963]	INPUT	SIGNAL	M4	335.529	83.712	335.613	83.736
lv_in[1964]	INPUT	SIGNAL	M4	335.529	86.304	335.613	86.328
lv_in[1965]	INPUT	SIGNAL	M4	335.529	83.424	335.613	83.448
lv_in[1966]	INPUT	SIGNAL	M4	335.529	85.728	335.613	85.752
lv_in[1967]	INPUT	SIGNAL	M4	335.529	85.44	335.613	85.464
lv_in[1968]	INPUT	SIGNAL	M4	335.529	84.576	335.613	84.6
lv_in[1969]	INPUT	SIGNAL	M4	335.529	82.608	335.613	82.632
lv_in[196]	INPUT	SIGNAL	M5	151.728	0.0	151.752	0.084
lv_in[1970]	INPUT	SIGNAL	M4	335.529	83.472	335.613	83.496
lv_in[1971]	INPUT	SIGNAL	M4	335.529	82.32	335.613	82.344
lv_in[1972]	INPUT	SIGNAL	M4	335.529	82.128	335.613	82.152
lv_in[1973]	INPUT	SIGNAL	M4	335.529	81.312	335.613	81.336
lv_in[1974]	INPUT	SIGNAL	M4	335.529	80.832	335.613	80.856
lv_in[1975]	INPUT	SIGNAL	M4	335.529	79.632	335.613	79.656
lv_in[1976]	INPUT	SIGNAL	M4	335.529	77.952	335.613	77.976
lv_in[1977]	INPUT	SIGNAL	M4	335.529	79.584	335.613	79.608
lv_in[1978]	INPUT	SIGNAL	M4	335.529	78.624	335.613	78.648
lv_in[1979]	INPUT	SIGNAL	M4	335.529	76.128	335.613	76.152
lv_in[197]	INPUT	SIGNAL	M5	151.68	0.0	151.704	0.084
lv_in[1980]	INPUT	SIGNAL	M4	335.529	75.888	335.613	75.912
lv_in[1981]	INPUT	SIGNAL	M4	335.529	75.792	335.613	75.816
lv_in[1982]	INPUT	SIGNAL	M4	335.529	77.184	335.613	77.208
lv_in[1983]	INPUT	SIGNAL	M4	335.529	84.528	335.613	84.552
lv_in[1984]	INPUT	SIGNAL	M5	100.176	335.529	100.2	335.613
lv_in[1985]	INPUT	SIGNAL	M5	96.528	335.529	96.552	335.613
lv_in[1986]	INPUT	SIGNAL	M5	97.104	335.529	97.128	335.613
lv_in[1987]	INPUT	SIGNAL	M5	99.12	335.529	99.144	335.613
lv_in[1988]	INPUT	SIGNAL	M5	98.4	335.529	98.424	335.613
lv_in[1989]	INPUT	SIGNAL	M5	97.584	335.529	97.608	335.613
lv_in[198]	INPUT	SIGNAL	M5	160.176	0.0	160.2	0.084
lv_in[1990]	INPUT	SIGNAL	M5	98.688	335.529	98.712	335.613
lv_in[1991]	INPUT	SIGNAL	M5	97.872	335.529	97.896	335.613
lv_in[1992]	INPUT	SIGNAL	M5	98.448	335.529	98.472	335.613
lv_in[1993]	INPUT	SIGNAL	M5	97.488	335.529	97.512	335.613
lv_in[1994]	INPUT	SIGNAL	M5	96.72	335.529	96.744	335.613
lv_in[1995]	INPUT	SIGNAL	M5	95.712	335.529	95.736	335.613
lv_in[1996]	INPUT	SIGNAL	M5	95.232	335.529	95.256	335.613
lv_in[1997]	INPUT	SIGNAL	M5	98.16	335.529	98.184	335.613
lv_in[1998]	INPUT	SIGNAL	M5	97.824	335.529	97.848	335.613
lv_in[1999]	INPUT	SIGNAL	M5	96.0	335.529	96.024	335.613
lv_in[199]	INPUT	SIGNAL	M5	162.528	0.0	162.552	0.084
lv_in[19]	INPUT	SIGNAL	M4	335.529	183.744	335.613	183.768
lv_in[1]	INPUT	SIGNAL	M4	335.529	181.056	335.613	181.08
lv_in[2000]	INPUT	SIGNAL	M5	95.664	335.529	95.688	335.613
lv_in[2001]	INPUT	SIGNAL	M5	98.208	335.529	98.232	335.613
lv_in[2002]	INPUT	SIGNAL	M5	98.016	335.529	98.04	335.613
lv_in[2003]	INPUT	SIGNAL	M5	97.728	335.529	97.752	335.613
lv_in[2004]	INPUT	SIGNAL	M5	96.048	335.529	96.072	335.613
lv_in[2005]	INPUT	SIGNAL	M5	97.152	335.529	97.176	335.613
lv_in[2006]	INPUT	SIGNAL	M5	95.472	335.529	95.496	335.613
lv_in[2007]	INPUT	SIGNAL	M5	88.032	335.529	88.056	335.613
lv_in[2008]	INPUT	SIGNAL	M5	89.76	335.529	89.784	335.613
lv_in[2009]	INPUT	SIGNAL	M5	92.208	335.529	92.232	335.613
lv_in[200]	INPUT	SIGNAL	M5	159.408	0.0	159.432	0.084
lv_in[2010]	INPUT	SIGNAL	M5	97.008	335.529	97.032	335.613
lv_in[2011]	INPUT	SIGNAL	M5	91.344	335.529	91.368	335.613
lv_in[2012]	INPUT	SIGNAL	M5	89.088	335.529	89.112	335.613
lv_in[2013]	INPUT	SIGNAL	M5	89.664	335.529	89.688	335.613
lv_in[2014]	INPUT	SIGNAL	M5	98.832	335.529	98.856	335.613
lv_in[2015]	INPUT	SIGNAL	M5	95.328	335.529	95.352	335.613
lv_in[2016]	INPUT	SIGNAL	M5	111.552	335.529	111.576	335.613
lv_in[2017]	INPUT	SIGNAL	M5	100.896	335.529	100.92	335.613
lv_in[2018]	INPUT	SIGNAL	M5	102.576	335.529	102.6	335.613
lv_in[2019]	INPUT	SIGNAL	M5	101.088	335.529	101.112	335.613
lv_in[201]	INPUT	SIGNAL	M5	158.928	0.0	158.952	0.084
lv_in[2020]	INPUT	SIGNAL	M5	103.104	335.529	103.128	335.613
lv_in[2021]	INPUT	SIGNAL	M5	101.952	335.529	101.976	335.613
lv_in[2022]	INPUT	SIGNAL	M5	100.944	335.529	100.968	335.613
lv_in[2023]	INPUT	SIGNAL	M5	103.536	335.529	103.56	335.613
lv_in[2024]	INPUT	SIGNAL	M5	101.664	335.529	101.688	335.613
lv_in[2025]	INPUT	SIGNAL	M5	103.296	335.529	103.32	335.613
lv_in[2026]	INPUT	SIGNAL	M5	103.824	335.529	103.848	335.613
lv_in[2027]	INPUT	SIGNAL	M5	113.184	335.529	113.208	335.613
lv_in[2028]	INPUT	SIGNAL	M5	114.192	335.529	114.216	335.613
lv_in[2029]	INPUT	SIGNAL	M5	114.816	335.529	114.84	335.613
lv_in[202]	INPUT	SIGNAL	M5	157.968	0.0	157.992	0.084
lv_in[2030]	INPUT	SIGNAL	M5	112.176	335.529	112.2	335.613
lv_in[2031]	INPUT	SIGNAL	M5	112.992	335.529	113.016	335.613
lv_in[2032]	INPUT	SIGNAL	M5	114.912	335.529	114.936	335.613
lv_in[2033]	INPUT	SIGNAL	M5	113.52	335.529	113.544	335.613
lv_in[2034]	INPUT	SIGNAL	M5	115.008	335.529	115.032	335.613
lv_in[2035]	INPUT	SIGNAL	M5	112.224	335.529	112.248	335.613
lv_in[2036]	INPUT	SIGNAL	M5	115.68	335.529	115.704	335.613
lv_in[2037]	INPUT	SIGNAL	M5	101.376	335.529	101.4	335.613
lv_in[2038]	INPUT	SIGNAL	M5	105.024	335.529	105.048	335.613
lv_in[2039]	INPUT	SIGNAL	M5	104.064	335.529	104.088	335.613
lv_in[203]	INPUT	SIGNAL	M5	161.856	0.0	161.88	0.084
lv_in[2040]	INPUT	SIGNAL	M5	106.272	335.529	106.296	335.613
lv_in[2041]	INPUT	SIGNAL	M5	105.936	335.529	105.96	335.613
lv_in[2042]	INPUT	SIGNAL	M5	106.32	335.529	106.344	335.613
lv_in[2043]	INPUT	SIGNAL	M5	103.344	335.529	103.368	335.613
lv_in[2044]	INPUT	SIGNAL	M5	101.424	335.529	101.448	335.613
lv_in[2045]	INPUT	SIGNAL	M5	101.52	335.529	101.544	335.613
lv_in[2046]	INPUT	SIGNAL	M5	100.8	335.529	100.824	335.613
lv_in[2047]	INPUT	SIGNAL	M5	104.784	335.529	104.808	335.613
lv_in[2048]	INPUT	SIGNAL	M5	132.0	335.529	132.024	335.613
lv_in[2049]	INPUT	SIGNAL	M5	129.408	335.529	129.432	335.613
lv_in[204]	INPUT	SIGNAL	M5	161.616	0.0	161.64	0.084
lv_in[2050]	INPUT	SIGNAL	M5	129.264	335.529	129.288	335.613
lv_in[2051]	INPUT	SIGNAL	M5	128.544	335.529	128.568	335.613
lv_in[2052]	INPUT	SIGNAL	M5	128.736	335.529	128.76	335.613
lv_in[2053]	INPUT	SIGNAL	M5	127.584	335.529	127.608	335.613
lv_in[2054]	INPUT	SIGNAL	M5	128.016	335.529	128.04	335.613
lv_in[2055]	INPUT	SIGNAL	M5	128.448	335.529	128.472	335.613
lv_in[2056]	INPUT	SIGNAL	M5	127.392	335.529	127.416	335.613
lv_in[2057]	INPUT	SIGNAL	M5	127.536	335.529	127.56	335.613
lv_in[2058]	INPUT	SIGNAL	M5	128.208	335.529	128.232	335.613
lv_in[2059]	INPUT	SIGNAL	M5	123.36	335.529	123.384	335.613
lv_in[205]	INPUT	SIGNAL	M5	165.984	0.0	166.008	0.084
lv_in[2060]	INPUT	SIGNAL	M5	114.384	335.529	114.408	335.613
lv_in[2061]	INPUT	SIGNAL	M5	123.552	335.529	123.576	335.613
lv_in[2062]	INPUT	SIGNAL	M5	117.264	335.529	117.288	335.613
lv_in[2063]	INPUT	SIGNAL	M5	126.72	335.529	126.744	335.613
lv_in[2064]	INPUT	SIGNAL	M5	118.992	335.529	119.016	335.613
lv_in[2065]	INPUT	SIGNAL	M5	122.592	335.529	122.616	335.613
lv_in[2066]	INPUT	SIGNAL	M5	119.904	335.529	119.928	335.613
lv_in[2067]	INPUT	SIGNAL	M5	117.408	335.529	117.432	335.613
lv_in[2068]	INPUT	SIGNAL	M5	123.456	335.529	123.48	335.613
lv_in[2069]	INPUT	SIGNAL	M5	128.592	335.529	128.616	335.613
lv_in[206]	INPUT	SIGNAL	M5	163.2	0.0	163.224	0.084
lv_in[2070]	INPUT	SIGNAL	M5	126.864	335.529	126.888	335.613
lv_in[2071]	INPUT	SIGNAL	M5	127.296	335.529	127.32	335.613
lv_in[2072]	INPUT	SIGNAL	M5	127.152	335.529	127.176	335.613
lv_in[2073]	INPUT	SIGNAL	M5	129.216	335.529	129.24	335.613
lv_in[2074]	INPUT	SIGNAL	M5	127.68	335.529	127.704	335.613
lv_in[2075]	INPUT	SIGNAL	M5	130.512	335.529	130.536	335.613
lv_in[2076]	INPUT	SIGNAL	M5	130.56	335.529	130.584	335.613
lv_in[2077]	INPUT	SIGNAL	M5	128.88	335.529	128.904	335.613
lv_in[2078]	INPUT	SIGNAL	M5	129.888	335.529	129.912	335.613
lv_in[2079]	INPUT	SIGNAL	M5	126.624	335.529	126.648	335.613
lv_in[207]	INPUT	SIGNAL	M5	166.512	0.0	166.536	0.084
lv_in[2080]	INPUT	SIGNAL	M5	106.752	335.529	106.776	335.613
lv_in[2081]	INPUT	SIGNAL	M5	111.12	335.529	111.144	335.613
lv_in[2082]	INPUT	SIGNAL	M5	110.4	335.529	110.424	335.613
lv_in[2083]	INPUT	SIGNAL	M5	108.816	335.529	108.84	335.613
lv_in[2084]	INPUT	SIGNAL	M5	111.504	335.529	111.528	335.613
lv_in[2085]	INPUT	SIGNAL	M5	110.976	335.529	111.0	335.613
lv_in[2086]	INPUT	SIGNAL	M5	104.544	335.529	104.568	335.613
lv_in[2087]	INPUT	SIGNAL	M5	105.792	335.529	105.816	335.613
lv_in[2088]	INPUT	SIGNAL	M5	110.544	335.529	110.568	335.613
lv_in[2089]	INPUT	SIGNAL	M5	110.496	335.529	110.52	335.613
lv_in[208]	INPUT	SIGNAL	M5	165.6	0.0	165.624	0.084
lv_in[2090]	INPUT	SIGNAL	M5	110.88	335.529	110.904	335.613
lv_in[2091]	INPUT	SIGNAL	M5	110.208	335.529	110.232	335.613
lv_in[2092]	INPUT	SIGNAL	M5	110.448	335.529	110.472	335.613
lv_in[2093]	INPUT	SIGNAL	M5	112.608	335.529	112.632	335.613
lv_in[2094]	INPUT	SIGNAL	M5	112.32	335.529	112.344	335.613
lv_in[2095]	INPUT	SIGNAL	M5	111.888	335.529	111.912	335.613
lv_in[2096]	INPUT	SIGNAL	M5	109.296	335.529	109.32	335.613
lv_in[2097]	INPUT	SIGNAL	M5	105.216	335.529	105.24	335.613
lv_in[2098]	INPUT	SIGNAL	M5	112.416	335.529	112.44	335.613
lv_in[2099]	INPUT	SIGNAL	M5	111.84	335.529	111.864	335.613
lv_in[209]	INPUT	SIGNAL	M5	166.896	0.0	166.92	0.084
lv_in[20]	INPUT	SIGNAL	M4	335.529	184.8	335.613	184.824
lv_in[2100]	INPUT	SIGNAL	M5	107.568	335.529	107.592	335.613
lv_in[2101]	INPUT	SIGNAL	M5	108.72	335.529	108.744	335.613
lv_in[2102]	INPUT	SIGNAL	M5	107.856	335.529	107.88	335.613
lv_in[2103]	INPUT	SIGNAL	M5	109.2	335.529	109.224	335.613
lv_in[2104]	INPUT	SIGNAL	M5	109.008	335.529	109.032	335.613
lv_in[2105]	INPUT	SIGNAL	M5	109.44	335.529	109.464	335.613
lv_in[2106]	INPUT	SIGNAL	M5	109.104	335.529	109.128	335.613
lv_in[2107]	INPUT	SIGNAL	M5	109.728	335.529	109.752	335.613
lv_in[2108]	INPUT	SIGNAL	M5	109.152	335.529	109.176	335.613
lv_in[2109]	INPUT	SIGNAL	M5	108.864	335.529	108.888	335.613
lv_in[210]	INPUT	SIGNAL	M5	164.88	0.0	164.904	0.084
lv_in[2110]	INPUT	SIGNAL	M5	108.768	335.529	108.792	335.613
lv_in[2111]	INPUT	SIGNAL	M5	109.68	335.529	109.704	335.613
lv_in[2112]	INPUT	SIGNAL	M5	164.688	335.529	164.712	335.613
lv_in[2113]	INPUT	SIGNAL	M5	154.896	335.529	154.92	335.613
lv_in[2114]	INPUT	SIGNAL	M5	158.496	335.529	158.52	335.613
lv_in[2115]	INPUT	SIGNAL	M5	158.592	335.529	158.616	335.613
lv_in[2116]	INPUT	SIGNAL	M5	159.12	335.529	159.144	335.613
lv_in[2117]	INPUT	SIGNAL	M5	162.96	335.529	162.984	335.613
lv_in[2118]	INPUT	SIGNAL	M5	162.48	335.529	162.504	335.613
lv_in[2119]	INPUT	SIGNAL	M5	162.72	335.529	162.744	335.613
lv_in[211]	INPUT	SIGNAL	M5	166.752	0.0	166.776	0.084
lv_in[2120]	INPUT	SIGNAL	M5	165.456	335.529	165.48	335.613
lv_in[2121]	INPUT	SIGNAL	M5	165.12	335.529	165.144	335.613
lv_in[2122]	INPUT	SIGNAL	M5	163.008	335.529	163.032	335.613
lv_in[2123]	INPUT	SIGNAL	M5	166.56	335.529	166.584	335.613
lv_in[2124]	INPUT	SIGNAL	M5	168.672	335.529	168.696	335.613
lv_in[2125]	INPUT	SIGNAL	M5	168.048	335.529	168.072	335.613
lv_in[2126]	INPUT	SIGNAL	M5	168.576	335.529	168.6	335.613
lv_in[2127]	INPUT	SIGNAL	M5	167.376	335.529	167.4	335.613
lv_in[2128]	INPUT	SIGNAL	M5	169.632	335.529	169.656	335.613
lv_in[2129]	INPUT	SIGNAL	M5	172.128	335.529	172.152	335.613
lv_in[212]	INPUT	SIGNAL	M5	166.704	0.0	166.728	0.084
lv_in[2130]	INPUT	SIGNAL	M5	172.944	335.529	172.968	335.613
lv_in[2131]	INPUT	SIGNAL	M5	173.232	335.529	173.256	335.613
lv_in[2132]	INPUT	SIGNAL	M5	172.848	335.529	172.872	335.613
lv_in[2133]	INPUT	SIGNAL	M5	176.784	335.529	176.808	335.613
lv_in[2134]	INPUT	SIGNAL	M5	178.704	335.529	178.728	335.613
lv_in[2135]	INPUT	SIGNAL	M5	177.936	335.529	177.96	335.613
lv_in[2136]	INPUT	SIGNAL	M5	179.232	335.529	179.256	335.613
lv_in[2137]	INPUT	SIGNAL	M5	179.76	335.529	179.784	335.613
lv_in[2138]	INPUT	SIGNAL	M5	179.52	335.529	179.544	335.613
lv_in[2139]	INPUT	SIGNAL	M5	175.632	335.529	175.656	335.613
lv_in[213]	INPUT	SIGNAL	M5	161.04	0.0	161.064	0.084
lv_in[2140]	INPUT	SIGNAL	M5	175.536	335.529	175.56	335.613
lv_in[2141]	INPUT	SIGNAL	M5	177.264	335.529	177.288	335.613
lv_in[2142]	INPUT	SIGNAL	M5	174.96	335.529	174.984	335.613
lv_in[2143]	INPUT	SIGNAL	M5	174.48	335.529	174.504	335.613
lv_in[2144]	INPUT	SIGNAL	M5	167.712	335.529	167.736	335.613
lv_in[2145]	INPUT	SIGNAL	M5	162.096	335.529	162.12	335.613
lv_in[2146]	INPUT	SIGNAL	M5	159.936	335.529	159.96	335.613
lv_in[2147]	INPUT	SIGNAL	M5	156.0	335.529	156.024	335.613
lv_in[2148]	INPUT	SIGNAL	M5	157.536	335.529	157.56	335.613
lv_in[2149]	INPUT	SIGNAL	M5	163.152	335.529	163.176	335.613
lv_in[214]	INPUT	SIGNAL	M5	161.328	0.0	161.352	0.084
lv_in[2150]	INPUT	SIGNAL	M5	163.872	335.529	163.896	335.613
lv_in[2151]	INPUT	SIGNAL	M5	163.728	335.529	163.752	335.613
lv_in[2152]	INPUT	SIGNAL	M5	167.088	335.529	167.112	335.613
lv_in[2153]	INPUT	SIGNAL	M5	167.568	335.529	167.592	335.613
lv_in[2154]	INPUT	SIGNAL	M5	162.336	335.529	162.36	335.613
lv_in[2155]	INPUT	SIGNAL	M5	170.352	335.529	170.376	335.613
lv_in[2156]	INPUT	SIGNAL	M5	168.336	335.529	168.36	335.613
lv_in[2157]	INPUT	SIGNAL	M5	172.656	335.529	172.68	335.613
lv_in[2158]	INPUT	SIGNAL	M5	170.928	335.529	170.952	335.613
lv_in[2159]	INPUT	SIGNAL	M5	174.864	335.529	174.888	335.613
lv_in[215]	INPUT	SIGNAL	M5	161.712	0.0	161.736	0.084
lv_in[2160]	INPUT	SIGNAL	M5	172.368	335.529	172.392	335.613
lv_in[2161]	INPUT	SIGNAL	M5	174.384	335.529	174.408	335.613
lv_in[2162]	INPUT	SIGNAL	M5	174.768	335.529	174.792	335.613
lv_in[2163]	INPUT	SIGNAL	M5	174.576	335.529	174.6	335.613
lv_in[2164]	INPUT	SIGNAL	M5	174.624	335.529	174.648	335.613
lv_in[2165]	INPUT	SIGNAL	M5	178.848	335.529	178.872	335.613
lv_in[2166]	INPUT	SIGNAL	M5	180.096	335.529	180.12	335.613
lv_in[2167]	INPUT	SIGNAL	M5	183.456	335.529	183.48	335.613
lv_in[2168]	INPUT	SIGNAL	M5	182.16	335.529	182.184	335.613
lv_in[2169]	INPUT	SIGNAL	M5	185.376	335.529	185.4	335.613
lv_in[216]	INPUT	SIGNAL	M5	161.424	0.0	161.448	0.084
lv_in[2170]	INPUT	SIGNAL	M5	186.816	335.529	186.84	335.613
lv_in[2171]	INPUT	SIGNAL	M5	188.496	335.529	188.52	335.613
lv_in[2172]	INPUT	SIGNAL	M5	191.472	335.529	191.496	335.613
lv_in[2173]	INPUT	SIGNAL	M5	189.936	335.529	189.96	335.613
lv_in[2174]	INPUT	SIGNAL	M5	191.904	335.529	191.928	335.613
lv_in[2175]	INPUT	SIGNAL	M5	177.408	335.529	177.432	335.613
lv_in[2176]	INPUT	SIGNAL	M5	118.464	0.0	118.488	0.084
lv_in[2177]	INPUT	SIGNAL	M5	118.944	0.0	118.968	0.084
lv_in[2178]	INPUT	SIGNAL	M5	121.008	0.0	121.032	0.084
lv_in[2179]	INPUT	SIGNAL	M5	116.976	0.0	117.0	0.084
lv_in[217]	INPUT	SIGNAL	M5	161.232	0.0	161.256	0.084
lv_in[2180]	INPUT	SIGNAL	M5	117.84	0.0	117.864	0.084
lv_in[2181]	INPUT	SIGNAL	M5	118.272	0.0	118.296	0.084
lv_in[2182]	INPUT	SIGNAL	M5	116.736	0.0	116.76	0.084
lv_in[2183]	INPUT	SIGNAL	M5	118.032	0.0	118.056	0.084
lv_in[2184]	INPUT	SIGNAL	M5	118.224	0.0	118.248	0.084
lv_in[2185]	INPUT	SIGNAL	M5	117.744	0.0	117.768	0.084
lv_in[2186]	INPUT	SIGNAL	M5	116.784	0.0	116.808	0.084
lv_in[2187]	INPUT	SIGNAL	M5	115.968	0.0	115.992	0.084
lv_in[2188]	INPUT	SIGNAL	M5	118.32	0.0	118.344	0.084
lv_in[2189]	INPUT	SIGNAL	M5	120.144	0.0	120.168	0.084
lv_in[218]	INPUT	SIGNAL	M5	161.568	0.0	161.592	0.084
lv_in[2190]	INPUT	SIGNAL	M5	121.152	0.0	121.176	0.084
lv_in[2191]	INPUT	SIGNAL	M5	115.92	0.0	115.944	0.084
lv_in[2192]	INPUT	SIGNAL	M5	110.064	0.0	110.088	0.084
lv_in[2193]	INPUT	SIGNAL	M5	118.512	0.0	118.536	0.084
lv_in[2194]	INPUT	SIGNAL	M5	118.416	0.0	118.44	0.084
lv_in[2195]	INPUT	SIGNAL	M5	117.888	0.0	117.912	0.084
lv_in[2196]	INPUT	SIGNAL	M5	120.528	0.0	120.552	0.084
lv_in[2197]	INPUT	SIGNAL	M5	118.848	0.0	118.872	0.084
lv_in[2198]	INPUT	SIGNAL	M5	120.384	0.0	120.408	0.084
lv_in[2199]	INPUT	SIGNAL	M5	121.968	0.0	121.992	0.084
lv_in[219]	INPUT	SIGNAL	M5	161.088	0.0	161.112	0.084
lv_in[21]	INPUT	SIGNAL	M4	335.529	188.592	335.613	188.616
lv_in[2200]	INPUT	SIGNAL	M5	118.656	0.0	118.68	0.084
lv_in[2201]	INPUT	SIGNAL	M5	119.472	0.0	119.496	0.084
lv_in[2202]	INPUT	SIGNAL	M5	122.832	0.0	122.856	0.084
lv_in[2203]	INPUT	SIGNAL	M5	122.784	0.0	122.808	0.084
lv_in[2204]	INPUT	SIGNAL	M5	120.672	0.0	120.696	0.084
lv_in[2205]	INPUT	SIGNAL	M5	122.592	0.0	122.616	0.084
lv_in[2206]	INPUT	SIGNAL	M5	123.072	0.0	123.096	0.084
lv_in[2207]	INPUT	SIGNAL	M5	117.072	0.0	117.096	0.084
lv_in[2208]	INPUT	SIGNAL	M5	136.128	0.0	136.152	0.084
lv_in[2209]	INPUT	SIGNAL	M5	131.328	0.0	131.352	0.084
lv_in[220]	INPUT	SIGNAL	M5	161.376	0.0	161.4	0.084
lv_in[2210]	INPUT	SIGNAL	M5	133.2	0.0	133.224	0.084
lv_in[2211]	INPUT	SIGNAL	M5	129.312	0.0	129.336	0.084
lv_in[2212]	INPUT	SIGNAL	M5	127.776	0.0	127.8	0.084
lv_in[2213]	INPUT	SIGNAL	M5	127.968	0.0	127.992	0.084
lv_in[2214]	INPUT	SIGNAL	M5	130.848	0.0	130.872	0.084
lv_in[2215]	INPUT	SIGNAL	M5	130.56	0.0	130.584	0.084
lv_in[2216]	INPUT	SIGNAL	M5	129.264	0.0	129.288	0.084
lv_in[2217]	INPUT	SIGNAL	M5	130.416	0.0	130.44	0.084
lv_in[2218]	INPUT	SIGNAL	M5	127.536	0.0	127.56	0.084
lv_in[2219]	INPUT	SIGNAL	M5	128.256	0.0	128.28	0.084
lv_in[221]	INPUT	SIGNAL	M5	161.472	0.0	161.496	0.084
lv_in[2220]	INPUT	SIGNAL	M5	129.888	0.0	129.912	0.084
lv_in[2221]	INPUT	SIGNAL	M5	128.928	0.0	128.952	0.084
lv_in[2222]	INPUT	SIGNAL	M5	127.392	0.0	127.416	0.084
lv_in[2223]	INPUT	SIGNAL	M5	131.424	0.0	131.448	0.084
lv_in[2224]	INPUT	SIGNAL	M5	130.224	0.0	130.248	0.084
lv_in[2225]	INPUT	SIGNAL	M5	132.048	0.0	132.072	0.084
lv_in[2226]	INPUT	SIGNAL	M5	133.008	0.0	133.032	0.084
lv_in[2227]	INPUT	SIGNAL	M5	133.488	0.0	133.512	0.084
lv_in[2228]	INPUT	SIGNAL	M5	131.472	0.0	131.496	0.084
lv_in[2229]	INPUT	SIGNAL	M5	137.76	0.0	137.784	0.084
lv_in[222]	INPUT	SIGNAL	M5	160.992	0.0	161.016	0.084
lv_in[2230]	INPUT	SIGNAL	M5	142.896	0.0	142.92	0.084
lv_in[2231]	INPUT	SIGNAL	M5	137.424	0.0	137.448	0.084
lv_in[2232]	INPUT	SIGNAL	M5	140.112	0.0	140.136	0.084
lv_in[2233]	INPUT	SIGNAL	M5	138.624	0.0	138.648	0.084
lv_in[2234]	INPUT	SIGNAL	M5	139.44	0.0	139.464	0.084
lv_in[2235]	INPUT	SIGNAL	M5	141.936	0.0	141.96	0.084
lv_in[2236]	INPUT	SIGNAL	M5	140.544	0.0	140.568	0.084
lv_in[2237]	INPUT	SIGNAL	M5	142.608	0.0	142.632	0.084
lv_in[2238]	INPUT	SIGNAL	M5	141.888	0.0	141.912	0.084
lv_in[2239]	INPUT	SIGNAL	M5	136.704	0.0	136.728	0.084
lv_in[223]	INPUT	SIGNAL	M5	159.024	0.0	159.048	0.084
lv_in[2240]	INPUT	SIGNAL	M4	0.0	291.312	0.084	291.336
lv_in[2241]	INPUT	SIGNAL	M4	0.0	300.576	0.084	300.6
lv_in[2242]	INPUT	SIGNAL	M4	0.0	301.632	0.084	301.656
lv_in[2243]	INPUT	SIGNAL	M4	0.0	306.816	0.084	306.84
lv_in[2244]	INPUT	SIGNAL	M4	0.0	305.616	0.084	305.64
lv_in[2245]	INPUT	SIGNAL	M4	0.0	306.96	0.084	306.984
lv_in[2246]	INPUT	SIGNAL	M4	0.0	304.32	0.084	304.344
lv_in[2247]	INPUT	SIGNAL	M4	0.0	305.52	0.084	305.544
lv_in[2248]	INPUT	SIGNAL	M4	0.0	302.832	0.084	302.856
lv_in[2249]	INPUT	SIGNAL	M4	0.0	303.12	0.084	303.144
lv_in[224]	INPUT	SIGNAL	M5	162.144	0.0	162.168	0.084
lv_in[2250]	INPUT	SIGNAL	M4	0.0	304.224	0.084	304.248
lv_in[2251]	INPUT	SIGNAL	M4	0.0	298.032	0.084	298.056
lv_in[2252]	INPUT	SIGNAL	M4	0.0	298.08	0.084	298.104
lv_in[2253]	INPUT	SIGNAL	M4	0.0	296.688	0.084	296.712
lv_in[2254]	INPUT	SIGNAL	M4	0.0	296.784	0.084	296.808
lv_in[2255]	INPUT	SIGNAL	M4	0.0	295.344	0.084	295.368
lv_in[2256]	INPUT	SIGNAL	M4	0.0	294.096	0.084	294.12
lv_in[2257]	INPUT	SIGNAL	M4	0.0	294.192	0.084	294.216
lv_in[2258]	INPUT	SIGNAL	M4	0.0	291.792	0.084	291.816
lv_in[2259]	INPUT	SIGNAL	M4	0.0	292.944	0.084	292.968
lv_in[225]	INPUT	SIGNAL	M5	151.344	0.0	151.368	0.084
lv_in[2260]	INPUT	SIGNAL	M4	0.0	291.84	0.084	291.864
lv_in[2261]	INPUT	SIGNAL	M4	0.0	288.096	0.084	288.12
lv_in[2262]	INPUT	SIGNAL	M4	0.0	286.512	0.084	286.536
lv_in[2263]	INPUT	SIGNAL	M4	0.0	289.248	0.084	289.272
lv_in[2264]	INPUT	SIGNAL	M4	0.0	290.496	0.084	290.52
lv_in[2265]	INPUT	SIGNAL	M4	0.0	286.848	0.084	286.872
lv_in[2266]	INPUT	SIGNAL	M4	0.0	287.952	0.084	287.976
lv_in[2267]	INPUT	SIGNAL	M4	0.0	285.84	0.084	285.864
lv_in[2268]	INPUT	SIGNAL	M4	0.0	284.688	0.084	284.712
lv_in[2269]	INPUT	SIGNAL	M4	0.0	285.36	0.084	285.384
lv_in[226]	INPUT	SIGNAL	M5	148.56	0.0	148.584	0.084
lv_in[2270]	INPUT	SIGNAL	M4	0.0	284.448	0.084	284.472
lv_in[2271]	INPUT	SIGNAL	M4	0.0	289.2	0.084	289.224
lv_in[2272]	INPUT	SIGNAL	M4	0.0	309.792	0.084	309.816
lv_in[2273]	INPUT	SIGNAL	M5	21.648	335.529	21.672	335.613
lv_in[2274]	INPUT	SIGNAL	M5	23.664	335.529	23.688	335.613
lv_in[2275]	INPUT	SIGNAL	M5	21.984	335.529	22.008	335.613
lv_in[2276]	INPUT	SIGNAL	M5	23.616	335.529	23.64	335.613
lv_in[2277]	INPUT	SIGNAL	M5	23.904	335.529	23.928	335.613
lv_in[2278]	INPUT	SIGNAL	M5	23.568	335.529	23.592	335.613
lv_in[2279]	INPUT	SIGNAL	M5	21.696	335.529	21.72	335.613
lv_in[227]	INPUT	SIGNAL	M5	148.8	0.0	148.824	0.084
lv_in[2280]	INPUT	SIGNAL	M5	23.328	335.529	23.352	335.613
lv_in[2281]	INPUT	SIGNAL	M5	23.424	335.529	23.448	335.613
lv_in[2282]	INPUT	SIGNAL	M5	21.504	335.529	21.528	335.613
lv_in[2283]	INPUT	SIGNAL	M5	22.848	335.529	22.872	335.613
lv_in[2284]	INPUT	SIGNAL	M4	0.0	311.376	0.084	311.4
lv_in[2285]	INPUT	SIGNAL	M4	0.0	309.12	0.084	309.144
lv_in[2286]	INPUT	SIGNAL	M4	0.0	312.336	0.084	312.36
lv_in[2287]	INPUT	SIGNAL	M4	0.0	307.584	0.084	307.608
lv_in[2288]	INPUT	SIGNAL	M4	0.0	311.136	0.084	311.16
lv_in[2289]	INPUT	SIGNAL	M4	0.0	308.688	0.084	308.712
lv_in[228]	INPUT	SIGNAL	M5	148.944	0.0	148.968	0.084
lv_in[2290]	INPUT	SIGNAL	M4	0.0	309.888	0.084	309.912
lv_in[2291]	INPUT	SIGNAL	M4	0.0	307.44	0.084	307.464
lv_in[2292]	INPUT	SIGNAL	M4	0.0	307.536	0.084	307.56
lv_in[2293]	INPUT	SIGNAL	M4	0.0	300.336	0.084	300.36
lv_in[2294]	INPUT	SIGNAL	M4	0.0	301.344	0.084	301.368
lv_in[2295]	INPUT	SIGNAL	M4	0.0	302.496	0.084	302.52
lv_in[2296]	INPUT	SIGNAL	M4	0.0	299.232	0.084	299.256
lv_in[2297]	INPUT	SIGNAL	M4	0.0	297.312	0.084	297.336
lv_in[2298]	INPUT	SIGNAL	M4	0.0	298.224	0.084	298.248
lv_in[2299]	INPUT	SIGNAL	M4	0.0	296.16	0.084	296.184
lv_in[229]	INPUT	SIGNAL	M5	147.504	0.0	147.528	0.084
lv_in[22]	INPUT	SIGNAL	M4	335.529	190.08	335.613	190.104
lv_in[2300]	INPUT	SIGNAL	M4	0.0	294.384	0.084	294.408
lv_in[2301]	INPUT	SIGNAL	M4	0.0	295.536	0.084	295.56
lv_in[2302]	INPUT	SIGNAL	M4	0.0	294.336	0.084	294.36
lv_in[2303]	INPUT	SIGNAL	M4	0.0	304.032	0.084	304.056
lv_in[2304]	INPUT	SIGNAL	M4	0.0	120.0	0.084	120.024
lv_in[2305]	INPUT	SIGNAL	M4	0.0	120.816	0.084	120.84
lv_in[2306]	INPUT	SIGNAL	M4	0.0	120.624	0.084	120.648
lv_in[2307]	INPUT	SIGNAL	M4	0.0	118.08	0.084	118.104
lv_in[2308]	INPUT	SIGNAL	M4	0.0	117.024	0.084	117.048
lv_in[2309]	INPUT	SIGNAL	M4	0.0	114.528	0.084	114.552
lv_in[230]	INPUT	SIGNAL	M5	148.752	0.0	148.776	0.084
lv_in[2310]	INPUT	SIGNAL	M4	0.0	112.032	0.084	112.056
lv_in[2311]	INPUT	SIGNAL	M4	0.0	116.256	0.084	116.28
lv_in[2312]	INPUT	SIGNAL	M4	0.0	112.08	0.084	112.104
lv_in[2313]	INPUT	SIGNAL	M4	0.0	113.376	0.084	113.4
lv_in[2314]	INPUT	SIGNAL	M4	0.0	115.392	0.084	115.416
lv_in[2315]	INPUT	SIGNAL	M4	0.0	114.432	0.084	114.456
lv_in[2316]	INPUT	SIGNAL	M4	0.0	115.248	0.084	115.272
lv_in[2317]	INPUT	SIGNAL	M4	0.0	116.88	0.084	116.904
lv_in[2318]	INPUT	SIGNAL	M4	0.0	114.72	0.084	114.744
lv_in[2319]	INPUT	SIGNAL	M4	0.0	118.416	0.084	118.44
lv_in[231]	INPUT	SIGNAL	M5	147.12	0.0	147.144	0.084
lv_in[2320]	INPUT	SIGNAL	M4	0.0	114.672	0.084	114.696
lv_in[2321]	INPUT	SIGNAL	M4	0.0	120.144	0.084	120.168
lv_in[2322]	INPUT	SIGNAL	M4	0.0	117.36	0.084	117.384
lv_in[2323]	INPUT	SIGNAL	M4	0.0	114.864	0.084	114.888
lv_in[2324]	INPUT	SIGNAL	M4	0.0	115.824	0.084	115.848
lv_in[2325]	INPUT	SIGNAL	M4	0.0	121.296	0.084	121.32
lv_in[2326]	INPUT	SIGNAL	M4	0.0	123.12	0.084	123.144
lv_in[2327]	INPUT	SIGNAL	M4	0.0	123.504	0.084	123.528
lv_in[2328]	INPUT	SIGNAL	M4	0.0	125.28	0.084	125.304
lv_in[2329]	INPUT	SIGNAL	M4	0.0	126.528	0.084	126.552
lv_in[232]	INPUT	SIGNAL	M5	147.696	0.0	147.72	0.084
lv_in[2330]	INPUT	SIGNAL	M4	0.0	128.592	0.084	128.616
lv_in[2331]	INPUT	SIGNAL	M4	0.0	128.16	0.084	128.184
lv_in[2332]	INPUT	SIGNAL	M4	0.0	129.504	0.084	129.528
lv_in[2333]	INPUT	SIGNAL	M4	0.0	129.552	0.084	129.576
lv_in[2334]	INPUT	SIGNAL	M4	0.0	129.408	0.084	129.432
lv_in[2335]	INPUT	SIGNAL	M4	0.0	121.776	0.084	121.8
lv_in[2336]	INPUT	SIGNAL	M4	0.0	105.648	0.084	105.672
lv_in[2337]	INPUT	SIGNAL	M4	0.0	105.12	0.084	105.144
lv_in[2338]	INPUT	SIGNAL	M4	0.0	106.128	0.084	106.152
lv_in[2339]	INPUT	SIGNAL	M4	0.0	108.48	0.084	108.504
lv_in[233]	INPUT	SIGNAL	M5	149.952	0.0	149.976	0.084
lv_in[2340]	INPUT	SIGNAL	M4	0.0	108.384	0.084	108.408
lv_in[2341]	INPUT	SIGNAL	M4	0.0	105.936	0.084	105.96
lv_in[2342]	INPUT	SIGNAL	M4	0.0	108.096	0.084	108.12
lv_in[2343]	INPUT	SIGNAL	M4	0.0	106.944	0.084	106.968
lv_in[2344]	INPUT	SIGNAL	M4	0.0	106.56	0.084	106.584
lv_in[2345]	INPUT	SIGNAL	M4	0.0	105.408	0.084	105.432
lv_in[2346]	INPUT	SIGNAL	M4	0.0	107.232	0.084	107.256
lv_in[2347]	INPUT	SIGNAL	M4	0.0	105.888	0.084	105.912
lv_in[2348]	INPUT	SIGNAL	M4	0.0	106.272	0.084	106.296
lv_in[2349]	INPUT	SIGNAL	M4	0.0	104.448	0.084	104.472
lv_in[234]	INPUT	SIGNAL	M5	150.672	0.0	150.696	0.084
lv_in[2350]	INPUT	SIGNAL	M4	0.0	104.304	0.084	104.328
lv_in[2351]	INPUT	SIGNAL	M4	0.0	104.928	0.084	104.952
lv_in[2352]	INPUT	SIGNAL	M4	0.0	105.456	0.084	105.48
lv_in[2353]	INPUT	SIGNAL	M4	0.0	106.368	0.084	106.392
lv_in[2354]	INPUT	SIGNAL	M4	0.0	105.792	0.084	105.816
lv_in[2355]	INPUT	SIGNAL	M4	0.0	104.592	0.084	104.616
lv_in[2356]	INPUT	SIGNAL	M4	0.0	103.344	0.084	103.368
lv_in[2357]	INPUT	SIGNAL	M4	0.0	111.84	0.084	111.864
lv_in[2358]	INPUT	SIGNAL	M4	0.0	105.984	0.084	106.008
lv_in[2359]	INPUT	SIGNAL	M4	0.0	107.088	0.084	107.112
lv_in[235]	INPUT	SIGNAL	M5	156.672	0.0	156.696	0.084
lv_in[2360]	INPUT	SIGNAL	M4	0.0	106.512	0.084	106.536
lv_in[2361]	INPUT	SIGNAL	M4	0.0	105.312	0.084	105.336
lv_in[2362]	INPUT	SIGNAL	M4	0.0	105.264	0.084	105.288
lv_in[2363]	INPUT	SIGNAL	M4	0.0	106.032	0.084	106.056
lv_in[2364]	INPUT	SIGNAL	M4	0.0	107.808	0.084	107.832
lv_in[2365]	INPUT	SIGNAL	M4	0.0	106.752	0.084	106.776
lv_in[2366]	INPUT	SIGNAL	M4	0.0	107.328	0.084	107.352
lv_in[2367]	INPUT	SIGNAL	M4	0.0	104.784	0.084	104.808
lv_in[2368]	INPUT	SIGNAL	M5	147.888	0.0	147.912	0.084
lv_in[2369]	INPUT	SIGNAL	M5	148.272	0.0	148.296	0.084
lv_in[236]	INPUT	SIGNAL	M5	156.576	0.0	156.6	0.084
lv_in[2370]	INPUT	SIGNAL	M5	150.768	0.0	150.792	0.084
lv_in[2371]	INPUT	SIGNAL	M5	151.872	0.0	151.896	0.084
lv_in[2372]	INPUT	SIGNAL	M5	152.112	0.0	152.136	0.084
lv_in[2373]	INPUT	SIGNAL	M5	152.208	0.0	152.232	0.084
lv_in[2374]	INPUT	SIGNAL	M5	149.136	0.0	149.16	0.084
lv_in[2375]	INPUT	SIGNAL	M5	149.088	0.0	149.112	0.084
lv_in[2376]	INPUT	SIGNAL	M5	146.208	0.0	146.232	0.084
lv_in[2377]	INPUT	SIGNAL	M5	146.592	0.0	146.616	0.084
lv_in[2378]	INPUT	SIGNAL	M5	144.624	0.0	144.648	0.084
lv_in[2379]	INPUT	SIGNAL	M5	143.952	0.0	143.976	0.084
lv_in[237]	INPUT	SIGNAL	M5	160.272	0.0	160.296	0.084
lv_in[2380]	INPUT	SIGNAL	M5	143.184	0.0	143.208	0.084
lv_in[2381]	INPUT	SIGNAL	M5	143.664	0.0	143.688	0.084
lv_in[2382]	INPUT	SIGNAL	M5	143.232	0.0	143.256	0.084
lv_in[2383]	INPUT	SIGNAL	M5	143.568	0.0	143.592	0.084
lv_in[2384]	INPUT	SIGNAL	M5	143.136	0.0	143.16	0.084
lv_in[2385]	INPUT	SIGNAL	M5	143.28	0.0	143.304	0.084
lv_in[2386]	INPUT	SIGNAL	M5	142.656	0.0	142.68	0.084
lv_in[2387]	INPUT	SIGNAL	M5	142.752	0.0	142.776	0.084
lv_in[2388]	INPUT	SIGNAL	M5	144.48	0.0	144.504	0.084
lv_in[2389]	INPUT	SIGNAL	M5	143.04	0.0	143.064	0.084
lv_in[238]	INPUT	SIGNAL	M5	157.152	0.0	157.176	0.084
lv_in[2390]	INPUT	SIGNAL	M5	147.936	0.0	147.96	0.084
lv_in[2391]	INPUT	SIGNAL	M5	148.656	0.0	148.68	0.084
lv_in[2392]	INPUT	SIGNAL	M5	151.536	0.0	151.56	0.084
lv_in[2393]	INPUT	SIGNAL	M5	150.432	0.0	150.456	0.084
lv_in[2394]	INPUT	SIGNAL	M5	152.64	0.0	152.664	0.084
lv_in[2395]	INPUT	SIGNAL	M5	152.448	0.0	152.472	0.084
lv_in[2396]	INPUT	SIGNAL	M5	152.592	0.0	152.616	0.084
lv_in[2397]	INPUT	SIGNAL	M5	152.832	0.0	152.856	0.084
lv_in[2398]	INPUT	SIGNAL	M5	155.376	0.0	155.4	0.084
lv_in[2399]	INPUT	SIGNAL	M5	151.824	0.0	151.848	0.084
lv_in[239]	INPUT	SIGNAL	M5	159.696	0.0	159.72	0.084
lv_in[23]	INPUT	SIGNAL	M4	335.529	191.856	335.613	191.88
lv_in[2400]	INPUT	SIGNAL	M4	335.529	107.808	335.613	107.832
lv_in[2401]	INPUT	SIGNAL	M4	335.529	112.224	335.613	112.248
lv_in[2402]	INPUT	SIGNAL	M4	335.529	113.664	335.613	113.688
lv_in[2403]	INPUT	SIGNAL	M4	335.529	113.616	335.613	113.64
lv_in[2404]	INPUT	SIGNAL	M4	335.529	113.28	335.613	113.304
lv_in[2405]	INPUT	SIGNAL	M4	335.529	112.656	335.613	112.68
lv_in[2406]	INPUT	SIGNAL	M4	335.529	111.216	335.613	111.24
lv_in[2407]	INPUT	SIGNAL	M4	335.529	111.408	335.613	111.432
lv_in[2408]	INPUT	SIGNAL	M4	335.529	109.008	335.613	109.032
lv_in[2409]	INPUT	SIGNAL	M4	335.529	109.968	335.613	109.992
lv_in[240]	INPUT	SIGNAL	M5	157.104	0.0	157.128	0.084
lv_in[2410]	INPUT	SIGNAL	M4	335.529	110.064	335.613	110.088
lv_in[2411]	INPUT	SIGNAL	M4	335.529	105.744	335.613	105.768
lv_in[2412]	INPUT	SIGNAL	M4	335.529	105.84	335.613	105.864
lv_in[2413]	INPUT	SIGNAL	M4	335.529	106.08	335.613	106.104
lv_in[2414]	INPUT	SIGNAL	M4	335.529	106.176	335.613	106.2
lv_in[2415]	INPUT	SIGNAL	M4	335.529	105.024	335.613	105.048
lv_in[2416]	INPUT	SIGNAL	M4	335.529	104.928	335.613	104.952
lv_in[2417]	INPUT	SIGNAL	M4	335.529	103.872	335.613	103.896
lv_in[2418]	INPUT	SIGNAL	M4	335.529	103.776	335.613	103.8
lv_in[2419]	INPUT	SIGNAL	M4	335.529	102.816	335.613	102.84
lv_in[241]	INPUT	SIGNAL	M5	159.792	0.0	159.816	0.084
lv_in[2420]	INPUT	SIGNAL	M4	335.529	102.672	335.613	102.696
lv_in[2421]	INPUT	SIGNAL	M4	335.529	100.032	335.613	100.056
lv_in[2422]	INPUT	SIGNAL	M4	335.529	98.976	335.613	99.0
lv_in[2423]	INPUT	SIGNAL	M4	335.529	98.64	335.613	98.664
lv_in[2424]	INPUT	SIGNAL	M4	335.529	93.936	335.613	93.96
lv_in[2425]	INPUT	SIGNAL	M4	335.529	93.408	335.613	93.432
lv_in[2426]	INPUT	SIGNAL	M4	335.529	96.288	335.613	96.312
lv_in[2427]	INPUT	SIGNAL	M4	335.529	97.584	335.613	97.608
lv_in[2428]	INPUT	SIGNAL	M4	335.529	94.896	335.613	94.92
lv_in[2429]	INPUT	SIGNAL	M4	335.529	92.496	335.613	92.52
lv_in[242]	INPUT	SIGNAL	M5	158.688	0.0	158.712	0.084
lv_in[2430]	INPUT	SIGNAL	M4	335.529	95.76	335.613	95.784
lv_in[2431]	INPUT	SIGNAL	M4	335.529	101.184	335.613	101.208
lv_in[2432]	INPUT	SIGNAL	M4	335.529	110.88	335.613	110.904
lv_in[2433]	INPUT	SIGNAL	M4	335.529	118.752	335.613	118.776
lv_in[2434]	INPUT	SIGNAL	M4	335.529	118.176	335.613	118.2
lv_in[2435]	INPUT	SIGNAL	M4	335.529	117.024	335.613	117.048
lv_in[2436]	INPUT	SIGNAL	M4	335.529	115.968	335.613	115.992
lv_in[2437]	INPUT	SIGNAL	M4	335.529	118.848	335.613	118.872
lv_in[2438]	INPUT	SIGNAL	M4	335.529	118.656	335.613	118.68
lv_in[2439]	INPUT	SIGNAL	M4	335.529	118.8	335.613	118.824
lv_in[243]	INPUT	SIGNAL	M5	160.32	0.0	160.344	0.084
lv_in[2440]	INPUT	SIGNAL	M4	335.529	117.888	335.613	117.912
lv_in[2441]	INPUT	SIGNAL	M4	335.529	113.52	335.613	113.544
lv_in[2442]	INPUT	SIGNAL	M4	335.529	116.016	335.613	116.04
lv_in[2443]	INPUT	SIGNAL	M4	335.529	108.576	335.613	108.6
lv_in[2444]	INPUT	SIGNAL	M4	335.529	108.624	335.613	108.648
lv_in[2445]	INPUT	SIGNAL	M4	335.529	108.432	335.613	108.456
lv_in[2446]	INPUT	SIGNAL	M4	335.529	106.848	335.613	106.872
lv_in[2447]	INPUT	SIGNAL	M4	335.529	106.224	335.613	106.248
lv_in[2448]	INPUT	SIGNAL	M4	335.529	107.376	335.613	107.4
lv_in[2449]	INPUT	SIGNAL	M4	335.529	105.504	335.613	105.528
lv_in[244]	INPUT	SIGNAL	M5	157.056	0.0	157.08	0.084
lv_in[2450]	INPUT	SIGNAL	M4	335.529	105.552	335.613	105.576
lv_in[2451]	INPUT	SIGNAL	M4	335.529	105.696	335.613	105.72
lv_in[2452]	INPUT	SIGNAL	M4	335.529	105.168	335.613	105.192
lv_in[2453]	INPUT	SIGNAL	M4	335.529	105.888	335.613	105.912
lv_in[2454]	INPUT	SIGNAL	M4	335.529	104.832	335.613	104.856
lv_in[2455]	INPUT	SIGNAL	M4	335.529	103.488	335.613	103.512
lv_in[2456]	INPUT	SIGNAL	M4	335.529	103.68	335.613	103.704
lv_in[2457]	INPUT	SIGNAL	M4	335.529	103.584	335.613	103.608
lv_in[2458]	INPUT	SIGNAL	M4	335.529	104.736	335.613	104.76
lv_in[2459]	INPUT	SIGNAL	M4	335.529	105.792	335.613	105.816
lv_in[245]	INPUT	SIGNAL	M5	172.128	0.0	172.152	0.084
lv_in[2460]	INPUT	SIGNAL	M4	335.529	104.496	335.613	104.52
lv_in[2461]	INPUT	SIGNAL	M4	335.529	106.896	335.613	106.92
lv_in[2462]	INPUT	SIGNAL	M4	335.529	103.392	335.613	103.416
lv_in[2463]	INPUT	SIGNAL	M4	335.529	107.04	335.613	107.064
lv_in[2464]	INPUT	SIGNAL	M5	176.304	335.529	176.328	335.613
lv_in[2465]	INPUT	SIGNAL	M5	169.104	335.529	169.128	335.613
lv_in[2466]	INPUT	SIGNAL	M5	168.288	335.529	168.312	335.613
lv_in[2467]	INPUT	SIGNAL	M5	163.584	335.529	163.608	335.613
lv_in[2468]	INPUT	SIGNAL	M5	168.0	335.529	168.024	335.613
lv_in[2469]	INPUT	SIGNAL	M5	167.856	335.529	167.88	335.613
lv_in[246]	INPUT	SIGNAL	M5	172.944	0.0	172.968	0.084
lv_in[2470]	INPUT	SIGNAL	M5	170.496	335.529	170.52	335.613
lv_in[2471]	INPUT	SIGNAL	M5	172.08	335.529	172.104	335.613
lv_in[2472]	INPUT	SIGNAL	M5	175.104	335.529	175.128	335.613
lv_in[2473]	INPUT	SIGNAL	M5	174.288	335.529	174.312	335.613
lv_in[2474]	INPUT	SIGNAL	M5	175.056	335.529	175.08	335.613
lv_in[2475]	INPUT	SIGNAL	M5	180.96	335.529	180.984	335.613
lv_in[2476]	INPUT	SIGNAL	M5	183.6	335.529	183.624	335.613
lv_in[2477]	INPUT	SIGNAL	M5	181.056	335.529	181.08	335.613
lv_in[2478]	INPUT	SIGNAL	M5	181.104	335.529	181.128	335.613
lv_in[2479]	INPUT	SIGNAL	M5	184.224	335.529	184.248	335.613
lv_in[247]	INPUT	SIGNAL	M5	168.048	0.0	168.072	0.084
lv_in[2480]	INPUT	SIGNAL	M5	184.512	335.529	184.536	335.613
lv_in[2481]	INPUT	SIGNAL	M5	189.072	335.529	189.096	335.613
lv_in[2482]	INPUT	SIGNAL	M5	188.64	335.529	188.664	335.613
lv_in[2483]	INPUT	SIGNAL	M5	188.88	335.529	188.904	335.613
lv_in[2484]	INPUT	SIGNAL	M5	188.928	335.529	188.952	335.613
lv_in[2485]	INPUT	SIGNAL	M5	187.536	335.529	187.56	335.613
lv_in[2486]	INPUT	SIGNAL	M5	186.432	335.529	186.456	335.613
lv_in[2487]	INPUT	SIGNAL	M5	186.288	335.529	186.312	335.613
lv_in[2488]	INPUT	SIGNAL	M5	185.52	335.529	185.544	335.613
lv_in[2489]	INPUT	SIGNAL	M5	187.488	335.529	187.512	335.613
lv_in[248]	INPUT	SIGNAL	M5	168.96	0.0	168.984	0.084
lv_in[2490]	INPUT	SIGNAL	M5	185.904	335.529	185.928	335.613
lv_in[2491]	INPUT	SIGNAL	M5	185.856	335.529	185.88	335.613
lv_in[2492]	INPUT	SIGNAL	M5	186.192	335.529	186.216	335.613
lv_in[2493]	INPUT	SIGNAL	M5	186.96	335.529	186.984	335.613
lv_in[2494]	INPUT	SIGNAL	M5	187.728	335.529	187.752	335.613
lv_in[2495]	INPUT	SIGNAL	M5	185.232	335.529	185.256	335.613
lv_in[2496]	INPUT	SIGNAL	M5	172.992	335.529	173.016	335.613
lv_in[2497]	INPUT	SIGNAL	M5	164.592	335.529	164.616	335.613
lv_in[2498]	INPUT	SIGNAL	M5	166.512	335.529	166.536	335.613
lv_in[2499]	INPUT	SIGNAL	M5	164.352	335.529	164.376	335.613
lv_in[249]	INPUT	SIGNAL	M5	164.16	0.0	164.184	0.084
lv_in[24]	INPUT	SIGNAL	M4	335.529	189.792	335.613	189.816
lv_in[2500]	INPUT	SIGNAL	M5	165.168	335.529	165.192	335.613
lv_in[2501]	INPUT	SIGNAL	M5	164.496	335.529	164.52	335.613
lv_in[2502]	INPUT	SIGNAL	M5	164.208	335.529	164.232	335.613
lv_in[2503]	INPUT	SIGNAL	M5	164.736	335.529	164.76	335.613
lv_in[2504]	INPUT	SIGNAL	M5	173.136	335.529	173.16	335.613
lv_in[2505]	INPUT	SIGNAL	M5	173.28	335.529	173.304	335.613
lv_in[2506]	INPUT	SIGNAL	M5	172.32	335.529	172.344	335.613
lv_in[2507]	INPUT	SIGNAL	M5	178.992	335.529	179.016	335.613
lv_in[2508]	INPUT	SIGNAL	M5	178.56	335.529	178.584	335.613
lv_in[2509]	INPUT	SIGNAL	M5	179.328	335.529	179.352	335.613
lv_in[250]	INPUT	SIGNAL	M5	162.912	0.0	162.936	0.084
lv_in[2510]	INPUT	SIGNAL	M5	179.136	335.529	179.16	335.613
lv_in[2511]	INPUT	SIGNAL	M5	180.384	335.529	180.408	335.613
lv_in[2512]	INPUT	SIGNAL	M5	179.808	335.529	179.832	335.613
lv_in[2513]	INPUT	SIGNAL	M5	180.864	335.529	180.888	335.613
lv_in[2514]	INPUT	SIGNAL	M5	180.816	335.529	180.84	335.613
lv_in[2515]	INPUT	SIGNAL	M5	180.912	335.529	180.936	335.613
lv_in[2516]	INPUT	SIGNAL	M5	182.4	335.529	182.424	335.613
lv_in[2517]	INPUT	SIGNAL	M5	179.952	335.529	179.976	335.613
lv_in[2518]	INPUT	SIGNAL	M5	182.976	335.529	183.0	335.613
lv_in[2519]	INPUT	SIGNAL	M5	183.408	335.529	183.432	335.613
lv_in[251]	INPUT	SIGNAL	M5	164.928	0.0	164.952	0.084
lv_in[2520]	INPUT	SIGNAL	M5	183.072	335.529	183.096	335.613
lv_in[2521]	INPUT	SIGNAL	M5	178.944	335.529	178.968	335.613
lv_in[2522]	INPUT	SIGNAL	M5	181.248	335.529	181.272	335.613
lv_in[2523]	INPUT	SIGNAL	M5	179.472	335.529	179.496	335.613
lv_in[2524]	INPUT	SIGNAL	M5	183.168	335.529	183.192	335.613
lv_in[2525]	INPUT	SIGNAL	M5	182.448	335.529	182.472	335.613
lv_in[2526]	INPUT	SIGNAL	M5	183.216	335.529	183.24	335.613
lv_in[2527]	INPUT	SIGNAL	M5	176.544	335.529	176.568	335.613
lv_in[2528]	INPUT	SIGNAL	M5	118.368	335.529	118.392	335.613
lv_in[2529]	INPUT	SIGNAL	M5	116.064	335.529	116.088	335.613
lv_in[252]	INPUT	SIGNAL	M5	165.648	0.0	165.672	0.084
lv_in[2530]	INPUT	SIGNAL	M5	114.432	335.529	114.456	335.613
lv_in[2531]	INPUT	SIGNAL	M5	117.6	335.529	117.624	335.613
lv_in[2532]	INPUT	SIGNAL	M5	116.448	335.529	116.472	335.613
lv_in[2533]	INPUT	SIGNAL	M5	115.344	335.529	115.368	335.613
lv_in[2534]	INPUT	SIGNAL	M5	117.792	335.529	117.816	335.613
lv_in[2535]	INPUT	SIGNAL	M5	116.496	335.529	116.52	335.613
lv_in[2536]	INPUT	SIGNAL	M5	115.44	335.529	115.464	335.613
lv_in[2537]	INPUT	SIGNAL	M5	115.92	335.529	115.944	335.613
lv_in[2538]	INPUT	SIGNAL	M5	115.968	335.529	115.992	335.613
lv_in[2539]	INPUT	SIGNAL	M5	122.88	335.529	122.904	335.613
lv_in[253]	INPUT	SIGNAL	M5	166.608	0.0	166.632	0.084
lv_in[2540]	INPUT	SIGNAL	M5	122.544	335.529	122.568	335.613
lv_in[2541]	INPUT	SIGNAL	M5	126.576	335.529	126.6	335.613
lv_in[2542]	INPUT	SIGNAL	M5	120.432	335.529	120.456	335.613
lv_in[2543]	INPUT	SIGNAL	M5	124.464	335.529	124.488	335.613
lv_in[2544]	INPUT	SIGNAL	M5	124.176	335.529	124.2	335.613
lv_in[2545]	INPUT	SIGNAL	M5	124.416	335.529	124.44	335.613
lv_in[2546]	INPUT	SIGNAL	M5	121.248	335.529	121.272	335.613
lv_in[2547]	INPUT	SIGNAL	M5	123.024	335.529	123.048	335.613
lv_in[2548]	INPUT	SIGNAL	M5	119.616	335.529	119.64	335.613
lv_in[2549]	INPUT	SIGNAL	M5	121.632	335.529	121.656	335.613
lv_in[254]	INPUT	SIGNAL	M5	171.552	0.0	171.576	0.084
lv_in[2550]	INPUT	SIGNAL	M5	119.328	335.529	119.352	335.613
lv_in[2551]	INPUT	SIGNAL	M5	122.16	335.529	122.184	335.613
lv_in[2552]	INPUT	SIGNAL	M5	119.472	335.529	119.496	335.613
lv_in[2553]	INPUT	SIGNAL	M5	119.424	335.529	119.448	335.613
lv_in[2554]	INPUT	SIGNAL	M5	122.016	335.529	122.04	335.613
lv_in[2555]	INPUT	SIGNAL	M5	119.136	335.529	119.16	335.613
lv_in[2556]	INPUT	SIGNAL	M5	122.64	335.529	122.664	335.613
lv_in[2557]	INPUT	SIGNAL	M5	119.664	335.529	119.688	335.613
lv_in[2558]	INPUT	SIGNAL	M5	122.304	335.529	122.328	335.613
lv_in[2559]	INPUT	SIGNAL	M5	114.48	335.529	114.504	335.613
lv_in[255]	INPUT	SIGNAL	M5	161.52	0.0	161.544	0.084
lv_in[2560]	INPUT	SIGNAL	M5	121.104	335.529	121.128	335.613
lv_in[2561]	INPUT	SIGNAL	M5	118.56	335.529	118.584	335.613
lv_in[2562]	INPUT	SIGNAL	M5	120.864	335.529	120.888	335.613
lv_in[2563]	INPUT	SIGNAL	M5	120.288	335.529	120.312	335.613
lv_in[2564]	INPUT	SIGNAL	M5	118.512	335.529	118.536	335.613
lv_in[2565]	INPUT	SIGNAL	M5	118.032	335.529	118.056	335.613
lv_in[2566]	INPUT	SIGNAL	M5	118.128	335.529	118.152	335.613
lv_in[2567]	INPUT	SIGNAL	M5	117.696	335.529	117.72	335.613
lv_in[2568]	INPUT	SIGNAL	M5	121.296	335.529	121.32	335.613
lv_in[2569]	INPUT	SIGNAL	M5	121.44	335.529	121.464	335.613
lv_in[256]	INPUT	SIGNAL	M4	335.529	188.544	335.613	188.568
lv_in[2570]	INPUT	SIGNAL	M5	121.392	335.529	121.416	335.613
lv_in[2571]	INPUT	SIGNAL	M5	124.8	335.529	124.824	335.613
lv_in[2572]	INPUT	SIGNAL	M5	125.088	335.529	125.112	335.613
lv_in[2573]	INPUT	SIGNAL	M5	126.048	335.529	126.072	335.613
lv_in[2574]	INPUT	SIGNAL	M5	128.064	335.529	128.088	335.613
lv_in[2575]	INPUT	SIGNAL	M5	128.16	335.529	128.184	335.613
lv_in[2576]	INPUT	SIGNAL	M5	128.304	335.529	128.328	335.613
lv_in[2577]	INPUT	SIGNAL	M5	131.376	335.529	131.4	335.613
lv_in[2578]	INPUT	SIGNAL	M5	131.76	335.529	131.784	335.613
lv_in[2579]	INPUT	SIGNAL	M5	131.28	335.529	131.304	335.613
lv_in[257]	INPUT	SIGNAL	M4	335.529	182.016	335.613	182.04
lv_in[2580]	INPUT	SIGNAL	M5	129.696	335.529	129.72	335.613
lv_in[2581]	INPUT	SIGNAL	M5	119.184	335.529	119.208	335.613
lv_in[2582]	INPUT	SIGNAL	M5	121.2	335.529	121.224	335.613
lv_in[2583]	INPUT	SIGNAL	M5	121.728	335.529	121.752	335.613
lv_in[2584]	INPUT	SIGNAL	M5	119.088	335.529	119.112	335.613
lv_in[2585]	INPUT	SIGNAL	M5	119.232	335.529	119.256	335.613
lv_in[2586]	INPUT	SIGNAL	M5	118.656	335.529	118.68	335.613
lv_in[2587]	INPUT	SIGNAL	M5	121.536	335.529	121.56	335.613
lv_in[2588]	INPUT	SIGNAL	M5	121.488	335.529	121.512	335.613
lv_in[2589]	INPUT	SIGNAL	M5	121.824	335.529	121.848	335.613
lv_in[258]	INPUT	SIGNAL	M4	335.529	184.32	335.613	184.344
lv_in[2590]	INPUT	SIGNAL	M5	119.376	335.529	119.4	335.613
lv_in[2591]	INPUT	SIGNAL	M5	124.512	335.529	124.536	335.613
lv_in[2592]	INPUT	SIGNAL	M5	48.912	0.0	48.936	0.084
lv_in[2593]	INPUT	SIGNAL	M5	45.168	0.0	45.192	0.084
lv_in[2594]	INPUT	SIGNAL	M5	47.952	0.0	47.976	0.084
lv_in[2595]	INPUT	SIGNAL	M5	48.0	0.0	48.024	0.084
lv_in[2596]	INPUT	SIGNAL	M5	48.192	0.0	48.216	0.084
lv_in[2597]	INPUT	SIGNAL	M5	48.288	0.0	48.312	0.084
lv_in[2598]	INPUT	SIGNAL	M5	51.984	0.0	52.008	0.084
lv_in[2599]	INPUT	SIGNAL	M5	50.256	0.0	50.28	0.084
lv_in[259]	INPUT	SIGNAL	M4	335.529	181.824	335.613	181.848
lv_in[25]	INPUT	SIGNAL	M4	335.529	189.888	335.613	189.912
lv_in[2600]	INPUT	SIGNAL	M5	55.392	0.0	55.416	0.084
lv_in[2601]	INPUT	SIGNAL	M5	54.48	0.0	54.504	0.084
lv_in[2602]	INPUT	SIGNAL	M5	55.056	0.0	55.08	0.084
lv_in[2603]	INPUT	SIGNAL	M5	50.448	0.0	50.472	0.084
lv_in[2604]	INPUT	SIGNAL	M5	57.984	0.0	58.008	0.084
lv_in[2605]	INPUT	SIGNAL	M5	59.856	0.0	59.88	0.084
lv_in[2606]	INPUT	SIGNAL	M5	59.424	0.0	59.448	0.084
lv_in[2607]	INPUT	SIGNAL	M5	61.632	0.0	61.656	0.084
lv_in[2608]	INPUT	SIGNAL	M5	60.672	0.0	60.696	0.084
lv_in[2609]	INPUT	SIGNAL	M5	60.624	0.0	60.648	0.084
lv_in[260]	INPUT	SIGNAL	M4	335.529	185.088	335.613	185.112
lv_in[2610]	INPUT	SIGNAL	M5	63.6	0.0	63.624	0.084
lv_in[2611]	INPUT	SIGNAL	M5	63.792	0.0	63.816	0.084
lv_in[2612]	INPUT	SIGNAL	M5	64.128	0.0	64.152	0.084
lv_in[2613]	INPUT	SIGNAL	M5	58.8	0.0	58.824	0.084
lv_in[2614]	INPUT	SIGNAL	M5	66.672	0.0	66.696	0.084
lv_in[2615]	INPUT	SIGNAL	M5	68.592	0.0	68.616	0.084
lv_in[2616]	INPUT	SIGNAL	M5	70.176	0.0	70.2	0.084
lv_in[2617]	INPUT	SIGNAL	M5	71.568	0.0	71.592	0.084
lv_in[2618]	INPUT	SIGNAL	M5	71.712	0.0	71.736	0.084
lv_in[2619]	INPUT	SIGNAL	M5	74.256	0.0	74.28	0.084
lv_in[261]	INPUT	SIGNAL	M4	335.529	182.928	335.613	182.952
lv_in[2620]	INPUT	SIGNAL	M5	74.304	0.0	74.328	0.084
lv_in[2621]	INPUT	SIGNAL	M5	75.648	0.0	75.672	0.084
lv_in[2622]	INPUT	SIGNAL	M5	69.072	0.0	69.096	0.084
lv_in[2623]	INPUT	SIGNAL	M5	63.696	0.0	63.72	0.084
lv_in[2624]	INPUT	SIGNAL	M5	56.304	0.0	56.328	0.084
lv_in[2625]	INPUT	SIGNAL	M5	46.608	0.0	46.632	0.084
lv_in[2626]	INPUT	SIGNAL	M5	46.896	0.0	46.92	0.084
lv_in[2627]	INPUT	SIGNAL	M5	47.376	0.0	47.4	0.084
lv_in[2628]	INPUT	SIGNAL	M5	47.424	0.0	47.448	0.084
lv_in[2629]	INPUT	SIGNAL	M5	47.664	0.0	47.688	0.084
lv_in[262]	INPUT	SIGNAL	M4	335.529	182.544	335.613	182.568
lv_in[2630]	INPUT	SIGNAL	M5	49.92	0.0	49.944	0.084
lv_in[2631]	INPUT	SIGNAL	M5	51.888	0.0	51.912	0.084
lv_in[2632]	INPUT	SIGNAL	M5	54.96	0.0	54.984	0.084
lv_in[2633]	INPUT	SIGNAL	M5	49.008	0.0	49.032	0.084
lv_in[2634]	INPUT	SIGNAL	M5	54.528	0.0	54.552	0.084
lv_in[2635]	INPUT	SIGNAL	M5	63.408	0.0	63.432	0.084
lv_in[2636]	INPUT	SIGNAL	M5	63.072	0.0	63.096	0.084
lv_in[2637]	INPUT	SIGNAL	M5	63.12	0.0	63.144	0.084
lv_in[2638]	INPUT	SIGNAL	M5	62.88	0.0	62.904	0.084
lv_in[2639]	INPUT	SIGNAL	M5	65.52	0.0	65.544	0.084
lv_in[263]	INPUT	SIGNAL	M4	335.529	181.2	335.613	181.224
lv_in[2640]	INPUT	SIGNAL	M5	64.464	0.0	64.488	0.084
lv_in[2641]	INPUT	SIGNAL	M5	65.472	0.0	65.496	0.084
lv_in[2642]	INPUT	SIGNAL	M5	65.712	0.0	65.736	0.084
lv_in[2643]	INPUT	SIGNAL	M5	65.568	0.0	65.592	0.084
lv_in[2644]	INPUT	SIGNAL	M5	65.328	0.0	65.352	0.084
lv_in[2645]	INPUT	SIGNAL	M5	78.576	0.0	78.6	0.084
lv_in[2646]	INPUT	SIGNAL	M5	77.904	0.0	77.928	0.084
lv_in[2647]	INPUT	SIGNAL	M5	78.528	0.0	78.552	0.084
lv_in[2648]	INPUT	SIGNAL	M5	78.864	0.0	78.888	0.084
lv_in[2649]	INPUT	SIGNAL	M5	80.688	0.0	80.712	0.084
lv_in[264]	INPUT	SIGNAL	M4	335.529	188.448	335.613	188.472
lv_in[2650]	INPUT	SIGNAL	M5	81.216	0.0	81.24	0.084
lv_in[2651]	INPUT	SIGNAL	M5	81.504	0.0	81.528	0.084
lv_in[2652]	INPUT	SIGNAL	M5	79.92	0.0	79.944	0.084
lv_in[2653]	INPUT	SIGNAL	M5	82.176	0.0	82.2	0.084
lv_in[2654]	INPUT	SIGNAL	M5	82.224	0.0	82.248	0.084
lv_in[2655]	INPUT	SIGNAL	M5	77.664	0.0	77.688	0.084
lv_in[2656]	INPUT	SIGNAL	M4	0.0	204.768	0.084	204.792
lv_in[2657]	INPUT	SIGNAL	M4	0.0	190.656	0.084	190.68
lv_in[2658]	INPUT	SIGNAL	M4	0.0	191.664	0.084	191.688
lv_in[2659]	INPUT	SIGNAL	M4	0.0	186.432	0.084	186.456
lv_in[265]	INPUT	SIGNAL	M4	335.529	187.824	335.613	187.848
lv_in[2660]	INPUT	SIGNAL	M4	0.0	189.456	0.084	189.48
lv_in[2661]	INPUT	SIGNAL	M4	0.0	192.048	0.084	192.072
lv_in[2662]	INPUT	SIGNAL	M4	0.0	187.248	0.084	187.272
lv_in[2663]	INPUT	SIGNAL	M4	0.0	186.048	0.084	186.072
lv_in[2664]	INPUT	SIGNAL	M4	0.0	187.68	0.084	187.704
lv_in[2665]	INPUT	SIGNAL	M4	0.0	186.096	0.084	186.12
lv_in[2666]	INPUT	SIGNAL	M4	0.0	186.48	0.084	186.504
lv_in[2667]	INPUT	SIGNAL	M4	0.0	196.224	0.084	196.248
lv_in[2668]	INPUT	SIGNAL	M4	0.0	193.344	0.084	193.368
lv_in[2669]	INPUT	SIGNAL	M4	0.0	199.584	0.084	199.608
lv_in[266]	INPUT	SIGNAL	M4	335.529	187.776	335.613	187.8
lv_in[2670]	INPUT	SIGNAL	M4	0.0	189.36	0.084	189.384
lv_in[2671]	INPUT	SIGNAL	M4	0.0	191.424	0.084	191.448
lv_in[2672]	INPUT	SIGNAL	M4	0.0	196.32	0.084	196.344
lv_in[2673]	INPUT	SIGNAL	M4	0.0	190.944	0.084	190.968
lv_in[2674]	INPUT	SIGNAL	M4	0.0	191.904	0.084	191.928
lv_in[2675]	INPUT	SIGNAL	M4	0.0	196.416	0.084	196.44
lv_in[2676]	INPUT	SIGNAL	M4	0.0	190.416	0.084	190.44
lv_in[2677]	INPUT	SIGNAL	M4	0.0	209.52	0.084	209.544
lv_in[2678]	INPUT	SIGNAL	M4	0.0	210.048	0.084	210.072
lv_in[2679]	INPUT	SIGNAL	M4	0.0	211.008	0.084	211.032
lv_in[267]	INPUT	SIGNAL	M4	335.529	184.512	335.613	184.536
lv_in[2680]	INPUT	SIGNAL	M4	0.0	214.752	0.084	214.776
lv_in[2681]	INPUT	SIGNAL	M4	0.0	216.048	0.084	216.072
lv_in[2682]	INPUT	SIGNAL	M4	0.0	212.4	0.084	212.424
lv_in[2683]	INPUT	SIGNAL	M4	0.0	214.272	0.084	214.296
lv_in[2684]	INPUT	SIGNAL	M4	0.0	212.976	0.084	213.0
lv_in[2685]	INPUT	SIGNAL	M4	0.0	208.368	0.084	208.392
lv_in[2686]	INPUT	SIGNAL	M4	0.0	207.312	0.084	207.336
lv_in[2687]	INPUT	SIGNAL	M4	0.0	205.92	0.084	205.944
lv_in[2688]	INPUT	SIGNAL	M4	0.0	201.12	0.084	201.144
lv_in[2689]	INPUT	SIGNAL	M4	0.0	196.56	0.084	196.584
lv_in[268]	INPUT	SIGNAL	M4	335.529	183.12	335.613	183.144
lv_in[2690]	INPUT	SIGNAL	M4	0.0	192.384	0.084	192.408
lv_in[2691]	INPUT	SIGNAL	M4	0.0	200.304	0.084	200.328
lv_in[2692]	INPUT	SIGNAL	M4	0.0	197.952	0.084	197.976
lv_in[2693]	INPUT	SIGNAL	M4	0.0	199.152	0.084	199.176
lv_in[2694]	INPUT	SIGNAL	M4	0.0	198.384	0.084	198.408
lv_in[2695]	INPUT	SIGNAL	M4	0.0	198.432	0.084	198.456
lv_in[2696]	INPUT	SIGNAL	M4	0.0	193.296	0.084	193.32
lv_in[2697]	INPUT	SIGNAL	M4	0.0	193.2	0.084	193.224
lv_in[2698]	INPUT	SIGNAL	M4	0.0	194.928	0.084	194.952
lv_in[2699]	INPUT	SIGNAL	M4	0.0	203.472	0.084	203.496
lv_in[269]	INPUT	SIGNAL	M4	335.529	182.448	335.613	182.472
lv_in[26]	INPUT	SIGNAL	M4	335.529	192.624	335.613	192.648
lv_in[2700]	INPUT	SIGNAL	M4	0.0	205.824	0.084	205.848
lv_in[2701]	INPUT	SIGNAL	M4	0.0	214.848	0.084	214.872
lv_in[2702]	INPUT	SIGNAL	M4	0.0	214.32	0.084	214.344
lv_in[2703]	INPUT	SIGNAL	M4	0.0	216.912	0.084	216.936
lv_in[2704]	INPUT	SIGNAL	M4	0.0	212.352	0.084	212.376
lv_in[2705]	INPUT	SIGNAL	M4	0.0	224.4	0.084	224.424
lv_in[2706]	INPUT	SIGNAL	M4	0.0	215.904	0.084	215.928
lv_in[2707]	INPUT	SIGNAL	M4	0.0	217.824	0.084	217.848
lv_in[2708]	INPUT	SIGNAL	M4	0.0	219.792	0.084	219.816
lv_in[2709]	INPUT	SIGNAL	M4	0.0	208.992	0.084	209.016
lv_in[270]	INPUT	SIGNAL	M4	335.529	185.76	335.613	185.784
lv_in[2710]	INPUT	SIGNAL	M4	0.0	209.04	0.084	209.064
lv_in[2711]	INPUT	SIGNAL	M4	0.0	204.528	0.084	204.552
lv_in[2712]	INPUT	SIGNAL	M4	0.0	207.216	0.084	207.24
lv_in[2713]	INPUT	SIGNAL	M4	0.0	208.032	0.084	208.056
lv_in[2714]	INPUT	SIGNAL	M4	0.0	206.736	0.084	206.76
lv_in[2715]	INPUT	SIGNAL	M4	0.0	207.12	0.084	207.144
lv_in[2716]	INPUT	SIGNAL	M4	0.0	202.896	0.084	202.92
lv_in[2717]	INPUT	SIGNAL	M4	0.0	203.952	0.084	203.976
lv_in[2718]	INPUT	SIGNAL	M4	0.0	205.248	0.084	205.272
lv_in[2719]	INPUT	SIGNAL	M4	0.0	202.656	0.084	202.68
lv_in[271]	INPUT	SIGNAL	M4	335.529	182.688	335.613	182.712
lv_in[2720]	INPUT	SIGNAL	M5	176.016	335.529	176.04	335.613
lv_in[2721]	INPUT	SIGNAL	M5	172.704	335.529	172.728	335.613
lv_in[2722]	INPUT	SIGNAL	M5	172.176	335.529	172.2	335.613
lv_in[2723]	INPUT	SIGNAL	M5	169.056	335.529	169.08	335.613
lv_in[2724]	INPUT	SIGNAL	M5	169.2	335.529	169.224	335.613
lv_in[2725]	INPUT	SIGNAL	M5	169.344	335.529	169.368	335.613
lv_in[2726]	INPUT	SIGNAL	M5	170.208	335.529	170.232	335.613
lv_in[2727]	INPUT	SIGNAL	M5	166.32	335.529	166.344	335.613
lv_in[2728]	INPUT	SIGNAL	M5	175.152	335.529	175.176	335.613
lv_in[2729]	INPUT	SIGNAL	M5	174.144	335.529	174.168	335.613
lv_in[272]	INPUT	SIGNAL	M4	335.529	187.008	335.613	187.032
lv_in[2730]	INPUT	SIGNAL	M5	173.52	335.529	173.544	335.613
lv_in[2731]	INPUT	SIGNAL	M5	177.072	335.529	177.096	335.613
lv_in[2732]	INPUT	SIGNAL	M5	177.12	335.529	177.144	335.613
lv_in[2733]	INPUT	SIGNAL	M5	179.04	335.529	179.064	335.613
lv_in[2734]	INPUT	SIGNAL	M5	179.424	335.529	179.448	335.613
lv_in[2735]	INPUT	SIGNAL	M5	181.488	335.529	181.512	335.613
lv_in[2736]	INPUT	SIGNAL	M5	180.528	335.529	180.552	335.613
lv_in[2737]	INPUT	SIGNAL	M5	183.792	335.529	183.816	335.613
lv_in[2738]	INPUT	SIGNAL	M5	182.304	335.529	182.328	335.613
lv_in[2739]	INPUT	SIGNAL	M5	184.416	335.529	184.44	335.613
lv_in[273]	INPUT	SIGNAL	M4	335.529	186.048	335.613	186.072
lv_in[2740]	INPUT	SIGNAL	M5	184.368	335.529	184.392	335.613
lv_in[2741]	INPUT	SIGNAL	M5	186.912	335.529	186.936	335.613
lv_in[2742]	INPUT	SIGNAL	M5	184.704	335.529	184.728	335.613
lv_in[2743]	INPUT	SIGNAL	M5	185.664	335.529	185.688	335.613
lv_in[2744]	INPUT	SIGNAL	M5	187.44	335.529	187.464	335.613
lv_in[2745]	INPUT	SIGNAL	M5	186.384	335.529	186.408	335.613
lv_in[2746]	INPUT	SIGNAL	M5	185.808	335.529	185.832	335.613
lv_in[2747]	INPUT	SIGNAL	M5	190.32	335.529	190.344	335.613
lv_in[2748]	INPUT	SIGNAL	M5	190.656	335.529	190.68	335.613
lv_in[2749]	INPUT	SIGNAL	M5	196.704	335.529	196.728	335.613
lv_in[274]	INPUT	SIGNAL	M4	335.529	187.248	335.613	187.272
lv_in[2750]	INPUT	SIGNAL	M5	193.824	335.529	193.848	335.613
lv_in[2751]	INPUT	SIGNAL	M5	182.256	335.529	182.28	335.613
lv_in[2752]	INPUT	SIGNAL	M5	182.544	335.529	182.568	335.613
lv_in[2753]	INPUT	SIGNAL	M5	165.984	335.529	166.008	335.613
lv_in[2754]	INPUT	SIGNAL	M5	165.408	335.529	165.432	335.613
lv_in[2755]	INPUT	SIGNAL	M5	166.032	335.529	166.056	335.613
lv_in[2756]	INPUT	SIGNAL	M5	165.696	335.529	165.72	335.613
lv_in[2757]	INPUT	SIGNAL	M5	166.128	335.529	166.152	335.613
lv_in[2758]	INPUT	SIGNAL	M5	164.16	335.529	164.184	335.613
lv_in[2759]	INPUT	SIGNAL	M5	165.744	335.529	165.768	335.613
lv_in[275]	INPUT	SIGNAL	M4	335.529	183.696	335.613	183.72
lv_in[2760]	INPUT	SIGNAL	M5	164.976	335.529	165.0	335.613
lv_in[2761]	INPUT	SIGNAL	M5	163.344	335.529	163.368	335.613
lv_in[2762]	INPUT	SIGNAL	M5	164.784	335.529	164.808	335.613
lv_in[2763]	INPUT	SIGNAL	M5	172.032	335.529	172.056	335.613
lv_in[2764]	INPUT	SIGNAL	M5	174.0	335.529	174.024	335.613
lv_in[2765]	INPUT	SIGNAL	M5	179.904	335.529	179.928	335.613
lv_in[2766]	INPUT	SIGNAL	M5	178.8	335.529	178.824	335.613
lv_in[2767]	INPUT	SIGNAL	M5	181.584	335.529	181.608	335.613
lv_in[2768]	INPUT	SIGNAL	M5	175.776	335.529	175.8	335.613
lv_in[2769]	INPUT	SIGNAL	M5	177.888	335.529	177.912	335.613
lv_in[276]	INPUT	SIGNAL	M4	335.529	184.944	335.613	184.968
lv_in[2770]	INPUT	SIGNAL	M5	181.632	335.529	181.656	335.613
lv_in[2771]	INPUT	SIGNAL	M5	179.712	335.529	179.736	335.613
lv_in[2772]	INPUT	SIGNAL	M5	180.672	335.529	180.696	335.613
lv_in[2773]	INPUT	SIGNAL	M5	185.76	335.529	185.784	335.613
lv_in[2774]	INPUT	SIGNAL	M5	184.56	335.529	184.584	335.613
lv_in[2775]	INPUT	SIGNAL	M5	186.672	335.529	186.696	335.613
lv_in[2776]	INPUT	SIGNAL	M5	184.896	335.529	184.92	335.613
lv_in[2777]	INPUT	SIGNAL	M5	190.512	335.529	190.536	335.613
lv_in[2778]	INPUT	SIGNAL	M5	184.944	335.529	184.968	335.613
lv_in[2779]	INPUT	SIGNAL	M5	191.328	335.529	191.352	335.613
lv_in[277]	INPUT	SIGNAL	M4	335.529	188.064	335.613	188.088
lv_in[2780]	INPUT	SIGNAL	M5	196.416	335.529	196.44	335.613
lv_in[2781]	INPUT	SIGNAL	M5	193.68	335.529	193.704	335.613
lv_in[2782]	INPUT	SIGNAL	M5	194.544	335.529	194.568	335.613
lv_in[2783]	INPUT	SIGNAL	M5	184.08	335.529	184.104	335.613
lv_in[2784]	INPUT	SIGNAL	M4	0.0	162.288	0.084	162.312
lv_in[2785]	INPUT	SIGNAL	M4	0.0	166.416	0.084	166.44
lv_in[2786]	INPUT	SIGNAL	M4	0.0	166.368	0.084	166.392
lv_in[2787]	INPUT	SIGNAL	M4	0.0	162.672	0.084	162.696
lv_in[2788]	INPUT	SIGNAL	M4	0.0	153.696	0.084	153.72
lv_in[2789]	INPUT	SIGNAL	M4	0.0	163.872	0.084	163.896
lv_in[278]	INPUT	SIGNAL	M4	335.529	190.848	335.613	190.872
lv_in[2790]	INPUT	SIGNAL	M4	0.0	161.184	0.084	161.208
lv_in[2791]	INPUT	SIGNAL	M4	0.0	159.984	0.084	160.008
lv_in[2792]	INPUT	SIGNAL	M4	0.0	163.296	0.084	163.32
lv_in[2793]	INPUT	SIGNAL	M4	0.0	162.096	0.084	162.12
lv_in[2794]	INPUT	SIGNAL	M4	0.0	162.384	0.084	162.408
lv_in[2795]	INPUT	SIGNAL	M4	0.0	164.592	0.084	164.616
lv_in[2796]	INPUT	SIGNAL	M4	0.0	165.36	0.084	165.384
lv_in[2797]	INPUT	SIGNAL	M4	0.0	168.672	0.084	168.696
lv_in[2798]	INPUT	SIGNAL	M4	0.0	167.904	0.084	167.928
lv_in[2799]	INPUT	SIGNAL	M4	0.0	167.088	0.084	167.112
lv_in[279]	INPUT	SIGNAL	M4	335.529	192.0	335.613	192.024
lv_in[27]	INPUT	SIGNAL	M4	335.529	190.608	335.613	190.632
lv_in[2800]	INPUT	SIGNAL	M4	0.0	164.88	0.084	164.904
lv_in[2801]	INPUT	SIGNAL	M4	0.0	170.448	0.084	170.472
lv_in[2802]	INPUT	SIGNAL	M4	0.0	168.384	0.084	168.408
lv_in[2803]	INPUT	SIGNAL	M4	0.0	165.552	0.084	165.576
lv_in[2804]	INPUT	SIGNAL	M4	0.0	169.488	0.084	169.512
lv_in[2805]	INPUT	SIGNAL	M4	0.0	164.544	0.084	164.568
lv_in[2806]	INPUT	SIGNAL	M4	0.0	168.768	0.084	168.792
lv_in[2807]	INPUT	SIGNAL	M4	0.0	158.256	0.084	158.28
lv_in[2808]	INPUT	SIGNAL	M4	0.0	164.64	0.084	164.664
lv_in[2809]	INPUT	SIGNAL	M4	0.0	162.24	0.084	162.264
lv_in[280]	INPUT	SIGNAL	M4	335.529	188.928	335.613	188.952
lv_in[2810]	INPUT	SIGNAL	M4	0.0	163.056	0.084	163.08
lv_in[2811]	INPUT	SIGNAL	M4	0.0	162.192	0.084	162.216
lv_in[2812]	INPUT	SIGNAL	M4	0.0	164.112	0.084	164.136
lv_in[2813]	INPUT	SIGNAL	M4	0.0	164.688	0.084	164.712
lv_in[2814]	INPUT	SIGNAL	M4	0.0	165.648	0.084	165.672
lv_in[2815]	INPUT	SIGNAL	M4	0.0	163.536	0.084	163.56
lv_in[2816]	INPUT	SIGNAL	M4	0.0	163.44	0.084	163.464
lv_in[2817]	INPUT	SIGNAL	M4	0.0	154.848	0.084	154.872
lv_in[2818]	INPUT	SIGNAL	M4	0.0	160.272	0.084	160.296
lv_in[2819]	INPUT	SIGNAL	M4	0.0	158.112	0.084	158.136
lv_in[281]	INPUT	SIGNAL	M4	335.529	189.696	335.613	189.72
lv_in[2820]	INPUT	SIGNAL	M4	0.0	156.048	0.084	156.072
lv_in[2821]	INPUT	SIGNAL	M4	0.0	154.944	0.084	154.968
lv_in[2822]	INPUT	SIGNAL	M4	0.0	156.0	0.084	156.024
lv_in[2823]	INPUT	SIGNAL	M4	0.0	159.168	0.084	159.192
lv_in[2824]	INPUT	SIGNAL	M4	0.0	158.544	0.084	158.568
lv_in[2825]	INPUT	SIGNAL	M4	0.0	155.088	0.084	155.112
lv_in[2826]	INPUT	SIGNAL	M4	0.0	157.296	0.084	157.32
lv_in[2827]	INPUT	SIGNAL	M4	0.0	152.832	0.084	152.856
lv_in[2828]	INPUT	SIGNAL	M4	0.0	157.104	0.084	157.128
lv_in[2829]	INPUT	SIGNAL	M4	0.0	155.568	0.084	155.592
lv_in[282]	INPUT	SIGNAL	M4	335.529	192.336	335.613	192.36
lv_in[2830]	INPUT	SIGNAL	M4	0.0	156.096	0.084	156.12
lv_in[2831]	INPUT	SIGNAL	M4	0.0	154.656	0.084	154.68
lv_in[2832]	INPUT	SIGNAL	M4	0.0	154.368	0.084	154.392
lv_in[2833]	INPUT	SIGNAL	M4	0.0	155.76	0.084	155.784
lv_in[2834]	INPUT	SIGNAL	M4	0.0	159.744	0.084	159.768
lv_in[2835]	INPUT	SIGNAL	M4	0.0	155.664	0.084	155.688
lv_in[2836]	INPUT	SIGNAL	M4	0.0	154.128	0.084	154.152
lv_in[2837]	INPUT	SIGNAL	M4	0.0	165.312	0.084	165.336
lv_in[2838]	INPUT	SIGNAL	M4	0.0	165.984	0.084	166.008
lv_in[2839]	INPUT	SIGNAL	M4	0.0	164.064	0.084	164.088
lv_in[283]	INPUT	SIGNAL	M4	335.529	190.992	335.613	191.016
lv_in[2840]	INPUT	SIGNAL	M4	0.0	167.856	0.084	167.88
lv_in[2841]	INPUT	SIGNAL	M4	0.0	170.736	0.084	170.76
lv_in[2842]	INPUT	SIGNAL	M4	0.0	168.528	0.084	168.552
lv_in[2843]	INPUT	SIGNAL	M4	0.0	164.256	0.084	164.28
lv_in[2844]	INPUT	SIGNAL	M4	0.0	167.376	0.084	167.4
lv_in[2845]	INPUT	SIGNAL	M4	0.0	167.472	0.084	167.496
lv_in[2846]	INPUT	SIGNAL	M4	0.0	166.848	0.084	166.872
lv_in[2847]	INPUT	SIGNAL	M4	0.0	167.808	0.084	167.832
lv_in[2848]	INPUT	SIGNAL	M5	148.992	0.0	149.016	0.084
lv_in[2849]	INPUT	SIGNAL	M5	148.704	0.0	148.728	0.084
lv_in[284]	INPUT	SIGNAL	M4	335.529	190.944	335.613	190.968
lv_in[2850]	INPUT	SIGNAL	M5	151.104	0.0	151.128	0.084
lv_in[2851]	INPUT	SIGNAL	M5	152.784	0.0	152.808	0.084
lv_in[2852]	INPUT	SIGNAL	M5	152.4	0.0	152.424	0.084
lv_in[2853]	INPUT	SIGNAL	M5	152.352	0.0	152.376	0.084
lv_in[2854]	INPUT	SIGNAL	M5	149.28	0.0	149.304	0.084
lv_in[2855]	INPUT	SIGNAL	M5	149.664	0.0	149.688	0.084
lv_in[2856]	INPUT	SIGNAL	M5	147.168	0.0	147.192	0.084
lv_in[2857]	INPUT	SIGNAL	M5	146.976	0.0	147.0	0.084
lv_in[2858]	INPUT	SIGNAL	M5	145.2	0.0	145.224	0.084
lv_in[2859]	INPUT	SIGNAL	M5	143.808	0.0	143.832	0.084
lv_in[285]	INPUT	SIGNAL	M4	335.529	188.4	335.613	188.424
lv_in[2860]	INPUT	SIGNAL	M5	144.144	0.0	144.168	0.084
lv_in[2861]	INPUT	SIGNAL	M5	143.712	0.0	143.736	0.084
lv_in[2862]	INPUT	SIGNAL	M5	146.16	0.0	146.184	0.084
lv_in[2863]	INPUT	SIGNAL	M5	144.672	0.0	144.696	0.084
lv_in[2864]	INPUT	SIGNAL	M5	143.472	0.0	143.496	0.084
lv_in[2865]	INPUT	SIGNAL	M5	144.24	0.0	144.264	0.084
lv_in[2866]	INPUT	SIGNAL	M5	143.328	0.0	143.352	0.084
lv_in[2867]	INPUT	SIGNAL	M5	144.096	0.0	144.12	0.084
lv_in[2868]	INPUT	SIGNAL	M5	144.192	0.0	144.216	0.084
lv_in[2869]	INPUT	SIGNAL	M5	145.296	0.0	145.32	0.084
lv_in[286]	INPUT	SIGNAL	M4	335.529	192.24	335.613	192.264
lv_in[2870]	INPUT	SIGNAL	M5	148.848	0.0	148.872	0.084
lv_in[2871]	INPUT	SIGNAL	M5	141.648	0.0	141.672	0.084
lv_in[2872]	INPUT	SIGNAL	M5	150.816	0.0	150.84	0.084
lv_in[2873]	INPUT	SIGNAL	M5	149.472	0.0	149.496	0.084
lv_in[2874]	INPUT	SIGNAL	M5	155.184	0.0	155.208	0.084
lv_in[2875]	INPUT	SIGNAL	M5	151.296	0.0	151.32	0.084
lv_in[2876]	INPUT	SIGNAL	M5	151.968	0.0	151.992	0.084
lv_in[2877]	INPUT	SIGNAL	M5	138.336	0.0	138.36	0.084
lv_in[2878]	INPUT	SIGNAL	M5	155.616	0.0	155.64	0.084
lv_in[2879]	INPUT	SIGNAL	M5	148.32	0.0	148.344	0.084
lv_in[287]	INPUT	SIGNAL	M4	335.529	188.88	335.613	188.904
lv_in[2880]	INPUT	SIGNAL	M5	258.048	0.0	258.072	0.084
lv_in[2881]	INPUT	SIGNAL	M5	241.056	0.0	241.08	0.084
lv_in[2882]	INPUT	SIGNAL	M5	248.784	0.0	248.808	0.084
lv_in[2883]	INPUT	SIGNAL	M5	241.296	0.0	241.32	0.084
lv_in[2884]	INPUT	SIGNAL	M5	253.2	0.0	253.224	0.084
lv_in[2885]	INPUT	SIGNAL	M5	241.248	0.0	241.272	0.084
lv_in[2886]	INPUT	SIGNAL	M5	245.904	0.0	245.928	0.084
lv_in[2887]	INPUT	SIGNAL	M5	249.024	0.0	249.048	0.084
lv_in[2888]	INPUT	SIGNAL	M5	257.328	0.0	257.352	0.084
lv_in[2889]	INPUT	SIGNAL	M5	257.376	0.0	257.4	0.084
lv_in[288]	INPUT	SIGNAL	M4	335.529	181.008	335.613	181.032
lv_in[2890]	INPUT	SIGNAL	M5	255.984	0.0	256.008	0.084
lv_in[2891]	INPUT	SIGNAL	M5	266.736	0.0	266.76	0.084
lv_in[2892]	INPUT	SIGNAL	M5	262.752	0.0	262.776	0.084
lv_in[2893]	INPUT	SIGNAL	M5	263.472	0.0	263.496	0.084
lv_in[2894]	INPUT	SIGNAL	M5	263.04	0.0	263.064	0.084
lv_in[2895]	INPUT	SIGNAL	M5	266.064	0.0	266.088	0.084
lv_in[2896]	INPUT	SIGNAL	M5	267.36	0.0	267.384	0.084
lv_in[2897]	INPUT	SIGNAL	M5	267.216	0.0	267.24	0.084
lv_in[2898]	INPUT	SIGNAL	M5	267.12	0.0	267.144	0.084
lv_in[2899]	INPUT	SIGNAL	M5	267.024	0.0	267.048	0.084
lv_in[289]	INPUT	SIGNAL	M4	335.529	183.312	335.613	183.336
lv_in[28]	INPUT	SIGNAL	M4	335.529	191.04	335.613	191.064
lv_in[2900]	INPUT	SIGNAL	M5	267.264	0.0	267.288	0.084
lv_in[2901]	INPUT	SIGNAL	M5	269.664	0.0	269.688	0.084
lv_in[2902]	INPUT	SIGNAL	M5	269.712	0.0	269.736	0.084
lv_in[2903]	INPUT	SIGNAL	M5	271.2	0.0	271.224	0.084
lv_in[2904]	INPUT	SIGNAL	M5	274.464	0.0	274.488	0.084
lv_in[2905]	INPUT	SIGNAL	M5	274.608	0.0	274.632	0.084
lv_in[2906]	INPUT	SIGNAL	M5	274.08	0.0	274.104	0.084
lv_in[2907]	INPUT	SIGNAL	M5	274.416	0.0	274.44	0.084
lv_in[2908]	INPUT	SIGNAL	M5	272.64	0.0	272.664	0.084
lv_in[2909]	INPUT	SIGNAL	M5	270.912	0.0	270.936	0.084
lv_in[290]	INPUT	SIGNAL	M4	335.529	174.288	335.613	174.312
lv_in[2910]	INPUT	SIGNAL	M5	272.592	0.0	272.616	0.084
lv_in[2911]	INPUT	SIGNAL	M5	269.28	0.0	269.304	0.084
lv_in[2912]	INPUT	SIGNAL	M5	257.232	0.0	257.256	0.084
lv_in[2913]	INPUT	SIGNAL	M5	251.28	0.0	251.304	0.084
lv_in[2914]	INPUT	SIGNAL	M5	241.104	0.0	241.128	0.084
lv_in[2915]	INPUT	SIGNAL	M5	249.36	0.0	249.384	0.084
lv_in[2916]	INPUT	SIGNAL	M5	251.424	0.0	251.448	0.084
lv_in[2917]	INPUT	SIGNAL	M5	249.888	0.0	249.912	0.084
lv_in[2918]	INPUT	SIGNAL	M5	253.584	0.0	253.608	0.084
lv_in[2919]	INPUT	SIGNAL	M5	254.88	0.0	254.904	0.084
lv_in[291]	INPUT	SIGNAL	M4	335.529	175.968	335.613	175.992
lv_in[2920]	INPUT	SIGNAL	M5	256.848	0.0	256.872	0.084
lv_in[2921]	INPUT	SIGNAL	M5	256.32	0.0	256.344	0.084
lv_in[2922]	INPUT	SIGNAL	M5	256.08	0.0	256.104	0.084
lv_in[2923]	INPUT	SIGNAL	M5	259.2	0.0	259.224	0.084
lv_in[2924]	INPUT	SIGNAL	M5	259.344	0.0	259.368	0.084
lv_in[2925]	INPUT	SIGNAL	M5	262.32	0.0	262.344	0.084
lv_in[2926]	INPUT	SIGNAL	M5	261.408	0.0	261.432	0.084
lv_in[2927]	INPUT	SIGNAL	M5	264.48	0.0	264.504	0.084
lv_in[2928]	INPUT	SIGNAL	M5	260.736	0.0	260.76	0.084
lv_in[2929]	INPUT	SIGNAL	M5	266.256	0.0	266.28	0.084
lv_in[292]	INPUT	SIGNAL	M4	335.529	174.096	335.613	174.12
lv_in[2930]	INPUT	SIGNAL	M5	265.728	0.0	265.752	0.084
lv_in[2931]	INPUT	SIGNAL	M5	264.144	0.0	264.168	0.084
lv_in[2932]	INPUT	SIGNAL	M5	264.192	0.0	264.216	0.084
lv_in[2933]	INPUT	SIGNAL	M5	265.44	0.0	265.464	0.084
lv_in[2934]	INPUT	SIGNAL	M5	260.304	0.0	260.328	0.084
lv_in[2935]	INPUT	SIGNAL	M5	260.16	0.0	260.184	0.084
lv_in[2936]	INPUT	SIGNAL	M5	265.2	0.0	265.224	0.084
lv_in[2937]	INPUT	SIGNAL	M5	262.896	0.0	262.92	0.084
lv_in[2938]	INPUT	SIGNAL	M5	264.72	0.0	264.744	0.084
lv_in[2939]	INPUT	SIGNAL	M5	264.816	0.0	264.84	0.084
lv_in[293]	INPUT	SIGNAL	M4	335.529	173.088	335.613	173.112
lv_in[2940]	INPUT	SIGNAL	M5	263.808	0.0	263.832	0.084
lv_in[2941]	INPUT	SIGNAL	M5	265.008	0.0	265.032	0.084
lv_in[2942]	INPUT	SIGNAL	M5	266.16	0.0	266.184	0.084
lv_in[2943]	INPUT	SIGNAL	M5	259.44	0.0	259.464	0.084
lv_in[2944]	INPUT	SIGNAL	M5	193.584	335.529	193.608	335.613
lv_in[2945]	INPUT	SIGNAL	M5	198.144	335.529	198.168	335.613
lv_in[2946]	INPUT	SIGNAL	M5	198.432	335.529	198.456	335.613
lv_in[2947]	INPUT	SIGNAL	M5	194.64	335.529	194.664	335.613
lv_in[2948]	INPUT	SIGNAL	M5	195.984	335.529	196.008	335.613
lv_in[2949]	INPUT	SIGNAL	M5	194.448	335.529	194.472	335.613
lv_in[294]	INPUT	SIGNAL	M4	335.529	175.872	335.613	175.896
lv_in[2950]	INPUT	SIGNAL	M5	197.328	335.529	197.352	335.613
lv_in[2951]	INPUT	SIGNAL	M5	197.616	335.529	197.64	335.613
lv_in[2952]	INPUT	SIGNAL	M5	197.808	335.529	197.832	335.613
lv_in[2953]	INPUT	SIGNAL	M5	196.56	335.529	196.584	335.613
lv_in[2954]	INPUT	SIGNAL	M5	197.52	335.529	197.544	335.613
lv_in[2955]	INPUT	SIGNAL	M5	188.208	335.529	188.232	335.613
lv_in[2956]	INPUT	SIGNAL	M5	189.216	335.529	189.24	335.613
lv_in[2957]	INPUT	SIGNAL	M5	190.752	335.529	190.776	335.613
lv_in[2958]	INPUT	SIGNAL	M5	187.968	335.529	187.992	335.613
lv_in[2959]	INPUT	SIGNAL	M5	189.312	335.529	189.336	335.613
lv_in[295]	INPUT	SIGNAL	M4	335.529	172.848	335.613	172.872
lv_in[2960]	INPUT	SIGNAL	M5	191.232	335.529	191.256	335.613
lv_in[2961]	INPUT	SIGNAL	M5	192.096	335.529	192.12	335.613
lv_in[2962]	INPUT	SIGNAL	M5	192.192	335.529	192.216	335.613
lv_in[2963]	INPUT	SIGNAL	M5	192.672	335.529	192.696	335.613
lv_in[2964]	INPUT	SIGNAL	M5	193.968	335.529	193.992	335.613
lv_in[2965]	INPUT	SIGNAL	M5	195.072	335.529	195.096	335.613
lv_in[2966]	INPUT	SIGNAL	M5	193.92	335.529	193.944	335.613
lv_in[2967]	INPUT	SIGNAL	M5	194.928	335.529	194.952	335.613
lv_in[2968]	INPUT	SIGNAL	M5	192.816	335.529	192.84	335.613
lv_in[2969]	INPUT	SIGNAL	M5	199.2	335.529	199.224	335.613
lv_in[296]	INPUT	SIGNAL	M4	335.529	175.92	335.613	175.944
lv_in[2970]	INPUT	SIGNAL	M5	195.264	335.529	195.288	335.613
lv_in[2971]	INPUT	SIGNAL	M5	194.4	335.529	194.424	335.613
lv_in[2972]	INPUT	SIGNAL	M5	194.976	335.529	195.0	335.613
lv_in[2973]	INPUT	SIGNAL	M5	193.536	335.529	193.56	335.613
lv_in[2974]	INPUT	SIGNAL	M5	199.488	335.529	199.512	335.613
lv_in[2975]	INPUT	SIGNAL	M5	196.752	335.529	196.776	335.613
lv_in[2976]	INPUT	SIGNAL	M5	206.592	335.529	206.616	335.613
lv_in[2977]	INPUT	SIGNAL	M5	206.544	335.529	206.568	335.613
lv_in[2978]	INPUT	SIGNAL	M5	208.8	335.529	208.824	335.613
lv_in[2979]	INPUT	SIGNAL	M5	206.64	335.529	206.664	335.613
lv_in[297]	INPUT	SIGNAL	M4	335.529	175.056	335.613	175.08
lv_in[2980]	INPUT	SIGNAL	M5	208.272	335.529	208.296	335.613
lv_in[2981]	INPUT	SIGNAL	M5	207.648	335.529	207.672	335.613
lv_in[2982]	INPUT	SIGNAL	M5	208.704	335.529	208.728	335.613
lv_in[2983]	INPUT	SIGNAL	M5	209.28	335.529	209.304	335.613
lv_in[2984]	INPUT	SIGNAL	M5	208.512	335.529	208.536	335.613
lv_in[2985]	INPUT	SIGNAL	M5	207.84	335.529	207.864	335.613
lv_in[2986]	INPUT	SIGNAL	M5	206.256	335.529	206.28	335.613
lv_in[2987]	INPUT	SIGNAL	M5	205.632	335.529	205.656	335.613
lv_in[2988]	INPUT	SIGNAL	M5	203.136	335.529	203.16	335.613
lv_in[2989]	INPUT	SIGNAL	M5	204.624	335.529	204.648	335.613
lv_in[298]	INPUT	SIGNAL	M4	335.529	175.104	335.613	175.128
lv_in[2990]	INPUT	SIGNAL	M5	202.56	335.529	202.584	335.613
lv_in[2991]	INPUT	SIGNAL	M5	202.944	335.529	202.968	335.613
lv_in[2992]	INPUT	SIGNAL	M5	204.528	335.529	204.552	335.613
lv_in[2993]	INPUT	SIGNAL	M5	202.848	335.529	202.872	335.613
lv_in[2994]	INPUT	SIGNAL	M5	203.04	335.529	203.064	335.613
lv_in[2995]	INPUT	SIGNAL	M5	205.728	335.529	205.752	335.613
lv_in[2996]	INPUT	SIGNAL	M5	204.384	335.529	204.408	335.613
lv_in[2997]	INPUT	SIGNAL	M5	203.616	335.529	203.64	335.613
lv_in[2998]	INPUT	SIGNAL	M5	203.76	335.529	203.784	335.613
lv_in[2999]	INPUT	SIGNAL	M5	205.776	335.529	205.8	335.613
lv_in[299]	INPUT	SIGNAL	M4	335.529	172.896	335.613	172.92
lv_in[29]	INPUT	SIGNAL	M4	335.529	188.832	335.613	188.856
lv_in[2]	INPUT	SIGNAL	M4	335.529	184.176	335.613	184.2
lv_in[3000]	INPUT	SIGNAL	M5	203.856	335.529	203.88	335.613
lv_in[3001]	INPUT	SIGNAL	M5	203.808	335.529	203.832	335.613
lv_in[3002]	INPUT	SIGNAL	M5	204.24	335.529	204.264	335.613
lv_in[3003]	INPUT	SIGNAL	M5	204.288	335.529	204.312	335.613
lv_in[3004]	INPUT	SIGNAL	M5	204.0	335.529	204.024	335.613
lv_in[3005]	INPUT	SIGNAL	M5	204.048	335.529	204.072	335.613
lv_in[3006]	INPUT	SIGNAL	M5	204.576	335.529	204.6	335.613
lv_in[3007]	INPUT	SIGNAL	M5	205.536	335.529	205.56	335.613
lv_in[3008]	INPUT	SIGNAL	M5	261.84	0.0	261.864	0.084
lv_in[3009]	INPUT	SIGNAL	M5	252.528	0.0	252.552	0.084
lv_in[300]	INPUT	SIGNAL	M4	335.529	187.536	335.613	187.56
lv_in[3010]	INPUT	SIGNAL	M5	253.632	0.0	253.656	0.084
lv_in[3011]	INPUT	SIGNAL	M5	252.336	0.0	252.36	0.084
lv_in[3012]	INPUT	SIGNAL	M5	252.384	0.0	252.408	0.084
lv_in[3013]	INPUT	SIGNAL	M5	258.24	0.0	258.264	0.084
lv_in[3014]	INPUT	SIGNAL	M5	261.6	0.0	261.624	0.084
lv_in[3015]	INPUT	SIGNAL	M5	261.264	0.0	261.288	0.084
lv_in[3016]	INPUT	SIGNAL	M5	252.432	0.0	252.456	0.084
lv_in[3017]	INPUT	SIGNAL	M5	256.176	0.0	256.2	0.084
lv_in[3018]	INPUT	SIGNAL	M5	259.536	0.0	259.56	0.084
lv_in[3019]	INPUT	SIGNAL	M5	264.0	0.0	264.024	0.084
lv_in[301]	INPUT	SIGNAL	M4	335.529	183.504	335.613	183.528
lv_in[3020]	INPUT	SIGNAL	M5	260.4	0.0	260.424	0.084
lv_in[3021]	INPUT	SIGNAL	M5	263.28	0.0	263.304	0.084
lv_in[3022]	INPUT	SIGNAL	M5	261.648	0.0	261.672	0.084
lv_in[3023]	INPUT	SIGNAL	M5	259.584	0.0	259.608	0.084
lv_in[3024]	INPUT	SIGNAL	M5	262.128	0.0	262.152	0.084
lv_in[3025]	INPUT	SIGNAL	M5	263.664	0.0	263.688	0.084
lv_in[3026]	INPUT	SIGNAL	M5	266.64	0.0	266.664	0.084
lv_in[3027]	INPUT	SIGNAL	M5	259.968	0.0	259.992	0.084
lv_in[3028]	INPUT	SIGNAL	M5	262.704	0.0	262.728	0.084
lv_in[3029]	INPUT	SIGNAL	M5	262.56	0.0	262.584	0.084
lv_in[302]	INPUT	SIGNAL	M4	335.529	186.336	335.613	186.36
lv_in[3030]	INPUT	SIGNAL	M5	262.848	0.0	262.872	0.084
lv_in[3031]	INPUT	SIGNAL	M5	262.608	0.0	262.632	0.084
lv_in[3032]	INPUT	SIGNAL	M5	260.352	0.0	260.376	0.084
lv_in[3033]	INPUT	SIGNAL	M5	263.568	0.0	263.592	0.084
lv_in[3034]	INPUT	SIGNAL	M5	261.216	0.0	261.24	0.084
lv_in[3035]	INPUT	SIGNAL	M5	264.096	0.0	264.12	0.084
lv_in[3036]	INPUT	SIGNAL	M5	261.552	0.0	261.576	0.084
lv_in[3037]	INPUT	SIGNAL	M5	260.976	0.0	261.0	0.084
lv_in[3038]	INPUT	SIGNAL	M5	260.208	0.0	260.232	0.084
lv_in[3039]	INPUT	SIGNAL	M5	261.696	0.0	261.72	0.084
lv_in[303]	INPUT	SIGNAL	M4	335.529	190.464	335.613	190.488
lv_in[3040]	INPUT	SIGNAL	M5	246.0	0.0	246.024	0.084
lv_in[3041]	INPUT	SIGNAL	M5	241.344	0.0	241.368	0.084
lv_in[3042]	INPUT	SIGNAL	M5	241.44	0.0	241.464	0.084
lv_in[3043]	INPUT	SIGNAL	M5	243.744	0.0	243.768	0.084
lv_in[3044]	INPUT	SIGNAL	M5	244.08	0.0	244.104	0.084
lv_in[3045]	INPUT	SIGNAL	M5	243.072	0.0	243.096	0.084
lv_in[3046]	INPUT	SIGNAL	M5	242.4	0.0	242.424	0.084
lv_in[3047]	INPUT	SIGNAL	M5	243.936	0.0	243.96	0.084
lv_in[3048]	INPUT	SIGNAL	M5	242.448	0.0	242.472	0.084
lv_in[3049]	INPUT	SIGNAL	M5	242.16	0.0	242.184	0.084
lv_in[304]	INPUT	SIGNAL	M4	335.529	182.208	335.613	182.232
lv_in[3050]	INPUT	SIGNAL	M5	241.488	0.0	241.512	0.084
lv_in[3051]	INPUT	SIGNAL	M5	242.64	0.0	242.664	0.084
lv_in[3052]	INPUT	SIGNAL	M5	242.112	0.0	242.136	0.084
lv_in[3053]	INPUT	SIGNAL	M5	242.736	0.0	242.76	0.084
lv_in[3054]	INPUT	SIGNAL	M5	242.88	0.0	242.904	0.084
lv_in[3055]	INPUT	SIGNAL	M5	242.352	0.0	242.376	0.084
lv_in[3056]	INPUT	SIGNAL	M5	242.256	0.0	242.28	0.084
lv_in[3057]	INPUT	SIGNAL	M5	243.792	0.0	243.816	0.084
lv_in[3058]	INPUT	SIGNAL	M5	244.752	0.0	244.776	0.084
lv_in[3059]	INPUT	SIGNAL	M5	244.56	0.0	244.584	0.084
lv_in[305]	INPUT	SIGNAL	M4	335.529	190.56	335.613	190.584
lv_in[3060]	INPUT	SIGNAL	M5	242.784	0.0	242.808	0.084
lv_in[3061]	INPUT	SIGNAL	M5	246.048	0.0	246.072	0.084
lv_in[3062]	INPUT	SIGNAL	M5	250.272	0.0	250.296	0.084
lv_in[3063]	INPUT	SIGNAL	M5	250.176	0.0	250.2	0.084
lv_in[3064]	INPUT	SIGNAL	M5	250.128	0.0	250.152	0.084
lv_in[3065]	INPUT	SIGNAL	M5	249.792	0.0	249.816	0.084
lv_in[3066]	INPUT	SIGNAL	M5	250.08	0.0	250.104	0.084
lv_in[3067]	INPUT	SIGNAL	M5	247.968	0.0	247.992	0.084
lv_in[3068]	INPUT	SIGNAL	M5	247.296	0.0	247.32	0.084
lv_in[3069]	INPUT	SIGNAL	M5	246.288	0.0	246.312	0.084
lv_in[306]	INPUT	SIGNAL	M4	335.529	186.288	335.613	186.312
lv_in[3070]	INPUT	SIGNAL	M5	248.16	0.0	248.184	0.084
lv_in[3071]	INPUT	SIGNAL	M5	246.192	0.0	246.216	0.084
lv_in[3072]	INPUT	SIGNAL	M5	234.528	335.529	234.552	335.613
lv_in[3073]	INPUT	SIGNAL	M5	239.568	335.529	239.592	335.613
lv_in[3074]	INPUT	SIGNAL	M5	239.232	335.529	239.256	335.613
lv_in[3075]	INPUT	SIGNAL	M5	238.176	335.529	238.2	335.613
lv_in[3076]	INPUT	SIGNAL	M5	239.04	335.529	239.064	335.613
lv_in[3077]	INPUT	SIGNAL	M5	237.744	335.529	237.768	335.613
lv_in[3078]	INPUT	SIGNAL	M5	236.88	335.529	236.904	335.613
lv_in[3079]	INPUT	SIGNAL	M5	236.832	335.529	236.856	335.613
lv_in[307]	INPUT	SIGNAL	M4	335.529	188.208	335.613	188.232
lv_in[3080]	INPUT	SIGNAL	M5	234.576	335.529	234.6	335.613
lv_in[3081]	INPUT	SIGNAL	M5	235.824	335.529	235.848	335.613
lv_in[3082]	INPUT	SIGNAL	M5	235.536	335.529	235.56	335.613
lv_in[3083]	INPUT	SIGNAL	M5	232.8	335.529	232.824	335.613
lv_in[3084]	INPUT	SIGNAL	M5	232.608	335.529	232.632	335.613
lv_in[3085]	INPUT	SIGNAL	M5	232.224	335.529	232.248	335.613
lv_in[3086]	INPUT	SIGNAL	M5	232.944	335.529	232.968	335.613
lv_in[3087]	INPUT	SIGNAL	M5	231.168	335.529	231.192	335.613
lv_in[3088]	INPUT	SIGNAL	M5	231.648	335.529	231.672	335.613
lv_in[3089]	INPUT	SIGNAL	M5	230.64	335.529	230.664	335.613
lv_in[308]	INPUT	SIGNAL	M4	335.529	184.56	335.613	184.584
lv_in[3090]	INPUT	SIGNAL	M5	230.016	335.529	230.04	335.613
lv_in[3091]	INPUT	SIGNAL	M5	229.824	335.529	229.848	335.613
lv_in[3092]	INPUT	SIGNAL	M5	229.584	335.529	229.608	335.613
lv_in[3093]	INPUT	SIGNAL	M5	222.336	335.529	222.36	335.613
lv_in[3094]	INPUT	SIGNAL	M5	226.944	335.529	226.968	335.613
lv_in[3095]	INPUT	SIGNAL	M5	221.184	335.529	221.208	335.613
lv_in[3096]	INPUT	SIGNAL	M5	221.28	335.529	221.304	335.613
lv_in[3097]	INPUT	SIGNAL	M5	221.76	335.529	221.784	335.613
lv_in[3098]	INPUT	SIGNAL	M5	224.352	335.529	224.376	335.613
lv_in[3099]	INPUT	SIGNAL	M5	219.36	335.529	219.384	335.613
lv_in[309]	INPUT	SIGNAL	M4	335.529	184.656	335.613	184.68
lv_in[30]	INPUT	SIGNAL	M4	335.529	192.288	335.613	192.312
lv_in[3100]	INPUT	SIGNAL	M5	216.24	335.529	216.264	335.613
lv_in[3101]	INPUT	SIGNAL	M5	217.92	335.529	217.944	335.613
lv_in[3102]	INPUT	SIGNAL	M5	218.496	335.529	218.52	335.613
lv_in[3103]	INPUT	SIGNAL	M5	224.544	335.529	224.568	335.613
lv_in[3104]	INPUT	SIGNAL	M5	234.624	335.529	234.648	335.613
lv_in[3105]	INPUT	SIGNAL	M5	244.656	335.529	244.68	335.613
lv_in[3106]	INPUT	SIGNAL	M5	235.152	335.529	235.176	335.613
lv_in[3107]	INPUT	SIGNAL	M5	235.056	335.529	235.08	335.613
lv_in[3108]	INPUT	SIGNAL	M5	236.544	335.529	236.568	335.613
lv_in[3109]	INPUT	SIGNAL	M5	239.856	335.529	239.88	335.613
lv_in[310]	INPUT	SIGNAL	M4	335.529	172.128	335.613	172.152
lv_in[3110]	INPUT	SIGNAL	M5	236.4	335.529	236.424	335.613
lv_in[3111]	INPUT	SIGNAL	M5	241.92	335.529	241.944	335.613
lv_in[3112]	INPUT	SIGNAL	M5	234.864	335.529	234.888	335.613
lv_in[3113]	INPUT	SIGNAL	M5	237.648	335.529	237.672	335.613
lv_in[3114]	INPUT	SIGNAL	M5	238.656	335.529	238.68	335.613
lv_in[3115]	INPUT	SIGNAL	M5	230.4	335.529	230.424	335.613
lv_in[3116]	INPUT	SIGNAL	M5	230.352	335.529	230.376	335.613
lv_in[3117]	INPUT	SIGNAL	M5	229.68	335.529	229.704	335.613
lv_in[3118]	INPUT	SIGNAL	M5	232.416	335.529	232.44	335.613
lv_in[3119]	INPUT	SIGNAL	M5	228.528	335.529	228.552	335.613
lv_in[311]	INPUT	SIGNAL	M4	335.529	173.616	335.613	173.64
lv_in[3120]	INPUT	SIGNAL	M5	227.52	335.529	227.544	335.613
lv_in[3121]	INPUT	SIGNAL	M5	224.976	335.529	225.0	335.613
lv_in[3122]	INPUT	SIGNAL	M5	225.504	335.529	225.528	335.613
lv_in[3123]	INPUT	SIGNAL	M5	224.928	335.529	224.952	335.613
lv_in[3124]	INPUT	SIGNAL	M5	225.36	335.529	225.384	335.613
lv_in[3125]	INPUT	SIGNAL	M5	226.224	335.529	226.248	335.613
lv_in[3126]	INPUT	SIGNAL	M5	228.24	335.529	228.264	335.613
lv_in[3127]	INPUT	SIGNAL	M5	228.048	335.529	228.072	335.613
lv_in[3128]	INPUT	SIGNAL	M5	230.88	335.529	230.904	335.613
lv_in[3129]	INPUT	SIGNAL	M5	230.688	335.529	230.712	335.613
lv_in[312]	INPUT	SIGNAL	M4	335.529	170.304	335.613	170.328
lv_in[3130]	INPUT	SIGNAL	M5	229.776	335.529	229.8	335.613
lv_in[3131]	INPUT	SIGNAL	M5	226.08	335.529	226.104	335.613
lv_in[3132]	INPUT	SIGNAL	M5	225.696	335.529	225.72	335.613
lv_in[3133]	INPUT	SIGNAL	M5	225.456	335.529	225.48	335.613
lv_in[3134]	INPUT	SIGNAL	M5	225.648	335.529	225.672	335.613
lv_in[3135]	INPUT	SIGNAL	M5	232.08	335.529	232.104	335.613
lv_in[3136]	INPUT	SIGNAL	M5	187.92	335.529	187.944	335.613
lv_in[3137]	INPUT	SIGNAL	M5	189.168	335.529	189.192	335.613
lv_in[3138]	INPUT	SIGNAL	M5	198.912	335.529	198.936	335.613
lv_in[3139]	INPUT	SIGNAL	M5	199.68	335.529	199.704	335.613
lv_in[313]	INPUT	SIGNAL	M4	335.529	174.576	335.613	174.6
lv_in[3140]	INPUT	SIGNAL	M5	198.528	335.529	198.552	335.613
lv_in[3141]	INPUT	SIGNAL	M5	189.264	335.529	189.288	335.613
lv_in[3142]	INPUT	SIGNAL	M5	200.016	335.529	200.04	335.613
lv_in[3143]	INPUT	SIGNAL	M5	189.024	335.529	189.048	335.613
lv_in[3144]	INPUT	SIGNAL	M5	186.72	335.529	186.744	335.613
lv_in[3145]	INPUT	SIGNAL	M5	199.296	335.529	199.32	335.613
lv_in[3146]	INPUT	SIGNAL	M5	189.504	335.529	189.528	335.613
lv_in[3147]	INPUT	SIGNAL	M5	188.4	335.529	188.424	335.613
lv_in[3148]	INPUT	SIGNAL	M5	199.248	335.529	199.272	335.613
lv_in[3149]	INPUT	SIGNAL	M5	190.848	335.529	190.872	335.613
lv_in[314]	INPUT	SIGNAL	M4	335.529	170.688	335.613	170.712
lv_in[3150]	INPUT	SIGNAL	M5	194.304	335.529	194.328	335.613
lv_in[3151]	INPUT	SIGNAL	M5	198.096	335.529	198.12	335.613
lv_in[3152]	INPUT	SIGNAL	M5	196.32	335.529	196.344	335.613
lv_in[3153]	INPUT	SIGNAL	M5	198.576	335.529	198.6	335.613
lv_in[3154]	INPUT	SIGNAL	M5	190.56	335.529	190.584	335.613
lv_in[3155]	INPUT	SIGNAL	M5	185.424	335.529	185.448	335.613
lv_in[3156]	INPUT	SIGNAL	M5	198.24	335.529	198.264	335.613
lv_in[3157]	INPUT	SIGNAL	M5	189.792	335.529	189.816	335.613
lv_in[3158]	INPUT	SIGNAL	M5	190.08	335.529	190.104	335.613
lv_in[3159]	INPUT	SIGNAL	M5	184.848	335.529	184.872	335.613
lv_in[315]	INPUT	SIGNAL	M4	335.529	173.712	335.613	173.736
lv_in[3160]	INPUT	SIGNAL	M5	187.152	335.529	187.176	335.613
lv_in[3161]	INPUT	SIGNAL	M5	188.16	335.529	188.184	335.613
lv_in[3162]	INPUT	SIGNAL	M5	187.824	335.529	187.848	335.613
lv_in[3163]	INPUT	SIGNAL	M5	189.552	335.529	189.576	335.613
lv_in[3164]	INPUT	SIGNAL	M5	190.416	335.529	190.44	335.613
lv_in[3165]	INPUT	SIGNAL	M5	190.128	335.529	190.152	335.613
lv_in[3166]	INPUT	SIGNAL	M5	187.248	335.529	187.272	335.613
lv_in[3167]	INPUT	SIGNAL	M5	188.736	335.529	188.76	335.613
lv_in[3168]	INPUT	SIGNAL	M5	171.84	335.529	171.864	335.613
lv_in[3169]	INPUT	SIGNAL	M5	178.32	335.529	178.344	335.613
lv_in[316]	INPUT	SIGNAL	M4	335.529	170.256	335.613	170.28
lv_in[3170]	INPUT	SIGNAL	M5	178.08	335.529	178.104	335.613
lv_in[3171]	INPUT	SIGNAL	M5	177.216	335.529	177.24	335.613
lv_in[3172]	INPUT	SIGNAL	M5	178.512	335.529	178.536	335.613
lv_in[3173]	INPUT	SIGNAL	M5	178.464	335.529	178.488	335.613
lv_in[3174]	INPUT	SIGNAL	M5	178.656	335.529	178.68	335.613
lv_in[3175]	INPUT	SIGNAL	M5	178.272	335.529	178.296	335.613
lv_in[3176]	INPUT	SIGNAL	M5	177.792	335.529	177.816	335.613
lv_in[3177]	INPUT	SIGNAL	M5	177.504	335.529	177.528	335.613
lv_in[3178]	INPUT	SIGNAL	M5	178.416	335.529	178.44	335.613
lv_in[3179]	INPUT	SIGNAL	M5	178.224	335.529	178.248	335.613
lv_in[317]	INPUT	SIGNAL	M4	335.529	176.16	335.613	176.184
lv_in[3180]	INPUT	SIGNAL	M5	178.032	335.529	178.056	335.613
lv_in[3181]	INPUT	SIGNAL	M5	177.024	335.529	177.048	335.613
lv_in[3182]	INPUT	SIGNAL	M5	178.896	335.529	178.92	335.613
lv_in[3183]	INPUT	SIGNAL	M5	178.368	335.529	178.392	335.613
lv_in[3184]	INPUT	SIGNAL	M5	178.176	335.529	178.2	335.613
lv_in[3185]	INPUT	SIGNAL	M5	177.984	335.529	178.008	335.613
lv_in[3186]	INPUT	SIGNAL	M5	177.312	335.529	177.336	335.613
lv_in[3187]	INPUT	SIGNAL	M5	176.4	335.529	176.424	335.613
lv_in[3188]	INPUT	SIGNAL	M5	176.832	335.529	176.856	335.613
lv_in[3189]	INPUT	SIGNAL	M5	172.224	335.529	172.248	335.613
lv_in[318]	INPUT	SIGNAL	M4	335.529	171.792	335.613	171.816
lv_in[3190]	INPUT	SIGNAL	M5	171.792	335.529	171.816	335.613
lv_in[3191]	INPUT	SIGNAL	M5	166.224	335.529	166.248	335.613
lv_in[3192]	INPUT	SIGNAL	M5	169.536	335.529	169.56	335.613
lv_in[3193]	INPUT	SIGNAL	M5	173.76	335.529	173.784	335.613
lv_in[3194]	INPUT	SIGNAL	M5	169.44	335.529	169.464	335.613
lv_in[3195]	INPUT	SIGNAL	M5	170.592	335.529	170.616	335.613
lv_in[3196]	INPUT	SIGNAL	M5	171.024	335.529	171.048	335.613
lv_in[3197]	INPUT	SIGNAL	M5	173.712	335.529	173.736	335.613
lv_in[3198]	INPUT	SIGNAL	M5	162.864	335.529	162.888	335.613
lv_in[3199]	INPUT	SIGNAL	M5	173.808	335.529	173.832	335.613
lv_in[319]	INPUT	SIGNAL	M4	335.529	170.352	335.613	170.376
lv_in[31]	INPUT	SIGNAL	M4	335.529	189.408	335.613	189.432
lv_in[3200]	INPUT	SIGNAL	M5	222.768	335.529	222.792	335.613
lv_in[3201]	INPUT	SIGNAL	M5	233.904	335.529	233.928	335.613
lv_in[3202]	INPUT	SIGNAL	M5	231.36	335.529	231.384	335.613
lv_in[3203]	INPUT	SIGNAL	M5	233.136	335.529	233.16	335.613
lv_in[3204]	INPUT	SIGNAL	M5	232.896	335.529	232.92	335.613
lv_in[3205]	INPUT	SIGNAL	M5	233.568	335.529	233.592	335.613
lv_in[3206]	INPUT	SIGNAL	M5	233.808	335.529	233.832	335.613
lv_in[3207]	INPUT	SIGNAL	M5	233.712	335.529	233.736	335.613
lv_in[3208]	INPUT	SIGNAL	M5	233.04	335.529	233.064	335.613
lv_in[3209]	INPUT	SIGNAL	M5	233.184	335.529	233.208	335.613
lv_in[320]	INPUT	SIGNAL	M5	171.6	0.0	171.624	0.084
lv_in[3210]	INPUT	SIGNAL	M5	233.088	335.529	233.112	335.613
lv_in[3211]	INPUT	SIGNAL	M5	230.976	335.529	231.0	335.613
lv_in[3212]	INPUT	SIGNAL	M5	231.024	335.529	231.048	335.613
lv_in[3213]	INPUT	SIGNAL	M5	227.184	335.529	227.208	335.613
lv_in[3214]	INPUT	SIGNAL	M5	228.48	335.529	228.504	335.613
lv_in[3215]	INPUT	SIGNAL	M5	229.008	335.529	229.032	335.613
lv_in[3216]	INPUT	SIGNAL	M5	230.304	335.529	230.328	335.613
lv_in[3217]	INPUT	SIGNAL	M5	228.768	335.529	228.792	335.613
lv_in[3218]	INPUT	SIGNAL	M5	226.8	335.529	226.824	335.613
lv_in[3219]	INPUT	SIGNAL	M5	226.608	335.529	226.632	335.613
lv_in[321]	INPUT	SIGNAL	M5	172.512	0.0	172.536	0.084
lv_in[3220]	INPUT	SIGNAL	M5	226.56	335.529	226.584	335.613
lv_in[3221]	INPUT	SIGNAL	M5	218.784	335.529	218.808	335.613
lv_in[3222]	INPUT	SIGNAL	M5	219.12	335.529	219.144	335.613
lv_in[3223]	INPUT	SIGNAL	M5	217.632	335.529	217.656	335.613
lv_in[3224]	INPUT	SIGNAL	M5	218.448	335.529	218.472	335.613
lv_in[3225]	INPUT	SIGNAL	M5	216.72	335.529	216.744	335.613
lv_in[3226]	INPUT	SIGNAL	M5	215.136	335.529	215.16	335.613
lv_in[3227]	INPUT	SIGNAL	M5	215.808	335.529	215.832	335.613
lv_in[3228]	INPUT	SIGNAL	M5	215.232	335.529	215.256	335.613
lv_in[3229]	INPUT	SIGNAL	M5	214.512	335.529	214.536	335.613
lv_in[322]	INPUT	SIGNAL	M5	171.504	0.0	171.528	0.084
lv_in[3230]	INPUT	SIGNAL	M5	216.192	335.529	216.216	335.613
lv_in[3231]	INPUT	SIGNAL	M5	221.136	335.529	221.16	335.613
lv_in[3232]	INPUT	SIGNAL	M5	205.392	335.529	205.416	335.613
lv_in[3233]	INPUT	SIGNAL	M5	211.296	335.529	211.32	335.613
lv_in[3234]	INPUT	SIGNAL	M5	212.448	335.529	212.472	335.613
lv_in[3235]	INPUT	SIGNAL	M5	218.4	335.529	218.424	335.613
lv_in[3236]	INPUT	SIGNAL	M5	216.096	335.529	216.12	335.613
lv_in[3237]	INPUT	SIGNAL	M5	219.024	335.529	219.048	335.613
lv_in[3238]	INPUT	SIGNAL	M5	217.536	335.529	217.56	335.613
lv_in[3239]	INPUT	SIGNAL	M5	219.072	335.529	219.096	335.613
lv_in[323]	INPUT	SIGNAL	M5	169.296	0.0	169.32	0.084
lv_in[3240]	INPUT	SIGNAL	M5	215.424	335.529	215.448	335.613
lv_in[3241]	INPUT	SIGNAL	M5	216.48	335.529	216.504	335.613
lv_in[3242]	INPUT	SIGNAL	M5	215.904	335.529	215.928	335.613
lv_in[3243]	INPUT	SIGNAL	M5	214.752	335.529	214.776	335.613
lv_in[3244]	INPUT	SIGNAL	M5	212.256	335.529	212.28	335.613
lv_in[3245]	INPUT	SIGNAL	M5	212.784	335.529	212.808	335.613
lv_in[3246]	INPUT	SIGNAL	M5	211.68	335.529	211.704	335.613
lv_in[3247]	INPUT	SIGNAL	M5	211.392	335.529	211.416	335.613
lv_in[3248]	INPUT	SIGNAL	M5	210.288	335.529	210.312	335.613
lv_in[3249]	INPUT	SIGNAL	M5	208.464	335.529	208.488	335.613
lv_in[324]	INPUT	SIGNAL	M5	167.664	0.0	167.688	0.084
lv_in[3250]	INPUT	SIGNAL	M5	210.096	335.529	210.12	335.613
lv_in[3251]	INPUT	SIGNAL	M5	208.176	335.529	208.2	335.613
lv_in[3252]	INPUT	SIGNAL	M5	208.896	335.529	208.92	335.613
lv_in[3253]	INPUT	SIGNAL	M5	206.064	335.529	206.088	335.613
lv_in[3254]	INPUT	SIGNAL	M5	205.92	335.529	205.944	335.613
lv_in[3255]	INPUT	SIGNAL	M5	203.424	335.529	203.448	335.613
lv_in[3256]	INPUT	SIGNAL	M5	202.272	335.529	202.296	335.613
lv_in[3257]	INPUT	SIGNAL	M5	205.44	335.529	205.464	335.613
lv_in[3258]	INPUT	SIGNAL	M5	203.568	335.529	203.592	335.613
lv_in[3259]	INPUT	SIGNAL	M5	199.872	335.529	199.896	335.613
lv_in[325]	INPUT	SIGNAL	M5	168.672	0.0	168.696	0.084
lv_in[3260]	INPUT	SIGNAL	M5	200.256	335.529	200.28	335.613
lv_in[3261]	INPUT	SIGNAL	M5	201.36	335.529	201.384	335.613
lv_in[3262]	INPUT	SIGNAL	M5	199.728	335.529	199.752	335.613
lv_in[3263]	INPUT	SIGNAL	M5	205.296	335.529	205.32	335.613
lv_in[3264]	INPUT	SIGNAL	M5	101.664	0.0	101.688	0.084
lv_in[3265]	INPUT	SIGNAL	M5	97.488	0.0	97.512	0.084
lv_in[3266]	INPUT	SIGNAL	M5	97.248	0.0	97.272	0.084
lv_in[3267]	INPUT	SIGNAL	M4	0.0	99.648	0.084	99.672
lv_in[3268]	INPUT	SIGNAL	M4	0.0	99.744	0.084	99.768
lv_in[3269]	INPUT	SIGNAL	M4	0.0	97.824	0.084	97.848
lv_in[326]	INPUT	SIGNAL	M5	167.808	0.0	167.832	0.084
lv_in[3270]	INPUT	SIGNAL	M4	0.0	98.976	0.084	99.0
lv_in[3271]	INPUT	SIGNAL	M4	0.0	97.968	0.084	97.992
lv_in[3272]	INPUT	SIGNAL	M4	0.0	96.528	0.084	96.552
lv_in[3273]	INPUT	SIGNAL	M4	0.0	97.2	0.084	97.224
lv_in[3274]	INPUT	SIGNAL	M4	0.0	97.296	0.084	97.32
lv_in[3275]	INPUT	SIGNAL	M5	92.496	0.0	92.52	0.084
lv_in[3276]	INPUT	SIGNAL	M5	97.344	0.0	97.368	0.084
lv_in[3277]	INPUT	SIGNAL	M5	92.544	0.0	92.568	0.084
lv_in[3278]	INPUT	SIGNAL	M5	94.992	0.0	95.016	0.084
lv_in[3279]	INPUT	SIGNAL	M5	92.448	0.0	92.472	0.084
lv_in[327]	INPUT	SIGNAL	M5	167.76	0.0	167.784	0.084
lv_in[3280]	INPUT	SIGNAL	M5	93.504	0.0	93.528	0.084
lv_in[3281]	INPUT	SIGNAL	M5	92.64	0.0	92.664	0.084
lv_in[3282]	INPUT	SIGNAL	M5	98.016	0.0	98.04	0.084
lv_in[3283]	INPUT	SIGNAL	M5	97.968	0.0	97.992	0.084
lv_in[3284]	INPUT	SIGNAL	M5	93.408	0.0	93.432	0.084
lv_in[3285]	INPUT	SIGNAL	M5	99.888	0.0	99.912	0.084
lv_in[3286]	INPUT	SIGNAL	M5	98.88	0.0	98.904	0.084
lv_in[3287]	INPUT	SIGNAL	M5	100.272	0.0	100.296	0.084
lv_in[3288]	INPUT	SIGNAL	M5	101.088	0.0	101.112	0.084
lv_in[3289]	INPUT	SIGNAL	M5	99.936	0.0	99.96	0.084
lv_in[328]	INPUT	SIGNAL	M5	167.424	0.0	167.448	0.084
lv_in[3290]	INPUT	SIGNAL	M5	100.512	0.0	100.536	0.084
lv_in[3291]	INPUT	SIGNAL	M5	100.464	0.0	100.488	0.084
lv_in[3292]	INPUT	SIGNAL	M5	99.168	0.0	99.192	0.084
lv_in[3293]	INPUT	SIGNAL	M5	99.024	0.0	99.048	0.084
lv_in[3294]	INPUT	SIGNAL	M5	99.6	0.0	99.624	0.084
lv_in[3295]	INPUT	SIGNAL	M5	100.992	0.0	101.016	0.084
lv_in[3296]	INPUT	SIGNAL	M4	0.0	103.488	0.084	103.512
lv_in[3297]	INPUT	SIGNAL	M4	0.0	98.592	0.084	98.616
lv_in[3298]	INPUT	SIGNAL	M4	0.0	96.576	0.084	96.6
lv_in[3299]	INPUT	SIGNAL	M4	0.0	101.472	0.084	101.496
lv_in[329]	INPUT	SIGNAL	M5	169.056	0.0	169.08	0.084
lv_in[32]	INPUT	SIGNAL	M4	335.529	181.584	335.613	181.608
lv_in[3300]	INPUT	SIGNAL	M4	0.0	102.576	0.084	102.6
lv_in[3301]	INPUT	SIGNAL	M4	0.0	100.56	0.084	100.584
lv_in[3302]	INPUT	SIGNAL	M4	0.0	95.76	0.084	95.784
lv_in[3303]	INPUT	SIGNAL	M4	0.0	100.992	0.084	101.016
lv_in[3304]	INPUT	SIGNAL	M4	0.0	97.728	0.084	97.752
lv_in[3305]	INPUT	SIGNAL	M4	0.0	97.872	0.084	97.896
lv_in[3306]	INPUT	SIGNAL	M4	0.0	97.536	0.084	97.56
lv_in[3307]	INPUT	SIGNAL	M4	0.0	105.216	0.084	105.24
lv_in[3308]	INPUT	SIGNAL	M4	0.0	102.288	0.084	102.312
lv_in[3309]	INPUT	SIGNAL	M4	0.0	106.416	0.084	106.44
lv_in[330]	INPUT	SIGNAL	M5	167.52	0.0	167.544	0.084
lv_in[3310]	INPUT	SIGNAL	M4	0.0	108.72	0.084	108.744
lv_in[3311]	INPUT	SIGNAL	M4	0.0	107.76	0.084	107.784
lv_in[3312]	INPUT	SIGNAL	M4	0.0	109.344	0.084	109.368
lv_in[3313]	INPUT	SIGNAL	M4	0.0	109.68	0.084	109.704
lv_in[3314]	INPUT	SIGNAL	M4	0.0	108.192	0.084	108.216
lv_in[3315]	INPUT	SIGNAL	M4	0.0	108.432	0.084	108.456
lv_in[3316]	INPUT	SIGNAL	M4	0.0	107.712	0.084	107.736
lv_in[3317]	INPUT	SIGNAL	M4	0.0	107.568	0.084	107.592
lv_in[3318]	INPUT	SIGNAL	M4	0.0	108.048	0.084	108.072
lv_in[3319]	INPUT	SIGNAL	M4	0.0	103.632	0.084	103.656
lv_in[331]	INPUT	SIGNAL	M5	170.592	0.0	170.616	0.084
lv_in[3320]	INPUT	SIGNAL	M4	0.0	108.24	0.084	108.264
lv_in[3321]	INPUT	SIGNAL	M4	0.0	108.624	0.084	108.648
lv_in[3322]	INPUT	SIGNAL	M4	0.0	108.672	0.084	108.696
lv_in[3323]	INPUT	SIGNAL	M4	0.0	109.824	0.084	109.848
lv_in[3324]	INPUT	SIGNAL	M4	0.0	103.68	0.084	103.704
lv_in[3325]	INPUT	SIGNAL	M4	0.0	109.536	0.084	109.56
lv_in[3326]	INPUT	SIGNAL	M4	0.0	103.584	0.084	103.608
lv_in[3327]	INPUT	SIGNAL	M4	0.0	105.168	0.084	105.192
lv_in[3328]	INPUT	SIGNAL	M5	170.112	0.0	170.136	0.084
lv_in[3329]	INPUT	SIGNAL	M5	170.064	0.0	170.088	0.084
lv_in[332]	INPUT	SIGNAL	M5	179.328	0.0	179.352	0.084
lv_in[3330]	INPUT	SIGNAL	M5	179.04	0.0	179.064	0.084
lv_in[3331]	INPUT	SIGNAL	M5	176.784	0.0	176.808	0.084
lv_in[3332]	INPUT	SIGNAL	M5	171.12	0.0	171.144	0.084
lv_in[3333]	INPUT	SIGNAL	M5	173.184	0.0	173.208	0.084
lv_in[3334]	INPUT	SIGNAL	M5	179.952	0.0	179.976	0.084
lv_in[3335]	INPUT	SIGNAL	M5	176.832	0.0	176.856	0.084
lv_in[3336]	INPUT	SIGNAL	M5	173.088	0.0	173.112	0.084
lv_in[3337]	INPUT	SIGNAL	M5	172.992	0.0	173.016	0.084
lv_in[3338]	INPUT	SIGNAL	M5	180.096	0.0	180.12	0.084
lv_in[3339]	INPUT	SIGNAL	M5	177.696	0.0	177.72	0.084
lv_in[333]	INPUT	SIGNAL	M5	175.92	0.0	175.944	0.084
lv_in[3340]	INPUT	SIGNAL	M5	170.88	0.0	170.904	0.084
lv_in[3341]	INPUT	SIGNAL	M5	171.072	0.0	171.096	0.084
lv_in[3342]	INPUT	SIGNAL	M5	173.424	0.0	173.448	0.084
lv_in[3343]	INPUT	SIGNAL	M5	172.416	0.0	172.44	0.084
lv_in[3344]	INPUT	SIGNAL	M5	170.688	0.0	170.712	0.084
lv_in[3345]	INPUT	SIGNAL	M5	170.736	0.0	170.76	0.084
lv_in[3346]	INPUT	SIGNAL	M5	170.4	0.0	170.424	0.084
lv_in[3347]	INPUT	SIGNAL	M5	170.448	0.0	170.472	0.084
lv_in[3348]	INPUT	SIGNAL	M5	171.936	0.0	171.96	0.084
lv_in[3349]	INPUT	SIGNAL	M5	172.176	0.0	172.2	0.084
lv_in[334]	INPUT	SIGNAL	M5	176.016	0.0	176.04	0.084
lv_in[3350]	INPUT	SIGNAL	M5	172.8	0.0	172.824	0.084
lv_in[3351]	INPUT	SIGNAL	M5	172.752	0.0	172.776	0.084
lv_in[3352]	INPUT	SIGNAL	M5	174.864	0.0	174.888	0.084
lv_in[3353]	INPUT	SIGNAL	M5	173.376	0.0	173.4	0.084
lv_in[3354]	INPUT	SIGNAL	M5	175.68	0.0	175.704	0.084
lv_in[3355]	INPUT	SIGNAL	M5	175.968	0.0	175.992	0.084
lv_in[3356]	INPUT	SIGNAL	M5	176.544	0.0	176.568	0.084
lv_in[3357]	INPUT	SIGNAL	M5	177.264	0.0	177.288	0.084
lv_in[3358]	INPUT	SIGNAL	M5	182.064	0.0	182.088	0.084
lv_in[3359]	INPUT	SIGNAL	M5	172.704	0.0	172.728	0.084
lv_in[335]	INPUT	SIGNAL	M5	177.408	0.0	177.432	0.084
lv_in[3360]	INPUT	SIGNAL	M5	156.048	0.0	156.072	0.084
lv_in[3361]	INPUT	SIGNAL	M5	155.28	0.0	155.304	0.084
lv_in[3362]	INPUT	SIGNAL	M5	155.76	0.0	155.784	0.084
lv_in[3363]	INPUT	SIGNAL	M5	156.432	0.0	156.456	0.084
lv_in[3364]	INPUT	SIGNAL	M5	153.36	0.0	153.384	0.084
lv_in[3365]	INPUT	SIGNAL	M5	152.16	0.0	152.184	0.084
lv_in[3366]	INPUT	SIGNAL	M5	150.0	0.0	150.024	0.084
lv_in[3367]	INPUT	SIGNAL	M5	152.064	0.0	152.088	0.084
lv_in[3368]	INPUT	SIGNAL	M5	149.424	0.0	149.448	0.084
lv_in[3369]	INPUT	SIGNAL	M5	149.568	0.0	149.592	0.084
lv_in[336]	INPUT	SIGNAL	M5	177.024	0.0	177.048	0.084
lv_in[3370]	INPUT	SIGNAL	M5	148.512	0.0	148.536	0.084
lv_in[3371]	INPUT	SIGNAL	M5	148.032	0.0	148.056	0.084
lv_in[3372]	INPUT	SIGNAL	M5	147.6	0.0	147.624	0.084
lv_in[3373]	INPUT	SIGNAL	M5	149.376	0.0	149.4	0.084
lv_in[3374]	INPUT	SIGNAL	M5	148.368	0.0	148.392	0.084
lv_in[3375]	INPUT	SIGNAL	M5	159.84	0.0	159.864	0.084
lv_in[3376]	INPUT	SIGNAL	M5	147.984	0.0	148.008	0.084
lv_in[3377]	INPUT	SIGNAL	M5	163.392	0.0	163.416	0.084
lv_in[3378]	INPUT	SIGNAL	M5	161.952	0.0	161.976	0.084
lv_in[3379]	INPUT	SIGNAL	M5	163.152	0.0	163.176	0.084
lv_in[337]	INPUT	SIGNAL	M5	177.84	0.0	177.864	0.084
lv_in[3380]	INPUT	SIGNAL	M5	163.008	0.0	163.032	0.084
lv_in[3381]	INPUT	SIGNAL	M5	167.28	0.0	167.304	0.084
lv_in[3382]	INPUT	SIGNAL	M5	164.112	0.0	164.136	0.084
lv_in[3383]	INPUT	SIGNAL	M5	164.064	0.0	164.088	0.084
lv_in[3384]	INPUT	SIGNAL	M5	166.032	0.0	166.056	0.084
lv_in[3385]	INPUT	SIGNAL	M5	166.32	0.0	166.344	0.084
lv_in[3386]	INPUT	SIGNAL	M5	164.256	0.0	164.28	0.084
lv_in[3387]	INPUT	SIGNAL	M5	165.552	0.0	165.576	0.084
lv_in[3388]	INPUT	SIGNAL	M5	167.904	0.0	167.928	0.084
lv_in[3389]	INPUT	SIGNAL	M5	168.24	0.0	168.264	0.084
lv_in[338]	INPUT	SIGNAL	M5	176.64	0.0	176.664	0.084
lv_in[3390]	INPUT	SIGNAL	M5	168.48	0.0	168.504	0.084
lv_in[3391]	INPUT	SIGNAL	M5	163.248	0.0	163.272	0.084
lv_in[3392]	INPUT	SIGNAL	M5	159.984	0.0	160.008	0.084
lv_in[3393]	INPUT	SIGNAL	M5	159.312	0.0	159.336	0.084
lv_in[3394]	INPUT	SIGNAL	M5	159.264	0.0	159.288	0.084
lv_in[3395]	INPUT	SIGNAL	M5	159.168	0.0	159.192	0.084
lv_in[3396]	INPUT	SIGNAL	M5	158.544	0.0	158.568	0.084
lv_in[3397]	INPUT	SIGNAL	M5	160.56	0.0	160.584	0.084
lv_in[3398]	INPUT	SIGNAL	M5	153.408	0.0	153.432	0.084
lv_in[3399]	INPUT	SIGNAL	M5	159.648	0.0	159.672	0.084
lv_in[339]	INPUT	SIGNAL	M5	175.392	0.0	175.416	0.084
lv_in[33]	INPUT	SIGNAL	M4	335.529	183.264	335.613	183.288
lv_in[3400]	INPUT	SIGNAL	M5	154.8	0.0	154.824	0.084
lv_in[3401]	INPUT	SIGNAL	M5	153.312	0.0	153.336	0.084
lv_in[3402]	INPUT	SIGNAL	M5	155.04	0.0	155.064	0.084
lv_in[3403]	INPUT	SIGNAL	M5	157.296	0.0	157.32	0.084
lv_in[3404]	INPUT	SIGNAL	M5	158.64	0.0	158.664	0.084
lv_in[3405]	INPUT	SIGNAL	M5	157.344	0.0	157.368	0.084
lv_in[3406]	INPUT	SIGNAL	M5	157.44	0.0	157.464	0.084
lv_in[3407]	INPUT	SIGNAL	M5	159.12	0.0	159.144	0.084
lv_in[3408]	INPUT	SIGNAL	M5	159.072	0.0	159.096	0.084
lv_in[3409]	INPUT	SIGNAL	M5	161.904	0.0	161.928	0.084
lv_in[340]	INPUT	SIGNAL	M5	177.216	0.0	177.24	0.084
lv_in[3410]	INPUT	SIGNAL	M5	162.048	0.0	162.072	0.084
lv_in[3411]	INPUT	SIGNAL	M5	160.752	0.0	160.776	0.084
lv_in[3412]	INPUT	SIGNAL	M5	161.808	0.0	161.832	0.084
lv_in[3413]	INPUT	SIGNAL	M5	162.96	0.0	162.984	0.084
lv_in[3414]	INPUT	SIGNAL	M5	163.296	0.0	163.32	0.084
lv_in[3415]	INPUT	SIGNAL	M5	164.304	0.0	164.328	0.084
lv_in[3416]	INPUT	SIGNAL	M5	165.168	0.0	165.192	0.084
lv_in[3417]	INPUT	SIGNAL	M5	165.936	0.0	165.96	0.084
lv_in[3418]	INPUT	SIGNAL	M5	165.792	0.0	165.816	0.084
lv_in[3419]	INPUT	SIGNAL	M5	164.448	0.0	164.472	0.084
lv_in[341]	INPUT	SIGNAL	M5	176.976	0.0	177.0	0.084
lv_in[3420]	INPUT	SIGNAL	M5	165.84	0.0	165.864	0.084
lv_in[3421]	INPUT	SIGNAL	M5	165.888	0.0	165.912	0.084
lv_in[3422]	INPUT	SIGNAL	M5	165.072	0.0	165.096	0.084
lv_in[3423]	INPUT	SIGNAL	M5	162.384	0.0	162.408	0.084
lv_in[3424]	INPUT	SIGNAL	M5	90.384	0.0	90.408	0.084
lv_in[3425]	INPUT	SIGNAL	M5	82.32	0.0	82.344	0.084
lv_in[3426]	INPUT	SIGNAL	M5	84.432	0.0	84.456	0.084
lv_in[3427]	INPUT	SIGNAL	M5	84.72	0.0	84.744	0.084
lv_in[3428]	INPUT	SIGNAL	M5	78.096	0.0	78.12	0.084
lv_in[3429]	INPUT	SIGNAL	M5	80.112	0.0	80.136	0.084
lv_in[342]	INPUT	SIGNAL	M4	335.529	159.792	335.613	159.816
lv_in[3430]	INPUT	SIGNAL	M5	88.032	0.0	88.056	0.084
lv_in[3431]	INPUT	SIGNAL	M5	87.408	0.0	87.432	0.084
lv_in[3432]	INPUT	SIGNAL	M5	87.792	0.0	87.816	0.084
lv_in[3433]	INPUT	SIGNAL	M5	87.456	0.0	87.48	0.084
lv_in[3434]	INPUT	SIGNAL	M5	85.44	0.0	85.464	0.084
lv_in[3435]	INPUT	SIGNAL	M5	94.464	0.0	94.488	0.084
lv_in[3436]	INPUT	SIGNAL	M5	93.552	0.0	93.576	0.084
lv_in[3437]	INPUT	SIGNAL	M5	94.608	0.0	94.632	0.084
lv_in[3438]	INPUT	SIGNAL	M5	94.176	0.0	94.2	0.084
lv_in[3439]	INPUT	SIGNAL	M5	96.48	0.0	96.504	0.084
lv_in[343]	INPUT	SIGNAL	M4	335.529	163.488	335.613	163.512
lv_in[3440]	INPUT	SIGNAL	M5	96.576	0.0	96.6	0.084
lv_in[3441]	INPUT	SIGNAL	M5	98.304	0.0	98.328	0.084
lv_in[3442]	INPUT	SIGNAL	M5	98.064	0.0	98.088	0.084
lv_in[3443]	INPUT	SIGNAL	M5	100.656	0.0	100.68	0.084
lv_in[3444]	INPUT	SIGNAL	M5	97.728	0.0	97.752	0.084
lv_in[3445]	INPUT	SIGNAL	M5	100.128	0.0	100.152	0.084
lv_in[3446]	INPUT	SIGNAL	M5	100.896	0.0	100.92	0.084
lv_in[3447]	INPUT	SIGNAL	M5	104.4	0.0	104.424	0.084
lv_in[3448]	INPUT	SIGNAL	M5	103.008	0.0	103.032	0.084
lv_in[3449]	INPUT	SIGNAL	M5	105.456	0.0	105.48	0.084
lv_in[344]	INPUT	SIGNAL	M4	335.529	160.752	335.613	160.776
lv_in[3450]	INPUT	SIGNAL	M5	104.544	0.0	104.568	0.084
lv_in[3451]	INPUT	SIGNAL	M5	109.872	0.0	109.896	0.084
lv_in[3452]	INPUT	SIGNAL	M5	108.528	0.0	108.552	0.084
lv_in[3453]	INPUT	SIGNAL	M5	108.432	0.0	108.456	0.084
lv_in[3454]	INPUT	SIGNAL	M5	108.48	0.0	108.504	0.084
lv_in[3455]	INPUT	SIGNAL	M5	100.224	0.0	100.248	0.084
lv_in[3456]	INPUT	SIGNAL	M5	87.6	0.0	87.624	0.084
lv_in[3457]	INPUT	SIGNAL	M5	83.52	0.0	83.544	0.084
lv_in[3458]	INPUT	SIGNAL	M5	83.424	0.0	83.448	0.084
lv_in[3459]	INPUT	SIGNAL	M5	83.904	0.0	83.928	0.084
lv_in[345]	INPUT	SIGNAL	M4	335.529	164.688	335.613	164.712
lv_in[3460]	INPUT	SIGNAL	M5	84.048	0.0	84.072	0.084
lv_in[3461]	INPUT	SIGNAL	M5	87.264	0.0	87.288	0.084
lv_in[3462]	INPUT	SIGNAL	M5	87.168	0.0	87.192	0.084
lv_in[3463]	INPUT	SIGNAL	M5	87.36	0.0	87.384	0.084
lv_in[3464]	INPUT	SIGNAL	M5	87.696	0.0	87.72	0.084
lv_in[3465]	INPUT	SIGNAL	M5	87.12	0.0	87.144	0.084
lv_in[3466]	INPUT	SIGNAL	M5	87.216	0.0	87.24	0.084
lv_in[3467]	INPUT	SIGNAL	M5	93.12	0.0	93.144	0.084
lv_in[3468]	INPUT	SIGNAL	M5	90.144	0.0	90.168	0.084
lv_in[3469]	INPUT	SIGNAL	M5	87.648	0.0	87.672	0.084
lv_in[346]	INPUT	SIGNAL	M4	335.529	163.968	335.613	163.992
lv_in[3470]	INPUT	SIGNAL	M5	88.848	0.0	88.872	0.084
lv_in[3471]	INPUT	SIGNAL	M5	93.264	0.0	93.288	0.084
lv_in[3472]	INPUT	SIGNAL	M5	93.312	0.0	93.336	0.084
lv_in[3473]	INPUT	SIGNAL	M5	89.424	0.0	89.448	0.084
lv_in[3474]	INPUT	SIGNAL	M5	93.456	0.0	93.48	0.084
lv_in[3475]	INPUT	SIGNAL	M5	91.536	0.0	91.56	0.084
lv_in[3476]	INPUT	SIGNAL	M5	89.616	0.0	89.64	0.084
lv_in[3477]	INPUT	SIGNAL	M5	93.696	0.0	93.72	0.084
lv_in[3478]	INPUT	SIGNAL	M5	94.656	0.0	94.68	0.084
lv_in[3479]	INPUT	SIGNAL	M5	91.728	0.0	91.752	0.084
lv_in[347]	INPUT	SIGNAL	M4	335.529	162.288	335.613	162.312
lv_in[3480]	INPUT	SIGNAL	M5	92.832	0.0	92.856	0.084
lv_in[3481]	INPUT	SIGNAL	M5	95.904	0.0	95.928	0.084
lv_in[3482]	INPUT	SIGNAL	M5	92.064	0.0	92.088	0.084
lv_in[3483]	INPUT	SIGNAL	M5	95.04	0.0	95.064	0.084
lv_in[3484]	INPUT	SIGNAL	M5	95.952	0.0	95.976	0.084
lv_in[3485]	INPUT	SIGNAL	M5	93.216	0.0	93.24	0.084
lv_in[3486]	INPUT	SIGNAL	M5	95.184	0.0	95.208	0.084
lv_in[3487]	INPUT	SIGNAL	M5	88.656	0.0	88.68	0.084
lv_in[3488]	INPUT	SIGNAL	M5	155.424	0.0	155.448	0.084
lv_in[3489]	INPUT	SIGNAL	M5	158.256	0.0	158.28	0.084
lv_in[348]	INPUT	SIGNAL	M4	335.529	159.936	335.613	159.96
lv_in[3490]	INPUT	SIGNAL	M5	160.416	0.0	160.44	0.084
lv_in[3491]	INPUT	SIGNAL	M5	157.584	0.0	157.608	0.084
lv_in[3492]	INPUT	SIGNAL	M5	157.728	0.0	157.752	0.084
lv_in[3493]	INPUT	SIGNAL	M5	157.488	0.0	157.512	0.084
lv_in[3494]	INPUT	SIGNAL	M5	158.064	0.0	158.088	0.084
lv_in[3495]	INPUT	SIGNAL	M5	155.904	0.0	155.928	0.084
lv_in[3496]	INPUT	SIGNAL	M5	161.76	0.0	161.784	0.084
lv_in[3497]	INPUT	SIGNAL	M5	156.816	0.0	156.84	0.084
lv_in[3498]	INPUT	SIGNAL	M5	159.504	0.0	159.528	0.084
lv_in[3499]	INPUT	SIGNAL	M5	157.392	0.0	157.416	0.084
lv_in[349]	INPUT	SIGNAL	M4	335.529	158.736	335.613	158.76
lv_in[34]	INPUT	SIGNAL	M4	335.529	174.192	335.613	174.216
lv_in[3500]	INPUT	SIGNAL	M5	156.0	0.0	156.024	0.084
lv_in[3501]	INPUT	SIGNAL	M5	156.336	0.0	156.36	0.084
lv_in[3502]	INPUT	SIGNAL	M5	154.512	0.0	154.536	0.084
lv_in[3503]	INPUT	SIGNAL	M5	156.96	0.0	156.984	0.084
lv_in[3504]	INPUT	SIGNAL	M5	154.128	0.0	154.152	0.084
lv_in[3505]	INPUT	SIGNAL	M5	156.912	0.0	156.936	0.084
lv_in[3506]	INPUT	SIGNAL	M5	156.72	0.0	156.744	0.084
lv_in[3507]	INPUT	SIGNAL	M5	156.192	0.0	156.216	0.084
lv_in[3508]	INPUT	SIGNAL	M5	154.368	0.0	154.392	0.084
lv_in[3509]	INPUT	SIGNAL	M5	154.992	0.0	155.016	0.084
lv_in[350]	INPUT	SIGNAL	M4	335.529	161.184	335.613	161.208
lv_in[3510]	INPUT	SIGNAL	M5	153.168	0.0	153.192	0.084
lv_in[3511]	INPUT	SIGNAL	M5	153.12	0.0	153.144	0.084
lv_in[3512]	INPUT	SIGNAL	M5	152.88	0.0	152.904	0.084
lv_in[3513]	INPUT	SIGNAL	M5	154.896	0.0	154.92	0.084
lv_in[3514]	INPUT	SIGNAL	M5	155.664	0.0	155.688	0.084
lv_in[3515]	INPUT	SIGNAL	M5	152.496	0.0	152.52	0.084
lv_in[3516]	INPUT	SIGNAL	M5	155.088	0.0	155.112	0.084
lv_in[3517]	INPUT	SIGNAL	M5	152.736	0.0	152.76	0.084
lv_in[3518]	INPUT	SIGNAL	M5	152.688	0.0	152.712	0.084
lv_in[3519]	INPUT	SIGNAL	M5	154.416	0.0	154.44	0.084
lv_in[351]	INPUT	SIGNAL	M4	335.529	162.192	335.613	162.216
lv_in[3520]	INPUT	SIGNAL	M5	171.408	0.0	171.432	0.084
lv_in[3521]	INPUT	SIGNAL	M5	169.392	0.0	169.416	0.084
lv_in[3522]	INPUT	SIGNAL	M5	169.488	0.0	169.512	0.084
lv_in[3523]	INPUT	SIGNAL	M5	167.376	0.0	167.4	0.084
lv_in[3524]	INPUT	SIGNAL	M5	167.232	0.0	167.256	0.084
lv_in[3525]	INPUT	SIGNAL	M5	167.616	0.0	167.64	0.084
lv_in[3526]	INPUT	SIGNAL	M5	168.288	0.0	168.312	0.084
lv_in[3527]	INPUT	SIGNAL	M5	169.824	0.0	169.848	0.084
lv_in[3528]	INPUT	SIGNAL	M5	167.184	0.0	167.208	0.084
lv_in[3529]	INPUT	SIGNAL	M5	170.016	0.0	170.04	0.084
lv_in[352]	INPUT	SIGNAL	M4	335.529	159.456	335.613	159.48
lv_in[3530]	INPUT	SIGNAL	M5	167.328	0.0	167.352	0.084
lv_in[3531]	INPUT	SIGNAL	M5	169.92	0.0	169.944	0.084
lv_in[3532]	INPUT	SIGNAL	M5	170.544	0.0	170.568	0.084
lv_in[3533]	INPUT	SIGNAL	M5	164.832	0.0	164.856	0.084
lv_in[3534]	INPUT	SIGNAL	M5	167.856	0.0	167.88	0.084
lv_in[3535]	INPUT	SIGNAL	M5	164.976	0.0	165.0	0.084
lv_in[3536]	INPUT	SIGNAL	M5	165.456	0.0	165.48	0.084
lv_in[3537]	INPUT	SIGNAL	M5	170.832	0.0	170.856	0.084
lv_in[3538]	INPUT	SIGNAL	M5	169.008	0.0	169.032	0.084
lv_in[3539]	INPUT	SIGNAL	M5	166.656	0.0	166.68	0.084
lv_in[353]	INPUT	SIGNAL	M4	335.529	166.032	335.613	166.056
lv_in[3540]	INPUT	SIGNAL	M5	169.536	0.0	169.56	0.084
lv_in[3541]	INPUT	SIGNAL	M5	172.656	0.0	172.68	0.084
lv_in[3542]	INPUT	SIGNAL	M5	172.56	0.0	172.584	0.084
lv_in[3543]	INPUT	SIGNAL	M5	172.608	0.0	172.632	0.084
lv_in[3544]	INPUT	SIGNAL	M5	171.984	0.0	172.008	0.084
lv_in[3545]	INPUT	SIGNAL	M5	172.368	0.0	172.392	0.084
lv_in[3546]	INPUT	SIGNAL	M5	171.264	0.0	171.288	0.084
lv_in[3547]	INPUT	SIGNAL	M5	171.648	0.0	171.672	0.084
lv_in[3548]	INPUT	SIGNAL	M5	171.84	0.0	171.864	0.084
lv_in[3549]	INPUT	SIGNAL	M5	173.232	0.0	173.256	0.084
lv_in[354]	INPUT	SIGNAL	M4	335.529	165.024	335.613	165.048
lv_in[3550]	INPUT	SIGNAL	M5	172.08	0.0	172.104	0.084
lv_in[3551]	INPUT	SIGNAL	M5	172.32	0.0	172.344	0.084
lv_in[3552]	INPUT	SIGNAL	M5	216.768	335.529	216.792	335.613
lv_in[3553]	INPUT	SIGNAL	M5	224.4	335.529	224.424	335.613
lv_in[3554]	INPUT	SIGNAL	M5	224.592	335.529	224.616	335.613
lv_in[3555]	INPUT	SIGNAL	M5	224.304	335.529	224.328	335.613
lv_in[3556]	INPUT	SIGNAL	M5	224.496	335.529	224.52	335.613
lv_in[3557]	INPUT	SIGNAL	M5	221.808	335.529	221.832	335.613
lv_in[3558]	INPUT	SIGNAL	M5	221.616	335.529	221.64	335.613
lv_in[3559]	INPUT	SIGNAL	M5	222.528	335.529	222.552	335.613
lv_in[355]	INPUT	SIGNAL	M4	335.529	166.416	335.613	166.44
lv_in[3560]	INPUT	SIGNAL	M5	217.44	335.529	217.464	335.613
lv_in[3561]	INPUT	SIGNAL	M5	218.592	335.529	218.616	335.613
lv_in[3562]	INPUT	SIGNAL	M5	221.904	335.529	221.928	335.613
lv_in[3563]	INPUT	SIGNAL	M5	207.408	335.529	207.432	335.613
lv_in[3564]	INPUT	SIGNAL	M5	208.848	335.529	208.872	335.613
lv_in[3565]	INPUT	SIGNAL	M5	209.472	335.529	209.496	335.613
lv_in[3566]	INPUT	SIGNAL	M5	207.696	335.529	207.72	335.613
lv_in[3567]	INPUT	SIGNAL	M5	206.88	335.529	206.904	335.613
lv_in[3568]	INPUT	SIGNAL	M5	205.248	335.529	205.272	335.613
lv_in[3569]	INPUT	SIGNAL	M5	201.312	335.529	201.336	335.613
lv_in[356]	INPUT	SIGNAL	M4	335.529	162.96	335.613	162.984
lv_in[3570]	INPUT	SIGNAL	M5	201.552	335.529	201.576	335.613
lv_in[3571]	INPUT	SIGNAL	M5	201.696	335.529	201.72	335.613
lv_in[3572]	INPUT	SIGNAL	M5	201.648	335.529	201.672	335.613
lv_in[3573]	INPUT	SIGNAL	M5	198.672	335.529	198.696	335.613
lv_in[3574]	INPUT	SIGNAL	M5	198.336	335.529	198.36	335.613
lv_in[3575]	INPUT	SIGNAL	M5	197.28	335.529	197.304	335.613
lv_in[3576]	INPUT	SIGNAL	M5	197.952	335.529	197.976	335.613
lv_in[3577]	INPUT	SIGNAL	M5	196.656	335.529	196.68	335.613
lv_in[3578]	INPUT	SIGNAL	M5	198.288	335.529	198.312	335.613
lv_in[3579]	INPUT	SIGNAL	M5	196.8	335.529	196.824	335.613
lv_in[357]	INPUT	SIGNAL	M4	335.529	163.536	335.613	163.56
lv_in[3580]	INPUT	SIGNAL	M5	194.592	335.529	194.616	335.613
lv_in[3581]	INPUT	SIGNAL	M5	195.456	335.529	195.48	335.613
lv_in[3582]	INPUT	SIGNAL	M5	195.696	335.529	195.72	335.613
lv_in[3583]	INPUT	SIGNAL	M5	199.824	335.529	199.848	335.613
lv_in[3584]	INPUT	SIGNAL	M5	223.392	335.529	223.416	335.613
lv_in[3585]	INPUT	SIGNAL	M5	222.144	335.529	222.168	335.613
lv_in[3586]	INPUT	SIGNAL	M5	227.616	335.529	227.64	335.613
lv_in[3587]	INPUT	SIGNAL	M5	222.0	335.529	222.024	335.613
lv_in[3588]	INPUT	SIGNAL	M5	222.48	335.529	222.504	335.613
lv_in[3589]	INPUT	SIGNAL	M5	228.96	335.529	228.984	335.613
lv_in[358]	INPUT	SIGNAL	M4	335.529	160.896	335.613	160.92
lv_in[3590]	INPUT	SIGNAL	M5	226.128	335.529	226.152	335.613
lv_in[3591]	INPUT	SIGNAL	M5	228.72	335.529	228.744	335.613
lv_in[3592]	INPUT	SIGNAL	M5	228.576	335.529	228.6	335.613
lv_in[3593]	INPUT	SIGNAL	M5	227.376	335.529	227.4	335.613
lv_in[3594]	INPUT	SIGNAL	M5	226.032	335.529	226.056	335.613
lv_in[3595]	INPUT	SIGNAL	M5	223.344	335.529	223.368	335.613
lv_in[3596]	INPUT	SIGNAL	M5	223.92	335.529	223.944	335.613
lv_in[3597]	INPUT	SIGNAL	M5	223.152	335.529	223.176	335.613
lv_in[3598]	INPUT	SIGNAL	M5	224.112	335.529	224.136	335.613
lv_in[3599]	INPUT	SIGNAL	M5	224.688	335.529	224.712	335.613
lv_in[359]	INPUT	SIGNAL	M4	335.529	160.944	335.613	160.968
lv_in[35]	INPUT	SIGNAL	M4	335.529	174.768	335.613	174.792
lv_in[3600]	INPUT	SIGNAL	M5	223.824	335.529	223.848	335.613
lv_in[3601]	INPUT	SIGNAL	M5	218.64	335.529	218.664	335.613
lv_in[3602]	INPUT	SIGNAL	M5	219.456	335.529	219.48	335.613
lv_in[3603]	INPUT	SIGNAL	M5	218.208	335.529	218.232	335.613
lv_in[3604]	INPUT	SIGNAL	M5	218.112	335.529	218.136	335.613
lv_in[3605]	INPUT	SIGNAL	M5	215.856	335.529	215.88	335.613
lv_in[3606]	INPUT	SIGNAL	M5	217.056	335.529	217.08	335.613
lv_in[3607]	INPUT	SIGNAL	M5	214.128	335.529	214.152	335.613
lv_in[3608]	INPUT	SIGNAL	M5	216.432	335.529	216.456	335.613
lv_in[3609]	INPUT	SIGNAL	M5	217.2	335.529	217.224	335.613
lv_in[360]	INPUT	SIGNAL	M4	335.529	166.464	335.613	166.488
lv_in[3610]	INPUT	SIGNAL	M5	213.12	335.529	213.144	335.613
lv_in[3611]	INPUT	SIGNAL	M5	213.888	335.529	213.912	335.613
lv_in[3612]	INPUT	SIGNAL	M5	214.08	335.529	214.104	335.613
lv_in[3613]	INPUT	SIGNAL	M5	215.472	335.529	215.496	335.613
lv_in[3614]	INPUT	SIGNAL	M5	212.592	335.529	212.616	335.613
lv_in[3615]	INPUT	SIGNAL	M5	223.44	335.529	223.464	335.613
lv_in[3616]	INPUT	SIGNAL	M5	72.96	335.529	72.984	335.613
lv_in[3617]	INPUT	SIGNAL	M5	68.736	335.529	68.76	335.613
lv_in[3618]	INPUT	SIGNAL	M5	65.616	335.529	65.64	335.613
lv_in[3619]	INPUT	SIGNAL	M5	64.56	335.529	64.584	335.613
lv_in[361]	INPUT	SIGNAL	M4	335.529	161.808	335.613	161.832
lv_in[3620]	INPUT	SIGNAL	M5	58.8	335.529	58.824	335.613
lv_in[3621]	INPUT	SIGNAL	M5	58.08	335.529	58.104	335.613
lv_in[3622]	INPUT	SIGNAL	M5	67.344	335.529	67.368	335.613
lv_in[3623]	INPUT	SIGNAL	M5	64.752	335.529	64.776	335.613
lv_in[3624]	INPUT	SIGNAL	M5	70.128	335.529	70.152	335.613
lv_in[3625]	INPUT	SIGNAL	M5	71.712	335.529	71.736	335.613
lv_in[3626]	INPUT	SIGNAL	M5	70.512	335.529	70.536	335.613
lv_in[3627]	INPUT	SIGNAL	M5	73.68	335.529	73.704	335.613
lv_in[3628]	INPUT	SIGNAL	M5	74.928	335.529	74.952	335.613
lv_in[3629]	INPUT	SIGNAL	M5	75.984	335.529	76.008	335.613
lv_in[362]	INPUT	SIGNAL	M4	335.529	164.064	335.613	164.088
lv_in[3630]	INPUT	SIGNAL	M5	77.04	335.529	77.064	335.613
lv_in[3631]	INPUT	SIGNAL	M5	76.704	335.529	76.728	335.613
lv_in[3632]	INPUT	SIGNAL	M5	77.136	335.529	77.16	335.613
lv_in[3633]	INPUT	SIGNAL	M5	78.864	335.529	78.888	335.613
lv_in[3634]	INPUT	SIGNAL	M5	79.968	335.529	79.992	335.613
lv_in[3635]	INPUT	SIGNAL	M5	79.584	335.529	79.608	335.613
lv_in[3636]	INPUT	SIGNAL	M5	80.592	335.529	80.616	335.613
lv_in[3637]	INPUT	SIGNAL	M5	82.32	335.529	82.344	335.613
lv_in[3638]	INPUT	SIGNAL	M5	79.68	335.529	79.704	335.613
lv_in[3639]	INPUT	SIGNAL	M5	82.176	335.529	82.2	335.613
lv_in[363]	INPUT	SIGNAL	M5	181.008	0.0	181.032	0.084
lv_in[3640]	INPUT	SIGNAL	M5	83.616	335.529	83.64	335.613
lv_in[3641]	INPUT	SIGNAL	M5	85.44	335.529	85.464	335.613
lv_in[3642]	INPUT	SIGNAL	M5	85.152	335.529	85.176	335.613
lv_in[3643]	INPUT	SIGNAL	M5	86.352	335.529	86.376	335.613
lv_in[3644]	INPUT	SIGNAL	M5	88.224	335.529	88.248	335.613
lv_in[3645]	INPUT	SIGNAL	M5	88.08	335.529	88.104	335.613
lv_in[3646]	INPUT	SIGNAL	M5	88.32	335.529	88.344	335.613
lv_in[3647]	INPUT	SIGNAL	M5	74.544	335.529	74.568	335.613
lv_in[3648]	INPUT	SIGNAL	M5	83.424	335.529	83.448	335.613
lv_in[3649]	INPUT	SIGNAL	M5	69.456	335.529	69.48	335.613
lv_in[364]	INPUT	SIGNAL	M5	179.424	0.0	179.448	0.084
lv_in[3650]	INPUT	SIGNAL	M5	67.536	335.529	67.56	335.613
lv_in[3651]	INPUT	SIGNAL	M5	69.216	335.529	69.24	335.613
lv_in[3652]	INPUT	SIGNAL	M5	67.44	335.529	67.464	335.613
lv_in[3653]	INPUT	SIGNAL	M5	68.4	335.529	68.424	335.613
lv_in[3654]	INPUT	SIGNAL	M5	68.16	335.529	68.184	335.613
lv_in[3655]	INPUT	SIGNAL	M5	72.0	335.529	72.024	335.613
lv_in[3656]	INPUT	SIGNAL	M5	74.736	335.529	74.76	335.613
lv_in[3657]	INPUT	SIGNAL	M5	73.44	335.529	73.464	335.613
lv_in[3658]	INPUT	SIGNAL	M5	72.624	335.529	72.648	335.613
lv_in[3659]	INPUT	SIGNAL	M5	76.752	335.529	76.776	335.613
lv_in[365]	INPUT	SIGNAL	M5	183.072	0.0	183.096	0.084
lv_in[3660]	INPUT	SIGNAL	M5	76.56	335.529	76.584	335.613
lv_in[3661]	INPUT	SIGNAL	M5	76.992	335.529	77.016	335.613
lv_in[3662]	INPUT	SIGNAL	M5	80.016	335.529	80.04	335.613
lv_in[3663]	INPUT	SIGNAL	M5	79.008	335.529	79.032	335.613
lv_in[3664]	INPUT	SIGNAL	M5	77.52	335.529	77.544	335.613
lv_in[3665]	INPUT	SIGNAL	M5	80.544	335.529	80.568	335.613
lv_in[3666]	INPUT	SIGNAL	M5	78.288	335.529	78.312	335.613
lv_in[3667]	INPUT	SIGNAL	M5	80.4	335.529	80.424	335.613
lv_in[3668]	INPUT	SIGNAL	M5	77.616	335.529	77.64	335.613
lv_in[3669]	INPUT	SIGNAL	M5	82.464	335.529	82.488	335.613
lv_in[366]	INPUT	SIGNAL	M5	180.384	0.0	180.408	0.084
lv_in[3670]	INPUT	SIGNAL	M5	85.584	335.529	85.608	335.613
lv_in[3671]	INPUT	SIGNAL	M5	86.064	335.529	86.088	335.613
lv_in[3672]	INPUT	SIGNAL	M5	87.456	335.529	87.48	335.613
lv_in[3673]	INPUT	SIGNAL	M5	85.536	335.529	85.56	335.613
lv_in[3674]	INPUT	SIGNAL	M5	88.272	335.529	88.296	335.613
lv_in[3675]	INPUT	SIGNAL	M5	89.424	335.529	89.448	335.613
lv_in[3676]	INPUT	SIGNAL	M5	91.584	335.529	91.608	335.613
lv_in[3677]	INPUT	SIGNAL	M5	91.92	335.529	91.944	335.613
lv_in[3678]	INPUT	SIGNAL	M5	90.672	335.529	90.696	335.613
lv_in[3679]	INPUT	SIGNAL	M5	78.768	335.529	78.792	335.613
lv_in[367]	INPUT	SIGNAL	M4	335.529	149.04	335.613	149.064
lv_in[3680]	INPUT	SIGNAL	M4	0.0	197.376	0.084	197.4
lv_in[3681]	INPUT	SIGNAL	M4	0.0	189.216	0.084	189.24
lv_in[3682]	INPUT	SIGNAL	M4	0.0	192.816	0.084	192.84
lv_in[3683]	INPUT	SIGNAL	M4	0.0	191.616	0.084	191.64
lv_in[3684]	INPUT	SIGNAL	M4	0.0	189.744	0.084	189.768
lv_in[3685]	INPUT	SIGNAL	M4	0.0	189.792	0.084	189.816
lv_in[3686]	INPUT	SIGNAL	M4	0.0	189.6	0.084	189.624
lv_in[3687]	INPUT	SIGNAL	M4	0.0	192.432	0.084	192.456
lv_in[3688]	INPUT	SIGNAL	M4	0.0	191.376	0.084	191.4
lv_in[3689]	INPUT	SIGNAL	M4	0.0	189.984	0.084	190.008
lv_in[368]	INPUT	SIGNAL	M5	180.576	0.0	180.6	0.084
lv_in[3690]	INPUT	SIGNAL	M4	0.0	193.728	0.084	193.752
lv_in[3691]	INPUT	SIGNAL	M4	0.0	193.44	0.084	193.464
lv_in[3692]	INPUT	SIGNAL	M4	0.0	196.704	0.084	196.728
lv_in[3693]	INPUT	SIGNAL	M4	0.0	198.048	0.084	198.072
lv_in[3694]	INPUT	SIGNAL	M4	0.0	193.68	0.084	193.704
lv_in[3695]	INPUT	SIGNAL	M4	0.0	196.848	0.084	196.872
lv_in[3696]	INPUT	SIGNAL	M4	0.0	193.632	0.084	193.656
lv_in[3697]	INPUT	SIGNAL	M4	0.0	193.824	0.084	193.848
lv_in[3698]	INPUT	SIGNAL	M4	0.0	194.88	0.084	194.904
lv_in[3699]	INPUT	SIGNAL	M4	0.0	195.696	0.084	195.72
lv_in[369]	INPUT	SIGNAL	M4	335.529	157.392	335.613	157.416
lv_in[36]	INPUT	SIGNAL	M4	335.529	174.048	335.613	174.072
lv_in[3700]	INPUT	SIGNAL	M4	0.0	196.272	0.084	196.296
lv_in[3701]	INPUT	SIGNAL	M4	0.0	199.68	0.084	199.704
lv_in[3702]	INPUT	SIGNAL	M4	0.0	199.488	0.084	199.512
lv_in[3703]	INPUT	SIGNAL	M4	0.0	195.072	0.084	195.096
lv_in[3704]	INPUT	SIGNAL	M4	0.0	196.032	0.084	196.056
lv_in[3705]	INPUT	SIGNAL	M4	0.0	199.248	0.084	199.272
lv_in[3706]	INPUT	SIGNAL	M4	0.0	198.096	0.084	198.12
lv_in[3707]	INPUT	SIGNAL	M4	0.0	198.192	0.084	198.216
lv_in[3708]	INPUT	SIGNAL	M4	0.0	197.52	0.084	197.544
lv_in[3709]	INPUT	SIGNAL	M4	0.0	199.536	0.084	199.56
lv_in[370]	INPUT	SIGNAL	M4	335.529	154.368	335.613	154.392
lv_in[3710]	INPUT	SIGNAL	M4	0.0	195.84	0.084	195.864
lv_in[3711]	INPUT	SIGNAL	M4	0.0	193.776	0.084	193.8
lv_in[3712]	INPUT	SIGNAL	M4	0.0	177.6	0.084	177.624
lv_in[3713]	INPUT	SIGNAL	M4	0.0	181.632	0.084	181.656
lv_in[3714]	INPUT	SIGNAL	M4	0.0	178.992	0.084	179.016
lv_in[3715]	INPUT	SIGNAL	M4	0.0	180.0	0.084	180.024
lv_in[3716]	INPUT	SIGNAL	M4	0.0	178.608	0.084	178.632
lv_in[3717]	INPUT	SIGNAL	M4	0.0	181.68	0.084	181.704
lv_in[3718]	INPUT	SIGNAL	M4	0.0	181.056	0.084	181.08
lv_in[3719]	INPUT	SIGNAL	M4	0.0	180.864	0.084	180.888
lv_in[371]	INPUT	SIGNAL	M5	182.208	0.0	182.232	0.084
lv_in[3720]	INPUT	SIGNAL	M4	0.0	177.84	0.084	177.864
lv_in[3721]	INPUT	SIGNAL	M4	0.0	182.112	0.084	182.136
lv_in[3722]	INPUT	SIGNAL	M4	0.0	179.136	0.084	179.16
lv_in[3723]	INPUT	SIGNAL	M4	0.0	175.872	0.084	175.896
lv_in[3724]	INPUT	SIGNAL	M4	0.0	175.728	0.084	175.752
lv_in[3725]	INPUT	SIGNAL	M4	0.0	176.4	0.084	176.424
lv_in[3726]	INPUT	SIGNAL	M4	0.0	176.496	0.084	176.52
lv_in[3727]	INPUT	SIGNAL	M4	0.0	176.256	0.084	176.28
lv_in[3728]	INPUT	SIGNAL	M4	0.0	177.12	0.084	177.144
lv_in[3729]	INPUT	SIGNAL	M4	0.0	175.104	0.084	175.128
lv_in[372]	INPUT	SIGNAL	M5	181.92	0.0	181.944	0.084
lv_in[3730]	INPUT	SIGNAL	M4	0.0	173.76	0.084	173.784
lv_in[3731]	INPUT	SIGNAL	M4	0.0	174.48	0.084	174.504
lv_in[3732]	INPUT	SIGNAL	M4	0.0	176.544	0.084	176.568
lv_in[3733]	INPUT	SIGNAL	M4	0.0	177.024	0.084	177.048
lv_in[3734]	INPUT	SIGNAL	M4	0.0	178.08	0.084	178.104
lv_in[3735]	INPUT	SIGNAL	M4	0.0	178.848	0.084	178.872
lv_in[3736]	INPUT	SIGNAL	M4	0.0	174.912	0.084	174.936
lv_in[3737]	INPUT	SIGNAL	M4	0.0	178.752	0.084	178.776
lv_in[3738]	INPUT	SIGNAL	M4	0.0	178.32	0.084	178.344
lv_in[3739]	INPUT	SIGNAL	M4	0.0	179.376	0.084	179.4
lv_in[373]	INPUT	SIGNAL	M4	335.529	149.136	335.613	149.16
lv_in[3740]	INPUT	SIGNAL	M4	0.0	174.288	0.084	174.312
lv_in[3741]	INPUT	SIGNAL	M4	0.0	178.56	0.084	178.584
lv_in[3742]	INPUT	SIGNAL	M4	0.0	174.384	0.084	174.408
lv_in[3743]	INPUT	SIGNAL	M4	0.0	173.664	0.084	173.688
lv_in[3744]	INPUT	SIGNAL	M4	0.0	227.52	0.084	227.544
lv_in[3745]	INPUT	SIGNAL	M4	0.0	227.856	0.084	227.88
lv_in[3746]	INPUT	SIGNAL	M4	0.0	226.08	0.084	226.104
lv_in[3747]	INPUT	SIGNAL	M4	0.0	226.8	0.084	226.824
lv_in[3748]	INPUT	SIGNAL	M4	0.0	223.344	0.084	223.368
lv_in[3749]	INPUT	SIGNAL	M4	0.0	225.264	0.084	225.288
lv_in[374]	INPUT	SIGNAL	M4	335.529	149.232	335.613	149.256
lv_in[3750]	INPUT	SIGNAL	M4	0.0	225.12	0.084	225.144
lv_in[3751]	INPUT	SIGNAL	M4	0.0	226.656	0.084	226.68
lv_in[3752]	INPUT	SIGNAL	M4	0.0	226.944	0.084	226.968
lv_in[3753]	INPUT	SIGNAL	M4	0.0	225.36	0.084	225.384
lv_in[3754]	INPUT	SIGNAL	M4	0.0	226.416	0.084	226.44
lv_in[3755]	INPUT	SIGNAL	M4	0.0	224.784	0.084	224.808
lv_in[3756]	INPUT	SIGNAL	M4	0.0	225.84	0.084	225.864
lv_in[3757]	INPUT	SIGNAL	M4	0.0	222.576	0.084	222.6
lv_in[3758]	INPUT	SIGNAL	M4	0.0	219.888	0.084	219.912
lv_in[3759]	INPUT	SIGNAL	M4	0.0	222.0	0.084	222.024
lv_in[375]	INPUT	SIGNAL	M4	335.529	153.024	335.613	153.048
lv_in[3760]	INPUT	SIGNAL	M4	0.0	222.528	0.084	222.552
lv_in[3761]	INPUT	SIGNAL	M4	0.0	221.616	0.084	221.64
lv_in[3762]	INPUT	SIGNAL	M4	0.0	221.376	0.084	221.4
lv_in[3763]	INPUT	SIGNAL	M4	0.0	225.648	0.084	225.672
lv_in[3764]	INPUT	SIGNAL	M4	0.0	220.512	0.084	220.536
lv_in[3765]	INPUT	SIGNAL	M4	0.0	228.336	0.084	228.36
lv_in[3766]	INPUT	SIGNAL	M4	0.0	228.096	0.084	228.12
lv_in[3767]	INPUT	SIGNAL	M4	0.0	231.984	0.084	232.008
lv_in[3768]	INPUT	SIGNAL	M4	0.0	228.48	0.084	228.504
lv_in[3769]	INPUT	SIGNAL	M4	0.0	232.608	0.084	232.632
lv_in[376]	INPUT	SIGNAL	M4	335.529	151.968	335.613	151.992
lv_in[3770]	INPUT	SIGNAL	M4	0.0	229.104	0.084	229.128
lv_in[3771]	INPUT	SIGNAL	M4	0.0	231.312	0.084	231.336
lv_in[3772]	INPUT	SIGNAL	M4	0.0	231.36	0.084	231.384
lv_in[3773]	INPUT	SIGNAL	M4	0.0	229.2	0.084	229.224
lv_in[3774]	INPUT	SIGNAL	M4	0.0	232.464	0.084	232.488
lv_in[3775]	INPUT	SIGNAL	M4	0.0	225.552	0.084	225.576
lv_in[3776]	INPUT	SIGNAL	M4	0.0	222.336	0.084	222.36
lv_in[3777]	INPUT	SIGNAL	M4	0.0	222.288	0.084	222.312
lv_in[3778]	INPUT	SIGNAL	M4	0.0	222.672	0.084	222.696
lv_in[3779]	INPUT	SIGNAL	M4	0.0	223.632	0.084	223.656
lv_in[377]	INPUT	SIGNAL	M4	335.529	156.864	335.613	156.888
lv_in[3780]	INPUT	SIGNAL	M4	0.0	217.296	0.084	217.32
lv_in[3781]	INPUT	SIGNAL	M4	0.0	220.944	0.084	220.968
lv_in[3782]	INPUT	SIGNAL	M4	0.0	219.552	0.084	219.576
lv_in[3783]	INPUT	SIGNAL	M4	0.0	223.824	0.084	223.848
lv_in[3784]	INPUT	SIGNAL	M4	0.0	224.016	0.084	224.04
lv_in[3785]	INPUT	SIGNAL	M4	0.0	225.312	0.084	225.336
lv_in[3786]	INPUT	SIGNAL	M4	0.0	217.344	0.084	217.368
lv_in[3787]	INPUT	SIGNAL	M4	0.0	221.712	0.084	221.736
lv_in[3788]	INPUT	SIGNAL	M4	0.0	217.536	0.084	217.56
lv_in[3789]	INPUT	SIGNAL	M4	0.0	217.152	0.084	217.176
lv_in[378]	INPUT	SIGNAL	M4	335.529	155.472	335.613	155.496
lv_in[3790]	INPUT	SIGNAL	M4	0.0	220.752	0.084	220.776
lv_in[3791]	INPUT	SIGNAL	M4	0.0	219.36	0.084	219.384
lv_in[3792]	INPUT	SIGNAL	M4	0.0	217.44	0.084	217.464
lv_in[3793]	INPUT	SIGNAL	M4	0.0	215.664	0.084	215.688
lv_in[3794]	INPUT	SIGNAL	M4	0.0	215.184	0.084	215.208
lv_in[3795]	INPUT	SIGNAL	M4	0.0	218.16	0.084	218.184
lv_in[3796]	INPUT	SIGNAL	M4	0.0	219.408	0.084	219.432
lv_in[3797]	INPUT	SIGNAL	M4	0.0	219.024	0.084	219.048
lv_in[3798]	INPUT	SIGNAL	M4	0.0	220.224	0.084	220.248
lv_in[3799]	INPUT	SIGNAL	M4	0.0	220.08	0.084	220.104
lv_in[379]	INPUT	SIGNAL	M4	335.529	155.904	335.613	155.928
lv_in[37]	INPUT	SIGNAL	M4	335.529	172.608	335.613	172.632
lv_in[3800]	INPUT	SIGNAL	M4	0.0	222.24	0.084	222.264
lv_in[3801]	INPUT	SIGNAL	M4	0.0	220.848	0.084	220.872
lv_in[3802]	INPUT	SIGNAL	M4	0.0	221.088	0.084	221.112
lv_in[3803]	INPUT	SIGNAL	M4	0.0	222.72	0.084	222.744
lv_in[3804]	INPUT	SIGNAL	M4	0.0	222.48	0.084	222.504
lv_in[3805]	INPUT	SIGNAL	M4	0.0	217.776	0.084	217.8
lv_in[3806]	INPUT	SIGNAL	M4	0.0	219.84	0.084	219.864
lv_in[3807]	INPUT	SIGNAL	M4	0.0	221.952	0.084	221.976
lv_in[3808]	INPUT	SIGNAL	M5	170.256	0.0	170.28	0.084
lv_in[3809]	INPUT	SIGNAL	M5	170.496	0.0	170.52	0.084
lv_in[380]	INPUT	SIGNAL	M4	335.529	154.32	335.613	154.344
lv_in[3810]	INPUT	SIGNAL	M5	174.96	0.0	174.984	0.084
lv_in[3811]	INPUT	SIGNAL	M5	174.096	0.0	174.12	0.084
lv_in[3812]	INPUT	SIGNAL	M5	171.312	0.0	171.336	0.084
lv_in[3813]	INPUT	SIGNAL	M5	172.272	0.0	172.296	0.084
lv_in[3814]	INPUT	SIGNAL	M5	178.944	0.0	178.968	0.084
lv_in[3815]	INPUT	SIGNAL	M5	180.192	0.0	180.216	0.084
lv_in[3816]	INPUT	SIGNAL	M5	178.896	0.0	178.92	0.084
lv_in[3817]	INPUT	SIGNAL	M5	173.136	0.0	173.16	0.084
lv_in[3818]	INPUT	SIGNAL	M5	180.864	0.0	180.888	0.084
lv_in[3819]	INPUT	SIGNAL	M5	183.024	0.0	183.048	0.084
lv_in[381]	INPUT	SIGNAL	M4	335.529	154.608	335.613	154.632
lv_in[3820]	INPUT	SIGNAL	M5	170.784	0.0	170.808	0.084
lv_in[3821]	INPUT	SIGNAL	M5	171.696	0.0	171.72	0.084
lv_in[3822]	INPUT	SIGNAL	M5	174.48	0.0	174.504	0.084
lv_in[3823]	INPUT	SIGNAL	M5	173.472	0.0	173.496	0.084
lv_in[3824]	INPUT	SIGNAL	M5	172.032	0.0	172.056	0.084
lv_in[3825]	INPUT	SIGNAL	M5	171.168	0.0	171.192	0.084
lv_in[3826]	INPUT	SIGNAL	M5	170.928	0.0	170.952	0.084
lv_in[3827]	INPUT	SIGNAL	M5	171.744	0.0	171.768	0.084
lv_in[3828]	INPUT	SIGNAL	M5	172.224	0.0	172.248	0.084
lv_in[3829]	INPUT	SIGNAL	M5	172.464	0.0	172.488	0.084
lv_in[382]	INPUT	SIGNAL	M4	335.529	151.056	335.613	151.08
lv_in[3830]	INPUT	SIGNAL	M5	172.896	0.0	172.92	0.084
lv_in[3831]	INPUT	SIGNAL	M5	171.456	0.0	171.48	0.084
lv_in[3832]	INPUT	SIGNAL	M5	176.592	0.0	176.616	0.084
lv_in[3833]	INPUT	SIGNAL	M5	173.328	0.0	173.352	0.084
lv_in[3834]	INPUT	SIGNAL	M5	179.472	0.0	179.496	0.084
lv_in[3835]	INPUT	SIGNAL	M5	176.928	0.0	176.952	0.084
lv_in[3836]	INPUT	SIGNAL	M5	175.488	0.0	175.512	0.084
lv_in[3837]	INPUT	SIGNAL	M5	171.36	0.0	171.384	0.084
lv_in[3838]	INPUT	SIGNAL	M5	181.44	0.0	181.464	0.084
lv_in[3839]	INPUT	SIGNAL	M5	177.12	0.0	177.144	0.084
lv_in[383]	INPUT	SIGNAL	M4	335.529	158.256	335.613	158.28
lv_in[3840]	INPUT	SIGNAL	M5	215.28	0.0	215.304	0.084
lv_in[3841]	INPUT	SIGNAL	M5	217.968	0.0	217.992	0.084
lv_in[3842]	INPUT	SIGNAL	M5	219.504	0.0	219.528	0.084
lv_in[3843]	INPUT	SIGNAL	M5	217.776	0.0	217.8	0.084
lv_in[3844]	INPUT	SIGNAL	M5	219.168	0.0	219.192	0.084
lv_in[3845]	INPUT	SIGNAL	M5	217.872	0.0	217.896	0.084
lv_in[3846]	INPUT	SIGNAL	M5	217.104	0.0	217.128	0.084
lv_in[3847]	INPUT	SIGNAL	M5	215.856	0.0	215.88	0.084
lv_in[3848]	INPUT	SIGNAL	M5	212.88	0.0	212.904	0.084
lv_in[3849]	INPUT	SIGNAL	M5	206.64	0.0	206.664	0.084
lv_in[384]	INPUT	SIGNAL	M4	335.529	190.656	335.613	190.68
lv_in[3850]	INPUT	SIGNAL	M5	206.496	0.0	206.52	0.084
lv_in[3851]	INPUT	SIGNAL	M5	210.384	0.0	210.408	0.084
lv_in[3852]	INPUT	SIGNAL	M5	210.576	0.0	210.6	0.084
lv_in[3853]	INPUT	SIGNAL	M5	212.592	0.0	212.616	0.084
lv_in[3854]	INPUT	SIGNAL	M5	213.12	0.0	213.144	0.084
lv_in[3855]	INPUT	SIGNAL	M5	219.696	0.0	219.72	0.084
lv_in[3856]	INPUT	SIGNAL	M5	216.864	0.0	216.888	0.084
lv_in[3857]	INPUT	SIGNAL	M5	225.312	0.0	225.336	0.084
lv_in[3858]	INPUT	SIGNAL	M5	225.216	0.0	225.24	0.084
lv_in[3859]	INPUT	SIGNAL	M5	222.192	0.0	222.216	0.084
lv_in[385]	INPUT	SIGNAL	M4	335.529	185.376	335.613	185.4
lv_in[3860]	INPUT	SIGNAL	M5	221.904	0.0	221.928	0.084
lv_in[3861]	INPUT	SIGNAL	M5	232.032	0.0	232.056	0.084
lv_in[3862]	INPUT	SIGNAL	M5	230.112	0.0	230.136	0.084
lv_in[3863]	INPUT	SIGNAL	M5	231.648	0.0	231.672	0.084
lv_in[3864]	INPUT	SIGNAL	M5	231.312	0.0	231.336	0.084
lv_in[3865]	INPUT	SIGNAL	M5	232.272	0.0	232.296	0.084
lv_in[3866]	INPUT	SIGNAL	M5	232.848	0.0	232.872	0.084
lv_in[3867]	INPUT	SIGNAL	M5	233.616	0.0	233.64	0.084
lv_in[3868]	INPUT	SIGNAL	M5	233.904	0.0	233.928	0.084
lv_in[3869]	INPUT	SIGNAL	M5	230.832	0.0	230.856	0.084
lv_in[386]	INPUT	SIGNAL	M4	335.529	185.28	335.613	185.304
lv_in[3870]	INPUT	SIGNAL	M5	233.52	0.0	233.544	0.084
lv_in[3871]	INPUT	SIGNAL	M5	229.968	0.0	229.992	0.084
lv_in[3872]	INPUT	SIGNAL	M5	217.68	0.0	217.704	0.084
lv_in[3873]	INPUT	SIGNAL	M5	212.4	0.0	212.424	0.084
lv_in[3874]	INPUT	SIGNAL	M5	213.744	0.0	213.768	0.084
lv_in[3875]	INPUT	SIGNAL	M5	215.328	0.0	215.352	0.084
lv_in[3876]	INPUT	SIGNAL	M5	213.648	0.0	213.672	0.084
lv_in[3877]	INPUT	SIGNAL	M5	216.48	0.0	216.504	0.084
lv_in[3878]	INPUT	SIGNAL	M5	216.528	0.0	216.552	0.084
lv_in[3879]	INPUT	SIGNAL	M5	217.488	0.0	217.512	0.084
lv_in[387]	INPUT	SIGNAL	M4	335.529	183.024	335.613	183.048
lv_in[3880]	INPUT	SIGNAL	M5	207.36	0.0	207.384	0.084
lv_in[3881]	INPUT	SIGNAL	M5	207.648	0.0	207.672	0.084
lv_in[3882]	INPUT	SIGNAL	M5	207.456	0.0	207.48	0.084
lv_in[3883]	INPUT	SIGNAL	M5	207.504	0.0	207.528	0.084
lv_in[3884]	INPUT	SIGNAL	M5	207.6	0.0	207.624	0.084
lv_in[3885]	INPUT	SIGNAL	M5	214.56	0.0	214.584	0.084
lv_in[3886]	INPUT	SIGNAL	M5	214.752	0.0	214.776	0.084
lv_in[3887]	INPUT	SIGNAL	M5	219.12	0.0	219.144	0.084
lv_in[3888]	INPUT	SIGNAL	M5	216.912	0.0	216.936	0.084
lv_in[3889]	INPUT	SIGNAL	M5	219.408	0.0	219.432	0.084
lv_in[388]	INPUT	SIGNAL	M4	335.529	185.856	335.613	185.88
lv_in[3890]	INPUT	SIGNAL	M5	220.08	0.0	220.104	0.084
lv_in[3891]	INPUT	SIGNAL	M5	220.464	0.0	220.488	0.084
lv_in[3892]	INPUT	SIGNAL	M5	220.128	0.0	220.152	0.084
lv_in[3893]	INPUT	SIGNAL	M5	221.328	0.0	221.352	0.084
lv_in[3894]	INPUT	SIGNAL	M5	221.28	0.0	221.304	0.084
lv_in[3895]	INPUT	SIGNAL	M5	220.656	0.0	220.68	0.084
lv_in[3896]	INPUT	SIGNAL	M5	223.008	0.0	223.032	0.084
lv_in[3897]	INPUT	SIGNAL	M5	223.44	0.0	223.464	0.084
lv_in[3898]	INPUT	SIGNAL	M5	223.536	0.0	223.56	0.084
lv_in[3899]	INPUT	SIGNAL	M5	224.64	0.0	224.664	0.084
lv_in[389]	INPUT	SIGNAL	M4	335.529	183.408	335.613	183.432
lv_in[38]	INPUT	SIGNAL	M4	335.529	175.392	335.613	175.416
lv_in[3900]	INPUT	SIGNAL	M5	221.04	0.0	221.064	0.084
lv_in[3901]	INPUT	SIGNAL	M5	223.152	0.0	223.176	0.084
lv_in[3902]	INPUT	SIGNAL	M5	225.072	0.0	225.096	0.084
lv_in[3903]	INPUT	SIGNAL	M5	220.224	0.0	220.248	0.084
lv_in[3904]	INPUT	SIGNAL	M5	137.28	0.0	137.304	0.084
lv_in[3905]	INPUT	SIGNAL	M5	132.384	0.0	132.408	0.084
lv_in[3906]	INPUT	SIGNAL	M5	132.096	0.0	132.12	0.084
lv_in[3907]	INPUT	SIGNAL	M5	133.296	0.0	133.32	0.084
lv_in[3908]	INPUT	SIGNAL	M5	131.952	0.0	131.976	0.084
lv_in[3909]	INPUT	SIGNAL	M5	134.688	0.0	134.712	0.084
lv_in[390]	INPUT	SIGNAL	M4	335.529	183.792	335.613	183.816
lv_in[3910]	INPUT	SIGNAL	M5	139.392	0.0	139.416	0.084
lv_in[3911]	INPUT	SIGNAL	M5	136.608	0.0	136.632	0.084
lv_in[3912]	INPUT	SIGNAL	M5	139.824	0.0	139.848	0.084
lv_in[3913]	INPUT	SIGNAL	M5	138.48	0.0	138.504	0.084
lv_in[3914]	INPUT	SIGNAL	M5	139.68	0.0	139.704	0.084
lv_in[3915]	INPUT	SIGNAL	M5	142.272	0.0	142.296	0.084
lv_in[3916]	INPUT	SIGNAL	M5	142.032	0.0	142.056	0.084
lv_in[3917]	INPUT	SIGNAL	M5	144.384	0.0	144.408	0.084
lv_in[3918]	INPUT	SIGNAL	M5	143.376	0.0	143.4	0.084
lv_in[3919]	INPUT	SIGNAL	M5	142.944	0.0	142.968	0.084
lv_in[391]	INPUT	SIGNAL	M4	335.529	183.36	335.613	183.384
lv_in[3920]	INPUT	SIGNAL	M5	145.536	0.0	145.56	0.084
lv_in[3921]	INPUT	SIGNAL	M5	145.824	0.0	145.848	0.084
lv_in[3922]	INPUT	SIGNAL	M5	145.152	0.0	145.176	0.084
lv_in[3923]	INPUT	SIGNAL	M5	143.856	0.0	143.88	0.084
lv_in[3924]	INPUT	SIGNAL	M5	145.584	0.0	145.608	0.084
lv_in[3925]	INPUT	SIGNAL	M5	148.08	0.0	148.104	0.084
lv_in[3926]	INPUT	SIGNAL	M5	148.128	0.0	148.152	0.084
lv_in[3927]	INPUT	SIGNAL	M5	152.016	0.0	152.04	0.084
lv_in[3928]	INPUT	SIGNAL	M5	150.384	0.0	150.408	0.084
lv_in[3929]	INPUT	SIGNAL	M5	149.616	0.0	149.64	0.084
lv_in[392]	INPUT	SIGNAL	M4	335.529	187.2	335.613	187.224
lv_in[3930]	INPUT	SIGNAL	M5	152.928	0.0	152.952	0.084
lv_in[3931]	INPUT	SIGNAL	M5	150.48	0.0	150.504	0.084
lv_in[3932]	INPUT	SIGNAL	M5	153.744	0.0	153.768	0.084
lv_in[3933]	INPUT	SIGNAL	M5	152.976	0.0	153.0	0.084
lv_in[3934]	INPUT	SIGNAL	M5	153.936	0.0	153.96	0.084
lv_in[3935]	INPUT	SIGNAL	M5	152.544	0.0	152.568	0.084
lv_in[3936]	INPUT	SIGNAL	M5	133.536	0.0	133.56	0.084
lv_in[3937]	INPUT	SIGNAL	M5	130.896	0.0	130.92	0.084
lv_in[3938]	INPUT	SIGNAL	M5	130.368	0.0	130.392	0.084
lv_in[3939]	INPUT	SIGNAL	M5	129.936	0.0	129.96	0.084
lv_in[393]	INPUT	SIGNAL	M4	335.529	186.96	335.613	186.984
lv_in[3940]	INPUT	SIGNAL	M5	130.656	0.0	130.68	0.084
lv_in[3941]	INPUT	SIGNAL	M5	130.944	0.0	130.968	0.084
lv_in[3942]	INPUT	SIGNAL	M5	130.464	0.0	130.488	0.084
lv_in[3943]	INPUT	SIGNAL	M5	130.32	0.0	130.344	0.084
lv_in[3944]	INPUT	SIGNAL	M5	131.04	0.0	131.064	0.084
lv_in[3945]	INPUT	SIGNAL	M5	127.44	0.0	127.464	0.084
lv_in[3946]	INPUT	SIGNAL	M5	131.232	0.0	131.256	0.084
lv_in[3947]	INPUT	SIGNAL	M5	132.672	0.0	132.696	0.084
lv_in[3948]	INPUT	SIGNAL	M5	132.72	0.0	132.744	0.084
lv_in[3949]	INPUT	SIGNAL	M5	132.576	0.0	132.6	0.084
lv_in[394]	INPUT	SIGNAL	M4	335.529	186.768	335.613	186.792
lv_in[3950]	INPUT	SIGNAL	M5	132.816	0.0	132.84	0.084
lv_in[3951]	INPUT	SIGNAL	M5	138.384	0.0	138.408	0.084
lv_in[3952]	INPUT	SIGNAL	M5	134.736	0.0	134.76	0.084
lv_in[3953]	INPUT	SIGNAL	M5	139.008	0.0	139.032	0.084
lv_in[3954]	INPUT	SIGNAL	M5	139.104	0.0	139.128	0.084
lv_in[3955]	INPUT	SIGNAL	M5	139.152	0.0	139.176	0.084
lv_in[3956]	INPUT	SIGNAL	M5	139.776	0.0	139.8	0.084
lv_in[3957]	INPUT	SIGNAL	M5	144.288	0.0	144.312	0.084
lv_in[3958]	INPUT	SIGNAL	M5	144.048	0.0	144.072	0.084
lv_in[3959]	INPUT	SIGNAL	M5	144.528	0.0	144.552	0.084
lv_in[395]	INPUT	SIGNAL	M4	335.529	184.464	335.613	184.488
lv_in[3960]	INPUT	SIGNAL	M5	145.392	0.0	145.416	0.084
lv_in[3961]	INPUT	SIGNAL	M5	144.336	0.0	144.36	0.084
lv_in[3962]	INPUT	SIGNAL	M5	146.736	0.0	146.76	0.084
lv_in[3963]	INPUT	SIGNAL	M5	147.216	0.0	147.24	0.084
lv_in[3964]	INPUT	SIGNAL	M5	147.36	0.0	147.384	0.084
lv_in[3965]	INPUT	SIGNAL	M5	148.896	0.0	148.92	0.084
lv_in[3966]	INPUT	SIGNAL	M5	150.24	0.0	150.264	0.084
lv_in[3967]	INPUT	SIGNAL	M5	151.152	0.0	151.176	0.084
lv_in[3968]	INPUT	SIGNAL	M4	0.0	202.56	0.084	202.584
lv_in[3969]	INPUT	SIGNAL	M4	0.0	219.264	0.084	219.288
lv_in[396]	INPUT	SIGNAL	M4	335.529	181.872	335.613	181.896
lv_in[3970]	INPUT	SIGNAL	M4	0.0	224.592	0.084	224.616
lv_in[3971]	INPUT	SIGNAL	M4	0.0	224.832	0.084	224.856
lv_in[3972]	INPUT	SIGNAL	M4	0.0	224.448	0.084	224.472
lv_in[3973]	INPUT	SIGNAL	M4	0.0	213.12	0.084	213.144
lv_in[3974]	INPUT	SIGNAL	M4	0.0	206.976	0.084	207.0
lv_in[3975]	INPUT	SIGNAL	M4	0.0	206.448	0.084	206.472
lv_in[3976]	INPUT	SIGNAL	M4	0.0	201.504	0.084	201.528
lv_in[3977]	INPUT	SIGNAL	M4	0.0	203.568	0.084	203.592
lv_in[3978]	INPUT	SIGNAL	M4	0.0	205.632	0.084	205.656
lv_in[3979]	INPUT	SIGNAL	M4	0.0	202.944	0.084	202.968
lv_in[397]	INPUT	SIGNAL	M4	335.529	182.112	335.613	182.136
lv_in[3980]	INPUT	SIGNAL	M4	0.0	204.0	0.084	204.024
lv_in[3981]	INPUT	SIGNAL	M4	0.0	200.256	0.084	200.28
lv_in[3982]	INPUT	SIGNAL	M4	0.0	201.168	0.084	201.192
lv_in[3983]	INPUT	SIGNAL	M4	0.0	201.456	0.084	201.48
lv_in[3984]	INPUT	SIGNAL	M4	0.0	199.44	0.084	199.464
lv_in[3985]	INPUT	SIGNAL	M4	0.0	203.52	0.084	203.544
lv_in[3986]	INPUT	SIGNAL	M4	0.0	201.408	0.084	201.432
lv_in[3987]	INPUT	SIGNAL	M4	0.0	202.224	0.084	202.248
lv_in[3988]	INPUT	SIGNAL	M4	0.0	202.512	0.084	202.536
lv_in[3989]	INPUT	SIGNAL	M4	0.0	196.08	0.084	196.104
lv_in[398]	INPUT	SIGNAL	M4	335.529	185.712	335.613	185.736
lv_in[3990]	INPUT	SIGNAL	M4	0.0	199.872	0.084	199.896
lv_in[3991]	INPUT	SIGNAL	M4	0.0	195.936	0.084	195.96
lv_in[3992]	INPUT	SIGNAL	M4	0.0	191.712	0.084	191.736
lv_in[3993]	INPUT	SIGNAL	M4	0.0	190.128	0.084	190.152
lv_in[3994]	INPUT	SIGNAL	M4	0.0	189.888	0.084	189.912
lv_in[3995]	INPUT	SIGNAL	M4	0.0	196.608	0.084	196.632
lv_in[3996]	INPUT	SIGNAL	M4	0.0	189.648	0.084	189.672
lv_in[3997]	INPUT	SIGNAL	M4	0.0	191.472	0.084	191.496
lv_in[3998]	INPUT	SIGNAL	M4	0.0	190.224	0.084	190.248
lv_in[3999]	INPUT	SIGNAL	M4	0.0	200.352	0.084	200.376
lv_in[399]	INPUT	SIGNAL	M4	335.529	182.256	335.613	182.28
lv_in[39]	INPUT	SIGNAL	M4	335.529	173.184	335.613	173.208
lv_in[3]	INPUT	SIGNAL	M4	335.529	180.96	335.613	180.984
lv_in[4000]	INPUT	SIGNAL	M4	0.0	204.144	0.084	204.168
lv_in[4001]	INPUT	SIGNAL	M4	0.0	225.936	0.084	225.96
lv_in[4002]	INPUT	SIGNAL	M4	0.0	225.216	0.084	225.24
lv_in[4003]	INPUT	SIGNAL	M5	110.064	335.529	110.088	335.613
lv_in[4004]	INPUT	SIGNAL	M4	0.0	224.256	0.084	224.28
lv_in[4005]	INPUT	SIGNAL	M4	0.0	212.928	0.084	212.952
lv_in[4006]	INPUT	SIGNAL	M4	0.0	208.944	0.084	208.968
lv_in[4007]	INPUT	SIGNAL	M4	0.0	211.488	0.084	211.512
lv_in[4008]	INPUT	SIGNAL	M4	0.0	205.056	0.084	205.08
lv_in[4009]	INPUT	SIGNAL	M4	0.0	207.264	0.084	207.288
lv_in[400]	INPUT	SIGNAL	M4	335.529	187.104	335.613	187.128
lv_in[4010]	INPUT	SIGNAL	M4	0.0	206.256	0.084	206.28
lv_in[4011]	INPUT	SIGNAL	M4	0.0	201.264	0.084	201.288
lv_in[4012]	INPUT	SIGNAL	M4	0.0	206.352	0.084	206.376
lv_in[4013]	INPUT	SIGNAL	M4	0.0	206.64	0.084	206.664
lv_in[4014]	INPUT	SIGNAL	M4	0.0	209.28	0.084	209.304
lv_in[4015]	INPUT	SIGNAL	M4	0.0	198.576	0.084	198.6
lv_in[4016]	INPUT	SIGNAL	M4	0.0	199.2	0.084	199.224
lv_in[4017]	INPUT	SIGNAL	M4	0.0	200.016	0.084	200.04
lv_in[4018]	INPUT	SIGNAL	M4	0.0	207.792	0.084	207.816
lv_in[4019]	INPUT	SIGNAL	M4	0.0	200.4	0.084	200.424
lv_in[401]	INPUT	SIGNAL	M4	335.529	186.144	335.613	186.168
lv_in[4020]	INPUT	SIGNAL	M4	0.0	200.064	0.084	200.088
lv_in[4021]	INPUT	SIGNAL	M4	0.0	200.112	0.084	200.136
lv_in[4022]	INPUT	SIGNAL	M4	0.0	195.984	0.084	196.008
lv_in[4023]	INPUT	SIGNAL	M4	0.0	198.768	0.084	198.792
lv_in[4024]	INPUT	SIGNAL	M4	0.0	198.336	0.084	198.36
lv_in[4025]	INPUT	SIGNAL	M4	0.0	196.512	0.084	196.536
lv_in[4026]	INPUT	SIGNAL	M4	0.0	199.632	0.084	199.656
lv_in[4027]	INPUT	SIGNAL	M4	0.0	196.752	0.084	196.776
lv_in[4028]	INPUT	SIGNAL	M4	0.0	199.92	0.084	199.944
lv_in[4029]	INPUT	SIGNAL	M4	0.0	197.088	0.084	197.112
lv_in[402]	INPUT	SIGNAL	M4	335.529	187.152	335.613	187.176
lv_in[4030]	INPUT	SIGNAL	M4	0.0	191.808	0.084	191.832
lv_in[4031]	INPUT	SIGNAL	M4	0.0	191.28	0.084	191.304
lv_in[4032]	INPUT	SIGNAL	M5	147.408	335.529	147.432	335.613
lv_in[4033]	INPUT	SIGNAL	M5	142.224	335.529	142.248	335.613
lv_in[4034]	INPUT	SIGNAL	M5	141.84	335.529	141.864	335.613
lv_in[4035]	INPUT	SIGNAL	M5	142.176	335.529	142.2	335.613
lv_in[4036]	INPUT	SIGNAL	M5	141.984	335.529	142.008	335.613
lv_in[4037]	INPUT	SIGNAL	M5	145.392	335.529	145.416	335.613
lv_in[4038]	INPUT	SIGNAL	M5	143.376	335.529	143.4	335.613
lv_in[4039]	INPUT	SIGNAL	M5	142.272	335.529	142.296	335.613
lv_in[403]	INPUT	SIGNAL	M4	335.529	183.552	335.613	183.576
lv_in[4040]	INPUT	SIGNAL	M5	155.424	335.529	155.448	335.613
lv_in[4041]	INPUT	SIGNAL	M5	154.368	335.529	154.392	335.613
lv_in[4042]	INPUT	SIGNAL	M5	159.36	335.529	159.384	335.613
lv_in[4043]	INPUT	SIGNAL	M5	156.48	335.529	156.504	335.613
lv_in[4044]	INPUT	SIGNAL	M5	155.76	335.529	155.784	335.613
lv_in[4045]	INPUT	SIGNAL	M5	156.576	335.529	156.6	335.613
lv_in[4046]	INPUT	SIGNAL	M5	155.088	335.529	155.112	335.613
lv_in[4047]	INPUT	SIGNAL	M5	150.0	335.529	150.024	335.613
lv_in[4048]	INPUT	SIGNAL	M5	154.32	335.529	154.344	335.613
lv_in[4049]	INPUT	SIGNAL	M5	150.288	335.529	150.312	335.613
lv_in[404]	INPUT	SIGNAL	M4	335.529	185.136	335.613	185.16
lv_in[4050]	INPUT	SIGNAL	M5	153.072	335.529	153.096	335.613
lv_in[4051]	INPUT	SIGNAL	M5	144.864	335.529	144.888	335.613
lv_in[4052]	INPUT	SIGNAL	M5	147.216	335.529	147.24	335.613
lv_in[4053]	INPUT	SIGNAL	M5	138.72	335.529	138.744	335.613
lv_in[4054]	INPUT	SIGNAL	M5	138.192	335.529	138.216	335.613
lv_in[4055]	INPUT	SIGNAL	M5	133.488	335.529	133.512	335.613
lv_in[4056]	INPUT	SIGNAL	M5	136.464	335.529	136.488	335.613
lv_in[4057]	INPUT	SIGNAL	M5	138.912	335.529	138.936	335.613
lv_in[4058]	INPUT	SIGNAL	M5	134.976	335.529	135.0	335.613
lv_in[4059]	INPUT	SIGNAL	M5	135.072	335.529	135.096	335.613
lv_in[405]	INPUT	SIGNAL	M4	335.529	189.936	335.613	189.96
lv_in[4060]	INPUT	SIGNAL	M5	134.688	335.529	134.712	335.613
lv_in[4061]	INPUT	SIGNAL	M5	137.904	335.529	137.928	335.613
lv_in[4062]	INPUT	SIGNAL	M5	136.608	335.529	136.632	335.613
lv_in[4063]	INPUT	SIGNAL	M5	137.232	335.529	137.256	335.613
lv_in[4064]	INPUT	SIGNAL	M5	138.96	335.529	138.984	335.613
lv_in[4065]	INPUT	SIGNAL	M5	140.448	335.529	140.472	335.613
lv_in[4066]	INPUT	SIGNAL	M5	140.4	335.529	140.424	335.613
lv_in[4067]	INPUT	SIGNAL	M5	139.776	335.529	139.8	335.613
lv_in[4068]	INPUT	SIGNAL	M5	140.304	335.529	140.328	335.613
lv_in[4069]	INPUT	SIGNAL	M5	139.968	335.529	139.992	335.613
lv_in[406]	INPUT	SIGNAL	M4	335.529	190.8	335.613	190.824
lv_in[4070]	INPUT	SIGNAL	M5	140.592	335.529	140.616	335.613
lv_in[4071]	INPUT	SIGNAL	M5	140.832	335.529	140.856	335.613
lv_in[4072]	INPUT	SIGNAL	M5	148.56	335.529	148.584	335.613
lv_in[4073]	INPUT	SIGNAL	M5	147.072	335.529	147.096	335.613
lv_in[4074]	INPUT	SIGNAL	M5	149.088	335.529	149.112	335.613
lv_in[4075]	INPUT	SIGNAL	M5	148.8	335.529	148.824	335.613
lv_in[4076]	INPUT	SIGNAL	M5	147.648	335.529	147.672	335.613
lv_in[4077]	INPUT	SIGNAL	M5	146.352	335.529	146.376	335.613
lv_in[4078]	INPUT	SIGNAL	M5	143.568	335.529	143.592	335.613
lv_in[4079]	INPUT	SIGNAL	M5	144.096	335.529	144.12	335.613
lv_in[407]	INPUT	SIGNAL	M4	335.529	191.952	335.613	191.976
lv_in[4080]	INPUT	SIGNAL	M5	139.392	335.529	139.416	335.613
lv_in[4081]	INPUT	SIGNAL	M5	140.88	335.529	140.904	335.613
lv_in[4082]	INPUT	SIGNAL	M5	141.744	335.529	141.768	335.613
lv_in[4083]	INPUT	SIGNAL	M5	139.68	335.529	139.704	335.613
lv_in[4084]	INPUT	SIGNAL	M5	139.92	335.529	139.944	335.613
lv_in[4085]	INPUT	SIGNAL	M5	140.112	335.529	140.136	335.613
lv_in[4086]	INPUT	SIGNAL	M5	138.528	335.529	138.552	335.613
lv_in[4087]	INPUT	SIGNAL	M5	138.0	335.529	138.024	335.613
lv_in[4088]	INPUT	SIGNAL	M5	133.584	335.529	133.608	335.613
lv_in[4089]	INPUT	SIGNAL	M5	137.52	335.529	137.544	335.613
lv_in[408]	INPUT	SIGNAL	M4	335.529	188.736	335.613	188.76
lv_in[4090]	INPUT	SIGNAL	M5	133.632	335.529	133.656	335.613
lv_in[4091]	INPUT	SIGNAL	M5	135.744	335.529	135.768	335.613
lv_in[4092]	INPUT	SIGNAL	M5	138.768	335.529	138.792	335.613
lv_in[4093]	INPUT	SIGNAL	M5	138.048	335.529	138.072	335.613
lv_in[4094]	INPUT	SIGNAL	M5	136.512	335.529	136.536	335.613
lv_in[4095]	INPUT	SIGNAL	M5	138.144	335.529	138.168	335.613
lv_in[4096]	INPUT	SIGNAL	M4	335.529	88.224	335.613	88.248
lv_in[4097]	INPUT	SIGNAL	M4	335.529	91.68	335.613	91.704
lv_in[4098]	INPUT	SIGNAL	M4	335.529	90.72	335.613	90.744
lv_in[4099]	INPUT	SIGNAL	M4	335.529	93.792	335.613	93.816
lv_in[409]	INPUT	SIGNAL	M4	335.529	189.552	335.613	189.576
lv_in[40]	INPUT	SIGNAL	M4	335.529	175.2	335.613	175.224
lv_in[4100]	INPUT	SIGNAL	M4	335.529	92.88	335.613	92.904
lv_in[4101]	INPUT	SIGNAL	M4	335.529	93.024	335.613	93.048
lv_in[4102]	INPUT	SIGNAL	M4	335.529	90.288	335.613	90.312
lv_in[4103]	INPUT	SIGNAL	M4	335.529	89.088	335.613	89.112
lv_in[4104]	INPUT	SIGNAL	M4	335.529	88.128	335.613	88.152
lv_in[4105]	INPUT	SIGNAL	M4	335.529	87.792	335.613	87.816
lv_in[4106]	INPUT	SIGNAL	M4	335.529	89.424	335.613	89.448
lv_in[4107]	INPUT	SIGNAL	M4	335.529	85.584	335.613	85.608
lv_in[4108]	INPUT	SIGNAL	M4	335.529	83.184	335.613	83.208
lv_in[4109]	INPUT	SIGNAL	M4	335.529	84.624	335.613	84.648
lv_in[410]	INPUT	SIGNAL	M4	335.529	192.096	335.613	192.12
lv_in[4110]	INPUT	SIGNAL	M4	335.529	83.952	335.613	83.976
lv_in[4111]	INPUT	SIGNAL	M4	335.529	84.96	335.613	84.984
lv_in[4112]	INPUT	SIGNAL	M4	335.529	83.28	335.613	83.304
lv_in[4113]	INPUT	SIGNAL	M4	335.529	84.096	335.613	84.12
lv_in[4114]	INPUT	SIGNAL	M4	335.529	83.136	335.613	83.16
lv_in[4115]	INPUT	SIGNAL	M4	335.529	83.52	335.613	83.544
lv_in[4116]	INPUT	SIGNAL	M4	335.529	82.656	335.613	82.68
lv_in[4117]	INPUT	SIGNAL	M4	335.529	78.24	335.613	78.264
lv_in[4118]	INPUT	SIGNAL	M4	335.529	76.608	335.613	76.632
lv_in[4119]	INPUT	SIGNAL	M4	335.529	77.04	335.613	77.064
lv_in[411]	INPUT	SIGNAL	M4	335.529	191.376	335.613	191.4
lv_in[4120]	INPUT	SIGNAL	M4	335.529	78.144	335.613	78.168
lv_in[4121]	INPUT	SIGNAL	M4	335.529	75.312	335.613	75.336
lv_in[4122]	INPUT	SIGNAL	M4	335.529	74.064	335.613	74.088
lv_in[4123]	INPUT	SIGNAL	M4	335.529	73.392	335.613	73.416
lv_in[4124]	INPUT	SIGNAL	M4	335.529	73.008	335.613	73.032
lv_in[4125]	INPUT	SIGNAL	M4	335.529	73.344	335.613	73.368
lv_in[4126]	INPUT	SIGNAL	M4	335.529	74.544	335.613	74.568
lv_in[4127]	INPUT	SIGNAL	M4	335.529	77.088	335.613	77.112
lv_in[4128]	INPUT	SIGNAL	M4	335.529	87.264	335.613	87.288
lv_in[4129]	INPUT	SIGNAL	M4	335.529	90.816	335.613	90.84
lv_in[412]	INPUT	SIGNAL	M4	335.529	191.232	335.613	191.256
lv_in[4130]	INPUT	SIGNAL	M4	335.529	91.152	335.613	91.176
lv_in[4131]	INPUT	SIGNAL	M4	335.529	92.256	335.613	92.28
lv_in[4132]	INPUT	SIGNAL	M4	335.529	92.544	335.613	92.568
lv_in[4133]	INPUT	SIGNAL	M4	335.529	90.144	335.613	90.168
lv_in[4134]	INPUT	SIGNAL	M4	335.529	89.712	335.613	89.736
lv_in[4135]	INPUT	SIGNAL	M4	335.529	89.04	335.613	89.064
lv_in[4136]	INPUT	SIGNAL	M4	335.529	87.984	335.613	88.008
lv_in[4137]	INPUT	SIGNAL	M4	335.529	91.872	335.613	91.896
lv_in[4138]	INPUT	SIGNAL	M4	335.529	89.184	335.613	89.208
lv_in[4139]	INPUT	SIGNAL	M4	335.529	86.448	335.613	86.472
lv_in[413]	INPUT	SIGNAL	M4	335.529	188.976	335.613	189.0
lv_in[4140]	INPUT	SIGNAL	M4	335.529	86.784	335.613	86.808
lv_in[4141]	INPUT	SIGNAL	M4	335.529	83.568	335.613	83.592
lv_in[4142]	INPUT	SIGNAL	M4	335.529	85.68	335.613	85.704
lv_in[4143]	INPUT	SIGNAL	M4	335.529	84.816	335.613	84.84
lv_in[4144]	INPUT	SIGNAL	M4	335.529	84.768	335.613	84.792
lv_in[4145]	INPUT	SIGNAL	M4	335.529	83.04	335.613	83.064
lv_in[4146]	INPUT	SIGNAL	M4	335.529	83.616	335.613	83.64
lv_in[4147]	INPUT	SIGNAL	M4	335.529	82.08	335.613	82.104
lv_in[4148]	INPUT	SIGNAL	M4	335.529	82.032	335.613	82.056
lv_in[4149]	INPUT	SIGNAL	M4	335.529	81.264	335.613	81.288
lv_in[414]	INPUT	SIGNAL	M4	335.529	192.192	335.613	192.216
lv_in[4150]	INPUT	SIGNAL	M4	335.529	80.784	335.613	80.808
lv_in[4151]	INPUT	SIGNAL	M4	335.529	79.872	335.613	79.896
lv_in[4152]	INPUT	SIGNAL	M4	335.529	78.48	335.613	78.504
lv_in[4153]	INPUT	SIGNAL	M4	335.529	79.344	335.613	79.368
lv_in[4154]	INPUT	SIGNAL	M4	335.529	78.192	335.613	78.216
lv_in[4155]	INPUT	SIGNAL	M4	335.529	76.8	335.613	76.824
lv_in[4156]	INPUT	SIGNAL	M4	335.529	74.784	335.613	74.808
lv_in[4157]	INPUT	SIGNAL	M4	335.529	74.928	335.613	74.952
lv_in[4158]	INPUT	SIGNAL	M4	335.529	77.136	335.613	77.16
lv_in[4159]	INPUT	SIGNAL	M4	335.529	84.72	335.613	84.744
lv_in[415]	INPUT	SIGNAL	M4	335.529	190.128	335.613	190.152
lv_in[4160]	INPUT	SIGNAL	M5	95.808	335.529	95.832	335.613
lv_in[4161]	INPUT	SIGNAL	M5	97.2	335.529	97.224	335.613
lv_in[4162]	INPUT	SIGNAL	M5	97.92	335.529	97.944	335.613
lv_in[4163]	INPUT	SIGNAL	M5	97.44	335.529	97.464	335.613
lv_in[4164]	INPUT	SIGNAL	M5	98.592	335.529	98.616	335.613
lv_in[4165]	INPUT	SIGNAL	M5	96.192	335.529	96.216	335.613
lv_in[4166]	INPUT	SIGNAL	M5	98.64	335.529	98.664	335.613
lv_in[4167]	INPUT	SIGNAL	M5	98.496	335.529	98.52	335.613
lv_in[4168]	INPUT	SIGNAL	M5	98.112	335.529	98.136	335.613
lv_in[4169]	INPUT	SIGNAL	M5	99.072	335.529	99.096	335.613
lv_in[416]	INPUT	SIGNAL	M4	335.529	180.528	335.613	180.552
lv_in[4170]	INPUT	SIGNAL	M5	96.384	335.529	96.408	335.613
lv_in[4171]	INPUT	SIGNAL	M5	95.76	335.529	95.784	335.613
lv_in[4172]	INPUT	SIGNAL	M5	95.904	335.529	95.928	335.613
lv_in[4173]	INPUT	SIGNAL	M5	98.544	335.529	98.568	335.613
lv_in[4174]	INPUT	SIGNAL	M5	98.064	335.529	98.088	335.613
lv_in[4175]	INPUT	SIGNAL	M5	97.296	335.529	97.32	335.613
lv_in[4176]	INPUT	SIGNAL	M5	96.144	335.529	96.168	335.613
lv_in[4177]	INPUT	SIGNAL	M5	97.536	335.529	97.56	335.613
lv_in[4178]	INPUT	SIGNAL	M5	98.736	335.529	98.76	335.613
lv_in[4179]	INPUT	SIGNAL	M5	98.352	335.529	98.376	335.613
lv_in[417]	INPUT	SIGNAL	M4	335.529	182.16	335.613	182.184
lv_in[4180]	INPUT	SIGNAL	M5	97.248	335.529	97.272	335.613
lv_in[4181]	INPUT	SIGNAL	M5	99.408	335.529	99.432	335.613
lv_in[4182]	INPUT	SIGNAL	M5	98.304	335.529	98.328	335.613
lv_in[4183]	INPUT	SIGNAL	M5	89.328	335.529	89.352	335.613
lv_in[4184]	INPUT	SIGNAL	M5	90.864	335.529	90.888	335.613
lv_in[4185]	INPUT	SIGNAL	M5	97.392	335.529	97.416	335.613
lv_in[4186]	INPUT	SIGNAL	M5	97.776	335.529	97.8	335.613
lv_in[4187]	INPUT	SIGNAL	M5	93.312	335.529	93.336	335.613
lv_in[4188]	INPUT	SIGNAL	M5	93.264	335.529	93.288	335.613
lv_in[4189]	INPUT	SIGNAL	M5	91.296	335.529	91.32	335.613
lv_in[418]	INPUT	SIGNAL	M4	335.529	176.832	335.613	176.856
lv_in[4190]	INPUT	SIGNAL	M5	97.344	335.529	97.368	335.613
lv_in[4191]	INPUT	SIGNAL	M5	95.616	335.529	95.64	335.613
lv_in[4192]	INPUT	SIGNAL	M5	111.264	335.529	111.288	335.613
lv_in[4193]	INPUT	SIGNAL	M5	102.336	335.529	102.36	335.613
lv_in[4194]	INPUT	SIGNAL	M5	103.056	335.529	103.08	335.613
lv_in[4195]	INPUT	SIGNAL	M5	102.288	335.529	102.312	335.613
lv_in[4196]	INPUT	SIGNAL	M5	104.208	335.529	104.232	335.613
lv_in[4197]	INPUT	SIGNAL	M5	102.0	335.529	102.024	335.613
lv_in[4198]	INPUT	SIGNAL	M5	100.32	335.529	100.344	335.613
lv_in[4199]	INPUT	SIGNAL	M5	103.68	335.529	103.704	335.613
lv_in[419]	INPUT	SIGNAL	M4	335.529	177.504	335.613	177.528
lv_in[41]	INPUT	SIGNAL	M4	335.529	174.816	335.613	174.84
lv_in[4200]	INPUT	SIGNAL	M5	102.096	335.529	102.12	335.613
lv_in[4201]	INPUT	SIGNAL	M5	103.872	335.529	103.896	335.613
lv_in[4202]	INPUT	SIGNAL	M5	104.16	335.529	104.184	335.613
lv_in[4203]	INPUT	SIGNAL	M5	113.712	335.529	113.736	335.613
lv_in[4204]	INPUT	SIGNAL	M5	115.584	335.529	115.608	335.613
lv_in[4205]	INPUT	SIGNAL	M5	115.104	335.529	115.128	335.613
lv_in[4206]	INPUT	SIGNAL	M5	112.08	335.529	112.104	335.613
lv_in[4207]	INPUT	SIGNAL	M5	113.088	335.529	113.112	335.613
lv_in[4208]	INPUT	SIGNAL	M5	115.872	335.529	115.896	335.613
lv_in[4209]	INPUT	SIGNAL	M5	113.904	335.529	113.928	335.613
lv_in[420]	INPUT	SIGNAL	M4	335.529	179.088	335.613	179.112
lv_in[4210]	INPUT	SIGNAL	M5	115.056	335.529	115.08	335.613
lv_in[4211]	INPUT	SIGNAL	M5	112.128	335.529	112.152	335.613
lv_in[4212]	INPUT	SIGNAL	M5	116.16	335.529	116.184	335.613
lv_in[4213]	INPUT	SIGNAL	M5	101.28	335.529	101.304	335.613
lv_in[4214]	INPUT	SIGNAL	M5	107.28	335.529	107.304	335.613
lv_in[4215]	INPUT	SIGNAL	M5	104.592	335.529	104.616	335.613
lv_in[4216]	INPUT	SIGNAL	M5	107.472	335.529	107.496	335.613
lv_in[4217]	INPUT	SIGNAL	M5	107.616	335.529	107.64	335.613
lv_in[4218]	INPUT	SIGNAL	M5	107.376	335.529	107.4	335.613
lv_in[4219]	INPUT	SIGNAL	M5	103.152	335.529	103.176	335.613
lv_in[421]	INPUT	SIGNAL	M4	335.529	178.752	335.613	178.776
lv_in[4220]	INPUT	SIGNAL	M5	100.416	335.529	100.44	335.613
lv_in[4221]	INPUT	SIGNAL	M5	101.616	335.529	101.64	335.613
lv_in[4222]	INPUT	SIGNAL	M5	101.904	335.529	101.928	335.613
lv_in[4223]	INPUT	SIGNAL	M5	103.392	335.529	103.416	335.613
lv_in[4224]	INPUT	SIGNAL	M5	120.192	0.0	120.216	0.084
lv_in[4225]	INPUT	SIGNAL	M5	119.232	0.0	119.256	0.084
lv_in[4226]	INPUT	SIGNAL	M5	120.048	0.0	120.072	0.084
lv_in[4227]	INPUT	SIGNAL	M5	119.04	0.0	119.064	0.084
lv_in[4228]	INPUT	SIGNAL	M5	118.896	0.0	118.92	0.084
lv_in[4229]	INPUT	SIGNAL	M5	119.136	0.0	119.16	0.084
lv_in[422]	INPUT	SIGNAL	M4	335.529	177.744	335.613	177.768
lv_in[4230]	INPUT	SIGNAL	M5	119.664	0.0	119.688	0.084
lv_in[4231]	INPUT	SIGNAL	M5	118.704	0.0	118.728	0.084
lv_in[4232]	INPUT	SIGNAL	M5	122.208	0.0	122.232	0.084
lv_in[4233]	INPUT	SIGNAL	M5	118.752	0.0	118.776	0.084
lv_in[4234]	INPUT	SIGNAL	M5	120.096	0.0	120.12	0.084
lv_in[4235]	INPUT	SIGNAL	M5	119.184	0.0	119.208	0.084
lv_in[4236]	INPUT	SIGNAL	M5	121.44	0.0	121.464	0.084
lv_in[4237]	INPUT	SIGNAL	M5	121.68	0.0	121.704	0.084
lv_in[4238]	INPUT	SIGNAL	M5	119.616	0.0	119.64	0.084
lv_in[4239]	INPUT	SIGNAL	M5	121.056	0.0	121.08	0.084
lv_in[423]	INPUT	SIGNAL	M4	335.529	176.688	335.613	176.712
lv_in[4240]	INPUT	SIGNAL	M5	119.568	0.0	119.592	0.084
lv_in[4241]	INPUT	SIGNAL	M5	120.912	0.0	120.936	0.084
lv_in[4242]	INPUT	SIGNAL	M5	121.488	0.0	121.512	0.084
lv_in[4243]	INPUT	SIGNAL	M5	123.024	0.0	123.048	0.084
lv_in[4244]	INPUT	SIGNAL	M5	120.432	0.0	120.456	0.084
lv_in[4245]	INPUT	SIGNAL	M5	120.72	0.0	120.744	0.084
lv_in[4246]	INPUT	SIGNAL	M5	120.576	0.0	120.6	0.084
lv_in[4247]	INPUT	SIGNAL	M5	122.736	0.0	122.76	0.084
lv_in[4248]	INPUT	SIGNAL	M5	119.088	0.0	119.112	0.084
lv_in[4249]	INPUT	SIGNAL	M5	118.8	0.0	118.824	0.084
lv_in[424]	INPUT	SIGNAL	M4	335.529	177.456	335.613	177.48
lv_in[4250]	INPUT	SIGNAL	M5	123.408	0.0	123.432	0.084
lv_in[4251]	INPUT	SIGNAL	M5	123.84	0.0	123.864	0.084
lv_in[4252]	INPUT	SIGNAL	M5	123.456	0.0	123.48	0.084
lv_in[4253]	INPUT	SIGNAL	M5	123.648	0.0	123.672	0.084
lv_in[4254]	INPUT	SIGNAL	M5	124.032	0.0	124.056	0.084
lv_in[4255]	INPUT	SIGNAL	M5	122.976	0.0	123.0	0.084
lv_in[4256]	INPUT	SIGNAL	M5	136.32	0.0	136.344	0.084
lv_in[4257]	INPUT	SIGNAL	M5	131.904	0.0	131.928	0.084
lv_in[4258]	INPUT	SIGNAL	M5	133.776	0.0	133.8	0.084
lv_in[4259]	INPUT	SIGNAL	M5	128.064	0.0	128.088	0.084
lv_in[425]	INPUT	SIGNAL	M4	335.529	178.272	335.613	178.296
lv_in[4260]	INPUT	SIGNAL	M5	126.864	0.0	126.888	0.084
lv_in[4261]	INPUT	SIGNAL	M5	131.136	0.0	131.16	0.084
lv_in[4262]	INPUT	SIGNAL	M5	131.616	0.0	131.64	0.084
lv_in[4263]	INPUT	SIGNAL	M5	130.08	0.0	130.104	0.084
lv_in[4264]	INPUT	SIGNAL	M5	130.512	0.0	130.536	0.084
lv_in[4265]	INPUT	SIGNAL	M5	130.032	0.0	130.056	0.084
lv_in[4266]	INPUT	SIGNAL	M5	126.672	0.0	126.696	0.084
lv_in[4267]	INPUT	SIGNAL	M5	128.784	0.0	128.808	0.084
lv_in[4268]	INPUT	SIGNAL	M5	129.792	0.0	129.816	0.084
lv_in[4269]	INPUT	SIGNAL	M5	128.208	0.0	128.232	0.084
lv_in[426]	INPUT	SIGNAL	M4	335.529	176.736	335.613	176.76
lv_in[4270]	INPUT	SIGNAL	M5	128.64	0.0	128.664	0.084
lv_in[4271]	INPUT	SIGNAL	M5	131.184	0.0	131.208	0.084
lv_in[4272]	INPUT	SIGNAL	M5	129.744	0.0	129.768	0.084
lv_in[4273]	INPUT	SIGNAL	M5	126.048	0.0	126.072	0.084
lv_in[4274]	INPUT	SIGNAL	M5	132.96	0.0	132.984	0.084
lv_in[4275]	INPUT	SIGNAL	M5	133.152	0.0	133.176	0.084
lv_in[4276]	INPUT	SIGNAL	M5	131.376	0.0	131.4	0.084
lv_in[4277]	INPUT	SIGNAL	M5	138.528	0.0	138.552	0.084
lv_in[4278]	INPUT	SIGNAL	M5	135.84	0.0	135.864	0.084
lv_in[4279]	INPUT	SIGNAL	M5	137.904	0.0	137.928	0.084
lv_in[427]	INPUT	SIGNAL	M4	335.529	178.416	335.613	178.44
lv_in[4280]	INPUT	SIGNAL	M5	140.4	0.0	140.424	0.084
lv_in[4281]	INPUT	SIGNAL	M5	138.672	0.0	138.696	0.084
lv_in[4282]	INPUT	SIGNAL	M5	140.64	0.0	140.664	0.084
lv_in[4283]	INPUT	SIGNAL	M5	142.128	0.0	142.152	0.084
lv_in[4284]	INPUT	SIGNAL	M5	142.368	0.0	142.392	0.084
lv_in[4285]	INPUT	SIGNAL	M5	142.704	0.0	142.728	0.084
lv_in[4286]	INPUT	SIGNAL	M5	143.088	0.0	143.112	0.084
lv_in[4287]	INPUT	SIGNAL	M5	136.224	0.0	136.248	0.084
lv_in[4288]	INPUT	SIGNAL	M4	0.0	124.032	0.084	124.056
lv_in[4289]	INPUT	SIGNAL	M4	0.0	126.288	0.084	126.312
lv_in[428]	INPUT	SIGNAL	M4	335.529	187.92	335.613	187.944
lv_in[4290]	INPUT	SIGNAL	M4	0.0	118.464	0.084	118.488
lv_in[4291]	INPUT	SIGNAL	M4	0.0	116.592	0.084	116.616
lv_in[4292]	INPUT	SIGNAL	M4	0.0	120.048	0.084	120.072
lv_in[4293]	INPUT	SIGNAL	M4	0.0	115.344	0.084	115.368
lv_in[4294]	INPUT	SIGNAL	M4	0.0	119.952	0.084	119.976
lv_in[4295]	INPUT	SIGNAL	M4	0.0	118.368	0.084	118.392
lv_in[4296]	INPUT	SIGNAL	M4	0.0	124.848	0.084	124.872
lv_in[4297]	INPUT	SIGNAL	M4	0.0	123.984	0.084	124.008
lv_in[4298]	INPUT	SIGNAL	M4	0.0	121.728	0.084	121.752
lv_in[4299]	INPUT	SIGNAL	M4	0.0	120.768	0.084	120.792
lv_in[429]	INPUT	SIGNAL	M4	335.529	183.456	335.613	183.48
lv_in[42]	INPUT	SIGNAL	M4	335.529	173.952	335.613	173.976
lv_in[4300]	INPUT	SIGNAL	M4	0.0	126.624	0.084	126.648
lv_in[4301]	INPUT	SIGNAL	M4	0.0	127.728	0.084	127.752
lv_in[4302]	INPUT	SIGNAL	M4	0.0	130.8	0.084	130.824
lv_in[4303]	INPUT	SIGNAL	M4	0.0	129.936	0.084	129.96
lv_in[4304]	INPUT	SIGNAL	M4	0.0	134.304	0.084	134.328
lv_in[4305]	INPUT	SIGNAL	M4	0.0	133.776	0.084	133.8
lv_in[4306]	INPUT	SIGNAL	M4	0.0	135.264	0.084	135.288
lv_in[4307]	INPUT	SIGNAL	M4	0.0	136.272	0.084	136.296
lv_in[4308]	INPUT	SIGNAL	M4	0.0	132.0	0.084	132.024
lv_in[4309]	INPUT	SIGNAL	M4	0.0	131.04	0.084	131.064
lv_in[430]	INPUT	SIGNAL	M4	335.529	186.576	335.613	186.6
lv_in[4310]	INPUT	SIGNAL	M4	0.0	129.696	0.084	129.72
lv_in[4311]	INPUT	SIGNAL	M4	0.0	128.688	0.084	128.712
lv_in[4312]	INPUT	SIGNAL	M4	0.0	131.76	0.084	131.784
lv_in[4313]	INPUT	SIGNAL	M4	0.0	130.464	0.084	130.488
lv_in[4314]	INPUT	SIGNAL	M4	0.0	129.168	0.084	129.192
lv_in[4315]	INPUT	SIGNAL	M4	0.0	128.208	0.084	128.232
lv_in[4316]	INPUT	SIGNAL	M4	0.0	135.12	0.084	135.144
lv_in[4317]	INPUT	SIGNAL	M4	0.0	135.504	0.084	135.528
lv_in[4318]	INPUT	SIGNAL	M4	0.0	134.016	0.084	134.04
lv_in[4319]	INPUT	SIGNAL	M4	0.0	116.448	0.084	116.472
lv_in[431]	INPUT	SIGNAL	M4	335.529	190.224	335.613	190.248
lv_in[4320]	INPUT	SIGNAL	M4	0.0	271.68	0.084	271.704
lv_in[4321]	INPUT	SIGNAL	M4	0.0	273.456	0.084	273.48
lv_in[4322]	INPUT	SIGNAL	M4	0.0	269.76	0.084	269.784
lv_in[4323]	INPUT	SIGNAL	M4	0.0	269.472	0.084	269.496
lv_in[4324]	INPUT	SIGNAL	M4	0.0	269.28	0.084	269.304
lv_in[4325]	INPUT	SIGNAL	M4	0.0	274.464	0.084	274.488
lv_in[4326]	INPUT	SIGNAL	M4	0.0	272.544	0.084	272.568
lv_in[4327]	INPUT	SIGNAL	M4	0.0	275.568	0.084	275.592
lv_in[4328]	INPUT	SIGNAL	M4	0.0	273.696	0.084	273.72
lv_in[4329]	INPUT	SIGNAL	M4	0.0	272.64	0.084	272.664
lv_in[432]	INPUT	SIGNAL	M4	335.529	182.496	335.613	182.52
lv_in[4330]	INPUT	SIGNAL	M5	59.088	335.529	59.112	335.613
lv_in[4331]	INPUT	SIGNAL	M5	59.664	335.529	59.688	335.613
lv_in[4332]	INPUT	SIGNAL	M5	58.704	335.529	58.728	335.613
lv_in[4333]	INPUT	SIGNAL	M5	58.848	335.529	58.872	335.613
lv_in[4334]	INPUT	SIGNAL	M5	57.936	335.529	57.96	335.613
lv_in[4335]	INPUT	SIGNAL	M5	58.608	335.529	58.632	335.613
lv_in[4336]	INPUT	SIGNAL	M5	59.52	335.529	59.544	335.613
lv_in[4337]	INPUT	SIGNAL	M4	0.0	282.816	0.084	282.84
lv_in[4338]	INPUT	SIGNAL	M5	57.504	335.529	57.528	335.613
lv_in[4339]	INPUT	SIGNAL	M5	57.888	335.529	57.912	335.613
lv_in[433]	INPUT	SIGNAL	M4	335.529	190.32	335.613	190.344
lv_in[4340]	INPUT	SIGNAL	M4	0.0	281.664	0.084	281.688
lv_in[4341]	INPUT	SIGNAL	M5	48.192	335.529	48.216	335.613
lv_in[4342]	INPUT	SIGNAL	M4	0.0	282.96	0.084	282.984
lv_in[4343]	INPUT	SIGNAL	M5	52.08	335.529	52.104	335.613
lv_in[4344]	INPUT	SIGNAL	M5	50.688	335.529	50.712	335.613
lv_in[4345]	INPUT	SIGNAL	M5	50.16	335.529	50.184	335.613
lv_in[4346]	INPUT	SIGNAL	M4	0.0	282.864	0.084	282.888
lv_in[4347]	INPUT	SIGNAL	M4	0.0	283.584	0.084	283.608
lv_in[4348]	INPUT	SIGNAL	M4	0.0	283.632	0.084	283.656
lv_in[4349]	INPUT	SIGNAL	M4	0.0	282.24	0.084	282.264
lv_in[434]	INPUT	SIGNAL	M4	335.529	185.616	335.613	185.64
lv_in[4350]	INPUT	SIGNAL	M4	0.0	281.904	0.084	281.928
lv_in[4351]	INPUT	SIGNAL	M4	0.0	280.416	0.084	280.44
lv_in[4352]	INPUT	SIGNAL	M4	0.0	262.656	0.084	262.68
lv_in[4353]	INPUT	SIGNAL	M4	0.0	260.88	0.084	260.904
lv_in[4354]	INPUT	SIGNAL	M4	0.0	262.608	0.084	262.632
lv_in[4355]	INPUT	SIGNAL	M4	0.0	266.448	0.084	266.472
lv_in[4356]	INPUT	SIGNAL	M4	0.0	260.208	0.084	260.232
lv_in[4357]	INPUT	SIGNAL	M4	0.0	262.512	0.084	262.536
lv_in[4358]	INPUT	SIGNAL	M4	0.0	261.552	0.084	261.576
lv_in[4359]	INPUT	SIGNAL	M4	0.0	261.648	0.084	261.672
lv_in[435]	INPUT	SIGNAL	M4	335.529	187.488	335.613	187.512
lv_in[4360]	INPUT	SIGNAL	M4	0.0	261.696	0.084	261.72
lv_in[4361]	INPUT	SIGNAL	M4	0.0	263.568	0.084	263.592
lv_in[4362]	INPUT	SIGNAL	M4	0.0	262.704	0.084	262.728
lv_in[4363]	INPUT	SIGNAL	M4	0.0	265.344	0.084	265.368
lv_in[4364]	INPUT	SIGNAL	M4	0.0	264.528	0.084	264.552
lv_in[4365]	INPUT	SIGNAL	M4	0.0	263.616	0.084	263.64
lv_in[4366]	INPUT	SIGNAL	M4	0.0	264.624	0.084	264.648
lv_in[4367]	INPUT	SIGNAL	M4	0.0	263.808	0.084	263.832
lv_in[4368]	INPUT	SIGNAL	M4	0.0	265.728	0.084	265.752
lv_in[4369]	INPUT	SIGNAL	M4	0.0	264.576	0.084	264.6
lv_in[436]	INPUT	SIGNAL	M4	335.529	185.04	335.613	185.064
lv_in[4370]	INPUT	SIGNAL	M4	0.0	263.376	0.084	263.4
lv_in[4371]	INPUT	SIGNAL	M4	0.0	265.968	0.084	265.992
lv_in[4372]	INPUT	SIGNAL	M4	0.0	266.16	0.084	266.184
lv_in[4373]	INPUT	SIGNAL	M4	0.0	271.824	0.084	271.848
lv_in[4374]	INPUT	SIGNAL	M4	0.0	272.688	0.084	272.712
lv_in[4375]	INPUT	SIGNAL	M4	0.0	275.616	0.084	275.64
lv_in[4376]	INPUT	SIGNAL	M4	0.0	274.56	0.084	274.584
lv_in[4377]	INPUT	SIGNAL	M4	0.0	276.624	0.084	276.648
lv_in[4378]	INPUT	SIGNAL	M4	0.0	277.392	0.084	277.416
lv_in[4379]	INPUT	SIGNAL	M4	0.0	279.552	0.084	279.576
lv_in[437]	INPUT	SIGNAL	M4	335.529	184.224	335.613	184.248
lv_in[4380]	INPUT	SIGNAL	M4	0.0	278.976	0.084	279.0
lv_in[4381]	INPUT	SIGNAL	M4	0.0	278.304	0.084	278.328
lv_in[4382]	INPUT	SIGNAL	M4	0.0	273.744	0.084	273.768
lv_in[4383]	INPUT	SIGNAL	M4	0.0	269.376	0.084	269.4
lv_in[4384]	INPUT	SIGNAL	M4	0.0	59.376	0.084	59.4
lv_in[4385]	INPUT	SIGNAL	M4	0.0	57.36	0.084	57.384
lv_in[4386]	INPUT	SIGNAL	M4	0.0	58.272	0.084	58.296
lv_in[4387]	INPUT	SIGNAL	M4	0.0	59.232	0.084	59.256
lv_in[4388]	INPUT	SIGNAL	M4	0.0	60.864	0.084	60.888
lv_in[4389]	INPUT	SIGNAL	M4	0.0	56.88	0.084	56.904
lv_in[438]	INPUT	SIGNAL	M4	335.529	172.416	335.613	172.44
lv_in[4390]	INPUT	SIGNAL	M4	0.0	58.992	0.084	59.016
lv_in[4391]	INPUT	SIGNAL	M4	0.0	57.408	0.084	57.432
lv_in[4392]	INPUT	SIGNAL	M4	0.0	58.608	0.084	58.632
lv_in[4393]	INPUT	SIGNAL	M4	0.0	57.456	0.084	57.48
lv_in[4394]	INPUT	SIGNAL	M4	0.0	58.032	0.084	58.056
lv_in[4395]	INPUT	SIGNAL	M4	0.0	55.728	0.084	55.752
lv_in[4396]	INPUT	SIGNAL	M4	0.0	56.544	0.084	56.568
lv_in[4397]	INPUT	SIGNAL	M4	0.0	57.072	0.084	57.096
lv_in[4398]	INPUT	SIGNAL	M4	0.0	56.016	0.084	56.04
lv_in[4399]	INPUT	SIGNAL	M4	0.0	57.216	0.084	57.24
lv_in[439]	INPUT	SIGNAL	M4	335.529	173.856	335.613	173.88
lv_in[43]	INPUT	SIGNAL	M4	335.529	172.752	335.613	172.776
lv_in[4400]	INPUT	SIGNAL	M4	0.0	56.352	0.084	56.376
lv_in[4401]	INPUT	SIGNAL	M4	0.0	63.552	0.084	63.576
lv_in[4402]	INPUT	SIGNAL	M4	0.0	61.152	0.084	61.176
lv_in[4403]	INPUT	SIGNAL	M4	0.0	62.4	0.084	62.424
lv_in[4404]	INPUT	SIGNAL	M4	0.0	65.904	0.084	65.928
lv_in[4405]	INPUT	SIGNAL	M4	0.0	69.408	0.084	69.432
lv_in[4406]	INPUT	SIGNAL	M4	0.0	69.216	0.084	69.24
lv_in[4407]	INPUT	SIGNAL	M4	0.0	70.08	0.084	70.104
lv_in[4408]	INPUT	SIGNAL	M4	0.0	69.6	0.084	69.624
lv_in[4409]	INPUT	SIGNAL	M4	0.0	70.464	0.084	70.488
lv_in[440]	INPUT	SIGNAL	M4	335.529	171.456	335.613	171.48
lv_in[4410]	INPUT	SIGNAL	M4	0.0	71.184	0.084	71.208
lv_in[4411]	INPUT	SIGNAL	M4	0.0	71.088	0.084	71.112
lv_in[4412]	INPUT	SIGNAL	M4	0.0	71.856	0.084	71.88
lv_in[4413]	INPUT	SIGNAL	M4	0.0	72.912	0.084	72.936
lv_in[4414]	INPUT	SIGNAL	M4	0.0	72.528	0.084	72.552
lv_in[4415]	INPUT	SIGNAL	M4	0.0	71.76	0.084	71.784
lv_in[4416]	INPUT	SIGNAL	M4	0.0	68.592	0.084	68.616
lv_in[4417]	INPUT	SIGNAL	M4	0.0	66.72	0.084	66.744
lv_in[4418]	INPUT	SIGNAL	M4	0.0	67.968	0.084	67.992
lv_in[4419]	INPUT	SIGNAL	M4	0.0	64.848	0.084	64.872
lv_in[441]	INPUT	SIGNAL	M4	335.529	175.008	335.613	175.032
lv_in[4420]	INPUT	SIGNAL	M4	0.0	65.856	0.084	65.88
lv_in[4421]	INPUT	SIGNAL	M4	0.0	67.92	0.084	67.944
lv_in[4422]	INPUT	SIGNAL	M4	0.0	64.32	0.084	64.344
lv_in[4423]	INPUT	SIGNAL	M4	0.0	68.064	0.084	68.088
lv_in[4424]	INPUT	SIGNAL	M4	0.0	66.24	0.084	66.264
lv_in[4425]	INPUT	SIGNAL	M4	0.0	65.472	0.084	65.496
lv_in[4426]	INPUT	SIGNAL	M4	0.0	64.56	0.084	64.584
lv_in[4427]	INPUT	SIGNAL	M4	0.0	62.832	0.084	62.856
lv_in[4428]	INPUT	SIGNAL	M4	0.0	63.6	0.084	63.624
lv_in[4429]	INPUT	SIGNAL	M4	0.0	63.888	0.084	63.912
lv_in[442]	INPUT	SIGNAL	M4	335.529	171.408	335.613	171.432
lv_in[4430]	INPUT	SIGNAL	M4	0.0	65.712	0.084	65.736
lv_in[4431]	INPUT	SIGNAL	M4	0.0	64.608	0.084	64.632
lv_in[4432]	INPUT	SIGNAL	M4	0.0	67.776	0.084	67.8
lv_in[4433]	INPUT	SIGNAL	M4	0.0	67.056	0.084	67.08
lv_in[4434]	INPUT	SIGNAL	M4	0.0	67.392	0.084	67.416
lv_in[4435]	INPUT	SIGNAL	M4	0.0	68.208	0.084	68.232
lv_in[4436]	INPUT	SIGNAL	M4	0.0	68.256	0.084	68.28
lv_in[4437]	INPUT	SIGNAL	M4	0.0	69.84	0.084	69.864
lv_in[4438]	INPUT	SIGNAL	M4	0.0	71.136	0.084	71.16
lv_in[4439]	INPUT	SIGNAL	M4	0.0	72.096	0.084	72.12
lv_in[443]	INPUT	SIGNAL	M4	335.529	174.624	335.613	174.648
lv_in[4440]	INPUT	SIGNAL	M4	0.0	73.2	0.084	73.224
lv_in[4441]	INPUT	SIGNAL	M4	0.0	72.864	0.084	72.888
lv_in[4442]	INPUT	SIGNAL	M4	0.0	76.176	0.084	76.2
lv_in[4443]	INPUT	SIGNAL	M4	0.0	75.504	0.084	75.528
lv_in[4444]	INPUT	SIGNAL	M4	0.0	74.256	0.084	74.28
lv_in[4445]	INPUT	SIGNAL	M4	0.0	74.112	0.084	74.136
lv_in[4446]	INPUT	SIGNAL	M4	0.0	76.032	0.084	76.056
lv_in[4447]	INPUT	SIGNAL	M4	0.0	74.064	0.084	74.088
lv_in[4448]	INPUT	SIGNAL	M5	51.84	335.529	51.864	335.613
lv_in[4449]	INPUT	SIGNAL	M5	51.024	335.529	51.048	335.613
lv_in[444]	INPUT	SIGNAL	M4	335.529	171.072	335.613	171.096
lv_in[4450]	INPUT	SIGNAL	M5	50.976	335.529	51.0	335.613
lv_in[4451]	INPUT	SIGNAL	M5	51.6	335.529	51.624	335.613
lv_in[4452]	INPUT	SIGNAL	M5	50.784	335.529	50.808	335.613
lv_in[4453]	INPUT	SIGNAL	M5	52.848	335.529	52.872	335.613
lv_in[4454]	INPUT	SIGNAL	M5	53.376	335.529	53.4	335.613
lv_in[4455]	INPUT	SIGNAL	M5	52.368	335.529	52.392	335.613
lv_in[4456]	INPUT	SIGNAL	M5	58.32	335.529	58.344	335.613
lv_in[4457]	INPUT	SIGNAL	M5	56.928	335.529	56.952	335.613
lv_in[4458]	INPUT	SIGNAL	M5	57.408	335.529	57.432	335.613
lv_in[4459]	INPUT	SIGNAL	M5	56.64	335.529	56.664	335.613
lv_in[445]	INPUT	SIGNAL	M4	335.529	176.256	335.613	176.28
lv_in[4460]	INPUT	SIGNAL	M5	56.832	335.529	56.856	335.613
lv_in[4461]	INPUT	SIGNAL	M5	59.904	335.529	59.928	335.613
lv_in[4462]	INPUT	SIGNAL	M5	63.744	335.529	63.768	335.613
lv_in[4463]	INPUT	SIGNAL	M5	65.568	335.529	65.592	335.613
lv_in[4464]	INPUT	SIGNAL	M5	57.696	335.529	57.72	335.613
lv_in[4465]	INPUT	SIGNAL	M5	59.424	335.529	59.448	335.613
lv_in[4466]	INPUT	SIGNAL	M5	63.408	335.529	63.432	335.613
lv_in[4467]	INPUT	SIGNAL	M5	64.128	335.529	64.152	335.613
lv_in[4468]	INPUT	SIGNAL	M5	58.416	335.529	58.44	335.613
lv_in[4469]	INPUT	SIGNAL	M5	67.2	335.529	67.224	335.613
lv_in[446]	INPUT	SIGNAL	M4	335.529	172.032	335.613	172.056
lv_in[4470]	INPUT	SIGNAL	M5	67.872	335.529	67.896	335.613
lv_in[4471]	INPUT	SIGNAL	M5	69.744	335.529	69.768	335.613
lv_in[4472]	INPUT	SIGNAL	M5	68.208	335.529	68.232	335.613
lv_in[4473]	INPUT	SIGNAL	M5	69.888	335.529	69.912	335.613
lv_in[4474]	INPUT	SIGNAL	M5	70.8	335.529	70.824	335.613
lv_in[4475]	INPUT	SIGNAL	M5	73.488	335.529	73.512	335.613
lv_in[4476]	INPUT	SIGNAL	M5	72.816	335.529	72.84	335.613
lv_in[4477]	INPUT	SIGNAL	M5	72.144	335.529	72.168	335.613
lv_in[4478]	INPUT	SIGNAL	M5	73.728	335.529	73.752	335.613
lv_in[4479]	INPUT	SIGNAL	M5	66.288	335.529	66.312	335.613
lv_in[447]	INPUT	SIGNAL	M4	335.529	172.704	335.613	172.728
lv_in[4480]	INPUT	SIGNAL	M5	50.352	335.529	50.376	335.613
lv_in[4481]	INPUT	SIGNAL	M5	50.64	335.529	50.664	335.613
lv_in[4482]	INPUT	SIGNAL	M5	51.456	335.529	51.48	335.613
lv_in[4483]	INPUT	SIGNAL	M5	50.544	335.529	50.568	335.613
lv_in[4484]	INPUT	SIGNAL	M5	50.448	335.529	50.472	335.613
lv_in[4485]	INPUT	SIGNAL	M5	50.592	335.529	50.616	335.613
lv_in[4486]	INPUT	SIGNAL	M5	50.4	335.529	50.424	335.613
lv_in[4487]	INPUT	SIGNAL	M5	51.36	335.529	51.384	335.613
lv_in[4488]	INPUT	SIGNAL	M5	56.592	335.529	56.616	335.613
lv_in[4489]	INPUT	SIGNAL	M5	57.024	335.529	57.048	335.613
lv_in[448]	INPUT	SIGNAL	M4	335.529	189.12	335.613	189.144
lv_in[4490]	INPUT	SIGNAL	M5	56.976	335.529	57.0	335.613
lv_in[4491]	INPUT	SIGNAL	M5	55.008	335.529	55.032	335.613
lv_in[4492]	INPUT	SIGNAL	M5	56.736	335.529	56.76	335.613
lv_in[4493]	INPUT	SIGNAL	M5	59.184	335.529	59.208	335.613
lv_in[4494]	INPUT	SIGNAL	M5	59.04	335.529	59.064	335.613
lv_in[4495]	INPUT	SIGNAL	M5	58.944	335.529	58.968	335.613
lv_in[4496]	INPUT	SIGNAL	M5	58.752	335.529	58.776	335.613
lv_in[4497]	INPUT	SIGNAL	M5	58.512	335.529	58.536	335.613
lv_in[4498]	INPUT	SIGNAL	M5	60.0	335.529	60.024	335.613
lv_in[4499]	INPUT	SIGNAL	M5	57.984	335.529	58.008	335.613
lv_in[449]	INPUT	SIGNAL	M4	335.529	186.816	335.613	186.84
lv_in[44]	INPUT	SIGNAL	M4	335.529	188.304	335.613	188.328
lv_in[4500]	INPUT	SIGNAL	M5	57.552	335.529	57.576	335.613
lv_in[4501]	INPUT	SIGNAL	M5	67.488	335.529	67.512	335.613
lv_in[4502]	INPUT	SIGNAL	M5	69.168	335.529	69.192	335.613
lv_in[4503]	INPUT	SIGNAL	M5	74.064	335.529	74.088	335.613
lv_in[4504]	INPUT	SIGNAL	M5	66.432	335.529	66.456	335.613
lv_in[4505]	INPUT	SIGNAL	M5	73.824	335.529	73.848	335.613
lv_in[4506]	INPUT	SIGNAL	M5	71.424	335.529	71.448	335.613
lv_in[4507]	INPUT	SIGNAL	M5	73.776	335.529	73.8	335.613
lv_in[4508]	INPUT	SIGNAL	M5	71.04	335.529	71.064	335.613
lv_in[4509]	INPUT	SIGNAL	M5	70.176	335.529	70.2	335.613
lv_in[450]	INPUT	SIGNAL	M4	335.529	182.304	335.613	182.328
lv_in[4510]	INPUT	SIGNAL	M5	57.84	335.529	57.864	335.613
lv_in[4511]	INPUT	SIGNAL	M5	60.528	335.529	60.552	335.613
lv_in[4512]	INPUT	SIGNAL	M4	0.0	23.952	0.084	23.976
lv_in[4513]	INPUT	SIGNAL	M4	0.0	17.424	0.084	17.448
lv_in[4514]	INPUT	SIGNAL	M4	0.0	22.224	0.084	22.248
lv_in[4515]	INPUT	SIGNAL	M4	0.0	19.728	0.084	19.752
lv_in[4516]	INPUT	SIGNAL	M4	0.0	20.832	0.084	20.856
lv_in[4517]	INPUT	SIGNAL	M4	0.0	18.912	0.084	18.936
lv_in[4518]	INPUT	SIGNAL	M4	0.0	17.04	0.084	17.064
lv_in[4519]	INPUT	SIGNAL	M4	0.0	18.336	0.084	18.36
lv_in[451]	INPUT	SIGNAL	M4	335.529	181.536	335.613	181.56
lv_in[4520]	INPUT	SIGNAL	M4	0.0	20.688	0.084	20.712
lv_in[4521]	INPUT	SIGNAL	M4	0.0	22.464	0.084	22.488
lv_in[4522]	INPUT	SIGNAL	M4	0.0	21.6	0.084	21.624
lv_in[4523]	INPUT	SIGNAL	M4	0.0	18.528	0.084	18.552
lv_in[4524]	INPUT	SIGNAL	M4	0.0	17.088	0.084	17.112
lv_in[4525]	INPUT	SIGNAL	M4	0.0	19.68	0.084	19.704
lv_in[4526]	INPUT	SIGNAL	M4	0.0	20.592	0.084	20.616
lv_in[4527]	INPUT	SIGNAL	M4	0.0	20.544	0.084	20.568
lv_in[4528]	INPUT	SIGNAL	M4	0.0	17.952	0.084	17.976
lv_in[4529]	INPUT	SIGNAL	M4	0.0	21.696	0.084	21.72
lv_in[452]	INPUT	SIGNAL	M4	335.529	183.168	335.613	183.192
lv_in[4530]	INPUT	SIGNAL	M4	0.0	18.72	0.084	18.744
lv_in[4531]	INPUT	SIGNAL	M4	0.0	19.776	0.084	19.8
lv_in[4532]	INPUT	SIGNAL	M4	0.0	17.28	0.084	17.304
lv_in[4533]	INPUT	SIGNAL	M4	0.0	21.264	0.084	21.288
lv_in[4534]	INPUT	SIGNAL	M4	0.0	18.288	0.084	18.312
lv_in[4535]	INPUT	SIGNAL	M4	0.0	19.344	0.084	19.368
lv_in[4536]	INPUT	SIGNAL	M4	0.0	20.112	0.084	20.136
lv_in[4537]	INPUT	SIGNAL	M4	0.0	18.192	0.084	18.216
lv_in[4538]	INPUT	SIGNAL	M4	0.0	21.408	0.084	21.432
lv_in[4539]	INPUT	SIGNAL	M4	0.0	18.096	0.084	18.12
lv_in[453]	INPUT	SIGNAL	M4	335.529	181.68	335.613	181.704
lv_in[4540]	INPUT	SIGNAL	M4	0.0	21.36	0.084	21.384
lv_in[4541]	INPUT	SIGNAL	M4	0.0	20.304	0.084	20.328
lv_in[4542]	INPUT	SIGNAL	M4	0.0	19.248	0.084	19.272
lv_in[4543]	INPUT	SIGNAL	M4	0.0	22.08	0.084	22.104
lv_in[4544]	INPUT	SIGNAL	M4	0.0	41.808	0.084	41.832
lv_in[4545]	INPUT	SIGNAL	M4	0.0	40.56	0.084	40.584
lv_in[4546]	INPUT	SIGNAL	M4	0.0	39.552	0.084	39.576
lv_in[4547]	INPUT	SIGNAL	M4	0.0	37.056	0.084	37.08
lv_in[4548]	INPUT	SIGNAL	M4	0.0	35.904	0.084	35.928
lv_in[4549]	INPUT	SIGNAL	M4	0.0	33.024	0.084	33.048
lv_in[454]	INPUT	SIGNAL	M4	335.529	184.368	335.613	184.392
lv_in[4550]	INPUT	SIGNAL	M4	0.0	33.888	0.084	33.912
lv_in[4551]	INPUT	SIGNAL	M4	0.0	34.848	0.084	34.872
lv_in[4552]	INPUT	SIGNAL	M4	0.0	37.536	0.084	37.56
lv_in[4553]	INPUT	SIGNAL	M4	0.0	36.576	0.084	36.6
lv_in[4554]	INPUT	SIGNAL	M4	0.0	38.304	0.084	38.328
lv_in[4555]	INPUT	SIGNAL	M4	0.0	38.688	0.084	38.712
lv_in[4556]	INPUT	SIGNAL	M4	0.0	39.936	0.084	39.96
lv_in[4557]	INPUT	SIGNAL	M4	0.0	38.88	0.084	38.904
lv_in[4558]	INPUT	SIGNAL	M4	0.0	40.944	0.084	40.968
lv_in[4559]	INPUT	SIGNAL	M4	0.0	41.424	0.084	41.448
lv_in[455]	INPUT	SIGNAL	M4	335.529	184.608	335.613	184.632
lv_in[4560]	INPUT	SIGNAL	M4	0.0	42.432	0.084	42.456
lv_in[4561]	INPUT	SIGNAL	M4	0.0	38.928	0.084	38.952
lv_in[4562]	INPUT	SIGNAL	M4	0.0	39.792	0.084	39.816
lv_in[4563]	INPUT	SIGNAL	M4	0.0	41.76	0.084	41.784
lv_in[4564]	INPUT	SIGNAL	M4	0.0	42.768	0.084	42.792
lv_in[4565]	INPUT	SIGNAL	M4	0.0	43.584	0.084	43.608
lv_in[4566]	INPUT	SIGNAL	M4	0.0	44.016	0.084	44.04
lv_in[4567]	INPUT	SIGNAL	M4	0.0	44.208	0.084	44.232
lv_in[4568]	INPUT	SIGNAL	M4	0.0	44.256	0.084	44.28
lv_in[4569]	INPUT	SIGNAL	M4	0.0	45.312	0.084	45.336
lv_in[456]	INPUT	SIGNAL	M4	335.529	188.64	335.613	188.664
lv_in[4570]	INPUT	SIGNAL	M4	0.0	45.84	0.084	45.864
lv_in[4571]	INPUT	SIGNAL	M4	0.0	46.224	0.084	46.248
lv_in[4572]	INPUT	SIGNAL	M4	0.0	43.92	0.084	43.944
lv_in[4573]	INPUT	SIGNAL	M4	0.0	44.592	0.084	44.616
lv_in[4574]	INPUT	SIGNAL	M4	0.0	45.936	0.084	45.96
lv_in[4575]	INPUT	SIGNAL	M4	0.0	43.824	0.084	43.848
lv_in[4576]	INPUT	SIGNAL	M5	127.488	335.529	127.512	335.613
lv_in[4577]	INPUT	SIGNAL	M5	129.504	335.529	129.528	335.613
lv_in[4578]	INPUT	SIGNAL	M5	129.024	335.529	129.048	335.613
lv_in[4579]	INPUT	SIGNAL	M5	127.92	335.529	127.944	335.613
lv_in[457]	INPUT	SIGNAL	M4	335.529	188.016	335.613	188.04
lv_in[4580]	INPUT	SIGNAL	M5	127.344	335.529	127.368	335.613
lv_in[4581]	INPUT	SIGNAL	M5	128.688	335.529	128.712	335.613
lv_in[4582]	INPUT	SIGNAL	M5	128.4	335.529	128.424	335.613
lv_in[4583]	INPUT	SIGNAL	M5	128.256	335.529	128.28	335.613
lv_in[4584]	INPUT	SIGNAL	M5	127.728	335.529	127.752	335.613
lv_in[4585]	INPUT	SIGNAL	M5	127.824	335.529	127.848	335.613
lv_in[4586]	INPUT	SIGNAL	M5	127.44	335.529	127.464	335.613
lv_in[4587]	INPUT	SIGNAL	M5	123.648	335.529	123.672	335.613
lv_in[4588]	INPUT	SIGNAL	M5	114.288	335.529	114.312	335.613
lv_in[4589]	INPUT	SIGNAL	M5	123.408	335.529	123.432	335.613
lv_in[458]	INPUT	SIGNAL	M4	335.529	186.096	335.613	186.12
lv_in[4590]	INPUT	SIGNAL	M5	117.648	335.529	117.672	335.613
lv_in[4591]	INPUT	SIGNAL	M5	126.336	335.529	126.36	335.613
lv_in[4592]	INPUT	SIGNAL	M5	120.0	335.529	120.024	335.613
lv_in[4593]	INPUT	SIGNAL	M5	121.872	335.529	121.896	335.613
lv_in[4594]	INPUT	SIGNAL	M5	121.152	335.529	121.176	335.613
lv_in[4595]	INPUT	SIGNAL	M5	117.168	335.529	117.192	335.613
lv_in[4596]	INPUT	SIGNAL	M5	123.6	335.529	123.624	335.613
lv_in[4597]	INPUT	SIGNAL	M5	128.496	335.529	128.52	335.613
lv_in[4598]	INPUT	SIGNAL	M5	127.2	335.529	127.224	335.613
lv_in[4599]	INPUT	SIGNAL	M5	126.768	335.529	126.792	335.613
lv_in[459]	INPUT	SIGNAL	M4	335.529	186.864	335.613	186.888
lv_in[45]	INPUT	SIGNAL	M4	335.529	183.84	335.613	183.864
lv_in[4600]	INPUT	SIGNAL	M5	127.056	335.529	127.08	335.613
lv_in[4601]	INPUT	SIGNAL	M5	128.832	335.529	128.856	335.613
lv_in[4602]	INPUT	SIGNAL	M5	127.968	335.529	127.992	335.613
lv_in[4603]	INPUT	SIGNAL	M5	130.032	335.529	130.056	335.613
lv_in[4604]	INPUT	SIGNAL	M5	130.464	335.529	130.488	335.613
lv_in[4605]	INPUT	SIGNAL	M5	128.928	335.529	128.952	335.613
lv_in[4606]	INPUT	SIGNAL	M5	130.224	335.529	130.248	335.613
lv_in[4607]	INPUT	SIGNAL	M5	126.528	335.529	126.552	335.613
lv_in[4608]	INPUT	SIGNAL	M5	109.968	335.529	109.992	335.613
lv_in[4609]	INPUT	SIGNAL	M5	112.8	335.529	112.824	335.613
lv_in[460]	INPUT	SIGNAL	M4	335.529	190.368	335.613	190.392
lv_in[4610]	INPUT	SIGNAL	M5	112.272	335.529	112.296	335.613
lv_in[4611]	INPUT	SIGNAL	M5	110.784	335.529	110.808	335.613
lv_in[4612]	INPUT	SIGNAL	M5	112.944	335.529	112.968	335.613
lv_in[4613]	INPUT	SIGNAL	M5	112.896	335.529	112.92	335.613
lv_in[4614]	INPUT	SIGNAL	M5	112.704	335.529	112.728	335.613
lv_in[4615]	INPUT	SIGNAL	M5	110.928	335.529	110.952	335.613
lv_in[4616]	INPUT	SIGNAL	M5	111.312	335.529	111.336	335.613
lv_in[4617]	INPUT	SIGNAL	M5	111.408	335.529	111.432	335.613
lv_in[4618]	INPUT	SIGNAL	M5	112.656	335.529	112.68	335.613
lv_in[4619]	INPUT	SIGNAL	M5	104.496	335.529	104.52	335.613
lv_in[461]	INPUT	SIGNAL	M4	335.529	191.664	335.613	191.688
lv_in[4620]	INPUT	SIGNAL	M5	110.592	335.529	110.616	335.613
lv_in[4621]	INPUT	SIGNAL	M5	113.376	335.529	113.4	335.613
lv_in[4622]	INPUT	SIGNAL	M5	112.752	335.529	112.776	335.613
lv_in[4623]	INPUT	SIGNAL	M5	112.56	335.529	112.584	335.613
lv_in[4624]	INPUT	SIGNAL	M5	112.848	335.529	112.872	335.613
lv_in[4625]	INPUT	SIGNAL	M5	113.28	335.529	113.304	335.613
lv_in[4626]	INPUT	SIGNAL	M5	113.328	335.529	113.352	335.613
lv_in[4627]	INPUT	SIGNAL	M5	111.984	335.529	112.008	335.613
lv_in[4628]	INPUT	SIGNAL	M5	110.112	335.529	110.136	335.613
lv_in[4629]	INPUT	SIGNAL	M5	110.736	335.529	110.76	335.613
lv_in[462]	INPUT	SIGNAL	M4	335.529	192.48	335.613	192.504
lv_in[4630]	INPUT	SIGNAL	M5	111.648	335.529	111.672	335.613
lv_in[4631]	INPUT	SIGNAL	M5	111.936	335.529	111.96	335.613
lv_in[4632]	INPUT	SIGNAL	M5	110.688	335.529	110.712	335.613
lv_in[4633]	INPUT	SIGNAL	M5	107.04	335.529	107.064	335.613
lv_in[4634]	INPUT	SIGNAL	M5	110.16	335.529	110.184	335.613
lv_in[4635]	INPUT	SIGNAL	M5	111.744	335.529	111.768	335.613
lv_in[4636]	INPUT	SIGNAL	M5	111.6	335.529	111.624	335.613
lv_in[4637]	INPUT	SIGNAL	M5	111.792	335.529	111.816	335.613
lv_in[4638]	INPUT	SIGNAL	M5	110.64	335.529	110.664	335.613
lv_in[4639]	INPUT	SIGNAL	M5	109.776	335.529	109.8	335.613
lv_in[463]	INPUT	SIGNAL	M4	335.529	191.28	335.613	191.304
lv_in[4640]	INPUT	SIGNAL	M5	165.552	335.529	165.576	335.613
lv_in[4641]	INPUT	SIGNAL	M5	155.856	335.529	155.88	335.613
lv_in[4642]	INPUT	SIGNAL	M5	159.024	335.529	159.048	335.613
lv_in[4643]	INPUT	SIGNAL	M5	159.504	335.529	159.528	335.613
lv_in[4644]	INPUT	SIGNAL	M5	156.288	335.529	156.312	335.613
lv_in[4645]	INPUT	SIGNAL	M5	162.912	335.529	162.936	335.613
lv_in[4646]	INPUT	SIGNAL	M5	164.064	335.529	164.088	335.613
lv_in[4647]	INPUT	SIGNAL	M5	162.768	335.529	162.792	335.613
lv_in[4648]	INPUT	SIGNAL	M5	165.6	335.529	165.624	335.613
lv_in[4649]	INPUT	SIGNAL	M5	162.384	335.529	162.408	335.613
lv_in[464]	INPUT	SIGNAL	M4	335.529	193.632	335.613	193.656
lv_in[4650]	INPUT	SIGNAL	M5	163.632	335.529	163.656	335.613
lv_in[4651]	INPUT	SIGNAL	M5	167.664	335.529	167.688	335.613
lv_in[4652]	INPUT	SIGNAL	M5	166.368	335.529	166.392	335.613
lv_in[4653]	INPUT	SIGNAL	M5	169.968	335.529	169.992	335.613
lv_in[4654]	INPUT	SIGNAL	M5	163.488	335.529	163.512	335.613
lv_in[4655]	INPUT	SIGNAL	M5	171.6	335.529	171.624	335.613
lv_in[4656]	INPUT	SIGNAL	M5	164.928	335.529	164.952	335.613
lv_in[4657]	INPUT	SIGNAL	M5	173.04	335.529	173.064	335.613
lv_in[4658]	INPUT	SIGNAL	M5	173.952	335.529	173.976	335.613
lv_in[4659]	INPUT	SIGNAL	M5	173.328	335.529	173.352	335.613
lv_in[465]	INPUT	SIGNAL	M4	335.529	191.808	335.613	191.832
lv_in[4660]	INPUT	SIGNAL	M5	172.272	335.529	172.296	335.613
lv_in[4661]	INPUT	SIGNAL	M5	176.688	335.529	176.712	335.613
lv_in[4662]	INPUT	SIGNAL	M5	179.088	335.529	179.112	335.613
lv_in[4663]	INPUT	SIGNAL	M5	178.128	335.529	178.152	335.613
lv_in[4664]	INPUT	SIGNAL	M5	180.768	335.529	180.792	335.613
lv_in[4665]	INPUT	SIGNAL	M5	181.2	335.529	181.224	335.613
lv_in[4666]	INPUT	SIGNAL	M5	180.624	335.529	180.648	335.613
lv_in[4667]	INPUT	SIGNAL	M5	176.064	335.529	176.088	335.613
lv_in[4668]	INPUT	SIGNAL	M5	175.2	335.529	175.224	335.613
lv_in[4669]	INPUT	SIGNAL	M5	177.36	335.529	177.384	335.613
lv_in[466]	INPUT	SIGNAL	M4	335.529	190.176	335.613	190.2
lv_in[4670]	INPUT	SIGNAL	M5	175.392	335.529	175.416	335.613
lv_in[4671]	INPUT	SIGNAL	M5	174.192	335.529	174.216	335.613
lv_in[4672]	INPUT	SIGNAL	M5	162.288	335.529	162.312	335.613
lv_in[4673]	INPUT	SIGNAL	M5	160.176	335.529	160.2	335.613
lv_in[4674]	INPUT	SIGNAL	M5	154.272	335.529	154.296	335.613
lv_in[4675]	INPUT	SIGNAL	M5	160.128	335.529	160.152	335.613
lv_in[4676]	INPUT	SIGNAL	M5	157.776	335.529	157.8	335.613
lv_in[4677]	INPUT	SIGNAL	M5	163.2	335.529	163.224	335.613
lv_in[4678]	INPUT	SIGNAL	M5	163.968	335.529	163.992	335.613
lv_in[4679]	INPUT	SIGNAL	M5	162.624	335.529	162.648	335.613
lv_in[467]	INPUT	SIGNAL	M4	335.529	189.36	335.613	189.384
lv_in[4680]	INPUT	SIGNAL	M5	167.232	335.529	167.256	335.613
lv_in[4681]	INPUT	SIGNAL	M5	167.52	335.529	167.544	335.613
lv_in[4682]	INPUT	SIGNAL	M5	165.936	335.529	165.96	335.613
lv_in[4683]	INPUT	SIGNAL	M5	171.072	335.529	171.096	335.613
lv_in[4684]	INPUT	SIGNAL	M5	168.816	335.529	168.84	335.613
lv_in[4685]	INPUT	SIGNAL	M5	172.752	335.529	172.776	335.613
lv_in[4686]	INPUT	SIGNAL	M5	163.296	335.529	163.32	335.613
lv_in[4687]	INPUT	SIGNAL	M5	175.248	335.529	175.272	335.613
lv_in[4688]	INPUT	SIGNAL	M5	172.56	335.529	172.584	335.613
lv_in[4689]	INPUT	SIGNAL	M5	174.336	335.529	174.36	335.613
lv_in[468]	INPUT	SIGNAL	M4	335.529	195.84	335.613	195.864
lv_in[4690]	INPUT	SIGNAL	M5	175.584	335.529	175.608	335.613
lv_in[4691]	INPUT	SIGNAL	M5	174.24	335.529	174.264	335.613
lv_in[4692]	INPUT	SIGNAL	M5	175.344	335.529	175.368	335.613
lv_in[4693]	INPUT	SIGNAL	M5	179.568	335.529	179.592	335.613
lv_in[4694]	INPUT	SIGNAL	M5	180.24	335.529	180.264	335.613
lv_in[4695]	INPUT	SIGNAL	M5	183.552	335.529	183.576	335.613
lv_in[4696]	INPUT	SIGNAL	M5	182.496	335.529	182.52	335.613
lv_in[4697]	INPUT	SIGNAL	M5	185.136	335.529	185.16	335.613
lv_in[4698]	INPUT	SIGNAL	M5	187.056	335.529	187.08	335.613
lv_in[4699]	INPUT	SIGNAL	M5	188.448	335.529	188.472	335.613
lv_in[469]	INPUT	SIGNAL	M4	335.529	196.032	335.613	196.056
lv_in[46]	INPUT	SIGNAL	M4	335.529	186.384	335.613	186.408
lv_in[4700]	INPUT	SIGNAL	M5	191.856	335.529	191.88	335.613
lv_in[4701]	INPUT	SIGNAL	M5	189.6	335.529	189.624	335.613
lv_in[4702]	INPUT	SIGNAL	M5	192.144	335.529	192.168	335.613
lv_in[4703]	INPUT	SIGNAL	M5	177.456	335.529	177.48	335.613
lv_in[4704]	INPUT	SIGNAL	M4	0.0	290.4	0.084	290.424
lv_in[4705]	INPUT	SIGNAL	M4	0.0	300.528	0.084	300.552
lv_in[4706]	INPUT	SIGNAL	M4	0.0	301.44	0.084	301.464
lv_in[4707]	INPUT	SIGNAL	M4	0.0	307.392	0.084	307.416
lv_in[4708]	INPUT	SIGNAL	M4	0.0	305.568	0.084	305.592
lv_in[4709]	INPUT	SIGNAL	M4	0.0	307.92	0.084	307.944
lv_in[470]	INPUT	SIGNAL	M4	335.529	196.176	335.613	196.2
lv_in[4710]	INPUT	SIGNAL	M4	0.0	304.656	0.084	304.68
lv_in[4711]	INPUT	SIGNAL	M4	0.0	306.384	0.084	306.408
lv_in[4712]	INPUT	SIGNAL	M4	0.0	302.4	0.084	302.424
lv_in[4713]	INPUT	SIGNAL	M4	0.0	303.264	0.084	303.288
lv_in[4714]	INPUT	SIGNAL	M4	0.0	303.984	0.084	304.008
lv_in[4715]	INPUT	SIGNAL	M4	0.0	299.088	0.084	299.112
lv_in[4716]	INPUT	SIGNAL	M4	0.0	299.328	0.084	299.352
lv_in[4717]	INPUT	SIGNAL	M4	0.0	296.304	0.084	296.328
lv_in[4718]	INPUT	SIGNAL	M4	0.0	297.216	0.084	297.24
lv_in[4719]	INPUT	SIGNAL	M4	0.0	295.296	0.084	295.32
lv_in[471]	INPUT	SIGNAL	M4	335.529	197.568	335.613	197.592
lv_in[4720]	INPUT	SIGNAL	M4	0.0	293.28	0.084	293.304
lv_in[4721]	INPUT	SIGNAL	M4	0.0	294.288	0.084	294.312
lv_in[4722]	INPUT	SIGNAL	M4	0.0	291.216	0.084	291.24
lv_in[4723]	INPUT	SIGNAL	M4	0.0	292.848	0.084	292.872
lv_in[4724]	INPUT	SIGNAL	M4	0.0	290.592	0.084	290.616
lv_in[4725]	INPUT	SIGNAL	M4	0.0	288.144	0.084	288.168
lv_in[4726]	INPUT	SIGNAL	M4	0.0	287.712	0.084	287.736
lv_in[4727]	INPUT	SIGNAL	M4	0.0	290.64	0.084	290.664
lv_in[4728]	INPUT	SIGNAL	M4	0.0	289.344	0.084	289.368
lv_in[4729]	INPUT	SIGNAL	M4	0.0	287.04	0.084	287.064
lv_in[472]	INPUT	SIGNAL	M4	335.529	202.704	335.613	202.728
lv_in[4730]	INPUT	SIGNAL	M4	0.0	288.048	0.084	288.072
lv_in[4731]	INPUT	SIGNAL	M4	0.0	286.272	0.084	286.296
lv_in[4732]	INPUT	SIGNAL	M4	0.0	284.112	0.084	284.136
lv_in[4733]	INPUT	SIGNAL	M4	0.0	285.552	0.084	285.576
lv_in[4734]	INPUT	SIGNAL	M4	0.0	284.016	0.084	284.04
lv_in[4735]	INPUT	SIGNAL	M4	0.0	289.104	0.084	289.128
lv_in[4736]	INPUT	SIGNAL	M4	0.0	310.224	0.084	310.248
lv_in[4737]	INPUT	SIGNAL	M5	24.768	335.529	24.792	335.613
lv_in[4738]	INPUT	SIGNAL	M5	25.104	335.529	25.128	335.613
lv_in[4739]	INPUT	SIGNAL	M5	24.816	335.529	24.84	335.613
lv_in[473]	INPUT	SIGNAL	M4	335.529	201.504	335.613	201.528
lv_in[4740]	INPUT	SIGNAL	M5	25.056	335.529	25.08	335.613
lv_in[4741]	INPUT	SIGNAL	M5	25.44	335.529	25.464	335.613
lv_in[4742]	INPUT	SIGNAL	M5	25.344	335.529	25.368	335.613
lv_in[4743]	INPUT	SIGNAL	M5	24.528	335.529	24.552	335.613
lv_in[4744]	INPUT	SIGNAL	M5	25.392	335.529	25.416	335.613
lv_in[4745]	INPUT	SIGNAL	M5	25.68	335.529	25.704	335.613
lv_in[4746]	INPUT	SIGNAL	M5	24.576	335.529	24.6	335.613
lv_in[4747]	INPUT	SIGNAL	M5	24.24	335.529	24.264	335.613
lv_in[4748]	INPUT	SIGNAL	M5	24.096	335.529	24.12	335.613
lv_in[4749]	INPUT	SIGNAL	M4	0.0	308.784	0.084	308.808
lv_in[474]	INPUT	SIGNAL	M4	335.529	201.888	335.613	201.912
lv_in[4750]	INPUT	SIGNAL	M4	0.0	312.288	0.084	312.312
lv_in[4751]	INPUT	SIGNAL	M4	0.0	307.488	0.084	307.512
lv_in[4752]	INPUT	SIGNAL	M4	0.0	311.04	0.084	311.064
lv_in[4753]	INPUT	SIGNAL	M4	0.0	307.2	0.084	307.224
lv_in[4754]	INPUT	SIGNAL	M4	0.0	309.696	0.084	309.72
lv_in[4755]	INPUT	SIGNAL	M4	0.0	306.24	0.084	306.264
lv_in[4756]	INPUT	SIGNAL	M4	0.0	308.496	0.084	308.52
lv_in[4757]	INPUT	SIGNAL	M4	0.0	300.384	0.084	300.408
lv_in[4758]	INPUT	SIGNAL	M4	0.0	301.296	0.084	301.32
lv_in[4759]	INPUT	SIGNAL	M4	0.0	302.256	0.084	302.28
lv_in[475]	INPUT	SIGNAL	M4	335.529	201.456	335.613	201.48
lv_in[4760]	INPUT	SIGNAL	M4	0.0	299.136	0.084	299.16
lv_in[4761]	INPUT	SIGNAL	M4	0.0	297.168	0.084	297.192
lv_in[4762]	INPUT	SIGNAL	M4	0.0	298.176	0.084	298.2
lv_in[4763]	INPUT	SIGNAL	M4	0.0	296.208	0.084	296.232
lv_in[4764]	INPUT	SIGNAL	M4	0.0	293.328	0.084	293.352
lv_in[4765]	INPUT	SIGNAL	M4	0.0	295.152	0.084	295.176
lv_in[4766]	INPUT	SIGNAL	M4	0.0	293.184	0.084	293.208
lv_in[4767]	INPUT	SIGNAL	M4	0.0	303.888	0.084	303.912
lv_in[4768]	INPUT	SIGNAL	M4	0.0	124.272	0.084	124.296
lv_in[4769]	INPUT	SIGNAL	M4	0.0	123.936	0.084	123.96
lv_in[476]	INPUT	SIGNAL	M4	335.529	202.656	335.613	202.68
lv_in[4770]	INPUT	SIGNAL	M4	0.0	115.44	0.084	115.464
lv_in[4771]	INPUT	SIGNAL	M4	0.0	115.68	0.084	115.704
lv_in[4772]	INPUT	SIGNAL	M4	0.0	116.016	0.084	116.04
lv_in[4773]	INPUT	SIGNAL	M4	0.0	116.496	0.084	116.52
lv_in[4774]	INPUT	SIGNAL	M4	0.0	120.72	0.084	120.744
lv_in[4775]	INPUT	SIGNAL	M4	0.0	117.408	0.084	117.432
lv_in[4776]	INPUT	SIGNAL	M4	0.0	125.088	0.084	125.112
lv_in[4777]	INPUT	SIGNAL	M4	0.0	124.32	0.084	124.344
lv_in[4778]	INPUT	SIGNAL	M4	0.0	123.696	0.084	123.72
lv_in[4779]	INPUT	SIGNAL	M4	0.0	121.152	0.084	121.176
lv_in[477]	INPUT	SIGNAL	M4	335.529	202.8	335.613	202.824
lv_in[4780]	INPUT	SIGNAL	M4	0.0	125.712	0.084	125.736
lv_in[4781]	INPUT	SIGNAL	M4	0.0	128.784	0.084	128.808
lv_in[4782]	INPUT	SIGNAL	M4	0.0	132.192	0.084	132.216
lv_in[4783]	INPUT	SIGNAL	M4	0.0	132.528	0.084	132.552
lv_in[4784]	INPUT	SIGNAL	M4	0.0	135.792	0.084	135.816
lv_in[4785]	INPUT	SIGNAL	M4	0.0	135.024	0.084	135.048
lv_in[4786]	INPUT	SIGNAL	M4	0.0	136.416	0.084	136.44
lv_in[4787]	INPUT	SIGNAL	M4	0.0	136.464	0.084	136.488
lv_in[4788]	INPUT	SIGNAL	M4	0.0	135.888	0.084	135.912
lv_in[4789]	INPUT	SIGNAL	M4	0.0	128.64	0.084	128.664
lv_in[478]	INPUT	SIGNAL	M4	335.529	198.384	335.613	198.408
lv_in[4790]	INPUT	SIGNAL	M4	0.0	133.824	0.084	133.848
lv_in[4791]	INPUT	SIGNAL	M4	0.0	118.176	0.084	118.2
lv_in[4792]	INPUT	SIGNAL	M4	0.0	131.184	0.084	131.208
lv_in[4793]	INPUT	SIGNAL	M4	0.0	127.152	0.084	127.176
lv_in[4794]	INPUT	SIGNAL	M4	0.0	129.36	0.084	129.384
lv_in[4795]	INPUT	SIGNAL	M4	0.0	124.896	0.084	124.92
lv_in[4796]	INPUT	SIGNAL	M4	0.0	134.784	0.084	134.808
lv_in[4797]	INPUT	SIGNAL	M4	0.0	135.312	0.084	135.336
lv_in[4798]	INPUT	SIGNAL	M4	0.0	125.904	0.084	125.928
lv_in[4799]	INPUT	SIGNAL	M4	0.0	116.4	0.084	116.424
lv_in[479]	INPUT	SIGNAL	M4	335.529	181.344	335.613	181.368
lv_in[47]	INPUT	SIGNAL	M4	335.529	189.264	335.613	189.288
lv_in[4800]	INPUT	SIGNAL	M5	321.456	0.0	321.48	0.084
lv_in[4801]	INPUT	SIGNAL	M4	335.529	12.192	335.613	12.216
lv_in[4802]	INPUT	SIGNAL	M4	335.529	15.312	335.613	15.336
lv_in[4803]	INPUT	SIGNAL	M4	335.529	13.584	335.613	13.608
lv_in[4804]	INPUT	SIGNAL	M4	335.529	16.032	335.613	16.056
lv_in[4805]	INPUT	SIGNAL	M4	335.529	14.544	335.613	14.568
lv_in[4806]	INPUT	SIGNAL	M5	323.424	0.0	323.448	0.084
lv_in[4807]	INPUT	SIGNAL	M4	335.529	15.504	335.613	15.528
lv_in[4808]	INPUT	SIGNAL	M5	320.976	0.0	321.0	0.084
lv_in[4809]	INPUT	SIGNAL	M4	335.529	15.264	335.613	15.288
lv_in[480]	INPUT	SIGNAL	M4	0.0	119.664	0.084	119.688
lv_in[4810]	INPUT	SIGNAL	M5	322.56	0.0	322.584	0.084
lv_in[4811]	INPUT	SIGNAL	M5	320.64	0.0	320.664	0.084
lv_in[4812]	INPUT	SIGNAL	M4	335.529	16.08	335.613	16.104
lv_in[4813]	INPUT	SIGNAL	M4	335.529	16.368	335.613	16.392
lv_in[4814]	INPUT	SIGNAL	M5	319.152	0.0	319.176	0.084
lv_in[4815]	INPUT	SIGNAL	M5	318.096	0.0	318.12	0.084
lv_in[4816]	INPUT	SIGNAL	M4	335.529	14.592	335.613	14.616
lv_in[4817]	INPUT	SIGNAL	M4	335.529	14.928	335.613	14.952
lv_in[4818]	INPUT	SIGNAL	M5	316.32	0.0	316.344	0.084
lv_in[4819]	INPUT	SIGNAL	M5	316.176	0.0	316.2	0.084
lv_in[481]	INPUT	SIGNAL	M4	0.0	119.472	0.084	119.496
lv_in[4820]	INPUT	SIGNAL	M5	315.648	0.0	315.672	0.084
lv_in[4821]	INPUT	SIGNAL	M5	313.488	0.0	313.512	0.084
lv_in[4822]	INPUT	SIGNAL	M5	313.584	0.0	313.608	0.084
lv_in[4823]	INPUT	SIGNAL	M5	312.816	0.0	312.84	0.084
lv_in[4824]	INPUT	SIGNAL	M5	311.616	0.0	311.64	0.084
lv_in[4825]	INPUT	SIGNAL	M5	310.656	0.0	310.68	0.084
lv_in[4826]	INPUT	SIGNAL	M5	310.128	0.0	310.152	0.084
lv_in[4827]	INPUT	SIGNAL	M5	310.752	0.0	310.776	0.084
lv_in[4828]	INPUT	SIGNAL	M5	310.416	0.0	310.44	0.084
lv_in[4829]	INPUT	SIGNAL	M5	310.896	0.0	310.92	0.084
lv_in[482]	INPUT	SIGNAL	M4	0.0	119.232	0.084	119.256
lv_in[4830]	INPUT	SIGNAL	M5	310.368	0.0	310.392	0.084
lv_in[4831]	INPUT	SIGNAL	M5	309.168	0.0	309.192	0.084
lv_in[4832]	INPUT	SIGNAL	M4	335.529	26.304	335.613	26.328
lv_in[4833]	INPUT	SIGNAL	M4	335.529	26.976	335.613	27.0
lv_in[4834]	INPUT	SIGNAL	M4	335.529	29.952	335.613	29.976
lv_in[4835]	INPUT	SIGNAL	M4	335.529	28.656	335.613	28.68
lv_in[4836]	INPUT	SIGNAL	M4	335.529	27.456	335.613	27.48
lv_in[4837]	INPUT	SIGNAL	M4	335.529	29.28	335.613	29.304
lv_in[4838]	INPUT	SIGNAL	M4	335.529	27.024	335.613	27.048
lv_in[4839]	INPUT	SIGNAL	M4	335.529	28.08	335.613	28.104
lv_in[483]	INPUT	SIGNAL	M4	0.0	118.224	0.084	118.248
lv_in[4840]	INPUT	SIGNAL	M4	335.529	27.408	335.613	27.432
lv_in[4841]	INPUT	SIGNAL	M4	335.529	28.992	335.613	29.016
lv_in[4842]	INPUT	SIGNAL	M4	335.529	28.224	335.613	28.248
lv_in[4843]	INPUT	SIGNAL	M4	335.529	23.712	335.613	23.736
lv_in[4844]	INPUT	SIGNAL	M4	335.529	18.288	335.613	18.312
lv_in[4845]	INPUT	SIGNAL	M4	335.529	24.528	335.613	24.552
lv_in[4846]	INPUT	SIGNAL	M4	335.529	19.728	335.613	19.752
lv_in[4847]	INPUT	SIGNAL	M4	335.529	34.368	335.613	34.392
lv_in[4848]	INPUT	SIGNAL	M4	335.529	36.288	335.613	36.312
lv_in[4849]	INPUT	SIGNAL	M4	335.529	36.432	335.613	36.456
lv_in[484]	INPUT	SIGNAL	M4	0.0	117.168	0.084	117.192
lv_in[4850]	INPUT	SIGNAL	M4	335.529	33.072	335.613	33.096
lv_in[4851]	INPUT	SIGNAL	M4	335.529	35.712	335.613	35.736
lv_in[4852]	INPUT	SIGNAL	M4	335.529	34.272	335.613	34.296
lv_in[4853]	INPUT	SIGNAL	M4	335.529	33.84	335.613	33.864
lv_in[4854]	INPUT	SIGNAL	M4	335.529	35.088	335.613	35.112
lv_in[4855]	INPUT	SIGNAL	M4	335.529	35.76	335.613	35.784
lv_in[4856]	INPUT	SIGNAL	M4	335.529	35.568	335.613	35.592
lv_in[4857]	INPUT	SIGNAL	M4	335.529	34.656	335.613	34.68
lv_in[4858]	INPUT	SIGNAL	M4	335.529	34.224	335.613	34.248
lv_in[4859]	INPUT	SIGNAL	M4	335.529	33.168	335.613	33.192
lv_in[485]	INPUT	SIGNAL	M4	0.0	114.336	0.084	114.36
lv_in[4860]	INPUT	SIGNAL	M4	335.529	31.488	335.613	31.512
lv_in[4861]	INPUT	SIGNAL	M4	335.529	32.592	335.613	32.616
lv_in[4862]	INPUT	SIGNAL	M4	335.529	30.0	335.613	30.024
lv_in[4863]	INPUT	SIGNAL	M4	335.529	28.704	335.613	28.728
lv_in[4864]	INPUT	SIGNAL	M5	108.672	335.529	108.696	335.613
lv_in[4865]	INPUT	SIGNAL	M5	113.232	335.529	113.256	335.613
lv_in[4866]	INPUT	SIGNAL	M5	112.368	335.529	112.392	335.613
lv_in[4867]	INPUT	SIGNAL	M5	111.024	335.529	111.048	335.613
lv_in[4868]	INPUT	SIGNAL	M5	113.04	335.529	113.064	335.613
lv_in[4869]	INPUT	SIGNAL	M5	111.216	335.529	111.24	335.613
lv_in[486]	INPUT	SIGNAL	M4	0.0	112.848	0.084	112.872
lv_in[4870]	INPUT	SIGNAL	M5	105.744	335.529	105.768	335.613
lv_in[4871]	INPUT	SIGNAL	M5	107.952	335.529	107.976	335.613
lv_in[4872]	INPUT	SIGNAL	M5	114.144	335.529	114.168	335.613
lv_in[4873]	INPUT	SIGNAL	M5	113.568	335.529	113.592	335.613
lv_in[4874]	INPUT	SIGNAL	M5	112.512	335.529	112.536	335.613
lv_in[4875]	INPUT	SIGNAL	M5	109.824	335.529	109.848	335.613
lv_in[4876]	INPUT	SIGNAL	M5	115.536	335.529	115.56	335.613
lv_in[4877]	INPUT	SIGNAL	M5	114.672	335.529	114.696	335.613
lv_in[4878]	INPUT	SIGNAL	M5	115.824	335.529	115.848	335.613
lv_in[4879]	INPUT	SIGNAL	M5	113.76	335.529	113.784	335.613
lv_in[487]	INPUT	SIGNAL	M4	0.0	115.968	0.084	115.992
lv_in[4880]	INPUT	SIGNAL	M5	111.456	335.529	111.48	335.613
lv_in[4881]	INPUT	SIGNAL	M5	111.696	335.529	111.72	335.613
lv_in[4882]	INPUT	SIGNAL	M5	115.776	335.529	115.8	335.613
lv_in[4883]	INPUT	SIGNAL	M5	113.952	335.529	113.976	335.613
lv_in[4884]	INPUT	SIGNAL	M5	115.488	335.529	115.512	335.613
lv_in[4885]	INPUT	SIGNAL	M5	105.072	335.529	105.096	335.613
lv_in[4886]	INPUT	SIGNAL	M5	103.44	335.529	103.464	335.613
lv_in[4887]	INPUT	SIGNAL	M5	102.912	335.529	102.936	335.613
lv_in[4888]	INPUT	SIGNAL	M5	101.712	335.529	101.736	335.613
lv_in[4889]	INPUT	SIGNAL	M5	99.024	335.529	99.048	335.613
lv_in[488]	INPUT	SIGNAL	M4	0.0	112.656	0.084	112.68
lv_in[4890]	INPUT	SIGNAL	M5	100.128	335.529	100.152	335.613
lv_in[4891]	INPUT	SIGNAL	M5	100.704	335.529	100.728	335.613
lv_in[4892]	INPUT	SIGNAL	M5	99.264	335.529	99.288	335.613
lv_in[4893]	INPUT	SIGNAL	M5	99.216	335.529	99.24	335.613
lv_in[4894]	INPUT	SIGNAL	M5	98.976	335.529	99.0	335.613
lv_in[4895]	INPUT	SIGNAL	M5	104.832	335.529	104.856	335.613
lv_in[4896]	INPUT	SIGNAL	M5	98.784	335.529	98.808	335.613
lv_in[4897]	INPUT	SIGNAL	M5	101.328	335.529	101.352	335.613
lv_in[4898]	INPUT	SIGNAL	M5	100.464	335.529	100.488	335.613
lv_in[4899]	INPUT	SIGNAL	M5	99.888	335.529	99.912	335.613
lv_in[489]	INPUT	SIGNAL	M4	0.0	113.76	0.084	113.784
lv_in[48]	INPUT	SIGNAL	M4	335.529	181.776	335.613	181.8
lv_in[4900]	INPUT	SIGNAL	M5	99.552	335.529	99.576	335.613
lv_in[4901]	INPUT	SIGNAL	M5	102.048	335.529	102.072	335.613
lv_in[4902]	INPUT	SIGNAL	M5	100.56	335.529	100.584	335.613
lv_in[4903]	INPUT	SIGNAL	M5	100.752	335.529	100.776	335.613
lv_in[4904]	INPUT	SIGNAL	M5	100.512	335.529	100.536	335.613
lv_in[4905]	INPUT	SIGNAL	M5	101.184	335.529	101.208	335.613
lv_in[4906]	INPUT	SIGNAL	M5	101.232	335.529	101.256	335.613
lv_in[4907]	INPUT	SIGNAL	M5	98.928	335.529	98.952	335.613
lv_in[4908]	INPUT	SIGNAL	M5	99.6	335.529	99.624	335.613
lv_in[4909]	INPUT	SIGNAL	M5	99.312	335.529	99.336	335.613
lv_in[490]	INPUT	SIGNAL	M4	0.0	114.96	0.084	114.984
lv_in[4910]	INPUT	SIGNAL	M5	99.504	335.529	99.528	335.613
lv_in[4911]	INPUT	SIGNAL	M5	98.256	335.529	98.28	335.613
lv_in[4912]	INPUT	SIGNAL	M5	96.96	335.529	96.984	335.613
lv_in[4913]	INPUT	SIGNAL	M5	96.576	335.529	96.6	335.613
lv_in[4914]	INPUT	SIGNAL	M5	96.768	335.529	96.792	335.613
lv_in[4915]	INPUT	SIGNAL	M5	96.912	335.529	96.936	335.613
lv_in[4916]	INPUT	SIGNAL	M5	96.336	335.529	96.36	335.613
lv_in[4917]	INPUT	SIGNAL	M5	96.864	335.529	96.888	335.613
lv_in[4918]	INPUT	SIGNAL	M5	95.952	335.529	95.976	335.613
lv_in[4919]	INPUT	SIGNAL	M5	97.056	335.529	97.08	335.613
lv_in[491]	INPUT	SIGNAL	M4	0.0	113.184	0.084	113.208
lv_in[4920]	INPUT	SIGNAL	M5	97.68	335.529	97.704	335.613
lv_in[4921]	INPUT	SIGNAL	M5	96.096	335.529	96.12	335.613
lv_in[4922]	INPUT	SIGNAL	M5	95.52	335.529	95.544	335.613
lv_in[4923]	INPUT	SIGNAL	M5	94.896	335.529	94.92	335.613
lv_in[4924]	INPUT	SIGNAL	M5	96.24	335.529	96.264	335.613
lv_in[4925]	INPUT	SIGNAL	M5	96.816	335.529	96.84	335.613
lv_in[4926]	INPUT	SIGNAL	M5	94.944	335.529	94.968	335.613
lv_in[4927]	INPUT	SIGNAL	M5	95.184	335.529	95.208	335.613
lv_in[4928]	INPUT	SIGNAL	M5	247.344	0.0	247.368	0.084
lv_in[4929]	INPUT	SIGNAL	M4	335.529	90.192	335.613	90.216
lv_in[492]	INPUT	SIGNAL	M4	0.0	116.352	0.084	116.376
lv_in[4930]	INPUT	SIGNAL	M4	335.529	92.832	335.613	92.856
lv_in[4931]	INPUT	SIGNAL	M4	335.529	91.584	335.613	91.608
lv_in[4932]	INPUT	SIGNAL	M4	335.529	89.76	335.613	89.784
lv_in[4933]	INPUT	SIGNAL	M4	335.529	92.304	335.613	92.328
lv_in[4934]	INPUT	SIGNAL	M4	335.529	91.248	335.613	91.272
lv_in[4935]	INPUT	SIGNAL	M5	243.696	0.0	243.72	0.084
lv_in[4936]	INPUT	SIGNAL	M4	335.529	88.992	335.613	89.016
lv_in[4937]	INPUT	SIGNAL	M4	335.529	90.0	335.613	90.024
lv_in[4938]	INPUT	SIGNAL	M4	335.529	89.328	335.613	89.352
lv_in[4939]	INPUT	SIGNAL	M4	335.529	87.744	335.613	87.768
lv_in[493]	INPUT	SIGNAL	M4	0.0	117.648	0.084	117.672
lv_in[4940]	INPUT	SIGNAL	M4	335.529	85.056	335.613	85.08
lv_in[4941]	INPUT	SIGNAL	M4	335.529	84.048	335.613	84.072
lv_in[4942]	INPUT	SIGNAL	M4	335.529	87.36	335.613	87.384
lv_in[4943]	INPUT	SIGNAL	M4	335.529	81.792	335.613	81.816
lv_in[4944]	INPUT	SIGNAL	M5	254.544	0.0	254.568	0.084
lv_in[4945]	INPUT	SIGNAL	M5	258.576	0.0	258.6	0.084
lv_in[4946]	INPUT	SIGNAL	M5	259.872	0.0	259.896	0.084
lv_in[4947]	INPUT	SIGNAL	M5	260.016	0.0	260.04	0.084
lv_in[4948]	INPUT	SIGNAL	M5	260.064	0.0	260.088	0.084
lv_in[4949]	INPUT	SIGNAL	M5	254.976	0.0	255.0	0.084
lv_in[494]	INPUT	SIGNAL	M4	0.0	113.28	0.084	113.304
lv_in[4950]	INPUT	SIGNAL	M5	255.024	0.0	255.048	0.084
lv_in[4951]	INPUT	SIGNAL	M5	251.616	0.0	251.64	0.084
lv_in[4952]	INPUT	SIGNAL	M5	255.12	0.0	255.144	0.084
lv_in[4953]	INPUT	SIGNAL	M5	254.64	0.0	254.664	0.084
lv_in[4954]	INPUT	SIGNAL	M5	251.952	0.0	251.976	0.084
lv_in[4955]	INPUT	SIGNAL	M5	254.016	0.0	254.04	0.084
lv_in[4956]	INPUT	SIGNAL	M5	253.68	0.0	253.704	0.084
lv_in[4957]	INPUT	SIGNAL	M5	252.768	0.0	252.792	0.084
lv_in[4958]	INPUT	SIGNAL	M5	253.056	0.0	253.08	0.084
lv_in[4959]	INPUT	SIGNAL	M5	251.472	0.0	251.496	0.084
lv_in[495]	INPUT	SIGNAL	M4	0.0	120.192	0.084	120.216
lv_in[4960]	INPUT	SIGNAL	M4	335.529	93.36	335.613	93.384
lv_in[4961]	INPUT	SIGNAL	M4	335.529	96.528	335.613	96.552
lv_in[4962]	INPUT	SIGNAL	M4	335.529	98.112	335.613	98.136
lv_in[4963]	INPUT	SIGNAL	M4	335.529	97.728	335.613	97.752
lv_in[4964]	INPUT	SIGNAL	M4	335.529	97.296	335.613	97.32
lv_in[4965]	INPUT	SIGNAL	M4	335.529	94.992	335.613	95.016
lv_in[4966]	INPUT	SIGNAL	M4	335.529	95.712	335.613	95.736
lv_in[4967]	INPUT	SIGNAL	M4	335.529	94.176	335.613	94.2
lv_in[4968]	INPUT	SIGNAL	M4	335.529	97.776	335.613	97.8
lv_in[4969]	INPUT	SIGNAL	M4	335.529	96.432	335.613	96.456
lv_in[496]	INPUT	SIGNAL	M4	0.0	112.128	0.084	112.152
lv_in[4970]	INPUT	SIGNAL	M4	335.529	95.136	335.613	95.16
lv_in[4971]	INPUT	SIGNAL	M4	335.529	91.344	335.613	91.368
lv_in[4972]	INPUT	SIGNAL	M4	335.529	93.456	335.613	93.48
lv_in[4973]	INPUT	SIGNAL	M4	335.529	86.016	335.613	86.04
lv_in[4974]	INPUT	SIGNAL	M4	335.529	88.8	335.613	88.824
lv_in[4975]	INPUT	SIGNAL	M4	335.529	84.864	335.613	84.888
lv_in[4976]	INPUT	SIGNAL	M5	253.008	0.0	253.032	0.084
lv_in[4977]	INPUT	SIGNAL	M5	255.648	0.0	255.672	0.084
lv_in[4978]	INPUT	SIGNAL	M5	255.504	0.0	255.528	0.084
lv_in[4979]	INPUT	SIGNAL	M5	255.888	0.0	255.912	0.084
lv_in[497]	INPUT	SIGNAL	M4	0.0	120.24	0.084	120.264
lv_in[4980]	INPUT	SIGNAL	M5	255.552	0.0	255.576	0.084
lv_in[4981]	INPUT	SIGNAL	M5	254.832	0.0	254.856	0.084
lv_in[4982]	INPUT	SIGNAL	M5	253.92	0.0	253.944	0.084
lv_in[4983]	INPUT	SIGNAL	M5	254.688	0.0	254.712	0.084
lv_in[4984]	INPUT	SIGNAL	M5	253.968	0.0	253.992	0.084
lv_in[4985]	INPUT	SIGNAL	M5	255.696	0.0	255.72	0.084
lv_in[4986]	INPUT	SIGNAL	M5	255.408	0.0	255.432	0.084
lv_in[4987]	INPUT	SIGNAL	M5	254.208	0.0	254.232	0.084
lv_in[4988]	INPUT	SIGNAL	M5	256.128	0.0	256.152	0.084
lv_in[4989]	INPUT	SIGNAL	M5	256.656	0.0	256.68	0.084
lv_in[498]	INPUT	SIGNAL	M4	0.0	117.456	0.084	117.48
lv_in[4990]	INPUT	SIGNAL	M5	254.352	0.0	254.376	0.084
lv_in[4991]	INPUT	SIGNAL	M5	253.488	0.0	253.512	0.084
lv_in[4992]	INPUT	SIGNAL	M4	0.0	200.88	0.084	200.904
lv_in[4993]	INPUT	SIGNAL	M4	0.0	204.096	0.084	204.12
lv_in[4994]	INPUT	SIGNAL	M4	0.0	206.88	0.084	206.904
lv_in[4995]	INPUT	SIGNAL	M4	0.0	205.152	0.084	205.176
lv_in[4996]	INPUT	SIGNAL	M4	0.0	207.984	0.084	208.008
lv_in[4997]	INPUT	SIGNAL	M4	0.0	201.36	0.084	201.384
lv_in[4998]	INPUT	SIGNAL	M4	0.0	202.272	0.084	202.296
lv_in[4999]	INPUT	SIGNAL	M4	0.0	199.824	0.084	199.848
lv_in[499]	INPUT	SIGNAL	M4	0.0	113.424	0.084	113.448
lv_in[49]	INPUT	SIGNAL	M4	335.529	189.6	335.613	189.624
lv_in[4]	INPUT	SIGNAL	M4	335.529	184.992	335.613	185.016
lv_in[5000]	INPUT	SIGNAL	M4	0.0	187.056	0.084	187.08
lv_in[5001]	INPUT	SIGNAL	M4	0.0	188.688	0.084	188.712
lv_in[5002]	INPUT	SIGNAL	M4	0.0	188.016	0.084	188.04
lv_in[5003]	INPUT	SIGNAL	M4	0.0	185.76	0.084	185.784
lv_in[5004]	INPUT	SIGNAL	M4	0.0	185.616	0.084	185.64
lv_in[5005]	INPUT	SIGNAL	M4	0.0	184.992	0.084	185.016
lv_in[5006]	INPUT	SIGNAL	M4	0.0	183.504	0.084	183.528
lv_in[5007]	INPUT	SIGNAL	M4	0.0	181.248	0.084	181.272
lv_in[5008]	INPUT	SIGNAL	M4	0.0	181.872	0.084	181.896
lv_in[5009]	INPUT	SIGNAL	M4	0.0	176.688	0.084	176.712
lv_in[500]	INPUT	SIGNAL	M4	0.0	115.92	0.084	115.944
lv_in[5010]	INPUT	SIGNAL	M4	0.0	178.896	0.084	178.92
lv_in[5011]	INPUT	SIGNAL	M4	0.0	175.824	0.084	175.848
lv_in[5012]	INPUT	SIGNAL	M4	0.0	180.24	0.084	180.264
lv_in[5013]	INPUT	SIGNAL	M4	0.0	172.944	0.084	172.968
lv_in[5014]	INPUT	SIGNAL	M4	0.0	170.256	0.084	170.28
lv_in[5015]	INPUT	SIGNAL	M4	0.0	167.424	0.084	167.448
lv_in[5016]	INPUT	SIGNAL	M4	0.0	170.208	0.084	170.232
lv_in[5017]	INPUT	SIGNAL	M4	0.0	169.392	0.084	169.416
lv_in[5018]	INPUT	SIGNAL	M4	0.0	170.352	0.084	170.376
lv_in[5019]	INPUT	SIGNAL	M4	0.0	169.632	0.084	169.656
lv_in[501]	INPUT	SIGNAL	M4	0.0	122.592	0.084	122.616
lv_in[5020]	INPUT	SIGNAL	M4	0.0	170.784	0.084	170.808
lv_in[5021]	INPUT	SIGNAL	M4	0.0	170.16	0.084	170.184
lv_in[5022]	INPUT	SIGNAL	M4	0.0	170.592	0.084	170.616
lv_in[5023]	INPUT	SIGNAL	M4	0.0	172.704	0.084	172.728
lv_in[5024]	INPUT	SIGNAL	M4	0.0	194.4	0.084	194.424
lv_in[5025]	INPUT	SIGNAL	M4	0.0	203.088	0.084	203.112
lv_in[5026]	INPUT	SIGNAL	M4	0.0	213.888	0.084	213.912
lv_in[5027]	INPUT	SIGNAL	M4	0.0	208.8	0.084	208.824
lv_in[5028]	INPUT	SIGNAL	M4	0.0	209.76	0.084	209.784
lv_in[5029]	INPUT	SIGNAL	M4	0.0	199.296	0.084	199.32
lv_in[502]	INPUT	SIGNAL	M4	0.0	124.176	0.084	124.2
lv_in[5030]	INPUT	SIGNAL	M4	0.0	193.488	0.084	193.512
lv_in[5031]	INPUT	SIGNAL	M4	0.0	195.888	0.084	195.912
lv_in[5032]	INPUT	SIGNAL	M4	0.0	190.272	0.084	190.296
lv_in[5033]	INPUT	SIGNAL	M4	0.0	192.48	0.084	192.504
lv_in[5034]	INPUT	SIGNAL	M4	0.0	191.184	0.084	191.208
lv_in[5035]	INPUT	SIGNAL	M4	0.0	185.472	0.084	185.496
lv_in[5036]	INPUT	SIGNAL	M4	0.0	184.56	0.084	184.584
lv_in[5037]	INPUT	SIGNAL	M4	0.0	183.216	0.084	183.24
lv_in[5038]	INPUT	SIGNAL	M4	0.0	183.792	0.084	183.816
lv_in[5039]	INPUT	SIGNAL	M4	0.0	180.768	0.084	180.792
lv_in[503]	INPUT	SIGNAL	M4	0.0	124.56	0.084	124.584
lv_in[5040]	INPUT	SIGNAL	M4	0.0	183.888	0.084	183.912
lv_in[5041]	INPUT	SIGNAL	M4	0.0	179.856	0.084	179.88
lv_in[5042]	INPUT	SIGNAL	M4	0.0	179.568	0.084	179.592
lv_in[5043]	INPUT	SIGNAL	M4	0.0	180.72	0.084	180.744
lv_in[5044]	INPUT	SIGNAL	M4	0.0	178.368	0.084	178.392
lv_in[5045]	INPUT	SIGNAL	M4	0.0	173.424	0.084	173.448
lv_in[5046]	INPUT	SIGNAL	M4	0.0	176.976	0.084	177.0
lv_in[5047]	INPUT	SIGNAL	M4	0.0	175.248	0.084	175.272
lv_in[5048]	INPUT	SIGNAL	M4	0.0	175.392	0.084	175.416
lv_in[5049]	INPUT	SIGNAL	M4	0.0	174.672	0.084	174.696
lv_in[504]	INPUT	SIGNAL	M4	0.0	125.664	0.084	125.688
lv_in[5050]	INPUT	SIGNAL	M4	0.0	174.624	0.084	174.648
lv_in[5051]	INPUT	SIGNAL	M4	0.0	173.232	0.084	173.256
lv_in[5052]	INPUT	SIGNAL	M4	0.0	173.376	0.084	173.4
lv_in[5053]	INPUT	SIGNAL	M4	0.0	172.512	0.084	172.536
lv_in[5054]	INPUT	SIGNAL	M4	0.0	172.464	0.084	172.488
lv_in[5055]	INPUT	SIGNAL	M4	0.0	172.416	0.084	172.44
lv_in[5056]	INPUT	SIGNAL	M4	335.529	107.952	335.613	107.976
lv_in[5057]	INPUT	SIGNAL	M4	335.529	112.272	335.613	112.296
lv_in[5058]	INPUT	SIGNAL	M4	335.529	114.528	335.613	114.552
lv_in[5059]	INPUT	SIGNAL	M4	335.529	114.384	335.613	114.408
lv_in[505]	INPUT	SIGNAL	M4	0.0	127.92	0.084	127.944
lv_in[5060]	INPUT	SIGNAL	M4	335.529	113.328	335.613	113.352
lv_in[5061]	INPUT	SIGNAL	M4	335.529	112.464	335.613	112.488
lv_in[5062]	INPUT	SIGNAL	M4	335.529	111.168	335.613	111.192
lv_in[5063]	INPUT	SIGNAL	M4	335.529	111.312	335.613	111.336
lv_in[5064]	INPUT	SIGNAL	M4	335.529	108.912	335.613	108.936
lv_in[5065]	INPUT	SIGNAL	M4	335.529	110.208	335.613	110.232
lv_in[5066]	INPUT	SIGNAL	M4	335.529	110.016	335.613	110.04
lv_in[5067]	INPUT	SIGNAL	M4	335.529	106.992	335.613	107.016
lv_in[5068]	INPUT	SIGNAL	M4	335.529	107.616	335.613	107.64
lv_in[5069]	INPUT	SIGNAL	M4	335.529	107.568	335.613	107.592
lv_in[506]	INPUT	SIGNAL	M4	0.0	132.096	0.084	132.12
lv_in[5070]	INPUT	SIGNAL	M4	335.529	106.752	335.613	106.776
lv_in[5071]	INPUT	SIGNAL	M4	335.529	105.264	335.613	105.288
lv_in[5072]	INPUT	SIGNAL	M4	335.529	104.88	335.613	104.904
lv_in[5073]	INPUT	SIGNAL	M4	335.529	103.536	335.613	103.56
lv_in[5074]	INPUT	SIGNAL	M4	335.529	103.824	335.613	103.848
lv_in[5075]	INPUT	SIGNAL	M4	335.529	102.336	335.613	102.36
lv_in[5076]	INPUT	SIGNAL	M4	335.529	102.24	335.613	102.264
lv_in[5077]	INPUT	SIGNAL	M4	335.529	100.128	335.613	100.152
lv_in[5078]	INPUT	SIGNAL	M4	335.529	98.736	335.613	98.76
lv_in[5079]	INPUT	SIGNAL	M4	335.529	98.688	335.613	98.712
lv_in[507]	INPUT	SIGNAL	M4	0.0	126.72	0.084	126.744
lv_in[5080]	INPUT	SIGNAL	M4	335.529	93.84	335.613	93.864
lv_in[5081]	INPUT	SIGNAL	M4	335.529	92.928	335.613	92.952
lv_in[5082]	INPUT	SIGNAL	M4	335.529	96.336	335.613	96.36
lv_in[5083]	INPUT	SIGNAL	M4	335.529	97.536	335.613	97.56
lv_in[5084]	INPUT	SIGNAL	M4	335.529	94.944	335.613	94.968
lv_in[5085]	INPUT	SIGNAL	M4	335.529	92.592	335.613	92.616
lv_in[5086]	INPUT	SIGNAL	M4	335.529	96.048	335.613	96.072
lv_in[5087]	INPUT	SIGNAL	M4	335.529	101.328	335.613	101.352
lv_in[5088]	INPUT	SIGNAL	M4	335.529	111.456	335.613	111.48
lv_in[5089]	INPUT	SIGNAL	M4	335.529	118.272	335.613	118.296
lv_in[508]	INPUT	SIGNAL	M4	0.0	130.752	0.084	130.776
lv_in[5090]	INPUT	SIGNAL	M4	335.529	117.984	335.613	118.008
lv_in[5091]	INPUT	SIGNAL	M4	335.529	116.928	335.613	116.952
lv_in[5092]	INPUT	SIGNAL	M4	335.529	115.92	335.613	115.944
lv_in[5093]	INPUT	SIGNAL	M4	335.529	118.464	335.613	118.488
lv_in[5094]	INPUT	SIGNAL	M4	335.529	117.84	335.613	117.864
lv_in[5095]	INPUT	SIGNAL	M4	335.529	117.552	335.613	117.576
lv_in[5096]	INPUT	SIGNAL	M4	335.529	116.832	335.613	116.856
lv_in[5097]	INPUT	SIGNAL	M4	335.529	112.56	335.613	112.584
lv_in[5098]	INPUT	SIGNAL	M4	335.529	115.632	335.613	115.656
lv_in[5099]	INPUT	SIGNAL	M4	335.529	109.392	335.613	109.416
lv_in[509]	INPUT	SIGNAL	M4	0.0	130.656	0.084	130.68
lv_in[50]	INPUT	SIGNAL	M4	335.529	186.72	335.613	186.744
lv_in[5100]	INPUT	SIGNAL	M4	335.529	109.056	335.613	109.08
lv_in[5101]	INPUT	SIGNAL	M4	335.529	108.192	335.613	108.216
lv_in[5102]	INPUT	SIGNAL	M4	335.529	106.704	335.613	106.728
lv_in[5103]	INPUT	SIGNAL	M4	335.529	106.128	335.613	106.152
lv_in[5104]	INPUT	SIGNAL	M4	335.529	107.472	335.613	107.496
lv_in[5105]	INPUT	SIGNAL	M4	335.529	104.352	335.613	104.376
lv_in[5106]	INPUT	SIGNAL	M4	335.529	104.4	335.613	104.424
lv_in[5107]	INPUT	SIGNAL	M4	335.529	105.312	335.613	105.336
lv_in[5108]	INPUT	SIGNAL	M4	335.529	104.784	335.613	104.808
lv_in[5109]	INPUT	SIGNAL	M4	335.529	105.936	335.613	105.96
lv_in[510]	INPUT	SIGNAL	M4	0.0	131.856	0.084	131.88
lv_in[5110]	INPUT	SIGNAL	M4	335.529	104.688	335.613	104.712
lv_in[5111]	INPUT	SIGNAL	M4	335.529	102.96	335.613	102.984
lv_in[5112]	INPUT	SIGNAL	M4	335.529	102.912	335.613	102.936
lv_in[5113]	INPUT	SIGNAL	M4	335.529	102.72	335.613	102.744
lv_in[5114]	INPUT	SIGNAL	M4	335.529	104.448	335.613	104.472
lv_in[5115]	INPUT	SIGNAL	M4	335.529	105.648	335.613	105.672
lv_in[5116]	INPUT	SIGNAL	M4	335.529	104.256	335.613	104.28
lv_in[5117]	INPUT	SIGNAL	M4	335.529	106.368	335.613	106.392
lv_in[5118]	INPUT	SIGNAL	M4	335.529	102.528	335.613	102.552
lv_in[5119]	INPUT	SIGNAL	M4	335.529	107.856	335.613	107.88
lv_in[511]	INPUT	SIGNAL	M4	0.0	120.672	0.084	120.696
lv_in[5120]	INPUT	SIGNAL	M5	175.68	335.529	175.704	335.613
lv_in[5121]	INPUT	SIGNAL	M5	168.48	335.529	168.504	335.613
lv_in[5122]	INPUT	SIGNAL	M5	167.328	335.529	167.352	335.613
lv_in[5123]	INPUT	SIGNAL	M5	166.08	335.529	166.104	335.613
lv_in[5124]	INPUT	SIGNAL	M5	168.624	335.529	168.648	335.613
lv_in[5125]	INPUT	SIGNAL	M5	171.168	335.529	171.192	335.613
lv_in[5126]	INPUT	SIGNAL	M5	170.4	335.529	170.424	335.613
lv_in[5127]	INPUT	SIGNAL	M5	171.888	335.529	171.912	335.613
lv_in[5128]	INPUT	SIGNAL	M5	174.72	335.529	174.744	335.613
lv_in[5129]	INPUT	SIGNAL	M5	174.816	335.529	174.84	335.613
lv_in[512]	INPUT	SIGNAL	M4	0.0	102.0	0.084	102.024
lv_in[5130]	INPUT	SIGNAL	M5	174.912	335.529	174.936	335.613
lv_in[5131]	INPUT	SIGNAL	M5	181.008	335.529	181.032	335.613
lv_in[5132]	INPUT	SIGNAL	M5	184.128	335.529	184.152	335.613
lv_in[5133]	INPUT	SIGNAL	M5	180.432	335.529	180.456	335.613
lv_in[5134]	INPUT	SIGNAL	M5	181.152	335.529	181.176	335.613
lv_in[5135]	INPUT	SIGNAL	M5	184.32	335.529	184.344	335.613
lv_in[5136]	INPUT	SIGNAL	M5	184.464	335.529	184.488	335.613
lv_in[5137]	INPUT	SIGNAL	M5	189.84	335.529	189.864	335.613
lv_in[5138]	INPUT	SIGNAL	M5	189.36	335.529	189.384	335.613
lv_in[5139]	INPUT	SIGNAL	M5	189.408	335.529	189.432	335.613
lv_in[513]	INPUT	SIGNAL	M4	0.0	101.088	0.084	101.112
lv_in[5140]	INPUT	SIGNAL	M5	189.888	335.529	189.912	335.613
lv_in[5141]	INPUT	SIGNAL	M5	188.112	335.529	188.136	335.613
lv_in[5142]	INPUT	SIGNAL	M5	186.768	335.529	186.792	335.613
lv_in[5143]	INPUT	SIGNAL	M5	186.528	335.529	186.552	335.613
lv_in[5144]	INPUT	SIGNAL	M5	188.064	335.529	188.088	335.613
lv_in[5145]	INPUT	SIGNAL	M5	185.04	335.529	185.064	335.613
lv_in[5146]	INPUT	SIGNAL	M5	186.048	335.529	186.072	335.613
lv_in[5147]	INPUT	SIGNAL	M5	185.952	335.529	185.976	335.613
lv_in[5148]	INPUT	SIGNAL	M5	186.336	335.529	186.36	335.613
lv_in[5149]	INPUT	SIGNAL	M5	186.24	335.529	186.264	335.613
lv_in[514]	INPUT	SIGNAL	M4	0.0	99.264	0.084	99.288
lv_in[5150]	INPUT	SIGNAL	M5	187.776	335.529	187.8	335.613
lv_in[5151]	INPUT	SIGNAL	M5	185.616	335.529	185.64	335.613
lv_in[5152]	INPUT	SIGNAL	M5	172.896	335.529	172.92	335.613
lv_in[5153]	INPUT	SIGNAL	M5	165.312	335.529	165.336	335.613
lv_in[5154]	INPUT	SIGNAL	M5	166.416	335.529	166.44	335.613
lv_in[5155]	INPUT	SIGNAL	M5	165.024	335.529	165.048	335.613
lv_in[5156]	INPUT	SIGNAL	M5	165.648	335.529	165.672	335.613
lv_in[5157]	INPUT	SIGNAL	M5	163.536	335.529	163.56	335.613
lv_in[5158]	INPUT	SIGNAL	M5	165.36	335.529	165.384	335.613
lv_in[5159]	INPUT	SIGNAL	M5	164.64	335.529	164.664	335.613
lv_in[515]	INPUT	SIGNAL	M4	0.0	106.992	0.084	107.016
lv_in[5160]	INPUT	SIGNAL	M5	171.936	335.529	171.96	335.613
lv_in[5161]	INPUT	SIGNAL	M5	173.424	335.529	173.448	335.613
lv_in[5162]	INPUT	SIGNAL	M5	173.472	335.529	173.496	335.613
lv_in[5163]	INPUT	SIGNAL	M5	176.976	335.529	177.0	335.613
lv_in[5164]	INPUT	SIGNAL	M5	177.168	335.529	177.192	335.613
lv_in[5165]	INPUT	SIGNAL	M5	179.664	335.529	179.688	335.613
lv_in[5166]	INPUT	SIGNAL	M5	179.616	335.529	179.64	335.613
lv_in[5167]	INPUT	SIGNAL	M5	180.576	335.529	180.6	335.613
lv_in[5168]	INPUT	SIGNAL	M5	180.0	335.529	180.024	335.613
lv_in[5169]	INPUT	SIGNAL	M5	183.312	335.529	183.336	335.613
lv_in[516]	INPUT	SIGNAL	M4	0.0	107.184	0.084	107.208
lv_in[5170]	INPUT	SIGNAL	M5	183.504	335.529	183.528	335.613
lv_in[5171]	INPUT	SIGNAL	M5	183.12	335.529	183.144	335.613
lv_in[5172]	INPUT	SIGNAL	M5	182.832	335.529	182.856	335.613
lv_in[5173]	INPUT	SIGNAL	M5	180.048	335.529	180.072	335.613
lv_in[5174]	INPUT	SIGNAL	M5	182.784	335.529	182.808	335.613
lv_in[5175]	INPUT	SIGNAL	M5	183.984	335.529	184.008	335.613
lv_in[5176]	INPUT	SIGNAL	M5	183.888	335.529	183.912	335.613
lv_in[5177]	INPUT	SIGNAL	M5	183.024	335.529	183.048	335.613
lv_in[5178]	INPUT	SIGNAL	M5	182.112	335.529	182.136	335.613
lv_in[5179]	INPUT	SIGNAL	M5	182.208	335.529	182.232	335.613
lv_in[517]	INPUT	SIGNAL	M4	0.0	106.848	0.084	106.872
lv_in[5180]	INPUT	SIGNAL	M5	183.744	335.529	183.768	335.613
lv_in[5181]	INPUT	SIGNAL	M5	182.352	335.529	182.376	335.613
lv_in[5182]	INPUT	SIGNAL	M5	183.696	335.529	183.72	335.613
lv_in[5183]	INPUT	SIGNAL	M5	183.36	335.529	183.384	335.613
lv_in[5184]	INPUT	SIGNAL	M4	0.0	203.712	0.084	203.736
lv_in[5185]	INPUT	SIGNAL	M4	0.0	193.104	0.084	193.128
lv_in[5186]	INPUT	SIGNAL	M4	0.0	192.144	0.084	192.168
lv_in[5187]	INPUT	SIGNAL	M4	0.0	187.488	0.084	187.512
lv_in[5188]	INPUT	SIGNAL	M4	0.0	189.168	0.084	189.192
lv_in[5189]	INPUT	SIGNAL	M4	0.0	198.48	0.084	198.504
lv_in[518]	INPUT	SIGNAL	M4	0.0	107.856	0.084	107.88
lv_in[5190]	INPUT	SIGNAL	M4	0.0	187.392	0.084	187.416
lv_in[5191]	INPUT	SIGNAL	M4	0.0	186.576	0.084	186.6
lv_in[5192]	INPUT	SIGNAL	M4	0.0	191.856	0.084	191.88
lv_in[5193]	INPUT	SIGNAL	M4	0.0	188.112	0.084	188.136
lv_in[5194]	INPUT	SIGNAL	M4	0.0	188.352	0.084	188.376
lv_in[5195]	INPUT	SIGNAL	M4	0.0	194.304	0.084	194.328
lv_in[5196]	INPUT	SIGNAL	M4	0.0	194.256	0.084	194.28
lv_in[5197]	INPUT	SIGNAL	M4	0.0	195.168	0.084	195.192
lv_in[5198]	INPUT	SIGNAL	M4	0.0	197.904	0.084	197.928
lv_in[5199]	INPUT	SIGNAL	M4	0.0	195.552	0.084	195.576
lv_in[519]	INPUT	SIGNAL	M4	0.0	104.88	0.084	104.904
lv_in[51]	INPUT	SIGNAL	M4	335.529	188.688	335.613	188.712
lv_in[5200]	INPUT	SIGNAL	M4	0.0	196.176	0.084	196.2
lv_in[5201]	INPUT	SIGNAL	M4	0.0	197.232	0.084	197.256
lv_in[5202]	INPUT	SIGNAL	M4	0.0	198.288	0.084	198.312
lv_in[5203]	INPUT	SIGNAL	M4	0.0	194.544	0.084	194.568
lv_in[5204]	INPUT	SIGNAL	M4	0.0	197.28	0.084	197.304
lv_in[5205]	INPUT	SIGNAL	M4	0.0	209.232	0.084	209.256
lv_in[5206]	INPUT	SIGNAL	M4	0.0	209.952	0.084	209.976
lv_in[5207]	INPUT	SIGNAL	M4	0.0	210.912	0.084	210.936
lv_in[5208]	INPUT	SIGNAL	M4	0.0	215.328	0.084	215.352
lv_in[5209]	INPUT	SIGNAL	M4	0.0	215.52	0.084	215.544
lv_in[520]	INPUT	SIGNAL	M4	0.0	102.768	0.084	102.792
lv_in[5210]	INPUT	SIGNAL	M4	0.0	212.592	0.084	212.616
lv_in[5211]	INPUT	SIGNAL	M4	0.0	214.176	0.084	214.2
lv_in[5212]	INPUT	SIGNAL	M4	0.0	213.072	0.084	213.096
lv_in[5213]	INPUT	SIGNAL	M4	0.0	208.272	0.084	208.296
lv_in[5214]	INPUT	SIGNAL	M4	0.0	207.168	0.084	207.192
lv_in[5215]	INPUT	SIGNAL	M4	0.0	206.064	0.084	206.088
lv_in[5216]	INPUT	SIGNAL	M4	0.0	201.072	0.084	201.096
lv_in[5217]	INPUT	SIGNAL	M4	0.0	195.648	0.084	195.672
lv_in[5218]	INPUT	SIGNAL	M4	0.0	193.152	0.084	193.176
lv_in[5219]	INPUT	SIGNAL	M4	0.0	198.912	0.084	198.936
lv_in[521]	INPUT	SIGNAL	M4	0.0	104.064	0.084	104.088
lv_in[5220]	INPUT	SIGNAL	M4	0.0	196.464	0.084	196.488
lv_in[5221]	INPUT	SIGNAL	M4	0.0	200.16	0.084	200.184
lv_in[5222]	INPUT	SIGNAL	M4	0.0	197.184	0.084	197.208
lv_in[5223]	INPUT	SIGNAL	M4	0.0	198.624	0.084	198.648
lv_in[5224]	INPUT	SIGNAL	M4	0.0	194.16	0.084	194.184
lv_in[5225]	INPUT	SIGNAL	M4	0.0	194.112	0.084	194.136
lv_in[5226]	INPUT	SIGNAL	M4	0.0	195.264	0.084	195.288
lv_in[5227]	INPUT	SIGNAL	M4	0.0	204.288	0.084	204.312
lv_in[5228]	INPUT	SIGNAL	M4	0.0	205.104	0.084	205.128
lv_in[5229]	INPUT	SIGNAL	M4	0.0	214.8	0.084	214.824
lv_in[522]	INPUT	SIGNAL	M4	0.0	105.744	0.084	105.768
lv_in[5230]	INPUT	SIGNAL	M4	0.0	213.84	0.084	213.864
lv_in[5231]	INPUT	SIGNAL	M4	0.0	216.96	0.084	216.984
lv_in[5232]	INPUT	SIGNAL	M4	0.0	212.544	0.084	212.568
lv_in[5233]	INPUT	SIGNAL	M4	0.0	219.504	0.084	219.528
lv_in[5234]	INPUT	SIGNAL	M4	0.0	215.856	0.084	215.88
lv_in[5235]	INPUT	SIGNAL	M4	0.0	217.92	0.084	217.944
lv_in[5236]	INPUT	SIGNAL	M4	0.0	224.88	0.084	224.904
lv_in[5237]	INPUT	SIGNAL	M4	0.0	210.672	0.084	210.696
lv_in[5238]	INPUT	SIGNAL	M4	0.0	210.864	0.084	210.888
lv_in[5239]	INPUT	SIGNAL	M4	0.0	205.68	0.084	205.704
lv_in[523]	INPUT	SIGNAL	M4	0.0	100.848	0.084	100.872
lv_in[5240]	INPUT	SIGNAL	M4	0.0	207.6	0.084	207.624
lv_in[5241]	INPUT	SIGNAL	M4	0.0	207.552	0.084	207.576
lv_in[5242]	INPUT	SIGNAL	M4	0.0	207.648	0.084	207.672
lv_in[5243]	INPUT	SIGNAL	M4	0.0	206.496	0.084	206.52
lv_in[5244]	INPUT	SIGNAL	M4	0.0	201.936	0.084	201.96
lv_in[5245]	INPUT	SIGNAL	M4	0.0	204.192	0.084	204.216
lv_in[5246]	INPUT	SIGNAL	M4	0.0	209.712	0.084	209.736
lv_in[5247]	INPUT	SIGNAL	M4	0.0	202.32	0.084	202.344
lv_in[5248]	INPUT	SIGNAL	M4	0.0	163.68	0.084	163.704
lv_in[5249]	INPUT	SIGNAL	M4	0.0	163.248	0.084	163.272
lv_in[524]	INPUT	SIGNAL	M4	0.0	101.712	0.084	101.736
lv_in[5250]	INPUT	SIGNAL	M4	0.0	152.736	0.084	152.76
lv_in[5251]	INPUT	SIGNAL	M4	0.0	155.904	0.084	155.928
lv_in[5252]	INPUT	SIGNAL	M4	0.0	157.2	0.084	157.224
lv_in[5253]	INPUT	SIGNAL	M4	0.0	157.632	0.084	157.656
lv_in[5254]	INPUT	SIGNAL	M4	0.0	157.872	0.084	157.896
lv_in[5255]	INPUT	SIGNAL	M4	0.0	153.456	0.084	153.48
lv_in[5256]	INPUT	SIGNAL	M4	0.0	163.584	0.084	163.608
lv_in[5257]	INPUT	SIGNAL	M4	0.0	162.864	0.084	162.888
lv_in[5258]	INPUT	SIGNAL	M4	0.0	158.928	0.084	158.952
lv_in[5259]	INPUT	SIGNAL	M4	0.0	160.08	0.084	160.104
lv_in[525]	INPUT	SIGNAL	M4	0.0	101.04	0.084	101.064
lv_in[5260]	INPUT	SIGNAL	M4	0.0	157.008	0.084	157.032
lv_in[5261]	INPUT	SIGNAL	M4	0.0	158.688	0.084	158.712
lv_in[5262]	INPUT	SIGNAL	M4	0.0	162.912	0.084	162.936
lv_in[5263]	INPUT	SIGNAL	M4	0.0	162.48	0.084	162.504
lv_in[5264]	INPUT	SIGNAL	M4	0.0	158.208	0.084	158.232
lv_in[5265]	INPUT	SIGNAL	M4	0.0	157.68	0.084	157.704
lv_in[5266]	INPUT	SIGNAL	M4	0.0	159.312	0.084	159.336
lv_in[5267]	INPUT	SIGNAL	M4	0.0	156.672	0.084	156.696
lv_in[5268]	INPUT	SIGNAL	M4	0.0	156.24	0.084	156.264
lv_in[5269]	INPUT	SIGNAL	M4	0.0	158.352	0.084	158.376
lv_in[526]	INPUT	SIGNAL	M4	0.0	101.232	0.084	101.256
lv_in[5270]	INPUT	SIGNAL	M4	0.0	169.008	0.084	169.032
lv_in[5271]	INPUT	SIGNAL	M4	0.0	167.232	0.084	167.256
lv_in[5272]	INPUT	SIGNAL	M4	0.0	166.992	0.084	167.016
lv_in[5273]	INPUT	SIGNAL	M4	0.0	167.184	0.084	167.208
lv_in[5274]	INPUT	SIGNAL	M4	0.0	158.88	0.084	158.904
lv_in[5275]	INPUT	SIGNAL	M4	0.0	155.184	0.084	155.208
lv_in[5276]	INPUT	SIGNAL	M4	0.0	166.8	0.084	166.824
lv_in[5277]	INPUT	SIGNAL	M4	0.0	166.752	0.084	166.776
lv_in[5278]	INPUT	SIGNAL	M4	0.0	166.944	0.084	166.968
lv_in[5279]	INPUT	SIGNAL	M4	0.0	154.512	0.084	154.536
lv_in[527]	INPUT	SIGNAL	M4	0.0	99.936	0.084	99.96
lv_in[5280]	INPUT	SIGNAL	M4	0.0	242.016	0.084	242.04
lv_in[5281]	INPUT	SIGNAL	M4	0.0	242.544	0.084	242.568
lv_in[5282]	INPUT	SIGNAL	M4	0.0	244.128	0.084	244.152
lv_in[5283]	INPUT	SIGNAL	M4	0.0	246.432	0.084	246.456
lv_in[5284]	INPUT	SIGNAL	M4	0.0	245.184	0.084	245.208
lv_in[5285]	INPUT	SIGNAL	M4	0.0	242.304	0.084	242.328
lv_in[5286]	INPUT	SIGNAL	M4	0.0	240.384	0.084	240.408
lv_in[5287]	INPUT	SIGNAL	M4	0.0	243.168	0.084	243.192
lv_in[5288]	INPUT	SIGNAL	M4	0.0	241.152	0.084	241.176
lv_in[5289]	INPUT	SIGNAL	M4	0.0	239.568	0.084	239.592
lv_in[528]	INPUT	SIGNAL	M4	0.0	102.144	0.084	102.168
lv_in[5290]	INPUT	SIGNAL	M4	0.0	239.712	0.084	239.736
lv_in[5291]	INPUT	SIGNAL	M4	0.0	238.224	0.084	238.248
lv_in[5292]	INPUT	SIGNAL	M4	0.0	239.376	0.084	239.4
lv_in[5293]	INPUT	SIGNAL	M4	0.0	241.824	0.084	241.848
lv_in[5294]	INPUT	SIGNAL	M4	0.0	243.84	0.084	243.864
lv_in[5295]	INPUT	SIGNAL	M4	0.0	226.368	0.084	226.392
lv_in[5296]	INPUT	SIGNAL	M4	0.0	236.736	0.084	236.76
lv_in[5297]	INPUT	SIGNAL	M4	0.0	229.152	0.084	229.176
lv_in[5298]	INPUT	SIGNAL	M4	0.0	227.28	0.084	227.304
lv_in[5299]	INPUT	SIGNAL	M4	0.0	226.32	0.084	226.344
lv_in[529]	INPUT	SIGNAL	M4	0.0	99.216	0.084	99.24
lv_in[52]	INPUT	SIGNAL	M4	335.529	185.232	335.613	185.256
lv_in[5300]	INPUT	SIGNAL	M4	0.0	228.24	0.084	228.264
lv_in[5301]	INPUT	SIGNAL	M4	0.0	228.576	0.084	228.6
lv_in[5302]	INPUT	SIGNAL	M4	0.0	232.272	0.084	232.296
lv_in[5303]	INPUT	SIGNAL	M4	0.0	231.12	0.084	231.144
lv_in[5304]	INPUT	SIGNAL	M4	0.0	231.216	0.084	231.24
lv_in[5305]	INPUT	SIGNAL	M4	0.0	229.488	0.084	229.512
lv_in[5306]	INPUT	SIGNAL	M4	0.0	231.792	0.084	231.816
lv_in[5307]	INPUT	SIGNAL	M4	0.0	231.024	0.084	231.048
lv_in[5308]	INPUT	SIGNAL	M4	0.0	230.064	0.084	230.088
lv_in[5309]	INPUT	SIGNAL	M4	0.0	230.976	0.084	231.0
lv_in[530]	INPUT	SIGNAL	M4	0.0	100.704	0.084	100.728
lv_in[5310]	INPUT	SIGNAL	M4	0.0	232.56	0.084	232.584
lv_in[5311]	INPUT	SIGNAL	M4	0.0	235.296	0.084	235.32
lv_in[5312]	INPUT	SIGNAL	M4	0.0	255.456	0.084	255.48
lv_in[5313]	INPUT	SIGNAL	M4	0.0	254.112	0.084	254.136
lv_in[5314]	INPUT	SIGNAL	M4	0.0	252.48	0.084	252.504
lv_in[5315]	INPUT	SIGNAL	M4	0.0	252.288	0.084	252.312
lv_in[5316]	INPUT	SIGNAL	M4	0.0	250.512	0.084	250.536
lv_in[5317]	INPUT	SIGNAL	M4	0.0	253.008	0.084	253.032
lv_in[5318]	INPUT	SIGNAL	M4	0.0	252.96	0.084	252.984
lv_in[5319]	INPUT	SIGNAL	M4	0.0	253.92	0.084	253.944
lv_in[531]	INPUT	SIGNAL	M4	0.0	102.24	0.084	102.264
lv_in[5320]	INPUT	SIGNAL	M4	0.0	254.256	0.084	254.28
lv_in[5321]	INPUT	SIGNAL	M4	0.0	253.728	0.084	253.752
lv_in[5322]	INPUT	SIGNAL	M4	0.0	250.848	0.084	250.872
lv_in[5323]	INPUT	SIGNAL	M4	0.0	252.624	0.084	252.648
lv_in[5324]	INPUT	SIGNAL	M4	0.0	252.336	0.084	252.36
lv_in[5325]	INPUT	SIGNAL	M4	0.0	251.376	0.084	251.4
lv_in[5326]	INPUT	SIGNAL	M4	0.0	246.912	0.084	246.936
lv_in[5327]	INPUT	SIGNAL	M4	0.0	241.008	0.084	241.032
lv_in[5328]	INPUT	SIGNAL	M4	0.0	250.272	0.084	250.296
lv_in[5329]	INPUT	SIGNAL	M4	0.0	239.184	0.084	239.208
lv_in[532]	INPUT	SIGNAL	M4	0.0	99.888	0.084	99.912
lv_in[5330]	INPUT	SIGNAL	M4	0.0	239.808	0.084	239.832
lv_in[5331]	INPUT	SIGNAL	M4	0.0	241.92	0.084	241.944
lv_in[5332]	INPUT	SIGNAL	M4	0.0	241.68	0.084	241.704
lv_in[5333]	INPUT	SIGNAL	M4	0.0	231.696	0.084	231.72
lv_in[5334]	INPUT	SIGNAL	M4	0.0	228.192	0.084	228.216
lv_in[5335]	INPUT	SIGNAL	M4	0.0	226.56	0.084	226.584
lv_in[5336]	INPUT	SIGNAL	M4	0.0	227.904	0.084	227.928
lv_in[5337]	INPUT	SIGNAL	M4	0.0	229.248	0.084	229.272
lv_in[5338]	INPUT	SIGNAL	M4	0.0	228.72	0.084	228.744
lv_in[5339]	INPUT	SIGNAL	M4	0.0	227.04	0.084	227.064
lv_in[533]	INPUT	SIGNAL	M4	0.0	100.512	0.084	100.536
lv_in[5340]	INPUT	SIGNAL	M4	0.0	230.496	0.084	230.52
lv_in[5341]	INPUT	SIGNAL	M4	0.0	228.624	0.084	228.648
lv_in[5342]	INPUT	SIGNAL	M4	0.0	229.68	0.084	229.704
lv_in[5343]	INPUT	SIGNAL	M4	0.0	231.408	0.084	231.432
lv_in[5344]	INPUT	SIGNAL	M5	100.848	0.0	100.872	0.084
lv_in[5345]	INPUT	SIGNAL	M5	98.448	0.0	98.472	0.084
lv_in[5346]	INPUT	SIGNAL	M5	94.944	0.0	94.968	0.084
lv_in[5347]	INPUT	SIGNAL	M5	98.976	0.0	99.0	0.084
lv_in[5348]	INPUT	SIGNAL	M5	95.856	0.0	95.88	0.084
lv_in[5349]	INPUT	SIGNAL	M5	91.152	0.0	91.176	0.084
lv_in[534]	INPUT	SIGNAL	M4	0.0	100.32	0.084	100.344
lv_in[5350]	INPUT	SIGNAL	M5	90.432	0.0	90.456	0.084
lv_in[5351]	INPUT	SIGNAL	M5	90.672	0.0	90.696	0.084
lv_in[5352]	INPUT	SIGNAL	M5	106.272	0.0	106.296	0.084
lv_in[5353]	INPUT	SIGNAL	M5	100.944	0.0	100.968	0.084
lv_in[5354]	INPUT	SIGNAL	M5	101.136	0.0	101.16	0.084
lv_in[5355]	INPUT	SIGNAL	M5	101.376	0.0	101.4	0.084
lv_in[5356]	INPUT	SIGNAL	M5	103.344	0.0	103.368	0.084
lv_in[5357]	INPUT	SIGNAL	M5	104.208	0.0	104.232	0.084
lv_in[5358]	INPUT	SIGNAL	M5	105.504	0.0	105.528	0.084
lv_in[5359]	INPUT	SIGNAL	M5	108.624	0.0	108.648	0.084
lv_in[535]	INPUT	SIGNAL	M4	0.0	102.816	0.084	102.84
lv_in[5360]	INPUT	SIGNAL	M5	108.96	0.0	108.984	0.084
lv_in[5361]	INPUT	SIGNAL	M5	111.024	0.0	111.048	0.084
lv_in[5362]	INPUT	SIGNAL	M5	109.968	0.0	109.992	0.084
lv_in[5363]	INPUT	SIGNAL	M5	110.976	0.0	111.0	0.084
lv_in[5364]	INPUT	SIGNAL	M5	111.168	0.0	111.192	0.084
lv_in[5365]	INPUT	SIGNAL	M5	110.928	0.0	110.952	0.084
lv_in[5366]	INPUT	SIGNAL	M5	114.048	0.0	114.072	0.084
lv_in[5367]	INPUT	SIGNAL	M5	111.936	0.0	111.96	0.084
lv_in[5368]	INPUT	SIGNAL	M5	112.56	0.0	112.584	0.084
lv_in[5369]	INPUT	SIGNAL	M5	112.032	0.0	112.056	0.084
lv_in[536]	INPUT	SIGNAL	M4	0.0	100.272	0.084	100.296
lv_in[5370]	INPUT	SIGNAL	M5	123.216	0.0	123.24	0.084
lv_in[5371]	INPUT	SIGNAL	M5	111.792	0.0	111.816	0.084
lv_in[5372]	INPUT	SIGNAL	M5	111.12	0.0	111.144	0.084
lv_in[5373]	INPUT	SIGNAL	M5	111.84	0.0	111.864	0.084
lv_in[5374]	INPUT	SIGNAL	M5	116.688	0.0	116.712	0.084
lv_in[5375]	INPUT	SIGNAL	M5	115.104	0.0	115.128	0.084
lv_in[5376]	INPUT	SIGNAL	M5	100.8	0.0	100.824	0.084
lv_in[5377]	INPUT	SIGNAL	M5	97.584	0.0	97.608	0.084
lv_in[5378]	INPUT	SIGNAL	M5	97.92	0.0	97.944	0.084
lv_in[5379]	INPUT	SIGNAL	M5	99.12	0.0	99.144	0.084
lv_in[537]	INPUT	SIGNAL	M4	0.0	101.856	0.084	101.88
lv_in[5380]	INPUT	SIGNAL	M5	96.096	0.0	96.12	0.084
lv_in[5381]	INPUT	SIGNAL	M5	91.776	0.0	91.8	0.084
lv_in[5382]	INPUT	SIGNAL	M5	91.68	0.0	91.704	0.084
lv_in[5383]	INPUT	SIGNAL	M5	91.2	0.0	91.224	0.084
lv_in[5384]	INPUT	SIGNAL	M5	102.048	0.0	102.072	0.084
lv_in[5385]	INPUT	SIGNAL	M5	92.88	0.0	92.904	0.084
lv_in[5386]	INPUT	SIGNAL	M5	101.616	0.0	101.64	0.084
lv_in[5387]	INPUT	SIGNAL	M5	102.672	0.0	102.696	0.084
lv_in[5388]	INPUT	SIGNAL	M5	102.528	0.0	102.552	0.084
lv_in[5389]	INPUT	SIGNAL	M5	104.832	0.0	104.856	0.084
lv_in[538]	INPUT	SIGNAL	M4	0.0	102.624	0.084	102.648
lv_in[5390]	INPUT	SIGNAL	M5	105.408	0.0	105.432	0.084
lv_in[5391]	INPUT	SIGNAL	M5	109.488	0.0	109.512	0.084
lv_in[5392]	INPUT	SIGNAL	M5	109.824	0.0	109.848	0.084
lv_in[5393]	INPUT	SIGNAL	M5	118.08	0.0	118.104	0.084
lv_in[5394]	INPUT	SIGNAL	M5	121.632	0.0	121.656	0.084
lv_in[5395]	INPUT	SIGNAL	M5	118.56	0.0	118.584	0.084
lv_in[5396]	INPUT	SIGNAL	M5	119.28	0.0	119.304	0.084
lv_in[5397]	INPUT	SIGNAL	M5	123.312	0.0	123.336	0.084
lv_in[5398]	INPUT	SIGNAL	M5	120.768	0.0	120.792	0.084
lv_in[5399]	INPUT	SIGNAL	M5	121.536	0.0	121.56	0.084
lv_in[539]	INPUT	SIGNAL	M4	0.0	97.776	0.084	97.8
lv_in[53]	INPUT	SIGNAL	M4	335.529	184.848	335.613	184.872
lv_in[5400]	INPUT	SIGNAL	M5	123.168	0.0	123.192	0.084
lv_in[5401]	INPUT	SIGNAL	M5	124.176	0.0	124.2	0.084
lv_in[5402]	INPUT	SIGNAL	M5	126.24	0.0	126.264	0.084
lv_in[5403]	INPUT	SIGNAL	M5	126.336	0.0	126.36	0.084
lv_in[5404]	INPUT	SIGNAL	M5	125.952	0.0	125.976	0.084
lv_in[5405]	INPUT	SIGNAL	M5	127.056	0.0	127.08	0.084
lv_in[5406]	INPUT	SIGNAL	M5	127.2	0.0	127.224	0.084
lv_in[5407]	INPUT	SIGNAL	M5	130.272	0.0	130.296	0.084
lv_in[5408]	INPUT	SIGNAL	M5	100.08	335.529	100.104	335.613
lv_in[5409]	INPUT	SIGNAL	M5	102.384	335.529	102.408	335.613
lv_in[540]	INPUT	SIGNAL	M4	0.0	100.176	0.084	100.2
lv_in[5410]	INPUT	SIGNAL	M5	102.192	335.529	102.216	335.613
lv_in[5411]	INPUT	SIGNAL	M5	102.72	335.529	102.744	335.613
lv_in[5412]	INPUT	SIGNAL	M5	101.808	335.529	101.832	335.613
lv_in[5413]	INPUT	SIGNAL	M5	105.408	335.529	105.432	335.613
lv_in[5414]	INPUT	SIGNAL	M5	105.36	335.529	105.384	335.613
lv_in[5415]	INPUT	SIGNAL	M5	105.6	335.529	105.624	335.613
lv_in[5416]	INPUT	SIGNAL	M5	99.792	335.529	99.816	335.613
lv_in[5417]	INPUT	SIGNAL	M5	99.936	335.529	99.96	335.613
lv_in[5418]	INPUT	SIGNAL	M5	99.648	335.529	99.672	335.613
lv_in[5419]	INPUT	SIGNAL	M5	99.84	335.529	99.864	335.613
lv_in[541]	INPUT	SIGNAL	M4	0.0	96.864	0.084	96.888
lv_in[5420]	INPUT	SIGNAL	M5	99.744	335.529	99.768	335.613
lv_in[5421]	INPUT	SIGNAL	M4	0.0	243.264	0.084	243.288
lv_in[5422]	INPUT	SIGNAL	M5	91.488	335.529	91.512	335.613
lv_in[5423]	INPUT	SIGNAL	M5	92.448	335.529	92.472	335.613
lv_in[5424]	INPUT	SIGNAL	M4	0.0	242.88	0.084	242.904
lv_in[5425]	INPUT	SIGNAL	M5	91.056	335.529	91.08	335.613
lv_in[5426]	INPUT	SIGNAL	M5	87.84	335.529	87.864	335.613
lv_in[5427]	INPUT	SIGNAL	M5	89.136	335.529	89.16	335.613
lv_in[5428]	INPUT	SIGNAL	M5	92.592	335.529	92.616	335.613
lv_in[5429]	INPUT	SIGNAL	M4	0.0	246.288	0.084	246.312
lv_in[542]	INPUT	SIGNAL	M4	0.0	101.376	0.084	101.4
lv_in[5430]	INPUT	SIGNAL	M4	0.0	248.352	0.084	248.376
lv_in[5431]	INPUT	SIGNAL	M4	0.0	246.096	0.084	246.12
lv_in[5432]	INPUT	SIGNAL	M4	0.0	246.576	0.084	246.6
lv_in[5433]	INPUT	SIGNAL	M4	0.0	247.392	0.084	247.416
lv_in[5434]	INPUT	SIGNAL	M4	0.0	247.488	0.084	247.512
lv_in[5435]	INPUT	SIGNAL	M4	0.0	249.504	0.084	249.528
lv_in[5436]	INPUT	SIGNAL	M4	0.0	251.04	0.084	251.064
lv_in[5437]	INPUT	SIGNAL	M4	0.0	250.464	0.084	250.488
lv_in[5438]	INPUT	SIGNAL	M4	0.0	243.36	0.084	243.384
lv_in[5439]	INPUT	SIGNAL	M4	0.0	244.32	0.084	244.344
lv_in[543]	INPUT	SIGNAL	M4	0.0	102.528	0.084	102.552
lv_in[5440]	INPUT	SIGNAL	M5	100.368	335.529	100.392	335.613
lv_in[5441]	INPUT	SIGNAL	M5	102.24	335.529	102.264	335.613
lv_in[5442]	INPUT	SIGNAL	M5	100.224	335.529	100.248	335.613
lv_in[5443]	INPUT	SIGNAL	M5	100.656	335.529	100.68	335.613
lv_in[5444]	INPUT	SIGNAL	M5	101.136	335.529	101.16	335.613
lv_in[5445]	INPUT	SIGNAL	M5	106.032	335.529	106.056	335.613
lv_in[5446]	INPUT	SIGNAL	M5	106.176	335.529	106.2	335.613
lv_in[5447]	INPUT	SIGNAL	M5	105.888	335.529	105.912	335.613
lv_in[5448]	INPUT	SIGNAL	M5	99.456	335.529	99.48	335.613
lv_in[5449]	INPUT	SIGNAL	M5	98.88	335.529	98.904	335.613
lv_in[544]	INPUT	SIGNAL	M4	0.0	163.632	0.084	163.656
lv_in[5450]	INPUT	SIGNAL	M5	99.696	335.529	99.72	335.613
lv_in[5451]	INPUT	SIGNAL	M5	99.36	335.529	99.384	335.613
lv_in[5452]	INPUT	SIGNAL	M5	97.968	335.529	97.992	335.613
lv_in[5453]	INPUT	SIGNAL	M5	92.256	335.529	92.28	335.613
lv_in[5454]	INPUT	SIGNAL	M5	92.16	335.529	92.184	335.613
lv_in[5455]	INPUT	SIGNAL	M5	88.992	335.529	89.016	335.613
lv_in[5456]	INPUT	SIGNAL	M5	89.232	335.529	89.256	335.613
lv_in[5457]	INPUT	SIGNAL	M5	88.464	335.529	88.488	335.613
lv_in[5458]	INPUT	SIGNAL	M5	89.904	335.529	89.928	335.613
lv_in[5459]	INPUT	SIGNAL	M5	88.176	335.529	88.2	335.613
lv_in[545]	INPUT	SIGNAL	M4	0.0	165.168	0.084	165.192
lv_in[5460]	INPUT	SIGNAL	M5	90.768	335.529	90.792	335.613
lv_in[5461]	INPUT	SIGNAL	M5	85.776	335.529	85.8	335.613
lv_in[5462]	INPUT	SIGNAL	M5	85.632	335.529	85.656	335.613
lv_in[5463]	INPUT	SIGNAL	M4	0.0	253.488	0.084	253.512
lv_in[5464]	INPUT	SIGNAL	M4	0.0	253.632	0.084	253.656
lv_in[5465]	INPUT	SIGNAL	M4	0.0	252.576	0.084	252.6
lv_in[5466]	INPUT	SIGNAL	M4	0.0	253.344	0.084	253.368
lv_in[5467]	INPUT	SIGNAL	M4	0.0	253.152	0.084	253.176
lv_in[5468]	INPUT	SIGNAL	M4	0.0	252.432	0.084	252.456
lv_in[5469]	INPUT	SIGNAL	M4	0.0	251.424	0.084	251.448
lv_in[546]	INPUT	SIGNAL	M4	0.0	164.976	0.084	165.0
lv_in[5470]	INPUT	SIGNAL	M4	0.0	252.048	0.084	252.072
lv_in[5471]	INPUT	SIGNAL	M4	0.0	250.8	0.084	250.824
lv_in[5472]	INPUT	SIGNAL	M5	135.888	0.0	135.912	0.084
lv_in[5473]	INPUT	SIGNAL	M5	137.472	0.0	137.496	0.084
lv_in[5474]	INPUT	SIGNAL	M5	139.968	0.0	139.992	0.084
lv_in[5475]	INPUT	SIGNAL	M5	137.568	0.0	137.592	0.084
lv_in[5476]	INPUT	SIGNAL	M5	137.712	0.0	137.736	0.084
lv_in[5477]	INPUT	SIGNAL	M5	137.184	0.0	137.208	0.084
lv_in[5478]	INPUT	SIGNAL	M5	135.696	0.0	135.72	0.084
lv_in[5479]	INPUT	SIGNAL	M5	141.216	0.0	141.24	0.084
lv_in[547]	INPUT	SIGNAL	M4	0.0	162.96	0.084	162.984
lv_in[5480]	INPUT	SIGNAL	M5	129.456	0.0	129.48	0.084
lv_in[5481]	INPUT	SIGNAL	M5	130.128	0.0	130.152	0.084
lv_in[5482]	INPUT	SIGNAL	M5	131.76	0.0	131.784	0.084
lv_in[5483]	INPUT	SIGNAL	M5	125.856	0.0	125.88	0.084
lv_in[5484]	INPUT	SIGNAL	M5	126.624	0.0	126.648	0.084
lv_in[5485]	INPUT	SIGNAL	M5	127.104	0.0	127.128	0.084
lv_in[5486]	INPUT	SIGNAL	M5	126.72	0.0	126.744	0.084
lv_in[5487]	INPUT	SIGNAL	M5	124.368	0.0	124.392	0.084
lv_in[5488]	INPUT	SIGNAL	M5	124.08	0.0	124.104	0.084
lv_in[5489]	INPUT	SIGNAL	M5	122.64	0.0	122.664	0.084
lv_in[548]	INPUT	SIGNAL	M4	0.0	152.928	0.084	152.952
lv_in[5490]	INPUT	SIGNAL	M5	122.928	0.0	122.952	0.084
lv_in[5491]	INPUT	SIGNAL	M5	123.696	0.0	123.72	0.084
lv_in[5492]	INPUT	SIGNAL	M5	122.688	0.0	122.712	0.084
lv_in[5493]	INPUT	SIGNAL	M5	122.496	0.0	122.52	0.084
lv_in[5494]	INPUT	SIGNAL	M5	120.288	0.0	120.312	0.084
lv_in[5495]	INPUT	SIGNAL	M5	119.376	0.0	119.4	0.084
lv_in[5496]	INPUT	SIGNAL	M5	119.856	0.0	119.88	0.084
lv_in[5497]	INPUT	SIGNAL	M5	119.904	0.0	119.928	0.084
lv_in[5498]	INPUT	SIGNAL	M5	120.624	0.0	120.648	0.084
lv_in[5499]	INPUT	SIGNAL	M5	123.744	0.0	123.768	0.084
lv_in[549]	INPUT	SIGNAL	M4	0.0	164.304	0.084	164.328
lv_in[54]	INPUT	SIGNAL	M4	335.529	171.6	335.613	171.624
lv_in[5500]	INPUT	SIGNAL	M5	121.584	0.0	121.608	0.084
lv_in[5501]	INPUT	SIGNAL	M5	122.16	0.0	122.184	0.084
lv_in[5502]	INPUT	SIGNAL	M5	125.616	0.0	125.64	0.084
lv_in[5503]	INPUT	SIGNAL	M5	128.016	0.0	128.04	0.084
lv_in[5504]	INPUT	SIGNAL	M5	134.496	0.0	134.52	0.084
lv_in[5505]	INPUT	SIGNAL	M5	134.064	0.0	134.088	0.084
lv_in[5506]	INPUT	SIGNAL	M5	134.016	0.0	134.04	0.084
lv_in[5507]	INPUT	SIGNAL	M5	133.824	0.0	133.848	0.084
lv_in[5508]	INPUT	SIGNAL	M5	126.96	0.0	126.984	0.084
lv_in[5509]	INPUT	SIGNAL	M5	134.256	0.0	134.28	0.084
lv_in[550]	INPUT	SIGNAL	M4	0.0	160.416	0.084	160.44
lv_in[5510]	INPUT	SIGNAL	M5	128.4	0.0	128.424	0.084
lv_in[5511]	INPUT	SIGNAL	M5	134.208	0.0	134.232	0.084
lv_in[5512]	INPUT	SIGNAL	M5	127.296	0.0	127.32	0.084
lv_in[5513]	INPUT	SIGNAL	M5	127.152	0.0	127.176	0.084
lv_in[5514]	INPUT	SIGNAL	M5	127.008	0.0	127.032	0.084
lv_in[5515]	INPUT	SIGNAL	M5	126.288	0.0	126.312	0.084
lv_in[5516]	INPUT	SIGNAL	M5	126.144	0.0	126.168	0.084
lv_in[5517]	INPUT	SIGNAL	M5	125.904	0.0	125.928	0.084
lv_in[5518]	INPUT	SIGNAL	M5	124.32	0.0	124.344	0.084
lv_in[5519]	INPUT	SIGNAL	M5	121.248	0.0	121.272	0.084
lv_in[551]	INPUT	SIGNAL	M4	0.0	153.552	0.084	153.576
lv_in[5520]	INPUT	SIGNAL	M5	123.12	0.0	123.144	0.084
lv_in[5521]	INPUT	SIGNAL	M5	118.368	0.0	118.392	0.084
lv_in[5522]	INPUT	SIGNAL	M5	120.96	0.0	120.984	0.084
lv_in[5523]	INPUT	SIGNAL	M5	118.128	0.0	118.152	0.084
lv_in[5524]	INPUT	SIGNAL	M5	117.552	0.0	117.576	0.084
lv_in[5525]	INPUT	SIGNAL	M5	117.264	0.0	117.288	0.084
lv_in[5526]	INPUT	SIGNAL	M5	117.168	0.0	117.192	0.084
lv_in[5527]	INPUT	SIGNAL	M5	117.12	0.0	117.144	0.084
lv_in[5528]	INPUT	SIGNAL	M5	116.592	0.0	116.616	0.084
lv_in[5529]	INPUT	SIGNAL	M5	116.4	0.0	116.424	0.084
lv_in[552]	INPUT	SIGNAL	M4	0.0	163.968	0.084	163.992
lv_in[5530]	INPUT	SIGNAL	M5	116.496	0.0	116.52	0.084
lv_in[5531]	INPUT	SIGNAL	M5	117.216	0.0	117.24	0.084
lv_in[5532]	INPUT	SIGNAL	M5	120.48	0.0	120.504	0.084
lv_in[5533]	INPUT	SIGNAL	M5	116.928	0.0	116.952	0.084
lv_in[5534]	INPUT	SIGNAL	M5	116.832	0.0	116.856	0.084
lv_in[5535]	INPUT	SIGNAL	M5	127.68	0.0	127.704	0.084
lv_in[5536]	INPUT	SIGNAL	M5	116.64	335.529	116.664	335.613
lv_in[5537]	INPUT	SIGNAL	M5	116.256	335.529	116.28	335.613
lv_in[5538]	INPUT	SIGNAL	M5	116.592	335.529	116.616	335.613
lv_in[5539]	INPUT	SIGNAL	M5	117.984	335.529	118.008	335.613
lv_in[553]	INPUT	SIGNAL	M4	0.0	163.104	0.084	163.128
lv_in[5540]	INPUT	SIGNAL	M5	114.24	335.529	114.264	335.613
lv_in[5541]	INPUT	SIGNAL	M5	116.4	335.529	116.424	335.613
lv_in[5542]	INPUT	SIGNAL	M5	117.936	335.529	117.96	335.613
lv_in[5543]	INPUT	SIGNAL	M5	117.744	335.529	117.768	335.613
lv_in[5544]	INPUT	SIGNAL	M5	116.736	335.529	116.76	335.613
lv_in[5545]	INPUT	SIGNAL	M5	116.112	335.529	116.136	335.613
lv_in[5546]	INPUT	SIGNAL	M5	116.352	335.529	116.376	335.613
lv_in[5547]	INPUT	SIGNAL	M5	122.976	335.529	123.0	335.613
lv_in[5548]	INPUT	SIGNAL	M5	122.352	335.529	122.376	335.613
lv_in[5549]	INPUT	SIGNAL	M5	125.04	335.529	125.064	335.613
lv_in[554]	INPUT	SIGNAL	M4	0.0	162.816	0.084	162.84
lv_in[5550]	INPUT	SIGNAL	M5	121.584	335.529	121.608	335.613
lv_in[5551]	INPUT	SIGNAL	M5	124.896	335.529	124.92	335.613
lv_in[5552]	INPUT	SIGNAL	M5	127.632	335.529	127.656	335.613
lv_in[5553]	INPUT	SIGNAL	M5	125.184	335.529	125.208	335.613
lv_in[5554]	INPUT	SIGNAL	M5	121.344	335.529	121.368	335.613
lv_in[5555]	INPUT	SIGNAL	M5	123.264	335.529	123.288	335.613
lv_in[5556]	INPUT	SIGNAL	M5	119.52	335.529	119.544	335.613
lv_in[5557]	INPUT	SIGNAL	M5	122.112	335.529	122.136	335.613
lv_in[5558]	INPUT	SIGNAL	M5	120.48	335.529	120.504	335.613
lv_in[5559]	INPUT	SIGNAL	M5	123.072	335.529	123.096	335.613
lv_in[555]	INPUT	SIGNAL	M4	0.0	168.576	0.084	168.6
lv_in[5560]	INPUT	SIGNAL	M5	121.008	335.529	121.032	335.613
lv_in[5561]	INPUT	SIGNAL	M5	120.048	335.529	120.072	335.613
lv_in[5562]	INPUT	SIGNAL	M5	122.736	335.529	122.76	335.613
lv_in[5563]	INPUT	SIGNAL	M5	119.568	335.529	119.592	335.613
lv_in[5564]	INPUT	SIGNAL	M5	122.784	335.529	122.808	335.613
lv_in[5565]	INPUT	SIGNAL	M5	120.384	335.529	120.408	335.613
lv_in[5566]	INPUT	SIGNAL	M5	123.12	335.529	123.144	335.613
lv_in[5567]	INPUT	SIGNAL	M5	118.224	335.529	118.248	335.613
lv_in[5568]	INPUT	SIGNAL	M5	121.968	335.529	121.992	335.613
lv_in[5569]	INPUT	SIGNAL	M5	118.704	335.529	118.728	335.613
lv_in[556]	INPUT	SIGNAL	M4	0.0	165.504	0.084	165.528
lv_in[5570]	INPUT	SIGNAL	M5	121.056	335.529	121.08	335.613
lv_in[5571]	INPUT	SIGNAL	M5	120.528	335.529	120.552	335.613
lv_in[5572]	INPUT	SIGNAL	M5	118.848	335.529	118.872	335.613
lv_in[5573]	INPUT	SIGNAL	M5	118.416	335.529	118.44	335.613
lv_in[5574]	INPUT	SIGNAL	M5	118.32	335.529	118.344	335.613
lv_in[5575]	INPUT	SIGNAL	M5	117.888	335.529	117.912	335.613
lv_in[5576]	INPUT	SIGNAL	M5	122.4	335.529	122.424	335.613
lv_in[5577]	INPUT	SIGNAL	M5	122.208	335.529	122.232	335.613
lv_in[5578]	INPUT	SIGNAL	M5	121.92	335.529	121.944	335.613
lv_in[5579]	INPUT	SIGNAL	M5	124.992	335.529	125.016	335.613
lv_in[557]	INPUT	SIGNAL	M4	0.0	169.824	0.084	169.848
lv_in[5580]	INPUT	SIGNAL	M5	124.944	335.529	124.968	335.613
lv_in[5581]	INPUT	SIGNAL	M5	126.24	335.529	126.264	335.613
lv_in[5582]	INPUT	SIGNAL	M5	127.776	335.529	127.8	335.613
lv_in[5583]	INPUT	SIGNAL	M5	128.784	335.529	128.808	335.613
lv_in[5584]	INPUT	SIGNAL	M5	128.352	335.529	128.376	335.613
lv_in[5585]	INPUT	SIGNAL	M5	131.232	335.529	131.256	335.613
lv_in[5586]	INPUT	SIGNAL	M5	131.328	335.529	131.352	335.613
lv_in[5587]	INPUT	SIGNAL	M5	131.184	335.529	131.208	335.613
lv_in[5588]	INPUT	SIGNAL	M5	129.984	335.529	130.008	335.613
lv_in[5589]	INPUT	SIGNAL	M5	119.856	335.529	119.88	335.613
lv_in[558]	INPUT	SIGNAL	M4	0.0	169.104	0.084	169.128
lv_in[5590]	INPUT	SIGNAL	M5	121.776	335.529	121.8	335.613
lv_in[5591]	INPUT	SIGNAL	M5	122.928	335.529	122.952	335.613
lv_in[5592]	INPUT	SIGNAL	M5	120.144	335.529	120.168	335.613
lv_in[5593]	INPUT	SIGNAL	M5	119.76	335.529	119.784	335.613
lv_in[5594]	INPUT	SIGNAL	M5	120.336	335.529	120.36	335.613
lv_in[5595]	INPUT	SIGNAL	M5	122.832	335.529	122.856	335.613
lv_in[5596]	INPUT	SIGNAL	M5	122.688	335.529	122.712	335.613
lv_in[5597]	INPUT	SIGNAL	M5	122.496	335.529	122.52	335.613
lv_in[5598]	INPUT	SIGNAL	M5	120.096	335.529	120.12	335.613
lv_in[5599]	INPUT	SIGNAL	M5	125.328	335.529	125.352	335.613
lv_in[559]	INPUT	SIGNAL	M4	0.0	166.32	0.084	166.344
lv_in[55]	INPUT	SIGNAL	M4	335.529	173.232	335.613	173.256
lv_in[5600]	INPUT	SIGNAL	M5	55.296	0.0	55.32	0.084
lv_in[5601]	INPUT	SIGNAL	M5	48.72	0.0	48.744	0.084
lv_in[5602]	INPUT	SIGNAL	M5	48.384	0.0	48.408	0.084
lv_in[5603]	INPUT	SIGNAL	M5	48.816	0.0	48.84	0.084
lv_in[5604]	INPUT	SIGNAL	M5	48.864	0.0	48.888	0.084
lv_in[5605]	INPUT	SIGNAL	M5	49.104	0.0	49.128	0.084
lv_in[5606]	INPUT	SIGNAL	M5	51.792	0.0	51.816	0.084
lv_in[5607]	INPUT	SIGNAL	M5	50.592	0.0	50.616	0.084
lv_in[5608]	INPUT	SIGNAL	M5	55.824	0.0	55.848	0.084
lv_in[5609]	INPUT	SIGNAL	M5	54.432	0.0	54.456	0.084
lv_in[560]	INPUT	SIGNAL	M4	0.0	164.928	0.084	164.952
lv_in[5610]	INPUT	SIGNAL	M5	55.2	0.0	55.224	0.084
lv_in[5611]	INPUT	SIGNAL	M5	57.888	0.0	57.912	0.084
lv_in[5612]	INPUT	SIGNAL	M5	57.84	0.0	57.864	0.084
lv_in[5613]	INPUT	SIGNAL	M5	61.488	0.0	61.512	0.084
lv_in[5614]	INPUT	SIGNAL	M5	59.52	0.0	59.544	0.084
lv_in[5615]	INPUT	SIGNAL	M5	63.264	0.0	63.288	0.084
lv_in[5616]	INPUT	SIGNAL	M5	61.2	0.0	61.224	0.084
lv_in[5617]	INPUT	SIGNAL	M5	63.984	0.0	64.008	0.084
lv_in[5618]	INPUT	SIGNAL	M5	65.136	0.0	65.16	0.084
lv_in[5619]	INPUT	SIGNAL	M5	64.992	0.0	65.016	0.084
lv_in[561]	INPUT	SIGNAL	M4	0.0	168.72	0.084	168.744
lv_in[5620]	INPUT	SIGNAL	M5	65.232	0.0	65.256	0.084
lv_in[5621]	INPUT	SIGNAL	M5	67.776	0.0	67.8	0.084
lv_in[5622]	INPUT	SIGNAL	M5	66.288	0.0	66.312	0.084
lv_in[5623]	INPUT	SIGNAL	M5	69.504	0.0	69.528	0.084
lv_in[5624]	INPUT	SIGNAL	M5	71.328	0.0	71.352	0.084
lv_in[5625]	INPUT	SIGNAL	M5	71.28	0.0	71.304	0.084
lv_in[5626]	INPUT	SIGNAL	M5	74.16	0.0	74.184	0.084
lv_in[5627]	INPUT	SIGNAL	M5	74.736	0.0	74.76	0.084
lv_in[5628]	INPUT	SIGNAL	M5	76.32	0.0	76.344	0.084
lv_in[5629]	INPUT	SIGNAL	M5	76.944	0.0	76.968	0.084
lv_in[562]	INPUT	SIGNAL	M4	0.0	166.272	0.084	166.296
lv_in[5630]	INPUT	SIGNAL	M5	77.232	0.0	77.256	0.084
lv_in[5631]	INPUT	SIGNAL	M5	64.08	0.0	64.104	0.084
lv_in[5632]	INPUT	SIGNAL	M5	56.496	0.0	56.52	0.084
lv_in[5633]	INPUT	SIGNAL	M5	47.136	0.0	47.16	0.084
lv_in[5634]	INPUT	SIGNAL	M5	46.8	0.0	46.824	0.084
lv_in[5635]	INPUT	SIGNAL	M5	47.52	0.0	47.544	0.084
lv_in[5636]	INPUT	SIGNAL	M5	46.704	0.0	46.728	0.084
lv_in[5637]	INPUT	SIGNAL	M5	47.76	0.0	47.784	0.084
lv_in[5638]	INPUT	SIGNAL	M5	50.016	0.0	50.04	0.084
lv_in[5639]	INPUT	SIGNAL	M5	52.176	0.0	52.2	0.084
lv_in[563]	INPUT	SIGNAL	M4	0.0	165.456	0.084	165.48
lv_in[5640]	INPUT	SIGNAL	M5	55.968	0.0	55.992	0.084
lv_in[5641]	INPUT	SIGNAL	M5	49.296	0.0	49.32	0.084
lv_in[5642]	INPUT	SIGNAL	M5	55.248	0.0	55.272	0.084
lv_in[5643]	INPUT	SIGNAL	M5	63.024	0.0	63.048	0.084
lv_in[5644]	INPUT	SIGNAL	M5	62.688	0.0	62.712	0.084
lv_in[5645]	INPUT	SIGNAL	M5	62.736	0.0	62.76	0.084
lv_in[5646]	INPUT	SIGNAL	M5	62.976	0.0	63.0	0.084
lv_in[5647]	INPUT	SIGNAL	M5	65.904	0.0	65.928	0.084
lv_in[5648]	INPUT	SIGNAL	M5	64.416	0.0	64.44	0.084
lv_in[5649]	INPUT	SIGNAL	M5	66.0	0.0	66.024	0.084
lv_in[564]	INPUT	SIGNAL	M4	0.0	168.288	0.084	168.312
lv_in[5650]	INPUT	SIGNAL	M5	66.096	0.0	66.12	0.084
lv_in[5651]	INPUT	SIGNAL	M5	65.856	0.0	65.88	0.084
lv_in[5652]	INPUT	SIGNAL	M5	66.24	0.0	66.264	0.084
lv_in[5653]	INPUT	SIGNAL	M5	79.68	0.0	79.704	0.084
lv_in[5654]	INPUT	SIGNAL	M5	78.288	0.0	78.312	0.084
lv_in[5655]	INPUT	SIGNAL	M5	78.048	0.0	78.072	0.084
lv_in[5656]	INPUT	SIGNAL	M5	78.912	0.0	78.936	0.084
lv_in[5657]	INPUT	SIGNAL	M5	80.304	0.0	80.328	0.084
lv_in[5658]	INPUT	SIGNAL	M5	81.552	0.0	81.576	0.084
lv_in[5659]	INPUT	SIGNAL	M5	82.56	0.0	82.584	0.084
lv_in[565]	INPUT	SIGNAL	M4	0.0	164.736	0.084	164.76
lv_in[5660]	INPUT	SIGNAL	M5	79.824	0.0	79.848	0.084
lv_in[5661]	INPUT	SIGNAL	M5	82.512	0.0	82.536	0.084
lv_in[5662]	INPUT	SIGNAL	M5	81.888	0.0	81.912	0.084
lv_in[5663]	INPUT	SIGNAL	M5	77.712	0.0	77.736	0.084
lv_in[5664]	INPUT	SIGNAL	M5	182.64	335.529	182.664	335.613
lv_in[5665]	INPUT	SIGNAL	M5	169.296	335.529	169.32	335.613
lv_in[5666]	INPUT	SIGNAL	M5	168.384	335.529	168.408	335.613
lv_in[5667]	INPUT	SIGNAL	M5	168.768	335.529	168.792	335.613
lv_in[5668]	INPUT	SIGNAL	M5	169.008	335.529	169.032	335.613
lv_in[5669]	INPUT	SIGNAL	M5	162.432	335.529	162.456	335.613
lv_in[566]	INPUT	SIGNAL	M4	0.0	165.696	0.084	165.72
lv_in[5670]	INPUT	SIGNAL	M5	170.016	335.529	170.04	335.613
lv_in[5671]	INPUT	SIGNAL	M5	170.736	335.529	170.76	335.613
lv_in[5672]	INPUT	SIGNAL	M5	168.72	335.529	168.744	335.613
lv_in[5673]	INPUT	SIGNAL	M5	170.448	335.529	170.472	335.613
lv_in[5674]	INPUT	SIGNAL	M5	170.304	335.529	170.328	335.613
lv_in[5675]	INPUT	SIGNAL	M5	181.392	335.529	181.416	335.613
lv_in[5676]	INPUT	SIGNAL	M5	169.584	335.529	169.608	335.613
lv_in[5677]	INPUT	SIGNAL	M5	181.344	335.529	181.368	335.613
lv_in[5678]	INPUT	SIGNAL	M5	181.44	335.529	181.464	335.613
lv_in[5679]	INPUT	SIGNAL	M5	181.536	335.529	181.56	335.613
lv_in[567]	INPUT	SIGNAL	M4	0.0	162.576	0.084	162.6
lv_in[5680]	INPUT	SIGNAL	M5	181.296	335.529	181.32	335.613
lv_in[5681]	INPUT	SIGNAL	M5	183.936	335.529	183.96	335.613
lv_in[5682]	INPUT	SIGNAL	M5	182.736	335.529	182.76	335.613
lv_in[5683]	INPUT	SIGNAL	M5	185.328	335.529	185.352	335.613
lv_in[5684]	INPUT	SIGNAL	M5	184.992	335.529	185.016	335.613
lv_in[5685]	INPUT	SIGNAL	M5	186.144	335.529	186.168	335.613
lv_in[5686]	INPUT	SIGNAL	M5	184.752	335.529	184.776	335.613
lv_in[5687]	INPUT	SIGNAL	M5	186.0	335.529	186.024	335.613
lv_in[5688]	INPUT	SIGNAL	M5	187.68	335.529	187.704	335.613
lv_in[5689]	INPUT	SIGNAL	M5	188.976	335.529	189.0	335.613
lv_in[568]	INPUT	SIGNAL	M4	0.0	166.224	0.084	166.248
lv_in[5690]	INPUT	SIGNAL	M5	188.832	335.529	188.856	335.613
lv_in[5691]	INPUT	SIGNAL	M5	190.464	335.529	190.488	335.613
lv_in[5692]	INPUT	SIGNAL	M5	190.8	335.529	190.824	335.613
lv_in[5693]	INPUT	SIGNAL	M5	195.36	335.529	195.384	335.613
lv_in[5694]	INPUT	SIGNAL	M5	193.248	335.529	193.272	335.613
lv_in[5695]	INPUT	SIGNAL	M5	181.728	335.529	181.752	335.613
lv_in[5696]	INPUT	SIGNAL	M5	182.688	335.529	182.712	335.613
lv_in[5697]	INPUT	SIGNAL	M5	167.424	335.529	167.448	335.613
lv_in[5698]	INPUT	SIGNAL	M5	167.04	335.529	167.064	335.613
lv_in[5699]	INPUT	SIGNAL	M5	167.616	335.529	167.64	335.613
lv_in[569]	INPUT	SIGNAL	M4	0.0	153.84	0.084	153.864
lv_in[56]	INPUT	SIGNAL	M4	335.529	169.776	335.613	169.8
lv_in[5700]	INPUT	SIGNAL	M5	166.992	335.529	167.016	335.613
lv_in[5701]	INPUT	SIGNAL	M5	165.072	335.529	165.096	335.613
lv_in[5702]	INPUT	SIGNAL	M5	167.136	335.529	167.16	335.613
lv_in[5703]	INPUT	SIGNAL	M5	166.8	335.529	166.824	335.613
lv_in[5704]	INPUT	SIGNAL	M5	166.944	335.529	166.968	335.613
lv_in[5705]	INPUT	SIGNAL	M5	167.184	335.529	167.208	335.613
lv_in[5706]	INPUT	SIGNAL	M5	164.832	335.529	164.856	335.613
lv_in[5707]	INPUT	SIGNAL	M5	168.192	335.529	168.216	335.613
lv_in[5708]	INPUT	SIGNAL	M5	170.16	335.529	170.184	335.613
lv_in[5709]	INPUT	SIGNAL	M5	181.92	335.529	181.944	335.613
lv_in[570]	INPUT	SIGNAL	M4	0.0	163.392	0.084	163.416
lv_in[5710]	INPUT	SIGNAL	M5	181.872	335.529	181.896	335.613
lv_in[5711]	INPUT	SIGNAL	M5	182.592	335.529	182.616	335.613
lv_in[5712]	INPUT	SIGNAL	M5	181.776	335.529	181.8	335.613
lv_in[5713]	INPUT	SIGNAL	M5	182.016	335.529	182.04	335.613
lv_in[5714]	INPUT	SIGNAL	M5	181.68	335.529	181.704	335.613
lv_in[5715]	INPUT	SIGNAL	M5	182.064	335.529	182.088	335.613
lv_in[5716]	INPUT	SIGNAL	M5	181.824	335.529	181.848	335.613
lv_in[5717]	INPUT	SIGNAL	M5	184.656	335.529	184.68	335.613
lv_in[5718]	INPUT	SIGNAL	M5	184.8	335.529	184.824	335.613
lv_in[5719]	INPUT	SIGNAL	M5	186.576	335.529	186.6	335.613
lv_in[571]	INPUT	SIGNAL	M4	0.0	159.84	0.084	159.864
lv_in[5720]	INPUT	SIGNAL	M5	187.344	335.529	187.368	335.613
lv_in[5721]	INPUT	SIGNAL	M5	189.696	335.529	189.72	335.613
lv_in[5722]	INPUT	SIGNAL	M5	187.584	335.529	187.608	335.613
lv_in[5723]	INPUT	SIGNAL	M5	190.608	335.529	190.632	335.613
lv_in[5724]	INPUT	SIGNAL	M5	195.024	335.529	195.048	335.613
lv_in[5725]	INPUT	SIGNAL	M5	194.688	335.529	194.712	335.613
lv_in[5726]	INPUT	SIGNAL	M5	193.44	335.529	193.464	335.613
lv_in[5727]	INPUT	SIGNAL	M5	183.84	335.529	183.864	335.613
lv_in[5728]	INPUT	SIGNAL	M4	0.0	160.224	0.084	160.248
lv_in[5729]	INPUT	SIGNAL	M4	0.0	162.336	0.084	162.36
lv_in[572]	INPUT	SIGNAL	M4	0.0	163.344	0.084	163.368
lv_in[5730]	INPUT	SIGNAL	M4	0.0	156.384	0.084	156.408
lv_in[5731]	INPUT	SIGNAL	M4	0.0	155.376	0.084	155.4
lv_in[5732]	INPUT	SIGNAL	M4	0.0	153.024	0.084	153.048
lv_in[5733]	INPUT	SIGNAL	M4	0.0	152.64	0.084	152.664
lv_in[5734]	INPUT	SIGNAL	M4	0.0	153.504	0.084	153.528
lv_in[5735]	INPUT	SIGNAL	M4	0.0	153.36	0.084	153.384
lv_in[5736]	INPUT	SIGNAL	M4	0.0	154.032	0.084	154.056
lv_in[5737]	INPUT	SIGNAL	M4	0.0	154.896	0.084	154.92
lv_in[5738]	INPUT	SIGNAL	M4	0.0	157.44	0.084	157.464
lv_in[5739]	INPUT	SIGNAL	M4	0.0	157.92	0.084	157.944
lv_in[573]	INPUT	SIGNAL	M4	0.0	164.448	0.084	164.472
lv_in[5740]	INPUT	SIGNAL	M4	0.0	154.56	0.084	154.584
lv_in[5741]	INPUT	SIGNAL	M4	0.0	153.312	0.084	153.336
lv_in[5742]	INPUT	SIGNAL	M4	0.0	161.568	0.084	161.592
lv_in[5743]	INPUT	SIGNAL	M4	0.0	158.592	0.084	158.616
lv_in[5744]	INPUT	SIGNAL	M4	0.0	155.232	0.084	155.256
lv_in[5745]	INPUT	SIGNAL	M4	0.0	156.96	0.084	156.984
lv_in[5746]	INPUT	SIGNAL	M4	0.0	156.432	0.084	156.456
lv_in[5747]	INPUT	SIGNAL	M4	0.0	156.288	0.084	156.312
lv_in[5748]	INPUT	SIGNAL	M4	0.0	156.912	0.084	156.936
lv_in[5749]	INPUT	SIGNAL	M4	0.0	157.968	0.084	157.992
lv_in[574]	INPUT	SIGNAL	M4	0.0	165.84	0.084	165.864
lv_in[5750]	INPUT	SIGNAL	M4	0.0	157.824	0.084	157.848
lv_in[5751]	INPUT	SIGNAL	M4	0.0	166.704	0.084	166.728
lv_in[5752]	INPUT	SIGNAL	M4	0.0	167.616	0.084	167.64
lv_in[5753]	INPUT	SIGNAL	M4	0.0	164.16	0.084	164.184
lv_in[5754]	INPUT	SIGNAL	M4	0.0	159.216	0.084	159.24
lv_in[5755]	INPUT	SIGNAL	M4	0.0	159.504	0.084	159.528
lv_in[5756]	INPUT	SIGNAL	M4	0.0	166.656	0.084	166.68
lv_in[5757]	INPUT	SIGNAL	M4	0.0	168.96	0.084	168.984
lv_in[5758]	INPUT	SIGNAL	M4	0.0	167.328	0.084	167.352
lv_in[5759]	INPUT	SIGNAL	M4	0.0	156.48	0.084	156.504
lv_in[575]	INPUT	SIGNAL	M4	0.0	164.208	0.084	164.232
lv_in[5760]	INPUT	SIGNAL	M5	113.568	0.0	113.592	0.084
lv_in[5761]	INPUT	SIGNAL	M5	108.864	0.0	108.888	0.084
lv_in[5762]	INPUT	SIGNAL	M5	108.912	0.0	108.936	0.084
lv_in[5763]	INPUT	SIGNAL	M5	108.816	0.0	108.84	0.084
lv_in[5764]	INPUT	SIGNAL	M5	108.672	0.0	108.696	0.084
lv_in[5765]	INPUT	SIGNAL	M5	107.808	0.0	107.832	0.084
lv_in[5766]	INPUT	SIGNAL	M5	107.328	0.0	107.352	0.084
lv_in[5767]	INPUT	SIGNAL	M5	107.712	0.0	107.736	0.084
lv_in[5768]	INPUT	SIGNAL	M5	101.808	0.0	101.832	0.084
lv_in[5769]	INPUT	SIGNAL	M5	104.304	0.0	104.328	0.084
lv_in[576]	INPUT	SIGNAL	M4	0.0	162.144	0.084	162.168
lv_in[5770]	INPUT	SIGNAL	M5	103.632	0.0	103.656	0.084
lv_in[5771]	INPUT	SIGNAL	M5	105.648	0.0	105.672	0.084
lv_in[5772]	INPUT	SIGNAL	M5	101.904	0.0	101.928	0.084
lv_in[5773]	INPUT	SIGNAL	M5	101.04	0.0	101.064	0.084
lv_in[5774]	INPUT	SIGNAL	M5	100.752	0.0	100.776	0.084
lv_in[5775]	INPUT	SIGNAL	M5	91.968	0.0	91.992	0.084
lv_in[5776]	INPUT	SIGNAL	M5	98.544	0.0	98.568	0.084
lv_in[5777]	INPUT	SIGNAL	M5	91.008	0.0	91.032	0.084
lv_in[5778]	INPUT	SIGNAL	M5	90.48	0.0	90.504	0.084
lv_in[5779]	INPUT	SIGNAL	M5	90.864	0.0	90.888	0.084
lv_in[577]	INPUT	SIGNAL	M4	0.0	154.8	0.084	154.824
lv_in[5780]	INPUT	SIGNAL	M5	89.904	0.0	89.928	0.084
lv_in[5781]	INPUT	SIGNAL	M5	89.328	0.0	89.352	0.084
lv_in[5782]	INPUT	SIGNAL	M5	87.984	0.0	88.008	0.084
lv_in[5783]	INPUT	SIGNAL	M5	89.376	0.0	89.4	0.084
lv_in[5784]	INPUT	SIGNAL	M5	89.28	0.0	89.304	0.084
lv_in[5785]	INPUT	SIGNAL	M5	89.712	0.0	89.736	0.084
lv_in[5786]	INPUT	SIGNAL	M5	90.912	0.0	90.936	0.084
lv_in[5787]	INPUT	SIGNAL	M5	90.96	0.0	90.984	0.084
lv_in[5788]	INPUT	SIGNAL	M5	90.048	0.0	90.072	0.084
lv_in[5789]	INPUT	SIGNAL	M5	91.824	0.0	91.848	0.084
lv_in[578]	INPUT	SIGNAL	M4	0.0	161.712	0.084	161.736
lv_in[5790]	INPUT	SIGNAL	M5	88.512	0.0	88.536	0.084
lv_in[5791]	INPUT	SIGNAL	M5	89.04	0.0	89.064	0.084
lv_in[5792]	INPUT	SIGNAL	M5	108.384	0.0	108.408	0.084
lv_in[5793]	INPUT	SIGNAL	M5	110.592	0.0	110.616	0.084
lv_in[5794]	INPUT	SIGNAL	M5	110.112	0.0	110.136	0.084
lv_in[5795]	INPUT	SIGNAL	M5	109.68	0.0	109.704	0.084
lv_in[5796]	INPUT	SIGNAL	M5	110.352	0.0	110.376	0.084
lv_in[5797]	INPUT	SIGNAL	M5	107.664	0.0	107.688	0.084
lv_in[5798]	INPUT	SIGNAL	M5	107.136	0.0	107.16	0.084
lv_in[5799]	INPUT	SIGNAL	M5	108.0	0.0	108.024	0.084
lv_in[579]	INPUT	SIGNAL	M4	0.0	158.448	0.084	158.472
lv_in[57]	INPUT	SIGNAL	M4	335.529	174.864	335.613	174.888
lv_in[5800]	INPUT	SIGNAL	M5	105.552	0.0	105.576	0.084
lv_in[5801]	INPUT	SIGNAL	M5	105.888	0.0	105.912	0.084
lv_in[5802]	INPUT	SIGNAL	M5	104.496	0.0	104.52	0.084
lv_in[5803]	INPUT	SIGNAL	M5	102.384	0.0	102.408	0.084
lv_in[5804]	INPUT	SIGNAL	M5	102.72	0.0	102.744	0.084
lv_in[5805]	INPUT	SIGNAL	M5	104.592	0.0	104.616	0.084
lv_in[5806]	INPUT	SIGNAL	M5	102.0	0.0	102.024	0.084
lv_in[5807]	INPUT	SIGNAL	M5	102.624	0.0	102.648	0.084
lv_in[5808]	INPUT	SIGNAL	M5	106.176	0.0	106.2	0.084
lv_in[5809]	INPUT	SIGNAL	M5	103.488	0.0	103.512	0.084
lv_in[580]	INPUT	SIGNAL	M4	0.0	153.408	0.084	153.432
lv_in[5810]	INPUT	SIGNAL	M5	101.856	0.0	101.88	0.084
lv_in[5811]	INPUT	SIGNAL	M5	103.248	0.0	103.272	0.084
lv_in[5812]	INPUT	SIGNAL	M5	104.16	0.0	104.184	0.084
lv_in[5813]	INPUT	SIGNAL	M5	97.872	0.0	97.896	0.084
lv_in[5814]	INPUT	SIGNAL	M5	95.616	0.0	95.64	0.084
lv_in[5815]	INPUT	SIGNAL	M5	96.144	0.0	96.168	0.084
lv_in[5816]	INPUT	SIGNAL	M5	99.696	0.0	99.72	0.084
lv_in[5817]	INPUT	SIGNAL	M5	97.152	0.0	97.176	0.084
lv_in[5818]	INPUT	SIGNAL	M5	95.472	0.0	95.496	0.084
lv_in[5819]	INPUT	SIGNAL	M5	99.792	0.0	99.816	0.084
lv_in[581]	INPUT	SIGNAL	M4	0.0	160.464	0.084	160.488
lv_in[5820]	INPUT	SIGNAL	M5	99.648	0.0	99.672	0.084
lv_in[5821]	INPUT	SIGNAL	M5	99.744	0.0	99.768	0.084
lv_in[5822]	INPUT	SIGNAL	M5	95.376	0.0	95.4	0.084
lv_in[5823]	INPUT	SIGNAL	M5	98.16	0.0	98.184	0.084
lv_in[5824]	INPUT	SIGNAL	M4	0.0	178.176	0.084	178.2
lv_in[5825]	INPUT	SIGNAL	M4	0.0	173.808	0.084	173.832
lv_in[5826]	INPUT	SIGNAL	M4	0.0	171.264	0.084	171.288
lv_in[5827]	INPUT	SIGNAL	M4	0.0	172.32	0.084	172.344
lv_in[5828]	INPUT	SIGNAL	M4	0.0	173.328	0.084	173.352
lv_in[5829]	INPUT	SIGNAL	M4	0.0	175.488	0.084	175.512
lv_in[582]	INPUT	SIGNAL	M4	0.0	157.776	0.084	157.8
lv_in[5830]	INPUT	SIGNAL	M4	0.0	174.816	0.084	174.84
lv_in[5831]	INPUT	SIGNAL	M4	0.0	173.472	0.084	173.496
lv_in[5832]	INPUT	SIGNAL	M4	0.0	179.28	0.084	179.304
lv_in[5833]	INPUT	SIGNAL	M4	0.0	175.92	0.084	175.944
lv_in[5834]	INPUT	SIGNAL	M4	0.0	176.352	0.084	176.376
lv_in[5835]	INPUT	SIGNAL	M4	0.0	178.512	0.084	178.536
lv_in[5836]	INPUT	SIGNAL	M4	0.0	191.136	0.084	191.16
lv_in[5837]	INPUT	SIGNAL	M4	0.0	179.184	0.084	179.208
lv_in[5838]	INPUT	SIGNAL	M4	0.0	181.152	0.084	181.176
lv_in[5839]	INPUT	SIGNAL	M4	0.0	192.864	0.084	192.888
lv_in[583]	INPUT	SIGNAL	M4	0.0	155.04	0.084	155.064
lv_in[5840]	INPUT	SIGNAL	M4	0.0	195.504	0.084	195.528
lv_in[5841]	INPUT	SIGNAL	M4	0.0	208.896	0.084	208.92
lv_in[5842]	INPUT	SIGNAL	M4	0.0	208.416	0.084	208.44
lv_in[5843]	INPUT	SIGNAL	M4	0.0	206.784	0.084	206.808
lv_in[5844]	INPUT	SIGNAL	M4	0.0	207.504	0.084	207.528
lv_in[5845]	INPUT	SIGNAL	M4	0.0	192.72	0.084	192.744
lv_in[5846]	INPUT	SIGNAL	M4	0.0	191.328	0.084	191.352
lv_in[5847]	INPUT	SIGNAL	M4	0.0	196.128	0.084	196.152
lv_in[5848]	INPUT	SIGNAL	M4	0.0	192.0	0.084	192.024
lv_in[5849]	INPUT	SIGNAL	M4	0.0	187.776	0.084	187.8
lv_in[584]	INPUT	SIGNAL	M4	0.0	157.392	0.084	157.416
lv_in[5850]	INPUT	SIGNAL	M4	0.0	200.448	0.084	200.472
lv_in[5851]	INPUT	SIGNAL	M4	0.0	187.536	0.084	187.56
lv_in[5852]	INPUT	SIGNAL	M4	0.0	188.832	0.084	188.856
lv_in[5853]	INPUT	SIGNAL	M4	0.0	189.504	0.084	189.528
lv_in[5854]	INPUT	SIGNAL	M4	0.0	187.344	0.084	187.368
lv_in[5855]	INPUT	SIGNAL	M4	0.0	186.864	0.084	186.888
lv_in[5856]	INPUT	SIGNAL	M4	0.0	175.968	0.084	175.992
lv_in[5857]	INPUT	SIGNAL	M4	0.0	170.016	0.084	170.04
lv_in[5858]	INPUT	SIGNAL	M4	0.0	169.68	0.084	169.704
lv_in[5859]	INPUT	SIGNAL	M4	0.0	168.336	0.084	168.36
lv_in[585]	INPUT	SIGNAL	M4	0.0	160.848	0.084	160.872
lv_in[5860]	INPUT	SIGNAL	M4	0.0	169.296	0.084	169.32
lv_in[5861]	INPUT	SIGNAL	M4	0.0	168.864	0.084	168.888
lv_in[5862]	INPUT	SIGNAL	M4	0.0	170.544	0.084	170.568
lv_in[5863]	INPUT	SIGNAL	M4	0.0	169.344	0.084	169.368
lv_in[5864]	INPUT	SIGNAL	M4	0.0	177.264	0.084	177.288
lv_in[5865]	INPUT	SIGNAL	M4	0.0	176.784	0.084	176.808
lv_in[5866]	INPUT	SIGNAL	M4	0.0	177.216	0.084	177.24
lv_in[5867]	INPUT	SIGNAL	M4	0.0	178.8	0.084	178.824
lv_in[5868]	INPUT	SIGNAL	M4	0.0	179.472	0.084	179.496
lv_in[5869]	INPUT	SIGNAL	M4	0.0	181.104	0.084	181.128
lv_in[586]	INPUT	SIGNAL	M4	0.0	159.552	0.084	159.576
lv_in[5870]	INPUT	SIGNAL	M4	0.0	180.192	0.084	180.216
lv_in[5871]	INPUT	SIGNAL	M4	0.0	183.744	0.084	183.768
lv_in[5872]	INPUT	SIGNAL	M4	0.0	199.104	0.084	199.128
lv_in[5873]	INPUT	SIGNAL	M4	0.0	206.304	0.084	206.328
lv_in[5874]	INPUT	SIGNAL	M4	0.0	205.344	0.084	205.368
lv_in[5875]	INPUT	SIGNAL	M4	0.0	204.336	0.084	204.36
lv_in[5876]	INPUT	SIGNAL	M4	0.0	203.328	0.084	203.352
lv_in[5877]	INPUT	SIGNAL	M4	0.0	202.368	0.084	202.392
lv_in[5878]	INPUT	SIGNAL	M4	0.0	201.312	0.084	201.336
lv_in[5879]	INPUT	SIGNAL	M4	0.0	200.208	0.084	200.232
lv_in[587]	INPUT	SIGNAL	M4	0.0	158.16	0.084	158.184
lv_in[5880]	INPUT	SIGNAL	M4	0.0	199.392	0.084	199.416
lv_in[5881]	INPUT	SIGNAL	M4	0.0	198.144	0.084	198.168
lv_in[5882]	INPUT	SIGNAL	M4	0.0	195.408	0.084	195.432
lv_in[5883]	INPUT	SIGNAL	M4	0.0	196.896	0.084	196.92
lv_in[5884]	INPUT	SIGNAL	M4	0.0	197.424	0.084	197.448
lv_in[5885]	INPUT	SIGNAL	M4	0.0	194.064	0.084	194.088
lv_in[5886]	INPUT	SIGNAL	M4	0.0	191.232	0.084	191.256
lv_in[5887]	INPUT	SIGNAL	M4	0.0	187.2	0.084	187.224
lv_in[5888]	INPUT	SIGNAL	M4	0.0	48.0	0.084	48.024
lv_in[5889]	INPUT	SIGNAL	M4	0.0	47.424	0.084	47.448
lv_in[588]	INPUT	SIGNAL	M4	0.0	155.52	0.084	155.544
lv_in[5890]	INPUT	SIGNAL	M4	0.0	48.048	0.084	48.072
lv_in[5891]	INPUT	SIGNAL	M4	0.0	45.792	0.084	45.816
lv_in[5892]	INPUT	SIGNAL	M4	0.0	47.232	0.084	47.256
lv_in[5893]	INPUT	SIGNAL	M4	0.0	49.776	0.084	49.8
lv_in[5894]	INPUT	SIGNAL	M4	0.0	49.728	0.084	49.752
lv_in[5895]	INPUT	SIGNAL	M4	0.0	48.864	0.084	48.888
lv_in[5896]	INPUT	SIGNAL	M4	0.0	43.872	0.084	43.896
lv_in[5897]	INPUT	SIGNAL	M4	0.0	44.352	0.084	44.376
lv_in[5898]	INPUT	SIGNAL	M4	0.0	45.504	0.084	45.528
lv_in[5899]	INPUT	SIGNAL	M4	0.0	42.912	0.084	42.936
lv_in[589]	INPUT	SIGNAL	M4	0.0	156.336	0.084	156.36
lv_in[58]	INPUT	SIGNAL	M4	335.529	170.064	335.613	170.088
lv_in[5900]	INPUT	SIGNAL	M4	0.0	41.952	0.084	41.976
lv_in[5901]	INPUT	SIGNAL	M4	0.0	41.712	0.084	41.736
lv_in[5902]	INPUT	SIGNAL	M4	0.0	40.896	0.084	40.92
lv_in[5903]	INPUT	SIGNAL	M4	0.0	39.408	0.084	39.432
lv_in[5904]	INPUT	SIGNAL	M4	0.0	38.736	0.084	38.76
lv_in[5905]	INPUT	SIGNAL	M4	0.0	40.176	0.084	40.2
lv_in[5906]	INPUT	SIGNAL	M5	36.672	0.0	36.696	0.084
lv_in[5907]	INPUT	SIGNAL	M5	36.48	0.0	36.504	0.084
lv_in[5908]	INPUT	SIGNAL	M5	36.048	0.0	36.072	0.084
lv_in[5909]	INPUT	SIGNAL	M5	49.824	0.0	49.848	0.084
lv_in[590]	INPUT	SIGNAL	M4	0.0	160.128	0.084	160.152
lv_in[5910]	INPUT	SIGNAL	M5	48.096	0.0	48.12	0.084
lv_in[5911]	INPUT	SIGNAL	M5	46.656	0.0	46.68	0.084
lv_in[5912]	INPUT	SIGNAL	M5	50.304	0.0	50.328	0.084
lv_in[5913]	INPUT	SIGNAL	M5	49.344	0.0	49.368	0.084
lv_in[5914]	INPUT	SIGNAL	M5	50.112	0.0	50.136	0.084
lv_in[5915]	INPUT	SIGNAL	M5	48.624	0.0	48.648	0.084
lv_in[5916]	INPUT	SIGNAL	M5	49.632	0.0	49.656	0.084
lv_in[5917]	INPUT	SIGNAL	M5	50.64	0.0	50.664	0.084
lv_in[5918]	INPUT	SIGNAL	M5	50.784	0.0	50.808	0.084
lv_in[5919]	INPUT	SIGNAL	M5	45.36	0.0	45.384	0.084
lv_in[591]	INPUT	SIGNAL	M4	0.0	154.608	0.084	154.632
lv_in[5920]	INPUT	SIGNAL	M4	0.0	51.792	0.084	51.816
lv_in[5921]	INPUT	SIGNAL	M4	0.0	53.52	0.084	53.544
lv_in[5922]	INPUT	SIGNAL	M4	0.0	53.808	0.084	53.832
lv_in[5923]	INPUT	SIGNAL	M4	0.0	52.8	0.084	52.824
lv_in[5924]	INPUT	SIGNAL	M4	0.0	52.416	0.084	52.44
lv_in[5925]	INPUT	SIGNAL	M4	0.0	51.312	0.084	51.336
lv_in[5926]	INPUT	SIGNAL	M4	0.0	52.224	0.084	52.248
lv_in[5927]	INPUT	SIGNAL	M4	0.0	50.688	0.084	50.712
lv_in[5928]	INPUT	SIGNAL	M4	0.0	53.856	0.084	53.88
lv_in[5929]	INPUT	SIGNAL	M4	0.0	52.992	0.084	53.016
lv_in[592]	INPUT	SIGNAL	M4	0.0	157.344	0.084	157.368
lv_in[5930]	INPUT	SIGNAL	M4	0.0	50.736	0.084	50.76
lv_in[5931]	INPUT	SIGNAL	M4	0.0	53.04	0.084	53.064
lv_in[5932]	INPUT	SIGNAL	M4	0.0	52.032	0.084	52.056
lv_in[5933]	INPUT	SIGNAL	M4	0.0	49.104	0.084	49.128
lv_in[5934]	INPUT	SIGNAL	M4	0.0	52.32	0.084	52.344
lv_in[5935]	INPUT	SIGNAL	M4	0.0	46.992	0.084	47.016
lv_in[5936]	INPUT	SIGNAL	M4	0.0	52.176	0.084	52.2
lv_in[5937]	INPUT	SIGNAL	M4	0.0	47.184	0.084	47.208
lv_in[5938]	INPUT	SIGNAL	M4	0.0	49.488	0.084	49.512
lv_in[5939]	INPUT	SIGNAL	M4	0.0	48.384	0.084	48.408
lv_in[593]	INPUT	SIGNAL	M4	0.0	155.472	0.084	155.496
lv_in[5940]	INPUT	SIGNAL	M4	0.0	50.832	0.084	50.856
lv_in[5941]	INPUT	SIGNAL	M4	0.0	48.192	0.084	48.216
lv_in[5942]	INPUT	SIGNAL	M4	0.0	45.744	0.084	45.768
lv_in[5943]	INPUT	SIGNAL	M4	0.0	47.952	0.084	47.976
lv_in[5944]	INPUT	SIGNAL	M4	0.0	49.344	0.084	49.368
lv_in[5945]	INPUT	SIGNAL	M4	0.0	50.208	0.084	50.232
lv_in[5946]	INPUT	SIGNAL	M5	45.408	0.0	45.432	0.084
lv_in[5947]	INPUT	SIGNAL	M5	44.592	0.0	44.616	0.084
lv_in[5948]	INPUT	SIGNAL	M4	0.0	48.336	0.084	48.36
lv_in[5949]	INPUT	SIGNAL	M5	47.04	0.0	47.064	0.084
lv_in[594]	INPUT	SIGNAL	M4	0.0	160.8	0.084	160.824
lv_in[5950]	INPUT	SIGNAL	M5	46.944	0.0	46.968	0.084
lv_in[5951]	INPUT	SIGNAL	M5	46.992	0.0	47.016	0.084
lv_in[5952]	INPUT	SIGNAL	M4	0.0	262.752	0.084	262.776
lv_in[5953]	INPUT	SIGNAL	M4	0.0	260.304	0.084	260.328
lv_in[5954]	INPUT	SIGNAL	M4	0.0	259.728	0.084	259.752
lv_in[5955]	INPUT	SIGNAL	M4	0.0	258.048	0.084	258.072
lv_in[5956]	INPUT	SIGNAL	M4	0.0	257.616	0.084	257.64
lv_in[5957]	INPUT	SIGNAL	M4	0.0	262.128	0.084	262.152
lv_in[5958]	INPUT	SIGNAL	M4	0.0	260.352	0.084	260.376
lv_in[5959]	INPUT	SIGNAL	M4	0.0	266.592	0.084	266.616
lv_in[595]	INPUT	SIGNAL	M4	0.0	154.416	0.084	154.44
lv_in[5960]	INPUT	SIGNAL	M4	0.0	254.16	0.084	254.184
lv_in[5961]	INPUT	SIGNAL	M4	0.0	254.88	0.084	254.904
lv_in[5962]	INPUT	SIGNAL	M4	0.0	255.84	0.084	255.864
lv_in[5963]	INPUT	SIGNAL	M4	0.0	250.176	0.084	250.2
lv_in[5964]	INPUT	SIGNAL	M4	0.0	250.128	0.084	250.152
lv_in[5965]	INPUT	SIGNAL	M4	0.0	247.248	0.084	247.272
lv_in[5966]	INPUT	SIGNAL	M4	0.0	249.312	0.084	249.336
lv_in[5967]	INPUT	SIGNAL	M4	0.0	242.352	0.084	242.376
lv_in[5968]	INPUT	SIGNAL	M4	0.0	244.992	0.084	245.016
lv_in[5969]	INPUT	SIGNAL	M4	0.0	243.936	0.084	243.96
lv_in[596]	INPUT	SIGNAL	M4	0.0	159.456	0.084	159.48
lv_in[5970]	INPUT	SIGNAL	M4	0.0	243.792	0.084	243.816
lv_in[5971]	INPUT	SIGNAL	M4	0.0	243.024	0.084	243.048
lv_in[5972]	INPUT	SIGNAL	M4	0.0	242.16	0.084	242.184
lv_in[5973]	INPUT	SIGNAL	M4	0.0	239.52	0.084	239.544
lv_in[5974]	INPUT	SIGNAL	M4	0.0	240.048	0.084	240.072
lv_in[5975]	INPUT	SIGNAL	M4	0.0	242.688	0.084	242.712
lv_in[5976]	INPUT	SIGNAL	M4	0.0	240.24	0.084	240.264
lv_in[5977]	INPUT	SIGNAL	M4	0.0	238.656	0.084	238.68
lv_in[5978]	INPUT	SIGNAL	M4	0.0	238.128	0.084	238.152
lv_in[5979]	INPUT	SIGNAL	M4	0.0	240.432	0.084	240.456
lv_in[597]	INPUT	SIGNAL	M4	0.0	165.072	0.084	165.096
lv_in[5980]	INPUT	SIGNAL	M4	0.0	239.856	0.084	239.88
lv_in[5981]	INPUT	SIGNAL	M4	0.0	239.088	0.084	239.112
lv_in[5982]	INPUT	SIGNAL	M4	0.0	237.504	0.084	237.528
lv_in[5983]	INPUT	SIGNAL	M4	0.0	257.52	0.084	257.544
lv_in[5984]	INPUT	SIGNAL	M4	0.0	265.92	0.084	265.944
lv_in[5985]	INPUT	SIGNAL	M4	0.0	265.68	0.084	265.704
lv_in[5986]	INPUT	SIGNAL	M4	0.0	263.136	0.084	263.16
lv_in[5987]	INPUT	SIGNAL	M4	0.0	263.184	0.084	263.208
lv_in[5988]	INPUT	SIGNAL	M4	0.0	264.384	0.084	264.408
lv_in[5989]	INPUT	SIGNAL	M4	0.0	263.76	0.084	263.784
lv_in[598]	INPUT	SIGNAL	M4	0.0	167.664	0.084	167.688
lv_in[5990]	INPUT	SIGNAL	M4	0.0	265.488	0.084	265.512
lv_in[5991]	INPUT	SIGNAL	M4	0.0	263.28	0.084	263.304
lv_in[5992]	INPUT	SIGNAL	M4	0.0	256.896	0.084	256.92
lv_in[5993]	INPUT	SIGNAL	M4	0.0	257.28	0.084	257.304
lv_in[5994]	INPUT	SIGNAL	M4	0.0	256.992	0.084	257.016
lv_in[5995]	INPUT	SIGNAL	M4	0.0	253.248	0.084	253.272
lv_in[5996]	INPUT	SIGNAL	M4	0.0	252.384	0.084	252.408
lv_in[5997]	INPUT	SIGNAL	M4	0.0	251.136	0.084	251.16
lv_in[5998]	INPUT	SIGNAL	M4	0.0	251.952	0.084	251.976
lv_in[5999]	INPUT	SIGNAL	M4	0.0	249.984	0.084	250.008
lv_in[599]	INPUT	SIGNAL	M4	0.0	164.352	0.084	164.376
lv_in[59]	INPUT	SIGNAL	M4	335.529	173.52	335.613	173.544
lv_in[5]	INPUT	SIGNAL	M4	335.529	182.064	335.613	182.088
lv_in[6000]	INPUT	SIGNAL	M4	0.0	246.144	0.084	246.168
lv_in[6001]	INPUT	SIGNAL	M4	0.0	249.072	0.084	249.096
lv_in[6002]	INPUT	SIGNAL	M4	0.0	249.264	0.084	249.288
lv_in[6003]	INPUT	SIGNAL	M4	0.0	246.72	0.084	246.744
lv_in[6004]	INPUT	SIGNAL	M4	0.0	245.568	0.084	245.592
lv_in[6005]	INPUT	SIGNAL	M4	0.0	241.248	0.084	241.272
lv_in[6006]	INPUT	SIGNAL	M4	0.0	243.552	0.084	243.576
lv_in[6007]	INPUT	SIGNAL	M4	0.0	244.224	0.084	244.248
lv_in[6008]	INPUT	SIGNAL	M4	0.0	242.928	0.084	242.952
lv_in[6009]	INPUT	SIGNAL	M4	0.0	242.4	0.084	242.424
lv_in[600]	INPUT	SIGNAL	M4	0.0	169.2	0.084	169.224
lv_in[6010]	INPUT	SIGNAL	M4	0.0	241.44	0.084	241.464
lv_in[6011]	INPUT	SIGNAL	M4	0.0	241.536	0.084	241.56
lv_in[6012]	INPUT	SIGNAL	M4	0.0	240.576	0.084	240.6
lv_in[6013]	INPUT	SIGNAL	M4	0.0	240.144	0.084	240.168
lv_in[6014]	INPUT	SIGNAL	M4	0.0	244.656	0.084	244.68
lv_in[6015]	INPUT	SIGNAL	M4	0.0	256.464	0.084	256.488
lv_in[6016]	INPUT	SIGNAL	M5	258.768	0.0	258.792	0.084
lv_in[6017]	INPUT	SIGNAL	M5	241.152	0.0	241.176	0.084
lv_in[6018]	INPUT	SIGNAL	M5	249.552	0.0	249.576	0.084
lv_in[6019]	INPUT	SIGNAL	M5	249.648	0.0	249.672	0.084
lv_in[601]	INPUT	SIGNAL	M4	0.0	165.936	0.084	165.96
lv_in[6020]	INPUT	SIGNAL	M5	253.44	0.0	253.464	0.084
lv_in[6021]	INPUT	SIGNAL	M5	249.6	0.0	249.624	0.084
lv_in[6022]	INPUT	SIGNAL	M5	249.408	0.0	249.432	0.084
lv_in[6023]	INPUT	SIGNAL	M5	249.504	0.0	249.528	0.084
lv_in[6024]	INPUT	SIGNAL	M5	258.192	0.0	258.216	0.084
lv_in[6025]	INPUT	SIGNAL	M5	257.952	0.0	257.976	0.084
lv_in[6026]	INPUT	SIGNAL	M5	255.6	0.0	255.624	0.084
lv_in[6027]	INPUT	SIGNAL	M5	264.624	0.0	264.648	0.084
lv_in[6028]	INPUT	SIGNAL	M5	264.288	0.0	264.312	0.084
lv_in[6029]	INPUT	SIGNAL	M5	266.592	0.0	266.616	0.084
lv_in[602]	INPUT	SIGNAL	M4	0.0	166.896	0.084	166.92
lv_in[6030]	INPUT	SIGNAL	M5	263.088	0.0	263.112	0.084
lv_in[6031]	INPUT	SIGNAL	M5	265.824	0.0	265.848	0.084
lv_in[6032]	INPUT	SIGNAL	M5	267.552	0.0	267.576	0.084
lv_in[6033]	INPUT	SIGNAL	M5	267.648	0.0	267.672	0.084
lv_in[6034]	INPUT	SIGNAL	M5	268.032	0.0	268.056	0.084
lv_in[6035]	INPUT	SIGNAL	M5	267.84	0.0	267.864	0.084
lv_in[6036]	INPUT	SIGNAL	M5	267.744	0.0	267.768	0.084
lv_in[6037]	INPUT	SIGNAL	M5	269.904	0.0	269.928	0.084
lv_in[6038]	INPUT	SIGNAL	M5	269.952	0.0	269.976	0.084
lv_in[6039]	INPUT	SIGNAL	M5	271.056	0.0	271.08	0.084
lv_in[603]	INPUT	SIGNAL	M4	0.0	165.216	0.084	165.24
lv_in[6040]	INPUT	SIGNAL	M5	275.04	0.0	275.064	0.084
lv_in[6041]	INPUT	SIGNAL	M5	274.992	0.0	275.016	0.084
lv_in[6042]	INPUT	SIGNAL	M5	274.368	0.0	274.392	0.084
lv_in[6043]	INPUT	SIGNAL	M5	274.896	0.0	274.92	0.084
lv_in[6044]	INPUT	SIGNAL	M5	272.544	0.0	272.568	0.084
lv_in[6045]	INPUT	SIGNAL	M5	271.104	0.0	271.128	0.084
lv_in[6046]	INPUT	SIGNAL	M5	272.832	0.0	272.856	0.084
lv_in[6047]	INPUT	SIGNAL	M5	269.184	0.0	269.208	0.084
lv_in[6048]	INPUT	SIGNAL	M5	256.944	0.0	256.968	0.084
lv_in[6049]	INPUT	SIGNAL	M5	251.568	0.0	251.592	0.084
lv_in[604]	INPUT	SIGNAL	M4	0.0	169.872	0.084	169.896
lv_in[6050]	INPUT	SIGNAL	M5	249.84	0.0	249.864	0.084
lv_in[6051]	INPUT	SIGNAL	M5	249.696	0.0	249.72	0.084
lv_in[6052]	INPUT	SIGNAL	M5	251.52	0.0	251.544	0.084
lv_in[6053]	INPUT	SIGNAL	M5	250.032	0.0	250.056	0.084
lv_in[6054]	INPUT	SIGNAL	M5	254.256	0.0	254.28	0.084
lv_in[6055]	INPUT	SIGNAL	M5	254.496	0.0	254.52	0.084
lv_in[6056]	INPUT	SIGNAL	M5	257.04	0.0	257.064	0.084
lv_in[6057]	INPUT	SIGNAL	M5	256.608	0.0	256.632	0.084
lv_in[6058]	INPUT	SIGNAL	M5	256.512	0.0	256.536	0.084
lv_in[6059]	INPUT	SIGNAL	M5	259.104	0.0	259.128	0.084
lv_in[605]	INPUT	SIGNAL	M4	0.0	164.4	0.084	164.424
lv_in[6060]	INPUT	SIGNAL	M5	259.056	0.0	259.08	0.084
lv_in[6061]	INPUT	SIGNAL	M5	262.272	0.0	262.296	0.084
lv_in[6062]	INPUT	SIGNAL	M5	261.36	0.0	261.384	0.084
lv_in[6063]	INPUT	SIGNAL	M5	265.632	0.0	265.656	0.084
lv_in[6064]	INPUT	SIGNAL	M5	261.072	0.0	261.096	0.084
lv_in[6065]	INPUT	SIGNAL	M5	264.768	0.0	264.792	0.084
lv_in[6066]	INPUT	SIGNAL	M5	263.76	0.0	263.784	0.084
lv_in[6067]	INPUT	SIGNAL	M5	264.576	0.0	264.6	0.084
lv_in[6068]	INPUT	SIGNAL	M5	264.528	0.0	264.552	0.084
lv_in[6069]	INPUT	SIGNAL	M5	266.352	0.0	266.376	0.084
lv_in[606]	INPUT	SIGNAL	M4	0.0	167.568	0.084	167.592
lv_in[6070]	INPUT	SIGNAL	M5	261.12	0.0	261.144	0.084
lv_in[6071]	INPUT	SIGNAL	M5	260.592	0.0	260.616	0.084
lv_in[6072]	INPUT	SIGNAL	M5	265.584	0.0	265.608	0.084
lv_in[6073]	INPUT	SIGNAL	M5	266.016	0.0	266.04	0.084
lv_in[6074]	INPUT	SIGNAL	M5	265.152	0.0	265.176	0.084
lv_in[6075]	INPUT	SIGNAL	M5	264.336	0.0	264.36	0.084
lv_in[6076]	INPUT	SIGNAL	M5	262.08	0.0	262.104	0.084
lv_in[6077]	INPUT	SIGNAL	M5	265.488	0.0	265.512	0.084
lv_in[6078]	INPUT	SIGNAL	M5	265.344	0.0	265.368	0.084
lv_in[6079]	INPUT	SIGNAL	M5	259.68	0.0	259.704	0.084
lv_in[607]	INPUT	SIGNAL	M4	0.0	166.608	0.084	166.632
lv_in[6080]	INPUT	SIGNAL	M5	196.464	335.529	196.488	335.613
lv_in[6081]	INPUT	SIGNAL	M5	197.856	335.529	197.88	335.613
lv_in[6082]	INPUT	SIGNAL	M5	196.992	335.529	197.016	335.613
lv_in[6083]	INPUT	SIGNAL	M5	195.888	335.529	195.912	335.613
lv_in[6084]	INPUT	SIGNAL	M5	197.376	335.529	197.4	335.613
lv_in[6085]	INPUT	SIGNAL	M5	195.744	335.529	195.768	335.613
lv_in[6086]	INPUT	SIGNAL	M5	197.568	335.529	197.592	335.613
lv_in[6087]	INPUT	SIGNAL	M5	196.512	335.529	196.536	335.613
lv_in[6088]	INPUT	SIGNAL	M5	198.624	335.529	198.648	335.613
lv_in[6089]	INPUT	SIGNAL	M5	198.0	335.529	198.024	335.613
lv_in[608]	INPUT	SIGNAL	M5	102.816	0.0	102.84	0.084
lv_in[6090]	INPUT	SIGNAL	M5	197.472	335.529	197.496	335.613
lv_in[6091]	INPUT	SIGNAL	M5	189.12	335.529	189.144	335.613
lv_in[6092]	INPUT	SIGNAL	M5	189.456	335.529	189.48	335.613
lv_in[6093]	INPUT	SIGNAL	M5	191.76	335.529	191.784	335.613
lv_in[6094]	INPUT	SIGNAL	M5	192.048	335.529	192.072	335.613
lv_in[6095]	INPUT	SIGNAL	M5	192.624	335.529	192.648	335.613
lv_in[6096]	INPUT	SIGNAL	M5	191.376	335.529	191.4	335.613
lv_in[6097]	INPUT	SIGNAL	M5	193.776	335.529	193.8	335.613
lv_in[6098]	INPUT	SIGNAL	M5	192.288	335.529	192.312	335.613
lv_in[6099]	INPUT	SIGNAL	M5	193.056	335.529	193.08	335.613
lv_in[609]	INPUT	SIGNAL	M5	99.456	0.0	99.48	0.084
lv_in[60]	INPUT	SIGNAL	M4	335.529	169.872	335.613	169.896
lv_in[6100]	INPUT	SIGNAL	M5	193.632	335.529	193.656	335.613
lv_in[6101]	INPUT	SIGNAL	M5	194.256	335.529	194.28	335.613
lv_in[6102]	INPUT	SIGNAL	M5	194.88	335.529	194.904	335.613
lv_in[6103]	INPUT	SIGNAL	M5	197.904	335.529	197.928	335.613
lv_in[6104]	INPUT	SIGNAL	M5	195.936	335.529	195.96	335.613
lv_in[6105]	INPUT	SIGNAL	M5	198.192	335.529	198.216	335.613
lv_in[6106]	INPUT	SIGNAL	M5	195.648	335.529	195.672	335.613
lv_in[6107]	INPUT	SIGNAL	M5	196.128	335.529	196.152	335.613
lv_in[6108]	INPUT	SIGNAL	M5	194.784	335.529	194.808	335.613
lv_in[6109]	INPUT	SIGNAL	M5	194.16	335.529	194.184	335.613
lv_in[610]	INPUT	SIGNAL	M5	98.688	0.0	98.712	0.084
lv_in[6110]	INPUT	SIGNAL	M5	194.736	335.529	194.76	335.613
lv_in[6111]	INPUT	SIGNAL	M5	195.312	335.529	195.336	335.613
lv_in[6112]	INPUT	SIGNAL	M5	206.304	335.529	206.328	335.613
lv_in[6113]	INPUT	SIGNAL	M5	206.496	335.529	206.52	335.613
lv_in[6114]	INPUT	SIGNAL	M5	208.992	335.529	209.016	335.613
lv_in[6115]	INPUT	SIGNAL	M5	206.448	335.529	206.472	335.613
lv_in[6116]	INPUT	SIGNAL	M5	207.984	335.529	208.008	335.613
lv_in[6117]	INPUT	SIGNAL	M5	207.744	335.529	207.768	335.613
lv_in[6118]	INPUT	SIGNAL	M5	208.56	335.529	208.584	335.613
lv_in[6119]	INPUT	SIGNAL	M5	209.328	335.529	209.352	335.613
lv_in[611]	INPUT	SIGNAL	M5	100.32	0.0	100.344	0.084
lv_in[6120]	INPUT	SIGNAL	M5	209.376	335.529	209.4	335.613
lv_in[6121]	INPUT	SIGNAL	M5	207.888	335.529	207.912	335.613
lv_in[6122]	INPUT	SIGNAL	M5	206.112	335.529	206.136	335.613
lv_in[6123]	INPUT	SIGNAL	M5	204.816	335.529	204.84	335.613
lv_in[6124]	INPUT	SIGNAL	M5	203.232	335.529	203.256	335.613
lv_in[6125]	INPUT	SIGNAL	M5	204.336	335.529	204.36	335.613
lv_in[6126]	INPUT	SIGNAL	M5	202.368	335.529	202.392	335.613
lv_in[6127]	INPUT	SIGNAL	M5	202.752	335.529	202.776	335.613
lv_in[6128]	INPUT	SIGNAL	M5	204.72	335.529	204.744	335.613
lv_in[6129]	INPUT	SIGNAL	M5	202.896	335.529	202.92	335.613
lv_in[612]	INPUT	SIGNAL	M4	0.0	99.36	0.084	99.384
lv_in[6130]	INPUT	SIGNAL	M5	203.088	335.529	203.112	335.613
lv_in[6131]	INPUT	SIGNAL	M5	205.488	335.529	205.512	335.613
lv_in[6132]	INPUT	SIGNAL	M5	204.192	335.529	204.216	335.613
lv_in[6133]	INPUT	SIGNAL	M5	203.712	335.529	203.736	335.613
lv_in[6134]	INPUT	SIGNAL	M5	203.904	335.529	203.928	335.613
lv_in[6135]	INPUT	SIGNAL	M5	205.056	335.529	205.08	335.613
lv_in[6136]	INPUT	SIGNAL	M5	203.952	335.529	203.976	335.613
lv_in[6137]	INPUT	SIGNAL	M5	203.376	335.529	203.4	335.613
lv_in[6138]	INPUT	SIGNAL	M5	204.768	335.529	204.792	335.613
lv_in[6139]	INPUT	SIGNAL	M5	204.48	335.529	204.504	335.613
lv_in[613]	INPUT	SIGNAL	M5	101.184	0.0	101.208	0.084
lv_in[6140]	INPUT	SIGNAL	M5	204.096	335.529	204.12	335.613
lv_in[6141]	INPUT	SIGNAL	M5	204.144	335.529	204.168	335.613
lv_in[6142]	INPUT	SIGNAL	M5	204.672	335.529	204.696	335.613
lv_in[6143]	INPUT	SIGNAL	M5	205.68	335.529	205.704	335.613
lv_in[6144]	INPUT	SIGNAL	M5	192.768	335.529	192.792	335.613
lv_in[6145]	INPUT	SIGNAL	M5	200.4	335.529	200.424	335.613
lv_in[6146]	INPUT	SIGNAL	M5	198.96	335.529	198.984	335.613
lv_in[6147]	INPUT	SIGNAL	M5	198.816	335.529	198.84	335.613
lv_in[6148]	INPUT	SIGNAL	M5	200.112	335.529	200.136	335.613
lv_in[6149]	INPUT	SIGNAL	M5	199.008	335.529	199.032	335.613
lv_in[614]	INPUT	SIGNAL	M5	104.784	0.0	104.808	0.084
lv_in[6150]	INPUT	SIGNAL	M5	192.48	335.529	192.504	335.613
lv_in[6151]	INPUT	SIGNAL	M5	192.384	335.529	192.408	335.613
lv_in[6152]	INPUT	SIGNAL	M5	199.056	335.529	199.08	335.613
lv_in[6153]	INPUT	SIGNAL	M5	192.912	335.529	192.936	335.613
lv_in[6154]	INPUT	SIGNAL	M5	196.032	335.529	196.056	335.613
lv_in[6155]	INPUT	SIGNAL	M5	192.96	335.529	192.984	335.613
lv_in[6156]	INPUT	SIGNAL	M5	192.72	335.529	192.744	335.613
lv_in[6157]	INPUT	SIGNAL	M5	192.864	335.529	192.888	335.613
lv_in[6158]	INPUT	SIGNAL	M5	198.864	335.529	198.888	335.613
lv_in[6159]	INPUT	SIGNAL	M5	193.344	335.529	193.368	335.613
lv_in[615]	INPUT	SIGNAL	M4	0.0	98.16	0.084	98.184
lv_in[6160]	INPUT	SIGNAL	M5	192.528	335.529	192.552	335.613
lv_in[6161]	INPUT	SIGNAL	M5	193.2	335.529	193.224	335.613
lv_in[6162]	INPUT	SIGNAL	M5	193.008	335.529	193.032	335.613
lv_in[6163]	INPUT	SIGNAL	M5	198.72	335.529	198.744	335.613
lv_in[6164]	INPUT	SIGNAL	M5	197.424	335.529	197.448	335.613
lv_in[6165]	INPUT	SIGNAL	M5	194.832	335.529	194.856	335.613
lv_in[6166]	INPUT	SIGNAL	M5	192.432	335.529	192.456	335.613
lv_in[6167]	INPUT	SIGNAL	M5	195.504	335.529	195.528	335.613
lv_in[6168]	INPUT	SIGNAL	M5	197.712	335.529	197.736	335.613
lv_in[6169]	INPUT	SIGNAL	M5	194.496	335.529	194.52	335.613
lv_in[616]	INPUT	SIGNAL	M5	100.608	0.0	100.632	0.084
lv_in[6170]	INPUT	SIGNAL	M5	195.216	335.529	195.24	335.613
lv_in[6171]	INPUT	SIGNAL	M5	195.408	335.529	195.432	335.613
lv_in[6172]	INPUT	SIGNAL	M5	197.04	335.529	197.064	335.613
lv_in[6173]	INPUT	SIGNAL	M5	193.728	335.529	193.752	335.613
lv_in[6174]	INPUT	SIGNAL	M5	196.08	335.529	196.104	335.613
lv_in[6175]	INPUT	SIGNAL	M5	196.608	335.529	196.632	335.613
lv_in[6176]	INPUT	SIGNAL	M5	169.488	335.529	169.512	335.613
lv_in[6177]	INPUT	SIGNAL	M5	169.872	335.529	169.896	335.613
lv_in[6178]	INPUT	SIGNAL	M5	171.648	335.529	171.672	335.613
lv_in[6179]	INPUT	SIGNAL	M5	171.552	335.529	171.576	335.613
lv_in[617]	INPUT	SIGNAL	M5	101.28	0.0	101.304	0.084
lv_in[6180]	INPUT	SIGNAL	M5	171.12	335.529	171.144	335.613
lv_in[6181]	INPUT	SIGNAL	M5	170.88	335.529	170.904	335.613
lv_in[6182]	INPUT	SIGNAL	M5	165.792	335.529	165.816	335.613
lv_in[6183]	INPUT	SIGNAL	M5	171.504	335.529	171.528	335.613
lv_in[6184]	INPUT	SIGNAL	M5	163.248	335.529	163.272	335.613
lv_in[6185]	INPUT	SIGNAL	M5	171.264	335.529	171.288	335.613
lv_in[6186]	INPUT	SIGNAL	M5	171.312	335.529	171.336	335.613
lv_in[6187]	INPUT	SIGNAL	M5	171.36	335.529	171.384	335.613
lv_in[6188]	INPUT	SIGNAL	M5	171.456	335.529	171.48	335.613
lv_in[6189]	INPUT	SIGNAL	M5	165.264	335.529	165.288	335.613
lv_in[618]	INPUT	SIGNAL	M5	98.784	0.0	98.808	0.084
lv_in[6190]	INPUT	SIGNAL	M5	165.216	335.529	165.24	335.613
lv_in[6191]	INPUT	SIGNAL	M5	164.256	335.529	164.28	335.613
lv_in[6192]	INPUT	SIGNAL	M5	171.408	335.529	171.432	335.613
lv_in[6193]	INPUT	SIGNAL	M5	170.544	335.529	170.568	335.613
lv_in[6194]	INPUT	SIGNAL	M5	169.248	335.529	169.272	335.613
lv_in[6195]	INPUT	SIGNAL	M5	171.216	335.529	171.24	335.613
lv_in[6196]	INPUT	SIGNAL	M5	167.808	335.529	167.832	335.613
lv_in[6197]	INPUT	SIGNAL	M5	170.832	335.529	170.856	335.613
lv_in[6198]	INPUT	SIGNAL	M5	167.904	335.529	167.928	335.613
lv_in[6199]	INPUT	SIGNAL	M5	166.656	335.529	166.68	335.613
lv_in[619]	INPUT	SIGNAL	M5	98.112	0.0	98.136	0.084
lv_in[61]	INPUT	SIGNAL	M4	335.529	175.584	335.613	175.608
lv_in[6200]	INPUT	SIGNAL	M5	167.472	335.529	167.496	335.613
lv_in[6201]	INPUT	SIGNAL	M5	170.688	335.529	170.712	335.613
lv_in[6202]	INPUT	SIGNAL	M5	170.112	335.529	170.136	335.613
lv_in[6203]	INPUT	SIGNAL	M5	170.64	335.529	170.664	335.613
lv_in[6204]	INPUT	SIGNAL	M5	170.256	335.529	170.28	335.613
lv_in[6205]	INPUT	SIGNAL	M5	168.96	335.529	168.984	335.613
lv_in[6206]	INPUT	SIGNAL	M5	170.064	335.529	170.088	335.613
lv_in[6207]	INPUT	SIGNAL	M5	168.24	335.529	168.264	335.613
lv_in[6208]	INPUT	SIGNAL	M5	102.432	0.0	102.456	0.084
lv_in[6209]	INPUT	SIGNAL	M4	0.0	111.168	0.084	111.192
lv_in[620]	INPUT	SIGNAL	M5	99.84	0.0	99.864	0.084
lv_in[6210]	INPUT	SIGNAL	M4	0.0	110.496	0.084	110.52
lv_in[6211]	INPUT	SIGNAL	M4	0.0	110.592	0.084	110.616
lv_in[6212]	INPUT	SIGNAL	M4	0.0	102.096	0.084	102.12
lv_in[6213]	INPUT	SIGNAL	M4	0.0	102.48	0.084	102.504
lv_in[6214]	INPUT	SIGNAL	M4	0.0	100.368	0.084	100.392
lv_in[6215]	INPUT	SIGNAL	M4	0.0	100.656	0.084	100.68
lv_in[6216]	INPUT	SIGNAL	M4	0.0	103.152	0.084	103.176
lv_in[6217]	INPUT	SIGNAL	M4	0.0	102.96	0.084	102.984
lv_in[6218]	INPUT	SIGNAL	M5	101.952	0.0	101.976	0.084
lv_in[6219]	INPUT	SIGNAL	M4	0.0	97.584	0.084	97.608
lv_in[621]	INPUT	SIGNAL	M5	99.312	0.0	99.336	0.084
lv_in[6220]	INPUT	SIGNAL	M5	105.12	0.0	105.144	0.084
lv_in[6221]	INPUT	SIGNAL	M5	104.016	0.0	104.04	0.084
lv_in[6222]	INPUT	SIGNAL	M5	106.464	0.0	106.488	0.084
lv_in[6223]	INPUT	SIGNAL	M5	103.872	0.0	103.896	0.084
lv_in[6224]	INPUT	SIGNAL	M4	0.0	111.36	0.084	111.384
lv_in[6225]	INPUT	SIGNAL	M4	0.0	111.024	0.084	111.048
lv_in[6226]	INPUT	SIGNAL	M4	0.0	111.504	0.084	111.528
lv_in[6227]	INPUT	SIGNAL	M4	0.0	111.552	0.084	111.576
lv_in[6228]	INPUT	SIGNAL	M4	0.0	110.928	0.084	110.952
lv_in[6229]	INPUT	SIGNAL	M4	0.0	111.12	0.084	111.144
lv_in[622]	INPUT	SIGNAL	M5	96.288	0.0	96.312	0.084
lv_in[6230]	INPUT	SIGNAL	M4	0.0	113.568	0.084	113.592
lv_in[6231]	INPUT	SIGNAL	M4	0.0	112.368	0.084	112.392
lv_in[6232]	INPUT	SIGNAL	M4	0.0	110.736	0.084	110.76
lv_in[6233]	INPUT	SIGNAL	M4	0.0	110.544	0.084	110.568
lv_in[6234]	INPUT	SIGNAL	M4	0.0	114.048	0.084	114.072
lv_in[6235]	INPUT	SIGNAL	M4	0.0	113.856	0.084	113.88
lv_in[6236]	INPUT	SIGNAL	M4	0.0	114.816	0.084	114.84
lv_in[6237]	INPUT	SIGNAL	M4	0.0	116.16	0.084	116.184
lv_in[6238]	INPUT	SIGNAL	M4	0.0	120.912	0.084	120.936
lv_in[6239]	INPUT	SIGNAL	M4	0.0	100.896	0.084	100.92
lv_in[623]	INPUT	SIGNAL	M5	97.824	0.0	97.848	0.084
lv_in[6240]	INPUT	SIGNAL	M5	69.648	0.0	69.672	0.084
lv_in[6241]	INPUT	SIGNAL	M5	69.744	0.0	69.768	0.084
lv_in[6242]	INPUT	SIGNAL	M5	70.464	0.0	70.488	0.084
lv_in[6243]	INPUT	SIGNAL	M5	68.304	0.0	68.328	0.084
lv_in[6244]	INPUT	SIGNAL	M5	70.224	0.0	70.248	0.084
lv_in[6245]	INPUT	SIGNAL	M5	60.336	0.0	60.36	0.084
lv_in[6246]	INPUT	SIGNAL	M5	70.08	0.0	70.104	0.084
lv_in[6247]	INPUT	SIGNAL	M5	60.912	0.0	60.936	0.084
lv_in[6248]	INPUT	SIGNAL	M5	61.68	0.0	61.704	0.084
lv_in[6249]	INPUT	SIGNAL	M5	62.4	0.0	62.424	0.084
lv_in[624]	INPUT	SIGNAL	M5	95.664	0.0	95.688	0.084
lv_in[6250]	INPUT	SIGNAL	M5	62.496	0.0	62.52	0.084
lv_in[6251]	INPUT	SIGNAL	M4	0.0	61.728	0.084	61.752
lv_in[6252]	INPUT	SIGNAL	M5	61.536	0.0	61.56	0.084
lv_in[6253]	INPUT	SIGNAL	M5	63.936	0.0	63.96	0.084
lv_in[6254]	INPUT	SIGNAL	M4	0.0	60.432	0.084	60.456
lv_in[6255]	INPUT	SIGNAL	M5	69.36	0.0	69.384	0.084
lv_in[6256]	INPUT	SIGNAL	M5	64.608	0.0	64.632	0.084
lv_in[6257]	INPUT	SIGNAL	M5	68.4	0.0	68.424	0.084
lv_in[6258]	INPUT	SIGNAL	M5	69.6	0.0	69.624	0.084
lv_in[6259]	INPUT	SIGNAL	M5	69.792	0.0	69.816	0.084
lv_in[625]	INPUT	SIGNAL	M5	96.192	0.0	96.216	0.084
lv_in[6260]	INPUT	SIGNAL	M5	69.696	0.0	69.72	0.084
lv_in[6261]	INPUT	SIGNAL	M5	71.184	0.0	71.208	0.084
lv_in[6262]	INPUT	SIGNAL	M5	71.664	0.0	71.688	0.084
lv_in[6263]	INPUT	SIGNAL	M5	70.896	0.0	70.92	0.084
lv_in[6264]	INPUT	SIGNAL	M5	70.512	0.0	70.536	0.084
lv_in[6265]	INPUT	SIGNAL	M5	71.952	0.0	71.976	0.084
lv_in[6266]	INPUT	SIGNAL	M5	70.656	0.0	70.68	0.084
lv_in[6267]	INPUT	SIGNAL	M5	73.728	0.0	73.752	0.084
lv_in[6268]	INPUT	SIGNAL	M5	73.776	0.0	73.8	0.084
lv_in[6269]	INPUT	SIGNAL	M5	70.56	0.0	70.584	0.084
lv_in[626]	INPUT	SIGNAL	M5	97.776	0.0	97.8	0.084
lv_in[6270]	INPUT	SIGNAL	M5	85.632	0.0	85.656	0.084
lv_in[6271]	INPUT	SIGNAL	M5	85.728	0.0	85.752	0.084
lv_in[6272]	INPUT	SIGNAL	M5	78.96	0.0	78.984	0.084
lv_in[6273]	INPUT	SIGNAL	M5	72.144	0.0	72.168	0.084
lv_in[6274]	INPUT	SIGNAL	M5	72.432	0.0	72.456	0.084
lv_in[6275]	INPUT	SIGNAL	M5	70.32	0.0	70.344	0.084
lv_in[6276]	INPUT	SIGNAL	M5	71.904	0.0	71.928	0.084
lv_in[6277]	INPUT	SIGNAL	M5	72.624	0.0	72.648	0.084
lv_in[6278]	INPUT	SIGNAL	M5	73.44	0.0	73.464	0.084
lv_in[6279]	INPUT	SIGNAL	M5	72.384	0.0	72.408	0.084
lv_in[627]	INPUT	SIGNAL	M5	99.216	0.0	99.24	0.084
lv_in[6280]	INPUT	SIGNAL	M5	61.824	0.0	61.848	0.084
lv_in[6281]	INPUT	SIGNAL	M4	0.0	63.504	0.084	63.528
lv_in[6282]	INPUT	SIGNAL	M5	62.208	0.0	62.232	0.084
lv_in[6283]	INPUT	SIGNAL	M5	62.352	0.0	62.376	0.084
lv_in[6284]	INPUT	SIGNAL	M5	62.832	0.0	62.856	0.084
lv_in[6285]	INPUT	SIGNAL	M5	63.744	0.0	63.768	0.084
lv_in[6286]	INPUT	SIGNAL	M5	64.272	0.0	64.296	0.084
lv_in[6287]	INPUT	SIGNAL	M5	69.552	0.0	69.576	0.084
lv_in[6288]	INPUT	SIGNAL	M5	64.56	0.0	64.584	0.084
lv_in[6289]	INPUT	SIGNAL	M5	75.024	0.0	75.048	0.084
lv_in[628]	INPUT	SIGNAL	M5	96.048	0.0	96.072	0.084
lv_in[6290]	INPUT	SIGNAL	M5	75.984	0.0	76.008	0.084
lv_in[6291]	INPUT	SIGNAL	M5	70.272	0.0	70.296	0.084
lv_in[6292]	INPUT	SIGNAL	M5	72.72	0.0	72.744	0.084
lv_in[6293]	INPUT	SIGNAL	M5	79.152	0.0	79.176	0.084
lv_in[6294]	INPUT	SIGNAL	M5	79.2	0.0	79.224	0.084
lv_in[6295]	INPUT	SIGNAL	M5	78.624	0.0	78.648	0.084
lv_in[6296]	INPUT	SIGNAL	M5	78.768	0.0	78.792	0.084
lv_in[6297]	INPUT	SIGNAL	M5	79.536	0.0	79.56	0.084
lv_in[6298]	INPUT	SIGNAL	M5	81.36	0.0	81.384	0.084
lv_in[6299]	INPUT	SIGNAL	M5	81.936	0.0	81.96	0.084
lv_in[629]	INPUT	SIGNAL	M5	104.88	0.0	104.904	0.084
lv_in[62]	INPUT	SIGNAL	M4	335.529	171.168	335.613	171.192
lv_in[6300]	INPUT	SIGNAL	M5	81.84	0.0	81.864	0.084
lv_in[6301]	INPUT	SIGNAL	M5	82.032	0.0	82.056	0.084
lv_in[6302]	INPUT	SIGNAL	M5	81.984	0.0	82.008	0.084
lv_in[6303]	INPUT	SIGNAL	M5	85.152	0.0	85.176	0.084
lv_in[6304]	INPUT	SIGNAL	M5	190.32	0.0	190.344	0.084
lv_in[6305]	INPUT	SIGNAL	M5	187.536	0.0	187.56	0.084
lv_in[6306]	INPUT	SIGNAL	M5	189.936	0.0	189.96	0.084
lv_in[6307]	INPUT	SIGNAL	M5	191.28	0.0	191.304	0.084
lv_in[6308]	INPUT	SIGNAL	M5	191.472	0.0	191.496	0.084
lv_in[6309]	INPUT	SIGNAL	M5	187.008	0.0	187.032	0.084
lv_in[630]	INPUT	SIGNAL	M5	103.392	0.0	103.416	0.084
lv_in[6310]	INPUT	SIGNAL	M5	191.232	0.0	191.256	0.084
lv_in[6311]	INPUT	SIGNAL	M5	187.44	0.0	187.464	0.084
lv_in[6312]	INPUT	SIGNAL	M5	179.904	0.0	179.928	0.084
lv_in[6313]	INPUT	SIGNAL	M5	180.288	0.0	180.312	0.084
lv_in[6314]	INPUT	SIGNAL	M5	180.048	0.0	180.072	0.084
lv_in[6315]	INPUT	SIGNAL	M5	182.976	0.0	183.0	0.084
lv_in[6316]	INPUT	SIGNAL	M5	182.352	0.0	182.376	0.084
lv_in[6317]	INPUT	SIGNAL	M5	182.496	0.0	182.52	0.084
lv_in[6318]	INPUT	SIGNAL	M5	182.688	0.0	182.712	0.084
lv_in[6319]	INPUT	SIGNAL	M5	221.808	0.0	221.832	0.084
lv_in[631]	INPUT	SIGNAL	M5	103.104	0.0	103.128	0.084
lv_in[6320]	INPUT	SIGNAL	M5	218.928	0.0	218.952	0.084
lv_in[6321]	INPUT	SIGNAL	M5	220.896	0.0	220.92	0.084
lv_in[6322]	INPUT	SIGNAL	M5	221.088	0.0	221.112	0.084
lv_in[6323]	INPUT	SIGNAL	M5	223.68	0.0	223.704	0.084
lv_in[6324]	INPUT	SIGNAL	M5	223.584	0.0	223.608	0.084
lv_in[6325]	INPUT	SIGNAL	M5	225.36	0.0	225.384	0.084
lv_in[6326]	INPUT	SIGNAL	M5	229.584	0.0	229.608	0.084
lv_in[6327]	INPUT	SIGNAL	M5	227.232	0.0	227.256	0.084
lv_in[6328]	INPUT	SIGNAL	M5	231.072	0.0	231.096	0.084
lv_in[6329]	INPUT	SIGNAL	M5	227.76	0.0	227.784	0.084
lv_in[632]	INPUT	SIGNAL	M5	103.152	0.0	103.176	0.084
lv_in[6330]	INPUT	SIGNAL	M5	230.448	0.0	230.472	0.084
lv_in[6331]	INPUT	SIGNAL	M5	231.6	0.0	231.624	0.084
lv_in[6332]	INPUT	SIGNAL	M5	231.408	0.0	231.432	0.084
lv_in[6333]	INPUT	SIGNAL	M5	230.976	0.0	231.0	0.084
lv_in[6334]	INPUT	SIGNAL	M5	219.264	0.0	219.288	0.084
lv_in[6335]	INPUT	SIGNAL	M5	218.544	0.0	218.568	0.084
lv_in[6336]	INPUT	SIGNAL	M5	188.4	0.0	188.424	0.084
lv_in[6337]	INPUT	SIGNAL	M5	186.288	0.0	186.312	0.084
lv_in[6338]	INPUT	SIGNAL	M5	186.24	0.0	186.264	0.084
lv_in[6339]	INPUT	SIGNAL	M5	189.12	0.0	189.144	0.084
lv_in[633]	INPUT	SIGNAL	M5	103.68	0.0	103.704	0.084
lv_in[6340]	INPUT	SIGNAL	M5	189.696	0.0	189.72	0.084
lv_in[6341]	INPUT	SIGNAL	M5	186.144	0.0	186.168	0.084
lv_in[6342]	INPUT	SIGNAL	M5	186.624	0.0	186.648	0.084
lv_in[6343]	INPUT	SIGNAL	M5	190.224	0.0	190.248	0.084
lv_in[6344]	INPUT	SIGNAL	M5	181.584	0.0	181.608	0.084
lv_in[6345]	INPUT	SIGNAL	M5	181.872	0.0	181.896	0.084
lv_in[6346]	INPUT	SIGNAL	M5	181.968	0.0	181.992	0.084
lv_in[6347]	INPUT	SIGNAL	M5	181.536	0.0	181.56	0.084
lv_in[6348]	INPUT	SIGNAL	M5	182.592	0.0	182.616	0.084
lv_in[6349]	INPUT	SIGNAL	M5	181.776	0.0	181.8	0.084
lv_in[634]	INPUT	SIGNAL	M5	101.52	0.0	101.544	0.084
lv_in[6350]	INPUT	SIGNAL	M5	180.72	0.0	180.744	0.084
lv_in[6351]	INPUT	SIGNAL	M5	229.392	0.0	229.416	0.084
lv_in[6352]	INPUT	SIGNAL	M5	188.784	0.0	188.808	0.084
lv_in[6353]	INPUT	SIGNAL	M5	223.728	0.0	223.752	0.084
lv_in[6354]	INPUT	SIGNAL	M5	222.672	0.0	222.696	0.084
lv_in[6355]	INPUT	SIGNAL	M5	229.632	0.0	229.656	0.084
lv_in[6356]	INPUT	SIGNAL	M5	228.336	0.0	228.36	0.084
lv_in[6357]	INPUT	SIGNAL	M5	221.376	0.0	221.4	0.084
lv_in[6358]	INPUT	SIGNAL	M5	223.344	0.0	223.368	0.084
lv_in[6359]	INPUT	SIGNAL	M5	224.784	0.0	224.808	0.084
lv_in[635]	INPUT	SIGNAL	M5	105.072	0.0	105.096	0.084
lv_in[6360]	INPUT	SIGNAL	M5	224.688	0.0	224.712	0.084
lv_in[6361]	INPUT	SIGNAL	M5	221.952	0.0	221.976	0.084
lv_in[6362]	INPUT	SIGNAL	M5	223.296	0.0	223.32	0.084
lv_in[6363]	INPUT	SIGNAL	M5	226.272	0.0	226.296	0.084
lv_in[6364]	INPUT	SIGNAL	M5	226.512	0.0	226.536	0.084
lv_in[6365]	INPUT	SIGNAL	M5	226.944	0.0	226.968	0.084
lv_in[6366]	INPUT	SIGNAL	M5	219.648	0.0	219.672	0.084
lv_in[6367]	INPUT	SIGNAL	M5	218.208	0.0	218.232	0.084
lv_in[6368]	INPUT	SIGNAL	M4	0.0	101.664	0.084	101.688
lv_in[6369]	INPUT	SIGNAL	M4	0.0	108.912	0.084	108.936
lv_in[636]	INPUT	SIGNAL	M5	102.144	0.0	102.168	0.084
lv_in[6370]	INPUT	SIGNAL	M4	0.0	108.288	0.084	108.312
lv_in[6371]	INPUT	SIGNAL	M4	0.0	107.616	0.084	107.64
lv_in[6372]	INPUT	SIGNAL	M4	0.0	107.376	0.084	107.4
lv_in[6373]	INPUT	SIGNAL	M4	0.0	109.104	0.084	109.128
lv_in[6374]	INPUT	SIGNAL	M4	0.0	108.144	0.084	108.168
lv_in[6375]	INPUT	SIGNAL	M4	0.0	107.424	0.084	107.448
lv_in[6376]	INPUT	SIGNAL	M4	0.0	104.832	0.084	104.856
lv_in[6377]	INPUT	SIGNAL	M4	0.0	104.688	0.084	104.712
lv_in[6378]	INPUT	SIGNAL	M4	0.0	109.296	0.084	109.32
lv_in[6379]	INPUT	SIGNAL	M4	0.0	103.392	0.084	103.416
lv_in[637]	INPUT	SIGNAL	M5	101.712	0.0	101.736	0.084
lv_in[6380]	INPUT	SIGNAL	M4	0.0	102.048	0.084	102.072
lv_in[6381]	INPUT	SIGNAL	M4	0.0	95.664	0.084	95.688
lv_in[6382]	INPUT	SIGNAL	M4	0.0	88.704	0.084	88.728
lv_in[6383]	INPUT	SIGNAL	M4	0.0	99.408	0.084	99.432
lv_in[6384]	INPUT	SIGNAL	M4	0.0	99.024	0.084	99.048
lv_in[6385]	INPUT	SIGNAL	M4	0.0	89.472	0.084	89.496
lv_in[6386]	INPUT	SIGNAL	M4	0.0	91.92	0.084	91.944
lv_in[6387]	INPUT	SIGNAL	M4	0.0	90.624	0.084	90.648
lv_in[6388]	INPUT	SIGNAL	M4	0.0	91.344	0.084	91.368
lv_in[6389]	INPUT	SIGNAL	M4	0.0	85.968	0.084	85.992
lv_in[638]	INPUT	SIGNAL	M5	104.928	0.0	104.952	0.084
lv_in[6390]	INPUT	SIGNAL	M4	0.0	86.064	0.084	86.088
lv_in[6391]	INPUT	SIGNAL	M4	0.0	87.504	0.084	87.528
lv_in[6392]	INPUT	SIGNAL	M4	0.0	86.496	0.084	86.52
lv_in[6393]	INPUT	SIGNAL	M4	0.0	87.6	0.084	87.624
lv_in[6394]	INPUT	SIGNAL	M4	0.0	88.32	0.084	88.344
lv_in[6395]	INPUT	SIGNAL	M4	0.0	88.752	0.084	88.776
lv_in[6396]	INPUT	SIGNAL	M4	0.0	90.24	0.084	90.264
lv_in[6397]	INPUT	SIGNAL	M4	0.0	89.04	0.084	89.064
lv_in[6398]	INPUT	SIGNAL	M4	0.0	91.68	0.084	91.704
lv_in[6399]	INPUT	SIGNAL	M4	0.0	93.216	0.084	93.24
lv_in[639]	INPUT	SIGNAL	M5	101.328	0.0	101.352	0.084
lv_in[63]	INPUT	SIGNAL	M4	335.529	170.4	335.613	170.424
lv_in[6400]	INPUT	SIGNAL	M4	0.0	96.768	0.084	96.792
lv_in[6401]	INPUT	SIGNAL	M4	0.0	102.384	0.084	102.408
lv_in[6402]	INPUT	SIGNAL	M4	0.0	106.896	0.084	106.92
lv_in[6403]	INPUT	SIGNAL	M4	0.0	104.352	0.084	104.376
lv_in[6404]	INPUT	SIGNAL	M4	0.0	105.36	0.084	105.384
lv_in[6405]	INPUT	SIGNAL	M4	0.0	102.336	0.084	102.36
lv_in[6406]	INPUT	SIGNAL	M4	0.0	99.552	0.084	99.576
lv_in[6407]	INPUT	SIGNAL	M4	0.0	96.672	0.084	96.696
lv_in[6408]	INPUT	SIGNAL	M4	0.0	100.032	0.084	100.056
lv_in[6409]	INPUT	SIGNAL	M4	0.0	101.568	0.084	101.592
lv_in[640]	INPUT	SIGNAL	M4	0.0	103.536	0.084	103.56
lv_in[6410]	INPUT	SIGNAL	M4	0.0	101.328	0.084	101.352
lv_in[6411]	INPUT	SIGNAL	M4	0.0	99.792	0.084	99.816
lv_in[6412]	INPUT	SIGNAL	M4	0.0	98.496	0.084	98.52
lv_in[6413]	INPUT	SIGNAL	M4	0.0	98.112	0.084	98.136
lv_in[6414]	INPUT	SIGNAL	M4	0.0	97.104	0.084	97.128
lv_in[6415]	INPUT	SIGNAL	M4	0.0	96.624	0.084	96.648
lv_in[6416]	INPUT	SIGNAL	M4	0.0	99.072	0.084	99.096
lv_in[6417]	INPUT	SIGNAL	M4	0.0	97.392	0.084	97.416
lv_in[6418]	INPUT	SIGNAL	M4	0.0	97.92	0.084	97.944
lv_in[6419]	INPUT	SIGNAL	M4	0.0	96.72	0.084	96.744
lv_in[641]	INPUT	SIGNAL	M4	0.0	98.784	0.084	98.808
lv_in[6420]	INPUT	SIGNAL	M4	0.0	96.48	0.084	96.504
lv_in[6421]	INPUT	SIGNAL	M4	0.0	96.384	0.084	96.408
lv_in[6422]	INPUT	SIGNAL	M4	0.0	95.568	0.084	95.592
lv_in[6423]	INPUT	SIGNAL	M4	0.0	96.048	0.084	96.072
lv_in[6424]	INPUT	SIGNAL	M4	0.0	95.088	0.084	95.112
lv_in[6425]	INPUT	SIGNAL	M4	0.0	90.576	0.084	90.6
lv_in[6426]	INPUT	SIGNAL	M4	0.0	92.736	0.084	92.76
lv_in[6427]	INPUT	SIGNAL	M4	0.0	94.176	0.084	94.2
lv_in[6428]	INPUT	SIGNAL	M4	0.0	98.352	0.084	98.376
lv_in[6429]	INPUT	SIGNAL	M4	0.0	97.008	0.084	97.032
lv_in[642]	INPUT	SIGNAL	M4	0.0	98.208	0.084	98.232
lv_in[6430]	INPUT	SIGNAL	M4	0.0	97.632	0.084	97.656
lv_in[6431]	INPUT	SIGNAL	M4	0.0	95.184	0.084	95.208
lv_in[6432]	INPUT	SIGNAL	M5	73.584	335.529	73.608	335.613
lv_in[6433]	INPUT	SIGNAL	M5	70.56	335.529	70.584	335.613
lv_in[6434]	INPUT	SIGNAL	M5	70.752	335.529	70.776	335.613
lv_in[6435]	INPUT	SIGNAL	M5	71.328	335.529	71.352	335.613
lv_in[6436]	INPUT	SIGNAL	M5	70.272	335.529	70.296	335.613
lv_in[6437]	INPUT	SIGNAL	M5	72.192	335.529	72.216	335.613
lv_in[6438]	INPUT	SIGNAL	M5	70.368	335.529	70.392	335.613
lv_in[6439]	INPUT	SIGNAL	M5	71.616	335.529	71.64	335.613
lv_in[643]	INPUT	SIGNAL	M4	0.0	98.736	0.084	98.76
lv_in[6440]	INPUT	SIGNAL	M5	74.592	335.529	74.616	335.613
lv_in[6441]	INPUT	SIGNAL	M5	74.976	335.529	75.0	335.613
lv_in[6442]	INPUT	SIGNAL	M5	75.024	335.529	75.048	335.613
lv_in[6443]	INPUT	SIGNAL	M5	77.088	335.529	77.112	335.613
lv_in[6444]	INPUT	SIGNAL	M5	76.896	335.529	76.92	335.613
lv_in[6445]	INPUT	SIGNAL	M5	80.256	335.529	80.28	335.613
lv_in[6446]	INPUT	SIGNAL	M5	80.64	335.529	80.664	335.613
lv_in[6447]	INPUT	SIGNAL	M5	77.664	335.529	77.688	335.613
lv_in[6448]	INPUT	SIGNAL	M5	79.728	335.529	79.752	335.613
lv_in[6449]	INPUT	SIGNAL	M5	80.064	335.529	80.088	335.613
lv_in[644]	INPUT	SIGNAL	M4	0.0	102.864	0.084	102.888
lv_in[6450]	INPUT	SIGNAL	M5	80.112	335.529	80.136	335.613
lv_in[6451]	INPUT	SIGNAL	M5	77.472	335.529	77.496	335.613
lv_in[6452]	INPUT	SIGNAL	M5	79.296	335.529	79.32	335.613
lv_in[6453]	INPUT	SIGNAL	M5	80.448	335.529	80.472	335.613
lv_in[6454]	INPUT	SIGNAL	M5	83.328	335.529	83.352	335.613
lv_in[6455]	INPUT	SIGNAL	M5	83.232	335.529	83.256	335.613
lv_in[6456]	INPUT	SIGNAL	M5	78.48	335.529	78.504	335.613
lv_in[6457]	INPUT	SIGNAL	M5	82.272	335.529	82.296	335.613
lv_in[6458]	INPUT	SIGNAL	M5	86.448	335.529	86.472	335.613
lv_in[6459]	INPUT	SIGNAL	M5	85.68	335.529	85.704	335.613
lv_in[645]	INPUT	SIGNAL	M4	0.0	100.944	0.084	100.968
lv_in[6460]	INPUT	SIGNAL	M5	86.688	335.529	86.712	335.613
lv_in[6461]	INPUT	SIGNAL	M5	86.016	335.529	86.04	335.613
lv_in[6462]	INPUT	SIGNAL	M5	86.544	335.529	86.568	335.613
lv_in[6463]	INPUT	SIGNAL	M5	78.384	335.529	78.408	335.613
lv_in[6464]	INPUT	SIGNAL	M5	70.944	335.529	70.968	335.613
lv_in[6465]	INPUT	SIGNAL	M5	69.648	335.529	69.672	335.613
lv_in[6466]	INPUT	SIGNAL	M5	69.072	335.529	69.096	335.613
lv_in[6467]	INPUT	SIGNAL	M5	67.104	335.529	67.128	335.613
lv_in[6468]	INPUT	SIGNAL	M5	69.984	335.529	70.008	335.613
lv_in[6469]	INPUT	SIGNAL	M5	69.024	335.529	69.048	335.613
lv_in[646]	INPUT	SIGNAL	M4	0.0	95.376	0.084	95.4
lv_in[6470]	INPUT	SIGNAL	M5	69.792	335.529	69.816	335.613
lv_in[6471]	INPUT	SIGNAL	M5	68.976	335.529	69.0	335.613
lv_in[6472]	INPUT	SIGNAL	M5	76.944	335.529	76.968	335.613
lv_in[6473]	INPUT	SIGNAL	M5	76.368	335.529	76.392	335.613
lv_in[6474]	INPUT	SIGNAL	M5	76.224	335.529	76.248	335.613
lv_in[6475]	INPUT	SIGNAL	M5	79.344	335.529	79.368	335.613
lv_in[6476]	INPUT	SIGNAL	M5	81.984	335.529	82.008	335.613
lv_in[6477]	INPUT	SIGNAL	M5	75.744	335.529	75.768	335.613
lv_in[6478]	INPUT	SIGNAL	M5	75.696	335.529	75.72	335.613
lv_in[6479]	INPUT	SIGNAL	M5	83.088	335.529	83.112	335.613
lv_in[647]	INPUT	SIGNAL	M4	0.0	101.52	0.084	101.544
lv_in[6480]	INPUT	SIGNAL	M5	83.376	335.529	83.4	335.613
lv_in[6481]	INPUT	SIGNAL	M5	79.104	335.529	79.128	335.613
lv_in[6482]	INPUT	SIGNAL	M5	86.256	335.529	86.28	335.613
lv_in[6483]	INPUT	SIGNAL	M5	86.304	335.529	86.328	335.613
lv_in[6484]	INPUT	SIGNAL	M5	77.952	335.529	77.976	335.613
lv_in[6485]	INPUT	SIGNAL	M5	86.784	335.529	86.808	335.613
lv_in[6486]	INPUT	SIGNAL	M5	88.512	335.529	88.536	335.613
lv_in[6487]	INPUT	SIGNAL	M5	88.656	335.529	88.68	335.613
lv_in[6488]	INPUT	SIGNAL	M5	90.288	335.529	90.312	335.613
lv_in[6489]	INPUT	SIGNAL	M5	90.624	335.529	90.648	335.613
lv_in[648]	INPUT	SIGNAL	M4	0.0	96.144	0.084	96.168
lv_in[6490]	INPUT	SIGNAL	M5	89.184	335.529	89.208	335.613
lv_in[6491]	INPUT	SIGNAL	M5	90.576	335.529	90.6	335.613
lv_in[6492]	INPUT	SIGNAL	M5	89.04	335.529	89.064	335.613
lv_in[6493]	INPUT	SIGNAL	M5	88.704	335.529	88.728	335.613
lv_in[6494]	INPUT	SIGNAL	M5	89.952	335.529	89.976	335.613
lv_in[6495]	INPUT	SIGNAL	M5	79.2	335.529	79.224	335.613
lv_in[6496]	INPUT	SIGNAL	M5	261.744	0.0	261.768	0.084
lv_in[6497]	INPUT	SIGNAL	M5	252.96	0.0	252.984	0.084
lv_in[6498]	INPUT	SIGNAL	M5	255.072	0.0	255.096	0.084
lv_in[6499]	INPUT	SIGNAL	M5	252.576	0.0	252.6	0.084
lv_in[649]	INPUT	SIGNAL	M4	0.0	96.432	0.084	96.456
lv_in[64]	INPUT	SIGNAL	M5	171.792	0.0	171.816	0.084
lv_in[6500]	INPUT	SIGNAL	M5	252.48	0.0	252.504	0.084
lv_in[6501]	INPUT	SIGNAL	M5	258.144	0.0	258.168	0.084
lv_in[6502]	INPUT	SIGNAL	M5	262.032	0.0	262.056	0.084
lv_in[6503]	INPUT	SIGNAL	M5	261.504	0.0	261.528	0.084
lv_in[6504]	INPUT	SIGNAL	M5	252.864	0.0	252.888	0.084
lv_in[6505]	INPUT	SIGNAL	M5	256.752	0.0	256.776	0.084
lv_in[6506]	INPUT	SIGNAL	M5	259.392	0.0	259.416	0.084
lv_in[6507]	INPUT	SIGNAL	M5	263.376	0.0	263.4	0.084
lv_in[6508]	INPUT	SIGNAL	M5	260.448	0.0	260.472	0.084
lv_in[6509]	INPUT	SIGNAL	M5	263.232	0.0	263.256	0.084
lv_in[650]	INPUT	SIGNAL	M4	0.0	97.248	0.084	97.272
lv_in[6510]	INPUT	SIGNAL	M5	260.544	0.0	260.568	0.084
lv_in[6511]	INPUT	SIGNAL	M5	259.824	0.0	259.848	0.084
lv_in[6512]	INPUT	SIGNAL	M5	262.992	0.0	263.016	0.084
lv_in[6513]	INPUT	SIGNAL	M5	264.672	0.0	264.696	0.084
lv_in[6514]	INPUT	SIGNAL	M5	262.224	0.0	262.248	0.084
lv_in[6515]	INPUT	SIGNAL	M5	259.728	0.0	259.752	0.084
lv_in[6516]	INPUT	SIGNAL	M5	262.8	0.0	262.824	0.084
lv_in[6517]	INPUT	SIGNAL	M5	263.136	0.0	263.16	0.084
lv_in[6518]	INPUT	SIGNAL	M5	263.184	0.0	263.208	0.084
lv_in[6519]	INPUT	SIGNAL	M5	263.424	0.0	263.448	0.084
lv_in[651]	INPUT	SIGNAL	M4	0.0	105.024	0.084	105.048
lv_in[6520]	INPUT	SIGNAL	M5	260.688	0.0	260.712	0.084
lv_in[6521]	INPUT	SIGNAL	M5	262.944	0.0	262.968	0.084
lv_in[6522]	INPUT	SIGNAL	M5	260.832	0.0	260.856	0.084
lv_in[6523]	INPUT	SIGNAL	M5	262.368	0.0	262.392	0.084
lv_in[6524]	INPUT	SIGNAL	M5	261.936	0.0	261.96	0.084
lv_in[6525]	INPUT	SIGNAL	M5	259.92	0.0	259.944	0.084
lv_in[6526]	INPUT	SIGNAL	M5	259.776	0.0	259.8	0.084
lv_in[6527]	INPUT	SIGNAL	M5	261.456	0.0	261.48	0.084
lv_in[6528]	INPUT	SIGNAL	M5	246.576	0.0	246.6	0.084
lv_in[6529]	INPUT	SIGNAL	M5	242.928	0.0	242.952	0.084
lv_in[652]	INPUT	SIGNAL	M4	0.0	103.92	0.084	103.944
lv_in[6530]	INPUT	SIGNAL	M5	241.392	0.0	241.416	0.084
lv_in[6531]	INPUT	SIGNAL	M5	245.136	0.0	245.16	0.084
lv_in[6532]	INPUT	SIGNAL	M5	245.04	0.0	245.064	0.084
lv_in[6533]	INPUT	SIGNAL	M5	243.312	0.0	243.336	0.084
lv_in[6534]	INPUT	SIGNAL	M5	243.168	0.0	243.192	0.084
lv_in[6535]	INPUT	SIGNAL	M5	245.088	0.0	245.112	0.084
lv_in[6536]	INPUT	SIGNAL	M5	242.976	0.0	243.0	0.084
lv_in[6537]	INPUT	SIGNAL	M5	243.216	0.0	243.24	0.084
lv_in[6538]	INPUT	SIGNAL	M5	241.632	0.0	241.656	0.084
lv_in[6539]	INPUT	SIGNAL	M5	245.664	0.0	245.688	0.084
lv_in[653]	INPUT	SIGNAL	M4	0.0	106.704	0.084	106.728
lv_in[6540]	INPUT	SIGNAL	M5	242.496	0.0	242.52	0.084
lv_in[6541]	INPUT	SIGNAL	M5	245.52	0.0	245.544	0.084
lv_in[6542]	INPUT	SIGNAL	M5	243.84	0.0	243.864	0.084
lv_in[6543]	INPUT	SIGNAL	M5	243.264	0.0	243.288	0.084
lv_in[6544]	INPUT	SIGNAL	M5	242.832	0.0	242.856	0.084
lv_in[6545]	INPUT	SIGNAL	M5	245.712	0.0	245.736	0.084
lv_in[6546]	INPUT	SIGNAL	M5	245.616	0.0	245.64	0.084
lv_in[6547]	INPUT	SIGNAL	M5	245.184	0.0	245.208	0.084
lv_in[6548]	INPUT	SIGNAL	M5	243.552	0.0	243.576	0.084
lv_in[6549]	INPUT	SIGNAL	M5	248.928	0.0	248.952	0.084
lv_in[654]	INPUT	SIGNAL	M4	0.0	106.176	0.084	106.2
lv_in[6550]	INPUT	SIGNAL	M5	250.704	0.0	250.728	0.084
lv_in[6551]	INPUT	SIGNAL	M5	250.656	0.0	250.68	0.084
lv_in[6552]	INPUT	SIGNAL	M5	250.416	0.0	250.44	0.084
lv_in[6553]	INPUT	SIGNAL	M5	249.936	0.0	249.96	0.084
lv_in[6554]	INPUT	SIGNAL	M5	250.608	0.0	250.632	0.084
lv_in[6555]	INPUT	SIGNAL	M5	247.824	0.0	247.848	0.084
lv_in[6556]	INPUT	SIGNAL	M5	247.392	0.0	247.416	0.084
lv_in[6557]	INPUT	SIGNAL	M5	246.768	0.0	246.792	0.084
lv_in[6558]	INPUT	SIGNAL	M5	248.208	0.0	248.232	0.084
lv_in[6559]	INPUT	SIGNAL	M5	246.864	0.0	246.888	0.084
lv_in[655]	INPUT	SIGNAL	M4	0.0	108.0	0.084	108.024
lv_in[6560]	INPUT	SIGNAL	M5	234.48	335.529	234.504	335.613
lv_in[6561]	INPUT	SIGNAL	M5	240.96	335.529	240.984	335.613
lv_in[6562]	INPUT	SIGNAL	M5	245.136	335.529	245.16	335.613
lv_in[6563]	INPUT	SIGNAL	M5	238.128	335.529	238.152	335.613
lv_in[6564]	INPUT	SIGNAL	M5	239.424	335.529	239.448	335.613
lv_in[6565]	INPUT	SIGNAL	M5	237.936	335.529	237.96	335.613
lv_in[6566]	INPUT	SIGNAL	M5	236.784	335.529	236.808	335.613
lv_in[6567]	INPUT	SIGNAL	M5	237.024	335.529	237.048	335.613
lv_in[6568]	INPUT	SIGNAL	M5	234.672	335.529	234.696	335.613
lv_in[6569]	INPUT	SIGNAL	M5	236.016	335.529	236.04	335.613
lv_in[656]	INPUT	SIGNAL	M4	0.0	109.776	0.084	109.8
lv_in[6570]	INPUT	SIGNAL	M5	235.776	335.529	235.8	335.613
lv_in[6571]	INPUT	SIGNAL	M5	233.52	335.529	233.544	335.613
lv_in[6572]	INPUT	SIGNAL	M5	233.328	335.529	233.352	335.613
lv_in[6573]	INPUT	SIGNAL	M5	232.32	335.529	232.344	335.613
lv_in[6574]	INPUT	SIGNAL	M5	233.664	335.529	233.688	335.613
lv_in[6575]	INPUT	SIGNAL	M5	231.408	335.529	231.432	335.613
lv_in[6576]	INPUT	SIGNAL	M5	232.56	335.529	232.584	335.613
lv_in[6577]	INPUT	SIGNAL	M5	231.744	335.529	231.768	335.613
lv_in[6578]	INPUT	SIGNAL	M5	229.92	335.529	229.944	335.613
lv_in[6579]	INPUT	SIGNAL	M5	229.728	335.529	229.752	335.613
lv_in[657]	INPUT	SIGNAL	M4	0.0	110.448	0.084	110.472
lv_in[6580]	INPUT	SIGNAL	M5	229.248	335.529	229.272	335.613
lv_in[6581]	INPUT	SIGNAL	M5	222.912	335.529	222.936	335.613
lv_in[6582]	INPUT	SIGNAL	M5	222.96	335.529	222.984	335.613
lv_in[6583]	INPUT	SIGNAL	M5	221.52	335.529	221.544	335.613
lv_in[6584]	INPUT	SIGNAL	M5	221.472	335.529	221.496	335.613
lv_in[6585]	INPUT	SIGNAL	M5	220.272	335.529	220.296	335.613
lv_in[6586]	INPUT	SIGNAL	M5	220.224	335.529	220.248	335.613
lv_in[6587]	INPUT	SIGNAL	M5	219.264	335.529	219.288	335.613
lv_in[6588]	INPUT	SIGNAL	M5	217.728	335.529	217.752	335.613
lv_in[6589]	INPUT	SIGNAL	M5	217.872	335.529	217.896	335.613
lv_in[658]	INPUT	SIGNAL	M4	0.0	108.336	0.084	108.36
lv_in[6590]	INPUT	SIGNAL	M5	218.016	335.529	218.04	335.613
lv_in[6591]	INPUT	SIGNAL	M5	224.64	335.529	224.664	335.613
lv_in[6592]	INPUT	SIGNAL	M5	234.96	335.529	234.984	335.613
lv_in[6593]	INPUT	SIGNAL	M5	247.056	335.529	247.08	335.613
lv_in[6594]	INPUT	SIGNAL	M5	235.248	335.529	235.272	335.613
lv_in[6595]	INPUT	SIGNAL	M5	235.2	335.529	235.224	335.613
lv_in[6596]	INPUT	SIGNAL	M5	236.208	335.529	236.232	335.613
lv_in[6597]	INPUT	SIGNAL	M5	242.688	335.529	242.712	335.613
lv_in[6598]	INPUT	SIGNAL	M5	236.496	335.529	236.52	335.613
lv_in[6599]	INPUT	SIGNAL	M5	239.472	335.529	239.496	335.613
lv_in[659]	INPUT	SIGNAL	M4	0.0	109.632	0.084	109.656
lv_in[65]	INPUT	SIGNAL	M5	171.888	0.0	171.912	0.084
lv_in[6600]	INPUT	SIGNAL	M5	235.104	335.529	235.128	335.613
lv_in[6601]	INPUT	SIGNAL	M5	237.36	335.529	237.384	335.613
lv_in[6602]	INPUT	SIGNAL	M5	243.504	335.529	243.528	335.613
lv_in[6603]	INPUT	SIGNAL	M5	231.504	335.529	231.528	335.613
lv_in[6604]	INPUT	SIGNAL	M5	231.216	335.529	231.24	335.613
lv_in[6605]	INPUT	SIGNAL	M5	230.16	335.529	230.184	335.613
lv_in[6606]	INPUT	SIGNAL	M5	231.264	335.529	231.288	335.613
lv_in[6607]	INPUT	SIGNAL	M5	228.912	335.529	228.936	335.613
lv_in[6608]	INPUT	SIGNAL	M5	228.0	335.529	228.024	335.613
lv_in[6609]	INPUT	SIGNAL	M5	225.216	335.529	225.24	335.613
lv_in[660]	INPUT	SIGNAL	M4	0.0	107.28	0.084	107.304
lv_in[6610]	INPUT	SIGNAL	M5	226.176	335.529	226.2	335.613
lv_in[6611]	INPUT	SIGNAL	M5	225.408	335.529	225.432	335.613
lv_in[6612]	INPUT	SIGNAL	M5	225.984	335.529	226.008	335.613
lv_in[6613]	INPUT	SIGNAL	M5	227.088	335.529	227.112	335.613
lv_in[6614]	INPUT	SIGNAL	M5	228.336	335.529	228.36	335.613
lv_in[6615]	INPUT	SIGNAL	M5	228.144	335.529	228.168	335.613
lv_in[6616]	INPUT	SIGNAL	M5	231.936	335.529	231.96	335.613
lv_in[6617]	INPUT	SIGNAL	M5	231.696	335.529	231.72	335.613
lv_in[6618]	INPUT	SIGNAL	M5	229.632	335.529	229.656	335.613
lv_in[6619]	INPUT	SIGNAL	M5	226.512	335.529	226.536	335.613
lv_in[661]	INPUT	SIGNAL	M4	0.0	107.904	0.084	107.928
lv_in[6620]	INPUT	SIGNAL	M5	225.888	335.529	225.912	335.613
lv_in[6621]	INPUT	SIGNAL	M5	225.84	335.529	225.864	335.613
lv_in[6622]	INPUT	SIGNAL	M5	225.744	335.529	225.768	335.613
lv_in[6623]	INPUT	SIGNAL	M5	232.128	335.529	232.152	335.613
lv_in[6624]	INPUT	SIGNAL	M5	223.104	335.529	223.128	335.613
lv_in[6625]	INPUT	SIGNAL	M5	234.816	335.529	234.84	335.613
lv_in[6626]	INPUT	SIGNAL	M5	231.552	335.529	231.576	335.613
lv_in[6627]	INPUT	SIGNAL	M5	232.176	335.529	232.2	335.613
lv_in[6628]	INPUT	SIGNAL	M5	232.992	335.529	233.016	335.613
lv_in[6629]	INPUT	SIGNAL	M5	234.144	335.529	234.168	335.613
lv_in[662]	INPUT	SIGNAL	M4	0.0	109.152	0.084	109.176
lv_in[6630]	INPUT	SIGNAL	M5	235.008	335.529	235.032	335.613
lv_in[6631]	INPUT	SIGNAL	M5	234.432	335.529	234.456	335.613
lv_in[6632]	INPUT	SIGNAL	M5	229.104	335.529	229.128	335.613
lv_in[6633]	INPUT	SIGNAL	M5	232.464	335.529	232.488	335.613
lv_in[6634]	INPUT	SIGNAL	M5	232.704	335.529	232.728	335.613
lv_in[6635]	INPUT	SIGNAL	M5	231.84	335.529	231.864	335.613
lv_in[6636]	INPUT	SIGNAL	M5	231.888	335.529	231.912	335.613
lv_in[6637]	INPUT	SIGNAL	M5	227.136	335.529	227.16	335.613
lv_in[6638]	INPUT	SIGNAL	M5	228.384	335.529	228.408	335.613
lv_in[6639]	INPUT	SIGNAL	M5	228.864	335.529	228.888	335.613
lv_in[663]	INPUT	SIGNAL	M4	0.0	109.872	0.084	109.896
lv_in[6640]	INPUT	SIGNAL	M5	232.032	335.529	232.056	335.613
lv_in[6641]	INPUT	SIGNAL	M5	228.432	335.529	228.456	335.613
lv_in[6642]	INPUT	SIGNAL	M5	226.896	335.529	226.92	335.613
lv_in[6643]	INPUT	SIGNAL	M5	226.752	335.529	226.776	335.613
lv_in[6644]	INPUT	SIGNAL	M5	227.328	335.529	227.352	335.613
lv_in[6645]	INPUT	SIGNAL	M5	219.168	335.529	219.192	335.613
lv_in[6646]	INPUT	SIGNAL	M5	216.912	335.529	216.936	335.613
lv_in[6647]	INPUT	SIGNAL	M5	217.824	335.529	217.848	335.613
lv_in[6648]	INPUT	SIGNAL	M5	218.544	335.529	218.568	335.613
lv_in[6649]	INPUT	SIGNAL	M5	216.672	335.529	216.696	335.613
lv_in[664]	INPUT	SIGNAL	M4	0.0	109.056	0.084	109.08
lv_in[6650]	INPUT	SIGNAL	M5	215.184	335.529	215.208	335.613
lv_in[6651]	INPUT	SIGNAL	M5	212.352	335.529	212.376	335.613
lv_in[6652]	INPUT	SIGNAL	M5	213.264	335.529	213.288	335.613
lv_in[6653]	INPUT	SIGNAL	M5	213.936	335.529	213.96	335.613
lv_in[6654]	INPUT	SIGNAL	M5	213.408	335.529	213.432	335.613
lv_in[6655]	INPUT	SIGNAL	M5	220.992	335.529	221.016	335.613
lv_in[6656]	INPUT	SIGNAL	M5	206.4	335.529	206.424	335.613
lv_in[6657]	INPUT	SIGNAL	M5	212.016	335.529	212.04	335.613
lv_in[6658]	INPUT	SIGNAL	M5	220.176	335.529	220.2	335.613
lv_in[6659]	INPUT	SIGNAL	M5	219.408	335.529	219.432	335.613
lv_in[665]	INPUT	SIGNAL	M4	0.0	105.84	0.084	105.864
lv_in[6660]	INPUT	SIGNAL	M5	219.6	335.529	219.624	335.613
lv_in[6661]	INPUT	SIGNAL	M5	218.736	335.529	218.76	335.613
lv_in[6662]	INPUT	SIGNAL	M5	220.512	335.529	220.536	335.613
lv_in[6663]	INPUT	SIGNAL	M5	220.608	335.529	220.632	335.613
lv_in[6664]	INPUT	SIGNAL	M5	214.416	335.529	214.44	335.613
lv_in[6665]	INPUT	SIGNAL	M5	217.584	335.529	217.608	335.613
lv_in[6666]	INPUT	SIGNAL	M5	215.76	335.529	215.784	335.613
lv_in[6667]	INPUT	SIGNAL	M5	213.504	335.529	213.528	335.613
lv_in[6668]	INPUT	SIGNAL	M5	213.696	335.529	213.72	335.613
lv_in[6669]	INPUT	SIGNAL	M5	212.832	335.529	212.856	335.613
lv_in[666]	INPUT	SIGNAL	M4	0.0	109.008	0.084	109.032
lv_in[6670]	INPUT	SIGNAL	M5	212.88	335.529	212.904	335.613
lv_in[6671]	INPUT	SIGNAL	M5	212.16	335.529	212.184	335.613
lv_in[6672]	INPUT	SIGNAL	M5	210.672	335.529	210.696	335.613
lv_in[6673]	INPUT	SIGNAL	M5	208.752	335.529	208.776	335.613
lv_in[6674]	INPUT	SIGNAL	M5	210.432	335.529	210.456	335.613
lv_in[6675]	INPUT	SIGNAL	M5	207.552	335.529	207.576	335.613
lv_in[6676]	INPUT	SIGNAL	M5	208.224	335.529	208.248	335.613
lv_in[6677]	INPUT	SIGNAL	M5	206.736	335.529	206.76	335.613
lv_in[6678]	INPUT	SIGNAL	M5	206.976	335.529	207.0	335.613
lv_in[6679]	INPUT	SIGNAL	M5	203.664	335.529	203.688	335.613
lv_in[667]	INPUT	SIGNAL	M4	0.0	109.584	0.084	109.608
lv_in[6680]	INPUT	SIGNAL	M5	202.416	335.529	202.44	335.613
lv_in[6681]	INPUT	SIGNAL	M5	205.584	335.529	205.608	335.613
lv_in[6682]	INPUT	SIGNAL	M5	203.52	335.529	203.544	335.613
lv_in[6683]	INPUT	SIGNAL	M5	201.024	335.529	201.048	335.613
lv_in[6684]	INPUT	SIGNAL	M5	200.208	335.529	200.232	335.613
lv_in[6685]	INPUT	SIGNAL	M5	202.176	335.529	202.2	335.613
lv_in[6686]	INPUT	SIGNAL	M5	200.352	335.529	200.376	335.613
lv_in[6687]	INPUT	SIGNAL	M5	204.912	335.529	204.936	335.613
lv_in[6688]	INPUT	SIGNAL	M4	0.0	109.44	0.084	109.464
lv_in[6689]	INPUT	SIGNAL	M4	0.0	110.784	0.084	110.808
lv_in[668]	INPUT	SIGNAL	M4	0.0	110.016	0.084	110.04
lv_in[6690]	INPUT	SIGNAL	M4	0.0	109.968	0.084	109.992
lv_in[6691]	INPUT	SIGNAL	M4	0.0	110.112	0.084	110.136
lv_in[6692]	INPUT	SIGNAL	M4	0.0	110.688	0.084	110.712
lv_in[6693]	INPUT	SIGNAL	M4	0.0	110.832	0.084	110.856
lv_in[6694]	INPUT	SIGNAL	M4	0.0	101.808	0.084	101.832
lv_in[6695]	INPUT	SIGNAL	M4	0.0	101.616	0.084	101.64
lv_in[6696]	INPUT	SIGNAL	M4	0.0	110.304	0.084	110.328
lv_in[6697]	INPUT	SIGNAL	M4	0.0	110.4	0.084	110.424
lv_in[6698]	INPUT	SIGNAL	M4	0.0	100.752	0.084	100.776
lv_in[6699]	INPUT	SIGNAL	M4	0.0	101.136	0.084	101.16
lv_in[669]	INPUT	SIGNAL	M4	0.0	109.488	0.084	109.512
lv_in[66]	INPUT	SIGNAL	M5	170.976	0.0	171.0	0.084
lv_in[6700]	INPUT	SIGNAL	M5	103.056	0.0	103.08	0.084
lv_in[6701]	INPUT	SIGNAL	M4	0.0	110.88	0.084	110.904
lv_in[6702]	INPUT	SIGNAL	M5	107.568	0.0	107.592	0.084
lv_in[6703]	INPUT	SIGNAL	M5	103.44	0.0	103.464	0.084
lv_in[6704]	INPUT	SIGNAL	M4	0.0	111.216	0.084	111.24
lv_in[6705]	INPUT	SIGNAL	M4	0.0	110.064	0.084	110.088
lv_in[6706]	INPUT	SIGNAL	M4	0.0	111.312	0.084	111.336
lv_in[6707]	INPUT	SIGNAL	M4	0.0	110.16	0.084	110.184
lv_in[6708]	INPUT	SIGNAL	M4	0.0	110.64	0.084	110.664
lv_in[6709]	INPUT	SIGNAL	M4	0.0	110.208	0.084	110.232
lv_in[670]	INPUT	SIGNAL	M4	0.0	105.504	0.084	105.528
lv_in[6710]	INPUT	SIGNAL	M4	0.0	114.384	0.084	114.408
lv_in[6711]	INPUT	SIGNAL	M4	0.0	118.752	0.084	118.776
lv_in[6712]	INPUT	SIGNAL	M4	0.0	113.952	0.084	113.976
lv_in[6713]	INPUT	SIGNAL	M4	0.0	117.696	0.084	117.72
lv_in[6714]	INPUT	SIGNAL	M4	0.0	117.504	0.084	117.528
lv_in[6715]	INPUT	SIGNAL	M4	0.0	118.8	0.084	118.824
lv_in[6716]	INPUT	SIGNAL	M4	0.0	118.944	0.084	118.968
lv_in[6717]	INPUT	SIGNAL	M4	0.0	117.792	0.084	117.816
lv_in[6718]	INPUT	SIGNAL	M4	0.0	118.992	0.084	119.016
lv_in[6719]	INPUT	SIGNAL	M4	0.0	95.328	0.084	95.352
lv_in[671]	INPUT	SIGNAL	M4	0.0	104.4	0.084	104.424
lv_in[6720]	INPUT	SIGNAL	M5	49.68	335.529	49.704	335.613
lv_in[6721]	INPUT	SIGNAL	M5	58.56	335.529	58.584	335.613
lv_in[6722]	INPUT	SIGNAL	M5	60.768	335.529	60.792	335.613
lv_in[6723]	INPUT	SIGNAL	M5	58.992	335.529	59.016	335.613
lv_in[6724]	INPUT	SIGNAL	M5	59.472	335.529	59.496	335.613
lv_in[6725]	INPUT	SIGNAL	M5	53.856	335.529	53.88	335.613
lv_in[6726]	INPUT	SIGNAL	M5	53.616	335.529	53.64	335.613
lv_in[6727]	INPUT	SIGNAL	M5	54.864	335.529	54.888	335.613
lv_in[6728]	INPUT	SIGNAL	M5	59.568	335.529	59.592	335.613
lv_in[6729]	INPUT	SIGNAL	M5	59.856	335.529	59.88	335.613
lv_in[672]	INPUT	SIGNAL	M4	0.0	226.128	0.084	226.152
lv_in[6730]	INPUT	SIGNAL	M5	59.712	335.529	59.736	335.613
lv_in[6731]	INPUT	SIGNAL	M5	59.616	335.529	59.64	335.613
lv_in[6732]	INPUT	SIGNAL	M5	60.192	335.529	60.216	335.613
lv_in[6733]	INPUT	SIGNAL	M5	60.864	335.529	60.888	335.613
lv_in[6734]	INPUT	SIGNAL	M5	60.48	335.529	60.504	335.613
lv_in[6735]	INPUT	SIGNAL	M5	49.152	335.529	49.176	335.613
lv_in[6736]	INPUT	SIGNAL	M5	48.144	335.529	48.168	335.613
lv_in[6737]	INPUT	SIGNAL	M5	48.24	335.529	48.264	335.613
lv_in[6738]	INPUT	SIGNAL	M5	46.896	335.529	46.92	335.613
lv_in[6739]	INPUT	SIGNAL	M4	0.0	290.016	0.084	290.04
lv_in[673]	INPUT	SIGNAL	M4	0.0	227.952	0.084	227.976
lv_in[6740]	INPUT	SIGNAL	M4	0.0	291.12	0.084	291.144
lv_in[6741]	INPUT	SIGNAL	M4	0.0	291.024	0.084	291.048
lv_in[6742]	INPUT	SIGNAL	M4	0.0	292.128	0.084	292.152
lv_in[6743]	INPUT	SIGNAL	M4	0.0	289.776	0.084	289.8
lv_in[6744]	INPUT	SIGNAL	M4	0.0	290.208	0.084	290.232
lv_in[6745]	INPUT	SIGNAL	M5	42.192	335.529	42.216	335.613
lv_in[6746]	INPUT	SIGNAL	M4	0.0	292.56	0.084	292.584
lv_in[6747]	INPUT	SIGNAL	M4	0.0	292.032	0.084	292.056
lv_in[6748]	INPUT	SIGNAL	M4	0.0	291.072	0.084	291.096
lv_in[6749]	INPUT	SIGNAL	M4	0.0	293.52	0.084	293.544
lv_in[674]	INPUT	SIGNAL	M4	0.0	226.272	0.084	226.296
lv_in[6750]	INPUT	SIGNAL	M4	0.0	293.424	0.084	293.448
lv_in[6751]	INPUT	SIGNAL	M4	0.0	291.456	0.084	291.48
lv_in[6752]	INPUT	SIGNAL	M5	54.768	335.529	54.792	335.613
lv_in[6753]	INPUT	SIGNAL	M5	62.208	335.529	62.232	335.613
lv_in[6754]	INPUT	SIGNAL	M5	62.256	335.529	62.28	335.613
lv_in[6755]	INPUT	SIGNAL	M5	62.832	335.529	62.856	335.613
lv_in[6756]	INPUT	SIGNAL	M5	61.584	335.529	61.608	335.613
lv_in[6757]	INPUT	SIGNAL	M5	55.92	335.529	55.944	335.613
lv_in[6758]	INPUT	SIGNAL	M5	53.808	335.529	53.832	335.613
lv_in[6759]	INPUT	SIGNAL	M5	61.2	335.529	61.224	335.613
lv_in[675]	INPUT	SIGNAL	M4	0.0	227.232	0.084	227.256
lv_in[6760]	INPUT	SIGNAL	M5	59.328	335.529	59.352	335.613
lv_in[6761]	INPUT	SIGNAL	M5	57.216	335.529	57.24	335.613
lv_in[6762]	INPUT	SIGNAL	M5	62.448	335.529	62.472	335.613
lv_in[6763]	INPUT	SIGNAL	M5	57.792	335.529	57.816	335.613
lv_in[6764]	INPUT	SIGNAL	M5	57.12	335.529	57.144	335.613
lv_in[6765]	INPUT	SIGNAL	M5	62.4	335.529	62.424	335.613
lv_in[6766]	INPUT	SIGNAL	M5	61.536	335.529	61.56	335.613
lv_in[6767]	INPUT	SIGNAL	M5	56.496	335.529	56.52	335.613
lv_in[6768]	INPUT	SIGNAL	M5	53.712	335.529	53.736	335.613
lv_in[6769]	INPUT	SIGNAL	M5	51.072	335.529	51.096	335.613
lv_in[676]	INPUT	SIGNAL	M4	0.0	223.68	0.084	223.704
lv_in[6770]	INPUT	SIGNAL	M5	53.232	335.529	53.256	335.613
lv_in[6771]	INPUT	SIGNAL	M5	51.312	335.529	51.336	335.613
lv_in[6772]	INPUT	SIGNAL	M5	51.792	335.529	51.816	335.613
lv_in[6773]	INPUT	SIGNAL	M5	38.496	335.529	38.52	335.613
lv_in[6774]	INPUT	SIGNAL	M5	38.832	335.529	38.856	335.613
lv_in[6775]	INPUT	SIGNAL	M5	38.304	335.529	38.328	335.613
lv_in[6776]	INPUT	SIGNAL	M4	0.0	301.2	0.084	301.224
lv_in[6777]	INPUT	SIGNAL	M4	0.0	299.664	0.084	299.688
lv_in[6778]	INPUT	SIGNAL	M4	0.0	300.432	0.084	300.456
lv_in[6779]	INPUT	SIGNAL	M4	0.0	298.848	0.084	298.872
lv_in[677]	INPUT	SIGNAL	M4	0.0	223.872	0.084	223.896
lv_in[6780]	INPUT	SIGNAL	M4	0.0	297.984	0.084	298.008
lv_in[6781]	INPUT	SIGNAL	M4	0.0	295.104	0.084	295.128
lv_in[6782]	INPUT	SIGNAL	M4	0.0	295.728	0.084	295.752
lv_in[6783]	INPUT	SIGNAL	M4	0.0	294.24	0.084	294.264
lv_in[6784]	INPUT	SIGNAL	M5	117.072	335.529	117.096	335.613
lv_in[6785]	INPUT	SIGNAL	M5	118.752	335.529	118.776	335.613
lv_in[6786]	INPUT	SIGNAL	M5	119.952	335.529	119.976	335.613
lv_in[6787]	INPUT	SIGNAL	M5	117.36	335.529	117.384	335.613
lv_in[6788]	INPUT	SIGNAL	M5	117.84	335.529	117.864	335.613
lv_in[6789]	INPUT	SIGNAL	M5	116.976	335.529	117.0	335.613
lv_in[678]	INPUT	SIGNAL	M4	0.0	225.792	0.084	225.816
lv_in[6790]	INPUT	SIGNAL	M5	117.456	335.529	117.48	335.613
lv_in[6791]	INPUT	SIGNAL	M5	117.024	335.529	117.048	335.613
lv_in[6792]	INPUT	SIGNAL	M5	122.064	335.529	122.088	335.613
lv_in[6793]	INPUT	SIGNAL	M5	122.256	335.529	122.28	335.613
lv_in[6794]	INPUT	SIGNAL	M5	122.448	335.529	122.472	335.613
lv_in[6795]	INPUT	SIGNAL	M5	123.216	335.529	123.24	335.613
lv_in[6796]	INPUT	SIGNAL	M5	123.168	335.529	123.192	335.613
lv_in[6797]	INPUT	SIGNAL	M5	125.376	335.529	125.4	335.613
lv_in[6798]	INPUT	SIGNAL	M5	125.424	335.529	125.448	335.613
lv_in[6799]	INPUT	SIGNAL	M5	127.008	335.529	127.032	335.613
lv_in[679]	INPUT	SIGNAL	M4	0.0	227.664	0.084	227.688
lv_in[67]	INPUT	SIGNAL	M5	168.768	0.0	168.792	0.084
lv_in[6800]	INPUT	SIGNAL	M5	124.848	335.529	124.872	335.613
lv_in[6801]	INPUT	SIGNAL	M5	128.976	335.529	129.0	335.613
lv_in[6802]	INPUT	SIGNAL	M5	126.96	335.529	126.984	335.613
lv_in[6803]	INPUT	SIGNAL	M5	128.112	335.529	128.136	335.613
lv_in[6804]	INPUT	SIGNAL	M5	128.64	335.529	128.664	335.613
lv_in[6805]	INPUT	SIGNAL	M5	126.672	335.529	126.696	335.613
lv_in[6806]	INPUT	SIGNAL	M5	126.192	335.529	126.216	335.613
lv_in[6807]	INPUT	SIGNAL	M5	125.232	335.529	125.256	335.613
lv_in[6808]	INPUT	SIGNAL	M5	125.616	335.529	125.64	335.613
lv_in[6809]	INPUT	SIGNAL	M5	125.664	335.529	125.688	335.613
lv_in[680]	INPUT	SIGNAL	M4	0.0	227.712	0.084	227.736
lv_in[6810]	INPUT	SIGNAL	M5	125.568	335.529	125.592	335.613
lv_in[6811]	INPUT	SIGNAL	M5	125.904	335.529	125.928	335.613
lv_in[6812]	INPUT	SIGNAL	M5	126.816	335.529	126.84	335.613
lv_in[6813]	INPUT	SIGNAL	M5	127.248	335.529	127.272	335.613
lv_in[6814]	INPUT	SIGNAL	M5	127.872	335.529	127.896	335.613
lv_in[6815]	INPUT	SIGNAL	M5	125.28	335.529	125.304	335.613
lv_in[6816]	INPUT	SIGNAL	M5	123.312	335.529	123.336	335.613
lv_in[6817]	INPUT	SIGNAL	M5	116.544	335.529	116.568	335.613
lv_in[6818]	INPUT	SIGNAL	M5	118.176	335.529	118.2	335.613
lv_in[6819]	INPUT	SIGNAL	M5	119.04	335.529	119.064	335.613
lv_in[681]	INPUT	SIGNAL	M4	0.0	225.456	0.084	225.48
lv_in[6820]	INPUT	SIGNAL	M5	115.152	335.529	115.176	335.613
lv_in[6821]	INPUT	SIGNAL	M5	115.296	335.529	115.32	335.613
lv_in[6822]	INPUT	SIGNAL	M5	116.784	335.529	116.808	335.613
lv_in[6823]	INPUT	SIGNAL	M5	120.672	335.529	120.696	335.613
lv_in[6824]	INPUT	SIGNAL	M5	124.656	335.529	124.68	335.613
lv_in[6825]	INPUT	SIGNAL	M5	124.608	335.529	124.632	335.613
lv_in[6826]	INPUT	SIGNAL	M5	123.504	335.529	123.528	335.613
lv_in[6827]	INPUT	SIGNAL	M5	125.472	335.529	125.496	335.613
lv_in[6828]	INPUT	SIGNAL	M5	124.128	335.529	124.152	335.613
lv_in[6829]	INPUT	SIGNAL	M5	124.272	335.529	124.296	335.613
lv_in[682]	INPUT	SIGNAL	M4	0.0	226.176	0.084	226.2
lv_in[6830]	INPUT	SIGNAL	M5	124.704	335.529	124.728	335.613
lv_in[6831]	INPUT	SIGNAL	M5	131.088	335.529	131.112	335.613
lv_in[6832]	INPUT	SIGNAL	M5	130.32	335.529	130.344	335.613
lv_in[6833]	INPUT	SIGNAL	M5	138.336	335.529	138.36	335.613
lv_in[6834]	INPUT	SIGNAL	M5	137.088	335.529	137.112	335.613
lv_in[6835]	INPUT	SIGNAL	M5	134.304	335.529	134.328	335.613
lv_in[6836]	INPUT	SIGNAL	M5	132.816	335.529	132.84	335.613
lv_in[6837]	INPUT	SIGNAL	M5	133.68	335.529	133.704	335.613
lv_in[6838]	INPUT	SIGNAL	M5	133.44	335.529	133.464	335.613
lv_in[6839]	INPUT	SIGNAL	M5	133.2	335.529	133.224	335.613
lv_in[683]	INPUT	SIGNAL	M4	0.0	223.584	0.084	223.608
lv_in[6840]	INPUT	SIGNAL	M5	133.536	335.529	133.56	335.613
lv_in[6841]	INPUT	SIGNAL	M5	133.008	335.529	133.032	335.613
lv_in[6842]	INPUT	SIGNAL	M5	134.544	335.529	134.568	335.613
lv_in[6843]	INPUT	SIGNAL	M5	133.728	335.529	133.752	335.613
lv_in[6844]	INPUT	SIGNAL	M5	133.104	335.529	133.128	335.613
lv_in[6845]	INPUT	SIGNAL	M5	132.96	335.529	132.984	335.613
lv_in[6846]	INPUT	SIGNAL	M5	133.056	335.529	133.08	335.613
lv_in[6847]	INPUT	SIGNAL	M5	132.672	335.529	132.696	335.613
lv_in[6848]	INPUT	SIGNAL	M4	0.0	265.632	0.084	265.656
lv_in[6849]	INPUT	SIGNAL	M4	0.0	266.832	0.084	266.856
lv_in[684]	INPUT	SIGNAL	M4	0.0	223.968	0.084	223.992
lv_in[6850]	INPUT	SIGNAL	M4	0.0	267.648	0.084	267.672
lv_in[6851]	INPUT	SIGNAL	M4	0.0	269.088	0.084	269.112
lv_in[6852]	INPUT	SIGNAL	M4	0.0	269.52	0.084	269.544
lv_in[6853]	INPUT	SIGNAL	M4	0.0	270.576	0.084	270.6
lv_in[6854]	INPUT	SIGNAL	M4	0.0	271.92	0.084	271.944
lv_in[6855]	INPUT	SIGNAL	M4	0.0	272.832	0.084	272.856
lv_in[6856]	INPUT	SIGNAL	M5	71.808	335.529	71.832	335.613
lv_in[6857]	INPUT	SIGNAL	M5	70.656	335.529	70.68	335.613
lv_in[6858]	INPUT	SIGNAL	M5	66.192	335.529	66.216	335.613
lv_in[6859]	INPUT	SIGNAL	M5	71.952	335.529	71.976	335.613
lv_in[685]	INPUT	SIGNAL	M4	0.0	222.96	0.084	222.984
lv_in[6860]	INPUT	SIGNAL	M5	72.432	335.529	72.456	335.613
lv_in[6861]	INPUT	SIGNAL	M5	66.72	335.529	66.744	335.613
lv_in[6862]	INPUT	SIGNAL	M5	69.312	335.529	69.336	335.613
lv_in[6863]	INPUT	SIGNAL	M5	71.232	335.529	71.256	335.613
lv_in[6864]	INPUT	SIGNAL	M5	71.856	335.529	71.88	335.613
lv_in[6865]	INPUT	SIGNAL	M5	70.848	335.529	70.872	335.613
lv_in[6866]	INPUT	SIGNAL	M4	0.0	263.664	0.084	263.688
lv_in[6867]	INPUT	SIGNAL	M4	0.0	262.8	0.084	262.824
lv_in[6868]	INPUT	SIGNAL	M4	0.0	261.936	0.084	261.96
lv_in[6869]	INPUT	SIGNAL	M4	0.0	261.024	0.084	261.048
lv_in[686]	INPUT	SIGNAL	M4	0.0	218.448	0.084	218.472
lv_in[6870]	INPUT	SIGNAL	M4	0.0	260.688	0.084	260.712
lv_in[6871]	INPUT	SIGNAL	M4	0.0	254.592	0.084	254.616
lv_in[6872]	INPUT	SIGNAL	M4	0.0	255.936	0.084	255.96
lv_in[6873]	INPUT	SIGNAL	M4	0.0	259.584	0.084	259.608
lv_in[6874]	INPUT	SIGNAL	M4	0.0	258.672	0.084	258.696
lv_in[6875]	INPUT	SIGNAL	M4	0.0	258.0	0.084	258.024
lv_in[6876]	INPUT	SIGNAL	M4	0.0	256.416	0.084	256.44
lv_in[6877]	INPUT	SIGNAL	M4	0.0	257.472	0.084	257.496
lv_in[6878]	INPUT	SIGNAL	M4	0.0	253.68	0.084	253.704
lv_in[6879]	INPUT	SIGNAL	M4	0.0	255.264	0.084	255.288
lv_in[687]	INPUT	SIGNAL	M4	0.0	218.016	0.084	218.04
lv_in[6880]	INPUT	SIGNAL	M5	70.416	335.529	70.44	335.613
lv_in[6881]	INPUT	SIGNAL	M4	0.0	264.48	0.084	264.504
lv_in[6882]	INPUT	SIGNAL	M4	0.0	264.432	0.084	264.456
lv_in[6883]	INPUT	SIGNAL	M4	0.0	266.352	0.084	266.376
lv_in[6884]	INPUT	SIGNAL	M4	0.0	263.52	0.084	263.544
lv_in[6885]	INPUT	SIGNAL	M5	65.52	335.529	65.544	335.613
lv_in[6886]	INPUT	SIGNAL	M5	66.528	335.529	66.552	335.613
lv_in[6887]	INPUT	SIGNAL	M5	66.864	335.529	66.888	335.613
lv_in[6888]	INPUT	SIGNAL	M5	68.448	335.529	68.472	335.613
lv_in[6889]	INPUT	SIGNAL	M5	71.472	335.529	71.496	335.613
lv_in[688]	INPUT	SIGNAL	M4	0.0	222.816	0.084	222.84
lv_in[6890]	INPUT	SIGNAL	M5	71.184	335.529	71.208	335.613
lv_in[6891]	INPUT	SIGNAL	M5	74.448	335.529	74.472	335.613
lv_in[6892]	INPUT	SIGNAL	M5	74.4	335.529	74.424	335.613
lv_in[6893]	INPUT	SIGNAL	M5	79.536	335.529	79.56	335.613
lv_in[6894]	INPUT	SIGNAL	M5	78.576	335.529	78.6	335.613
lv_in[6895]	INPUT	SIGNAL	M5	80.832	335.529	80.856	335.613
lv_in[6896]	INPUT	SIGNAL	M5	85.968	335.529	85.992	335.613
lv_in[6897]	INPUT	SIGNAL	M5	77.712	335.529	77.736	335.613
lv_in[6898]	INPUT	SIGNAL	M5	86.592	335.529	86.616	335.613
lv_in[6899]	INPUT	SIGNAL	M5	85.344	335.529	85.368	335.613
lv_in[689]	INPUT	SIGNAL	M4	0.0	220.032	0.084	220.056
lv_in[68]	INPUT	SIGNAL	M5	167.136	0.0	167.16	0.084
lv_in[6900]	INPUT	SIGNAL	M5	85.728	335.529	85.752	335.613
lv_in[6901]	INPUT	SIGNAL	M4	0.0	253.2	0.084	253.224
lv_in[6902]	INPUT	SIGNAL	M4	0.0	253.776	0.084	253.8
lv_in[6903]	INPUT	SIGNAL	M4	0.0	254.304	0.084	254.328
lv_in[6904]	INPUT	SIGNAL	M4	0.0	254.352	0.084	254.376
lv_in[6905]	INPUT	SIGNAL	M5	81.552	335.529	81.576	335.613
lv_in[6906]	INPUT	SIGNAL	M5	84.384	335.529	84.408	335.613
lv_in[6907]	INPUT	SIGNAL	M5	82.368	335.529	82.392	335.613
lv_in[6908]	INPUT	SIGNAL	M5	85.92	335.529	85.944	335.613
lv_in[6909]	INPUT	SIGNAL	M5	82.848	335.529	82.872	335.613
lv_in[690]	INPUT	SIGNAL	M4	0.0	221.28	0.084	221.304
lv_in[6910]	INPUT	SIGNAL	M4	0.0	253.296	0.084	253.32
lv_in[6911]	INPUT	SIGNAL	M4	0.0	253.392	0.084	253.416
lv_in[6912]	INPUT	SIGNAL	M4	0.0	116.784	0.084	116.808
lv_in[6913]	INPUT	SIGNAL	M5	111.648	0.0	111.672	0.084
lv_in[6914]	INPUT	SIGNAL	M5	111.456	0.0	111.48	0.084
lv_in[6915]	INPUT	SIGNAL	M5	111.744	0.0	111.768	0.084
lv_in[6916]	INPUT	SIGNAL	M5	111.264	0.0	111.288	0.084
lv_in[6917]	INPUT	SIGNAL	M4	0.0	115.632	0.084	115.656
lv_in[6918]	INPUT	SIGNAL	M4	0.0	117.936	0.084	117.96
lv_in[6919]	INPUT	SIGNAL	M4	0.0	116.688	0.084	116.712
lv_in[691]	INPUT	SIGNAL	M4	0.0	217.68	0.084	217.704
lv_in[6920]	INPUT	SIGNAL	M4	0.0	119.904	0.084	119.928
lv_in[6921]	INPUT	SIGNAL	M4	0.0	118.272	0.084	118.296
lv_in[6922]	INPUT	SIGNAL	M4	0.0	119.088	0.084	119.112
lv_in[6923]	INPUT	SIGNAL	M4	0.0	122.208	0.084	122.232
lv_in[6924]	INPUT	SIGNAL	M4	0.0	121.248	0.084	121.272
lv_in[6925]	INPUT	SIGNAL	M4	0.0	124.08	0.084	124.104
lv_in[6926]	INPUT	SIGNAL	M4	0.0	123.024	0.084	123.048
lv_in[6927]	INPUT	SIGNAL	M4	0.0	125.424	0.084	125.448
lv_in[6928]	INPUT	SIGNAL	M4	0.0	124.704	0.084	124.728
lv_in[6929]	INPUT	SIGNAL	M4	0.0	126.576	0.084	126.6
lv_in[692]	INPUT	SIGNAL	M4	0.0	215.808	0.084	215.832
lv_in[6930]	INPUT	SIGNAL	M4	0.0	125.568	0.084	125.592
lv_in[6931]	INPUT	SIGNAL	M4	0.0	126.24	0.084	126.264
lv_in[6932]	INPUT	SIGNAL	M4	0.0	126.816	0.084	126.84
lv_in[6933]	INPUT	SIGNAL	M4	0.0	136.896	0.084	136.92
lv_in[6934]	INPUT	SIGNAL	M4	0.0	140.256	0.084	140.28
lv_in[6935]	INPUT	SIGNAL	M4	0.0	141.36	0.084	141.384
lv_in[6936]	INPUT	SIGNAL	M4	0.0	139.392	0.084	139.416
lv_in[6937]	INPUT	SIGNAL	M4	0.0	143.712	0.084	143.736
lv_in[6938]	INPUT	SIGNAL	M4	0.0	141.456	0.084	141.48
lv_in[6939]	INPUT	SIGNAL	M4	0.0	142.08	0.084	142.104
lv_in[693]	INPUT	SIGNAL	M4	0.0	226.608	0.084	226.632
lv_in[6940]	INPUT	SIGNAL	M4	0.0	144.24	0.084	144.264
lv_in[6941]	INPUT	SIGNAL	M4	0.0	143.616	0.084	143.64
lv_in[6942]	INPUT	SIGNAL	M4	0.0	142.464	0.084	142.488
lv_in[6943]	INPUT	SIGNAL	M4	0.0	137.856	0.084	137.88
lv_in[6944]	INPUT	SIGNAL	M4	0.0	116.208	0.084	116.232
lv_in[6945]	INPUT	SIGNAL	M5	112.272	0.0	112.296	0.084
lv_in[6946]	INPUT	SIGNAL	M5	113.184	0.0	113.208	0.084
lv_in[6947]	INPUT	SIGNAL	M5	111.984	0.0	112.008	0.084
lv_in[6948]	INPUT	SIGNAL	M5	112.992	0.0	113.016	0.084
lv_in[6949]	INPUT	SIGNAL	M5	116.064	0.0	116.088	0.084
lv_in[694]	INPUT	SIGNAL	M4	0.0	227.472	0.084	227.496
lv_in[6950]	INPUT	SIGNAL	M5	116.112	0.0	116.136	0.084
lv_in[6951]	INPUT	SIGNAL	M5	112.848	0.0	112.872	0.084
lv_in[6952]	INPUT	SIGNAL	M4	0.0	120.576	0.084	120.6
lv_in[6953]	INPUT	SIGNAL	M4	0.0	119.808	0.084	119.832
lv_in[6954]	INPUT	SIGNAL	M4	0.0	118.656	0.084	118.68
lv_in[6955]	INPUT	SIGNAL	M4	0.0	121.824	0.084	121.848
lv_in[6956]	INPUT	SIGNAL	M4	0.0	122.16	0.084	122.184
lv_in[6957]	INPUT	SIGNAL	M4	0.0	124.128	0.084	124.152
lv_in[6958]	INPUT	SIGNAL	M4	0.0	123.168	0.084	123.192
lv_in[6959]	INPUT	SIGNAL	M4	0.0	125.616	0.084	125.64
lv_in[695]	INPUT	SIGNAL	M4	0.0	231.888	0.084	231.912
lv_in[6960]	INPUT	SIGNAL	M4	0.0	125.04	0.084	125.064
lv_in[6961]	INPUT	SIGNAL	M4	0.0	126.336	0.084	126.36
lv_in[6962]	INPUT	SIGNAL	M4	0.0	128.976	0.084	129.0
lv_in[6963]	INPUT	SIGNAL	M4	0.0	127.296	0.084	127.32
lv_in[6964]	INPUT	SIGNAL	M4	0.0	129.744	0.084	129.768
lv_in[6965]	INPUT	SIGNAL	M4	0.0	131.904	0.084	131.928
lv_in[6966]	INPUT	SIGNAL	M4	0.0	132.72	0.084	132.744
lv_in[6967]	INPUT	SIGNAL	M4	0.0	134.352	0.084	134.376
lv_in[6968]	INPUT	SIGNAL	M4	0.0	133.68	0.084	133.704
lv_in[6969]	INPUT	SIGNAL	M4	0.0	135.36	0.084	135.384
lv_in[696]	INPUT	SIGNAL	M4	0.0	227.376	0.084	227.4
lv_in[6970]	INPUT	SIGNAL	M4	0.0	136.224	0.084	136.248
lv_in[6971]	INPUT	SIGNAL	M4	0.0	136.992	0.084	137.016
lv_in[6972]	INPUT	SIGNAL	M4	0.0	137.664	0.084	137.688
lv_in[6973]	INPUT	SIGNAL	M4	0.0	138.288	0.084	138.312
lv_in[6974]	INPUT	SIGNAL	M4	0.0	139.008	0.084	139.032
lv_in[6975]	INPUT	SIGNAL	M4	0.0	131.088	0.084	131.112
lv_in[6976]	INPUT	SIGNAL	M5	155.856	0.0	155.88	0.084
lv_in[6977]	INPUT	SIGNAL	M5	155.328	0.0	155.352	0.084
lv_in[6978]	INPUT	SIGNAL	M5	156.096	0.0	156.12	0.084
lv_in[6979]	INPUT	SIGNAL	M5	157.008	0.0	157.032	0.084
lv_in[697]	INPUT	SIGNAL	M4	0.0	231.168	0.084	231.192
lv_in[6980]	INPUT	SIGNAL	M5	154.032	0.0	154.056	0.084
lv_in[6981]	INPUT	SIGNAL	M5	152.304	0.0	152.328	0.084
lv_in[6982]	INPUT	SIGNAL	M5	150.624	0.0	150.648	0.084
lv_in[6983]	INPUT	SIGNAL	M5	152.256	0.0	152.28	0.084
lv_in[6984]	INPUT	SIGNAL	M5	149.712	0.0	149.736	0.084
lv_in[6985]	INPUT	SIGNAL	M5	149.232	0.0	149.256	0.084
lv_in[6986]	INPUT	SIGNAL	M5	149.328	0.0	149.352	0.084
lv_in[6987]	INPUT	SIGNAL	M5	148.464	0.0	148.488	0.084
lv_in[6988]	INPUT	SIGNAL	M5	148.416	0.0	148.44	0.084
lv_in[6989]	INPUT	SIGNAL	M5	149.76	0.0	149.784	0.084
lv_in[698]	INPUT	SIGNAL	M4	0.0	230.928	0.084	230.952
lv_in[6990]	INPUT	SIGNAL	M5	149.52	0.0	149.544	0.084
lv_in[6991]	INPUT	SIGNAL	M5	160.032	0.0	160.056	0.084
lv_in[6992]	INPUT	SIGNAL	M5	148.176	0.0	148.2	0.084
lv_in[6993]	INPUT	SIGNAL	M5	163.632	0.0	163.656	0.084
lv_in[6994]	INPUT	SIGNAL	M5	162.336	0.0	162.36	0.084
lv_in[6995]	INPUT	SIGNAL	M5	163.728	0.0	163.752	0.084
lv_in[6996]	INPUT	SIGNAL	M5	163.968	0.0	163.992	0.084
lv_in[6997]	INPUT	SIGNAL	M5	167.568	0.0	167.592	0.084
lv_in[6998]	INPUT	SIGNAL	M5	164.64	0.0	164.664	0.084
lv_in[6999]	INPUT	SIGNAL	M5	164.4	0.0	164.424	0.084
lv_in[699]	INPUT	SIGNAL	M4	0.0	230.88	0.084	230.904
lv_in[69]	INPUT	SIGNAL	M5	168.384	0.0	168.408	0.084
lv_in[6]	INPUT	SIGNAL	M4	335.529	182.352	335.613	182.376
lv_in[7000]	INPUT	SIGNAL	M5	166.368	0.0	166.392	0.084
lv_in[7001]	INPUT	SIGNAL	M5	166.08	0.0	166.104	0.084
lv_in[7002]	INPUT	SIGNAL	M5	164.688	0.0	164.712	0.084
lv_in[7003]	INPUT	SIGNAL	M5	165.744	0.0	165.768	0.084
lv_in[7004]	INPUT	SIGNAL	M5	168.192	0.0	168.216	0.084
lv_in[7005]	INPUT	SIGNAL	M5	169.104	0.0	169.128	0.084
lv_in[7006]	INPUT	SIGNAL	M5	169.584	0.0	169.608	0.084
lv_in[7007]	INPUT	SIGNAL	M5	163.92	0.0	163.944	0.084
lv_in[7008]	INPUT	SIGNAL	M5	160.464	0.0	160.488	0.084
lv_in[7009]	INPUT	SIGNAL	M5	160.08	0.0	160.104	0.084
lv_in[700]	INPUT	SIGNAL	M4	0.0	231.504	0.084	231.528
lv_in[7010]	INPUT	SIGNAL	M5	159.936	0.0	159.96	0.084
lv_in[7011]	INPUT	SIGNAL	M5	159.36	0.0	159.384	0.084
lv_in[7012]	INPUT	SIGNAL	M5	160.224	0.0	160.248	0.084
lv_in[7013]	INPUT	SIGNAL	M5	157.872	0.0	157.896	0.084
lv_in[7014]	INPUT	SIGNAL	M5	154.848	0.0	154.872	0.084
lv_in[7015]	INPUT	SIGNAL	M5	160.704	0.0	160.728	0.084
lv_in[7016]	INPUT	SIGNAL	M5	154.704	0.0	154.728	0.084
lv_in[7017]	INPUT	SIGNAL	M5	154.608	0.0	154.632	0.084
lv_in[7018]	INPUT	SIGNAL	M5	155.232	0.0	155.256	0.084
lv_in[7019]	INPUT	SIGNAL	M5	158.736	0.0	158.76	0.084
lv_in[701]	INPUT	SIGNAL	M4	0.0	231.6	0.084	231.624
lv_in[7020]	INPUT	SIGNAL	M5	158.88	0.0	158.904	0.084
lv_in[7021]	INPUT	SIGNAL	M5	158.16	0.0	158.184	0.084
lv_in[7022]	INPUT	SIGNAL	M5	157.248	0.0	157.272	0.084
lv_in[7023]	INPUT	SIGNAL	M5	159.552	0.0	159.576	0.084
lv_in[7024]	INPUT	SIGNAL	M5	158.832	0.0	158.856	0.084
lv_in[7025]	INPUT	SIGNAL	M5	162.0	0.0	162.024	0.084
lv_in[7026]	INPUT	SIGNAL	M5	162.624	0.0	162.648	0.084
lv_in[7027]	INPUT	SIGNAL	M5	160.896	0.0	160.92	0.084
lv_in[7028]	INPUT	SIGNAL	M5	162.432	0.0	162.456	0.084
lv_in[7029]	INPUT	SIGNAL	M5	163.44	0.0	163.464	0.084
lv_in[702]	INPUT	SIGNAL	M4	0.0	231.456	0.084	231.48
lv_in[7030]	INPUT	SIGNAL	M5	163.056	0.0	163.08	0.084
lv_in[7031]	INPUT	SIGNAL	M5	164.496	0.0	164.52	0.084
lv_in[7032]	INPUT	SIGNAL	M5	165.408	0.0	165.432	0.084
lv_in[7033]	INPUT	SIGNAL	M5	166.848	0.0	166.872	0.084
lv_in[7034]	INPUT	SIGNAL	M5	166.224	0.0	166.248	0.084
lv_in[7035]	INPUT	SIGNAL	M5	164.592	0.0	164.616	0.084
lv_in[7036]	INPUT	SIGNAL	M5	166.416	0.0	166.44	0.084
lv_in[7037]	INPUT	SIGNAL	M5	166.464	0.0	166.488	0.084
lv_in[7038]	INPUT	SIGNAL	M5	166.944	0.0	166.968	0.084
lv_in[7039]	INPUT	SIGNAL	M5	162.48	0.0	162.504	0.084
lv_in[703]	INPUT	SIGNAL	M4	0.0	225.888	0.084	225.912
lv_in[7040]	INPUT	SIGNAL	M5	89.232	0.0	89.256	0.084
lv_in[7041]	INPUT	SIGNAL	M5	84.576	0.0	84.6	0.084
lv_in[7042]	INPUT	SIGNAL	M5	84.912	0.0	84.936	0.084
lv_in[7043]	INPUT	SIGNAL	M5	85.344	0.0	85.368	0.084
lv_in[7044]	INPUT	SIGNAL	M5	85.2	0.0	85.224	0.084
lv_in[7045]	INPUT	SIGNAL	M5	85.536	0.0	85.56	0.084
lv_in[7046]	INPUT	SIGNAL	M5	87.312	0.0	87.336	0.084
lv_in[7047]	INPUT	SIGNAL	M5	87.888	0.0	87.912	0.084
lv_in[7048]	INPUT	SIGNAL	M5	88.56	0.0	88.584	0.084
lv_in[7049]	INPUT	SIGNAL	M5	89.136	0.0	89.16	0.084
lv_in[704]	INPUT	SIGNAL	M4	0.0	220.464	0.084	220.488
lv_in[7050]	INPUT	SIGNAL	M5	85.392	0.0	85.416	0.084
lv_in[7051]	INPUT	SIGNAL	M5	92.928	0.0	92.952	0.084
lv_in[7052]	INPUT	SIGNAL	M5	94.704	0.0	94.728	0.084
lv_in[7053]	INPUT	SIGNAL	M5	94.752	0.0	94.776	0.084
lv_in[7054]	INPUT	SIGNAL	M5	94.368	0.0	94.392	0.084
lv_in[7055]	INPUT	SIGNAL	M5	96.528	0.0	96.552	0.084
lv_in[7056]	INPUT	SIGNAL	M5	97.104	0.0	97.128	0.084
lv_in[7057]	INPUT	SIGNAL	M5	98.832	0.0	98.856	0.084
lv_in[7058]	INPUT	SIGNAL	M5	98.736	0.0	98.76	0.084
lv_in[7059]	INPUT	SIGNAL	M5	98.496	0.0	98.52	0.084
lv_in[705]	INPUT	SIGNAL	M4	0.0	221.04	0.084	221.064
lv_in[7060]	INPUT	SIGNAL	M5	98.352	0.0	98.376	0.084
lv_in[7061]	INPUT	SIGNAL	M5	100.08	0.0	100.104	0.084
lv_in[7062]	INPUT	SIGNAL	M5	105.264	0.0	105.288	0.084
lv_in[7063]	INPUT	SIGNAL	M5	102.576	0.0	102.6	0.084
lv_in[7064]	INPUT	SIGNAL	M5	104.448	0.0	104.472	0.084
lv_in[7065]	INPUT	SIGNAL	M5	105.792	0.0	105.816	0.084
lv_in[7066]	INPUT	SIGNAL	M5	105.696	0.0	105.72	0.084
lv_in[7067]	INPUT	SIGNAL	M5	106.848	0.0	106.872	0.084
lv_in[7068]	INPUT	SIGNAL	M5	109.056	0.0	109.08	0.084
lv_in[7069]	INPUT	SIGNAL	M5	109.296	0.0	109.32	0.084
lv_in[706]	INPUT	SIGNAL	M4	0.0	222.192	0.084	222.216
lv_in[7070]	INPUT	SIGNAL	M5	109.632	0.0	109.656	0.084
lv_in[7071]	INPUT	SIGNAL	M5	100.56	0.0	100.584	0.084
lv_in[7072]	INPUT	SIGNAL	M5	88.32	0.0	88.344	0.084
lv_in[7073]	INPUT	SIGNAL	M5	83.472	0.0	83.496	0.084
lv_in[7074]	INPUT	SIGNAL	M5	83.376	0.0	83.4	0.084
lv_in[7075]	INPUT	SIGNAL	M5	83.808	0.0	83.832	0.084
lv_in[7076]	INPUT	SIGNAL	M5	84.864	0.0	84.888	0.084
lv_in[7077]	INPUT	SIGNAL	M5	87.552	0.0	87.576	0.084
lv_in[7078]	INPUT	SIGNAL	M5	87.744	0.0	87.768	0.084
lv_in[7079]	INPUT	SIGNAL	M5	87.936	0.0	87.96	0.084
lv_in[707]	INPUT	SIGNAL	M4	0.0	221.808	0.084	221.832
lv_in[7080]	INPUT	SIGNAL	M5	91.584	0.0	91.608	0.084
lv_in[7081]	INPUT	SIGNAL	M5	88.176	0.0	88.2	0.084
lv_in[7082]	INPUT	SIGNAL	M5	92.304	0.0	92.328	0.084
lv_in[7083]	INPUT	SIGNAL	M5	92.976	0.0	93.0	0.084
lv_in[7084]	INPUT	SIGNAL	M5	90.576	0.0	90.6	0.084
lv_in[7085]	INPUT	SIGNAL	M5	87.84	0.0	87.864	0.084
lv_in[7086]	INPUT	SIGNAL	M5	90.288	0.0	90.312	0.084
lv_in[7087]	INPUT	SIGNAL	M5	93.744	0.0	93.768	0.084
lv_in[7088]	INPUT	SIGNAL	M5	93.36	0.0	93.384	0.084
lv_in[7089]	INPUT	SIGNAL	M5	91.392	0.0	91.416	0.084
lv_in[708]	INPUT	SIGNAL	M4	0.0	215.952	0.084	215.976
lv_in[7090]	INPUT	SIGNAL	M5	94.272	0.0	94.296	0.084
lv_in[7091]	INPUT	SIGNAL	M5	91.872	0.0	91.896	0.084
lv_in[7092]	INPUT	SIGNAL	M5	88.368	0.0	88.392	0.084
lv_in[7093]	INPUT	SIGNAL	M5	94.32	0.0	94.344	0.084
lv_in[7094]	INPUT	SIGNAL	M5	94.848	0.0	94.872	0.084
lv_in[7095]	INPUT	SIGNAL	M5	92.592	0.0	92.616	0.084
lv_in[7096]	INPUT	SIGNAL	M5	96.384	0.0	96.408	0.084
lv_in[7097]	INPUT	SIGNAL	M5	96.672	0.0	96.696	0.084
lv_in[7098]	INPUT	SIGNAL	M5	92.352	0.0	92.376	0.084
lv_in[7099]	INPUT	SIGNAL	M5	97.056	0.0	97.08	0.084
lv_in[709]	INPUT	SIGNAL	M4	0.0	220.56	0.084	220.584
lv_in[70]	INPUT	SIGNAL	M5	166.56	0.0	166.584	0.084
lv_in[7100]	INPUT	SIGNAL	M5	97.008	0.0	97.032	0.084
lv_in[7101]	INPUT	SIGNAL	M5	93.84	0.0	93.864	0.084
lv_in[7102]	INPUT	SIGNAL	M5	95.232	0.0	95.256	0.084
lv_in[7103]	INPUT	SIGNAL	M5	91.632	0.0	91.656	0.084
lv_in[7104]	INPUT	SIGNAL	M5	72.912	335.529	72.936	335.613
lv_in[7105]	INPUT	SIGNAL	M5	68.544	335.529	68.568	335.613
lv_in[7106]	INPUT	SIGNAL	M5	67.152	335.529	67.176	335.613
lv_in[7107]	INPUT	SIGNAL	M5	58.272	335.529	58.296	335.613
lv_in[7108]	INPUT	SIGNAL	M5	66.24	335.529	66.264	335.613
lv_in[7109]	INPUT	SIGNAL	M5	66.576	335.529	66.6	335.613
lv_in[710]	INPUT	SIGNAL	M4	0.0	219.168	0.084	219.192
lv_in[7110]	INPUT	SIGNAL	M5	68.256	335.529	68.28	335.613
lv_in[7111]	INPUT	SIGNAL	M5	65.712	335.529	65.736	335.613
lv_in[7112]	INPUT	SIGNAL	M5	70.32	335.529	70.344	335.613
lv_in[7113]	INPUT	SIGNAL	M5	71.664	335.529	71.688	335.613
lv_in[7114]	INPUT	SIGNAL	M5	71.904	335.529	71.928	335.613
lv_in[7115]	INPUT	SIGNAL	M5	73.968	335.529	73.992	335.613
lv_in[7116]	INPUT	SIGNAL	M5	74.256	335.529	74.28	335.613
lv_in[7117]	INPUT	SIGNAL	M5	78.72	335.529	78.744	335.613
lv_in[7118]	INPUT	SIGNAL	M5	77.28	335.529	77.304	335.613
lv_in[7119]	INPUT	SIGNAL	M5	77.424	335.529	77.448	335.613
lv_in[711]	INPUT	SIGNAL	M4	0.0	221.52	0.084	221.544
lv_in[7120]	INPUT	SIGNAL	M5	77.808	335.529	77.832	335.613
lv_in[7121]	INPUT	SIGNAL	M5	78.048	335.529	78.072	335.613
lv_in[7122]	INPUT	SIGNAL	M5	81.216	335.529	81.24	335.613
lv_in[7123]	INPUT	SIGNAL	M5	76.512	335.529	76.536	335.613
lv_in[7124]	INPUT	SIGNAL	M5	77.376	335.529	77.4	335.613
lv_in[7125]	INPUT	SIGNAL	M5	81.696	335.529	81.72	335.613
lv_in[7126]	INPUT	SIGNAL	M5	80.496	335.529	80.52	335.613
lv_in[7127]	INPUT	SIGNAL	M5	81.888	335.529	81.912	335.613
lv_in[7128]	INPUT	SIGNAL	M5	83.664	335.529	83.688	335.613
lv_in[7129]	INPUT	SIGNAL	M5	86.112	335.529	86.136	335.613
lv_in[712]	INPUT	SIGNAL	M4	0.0	222.144	0.084	222.168
lv_in[7130]	INPUT	SIGNAL	M5	83.904	335.529	83.928	335.613
lv_in[7131]	INPUT	SIGNAL	M5	86.496	335.529	86.52	335.613
lv_in[7132]	INPUT	SIGNAL	M5	88.848	335.529	88.872	335.613
lv_in[7133]	INPUT	SIGNAL	M5	88.56	335.529	88.584	335.613
lv_in[7134]	INPUT	SIGNAL	M5	89.472	335.529	89.496	335.613
lv_in[7135]	INPUT	SIGNAL	M5	72.288	335.529	72.312	335.613
lv_in[7136]	INPUT	SIGNAL	M5	83.28	335.529	83.304	335.613
lv_in[7137]	INPUT	SIGNAL	M5	71.088	335.529	71.112	335.613
lv_in[7138]	INPUT	SIGNAL	M5	69.936	335.529	69.96	335.613
lv_in[7139]	INPUT	SIGNAL	M5	71.28	335.529	71.304	335.613
lv_in[713]	INPUT	SIGNAL	M4	0.0	216.192	0.084	216.216
lv_in[7140]	INPUT	SIGNAL	M5	67.392	335.529	67.416	335.613
lv_in[7141]	INPUT	SIGNAL	M5	67.92	335.529	67.944	335.613
lv_in[7142]	INPUT	SIGNAL	M5	68.496	335.529	68.52	335.613
lv_in[7143]	INPUT	SIGNAL	M5	72.384	335.529	72.408	335.613
lv_in[7144]	INPUT	SIGNAL	M5	73.008	335.529	73.032	335.613
lv_in[7145]	INPUT	SIGNAL	M5	73.344	335.529	73.368	335.613
lv_in[7146]	INPUT	SIGNAL	M5	72.672	335.529	72.696	335.613
lv_in[7147]	INPUT	SIGNAL	M5	75.936	335.529	75.96	335.613
lv_in[7148]	INPUT	SIGNAL	M5	75.504	335.529	75.528	335.613
lv_in[7149]	INPUT	SIGNAL	M5	76.608	335.529	76.632	335.613
lv_in[714]	INPUT	SIGNAL	M4	0.0	215.424	0.084	215.448
lv_in[7150]	INPUT	SIGNAL	M5	79.824	335.529	79.848	335.613
lv_in[7151]	INPUT	SIGNAL	M5	79.488	335.529	79.512	335.613
lv_in[7152]	INPUT	SIGNAL	M5	78.624	335.529	78.648	335.613
lv_in[7153]	INPUT	SIGNAL	M5	80.736	335.529	80.76	335.613
lv_in[7154]	INPUT	SIGNAL	M5	81.84	335.529	81.864	335.613
lv_in[7155]	INPUT	SIGNAL	M5	83.808	335.529	83.832	335.613
lv_in[7156]	INPUT	SIGNAL	M5	82.752	335.529	82.776	335.613
lv_in[7157]	INPUT	SIGNAL	M5	76.08	335.529	76.104	335.613
lv_in[7158]	INPUT	SIGNAL	M5	86.16	335.529	86.184	335.613
lv_in[7159]	INPUT	SIGNAL	M5	86.4	335.529	86.424	335.613
lv_in[715]	INPUT	SIGNAL	M4	0.0	218.784	0.084	218.808
lv_in[7160]	INPUT	SIGNAL	M5	87.6	335.529	87.624	335.613
lv_in[7161]	INPUT	SIGNAL	M5	90.384	335.529	90.408	335.613
lv_in[7162]	INPUT	SIGNAL	M5	88.944	335.529	88.968	335.613
lv_in[7163]	INPUT	SIGNAL	M5	89.376	335.529	89.4	335.613
lv_in[7164]	INPUT	SIGNAL	M5	86.976	335.529	87.0	335.613
lv_in[7165]	INPUT	SIGNAL	M5	91.248	335.529	91.272	335.613
lv_in[7166]	INPUT	SIGNAL	M5	88.8	335.529	88.824	335.613
lv_in[7167]	INPUT	SIGNAL	M5	75.792	335.529	75.816	335.613
lv_in[7168]	INPUT	SIGNAL	M4	0.0	232.368	0.084	232.392
lv_in[7169]	INPUT	SIGNAL	M4	0.0	232.32	0.084	232.344
lv_in[716]	INPUT	SIGNAL	M4	0.0	217.008	0.084	217.032
lv_in[7170]	INPUT	SIGNAL	M4	0.0	232.704	0.084	232.728
lv_in[7171]	INPUT	SIGNAL	M4	0.0	232.8	0.084	232.824
lv_in[7172]	INPUT	SIGNAL	M4	0.0	226.224	0.084	226.248
lv_in[7173]	INPUT	SIGNAL	M4	0.0	225.6	0.084	225.624
lv_in[7174]	INPUT	SIGNAL	M4	0.0	224.688	0.084	224.712
lv_in[7175]	INPUT	SIGNAL	M4	0.0	225.408	0.084	225.432
lv_in[7176]	INPUT	SIGNAL	M4	0.0	223.248	0.084	223.272
lv_in[7177]	INPUT	SIGNAL	M4	0.0	223.2	0.084	223.224
lv_in[7178]	INPUT	SIGNAL	M4	0.0	227.616	0.084	227.64
lv_in[7179]	INPUT	SIGNAL	M4	0.0	225.744	0.084	225.768
lv_in[717]	INPUT	SIGNAL	M4	0.0	216.24	0.084	216.264
lv_in[7180]	INPUT	SIGNAL	M4	0.0	217.104	0.084	217.128
lv_in[7181]	INPUT	SIGNAL	M4	0.0	216.576	0.084	216.6
lv_in[7182]	INPUT	SIGNAL	M4	0.0	223.152	0.084	223.176
lv_in[7183]	INPUT	SIGNAL	M4	0.0	222.384	0.084	222.408
lv_in[7184]	INPUT	SIGNAL	M4	0.0	220.8	0.084	220.824
lv_in[7185]	INPUT	SIGNAL	M4	0.0	220.272	0.084	220.296
lv_in[7186]	INPUT	SIGNAL	M4	0.0	216.432	0.084	216.456
lv_in[7187]	INPUT	SIGNAL	M4	0.0	217.2	0.084	217.224
lv_in[7188]	INPUT	SIGNAL	M4	0.0	216.624	0.084	216.648
lv_in[7189]	INPUT	SIGNAL	M4	0.0	218.496	0.084	218.52
lv_in[718]	INPUT	SIGNAL	M4	0.0	218.976	0.084	219.0
lv_in[7190]	INPUT	SIGNAL	M4	0.0	220.32	0.084	220.344
lv_in[7191]	INPUT	SIGNAL	M4	0.0	221.856	0.084	221.88
lv_in[7192]	INPUT	SIGNAL	M4	0.0	218.064	0.084	218.088
lv_in[7193]	INPUT	SIGNAL	M4	0.0	218.4	0.084	218.424
lv_in[7194]	INPUT	SIGNAL	M4	0.0	216.48	0.084	216.504
lv_in[7195]	INPUT	SIGNAL	M4	0.0	217.056	0.084	217.08
lv_in[7196]	INPUT	SIGNAL	M4	0.0	223.488	0.084	223.512
lv_in[7197]	INPUT	SIGNAL	M4	0.0	223.056	0.084	223.08
lv_in[7198]	INPUT	SIGNAL	M4	0.0	220.608	0.084	220.632
lv_in[7199]	INPUT	SIGNAL	M4	0.0	232.752	0.084	232.776
lv_in[719]	INPUT	SIGNAL	M4	0.0	217.584	0.084	217.608
lv_in[71]	INPUT	SIGNAL	M5	166.992	0.0	167.016	0.084
lv_in[7200]	INPUT	SIGNAL	M5	97.2	0.0	97.224	0.084
lv_in[7201]	INPUT	SIGNAL	M5	96.864	0.0	96.888	0.084
lv_in[7202]	INPUT	SIGNAL	M5	96.24	0.0	96.264	0.084
lv_in[7203]	INPUT	SIGNAL	M5	95.76	0.0	95.784	0.084
lv_in[7204]	INPUT	SIGNAL	M5	94.8	0.0	94.824	0.084
lv_in[7205]	INPUT	SIGNAL	M5	91.056	0.0	91.08	0.084
lv_in[7206]	INPUT	SIGNAL	M5	94.128	0.0	94.152	0.084
lv_in[7207]	INPUT	SIGNAL	M5	89.952	0.0	89.976	0.084
lv_in[7208]	INPUT	SIGNAL	M5	95.52	0.0	95.544	0.084
lv_in[7209]	INPUT	SIGNAL	M5	90.624	0.0	90.648	0.084
lv_in[720]	INPUT	SIGNAL	M4	0.0	218.688	0.084	218.712
lv_in[7210]	INPUT	SIGNAL	M5	90.768	0.0	90.792	0.084
lv_in[7211]	INPUT	SIGNAL	M5	92.256	0.0	92.28	0.084
lv_in[7212]	INPUT	SIGNAL	M5	92.4	0.0	92.424	0.084
lv_in[7213]	INPUT	SIGNAL	M5	95.808	0.0	95.832	0.084
lv_in[7214]	INPUT	SIGNAL	M5	96.624	0.0	96.648	0.084
lv_in[7215]	INPUT	SIGNAL	M5	99.264	0.0	99.288	0.084
lv_in[7216]	INPUT	SIGNAL	M5	105.216	0.0	105.24	0.084
lv_in[7217]	INPUT	SIGNAL	M5	105.744	0.0	105.768	0.084
lv_in[7218]	INPUT	SIGNAL	M5	103.584	0.0	103.608	0.084
lv_in[7219]	INPUT	SIGNAL	M5	103.92	0.0	103.944	0.084
lv_in[721]	INPUT	SIGNAL	M4	0.0	215.376	0.084	215.4
lv_in[7220]	INPUT	SIGNAL	M5	103.728	0.0	103.752	0.084
lv_in[7221]	INPUT	SIGNAL	M5	106.128	0.0	106.152	0.084
lv_in[7222]	INPUT	SIGNAL	M5	105.984	0.0	106.008	0.084
lv_in[7223]	INPUT	SIGNAL	M5	106.416	0.0	106.44	0.084
lv_in[7224]	INPUT	SIGNAL	M5	109.008	0.0	109.032	0.084
lv_in[7225]	INPUT	SIGNAL	M5	109.92	0.0	109.944	0.084
lv_in[7226]	INPUT	SIGNAL	M5	114.384	0.0	114.408	0.084
lv_in[7227]	INPUT	SIGNAL	M5	111.552	0.0	111.576	0.084
lv_in[7228]	INPUT	SIGNAL	M5	113.04	0.0	113.064	0.084
lv_in[7229]	INPUT	SIGNAL	M5	111.888	0.0	111.912	0.084
lv_in[722]	INPUT	SIGNAL	M4	0.0	216.384	0.084	216.408
lv_in[7230]	INPUT	SIGNAL	M5	114.432	0.0	114.456	0.084
lv_in[7231]	INPUT	SIGNAL	M5	114.576	0.0	114.6	0.084
lv_in[7232]	INPUT	SIGNAL	M5	92.784	0.0	92.808	0.084
lv_in[7233]	INPUT	SIGNAL	M5	93.936	0.0	93.96	0.084
lv_in[7234]	INPUT	SIGNAL	M5	94.56	0.0	94.584	0.084
lv_in[7235]	INPUT	SIGNAL	M5	94.224	0.0	94.248	0.084
lv_in[7236]	INPUT	SIGNAL	M5	93.6	0.0	93.624	0.084
lv_in[7237]	INPUT	SIGNAL	M5	93.792	0.0	93.816	0.084
lv_in[7238]	INPUT	SIGNAL	M5	90.528	0.0	90.552	0.084
lv_in[7239]	INPUT	SIGNAL	M5	88.224	0.0	88.248	0.084
lv_in[723]	INPUT	SIGNAL	M4	0.0	217.488	0.084	217.512
lv_in[7240]	INPUT	SIGNAL	M5	89.856	0.0	89.88	0.084
lv_in[7241]	INPUT	SIGNAL	M5	89.088	0.0	89.112	0.084
lv_in[7242]	INPUT	SIGNAL	M5	89.664	0.0	89.688	0.084
lv_in[7243]	INPUT	SIGNAL	M5	89.568	0.0	89.592	0.084
lv_in[7244]	INPUT	SIGNAL	M5	90.192	0.0	90.216	0.084
lv_in[7245]	INPUT	SIGNAL	M5	95.424	0.0	95.448	0.084
lv_in[7246]	INPUT	SIGNAL	M5	96.96	0.0	96.984	0.084
lv_in[7247]	INPUT	SIGNAL	M5	99.504	0.0	99.528	0.084
lv_in[7248]	INPUT	SIGNAL	M5	100.032	0.0	100.056	0.084
lv_in[7249]	INPUT	SIGNAL	M5	104.688	0.0	104.712	0.084
lv_in[724]	INPUT	SIGNAL	M4	0.0	219.312	0.084	219.336
lv_in[7250]	INPUT	SIGNAL	M5	102.336	0.0	102.36	0.084
lv_in[7251]	INPUT	SIGNAL	M5	102.288	0.0	102.312	0.084
lv_in[7252]	INPUT	SIGNAL	M5	102.48	0.0	102.504	0.084
lv_in[7253]	INPUT	SIGNAL	M5	101.232	0.0	101.256	0.084
lv_in[7254]	INPUT	SIGNAL	M5	102.96	0.0	102.984	0.084
lv_in[7255]	INPUT	SIGNAL	M5	101.568	0.0	101.592	0.084
lv_in[7256]	INPUT	SIGNAL	M5	101.472	0.0	101.496	0.084
lv_in[7257]	INPUT	SIGNAL	M5	105.312	0.0	105.336	0.084
lv_in[7258]	INPUT	SIGNAL	M5	102.096	0.0	102.12	0.084
lv_in[7259]	INPUT	SIGNAL	M5	104.736	0.0	104.76	0.084
lv_in[725]	INPUT	SIGNAL	M4	0.0	218.832	0.084	218.856
lv_in[7260]	INPUT	SIGNAL	M5	104.064	0.0	104.088	0.084
lv_in[7261]	INPUT	SIGNAL	M5	104.352	0.0	104.376	0.084
lv_in[7262]	INPUT	SIGNAL	M5	103.536	0.0	103.56	0.084
lv_in[7263]	INPUT	SIGNAL	M5	102.864	0.0	102.888	0.084
lv_in[7264]	INPUT	SIGNAL	M5	121.824	0.0	121.848	0.084
lv_in[7265]	INPUT	SIGNAL	M5	118.992	0.0	119.016	0.084
lv_in[7266]	INPUT	SIGNAL	M5	113.136	0.0	113.16	0.084
lv_in[7267]	INPUT	SIGNAL	M5	119.328	0.0	119.352	0.084
lv_in[7268]	INPUT	SIGNAL	M5	119.952	0.0	119.976	0.084
lv_in[7269]	INPUT	SIGNAL	M5	119.76	0.0	119.784	0.084
lv_in[726]	INPUT	SIGNAL	M4	0.0	225.024	0.084	225.048
lv_in[7270]	INPUT	SIGNAL	M5	119.424	0.0	119.448	0.084
lv_in[7271]	INPUT	SIGNAL	M5	123.36	0.0	123.384	0.084
lv_in[7272]	INPUT	SIGNAL	M5	113.28	0.0	113.304	0.084
lv_in[7273]	INPUT	SIGNAL	M5	111.696	0.0	111.72	0.084
lv_in[7274]	INPUT	SIGNAL	M5	111.6	0.0	111.624	0.084
lv_in[7275]	INPUT	SIGNAL	M5	113.088	0.0	113.112	0.084
lv_in[7276]	INPUT	SIGNAL	M5	112.224	0.0	112.248	0.084
lv_in[7277]	INPUT	SIGNAL	M5	117.312	0.0	117.336	0.084
lv_in[7278]	INPUT	SIGNAL	M5	116.256	0.0	116.28	0.084
lv_in[7279]	INPUT	SIGNAL	M5	120.336	0.0	120.36	0.084
lv_in[727]	INPUT	SIGNAL	M4	0.0	218.256	0.084	218.28
lv_in[7280]	INPUT	SIGNAL	M5	121.2	0.0	121.224	0.084
lv_in[7281]	INPUT	SIGNAL	M5	120.0	0.0	120.024	0.084
lv_in[7282]	INPUT	SIGNAL	M5	119.712	0.0	119.736	0.084
lv_in[7283]	INPUT	SIGNAL	M5	121.728	0.0	121.752	0.084
lv_in[7284]	INPUT	SIGNAL	M5	120.24	0.0	120.264	0.084
lv_in[7285]	INPUT	SIGNAL	M5	121.92	0.0	121.944	0.084
lv_in[7286]	INPUT	SIGNAL	M5	122.88	0.0	122.904	0.084
lv_in[7287]	INPUT	SIGNAL	M5	124.128	0.0	124.152	0.084
lv_in[7288]	INPUT	SIGNAL	M5	122.544	0.0	122.568	0.084
lv_in[7289]	INPUT	SIGNAL	M5	123.552	0.0	123.576	0.084
lv_in[728]	INPUT	SIGNAL	M4	0.0	221.424	0.084	221.448
lv_in[7290]	INPUT	SIGNAL	M5	123.792	0.0	123.816	0.084
lv_in[7291]	INPUT	SIGNAL	M5	123.984	0.0	124.008	0.084
lv_in[7292]	INPUT	SIGNAL	M5	123.936	0.0	123.96	0.084
lv_in[7293]	INPUT	SIGNAL	M5	124.224	0.0	124.248	0.084
lv_in[7294]	INPUT	SIGNAL	M5	123.888	0.0	123.912	0.084
lv_in[7295]	INPUT	SIGNAL	M5	121.392	0.0	121.416	0.084
lv_in[7296]	INPUT	SIGNAL	M5	123.6	0.0	123.624	0.084
lv_in[7297]	INPUT	SIGNAL	M5	112.704	0.0	112.728	0.084
lv_in[7298]	INPUT	SIGNAL	M5	113.232	0.0	113.256	0.084
lv_in[7299]	INPUT	SIGNAL	M5	113.328	0.0	113.352	0.084
lv_in[729]	INPUT	SIGNAL	M4	0.0	221.472	0.084	221.496
lv_in[72]	INPUT	SIGNAL	M5	167.088	0.0	167.112	0.084
lv_in[7300]	INPUT	SIGNAL	M5	113.424	0.0	113.448	0.084
lv_in[7301]	INPUT	SIGNAL	M5	113.52	0.0	113.544	0.084
lv_in[7302]	INPUT	SIGNAL	M5	113.616	0.0	113.64	0.084
lv_in[7303]	INPUT	SIGNAL	M5	112.752	0.0	112.776	0.084
lv_in[7304]	INPUT	SIGNAL	M5	113.664	0.0	113.688	0.084
lv_in[7305]	INPUT	SIGNAL	M5	110.88	0.0	110.904	0.084
lv_in[7306]	INPUT	SIGNAL	M5	110.784	0.0	110.808	0.084
lv_in[7307]	INPUT	SIGNAL	M5	112.176	0.0	112.2	0.084
lv_in[7308]	INPUT	SIGNAL	M5	112.512	0.0	112.536	0.084
lv_in[7309]	INPUT	SIGNAL	M5	116.88	0.0	116.904	0.084
lv_in[730]	INPUT	SIGNAL	M4	0.0	220.656	0.084	220.68
lv_in[7310]	INPUT	SIGNAL	M5	116.544	0.0	116.568	0.084
lv_in[7311]	INPUT	SIGNAL	M5	123.504	0.0	123.528	0.084
lv_in[7312]	INPUT	SIGNAL	M5	122.112	0.0	122.136	0.084
lv_in[7313]	INPUT	SIGNAL	M5	125.808	0.0	125.832	0.084
lv_in[7314]	INPUT	SIGNAL	M5	126.576	0.0	126.6	0.084
lv_in[7315]	INPUT	SIGNAL	M5	127.632	0.0	127.656	0.084
lv_in[7316]	INPUT	SIGNAL	M5	127.488	0.0	127.512	0.084
lv_in[7317]	INPUT	SIGNAL	M5	129.84	0.0	129.864	0.084
lv_in[7318]	INPUT	SIGNAL	M5	134.64	0.0	134.664	0.084
lv_in[7319]	INPUT	SIGNAL	M5	134.4	0.0	134.424	0.084
lv_in[731]	INPUT	SIGNAL	M4	0.0	221.328	0.084	221.352
lv_in[7320]	INPUT	SIGNAL	M5	129.552	0.0	129.576	0.084
lv_in[7321]	INPUT	SIGNAL	M5	134.16	0.0	134.184	0.084
lv_in[7322]	INPUT	SIGNAL	M5	130.608	0.0	130.632	0.084
lv_in[7323]	INPUT	SIGNAL	M5	132.0	0.0	132.024	0.084
lv_in[7324]	INPUT	SIGNAL	M5	135.072	0.0	135.096	0.084
lv_in[7325]	INPUT	SIGNAL	M5	134.112	0.0	134.136	0.084
lv_in[7326]	INPUT	SIGNAL	M5	134.592	0.0	134.616	0.084
lv_in[7327]	INPUT	SIGNAL	M5	129.6	0.0	129.624	0.084
lv_in[7328]	INPUT	SIGNAL	M4	0.0	60.048	0.084	60.072
lv_in[7329]	INPUT	SIGNAL	M4	0.0	58.944	0.084	58.968
lv_in[732]	INPUT	SIGNAL	M4	0.0	221.568	0.084	221.592
lv_in[7330]	INPUT	SIGNAL	M4	0.0	59.712	0.084	59.736
lv_in[7331]	INPUT	SIGNAL	M4	0.0	57.984	0.084	58.008
lv_in[7332]	INPUT	SIGNAL	M4	0.0	57.168	0.084	57.192
lv_in[7333]	INPUT	SIGNAL	M4	0.0	59.568	0.084	59.592
lv_in[7334]	INPUT	SIGNAL	M4	0.0	59.616	0.084	59.64
lv_in[7335]	INPUT	SIGNAL	M4	0.0	60.336	0.084	60.36
lv_in[7336]	INPUT	SIGNAL	M4	0.0	59.952	0.084	59.976
lv_in[7337]	INPUT	SIGNAL	M4	0.0	58.704	0.084	58.728
lv_in[7338]	INPUT	SIGNAL	M4	0.0	58.176	0.084	58.2
lv_in[7339]	INPUT	SIGNAL	M5	62.544	0.0	62.568	0.084
lv_in[733]	INPUT	SIGNAL	M4	0.0	216.768	0.084	216.792
lv_in[7340]	INPUT	SIGNAL	M5	63.648	0.0	63.672	0.084
lv_in[7341]	INPUT	SIGNAL	M5	62.784	0.0	62.808	0.084
lv_in[7342]	INPUT	SIGNAL	M5	62.928	0.0	62.952	0.084
lv_in[7343]	INPUT	SIGNAL	M5	62.64	0.0	62.664	0.084
lv_in[7344]	INPUT	SIGNAL	M5	64.032	0.0	64.056	0.084
lv_in[7345]	INPUT	SIGNAL	M5	64.896	0.0	64.92	0.084
lv_in[7346]	INPUT	SIGNAL	M5	64.848	0.0	64.872	0.084
lv_in[7347]	INPUT	SIGNAL	M5	62.16	0.0	62.184	0.084
lv_in[7348]	INPUT	SIGNAL	M5	64.944	0.0	64.968	0.084
lv_in[7349]	INPUT	SIGNAL	M5	66.528	0.0	66.552	0.084
lv_in[734]	INPUT	SIGNAL	M4	0.0	219.456	0.084	219.48
lv_in[7350]	INPUT	SIGNAL	M5	66.576	0.0	66.6	0.084
lv_in[7351]	INPUT	SIGNAL	M5	66.48	0.0	66.504	0.084
lv_in[7352]	INPUT	SIGNAL	M5	67.104	0.0	67.128	0.084
lv_in[7353]	INPUT	SIGNAL	M5	67.2	0.0	67.224	0.084
lv_in[7354]	INPUT	SIGNAL	M5	67.152	0.0	67.176	0.084
lv_in[7355]	INPUT	SIGNAL	M5	66.048	0.0	66.072	0.084
lv_in[7356]	INPUT	SIGNAL	M5	67.056	0.0	67.08	0.084
lv_in[7357]	INPUT	SIGNAL	M5	65.808	0.0	65.832	0.084
lv_in[7358]	INPUT	SIGNAL	M5	66.912	0.0	66.936	0.084
lv_in[7359]	INPUT	SIGNAL	M5	62.304	0.0	62.328	0.084
lv_in[735]	INPUT	SIGNAL	M4	0.0	220.416	0.084	220.44
lv_in[7360]	INPUT	SIGNAL	M5	52.896	0.0	52.92	0.084
lv_in[7361]	INPUT	SIGNAL	M4	0.0	51.936	0.084	51.96
lv_in[7362]	INPUT	SIGNAL	M4	0.0	50.976	0.084	51.0
lv_in[7363]	INPUT	SIGNAL	M4	0.0	54.624	0.084	54.648
lv_in[7364]	INPUT	SIGNAL	M4	0.0	53.568	0.084	53.592
lv_in[7365]	INPUT	SIGNAL	M5	51.072	0.0	51.096	0.084
lv_in[7366]	INPUT	SIGNAL	M5	51.504	0.0	51.528	0.084
lv_in[7367]	INPUT	SIGNAL	M4	0.0	51.696	0.084	51.72
lv_in[7368]	INPUT	SIGNAL	M5	55.872	0.0	55.896	0.084
lv_in[7369]	INPUT	SIGNAL	M5	55.92	0.0	55.944	0.084
lv_in[736]	INPUT	SIGNAL	M4	0.0	135.456	0.084	135.48
lv_in[7370]	INPUT	SIGNAL	M5	54.768	0.0	54.792	0.084
lv_in[7371]	INPUT	SIGNAL	M5	52.032	0.0	52.056	0.084
lv_in[7372]	INPUT	SIGNAL	M5	56.016	0.0	56.04	0.084
lv_in[7373]	INPUT	SIGNAL	M5	55.104	0.0	55.128	0.084
lv_in[7374]	INPUT	SIGNAL	M5	55.344	0.0	55.368	0.084
lv_in[7375]	INPUT	SIGNAL	M5	54.24	0.0	54.264	0.084
lv_in[7376]	INPUT	SIGNAL	M5	54.624	0.0	54.648	0.084
lv_in[7377]	INPUT	SIGNAL	M5	52.272	0.0	52.296	0.084
lv_in[7378]	INPUT	SIGNAL	M5	52.608	0.0	52.632	0.084
lv_in[7379]	INPUT	SIGNAL	M5	52.656	0.0	52.68	0.084
lv_in[737]	INPUT	SIGNAL	M5	139.584	0.0	139.608	0.084
lv_in[7380]	INPUT	SIGNAL	M5	52.992	0.0	53.016	0.084
lv_in[7381]	INPUT	SIGNAL	M5	53.28	0.0	53.304	0.084
lv_in[7382]	INPUT	SIGNAL	M5	52.56	0.0	52.584	0.084
lv_in[7383]	INPUT	SIGNAL	M5	52.752	0.0	52.776	0.084
lv_in[7384]	INPUT	SIGNAL	M5	52.416	0.0	52.44	0.084
lv_in[7385]	INPUT	SIGNAL	M5	51.696	0.0	51.72	0.084
lv_in[7386]	INPUT	SIGNAL	M5	52.464	0.0	52.488	0.084
lv_in[7387]	INPUT	SIGNAL	M5	53.04	0.0	53.064	0.084
lv_in[7388]	INPUT	SIGNAL	M5	53.136	0.0	53.16	0.084
lv_in[7389]	INPUT	SIGNAL	M5	53.088	0.0	53.112	0.084
lv_in[738]	INPUT	SIGNAL	M4	0.0	140.88	0.084	140.904
lv_in[7390]	INPUT	SIGNAL	M5	53.376	0.0	53.4	0.084
lv_in[7391]	INPUT	SIGNAL	M5	52.08	0.0	52.104	0.084
lv_in[7392]	INPUT	SIGNAL	M5	146.592	335.529	146.616	335.613
lv_in[7393]	INPUT	SIGNAL	M5	153.408	335.529	153.432	335.613
lv_in[7394]	INPUT	SIGNAL	M5	153.696	335.529	153.72	335.613
lv_in[7395]	INPUT	SIGNAL	M5	153.312	335.529	153.336	335.613
lv_in[7396]	INPUT	SIGNAL	M5	154.992	335.529	155.016	335.613
lv_in[7397]	INPUT	SIGNAL	M5	149.664	335.529	149.688	335.613
lv_in[7398]	INPUT	SIGNAL	M5	154.848	335.529	154.872	335.613
lv_in[7399]	INPUT	SIGNAL	M5	154.032	335.529	154.056	335.613
lv_in[739]	INPUT	SIGNAL	M4	0.0	141.936	0.084	141.96
lv_in[73]	INPUT	SIGNAL	M5	168.624	0.0	168.648	0.084
lv_in[7400]	INPUT	SIGNAL	M5	139.632	335.529	139.656	335.613
lv_in[7401]	INPUT	SIGNAL	M5	137.616	335.529	137.64	335.613
lv_in[7402]	INPUT	SIGNAL	M5	137.664	335.529	137.688	335.613
lv_in[7403]	INPUT	SIGNAL	M5	140.496	335.529	140.52	335.613
lv_in[7404]	INPUT	SIGNAL	M5	141.072	335.529	141.096	335.613
lv_in[7405]	INPUT	SIGNAL	M5	148.704	335.529	148.728	335.613
lv_in[7406]	INPUT	SIGNAL	M5	146.976	335.529	147.0	335.613
lv_in[7407]	INPUT	SIGNAL	M5	152.592	335.529	152.616	335.613
lv_in[7408]	INPUT	SIGNAL	M5	151.632	335.529	151.656	335.613
lv_in[7409]	INPUT	SIGNAL	M5	143.04	335.529	143.064	335.613
lv_in[740]	INPUT	SIGNAL	M5	139.056	0.0	139.08	0.084
lv_in[7410]	INPUT	SIGNAL	M5	152.832	335.529	152.856	335.613
lv_in[7411]	INPUT	SIGNAL	M5	151.44	335.529	151.464	335.613
lv_in[7412]	INPUT	SIGNAL	M5	143.088	335.529	143.112	335.613
lv_in[7413]	INPUT	SIGNAL	M5	145.872	335.529	145.896	335.613
lv_in[7414]	INPUT	SIGNAL	M5	143.136	335.529	143.16	335.613
lv_in[7415]	INPUT	SIGNAL	M5	143.76	335.529	143.784	335.613
lv_in[7416]	INPUT	SIGNAL	M5	144.912	335.529	144.936	335.613
lv_in[7417]	INPUT	SIGNAL	M5	151.296	335.529	151.32	335.613
lv_in[7418]	INPUT	SIGNAL	M5	149.808	335.529	149.832	335.613
lv_in[7419]	INPUT	SIGNAL	M5	145.344	335.529	145.368	335.613
lv_in[741]	INPUT	SIGNAL	M5	139.632	0.0	139.656	0.084
lv_in[7420]	INPUT	SIGNAL	M5	151.344	335.529	151.368	335.613
lv_in[7421]	INPUT	SIGNAL	M5	145.68	335.529	145.704	335.613
lv_in[7422]	INPUT	SIGNAL	M5	145.104	335.529	145.128	335.613
lv_in[7423]	INPUT	SIGNAL	M5	151.2	335.529	151.224	335.613
lv_in[7424]	INPUT	SIGNAL	M5	156.72	335.529	156.744	335.613
lv_in[7425]	INPUT	SIGNAL	M5	163.92	335.529	163.944	335.613
lv_in[7426]	INPUT	SIGNAL	M5	156.672	335.529	156.696	335.613
lv_in[7427]	INPUT	SIGNAL	M5	153.168	335.529	153.192	335.613
lv_in[7428]	INPUT	SIGNAL	M5	163.776	335.529	163.8	335.613
lv_in[7429]	INPUT	SIGNAL	M5	162.816	335.529	162.84	335.613
lv_in[742]	INPUT	SIGNAL	M5	139.344	0.0	139.368	0.084
lv_in[7430]	INPUT	SIGNAL	M5	158.16	335.529	158.184	335.613
lv_in[7431]	INPUT	SIGNAL	M5	157.152	335.529	157.176	335.613
lv_in[7432]	INPUT	SIGNAL	M5	139.008	335.529	139.032	335.613
lv_in[7433]	INPUT	SIGNAL	M5	139.344	335.529	139.368	335.613
lv_in[7434]	INPUT	SIGNAL	M5	140.736	335.529	140.76	335.613
lv_in[7435]	INPUT	SIGNAL	M5	138.384	335.529	138.408	335.613
lv_in[7436]	INPUT	SIGNAL	M5	141.408	335.529	141.432	335.613
lv_in[7437]	INPUT	SIGNAL	M5	146.064	335.529	146.088	335.613
lv_in[7438]	INPUT	SIGNAL	M5	145.152	335.529	145.176	335.613
lv_in[7439]	INPUT	SIGNAL	M5	145.296	335.529	145.32	335.613
lv_in[743]	INPUT	SIGNAL	M4	0.0	139.728	0.084	139.752
lv_in[7440]	INPUT	SIGNAL	M5	145.92	335.529	145.944	335.613
lv_in[7441]	INPUT	SIGNAL	M5	145.632	335.529	145.656	335.613
lv_in[7442]	INPUT	SIGNAL	M5	149.136	335.529	149.16	335.613
lv_in[7443]	INPUT	SIGNAL	M5	149.904	335.529	149.928	335.613
lv_in[7444]	INPUT	SIGNAL	M5	146.88	335.529	146.904	335.613
lv_in[7445]	INPUT	SIGNAL	M5	151.68	335.529	151.704	335.613
lv_in[7446]	INPUT	SIGNAL	M5	150.384	335.529	150.408	335.613
lv_in[7447]	INPUT	SIGNAL	M5	145.008	335.529	145.032	335.613
lv_in[7448]	INPUT	SIGNAL	M5	153.024	335.529	153.048	335.613
lv_in[7449]	INPUT	SIGNAL	M5	151.824	335.529	151.848	335.613
lv_in[744]	INPUT	SIGNAL	M4	0.0	137.28	0.084	137.304
lv_in[7450]	INPUT	SIGNAL	M5	152.976	335.529	153.0	335.613
lv_in[7451]	INPUT	SIGNAL	M5	154.752	335.529	154.776	335.613
lv_in[7452]	INPUT	SIGNAL	M5	148.416	335.529	148.44	335.613
lv_in[7453]	INPUT	SIGNAL	M5	151.776	335.529	151.8	335.613
lv_in[7454]	INPUT	SIGNAL	M5	154.656	335.529	154.68	335.613
lv_in[7455]	INPUT	SIGNAL	M5	156.048	335.529	156.072	335.613
lv_in[7456]	INPUT	SIGNAL	M5	156.48	0.0	156.504	0.084
lv_in[7457]	INPUT	SIGNAL	M5	157.824	0.0	157.848	0.084
lv_in[7458]	INPUT	SIGNAL	M5	159.888	0.0	159.912	0.084
lv_in[7459]	INPUT	SIGNAL	M5	158.784	0.0	158.808	0.084
lv_in[745]	INPUT	SIGNAL	M4	0.0	138.528	0.084	138.552
lv_in[7460]	INPUT	SIGNAL	M5	158.496	0.0	158.52	0.084
lv_in[7461]	INPUT	SIGNAL	M5	160.656	0.0	160.68	0.084
lv_in[7462]	INPUT	SIGNAL	M5	157.92	0.0	157.944	0.084
lv_in[7463]	INPUT	SIGNAL	M5	156.384	0.0	156.408	0.084
lv_in[7464]	INPUT	SIGNAL	M5	158.112	0.0	158.136	0.084
lv_in[7465]	INPUT	SIGNAL	M5	157.632	0.0	157.656	0.084
lv_in[7466]	INPUT	SIGNAL	M5	158.352	0.0	158.376	0.084
lv_in[7467]	INPUT	SIGNAL	M5	159.6	0.0	159.624	0.084
lv_in[7468]	INPUT	SIGNAL	M5	155.952	0.0	155.976	0.084
lv_in[7469]	INPUT	SIGNAL	M5	156.768	0.0	156.792	0.084
lv_in[746]	INPUT	SIGNAL	M5	140.352	0.0	140.376	0.084
lv_in[7470]	INPUT	SIGNAL	M5	154.56	0.0	154.584	0.084
lv_in[7471]	INPUT	SIGNAL	M5	157.68	0.0	157.704	0.084
lv_in[7472]	INPUT	SIGNAL	M5	154.944	0.0	154.968	0.084
lv_in[7473]	INPUT	SIGNAL	M5	157.776	0.0	157.8	0.084
lv_in[7474]	INPUT	SIGNAL	M5	157.536	0.0	157.56	0.084
lv_in[7475]	INPUT	SIGNAL	M5	156.288	0.0	156.312	0.084
lv_in[7476]	INPUT	SIGNAL	M5	154.464	0.0	154.488	0.084
lv_in[7477]	INPUT	SIGNAL	M5	155.568	0.0	155.592	0.084
lv_in[7478]	INPUT	SIGNAL	M5	154.656	0.0	154.68	0.084
lv_in[7479]	INPUT	SIGNAL	M5	153.264	0.0	153.288	0.084
lv_in[747]	INPUT	SIGNAL	M5	138.24	0.0	138.264	0.084
lv_in[7480]	INPUT	SIGNAL	M5	153.552	0.0	153.576	0.084
lv_in[7481]	INPUT	SIGNAL	M5	155.712	0.0	155.736	0.084
lv_in[7482]	INPUT	SIGNAL	M5	156.24	0.0	156.264	0.084
lv_in[7483]	INPUT	SIGNAL	M5	153.024	0.0	153.048	0.084
lv_in[7484]	INPUT	SIGNAL	M5	156.528	0.0	156.552	0.084
lv_in[7485]	INPUT	SIGNAL	M5	153.216	0.0	153.24	0.084
lv_in[7486]	INPUT	SIGNAL	M5	153.072	0.0	153.096	0.084
lv_in[7487]	INPUT	SIGNAL	M5	154.752	0.0	154.776	0.084
lv_in[7488]	INPUT	SIGNAL	M5	171.216	0.0	171.24	0.084
lv_in[7489]	INPUT	SIGNAL	M5	169.776	0.0	169.8	0.084
lv_in[748]	INPUT	SIGNAL	M5	142.512	0.0	142.536	0.084
lv_in[7490]	INPUT	SIGNAL	M5	169.728	0.0	169.752	0.084
lv_in[7491]	INPUT	SIGNAL	M5	167.952	0.0	167.976	0.084
lv_in[7492]	INPUT	SIGNAL	M5	169.2	0.0	169.224	0.084
lv_in[7493]	INPUT	SIGNAL	M5	168.72	0.0	168.744	0.084
lv_in[7494]	INPUT	SIGNAL	M5	168.912	0.0	168.936	0.084
lv_in[7495]	INPUT	SIGNAL	M5	169.632	0.0	169.656	0.084
lv_in[7496]	INPUT	SIGNAL	M5	168.0	0.0	168.024	0.084
lv_in[7497]	INPUT	SIGNAL	M5	169.44	0.0	169.464	0.084
lv_in[7498]	INPUT	SIGNAL	M5	167.472	0.0	167.496	0.084
lv_in[7499]	INPUT	SIGNAL	M5	169.248	0.0	169.272	0.084
lv_in[749]	INPUT	SIGNAL	M5	141.552	0.0	141.576	0.084
lv_in[74]	INPUT	SIGNAL	M5	167.04	0.0	167.064	0.084
lv_in[7500]	INPUT	SIGNAL	M5	170.64	0.0	170.664	0.084
lv_in[7501]	INPUT	SIGNAL	M5	165.024	0.0	165.048	0.084
lv_in[7502]	INPUT	SIGNAL	M5	168.096	0.0	168.12	0.084
lv_in[7503]	INPUT	SIGNAL	M5	165.264	0.0	165.288	0.084
lv_in[7504]	INPUT	SIGNAL	M5	165.504	0.0	165.528	0.084
lv_in[7505]	INPUT	SIGNAL	M5	171.024	0.0	171.048	0.084
lv_in[7506]	INPUT	SIGNAL	M5	168.576	0.0	168.6	0.084
lv_in[7507]	INPUT	SIGNAL	M5	166.8	0.0	166.824	0.084
lv_in[7508]	INPUT	SIGNAL	M5	169.68	0.0	169.704	0.084
lv_in[7509]	INPUT	SIGNAL	M5	173.28	0.0	173.304	0.084
lv_in[750]	INPUT	SIGNAL	M5	140.784	0.0	140.808	0.084
lv_in[7510]	INPUT	SIGNAL	M5	173.04	0.0	173.064	0.084
lv_in[7511]	INPUT	SIGNAL	M5	172.848	0.0	172.872	0.084
lv_in[7512]	INPUT	SIGNAL	M5	173.808	0.0	173.832	0.084
lv_in[7513]	INPUT	SIGNAL	M5	173.856	0.0	173.88	0.084
lv_in[7514]	INPUT	SIGNAL	M5	174.192	0.0	174.216	0.084
lv_in[7515]	INPUT	SIGNAL	M5	177.744	0.0	177.768	0.084
lv_in[7516]	INPUT	SIGNAL	M5	175.056	0.0	175.08	0.084
lv_in[7517]	INPUT	SIGNAL	M5	174.24	0.0	174.264	0.084
lv_in[7518]	INPUT	SIGNAL	M5	175.2	0.0	175.224	0.084
lv_in[7519]	INPUT	SIGNAL	M5	176.352	0.0	176.376	0.084
lv_in[751]	INPUT	SIGNAL	M5	142.416	0.0	142.44	0.084
lv_in[7520]	INPUT	SIGNAL	M5	216.624	335.529	216.648	335.613
lv_in[7521]	INPUT	SIGNAL	M5	225.12	335.529	225.144	335.613
lv_in[7522]	INPUT	SIGNAL	M5	225.312	335.529	225.336	335.613
lv_in[7523]	INPUT	SIGNAL	M5	224.832	335.529	224.856	335.613
lv_in[7524]	INPUT	SIGNAL	M5	225.792	335.529	225.816	335.613
lv_in[7525]	INPUT	SIGNAL	M5	221.856	335.529	221.88	335.613
lv_in[7526]	INPUT	SIGNAL	M5	221.664	335.529	221.688	335.613
lv_in[7527]	INPUT	SIGNAL	M5	222.624	335.529	222.648	335.613
lv_in[7528]	INPUT	SIGNAL	M5	218.16	335.529	218.184	335.613
lv_in[7529]	INPUT	SIGNAL	M5	218.352	335.529	218.376	335.613
lv_in[752]	INPUT	SIGNAL	M5	141.744	0.0	141.768	0.084
lv_in[7530]	INPUT	SIGNAL	M5	221.952	335.529	221.976	335.613
lv_in[7531]	INPUT	SIGNAL	M5	210.48	335.529	210.504	335.613
lv_in[7532]	INPUT	SIGNAL	M5	211.104	335.529	211.128	335.613
lv_in[7533]	INPUT	SIGNAL	M5	211.008	335.529	211.032	335.613
lv_in[7534]	INPUT	SIGNAL	M5	210.144	335.529	210.168	335.613
lv_in[7535]	INPUT	SIGNAL	M5	207.12	335.529	207.144	335.613
lv_in[7536]	INPUT	SIGNAL	M5	205.344	335.529	205.368	335.613
lv_in[7537]	INPUT	SIGNAL	M5	201.456	335.529	201.48	335.613
lv_in[7538]	INPUT	SIGNAL	M5	202.656	335.529	202.68	335.613
lv_in[7539]	INPUT	SIGNAL	M5	202.224	335.529	202.248	335.613
lv_in[753]	INPUT	SIGNAL	M5	144.0	0.0	144.024	0.084
lv_in[7540]	INPUT	SIGNAL	M5	202.08	335.529	202.104	335.613
lv_in[7541]	INPUT	SIGNAL	M5	199.104	335.529	199.128	335.613
lv_in[7542]	INPUT	SIGNAL	M5	198.384	335.529	198.408	335.613
lv_in[7543]	INPUT	SIGNAL	M5	197.136	335.529	197.16	335.613
lv_in[7544]	INPUT	SIGNAL	M5	198.768	335.529	198.792	335.613
lv_in[7545]	INPUT	SIGNAL	M5	197.184	335.529	197.208	335.613
lv_in[7546]	INPUT	SIGNAL	M5	199.152	335.529	199.176	335.613
lv_in[7547]	INPUT	SIGNAL	M5	195.552	335.529	195.576	335.613
lv_in[7548]	INPUT	SIGNAL	M5	196.368	335.529	196.392	335.613
lv_in[7549]	INPUT	SIGNAL	M5	196.896	335.529	196.92	335.613
lv_in[754]	INPUT	SIGNAL	M5	143.52	0.0	143.544	0.084
lv_in[7550]	INPUT	SIGNAL	M5	196.272	335.529	196.296	335.613
lv_in[7551]	INPUT	SIGNAL	M5	200.064	335.529	200.088	335.613
lv_in[7552]	INPUT	SIGNAL	M5	223.248	335.529	223.272	335.613
lv_in[7553]	INPUT	SIGNAL	M5	222.576	335.529	222.6	335.613
lv_in[7554]	INPUT	SIGNAL	M5	227.472	335.529	227.496	335.613
lv_in[7555]	INPUT	SIGNAL	M5	222.864	335.529	222.888	335.613
lv_in[7556]	INPUT	SIGNAL	M5	222.432	335.529	222.456	335.613
lv_in[7557]	INPUT	SIGNAL	M5	229.2	335.529	229.224	335.613
lv_in[7558]	INPUT	SIGNAL	M5	226.368	335.529	226.392	335.613
lv_in[7559]	INPUT	SIGNAL	M5	235.296	335.529	235.32	335.613
lv_in[755]	INPUT	SIGNAL	M5	139.728	0.0	139.752	0.084
lv_in[7560]	INPUT	SIGNAL	M5	228.816	335.529	228.84	335.613
lv_in[7561]	INPUT	SIGNAL	M5	227.424	335.529	227.448	335.613
lv_in[7562]	INPUT	SIGNAL	M5	225.936	335.529	225.96	335.613
lv_in[7563]	INPUT	SIGNAL	M5	223.296	335.529	223.32	335.613
lv_in[7564]	INPUT	SIGNAL	M5	223.68	335.529	223.704	335.613
lv_in[7565]	INPUT	SIGNAL	M5	223.536	335.529	223.56	335.613
lv_in[7566]	INPUT	SIGNAL	M5	223.728	335.529	223.752	335.613
lv_in[7567]	INPUT	SIGNAL	M5	224.16	335.529	224.184	335.613
lv_in[7568]	INPUT	SIGNAL	M5	223.632	335.529	223.656	335.613
lv_in[7569]	INPUT	SIGNAL	M5	218.688	335.529	218.712	335.613
lv_in[756]	INPUT	SIGNAL	M5	141.168	0.0	141.192	0.084
lv_in[7570]	INPUT	SIGNAL	M5	219.312	335.529	219.336	335.613
lv_in[7571]	INPUT	SIGNAL	M5	216.864	335.529	216.888	335.613
lv_in[7572]	INPUT	SIGNAL	M5	217.104	335.529	217.128	335.613
lv_in[7573]	INPUT	SIGNAL	M5	216.048	335.529	216.072	335.613
lv_in[7574]	INPUT	SIGNAL	M5	217.344	335.529	217.368	335.613
lv_in[7575]	INPUT	SIGNAL	M5	213.648	335.529	213.672	335.613
lv_in[7576]	INPUT	SIGNAL	M5	216.0	335.529	216.024	335.613
lv_in[7577]	INPUT	SIGNAL	M5	217.008	335.529	217.032	335.613
lv_in[7578]	INPUT	SIGNAL	M5	213.792	335.529	213.816	335.613
lv_in[7579]	INPUT	SIGNAL	M5	214.176	335.529	214.2	335.613
lv_in[757]	INPUT	SIGNAL	M5	126.192	0.0	126.216	0.084
lv_in[7580]	INPUT	SIGNAL	M5	212.976	335.529	213.0	335.613
lv_in[7581]	INPUT	SIGNAL	M5	215.04	335.529	215.064	335.613
lv_in[7582]	INPUT	SIGNAL	M5	214.368	335.529	214.392	335.613
lv_in[7583]	INPUT	SIGNAL	M5	221.088	335.529	221.112	335.613
lv_in[7584]	INPUT	SIGNAL	M4	0.0	195.36	0.084	195.384
lv_in[7585]	INPUT	SIGNAL	M4	0.0	189.264	0.084	189.288
lv_in[7586]	INPUT	SIGNAL	M4	0.0	192.624	0.084	192.648
lv_in[7587]	INPUT	SIGNAL	M4	0.0	191.088	0.084	191.112
lv_in[7588]	INPUT	SIGNAL	M4	0.0	188.592	0.084	188.616
lv_in[7589]	INPUT	SIGNAL	M4	0.0	186.144	0.084	186.168
lv_in[758]	INPUT	SIGNAL	M5	125.76	0.0	125.784	0.084
lv_in[7590]	INPUT	SIGNAL	M4	0.0	188.784	0.084	188.808
lv_in[7591]	INPUT	SIGNAL	M4	0.0	193.536	0.084	193.56
lv_in[7592]	INPUT	SIGNAL	M4	0.0	188.736	0.084	188.76
lv_in[7593]	INPUT	SIGNAL	M4	0.0	188.88	0.084	188.904
lv_in[7594]	INPUT	SIGNAL	M4	0.0	193.584	0.084	193.608
lv_in[7595]	INPUT	SIGNAL	M4	0.0	192.336	0.084	192.36
lv_in[7596]	INPUT	SIGNAL	M4	0.0	195.6	0.084	195.624
lv_in[7597]	INPUT	SIGNAL	M4	0.0	195.216	0.084	195.24
lv_in[7598]	INPUT	SIGNAL	M4	0.0	191.952	0.084	191.976
lv_in[7599]	INPUT	SIGNAL	M4	0.0	194.832	0.084	194.856
lv_in[759]	INPUT	SIGNAL	M5	135.648	0.0	135.672	0.084
lv_in[75]	INPUT	SIGNAL	M4	335.529	163.776	335.613	163.8
lv_in[7600]	INPUT	SIGNAL	M4	0.0	192.528	0.084	192.552
lv_in[7601]	INPUT	SIGNAL	M4	0.0	192.672	0.084	192.696
lv_in[7602]	INPUT	SIGNAL	M4	0.0	192.768	0.084	192.792
lv_in[7603]	INPUT	SIGNAL	M4	0.0	194.208	0.084	194.232
lv_in[7604]	INPUT	SIGNAL	M4	0.0	194.64	0.084	194.664
lv_in[7605]	INPUT	SIGNAL	M4	0.0	199.056	0.084	199.08
lv_in[7606]	INPUT	SIGNAL	M4	0.0	195.312	0.084	195.336
lv_in[7607]	INPUT	SIGNAL	M4	0.0	194.016	0.084	194.04
lv_in[7608]	INPUT	SIGNAL	M4	0.0	195.456	0.084	195.48
lv_in[7609]	INPUT	SIGNAL	M4	0.0	199.776	0.084	199.8
lv_in[760]	INPUT	SIGNAL	M5	134.88	0.0	134.904	0.084
lv_in[7610]	INPUT	SIGNAL	M4	0.0	198.0	0.084	198.024
lv_in[7611]	INPUT	SIGNAL	M4	0.0	197.808	0.084	197.832
lv_in[7612]	INPUT	SIGNAL	M4	0.0	197.568	0.084	197.592
lv_in[7613]	INPUT	SIGNAL	M4	0.0	199.728	0.084	199.752
lv_in[7614]	INPUT	SIGNAL	M4	0.0	194.496	0.084	194.52
lv_in[7615]	INPUT	SIGNAL	M4	0.0	193.872	0.084	193.896
lv_in[7616]	INPUT	SIGNAL	M4	0.0	179.808	0.084	179.832
lv_in[7617]	INPUT	SIGNAL	M4	0.0	179.904	0.084	179.928
lv_in[7618]	INPUT	SIGNAL	M4	0.0	180.288	0.084	180.312
lv_in[7619]	INPUT	SIGNAL	M4	0.0	179.664	0.084	179.688
lv_in[761]	INPUT	SIGNAL	M4	0.0	134.592	0.084	134.616
lv_in[7620]	INPUT	SIGNAL	M4	0.0	180.048	0.084	180.072
lv_in[7621]	INPUT	SIGNAL	M4	0.0	184.128	0.084	184.152
lv_in[7622]	INPUT	SIGNAL	M4	0.0	182.304	0.084	182.328
lv_in[7623]	INPUT	SIGNAL	M4	0.0	181.2	0.084	181.224
lv_in[7624]	INPUT	SIGNAL	M4	0.0	178.272	0.084	178.296
lv_in[7625]	INPUT	SIGNAL	M4	0.0	183.456	0.084	183.48
lv_in[7626]	INPUT	SIGNAL	M4	0.0	180.096	0.084	180.12
lv_in[7627]	INPUT	SIGNAL	M4	0.0	174.576	0.084	174.6
lv_in[7628]	INPUT	SIGNAL	M4	0.0	177.552	0.084	177.576
lv_in[7629]	INPUT	SIGNAL	M4	0.0	177.936	0.084	177.96
lv_in[762]	INPUT	SIGNAL	M5	126.432	0.0	126.456	0.084
lv_in[7630]	INPUT	SIGNAL	M4	0.0	177.36	0.084	177.384
lv_in[7631]	INPUT	SIGNAL	M4	0.0	177.648	0.084	177.672
lv_in[7632]	INPUT	SIGNAL	M4	0.0	173.712	0.084	173.736
lv_in[7633]	INPUT	SIGNAL	M4	0.0	178.464	0.084	178.488
lv_in[7634]	INPUT	SIGNAL	M4	0.0	177.792	0.084	177.816
lv_in[7635]	INPUT	SIGNAL	M4	0.0	179.088	0.084	179.112
lv_in[7636]	INPUT	SIGNAL	M4	0.0	178.032	0.084	178.056
lv_in[7637]	INPUT	SIGNAL	M4	0.0	180.576	0.084	180.6
lv_in[7638]	INPUT	SIGNAL	M4	0.0	178.128	0.084	178.152
lv_in[7639]	INPUT	SIGNAL	M4	0.0	175.008	0.084	175.032
lv_in[763]	INPUT	SIGNAL	M4	0.0	134.544	0.084	134.568
lv_in[7640]	INPUT	SIGNAL	M4	0.0	179.52	0.084	179.544
lv_in[7641]	INPUT	SIGNAL	M4	0.0	179.76	0.084	179.784
lv_in[7642]	INPUT	SIGNAL	M4	0.0	179.616	0.084	179.64
lv_in[7643]	INPUT	SIGNAL	M4	0.0	180.528	0.084	180.552
lv_in[7644]	INPUT	SIGNAL	M4	0.0	181.008	0.084	181.032
lv_in[7645]	INPUT	SIGNAL	M4	0.0	180.624	0.084	180.648
lv_in[7646]	INPUT	SIGNAL	M4	0.0	179.424	0.084	179.448
lv_in[7647]	INPUT	SIGNAL	M4	0.0	180.144	0.084	180.168
lv_in[7648]	INPUT	SIGNAL	M4	0.0	228.432	0.084	228.456
lv_in[7649]	INPUT	SIGNAL	M4	0.0	232.08	0.084	232.104
lv_in[764]	INPUT	SIGNAL	M5	126.096	0.0	126.12	0.084
lv_in[7650]	INPUT	SIGNAL	M4	0.0	232.224	0.084	232.248
lv_in[7651]	INPUT	SIGNAL	M4	0.0	232.416	0.084	232.44
lv_in[7652]	INPUT	SIGNAL	M4	0.0	226.992	0.084	227.016
lv_in[7653]	INPUT	SIGNAL	M4	0.0	228.0	0.084	228.024
lv_in[7654]	INPUT	SIGNAL	M4	0.0	224.64	0.084	224.664
lv_in[7655]	INPUT	SIGNAL	M4	0.0	225.696	0.084	225.72
lv_in[7656]	INPUT	SIGNAL	M4	0.0	216.816	0.084	216.84
lv_in[7657]	INPUT	SIGNAL	M4	0.0	216.672	0.084	216.696
lv_in[7658]	INPUT	SIGNAL	M4	0.0	228.672	0.084	228.696
lv_in[7659]	INPUT	SIGNAL	M4	0.0	228.864	0.084	228.888
lv_in[765]	INPUT	SIGNAL	M4	0.0	134.496	0.084	134.52
lv_in[7660]	INPUT	SIGNAL	M4	0.0	215.616	0.084	215.64
lv_in[7661]	INPUT	SIGNAL	M4	0.0	214.56	0.084	214.584
lv_in[7662]	INPUT	SIGNAL	M4	0.0	223.392	0.084	223.416
lv_in[7663]	INPUT	SIGNAL	M4	0.0	223.104	0.084	223.128
lv_in[7664]	INPUT	SIGNAL	M4	0.0	217.392	0.084	217.416
lv_in[7665]	INPUT	SIGNAL	M4	0.0	214.608	0.084	214.632
lv_in[7666]	INPUT	SIGNAL	M4	0.0	215.04	0.084	215.064
lv_in[7667]	INPUT	SIGNAL	M4	0.0	215.232	0.084	215.256
lv_in[7668]	INPUT	SIGNAL	M4	0.0	212.64	0.084	212.664
lv_in[7669]	INPUT	SIGNAL	M4	0.0	212.016	0.084	212.04
lv_in[766]	INPUT	SIGNAL	M5	126.384	0.0	126.408	0.084
lv_in[7670]	INPUT	SIGNAL	M4	0.0	214.512	0.084	214.536
lv_in[7671]	INPUT	SIGNAL	M4	0.0	221.904	0.084	221.928
lv_in[7672]	INPUT	SIGNAL	M4	0.0	213.984	0.084	214.008
lv_in[7673]	INPUT	SIGNAL	M4	0.0	216.096	0.084	216.12
lv_in[7674]	INPUT	SIGNAL	M4	0.0	215.712	0.084	215.736
lv_in[7675]	INPUT	SIGNAL	M4	0.0	215.568	0.084	215.592
lv_in[7676]	INPUT	SIGNAL	M4	0.0	221.232	0.084	221.256
lv_in[7677]	INPUT	SIGNAL	M4	0.0	216.288	0.084	216.312
lv_in[7678]	INPUT	SIGNAL	M4	0.0	214.896	0.084	214.92
lv_in[7679]	INPUT	SIGNAL	M4	0.0	232.176	0.084	232.2
lv_in[767]	INPUT	SIGNAL	M5	136.896	0.0	136.92	0.084
lv_in[768]	INPUT	SIGNAL	M5	135.792	0.0	135.816	0.084
lv_in[769]	INPUT	SIGNAL	M5	133.968	0.0	133.992	0.084
lv_in[76]	INPUT	SIGNAL	M5	173.952	0.0	173.976	0.084
lv_in[770]	INPUT	SIGNAL	M5	132.144	0.0	132.168	0.084
lv_in[771]	INPUT	SIGNAL	M5	132.192	0.0	132.216	0.084
lv_in[772]	INPUT	SIGNAL	M5	129.072	0.0	129.096	0.084
lv_in[773]	INPUT	SIGNAL	M5	132.24	0.0	132.264	0.084
lv_in[774]	INPUT	SIGNAL	M5	133.584	0.0	133.608	0.084
lv_in[775]	INPUT	SIGNAL	M5	136.944	0.0	136.968	0.084
lv_in[776]	INPUT	SIGNAL	M5	135.36	0.0	135.384	0.084
lv_in[777]	INPUT	SIGNAL	M5	136.176	0.0	136.2	0.084
lv_in[778]	INPUT	SIGNAL	M5	137.856	0.0	137.88	0.084
lv_in[779]	INPUT	SIGNAL	M5	138.576	0.0	138.6	0.084
lv_in[77]	INPUT	SIGNAL	M5	175.584	0.0	175.608	0.084
lv_in[780]	INPUT	SIGNAL	M5	140.736	0.0	140.76	0.084
lv_in[781]	INPUT	SIGNAL	M5	140.16	0.0	140.184	0.084
lv_in[782]	INPUT	SIGNAL	M5	138.96	0.0	138.984	0.084
lv_in[783]	INPUT	SIGNAL	M5	143.616	0.0	143.64	0.084
lv_in[784]	INPUT	SIGNAL	M5	141.408	0.0	141.432	0.084
lv_in[785]	INPUT	SIGNAL	M5	141.312	0.0	141.336	0.084
lv_in[786]	INPUT	SIGNAL	M5	141.024	0.0	141.048	0.084
lv_in[787]	INPUT	SIGNAL	M5	138.72	0.0	138.744	0.084
lv_in[788]	INPUT	SIGNAL	M5	140.016	0.0	140.04	0.084
lv_in[789]	INPUT	SIGNAL	M5	134.448	0.0	134.472	0.084
lv_in[78]	INPUT	SIGNAL	M5	174.0	0.0	174.024	0.084
lv_in[790]	INPUT	SIGNAL	M5	135.504	0.0	135.528	0.084
lv_in[791]	INPUT	SIGNAL	M5	136.8	0.0	136.824	0.084
lv_in[792]	INPUT	SIGNAL	M5	133.872	0.0	133.896	0.084
lv_in[793]	INPUT	SIGNAL	M5	132.912	0.0	132.936	0.084
lv_in[794]	INPUT	SIGNAL	M5	133.248	0.0	133.272	0.084
lv_in[795]	INPUT	SIGNAL	M5	131.808	0.0	131.832	0.084
lv_in[796]	INPUT	SIGNAL	M5	129.216	0.0	129.24	0.084
lv_in[797]	INPUT	SIGNAL	M5	135.984	0.0	136.008	0.084
lv_in[798]	INPUT	SIGNAL	M5	133.056	0.0	133.08	0.084
lv_in[799]	INPUT	SIGNAL	M5	137.376	0.0	137.4	0.084
lv_in[79]	INPUT	SIGNAL	M5	176.304	0.0	176.328	0.084
lv_in[7]	INPUT	SIGNAL	M4	335.529	181.44	335.613	181.464
lv_in[800]	INPUT	SIGNAL	M5	160.608	0.0	160.632	0.084
lv_in[801]	INPUT	SIGNAL	M5	155.472	0.0	155.496	0.084
lv_in[802]	INPUT	SIGNAL	M5	156.864	0.0	156.888	0.084
lv_in[803]	INPUT	SIGNAL	M5	151.584	0.0	151.608	0.084
lv_in[804]	INPUT	SIGNAL	M5	154.32	0.0	154.344	0.084
lv_in[805]	INPUT	SIGNAL	M5	151.632	0.0	151.656	0.084
lv_in[806]	INPUT	SIGNAL	M5	157.2	0.0	157.224	0.084
lv_in[807]	INPUT	SIGNAL	M5	155.808	0.0	155.832	0.084
lv_in[808]	INPUT	SIGNAL	M5	160.128	0.0	160.152	0.084
lv_in[809]	INPUT	SIGNAL	M5	158.976	0.0	159.0	0.084
lv_in[80]	INPUT	SIGNAL	M5	179.184	0.0	179.208	0.084
lv_in[810]	INPUT	SIGNAL	M5	158.208	0.0	158.232	0.084
lv_in[811]	INPUT	SIGNAL	M5	162.288	0.0	162.312	0.084
lv_in[812]	INPUT	SIGNAL	M5	162.096	0.0	162.12	0.084
lv_in[813]	INPUT	SIGNAL	M5	163.344	0.0	163.368	0.084
lv_in[814]	INPUT	SIGNAL	M5	163.68	0.0	163.704	0.084
lv_in[815]	INPUT	SIGNAL	M5	163.536	0.0	163.56	0.084
lv_in[816]	INPUT	SIGNAL	M5	163.824	0.0	163.848	0.084
lv_in[817]	INPUT	SIGNAL	M5	162.816	0.0	162.84	0.084
lv_in[818]	INPUT	SIGNAL	M5	163.872	0.0	163.896	0.084
lv_in[819]	INPUT	SIGNAL	M5	176.736	0.0	176.76	0.084
lv_in[81]	INPUT	SIGNAL	M5	176.448	0.0	176.472	0.084
lv_in[820]	INPUT	SIGNAL	M5	175.44	0.0	175.464	0.084
lv_in[821]	INPUT	SIGNAL	M5	150.288	0.0	150.312	0.084
lv_in[822]	INPUT	SIGNAL	M5	150.096	0.0	150.12	0.084
lv_in[823]	INPUT	SIGNAL	M5	151.488	0.0	151.512	0.084
lv_in[824]	INPUT	SIGNAL	M5	151.008	0.0	151.032	0.084
lv_in[825]	INPUT	SIGNAL	M5	151.2	0.0	151.224	0.084
lv_in[826]	INPUT	SIGNAL	M5	151.776	0.0	151.8	0.084
lv_in[827]	INPUT	SIGNAL	M5	150.576	0.0	150.6	0.084
lv_in[828]	INPUT	SIGNAL	M5	151.92	0.0	151.944	0.084
lv_in[829]	INPUT	SIGNAL	M5	151.44	0.0	151.464	0.084
lv_in[82]	INPUT	SIGNAL	M5	179.136	0.0	179.16	0.084
lv_in[830]	INPUT	SIGNAL	M5	150.96	0.0	150.984	0.084
lv_in[831]	INPUT	SIGNAL	M5	150.864	0.0	150.888	0.084
lv_in[832]	INPUT	SIGNAL	M5	146.448	0.0	146.472	0.084
lv_in[833]	INPUT	SIGNAL	M5	151.056	0.0	151.08	0.084
lv_in[834]	INPUT	SIGNAL	M5	149.184	0.0	149.208	0.084
lv_in[835]	INPUT	SIGNAL	M5	149.04	0.0	149.064	0.084
lv_in[836]	INPUT	SIGNAL	M5	148.608	0.0	148.632	0.084
lv_in[837]	INPUT	SIGNAL	M5	147.552	0.0	147.576	0.084
lv_in[838]	INPUT	SIGNAL	M5	149.856	0.0	149.88	0.084
lv_in[839]	INPUT	SIGNAL	M5	147.072	0.0	147.096	0.084
lv_in[83]	INPUT	SIGNAL	M5	174.432	0.0	174.456	0.084
lv_in[840]	INPUT	SIGNAL	M5	147.648	0.0	147.672	0.084
lv_in[841]	INPUT	SIGNAL	M5	150.192	0.0	150.216	0.084
lv_in[842]	INPUT	SIGNAL	M5	150.528	0.0	150.552	0.084
lv_in[843]	INPUT	SIGNAL	M5	146.832	0.0	146.856	0.084
lv_in[844]	INPUT	SIGNAL	M5	146.64	0.0	146.664	0.084
lv_in[845]	INPUT	SIGNAL	M5	146.4	0.0	146.424	0.084
lv_in[846]	INPUT	SIGNAL	M5	146.784	0.0	146.808	0.084
lv_in[847]	INPUT	SIGNAL	M5	146.352	0.0	146.376	0.084
lv_in[848]	INPUT	SIGNAL	M5	147.456	0.0	147.48	0.084
lv_in[849]	INPUT	SIGNAL	M5	146.544	0.0	146.568	0.084
lv_in[84]	INPUT	SIGNAL	M5	175.536	0.0	175.56	0.084
lv_in[850]	INPUT	SIGNAL	M5	147.024	0.0	147.048	0.084
lv_in[851]	INPUT	SIGNAL	M5	146.928	0.0	146.952	0.084
lv_in[852]	INPUT	SIGNAL	M5	146.88	0.0	146.904	0.084
lv_in[853]	INPUT	SIGNAL	M5	175.152	0.0	175.176	0.084
lv_in[854]	INPUT	SIGNAL	M5	175.296	0.0	175.32	0.084
lv_in[855]	INPUT	SIGNAL	M5	179.28	0.0	179.304	0.084
lv_in[856]	INPUT	SIGNAL	M5	178.752	0.0	178.776	0.084
lv_in[857]	INPUT	SIGNAL	M5	175.776	0.0	175.8	0.084
lv_in[858]	INPUT	SIGNAL	M5	146.688	0.0	146.712	0.084
lv_in[859]	INPUT	SIGNAL	M5	177.552	0.0	177.576	0.084
lv_in[85]	INPUT	SIGNAL	M5	176.256	0.0	176.28	0.084
lv_in[860]	INPUT	SIGNAL	M5	173.616	0.0	173.64	0.084
lv_in[861]	INPUT	SIGNAL	M5	173.76	0.0	173.784	0.084
lv_in[862]	INPUT	SIGNAL	M5	173.904	0.0	173.928	0.084
lv_in[863]	INPUT	SIGNAL	M5	146.496	0.0	146.52	0.084
lv_in[864]	INPUT	SIGNAL	M4	335.529	158.592	335.613	158.616
lv_in[865]	INPUT	SIGNAL	M4	335.529	159.504	335.613	159.528
lv_in[866]	INPUT	SIGNAL	M4	335.529	161.424	335.613	161.448
lv_in[867]	INPUT	SIGNAL	M4	335.529	160.368	335.613	160.392
lv_in[868]	INPUT	SIGNAL	M4	335.529	161.328	335.613	161.352
lv_in[869]	INPUT	SIGNAL	M4	335.529	162.72	335.613	162.744
lv_in[86]	INPUT	SIGNAL	M4	335.529	159.84	335.613	159.864
lv_in[870]	INPUT	SIGNAL	M4	335.529	163.872	335.613	163.896
lv_in[871]	INPUT	SIGNAL	M4	335.529	161.856	335.613	161.88
lv_in[872]	INPUT	SIGNAL	M4	335.529	159.744	335.613	159.768
lv_in[873]	INPUT	SIGNAL	M5	173.568	0.0	173.592	0.084
lv_in[874]	INPUT	SIGNAL	M5	173.52	0.0	173.544	0.084
lv_in[875]	INPUT	SIGNAL	M4	335.529	162.672	335.613	162.696
lv_in[876]	INPUT	SIGNAL	M5	173.664	0.0	173.688	0.084
lv_in[877]	INPUT	SIGNAL	M5	177.456	0.0	177.48	0.084
lv_in[878]	INPUT	SIGNAL	M5	176.496	0.0	176.52	0.084
lv_in[879]	INPUT	SIGNAL	M5	178.416	0.0	178.44	0.084
lv_in[87]	INPUT	SIGNAL	M4	335.529	164.304	335.613	164.328
lv_in[880]	INPUT	SIGNAL	M5	178.368	0.0	178.392	0.084
lv_in[881]	INPUT	SIGNAL	M5	178.656	0.0	178.68	0.084
lv_in[882]	INPUT	SIGNAL	M5	178.08	0.0	178.104	0.084
lv_in[883]	INPUT	SIGNAL	M5	178.608	0.0	178.632	0.084
lv_in[884]	INPUT	SIGNAL	M5	178.848	0.0	178.872	0.084
lv_in[885]	INPUT	SIGNAL	M5	178.464	0.0	178.488	0.084
lv_in[886]	INPUT	SIGNAL	M4	335.529	158.64	335.613	158.664
lv_in[887]	INPUT	SIGNAL	M4	335.529	163.44	335.613	163.464
lv_in[888]	INPUT	SIGNAL	M4	335.529	160.848	335.613	160.872
lv_in[889]	INPUT	SIGNAL	M4	335.529	163.248	335.613	163.272
lv_in[88]	INPUT	SIGNAL	M4	335.529	160.8	335.613	160.824
lv_in[890]	INPUT	SIGNAL	M4	335.529	163.296	335.613	163.32
lv_in[891]	INPUT	SIGNAL	M4	335.529	162.096	335.613	162.12
lv_in[892]	INPUT	SIGNAL	M4	335.529	159.984	335.613	160.008
lv_in[893]	INPUT	SIGNAL	M4	335.529	158.784	335.613	158.808
lv_in[894]	INPUT	SIGNAL	M4	335.529	160.992	335.613	161.016
lv_in[895]	INPUT	SIGNAL	M4	335.529	162.0	335.613	162.024
lv_in[896]	INPUT	SIGNAL	M4	335.529	159.408	335.613	159.432
lv_in[897]	INPUT	SIGNAL	M4	335.529	165.072	335.613	165.096
lv_in[898]	INPUT	SIGNAL	M4	335.529	164.88	335.613	164.904
lv_in[899]	INPUT	SIGNAL	M4	335.529	164.016	335.613	164.04
lv_in[89]	INPUT	SIGNAL	M4	335.529	164.544	335.613	164.568
lv_in[8]	INPUT	SIGNAL	M4	335.529	188.352	335.613	188.376
lv_in[900]	INPUT	SIGNAL	M4	335.529	163.152	335.613	163.176
lv_in[901]	INPUT	SIGNAL	M4	335.529	162.528	335.613	162.552
lv_in[902]	INPUT	SIGNAL	M4	335.529	161.712	335.613	161.736
lv_in[903]	INPUT	SIGNAL	M4	335.529	162.048	335.613	162.072
lv_in[904]	INPUT	SIGNAL	M4	335.529	165.36	335.613	165.384
lv_in[905]	INPUT	SIGNAL	M4	335.529	161.904	335.613	161.928
lv_in[906]	INPUT	SIGNAL	M4	335.529	164.208	335.613	164.232
lv_in[907]	INPUT	SIGNAL	M5	181.344	0.0	181.368	0.084
lv_in[908]	INPUT	SIGNAL	M5	179.52	0.0	179.544	0.084
lv_in[909]	INPUT	SIGNAL	M5	180.144	0.0	180.168	0.084
lv_in[90]	INPUT	SIGNAL	M4	335.529	164.496	335.613	164.52
lv_in[910]	INPUT	SIGNAL	M4	335.529	157.344	335.613	157.368
lv_in[911]	INPUT	SIGNAL	M4	335.529	150.096	335.613	150.12
lv_in[912]	INPUT	SIGNAL	M5	180.336	0.0	180.36	0.084
lv_in[913]	INPUT	SIGNAL	M4	335.529	158.208	335.613	158.232
lv_in[914]	INPUT	SIGNAL	M4	335.529	155.52	335.613	155.544
lv_in[915]	INPUT	SIGNAL	M4	335.529	152.112	335.613	152.136
lv_in[916]	INPUT	SIGNAL	M4	335.529	153.264	335.613	153.288
lv_in[917]	INPUT	SIGNAL	M4	335.529	150.192	335.613	150.216
lv_in[918]	INPUT	SIGNAL	M4	335.529	149.424	335.613	149.448
lv_in[919]	INPUT	SIGNAL	M4	335.529	152.976	335.613	153.0
lv_in[91]	INPUT	SIGNAL	M4	335.529	162.144	335.613	162.168
lv_in[920]	INPUT	SIGNAL	M4	335.529	152.16	335.613	152.184
lv_in[921]	INPUT	SIGNAL	M4	335.529	156.816	335.613	156.84
lv_in[922]	INPUT	SIGNAL	M4	335.529	155.28	335.613	155.304
lv_in[923]	INPUT	SIGNAL	M4	335.529	155.952	335.613	155.976
lv_in[924]	INPUT	SIGNAL	M4	335.529	153.648	335.613	153.672
lv_in[925]	INPUT	SIGNAL	M4	335.529	154.416	335.613	154.44
lv_in[926]	INPUT	SIGNAL	M4	335.529	151.248	335.613	151.272
lv_in[927]	INPUT	SIGNAL	M4	335.529	158.496	335.613	158.52
lv_in[928]	INPUT	SIGNAL	M4	335.529	192.048	335.613	192.072
lv_in[929]	INPUT	SIGNAL	M4	335.529	191.088	335.613	191.112
lv_in[92]	INPUT	SIGNAL	M4	335.529	160.032	335.613	160.056
lv_in[930]	INPUT	SIGNAL	M4	335.529	194.112	335.613	194.136
lv_in[931]	INPUT	SIGNAL	M4	335.529	181.968	335.613	181.992
lv_in[932]	INPUT	SIGNAL	M4	335.529	183.216	335.613	183.24
lv_in[933]	INPUT	SIGNAL	M4	335.529	181.92	335.613	181.944
lv_in[934]	INPUT	SIGNAL	M4	335.529	189.84	335.613	189.864
lv_in[935]	INPUT	SIGNAL	M4	335.529	185.664	335.613	185.688
lv_in[936]	INPUT	SIGNAL	M4	335.529	192.528	335.613	192.552
lv_in[937]	INPUT	SIGNAL	M4	335.529	191.52	335.613	191.544
lv_in[938]	INPUT	SIGNAL	M4	335.529	187.44	335.613	187.464
lv_in[939]	INPUT	SIGNAL	M4	335.529	186.672	335.613	186.696
lv_in[93]	INPUT	SIGNAL	M4	335.529	158.88	335.613	158.904
lv_in[940]	INPUT	SIGNAL	M4	335.529	192.816	335.613	192.84
lv_in[941]	INPUT	SIGNAL	M4	335.529	193.728	335.613	193.752
lv_in[942]	INPUT	SIGNAL	M4	335.529	192.432	335.613	192.456
lv_in[943]	INPUT	SIGNAL	M4	335.529	193.584	335.613	193.608
lv_in[944]	INPUT	SIGNAL	M4	335.529	192.72	335.613	192.744
lv_in[945]	INPUT	SIGNAL	M4	335.529	193.152	335.613	193.176
lv_in[946]	INPUT	SIGNAL	M4	335.529	190.896	335.613	190.92
lv_in[947]	INPUT	SIGNAL	M4	335.529	189.744	335.613	189.768
lv_in[948]	INPUT	SIGNAL	M4	335.529	194.976	335.613	195.0
lv_in[949]	INPUT	SIGNAL	M4	335.529	194.688	335.613	194.712
lv_in[94]	INPUT	SIGNAL	M4	335.529	161.04	335.613	161.064
lv_in[950]	INPUT	SIGNAL	M4	335.529	196.272	335.613	196.296
lv_in[951]	INPUT	SIGNAL	M4	335.529	197.328	335.613	197.352
lv_in[952]	INPUT	SIGNAL	M4	335.529	201.072	335.613	201.096
lv_in[953]	INPUT	SIGNAL	M4	335.529	199.248	335.613	199.272
lv_in[954]	INPUT	SIGNAL	M4	335.529	200.928	335.613	200.952
lv_in[955]	INPUT	SIGNAL	M4	335.529	200.4	335.613	200.424
lv_in[956]	INPUT	SIGNAL	M4	335.529	202.224	335.613	202.248
lv_in[957]	INPUT	SIGNAL	M4	335.529	198.096	335.613	198.12
lv_in[958]	INPUT	SIGNAL	M4	335.529	197.616	335.613	197.64
lv_in[959]	INPUT	SIGNAL	M4	335.529	182.592	335.613	182.616
lv_in[95]	INPUT	SIGNAL	M4	335.529	162.336	335.613	162.36
lv_in[960]	INPUT	SIGNAL	M5	116.304	0.0	116.328	0.084
lv_in[961]	INPUT	SIGNAL	M5	116.448	0.0	116.472	0.084
lv_in[962]	INPUT	SIGNAL	M5	116.016	0.0	116.04	0.084
lv_in[963]	INPUT	SIGNAL	M5	115.776	0.0	115.8	0.084
lv_in[964]	INPUT	SIGNAL	M5	116.352	0.0	116.376	0.084
lv_in[965]	INPUT	SIGNAL	M5	118.176	0.0	118.2	0.084
lv_in[966]	INPUT	SIGNAL	M5	117.456	0.0	117.48	0.084
lv_in[967]	INPUT	SIGNAL	M5	117.024	0.0	117.048	0.084
lv_in[968]	INPUT	SIGNAL	M5	115.824	0.0	115.848	0.084
lv_in[969]	INPUT	SIGNAL	M5	118.608	0.0	118.632	0.084
lv_in[96]	INPUT	SIGNAL	M4	335.529	159.6	335.613	159.624
lv_in[970]	INPUT	SIGNAL	M5	116.208	0.0	116.232	0.084
lv_in[971]	INPUT	SIGNAL	M5	115.392	0.0	115.416	0.084
lv_in[972]	INPUT	SIGNAL	M5	117.792	0.0	117.816	0.084
lv_in[973]	INPUT	SIGNAL	M5	115.2	0.0	115.224	0.084
lv_in[974]	INPUT	SIGNAL	M5	117.36	0.0	117.384	0.084
lv_in[975]	INPUT	SIGNAL	M5	115.344	0.0	115.368	0.084
lv_in[976]	INPUT	SIGNAL	M5	115.248	0.0	115.272	0.084
lv_in[977]	INPUT	SIGNAL	M5	117.504	0.0	117.528	0.084
lv_in[978]	INPUT	SIGNAL	M5	121.344	0.0	121.368	0.084
lv_in[979]	INPUT	SIGNAL	M5	117.696	0.0	117.72	0.084
lv_in[97]	INPUT	SIGNAL	M4	335.529	166.56	335.613	166.584
lv_in[980]	INPUT	SIGNAL	M5	115.296	0.0	115.32	0.084
lv_in[981]	INPUT	SIGNAL	M5	117.984	0.0	118.008	0.084
lv_in[982]	INPUT	SIGNAL	M5	122.256	0.0	122.28	0.084
lv_in[983]	INPUT	SIGNAL	M5	121.296	0.0	121.32	0.084
lv_in[984]	INPUT	SIGNAL	M5	117.936	0.0	117.96	0.084
lv_in[985]	INPUT	SIGNAL	M5	117.408	0.0	117.432	0.084
lv_in[986]	INPUT	SIGNAL	M5	122.016	0.0	122.04	0.084
lv_in[987]	INPUT	SIGNAL	M5	121.872	0.0	121.896	0.084
lv_in[988]	INPUT	SIGNAL	M5	120.816	0.0	120.84	0.084
lv_in[989]	INPUT	SIGNAL	M5	122.352	0.0	122.376	0.084
lv_in[98]	INPUT	SIGNAL	M4	335.529	165.84	335.613	165.864
lv_in[990]	INPUT	SIGNAL	M5	122.064	0.0	122.088	0.084
lv_in[991]	INPUT	SIGNAL	M5	116.64	0.0	116.664	0.084
lv_in[992]	INPUT	SIGNAL	M5	136.464	0.0	136.488	0.084
lv_in[993]	INPUT	SIGNAL	M5	130.992	0.0	131.016	0.084
lv_in[994]	INPUT	SIGNAL	M5	132.624	0.0	132.648	0.084
lv_in[995]	INPUT	SIGNAL	M5	129.12	0.0	129.144	0.084
lv_in[996]	INPUT	SIGNAL	M5	127.248	0.0	127.272	0.084
lv_in[997]	INPUT	SIGNAL	M5	132.864	0.0	132.888	0.084
lv_in[998]	INPUT	SIGNAL	M5	130.752	0.0	130.776	0.084
lv_in[999]	INPUT	SIGNAL	M5	130.176	0.0	130.2	0.084
lv_in[99]	INPUT	SIGNAL	M4	335.529	166.368	335.613	166.392
lv_in[9]	INPUT	SIGNAL	M4	335.529	188.256	335.613	188.28
meta_in[0]	INPUT	SIGNAL	M5	41.616	0.0	41.64	0.084
meta_in[1]	INPUT	SIGNAL	M4	0.0	256.608	0.084	256.632
meta_in[2]	INPUT	SIGNAL	M4	0.0	68.112	0.084	68.136
meta_in[3]	INPUT	SIGNAL	M4	0.0	176.448	0.084	176.472
meta_in[4]	INPUT	SIGNAL	M4	0.0	64.08	0.084	64.104
meta_in[5]	INPUT	SIGNAL	M4	0.0	63.744	0.084	63.768
meta_in[6]	INPUT	SIGNAL	M4	0.0	73.968	0.084	73.992
meta_in[7]	INPUT	SIGNAL	M4	0.0	58.896	0.084	58.92
meta_in[8]	INPUT	SIGNAL	M4	0.0	68.784	0.084	68.808
mx_in	INPUT	SIGNAL	M4	0.0	59.088	0.084	59.112
nres_in[0]	INPUT	SIGNAL	M4	0.0	85.584	0.084	85.608
nres_in[1]	INPUT	SIGNAL	M4	0.0	66.576	0.084	66.6
nres_in[2]	INPUT	SIGNAL	M4	0.0	76.128	0.084	76.152
nres_in[3]	INPUT	SIGNAL	M4	0.0	60.0	0.084	60.024
nres_in[4]	INPUT	SIGNAL	M5	42.336	0.0	42.36	0.084
nres_in[5]	INPUT	SIGNAL	M4	0.0	51.024	0.084	51.048
nres_in[6]	INPUT	SIGNAL	M4	0.0	113.136	0.084	113.16
nres_in[7]	INPUT	SIGNAL	M4	0.0	86.448	0.084	86.472
o_addr[0]	OUTPUT	SIGNAL	M4	335.529	139.776	335.613	139.8
o_addr[1000]	OUTPUT	SIGNAL	M4	335.529	70.944	335.613	70.968
o_addr[1001]	OUTPUT	SIGNAL	M4	335.529	69.936	335.613	69.96
o_addr[1002]	OUTPUT	SIGNAL	M4	335.529	70.704	335.613	70.728
o_addr[1003]	OUTPUT	SIGNAL	M4	335.529	72.432	335.613	72.456
o_addr[1004]	OUTPUT	SIGNAL	M4	335.529	73.056	335.613	73.08
o_addr[1005]	OUTPUT	SIGNAL	M4	335.529	65.664	335.613	65.688
o_addr[1006]	OUTPUT	SIGNAL	M4	335.529	63.984	335.613	64.008
o_addr[1007]	OUTPUT	SIGNAL	M4	335.529	61.392	335.613	61.416
o_addr[1008]	OUTPUT	SIGNAL	M5	222.576	0.0	222.6	0.084
o_addr[1009]	OUTPUT	SIGNAL	M5	224.448	0.0	224.472	0.084
o_addr[100]	OUTPUT	SIGNAL	M4	335.529	82.8	335.613	82.824
o_addr[1010]	OUTPUT	SIGNAL	M5	223.776	0.0	223.8	0.084
o_addr[1011]	OUTPUT	SIGNAL	M5	223.872	0.0	223.896	0.084
o_addr[1012]	OUTPUT	SIGNAL	M5	224.928	0.0	224.952	0.084
o_addr[1013]	OUTPUT	SIGNAL	M5	228.384	0.0	228.408	0.084
o_addr[1014]	OUTPUT	SIGNAL	M5	230.016	0.0	230.04	0.084
o_addr[1015]	OUTPUT	SIGNAL	M5	227.568	0.0	227.592	0.084
o_addr[1016]	OUTPUT	SIGNAL	M5	232.896	0.0	232.92	0.084
o_addr[1017]	OUTPUT	SIGNAL	M5	234.48	0.0	234.504	0.084
o_addr[1018]	OUTPUT	SIGNAL	M5	234.864	0.0	234.888	0.084
o_addr[1019]	OUTPUT	SIGNAL	M5	232.752	0.0	232.776	0.084
o_addr[101]	OUTPUT	SIGNAL	M4	335.529	85.2	335.613	85.224
o_addr[1020]	OUTPUT	SIGNAL	M5	237.696	0.0	237.72	0.084
o_addr[1021]	OUTPUT	SIGNAL	M5	236.688	0.0	236.712	0.084
o_addr[1022]	OUTPUT	SIGNAL	M5	240.336	0.0	240.36	0.084
o_addr[1023]	OUTPUT	SIGNAL	M5	244.032	0.0	244.056	0.084
o_addr[1024]	OUTPUT	SIGNAL	M5	237.792	0.0	237.816	0.084
o_addr[1025]	OUTPUT	SIGNAL	M5	242.544	0.0	242.568	0.084
o_addr[1026]	OUTPUT	SIGNAL	M5	240.48	0.0	240.504	0.084
o_addr[1027]	OUTPUT	SIGNAL	M5	243.12	0.0	243.144	0.084
o_addr[1028]	OUTPUT	SIGNAL	M5	242.592	0.0	242.616	0.084
o_addr[1029]	OUTPUT	SIGNAL	M5	244.176	0.0	244.2	0.084
o_addr[102]	OUTPUT	SIGNAL	M4	335.529	85.248	335.613	85.272
o_addr[1030]	OUTPUT	SIGNAL	M5	244.368	0.0	244.392	0.084
o_addr[1031]	OUTPUT	SIGNAL	M5	244.416	0.0	244.44	0.084
o_addr[1032]	OUTPUT	SIGNAL	M5	223.92	0.0	223.944	0.084
o_addr[1033]	OUTPUT	SIGNAL	M5	224.16	0.0	224.184	0.084
o_addr[1034]	OUTPUT	SIGNAL	M5	224.064	0.0	224.088	0.084
o_addr[1035]	OUTPUT	SIGNAL	M5	224.208	0.0	224.232	0.084
o_addr[1036]	OUTPUT	SIGNAL	M5	225.456	0.0	225.48	0.084
o_addr[1037]	OUTPUT	SIGNAL	M5	229.68	0.0	229.704	0.084
o_addr[1038]	OUTPUT	SIGNAL	M5	230.544	0.0	230.568	0.084
o_addr[1039]	OUTPUT	SIGNAL	M5	227.424	0.0	227.448	0.084
o_addr[103]	OUTPUT	SIGNAL	M4	335.529	86.64	335.613	86.664
o_addr[1040]	OUTPUT	SIGNAL	M5	231.696	0.0	231.72	0.084
o_addr[1041]	OUTPUT	SIGNAL	M5	234.336	0.0	234.36	0.084
o_addr[1042]	OUTPUT	SIGNAL	M5	235.248	0.0	235.272	0.084
o_addr[1043]	OUTPUT	SIGNAL	M5	232.704	0.0	232.728	0.084
o_addr[1044]	OUTPUT	SIGNAL	M5	237.264	0.0	237.288	0.084
o_addr[1045]	OUTPUT	SIGNAL	M5	235.68	0.0	235.704	0.084
o_addr[1046]	OUTPUT	SIGNAL	M5	239.328	0.0	239.352	0.084
o_addr[1047]	OUTPUT	SIGNAL	M5	244.608	0.0	244.632	0.084
o_addr[1048]	OUTPUT	SIGNAL	M5	237.456	0.0	237.48	0.084
o_addr[1049]	OUTPUT	SIGNAL	M5	241.584	0.0	241.608	0.084
o_addr[104]	OUTPUT	SIGNAL	M4	335.529	86.208	335.613	86.232
o_addr[1050]	OUTPUT	SIGNAL	M5	240.048	0.0	240.072	0.084
o_addr[1051]	OUTPUT	SIGNAL	M5	240.432	0.0	240.456	0.084
o_addr[1052]	OUTPUT	SIGNAL	M5	242.304	0.0	242.328	0.084
o_addr[1053]	OUTPUT	SIGNAL	M5	244.8	0.0	244.824	0.084
o_addr[1054]	OUTPUT	SIGNAL	M5	244.224	0.0	244.248	0.084
o_addr[1055]	OUTPUT	SIGNAL	M5	244.512	0.0	244.536	0.084
o_addr[1056]	OUTPUT	SIGNAL	M5	144.288	335.529	144.312	335.613
o_addr[1057]	OUTPUT	SIGNAL	M5	146.448	335.529	146.472	335.613
o_addr[1058]	OUTPUT	SIGNAL	M5	147.504	335.529	147.528	335.613
o_addr[1059]	OUTPUT	SIGNAL	M5	145.776	335.529	145.8	335.613
o_addr[105]	OUTPUT	SIGNAL	M4	335.529	83.232	335.613	83.256
o_addr[1060]	OUTPUT	SIGNAL	M5	145.968	335.529	145.992	335.613
o_addr[1061]	OUTPUT	SIGNAL	M5	148.368	335.529	148.392	335.613
o_addr[1062]	OUTPUT	SIGNAL	M5	148.224	335.529	148.248	335.613
o_addr[1063]	OUTPUT	SIGNAL	M5	170.784	335.529	170.808	335.613
o_addr[1064]	OUTPUT	SIGNAL	M5	163.392	335.529	163.416	335.613
o_addr[1065]	OUTPUT	SIGNAL	M5	164.448	335.529	164.472	335.613
o_addr[1066]	OUTPUT	SIGNAL	M5	162.528	335.529	162.552	335.613
o_addr[1067]	OUTPUT	SIGNAL	M5	169.152	335.529	169.176	335.613
o_addr[1068]	OUTPUT	SIGNAL	M5	166.176	335.529	166.2	335.613
o_addr[1069]	OUTPUT	SIGNAL	M5	169.824	335.529	169.848	335.613
o_addr[106]	OUTPUT	SIGNAL	M4	335.529	87.072	335.613	87.096
o_addr[1070]	OUTPUT	SIGNAL	M5	149.76	335.529	149.784	335.613
o_addr[1071]	OUTPUT	SIGNAL	M5	167.28	335.529	167.304	335.613
o_addr[1072]	OUTPUT	SIGNAL	M5	162.672	335.529	162.696	335.613
o_addr[1073]	OUTPUT	SIGNAL	M5	165.888	335.529	165.912	335.613
o_addr[1074]	OUTPUT	SIGNAL	M5	164.304	335.529	164.328	335.613
o_addr[1075]	OUTPUT	SIGNAL	M5	168.144	335.529	168.168	335.613
o_addr[1076]	OUTPUT	SIGNAL	M5	157.872	335.529	157.896	335.613
o_addr[1077]	OUTPUT	SIGNAL	M5	166.848	335.529	166.872	335.613
o_addr[1078]	OUTPUT	SIGNAL	M5	154.224	335.529	154.248	335.613
o_addr[1079]	OUTPUT	SIGNAL	M5	162.576	335.529	162.6	335.613
o_addr[107]	OUTPUT	SIGNAL	M4	335.529	87.12	335.613	87.144
o_addr[1080]	OUTPUT	SIGNAL	M5	144.432	335.529	144.456	335.613
o_addr[1081]	OUTPUT	SIGNAL	M5	147.84	335.529	147.864	335.613
o_addr[1082]	OUTPUT	SIGNAL	M5	146.736	335.529	146.76	335.613
o_addr[1083]	OUTPUT	SIGNAL	M5	144.144	335.529	144.168	335.613
o_addr[1084]	OUTPUT	SIGNAL	M5	147.168	335.529	147.192	335.613
o_addr[1085]	OUTPUT	SIGNAL	M5	149.04	335.529	149.064	335.613
o_addr[1086]	OUTPUT	SIGNAL	M5	148.176	335.529	148.2	335.613
o_addr[1087]	OUTPUT	SIGNAL	M5	169.728	335.529	169.752	335.613
o_addr[1088]	OUTPUT	SIGNAL	M5	160.608	335.529	160.632	335.613
o_addr[1089]	OUTPUT	SIGNAL	M5	160.224	335.529	160.248	335.613
o_addr[108]	OUTPUT	SIGNAL	M4	335.529	86.928	335.613	86.952
o_addr[1090]	OUTPUT	SIGNAL	M5	157.584	335.529	157.608	335.613
o_addr[1091]	OUTPUT	SIGNAL	M5	156.624	335.529	156.648	335.613
o_addr[1092]	OUTPUT	SIGNAL	M5	156.192	335.529	156.216	335.613
o_addr[1093]	OUTPUT	SIGNAL	M5	153.984	335.529	154.008	335.613
o_addr[1094]	OUTPUT	SIGNAL	M5	152.736	335.529	152.76	335.613
o_addr[1095]	OUTPUT	SIGNAL	M5	160.896	335.529	160.92	335.613
o_addr[1096]	OUTPUT	SIGNAL	M5	158.208	335.529	158.232	335.613
o_addr[1097]	OUTPUT	SIGNAL	M5	160.464	335.529	160.488	335.613
o_addr[1098]	OUTPUT	SIGNAL	M5	153.12	335.529	153.144	335.613
o_addr[1099]	OUTPUT	SIGNAL	M5	158.112	335.529	158.136	335.613
o_addr[109]	OUTPUT	SIGNAL	M4	335.529	85.92	335.613	85.944
o_addr[10]	OUTPUT	SIGNAL	M4	335.529	141.216	335.613	141.24
o_addr[1100]	OUTPUT	SIGNAL	M5	159.456	335.529	159.48	335.613
o_addr[1101]	OUTPUT	SIGNAL	M5	158.736	335.529	158.76	335.613
o_addr[1102]	OUTPUT	SIGNAL	M5	152.688	335.529	152.712	335.613
o_addr[1103]	OUTPUT	SIGNAL	M5	161.28	335.529	161.304	335.613
o_addr[1104]	OUTPUT	SIGNAL	M4	335.529	47.328	335.613	47.352
o_addr[1105]	OUTPUT	SIGNAL	M4	335.529	49.584	335.613	49.608
o_addr[1106]	OUTPUT	SIGNAL	M4	335.529	50.976	335.613	51.0
o_addr[1107]	OUTPUT	SIGNAL	M4	335.529	61.728	335.613	61.752
o_addr[1108]	OUTPUT	SIGNAL	M4	335.529	64.752	335.613	64.776
o_addr[1109]	OUTPUT	SIGNAL	M4	335.529	67.008	335.613	67.032
o_addr[110]	OUTPUT	SIGNAL	M4	335.529	78.432	335.613	78.456
o_addr[1110]	OUTPUT	SIGNAL	M4	335.529	63.6	335.613	63.624
o_addr[1111]	OUTPUT	SIGNAL	M4	335.529	68.352	335.613	68.376
o_addr[1112]	OUTPUT	SIGNAL	M4	335.529	65.856	335.613	65.88
o_addr[1113]	OUTPUT	SIGNAL	M4	335.529	68.304	335.613	68.328
o_addr[1114]	OUTPUT	SIGNAL	M4	335.529	69.456	335.613	69.48
o_addr[1115]	OUTPUT	SIGNAL	M4	335.529	68.736	335.613	68.76
o_addr[1116]	OUTPUT	SIGNAL	M4	335.529	68.448	335.613	68.472
o_addr[1117]	OUTPUT	SIGNAL	M4	335.529	69.072	335.613	69.096
o_addr[1118]	OUTPUT	SIGNAL	M4	335.529	68.064	335.613	68.088
o_addr[1119]	OUTPUT	SIGNAL	M4	335.529	67.248	335.613	67.272
o_addr[111]	OUTPUT	SIGNAL	M4	335.529	83.328	335.613	83.352
o_addr[1120]	OUTPUT	SIGNAL	M4	335.529	48.288	335.613	48.312
o_addr[1121]	OUTPUT	SIGNAL	M4	335.529	49.536	335.613	49.56
o_addr[1122]	OUTPUT	SIGNAL	M4	335.529	51.12	335.613	51.144
o_addr[1123]	OUTPUT	SIGNAL	M4	335.529	48.144	335.613	48.168
o_addr[1124]	OUTPUT	SIGNAL	M4	335.529	49.2	335.613	49.224
o_addr[1125]	OUTPUT	SIGNAL	M4	335.529	68.976	335.613	69.0
o_addr[1126]	OUTPUT	SIGNAL	M4	335.529	65.952	335.613	65.976
o_addr[1127]	OUTPUT	SIGNAL	M4	335.529	48.72	335.613	48.744
o_addr[1128]	OUTPUT	SIGNAL	M4	335.529	48.384	335.613	48.408
o_addr[1129]	OUTPUT	SIGNAL	M4	335.529	50.016	335.613	50.04
o_addr[112]	OUTPUT	SIGNAL	M4	335.529	80.592	335.613	80.616
o_addr[1130]	OUTPUT	SIGNAL	M4	335.529	51.696	335.613	51.72
o_addr[1131]	OUTPUT	SIGNAL	M4	335.529	60.816	335.613	60.84
o_addr[1132]	OUTPUT	SIGNAL	M4	335.529	64.416	335.613	64.44
o_addr[1133]	OUTPUT	SIGNAL	M4	335.529	65.904	335.613	65.928
o_addr[1134]	OUTPUT	SIGNAL	M4	335.529	62.592	335.613	62.616
o_addr[1135]	OUTPUT	SIGNAL	M4	335.529	68.256	335.613	68.28
o_addr[1136]	OUTPUT	SIGNAL	M4	335.529	66.72	335.613	66.744
o_addr[1137]	OUTPUT	SIGNAL	M4	335.529	68.784	335.613	68.808
o_addr[1138]	OUTPUT	SIGNAL	M4	335.529	68.16	335.613	68.184
o_addr[1139]	OUTPUT	SIGNAL	M4	335.529	68.112	335.613	68.136
o_addr[113]	OUTPUT	SIGNAL	M4	335.529	81.84	335.613	81.864
o_addr[1140]	OUTPUT	SIGNAL	M4	335.529	69.312	335.613	69.336
o_addr[1141]	OUTPUT	SIGNAL	M4	335.529	67.968	335.613	67.992
o_addr[1142]	OUTPUT	SIGNAL	M4	335.529	68.832	335.613	68.856
o_addr[1143]	OUTPUT	SIGNAL	M4	335.529	66.864	335.613	66.888
o_addr[1144]	OUTPUT	SIGNAL	M4	335.529	49.248	335.613	49.272
o_addr[1145]	OUTPUT	SIGNAL	M4	335.529	50.352	335.613	50.376
o_addr[1146]	OUTPUT	SIGNAL	M4	335.529	51.792	335.613	51.816
o_addr[1147]	OUTPUT	SIGNAL	M4	335.529	47.28	335.613	47.304
o_addr[1148]	OUTPUT	SIGNAL	M4	335.529	49.392	335.613	49.416
o_addr[1149]	OUTPUT	SIGNAL	M4	335.529	67.872	335.613	67.896
o_addr[114]	OUTPUT	SIGNAL	M4	335.529	77.568	335.613	77.592
o_addr[1150]	OUTPUT	SIGNAL	M4	335.529	63.84	335.613	63.864
o_addr[1151]	OUTPUT	SIGNAL	M4	335.529	47.952	335.613	47.976
o_addr[1152]	OUTPUT	SIGNAL	M5	283.92	0.0	283.944	0.084
o_addr[1153]	OUTPUT	SIGNAL	M5	285.36	0.0	285.384	0.084
o_addr[1154]	OUTPUT	SIGNAL	M5	283.44	0.0	283.464	0.084
o_addr[1155]	OUTPUT	SIGNAL	M5	284.736	0.0	284.76	0.084
o_addr[1156]	OUTPUT	SIGNAL	M5	287.28	0.0	287.304	0.084
o_addr[1157]	OUTPUT	SIGNAL	M5	287.472	0.0	287.496	0.084
o_addr[1158]	OUTPUT	SIGNAL	M5	296.304	0.0	296.328	0.084
o_addr[1159]	OUTPUT	SIGNAL	M4	335.529	36.336	335.613	36.36
o_addr[115]	OUTPUT	SIGNAL	M4	335.529	75.552	335.613	75.576
o_addr[1160]	OUTPUT	SIGNAL	M5	290.208	0.0	290.232	0.084
o_addr[1161]	OUTPUT	SIGNAL	M4	335.529	35.52	335.613	35.544
o_addr[1162]	OUTPUT	SIGNAL	M5	297.744	0.0	297.768	0.084
o_addr[1163]	OUTPUT	SIGNAL	M4	335.529	42.192	335.613	42.216
o_addr[1164]	OUTPUT	SIGNAL	M5	300.288	0.0	300.312	0.084
o_addr[1165]	OUTPUT	SIGNAL	M4	335.529	43.584	335.613	43.608
o_addr[1166]	OUTPUT	SIGNAL	M4	335.529	43.008	335.613	43.032
o_addr[1167]	OUTPUT	SIGNAL	M4	335.529	39.696	335.613	39.72
o_addr[1168]	OUTPUT	SIGNAL	M5	293.712	0.0	293.736	0.084
o_addr[1169]	OUTPUT	SIGNAL	M4	335.529	41.76	335.613	41.784
o_addr[116]	OUTPUT	SIGNAL	M4	335.529	76.704	335.613	76.728
o_addr[1170]	OUTPUT	SIGNAL	M5	293.376	0.0	293.4	0.084
o_addr[1171]	OUTPUT	SIGNAL	M4	335.529	40.704	335.613	40.728
o_addr[1172]	OUTPUT	SIGNAL	M5	295.872	0.0	295.896	0.084
o_addr[1173]	OUTPUT	SIGNAL	M4	335.529	39.648	335.613	39.672
o_addr[1174]	OUTPUT	SIGNAL	M4	335.529	38.592	335.613	38.616
o_addr[1175]	OUTPUT	SIGNAL	M5	298.704	0.0	298.728	0.084
o_addr[1176]	OUTPUT	SIGNAL	M5	284.064	0.0	284.088	0.084
o_addr[1177]	OUTPUT	SIGNAL	M5	285.744	0.0	285.768	0.084
o_addr[1178]	OUTPUT	SIGNAL	M5	283.632	0.0	283.656	0.084
o_addr[1179]	OUTPUT	SIGNAL	M5	285.888	0.0	285.912	0.084
o_addr[117]	OUTPUT	SIGNAL	M4	335.529	85.008	335.613	85.032
o_addr[1180]	OUTPUT	SIGNAL	M5	288.096	0.0	288.12	0.084
o_addr[1181]	OUTPUT	SIGNAL	M5	288.192	0.0	288.216	0.084
o_addr[1182]	OUTPUT	SIGNAL	M5	296.4	0.0	296.424	0.084
o_addr[1183]	OUTPUT	SIGNAL	M4	335.529	34.752	335.613	34.776
o_addr[1184]	OUTPUT	SIGNAL	M5	290.016	0.0	290.04	0.084
o_addr[1185]	OUTPUT	SIGNAL	M4	335.529	33.504	335.613	33.528
o_addr[1186]	OUTPUT	SIGNAL	M5	297.456	0.0	297.48	0.084
o_addr[1187]	OUTPUT	SIGNAL	M4	335.529	34.704	335.613	34.728
o_addr[1188]	OUTPUT	SIGNAL	M5	300.24	0.0	300.264	0.084
o_addr[1189]	OUTPUT	SIGNAL	M5	301.104	0.0	301.128	0.084
o_addr[118]	OUTPUT	SIGNAL	M4	335.529	82.704	335.613	82.728
o_addr[1190]	OUTPUT	SIGNAL	M4	335.529	33.552	335.613	33.576
o_addr[1191]	OUTPUT	SIGNAL	M4	335.529	35.856	335.613	35.88
o_addr[1192]	OUTPUT	SIGNAL	M5	292.512	0.0	292.536	0.084
o_addr[1193]	OUTPUT	SIGNAL	M4	335.529	37.392	335.613	37.416
o_addr[1194]	OUTPUT	SIGNAL	M5	292.56	0.0	292.584	0.084
o_addr[1195]	OUTPUT	SIGNAL	M4	335.529	37.2	335.613	37.224
o_addr[1196]	OUTPUT	SIGNAL	M5	295.296	0.0	295.32	0.084
o_addr[1197]	OUTPUT	SIGNAL	M4	335.529	35.904	335.613	35.928
o_addr[1198]	OUTPUT	SIGNAL	M4	335.529	36.672	335.613	36.696
o_addr[1199]	OUTPUT	SIGNAL	M5	297.648	0.0	297.672	0.084
o_addr[119]	OUTPUT	SIGNAL	M4	335.529	88.08	335.613	88.104
o_addr[11]	OUTPUT	SIGNAL	M4	335.529	152.352	335.613	152.376
o_addr[1200]	OUTPUT	SIGNAL	M5	199.536	335.529	199.56	335.613
o_addr[1201]	OUTPUT	SIGNAL	M5	199.968	335.529	199.992	335.613
o_addr[1202]	OUTPUT	SIGNAL	M5	199.344	335.529	199.368	335.613
o_addr[1203]	OUTPUT	SIGNAL	M5	204.864	335.529	204.888	335.613
o_addr[1204]	OUTPUT	SIGNAL	M5	208.368	335.529	208.392	335.613
o_addr[1205]	OUTPUT	SIGNAL	M5	206.784	335.529	206.808	335.613
o_addr[1206]	OUTPUT	SIGNAL	M5	207.312	335.529	207.336	335.613
o_addr[1207]	OUTPUT	SIGNAL	M5	210.528	335.529	210.552	335.613
o_addr[1208]	OUTPUT	SIGNAL	M5	212.928	335.529	212.952	335.613
o_addr[1209]	OUTPUT	SIGNAL	M5	211.632	335.529	211.656	335.613
o_addr[120]	OUTPUT	SIGNAL	M5	253.104	0.0	253.128	0.084
o_addr[1210]	OUTPUT	SIGNAL	M5	212.736	335.529	212.76	335.613
o_addr[1211]	OUTPUT	SIGNAL	M5	211.248	335.529	211.272	335.613
o_addr[1212]	OUTPUT	SIGNAL	M5	214.704	335.529	214.728	335.613
o_addr[1213]	OUTPUT	SIGNAL	M5	213.072	335.529	213.096	335.613
o_addr[1214]	OUTPUT	SIGNAL	M5	214.8	335.529	214.824	335.613
o_addr[1215]	OUTPUT	SIGNAL	M5	214.608	335.529	214.632	335.613
o_addr[1216]	OUTPUT	SIGNAL	M5	213.984	335.529	214.008	335.613
o_addr[1217]	OUTPUT	SIGNAL	M5	213.84	335.529	213.864	335.613
o_addr[1218]	OUTPUT	SIGNAL	M5	214.896	335.529	214.92	335.613
o_addr[1219]	OUTPUT	SIGNAL	M5	210.576	335.529	210.6	335.613
o_addr[121]	OUTPUT	SIGNAL	M5	254.784	0.0	254.808	0.084
o_addr[1220]	OUTPUT	SIGNAL	M5	214.272	335.529	214.296	335.613
o_addr[1221]	OUTPUT	SIGNAL	M5	207.792	335.529	207.816	335.613
o_addr[1222]	OUTPUT	SIGNAL	M5	205.008	335.529	205.032	335.613
o_addr[1223]	OUTPUT	SIGNAL	M5	210.72	335.529	210.744	335.613
o_addr[1224]	OUTPUT	SIGNAL	M5	199.584	335.529	199.608	335.613
o_addr[1225]	OUTPUT	SIGNAL	M5	200.448	335.529	200.472	335.613
o_addr[1226]	OUTPUT	SIGNAL	M5	199.392	335.529	199.416	335.613
o_addr[1227]	OUTPUT	SIGNAL	M5	204.96	335.529	204.984	335.613
o_addr[1228]	OUTPUT	SIGNAL	M5	205.872	335.529	205.896	335.613
o_addr[1229]	OUTPUT	SIGNAL	M5	205.2	335.529	205.224	335.613
o_addr[122]	OUTPUT	SIGNAL	M5	254.304	0.0	254.328	0.084
o_addr[1230]	OUTPUT	SIGNAL	M5	205.152	335.529	205.176	335.613
o_addr[1231]	OUTPUT	SIGNAL	M5	209.52	335.529	209.544	335.613
o_addr[1232]	OUTPUT	SIGNAL	M5	209.712	335.529	209.736	335.613
o_addr[1233]	OUTPUT	SIGNAL	M5	207.36	335.529	207.384	335.613
o_addr[1234]	OUTPUT	SIGNAL	M5	208.416	335.529	208.44	335.613
o_addr[1235]	OUTPUT	SIGNAL	M5	210.336	335.529	210.36	335.613
o_addr[1236]	OUTPUT	SIGNAL	M5	215.328	335.529	215.352	335.613
o_addr[1237]	OUTPUT	SIGNAL	M5	212.496	335.529	212.52	335.613
o_addr[1238]	OUTPUT	SIGNAL	M5	215.568	335.529	215.592	335.613
o_addr[1239]	OUTPUT	SIGNAL	M5	211.872	335.529	211.896	335.613
o_addr[123]	OUTPUT	SIGNAL	M4	335.529	83.808	335.613	83.832
o_addr[1240]	OUTPUT	SIGNAL	M5	214.032	335.529	214.056	335.613
o_addr[1241]	OUTPUT	SIGNAL	M5	213.312	335.529	213.336	335.613
o_addr[1242]	OUTPUT	SIGNAL	M5	213.744	335.529	213.768	335.613
o_addr[1243]	OUTPUT	SIGNAL	M5	209.088	335.529	209.112	335.613
o_addr[1244]	OUTPUT	SIGNAL	M5	214.656	335.529	214.68	335.613
o_addr[1245]	OUTPUT	SIGNAL	M5	206.352	335.529	206.376	335.613
o_addr[1246]	OUTPUT	SIGNAL	M5	205.104	335.529	205.128	335.613
o_addr[1247]	OUTPUT	SIGNAL	M5	209.184	335.529	209.208	335.613
o_addr[1248]	OUTPUT	SIGNAL	M5	240.96	0.0	240.984	0.084
o_addr[1249]	OUTPUT	SIGNAL	M5	238.368	0.0	238.392	0.084
o_addr[124]	OUTPUT	SIGNAL	M4	335.529	82.752	335.613	82.776
o_addr[1250]	OUTPUT	SIGNAL	M5	241.68	0.0	241.704	0.084
o_addr[1251]	OUTPUT	SIGNAL	M5	240.528	0.0	240.552	0.084
o_addr[1252]	OUTPUT	SIGNAL	M5	246.336	0.0	246.36	0.084
o_addr[1253]	OUTPUT	SIGNAL	M5	247.632	0.0	247.656	0.084
o_addr[1254]	OUTPUT	SIGNAL	M5	249.216	0.0	249.24	0.084
o_addr[1255]	OUTPUT	SIGNAL	M5	248.64	0.0	248.664	0.084
o_addr[1256]	OUTPUT	SIGNAL	M5	247.776	0.0	247.8	0.084
o_addr[1257]	OUTPUT	SIGNAL	M5	246.624	0.0	246.648	0.084
o_addr[1258]	OUTPUT	SIGNAL	M5	249.456	0.0	249.48	0.084
o_addr[1259]	OUTPUT	SIGNAL	M5	245.568	0.0	245.592	0.084
o_addr[125]	OUTPUT	SIGNAL	M4	335.529	85.632	335.613	85.656
o_addr[1260]	OUTPUT	SIGNAL	M5	246.384	0.0	246.408	0.084
o_addr[1261]	OUTPUT	SIGNAL	M5	244.128	0.0	244.152	0.084
o_addr[1262]	OUTPUT	SIGNAL	M5	247.68	0.0	247.704	0.084
o_addr[1263]	OUTPUT	SIGNAL	M5	245.808	0.0	245.832	0.084
o_addr[1264]	OUTPUT	SIGNAL	M5	242.688	0.0	242.712	0.084
o_addr[1265]	OUTPUT	SIGNAL	M5	239.712	0.0	239.736	0.084
o_addr[1266]	OUTPUT	SIGNAL	M5	249.984	0.0	250.008	0.084
o_addr[1267]	OUTPUT	SIGNAL	M5	248.88	0.0	248.904	0.084
o_addr[1268]	OUTPUT	SIGNAL	M5	245.856	0.0	245.88	0.084
o_addr[1269]	OUTPUT	SIGNAL	M5	244.848	0.0	244.872	0.084
o_addr[126]	OUTPUT	SIGNAL	M4	335.529	86.496	335.613	86.52
o_addr[1270]	OUTPUT	SIGNAL	M5	247.92	0.0	247.944	0.084
o_addr[1271]	OUTPUT	SIGNAL	M5	247.008	0.0	247.032	0.084
o_addr[1272]	OUTPUT	SIGNAL	M5	241.824	0.0	241.848	0.084
o_addr[1273]	OUTPUT	SIGNAL	M5	238.896	0.0	238.92	0.084
o_addr[1274]	OUTPUT	SIGNAL	M5	241.2	0.0	241.224	0.084
o_addr[1275]	OUTPUT	SIGNAL	M5	240.72	0.0	240.744	0.084
o_addr[1276]	OUTPUT	SIGNAL	M5	246.24	0.0	246.264	0.084
o_addr[1277]	OUTPUT	SIGNAL	M5	248.352	0.0	248.376	0.084
o_addr[1278]	OUTPUT	SIGNAL	M5	247.872	0.0	247.896	0.084
o_addr[1279]	OUTPUT	SIGNAL	M5	249.264	0.0	249.288	0.084
o_addr[127]	OUTPUT	SIGNAL	M4	335.529	85.968	335.613	85.992
o_addr[1280]	OUTPUT	SIGNAL	M5	247.056	0.0	247.08	0.084
o_addr[1281]	OUTPUT	SIGNAL	M5	246.144	0.0	246.168	0.084
o_addr[1282]	OUTPUT	SIGNAL	M5	249.168	0.0	249.192	0.084
o_addr[1283]	OUTPUT	SIGNAL	M5	245.952	0.0	245.976	0.084
o_addr[1284]	OUTPUT	SIGNAL	M5	247.104	0.0	247.128	0.084
o_addr[1285]	OUTPUT	SIGNAL	M5	244.464	0.0	244.488	0.084
o_addr[1286]	OUTPUT	SIGNAL	M5	247.728	0.0	247.752	0.084
o_addr[1287]	OUTPUT	SIGNAL	M5	245.76	0.0	245.784	0.084
o_addr[1288]	OUTPUT	SIGNAL	M5	245.376	0.0	245.4	0.084
o_addr[1289]	OUTPUT	SIGNAL	M5	243.504	0.0	243.528	0.084
o_addr[128]	OUTPUT	SIGNAL	M4	335.529	86.4	335.613	86.424
o_addr[1290]	OUTPUT	SIGNAL	M5	249.744	0.0	249.768	0.084
o_addr[1291]	OUTPUT	SIGNAL	M5	249.072	0.0	249.096	0.084
o_addr[1292]	OUTPUT	SIGNAL	M5	248.832	0.0	248.856	0.084
o_addr[1293]	OUTPUT	SIGNAL	M5	243.024	0.0	243.048	0.084
o_addr[1294]	OUTPUT	SIGNAL	M5	248.544	0.0	248.568	0.084
o_addr[1295]	OUTPUT	SIGNAL	M5	246.096	0.0	246.12	0.084
o_addr[1296]	OUTPUT	SIGNAL	M5	207.936	335.529	207.96	335.613
o_addr[1297]	OUTPUT	SIGNAL	M5	207.168	335.529	207.192	335.613
o_addr[1298]	OUTPUT	SIGNAL	M5	209.568	335.529	209.592	335.613
o_addr[1299]	OUTPUT	SIGNAL	M5	210.96	335.529	210.984	335.613
o_addr[129]	OUTPUT	SIGNAL	M4	335.529	87.552	335.613	87.576
o_addr[12]	OUTPUT	SIGNAL	M4	335.529	152.064	335.613	152.088
o_addr[1300]	OUTPUT	SIGNAL	M5	214.944	335.529	214.968	335.613
o_addr[1301]	OUTPUT	SIGNAL	M5	209.664	335.529	209.688	335.613
o_addr[1302]	OUTPUT	SIGNAL	M5	213.36	335.529	213.384	335.613
o_addr[1303]	OUTPUT	SIGNAL	M5	216.144	335.529	216.168	335.613
o_addr[1304]	OUTPUT	SIGNAL	M5	217.68	335.529	217.704	335.613
o_addr[1305]	OUTPUT	SIGNAL	M5	212.688	335.529	212.712	335.613
o_addr[1306]	OUTPUT	SIGNAL	M5	218.064	335.529	218.088	335.613
o_addr[1307]	OUTPUT	SIGNAL	M5	211.968	335.529	211.992	335.613
o_addr[1308]	OUTPUT	SIGNAL	M5	217.248	335.529	217.272	335.613
o_addr[1309]	OUTPUT	SIGNAL	M5	216.288	335.529	216.312	335.613
o_addr[130]	OUTPUT	SIGNAL	M4	335.529	86.688	335.613	86.712
o_addr[1310]	OUTPUT	SIGNAL	M5	210.24	335.529	210.264	335.613
o_addr[1311]	OUTPUT	SIGNAL	M5	214.992	335.529	215.016	335.613
o_addr[1312]	OUTPUT	SIGNAL	M5	219.216	335.529	219.24	335.613
o_addr[1313]	OUTPUT	SIGNAL	M5	218.928	335.529	218.952	335.613
o_addr[1314]	OUTPUT	SIGNAL	M5	220.128	335.529	220.152	335.613
o_addr[1315]	OUTPUT	SIGNAL	M5	216.528	335.529	216.552	335.613
o_addr[1316]	OUTPUT	SIGNAL	M5	218.256	335.529	218.28	335.613
o_addr[1317]	OUTPUT	SIGNAL	M5	212.304	335.529	212.328	335.613
o_addr[1318]	OUTPUT	SIGNAL	M5	209.424	335.529	209.448	335.613
o_addr[1319]	OUTPUT	SIGNAL	M5	217.392	335.529	217.416	335.613
o_addr[131]	OUTPUT	SIGNAL	M4	335.529	86.064	335.613	86.088
o_addr[1320]	OUTPUT	SIGNAL	M5	206.832	335.529	206.856	335.613
o_addr[1321]	OUTPUT	SIGNAL	M5	206.208	335.529	206.232	335.613
o_addr[1322]	OUTPUT	SIGNAL	M5	210.816	335.529	210.84	335.613
o_addr[1323]	OUTPUT	SIGNAL	M5	211.776	335.529	211.8	335.613
o_addr[1324]	OUTPUT	SIGNAL	M5	214.56	335.529	214.584	335.613
o_addr[1325]	OUTPUT	SIGNAL	M5	208.32	335.529	208.344	335.613
o_addr[1326]	OUTPUT	SIGNAL	M5	213.456	335.529	213.48	335.613
o_addr[1327]	OUTPUT	SIGNAL	M5	216.384	335.529	216.408	335.613
o_addr[1328]	OUTPUT	SIGNAL	M5	217.296	335.529	217.32	335.613
o_addr[1329]	OUTPUT	SIGNAL	M5	216.336	335.529	216.36	335.613
o_addr[132]	OUTPUT	SIGNAL	M4	335.529	86.112	335.613	86.136
o_addr[1330]	OUTPUT	SIGNAL	M5	218.304	335.529	218.328	335.613
o_addr[1331]	OUTPUT	SIGNAL	M5	215.664	335.529	215.688	335.613
o_addr[1332]	OUTPUT	SIGNAL	M5	216.816	335.529	216.84	335.613
o_addr[1333]	OUTPUT	SIGNAL	M5	217.152	335.529	217.176	335.613
o_addr[1334]	OUTPUT	SIGNAL	M5	211.344	335.529	211.368	335.613
o_addr[1335]	OUTPUT	SIGNAL	M5	215.28	335.529	215.304	335.613
o_addr[1336]	OUTPUT	SIGNAL	M5	218.976	335.529	219.0	335.613
o_addr[1337]	OUTPUT	SIGNAL	M5	219.504	335.529	219.528	335.613
o_addr[1338]	OUTPUT	SIGNAL	M5	220.08	335.529	220.104	335.613
o_addr[1339]	OUTPUT	SIGNAL	M5	218.88	335.529	218.904	335.613
o_addr[133]	OUTPUT	SIGNAL	M4	335.529	85.776	335.613	85.8
o_addr[1340]	OUTPUT	SIGNAL	M5	214.224	335.529	214.248	335.613
o_addr[1341]	OUTPUT	SIGNAL	M5	213.024	335.529	213.048	335.613
o_addr[1342]	OUTPUT	SIGNAL	M5	211.152	335.529	211.176	335.613
o_addr[1343]	OUTPUT	SIGNAL	M5	217.488	335.529	217.512	335.613
o_addr[1344]	OUTPUT	SIGNAL	M5	178.8	0.0	178.824	0.084
o_addr[1345]	OUTPUT	SIGNAL	M5	179.712	0.0	179.736	0.084
o_addr[1346]	OUTPUT	SIGNAL	M5	182.784	0.0	182.808	0.084
o_addr[1347]	OUTPUT	SIGNAL	M5	181.392	0.0	181.416	0.084
o_addr[1348]	OUTPUT	SIGNAL	M5	182.88	0.0	182.904	0.084
o_addr[1349]	OUTPUT	SIGNAL	M5	182.112	0.0	182.136	0.084
o_addr[134]	OUTPUT	SIGNAL	M4	335.529	79.536	335.613	79.56
o_addr[1350]	OUTPUT	SIGNAL	M5	202.032	0.0	202.056	0.084
o_addr[1351]	OUTPUT	SIGNAL	M5	180.528	0.0	180.552	0.084
o_addr[1352]	OUTPUT	SIGNAL	M5	200.976	0.0	201.0	0.084
o_addr[1353]	OUTPUT	SIGNAL	M5	201.072	0.0	201.096	0.084
o_addr[1354]	OUTPUT	SIGNAL	M5	206.256	0.0	206.28	0.084
o_addr[1355]	OUTPUT	SIGNAL	M5	202.272	0.0	202.296	0.084
o_addr[1356]	OUTPUT	SIGNAL	M5	201.984	0.0	202.008	0.084
o_addr[1357]	OUTPUT	SIGNAL	M5	201.936	0.0	201.96	0.084
o_addr[1358]	OUTPUT	SIGNAL	M5	202.176	0.0	202.2	0.084
o_addr[1359]	OUTPUT	SIGNAL	M5	200.784	0.0	200.808	0.084
o_addr[135]	OUTPUT	SIGNAL	M4	335.529	84.912	335.613	84.936
o_addr[1360]	OUTPUT	SIGNAL	M5	199.392	0.0	199.416	0.084
o_addr[1361]	OUTPUT	SIGNAL	M5	190.608	0.0	190.632	0.084
o_addr[1362]	OUTPUT	SIGNAL	M5	201.552	0.0	201.576	0.084
o_addr[1363]	OUTPUT	SIGNAL	M5	196.608	0.0	196.632	0.084
o_addr[1364]	OUTPUT	SIGNAL	M5	198.528	0.0	198.552	0.084
o_addr[1365]	OUTPUT	SIGNAL	M5	200.592	0.0	200.616	0.084
o_addr[1366]	OUTPUT	SIGNAL	M5	199.296	0.0	199.32	0.084
o_addr[1367]	OUTPUT	SIGNAL	M5	180.432	0.0	180.456	0.084
o_addr[1368]	OUTPUT	SIGNAL	M5	178.56	0.0	178.584	0.084
o_addr[1369]	OUTPUT	SIGNAL	M5	179.376	0.0	179.4	0.084
o_addr[136]	OUTPUT	SIGNAL	M4	335.529	81.744	335.613	81.768
o_addr[1370]	OUTPUT	SIGNAL	M5	190.8	0.0	190.824	0.084
o_addr[1371]	OUTPUT	SIGNAL	M5	180.624	0.0	180.648	0.084
o_addr[1372]	OUTPUT	SIGNAL	M5	181.488	0.0	181.512	0.084
o_addr[1373]	OUTPUT	SIGNAL	M5	181.632	0.0	181.656	0.084
o_addr[1374]	OUTPUT	SIGNAL	M5	180.48	0.0	180.504	0.084
o_addr[1375]	OUTPUT	SIGNAL	M5	182.832	0.0	182.856	0.084
o_addr[1376]	OUTPUT	SIGNAL	M5	182.736	0.0	182.76	0.084
o_addr[1377]	OUTPUT	SIGNAL	M5	200.88	0.0	200.904	0.084
o_addr[1378]	OUTPUT	SIGNAL	M5	204.144	0.0	204.168	0.084
o_addr[1379]	OUTPUT	SIGNAL	M5	201.216	0.0	201.24	0.084
o_addr[137]	OUTPUT	SIGNAL	M4	335.529	82.848	335.613	82.872
o_addr[1380]	OUTPUT	SIGNAL	M5	202.656	0.0	202.68	0.084
o_addr[1381]	OUTPUT	SIGNAL	M5	202.224	0.0	202.248	0.084
o_addr[1382]	OUTPUT	SIGNAL	M5	203.52	0.0	203.544	0.084
o_addr[1383]	OUTPUT	SIGNAL	M5	200.832	0.0	200.856	0.084
o_addr[1384]	OUTPUT	SIGNAL	M5	182.64	0.0	182.664	0.084
o_addr[1385]	OUTPUT	SIGNAL	M5	186.432	0.0	186.456	0.084
o_addr[1386]	OUTPUT	SIGNAL	M5	190.56	0.0	190.584	0.084
o_addr[1387]	OUTPUT	SIGNAL	M5	188.304	0.0	188.328	0.084
o_addr[1388]	OUTPUT	SIGNAL	M5	192.0	0.0	192.024	0.084
o_addr[1389]	OUTPUT	SIGNAL	M5	179.856	0.0	179.88	0.084
o_addr[138]	OUTPUT	SIGNAL	M4	335.529	75.216	335.613	75.24
o_addr[1390]	OUTPUT	SIGNAL	M5	181.248	0.0	181.272	0.084
o_addr[1391]	OUTPUT	SIGNAL	M5	180.0	0.0	180.024	0.084
o_addr[1392]	OUTPUT	SIGNAL	M5	176.88	0.0	176.904	0.084
o_addr[1393]	OUTPUT	SIGNAL	M5	177.936	0.0	177.96	0.084
o_addr[1394]	OUTPUT	SIGNAL	M5	177.36	0.0	177.384	0.084
o_addr[1395]	OUTPUT	SIGNAL	M5	177.6	0.0	177.624	0.084
o_addr[1396]	OUTPUT	SIGNAL	M5	192.48	0.0	192.504	0.084
o_addr[1397]	OUTPUT	SIGNAL	M5	199.728	0.0	199.752	0.084
o_addr[1398]	OUTPUT	SIGNAL	M5	200.544	0.0	200.568	0.084
o_addr[1399]	OUTPUT	SIGNAL	M5	196.752	0.0	196.776	0.084
o_addr[139]	OUTPUT	SIGNAL	M4	335.529	73.92	335.613	73.944
o_addr[13]	OUTPUT	SIGNAL	M4	335.529	151.536	335.613	151.56
o_addr[1400]	OUTPUT	SIGNAL	M5	198.096	0.0	198.12	0.084
o_addr[1401]	OUTPUT	SIGNAL	M5	196.32	0.0	196.344	0.084
o_addr[1402]	OUTPUT	SIGNAL	M5	197.904	0.0	197.928	0.084
o_addr[1403]	OUTPUT	SIGNAL	M5	197.76	0.0	197.784	0.084
o_addr[1404]	OUTPUT	SIGNAL	M5	198.816	0.0	198.84	0.084
o_addr[1405]	OUTPUT	SIGNAL	M5	197.52	0.0	197.544	0.084
o_addr[1406]	OUTPUT	SIGNAL	M5	196.176	0.0	196.2	0.084
o_addr[1407]	OUTPUT	SIGNAL	M5	196.56	0.0	196.584	0.084
o_addr[1408]	OUTPUT	SIGNAL	M5	192.192	0.0	192.216	0.084
o_addr[1409]	OUTPUT	SIGNAL	M5	190.992	0.0	191.016	0.084
o_addr[140]	OUTPUT	SIGNAL	M4	335.529	75.84	335.613	75.864
o_addr[1410]	OUTPUT	SIGNAL	M5	190.704	0.0	190.728	0.084
o_addr[1411]	OUTPUT	SIGNAL	M5	181.68	0.0	181.704	0.084
o_addr[1412]	OUTPUT	SIGNAL	M5	199.008	0.0	199.032	0.084
o_addr[1413]	OUTPUT	SIGNAL	M5	196.128	0.0	196.152	0.084
o_addr[1414]	OUTPUT	SIGNAL	M5	186.576	0.0	186.6	0.084
o_addr[1415]	OUTPUT	SIGNAL	M5	178.704	0.0	178.728	0.084
o_addr[1416]	OUTPUT	SIGNAL	M5	177.792	0.0	177.816	0.084
o_addr[1417]	OUTPUT	SIGNAL	M5	178.272	0.0	178.296	0.084
o_addr[1418]	OUTPUT	SIGNAL	M5	177.888	0.0	177.912	0.084
o_addr[1419]	OUTPUT	SIGNAL	M5	177.312	0.0	177.336	0.084
o_addr[141]	OUTPUT	SIGNAL	M4	335.529	85.344	335.613	85.368
o_addr[1420]	OUTPUT	SIGNAL	M5	191.808	0.0	191.832	0.084
o_addr[1421]	OUTPUT	SIGNAL	M5	199.536	0.0	199.56	0.084
o_addr[1422]	OUTPUT	SIGNAL	M5	195.456	0.0	195.48	0.084
o_addr[1423]	OUTPUT	SIGNAL	M5	196.224	0.0	196.248	0.084
o_addr[1424]	OUTPUT	SIGNAL	M5	200.496	0.0	200.52	0.084
o_addr[1425]	OUTPUT	SIGNAL	M5	199.872	0.0	199.896	0.084
o_addr[1426]	OUTPUT	SIGNAL	M5	199.584	0.0	199.608	0.084
o_addr[1427]	OUTPUT	SIGNAL	M5	197.568	0.0	197.592	0.084
o_addr[1428]	OUTPUT	SIGNAL	M5	198.048	0.0	198.072	0.084
o_addr[1429]	OUTPUT	SIGNAL	M5	196.848	0.0	196.872	0.084
o_addr[142]	OUTPUT	SIGNAL	M4	335.529	84.24	335.613	84.264
o_addr[1430]	OUTPUT	SIGNAL	M5	199.248	0.0	199.272	0.084
o_addr[1431]	OUTPUT	SIGNAL	M5	198.24	0.0	198.264	0.084
o_addr[1432]	OUTPUT	SIGNAL	M5	200.256	0.0	200.28	0.084
o_addr[1433]	OUTPUT	SIGNAL	M5	194.352	0.0	194.376	0.084
o_addr[1434]	OUTPUT	SIGNAL	M5	194.4	0.0	194.424	0.084
o_addr[1435]	OUTPUT	SIGNAL	M5	180.672	0.0	180.696	0.084
o_addr[1436]	OUTPUT	SIGNAL	M5	195.504	0.0	195.528	0.084
o_addr[1437]	OUTPUT	SIGNAL	M5	194.976	0.0	195.0	0.084
o_addr[1438]	OUTPUT	SIGNAL	M5	182.16	0.0	182.184	0.084
o_addr[1439]	OUTPUT	SIGNAL	M5	178.176	0.0	178.2	0.084
o_addr[143]	OUTPUT	SIGNAL	M4	335.529	88.704	335.613	88.728
o_addr[1440]	OUTPUT	SIGNAL	M5	185.376	0.0	185.4	0.084
o_addr[1441]	OUTPUT	SIGNAL	M5	186.816	0.0	186.84	0.084
o_addr[1442]	OUTPUT	SIGNAL	M5	188.64	0.0	188.664	0.084
o_addr[1443]	OUTPUT	SIGNAL	M5	195.072	0.0	195.096	0.084
o_addr[1444]	OUTPUT	SIGNAL	M5	200.304	0.0	200.328	0.084
o_addr[1445]	OUTPUT	SIGNAL	M5	199.68	0.0	199.704	0.084
o_addr[1446]	OUTPUT	SIGNAL	M5	191.616	0.0	191.64	0.084
o_addr[1447]	OUTPUT	SIGNAL	M5	197.424	0.0	197.448	0.084
o_addr[1448]	OUTPUT	SIGNAL	M5	201.696	0.0	201.72	0.084
o_addr[1449]	OUTPUT	SIGNAL	M5	200.352	0.0	200.376	0.084
o_addr[144]	OUTPUT	SIGNAL	M5	201.504	0.0	201.528	0.084
o_addr[1450]	OUTPUT	SIGNAL	M5	198.432	0.0	198.456	0.084
o_addr[1451]	OUTPUT	SIGNAL	M5	200.064	0.0	200.088	0.084
o_addr[1452]	OUTPUT	SIGNAL	M5	196.704	0.0	196.728	0.084
o_addr[1453]	OUTPUT	SIGNAL	M5	195.312	0.0	195.336	0.084
o_addr[1454]	OUTPUT	SIGNAL	M5	198.96	0.0	198.984	0.084
o_addr[1455]	OUTPUT	SIGNAL	M5	200.208	0.0	200.232	0.084
o_addr[1456]	OUTPUT	SIGNAL	M5	189.792	0.0	189.816	0.084
o_addr[1457]	OUTPUT	SIGNAL	M5	191.664	0.0	191.688	0.084
o_addr[1458]	OUTPUT	SIGNAL	M5	192.528	0.0	192.552	0.084
o_addr[1459]	OUTPUT	SIGNAL	M5	195.552	0.0	195.576	0.084
o_addr[145]	OUTPUT	SIGNAL	M5	204.192	0.0	204.216	0.084
o_addr[1460]	OUTPUT	SIGNAL	M5	199.776	0.0	199.8	0.084
o_addr[1461]	OUTPUT	SIGNAL	M5	192.624	0.0	192.648	0.084
o_addr[1462]	OUTPUT	SIGNAL	M5	195.12	0.0	195.144	0.084
o_addr[1463]	OUTPUT	SIGNAL	M5	191.328	0.0	191.352	0.084
o_addr[1464]	OUTPUT	SIGNAL	M5	184.992	0.0	185.016	0.084
o_addr[1465]	OUTPUT	SIGNAL	M5	188.112	0.0	188.136	0.084
o_addr[1466]	OUTPUT	SIGNAL	M5	188.736	0.0	188.76	0.084
o_addr[1467]	OUTPUT	SIGNAL	M5	197.856	0.0	197.88	0.084
o_addr[1468]	OUTPUT	SIGNAL	M5	199.968	0.0	199.992	0.084
o_addr[1469]	OUTPUT	SIGNAL	M5	196.512	0.0	196.536	0.084
o_addr[146]	OUTPUT	SIGNAL	M5	205.392	0.0	205.416	0.084
o_addr[1470]	OUTPUT	SIGNAL	M5	190.944	0.0	190.968	0.084
o_addr[1471]	OUTPUT	SIGNAL	M5	194.928	0.0	194.952	0.084
o_addr[1472]	OUTPUT	SIGNAL	M5	196.8	0.0	196.824	0.084
o_addr[1473]	OUTPUT	SIGNAL	M5	199.632	0.0	199.656	0.084
o_addr[1474]	OUTPUT	SIGNAL	M5	197.328	0.0	197.352	0.084
o_addr[1475]	OUTPUT	SIGNAL	M5	201.024	0.0	201.048	0.084
o_addr[1476]	OUTPUT	SIGNAL	M5	195.696	0.0	195.72	0.084
o_addr[1477]	OUTPUT	SIGNAL	M5	193.776	0.0	193.8	0.084
o_addr[1478]	OUTPUT	SIGNAL	M5	200.64	0.0	200.664	0.084
o_addr[1479]	OUTPUT	SIGNAL	M5	194.016	0.0	194.04	0.084
o_addr[147]	OUTPUT	SIGNAL	M5	201.264	0.0	201.288	0.084
o_addr[1480]	OUTPUT	SIGNAL	M5	189.408	0.0	189.432	0.084
o_addr[1481]	OUTPUT	SIGNAL	M5	191.712	0.0	191.736	0.084
o_addr[1482]	OUTPUT	SIGNAL	M5	192.432	0.0	192.456	0.084
o_addr[1483]	OUTPUT	SIGNAL	M5	195.792	0.0	195.816	0.084
o_addr[1484]	OUTPUT	SIGNAL	M5	201.456	0.0	201.48	0.084
o_addr[1485]	OUTPUT	SIGNAL	M5	192.336	0.0	192.36	0.084
o_addr[1486]	OUTPUT	SIGNAL	M5	194.832	0.0	194.856	0.084
o_addr[1487]	OUTPUT	SIGNAL	M5	191.856	0.0	191.88	0.084
o_addr[1488]	OUTPUT	SIGNAL	M5	191.184	335.529	191.208	335.613
o_addr[1489]	OUTPUT	SIGNAL	M5	191.04	335.529	191.064	335.613
o_addr[148]	OUTPUT	SIGNAL	M5	201.312	0.0	201.336	0.084
o_addr[1490]	OUTPUT	SIGNAL	M5	190.992	335.529	191.016	335.613
o_addr[1491]	OUTPUT	SIGNAL	M5	191.568	335.529	191.592	335.613
o_addr[1492]	OUTPUT	SIGNAL	M5	191.424	335.529	191.448	335.613
o_addr[1493]	OUTPUT	SIGNAL	M5	192.0	335.529	192.024	335.613
o_addr[1494]	OUTPUT	SIGNAL	M5	191.28	335.529	191.304	335.613
o_addr[1495]	OUTPUT	SIGNAL	M5	195.84	335.529	195.864	335.613
o_addr[1496]	OUTPUT	SIGNAL	M5	194.112	335.529	194.136	335.613
o_addr[1497]	OUTPUT	SIGNAL	M5	194.016	335.529	194.04	335.613
o_addr[1498]	OUTPUT	SIGNAL	M5	195.6	335.529	195.624	335.613
o_addr[1499]	OUTPUT	SIGNAL	M5	196.848	335.529	196.872	335.613
o_addr[149]	OUTPUT	SIGNAL	M5	205.44	0.0	205.464	0.084
o_addr[14]	OUTPUT	SIGNAL	M4	335.529	150.576	335.613	150.6
o_addr[1500]	OUTPUT	SIGNAL	M5	194.064	335.529	194.088	335.613
o_addr[1501]	OUTPUT	SIGNAL	M5	198.048	335.529	198.072	335.613
o_addr[1502]	OUTPUT	SIGNAL	M5	191.52	335.529	191.544	335.613
o_addr[1503]	OUTPUT	SIGNAL	M5	197.76	335.529	197.784	335.613
o_addr[1504]	OUTPUT	SIGNAL	M5	194.208	335.529	194.232	335.613
o_addr[1505]	OUTPUT	SIGNAL	M5	195.168	335.529	195.192	335.613
o_addr[1506]	OUTPUT	SIGNAL	M5	196.224	335.529	196.248	335.613
o_addr[1507]	OUTPUT	SIGNAL	M5	195.792	335.529	195.816	335.613
o_addr[1508]	OUTPUT	SIGNAL	M5	197.088	335.529	197.112	335.613
o_addr[1509]	OUTPUT	SIGNAL	M5	197.664	335.529	197.688	335.613
o_addr[150]	OUTPUT	SIGNAL	M5	213.024	0.0	213.048	0.084
o_addr[1510]	OUTPUT	SIGNAL	M5	192.576	335.529	192.6	335.613
o_addr[1511]	OUTPUT	SIGNAL	M5	191.712	335.529	191.736	335.613
o_addr[1512]	OUTPUT	SIGNAL	M5	191.088	335.529	191.112	335.613
o_addr[1513]	OUTPUT	SIGNAL	M5	190.944	335.529	190.968	335.613
o_addr[1514]	OUTPUT	SIGNAL	M5	190.896	335.529	190.92	335.613
o_addr[1515]	OUTPUT	SIGNAL	M5	191.952	335.529	191.976	335.613
o_addr[1516]	OUTPUT	SIGNAL	M5	191.136	335.529	191.16	335.613
o_addr[1517]	OUTPUT	SIGNAL	M5	191.664	335.529	191.688	335.613
o_addr[1518]	OUTPUT	SIGNAL	M5	191.616	335.529	191.64	335.613
o_addr[1519]	OUTPUT	SIGNAL	M5	193.104	335.529	193.128	335.613
o_addr[151]	OUTPUT	SIGNAL	M5	215.664	0.0	215.688	0.084
o_addr[1520]	OUTPUT	SIGNAL	M5	193.872	335.529	193.896	335.613
o_addr[1521]	OUTPUT	SIGNAL	M5	161.04	335.529	161.064	335.613
o_addr[1522]	OUTPUT	SIGNAL	M5	160.848	335.529	160.872	335.613
o_addr[1523]	OUTPUT	SIGNAL	M5	203.184	335.529	203.208	335.613
o_addr[1524]	OUTPUT	SIGNAL	M5	202.32	335.529	202.344	335.613
o_addr[1525]	OUTPUT	SIGNAL	M5	160.08	335.529	160.104	335.613
o_addr[1526]	OUTPUT	SIGNAL	M5	201.984	335.529	202.008	335.613
o_addr[1527]	OUTPUT	SIGNAL	M5	203.28	335.529	203.304	335.613
o_addr[1528]	OUTPUT	SIGNAL	M5	202.032	335.529	202.056	335.613
o_addr[1529]	OUTPUT	SIGNAL	M5	202.992	335.529	203.016	335.613
o_addr[152]	OUTPUT	SIGNAL	M5	214.992	0.0	215.016	0.084
o_addr[1530]	OUTPUT	SIGNAL	M5	202.704	335.529	202.728	335.613
o_addr[1531]	OUTPUT	SIGNAL	M5	202.608	335.529	202.632	335.613
o_addr[1532]	OUTPUT	SIGNAL	M5	202.8	335.529	202.824	335.613
o_addr[1533]	OUTPUT	SIGNAL	M5	203.472	335.529	203.496	335.613
o_addr[1534]	OUTPUT	SIGNAL	M5	202.464	335.529	202.488	335.613
o_addr[1535]	OUTPUT	SIGNAL	M5	202.128	335.529	202.152	335.613
o_addr[1536]	OUTPUT	SIGNAL	M5	235.392	0.0	235.416	0.084
o_addr[1537]	OUTPUT	SIGNAL	M5	239.568	0.0	239.592	0.084
o_addr[1538]	OUTPUT	SIGNAL	M5	239.232	0.0	239.256	0.084
o_addr[1539]	OUTPUT	SIGNAL	M5	237.024	0.0	237.048	0.084
o_addr[153]	OUTPUT	SIGNAL	M5	215.712	0.0	215.736	0.084
o_addr[1540]	OUTPUT	SIGNAL	M5	234.912	0.0	234.936	0.084
o_addr[1541]	OUTPUT	SIGNAL	M5	233.76	0.0	233.784	0.084
o_addr[1542]	OUTPUT	SIGNAL	M5	243.36	0.0	243.384	0.084
o_addr[1543]	OUTPUT	SIGNAL	M5	242.208	0.0	242.232	0.084
o_addr[1544]	OUTPUT	SIGNAL	M5	242.064	0.0	242.088	0.084
o_addr[1545]	OUTPUT	SIGNAL	M5	248.4	0.0	248.424	0.084
o_addr[1546]	OUTPUT	SIGNAL	M5	243.888	0.0	243.912	0.084
o_addr[1547]	OUTPUT	SIGNAL	M5	246.432	0.0	246.456	0.084
o_addr[1548]	OUTPUT	SIGNAL	M5	244.704	0.0	244.728	0.084
o_addr[1549]	OUTPUT	SIGNAL	M5	248.448	0.0	248.472	0.084
o_addr[154]	OUTPUT	SIGNAL	M5	218.832	0.0	218.856	0.084
o_addr[1550]	OUTPUT	SIGNAL	M5	241.536	0.0	241.56	0.084
o_addr[1551]	OUTPUT	SIGNAL	M5	248.496	0.0	248.52	0.084
o_addr[1552]	OUTPUT	SIGNAL	M5	247.488	0.0	247.512	0.084
o_addr[1553]	OUTPUT	SIGNAL	M5	247.584	0.0	247.608	0.084
o_addr[1554]	OUTPUT	SIGNAL	M5	248.688	0.0	248.712	0.084
o_addr[1555]	OUTPUT	SIGNAL	M5	247.248	0.0	247.272	0.084
o_addr[1556]	OUTPUT	SIGNAL	M5	243.984	0.0	244.008	0.084
o_addr[1557]	OUTPUT	SIGNAL	M5	248.736	0.0	248.76	0.084
o_addr[1558]	OUTPUT	SIGNAL	M5	245.328	0.0	245.352	0.084
o_addr[1559]	OUTPUT	SIGNAL	M5	246.912	0.0	246.936	0.084
o_addr[155]	OUTPUT	SIGNAL	M5	217.152	0.0	217.176	0.084
o_addr[1560]	OUTPUT	SIGNAL	M5	235.632	0.0	235.656	0.084
o_addr[1561]	OUTPUT	SIGNAL	M5	240.144	0.0	240.168	0.084
o_addr[1562]	OUTPUT	SIGNAL	M5	239.664	0.0	239.688	0.084
o_addr[1563]	OUTPUT	SIGNAL	M5	237.504	0.0	237.528	0.084
o_addr[1564]	OUTPUT	SIGNAL	M5	235.2	0.0	235.224	0.084
o_addr[1565]	OUTPUT	SIGNAL	M5	233.712	0.0	233.736	0.084
o_addr[1566]	OUTPUT	SIGNAL	M5	243.6	0.0	243.624	0.084
o_addr[1567]	OUTPUT	SIGNAL	M5	241.92	0.0	241.944	0.084
o_addr[1568]	OUTPUT	SIGNAL	M5	241.776	0.0	241.8	0.084
o_addr[1569]	OUTPUT	SIGNAL	M5	248.016	0.0	248.04	0.084
o_addr[156]	OUTPUT	SIGNAL	M5	216.96	0.0	216.984	0.084
o_addr[1570]	OUTPUT	SIGNAL	M5	244.944	0.0	244.968	0.084
o_addr[1571]	OUTPUT	SIGNAL	M5	247.152	0.0	247.176	0.084
o_addr[1572]	OUTPUT	SIGNAL	M5	245.232	0.0	245.256	0.084
o_addr[1573]	OUTPUT	SIGNAL	M5	248.064	0.0	248.088	0.084
o_addr[1574]	OUTPUT	SIGNAL	M5	244.656	0.0	244.68	0.084
o_addr[1575]	OUTPUT	SIGNAL	M5	248.592	0.0	248.616	0.084
o_addr[1576]	OUTPUT	SIGNAL	M5	246.528	0.0	246.552	0.084
o_addr[1577]	OUTPUT	SIGNAL	M5	246.96	0.0	246.984	0.084
o_addr[1578]	OUTPUT	SIGNAL	M5	249.12	0.0	249.144	0.084
o_addr[1579]	OUTPUT	SIGNAL	M5	246.72	0.0	246.744	0.084
o_addr[157]	OUTPUT	SIGNAL	M5	220.416	0.0	220.44	0.084
o_addr[1580]	OUTPUT	SIGNAL	M5	243.648	0.0	243.672	0.084
o_addr[1581]	OUTPUT	SIGNAL	M5	248.976	0.0	249.0	0.084
o_addr[1582]	OUTPUT	SIGNAL	M5	245.28	0.0	245.304	0.084
o_addr[1583]	OUTPUT	SIGNAL	M5	247.44	0.0	247.464	0.084
o_addr[1584]	OUTPUT	SIGNAL	M5	154.08	0.0	154.104	0.084
o_addr[1585]	OUTPUT	SIGNAL	M5	176.16	0.0	176.184	0.084
o_addr[1586]	OUTPUT	SIGNAL	M5	174.624	0.0	174.648	0.084
o_addr[1587]	OUTPUT	SIGNAL	M5	174.672	0.0	174.696	0.084
o_addr[1588]	OUTPUT	SIGNAL	M5	177.168	0.0	177.192	0.084
o_addr[1589]	OUTPUT	SIGNAL	M5	179.664	0.0	179.688	0.084
o_addr[158]	OUTPUT	SIGNAL	M5	219.36	0.0	219.384	0.084
o_addr[1590]	OUTPUT	SIGNAL	M5	178.224	0.0	178.248	0.084
o_addr[1591]	OUTPUT	SIGNAL	M5	181.2	0.0	181.224	0.084
o_addr[1592]	OUTPUT	SIGNAL	M5	181.824	0.0	181.848	0.084
o_addr[1593]	OUTPUT	SIGNAL	M5	182.544	0.0	182.568	0.084
o_addr[1594]	OUTPUT	SIGNAL	M5	181.056	0.0	181.08	0.084
o_addr[1595]	OUTPUT	SIGNAL	M5	177.648	0.0	177.672	0.084
o_addr[1596]	OUTPUT	SIGNAL	M5	181.296	0.0	181.32	0.084
o_addr[1597]	OUTPUT	SIGNAL	M5	179.088	0.0	179.112	0.084
o_addr[1598]	OUTPUT	SIGNAL	M5	178.032	0.0	178.056	0.084
o_addr[1599]	OUTPUT	SIGNAL	M5	179.808	0.0	179.832	0.084
o_addr[159]	OUTPUT	SIGNAL	M5	218.784	0.0	218.808	0.084
o_addr[15]	OUTPUT	SIGNAL	M4	335.529	144.048	335.613	144.072
o_addr[1600]	OUTPUT	SIGNAL	M5	174.768	0.0	174.792	0.084
o_addr[1601]	OUTPUT	SIGNAL	M5	181.152	0.0	181.176	0.084
o_addr[1602]	OUTPUT	SIGNAL	M5	153.456	0.0	153.48	0.084
o_addr[1603]	OUTPUT	SIGNAL	M5	154.272	0.0	154.296	0.084
o_addr[1604]	OUTPUT	SIGNAL	M5	153.648	0.0	153.672	0.084
o_addr[1605]	OUTPUT	SIGNAL	M5	179.616	0.0	179.64	0.084
o_addr[1606]	OUTPUT	SIGNAL	M5	178.512	0.0	178.536	0.084
o_addr[1607]	OUTPUT	SIGNAL	M5	154.176	0.0	154.2	0.084
o_addr[1608]	OUTPUT	SIGNAL	M5	153.696	0.0	153.72	0.084
o_addr[1609]	OUTPUT	SIGNAL	M5	153.984	0.0	154.008	0.084
o_addr[160]	OUTPUT	SIGNAL	M5	207.792	0.0	207.816	0.084
o_addr[1610]	OUTPUT	SIGNAL	M5	174.144	0.0	174.168	0.084
o_addr[1611]	OUTPUT	SIGNAL	M5	174.048	0.0	174.072	0.084
o_addr[1612]	OUTPUT	SIGNAL	M5	176.4	0.0	176.424	0.084
o_addr[1613]	OUTPUT	SIGNAL	M5	179.568	0.0	179.592	0.084
o_addr[1614]	OUTPUT	SIGNAL	M5	177.984	0.0	178.008	0.084
o_addr[1615]	OUTPUT	SIGNAL	M5	181.104	0.0	181.128	0.084
o_addr[1616]	OUTPUT	SIGNAL	M5	182.256	0.0	182.28	0.084
o_addr[1617]	OUTPUT	SIGNAL	M5	181.728	0.0	181.752	0.084
o_addr[1618]	OUTPUT	SIGNAL	M5	180.768	0.0	180.792	0.084
o_addr[1619]	OUTPUT	SIGNAL	M5	179.232	0.0	179.256	0.084
o_addr[161]	OUTPUT	SIGNAL	M5	215.136	0.0	215.16	0.084
o_addr[1620]	OUTPUT	SIGNAL	M5	182.928	0.0	182.952	0.084
o_addr[1621]	OUTPUT	SIGNAL	M5	176.112	0.0	176.136	0.084
o_addr[1622]	OUTPUT	SIGNAL	M5	176.688	0.0	176.712	0.084
o_addr[1623]	OUTPUT	SIGNAL	M5	180.912	0.0	180.936	0.084
o_addr[1624]	OUTPUT	SIGNAL	M5	154.224	0.0	154.248	0.084
o_addr[1625]	OUTPUT	SIGNAL	M5	180.96	0.0	180.984	0.084
o_addr[1626]	OUTPUT	SIGNAL	M5	153.6	0.0	153.624	0.084
o_addr[1627]	OUTPUT	SIGNAL	M5	153.504	0.0	153.528	0.084
o_addr[1628]	OUTPUT	SIGNAL	M5	153.84	0.0	153.864	0.084
o_addr[1629]	OUTPUT	SIGNAL	M5	175.728	0.0	175.752	0.084
o_addr[162]	OUTPUT	SIGNAL	M5	220.848	0.0	220.872	0.084
o_addr[1630]	OUTPUT	SIGNAL	M5	178.32	0.0	178.344	0.084
o_addr[1631]	OUTPUT	SIGNAL	M5	153.888	0.0	153.912	0.084
o_addr[1632]	OUTPUT	SIGNAL	M5	139.824	335.529	139.848	335.613
o_addr[1633]	OUTPUT	SIGNAL	M5	138.096	335.529	138.12	335.613
o_addr[1634]	OUTPUT	SIGNAL	M5	137.712	335.529	137.736	335.613
o_addr[1635]	OUTPUT	SIGNAL	M5	141.12	335.529	141.144	335.613
o_addr[1636]	OUTPUT	SIGNAL	M5	139.488	335.529	139.512	335.613
o_addr[1637]	OUTPUT	SIGNAL	M5	142.56	335.529	142.584	335.613
o_addr[1638]	OUTPUT	SIGNAL	M5	144.816	335.529	144.84	335.613
o_addr[1639]	OUTPUT	SIGNAL	M5	150.576	335.529	150.6	335.613
o_addr[163]	OUTPUT	SIGNAL	M5	221.136	0.0	221.16	0.084
o_addr[1640]	OUTPUT	SIGNAL	M5	149.616	335.529	149.64	335.613
o_addr[1641]	OUTPUT	SIGNAL	M5	151.104	335.529	151.128	335.613
o_addr[1642]	OUTPUT	SIGNAL	M5	145.824	335.529	145.848	335.613
o_addr[1643]	OUTPUT	SIGNAL	M5	144.0	335.529	144.024	335.613
o_addr[1644]	OUTPUT	SIGNAL	M5	145.488	335.529	145.512	335.613
o_addr[1645]	OUTPUT	SIGNAL	M5	150.432	335.529	150.456	335.613
o_addr[1646]	OUTPUT	SIGNAL	M5	146.016	335.529	146.04	335.613
o_addr[1647]	OUTPUT	SIGNAL	M5	146.256	335.529	146.28	335.613
o_addr[1648]	OUTPUT	SIGNAL	M5	148.608	335.529	148.632	335.613
o_addr[1649]	OUTPUT	SIGNAL	M5	144.48	335.529	144.504	335.613
o_addr[164]	OUTPUT	SIGNAL	M5	219.84	0.0	219.864	0.084
o_addr[1650]	OUTPUT	SIGNAL	M5	143.664	335.529	143.688	335.613
o_addr[1651]	OUTPUT	SIGNAL	M5	150.672	335.529	150.696	335.613
o_addr[1652]	OUTPUT	SIGNAL	M5	144.72	335.529	144.744	335.613
o_addr[1653]	OUTPUT	SIGNAL	M5	145.2	335.529	145.224	335.613
o_addr[1654]	OUTPUT	SIGNAL	M5	148.656	335.529	148.68	335.613
o_addr[1655]	OUTPUT	SIGNAL	M5	145.248	335.529	145.272	335.613
o_addr[1656]	OUTPUT	SIGNAL	M5	140.976	335.529	141.0	335.613
o_addr[1657]	OUTPUT	SIGNAL	M5	137.808	335.529	137.832	335.613
o_addr[1658]	OUTPUT	SIGNAL	M5	140.064	335.529	140.088	335.613
o_addr[1659]	OUTPUT	SIGNAL	M5	141.264	335.529	141.288	335.613
o_addr[165]	OUTPUT	SIGNAL	M5	221.232	0.0	221.256	0.084
o_addr[1660]	OUTPUT	SIGNAL	M5	140.208	335.529	140.232	335.613
o_addr[1661]	OUTPUT	SIGNAL	M5	142.032	335.529	142.056	335.613
o_addr[1662]	OUTPUT	SIGNAL	M5	143.904	335.529	143.928	335.613
o_addr[1663]	OUTPUT	SIGNAL	M5	149.568	335.529	149.592	335.613
o_addr[1664]	OUTPUT	SIGNAL	M5	149.376	335.529	149.4	335.613
o_addr[1665]	OUTPUT	SIGNAL	M5	150.096	335.529	150.12	335.613
o_addr[1666]	OUTPUT	SIGNAL	M5	144.624	335.529	144.648	335.613
o_addr[1667]	OUTPUT	SIGNAL	M5	148.32	335.529	148.344	335.613
o_addr[1668]	OUTPUT	SIGNAL	M5	146.928	335.529	146.952	335.613
o_addr[1669]	OUTPUT	SIGNAL	M5	143.232	335.529	143.256	335.613
o_addr[166]	OUTPUT	SIGNAL	M5	218.304	0.0	218.328	0.084
o_addr[1670]	OUTPUT	SIGNAL	M5	147.888	335.529	147.912	335.613
o_addr[1671]	OUTPUT	SIGNAL	M5	145.056	335.529	145.08	335.613
o_addr[1672]	OUTPUT	SIGNAL	M5	150.96	335.529	150.984	335.613
o_addr[1673]	OUTPUT	SIGNAL	M5	146.544	335.529	146.568	335.613
o_addr[1674]	OUTPUT	SIGNAL	M5	143.712	335.529	143.736	335.613
o_addr[1675]	OUTPUT	SIGNAL	M5	149.28	335.529	149.304	335.613
o_addr[1676]	OUTPUT	SIGNAL	M5	147.6	335.529	147.624	335.613
o_addr[1677]	OUTPUT	SIGNAL	M5	149.712	335.529	149.736	335.613
o_addr[1678]	OUTPUT	SIGNAL	M5	149.184	335.529	149.208	335.613
o_addr[1679]	OUTPUT	SIGNAL	M5	150.048	335.529	150.072	335.613
o_addr[167]	OUTPUT	SIGNAL	M5	214.944	0.0	214.968	0.084
o_addr[1680]	OUTPUT	SIGNAL	M5	131.52	335.529	131.544	335.613
o_addr[1681]	OUTPUT	SIGNAL	M5	132.72	335.529	132.744	335.613
o_addr[1682]	OUTPUT	SIGNAL	M5	131.472	335.529	131.496	335.613
o_addr[1683]	OUTPUT	SIGNAL	M5	136.416	335.529	136.44	335.613
o_addr[1684]	OUTPUT	SIGNAL	M5	144.192	335.529	144.216	335.613
o_addr[1685]	OUTPUT	SIGNAL	M5	138.432	335.529	138.456	335.613
o_addr[1686]	OUTPUT	SIGNAL	M5	136.368	335.529	136.392	335.613
o_addr[1687]	OUTPUT	SIGNAL	M5	154.416	335.529	154.44	335.613
o_addr[1688]	OUTPUT	SIGNAL	M5	151.488	335.529	151.512	335.613
o_addr[1689]	OUTPUT	SIGNAL	M5	154.464	335.529	154.488	335.613
o_addr[168]	OUTPUT	SIGNAL	M5	202.08	0.0	202.104	0.084
o_addr[1690]	OUTPUT	SIGNAL	M5	146.304	335.529	146.328	335.613
o_addr[1691]	OUTPUT	SIGNAL	M5	152.928	335.529	152.952	335.613
o_addr[1692]	OUTPUT	SIGNAL	M5	153.888	335.529	153.912	335.613
o_addr[1693]	OUTPUT	SIGNAL	M5	151.968	335.529	151.992	335.613
o_addr[1694]	OUTPUT	SIGNAL	M5	149.856	335.529	149.88	335.613
o_addr[1695]	OUTPUT	SIGNAL	M5	153.36	335.529	153.384	335.613
o_addr[1696]	OUTPUT	SIGNAL	M5	142.608	335.529	142.632	335.613
o_addr[1697]	OUTPUT	SIGNAL	M5	144.384	335.529	144.408	335.613
o_addr[1698]	OUTPUT	SIGNAL	M5	147.024	335.529	147.048	335.613
o_addr[1699]	OUTPUT	SIGNAL	M5	147.264	335.529	147.288	335.613
o_addr[169]	OUTPUT	SIGNAL	M5	206.016	0.0	206.04	0.084
o_addr[16]	OUTPUT	SIGNAL	M4	335.529	144.192	335.613	144.216
o_addr[1700]	OUTPUT	SIGNAL	M5	150.144	335.529	150.168	335.613
o_addr[1701]	OUTPUT	SIGNAL	M5	145.536	335.529	145.56	335.613
o_addr[1702]	OUTPUT	SIGNAL	M5	148.272	335.529	148.296	335.613
o_addr[1703]	OUTPUT	SIGNAL	M5	148.752	335.529	148.776	335.613
o_addr[1704]	OUTPUT	SIGNAL	M5	132.384	335.529	132.408	335.613
o_addr[1705]	OUTPUT	SIGNAL	M5	132.576	335.529	132.6	335.613
o_addr[1706]	OUTPUT	SIGNAL	M5	132.336	335.529	132.36	335.613
o_addr[1707]	OUTPUT	SIGNAL	M5	140.688	335.529	140.712	335.613
o_addr[1708]	OUTPUT	SIGNAL	M5	149.472	335.529	149.496	335.613
o_addr[1709]	OUTPUT	SIGNAL	M5	137.856	335.529	137.88	335.613
o_addr[170]	OUTPUT	SIGNAL	M5	204.48	0.0	204.504	0.084
o_addr[1710]	OUTPUT	SIGNAL	M5	134.88	335.529	134.904	335.613
o_addr[1711]	OUTPUT	SIGNAL	M5	154.608	335.529	154.632	335.613
o_addr[1712]	OUTPUT	SIGNAL	M5	146.688	335.529	146.712	335.613
o_addr[1713]	OUTPUT	SIGNAL	M5	154.8	335.529	154.824	335.613
o_addr[1714]	OUTPUT	SIGNAL	M5	143.616	335.529	143.64	335.613
o_addr[1715]	OUTPUT	SIGNAL	M5	147.456	335.529	147.48	335.613
o_addr[1716]	OUTPUT	SIGNAL	M5	152.64	335.529	152.664	335.613
o_addr[1717]	OUTPUT	SIGNAL	M5	144.96	335.529	144.984	335.613
o_addr[1718]	OUTPUT	SIGNAL	M5	149.424	335.529	149.448	335.613
o_addr[1719]	OUTPUT	SIGNAL	M5	153.264	335.529	153.288	335.613
o_addr[171]	OUTPUT	SIGNAL	M5	200.112	0.0	200.136	0.084
o_addr[1720]	OUTPUT	SIGNAL	M5	141.312	335.529	141.336	335.613
o_addr[1721]	OUTPUT	SIGNAL	M5	141.696	335.529	141.72	335.613
o_addr[1722]	OUTPUT	SIGNAL	M5	144.672	335.529	144.696	335.613
o_addr[1723]	OUTPUT	SIGNAL	M5	143.328	335.529	143.352	335.613
o_addr[1724]	OUTPUT	SIGNAL	M5	146.4	335.529	146.424	335.613
o_addr[1725]	OUTPUT	SIGNAL	M5	144.528	335.529	144.552	335.613
o_addr[1726]	OUTPUT	SIGNAL	M5	147.984	335.529	148.008	335.613
o_addr[1727]	OUTPUT	SIGNAL	M5	146.16	335.529	146.184	335.613
o_addr[1728]	OUTPUT	SIGNAL	M4	0.0	282.288	0.084	282.312
o_addr[1729]	OUTPUT	SIGNAL	M4	0.0	281.472	0.084	281.496
o_addr[172]	OUTPUT	SIGNAL	M5	201.12	0.0	201.144	0.084
o_addr[1730]	OUTPUT	SIGNAL	M4	0.0	279.792	0.084	279.816
o_addr[1731]	OUTPUT	SIGNAL	M4	0.0	282.912	0.084	282.936
o_addr[1732]	OUTPUT	SIGNAL	M4	0.0	280.752	0.084	280.776
o_addr[1733]	OUTPUT	SIGNAL	M4	0.0	279.6	0.084	279.624
o_addr[1734]	OUTPUT	SIGNAL	M4	0.0	272.016	0.084	272.04
o_addr[1735]	OUTPUT	SIGNAL	M4	0.0	271.488	0.084	271.512
o_addr[1736]	OUTPUT	SIGNAL	M4	0.0	268.56	0.084	268.584
o_addr[1737]	OUTPUT	SIGNAL	M4	0.0	264.96	0.084	264.984
o_addr[1738]	OUTPUT	SIGNAL	M4	0.0	267.216	0.084	267.24
o_addr[1739]	OUTPUT	SIGNAL	M4	0.0	263.04	0.084	263.064
o_addr[173]	OUTPUT	SIGNAL	M5	205.584	0.0	205.608	0.084
o_addr[1740]	OUTPUT	SIGNAL	M4	0.0	267.456	0.084	267.48
o_addr[1741]	OUTPUT	SIGNAL	M4	0.0	263.904	0.084	263.928
o_addr[1742]	OUTPUT	SIGNAL	M4	0.0	268.32	0.084	268.344
o_addr[1743]	OUTPUT	SIGNAL	M4	0.0	263.856	0.084	263.88
o_addr[1744]	OUTPUT	SIGNAL	M4	0.0	279.504	0.084	279.528
o_addr[1745]	OUTPUT	SIGNAL	M4	0.0	282.768	0.084	282.792
o_addr[1746]	OUTPUT	SIGNAL	M4	0.0	280.848	0.084	280.872
o_addr[1747]	OUTPUT	SIGNAL	M4	0.0	282.0	0.084	282.024
o_addr[1748]	OUTPUT	SIGNAL	M4	0.0	281.328	0.084	281.352
o_addr[1749]	OUTPUT	SIGNAL	M4	0.0	279.648	0.084	279.672
o_addr[174]	OUTPUT	SIGNAL	M5	213.072	0.0	213.096	0.084
o_addr[1750]	OUTPUT	SIGNAL	M4	0.0	270.384	0.084	270.408
o_addr[1751]	OUTPUT	SIGNAL	M4	0.0	269.856	0.084	269.88
o_addr[1752]	OUTPUT	SIGNAL	M4	0.0	281.952	0.084	281.976
o_addr[1753]	OUTPUT	SIGNAL	M4	0.0	281.52	0.084	281.544
o_addr[1754]	OUTPUT	SIGNAL	M4	0.0	280.224	0.084	280.248
o_addr[1755]	OUTPUT	SIGNAL	M4	0.0	281.808	0.084	281.832
o_addr[1756]	OUTPUT	SIGNAL	M4	0.0	280.8	0.084	280.824
o_addr[1757]	OUTPUT	SIGNAL	M4	0.0	279.456	0.084	279.48
o_addr[1758]	OUTPUT	SIGNAL	M4	0.0	278.16	0.084	278.184
o_addr[1759]	OUTPUT	SIGNAL	M4	0.0	273.552	0.084	273.576
o_addr[175]	OUTPUT	SIGNAL	M5	215.568	0.0	215.592	0.084
o_addr[1760]	OUTPUT	SIGNAL	M4	0.0	277.056	0.084	277.08
o_addr[1761]	OUTPUT	SIGNAL	M4	0.0	278.352	0.084	278.376
o_addr[1762]	OUTPUT	SIGNAL	M4	0.0	276.768	0.084	276.792
o_addr[1763]	OUTPUT	SIGNAL	M4	0.0	274.32	0.084	274.344
o_addr[1764]	OUTPUT	SIGNAL	M4	0.0	274.848	0.084	274.872
o_addr[1765]	OUTPUT	SIGNAL	M4	0.0	276.144	0.084	276.168
o_addr[1766]	OUTPUT	SIGNAL	M4	0.0	275.52	0.084	275.544
o_addr[1767]	OUTPUT	SIGNAL	M4	0.0	274.416	0.084	274.44
o_addr[1768]	OUTPUT	SIGNAL	M4	0.0	279.984	0.084	280.008
o_addr[1769]	OUTPUT	SIGNAL	M4	0.0	283.152	0.084	283.176
o_addr[176]	OUTPUT	SIGNAL	M5	214.176	0.0	214.2	0.084
o_addr[1770]	OUTPUT	SIGNAL	M4	0.0	280.656	0.084	280.68
o_addr[1771]	OUTPUT	SIGNAL	M4	0.0	280.704	0.084	280.728
o_addr[1772]	OUTPUT	SIGNAL	M4	0.0	281.04	0.084	281.064
o_addr[1773]	OUTPUT	SIGNAL	M4	0.0	278.592	0.084	278.616
o_addr[1774]	OUTPUT	SIGNAL	M4	0.0	277.008	0.084	277.032
o_addr[1775]	OUTPUT	SIGNAL	M4	0.0	270.672	0.084	270.696
o_addr[1776]	OUTPUT	SIGNAL	M4	0.0	77.808	0.084	77.832
o_addr[1777]	OUTPUT	SIGNAL	M4	0.0	80.304	0.084	80.328
o_addr[1778]	OUTPUT	SIGNAL	M4	0.0	77.616	0.084	77.64
o_addr[1779]	OUTPUT	SIGNAL	M4	0.0	76.848	0.084	76.872
o_addr[177]	OUTPUT	SIGNAL	M5	214.896	0.0	214.92	0.084
o_addr[1780]	OUTPUT	SIGNAL	M4	0.0	86.928	0.084	86.952
o_addr[1781]	OUTPUT	SIGNAL	M4	0.0	86.832	0.084	86.856
o_addr[1782]	OUTPUT	SIGNAL	M4	0.0	86.784	0.084	86.808
o_addr[1783]	OUTPUT	SIGNAL	M4	0.0	84.24	0.084	84.264
o_addr[1784]	OUTPUT	SIGNAL	M4	0.0	83.232	0.084	83.256
o_addr[1785]	OUTPUT	SIGNAL	M4	0.0	81.024	0.084	81.048
o_addr[1786]	OUTPUT	SIGNAL	M4	0.0	79.248	0.084	79.272
o_addr[1787]	OUTPUT	SIGNAL	M4	0.0	78.864	0.084	78.888
o_addr[1788]	OUTPUT	SIGNAL	M5	69.408	0.0	69.432	0.084
o_addr[1789]	OUTPUT	SIGNAL	M5	71.232	0.0	71.256	0.084
o_addr[178]	OUTPUT	SIGNAL	M5	216.768	0.0	216.792	0.084
o_addr[1790]	OUTPUT	SIGNAL	M5	72.192	0.0	72.216	0.084
o_addr[1791]	OUTPUT	SIGNAL	M5	68.16	0.0	68.184	0.084
o_addr[1792]	OUTPUT	SIGNAL	M4	0.0	74.928	0.084	74.952
o_addr[1793]	OUTPUT	SIGNAL	M4	0.0	69.456	0.084	69.48
o_addr[1794]	OUTPUT	SIGNAL	M4	0.0	69.36	0.084	69.384
o_addr[1795]	OUTPUT	SIGNAL	M5	71.376	0.0	71.4	0.084
o_addr[1796]	OUTPUT	SIGNAL	M5	72.48	0.0	72.504	0.084
o_addr[1797]	OUTPUT	SIGNAL	M5	72.288	0.0	72.312	0.084
o_addr[1798]	OUTPUT	SIGNAL	M5	72.0	0.0	72.024	0.084
o_addr[1799]	OUTPUT	SIGNAL	M4	0.0	68.016	0.084	68.04
o_addr[179]	OUTPUT	SIGNAL	M5	217.008	0.0	217.032	0.084
o_addr[17]	OUTPUT	SIGNAL	M4	335.529	147.696	335.613	147.72
o_addr[1800]	OUTPUT	SIGNAL	M4	0.0	78.816	0.084	78.84
o_addr[1801]	OUTPUT	SIGNAL	M4	0.0	82.08	0.084	82.104
o_addr[1802]	OUTPUT	SIGNAL	M4	0.0	78.048	0.084	78.072
o_addr[1803]	OUTPUT	SIGNAL	M4	0.0	76.08	0.084	76.104
o_addr[1804]	OUTPUT	SIGNAL	M4	0.0	85.632	0.084	85.656
o_addr[1805]	OUTPUT	SIGNAL	M4	0.0	85.68	0.084	85.704
o_addr[1806]	OUTPUT	SIGNAL	M4	0.0	85.776	0.084	85.8
o_addr[1807]	OUTPUT	SIGNAL	M4	0.0	84.768	0.084	84.792
o_addr[1808]	OUTPUT	SIGNAL	M4	0.0	82.176	0.084	82.2
o_addr[1809]	OUTPUT	SIGNAL	M4	0.0	80.256	0.084	80.28
o_addr[180]	OUTPUT	SIGNAL	M5	216.72	0.0	216.744	0.084
o_addr[1810]	OUTPUT	SIGNAL	M4	0.0	78.0	0.084	78.024
o_addr[1811]	OUTPUT	SIGNAL	M4	0.0	77.76	0.084	77.784
o_addr[1812]	OUTPUT	SIGNAL	M5	69.456	0.0	69.48	0.084
o_addr[1813]	OUTPUT	SIGNAL	M5	71.808	0.0	71.832	0.084
o_addr[1814]	OUTPUT	SIGNAL	M5	71.04	0.0	71.064	0.084
o_addr[1815]	OUTPUT	SIGNAL	M4	0.0	67.44	0.084	67.464
o_addr[1816]	OUTPUT	SIGNAL	M4	0.0	73.728	0.084	73.752
o_addr[1817]	OUTPUT	SIGNAL	M4	0.0	68.544	0.084	68.568
o_addr[1818]	OUTPUT	SIGNAL	M4	0.0	68.496	0.084	68.52
o_addr[1819]	OUTPUT	SIGNAL	M4	0.0	69.696	0.084	69.72
o_addr[181]	OUTPUT	SIGNAL	M5	220.032	0.0	220.056	0.084
o_addr[1820]	OUTPUT	SIGNAL	M4	0.0	70.752	0.084	70.776
o_addr[1821]	OUTPUT	SIGNAL	M4	0.0	70.704	0.084	70.728
o_addr[1822]	OUTPUT	SIGNAL	M5	72.048	0.0	72.072	0.084
o_addr[1823]	OUTPUT	SIGNAL	M4	0.0	68.688	0.084	68.712
o_addr[1824]	OUTPUT	SIGNAL	M5	51.552	335.529	51.576	335.613
o_addr[1825]	OUTPUT	SIGNAL	M5	51.648	335.529	51.672	335.613
o_addr[1826]	OUTPUT	SIGNAL	M5	53.76	335.529	53.784	335.613
o_addr[1827]	OUTPUT	SIGNAL	M5	53.664	335.529	53.688	335.613
o_addr[1828]	OUTPUT	SIGNAL	M5	52.944	335.529	52.968	335.613
o_addr[1829]	OUTPUT	SIGNAL	M5	56.544	335.529	56.568	335.613
o_addr[182]	OUTPUT	SIGNAL	M5	218.88	0.0	218.904	0.084
o_addr[1830]	OUTPUT	SIGNAL	M5	67.632	335.529	67.656	335.613
o_addr[1831]	OUTPUT	SIGNAL	M5	68.88	335.529	68.904	335.613
o_addr[1832]	OUTPUT	SIGNAL	M5	68.304	335.529	68.328	335.613
o_addr[1833]	OUTPUT	SIGNAL	M5	67.728	335.529	67.752	335.613
o_addr[1834]	OUTPUT	SIGNAL	M5	68.688	335.529	68.712	335.613
o_addr[1835]	OUTPUT	SIGNAL	M5	70.608	335.529	70.632	335.613
o_addr[1836]	OUTPUT	SIGNAL	M5	70.704	335.529	70.728	335.613
o_addr[1837]	OUTPUT	SIGNAL	M5	66.624	335.529	66.648	335.613
o_addr[1838]	OUTPUT	SIGNAL	M5	70.08	335.529	70.104	335.613
o_addr[1839]	OUTPUT	SIGNAL	M5	69.408	335.529	69.432	335.613
o_addr[183]	OUTPUT	SIGNAL	M5	218.256	0.0	218.28	0.084
o_addr[1840]	OUTPUT	SIGNAL	M5	60.72	335.529	60.744	335.613
o_addr[1841]	OUTPUT	SIGNAL	M5	61.776	335.529	61.8	335.613
o_addr[1842]	OUTPUT	SIGNAL	M5	66.144	335.529	66.168	335.613
o_addr[1843]	OUTPUT	SIGNAL	M5	61.488	335.529	61.512	335.613
o_addr[1844]	OUTPUT	SIGNAL	M5	62.736	335.529	62.76	335.613
o_addr[1845]	OUTPUT	SIGNAL	M5	68.592	335.529	68.616	335.613
o_addr[1846]	OUTPUT	SIGNAL	M5	67.776	335.529	67.8	335.613
o_addr[1847]	OUTPUT	SIGNAL	M5	69.12	335.529	69.144	335.613
o_addr[1848]	OUTPUT	SIGNAL	M5	51.504	335.529	51.528	335.613
o_addr[1849]	OUTPUT	SIGNAL	M5	51.696	335.529	51.72	335.613
o_addr[184]	OUTPUT	SIGNAL	M5	207.216	0.0	207.24	0.084
o_addr[1850]	OUTPUT	SIGNAL	M5	53.568	335.529	53.592	335.613
o_addr[1851]	OUTPUT	SIGNAL	M5	54.624	335.529	54.648	335.613
o_addr[1852]	OUTPUT	SIGNAL	M5	53.04	335.529	53.064	335.613
o_addr[1853]	OUTPUT	SIGNAL	M5	55.2	335.529	55.224	335.613
o_addr[1854]	OUTPUT	SIGNAL	M5	68.352	335.529	68.376	335.613
o_addr[1855]	OUTPUT	SIGNAL	M5	67.296	335.529	67.32	335.613
o_addr[1856]	OUTPUT	SIGNAL	M5	67.68	335.529	67.704	335.613
o_addr[1857]	OUTPUT	SIGNAL	M5	71.136	335.529	71.16	335.613
o_addr[1858]	OUTPUT	SIGNAL	M5	67.056	335.529	67.08	335.613
o_addr[1859]	OUTPUT	SIGNAL	M5	70.992	335.529	71.016	335.613
o_addr[185]	OUTPUT	SIGNAL	M5	210.528	0.0	210.552	0.084
o_addr[1860]	OUTPUT	SIGNAL	M5	70.896	335.529	70.92	335.613
o_addr[1861]	OUTPUT	SIGNAL	M5	66.96	335.529	66.984	335.613
o_addr[1862]	OUTPUT	SIGNAL	M5	69.6	335.529	69.624	335.613
o_addr[1863]	OUTPUT	SIGNAL	M5	69.504	335.529	69.528	335.613
o_addr[1864]	OUTPUT	SIGNAL	M5	59.28	335.529	59.304	335.613
o_addr[1865]	OUTPUT	SIGNAL	M5	57.744	335.529	57.768	335.613
o_addr[1866]	OUTPUT	SIGNAL	M5	63.264	335.529	63.288	335.613
o_addr[1867]	OUTPUT	SIGNAL	M5	61.104	335.529	61.128	335.613
o_addr[1868]	OUTPUT	SIGNAL	M5	61.44	335.529	61.464	335.613
o_addr[1869]	OUTPUT	SIGNAL	M5	66.912	335.529	66.936	335.613
o_addr[186]	OUTPUT	SIGNAL	M5	219.456	0.0	219.48	0.084
o_addr[1870]	OUTPUT	SIGNAL	M5	66.816	335.529	66.84	335.613
o_addr[1871]	OUTPUT	SIGNAL	M5	68.928	335.529	68.952	335.613
o_addr[1872]	OUTPUT	SIGNAL	M4	0.0	24.768	0.084	24.792
o_addr[1873]	OUTPUT	SIGNAL	M4	0.0	26.88	0.084	26.904
o_addr[1874]	OUTPUT	SIGNAL	M4	0.0	28.56	0.084	28.584
o_addr[1875]	OUTPUT	SIGNAL	M5	27.216	0.0	27.24	0.084
o_addr[1876]	OUTPUT	SIGNAL	M5	27.024	0.0	27.048	0.084
o_addr[1877]	OUTPUT	SIGNAL	M5	30.576	0.0	30.6	0.084
o_addr[1878]	OUTPUT	SIGNAL	M5	30.624	0.0	30.648	0.084
o_addr[1879]	OUTPUT	SIGNAL	M4	0.0	33.12	0.084	33.144
o_addr[187]	OUTPUT	SIGNAL	M5	220.8	0.0	220.824	0.084
o_addr[1880]	OUTPUT	SIGNAL	M5	28.128	0.0	28.152	0.084
o_addr[1881]	OUTPUT	SIGNAL	M5	25.536	0.0	25.56	0.084
o_addr[1882]	OUTPUT	SIGNAL	M5	25.488	0.0	25.512	0.084
o_addr[1883]	OUTPUT	SIGNAL	M5	25.248	0.0	25.272	0.084
o_addr[1884]	OUTPUT	SIGNAL	M4	0.0	29.088	0.084	29.112
o_addr[1885]	OUTPUT	SIGNAL	M4	0.0	23.28	0.084	23.304
o_addr[1886]	OUTPUT	SIGNAL	M4	0.0	29.232	0.084	29.256
o_addr[1887]	OUTPUT	SIGNAL	M4	0.0	25.92	0.084	25.944
o_addr[1888]	OUTPUT	SIGNAL	M4	0.0	33.456	0.084	33.48
o_addr[1889]	OUTPUT	SIGNAL	M4	0.0	39.12	0.084	39.144
o_addr[188]	OUTPUT	SIGNAL	M5	219.936	0.0	219.96	0.084
o_addr[1890]	OUTPUT	SIGNAL	M4	0.0	32.592	0.084	32.616
o_addr[1891]	OUTPUT	SIGNAL	M4	0.0	30.528	0.084	30.552
o_addr[1892]	OUTPUT	SIGNAL	M4	0.0	33.936	0.084	33.96
o_addr[1893]	OUTPUT	SIGNAL	M4	0.0	35.28	0.084	35.304
o_addr[1894]	OUTPUT	SIGNAL	M4	0.0	28.656	0.084	28.68
o_addr[1895]	OUTPUT	SIGNAL	M4	0.0	36.432	0.084	36.456
o_addr[1896]	OUTPUT	SIGNAL	M4	0.0	26.016	0.084	26.04
o_addr[1897]	OUTPUT	SIGNAL	M4	0.0	27.792	0.084	27.816
o_addr[1898]	OUTPUT	SIGNAL	M4	0.0	27.504	0.084	27.528
o_addr[1899]	OUTPUT	SIGNAL	M5	28.176	0.0	28.2	0.084
o_addr[189]	OUTPUT	SIGNAL	M5	221.76	0.0	221.784	0.084
o_addr[18]	OUTPUT	SIGNAL	M4	335.529	151.872	335.613	151.896
o_addr[1900]	OUTPUT	SIGNAL	M5	28.512	0.0	28.536	0.084
o_addr[1901]	OUTPUT	SIGNAL	M5	29.808	0.0	29.832	0.084
o_addr[1902]	OUTPUT	SIGNAL	M5	31.008	0.0	31.032	0.084
o_addr[1903]	OUTPUT	SIGNAL	M4	0.0	37.104	0.084	37.128
o_addr[1904]	OUTPUT	SIGNAL	M5	27.312	0.0	27.336	0.084
o_addr[1905]	OUTPUT	SIGNAL	M5	26.208	0.0	26.232	0.084
o_addr[1906]	OUTPUT	SIGNAL	M5	26.4	0.0	26.424	0.084
o_addr[1907]	OUTPUT	SIGNAL	M5	25.632	0.0	25.656	0.084
o_addr[1908]	OUTPUT	SIGNAL	M5	24.816	0.0	24.84	0.084
o_addr[1909]	OUTPUT	SIGNAL	M5	24.144	0.0	24.168	0.084
o_addr[190]	OUTPUT	SIGNAL	M5	212.928	0.0	212.952	0.084
o_addr[1910]	OUTPUT	SIGNAL	M4	0.0	28.32	0.084	28.344
o_addr[1911]	OUTPUT	SIGNAL	M4	0.0	26.784	0.084	26.808
o_addr[1912]	OUTPUT	SIGNAL	M4	0.0	38.544	0.084	38.568
o_addr[1913]	OUTPUT	SIGNAL	M4	0.0	44.304	0.084	44.328
o_addr[1914]	OUTPUT	SIGNAL	M4	0.0	42.816	0.084	42.84
o_addr[1915]	OUTPUT	SIGNAL	M4	0.0	43.728	0.084	43.752
o_addr[1916]	OUTPUT	SIGNAL	M4	0.0	41.52	0.084	41.544
o_addr[1917]	OUTPUT	SIGNAL	M4	0.0	44.544	0.084	44.568
o_addr[1918]	OUTPUT	SIGNAL	M4	0.0	48.096	0.084	48.12
o_addr[1919]	OUTPUT	SIGNAL	M4	0.0	37.872	0.084	37.896
o_addr[191]	OUTPUT	SIGNAL	M5	213.84	0.0	213.864	0.084
o_addr[1920]	OUTPUT	SIGNAL	M5	312.336	0.0	312.36	0.084
o_addr[1921]	OUTPUT	SIGNAL	M5	300.048	0.0	300.072	0.084
o_addr[1922]	OUTPUT	SIGNAL	M5	300.384	0.0	300.408	0.084
o_addr[1923]	OUTPUT	SIGNAL	M5	301.536	0.0	301.56	0.084
o_addr[1924]	OUTPUT	SIGNAL	M5	304.8	0.0	304.824	0.084
o_addr[1925]	OUTPUT	SIGNAL	M5	302.832	0.0	302.856	0.084
o_addr[1926]	OUTPUT	SIGNAL	M5	303.888	0.0	303.912	0.084
o_addr[1927]	OUTPUT	SIGNAL	M5	295.2	0.0	295.224	0.084
o_addr[1928]	OUTPUT	SIGNAL	M5	296.064	0.0	296.088	0.084
o_addr[1929]	OUTPUT	SIGNAL	M5	300.192	0.0	300.216	0.084
o_addr[192]	OUTPUT	SIGNAL	M4	0.0	185.424	0.084	185.448
o_addr[1930]	OUTPUT	SIGNAL	M5	297.936	0.0	297.96	0.084
o_addr[1931]	OUTPUT	SIGNAL	M5	303.84	0.0	303.864	0.084
o_addr[1932]	OUTPUT	SIGNAL	M5	302.352	0.0	302.376	0.084
o_addr[1933]	OUTPUT	SIGNAL	M5	304.752	0.0	304.776	0.084
o_addr[1934]	OUTPUT	SIGNAL	M4	335.529	31.152	335.613	31.176
o_addr[1935]	OUTPUT	SIGNAL	M4	335.529	31.68	335.613	31.704
o_addr[1936]	OUTPUT	SIGNAL	M4	335.529	31.632	335.613	31.656
o_addr[1937]	OUTPUT	SIGNAL	M4	335.529	30.432	335.613	30.456
o_addr[1938]	OUTPUT	SIGNAL	M5	307.776	0.0	307.8	0.084
o_addr[1939]	OUTPUT	SIGNAL	M4	335.529	30.144	335.613	30.168
o_addr[193]	OUTPUT	SIGNAL	M4	0.0	188.496	0.084	188.52
o_addr[1940]	OUTPUT	SIGNAL	M4	335.529	31.584	335.613	31.608
o_addr[1941]	OUTPUT	SIGNAL	M4	335.529	27.84	335.613	27.864
o_addr[1942]	OUTPUT	SIGNAL	M4	335.529	26.256	335.613	26.28
o_addr[1943]	OUTPUT	SIGNAL	M4	335.529	24.096	335.613	24.12
o_addr[1944]	OUTPUT	SIGNAL	M5	312.144	0.0	312.168	0.084
o_addr[1945]	OUTPUT	SIGNAL	M5	301.056	0.0	301.08	0.084
o_addr[1946]	OUTPUT	SIGNAL	M5	300.144	0.0	300.168	0.084
o_addr[1947]	OUTPUT	SIGNAL	M5	302.256	0.0	302.28	0.084
o_addr[1948]	OUTPUT	SIGNAL	M5	303.792	0.0	303.816	0.084
o_addr[1949]	OUTPUT	SIGNAL	M5	303.12	0.0	303.144	0.084
o_addr[194]	OUTPUT	SIGNAL	M4	0.0	187.104	0.084	187.128
o_addr[1950]	OUTPUT	SIGNAL	M5	304.464	0.0	304.488	0.084
o_addr[1951]	OUTPUT	SIGNAL	M5	297.312	0.0	297.336	0.084
o_addr[1952]	OUTPUT	SIGNAL	M5	297.36	0.0	297.384	0.084
o_addr[1953]	OUTPUT	SIGNAL	M5	301.2	0.0	301.224	0.084
o_addr[1954]	OUTPUT	SIGNAL	M5	299.088	0.0	299.112	0.084
o_addr[1955]	OUTPUT	SIGNAL	M5	303.744	0.0	303.768	0.084
o_addr[1956]	OUTPUT	SIGNAL	M5	302.688	0.0	302.712	0.084
o_addr[1957]	OUTPUT	SIGNAL	M5	306.096	0.0	306.12	0.084
o_addr[1958]	OUTPUT	SIGNAL	M4	335.529	31.056	335.613	31.08
o_addr[1959]	OUTPUT	SIGNAL	M4	335.529	31.728	335.613	31.752
o_addr[195]	OUTPUT	SIGNAL	M4	0.0	186.768	0.084	186.792
o_addr[1960]	OUTPUT	SIGNAL	M4	335.529	32.736	335.613	32.76
o_addr[1961]	OUTPUT	SIGNAL	M4	335.529	30.096	335.613	30.12
o_addr[1962]	OUTPUT	SIGNAL	M5	308.4	0.0	308.424	0.084
o_addr[1963]	OUTPUT	SIGNAL	M4	335.529	30.528	335.613	30.552
o_addr[1964]	OUTPUT	SIGNAL	M4	335.529	29.184	335.613	29.208
o_addr[1965]	OUTPUT	SIGNAL	M5	310.464	0.0	310.488	0.084
o_addr[1966]	OUTPUT	SIGNAL	M5	311.904	0.0	311.928	0.084
o_addr[1967]	OUTPUT	SIGNAL	M5	311.856	0.0	311.88	0.084
o_addr[1968]	OUTPUT	SIGNAL	M5	106.992	335.529	107.016	335.613
o_addr[1969]	OUTPUT	SIGNAL	M5	102.432	335.529	102.456	335.613
o_addr[196]	OUTPUT	SIGNAL	M4	0.0	186.912	0.084	186.936
o_addr[1970]	OUTPUT	SIGNAL	M5	101.76	335.529	101.784	335.613
o_addr[1971]	OUTPUT	SIGNAL	M5	102.864	335.529	102.888	335.613
o_addr[1972]	OUTPUT	SIGNAL	M5	105.552	335.529	105.576	335.613
o_addr[1973]	OUTPUT	SIGNAL	M5	114.96	335.529	114.984	335.613
o_addr[1974]	OUTPUT	SIGNAL	M5	115.632	335.529	115.656	335.613
o_addr[1975]	OUTPUT	SIGNAL	M5	120.72	335.529	120.744	335.613
o_addr[1976]	OUTPUT	SIGNAL	M5	117.312	335.529	117.336	335.613
o_addr[1977]	OUTPUT	SIGNAL	M5	114.528	335.529	114.552	335.613
o_addr[1978]	OUTPUT	SIGNAL	M5	118.896	335.529	118.92	335.613
o_addr[1979]	OUTPUT	SIGNAL	M5	120.768	335.529	120.792	335.613
o_addr[197]	OUTPUT	SIGNAL	M4	0.0	190.464	0.084	190.488
o_addr[1980]	OUTPUT	SIGNAL	M5	120.192	335.529	120.216	335.613
o_addr[1981]	OUTPUT	SIGNAL	M5	114.096	335.529	114.12	335.613
o_addr[1982]	OUTPUT	SIGNAL	M5	117.12	335.529	117.144	335.613
o_addr[1983]	OUTPUT	SIGNAL	M5	118.464	335.529	118.488	335.613
o_addr[1984]	OUTPUT	SIGNAL	M5	117.552	335.529	117.576	335.613
o_addr[1985]	OUTPUT	SIGNAL	M5	107.904	335.529	107.928	335.613
o_addr[1986]	OUTPUT	SIGNAL	M5	116.304	335.529	116.328	335.613
o_addr[1987]	OUTPUT	SIGNAL	M5	120.816	335.529	120.84	335.613
o_addr[1988]	OUTPUT	SIGNAL	M5	120.912	335.529	120.936	335.613
o_addr[1989]	OUTPUT	SIGNAL	M5	117.504	335.529	117.528	335.613
o_addr[198]	OUTPUT	SIGNAL	M4	0.0	185.856	0.084	185.88
o_addr[1990]	OUTPUT	SIGNAL	M5	117.216	335.529	117.24	335.613
o_addr[1991]	OUTPUT	SIGNAL	M5	116.016	335.529	116.04	335.613
o_addr[1992]	OUTPUT	SIGNAL	M5	106.608	335.529	106.632	335.613
o_addr[1993]	OUTPUT	SIGNAL	M5	103.92	335.529	103.944	335.613
o_addr[1994]	OUTPUT	SIGNAL	M5	103.488	335.529	103.512	335.613
o_addr[1995]	OUTPUT	SIGNAL	M5	104.736	335.529	104.76	335.613
o_addr[1996]	OUTPUT	SIGNAL	M5	106.08	335.529	106.104	335.613
o_addr[1997]	OUTPUT	SIGNAL	M5	115.392	335.529	115.416	335.613
o_addr[1998]	OUTPUT	SIGNAL	M5	115.728	335.529	115.752	335.613
o_addr[1999]	OUTPUT	SIGNAL	M5	120.96	335.529	120.984	335.613
o_addr[199]	OUTPUT	SIGNAL	M4	0.0	185.808	0.084	185.832
o_addr[19]	OUTPUT	SIGNAL	M4	335.529	146.592	335.613	146.616
o_addr[1]	OUTPUT	SIGNAL	M4	335.529	140.4	335.613	140.424
o_addr[2000]	OUTPUT	SIGNAL	M5	115.248	335.529	115.272	335.613
o_addr[2001]	OUTPUT	SIGNAL	M5	114.864	335.529	114.888	335.613
o_addr[2002]	OUTPUT	SIGNAL	M5	114.72	335.529	114.744	335.613
o_addr[2003]	OUTPUT	SIGNAL	M5	120.624	335.529	120.648	335.613
o_addr[2004]	OUTPUT	SIGNAL	M5	120.24	335.529	120.264	335.613
o_addr[2005]	OUTPUT	SIGNAL	M5	114.576	335.529	114.6	335.613
o_addr[2006]	OUTPUT	SIGNAL	M5	116.88	335.529	116.904	335.613
o_addr[2007]	OUTPUT	SIGNAL	M5	118.8	335.529	118.824	335.613
o_addr[2008]	OUTPUT	SIGNAL	M5	118.944	335.529	118.968	335.613
o_addr[2009]	OUTPUT	SIGNAL	M5	111.168	335.529	111.192	335.613
o_addr[200]	OUTPUT	SIGNAL	M4	0.0	187.152	0.084	187.176
o_addr[2010]	OUTPUT	SIGNAL	M5	114.336	335.529	114.36	335.613
o_addr[2011]	OUTPUT	SIGNAL	M5	119.28	335.529	119.304	335.613
o_addr[2012]	OUTPUT	SIGNAL	M5	120.576	335.529	120.6	335.613
o_addr[2013]	OUTPUT	SIGNAL	M5	118.272	335.529	118.296	335.613
o_addr[2014]	OUTPUT	SIGNAL	M5	116.688	335.529	116.712	335.613
o_addr[2015]	OUTPUT	SIGNAL	M5	116.208	335.529	116.232	335.613
o_addr[2016]	OUTPUT	SIGNAL	M5	277.824	0.0	277.848	0.084
o_addr[2017]	OUTPUT	SIGNAL	M5	279.6	0.0	279.624	0.084
o_addr[2018]	OUTPUT	SIGNAL	M5	281.184	0.0	281.208	0.084
o_addr[2019]	OUTPUT	SIGNAL	M5	283.056	0.0	283.08	0.084
o_addr[201]	OUTPUT	SIGNAL	M4	0.0	196.8	0.084	196.824
o_addr[2020]	OUTPUT	SIGNAL	M5	284.16	0.0	284.184	0.084
o_addr[2021]	OUTPUT	SIGNAL	M5	280.656	0.0	280.68	0.084
o_addr[2022]	OUTPUT	SIGNAL	M5	281.904	0.0	281.928	0.084
o_addr[2023]	OUTPUT	SIGNAL	M5	283.536	0.0	283.56	0.084
o_addr[2024]	OUTPUT	SIGNAL	M5	285.168	0.0	285.192	0.084
o_addr[2025]	OUTPUT	SIGNAL	M5	286.608	0.0	286.632	0.084
o_addr[2026]	OUTPUT	SIGNAL	M5	287.712	0.0	287.736	0.084
o_addr[2027]	OUTPUT	SIGNAL	M5	288.96	0.0	288.984	0.084
o_addr[2028]	OUTPUT	SIGNAL	M5	289.824	0.0	289.848	0.084
o_addr[2029]	OUTPUT	SIGNAL	M5	290.544	0.0	290.568	0.084
o_addr[202]	OUTPUT	SIGNAL	M4	0.0	192.576	0.084	192.6
o_addr[2030]	OUTPUT	SIGNAL	M5	290.976	0.0	291.0	0.084
o_addr[2031]	OUTPUT	SIGNAL	M5	293.52	0.0	293.544	0.084
o_addr[2032]	OUTPUT	SIGNAL	M5	291.936	0.0	291.96	0.084
o_addr[2033]	OUTPUT	SIGNAL	M5	294.816	0.0	294.84	0.084
o_addr[2034]	OUTPUT	SIGNAL	M5	292.944	0.0	292.968	0.084
o_addr[2035]	OUTPUT	SIGNAL	M5	296.112	0.0	296.136	0.084
o_addr[2036]	OUTPUT	SIGNAL	M5	296.256	0.0	296.28	0.084
o_addr[2037]	OUTPUT	SIGNAL	M5	297.84	0.0	297.864	0.084
o_addr[2038]	OUTPUT	SIGNAL	M5	297.408	0.0	297.432	0.084
o_addr[2039]	OUTPUT	SIGNAL	M5	292.896	0.0	292.92	0.084
o_addr[203]	OUTPUT	SIGNAL	M4	0.0	194.736	0.084	194.76
o_addr[2040]	OUTPUT	SIGNAL	M5	278.544	0.0	278.568	0.084
o_addr[2041]	OUTPUT	SIGNAL	M5	280.176	0.0	280.2	0.084
o_addr[2042]	OUTPUT	SIGNAL	M5	281.808	0.0	281.832	0.084
o_addr[2043]	OUTPUT	SIGNAL	M5	283.824	0.0	283.848	0.084
o_addr[2044]	OUTPUT	SIGNAL	M5	283.488	0.0	283.512	0.084
o_addr[2045]	OUTPUT	SIGNAL	M5	280.56	0.0	280.584	0.084
o_addr[2046]	OUTPUT	SIGNAL	M5	283.104	0.0	283.128	0.084
o_addr[2047]	OUTPUT	SIGNAL	M5	283.968	0.0	283.992	0.084
o_addr[2048]	OUTPUT	SIGNAL	M5	285.312	0.0	285.336	0.084
o_addr[2049]	OUTPUT	SIGNAL	M5	286.368	0.0	286.392	0.084
o_addr[204]	OUTPUT	SIGNAL	M4	0.0	197.04	0.084	197.064
o_addr[2050]	OUTPUT	SIGNAL	M5	287.76	0.0	287.784	0.084
o_addr[2051]	OUTPUT	SIGNAL	M5	288.816	0.0	288.84	0.084
o_addr[2052]	OUTPUT	SIGNAL	M5	289.872	0.0	289.896	0.084
o_addr[2053]	OUTPUT	SIGNAL	M5	289.776	0.0	289.8	0.084
o_addr[2054]	OUTPUT	SIGNAL	M5	290.928	0.0	290.952	0.084
o_addr[2055]	OUTPUT	SIGNAL	M5	294.288	0.0	294.312	0.084
o_addr[2056]	OUTPUT	SIGNAL	M5	291.984	0.0	292.008	0.084
o_addr[2057]	OUTPUT	SIGNAL	M5	294.768	0.0	294.792	0.084
o_addr[2058]	OUTPUT	SIGNAL	M5	293.568	0.0	293.592	0.084
o_addr[2059]	OUTPUT	SIGNAL	M5	296.208	0.0	296.232	0.084
o_addr[205]	OUTPUT	SIGNAL	M4	0.0	193.248	0.084	193.272
o_addr[2060]	OUTPUT	SIGNAL	M5	295.968	0.0	295.992	0.084
o_addr[2061]	OUTPUT	SIGNAL	M5	297.6	0.0	297.624	0.084
o_addr[2062]	OUTPUT	SIGNAL	M5	297.504	0.0	297.528	0.084
o_addr[2063]	OUTPUT	SIGNAL	M5	292.752	0.0	292.776	0.084
o_addr[2064]	OUTPUT	SIGNAL	M4	0.0	170.976	0.084	171.0
o_addr[2065]	OUTPUT	SIGNAL	M4	0.0	170.304	0.084	170.328
o_addr[2066]	OUTPUT	SIGNAL	M4	0.0	170.064	0.084	170.088
o_addr[2067]	OUTPUT	SIGNAL	M4	0.0	168.624	0.084	168.648
o_addr[2068]	OUTPUT	SIGNAL	M4	0.0	169.728	0.084	169.752
o_addr[2069]	OUTPUT	SIGNAL	M4	0.0	160.032	0.084	160.056
o_addr[206]	OUTPUT	SIGNAL	M4	0.0	196.944	0.084	196.968
o_addr[2070]	OUTPUT	SIGNAL	M4	0.0	162.528	0.084	162.552
o_addr[2071]	OUTPUT	SIGNAL	M4	0.0	153.6	0.084	153.624
o_addr[2072]	OUTPUT	SIGNAL	M4	0.0	153.936	0.084	153.96
o_addr[2073]	OUTPUT	SIGNAL	M4	0.0	153.984	0.084	154.008
o_addr[2074]	OUTPUT	SIGNAL	M4	0.0	154.272	0.084	154.296
o_addr[2075]	OUTPUT	SIGNAL	M4	0.0	156.768	0.084	156.792
o_addr[2076]	OUTPUT	SIGNAL	M4	0.0	170.832	0.084	170.856
o_addr[2077]	OUTPUT	SIGNAL	M4	0.0	171.12	0.084	171.144
o_addr[2078]	OUTPUT	SIGNAL	M4	0.0	157.536	0.084	157.56
o_addr[2079]	OUTPUT	SIGNAL	M4	0.0	154.176	0.084	154.2
o_addr[207]	OUTPUT	SIGNAL	M4	0.0	193.968	0.084	193.992
o_addr[2080]	OUTPUT	SIGNAL	M4	0.0	170.64	0.084	170.664
o_addr[2081]	OUTPUT	SIGNAL	M4	0.0	171.168	0.084	171.192
o_addr[2082]	OUTPUT	SIGNAL	M4	0.0	170.496	0.084	170.52
o_addr[2083]	OUTPUT	SIGNAL	M4	0.0	170.112	0.084	170.136
o_addr[2084]	OUTPUT	SIGNAL	M4	0.0	171.216	0.084	171.24
o_addr[2085]	OUTPUT	SIGNAL	M4	0.0	169.44	0.084	169.464
o_addr[2086]	OUTPUT	SIGNAL	M4	0.0	160.944	0.084	160.968
o_addr[2087]	OUTPUT	SIGNAL	M4	0.0	163.152	0.084	163.176
o_addr[2088]	OUTPUT	SIGNAL	M4	0.0	171.648	0.084	171.672
o_addr[2089]	OUTPUT	SIGNAL	M4	0.0	169.968	0.084	169.992
o_addr[208]	OUTPUT	SIGNAL	M4	0.0	194.784	0.084	194.808
o_addr[2090]	OUTPUT	SIGNAL	M4	0.0	168.048	0.084	168.072
o_addr[2091]	OUTPUT	SIGNAL	M4	0.0	167.52	0.084	167.544
o_addr[2092]	OUTPUT	SIGNAL	M4	0.0	170.4	0.084	170.424
o_addr[2093]	OUTPUT	SIGNAL	M4	0.0	168.192	0.084	168.216
o_addr[2094]	OUTPUT	SIGNAL	M4	0.0	163.008	0.084	163.032
o_addr[2095]	OUTPUT	SIGNAL	M4	0.0	163.488	0.084	163.512
o_addr[2096]	OUTPUT	SIGNAL	M4	0.0	153.888	0.084	153.912
o_addr[2097]	OUTPUT	SIGNAL	M4	0.0	152.88	0.084	152.904
o_addr[2098]	OUTPUT	SIGNAL	M4	0.0	153.168	0.084	153.192
o_addr[2099]	OUTPUT	SIGNAL	M4	0.0	158.4	0.084	158.424
o_addr[209]	OUTPUT	SIGNAL	M4	0.0	187.728	0.084	187.752
o_addr[20]	OUTPUT	SIGNAL	M4	335.529	145.2	335.613	145.224
o_addr[2100]	OUTPUT	SIGNAL	M4	0.0	168.096	0.084	168.12
o_addr[2101]	OUTPUT	SIGNAL	M4	0.0	167.04	0.084	167.064
o_addr[2102]	OUTPUT	SIGNAL	M4	0.0	167.136	0.084	167.16
o_addr[2103]	OUTPUT	SIGNAL	M4	0.0	156.864	0.084	156.888
o_addr[2104]	OUTPUT	SIGNAL	M4	0.0	169.776	0.084	169.8
o_addr[2105]	OUTPUT	SIGNAL	M4	0.0	170.88	0.084	170.904
o_addr[2106]	OUTPUT	SIGNAL	M4	0.0	169.92	0.084	169.944
o_addr[2107]	OUTPUT	SIGNAL	M4	0.0	168.432	0.084	168.456
o_addr[2108]	OUTPUT	SIGNAL	M4	0.0	169.248	0.084	169.272
o_addr[2109]	OUTPUT	SIGNAL	M4	0.0	168.816	0.084	168.84
o_addr[210]	OUTPUT	SIGNAL	M4	0.0	200.784	0.084	200.808
o_addr[2110]	OUTPUT	SIGNAL	M4	0.0	169.584	0.084	169.608
o_addr[2111]	OUTPUT	SIGNAL	M4	0.0	163.776	0.084	163.8
o_addr[2112]	OUTPUT	SIGNAL	M4	0.0	250.992	0.084	251.016
o_addr[2113]	OUTPUT	SIGNAL	M4	0.0	247.824	0.084	247.848
o_addr[2114]	OUTPUT	SIGNAL	M4	0.0	253.44	0.084	253.464
o_addr[2115]	OUTPUT	SIGNAL	M4	0.0	251.856	0.084	251.88
o_addr[2116]	OUTPUT	SIGNAL	M4	0.0	255.216	0.084	255.24
o_addr[2117]	OUTPUT	SIGNAL	M4	0.0	254.832	0.084	254.856
o_addr[2118]	OUTPUT	SIGNAL	M4	0.0	255.744	0.084	255.768
o_addr[2119]	OUTPUT	SIGNAL	M4	0.0	255.696	0.084	255.72
o_addr[211]	OUTPUT	SIGNAL	M4	0.0	200.688	0.084	200.712
o_addr[2120]	OUTPUT	SIGNAL	M4	0.0	256.656	0.084	256.68
o_addr[2121]	OUTPUT	SIGNAL	M4	0.0	258.864	0.084	258.888
o_addr[2122]	OUTPUT	SIGNAL	M4	0.0	239.472	0.084	239.496
o_addr[2123]	OUTPUT	SIGNAL	M4	0.0	242.592	0.084	242.616
o_addr[2124]	OUTPUT	SIGNAL	M4	0.0	240.96	0.084	240.984
o_addr[2125]	OUTPUT	SIGNAL	M4	0.0	255.024	0.084	255.048
o_addr[2126]	OUTPUT	SIGNAL	M4	0.0	244.032	0.084	244.056
o_addr[2127]	OUTPUT	SIGNAL	M4	0.0	247.968	0.084	247.992
o_addr[2128]	OUTPUT	SIGNAL	M4	0.0	255.408	0.084	255.432
o_addr[2129]	OUTPUT	SIGNAL	M4	0.0	258.576	0.084	258.6
o_addr[212]	OUTPUT	SIGNAL	M4	0.0	200.544	0.084	200.568
o_addr[2130]	OUTPUT	SIGNAL	M4	0.0	257.568	0.084	257.592
o_addr[2131]	OUTPUT	SIGNAL	M4	0.0	254.64	0.084	254.664
o_addr[2132]	OUTPUT	SIGNAL	M4	0.0	257.088	0.084	257.112
o_addr[2133]	OUTPUT	SIGNAL	M4	0.0	239.136	0.084	239.16
o_addr[2134]	OUTPUT	SIGNAL	M4	0.0	252.0	0.084	252.024
o_addr[2135]	OUTPUT	SIGNAL	M4	0.0	249.216	0.084	249.24
o_addr[2136]	OUTPUT	SIGNAL	M4	0.0	250.032	0.084	250.056
o_addr[2137]	OUTPUT	SIGNAL	M4	0.0	248.88	0.084	248.904
o_addr[2138]	OUTPUT	SIGNAL	M4	0.0	254.544	0.084	254.568
o_addr[2139]	OUTPUT	SIGNAL	M4	0.0	252.72	0.084	252.744
o_addr[213]	OUTPUT	SIGNAL	M4	0.0	190.56	0.084	190.584
o_addr[2140]	OUTPUT	SIGNAL	M4	0.0	254.016	0.084	254.04
o_addr[2141]	OUTPUT	SIGNAL	M4	0.0	256.704	0.084	256.728
o_addr[2142]	OUTPUT	SIGNAL	M4	0.0	255.504	0.084	255.528
o_addr[2143]	OUTPUT	SIGNAL	M4	0.0	257.04	0.084	257.064
o_addr[2144]	OUTPUT	SIGNAL	M4	0.0	257.664	0.084	257.688
o_addr[2145]	OUTPUT	SIGNAL	M4	0.0	258.96	0.084	258.984
o_addr[2146]	OUTPUT	SIGNAL	M4	0.0	257.184	0.084	257.208
o_addr[2147]	OUTPUT	SIGNAL	M4	0.0	243.12	0.084	243.144
o_addr[2148]	OUTPUT	SIGNAL	M4	0.0	241.968	0.084	241.992
o_addr[2149]	OUTPUT	SIGNAL	M4	0.0	256.224	0.084	256.248
o_addr[214]	OUTPUT	SIGNAL	M4	0.0	200.496	0.084	200.52
o_addr[2150]	OUTPUT	SIGNAL	M4	0.0	253.968	0.084	253.992
o_addr[2151]	OUTPUT	SIGNAL	M4	0.0	250.944	0.084	250.968
o_addr[2152]	OUTPUT	SIGNAL	M4	0.0	256.752	0.084	256.776
o_addr[2153]	OUTPUT	SIGNAL	M4	0.0	258.336	0.084	258.36
o_addr[2154]	OUTPUT	SIGNAL	M4	0.0	255.12	0.084	255.144
o_addr[2155]	OUTPUT	SIGNAL	M4	0.0	254.736	0.084	254.76
o_addr[2156]	OUTPUT	SIGNAL	M4	0.0	256.272	0.084	256.296
o_addr[2157]	OUTPUT	SIGNAL	M4	0.0	253.584	0.084	253.608
o_addr[2158]	OUTPUT	SIGNAL	M4	0.0	252.912	0.084	252.936
o_addr[2159]	OUTPUT	SIGNAL	M4	0.0	252.768	0.084	252.792
o_addr[215]	OUTPUT	SIGNAL	M4	0.0	189.408	0.084	189.432
o_addr[2160]	OUTPUT	SIGNAL	M5	129.024	0.0	129.048	0.084
o_addr[2161]	OUTPUT	SIGNAL	M5	107.616	0.0	107.64	0.084
o_addr[2162]	OUTPUT	SIGNAL	M5	129.504	0.0	129.528	0.084
o_addr[2163]	OUTPUT	SIGNAL	M5	128.736	0.0	128.76	0.084
o_addr[2164]	OUTPUT	SIGNAL	M5	126.528	0.0	126.552	0.084
o_addr[2165]	OUTPUT	SIGNAL	M5	107.376	0.0	107.4	0.084
o_addr[2166]	OUTPUT	SIGNAL	M5	108.72	0.0	108.744	0.084
o_addr[2167]	OUTPUT	SIGNAL	M5	105.936	0.0	105.96	0.084
o_addr[2168]	OUTPUT	SIGNAL	M5	107.28	0.0	107.304	0.084
o_addr[2169]	OUTPUT	SIGNAL	M5	106.224	0.0	106.248	0.084
o_addr[216]	OUTPUT	SIGNAL	M4	0.0	185.952	0.084	185.976
o_addr[2170]	OUTPUT	SIGNAL	M5	108.336	0.0	108.36	0.084
o_addr[2171]	OUTPUT	SIGNAL	M5	108.288	0.0	108.312	0.084
o_addr[2172]	OUTPUT	SIGNAL	M5	107.472	0.0	107.496	0.084
o_addr[2173]	OUTPUT	SIGNAL	M5	106.992	0.0	107.016	0.084
o_addr[2174]	OUTPUT	SIGNAL	M5	109.248	0.0	109.272	0.084
o_addr[2175]	OUTPUT	SIGNAL	M5	109.344	0.0	109.368	0.084
o_addr[2176]	OUTPUT	SIGNAL	M5	128.688	0.0	128.712	0.084
o_addr[2177]	OUTPUT	SIGNAL	M5	127.872	0.0	127.896	0.084
o_addr[2178]	OUTPUT	SIGNAL	M5	127.344	0.0	127.368	0.084
o_addr[2179]	OUTPUT	SIGNAL	M5	117.648	0.0	117.672	0.084
o_addr[217]	OUTPUT	SIGNAL	M4	0.0	187.92	0.084	187.944
o_addr[2180]	OUTPUT	SIGNAL	M5	119.52	0.0	119.544	0.084
o_addr[2181]	OUTPUT	SIGNAL	M5	125.664	0.0	125.688	0.084
o_addr[2182]	OUTPUT	SIGNAL	M5	112.896	0.0	112.92	0.084
o_addr[2183]	OUTPUT	SIGNAL	M5	122.448	0.0	122.472	0.084
o_addr[2184]	OUTPUT	SIGNAL	M5	128.976	0.0	129.0	0.084
o_addr[2185]	OUTPUT	SIGNAL	M5	106.752	0.0	106.776	0.084
o_addr[2186]	OUTPUT	SIGNAL	M5	124.944	0.0	124.968	0.084
o_addr[2187]	OUTPUT	SIGNAL	M5	125.136	0.0	125.16	0.084
o_addr[2188]	OUTPUT	SIGNAL	M5	124.992	0.0	125.016	0.084
o_addr[2189]	OUTPUT	SIGNAL	M5	109.2	0.0	109.224	0.084
o_addr[218]	OUTPUT	SIGNAL	M4	0.0	187.968	0.084	187.992
o_addr[2190]	OUTPUT	SIGNAL	M5	109.104	0.0	109.128	0.084
o_addr[2191]	OUTPUT	SIGNAL	M5	106.032	0.0	106.056	0.084
o_addr[2192]	OUTPUT	SIGNAL	M5	107.088	0.0	107.112	0.084
o_addr[2193]	OUTPUT	SIGNAL	M5	106.896	0.0	106.92	0.084
o_addr[2194]	OUTPUT	SIGNAL	M5	108.24	0.0	108.264	0.084
o_addr[2195]	OUTPUT	SIGNAL	M5	108.576	0.0	108.6	0.084
o_addr[2196]	OUTPUT	SIGNAL	M5	108.192	0.0	108.216	0.084
o_addr[2197]	OUTPUT	SIGNAL	M5	106.608	0.0	106.632	0.084
o_addr[2198]	OUTPUT	SIGNAL	M5	108.144	0.0	108.168	0.084
o_addr[2199]	OUTPUT	SIGNAL	M5	109.536	0.0	109.56	0.084
o_addr[219]	OUTPUT	SIGNAL	M4	0.0	187.824	0.084	187.848
o_addr[21]	OUTPUT	SIGNAL	M4	335.529	146.112	335.613	146.136
o_addr[2200]	OUTPUT	SIGNAL	M5	125.088	0.0	125.112	0.084
o_addr[2201]	OUTPUT	SIGNAL	M5	125.04	0.0	125.064	0.084
o_addr[2202]	OUTPUT	SIGNAL	M5	124.464	0.0	124.488	0.084
o_addr[2203]	OUTPUT	SIGNAL	M5	110.448	0.0	110.472	0.084
o_addr[2204]	OUTPUT	SIGNAL	M5	121.104	0.0	121.128	0.084
o_addr[2205]	OUTPUT	SIGNAL	M5	124.512	0.0	124.536	0.084
o_addr[2206]	OUTPUT	SIGNAL	M5	114.48	0.0	114.504	0.084
o_addr[2207]	OUTPUT	SIGNAL	M5	120.864	0.0	120.888	0.084
o_addr[2208]	OUTPUT	SIGNAL	M4	0.0	239.232	0.084	239.256
o_addr[2209]	OUTPUT	SIGNAL	M4	0.0	237.408	0.084	237.432
o_addr[220]	OUTPUT	SIGNAL	M4	0.0	186.528	0.084	186.552
o_addr[2210]	OUTPUT	SIGNAL	M4	0.0	237.168	0.084	237.192
o_addr[2211]	OUTPUT	SIGNAL	M4	0.0	239.76	0.084	239.784
o_addr[2212]	OUTPUT	SIGNAL	M4	0.0	235.248	0.084	235.272
o_addr[2213]	OUTPUT	SIGNAL	M4	0.0	235.872	0.084	235.896
o_addr[2214]	OUTPUT	SIGNAL	M4	0.0	234.72	0.084	234.744
o_addr[2215]	OUTPUT	SIGNAL	M4	0.0	232.848	0.084	232.872
o_addr[2216]	OUTPUT	SIGNAL	M4	0.0	233.136	0.084	233.16
o_addr[2217]	OUTPUT	SIGNAL	M4	0.0	235.824	0.084	235.848
o_addr[2218]	OUTPUT	SIGNAL	M4	0.0	233.328	0.084	233.352
o_addr[2219]	OUTPUT	SIGNAL	M4	0.0	232.944	0.084	232.968
o_addr[221]	OUTPUT	SIGNAL	M4	0.0	189.072	0.084	189.096
o_addr[2220]	OUTPUT	SIGNAL	M4	0.0	232.896	0.084	232.92
o_addr[2221]	OUTPUT	SIGNAL	M4	0.0	233.232	0.084	233.256
o_addr[2222]	OUTPUT	SIGNAL	M4	0.0	234.432	0.084	234.456
o_addr[2223]	OUTPUT	SIGNAL	M4	0.0	241.056	0.084	241.08
o_addr[2224]	OUTPUT	SIGNAL	M4	0.0	242.208	0.084	242.232
o_addr[2225]	OUTPUT	SIGNAL	M4	0.0	238.56	0.084	238.584
o_addr[2226]	OUTPUT	SIGNAL	M4	0.0	237.888	0.084	237.912
o_addr[2227]	OUTPUT	SIGNAL	M4	0.0	239.616	0.084	239.64
o_addr[2228]	OUTPUT	SIGNAL	M4	0.0	237.792	0.084	237.816
o_addr[2229]	OUTPUT	SIGNAL	M4	0.0	241.632	0.084	241.656
o_addr[222]	OUTPUT	SIGNAL	M4	0.0	188.208	0.084	188.232
o_addr[2230]	OUTPUT	SIGNAL	M4	0.0	239.952	0.084	239.976
o_addr[2231]	OUTPUT	SIGNAL	M4	0.0	242.64	0.084	242.664
o_addr[2232]	OUTPUT	SIGNAL	M4	0.0	240.288	0.084	240.312
o_addr[2233]	OUTPUT	SIGNAL	M4	0.0	238.032	0.084	238.056
o_addr[2234]	OUTPUT	SIGNAL	M4	0.0	239.28	0.084	239.304
o_addr[2235]	OUTPUT	SIGNAL	M4	0.0	241.392	0.084	241.416
o_addr[2236]	OUTPUT	SIGNAL	M4	0.0	233.952	0.084	233.976
o_addr[2237]	OUTPUT	SIGNAL	M4	0.0	235.152	0.084	235.176
o_addr[2238]	OUTPUT	SIGNAL	M4	0.0	234.384	0.084	234.408
o_addr[2239]	OUTPUT	SIGNAL	M4	0.0	233.184	0.084	233.208
o_addr[223]	OUTPUT	SIGNAL	M4	0.0	189.024	0.084	189.048
o_addr[2240]	OUTPUT	SIGNAL	M4	0.0	227.184	0.084	227.208
o_addr[2241]	OUTPUT	SIGNAL	M4	0.0	226.896	0.084	226.92
o_addr[2242]	OUTPUT	SIGNAL	M4	0.0	224.928	0.084	224.952
o_addr[2243]	OUTPUT	SIGNAL	M4	0.0	228.816	0.084	228.84
o_addr[2244]	OUTPUT	SIGNAL	M4	0.0	227.568	0.084	227.592
o_addr[2245]	OUTPUT	SIGNAL	M4	0.0	228.528	0.084	228.552
o_addr[2246]	OUTPUT	SIGNAL	M4	0.0	227.136	0.084	227.16
o_addr[2247]	OUTPUT	SIGNAL	M4	0.0	240.912	0.084	240.936
o_addr[2248]	OUTPUT	SIGNAL	M4	0.0	241.104	0.084	241.128
o_addr[2249]	OUTPUT	SIGNAL	M4	0.0	238.896	0.084	238.92
o_addr[224]	OUTPUT	SIGNAL	M4	0.0	190.752	0.084	190.776
o_addr[2250]	OUTPUT	SIGNAL	M4	0.0	238.944	0.084	238.968
o_addr[2251]	OUTPUT	SIGNAL	M4	0.0	239.664	0.084	239.688
o_addr[2252]	OUTPUT	SIGNAL	M4	0.0	239.424	0.084	239.448
o_addr[2253]	OUTPUT	SIGNAL	M4	0.0	240.672	0.084	240.696
o_addr[2254]	OUTPUT	SIGNAL	M4	0.0	240.192	0.084	240.216
o_addr[2255]	OUTPUT	SIGNAL	M4	0.0	241.344	0.084	241.368
o_addr[2256]	OUTPUT	SIGNAL	M5	135.264	0.0	135.288	0.084
o_addr[2257]	OUTPUT	SIGNAL	M5	135.216	0.0	135.24	0.084
o_addr[2258]	OUTPUT	SIGNAL	M5	142.464	0.0	142.488	0.084
o_addr[2259]	OUTPUT	SIGNAL	M5	147.264	0.0	147.288	0.084
o_addr[225]	OUTPUT	SIGNAL	M4	0.0	190.176	0.084	190.2
o_addr[2260]	OUTPUT	SIGNAL	M5	143.424	0.0	143.448	0.084
o_addr[2261]	OUTPUT	SIGNAL	M5	148.224	0.0	148.248	0.084
o_addr[2262]	OUTPUT	SIGNAL	M5	145.44	0.0	145.464	0.084
o_addr[2263]	OUTPUT	SIGNAL	M5	140.592	0.0	140.616	0.084
o_addr[2264]	OUTPUT	SIGNAL	M5	136.752	0.0	136.776	0.084
o_addr[2265]	OUTPUT	SIGNAL	M5	141.984	0.0	142.008	0.084
o_addr[2266]	OUTPUT	SIGNAL	M5	141.696	0.0	141.72	0.084
o_addr[2267]	OUTPUT	SIGNAL	M5	137.808	0.0	137.832	0.084
o_addr[2268]	OUTPUT	SIGNAL	M5	135.936	0.0	135.96	0.084
o_addr[2269]	OUTPUT	SIGNAL	M5	137.616	0.0	137.64	0.084
o_addr[226]	OUTPUT	SIGNAL	M4	0.0	188.304	0.084	188.328
o_addr[2270]	OUTPUT	SIGNAL	M5	136.032	0.0	136.056	0.084
o_addr[2271]	OUTPUT	SIGNAL	M5	136.272	0.0	136.296	0.084
o_addr[2272]	OUTPUT	SIGNAL	M5	135.168	0.0	135.192	0.084
o_addr[2273]	OUTPUT	SIGNAL	M5	137.328	0.0	137.352	0.084
o_addr[2274]	OUTPUT	SIGNAL	M5	135.12	0.0	135.144	0.084
o_addr[2275]	OUTPUT	SIGNAL	M5	124.8	0.0	124.824	0.084
o_addr[2276]	OUTPUT	SIGNAL	M5	124.656	0.0	124.68	0.084
o_addr[2277]	OUTPUT	SIGNAL	M5	124.56	0.0	124.584	0.084
o_addr[2278]	OUTPUT	SIGNAL	M5	146.256	0.0	146.28	0.084
o_addr[2279]	OUTPUT	SIGNAL	M5	146.016	0.0	146.04	0.084
o_addr[227]	OUTPUT	SIGNAL	M4	0.0	188.544	0.084	188.568
o_addr[2280]	OUTPUT	SIGNAL	M5	124.896	0.0	124.92	0.084
o_addr[2281]	OUTPUT	SIGNAL	M5	145.344	0.0	145.368	0.084
o_addr[2282]	OUTPUT	SIGNAL	M5	124.848	0.0	124.872	0.084
o_addr[2283]	OUTPUT	SIGNAL	M5	147.744	0.0	147.768	0.084
o_addr[2284]	OUTPUT	SIGNAL	M5	145.632	0.0	145.656	0.084
o_addr[2285]	OUTPUT	SIGNAL	M5	147.312	0.0	147.336	0.084
o_addr[2286]	OUTPUT	SIGNAL	M5	144.816	0.0	144.84	0.084
o_addr[2287]	OUTPUT	SIGNAL	M5	145.008	0.0	145.032	0.084
o_addr[2288]	OUTPUT	SIGNAL	M5	145.488	0.0	145.512	0.084
o_addr[2289]	OUTPUT	SIGNAL	M5	145.92	0.0	145.944	0.084
o_addr[228]	OUTPUT	SIGNAL	M4	0.0	200.736	0.084	200.76
o_addr[2290]	OUTPUT	SIGNAL	M5	145.872	0.0	145.896	0.084
o_addr[2291]	OUTPUT	SIGNAL	M5	145.68	0.0	145.704	0.084
o_addr[2292]	OUTPUT	SIGNAL	M5	145.968	0.0	145.992	0.084
o_addr[2293]	OUTPUT	SIGNAL	M5	144.864	0.0	144.888	0.084
o_addr[2294]	OUTPUT	SIGNAL	M5	145.728	0.0	145.752	0.084
o_addr[2295]	OUTPUT	SIGNAL	M5	144.768	0.0	144.792	0.084
o_addr[2296]	OUTPUT	SIGNAL	M5	145.776	0.0	145.8	0.084
o_addr[2297]	OUTPUT	SIGNAL	M5	145.104	0.0	145.128	0.084
o_addr[2298]	OUTPUT	SIGNAL	M5	124.704	0.0	124.728	0.084
o_addr[2299]	OUTPUT	SIGNAL	M5	124.752	0.0	124.776	0.084
o_addr[229]	OUTPUT	SIGNAL	M4	0.0	190.368	0.084	190.392
o_addr[22]	OUTPUT	SIGNAL	M4	335.529	146.688	335.613	146.712
o_addr[2300]	OUTPUT	SIGNAL	M5	124.608	0.0	124.632	0.084
o_addr[2301]	OUTPUT	SIGNAL	M5	124.416	0.0	124.44	0.084
o_addr[2302]	OUTPUT	SIGNAL	M5	144.912	0.0	144.936	0.084
o_addr[2303]	OUTPUT	SIGNAL	M5	144.72	0.0	144.744	0.084
o_addr[2304]	OUTPUT	SIGNAL	M5	88.704	0.0	88.728	0.084
o_addr[2305]	OUTPUT	SIGNAL	M5	86.304	0.0	86.328	0.084
o_addr[2306]	OUTPUT	SIGNAL	M5	79.872	0.0	79.896	0.084
o_addr[2307]	OUTPUT	SIGNAL	M5	89.52	0.0	89.544	0.084
o_addr[2308]	OUTPUT	SIGNAL	M5	86.784	0.0	86.808	0.084
o_addr[2309]	OUTPUT	SIGNAL	M5	92.688	0.0	92.712	0.084
o_addr[230]	OUTPUT	SIGNAL	M4	0.0	188.976	0.084	189.0
o_addr[2310]	OUTPUT	SIGNAL	M5	92.16	0.0	92.184	0.084
o_addr[2311]	OUTPUT	SIGNAL	M5	93.888	0.0	93.912	0.084
o_addr[2312]	OUTPUT	SIGNAL	M5	86.832	0.0	86.856	0.084
o_addr[2313]	OUTPUT	SIGNAL	M5	89.184	0.0	89.208	0.084
o_addr[2314]	OUTPUT	SIGNAL	M5	93.984	0.0	94.008	0.084
o_addr[2315]	OUTPUT	SIGNAL	M5	88.464	0.0	88.488	0.084
o_addr[2316]	OUTPUT	SIGNAL	M5	92.016	0.0	92.04	0.084
o_addr[2317]	OUTPUT	SIGNAL	M5	88.272	0.0	88.296	0.084
o_addr[2318]	OUTPUT	SIGNAL	M5	93.648	0.0	93.672	0.084
o_addr[2319]	OUTPUT	SIGNAL	M5	86.88	0.0	86.904	0.084
o_addr[231]	OUTPUT	SIGNAL	M4	0.0	189.552	0.084	189.576
o_addr[2320]	OUTPUT	SIGNAL	M5	86.352	0.0	86.376	0.084
o_addr[2321]	OUTPUT	SIGNAL	M5	90.816	0.0	90.84	0.084
o_addr[2322]	OUTPUT	SIGNAL	M5	92.736	0.0	92.76	0.084
o_addr[2323]	OUTPUT	SIGNAL	M5	95.088	0.0	95.112	0.084
o_addr[2324]	OUTPUT	SIGNAL	M5	88.608	0.0	88.632	0.084
o_addr[2325]	OUTPUT	SIGNAL	M5	95.28	0.0	95.304	0.084
o_addr[2326]	OUTPUT	SIGNAL	M5	91.248	0.0	91.272	0.084
o_addr[2327]	OUTPUT	SIGNAL	M5	95.328	0.0	95.352	0.084
o_addr[2328]	OUTPUT	SIGNAL	M5	88.944	0.0	88.968	0.084
o_addr[2329]	OUTPUT	SIGNAL	M5	86.976	0.0	87.0	0.084
o_addr[232]	OUTPUT	SIGNAL	M4	0.0	188.064	0.084	188.088
o_addr[2330]	OUTPUT	SIGNAL	M5	81.408	0.0	81.432	0.084
o_addr[2331]	OUTPUT	SIGNAL	M5	88.992	0.0	89.016	0.084
o_addr[2332]	OUTPUT	SIGNAL	M5	86.928	0.0	86.952	0.084
o_addr[2333]	OUTPUT	SIGNAL	M5	94.032	0.0	94.056	0.084
o_addr[2334]	OUTPUT	SIGNAL	M5	91.44	0.0	91.464	0.084
o_addr[2335]	OUTPUT	SIGNAL	M5	94.08	0.0	94.104	0.084
o_addr[2336]	OUTPUT	SIGNAL	M5	88.416	0.0	88.44	0.084
o_addr[2337]	OUTPUT	SIGNAL	M5	88.896	0.0	88.92	0.084
o_addr[2338]	OUTPUT	SIGNAL	M5	93.168	0.0	93.192	0.084
o_addr[2339]	OUTPUT	SIGNAL	M5	89.472	0.0	89.496	0.084
o_addr[233]	OUTPUT	SIGNAL	M4	0.0	188.256	0.084	188.28
o_addr[2340]	OUTPUT	SIGNAL	M5	91.92	0.0	91.944	0.084
o_addr[2341]	OUTPUT	SIGNAL	M5	88.128	0.0	88.152	0.084
o_addr[2342]	OUTPUT	SIGNAL	M5	94.416	0.0	94.44	0.084
o_addr[2343]	OUTPUT	SIGNAL	M5	93.072	0.0	93.096	0.084
o_addr[2344]	OUTPUT	SIGNAL	M5	89.76	0.0	89.784	0.084
o_addr[2345]	OUTPUT	SIGNAL	M5	90.72	0.0	90.744	0.084
o_addr[2346]	OUTPUT	SIGNAL	M5	94.512	0.0	94.536	0.084
o_addr[2347]	OUTPUT	SIGNAL	M5	96.432	0.0	96.456	0.084
o_addr[2348]	OUTPUT	SIGNAL	M5	91.104	0.0	91.128	0.084
o_addr[2349]	OUTPUT	SIGNAL	M5	95.712	0.0	95.736	0.084
o_addr[234]	OUTPUT	SIGNAL	M4	0.0	186.624	0.084	186.648
o_addr[2350]	OUTPUT	SIGNAL	M5	93.024	0.0	93.048	0.084
o_addr[2351]	OUTPUT	SIGNAL	M5	95.568	0.0	95.592	0.084
o_addr[2352]	OUTPUT	SIGNAL	M4	0.0	218.304	0.084	218.328
o_addr[2353]	OUTPUT	SIGNAL	M4	0.0	224.208	0.084	224.232
o_addr[2354]	OUTPUT	SIGNAL	M4	0.0	225.072	0.084	225.096
o_addr[2355]	OUTPUT	SIGNAL	M4	0.0	223.44	0.084	223.464
o_addr[2356]	OUTPUT	SIGNAL	M4	0.0	225.984	0.084	226.008
o_addr[2357]	OUTPUT	SIGNAL	M4	0.0	236.4	0.084	236.424
o_addr[2358]	OUTPUT	SIGNAL	M4	0.0	234.48	0.084	234.504
o_addr[2359]	OUTPUT	SIGNAL	M4	0.0	237.12	0.084	237.144
o_addr[235]	OUTPUT	SIGNAL	M4	0.0	185.904	0.084	185.928
o_addr[2360]	OUTPUT	SIGNAL	M4	0.0	237.36	0.084	237.384
o_addr[2361]	OUTPUT	SIGNAL	M5	100.032	335.529	100.056	335.613
o_addr[2362]	OUTPUT	SIGNAL	M5	104.112	335.529	104.136	335.613
o_addr[2363]	OUTPUT	SIGNAL	M5	102.144	335.529	102.168	335.613
o_addr[2364]	OUTPUT	SIGNAL	M5	106.416	335.529	106.44	335.613
o_addr[2365]	OUTPUT	SIGNAL	M5	108.048	335.529	108.072	335.613
o_addr[2366]	OUTPUT	SIGNAL	M5	108.192	335.529	108.216	335.613
o_addr[2367]	OUTPUT	SIGNAL	M5	108.096	335.529	108.12	335.613
o_addr[2368]	OUTPUT	SIGNAL	M5	107.328	335.529	107.352	335.613
o_addr[2369]	OUTPUT	SIGNAL	M5	109.488	335.529	109.512	335.613
o_addr[236]	OUTPUT	SIGNAL	M4	0.0	200.64	0.084	200.664
o_addr[2370]	OUTPUT	SIGNAL	M5	109.248	335.529	109.272	335.613
o_addr[2371]	OUTPUT	SIGNAL	M5	109.584	335.529	109.608	335.613
o_addr[2372]	OUTPUT	SIGNAL	M5	110.304	335.529	110.328	335.613
o_addr[2373]	OUTPUT	SIGNAL	M4	0.0	224.16	0.084	224.184
o_addr[2374]	OUTPUT	SIGNAL	M4	0.0	228.144	0.084	228.168
o_addr[2375]	OUTPUT	SIGNAL	M5	100.608	335.529	100.632	335.613
o_addr[2376]	OUTPUT	SIGNAL	M4	0.0	218.352	0.084	218.376
o_addr[2377]	OUTPUT	SIGNAL	M4	0.0	219.936	0.084	219.96
o_addr[2378]	OUTPUT	SIGNAL	M4	0.0	223.536	0.084	223.56
o_addr[2379]	OUTPUT	SIGNAL	M4	0.0	224.112	0.084	224.136
o_addr[237]	OUTPUT	SIGNAL	M4	0.0	186.816	0.084	186.84
o_addr[2380]	OUTPUT	SIGNAL	M4	0.0	224.352	0.084	224.376
o_addr[2381]	OUTPUT	SIGNAL	M4	0.0	235.44	0.084	235.464
o_addr[2382]	OUTPUT	SIGNAL	M4	0.0	233.664	0.084	233.688
o_addr[2383]	OUTPUT	SIGNAL	M4	0.0	237.312	0.084	237.336
o_addr[2384]	OUTPUT	SIGNAL	M4	0.0	238.272	0.084	238.296
o_addr[2385]	OUTPUT	SIGNAL	M5	99.984	335.529	100.008	335.613
o_addr[2386]	OUTPUT	SIGNAL	M5	104.976	335.529	105.0	335.613
o_addr[2387]	OUTPUT	SIGNAL	M5	102.96	335.529	102.984	335.613
o_addr[2388]	OUTPUT	SIGNAL	M5	106.464	335.529	106.488	335.613
o_addr[2389]	OUTPUT	SIGNAL	M5	108.288	335.529	108.312	335.613
o_addr[238]	OUTPUT	SIGNAL	M4	0.0	200.592	0.084	200.616
o_addr[2390]	OUTPUT	SIGNAL	M5	108.528	335.529	108.552	335.613
o_addr[2391]	OUTPUT	SIGNAL	M5	108.24	335.529	108.264	335.613
o_addr[2392]	OUTPUT	SIGNAL	M5	109.92	335.529	109.944	335.613
o_addr[2393]	OUTPUT	SIGNAL	M5	109.536	335.529	109.56	335.613
o_addr[2394]	OUTPUT	SIGNAL	M5	109.632	335.529	109.656	335.613
o_addr[2395]	OUTPUT	SIGNAL	M5	110.256	335.529	110.28	335.613
o_addr[2396]	OUTPUT	SIGNAL	M5	110.016	335.529	110.04	335.613
o_addr[2397]	OUTPUT	SIGNAL	M4	0.0	224.544	0.084	224.568
o_addr[2398]	OUTPUT	SIGNAL	M4	0.0	224.496	0.084	224.52
o_addr[2399]	OUTPUT	SIGNAL	M5	101.472	335.529	101.496	335.613
o_addr[239]	OUTPUT	SIGNAL	M4	0.0	188.16	0.084	188.184
o_addr[23]	OUTPUT	SIGNAL	M4	335.529	142.176	335.613	142.2
o_addr[2400]	OUTPUT	SIGNAL	M5	45.744	0.0	45.768	0.084
o_addr[2401]	OUTPUT	SIGNAL	M5	41.712	0.0	41.736	0.084
o_addr[2402]	OUTPUT	SIGNAL	M5	43.728	0.0	43.752	0.084
o_addr[2403]	OUTPUT	SIGNAL	M5	44.688	0.0	44.712	0.084
o_addr[2404]	OUTPUT	SIGNAL	M5	41.856	0.0	41.88	0.084
o_addr[2405]	OUTPUT	SIGNAL	M5	44.784	0.0	44.808	0.084
o_addr[2406]	OUTPUT	SIGNAL	M5	46.416	0.0	46.44	0.084
o_addr[2407]	OUTPUT	SIGNAL	M5	46.56	0.0	46.584	0.084
o_addr[2408]	OUTPUT	SIGNAL	M5	46.752	0.0	46.776	0.084
o_addr[2409]	OUTPUT	SIGNAL	M5	47.328	0.0	47.352	0.084
o_addr[240]	OUTPUT	SIGNAL	M4	0.0	203.664	0.084	203.688
o_addr[2410]	OUTPUT	SIGNAL	M5	45.888	0.0	45.912	0.084
o_addr[2411]	OUTPUT	SIGNAL	M5	45.936	0.0	45.96	0.084
o_addr[2412]	OUTPUT	SIGNAL	M5	47.568	0.0	47.592	0.084
o_addr[2413]	OUTPUT	SIGNAL	M5	46.848	0.0	46.872	0.084
o_addr[2414]	OUTPUT	SIGNAL	M5	46.032	0.0	46.056	0.084
o_addr[2415]	OUTPUT	SIGNAL	M5	47.184	0.0	47.208	0.084
o_addr[2416]	OUTPUT	SIGNAL	M5	44.496	0.0	44.52	0.084
o_addr[2417]	OUTPUT	SIGNAL	M5	39.744	0.0	39.768	0.084
o_addr[2418]	OUTPUT	SIGNAL	M5	41.664	0.0	41.688	0.084
o_addr[2419]	OUTPUT	SIGNAL	M5	38.928	0.0	38.952	0.084
o_addr[241]	OUTPUT	SIGNAL	M4	0.0	205.872	0.084	205.896
o_addr[2420]	OUTPUT	SIGNAL	M5	38.832	0.0	38.856	0.084
o_addr[2421]	OUTPUT	SIGNAL	M5	41.424	0.0	41.448	0.084
o_addr[2422]	OUTPUT	SIGNAL	M5	40.992	0.0	41.016	0.084
o_addr[2423]	OUTPUT	SIGNAL	M5	45.6	0.0	45.624	0.084
o_addr[2424]	OUTPUT	SIGNAL	M5	45.792	0.0	45.816	0.084
o_addr[2425]	OUTPUT	SIGNAL	M5	42.0	0.0	42.024	0.084
o_addr[2426]	OUTPUT	SIGNAL	M5	43.68	0.0	43.704	0.084
o_addr[2427]	OUTPUT	SIGNAL	M5	44.736	0.0	44.76	0.084
o_addr[2428]	OUTPUT	SIGNAL	M5	42.432	0.0	42.456	0.084
o_addr[2429]	OUTPUT	SIGNAL	M5	44.88	0.0	44.904	0.084
o_addr[242]	OUTPUT	SIGNAL	M4	0.0	206.16	0.084	206.184
o_addr[2430]	OUTPUT	SIGNAL	M5	44.4	0.0	44.424	0.084
o_addr[2431]	OUTPUT	SIGNAL	M5	45.696	0.0	45.72	0.084
o_addr[2432]	OUTPUT	SIGNAL	M5	45.312	0.0	45.336	0.084
o_addr[2433]	OUTPUT	SIGNAL	M5	47.088	0.0	47.112	0.084
o_addr[2434]	OUTPUT	SIGNAL	M5	45.648	0.0	45.672	0.084
o_addr[2435]	OUTPUT	SIGNAL	M5	46.224	0.0	46.248	0.084
o_addr[2436]	OUTPUT	SIGNAL	M5	47.472	0.0	47.496	0.084
o_addr[2437]	OUTPUT	SIGNAL	M5	47.28	0.0	47.304	0.084
o_addr[2438]	OUTPUT	SIGNAL	M5	46.128	0.0	46.152	0.084
o_addr[2439]	OUTPUT	SIGNAL	M5	47.232	0.0	47.256	0.084
o_addr[243]	OUTPUT	SIGNAL	M4	0.0	207.456	0.084	207.48
o_addr[2440]	OUTPUT	SIGNAL	M5	45.024	0.0	45.048	0.084
o_addr[2441]	OUTPUT	SIGNAL	M5	40.656	0.0	40.68	0.084
o_addr[2442]	OUTPUT	SIGNAL	M5	42.912	0.0	42.936	0.084
o_addr[2443]	OUTPUT	SIGNAL	M5	43.968	0.0	43.992	0.084
o_addr[2444]	OUTPUT	SIGNAL	M5	43.056	0.0	43.08	0.084
o_addr[2445]	OUTPUT	SIGNAL	M5	42.96	0.0	42.984	0.084
o_addr[2446]	OUTPUT	SIGNAL	M5	42.816	0.0	42.84	0.084
o_addr[2447]	OUTPUT	SIGNAL	M5	46.176	0.0	46.2	0.084
o_addr[2448]	OUTPUT	SIGNAL	M4	0.0	269.616	0.084	269.64
o_addr[2449]	OUTPUT	SIGNAL	M4	0.0	268.272	0.084	268.296
o_addr[244]	OUTPUT	SIGNAL	M4	0.0	204.96	0.084	204.984
o_addr[2450]	OUTPUT	SIGNAL	M4	0.0	270.48	0.084	270.504
o_addr[2451]	OUTPUT	SIGNAL	M4	0.0	265.824	0.084	265.848
o_addr[2452]	OUTPUT	SIGNAL	M4	0.0	262.896	0.084	262.92
o_addr[2453]	OUTPUT	SIGNAL	M4	0.0	266.304	0.084	266.328
o_addr[2454]	OUTPUT	SIGNAL	M4	0.0	265.584	0.084	265.608
o_addr[2455]	OUTPUT	SIGNAL	M4	0.0	263.088	0.084	263.112
o_addr[2456]	OUTPUT	SIGNAL	M4	0.0	264.192	0.084	264.216
o_addr[2457]	OUTPUT	SIGNAL	M4	0.0	268.368	0.084	268.392
o_addr[2458]	OUTPUT	SIGNAL	M4	0.0	274.752	0.084	274.776
o_addr[2459]	OUTPUT	SIGNAL	M4	0.0	273.84	0.084	273.864
o_addr[245]	OUTPUT	SIGNAL	M4	0.0	218.928	0.084	218.952
o_addr[2460]	OUTPUT	SIGNAL	M4	0.0	273.072	0.084	273.096
o_addr[2461]	OUTPUT	SIGNAL	M4	0.0	275.328	0.084	275.352
o_addr[2462]	OUTPUT	SIGNAL	M4	0.0	272.496	0.084	272.52
o_addr[2463]	OUTPUT	SIGNAL	M4	0.0	271.392	0.084	271.416
o_addr[2464]	OUTPUT	SIGNAL	M4	0.0	264.336	0.084	264.36
o_addr[2465]	OUTPUT	SIGNAL	M4	0.0	264.912	0.084	264.936
o_addr[2466]	OUTPUT	SIGNAL	M4	0.0	261.408	0.084	261.432
o_addr[2467]	OUTPUT	SIGNAL	M4	0.0	261.312	0.084	261.336
o_addr[2468]	OUTPUT	SIGNAL	M4	0.0	261.504	0.084	261.528
o_addr[2469]	OUTPUT	SIGNAL	M4	0.0	264.24	0.084	264.264
o_addr[246]	OUTPUT	SIGNAL	M4	0.0	213.504	0.084	213.528
o_addr[2470]	OUTPUT	SIGNAL	M4	0.0	263.472	0.084	263.496
o_addr[2471]	OUTPUT	SIGNAL	M4	0.0	262.176	0.084	262.2
o_addr[2472]	OUTPUT	SIGNAL	M4	0.0	268.848	0.084	268.872
o_addr[2473]	OUTPUT	SIGNAL	M4	0.0	267.024	0.084	267.048
o_addr[2474]	OUTPUT	SIGNAL	M4	0.0	266.4	0.084	266.424
o_addr[2475]	OUTPUT	SIGNAL	M4	0.0	265.056	0.084	265.08
o_addr[2476]	OUTPUT	SIGNAL	M4	0.0	262.272	0.084	262.296
o_addr[2477]	OUTPUT	SIGNAL	M4	0.0	265.248	0.084	265.272
o_addr[2478]	OUTPUT	SIGNAL	M4	0.0	264.288	0.084	264.312
o_addr[2479]	OUTPUT	SIGNAL	M4	0.0	263.232	0.084	263.256
o_addr[247]	OUTPUT	SIGNAL	M4	0.0	219.12	0.084	219.144
o_addr[2480]	OUTPUT	SIGNAL	M4	0.0	265.872	0.084	265.896
o_addr[2481]	OUTPUT	SIGNAL	M4	0.0	267.552	0.084	267.576
o_addr[2482]	OUTPUT	SIGNAL	M4	0.0	269.184	0.084	269.208
o_addr[2483]	OUTPUT	SIGNAL	M4	0.0	270.24	0.084	270.264
o_addr[2484]	OUTPUT	SIGNAL	M4	0.0	268.128	0.084	268.152
o_addr[2485]	OUTPUT	SIGNAL	M4	0.0	269.232	0.084	269.256
o_addr[2486]	OUTPUT	SIGNAL	M4	0.0	266.736	0.084	266.76
o_addr[2487]	OUTPUT	SIGNAL	M4	0.0	269.904	0.084	269.928
o_addr[2488]	OUTPUT	SIGNAL	M4	0.0	265.008	0.084	265.032
o_addr[2489]	OUTPUT	SIGNAL	M4	0.0	262.416	0.084	262.44
o_addr[248]	OUTPUT	SIGNAL	M4	0.0	212.256	0.084	212.28
o_addr[2490]	OUTPUT	SIGNAL	M4	0.0	262.32	0.084	262.344
o_addr[2491]	OUTPUT	SIGNAL	M4	0.0	264.048	0.084	264.072
o_addr[2492]	OUTPUT	SIGNAL	M4	0.0	262.56	0.084	262.584
o_addr[2493]	OUTPUT	SIGNAL	M4	0.0	264.0	0.084	264.024
o_addr[2494]	OUTPUT	SIGNAL	M4	0.0	263.952	0.084	263.976
o_addr[2495]	OUTPUT	SIGNAL	M4	0.0	262.032	0.084	262.056
o_addr[2496]	OUTPUT	SIGNAL	M5	88.8	0.0	88.824	0.084
o_addr[2497]	OUTPUT	SIGNAL	M5	92.208	0.0	92.232	0.084
o_addr[2498]	OUTPUT	SIGNAL	M5	90.0	0.0	90.024	0.084
o_addr[2499]	OUTPUT	SIGNAL	M5	89.808	0.0	89.832	0.084
o_addr[249]	OUTPUT	SIGNAL	M4	0.0	216.72	0.084	216.744
o_addr[24]	OUTPUT	SIGNAL	M4	335.529	140.928	335.613	140.952
o_addr[2500]	OUTPUT	SIGNAL	M5	90.24	0.0	90.264	0.084
o_addr[2501]	OUTPUT	SIGNAL	M5	91.296	0.0	91.32	0.084
o_addr[2502]	OUTPUT	SIGNAL	M5	91.344	0.0	91.368	0.084
o_addr[2503]	OUTPUT	SIGNAL	M5	86.4	0.0	86.424	0.084
o_addr[2504]	OUTPUT	SIGNAL	M5	88.752	0.0	88.776	0.084
o_addr[2505]	OUTPUT	SIGNAL	M5	83.616	0.0	83.64	0.084
o_addr[2506]	OUTPUT	SIGNAL	M5	87.504	0.0	87.528	0.084
o_addr[2507]	OUTPUT	SIGNAL	M5	82.08	0.0	82.104	0.084
o_addr[2508]	OUTPUT	SIGNAL	M5	88.08	0.0	88.104	0.084
o_addr[2509]	OUTPUT	SIGNAL	M5	83.712	0.0	83.736	0.084
o_addr[250]	OUTPUT	SIGNAL	M4	0.0	205.488	0.084	205.512
o_addr[2510]	OUTPUT	SIGNAL	M5	78.384	0.0	78.408	0.084
o_addr[2511]	OUTPUT	SIGNAL	M5	80.784	0.0	80.808	0.084
o_addr[2512]	OUTPUT	SIGNAL	M5	85.104	0.0	85.128	0.084
o_addr[2513]	OUTPUT	SIGNAL	M5	70.032	0.0	70.056	0.084
o_addr[2514]	OUTPUT	SIGNAL	M5	70.752	0.0	70.776	0.084
o_addr[2515]	OUTPUT	SIGNAL	M5	69.84	0.0	69.864	0.084
o_addr[2516]	OUTPUT	SIGNAL	M5	71.616	0.0	71.64	0.084
o_addr[2517]	OUTPUT	SIGNAL	M5	77.136	0.0	77.16	0.084
o_addr[2518]	OUTPUT	SIGNAL	M5	73.2	0.0	73.224	0.084
o_addr[2519]	OUTPUT	SIGNAL	M5	75.312	0.0	75.336	0.084
o_addr[251]	OUTPUT	SIGNAL	M4	0.0	203.808	0.084	203.832
o_addr[2520]	OUTPUT	SIGNAL	M5	90.336	0.0	90.36	0.084
o_addr[2521]	OUTPUT	SIGNAL	M5	92.112	0.0	92.136	0.084
o_addr[2522]	OUTPUT	SIGNAL	M5	90.096	0.0	90.12	0.084
o_addr[2523]	OUTPUT	SIGNAL	M5	91.488	0.0	91.512	0.084
o_addr[2524]	OUTPUT	SIGNAL	M5	87.024	0.0	87.048	0.084
o_addr[2525]	OUTPUT	SIGNAL	M5	86.592	0.0	86.616	0.084
o_addr[2526]	OUTPUT	SIGNAL	M5	96.768	0.0	96.792	0.084
o_addr[2527]	OUTPUT	SIGNAL	M5	87.072	0.0	87.096	0.084
o_addr[2528]	OUTPUT	SIGNAL	M5	86.64	0.0	86.664	0.084
o_addr[2529]	OUTPUT	SIGNAL	M5	86.448	0.0	86.472	0.084
o_addr[252]	OUTPUT	SIGNAL	M4	0.0	206.592	0.084	206.616
o_addr[2530]	OUTPUT	SIGNAL	M5	86.688	0.0	86.712	0.084
o_addr[2531]	OUTPUT	SIGNAL	M5	82.608	0.0	82.632	0.084
o_addr[2532]	OUTPUT	SIGNAL	M5	86.736	0.0	86.76	0.084
o_addr[2533]	OUTPUT	SIGNAL	M5	84.768	0.0	84.792	0.084
o_addr[2534]	OUTPUT	SIGNAL	M5	79.584	0.0	79.608	0.084
o_addr[2535]	OUTPUT	SIGNAL	M5	81.024	0.0	81.048	0.084
o_addr[2536]	OUTPUT	SIGNAL	M5	83.856	0.0	83.88	0.084
o_addr[2537]	OUTPUT	SIGNAL	M5	71.424	0.0	71.448	0.084
o_addr[2538]	OUTPUT	SIGNAL	M5	71.76	0.0	71.784	0.084
o_addr[2539]	OUTPUT	SIGNAL	M5	71.856	0.0	71.88	0.084
o_addr[253]	OUTPUT	SIGNAL	M4	0.0	204.048	0.084	204.072
o_addr[2540]	OUTPUT	SIGNAL	M5	73.104	0.0	73.128	0.084
o_addr[2541]	OUTPUT	SIGNAL	M5	78.0	0.0	78.024	0.084
o_addr[2542]	OUTPUT	SIGNAL	M5	78.144	0.0	78.168	0.084
o_addr[2543]	OUTPUT	SIGNAL	M5	76.704	0.0	76.728	0.084
o_addr[2544]	OUTPUT	SIGNAL	M5	220.752	0.0	220.776	0.084
o_addr[2545]	OUTPUT	SIGNAL	M5	219.888	0.0	219.912	0.084
o_addr[2546]	OUTPUT	SIGNAL	M5	218.064	0.0	218.088	0.084
o_addr[2547]	OUTPUT	SIGNAL	M5	218.112	0.0	218.136	0.084
o_addr[2548]	OUTPUT	SIGNAL	M5	218.592	0.0	218.616	0.084
o_addr[2549]	OUTPUT	SIGNAL	M5	197.376	0.0	197.4	0.084
o_addr[254]	OUTPUT	SIGNAL	M4	0.0	204.864	0.084	204.888
o_addr[2550]	OUTPUT	SIGNAL	M5	198.0	0.0	198.024	0.084
o_addr[2551]	OUTPUT	SIGNAL	M5	196.656	0.0	196.68	0.084
o_addr[2552]	OUTPUT	SIGNAL	M5	198.864	0.0	198.888	0.084
o_addr[2553]	OUTPUT	SIGNAL	M5	195.936	0.0	195.96	0.084
o_addr[2554]	OUTPUT	SIGNAL	M5	196.272	0.0	196.296	0.084
o_addr[2555]	OUTPUT	SIGNAL	M5	195.888	0.0	195.912	0.084
o_addr[2556]	OUTPUT	SIGNAL	M5	198.48	0.0	198.504	0.084
o_addr[2557]	OUTPUT	SIGNAL	M5	196.896	0.0	196.92	0.084
o_addr[2558]	OUTPUT	SIGNAL	M5	199.344	0.0	199.368	0.084
o_addr[2559]	OUTPUT	SIGNAL	M5	195.36	0.0	195.384	0.084
o_addr[255]	OUTPUT	SIGNAL	M4	0.0	204.24	0.084	204.264
o_addr[2560]	OUTPUT	SIGNAL	M5	218.16	0.0	218.184	0.084
o_addr[2561]	OUTPUT	SIGNAL	M5	218.64	0.0	218.664	0.084
o_addr[2562]	OUTPUT	SIGNAL	M5	218.016	0.0	218.04	0.084
o_addr[2563]	OUTPUT	SIGNAL	M5	217.632	0.0	217.656	0.084
o_addr[2564]	OUTPUT	SIGNAL	M5	205.728	0.0	205.752	0.084
o_addr[2565]	OUTPUT	SIGNAL	M5	214.848	0.0	214.872	0.084
o_addr[2566]	OUTPUT	SIGNAL	M5	217.344	0.0	217.368	0.084
o_addr[2567]	OUTPUT	SIGNAL	M5	219.216	0.0	219.24	0.084
o_addr[2568]	OUTPUT	SIGNAL	M5	220.32	0.0	220.344	0.084
o_addr[2569]	OUTPUT	SIGNAL	M5	220.176	0.0	220.2	0.084
o_addr[256]	OUTPUT	SIGNAL	M4	0.0	206.016	0.084	206.04
o_addr[2570]	OUTPUT	SIGNAL	M5	218.736	0.0	218.76	0.084
o_addr[2571]	OUTPUT	SIGNAL	M5	218.4	0.0	218.424	0.084
o_addr[2572]	OUTPUT	SIGNAL	M5	218.448	0.0	218.472	0.084
o_addr[2573]	OUTPUT	SIGNAL	M5	198.336	0.0	198.36	0.084
o_addr[2574]	OUTPUT	SIGNAL	M5	195.216	0.0	195.24	0.084
o_addr[2575]	OUTPUT	SIGNAL	M5	196.944	0.0	196.968	0.084
o_addr[2576]	OUTPUT	SIGNAL	M5	201.168	0.0	201.192	0.084
o_addr[2577]	OUTPUT	SIGNAL	M5	200.448	0.0	200.472	0.084
o_addr[2578]	OUTPUT	SIGNAL	M5	197.712	0.0	197.736	0.084
o_addr[2579]	OUTPUT	SIGNAL	M5	194.496	0.0	194.52	0.084
o_addr[257]	OUTPUT	SIGNAL	M4	0.0	208.752	0.084	208.776
o_addr[2580]	OUTPUT	SIGNAL	M5	197.664	0.0	197.688	0.084
o_addr[2581]	OUTPUT	SIGNAL	M5	199.44	0.0	199.464	0.084
o_addr[2582]	OUTPUT	SIGNAL	M5	198.288	0.0	198.312	0.084
o_addr[2583]	OUTPUT	SIGNAL	M5	197.136	0.0	197.16	0.084
o_addr[2584]	OUTPUT	SIGNAL	M5	218.976	0.0	219.0	0.084
o_addr[2585]	OUTPUT	SIGNAL	M5	219.312	0.0	219.336	0.084
o_addr[2586]	OUTPUT	SIGNAL	M5	201.888	0.0	201.912	0.084
o_addr[2587]	OUTPUT	SIGNAL	M5	220.368	0.0	220.392	0.084
o_addr[2588]	OUTPUT	SIGNAL	M5	202.128	0.0	202.152	0.084
o_addr[2589]	OUTPUT	SIGNAL	M5	200.928	0.0	200.952	0.084
o_addr[258]	OUTPUT	SIGNAL	M4	0.0	209.568	0.084	209.592
o_addr[2590]	OUTPUT	SIGNAL	M5	204.864	0.0	204.888	0.084
o_addr[2591]	OUTPUT	SIGNAL	M5	219.024	0.0	219.048	0.084
o_addr[2592]	OUTPUT	SIGNAL	M4	0.0	75.888	0.084	75.912
o_addr[2593]	OUTPUT	SIGNAL	M4	0.0	77.088	0.084	77.112
o_addr[2594]	OUTPUT	SIGNAL	M4	0.0	74.832	0.084	74.856
o_addr[2595]	OUTPUT	SIGNAL	M4	0.0	79.44	0.084	79.464
o_addr[2596]	OUTPUT	SIGNAL	M4	0.0	80.448	0.084	80.472
o_addr[2597]	OUTPUT	SIGNAL	M4	0.0	84.864	0.084	84.888
o_addr[2598]	OUTPUT	SIGNAL	M4	0.0	82.464	0.084	82.488
o_addr[2599]	OUTPUT	SIGNAL	M4	0.0	76.896	0.084	76.92
o_addr[259]	OUTPUT	SIGNAL	M4	0.0	206.208	0.084	206.232
o_addr[25]	OUTPUT	SIGNAL	M4	335.529	141.168	335.613	141.192
o_addr[2600]	OUTPUT	SIGNAL	M4	0.0	76.464	0.084	76.488
o_addr[2601]	OUTPUT	SIGNAL	M4	0.0	77.376	0.084	77.4
o_addr[2602]	OUTPUT	SIGNAL	M4	0.0	82.704	0.084	82.728
o_addr[2603]	OUTPUT	SIGNAL	M4	0.0	77.952	0.084	77.976
o_addr[2604]	OUTPUT	SIGNAL	M4	0.0	79.152	0.084	79.176
o_addr[2605]	OUTPUT	SIGNAL	M4	0.0	80.352	0.084	80.376
o_addr[2606]	OUTPUT	SIGNAL	M4	0.0	85.056	0.084	85.08
o_addr[2607]	OUTPUT	SIGNAL	M4	0.0	81.6	0.084	81.624
o_addr[2608]	OUTPUT	SIGNAL	M4	0.0	81.168	0.084	81.192
o_addr[2609]	OUTPUT	SIGNAL	M4	0.0	81.504	0.084	81.528
o_addr[260]	OUTPUT	SIGNAL	M4	0.0	212.304	0.084	212.328
o_addr[2610]	OUTPUT	SIGNAL	M4	0.0	86.688	0.084	86.712
o_addr[2611]	OUTPUT	SIGNAL	M4	0.0	85.008	0.084	85.032
o_addr[2612]	OUTPUT	SIGNAL	M4	0.0	82.416	0.084	82.44
o_addr[2613]	OUTPUT	SIGNAL	M4	0.0	83.808	0.084	83.832
o_addr[2614]	OUTPUT	SIGNAL	M4	0.0	85.152	0.084	85.176
o_addr[2615]	OUTPUT	SIGNAL	M4	0.0	86.112	0.084	86.136
o_addr[2616]	OUTPUT	SIGNAL	M4	0.0	75.648	0.084	75.672
o_addr[2617]	OUTPUT	SIGNAL	M4	0.0	77.568	0.084	77.592
o_addr[2618]	OUTPUT	SIGNAL	M4	0.0	75.936	0.084	75.96
o_addr[2619]	OUTPUT	SIGNAL	M4	0.0	78.96	0.084	78.984
o_addr[261]	OUTPUT	SIGNAL	M4	0.0	207.696	0.084	207.72
o_addr[2620]	OUTPUT	SIGNAL	M4	0.0	80.832	0.084	80.856
o_addr[2621]	OUTPUT	SIGNAL	M4	0.0	84.72	0.084	84.744
o_addr[2622]	OUTPUT	SIGNAL	M4	0.0	82.128	0.084	82.152
o_addr[2623]	OUTPUT	SIGNAL	M4	0.0	72.624	0.084	72.648
o_addr[2624]	OUTPUT	SIGNAL	M4	0.0	75.36	0.084	75.384
o_addr[2625]	OUTPUT	SIGNAL	M4	0.0	73.824	0.084	73.848
o_addr[2626]	OUTPUT	SIGNAL	M4	0.0	78.912	0.084	78.936
o_addr[2627]	OUTPUT	SIGNAL	M4	0.0	73.296	0.084	73.32
o_addr[2628]	OUTPUT	SIGNAL	M4	0.0	78.48	0.084	78.504
o_addr[2629]	OUTPUT	SIGNAL	M4	0.0	79.584	0.084	79.608
o_addr[262]	OUTPUT	SIGNAL	M4	0.0	213.792	0.084	213.816
o_addr[2630]	OUTPUT	SIGNAL	M4	0.0	84.048	0.084	84.072
o_addr[2631]	OUTPUT	SIGNAL	M4	0.0	74.4	0.084	74.424
o_addr[2632]	OUTPUT	SIGNAL	M4	0.0	81.312	0.084	81.336
o_addr[2633]	OUTPUT	SIGNAL	M4	0.0	80.496	0.084	80.52
o_addr[2634]	OUTPUT	SIGNAL	M4	0.0	86.16	0.084	86.184
o_addr[2635]	OUTPUT	SIGNAL	M4	0.0	86.016	0.084	86.04
o_addr[2636]	OUTPUT	SIGNAL	M4	0.0	82.992	0.084	83.016
o_addr[2637]	OUTPUT	SIGNAL	M4	0.0	80.4	0.084	80.424
o_addr[2638]	OUTPUT	SIGNAL	M4	0.0	83.856	0.084	83.88
o_addr[2639]	OUTPUT	SIGNAL	M4	0.0	86.4	0.084	86.424
o_addr[263]	OUTPUT	SIGNAL	M4	0.0	214.656	0.084	214.68
o_addr[2640]	OUTPUT	SIGNAL	M5	79.92	335.529	79.944	335.613
o_addr[2641]	OUTPUT	SIGNAL	M5	78.96	335.529	78.984	335.613
o_addr[2642]	OUTPUT	SIGNAL	M5	77.232	335.529	77.256	335.613
o_addr[2643]	OUTPUT	SIGNAL	M5	82.56	335.529	82.584	335.613
o_addr[2644]	OUTPUT	SIGNAL	M5	75.84	335.529	75.864	335.613
o_addr[2645]	OUTPUT	SIGNAL	M5	81.648	335.529	81.672	335.613
o_addr[2646]	OUTPUT	SIGNAL	M5	95.424	335.529	95.448	335.613
o_addr[2647]	OUTPUT	SIGNAL	M5	99.168	335.529	99.192	335.613
o_addr[2648]	OUTPUT	SIGNAL	M5	96.624	335.529	96.648	335.613
o_addr[2649]	OUTPUT	SIGNAL	M5	87.744	335.529	87.768	335.613
o_addr[264]	OUTPUT	SIGNAL	M4	0.0	203.76	0.084	203.784
o_addr[2650]	OUTPUT	SIGNAL	M5	95.136	335.529	95.16	335.613
o_addr[2651]	OUTPUT	SIGNAL	M5	89.52	335.529	89.544	335.613
o_addr[2652]	OUTPUT	SIGNAL	M5	90.48	335.529	90.504	335.613
o_addr[2653]	OUTPUT	SIGNAL	M5	90.72	335.529	90.744	335.613
o_addr[2654]	OUTPUT	SIGNAL	M5	96.48	335.529	96.504	335.613
o_addr[2655]	OUTPUT	SIGNAL	M5	97.632	335.529	97.656	335.613
o_addr[2656]	OUTPUT	SIGNAL	M5	90.0	335.529	90.024	335.613
o_addr[2657]	OUTPUT	SIGNAL	M5	91.776	335.529	91.8	335.613
o_addr[2658]	OUTPUT	SIGNAL	M5	93.648	335.529	93.672	335.613
o_addr[2659]	OUTPUT	SIGNAL	M5	92.64	335.529	92.664	335.613
o_addr[265]	OUTPUT	SIGNAL	M4	0.0	209.856	0.084	209.88
o_addr[2660]	OUTPUT	SIGNAL	M5	88.416	335.529	88.44	335.613
o_addr[2661]	OUTPUT	SIGNAL	M5	94.992	335.529	95.016	335.613
o_addr[2662]	OUTPUT	SIGNAL	M5	95.856	335.529	95.88	335.613
o_addr[2663]	OUTPUT	SIGNAL	M5	87.072	335.529	87.096	335.613
o_addr[2664]	OUTPUT	SIGNAL	M5	80.784	335.529	80.808	335.613
o_addr[2665]	OUTPUT	SIGNAL	M5	76.128	335.529	76.152	335.613
o_addr[2666]	OUTPUT	SIGNAL	M5	80.688	335.529	80.712	335.613
o_addr[2667]	OUTPUT	SIGNAL	M5	76.272	335.529	76.296	335.613
o_addr[2668]	OUTPUT	SIGNAL	M5	81.6	335.529	81.624	335.613
o_addr[2669]	OUTPUT	SIGNAL	M5	81.12	335.529	81.144	335.613
o_addr[266]	OUTPUT	SIGNAL	M4	0.0	206.112	0.084	206.136
o_addr[2670]	OUTPUT	SIGNAL	M5	95.28	335.529	95.304	335.613
o_addr[2671]	OUTPUT	SIGNAL	M5	96.432	335.529	96.456	335.613
o_addr[2672]	OUTPUT	SIGNAL	M5	96.672	335.529	96.696	335.613
o_addr[2673]	OUTPUT	SIGNAL	M5	87.696	335.529	87.72	335.613
o_addr[2674]	OUTPUT	SIGNAL	M5	95.568	335.529	95.592	335.613
o_addr[2675]	OUTPUT	SIGNAL	M5	88.752	335.529	88.776	335.613
o_addr[2676]	OUTPUT	SIGNAL	M5	91.824	335.529	91.848	335.613
o_addr[2677]	OUTPUT	SIGNAL	M5	91.872	335.529	91.896	335.613
o_addr[2678]	OUTPUT	SIGNAL	M5	96.288	335.529	96.312	335.613
o_addr[2679]	OUTPUT	SIGNAL	M5	95.376	335.529	95.4	335.613
o_addr[267]	OUTPUT	SIGNAL	M4	0.0	207.072	0.084	207.096
o_addr[2680]	OUTPUT	SIGNAL	M5	90.048	335.529	90.072	335.613
o_addr[2681]	OUTPUT	SIGNAL	M5	91.536	335.529	91.56	335.613
o_addr[2682]	OUTPUT	SIGNAL	M5	91.2	335.529	91.224	335.613
o_addr[2683]	OUTPUT	SIGNAL	M5	93.168	335.529	93.192	335.613
o_addr[2684]	OUTPUT	SIGNAL	M5	93.6	335.529	93.624	335.613
o_addr[2685]	OUTPUT	SIGNAL	M5	95.04	335.529	95.064	335.613
o_addr[2686]	OUTPUT	SIGNAL	M5	95.088	335.529	95.112	335.613
o_addr[2687]	OUTPUT	SIGNAL	M5	88.368	335.529	88.392	335.613
o_addr[2688]	OUTPUT	SIGNAL	M5	46.992	335.529	47.016	335.613
o_addr[2689]	OUTPUT	SIGNAL	M5	42.96	335.529	42.984	335.613
o_addr[268]	OUTPUT	SIGNAL	M4	0.0	205.584	0.084	205.608
o_addr[2690]	OUTPUT	SIGNAL	M5	43.2	335.529	43.224	335.613
o_addr[2691]	OUTPUT	SIGNAL	M5	44.832	335.529	44.856	335.613
o_addr[2692]	OUTPUT	SIGNAL	M5	48.0	335.529	48.024	335.613
o_addr[2693]	OUTPUT	SIGNAL	M5	46.608	335.529	46.632	335.613
o_addr[2694]	OUTPUT	SIGNAL	M5	47.568	335.529	47.592	335.613
o_addr[2695]	OUTPUT	SIGNAL	M5	39.456	335.529	39.48	335.613
o_addr[2696]	OUTPUT	SIGNAL	M5	48.336	335.529	48.36	335.613
o_addr[2697]	OUTPUT	SIGNAL	M5	49.44	335.529	49.464	335.613
o_addr[2698]	OUTPUT	SIGNAL	M5	48.384	335.529	48.408	335.613
o_addr[2699]	OUTPUT	SIGNAL	M5	48.576	335.529	48.6	335.613
o_addr[269]	OUTPUT	SIGNAL	M4	0.0	208.608	0.084	208.632
o_addr[26]	OUTPUT	SIGNAL	M4	335.529	142.704	335.613	142.728
o_addr[2700]	OUTPUT	SIGNAL	M5	47.904	335.529	47.928	335.613
o_addr[2701]	OUTPUT	SIGNAL	M5	49.296	335.529	49.32	335.613
o_addr[2702]	OUTPUT	SIGNAL	M5	49.92	335.529	49.944	335.613
o_addr[2703]	OUTPUT	SIGNAL	M5	49.344	335.529	49.368	335.613
o_addr[2704]	OUTPUT	SIGNAL	M5	47.664	335.529	47.688	335.613
o_addr[2705]	OUTPUT	SIGNAL	M5	47.136	335.529	47.16	335.613
o_addr[2706]	OUTPUT	SIGNAL	M5	47.952	335.529	47.976	335.613
o_addr[2707]	OUTPUT	SIGNAL	M5	48.432	335.529	48.456	335.613
o_addr[2708]	OUTPUT	SIGNAL	M5	46.848	335.529	46.872	335.613
o_addr[2709]	OUTPUT	SIGNAL	M5	46.656	335.529	46.68	335.613
o_addr[270]	OUTPUT	SIGNAL	M4	0.0	211.968	0.084	211.992
o_addr[2710]	OUTPUT	SIGNAL	M5	42.768	335.529	42.792	335.613
o_addr[2711]	OUTPUT	SIGNAL	M5	40.32	335.529	40.344	335.613
o_addr[2712]	OUTPUT	SIGNAL	M5	46.752	335.529	46.776	335.613
o_addr[2713]	OUTPUT	SIGNAL	M5	43.44	335.529	43.464	335.613
o_addr[2714]	OUTPUT	SIGNAL	M5	43.824	335.529	43.848	335.613
o_addr[2715]	OUTPUT	SIGNAL	M5	44.784	335.529	44.808	335.613
o_addr[2716]	OUTPUT	SIGNAL	M5	48.624	335.529	48.648	335.613
o_addr[2717]	OUTPUT	SIGNAL	M5	46.704	335.529	46.728	335.613
o_addr[2718]	OUTPUT	SIGNAL	M5	47.04	335.529	47.064	335.613
o_addr[2719]	OUTPUT	SIGNAL	M5	40.704	335.529	40.728	335.613
o_addr[271]	OUTPUT	SIGNAL	M4	0.0	208.08	0.084	208.104
o_addr[2720]	OUTPUT	SIGNAL	M5	47.424	335.529	47.448	335.613
o_addr[2721]	OUTPUT	SIGNAL	M5	49.2	335.529	49.224	335.613
o_addr[2722]	OUTPUT	SIGNAL	M5	47.184	335.529	47.208	335.613
o_addr[2723]	OUTPUT	SIGNAL	M5	48.912	335.529	48.936	335.613
o_addr[2724]	OUTPUT	SIGNAL	M5	47.328	335.529	47.352	335.613
o_addr[2725]	OUTPUT	SIGNAL	M5	49.488	335.529	49.512	335.613
o_addr[2726]	OUTPUT	SIGNAL	M5	49.872	335.529	49.896	335.613
o_addr[2727]	OUTPUT	SIGNAL	M5	49.248	335.529	49.272	335.613
o_addr[2728]	OUTPUT	SIGNAL	M5	47.376	335.529	47.4	335.613
o_addr[2729]	OUTPUT	SIGNAL	M5	47.52	335.529	47.544	335.613
o_addr[272]	OUTPUT	SIGNAL	M4	0.0	209.424	0.084	209.448
o_addr[2730]	OUTPUT	SIGNAL	M5	47.616	335.529	47.64	335.613
o_addr[2731]	OUTPUT	SIGNAL	M5	48.528	335.529	48.552	335.613
o_addr[2732]	OUTPUT	SIGNAL	M5	47.472	335.529	47.496	335.613
o_addr[2733]	OUTPUT	SIGNAL	M5	47.088	335.529	47.112	335.613
o_addr[2734]	OUTPUT	SIGNAL	M5	43.92	335.529	43.944	335.613
o_addr[2735]	OUTPUT	SIGNAL	M5	45.168	335.529	45.192	335.613
o_addr[2736]	OUTPUT	SIGNAL	M5	146.784	335.529	146.808	335.613
o_addr[2737]	OUTPUT	SIGNAL	M5	148.464	335.529	148.488	335.613
o_addr[2738]	OUTPUT	SIGNAL	M5	154.704	335.529	154.728	335.613
o_addr[2739]	OUTPUT	SIGNAL	M5	147.792	335.529	147.816	335.613
o_addr[273]	OUTPUT	SIGNAL	M4	0.0	209.808	0.084	209.832
o_addr[2740]	OUTPUT	SIGNAL	M5	160.704	335.529	160.728	335.613
o_addr[2741]	OUTPUT	SIGNAL	M5	158.88	335.529	158.904	335.613
o_addr[2742]	OUTPUT	SIGNAL	M5	155.472	335.529	155.496	335.613
o_addr[2743]	OUTPUT	SIGNAL	M5	153.648	335.529	153.672	335.613
o_addr[2744]	OUTPUT	SIGNAL	M5	159.408	335.529	159.432	335.613
o_addr[2745]	OUTPUT	SIGNAL	M5	158.544	335.529	158.568	335.613
o_addr[2746]	OUTPUT	SIGNAL	M5	160.8	335.529	160.824	335.613
o_addr[2747]	OUTPUT	SIGNAL	M5	160.368	335.529	160.392	335.613
o_addr[2748]	OUTPUT	SIGNAL	M5	160.512	335.529	160.536	335.613
o_addr[2749]	OUTPUT	SIGNAL	M5	159.216	335.529	159.24	335.613
o_addr[274]	OUTPUT	SIGNAL	M4	0.0	204.672	0.084	204.696
o_addr[2750]	OUTPUT	SIGNAL	M5	159.312	335.529	159.336	335.613
o_addr[2751]	OUTPUT	SIGNAL	M5	155.808	335.529	155.832	335.613
o_addr[2752]	OUTPUT	SIGNAL	M5	142.992	335.529	143.016	335.613
o_addr[2753]	OUTPUT	SIGNAL	M5	146.208	335.529	146.232	335.613
o_addr[2754]	OUTPUT	SIGNAL	M5	148.08	335.529	148.104	335.613
o_addr[2755]	OUTPUT	SIGNAL	M5	142.896	335.529	142.92	335.613
o_addr[2756]	OUTPUT	SIGNAL	M5	147.936	335.529	147.96	335.613
o_addr[2757]	OUTPUT	SIGNAL	M5	150.192	335.529	150.216	335.613
o_addr[2758]	OUTPUT	SIGNAL	M5	156.432	335.529	156.456	335.613
o_addr[2759]	OUTPUT	SIGNAL	M5	157.488	335.529	157.512	335.613
o_addr[275]	OUTPUT	SIGNAL	M4	0.0	204.816	0.084	204.84
o_addr[2760]	OUTPUT	SIGNAL	M5	148.512	335.529	148.536	335.613
o_addr[2761]	OUTPUT	SIGNAL	M5	145.584	335.529	145.608	335.613
o_addr[2762]	OUTPUT	SIGNAL	M5	158.976	335.529	159.0	335.613
o_addr[2763]	OUTPUT	SIGNAL	M5	148.032	335.529	148.056	335.613
o_addr[2764]	OUTPUT	SIGNAL	M5	157.968	335.529	157.992	335.613
o_addr[2765]	OUTPUT	SIGNAL	M5	157.392	335.529	157.416	335.613
o_addr[2766]	OUTPUT	SIGNAL	M5	159.84	335.529	159.864	335.613
o_addr[2767]	OUTPUT	SIGNAL	M5	159.792	335.529	159.816	335.613
o_addr[2768]	OUTPUT	SIGNAL	M5	159.072	335.529	159.096	335.613
o_addr[2769]	OUTPUT	SIGNAL	M5	158.352	335.529	158.376	335.613
o_addr[276]	OUTPUT	SIGNAL	M4	0.0	206.544	0.084	206.568
o_addr[2770]	OUTPUT	SIGNAL	M5	160.416	335.529	160.44	335.613
o_addr[2771]	OUTPUT	SIGNAL	M5	160.992	335.529	161.016	335.613
o_addr[2772]	OUTPUT	SIGNAL	M5	160.56	335.529	160.584	335.613
o_addr[2773]	OUTPUT	SIGNAL	M5	161.232	335.529	161.256	335.613
o_addr[2774]	OUTPUT	SIGNAL	M5	159.264	335.529	159.288	335.613
o_addr[2775]	OUTPUT	SIGNAL	M5	156.96	335.529	156.984	335.613
o_addr[2776]	OUTPUT	SIGNAL	M5	147.12	335.529	147.144	335.613
o_addr[2777]	OUTPUT	SIGNAL	M5	145.728	335.529	145.752	335.613
o_addr[2778]	OUTPUT	SIGNAL	M5	147.696	335.529	147.72	335.613
o_addr[2779]	OUTPUT	SIGNAL	M5	147.312	335.529	147.336	335.613
o_addr[277]	OUTPUT	SIGNAL	M4	0.0	205.2	0.084	205.224
o_addr[2780]	OUTPUT	SIGNAL	M5	143.808	335.529	143.832	335.613
o_addr[2781]	OUTPUT	SIGNAL	M5	145.44	335.529	145.464	335.613
o_addr[2782]	OUTPUT	SIGNAL	M5	155.184	335.529	155.208	335.613
o_addr[2783]	OUTPUT	SIGNAL	M5	156.864	335.529	156.888	335.613
o_addr[2784]	OUTPUT	SIGNAL	M4	0.0	262.368	0.084	262.392
o_addr[2785]	OUTPUT	SIGNAL	M4	0.0	265.2	0.084	265.224
o_addr[2786]	OUTPUT	SIGNAL	M4	0.0	260.976	0.084	261.0
o_addr[2787]	OUTPUT	SIGNAL	M4	0.0	259.056	0.084	259.08
o_addr[2788]	OUTPUT	SIGNAL	M4	0.0	257.376	0.084	257.4
o_addr[2789]	OUTPUT	SIGNAL	M4	0.0	259.488	0.084	259.512
o_addr[278]	OUTPUT	SIGNAL	M4	0.0	205.44	0.084	205.464
o_addr[2790]	OUTPUT	SIGNAL	M4	0.0	256.368	0.084	256.392
o_addr[2791]	OUTPUT	SIGNAL	M4	0.0	252.528	0.084	252.552
o_addr[2792]	OUTPUT	SIGNAL	M4	0.0	253.536	0.084	253.56
o_addr[2793]	OUTPUT	SIGNAL	M4	0.0	250.752	0.084	250.776
o_addr[2794]	OUTPUT	SIGNAL	M4	0.0	251.232	0.084	251.256
o_addr[2795]	OUTPUT	SIGNAL	M4	0.0	250.704	0.084	250.728
o_addr[2796]	OUTPUT	SIGNAL	M4	0.0	249.36	0.084	249.384
o_addr[2797]	OUTPUT	SIGNAL	M4	0.0	250.896	0.084	250.92
o_addr[2798]	OUTPUT	SIGNAL	M4	0.0	243.696	0.084	243.72
o_addr[2799]	OUTPUT	SIGNAL	M4	0.0	242.448	0.084	242.472
o_addr[279]	OUTPUT	SIGNAL	M4	0.0	205.296	0.084	205.32
o_addr[27]	OUTPUT	SIGNAL	M4	335.529	144.672	335.613	144.696
o_addr[2800]	OUTPUT	SIGNAL	M4	0.0	254.928	0.084	254.952
o_addr[2801]	OUTPUT	SIGNAL	M4	0.0	245.904	0.084	245.928
o_addr[2802]	OUTPUT	SIGNAL	M4	0.0	248.208	0.084	248.232
o_addr[2803]	OUTPUT	SIGNAL	M4	0.0	247.344	0.084	247.368
o_addr[2804]	OUTPUT	SIGNAL	M4	0.0	243.648	0.084	243.672
o_addr[2805]	OUTPUT	SIGNAL	M4	0.0	242.784	0.084	242.808
o_addr[2806]	OUTPUT	SIGNAL	M4	0.0	240.528	0.084	240.552
o_addr[2807]	OUTPUT	SIGNAL	M4	0.0	241.296	0.084	241.32
o_addr[2808]	OUTPUT	SIGNAL	M4	0.0	262.08	0.084	262.104
o_addr[2809]	OUTPUT	SIGNAL	M4	0.0	262.992	0.084	263.016
o_addr[280]	OUTPUT	SIGNAL	M4	0.0	206.4	0.084	206.424
o_addr[2810]	OUTPUT	SIGNAL	M4	0.0	260.64	0.084	260.664
o_addr[2811]	OUTPUT	SIGNAL	M4	0.0	258.528	0.084	258.552
o_addr[2812]	OUTPUT	SIGNAL	M4	0.0	258.144	0.084	258.168
o_addr[2813]	OUTPUT	SIGNAL	M4	0.0	258.912	0.084	258.936
o_addr[2814]	OUTPUT	SIGNAL	M4	0.0	256.032	0.084	256.056
o_addr[2815]	OUTPUT	SIGNAL	M4	0.0	252.816	0.084	252.84
o_addr[2816]	OUTPUT	SIGNAL	M4	0.0	253.872	0.084	253.896
o_addr[2817]	OUTPUT	SIGNAL	M4	0.0	251.664	0.084	251.688
o_addr[2818]	OUTPUT	SIGNAL	M4	0.0	251.904	0.084	251.928
o_addr[2819]	OUTPUT	SIGNAL	M4	0.0	249.936	0.084	249.96
o_addr[281]	OUTPUT	SIGNAL	M4	0.0	207.408	0.084	207.432
o_addr[2820]	OUTPUT	SIGNAL	M4	0.0	249.744	0.084	249.768
o_addr[2821]	OUTPUT	SIGNAL	M4	0.0	250.56	0.084	250.584
o_addr[2822]	OUTPUT	SIGNAL	M4	0.0	244.944	0.084	244.968
o_addr[2823]	OUTPUT	SIGNAL	M4	0.0	241.776	0.084	241.8
o_addr[2824]	OUTPUT	SIGNAL	M4	0.0	254.976	0.084	255.0
o_addr[2825]	OUTPUT	SIGNAL	M4	0.0	247.296	0.084	247.32
o_addr[2826]	OUTPUT	SIGNAL	M4	0.0	248.496	0.084	248.52
o_addr[2827]	OUTPUT	SIGNAL	M4	0.0	246.528	0.084	246.552
o_addr[2828]	OUTPUT	SIGNAL	M4	0.0	245.424	0.084	245.448
o_addr[2829]	OUTPUT	SIGNAL	M4	0.0	244.08	0.084	244.104
o_addr[282]	OUTPUT	SIGNAL	M4	0.0	208.656	0.084	208.68
o_addr[2830]	OUTPUT	SIGNAL	M4	0.0	241.584	0.084	241.608
o_addr[2831]	OUTPUT	SIGNAL	M4	0.0	242.976	0.084	243.0
o_addr[2832]	OUTPUT	SIGNAL	M4	0.0	177.168	0.084	177.192
o_addr[2833]	OUTPUT	SIGNAL	M4	0.0	177.504	0.084	177.528
o_addr[2834]	OUTPUT	SIGNAL	M4	0.0	173.952	0.084	173.976
o_addr[2835]	OUTPUT	SIGNAL	M4	0.0	174.192	0.084	174.216
o_addr[2836]	OUTPUT	SIGNAL	M4	0.0	176.64	0.084	176.664
o_addr[2837]	OUTPUT	SIGNAL	M4	0.0	174.96	0.084	174.984
o_addr[2838]	OUTPUT	SIGNAL	M4	0.0	172.992	0.084	173.016
o_addr[2839]	OUTPUT	SIGNAL	M4	0.0	171.456	0.084	171.48
o_addr[283]	OUTPUT	SIGNAL	M4	0.0	205.008	0.084	205.032
o_addr[2840]	OUTPUT	SIGNAL	M4	0.0	171.312	0.084	171.336
o_addr[2841]	OUTPUT	SIGNAL	M4	0.0	171.504	0.084	171.528
o_addr[2842]	OUTPUT	SIGNAL	M4	0.0	170.688	0.084	170.712
o_addr[2843]	OUTPUT	SIGNAL	M4	0.0	171.36	0.084	171.384
o_addr[2844]	OUTPUT	SIGNAL	M4	0.0	172.896	0.084	172.92
o_addr[2845]	OUTPUT	SIGNAL	M4	0.0	172.224	0.084	172.248
o_addr[2846]	OUTPUT	SIGNAL	M4	0.0	157.152	0.084	157.176
o_addr[2847]	OUTPUT	SIGNAL	M4	0.0	161.76	0.084	161.784
o_addr[2848]	OUTPUT	SIGNAL	M4	0.0	172.608	0.084	172.632
o_addr[2849]	OUTPUT	SIGNAL	M4	0.0	176.016	0.084	176.04
o_addr[284]	OUTPUT	SIGNAL	M4	0.0	211.2	0.084	211.224
o_addr[2850]	OUTPUT	SIGNAL	M4	0.0	158.832	0.084	158.856
o_addr[2851]	OUTPUT	SIGNAL	M4	0.0	152.688	0.084	152.712
o_addr[2852]	OUTPUT	SIGNAL	M4	0.0	172.56	0.084	172.584
o_addr[2853]	OUTPUT	SIGNAL	M4	0.0	155.808	0.084	155.832
o_addr[2854]	OUTPUT	SIGNAL	M4	0.0	156.192	0.084	156.216
o_addr[2855]	OUTPUT	SIGNAL	M4	0.0	157.488	0.084	157.512
o_addr[2856]	OUTPUT	SIGNAL	M4	0.0	176.064	0.084	176.088
o_addr[2857]	OUTPUT	SIGNAL	M4	0.0	177.072	0.084	177.096
o_addr[2858]	OUTPUT	SIGNAL	M4	0.0	174.0	0.084	174.024
o_addr[2859]	OUTPUT	SIGNAL	M4	0.0	175.2	0.084	175.224
o_addr[285]	OUTPUT	SIGNAL	M4	0.0	207.744	0.084	207.768
o_addr[2860]	OUTPUT	SIGNAL	M4	0.0	175.632	0.084	175.656
o_addr[2861]	OUTPUT	SIGNAL	M4	0.0	175.68	0.084	175.704
o_addr[2862]	OUTPUT	SIGNAL	M4	0.0	173.616	0.084	173.64
o_addr[2863]	OUTPUT	SIGNAL	M4	0.0	172.656	0.084	172.68
o_addr[2864]	OUTPUT	SIGNAL	M4	0.0	172.752	0.084	172.776
o_addr[2865]	OUTPUT	SIGNAL	M4	0.0	172.176	0.084	172.2
o_addr[2866]	OUTPUT	SIGNAL	M4	0.0	172.8	0.084	172.824
o_addr[2867]	OUTPUT	SIGNAL	M4	0.0	160.704	0.084	160.728
o_addr[2868]	OUTPUT	SIGNAL	M4	0.0	172.848	0.084	172.872
o_addr[2869]	OUTPUT	SIGNAL	M4	0.0	173.184	0.084	173.208
o_addr[286]	OUTPUT	SIGNAL	M4	0.0	211.056	0.084	211.08
o_addr[2870]	OUTPUT	SIGNAL	M4	0.0	162.0	0.084	162.024
o_addr[2871]	OUTPUT	SIGNAL	M4	0.0	161.424	0.084	161.448
o_addr[2872]	OUTPUT	SIGNAL	M4	0.0	173.088	0.084	173.112
o_addr[2873]	OUTPUT	SIGNAL	M4	0.0	175.296	0.084	175.32
o_addr[2874]	OUTPUT	SIGNAL	M4	0.0	158.736	0.084	158.76
o_addr[2875]	OUTPUT	SIGNAL	M4	0.0	155.712	0.084	155.736
o_addr[2876]	OUTPUT	SIGNAL	M4	0.0	172.272	0.084	172.296
o_addr[2877]	OUTPUT	SIGNAL	M4	0.0	155.136	0.084	155.16
o_addr[2878]	OUTPUT	SIGNAL	M4	0.0	155.328	0.084	155.352
o_addr[2879]	OUTPUT	SIGNAL	M4	0.0	157.728	0.084	157.752
o_addr[287]	OUTPUT	SIGNAL	M4	0.0	211.44	0.084	211.464
o_addr[2880]	OUTPUT	SIGNAL	M5	144.96	0.0	144.984	0.084
o_addr[2881]	OUTPUT	SIGNAL	M5	146.064	0.0	146.088	0.084
o_addr[2882]	OUTPUT	SIGNAL	M5	145.056	0.0	145.08	0.084
o_addr[2883]	OUTPUT	SIGNAL	M5	145.248	0.0	145.272	0.084
o_addr[2884]	OUTPUT	SIGNAL	M5	146.112	0.0	146.136	0.084
o_addr[2885]	OUTPUT	SIGNAL	M5	153.792	0.0	153.816	0.084
o_addr[2886]	OUTPUT	SIGNAL	M5	174.528	0.0	174.552	0.084
o_addr[2887]	OUTPUT	SIGNAL	M5	177.072	0.0	177.096	0.084
o_addr[2888]	OUTPUT	SIGNAL	M5	174.816	0.0	174.84	0.084
o_addr[2889]	OUTPUT	SIGNAL	M5	176.064	0.0	176.088	0.084
o_addr[288]	OUTPUT	SIGNAL	M4	0.0	78.192	0.084	78.216
o_addr[2890]	OUTPUT	SIGNAL	M5	178.992	0.0	179.016	0.084
o_addr[2891]	OUTPUT	SIGNAL	M5	175.344	0.0	175.368	0.084
o_addr[2892]	OUTPUT	SIGNAL	M5	174.336	0.0	174.36	0.084
o_addr[2893]	OUTPUT	SIGNAL	M5	176.208	0.0	176.232	0.084
o_addr[2894]	OUTPUT	SIGNAL	M5	175.872	0.0	175.896	0.084
o_addr[2895]	OUTPUT	SIGNAL	M5	174.912	0.0	174.936	0.084
o_addr[2896]	OUTPUT	SIGNAL	M5	175.008	0.0	175.032	0.084
o_addr[2897]	OUTPUT	SIGNAL	M5	174.384	0.0	174.408	0.084
o_addr[2898]	OUTPUT	SIGNAL	M5	174.72	0.0	174.744	0.084
o_addr[2899]	OUTPUT	SIGNAL	M5	174.576	0.0	174.6	0.084
o_addr[289]	OUTPUT	SIGNAL	M4	0.0	75.984	0.084	76.008
o_addr[28]	OUTPUT	SIGNAL	M4	335.529	143.184	335.613	143.208
o_addr[2900]	OUTPUT	SIGNAL	M5	175.104	0.0	175.128	0.084
o_addr[2901]	OUTPUT	SIGNAL	M5	174.288	0.0	174.312	0.084
o_addr[2902]	OUTPUT	SIGNAL	M5	125.184	0.0	125.208	0.084
o_addr[2903]	OUTPUT	SIGNAL	M5	175.824	0.0	175.848	0.084
o_addr[2904]	OUTPUT	SIGNAL	M5	125.28	0.0	125.304	0.084
o_addr[2905]	OUTPUT	SIGNAL	M5	125.424	0.0	125.448	0.084
o_addr[2906]	OUTPUT	SIGNAL	M5	125.472	0.0	125.496	0.084
o_addr[2907]	OUTPUT	SIGNAL	M5	125.328	0.0	125.352	0.084
o_addr[2908]	OUTPUT	SIGNAL	M5	125.232	0.0	125.256	0.084
o_addr[2909]	OUTPUT	SIGNAL	M5	173.712	0.0	173.736	0.084
o_addr[290]	OUTPUT	SIGNAL	M4	0.0	77.424	0.084	77.448
o_addr[2910]	OUTPUT	SIGNAL	M5	178.128	0.0	178.152	0.084
o_addr[2911]	OUTPUT	SIGNAL	M5	175.632	0.0	175.656	0.084
o_addr[2912]	OUTPUT	SIGNAL	M5	175.248	0.0	175.272	0.084
o_addr[2913]	OUTPUT	SIGNAL	M5	177.504	0.0	177.528	0.084
o_addr[2914]	OUTPUT	SIGNAL	M5	189.84	0.0	189.864	0.084
o_addr[2915]	OUTPUT	SIGNAL	M5	185.136	0.0	185.16	0.084
o_addr[2916]	OUTPUT	SIGNAL	M5	185.952	0.0	185.976	0.084
o_addr[2917]	OUTPUT	SIGNAL	M5	187.776	0.0	187.8	0.084
o_addr[2918]	OUTPUT	SIGNAL	M5	184.368	0.0	184.392	0.084
o_addr[2919]	OUTPUT	SIGNAL	M5	185.904	0.0	185.928	0.084
o_addr[291]	OUTPUT	SIGNAL	M4	0.0	76.272	0.084	76.296
o_addr[2920]	OUTPUT	SIGNAL	M5	185.568	0.0	185.592	0.084
o_addr[2921]	OUTPUT	SIGNAL	M5	186.48	0.0	186.504	0.084
o_addr[2922]	OUTPUT	SIGNAL	M5	192.096	0.0	192.12	0.084
o_addr[2923]	OUTPUT	SIGNAL	M5	188.016	0.0	188.04	0.084
o_addr[2924]	OUTPUT	SIGNAL	M5	185.328	0.0	185.352	0.084
o_addr[2925]	OUTPUT	SIGNAL	M5	192.576	0.0	192.6	0.084
o_addr[2926]	OUTPUT	SIGNAL	M5	125.376	0.0	125.4	0.084
o_addr[2927]	OUTPUT	SIGNAL	M5	184.56	0.0	184.584	0.084
o_addr[2928]	OUTPUT	SIGNAL	M5	122.304	0.0	122.328	0.084
o_addr[2929]	OUTPUT	SIGNAL	M5	121.776	0.0	121.8	0.084
o_addr[292]	OUTPUT	SIGNAL	M4	0.0	77.664	0.084	77.688
o_addr[2930]	OUTPUT	SIGNAL	M5	122.4	0.0	122.424	0.084
o_addr[2931]	OUTPUT	SIGNAL	M5	123.264	0.0	123.288	0.084
o_addr[2932]	OUTPUT	SIGNAL	M5	124.272	0.0	124.296	0.084
o_addr[2933]	OUTPUT	SIGNAL	M5	113.376	0.0	113.4	0.084
o_addr[2934]	OUTPUT	SIGNAL	M5	116.16	0.0	116.184	0.084
o_addr[2935]	OUTPUT	SIGNAL	M5	117.6	0.0	117.624	0.084
o_addr[2936]	OUTPUT	SIGNAL	M5	111.504	0.0	111.528	0.084
o_addr[2937]	OUTPUT	SIGNAL	M5	109.728	0.0	109.752	0.084
o_addr[2938]	OUTPUT	SIGNAL	M5	114.768	0.0	114.792	0.084
o_addr[2939]	OUTPUT	SIGNAL	M5	113.472	0.0	113.496	0.084
o_addr[293]	OUTPUT	SIGNAL	M4	0.0	95.424	0.084	95.448
o_addr[2940]	OUTPUT	SIGNAL	M5	119.808	0.0	119.832	0.084
o_addr[2941]	OUTPUT	SIGNAL	M5	112.32	0.0	112.344	0.084
o_addr[2942]	OUTPUT	SIGNAL	M5	114.864	0.0	114.888	0.084
o_addr[2943]	OUTPUT	SIGNAL	M5	114.24	0.0	114.264	0.084
o_addr[2944]	OUTPUT	SIGNAL	M5	115.488	0.0	115.512	0.084
o_addr[2945]	OUTPUT	SIGNAL	M5	114.672	0.0	114.696	0.084
o_addr[2946]	OUTPUT	SIGNAL	M5	113.952	0.0	113.976	0.084
o_addr[2947]	OUTPUT	SIGNAL	M5	114.096	0.0	114.12	0.084
o_addr[2948]	OUTPUT	SIGNAL	M5	113.712	0.0	113.736	0.084
o_addr[2949]	OUTPUT	SIGNAL	M5	114.336	0.0	114.36	0.084
o_addr[294]	OUTPUT	SIGNAL	M4	0.0	92.544	0.084	92.568
o_addr[2950]	OUTPUT	SIGNAL	M5	114.0	0.0	114.024	0.084
o_addr[2951]	OUTPUT	SIGNAL	M5	113.808	0.0	113.832	0.084
o_addr[2952]	OUTPUT	SIGNAL	M5	115.728	0.0	115.752	0.084
o_addr[2953]	OUTPUT	SIGNAL	M5	115.872	0.0	115.896	0.084
o_addr[2954]	OUTPUT	SIGNAL	M5	115.68	0.0	115.704	0.084
o_addr[2955]	OUTPUT	SIGNAL	M5	115.632	0.0	115.656	0.084
o_addr[2956]	OUTPUT	SIGNAL	M5	115.584	0.0	115.608	0.084
o_addr[2957]	OUTPUT	SIGNAL	M5	114.816	0.0	114.84	0.084
o_addr[2958]	OUTPUT	SIGNAL	M5	114.912	0.0	114.936	0.084
o_addr[2959]	OUTPUT	SIGNAL	M5	114.144	0.0	114.168	0.084
o_addr[295]	OUTPUT	SIGNAL	M4	0.0	92.976	0.084	93.0
o_addr[2960]	OUTPUT	SIGNAL	M5	112.08	0.0	112.104	0.084
o_addr[2961]	OUTPUT	SIGNAL	M5	111.072	0.0	111.096	0.084
o_addr[2962]	OUTPUT	SIGNAL	M5	115.44	0.0	115.464	0.084
o_addr[2963]	OUTPUT	SIGNAL	M5	115.008	0.0	115.032	0.084
o_addr[2964]	OUTPUT	SIGNAL	M5	114.192	0.0	114.216	0.084
o_addr[2965]	OUTPUT	SIGNAL	M5	115.152	0.0	115.176	0.084
o_addr[2966]	OUTPUT	SIGNAL	M5	113.904	0.0	113.928	0.084
o_addr[2967]	OUTPUT	SIGNAL	M5	113.856	0.0	113.88	0.084
o_addr[2968]	OUTPUT	SIGNAL	M5	115.536	0.0	115.56	0.084
o_addr[2969]	OUTPUT	SIGNAL	M5	115.056	0.0	115.08	0.084
o_addr[296]	OUTPUT	SIGNAL	M4	0.0	95.04	0.084	95.064
o_addr[2970]	OUTPUT	SIGNAL	M5	114.624	0.0	114.648	0.084
o_addr[2971]	OUTPUT	SIGNAL	M5	114.288	0.0	114.312	0.084
o_addr[2972]	OUTPUT	SIGNAL	M5	114.96	0.0	114.984	0.084
o_addr[2973]	OUTPUT	SIGNAL	M5	114.72	0.0	114.744	0.084
o_addr[2974]	OUTPUT	SIGNAL	M5	113.76	0.0	113.784	0.084
o_addr[2975]	OUTPUT	SIGNAL	M5	114.528	0.0	114.552	0.084
o_addr[2976]	OUTPUT	SIGNAL	M5	73.632	0.0	73.656	0.084
o_addr[2977]	OUTPUT	SIGNAL	M5	72.096	0.0	72.12	0.084
o_addr[2978]	OUTPUT	SIGNAL	M5	73.344	0.0	73.368	0.084
o_addr[2979]	OUTPUT	SIGNAL	M5	73.296	0.0	73.32	0.084
o_addr[297]	OUTPUT	SIGNAL	M4	0.0	91.824	0.084	91.848
o_addr[2980]	OUTPUT	SIGNAL	M5	69.984	0.0	70.008	0.084
o_addr[2981]	OUTPUT	SIGNAL	M5	52.128	0.0	52.152	0.084
o_addr[2982]	OUTPUT	SIGNAL	M5	51.648	0.0	51.672	0.084
o_addr[2983]	OUTPUT	SIGNAL	M5	52.944	0.0	52.968	0.084
o_addr[2984]	OUTPUT	SIGNAL	M5	50.88	0.0	50.904	0.084
o_addr[2985]	OUTPUT	SIGNAL	M5	53.616	0.0	53.64	0.084
o_addr[2986]	OUTPUT	SIGNAL	M5	51.12	0.0	51.144	0.084
o_addr[2987]	OUTPUT	SIGNAL	M5	51.36	0.0	51.384	0.084
o_addr[2988]	OUTPUT	SIGNAL	M5	51.408	0.0	51.432	0.084
o_addr[2989]	OUTPUT	SIGNAL	M5	52.704	0.0	52.728	0.084
o_addr[298]	OUTPUT	SIGNAL	M4	0.0	94.992	0.084	95.016
o_addr[2990]	OUTPUT	SIGNAL	M5	53.664	0.0	53.688	0.084
o_addr[2991]	OUTPUT	SIGNAL	M5	53.856	0.0	53.88	0.084
o_addr[2992]	OUTPUT	SIGNAL	M5	66.72	0.0	66.744	0.084
o_addr[2993]	OUTPUT	SIGNAL	M5	58.608	0.0	58.632	0.084
o_addr[2994]	OUTPUT	SIGNAL	M5	57.792	0.0	57.816	0.084
o_addr[2995]	OUTPUT	SIGNAL	M5	56.544	0.0	56.568	0.084
o_addr[2996]	OUTPUT	SIGNAL	M5	59.76	0.0	59.784	0.084
o_addr[2997]	OUTPUT	SIGNAL	M5	56.976	0.0	57.0	0.084
o_addr[2998]	OUTPUT	SIGNAL	M5	54.048	0.0	54.072	0.084
o_addr[2999]	OUTPUT	SIGNAL	M5	64.32	0.0	64.344	0.084
o_addr[299]	OUTPUT	SIGNAL	M4	0.0	95.616	0.084	95.64
o_addr[29]	OUTPUT	SIGNAL	M4	335.529	148.08	335.613	148.104
o_addr[2]	OUTPUT	SIGNAL	M4	335.529	141.744	335.613	141.768
o_addr[3000]	OUTPUT	SIGNAL	M5	74.4	0.0	74.424	0.084
o_addr[3001]	OUTPUT	SIGNAL	M5	72.336	0.0	72.36	0.084
o_addr[3002]	OUTPUT	SIGNAL	M5	73.392	0.0	73.416	0.084
o_addr[3003]	OUTPUT	SIGNAL	M5	70.992	0.0	71.016	0.084
o_addr[3004]	OUTPUT	SIGNAL	M5	70.416	0.0	70.44	0.084
o_addr[3005]	OUTPUT	SIGNAL	M5	51.552	0.0	51.576	0.084
o_addr[3006]	OUTPUT	SIGNAL	M5	52.368	0.0	52.392	0.084
o_addr[3007]	OUTPUT	SIGNAL	M5	53.328	0.0	53.352	0.084
o_addr[3008]	OUTPUT	SIGNAL	M5	51.168	0.0	51.192	0.084
o_addr[3009]	OUTPUT	SIGNAL	M5	53.184	0.0	53.208	0.084
o_addr[300]	OUTPUT	SIGNAL	M4	0.0	89.424	0.084	89.448
o_addr[3010]	OUTPUT	SIGNAL	M5	50.928	0.0	50.952	0.084
o_addr[3011]	OUTPUT	SIGNAL	M5	50.832	0.0	50.856	0.084
o_addr[3012]	OUTPUT	SIGNAL	M5	51.6	0.0	51.624	0.084
o_addr[3013]	OUTPUT	SIGNAL	M5	52.512	0.0	52.536	0.084
o_addr[3014]	OUTPUT	SIGNAL	M5	51.312	0.0	51.336	0.084
o_addr[3015]	OUTPUT	SIGNAL	M5	51.456	0.0	51.48	0.084
o_addr[3016]	OUTPUT	SIGNAL	M5	68.112	0.0	68.136	0.084
o_addr[3017]	OUTPUT	SIGNAL	M5	60.96	0.0	60.984	0.084
o_addr[3018]	OUTPUT	SIGNAL	M5	61.968	0.0	61.992	0.084
o_addr[3019]	OUTPUT	SIGNAL	M5	65.616	0.0	65.64	0.084
o_addr[301]	OUTPUT	SIGNAL	M4	0.0	91.248	0.084	91.272
o_addr[3020]	OUTPUT	SIGNAL	M5	61.008	0.0	61.032	0.084
o_addr[3021]	OUTPUT	SIGNAL	M5	62.112	0.0	62.136	0.084
o_addr[3022]	OUTPUT	SIGNAL	M5	68.496	0.0	68.52	0.084
o_addr[3023]	OUTPUT	SIGNAL	M5	65.664	0.0	65.688	0.084
o_addr[3024]	OUTPUT	SIGNAL	M5	160.752	335.529	160.776	335.613
o_addr[3025]	OUTPUT	SIGNAL	M5	157.344	335.529	157.368	335.613
o_addr[3026]	OUTPUT	SIGNAL	M5	156.24	335.529	156.264	335.613
o_addr[3027]	OUTPUT	SIGNAL	M5	155.376	335.529	155.4	335.613
o_addr[3028]	OUTPUT	SIGNAL	M5	161.808	335.529	161.832	335.613
o_addr[3029]	OUTPUT	SIGNAL	M5	159.648	335.529	159.672	335.613
o_addr[302]	OUTPUT	SIGNAL	M4	0.0	93.696	0.084	93.72
o_addr[3030]	OUTPUT	SIGNAL	M5	161.856	335.529	161.88	335.613
o_addr[3031]	OUTPUT	SIGNAL	M5	161.376	335.529	161.4	335.613
o_addr[3032]	OUTPUT	SIGNAL	M5	161.952	335.529	161.976	335.613
o_addr[3033]	OUTPUT	SIGNAL	M5	161.328	335.529	161.352	335.613
o_addr[3034]	OUTPUT	SIGNAL	M5	162.048	335.529	162.072	335.613
o_addr[3035]	OUTPUT	SIGNAL	M5	162.0	335.529	162.024	335.613
o_addr[3036]	OUTPUT	SIGNAL	M5	158.064	335.529	158.088	335.613
o_addr[3037]	OUTPUT	SIGNAL	M5	161.904	335.529	161.928	335.613
o_addr[3038]	OUTPUT	SIGNAL	M5	161.184	335.529	161.208	335.613
o_addr[3039]	OUTPUT	SIGNAL	M5	161.664	335.529	161.688	335.613
o_addr[303]	OUTPUT	SIGNAL	M4	0.0	92.064	0.084	92.088
o_addr[3040]	OUTPUT	SIGNAL	M5	157.824	335.529	157.848	335.613
o_addr[3041]	OUTPUT	SIGNAL	M5	159.168	335.529	159.192	335.613
o_addr[3042]	OUTPUT	SIGNAL	M5	159.696	335.529	159.72	335.613
o_addr[3043]	OUTPUT	SIGNAL	M5	156.816	335.529	156.84	335.613
o_addr[3044]	OUTPUT	SIGNAL	M5	156.384	335.529	156.408	335.613
o_addr[3045]	OUTPUT	SIGNAL	M5	159.888	335.529	159.912	335.613
o_addr[3046]	OUTPUT	SIGNAL	M5	161.52	335.529	161.544	335.613
o_addr[3047]	OUTPUT	SIGNAL	M5	155.04	335.529	155.064	335.613
o_addr[3048]	OUTPUT	SIGNAL	M5	161.568	335.529	161.592	335.613
o_addr[3049]	OUTPUT	SIGNAL	M5	153.744	335.529	153.768	335.613
o_addr[304]	OUTPUT	SIGNAL	M4	0.0	89.328	0.084	89.352
o_addr[3050]	OUTPUT	SIGNAL	M5	155.568	335.529	155.592	335.613
o_addr[3051]	OUTPUT	SIGNAL	M5	160.32	335.529	160.344	335.613
o_addr[3052]	OUTPUT	SIGNAL	M5	159.744	335.529	159.768	335.613
o_addr[3053]	OUTPUT	SIGNAL	M5	155.664	335.529	155.688	335.613
o_addr[3054]	OUTPUT	SIGNAL	M5	160.944	335.529	160.968	335.613
o_addr[3055]	OUTPUT	SIGNAL	M5	161.712	335.529	161.736	335.613
o_addr[3056]	OUTPUT	SIGNAL	M5	156.912	335.529	156.936	335.613
o_addr[3057]	OUTPUT	SIGNAL	M5	161.088	335.529	161.112	335.613
o_addr[3058]	OUTPUT	SIGNAL	M5	161.136	335.529	161.16	335.613
o_addr[3059]	OUTPUT	SIGNAL	M5	160.656	335.529	160.68	335.613
o_addr[305]	OUTPUT	SIGNAL	M4	0.0	89.616	0.084	89.64
o_addr[3060]	OUTPUT	SIGNAL	M5	161.424	335.529	161.448	335.613
o_addr[3061]	OUTPUT	SIGNAL	M5	159.6	335.529	159.624	335.613
o_addr[3062]	OUTPUT	SIGNAL	M5	154.56	335.529	154.584	335.613
o_addr[3063]	OUTPUT	SIGNAL	M5	161.472	335.529	161.496	335.613
o_addr[3064]	OUTPUT	SIGNAL	M5	153.936	335.529	153.96	335.613
o_addr[3065]	OUTPUT	SIGNAL	M5	155.52	335.529	155.544	335.613
o_addr[3066]	OUTPUT	SIGNAL	M5	161.616	335.529	161.64	335.613
o_addr[3067]	OUTPUT	SIGNAL	M5	157.056	335.529	157.08	335.613
o_addr[3068]	OUTPUT	SIGNAL	M5	153.552	335.529	153.576	335.613
o_addr[3069]	OUTPUT	SIGNAL	M5	153.216	335.529	153.24	335.613
o_addr[306]	OUTPUT	SIGNAL	M4	0.0	90.768	0.084	90.792
o_addr[3070]	OUTPUT	SIGNAL	M5	161.76	335.529	161.784	335.613
o_addr[3071]	OUTPUT	SIGNAL	M5	153.6	335.529	153.624	335.613
o_addr[307]	OUTPUT	SIGNAL	M4	0.0	88.224	0.084	88.248
o_addr[308]	OUTPUT	SIGNAL	M4	0.0	92.88	0.084	92.904
o_addr[309]	OUTPUT	SIGNAL	M4	0.0	90.672	0.084	90.696
o_addr[30]	OUTPUT	SIGNAL	M4	335.529	146.16	335.613	146.184
o_addr[310]	OUTPUT	SIGNAL	M4	0.0	90.288	0.084	90.312
o_addr[311]	OUTPUT	SIGNAL	M4	0.0	82.368	0.084	82.392
o_addr[312]	OUTPUT	SIGNAL	M4	0.0	78.432	0.084	78.456
o_addr[313]	OUTPUT	SIGNAL	M4	0.0	77.328	0.084	77.352
o_addr[314]	OUTPUT	SIGNAL	M4	0.0	78.24	0.084	78.264
o_addr[315]	OUTPUT	SIGNAL	M4	0.0	76.944	0.084	76.968
o_addr[316]	OUTPUT	SIGNAL	M4	0.0	77.52	0.084	77.544
o_addr[317]	OUTPUT	SIGNAL	M4	0.0	95.952	0.084	95.976
o_addr[318]	OUTPUT	SIGNAL	M4	0.0	92.592	0.084	92.616
o_addr[319]	OUTPUT	SIGNAL	M4	0.0	93.264	0.084	93.288
o_addr[31]	OUTPUT	SIGNAL	M4	335.529	149.28	335.613	149.304
o_addr[320]	OUTPUT	SIGNAL	M4	0.0	96.192	0.084	96.216
o_addr[321]	OUTPUT	SIGNAL	M4	0.0	93.072	0.084	93.096
o_addr[322]	OUTPUT	SIGNAL	M4	0.0	96.0	0.084	96.024
o_addr[323]	OUTPUT	SIGNAL	M4	0.0	95.232	0.084	95.256
o_addr[324]	OUTPUT	SIGNAL	M4	0.0	93.024	0.084	93.048
o_addr[325]	OUTPUT	SIGNAL	M4	0.0	91.152	0.084	91.176
o_addr[326]	OUTPUT	SIGNAL	M4	0.0	91.728	0.084	91.752
o_addr[327]	OUTPUT	SIGNAL	M4	0.0	91.392	0.084	91.416
o_addr[328]	OUTPUT	SIGNAL	M4	0.0	88.272	0.084	88.296
o_addr[329]	OUTPUT	SIGNAL	M4	0.0	86.88	0.084	86.904
o_addr[32]	OUTPUT	SIGNAL	M4	335.529	147.12	335.613	147.144
o_addr[330]	OUTPUT	SIGNAL	M4	0.0	88.368	0.084	88.392
o_addr[331]	OUTPUT	SIGNAL	M4	0.0	85.248	0.084	85.272
o_addr[332]	OUTPUT	SIGNAL	M4	0.0	90.432	0.084	90.456
o_addr[333]	OUTPUT	SIGNAL	M4	0.0	90.144	0.084	90.168
o_addr[334]	OUTPUT	SIGNAL	M4	0.0	93.456	0.084	93.48
o_addr[335]	OUTPUT	SIGNAL	M4	0.0	83.28	0.084	83.304
o_addr[336]	OUTPUT	SIGNAL	M4	0.0	183.168	0.084	183.192
o_addr[337]	OUTPUT	SIGNAL	M4	0.0	181.728	0.084	181.752
o_addr[338]	OUTPUT	SIGNAL	M4	0.0	183.12	0.084	183.144
o_addr[339]	OUTPUT	SIGNAL	M4	0.0	181.776	0.084	181.8
o_addr[33]	OUTPUT	SIGNAL	M4	335.529	150.624	335.613	150.648
o_addr[340]	OUTPUT	SIGNAL	M4	0.0	182.832	0.084	182.856
o_addr[341]	OUTPUT	SIGNAL	M4	0.0	176.304	0.084	176.328
o_addr[342]	OUTPUT	SIGNAL	M4	0.0	176.208	0.084	176.232
o_addr[343]	OUTPUT	SIGNAL	M4	0.0	174.768	0.084	174.792
o_addr[344]	OUTPUT	SIGNAL	M4	0.0	174.24	0.084	174.264
o_addr[345]	OUTPUT	SIGNAL	M4	0.0	173.136	0.084	173.16
o_addr[346]	OUTPUT	SIGNAL	M4	0.0	174.72	0.084	174.744
o_addr[347]	OUTPUT	SIGNAL	M4	0.0	172.368	0.084	172.392
o_addr[348]	OUTPUT	SIGNAL	M4	0.0	172.128	0.084	172.152
o_addr[349]	OUTPUT	SIGNAL	M4	0.0	171.792	0.084	171.816
o_addr[34]	OUTPUT	SIGNAL	M4	335.529	149.184	335.613	149.208
o_addr[350]	OUTPUT	SIGNAL	M4	0.0	171.936	0.084	171.96
o_addr[351]	OUTPUT	SIGNAL	M4	0.0	161.376	0.084	161.4
o_addr[352]	OUTPUT	SIGNAL	M4	0.0	177.408	0.084	177.432
o_addr[353]	OUTPUT	SIGNAL	M4	0.0	174.864	0.084	174.888
o_addr[354]	OUTPUT	SIGNAL	M4	0.0	178.416	0.084	178.44
o_addr[355]	OUTPUT	SIGNAL	M4	0.0	182.64	0.084	182.664
o_addr[356]	OUTPUT	SIGNAL	M4	0.0	160.512	0.084	160.536
o_addr[357]	OUTPUT	SIGNAL	M4	0.0	172.08	0.084	172.104
o_addr[358]	OUTPUT	SIGNAL	M4	0.0	180.96	0.084	180.984
o_addr[359]	OUTPUT	SIGNAL	M4	0.0	180.912	0.084	180.936
o_addr[35]	OUTPUT	SIGNAL	M4	335.529	151.44	335.613	151.464
o_addr[360]	OUTPUT	SIGNAL	M4	0.0	182.688	0.084	182.712
o_addr[361]	OUTPUT	SIGNAL	M4	0.0	182.736	0.084	182.76
o_addr[362]	OUTPUT	SIGNAL	M4	0.0	183.696	0.084	183.72
o_addr[363]	OUTPUT	SIGNAL	M4	0.0	182.352	0.084	182.376
o_addr[364]	OUTPUT	SIGNAL	M4	0.0	182.016	0.084	182.04
o_addr[365]	OUTPUT	SIGNAL	M4	0.0	176.928	0.084	176.952
o_addr[366]	OUTPUT	SIGNAL	M4	0.0	174.336	0.084	174.36
o_addr[367]	OUTPUT	SIGNAL	M4	0.0	174.432	0.084	174.456
o_addr[368]	OUTPUT	SIGNAL	M4	0.0	173.28	0.084	173.304
o_addr[369]	OUTPUT	SIGNAL	M4	0.0	174.096	0.084	174.12
o_addr[36]	OUTPUT	SIGNAL	M4	335.529	151.728	335.613	151.752
o_addr[370]	OUTPUT	SIGNAL	M4	0.0	174.048	0.084	174.072
o_addr[371]	OUTPUT	SIGNAL	M4	0.0	172.032	0.084	172.056
o_addr[372]	OUTPUT	SIGNAL	M4	0.0	171.744	0.084	171.768
o_addr[373]	OUTPUT	SIGNAL	M4	0.0	171.84	0.084	171.864
o_addr[374]	OUTPUT	SIGNAL	M4	0.0	171.888	0.084	171.912
o_addr[375]	OUTPUT	SIGNAL	M4	0.0	153.12	0.084	153.144
o_addr[376]	OUTPUT	SIGNAL	M4	0.0	174.528	0.084	174.552
o_addr[377]	OUTPUT	SIGNAL	M4	0.0	179.04	0.084	179.064
o_addr[378]	OUTPUT	SIGNAL	M4	0.0	179.328	0.084	179.352
o_addr[379]	OUTPUT	SIGNAL	M4	0.0	184.272	0.084	184.296
o_addr[37]	OUTPUT	SIGNAL	M4	335.529	150.336	335.613	150.36
o_addr[380]	OUTPUT	SIGNAL	M4	0.0	161.52	0.084	161.544
o_addr[381]	OUTPUT	SIGNAL	M4	0.0	171.984	0.084	172.008
o_addr[382]	OUTPUT	SIGNAL	M4	0.0	171.696	0.084	171.72
o_addr[383]	OUTPUT	SIGNAL	M4	0.0	180.432	0.084	180.456
o_addr[384]	OUTPUT	SIGNAL	M5	267.696	0.0	267.72	0.084
o_addr[385]	OUTPUT	SIGNAL	M5	270.24	0.0	270.264	0.084
o_addr[386]	OUTPUT	SIGNAL	M5	270.72	0.0	270.744	0.084
o_addr[387]	OUTPUT	SIGNAL	M5	273.216	0.0	273.24	0.084
o_addr[388]	OUTPUT	SIGNAL	M5	266.832	0.0	266.856	0.084
o_addr[389]	OUTPUT	SIGNAL	M5	268.752	0.0	268.776	0.084
o_addr[38]	OUTPUT	SIGNAL	M4	335.529	149.952	335.613	149.976
o_addr[390]	OUTPUT	SIGNAL	M5	274.032	0.0	274.056	0.084
o_addr[391]	OUTPUT	SIGNAL	M5	279.168	0.0	279.192	0.084
o_addr[392]	OUTPUT	SIGNAL	M5	278.592	0.0	278.616	0.084
o_addr[393]	OUTPUT	SIGNAL	M5	280.512	0.0	280.536	0.084
o_addr[394]	OUTPUT	SIGNAL	M5	281.04	0.0	281.064	0.084
o_addr[395]	OUTPUT	SIGNAL	M5	280.608	0.0	280.632	0.084
o_addr[396]	OUTPUT	SIGNAL	M5	280.464	0.0	280.488	0.084
o_addr[397]	OUTPUT	SIGNAL	M5	282.576	0.0	282.6	0.084
o_addr[398]	OUTPUT	SIGNAL	M5	281.088	0.0	281.112	0.084
o_addr[399]	OUTPUT	SIGNAL	M5	280.8	0.0	280.824	0.084
o_addr[39]	OUTPUT	SIGNAL	M4	335.529	142.8	335.613	142.824
o_addr[3]	OUTPUT	SIGNAL	M4	335.529	143.808	335.613	143.832
o_addr[400]	OUTPUT	SIGNAL	M5	283.152	0.0	283.176	0.084
o_addr[401]	OUTPUT	SIGNAL	M5	282.816	0.0	282.84	0.084
o_addr[402]	OUTPUT	SIGNAL	M5	281.424	0.0	281.448	0.084
o_addr[403]	OUTPUT	SIGNAL	M5	281.232	0.0	281.256	0.084
o_addr[404]	OUTPUT	SIGNAL	M5	278.016	0.0	278.04	0.084
o_addr[405]	OUTPUT	SIGNAL	M5	280.128	0.0	280.152	0.084
o_addr[406]	OUTPUT	SIGNAL	M5	278.4	0.0	278.424	0.084
o_addr[407]	OUTPUT	SIGNAL	M5	268.848	0.0	268.872	0.084
o_addr[408]	OUTPUT	SIGNAL	M5	267.984	0.0	268.008	0.084
o_addr[409]	OUTPUT	SIGNAL	M5	271.488	0.0	271.512	0.084
o_addr[40]	OUTPUT	SIGNAL	M4	335.529	145.296	335.613	145.32
o_addr[410]	OUTPUT	SIGNAL	M5	271.68	0.0	271.704	0.084
o_addr[411]	OUTPUT	SIGNAL	M5	273.888	0.0	273.912	0.084
o_addr[412]	OUTPUT	SIGNAL	M5	266.4	0.0	266.424	0.084
o_addr[413]	OUTPUT	SIGNAL	M5	268.32	0.0	268.344	0.084
o_addr[414]	OUTPUT	SIGNAL	M5	274.176	0.0	274.2	0.084
o_addr[415]	OUTPUT	SIGNAL	M5	277.968	0.0	277.992	0.084
o_addr[416]	OUTPUT	SIGNAL	M5	278.448	0.0	278.472	0.084
o_addr[417]	OUTPUT	SIGNAL	M5	280.224	0.0	280.248	0.084
o_addr[418]	OUTPUT	SIGNAL	M5	281.376	0.0	281.4	0.084
o_addr[419]	OUTPUT	SIGNAL	M5	282.672	0.0	282.696	0.084
o_addr[41]	OUTPUT	SIGNAL	M4	335.529	148.848	335.613	148.872
o_addr[420]	OUTPUT	SIGNAL	M5	280.704	0.0	280.728	0.084
o_addr[421]	OUTPUT	SIGNAL	M5	283.344	0.0	283.368	0.084
o_addr[422]	OUTPUT	SIGNAL	M5	281.568	0.0	281.592	0.084
o_addr[423]	OUTPUT	SIGNAL	M5	281.136	0.0	281.16	0.084
o_addr[424]	OUTPUT	SIGNAL	M5	283.248	0.0	283.272	0.084
o_addr[425]	OUTPUT	SIGNAL	M5	282.72	0.0	282.744	0.084
o_addr[426]	OUTPUT	SIGNAL	M5	281.328	0.0	281.352	0.084
o_addr[427]	OUTPUT	SIGNAL	M5	281.28	0.0	281.304	0.084
o_addr[428]	OUTPUT	SIGNAL	M5	277.68	0.0	277.704	0.084
o_addr[429]	OUTPUT	SIGNAL	M5	279.456	0.0	279.48	0.084
o_addr[42]	OUTPUT	SIGNAL	M4	335.529	151.584	335.613	151.608
o_addr[430]	OUTPUT	SIGNAL	M5	276.864	0.0	276.888	0.084
o_addr[431]	OUTPUT	SIGNAL	M5	270.768	0.0	270.792	0.084
o_addr[432]	OUTPUT	SIGNAL	M5	210.768	0.0	210.792	0.084
o_addr[433]	OUTPUT	SIGNAL	M5	212.304	0.0	212.328	0.084
o_addr[434]	OUTPUT	SIGNAL	M5	215.52	0.0	215.544	0.084
o_addr[435]	OUTPUT	SIGNAL	M5	212.544	0.0	212.568	0.084
o_addr[436]	OUTPUT	SIGNAL	M5	212.736	0.0	212.76	0.084
o_addr[437]	OUTPUT	SIGNAL	M5	216.336	0.0	216.36	0.084
o_addr[438]	OUTPUT	SIGNAL	M5	217.248	0.0	217.272	0.084
o_addr[439]	OUTPUT	SIGNAL	M5	219.744	0.0	219.768	0.084
o_addr[43]	OUTPUT	SIGNAL	M4	335.529	151.296	335.613	151.32
o_addr[440]	OUTPUT	SIGNAL	M5	222.048	0.0	222.072	0.084
o_addr[441]	OUTPUT	SIGNAL	M5	225.792	0.0	225.816	0.084
o_addr[442]	OUTPUT	SIGNAL	M5	230.256	0.0	230.28	0.084
o_addr[443]	OUTPUT	SIGNAL	M5	229.872	0.0	229.896	0.084
o_addr[444]	OUTPUT	SIGNAL	M5	228.24	0.0	228.264	0.084
o_addr[445]	OUTPUT	SIGNAL	M5	231.264	0.0	231.288	0.084
o_addr[446]	OUTPUT	SIGNAL	M5	229.008	0.0	229.032	0.084
o_addr[447]	OUTPUT	SIGNAL	M5	226.992	0.0	227.016	0.084
o_addr[448]	OUTPUT	SIGNAL	M5	215.184	0.0	215.208	0.084
o_addr[449]	OUTPUT	SIGNAL	M5	228.0	0.0	228.024	0.084
o_addr[44]	OUTPUT	SIGNAL	M4	335.529	147.312	335.613	147.336
o_addr[450]	OUTPUT	SIGNAL	M5	224.256	0.0	224.28	0.084
o_addr[451]	OUTPUT	SIGNAL	M5	230.208	0.0	230.232	0.084
o_addr[452]	OUTPUT	SIGNAL	M5	231.168	0.0	231.192	0.084
o_addr[453]	OUTPUT	SIGNAL	M5	231.12	0.0	231.144	0.084
o_addr[454]	OUTPUT	SIGNAL	M5	224.304	0.0	224.328	0.084
o_addr[455]	OUTPUT	SIGNAL	M5	224.112	0.0	224.136	0.084
o_addr[456]	OUTPUT	SIGNAL	M5	211.296	0.0	211.32	0.084
o_addr[457]	OUTPUT	SIGNAL	M5	214.224	0.0	214.248	0.084
o_addr[458]	OUTPUT	SIGNAL	M5	216.384	0.0	216.408	0.084
o_addr[459]	OUTPUT	SIGNAL	M5	213.888	0.0	213.912	0.084
o_addr[45]	OUTPUT	SIGNAL	M4	335.529	147.216	335.613	147.24
o_addr[460]	OUTPUT	SIGNAL	M5	214.08	0.0	214.104	0.084
o_addr[461]	OUTPUT	SIGNAL	M5	216.816	0.0	216.84	0.084
o_addr[462]	OUTPUT	SIGNAL	M5	218.496	0.0	218.52	0.084
o_addr[463]	OUTPUT	SIGNAL	M5	219.552	0.0	219.576	0.084
o_addr[464]	OUTPUT	SIGNAL	M5	220.944	0.0	220.968	0.084
o_addr[465]	OUTPUT	SIGNAL	M5	224.832	0.0	224.856	0.084
o_addr[466]	OUTPUT	SIGNAL	M5	229.728	0.0	229.752	0.084
o_addr[467]	OUTPUT	SIGNAL	M5	229.056	0.0	229.08	0.084
o_addr[468]	OUTPUT	SIGNAL	M5	228.72	0.0	228.744	0.084
o_addr[469]	OUTPUT	SIGNAL	M5	230.736	0.0	230.76	0.084
o_addr[46]	OUTPUT	SIGNAL	M4	335.529	148.224	335.613	148.248
o_addr[470]	OUTPUT	SIGNAL	M5	229.2	0.0	229.224	0.084
o_addr[471]	OUTPUT	SIGNAL	M5	226.368	0.0	226.392	0.084
o_addr[472]	OUTPUT	SIGNAL	M5	215.616	0.0	215.64	0.084
o_addr[473]	OUTPUT	SIGNAL	M5	228.096	0.0	228.12	0.084
o_addr[474]	OUTPUT	SIGNAL	M5	223.056	0.0	223.08	0.084
o_addr[475]	OUTPUT	SIGNAL	M5	227.904	0.0	227.928	0.084
o_addr[476]	OUTPUT	SIGNAL	M5	228.816	0.0	228.84	0.084
o_addr[477]	OUTPUT	SIGNAL	M5	228.288	0.0	228.312	0.084
o_addr[478]	OUTPUT	SIGNAL	M5	223.968	0.0	223.992	0.084
o_addr[479]	OUTPUT	SIGNAL	M5	224.016	0.0	224.04	0.084
o_addr[47]	OUTPUT	SIGNAL	M4	335.529	142.224	335.613	142.248
o_addr[480]	OUTPUT	SIGNAL	M5	231.84	0.0	231.864	0.084
o_addr[481]	OUTPUT	SIGNAL	M5	233.568	0.0	233.592	0.084
o_addr[482]	OUTPUT	SIGNAL	M5	232.32	0.0	232.344	0.084
o_addr[483]	OUTPUT	SIGNAL	M5	233.808	0.0	233.832	0.084
o_addr[484]	OUTPUT	SIGNAL	M5	233.856	0.0	233.88	0.084
o_addr[485]	OUTPUT	SIGNAL	M5	237.312	0.0	237.336	0.084
o_addr[486]	OUTPUT	SIGNAL	M5	235.824	0.0	235.848	0.084
o_addr[487]	OUTPUT	SIGNAL	M5	240.096	0.0	240.12	0.084
o_addr[488]	OUTPUT	SIGNAL	M5	238.8	0.0	238.824	0.084
o_addr[489]	OUTPUT	SIGNAL	M5	239.136	0.0	239.16	0.084
o_addr[48]	OUTPUT	SIGNAL	M4	335.529	101.232	335.613	101.256
o_addr[490]	OUTPUT	SIGNAL	M5	240.288	0.0	240.312	0.084
o_addr[491]	OUTPUT	SIGNAL	M5	242.016	0.0	242.04	0.084
o_addr[492]	OUTPUT	SIGNAL	M5	241.728	0.0	241.752	0.084
o_addr[493]	OUTPUT	SIGNAL	M5	245.424	0.0	245.448	0.084
o_addr[494]	OUTPUT	SIGNAL	M5	246.48	0.0	246.504	0.084
o_addr[495]	OUTPUT	SIGNAL	M5	247.2	0.0	247.224	0.084
o_addr[496]	OUTPUT	SIGNAL	M5	244.272	0.0	244.296	0.084
o_addr[497]	OUTPUT	SIGNAL	M5	244.992	0.0	245.016	0.084
o_addr[498]	OUTPUT	SIGNAL	M5	245.472	0.0	245.496	0.084
o_addr[499]	OUTPUT	SIGNAL	M5	248.304	0.0	248.328	0.084
o_addr[49]	OUTPUT	SIGNAL	M4	335.529	101.136	335.613	101.16
o_addr[4]	OUTPUT	SIGNAL	M4	335.529	142.032	335.613	142.056
o_addr[500]	OUTPUT	SIGNAL	M4	335.529	86.352	335.613	86.376
o_addr[501]	OUTPUT	SIGNAL	M4	335.529	85.104	335.613	85.128
o_addr[502]	OUTPUT	SIGNAL	M4	335.529	86.16	335.613	86.184
o_addr[503]	OUTPUT	SIGNAL	M4	335.529	83.088	335.613	83.112
o_addr[504]	OUTPUT	SIGNAL	M5	231.36	0.0	231.384	0.084
o_addr[505]	OUTPUT	SIGNAL	M5	234.432	0.0	234.456	0.084
o_addr[506]	OUTPUT	SIGNAL	M5	233.472	0.0	233.496	0.084
o_addr[507]	OUTPUT	SIGNAL	M5	234.96	0.0	234.984	0.084
o_addr[508]	OUTPUT	SIGNAL	M5	235.008	0.0	235.032	0.084
o_addr[509]	OUTPUT	SIGNAL	M5	236.88	0.0	236.904	0.084
o_addr[50]	OUTPUT	SIGNAL	M4	335.529	102.624	335.613	102.648
o_addr[510]	OUTPUT	SIGNAL	M5	237.072	0.0	237.096	0.084
o_addr[511]	OUTPUT	SIGNAL	M5	240.384	0.0	240.408	0.084
o_addr[512]	OUTPUT	SIGNAL	M5	239.184	0.0	239.208	0.084
o_addr[513]	OUTPUT	SIGNAL	M5	238.32	0.0	238.344	0.084
o_addr[514]	OUTPUT	SIGNAL	M5	240.576	0.0	240.6	0.084
o_addr[515]	OUTPUT	SIGNAL	M5	241.968	0.0	241.992	0.084
o_addr[516]	OUTPUT	SIGNAL	M5	241.872	0.0	241.896	0.084
o_addr[517]	OUTPUT	SIGNAL	M5	244.896	0.0	244.92	0.084
o_addr[518]	OUTPUT	SIGNAL	M5	246.672	0.0	246.696	0.084
o_addr[519]	OUTPUT	SIGNAL	M5	246.816	0.0	246.84	0.084
o_addr[51]	OUTPUT	SIGNAL	M4	335.529	103.632	335.613	103.656
o_addr[520]	OUTPUT	SIGNAL	M5	243.408	0.0	243.432	0.084
o_addr[521]	OUTPUT	SIGNAL	M5	243.456	0.0	243.48	0.084
o_addr[522]	OUTPUT	SIGNAL	M5	244.32	0.0	244.344	0.084
o_addr[523]	OUTPUT	SIGNAL	M5	248.112	0.0	248.136	0.084
o_addr[524]	OUTPUT	SIGNAL	M5	249.312	0.0	249.336	0.084
o_addr[525]	OUTPUT	SIGNAL	M4	335.529	85.296	335.613	85.32
o_addr[526]	OUTPUT	SIGNAL	M4	335.529	86.736	335.613	86.76
o_addr[527]	OUTPUT	SIGNAL	M4	335.529	84.144	335.613	84.168
o_addr[528]	OUTPUT	SIGNAL	M5	243.936	335.529	243.96	335.613
o_addr[529]	OUTPUT	SIGNAL	M5	243.744	335.529	243.768	335.613
o_addr[52]	OUTPUT	SIGNAL	M4	335.529	104.976	335.613	105.0
o_addr[530]	OUTPUT	SIGNAL	M5	244.56	335.529	244.584	335.613
o_addr[531]	OUTPUT	SIGNAL	M5	240.288	335.529	240.312	335.613
o_addr[532]	OUTPUT	SIGNAL	M5	244.176	335.529	244.2	335.613
o_addr[533]	OUTPUT	SIGNAL	M5	238.704	335.529	238.728	335.613
o_addr[534]	OUTPUT	SIGNAL	M5	237.264	335.529	237.288	335.613
o_addr[535]	OUTPUT	SIGNAL	M5	237.984	335.529	238.008	335.613
o_addr[536]	OUTPUT	SIGNAL	M5	236.304	335.529	236.328	335.613
o_addr[537]	OUTPUT	SIGNAL	M5	235.488	335.529	235.512	335.613
o_addr[538]	OUTPUT	SIGNAL	M5	233.856	335.529	233.88	335.613
o_addr[539]	OUTPUT	SIGNAL	M5	233.472	335.529	233.496	335.613
o_addr[53]	OUTPUT	SIGNAL	M4	335.529	91.968	335.613	91.992
o_addr[540]	OUTPUT	SIGNAL	M5	232.512	335.529	232.536	335.613
o_addr[541]	OUTPUT	SIGNAL	M5	231.456	335.529	231.48	335.613
o_addr[542]	OUTPUT	SIGNAL	M5	230.784	335.529	230.808	335.613
o_addr[543]	OUTPUT	SIGNAL	M5	229.152	335.529	229.176	335.613
o_addr[544]	OUTPUT	SIGNAL	M5	228.192	335.529	228.216	335.613
o_addr[545]	OUTPUT	SIGNAL	M5	223.776	335.529	223.8	335.613
o_addr[546]	OUTPUT	SIGNAL	M5	224.448	335.529	224.472	335.613
o_addr[547]	OUTPUT	SIGNAL	M5	223.008	335.529	223.032	335.613
o_addr[548]	OUTPUT	SIGNAL	M5	227.28	335.529	227.304	335.613
o_addr[549]	OUTPUT	SIGNAL	M5	222.672	335.529	222.696	335.613
o_addr[54]	OUTPUT	SIGNAL	M4	335.529	90.528	335.613	90.552
o_addr[550]	OUTPUT	SIGNAL	M5	225.168	335.529	225.192	335.613
o_addr[551]	OUTPUT	SIGNAL	M5	224.016	335.529	224.04	335.613
o_addr[552]	OUTPUT	SIGNAL	M5	245.04	335.529	245.064	335.613
o_addr[553]	OUTPUT	SIGNAL	M5	246.768	335.529	246.792	335.613
o_addr[554]	OUTPUT	SIGNAL	M5	242.928	335.529	242.952	335.613
o_addr[555]	OUTPUT	SIGNAL	M5	245.952	335.529	245.976	335.613
o_addr[556]	OUTPUT	SIGNAL	M5	241.2	335.529	241.224	335.613
o_addr[557]	OUTPUT	SIGNAL	M5	238.752	335.529	238.776	335.613
o_addr[558]	OUTPUT	SIGNAL	M5	237.408	335.529	237.432	335.613
o_addr[559]	OUTPUT	SIGNAL	M5	238.512	335.529	238.536	335.613
o_addr[55]	OUTPUT	SIGNAL	M4	335.529	90.624	335.613	90.648
o_addr[560]	OUTPUT	SIGNAL	M5	236.256	335.529	236.28	335.613
o_addr[561]	OUTPUT	SIGNAL	M5	235.44	335.529	235.464	335.613
o_addr[562]	OUTPUT	SIGNAL	M5	234.096	335.529	234.12	335.613
o_addr[563]	OUTPUT	SIGNAL	M5	234.24	335.529	234.264	335.613
o_addr[564]	OUTPUT	SIGNAL	M5	232.752	335.529	232.776	335.613
o_addr[565]	OUTPUT	SIGNAL	M5	231.6	335.529	231.624	335.613
o_addr[566]	OUTPUT	SIGNAL	M5	231.312	335.529	231.336	335.613
o_addr[567]	OUTPUT	SIGNAL	M5	229.968	335.529	229.992	335.613
o_addr[568]	OUTPUT	SIGNAL	M5	229.056	335.529	229.08	335.613
o_addr[569]	OUTPUT	SIGNAL	M5	226.416	335.529	226.44	335.613
o_addr[56]	OUTPUT	SIGNAL	M4	335.529	89.664	335.613	89.688
o_addr[570]	OUTPUT	SIGNAL	M5	223.968	335.529	223.992	335.613
o_addr[571]	OUTPUT	SIGNAL	M5	222.288	335.529	222.312	335.613
o_addr[572]	OUTPUT	SIGNAL	M5	228.096	335.529	228.12	335.613
o_addr[573]	OUTPUT	SIGNAL	M5	222.384	335.529	222.408	335.613
o_addr[574]	OUTPUT	SIGNAL	M5	225.264	335.529	225.288	335.613
o_addr[575]	OUTPUT	SIGNAL	M5	223.584	335.529	223.608	335.613
o_addr[576]	OUTPUT	SIGNAL	M5	212.64	335.529	212.664	335.613
o_addr[577]	OUTPUT	SIGNAL	M5	211.536	335.529	211.56	335.613
o_addr[578]	OUTPUT	SIGNAL	M5	213.168	335.529	213.192	335.613
o_addr[579]	OUTPUT	SIGNAL	M5	209.952	335.529	209.976	335.613
o_addr[57]	OUTPUT	SIGNAL	M4	335.529	89.952	335.613	89.976
o_addr[580]	OUTPUT	SIGNAL	M5	211.488	335.529	211.512	335.613
o_addr[581]	OUTPUT	SIGNAL	M5	226.272	335.529	226.296	335.613
o_addr[582]	OUTPUT	SIGNAL	M5	227.904	335.529	227.928	335.613
o_addr[583]	OUTPUT	SIGNAL	M5	217.968	335.529	217.992	335.613
o_addr[584]	OUTPUT	SIGNAL	M5	208.944	335.529	208.968	335.613
o_addr[585]	OUTPUT	SIGNAL	M5	224.784	335.529	224.808	335.613
o_addr[586]	OUTPUT	SIGNAL	M5	225.024	335.529	225.048	335.613
o_addr[587]	OUTPUT	SIGNAL	M5	214.32	335.529	214.344	335.613
o_addr[588]	OUTPUT	SIGNAL	M5	224.208	335.529	224.232	335.613
o_addr[589]	OUTPUT	SIGNAL	M5	218.832	335.529	218.856	335.613
o_addr[58]	OUTPUT	SIGNAL	M4	335.529	108.24	335.613	108.264
o_addr[590]	OUTPUT	SIGNAL	M5	211.92	335.529	211.944	335.613
o_addr[591]	OUTPUT	SIGNAL	M5	226.464	335.529	226.488	335.613
o_addr[592]	OUTPUT	SIGNAL	M5	225.072	335.529	225.096	335.613
o_addr[593]	OUTPUT	SIGNAL	M5	208.08	335.529	208.104	335.613
o_addr[594]	OUTPUT	SIGNAL	M5	209.232	335.529	209.256	335.613
o_addr[595]	OUTPUT	SIGNAL	M5	210.864	335.529	210.888	335.613
o_addr[596]	OUTPUT	SIGNAL	M5	215.952	335.529	215.976	335.613
o_addr[597]	OUTPUT	SIGNAL	M5	219.552	335.529	219.576	335.613
o_addr[598]	OUTPUT	SIGNAL	M5	227.04	335.529	227.064	335.613
o_addr[599]	OUTPUT	SIGNAL	M5	213.216	335.529	213.24	335.613
o_addr[59]	OUTPUT	SIGNAL	M4	335.529	106.272	335.613	106.296
o_addr[5]	OUTPUT	SIGNAL	M4	335.529	148.176	335.613	148.2
o_addr[600]	OUTPUT	SIGNAL	M5	214.848	335.529	214.872	335.613
o_addr[601]	OUTPUT	SIGNAL	M5	212.112	335.529	212.136	335.613
o_addr[602]	OUTPUT	SIGNAL	M5	212.208	335.529	212.232	335.613
o_addr[603]	OUTPUT	SIGNAL	M5	208.128	335.529	208.152	335.613
o_addr[604]	OUTPUT	SIGNAL	M5	210.048	335.529	210.072	335.613
o_addr[605]	OUTPUT	SIGNAL	M5	227.76	335.529	227.784	335.613
o_addr[606]	OUTPUT	SIGNAL	M5	209.904	335.529	209.928	335.613
o_addr[607]	OUTPUT	SIGNAL	M5	209.856	335.529	209.88	335.613
o_addr[608]	OUTPUT	SIGNAL	M5	208.608	335.529	208.632	335.613
o_addr[609]	OUTPUT	SIGNAL	M5	227.808	335.529	227.832	335.613
o_addr[60]	OUTPUT	SIGNAL	M4	335.529	107.232	335.613	107.256
o_addr[610]	OUTPUT	SIGNAL	M5	209.808	335.529	209.832	335.613
o_addr[611]	OUTPUT	SIGNAL	M5	207.456	335.529	207.48	335.613
o_addr[612]	OUTPUT	SIGNAL	M5	209.616	335.529	209.64	335.613
o_addr[613]	OUTPUT	SIGNAL	M5	209.76	335.529	209.784	335.613
o_addr[614]	OUTPUT	SIGNAL	M5	210.0	335.529	210.024	335.613
o_addr[615]	OUTPUT	SIGNAL	M5	227.232	335.529	227.256	335.613
o_addr[616]	OUTPUT	SIGNAL	M5	209.04	335.529	209.064	335.613
o_addr[617]	OUTPUT	SIGNAL	M5	208.656	335.529	208.68	335.613
o_addr[618]	OUTPUT	SIGNAL	M5	207.216	335.529	207.24	335.613
o_addr[619]	OUTPUT	SIGNAL	M5	207.504	335.529	207.528	335.613
o_addr[61]	OUTPUT	SIGNAL	M4	335.529	108.384	335.613	108.408
o_addr[620]	OUTPUT	SIGNAL	M5	207.072	335.529	207.096	335.613
o_addr[621]	OUTPUT	SIGNAL	M5	227.856	335.529	227.88	335.613
o_addr[622]	OUTPUT	SIGNAL	M5	209.136	335.529	209.16	335.613
o_addr[623]	OUTPUT	SIGNAL	M5	207.264	335.529	207.288	335.613
o_addr[624]	OUTPUT	SIGNAL	M5	200.688	335.529	200.712	335.613
o_addr[625]	OUTPUT	SIGNAL	M5	200.64	335.529	200.664	335.613
o_addr[626]	OUTPUT	SIGNAL	M5	200.544	335.529	200.568	335.613
o_addr[627]	OUTPUT	SIGNAL	M5	155.712	335.529	155.736	335.613
o_addr[628]	OUTPUT	SIGNAL	M5	156.144	335.529	156.168	335.613
o_addr[629]	OUTPUT	SIGNAL	M5	200.928	335.529	200.952	335.613
o_addr[62]	OUTPUT	SIGNAL	M4	335.529	108.288	335.613	108.312
o_addr[630]	OUTPUT	SIGNAL	M5	201.408	335.529	201.432	335.613
o_addr[631]	OUTPUT	SIGNAL	M5	201.264	335.529	201.288	335.613
o_addr[632]	OUTPUT	SIGNAL	M5	201.936	335.529	201.96	335.613
o_addr[633]	OUTPUT	SIGNAL	M5	201.744	335.529	201.768	335.613
o_addr[634]	OUTPUT	SIGNAL	M5	201.6	335.529	201.624	335.613
o_addr[635]	OUTPUT	SIGNAL	M5	201.888	335.529	201.912	335.613
o_addr[636]	OUTPUT	SIGNAL	M5	201.504	335.529	201.528	335.613
o_addr[637]	OUTPUT	SIGNAL	M5	201.84	335.529	201.864	335.613
o_addr[638]	OUTPUT	SIGNAL	M5	201.792	335.529	201.816	335.613
o_addr[639]	OUTPUT	SIGNAL	M5	201.216	335.529	201.24	335.613
o_addr[63]	OUTPUT	SIGNAL	M4	335.529	106.032	335.613	106.056
o_addr[640]	OUTPUT	SIGNAL	M5	200.736	335.529	200.76	335.613
o_addr[641]	OUTPUT	SIGNAL	M5	200.784	335.529	200.808	335.613
o_addr[642]	OUTPUT	SIGNAL	M5	200.832	335.529	200.856	335.613
o_addr[643]	OUTPUT	SIGNAL	M5	200.88	335.529	200.904	335.613
o_addr[644]	OUTPUT	SIGNAL	M5	201.168	335.529	201.192	335.613
o_addr[645]	OUTPUT	SIGNAL	M5	201.072	335.529	201.096	335.613
o_addr[646]	OUTPUT	SIGNAL	M5	201.12	335.529	201.144	335.613
o_addr[647]	OUTPUT	SIGNAL	M5	200.976	335.529	201.0	335.613
o_addr[648]	OUTPUT	SIGNAL	M5	200.496	335.529	200.52	335.613
o_addr[649]	OUTPUT	SIGNAL	M5	200.592	335.529	200.616	335.613
o_addr[64]	OUTPUT	SIGNAL	M4	335.529	106.944	335.613	106.968
o_addr[650]	OUTPUT	SIGNAL	M5	221.04	335.529	221.064	335.613
o_addr[651]	OUTPUT	SIGNAL	M5	153.792	335.529	153.816	335.613
o_addr[652]	OUTPUT	SIGNAL	M5	155.28	335.529	155.304	335.613
o_addr[653]	OUTPUT	SIGNAL	M5	222.816	335.529	222.84	335.613
o_addr[654]	OUTPUT	SIGNAL	M5	224.88	335.529	224.904	335.613
o_addr[655]	OUTPUT	SIGNAL	M5	224.736	335.529	224.76	335.613
o_addr[656]	OUTPUT	SIGNAL	M5	227.712	335.529	227.736	335.613
o_addr[657]	OUTPUT	SIGNAL	M5	223.872	335.529	223.896	335.613
o_addr[658]	OUTPUT	SIGNAL	M5	225.6	335.529	225.624	335.613
o_addr[659]	OUTPUT	SIGNAL	M5	226.656	335.529	226.68	335.613
o_addr[65]	OUTPUT	SIGNAL	M4	335.529	108.336	335.613	108.36
o_addr[660]	OUTPUT	SIGNAL	M5	225.552	335.529	225.576	335.613
o_addr[661]	OUTPUT	SIGNAL	M5	226.848	335.529	226.872	335.613
o_addr[662]	OUTPUT	SIGNAL	M5	226.32	335.529	226.344	335.613
o_addr[663]	OUTPUT	SIGNAL	M5	224.064	335.529	224.088	335.613
o_addr[664]	OUTPUT	SIGNAL	M5	222.048	335.529	222.072	335.613
o_addr[665]	OUTPUT	SIGNAL	M5	222.096	335.529	222.12	335.613
o_addr[666]	OUTPUT	SIGNAL	M5	222.24	335.529	222.264	335.613
o_addr[667]	OUTPUT	SIGNAL	M5	223.2	335.529	223.224	335.613
o_addr[668]	OUTPUT	SIGNAL	M5	224.256	335.529	224.28	335.613
o_addr[669]	OUTPUT	SIGNAL	M5	222.72	335.529	222.744	335.613
o_addr[66]	OUTPUT	SIGNAL	M4	335.529	110.928	335.613	110.952
o_addr[670]	OUTPUT	SIGNAL	M5	223.056	335.529	223.08	335.613
o_addr[671]	OUTPUT	SIGNAL	M5	223.488	335.529	223.512	335.613
o_addr[672]	OUTPUT	SIGNAL	M5	137.04	335.529	137.064	335.613
o_addr[673]	OUTPUT	SIGNAL	M5	139.248	335.529	139.272	335.613
o_addr[674]	OUTPUT	SIGNAL	M5	136.848	335.529	136.872	335.613
o_addr[675]	OUTPUT	SIGNAL	M5	137.76	335.529	137.784	335.613
o_addr[676]	OUTPUT	SIGNAL	M5	140.16	335.529	140.184	335.613
o_addr[677]	OUTPUT	SIGNAL	M5	153.456	335.529	153.48	335.613
o_addr[678]	OUTPUT	SIGNAL	M5	155.904	335.529	155.928	335.613
o_addr[679]	OUTPUT	SIGNAL	M5	154.08	335.529	154.104	335.613
o_addr[67]	OUTPUT	SIGNAL	M4	335.529	108.768	335.613	108.792
o_addr[680]	OUTPUT	SIGNAL	M5	155.136	335.529	155.16	335.613
o_addr[681]	OUTPUT	SIGNAL	M5	156.768	335.529	156.792	335.613
o_addr[682]	OUTPUT	SIGNAL	M5	157.2	335.529	157.224	335.613
o_addr[683]	OUTPUT	SIGNAL	M5	155.952	335.529	155.976	335.613
o_addr[684]	OUTPUT	SIGNAL	M5	150.768	335.529	150.792	335.613
o_addr[685]	OUTPUT	SIGNAL	M5	157.44	335.529	157.464	335.613
o_addr[686]	OUTPUT	SIGNAL	M5	152.784	335.529	152.808	335.613
o_addr[687]	OUTPUT	SIGNAL	M5	150.72	335.529	150.744	335.613
o_addr[688]	OUTPUT	SIGNAL	M5	139.152	335.529	139.176	335.613
o_addr[689]	OUTPUT	SIGNAL	M5	139.056	335.529	139.08	335.613
o_addr[68]	OUTPUT	SIGNAL	M4	335.529	106.8	335.613	106.824
o_addr[690]	OUTPUT	SIGNAL	M5	147.36	335.529	147.384	335.613
o_addr[691]	OUTPUT	SIGNAL	M5	140.544	335.529	140.568	335.613
o_addr[692]	OUTPUT	SIGNAL	M5	152.88	335.529	152.904	335.613
o_addr[693]	OUTPUT	SIGNAL	M5	154.128	335.529	154.152	335.613
o_addr[694]	OUTPUT	SIGNAL	M5	154.176	335.529	154.2	335.613
o_addr[695]	OUTPUT	SIGNAL	M5	152.544	335.529	152.568	335.613
o_addr[696]	OUTPUT	SIGNAL	M5	137.472	335.529	137.496	335.613
o_addr[697]	OUTPUT	SIGNAL	M5	137.568	335.529	137.592	335.613
o_addr[698]	OUTPUT	SIGNAL	M5	136.944	335.529	136.968	335.613
o_addr[699]	OUTPUT	SIGNAL	M5	137.28	335.529	137.304	335.613
o_addr[69]	OUTPUT	SIGNAL	M4	335.529	104.112	335.613	104.136
o_addr[6]	OUTPUT	SIGNAL	M4	335.529	145.584	335.613	145.608
o_addr[700]	OUTPUT	SIGNAL	M5	136.896	335.529	136.92	335.613
o_addr[701]	OUTPUT	SIGNAL	M5	155.232	335.529	155.256	335.613
o_addr[702]	OUTPUT	SIGNAL	M5	154.944	335.529	154.968	335.613
o_addr[703]	OUTPUT	SIGNAL	M5	153.504	335.529	153.528	335.613
o_addr[704]	OUTPUT	SIGNAL	M5	155.328	335.529	155.352	335.613
o_addr[705]	OUTPUT	SIGNAL	M5	156.336	335.529	156.36	335.613
o_addr[706]	OUTPUT	SIGNAL	M5	157.248	335.529	157.272	335.613
o_addr[707]	OUTPUT	SIGNAL	M5	156.096	335.529	156.12	335.613
o_addr[708]	OUTPUT	SIGNAL	M5	144.336	335.529	144.36	335.613
o_addr[709]	OUTPUT	SIGNAL	M5	157.104	335.529	157.128	335.613
o_addr[70]	OUTPUT	SIGNAL	M4	335.529	103.248	335.613	103.272
o_addr[710]	OUTPUT	SIGNAL	M5	152.496	335.529	152.52	335.613
o_addr[711]	OUTPUT	SIGNAL	M5	148.992	335.529	149.016	335.613
o_addr[712]	OUTPUT	SIGNAL	M5	137.328	335.529	137.352	335.613
o_addr[713]	OUTPUT	SIGNAL	M5	140.928	335.529	140.952	335.613
o_addr[714]	OUTPUT	SIGNAL	M5	141.216	335.529	141.24	335.613
o_addr[715]	OUTPUT	SIGNAL	M5	140.64	335.529	140.664	335.613
o_addr[716]	OUTPUT	SIGNAL	M5	146.496	335.529	146.52	335.613
o_addr[717]	OUTPUT	SIGNAL	M5	154.512	335.529	154.536	335.613
o_addr[718]	OUTPUT	SIGNAL	M5	143.184	335.529	143.208	335.613
o_addr[719]	OUTPUT	SIGNAL	M5	150.816	335.529	150.84	335.613
o_addr[71]	OUTPUT	SIGNAL	M4	335.529	100.224	335.613	100.248
o_addr[720]	OUTPUT	SIGNAL	M5	113.136	335.529	113.16	335.613
o_addr[721]	OUTPUT	SIGNAL	M5	114.624	335.529	114.648	335.613
o_addr[722]	OUTPUT	SIGNAL	M4	0.0	228.912	0.084	228.936
o_addr[723]	OUTPUT	SIGNAL	M4	0.0	219.696	0.084	219.72
o_addr[724]	OUTPUT	SIGNAL	M5	116.928	335.529	116.952	335.613
o_addr[725]	OUTPUT	SIGNAL	M5	118.08	335.529	118.104	335.613
o_addr[726]	OUTPUT	SIGNAL	M5	114.768	335.529	114.792	335.613
o_addr[727]	OUTPUT	SIGNAL	M5	118.608	335.529	118.632	335.613
o_addr[728]	OUTPUT	SIGNAL	M5	121.68	335.529	121.704	335.613
o_addr[729]	OUTPUT	SIGNAL	M5	130.656	335.529	130.68	335.613
o_addr[72]	OUTPUT	SIGNAL	M4	335.529	102.096	335.613	102.12
o_addr[730]	OUTPUT	SIGNAL	M5	130.8	335.529	130.824	335.613
o_addr[731]	OUTPUT	SIGNAL	M5	130.08	335.529	130.104	335.613
o_addr[732]	OUTPUT	SIGNAL	M5	130.752	335.529	130.776	335.613
o_addr[733]	OUTPUT	SIGNAL	M5	130.176	335.529	130.2	335.613
o_addr[734]	OUTPUT	SIGNAL	M5	129.6	335.529	129.624	335.613
o_addr[735]	OUTPUT	SIGNAL	M5	132.912	335.529	132.936	335.613
o_addr[736]	OUTPUT	SIGNAL	M5	133.968	335.529	133.992	335.613
o_addr[737]	OUTPUT	SIGNAL	M5	132.096	335.529	132.12	335.613
o_addr[738]	OUTPUT	SIGNAL	M5	142.368	335.529	142.392	335.613
o_addr[739]	OUTPUT	SIGNAL	M5	139.536	335.529	139.56	335.613
o_addr[73]	OUTPUT	SIGNAL	M4	335.529	102.192	335.613	102.216
o_addr[740]	OUTPUT	SIGNAL	M5	132.48	335.529	132.504	335.613
o_addr[741]	OUTPUT	SIGNAL	M5	131.952	335.529	131.976	335.613
o_addr[742]	OUTPUT	SIGNAL	M5	129.312	335.529	129.336	335.613
o_addr[743]	OUTPUT	SIGNAL	M5	142.464	335.529	142.488	335.613
o_addr[744]	OUTPUT	SIGNAL	M5	113.472	335.529	113.496	335.613
o_addr[745]	OUTPUT	SIGNAL	M5	115.2	335.529	115.224	335.613
o_addr[746]	OUTPUT	SIGNAL	M4	0.0	228.288	0.084	228.312
o_addr[747]	OUTPUT	SIGNAL	M4	0.0	219.072	0.084	219.096
o_addr[748]	OUTPUT	SIGNAL	M5	116.832	335.529	116.856	335.613
o_addr[749]	OUTPUT	SIGNAL	M5	119.712	335.529	119.736	335.613
o_addr[74]	OUTPUT	SIGNAL	M4	335.529	103.728	335.613	103.752
o_addr[750]	OUTPUT	SIGNAL	M5	119.808	335.529	119.832	335.613
o_addr[751]	OUTPUT	SIGNAL	M5	131.904	335.529	131.928	335.613
o_addr[752]	OUTPUT	SIGNAL	M5	131.712	335.529	131.736	335.613
o_addr[753]	OUTPUT	SIGNAL	M5	130.848	335.529	130.872	335.613
o_addr[754]	OUTPUT	SIGNAL	M5	131.568	335.529	131.592	335.613
o_addr[755]	OUTPUT	SIGNAL	M5	130.704	335.529	130.728	335.613
o_addr[756]	OUTPUT	SIGNAL	M5	130.608	335.529	130.632	335.613
o_addr[757]	OUTPUT	SIGNAL	M5	129.792	335.529	129.816	335.613
o_addr[758]	OUTPUT	SIGNAL	M5	129.456	335.529	129.48	335.613
o_addr[759]	OUTPUT	SIGNAL	M5	131.856	335.529	131.88	335.613
o_addr[75]	OUTPUT	SIGNAL	M4	335.529	104.208	335.613	104.232
o_addr[760]	OUTPUT	SIGNAL	M5	134.16	335.529	134.184	335.613
o_addr[761]	OUTPUT	SIGNAL	M5	129.552	335.529	129.576	335.613
o_addr[762]	OUTPUT	SIGNAL	M5	139.728	335.529	139.752	335.613
o_addr[763]	OUTPUT	SIGNAL	M5	139.584	335.529	139.608	335.613
o_addr[764]	OUTPUT	SIGNAL	M5	132.048	335.529	132.072	335.613
o_addr[765]	OUTPUT	SIGNAL	M5	130.992	335.529	131.016	335.613
o_addr[766]	OUTPUT	SIGNAL	M5	129.36	335.529	129.384	335.613
o_addr[767]	OUTPUT	SIGNAL	M5	141.6	335.529	141.624	335.613
o_addr[768]	OUTPUT	SIGNAL	M4	335.529	71.28	335.613	71.304
o_addr[769]	OUTPUT	SIGNAL	M4	335.529	71.328	335.613	71.352
o_addr[76]	OUTPUT	SIGNAL	M4	335.529	105.072	335.613	105.096
o_addr[770]	OUTPUT	SIGNAL	M4	335.529	69.024	335.613	69.048
o_addr[771]	OUTPUT	SIGNAL	M4	335.529	65.52	335.613	65.544
o_addr[772]	OUTPUT	SIGNAL	M4	335.529	66.144	335.613	66.168
o_addr[773]	OUTPUT	SIGNAL	M4	335.529	73.872	335.613	73.896
o_addr[774]	OUTPUT	SIGNAL	M4	335.529	73.104	335.613	73.128
o_addr[775]	OUTPUT	SIGNAL	M4	335.529	71.952	335.613	71.976
o_addr[776]	OUTPUT	SIGNAL	M4	335.529	73.2	335.613	73.224
o_addr[777]	OUTPUT	SIGNAL	M4	335.529	51.072	335.613	51.096
o_addr[778]	OUTPUT	SIGNAL	M4	335.529	47.04	335.613	47.064
o_addr[779]	OUTPUT	SIGNAL	M4	335.529	50.16	335.613	50.184
o_addr[77]	OUTPUT	SIGNAL	M4	335.529	91.104	335.613	91.128
o_addr[780]	OUTPUT	SIGNAL	M4	335.529	52.368	335.613	52.392
o_addr[781]	OUTPUT	SIGNAL	M4	335.529	44.256	335.613	44.28
o_addr[782]	OUTPUT	SIGNAL	M4	335.529	46.56	335.613	46.584
o_addr[783]	OUTPUT	SIGNAL	M4	335.529	45.888	335.613	45.912
o_addr[784]	OUTPUT	SIGNAL	M4	335.529	51.36	335.613	51.384
o_addr[785]	OUTPUT	SIGNAL	M4	335.529	49.872	335.613	49.896
o_addr[786]	OUTPUT	SIGNAL	M4	335.529	73.296	335.613	73.32
o_addr[787]	OUTPUT	SIGNAL	M4	335.529	43.728	335.613	43.752
o_addr[788]	OUTPUT	SIGNAL	M4	335.529	43.44	335.613	43.464
o_addr[789]	OUTPUT	SIGNAL	M4	335.529	43.2	335.613	43.224
o_addr[78]	OUTPUT	SIGNAL	M4	335.529	90.048	335.613	90.072
o_addr[790]	OUTPUT	SIGNAL	M4	335.529	48.912	335.613	48.936
o_addr[791]	OUTPUT	SIGNAL	M4	335.529	46.704	335.613	46.728
o_addr[792]	OUTPUT	SIGNAL	M4	335.529	70.608	335.613	70.632
o_addr[793]	OUTPUT	SIGNAL	M4	335.529	72.336	335.613	72.36
o_addr[794]	OUTPUT	SIGNAL	M4	335.529	68.016	335.613	68.04
o_addr[795]	OUTPUT	SIGNAL	M4	335.529	66.816	335.613	66.84
o_addr[796]	OUTPUT	SIGNAL	M4	335.529	66.912	335.613	66.936
o_addr[797]	OUTPUT	SIGNAL	M4	335.529	74.88	335.613	74.904
o_addr[798]	OUTPUT	SIGNAL	M4	335.529	72.576	335.613	72.6
o_addr[799]	OUTPUT	SIGNAL	M4	335.529	72.528	335.613	72.552
o_addr[79]	OUTPUT	SIGNAL	M4	335.529	90.48	335.613	90.504
o_addr[7]	OUTPUT	SIGNAL	M4	335.529	147.072	335.613	147.096
o_addr[800]	OUTPUT	SIGNAL	M4	335.529	73.44	335.613	73.464
o_addr[801]	OUTPUT	SIGNAL	M4	335.529	54.528	335.613	54.552
o_addr[802]	OUTPUT	SIGNAL	M4	335.529	54.0	335.613	54.024
o_addr[803]	OUTPUT	SIGNAL	M4	335.529	51.888	335.613	51.912
o_addr[804]	OUTPUT	SIGNAL	M4	335.529	53.28	335.613	53.304
o_addr[805]	OUTPUT	SIGNAL	M4	335.529	49.488	335.613	49.512
o_addr[806]	OUTPUT	SIGNAL	M4	335.529	48.192	335.613	48.216
o_addr[807]	OUTPUT	SIGNAL	M4	335.529	49.632	335.613	49.656
o_addr[808]	OUTPUT	SIGNAL	M4	335.529	52.32	335.613	52.344
o_addr[809]	OUTPUT	SIGNAL	M4	335.529	51.552	335.613	51.576
o_addr[80]	OUTPUT	SIGNAL	M4	335.529	88.608	335.613	88.632
o_addr[810]	OUTPUT	SIGNAL	M4	335.529	74.016	335.613	74.04
o_addr[811]	OUTPUT	SIGNAL	M4	335.529	47.232	335.613	47.256
o_addr[812]	OUTPUT	SIGNAL	M4	335.529	48.0	335.613	48.024
o_addr[813]	OUTPUT	SIGNAL	M4	335.529	48.24	335.613	48.264
o_addr[814]	OUTPUT	SIGNAL	M4	335.529	50.112	335.613	50.136
o_addr[815]	OUTPUT	SIGNAL	M4	335.529	48.48	335.613	48.504
o_addr[816]	OUTPUT	SIGNAL	M5	103.008	335.529	103.032	335.613
o_addr[817]	OUTPUT	SIGNAL	M5	102.768	335.529	102.792	335.613
o_addr[818]	OUTPUT	SIGNAL	M5	101.04	335.529	101.064	335.613
o_addr[819]	OUTPUT	SIGNAL	M5	105.648	335.529	105.672	335.613
o_addr[81]	OUTPUT	SIGNAL	M4	335.529	89.136	335.613	89.16
o_addr[820]	OUTPUT	SIGNAL	M5	100.848	335.529	100.872	335.613
o_addr[821]	OUTPUT	SIGNAL	M5	107.52	335.529	107.544	335.613
o_addr[822]	OUTPUT	SIGNAL	M5	105.12	335.529	105.144	335.613
o_addr[823]	OUTPUT	SIGNAL	M5	106.8	335.529	106.824	335.613
o_addr[824]	OUTPUT	SIGNAL	M5	107.808	335.529	107.832	335.613
o_addr[825]	OUTPUT	SIGNAL	M5	108.0	335.529	108.024	335.613
o_addr[826]	OUTPUT	SIGNAL	M5	104.88	335.529	104.904	335.613
o_addr[827]	OUTPUT	SIGNAL	M5	110.352	335.529	110.376	335.613
o_addr[828]	OUTPUT	SIGNAL	M5	107.712	335.529	107.736	335.613
o_addr[829]	OUTPUT	SIGNAL	M5	108.624	335.529	108.648	335.613
o_addr[82]	OUTPUT	SIGNAL	M4	335.529	107.424	335.613	107.448
o_addr[830]	OUTPUT	SIGNAL	M5	106.944	335.529	106.968	335.613
o_addr[831]	OUTPUT	SIGNAL	M5	108.336	335.529	108.36	335.613
o_addr[832]	OUTPUT	SIGNAL	M5	107.088	335.529	107.112	335.613
o_addr[833]	OUTPUT	SIGNAL	M5	106.896	335.529	106.92	335.613
o_addr[834]	OUTPUT	SIGNAL	M5	103.584	335.529	103.608	335.613
o_addr[835]	OUTPUT	SIGNAL	M5	109.872	335.529	109.896	335.613
o_addr[836]	OUTPUT	SIGNAL	M5	101.856	335.529	101.88	335.613
o_addr[837]	OUTPUT	SIGNAL	M5	106.656	335.529	106.68	335.613
o_addr[838]	OUTPUT	SIGNAL	M5	105.168	335.529	105.192	335.613
o_addr[839]	OUTPUT	SIGNAL	M5	102.624	335.529	102.648	335.613
o_addr[83]	OUTPUT	SIGNAL	M4	335.529	106.512	335.613	106.536
o_addr[840]	OUTPUT	SIGNAL	M5	100.992	335.529	101.016	335.613
o_addr[841]	OUTPUT	SIGNAL	M5	104.448	335.529	104.472	335.613
o_addr[842]	OUTPUT	SIGNAL	M5	103.776	335.529	103.8	335.613
o_addr[843]	OUTPUT	SIGNAL	M5	105.984	335.529	106.008	335.613
o_addr[844]	OUTPUT	SIGNAL	M5	102.48	335.529	102.504	335.613
o_addr[845]	OUTPUT	SIGNAL	M5	107.76	335.529	107.784	335.613
o_addr[846]	OUTPUT	SIGNAL	M5	105.456	335.529	105.48	335.613
o_addr[847]	OUTPUT	SIGNAL	M5	107.664	335.529	107.688	335.613
o_addr[848]	OUTPUT	SIGNAL	M5	111.072	335.529	111.096	335.613
o_addr[849]	OUTPUT	SIGNAL	M5	108.96	335.529	108.984	335.613
o_addr[84]	OUTPUT	SIGNAL	M4	335.529	107.664	335.613	107.688
o_addr[850]	OUTPUT	SIGNAL	M5	104.928	335.529	104.952	335.613
o_addr[851]	OUTPUT	SIGNAL	M5	108.48	335.529	108.504	335.613
o_addr[852]	OUTPUT	SIGNAL	M5	108.912	335.529	108.936	335.613
o_addr[853]	OUTPUT	SIGNAL	M5	108.432	335.529	108.456	335.613
o_addr[854]	OUTPUT	SIGNAL	M5	106.368	335.529	106.392	335.613
o_addr[855]	OUTPUT	SIGNAL	M5	108.576	335.529	108.6	335.613
o_addr[856]	OUTPUT	SIGNAL	M5	107.136	335.529	107.16	335.613
o_addr[857]	OUTPUT	SIGNAL	M5	106.56	335.529	106.584	335.613
o_addr[858]	OUTPUT	SIGNAL	M5	104.256	335.529	104.28	335.613
o_addr[859]	OUTPUT	SIGNAL	M5	106.512	335.529	106.536	335.613
o_addr[85]	OUTPUT	SIGNAL	M4	335.529	107.28	335.613	107.304
o_addr[860]	OUTPUT	SIGNAL	M5	105.696	335.529	105.72	335.613
o_addr[861]	OUTPUT	SIGNAL	M5	107.184	335.529	107.208	335.613
o_addr[862]	OUTPUT	SIGNAL	M5	104.64	335.529	104.664	335.613
o_addr[863]	OUTPUT	SIGNAL	M5	103.248	335.529	103.272	335.613
o_addr[864]	OUTPUT	SIGNAL	M5	113.856	335.529	113.88	335.613
o_addr[865]	OUTPUT	SIGNAL	M5	113.424	335.529	113.448	335.613
o_addr[866]	OUTPUT	SIGNAL	M5	113.616	335.529	113.64	335.613
o_addr[867]	OUTPUT	SIGNAL	M5	126.432	335.529	126.456	335.613
o_addr[868]	OUTPUT	SIGNAL	M5	126.384	335.529	126.408	335.613
o_addr[869]	OUTPUT	SIGNAL	M5	130.128	335.529	130.152	335.613
o_addr[86]	OUTPUT	SIGNAL	M4	335.529	107.328	335.613	107.352
o_addr[870]	OUTPUT	SIGNAL	M5	130.896	335.529	130.92	335.613
o_addr[871]	OUTPUT	SIGNAL	M5	132.24	335.529	132.264	335.613
o_addr[872]	OUTPUT	SIGNAL	M5	126.288	335.529	126.312	335.613
o_addr[873]	OUTPUT	SIGNAL	M5	131.04	335.529	131.064	335.613
o_addr[874]	OUTPUT	SIGNAL	M5	132.144	335.529	132.168	335.613
o_addr[875]	OUTPUT	SIGNAL	M5	132.432	335.529	132.456	335.613
o_addr[876]	OUTPUT	SIGNAL	M5	129.072	335.529	129.096	335.613
o_addr[877]	OUTPUT	SIGNAL	M5	130.272	335.529	130.296	335.613
o_addr[878]	OUTPUT	SIGNAL	M5	132.528	335.529	132.552	335.613
o_addr[879]	OUTPUT	SIGNAL	M5	131.136	335.529	131.16	335.613
o_addr[87]	OUTPUT	SIGNAL	M4	335.529	105.6	335.613	105.624
o_addr[880]	OUTPUT	SIGNAL	M5	127.104	335.529	127.128	335.613
o_addr[881]	OUTPUT	SIGNAL	M5	126.0	335.529	126.024	335.613
o_addr[882]	OUTPUT	SIGNAL	M5	130.368	335.529	130.392	335.613
o_addr[883]	OUTPUT	SIGNAL	M5	129.648	335.529	129.672	335.613
o_addr[884]	OUTPUT	SIGNAL	M5	129.936	335.529	129.96	335.613
o_addr[885]	OUTPUT	SIGNAL	M5	133.248	335.529	133.272	335.613
o_addr[886]	OUTPUT	SIGNAL	M5	132.864	335.529	132.888	335.613
o_addr[887]	OUTPUT	SIGNAL	M5	135.936	335.529	135.96	335.613
o_addr[888]	OUTPUT	SIGNAL	M5	114.048	335.529	114.072	335.613
o_addr[889]	OUTPUT	SIGNAL	M5	113.664	335.529	113.688	335.613
o_addr[88]	OUTPUT	SIGNAL	M4	335.529	105.984	335.613	106.008
o_addr[890]	OUTPUT	SIGNAL	M5	114.0	335.529	114.024	335.613
o_addr[891]	OUTPUT	SIGNAL	M5	126.48	335.529	126.504	335.613
o_addr[892]	OUTPUT	SIGNAL	M5	126.096	335.529	126.12	335.613
o_addr[893]	OUTPUT	SIGNAL	M5	131.808	335.529	131.832	335.613
o_addr[894]	OUTPUT	SIGNAL	M5	130.944	335.529	130.968	335.613
o_addr[895]	OUTPUT	SIGNAL	M5	132.192	335.529	132.216	335.613
o_addr[896]	OUTPUT	SIGNAL	M5	125.52	335.529	125.544	335.613
o_addr[897]	OUTPUT	SIGNAL	M5	131.616	335.529	131.64	335.613
o_addr[898]	OUTPUT	SIGNAL	M5	131.664	335.529	131.688	335.613
o_addr[899]	OUTPUT	SIGNAL	M5	132.768	335.529	132.792	335.613
o_addr[89]	OUTPUT	SIGNAL	M4	335.529	108.864	335.613	108.888
o_addr[8]	OUTPUT	SIGNAL	M4	335.529	145.776	335.613	145.8
o_addr[900]	OUTPUT	SIGNAL	M5	129.168	335.529	129.192	335.613
o_addr[901]	OUTPUT	SIGNAL	M5	130.416	335.529	130.44	335.613
o_addr[902]	OUTPUT	SIGNAL	M5	132.288	335.529	132.312	335.613
o_addr[903]	OUTPUT	SIGNAL	M5	131.424	335.529	131.448	335.613
o_addr[904]	OUTPUT	SIGNAL	M5	126.912	335.529	126.936	335.613
o_addr[905]	OUTPUT	SIGNAL	M5	125.952	335.529	125.976	335.613
o_addr[906]	OUTPUT	SIGNAL	M5	129.744	335.529	129.768	335.613
o_addr[907]	OUTPUT	SIGNAL	M5	129.84	335.529	129.864	335.613
o_addr[908]	OUTPUT	SIGNAL	M5	129.12	335.529	129.144	335.613
o_addr[909]	OUTPUT	SIGNAL	M5	132.624	335.529	132.648	335.613
o_addr[90]	OUTPUT	SIGNAL	M4	335.529	109.776	335.613	109.8
o_addr[910]	OUTPUT	SIGNAL	M5	133.152	335.529	133.176	335.613
o_addr[911]	OUTPUT	SIGNAL	M5	136.8	335.529	136.824	335.613
o_addr[912]	OUTPUT	SIGNAL	M5	220.896	335.529	220.92	335.613
o_addr[913]	OUTPUT	SIGNAL	M5	221.328	335.529	221.352	335.613
o_addr[914]	OUTPUT	SIGNAL	M5	221.232	335.529	221.256	335.613
o_addr[915]	OUTPUT	SIGNAL	M5	220.464	335.529	220.488	335.613
o_addr[916]	OUTPUT	SIGNAL	M5	220.704	335.529	220.728	335.613
o_addr[917]	OUTPUT	SIGNAL	M5	220.416	335.529	220.44	335.613
o_addr[918]	OUTPUT	SIGNAL	M5	219.888	335.529	219.912	335.613
o_addr[919]	OUTPUT	SIGNAL	M5	220.32	335.529	220.344	335.613
o_addr[91]	OUTPUT	SIGNAL	M4	335.529	108.816	335.613	108.84
o_addr[920]	OUTPUT	SIGNAL	M5	220.368	335.529	220.392	335.613
o_addr[921]	OUTPUT	SIGNAL	M5	219.84	335.529	219.864	335.613
o_addr[922]	OUTPUT	SIGNAL	M5	219.744	335.529	219.768	335.613
o_addr[923]	OUTPUT	SIGNAL	M5	219.984	335.529	220.008	335.613
o_addr[924]	OUTPUT	SIGNAL	M5	219.696	335.529	219.72	335.613
o_addr[925]	OUTPUT	SIGNAL	M5	220.656	335.529	220.68	335.613
o_addr[926]	OUTPUT	SIGNAL	M5	221.376	335.529	221.4	335.613
o_addr[927]	OUTPUT	SIGNAL	M5	220.032	335.529	220.056	335.613
o_addr[928]	OUTPUT	SIGNAL	M5	220.56	335.529	220.584	335.613
o_addr[929]	OUTPUT	SIGNAL	M5	221.712	335.529	221.736	335.613
o_addr[92]	OUTPUT	SIGNAL	M4	335.529	107.76	335.613	107.784
o_addr[930]	OUTPUT	SIGNAL	M5	221.424	335.529	221.448	335.613
o_addr[931]	OUTPUT	SIGNAL	M5	220.848	335.529	220.872	335.613
o_addr[932]	OUTPUT	SIGNAL	M5	219.936	335.529	219.96	335.613
o_addr[933]	OUTPUT	SIGNAL	M5	220.8	335.529	220.824	335.613
o_addr[934]	OUTPUT	SIGNAL	M5	220.752	335.529	220.776	335.613
o_addr[935]	OUTPUT	SIGNAL	M5	219.792	335.529	219.816	335.613
o_addr[936]	OUTPUT	SIGNAL	M5	220.944	335.529	220.968	335.613
o_addr[937]	OUTPUT	SIGNAL	M5	233.424	335.529	233.448	335.613
o_addr[938]	OUTPUT	SIGNAL	M5	233.952	335.529	233.976	335.613
o_addr[939]	OUTPUT	SIGNAL	M5	233.76	335.529	233.784	335.613
o_addr[93]	OUTPUT	SIGNAL	M4	335.529	104.544	335.613	104.568
o_addr[940]	OUTPUT	SIGNAL	M5	232.368	335.529	232.392	335.613
o_addr[941]	OUTPUT	SIGNAL	M5	230.592	335.529	230.616	335.613
o_addr[942]	OUTPUT	SIGNAL	M5	230.256	335.529	230.28	335.613
o_addr[943]	OUTPUT	SIGNAL	M5	231.984	335.529	232.008	335.613
o_addr[944]	OUTPUT	SIGNAL	M5	230.496	335.529	230.52	335.613
o_addr[945]	OUTPUT	SIGNAL	M5	230.112	335.529	230.136	335.613
o_addr[946]	OUTPUT	SIGNAL	M5	230.544	335.529	230.568	335.613
o_addr[947]	OUTPUT	SIGNAL	M5	230.736	335.529	230.76	335.613
o_addr[948]	OUTPUT	SIGNAL	M5	230.448	335.529	230.472	335.613
o_addr[949]	OUTPUT	SIGNAL	M5	230.064	335.529	230.088	335.613
o_addr[94]	OUTPUT	SIGNAL	M4	335.529	103.44	335.613	103.464
o_addr[950]	OUTPUT	SIGNAL	M5	229.536	335.529	229.56	335.613
o_addr[951]	OUTPUT	SIGNAL	M5	230.832	335.529	230.856	335.613
o_addr[952]	OUTPUT	SIGNAL	M5	230.928	335.529	230.952	335.613
o_addr[953]	OUTPUT	SIGNAL	M5	229.44	335.529	229.464	335.613
o_addr[954]	OUTPUT	SIGNAL	M5	229.392	335.529	229.416	335.613
o_addr[955]	OUTPUT	SIGNAL	M5	229.344	335.529	229.368	335.613
o_addr[956]	OUTPUT	SIGNAL	M5	229.296	335.529	229.32	335.613
o_addr[957]	OUTPUT	SIGNAL	M5	229.488	335.529	229.512	335.613
o_addr[958]	OUTPUT	SIGNAL	M5	230.208	335.529	230.232	335.613
o_addr[959]	OUTPUT	SIGNAL	M5	229.872	335.529	229.896	335.613
o_addr[95]	OUTPUT	SIGNAL	M4	335.529	101.52	335.613	101.544
o_addr[960]	OUTPUT	SIGNAL	M4	335.529	74.592	335.613	74.616
o_addr[961]	OUTPUT	SIGNAL	M4	335.529	72.48	335.613	72.504
o_addr[962]	OUTPUT	SIGNAL	M4	335.529	71.712	335.613	71.736
o_addr[963]	OUTPUT	SIGNAL	M4	335.529	70.992	335.613	71.016
o_addr[964]	OUTPUT	SIGNAL	M4	335.529	73.584	335.613	73.608
o_addr[965]	OUTPUT	SIGNAL	M4	335.529	71.232	335.613	71.256
o_addr[966]	OUTPUT	SIGNAL	M4	335.529	65.136	335.613	65.16
o_addr[967]	OUTPUT	SIGNAL	M4	335.529	54.096	335.613	54.12
o_addr[968]	OUTPUT	SIGNAL	M4	335.529	55.776	335.613	55.8
o_addr[969]	OUTPUT	SIGNAL	M4	335.529	56.304	335.613	56.328
o_addr[96]	OUTPUT	SIGNAL	M5	253.248	0.0	253.272	0.084
o_addr[970]	OUTPUT	SIGNAL	M4	335.529	68.208	335.613	68.232
o_addr[971]	OUTPUT	SIGNAL	M4	335.529	56.4	335.613	56.424
o_addr[972]	OUTPUT	SIGNAL	M4	335.529	56.88	335.613	56.904
o_addr[973]	OUTPUT	SIGNAL	M4	335.529	71.904	335.613	71.928
o_addr[974]	OUTPUT	SIGNAL	M4	335.529	61.872	335.613	61.896
o_addr[975]	OUTPUT	SIGNAL	M4	335.529	56.352	335.613	56.376
o_addr[976]	OUTPUT	SIGNAL	M4	335.529	70.08	335.613	70.104
o_addr[977]	OUTPUT	SIGNAL	M4	335.529	69.744	335.613	69.768
o_addr[978]	OUTPUT	SIGNAL	M4	335.529	71.04	335.613	71.064
o_addr[979]	OUTPUT	SIGNAL	M4	335.529	72.0	335.613	72.024
o_addr[97]	OUTPUT	SIGNAL	M5	254.4	0.0	254.424	0.084
o_addr[980]	OUTPUT	SIGNAL	M4	335.529	58.752	335.613	58.776
o_addr[981]	OUTPUT	SIGNAL	M4	335.529	58.896	335.613	58.92
o_addr[982]	OUTPUT	SIGNAL	M4	335.529	62.688	335.613	62.712
o_addr[983]	OUTPUT	SIGNAL	M4	335.529	60.192	335.613	60.216
o_addr[984]	OUTPUT	SIGNAL	M4	335.529	75.024	335.613	75.048
o_addr[985]	OUTPUT	SIGNAL	M4	335.529	72.288	335.613	72.312
o_addr[986]	OUTPUT	SIGNAL	M4	335.529	70.752	335.613	70.776
o_addr[987]	OUTPUT	SIGNAL	M4	335.529	70.464	335.613	70.488
o_addr[988]	OUTPUT	SIGNAL	M4	335.529	73.152	335.613	73.176
o_addr[989]	OUTPUT	SIGNAL	M4	335.529	71.568	335.613	71.592
o_addr[98]	OUTPUT	SIGNAL	M5	254.064	0.0	254.088	0.084
o_addr[990]	OUTPUT	SIGNAL	M4	335.529	66.96	335.613	66.984
o_addr[991]	OUTPUT	SIGNAL	M4	335.529	55.248	335.613	55.272
o_addr[992]	OUTPUT	SIGNAL	M4	335.529	54.864	335.613	54.888
o_addr[993]	OUTPUT	SIGNAL	M4	335.529	57.552	335.613	57.576
o_addr[994]	OUTPUT	SIGNAL	M4	335.529	69.12	335.613	69.144
o_addr[995]	OUTPUT	SIGNAL	M4	335.529	57.504	335.613	57.528
o_addr[996]	OUTPUT	SIGNAL	M4	335.529	58.992	335.613	59.016
o_addr[997]	OUTPUT	SIGNAL	M4	335.529	72.24	335.613	72.264
o_addr[998]	OUTPUT	SIGNAL	M4	335.529	64.224	335.613	64.248
o_addr[999]	OUTPUT	SIGNAL	M4	335.529	57.6	335.613	57.624
o_addr[99]	OUTPUT	SIGNAL	M4	335.529	83.856	335.613	83.88
o_addr[9]	OUTPUT	SIGNAL	M4	335.529	151.152	335.613	151.176
o_data[0]	OUTPUT	SIGNAL	M4	335.529	192.144	335.613	192.168
o_data[1000]	OUTPUT	SIGNAL	M4	0.0	184.32	0.084	184.344
o_data[1001]	OUTPUT	SIGNAL	M4	0.0	183.84	0.084	183.864
o_data[1002]	OUTPUT	SIGNAL	M4	0.0	183.024	0.084	183.048
o_data[1003]	OUTPUT	SIGNAL	M4	0.0	183.552	0.084	183.576
o_data[1004]	OUTPUT	SIGNAL	M4	0.0	184.512	0.084	184.536
o_data[1005]	OUTPUT	SIGNAL	M4	0.0	184.368	0.084	184.392
o_data[1006]	OUTPUT	SIGNAL	M4	0.0	185.04	0.084	185.064
o_data[1007]	OUTPUT	SIGNAL	M4	0.0	185.376	0.084	185.4
o_data[1008]	OUTPUT	SIGNAL	M4	0.0	184.8	0.084	184.824
o_data[1009]	OUTPUT	SIGNAL	M4	0.0	185.088	0.084	185.112
o_data[100]	OUTPUT	SIGNAL	M5	188.592	0.0	188.616	0.084
o_data[1010]	OUTPUT	SIGNAL	M4	0.0	185.184	0.084	185.208
o_data[1011]	OUTPUT	SIGNAL	M4	0.0	184.032	0.084	184.056
o_data[1012]	OUTPUT	SIGNAL	M4	0.0	184.848	0.084	184.872
o_data[1013]	OUTPUT	SIGNAL	M4	0.0	184.944	0.084	184.968
o_data[1014]	OUTPUT	SIGNAL	M4	0.0	184.176	0.084	184.2
o_data[1015]	OUTPUT	SIGNAL	M4	0.0	184.896	0.084	184.92
o_data[1016]	OUTPUT	SIGNAL	M4	0.0	184.752	0.084	184.776
o_data[1017]	OUTPUT	SIGNAL	M4	0.0	184.704	0.084	184.728
o_data[1018]	OUTPUT	SIGNAL	M4	0.0	184.464	0.084	184.488
o_data[1019]	OUTPUT	SIGNAL	M4	0.0	185.328	0.084	185.352
o_data[101]	OUTPUT	SIGNAL	M5	184.608	0.0	184.632	0.084
o_data[1020]	OUTPUT	SIGNAL	M4	0.0	185.136	0.084	185.16
o_data[1021]	OUTPUT	SIGNAL	M4	0.0	184.608	0.084	184.632
o_data[1022]	OUTPUT	SIGNAL	M4	0.0	187.44	0.084	187.464
o_data[1023]	OUTPUT	SIGNAL	M4	0.0	187.584	0.084	187.608
o_data[1024]	OUTPUT	SIGNAL	M4	335.529	89.28	335.613	89.304
o_data[1025]	OUTPUT	SIGNAL	M4	335.529	90.96	335.613	90.984
o_data[1026]	OUTPUT	SIGNAL	M4	335.529	91.296	335.613	91.32
o_data[1027]	OUTPUT	SIGNAL	M4	335.529	92.4	335.613	92.424
o_data[1028]	OUTPUT	SIGNAL	M4	335.529	92.016	335.613	92.04
o_data[1029]	OUTPUT	SIGNAL	M4	335.529	90.336	335.613	90.36
o_data[102]	OUTPUT	SIGNAL	M5	186.528	0.0	186.552	0.084
o_data[1030]	OUTPUT	SIGNAL	M4	335.529	89.52	335.613	89.544
o_data[1031]	OUTPUT	SIGNAL	M4	335.529	89.904	335.613	89.928
o_data[1032]	OUTPUT	SIGNAL	M4	335.529	84.288	335.613	84.312
o_data[1033]	OUTPUT	SIGNAL	M4	335.529	88.32	335.613	88.344
o_data[1034]	OUTPUT	SIGNAL	M4	335.529	87.024	335.613	87.048
o_data[1035]	OUTPUT	SIGNAL	M4	335.529	86.832	335.613	86.856
o_data[1036]	OUTPUT	SIGNAL	M4	335.529	86.976	335.613	87.0
o_data[1037]	OUTPUT	SIGNAL	M4	335.529	85.488	335.613	85.512
o_data[1038]	OUTPUT	SIGNAL	M4	335.529	85.824	335.613	85.848
o_data[1039]	OUTPUT	SIGNAL	M4	335.529	84.672	335.613	84.696
o_data[103]	OUTPUT	SIGNAL	M5	186.672	0.0	186.696	0.084
o_data[1040]	OUTPUT	SIGNAL	M4	335.529	83.376	335.613	83.4
o_data[1041]	OUTPUT	SIGNAL	M4	335.529	79.44	335.613	79.464
o_data[1042]	OUTPUT	SIGNAL	M4	335.529	82.56	335.613	82.584
o_data[1043]	OUTPUT	SIGNAL	M4	335.529	82.224	335.613	82.248
o_data[1044]	OUTPUT	SIGNAL	M4	335.529	81.936	335.613	81.96
o_data[1045]	OUTPUT	SIGNAL	M4	335.529	80.64	335.613	80.664
o_data[1046]	OUTPUT	SIGNAL	M4	335.529	80.16	335.613	80.184
o_data[1047]	OUTPUT	SIGNAL	M4	335.529	79.056	335.613	79.08
o_data[1048]	OUTPUT	SIGNAL	M4	335.529	78.288	335.613	78.312
o_data[1049]	OUTPUT	SIGNAL	M4	335.529	78.384	335.613	78.408
o_data[104]	OUTPUT	SIGNAL	M5	189.504	0.0	189.528	0.084
o_data[1050]	OUTPUT	SIGNAL	M4	335.529	77.328	335.613	77.352
o_data[1051]	OUTPUT	SIGNAL	M4	335.529	76.56	335.613	76.584
o_data[1052]	OUTPUT	SIGNAL	M4	335.529	75.984	335.613	76.008
o_data[1053]	OUTPUT	SIGNAL	M4	335.529	76.512	335.613	76.536
o_data[1054]	OUTPUT	SIGNAL	M4	335.529	74.832	335.613	74.856
o_data[1055]	OUTPUT	SIGNAL	M4	335.529	75.456	335.613	75.48
o_data[1056]	OUTPUT	SIGNAL	M4	335.529	88.656	335.613	88.68
o_data[1057]	OUTPUT	SIGNAL	M4	335.529	90.864	335.613	90.888
o_data[1058]	OUTPUT	SIGNAL	M4	335.529	92.064	335.613	92.088
o_data[1059]	OUTPUT	SIGNAL	M4	335.529	92.688	335.613	92.712
o_data[105]	OUTPUT	SIGNAL	M5	189.216	0.0	189.24	0.084
o_data[1060]	OUTPUT	SIGNAL	M4	335.529	91.92	335.613	91.944
o_data[1061]	OUTPUT	SIGNAL	M4	335.529	89.808	335.613	89.832
o_data[1062]	OUTPUT	SIGNAL	M4	335.529	89.616	335.613	89.64
o_data[1063]	OUTPUT	SIGNAL	M4	335.529	90.672	335.613	90.696
o_data[1064]	OUTPUT	SIGNAL	M4	335.529	85.872	335.613	85.896
o_data[1065]	OUTPUT	SIGNAL	M4	335.529	88.464	335.613	88.488
o_data[1066]	OUTPUT	SIGNAL	M4	335.529	87.84	335.613	87.864
o_data[1067]	OUTPUT	SIGNAL	M4	335.529	86.88	335.613	86.904
o_data[1068]	OUTPUT	SIGNAL	M4	335.529	87.456	335.613	87.48
o_data[1069]	OUTPUT	SIGNAL	M4	335.529	85.536	335.613	85.56
o_data[106]	OUTPUT	SIGNAL	M5	187.872	0.0	187.896	0.084
o_data[1070]	OUTPUT	SIGNAL	M4	335.529	86.256	335.613	86.28
o_data[1071]	OUTPUT	SIGNAL	M4	335.529	84.432	335.613	84.456
o_data[1072]	OUTPUT	SIGNAL	M4	335.529	83.664	335.613	83.688
o_data[1073]	OUTPUT	SIGNAL	M4	335.529	79.488	335.613	79.512
o_data[1074]	OUTPUT	SIGNAL	M4	335.529	82.896	335.613	82.92
o_data[1075]	OUTPUT	SIGNAL	M4	335.529	81.696	335.613	81.72
o_data[1076]	OUTPUT	SIGNAL	M4	335.529	82.176	335.613	82.2
o_data[1077]	OUTPUT	SIGNAL	M4	335.529	81.024	335.613	81.048
o_data[1078]	OUTPUT	SIGNAL	M4	335.529	80.448	335.613	80.472
o_data[1079]	OUTPUT	SIGNAL	M4	335.529	79.392	335.613	79.416
o_data[107]	OUTPUT	SIGNAL	M5	188.352	0.0	188.376	0.084
o_data[1080]	OUTPUT	SIGNAL	M4	335.529	78.672	335.613	78.696
o_data[1081]	OUTPUT	SIGNAL	M4	335.529	78.576	335.613	78.6
o_data[1082]	OUTPUT	SIGNAL	M4	335.529	77.712	335.613	77.736
o_data[1083]	OUTPUT	SIGNAL	M4	335.529	76.896	335.613	76.92
o_data[1084]	OUTPUT	SIGNAL	M4	335.529	76.464	335.613	76.488
o_data[1085]	OUTPUT	SIGNAL	M4	335.529	76.656	335.613	76.68
o_data[1086]	OUTPUT	SIGNAL	M4	335.529	75.648	335.613	75.672
o_data[1087]	OUTPUT	SIGNAL	M4	335.529	75.6	335.613	75.624
o_data[1088]	OUTPUT	SIGNAL	M5	112.464	335.529	112.488	335.613
o_data[1089]	OUTPUT	SIGNAL	M5	111.36	335.529	111.384	335.613
o_data[108]	OUTPUT	SIGNAL	M5	188.88	0.0	188.904	0.084
o_data[1090]	OUTPUT	SIGNAL	M5	112.032	335.529	112.056	335.613
o_data[1091]	OUTPUT	SIGNAL	M5	109.056	335.529	109.08	335.613
o_data[1092]	OUTPUT	SIGNAL	M5	108.144	335.529	108.168	335.613
o_data[1093]	OUTPUT	SIGNAL	M5	106.224	335.529	106.248	335.613
o_data[1094]	OUTPUT	SIGNAL	M5	105.264	335.529	105.288	335.613
o_data[1095]	OUTPUT	SIGNAL	M5	106.848	335.529	106.872	335.613
o_data[1096]	OUTPUT	SIGNAL	M5	102.816	335.529	102.84	335.613
o_data[1097]	OUTPUT	SIGNAL	M5	106.128	335.529	106.152	335.613
o_data[1098]	OUTPUT	SIGNAL	M5	105.312	335.529	105.336	335.613
o_data[1099]	OUTPUT	SIGNAL	M5	103.728	335.529	103.752	335.613
o_data[109]	OUTPUT	SIGNAL	M5	190.272	0.0	190.296	0.084
o_data[10]	OUTPUT	SIGNAL	M4	335.529	206.352	335.613	206.376
o_data[1100]	OUTPUT	SIGNAL	M5	102.528	335.529	102.552	335.613
o_data[1101]	OUTPUT	SIGNAL	M5	103.2	335.529	103.224	335.613
o_data[1102]	OUTPUT	SIGNAL	M5	104.688	335.529	104.712	335.613
o_data[1103]	OUTPUT	SIGNAL	M5	110.832	335.529	110.856	335.613
o_data[1104]	OUTPUT	SIGNAL	M5	113.808	335.529	113.832	335.613
o_data[1105]	OUTPUT	SIGNAL	M5	105.84	335.529	105.864	335.613
o_data[1106]	OUTPUT	SIGNAL	M5	107.232	335.529	107.256	335.613
o_data[1107]	OUTPUT	SIGNAL	M5	107.424	335.529	107.448	335.613
o_data[1108]	OUTPUT	SIGNAL	M5	109.392	335.529	109.416	335.613
o_data[1109]	OUTPUT	SIGNAL	M5	108.384	335.529	108.408	335.613
o_data[110]	OUTPUT	SIGNAL	M5	192.288	0.0	192.312	0.084
o_data[1110]	OUTPUT	SIGNAL	M5	109.344	335.529	109.368	335.613
o_data[1111]	OUTPUT	SIGNAL	M5	106.704	335.529	106.728	335.613
o_data[1112]	OUTPUT	SIGNAL	M5	105.504	335.529	105.528	335.613
o_data[1113]	OUTPUT	SIGNAL	M5	100.272	335.529	100.296	335.613
o_data[1114]	OUTPUT	SIGNAL	M5	104.4	335.529	104.424	335.613
o_data[1115]	OUTPUT	SIGNAL	M5	103.632	335.529	103.656	335.613
o_data[1116]	OUTPUT	SIGNAL	M5	104.016	335.529	104.04	335.613
o_data[1117]	OUTPUT	SIGNAL	M5	102.672	335.529	102.696	335.613
o_data[1118]	OUTPUT	SIGNAL	M5	101.568	335.529	101.592	335.613
o_data[1119]	OUTPUT	SIGNAL	M5	103.968	335.529	103.992	335.613
o_data[111]	OUTPUT	SIGNAL	M5	192.24	0.0	192.264	0.084
o_data[1120]	OUTPUT	SIGNAL	M5	104.304	335.529	104.328	335.613
o_data[1121]	OUTPUT	SIGNAL	M5	104.352	335.529	104.376	335.613
o_data[1122]	OUTPUT	SIGNAL	M5	123.792	335.529	123.816	335.613
o_data[1123]	OUTPUT	SIGNAL	M5	123.744	335.529	123.768	335.613
o_data[1124]	OUTPUT	SIGNAL	M5	92.736	335.529	92.76	335.613
o_data[1125]	OUTPUT	SIGNAL	M5	123.696	335.529	123.72	335.613
o_data[1126]	OUTPUT	SIGNAL	M5	92.688	335.529	92.712	335.613
o_data[1127]	OUTPUT	SIGNAL	M5	123.84	335.529	123.864	335.613
o_data[1128]	OUTPUT	SIGNAL	M5	124.32	335.529	124.344	335.613
o_data[1129]	OUTPUT	SIGNAL	M5	124.224	335.529	124.248	335.613
o_data[112]	OUTPUT	SIGNAL	M5	195.648	0.0	195.672	0.084
o_data[1130]	OUTPUT	SIGNAL	M5	123.936	335.529	123.96	335.613
o_data[1131]	OUTPUT	SIGNAL	M5	123.984	335.529	124.008	335.613
o_data[1132]	OUTPUT	SIGNAL	M5	123.888	335.529	123.912	335.613
o_data[1133]	OUTPUT	SIGNAL	M5	124.08	335.529	124.104	335.613
o_data[1134]	OUTPUT	SIGNAL	M5	124.032	335.529	124.056	335.613
o_data[1135]	OUTPUT	SIGNAL	M5	124.368	335.529	124.392	335.613
o_data[1136]	OUTPUT	SIGNAL	M5	124.56	335.529	124.584	335.613
o_data[1137]	OUTPUT	SIGNAL	M5	125.808	335.529	125.832	335.613
o_data[1138]	OUTPUT	SIGNAL	M5	124.752	335.529	124.776	335.613
o_data[1139]	OUTPUT	SIGNAL	M5	125.76	335.529	125.784	335.613
o_data[113]	OUTPUT	SIGNAL	M5	197.04	0.0	197.064	0.084
o_data[1140]	OUTPUT	SIGNAL	M5	126.144	335.529	126.168	335.613
o_data[1141]	OUTPUT	SIGNAL	M5	125.712	335.529	125.736	335.613
o_data[1142]	OUTPUT	SIGNAL	M5	125.856	335.529	125.88	335.613
o_data[1143]	OUTPUT	SIGNAL	M5	125.136	335.529	125.16	335.613
o_data[1144]	OUTPUT	SIGNAL	M5	139.872	335.529	139.896	335.613
o_data[1145]	OUTPUT	SIGNAL	M5	137.424	335.529	137.448	335.613
o_data[1146]	OUTPUT	SIGNAL	M5	86.88	335.529	86.904	335.613
o_data[1147]	OUTPUT	SIGNAL	M5	92.4	335.529	92.424	335.613
o_data[1148]	OUTPUT	SIGNAL	M5	92.784	335.529	92.808	335.613
o_data[1149]	OUTPUT	SIGNAL	M5	91.104	335.529	91.128	335.613
o_data[114]	OUTPUT	SIGNAL	M5	196.032	0.0	196.056	0.084
o_data[1150]	OUTPUT	SIGNAL	M5	90.816	335.529	90.84	335.613
o_data[1151]	OUTPUT	SIGNAL	M5	92.016	335.529	92.04	335.613
o_data[1152]	OUTPUT	SIGNAL	M5	138.864	335.529	138.888	335.613
o_data[1153]	OUTPUT	SIGNAL	M5	142.512	335.529	142.536	335.613
o_data[1154]	OUTPUT	SIGNAL	M5	133.872	335.529	133.896	335.613
o_data[1155]	OUTPUT	SIGNAL	M5	138.672	335.529	138.696	335.613
o_data[1156]	OUTPUT	SIGNAL	M5	139.44	335.529	139.464	335.613
o_data[1157]	OUTPUT	SIGNAL	M5	142.128	335.529	142.152	335.613
o_data[1158]	OUTPUT	SIGNAL	M5	141.36	335.529	141.384	335.613
o_data[1159]	OUTPUT	SIGNAL	M5	142.08	335.529	142.104	335.613
o_data[115]	OUTPUT	SIGNAL	M4	335.529	139.584	335.613	139.608
o_data[1160]	OUTPUT	SIGNAL	M5	135.648	335.529	135.672	335.613
o_data[1161]	OUTPUT	SIGNAL	M5	141.456	335.529	141.48	335.613
o_data[1162]	OUTPUT	SIGNAL	M5	138.816	335.529	138.84	335.613
o_data[1163]	OUTPUT	SIGNAL	M5	134.496	335.529	134.52	335.613
o_data[1164]	OUTPUT	SIGNAL	M5	141.504	335.529	141.528	335.613
o_data[1165]	OUTPUT	SIGNAL	M5	135.024	335.529	135.048	335.613
o_data[1166]	OUTPUT	SIGNAL	M5	134.592	335.529	134.616	335.613
o_data[1167]	OUTPUT	SIGNAL	M5	136.992	335.529	137.016	335.613
o_data[1168]	OUTPUT	SIGNAL	M5	141.168	335.529	141.192	335.613
o_data[1169]	OUTPUT	SIGNAL	M5	135.216	335.529	135.24	335.613
o_data[116]	OUTPUT	SIGNAL	M5	197.472	0.0	197.496	0.084
o_data[1170]	OUTPUT	SIGNAL	M5	135.984	335.529	136.008	335.613
o_data[1171]	OUTPUT	SIGNAL	M5	135.84	335.529	135.864	335.613
o_data[1172]	OUTPUT	SIGNAL	M5	134.64	335.529	134.664	335.613
o_data[1173]	OUTPUT	SIGNAL	M5	136.32	335.529	136.344	335.613
o_data[1174]	OUTPUT	SIGNAL	M5	134.4	335.529	134.424	335.613
o_data[1175]	OUTPUT	SIGNAL	M5	133.776	335.529	133.8	335.613
o_data[1176]	OUTPUT	SIGNAL	M5	134.832	335.529	134.856	335.613
o_data[1177]	OUTPUT	SIGNAL	M5	134.256	335.529	134.28	335.613
o_data[1178]	OUTPUT	SIGNAL	M5	135.6	335.529	135.624	335.613
o_data[1179]	OUTPUT	SIGNAL	M5	136.032	335.529	136.056	335.613
o_data[117]	OUTPUT	SIGNAL	M4	335.529	139.2	335.613	139.224
o_data[1180]	OUTPUT	SIGNAL	M5	140.016	335.529	140.04	335.613
o_data[1181]	OUTPUT	SIGNAL	M5	135.696	335.529	135.72	335.613
o_data[1182]	OUTPUT	SIGNAL	M5	135.408	335.529	135.432	335.613
o_data[1183]	OUTPUT	SIGNAL	M5	136.08	335.529	136.104	335.613
o_data[1184]	OUTPUT	SIGNAL	M5	140.784	335.529	140.808	335.613
o_data[1185]	OUTPUT	SIGNAL	M4	0.0	234.624	0.084	234.648
o_data[1186]	OUTPUT	SIGNAL	M4	0.0	234.864	0.084	234.888
o_data[1187]	OUTPUT	SIGNAL	M4	0.0	233.28	0.084	233.304
o_data[1188]	OUTPUT	SIGNAL	M4	0.0	233.376	0.084	233.4
o_data[1189]	OUTPUT	SIGNAL	M4	0.0	235.728	0.084	235.752
o_data[118]	OUTPUT	SIGNAL	M4	335.529	139.824	335.613	139.848
o_data[1190]	OUTPUT	SIGNAL	M5	141.936	335.529	141.96	335.613
o_data[1191]	OUTPUT	SIGNAL	M5	142.416	335.529	142.44	335.613
o_data[1192]	OUTPUT	SIGNAL	M5	141.888	335.529	141.912	335.613
o_data[1193]	OUTPUT	SIGNAL	M5	141.792	335.529	141.816	335.613
o_data[1194]	OUTPUT	SIGNAL	M5	135.36	335.529	135.384	335.613
o_data[1195]	OUTPUT	SIGNAL	M5	142.32	335.529	142.344	335.613
o_data[1196]	OUTPUT	SIGNAL	M5	141.648	335.529	141.672	335.613
o_data[1197]	OUTPUT	SIGNAL	M5	133.92	335.529	133.944	335.613
o_data[1198]	OUTPUT	SIGNAL	M5	139.2	335.529	139.224	335.613
o_data[1199]	OUTPUT	SIGNAL	M5	139.104	335.529	139.128	335.613
o_data[119]	OUTPUT	SIGNAL	M4	335.529	138.192	335.613	138.216
o_data[11]	OUTPUT	SIGNAL	M4	335.529	205.44	335.613	205.464
o_data[1200]	OUTPUT	SIGNAL	M5	141.552	335.529	141.576	335.613
o_data[1201]	OUTPUT	SIGNAL	M5	136.56	335.529	136.584	335.613
o_data[1202]	OUTPUT	SIGNAL	M5	134.784	335.529	134.808	335.613
o_data[1203]	OUTPUT	SIGNAL	M5	140.256	335.529	140.28	335.613
o_data[1204]	OUTPUT	SIGNAL	M5	135.12	335.529	135.144	335.613
o_data[1205]	OUTPUT	SIGNAL	M5	134.352	335.529	134.376	335.613
o_data[1206]	OUTPUT	SIGNAL	M5	135.888	335.529	135.912	335.613
o_data[1207]	OUTPUT	SIGNAL	M5	139.296	335.529	139.32	335.613
o_data[1208]	OUTPUT	SIGNAL	M5	138.576	335.529	138.6	335.613
o_data[1209]	OUTPUT	SIGNAL	M5	134.448	335.529	134.472	335.613
o_data[120]	OUTPUT	SIGNAL	M5	199.488	0.0	199.512	0.084
o_data[1210]	OUTPUT	SIGNAL	M5	141.024	335.529	141.048	335.613
o_data[1211]	OUTPUT	SIGNAL	M5	136.128	335.529	136.152	335.613
o_data[1212]	OUTPUT	SIGNAL	M5	135.264	335.529	135.288	335.613
o_data[1213]	OUTPUT	SIGNAL	M5	136.176	335.529	136.2	335.613
o_data[1214]	OUTPUT	SIGNAL	M5	134.112	335.529	134.136	335.613
o_data[1215]	OUTPUT	SIGNAL	M5	135.456	335.529	135.48	335.613
o_data[1216]	OUTPUT	SIGNAL	M5	159.984	335.529	160.008	335.613
o_data[1217]	OUTPUT	SIGNAL	M5	159.552	335.529	159.576	335.613
o_data[1218]	OUTPUT	SIGNAL	M5	158.928	335.529	158.952	335.613
o_data[1219]	OUTPUT	SIGNAL	M5	158.016	335.529	158.04	335.613
o_data[121]	OUTPUT	SIGNAL	M4	335.529	137.472	335.613	137.496
o_data[1220]	OUTPUT	SIGNAL	M5	157.296	335.529	157.32	335.613
o_data[1221]	OUTPUT	SIGNAL	M5	160.272	335.529	160.296	335.613
o_data[1222]	OUTPUT	SIGNAL	M5	158.256	335.529	158.28	335.613
o_data[1223]	OUTPUT	SIGNAL	M5	157.92	335.529	157.944	335.613
o_data[1224]	OUTPUT	SIGNAL	M5	157.632	335.529	157.656	335.613
o_data[1225]	OUTPUT	SIGNAL	M5	156.528	335.529	156.552	335.613
o_data[1226]	OUTPUT	SIGNAL	M5	158.688	335.529	158.712	335.613
o_data[1227]	OUTPUT	SIGNAL	M5	155.616	335.529	155.64	335.613
o_data[1228]	OUTPUT	SIGNAL	M5	158.4	335.529	158.424	335.613
o_data[1229]	OUTPUT	SIGNAL	M5	158.832	335.529	158.856	335.613
o_data[122]	OUTPUT	SIGNAL	M4	335.529	131.808	335.613	131.832
o_data[1230]	OUTPUT	SIGNAL	M5	158.784	335.529	158.808	335.613
o_data[1231]	OUTPUT	SIGNAL	M5	158.448	335.529	158.472	335.613
o_data[1232]	OUTPUT	SIGNAL	M5	158.304	335.529	158.328	335.613
o_data[1233]	OUTPUT	SIGNAL	M5	160.032	335.529	160.056	335.613
o_data[1234]	OUTPUT	SIGNAL	M5	157.008	335.529	157.032	335.613
o_data[1235]	OUTPUT	SIGNAL	M5	153.84	335.529	153.864	335.613
o_data[1236]	OUTPUT	SIGNAL	M5	157.728	335.529	157.752	335.613
o_data[1237]	OUTPUT	SIGNAL	M5	158.64	335.529	158.664	335.613
o_data[1238]	OUTPUT	SIGNAL	M5	157.68	335.529	157.704	335.613
o_data[1239]	OUTPUT	SIGNAL	M5	143.52	335.529	143.544	335.613
o_data[123]	OUTPUT	SIGNAL	M4	335.529	140.592	335.613	140.616
o_data[1240]	OUTPUT	SIGNAL	M5	143.472	335.529	143.496	335.613
o_data[1241]	OUTPUT	SIGNAL	M5	143.424	335.529	143.448	335.613
o_data[1242]	OUTPUT	SIGNAL	M5	149.952	335.529	149.976	335.613
o_data[1243]	OUTPUT	SIGNAL	M5	234.336	335.529	234.36	335.613
o_data[1244]	OUTPUT	SIGNAL	M5	234.768	335.529	234.792	335.613
o_data[1245]	OUTPUT	SIGNAL	M5	233.616	335.529	233.64	335.613
o_data[1246]	OUTPUT	SIGNAL	M5	234.288	335.529	234.312	335.613
o_data[1247]	OUTPUT	SIGNAL	M5	234.048	335.529	234.072	335.613
o_data[1248]	OUTPUT	SIGNAL	M5	148.848	335.529	148.872	335.613
o_data[1249]	OUTPUT	SIGNAL	M5	146.832	335.529	146.856	335.613
o_data[124]	OUTPUT	SIGNAL	M4	335.529	139.632	335.613	139.656
o_data[1250]	OUTPUT	SIGNAL	M5	150.24	335.529	150.264	335.613
o_data[1251]	OUTPUT	SIGNAL	M5	149.232	335.529	149.256	335.613
o_data[1252]	OUTPUT	SIGNAL	M5	144.576	335.529	144.6	335.613
o_data[1253]	OUTPUT	SIGNAL	M5	144.768	335.529	144.792	335.613
o_data[1254]	OUTPUT	SIGNAL	M5	149.328	335.529	149.352	335.613
o_data[1255]	OUTPUT	SIGNAL	M5	143.28	335.529	143.304	335.613
o_data[1256]	OUTPUT	SIGNAL	M5	152.016	335.529	152.04	335.613
o_data[1257]	OUTPUT	SIGNAL	M5	151.056	335.529	151.08	335.613
o_data[1258]	OUTPUT	SIGNAL	M5	148.896	335.529	148.92	335.613
o_data[1259]	OUTPUT	SIGNAL	M5	148.128	335.529	148.152	335.613
o_data[125]	OUTPUT	SIGNAL	M4	335.529	141.936	335.613	141.96
o_data[1260]	OUTPUT	SIGNAL	M5	142.944	335.529	142.968	335.613
o_data[1261]	OUTPUT	SIGNAL	M5	150.336	335.529	150.36	335.613
o_data[1262]	OUTPUT	SIGNAL	M5	148.944	335.529	148.968	335.613
o_data[1263]	OUTPUT	SIGNAL	M5	146.112	335.529	146.136	335.613
o_data[1264]	OUTPUT	SIGNAL	M5	149.52	335.529	149.544	335.613
o_data[1265]	OUTPUT	SIGNAL	M5	150.912	335.529	150.936	335.613
o_data[1266]	OUTPUT	SIGNAL	M5	150.624	335.529	150.648	335.613
o_data[1267]	OUTPUT	SIGNAL	M5	150.864	335.529	150.888	335.613
o_data[1268]	OUTPUT	SIGNAL	M5	144.048	335.529	144.072	335.613
o_data[1269]	OUTPUT	SIGNAL	M5	147.744	335.529	147.768	335.613
o_data[126]	OUTPUT	SIGNAL	M4	335.529	139.104	335.613	139.128
o_data[1270]	OUTPUT	SIGNAL	M5	146.64	335.529	146.664	335.613
o_data[1271]	OUTPUT	SIGNAL	M5	151.584	335.529	151.608	335.613
o_data[1272]	OUTPUT	SIGNAL	M5	151.536	335.529	151.56	335.613
o_data[1273]	OUTPUT	SIGNAL	M5	143.856	335.529	143.88	335.613
o_data[1274]	OUTPUT	SIGNAL	M5	235.92	335.529	235.944	335.613
o_data[1275]	OUTPUT	SIGNAL	M5	235.632	335.529	235.656	335.613
o_data[1276]	OUTPUT	SIGNAL	M5	235.392	335.529	235.416	335.613
o_data[1277]	OUTPUT	SIGNAL	M5	235.344	335.529	235.368	335.613
o_data[1278]	OUTPUT	SIGNAL	M5	234.72	335.529	234.744	335.613
o_data[1279]	OUTPUT	SIGNAL	M5	234.912	335.529	234.936	335.613
o_data[127]	OUTPUT	SIGNAL	M4	335.529	141.456	335.613	141.48
o_data[1280]	OUTPUT	SIGNAL	M4	335.529	111.504	335.613	111.528
o_data[1281]	OUTPUT	SIGNAL	M4	335.529	113.232	335.613	113.256
o_data[1282]	OUTPUT	SIGNAL	M4	335.529	115.488	335.613	115.512
o_data[1283]	OUTPUT	SIGNAL	M4	335.529	114.864	335.613	114.888
o_data[1284]	OUTPUT	SIGNAL	M4	335.529	114.144	335.613	114.168
o_data[1285]	OUTPUT	SIGNAL	M4	335.529	112.944	335.613	112.968
o_data[1286]	OUTPUT	SIGNAL	M4	335.529	111.792	335.613	111.816
o_data[1287]	OUTPUT	SIGNAL	M4	335.529	112.368	335.613	112.392
o_data[1288]	OUTPUT	SIGNAL	M4	335.529	108.672	335.613	108.696
o_data[1289]	OUTPUT	SIGNAL	M4	335.529	110.784	335.613	110.808
o_data[128]	OUTPUT	SIGNAL	M4	0.0	137.136	0.084	137.16
o_data[1290]	OUTPUT	SIGNAL	M4	335.529	109.92	335.613	109.944
o_data[1291]	OUTPUT	SIGNAL	M4	335.529	108.96	335.613	108.984
o_data[1292]	OUTPUT	SIGNAL	M4	335.529	110.16	335.613	110.184
o_data[1293]	OUTPUT	SIGNAL	M4	335.529	107.52	335.613	107.544
o_data[1294]	OUTPUT	SIGNAL	M4	335.529	106.416	335.613	106.44
o_data[1295]	OUTPUT	SIGNAL	M4	335.529	105.408	335.613	105.432
o_data[1296]	OUTPUT	SIGNAL	M4	335.529	103.296	335.613	103.32
o_data[1297]	OUTPUT	SIGNAL	M4	335.529	99.696	335.613	99.72
o_data[1298]	OUTPUT	SIGNAL	M4	335.529	101.904	335.613	101.928
o_data[1299]	OUTPUT	SIGNAL	M4	335.529	100.896	335.613	100.92
o_data[129]	OUTPUT	SIGNAL	M4	0.0	142.752	0.084	142.776
o_data[12]	OUTPUT	SIGNAL	M4	335.529	206.496	335.613	206.52
o_data[1300]	OUTPUT	SIGNAL	M4	335.529	100.656	335.613	100.68
o_data[1301]	OUTPUT	SIGNAL	M4	335.529	99.744	335.613	99.768
o_data[1302]	OUTPUT	SIGNAL	M4	335.529	99.456	335.613	99.48
o_data[1303]	OUTPUT	SIGNAL	M4	335.529	93.264	335.613	93.288
o_data[1304]	OUTPUT	SIGNAL	M4	335.529	98.544	335.613	98.568
o_data[1305]	OUTPUT	SIGNAL	M4	335.529	98.4	335.613	98.424
o_data[1306]	OUTPUT	SIGNAL	M4	335.529	97.488	335.613	97.512
o_data[1307]	OUTPUT	SIGNAL	M4	335.529	97.68	335.613	97.704
o_data[1308]	OUTPUT	SIGNAL	M4	335.529	96.48	335.613	96.504
o_data[1309]	OUTPUT	SIGNAL	M4	335.529	95.856	335.613	95.88
o_data[130]	OUTPUT	SIGNAL	M4	0.0	143.376	0.084	143.4
o_data[1310]	OUTPUT	SIGNAL	M4	335.529	95.088	335.613	95.112
o_data[1311]	OUTPUT	SIGNAL	M4	335.529	97.248	335.613	97.272
o_data[1312]	OUTPUT	SIGNAL	M4	335.529	111.648	335.613	111.672
o_data[1313]	OUTPUT	SIGNAL	M4	335.529	113.184	335.613	113.208
o_data[1314]	OUTPUT	SIGNAL	M4	335.529	115.248	335.613	115.272
o_data[1315]	OUTPUT	SIGNAL	M4	335.529	114.336	335.613	114.36
o_data[1316]	OUTPUT	SIGNAL	M4	335.529	114.096	335.613	114.12
o_data[1317]	OUTPUT	SIGNAL	M4	335.529	112.8	335.613	112.824
o_data[1318]	OUTPUT	SIGNAL	M4	335.529	111.552	335.613	111.576
o_data[1319]	OUTPUT	SIGNAL	M4	335.529	112.704	335.613	112.728
o_data[131]	OUTPUT	SIGNAL	M4	0.0	142.512	0.084	142.536
o_data[1320]	OUTPUT	SIGNAL	M4	335.529	109.344	335.613	109.368
o_data[1321]	OUTPUT	SIGNAL	M4	335.529	110.496	335.613	110.52
o_data[1322]	OUTPUT	SIGNAL	M4	335.529	110.448	335.613	110.472
o_data[1323]	OUTPUT	SIGNAL	M4	335.529	109.488	335.613	109.512
o_data[1324]	OUTPUT	SIGNAL	M4	335.529	110.304	335.613	110.328
o_data[1325]	OUTPUT	SIGNAL	M4	335.529	107.712	335.613	107.736
o_data[1326]	OUTPUT	SIGNAL	M4	335.529	106.464	335.613	106.488
o_data[1327]	OUTPUT	SIGNAL	M4	335.529	105.216	335.613	105.24
o_data[1328]	OUTPUT	SIGNAL	M4	335.529	102.864	335.613	102.888
o_data[1329]	OUTPUT	SIGNAL	M4	335.529	99.408	335.613	99.432
o_data[132]	OUTPUT	SIGNAL	M4	0.0	142.992	0.084	143.016
o_data[1330]	OUTPUT	SIGNAL	M4	335.529	101.712	335.613	101.736
o_data[1331]	OUTPUT	SIGNAL	M4	335.529	100.32	335.613	100.344
o_data[1332]	OUTPUT	SIGNAL	M4	335.529	100.608	335.613	100.632
o_data[1333]	OUTPUT	SIGNAL	M4	335.529	99.6	335.613	99.624
o_data[1334]	OUTPUT	SIGNAL	M4	335.529	98.496	335.613	98.52
o_data[1335]	OUTPUT	SIGNAL	M4	335.529	93.312	335.613	93.336
o_data[1336]	OUTPUT	SIGNAL	M4	335.529	98.592	335.613	98.616
o_data[1337]	OUTPUT	SIGNAL	M4	335.529	98.256	335.613	98.28
o_data[1338]	OUTPUT	SIGNAL	M4	335.529	97.44	335.613	97.464
o_data[1339]	OUTPUT	SIGNAL	M4	335.529	97.632	335.613	97.656
o_data[133]	OUTPUT	SIGNAL	M4	0.0	139.152	0.084	139.176
o_data[1340]	OUTPUT	SIGNAL	M4	335.529	96.816	335.613	96.84
o_data[1341]	OUTPUT	SIGNAL	M4	335.529	96.624	335.613	96.648
o_data[1342]	OUTPUT	SIGNAL	M4	335.529	95.808	335.613	95.832
o_data[1343]	OUTPUT	SIGNAL	M4	335.529	98.016	335.613	98.04
o_data[1344]	OUTPUT	SIGNAL	M5	152.064	335.529	152.088	335.613
o_data[1345]	OUTPUT	SIGNAL	M5	151.008	335.529	151.032	335.613
o_data[1346]	OUTPUT	SIGNAL	M5	151.872	335.529	151.896	335.613
o_data[1347]	OUTPUT	SIGNAL	M5	143.952	335.529	143.976	335.613
o_data[1348]	OUTPUT	SIGNAL	M5	152.16	335.529	152.184	335.613
o_data[1349]	OUTPUT	SIGNAL	M5	152.304	335.529	152.328	335.613
o_data[134]	OUTPUT	SIGNAL	M4	0.0	139.056	0.084	139.08
o_data[1350]	OUTPUT	SIGNAL	M5	152.208	335.529	152.232	335.613
o_data[1351]	OUTPUT	SIGNAL	M5	152.112	335.529	152.136	335.613
o_data[1352]	OUTPUT	SIGNAL	M5	152.4	335.529	152.424	335.613
o_data[1353]	OUTPUT	SIGNAL	M5	152.352	335.529	152.376	335.613
o_data[1354]	OUTPUT	SIGNAL	M5	151.392	335.529	151.416	335.613
o_data[1355]	OUTPUT	SIGNAL	M5	152.256	335.529	152.28	335.613
o_data[1356]	OUTPUT	SIGNAL	M5	151.728	335.529	151.752	335.613
o_data[1357]	OUTPUT	SIGNAL	M5	152.448	335.529	152.472	335.613
o_data[1358]	OUTPUT	SIGNAL	M4	335.529	218.064	335.613	218.088
o_data[1359]	OUTPUT	SIGNAL	M4	335.529	218.928	335.613	218.952
o_data[135]	OUTPUT	SIGNAL	M4	0.0	139.248	0.084	139.272
o_data[1360]	OUTPUT	SIGNAL	M4	335.529	218.304	335.613	218.328
o_data[1361]	OUTPUT	SIGNAL	M4	335.529	217.056	335.613	217.08
o_data[1362]	OUTPUT	SIGNAL	M4	335.529	217.824	335.613	217.848
o_data[1363]	OUTPUT	SIGNAL	M4	335.529	212.592	335.613	212.616
o_data[1364]	OUTPUT	SIGNAL	M4	335.529	211.68	335.613	211.704
o_data[1365]	OUTPUT	SIGNAL	M4	335.529	218.208	335.613	218.232
o_data[1366]	OUTPUT	SIGNAL	M4	335.529	217.344	335.613	217.368
o_data[1367]	OUTPUT	SIGNAL	M4	335.529	217.392	335.613	217.416
o_data[1368]	OUTPUT	SIGNAL	M4	335.529	215.712	335.613	215.736
o_data[1369]	OUTPUT	SIGNAL	M4	335.529	216.192	335.613	216.216
o_data[136]	OUTPUT	SIGNAL	M4	0.0	133.248	0.084	133.272
o_data[1370]	OUTPUT	SIGNAL	M4	335.529	215.952	335.613	215.976
o_data[1371]	OUTPUT	SIGNAL	M4	335.529	216.912	335.613	216.936
o_data[1372]	OUTPUT	SIGNAL	M4	335.529	213.504	335.613	213.528
o_data[1373]	OUTPUT	SIGNAL	M4	335.529	216.672	335.613	216.696
o_data[1374]	OUTPUT	SIGNAL	M4	335.529	214.752	335.613	214.776
o_data[1375]	OUTPUT	SIGNAL	M4	335.529	217.776	335.613	217.8
o_data[1376]	OUTPUT	SIGNAL	M5	150.528	335.529	150.552	335.613
o_data[1377]	OUTPUT	SIGNAL	M5	151.92	335.529	151.944	335.613
o_data[1378]	OUTPUT	SIGNAL	M5	151.248	335.529	151.272	335.613
o_data[1379]	OUTPUT	SIGNAL	M5	147.552	335.529	147.576	335.613
o_data[137]	OUTPUT	SIGNAL	M4	0.0	136.08	0.084	136.104
o_data[1380]	OUTPUT	SIGNAL	M5	150.48	335.529	150.504	335.613
o_data[1381]	OUTPUT	SIGNAL	M5	151.152	335.529	151.176	335.613
o_data[1382]	OUTPUT	SIGNAL	M5	144.24	335.529	144.264	335.613
o_data[1383]	OUTPUT	SIGNAL	M5	142.704	335.529	142.728	335.613
o_data[1384]	OUTPUT	SIGNAL	M4	335.529	219.888	335.613	219.912
o_data[1385]	OUTPUT	SIGNAL	M5	142.8	335.529	142.824	335.613
o_data[1386]	OUTPUT	SIGNAL	M5	142.656	335.529	142.68	335.613
o_data[1387]	OUTPUT	SIGNAL	M5	142.848	335.529	142.872	335.613
o_data[1388]	OUTPUT	SIGNAL	M5	142.752	335.529	142.776	335.613
o_data[1389]	OUTPUT	SIGNAL	M4	335.529	220.224	335.613	220.248
o_data[138]	OUTPUT	SIGNAL	M4	0.0	136.368	0.084	136.392
o_data[1390]	OUTPUT	SIGNAL	M4	335.529	221.232	335.613	221.256
o_data[1391]	OUTPUT	SIGNAL	M4	335.529	221.04	335.613	221.064
o_data[1392]	OUTPUT	SIGNAL	M4	335.529	218.64	335.613	218.664
o_data[1393]	OUTPUT	SIGNAL	M4	335.529	219.504	335.613	219.528
o_data[1394]	OUTPUT	SIGNAL	M4	335.529	219.312	335.613	219.336
o_data[1395]	OUTPUT	SIGNAL	M4	335.529	220.656	335.613	220.68
o_data[1396]	OUTPUT	SIGNAL	M4	335.529	219.936	335.613	219.96
o_data[1397]	OUTPUT	SIGNAL	M4	335.529	221.952	335.613	221.976
o_data[1398]	OUTPUT	SIGNAL	M4	335.529	220.848	335.613	220.872
o_data[1399]	OUTPUT	SIGNAL	M4	335.529	223.008	335.613	223.032
o_data[139]	OUTPUT	SIGNAL	M4	0.0	133.392	0.084	133.416
o_data[13]	OUTPUT	SIGNAL	M4	335.529	203.952	335.613	203.976
o_data[1400]	OUTPUT	SIGNAL	M4	335.529	223.92	335.613	223.944
o_data[1401]	OUTPUT	SIGNAL	M4	335.529	224.448	335.613	224.472
o_data[1402]	OUTPUT	SIGNAL	M4	335.529	225.36	335.613	225.384
o_data[1403]	OUTPUT	SIGNAL	M4	335.529	226.224	335.613	226.248
o_data[1404]	OUTPUT	SIGNAL	M4	335.529	227.136	335.613	227.16
o_data[1405]	OUTPUT	SIGNAL	M4	335.529	227.616	335.613	227.64
o_data[1406]	OUTPUT	SIGNAL	M4	335.529	228.816	335.613	228.84
o_data[1407]	OUTPUT	SIGNAL	M4	335.529	227.76	335.613	227.784
o_data[1408]	OUTPUT	SIGNAL	M5	134.736	335.529	134.76	335.613
o_data[1409]	OUTPUT	SIGNAL	M5	133.392	335.529	133.416	335.613
o_data[140]	OUTPUT	SIGNAL	M4	0.0	133.488	0.084	133.512
o_data[1410]	OUTPUT	SIGNAL	M5	133.296	335.529	133.32	335.613
o_data[1411]	OUTPUT	SIGNAL	M5	133.824	335.529	133.848	335.613
o_data[1412]	OUTPUT	SIGNAL	M5	134.928	335.529	134.952	335.613
o_data[1413]	OUTPUT	SIGNAL	M5	137.136	335.529	137.16	335.613
o_data[1414]	OUTPUT	SIGNAL	M5	136.752	335.529	136.776	335.613
o_data[1415]	OUTPUT	SIGNAL	M5	136.656	335.529	136.68	335.613
o_data[1416]	OUTPUT	SIGNAL	M5	138.624	335.529	138.648	335.613
o_data[1417]	OUTPUT	SIGNAL	M5	138.48	335.529	138.504	335.613
o_data[1418]	OUTPUT	SIGNAL	M5	137.952	335.529	137.976	335.613
o_data[1419]	OUTPUT	SIGNAL	M5	136.272	335.529	136.296	335.613
o_data[141]	OUTPUT	SIGNAL	M4	0.0	131.232	0.084	131.256
o_data[1420]	OUTPUT	SIGNAL	M5	134.064	335.529	134.088	335.613
o_data[1421]	OUTPUT	SIGNAL	M5	134.016	335.529	134.04	335.613
o_data[1422]	OUTPUT	SIGNAL	M5	137.376	335.529	137.4	335.613
o_data[1423]	OUTPUT	SIGNAL	M5	133.344	335.529	133.368	335.613
o_data[1424]	OUTPUT	SIGNAL	M5	136.224	335.529	136.248	335.613
o_data[1425]	OUTPUT	SIGNAL	M5	140.352	335.529	140.376	335.613
o_data[1426]	OUTPUT	SIGNAL	M5	138.288	335.529	138.312	335.613
o_data[1427]	OUTPUT	SIGNAL	M5	137.184	335.529	137.208	335.613
o_data[1428]	OUTPUT	SIGNAL	M5	138.24	335.529	138.264	335.613
o_data[1429]	OUTPUT	SIGNAL	M5	135.504	335.529	135.528	335.613
o_data[142]	OUTPUT	SIGNAL	M4	0.0	131.952	0.084	131.976
o_data[1430]	OUTPUT	SIGNAL	M5	135.792	335.529	135.816	335.613
o_data[1431]	OUTPUT	SIGNAL	M5	134.208	335.529	134.232	335.613
o_data[1432]	OUTPUT	SIGNAL	M5	135.552	335.529	135.576	335.613
o_data[1433]	OUTPUT	SIGNAL	M5	135.312	335.529	135.336	335.613
o_data[1434]	OUTPUT	SIGNAL	M5	136.704	335.529	136.728	335.613
o_data[1435]	OUTPUT	SIGNAL	M5	135.168	335.529	135.192	335.613
o_data[1436]	OUTPUT	SIGNAL	M5	92.112	335.529	92.136	335.613
o_data[1437]	OUTPUT	SIGNAL	M5	90.096	335.529	90.12	335.613
o_data[1438]	OUTPUT	SIGNAL	M5	87.36	335.529	87.384	335.613
o_data[1439]	OUTPUT	SIGNAL	M5	94.032	335.529	94.056	335.613
o_data[143]	OUTPUT	SIGNAL	M4	0.0	128.112	0.084	128.136
o_data[1440]	OUTPUT	SIGNAL	M5	92.304	335.529	92.328	335.613
o_data[1441]	OUTPUT	SIGNAL	M5	92.496	335.529	92.52	335.613
o_data[1442]	OUTPUT	SIGNAL	M5	91.968	335.529	91.992	335.613
o_data[1443]	OUTPUT	SIGNAL	M5	93.792	335.529	93.816	335.613
o_data[1444]	OUTPUT	SIGNAL	M5	91.392	335.529	91.416	335.613
o_data[1445]	OUTPUT	SIGNAL	M5	91.728	335.529	91.752	335.613
o_data[1446]	OUTPUT	SIGNAL	M5	90.912	335.529	90.936	335.613
o_data[1447]	OUTPUT	SIGNAL	M5	85.296	335.529	85.32	335.613
o_data[1448]	OUTPUT	SIGNAL	M5	94.32	335.529	94.344	335.613
o_data[1449]	OUTPUT	SIGNAL	M5	93.408	335.529	93.432	335.613
o_data[144]	OUTPUT	SIGNAL	M4	0.0	123.792	0.084	123.816
o_data[1450]	OUTPUT	SIGNAL	M5	86.736	335.529	86.76	335.613
o_data[1451]	OUTPUT	SIGNAL	M5	92.544	335.529	92.568	335.613
o_data[1452]	OUTPUT	SIGNAL	M5	92.88	335.529	92.904	335.613
o_data[1453]	OUTPUT	SIGNAL	M5	88.896	335.529	88.92	335.613
o_data[1454]	OUTPUT	SIGNAL	M5	92.064	335.529	92.088	335.613
o_data[1455]	OUTPUT	SIGNAL	M5	92.352	335.529	92.376	335.613
o_data[1456]	OUTPUT	SIGNAL	M5	93.936	335.529	93.96	335.613
o_data[1457]	OUTPUT	SIGNAL	M5	89.568	335.529	89.592	335.613
o_data[1458]	OUTPUT	SIGNAL	M5	91.68	335.529	91.704	335.613
o_data[1459]	OUTPUT	SIGNAL	M5	93.744	335.529	93.768	335.613
o_data[145]	OUTPUT	SIGNAL	M4	0.0	119.328	0.084	119.352
o_data[1460]	OUTPUT	SIGNAL	M5	91.152	335.529	91.176	335.613
o_data[1461]	OUTPUT	SIGNAL	M5	90.432	335.529	90.456	335.613
o_data[1462]	OUTPUT	SIGNAL	M5	94.272	335.529	94.296	335.613
o_data[1463]	OUTPUT	SIGNAL	M5	94.368	335.529	94.392	335.613
o_data[1464]	OUTPUT	SIGNAL	M5	93.216	335.529	93.24	335.613
o_data[1465]	OUTPUT	SIGNAL	M5	90.192	335.529	90.216	335.613
o_data[1466]	OUTPUT	SIGNAL	M5	93.984	335.529	94.008	335.613
o_data[1467]	OUTPUT	SIGNAL	M5	92.976	335.529	93.0	335.613
o_data[1468]	OUTPUT	SIGNAL	M5	90.144	335.529	90.168	335.613
o_data[1469]	OUTPUT	SIGNAL	M5	87.024	335.529	87.048	335.613
o_data[146]	OUTPUT	SIGNAL	M4	0.0	121.056	0.084	121.08
o_data[1470]	OUTPUT	SIGNAL	M5	89.28	335.529	89.304	335.613
o_data[1471]	OUTPUT	SIGNAL	M5	85.392	335.529	85.416	335.613
o_data[1472]	OUTPUT	SIGNAL	M5	56.4	0.0	56.424	0.084
o_data[1473]	OUTPUT	SIGNAL	M5	53.952	0.0	53.976	0.084
o_data[1474]	OUTPUT	SIGNAL	M5	53.424	0.0	53.448	0.084
o_data[1475]	OUTPUT	SIGNAL	M5	53.904	0.0	53.928	0.084
o_data[1476]	OUTPUT	SIGNAL	M5	51.936	0.0	51.96	0.084
o_data[1477]	OUTPUT	SIGNAL	M5	54.672	0.0	54.696	0.084
o_data[1478]	OUTPUT	SIGNAL	M5	55.008	0.0	55.032	0.084
o_data[1479]	OUTPUT	SIGNAL	M5	54.816	0.0	54.84	0.084
o_data[147]	OUTPUT	SIGNAL	M4	0.0	122.256	0.084	122.28
o_data[1480]	OUTPUT	SIGNAL	M5	60.384	0.0	60.408	0.084
o_data[1481]	OUTPUT	SIGNAL	M5	58.512	0.0	58.536	0.084
o_data[1482]	OUTPUT	SIGNAL	M5	59.328	0.0	59.352	0.084
o_data[1483]	OUTPUT	SIGNAL	M5	60.864	0.0	60.888	0.084
o_data[1484]	OUTPUT	SIGNAL	M5	62.016	0.0	62.04	0.084
o_data[1485]	OUTPUT	SIGNAL	M5	62.592	0.0	62.616	0.084
o_data[1486]	OUTPUT	SIGNAL	M5	61.728	0.0	61.752	0.084
o_data[1487]	OUTPUT	SIGNAL	M5	65.04	0.0	65.064	0.084
o_data[1488]	OUTPUT	SIGNAL	M5	69.936	0.0	69.96	0.084
o_data[1489]	OUTPUT	SIGNAL	M5	73.584	0.0	73.608	0.084
o_data[148]	OUTPUT	SIGNAL	M4	0.0	121.44	0.084	121.464
o_data[1490]	OUTPUT	SIGNAL	M5	70.368	0.0	70.392	0.084
o_data[1491]	OUTPUT	SIGNAL	M5	70.944	0.0	70.968	0.084
o_data[1492]	OUTPUT	SIGNAL	M5	72.24	0.0	72.264	0.084
o_data[1493]	OUTPUT	SIGNAL	M5	72.864	0.0	72.888	0.084
o_data[1494]	OUTPUT	SIGNAL	M5	73.488	0.0	73.512	0.084
o_data[1495]	OUTPUT	SIGNAL	M5	74.208	0.0	74.232	0.084
o_data[1496]	OUTPUT	SIGNAL	M5	75.552	0.0	75.576	0.084
o_data[1497]	OUTPUT	SIGNAL	M5	75.408	0.0	75.432	0.084
o_data[1498]	OUTPUT	SIGNAL	M5	76.416	0.0	76.44	0.084
o_data[1499]	OUTPUT	SIGNAL	M5	76.848	0.0	76.872	0.084
o_data[149]	OUTPUT	SIGNAL	M4	0.0	118.512	0.084	118.536
o_data[14]	OUTPUT	SIGNAL	M4	335.529	204.336	335.613	204.36
o_data[1500]	OUTPUT	SIGNAL	M5	77.856	0.0	77.88	0.084
o_data[1501]	OUTPUT	SIGNAL	M5	77.808	0.0	77.832	0.084
o_data[1502]	OUTPUT	SIGNAL	M5	80.208	0.0	80.232	0.084
o_data[1503]	OUTPUT	SIGNAL	M5	76.56	0.0	76.584	0.084
o_data[1504]	OUTPUT	SIGNAL	M5	57.936	0.0	57.96	0.084
o_data[1505]	OUTPUT	SIGNAL	M5	54.144	0.0	54.168	0.084
o_data[1506]	OUTPUT	SIGNAL	M5	52.8	0.0	52.824	0.084
o_data[1507]	OUTPUT	SIGNAL	M5	53.232	0.0	53.256	0.084
o_data[1508]	OUTPUT	SIGNAL	M5	52.848	0.0	52.872	0.084
o_data[1509]	OUTPUT	SIGNAL	M5	54.576	0.0	54.6	0.084
o_data[150]	OUTPUT	SIGNAL	M4	0.0	117.216	0.084	117.24
o_data[1510]	OUTPUT	SIGNAL	M5	55.728	0.0	55.752	0.084
o_data[1511]	OUTPUT	SIGNAL	M5	55.488	0.0	55.512	0.084
o_data[1512]	OUTPUT	SIGNAL	M5	58.752	0.0	58.776	0.084
o_data[1513]	OUTPUT	SIGNAL	M5	58.416	0.0	58.44	0.084
o_data[1514]	OUTPUT	SIGNAL	M5	59.808	0.0	59.832	0.084
o_data[1515]	OUTPUT	SIGNAL	M5	61.056	0.0	61.08	0.084
o_data[1516]	OUTPUT	SIGNAL	M5	62.256	0.0	62.28	0.084
o_data[1517]	OUTPUT	SIGNAL	M5	62.064	0.0	62.088	0.084
o_data[1518]	OUTPUT	SIGNAL	M5	61.584	0.0	61.608	0.084
o_data[1519]	OUTPUT	SIGNAL	M5	65.76	0.0	65.784	0.084
o_data[151]	OUTPUT	SIGNAL	M4	0.0	122.88	0.084	122.904
o_data[1520]	OUTPUT	SIGNAL	M5	71.088	0.0	71.112	0.084
o_data[1521]	OUTPUT	SIGNAL	M5	74.112	0.0	74.136	0.084
o_data[1522]	OUTPUT	SIGNAL	M5	70.608	0.0	70.632	0.084
o_data[1523]	OUTPUT	SIGNAL	M5	70.848	0.0	70.872	0.084
o_data[1524]	OUTPUT	SIGNAL	M5	73.152	0.0	73.176	0.084
o_data[1525]	OUTPUT	SIGNAL	M5	72.912	0.0	72.936	0.084
o_data[1526]	OUTPUT	SIGNAL	M5	74.016	0.0	74.04	0.084
o_data[1527]	OUTPUT	SIGNAL	M5	75.12	0.0	75.144	0.084
o_data[1528]	OUTPUT	SIGNAL	M5	75.36	0.0	75.384	0.084
o_data[1529]	OUTPUT	SIGNAL	M5	75.168	0.0	75.192	0.084
o_data[152]	OUTPUT	SIGNAL	M5	112.608	0.0	112.632	0.084
o_data[1530]	OUTPUT	SIGNAL	M5	76.608	0.0	76.632	0.084
o_data[1531]	OUTPUT	SIGNAL	M5	76.8	0.0	76.824	0.084
o_data[1532]	OUTPUT	SIGNAL	M5	77.952	0.0	77.976	0.084
o_data[1533]	OUTPUT	SIGNAL	M5	77.76	0.0	77.784	0.084
o_data[1534]	OUTPUT	SIGNAL	M5	81.792	0.0	81.816	0.084
o_data[1535]	OUTPUT	SIGNAL	M5	79.632	0.0	79.656	0.084
o_data[1536]	OUTPUT	SIGNAL	M5	258.384	0.0	258.408	0.084
o_data[1537]	OUTPUT	SIGNAL	M5	256.032	0.0	256.056	0.084
o_data[1538]	OUTPUT	SIGNAL	M5	254.928	0.0	254.952	0.084
o_data[1539]	OUTPUT	SIGNAL	M5	255.264	0.0	255.288	0.084
o_data[153]	OUTPUT	SIGNAL	M5	112.368	0.0	112.392	0.084
o_data[1540]	OUTPUT	SIGNAL	M5	255.36	0.0	255.384	0.084
o_data[1541]	OUTPUT	SIGNAL	M5	257.136	0.0	257.16	0.084
o_data[1542]	OUTPUT	SIGNAL	M5	259.152	0.0	259.176	0.084
o_data[1543]	OUTPUT	SIGNAL	M5	259.248	0.0	259.272	0.084
o_data[1544]	OUTPUT	SIGNAL	M5	264.912	0.0	264.936	0.084
o_data[1545]	OUTPUT	SIGNAL	M5	262.464	0.0	262.488	0.084
o_data[1546]	OUTPUT	SIGNAL	M5	261.024	0.0	261.048	0.084
o_data[1547]	OUTPUT	SIGNAL	M5	264.048	0.0	264.072	0.084
o_data[1548]	OUTPUT	SIGNAL	M5	263.52	0.0	263.544	0.084
o_data[1549]	OUTPUT	SIGNAL	M5	266.496	0.0	266.52	0.084
o_data[154]	OUTPUT	SIGNAL	M5	110.544	0.0	110.568	0.084
o_data[1550]	OUTPUT	SIGNAL	M5	266.448	0.0	266.472	0.084
o_data[1551]	OUTPUT	SIGNAL	M5	267.072	0.0	267.096	0.084
o_data[1552]	OUTPUT	SIGNAL	M5	270.096	0.0	270.12	0.084
o_data[1553]	OUTPUT	SIGNAL	M5	273.168	0.0	273.192	0.084
o_data[1554]	OUTPUT	SIGNAL	M5	275.328	0.0	275.352	0.084
o_data[1555]	OUTPUT	SIGNAL	M5	274.944	0.0	274.968	0.084
o_data[1556]	OUTPUT	SIGNAL	M5	275.856	0.0	275.88	0.084
o_data[1557]	OUTPUT	SIGNAL	M5	276.096	0.0	276.12	0.084
o_data[1558]	OUTPUT	SIGNAL	M5	275.184	0.0	275.208	0.084
o_data[1559]	OUTPUT	SIGNAL	M5	276.576	0.0	276.6	0.084
o_data[155]	OUTPUT	SIGNAL	M5	110.16	0.0	110.184	0.084
o_data[1560]	OUTPUT	SIGNAL	M5	278.496	0.0	278.52	0.084
o_data[1561]	OUTPUT	SIGNAL	M5	277.872	0.0	277.896	0.084
o_data[1562]	OUTPUT	SIGNAL	M5	278.64	0.0	278.664	0.084
o_data[1563]	OUTPUT	SIGNAL	M5	278.352	0.0	278.376	0.084
o_data[1564]	OUTPUT	SIGNAL	M5	277.776	0.0	277.8	0.084
o_data[1565]	OUTPUT	SIGNAL	M5	276.192	0.0	276.216	0.084
o_data[1566]	OUTPUT	SIGNAL	M5	279.12	0.0	279.144	0.084
o_data[1567]	OUTPUT	SIGNAL	M5	273.6	0.0	273.624	0.084
o_data[1568]	OUTPUT	SIGNAL	M5	258.432	0.0	258.456	0.084
o_data[1569]	OUTPUT	SIGNAL	M5	256.224	0.0	256.248	0.084
o_data[156]	OUTPUT	SIGNAL	M5	112.464	0.0	112.488	0.084
o_data[1570]	OUTPUT	SIGNAL	M5	254.736	0.0	254.76	0.084
o_data[1571]	OUTPUT	SIGNAL	M5	254.592	0.0	254.616	0.084
o_data[1572]	OUTPUT	SIGNAL	M5	255.84	0.0	255.864	0.084
o_data[1573]	OUTPUT	SIGNAL	M5	256.992	0.0	257.016	0.084
o_data[1574]	OUTPUT	SIGNAL	M5	258.912	0.0	258.936	0.084
o_data[1575]	OUTPUT	SIGNAL	M5	258.336	0.0	258.36	0.084
o_data[1576]	OUTPUT	SIGNAL	M5	265.536	0.0	265.56	0.084
o_data[1577]	OUTPUT	SIGNAL	M5	261.888	0.0	261.912	0.084
o_data[1578]	OUTPUT	SIGNAL	M5	261.168	0.0	261.192	0.084
o_data[1579]	OUTPUT	SIGNAL	M5	266.544	0.0	266.568	0.084
o_data[157]	OUTPUT	SIGNAL	M5	112.8	0.0	112.824	0.084
o_data[1580]	OUTPUT	SIGNAL	M5	263.328	0.0	263.352	0.084
o_data[1581]	OUTPUT	SIGNAL	M5	266.112	0.0	266.136	0.084
o_data[1582]	OUTPUT	SIGNAL	M5	265.968	0.0	265.992	0.084
o_data[1583]	OUTPUT	SIGNAL	M5	267.168	0.0	267.192	0.084
o_data[1584]	OUTPUT	SIGNAL	M5	268.8	0.0	268.824	0.084
o_data[1585]	OUTPUT	SIGNAL	M5	271.584	0.0	271.608	0.084
o_data[1586]	OUTPUT	SIGNAL	M5	274.848	0.0	274.872	0.084
o_data[1587]	OUTPUT	SIGNAL	M5	270.528	0.0	270.552	0.084
o_data[1588]	OUTPUT	SIGNAL	M5	271.536	0.0	271.56	0.084
o_data[1589]	OUTPUT	SIGNAL	M5	271.632	0.0	271.656	0.084
o_data[158]	OUTPUT	SIGNAL	M5	110.208	0.0	110.232	0.084
o_data[1590]	OUTPUT	SIGNAL	M5	273.408	0.0	273.432	0.084
o_data[1591]	OUTPUT	SIGNAL	M5	273.312	0.0	273.336	0.084
o_data[1592]	OUTPUT	SIGNAL	M5	272.4	0.0	272.424	0.084
o_data[1593]	OUTPUT	SIGNAL	M5	271.92	0.0	271.944	0.084
o_data[1594]	OUTPUT	SIGNAL	M5	272.352	0.0	272.376	0.084
o_data[1595]	OUTPUT	SIGNAL	M5	272.496	0.0	272.52	0.084
o_data[1596]	OUTPUT	SIGNAL	M5	274.752	0.0	274.776	0.084
o_data[1597]	OUTPUT	SIGNAL	M5	273.936	0.0	273.96	0.084
o_data[1598]	OUTPUT	SIGNAL	M5	278.832	0.0	278.856	0.084
o_data[1599]	OUTPUT	SIGNAL	M5	272.256	0.0	272.28	0.084
o_data[159]	OUTPUT	SIGNAL	M5	110.304	0.0	110.328	0.084
o_data[15]	OUTPUT	SIGNAL	M4	335.529	205.248	335.613	205.272
o_data[1600]	OUTPUT	SIGNAL	M5	237.552	335.529	237.576	335.613
o_data[1601]	OUTPUT	SIGNAL	M5	236.64	335.529	236.664	335.613
o_data[1602]	OUTPUT	SIGNAL	M5	237.168	335.529	237.192	335.613
o_data[1603]	OUTPUT	SIGNAL	M5	237.12	335.529	237.144	335.613
o_data[1604]	OUTPUT	SIGNAL	M5	236.736	335.529	236.76	335.613
o_data[1605]	OUTPUT	SIGNAL	M5	237.216	335.529	237.24	335.613
o_data[1606]	OUTPUT	SIGNAL	M5	237.312	335.529	237.336	335.613
o_data[1607]	OUTPUT	SIGNAL	M5	237.072	335.529	237.096	335.613
o_data[1608]	OUTPUT	SIGNAL	M5	236.112	335.529	236.136	335.613
o_data[1609]	OUTPUT	SIGNAL	M5	235.68	335.529	235.704	335.613
o_data[160]	OUTPUT	SIGNAL	M4	0.0	137.04	0.084	137.064
o_data[1610]	OUTPUT	SIGNAL	M5	233.232	335.529	233.256	335.613
o_data[1611]	OUTPUT	SIGNAL	M5	236.064	335.529	236.088	335.613
o_data[1612]	OUTPUT	SIGNAL	M5	235.728	335.529	235.752	335.613
o_data[1613]	OUTPUT	SIGNAL	M5	234.0	335.529	234.024	335.613
o_data[1614]	OUTPUT	SIGNAL	M5	235.968	335.529	235.992	335.613
o_data[1615]	OUTPUT	SIGNAL	M5	237.456	335.529	237.48	335.613
o_data[1616]	OUTPUT	SIGNAL	M5	237.6	335.529	237.624	335.613
o_data[1617]	OUTPUT	SIGNAL	M5	237.84	335.529	237.864	335.613
o_data[1618]	OUTPUT	SIGNAL	M5	237.696	335.529	237.72	335.613
o_data[1619]	OUTPUT	SIGNAL	M5	236.976	335.529	237.0	335.613
o_data[161]	OUTPUT	SIGNAL	M4	0.0	140.112	0.084	140.136
o_data[1620]	OUTPUT	SIGNAL	M5	237.792	335.529	237.816	335.613
o_data[1621]	OUTPUT	SIGNAL	M5	238.032	335.529	238.056	335.613
o_data[1622]	OUTPUT	SIGNAL	M5	238.272	335.529	238.296	335.613
o_data[1623]	OUTPUT	SIGNAL	M5	238.848	335.529	238.872	335.613
o_data[1624]	OUTPUT	SIGNAL	M5	238.32	335.529	238.344	335.613
o_data[1625]	OUTPUT	SIGNAL	M5	238.368	335.529	238.392	335.613
o_data[1626]	OUTPUT	SIGNAL	M5	238.08	335.529	238.104	335.613
o_data[1627]	OUTPUT	SIGNAL	M5	238.56	335.529	238.584	335.613
o_data[1628]	OUTPUT	SIGNAL	M5	238.224	335.529	238.248	335.613
o_data[1629]	OUTPUT	SIGNAL	M5	238.608	335.529	238.632	335.613
o_data[162]	OUTPUT	SIGNAL	M4	0.0	141.408	0.084	141.432
o_data[1630]	OUTPUT	SIGNAL	M5	238.416	335.529	238.44	335.613
o_data[1631]	OUTPUT	SIGNAL	M5	238.8	335.529	238.824	335.613
o_data[1632]	OUTPUT	SIGNAL	M5	237.504	335.529	237.528	335.613
o_data[1633]	OUTPUT	SIGNAL	M5	236.928	335.529	236.952	335.613
o_data[1634]	OUTPUT	SIGNAL	M5	235.872	335.529	235.896	335.613
o_data[1635]	OUTPUT	SIGNAL	M5	236.16	335.529	236.184	335.613
o_data[1636]	OUTPUT	SIGNAL	M5	236.352	335.529	236.376	335.613
o_data[1637]	OUTPUT	SIGNAL	M5	236.688	335.529	236.712	335.613
o_data[1638]	OUTPUT	SIGNAL	M5	236.448	335.529	236.472	335.613
o_data[1639]	OUTPUT	SIGNAL	M5	236.592	335.529	236.616	335.613
o_data[163]	OUTPUT	SIGNAL	M4	0.0	141.264	0.084	141.288
o_data[1640]	OUTPUT	SIGNAL	M5	246.576	335.529	246.6	335.613
o_data[1641]	OUTPUT	SIGNAL	M5	241.728	335.529	241.752	335.613
o_data[1642]	OUTPUT	SIGNAL	M5	242.112	335.529	242.136	335.613
o_data[1643]	OUTPUT	SIGNAL	M5	247.392	335.529	247.416	335.613
o_data[1644]	OUTPUT	SIGNAL	M5	241.152	335.529	241.176	335.613
o_data[1645]	OUTPUT	SIGNAL	M5	243.36	335.529	243.384	335.613
o_data[1646]	OUTPUT	SIGNAL	M5	244.704	335.529	244.728	335.613
o_data[1647]	OUTPUT	SIGNAL	M5	243.072	335.529	243.096	335.613
o_data[1648]	OUTPUT	SIGNAL	M5	246.624	335.529	246.648	335.613
o_data[1649]	OUTPUT	SIGNAL	M5	244.944	335.529	244.968	335.613
o_data[164]	OUTPUT	SIGNAL	M4	0.0	141.312	0.084	141.336
o_data[1650]	OUTPUT	SIGNAL	M5	241.104	335.529	241.128	335.613
o_data[1651]	OUTPUT	SIGNAL	M5	240.72	335.529	240.744	335.613
o_data[1652]	OUTPUT	SIGNAL	M5	240.816	335.529	240.84	335.613
o_data[1653]	OUTPUT	SIGNAL	M5	245.76	335.529	245.784	335.613
o_data[1654]	OUTPUT	SIGNAL	M5	245.28	335.529	245.304	335.613
o_data[1655]	OUTPUT	SIGNAL	M4	335.529	236.64	335.613	236.664
o_data[1656]	OUTPUT	SIGNAL	M5	244.08	335.529	244.104	335.613
o_data[1657]	OUTPUT	SIGNAL	M5	246.816	335.529	246.84	335.613
o_data[1658]	OUTPUT	SIGNAL	M5	243.168	335.529	243.192	335.613
o_data[1659]	OUTPUT	SIGNAL	M5	247.968	335.529	247.992	335.613
o_data[165]	OUTPUT	SIGNAL	M4	0.0	138.048	0.084	138.072
o_data[1660]	OUTPUT	SIGNAL	M5	246.336	335.529	246.36	335.613
o_data[1661]	OUTPUT	SIGNAL	M5	247.488	335.529	247.512	335.613
o_data[1662]	OUTPUT	SIGNAL	M4	335.529	238.08	335.613	238.104
o_data[1663]	OUTPUT	SIGNAL	M4	335.529	238.896	335.613	238.92
o_data[1664]	OUTPUT	SIGNAL	M5	262.176	0.0	262.2	0.084
o_data[1665]	OUTPUT	SIGNAL	M5	257.664	0.0	257.688	0.084
o_data[1666]	OUTPUT	SIGNAL	M5	257.52	0.0	257.544	0.084
o_data[1667]	OUTPUT	SIGNAL	M5	255.936	0.0	255.96	0.084
o_data[1668]	OUTPUT	SIGNAL	M5	256.416	0.0	256.44	0.084
o_data[1669]	OUTPUT	SIGNAL	M5	261.792	0.0	261.816	0.084
o_data[166]	OUTPUT	SIGNAL	M4	0.0	137.088	0.084	137.112
o_data[1670]	OUTPUT	SIGNAL	M5	260.784	0.0	260.808	0.084
o_data[1671]	OUTPUT	SIGNAL	M5	260.928	0.0	260.952	0.084
o_data[1672]	OUTPUT	SIGNAL	M5	258.72	0.0	258.744	0.084
o_data[1673]	OUTPUT	SIGNAL	M5	259.632	0.0	259.656	0.084
o_data[1674]	OUTPUT	SIGNAL	M5	260.88	0.0	260.904	0.084
o_data[1675]	OUTPUT	SIGNAL	M5	260.256	0.0	260.28	0.084
o_data[1676]	OUTPUT	SIGNAL	M5	258.672	0.0	258.696	0.084
o_data[1677]	OUTPUT	SIGNAL	M5	258.864	0.0	258.888	0.084
o_data[1678]	OUTPUT	SIGNAL	M5	259.488	0.0	259.512	0.084
o_data[1679]	OUTPUT	SIGNAL	M5	259.296	0.0	259.32	0.084
o_data[167]	OUTPUT	SIGNAL	M4	0.0	138.192	0.084	138.216
o_data[1680]	OUTPUT	SIGNAL	M5	258.288	0.0	258.312	0.084
o_data[1681]	OUTPUT	SIGNAL	M5	252.24	0.0	252.264	0.084
o_data[1682]	OUTPUT	SIGNAL	M5	256.464	0.0	256.488	0.084
o_data[1683]	OUTPUT	SIGNAL	M5	256.8	0.0	256.824	0.084
o_data[1684]	OUTPUT	SIGNAL	M5	253.776	0.0	253.8	0.084
o_data[1685]	OUTPUT	SIGNAL	M5	258.096	0.0	258.12	0.084
o_data[1686]	OUTPUT	SIGNAL	M5	257.424	0.0	257.448	0.084
o_data[1687]	OUTPUT	SIGNAL	M5	256.272	0.0	256.296	0.084
o_data[1688]	OUTPUT	SIGNAL	M5	257.856	0.0	257.88	0.084
o_data[1689]	OUTPUT	SIGNAL	M5	250.32	0.0	250.344	0.084
o_data[168]	OUTPUT	SIGNAL	M4	0.0	134.448	0.084	134.472
o_data[1690]	OUTPUT	SIGNAL	M5	257.184	0.0	257.208	0.084
o_data[1691]	OUTPUT	SIGNAL	M5	257.616	0.0	257.64	0.084
o_data[1692]	OUTPUT	SIGNAL	M5	257.76	0.0	257.784	0.084
o_data[1693]	OUTPUT	SIGNAL	M5	257.808	0.0	257.832	0.084
o_data[1694]	OUTPUT	SIGNAL	M5	257.904	0.0	257.928	0.084
o_data[1695]	OUTPUT	SIGNAL	M5	254.16	0.0	254.184	0.084
o_data[1696]	OUTPUT	SIGNAL	M5	258.816	0.0	258.84	0.084
o_data[1697]	OUTPUT	SIGNAL	M5	257.472	0.0	257.496	0.084
o_data[1698]	OUTPUT	SIGNAL	M5	253.728	0.0	253.752	0.084
o_data[1699]	OUTPUT	SIGNAL	M5	252.912	0.0	252.936	0.084
o_data[169]	OUTPUT	SIGNAL	M4	0.0	135.84	0.084	135.864
o_data[16]	OUTPUT	SIGNAL	M4	335.529	202.992	335.613	203.016
o_data[1700]	OUTPUT	SIGNAL	M5	254.112	0.0	254.136	0.084
o_data[1701]	OUTPUT	SIGNAL	M5	259.008	0.0	259.032	0.084
o_data[1702]	OUTPUT	SIGNAL	M5	258.96	0.0	258.984	0.084
o_data[1703]	OUTPUT	SIGNAL	M5	258.528	0.0	258.552	0.084
o_data[1704]	OUTPUT	SIGNAL	M5	254.448	0.0	254.472	0.084
o_data[1705]	OUTPUT	SIGNAL	M5	253.872	0.0	253.896	0.084
o_data[1706]	OUTPUT	SIGNAL	M5	256.704	0.0	256.728	0.084
o_data[1707]	OUTPUT	SIGNAL	M5	253.152	0.0	253.176	0.084
o_data[1708]	OUTPUT	SIGNAL	M5	257.712	0.0	257.736	0.084
o_data[1709]	OUTPUT	SIGNAL	M5	258.0	0.0	258.024	0.084
o_data[170]	OUTPUT	SIGNAL	M4	0.0	135.552	0.084	135.576
o_data[1710]	OUTPUT	SIGNAL	M5	255.168	0.0	255.192	0.084
o_data[1711]	OUTPUT	SIGNAL	M5	257.568	0.0	257.592	0.084
o_data[1712]	OUTPUT	SIGNAL	M5	257.088	0.0	257.112	0.084
o_data[1713]	OUTPUT	SIGNAL	M5	251.232	0.0	251.256	0.084
o_data[1714]	OUTPUT	SIGNAL	M5	255.312	0.0	255.336	0.084
o_data[1715]	OUTPUT	SIGNAL	M5	253.536	0.0	253.56	0.084
o_data[1716]	OUTPUT	SIGNAL	M5	253.824	0.0	253.848	0.084
o_data[1717]	OUTPUT	SIGNAL	M5	255.744	0.0	255.768	0.084
o_data[1718]	OUTPUT	SIGNAL	M5	255.456	0.0	255.48	0.084
o_data[1719]	OUTPUT	SIGNAL	M5	255.792	0.0	255.816	0.084
o_data[171]	OUTPUT	SIGNAL	M4	0.0	134.4	0.084	134.424
o_data[1720]	OUTPUT	SIGNAL	M5	255.216	0.0	255.24	0.084
o_data[1721]	OUTPUT	SIGNAL	M5	250.224	0.0	250.248	0.084
o_data[1722]	OUTPUT	SIGNAL	M5	256.368	0.0	256.392	0.084
o_data[1723]	OUTPUT	SIGNAL	M5	256.56	0.0	256.584	0.084
o_data[1724]	OUTPUT	SIGNAL	M5	251.664	0.0	251.688	0.084
o_data[1725]	OUTPUT	SIGNAL	M5	251.76	0.0	251.784	0.084
o_data[1726]	OUTPUT	SIGNAL	M5	250.752	0.0	250.776	0.084
o_data[1727]	OUTPUT	SIGNAL	M5	250.368	0.0	250.392	0.084
o_data[1728]	OUTPUT	SIGNAL	M5	239.952	335.529	239.976	335.613
o_data[1729]	OUTPUT	SIGNAL	M5	244.752	335.529	244.776	335.613
o_data[172]	OUTPUT	SIGNAL	M4	0.0	134.64	0.084	134.664
o_data[1730]	OUTPUT	SIGNAL	M5	243.552	335.529	243.576	335.613
o_data[1731]	OUTPUT	SIGNAL	M5	242.448	335.529	242.472	335.613
o_data[1732]	OUTPUT	SIGNAL	M5	244.32	335.529	244.344	335.613
o_data[1733]	OUTPUT	SIGNAL	M5	242.064	335.529	242.088	335.613
o_data[1734]	OUTPUT	SIGNAL	M5	239.616	335.529	239.64	335.613
o_data[1735]	OUTPUT	SIGNAL	M5	239.52	335.529	239.544	335.613
o_data[1736]	OUTPUT	SIGNAL	M5	238.992	335.529	239.016	335.613
o_data[1737]	OUTPUT	SIGNAL	M5	239.136	335.529	239.16	335.613
o_data[1738]	OUTPUT	SIGNAL	M5	238.944	335.529	238.968	335.613
o_data[1739]	OUTPUT	SIGNAL	M5	239.088	335.529	239.112	335.613
o_data[173]	OUTPUT	SIGNAL	M4	0.0	130.224	0.084	130.248
o_data[1740]	OUTPUT	SIGNAL	M5	238.896	335.529	238.92	335.613
o_data[1741]	OUTPUT	SIGNAL	M5	245.856	335.529	245.88	335.613
o_data[1742]	OUTPUT	SIGNAL	M5	239.28	335.529	239.304	335.613
o_data[1743]	OUTPUT	SIGNAL	M5	239.184	335.529	239.208	335.613
o_data[1744]	OUTPUT	SIGNAL	M5	240.048	335.529	240.072	335.613
o_data[1745]	OUTPUT	SIGNAL	M5	242.64	335.529	242.664	335.613
o_data[1746]	OUTPUT	SIGNAL	M5	244.128	335.529	244.152	335.613
o_data[1747]	OUTPUT	SIGNAL	M5	246.048	335.529	246.072	335.613
o_data[1748]	OUTPUT	SIGNAL	M5	245.52	335.529	245.544	335.613
o_data[1749]	OUTPUT	SIGNAL	M5	240.096	335.529	240.12	335.613
o_data[174]	OUTPUT	SIGNAL	M4	0.0	130.368	0.084	130.392
o_data[1750]	OUTPUT	SIGNAL	M5	242.592	335.529	242.616	335.613
o_data[1751]	OUTPUT	SIGNAL	M5	242.016	335.529	242.04	335.613
o_data[1752]	OUTPUT	SIGNAL	M5	243.12	335.529	243.144	335.613
o_data[1753]	OUTPUT	SIGNAL	M5	246.864	335.529	246.888	335.613
o_data[1754]	OUTPUT	SIGNAL	M5	240.336	335.529	240.36	335.613
o_data[1755]	OUTPUT	SIGNAL	M5	244.608	335.529	244.632	335.613
o_data[1756]	OUTPUT	SIGNAL	M5	244.224	335.529	244.248	335.613
o_data[1757]	OUTPUT	SIGNAL	M5	244.512	335.529	244.536	335.613
o_data[1758]	OUTPUT	SIGNAL	M5	245.088	335.529	245.112	335.613
o_data[1759]	OUTPUT	SIGNAL	M5	243.84	335.529	243.864	335.613
o_data[175]	OUTPUT	SIGNAL	M4	0.0	129.072	0.084	129.096
o_data[1760]	OUTPUT	SIGNAL	M5	242.4	335.529	242.424	335.613
o_data[1761]	OUTPUT	SIGNAL	M5	241.872	335.529	241.896	335.613
o_data[1762]	OUTPUT	SIGNAL	M5	239.904	335.529	239.928	335.613
o_data[1763]	OUTPUT	SIGNAL	M5	239.808	335.529	239.832	335.613
o_data[1764]	OUTPUT	SIGNAL	M5	243.888	335.529	243.912	335.613
o_data[1765]	OUTPUT	SIGNAL	M5	243.6	335.529	243.624	335.613
o_data[1766]	OUTPUT	SIGNAL	M5	244.416	335.529	244.44	335.613
o_data[1767]	OUTPUT	SIGNAL	M5	241.68	335.529	241.704	335.613
o_data[1768]	OUTPUT	SIGNAL	M5	247.296	335.529	247.32	335.613
o_data[1769]	OUTPUT	SIGNAL	M5	239.328	335.529	239.352	335.613
o_data[176]	OUTPUT	SIGNAL	M4	0.0	122.736	0.084	122.76
o_data[1770]	OUTPUT	SIGNAL	M5	239.376	335.529	239.4	335.613
o_data[1771]	OUTPUT	SIGNAL	M5	239.664	335.529	239.688	335.613
o_data[1772]	OUTPUT	SIGNAL	M5	239.76	335.529	239.784	335.613
o_data[1773]	OUTPUT	SIGNAL	M5	241.632	335.529	241.656	335.613
o_data[1774]	OUTPUT	SIGNAL	M5	241.968	335.529	241.992	335.613
o_data[1775]	OUTPUT	SIGNAL	M5	239.712	335.529	239.736	335.613
o_data[1776]	OUTPUT	SIGNAL	M5	246.096	335.529	246.12	335.613
o_data[1777]	OUTPUT	SIGNAL	M5	244.8	335.529	244.824	335.613
o_data[1778]	OUTPUT	SIGNAL	M5	240.768	335.529	240.792	335.613
o_data[1779]	OUTPUT	SIGNAL	M5	246.0	335.529	246.024	335.613
o_data[177]	OUTPUT	SIGNAL	M4	0.0	119.28	0.084	119.304
o_data[1780]	OUTPUT	SIGNAL	M5	245.184	335.529	245.208	335.613
o_data[1781]	OUTPUT	SIGNAL	M5	240.384	335.529	240.408	335.613
o_data[1782]	OUTPUT	SIGNAL	M5	246.72	335.529	246.744	335.613
o_data[1783]	OUTPUT	SIGNAL	M5	244.032	335.529	244.056	335.613
o_data[1784]	OUTPUT	SIGNAL	M5	245.472	335.529	245.496	335.613
o_data[1785]	OUTPUT	SIGNAL	M5	240.0	335.529	240.024	335.613
o_data[1786]	OUTPUT	SIGNAL	M5	241.584	335.529	241.608	335.613
o_data[1787]	OUTPUT	SIGNAL	M5	246.24	335.529	246.264	335.613
o_data[1788]	OUTPUT	SIGNAL	M5	245.568	335.529	245.592	335.613
o_data[1789]	OUTPUT	SIGNAL	M5	240.432	335.529	240.456	335.613
o_data[178]	OUTPUT	SIGNAL	M4	0.0	120.288	0.084	120.312
o_data[1790]	OUTPUT	SIGNAL	M5	240.24	335.529	240.264	335.613
o_data[1791]	OUTPUT	SIGNAL	M5	241.824	335.529	241.848	335.613
o_data[1792]	OUTPUT	SIGNAL	M5	188.928	0.0	188.952	0.084
o_data[1793]	OUTPUT	SIGNAL	M5	186.864	0.0	186.888	0.084
o_data[1794]	OUTPUT	SIGNAL	M5	185.616	0.0	185.64	0.084
o_data[1795]	OUTPUT	SIGNAL	M5	190.032	0.0	190.056	0.084
o_data[1796]	OUTPUT	SIGNAL	M5	185.04	0.0	185.064	0.084
o_data[1797]	OUTPUT	SIGNAL	M5	184.896	0.0	184.92	0.084
o_data[1798]	OUTPUT	SIGNAL	M5	184.128	0.0	184.152	0.084
o_data[1799]	OUTPUT	SIGNAL	M5	189.888	0.0	189.912	0.084
o_data[179]	OUTPUT	SIGNAL	M4	0.0	120.528	0.084	120.552
o_data[17]	OUTPUT	SIGNAL	M4	335.529	171.504	335.613	171.528
o_data[1800]	OUTPUT	SIGNAL	M5	186.72	0.0	186.744	0.084
o_data[1801]	OUTPUT	SIGNAL	M5	184.272	0.0	184.296	0.084
o_data[1802]	OUTPUT	SIGNAL	M5	191.184	0.0	191.208	0.084
o_data[1803]	OUTPUT	SIGNAL	M5	186.384	0.0	186.408	0.084
o_data[1804]	OUTPUT	SIGNAL	M5	189.024	0.0	189.048	0.084
o_data[1805]	OUTPUT	SIGNAL	M5	189.264	0.0	189.288	0.084
o_data[1806]	OUTPUT	SIGNAL	M5	190.896	0.0	190.92	0.084
o_data[1807]	OUTPUT	SIGNAL	M5	186.912	0.0	186.936	0.084
o_data[1808]	OUTPUT	SIGNAL	M5	184.176	0.0	184.2	0.084
o_data[1809]	OUTPUT	SIGNAL	M5	191.424	0.0	191.448	0.084
o_data[180]	OUTPUT	SIGNAL	M4	0.0	120.096	0.084	120.12
o_data[1810]	OUTPUT	SIGNAL	M5	184.8	0.0	184.824	0.084
o_data[1811]	OUTPUT	SIGNAL	M5	186.192	0.0	186.216	0.084
o_data[1812]	OUTPUT	SIGNAL	M5	189.36	0.0	189.384	0.084
o_data[1813]	OUTPUT	SIGNAL	M5	188.256	0.0	188.28	0.084
o_data[1814]	OUTPUT	SIGNAL	M5	190.656	0.0	190.68	0.084
o_data[1815]	OUTPUT	SIGNAL	M5	189.552	0.0	189.576	0.084
o_data[1816]	OUTPUT	SIGNAL	M5	191.76	0.0	191.784	0.084
o_data[1817]	OUTPUT	SIGNAL	M5	188.064	0.0	188.088	0.084
o_data[1818]	OUTPUT	SIGNAL	M5	187.392	0.0	187.416	0.084
o_data[1819]	OUTPUT	SIGNAL	M5	189.168	0.0	189.192	0.084
o_data[181]	OUTPUT	SIGNAL	M4	0.0	117.888	0.084	117.912
o_data[1820]	OUTPUT	SIGNAL	M5	186.96	0.0	186.984	0.084
o_data[1821]	OUTPUT	SIGNAL	M5	185.856	0.0	185.88	0.084
o_data[1822]	OUTPUT	SIGNAL	M5	185.28	0.0	185.304	0.084
o_data[1823]	OUTPUT	SIGNAL	M5	185.808	0.0	185.832	0.084
o_data[1824]	OUTPUT	SIGNAL	M5	187.344	0.0	187.368	0.084
o_data[1825]	OUTPUT	SIGNAL	M5	183.216	0.0	183.24	0.084
o_data[1826]	OUTPUT	SIGNAL	M5	188.976	0.0	189.0	0.084
o_data[1827]	OUTPUT	SIGNAL	M5	187.68	0.0	187.704	0.084
o_data[1828]	OUTPUT	SIGNAL	M5	188.544	0.0	188.568	0.084
o_data[1829]	OUTPUT	SIGNAL	M5	186.336	0.0	186.36	0.084
o_data[182]	OUTPUT	SIGNAL	M4	0.0	116.736	0.084	116.76
o_data[1830]	OUTPUT	SIGNAL	M5	187.92	0.0	187.944	0.084
o_data[1831]	OUTPUT	SIGNAL	M5	190.416	0.0	190.44	0.084
o_data[1832]	OUTPUT	SIGNAL	M5	188.496	0.0	188.52	0.084
o_data[1833]	OUTPUT	SIGNAL	M5	186.048	0.0	186.072	0.084
o_data[1834]	OUTPUT	SIGNAL	M5	190.08	0.0	190.104	0.084
o_data[1835]	OUTPUT	SIGNAL	M5	191.136	0.0	191.16	0.084
o_data[1836]	OUTPUT	SIGNAL	M5	183.792	0.0	183.816	0.084
o_data[1837]	OUTPUT	SIGNAL	M5	189.648	0.0	189.672	0.084
o_data[1838]	OUTPUT	SIGNAL	M5	184.752	0.0	184.776	0.084
o_data[1839]	OUTPUT	SIGNAL	M5	185.664	0.0	185.688	0.084
o_data[183]	OUTPUT	SIGNAL	M4	0.0	115.536	0.084	115.56
o_data[1840]	OUTPUT	SIGNAL	M5	187.2	0.0	187.224	0.084
o_data[1841]	OUTPUT	SIGNAL	M5	188.448	0.0	188.472	0.084
o_data[1842]	OUTPUT	SIGNAL	M5	187.968	0.0	187.992	0.084
o_data[1843]	OUTPUT	SIGNAL	M5	187.488	0.0	187.512	0.084
o_data[1844]	OUTPUT	SIGNAL	M5	187.824	0.0	187.848	0.084
o_data[1845]	OUTPUT	SIGNAL	M5	187.584	0.0	187.608	0.084
o_data[1846]	OUTPUT	SIGNAL	M5	188.688	0.0	188.712	0.084
o_data[1847]	OUTPUT	SIGNAL	M5	183.504	0.0	183.528	0.084
o_data[1848]	OUTPUT	SIGNAL	M5	188.208	0.0	188.232	0.084
o_data[1849]	OUTPUT	SIGNAL	M5	191.568	0.0	191.592	0.084
o_data[184]	OUTPUT	SIGNAL	M5	112.416	0.0	112.44	0.084
o_data[1850]	OUTPUT	SIGNAL	M5	185.184	0.0	185.208	0.084
o_data[1851]	OUTPUT	SIGNAL	M5	190.368	0.0	190.392	0.084
o_data[1852]	OUTPUT	SIGNAL	M5	188.16	0.0	188.184	0.084
o_data[1853]	OUTPUT	SIGNAL	M5	191.04	0.0	191.064	0.084
o_data[1854]	OUTPUT	SIGNAL	M5	186.0	0.0	186.024	0.084
o_data[1855]	OUTPUT	SIGNAL	M5	184.032	0.0	184.056	0.084
o_data[1856]	OUTPUT	SIGNAL	M5	97.44	0.0	97.464	0.084
o_data[1857]	OUTPUT	SIGNAL	M5	83.952	0.0	83.976	0.084
o_data[1858]	OUTPUT	SIGNAL	M5	83.664	0.0	83.688	0.084
o_data[1859]	OUTPUT	SIGNAL	M5	84.144	0.0	84.168	0.084
o_data[185]	OUTPUT	SIGNAL	M5	110.64	0.0	110.664	0.084
o_data[1860]	OUTPUT	SIGNAL	M5	83.76	0.0	83.784	0.084
o_data[1861]	OUTPUT	SIGNAL	M5	96.912	0.0	96.936	0.084
o_data[1862]	OUTPUT	SIGNAL	M5	97.296	0.0	97.32	0.084
o_data[1863]	OUTPUT	SIGNAL	M5	96.72	0.0	96.744	0.084
o_data[1864]	OUTPUT	SIGNAL	M5	98.64	0.0	98.664	0.084
o_data[1865]	OUTPUT	SIGNAL	M5	98.208	0.0	98.232	0.084
o_data[1866]	OUTPUT	SIGNAL	M5	97.536	0.0	97.56	0.084
o_data[1867]	OUTPUT	SIGNAL	M5	97.68	0.0	97.704	0.084
o_data[1868]	OUTPUT	SIGNAL	M5	100.176	0.0	100.2	0.084
o_data[1869]	OUTPUT	SIGNAL	M5	98.256	0.0	98.28	0.084
o_data[186]	OUTPUT	SIGNAL	M5	110.832	0.0	110.856	0.084
o_data[1870]	OUTPUT	SIGNAL	M5	97.392	0.0	97.416	0.084
o_data[1871]	OUTPUT	SIGNAL	M5	101.424	0.0	101.448	0.084
o_data[1872]	OUTPUT	SIGNAL	M5	103.296	0.0	103.32	0.084
o_data[1873]	OUTPUT	SIGNAL	M5	105.36	0.0	105.384	0.084
o_data[1874]	OUTPUT	SIGNAL	M5	104.112	0.0	104.136	0.084
o_data[1875]	OUTPUT	SIGNAL	M5	104.64	0.0	104.664	0.084
o_data[1876]	OUTPUT	SIGNAL	M5	105.6	0.0	105.624	0.084
o_data[1877]	OUTPUT	SIGNAL	M5	106.8	0.0	106.824	0.084
o_data[1878]	OUTPUT	SIGNAL	M5	108.096	0.0	108.12	0.084
o_data[1879]	OUTPUT	SIGNAL	M5	109.152	0.0	109.176	0.084
o_data[187]	OUTPUT	SIGNAL	M5	110.256	0.0	110.28	0.084
o_data[1880]	OUTPUT	SIGNAL	M5	110.736	0.0	110.76	0.084
o_data[1881]	OUTPUT	SIGNAL	M5	109.392	0.0	109.416	0.084
o_data[1882]	OUTPUT	SIGNAL	M5	110.4	0.0	110.424	0.084
o_data[1883]	OUTPUT	SIGNAL	M5	111.408	0.0	111.432	0.084
o_data[1884]	OUTPUT	SIGNAL	M5	111.216	0.0	111.24	0.084
o_data[1885]	OUTPUT	SIGNAL	M5	111.312	0.0	111.336	0.084
o_data[1886]	OUTPUT	SIGNAL	M5	112.128	0.0	112.152	0.084
o_data[1887]	OUTPUT	SIGNAL	M5	112.944	0.0	112.968	0.084
o_data[1888]	OUTPUT	SIGNAL	M5	96.816	0.0	96.84	0.084
o_data[1889]	OUTPUT	SIGNAL	M5	97.632	0.0	97.656	0.084
o_data[188]	OUTPUT	SIGNAL	M5	110.688	0.0	110.712	0.084
o_data[1890]	OUTPUT	SIGNAL	M5	83.232	0.0	83.256	0.084
o_data[1891]	OUTPUT	SIGNAL	M5	83.184	0.0	83.208	0.084
o_data[1892]	OUTPUT	SIGNAL	M5	83.328	0.0	83.352	0.084
o_data[1893]	OUTPUT	SIGNAL	M5	83.136	0.0	83.16	0.084
o_data[1894]	OUTPUT	SIGNAL	M5	82.944	0.0	82.968	0.084
o_data[1895]	OUTPUT	SIGNAL	M5	83.04	0.0	83.064	0.084
o_data[1896]	OUTPUT	SIGNAL	M5	106.32	0.0	106.344	0.084
o_data[1897]	OUTPUT	SIGNAL	M5	106.368	0.0	106.392	0.084
o_data[1898]	OUTPUT	SIGNAL	M5	108.768	0.0	108.792	0.084
o_data[1899]	OUTPUT	SIGNAL	M5	106.704	0.0	106.728	0.084
o_data[189]	OUTPUT	SIGNAL	M5	112.656	0.0	112.68	0.084
o_data[18]	OUTPUT	SIGNAL	M4	335.529	203.088	335.613	203.112
o_data[1900]	OUTPUT	SIGNAL	M5	107.424	0.0	107.448	0.084
o_data[1901]	OUTPUT	SIGNAL	M5	107.904	0.0	107.928	0.084
o_data[1902]	OUTPUT	SIGNAL	M5	109.584	0.0	109.608	0.084
o_data[1903]	OUTPUT	SIGNAL	M5	107.952	0.0	107.976	0.084
o_data[1904]	OUTPUT	SIGNAL	M5	109.44	0.0	109.464	0.084
o_data[1905]	OUTPUT	SIGNAL	M5	107.856	0.0	107.88	0.084
o_data[1906]	OUTPUT	SIGNAL	M5	107.184	0.0	107.208	0.084
o_data[1907]	OUTPUT	SIGNAL	M5	107.52	0.0	107.544	0.084
o_data[1908]	OUTPUT	SIGNAL	M5	106.512	0.0	106.536	0.084
o_data[1909]	OUTPUT	SIGNAL	M5	107.04	0.0	107.064	0.084
o_data[190]	OUTPUT	SIGNAL	M5	110.016	0.0	110.04	0.084
o_data[1910]	OUTPUT	SIGNAL	M5	107.232	0.0	107.256	0.084
o_data[1911]	OUTPUT	SIGNAL	M5	106.656	0.0	106.68	0.084
o_data[1912]	OUTPUT	SIGNAL	M5	111.36	0.0	111.384	0.084
o_data[1913]	OUTPUT	SIGNAL	M5	107.76	0.0	107.784	0.084
o_data[1914]	OUTPUT	SIGNAL	M5	110.496	0.0	110.52	0.084
o_data[1915]	OUTPUT	SIGNAL	M5	106.944	0.0	106.968	0.084
o_data[1916]	OUTPUT	SIGNAL	M5	106.56	0.0	106.584	0.084
o_data[1917]	OUTPUT	SIGNAL	M5	109.776	0.0	109.8	0.084
o_data[1918]	OUTPUT	SIGNAL	M5	108.048	0.0	108.072	0.084
o_data[1919]	OUTPUT	SIGNAL	M5	82.752	0.0	82.776	0.084
o_data[191]	OUTPUT	SIGNAL	M4	0.0	112.944	0.084	112.968
o_data[1920]	OUTPUT	SIGNAL	M5	184.704	0.0	184.728	0.084
o_data[1921]	OUTPUT	SIGNAL	M5	183.888	0.0	183.912	0.084
o_data[1922]	OUTPUT	SIGNAL	M5	183.456	0.0	183.48	0.084
o_data[1923]	OUTPUT	SIGNAL	M5	183.408	0.0	183.432	0.084
o_data[1924]	OUTPUT	SIGNAL	M5	184.512	0.0	184.536	0.084
o_data[1925]	OUTPUT	SIGNAL	M5	188.832	0.0	188.856	0.084
o_data[1926]	OUTPUT	SIGNAL	M5	183.6	0.0	183.624	0.084
o_data[1927]	OUTPUT	SIGNAL	M5	191.52	0.0	191.544	0.084
o_data[1928]	OUTPUT	SIGNAL	M5	183.696	0.0	183.72	0.084
o_data[1929]	OUTPUT	SIGNAL	M5	187.104	0.0	187.128	0.084
o_data[192]	OUTPUT	SIGNAL	M4	0.0	146.064	0.084	146.088
o_data[1930]	OUTPUT	SIGNAL	M5	183.552	0.0	183.576	0.084
o_data[1931]	OUTPUT	SIGNAL	M5	183.84	0.0	183.864	0.084
o_data[1932]	OUTPUT	SIGNAL	M5	184.944	0.0	184.968	0.084
o_data[1933]	OUTPUT	SIGNAL	M5	184.848	0.0	184.872	0.084
o_data[1934]	OUTPUT	SIGNAL	M5	192.672	0.0	192.696	0.084
o_data[1935]	OUTPUT	SIGNAL	M5	185.76	0.0	185.784	0.084
o_data[1936]	OUTPUT	SIGNAL	M5	192.144	0.0	192.168	0.084
o_data[1937]	OUTPUT	SIGNAL	M5	183.984	0.0	184.008	0.084
o_data[1938]	OUTPUT	SIGNAL	M5	189.984	0.0	190.008	0.084
o_data[1939]	OUTPUT	SIGNAL	M5	183.936	0.0	183.96	0.084
o_data[193]	OUTPUT	SIGNAL	M4	0.0	147.936	0.084	147.96
o_data[1940]	OUTPUT	SIGNAL	M5	185.232	0.0	185.256	0.084
o_data[1941]	OUTPUT	SIGNAL	M5	191.904	0.0	191.928	0.084
o_data[1942]	OUTPUT	SIGNAL	M5	189.6	0.0	189.624	0.084
o_data[1943]	OUTPUT	SIGNAL	M5	192.048	0.0	192.072	0.084
o_data[1944]	OUTPUT	SIGNAL	M5	187.056	0.0	187.08	0.084
o_data[1945]	OUTPUT	SIGNAL	M5	190.848	0.0	190.872	0.084
o_data[1946]	OUTPUT	SIGNAL	M5	191.088	0.0	191.112	0.084
o_data[1947]	OUTPUT	SIGNAL	M5	192.384	0.0	192.408	0.084
o_data[1948]	OUTPUT	SIGNAL	M5	185.472	0.0	185.496	0.084
o_data[1949]	OUTPUT	SIGNAL	M5	189.744	0.0	189.768	0.084
o_data[194]	OUTPUT	SIGNAL	M4	0.0	148.32	0.084	148.344
o_data[1950]	OUTPUT	SIGNAL	M5	190.512	0.0	190.536	0.084
o_data[1951]	OUTPUT	SIGNAL	M5	184.08	0.0	184.104	0.084
o_data[1952]	OUTPUT	SIGNAL	M5	184.416	0.0	184.44	0.084
o_data[1953]	OUTPUT	SIGNAL	M5	183.36	0.0	183.384	0.084
o_data[1954]	OUTPUT	SIGNAL	M5	185.52	0.0	185.544	0.084
o_data[1955]	OUTPUT	SIGNAL	M5	183.648	0.0	183.672	0.084
o_data[1956]	OUTPUT	SIGNAL	M5	184.464	0.0	184.488	0.084
o_data[1957]	OUTPUT	SIGNAL	M5	187.152	0.0	187.176	0.084
o_data[1958]	OUTPUT	SIGNAL	M5	185.424	0.0	185.448	0.084
o_data[1959]	OUTPUT	SIGNAL	M5	191.952	0.0	191.976	0.084
o_data[195]	OUTPUT	SIGNAL	M4	0.0	149.328	0.084	149.352
o_data[1960]	OUTPUT	SIGNAL	M5	184.656	0.0	184.68	0.084
o_data[1961]	OUTPUT	SIGNAL	M5	186.768	0.0	186.792	0.084
o_data[1962]	OUTPUT	SIGNAL	M5	187.296	0.0	187.32	0.084
o_data[1963]	OUTPUT	SIGNAL	M5	191.376	0.0	191.4	0.084
o_data[1964]	OUTPUT	SIGNAL	M5	183.168	0.0	183.192	0.084
o_data[1965]	OUTPUT	SIGNAL	M5	190.176	0.0	190.2	0.084
o_data[1966]	OUTPUT	SIGNAL	M5	183.744	0.0	183.768	0.084
o_data[1967]	OUTPUT	SIGNAL	M5	186.096	0.0	186.12	0.084
o_data[1968]	OUTPUT	SIGNAL	M5	189.456	0.0	189.48	0.084
o_data[1969]	OUTPUT	SIGNAL	M5	190.128	0.0	190.152	0.084
o_data[196]	OUTPUT	SIGNAL	M4	0.0	147.456	0.084	147.48
o_data[1970]	OUTPUT	SIGNAL	M5	183.264	0.0	183.288	0.084
o_data[1971]	OUTPUT	SIGNAL	M5	189.072	0.0	189.096	0.084
o_data[1972]	OUTPUT	SIGNAL	M5	187.728	0.0	187.752	0.084
o_data[1973]	OUTPUT	SIGNAL	M5	184.224	0.0	184.248	0.084
o_data[1974]	OUTPUT	SIGNAL	M5	184.32	0.0	184.344	0.084
o_data[1975]	OUTPUT	SIGNAL	M5	183.12	0.0	183.144	0.084
o_data[1976]	OUTPUT	SIGNAL	M5	185.712	0.0	185.736	0.084
o_data[1977]	OUTPUT	SIGNAL	M5	190.752	0.0	190.776	0.084
o_data[1978]	OUTPUT	SIGNAL	M5	189.312	0.0	189.336	0.084
o_data[1979]	OUTPUT	SIGNAL	M5	185.088	0.0	185.112	0.084
o_data[197]	OUTPUT	SIGNAL	M4	0.0	148.416	0.084	148.44
o_data[1980]	OUTPUT	SIGNAL	M5	187.248	0.0	187.272	0.084
o_data[1981]	OUTPUT	SIGNAL	M5	183.312	0.0	183.336	0.084
o_data[1982]	OUTPUT	SIGNAL	M5	187.632	0.0	187.656	0.084
o_data[1983]	OUTPUT	SIGNAL	M5	190.464	0.0	190.488	0.084
o_data[1984]	OUTPUT	SIGNAL	M5	245.664	335.529	245.688	335.613
o_data[1985]	OUTPUT	SIGNAL	M5	245.376	335.529	245.4	335.613
o_data[1986]	OUTPUT	SIGNAL	M5	247.152	335.529	247.176	335.613
o_data[1987]	OUTPUT	SIGNAL	M5	244.992	335.529	245.016	335.613
o_data[1988]	OUTPUT	SIGNAL	M5	242.88	335.529	242.904	335.613
o_data[1989]	OUTPUT	SIGNAL	M5	242.544	335.529	242.568	335.613
o_data[198]	OUTPUT	SIGNAL	M4	0.0	149.616	0.084	149.64
o_data[1990]	OUTPUT	SIGNAL	M5	241.776	335.529	241.8	335.613
o_data[1991]	OUTPUT	SIGNAL	M5	241.008	335.529	241.032	335.613
o_data[1992]	OUTPUT	SIGNAL	M5	242.208	335.529	242.232	335.613
o_data[1993]	OUTPUT	SIGNAL	M5	240.864	335.529	240.888	335.613
o_data[1994]	OUTPUT	SIGNAL	M5	245.712	335.529	245.736	335.613
o_data[1995]	OUTPUT	SIGNAL	M5	246.144	335.529	246.168	335.613
o_data[1996]	OUTPUT	SIGNAL	M5	244.272	335.529	244.296	335.613
o_data[1997]	OUTPUT	SIGNAL	M5	243.264	335.529	243.288	335.613
o_data[1998]	OUTPUT	SIGNAL	M5	242.16	335.529	242.184	335.613
o_data[1999]	OUTPUT	SIGNAL	M5	240.48	335.529	240.504	335.613
o_data[199]	OUTPUT	SIGNAL	M4	0.0	146.544	0.084	146.568
o_data[19]	OUTPUT	SIGNAL	M4	335.529	219.168	335.613	219.192
o_data[1]	OUTPUT	SIGNAL	M4	335.529	191.904	335.613	191.928
o_data[2000]	OUTPUT	SIGNAL	M5	246.432	335.529	246.456	335.613
o_data[2001]	OUTPUT	SIGNAL	M5	244.464	335.529	244.488	335.613
o_data[2002]	OUTPUT	SIGNAL	M5	241.536	335.529	241.56	335.613
o_data[2003]	OUTPUT	SIGNAL	M5	243.312	335.529	243.336	335.613
o_data[2004]	OUTPUT	SIGNAL	M5	247.44	335.529	247.464	335.613
o_data[2005]	OUTPUT	SIGNAL	M5	243.024	335.529	243.048	335.613
o_data[2006]	OUTPUT	SIGNAL	M5	244.848	335.529	244.872	335.613
o_data[2007]	OUTPUT	SIGNAL	M5	246.384	335.529	246.408	335.613
o_data[2008]	OUTPUT	SIGNAL	M5	246.912	335.529	246.936	335.613
o_data[2009]	OUTPUT	SIGNAL	M5	245.808	335.529	245.832	335.613
o_data[200]	OUTPUT	SIGNAL	M4	0.0	155.28	0.084	155.304
o_data[2010]	OUTPUT	SIGNAL	M5	241.392	335.529	241.416	335.613
o_data[2011]	OUTPUT	SIGNAL	M5	247.2	335.529	247.224	335.613
o_data[2012]	OUTPUT	SIGNAL	M5	240.576	335.529	240.6	335.613
o_data[2013]	OUTPUT	SIGNAL	M5	241.056	335.529	241.08	335.613
o_data[2014]	OUTPUT	SIGNAL	M5	240.528	335.529	240.552	335.613
o_data[2015]	OUTPUT	SIGNAL	M5	246.192	335.529	246.216	335.613
o_data[2016]	OUTPUT	SIGNAL	M5	245.328	335.529	245.352	335.613
o_data[2017]	OUTPUT	SIGNAL	M5	245.904	335.529	245.928	335.613
o_data[2018]	OUTPUT	SIGNAL	M5	242.496	335.529	242.52	335.613
o_data[2019]	OUTPUT	SIGNAL	M5	245.424	335.529	245.448	335.613
o_data[201]	OUTPUT	SIGNAL	M4	0.0	147.408	0.084	147.432
o_data[2020]	OUTPUT	SIGNAL	M5	242.736	335.529	242.76	335.613
o_data[2021]	OUTPUT	SIGNAL	M5	247.344	335.529	247.368	335.613
o_data[2022]	OUTPUT	SIGNAL	M5	243.648	335.529	243.672	335.613
o_data[2023]	OUTPUT	SIGNAL	M5	241.248	335.529	241.272	335.613
o_data[2024]	OUTPUT	SIGNAL	M5	240.624	335.529	240.648	335.613
o_data[2025]	OUTPUT	SIGNAL	M5	246.288	335.529	246.312	335.613
o_data[2026]	OUTPUT	SIGNAL	M5	241.488	335.529	241.512	335.613
o_data[2027]	OUTPUT	SIGNAL	M5	247.104	335.529	247.128	335.613
o_data[2028]	OUTPUT	SIGNAL	M5	241.44	335.529	241.464	335.613
o_data[2029]	OUTPUT	SIGNAL	M5	240.672	335.529	240.696	335.613
o_data[202]	OUTPUT	SIGNAL	M4	0.0	150.192	0.084	150.216
o_data[2030]	OUTPUT	SIGNAL	M5	243.984	335.529	244.008	335.613
o_data[2031]	OUTPUT	SIGNAL	M5	243.216	335.529	243.24	335.613
o_data[2032]	OUTPUT	SIGNAL	M5	247.584	335.529	247.608	335.613
o_data[2033]	OUTPUT	SIGNAL	M5	247.872	335.529	247.896	335.613
o_data[2034]	OUTPUT	SIGNAL	M5	243.408	335.529	243.432	335.613
o_data[2035]	OUTPUT	SIGNAL	M5	244.896	335.529	244.92	335.613
o_data[2036]	OUTPUT	SIGNAL	M5	243.696	335.529	243.72	335.613
o_data[2037]	OUTPUT	SIGNAL	M5	241.296	335.529	241.32	335.613
o_data[2038]	OUTPUT	SIGNAL	M5	242.832	335.529	242.856	335.613
o_data[2039]	OUTPUT	SIGNAL	M5	242.976	335.529	243.0	335.613
o_data[203]	OUTPUT	SIGNAL	M4	0.0	147.648	0.084	147.672
o_data[2040]	OUTPUT	SIGNAL	M5	242.784	335.529	242.808	335.613
o_data[2041]	OUTPUT	SIGNAL	M5	247.248	335.529	247.272	335.613
o_data[2042]	OUTPUT	SIGNAL	M5	242.256	335.529	242.28	335.613
o_data[2043]	OUTPUT	SIGNAL	M5	241.344	335.529	241.368	335.613
o_data[2044]	OUTPUT	SIGNAL	M5	242.304	335.529	242.328	335.613
o_data[2045]	OUTPUT	SIGNAL	M5	240.912	335.529	240.936	335.613
o_data[2046]	OUTPUT	SIGNAL	M5	245.616	335.529	245.64	335.613
o_data[2047]	OUTPUT	SIGNAL	M5	240.192	335.529	240.216	335.613
o_data[2048]	OUTPUT	SIGNAL	M5	221.712	0.0	221.736	0.084
o_data[2049]	OUTPUT	SIGNAL	M5	222.24	0.0	222.264	0.084
o_data[204]	OUTPUT	SIGNAL	M4	0.0	151.296	0.084	151.32
o_data[2050]	OUTPUT	SIGNAL	M5	222.768	0.0	222.792	0.084
o_data[2051]	OUTPUT	SIGNAL	M5	220.704	0.0	220.728	0.084
o_data[2052]	OUTPUT	SIGNAL	M5	222.0	0.0	222.024	0.084
o_data[2053]	OUTPUT	SIGNAL	M5	221.616	0.0	221.64	0.084
o_data[2054]	OUTPUT	SIGNAL	M5	222.096	0.0	222.12	0.084
o_data[2055]	OUTPUT	SIGNAL	M5	220.992	0.0	221.016	0.084
o_data[2056]	OUTPUT	SIGNAL	M5	216.432	0.0	216.456	0.084
o_data[2057]	OUTPUT	SIGNAL	M5	213.792	0.0	213.816	0.084
o_data[2058]	OUTPUT	SIGNAL	M5	213.36	0.0	213.384	0.084
o_data[2059]	OUTPUT	SIGNAL	M5	214.128	0.0	214.152	0.084
o_data[205]	OUTPUT	SIGNAL	M4	0.0	155.616	0.084	155.64
o_data[2060]	OUTPUT	SIGNAL	M5	214.464	0.0	214.488	0.084
o_data[2061]	OUTPUT	SIGNAL	M5	217.056	0.0	217.08	0.084
o_data[2062]	OUTPUT	SIGNAL	M5	216.672	0.0	216.696	0.084
o_data[2063]	OUTPUT	SIGNAL	M5	222.816	0.0	222.84	0.084
o_data[2064]	OUTPUT	SIGNAL	M5	224.4	0.0	224.424	0.084
o_data[2065]	OUTPUT	SIGNAL	M5	230.352	0.0	230.376	0.084
o_data[2066]	OUTPUT	SIGNAL	M5	225.552	0.0	225.576	0.084
o_data[2067]	OUTPUT	SIGNAL	M5	226.032	0.0	226.056	0.084
o_data[2068]	OUTPUT	SIGNAL	M5	226.32	0.0	226.344	0.084
o_data[2069]	OUTPUT	SIGNAL	M5	226.656	0.0	226.68	0.084
o_data[206]	OUTPUT	SIGNAL	M4	0.0	156.144	0.084	156.168
o_data[2070]	OUTPUT	SIGNAL	M5	227.712	0.0	227.736	0.084
o_data[2071]	OUTPUT	SIGNAL	M5	228.912	0.0	228.936	0.084
o_data[2072]	OUTPUT	SIGNAL	M5	227.616	0.0	227.64	0.084
o_data[2073]	OUTPUT	SIGNAL	M5	229.104	0.0	229.128	0.084
o_data[2074]	OUTPUT	SIGNAL	M5	229.344	0.0	229.368	0.084
o_data[2075]	OUTPUT	SIGNAL	M5	230.592	0.0	230.616	0.084
o_data[2076]	OUTPUT	SIGNAL	M5	231.792	0.0	231.816	0.084
o_data[2077]	OUTPUT	SIGNAL	M5	231.552	0.0	231.576	0.084
o_data[2078]	OUTPUT	SIGNAL	M5	232.992	0.0	233.016	0.084
o_data[2079]	OUTPUT	SIGNAL	M5	231.216	0.0	231.24	0.084
o_data[207]	OUTPUT	SIGNAL	M4	0.0	148.704	0.084	148.728
o_data[2080]	OUTPUT	SIGNAL	M5	221.664	0.0	221.688	0.084
o_data[2081]	OUTPUT	SIGNAL	M5	222.624	0.0	222.648	0.084
o_data[2082]	OUTPUT	SIGNAL	M5	219.072	0.0	219.096	0.084
o_data[2083]	OUTPUT	SIGNAL	M5	218.688	0.0	218.712	0.084
o_data[2084]	OUTPUT	SIGNAL	M5	217.92	0.0	217.944	0.084
o_data[2085]	OUTPUT	SIGNAL	M5	219.984	0.0	220.008	0.084
o_data[2086]	OUTPUT	SIGNAL	M5	220.272	0.0	220.296	0.084
o_data[2087]	OUTPUT	SIGNAL	M5	221.184	0.0	221.208	0.084
o_data[2088]	OUTPUT	SIGNAL	M5	216.576	0.0	216.6	0.084
o_data[2089]	OUTPUT	SIGNAL	M5	212.448	0.0	212.472	0.084
o_data[208]	OUTPUT	SIGNAL	M4	335.529	149.472	335.613	149.496
o_data[2090]	OUTPUT	SIGNAL	M5	211.92	0.0	211.944	0.084
o_data[2091]	OUTPUT	SIGNAL	M5	212.208	0.0	212.232	0.084
o_data[2092]	OUTPUT	SIGNAL	M5	215.04	0.0	215.064	0.084
o_data[2093]	OUTPUT	SIGNAL	M5	218.352	0.0	218.376	0.084
o_data[2094]	OUTPUT	SIGNAL	M5	217.728	0.0	217.752	0.084
o_data[2095]	OUTPUT	SIGNAL	M5	222.48	0.0	222.504	0.084
o_data[2096]	OUTPUT	SIGNAL	M5	223.824	0.0	223.848	0.084
o_data[2097]	OUTPUT	SIGNAL	M5	227.328	0.0	227.352	0.084
o_data[2098]	OUTPUT	SIGNAL	M5	224.544	0.0	224.568	0.084
o_data[2099]	OUTPUT	SIGNAL	M5	225.408	0.0	225.432	0.084
o_data[209]	OUTPUT	SIGNAL	M4	335.529	154.656	335.613	154.68
o_data[20]	OUTPUT	SIGNAL	M4	335.529	204.384	335.613	204.408
o_data[2100]	OUTPUT	SIGNAL	M5	225.264	0.0	225.288	0.084
o_data[2101]	OUTPUT	SIGNAL	M5	226.56	0.0	226.584	0.084
o_data[2102]	OUTPUT	SIGNAL	M5	227.472	0.0	227.496	0.084
o_data[2103]	OUTPUT	SIGNAL	M5	228.624	0.0	228.648	0.084
o_data[2104]	OUTPUT	SIGNAL	M5	228.144	0.0	228.168	0.084
o_data[2105]	OUTPUT	SIGNAL	M5	228.48	0.0	228.504	0.084
o_data[2106]	OUTPUT	SIGNAL	M5	228.864	0.0	228.888	0.084
o_data[2107]	OUTPUT	SIGNAL	M5	229.824	0.0	229.848	0.084
o_data[2108]	OUTPUT	SIGNAL	M5	229.152	0.0	229.176	0.084
o_data[2109]	OUTPUT	SIGNAL	M5	230.16	0.0	230.184	0.084
o_data[210]	OUTPUT	SIGNAL	M4	335.529	154.896	335.613	154.92
o_data[2110]	OUTPUT	SIGNAL	M5	232.8	0.0	232.824	0.084
o_data[2111]	OUTPUT	SIGNAL	M5	230.496	0.0	230.52	0.084
o_data[2112]	OUTPUT	SIGNAL	M5	82.704	0.0	82.728	0.084
o_data[2113]	OUTPUT	SIGNAL	M5	80.064	0.0	80.088	0.084
o_data[2114]	OUTPUT	SIGNAL	M5	80.352	0.0	80.376	0.084
o_data[2115]	OUTPUT	SIGNAL	M5	80.016	0.0	80.04	0.084
o_data[2116]	OUTPUT	SIGNAL	M5	80.544	0.0	80.568	0.084
o_data[2117]	OUTPUT	SIGNAL	M5	79.296	0.0	79.32	0.084
o_data[2118]	OUTPUT	SIGNAL	M5	201.648	0.0	201.672	0.084
o_data[2119]	OUTPUT	SIGNAL	M5	193.536	0.0	193.56	0.084
o_data[211]	OUTPUT	SIGNAL	M4	335.529	152.784	335.613	152.808
o_data[2120]	OUTPUT	SIGNAL	M5	193.584	0.0	193.608	0.084
o_data[2121]	OUTPUT	SIGNAL	M5	193.2	0.0	193.224	0.084
o_data[2122]	OUTPUT	SIGNAL	M5	193.008	0.0	193.032	0.084
o_data[2123]	OUTPUT	SIGNAL	M5	194.784	0.0	194.808	0.084
o_data[2124]	OUTPUT	SIGNAL	M5	193.44	0.0	193.464	0.084
o_data[2125]	OUTPUT	SIGNAL	M5	193.872	0.0	193.896	0.084
o_data[2126]	OUTPUT	SIGNAL	M5	194.16	0.0	194.184	0.084
o_data[2127]	OUTPUT	SIGNAL	M5	193.296	0.0	193.32	0.084
o_data[2128]	OUTPUT	SIGNAL	M5	201.6	0.0	201.624	0.084
o_data[2129]	OUTPUT	SIGNAL	M5	194.448	0.0	194.472	0.084
o_data[212]	OUTPUT	SIGNAL	M4	335.529	150.768	335.613	150.792
o_data[2130]	OUTPUT	SIGNAL	M5	196.416	0.0	196.44	0.084
o_data[2131]	OUTPUT	SIGNAL	M5	198.576	0.0	198.6	0.084
o_data[2132]	OUTPUT	SIGNAL	M5	200.016	0.0	200.04	0.084
o_data[2133]	OUTPUT	SIGNAL	M5	192.768	0.0	192.792	0.084
o_data[2134]	OUTPUT	SIGNAL	M5	197.616	0.0	197.64	0.084
o_data[2135]	OUTPUT	SIGNAL	M5	200.16	0.0	200.184	0.084
o_data[2136]	OUTPUT	SIGNAL	M5	198.384	0.0	198.408	0.084
o_data[2137]	OUTPUT	SIGNAL	M5	193.824	0.0	193.848	0.084
o_data[2138]	OUTPUT	SIGNAL	M5	194.208	0.0	194.232	0.084
o_data[2139]	OUTPUT	SIGNAL	M5	192.912	0.0	192.936	0.084
o_data[213]	OUTPUT	SIGNAL	M4	335.529	149.712	335.613	149.736
o_data[2140]	OUTPUT	SIGNAL	M5	197.28	0.0	197.304	0.084
o_data[2141]	OUTPUT	SIGNAL	M5	193.056	0.0	193.08	0.084
o_data[2142]	OUTPUT	SIGNAL	M5	193.632	0.0	193.656	0.084
o_data[2143]	OUTPUT	SIGNAL	M5	194.256	0.0	194.28	0.084
o_data[2144]	OUTPUT	SIGNAL	M5	80.832	0.0	80.856	0.084
o_data[2145]	OUTPUT	SIGNAL	M5	81.456	0.0	81.48	0.084
o_data[2146]	OUTPUT	SIGNAL	M5	81.072	0.0	81.096	0.084
o_data[2147]	OUTPUT	SIGNAL	M5	80.976	0.0	81.0	0.084
o_data[2148]	OUTPUT	SIGNAL	M5	81.312	0.0	81.336	0.084
o_data[2149]	OUTPUT	SIGNAL	M5	80.88	0.0	80.904	0.084
o_data[214]	OUTPUT	SIGNAL	M4	335.529	148.56	335.613	148.584
o_data[2150]	OUTPUT	SIGNAL	M5	193.344	0.0	193.368	0.084
o_data[2151]	OUTPUT	SIGNAL	M5	194.544	0.0	194.568	0.084
o_data[2152]	OUTPUT	SIGNAL	M5	82.416	0.0	82.44	0.084
o_data[2153]	OUTPUT	SIGNAL	M5	81.264	0.0	81.288	0.084
o_data[2154]	OUTPUT	SIGNAL	M5	80.928	0.0	80.952	0.084
o_data[2155]	OUTPUT	SIGNAL	M5	81.696	0.0	81.72	0.084
o_data[2156]	OUTPUT	SIGNAL	M5	81.6	0.0	81.624	0.084
o_data[2157]	OUTPUT	SIGNAL	M5	82.464	0.0	82.488	0.084
o_data[2158]	OUTPUT	SIGNAL	M5	83.568	0.0	83.592	0.084
o_data[2159]	OUTPUT	SIGNAL	M5	193.152	0.0	193.176	0.084
o_data[215]	OUTPUT	SIGNAL	M4	335.529	148.128	335.613	148.152
o_data[2160]	OUTPUT	SIGNAL	M5	193.68	0.0	193.704	0.084
o_data[2161]	OUTPUT	SIGNAL	M5	194.304	0.0	194.328	0.084
o_data[2162]	OUTPUT	SIGNAL	M5	194.688	0.0	194.712	0.084
o_data[2163]	OUTPUT	SIGNAL	M5	193.248	0.0	193.272	0.084
o_data[2164]	OUTPUT	SIGNAL	M5	196.992	0.0	197.016	0.084
o_data[2165]	OUTPUT	SIGNAL	M5	199.152	0.0	199.176	0.084
o_data[2166]	OUTPUT	SIGNAL	M5	201.744	0.0	201.768	0.084
o_data[2167]	OUTPUT	SIGNAL	M5	196.368	0.0	196.392	0.084
o_data[2168]	OUTPUT	SIGNAL	M5	195.6	0.0	195.624	0.084
o_data[2169]	OUTPUT	SIGNAL	M5	194.592	0.0	194.616	0.084
o_data[216]	OUTPUT	SIGNAL	M4	335.529	144.864	335.613	144.888
o_data[2170]	OUTPUT	SIGNAL	M5	199.2	0.0	199.224	0.084
o_data[2171]	OUTPUT	SIGNAL	M5	194.064	0.0	194.088	0.084
o_data[2172]	OUTPUT	SIGNAL	M5	198.672	0.0	198.696	0.084
o_data[2173]	OUTPUT	SIGNAL	M5	195.744	0.0	195.768	0.084
o_data[2174]	OUTPUT	SIGNAL	M5	196.464	0.0	196.488	0.084
o_data[2175]	OUTPUT	SIGNAL	M5	198.192	0.0	198.216	0.084
o_data[2176]	OUTPUT	SIGNAL	M4	0.0	213.216	0.084	213.24
o_data[2177]	OUTPUT	SIGNAL	M4	0.0	218.736	0.084	218.76
o_data[2178]	OUTPUT	SIGNAL	M4	0.0	228.96	0.084	228.984
o_data[2179]	OUTPUT	SIGNAL	M4	0.0	226.704	0.084	226.728
o_data[217]	OUTPUT	SIGNAL	M4	335.529	145.872	335.613	145.896
o_data[2180]	OUTPUT	SIGNAL	M4	0.0	224.304	0.084	224.328
o_data[2181]	OUTPUT	SIGNAL	M4	0.0	212.88	0.084	212.904
o_data[2182]	OUTPUT	SIGNAL	M4	0.0	208.704	0.084	208.728
o_data[2183]	OUTPUT	SIGNAL	M4	0.0	208.128	0.084	208.152
o_data[2184]	OUTPUT	SIGNAL	M4	0.0	202.848	0.084	202.872
o_data[2185]	OUTPUT	SIGNAL	M4	0.0	209.088	0.084	209.112
o_data[2186]	OUTPUT	SIGNAL	M4	0.0	208.56	0.084	208.584
o_data[2187]	OUTPUT	SIGNAL	M4	0.0	206.832	0.084	206.856
o_data[2188]	OUTPUT	SIGNAL	M4	0.0	206.928	0.084	206.952
o_data[2189]	OUTPUT	SIGNAL	M4	0.0	202.416	0.084	202.44
o_data[218]	OUTPUT	SIGNAL	M4	335.529	145.344	335.613	145.368
o_data[2190]	OUTPUT	SIGNAL	M4	0.0	202.608	0.084	202.632
o_data[2191]	OUTPUT	SIGNAL	M4	0.0	203.04	0.084	203.064
o_data[2192]	OUTPUT	SIGNAL	M4	0.0	205.392	0.084	205.416
o_data[2193]	OUTPUT	SIGNAL	M4	0.0	204.432	0.084	204.456
o_data[2194]	OUTPUT	SIGNAL	M4	0.0	204.384	0.084	204.408
o_data[2195]	OUTPUT	SIGNAL	M4	0.0	203.28	0.084	203.304
o_data[2196]	OUTPUT	SIGNAL	M4	0.0	203.856	0.084	203.88
o_data[2197]	OUTPUT	SIGNAL	M4	0.0	209.184	0.084	209.208
o_data[2198]	OUTPUT	SIGNAL	M4	0.0	202.128	0.084	202.152
o_data[2199]	OUTPUT	SIGNAL	M4	0.0	201.792	0.084	201.816
o_data[219]	OUTPUT	SIGNAL	M4	335.529	145.824	335.613	145.848
o_data[21]	OUTPUT	SIGNAL	M4	335.529	182.976	335.613	183.0
o_data[2200]	OUTPUT	SIGNAL	M4	0.0	202.752	0.084	202.776
o_data[2201]	OUTPUT	SIGNAL	M4	0.0	201.984	0.084	202.008
o_data[2202]	OUTPUT	SIGNAL	M4	0.0	202.176	0.084	202.2
o_data[2203]	OUTPUT	SIGNAL	M4	0.0	201.888	0.084	201.912
o_data[2204]	OUTPUT	SIGNAL	M4	0.0	190.848	0.084	190.872
o_data[2205]	OUTPUT	SIGNAL	M4	0.0	201.744	0.084	201.768
o_data[2206]	OUTPUT	SIGNAL	M4	0.0	190.8	0.084	190.824
o_data[2207]	OUTPUT	SIGNAL	M4	0.0	190.704	0.084	190.728
o_data[2208]	OUTPUT	SIGNAL	M4	0.0	210.0	0.084	210.024
o_data[2209]	OUTPUT	SIGNAL	M4	0.0	218.208	0.084	218.232
o_data[220]	OUTPUT	SIGNAL	M4	335.529	144.72	335.613	144.744
o_data[2210]	OUTPUT	SIGNAL	M4	0.0	226.848	0.084	226.872
o_data[2211]	OUTPUT	SIGNAL	M4	0.0	228.768	0.084	228.792
o_data[2212]	OUTPUT	SIGNAL	M4	0.0	219.648	0.084	219.672
o_data[2213]	OUTPUT	SIGNAL	M4	0.0	212.832	0.084	212.856
o_data[2214]	OUTPUT	SIGNAL	M4	0.0	209.616	0.084	209.64
o_data[2215]	OUTPUT	SIGNAL	M4	0.0	213.024	0.084	213.048
o_data[2216]	OUTPUT	SIGNAL	M4	0.0	205.776	0.084	205.8
o_data[2217]	OUTPUT	SIGNAL	M4	0.0	209.136	0.084	209.16
o_data[2218]	OUTPUT	SIGNAL	M4	0.0	209.376	0.084	209.4
o_data[2219]	OUTPUT	SIGNAL	M4	0.0	207.888	0.084	207.912
o_data[221]	OUTPUT	SIGNAL	M4	335.529	143.424	335.613	143.448
o_data[2220]	OUTPUT	SIGNAL	M4	0.0	208.176	0.084	208.2
o_data[2221]	OUTPUT	SIGNAL	M4	0.0	205.728	0.084	205.752
o_data[2222]	OUTPUT	SIGNAL	M4	0.0	204.72	0.084	204.744
o_data[2223]	OUTPUT	SIGNAL	M4	0.0	203.904	0.084	203.928
o_data[2224]	OUTPUT	SIGNAL	M4	0.0	205.536	0.084	205.56
o_data[2225]	OUTPUT	SIGNAL	M4	0.0	204.624	0.084	204.648
o_data[2226]	OUTPUT	SIGNAL	M4	0.0	204.912	0.084	204.936
o_data[2227]	OUTPUT	SIGNAL	M4	0.0	203.424	0.084	203.448
o_data[2228]	OUTPUT	SIGNAL	M4	0.0	203.376	0.084	203.4
o_data[2229]	OUTPUT	SIGNAL	M4	0.0	209.664	0.084	209.688
o_data[222]	OUTPUT	SIGNAL	M4	335.529	142.656	335.613	142.68
o_data[2230]	OUTPUT	SIGNAL	M4	0.0	201.648	0.084	201.672
o_data[2231]	OUTPUT	SIGNAL	M4	0.0	201.552	0.084	201.576
o_data[2232]	OUTPUT	SIGNAL	M4	0.0	202.08	0.084	202.104
o_data[2233]	OUTPUT	SIGNAL	M4	0.0	201.216	0.084	201.24
o_data[2234]	OUTPUT	SIGNAL	M4	0.0	202.032	0.084	202.056
o_data[2235]	OUTPUT	SIGNAL	M4	0.0	201.84	0.084	201.864
o_data[2236]	OUTPUT	SIGNAL	M4	0.0	190.512	0.084	190.536
o_data[2237]	OUTPUT	SIGNAL	M4	0.0	201.696	0.084	201.72
o_data[2238]	OUTPUT	SIGNAL	M4	0.0	188.448	0.084	188.472
o_data[2239]	OUTPUT	SIGNAL	M4	0.0	190.32	0.084	190.344
o_data[223]	OUTPUT	SIGNAL	M4	335.529	141.264	335.613	141.288
o_data[2240]	OUTPUT	SIGNAL	M5	94.176	335.529	94.2	335.613
o_data[2241]	OUTPUT	SIGNAL	M5	94.08	335.529	94.104	335.613
o_data[2242]	OUTPUT	SIGNAL	M5	94.656	335.529	94.68	335.613
o_data[2243]	OUTPUT	SIGNAL	M5	93.456	335.529	93.48	335.613
o_data[2244]	OUTPUT	SIGNAL	M5	94.128	335.529	94.152	335.613
o_data[2245]	OUTPUT	SIGNAL	M5	93.696	335.529	93.72	335.613
o_data[2246]	OUTPUT	SIGNAL	M5	92.928	335.529	92.952	335.613
o_data[2247]	OUTPUT	SIGNAL	M5	85.488	335.529	85.512	335.613
o_data[2248]	OUTPUT	SIGNAL	M5	87.216	335.529	87.24	335.613
o_data[2249]	OUTPUT	SIGNAL	M5	94.848	335.529	94.872	335.613
o_data[224]	OUTPUT	SIGNAL	M4	0.0	146.928	0.084	146.952
o_data[2250]	OUTPUT	SIGNAL	M5	93.552	335.529	93.576	335.613
o_data[2251]	OUTPUT	SIGNAL	M5	94.512	335.529	94.536	335.613
o_data[2252]	OUTPUT	SIGNAL	M5	93.888	335.529	93.912	335.613
o_data[2253]	OUTPUT	SIGNAL	M5	90.96	335.529	90.984	335.613
o_data[2254]	OUTPUT	SIGNAL	M5	94.704	335.529	94.728	335.613
o_data[2255]	OUTPUT	SIGNAL	M5	93.12	335.529	93.144	335.613
o_data[2256]	OUTPUT	SIGNAL	M5	86.928	335.529	86.952	335.613
o_data[2257]	OUTPUT	SIGNAL	M5	90.528	335.529	90.552	335.613
o_data[2258]	OUTPUT	SIGNAL	M5	91.008	335.529	91.032	335.613
o_data[2259]	OUTPUT	SIGNAL	M5	89.616	335.529	89.64	335.613
o_data[225]	OUTPUT	SIGNAL	M4	0.0	146.784	0.084	146.808
o_data[2260]	OUTPUT	SIGNAL	M5	93.024	335.529	93.048	335.613
o_data[2261]	OUTPUT	SIGNAL	M5	89.856	335.529	89.88	335.613
o_data[2262]	OUTPUT	SIGNAL	M5	87.888	335.529	87.912	335.613
o_data[2263]	OUTPUT	SIGNAL	M5	91.632	335.529	91.656	335.613
o_data[2264]	OUTPUT	SIGNAL	M5	89.808	335.529	89.832	335.613
o_data[2265]	OUTPUT	SIGNAL	M5	86.832	335.529	86.856	335.613
o_data[2266]	OUTPUT	SIGNAL	M5	91.44	335.529	91.464	335.613
o_data[2267]	OUTPUT	SIGNAL	M5	87.264	335.529	87.288	335.613
o_data[2268]	OUTPUT	SIGNAL	M5	92.832	335.529	92.856	335.613
o_data[2269]	OUTPUT	SIGNAL	M5	87.312	335.529	87.336	335.613
o_data[226]	OUTPUT	SIGNAL	M4	0.0	145.728	0.084	145.752
o_data[2270]	OUTPUT	SIGNAL	M5	89.712	335.529	89.736	335.613
o_data[2271]	OUTPUT	SIGNAL	M5	93.84	335.529	93.864	335.613
o_data[2272]	OUTPUT	SIGNAL	M5	93.36	335.529	93.384	335.613
o_data[2273]	OUTPUT	SIGNAL	M5	94.416	335.529	94.44	335.613
o_data[2274]	OUTPUT	SIGNAL	M5	94.608	335.529	94.632	335.613
o_data[2275]	OUTPUT	SIGNAL	M5	88.128	335.529	88.152	335.613
o_data[2276]	OUTPUT	SIGNAL	M5	87.984	335.529	88.008	335.613
o_data[2277]	OUTPUT	SIGNAL	M5	93.072	335.529	93.096	335.613
o_data[2278]	OUTPUT	SIGNAL	M5	87.168	335.529	87.192	335.613
o_data[2279]	OUTPUT	SIGNAL	M5	87.12	335.529	87.144	335.613
o_data[227]	OUTPUT	SIGNAL	M4	0.0	144.768	0.084	144.792
o_data[2280]	OUTPUT	SIGNAL	M5	93.504	335.529	93.528	335.613
o_data[2281]	OUTPUT	SIGNAL	M5	94.8	335.529	94.824	335.613
o_data[2282]	OUTPUT	SIGNAL	M5	94.56	335.529	94.584	335.613
o_data[2283]	OUTPUT	SIGNAL	M5	94.752	335.529	94.776	335.613
o_data[2284]	OUTPUT	SIGNAL	M5	94.464	335.529	94.488	335.613
o_data[2285]	OUTPUT	SIGNAL	M5	94.224	335.529	94.248	335.613
o_data[2286]	OUTPUT	SIGNAL	M5	85.248	335.529	85.272	335.613
o_data[2287]	OUTPUT	SIGNAL	M5	85.2	335.529	85.224	335.613
o_data[2288]	OUTPUT	SIGNAL	M5	84.96	335.529	84.984	335.613
o_data[2289]	OUTPUT	SIGNAL	M5	85.008	335.529	85.032	335.613
o_data[228]	OUTPUT	SIGNAL	M4	0.0	146.112	0.084	146.136
o_data[2290]	OUTPUT	SIGNAL	M5	84.576	335.529	84.6	335.613
o_data[2291]	OUTPUT	SIGNAL	M5	84.864	335.529	84.888	335.613
o_data[2292]	OUTPUT	SIGNAL	M5	83.952	335.529	83.976	335.613
o_data[2293]	OUTPUT	SIGNAL	M5	84.912	335.529	84.936	335.613
o_data[2294]	OUTPUT	SIGNAL	M5	84.816	335.529	84.84	335.613
o_data[2295]	OUTPUT	SIGNAL	M5	81.072	335.529	81.096	335.613
o_data[2296]	OUTPUT	SIGNAL	M5	82.08	335.529	82.104	335.613
o_data[2297]	OUTPUT	SIGNAL	M5	85.056	335.529	85.08	335.613
o_data[2298]	OUTPUT	SIGNAL	M5	76.464	335.529	76.488	335.613
o_data[2299]	OUTPUT	SIGNAL	M5	84.768	335.529	84.792	335.613
o_data[229]	OUTPUT	SIGNAL	M4	0.0	144.96	0.084	144.984
o_data[22]	OUTPUT	SIGNAL	M4	335.529	203.904	335.613	203.928
o_data[2300]	OUTPUT	SIGNAL	M5	84.624	335.529	84.648	335.613
o_data[2301]	OUTPUT	SIGNAL	M5	84.192	335.529	84.216	335.613
o_data[2302]	OUTPUT	SIGNAL	M5	84.48	335.529	84.504	335.613
o_data[2303]	OUTPUT	SIGNAL	M5	84.048	335.529	84.072	335.613
o_data[2304]	OUTPUT	SIGNAL	M4	0.0	266.688	0.084	266.712
o_data[2305]	OUTPUT	SIGNAL	M4	0.0	266.976	0.084	267.0
o_data[2306]	OUTPUT	SIGNAL	M4	0.0	265.152	0.084	265.176
o_data[2307]	OUTPUT	SIGNAL	M4	0.0	266.208	0.084	266.232
o_data[2308]	OUTPUT	SIGNAL	M4	0.0	267.12	0.084	267.144
o_data[2309]	OUTPUT	SIGNAL	M4	0.0	267.36	0.084	267.384
o_data[230]	OUTPUT	SIGNAL	M4	0.0	145.968	0.084	145.992
o_data[2310]	OUTPUT	SIGNAL	M4	0.0	271.248	0.084	271.272
o_data[2311]	OUTPUT	SIGNAL	M4	0.0	271.584	0.084	271.608
o_data[2312]	OUTPUT	SIGNAL	M4	0.0	270.96	0.084	270.984
o_data[2313]	OUTPUT	SIGNAL	M4	0.0	271.344	0.084	271.368
o_data[2314]	OUTPUT	SIGNAL	M4	0.0	270.816	0.084	270.84
o_data[2315]	OUTPUT	SIGNAL	M4	0.0	272.256	0.084	272.28
o_data[2316]	OUTPUT	SIGNAL	M5	65.088	335.529	65.112	335.613
o_data[2317]	OUTPUT	SIGNAL	M5	62.64	335.529	62.664	335.613
o_data[2318]	OUTPUT	SIGNAL	M4	0.0	271.728	0.084	271.752
o_data[2319]	OUTPUT	SIGNAL	M4	0.0	270.624	0.084	270.648
o_data[231]	OUTPUT	SIGNAL	M4	0.0	144.576	0.084	144.6
o_data[2320]	OUTPUT	SIGNAL	M4	0.0	275.472	0.084	275.496
o_data[2321]	OUTPUT	SIGNAL	M5	57.648	335.529	57.672	335.613
o_data[2322]	OUTPUT	SIGNAL	M4	0.0	275.424	0.084	275.448
o_data[2323]	OUTPUT	SIGNAL	M5	57.6	335.529	57.624	335.613
o_data[2324]	OUTPUT	SIGNAL	M5	58.464	335.529	58.488	335.613
o_data[2325]	OUTPUT	SIGNAL	M4	0.0	276.288	0.084	276.312
o_data[2326]	OUTPUT	SIGNAL	M4	0.0	276.528	0.084	276.552
o_data[2327]	OUTPUT	SIGNAL	M4	0.0	278.736	0.084	278.76
o_data[2328]	OUTPUT	SIGNAL	M4	0.0	277.968	0.084	277.992
o_data[2329]	OUTPUT	SIGNAL	M4	0.0	277.584	0.084	277.608
o_data[232]	OUTPUT	SIGNAL	M4	0.0	147.36	0.084	147.384
o_data[2330]	OUTPUT	SIGNAL	M4	0.0	280.08	0.084	280.104
o_data[2331]	OUTPUT	SIGNAL	M4	0.0	278.88	0.084	278.904
o_data[2332]	OUTPUT	SIGNAL	M4	0.0	279.168	0.084	279.192
o_data[2333]	OUTPUT	SIGNAL	M4	0.0	280.896	0.084	280.92
o_data[2334]	OUTPUT	SIGNAL	M4	0.0	279.408	0.084	279.432
o_data[2335]	OUTPUT	SIGNAL	M4	0.0	272.448	0.084	272.472
o_data[2336]	OUTPUT	SIGNAL	M4	0.0	264.864	0.084	264.888
o_data[2337]	OUTPUT	SIGNAL	M4	0.0	264.096	0.084	264.12
o_data[2338]	OUTPUT	SIGNAL	M4	0.0	263.424	0.084	263.448
o_data[2339]	OUTPUT	SIGNAL	M4	0.0	261.072	0.084	261.096
o_data[233]	OUTPUT	SIGNAL	M4	0.0	148.944	0.084	148.968
o_data[2340]	OUTPUT	SIGNAL	M4	0.0	263.328	0.084	263.352
o_data[2341]	OUTPUT	SIGNAL	M4	0.0	265.392	0.084	265.416
o_data[2342]	OUTPUT	SIGNAL	M4	0.0	262.464	0.084	262.488
o_data[2343]	OUTPUT	SIGNAL	M4	0.0	261.264	0.084	261.288
o_data[2344]	OUTPUT	SIGNAL	M4	0.0	266.016	0.084	266.04
o_data[2345]	OUTPUT	SIGNAL	M4	0.0	264.144	0.084	264.168
o_data[2346]	OUTPUT	SIGNAL	M4	0.0	265.776	0.084	265.8
o_data[2347]	OUTPUT	SIGNAL	M4	0.0	266.544	0.084	266.568
o_data[2348]	OUTPUT	SIGNAL	M4	0.0	267.072	0.084	267.096
o_data[2349]	OUTPUT	SIGNAL	M4	0.0	266.64	0.084	266.664
o_data[234]	OUTPUT	SIGNAL	M4	0.0	148.992	0.084	149.016
o_data[2350]	OUTPUT	SIGNAL	M4	0.0	267.312	0.084	267.336
o_data[2351]	OUTPUT	SIGNAL	M4	0.0	268.032	0.084	268.056
o_data[2352]	OUTPUT	SIGNAL	M4	0.0	271.872	0.084	271.896
o_data[2353]	OUTPUT	SIGNAL	M4	0.0	274.128	0.084	274.152
o_data[2354]	OUTPUT	SIGNAL	M4	0.0	273.12	0.084	273.144
o_data[2355]	OUTPUT	SIGNAL	M4	0.0	273.168	0.084	273.192
o_data[2356]	OUTPUT	SIGNAL	M4	0.0	274.512	0.084	274.536
o_data[2357]	OUTPUT	SIGNAL	M4	0.0	275.088	0.084	275.112
o_data[2358]	OUTPUT	SIGNAL	M4	0.0	272.208	0.084	272.232
o_data[2359]	OUTPUT	SIGNAL	M4	0.0	276.912	0.084	276.936
o_data[235]	OUTPUT	SIGNAL	M4	0.0	147.984	0.084	148.008
o_data[2360]	OUTPUT	SIGNAL	M4	0.0	276.24	0.084	276.264
o_data[2361]	OUTPUT	SIGNAL	M4	0.0	275.664	0.084	275.688
o_data[2362]	OUTPUT	SIGNAL	M4	0.0	274.224	0.084	274.248
o_data[2363]	OUTPUT	SIGNAL	M4	0.0	278.208	0.084	278.232
o_data[2364]	OUTPUT	SIGNAL	M4	0.0	277.632	0.084	277.656
o_data[2365]	OUTPUT	SIGNAL	M4	0.0	278.64	0.084	278.664
o_data[2366]	OUTPUT	SIGNAL	M4	0.0	273.024	0.084	273.048
o_data[2367]	OUTPUT	SIGNAL	M4	0.0	271.776	0.084	271.8
o_data[2368]	OUTPUT	SIGNAL	M4	0.0	61.824	0.084	61.848
o_data[2369]	OUTPUT	SIGNAL	M4	0.0	60.096	0.084	60.12
o_data[236]	OUTPUT	SIGNAL	M4	0.0	149.184	0.084	149.208
o_data[2370]	OUTPUT	SIGNAL	M4	0.0	61.104	0.084	61.128
o_data[2371]	OUTPUT	SIGNAL	M4	0.0	62.112	0.084	62.136
o_data[2372]	OUTPUT	SIGNAL	M4	0.0	61.584	0.084	61.608
o_data[2373]	OUTPUT	SIGNAL	M4	0.0	60.768	0.084	60.792
o_data[2374]	OUTPUT	SIGNAL	M4	0.0	59.904	0.084	59.928
o_data[2375]	OUTPUT	SIGNAL	M4	0.0	61.68	0.084	61.704
o_data[2376]	OUTPUT	SIGNAL	M4	0.0	58.848	0.084	58.872
o_data[2377]	OUTPUT	SIGNAL	M4	0.0	57.12	0.084	57.144
o_data[2378]	OUTPUT	SIGNAL	M4	0.0	58.512	0.084	58.536
o_data[2379]	OUTPUT	SIGNAL	M4	0.0	58.224	0.084	58.248
o_data[237]	OUTPUT	SIGNAL	M4	0.0	147.312	0.084	147.336
o_data[2380]	OUTPUT	SIGNAL	M4	0.0	58.8	0.084	58.824
o_data[2381]	OUTPUT	SIGNAL	M4	0.0	59.472	0.084	59.496
o_data[2382]	OUTPUT	SIGNAL	M4	0.0	58.56	0.084	58.584
o_data[2383]	OUTPUT	SIGNAL	M4	0.0	62.448	0.084	62.472
o_data[2384]	OUTPUT	SIGNAL	M4	0.0	65.04	0.084	65.064
o_data[2385]	OUTPUT	SIGNAL	M4	0.0	65.136	0.084	65.16
o_data[2386]	OUTPUT	SIGNAL	M4	0.0	64.032	0.084	64.056
o_data[2387]	OUTPUT	SIGNAL	M4	0.0	63.648	0.084	63.672
o_data[2388]	OUTPUT	SIGNAL	M4	0.0	63.696	0.084	63.72
o_data[2389]	OUTPUT	SIGNAL	M4	0.0	66.528	0.084	66.552
o_data[238]	OUTPUT	SIGNAL	M4	0.0	148.56	0.084	148.584
o_data[2390]	OUTPUT	SIGNAL	M4	0.0	67.296	0.084	67.32
o_data[2391]	OUTPUT	SIGNAL	M4	0.0	68.16	0.084	68.184
o_data[2392]	OUTPUT	SIGNAL	M4	0.0	69.264	0.084	69.288
o_data[2393]	OUTPUT	SIGNAL	M4	0.0	69.312	0.084	69.336
o_data[2394]	OUTPUT	SIGNAL	M4	0.0	70.944	0.084	70.968
o_data[2395]	OUTPUT	SIGNAL	M4	0.0	70.896	0.084	70.92
o_data[2396]	OUTPUT	SIGNAL	M4	0.0	72.0	0.084	72.024
o_data[2397]	OUTPUT	SIGNAL	M4	0.0	72.432	0.084	72.456
o_data[2398]	OUTPUT	SIGNAL	M4	0.0	74.016	0.084	74.04
o_data[2399]	OUTPUT	SIGNAL	M4	0.0	73.92	0.084	73.944
o_data[239]	OUTPUT	SIGNAL	M4	0.0	146.256	0.084	146.28
o_data[23]	OUTPUT	SIGNAL	M4	335.529	173.904	335.613	173.928
o_data[2400]	OUTPUT	SIGNAL	M4	0.0	66.624	0.084	66.648
o_data[2401]	OUTPUT	SIGNAL	M4	0.0	66.432	0.084	66.456
o_data[2402]	OUTPUT	SIGNAL	M4	0.0	65.28	0.084	65.304
o_data[2403]	OUTPUT	SIGNAL	M4	0.0	64.176	0.084	64.2
o_data[2404]	OUTPUT	SIGNAL	M4	0.0	65.232	0.084	65.256
o_data[2405]	OUTPUT	SIGNAL	M4	0.0	66.336	0.084	66.36
o_data[2406]	OUTPUT	SIGNAL	M4	0.0	64.512	0.084	64.536
o_data[2407]	OUTPUT	SIGNAL	M4	0.0	65.424	0.084	65.448
o_data[2408]	OUTPUT	SIGNAL	M4	0.0	61.968	0.084	61.992
o_data[2409]	OUTPUT	SIGNAL	M4	0.0	63.216	0.084	63.24
o_data[240]	OUTPUT	SIGNAL	M4	335.529	146.784	335.613	146.808
o_data[2410]	OUTPUT	SIGNAL	M4	0.0	62.064	0.084	62.088
o_data[2411]	OUTPUT	SIGNAL	M4	0.0	62.352	0.084	62.376
o_data[2412]	OUTPUT	SIGNAL	M4	0.0	62.16	0.084	62.184
o_data[2413]	OUTPUT	SIGNAL	M4	0.0	61.008	0.084	61.032
o_data[2414]	OUTPUT	SIGNAL	M4	0.0	62.016	0.084	62.04
o_data[2415]	OUTPUT	SIGNAL	M4	0.0	63.456	0.084	63.48
o_data[2416]	OUTPUT	SIGNAL	M4	0.0	65.808	0.084	65.832
o_data[2417]	OUTPUT	SIGNAL	M4	0.0	66.48	0.084	66.504
o_data[2418]	OUTPUT	SIGNAL	M4	0.0	64.464	0.084	64.488
o_data[2419]	OUTPUT	SIGNAL	M4	0.0	65.088	0.084	65.112
o_data[241]	OUTPUT	SIGNAL	M4	335.529	147.024	335.613	147.048
o_data[2420]	OUTPUT	SIGNAL	M4	0.0	65.76	0.084	65.784
o_data[2421]	OUTPUT	SIGNAL	M4	0.0	67.248	0.084	67.272
o_data[2422]	OUTPUT	SIGNAL	M4	0.0	68.304	0.084	68.328
o_data[2423]	OUTPUT	SIGNAL	M4	0.0	68.64	0.084	68.664
o_data[2424]	OUTPUT	SIGNAL	M4	0.0	70.128	0.084	70.152
o_data[2425]	OUTPUT	SIGNAL	M4	0.0	70.032	0.084	70.056
o_data[2426]	OUTPUT	SIGNAL	M4	0.0	73.344	0.084	73.368
o_data[2427]	OUTPUT	SIGNAL	M4	0.0	71.424	0.084	71.448
o_data[2428]	OUTPUT	SIGNAL	M4	0.0	72.336	0.084	72.36
o_data[2429]	OUTPUT	SIGNAL	M4	0.0	73.248	0.084	73.272
o_data[242]	OUTPUT	SIGNAL	M4	335.529	154.512	335.613	154.536
o_data[2430]	OUTPUT	SIGNAL	M4	0.0	74.976	0.084	75.0
o_data[2431]	OUTPUT	SIGNAL	M4	0.0	74.784	0.084	74.808
o_data[2432]	OUTPUT	SIGNAL	M5	57.264	335.529	57.288	335.613
o_data[2433]	OUTPUT	SIGNAL	M5	56.88	335.529	56.904	335.613
o_data[2434]	OUTPUT	SIGNAL	M5	51.408	335.529	51.432	335.613
o_data[2435]	OUTPUT	SIGNAL	M5	56.352	335.529	56.376	335.613
o_data[2436]	OUTPUT	SIGNAL	M5	52.176	335.529	52.2	335.613
o_data[2437]	OUTPUT	SIGNAL	M5	57.168	335.529	57.192	335.613
o_data[2438]	OUTPUT	SIGNAL	M5	57.312	335.529	57.336	335.613
o_data[2439]	OUTPUT	SIGNAL	M5	57.456	335.529	57.48	335.613
o_data[243]	OUTPUT	SIGNAL	M4	335.529	147.408	335.613	147.432
o_data[2440]	OUTPUT	SIGNAL	M5	63.024	335.529	63.048	335.613
o_data[2441]	OUTPUT	SIGNAL	M5	60.432	335.529	60.456	335.613
o_data[2442]	OUTPUT	SIGNAL	M5	58.176	335.529	58.2	335.613
o_data[2443]	OUTPUT	SIGNAL	M5	60.624	335.529	60.648	335.613
o_data[2444]	OUTPUT	SIGNAL	M5	60.288	335.529	60.312	335.613
o_data[2445]	OUTPUT	SIGNAL	M5	63.84	335.529	63.864	335.613
o_data[2446]	OUTPUT	SIGNAL	M5	59.808	335.529	59.832	335.613
o_data[2447]	OUTPUT	SIGNAL	M5	62.352	335.529	62.376	335.613
o_data[2448]	OUTPUT	SIGNAL	M5	68.64	335.529	68.664	335.613
o_data[2449]	OUTPUT	SIGNAL	M5	69.36	335.529	69.384	335.613
o_data[244]	OUTPUT	SIGNAL	M4	335.529	150.144	335.613	150.168
o_data[2450]	OUTPUT	SIGNAL	M5	66.336	335.529	66.36	335.613
o_data[2451]	OUTPUT	SIGNAL	M5	69.552	335.529	69.576	335.613
o_data[2452]	OUTPUT	SIGNAL	M5	68.832	335.529	68.856	335.613
o_data[2453]	OUTPUT	SIGNAL	M5	67.248	335.529	67.272	335.613
o_data[2454]	OUTPUT	SIGNAL	M5	72.768	335.529	72.792	335.613
o_data[2455]	OUTPUT	SIGNAL	M5	73.056	335.529	73.08	335.613
o_data[2456]	OUTPUT	SIGNAL	M5	72.864	335.529	72.888	335.613
o_data[2457]	OUTPUT	SIGNAL	M5	71.568	335.529	71.592	335.613
o_data[2458]	OUTPUT	SIGNAL	M5	72.048	335.529	72.072	335.613
o_data[2459]	OUTPUT	SIGNAL	M5	74.496	335.529	74.52	335.613
o_data[245]	OUTPUT	SIGNAL	M4	335.529	149.088	335.613	149.112
o_data[2460]	OUTPUT	SIGNAL	M5	74.88	335.529	74.904	335.613
o_data[2461]	OUTPUT	SIGNAL	M5	73.92	335.529	73.944	335.613
o_data[2462]	OUTPUT	SIGNAL	M5	74.208	335.529	74.232	335.613
o_data[2463]	OUTPUT	SIGNAL	M5	73.872	335.529	73.896	335.613
o_data[2464]	OUTPUT	SIGNAL	M5	56.688	335.529	56.712	335.613
o_data[2465]	OUTPUT	SIGNAL	M5	56.784	335.529	56.808	335.613
o_data[2466]	OUTPUT	SIGNAL	M5	53.52	335.529	53.544	335.613
o_data[2467]	OUTPUT	SIGNAL	M5	54.816	335.529	54.84	335.613
o_data[2468]	OUTPUT	SIGNAL	M5	54.528	335.529	54.552	335.613
o_data[2469]	OUTPUT	SIGNAL	M5	53.472	335.529	53.496	335.613
o_data[246]	OUTPUT	SIGNAL	M4	335.529	145.536	335.613	145.56
o_data[2470]	OUTPUT	SIGNAL	M5	49.632	335.529	49.656	335.613
o_data[2471]	OUTPUT	SIGNAL	M5	55.824	335.529	55.848	335.613
o_data[2472]	OUTPUT	SIGNAL	M5	61.872	335.529	61.896	335.613
o_data[2473]	OUTPUT	SIGNAL	M5	59.952	335.529	59.976	335.613
o_data[2474]	OUTPUT	SIGNAL	M5	60.144	335.529	60.168	335.613
o_data[2475]	OUTPUT	SIGNAL	M5	59.76	335.529	59.784	335.613
o_data[2476]	OUTPUT	SIGNAL	M5	60.096	335.529	60.12	335.613
o_data[2477]	OUTPUT	SIGNAL	M5	57.072	335.529	57.096	335.613
o_data[2478]	OUTPUT	SIGNAL	M5	60.912	335.529	60.936	335.613
o_data[2479]	OUTPUT	SIGNAL	M5	63.36	335.529	63.384	335.613
o_data[247]	OUTPUT	SIGNAL	M4	335.529	145.92	335.613	145.944
o_data[2480]	OUTPUT	SIGNAL	M5	69.696	335.529	69.72	335.613
o_data[2481]	OUTPUT	SIGNAL	M5	68.016	335.529	68.04	335.613
o_data[2482]	OUTPUT	SIGNAL	M5	66.768	335.529	66.792	335.613
o_data[2483]	OUTPUT	SIGNAL	M5	68.784	335.529	68.808	335.613
o_data[2484]	OUTPUT	SIGNAL	M5	70.464	335.529	70.488	335.613
o_data[2485]	OUTPUT	SIGNAL	M5	66.384	335.529	66.408	335.613
o_data[2486]	OUTPUT	SIGNAL	M5	72.576	335.529	72.6	335.613
o_data[2487]	OUTPUT	SIGNAL	M5	73.2	335.529	73.224	335.613
o_data[2488]	OUTPUT	SIGNAL	M5	72.72	335.529	72.744	335.613
o_data[2489]	OUTPUT	SIGNAL	M5	71.52	335.529	71.544	335.613
o_data[248]	OUTPUT	SIGNAL	M4	335.529	144.576	335.613	144.6
o_data[2490]	OUTPUT	SIGNAL	M5	75.168	335.529	75.192	335.613
o_data[2491]	OUTPUT	SIGNAL	M5	74.64	335.529	74.664	335.613
o_data[2492]	OUTPUT	SIGNAL	M5	75.264	335.529	75.288	335.613
o_data[2493]	OUTPUT	SIGNAL	M5	73.632	335.529	73.656	335.613
o_data[2494]	OUTPUT	SIGNAL	M5	66.48	335.529	66.504	335.613
o_data[2495]	OUTPUT	SIGNAL	M5	69.264	335.529	69.288	335.613
o_data[2496]	OUTPUT	SIGNAL	M4	0.0	25.968	0.084	25.992
o_data[2497]	OUTPUT	SIGNAL	M4	0.0	27.456	0.084	27.48
o_data[2498]	OUTPUT	SIGNAL	M4	0.0	25.056	0.084	25.08
o_data[2499]	OUTPUT	SIGNAL	M4	0.0	26.256	0.084	26.28
o_data[249]	OUTPUT	SIGNAL	M4	335.529	144.528	335.613	144.552
o_data[24]	OUTPUT	SIGNAL	M4	335.529	165.936	335.613	165.96
o_data[2500]	OUTPUT	SIGNAL	M4	0.0	25.152	0.084	25.176
o_data[2501]	OUTPUT	SIGNAL	M4	0.0	26.496	0.084	26.52
o_data[2502]	OUTPUT	SIGNAL	M4	0.0	24.96	0.084	24.984
o_data[2503]	OUTPUT	SIGNAL	M4	0.0	23.808	0.084	23.832
o_data[2504]	OUTPUT	SIGNAL	M4	0.0	24.48	0.084	24.504
o_data[2505]	OUTPUT	SIGNAL	M4	0.0	26.352	0.084	26.376
o_data[2506]	OUTPUT	SIGNAL	M4	0.0	25.728	0.084	25.752
o_data[2507]	OUTPUT	SIGNAL	M4	0.0	24.912	0.084	24.936
o_data[2508]	OUTPUT	SIGNAL	M4	0.0	23.856	0.084	23.88
o_data[2509]	OUTPUT	SIGNAL	M4	0.0	23.568	0.084	23.592
o_data[250]	OUTPUT	SIGNAL	M4	335.529	143.328	335.613	143.352
o_data[2510]	OUTPUT	SIGNAL	M4	0.0	26.592	0.084	26.616
o_data[2511]	OUTPUT	SIGNAL	M4	0.0	25.2	0.084	25.224
o_data[2512]	OUTPUT	SIGNAL	M4	0.0	26.832	0.084	26.856
o_data[2513]	OUTPUT	SIGNAL	M4	0.0	26.928	0.084	26.952
o_data[2514]	OUTPUT	SIGNAL	M4	0.0	25.776	0.084	25.8
o_data[2515]	OUTPUT	SIGNAL	M4	0.0	26.112	0.084	26.136
o_data[2516]	OUTPUT	SIGNAL	M4	0.0	33.312	0.084	33.336
o_data[2517]	OUTPUT	SIGNAL	M4	0.0	25.824	0.084	25.848
o_data[2518]	OUTPUT	SIGNAL	M4	0.0	26.736	0.084	26.76
o_data[2519]	OUTPUT	SIGNAL	M4	0.0	26.688	0.084	26.712
o_data[251]	OUTPUT	SIGNAL	M4	335.529	145.248	335.613	145.272
o_data[2520]	OUTPUT	SIGNAL	M4	0.0	25.536	0.084	25.56
o_data[2521]	OUTPUT	SIGNAL	M4	0.0	26.448	0.084	26.472
o_data[2522]	OUTPUT	SIGNAL	M4	0.0	24.288	0.084	24.312
o_data[2523]	OUTPUT	SIGNAL	M4	0.0	26.4	0.084	26.424
o_data[2524]	OUTPUT	SIGNAL	M4	0.0	25.104	0.084	25.128
o_data[2525]	OUTPUT	SIGNAL	M4	0.0	25.68	0.084	25.704
o_data[2526]	OUTPUT	SIGNAL	M4	0.0	24.864	0.084	24.888
o_data[2527]	OUTPUT	SIGNAL	M4	0.0	23.904	0.084	23.928
o_data[2528]	OUTPUT	SIGNAL	M4	0.0	31.488	0.084	31.512
o_data[2529]	OUTPUT	SIGNAL	M4	0.0	30.96	0.084	30.984
o_data[252]	OUTPUT	SIGNAL	M4	335.529	143.76	335.613	143.784
o_data[2530]	OUTPUT	SIGNAL	M4	0.0	35.136	0.084	35.16
o_data[2531]	OUTPUT	SIGNAL	M4	0.0	35.184	0.084	35.208
o_data[2532]	OUTPUT	SIGNAL	M4	0.0	31.584	0.084	31.608
o_data[2533]	OUTPUT	SIGNAL	M4	0.0	32.304	0.084	32.328
o_data[2534]	OUTPUT	SIGNAL	M4	0.0	33.072	0.084	33.096
o_data[2535]	OUTPUT	SIGNAL	M4	0.0	34.128	0.084	34.152
o_data[2536]	OUTPUT	SIGNAL	M4	0.0	35.088	0.084	35.112
o_data[2537]	OUTPUT	SIGNAL	M4	0.0	33.504	0.084	33.528
o_data[2538]	OUTPUT	SIGNAL	M4	0.0	34.176	0.084	34.2
o_data[2539]	OUTPUT	SIGNAL	M4	0.0	34.992	0.084	35.016
o_data[253]	OUTPUT	SIGNAL	M4	335.529	143.568	335.613	143.592
o_data[2540]	OUTPUT	SIGNAL	M4	0.0	32.4	0.084	32.424
o_data[2541]	OUTPUT	SIGNAL	M4	0.0	32.976	0.084	33.0
o_data[2542]	OUTPUT	SIGNAL	M4	0.0	31.92	0.084	31.944
o_data[2543]	OUTPUT	SIGNAL	M4	0.0	33.984	0.084	34.008
o_data[2544]	OUTPUT	SIGNAL	M4	0.0	34.08	0.084	34.104
o_data[2545]	OUTPUT	SIGNAL	M4	0.0	27.696	0.084	27.72
o_data[2546]	OUTPUT	SIGNAL	M4	0.0	35.04	0.084	35.064
o_data[2547]	OUTPUT	SIGNAL	M4	0.0	37.008	0.084	37.032
o_data[2548]	OUTPUT	SIGNAL	M4	0.0	36.048	0.084	36.072
o_data[2549]	OUTPUT	SIGNAL	M4	0.0	38.016	0.084	38.04
o_data[254]	OUTPUT	SIGNAL	M4	335.529	142.464	335.613	142.488
o_data[2550]	OUTPUT	SIGNAL	M4	0.0	34.368	0.084	34.392
o_data[2551]	OUTPUT	SIGNAL	M4	0.0	37.44	0.084	37.464
o_data[2552]	OUTPUT	SIGNAL	M4	0.0	38.592	0.084	38.616
o_data[2553]	OUTPUT	SIGNAL	M4	0.0	36.0	0.084	36.024
o_data[2554]	OUTPUT	SIGNAL	M4	0.0	41.28	0.084	41.304
o_data[2555]	OUTPUT	SIGNAL	M4	0.0	39.504	0.084	39.528
o_data[2556]	OUTPUT	SIGNAL	M4	0.0	40.752	0.084	40.776
o_data[2557]	OUTPUT	SIGNAL	M4	0.0	38.448	0.084	38.472
o_data[2558]	OUTPUT	SIGNAL	M4	0.0	41.136	0.084	41.16
o_data[2559]	OUTPUT	SIGNAL	M4	0.0	28.8	0.084	28.824
o_data[255]	OUTPUT	SIGNAL	M4	335.529	140.64	335.613	140.664
o_data[2560]	OUTPUT	SIGNAL	M4	335.529	19.872	335.613	19.896
o_data[2561]	OUTPUT	SIGNAL	M4	335.529	20.736	335.613	20.76
o_data[2562]	OUTPUT	SIGNAL	M4	335.529	18.336	335.613	18.36
o_data[2563]	OUTPUT	SIGNAL	M4	335.529	19.296	335.613	19.32
o_data[2564]	OUTPUT	SIGNAL	M4	335.529	19.68	335.613	19.704
o_data[2565]	OUTPUT	SIGNAL	M4	335.529	18.624	335.613	18.648
o_data[2566]	OUTPUT	SIGNAL	M4	335.529	18.768	335.613	18.792
o_data[2567]	OUTPUT	SIGNAL	M4	335.529	17.616	335.613	17.64
o_data[2568]	OUTPUT	SIGNAL	M4	335.529	17.568	335.613	17.592
o_data[2569]	OUTPUT	SIGNAL	M4	335.529	19.824	335.613	19.848
o_data[256]	OUTPUT	SIGNAL	M4	0.0	119.52	0.084	119.544
o_data[2570]	OUTPUT	SIGNAL	M4	335.529	18.672	335.613	18.696
o_data[2571]	OUTPUT	SIGNAL	M4	335.529	17.328	335.613	17.352
o_data[2572]	OUTPUT	SIGNAL	M4	335.529	18.384	335.613	18.408
o_data[2573]	OUTPUT	SIGNAL	M4	335.529	17.04	335.613	17.064
o_data[2574]	OUTPUT	SIGNAL	M4	335.529	18.48	335.613	18.504
o_data[2575]	OUTPUT	SIGNAL	M4	335.529	22.416	335.613	22.44
o_data[2576]	OUTPUT	SIGNAL	M4	335.529	21.6	335.613	21.624
o_data[2577]	OUTPUT	SIGNAL	M4	335.529	20.448	335.613	20.472
o_data[2578]	OUTPUT	SIGNAL	M4	335.529	22.464	335.613	22.488
o_data[2579]	OUTPUT	SIGNAL	M4	335.529	19.104	335.613	19.128
o_data[257]	OUTPUT	SIGNAL	M4	0.0	119.376	0.084	119.4
o_data[2580]	OUTPUT	SIGNAL	M4	335.529	20.4	335.613	20.424
o_data[2581]	OUTPUT	SIGNAL	M4	335.529	21.12	335.613	21.144
o_data[2582]	OUTPUT	SIGNAL	M4	335.529	19.92	335.613	19.944
o_data[2583]	OUTPUT	SIGNAL	M4	335.529	18.432	335.613	18.456
o_data[2584]	OUTPUT	SIGNAL	M4	335.529	20.496	335.613	20.52
o_data[2585]	OUTPUT	SIGNAL	M5	316.368	0.0	316.392	0.084
o_data[2586]	OUTPUT	SIGNAL	M5	314.544	0.0	314.568	0.084
o_data[2587]	OUTPUT	SIGNAL	M5	315.6	0.0	315.624	0.084
o_data[2588]	OUTPUT	SIGNAL	M5	315.504	0.0	315.528	0.084
o_data[2589]	OUTPUT	SIGNAL	M5	314.496	0.0	314.52	0.084
o_data[258]	OUTPUT	SIGNAL	M4	0.0	119.76	0.084	119.784
o_data[2590]	OUTPUT	SIGNAL	M5	313.536	0.0	313.56	0.084
o_data[2591]	OUTPUT	SIGNAL	M5	313.632	0.0	313.656	0.084
o_data[2592]	OUTPUT	SIGNAL	M4	335.529	23.616	335.613	23.64
o_data[2593]	OUTPUT	SIGNAL	M4	335.529	23.28	335.613	23.304
o_data[2594]	OUTPUT	SIGNAL	M4	335.529	24.24	335.613	24.264
o_data[2595]	OUTPUT	SIGNAL	M4	335.529	25.2	335.613	25.224
o_data[2596]	OUTPUT	SIGNAL	M4	335.529	25.92	335.613	25.944
o_data[2597]	OUTPUT	SIGNAL	M4	335.529	24.672	335.613	24.696
o_data[2598]	OUTPUT	SIGNAL	M4	335.529	24.624	335.613	24.648
o_data[2599]	OUTPUT	SIGNAL	M4	335.529	25.68	335.613	25.704
o_data[259]	OUTPUT	SIGNAL	M4	0.0	118.32	0.084	118.344
o_data[25]	OUTPUT	SIGNAL	M4	335.529	166.272	335.613	166.296
o_data[2600]	OUTPUT	SIGNAL	M4	335.529	25.248	335.613	25.272
o_data[2601]	OUTPUT	SIGNAL	M4	335.529	25.056	335.613	25.08
o_data[2602]	OUTPUT	SIGNAL	M4	335.529	23.952	335.613	23.976
o_data[2603]	OUTPUT	SIGNAL	M4	335.529	23.76	335.613	23.784
o_data[2604]	OUTPUT	SIGNAL	M4	335.529	19.44	335.613	19.464
o_data[2605]	OUTPUT	SIGNAL	M4	335.529	22.704	335.613	22.728
o_data[2606]	OUTPUT	SIGNAL	M4	335.529	19.632	335.613	19.656
o_data[2607]	OUTPUT	SIGNAL	M4	335.529	23.568	335.613	23.592
o_data[2608]	OUTPUT	SIGNAL	M4	335.529	22.176	335.613	22.2
o_data[2609]	OUTPUT	SIGNAL	M4	335.529	28.176	335.613	28.2
o_data[260]	OUTPUT	SIGNAL	M4	0.0	116.928	0.084	116.952
o_data[2610]	OUTPUT	SIGNAL	M4	335.529	29.424	335.613	29.448
o_data[2611]	OUTPUT	SIGNAL	M4	335.529	30.624	335.613	30.648
o_data[2612]	OUTPUT	SIGNAL	M4	335.529	27.744	335.613	27.768
o_data[2613]	OUTPUT	SIGNAL	M4	335.529	27.984	335.613	28.008
o_data[2614]	OUTPUT	SIGNAL	M4	335.529	29.04	335.613	29.064
o_data[2615]	OUTPUT	SIGNAL	M4	335.529	29.904	335.613	29.928
o_data[2616]	OUTPUT	SIGNAL	M4	335.529	28.8	335.613	28.824
o_data[2617]	OUTPUT	SIGNAL	M4	335.529	27.792	335.613	27.816
o_data[2618]	OUTPUT	SIGNAL	M4	335.529	29.088	335.613	29.112
o_data[2619]	OUTPUT	SIGNAL	M4	335.529	27.696	335.613	27.72
o_data[261]	OUTPUT	SIGNAL	M4	0.0	117.84	0.084	117.864
o_data[2620]	OUTPUT	SIGNAL	M4	335.529	28.944	335.613	28.968
o_data[2621]	OUTPUT	SIGNAL	M4	335.529	27.6	335.613	27.624
o_data[2622]	OUTPUT	SIGNAL	M4	335.529	26.736	335.613	26.76
o_data[2623]	OUTPUT	SIGNAL	M4	335.529	25.968	335.613	25.992
o_data[2624]	OUTPUT	SIGNAL	M5	81.744	335.529	81.768	335.613
o_data[2625]	OUTPUT	SIGNAL	M5	83.856	335.529	83.88	335.613
o_data[2626]	OUTPUT	SIGNAL	M5	77.328	335.529	77.352	335.613
o_data[2627]	OUTPUT	SIGNAL	M5	84.0	335.529	84.024	335.613
o_data[2628]	OUTPUT	SIGNAL	M5	81.456	335.529	81.48	335.613
o_data[2629]	OUTPUT	SIGNAL	M5	81.36	335.529	81.384	335.613
o_data[262]	OUTPUT	SIGNAL	M4	0.0	116.64	0.084	116.664
o_data[2630]	OUTPUT	SIGNAL	M5	84.432	335.529	84.456	335.613
o_data[2631]	OUTPUT	SIGNAL	M5	84.72	335.529	84.744	335.613
o_data[2632]	OUTPUT	SIGNAL	M5	75.888	335.529	75.912	335.613
o_data[2633]	OUTPUT	SIGNAL	M5	83.136	335.529	83.16	335.613
o_data[2634]	OUTPUT	SIGNAL	M5	81.168	335.529	81.192	335.613
o_data[2635]	OUTPUT	SIGNAL	M5	84.24	335.529	84.264	335.613
o_data[2636]	OUTPUT	SIGNAL	M5	84.336	335.529	84.36	335.613
o_data[2637]	OUTPUT	SIGNAL	M5	81.408	335.529	81.432	335.613
o_data[2638]	OUTPUT	SIGNAL	M5	83.712	335.529	83.736	335.613
o_data[2639]	OUTPUT	SIGNAL	M5	81.264	335.529	81.288	335.613
o_data[263]	OUTPUT	SIGNAL	M4	0.0	117.6	0.084	117.624
o_data[2640]	OUTPUT	SIGNAL	M5	84.672	335.529	84.696	335.613
o_data[2641]	OUTPUT	SIGNAL	M5	82.944	335.529	82.968	335.613
o_data[2642]	OUTPUT	SIGNAL	M5	84.288	335.529	84.312	335.613
o_data[2643]	OUTPUT	SIGNAL	M5	78.672	335.529	78.696	335.613
o_data[2644]	OUTPUT	SIGNAL	M5	80.976	335.529	81.0	335.613
o_data[2645]	OUTPUT	SIGNAL	M5	78.816	335.529	78.84	335.613
o_data[2646]	OUTPUT	SIGNAL	M5	78.096	335.529	78.12	335.613
o_data[2647]	OUTPUT	SIGNAL	M5	78.24	335.529	78.264	335.613
o_data[2648]	OUTPUT	SIGNAL	M5	79.248	335.529	79.272	335.613
o_data[2649]	OUTPUT	SIGNAL	M5	83.04	335.529	83.064	335.613
o_data[264]	OUTPUT	SIGNAL	M4	0.0	114.0	0.084	114.024
o_data[2650]	OUTPUT	SIGNAL	M5	82.992	335.529	83.016	335.613
o_data[2651]	OUTPUT	SIGNAL	M5	83.568	335.529	83.592	335.613
o_data[2652]	OUTPUT	SIGNAL	M5	83.76	335.529	83.784	335.613
o_data[2653]	OUTPUT	SIGNAL	M5	82.128	335.529	82.152	335.613
o_data[2654]	OUTPUT	SIGNAL	M5	82.416	335.529	82.44	335.613
o_data[2655]	OUTPUT	SIGNAL	M5	85.104	335.529	85.128	335.613
o_data[2656]	OUTPUT	SIGNAL	M5	81.312	335.529	81.336	335.613
o_data[2657]	OUTPUT	SIGNAL	M5	81.024	335.529	81.048	335.613
o_data[2658]	OUTPUT	SIGNAL	M5	82.512	335.529	82.536	335.613
o_data[2659]	OUTPUT	SIGNAL	M5	82.656	335.529	82.68	335.613
o_data[265]	OUTPUT	SIGNAL	M4	0.0	113.616	0.084	113.64
o_data[2660]	OUTPUT	SIGNAL	M5	83.472	335.529	83.496	335.613
o_data[2661]	OUTPUT	SIGNAL	M5	80.208	335.529	80.232	335.613
o_data[2662]	OUTPUT	SIGNAL	M5	84.144	335.529	84.168	335.613
o_data[2663]	OUTPUT	SIGNAL	M5	77.904	335.529	77.928	335.613
o_data[2664]	OUTPUT	SIGNAL	M5	82.896	335.529	82.92	335.613
o_data[2665]	OUTPUT	SIGNAL	M5	83.184	335.529	83.208	335.613
o_data[2666]	OUTPUT	SIGNAL	M5	82.608	335.529	82.632	335.613
o_data[2667]	OUTPUT	SIGNAL	M5	82.032	335.529	82.056	335.613
o_data[2668]	OUTPUT	SIGNAL	M5	81.504	335.529	81.528	335.613
o_data[2669]	OUTPUT	SIGNAL	M5	84.096	335.529	84.12	335.613
o_data[266]	OUTPUT	SIGNAL	M4	0.0	116.112	0.084	116.136
o_data[2670]	OUTPUT	SIGNAL	M5	83.52	335.529	83.544	335.613
o_data[2671]	OUTPUT	SIGNAL	M5	80.928	335.529	80.952	335.613
o_data[2672]	OUTPUT	SIGNAL	M5	79.44	335.529	79.464	335.613
o_data[2673]	OUTPUT	SIGNAL	M5	77.568	335.529	77.592	335.613
o_data[2674]	OUTPUT	SIGNAL	M5	79.152	335.529	79.176	335.613
o_data[2675]	OUTPUT	SIGNAL	M5	78.192	335.529	78.216	335.613
o_data[2676]	OUTPUT	SIGNAL	M5	78.0	335.529	78.024	335.613
o_data[2677]	OUTPUT	SIGNAL	M5	79.056	335.529	79.08	335.613
o_data[2678]	OUTPUT	SIGNAL	M5	84.528	335.529	84.552	335.613
o_data[2679]	OUTPUT	SIGNAL	M5	80.16	335.529	80.184	335.613
o_data[267]	OUTPUT	SIGNAL	M4	0.0	113.808	0.084	113.832
o_data[2680]	OUTPUT	SIGNAL	M5	75.552	335.529	75.576	335.613
o_data[2681]	OUTPUT	SIGNAL	M5	75.648	335.529	75.672	335.613
o_data[2682]	OUTPUT	SIGNAL	M5	73.392	335.529	73.416	335.613
o_data[2683]	OUTPUT	SIGNAL	M5	75.408	335.529	75.432	335.613
o_data[2684]	OUTPUT	SIGNAL	M5	74.016	335.529	74.04	335.613
o_data[2685]	OUTPUT	SIGNAL	M5	75.36	335.529	75.384	335.613
o_data[2686]	OUTPUT	SIGNAL	M5	75.072	335.529	75.096	335.613
o_data[2687]	OUTPUT	SIGNAL	M5	75.6	335.529	75.624	335.613
o_data[2688]	OUTPUT	SIGNAL	M4	335.529	92.112	335.613	92.136
o_data[2689]	OUTPUT	SIGNAL	M4	335.529	93.072	335.613	93.096
o_data[268]	OUTPUT	SIGNAL	M4	0.0	115.152	0.084	115.176
o_data[2690]	OUTPUT	SIGNAL	M4	335.529	93.888	335.613	93.912
o_data[2691]	OUTPUT	SIGNAL	M4	335.529	92.352	335.613	92.376
o_data[2692]	OUTPUT	SIGNAL	M4	335.529	93.696	335.613	93.72
o_data[2693]	OUTPUT	SIGNAL	M4	335.529	93.168	335.613	93.192
o_data[2694]	OUTPUT	SIGNAL	M4	335.529	91.392	335.613	91.416
o_data[2695]	OUTPUT	SIGNAL	M4	335.529	92.64	335.613	92.664
o_data[2696]	OUTPUT	SIGNAL	M4	335.529	88.176	335.613	88.2
o_data[2697]	OUTPUT	SIGNAL	M4	335.529	90.24	335.613	90.264
o_data[2698]	OUTPUT	SIGNAL	M4	335.529	90.384	335.613	90.408
o_data[2699]	OUTPUT	SIGNAL	M4	335.529	90.912	335.613	90.936
o_data[269]	OUTPUT	SIGNAL	M4	0.0	116.832	0.084	116.856
o_data[26]	OUTPUT	SIGNAL	M4	335.529	165.744	335.613	165.768
o_data[2700]	OUTPUT	SIGNAL	M4	335.529	92.736	335.613	92.76
o_data[2701]	OUTPUT	SIGNAL	M4	335.529	86.544	335.613	86.568
o_data[2702]	OUTPUT	SIGNAL	M4	335.529	87.648	335.613	87.672
o_data[2703]	OUTPUT	SIGNAL	M4	335.529	86.592	335.613	86.616
o_data[2704]	OUTPUT	SIGNAL	M5	265.296	0.0	265.32	0.084
o_data[2705]	OUTPUT	SIGNAL	M5	265.248	0.0	265.272	0.084
o_data[2706]	OUTPUT	SIGNAL	M5	265.92	0.0	265.944	0.084
o_data[2707]	OUTPUT	SIGNAL	M5	265.872	0.0	265.896	0.084
o_data[2708]	OUTPUT	SIGNAL	M5	264.432	0.0	264.456	0.084
o_data[2709]	OUTPUT	SIGNAL	M5	267.312	0.0	267.336	0.084
o_data[270]	OUTPUT	SIGNAL	M4	0.0	115.776	0.084	115.8
o_data[2710]	OUTPUT	SIGNAL	M5	260.112	0.0	260.136	0.084
o_data[2711]	OUTPUT	SIGNAL	M5	264.864	0.0	264.888	0.084
o_data[2712]	OUTPUT	SIGNAL	M5	261.984	0.0	262.008	0.084
o_data[2713]	OUTPUT	SIGNAL	M5	263.712	0.0	263.736	0.084
o_data[2714]	OUTPUT	SIGNAL	M5	264.384	0.0	264.408	0.084
o_data[2715]	OUTPUT	SIGNAL	M5	265.056	0.0	265.08	0.084
o_data[2716]	OUTPUT	SIGNAL	M5	262.656	0.0	262.68	0.084
o_data[2717]	OUTPUT	SIGNAL	M5	266.688	0.0	266.712	0.084
o_data[2718]	OUTPUT	SIGNAL	M5	260.496	0.0	260.52	0.084
o_data[2719]	OUTPUT	SIGNAL	M5	258.48	0.0	258.504	0.084
o_data[271]	OUTPUT	SIGNAL	M4	0.0	119.184	0.084	119.208
o_data[2720]	OUTPUT	SIGNAL	M4	335.529	94.08	335.613	94.104
o_data[2721]	OUTPUT	SIGNAL	M4	335.529	94.608	335.613	94.632
o_data[2722]	OUTPUT	SIGNAL	M4	335.529	97.056	335.613	97.08
o_data[2723]	OUTPUT	SIGNAL	M4	335.529	95.904	335.613	95.928
o_data[2724]	OUTPUT	SIGNAL	M4	335.529	96.576	335.613	96.6
o_data[2725]	OUTPUT	SIGNAL	M4	335.529	95.424	335.613	95.448
o_data[2726]	OUTPUT	SIGNAL	M4	335.529	94.128	335.613	94.152
o_data[2727]	OUTPUT	SIGNAL	M4	335.529	92.784	335.613	92.808
o_data[2728]	OUTPUT	SIGNAL	M4	335.529	90.432	335.613	90.456
o_data[2729]	OUTPUT	SIGNAL	M4	335.529	94.032	335.613	94.056
o_data[272]	OUTPUT	SIGNAL	M4	0.0	118.704	0.084	118.728
o_data[2730]	OUTPUT	SIGNAL	M4	335.529	93.12	335.613	93.144
o_data[2731]	OUTPUT	SIGNAL	M4	335.529	92.208	335.613	92.232
o_data[2732]	OUTPUT	SIGNAL	M4	335.529	95.184	335.613	95.208
o_data[2733]	OUTPUT	SIGNAL	M4	335.529	87.6	335.613	87.624
o_data[2734]	OUTPUT	SIGNAL	M4	335.529	89.232	335.613	89.256
o_data[2735]	OUTPUT	SIGNAL	M4	335.529	87.936	335.613	87.96
o_data[2736]	OUTPUT	SIGNAL	M5	264.96	0.0	264.984	0.084
o_data[2737]	OUTPUT	SIGNAL	M5	263.856	0.0	263.88	0.084
o_data[2738]	OUTPUT	SIGNAL	M5	265.776	0.0	265.8	0.084
o_data[2739]	OUTPUT	SIGNAL	M5	265.392	0.0	265.416	0.084
o_data[273]	OUTPUT	SIGNAL	M4	0.0	122.352	0.084	122.376
o_data[2740]	OUTPUT	SIGNAL	M5	263.952	0.0	263.976	0.084
o_data[2741]	OUTPUT	SIGNAL	M5	268.08	0.0	268.104	0.084
o_data[2742]	OUTPUT	SIGNAL	M5	260.64	0.0	260.664	0.084
o_data[2743]	OUTPUT	SIGNAL	M5	263.904	0.0	263.928	0.084
o_data[2744]	OUTPUT	SIGNAL	M5	262.512	0.0	262.536	0.084
o_data[2745]	OUTPUT	SIGNAL	M5	265.68	0.0	265.704	0.084
o_data[2746]	OUTPUT	SIGNAL	M5	264.24	0.0	264.264	0.084
o_data[2747]	OUTPUT	SIGNAL	M5	265.104	0.0	265.128	0.084
o_data[2748]	OUTPUT	SIGNAL	M5	262.416	0.0	262.44	0.084
o_data[2749]	OUTPUT	SIGNAL	M5	263.616	0.0	263.64	0.084
o_data[274]	OUTPUT	SIGNAL	M4	0.0	119.568	0.084	119.592
o_data[2750]	OUTPUT	SIGNAL	M5	261.312	0.0	261.336	0.084
o_data[2751]	OUTPUT	SIGNAL	M5	258.624	0.0	258.648	0.084
o_data[2752]	OUTPUT	SIGNAL	M4	0.0	200.832	0.084	200.856
o_data[2753]	OUTPUT	SIGNAL	M4	0.0	203.184	0.084	203.208
o_data[2754]	OUTPUT	SIGNAL	M4	0.0	207.36	0.084	207.384
o_data[2755]	OUTPUT	SIGNAL	M4	0.0	205.968	0.084	205.992
o_data[2756]	OUTPUT	SIGNAL	M4	0.0	206.688	0.084	206.712
o_data[2757]	OUTPUT	SIGNAL	M4	0.0	201.6	0.084	201.624
o_data[2758]	OUTPUT	SIGNAL	M4	0.0	200.928	0.084	200.952
o_data[2759]	OUTPUT	SIGNAL	M4	0.0	200.976	0.084	201.0
o_data[275]	OUTPUT	SIGNAL	M4	0.0	119.136	0.084	119.16
o_data[2760]	OUTPUT	SIGNAL	M4	0.0	186.192	0.084	186.216
o_data[2761]	OUTPUT	SIGNAL	M4	0.0	188.64	0.084	188.664
o_data[2762]	OUTPUT	SIGNAL	M4	0.0	190.08	0.084	190.104
o_data[2763]	OUTPUT	SIGNAL	M4	0.0	187.008	0.084	187.032
o_data[2764]	OUTPUT	SIGNAL	M4	0.0	186.672	0.084	186.696
o_data[2765]	OUTPUT	SIGNAL	M4	0.0	184.224	0.084	184.248
o_data[2766]	OUTPUT	SIGNAL	M4	0.0	183.6	0.084	183.624
o_data[2767]	OUTPUT	SIGNAL	M4	0.0	182.208	0.084	182.232
o_data[2768]	OUTPUT	SIGNAL	M4	0.0	177.456	0.084	177.48
o_data[2769]	OUTPUT	SIGNAL	M4	0.0	176.592	0.084	176.616
o_data[276]	OUTPUT	SIGNAL	M4	0.0	121.2	0.084	121.224
o_data[2770]	OUTPUT	SIGNAL	M4	0.0	179.712	0.084	179.736
o_data[2771]	OUTPUT	SIGNAL	M4	0.0	180.336	0.084	180.36
o_data[2772]	OUTPUT	SIGNAL	M4	0.0	183.36	0.084	183.384
o_data[2773]	OUTPUT	SIGNAL	M4	0.0	181.824	0.084	181.848
o_data[2774]	OUTPUT	SIGNAL	M4	0.0	182.256	0.084	182.28
o_data[2775]	OUTPUT	SIGNAL	M4	0.0	181.968	0.084	181.992
o_data[2776]	OUTPUT	SIGNAL	M4	0.0	183.408	0.084	183.432
o_data[2777]	OUTPUT	SIGNAL	M4	0.0	182.4	0.084	182.424
o_data[2778]	OUTPUT	SIGNAL	M4	0.0	183.264	0.084	183.288
o_data[2779]	OUTPUT	SIGNAL	M4	0.0	184.416	0.084	184.44
o_data[277]	OUTPUT	SIGNAL	M4	0.0	121.344	0.084	121.368
o_data[2780]	OUTPUT	SIGNAL	M4	0.0	181.92	0.084	181.944
o_data[2781]	OUTPUT	SIGNAL	M4	0.0	161.856	0.084	161.88
o_data[2782]	OUTPUT	SIGNAL	M4	0.0	182.496	0.084	182.52
o_data[2783]	OUTPUT	SIGNAL	M4	0.0	161.28	0.084	161.304
o_data[2784]	OUTPUT	SIGNAL	M4	0.0	189.696	0.084	189.72
o_data[2785]	OUTPUT	SIGNAL	M4	0.0	202.8	0.084	202.824
o_data[2786]	OUTPUT	SIGNAL	M4	0.0	210.432	0.084	210.456
o_data[2787]	OUTPUT	SIGNAL	M4	0.0	210.096	0.084	210.12
o_data[2788]	OUTPUT	SIGNAL	M4	0.0	210.144	0.084	210.168
o_data[2789]	OUTPUT	SIGNAL	M4	0.0	190.608	0.084	190.632
o_data[278]	OUTPUT	SIGNAL	M4	0.0	123.312	0.084	123.336
o_data[2790]	OUTPUT	SIGNAL	M4	0.0	187.872	0.084	187.896
o_data[2791]	OUTPUT	SIGNAL	M4	0.0	189.312	0.084	189.336
o_data[2792]	OUTPUT	SIGNAL	M4	0.0	186.24	0.084	186.264
o_data[2793]	OUTPUT	SIGNAL	M4	0.0	189.12	0.084	189.144
o_data[2794]	OUTPUT	SIGNAL	M4	0.0	189.84	0.084	189.864
o_data[2795]	OUTPUT	SIGNAL	M4	0.0	187.632	0.084	187.656
o_data[2796]	OUTPUT	SIGNAL	M4	0.0	185.28	0.084	185.304
o_data[2797]	OUTPUT	SIGNAL	M4	0.0	184.656	0.084	184.68
o_data[2798]	OUTPUT	SIGNAL	M4	0.0	184.08	0.084	184.104
o_data[2799]	OUTPUT	SIGNAL	M4	0.0	183.072	0.084	183.096
o_data[279]	OUTPUT	SIGNAL	M4	0.0	122.688	0.084	122.712
o_data[27]	OUTPUT	SIGNAL	M4	335.529	167.184	335.613	167.208
o_data[2800]	OUTPUT	SIGNAL	M4	0.0	182.448	0.084	182.472
o_data[2801]	OUTPUT	SIGNAL	M4	0.0	182.064	0.084	182.088
o_data[2802]	OUTPUT	SIGNAL	M4	0.0	183.312	0.084	183.336
o_data[2803]	OUTPUT	SIGNAL	M4	0.0	181.536	0.084	181.56
o_data[2804]	OUTPUT	SIGNAL	M4	0.0	182.784	0.084	182.808
o_data[2805]	OUTPUT	SIGNAL	M4	0.0	182.88	0.084	182.904
o_data[2806]	OUTPUT	SIGNAL	M4	0.0	183.648	0.084	183.672
o_data[2807]	OUTPUT	SIGNAL	M4	0.0	182.544	0.084	182.568
o_data[2808]	OUTPUT	SIGNAL	M4	0.0	182.928	0.084	182.952
o_data[2809]	OUTPUT	SIGNAL	M4	0.0	182.976	0.084	183.0
o_data[280]	OUTPUT	SIGNAL	M4	0.0	124.416	0.084	124.44
o_data[2810]	OUTPUT	SIGNAL	M4	0.0	183.984	0.084	184.008
o_data[2811]	OUTPUT	SIGNAL	M4	0.0	182.16	0.084	182.184
o_data[2812]	OUTPUT	SIGNAL	M4	0.0	183.936	0.084	183.96
o_data[2813]	OUTPUT	SIGNAL	M4	0.0	182.592	0.084	182.616
o_data[2814]	OUTPUT	SIGNAL	M4	0.0	159.936	0.084	159.96
o_data[2815]	OUTPUT	SIGNAL	M4	0.0	161.328	0.084	161.352
o_data[2816]	OUTPUT	SIGNAL	M4	0.0	245.472	0.084	245.496
o_data[2817]	OUTPUT	SIGNAL	M4	0.0	243.072	0.084	243.096
o_data[2818]	OUTPUT	SIGNAL	M4	0.0	243.888	0.084	243.912
o_data[2819]	OUTPUT	SIGNAL	M4	0.0	246.624	0.084	246.648
o_data[281]	OUTPUT	SIGNAL	M4	0.0	126.0	0.084	126.024
o_data[2820]	OUTPUT	SIGNAL	M4	0.0	246.048	0.084	246.072
o_data[2821]	OUTPUT	SIGNAL	M4	0.0	244.896	0.084	244.92
o_data[2822]	OUTPUT	SIGNAL	M4	0.0	244.368	0.084	244.392
o_data[2823]	OUTPUT	SIGNAL	M4	0.0	244.56	0.084	244.584
o_data[2824]	OUTPUT	SIGNAL	M4	0.0	242.496	0.084	242.52
o_data[2825]	OUTPUT	SIGNAL	M4	0.0	240.72	0.084	240.744
o_data[2826]	OUTPUT	SIGNAL	M4	0.0	240.48	0.084	240.504
o_data[2827]	OUTPUT	SIGNAL	M4	0.0	240.0	0.084	240.024
o_data[2828]	OUTPUT	SIGNAL	M4	0.0	243.312	0.084	243.336
o_data[2829]	OUTPUT	SIGNAL	M4	0.0	244.512	0.084	244.536
o_data[282]	OUTPUT	SIGNAL	M4	0.0	125.136	0.084	125.16
o_data[2830]	OUTPUT	SIGNAL	M4	0.0	243.504	0.084	243.528
o_data[2831]	OUTPUT	SIGNAL	M4	0.0	240.768	0.084	240.792
o_data[2832]	OUTPUT	SIGNAL	M4	0.0	238.992	0.084	239.016
o_data[2833]	OUTPUT	SIGNAL	M4	0.0	239.04	0.084	239.064
o_data[2834]	OUTPUT	SIGNAL	M4	0.0	239.904	0.084	239.928
o_data[2835]	OUTPUT	SIGNAL	M4	0.0	237.744	0.084	237.768
o_data[2836]	OUTPUT	SIGNAL	M4	0.0	237.6	0.084	237.624
o_data[2837]	OUTPUT	SIGNAL	M4	0.0	238.08	0.084	238.104
o_data[2838]	OUTPUT	SIGNAL	M4	0.0	235.008	0.084	235.032
o_data[2839]	OUTPUT	SIGNAL	M4	0.0	233.616	0.084	233.64
o_data[283]	OUTPUT	SIGNAL	M4	0.0	126.672	0.084	126.696
o_data[2840]	OUTPUT	SIGNAL	M4	0.0	236.688	0.084	236.712
o_data[2841]	OUTPUT	SIGNAL	M4	0.0	237.072	0.084	237.096
o_data[2842]	OUTPUT	SIGNAL	M4	0.0	236.352	0.084	236.376
o_data[2843]	OUTPUT	SIGNAL	M4	0.0	232.992	0.084	233.016
o_data[2844]	OUTPUT	SIGNAL	M4	0.0	236.544	0.084	236.568
o_data[2845]	OUTPUT	SIGNAL	M4	0.0	235.2	0.084	235.224
o_data[2846]	OUTPUT	SIGNAL	M4	0.0	233.904	0.084	233.928
o_data[2847]	OUTPUT	SIGNAL	M4	0.0	235.776	0.084	235.8
o_data[2848]	OUTPUT	SIGNAL	M4	0.0	248.784	0.084	248.808
o_data[2849]	OUTPUT	SIGNAL	M4	0.0	249.552	0.084	249.576
o_data[284]	OUTPUT	SIGNAL	M4	0.0	127.536	0.084	127.56
o_data[2850]	OUTPUT	SIGNAL	M4	0.0	250.656	0.084	250.68
o_data[2851]	OUTPUT	SIGNAL	M4	0.0	251.616	0.084	251.64
o_data[2852]	OUTPUT	SIGNAL	M4	0.0	249.648	0.084	249.672
o_data[2853]	OUTPUT	SIGNAL	M4	0.0	251.328	0.084	251.352
o_data[2854]	OUTPUT	SIGNAL	M4	0.0	250.224	0.084	250.248
o_data[2855]	OUTPUT	SIGNAL	M4	0.0	249.84	0.084	249.864
o_data[2856]	OUTPUT	SIGNAL	M4	0.0	245.616	0.084	245.64
o_data[2857]	OUTPUT	SIGNAL	M4	0.0	247.104	0.084	247.128
o_data[2858]	OUTPUT	SIGNAL	M4	0.0	246.864	0.084	246.888
o_data[2859]	OUTPUT	SIGNAL	M4	0.0	246.336	0.084	246.36
o_data[285]	OUTPUT	SIGNAL	M4	0.0	127.968	0.084	127.992
o_data[2860]	OUTPUT	SIGNAL	M4	0.0	241.728	0.084	241.752
o_data[2861]	OUTPUT	SIGNAL	M4	0.0	244.848	0.084	244.872
o_data[2862]	OUTPUT	SIGNAL	M4	0.0	246.384	0.084	246.408
o_data[2863]	OUTPUT	SIGNAL	M4	0.0	242.112	0.084	242.136
o_data[2864]	OUTPUT	SIGNAL	M4	0.0	240.096	0.084	240.12
o_data[2865]	OUTPUT	SIGNAL	M4	0.0	240.336	0.084	240.36
o_data[2866]	OUTPUT	SIGNAL	M4	0.0	239.328	0.084	239.352
o_data[2867]	OUTPUT	SIGNAL	M4	0.0	238.32	0.084	238.344
o_data[2868]	OUTPUT	SIGNAL	M4	0.0	237.264	0.084	237.288
o_data[2869]	OUTPUT	SIGNAL	M4	0.0	237.696	0.084	237.72
o_data[286]	OUTPUT	SIGNAL	M4	0.0	129.792	0.084	129.816
o_data[2870]	OUTPUT	SIGNAL	M4	0.0	236.16	0.084	236.184
o_data[2871]	OUTPUT	SIGNAL	M4	0.0	233.856	0.084	233.88
o_data[2872]	OUTPUT	SIGNAL	M4	0.0	235.536	0.084	235.56
o_data[2873]	OUTPUT	SIGNAL	M4	0.0	236.496	0.084	236.52
o_data[2874]	OUTPUT	SIGNAL	M4	0.0	229.728	0.084	229.752
o_data[2875]	OUTPUT	SIGNAL	M4	0.0	231.072	0.084	231.096
o_data[2876]	OUTPUT	SIGNAL	M4	0.0	233.472	0.084	233.496
o_data[2877]	OUTPUT	SIGNAL	M4	0.0	232.512	0.084	232.536
o_data[2878]	OUTPUT	SIGNAL	M4	0.0	231.264	0.084	231.288
o_data[2879]	OUTPUT	SIGNAL	M4	0.0	234.912	0.084	234.936
o_data[287]	OUTPUT	SIGNAL	M4	0.0	129.264	0.084	129.288
o_data[2880]	OUTPUT	SIGNAL	M5	86.16	0.0	86.184	0.084
o_data[2881]	OUTPUT	SIGNAL	M5	85.92	0.0	85.944	0.084
o_data[2882]	OUTPUT	SIGNAL	M5	86.064	0.0	86.088	0.084
o_data[2883]	OUTPUT	SIGNAL	M5	85.776	0.0	85.8	0.084
o_data[2884]	OUTPUT	SIGNAL	M5	86.208	0.0	86.232	0.084
o_data[2885]	OUTPUT	SIGNAL	M5	86.256	0.0	86.28	0.084
o_data[2886]	OUTPUT	SIGNAL	M5	86.544	0.0	86.568	0.084
o_data[2887]	OUTPUT	SIGNAL	M5	86.496	0.0	86.52	0.084
o_data[2888]	OUTPUT	SIGNAL	M5	85.008	0.0	85.032	0.084
o_data[2889]	OUTPUT	SIGNAL	M5	85.584	0.0	85.608	0.084
o_data[288]	OUTPUT	SIGNAL	M4	0.0	118.56	0.084	118.584
o_data[2890]	OUTPUT	SIGNAL	M5	85.488	0.0	85.512	0.084
o_data[2891]	OUTPUT	SIGNAL	M5	84.48	0.0	84.504	0.084
o_data[2892]	OUTPUT	SIGNAL	M5	85.248	0.0	85.272	0.084
o_data[2893]	OUTPUT	SIGNAL	M5	84.816	0.0	84.84	0.084
o_data[2894]	OUTPUT	SIGNAL	M5	84.528	0.0	84.552	0.084
o_data[2895]	OUTPUT	SIGNAL	M5	84.192	0.0	84.216	0.084
o_data[2896]	OUTPUT	SIGNAL	M5	83.28	0.0	83.304	0.084
o_data[2897]	OUTPUT	SIGNAL	M5	82.848	0.0	82.872	0.084
o_data[2898]	OUTPUT	SIGNAL	M5	83.088	0.0	83.112	0.084
o_data[2899]	OUTPUT	SIGNAL	M5	82.992	0.0	83.016	0.084
o_data[289]	OUTPUT	SIGNAL	M4	0.0	118.848	0.084	118.872
o_data[28]	OUTPUT	SIGNAL	M4	335.529	172.224	335.613	172.248
o_data[2900]	OUTPUT	SIGNAL	M5	81.744	0.0	81.768	0.084
o_data[2901]	OUTPUT	SIGNAL	M5	80.64	0.0	80.664	0.084
o_data[2902]	OUTPUT	SIGNAL	M5	81.12	0.0	81.144	0.084
o_data[2903]	OUTPUT	SIGNAL	M5	81.648	0.0	81.672	0.084
o_data[2904]	OUTPUT	SIGNAL	M5	80.592	0.0	80.616	0.084
o_data[2905]	OUTPUT	SIGNAL	M5	82.8	0.0	82.824	0.084
o_data[2906]	OUTPUT	SIGNAL	M5	81.168	0.0	81.192	0.084
o_data[2907]	OUTPUT	SIGNAL	M5	82.368	0.0	82.392	0.084
o_data[2908]	OUTPUT	SIGNAL	M5	80.16	0.0	80.184	0.084
o_data[2909]	OUTPUT	SIGNAL	M5	80.256	0.0	80.28	0.084
o_data[290]	OUTPUT	SIGNAL	M4	0.0	111.264	0.084	111.288
o_data[2910]	OUTPUT	SIGNAL	M5	79.968	0.0	79.992	0.084
o_data[2911]	OUTPUT	SIGNAL	M5	79.104	0.0	79.128	0.084
o_data[2912]	OUTPUT	SIGNAL	M5	85.968	0.0	85.992	0.084
o_data[2913]	OUTPUT	SIGNAL	M5	85.68	0.0	85.704	0.084
o_data[2914]	OUTPUT	SIGNAL	M5	85.296	0.0	85.32	0.084
o_data[2915]	OUTPUT	SIGNAL	M5	85.056	0.0	85.08	0.084
o_data[2916]	OUTPUT	SIGNAL	M5	85.824	0.0	85.848	0.084
o_data[2917]	OUTPUT	SIGNAL	M5	85.872	0.0	85.896	0.084
o_data[2918]	OUTPUT	SIGNAL	M5	86.112	0.0	86.136	0.084
o_data[2919]	OUTPUT	SIGNAL	M5	86.016	0.0	86.04	0.084
o_data[291]	OUTPUT	SIGNAL	M4	0.0	112.608	0.084	112.632
o_data[2920]	OUTPUT	SIGNAL	M5	84.288	0.0	84.312	0.084
o_data[2921]	OUTPUT	SIGNAL	M5	84.672	0.0	84.696	0.084
o_data[2922]	OUTPUT	SIGNAL	M5	84.384	0.0	84.408	0.084
o_data[2923]	OUTPUT	SIGNAL	M5	84.336	0.0	84.36	0.084
o_data[2924]	OUTPUT	SIGNAL	M5	84.96	0.0	84.984	0.084
o_data[2925]	OUTPUT	SIGNAL	M5	84.24	0.0	84.264	0.084
o_data[2926]	OUTPUT	SIGNAL	M5	84.0	0.0	84.024	0.084
o_data[2927]	OUTPUT	SIGNAL	M5	84.624	0.0	84.648	0.084
o_data[2928]	OUTPUT	SIGNAL	M5	82.896	0.0	82.92	0.084
o_data[2929]	OUTPUT	SIGNAL	M5	82.656	0.0	82.68	0.084
o_data[292]	OUTPUT	SIGNAL	M4	0.0	111.888	0.084	111.912
o_data[2930]	OUTPUT	SIGNAL	M5	84.096	0.0	84.12	0.084
o_data[2931]	OUTPUT	SIGNAL	M5	82.128	0.0	82.152	0.084
o_data[2932]	OUTPUT	SIGNAL	M5	82.272	0.0	82.296	0.084
o_data[2933]	OUTPUT	SIGNAL	M5	80.736	0.0	80.76	0.084
o_data[2934]	OUTPUT	SIGNAL	M5	79.776	0.0	79.8	0.084
o_data[2935]	OUTPUT	SIGNAL	M5	80.496	0.0	80.52	0.084
o_data[2936]	OUTPUT	SIGNAL	M5	79.44	0.0	79.464	0.084
o_data[2937]	OUTPUT	SIGNAL	M5	80.448	0.0	80.472	0.084
o_data[2938]	OUTPUT	SIGNAL	M5	79.344	0.0	79.368	0.084
o_data[2939]	OUTPUT	SIGNAL	M5	80.4	0.0	80.424	0.084
o_data[293]	OUTPUT	SIGNAL	M4	0.0	112.512	0.084	112.536
o_data[2940]	OUTPUT	SIGNAL	M5	79.392	0.0	79.416	0.084
o_data[2941]	OUTPUT	SIGNAL	M5	79.488	0.0	79.512	0.084
o_data[2942]	OUTPUT	SIGNAL	M5	79.248	0.0	79.272	0.084
o_data[2943]	OUTPUT	SIGNAL	M5	79.056	0.0	79.08	0.084
o_data[2944]	OUTPUT	SIGNAL	M4	0.0	241.872	0.084	241.896
o_data[2945]	OUTPUT	SIGNAL	M4	0.0	245.232	0.084	245.256
o_data[2946]	OUTPUT	SIGNAL	M4	0.0	247.152	0.084	247.176
o_data[2947]	OUTPUT	SIGNAL	M4	0.0	245.28	0.084	245.304
o_data[2948]	OUTPUT	SIGNAL	M4	0.0	246.816	0.084	246.84
o_data[2949]	OUTPUT	SIGNAL	M4	0.0	242.736	0.084	242.76
o_data[294]	OUTPUT	SIGNAL	M4	0.0	112.56	0.084	112.584
o_data[2950]	OUTPUT	SIGNAL	M4	0.0	246.768	0.084	246.792
o_data[2951]	OUTPUT	SIGNAL	M4	0.0	246.192	0.084	246.216
o_data[2952]	OUTPUT	SIGNAL	M4	0.0	245.76	0.084	245.784
o_data[2953]	OUTPUT	SIGNAL	M4	0.0	246.48	0.084	246.504
o_data[2954]	OUTPUT	SIGNAL	M4	0.0	245.328	0.084	245.352
o_data[2955]	OUTPUT	SIGNAL	M4	0.0	245.136	0.084	245.16
o_data[2956]	OUTPUT	SIGNAL	M4	0.0	247.056	0.084	247.08
o_data[2957]	OUTPUT	SIGNAL	M4	0.0	245.52	0.084	245.544
o_data[2958]	OUTPUT	SIGNAL	M4	0.0	245.808	0.084	245.832
o_data[2959]	OUTPUT	SIGNAL	M4	0.0	244.464	0.084	244.488
o_data[295]	OUTPUT	SIGNAL	M4	0.0	112.704	0.084	112.728
o_data[2960]	OUTPUT	SIGNAL	M4	0.0	240.624	0.084	240.648
o_data[2961]	OUTPUT	SIGNAL	M4	0.0	241.2	0.084	241.224
o_data[2962]	OUTPUT	SIGNAL	M4	0.0	243.744	0.084	243.768
o_data[2963]	OUTPUT	SIGNAL	M4	0.0	246.96	0.084	246.984
o_data[2964]	OUTPUT	SIGNAL	M4	0.0	248.688	0.084	248.712
o_data[2965]	OUTPUT	SIGNAL	M4	0.0	245.856	0.084	245.88
o_data[2966]	OUTPUT	SIGNAL	M4	0.0	245.376	0.084	245.4
o_data[2967]	OUTPUT	SIGNAL	M4	0.0	243.408	0.084	243.432
o_data[2968]	OUTPUT	SIGNAL	M4	0.0	245.952	0.084	245.976
o_data[2969]	OUTPUT	SIGNAL	M4	0.0	246.24	0.084	246.264
o_data[296]	OUTPUT	SIGNAL	M4	0.0	111.936	0.084	111.96
o_data[2970]	OUTPUT	SIGNAL	M4	0.0	242.832	0.084	242.856
o_data[2971]	OUTPUT	SIGNAL	M4	0.0	245.712	0.084	245.736
o_data[2972]	OUTPUT	SIGNAL	M4	0.0	248.64	0.084	248.664
o_data[2973]	OUTPUT	SIGNAL	M4	0.0	248.736	0.084	248.76
o_data[2974]	OUTPUT	SIGNAL	M4	0.0	245.664	0.084	245.688
o_data[2975]	OUTPUT	SIGNAL	M4	0.0	243.6	0.084	243.624
o_data[2976]	OUTPUT	SIGNAL	M4	0.0	247.584	0.084	247.608
o_data[2977]	OUTPUT	SIGNAL	M4	0.0	248.016	0.084	248.04
o_data[2978]	OUTPUT	SIGNAL	M4	0.0	251.712	0.084	251.736
o_data[2979]	OUTPUT	SIGNAL	M4	0.0	248.544	0.084	248.568
o_data[297]	OUTPUT	SIGNAL	M4	0.0	111.408	0.084	111.432
o_data[2980]	OUTPUT	SIGNAL	M4	0.0	246.672	0.084	246.696
o_data[2981]	OUTPUT	SIGNAL	M4	0.0	252.24	0.084	252.264
o_data[2982]	OUTPUT	SIGNAL	M4	0.0	248.256	0.084	248.28
o_data[2983]	OUTPUT	SIGNAL	M4	0.0	252.192	0.084	252.216
o_data[2984]	OUTPUT	SIGNAL	M4	0.0	251.088	0.084	251.112
o_data[2985]	OUTPUT	SIGNAL	M4	0.0	251.472	0.084	251.496
o_data[2986]	OUTPUT	SIGNAL	M4	0.0	248.112	0.084	248.136
o_data[2987]	OUTPUT	SIGNAL	M4	0.0	251.184	0.084	251.208
o_data[2988]	OUTPUT	SIGNAL	M4	0.0	251.28	0.084	251.304
o_data[2989]	OUTPUT	SIGNAL	M4	0.0	248.16	0.084	248.184
o_data[298]	OUTPUT	SIGNAL	M4	0.0	110.976	0.084	111.0
o_data[2990]	OUTPUT	SIGNAL	M4	0.0	250.368	0.084	250.392
o_data[2991]	OUTPUT	SIGNAL	M4	0.0	252.096	0.084	252.12
o_data[2992]	OUTPUT	SIGNAL	M4	0.0	241.488	0.084	241.512
o_data[2993]	OUTPUT	SIGNAL	M4	0.0	244.272	0.084	244.296
o_data[2994]	OUTPUT	SIGNAL	M4	0.0	249.024	0.084	249.048
o_data[2995]	OUTPUT	SIGNAL	M4	0.0	250.416	0.084	250.44
o_data[2996]	OUTPUT	SIGNAL	M4	0.0	249.456	0.084	249.48
o_data[2997]	OUTPUT	SIGNAL	M4	0.0	249.168	0.084	249.192
o_data[2998]	OUTPUT	SIGNAL	M4	0.0	244.704	0.084	244.728
o_data[2999]	OUTPUT	SIGNAL	M4	0.0	244.752	0.084	244.776
o_data[299]	OUTPUT	SIGNAL	M4	0.0	111.072	0.084	111.096
o_data[29]	OUTPUT	SIGNAL	M4	335.529	178.56	335.613	178.584
o_data[2]	OUTPUT	SIGNAL	M4	335.529	204.48	335.613	204.504
o_data[3000]	OUTPUT	SIGNAL	M4	0.0	249.408	0.084	249.432
o_data[3001]	OUTPUT	SIGNAL	M4	0.0	248.832	0.084	248.856
o_data[3002]	OUTPUT	SIGNAL	M4	0.0	250.08	0.084	250.104
o_data[3003]	OUTPUT	SIGNAL	M4	0.0	249.696	0.084	249.72
o_data[3004]	OUTPUT	SIGNAL	M4	0.0	248.976	0.084	249.0
o_data[3005]	OUTPUT	SIGNAL	M4	0.0	249.6	0.084	249.624
o_data[3006]	OUTPUT	SIGNAL	M4	0.0	249.792	0.084	249.816
o_data[3007]	OUTPUT	SIGNAL	M4	0.0	244.8	0.084	244.824
o_data[3008]	OUTPUT	SIGNAL	M5	193.392	0.0	193.416	0.084
o_data[3009]	OUTPUT	SIGNAL	M5	193.488	0.0	193.512	0.084
o_data[300]	OUTPUT	SIGNAL	M4	0.0	112.752	0.084	112.776
o_data[3010]	OUTPUT	SIGNAL	M5	200.736	0.0	200.76	0.084
o_data[3011]	OUTPUT	SIGNAL	M5	192.816	0.0	192.84	0.084
o_data[3012]	OUTPUT	SIGNAL	M5	78.192	0.0	78.216	0.084
o_data[3013]	OUTPUT	SIGNAL	M5	193.968	0.0	193.992	0.084
o_data[3014]	OUTPUT	SIGNAL	M5	78.24	0.0	78.264	0.084
o_data[3015]	OUTPUT	SIGNAL	M5	201.36	0.0	201.384	0.084
o_data[3016]	OUTPUT	SIGNAL	M5	77.568	0.0	77.592	0.084
o_data[3017]	OUTPUT	SIGNAL	M5	77.52	0.0	77.544	0.084
o_data[3018]	OUTPUT	SIGNAL	M5	77.616	0.0	77.64	0.084
o_data[3019]	OUTPUT	SIGNAL	M5	78.432	0.0	78.456	0.084
o_data[301]	OUTPUT	SIGNAL	M4	0.0	113.472	0.084	113.496
o_data[3020]	OUTPUT	SIGNAL	M5	78.48	0.0	78.504	0.084
o_data[3021]	OUTPUT	SIGNAL	M5	78.336	0.0	78.36	0.084
o_data[3022]	OUTPUT	SIGNAL	M5	78.672	0.0	78.696	0.084
o_data[3023]	OUTPUT	SIGNAL	M5	79.728	0.0	79.752	0.084
o_data[3024]	OUTPUT	SIGNAL	M5	78.72	0.0	78.744	0.084
o_data[3025]	OUTPUT	SIGNAL	M5	79.008	0.0	79.032	0.084
o_data[3026]	OUTPUT	SIGNAL	M5	78.816	0.0	78.84	0.084
o_data[3027]	OUTPUT	SIGNAL	M5	68.016	0.0	68.04	0.084
o_data[3028]	OUTPUT	SIGNAL	M5	69.024	0.0	69.048	0.084
o_data[3029]	OUTPUT	SIGNAL	M5	68.256	0.0	68.28	0.084
o_data[302]	OUTPUT	SIGNAL	M4	0.0	112.896	0.084	112.92
o_data[3030]	OUTPUT	SIGNAL	M5	68.064	0.0	68.088	0.084
o_data[3031]	OUTPUT	SIGNAL	M5	69.312	0.0	69.336	0.084
o_data[3032]	OUTPUT	SIGNAL	M5	69.12	0.0	69.144	0.084
o_data[3033]	OUTPUT	SIGNAL	M5	68.688	0.0	68.712	0.084
o_data[3034]	OUTPUT	SIGNAL	M5	71.472	0.0	71.496	0.084
o_data[3035]	OUTPUT	SIGNAL	M5	68.976	0.0	69.0	0.084
o_data[3036]	OUTPUT	SIGNAL	M5	70.128	0.0	70.152	0.084
o_data[3037]	OUTPUT	SIGNAL	M5	71.52	0.0	71.544	0.084
o_data[3038]	OUTPUT	SIGNAL	M5	70.704	0.0	70.728	0.084
o_data[3039]	OUTPUT	SIGNAL	M5	68.784	0.0	68.808	0.084
o_data[303]	OUTPUT	SIGNAL	M4	0.0	118.032	0.084	118.056
o_data[3040]	OUTPUT	SIGNAL	M5	193.728	0.0	193.752	0.084
o_data[3041]	OUTPUT	SIGNAL	M5	192.96	0.0	192.984	0.084
o_data[3042]	OUTPUT	SIGNAL	M4	0.0	80.112	0.084	80.136
o_data[3043]	OUTPUT	SIGNAL	M5	192.72	0.0	192.744	0.084
o_data[3044]	OUTPUT	SIGNAL	M5	192.864	0.0	192.888	0.084
o_data[3045]	OUTPUT	SIGNAL	M5	193.104	0.0	193.128	0.084
o_data[3046]	OUTPUT	SIGNAL	M5	194.88	0.0	194.904	0.084
o_data[3047]	OUTPUT	SIGNAL	M5	195.408	0.0	195.432	0.084
o_data[3048]	OUTPUT	SIGNAL	M4	0.0	77.04	0.084	77.064
o_data[3049]	OUTPUT	SIGNAL	M4	0.0	81.072	0.084	81.096
o_data[304]	OUTPUT	SIGNAL	M4	0.0	118.608	0.084	118.632
o_data[3050]	OUTPUT	SIGNAL	M4	0.0	80.064	0.084	80.088
o_data[3051]	OUTPUT	SIGNAL	M4	0.0	80.16	0.084	80.184
o_data[3052]	OUTPUT	SIGNAL	M4	0.0	80.208	0.084	80.232
o_data[3053]	OUTPUT	SIGNAL	M5	67.92	0.0	67.944	0.084
o_data[3054]	OUTPUT	SIGNAL	M4	0.0	77.472	0.084	77.496
o_data[3055]	OUTPUT	SIGNAL	M5	67.968	0.0	67.992	0.084
o_data[3056]	OUTPUT	SIGNAL	M5	193.92	0.0	193.944	0.084
o_data[3057]	OUTPUT	SIGNAL	M5	68.352	0.0	68.376	0.084
o_data[3058]	OUTPUT	SIGNAL	M5	68.448	0.0	68.472	0.084
o_data[3059]	OUTPUT	SIGNAL	M5	69.168	0.0	69.192	0.084
o_data[305]	OUTPUT	SIGNAL	M4	0.0	122.304	0.084	122.328
o_data[3060]	OUTPUT	SIGNAL	M5	69.264	0.0	69.288	0.084
o_data[3061]	OUTPUT	SIGNAL	M5	69.216	0.0	69.24	0.084
o_data[3062]	OUTPUT	SIGNAL	M5	68.88	0.0	68.904	0.084
o_data[3063]	OUTPUT	SIGNAL	M5	69.888	0.0	69.912	0.084
o_data[3064]	OUTPUT	SIGNAL	M5	68.544	0.0	68.568	0.084
o_data[3065]	OUTPUT	SIGNAL	M5	68.928	0.0	68.952	0.084
o_data[3066]	OUTPUT	SIGNAL	M5	68.832	0.0	68.856	0.084
o_data[3067]	OUTPUT	SIGNAL	M5	68.64	0.0	68.664	0.084
o_data[3068]	OUTPUT	SIGNAL	M5	68.736	0.0	68.76	0.084
o_data[3069]	OUTPUT	SIGNAL	M5	70.8	0.0	70.824	0.084
o_data[306]	OUTPUT	SIGNAL	M4	0.0	117.984	0.084	118.008
o_data[3070]	OUTPUT	SIGNAL	M5	71.136	0.0	71.16	0.084
o_data[3071]	OUTPUT	SIGNAL	M5	68.208	0.0	68.232	0.084
o_data[3072]	OUTPUT	SIGNAL	M5	74.976	0.0	75.0	0.084
o_data[3073]	OUTPUT	SIGNAL	M5	74.64	0.0	74.664	0.084
o_data[3074]	OUTPUT	SIGNAL	M5	73.824	0.0	73.848	0.084
o_data[3075]	OUTPUT	SIGNAL	M5	76.224	0.0	76.248	0.084
o_data[3076]	OUTPUT	SIGNAL	M5	74.448	0.0	74.472	0.084
o_data[3077]	OUTPUT	SIGNAL	M5	75.84	0.0	75.864	0.084
o_data[3078]	OUTPUT	SIGNAL	M5	73.536	0.0	73.56	0.084
o_data[3079]	OUTPUT	SIGNAL	M5	75.936	0.0	75.96	0.084
o_data[307]	OUTPUT	SIGNAL	M4	0.0	117.264	0.084	117.288
o_data[3080]	OUTPUT	SIGNAL	M5	77.424	0.0	77.448	0.084
o_data[3081]	OUTPUT	SIGNAL	M5	77.04	0.0	77.064	0.084
o_data[3082]	OUTPUT	SIGNAL	M5	76.512	0.0	76.536	0.084
o_data[3083]	OUTPUT	SIGNAL	M5	76.464	0.0	76.488	0.084
o_data[3084]	OUTPUT	SIGNAL	M5	77.376	0.0	77.4	0.084
o_data[3085]	OUTPUT	SIGNAL	M5	77.28	0.0	77.304	0.084
o_data[3086]	OUTPUT	SIGNAL	M5	76.896	0.0	76.92	0.084
o_data[3087]	OUTPUT	SIGNAL	M5	74.784	0.0	74.808	0.084
o_data[3088]	OUTPUT	SIGNAL	M5	77.328	0.0	77.352	0.084
o_data[3089]	OUTPUT	SIGNAL	M5	76.656	0.0	76.68	0.084
o_data[308]	OUTPUT	SIGNAL	M4	0.0	120.336	0.084	120.36
o_data[3090]	OUTPUT	SIGNAL	M5	77.184	0.0	77.208	0.084
o_data[3091]	OUTPUT	SIGNAL	M5	76.992	0.0	77.016	0.084
o_data[3092]	OUTPUT	SIGNAL	M5	76.752	0.0	76.776	0.084
o_data[3093]	OUTPUT	SIGNAL	M5	76.176	0.0	76.2	0.084
o_data[3094]	OUTPUT	SIGNAL	M5	76.128	0.0	76.152	0.084
o_data[3095]	OUTPUT	SIGNAL	M5	75.072	0.0	75.096	0.084
o_data[3096]	OUTPUT	SIGNAL	M5	74.352	0.0	74.376	0.084
o_data[3097]	OUTPUT	SIGNAL	M5	75.888	0.0	75.912	0.084
o_data[3098]	OUTPUT	SIGNAL	M5	74.496	0.0	74.52	0.084
o_data[3099]	OUTPUT	SIGNAL	M5	75.264	0.0	75.288	0.084
o_data[309]	OUTPUT	SIGNAL	M4	0.0	116.304	0.084	116.328
o_data[30]	OUTPUT	SIGNAL	M4	335.529	179.184	335.613	179.208
o_data[3100]	OUTPUT	SIGNAL	M5	74.592	0.0	74.616	0.084
o_data[3101]	OUTPUT	SIGNAL	M5	75.792	0.0	75.816	0.084
o_data[3102]	OUTPUT	SIGNAL	M5	75.456	0.0	75.48	0.084
o_data[3103]	OUTPUT	SIGNAL	M5	77.472	0.0	77.496	0.084
o_data[3104]	OUTPUT	SIGNAL	M5	72.816	0.0	72.84	0.084
o_data[3105]	OUTPUT	SIGNAL	M5	72.672	0.0	72.696	0.084
o_data[3106]	OUTPUT	SIGNAL	M5	72.576	0.0	72.6	0.084
o_data[3107]	OUTPUT	SIGNAL	M5	73.68	0.0	73.704	0.084
o_data[3108]	OUTPUT	SIGNAL	M5	73.008	0.0	73.032	0.084
o_data[3109]	OUTPUT	SIGNAL	M5	72.96	0.0	72.984	0.084
o_data[310]	OUTPUT	SIGNAL	M4	0.0	123.888	0.084	123.912
o_data[3110]	OUTPUT	SIGNAL	M5	74.064	0.0	74.088	0.084
o_data[3111]	OUTPUT	SIGNAL	M5	73.872	0.0	73.896	0.084
o_data[3112]	OUTPUT	SIGNAL	M5	74.88	0.0	74.904	0.084
o_data[3113]	OUTPUT	SIGNAL	M5	75.744	0.0	75.768	0.084
o_data[3114]	OUTPUT	SIGNAL	M5	74.688	0.0	74.712	0.084
o_data[3115]	OUTPUT	SIGNAL	M5	75.504	0.0	75.528	0.084
o_data[3116]	OUTPUT	SIGNAL	M5	76.08	0.0	76.104	0.084
o_data[3117]	OUTPUT	SIGNAL	M5	76.368	0.0	76.392	0.084
o_data[3118]	OUTPUT	SIGNAL	M5	75.6	0.0	75.624	0.084
o_data[3119]	OUTPUT	SIGNAL	M5	74.928	0.0	74.952	0.084
o_data[311]	OUTPUT	SIGNAL	M4	0.0	117.312	0.084	117.336
o_data[3120]	OUTPUT	SIGNAL	M5	77.088	0.0	77.112	0.084
o_data[3121]	OUTPUT	SIGNAL	M5	76.272	0.0	76.296	0.084
o_data[3122]	OUTPUT	SIGNAL	M5	76.032	0.0	76.056	0.084
o_data[3123]	OUTPUT	SIGNAL	M5	75.216	0.0	75.24	0.084
o_data[3124]	OUTPUT	SIGNAL	M5	74.544	0.0	74.568	0.084
o_data[3125]	OUTPUT	SIGNAL	M5	75.696	0.0	75.72	0.084
o_data[3126]	OUTPUT	SIGNAL	M5	74.832	0.0	74.856	0.084
o_data[3127]	OUTPUT	SIGNAL	M5	73.92	0.0	73.944	0.084
o_data[3128]	OUTPUT	SIGNAL	M5	73.056	0.0	73.08	0.084
o_data[3129]	OUTPUT	SIGNAL	M5	73.248	0.0	73.272	0.084
o_data[312]	OUTPUT	SIGNAL	M4	0.0	123.456	0.084	123.48
o_data[3130]	OUTPUT	SIGNAL	M5	73.968	0.0	73.992	0.084
o_data[3131]	OUTPUT	SIGNAL	M5	72.768	0.0	72.792	0.084
o_data[3132]	OUTPUT	SIGNAL	M5	72.528	0.0	72.552	0.084
o_data[3133]	OUTPUT	SIGNAL	M5	59.904	0.0	59.928	0.084
o_data[3134]	OUTPUT	SIGNAL	M5	61.44	0.0	61.464	0.084
o_data[3135]	OUTPUT	SIGNAL	M5	64.704	0.0	64.728	0.084
o_data[3136]	OUTPUT	SIGNAL	M4	0.0	181.44	0.084	181.464
o_data[3137]	OUTPUT	SIGNAL	M4	0.0	181.392	0.084	181.416
o_data[3138]	OUTPUT	SIGNAL	M4	0.0	160.896	0.084	160.92
o_data[3139]	OUTPUT	SIGNAL	M4	0.0	181.344	0.084	181.368
o_data[313]	OUTPUT	SIGNAL	M4	0.0	125.232	0.084	125.256
o_data[3140]	OUTPUT	SIGNAL	M4	0.0	181.296	0.084	181.32
o_data[3141]	OUTPUT	SIGNAL	M4	0.0	161.664	0.084	161.688
o_data[3142]	OUTPUT	SIGNAL	M4	0.0	181.488	0.084	181.512
o_data[3143]	OUTPUT	SIGNAL	M4	0.0	181.584	0.084	181.608
o_data[3144]	OUTPUT	SIGNAL	M4	0.0	158.976	0.084	159.0
o_data[3145]	OUTPUT	SIGNAL	M4	0.0	159.36	0.084	159.384
o_data[3146]	OUTPUT	SIGNAL	M4	0.0	160.56	0.084	160.584
o_data[3147]	OUTPUT	SIGNAL	M4	0.0	152.592	0.084	152.616
o_data[3148]	OUTPUT	SIGNAL	M4	0.0	161.904	0.084	161.928
o_data[3149]	OUTPUT	SIGNAL	M4	0.0	159.888	0.084	159.912
o_data[314]	OUTPUT	SIGNAL	M4	0.0	124.992	0.084	125.016
o_data[3150]	OUTPUT	SIGNAL	M4	0.0	153.264	0.084	153.288
o_data[3151]	OUTPUT	SIGNAL	M4	0.0	152.784	0.084	152.808
o_data[3152]	OUTPUT	SIGNAL	M4	0.0	210.192	0.084	210.216
o_data[3153]	OUTPUT	SIGNAL	M4	0.0	210.384	0.084	210.408
o_data[3154]	OUTPUT	SIGNAL	M4	0.0	210.336	0.084	210.36
o_data[3155]	OUTPUT	SIGNAL	M4	0.0	210.576	0.084	210.6
o_data[3156]	OUTPUT	SIGNAL	M4	0.0	211.104	0.084	211.128
o_data[3157]	OUTPUT	SIGNAL	M4	0.0	211.536	0.084	211.56
o_data[3158]	OUTPUT	SIGNAL	M4	0.0	211.296	0.084	211.32
o_data[3159]	OUTPUT	SIGNAL	M4	0.0	211.152	0.084	211.176
o_data[315]	OUTPUT	SIGNAL	M4	0.0	126.048	0.084	126.072
o_data[3160]	OUTPUT	SIGNAL	M4	0.0	211.392	0.084	211.416
o_data[3161]	OUTPUT	SIGNAL	M4	0.0	211.632	0.084	211.656
o_data[3162]	OUTPUT	SIGNAL	M4	0.0	211.92	0.084	211.944
o_data[3163]	OUTPUT	SIGNAL	M4	0.0	211.824	0.084	211.848
o_data[3164]	OUTPUT	SIGNAL	M4	0.0	210.768	0.084	210.792
o_data[3165]	OUTPUT	SIGNAL	M4	0.0	212.16	0.084	212.184
o_data[3166]	OUTPUT	SIGNAL	M4	0.0	212.112	0.084	212.136
o_data[3167]	OUTPUT	SIGNAL	M4	0.0	211.728	0.084	211.752
o_data[3168]	OUTPUT	SIGNAL	M4	0.0	153.792	0.084	153.816
o_data[3169]	OUTPUT	SIGNAL	M4	0.0	159.792	0.084	159.816
o_data[316]	OUTPUT	SIGNAL	M4	0.0	127.248	0.084	127.272
o_data[3170]	OUTPUT	SIGNAL	M4	0.0	157.248	0.084	157.272
o_data[3171]	OUTPUT	SIGNAL	M4	0.0	161.088	0.084	161.112
o_data[3172]	OUTPUT	SIGNAL	M4	0.0	160.608	0.084	160.632
o_data[3173]	OUTPUT	SIGNAL	M4	0.0	153.648	0.084	153.672
o_data[3174]	OUTPUT	SIGNAL	M4	0.0	156.624	0.084	156.648
o_data[3175]	OUTPUT	SIGNAL	M4	0.0	162.048	0.084	162.072
o_data[3176]	OUTPUT	SIGNAL	M4	0.0	152.976	0.084	153.0
o_data[3177]	OUTPUT	SIGNAL	M4	0.0	160.656	0.084	160.68
o_data[3178]	OUTPUT	SIGNAL	M4	0.0	159.696	0.084	159.72
o_data[3179]	OUTPUT	SIGNAL	M4	0.0	159.024	0.084	159.048
o_data[317]	OUTPUT	SIGNAL	M4	0.0	127.2	0.084	127.224
o_data[3180]	OUTPUT	SIGNAL	M4	0.0	161.808	0.084	161.832
o_data[3181]	OUTPUT	SIGNAL	M4	0.0	160.992	0.084	161.016
o_data[3182]	OUTPUT	SIGNAL	M4	0.0	160.32	0.084	160.344
o_data[3183]	OUTPUT	SIGNAL	M4	0.0	159.072	0.084	159.096
o_data[3184]	OUTPUT	SIGNAL	M4	0.0	210.288	0.084	210.312
o_data[3185]	OUTPUT	SIGNAL	M4	0.0	210.528	0.084	210.552
o_data[3186]	OUTPUT	SIGNAL	M4	0.0	210.24	0.084	210.264
o_data[3187]	OUTPUT	SIGNAL	M4	0.0	210.48	0.084	210.504
o_data[3188]	OUTPUT	SIGNAL	M4	0.0	210.72	0.084	210.744
o_data[3189]	OUTPUT	SIGNAL	M4	0.0	210.96	0.084	210.984
o_data[318]	OUTPUT	SIGNAL	M4	0.0	128.304	0.084	128.328
o_data[3190]	OUTPUT	SIGNAL	M4	0.0	210.624	0.084	210.648
o_data[3191]	OUTPUT	SIGNAL	M4	0.0	210.816	0.084	210.84
o_data[3192]	OUTPUT	SIGNAL	M4	0.0	211.344	0.084	211.368
o_data[3193]	OUTPUT	SIGNAL	M4	0.0	211.584	0.084	211.608
o_data[3194]	OUTPUT	SIGNAL	M4	0.0	211.872	0.084	211.896
o_data[3195]	OUTPUT	SIGNAL	M4	0.0	211.776	0.084	211.8
o_data[3196]	OUTPUT	SIGNAL	M4	0.0	211.68	0.084	211.704
o_data[3197]	OUTPUT	SIGNAL	M4	0.0	212.208	0.084	212.232
o_data[3198]	OUTPUT	SIGNAL	M4	0.0	212.448	0.084	212.472
o_data[3199]	OUTPUT	SIGNAL	M4	0.0	212.496	0.084	212.52
o_data[319]	OUTPUT	SIGNAL	M4	0.0	128.352	0.084	128.376
o_data[31]	OUTPUT	SIGNAL	M4	335.529	166.608	335.613	166.632
o_data[3200]	OUTPUT	SIGNAL	M4	0.0	48.24	0.084	48.264
o_data[3201]	OUTPUT	SIGNAL	M4	0.0	47.04	0.084	47.064
o_data[3202]	OUTPUT	SIGNAL	M4	0.0	47.76	0.084	47.784
o_data[3203]	OUTPUT	SIGNAL	M4	0.0	46.464	0.084	46.488
o_data[3204]	OUTPUT	SIGNAL	M4	0.0	46.848	0.084	46.872
o_data[3205]	OUTPUT	SIGNAL	M4	0.0	48.768	0.084	48.792
o_data[3206]	OUTPUT	SIGNAL	M4	0.0	48.912	0.084	48.936
o_data[3207]	OUTPUT	SIGNAL	M4	0.0	49.152	0.084	49.176
o_data[3208]	OUTPUT	SIGNAL	M4	0.0	44.64	0.084	44.664
o_data[3209]	OUTPUT	SIGNAL	M4	0.0	48.432	0.084	48.456
o_data[320]	OUTPUT	SIGNAL	M4	0.0	161.472	0.084	161.496
o_data[3210]	OUTPUT	SIGNAL	M4	0.0	45.264	0.084	45.288
o_data[3211]	OUTPUT	SIGNAL	M4	0.0	44.448	0.084	44.472
o_data[3212]	OUTPUT	SIGNAL	M4	0.0	42.96	0.084	42.984
o_data[3213]	OUTPUT	SIGNAL	M4	0.0	43.056	0.084	43.08
o_data[3214]	OUTPUT	SIGNAL	M4	0.0	42.096	0.084	42.12
o_data[3215]	OUTPUT	SIGNAL	M4	0.0	44.4	0.084	44.424
o_data[3216]	OUTPUT	SIGNAL	M5	40.608	0.0	40.632	0.084
o_data[3217]	OUTPUT	SIGNAL	M5	41.04	0.0	41.064	0.084
o_data[3218]	OUTPUT	SIGNAL	M4	0.0	40.512	0.084	40.536
o_data[3219]	OUTPUT	SIGNAL	M5	42.096	0.0	42.12	0.084
o_data[321]	OUTPUT	SIGNAL	M4	0.0	160.176	0.084	160.2
o_data[3220]	OUTPUT	SIGNAL	M5	43.632	0.0	43.656	0.084
o_data[3221]	OUTPUT	SIGNAL	M5	43.872	0.0	43.896	0.084
o_data[3222]	OUTPUT	SIGNAL	M5	44.448	0.0	44.472	0.084
o_data[3223]	OUTPUT	SIGNAL	M5	46.32	0.0	46.344	0.084
o_data[3224]	OUTPUT	SIGNAL	M5	44.832	0.0	44.856	0.084
o_data[3225]	OUTPUT	SIGNAL	M5	46.08	0.0	46.104	0.084
o_data[3226]	OUTPUT	SIGNAL	M5	49.872	0.0	49.896	0.084
o_data[3227]	OUTPUT	SIGNAL	M5	48.768	0.0	48.792	0.084
o_data[3228]	OUTPUT	SIGNAL	M5	47.808	0.0	47.832	0.084
o_data[3229]	OUTPUT	SIGNAL	M5	50.064	0.0	50.088	0.084
o_data[322]	OUTPUT	SIGNAL	M4	0.0	156.576	0.084	156.6
o_data[3230]	OUTPUT	SIGNAL	M5	50.688	0.0	50.712	0.084
o_data[3231]	OUTPUT	SIGNAL	M5	49.68	0.0	49.704	0.084
o_data[3232]	OUTPUT	SIGNAL	M4	0.0	49.68	0.084	49.704
o_data[3233]	OUTPUT	SIGNAL	M4	0.0	49.584	0.084	49.608
o_data[3234]	OUTPUT	SIGNAL	M4	0.0	49.44	0.084	49.464
o_data[3235]	OUTPUT	SIGNAL	M4	0.0	50.784	0.084	50.808
o_data[3236]	OUTPUT	SIGNAL	M4	0.0	51.072	0.084	51.096
o_data[3237]	OUTPUT	SIGNAL	M4	0.0	50.016	0.084	50.04
o_data[3238]	OUTPUT	SIGNAL	M4	0.0	51.264	0.084	51.288
o_data[3239]	OUTPUT	SIGNAL	M4	0.0	50.064	0.084	50.088
o_data[323]	OUTPUT	SIGNAL	M4	0.0	158.64	0.084	158.664
o_data[3240]	OUTPUT	SIGNAL	M4	0.0	50.928	0.084	50.952
o_data[3241]	OUTPUT	SIGNAL	M4	0.0	49.632	0.084	49.656
o_data[3242]	OUTPUT	SIGNAL	M4	0.0	49.92	0.084	49.944
o_data[3243]	OUTPUT	SIGNAL	M4	0.0	50.496	0.084	50.52
o_data[3244]	OUTPUT	SIGNAL	M4	0.0	48.144	0.084	48.168
o_data[3245]	OUTPUT	SIGNAL	M4	0.0	48.288	0.084	48.312
o_data[3246]	OUTPUT	SIGNAL	M4	0.0	49.536	0.084	49.56
o_data[3247]	OUTPUT	SIGNAL	M4	0.0	45.552	0.084	45.576
o_data[3248]	OUTPUT	SIGNAL	M5	41.568	0.0	41.592	0.084
o_data[3249]	OUTPUT	SIGNAL	M5	41.952	0.0	41.976	0.084
o_data[324]	OUTPUT	SIGNAL	M4	0.0	154.992	0.084	155.016
o_data[3250]	OUTPUT	SIGNAL	M4	0.0	41.472	0.084	41.496
o_data[3251]	OUTPUT	SIGNAL	M4	0.0	41.664	0.084	41.688
o_data[3252]	OUTPUT	SIGNAL	M5	43.488	0.0	43.512	0.084
o_data[3253]	OUTPUT	SIGNAL	M5	43.584	0.0	43.608	0.084
o_data[3254]	OUTPUT	SIGNAL	M5	44.928	0.0	44.952	0.084
o_data[3255]	OUTPUT	SIGNAL	M5	45.984	0.0	46.008	0.084
o_data[3256]	OUTPUT	SIGNAL	M5	46.272	0.0	46.296	0.084
o_data[3257]	OUTPUT	SIGNAL	M5	45.84	0.0	45.864	0.084
o_data[3258]	OUTPUT	SIGNAL	M5	48.96	0.0	48.984	0.084
o_data[3259]	OUTPUT	SIGNAL	M5	49.44	0.0	49.464	0.084
o_data[325]	OUTPUT	SIGNAL	M4	0.0	161.952	0.084	161.976
o_data[3260]	OUTPUT	SIGNAL	M5	47.712	0.0	47.736	0.084
o_data[3261]	OUTPUT	SIGNAL	M5	49.392	0.0	49.416	0.084
o_data[3262]	OUTPUT	SIGNAL	M5	50.16	0.0	50.184	0.084
o_data[3263]	OUTPUT	SIGNAL	M5	50.4	0.0	50.424	0.084
o_data[3264]	OUTPUT	SIGNAL	M4	0.0	260.448	0.084	260.472
o_data[3265]	OUTPUT	SIGNAL	M4	0.0	258.48	0.084	258.504
o_data[3266]	OUTPUT	SIGNAL	M4	0.0	258.624	0.084	258.648
o_data[3267]	OUTPUT	SIGNAL	M4	0.0	257.904	0.084	257.928
o_data[3268]	OUTPUT	SIGNAL	M4	0.0	258.192	0.084	258.216
o_data[3269]	OUTPUT	SIGNAL	M4	0.0	260.832	0.084	260.856
o_data[326]	OUTPUT	SIGNAL	M4	0.0	154.752	0.084	154.776
o_data[3270]	OUTPUT	SIGNAL	M4	0.0	259.536	0.084	259.56
o_data[3271]	OUTPUT	SIGNAL	M4	0.0	259.44	0.084	259.464
o_data[3272]	OUTPUT	SIGNAL	M4	0.0	252.672	0.084	252.696
o_data[3273]	OUTPUT	SIGNAL	M4	0.0	255.168	0.084	255.192
o_data[3274]	OUTPUT	SIGNAL	M4	0.0	255.552	0.084	255.576
o_data[3275]	OUTPUT	SIGNAL	M4	0.0	254.4	0.084	254.424
o_data[3276]	OUTPUT	SIGNAL	M4	0.0	252.864	0.084	252.888
o_data[3277]	OUTPUT	SIGNAL	M4	0.0	250.608	0.084	250.632
o_data[3278]	OUTPUT	SIGNAL	M4	0.0	250.32	0.084	250.344
o_data[3279]	OUTPUT	SIGNAL	M4	0.0	252.144	0.084	252.168
o_data[327]	OUTPUT	SIGNAL	M4	0.0	160.752	0.084	160.776
o_data[3280]	OUTPUT	SIGNAL	M4	0.0	257.856	0.084	257.88
o_data[3281]	OUTPUT	SIGNAL	M4	0.0	255.312	0.084	255.336
o_data[3282]	OUTPUT	SIGNAL	M4	0.0	251.52	0.084	251.544
o_data[3283]	OUTPUT	SIGNAL	M4	0.0	249.12	0.084	249.144
o_data[3284]	OUTPUT	SIGNAL	M4	0.0	247.776	0.084	247.8
o_data[3285]	OUTPUT	SIGNAL	M4	0.0	248.928	0.084	248.952
o_data[3286]	OUTPUT	SIGNAL	M4	0.0	247.536	0.084	247.56
o_data[3287]	OUTPUT	SIGNAL	M4	0.0	245.088	0.084	245.112
o_data[3288]	OUTPUT	SIGNAL	M4	0.0	245.04	0.084	245.064
o_data[3289]	OUTPUT	SIGNAL	M4	0.0	248.064	0.084	248.088
o_data[328]	OUTPUT	SIGNAL	M4	0.0	159.264	0.084	159.288
o_data[3290]	OUTPUT	SIGNAL	M4	0.0	243.456	0.084	243.48
o_data[3291]	OUTPUT	SIGNAL	M4	0.0	244.176	0.084	244.2
o_data[3292]	OUTPUT	SIGNAL	M4	0.0	242.064	0.084	242.088
o_data[3293]	OUTPUT	SIGNAL	M4	0.0	240.864	0.084	240.888
o_data[3294]	OUTPUT	SIGNAL	M4	0.0	247.008	0.084	247.032
o_data[3295]	OUTPUT	SIGNAL	M4	0.0	256.512	0.084	256.536
o_data[3296]	OUTPUT	SIGNAL	M4	0.0	261.168	0.084	261.192
o_data[3297]	OUTPUT	SIGNAL	M4	0.0	259.632	0.084	259.656
o_data[3298]	OUTPUT	SIGNAL	M4	0.0	261.84	0.084	261.864
o_data[3299]	OUTPUT	SIGNAL	M4	0.0	261.888	0.084	261.912
o_data[329]	OUTPUT	SIGNAL	M4	0.0	152.496	0.084	152.52
o_data[32]	OUTPUT	SIGNAL	M4	335.529	184.896	335.613	184.92
o_data[3300]	OUTPUT	SIGNAL	M4	0.0	260.784	0.084	260.808
o_data[3301]	OUTPUT	SIGNAL	M4	0.0	260.544	0.084	260.568
o_data[3302]	OUTPUT	SIGNAL	M4	0.0	261.744	0.084	261.768
o_data[3303]	OUTPUT	SIGNAL	M4	0.0	261.984	0.084	262.008
o_data[3304]	OUTPUT	SIGNAL	M4	0.0	253.056	0.084	253.08
o_data[3305]	OUTPUT	SIGNAL	M4	0.0	256.176	0.084	256.2
o_data[3306]	OUTPUT	SIGNAL	M4	0.0	255.648	0.084	255.672
o_data[3307]	OUTPUT	SIGNAL	M4	0.0	254.448	0.084	254.472
o_data[3308]	OUTPUT	SIGNAL	M4	0.0	253.824	0.084	253.848
o_data[3309]	OUTPUT	SIGNAL	M4	0.0	251.568	0.084	251.592
o_data[330]	OUTPUT	SIGNAL	M4	0.0	155.856	0.084	155.88
o_data[3310]	OUTPUT	SIGNAL	M4	0.0	251.808	0.084	251.832
o_data[3311]	OUTPUT	SIGNAL	M4	0.0	253.104	0.084	253.128
o_data[3312]	OUTPUT	SIGNAL	M4	0.0	257.232	0.084	257.256
o_data[3313]	OUTPUT	SIGNAL	M4	0.0	255.984	0.084	256.008
o_data[3314]	OUTPUT	SIGNAL	M4	0.0	251.76	0.084	251.784
o_data[3315]	OUTPUT	SIGNAL	M4	0.0	249.888	0.084	249.912
o_data[3316]	OUTPUT	SIGNAL	M4	0.0	247.632	0.084	247.656
o_data[3317]	OUTPUT	SIGNAL	M4	0.0	248.592	0.084	248.616
o_data[3318]	OUTPUT	SIGNAL	M4	0.0	247.2	0.084	247.224
o_data[3319]	OUTPUT	SIGNAL	M4	0.0	246.0	0.084	246.024
o_data[331]	OUTPUT	SIGNAL	M4	0.0	154.08	0.084	154.104
o_data[3320]	OUTPUT	SIGNAL	M4	0.0	243.984	0.084	244.008
o_data[3321]	OUTPUT	SIGNAL	M4	0.0	248.304	0.084	248.328
o_data[3322]	OUTPUT	SIGNAL	M4	0.0	244.608	0.084	244.632
o_data[3323]	OUTPUT	SIGNAL	M4	0.0	243.216	0.084	243.24
o_data[3324]	OUTPUT	SIGNAL	M4	0.0	242.256	0.084	242.28
o_data[3325]	OUTPUT	SIGNAL	M4	0.0	240.816	0.084	240.84
o_data[3326]	OUTPUT	SIGNAL	M4	0.0	247.44	0.084	247.464
o_data[3327]	OUTPUT	SIGNAL	M4	0.0	256.08	0.084	256.104
o_data[3328]	OUTPUT	SIGNAL	M5	60.048	0.0	60.072	0.084
o_data[3329]	OUTPUT	SIGNAL	M5	60.288	0.0	60.312	0.084
o_data[332]	OUTPUT	SIGNAL	M4	0.0	155.952	0.084	155.976
o_data[3330]	OUTPUT	SIGNAL	M4	0.0	68.448	0.084	68.472
o_data[3331]	OUTPUT	SIGNAL	M4	0.0	67.488	0.084	67.512
o_data[3332]	OUTPUT	SIGNAL	M4	0.0	68.352	0.084	68.376
o_data[3333]	OUTPUT	SIGNAL	M5	61.248	0.0	61.272	0.084
o_data[3334]	OUTPUT	SIGNAL	M5	60.48	0.0	60.504	0.084
o_data[3335]	OUTPUT	SIGNAL	M5	60.144	0.0	60.168	0.084
o_data[3336]	OUTPUT	SIGNAL	M5	60.432	0.0	60.456	0.084
o_data[3337]	OUTPUT	SIGNAL	M5	63.216	0.0	63.24	0.084
o_data[3338]	OUTPUT	SIGNAL	M5	64.176	0.0	64.2	0.084
o_data[3339]	OUTPUT	SIGNAL	M5	63.552	0.0	63.576	0.084
o_data[333]	OUTPUT	SIGNAL	M4	0.0	161.04	0.084	161.064
o_data[3340]	OUTPUT	SIGNAL	M5	63.504	0.0	63.528	0.084
o_data[3341]	OUTPUT	SIGNAL	M5	61.392	0.0	61.416	0.084
o_data[3342]	OUTPUT	SIGNAL	M5	62.448	0.0	62.472	0.084
o_data[3343]	OUTPUT	SIGNAL	M5	60.72	0.0	60.744	0.084
o_data[3344]	OUTPUT	SIGNAL	M5	61.344	0.0	61.368	0.084
o_data[3345]	OUTPUT	SIGNAL	M5	61.776	0.0	61.8	0.084
o_data[3346]	OUTPUT	SIGNAL	M5	60.528	0.0	60.552	0.084
o_data[3347]	OUTPUT	SIGNAL	M5	61.104	0.0	61.128	0.084
o_data[3348]	OUTPUT	SIGNAL	M5	60.192	0.0	60.216	0.084
o_data[3349]	OUTPUT	SIGNAL	M5	60.768	0.0	60.792	0.084
o_data[334]	OUTPUT	SIGNAL	M4	0.0	154.32	0.084	154.344
o_data[3350]	OUTPUT	SIGNAL	M5	59.952	0.0	59.976	0.084
o_data[3351]	OUTPUT	SIGNAL	M5	59.088	0.0	59.112	0.084
o_data[3352]	OUTPUT	SIGNAL	M5	59.04	0.0	59.064	0.084
o_data[3353]	OUTPUT	SIGNAL	M5	58.704	0.0	58.728	0.084
o_data[3354]	OUTPUT	SIGNAL	M5	59.712	0.0	59.736	0.084
o_data[3355]	OUTPUT	SIGNAL	M5	58.944	0.0	58.968	0.084
o_data[3356]	OUTPUT	SIGNAL	M5	59.28	0.0	59.304	0.084
o_data[3357]	OUTPUT	SIGNAL	M5	58.656	0.0	58.68	0.084
o_data[3358]	OUTPUT	SIGNAL	M5	58.32	0.0	58.344	0.084
o_data[3359]	OUTPUT	SIGNAL	M5	59.568	0.0	59.592	0.084
o_data[335]	OUTPUT	SIGNAL	M4	0.0	149.52	0.084	149.544
o_data[3360]	OUTPUT	SIGNAL	M5	59.472	0.0	59.496	0.084
o_data[3361]	OUTPUT	SIGNAL	M5	59.136	0.0	59.16	0.084
o_data[3362]	OUTPUT	SIGNAL	M4	0.0	68.4	0.084	68.424
o_data[3363]	OUTPUT	SIGNAL	M4	0.0	67.344	0.084	67.368
o_data[3364]	OUTPUT	SIGNAL	M4	0.0	69.072	0.084	69.096
o_data[3365]	OUTPUT	SIGNAL	M4	0.0	67.68	0.084	67.704
o_data[3366]	OUTPUT	SIGNAL	M4	0.0	69.744	0.084	69.768
o_data[3367]	OUTPUT	SIGNAL	M4	0.0	68.736	0.084	68.76
o_data[3368]	OUTPUT	SIGNAL	M5	61.152	0.0	61.176	0.084
o_data[3369]	OUTPUT	SIGNAL	M5	61.92	0.0	61.944	0.084
o_data[336]	OUTPUT	SIGNAL	M4	0.0	151.968	0.084	151.992
o_data[3370]	OUTPUT	SIGNAL	M5	61.296	0.0	61.32	0.084
o_data[3371]	OUTPUT	SIGNAL	M5	63.168	0.0	63.192	0.084
o_data[3372]	OUTPUT	SIGNAL	M5	63.888	0.0	63.912	0.084
o_data[3373]	OUTPUT	SIGNAL	M5	61.872	0.0	61.896	0.084
o_data[3374]	OUTPUT	SIGNAL	M5	63.456	0.0	63.48	0.084
o_data[3375]	OUTPUT	SIGNAL	M5	60.576	0.0	60.6	0.084
o_data[3376]	OUTPUT	SIGNAL	M5	60.24	0.0	60.264	0.084
o_data[3377]	OUTPUT	SIGNAL	M5	60.096	0.0	60.12	0.084
o_data[3378]	OUTPUT	SIGNAL	M5	60.816	0.0	60.84	0.084
o_data[3379]	OUTPUT	SIGNAL	M5	63.36	0.0	63.384	0.084
o_data[337]	OUTPUT	SIGNAL	M4	0.0	147.264	0.084	147.288
o_data[3380]	OUTPUT	SIGNAL	M5	58.896	0.0	58.92	0.084
o_data[3381]	OUTPUT	SIGNAL	M5	60.0	0.0	60.024	0.084
o_data[3382]	OUTPUT	SIGNAL	M5	59.184	0.0	59.208	0.084
o_data[3383]	OUTPUT	SIGNAL	M5	59.616	0.0	59.64	0.084
o_data[3384]	OUTPUT	SIGNAL	M5	59.376	0.0	59.4	0.084
o_data[3385]	OUTPUT	SIGNAL	M5	58.848	0.0	58.872	0.084
o_data[3386]	OUTPUT	SIGNAL	M5	59.232	0.0	59.256	0.084
o_data[3387]	OUTPUT	SIGNAL	M5	58.56	0.0	58.584	0.084
o_data[3388]	OUTPUT	SIGNAL	M5	58.992	0.0	59.016	0.084
o_data[3389]	OUTPUT	SIGNAL	M5	58.464	0.0	58.488	0.084
o_data[338]	OUTPUT	SIGNAL	M4	0.0	151.92	0.084	151.944
o_data[3390]	OUTPUT	SIGNAL	M5	58.368	0.0	58.392	0.084
o_data[3391]	OUTPUT	SIGNAL	M5	59.664	0.0	59.688	0.084
o_data[3392]	OUTPUT	SIGNAL	M5	197.184	0.0	197.208	0.084
o_data[3393]	OUTPUT	SIGNAL	M5	199.104	0.0	199.128	0.084
o_data[3394]	OUTPUT	SIGNAL	M5	198.72	0.0	198.744	0.084
o_data[3395]	OUTPUT	SIGNAL	M5	199.056	0.0	199.08	0.084
o_data[3396]	OUTPUT	SIGNAL	M5	197.952	0.0	197.976	0.084
o_data[3397]	OUTPUT	SIGNAL	M5	194.64	0.0	194.664	0.084
o_data[3398]	OUTPUT	SIGNAL	M5	196.08	0.0	196.104	0.084
o_data[3399]	OUTPUT	SIGNAL	M5	199.92	0.0	199.944	0.084
o_data[339]	OUTPUT	SIGNAL	M4	0.0	149.424	0.084	149.448
o_data[33]	OUTPUT	SIGNAL	M4	335.529	188.16	335.613	188.184
o_data[3400]	OUTPUT	SIGNAL	M5	198.912	0.0	198.936	0.084
o_data[3401]	OUTPUT	SIGNAL	M5	201.84	0.0	201.864	0.084
o_data[3402]	OUTPUT	SIGNAL	M5	197.232	0.0	197.256	0.084
o_data[3403]	OUTPUT	SIGNAL	M5	200.4	0.0	200.424	0.084
o_data[3404]	OUTPUT	SIGNAL	M5	200.688	0.0	200.712	0.084
o_data[3405]	OUTPUT	SIGNAL	M5	199.824	0.0	199.848	0.084
o_data[3406]	OUTPUT	SIGNAL	M5	201.792	0.0	201.816	0.084
o_data[3407]	OUTPUT	SIGNAL	M5	195.984	0.0	196.008	0.084
o_data[3408]	OUTPUT	SIGNAL	M5	221.52	0.0	221.544	0.084
o_data[3409]	OUTPUT	SIGNAL	M5	224.496	0.0	224.52	0.084
o_data[340]	OUTPUT	SIGNAL	M4	0.0	151.728	0.084	151.752
o_data[3410]	OUTPUT	SIGNAL	M5	225.84	0.0	225.864	0.084
o_data[3411]	OUTPUT	SIGNAL	M5	225.888	0.0	225.912	0.084
o_data[3412]	OUTPUT	SIGNAL	M5	226.896	0.0	226.92	0.084
o_data[3413]	OUTPUT	SIGNAL	M5	227.808	0.0	227.832	0.084
o_data[3414]	OUTPUT	SIGNAL	M5	229.296	0.0	229.32	0.084
o_data[3415]	OUTPUT	SIGNAL	M5	230.688	0.0	230.712	0.084
o_data[3416]	OUTPUT	SIGNAL	M5	228.768	0.0	228.792	0.084
o_data[3417]	OUTPUT	SIGNAL	M5	222.864	0.0	222.888	0.084
o_data[3418]	OUTPUT	SIGNAL	M5	230.928	0.0	230.952	0.084
o_data[3419]	OUTPUT	SIGNAL	M5	230.304	0.0	230.328	0.084
o_data[341]	OUTPUT	SIGNAL	M4	0.0	147.216	0.084	147.24
o_data[3420]	OUTPUT	SIGNAL	M5	231.504	0.0	231.528	0.084
o_data[3421]	OUTPUT	SIGNAL	M5	231.456	0.0	231.48	0.084
o_data[3422]	OUTPUT	SIGNAL	M5	224.352	0.0	224.376	0.084
o_data[3423]	OUTPUT	SIGNAL	M5	221.856	0.0	221.88	0.084
o_data[3424]	OUTPUT	SIGNAL	M5	197.088	0.0	197.112	0.084
o_data[3425]	OUTPUT	SIGNAL	M5	201.408	0.0	201.432	0.084
o_data[3426]	OUTPUT	SIGNAL	M5	198.768	0.0	198.792	0.084
o_data[3427]	OUTPUT	SIGNAL	M5	195.024	0.0	195.048	0.084
o_data[3428]	OUTPUT	SIGNAL	M5	195.84	0.0	195.864	0.084
o_data[3429]	OUTPUT	SIGNAL	M5	195.168	0.0	195.192	0.084
o_data[342]	OUTPUT	SIGNAL	M4	0.0	146.496	0.084	146.52
o_data[3430]	OUTPUT	SIGNAL	M5	195.264	0.0	195.288	0.084
o_data[3431]	OUTPUT	SIGNAL	M5	198.624	0.0	198.648	0.084
o_data[3432]	OUTPUT	SIGNAL	M5	198.144	0.0	198.168	0.084
o_data[3433]	OUTPUT	SIGNAL	M5	194.736	0.0	194.76	0.084
o_data[3434]	OUTPUT	SIGNAL	M5	194.112	0.0	194.136	0.084
o_data[3435]	OUTPUT	SIGNAL	M5	197.808	0.0	197.832	0.084
o_data[3436]	OUTPUT	SIGNAL	M5	203.568	0.0	203.592	0.084
o_data[3437]	OUTPUT	SIGNAL	M5	206.208	0.0	206.232	0.084
o_data[3438]	OUTPUT	SIGNAL	M5	205.488	0.0	205.512	0.084
o_data[3439]	OUTPUT	SIGNAL	M5	203.184	0.0	203.208	0.084
o_data[343]	OUTPUT	SIGNAL	M4	0.0	151.584	0.084	151.608
o_data[3440]	OUTPUT	SIGNAL	M5	221.568	0.0	221.592	0.084
o_data[3441]	OUTPUT	SIGNAL	M5	226.416	0.0	226.44	0.084
o_data[3442]	OUTPUT	SIGNAL	M5	226.608	0.0	226.632	0.084
o_data[3443]	OUTPUT	SIGNAL	M5	227.52	0.0	227.544	0.084
o_data[3444]	OUTPUT	SIGNAL	M5	227.664	0.0	227.688	0.084
o_data[3445]	OUTPUT	SIGNAL	M5	228.192	0.0	228.216	0.084
o_data[3446]	OUTPUT	SIGNAL	M5	229.248	0.0	229.272	0.084
o_data[3447]	OUTPUT	SIGNAL	M5	228.96	0.0	228.984	0.084
o_data[3448]	OUTPUT	SIGNAL	M5	228.672	0.0	228.696	0.084
o_data[3449]	OUTPUT	SIGNAL	M5	225.168	0.0	225.192	0.084
o_data[344]	OUTPUT	SIGNAL	M4	0.0	151.776	0.084	151.8
o_data[3450]	OUTPUT	SIGNAL	M5	230.064	0.0	230.088	0.084
o_data[3451]	OUTPUT	SIGNAL	M5	230.4	0.0	230.424	0.084
o_data[3452]	OUTPUT	SIGNAL	M5	230.64	0.0	230.664	0.084
o_data[3453]	OUTPUT	SIGNAL	M5	230.784	0.0	230.808	0.084
o_data[3454]	OUTPUT	SIGNAL	M5	224.592	0.0	224.616	0.084
o_data[3455]	OUTPUT	SIGNAL	M5	222.144	0.0	222.168	0.084
o_data[3456]	OUTPUT	SIGNAL	M4	0.0	101.424	0.084	101.448
o_data[3457]	OUTPUT	SIGNAL	M4	0.0	106.32	0.084	106.344
o_data[3458]	OUTPUT	SIGNAL	M4	0.0	106.464	0.084	106.488
o_data[3459]	OUTPUT	SIGNAL	M4	0.0	107.52	0.084	107.544
o_data[345]	OUTPUT	SIGNAL	M4	0.0	147.168	0.084	147.192
o_data[3460]	OUTPUT	SIGNAL	M4	0.0	105.072	0.084	105.096
o_data[3461]	OUTPUT	SIGNAL	M4	0.0	106.224	0.084	106.248
o_data[3462]	OUTPUT	SIGNAL	M4	0.0	104.544	0.084	104.568
o_data[3463]	OUTPUT	SIGNAL	M4	0.0	105.6	0.084	105.624
o_data[3464]	OUTPUT	SIGNAL	M4	0.0	98.688	0.084	98.712
o_data[3465]	OUTPUT	SIGNAL	M4	0.0	102.672	0.084	102.696
o_data[3466]	OUTPUT	SIGNAL	M4	0.0	103.44	0.084	103.464
o_data[3467]	OUTPUT	SIGNAL	M4	0.0	100.8	0.084	100.824
o_data[3468]	OUTPUT	SIGNAL	M4	0.0	101.952	0.084	101.976
o_data[3469]	OUTPUT	SIGNAL	M4	0.0	98.064	0.084	98.088
o_data[346]	OUTPUT	SIGNAL	M4	0.0	148.272	0.084	148.296
o_data[3470]	OUTPUT	SIGNAL	M4	0.0	97.44	0.084	97.464
o_data[3471]	OUTPUT	SIGNAL	M4	0.0	97.68	0.084	97.704
o_data[3472]	OUTPUT	SIGNAL	M4	0.0	87.12	0.084	87.144
o_data[3473]	OUTPUT	SIGNAL	M4	0.0	88.992	0.084	89.016
o_data[3474]	OUTPUT	SIGNAL	M4	0.0	91.056	0.084	91.08
o_data[3475]	OUTPUT	SIGNAL	M4	0.0	91.008	0.084	91.032
o_data[3476]	OUTPUT	SIGNAL	M4	0.0	89.808	0.084	89.832
o_data[3477]	OUTPUT	SIGNAL	M4	0.0	87.456	0.084	87.48
o_data[3478]	OUTPUT	SIGNAL	M4	0.0	86.64	0.084	86.664
o_data[3479]	OUTPUT	SIGNAL	M4	0.0	87.936	0.084	87.96
o_data[347]	OUTPUT	SIGNAL	M4	0.0	149.28	0.084	149.304
o_data[3480]	OUTPUT	SIGNAL	M4	0.0	88.608	0.084	88.632
o_data[3481]	OUTPUT	SIGNAL	M4	0.0	88.848	0.084	88.872
o_data[3482]	OUTPUT	SIGNAL	M4	0.0	89.856	0.084	89.88
o_data[3483]	OUTPUT	SIGNAL	M4	0.0	92.112	0.084	92.136
o_data[3484]	OUTPUT	SIGNAL	M4	0.0	91.968	0.084	91.992
o_data[3485]	OUTPUT	SIGNAL	M4	0.0	93.168	0.084	93.192
o_data[3486]	OUTPUT	SIGNAL	M4	0.0	92.832	0.084	92.856
o_data[3487]	OUTPUT	SIGNAL	M4	0.0	92.688	0.084	92.712
o_data[3488]	OUTPUT	SIGNAL	M4	0.0	99.312	0.084	99.336
o_data[3489]	OUTPUT	SIGNAL	M4	0.0	103.968	0.084	103.992
o_data[348]	OUTPUT	SIGNAL	M4	0.0	152.112	0.084	152.136
o_data[3490]	OUTPUT	SIGNAL	M4	0.0	105.696	0.084	105.72
o_data[3491]	OUTPUT	SIGNAL	M4	0.0	103.2	0.084	103.224
o_data[3492]	OUTPUT	SIGNAL	M4	0.0	104.736	0.084	104.76
o_data[3493]	OUTPUT	SIGNAL	M4	0.0	106.656	0.084	106.68
o_data[3494]	OUTPUT	SIGNAL	M4	0.0	94.896	0.084	94.92
o_data[3495]	OUTPUT	SIGNAL	M4	0.0	103.248	0.084	103.272
o_data[3496]	OUTPUT	SIGNAL	M4	0.0	96.24	0.084	96.264
o_data[3497]	OUTPUT	SIGNAL	M4	0.0	100.128	0.084	100.152
o_data[3498]	OUTPUT	SIGNAL	M4	0.0	98.88	0.084	98.904
o_data[3499]	OUTPUT	SIGNAL	M4	0.0	99.984	0.084	100.008
o_data[349]	OUTPUT	SIGNAL	M4	0.0	148.368	0.084	148.392
o_data[34]	OUTPUT	SIGNAL	M4	335.529	184.128	335.613	184.152
o_data[3500]	OUTPUT	SIGNAL	M4	0.0	100.08	0.084	100.104
o_data[3501]	OUTPUT	SIGNAL	M4	0.0	97.152	0.084	97.176
o_data[3502]	OUTPUT	SIGNAL	M4	0.0	98.448	0.084	98.472
o_data[3503]	OUTPUT	SIGNAL	M4	0.0	98.64	0.084	98.664
o_data[3504]	OUTPUT	SIGNAL	M4	0.0	87.84	0.084	87.864
o_data[3505]	OUTPUT	SIGNAL	M4	0.0	93.888	0.084	93.912
o_data[3506]	OUTPUT	SIGNAL	M4	0.0	91.776	0.084	91.8
o_data[3507]	OUTPUT	SIGNAL	M4	0.0	95.472	0.084	95.496
o_data[3508]	OUTPUT	SIGNAL	M4	0.0	93.312	0.084	93.336
o_data[3509]	OUTPUT	SIGNAL	M4	0.0	87.888	0.084	87.912
o_data[350]	OUTPUT	SIGNAL	M4	0.0	147.12	0.084	147.144
o_data[3510]	OUTPUT	SIGNAL	M4	0.0	86.592	0.084	86.616
o_data[3511]	OUTPUT	SIGNAL	M4	0.0	88.896	0.084	88.92
o_data[3512]	OUTPUT	SIGNAL	M4	0.0	89.232	0.084	89.256
o_data[3513]	OUTPUT	SIGNAL	M4	0.0	91.2	0.084	91.224
o_data[3514]	OUTPUT	SIGNAL	M4	0.0	92.4	0.084	92.424
o_data[3515]	OUTPUT	SIGNAL	M4	0.0	92.928	0.084	92.952
o_data[3516]	OUTPUT	SIGNAL	M4	0.0	92.448	0.084	92.472
o_data[3517]	OUTPUT	SIGNAL	M4	0.0	90.096	0.084	90.12
o_data[3518]	OUTPUT	SIGNAL	M4	0.0	91.584	0.084	91.608
o_data[3519]	OUTPUT	SIGNAL	M4	0.0	88.8	0.084	88.824
o_data[351]	OUTPUT	SIGNAL	M4	0.0	150.576	0.084	150.6
o_data[3520]	OUTPUT	SIGNAL	M5	74.304	335.529	74.328	335.613
o_data[3521]	OUTPUT	SIGNAL	M5	72.336	335.529	72.36	335.613
o_data[3522]	OUTPUT	SIGNAL	M5	73.536	335.529	73.56	335.613
o_data[3523]	OUTPUT	SIGNAL	M5	75.12	335.529	75.144	335.613
o_data[3524]	OUTPUT	SIGNAL	M5	74.832	335.529	74.856	335.613
o_data[3525]	OUTPUT	SIGNAL	M5	74.688	335.529	74.712	335.613
o_data[3526]	OUTPUT	SIGNAL	M5	72.48	335.529	72.504	335.613
o_data[3527]	OUTPUT	SIGNAL	M5	75.456	335.529	75.48	335.613
o_data[3528]	OUTPUT	SIGNAL	M5	73.296	335.529	73.32	335.613
o_data[3529]	OUTPUT	SIGNAL	M5	75.216	335.529	75.24	335.613
o_data[352]	OUTPUT	SIGNAL	M4	0.0	150.288	0.084	150.312
o_data[3530]	OUTPUT	SIGNAL	M5	75.312	335.529	75.336	335.613
o_data[3531]	OUTPUT	SIGNAL	M5	74.16	335.529	74.184	335.613
o_data[3532]	OUTPUT	SIGNAL	M5	66.096	335.529	66.12	335.613
o_data[3533]	OUTPUT	SIGNAL	M5	74.352	335.529	74.376	335.613
o_data[3534]	OUTPUT	SIGNAL	M5	73.104	335.529	73.128	335.613
o_data[3535]	OUTPUT	SIGNAL	M5	63.696	335.529	63.72	335.613
o_data[3536]	OUTPUT	SIGNAL	M5	62.88	335.529	62.904	335.613
o_data[3537]	OUTPUT	SIGNAL	M5	64.944	335.529	64.968	335.613
o_data[3538]	OUTPUT	SIGNAL	M5	64.848	335.529	64.872	335.613
o_data[3539]	OUTPUT	SIGNAL	M5	65.904	335.529	65.928	335.613
o_data[353]	OUTPUT	SIGNAL	M4	0.0	150.816	0.084	150.84
o_data[3540]	OUTPUT	SIGNAL	M5	58.224	335.529	58.248	335.613
o_data[3541]	OUTPUT	SIGNAL	M5	64.992	335.529	65.016	335.613
o_data[3542]	OUTPUT	SIGNAL	M5	61.92	335.529	61.944	335.613
o_data[3543]	OUTPUT	SIGNAL	M5	62.064	335.529	62.088	335.613
o_data[3544]	OUTPUT	SIGNAL	M5	65.856	335.529	65.88	335.613
o_data[3545]	OUTPUT	SIGNAL	M5	64.032	335.529	64.056	335.613
o_data[3546]	OUTPUT	SIGNAL	M5	62.496	335.529	62.52	335.613
o_data[3547]	OUTPUT	SIGNAL	M5	62.544	335.529	62.568	335.613
o_data[3548]	OUTPUT	SIGNAL	M5	65.952	335.529	65.976	335.613
o_data[3549]	OUTPUT	SIGNAL	M5	65.328	335.529	65.352	335.613
o_data[354]	OUTPUT	SIGNAL	M4	0.0	146.448	0.084	146.472
o_data[3550]	OUTPUT	SIGNAL	M5	61.248	335.529	61.272	335.613
o_data[3551]	OUTPUT	SIGNAL	M5	58.032	335.529	58.056	335.613
o_data[3552]	OUTPUT	SIGNAL	M5	65.664	335.529	65.688	335.613
o_data[3553]	OUTPUT	SIGNAL	M5	62.592	335.529	62.616	335.613
o_data[3554]	OUTPUT	SIGNAL	M5	62.784	335.529	62.808	335.613
o_data[3555]	OUTPUT	SIGNAL	M5	64.704	335.529	64.728	335.613
o_data[3556]	OUTPUT	SIGNAL	M5	60.24	335.529	60.264	335.613
o_data[3557]	OUTPUT	SIGNAL	M5	62.016	335.529	62.04	335.613
o_data[3558]	OUTPUT	SIGNAL	M5	64.8	335.529	64.824	335.613
o_data[3559]	OUTPUT	SIGNAL	M5	63.456	335.529	63.48	335.613
o_data[355]	OUTPUT	SIGNAL	M4	0.0	147.072	0.084	147.096
o_data[3560]	OUTPUT	SIGNAL	M5	63.936	335.529	63.96	335.613
o_data[3561]	OUTPUT	SIGNAL	M5	60.96	335.529	60.984	335.613
o_data[3562]	OUTPUT	SIGNAL	M5	63.12	335.529	63.144	335.613
o_data[3563]	OUTPUT	SIGNAL	M5	59.376	335.529	59.4	335.613
o_data[3564]	OUTPUT	SIGNAL	M5	65.376	335.529	65.4	335.613
o_data[3565]	OUTPUT	SIGNAL	M5	63.168	335.529	63.192	335.613
o_data[3566]	OUTPUT	SIGNAL	M5	60.048	335.529	60.072	335.613
o_data[3567]	OUTPUT	SIGNAL	M5	57.36	335.529	57.384	335.613
o_data[3568]	OUTPUT	SIGNAL	M5	64.224	335.529	64.248	335.613
o_data[3569]	OUTPUT	SIGNAL	M5	61.824	335.529	61.848	335.613
o_data[356]	OUTPUT	SIGNAL	M4	0.0	151.152	0.084	151.176
o_data[3570]	OUTPUT	SIGNAL	M5	63.312	335.529	63.336	335.613
o_data[3571]	OUTPUT	SIGNAL	M5	64.512	335.529	64.536	335.613
o_data[3572]	OUTPUT	SIGNAL	M5	61.152	335.529	61.176	335.613
o_data[3573]	OUTPUT	SIGNAL	M5	62.976	335.529	63.0	335.613
o_data[3574]	OUTPUT	SIGNAL	M5	64.272	335.529	64.296	335.613
o_data[3575]	OUTPUT	SIGNAL	M5	65.76	335.529	65.784	335.613
o_data[3576]	OUTPUT	SIGNAL	M5	63.072	335.529	63.096	335.613
o_data[3577]	OUTPUT	SIGNAL	M5	63.216	335.529	63.24	335.613
o_data[3578]	OUTPUT	SIGNAL	M5	64.464	335.529	64.488	335.613
o_data[3579]	OUTPUT	SIGNAL	M5	60.816	335.529	60.84	335.613
o_data[357]	OUTPUT	SIGNAL	M4	0.0	149.088	0.084	149.112
o_data[3580]	OUTPUT	SIGNAL	M5	62.112	335.529	62.136	335.613
o_data[3581]	OUTPUT	SIGNAL	M5	61.632	335.529	61.656	335.613
o_data[3582]	OUTPUT	SIGNAL	M5	64.176	335.529	64.2	335.613
o_data[3583]	OUTPUT	SIGNAL	M5	63.6	335.529	63.624	335.613
o_data[3584]	OUTPUT	SIGNAL	M5	60.384	335.529	60.408	335.613
o_data[3585]	OUTPUT	SIGNAL	M5	61.344	335.529	61.368	335.613
o_data[3586]	OUTPUT	SIGNAL	M5	64.656	335.529	64.68	335.613
o_data[3587]	OUTPUT	SIGNAL	M5	59.232	335.529	59.256	335.613
o_data[3588]	OUTPUT	SIGNAL	M5	58.368	335.529	58.392	335.613
o_data[3589]	OUTPUT	SIGNAL	M5	60.336	335.529	60.36	335.613
o_data[358]	OUTPUT	SIGNAL	M4	0.0	150.72	0.084	150.744
o_data[3590]	OUTPUT	SIGNAL	M5	58.656	335.529	58.68	335.613
o_data[3591]	OUTPUT	SIGNAL	M5	60.576	335.529	60.6	335.613
o_data[3592]	OUTPUT	SIGNAL	M5	61.056	335.529	61.08	335.613
o_data[3593]	OUTPUT	SIGNAL	M5	62.16	335.529	62.184	335.613
o_data[3594]	OUTPUT	SIGNAL	M5	65.04	335.529	65.064	335.613
o_data[3595]	OUTPUT	SIGNAL	M5	64.608	335.529	64.632	335.613
o_data[3596]	OUTPUT	SIGNAL	M5	62.928	335.529	62.952	335.613
o_data[3597]	OUTPUT	SIGNAL	M5	58.128	335.529	58.152	335.613
o_data[3598]	OUTPUT	SIGNAL	M5	61.968	335.529	61.992	335.613
o_data[3599]	OUTPUT	SIGNAL	M5	61.008	335.529	61.032	335.613
o_data[359]	OUTPUT	SIGNAL	M4	0.0	151.44	0.084	151.464
o_data[35]	OUTPUT	SIGNAL	M4	335.529	184.704	335.613	184.728
o_data[3600]	OUTPUT	SIGNAL	M5	50.928	335.529	50.952	335.613
o_data[3601]	OUTPUT	SIGNAL	M5	49.584	335.529	49.608	335.613
o_data[3602]	OUTPUT	SIGNAL	M5	50.88	335.529	50.904	335.613
o_data[3603]	OUTPUT	SIGNAL	M5	50.736	335.529	50.76	335.613
o_data[3604]	OUTPUT	SIGNAL	M5	50.496	335.529	50.52	335.613
o_data[3605]	OUTPUT	SIGNAL	M5	48.672	335.529	48.696	335.613
o_data[3606]	OUTPUT	SIGNAL	M5	48.48	335.529	48.504	335.613
o_data[3607]	OUTPUT	SIGNAL	M5	48.72	335.529	48.744	335.613
o_data[3608]	OUTPUT	SIGNAL	M5	46.56	335.529	46.584	335.613
o_data[3609]	OUTPUT	SIGNAL	M5	47.28	335.529	47.304	335.613
o_data[360]	OUTPUT	SIGNAL	M4	0.0	147.024	0.084	147.048
o_data[3610]	OUTPUT	SIGNAL	M5	44.16	335.529	44.184	335.613
o_data[3611]	OUTPUT	SIGNAL	M5	46.944	335.529	46.968	335.613
o_data[3612]	OUTPUT	SIGNAL	M5	46.08	335.529	46.104	335.613
o_data[3613]	OUTPUT	SIGNAL	M5	45.024	335.529	45.048	335.613
o_data[3614]	OUTPUT	SIGNAL	M5	42.864	335.529	42.888	335.613
o_data[3615]	OUTPUT	SIGNAL	M5	43.008	335.529	43.032	335.613
o_data[3616]	OUTPUT	SIGNAL	M5	61.392	335.529	61.416	335.613
o_data[3617]	OUTPUT	SIGNAL	M5	62.688	335.529	62.712	335.613
o_data[3618]	OUTPUT	SIGNAL	M5	65.472	335.529	65.496	335.613
o_data[3619]	OUTPUT	SIGNAL	M5	65.28	335.529	65.304	335.613
o_data[361]	OUTPUT	SIGNAL	M4	0.0	146.736	0.084	146.76
o_data[3620]	OUTPUT	SIGNAL	M5	59.136	335.529	59.16	335.613
o_data[3621]	OUTPUT	SIGNAL	M5	61.68	335.529	61.704	335.613
o_data[3622]	OUTPUT	SIGNAL	M5	61.728	335.529	61.752	335.613
o_data[3623]	OUTPUT	SIGNAL	M5	62.304	335.529	62.328	335.613
o_data[3624]	OUTPUT	SIGNAL	M5	63.984	335.529	64.008	335.613
o_data[3625]	OUTPUT	SIGNAL	M5	63.888	335.529	63.912	335.613
o_data[3626]	OUTPUT	SIGNAL	M5	63.504	335.529	63.528	335.613
o_data[3627]	OUTPUT	SIGNAL	M5	65.136	335.529	65.16	335.613
o_data[3628]	OUTPUT	SIGNAL	M5	60.672	335.529	60.696	335.613
o_data[3629]	OUTPUT	SIGNAL	M5	58.896	335.529	58.92	335.613
o_data[362]	OUTPUT	SIGNAL	M4	0.0	151.344	0.084	151.368
o_data[3630]	OUTPUT	SIGNAL	M5	64.896	335.529	64.92	335.613
o_data[3631]	OUTPUT	SIGNAL	M5	61.296	335.529	61.32	335.613
o_data[3632]	OUTPUT	SIGNAL	M5	51.168	335.529	51.192	335.613
o_data[3633]	OUTPUT	SIGNAL	M5	51.12	335.529	51.144	335.613
o_data[3634]	OUTPUT	SIGNAL	M5	51.216	335.529	51.24	335.613
o_data[3635]	OUTPUT	SIGNAL	M5	51.264	335.529	51.288	335.613
o_data[3636]	OUTPUT	SIGNAL	M5	50.832	335.529	50.856	335.613
o_data[3637]	OUTPUT	SIGNAL	M5	48.864	335.529	48.888	335.613
o_data[3638]	OUTPUT	SIGNAL	M5	46.128	335.529	46.152	335.613
o_data[3639]	OUTPUT	SIGNAL	M5	48.048	335.529	48.072	335.613
o_data[363]	OUTPUT	SIGNAL	M4	0.0	151.488	0.084	151.512
o_data[3640]	OUTPUT	SIGNAL	M5	44.352	335.529	44.376	335.613
o_data[3641]	OUTPUT	SIGNAL	M5	47.232	335.529	47.256	335.613
o_data[3642]	OUTPUT	SIGNAL	M5	43.728	335.529	43.752	335.613
o_data[3643]	OUTPUT	SIGNAL	M5	44.016	335.529	44.04	335.613
o_data[3644]	OUTPUT	SIGNAL	M5	46.512	335.529	46.536	335.613
o_data[3645]	OUTPUT	SIGNAL	M5	45.264	335.529	45.288	335.613
o_data[3646]	OUTPUT	SIGNAL	M5	43.056	335.529	43.08	335.613
o_data[3647]	OUTPUT	SIGNAL	M5	42.72	335.529	42.744	335.613
o_data[3648]	OUTPUT	SIGNAL	M5	66.048	335.529	66.072	335.613
o_data[3649]	OUTPUT	SIGNAL	M5	65.424	335.529	65.448	335.613
o_data[364]	OUTPUT	SIGNAL	M4	0.0	146.976	0.084	147.0
o_data[3650]	OUTPUT	SIGNAL	M5	64.416	335.529	64.44	335.613
o_data[3651]	OUTPUT	SIGNAL	M5	66.0	335.529	66.024	335.613
o_data[3652]	OUTPUT	SIGNAL	M5	65.232	335.529	65.256	335.613
o_data[3653]	OUTPUT	SIGNAL	M5	65.808	335.529	65.832	335.613
o_data[3654]	OUTPUT	SIGNAL	M5	63.552	335.529	63.576	335.613
o_data[3655]	OUTPUT	SIGNAL	M5	65.184	335.529	65.208	335.613
o_data[3656]	OUTPUT	SIGNAL	M5	55.056	335.529	55.08	335.613
o_data[3657]	OUTPUT	SIGNAL	M5	54.432	335.529	54.456	335.613
o_data[3658]	OUTPUT	SIGNAL	M5	53.328	335.529	53.352	335.613
o_data[3659]	OUTPUT	SIGNAL	M5	55.584	335.529	55.608	335.613
o_data[365]	OUTPUT	SIGNAL	M4	0.0	150.0	0.084	150.024
o_data[3660]	OUTPUT	SIGNAL	M5	56.256	335.529	56.28	335.613
o_data[3661]	OUTPUT	SIGNAL	M5	53.28	335.529	53.304	335.613
o_data[3662]	OUTPUT	SIGNAL	M5	55.968	335.529	55.992	335.613
o_data[3663]	OUTPUT	SIGNAL	M5	55.392	335.529	55.416	335.613
o_data[3664]	OUTPUT	SIGNAL	M5	56.4	335.529	56.424	335.613
o_data[3665]	OUTPUT	SIGNAL	M5	53.184	335.529	53.208	335.613
o_data[3666]	OUTPUT	SIGNAL	M5	56.112	335.529	56.136	335.613
o_data[3667]	OUTPUT	SIGNAL	M5	55.152	335.529	55.176	335.613
o_data[3668]	OUTPUT	SIGNAL	M5	53.136	335.529	53.16	335.613
o_data[3669]	OUTPUT	SIGNAL	M5	51.888	335.529	51.912	335.613
o_data[366]	OUTPUT	SIGNAL	M4	0.0	148.848	0.084	148.872
o_data[3670]	OUTPUT	SIGNAL	M5	55.632	335.529	55.656	335.613
o_data[3671]	OUTPUT	SIGNAL	M5	53.088	335.529	53.112	335.613
o_data[3672]	OUTPUT	SIGNAL	M5	55.872	335.529	55.896	335.613
o_data[3673]	OUTPUT	SIGNAL	M5	55.488	335.529	55.512	335.613
o_data[3674]	OUTPUT	SIGNAL	M5	50.304	335.529	50.328	335.613
o_data[3675]	OUTPUT	SIGNAL	M5	52.992	335.529	53.016	335.613
o_data[3676]	OUTPUT	SIGNAL	M5	54.048	335.529	54.072	335.613
o_data[3677]	OUTPUT	SIGNAL	M5	55.536	335.529	55.56	335.613
o_data[3678]	OUTPUT	SIGNAL	M5	56.448	335.529	56.472	335.613
o_data[3679]	OUTPUT	SIGNAL	M5	50.256	335.529	50.28	335.613
o_data[367]	OUTPUT	SIGNAL	M4	0.0	151.392	0.084	151.416
o_data[3680]	OUTPUT	SIGNAL	M5	53.952	335.529	53.976	335.613
o_data[3681]	OUTPUT	SIGNAL	M5	52.8	335.529	52.824	335.613
o_data[3682]	OUTPUT	SIGNAL	M5	56.064	335.529	56.088	335.613
o_data[3683]	OUTPUT	SIGNAL	M5	52.896	335.529	52.92	335.613
o_data[3684]	OUTPUT	SIGNAL	M5	50.208	335.529	50.232	335.613
o_data[3685]	OUTPUT	SIGNAL	M5	55.44	335.529	55.464	335.613
o_data[3686]	OUTPUT	SIGNAL	M5	56.16	335.529	56.184	335.613
o_data[3687]	OUTPUT	SIGNAL	M5	52.704	335.529	52.728	335.613
o_data[3688]	OUTPUT	SIGNAL	M5	54.72	335.529	54.744	335.613
o_data[3689]	OUTPUT	SIGNAL	M5	55.344	335.529	55.368	335.613
o_data[368]	OUTPUT	SIGNAL	M4	0.0	149.232	0.084	149.256
o_data[3690]	OUTPUT	SIGNAL	M5	52.656	335.529	52.68	335.613
o_data[3691]	OUTPUT	SIGNAL	M5	50.112	335.529	50.136	335.613
o_data[3692]	OUTPUT	SIGNAL	M5	55.296	335.529	55.32	335.613
o_data[3693]	OUTPUT	SIGNAL	M5	49.536	335.529	49.56	335.613
o_data[3694]	OUTPUT	SIGNAL	M5	56.016	335.529	56.04	335.613
o_data[3695]	OUTPUT	SIGNAL	M5	50.064	335.529	50.088	335.613
o_data[3696]	OUTPUT	SIGNAL	M5	52.56	335.529	52.584	335.613
o_data[3697]	OUTPUT	SIGNAL	M5	55.104	335.529	55.128	335.613
o_data[3698]	OUTPUT	SIGNAL	M5	56.208	335.529	56.232	335.613
o_data[3699]	OUTPUT	SIGNAL	M5	52.512	335.529	52.536	335.613
o_data[369]	OUTPUT	SIGNAL	M4	0.0	146.88	0.084	146.904
o_data[36]	OUTPUT	SIGNAL	M4	335.529	184.752	335.613	184.776
o_data[3700]	OUTPUT	SIGNAL	M5	50.016	335.529	50.04	335.613
o_data[3701]	OUTPUT	SIGNAL	M5	49.392	335.529	49.416	335.613
o_data[3702]	OUTPUT	SIGNAL	M5	52.464	335.529	52.488	335.613
o_data[3703]	OUTPUT	SIGNAL	M5	55.776	335.529	55.8	335.613
o_data[3704]	OUTPUT	SIGNAL	M5	54.912	335.529	54.936	335.613
o_data[3705]	OUTPUT	SIGNAL	M5	52.416	335.529	52.44	335.613
o_data[3706]	OUTPUT	SIGNAL	M5	49.968	335.529	49.992	335.613
o_data[3707]	OUTPUT	SIGNAL	M5	49.008	335.529	49.032	335.613
o_data[3708]	OUTPUT	SIGNAL	M5	53.904	335.529	53.928	335.613
o_data[3709]	OUTPUT	SIGNAL	M5	52.32	335.529	52.344	335.613
o_data[370]	OUTPUT	SIGNAL	M4	0.0	151.872	0.084	151.896
o_data[3710]	OUTPUT	SIGNAL	M5	55.728	335.529	55.752	335.613
o_data[3711]	OUTPUT	SIGNAL	M5	54.144	335.529	54.168	335.613
o_data[3712]	OUTPUT	SIGNAL	M4	0.0	269.664	0.084	269.688
o_data[3713]	OUTPUT	SIGNAL	M4	0.0	267.408	0.084	267.432
o_data[3714]	OUTPUT	SIGNAL	M4	0.0	268.176	0.084	268.2
o_data[3715]	OUTPUT	SIGNAL	M4	0.0	267.264	0.084	267.288
o_data[3716]	OUTPUT	SIGNAL	M4	0.0	269.04	0.084	269.064
o_data[3717]	OUTPUT	SIGNAL	M4	0.0	270.768	0.084	270.792
o_data[3718]	OUTPUT	SIGNAL	M4	0.0	271.968	0.084	271.992
o_data[3719]	OUTPUT	SIGNAL	M4	0.0	272.736	0.084	272.76
o_data[371]	OUTPUT	SIGNAL	M4	0.0	151.536	0.084	151.56
o_data[3720]	OUTPUT	SIGNAL	M4	0.0	271.44	0.084	271.464
o_data[3721]	OUTPUT	SIGNAL	M4	0.0	268.896	0.084	268.92
o_data[3722]	OUTPUT	SIGNAL	M4	0.0	266.88	0.084	266.904
o_data[3723]	OUTPUT	SIGNAL	M4	0.0	267.888	0.084	267.912
o_data[3724]	OUTPUT	SIGNAL	M4	0.0	268.992	0.084	269.016
o_data[3725]	OUTPUT	SIGNAL	M4	0.0	272.88	0.084	272.904
o_data[3726]	OUTPUT	SIGNAL	M4	0.0	272.928	0.084	272.952
o_data[3727]	OUTPUT	SIGNAL	M4	0.0	266.784	0.084	266.808
o_data[3728]	OUTPUT	SIGNAL	M4	0.0	262.944	0.084	262.968
o_data[3729]	OUTPUT	SIGNAL	M4	0.0	263.712	0.084	263.736
o_data[372]	OUTPUT	SIGNAL	M4	0.0	149.856	0.084	149.88
o_data[3730]	OUTPUT	SIGNAL	M4	0.0	262.848	0.084	262.872
o_data[3731]	OUTPUT	SIGNAL	M4	0.0	261.792	0.084	261.816
o_data[3732]	OUTPUT	SIGNAL	M4	0.0	261.456	0.084	261.48
o_data[3733]	OUTPUT	SIGNAL	M4	0.0	260.928	0.084	260.952
o_data[3734]	OUTPUT	SIGNAL	M4	0.0	260.16	0.084	260.184
o_data[3735]	OUTPUT	SIGNAL	M4	0.0	257.712	0.084	257.736
o_data[3736]	OUTPUT	SIGNAL	M4	0.0	257.328	0.084	257.352
o_data[3737]	OUTPUT	SIGNAL	M4	0.0	258.816	0.084	258.84
o_data[3738]	OUTPUT	SIGNAL	M4	0.0	259.104	0.084	259.128
o_data[3739]	OUTPUT	SIGNAL	M4	0.0	261.36	0.084	261.384
o_data[373]	OUTPUT	SIGNAL	M4	0.0	146.16	0.084	146.184
o_data[3740]	OUTPUT	SIGNAL	M4	0.0	260.112	0.084	260.136
o_data[3741]	OUTPUT	SIGNAL	M4	0.0	257.136	0.084	257.16
o_data[3742]	OUTPUT	SIGNAL	M4	0.0	254.208	0.084	254.232
o_data[3743]	OUTPUT	SIGNAL	M4	0.0	255.888	0.084	255.912
o_data[3744]	OUTPUT	SIGNAL	M4	0.0	269.952	0.084	269.976
o_data[3745]	OUTPUT	SIGNAL	M4	0.0	266.256	0.084	266.28
o_data[3746]	OUTPUT	SIGNAL	M4	0.0	267.984	0.084	268.008
o_data[3747]	OUTPUT	SIGNAL	M4	0.0	267.168	0.084	267.192
o_data[3748]	OUTPUT	SIGNAL	M4	0.0	266.496	0.084	266.52
o_data[3749]	OUTPUT	SIGNAL	M4	0.0	272.976	0.084	273.0
o_data[374]	OUTPUT	SIGNAL	M4	0.0	152.016	0.084	152.04
o_data[3750]	OUTPUT	SIGNAL	M4	0.0	273.504	0.084	273.528
o_data[3751]	OUTPUT	SIGNAL	M4	0.0	272.4	0.084	272.424
o_data[3752]	OUTPUT	SIGNAL	M4	0.0	271.536	0.084	271.56
o_data[3753]	OUTPUT	SIGNAL	M4	0.0	269.712	0.084	269.736
o_data[3754]	OUTPUT	SIGNAL	M4	0.0	267.504	0.084	267.528
o_data[3755]	OUTPUT	SIGNAL	M4	0.0	267.6	0.084	267.624
o_data[3756]	OUTPUT	SIGNAL	M4	0.0	268.944	0.084	268.968
o_data[3757]	OUTPUT	SIGNAL	M4	0.0	271.152	0.084	271.176
o_data[3758]	OUTPUT	SIGNAL	M4	0.0	270.288	0.084	270.312
o_data[3759]	OUTPUT	SIGNAL	M4	0.0	267.936	0.084	267.96
o_data[375]	OUTPUT	SIGNAL	M4	0.0	149.472	0.084	149.496
o_data[3760]	OUTPUT	SIGNAL	M4	0.0	259.68	0.084	259.704
o_data[3761]	OUTPUT	SIGNAL	M4	0.0	261.6	0.084	261.624
o_data[3762]	OUTPUT	SIGNAL	M4	0.0	262.224	0.084	262.248
o_data[3763]	OUTPUT	SIGNAL	M4	0.0	260.496	0.084	260.52
o_data[3764]	OUTPUT	SIGNAL	M4	0.0	264.672	0.084	264.696
o_data[3765]	OUTPUT	SIGNAL	M4	0.0	257.808	0.084	257.832
o_data[3766]	OUTPUT	SIGNAL	M4	0.0	257.76	0.084	257.784
o_data[3767]	OUTPUT	SIGNAL	M4	0.0	256.848	0.084	256.872
o_data[3768]	OUTPUT	SIGNAL	M4	0.0	256.128	0.084	256.152
o_data[3769]	OUTPUT	SIGNAL	M4	0.0	256.8	0.084	256.824
o_data[376]	OUTPUT	SIGNAL	M4	0.0	146.832	0.084	146.856
o_data[3770]	OUTPUT	SIGNAL	M4	0.0	257.424	0.084	257.448
o_data[3771]	OUTPUT	SIGNAL	M4	0.0	261.216	0.084	261.24
o_data[3772]	OUTPUT	SIGNAL	M4	0.0	260.592	0.084	260.616
o_data[3773]	OUTPUT	SIGNAL	M4	0.0	257.952	0.084	257.976
o_data[3774]	OUTPUT	SIGNAL	M4	0.0	255.792	0.084	255.816
o_data[3775]	OUTPUT	SIGNAL	M4	0.0	255.072	0.084	255.096
o_data[3776]	OUTPUT	SIGNAL	M4	0.0	116.544	0.084	116.568
o_data[3777]	OUTPUT	SIGNAL	M4	0.0	114.48	0.084	114.504
o_data[3778]	OUTPUT	SIGNAL	M4	0.0	113.904	0.084	113.928
o_data[3779]	OUTPUT	SIGNAL	M4	0.0	113.328	0.084	113.352
o_data[377]	OUTPUT	SIGNAL	M4	0.0	146.4	0.084	146.424
o_data[3780]	OUTPUT	SIGNAL	M4	0.0	115.104	0.084	115.128
o_data[3781]	OUTPUT	SIGNAL	M4	0.0	115.488	0.084	115.512
o_data[3782]	OUTPUT	SIGNAL	M4	0.0	118.128	0.084	118.152
o_data[3783]	OUTPUT	SIGNAL	M4	0.0	117.744	0.084	117.768
o_data[3784]	OUTPUT	SIGNAL	M4	0.0	122.544	0.084	122.568
o_data[3785]	OUTPUT	SIGNAL	M4	0.0	118.896	0.084	118.92
o_data[3786]	OUTPUT	SIGNAL	M4	0.0	119.04	0.084	119.064
o_data[3787]	OUTPUT	SIGNAL	M4	0.0	121.584	0.084	121.608
o_data[3788]	OUTPUT	SIGNAL	M4	0.0	120.48	0.084	120.504
o_data[3789]	OUTPUT	SIGNAL	M4	0.0	124.8	0.084	124.824
o_data[378]	OUTPUT	SIGNAL	M4	0.0	149.76	0.084	149.784
o_data[3790]	OUTPUT	SIGNAL	M4	0.0	123.84	0.084	123.864
o_data[3791]	OUTPUT	SIGNAL	M4	0.0	125.184	0.084	125.208
o_data[3792]	OUTPUT	SIGNAL	M4	0.0	129.84	0.084	129.864
o_data[3793]	OUTPUT	SIGNAL	M4	0.0	130.08	0.084	130.104
o_data[3794]	OUTPUT	SIGNAL	M4	0.0	128.4	0.084	128.424
o_data[3795]	OUTPUT	SIGNAL	M4	0.0	127.632	0.084	127.656
o_data[3796]	OUTPUT	SIGNAL	M4	0.0	131.136	0.084	131.16
o_data[3797]	OUTPUT	SIGNAL	M4	0.0	131.664	0.084	131.688
o_data[3798]	OUTPUT	SIGNAL	M4	0.0	133.344	0.084	133.368
o_data[3799]	OUTPUT	SIGNAL	M4	0.0	135.072	0.084	135.096
o_data[379]	OUTPUT	SIGNAL	M4	0.0	151.008	0.084	151.032
o_data[37]	OUTPUT	SIGNAL	M4	335.529	183.072	335.613	183.096
o_data[3800]	OUTPUT	SIGNAL	M4	0.0	133.92	0.084	133.944
o_data[3801]	OUTPUT	SIGNAL	M4	0.0	132.384	0.084	132.408
o_data[3802]	OUTPUT	SIGNAL	M4	0.0	139.488	0.084	139.512
o_data[3803]	OUTPUT	SIGNAL	M4	0.0	137.376	0.084	137.4
o_data[3804]	OUTPUT	SIGNAL	M4	0.0	134.928	0.084	134.952
o_data[3805]	OUTPUT	SIGNAL	M4	0.0	135.936	0.084	135.96
o_data[3806]	OUTPUT	SIGNAL	M4	0.0	140.208	0.084	140.232
o_data[3807]	OUTPUT	SIGNAL	M4	0.0	138.816	0.084	138.84
o_data[3808]	OUTPUT	SIGNAL	M4	0.0	115.584	0.084	115.608
o_data[3809]	OUTPUT	SIGNAL	M4	0.0	113.232	0.084	113.256
o_data[380]	OUTPUT	SIGNAL	M4	0.0	148.608	0.084	148.632
o_data[3810]	OUTPUT	SIGNAL	M4	0.0	111.984	0.084	112.008
o_data[3811]	OUTPUT	SIGNAL	M4	0.0	112.176	0.084	112.2
o_data[3812]	OUTPUT	SIGNAL	M4	0.0	111.6	0.084	111.624
o_data[3813]	OUTPUT	SIGNAL	M4	0.0	112.32	0.084	112.344
o_data[3814]	OUTPUT	SIGNAL	M4	0.0	111.648	0.084	111.672
o_data[3815]	OUTPUT	SIGNAL	M4	0.0	112.992	0.084	113.016
o_data[3816]	OUTPUT	SIGNAL	M4	0.0	122.784	0.084	122.808
o_data[3817]	OUTPUT	SIGNAL	M4	0.0	119.616	0.084	119.64
o_data[3818]	OUTPUT	SIGNAL	M4	0.0	120.384	0.084	120.408
o_data[3819]	OUTPUT	SIGNAL	M4	0.0	121.104	0.084	121.128
o_data[381]	OUTPUT	SIGNAL	M4	0.0	151.824	0.084	151.848
o_data[3820]	OUTPUT	SIGNAL	M4	0.0	121.392	0.084	121.416
o_data[3821]	OUTPUT	SIGNAL	M4	0.0	123.744	0.084	123.768
o_data[3822]	OUTPUT	SIGNAL	M4	0.0	124.944	0.084	124.968
o_data[3823]	OUTPUT	SIGNAL	M4	0.0	126.192	0.084	126.216
o_data[3824]	OUTPUT	SIGNAL	M4	0.0	128.496	0.084	128.52
o_data[3825]	OUTPUT	SIGNAL	M4	0.0	130.128	0.084	130.152
o_data[3826]	OUTPUT	SIGNAL	M4	0.0	129.216	0.084	129.24
o_data[3827]	OUTPUT	SIGNAL	M4	0.0	128.736	0.084	128.76
o_data[3828]	OUTPUT	SIGNAL	M4	0.0	130.608	0.084	130.632
o_data[3829]	OUTPUT	SIGNAL	M4	0.0	131.712	0.084	131.736
o_data[382]	OUTPUT	SIGNAL	M4	0.0	151.248	0.084	151.272
o_data[3830]	OUTPUT	SIGNAL	M4	0.0	133.104	0.084	133.128
o_data[3831]	OUTPUT	SIGNAL	M4	0.0	134.16	0.084	134.184
o_data[3832]	OUTPUT	SIGNAL	M4	0.0	134.064	0.084	134.088
o_data[3833]	OUTPUT	SIGNAL	M4	0.0	132.864	0.084	132.888
o_data[3834]	OUTPUT	SIGNAL	M4	0.0	136.56	0.084	136.584
o_data[3835]	OUTPUT	SIGNAL	M4	0.0	137.232	0.084	137.256
o_data[3836]	OUTPUT	SIGNAL	M4	0.0	134.976	0.084	135.0
o_data[3837]	OUTPUT	SIGNAL	M4	0.0	135.744	0.084	135.768
o_data[3838]	OUTPUT	SIGNAL	M4	0.0	139.872	0.084	139.896
o_data[3839]	OUTPUT	SIGNAL	M4	0.0	138.768	0.084	138.792
o_data[383]	OUTPUT	SIGNAL	M4	0.0	149.664	0.084	149.688
o_data[3840]	OUTPUT	SIGNAL	M5	67.008	0.0	67.032	0.084
o_data[3841]	OUTPUT	SIGNAL	M5	64.8	0.0	64.824	0.084
o_data[3842]	OUTPUT	SIGNAL	M5	67.68	0.0	67.704	0.084
o_data[3843]	OUTPUT	SIGNAL	M5	66.336	0.0	66.36	0.084
o_data[3844]	OUTPUT	SIGNAL	M5	67.584	0.0	67.608	0.084
o_data[3845]	OUTPUT	SIGNAL	M5	66.768	0.0	66.792	0.084
o_data[3846]	OUTPUT	SIGNAL	M5	67.632	0.0	67.656	0.084
o_data[3847]	OUTPUT	SIGNAL	M5	67.536	0.0	67.56	0.084
o_data[3848]	OUTPUT	SIGNAL	M5	66.864	0.0	66.888	0.084
o_data[3849]	OUTPUT	SIGNAL	M5	67.824	0.0	67.848	0.084
o_data[384]	OUTPUT	SIGNAL	M4	0.0	96.096	0.084	96.12
o_data[3850]	OUTPUT	SIGNAL	M5	67.872	0.0	67.896	0.084
o_data[3851]	OUTPUT	SIGNAL	M5	67.392	0.0	67.416	0.084
o_data[3852]	OUTPUT	SIGNAL	M5	67.296	0.0	67.32	0.084
o_data[3853]	OUTPUT	SIGNAL	M5	67.44	0.0	67.464	0.084
o_data[3854]	OUTPUT	SIGNAL	M5	67.488	0.0	67.512	0.084
o_data[3855]	OUTPUT	SIGNAL	M5	66.384	0.0	66.408	0.084
o_data[3856]	OUTPUT	SIGNAL	M5	65.088	0.0	65.112	0.084
o_data[3857]	OUTPUT	SIGNAL	M5	65.952	0.0	65.976	0.084
o_data[3858]	OUTPUT	SIGNAL	M5	66.144	0.0	66.168	0.084
o_data[3859]	OUTPUT	SIGNAL	M5	66.432	0.0	66.456	0.084
o_data[385]	OUTPUT	SIGNAL	M4	0.0	91.632	0.084	91.656
o_data[3860]	OUTPUT	SIGNAL	M5	67.248	0.0	67.272	0.084
o_data[3861]	OUTPUT	SIGNAL	M5	67.344	0.0	67.368	0.084
o_data[3862]	OUTPUT	SIGNAL	M5	65.424	0.0	65.448	0.084
o_data[3863]	OUTPUT	SIGNAL	M5	65.28	0.0	65.304	0.084
o_data[3864]	OUTPUT	SIGNAL	M5	64.752	0.0	64.776	0.084
o_data[3865]	OUTPUT	SIGNAL	M5	65.184	0.0	65.208	0.084
o_data[3866]	OUTPUT	SIGNAL	M5	64.656	0.0	64.68	0.084
o_data[3867]	OUTPUT	SIGNAL	M5	64.368	0.0	64.392	0.084
o_data[3868]	OUTPUT	SIGNAL	M5	64.224	0.0	64.248	0.084
o_data[3869]	OUTPUT	SIGNAL	M5	64.512	0.0	64.536	0.084
o_data[386]	OUTPUT	SIGNAL	M4	0.0	95.856	0.084	95.88
o_data[3870]	OUTPUT	SIGNAL	M5	63.312	0.0	63.336	0.084
o_data[3871]	OUTPUT	SIGNAL	M5	63.84	0.0	63.864	0.084
o_data[3872]	OUTPUT	SIGNAL	M5	65.376	0.0	65.4	0.084
o_data[3873]	OUTPUT	SIGNAL	M5	66.624	0.0	66.648	0.084
o_data[3874]	OUTPUT	SIGNAL	M5	66.96	0.0	66.984	0.084
o_data[3875]	OUTPUT	SIGNAL	M5	66.816	0.0	66.84	0.084
o_data[3876]	OUTPUT	SIGNAL	M5	66.192	0.0	66.216	0.084
o_data[3877]	OUTPUT	SIGNAL	M5	67.728	0.0	67.752	0.084
o_data[3878]	OUTPUT	SIGNAL	M5	54.336	0.0	54.36	0.084
o_data[3879]	OUTPUT	SIGNAL	M5	56.64	0.0	56.664	0.084
o_data[387]	OUTPUT	SIGNAL	M4	0.0	95.28	0.084	95.304
o_data[3880]	OUTPUT	SIGNAL	M5	56.928	0.0	56.952	0.084
o_data[3881]	OUTPUT	SIGNAL	M5	57.264	0.0	57.288	0.084
o_data[3882]	OUTPUT	SIGNAL	M5	55.152	0.0	55.176	0.084
o_data[3883]	OUTPUT	SIGNAL	M5	57.504	0.0	57.528	0.084
o_data[3884]	OUTPUT	SIGNAL	M5	57.12	0.0	57.144	0.084
o_data[3885]	OUTPUT	SIGNAL	M5	56.688	0.0	56.712	0.084
o_data[3886]	OUTPUT	SIGNAL	M5	56.112	0.0	56.136	0.084
o_data[3887]	OUTPUT	SIGNAL	M5	55.536	0.0	55.56	0.084
o_data[3888]	OUTPUT	SIGNAL	M5	51.264	0.0	51.288	0.084
o_data[3889]	OUTPUT	SIGNAL	M5	50.544	0.0	50.568	0.084
o_data[388]	OUTPUT	SIGNAL	M4	0.0	94.464	0.084	94.488
o_data[3890]	OUTPUT	SIGNAL	M5	51.84	0.0	51.864	0.084
o_data[3891]	OUTPUT	SIGNAL	M5	50.976	0.0	51.0	0.084
o_data[3892]	OUTPUT	SIGNAL	M5	50.208	0.0	50.232	0.084
o_data[3893]	OUTPUT	SIGNAL	M5	50.352	0.0	50.376	0.084
o_data[3894]	OUTPUT	SIGNAL	M5	49.968	0.0	49.992	0.084
o_data[3895]	OUTPUT	SIGNAL	M5	49.776	0.0	49.8	0.084
o_data[3896]	OUTPUT	SIGNAL	M5	49.536	0.0	49.56	0.084
o_data[3897]	OUTPUT	SIGNAL	M5	49.728	0.0	49.752	0.084
o_data[3898]	OUTPUT	SIGNAL	M5	49.152	0.0	49.176	0.084
o_data[3899]	OUTPUT	SIGNAL	M5	49.2	0.0	49.224	0.084
o_data[389]	OUTPUT	SIGNAL	M4	0.0	97.344	0.084	97.368
o_data[38]	OUTPUT	SIGNAL	M4	335.529	185.184	335.613	185.208
o_data[3900]	OUTPUT	SIGNAL	M5	49.248	0.0	49.272	0.084
o_data[3901]	OUTPUT	SIGNAL	M5	49.488	0.0	49.512	0.084
o_data[3902]	OUTPUT	SIGNAL	M5	49.056	0.0	49.08	0.084
o_data[3903]	OUTPUT	SIGNAL	M5	49.584	0.0	49.608	0.084
o_data[3904]	OUTPUT	SIGNAL	M4	0.0	103.872	0.084	103.896
o_data[3905]	OUTPUT	SIGNAL	M4	0.0	111.456	0.084	111.48
o_data[3906]	OUTPUT	SIGNAL	M4	0.0	111.696	0.084	111.72
o_data[3907]	OUTPUT	SIGNAL	M4	0.0	111.744	0.084	111.768
o_data[3908]	OUTPUT	SIGNAL	M4	0.0	111.792	0.084	111.816
o_data[3909]	OUTPUT	SIGNAL	M4	0.0	112.272	0.084	112.296
o_data[390]	OUTPUT	SIGNAL	M4	0.0	97.488	0.084	97.512
o_data[3910]	OUTPUT	SIGNAL	M4	0.0	104.016	0.084	104.04
o_data[3911]	OUTPUT	SIGNAL	M4	0.0	103.056	0.084	103.08
o_data[3912]	OUTPUT	SIGNAL	M4	0.0	98.256	0.084	98.28
o_data[3913]	OUTPUT	SIGNAL	M4	0.0	99.12	0.084	99.144
o_data[3914]	OUTPUT	SIGNAL	M4	0.0	97.056	0.084	97.08
o_data[3915]	OUTPUT	SIGNAL	M4	0.0	96.816	0.084	96.84
o_data[3916]	OUTPUT	SIGNAL	M4	0.0	95.712	0.084	95.736
o_data[3917]	OUTPUT	SIGNAL	M4	0.0	99.504	0.084	99.528
o_data[3918]	OUTPUT	SIGNAL	M4	0.0	98.304	0.084	98.328
o_data[3919]	OUTPUT	SIGNAL	M4	0.0	98.832	0.084	98.856
o_data[391]	OUTPUT	SIGNAL	M4	0.0	89.184	0.084	89.208
o_data[3920]	OUTPUT	SIGNAL	M4	0.0	90.048	0.084	90.072
o_data[3921]	OUTPUT	SIGNAL	M4	0.0	94.512	0.084	94.536
o_data[3922]	OUTPUT	SIGNAL	M4	0.0	91.488	0.084	91.512
o_data[3923]	OUTPUT	SIGNAL	M4	0.0	93.504	0.084	93.528
o_data[3924]	OUTPUT	SIGNAL	M4	0.0	90.192	0.084	90.216
o_data[3925]	OUTPUT	SIGNAL	M4	0.0	92.352	0.084	92.376
o_data[3926]	OUTPUT	SIGNAL	M4	0.0	93.552	0.084	93.576
o_data[3927]	OUTPUT	SIGNAL	M4	0.0	91.44	0.084	91.464
o_data[3928]	OUTPUT	SIGNAL	M4	0.0	93.744	0.084	93.768
o_data[3929]	OUTPUT	SIGNAL	M4	0.0	94.656	0.084	94.68
o_data[392]	OUTPUT	SIGNAL	M4	0.0	93.36	0.084	93.384
o_data[3930]	OUTPUT	SIGNAL	M4	0.0	90.0	0.084	90.024
o_data[3931]	OUTPUT	SIGNAL	M4	0.0	94.08	0.084	94.104
o_data[3932]	OUTPUT	SIGNAL	M4	0.0	94.368	0.084	94.392
o_data[3933]	OUTPUT	SIGNAL	M4	0.0	86.352	0.084	86.376
o_data[3934]	OUTPUT	SIGNAL	M4	0.0	86.544	0.084	86.568
o_data[3935]	OUTPUT	SIGNAL	M4	0.0	92.256	0.084	92.28
o_data[3936]	OUTPUT	SIGNAL	M4	0.0	104.496	0.084	104.52
o_data[3937]	OUTPUT	SIGNAL	M4	0.0	114.24	0.084	114.264
o_data[3938]	OUTPUT	SIGNAL	M4	0.0	114.144	0.084	114.168
o_data[3939]	OUTPUT	SIGNAL	M4	0.0	114.192	0.084	114.216
o_data[393]	OUTPUT	SIGNAL	M4	0.0	94.8	0.084	94.824
o_data[3940]	OUTPUT	SIGNAL	M4	0.0	114.096	0.084	114.12
o_data[3941]	OUTPUT	SIGNAL	M4	0.0	114.288	0.084	114.312
o_data[3942]	OUTPUT	SIGNAL	M4	0.0	91.296	0.084	91.32
o_data[3943]	OUTPUT	SIGNAL	M4	0.0	89.952	0.084	89.976
o_data[3944]	OUTPUT	SIGNAL	M4	0.0	90.336	0.084	90.36
o_data[3945]	OUTPUT	SIGNAL	M4	0.0	90.48	0.084	90.504
o_data[3946]	OUTPUT	SIGNAL	M4	0.0	89.136	0.084	89.16
o_data[3947]	OUTPUT	SIGNAL	M4	0.0	92.496	0.084	92.52
o_data[3948]	OUTPUT	SIGNAL	M4	0.0	89.904	0.084	89.928
o_data[3949]	OUTPUT	SIGNAL	M4	0.0	94.032	0.084	94.056
o_data[394]	OUTPUT	SIGNAL	M4	0.0	93.84	0.084	93.864
o_data[3950]	OUTPUT	SIGNAL	M4	0.0	94.608	0.084	94.632
o_data[3951]	OUTPUT	SIGNAL	M4	0.0	92.16	0.084	92.184
o_data[3952]	OUTPUT	SIGNAL	M4	0.0	91.536	0.084	91.56
o_data[3953]	OUTPUT	SIGNAL	M4	0.0	93.6	0.084	93.624
o_data[3954]	OUTPUT	SIGNAL	M4	0.0	94.128	0.084	94.152
o_data[3955]	OUTPUT	SIGNAL	M4	0.0	91.104	0.084	91.128
o_data[3956]	OUTPUT	SIGNAL	M4	0.0	89.76	0.084	89.784
o_data[3957]	OUTPUT	SIGNAL	M4	0.0	90.72	0.084	90.744
o_data[3958]	OUTPUT	SIGNAL	M4	0.0	93.408	0.084	93.432
o_data[3959]	OUTPUT	SIGNAL	M4	0.0	92.304	0.084	92.328
o_data[395]	OUTPUT	SIGNAL	M4	0.0	93.984	0.084	94.008
o_data[3960]	OUTPUT	SIGNAL	M4	0.0	93.792	0.084	93.816
o_data[3961]	OUTPUT	SIGNAL	M4	0.0	90.96	0.084	90.984
o_data[3962]	OUTPUT	SIGNAL	M4	0.0	92.64	0.084	92.664
o_data[3963]	OUTPUT	SIGNAL	M4	0.0	94.752	0.084	94.776
o_data[3964]	OUTPUT	SIGNAL	M4	0.0	92.016	0.084	92.04
o_data[3965]	OUTPUT	SIGNAL	M4	0.0	85.728	0.084	85.752
o_data[3966]	OUTPUT	SIGNAL	M4	0.0	86.304	0.084	86.328
o_data[3967]	OUTPUT	SIGNAL	M4	0.0	89.712	0.084	89.736
o_data[3968]	OUTPUT	SIGNAL	M4	0.0	58.752	0.084	58.776
o_data[3969]	OUTPUT	SIGNAL	M4	0.0	58.128	0.084	58.152
o_data[396]	OUTPUT	SIGNAL	M4	0.0	92.208	0.084	92.232
o_data[3970]	OUTPUT	SIGNAL	M4	0.0	58.656	0.084	58.68
o_data[3971]	OUTPUT	SIGNAL	M4	0.0	57.504	0.084	57.528
o_data[3972]	OUTPUT	SIGNAL	M5	53.808	0.0	53.832	0.084
o_data[3973]	OUTPUT	SIGNAL	M4	0.0	58.08	0.084	58.104
o_data[3974]	OUTPUT	SIGNAL	M4	0.0	57.648	0.084	57.672
o_data[3975]	OUTPUT	SIGNAL	M4	0.0	57.744	0.084	57.768
o_data[3976]	OUTPUT	SIGNAL	M5	52.224	0.0	52.248	0.084
o_data[3977]	OUTPUT	SIGNAL	M5	50.496	0.0	50.52	0.084
o_data[3978]	OUTPUT	SIGNAL	M5	50.736	0.0	50.76	0.084
o_data[3979]	OUTPUT	SIGNAL	M5	53.472	0.0	53.496	0.084
o_data[397]	OUTPUT	SIGNAL	M4	0.0	90.912	0.084	90.936
o_data[3980]	OUTPUT	SIGNAL	M5	54.192	0.0	54.216	0.084
o_data[3981]	OUTPUT	SIGNAL	M5	53.52	0.0	53.544	0.084
o_data[3982]	OUTPUT	SIGNAL	M5	52.32	0.0	52.344	0.084
o_data[3983]	OUTPUT	SIGNAL	M5	54.864	0.0	54.888	0.084
o_data[3984]	OUTPUT	SIGNAL	M5	56.208	0.0	56.232	0.084
o_data[3985]	OUTPUT	SIGNAL	M5	55.584	0.0	55.608	0.084
o_data[3986]	OUTPUT	SIGNAL	M5	56.16	0.0	56.184	0.084
o_data[3987]	OUTPUT	SIGNAL	M5	55.632	0.0	55.656	0.084
o_data[3988]	OUTPUT	SIGNAL	M5	56.352	0.0	56.376	0.084
o_data[3989]	OUTPUT	SIGNAL	M5	55.68	0.0	55.704	0.084
o_data[398]	OUTPUT	SIGNAL	M4	0.0	93.648	0.084	93.672
o_data[3990]	OUTPUT	SIGNAL	M5	56.064	0.0	56.088	0.084
o_data[3991]	OUTPUT	SIGNAL	M5	56.832	0.0	56.856	0.084
o_data[3992]	OUTPUT	SIGNAL	M5	56.592	0.0	56.616	0.084
o_data[3993]	OUTPUT	SIGNAL	M5	57.168	0.0	57.192	0.084
o_data[3994]	OUTPUT	SIGNAL	M5	57.456	0.0	57.48	0.084
o_data[3995]	OUTPUT	SIGNAL	M5	56.784	0.0	56.808	0.084
o_data[3996]	OUTPUT	SIGNAL	M5	57.312	0.0	57.336	0.084
o_data[3997]	OUTPUT	SIGNAL	M5	57.552	0.0	57.576	0.084
o_data[3998]	OUTPUT	SIGNAL	M5	57.696	0.0	57.72	0.084
o_data[3999]	OUTPUT	SIGNAL	M5	58.08	0.0	58.104	0.084
o_data[399]	OUTPUT	SIGNAL	M4	0.0	91.872	0.084	91.896
o_data[39]	OUTPUT	SIGNAL	M4	335.529	183.6	335.613	183.624
o_data[3]	OUTPUT	SIGNAL	M4	335.529	201.264	335.613	201.288
o_data[4000]	OUTPUT	SIGNAL	M5	56.256	0.0	56.28	0.084
o_data[4001]	OUTPUT	SIGNAL	M5	54.72	0.0	54.744	0.084
o_data[4002]	OUTPUT	SIGNAL	M5	53.76	0.0	53.784	0.084
o_data[4003]	OUTPUT	SIGNAL	M5	53.712	0.0	53.736	0.084
o_data[4004]	OUTPUT	SIGNAL	M5	54.0	0.0	54.024	0.084
o_data[4005]	OUTPUT	SIGNAL	M5	55.776	0.0	55.8	0.084
o_data[4006]	OUTPUT	SIGNAL	M5	53.568	0.0	53.592	0.084
o_data[4007]	OUTPUT	SIGNAL	M5	54.912	0.0	54.936	0.084
o_data[4008]	OUTPUT	SIGNAL	M5	54.288	0.0	54.312	0.084
o_data[4009]	OUTPUT	SIGNAL	M5	51.216	0.0	51.24	0.084
o_data[400]	OUTPUT	SIGNAL	M4	0.0	88.176	0.084	88.2
o_data[4010]	OUTPUT	SIGNAL	M5	51.024	0.0	51.048	0.084
o_data[4011]	OUTPUT	SIGNAL	M5	51.744	0.0	51.768	0.084
o_data[4012]	OUTPUT	SIGNAL	M5	54.096	0.0	54.12	0.084
o_data[4013]	OUTPUT	SIGNAL	M5	55.44	0.0	55.464	0.084
o_data[4014]	OUTPUT	SIGNAL	M5	54.384	0.0	54.408	0.084
o_data[4015]	OUTPUT	SIGNAL	M5	56.448	0.0	56.472	0.084
o_data[4016]	OUTPUT	SIGNAL	M5	56.736	0.0	56.76	0.084
o_data[4017]	OUTPUT	SIGNAL	M5	57.216	0.0	57.24	0.084
o_data[4018]	OUTPUT	SIGNAL	M5	57.072	0.0	57.096	0.084
o_data[4019]	OUTPUT	SIGNAL	M5	56.88	0.0	56.904	0.084
o_data[401]	OUTPUT	SIGNAL	M4	0.0	86.208	0.084	86.232
o_data[4020]	OUTPUT	SIGNAL	M5	57.408	0.0	57.432	0.084
o_data[4021]	OUTPUT	SIGNAL	M5	57.6	0.0	57.624	0.084
o_data[4022]	OUTPUT	SIGNAL	M5	57.648	0.0	57.672	0.084
o_data[4023]	OUTPUT	SIGNAL	M5	57.024	0.0	57.048	0.084
o_data[4024]	OUTPUT	SIGNAL	M5	58.032	0.0	58.056	0.084
o_data[4025]	OUTPUT	SIGNAL	M5	58.128	0.0	58.152	0.084
o_data[4026]	OUTPUT	SIGNAL	M5	58.176	0.0	58.2	0.084
o_data[4027]	OUTPUT	SIGNAL	M5	58.224	0.0	58.248	0.084
o_data[4028]	OUTPUT	SIGNAL	M5	57.36	0.0	57.384	0.084
o_data[4029]	OUTPUT	SIGNAL	M5	57.744	0.0	57.768	0.084
o_data[402]	OUTPUT	SIGNAL	M4	0.0	84.96	0.084	84.984
o_data[4030]	OUTPUT	SIGNAL	M5	58.272	0.0	58.296	0.084
o_data[4031]	OUTPUT	SIGNAL	M5	48.672	0.0	48.696	0.084
o_data[4032]	OUTPUT	SIGNAL	M5	247.728	335.529	247.752	335.613
o_data[4033]	OUTPUT	SIGNAL	M4	0.0	264.816	0.084	264.84
o_data[4034]	OUTPUT	SIGNAL	M4	0.0	265.536	0.084	265.56
o_data[4035]	OUTPUT	SIGNAL	M5	244.368	335.529	244.392	335.613
o_data[4036]	OUTPUT	SIGNAL	M5	248.16	335.529	248.184	335.613
o_data[4037]	OUTPUT	SIGNAL	M5	246.528	335.529	246.552	335.613
o_data[4038]	OUTPUT	SIGNAL	M5	246.96	335.529	246.984	335.613
o_data[4039]	OUTPUT	SIGNAL	M5	248.016	335.529	248.04	335.613
o_data[403]	OUTPUT	SIGNAL	M4	0.0	86.736	0.084	86.76
o_data[4040]	OUTPUT	SIGNAL	M4	0.0	255.36	0.084	255.384
o_data[4041]	OUTPUT	SIGNAL	M4	0.0	255.6	0.084	255.624
o_data[4042]	OUTPUT	SIGNAL	M4	0.0	256.56	0.084	256.584
o_data[4043]	OUTPUT	SIGNAL	M4	0.0	254.496	0.084	254.52
o_data[4044]	OUTPUT	SIGNAL	M4	0.0	254.064	0.084	254.088
o_data[4045]	OUTPUT	SIGNAL	M4	0.0	256.32	0.084	256.344
o_data[4046]	OUTPUT	SIGNAL	M4	0.0	254.784	0.084	254.808
o_data[4047]	OUTPUT	SIGNAL	M4	0.0	264.768	0.084	264.792
o_data[4048]	OUTPUT	SIGNAL	M5	248.112	335.529	248.136	335.613
o_data[4049]	OUTPUT	SIGNAL	M5	248.208	335.529	248.232	335.613
o_data[404]	OUTPUT	SIGNAL	M4	0.0	85.344	0.084	85.368
o_data[4050]	OUTPUT	SIGNAL	M5	247.776	335.529	247.8	335.613
o_data[4051]	OUTPUT	SIGNAL	M4	0.0	256.944	0.084	256.968
o_data[4052]	OUTPUT	SIGNAL	M4	0.0	254.688	0.084	254.712
o_data[4053]	OUTPUT	SIGNAL	M5	248.256	335.529	248.28	335.613
o_data[4054]	OUTPUT	SIGNAL	M4	0.0	247.68	0.084	247.704
o_data[4055]	OUTPUT	SIGNAL	M4	0.0	247.92	0.084	247.944
o_data[4056]	OUTPUT	SIGNAL	M4	0.0	248.448	0.084	248.472
o_data[4057]	OUTPUT	SIGNAL	M5	248.4	335.529	248.424	335.613
o_data[4058]	OUTPUT	SIGNAL	M4	0.0	244.416	0.084	244.44
o_data[4059]	OUTPUT	SIGNAL	M4	0.0	247.872	0.084	247.896
o_data[405]	OUTPUT	SIGNAL	M4	0.0	84.144	0.084	84.168
o_data[4060]	OUTPUT	SIGNAL	M4	0.0	247.728	0.084	247.752
o_data[4061]	OUTPUT	SIGNAL	M4	0.0	248.4	0.084	248.424
o_data[4062]	OUTPUT	SIGNAL	M4	0.0	238.8	0.084	238.824
o_data[4063]	OUTPUT	SIGNAL	M4	0.0	238.704	0.084	238.728
o_data[4064]	OUTPUT	SIGNAL	M5	240.144	335.529	240.168	335.613
o_data[4065]	OUTPUT	SIGNAL	M5	243.792	335.529	243.816	335.613
o_data[4066]	OUTPUT	SIGNAL	M5	247.68	335.529	247.704	335.613
o_data[4067]	OUTPUT	SIGNAL	M5	247.824	335.529	247.848	335.613
o_data[4068]	OUTPUT	SIGNAL	M5	247.536	335.529	247.56	335.613
o_data[4069]	OUTPUT	SIGNAL	M5	245.232	335.529	245.256	335.613
o_data[406]	OUTPUT	SIGNAL	M4	0.0	84.192	0.084	84.216
o_data[4070]	OUTPUT	SIGNAL	M5	246.48	335.529	246.504	335.613
o_data[4071]	OUTPUT	SIGNAL	M5	247.92	335.529	247.944	335.613
o_data[4072]	OUTPUT	SIGNAL	M4	0.0	259.296	0.084	259.32
o_data[4073]	OUTPUT	SIGNAL	M4	0.0	258.72	0.084	258.744
o_data[4074]	OUTPUT	SIGNAL	M4	0.0	259.008	0.084	259.032
o_data[4075]	OUTPUT	SIGNAL	M4	0.0	259.152	0.084	259.176
o_data[4076]	OUTPUT	SIGNAL	M4	0.0	259.2	0.084	259.224
o_data[4077]	OUTPUT	SIGNAL	M4	0.0	259.824	0.084	259.848
o_data[4078]	OUTPUT	SIGNAL	M4	0.0	265.104	0.084	265.128
o_data[4079]	OUTPUT	SIGNAL	M4	0.0	264.72	0.084	264.744
o_data[407]	OUTPUT	SIGNAL	M4	0.0	82.032	0.084	82.056
o_data[4080]	OUTPUT	SIGNAL	M5	243.456	335.529	243.48	335.613
o_data[4081]	OUTPUT	SIGNAL	M5	247.008	335.529	247.032	335.613
o_data[4082]	OUTPUT	SIGNAL	M5	247.632	335.529	247.656	335.613
o_data[4083]	OUTPUT	SIGNAL	M4	0.0	266.112	0.084	266.136
o_data[4084]	OUTPUT	SIGNAL	M5	248.352	335.529	248.376	335.613
o_data[4085]	OUTPUT	SIGNAL	M4	0.0	266.928	0.084	266.952
o_data[4086]	OUTPUT	SIGNAL	M5	248.304	335.529	248.328	335.613
o_data[4087]	OUTPUT	SIGNAL	M4	0.0	237.936	0.084	237.96
o_data[4088]	OUTPUT	SIGNAL	M4	0.0	238.848	0.084	238.872
o_data[4089]	OUTPUT	SIGNAL	M5	248.064	335.529	248.088	335.613
o_data[408]	OUTPUT	SIGNAL	M4	0.0	83.616	0.084	83.64
o_data[4090]	OUTPUT	SIGNAL	M4	0.0	238.608	0.084	238.632
o_data[4091]	OUTPUT	SIGNAL	M4	0.0	237.84	0.084	237.864
o_data[4092]	OUTPUT	SIGNAL	M4	0.0	238.752	0.084	238.776
o_data[4093]	OUTPUT	SIGNAL	M5	248.448	335.529	248.472	335.613
o_data[4094]	OUTPUT	SIGNAL	M4	0.0	238.368	0.084	238.392
o_data[4095]	OUTPUT	SIGNAL	M4	0.0	237.648	0.084	237.672
o_data[409]	OUTPUT	SIGNAL	M4	0.0	83.088	0.084	83.112
o_data[40]	OUTPUT	SIGNAL	M4	335.529	185.904	335.613	185.928
o_data[410]	OUTPUT	SIGNAL	M4	0.0	81.984	0.084	82.008
o_data[411]	OUTPUT	SIGNAL	M4	0.0	80.784	0.084	80.808
o_data[412]	OUTPUT	SIGNAL	M4	0.0	82.608	0.084	82.632
o_data[413]	OUTPUT	SIGNAL	M4	0.0	81.936	0.084	81.96
o_data[414]	OUTPUT	SIGNAL	M4	0.0	81.696	0.084	81.72
o_data[415]	OUTPUT	SIGNAL	M4	0.0	89.376	0.084	89.4
o_data[416]	OUTPUT	SIGNAL	M4	0.0	90.816	0.084	90.84
o_data[417]	OUTPUT	SIGNAL	M4	0.0	90.864	0.084	90.888
o_data[418]	OUTPUT	SIGNAL	M4	0.0	89.088	0.084	89.112
o_data[419]	OUTPUT	SIGNAL	M4	0.0	92.784	0.084	92.808
o_data[41]	OUTPUT	SIGNAL	M4	335.529	183.648	335.613	183.672
o_data[420]	OUTPUT	SIGNAL	M4	0.0	94.272	0.084	94.296
o_data[421]	OUTPUT	SIGNAL	M4	0.0	89.664	0.084	89.688
o_data[422]	OUTPUT	SIGNAL	M4	0.0	94.32	0.084	94.344
o_data[423]	OUTPUT	SIGNAL	M4	0.0	94.704	0.084	94.728
o_data[424]	OUTPUT	SIGNAL	M4	0.0	88.944	0.084	88.968
o_data[425]	OUTPUT	SIGNAL	M4	0.0	94.848	0.084	94.872
o_data[426]	OUTPUT	SIGNAL	M4	0.0	93.936	0.084	93.96
o_data[427]	OUTPUT	SIGNAL	M4	0.0	93.12	0.084	93.144
o_data[428]	OUTPUT	SIGNAL	M4	0.0	94.416	0.084	94.44
o_data[429]	OUTPUT	SIGNAL	M4	0.0	89.568	0.084	89.592
o_data[42]	OUTPUT	SIGNAL	M4	335.529	184.416	335.613	184.44
o_data[430]	OUTPUT	SIGNAL	M4	0.0	89.52	0.084	89.544
o_data[431]	OUTPUT	SIGNAL	M4	0.0	90.528	0.084	90.552
o_data[432]	OUTPUT	SIGNAL	M4	0.0	89.28	0.084	89.304
o_data[433]	OUTPUT	SIGNAL	M4	0.0	86.256	0.084	86.28
o_data[434]	OUTPUT	SIGNAL	M4	0.0	84.336	0.084	84.36
o_data[435]	OUTPUT	SIGNAL	M4	0.0	85.872	0.084	85.896
o_data[436]	OUTPUT	SIGNAL	M4	0.0	85.392	0.084	85.416
o_data[437]	OUTPUT	SIGNAL	M4	0.0	84.48	0.084	84.504
o_data[438]	OUTPUT	SIGNAL	M4	0.0	85.2	0.084	85.224
o_data[439]	OUTPUT	SIGNAL	M4	0.0	83.04	0.084	83.064
o_data[43]	OUTPUT	SIGNAL	M4	335.529	186.912	335.613	186.936
o_data[440]	OUTPUT	SIGNAL	M4	0.0	84.432	0.084	84.456
o_data[441]	OUTPUT	SIGNAL	M4	0.0	84.096	0.084	84.12
o_data[442]	OUTPUT	SIGNAL	M4	0.0	82.848	0.084	82.872
o_data[443]	OUTPUT	SIGNAL	M4	0.0	81.408	0.084	81.432
o_data[444]	OUTPUT	SIGNAL	M4	0.0	83.328	0.084	83.352
o_data[445]	OUTPUT	SIGNAL	M4	0.0	81.36	0.084	81.384
o_data[446]	OUTPUT	SIGNAL	M4	0.0	81.456	0.084	81.48
o_data[447]	OUTPUT	SIGNAL	M4	0.0	90.384	0.084	90.408
o_data[448]	OUTPUT	SIGNAL	M4	0.0	229.44	0.084	229.464
o_data[449]	OUTPUT	SIGNAL	M4	0.0	230.448	0.084	230.472
o_data[44]	OUTPUT	SIGNAL	M4	335.529	185.808	335.613	185.832
o_data[450]	OUTPUT	SIGNAL	M4	0.0	230.112	0.084	230.136
o_data[451]	OUTPUT	SIGNAL	M4	0.0	229.92	0.084	229.944
o_data[452]	OUTPUT	SIGNAL	M4	0.0	229.872	0.084	229.896
o_data[453]	OUTPUT	SIGNAL	M4	0.0	229.632	0.084	229.656
o_data[454]	OUTPUT	SIGNAL	M4	0.0	230.4	0.084	230.424
o_data[455]	OUTPUT	SIGNAL	M4	0.0	230.208	0.084	230.232
o_data[456]	OUTPUT	SIGNAL	M4	0.0	230.16	0.084	230.184
o_data[457]	OUTPUT	SIGNAL	M4	0.0	230.256	0.084	230.28
o_data[458]	OUTPUT	SIGNAL	M4	0.0	229.584	0.084	229.608
o_data[459]	OUTPUT	SIGNAL	M4	0.0	229.968	0.084	229.992
o_data[45]	OUTPUT	SIGNAL	M4	335.529	185.952	335.613	185.976
o_data[460]	OUTPUT	SIGNAL	M4	0.0	230.544	0.084	230.568
o_data[461]	OUTPUT	SIGNAL	M4	0.0	231.744	0.084	231.768
o_data[462]	OUTPUT	SIGNAL	M4	0.0	230.64	0.084	230.664
o_data[463]	OUTPUT	SIGNAL	M4	0.0	233.088	0.084	233.112
o_data[464]	OUTPUT	SIGNAL	M4	0.0	233.04	0.084	233.064
o_data[465]	OUTPUT	SIGNAL	M4	0.0	234.0	0.084	234.024
o_data[466]	OUTPUT	SIGNAL	M4	0.0	234.192	0.084	234.216
o_data[467]	OUTPUT	SIGNAL	M4	0.0	235.056	0.084	235.08
o_data[468]	OUTPUT	SIGNAL	M4	0.0	234.672	0.084	234.696
o_data[469]	OUTPUT	SIGNAL	M4	0.0	235.104	0.084	235.128
o_data[46]	OUTPUT	SIGNAL	M4	335.529	185.328	335.613	185.352
o_data[470]	OUTPUT	SIGNAL	M4	0.0	235.584	0.084	235.608
o_data[471]	OUTPUT	SIGNAL	M4	0.0	237.024	0.084	237.048
o_data[472]	OUTPUT	SIGNAL	M4	0.0	236.832	0.084	236.856
o_data[473]	OUTPUT	SIGNAL	M4	0.0	236.304	0.084	236.328
o_data[474]	OUTPUT	SIGNAL	M4	0.0	236.016	0.084	236.04
o_data[475]	OUTPUT	SIGNAL	M4	0.0	237.552	0.084	237.576
o_data[476]	OUTPUT	SIGNAL	M4	0.0	237.984	0.084	238.008
o_data[477]	OUTPUT	SIGNAL	M4	0.0	238.512	0.084	238.536
o_data[478]	OUTPUT	SIGNAL	M4	0.0	238.464	0.084	238.488
o_data[479]	OUTPUT	SIGNAL	M4	0.0	236.976	0.084	237.0
o_data[47]	OUTPUT	SIGNAL	M4	335.529	187.344	335.613	187.368
o_data[480]	OUTPUT	SIGNAL	M4	0.0	229.824	0.084	229.848
o_data[481]	OUTPUT	SIGNAL	M4	0.0	230.592	0.084	230.616
o_data[482]	OUTPUT	SIGNAL	M4	0.0	230.016	0.084	230.04
o_data[483]	OUTPUT	SIGNAL	M4	0.0	229.536	0.084	229.56
o_data[484]	OUTPUT	SIGNAL	M4	0.0	229.776	0.084	229.8
o_data[485]	OUTPUT	SIGNAL	M4	0.0	229.392	0.084	229.416
o_data[486]	OUTPUT	SIGNAL	M4	0.0	229.344	0.084	229.368
o_data[487]	OUTPUT	SIGNAL	M4	0.0	229.296	0.084	229.32
o_data[488]	OUTPUT	SIGNAL	M4	0.0	230.688	0.084	230.712
o_data[489]	OUTPUT	SIGNAL	M4	0.0	230.832	0.084	230.856
o_data[48]	OUTPUT	SIGNAL	M4	335.529	177.264	335.613	177.288
o_data[490]	OUTPUT	SIGNAL	M4	0.0	230.352	0.084	230.376
o_data[491]	OUTPUT	SIGNAL	M4	0.0	230.304	0.084	230.328
o_data[492]	OUTPUT	SIGNAL	M4	0.0	230.784	0.084	230.808
o_data[493]	OUTPUT	SIGNAL	M4	0.0	231.84	0.084	231.864
o_data[494]	OUTPUT	SIGNAL	M4	0.0	230.736	0.084	230.76
o_data[495]	OUTPUT	SIGNAL	M4	0.0	234.144	0.084	234.168
o_data[496]	OUTPUT	SIGNAL	M4	0.0	233.424	0.084	233.448
o_data[497]	OUTPUT	SIGNAL	M4	0.0	234.288	0.084	234.312
o_data[498]	OUTPUT	SIGNAL	M4	0.0	234.336	0.084	234.36
o_data[499]	OUTPUT	SIGNAL	M4	0.0	234.576	0.084	234.6
o_data[49]	OUTPUT	SIGNAL	M4	335.529	170.64	335.613	170.664
o_data[4]	OUTPUT	SIGNAL	M4	335.529	194.88	335.613	194.904
o_data[500]	OUTPUT	SIGNAL	M4	0.0	234.528	0.084	234.552
o_data[501]	OUTPUT	SIGNAL	M4	0.0	234.96	0.084	234.984
o_data[502]	OUTPUT	SIGNAL	M4	0.0	235.68	0.084	235.704
o_data[503]	OUTPUT	SIGNAL	M4	0.0	236.64	0.084	236.664
o_data[504]	OUTPUT	SIGNAL	M4	0.0	236.592	0.084	236.616
o_data[505]	OUTPUT	SIGNAL	M4	0.0	235.488	0.084	235.512
o_data[506]	OUTPUT	SIGNAL	M4	0.0	235.632	0.084	235.656
o_data[507]	OUTPUT	SIGNAL	M4	0.0	236.448	0.084	236.472
o_data[508]	OUTPUT	SIGNAL	M4	0.0	237.456	0.084	237.48
o_data[509]	OUTPUT	SIGNAL	M4	0.0	238.416	0.084	238.44
o_data[50]	OUTPUT	SIGNAL	M4	335.529	178.08	335.613	178.104
o_data[510]	OUTPUT	SIGNAL	M4	0.0	238.176	0.084	238.2
o_data[511]	OUTPUT	SIGNAL	M4	0.0	232.128	0.084	232.152
o_data[512]	OUTPUT	SIGNAL	M5	48.576	0.0	48.6	0.084
o_data[513]	OUTPUT	SIGNAL	M5	202.704	0.0	202.728	0.084
o_data[514]	OUTPUT	SIGNAL	M5	48.528	0.0	48.552	0.084
o_data[515]	OUTPUT	SIGNAL	M5	204.336	0.0	204.36	0.084
o_data[516]	OUTPUT	SIGNAL	M5	48.48	0.0	48.504	0.084
o_data[517]	OUTPUT	SIGNAL	M5	48.432	0.0	48.456	0.084
o_data[518]	OUTPUT	SIGNAL	M5	205.536	0.0	205.56	0.084
o_data[519]	OUTPUT	SIGNAL	M5	202.464	0.0	202.488	0.084
o_data[51]	OUTPUT	SIGNAL	M4	335.529	176.304	335.613	176.328
o_data[520]	OUTPUT	SIGNAL	M5	48.336	0.0	48.36	0.084
o_data[521]	OUTPUT	SIGNAL	M5	204.384	0.0	204.408	0.084
o_data[522]	OUTPUT	SIGNAL	M5	204.96	0.0	204.984	0.084
o_data[523]	OUTPUT	SIGNAL	M5	48.144	0.0	48.168	0.084
o_data[524]	OUTPUT	SIGNAL	M5	202.944	0.0	202.968	0.084
o_data[525]	OUTPUT	SIGNAL	M5	205.632	0.0	205.656	0.084
o_data[526]	OUTPUT	SIGNAL	M5	48.24	0.0	48.264	0.084
o_data[527]	OUTPUT	SIGNAL	M5	203.712	0.0	203.736	0.084
o_data[528]	OUTPUT	SIGNAL	M5	202.752	0.0	202.776	0.084
o_data[529]	OUTPUT	SIGNAL	M5	206.16	0.0	206.184	0.084
o_data[52]	OUTPUT	SIGNAL	M4	335.529	176.208	335.613	176.232
o_data[530]	OUTPUT	SIGNAL	M5	205.68	0.0	205.704	0.084
o_data[531]	OUTPUT	SIGNAL	M5	203.136	0.0	203.16	0.084
o_data[532]	OUTPUT	SIGNAL	M5	203.808	0.0	203.832	0.084
o_data[533]	OUTPUT	SIGNAL	M5	204.576	0.0	204.6	0.084
o_data[534]	OUTPUT	SIGNAL	M5	203.472	0.0	203.496	0.084
o_data[535]	OUTPUT	SIGNAL	M5	205.776	0.0	205.8	0.084
o_data[536]	OUTPUT	SIGNAL	M5	204.624	0.0	204.648	0.084
o_data[537]	OUTPUT	SIGNAL	M5	202.368	0.0	202.392	0.084
o_data[538]	OUTPUT	SIGNAL	M5	202.896	0.0	202.92	0.084
o_data[539]	OUTPUT	SIGNAL	M5	204.672	0.0	204.696	0.084
o_data[53]	OUTPUT	SIGNAL	M4	335.529	174.0	335.613	174.024
o_data[540]	OUTPUT	SIGNAL	M5	205.824	0.0	205.848	0.084
o_data[541]	OUTPUT	SIGNAL	M5	202.56	0.0	202.584	0.084
o_data[542]	OUTPUT	SIGNAL	M5	204.72	0.0	204.744	0.084
o_data[543]	OUTPUT	SIGNAL	M5	206.064	0.0	206.088	0.084
o_data[544]	OUTPUT	SIGNAL	M5	203.04	0.0	203.064	0.084
o_data[545]	OUTPUT	SIGNAL	M5	205.872	0.0	205.896	0.084
o_data[546]	OUTPUT	SIGNAL	M5	203.28	0.0	203.304	0.084
o_data[547]	OUTPUT	SIGNAL	M5	203.232	0.0	203.256	0.084
o_data[548]	OUTPUT	SIGNAL	M5	204.816	0.0	204.84	0.084
o_data[549]	OUTPUT	SIGNAL	M5	204.096	0.0	204.12	0.084
o_data[54]	OUTPUT	SIGNAL	M4	335.529	167.664	335.613	167.688
o_data[550]	OUTPUT	SIGNAL	M5	205.92	0.0	205.944	0.084
o_data[551]	OUTPUT	SIGNAL	M5	202.416	0.0	202.44	0.084
o_data[552]	OUTPUT	SIGNAL	M5	204.912	0.0	204.936	0.084
o_data[553]	OUTPUT	SIGNAL	M5	202.512	0.0	202.536	0.084
o_data[554]	OUTPUT	SIGNAL	M5	203.328	0.0	203.352	0.084
o_data[555]	OUTPUT	SIGNAL	M5	206.112	0.0	206.136	0.084
o_data[556]	OUTPUT	SIGNAL	M5	203.376	0.0	203.4	0.084
o_data[557]	OUTPUT	SIGNAL	M5	202.848	0.0	202.872	0.084
o_data[558]	OUTPUT	SIGNAL	M5	205.008	0.0	205.032	0.084
o_data[559]	OUTPUT	SIGNAL	M5	204.24	0.0	204.264	0.084
o_data[55]	OUTPUT	SIGNAL	M4	335.529	172.8	335.613	172.824
o_data[560]	OUTPUT	SIGNAL	M5	203.088	0.0	203.112	0.084
o_data[561]	OUTPUT	SIGNAL	M5	205.056	0.0	205.08	0.084
o_data[562]	OUTPUT	SIGNAL	M5	202.608	0.0	202.632	0.084
o_data[563]	OUTPUT	SIGNAL	M5	204.768	0.0	204.792	0.084
o_data[564]	OUTPUT	SIGNAL	M5	204.288	0.0	204.312	0.084
o_data[565]	OUTPUT	SIGNAL	M5	203.616	0.0	203.64	0.084
o_data[566]	OUTPUT	SIGNAL	M5	205.104	0.0	205.128	0.084
o_data[567]	OUTPUT	SIGNAL	M5	203.664	0.0	203.688	0.084
o_data[568]	OUTPUT	SIGNAL	M5	202.32	0.0	202.344	0.084
o_data[569]	OUTPUT	SIGNAL	M5	205.152	0.0	205.176	0.084
o_data[56]	OUTPUT	SIGNAL	M4	335.529	165.984	335.613	166.008
o_data[570]	OUTPUT	SIGNAL	M5	202.992	0.0	203.016	0.084
o_data[571]	OUTPUT	SIGNAL	M5	203.76	0.0	203.784	0.084
o_data[572]	OUTPUT	SIGNAL	M5	202.8	0.0	202.824	0.084
o_data[573]	OUTPUT	SIGNAL	M5	205.2	0.0	205.224	0.084
o_data[574]	OUTPUT	SIGNAL	M5	204.432	0.0	204.456	0.084
o_data[575]	OUTPUT	SIGNAL	M5	203.856	0.0	203.88	0.084
o_data[576]	OUTPUT	SIGNAL	M5	29.04	335.529	29.064	335.613
o_data[577]	OUTPUT	SIGNAL	M4	0.0	308.064	0.084	308.088
o_data[578]	OUTPUT	SIGNAL	M4	0.0	306.72	0.084	306.744
o_data[579]	OUTPUT	SIGNAL	M5	30.192	335.529	30.216	335.613
o_data[57]	OUTPUT	SIGNAL	M4	335.529	166.512	335.613	166.536
o_data[580]	OUTPUT	SIGNAL	M4	0.0	307.872	0.084	307.896
o_data[581]	OUTPUT	SIGNAL	M5	30.912	335.529	30.936	335.613
o_data[582]	OUTPUT	SIGNAL	M5	30.816	335.529	30.84	335.613
o_data[583]	OUTPUT	SIGNAL	M5	29.472	335.529	29.496	335.613
o_data[584]	OUTPUT	SIGNAL	M4	0.0	302.928	0.084	302.952
o_data[585]	OUTPUT	SIGNAL	M4	0.0	304.128	0.084	304.152
o_data[586]	OUTPUT	SIGNAL	M4	0.0	305.232	0.084	305.256
o_data[587]	OUTPUT	SIGNAL	M4	0.0	303.456	0.084	303.48
o_data[588]	OUTPUT	SIGNAL	M4	0.0	303.936	0.084	303.96
o_data[589]	OUTPUT	SIGNAL	M4	0.0	302.016	0.084	302.04
o_data[58]	OUTPUT	SIGNAL	M4	335.529	165.6	335.613	165.624
o_data[590]	OUTPUT	SIGNAL	M4	0.0	302.592	0.084	302.616
o_data[591]	OUTPUT	SIGNAL	M4	0.0	301.92	0.084	301.944
o_data[592]	OUTPUT	SIGNAL	M4	0.0	299.472	0.084	299.496
o_data[593]	OUTPUT	SIGNAL	M4	0.0	293.04	0.084	293.064
o_data[594]	OUTPUT	SIGNAL	M4	0.0	292.896	0.084	292.92
o_data[595]	OUTPUT	SIGNAL	M4	0.0	291.888	0.084	291.912
o_data[596]	OUTPUT	SIGNAL	M4	0.0	296.736	0.084	296.76
o_data[597]	OUTPUT	SIGNAL	M4	0.0	291.168	0.084	291.192
o_data[598]	OUTPUT	SIGNAL	M4	0.0	290.448	0.084	290.472
o_data[599]	OUTPUT	SIGNAL	M4	0.0	293.952	0.084	293.976
o_data[59]	OUTPUT	SIGNAL	M4	335.529	167.232	335.613	167.256
o_data[5]	OUTPUT	SIGNAL	M4	335.529	202.368	335.613	202.392
o_data[600]	OUTPUT	SIGNAL	M4	0.0	289.872	0.084	289.896
o_data[601]	OUTPUT	SIGNAL	M4	0.0	290.112	0.084	290.136
o_data[602]	OUTPUT	SIGNAL	M4	0.0	289.152	0.084	289.176
o_data[603]	OUTPUT	SIGNAL	M4	0.0	288.912	0.084	288.936
o_data[604]	OUTPUT	SIGNAL	M4	0.0	288.96	0.084	288.984
o_data[605]	OUTPUT	SIGNAL	M4	0.0	290.304	0.084	290.328
o_data[606]	OUTPUT	SIGNAL	M4	0.0	287.664	0.084	287.688
o_data[607]	OUTPUT	SIGNAL	M4	0.0	294.0	0.084	294.024
o_data[608]	OUTPUT	SIGNAL	M5	30.624	335.529	30.648	335.613
o_data[609]	OUTPUT	SIGNAL	M5	30.672	335.529	30.696	335.613
o_data[60]	OUTPUT	SIGNAL	M4	335.529	172.944	335.613	172.968
o_data[610]	OUTPUT	SIGNAL	M5	30.72	335.529	30.744	335.613
o_data[611]	OUTPUT	SIGNAL	M5	31.296	335.529	31.32	335.613
o_data[612]	OUTPUT	SIGNAL	M5	29.856	335.529	29.88	335.613
o_data[613]	OUTPUT	SIGNAL	M5	31.344	335.529	31.368	335.613
o_data[614]	OUTPUT	SIGNAL	M5	31.248	335.529	31.272	335.613
o_data[615]	OUTPUT	SIGNAL	M5	31.488	335.529	31.512	335.613
o_data[616]	OUTPUT	SIGNAL	M5	29.76	335.529	29.784	335.613
o_data[617]	OUTPUT	SIGNAL	M5	30.576	335.529	30.6	335.613
o_data[618]	OUTPUT	SIGNAL	M5	29.232	335.529	29.256	335.613
o_data[619]	OUTPUT	SIGNAL	M5	29.184	335.529	29.208	335.613
o_data[61]	OUTPUT	SIGNAL	M4	335.529	176.112	335.613	176.136
o_data[620]	OUTPUT	SIGNAL	M4	0.0	304.416	0.084	304.44
o_data[621]	OUTPUT	SIGNAL	M5	29.136	335.529	29.16	335.613
o_data[622]	OUTPUT	SIGNAL	M4	0.0	305.952	0.084	305.976
o_data[623]	OUTPUT	SIGNAL	M4	0.0	302.976	0.084	303.0
o_data[624]	OUTPUT	SIGNAL	M4	0.0	301.008	0.084	301.032
o_data[625]	OUTPUT	SIGNAL	M4	0.0	300.24	0.084	300.264
o_data[626]	OUTPUT	SIGNAL	M4	0.0	298.608	0.084	298.632
o_data[627]	OUTPUT	SIGNAL	M4	0.0	298.128	0.084	298.152
o_data[628]	OUTPUT	SIGNAL	M4	0.0	297.504	0.084	297.528
o_data[629]	OUTPUT	SIGNAL	M4	0.0	297.648	0.084	297.672
o_data[62]	OUTPUT	SIGNAL	M4	335.529	174.384	335.613	174.408
o_data[630]	OUTPUT	SIGNAL	M4	0.0	300.96	0.084	300.984
o_data[631]	OUTPUT	SIGNAL	M4	0.0	295.2	0.084	295.224
o_data[632]	OUTPUT	SIGNAL	M4	0.0	296.064	0.084	296.088
o_data[633]	OUTPUT	SIGNAL	M4	0.0	296.112	0.084	296.136
o_data[634]	OUTPUT	SIGNAL	M4	0.0	295.248	0.084	295.272
o_data[635]	OUTPUT	SIGNAL	M4	0.0	294.048	0.084	294.072
o_data[636]	OUTPUT	SIGNAL	M4	0.0	292.368	0.084	292.392
o_data[637]	OUTPUT	SIGNAL	M4	0.0	291.264	0.084	291.288
o_data[638]	OUTPUT	SIGNAL	M4	0.0	291.504	0.084	291.528
o_data[639]	OUTPUT	SIGNAL	M4	0.0	294.432	0.084	294.456
o_data[63]	OUTPUT	SIGNAL	M4	335.529	166.224	335.613	166.248
o_data[640]	OUTPUT	SIGNAL	M4	0.0	212.784	0.084	212.808
o_data[641]	OUTPUT	SIGNAL	M4	0.0	213.408	0.084	213.432
o_data[642]	OUTPUT	SIGNAL	M4	0.0	213.648	0.084	213.672
o_data[643]	OUTPUT	SIGNAL	M4	0.0	213.552	0.084	213.576
o_data[644]	OUTPUT	SIGNAL	M4	0.0	214.368	0.084	214.392
o_data[645]	OUTPUT	SIGNAL	M4	0.0	213.456	0.084	213.48
o_data[646]	OUTPUT	SIGNAL	M4	0.0	213.744	0.084	213.768
o_data[647]	OUTPUT	SIGNAL	M4	0.0	214.224	0.084	214.248
o_data[648]	OUTPUT	SIGNAL	M4	0.0	214.128	0.084	214.152
o_data[649]	OUTPUT	SIGNAL	M4	0.0	213.36	0.084	213.384
o_data[64]	OUTPUT	SIGNAL	M4	335.529	135.984	335.613	136.008
o_data[650]	OUTPUT	SIGNAL	M4	0.0	214.464	0.084	214.488
o_data[651]	OUTPUT	SIGNAL	M4	0.0	213.696	0.084	213.72
o_data[652]	OUTPUT	SIGNAL	M4	0.0	214.416	0.084	214.44
o_data[653]	OUTPUT	SIGNAL	M4	0.0	214.08	0.084	214.104
o_data[654]	OUTPUT	SIGNAL	M4	0.0	213.936	0.084	213.96
o_data[655]	OUTPUT	SIGNAL	M4	0.0	213.312	0.084	213.336
o_data[656]	OUTPUT	SIGNAL	M4	0.0	212.736	0.084	212.76
o_data[657]	OUTPUT	SIGNAL	M4	0.0	234.096	0.084	234.12
o_data[658]	OUTPUT	SIGNAL	M4	0.0	235.92	0.084	235.944
o_data[659]	OUTPUT	SIGNAL	M4	0.0	235.392	0.084	235.416
o_data[65]	OUTPUT	SIGNAL	M4	335.529	137.04	335.613	137.064
o_data[660]	OUTPUT	SIGNAL	M4	0.0	234.048	0.084	234.072
o_data[661]	OUTPUT	SIGNAL	M4	0.0	233.52	0.084	233.544
o_data[662]	OUTPUT	SIGNAL	M4	0.0	234.24	0.084	234.264
o_data[663]	OUTPUT	SIGNAL	M4	0.0	233.568	0.084	233.592
o_data[664]	OUTPUT	SIGNAL	M4	0.0	233.76	0.084	233.784
o_data[665]	OUTPUT	SIGNAL	M4	0.0	233.712	0.084	233.736
o_data[666]	OUTPUT	SIGNAL	M4	0.0	233.808	0.084	233.832
o_data[667]	OUTPUT	SIGNAL	M4	0.0	234.816	0.084	234.84
o_data[668]	OUTPUT	SIGNAL	M4	0.0	234.768	0.084	234.792
o_data[669]	OUTPUT	SIGNAL	M4	0.0	235.344	0.084	235.368
o_data[66]	OUTPUT	SIGNAL	M4	335.529	136.752	335.613	136.776
o_data[670]	OUTPUT	SIGNAL	M4	0.0	235.968	0.084	235.992
o_data[671]	OUTPUT	SIGNAL	M4	0.0	236.112	0.084	236.136
o_data[672]	OUTPUT	SIGNAL	M4	0.0	236.064	0.084	236.088
o_data[673]	OUTPUT	SIGNAL	M4	0.0	236.928	0.084	236.952
o_data[674]	OUTPUT	SIGNAL	M4	0.0	236.88	0.084	236.904
o_data[675]	OUTPUT	SIGNAL	M4	0.0	236.256	0.084	236.28
o_data[676]	OUTPUT	SIGNAL	M4	0.0	236.784	0.084	236.808
o_data[677]	OUTPUT	SIGNAL	M4	0.0	236.208	0.084	236.232
o_data[678]	OUTPUT	SIGNAL	M4	0.0	148.512	0.084	148.536
o_data[679]	OUTPUT	SIGNAL	M4	0.0	146.208	0.084	146.232
o_data[67]	OUTPUT	SIGNAL	M4	335.529	137.952	335.613	137.976
o_data[680]	OUTPUT	SIGNAL	M4	0.0	150.48	0.084	150.504
o_data[681]	OUTPUT	SIGNAL	M4	0.0	148.464	0.084	148.488
o_data[682]	OUTPUT	SIGNAL	M4	0.0	150.624	0.084	150.648
o_data[683]	OUTPUT	SIGNAL	M4	0.0	150.384	0.084	150.408
o_data[684]	OUTPUT	SIGNAL	M4	0.0	151.056	0.084	151.08
o_data[685]	OUTPUT	SIGNAL	M4	0.0	146.688	0.084	146.712
o_data[686]	OUTPUT	SIGNAL	M4	0.0	148.896	0.084	148.92
o_data[687]	OUTPUT	SIGNAL	M4	0.0	149.376	0.084	149.4
o_data[688]	OUTPUT	SIGNAL	M4	0.0	259.968	0.084	259.992
o_data[689]	OUTPUT	SIGNAL	M4	0.0	259.92	0.084	259.944
o_data[68]	OUTPUT	SIGNAL	M4	335.529	138.0	335.613	138.024
o_data[690]	OUTPUT	SIGNAL	M4	0.0	259.392	0.084	259.416
o_data[691]	OUTPUT	SIGNAL	M4	0.0	259.776	0.084	259.8
o_data[692]	OUTPUT	SIGNAL	M4	0.0	260.736	0.084	260.76
o_data[693]	OUTPUT	SIGNAL	M4	0.0	259.248	0.084	259.272
o_data[694]	OUTPUT	SIGNAL	M4	0.0	260.016	0.084	260.04
o_data[695]	OUTPUT	SIGNAL	M4	0.0	259.344	0.084	259.368
o_data[696]	OUTPUT	SIGNAL	M4	0.0	260.064	0.084	260.088
o_data[697]	OUTPUT	SIGNAL	M4	0.0	259.872	0.084	259.896
o_data[698]	OUTPUT	SIGNAL	M4	0.0	260.4	0.084	260.424
o_data[699]	OUTPUT	SIGNAL	M4	0.0	266.064	0.084	266.088
o_data[69]	OUTPUT	SIGNAL	M4	335.529	134.88	335.613	134.904
o_data[6]	OUTPUT	SIGNAL	M4	335.529	206.4	335.613	206.424
o_data[700]	OUTPUT	SIGNAL	M4	0.0	265.296	0.084	265.32
o_data[701]	OUTPUT	SIGNAL	M4	0.0	265.44	0.084	265.464
o_data[702]	OUTPUT	SIGNAL	M4	0.0	150.96	0.084	150.984
o_data[703]	OUTPUT	SIGNAL	M4	0.0	146.352	0.084	146.376
o_data[704]	OUTPUT	SIGNAL	M5	246.672	335.529	246.696	335.613
o_data[705]	OUTPUT	SIGNAL	M5	242.352	335.529	242.376	335.613
o_data[706]	OUTPUT	SIGNAL	M5	256.752	335.529	256.776	335.613
o_data[707]	OUTPUT	SIGNAL	M5	248.496	335.529	248.52	335.613
o_data[708]	OUTPUT	SIGNAL	M5	248.544	335.529	248.568	335.613
o_data[709]	OUTPUT	SIGNAL	M5	248.592	335.529	248.616	335.613
o_data[70]	OUTPUT	SIGNAL	M4	335.529	135.936	335.613	135.96
o_data[710]	OUTPUT	SIGNAL	M5	248.64	335.529	248.664	335.613
o_data[711]	OUTPUT	SIGNAL	M5	248.688	335.529	248.712	335.613
o_data[712]	OUTPUT	SIGNAL	M5	248.736	335.529	248.76	335.613
o_data[713]	OUTPUT	SIGNAL	M5	248.784	335.529	248.808	335.613
o_data[714]	OUTPUT	SIGNAL	M5	248.832	335.529	248.856	335.613
o_data[715]	OUTPUT	SIGNAL	M5	248.88	335.529	248.904	335.613
o_data[716]	OUTPUT	SIGNAL	M5	248.928	335.529	248.952	335.613
o_data[717]	OUTPUT	SIGNAL	M5	248.976	335.529	249.0	335.613
o_data[718]	OUTPUT	SIGNAL	M5	249.024	335.529	249.048	335.613
o_data[719]	OUTPUT	SIGNAL	M5	249.072	335.529	249.096	335.613
o_data[71]	OUTPUT	SIGNAL	M4	335.529	134.928	335.613	134.952
o_data[720]	OUTPUT	SIGNAL	M5	249.12	335.529	249.144	335.613
o_data[721]	OUTPUT	SIGNAL	M5	249.168	335.529	249.192	335.613
o_data[722]	OUTPUT	SIGNAL	M5	249.216	335.529	249.24	335.613
o_data[723]	OUTPUT	SIGNAL	M5	249.264	335.529	249.288	335.613
o_data[724]	OUTPUT	SIGNAL	M5	249.312	335.529	249.336	335.613
o_data[725]	OUTPUT	SIGNAL	M5	249.36	335.529	249.384	335.613
o_data[726]	OUTPUT	SIGNAL	M5	249.408	335.529	249.432	335.613
o_data[727]	OUTPUT	SIGNAL	M5	249.456	335.529	249.48	335.613
o_data[728]	OUTPUT	SIGNAL	M5	249.504	335.529	249.528	335.613
o_data[729]	OUTPUT	SIGNAL	M5	249.552	335.529	249.576	335.613
o_data[72]	OUTPUT	SIGNAL	M4	335.529	134.208	335.613	134.232
o_data[730]	OUTPUT	SIGNAL	M5	249.6	335.529	249.624	335.613
o_data[731]	OUTPUT	SIGNAL	M5	249.648	335.529	249.672	335.613
o_data[732]	OUTPUT	SIGNAL	M5	249.696	335.529	249.72	335.613
o_data[733]	OUTPUT	SIGNAL	M5	249.744	335.529	249.768	335.613
o_data[734]	OUTPUT	SIGNAL	M5	249.792	335.529	249.816	335.613
o_data[735]	OUTPUT	SIGNAL	M5	249.84	335.529	249.864	335.613
o_data[736]	OUTPUT	SIGNAL	M5	249.888	335.529	249.912	335.613
o_data[737]	OUTPUT	SIGNAL	M5	249.936	335.529	249.96	335.613
o_data[738]	OUTPUT	SIGNAL	M5	249.984	335.529	250.008	335.613
o_data[739]	OUTPUT	SIGNAL	M5	250.032	335.529	250.056	335.613
o_data[73]	OUTPUT	SIGNAL	M4	335.529	136.272	335.613	136.296
o_data[740]	OUTPUT	SIGNAL	M5	250.08	335.529	250.104	335.613
o_data[741]	OUTPUT	SIGNAL	M5	250.128	335.529	250.152	335.613
o_data[742]	OUTPUT	SIGNAL	M5	250.176	335.529	250.2	335.613
o_data[743]	OUTPUT	SIGNAL	M5	250.224	335.529	250.248	335.613
o_data[744]	OUTPUT	SIGNAL	M5	250.272	335.529	250.296	335.613
o_data[745]	OUTPUT	SIGNAL	M5	250.32	335.529	250.344	335.613
o_data[746]	OUTPUT	SIGNAL	M5	250.368	335.529	250.392	335.613
o_data[747]	OUTPUT	SIGNAL	M5	250.416	335.529	250.44	335.613
o_data[748]	OUTPUT	SIGNAL	M5	250.464	335.529	250.488	335.613
o_data[749]	OUTPUT	SIGNAL	M5	250.512	335.529	250.536	335.613
o_data[74]	OUTPUT	SIGNAL	M4	335.529	135.264	335.613	135.288
o_data[750]	OUTPUT	SIGNAL	M5	250.56	335.529	250.584	335.613
o_data[751]	OUTPUT	SIGNAL	M5	250.608	335.529	250.632	335.613
o_data[752]	OUTPUT	SIGNAL	M5	250.656	335.529	250.68	335.613
o_data[753]	OUTPUT	SIGNAL	M5	250.704	335.529	250.728	335.613
o_data[754]	OUTPUT	SIGNAL	M5	250.752	335.529	250.776	335.613
o_data[755]	OUTPUT	SIGNAL	M5	250.8	335.529	250.824	335.613
o_data[756]	OUTPUT	SIGNAL	M5	250.848	335.529	250.872	335.613
o_data[757]	OUTPUT	SIGNAL	M5	250.896	335.529	250.92	335.613
o_data[758]	OUTPUT	SIGNAL	M5	250.944	335.529	250.968	335.613
o_data[759]	OUTPUT	SIGNAL	M5	250.992	335.529	251.016	335.613
o_data[75]	OUTPUT	SIGNAL	M4	335.529	136.368	335.613	136.392
o_data[760]	OUTPUT	SIGNAL	M5	251.04	335.529	251.064	335.613
o_data[761]	OUTPUT	SIGNAL	M5	251.088	335.529	251.112	335.613
o_data[762]	OUTPUT	SIGNAL	M5	251.136	335.529	251.16	335.613
o_data[763]	OUTPUT	SIGNAL	M5	251.184	335.529	251.208	335.613
o_data[764]	OUTPUT	SIGNAL	M5	251.232	335.529	251.256	335.613
o_data[765]	OUTPUT	SIGNAL	M5	251.28	335.529	251.304	335.613
o_data[766]	OUTPUT	SIGNAL	M5	251.328	335.529	251.352	335.613
o_data[767]	OUTPUT	SIGNAL	M5	251.376	335.529	251.4	335.613
o_data[768]	OUTPUT	SIGNAL	M4	335.529	244.512	335.613	244.536
o_data[769]	OUTPUT	SIGNAL	M4	335.529	235.68	335.613	235.704
o_data[76]	OUTPUT	SIGNAL	M4	335.529	134.4	335.613	134.424
o_data[770]	OUTPUT	SIGNAL	M4	335.529	235.824	335.613	235.848
o_data[771]	OUTPUT	SIGNAL	M4	335.529	234.768	335.613	234.792
o_data[772]	OUTPUT	SIGNAL	M4	335.529	234.048	335.613	234.072
o_data[773]	OUTPUT	SIGNAL	M4	335.529	233.28	335.613	233.304
o_data[774]	OUTPUT	SIGNAL	M4	335.529	231.888	335.613	231.912
o_data[775]	OUTPUT	SIGNAL	M4	335.529	232.224	335.613	232.248
o_data[776]	OUTPUT	SIGNAL	M4	335.529	240.384	335.613	240.408
o_data[777]	OUTPUT	SIGNAL	M4	335.529	236.976	335.613	237.0
o_data[778]	OUTPUT	SIGNAL	M4	335.529	237.984	335.613	238.008
o_data[779]	OUTPUT	SIGNAL	M4	335.529	239.424	335.613	239.448
o_data[77]	OUTPUT	SIGNAL	M4	335.529	134.496	335.613	134.52
o_data[780]	OUTPUT	SIGNAL	M4	335.529	238.512	335.613	238.536
o_data[781]	OUTPUT	SIGNAL	M4	335.529	241.2	335.613	241.224
o_data[782]	OUTPUT	SIGNAL	M4	335.529	242.256	335.613	242.28
o_data[783]	OUTPUT	SIGNAL	M4	335.529	243.408	335.613	243.432
o_data[784]	OUTPUT	SIGNAL	M4	335.529	247.488	335.613	247.512
o_data[785]	OUTPUT	SIGNAL	M4	335.529	248.304	335.613	248.328
o_data[786]	OUTPUT	SIGNAL	M4	335.529	248.976	335.613	249.0
o_data[787]	OUTPUT	SIGNAL	M5	251.424	335.529	251.448	335.613
o_data[788]	OUTPUT	SIGNAL	M5	251.472	335.529	251.496	335.613
o_data[789]	OUTPUT	SIGNAL	M5	251.52	335.529	251.544	335.613
o_data[78]	OUTPUT	SIGNAL	M4	335.529	133.68	335.613	133.704
o_data[790]	OUTPUT	SIGNAL	M5	251.568	335.529	251.592	335.613
o_data[791]	OUTPUT	SIGNAL	M5	251.616	335.529	251.64	335.613
o_data[792]	OUTPUT	SIGNAL	M5	251.664	335.529	251.688	335.613
o_data[793]	OUTPUT	SIGNAL	M5	251.712	335.529	251.736	335.613
o_data[794]	OUTPUT	SIGNAL	M5	251.76	335.529	251.784	335.613
o_data[795]	OUTPUT	SIGNAL	M5	251.808	335.529	251.832	335.613
o_data[796]	OUTPUT	SIGNAL	M5	251.856	335.529	251.88	335.613
o_data[797]	OUTPUT	SIGNAL	M5	251.904	335.529	251.928	335.613
o_data[798]	OUTPUT	SIGNAL	M5	251.952	335.529	251.976	335.613
o_data[799]	OUTPUT	SIGNAL	M5	252.0	335.529	252.024	335.613
o_data[79]	OUTPUT	SIGNAL	M4	335.529	135.696	335.613	135.72
o_data[7]	OUTPUT	SIGNAL	M4	335.529	205.056	335.613	205.08
o_data[800]	OUTPUT	SIGNAL	M4	335.529	245.472	335.613	245.496
o_data[801]	OUTPUT	SIGNAL	M4	335.529	236.208	335.613	236.232
o_data[802]	OUTPUT	SIGNAL	M4	335.529	235.872	335.613	235.896
o_data[803]	OUTPUT	SIGNAL	M4	335.529	234.624	335.613	234.648
o_data[804]	OUTPUT	SIGNAL	M4	335.529	233.664	335.613	233.688
o_data[805]	OUTPUT	SIGNAL	M4	335.529	233.328	335.613	233.352
o_data[806]	OUTPUT	SIGNAL	M4	335.529	231.024	335.613	231.048
o_data[807]	OUTPUT	SIGNAL	M4	335.529	232.032	335.613	232.056
o_data[808]	OUTPUT	SIGNAL	M4	335.529	240.48	335.613	240.504
o_data[809]	OUTPUT	SIGNAL	M4	335.529	237.024	335.613	237.048
o_data[80]	OUTPUT	SIGNAL	M4	335.529	134.448	335.613	134.472
o_data[810]	OUTPUT	SIGNAL	M4	335.529	237.888	335.613	237.912
o_data[811]	OUTPUT	SIGNAL	M4	335.529	239.232	335.613	239.256
o_data[812]	OUTPUT	SIGNAL	M4	335.529	238.272	335.613	238.296
o_data[813]	OUTPUT	SIGNAL	M4	335.529	241.68	335.613	241.704
o_data[814]	OUTPUT	SIGNAL	M4	335.529	242.976	335.613	243.0
o_data[815]	OUTPUT	SIGNAL	M4	335.529	243.936	335.613	243.96
o_data[816]	OUTPUT	SIGNAL	M4	335.529	248.112	335.613	248.136
o_data[817]	OUTPUT	SIGNAL	M5	252.048	335.529	252.072	335.613
o_data[818]	OUTPUT	SIGNAL	M4	335.529	249.072	335.613	249.096
o_data[819]	OUTPUT	SIGNAL	M5	252.096	335.529	252.12	335.613
o_data[81]	OUTPUT	SIGNAL	M4	335.529	135.504	335.613	135.528
o_data[820]	OUTPUT	SIGNAL	M5	252.144	335.529	252.168	335.613
o_data[821]	OUTPUT	SIGNAL	M5	252.192	335.529	252.216	335.613
o_data[822]	OUTPUT	SIGNAL	M5	252.24	335.529	252.264	335.613
o_data[823]	OUTPUT	SIGNAL	M5	252.288	335.529	252.312	335.613
o_data[824]	OUTPUT	SIGNAL	M5	252.336	335.529	252.36	335.613
o_data[825]	OUTPUT	SIGNAL	M5	252.384	335.529	252.408	335.613
o_data[826]	OUTPUT	SIGNAL	M5	252.432	335.529	252.456	335.613
o_data[827]	OUTPUT	SIGNAL	M5	252.48	335.529	252.504	335.613
o_data[828]	OUTPUT	SIGNAL	M5	252.528	335.529	252.552	335.613
o_data[829]	OUTPUT	SIGNAL	M5	252.576	335.529	252.6	335.613
o_data[82]	OUTPUT	SIGNAL	M4	335.529	134.64	335.613	134.664
o_data[830]	OUTPUT	SIGNAL	M5	252.624	335.529	252.648	335.613
o_data[831]	OUTPUT	SIGNAL	M5	252.672	335.529	252.696	335.613
o_data[832]	OUTPUT	SIGNAL	M5	252.72	335.529	252.744	335.613
o_data[833]	OUTPUT	SIGNAL	M5	252.768	335.529	252.792	335.613
o_data[834]	OUTPUT	SIGNAL	M5	252.816	335.529	252.84	335.613
o_data[835]	OUTPUT	SIGNAL	M5	252.864	335.529	252.888	335.613
o_data[836]	OUTPUT	SIGNAL	M5	252.912	335.529	252.936	335.613
o_data[837]	OUTPUT	SIGNAL	M5	252.96	335.529	252.984	335.613
o_data[838]	OUTPUT	SIGNAL	M5	253.008	335.529	253.032	335.613
o_data[839]	OUTPUT	SIGNAL	M5	253.056	335.529	253.08	335.613
o_data[83]	OUTPUT	SIGNAL	M4	335.529	136.608	335.613	136.632
o_data[840]	OUTPUT	SIGNAL	M5	253.104	335.529	253.128	335.613
o_data[841]	OUTPUT	SIGNAL	M5	253.152	335.529	253.176	335.613
o_data[842]	OUTPUT	SIGNAL	M5	253.2	335.529	253.224	335.613
o_data[843]	OUTPUT	SIGNAL	M5	253.248	335.529	253.272	335.613
o_data[844]	OUTPUT	SIGNAL	M5	253.296	335.529	253.32	335.613
o_data[845]	OUTPUT	SIGNAL	M5	253.344	335.529	253.368	335.613
o_data[846]	OUTPUT	SIGNAL	M5	253.392	335.529	253.416	335.613
o_data[847]	OUTPUT	SIGNAL	M5	253.44	335.529	253.464	335.613
o_data[848]	OUTPUT	SIGNAL	M5	253.488	335.529	253.512	335.613
o_data[849]	OUTPUT	SIGNAL	M5	253.536	335.529	253.56	335.613
o_data[84]	OUTPUT	SIGNAL	M4	335.529	137.136	335.613	137.16
o_data[850]	OUTPUT	SIGNAL	M5	253.584	335.529	253.608	335.613
o_data[851]	OUTPUT	SIGNAL	M5	253.632	335.529	253.656	335.613
o_data[852]	OUTPUT	SIGNAL	M5	253.68	335.529	253.704	335.613
o_data[853]	OUTPUT	SIGNAL	M5	253.728	335.529	253.752	335.613
o_data[854]	OUTPUT	SIGNAL	M5	253.776	335.529	253.8	335.613
o_data[855]	OUTPUT	SIGNAL	M5	253.824	335.529	253.848	335.613
o_data[856]	OUTPUT	SIGNAL	M5	253.872	335.529	253.896	335.613
o_data[857]	OUTPUT	SIGNAL	M5	253.92	335.529	253.944	335.613
o_data[858]	OUTPUT	SIGNAL	M5	253.968	335.529	253.992	335.613
o_data[859]	OUTPUT	SIGNAL	M5	254.016	335.529	254.04	335.613
o_data[85]	OUTPUT	SIGNAL	M4	335.529	138.288	335.613	138.312
o_data[860]	OUTPUT	SIGNAL	M5	254.064	335.529	254.088	335.613
o_data[861]	OUTPUT	SIGNAL	M5	254.112	335.529	254.136	335.613
o_data[862]	OUTPUT	SIGNAL	M5	254.16	335.529	254.184	335.613
o_data[863]	OUTPUT	SIGNAL	M5	254.208	335.529	254.232	335.613
o_data[864]	OUTPUT	SIGNAL	M5	254.256	335.529	254.28	335.613
o_data[865]	OUTPUT	SIGNAL	M5	254.304	335.529	254.328	335.613
o_data[866]	OUTPUT	SIGNAL	M5	254.352	335.529	254.376	335.613
o_data[867]	OUTPUT	SIGNAL	M5	254.4	335.529	254.424	335.613
o_data[868]	OUTPUT	SIGNAL	M5	254.448	335.529	254.472	335.613
o_data[869]	OUTPUT	SIGNAL	M5	254.496	335.529	254.52	335.613
o_data[86]	OUTPUT	SIGNAL	M4	335.529	138.048	335.613	138.072
o_data[870]	OUTPUT	SIGNAL	M5	254.544	335.529	254.568	335.613
o_data[871]	OUTPUT	SIGNAL	M5	254.592	335.529	254.616	335.613
o_data[872]	OUTPUT	SIGNAL	M5	254.64	335.529	254.664	335.613
o_data[873]	OUTPUT	SIGNAL	M5	254.688	335.529	254.712	335.613
o_data[874]	OUTPUT	SIGNAL	M5	254.736	335.529	254.76	335.613
o_data[875]	OUTPUT	SIGNAL	M5	254.784	335.529	254.808	335.613
o_data[876]	OUTPUT	SIGNAL	M5	254.832	335.529	254.856	335.613
o_data[877]	OUTPUT	SIGNAL	M5	254.88	335.529	254.904	335.613
o_data[878]	OUTPUT	SIGNAL	M5	254.928	335.529	254.952	335.613
o_data[879]	OUTPUT	SIGNAL	M5	254.976	335.529	255.0	335.613
o_data[87]	OUTPUT	SIGNAL	M4	335.529	137.088	335.613	137.112
o_data[880]	OUTPUT	SIGNAL	M5	255.024	335.529	255.048	335.613
o_data[881]	OUTPUT	SIGNAL	M5	255.072	335.529	255.096	335.613
o_data[882]	OUTPUT	SIGNAL	M5	255.12	335.529	255.144	335.613
o_data[883]	OUTPUT	SIGNAL	M5	255.168	335.529	255.192	335.613
o_data[884]	OUTPUT	SIGNAL	M5	255.216	335.529	255.24	335.613
o_data[885]	OUTPUT	SIGNAL	M5	255.264	335.529	255.288	335.613
o_data[886]	OUTPUT	SIGNAL	M5	255.312	335.529	255.336	335.613
o_data[887]	OUTPUT	SIGNAL	M5	255.36	335.529	255.384	335.613
o_data[888]	OUTPUT	SIGNAL	M5	255.408	335.529	255.432	335.613
o_data[889]	OUTPUT	SIGNAL	M5	255.456	335.529	255.48	335.613
o_data[88]	OUTPUT	SIGNAL	M4	335.529	135.84	335.613	135.864
o_data[890]	OUTPUT	SIGNAL	M5	255.504	335.529	255.528	335.613
o_data[891]	OUTPUT	SIGNAL	M5	255.552	335.529	255.576	335.613
o_data[892]	OUTPUT	SIGNAL	M5	255.6	335.529	255.624	335.613
o_data[893]	OUTPUT	SIGNAL	M5	255.648	335.529	255.672	335.613
o_data[894]	OUTPUT	SIGNAL	M5	255.696	335.529	255.72	335.613
o_data[895]	OUTPUT	SIGNAL	M5	255.744	335.529	255.768	335.613
o_data[896]	OUTPUT	SIGNAL	M4	0.0	282.528	0.084	282.552
o_data[897]	OUTPUT	SIGNAL	M4	0.0	283.008	0.084	283.032
o_data[898]	OUTPUT	SIGNAL	M4	0.0	281.76	0.084	281.784
o_data[899]	OUTPUT	SIGNAL	M4	0.0	282.336	0.084	282.36
o_data[89]	OUTPUT	SIGNAL	M4	335.529	136.8	335.613	136.824
o_data[8]	OUTPUT	SIGNAL	M4	335.529	205.68	335.613	205.704
o_data[900]	OUTPUT	SIGNAL	M4	0.0	281.28	0.084	281.304
o_data[901]	OUTPUT	SIGNAL	M4	0.0	281.568	0.084	281.592
o_data[902]	OUTPUT	SIGNAL	M4	0.0	280.944	0.084	280.968
o_data[903]	OUTPUT	SIGNAL	M4	0.0	281.712	0.084	281.736
o_data[904]	OUTPUT	SIGNAL	M4	0.0	280.992	0.084	281.016
o_data[905]	OUTPUT	SIGNAL	M4	0.0	281.424	0.084	281.448
o_data[906]	OUTPUT	SIGNAL	M4	0.0	280.464	0.084	280.488
o_data[907]	OUTPUT	SIGNAL	M4	0.0	281.232	0.084	281.256
o_data[908]	OUTPUT	SIGNAL	M4	0.0	281.856	0.084	281.88
o_data[909]	OUTPUT	SIGNAL	M4	0.0	281.616	0.084	281.64
o_data[90]	OUTPUT	SIGNAL	M4	335.529	136.656	335.613	136.68
o_data[910]	OUTPUT	SIGNAL	M4	0.0	280.512	0.084	280.536
o_data[911]	OUTPUT	SIGNAL	M4	0.0	280.56	0.084	280.584
o_data[912]	OUTPUT	SIGNAL	M4	0.0	278.496	0.084	278.52
o_data[913]	OUTPUT	SIGNAL	M4	0.0	277.536	0.084	277.56
o_data[914]	OUTPUT	SIGNAL	M4	0.0	279.072	0.084	279.096
o_data[915]	OUTPUT	SIGNAL	M4	0.0	276.96	0.084	276.984
o_data[916]	OUTPUT	SIGNAL	M4	0.0	276.864	0.084	276.888
o_data[917]	OUTPUT	SIGNAL	M4	0.0	278.016	0.084	278.04
o_data[918]	OUTPUT	SIGNAL	M4	0.0	277.2	0.084	277.224
o_data[919]	OUTPUT	SIGNAL	M4	0.0	277.104	0.084	277.128
o_data[91]	OUTPUT	SIGNAL	M4	335.529	139.248	335.613	139.272
o_data[920]	OUTPUT	SIGNAL	M4	0.0	276.048	0.084	276.072
o_data[921]	OUTPUT	SIGNAL	M4	0.0	277.152	0.084	277.176
o_data[922]	OUTPUT	SIGNAL	M4	0.0	276.816	0.084	276.84
o_data[923]	OUTPUT	SIGNAL	M4	0.0	275.376	0.084	275.4
o_data[924]	OUTPUT	SIGNAL	M4	0.0	276.192	0.084	276.216
o_data[925]	OUTPUT	SIGNAL	M4	0.0	277.248	0.084	277.272
o_data[926]	OUTPUT	SIGNAL	M4	0.0	276.48	0.084	276.504
o_data[927]	OUTPUT	SIGNAL	M4	0.0	278.688	0.084	278.712
o_data[928]	OUTPUT	SIGNAL	M5	54.48	335.529	54.504	335.613
o_data[929]	OUTPUT	SIGNAL	M5	54.672	335.529	54.696	335.613
o_data[92]	OUTPUT	SIGNAL	M4	335.529	138.24	335.613	138.264
o_data[930]	OUTPUT	SIGNAL	M5	49.824	335.529	49.848	335.613
o_data[931]	OUTPUT	SIGNAL	M5	52.272	335.529	52.296	335.613
o_data[932]	OUTPUT	SIGNAL	M5	54.576	335.529	54.6	335.613
o_data[933]	OUTPUT	SIGNAL	M5	51.744	335.529	51.768	335.613
o_data[934]	OUTPUT	SIGNAL	M5	52.224	335.529	52.248	335.613
o_data[935]	OUTPUT	SIGNAL	M5	49.104	335.529	49.128	335.613
o_data[936]	OUTPUT	SIGNAL	M5	49.776	335.529	49.8	335.613
o_data[937]	OUTPUT	SIGNAL	M5	54.96	335.529	54.984	335.613
o_data[938]	OUTPUT	SIGNAL	M5	48.96	335.529	48.984	335.613
o_data[939]	OUTPUT	SIGNAL	M5	54.384	335.529	54.408	335.613
o_data[93]	OUTPUT	SIGNAL	M4	335.529	138.096	335.613	138.12
o_data[940]	OUTPUT	SIGNAL	M5	54.336	335.529	54.36	335.613
o_data[941]	OUTPUT	SIGNAL	M5	54.288	335.529	54.312	335.613
o_data[942]	OUTPUT	SIGNAL	M5	52.128	335.529	52.152	335.613
o_data[943]	OUTPUT	SIGNAL	M5	54.24	335.529	54.264	335.613
o_data[944]	OUTPUT	SIGNAL	M5	53.424	335.529	53.448	335.613
o_data[945]	OUTPUT	SIGNAL	M4	0.0	282.192	0.084	282.216
o_data[946]	OUTPUT	SIGNAL	M4	0.0	282.576	0.084	282.6
o_data[947]	OUTPUT	SIGNAL	M5	49.728	335.529	49.752	335.613
o_data[948]	OUTPUT	SIGNAL	M5	52.032	335.529	52.056	335.613
o_data[949]	OUTPUT	SIGNAL	M4	0.0	282.672	0.084	282.696
o_data[94]	OUTPUT	SIGNAL	M4	335.529	138.576	335.613	138.6
o_data[950]	OUTPUT	SIGNAL	M5	54.192	335.529	54.216	335.613
o_data[951]	OUTPUT	SIGNAL	M4	0.0	282.048	0.084	282.072
o_data[952]	OUTPUT	SIGNAL	M5	48.816	335.529	48.84	335.613
o_data[953]	OUTPUT	SIGNAL	M5	51.984	335.529	52.008	335.613
o_data[954]	OUTPUT	SIGNAL	M4	0.0	282.624	0.084	282.648
o_data[955]	OUTPUT	SIGNAL	M5	54.096	335.529	54.12	335.613
o_data[956]	OUTPUT	SIGNAL	M5	56.304	335.529	56.328	335.613
o_data[957]	OUTPUT	SIGNAL	M4	0.0	282.384	0.084	282.408
o_data[958]	OUTPUT	SIGNAL	M4	0.0	282.432	0.084	282.456
o_data[959]	OUTPUT	SIGNAL	M5	51.936	335.529	51.96	335.613
o_data[95]	OUTPUT	SIGNAL	M4	335.529	140.544	335.613	140.568
o_data[960]	OUTPUT	SIGNAL	M4	0.0	149.904	0.084	149.928
o_data[961]	OUTPUT	SIGNAL	M4	0.0	149.568	0.084	149.592
o_data[962]	OUTPUT	SIGNAL	M4	0.0	148.224	0.084	148.248
o_data[963]	OUTPUT	SIGNAL	M4	0.0	152.256	0.084	152.28
o_data[964]	OUTPUT	SIGNAL	M4	0.0	146.64	0.084	146.664
o_data[965]	OUTPUT	SIGNAL	M4	0.0	148.176	0.084	148.2
o_data[966]	OUTPUT	SIGNAL	M4	0.0	152.064	0.084	152.088
o_data[967]	OUTPUT	SIGNAL	M4	0.0	149.808	0.084	149.832
o_data[968]	OUTPUT	SIGNAL	M4	0.0	148.128	0.084	148.152
o_data[969]	OUTPUT	SIGNAL	M4	0.0	150.672	0.084	150.696
o_data[96]	OUTPUT	SIGNAL	M4	335.529	137.712	335.613	137.736
o_data[970]	OUTPUT	SIGNAL	M4	0.0	151.68	0.084	151.704
o_data[971]	OUTPUT	SIGNAL	M4	0.0	148.08	0.084	148.104
o_data[972]	OUTPUT	SIGNAL	M4	0.0	151.104	0.084	151.128
o_data[973]	OUTPUT	SIGNAL	M4	0.0	149.136	0.084	149.16
o_data[974]	OUTPUT	SIGNAL	M4	0.0	152.304	0.084	152.328
o_data[975]	OUTPUT	SIGNAL	M4	0.0	150.528	0.084	150.552
o_data[976]	OUTPUT	SIGNAL	M4	0.0	148.032	0.084	148.056
o_data[977]	OUTPUT	SIGNAL	M4	0.0	149.712	0.084	149.736
o_data[978]	OUTPUT	SIGNAL	M4	0.0	152.4	0.084	152.424
o_data[979]	OUTPUT	SIGNAL	M4	0.0	150.432	0.084	150.456
o_data[97]	OUTPUT	SIGNAL	M4	335.529	136.896	335.613	136.92
o_data[980]	OUTPUT	SIGNAL	M4	0.0	152.352	0.084	152.376
o_data[981]	OUTPUT	SIGNAL	M4	0.0	147.888	0.084	147.912
o_data[982]	OUTPUT	SIGNAL	M4	0.0	147.504	0.084	147.528
o_data[983]	OUTPUT	SIGNAL	M4	0.0	150.336	0.084	150.36
o_data[984]	OUTPUT	SIGNAL	M4	0.0	152.16	0.084	152.184
o_data[985]	OUTPUT	SIGNAL	M4	0.0	147.84	0.084	147.864
o_data[986]	OUTPUT	SIGNAL	M4	0.0	148.656	0.084	148.68
o_data[987]	OUTPUT	SIGNAL	M4	0.0	150.24	0.084	150.264
o_data[988]	OUTPUT	SIGNAL	M4	0.0	151.632	0.084	151.656
o_data[989]	OUTPUT	SIGNAL	M4	0.0	147.792	0.084	147.816
o_data[98]	OUTPUT	SIGNAL	M4	335.529	139.152	335.613	139.176
o_data[990]	OUTPUT	SIGNAL	M4	0.0	150.144	0.084	150.168
o_data[991]	OUTPUT	SIGNAL	M4	0.0	150.096	0.084	150.12
o_data[992]	OUTPUT	SIGNAL	M4	0.0	147.744	0.084	147.768
o_data[993]	OUTPUT	SIGNAL	M4	0.0	150.048	0.084	150.072
o_data[994]	OUTPUT	SIGNAL	M4	0.0	149.04	0.084	149.064
o_data[995]	OUTPUT	SIGNAL	M4	0.0	147.696	0.084	147.72
o_data[996]	OUTPUT	SIGNAL	M4	0.0	151.2	0.084	151.224
o_data[997]	OUTPUT	SIGNAL	M4	0.0	149.952	0.084	149.976
o_data[998]	OUTPUT	SIGNAL	M4	0.0	150.864	0.084	150.888
o_data[999]	OUTPUT	SIGNAL	M4	0.0	150.768	0.084	150.792
o_data[99]	OUTPUT	SIGNAL	M4	335.529	143.52	335.613	143.544
o_data[9]	OUTPUT	SIGNAL	M4	335.529	204.432	335.613	204.456
o_ev	OUTPUT	SIGNAL	M4	335.529	218.784	335.613	218.808
o_meta[0]	OUTPUT	SIGNAL	M4	335.529	134.304	335.613	134.328
o_meta[1]	OUTPUT	SIGNAL	M4	335.529	127.68	335.613	127.704
o_meta[2]	OUTPUT	SIGNAL	M4	335.529	116.304	335.613	116.328
o_meta[3]	OUTPUT	SIGNAL	M4	335.529	117.216	335.613	117.24
o_meta[4]	OUTPUT	SIGNAL	M4	335.529	118.032	335.613	118.056
o_meta[5]	OUTPUT	SIGNAL	M4	335.529	120.192	335.613	120.216
o_meta[6]	OUTPUT	SIGNAL	M4	335.529	120.768	335.613	120.792
o_meta[7]	OUTPUT	SIGNAL	M4	335.529	116.064	335.613	116.088
o_meta[8]	OUTPUT	SIGNAL	M4	335.529	126.576	335.613	126.6
o_we[0]	OUTPUT	SIGNAL	M4	335.529	217.536	335.613	217.56
o_we[100]	OUTPUT	SIGNAL	M4	0.0	53.376	0.084	53.4
o_we[101]	OUTPUT	SIGNAL	M4	0.0	52.464	0.084	52.488
o_we[102]	OUTPUT	SIGNAL	M4	0.0	260.256	0.084	260.28
o_we[103]	OUTPUT	SIGNAL	M4	0.0	261.12	0.084	261.144
o_we[104]	OUTPUT	SIGNAL	M5	48.048	0.0	48.072	0.084
o_we[105]	OUTPUT	SIGNAL	M5	47.904	0.0	47.928	0.084
o_we[106]	OUTPUT	SIGNAL	M5	203.904	0.0	203.928	0.084
o_we[107]	OUTPUT	SIGNAL	M5	205.248	0.0	205.272	0.084
o_we[108]	OUTPUT	SIGNAL	M4	0.0	62.88	0.084	62.904
o_we[109]	OUTPUT	SIGNAL	M4	0.0	61.92	0.084	61.944
o_we[10]	OUTPUT	SIGNAL	M4	0.0	258.432	0.084	258.456
o_we[110]	OUTPUT	SIGNAL	M5	55.248	335.529	55.272	335.613
o_we[111]	OUTPUT	SIGNAL	M5	54.0	335.529	54.024	335.613
o_we[112]	OUTPUT	SIGNAL	M5	48.768	335.529	48.792	335.613
o_we[113]	OUTPUT	SIGNAL	M5	48.288	335.529	48.312	335.613
o_we[114]	OUTPUT	SIGNAL	M5	255.792	335.529	255.816	335.613
o_we[115]	OUTPUT	SIGNAL	M5	255.84	335.529	255.864	335.613
o_we[116]	OUTPUT	SIGNAL	M4	0.0	258.384	0.084	258.408
o_we[117]	OUTPUT	SIGNAL	M4	0.0	258.768	0.084	258.792
o_we[118]	OUTPUT	SIGNAL	M4	0.0	147.6	0.084	147.624
o_we[119]	OUTPUT	SIGNAL	M4	0.0	146.592	0.084	146.616
o_we[11]	OUTPUT	SIGNAL	M4	0.0	258.096	0.084	258.12
o_we[120]	OUTPUT	SIGNAL	M5	47.856	0.0	47.88	0.084
o_we[121]	OUTPUT	SIGNAL	M5	47.616	0.0	47.64	0.084
o_we[122]	OUTPUT	SIGNAL	M4	0.0	94.224	0.084	94.248
o_we[123]	OUTPUT	SIGNAL	M4	0.0	94.56	0.084	94.584
o_we[124]	OUTPUT	SIGNAL	M5	46.512	0.0	46.536	0.084
o_we[125]	OUTPUT	SIGNAL	M5	46.464	0.0	46.488	0.084
o_we[126]	OUTPUT	SIGNAL	M5	255.888	335.529	255.912	335.613
o_we[127]	OUTPUT	SIGNAL	M5	255.936	335.529	255.96	335.613
o_we[12]	OUTPUT	SIGNAL	M4	0.0	80.688	0.084	80.712
o_we[13]	OUTPUT	SIGNAL	M4	0.0	79.776	0.084	79.8
o_we[14]	OUTPUT	SIGNAL	M4	0.0	258.24	0.084	258.264
o_we[15]	OUTPUT	SIGNAL	M4	0.0	258.288	0.084	258.312
o_we[16]	OUTPUT	SIGNAL	M5	280.368	0.0	280.392	0.084
o_we[17]	OUTPUT	SIGNAL	M5	280.416	0.0	280.44	0.084
o_we[18]	OUTPUT	SIGNAL	M5	213.168	0.0	213.192	0.084
o_we[19]	OUTPUT	SIGNAL	M5	212.976	0.0	213.0	0.084
o_we[1]	OUTPUT	SIGNAL	M4	335.529	217.488	335.613	217.512
o_we[20]	OUTPUT	SIGNAL	M5	233.28	0.0	233.304	0.084
o_we[21]	OUTPUT	SIGNAL	M5	233.664	0.0	233.688	0.084
o_we[22]	OUTPUT	SIGNAL	M5	255.984	335.529	256.008	335.613
o_we[23]	OUTPUT	SIGNAL	M5	256.032	335.529	256.056	335.613
o_we[24]	OUTPUT	SIGNAL	M5	256.08	335.529	256.104	335.613
o_we[25]	OUTPUT	SIGNAL	M5	256.128	335.529	256.152	335.613
o_we[26]	OUTPUT	SIGNAL	M5	256.176	335.529	256.2	335.613
o_we[27]	OUTPUT	SIGNAL	M5	256.224	335.529	256.248	335.613
o_we[28]	OUTPUT	SIGNAL	M4	0.0	267.696	0.084	267.72
o_we[29]	OUTPUT	SIGNAL	M4	0.0	267.744	0.084	267.768
o_we[2]	OUTPUT	SIGNAL	M4	335.529	67.92	335.613	67.944
o_we[30]	OUTPUT	SIGNAL	M4	0.0	267.792	0.084	267.816
o_we[31]	OUTPUT	SIGNAL	M4	0.0	267.84	0.084	267.864
o_we[32]	OUTPUT	SIGNAL	M5	288.528	0.0	288.552	0.084
o_we[33]	OUTPUT	SIGNAL	M5	290.304	0.0	290.328	0.084
o_we[34]	OUTPUT	SIGNAL	M4	0.0	268.08	0.084	268.104
o_we[35]	OUTPUT	SIGNAL	M4	0.0	268.224	0.084	268.248
o_we[36]	OUTPUT	SIGNAL	M4	0.0	268.416	0.084	268.44
o_we[37]	OUTPUT	SIGNAL	M4	0.0	268.464	0.084	268.488
o_we[38]	OUTPUT	SIGNAL	M5	256.272	335.529	256.296	335.613
o_we[39]	OUTPUT	SIGNAL	M5	256.32	335.529	256.344	335.613
o_we[3]	OUTPUT	SIGNAL	M4	335.529	66.768	335.613	66.792
o_we[40]	OUTPUT	SIGNAL	M5	287.856	0.0	287.88	0.084
o_we[41]	OUTPUT	SIGNAL	M5	288.048	0.0	288.072	0.084
o_we[42]	OUTPUT	SIGNAL	M5	247.536	0.0	247.56	0.084
o_we[43]	OUTPUT	SIGNAL	M5	248.256	0.0	248.28	0.084
o_we[44]	OUTPUT	SIGNAL	M5	256.368	335.529	256.392	335.613
o_we[45]	OUTPUT	SIGNAL	M5	256.416	335.529	256.44	335.613
o_we[46]	OUTPUT	SIGNAL	M4	335.529	55.392	335.613	55.416
o_we[47]	OUTPUT	SIGNAL	M5	282.0	0.0	282.024	0.084
o_we[48]	OUTPUT	SIGNAL	M5	266.304	0.0	266.328	0.084
o_we[49]	OUTPUT	SIGNAL	M5	266.208	0.0	266.232	0.084
o_we[4]	OUTPUT	SIGNAL	M5	229.44	0.0	229.464	0.084
o_we[50]	OUTPUT	SIGNAL	M4	335.529	210.24	335.613	210.264
o_we[51]	OUTPUT	SIGNAL	M4	335.529	211.056	335.613	211.08
o_we[52]	OUTPUT	SIGNAL	M5	222.96	0.0	222.984	0.084
o_we[53]	OUTPUT	SIGNAL	M5	223.2	0.0	223.224	0.084
o_we[54]	OUTPUT	SIGNAL	M5	256.464	335.529	256.488	335.613
o_we[55]	OUTPUT	SIGNAL	M5	256.512	335.529	256.536	335.613
o_we[56]	OUTPUT	SIGNAL	M5	203.952	0.0	203.976	0.084
o_we[57]	OUTPUT	SIGNAL	M5	204.528	0.0	204.552	0.084
o_we[58]	OUTPUT	SIGNAL	M5	204.0	0.0	204.024	0.084
o_we[59]	OUTPUT	SIGNAL	M5	205.296	0.0	205.32	0.084
o_we[5]	OUTPUT	SIGNAL	M5	229.776	0.0	229.8	0.084
o_we[60]	OUTPUT	SIGNAL	M5	223.248	0.0	223.272	0.084
o_we[61]	OUTPUT	SIGNAL	M5	223.392	0.0	223.416	0.084
o_we[62]	OUTPUT	SIGNAL	M5	256.56	335.529	256.584	335.613
o_we[63]	OUTPUT	SIGNAL	M5	256.608	335.529	256.632	335.613
o_we[64]	OUTPUT	SIGNAL	M5	240.672	0.0	240.696	0.084
o_we[65]	OUTPUT	SIGNAL	M5	240.864	0.0	240.888	0.084
o_we[66]	OUTPUT	SIGNAL	M5	204.048	0.0	204.072	0.084
o_we[67]	OUTPUT	SIGNAL	M5	205.968	0.0	205.992	0.084
o_we[68]	OUTPUT	SIGNAL	M4	0.0	268.512	0.084	268.536
o_we[69]	OUTPUT	SIGNAL	M4	0.0	268.608	0.084	268.632
o_we[6]	OUTPUT	SIGNAL	M5	219.792	0.0	219.816	0.084
o_we[70]	OUTPUT	SIGNAL	M5	256.656	335.529	256.68	335.613
o_we[71]	OUTPUT	SIGNAL	M5	256.704	335.529	256.728	335.613
o_we[72]	OUTPUT	SIGNAL	M4	0.0	282.48	0.084	282.504
o_we[73]	OUTPUT	SIGNAL	M4	0.0	283.44	0.084	283.464
o_we[74]	OUTPUT	SIGNAL	M4	0.0	80.88	0.084	80.904
o_we[75]	OUTPUT	SIGNAL	M4	0.0	79.728	0.084	79.752
o_we[76]	OUTPUT	SIGNAL	M4	0.0	287.856	0.084	287.88
o_we[77]	OUTPUT	SIGNAL	M4	0.0	289.008	0.084	289.032
o_we[78]	OUTPUT	SIGNAL	M4	0.0	55.968	0.084	55.992
o_we[79]	OUTPUT	SIGNAL	M4	0.0	54.864	0.084	54.888
o_we[7]	OUTPUT	SIGNAL	M5	219.6	0.0	219.624	0.084
o_we[80]	OUTPUT	SIGNAL	M5	285.696	0.0	285.72	0.084
o_we[81]	OUTPUT	SIGNAL	M5	285.792	0.0	285.816	0.084
o_we[82]	OUTPUT	SIGNAL	M5	52.608	335.529	52.632	335.613
o_we[83]	OUTPUT	SIGNAL	M5	49.056	335.529	49.08	335.613
o_we[84]	OUTPUT	SIGNAL	M5	283.584	0.0	283.608	0.084
o_we[85]	OUTPUT	SIGNAL	M5	283.392	0.0	283.416	0.084
o_we[86]	OUTPUT	SIGNAL	M4	0.0	148.752	0.084	148.776
o_we[87]	OUTPUT	SIGNAL	M4	0.0	152.448	0.084	152.472
o_we[88]	OUTPUT	SIGNAL	M4	0.0	268.656	0.084	268.68
o_we[89]	OUTPUT	SIGNAL	M4	0.0	268.704	0.084	268.728
o_we[8]	OUTPUT	SIGNAL	M4	0.0	147.552	0.084	147.576
o_we[90]	OUTPUT	SIGNAL	M5	46.368	0.0	46.392	0.084
o_we[91]	OUTPUT	SIGNAL	M5	45.552	0.0	45.576	0.084
o_we[92]	OUTPUT	SIGNAL	M4	0.0	268.752	0.084	268.776
o_we[93]	OUTPUT	SIGNAL	M4	0.0	268.8	0.084	268.824
o_we[94]	OUTPUT	SIGNAL	M5	205.344	0.0	205.368	0.084
o_we[95]	OUTPUT	SIGNAL	M5	203.424	0.0	203.448	0.084
o_we[96]	OUTPUT	SIGNAL	M5	45.504	0.0	45.528	0.084
o_we[97]	OUTPUT	SIGNAL	M5	45.456	0.0	45.48	0.084
o_we[98]	OUTPUT	SIGNAL	M5	55.68	335.529	55.704	335.613
o_we[99]	OUTPUT	SIGNAL	M5	52.752	335.529	52.776	335.613
o_we[9]	OUTPUT	SIGNAL	M4	0.0	150.912	0.084	150.936
rbase_in[0]	INPUT	SIGNAL	M4	0.0	23.376	0.084	23.4
rbase_in[10]	INPUT	SIGNAL	M4	0.0	114.624	0.084	114.648
rbase_in[11]	INPUT	SIGNAL	M4	0.0	52.368	0.084	52.392
rbase_in[12]	INPUT	SIGNAL	M4	0.0	35.232	0.084	35.256
rbase_in[13]	INPUT	SIGNAL	M4	0.0	148.8	0.084	148.824
rbase_in[14]	INPUT	SIGNAL	M5	45.264	0.0	45.288	0.084
rbase_in[15]	INPUT	SIGNAL	M4	0.0	152.208	0.084	152.232
rbase_in[16]	INPUT	SIGNAL	M4	0.0	56.592	0.084	56.616
rbase_in[17]	INPUT	SIGNAL	M5	25.344	0.0	25.368	0.084
rbase_in[18]	INPUT	SIGNAL	M4	0.0	51.888	0.084	51.912
rbase_in[19]	INPUT	SIGNAL	M4	0.0	269.136	0.084	269.16
rbase_in[1]	INPUT	SIGNAL	M5	19.584	0.0	19.608	0.084
rbase_in[20]	INPUT	SIGNAL	M4	0.0	116.976	0.084	117.0
rbase_in[21]	INPUT	SIGNAL	M4	0.0	269.328	0.084	269.352
rbase_in[22]	INPUT	SIGNAL	M4	0.0	269.424	0.084	269.448
rbase_in[23]	INPUT	SIGNAL	M4	0.0	115.2	0.084	115.224
rbase_in[2]	INPUT	SIGNAL	M4	0.0	51.168	0.084	51.192
rbase_in[3]	INPUT	SIGNAL	M4	0.0	124.368	0.084	124.392
rbase_in[4]	INPUT	SIGNAL	M4	0.0	114.576	0.084	114.6
rbase_in[5]	INPUT	SIGNAL	M4	0.0	115.296	0.084	115.32
rbase_in[6]	INPUT	SIGNAL	M4	0.0	76.992	0.084	77.016
rbase_in[7]	INPUT	SIGNAL	M5	34.272	0.0	34.296	0.084
rbase_in[8]	INPUT	SIGNAL	M5	42.768	0.0	42.792	0.084
rbase_in[9]	INPUT	SIGNAL	M4	0.0	114.912	0.084	114.936
rnd_in	INPUT	SIGNAL	M4	0.0	114.768	0.084	114.792
rsh_in[0]	INPUT	SIGNAL	M5	45.216	0.0	45.24	0.084
rsh_in[1]	INPUT	SIGNAL	M4	0.0	59.808	0.084	59.832
rsh_in[2]	INPUT	SIGNAL	M4	0.0	48.816	0.084	48.84
rsh_in[3]	INPUT	SIGNAL	M4	0.0	53.088	0.084	53.112
rsh_in[4]	INPUT	SIGNAL	M4	0.0	146.304	0.084	146.328
rst_n	INPUT	SIGNAL	M4	335.529	19.968	335.613	19.992
sfault_in[0]	INPUT	SIGNAL	M4	335.529	112.752	335.613	112.776
sfault_in[10]	INPUT	SIGNAL	M4	335.529	102.144	335.613	102.168
sfault_in[11]	INPUT	SIGNAL	M4	335.529	103.056	335.613	103.08
sfault_in[12]	INPUT	SIGNAL	M4	335.529	101.856	335.613	101.88
sfault_in[13]	INPUT	SIGNAL	M4	335.529	103.008	335.613	103.032
sfault_in[14]	INPUT	SIGNAL	M4	335.529	117.504	335.613	117.528
sfault_in[15]	INPUT	SIGNAL	M4	335.529	112.416	335.613	112.44
sfault_in[1]	INPUT	SIGNAL	M4	335.529	113.76	335.613	113.784
sfault_in[2]	INPUT	SIGNAL	M4	335.529	117.6	335.613	117.624
sfault_in[3]	INPUT	SIGNAL	M4	335.529	117.648	335.613	117.672
sfault_in[4]	INPUT	SIGNAL	M4	335.529	118.704	335.613	118.728
sfault_in[5]	INPUT	SIGNAL	M4	335.529	113.136	335.613	113.16
sfault_in[6]	INPUT	SIGNAL	M4	335.529	116.208	335.613	116.232
sfault_in[7]	INPUT	SIGNAL	M4	335.529	116.352	335.613	116.376
sfault_in[8]	INPUT	SIGNAL	M4	335.529	115.536	335.613	115.56
sfault_in[9]	INPUT	SIGNAL	M4	335.529	116.256	335.613	116.28
span_in	INPUT	SIGNAL	M4	0.0	84.912	0.084	84.936
v_in	INPUT	SIGNAL	M4	335.529	224.352	335.613	224.376
VSS	INOUT	GROUND	M6	2.052	331.929	333.612	332.217
VSS	INOUT	GROUND	M6	2.052	326.529	333.612	326.817
VSS	INOUT	GROUND	M6	2.052	321.129	333.612	321.417
VSS	INOUT	GROUND	M6	2.052	315.729	333.612	316.017
VSS	INOUT	GROUND	M6	2.052	310.329	333.612	310.617
VSS	INOUT	GROUND	M6	2.052	304.929	333.612	305.217
VSS	INOUT	GROUND	M6	2.052	299.529	333.612	299.817
VSS	INOUT	GROUND	M6	2.052	294.129	333.612	294.417
VSS	INOUT	GROUND	M6	2.052	288.729	333.612	289.017
VSS	INOUT	GROUND	M6	2.052	283.329	333.612	283.617
VSS	INOUT	GROUND	M6	2.052	277.929	333.612	278.217
VSS	INOUT	GROUND	M6	2.052	272.529	333.612	272.817
VSS	INOUT	GROUND	M6	2.052	267.129	333.612	267.417
VSS	INOUT	GROUND	M6	2.052	261.729	333.612	262.017
VSS	INOUT	GROUND	M6	2.052	256.329	333.612	256.617
VSS	INOUT	GROUND	M6	2.052	250.929	333.612	251.217
VSS	INOUT	GROUND	M6	2.052	245.529	333.612	245.817
VSS	INOUT	GROUND	M6	2.052	240.129	333.612	240.417
VSS	INOUT	GROUND	M6	2.052	234.729	333.612	235.017
VSS	INOUT	GROUND	M6	2.052	229.329	333.612	229.617
VSS	INOUT	GROUND	M6	2.052	223.929	333.612	224.217
VSS	INOUT	GROUND	M6	2.052	218.529	333.612	218.817
VSS	INOUT	GROUND	M6	2.052	213.129	333.612	213.417
VSS	INOUT	GROUND	M6	2.052	207.729	333.612	208.017
VSS	INOUT	GROUND	M6	2.052	202.329	333.612	202.617
VSS	INOUT	GROUND	M6	2.052	196.929	333.612	197.217
VSS	INOUT	GROUND	M6	2.052	191.529	333.612	191.817
VSS	INOUT	GROUND	M6	2.052	186.129	333.612	186.417
VSS	INOUT	GROUND	M6	2.052	180.729	333.612	181.017
VSS	INOUT	GROUND	M6	2.052	175.329	333.612	175.617
VSS	INOUT	GROUND	M6	2.052	169.929	333.612	170.217
VSS	INOUT	GROUND	M6	2.052	164.529	333.612	164.817
VSS	INOUT	GROUND	M6	2.052	159.129	333.612	159.417
VSS	INOUT	GROUND	M6	2.052	153.729	333.612	154.017
VSS	INOUT	GROUND	M6	2.052	148.329	333.612	148.617
VSS	INOUT	GROUND	M6	2.052	142.929	333.612	143.217
VSS	INOUT	GROUND	M6	2.052	137.529	333.612	137.817
VSS	INOUT	GROUND	M6	2.052	132.129	333.612	132.417
VSS	INOUT	GROUND	M6	2.052	126.729	333.612	127.017
VSS	INOUT	GROUND	M6	2.052	121.329	333.612	121.617
VSS	INOUT	GROUND	M6	2.052	115.929	333.612	116.217
VSS	INOUT	GROUND	M6	2.052	110.529	333.612	110.817
VSS	INOUT	GROUND	M6	2.052	105.129	333.612	105.417
VSS	INOUT	GROUND	M6	2.052	99.729	333.612	100.017
VSS	INOUT	GROUND	M6	2.052	94.329	333.612	94.617
VSS	INOUT	GROUND	M6	2.052	88.929	333.612	89.217
VSS	INOUT	GROUND	M6	2.052	83.529	333.612	83.817
VSS	INOUT	GROUND	M6	2.052	78.129	333.612	78.417
VSS	INOUT	GROUND	M6	2.052	72.729	333.612	73.017
VSS	INOUT	GROUND	M6	2.052	67.329	333.612	67.617
VSS	INOUT	GROUND	M6	2.052	61.929	333.612	62.217
VSS	INOUT	GROUND	M6	2.052	56.529	333.612	56.817
VSS	INOUT	GROUND	M6	2.052	51.129	333.612	51.417
VSS	INOUT	GROUND	M6	2.052	45.729	333.612	46.017
VSS	INOUT	GROUND	M6	2.052	40.329	333.612	40.617
VSS	INOUT	GROUND	M6	2.052	34.929	333.612	35.217
VSS	INOUT	GROUND	M6	2.052	29.529	333.612	29.817
VSS	INOUT	GROUND	M6	2.052	24.129	333.612	24.417
VSS	INOUT	GROUND	M6	2.052	18.729	333.612	19.017
VSS	INOUT	GROUND	M6	2.052	13.329	333.612	13.617
VSS	INOUT	GROUND	M6	2.052	7.929	333.612	8.217
VSS	INOUT	GROUND	M6	2.052	2.529	333.612	2.817
VDD	INOUT	POWER	M6	2.052	332.313	333.612	332.601
VDD	INOUT	POWER	M6	2.052	326.913	333.612	327.201
VDD	INOUT	POWER	M6	2.052	321.513	333.612	321.801
VDD	INOUT	POWER	M6	2.052	316.113	333.612	316.401
VDD	INOUT	POWER	M6	2.052	310.713	333.612	311.001
VDD	INOUT	POWER	M6	2.052	305.313	333.612	305.601
VDD	INOUT	POWER	M6	2.052	299.913	333.612	300.201
VDD	INOUT	POWER	M6	2.052	294.513	333.612	294.801
VDD	INOUT	POWER	M6	2.052	289.113	333.612	289.401
VDD	INOUT	POWER	M6	2.052	283.713	333.612	284.001
VDD	INOUT	POWER	M6	2.052	278.313	333.612	278.601
VDD	INOUT	POWER	M6	2.052	272.913	333.612	273.201
VDD	INOUT	POWER	M6	2.052	267.513	333.612	267.801
VDD	INOUT	POWER	M6	2.052	262.113	333.612	262.401
VDD	INOUT	POWER	M6	2.052	256.713	333.612	257.001
VDD	INOUT	POWER	M6	2.052	251.313	333.612	251.601
VDD	INOUT	POWER	M6	2.052	245.913	333.612	246.201
VDD	INOUT	POWER	M6	2.052	240.513	333.612	240.801
VDD	INOUT	POWER	M6	2.052	235.113	333.612	235.401
VDD	INOUT	POWER	M6	2.052	229.713	333.612	230.001
VDD	INOUT	POWER	M6	2.052	224.313	333.612	224.601
VDD	INOUT	POWER	M6	2.052	218.913	333.612	219.201
VDD	INOUT	POWER	M6	2.052	213.513	333.612	213.801
VDD	INOUT	POWER	M6	2.052	208.113	333.612	208.401
VDD	INOUT	POWER	M6	2.052	202.713	333.612	203.001
VDD	INOUT	POWER	M6	2.052	197.313	333.612	197.601
VDD	INOUT	POWER	M6	2.052	191.913	333.612	192.201
VDD	INOUT	POWER	M6	2.052	186.513	333.612	186.801
VDD	INOUT	POWER	M6	2.052	181.113	333.612	181.401
VDD	INOUT	POWER	M6	2.052	175.713	333.612	176.001
VDD	INOUT	POWER	M6	2.052	170.313	333.612	170.601
VDD	INOUT	POWER	M6	2.052	164.913	333.612	165.201
VDD	INOUT	POWER	M6	2.052	159.513	333.612	159.801
VDD	INOUT	POWER	M6	2.052	154.113	333.612	154.401
VDD	INOUT	POWER	M6	2.052	148.713	333.612	149.001
VDD	INOUT	POWER	M6	2.052	143.313	333.612	143.601
VDD	INOUT	POWER	M6	2.052	137.913	333.612	138.201
VDD	INOUT	POWER	M6	2.052	132.513	333.612	132.801
VDD	INOUT	POWER	M6	2.052	127.113	333.612	127.401
VDD	INOUT	POWER	M6	2.052	121.713	333.612	122.001
VDD	INOUT	POWER	M6	2.052	116.313	333.612	116.601
VDD	INOUT	POWER	M6	2.052	110.913	333.612	111.201
VDD	INOUT	POWER	M6	2.052	105.513	333.612	105.801
VDD	INOUT	POWER	M6	2.052	100.113	333.612	100.401
VDD	INOUT	POWER	M6	2.052	94.713	333.612	95.001
VDD	INOUT	POWER	M6	2.052	89.313	333.612	89.601
VDD	INOUT	POWER	M6	2.052	83.913	333.612	84.201
VDD	INOUT	POWER	M6	2.052	78.513	333.612	78.801
VDD	INOUT	POWER	M6	2.052	73.113	333.612	73.401
VDD	INOUT	POWER	M6	2.052	67.713	333.612	68.001
VDD	INOUT	POWER	M6	2.052	62.313	333.612	62.601
VDD	INOUT	POWER	M6	2.052	56.913	333.612	57.201
VDD	INOUT	POWER	M6	2.052	51.513	333.612	51.801
VDD	INOUT	POWER	M6	2.052	46.113	333.612	46.401
VDD	INOUT	POWER	M6	2.052	40.713	333.612	41.001
VDD	INOUT	POWER	M6	2.052	35.313	333.612	35.601
VDD	INOUT	POWER	M6	2.052	29.913	333.612	30.201
VDD	INOUT	POWER	M6	2.052	24.513	333.612	24.801
VDD	INOUT	POWER	M6	2.052	19.113	333.612	19.401
VDD	INOUT	POWER	M6	2.052	13.713	333.612	14.001
VDD	INOUT	POWER	M6	2.052	8.313	333.612	8.601
VDD	INOUT	POWER	M6	2.052	2.913	333.612	3.201
