2804000000000000
3200000000000000
0000000000000000
0000000000000000
0000000000000000
0000000000000000
0000000000000000
0000000000000000
0000000000000000
0000000000000000
0000000000000000
0000000000000000
0000000000000000
0000000000000000
0000000000000000
0000000000000000
0000000000000000
0000000000000000
0000000000000000
0000000000000000
0000000000000000
0000000000000000
0000000000000000
0000000000000000
0000000000000000
0000000000000000
0000000000000000
0000000000000000
0000000000000000
0000000000000000
0000000000000000
0000000000000000
0000000000000000
0000000000000000
0000000000000000
0000000000000000
0000000000000000
0000000000000000
0000000000000000
0000000000000000
0000000000000000
0000000000000000
0000000000000000
0000000000000000
0000000000000000
0000000000000000
0000000000000000
0000000000000000
0000000000000000
0000000000000000
0000000000000000
0000000000000000
0000000000000000
0000000000000000
0000000000000000
0000000000000000
0000000000000000
0000000000000000
0000000000000000
0000000000000000
0000000000000000
2804000000000000
3200000000000000
0000000000000000
0000000000000000
0000000000000000
0000000000000000
0000000000000000
0000000000000000
0000000000000000
0000000000000000
0000000000000000
0000000000000000
0000000000000000
0000000000000000
0000000000000000
0000000000000000
0000000000000000
0000000000000000
0000000000000000
0000000000000000
2804000000000000
3200000000000000
0000000000000000
0000000000000000
0000000000000000
0000000000000000
0000000000000000
0000000000000000
0000000000000000
0000000000000000
0000000000000000
0000000000000000
0000000000000000
0000000000000000
0000000000000000
0000000000000000
0000000000000000
0000000000000000
0000000000000000
0000000000000000
0000000000000000
0000000000000000
0000000000000000
0000000000000000
0000000000000000
2804000000000000
3800040000001a80
2b05000000000000
2a05050000000200
3800057f00024700
2001000000000000
3b01043f00000000
2b0a000000000000
31000a0000000319
3802047f00001000
3803047f00001200
3804047f00001400
3805047f00001600
3806047f00001800
2a08010000000004
3807080300001b00
2b06000000000001
3808067f00000000
3809067f00000200
380a067f00000400
380b067f00000600
380c067f00000800
380d067f00000a00
380e067f00000c00
380f067f00000e00
3810067f00001000
3811067f00001200
3812067f00001400
3813067f00001600
3814067f00001800
3815067f00001a00
3816067f00001c00
2017000000000003
2318071700000000
1219180800000000
151a180800000000
1208180900000000
08181a0800000000
2008000000000002
231a070800000000
12091a0a00000000
151b1a0a00000000
120a1a0b00000000
081a1b0a00000000
040a091400000000
0309190a00000000
040a1a1400000000
031a180a00000000
200a000000000001
2318070a00000000
1214180c00000000
1519180c00000000
120c180d00000000
0818190c00000000
040c141500000000
0314090c00000000
040c181500000000
03181a0c00000000
230c070100000000
12070c0e00000000
151a0c0e00000000
120e0c0f00000000
080c1a0e00000000
040e071600000000
0307140e00000000
040e0c1600000000
030c180e00000000
090e100a00000000
15180c1100000000
1216181000000000
09180c1600000000
0a16180e00000000
090c011600000000
04160c1000000000
090c181600000000
12160c1200000000
150c071100000000
12120c1000000000
090c071200000000
0a120c0e00000000
0907011200000000
0412071000000000
09070c1200000000
0812160700000000
1507121100000000
1211071000000000
0907121100000000
0a11070e00000000
090e011100000000
04110e1000000000
090e071100000000
08110e1300000000
040e110a00000000
03130e0a00000000
090e130a00000000
2b09000000000002
0613110a00000000
2011000000000024
1207131100000000
2211090000000000
0813071100000000
2011000000004680
0307131100000000
04130e0700000000
0307111300000000
280f000000000000
2b0807000000000c
3813281f00000000
3811481f00000020
020e131100000000
390e041f00003100
2b0807000000000d
380e281f00000000
3811481f00000020
02130e1100000000
3913041f00003180
2b0807000000000e
3813281f00000000
3811481f00000020
020e131100000000
390e041f00003200
2b0807000000000f
380e281f00000000
3811481f00000020
02130e1100000000
3913041f00003280
2b08070000000010
3813281f00000000
3811481f00000020
020e131100000000
390e041f00003300
2b08070000000011
380e281f00000000
3811481f00000020
02130e1100000000
3913041f00003380
2b08070000000012
3813281f00000000
3811481f00000020
020e131100000000
390e041f00003400
2b08070000000013
380e281f00000000
3811481f00000020
02130e1100000000
3913041f00003480
2b08070000000014
3813281f00000000
3811481f00000020
020e131100000000
390e041f00003500
2b08070000000015
380e281f00000000
3811481f00000020
02130e1100000000
3913041f00003580
2b08070000000016
3813281f00000000
3811481f00000020
020e131100000000
390e041f00003600
2b08070000000017
3807281f00000000
380e481f00000020
0211070e00000000
3911041f00003680
3400000000000000
3300000000000000
3300000000000000
3811047f00002b00
0e0e110000000000
3811047f00002d00
0e07110000000000
3811047f00002f00
0e13110000000000
3811047f00003100
0e10110000000000
3811047f00003300
0e12110000000000
3811047f00003500
0e16110000000000
201100007fffffff
040c0e1100000000
3818047f07128c00
23140c1800000000
131a0c1400000000
3814047f07128e00
230c1a1400000000
130f1a0c00000000
380c047f07129000
231a0f0c00000000
13150f1a00000000
381a047f07129200
230f151a00000000
1309150f00000000
380f047f07129400
2315090f00000000
1319091500000000
2015000038d1b717
1309191500000000
201900003b124925
020d091900000000
2009000000000017
061b0d0900000000
200b0000007fffff
041c0d0b00000000
0a0d1c0100000000
081c1b0d00000000
200d00000000007f
091b1c0d00000000
091c0d1b00000000
071d1c0900000000
021c0e1d00000000
171d1c0000000000
041c071100000000
230e1c1800000000
131e1c0e00000000
230e1e1400000000
131c1e0e00000000
230e1c0c00000000
131e1c0e00000000
230e1e1a00000000
131c1e0e00000000
230e1c0f00000000
131e1c0e00000000
130e1e1500000000
021e0e1900000000
060e1e0900000000
041c1e0b00000000
0a1e1c0100000000
081c0e1e00000000
091e1c0d00000000
091c0d1e00000000
070e1c0900000000
021c070e00000000
170e1c0000000000
041c131100000000
23071c1800000000
131f1c0700000000
23071f1400000000
131c1f0700000000
23071c0c00000000
131f1c0700000000
23071f1a00000000
131c1f0700000000
23071c0f00000000
131f1c0700000000
13071f1500000000
021f071900000000
06071f0900000000
041c1f0b00000000
0a1f1c0100000000
081c071f00000000
091f1c0d00000000
091c0d1f00000000
07071c0900000000
021c130700000000
17071c0000000000
041c101100000000
23131c1800000000
13201c1300000000
2313201400000000
131c201300000000
23131c0c00000000
13201c1300000000
2313201a00000000
131c201300000000
23131c0f00000000
13201c1300000000
1313201500000000
0220131900000000
0613200900000000
041c200b00000000
0a201c0100000000
081c132000000000
09201c0d00000000
091c0d2000000000
07131c0900000000
021c101300000000
17131c0000000000
041c121100000000
23101c1800000000
13211c1000000000
2310211400000000
131c211000000000
23101c0c00000000
13211c1000000000
2310211a00000000
131c211000000000
23101c0f00000000
13211c1000000000
1310211500000000
0221101900000000
0610210900000000
041c210b00000000
0a211c0100000000
081c102100000000
09211c0d00000000
091c0d2100000000
07101c0900000000
021c121000000000
17101c0000000000
041c161100000000
23121c1800000000
13181c1200000000
2312181400000000
1314181200000000
2312140c00000000
130c141200000000
23120c1a00000000
131a0c1200000000
23121a0f00000000
130f1a1200000000
13120f1500000000
020f121900000000
06120f0900000000
04190f0b00000000
0a0f190100000000
0819120f00000000
090f190d00000000
09190d0f00000000
070d190900000000
0219160d00000000
170d190000000000
3b1d047f00001800
3b1b047f00002400
3b0e047f00001a00
3b1e047f00002600
3b07047f00001c00
3b1f047f00002800
3b13047f00001e00
3b20047f00002a00
3b10047f00002000
3b21047f00002c00
3b0d047f00002200
3b0f047f00002e00
380f047f07129600
3c0d0f0000001800
43000d0100000000
380d047f07129800
3c0f0d0000002400
45000f0000000000
380f047f07129a00
3c0d0f0000001880
43000d0100000001
380d047f07129c00
3c0f0d0000002480
45000f0000000001
380f047f07129e00
3c0d0f0000001900
43000d0100000002
380d047f0712a000
3c0f0d0000002500
45000f0000000002
380f047f0712a200
3c0d0f0000001980
43000d0100000003
380d047f0712a400
3c0f0d0000002580
45000f0000000003
380f047f0712a600
3c0d0f0000001a00
43000d0100000004
380d047f0712a800
3c0f0d0000002600
45000f0000000004
380f047f0712aa00
3c0d0f0000001a80
43000d0100000005
380d047f0712ac00
3c0f0d0000002680
45000f0000000005
380f047f0712ae00
3c0d0f0000001b00
43000d0100000006
380d047f0712b000
3c0f0d0000002700
45000f0000000006
380f047f0712b200
3c0d0f0000001b80
43000d0100000007
380d047f0712b400
3c0f0d0000002780
45000f0000000007
2b0600000000001e
2807000000000800
44060701000800c8
4200000000000000
3a0f047f00000800
0e0d0f0000000000
390d047f00004060
3a0d044700000a00
0e0f0d0000000000
390f044700004260
3400000000000000
3300000000000000
3300000000000000
380f047f00003700
380d047f00003900
3821047f00003b00
3810047f00003d00
3820047f00003f00
3813047f00004100
381f041f00004300
2b06000000000004
3807067f00000000
2b06000000000004
381e067f00000200
2b06000000000004
380e067f00000400
2b06000000000004
381b067f00000600
2b06000000000004
381d067f00000800
2b06000000000004
3819067f00000a00
2b06000000000004
3816067f00000c00
2b06000000000004
3812067f00000e00
2b06000000000004
380b067f00001000
2b06000000000004
3815067f00001200
021a071900000000
02191e1600000000
02160e1200000000
02121b0b00000000
020b1d1500000000
0215020200000000
3b15047f00004000
0215030300000000
3b15047f00004280
0215040400000000
3b15047f00004500
0215050500000000
3b15047f00004780
0215060600000000
381d047f0712ba00
3d151d7f00000000
021d0f0f00000000
3b1d047f00004a00
021d0d0d00000000
3b1d047f00004c80
021d212100000000
3b1d047f00004f00
021d101000000000
3b1d047f00005180
021d202000000000
3815047f0712bc00
3d1d157f00000000
0215021a00000000
021a150f00000000
3b1a047f00005400
021a031900000000
02191a0d00000000
3b19047f00005680
0219041600000000
0216192100000000
3b16047f00005900
0216051200000000
0212161000000000
3b12047f00005b80
0212060b00000000
020b122000000000
3812047f0712be00
3d0b127f00000000
3812047f0712c000
3c0b120000004000
3812047f0712c200
3c20120000004004
01120b2000000000
3820047f0712c400
3c0b200000004008
0120120b00000000
380b047f0712c600
3c120b000000400c
010b201200000000
3812047f0712c800
3c20120000004010
01120b2000000000
3820047f0712ca00
3c0b200000004014
0120120b00000000
380b047f0712cc00
3c120b0000004018
010b201200000000
3812047f0712ce00
3c2012000000401c
01120b2000000000
3820047f0712d000
3c0b200000004a00
3820047f0712d200
3c16200000004a04
01200b1600000000
3816047f0712d400
3c0b160000004a08
0116200b00000000
380b047f0712d600
3c200b0000004a0c
010b162000000000
3820047f0712d800
3c16200000004a10
01200b1600000000
3816047f0712da00
3c0b160000004a14
0116200b00000000
380b047f0712dc00
3c200b0000004a18
010b162000000000
3820047f0712de00
3c16200000004a1c
01200b1600000000
3816047f0712e000
3c0b160000005400
3816047f0712e200
3c10160000005404
01160b1000000000
3810047f0712e400
3c0b100000005408
0110160b00000000
380b047f0712e600
3c160b000000540c
010b101600000000
3816047f0712e800
3c10160000005410
01160b1000000000
3810047f0712ea00
3c0b100000005414
0110160b00000000
380b047f0712ec00
3c160b0000005418
010b101600000000
3816047f0712ee00
3c1016000000541c
01160b1000000000
3b12047f00002200
3b20047f00002400
3b16047f00002600
3816047f0712f000
3c20160000002200
3c12160000002204
0116201200000000
3b16047f00003000
3816047f0712f200
3c12160000002600
3816047f0712f400
3c20160000002604
0116122000000000
3b16043f00003200
3816047f0712f600
3c20160000003000
3816047f0712f800
3c12160000003004
0116201200000000
3b16045f00002200
3816047f0712fa00
3c12160000002200
3816047f0712fc00
2320121600000000
0116122000000000
3820047f0712fe00
2312162000000000
0120161200000000
3812047f07130000
2316201200000000
0110201600000000
3816047f07130200
2320101600000000
2016000043200000
201000001e3ce508
100b201600000000
01190b1000000000
200b0000bf000000
0221190b00000000
201a00005f3759df
060d190a00000000
09191a0d00000000
200d00003fc00000
0215191900000000
020f211500000000
01150d0f00000000
020f191500000000
02150f0f00000000
0219211500000000
01150d1900000000
02190f1500000000
0215191900000000
020f211500000000
01150d0f00000000
020f191500000000
2315201200000000
1012151600000000
0115121000000000
0212150b00000000
060b150a00000000
09151a0b00000000
020b151500000000
021a120b00000000
010b0d1a00000000
021a150b00000000
020b1a1a00000000
0215120b00000000
010b0d1500000000
02151a0b00000000
020b151500000000
021a120b00000000
010b0d1a00000000
021a150b00000000
380b047f07130400
2315200b00000000
020b0f1a00000000
021a150b00000000
200b00003da1e89b
02151a0b00000000
040b151100000000
20110000358637bd
131a0b1100000000
11111a0000000000
201a000080000000
040b151a00000000
0515110b00000000
200b00003f800000
0311151a00000000
2015000042b00000
141a111500000000
20150000c2ae0000
13111a1500000000
201500003fb8aa3b
021a111500000000
201500004b400000
010f1a1500000000
20150000cb400000
011a0f1500000000
20150000bf317200
020f1a1500000000
0115110f00000000
200f0000b5bfbe8e
02111a0f00000000
010f151100000000
201100003ab60b61
0215110f00000000
201100003c088889
0120151100000000
0211200f00000000
202000003d2aaaab
0115112000000000
0220150f00000000
201500003e2aaaab
0111201500000000
0215110f00000000
201100003f000000
0120151100000000
0211200f00000000
0120110b00000000
0211200f00000000
0120110b00000000
0d111a0000000000
071a110900000000
0811201a00000000
011a110b00000000
10110b1a00000000
231a110100000000
020b1a1300000000
011a020b00000000
0e0b1a0000000000
230b110a00000000
020a0b1300000000
010b030a00000000
0e0a0b0000000000
230a110800000000
02080a1300000000
010a040800000000
0e080a0000000000
2308111700000000
0217081300000000
0108051700000000
0e17080000000000
3817047f07130600
2308111700000000
3817047f07128000
23111f1700000000
0217081100000000
0111061700000000
0e17110000000000
3400000000000000
3300000000000000
3817047f00001000
3811047f00001200
3806047f00001400
3808047f00001600
381f047f00001800
3805040300001a00
3b17047f00001800
3b11047f00001a80
3b06047f00001d00
3b08047f00001f80
3813047f07130800
3d1f137f00000000
380a047f07130a00
3c040a0000001800
380b047f07130c00
3c030b0000001804
381a047f07130e00
3c021a0000001808
3820047f07131000
3c0920000000180c
380f047f07131200
3c150f0000001810
380d047f07131400
3c120d0000001814
3810047f07131600
3c16100000001818
3819047f07131800
3c2119000000181c
2b0600000000001f
381d064f00000000
021b1d0400000000
381d064f00000140
020e1d0300000000
011d1b0e00000000
380e064f00000280
021b0e0200000000
010e1d1b00000000
381b064f000003c0
021d1b0900000000
011b0e1d00000000
381d064f00000500
020e1d1500000000
011d1b0e00000000
380e064f00000640
021b0e1200000000
010e1d1b00000000
381b064f00000780
021d1b1600000000
011b0e1d00000000
381d064f000008c0
020e1d2100000000
011d1b0e00000000
3b1d047f00002200
381d064f00000a00
020e1d0400000000
381d064f00000b40
021b1d0300000000
011d0e1b00000000
381b064f00000c80
020e1b0200000000
011b1d0e00000000
380e064f00000dc0
021d0e0900000000
010e1b1d00000000
381d064f00000f00
021b1d1500000000
011d0e1b00000000
381b064f00001040
020e1b1200000000
011b1d0e00000000
380e064f00001180
021d0e1600000000
010e1b1d00000000
381d064f000012c0
021b1d2100000000
011d0e1b00000000
3b1d047f00002400
381d064f00001400
021b1d0400000000
381d064f00001540
020e1d0300000000
011d1b0e00000000
380e064f00001680
021b0e0200000000
010e1d1b00000000
381b064f000017c0
021d1b0900000000
011b0e1d00000000
381d064f00001900
020e1d1500000000
011d1b0e00000000
380e064f00001a40
021b0e1200000000
010e1d1b00000000
381b064f00001b80
021d1b1600000000
011b0e1d00000000
381d064f00001cc0
020e1d2100000000
011d1b0e00000000
3b1d047f00002600
381d064f00001e00
020e1d0400000000
381d064f00001f40
021b1d0300000000
011d0e1b00000000
381b064f00002080
020e1b0200000000
011b1d0e00000000
380e064f000021c0
021d0e0900000000
010e1b1d00000000
381d064f00002300
021b1d1500000000
011d0e1b00000000
381b064f00002440
020e1b1200000000
011b1d0e00000000
380e064f00002580
021d0e1600000000
010e1b1d00000000
381d064f000026c0
021b1d2100000000
011d0e1b00000000
3b1d047f00002800
381d064f00002800
021b1d0400000000
381d064f00002940
020e1d0300000000
011d1b0e00000000
380e064f00002a80
021b0e0200000000
010e1d1b00000000
381b064f00002bc0
021d1b0900000000
011b0e1d00000000
381d064f00002d00
020e1d1500000000
011d1b0e00000000
380e064f00002e40
021b0e1200000000
010e1d1b00000000
381b064f00002f80
021d1b1600000000
011b0e1d00000000
381d064f000030c0
020e1d2100000000
011d1b0e00000000
3b1d047f00002a00
021d040400000000
0204030300000000
01031d0400000000
0204020200000000
0102030400000000
0204090900000000
0109020400000000
0204151500000000
0115090400000000
0204121200000000
0112150400000000
0204161600000000
0116120400000000
0204212100000000
0121160400000000
3b21047f00002c00
3821047f0712f000
3c04210000002200
3c16210000002204
0112041600000000
3b12047f00003000
3c12210000002600
3c16210000002604
0104121600000000
3b04047f00003200
3c04210000002a00
3c16210000002a04
0112041600000000
3b12047f00003400
3c12210000003000
3c16210000003004
0104121600000000
3b04047f00002200
3804047f0713ec00
3c16040000003400
3812047f0713ee00
3c15120000003404
0109161500000000
3b09043f00002400
3809047f0713f000
3c15090000002200
3816047f0713f200
3c02160000002204
0103150200000000
3b03045f00003000
3803047f0713f400
3c02030000003000
3815047f0712fc00
231d021500000000
010e021d00000000
381d047f0712fe00
23020e1d00000000
011b0e0200000000
3802047f07130000
230e1b0200000000
011e1b0e00000000
380e047f07130400
231b1e0e00000000
01071e1b00000000
381b047f0713f600
231e071b00000000
391e040500001d4c
3400000000000000
3300000000000000
3300000000000000
381e041900001d00
2007000000000018
230c1e0700000000
2014000044200000
10180c1400000000
200c00001e3ce508
011c180c00000000
20180000bf000000
02221c1800000000
202300005f3759df
2024000000000001
06251c2400000000
091c232500000000
202500003fc00000
02261c1c00000000
0227222600000000
0126252700000000
02271c2600000000
0226272700000000
021c222600000000
0126251c00000000
021c272600000000
02261c1c00000000
0227222600000000
0126252700000000
02271c2600000000
02261e2700000000
2b06000000000006
3827061700000000
2b06000000000006
381e061700000200
021c262700000000
01271c1e00000000
201c00003f800000
201e000080000000
0326271e00000000
2022000042b00000
1428262200000000
20260000c2ae0000
1329282600000000
202800003fb8aa3b
022a292800000000
202b00004b400000
012c2a2b00000000
202a0000cb400000
012d2c2a00000000
202c0000bf317200
022e2d2c00000000
012f292e00000000
202e0000b5bfbe8e
02292d2e00000000
01302f2900000000
202900003ab60b61
022f293000000000
203100003c088889
01322f3100000000
022f323000000000
203200003d2aaaab
01332f3200000000
022f333000000000
203300003e2aaaab
01342f3300000000
022f343000000000
203400003f000000
01352f3400000000
022f353000000000
01352f1c00000000
022f353000000000
01352f1c00000000
0d2f2d0000000000
202d000000000017
07302f2d00000000
082f353000000000
01302f1c00000000
102f1c3000000000
20300000358637bd
01352f3000000000
2036000040000000
02372f3600000000
382f047f0712b600
2338270e00000000
0327381c00000000
04382f2700000000
03271c3800000000
3838047f07132a00
3839047f07132c00
383a047f07132e00
383b047f07133000
383c047f07133200
383d047f07133400
383e047f07133600
383f047f07133800
3840047f07128c00
2341274000000000
1342274100000000
3841047f07128e00
2343424100000000
1344424300000000
0343441e00000000
0144274300000000
1443442200000000
1344432600000000
0243442800000000
0127432b00000000
0143272a00000000
0227432c00000000
0142442700000000
0227432e00000000
0144422700000000
0227294400000000
0142273100000000
0227424400000000
0142273200000000
0227424400000000
0142273300000000
0227424400000000
0142273400000000
0227424400000000
0142271c00000000
0227424400000000
0142271c00000000
0d27430000000000
0743272d00000000
0827424300000000
2343273800000000
2342273900000000
0144434200000000
2342273a00000000
0143444200000000
2342273b00000000
0144434200000000
1042274400000000
0144423000000000
2342443c00000000
2327443d00000000
0143422700000000
2327443e00000000
0142432700000000
2327443f00000000
0143422700000000
0127433000000000
1043442700000000
0527434300000000
280e000000000013
2343273800000000
2344273900000000
0142434400000000
2344273a00000000
0143424400000000
2344273b00000000
0142434400000000
0144423000000000
1042274400000000
2344423c00000000
2343423d00000000
0145444300000000
2343423e00000000
0144454300000000
2343423f00000000
0145444300000000
0143453000000000
1027424300000000
290e0e00ffffffff
31000e000000047f
2343050100000000
0242431700000000
3845047f07128000
23441f4500000000
0246434400000000
2344052400000000
0243441100000000
3847047f07128200
23481f4700000000
0249444800000000
0148424300000000
0143464900000000
2049000000000002
2346054900000000
0242460600000000
3844047f07128400
234a1f4400000000
024b464a00000000
014a484200000000
0142434b00000000
204b000000000003
2343054b00000000
0205430800000000
3848047f07128600
23461f4800000000
024c434600000000
01464a0500000000
0105424c00000000
0e4c460000000000
0e46050000000000
3805047f07133a00
0442460500000000
02464c4c00000000
3b46047f00003800
0246424200000000
3b46041f00003a00
3846047f07133c00
3c4a460000003800
3843047f07133e00
3c4d430000003804
014e4a4d00000000
384d047f07134000
3c4a4d0000003808
014f4e4a00000000
384a047f07134200
3c4e4a000000380c
01504f4e00000000
384e047f07134400
3c4f4e0000003810
0151504f00000000
384f047f07134600
3c504f0000003814
0152515000000000
3850047f07134800
3c51500000003818
0153525100000000
3851047f07134a00
3c5251000000381c
0154535200000000
2352541500000000
0153545200000000
2352531d00000000
0154535200000000
2352540200000000
0153545200000000
2352530e00000000
0154535200000000
3852047f07134c00
2353545200000000
0155545300000000
3853047f0712b800
2354555300000000
2055000043200000
1056545500000000
0154560c00000000
0256541800000000
0657542400000000
0954235700000000
0257545400000000
0258565700000000
0157255800000000
0258545700000000
0257585800000000
0254565700000000
0157255400000000
0254585700000000
0257545400000000
0258565700000000
0157255800000000
0258545700000000
2357580100000000
2b06000000000007
3858067f00000000
2b06000000000007
3854061f00000200
02564c5700000000
024c585600000000
0e564c0000000000
024c425700000000
0257544c00000000
0e4c570000000000
205700007fffffff
0454565700000000
2342544000000000
1358544200000000
2342584100000000
1354584200000000
3842047f07129000
2358544200000000
1359545800000000
3858047f07129200
2354595800000000
135a595400000000
3854047f07129400
23595a5400000000
135b5a5900000000
2059000038d1b717
135a5b5900000000
205b00003b124925
025c5a5b00000000
065a5c2d00000000
205d0000007fffff
045e5c5d00000000
0a5c5e0100000000
085e5a5c00000000
205c00000000007f
095a5e5c00000000
095e5c5a00000000
075f5e2d00000000
025e565f00000000
175f5e0000000000
045e4c5700000000
23605e4000000000
13615e6000000000
2360614100000000
135e616000000000
23605e4200000000
13615e6000000000
2360615800000000
135e616000000000
23605e5400000000
13615e6000000000
1360615900000000
0261605b00000000
0660612d00000000
045e615d00000000
0a615e0100000000
085e606100000000
09615e5c00000000
095e5c6100000000
07605e2d00000000
025e4c6000000000
17605e0000000000
43005f0100000000
45005a0000000000
385e047f07134e00
23625f5e00000000
23635a5e00000000
4300620100000001
4500630000000001
3863047f07135000
23625f6300000000
23645a6300000000
4300620100000002
4500640000000002
3864047f07135200
23625f6400000000
235f5a6400000000
4300620100000003
45005f0000000003
4300600100000004
4500610000000004
2b06000000000008
2807000000000800
4406070100050040
4200000000000000
3a61043f00000800
0e60610000000000
2b06000000000009
3861063f00000000
025f606000000000
23625f1500000000
015a5f6200000000
23625f1d00000000
01655a6200000000
3862047f07135400
235a5f6200000000
0166655a00000000
235a5f0200000000
0165665a00000000
385a047f07135600
23665f5a00000000
0167656600000000
3866047f07135800
23655f6600000000
0168676500000000
3865047f07135a00
23675f6500000000
015f686700000000
23675f0e00000000
01685f6700000000
2367685200000000
015f686700000000
3867047f07135c00
23685f6700000000
205f000042000000
1069685f00000000
0168690c00000000
0269681800000000
066a682400000000
0968236a00000000
026a686800000000
026b696a00000000
016a256b00000000
026b686a00000000
026a6b6b00000000
0268696a00000000
016a256800000000
02686b6a00000000
026a686800000000
026b696a00000000
016a256b00000000
026b686a00000000
026a606b00000000
026b616a00000000
0e6a6b0000000000
2a08010000000010
2b0600000000000a
2c08080600000000
386b080300000000
3861047f07135e00
23606b6100000000
3868047f07136000
23696b6800000000
386c047f07136200
036d696c00000000
02696a6000000000
23606a4000000000
026e606d00000000
0160696e00000000
0e6e600000000000
3860047f07136400
03696e6a00000000
046e606900000000
03696a6e00000000
046e695700000000
23606e4000000000
136d6e6000000000
23606d4100000000
136e6d6000000000
23606e4200000000
136d6e6000000000
23606d5800000000
136e6d6000000000
23606e5400000000
136d6e6000000000
13606d5900000000
026d605b00000000
06606d2d00000000
046e6d5d00000000
0a6d6e0100000000
086e606d00000000
096d6e5c00000000
096e5c6d00000000
07606e2d00000000
026e696000000000
0f606e0000000000
086e6d5c00000000
076d6e2d00000000
026e606d00000000
0e6d6e0000000000
236e6d5e00000000
046d6a0500000000
046a6d5700000000
23606a4000000000
13696a6000000000
2360694100000000
136a696000000000
23606a4200000000
13696a6000000000
2360695800000000
136a696000000000
23606a5400000000
13696a6000000000
1360695900000000
0269605b00000000
0660692d00000000
046a695d00000000
0a696a0100000000
086a606900000000
09696a5c00000000
096a5c6900000000
07606a2d00000000
026a6d6000000000
17606a0000000000
4300600100000000
4500690000000000
2b06000000000020
2807000000000800
4406070100010200
4200000000000000
3a69047f00000800
0e60690000000000
23696b6100000000
236a6b6800000000
036d6a6c00000000
026a606900000000
2369604000000000
026f696d00000000
01696a6f00000000
0e6f690000000000
3869047f07136600
036a6f6000000000
046f696a00000000
036a606f00000000
3b6a047f00003c00
3a6a047f00000a00
0e6f6a0000000000
236a6b6100000000
23606b6800000000
036d606c00000000
02606f6a00000000
236a6f4000000000
02706a6d00000000
016a607000000000
0e706a0000000000
036a706f00000000
0470696a00000000
036a6f7000000000
3b6a047f00003e00
3a6a047f00000c00
0e706a0000000000
236a6b6100000000
236f6b6800000000
03606f6c00000000
026f706a00000000
236a704000000000
026d6a6000000000
016a6f6d00000000
0e6d6a0000000000
036a6d7000000000
046d696a00000000
036a706d00000000
3b6a047f00004000
3a6a047f00000e00
0e6d6a0000000000
236a6b6100000000
23706b6800000000
036f706c00000000
02706d6a00000000
236a6d4000000000
02606a6f00000000
016a706000000000
0e606a0000000000
036a606d00000000
0460696a00000000
036a6d6000000000
3b6a047f00004200
2b0a00000000000d
31000a00000007cd
2b06000000000021
2807000000000800
4406070100010100
4200000000000000
3a6a047f00000800
0e606a0000000000
236a6b6100000000
236d6b6800000000
03706d6c00000000
026d606a00000000
236a604000000000
026f6a7000000000
016a6d6f00000000
0e6f6a0000000000
036a6f6000000000
046f696a00000000
036a606f00000000
046f6a5700000000
23606f4000000000
136d6f6000000000
23606d4100000000
136f6d6000000000
23606f4200000000
136d6f6000000000
23606d5800000000
136f6d6000000000
23606f5400000000
136d6f6000000000
2060000001c00000
136f6d6000000000
026d6f3300000000
066f6d2d00000000
04706d5d00000000
0a6d700100000000
08706f6d00000000
096d705c00000000
09705c6d00000000
076f702d00000000
02706a6f00000000
166f700000000000
08706d5c00000000
076d702d00000000
02706f6d00000000
0e6d700000000000
3b6d047f00007800
3a6d047f00000a00
0e706d0000000000
236d6b6100000000
236f6b6800000000
036a6f6c00000000
026f706d00000000
236d704000000000
02716d6a00000000
016d6f7100000000
0e716d0000000000
036d717000000000
0471696d00000000
036d707100000000
04716d5700000000
2370714000000000
136f717000000000
23706f4100000000
13716f7000000000
2370714200000000
136f717000000000
23706f5800000000
13716f7000000000
2370715400000000
136f717000000000
13706f6000000000
026f703300000000
06706f2d00000000
04716f5d00000000
0a6f710100000000
0871706f00000000
096f715c00000000
09715c6f00000000
0770712d00000000
02716d7000000000
1670710000000000
08716f5c00000000
076f712d00000000
0271706f00000000
0e6f710000000000
3b6f047f00007a00
0e6f560000000000
3b6f047f00000100
0e6f4c0000000000
3b6f047f00000300
386f047f07136800
3c4c6f0000000100
40004c0000000000
3c4c6f0000000104
40004c0000000001
3c4c6f0000000108
40004c0000000002
3c4c6f000000010c
40004c0000000003
3c4c6f0000000110
40004c0000000004
3c4c6f0000000114
40004c0000000005
3c4c6f0000000118
40004c0000000006
3c4c6f000000011c
40004c0000000007
3c4c6f0000000300
40004c0000000008
3c4c6f0000000304
40004c0000000009
3c4c6f0000000308
40004c000000000a
3c4c6f000000030c
40004c000000000b
3c4c6f0000000310
40004c000000000c
3c4c6f0000000314
40004c000000000d
3c4c6f0000000318
40004c000000000e
3c4c6f000000031c
40004c000000000f
2b06000000000022
2807000000000800
4106070200080008
4200000000000000
3a4c040700000800
0e564c0000000000
204c00003d000000
0271564c00000000
0e4c710000000000
3b4c040700007c00
2b0b000000000023
31000b00000006ff
2b06000000000024
2807000000000800
4106070200080040
4200000000000000
3a4c043f00000800
2271010000000000
0456712400000000
2b0b560000000000
31000b0000000690
2b06000000000025
2a08010000000100
2c06060800000000
394c063f00000000
3400000000000000
30000000000007cd
2b06000000000025
2a08010000000100
2c06060800000000
3856063fffffff00
1371564c00000000
0370711e00000000
016d567000000000
14706d2200000000
136d702600000000
02706d2800000000
016a702b00000000
01706a2a00000000
026a702c00000000
01726d6a00000000
026a702e00000000
016d726a00000000
026a296d00000000
01726a3100000000
026a726d00000000
01726a3200000000
026a726d00000000
01726a3300000000
026a726d00000000
01726a3400000000
026a726d00000000
01726a1c00000000
026a726d00000000
01726a1c00000000
0d6a700000000000
07706a2d00000000
086a727000000000
0370711e00000000
01714c7000000000
1470712200000000
1371702600000000
0270712800000000
0172702b00000000
0170722a00000000
0272702c00000000
016d717200000000
0272702e00000000
01716d7200000000
0272297100000000
016d723100000000
02726d7100000000
016d723200000000
02726d7100000000
016d723300000000
02726d7100000000
016d723400000000
02726d7100000000
016d721c00000000
02726d7100000000
016d721c00000000
0d72700000000000
0770722d00000000
08726d7000000000
01706a7200000000
106d6a7000000000
236a6d5e00000000
106d727000000000
23706d5e00000000
026d566a00000000
026a4c7000000000
01706d6a00000000
0e6a700000000000
04706a0500000000
2b06000000000026
386a061f00000000
026d707000000000
234c6d1500000000
01566d4c00000000
234c6d1d00000000
0172564c00000000
234c6d6200000000
0156724c00000000
234c6d0200000000
0172564c00000000
234c6d5a00000000
0156724c00000000
234c6d6600000000
0172564c00000000
234c6d6500000000
016d724c00000000
234c6d0e00000000
01726d4c00000000
234c725200000000
016d724c00000000
234c6d6700000000
106d4c5f00000000
014c6d0c00000000
026d4c1800000000
06724c2400000000
094c237200000000
02724c4c00000000
02566d7200000000
0172255600000000
02564c7200000000
0272565600000000
024c6d7200000000
0172254c00000000
024c567200000000
02724c4c00000000
02566d7200000000
0172255600000000
02564c7200000000
0272705600000000
02566a7200000000
0e72560000000000
3b72041f00007d00
3000000000000732
2b0b000000000027
31000b00000007cd
2b06000000000024
2807000000000800
4106070200080020
4200000000000000
3a72041f00000800
0e56720000000000
2b06000000000026
3872061f00000000
026a565600000000
23706a1500000000
014c6a7000000000
23706a1d00000000
016d4c7000000000
23706a6200000000
014c6d7000000000
23706a0200000000
016d4c7000000000
23706a5a00000000
014c6d7000000000
23706a6600000000
016d4c7000000000
23706a6500000000
016a6d7000000000
23706a0e00000000
016d6a7000000000
23706d5200000000
016a6d7000000000
23706a6700000000
106a705f00000000
01706a0c00000000
026a701800000000
066d702400000000
0970236d00000000
026d707000000000
024c6a6d00000000
016d254c00000000
024c706d00000000
026d4c4c00000000
02706a6d00000000
016d257000000000
02704c6d00000000
026d707000000000
024c6a6d00000000
016d254c00000000
024c706d00000000
026d564c00000000
024c726d00000000
0e6d4c0000000000
3b6d041f00007d00
3a6d041f00007d00
2b08000000000028
2c08080100000000
2908080000000001
2a08080000000010
384c080300169a80
0e726d0000000000
3b72047f00000100
3b01047f00000300
3c726f0000000100
4000720000000000
3c726f0000000104
4000720000000001
3c726f0000000108
4000720000000002
3c726f000000010c
4000720000000003
3c726f0000000110
4000720000000004
3c726f0000000114
4000720000000005
3c726f0000000118
4000720000000006
3c726f000000011c
4000720000000007
2b06000000000029
2807000000000800
4106070100080020
4200000000000000
3a72041f00000800
0e6f720000000000
2b0600000000002a
3872061f00000000
02566f6f00000000
2370561500000000
016a567000000000
2370561d00000000
01716a7000000000
2370566200000000
0162717000000000
2370560200000000
0171627000000000
2370565a00000000
015a717000000000
2370566600000000
01665a7000000000
2370566500000000
0156667000000000
2370560e00000000
0166567000000000
2370665200000000
0156667000000000
2370566700000000
1056705f00000000
0170560c00000000
0256701800000000
065f702400000000
0970235f00000000
025f707000000000
0267565f00000000
015f256700000000
0267705f00000000
025f676700000000
0270565f00000000
015f257000000000
0270675f00000000
025f707000000000
0267565f00000000
015f256700000000
0267705f00000000
025f6f6700000000
0267725f00000000
0e5f670000000000
23674c6100000000
23724c6800000000
036f726c00000000
02725f6700000000
23675f4000000000
0270676f00000000
0167727000000000
0e70670000000000
3867047f0713f800
0372705f00000000
0470677200000000
03725f7000000000
0470725700000000
235f704000000000
136f705f00000000
235f6f4100000000
13706f5f00000000
235f704200000000
136f705f00000000
235f6f5800000000
13706f5f00000000
235f705400000000
136f705f00000000
135f6f6000000000
026f5f3300000000
065f6f2d00000000
04606f5d00000000
0a6f600100000000
08605f6f00000000
096f605c00000000
09605c6f00000000
075f602d00000000
0260725f00000000
165f600000000000
08606f5c00000000
076f602d00000000
02605f6f00000000
0e6f600000000000
23604c6100000000
235f4c6800000000
034c5f6c00000000
025f6d6000000000
23606d4000000000
026c604c00000000
01605f6c00000000
0e6c600000000000
03606c6d00000000
046c676000000000
03606d6c00000000
046c605700000000
236d6c4000000000
13676c6d00000000
236d674100000000
136c676d00000000
236d6c4200000000
13676c6d00000000
236d675800000000
136c676d00000000
206d00003c400000
13676c6d00000000
206d000040c00000
106c676d00000000
0f6d6c0000000000
106c606d00000000
16606c0000000000
026c606d00000000
0e606c0000000000
2b09000000000011
226c010000000000
086d6c2400000000
226c090000000000
06676d6c00000000
096c672400000000
2b086c0000000000
2a08080000000040
2b06000000000010
2c06060800000000
396f161f00000000
2b06000000000012
2c06060800000000
3960161f00000000
3400000000000000
3400000000000000
3300000000000000
31000a00000008e1
2b06000000000010
3860167f00000000
3b60047f00004400
3860167f00000100
3b60047f00004600
3860167f00000200
3b60047f00004800
3860167f00000300
3b60047f00004a00
3860167f00000400
3b60047f00004c00
3860167f00000500
3b60047f00004e00
3860167f00000600
3b60047f00005000
3860167f00000700
3b60047f00005200
3860047f07136a00
3c6f600000007800
386c047f07136c00
3c676c0000004400
026d6f6700000000
3c6f600000007a00
025f6f6700000000
3c6f600000007804
3c676c0000004404
024c6f6700000000
016f6d4c00000000
3c4c600000007a04
026d4c6700000000
014c5f6d00000000
3c6d600000007808
3c5f6c0000004408
02676d5f00000000
016d6f6700000000
3c67600000007a08
026f675f00000000
01674c6f00000000
3c6f60000000780c
3c4c6c000000440c
025f6f4c00000000
016f6d5f00000000
3c5f600000007a0c
026d5f4c00000000
015f676d00000000
3c6d600000007810
3c676c0000004410
024c6d6700000000
016d6f4c00000000
3c4c600000007a10
026f4c6700000000
014c5f6f00000000
3c6f600000007814
3c5f6c0000004414
02676f5f00000000
016f6d6700000000
3c67600000007a14
026d675f00000000
01674c6d00000000
3c6d600000007818
3c4c6c0000004418
025f6d4c00000000
016d6f5f00000000
3c5f600000007a18
026f5f4c00000000
015f676f00000000
3c6f60000000781c
3c676c000000441c
024c6f6700000000
016f6d4c00000000
3c4c600000007a1c
026d4c6700000000
014c5f6d00000000
3c6d600000007820
3c5f6c0000004420
02676d5f00000000
016d6f6700000000
3c67600000007a20
026f675f00000000
01674c6f00000000
3c6f600000007824
3c4c6c0000004424
025f6f4c00000000
016f6d5f00000000
3c5f600000007a24
026d5f4c00000000
015f676d00000000
3c6d600000007828
3c676c0000004428
024c6d6700000000
016d6f4c00000000
3c4c600000007a28
026f4c6700000000
014c5f6f00000000
3c6f60000000782c
3c5f6c000000442c
02676f5f00000000
016f6d6700000000
3c67600000007a2c
026d675f00000000
01674c6d00000000
3c6d600000007830
3c4c6c0000004430
025f6d4c00000000
016d6f5f00000000
3c5f600000007a30
026f5f4c00000000
015f676f00000000
3c6f600000007834
3c676c0000004434
024c6f6700000000
016f6d4c00000000
3c4c600000007a34
026d4c6700000000
014c5f6d00000000
3c6d600000007838
3c5f6c0000004438
02676d5f00000000
016d6f6700000000
3c67600000007a38
026f675f00000000
01674c6f00000000
3c6f60000000783c
3c4c6c000000443c
025f6f4c00000000
016f6d5f00000000
3c5f600000007a3c
026d5f4c00000000
015f676d00000000
3c6d600000007840
3c676c0000004440
024c6d6700000000
016d6f4c00000000
3c4c600000007a40
026f4c6700000000
014c5f6f00000000
3c6f600000007844
3c5f6c0000004444
02676f5f00000000
016f6d6700000000
3c67600000007a44
026d675f00000000
01674c6d00000000
3c6d600000007848
3c4c6c0000004448
025f6d4c00000000
016d6f5f00000000
3c5f600000007a48
026f5f4c00000000
015f676f00000000
3c6f60000000784c
3c676c000000444c
024c6f6700000000
016f6d4c00000000
3c4c600000007a4c
026d4c6700000000
014c5f6d00000000
3c6d600000007850
3c5f6c0000004450
02676d5f00000000
016d6f6700000000
3c67600000007a50
026f675f00000000
01674c6f00000000
3c6f600000007854
3c4c6c0000004454
025f6f4c00000000
016f6d5f00000000
3c5f600000007a54
026d5f4c00000000
015f676d00000000
3c6d600000007858
3c676c0000004458
024c6d6700000000
016d6f4c00000000
3c4c600000007a58
026f4c6700000000
014c5f6f00000000
3c6f60000000785c
3c5f6c000000445c
02676f5f00000000
016f6d6700000000
3c67600000007a5c
026d675f00000000
01674c6d00000000
3c6d600000007860
3c4c6c0000004460
025f6d4c00000000
016d6f5f00000000
3c5f600000007a60
026f5f4c00000000
015f676f00000000
3c6f600000007864
3c676c0000004464
024c6f6700000000
016f6d4c00000000
3c4c600000007a64
026d4c6700000000
014c5f6d00000000
3c6d600000007868
3c5f6c0000004468
02676d5f00000000
016d6f6700000000
3c67600000007a68
026f675f00000000
01674c6f00000000
3c6f60000000786c
3c4c6c000000446c
025f6f4c00000000
016f6d5f00000000
3c5f600000007a6c
026d5f4c00000000
015f676d00000000
3c6d600000007870
3c676c0000004470
024c6d6700000000
016d6f4c00000000
3c4c600000007a70
026f4c6700000000
014c5f6f00000000
3c6f600000007874
3c5f6c0000004474
02676f5f00000000
016f6d6700000000
3c67600000007a74
026d675f00000000
01674c6d00000000
3c6d600000007878
3c4c6c0000004478
025f6d4c00000000
016d6f5f00000000
3c5f600000007a78
026f5f4c00000000
015f676f00000000
3c6f60000000787c
3c676c000000447c
026c6f6700000000
016f6d6c00000000
3c6c600000007a7c
02606c6700000000
016c5f6000000000
3a60040700007c00
385f047f07130600
2367605f00000000
385f047f07136e00
236d605f00000000
0e5f6f0000000000
136f5f0100000000
025f6f6700000000
0e6f5f0000000000
0e5f6c0000000000
136c5f0100000000
025f6c6d00000000
0e6c5f0000000000
235f6f4500000000
236d6f4700000000
01675f6d00000000
236d6f4400000000
015f676d00000000
236d6f4800000000
016f5f6d00000000
236d6c4500000000
015f6f6d00000000
236d6c4700000000
016f5f6d00000000
236d6c4400000000
015f6f6d00000000
236d6c4800000000
016c5f6d00000000
396c041f00004580
3400000000000000
3300000000000000
3300000000000000
2b0600000000000b
386c167f00000000
3b6c047f00001800
386c167f00000100
3b6c047f00001a00
386c167f00000200
3b6c047f00001c00
386c167f00000300
3b6c047f00001e00
386c167f00000400
3b6c047f00002000
386c167f00000500
3b6c047f00002200
386c167f00000600
3b6c047f00002400
386c167f00000700
3b6c047f00002600
3b01047f00002800
3b01047f00002a00
3b01047f00002c00
3b01047f00002e00
3b01047f00003000
3b01047f00003200
3b01047f00003400
3b01047f00003600
2a08010000000080
3b6e081f00001800
2b06000000000012
386e167f00000000
386c167f00000100
386d167f00000200
385f167f00000300
386f167f00000400
3867167f00000500
3860167f00000600
384c167f00000700
2b09000000000013
2272090000000000
3870041f00001c00
2056000000007400
0366705600000000
0470726600000000
0366567000000000
3870047f0713c600
3865047f07130600
235a666500000000
08715a7000000000
3d6e717f00000000
3871047f07136e00
236e667100000000
085a6e7000000000
3d6c5a7f00000000
385a047f0713c800
236c665a00000000
086e6c7000000000
3d6d6e7f00000000
386e047f0713ca00
236d666e00000000
086c6d7000000000
3d5f6c7f00000000
386c047f0713cc00
235f666c00000000
086c5f7000000000
3d6f6c7f00000000
386c047f0713ce00
236f666c00000000
086c6f7000000000
3d676c7f00000000
386c047f0713d000
2367666c00000000
086c677000000000
3d606c7f00000000
386c047f0713d200
2360666c00000000
086c607000000000
3d4c6c7f00000000
386c040000001c80
044c6c7200000000
226c010000000000
08726c2400000000
236c4c0100000000
084c726c00000000
386c047f0713d400
3c726c0000001800
3860047f0713d600
3c66600000003c00
0267667200000000
3c66600000003d00
026f667200000000
3c66600000003e00
025f667200000000
3c66600000003f00
026d667200000000
3c66600000004000
0262667200000000
3c66600000004100
026a667200000000
3c66600000004200
0273667200000000
3c66600000004300
0274667200000000
3c666c0000001804
3c72600000003c04
0275726600000000
0172677500000000
3c75600000003d04
0267756600000000
01756f6700000000
3c67600000003e04
026f676600000000
01675f6f00000000
3c6f600000003f04
025f6f6600000000
016f6d5f00000000
3c5f600000004004
026d5f6600000000
015f626d00000000
3c6d600000004104
02626d6600000000
016d6a6200000000
3c62600000004204
026a626600000000
0162736a00000000
3c6a600000004304
02736a6600000000
016a747300000000
3c736c0000001808
3c74600000003c08
0266747300000000
0174726600000000
3c66600000003d08
0272667300000000
0166757200000000
3c72600000003e08
0275727300000000
0172677500000000
3c75600000003f08
0267757300000000
01756f6700000000
3c67600000004008
026f677300000000
01675f6f00000000
3c6f600000004108
025f6f7300000000
016f6d5f00000000
3c5f600000004208
026d5f7300000000
015f626d00000000
3c6d600000004308
02626d7300000000
016d6a6200000000
3c626c000000180c
3c6a600000003c0c
02736a6200000000
016a747300000000
3c73600000003d0c
0274736200000000
0173667400000000
3c74600000003e0c
0266746200000000
0174726600000000
3c66600000003f0c
0272666200000000
0166757200000000
3c7260000000400c
0275726200000000
0172677500000000
3c7560000000410c
0267756200000000
01756f6700000000
3c6760000000420c
026f676200000000
01675f6f00000000
3c6f60000000430c
025f6f6200000000
016f6d5f00000000
3c5f6c0000001810
3c6d600000003c10
02626d5f00000000
016d6a6200000000
3c62600000003d10
026a625f00000000
0162736a00000000
3c6a600000003e10
02736a5f00000000
016a747300000000
3c73600000003f10
0274735f00000000
0173667400000000
3c74600000004010
0266745f00000000
0174726600000000
3c66600000004110
0272665f00000000
0166757200000000
3c72600000004210
0275725f00000000
0172677500000000
3c75600000004310
0267755f00000000
01756f6700000000
3c676c0000001814
3c6f600000003c14
025f6f6700000000
016f6d5f00000000
3c5f600000003d14
026d5f6700000000
015f626d00000000
3c6d600000003e14
02626d6700000000
016d6a6200000000
3c62600000003f14
026a626700000000
0162736a00000000
3c6a600000004014
02736a6700000000
016a747300000000
3c73600000004114
0274736700000000
0173667400000000
3c74600000004214
0266746700000000
0174726600000000
3c66600000004314
0272666700000000
0166757200000000
3c726c0000001818
3c75600000003c18
0267757200000000
01756f6700000000
3c67600000003d18
026f677200000000
01675f6f00000000
3c6f600000003e18
025f6f7200000000
016f6d5f00000000
3c5f600000003f18
026d5f7200000000
015f626d00000000
3c6d600000004018
02626d7200000000
016d6a6200000000
3c62600000004118
026a627200000000
0162736a00000000
3c6a600000004218
02736a7200000000
016a747300000000
3c73600000004318
0274737200000000
0173667400000000
3c746c000000181c
3c66600000003c1c
0272667400000000
0166757200000000
3c72600000003d1c
0275727400000000
0172677500000000
3c75600000003e1c
0267757400000000
01756f6700000000
3c67600000003f1c
026f677400000000
01675f6f00000000
3c6f60000000401c
025f6f7400000000
016f6d5f00000000
3c5f60000000411c
026d5f7400000000
015f626d00000000
3c6d60000000421c
02626d7400000000
016d6a6200000000
3c6260000000431c
026a627400000000
0162736a00000000
3c6a6c0000001820
3c73600000003c20
0274736a00000000
3c73600000003d20
0276736a00000000
3c73600000003e20
0277736a00000000
3c73600000003f20
0278736a00000000
3c73600000004020
0279736a00000000
3c73600000004120
027a736a00000000
3c73600000004220
027b736a00000000
3c73600000004320
027c736a00000000
3c736c0000001824
3c6a600000003c24
027d6a7300000000
016a747d00000000
3c7d600000003d24
02747d7300000000
017d767400000000
3c74600000003e24
0276747300000000
0174777600000000
3c76600000003f24
0277767300000000
0176787700000000
3c77600000004024
0278777300000000
0177797800000000
3c78600000004124
0279787300000000
01787a7900000000
3c79600000004224
027a797300000000
01797b7a00000000
3c7a600000004324
027b7a7300000000
017a7c7b00000000
3c7b6c0000001828
3c7c600000003c28
02737c7b00000000
017c6a7300000000
3c73600000003d28
026a737b00000000
01737d6a00000000
3c6a600000003e28
027d6a7b00000000
016a747d00000000
3c7d600000003f28
02747d7b00000000
017d767400000000
3c74600000004028
0276747b00000000
0174777600000000
3c76600000004128
0277767b00000000
0176787700000000
3c77600000004228
0278777b00000000
0177797800000000
3c78600000004328
0279787b00000000
01787a7900000000
3c796c000000182c
3c7a600000003c2c
027b7a7900000000
017a7c7b00000000
3c7b600000003d2c
027c7b7900000000
017b737c00000000
3c7c600000003e2c
02737c7900000000
017c6a7300000000
3c73600000003f2c
026a737900000000
01737d6a00000000
3c6a60000000402c
027d6a7900000000
016a747d00000000
3c7d60000000412c
02747d7900000000
017d767400000000
3c7460000000422c
0276747900000000
0174777600000000
3c7660000000432c
0277767900000000
0176787700000000
3c776c0000001830
3c78600000003c30
0279787700000000
01787a7900000000
3c79600000003d30
027a797700000000
01797b7a00000000
3c7a600000003e30
027b7a7700000000
017a7c7b00000000
3c7b600000003f30
027c7b7700000000
017b737c00000000
3c7c600000004030
02737c7700000000
017c6a7300000000
3c73600000004130
026a737700000000
01737d6a00000000
3c6a600000004230
027d6a7700000000
016a747d00000000
3c7d600000004330
02747d7700000000
017d767400000000
3c746c0000001834
3c76600000003c34
0277767400000000
0176787700000000
3c77600000003d34
0278777400000000
0177797800000000
3c78600000003e34
0279787400000000
01787a7900000000
3c79600000003f34
027a797400000000
01797b7a00000000
3c7a600000004034
027b7a7400000000
017a7c7b00000000
3c7b600000004134
027c7b7400000000
017b737c00000000
3c7c600000004234
02737c7400000000
017c6a7300000000
3c73600000004334
026a737400000000
01737d6a00000000
3c6a6c0000001838
3c7d600000003c38
02747d6a00000000
017d767400000000
3c74600000003d38
0276746a00000000
0174777600000000
3c76600000003e38
0277766a00000000
0176787700000000
3c77600000003f38
0278776a00000000
0177797800000000
3c78600000004038
0279786a00000000
01787a7900000000
3c79600000004138
027a796a00000000
01797b7a00000000
3c7a600000004238
027b7a6a00000000
017a7c7b00000000
3c7b600000004338
027c7b6a00000000
017b737c00000000
3c7c6c000000183c
3c73600000003c3c
026a737c00000000
01737d6a00000000
3c6a600000003d3c
027d6a7c00000000
016a747d00000000
3c7d600000003e3c
02747d7c00000000
017d767400000000
3c74600000003f3c
0276747c00000000
0174777600000000
3c7660000000403c
0277767c00000000
0176787700000000
3c7760000000413c
0278777c00000000
0177797800000000
3c7860000000423c
0279787c00000000
01787a7900000000
3c7960000000433c
027a797c00000000
01797b7a00000000
3c7a6c0000001840
3c7b600000003c40
027c7b7a00000000
3c7b600000003d40
027e7b7a00000000
3c7b600000003e40
027f7b7a00000000
3c7b600000003f40
02807b7a00000000
3c7b600000004040
02817b7a00000000
3c7b600000004140
02827b7a00000000
3c7b600000004240
02837b7a00000000
3c7b600000004340
02847b7a00000000
3c7b6c0000001844
3c7a600000003c44
02857a7b00000000
017a7c8500000000
3c85600000003d44
027c857b00000000
01857e7c00000000
3c7c600000003e44
027e7c7b00000000
017c7f7e00000000
3c7e600000003f44
027f7e7b00000000
017e807f00000000
3c7f600000004044
02807f7b00000000
017f818000000000
3c80600000004144
0281807b00000000
0180828100000000
3c81600000004244
0282817b00000000
0181838200000000
3c82600000004344
0283827b00000000
0182848300000000
3c836c0000001848
3c84600000003c48
027b848300000000
01847a7b00000000
3c7b600000003d48
027a7b8300000000
017b857a00000000
3c7a600000003e48
02857a8300000000
017a7c8500000000
3c85600000003f48
027c858300000000
01857e7c00000000
3c7c600000004048
027e7c8300000000
017c7f7e00000000
3c7e600000004148
027f7e8300000000
017e807f00000000
3c7f600000004248
02807f8300000000
017f818000000000
3c80600000004348
0281808300000000
0180828100000000
3c816c000000184c
3c82600000003c4c
0283828100000000
0182848300000000
3c83600000003d4c
0284838100000000
01837b8400000000
3c84600000003e4c
027b848100000000
01847a7b00000000
3c7b600000003f4c
027a7b8100000000
017b857a00000000
3c7a60000000404c
02857a8100000000
017a7c8500000000
3c8560000000414c
027c858100000000
01857e7c00000000
3c7c60000000424c
027e7c8100000000
017c7f7e00000000
3c7e60000000434c
027f7e8100000000
017e807f00000000
3c7f6c0000001850
3c80600000003c50
0281807f00000000
0180828100000000
3c81600000003d50
0282817f00000000
0181838200000000
3c82600000003e50
0283827f00000000
0182848300000000
3c83600000003f50
0284837f00000000
01837b8400000000
3c84600000004050
027b847f00000000
01847a7b00000000
3c7b600000004150
027a7b7f00000000
017b857a00000000
3c7a600000004250
02857a7f00000000
017a7c8500000000
3c85600000004350
027c857f00000000
01857e7c00000000
3c7c6c0000001854
3c7e600000003c54
027f7e7c00000000
017e807f00000000
3c7f600000003d54
02807f7c00000000
017f818000000000
3c80600000003e54
0281807c00000000
0180828100000000
3c81600000003f54
0282817c00000000
0181838200000000
3c82600000004054
0283827c00000000
0182848300000000
3c83600000004154
0284837c00000000
01837b8400000000
3c84600000004254
027b847c00000000
01847a7b00000000
3c7b600000004354
027a7b7c00000000
017b857a00000000
3c7a6c0000001858
3c85600000003c58
027c857a00000000
01857e7c00000000
3c7c600000003d58
027e7c7a00000000
017c7f7e00000000
3c7e600000003e58
027f7e7a00000000
017e807f00000000
3c7f600000003f58
02807f7a00000000
017f818000000000
3c80600000004058
0281807a00000000
0180828100000000
3c81600000004158
0282817a00000000
0181838200000000
3c82600000004258
0283827a00000000
0182848300000000
3c83600000004358
0284837a00000000
01837b8400000000
3c846c000000185c
3c7b600000003c5c
027a7b8400000000
017b857a00000000
3c7a600000003d5c
02857a8400000000
017a7c8500000000
3c85600000003e5c
027c858400000000
01857e7c00000000
3c7c600000003f5c
027e7c8400000000
017c7f7e00000000
3c7e60000000405c
027f7e8400000000
017e807f00000000
3c7f60000000415c
02807f8400000000
017f818000000000
3c8060000000425c
0281808400000000
0180828100000000
3c8160000000435c
0282818400000000
0181838200000000
3c826c0000001860
3c83600000003c60
0284838200000000
3c83600000003d60
0286838200000000
3c83600000003e60
0287838200000000
3c83600000003f60
0288838200000000
3c83600000004060
0289838200000000
3c83600000004160
028a838200000000
3c83600000004260
028b838200000000
3c83600000004360
028c838200000000
3c836c0000001864
3c82600000003c64
028d828300000000
0182848d00000000
3c8d600000003d64
02848d8300000000
018d868400000000
3c84600000003e64
0286848300000000
0184878600000000
3c86600000003f64
0287868300000000
0186888700000000
3c87600000004064
0288878300000000
0187898800000000
3c88600000004164
0289888300000000
01888a8900000000
3c89600000004264
028a898300000000
01898b8a00000000
3c8a600000004364
028b8a8300000000
018a8c8b00000000
3c8b6c0000001868
3c8c600000003c68
02838c8b00000000
018c828300000000
3c83600000003d68
0282838b00000000
01838d8200000000
3c82600000003e68
028d828b00000000
0182848d00000000
3c8d600000003f68
02848d8b00000000
018d868400000000
3c84600000004068
0286848b00000000
0184878600000000
3c86600000004168
0287868b00000000
0186888700000000
3c87600000004268
0288878b00000000
0187898800000000
3c88600000004368
0289888b00000000
01888a8900000000
3c896c000000186c
3c8a600000003c6c
028b8a8900000000
018a8c8b00000000
3c8b600000003d6c
028c8b8900000000
018b838c00000000
3c8c600000003e6c
02838c8900000000
018c828300000000
3c83600000003f6c
0282838900000000
01838d8200000000
3c8260000000406c
028d828900000000
0182848d00000000
3c8d60000000416c
02848d8900000000
018d868400000000
3c8460000000426c
0286848900000000
0184878600000000
3c8660000000436c
0287868900000000
0186888700000000
3c876c0000001870
3c88600000003c70
0289888700000000
01888a8900000000
3c89600000003d70
028a898700000000
01898b8a00000000
3c8a600000003e70
028b8a8700000000
018a8c8b00000000
3c8b600000003f70
028c8b8700000000
018b838c00000000
3c8c600000004070
02838c8700000000
018c828300000000
3c83600000004170
0282838700000000
01838d8200000000
3c82600000004270
028d828700000000
0182848d00000000
3c8d600000004370
02848d8700000000
018d868400000000
3c846c0000001874
3c86600000003c74
0287868400000000
0186888700000000
3c87600000003d74
0288878400000000
0187898800000000
3c88600000003e74
0289888400000000
01888a8900000000
3c89600000003f74
028a898400000000
01898b8a00000000
3c8a600000004074
028b8a8400000000
018a8c8b00000000
3c8b600000004174
028c8b8400000000
018b838c00000000
3c8c600000004274
02838c8400000000
018c828300000000
3c83600000004374
0282838400000000
01838d8200000000
3c826c0000001878
3c8d600000003c78
02848d8200000000
018d868400000000
3c84600000003d78
0286848200000000
0184878600000000
3c86600000003e78
0287868200000000
0186888700000000
3c87600000003f78
0288878200000000
0187898800000000
3c88600000004078
0289888200000000
01888a8900000000
3c89600000004178
028a898200000000
01898b8a00000000
3c8a600000004278
028b8a8200000000
018a8c8b00000000
3c8b600000004378
028c8b8200000000
018b838c00000000
3c8c6c000000187c
3c6c600000003c7c
02836c8c00000000
016c8d8300000000
3c83600000003d7c
028d838c00000000
0183848d00000000
3c8d600000003e7c
02848d8c00000000
018d868400000000
3c84600000003f7c
0286848c00000000
0184878600000000
3c8660000000407c
0287868c00000000
0186888700000000
3c8760000000417c
0288878c00000000
0187898800000000
3c8860000000427c
0289888c00000000
01888a8900000000
3c8960000000437c
0260898c00000000
01898b6000000000
3860047f0713d800
0b8b604c00000000
0960018b00000000
208b0000ffffffff
034c608b00000000
208b0000ff61b1e6
048c4c8b00000000
014c667300000000
01737b6c00000000
016c4c7300000000
207300003e3504f3
024c6c7300000000
046c4c6000000000
054c6c8c00000000
236c4c4000000000
137b4c6c00000000
236c7b4100000000
13667b6c00000000
236c664200000000
137b666c00000000
236c7b5800000000
13667b6c00000000
236c665400000000
137b666c00000000
386c047f0713da00
23667b6c00000000
138a7b6600000000
03668a1e00000000
017b4c6600000000
14667b2200000000
137b662600000000
02667b2800000000
014c662b00000000
01664c2a00000000
024c662c00000000
01827b4c00000000
024c662e00000000
017b824c00000000
024c297b00000000
01824c3100000000
024c827b00000000
01824c3200000000
024c827b00000000
01824c3300000000
024c827b00000000
01824c3400000000
024c827b00000000
01824c1c00000000
024c827b00000000
01824c1c00000000
0d4c660000000000
07664c2d00000000
084c826600000000
04664c6000000000
3b66047f00004400
0e4c660000000000
3b4c047f00005400
3b8a047f00006400
018a726a00000000
016a7a8300000000
01838a6a00000000
026a837300000000
04836a6000000000
056a838c00000000
23836a4000000000
138a6a8300000000
23838a4100000000
137a8a8300000000
23837a4200000000
138a7a8300000000
23838a5800000000
137a8a8300000000
23837a5400000000
138a7a8300000000
23838a6c00000000
137a8a8300000000
03837a1e00000000
018a6a8300000000
14838a2200000000
138a832600000000
02838a2800000000
016a832b00000000
01836a2a00000000
026a832c00000000
01728a6a00000000
026a832e00000000
018a726a00000000
026a298a00000000
01726a3100000000
026a728a00000000
01726a3200000000
026a728a00000000
01726a3300000000
026a728a00000000
01726a3400000000
026a728a00000000
01726a1c00000000
026a728a00000000
01726a1c00000000
0d6a830000000000
07836a2d00000000
086a728300000000
04836a6000000000
3b83047f00004600
0e6a830000000000
3b6a047f00005600
3b7a047f00006600
017a757d00000000
017d858d00000000
018d7a7d00000000
027d8d7300000000
048d7d6000000000
057d8d8c00000000
238d7d4000000000
137a7d8d00000000
238d7a4100000000
13857a8d00000000
238d854200000000
137a858d00000000
238d7a5800000000
13857a8d00000000
238d855400000000
137a858d00000000
238d7a6c00000000
13857a8d00000000
038d851e00000000
017a7d8d00000000
148d7a2200000000
137a8d2600000000
028d7a2800000000
017d8d2b00000000
018d7d2a00000000
027d8d2c00000000
01757a7d00000000
027d8d2e00000000
017a757d00000000
027d297a00000000
01757d3100000000
027d757a00000000
01757d3200000000
027d757a00000000
01757d3300000000
027d757a00000000
01757d3400000000
027d757a00000000
01757d1c00000000
027d757a00000000
01757d1c00000000
0d7d8d0000000000
078d7d2d00000000
087d758d00000000
048d7d6000000000
3b8d047f00004800
0e7d8d0000000000
3b7d047f00005800
3b85047f00006800
0185677400000000
01747c8400000000
0184857400000000
0274847300000000
0484746000000000
0574848c00000000
2384744000000000
1385748400000000
2384854100000000
137c858400000000
23847c4200000000
13857c8400000000
2384855800000000
137c858400000000
23847c5400000000
13857c8400000000
2384856c00000000
137c858400000000
03847c1e00000000
0185748400000000
1484852200000000
1385842600000000
0284852800000000
0174842b00000000
0184742a00000000
0274842c00000000
0167857400000000
0274842e00000000
0185677400000000
0274298500000000
0167743100000000
0274678500000000
0167743200000000
0274678500000000
0167743300000000
0274678500000000
0167743400000000
0274678500000000
0167741c00000000
0274678500000000
0167741c00000000
0d74840000000000
0784742d00000000
0874678400000000
0484746000000000
3b84047f00004a00
0e74840000000000
3b74047f00005a00
3b7c047f00006a00
017c6f7600000000
01767e8600000000
01867c7600000000
0276867300000000
0486766000000000
0576868c00000000
2386764000000000
137c768600000000
23867c4100000000
137e7c8600000000
23867e4200000000
137c7e8600000000
23867c5800000000
137e7c8600000000
23867e5400000000
137c7e8600000000
23867c6c00000000
137e7c8600000000
03867e1e00000000
017c768600000000
14867c2200000000
137c862600000000
02867c2800000000
0176862b00000000
0186762a00000000
0276862c00000000
016f7c7600000000
0276862e00000000
017c6f7600000000
0276297c00000000
016f763100000000
02766f7c00000000
016f763200000000
02766f7c00000000
016f763300000000
02766f7c00000000
016f763400000000
02766f7c00000000
016f761c00000000
02766f7c00000000
016f761c00000000
0d76860000000000
0786762d00000000
08766f8600000000
0486766000000000
3b86047f00004c00
0e76860000000000
3b76047f00005c00
3b7e047f00006c00
017e5f7700000000
01777f8700000000
01877e7700000000
0277877300000000
0487776000000000
0577878c00000000
2387774000000000
137e778700000000
23877e4100000000
137f7e8700000000
23877f4200000000
137e7f8700000000
23877e5800000000
137f7e8700000000
23877f5400000000
137e7f8700000000
23877e6c00000000
137f7e8700000000
03877f1e00000000
017e778700000000
14877e2200000000
137e872600000000
02877e2800000000
0177872b00000000
0187772a00000000
0277872c00000000
015f7e7700000000
0277872e00000000
017e5f7700000000
0277297e00000000
015f773100000000
02775f7e00000000
015f773200000000
02775f7e00000000
015f773300000000
02775f7e00000000
015f773400000000
02775f7e00000000
015f771c00000000
02775f7e00000000
015f771c00000000
0d77870000000000
0787772d00000000
08775f8700000000
0487776000000000
3b87047f00004e00
0e77870000000000
3b77047f00005e00
3b7f047f00006e00
017f6d7800000000
0178808800000000
01887f7800000000
0278887300000000
0488786000000000
0578888c00000000
2388784000000000
137f788800000000
23887f4100000000
13807f8800000000
2388804200000000
137f808800000000
23887f5800000000
13807f8800000000
2388805400000000
137f808800000000
23887f6c00000000
13807f8800000000
0388801e00000000
017f788800000000
14887f2200000000
137f882600000000
02887f2800000000
0178882b00000000
0188782a00000000
0278882c00000000
016d7f7800000000
0278882e00000000
017f6d7800000000
0278297f00000000
016d783100000000
02786d7f00000000
016d783200000000
02786d7f00000000
016d783300000000
02786d7f00000000
016d783400000000
02786d7f00000000
016d781c00000000
02786d7f00000000
016d781c00000000
0d78880000000000
0788782d00000000
08786d8800000000
0488786000000000
3b88047f00005000
0e78880000000000
3b78047f00006000
3b80047f00007000
0180627900000000
0179818900000000
0189807900000000
0279897300000000
0489796000000000
0579898c00000000
2389794000000000
138c798900000000
23898c4100000000
13738c8900000000
2389734200000000
138c738900000000
23898c5800000000
13738c8900000000
2389735400000000
138c738900000000
23898c6c00000000
136c8c8900000000
03896c1e00000000
018c798900000000
14898c2200000000
138c892600000000
02898c2800000000
0179892b00000000
0189792a00000000
0279892c00000000
01738c7900000000
0279892e00000000
018c737900000000
0279298c00000000
0173793100000000
0279738c00000000
0173793200000000
0279738c00000000
0173793300000000
0279738c00000000
0173793400000000
0279738c00000000
0173791c00000000
0279738c00000000
0173791c00000000
0d79890000000000
0789792d00000000
0879738900000000
0489796000000000
3b89047f00005200
0e79890000000000
3b79047f00006200
3b6c047f00007200
386c047f07136800
3c796c0000004400
3c896c0000004404
0160798900000000
3c896c0000004408
0179608900000000
3c896c000000440c
0160798900000000
3c896c0000004410
0179608900000000
3c896c0000004414
0160798900000000
3c896c0000004418
0179608900000000
3c896c000000441c
0160798900000000
2389601500000000
0179608900000000
2389791d00000000
0160798900000000
2389600200000000
0179608900000000
3889047f0713dc00
2360798900000000
3889047f0713de00
3c79890000006400
2b0600000000002b
3889060f00000000
0373791e00000000
0179897300000000
1473792200000000
1379732600000000
0273792800000000
0189732b00000000
0173892a00000000
0289732c00000000
018c798900000000
0289732e00000000
01798c8900000000
0289297900000000
018c893100000000
02898c7900000000
018c893200000000
02898c7900000000
018c893300000000
02898c7900000000
018c893400000000
02898c7900000000
018c891c00000000
02898c7900000000
018c891c00000000
0d89730000000000
0773892d00000000
08898c7300000000
0173608900000000
3c89700000001800
3860047f0713e000
3c8c600000005400
02798c8900000000
3c8c600000005800
02808c8900000000
3c8c600000005c00
02818c8900000000
3c8c600000006000
02628c8900000000
3c8c700000001880
3c89600000005404
0278898c00000000
0189797800000000
3c78600000005804
0279788c00000000
0178807900000000
3c79600000005c04
0280798c00000000
0179818000000000
3c80600000006004
0281808c00000000
0180628100000000
3c81700000001900
3c62600000005408
028c628100000000
0162898c00000000
3c8c600000005808
02898c8100000000
018c788900000000
3c89600000005c08
0278898100000000
0189797800000000
3c78600000006008
0279788100000000
0178807900000000
3c79700000001980
3c8060000000540c
0281807900000000
0180628100000000
3c8160000000580c
0262817900000000
01818c6200000000
3c62600000005c0c
028c627900000000
0162898c00000000
3c8c60000000600c
02898c7900000000
018c788900000000
3c89700000001a00
3c78600000005410
0279788900000000
0178807900000000
3c79600000005810
0280798900000000
0179818000000000
3c80600000005c10
0281808900000000
0180628100000000
3c81600000006010
0262818900000000
01818c6200000000
3c62700000001a80
3c8c600000005414
02898c6200000000
018c788900000000
3c89600000005814
0278896200000000
0189797800000000
3c78600000005c14
0279786200000000
0178807900000000
3c79600000006014
0280796200000000
0179818000000000
3c80700000001b00
3c81600000005418
0262818000000000
01818c6200000000
3c62600000005818
028c628000000000
0162898c00000000
3c8c600000005c18
02898c8000000000
018c788900000000
3c89600000006018
0278898000000000
0189797800000000
3c78700000001b80
3c7960000000541c
0280797800000000
0179818000000000
3c8060000000581c
0281807800000000
0180628100000000
3c81600000005c1c
0262817800000000
01818c6200000000
3c6260000000601c
028c627800000000
0162898c00000000
3c8c700000001c00
3c89600000005420
0278898c00000000
3c89600000005820
0288898c00000000
3c89600000005c20
026d898c00000000
3c89600000006020
027f898c00000000
3c89700000001c80
3c8c600000005424
02778c8900000000
018c787700000000
3c77600000005824
0278778900000000
0177887800000000
3c78600000005c24
0288788900000000
01786d8800000000
3c88600000006024
026d888900000000
01887f6d00000000
3c6d700000001d00
3c7f600000005428
02897f6d00000000
017f8c8900000000
3c89600000005828
028c896d00000000
0189778c00000000
3c8c600000005c28
02778c6d00000000
018c787700000000
3c77600000006028
0278776d00000000
0177887800000000
3c78700000001d80
3c8860000000542c
026d887800000000
01887f6d00000000
3c6d60000000582c
027f6d7800000000
016d897f00000000
3c7f600000005c2c
02897f7800000000
017f8c8900000000
3c8960000000602c
028c897800000000
0189778c00000000
3c8c700000001e00
3c77600000005430
0278778c00000000
0177887800000000
3c78600000005830
0288788c00000000
01786d8800000000
3c88600000005c30
026d888c00000000
01887f6d00000000
3c6d600000006030
027f6d8c00000000
016d897f00000000
3c7f700000001e80
3c89600000005434
028c897f00000000
0189778c00000000
3c8c600000005834
02778c7f00000000
018c787700000000
3c77600000005c34
0278777f00000000
0177887800000000
3c78600000006034
0288787f00000000
01786d8800000000
3c88700000001f00
3c6d600000005438
027f6d8800000000
016d897f00000000
3c7f600000005838
02897f8800000000
017f8c8900000000
3c89600000005c38
028c898800000000
0189778c00000000
3c8c600000006038
02778c8800000000
018c787700000000
3c77700000001f80
3c7860000000543c
0288787700000000
01786d8800000000
3c8860000000583c
026d887700000000
01887f6d00000000
3c6d600000005c3c
027f6d7700000000
016d897f00000000
3c7f60000000603c
02897f7700000000
017f8c8900000000
3c89700000002000
3c8c600000005440
02778c8900000000
3c8c600000005840
02878c8900000000
3c8c600000005c40
025f8c8900000000
3c8c600000006040
027e8c8900000000
3c8c700000002080
3c89600000005444
0276898c00000000
0189777600000000
3c76600000005844
0277768c00000000
0176877700000000
3c77600000005c44
0287778c00000000
01775f8700000000
3c87600000006044
025f878c00000000
01877e5f00000000
3c5f700000002100
3c7e600000005448
028c7e5f00000000
017e898c00000000
3c8c600000005848
02898c5f00000000
018c768900000000
3c89600000005c48
0276895f00000000
0189777600000000
3c76600000006048
0277765f00000000
0176877700000000
3c77700000002180
3c8760000000544c
025f877700000000
01877e5f00000000
3c5f60000000584c
027e5f7700000000
015f8c7e00000000
3c7e600000005c4c
028c7e7700000000
017e898c00000000
3c8c60000000604c
02898c7700000000
018c768900000000
3c89700000002200
3c76600000005450
0277768900000000
0176877700000000
3c77600000005850
0287778900000000
01775f8700000000
3c87600000005c50
025f878900000000
01877e5f00000000
3c5f600000006050
027e5f8900000000
015f8c7e00000000
3c7e700000002280
3c8c600000005454
02898c7e00000000
018c768900000000
3c89600000005854
0276897e00000000
0189777600000000
3c76600000005c54
0277767e00000000
0176877700000000
3c77600000006054
0287777e00000000
01775f8700000000
3c87700000002300
3c5f600000005458
027e5f8700000000
015f8c7e00000000
3c7e600000005858
028c7e8700000000
017e898c00000000
3c8c600000005c58
02898c8700000000
018c768900000000
3c89600000006058
0276898700000000
0189777600000000
3c76700000002380
3c7760000000545c
0287777600000000
01775f8700000000
3c8760000000585c
025f877600000000
01877e5f00000000
3c5f600000005c5c
027e5f7600000000
015f8c7e00000000
3c7e60000000605c
028c7e7600000000
017e898c00000000
3c8c700000002400
3c89600000005460
0276898c00000000
3c89600000005860
0286898c00000000
3c89600000005c60
026f898c00000000
3c89600000006060
027c898c00000000
3c89700000002480
3c8c600000005464
02748c8900000000
018c767400000000
3c74600000005864
0276748900000000
0174867600000000
3c76600000005c64
0286768900000000
01766f8600000000
3c86600000006064
026f868900000000
01867c6f00000000
3c6f700000002500
3c7c600000005468
02897c6f00000000
017c8c8900000000
3c89600000005868
028c896f00000000
0189748c00000000
3c8c600000005c68
02748c6f00000000
018c767400000000
3c74600000006068
0276746f00000000
0174867600000000
3c76700000002580
3c8660000000546c
026f867600000000
01867c6f00000000
3c6f60000000586c
027c6f7600000000
016f897c00000000
3c7c600000005c6c
02897c7600000000
017c8c8900000000
3c8960000000606c
028c897600000000
0189748c00000000
3c8c700000002600
3c74600000005470
0276748c00000000
0174867600000000
3c76600000005870
0286768c00000000
01766f8600000000
3c86600000005c70
026f868c00000000
01867c6f00000000
3c6f600000006070
027c6f8c00000000
016f897c00000000
3c7c700000002680
3c89600000005474
028c897c00000000
0189748c00000000
3c8c600000005874
02748c7c00000000
018c767400000000
3c74600000005c74
0276747c00000000
0174867600000000
3c76600000006074
0286767c00000000
01766f8600000000
3c86700000002700
3c6f600000005478
027c6f8600000000
016f897c00000000
3c7c600000005878
02897c8600000000
017c8c8900000000
3c89600000005c78
028c898600000000
0189748c00000000
3c8c600000006078
02748c8600000000
018c767400000000
3c74700000002780
3c7660000000547c
0286767400000000
01766f8600000000
3c8660000000587c
026f867400000000
01867c6f00000000
3c6f600000005c7c
027c6f7400000000
016f897c00000000
3c7c60000000607c
02897c7400000000
017c8c8900000000
3c89700000002800
3c8c600000005480
02748c8900000000
3c8c600000005880
02848c8900000000
3c8c600000005c80
02678c8900000000
3c8c600000006080
02858c8900000000
3c8c700000002880
3c89600000005484
027d898c00000000
0189747d00000000
3c7d600000005884
02747d8c00000000
017d847400000000
3c74600000005c84
0284748c00000000
0174678400000000
3c84600000006084
0267848c00000000
0184856700000000
3c67700000002900
3c85600000005488
028c856700000000
0185898c00000000
3c8c600000005888
02898c6700000000
018c7d8900000000
3c89600000005c88
027d896700000000
0189747d00000000
3c7d600000006088
02747d6700000000
017d847400000000
3c74700000002980
3c8460000000548c
0267847400000000
0184856700000000
3c6760000000588c
0285677400000000
01678c8500000000
3c85600000005c8c
028c857400000000
0185898c00000000
3c8c60000000608c
02898c7400000000
018c7d8900000000
3c89700000002a00
3c7d600000005490
02747d8900000000
017d847400000000
3c74600000005890
0284748900000000
0174678400000000
3c84600000005c90
0267848900000000
0184856700000000
3c67600000006090
0285678900000000
01678c8500000000
3c85700000002a80
3c8c600000005494
02898c8500000000
018c7d8900000000
3c89600000005894
027d898500000000
0189747d00000000
3c7d600000005c94
02747d8500000000
017d847400000000
3c74600000006094
0284748500000000
0174678400000000
3c84700000002b00
3c67600000005498
0285678400000000
01678c8500000000
3c85600000005898
028c858400000000
0185898c00000000
3c8c600000005c98
02898c8400000000
018c7d8900000000
3c89600000006098
027d898400000000
0189747d00000000
3c7d700000002b80
3c7460000000549c
0284747d00000000
0174678400000000
3c8460000000589c
0267847d00000000
0184856700000000
3c67600000005c9c
0285677d00000000
01678c8500000000
3c8560000000609c
028c857d00000000
0185898c00000000
3c8c700000002c00
3c896000000054a0
027d898c00000000
3c896000000058a0
028d898c00000000
3c89600000005ca0
0275898c00000000
3c896000000060a0
027a898c00000000
3c89700000002c80
3c8c6000000054a4
026a8c8900000000
018c7d6a00000000
3c6a6000000058a4
027d6a8900000000
016a8d7d00000000
3c7d600000005ca4
028d7d8900000000
017d758d00000000
3c8d6000000060a4
02758d8900000000
018d7a7500000000
3c75700000002d00
3c7a6000000054a8
02897a7500000000
017a8c8900000000
3c896000000058a8
028c897500000000
01896a8c00000000
3c8c600000005ca8
026a8c7500000000
018c7d6a00000000
3c6a6000000060a8
027d6a7500000000
016a8d7d00000000
3c7d700000002d80
3c8d6000000054ac
02758d7d00000000
018d7a7500000000
3c756000000058ac
027a757d00000000
0175897a00000000
3c7a600000005cac
02897a7d00000000
017a8c8900000000
3c896000000060ac
028c897d00000000
01896a8c00000000
3c8c700000002e00
3c6a6000000054b0
027d6a8c00000000
016a8d7d00000000
3c7d6000000058b0
028d7d8c00000000
017d758d00000000
3c8d600000005cb0
02758d8c00000000
018d7a7500000000
3c756000000060b0
027a758c00000000
0175897a00000000
3c7a700000002e80
3c896000000054b4
028c897a00000000
01896a8c00000000
3c8c6000000058b4
026a8c7a00000000
018c7d6a00000000
3c6a600000005cb4
027d6a7a00000000
016a8d7d00000000
3c7d6000000060b4
028d7d7a00000000
017d758d00000000
3c8d700000002f00
3c756000000054b8
027a758d00000000
0175897a00000000
3c7a6000000058b8
02897a8d00000000
017a8c8900000000
3c89600000005cb8
028c898d00000000
01896a8c00000000
3c8c6000000060b8
026a8c8d00000000
018c7d6a00000000
3c6a700000002f80
3c7d6000000054bc
028d7d6a00000000
017d758d00000000
3c8d6000000058bc
02758d6a00000000
018d7a7500000000
3c75600000005cbc
027a756a00000000
0175897a00000000
3c7a6000000060bc
02897a6a00000000
017a8c8900000000
3c89700000003000
3c8c6000000054c0
026a8c8900000000
3c8c6000000058c0
02838c8900000000
3c8c600000005cc0
02728c8900000000
3c8c6000000060c0
028a8c8900000000
3c8c700000003080
3c896000000054c4
024c898c00000000
01896a4c00000000
3c4c6000000058c4
026a4c8c00000000
014c836a00000000
3c6a600000005cc4
02836a8c00000000
016a728300000000
3c836000000060c4
0272838c00000000
01838a7200000000
3c72700000003100
3c8a6000000054c8
028c8a7200000000
018a898c00000000
3c8c6000000058c8
02898c7200000000
018c4c8900000000
3c89600000005cc8
024c897200000000
01896a4c00000000
3c4c6000000060c8
026a4c7200000000
014c836a00000000
3c6a700000003180
3c836000000054cc
0272836a00000000
01838a7200000000
3c726000000058cc
028a726a00000000
01728c8a00000000
3c8a600000005ccc
028c8a6a00000000
018a898c00000000
3c8c6000000060cc
02898c6a00000000
018c4c8900000000
3c89700000003200
3c4c6000000054d0
026a4c8900000000
014c836a00000000
3c6a6000000058d0
02836a8900000000
016a728300000000
3c83600000005cd0
0272838900000000
01838a7200000000
3c726000000060d0
028a728900000000
01728c8a00000000
3c8a700000003280
3c8c6000000054d4
02898c8a00000000
018c4c8900000000
3c896000000058d4
024c898a00000000
01896a4c00000000
3c4c600000005cd4
026a4c8a00000000
014c836a00000000
3c6a6000000060d4
02836a8a00000000
016a728300000000
3c83700000003300
3c726000000054d8
028a728300000000
01728c8a00000000
3c8a6000000058d8
028c8a8300000000
018a898c00000000
3c8c600000005cd8
02898c8300000000
018c4c8900000000
3c896000000060d8
024c898300000000
01896a4c00000000
3c4c700000003380
3c6a6000000054dc
02836a4c00000000
016a728300000000
3c836000000058dc
0272834c00000000
01838a7200000000
3c72600000005cdc
028a724c00000000
01728c8a00000000
3c8a6000000060dc
028c8a4c00000000
018a898c00000000
3c8c700000003400
3c896000000054e0
024c898c00000000
3c896000000058e0
0266898c00000000
3c89600000005ce0
0282898c00000000
3c896000000060e0
027b898c00000000
3c89700000003480
3c8c6000000054e4
028e8c8900000000
018c4c8e00000000
3c8e6000000058e4
024c8e8900000000
018e664c00000000
3c4c600000005ce4
02664c8900000000
014c826600000000
3c666000000060e4
0282668900000000
01667b8200000000
3c82700000003500
3c7b6000000054e8
02897b8200000000
017b8c8900000000
3c896000000058e8
028c898200000000
01898e8c00000000
3c8c600000005ce8
028e8c8200000000
018c4c8e00000000
3c8e6000000060e8
024c8e8200000000
018e664c00000000
3c4c700000003580
3c666000000054ec
0282664c00000000
01667b8200000000
3c826000000058ec
027b824c00000000
0182897b00000000
3c7b600000005cec
02897b4c00000000
017b8c8900000000
3c896000000060ec
028c894c00000000
01898e8c00000000
3c8c700000003600
3c8e6000000054f0
024c8e8c00000000
018e664c00000000
3c4c6000000058f0
02664c8c00000000
014c826600000000
3c66600000005cf0
0282668c00000000
01667b8200000000
3c826000000060f0
027b828c00000000
0182897b00000000
3c7b700000003680
3c896000000054f4
028c897b00000000
01898e8c00000000
3c8c6000000058f4
028e8c7b00000000
018c4c8e00000000
3c8e600000005cf4
024c8e7b00000000
018e664c00000000
3c4c6000000060f4
02664c7b00000000
014c826600000000
3c66700000003700
3c826000000054f8
027b826600000000
0182897b00000000
3c7b6000000058f8
02897b6600000000
017b8c8900000000
3c89600000005cf8
028c896600000000
01898e8c00000000
3c8c6000000060f8
028e8c6600000000
018c4c8e00000000
3c8e700000003780
3c706000000054fc
024c708e00000000
0170824c00000000
3c4c6000000058fc
02824c8e00000000
014c7b8200000000
3c82600000005cfc
027b828e00000000
0182897b00000000
3c7b6000000060fc
02607b8e00000000
017b8c6000000000
0160797800000000
0178777600000000
0176747d00000000
017d6a7000000000
0170607800000000
0178767d00000000
017d707800000000
2378736500000000
10707d7800000000
0e78700000000000
23706b6100000000
237d6b6800000000
3876047f0713e200
03607d7600000000
027d787000000000
2370784000000000
026a706000000000
01707d6a00000000
0e6a700000000000
03706a7800000000
046a697000000000
0370786a00000000
016a808800000000
0188878600000000
0186848d00000000
018d834c00000000
014c6a8800000000
0188868d00000000
018d4c8800000000
2388737100000000
104c8d8800000000
0e884c0000000000
234c6b6100000000
238d6b6800000000
03868d7600000000
028d884c00000000
234c884000000000
026a4c8600000000
014c8d6a00000000
0e6a4c0000000000
034c6a8800000000
046a694c00000000
034c886a00000000
016a816d00000000
016d5f6f00000000
016f677500000000
0175728200000000
01826a6d00000000
016d6f7500000000
0175826d00000000
236d735a00000000
1082756d00000000
0e6d820000000000
23826b6100000000
23756b6800000000
036f757600000000
02756d8200000000
23826d4000000000
026a826f00000000
0182756a00000000
0e6a820000000000
03826a6d00000000
046a698200000000
03826d6a00000000
016a627f00000000
017f7e7c00000000
017c857a00000000
017a8a7b00000000
017b6a7f00000000
017f7c7a00000000
017a7b7f00000000
237f736e00000000
10737a7f00000000
0e7f730000000000
23736b6100000000
23616b6800000000
0368617600000000
02617f7300000000
23737f4000000000
0276736800000000
0173617600000000
0e76730000000000
0373767f00000000
0476697300000000
03737f7600000000
0e76700000000000
3b76047f00000100
0e764c0000000000
3b76047f00000300
3c766c0000000100
4000760000000000
3c766c0000000104
4000760000000001
3c766c0000000108
4000760000000002
3c766c000000010c
4000760000000003
3c766c0000000110
4000760000000004
3c766c0000000114
4000760000000005
3c766c0000000118
4000760000000006
3c766c000000011c
4000760000000007
3c766c0000000300
4000760000000008
3c766c0000000304
4000760000000009
3c766c0000000308
400076000000000a
3c766c000000030c
400076000000000b
3c766c0000000310
400076000000000c
3c766c0000000314
400076000000000d
3c766c0000000318
400076000000000e
3c766c000000031c
400076000000000f
2b0600000000002c
2807000000000800
4106070200080020
4200000000000000
0e76820000000000
3b76047f00000100
0e76730000000000
3b76047f00000300
3c766c0000000100
4000760000000000
3c766c0000000104
4000760000000001
3c766c0000000108
4000760000000002
3c766c000000010c
4000760000000003
3c766c0000000110
4000760000000004
3c766c0000000114
4000760000000005
3c766c0000000118
4000760000000006
3c766c000000011c
4000760000000007
3c766c0000000300
4000760000000008
3c766c0000000304
4000760000000009
3c766c0000000308
400076000000000a
3c766c000000030c
400076000000000b
3c766c0000000310
400076000000000c
3c766c0000000314
400076000000000d
3c766c0000000318
400076000000000e
3c766c000000031c
400076000000000f
2b0600000000002c
2906060000004000
2807000000000880
4106070200080020
4200000000000000
3a76043f00000800
0e73760000000000
3973043f00002080
3400000000000000
3300000000000000
3300000000000000
3873047f00001d80
3876047f00001f80
0482735700000000
234c824000000000
1370824c00000000
234c704100000000
1382704c00000000
234c824200000000
1370824c00000000
234c705800000000
1382704c00000000
234c825400000000
1370824c00000000
134c705900000000
02704c5b00000000
064c702d00000000
0482705d00000000
0a70820100000000
08824c7000000000
0970825c00000000
09825c7000000000
074c822d00000000
0282734c00000000
174c820000000000
0482765700000000
2373824000000000
137f827300000000
23737f4100000000
13827f7300000000
2373824200000000
137f827300000000
23737f5800000000
13827f7300000000
2373825400000000
137f827300000000
13737f5900000000
027f735b00000000
06737f2d00000000
04827f5d00000000
0a7f820100000000
0882737f00000000
097f825c00000000
09825c7f00000000
0773822d00000000
0282767300000000
1773820000000000
43004c0100000000
4500700000000000
23824c5e00000000
2376705e00000000
4300820100000001
4500760000000001
23764c6300000000
2382706300000000
4300760100000002
4500820000000002
23824c6400000000
234c706400000000
4300820100000003
45004c0000000003
4300730100000004
45007f0000000004
234c735e00000000
23827f5e00000000
43004c0100000005
4500820000000005
2382736300000000
234c7f6300000000
4300820100000006
45004c0000000006
234c736400000000
23737f6400000000
43004c0100000007
4500730000000007
2b0600000000002d
2807000000000800
4406070100080028
4200000000000000
3a73042700000800
0e4c730000000000
394c042700002360
3400000000000000
3300000000000000
3300000000000000
384c047f00002180
3873041f00002380
237f270100000000
02827f1700000000
207f000000000004
2370277f00000000
0276701100000000
0170827600000000
2076000000000008
2382277600000000
0269820600000000
0182706900000000
206900000000000c
2370276900000000
0261700800000000
0170826100000000
2361377f00000000
0282614c00000000
0161827000000000
0e82610000000000
2361272400000000
0270611700000000
2061000000000005
2368276100000000
026b681100000000
0168706b00000000
206b000000000009
2370276b00000000
027a700600000000
0170687a00000000
207a00000000000d
2368277a00000000
027b680800000000
0168707b00000000
237b376100000000
02707b4c00000000
017b706800000000
0e707b0000000000
237b274900000000
02687b1700000000
207b000000000006
237c277b00000000
026a7c1100000000
017c686a00000000
206a00000000000a
2368276a00000000
028a680600000000
01687c8a00000000
208a00000000000e
237c278a00000000
02857c0800000000
017c688500000000
2385377b00000000
0268854c00000000
0185687c00000000
0e68850000000000
2385274b00000000
027c851700000000
2085000000000007
2317278500000000
027e171100000000
01177c7e00000000
207e00000000000b
237c277e00000000
02117c0600000000
017c171100000000
201100000000000f
2317271100000000
0206170800000000
01177c0600000000
2306378500000000
027c064c00000000
01067c1700000000
0e7c060000000000
23061f4500000000
2317276500000000
024c170600000000
23171f4700000000
2306277100000000
0208061700000000
01064c0800000000
23081f4400000000
234c275a00000000
02174c0800000000
014c061700000000
23171f4800000000
231f276e00000000
02271f1700000000
011f4c2700000000
2327377100000000
2337734500000000
0273273700000000
0137731f00000000
0e73370000000000
3b82047f00001800
3b70047f00001a80
3b68047f00001d00
3b7c047f00001f80
3d73137f00000000
3c130a0000001800
3c0a0b0000001804
3c0b1a0000001808
3c1a20000000180c
3c200f0000001810
3c0f0d0000001814
3c0d100000001818
3c1019000000181c
2b0600000000002e
3819064f00000000
0237191300000000
3819064f00000140
021f190a00000000
0119371f00000000
381f064f00000280
02371f0b00000000
011f193700000000
3837064f000003c0
0219371a00000000
01371f1900000000
3819064f00000500
021f192000000000
0119371f00000000
381f064f00000640
02371f0f00000000
011f193700000000
3837064f00000780
0219370d00000000
01371f1900000000
3819064f000008c0
021f191000000000
0119371f00000000
3b19047f00002200
3819064f00000a00
021f191300000000
3819064f00000b40
0237190a00000000
01191f3700000000
3837064f00000c80
021f370b00000000
0137191f00000000
381f064f00000dc0
02191f1a00000000
011f371900000000
3819064f00000f00
0237192000000000
01191f3700000000
3837064f00001040
021f370f00000000
0137191f00000000
381f064f00001180
02191f0d00000000
011f371900000000
3819064f000012c0
0237191000000000
01191f3700000000
3b19047f00002400
3819064f00001400
0237191300000000
3819064f00001540
021f190a00000000
0119371f00000000
381f064f00001680
02371f0b00000000
011f193700000000
3837064f000017c0
0219371a00000000
01371f1900000000
3819064f00001900
021f192000000000
0119371f00000000
381f064f00001a40
02371f0f00000000
011f193700000000
3837064f00001b80
0219370d00000000
01371f1900000000
3819064f00001cc0
021f191000000000
0119371f00000000
3b19047f00002600
3819064f00001e00
021f191300000000
3819064f00001f40
0237190a00000000
01191f3700000000
3837064f00002080
021f370b00000000
0137191f00000000
381f064f000021c0
02191f1a00000000
011f371900000000
3819064f00002300
0237192000000000
01191f3700000000
3837064f00002440
021f370f00000000
0137191f00000000
381f064f00002580
02191f0d00000000
011f371900000000
3819064f000026c0
0237191000000000
01191f3700000000
3b19047f00002800
3819064f00002800
0237191300000000
3819064f00002940
021f190a00000000
0119371f00000000
381f064f00002a80
02371f0b00000000
011f193700000000
3837064f00002bc0
0219371a00000000
01371f1900000000
3819064f00002d00
021f192000000000
0119371f00000000
381f064f00002e40
02371f0f00000000
011f193700000000
3837064f00002f80
0219370d00000000
01371f1900000000
3819064f000030c0
021f191000000000
0119371f00000000
3b19047f00002a00
0219131300000000
02130a0a00000000
010a191300000000
02130b0b00000000
010b0a1300000000
02131a1a00000000
011a0b1300000000
0213202000000000
01201a1300000000
02130f0f00000000
010f201300000000
02130d0d00000000
010d0f1300000000
0213101000000000
01100d1300000000
3b10047f00002c00
3c10210000002200
3c13210000002204
010d101300000000
3b0d047f00003000
3c0d210000002600
3c13210000002604
01100d1300000000
3b10047f00003200
3c10210000002a00
3c13210000002a04
010d101300000000
3b0d047f00003400
3c0d210000003000
3c13210000003004
01210d1300000000
3b21047f00002200
3c21040000003400
3c04120000003404
0112210400000000
3b12043f00002400
3c12090000002200
3c09160000002204
0116120900000000
3b16045f00003000
3c16030000003000
2303161500000000
0109160300000000
2303091d00000000
0116090300000000
2303160200000000
0109160300000000
2303090e00000000
0116090300000000
2303161b00000000
3903040500001d4c
3400000000000000
3300000000000000
3300000000000000
3803041900001d00
2316030700000000
1007161400000000
0116070c00000000
0207161800000000
0614162400000000
0916231400000000
0214161600000000
021b071400000000
0114251b00000000
021b161400000000
02141b1b00000000
0216071400000000
0114251600000000
02161b1400000000
0214161600000000
021b071400000000
0114251b00000000
021b161400000000
0214031b00000000
2b06000000000018
381b061700000000
2b06000000000018
3803061700000200
0216141b00000000
011b160300000000
03161b1e00000000
1403162200000000
1316032600000000
0203162800000000
0114032b00000000
0103142a00000000
0214032c00000000
0107161400000000
0214032e00000000
0116071400000000
0214291600000000
0107143100000000
0214071600000000
0107143200000000
0214071600000000
0107143300000000
0214071600000000
0107143400000000
0214071600000000
0107141c00000000
0214071600000000
0107141c00000000
0d14030000000000
0703142d00000000
0814070300000000
0103141c00000000
10141c0300000000
0103143000000000
0203143600000000
23141b0e00000000
031b141c00000000
04142f1b00000000
031b1c1400000000
23141b4000000000
132f1b1400000000
23142f4100000000
13072f1400000000
0314071e00000000
01071b1400000000
1414072200000000
1307142600000000
0214072800000000
011b142b00000000
01141b2a00000000
021b142c00000000
012f071b00000000
021b142e00000000
01072f1b00000000
021b290700000000
012f1b3100000000
021b2f0700000000
012f1b3200000000
021b2f0700000000
012f1b3300000000
021b2f0700000000
012f1b3400000000
021b2f0700000000
012f1b1c00000000
021b2f0700000000
012f1b1c00000000
0d1b140000000000
07141b2d00000000
081b2f1400000000
23141b3800000000
232f1b3900000000
0107142f00000000
232f1b3a00000000
0114072f00000000
232f1b3b00000000
0107142f00000000
102f1b0700000000
01072f3000000000
232f073c00000000
231b073d00000000
01142f1b00000000
231b073e00000000
012f141b00000000
231b073f00000000
01142f1b00000000
011b143000000000
1014071b00000000
051b141400000000
280e000000000013
23141b3800000000
23071b3900000000
012f140700000000
23071b3a00000000
01142f0700000000
23071b3b00000000
012f140700000000
01072f3000000000
102f1b0700000000
23072f3c00000000
23142f3d00000000
0116071400000000
23142f3e00000000
0107161400000000
23142f3f00000000
0116071400000000
0114163000000000
101b2f1400000000
290e0e00ffffffff
31000e00000013a5
233f350100000000
023e3f8200000000
233d734500000000
023c3f3d00000000
233d352400000000
023f3d7000000000
233b734700000000
023a3d3b00000000
013b3e3f00000000
013f3c3a00000000
233a354900000000
023c3a6800000000
233e734400000000
023d3a3e00000000
013e3b3c00000000
013c3f3d00000000
233d354b00000000
02353d7c00000000
233f734800000000
023b3d3f00000000
013f3e3500000000
01353c3b00000000
0e3b3f0000000000
0e3f350000000000
04353f0500000000
023f3b3b00000000
3b3f047f00003800
023f353500000000
3b3f041f00003a00
3c3f460000003800
3c46430000003804
01433f4600000000
3c464d0000003808
014d434600000000
3c464a000000380c
014a4d4600000000
3c464e0000003810
014e4a4600000000
3c464f0000003814
014f4e4600000000
3c46500000003818
01504f4600000000
3c4651000000381c
0151504600000000
2346511500000000
0115514600000000
2346151d00000000
011d154600000000
23461d0200000000
01021d4600000000
2346020e00000000
010e024600000000
23460e5200000000
01020e4600000000
2346025300000000
1002465500000000
0146020c00000000
0202461800000000
0618462400000000
0946231800000000
0218464600000000
0223021800000000
0118252300000000
0223461800000000
0218232300000000
0246021800000000
0118254600000000
0246231800000000
0218464600000000
0223021800000000
0118252300000000
0223461800000000
2318230100000000
2b06000000000019
3823067f00000000
2b06000000000019
3846061f00000200
02023b1800000000
023b230200000000
0e023b0000000000
023b351800000000
0218463b00000000
0e3b180000000000
0e18020000000000
3b18047f00000100
0e183b0000000000
3b18047f00000300
3c186c0000000100
4000180000000000
3c186c0000000104
4000180000000001
3c186c0000000108
4000180000000002
3c186c000000010c
4000180000000003
3c186c0000000110
4000180000000004
3c186c0000000114
4000180000000005
3c186c0000000118
4000180000000006
3c186c000000011c
4000180000000007
3c186c0000000300
4000180000000008
3c186c0000000304
4000180000000009
3c186c0000000308
400018000000000a
3c186c000000030c
400018000000000b
3c186c0000000310
400018000000000c
3c186c0000000314
400018000000000d
3c186c0000000318
400018000000000e
3c186c000000031c
400018000000000f
2b0600000000001a
2807000000000800
410607020008000c
4200000000000000
3a18040b00000800
046c185700000000
03466c1e00000000
146c462200000000
13466c2600000000
026c462800000000
01356c2b00000000
016c352a00000000
02356c2c00000000
0123463500000000
02356c2e00000000
0146233500000000
0235294600000000
0123353100000000
0235234600000000
0123353200000000
0235234600000000
0123353300000000
0235234600000000
0123353400000000
0235234600000000
0123351c00000000
0235234600000000
0123351c00000000
0d356c0000000000
076c352d00000000
0835236c00000000
016c353600000000
1023356c00000000
026c232300000000
203500003d70f0f1
0246356c00000000
203500003d888889
0155463500000000
0235556c00000000
205500003d9d89d9
0146355500000000
0255466c00000000
204600003dba2e8c
0135554600000000
0246356c00000000
203500003de38e39
0155463500000000
0235556c00000000
205500003e124925
0146355500000000
0255466c00000000
204600003e4ccccd
0135554600000000
0246356c00000000
203500003eaaaaab
0155463500000000
0235556c00000000
0155351c00000000
0235235500000000
0255353600000000
1335180100000000
0118355500000000
1135180000000000
2b0600000000001b
3818060b00000000
0155351800000000
3818047f0713e600
0336558b00000000
0455183600000000
03368b5500000000
2355360100000000
0c8b553600000000
0c18365500000000
05558b1800000000
0318552400000000
3855047f07137000
0423185500000000
05558b2300000000
0823015500000000
2355362400000000
0c8b553600000000
0c18365500000000
05558b1800000000
0318552400000000
3855047f07137200
046c185500000000
05558b6c00000000
086c235500000000
2355364900000000
0c23553600000000
0c8b365500000000
0555238b00000000
038b552400000000
3855047f07137400
04188b5500000000
0555231800000000
08186c5500000000
2355364b00000000
0c6c553600000000
0c23365500000000
05556c2300000000
0323552400000000
3855047f07137600
048b235500000000
05556c8b00000000
088b185500000000
2355367f00000000
0c18553600000000
0c6c365500000000
0555186c00000000
036c552400000000
3855047f07137800
04236c5500000000
0555182300000000
08238b5500000000
2355366100000000
0c8b553600000000
0c18365500000000
05558b1800000000
0318552400000000
3855047f07137a00
046c185500000000
05558b6c00000000
086c235500000000
2355367b00000000
0c23553600000000
0c8b365500000000
0555238b00000000
038b552400000000
3855047f07137c00
04188b5500000000
0555231800000000
08186c5500000000
2355368500000000
0c6c553600000000
0c23365500000000
05556c2300000000
0323552400000000
3855047f07137e00
048b235500000000
05556c8b00000000
088b185500000000
2355367600000000
0c18553600000000
0c6c365500000000
0555186c00000000
036c552400000000
3855047f07138000
04236c5500000000
0555182300000000
08238b5500000000
2355366b00000000
0c8b553600000000
0c18365500000000
05558b1800000000
0318552400000000
3855047f07138200
046c185500000000
05558b6c00000000
086c235500000000
2355366a00000000
0c23553600000000
0c8b365500000000
0555238b00000000
038b552400000000
3855047f07138400
04188b5500000000
0555231800000000
08186c5500000000
2355367e00000000
0c6c553600000000
0c23365500000000
05556c2300000000
0323552400000000
3855047f07138600
0436235500000000
05556c3600000000
0836185500000000
0b55367b00000000
3836047f0713e800
0418553600000000
0936011800000000
3855047f0713b200
236c185500000000
3855047f0713b400
04236c5500000000
0855182300000000
3823047f0713b600
236c552300000000
3823047f0713b800
048b6c2300000000
0823558b00000000
388b047f0713ba00
2355238b00000000
388b047f0713bc00
046c558b00000000
088b236c00000000
386c047f0713be00
23238b6c00000000
386c047f0713c000
0455236c00000000
086c8b5500000000
09556c1800000000
046c353600000000
23186c0100000000
238b6c2400000000
0123188b00000000
238b6c4900000000
0118238b00000000
238b6c4b00000000
0123188b00000000
238b6c7f00000000
0118238b00000000
238b6c6100000000
0123188b00000000
238b6c7b00000000
0118238b00000000
238b6c8500000000
0123188b00000000
238b6c7600000000
0118238b00000000
238b6c6b00000000
0123188b00000000
238b6c6a00000000
0118238b00000000
238b6c7e00000000
016c188b00000000
018b6c0c00000000
106c358b00000000
028b6c2500000000
076c554900000000
2055000000007c80
08256c5500000000
0355255600000000
0425365500000000
0355562500000000
2125000000000000
3d25550f00000000
3d8b550f00000040
3a55040500007c80
3a8b040500007cc0
0425025700000000
2356254000000000
1336255600000000
2356364100000000
1325365600000000
2356254200000000
1336255600000000
2356365800000000
1325365600000000
2356255400000000
1336255600000000
1356365900000000
0236565b00000000
0656362d00000000
0425365d00000000
0a36250100000000
0825563600000000
0936255c00000000
09255c3600000000
0756252d00000000
0225025600000000
1756250000000000
04253b5700000000
2302254000000000
136c250200000000
23026c4100000000
13256c0200000000
2302254200000000
136c250200000000
23026c5800000000
13256c0200000000
2302255400000000
136c250200000000
13026c5900000000
026c025b00000000
06026c2d00000000
04256c5d00000000
0a6c250100000000
0825026c00000000
096c255c00000000
09255c6c00000000
0702252d00000000
02253b0200000000
1702250000000000
4300560100000000
4500360000000000
2325565e00000000
233b365e00000000
4300250100000001
45003b0000000001
233b566300000000
2325366300000000
43003b0100000002
4500250000000002
2325566400000000
2356366400000000
4300250100000003
4500560000000003
4300020100000004
45006c0000000004
206c000041200000
20020000c1200000
2b09550000000000
2a09090000010e00
2b0600000000002f
2c06060900000000
2807000000000800
4406070100051020
4200000000000000
3a56041f00000800
0e25560000000000
2356255200000000
1336560200000000
1456366c00000000
1436256c00000000
0325361e00000000
1464252200000000
1325642600000000
0264252800000000
013b642b00000000
01643b2a00000000
023b642c00000000
0163253b00000000
023b642e00000000
0125633b00000000
023b292500000000
01633b3100000000
023b632500000000
01633b3200000000
023b632500000000
01633b3300000000
023b632500000000
01633b3400000000
023b632500000000
01633b1c00000000
023b632500000000
01633b1c00000000
0d3b640000000000
07643b2d00000000
083b636400000000
01643b1c00000000
103b366400000000
02643b5600000000
233b8b0100000000
02563b6400000000
3956040f000024c0
2b09550000000001
2a09090000010e00
2b0600000000002f
2c06060900000000
2807000000000800
4406070100051020
4200000000000000
3a56041f00000800
0e3b560000000000
23563b5200000000
1364560200000000
1456646c00000000
14643b6c00000000
033b641e00000000
14363b2200000000
133b362600000000
02363b2800000000
0163362b00000000
0136632a00000000
0263362c00000000
01253b6300000000
0263362e00000000
013b256300000000
0263293b00000000
0125633100000000
0263253b00000000
0125633200000000
0263253b00000000
0125633300000000
0263253b00000000
0125633400000000
0263253b00000000
0125631c00000000
0263253b00000000
0125631c00000000
0d63360000000000
0736632d00000000
0863253600000000
0136631c00000000
1063643600000000
0236635600000000
23638b2400000000
0256633600000000
3956040f000025c0
2b09550000000002
2a09090000010e00
2b0600000000002f
2c06060900000000
2807000000000800
4406070100051020
4200000000000000
3a56041f00000800
0e63560000000000
2356635200000000
1336560200000000
1456366c00000000
1436636c00000000
0363361e00000000
1464632200000000
1363642600000000
0264632800000000
0125642b00000000
0164252a00000000
0225642c00000000
013b632500000000
0225642e00000000
01633b2500000000
0225296300000000
013b253100000000
02253b6300000000
013b253200000000
02253b6300000000
013b253300000000
02253b6300000000
013b253400000000
02253b6300000000
013b251c00000000
02253b6300000000
013b251c00000000
0d25640000000000
0764252d00000000
08253b6400000000
0164251c00000000
1025366400000000
0264255600000000
23258b4900000000
0256256400000000
3956040f000026c0
2b09550000000003
2a09090000010e00
2b0600000000002f
2c06060900000000
2807000000000800
4406070100051020
4200000000000000
3a56041f00000800
0e25560000000000
2356255200000000
1364560200000000
1456646c00000000
1464256c00000000
0325641e00000000
1436252200000000
1325362600000000
0236252800000000
013b362b00000000
01363b2a00000000
023b362c00000000
0163253b00000000
023b362e00000000
0125633b00000000
023b292500000000
01633b3100000000
023b632500000000
01633b3200000000
023b632500000000
01633b3300000000
023b632500000000
01633b3400000000
023b632500000000
01633b1c00000000
023b632500000000
01633b1c00000000
0d3b360000000000
07363b2d00000000
083b633600000000
01363b1c00000000
103b643600000000
02363b5600000000
233b8b4b00000000
02563b3600000000
3956040f000027c0
2b09550000000004
2a09090000010e00
2b0600000000002f
2c06060900000000
2807000000000800
4406070100051020
4200000000000000
3a56041f00000800
0e3b560000000000
23563b5200000000
1336560200000000
1456366c00000000
14363b6c00000000
033b361e00000000
14643b2200000000
133b642600000000
02643b2800000000
0163642b00000000
0164632a00000000
0263642c00000000
01253b6300000000
0263642e00000000
013b256300000000
0263293b00000000
0125633100000000
0263253b00000000
0125633200000000
0263253b00000000
0125633300000000
0263253b00000000
0125633400000000
0263253b00000000
0125631c00000000
0263253b00000000
0125631c00000000
0d63640000000000
0764632d00000000
0863256400000000
0164631c00000000
1063366400000000
0264635600000000
23638b7f00000000
0256636400000000
3956040f000028c0
2b09550000000005
2a09090000010e00
2b0600000000002f
2c06060900000000
2807000000000800
4406070100051020
4200000000000000
3a56041f00000800
0e63560000000000
2356635200000000
1364560200000000
1456646c00000000
1464636c00000000
0363641e00000000
1436632200000000
1363362600000000
0236632800000000
0125362b00000000
0136252a00000000
0225362c00000000
013b632500000000
0225362e00000000
01633b2500000000
0225296300000000
013b253100000000
02253b6300000000
013b253200000000
02253b6300000000
013b253300000000
02253b6300000000
013b253400000000
02253b6300000000
013b251c00000000
02253b6300000000
013b251c00000000
0d25360000000000
0736252d00000000
08253b3600000000
0136251c00000000
1025643600000000
0236255600000000
23258b6100000000
028b253600000000
398b040f000029c0
2b06000000000030
2807000000000800
4406070100050020
4200000000000000
3a8b041f00000800
0e258b0000000000
238b255200000000
13528b0200000000
148b526c00000000
1452256c00000000
0325521e00000000
141e252200000000
13251e2600000000
021e252800000000
01281e2b00000000
011e282a00000000
02281e2c00000000
012c252800000000
02281e2e00000000
012e2c2800000000
0228292e00000000
0129283100000000
0228292e00000000
0129283200000000
0228292e00000000
0129283300000000
0228292e00000000
0129283400000000
0228292e00000000
0129281c00000000
0228292e00000000
0129281c00000000
0d281e0000000000
071e282d00000000
0828291e00000000
011e281c00000000
1028521e00000000
021e288b00000000
391e040f00002ac0
3400000000000000
3300000000000000
3300000000000000
381e043f00002400
0e281e0000000000
041e285700000000
238b1e4000000000
13521e8b00000000
238b524100000000
131e528b00000000
238b1e4200000000
13521e8b00000000
238b525800000000
131e528b00000000
238b1e5400000000
13521e8b00000000
138b525900000000
02528b5b00000000
068b522d00000000
041e525d00000000
0a521e0100000000
081e8b5200000000
09521e5c00000000
091e5c5200000000
078b1e2d00000000
021e288b00000000
178b1e0000000000
43008b0100000000
4500520000000000
231e8b5e00000000
238b525e00000000
43001e0100000001
45008b0000000001
2b09550000000000
2a09090000010e00
2b0600000000002f
2c06060900000000
290606000000b400
2807000000000800
4406070100021028
4200000000000000
3a8b042700000800
0e1e8b0000000000
388b043f00002500
0e528b0000000000
048b525700000000
23288b4000000000
131c8b2800000000
23281c4100000000
138b1c2800000000
23288b4200000000
131c8b2800000000
23281c5800000000
138b1c2800000000
23288b5400000000
131c8b2800000000
13281c5900000000
021c285b00000000
06281c2d00000000
048b1c5d00000000
0a1c8b0100000000
088b281c00000000
091c8b5c00000000
098b5c1c00000000
07288b2d00000000
028b522800000000
17288b0000000000
4300280100000000
45001c0000000000
238b285e00000000
23281c5e00000000
43008b0100000001
4500280000000001
2b09550000000001
2a09090000010e00
2b0600000000002f
2c06060900000000
290606000000b400
2807000000000800
4406070100021028
4200000000000000
3a28042700000800
0e8b280000000000
01281e8b00000000
388b043f00002600
0e1e8b0000000000
048b1e5700000000
231c8b4000000000
13528b1c00000000
231c524100000000
138b521c00000000
231c8b4200000000
13528b1c00000000
231c525800000000
138b521c00000000
231c8b5400000000
13528b1c00000000
131c525900000000
02521c5b00000000
061c522d00000000
048b525d00000000
0a528b0100000000
088b1c5200000000
09528b5c00000000
098b5c5200000000
071c8b2d00000000
028b1e1c00000000
171c8b0000000000
43001c0100000000
4500520000000000
238b1c5e00000000
231c525e00000000
43008b0100000001
45001c0000000001
2b09550000000002
2a09090000010e00
2b0600000000002f
2c06060900000000
290606000000b400
2807000000000800
4406070100021028
4200000000000000
3a1c042700000800
0e8b1c0000000000
011c288b00000000
388b043f00002700
0e288b0000000000
048b285700000000
23528b4000000000
131e8b5200000000
23521e4100000000
138b1e5200000000
23528b4200000000
131e8b5200000000
23521e5800000000
138b1e5200000000
23528b5400000000
131e8b5200000000
13521e5900000000
021e525b00000000
06521e2d00000000
048b1e5d00000000
0a1e8b0100000000
088b521e00000000
091e8b5c00000000
098b5c1e00000000
07528b2d00000000
028b285200000000
17528b0000000000
4300520100000000
45001e0000000000
238b525e00000000
23521e5e00000000
43008b0100000001
4500520000000001
2b09550000000003
2a09090000010e00
2b0600000000002f
2c06060900000000
290606000000b400
2807000000000800
4406070100021028
4200000000000000
3a52042700000800
0e8b520000000000
01521c8b00000000
388b043f00002800
0e1c8b0000000000
048b1c5700000000
231e8b4000000000
13288b1e00000000
231e284100000000
138b281e00000000
231e8b4200000000
13288b1e00000000
231e285800000000
138b281e00000000
231e8b5400000000
13288b1e00000000
131e285900000000
02281e5b00000000
061e282d00000000
048b285d00000000
0a288b0100000000
088b1e2800000000
09288b5c00000000
098b5c2800000000
071e8b2d00000000
028b1c1e00000000
171e8b0000000000
43001e0100000000
4500280000000000
238b1e5e00000000
231e285e00000000
43008b0100000001
45001e0000000001
2b09550000000004
2a09090000010e00
2b0600000000002f
2c06060900000000
290606000000b400
2807000000000800
4406070100021028
4200000000000000
3a1e042700000800
0e8b1e0000000000
011e528b00000000
388b043f00002900
0e528b0000000000
048b525700000000
23288b4000000000
131c8b2800000000
23281c4100000000
138b1c2800000000
23288b4200000000
131c8b2800000000
23281c5800000000
138b1c2800000000
23288b5400000000
131c8b2800000000
13281c5900000000
021c285b00000000
06281c2d00000000
048b1c5d00000000
0a1c8b0100000000
088b281c00000000
091c8b5c00000000
098b5c1c00000000
07288b2d00000000
028b522800000000
17288b0000000000
4300280100000000
45001c0000000000
238b285e00000000
23281c5e00000000
43008b0100000001
4500280000000001
2b09550000000005
2a09090000010e00
2b0600000000002f
2c06060900000000
290606000000b400
2807000000000800
4406070100021028
4200000000000000
3a55042700000800
0e28550000000000
01551e2800000000
3828043f00002a00
0e1e280000000000
04281e5700000000
2357284000000000
1340285700000000
2357404100000000
1341405700000000
2357414200000000
1342415700000000
2357425800000000
1358425700000000
2357585400000000
1354585700000000
1357545900000000
0254575b00000000
0657542d00000000
045b545d00000000
0a545b0100000000
085b575400000000
09545b5c00000000
095b5c5400000000
075c5b2d00000000
025b1e5c00000000
175c5b0000000000
43005c0100000000
4500540000000000
235b5c5e00000000
235c545e00000000
43005b0100000001
45005c0000000001
2b06000000000030
290606000000b400
2807000000000800
4406070100020028
4200000000000000
3a00042700000800
0e5c000000000000
0100555c00000000
0e5c000000000000
395c042700002360
3400000000000000
3300000000000000
3300000000000000
385c047f00002180
3800041f00002380
23551b0100000000
0201558200000000
23551b7f00000000
025b557000000000
0155015b00000000
235b1b7600000000
02765b6800000000
015b557600000000
23761b6900000000
0269767c00000000
01765b6900000000
2369037f00000000
027f695c00000000
01697f7600000000
0e7f690000000000
237f1b2400000000
02247f8200000000
237f1b6100000000
02697f7000000000
017f246900000000
23691b6b00000000
026b696800000000
01697f6b00000000
236b1b7a00000000
027a6b7c00000000
016b697a00000000
237a036100000000
02617a5c00000000
017a616b00000000
0e617a0000000000
23611b4900000000
0249618200000000
23611b7b00000000
027a617000000000
0161497a00000000
237a1b6a00000000
026a7a6800000000
017a616a00000000
236a1b8a00000000
028a6a7c00000000
016a7a8a00000000
238a037b00000000
027b8a5c00000000
018a7b6a00000000
0e7b8a0000000000
237b1b4b00000000
024b7b8200000000
237b1b8500000000
02827b7000000000
017b4b8200000000
23821b7e00000000
027e826800000000
01827b7e00000000
237e1b1100000000
02117e7c00000000
017e821100000000
2311038500000000
0285115c00000000
0111857e00000000
0e85110000000000
2385734500000000
23111b6500000000
0265118500000000
2311734700000000
23471b7100000000
0285471100000000
0147658500000000
2385734400000000
23441b5a00000000
025a448500000000
0144475a00000000
235a734800000000
23731b6e00000000
021b735a00000000
0173441b00000000
231b037100000000
2303004500000000
02001b0300000000
0103007300000000
0e00030000000000
3200000000000000
0000000000000000
0000000000000000
0000000000000000
0000000000000000
0000000000000000
0000000000000000
0000000000000000
0000000000000000
0000000000000000
0000000000000000
0000000000000000
0000000000000000
0000000000000000
0000000000000000
0000000000000000
0000000000000000
0000000000000000
0000000000000000
0000000000000000
0000000000000000
0000000000000000
0000000000000000
0000000000000000
0000000000000000
0000000000000000
0000000000000000
0000000000000000
0000000000000000
0000000000000000
0000000000000000
0000000000000000
0000000000000000
0000000000000000
0000000000000000
0000000000000000
0000000000000000
0000000000000000
0000000000000000
0000000000000000
0000000000000000
0000000000000000
0000000000000000
0000000000000000
0000000000000000
0000000000000000
0000000000000000
0000000000000000
0000000000000000
0000000000000000
0000000000000000
0000000000000000
0000000000000000
0000000000000000
0000000000000000
0000000000000000
0000000000000000
0000000000000000
0000000000000000
0000000000000000
0000000000000000
0000000000000000
0000000000000000
0000000000000000
0000000000000000
0000000000000000
0000000000000000
0000000000000000
0000000000000000
0000000000000000
0000000000000000
0000000000000000
0000000000000000
0000000000000000
0000000000000000
0000000000000000
0000000000000000
0000000000000000
0000000000000000
0000000000000000
0000000000000000
0000000000000000
0000000000000000
0000000000000000
0000000000000000
0000000000000000
0000000000000000
0000000000000000
0000000000000000
0000000000000000
0000000000000000
0000000000000000
0000000000000000
0000000000000000
0000000000000000
0000000000000000
0000000000000000
0000000000000000
0000000000000000
0000000000000000
0000000000000000
0000000000000000
0000000000000000
0000000000000000
0000000000000000
0000000000000000
0000000000000000
0000000000000000
0000000000000000
0000000000000000
0000000000000000
0000000000000000
0000000000000000
0000000000000000
0000000000000000
0000000000000000
0000000000000000
0000000000000000
0000000000000000
0000000000000000
0000000000000000
0000000000000000
0000000000000000
0000000000000000
0000000000000000
0000000000000000
0000000000000000
0000000000000000
0000000000000000
0000000000000000
0000000000000000
0000000000000000
0000000000000000
0000000000000000
0000000000000000
0000000000000000
0000000000000000
0000000000000000
0000000000000000
0000000000000000
0000000000000000
0000000000000000
0000000000000000
0000000000000000
0000000000000000
0000000000000000
0000000000000000
0000000000000000
0000000000000000
0000000000000000
0000000000000000
0000000000000000
0000000000000000
0000000000000000
0000000000000000
0000000000000000
0000000000000000
0000000000000000
0000000000000000
0000000000000000
0000000000000000
0000000000000000
0000000000000000
0000000000000000
0000000000000000
0000000000000000
0000000000000000
0000000000000000
0000000000000000
0000000000000000
0000000000000000
0000000000000000
0000000000000000
0000000000000000
0000000000000000
0000000000000000
0000000000000000
0000000000000000
0000000000000000
0000000000000000
0000000000000000
0000000000000000
0000000000000000
0000000000000000
0000000000000000
0000000000000000
0000000000000000
0000000000000000
0000000000000000
0000000000000000
0000000000000000
0000000000000000
0000000000000000
0000000000000000
0000000000000000
0000000000000000
0000000000000000
0000000000000000
0000000000000000
0000000000000000
0000000000000000
0000000000000000
0000000000000000
0000000000000000
0000000000000000
0000000000000000
0000000000000000
0000000000000000
0000000000000000
0000000000000000
0000000000000000
0000000000000000
0000000000000000
0000000000000000
0000000000000000
0000000000000000
0000000000000000
0000000000000000
0000000000000000
0000000000000000
0000000000000000
0000000000000000
0000000000000000
0000000000000000
0000000000000000
0000000000000000
0000000000000000
0000000000000000
0000000000000000
0000000000000000
0000000000000000
0000000000000000
0000000000000000
0000000000000000
0000000000000000
0000000000000000
0000000000000000
0000000000000000
0000000000000000
0000000000000000
0000000000000000
0000000000000000
0000000000000000
0000000000000000
0000000000000000
0000000000000000
0000000000000000
0000000000000000
2804000000000000
3800047f00001000
3801047f00001200
3802047f00001400
3803047f00001600
3804047f00001800
3805040300001a00
2006000000000000
2307050600000000
0208070000000000
3800047f07128000
2309040000000000
0200070900000000
2009000000000001
2307050900000000
020a070100000000
3801047f07128200
230b040100000000
0201070b00000000
010b080a00000000
010a000100000000
2001000000000002
2300050100000000
0201000200000000
3802047f07128400
2308040200000000
0202000800000000
01080b0100000000
01010a0200000000
2002000000000003
230a050200000000
02020a0300000000
3803047f07128600
2305040300000000
02030a0500000000
0105080200000000
0102010300000000
0e03050000000000
0e05020000000000
3802047f07133a00
0401050200000000
0202030300000000
3b02047f00003800
0202010100000000
3b02041f00003a00
3802047f07133c00
3c05020000003800
3802047f07133e00
3c08020000003804
0102050800000000
3808047f07134000
3c05080000003808
0108020500000000
3805047f07134200
3c0205000000380c
0105080200000000
3802047f07134400
3c08020000003810
0102050800000000
3808047f07134600
3c05080000003814
0108020500000000
3805047f07134800
3c02050000003818
0105080200000000
3802047f07134a00
3c0802000000381c
0102050800000000
3808047f0712fc00
2305020800000000
010a020500000000
3805047f0712fe00
23020a0500000000
01040a0200000000
3802047f07130000
230a040200000000
010b040a00000000
380a047f07130400
23040b0a00000000
01000b0400000000
3804047f07134c00
230b000400000000
0107000b00000000
380b047f0712b800
2300070b00000000
200b000043200000
1007000b00000000
200b00001e3ce508
0100070b00000000
200b0000bf000000
0207000b00000000
200b00005f3759df
060c000900000000
09000b0c00000000
200c00003fc00000
020b000000000000
020d070b00000000
010b0c0d00000000
020d000b00000000
020b0d0d00000000
0200070b00000000
010b0c0000000000
02000d0b00000000
020b000000000000
020d070b00000000
010b0c0d00000000
020d000b00000000
230b0d0600000000
380d047f06fe9f80
3800041f06fea180
020c030b00000000
02030d0c00000000
0e0c030000000000
0203010b00000000
020b000300000000
0e030b0000000000
0e0b0c0000000000
3b0b047f00000100
0e0b030000000000
3b0b047f00000300
380b047f07136800
3c030b0000000100
4000030000000000
3c030b0000000104
4000030000000001
3c030b0000000108
4000030000000002
3c030b000000010c
4000030000000003
3c030b0000000110
4000030000000004
3c030b0000000114
4000030000000005
3c030b0000000118
4000030000000006
3c030b000000011c
4000030000000007
3c030b0000000300
4000030000000008
3c030b0000000304
4000030000000009
3c030b0000000308
400003000000000a
3c030b000000030c
400003000000000b
3c030b0000000310
400003000000000c
3c030b0000000314
400003000000000d
3c030b0000000318
400003000000000e
3c030b000000031c
400003000000000f
2806000006f6bb80
2807000000000800
41060702000803f2
4200000000000000
2103000000000000
3a0b047f00000800
3a0c047f00000a00
0c000c0b00000000
0901060000000000
03000c0b00000000
040c010000000000
03000b0c00000000
200c000000000080
080b030c00000000
030c0b0300000000
040b010c00000000
030c030b00000000
3a0b047f00000c00
0c010b0000000000
090d060100000000
03010b0000000000
040b0d0100000000
0301000b00000000
200b000000000100
0800030b00000000
030b000c00000000
04000d0b00000000
030b0c0000000000
3a00047f00000e00
0c0c000100000000
090d060c00000000
030c000100000000
04000d0c00000000
030c010000000000
2000000000000180
0801030000000000
0300010b00000000
04010d0000000000
03000b0100000000
3a01047f00001000
0c0b010c00000000
090d060b00000000
030b010c00000000
04010d0b00000000
030b0c0100000000
2001000000000200
080c030100000000
03010c0000000000
040c0d0100000000
0301000c00000000
3a0c047f00001200
0c000c0b00000000
090d060000000000
03000c0b00000000
040c0d0000000000
03000b0c00000000
200c000000000280
080b030c00000000
030c0b0100000000
040b0d0c00000000
030c010b00000000
3a0b047f00001400
0c010b0000000000
090d060100000000
03010b0000000000
040b0d0100000000
0301000b00000000
200b000000000300
0800030b00000000
030b000c00000000
04000d0b00000000
030b0c0000000000
3a00047f00001600
380c047f07140000
200d0000ff61b1e6
0307000d00000000
04000c0700000000
03070d0000000000
0c00070100000000
090d060000000000
0300070100000000
04070d0000000000
0300010700000000
2007000000000380
0801030700000000
0307010b00000000
04010d0700000000
03070b0100000000
3801047f07135000
230b000100000000
230d070100000000
0c010b0000000000
0c03000b00000000
050c010300000000
03030c0900000000
0b0c0d0700000000
040e030c00000000
050c010e00000000
090e060c00000000
030c0b0000000000
040b0e0c00000000
030c000b00000000
030b0d0700000000
040d0e0b00000000
030b070d00000000
380d047f07134e00
23070c0d00000000
230e0b0d00000000
0c0d070c00000000
0c000c0700000000
05010d0000000000
0300010900000000
0b010e0b00000000
0403000100000000
05010d0300000000
0903060100000000
0301070c00000000
0407030100000000
03010c0700000000
03070e0b00000000
040e030700000000
03070b0e00000000
230e010400000000
230b070400000000
0c040e0100000000
0c03010e00000000
050c040300000000
03030c0900000000
0b0c0b0700000000
040d030c00000000
050c040d00000000
090d060c00000000
030c0e0100000000
040e0d0c00000000
030c010e00000000
030e0b0700000000
040b0d0e00000000
030e070b00000000
230b0c0a00000000
23070e0a00000000
0c0a0b0c00000000
0c0d0c0b00000000
05010a0d00000000
030d010900000000
0b01070e00000000
04040d0100000000
05010a0400000000
0904060100000000
03010b0c00000000
040b040100000000
03010c0b00000000
030b070e00000000
0407040b00000000
030b0e0700000000
2307010200000000
230e0b0200000000
0c02070100000000
0c04010700000000
050c020400000000
03040c0900000000
0b0c0e0b00000000
040a040c00000000
050c020a00000000
090a060c00000000
030c070100000000
04070a0c00000000
030c010700000000
03070e0b00000000
040e0a0700000000
03070b0e00000000
230e0c0500000000
230b070500000000
0c050e0c00000000
0c0a0c0e00000000
0501050a00000000
030a010900000000
0b010b0700000000
04020a0100000000
0501050200000000
0902060100000000
03010e0c00000000
040e020100000000
03010c0e00000000
030e0b0700000000
040b020e00000000
030e070b00000000
230b010800000000
23070e0800000000
0c080b0100000000
0c02010b00000000
050c080200000000
03020c0900000000
0b0c070e00000000
0409020c00000000
050c080900000000
0909060c00000000
030c0b0100000000
040b090c00000000
030c010b00000000
030b070e00000000
0407090b00000000
030b0e0700000000
2007000000000bd6
080e0b0700000000
3807047f07128800
030b0c0e00000000
040c070b00000000
030b0e0c00000000
390b040100004608
3400000000000000
3300000000000000
3200000000000000
0000000000000000
0000000000000000
0000000000000000
0000000000000000
0000000000000000
0000000000000000
0000000000000000
0000000000000000
0000000000000000
0000000000000000
0000000000000000
0000000000000000
0000000000000000
0000000000000000
0000000000000000
0000000000000000
0000000000000000
0000000000000000
0000000000000000
0000000000000000
2804000000000000
3800047f00029d00
2a05000000001280
3801057f06feaca4
3802057f06feaea4
3803057f06feb0a4
3804055f06feb2a4
200500007fffffff
0406010500000000
3807047f07128c00
2308060700000000
1309060800000000
3808047f07128e00
2306090800000000
130a090600000000
3806047f07129000
23090a0600000000
130b0a0900000000
3809047f07129200
230a0b0900000000
130c0b0a00000000
380a047f07129400
230b0c0a00000000
130d0c0b00000000
200b000038d1b717
130c0d0b00000000
200d00003b124925
020e0c0d00000000
200c000000000017
060f0e0c00000000
20100000007fffff
04110e1000000000
200e000000000000
0a12110e00000000
08110f1200000000
201200000000007f
090f111200000000
0911120f00000000
0713110c00000000
0211011300000000
1713110000000000
0411020500000000
2301110700000000
1314110100000000
2301140800000000
1311140100000000
2301110600000000
1314110100000000
2301140900000000
1311140100000000
2301110a00000000
1314110100000000
1301140b00000000
0214010d00000000
0601140c00000000
0411141000000000
0a14110e00000000
0811011400000000
0914111200000000
0911121400000000
0701110c00000000
0211020100000000
1701110000000000
0411030500000000
2302110700000000
1315110200000000
2302150800000000
1311150200000000
2302110600000000
1315110200000000
2302150900000000
1311150200000000
2302110a00000000
1315110200000000
1302150b00000000
0215020d00000000
0602150c00000000
0411151000000000
0a15110e00000000
0811021500000000
0915111200000000
0911121500000000
0702110c00000000
0211030200000000
1702110000000000
0411040500000000
2303110700000000
1316110300000000
2303160800000000
1311160300000000
2303110600000000
1316110300000000
2303160900000000
1311160300000000
2303110a00000000
1316110300000000
1303160b00000000
0216030d00000000
0603160c00000000
0411161000000000
0a16110e00000000
0811031600000000
0916111200000000
0911121600000000
0703110c00000000
0211040300000000
1703110000000000
3b13047f00001800
3b0f047f00002400
3b01047f00001a00
3b14047f00002600
3b02047f00001c00
3b15047f00002800
3b03047f00001e00
3b16047f00002a00
3816047f07140200
3c03160000001800
4300030e00000000
3803047f07140400
3c16030000002400
4500160000000000
3816047f07140600
3c03160000001880
4300030e00000001
3803047f07140800
3c16030000002480
4500160000000001
3816047f07140a00
3c03160000001900
4300030e00000002
3803047f07140c00
3c16030000002500
4500160000000002
3816047f07140e00
3c03160000001980
4300030e00000003
3803047f07141000
3c16030000002580
4500160000000003
3816047f07141200
3c03160000001a00
4300030e00000004
3803047f07141400
3c16030000002600
4500160000000004
3816047f07141600
3c03160000001a80
4300030e00000005
3803047f07141800
3c16030000002680
4500160000000005
3816047f07141a00
3c03160000001b00
4300030e00000006
3803047f07141c00
3c16030000002700
4500160000000006
3816047f07141e00
3c03160000001b80
4300030e00000007
3803047f07142000
3c16030000002780
4500160000000007
2b06000000000033
2807000000000800
4406070100080028
4200000000000000
3a16042700000800
0e03160000000000
390304270701ac60
3400000000000000
3300000000000000
3300000000000000
3803047f0701aa80
3816041f0701ac80
0215030300000000
3b15047f00003800
0215161600000000
3b15041f00003a00
3815047f07133c00
3c02150000003800
3815047f07133e00
3c14150000003804
0115021400000000
3814047f07134000
3c02140000003808
0114150200000000
3802047f07134200
3c1502000000380c
0102141500000000
3815047f07134400
3c14150000003810
0115021400000000
3814047f07134600
3c02140000003814
0114150200000000
3802047f07134800
3c15020000003818
0102141500000000
3815047f07134a00
3c1415000000381c
0115021400000000
3814047f0712fc00
2302151400000000
0101150200000000
3802047f0712fe00
2315010200000000
010f011500000000
3815047f07130000
23010f1500000000
01130f0100000000
3801047f07130400
230f130100000000
0111130f00000000
380f047f07134c00
2313110f00000000
0104111300000000
3813047f0712b800
2311041300000000
2013000043200000
1004111300000000
201300001e3ce508
0111041300000000
20040000bf000000
0217110400000000
201800005f3759df
2019000000000001
061a111900000000
0911181a00000000
201a00003fc00000
021b111100000000
021c171b00000000
011b1a1c00000000
021c111b00000000
021b1c1c00000000
0211171b00000000
011b1a1100000000
02111c1b00000000
021b111100000000
021c171b00000000
011b1a1c00000000
021c111b00000000
231b1c0e00000000
381c047f07047d00
3811041f07047f00
0217031b00000000
02031c1700000000
0e17030000000000
0203161b00000000
021b110300000000
0e031b0000000000
041b170500000000
23111b0700000000
13161b1100000000
2311160800000000
131b161100000000
23111b0600000000
13161b1100000000
2311160900000000
131b161100000000
23111b0a00000000
13161b1100000000
1311160b00000000
0216110d00000000
0611160c00000000
041b161000000000
0a161b0e00000000
081b111600000000
09161b1200000000
091b121600000000
07111b0c00000000
021b171100000000
17111b0000000000
041b030500000000
23171b0700000000
131c1b1700000000
23171c0800000000
131b1c1700000000
23171b0600000000
131c1b1700000000
23171c0900000000
131b1c1700000000
23171b0a00000000
131c1b1700000000
13171c0b00000000
021c170d00000000
06171c0c00000000
041b1c1000000000
0a1c1b0e00000000
081b171c00000000
091c1b1200000000
091b121c00000000
07171b0c00000000
021b031700000000
17171b0000000000
4300110e00000000
4500160000000000
381b047f07134e00
2303111b00000000
231d161b00000000
4300030e00000001
45001d0000000001
381d047f07135000
2303111d00000000
231b161d00000000
4300030e00000002
45001b0000000002
381b047f07135200
2303111b00000000
2311161b00000000
4300030e00000003
4500110000000003
4300170e00000004
45001c0000000004
2b06000000000032
2807000000000800
4406070100050060
4200000000000000
3a00045f00000800
0e1c000000000000
3800045f07069e00
02171c1c00000000
2311171400000000
0114171100000000
2311170200000000
0102141100000000
3811047f07135400
2314171100000000
0111021400000000
2314171500000000
0115111400000000
3814047f07135600
2311171400000000
0114151100000000
3811047f07135800
2315171100000000
0111141500000000
3815047f07135a00
2314171500000000
0115111400000000
2314150100000000
0101151400000000
2314010f00000000
010f011400000000
3814047f07135c00
23010f1400000000
2014000042000000
100f011400000000
01140f1300000000
020f140400000000
0604141900000000
0914180400000000
0204141400000000
02180f0400000000
01041a1800000000
0218140400000000
0204181800000000
02140f0400000000
01041a1400000000
0214180400000000
0204141400000000
02180f0400000000
01041a1800000000
0218140400000000
02041c1800000000
0218000400000000
0e04180000000000
2a08010000000010
3818080300169880
3800047f07135e00
231c180000000000
3800047f07136000
2314180000000000
3800047f07136200
0318140000000000
0200041c00000000
231c040700000000
02141c1800000000
011c001400000000
0e141c0000000000
381c047f07142200
0300140400000000
04141c0000000000
0300041400000000
0414000500000000
2305140700000000
1307140500000000
2305070800000000
1308070500000000
2305080600000000
1306080500000000
2305060900000000
1309060500000000
2305090a00000000
130a090500000000
13050a0b00000000
020a050d00000000
06050a0c00000000
040d0a1000000000
0a0a0d0e00000000
080d050a00000000
090a0d1200000000
090d120a00000000
07050d0c00000000
020d000500000000
0f050d0000000000
080d0a1200000000
070a0d0c00000000
020d050a00000000
0e0a0d0000000000
3200000000000000
0000000000000000
0000000000000000
0000000000000000
0000000000000000
0000000000000000
0000000000000000
0000000000000000
0000000000000000
0000000000000000
0000000000000000
0000000000000000
0000000000000000
0000000000000000
0000000000000000
0000000000000000
0000000000000000
0000000000000000
0000000000000000
2804000000000000
3200000000000000
0000000000000000
0000000000000000
0000000000000000
0000000000000000
0000000000000000
0000000000000000
0000000000000000
0000000000000000
0000000000000000
0000000000000000
0000000000000000
0000000000000000
0000000000000000
0000000000000000
0000000000000000
0000000000000000
0000000000000000
0000000000000000
2804000000000000
3800040000001a80
2b05000000000000
2a05050000000200
3800057f00024700
2001000000000000
3b01043f00000000
3802047f00001000
3803047f00001200
3804047f00001400
3805047f00001600
3806047f00001800
3807040300001a00
3b02047f00001800
3b03047f00001a80
3b04047f00001d00
3b05047f00001f80
3808047f07130800
3d06087f00000000
3808047f07130a00
3c09080000001800
3808047f07130c00
3c0a080000001804
3808047f07130e00
3c0b080000001808
3808047f07131000
3c0c08000000180c
3808047f07131200
3c0d080000001810
3808047f07131400
3c0e080000001814
3808047f07131600
3c0f080000001818
3808047f07131800
3c1008000000181c
2b0600000000001f
3808064f00000000
0211080900000000
3808064f00000140
0212080a00000000
0108111200000000
3812064f00000280
0211120b00000000
0112081100000000
3811064f000003c0
0208110c00000000
0111120800000000
3808064f00000500
0212080d00000000
0108111200000000
3812064f00000640
0211120e00000000
0112081100000000
3811064f00000780
0208110f00000000
0111120800000000
3808064f000008c0
0212081000000000
0108111200000000
3b08047f00002200
3808064f00000a00
0212080900000000
3808064f00000b40
0211080a00000000
0108121100000000
3811064f00000c80
0212110b00000000
0111081200000000
3812064f00000dc0
0208120c00000000
0112110800000000
3808064f00000f00
0211080d00000000
0108121100000000
3811064f00001040
0212110e00000000
0111081200000000
3812064f00001180
0208120f00000000
0112110800000000
3808064f000012c0
0211081000000000
0108121100000000
3b08047f00002400
3808064f00001400
0211080900000000
3808064f00001540
0212080a00000000
0108111200000000
3812064f00001680
0211120b00000000
0112081100000000
3811064f000017c0
0208110c00000000
0111120800000000
3808064f00001900
0212080d00000000
0108111200000000
3812064f00001a40
0211120e00000000
0112081100000000
3811064f00001b80
0208110f00000000
0111120800000000
3808064f00001cc0
0212081000000000
0108111200000000
3b08047f00002600
3808064f00001e00
0212080900000000
3808064f00001f40
0211080a00000000
0108121100000000
3811064f00002080
0212110b00000000
0111081200000000
3812064f000021c0
0208120c00000000
0112110800000000
3808064f00002300
0211080d00000000
0108121100000000
3811064f00002440
0212110e00000000
0111081200000000
3812064f00002580
0208120f00000000
0112110800000000
3808064f000026c0
0211081000000000
0108121100000000
3b08047f00002800
3808064f00002800
0211080900000000
3808064f00002940
0212080a00000000
0108111200000000
3812064f00002a80
0211120b00000000
0112081100000000
3811064f00002bc0
0208110c00000000
0111120800000000
3808064f00002d00
0212080d00000000
0108111200000000
3812064f00002e40
0211120e00000000
0112081100000000
3811064f00002f80
0208110f00000000
0111120800000000
3808064f000030c0
0212081000000000
0108111200000000
3b08047f00002a00
0208090900000000
02090a0a00000000
010a080900000000
02090b0b00000000
010b0a0900000000
02090c0c00000000
010c0b0900000000
02090d0d00000000
010d0c0900000000
02090e0e00000000
010e0d0900000000
02090f0f00000000
010f0e0900000000
0209101000000000
01100f0900000000
3b10047f00002c00
3810047f0712f000
3c09100000002200
3c0f100000002204
010e090f00000000
3b0e047f00003000
3c0e100000002600
3c0f100000002604
01090e0f00000000
3b09047f00003200
3c09100000002a00
3c0f100000002a04
010e090f00000000
3b0e047f00003400
3c0e100000003000
3c0f100000003004
01100e0f00000000
3b10047f00002200
3810047f0713ec00
3c0f100000003400
3810047f0713ee00
3c0e100000003404
01100f0e00000000
3b10043f00002400
3810047f0713f000
3c0e100000002200
3810047f0713f200
3c0f100000002204
01100e0f00000000
3b10045f00003000
3810047f0713f400
3c0f100000003000
3810047f0712fc00
230e0f1000000000
01090f0e00000000
380e047f0712fe00
230f090e00000000
010d090f00000000
380f047f07130000
23090d0f00000000
010c0d0900000000
3809047f07130400
230d0c0900000000
010b0c0d00000000
380d047f0713f600
230c0b0d00000000
390c040500001d4c
3400000000000000
3300000000000000
3300000000000000
380c041900001d00
200d000000000018
230b0c0d00000000
200d000044200000
100a0b0d00000000
200d00001e3ce508
010b0a0d00000000
200a0000bf000000
02080b0a00000000
201200005f3759df
2011000000000001
06130b1100000000
090b121300000000
201300003fc00000
02140b0b00000000
0215081400000000
0114131500000000
02150b1400000000
0214151500000000
020b081400000000
0114130b00000000
020b151400000000
02140b0b00000000
0215081400000000
0114131500000000
02150b1400000000
02140c1500000000
2b06000000000006
3815061700000000
2b06000000000006
380c061700000200
020b141500000000
01150b0c00000000
200b00003f800000
200c000080000000
0314150c00000000
2008000042b00000
1416140800000000
20140000c2ae0000
1317161400000000
201600003fb8aa3b
0218171600000000
201900004b400000
011a181900000000
20180000cb400000
011b1a1800000000
201a0000bf317200
021c1b1a00000000
011d171c00000000
201c0000b5bfbe8e
02171b1c00000000
011e1d1700000000
201700003ab60b61
021d171e00000000
201f00003c088889
01201d1f00000000
021d201e00000000
202000003d2aaaab
01211d2000000000
021d211e00000000
202100003e2aaaab
01221d2100000000
021d221e00000000
202200003f000000
01231d2200000000
021d231e00000000
01231d0b00000000
021d231e00000000
01231d0b00000000
0d1d1b0000000000
201b000000000017
071e1d1b00000000
081d231e00000000
011e1d0b00000000
101d0b1e00000000
201e0000358637bd
01231d1e00000000
2023000040000000
02241d2300000000
3824047f0712b600
2323150900000000
0315230b00000000
0423241500000000
03150b2300000000
3823047f07132a00
3824047f07132c00
381d047f07132e00
3825047f07133000
3826047f07133200
3827047f07133400
3828047f07133600
3829047f07133800
382a047f07128c00
232b152a00000000
132c152b00000000
382b047f07128e00
232d2c2b00000000
132e2c2d00000000
032d2e0c00000000
012e152d00000000
142d2e0800000000
132e2d1400000000
022d2e1600000000
01162d1900000000
012d161800000000
02162d1a00000000
011a2e1600000000
02162d1c00000000
011c1a1600000000
0216171c00000000
0117161f00000000
0216171c00000000
0117162000000000
0216171c00000000
0117162100000000
0216171c00000000
0117162200000000
0216171c00000000
0117160b00000000
0216171c00000000
0117160b00000000
0d162d0000000000
072d161b00000000
0816172d00000000
232d162300000000
2317162400000000
010b2d1700000000
2317161d00000000
012d0b1700000000
2317162500000000
010b2d1700000000
1017160b00000000
010b171e00000000
23170b2600000000
23160b2700000000
012d171600000000
23160b2800000000
01172d1600000000
23160b2900000000
012d171600000000
01162d1e00000000
102d0b1600000000
05162d2d00000000
280e000000000013
232d162300000000
230b162400000000
01172d0b00000000
230b161d00000000
012d170b00000000
230b162500000000
01172d0b00000000
010b171e00000000
1017160b00000000
230b172600000000
232d172700000000
011c0b2d00000000
232d172800000000
010b1c2d00000000
232d172900000000
011c0b2d00000000
012d1c1e00000000
1016172d00000000
290e0e00ffffffff
31000e0000001daa
2316070100000000
0229160200000000
3802047f07128000
2328060200000000
0202162800000000
2328071100000000
0216280300000000
3803047f07128200
2327060300000000
0203282700000000
0127291600000000
0116020300000000
2003000000000002
2302070300000000
0203020400000000
3804047f07128400
2329060400000000
0204022900000000
0129270300000000
0103160400000000
2004000000000003
2316070400000000
0204160500000000
3805047f07128600
2307060500000000
0205160700000000
0107290400000000
0104030500000000
0e05070000000000
0e07040000000000
3804047f07133a00
0403070400000000
0207050500000000
3b07047f00003800
0207030300000000
3b07041f00003a00
3807047f07133c00
3c29070000003800
3807047f07133e00
3c16070000003804
0107291600000000
3816047f07134000
3c29160000003808
0116072900000000
3829047f07134200
3c0729000000380c
0129160700000000
3807047f07134400
3c16070000003810
0107291600000000
3816047f07134600
3c29160000003814
0116072900000000
3829047f07134800
3c07290000003818
0129160700000000
3807047f07134a00
3c1607000000381c
0107291600000000
2316071000000000
0129071600000000
2316290e00000000
0107291600000000
2316070f00000000
0129071600000000
2316290900000000
0107291600000000
3816047f07134c00
2329071600000000
0106072900000000
3829047f0712b800
2307062900000000
2029000043200000
1006072900000000
0129060d00000000
0206290a00000000
0607291100000000
0929120700000000
0207292900000000
0227060700000000
0107132700000000
0227290700000000
0207272700000000
0229060700000000
0107132900000000
0229270700000000
0207292900000000
0227060700000000
0107132700000000
0227290700000000
2307270100000000
2b06000000000007
3827067f00000000
2b06000000000007
3829061f00000200
0206050700000000
0205270600000000
0e06050000000000
0205030700000000
0207290500000000
0e05070000000000
200700007fffffff
0429060700000000
2303292a00000000
1327290300000000
2303272b00000000
1329270300000000
3803047f07129000
2327290300000000
1302292700000000
3827047f07129200
2329022700000000
1328022900000000
3829047f07129400
2302282900000000
1326280200000000
2002000038d1b717
1328260200000000
202600003b124925
0225282600000000
0628251b00000000
201d0000007fffff
0424251d00000000
0a25240100000000
0824282500000000
202500000000007f
0928242500000000
0924252800000000
0723241b00000000
0224062300000000
1723240000000000
0424050700000000
2306242a00000000
131e240600000000
23061e2b00000000
13241e0600000000
2306240300000000
131e240600000000
23061e2700000000
13241e0600000000
2306242900000000
131e240600000000
13061e0200000000
021e062600000000
06061e1b00000000
04241e1d00000000
0a1e240100000000
0824061e00000000
091e242500000000
0924251e00000000
0706241b00000000
0224050600000000
1706240000000000
4300230100000000
4500280000000000
3824047f07134e00
2305232400000000
232d282400000000
4300050100000001
45002d0000000001
382d047f07135000
2305232d00000000
2317282d00000000
4300050100000002
4500170000000002
3817047f07135200
2305231700000000
2323281700000000
4300050100000003
4500230000000003
4300060100000004
45001e0000000004
2b06000000000008
2807000000000800
4406070100050040
4200000000000000
3a1e043f00000800
0e061e0000000000
2b06000000000009
381e063f00000000
0223060600000000
2305231000000000
0110230500000000
2305230e00000000
010e100500000000
3805047f07135400
2310230500000000
01050e1000000000
2310230f00000000
010f051000000000
3810047f07135600
2305231000000000
01100f0500000000
3805047f07135800
230f230500000000
0105100f00000000
380f047f07135a00
2310230f00000000
010f051000000000
23100f0900000000
01090f1000000000
2310091600000000
0116091000000000
3810047f07135c00
2309161000000000
2010000042000000
1016091000000000
0110160d00000000
0216100a00000000
060a101100000000
0910120a00000000
020a101000000000
0212160a00000000
010a131200000000
0212100a00000000
020a121200000000
0210160a00000000
010a131000000000
0210120a00000000
020a101000000000
0212160a00000000
010a131200000000
0212100a00000000
020a061200000000
02121e0a00000000
0e0a120000000000
2a08010000000010
2b0600000000000a
2c08080600000000
3812080300000000
381e047f07135e00
2306121e00000000
3810047f07136000
2313121000000000
3816047f07136200
0311131600000000
02130a0600000000
23060a2a00000000
020d061100000000
0106130d00000000
0e0d060000000000
3806047f07136400
03130d0a00000000
040d061300000000
03130a0d00000000
040d130700000000
23060d2a00000000
13110d0600000000
2306112b00000000
130d110600000000
23060d0300000000
13110d0600000000
2306112700000000
130d110600000000
23060d2900000000
13110d0600000000
1306110200000000
0211062600000000
0606111b00000000
040d111d00000000
0a110d0100000000
080d061100000000
09110d2500000000
090d251100000000
07060d1b00000000
020d130600000000
0f060d0000000000
080d112500000000
07110d1b00000000
020d061100000000
0e110d0000000000
230d112400000000
040d0a0400000000
040a0d0700000000
23070a2a00000000
13040a0700000000
2307042b00000000
132b040700000000
23072b0300000000
13032b0700000000
2307032700000000
1327030700000000
2307272900000000
1329270700000000
1307290200000000
0229072600000000
0607291b00000000
0426291d00000000
0a29260100000000
0826072900000000
0929262500000000
0926252900000000
0725261b00000000
02260d2500000000
1725260000000000
4300250100000000
4500290000000000
2b06000000000020
2807000000000800
4406070100010200
4200000000000000
3a00047f00000800
0e29000000000000
2300121e00000000
2325121000000000
0301251600000000
0225290000000000
2300292a00000000
0226000100000000
0100252600000000
0e26000000000000
3800047f07136600
0325262900000000
0426002500000000
0325292600000000
3b25047f00003c00
3a26047f00000a00
0e29260000000000
2326121e00000000
2301121000000000
030d011600000000
0201292600000000
2326292a00000000
021b260d00000000
0126011b00000000
0e1b260000000000
03261b2900000000
041b002600000000
0326291b00000000
3b26047f00003e00
3a1b047f00000c00
0e291b0000000000
231b121e00000000
2301121000000000
030d011600000000
0201291b00000000
231b292a00000000
02071b0d00000000
011b010700000000
0e071b0000000000
031b072900000000
0407001b00000000
031b290700000000
3b1b047f00004000
3a07047f00000e00
0e29070000000000
2307121e00000000
231e121000000000
03101e1600000000
021e290700000000
2307292a00000000
022a071000000000
01071e2a00000000
0e2a070000000000
03072a2900000000
042a000700000000
0307292a00000000
3b07047f00004200
2a08000000002000
3925087f06ffc880
3926087f06ffca80
391b087f06ffcc80
3907087f06ffce80
3400000000000000
3200000000000000
0000000000000000
0000000000000000
0000000000000000
0000000000000000
0000000000000000
0000000000000000
0000000000000000
0000000000000000
0000000000000000
0000000000000000
0000000000000000
0000000000000000
0000000000000000
0000000000000000
0000000000000000
0000000000000000
0000000000000000
0000000000000000
0000000000000000
0000000000000000
0000000000000000
0000000000000000
0000000000000000
0000000000000000
0000000000000000
0000000000000000
0000000000000000
0000000000000000
0000000000000000
0000000000000000
0000000000000000
0000000000000000
0000000000000000
0000000000000000
0000000000000000
0000000000000000
0000000000000000
0000000000000000
0000000000000000
0000000000000000
0000000000000000
0000000000000000
0000000000000000
0000000000000000
0000000000000000
0000000000000000
0000000000000000
0000000000000000
0000000000000000
0000000000000000
2804000000000000
3800040000001a80
2b05000000000000
2a05050000000200
3800057f00024700
2001000000000000
3b01043f00000000
3802047f00001000
3803047f00001200
3804047f00001400
3805047f00001600
3806047f00001800
2a09000000000600
3807097f07005080
3808097f07005280
3809097f07005480
2a08000000002000
380a087f06ffc880
3b0a047f00003c00
380a087f06ffca80
3b0a047f00003e00
380a087f06ffcc80
3b0a047f00004000
380a087f06ffce80
3b0a047f00004200
2a08010000000010
2b0600000000000a
2c08080600000000
380a080300000000
2b06000000000035
380b167f00000000
3b0b047f00001800
380b167f00000100
3b0b047f00001a00
380b167f00000200
3b0b047f00001c00
380b167f00000300
3b0b047f00001e00
380b167f00000400
3b0b047f00002000
380b167f00000500
3b0b047f00002200
380b167f00000600
3b0b047f00002400
380b167f00000700
3b0b047f00002600
3b01047f00002800
3b01047f00002a00
3b01047f00002c00
3b01047f00002e00
3b01047f00003000
3b01047f00003200
3b01047f00003400
3b01047f00003600
2b06000000000034
380b167f00000000
380c161f00000100
2a0a0000ffffff80
2a0b010000000080
2c0a0a0b00000000
3b0b0a7f00001800
3b0c0a1f00001a00
220c010000000000
220b000000000000
090d0c0b00000000
200b000000000005
080c0d0b00000000
380d047f0713d400
3c0e0d0000001800
380f047f0713d600
3c100f0000003c00
0211100e00000000
3c100f0000003d00
0212100e00000000
3c100f0000003e00
0213100e00000000
3c100f0000003f00
0214100e00000000
3c100f0000004000
0215100e00000000
3c100f0000004100
0216100e00000000
3c100f0000004200
0217100e00000000
3c100f0000004300
0218100e00000000
3c100d0000001804
3c0e0f0000003c04
02190e1000000000
010e111900000000
3c190f0000003d04
0211191000000000
0119121100000000
3c110f0000003e04
0212111000000000
0111131200000000
3c120f0000003f04
0213121000000000
0112141300000000
3c130f0000004004
0214131000000000
0113151400000000
3c140f0000004104
0215141000000000
0114161500000000
3c150f0000004204
0216151000000000
0115171600000000
3c160f0000004304
0217161000000000
0116181700000000
3c170d0000001808
3c180f0000003c08
0210181700000000
01180e1000000000
3c100f0000003d08
020e101700000000
0110190e00000000
3c0e0f0000003e08
02190e1700000000
010e111900000000
3c190f0000003f08
0211191700000000
0119121100000000
3c110f0000004008
0212111700000000
0111131200000000
3c120f0000004108
0213121700000000
0112141300000000
3c130f0000004208
0214131700000000
0113151400000000
3c140f0000004308
0215141700000000
0114161500000000
3c150d000000180c
3c160f0000003c0c
0217161500000000
0116181700000000
3c170f0000003d0c
0218171500000000
0117101800000000
3c180f0000003e0c
0210181500000000
01180e1000000000
3c100f0000003f0c
020e101500000000
0110190e00000000
3c0e0f000000400c
02190e1500000000
010e111900000000
3c190f000000410c
0211191500000000
0119121100000000
3c110f000000420c
0212111500000000
0111131200000000
3c120f000000430c
0213121500000000
0112141300000000
3c130d0000001810
3c140f0000003c10
0215141300000000
0114161500000000
3c150f0000003d10
0216151300000000
0115171600000000
3c160f0000003e10
0217161300000000
0116181700000000
3c170f0000003f10
0218171300000000
0117101800000000
3c180f0000004010
0210181300000000
01180e1000000000
3c100f0000004110
020e101300000000
0110190e00000000
3c0e0f0000004210
02190e1300000000
010e111900000000
3c190f0000004310
0211191300000000
0119121100000000
3c110d0000001814
3c120f0000003c14
0213121100000000
0112141300000000
3c130f0000003d14
0214131100000000
0113151400000000
3c140f0000003e14
0215141100000000
0114161500000000
3c150f0000003f14
0216151100000000
0115171600000000
3c160f0000004014
0217161100000000
0116181700000000
3c170f0000004114
0218171100000000
0117101800000000
3c180f0000004214
0210181100000000
01180e1000000000
3c100f0000004314
020e101100000000
0110190e00000000
3c0e0d0000001818
3c190f0000003c18
0211190e00000000
0119121100000000
3c110f0000003d18
0212110e00000000
0111131200000000
3c120f0000003e18
0213120e00000000
0112141300000000
3c130f0000003f18
0214130e00000000
0113151400000000
3c140f0000004018
0215140e00000000
0114161500000000
3c150f0000004118
0216150e00000000
0115171600000000
3c160f0000004218
0217160e00000000
0116181700000000
3c170f0000004318
0218170e00000000
0117101800000000
3c180d000000181c
3c100f0000003c1c
020e101800000000
0110190e00000000
3c0e0f0000003d1c
02190e1800000000
010e111900000000
3c190f0000003e1c
0211191800000000
0119121100000000
3c110f0000003f1c
0212111800000000
0111131200000000
3c120f000000401c
0213121800000000
0112141300000000
3c130f000000411c
0214131800000000
0113151400000000
3c140f000000421c
0215141800000000
0114161500000000
3c150f000000431c
0216151800000000
0115171600000000
3c160d0000001820
3c170f0000003c20
0218171600000000
3c170f0000003d20
021a171600000000
3c170f0000003e20
021b171600000000
3c170f0000003f20
021c171600000000
3c170f0000004020
021d171600000000
3c170f0000004120
021e171600000000
3c170f0000004220
021f171600000000
3c170f0000004320
0220171600000000
3c170d0000001824
3c160f0000003c24
0221161700000000
0116182100000000
3c210f0000003d24
0218211700000000
01211a1800000000
3c180f0000003e24
021a181700000000
01181b1a00000000
3c1a0f0000003f24
021b1a1700000000
011a1c1b00000000
3c1b0f0000004024
021c1b1700000000
011b1d1c00000000
3c1c0f0000004124
021d1c1700000000
011c1e1d00000000
3c1d0f0000004224
021e1d1700000000
011d1f1e00000000
3c1e0f0000004324
021f1e1700000000
011e201f00000000
3c1f0d0000001828
3c200f0000003c28
0217201f00000000
0120161700000000
3c170f0000003d28
0216171f00000000
0117211600000000
3c160f0000003e28
0221161f00000000
0116182100000000
3c210f0000003f28
0218211f00000000
01211a1800000000
3c180f0000004028
021a181f00000000
01181b1a00000000
3c1a0f0000004128
021b1a1f00000000
011a1c1b00000000
3c1b0f0000004228
021c1b1f00000000
011b1d1c00000000
3c1c0f0000004328
021d1c1f00000000
011c1e1d00000000
3c1d0d000000182c
3c1e0f0000003c2c
021f1e1d00000000
011e201f00000000
3c1f0f0000003d2c
02201f1d00000000
011f172000000000
3c200f0000003e2c
0217201d00000000
0120161700000000
3c170f0000003f2c
0216171d00000000
0117211600000000
3c160f000000402c
0221161d00000000
0116182100000000
3c210f000000412c
0218211d00000000
01211a1800000000
3c180f000000422c
021a181d00000000
01181b1a00000000
3c1a0f000000432c
021b1a1d00000000
011a1c1b00000000
3c1b0d0000001830
3c1c0f0000003c30
021d1c1b00000000
011c1e1d00000000
3c1d0f0000003d30
021e1d1b00000000
011d1f1e00000000
3c1e0f0000003e30
021f1e1b00000000
011e201f00000000
3c1f0f0000003f30
02201f1b00000000
011f172000000000
3c200f0000004030
0217201b00000000
0120161700000000
3c170f0000004130
0216171b00000000
0117211600000000
3c160f0000004230
0221161b00000000
0116182100000000
3c210f0000004330
0218211b00000000
01211a1800000000
3c180d0000001834
3c1a0f0000003c34
021b1a1800000000
011a1c1b00000000
3c1b0f0000003d34
021c1b1800000000
011b1d1c00000000
3c1c0f0000003e34
021d1c1800000000
011c1e1d00000000
3c1d0f0000003f34
021e1d1800000000
011d1f1e00000000
3c1e0f0000004034
021f1e1800000000
011e201f00000000
3c1f0f0000004134
02201f1800000000
011f172000000000
3c200f0000004234
0217201800000000
0120161700000000
3c170f0000004334
0216171800000000
0117211600000000
3c160d0000001838
3c210f0000003c38
0218211600000000
01211a1800000000
3c180f0000003d38
021a181600000000
01181b1a00000000
3c1a0f0000003e38
021b1a1600000000
011a1c1b00000000
3c1b0f0000003f38
021c1b1600000000
011b1d1c00000000
3c1c0f0000004038
021d1c1600000000
011c1e1d00000000
3c1d0f0000004138
021e1d1600000000
011d1f1e00000000
3c1e0f0000004238
021f1e1600000000
011e201f00000000
3c1f0f0000004338
02201f1600000000
011f172000000000
3c200d000000183c
3c170f0000003c3c
0216172000000000
0117211600000000
3c160f0000003d3c
0221162000000000
0116182100000000
3c210f0000003e3c
0218212000000000
01211a1800000000
3c180f0000003f3c
021a182000000000
01181b1a00000000
3c1a0f000000403c
021b1a2000000000
011a1c1b00000000
3c1b0f000000413c
021c1b2000000000
011b1d1c00000000
3c1c0f000000423c
021d1c2000000000
011c1e1d00000000
3c1d0f000000433c
021e1d2000000000
011d1f1e00000000
3c1e0d0000001840
3c1f0f0000003c40
02201f1e00000000
3c1f0f0000003d40
02221f1e00000000
3c1f0f0000003e40
02231f1e00000000
3c1f0f0000003f40
02241f1e00000000
3c1f0f0000004040
02251f1e00000000
3c1f0f0000004140
02261f1e00000000
3c1f0f0000004240
02271f1e00000000
3c1f0f0000004340
02281f1e00000000
3c1f0d0000001844
3c1e0f0000003c44
02291e1f00000000
011e202900000000
3c290f0000003d44
0220291f00000000
0129222000000000
3c200f0000003e44
0222201f00000000
0120232200000000
3c220f0000003f44
0223221f00000000
0122242300000000
3c230f0000004044
0224231f00000000
0123252400000000
3c240f0000004144
0225241f00000000
0124262500000000
3c250f0000004244
0226251f00000000
0125272600000000
3c260f0000004344
0227261f00000000
0126282700000000
3c270d0000001848
3c280f0000003c48
021f282700000000
01281e1f00000000
3c1f0f0000003d48
021e1f2700000000
011f291e00000000
3c1e0f0000003e48
02291e2700000000
011e202900000000
3c290f0000003f48
0220292700000000
0129222000000000
3c200f0000004048
0222202700000000
0120232200000000
3c220f0000004148
0223222700000000
0122242300000000
3c230f0000004248
0224232700000000
0123252400000000
3c240f0000004348
0225242700000000
0124262500000000
3c250d000000184c
3c260f0000003c4c
0227262500000000
0126282700000000
3c270f0000003d4c
0228272500000000
01271f2800000000
3c280f0000003e4c
021f282500000000
01281e1f00000000
3c1f0f0000003f4c
021e1f2500000000
011f291e00000000
3c1e0f000000404c
02291e2500000000
011e202900000000
3c290f000000414c
0220292500000000
0129222000000000
3c200f000000424c
0222202500000000
0120232200000000
3c220f000000434c
0223222500000000
0122242300000000
3c230d0000001850
3c240f0000003c50
0225242300000000
0124262500000000
3c250f0000003d50
0226252300000000
0125272600000000
3c260f0000003e50
0227262300000000
0126282700000000
3c270f0000003f50
0228272300000000
01271f2800000000
3c280f0000004050
021f282300000000
01281e1f00000000
3c1f0f0000004150
021e1f2300000000
011f291e00000000
3c1e0f0000004250
02291e2300000000
011e202900000000
3c290f0000004350
0220292300000000
0129222000000000
3c200d0000001854
3c220f0000003c54
0223222000000000
0122242300000000
3c230f0000003d54
0224232000000000
0123252400000000
3c240f0000003e54
0225242000000000
0124262500000000
3c250f0000003f54
0226252000000000
0125272600000000
3c260f0000004054
0227262000000000
0126282700000000
3c270f0000004154
0228272000000000
01271f2800000000
3c280f0000004254
021f282000000000
01281e1f00000000
3c1f0f0000004354
021e1f2000000000
011f291e00000000
3c1e0d0000001858
3c290f0000003c58
0220291e00000000
0129222000000000
3c200f0000003d58
0222201e00000000
0120232200000000
3c220f0000003e58
0223221e00000000
0122242300000000
3c230f0000003f58
0224231e00000000
0123252400000000
3c240f0000004058
0225241e00000000
0124262500000000
3c250f0000004158
0226251e00000000
0125272600000000
3c260f0000004258
0227261e00000000
0126282700000000
3c270f0000004358
0228271e00000000
01271f2800000000
3c280d000000185c
3c1f0f0000003c5c
021e1f2800000000
011f291e00000000
3c1e0f0000003d5c
02291e2800000000
011e202900000000
3c290f0000003e5c
0220292800000000
0129222000000000
3c200f0000003f5c
0222202800000000
0120232200000000
3c220f000000405c
0223222800000000
0122242300000000
3c230f000000415c
0224232800000000
0123252400000000
3c240f000000425c
0225242800000000
0124262500000000
3c250f000000435c
0226252800000000
0125272600000000
3c260d0000001860
3c270f0000003c60
0228272600000000
3c270f0000003d60
022a272600000000
3c270f0000003e60
022b272600000000
3c270f0000003f60
022c272600000000
3c270f0000004060
022d272600000000
3c270f0000004160
022e272600000000
3c270f0000004260
022f272600000000
3c270f0000004360
0230272600000000
3c270d0000001864
3c260f0000003c64
0231262700000000
0126283100000000
3c310f0000003d64
0228312700000000
01312a2800000000
3c280f0000003e64
022a282700000000
01282b2a00000000
3c2a0f0000003f64
022b2a2700000000
012a2c2b00000000
3c2b0f0000004064
022c2b2700000000
012b2d2c00000000
3c2c0f0000004164
022d2c2700000000
012c2e2d00000000
3c2d0f0000004264
022e2d2700000000
012d2f2e00000000
3c2e0f0000004364
022f2e2700000000
012e302f00000000
3c2f0d0000001868
3c300f0000003c68
0227302f00000000
0130262700000000
3c270f0000003d68
0226272f00000000
0127312600000000
3c260f0000003e68
0231262f00000000
0126283100000000
3c310f0000003f68
0228312f00000000
01312a2800000000
3c280f0000004068
022a282f00000000
01282b2a00000000
3c2a0f0000004168
022b2a2f00000000
012a2c2b00000000
3c2b0f0000004268
022c2b2f00000000
012b2d2c00000000
3c2c0f0000004368
022d2c2f00000000
012c2e2d00000000
3c2d0d000000186c
3c2e0f0000003c6c
022f2e2d00000000
012e302f00000000
3c2f0f0000003d6c
02302f2d00000000
012f273000000000
3c300f0000003e6c
0227302d00000000
0130262700000000
3c270f0000003f6c
0226272d00000000
0127312600000000
3c260f000000406c
0231262d00000000
0126283100000000
3c310f000000416c
0228312d00000000
01312a2800000000
3c280f000000426c
022a282d00000000
01282b2a00000000
3c2a0f000000436c
022b2a2d00000000
012a2c2b00000000
3c2b0d0000001870
3c2c0f0000003c70
022d2c2b00000000
012c2e2d00000000
3c2d0f0000003d70
022e2d2b00000000
012d2f2e00000000
3c2e0f0000003e70
022f2e2b00000000
012e302f00000000
3c2f0f0000003f70
02302f2b00000000
012f273000000000
3c300f0000004070
0227302b00000000
0130262700000000
3c270f0000004170
0226272b00000000
0127312600000000
3c260f0000004270
0231262b00000000
0126283100000000
3c310f0000004370
0228312b00000000
01312a2800000000
3c280d0000001874
3c2a0f0000003c74
022b2a2800000000
012a2c2b00000000
3c2b0f0000003d74
022c2b2800000000
012b2d2c00000000
3c2c0f0000003e74
022d2c2800000000
012c2e2d00000000
3c2d0f0000003f74
022e2d2800000000
012d2f2e00000000
3c2e0f0000004074
022f2e2800000000
012e302f00000000
3c2f0f0000004174
02302f2800000000
012f273000000000
3c300f0000004274
0227302800000000
0130262700000000
3c270f0000004374
0226272800000000
0127312600000000
3c260d0000001878
3c310f0000003c78
0228312600000000
01312a2800000000
3c280f0000003d78
022a282600000000
01282b2a00000000
3c2a0f0000003e78
022b2a2600000000
012a2c2b00000000
3c2b0f0000003f78
022c2b2600000000
012b2d2c00000000
3c2c0f0000004078
022d2c2600000000
012c2e2d00000000
3c2d0f0000004178
022e2d2600000000
012d2f2e00000000
3c2e0f0000004278
022f2e2600000000
012e302f00000000
3c2f0f0000004378
02302f2600000000
012f273000000000
3c300d000000187c
3c0d0f0000003c7c
02270d3000000000
010d312700000000
3c270f0000003d7c
0231273000000000
0127283100000000
3c310f0000003e7c
0228313000000000
01312a2800000000
3c280f0000003f7c
022a283000000000
01282b2a00000000
3c2a0f000000407c
022b2a3000000000
012a2c2b00000000
3c2b0f000000417c
022c2b3000000000
012b2d2c00000000
3c2c0f000000427c
022d2c3000000000
012c2e2d00000000
3c2d0f000000437c
020f2d3000000000
012d2f0f00000000
380f047f0713d800
0b2f0f0c00000000
090f012f00000000
202f0000ffffffff
030c0f2f00000000
202f0000ff61b1e6
04300c2f00000000
010c101700000000
01171f0d00000000
010d0c1700000000
201700003e3504f3
020c0d1700000000
040d0c0f00000000
050c0d3000000000
380d047f07128c00
231f0c0d00000000
13100c1f00000000
381f047f07128e00
232e101f00000000
1326102e00000000
382e047f07129000
2310262e00000000
1332261000000000
3810047f07129200
2326321000000000
1333322600000000
3826047f07129400
2332332600000000
1334333200000000
3832047f0713da00
2333343200000000
1335343300000000
2033000080000000
0334353300000000
01360c3400000000
2034000042b00000
140c363400000000
20360000c2ae0000
13370c3600000000
200c00003fb8aa3b
0238370c00000000
203900004b400000
013a383900000000
20380000cb400000
013b3a3800000000
203a0000bf317200
023c3b3a00000000
013d373c00000000
203c0000b5bfbe8e
02373b3c00000000
013e3d3700000000
203700003ab60b61
023d373e00000000
203f00003c088889
01403d3f00000000
023d403e00000000
204000003d2aaaab
01413d4000000000
023d413e00000000
204100003e2aaaab
01423d4100000000
023d423e00000000
204200003f000000
01433d4200000000
023d433e00000000
204300003f800000
01443d4300000000
023d443e00000000
01443d4300000000
0d3d3b0000000000
203b000000000017
073e3d3b00000000
083d443e00000000
043e3d0f00000000
3b3e047f00004400
0e3d3e0000000000
3b3d047f00005400
3b35047f00006400
01350e1600000000
01161e2700000000
0127351600000000
0216271700000000
0427160f00000000
0516273000000000
2327160d00000000
1335162700000000
2327351f00000000
131e352700000000
23271e2e00000000
13351e2700000000
2327351000000000
131e352700000000
23271e2600000000
13351e2700000000
2327353200000000
131e352700000000
03271e3300000000
0135162700000000
1427353400000000
1335273600000000
0227350c00000000
0116273900000000
0127163800000000
0216273a00000000
010e351600000000
0216273c00000000
01350e1600000000
0216373500000000
010e163f00000000
02160e3500000000
010e164000000000
02160e3500000000
010e164100000000
02160e3500000000
010e164200000000
02160e3500000000
010e164300000000
02160e3500000000
010e164300000000
0d16270000000000
0727163b00000000
08160e2700000000
0427160f00000000
3b27047f00004600
0e16270000000000
3b16047f00005600
3b1e047f00006600
011e192100000000
0121293100000000
01311e2100000000
0221311700000000
0431210f00000000
0521313000000000
2331210d00000000
131e213100000000
23311e1f00000000
13291e3100000000
2331292e00000000
131e293100000000
23311e1000000000
13291e3100000000
2331292600000000
131e293100000000
23311e3200000000
13291e3100000000
0331293300000000
011e213100000000
14311e3400000000
131e313600000000
02311e0c00000000
0121313900000000
0131213800000000
0221313a00000000
01191e2100000000
0221313c00000000
011e192100000000
0221371e00000000
0119213f00000000
0221191e00000000
0119214000000000
0221191e00000000
0119214100000000
0221191e00000000
0119214200000000
0221191e00000000
0119214300000000
0221191e00000000
0119214300000000
0d21310000000000
0731213b00000000
0821193100000000
0431210f00000000
3b31047f00004800
0e21310000000000
3b21047f00005800
3b29047f00006800
0129111800000000
0118202800000000
0128291800000000
0218281700000000
0428180f00000000
0518283000000000
2328180d00000000
1329182800000000
2328291f00000000
1320292800000000
2328202e00000000
1329202800000000
2328291000000000
1320292800000000
2328202600000000
1329202800000000
2328293200000000
1320292800000000
0328203300000000
0129182800000000
1428293400000000
1329283600000000
0228290c00000000
0118283900000000
0128183800000000
0218283a00000000
0111291800000000
0218283c00000000
0129111800000000
0218372900000000
0111183f00000000
0218112900000000
0111184000000000
0218112900000000
0111184100000000
0218112900000000
0111184200000000
0218112900000000
0111184300000000
0218112900000000
0111184300000000
0d18280000000000
0728183b00000000
0818112800000000
0428180f00000000
3b28047f00004a00
0e18280000000000
3b18047f00005a00
3b20047f00006a00
0120121a00000000
011a222a00000000
012a201a00000000
021a2a1700000000
042a1a0f00000000
051a2a3000000000
232a1a0d00000000
13201a2a00000000
232a201f00000000
1322202a00000000
232a222e00000000
1320222a00000000
232a201000000000
1322202a00000000
232a222600000000
1320222a00000000
232a203200000000
1322202a00000000
032a223300000000
01201a2a00000000
142a203400000000
13202a3600000000
022a200c00000000
011a2a3900000000
012a1a3800000000
021a2a3a00000000
0112201a00000000
021a2a3c00000000
0120121a00000000
021a372000000000
01121a3f00000000
021a122000000000
01121a4000000000
021a122000000000
01121a4100000000
021a122000000000
01121a4200000000
021a122000000000
01121a4300000000
021a122000000000
01121a4300000000
0d1a2a0000000000
072a1a3b00000000
081a122a00000000
042a1a0f00000000
3b2a047f00004c00
0e1a2a0000000000
3b1a047f00005c00
3b22047f00006c00
0122131b00000000
011b232b00000000
012b221b00000000
021b2b1700000000
042b1b0f00000000
051b2b3000000000
232b1b0d00000000
13221b2b00000000
232b221f00000000
1323222b00000000
232b232e00000000
1322232b00000000
232b221000000000
1323222b00000000
232b232600000000
1322232b00000000
232b223200000000
1323222b00000000
032b233300000000
01221b2b00000000
142b223400000000
13222b3600000000
022b220c00000000
011b2b3900000000
012b1b3800000000
021b2b3a00000000
0113221b00000000
021b2b3c00000000
0122131b00000000
021b372200000000
01131b3f00000000
021b132200000000
01131b4000000000
021b132200000000
01131b4100000000
021b132200000000
01131b4200000000
021b132200000000
01131b4300000000
021b132200000000
01131b4300000000
0d1b2b0000000000
072b1b3b00000000
081b132b00000000
042b1b0f00000000
3b2b047f00004e00
0e1b2b0000000000
3b1b047f00005e00
3b23047f00006e00
0123141c00000000
011c242c00000000
012c231c00000000
021c2c1700000000
042c1c0f00000000
051c2c3000000000
232c1c0d00000000
13231c2c00000000
232c231f00000000
1324232c00000000
232c242e00000000
1323242c00000000
232c231000000000
1324232c00000000
232c242600000000
1323242c00000000
232c233200000000
1324232c00000000
032c243300000000
01231c2c00000000
142c233400000000
13232c3600000000
022c230c00000000
011c2c3900000000
012c1c3800000000
021c2c3a00000000
0114231c00000000
021c2c3c00000000
0123141c00000000
021c372300000000
01141c3f00000000
021c142300000000
01141c4000000000
021c142300000000
01141c4100000000
021c142300000000
01141c4200000000
021c142300000000
01141c4300000000
021c142300000000
01141c4300000000
0d1c2c0000000000
072c1c3b00000000
081c142c00000000
042c1c0f00000000
3b2c047f00005000
0e1c2c0000000000
3b1c047f00006000
3b24047f00007000
0124151d00000000
011d252d00000000
012d241d00000000
021d2d1700000000
042d1d0f00000000
051d2d3000000000
232d1d0d00000000
13301d2d00000000
232d301f00000000
1317302d00000000
232d172e00000000
1330172d00000000
232d301000000000
1317302d00000000
232d172600000000
1330172d00000000
232d303200000000
1332302d00000000
032d323300000000
01301d2d00000000
142d303400000000
13302d3600000000
022d300c00000000
011d2d3900000000
012d1d3800000000
021d2d3a00000000
0117301d00000000
021d2d3c00000000
0130171d00000000
021d373000000000
01171d3f00000000
021d173000000000
01171d4000000000
021d173000000000
01171d4100000000
021d173000000000
01171d4200000000
021d173000000000
01171d4300000000
021d173000000000
01171d4300000000
0d1d2d0000000000
072d1d3b00000000
081d172d00000000
042d1d0f00000000
3b2d047f00005200
0e1d2d0000000000
3b1d047f00006200
3b32047f00007200
3832047f07136800
3c1d320000004400
3c2d320000004404
010f1d2d00000000
3c2d320000004408
011d0f2d00000000
3c2d32000000440c
010f1d2d00000000
3c2d320000004410
011d0f2d00000000
3c2d320000004414
010f1d2d00000000
3c2d320000004418
011d0f2d00000000
3c2d32000000441c
010f1d2d00000000
382d047f0712fc00
231d0f2d00000000
01170f1d00000000
381d047f0712fe00
230f171d00000000
0130170f00000000
380f047f07130000
2317300f00000000
0124301700000000
3817047f0713dc00
2330241700000000
3817047f0713de00
3c24170000006400
2b0600000000002b
3817060f00000000
0325243300000000
0124172500000000
1425243400000000
1324253600000000
0225240c00000000
0117253900000000
0125173800000000
0217253a00000000
0115241700000000
0217253c00000000
0124151700000000
0217372400000000
0115173f00000000
0217152400000000
0115174000000000
0217152400000000
0115174100000000
0217152400000000
0115174200000000
0217152400000000
0115174300000000
0217152400000000
0115174300000000
0d17250000000000
0725173b00000000
0817152500000000
0125301700000000
3817047f0713c600
3c30170000001800
3815047f0713e000
3c24150000005400
021c243000000000
3c24150000005800
022c243000000000
3c24150000005c00
0214243000000000
3c24150000006000
0223243000000000
3c24170000001880
3c30150000005404
021b302400000000
01301c1b00000000
3c1b150000005804
021c1b2400000000
011b2c1c00000000
3c1c150000005c04
022c1c2400000000
011c142c00000000
3c2c150000006004
02142c2400000000
012c231400000000
3c14170000001900
3c23150000005408
0224231400000000
0123302400000000
3c24150000005808
0230241400000000
01241b3000000000
3c30150000005c08
021b301400000000
01301c1b00000000
3c1b150000006008
021c1b1400000000
011b2c1c00000000
3c1c170000001980
3c2c15000000540c
02142c1c00000000
012c231400000000
3c1415000000580c
0223141c00000000
0114242300000000
3c23150000005c0c
0224231c00000000
0123302400000000
3c2415000000600c
0230241c00000000
01241b3000000000
3c30170000001a00
3c1b150000005410
021c1b3000000000
011b2c1c00000000
3c1c150000005810
022c1c3000000000
011c142c00000000
3c2c150000005c10
02142c3000000000
012c231400000000
3c14150000006010
0223143000000000
0114242300000000
3c23170000001a80
3c24150000005414
0230242300000000
01241b3000000000
3c30150000005814
021b302300000000
01301c1b00000000
3c1b150000005c14
021c1b2300000000
011b2c1c00000000
3c1c150000006014
022c1c2300000000
011c142c00000000
3c2c170000001b00
3c14150000005418
0223142c00000000
0114242300000000
3c23150000005818
0224232c00000000
0123302400000000
3c24150000005c18
0230242c00000000
01241b3000000000
3c30150000006018
021b302c00000000
01301c1b00000000
3c1b170000001b80
3c1c15000000541c
022c1c1b00000000
011c142c00000000
3c2c15000000581c
02142c1b00000000
012c231400000000
3c14150000005c1c
0223141b00000000
0114242300000000
3c2315000000601c
0224231b00000000
0123302400000000
3c24170000001c00
3c30150000005420
021b302400000000
3c30150000005820
022b302400000000
3c30150000005c20
0213302400000000
3c30150000006020
0222302400000000
3c30170000001c80
3c24150000005424
021a243000000000
01241b1a00000000
3c1a150000005824
021b1a3000000000
011a2b1b00000000
3c1b150000005c24
022b1b3000000000
011b132b00000000
3c2b150000006024
02132b3000000000
012b221300000000
3c13170000001d00
3c22150000005428
0230221300000000
0122243000000000
3c30150000005828
0224301300000000
01301a2400000000
3c24150000005c28
021a241300000000
01241b1a00000000
3c1a150000006028
021b1a1300000000
011a2b1b00000000
3c1b170000001d80
3c2b15000000542c
02132b1b00000000
012b221300000000
3c1315000000582c
0222131b00000000
0113302200000000
3c22150000005c2c
0230221b00000000
0122243000000000
3c3015000000602c
0224301b00000000
01301a2400000000
3c24170000001e00
3c1a150000005430
021b1a2400000000
011a2b1b00000000
3c1b150000005830
022b1b2400000000
011b132b00000000
3c2b150000005c30
02132b2400000000
012b221300000000
3c13150000006030
0222132400000000
0113302200000000
3c22170000001e80
3c30150000005434
0224302200000000
01301a2400000000
3c24150000005834
021a242200000000
01241b1a00000000
3c1a150000005c34
021b1a2200000000
011a2b1b00000000
3c1b150000006034
022b1b2200000000
011b132b00000000
3c2b170000001f00
3c13150000005438
0222132b00000000
0113302200000000
3c22150000005838
0230222b00000000
0122243000000000
3c30150000005c38
0224302b00000000
01301a2400000000
3c24150000006038
021a242b00000000
01241b1a00000000
3c1a170000001f80
3c1b15000000543c
022b1b1a00000000
011b132b00000000
3c2b15000000583c
02132b1a00000000
012b221300000000
3c13150000005c3c
0222131a00000000
0113302200000000
3c2215000000603c
0230221a00000000
0122243000000000
3c30170000002000
3c24150000005440
021a243000000000
3c24150000005840
022a243000000000
3c24150000005c40
0212243000000000
3c24150000006040
0220243000000000
3c24170000002080
3c30150000005444
0218302400000000
01301a1800000000
3c18150000005844
021a182400000000
01182a1a00000000
3c1a150000005c44
022a1a2400000000
011a122a00000000
3c2a150000006044
02122a2400000000
012a201200000000
3c12170000002100
3c20150000005448
0224201200000000
0120302400000000
3c24150000005848
0230241200000000
0124183000000000
3c30150000005c48
0218301200000000
01301a1800000000
3c18150000006048
021a181200000000
01182a1a00000000
3c1a170000002180
3c2a15000000544c
02122a1a00000000
012a201200000000
3c1215000000584c
0220121a00000000
0112242000000000
3c20150000005c4c
0224201a00000000
0120302400000000
3c2415000000604c
0230241a00000000
0124183000000000
3c30170000002200
3c18150000005450
021a183000000000
01182a1a00000000
3c1a150000005850
022a1a3000000000
011a122a00000000
3c2a150000005c50
02122a3000000000
012a201200000000
3c12150000006050
0220123000000000
0112242000000000
3c20170000002280
3c24150000005454
0230242000000000
0124183000000000
3c30150000005854
0218302000000000
01301a1800000000
3c18150000005c54
021a182000000000
01182a1a00000000
3c1a150000006054
022a1a2000000000
011a122a00000000
3c2a170000002300
3c12150000005458
0220122a00000000
0112242000000000
3c20150000005858
0224202a00000000
0120302400000000
3c24150000005c58
0230242a00000000
0124183000000000
3c30150000006058
0218302a00000000
01301a1800000000
3c18170000002380
3c1a15000000545c
022a1a1800000000
011a122a00000000
3c2a15000000585c
02122a1800000000
012a201200000000
3c12150000005c5c
0220121800000000
0112242000000000
3c2015000000605c
0224201800000000
0120302400000000
3c24170000002400
3c30150000005460
0218302400000000
3c30150000005860
0228302400000000
3c30150000005c60
0211302400000000
3c30150000006060
0229302400000000
3c30170000002480
3c24150000005464
0221243000000000
0124182100000000
3c21150000005864
0218213000000000
0121281800000000
3c18150000005c64
0228183000000000
0118112800000000
3c28150000006064
0211283000000000
0128291100000000
3c11170000002500
3c29150000005468
0230291100000000
0129243000000000
3c30150000005868
0224301100000000
0130212400000000
3c24150000005c68
0221241100000000
0124182100000000
3c21150000006068
0218211100000000
0121281800000000
3c18170000002580
3c2815000000546c
0211281800000000
0128291100000000
3c1115000000586c
0229111800000000
0111302900000000
3c29150000005c6c
0230291800000000
0129243000000000
3c3015000000606c
0224301800000000
0130212400000000
3c24170000002600
3c21150000005470
0218212400000000
0121281800000000
3c18150000005870
0228182400000000
0118112800000000
3c28150000005c70
0211282400000000
0128291100000000
3c11150000006070
0229112400000000
0111302900000000
3c29170000002680
3c30150000005474
0224302900000000
0130212400000000
3c24150000005874
0221242900000000
0124182100000000
3c21150000005c74
0218212900000000
0121281800000000
3c18150000006074
0228182900000000
0118112800000000
3c28170000002700
3c11150000005478
0229112800000000
0111302900000000
3c29150000005878
0230292800000000
0129243000000000
3c30150000005c78
0224302800000000
0130212400000000
3c24150000006078
0221242800000000
0124182100000000
3c21170000002780
3c1815000000547c
0228182100000000
0118112800000000
3c2815000000587c
0211282100000000
0128291100000000
3c11150000005c7c
0229112100000000
0111302900000000
3c2915000000607c
0230292100000000
0129243000000000
3c30170000002800
3c24150000005480
0221243000000000
3c24150000005880
0231243000000000
3c24150000005c80
0219243000000000
3c24150000006080
021e243000000000
3c24170000002880
3c30150000005484
0216302400000000
0130211600000000
3c16150000005884
0221162400000000
0116312100000000
3c21150000005c84
0231212400000000
0121193100000000
3c31150000006084
0219312400000000
01311e1900000000
3c19170000002900
3c1e150000005488
02241e1900000000
011e302400000000
3c24150000005888
0230241900000000
0124163000000000
3c30150000005c88
0216301900000000
0130211600000000
3c16150000006088
0221161900000000
0116312100000000
3c21170000002980
3c3115000000548c
0219312100000000
01311e1900000000
3c1915000000588c
021e192100000000
0119241e00000000
3c1e150000005c8c
02241e2100000000
011e302400000000
3c2415000000608c
0230242100000000
0124163000000000
3c30170000002a00
3c16150000005490
0221163000000000
0116312100000000
3c21150000005890
0231213000000000
0121193100000000
3c31150000005c90
0219313000000000
01311e1900000000
3c19150000006090
021e193000000000
0119241e00000000
3c1e170000002a80
3c24150000005494
0230241e00000000
0124163000000000
3c30150000005894
0216301e00000000
0130211600000000
3c16150000005c94
0221161e00000000
0116312100000000
3c21150000006094
0231211e00000000
0121193100000000
3c31170000002b00
3c19150000005498
021e193100000000
0119241e00000000
3c1e150000005898
02241e3100000000
011e302400000000
3c24150000005c98
0230243100000000
0124163000000000
3c30150000006098
0216303100000000
0130211600000000
3c16170000002b80
3c2115000000549c
0231211600000000
0121193100000000
3c3115000000589c
0219311600000000
01311e1900000000
3c19150000005c9c
021e191600000000
0119241e00000000
3c1e15000000609c
02241e1600000000
011e302400000000
3c24170000002c00
3c301500000054a0
0216302400000000
3c301500000058a0
0227302400000000
3c30150000005ca0
020e302400000000
3c301500000060a0
0235302400000000
3c30170000002c80
3c241500000054a4
023d243000000000
0124163d00000000
3c3d1500000058a4
02163d3000000000
013d271600000000
3c16150000005ca4
0227163000000000
01160e2700000000
3c271500000060a4
020e273000000000
0127350e00000000
3c0e170000002d00
3c351500000054a8
0230350e00000000
0135243000000000
3c301500000058a8
0224300e00000000
01303d2400000000
3c24150000005ca8
023d240e00000000
0124163d00000000
3c3d1500000060a8
02163d0e00000000
013d271600000000
3c16170000002d80
3c271500000054ac
020e271600000000
0127350e00000000
3c0e1500000058ac
02350e1600000000
010e303500000000
3c35150000005cac
0230351600000000
0135243000000000
3c301500000060ac
0224301600000000
01303d2400000000
3c24170000002e00
3c3d1500000054b0
02163d2400000000
013d271600000000
3c161500000058b0
0227162400000000
01160e2700000000
3c27150000005cb0
020e272400000000
0127350e00000000
3c0e1500000060b0
02350e2400000000
010e303500000000
3c35170000002e80
3c301500000054b4
0224303500000000
01303d2400000000
3c241500000058b4
023d243500000000
0124163d00000000
3c3d150000005cb4
02163d3500000000
013d271600000000
3c161500000060b4
0227163500000000
01160e2700000000
3c27170000002f00
3c0e1500000054b8
02350e2700000000
010e303500000000
3c351500000058b8
0230352700000000
0135243000000000
3c30150000005cb8
0224302700000000
01303d2400000000
3c241500000060b8
023d242700000000
0124163d00000000
3c3d170000002f80
3c161500000054bc
0227163d00000000
01160e2700000000
3c271500000058bc
020e273d00000000
0127350e00000000
3c0e150000005cbc
02350e3d00000000
010e303500000000
3c351500000060bc
0230353d00000000
0135243000000000
3c30170000003000
3c241500000054c0
023d243000000000
3c241500000058c0
023e243000000000
3c24150000005cc0
0244243000000000
3c241500000060c0
0245243000000000
3c24170000003080
3c301500000054c4
0246302400000000
01303d4600000000
3c461500000058c4
023d462400000000
01463e3d00000000
3c3d150000005cc4
023e3d2400000000
013d443e00000000
3c3e1500000060c4
02443e2400000000
013e454400000000
3c44170000003100
3c451500000054c8
0224454400000000
0145302400000000
3c241500000058c8
0230244400000000
0124463000000000
3c30150000005cc8
0246304400000000
01303d4600000000
3c461500000060c8
023d464400000000
01463e3d00000000
3c3d170000003180
3c3e1500000054cc
02443e3d00000000
013e454400000000
3c441500000058cc
0245443d00000000
0144244500000000
3c45150000005ccc
0224453d00000000
0145302400000000
3c241500000060cc
0230243d00000000
0124463000000000
3c30170000003200
3c461500000054d0
023d463000000000
01463e3d00000000
3c3d1500000058d0
023e3d3000000000
013d443e00000000
3c3e150000005cd0
02443e3000000000
013e454400000000
3c441500000060d0
0245443000000000
0144244500000000
3c45170000003280
3c241500000054d4
0230244500000000
0124463000000000
3c301500000058d4
0246304500000000
01303d4600000000
3c46150000005cd4
023d464500000000
01463e3d00000000
3c3d1500000060d4
023e3d4500000000
013d443e00000000
3c3e170000003300
3c441500000054d8
0245443e00000000
0144244500000000
3c451500000058d8
0224453e00000000
0145302400000000
3c24150000005cd8
0230243e00000000
0124463000000000
3c301500000060d8
0246303e00000000
01303d4600000000
3c46170000003380
3c3d1500000054dc
023e3d4600000000
013d443e00000000
3c3e1500000058dc
02443e4600000000
013e454400000000
3c44150000005cdc
0245444600000000
0144244500000000
3c451500000060dc
0224454600000000
0145302400000000
3c24170000003400
3c301500000054e0
0246302400000000
3c301500000058e0
0247302400000000
3c30150000005ce0
0248302400000000
3c301500000060e0
0249302400000000
3c30170000003480
3c241500000054e4
024a243000000000
0124464a00000000
3c4a1500000058e4
02464a3000000000
014a474600000000
3c46150000005ce4
0247463000000000
0146484700000000
3c471500000060e4
0248473000000000
0147494800000000
3c48170000003500
3c491500000054e8
0230494800000000
0149243000000000
3c301500000058e8
0224304800000000
01304a2400000000
3c24150000005ce8
024a244800000000
0124464a00000000
3c4a1500000060e8
02464a4800000000
014a474600000000
3c46170000003580
3c471500000054ec
0248474600000000
0147494800000000
3c481500000058ec
0249484600000000
0148304900000000
3c49150000005cec
0230494600000000
0149243000000000
3c301500000060ec
0224304600000000
01304a2400000000
3c24170000003600
3c4a1500000054f0
02464a2400000000
014a474600000000
3c461500000058f0
0247462400000000
0146484700000000
3c47150000005cf0
0248472400000000
0147494800000000
3c481500000060f0
0249482400000000
0148304900000000
3c49170000003680
3c301500000054f4
0224304900000000
01304a2400000000
3c241500000058f4
024a244900000000
0124464a00000000
3c4a150000005cf4
02464a4900000000
014a474600000000
3c461500000060f4
0247464900000000
0146484700000000
3c47170000003700
3c481500000054f8
0249484700000000
0148304900000000
3c491500000058f8
0230494700000000
0149243000000000
3c30150000005cf8
0224304700000000
01304a2400000000
3c241500000060f8
024a244700000000
0124464a00000000
3c4a170000003780
3c171500000054fc
0246174a00000000
0117484600000000
3c461500000058fc
0248464a00000000
0146494800000000
3c48150000005cfc
0249484a00000000
0148304900000000
3c491500000060fc
0215494a00000000
0149241500000000
01151c1b00000000
011b1a1800000000
0118211600000000
01163d1700000000
0117151b00000000
011b181600000000
0116171b00000000
381b047f07130600
2317251b00000000
1018161700000000
0e17180000000000
3818047f07135e00
23160a1800000000
3815047f07136000
233d0a1500000000
3821047f0713e200
031a3d2100000000
023d171600000000
2316170d00000000
021c161a00000000
01163d1c00000000
0e1c160000000000
3816047f07136600
033d1c1700000000
041c163d00000000
033d171c00000000
011c2c2b00000000
012b2a2800000000
0128312700000000
01273e4600000000
01461c2b00000000
012b282700000000
0127462b00000000
382b047f07136e00
2346252b00000000
1028274600000000
0e46280000000000
23280a1800000000
23270a1500000000
031c272100000000
0227462800000000
2328460d00000000
023e281c00000000
0128273e00000000
0e3e280000000000
03283e4600000000
043e162800000000
0328463e00000000
013e141300000000
0113121100000000
0111190e00000000
010e444800000000
01483e1300000000
0113110e00000000
010e481300000000
3813047f0713c800
2348251300000000
10110e4800000000
0e48110000000000
23110a1800000000
230e0a1500000000
033e0e2100000000
020e481100000000
2311480d00000000
0244113e00000000
01110e4400000000
0e44110000000000
0311444800000000
0444161100000000
0311484400000000
0144232200000000
0122202900000000
01291e3500000000
0135454900000000
0149442200000000
0122293500000000
0135492200000000
3822047f0713ca00
2349252200000000
1025354900000000
0e49250000000000
23250a1800000000
23180a1500000000
0315182100000000
0218492500000000
2325490d00000000
0221251500000000
0125182100000000
0e21250000000000
0325214900000000
0421162500000000
0325492100000000
0e213d0000000000
3b21047f00000100
0e21280000000000
3b21047f00000300
3c21320000000100
4000210000000000
3c21320000000104
4000210000000001
3c21320000000108
4000210000000002
3c2132000000010c
4000210000000003
3c21320000000110
4000210000000004
3c21320000000114
4000210000000005
3c21320000000118
4000210000000006
3c2132000000011c
4000210000000007
3c21320000000300
4000210000000008
3c21320000000304
4000210000000009
3c21320000000308
400021000000000a
3c2132000000030c
400021000000000b
3c21320000000310
400021000000000c
3c21320000000314
400021000000000d
3c21320000000318
400021000000000e
3c2132000000031c
400021000000000f
2b0600000000002c
2807000000000800
4106070200080020
4200000000000000
0e21110000000000
3b21047f00000100
0e21250000000000
3b21047f00000300
3c21320000000100
4000210000000000
3c21320000000104
4000210000000001
3c21320000000108
4000210000000002
3c2132000000010c
4000210000000003
3c21320000000110
4000210000000004
3c21320000000114
4000210000000005
3c21320000000118
4000210000000006
3c2132000000011c
4000210000000007
3c21320000000300
4000210000000008
3c21320000000304
4000210000000009
3c21320000000308
400021000000000a
3c2132000000030c
400021000000000b
3c21320000000310
400021000000000c
3c21320000000314
400021000000000d
3c21320000000318
400021000000000e
3c2132000000031c
400021000000000f
2b0600000000002c
2906060000004000
2807000000000880
4106070200080020
4200000000000000
3a21043f00000800
0e25210000000000
3925043f00002080
3400000000000000
3300000000000000
3300000000000000
3825047f00001d80
3821047f00001f80
201100007fffffff
0428251100000000
233d280d00000000
1349283d00000000
233d491f00000000
1328493d00000000
233d282e00000000
1349283d00000000
233d491000000000
1328493d00000000
233d282600000000
1349283d00000000
203d000038d1b717
1328493d00000000
204900003b124925
0216284900000000
0628163b00000000
20180000007fffff
0415161800000000
0a16150100000000
0815281600000000
201600000000007f
0928151600000000
0915162800000000
070a153b00000000
0215250a00000000
170a150000000000
0415211100000000
2325150d00000000
1335152500000000
2325351f00000000
1315352500000000
2325152e00000000
1335152500000000
2325351000000000
1315352500000000
2325152600000000
1335152500000000
1325353d00000000
0235254900000000
0625353b00000000
0415351800000000
0a35150100000000
0815253500000000
0935151600000000
0915163500000000
0725153b00000000
0215212500000000
1725150000000000
43000a0100000000
4500280000000000
3815047f07134e00
23210a1500000000
2329281500000000
4300210100000001
4500290000000001
3829047f07135000
23210a2900000000
2344282900000000
4300210100000002
4500440000000002
3844047f07135200
23210a4400000000
230a284400000000
4300210100000003
45000a0000000003
4300250100000004
4500350000000004
230a251500000000
2321351500000000
43000a0100000005
4500210000000005
2321252900000000
230a352900000000
4300210100000006
45000a0000000006
230a254400000000
2325354400000000
43000a0100000007
4500250000000007
2b0600000000002d
2807000000000800
4406070100080028
4200000000000000
3a25042700000800
0e0a250000000000
390a042700002360
3400000000000000
3300000000000000
3300000000000000
380a047f00002180
3825041f00002380
2335090100000000
0221350200000000
2035000000000004
2328093500000000
0245280300000000
0128214500000000
2045000000000008
2321094500000000
021e210400000000
0121281e00000000
201e00000000000c
2328091e00000000
0220280500000000
0128212000000000
2320083500000000
0221200a00000000
0120212800000000
0e21200000000000
2020000000000001
2328092000000000
0223280200000000
2328090b00000000
0248280300000000
0128234800000000
2048000000000009
2323094800000000
020e230400000000
0123280e00000000
200e00000000000d
2328090e00000000
023e280500000000
0128233e00000000
233e080b00000000
02233e0a00000000
013e232800000000
0e233e0000000000
203e000000000002
2328093e00000000
0219280200000000
2028000000000006
2312092800000000
0214120300000000
0112191400000000
201400000000000a
2319091400000000
0246190400000000
0119124600000000
204600000000000e
2312094600000000
0227120500000000
0112192700000000
2327082800000000
0219270a00000000
0127191200000000
0e19270000000000
2027000000000003
2312092700000000
021c120200000000
2012000000000007
2302091200000000
0231020300000000
01021c3100000000
203100000000000b
231c093100000000
02031c0400000000
011c020300000000
200300000000000f
2302090300000000
0204020500000000
01021c0400000000
2304081200000000
021c040a00000000
01041c0200000000
0e1c040000000000
3804047f07128000
2302060400000000
230a091b00000000
02050a0200000000
380a047f07128200
2302060a00000000
232a092b00000000
022c2a0200000000
012a052c00000000
382c047f07128400
2305062c00000000
2302091300000000
0217020500000000
01022a1700000000
3817047f07128600
232a061700000000
2306092200000000
0209062a00000000
0106020900000000
2309082b00000000
2308250400000000
0225090800000000
0108250600000000
0e25080000000000
3b21047f00001800
3b23047f00001a80
3b19047f00001d00
3b1c047f00001f80
3808047f07130800
3d25087f00000000
3808047f07130a00
3c06080000001800
3808047f07130c00
3c09080000001804
3808047f07130e00
3c02080000001808
3808047f07131000
3c2a08000000180c
3808047f07131200
3c05080000001810
3808047f07131400
3c1a080000001814
3808047f07131600
3c24080000001818
3808047f07131800
3c4a08000000181c
2b0600000000002e
3808064f00000000
0230080600000000
3808064f00000140
0247080900000000
0108304700000000
3847064f00000280
0230470200000000
0147083000000000
3830064f000003c0
0208302a00000000
0130470800000000
3808064f00000500
0247080500000000
0108304700000000
3847064f00000640
0230471a00000000
0147083000000000
3830064f00000780
0208302400000000
0130470800000000
3808064f000008c0
0247084a00000000
0108304700000000
3b08047f00002200
3808064f00000a00
0247080600000000
3808064f00000b40
0230080900000000
0108473000000000
3830064f00000c80
0247300200000000
0130084700000000
3847064f00000dc0
0208472a00000000
0147300800000000
3808064f00000f00
0230080500000000
0108473000000000
3830064f00001040
0247301a00000000
0130084700000000
3847064f00001180
0208472400000000
0147300800000000
3808064f000012c0
0230084a00000000
0108473000000000
3b08047f00002400
3808064f00001400
0230080600000000
3808064f00001540
0247080900000000
0108304700000000
3847064f00001680
0230470200000000
0147083000000000
3830064f000017c0
0208302a00000000
0130470800000000
3808064f00001900
0247080500000000
0108304700000000
3847064f00001a40
0230471a00000000
0147083000000000
3830064f00001b80
0208302400000000
0130470800000000
3808064f00001cc0
0247084a00000000
0108304700000000
3b08047f00002600
3808064f00001e00
0247080600000000
3808064f00001f40
0230080900000000
0108473000000000
3830064f00002080
0247300200000000
0130084700000000
3847064f000021c0
0208472a00000000
0147300800000000
3808064f00002300
0230080500000000
0108473000000000
3830064f00002440
0247301a00000000
0130084700000000
3847064f00002580
0208472400000000
0147300800000000
3808064f000026c0
0230084a00000000
0108473000000000
3b08047f00002800
3808064f00002800
0230080600000000
3808064f00002940
0247080900000000
0108304700000000
3847064f00002a80
0230470200000000
0147083000000000
3830064f00002bc0
0208302a00000000
0130470800000000
3808064f00002d00
0247080500000000
0108304700000000
3847064f00002e40
0230471a00000000
0147083000000000
3830064f00002f80
0208302400000000
0130470800000000
3808064f000030c0
0247084a00000000
0108304700000000
3b08047f00002a00
0208060600000000
0206090900000000
0109080600000000
0206020200000000
0102090600000000
02062a2a00000000
012a020600000000
0206050500000000
01052a0600000000
02061a1a00000000
011a050600000000
0206242400000000
01241a0600000000
02064a4a00000000
014a240600000000
3b4a047f00002c00
384a047f0712f000
3c064a0000002200
3c244a0000002204
011a062400000000
3b1a047f00003000
3c1a4a0000002600
3c244a0000002604
01061a2400000000
3b06047f00003200
3c064a0000002a00
3c244a0000002a04
011a062400000000
3b1a047f00003400
3c1a4a0000003000
3c244a0000003004
014a1a2400000000
3b4a047f00002200
384a047f0713ec00
3c244a0000003400
384a047f0713ee00
3c1a4a0000003404
014a241a00000000
3b4a043f00002400
384a047f0713f000
3c1a4a0000002200
384a047f0713f200
3c244a0000002204
014a1a2400000000
3b4a045f00003000
384a047f0713f400
3c244a0000003000
234a242d00000000
011a244a00000000
234a1a1d00000000
01241a4a00000000
234a240f00000000
011a244a00000000
384a047f07130400
23241a4a00000000
01061a2400000000
3824047f0713f600
231a062400000000
391a040500001d4c
3400000000000000
3300000000000000
3300000000000000
381a041900001d00
2024000000000018
23061a2400000000
2024000044200000
1005062400000000
202400001e3ce508
0106052400000000
20050000bf000000
022a060500000000
200200005f3759df
0609062000000000
0906020900000000
200900003fc00000
0208060600000000
02472a0800000000
0108094700000000
0247060800000000
0208474700000000
02062a0800000000
0108090600000000
0206470800000000
0208060600000000
02472a0800000000
0108094700000000
0247060800000000
02081a4700000000
2b06000000000018
3847061700000000
2b06000000000018
381a061700000200
0206084700000000
0147061a00000000
0306473300000000
141a063400000000
13061a3600000000
021a060c00000000
01081a3900000000
011a083800000000
02081a3a00000000
012a060800000000
02081a3c00000000
01062a0800000000
0208370600000000
012a083f00000000
02082a0600000000
012a084000000000
02082a0600000000
012a084100000000
02082a0600000000
012a084200000000
02082a0600000000
012a084300000000
02082a0600000000
012a084300000000
0d081a0000000000
071a083b00000000
08082a1a00000000
011a084300000000
1008431a00000000
201a0000358637bd
012a081a00000000
202a000040000000
0206082a00000000
3808047f0712b600
2330474a00000000
0347304300000000
0430084700000000
0347433000000000
3830047f07132a00
3808047f07132c00
384b047f07132e00
384c047f07133000
384d047f07133200
384e047f07133400
384f047f07133600
3850047f07133800
2351470d00000000
1352475100000000
2351521f00000000
1353525100000000
0351533300000000
0153475100000000
1451533400000000
1353513600000000
0251530c00000000
0147513900000000
0151473800000000
0247513a00000000
0152534700000000
0247513c00000000
0153524700000000
0247375300000000
0152473f00000000
0247525300000000
0152474000000000
0247525300000000
0152474100000000
0247525300000000
0152474200000000
0247525300000000
0152474300000000
0247525300000000
0152474300000000
0d47510000000000
0751473b00000000
0847525100000000
2351473000000000
2352470800000000
0153515200000000
2352474b00000000
0151535200000000
2352474c00000000
0153515200000000
1052475300000000
0153521a00000000
2352534d00000000
2347534e00000000
0151524700000000
2347534f00000000
0152514700000000
2347535000000000
0151524700000000
0147511a00000000
1051534700000000
0547515100000000
280e000000000013
2351473000000000
2353470800000000
0152515300000000
2353474b00000000
0151525300000000
2353474c00000000
0152515300000000
0153521a00000000
1052475300000000
2353524d00000000
2351524e00000000
0154535100000000
2351524f00000000
0153545100000000
2351525000000000
0154535100000000
0151541a00000000
1047525100000000
290e0e00ffffffff
31000e0000002a61
2350070100000000
024f502100000000
234e250400000000
024d504e00000000
234e072000000000
02504e2300000000
234c250a00000000
024b4e4c00000000
014c4f5000000000
01504d4b00000000
234b073e00000000
024d4b1900000000
234f252c00000000
024e4b4f00000000
014f4c4d00000000
014d504e00000000
234e072700000000
02074e1c00000000
2350251700000000
024c4e5000000000
01504f0700000000
01074d4c00000000
0e4c500000000000
0e50070000000000
3807047f07133a00
044d500700000000
02074c4c00000000
3b07047f00003800
02074d4d00000000
3b07041f00003a00
3807047f07133c00
3c50070000003800
3807047f07133e00
3c4f070000003804
0107504f00000000
384f047f07134000
3c504f0000003808
014f075000000000
3850047f07134200
3c0750000000380c
01504f0700000000
3807047f07134400
3c4f070000003810
0107504f00000000
384f047f07134600
3c504f0000003814
014f075000000000
3850047f07134800
3c07500000003818
01504f0700000000
3807047f07134a00
3c4f07000000381c
0107504f00000000
234f072d00000000
012d074f00000000
234f2d1d00000000
011d2d4f00000000
234f1d0f00000000
010f1d4f00000000
234f0f4a00000000
014a0f4f00000000
384f047f07134c00
230f4a4f00000000
011d4a0f00000000
380f047f0712b800
234a1d0f00000000
200f000043200000
101d4a0f00000000
010f1d2400000000
021d0f0500000000
06050f2000000000
090f020500000000
02050f0f00000000
02021d0500000000
0105090200000000
02020f0500000000
0205020200000000
020f1d0500000000
0105090f00000000
020f020500000000
02050f0f00000000
02021d0500000000
0105090200000000
02020f0500000000
2305020100000000
2b06000000000019
3802067f00000000
2b06000000000019
380f061f00000200
021d4c0500000000
024c021d00000000
0e1d4c0000000000
024c4d0500000000
02050f4c00000000
0e4c050000000000
0e051d0000000000
3b05047f00000100
0e054c0000000000
3b05047f00000300
3c05320000000100
4000050000000000
3c05320000000104
4000050000000001
3c05320000000108
4000050000000002
3c0532000000010c
4000050000000003
3c05320000000110
4000050000000004
3c05320000000114
4000050000000005
3c05320000000118
4000050000000006
3c0532000000011c
4000050000000007
3c05320000000300
4000050000000008
3c05320000000304
4000050000000009
3c05320000000308
400005000000000a
3c0532000000030c
400005000000000b
3c05320000000310
400005000000000c
3c05320000000314
400005000000000d
3c05320000000318
400005000000000e
3c0532000000031c
400005000000000f
2b0600000000001a
2807000000000800
4106070200080004
4200000000000000
3a05040300000800
0432051100000000
030f323300000000
14320f3400000000
130f323600000000
02320f0c00000000
014d323900000000
01324d3800000000
024d323a00000000
01020f4d00000000
024d323c00000000
010f024d00000000
024d370f00000000
01024d3f00000000
024d020f00000000
01024d4000000000
024d020f00000000
01024d4100000000
024d020f00000000
01024d4200000000
024d020f00000000
01024d4300000000
024d020f00000000
01024d4300000000
0d4d320000000000
07324d3b00000000
084d023200000000
01324d2a00000000
10024d3200000000
0232020200000000
204d00003d70f0f1
020f4d3200000000
204d00003d888889
014a0f4d00000000
024d4a3200000000
204a00003d9d89d9
010f4d4a00000000
024a0f3200000000
200f00003dba2e8c
014d4a0f00000000
020f4d3200000000
204d00003de38e39
014a0f4d00000000
024d4a3200000000
204a00003e124925
010f4d4a00000000
024a0f3200000000
200f00003e4ccccd
014d4a0f00000000
020f4d3200000000
204d00003eaaaaab
014a0f4d00000000
024d4a3200000000
014a4d4300000000
024d024a00000000
024a4d2a00000000
134d050100000000
01054d4a00000000
114d050000000000
2b0600000000001b
3805060300000000
014a4d0500000000
3805047f07142400
032a4a2f00000000
044a052a00000000
032a2f4a00000000
234a2a0100000000
0c2f4a2a00000000
0c052a4a00000000
054a2f0500000000
03054a2000000000
384a047f07137000
0402054a00000000
054a2f0200000000
0802014a00000000
234a2a2000000000
0c2f4a2a00000000
0c052a4a00000000
054a2f0500000000
03054a2000000000
384a047f07137200
0432054a00000000
054a2f3200000000
0832024a00000000
234a2a3e00000000
0c024a2a00000000
0c2f2a4a00000000
054a022f00000000
032f4a2000000000
384a047f07137400
04052f4a00000000
054a020500000000
0805324a00000000
234a2a2700000000
0c324a2a00000000
0c022a4a00000000
054a320200000000
03024a2000000000
384a047f07137600
042a024a00000000
054a322a00000000
082a054a00000000
0b4a2a2700000000
382a047f07142600
04054a2a00000000
092a010500000000
384a047f0713b200
2332054a00000000
384a047f0713b400
0402324a00000000
084a050200000000
3802047f0713b600
23324a0200000000
3802047f0713b800
042f320200000000
08024a2f00000000
382f047f0713ba00
234a022f00000000
382f047f0713bc00
04324a2f00000000
082f023200000000
3832047f0713be00
23022f3200000000
3832047f0713c000
044a023200000000
08322f4a00000000
094a320500000000
04324d2a00000000
2305320100000000
232f322000000000
0102052f00000000
232f323e00000000
0105022f00000000
232f322700000000
0132052f00000000
012f322400000000
10324d2f00000000
022f320900000000
07324a3e00000000
204a000000007c80
0809324a00000000
204a000000007400
0332094a00000000
04092a3200000000
03324a0900000000
2109000000000000
3d09320f00000000
3d2f320f00000040
3a32040200007c80
3a2f040200007cc0
04091d1100000000
234a090d00000000
132a094a00000000
234a2a1f00000000
13092a4a00000000
234a092e00000000
132a094a00000000
234a2a1000000000
13092a4a00000000
234a092600000000
132a094a00000000
134a2a3d00000000
022a4a4900000000
064a2a3b00000000
04092a1800000000
0a2a090100000000
08094a2a00000000
092a091600000000
0909162a00000000
074a093b00000000
02091d4a00000000
174a090000000000
04094c1100000000
231d090d00000000
134d091d00000000
231d4d1f00000000
13094d1d00000000
231d092e00000000
134d091d00000000
231d4d1000000000
13094d1d00000000
231d092600000000
134d091d00000000
131d4d3d00000000
024d1d4900000000
061d4d3b00000000
04094d1800000000
0a4d090100000000
08091d4d00000000
094d091600000000
0909164d00000000
071d093b00000000
02094c1d00000000
171d090000000000
43004a0100000000
45002a0000000000
23094a1500000000
234c2a1500000000
4300090100000001
45004c0000000001
234c4a2900000000
23092a2900000000
43004c0100000002
4500090000000002
23094a4400000000
234a2a4400000000
4300090100000003
45004a0000000003
43001d0100000004
45004d0000000004
204d000041200000
201d0000c1200000
2b09320000000000
2a09090000010e00
2b0600000000002f
2c06060900000000
2807000000000800
4406070100051020
4200000000000000
3a4a041f00000800
0e094a0000000000
234a094f00000000
132a4a1d00000000
144a2a4d00000000
142a094d00000000
03092a3300000000
1444093400000000
1309443600000000
0244090c00000000
014c443900000000
01444c3800000000
024c443a00000000
0129094c00000000
024c443c00000000
0109294c00000000
024c370900000000
01294c3f00000000
024c290900000000
01294c4000000000
024c290900000000
01294c4100000000
024c290900000000
01294c4200000000
024c290900000000
01294c4300000000
024c290900000000
01294c4300000000
0d4c440000000000
07444c3b00000000
084c294400000000
01444c4300000000
104c2a4400000000
02444c4a00000000
234c2f0100000000
024a4c4400000000
394a040f000024c0
2b09320000000001
2a09090000010e00
2b0600000000002f
2c06060900000000
2807000000000800
4406070100051020
4200000000000000
3a4a041f00000800
0e4c4a0000000000
234a4c4f00000000
13444a1d00000000
144a444d00000000
14444c4d00000000
034c443300000000
142a4c3400000000
134c2a3600000000
022a4c0c00000000
01292a3900000000
012a293800000000
02292a3a00000000
01094c2900000000
02292a3c00000000
014c092900000000
0229374c00000000
0109293f00000000
0229094c00000000
0109294000000000
0229094c00000000
0109294100000000
0229094c00000000
0109294200000000
0229094c00000000
0109294300000000
0229094c00000000
0109294300000000
0d292a0000000000
072a293b00000000
0829092a00000000
012a294300000000
1029442a00000000
022a294a00000000
23292f2000000000
024a292a00000000
394a040f000025c0
2b09320000000002
2a09090000010e00
2b0600000000002f
2c06060900000000
2807000000000800
4406070100051020
4200000000000000
3a4a041f00000800
0e294a0000000000
234a294f00000000
132a4a1d00000000
144a2a4d00000000
142a294d00000000
03292a3300000000
1444293400000000
1329443600000000
0244290c00000000
0109443900000000
0144093800000000
0209443a00000000
014c290900000000
0209443c00000000
01294c0900000000
0209372900000000
014c093f00000000
02094c2900000000
014c094000000000
02094c2900000000
014c094100000000
02094c2900000000
014c094200000000
02094c2900000000
014c094300000000
02094c2900000000
014c094300000000
0d09440000000000
0744093b00000000
08094c4400000000
0144094300000000
10092a4400000000
0244094a00000000
23092f3e00000000
022f094400000000
392f040f000026c0
2b06000000000030
2807000000000800
4406070100050020
4200000000000000
3a2f041f00000800
0e092f0000000000
232f094f00000000
134f2f1d00000000
142f4f4d00000000
144f094d00000000
03094f3300000000
1433093400000000
1309333600000000
0233090c00000000
010c333900000000
01330c3800000000
020c333a00000000
013a090c00000000
020c333c00000000
013c3a0c00000000
020c373c00000000
01370c3f00000000
020c373c00000000
01370c4000000000
020c373c00000000
01370c4100000000
020c373c00000000
01370c4200000000
020c373c00000000
01370c4300000000
020c373c00000000
01370c4300000000
0d0c330000000000
07330c3b00000000
080c373300000000
01330c4300000000
100c4f3300000000
02330c2f00000000
3933040f000027c0
3400000000000000
3300000000000000
3300000000000000
3833043f00002400
0e0c330000000000
04330c1100000000
232f330d00000000
134f332f00000000
232f4f1f00000000
13334f2f00000000
232f332e00000000
134f332f00000000
232f4f1000000000
13334f2f00000000
232f332600000000
134f332f00000000
132f4f3d00000000
024f2f4900000000
062f4f3b00000000
04334f1800000000
0a4f330100000000
08332f4f00000000
094f331600000000
0933164f00000000
072f333b00000000
02330c2f00000000
172f330000000000
43002f0100000000
45004f0000000000
23332f1500000000
232f4f1500000000
4300330100000001
45002f0000000001
2b09320000000000
2a09090000010e00
2b0600000000002f
2c06060900000000
290606000000b400
2807000000000800
4406070100021028
4200000000000000
3a2f042700000800
0e332f0000000000
382f043f00002500
0e4f2f0000000000
042f4f1100000000
230c2f0d00000000
13432f0c00000000
230c431f00000000
132f430c00000000
230c2f2e00000000
13432f0c00000000
230c431000000000
132f430c00000000
230c2f2600000000
13432f0c00000000
130c433d00000000
02430c4900000000
060c433b00000000
042f431800000000
0a432f0100000000
082f0c4300000000
09432f1600000000
092f164300000000
070c2f3b00000000
022f4f0c00000000
170c2f0000000000
43000c0100000000
4500430000000000
232f0c1500000000
230c431500000000
43002f0100000001
45000c0000000001
2b09320000000001
2a09090000010e00
2b0600000000002f
2c06060900000000
290606000000b400
2807000000000800
4406070100021028
4200000000000000
3a0c042700000800
0e2f0c0000000000
010c332f00000000
382f043f00002600
0e332f0000000000
042f331100000000
23432f0d00000000
134f2f4300000000
23434f1f00000000
132f4f4300000000
23432f2e00000000
134f2f4300000000
23434f1000000000
132f4f4300000000
23432f2600000000
134f2f4300000000
13434f3d00000000
024f434900000000
06434f3b00000000
042f4f1800000000
0a4f2f0100000000
082f434f00000000
094f2f1600000000
092f164f00000000
07432f3b00000000
022f334300000000
17432f0000000000
4300430100000000
45004f0000000000
232f431500000000
23434f1500000000
43002f0100000001
4500430000000001
2b09320000000002
2a09090000010e00
2b0600000000002f
2c06060900000000
290606000000b400
2807000000000800
4406070100021028
4200000000000000
3a32042700000800
0e43320000000000
01320c4300000000
3843043f00002700
0e0c430000000000
04430c1100000000
2311430d00000000
130d431100000000
23110d1f00000000
131f0d1100000000
23111f2e00000000
132e1f1100000000
23112e1000000000
13102e1100000000
2311102600000000
1326101100000000
1311263d00000000
0226114900000000
0611263b00000000
0449261800000000
0a26490100000000
0849112600000000
0926491600000000
0949162600000000
0716493b00000000
02490c1600000000
1716490000000000
4300160100000000
4500260000000000
2349161500000000
2316261500000000
4300490100000001
4500160000000001
2b06000000000030
290606000000b400
2807000000000800
4406070100020028
4200000000000000
3a00042700000800
0e16000000000000
0100321600000000
0e16000000000000
3916042700002360
3400000000000000
3300000000000000
3300000000000000
3816047f00002180
3800041f00002380
2332470100000000
0201322100000000
2332473500000000
0249322300000000
0132014900000000
2349474500000000
0245491900000000
0149324500000000
2345471e00000000
021e451c00000000
0145491e00000000
231e063500000000
02351e1600000000
011e354500000000
0e351e0000000000
2335472000000000
0220352100000000
2335470b00000000
021e352300000000
0135201e00000000
231e474800000000
02481e1900000000
011e354800000000
2348470e00000000
020e481c00000000
01481e0e00000000
230e060b00000000
020b0e1600000000
010e0b4800000000
0e0b0e0000000000
230b473e00000000
023e0b2100000000
230b472800000000
020e0b2300000000
010b3e0e00000000
230e471400000000
02140e1900000000
010e0b1400000000
2314474600000000
0246141c00000000
01140e4600000000
2346062800000000
0228461600000000
0146281400000000
0e28460000000000
2328472700000000
0227282100000000
2328471200000000
0221282300000000
0128272100000000
2321473100000000
0231211900000000
0121283100000000
2331470300000000
0203311c00000000
0131210300000000
2303061200000000
0212031600000000
0103123100000000
0e12030000000000
2312250400000000
2303471b00000000
021b031200000000
2303250a00000000
230a472b00000000
02120a0300000000
010a1b1200000000
2312252c00000000
232c471300000000
02132c1200000000
012c0a1300000000
2313251700000000
2325472200000000
0247251300000000
01252c4700000000
2347062b00000000
2306000400000000
0200470600000000
0106002500000000
0e00060000000000
3200000000000000
0000000000000000
0000000000000000
0000000000000000
0000000000000000
0000000000000000
0000000000000000
0000000000000000
0000000000000000
0000000000000000
0000000000000000
0000000000000000
0000000000000000
0000000000000000
0000000000000000
0000000000000000
0000000000000000
0000000000000000
0000000000000000
0000000000000000
0000000000000000
0000000000000000
0000000000000000
0000000000000000
0000000000000000
0000000000000000
0000000000000000
0000000000000000
0000000000000000
0000000000000000
0000000000000000
0000000000000000
0000000000000000
0000000000000000
0000000000000000
0000000000000000
0000000000000000
0000000000000000
0000000000000000
0000000000000000
0000000000000000
0000000000000000
0000000000000000
0000000000000000
0000000000000000
0000000000000000
0000000000000000
0000000000000000
0000000000000000
0000000000000000
0000000000000000
0000000000000000
0000000000000000
0000000000000000
0000000000000000
0000000000000000
0000000000000000
0000000000000000
0000000000000000
0000000000000000
0000000000000000
0000000000000000
0000000000000000
0000000000000000
0000000000000000
0000000000000000
0000000000000000
0000000000000000
0000000000000000
0000000000000000
0000000000000000
0000000000000000
0000000000000000
0000000000000000
0000000000000000
0000000000000000
0000000000000000
0000000000000000
0000000000000000
0000000000000000
0000000000000000
0000000000000000
0000000000000000
0000000000000000
0000000000000000
0000000000000000
0000000000000000
0000000000000000
0000000000000000
2804000000000000
3800047f00001000
3801047f00001200
3802047f00001400
3803047f00001600
3804047f00001800
3805040300001a00
2006000000000000
2307050600000000
0208070000000000
3800047f07128000
2309040000000000
0200070900000000
2009000000000001
2307050900000000
020a070100000000
3801047f07128200
230b040100000000
0201070b00000000
010b080a00000000
010a000100000000
2001000000000002
2300050100000000
0201000200000000
3802047f07128400
2308040200000000
0202000800000000
01080b0100000000
01010a0200000000
2002000000000003
230a050200000000
02020a0300000000
3803047f07128600
2305040300000000
02030a0500000000
0105080200000000
0102010300000000
0e03050000000000
0e05020000000000
3802047f07133a00
0401050200000000
0202030300000000
3b02047f00003800
0202010100000000
3b02041f00003a00
3802047f07133c00
3c05020000003800
3802047f07133e00
3c08020000003804
0102050800000000
3808047f07134000
3c05080000003808
0108020500000000
3805047f07134200
3c0205000000380c
0105080200000000
3802047f07134400
3c08020000003810
0102050800000000
3808047f07134600
3c05080000003814
0108020500000000
3805047f07134800
3c02050000003818
0105080200000000
3802047f07134a00
3c0802000000381c
0102050800000000
3808047f0712fc00
2305020800000000
0108020500000000
3805047f0712fe00
2302080500000000
0105080200000000
3802047f07130000
2308050200000000
0102050800000000
3808047f07130400
2305020800000000
0108020500000000
3805047f07134c00
2302080500000000
0105080200000000
3802047f0712b800
2308050200000000
2002000043200000
1005080200000000
200200001e3ce508
0108050200000000
20020000bf000000
0205080200000000
200200005f3759df
060a080900000000
0908020a00000000
200a00003fc00000
0202080800000000
0209050200000000
01020a0900000000
0209080200000000
0202090900000000
0208050200000000
01020a0800000000
0208090200000000
0202080800000000
0209050200000000
01020a0900000000
0209080200000000
2302090600000000
3809047f07047f80
3806041f07048180
0208030200000000
0203090800000000
0e08030000000000
0203010200000000
0202060300000000
0e03020000000000
0e02080000000000
3b02047f00000100
0e02030000000000
3b02047f00000300
3802047f07136800
3c03020000000100
4000030000000000
3c03020000000104
4000030000000001
3c03020000000108
4000030000000002
3c0302000000010c
4000030000000003
3c03020000000110
4000030000000004
3c03020000000114
4000030000000005
3c03020000000118
4000030000000006
3c0302000000011c
4000030000000007
3c03020000000300
4000030000000008
3c03020000000304
4000030000000009
3c03020000000308
400003000000000a
3c0302000000030c
400003000000000b
3c03020000000310
400003000000000c
3c03020000000314
400003000000000d
3c03020000000318
400003000000000e
3c0302000000031c
400003000000000f
2806000006f6bb80
2807000000000800
41060702000803f2
4200000000000000
2a08000000003f20
3a03047f00000800
3903087f07009dd8
3a03047f00000a00
3903087f07009fd8
3a03047f00000c00
3903087f0700a1d8
3a03047f00000e00
3903087f0700a3d8
3a03047f00001000
3903087f0700a5d8
3a03047f00001200
3903087f0700a7d8
3a03047f00001400
3903087f0700a9d8
3a03047100001600
390308710700abd8
3400000000000000
3200000000000000
2804000000000000
2a08000000000040
3800181f0706a000
0e01000000000000
3b01047f00000100
2001000000000000
3b01047f00000300
3800047f07136800
3c02000000000100
4000020000000000
3c02000000000104
4000020000000001
3c02000000000108
4000020000000002
3c0200000000010c
4000020000000003
3c02000000000110
4000020000000004
3c02000000000114
4000020000000005
3c02000000000118
4000020000000006
3c0200000000011c
4000020000000007
28060000070e8400
2807000000000800
41060701000803f2
4200000000000000
2a09010000003f20
2102000000000000
3800097f07009dd8
3a03047f00000800
0104000300000000
3803097f07009fd8
3a00047f00000a00
0105030000000000
0c00050400000000
0903010000000000
0300050400000000
0405030000000000
0300040500000000
2005000000000080
0804020500000000
0305040200000000
0404030500000000
0305020400000000
3804097f0700a1d8
3a03047f00000c00
0106040300000000
0c03060000000000
0904010300000000
0303060000000000
0406040300000000
0303000600000000
2006000000000100
0800020600000000
0306000500000000
0400040600000000
0306050000000000
3800097f0700a3d8
3a05047f00000e00
0104000500000000
0c05040300000000
0900010500000000
0305040300000000
0404000500000000
0305030400000000
2004000000000180
0803020400000000
0304030600000000
0403000400000000
0304060300000000
3803097f0700a5d8
3a06047f00001000
0100030600000000
0c06000500000000
0903010600000000
0306000500000000
0400030600000000
0306050000000000
2000000000000200
0805020000000000
0300050400000000
0405030000000000
0300040500000000
3805097f0700a7d8
3a04047f00001200
0103050400000000
0c04030600000000
0905010400000000
0304030600000000
0403050400000000
0304060300000000
2003000000000280
0806020300000000
0303060000000000
0406050300000000
0303000600000000
3806097f0700a9d8
3a00047f00001400
0105060000000000
0c00050400000000
0906010000000000
0300050400000000
0405060000000000
0300040500000000
2005000000000300
0804020500000000
0305040300000000
0404060500000000
0305030400000000
380409710700abd8
3a03047f00001600
0106040300000000
3803047f07140000
20040000ff61b1e6
0307060400000000
0406030700000000
0307040600000000
0c06070000000000
0904010600000000
0306070000000000
0407040600000000
0306000700000000
2007000000000380
0800020700000000
0307000500000000
0400040700000000
0307050000000000
3800047f07135000
2305060000000000
2304070000000000
0c00050600000000
0c02060500000000
0503000200000000
2002000000000001
0308030200000000
0b03040700000000
0409080300000000
0503000900000000
0909010300000000
0303050600000000
0405090300000000
0303060500000000
0305040700000000
0404090500000000
0305070400000000
3804047f07134e00
2307030400000000
2309050400000000
0c04070300000000
0c06030700000000
0500040600000000
0306000200000000
0b00090500000000
0408060000000000
0500040800000000
0908010000000000
0300070300000000
0407080000000000
0300030700000000
0307090500000000
0409080700000000
0307050900000000
3809047f07134c00
2305000900000000
2308070900000000
0c09050000000000
0c03000500000000
0504090300000000
0303040200000000
0b04080700000000
0406030400000000
0504090600000000
0906010400000000
0304050000000000
0405060400000000
0304000500000000
0305080700000000
0408060500000000
0305070800000000
3808047f07130400
2307040800000000
2306050800000000
0c08070400000000
0c00040700000000
0509080000000000
0300090200000000
0b09060500000000
0403000900000000
0509080300000000
0903010900000000
0309070400000000
0407030900000000
0309040700000000
0307060500000000
0406030700000000
0307050600000000
3806047f07130000
2305090600000000
2303070600000000
0c06050900000000
0c04090500000000
0508060400000000
0304080200000000
0b08030700000000
0400040800000000
0508060000000000
0900010800000000
0308050900000000
0405000800000000
0308090500000000
0305030700000000
0403000500000000
0305070300000000
3803047f0712fe00
2307080300000000
2300050300000000
0c03070800000000
0c09080700000000
0506030900000000
0309060200000000
0b06000500000000
0404090600000000
0506030400000000
0904010600000000
0306070800000000
0407040600000000
0306080700000000
0307000500000000
0400040700000000
0307050000000000
3800047f0712fc00
2305060000000000
2304070000000000
0c00050600000000
0c08060500000000
0503000800000000
0308030200000000
0b03040700000000
0402080300000000
0503000200000000
0902010300000000
0303050600000000
0405020300000000
0303060500000000
0305040700000000
0404020500000000
0305070400000000
2004000000000bd6
0807050400000000
3804047f07128800
0305030700000000
0403040500000000
0305070300000000
3905040100004608
3400000000000000
3300000000000000
3200000000000000
0000000000000000
0000000000000000
0000000000000000
0000000000000000
0000000000000000
0000000000000000
0000000000000000
0000000000000000
0000000000000000
0000000000000000
0000000000000000
0000000000000000
0000000000000000
0000000000000000
0000000000000000
0000000000000000
0000000000000000
0000000000000000
0000000000000000
0000000000000000
0000000000000000
