2804000000000000
2a05000000001280
3800057f06fea200
3900047f00001000
3800057f06fea400
3900047f00001200
3800057f06fea600
3900047f00001400
3800057f06fea800
3900047f00001600
3800057f06feaa00
3900047f00001800
3800050306feac00
3900040300001a00
3800051f06feac20
3900041f00001c00
3800050006feaca0
3900040000001c80
2200010000000000
3900040000001a80
2200010000000000
2001000000000025
0902000100000000
2001000000000003
0b00020100000000
2001000000000001
0303000100000000
2b06030000000000
310006000000003b
3803057f06fea200
3801057f06fea400
3800057f06fea600
3804057f06fea800
3805057f06feaa00
0106030100000000
0101060000000000
0106010400000000
3801047f07128000
2304050100000000
3801047f07128200
2300050100000000
3801047f07128400
2303050100000000
3801047f07128600
2307050100000000
0101040000000000
0100010300000000
0101000700000000
2000000000000280
1207020000000000
2b06070000000000
2c05050600000000
200700003e800000
0200060700000000
0e06000000000000
3906057f06feaca4
0206010700000000
0e07060000000000
3907051f06feaea4
3400000000000000
3200000000000000
2804000000000000
2a05000000001280
3800047f00001000
3900057f06fea200
3800047f00001200
3900057f06fea400
3800047f00001400
3900057f06fea600
3800047f00001600
3900057f06fea800
3800047f00001800
3900057f06feaa00
3800040300001a00
3900050306feac00
3800041f00001c00
3900051f06feac20
3800040000001c80
3900050006feaca0
3400000000000000
3200000000000000
2804000000000000
2a08000000000140
3800187f0002de80
3801181f0002df80
3802047f07128000
2303010200000000
3900047f00001000
3900047f00001200
3900047f00001400
3900047f00001600
3903047f00001800
3803047f07128800
200000003f800000
2002000000000000
0301000200000000
0400030100000000
0301020000000000
3901040300001a00
2a09000000000004
3801090000029f00
2a0a010000000004
39010a0000001b0c
3902040000001a80
3400000000000000
3200000000000000
2804000000000000
3800040000001a80
2b05000000000000
2a05050000000200
3801057f00024700
2002000000000000
3b02043f00000000
2b0a010000000000
31000a0000000357
3803047f00001000
3804047f00001200
3805047f00001400
3806047f00001600
3807047f00001800
2a08010000000004
3808080300001b00
2b06010000000001
3809067f00000000
380a067f00000200
380b067f00000400
380c067f00000600
380d067f00000800
380e067f00000a00
380f067f00000c00
3810067f00000e00
3811067f00001000
3812067f00001200
3813067f00001400
3814067f00001600
3815067f00001800
3816067f00001a00
3817067f00001c00
2018000000000003
2319081800000000
121a190900000000
151b190900000000
1209190a00000000
08191b0900000000
2009000000000002
231b080900000000
120a1b0b00000000
151c1b0b00000000
120b1b0c00000000
081b1c0b00000000
040b0a1500000000
030a1a0b00000000
040b1b1500000000
031b190b00000000
200b000000000001
2319080b00000000
1215190d00000000
151a190d00000000
120d190e00000000
08191a0d00000000
040d151600000000
03150a0d00000000
040d191600000000
03191b0d00000000
230d080200000000
12080d0f00000000
151b0d0f00000000
120f0d1000000000
080d1b0f00000000
040f081700000000
0308150f00000000
040f0d1700000000
030d190f00000000
090f110b00000000
15190d1200000000
1217191100000000
09190d1700000000
0a17190f00000000
090d021700000000
04170d1100000000
090d191700000000
12170d1300000000
150d081200000000
12130d1100000000
090d081300000000
0a130d0f00000000
0908021300000000
0413081100000000
09080d1300000000
0813170800000000
1508131200000000
1212081100000000
0908131200000000
0a12080f00000000
090f021200000000
04120f1100000000
090f081200000000
08120f1400000000
040f120b00000000
03140f0200000000
090f140b00000000
2b09010000000002
0614120b00000000
2012000000000024
1208141200000000
2212090000000000
0814081200000000
2012000000004680
0308141200000000
04140f0800000000
0308121400000000
280f000000000000
2b08080000000000
3814281f00000000
3812481f00000020
020f141200000000
390f041f00002b00
2b08080000000001
380f281f00000000
3812481f00000020
02140f1200000000
3914041f00002b80
2b08080000000002
3814281f00000000
3812481f00000020
020f141200000000
390f041f00002c00
2b08080000000003
380f281f00000000
3812481f00000020
02140f1200000000
3914041f00002c80
2b08080000000004
3814281f00000000
3812481f00000020
020f141200000000
390f041f00002d00
2b08080000000005
380f281f00000000
3812481f00000020
02140f1200000000
3914041f00002d80
2b08080000000006
3814281f00000000
3812481f00000020
020f141200000000
390f041f00002e00
2b08080000000007
380f281f00000000
3812481f00000020
02140f1200000000
3914041f00002e80
2b08080000000008
3814281f00000000
3812481f00000020
020f141200000000
390f041f00002f00
2b08080000000009
380f281f00000000
3812481f00000020
02140f1200000000
3914041f00002f80
2b0808000000000a
3814281f00000000
3812481f00000020
020f141200000000
390f041f00003000
2b0808000000000b
3808281f00000000
380f481f00000020
0212080f00000000
3912041f00003080
3400000000000000
3300000000000000
3812047f00002b00
380f047f07128a00
0408120f00000000
4812080000000080
3912047f00002b00
3812047f00002d00
0408120f00000000
4812080000000080
3912047f00002d00
3812047f00002f00
0408120f00000000
4812080000000080
3912047f00002f00
3812047f00003100
0408120f00000000
4812080000000080
3912047f00003100
3812047f00003300
0408120f00000000
4812080000000080
3912047f00003300
3812047f00003500
0408120f00000000
4812080000000080
3912047f00003500
3400000000000000
3300000000000000
3812047f00002b00
0e08120000000000
3812047f00002d00
0e14120000000000
3812047f00002f00
0e11120000000000
3812047f00003100
0e13120000000000
3812047f00003300
0e17120000000000
3812047f00003500
0e0d120000000000
201200007fffffff
0419081200000000
3815047f07128c00
231b191500000000
1310191b00000000
381b047f07128e00
2319101b00000000
1316101900000000
3819047f07129000
2310161900000000
130a161000000000
3810047f07129200
23160a1000000000
131a0a1600000000
3816047f07129400
230a1a1600000000
130e1a0a00000000
200a000038d1b717
131a0e0a00000000
200e00003b124925
021c1a0e00000000
201a000000000017
060c1c1a00000000
201d0000007fffff
041e1c1d00000000
0a1c1e0200000000
081e0c1c00000000
201c00000000007f
090c1e1c00000000
091e1c0c00000000
071f1e1a00000000
021e081f00000000
171f1e0000000000
041e141200000000
23081e1500000000
13201e0800000000
2308201b00000000
131e200800000000
23081e1900000000
13201e0800000000
2308201000000000
131e200800000000
23081e1600000000
13201e0800000000
1308200a00000000
0220080e00000000
0608201a00000000
041e201d00000000
0a201e0200000000
081e082000000000
09201e1c00000000
091e1c2000000000
07081e1a00000000
021e140800000000
17081e0000000000
041e111200000000
23141e1500000000
13211e1400000000
2314211b00000000
131e211400000000
23141e1900000000
13211e1400000000
2314211000000000
131e211400000000
23141e1600000000
13211e1400000000
1314210a00000000
0221140e00000000
0614211a00000000
041e211d00000000
0a211e0200000000
081e142100000000
09211e1c00000000
091e1c2100000000
07141e1a00000000
021e111400000000
17141e0000000000
041e131200000000
23111e1500000000
13221e1100000000
2311221b00000000
131e221100000000
23111e1900000000
13221e1100000000
2311221000000000
131e221100000000
23111e1600000000
13221e1100000000
1311220a00000000
0222110e00000000
0611221a00000000
041e221d00000000
0a221e0200000000
081e112200000000
09221e1c00000000
091e1c2200000000
07111e1a00000000
021e131100000000
17111e0000000000
041e171200000000
23131e1500000000
13231e1300000000
2313231b00000000
131e231300000000
23131e1900000000
13231e1300000000
2313231000000000
131e231300000000
23131e1600000000
13231e1300000000
1313230a00000000
0223130e00000000
0613231a00000000
041e231d00000000
0a231e0200000000
081e132300000000
09231e1c00000000
091e1c2300000000
07131e1a00000000
021e171300000000
17131e0000000000
041e0d1200000000
23171e1500000000
13151e1700000000
2317151b00000000
131b151700000000
23171b1900000000
13191b1700000000
2317191000000000
1310191700000000
2317101600000000
1316101700000000
1317160a00000000
0216170e00000000
0617161a00000000
040e161d00000000
0a160e0200000000
080e171600000000
09160e1c00000000
090e1c1600000000
071c0e1a00000000
020e0d1c00000000
171c0e0000000000
3b1f047f00001800
3b0c047f00002400
3b08047f00001a00
3b20047f00002600
3b14047f00001c00
3b21047f00002800
3b11047f00001e00
3b22047f00002a00
3b13047f00002000
3b23047f00002c00
3b1c047f00002200
3b16047f00002e00
3816047f07129600
3c1c160000001800
43001c0200000000
381c047f07129800
3c161c0000002400
4500160000000000
3816047f07129a00
3c1c160000001880
43001c0200000001
381c047f07129c00
3c161c0000002480
4500160000000001
3816047f07129e00
3c1c160000001900
43001c0200000002
381c047f0712a000
3c161c0000002500
4500160000000002
3816047f0712a200
3c1c160000001980
43001c0200000003
381c047f0712a400
3c161c0000002580
4500160000000003
3816047f0712a600
3c1c160000001a00
43001c0200000004
381c047f0712a800
3c161c0000002600
4500160000000004
3816047f0712aa00
3c1c160000001a80
43001c0200000005
381c047f0712ac00
3c161c0000002680
4500160000000005
3816047f0712ae00
3c1c160000001b00
43001c0200000006
381c047f0712b000
3c161c0000002700
4500160000000006
3816047f0712b200
3c1c160000001b80
43001c0200000007
381c047f0712b400
3c161c0000002780
4500160000000007
2b06010000000003
2807000000000800
44060701000800c8
4200000000000000
3a16047f00000800
0e1c160000000000
391c047f00003700
3a1c044700000a00
0e161c0000000000
3916044700003900
3400000000000000
3300000000000000
3816047f00003700
041c160f00000000
48161c0000000080
3916047f00003700
3816047f00003900
041c160f00000000
48161c0000000080
3916047f00003900
3816047f00003b00
041c160f00000000
48161c0000000080
3916047f00003b00
3816047f00003d00
381c047f0712b600
040f161c00000000
481c0f0000000080
391c047f00003d00
381c047f00003f00
380f047f0712b800
04161c0f00000000
481c160000000080
391c047f00003f00
381c047f00004100
04161c0f00000000
481c160000000080
391c047f00004100
381c041f00004300
04161c0f00000000
481c160000000020
391c041f00004300
3400000000000000
3300000000000000
381c047f00003700
3816047f00003900
380f047f00003b00
3823047f00003d00
3813047f00003f00
3822047f00004100
3811041f00004300
2b06010000000004
3821067f00000000
2b06010000000004
3814067f00000200
2b06010000000004
3820067f00000400
2b06010000000004
3808067f00000600
2b06010000000004
380c067f00000800
2b06010000000004
381f067f00000a00
2b06010000000004
380e067f00000c00
2b06010000000004
380d067f00000e00
2b06010000000004
3817067f00001000
2b06010000000004
381d067f00001200
020a211f00000000
021f140e00000000
020e200d00000000
020d081700000000
02170c1d00000000
021d030300000000
3b1d047f00004000
021d040400000000
3b1d047f00004280
021d050500000000
3b1d047f00004500
021d060600000000
3b1d047f00004780
021d070700000000
380c047f0712ba00
3d1d0c7f00000000
020c1c1c00000000
3b0c047f00004a00
020c161600000000
3b0c047f00004c80
020c0f0f00000000
3b0c047f00004f00
020c232300000000
3b0c047f00005180
020c131300000000
381d047f0712bc00
3d0c1d7f00000000
021d030a00000000
020a1d1c00000000
3b0a047f00005400
020a041f00000000
021f0a1600000000
3b1f047f00005680
021f050e00000000
020e1f0f00000000
3b0e047f00005900
020e060d00000000
020d0e2300000000
3b0d047f00005b80
020d071700000000
02170d1300000000
380d047f0712be00
3d170d7f00000000
380d047f0712c000
3c170d0000004000
380d047f0712c200
3c130d0000004004
010d171300000000
3813047f0712c400
3c17130000004008
01130d1700000000
3817047f0712c600
3c0d17000000400c
0117130d00000000
380d047f0712c800
3c130d0000004010
010d171300000000
3813047f0712ca00
3c17130000004014
01130d1700000000
3817047f0712cc00
3c0d170000004018
0117130d00000000
380d047f0712ce00
3c130d000000401c
010d171300000000
3813047f0712d000
3c17130000004a00
3813047f0712d200
3c0e130000004a04
0113170e00000000
380e047f0712d400
3c170e0000004a08
010e131700000000
3817047f0712d600
3c13170000004a0c
01170e1300000000
3813047f0712d800
3c0e130000004a10
0113170e00000000
380e047f0712da00
3c170e0000004a14
010e131700000000
3817047f0712dc00
3c13170000004a18
01170e1300000000
3813047f0712de00
3c0e130000004a1c
0113170e00000000
380e047f0712e000
3c170e0000005400
380e047f0712e200
3c230e0000005404
010e172300000000
3823047f0712e400
3c17230000005408
01230e1700000000
3817047f0712e600
3c0e17000000540c
0117230e00000000
380e047f0712e800
3c230e0000005410
010e172300000000
3823047f0712ea00
3c17230000005414
01230e1700000000
3817047f0712ec00
3c0e170000005418
0117230e00000000
380e047f0712ee00
3c230e000000541c
010e172300000000
3b0d047f00002200
3b13047f00002400
3b0e047f00002600
380e047f0712f000
3c130e0000002200
3c0d0e0000002204
010e130d00000000
3b0e047f00003000
380e047f0712f200
3c0d0e0000002600
380e047f0712f400
3c130e0000002604
010e0d1300000000
3b0e043f00003200
380e047f0712f600
3c130e0000003000
380e047f0712f800
3c0d0e0000003004
010e130d00000000
3b0e045f00002200
380e047f0712fa00
3c0d0e0000002200
380e047f0712fc00
23130d0e00000000
010e0d1300000000
3813047f0712fe00
230d0e1300000000
01130e0d00000000
380d047f07130000
230e130d00000000
0123130e00000000
380e047f07130200
2313230e00000000
200e000043200000
202300001e3ce508
1017130e00000000
011f172300000000
20170000bf000000
020f1f1700000000
200a00005f3759df
06161f0b00000000
091f0a1600000000
201600003fc00000
021d1f1f00000000
021c0f1d00000000
011d161c00000000
021c1f1d00000000
021d1c1c00000000
021f0f1d00000000
011d161f00000000
021f1c1d00000000
021d1f1f00000000
021c0f1d00000000
011d161c00000000
021c1f1d00000000
231d130d00000000
100d1d0e00000000
011d0d2300000000
020d1d1700000000
06171d0b00000000
091d0a1700000000
02171d1d00000000
020a0d1700000000
0117160a00000000
020a1d1700000000
02170a0a00000000
021d0d1700000000
0117161d00000000
021d0a1700000000
02171d1d00000000
020a0d1700000000
0117160a00000000
020a1d1700000000
3817047f07130400
231d131700000000
02171c0a00000000
020a1d1700000000
201700003da1e89b
021d0a1700000000
04171d1200000000
20120000358637bd
130a171200000000
11120a0000000000
200a000080000000
04171d0a00000000
051d121700000000
201700003f800000
03121d0a00000000
201d000042b00000
140a121d00000000
201d0000c2ae0000
13120a1d00000000
201d00003fb8aa3b
020a121d00000000
201d00004b400000
011c0a1d00000000
201d0000cb400000
010a1c1d00000000
201d0000bf317200
021c0a1d00000000
011d121c00000000
201c0000b5bfbe8e
02120a1c00000000
011c1d1200000000
201200003ab60b61
021d121c00000000
201200003c088889
01131d1200000000
0212131c00000000
201300003d2aaaab
011d121300000000
02131d1c00000000
201d00003e2aaaab
0112131d00000000
021d121c00000000
201200003f000000
01131d1200000000
0212131c00000000
0113121700000000
0212131c00000000
0113121700000000
0d120a0000000000
070a121a00000000
0812130a00000000
010a121700000000
1012170a00000000
230a120200000000
02170a2200000000
010a031700000000
0e170a0000000000
230a120b00000000
020b0a2200000000
010a040b00000000
0e0b0a0000000000
230a120900000000
02090a2200000000
010a050900000000
0e090a0000000000
230a121800000000
02180a2200000000
010a061800000000
0e180a0000000000
380a047f07130600
2306120a00000000
380a047f07128000
2312110a00000000
020a061200000000
0112070a00000000
0e0a120000000000
3917047f00001000
390b047f00001200
3909047f00001400
3918047f00001600
390a047f00001800
3400000000000000
3300000000000000
380a047f00001000
3818047f00001200
3809047f00001400
380b047f00001600
3817047f00001800
3812040300001a00
3b0a047f00001800
3b18047f00001a80
3b09047f00001d00
3b0b047f00001f80
3807047f07130800
3d17077f00000000
3806047f07130a00
3c11060000001800
3822047f07130c00
3c05220000001804
3804047f07130e00
3c03040000001808
3813047f07131000
3c1a13000000180c
381c047f07131200
3c1d1c0000001810
3816047f07131400
3c0d160000001814
3823047f07131600
3c0e230000001818
381f047f07131800
3c0f1f000000181c
2b06010000000005
380c064f00000000
02080c1100000000
380c064f00000140
02200c0500000000
010c082000000000
3820064f00000280
0208200300000000
01200c0800000000
3808064f000003c0
020c081a00000000
0108200c00000000
380c064f00000500
02200c1d00000000
010c082000000000
3820064f00000640
0208200d00000000
01200c0800000000
3808064f00000780
020c080e00000000
0108200c00000000
380c064f000008c0
02200c0f00000000
010c082000000000
3b0c047f00002200
380c064f00000a00
02200c1100000000
380c064f00000b40
02080c0500000000
010c200800000000
3808064f00000c80
0220080300000000
01080c2000000000
3820064f00000dc0
020c201a00000000
0120080c00000000
380c064f00000f00
02080c1d00000000
010c200800000000
3808064f00001040
0220080d00000000
01080c2000000000
3820064f00001180
020c200e00000000
0120080c00000000
380c064f000012c0
02080c0f00000000
010c200800000000
3b0c047f00002400
380c064f00001400
02080c1100000000
380c064f00001540
02200c0500000000
010c082000000000
3820064f00001680
0208200300000000
01200c0800000000
3808064f000017c0
020c081a00000000
0108200c00000000
380c064f00001900
02200c1d00000000
010c082000000000
3820064f00001a40
0208200d00000000
01200c0800000000
3808064f00001b80
020c080e00000000
0108200c00000000
380c064f00001cc0
02200c0f00000000
010c082000000000
3b0c047f00002600
380c064f00001e00
02200c1100000000
380c064f00001f40
02080c0500000000
010c200800000000
3808064f00002080
0220080300000000
01080c2000000000
3820064f000021c0
020c201a00000000
0120080c00000000
380c064f00002300
02080c1d00000000
010c200800000000
3808064f00002440
0220080d00000000
01080c2000000000
3820064f00002580
020c200e00000000
0120080c00000000
380c064f000026c0
02080c0f00000000
010c200800000000
3b0c047f00002800
380c064f00002800
02080c1100000000
380c064f00002940
02200c0500000000
010c082000000000
3820064f00002a80
0208200300000000
01200c0800000000
3808064f00002bc0
020c081a00000000
0108200c00000000
380c064f00002d00
02200c1d00000000
010c082000000000
3820064f00002e40
0208200d00000000
01200c0800000000
3808064f00002f80
020c080e00000000
0108200c00000000
380c064f000030c0
02200c0f00000000
010c082000000000
3b0c047f00002a00
380c064f00003200
02200c1100000000
380c064f00003340
02080c0500000000
010c200800000000
3808064f00003480
0220080300000000
01080c2000000000
3820064f000035c0
020c201a00000000
0120080c00000000
380c064f00003700
02080c1d00000000
010c200800000000
3808064f00003840
0220080d00000000
01080c2000000000
3820064f00003980
020c200e00000000
0120080c00000000
380c064f00003ac0
02080c0f00000000
010c200800000000
3b0c047f00002c00
380c064f00003c00
02080c1100000000
380c064f00003d40
02110c0500000000
010c081100000000
3811064f00003e80
0208110300000000
01110c0800000000
3808064f00003fc0
020c081a00000000
0108110c00000000
380c064f00004100
02110c1d00000000
010c081100000000
3811064f00004240
0208110d00000000
01110c0800000000
3808064f00004380
020c080e00000000
0108110c00000000
380c064f000044c0
02110c0f00000000
010c081100000000
3b0c047f00002e00
380c047f0712f000
3c110c0000002200
3c080c0000002204
010f110800000000
3b0f047f00003000
3c0f0c0000002600
3c080c0000002604
01110f0800000000
3b11047f00003200
3c110c0000002a00
3c080c0000002a04
010f110800000000
3b0f047f00003400
380f047f07131a00
3c080f0000002e00
3811047f07131c00
3c0e110000002e04
010d080e00000000
3b0d043f00003600
3c0d0c0000003000
3c0e0c0000003004
01080d0e00000000
3b08047f00002200
3808047f07131e00
3c0e080000003400
380d047f07132000
3c1d0d0000003404
011a0e1d00000000
3b1a045f00002400
381a047f07132200
3c1d1a0000002200
380e047f07132400
3c030e0000002204
01051d0300000000
3b05046f00003000
3805047f07132600
3c03050000003000
381d047f0712fc00
2320031d00000000
0114032000000000
3820047f0712fe00
2303142000000000
0121140300000000
3803047f07130000
2314210300000000
0110211400000000
3814047f07130400
2321101400000000
0119102100000000
3821047f07132800
2310192100000000
3910040600001d00
3400000000000000
3300000000000000
3810040c00001d00
481910010000000d
3919041900001d00
3400000000000000
3300000000000000
3819041900001d00
2010000000000018
231b191000000000
2015000044200000
101e1b1500000000
201b00001e3ce508
01241e1b00000000
201e0000bf000000
0225241e00000000
202600005f3759df
2027000000000001
0628242700000000
0924262800000000
202800003fc00000
0229242400000000
022a252900000000
0129282a00000000
022a242900000000
02292a2a00000000
0224252900000000
0129282400000000
02242a2900000000
0229242400000000
022a252900000000
0129282a00000000
022a242900000000
0229192a00000000
2b06010000000006
382a061700000000
2b06010000000006
3819061700000200
0224292a00000000
012a241900000000
202400003f800000
2019000080000000
03292a1900000000
2025000042b00000
142b292500000000
20290000c2ae0000
132c2b2900000000
202b00003fb8aa3b
022d2c2b00000000
202e00004b400000
012f2d2e00000000
202d0000cb400000
01302f2d00000000
202f0000bf317200
0231302f00000000
01322c3100000000
20310000b5bfbe8e
022c303100000000
0133322c00000000
202c00003ab60b61
02322c3300000000
203400003c088889
0135323400000000
0232353300000000
203500003d2aaaab
0136323500000000
0232363300000000
203600003e2aaaab
0137323600000000
0232373300000000
203700003f000000
0138323700000000
0232383300000000
0138322400000000
0232383300000000
0138322400000000
0d32300000000000
2030000000000017
0733323000000000
0832383300000000
0133322400000000
1032243300000000
20330000358637bd
0138323300000000
2039000040000000
023a323900000000
3832047f0712b600
233b2a1400000000
032a3b2400000000
043b322a00000000
032a243b00000000
383b047f07132a00
383c047f07132c00
383d047f07132e00
383e047f07133000
383f047f07133200
3840047f07133400
3841047f07133600
3842047f07133800
3843047f07128c00
23442a4300000000
13452a4400000000
3844047f07128e00
2346454400000000
1347454600000000
0346471900000000
01472a4600000000
1446472500000000
1347462900000000
0246472b00000000
012a462e00000000
01462a2d00000000
022a462f00000000
0145472a00000000
022a463100000000
0147452a00000000
022a2c4700000000
01452a3400000000
022a454700000000
01452a3500000000
022a454700000000
01452a3600000000
022a454700000000
01452a3700000000
022a454700000000
01452a2400000000
022a454700000000
01452a2400000000
0d2a460000000000
07462a3000000000
082a454600000000
23462a3b00000000
23452a3c00000000
0147464500000000
23452a3d00000000
0146474500000000
23452a3e00000000
0147464500000000
10452a4700000000
0147453300000000
2345473f00000000
232a474000000000
0146452a00000000
232a474100000000
0145462a00000000
232a474200000000
0146452a00000000
012a463300000000
1046472a00000000
052a464600000000
280e000000000013
23462a3b00000000
23472a3c00000000
0145464700000000
23472a3d00000000
0146454700000000
23472a3e00000000
0145464700000000
0147453300000000
10452a4700000000
2347453f00000000
2346454000000000
0148474600000000
2346454100000000
0147484600000000
2346454200000000
0148474600000000
0146483300000000
102a454600000000
290e0e00ffffffff
31000e00000004e7
2346120200000000
0245460a00000000
3848047f07128000
2347174800000000
0249464700000000
2347122700000000
0246471800000000
384a047f07128200
234b174a00000000
024c474b00000000
014b454600000000
0146494c00000000
204c000000000002
2349124c00000000
0245490900000000
3847047f07128400
234d174700000000
024e494d00000000
014d4b4500000000
0145464e00000000
204e000000000003
2346124e00000000
0212460b00000000
384b047f07128600
2349174b00000000
024f464900000000
01494d1200000000
0112454f00000000
0e4f490000000000
0e49120000000000
3812047f07133a00
0445491200000000
02494f4f00000000
3b49047f00003800
0249454500000000
3b49041f00003a00
3849047f07133c00
3c4d490000003800
3846047f07133e00
3c50460000003804
01514d5000000000
3850047f07134000
3c4d500000003808
0152514d00000000
384d047f07134200
3c514d000000380c
0153525100000000
3851047f07134400
3c52510000003810
0154535200000000
3852047f07134600
3c53520000003814
0155545300000000
3853047f07134800
3c54530000003818
0156555400000000
3854047f07134a00
3c5554000000381c
0157565500000000
2355571d00000000
0156575500000000
2355562000000000
0157565500000000
2355570300000000
0156575500000000
2355561400000000
0157565500000000
3855047f07134c00
2356575500000000
0158575600000000
3856047f0712b800
2357585600000000
2058000043200000
1059575800000000
0157591b00000000
0259571e00000000
065a572700000000
0957265a00000000
025a575700000000
025b595a00000000
015a285b00000000
025b575a00000000
025a5b5b00000000
0257595a00000000
015a285700000000
02575b5a00000000
025a575700000000
025b595a00000000
015a285b00000000
025b575a00000000
235a5b0200000000
2b06010000000007
385b067f00000000
2b06010000000007
3857061f00000200
02594f5a00000000
024f5b5900000000
0e594f0000000000
024f455a00000000
025a574f00000000
0e4f5a0000000000
205a00007fffffff
0457595a00000000
2345574300000000
135b574500000000
23455b4400000000
13575b4500000000
3845047f07129000
235b574500000000
135c575b00000000
385b047f07129200
23575c5b00000000
135d5c5700000000
3857047f07129400
235c5d5700000000
135e5d5c00000000
205c000038d1b717
135d5e5c00000000
205e00003b124925
025f5d5e00000000
065d5f3000000000
20600000007fffff
04615f6000000000
0a5f610200000000
08615d5f00000000
205f00000000007f
095d615f00000000
09615f5d00000000
0762613000000000
0261596200000000
1762610000000000
04614f5a00000000
2363614300000000
1364616300000000
2363644400000000
1361646300000000
2363614500000000
1364616300000000
2363645b00000000
1361646300000000
2363615700000000
1364616300000000
1363645c00000000
0264635e00000000
0663643000000000
0461646000000000
0a64610200000000
0861636400000000
0964615f00000000
09615f6400000000
0763613000000000
02614f6300000000
1763610000000000
4300620200000000
45005d0000000000
3861047f07134e00
2365626100000000
23665d6100000000
4300650200000001
4500660000000001
3866047f07135000
2365626600000000
23675d6600000000
4300650200000002
4500670000000002
3867047f07135200
2365626700000000
23625d6700000000
4300650200000003
4500620000000003
4300630200000004
4500640000000004
2b06010000000008
2807000000000800
4406070100050040
4200000000000000
3a64043f00000800
0e63640000000000
2b06010000000009
3864063f00000000
0262636300000000
2365621d00000000
015d626500000000
2365622000000000
01685d6500000000
3865047f07135400
235d626500000000
0165685d00000000
235d620300000000
0168655d00000000
385d047f07135600
2365625d00000000
015d686500000000
3865047f07135800
2368626500000000
01655d6800000000
3868047f07135a00
235d626800000000
0168655d00000000
235d681400000000
0165685d00000000
235d655500000000
0168655d00000000
385d047f07135c00
2365685d00000000
205d000042000000
1068655d00000000
015d681b00000000
02685d1e00000000
06655d2700000000
095d266500000000
02655d5d00000000
0262686500000000
0165286200000000
02625d6500000000
0265626200000000
025d686500000000
0165285d00000000
025d626500000000
02655d5d00000000
0262686500000000
0165286200000000
02625d6500000000
0265636200000000
0262646500000000
0e65620000000000
2a08010000000010
2b0601000000000a
2c08080600000000
3862080300000000
3864047f07135e00
2363626400000000
385d047f07136000
2368625d00000000
3869047f07136200
036a686900000000
0268656300000000
2363654300000000
026b636a00000000
0163686b00000000
0e6b630000000000
3863047f07136400
03686b6500000000
046b636800000000
0368656b00000000
046b685a00000000
23636b4300000000
136a6b6300000000
23636a4400000000
136b6a6300000000
23636b4500000000
136a6b6300000000
23636a5b00000000
136b6a6300000000
23636b5700000000
136a6b6300000000
13636a5c00000000
026a635e00000000
06636a3000000000
046b6a6000000000
0a6a6b0200000000
086b636a00000000
096a6b5f00000000
096b5f6a00000000
07636b3000000000
026b686300000000
0f636b0000000000
086b6a5f00000000
076a6b3000000000
026b636a00000000
0e6a6b0000000000
236b6a6100000000
2b0601000000000b
2a08010000000040
2c06060800000000
396b161f00000000
3400000000000000
046a651200000000
04656a5a00000000
2363654300000000
1368656300000000
2363684400000000
1365686300000000
2363654500000000
1368656300000000
2363685b00000000
1365686300000000
2363655700000000
1368656300000000
1363685c00000000
0268635e00000000
0663683000000000
0465686000000000
0a68650200000000
0865636800000000
0968655f00000000
09655f6800000000
0763653000000000
02656a6300000000
1763650000000000
4300630200000000
4500680000000000
2b0601000000000c
2807000000000800
4406070100010200
4200000000000000
3a68047f00000800
0e63680000000000
2368626400000000
2365625d00000000
036a656900000000
0265636800000000
2368634300000000
026c686a00000000
0168656c00000000
0e6c680000000000
3868047f07136600
03656c6300000000
046c686500000000
0365636c00000000
3b65047f00003c00
3a65047f00000a00
0e6c650000000000
2365626400000000
2363625d00000000
036a636900000000
02636c6500000000
23656c4300000000
026d656a00000000
0165636d00000000
0e6d650000000000
03656d6c00000000
046d686500000000
03656c6d00000000
3b65047f00003e00
3a65047f00000c00
0e6d650000000000
2365626400000000
236c625d00000000
03636c6900000000
026c6d6500000000
23656d4300000000
026a656300000000
01656c6a00000000
0e6a650000000000
03656a6d00000000
046a686500000000
03656d6a00000000
3b65047f00004000
3a65047f00000e00
0e6a650000000000
2365626400000000
236d625d00000000
036c6d6900000000
026d6a6500000000
23656a4300000000
0263656c00000000
01656d6300000000
0e63650000000000
0365636a00000000
0463686500000000
03656a6300000000
3b65047f00004200
2b0a01000000000d
31000a00000006ec
2b0601000000000e
2807000000000800
4406070100010100
4200000000000000
3a65047f00000800
0e63650000000000
2365626400000000
236a625d00000000
036d6a6900000000
026a636500000000
2365634300000000
026c656d00000000
01656a6c00000000
0e6c650000000000
03656c6300000000
046c686500000000
0365636c00000000
046c655a00000000
23636c4300000000
136a6c6300000000
23636a4400000000
136c6a6300000000
23636c4500000000
136a6c6300000000
23636a5b00000000
136c6a6300000000
23636c5700000000
136a6c6300000000
2063000001c00000
136c6a6300000000
026a6c3600000000
066c6a3000000000
046d6a6000000000
0a6a6d0200000000
086d6c6a00000000
096a6d5f00000000
096d5f6a00000000
076c6d3000000000
026d656c00000000
166c6d0000000000
086d6a5f00000000
076a6d3000000000
026d6c6a00000000
0e6a6d0000000000
3b6a047f00007800
3a6a047f00000a00
0e6d6a0000000000
236a626400000000
236c625d00000000
03656c6900000000
026c6d6a00000000
236a6d4300000000
02696a6500000000
016a6c6900000000
0e696a0000000000
036a696d00000000
0469686a00000000
036a6d6900000000
04696a5a00000000
236d694300000000
136c696d00000000
236d6c4400000000
13696c6d00000000
236d694500000000
136c696d00000000
236d6c5b00000000
13696c6d00000000
236d695700000000
136c696d00000000
136d6c6300000000
026c6d3600000000
066d6c3000000000
04636c6000000000
0a6c630200000000
08636d6c00000000
096c635f00000000
09635f6c00000000
076d633000000000
02636a6d00000000
166d630000000000
08636c5f00000000
076c633000000000
02636d6c00000000
0e6c630000000000
3b6c047f00007a00
0e6c590000000000
3b6c047f00000100
0e6c4f0000000000
3b6c047f00000300
386c047f07136800
3c4f6c0000000100
40004f0000000000
3c4f6c0000000104
40004f0000000001
3c4f6c0000000108
40004f0000000002
3c4f6c000000010c
40004f0000000003
3c4f6c0000000110
40004f0000000004
3c4f6c0000000114
40004f0000000005
3c4f6c0000000118
40004f0000000006
3c4f6c000000011c
40004f0000000007
3c4f6c0000000300
40004f0000000008
3c4f6c0000000304
40004f0000000009
3c4f6c0000000308
40004f000000000a
3c4f6c000000030c
40004f000000000b
3c4f6c0000000310
40004f000000000c
3c4f6c0000000314
40004f000000000d
3c4f6c0000000318
40004f000000000e
3c4f6c000000031c
40004f000000000f
2b0601000000000f
2807000000000800
4106070200080008
4200000000000000
3a4f040700000800
0e6c4f0000000000
204f00003d000000
02596c4f00000000
0e4f590000000000
3b4f040700007c00
3400000000000000
3300000000000000
31000a0000000978
2b06010000000010
384f167f00000000
3b4f047f00004400
384f167f00000100
3b4f047f00004600
384f167f00000200
3b4f047f00004800
384f167f00000300
3b4f047f00004a00
384f167f00000400
3b4f047f00004c00
384f167f00000500
3b4f047f00004e00
384f167f00000600
3b4f047f00005000
384f167f00000700
3b4f047f00005200
384f047f07136a00
3c594f0000007800
386c047f07136c00
3c636c0000004400
026d596300000000
3c594f0000007a00
026a596300000000
3c594f0000007804
3c636c0000004404
0269596300000000
01596d6900000000
3c694f0000007a04
026d696300000000
01696a6d00000000
3c6d4f0000007808
3c6a6c0000004408
02636d6a00000000
016d596300000000
3c634f0000007a08
0259636a00000000
0163695900000000
3c594f000000780c
3c696c000000440c
026a596900000000
01596d6a00000000
3c6a4f0000007a0c
026d6a6900000000
016a636d00000000
3c6d4f0000007810
3c636c0000004410
02696d6300000000
016d596900000000
3c694f0000007a10
0259696300000000
01696a5900000000
3c594f0000007814
3c6a6c0000004414
0263596a00000000
01596d6300000000
3c634f0000007a14
026d636a00000000
0163696d00000000
3c6d4f0000007818
3c696c0000004418
026a6d6900000000
016d596a00000000
3c6a4f0000007a18
02596a6900000000
016a635900000000
3c594f000000781c
3c636c000000441c
0269596300000000
01596d6900000000
3c694f0000007a1c
026d696300000000
01696a6d00000000
3c6d4f0000007820
3c6a6c0000004420
02636d6a00000000
016d596300000000
3c634f0000007a20
0259636a00000000
0163695900000000
3c594f0000007824
3c696c0000004424
026a596900000000
01596d6a00000000
3c6a4f0000007a24
026d6a6900000000
016a636d00000000
3c6d4f0000007828
3c636c0000004428
02696d6300000000
016d596900000000
3c694f0000007a28
0259696300000000
01696a5900000000
3c594f000000782c
3c6a6c000000442c
0263596a00000000
01596d6300000000
3c634f0000007a2c
026d636a00000000
0163696d00000000
3c6d4f0000007830
3c696c0000004430
026a6d6900000000
016d596a00000000
3c6a4f0000007a30
02596a6900000000
016a635900000000
3c594f0000007834
3c636c0000004434
0269596300000000
01596d6900000000
3c694f0000007a34
026d696300000000
01696a6d00000000
3c6d4f0000007838
3c6a6c0000004438
02636d6a00000000
016d596300000000
3c634f0000007a38
0259636a00000000
0163695900000000
3c594f000000783c
3c696c000000443c
026a596900000000
01596d6a00000000
3c6a4f0000007a3c
026d6a6900000000
016a636d00000000
3c6d4f0000007840
3c636c0000004440
02696d6300000000
016d596900000000
3c694f0000007a40
0259696300000000
01696a5900000000
3c594f0000007844
3c6a6c0000004444
0263596a00000000
01596d6300000000
3c634f0000007a44
026d636a00000000
0163696d00000000
3c6d4f0000007848
3c696c0000004448
026a6d6900000000
016d596a00000000
3c6a4f0000007a48
02596a6900000000
016a635900000000
3c594f000000784c
3c636c000000444c
0269596300000000
01596d6900000000
3c694f0000007a4c
026d696300000000
01696a6d00000000
3c6d4f0000007850
3c6a6c0000004450
02636d6a00000000
016d596300000000
3c634f0000007a50
0259636a00000000
0163695900000000
3c594f0000007854
3c696c0000004454
026a596900000000
01596d6a00000000
3c6a4f0000007a54
026d6a6900000000
016a636d00000000
3c6d4f0000007858
3c636c0000004458
02696d6300000000
016d596900000000
3c694f0000007a58
0259696300000000
01696a5900000000
3c594f000000785c
3c6a6c000000445c
0263596a00000000
01596d6300000000
3c634f0000007a5c
026d636a00000000
0163696d00000000
3c6d4f0000007860
3c696c0000004460
026a6d6900000000
016d596a00000000
3c6a4f0000007a60
02596a6900000000
016a635900000000
3c594f0000007864
3c636c0000004464
0269596300000000
01596d6900000000
3c694f0000007a64
026d696300000000
01696a6d00000000
3c6d4f0000007868
3c6a6c0000004468
02636d6a00000000
016d596300000000
3c634f0000007a68
0259636a00000000
0163695900000000
3c594f000000786c
3c696c000000446c
026a596900000000
01596d6a00000000
3c6a4f0000007a6c
026d6a6900000000
016a636d00000000
3c6d4f0000007870
3c636c0000004470
02696d6300000000
016d596900000000
3c694f0000007a70
0259696300000000
01696a5900000000
3c594f0000007874
3c6a6c0000004474
0263596a00000000
01596d6300000000
3c634f0000007a74
026d636a00000000
0163696d00000000
3c6d4f0000007878
3c696c0000004478
026a6d6900000000
016d596a00000000
3c6a4f0000007a78
02596a6900000000
016a635900000000
3c594f000000787c
3c636c000000447c
026c596300000000
01596d6c00000000
3c6c4f0000007a7c
024f6c6300000000
016c6a4f00000000
3a4f040700007c00
386a047f07130600
23634f6a00000000
386a047f07136e00
236d4f6a00000000
0e6a590000000000
13596a0200000000
026a596300000000
0e596a0000000000
0e6a6c0000000000
136c6a0200000000
026a6c6d00000000
0e6c6a0000000000
236a594800000000
236d594a00000000
01636a6d00000000
236d594700000000
016a636d00000000
236d594b00000000
01596a6d00000000
236d6c4800000000
016a596d00000000
236d6c4a00000000
01596a6d00000000
236d6c4700000000
016a596d00000000
236d6c4b00000000
016c6a6d00000000
396c041f00004500
3400000000000000
3300000000000000
386c041f00004500
386d041f00004580
016a6c6d00000000
486d6a0000000020
0e6a6d0000000000
2b09010000000011
226d010000000000
086c6d2700000000
226d090000000000
06596c6d00000000
216d000000000000
0b6c6d5900000000
096d026c00000000
20590000ff61b1e6
03636a5900000000
046a6d6300000000
0363596a00000000
236a630200000000
0c596a6300000000
0c6d636a00000000
056a596d00000000
036d6a2700000000
386a047f07137000
044f6d6a00000000
056a594f00000000
084f026a00000000
236a632700000000
0c596a6300000000
0c6d636a00000000
056a596d00000000
036d6a2700000000
386a047f07137200
04696d6a00000000
056a596900000000
08694f6a00000000
236a634c00000000
0c4f6a6300000000
0c59636a00000000
056a4f5900000000
03596a2700000000
386a047f07137400
046d596a00000000
056a4f6d00000000
086d696a00000000
236a634e00000000
0c696a6300000000
0c4f636a00000000
056a694f00000000
034f6a2700000000
386a047f07137600
04594f6a00000000
056a695900000000
08596d6a00000000
206a000000000004
236d636a00000000
0c6a6d6300000000
0c69636d00000000
056d6a6900000000
03696d2700000000
386d047f07137800
044f696d00000000
056d6a4f00000000
084f596d00000000
206d000000000005
2359636d00000000
0c6d596300000000
0c6a635900000000
05596d6a00000000
036a592700000000
3859047f07137a00
04696a5900000000
05596d6900000000
08694f5900000000
2059000000000006
234f635900000000
0c594f6300000000
0c6d634f00000000
054f596d00000000
036d4f2700000000
384f047f07137c00
046a6d4f00000000
054f596a00000000
086a694f00000000
204f000000000007
2369634f00000000
0c59696300000000
0c6d636900000000
0569596d00000000
036d692700000000
3869047f07137e00
04656d6900000000
0569596500000000
08656a6900000000
2069000000000008
236a636900000000
0c696a6300000000
0c59636a00000000
056a695900000000
03596a2700000000
386a047f07138000
046d596a00000000
056a696d00000000
086d656a00000000
206a000000000009
2365636a00000000
0c6a656300000000
0c69636500000000
05656a6900000000
0369652700000000
3865047f07138200
0459696500000000
05656a5900000000
08596d6500000000
206500000000000a
236d636500000000
0c656d6300000000
0c6a636d00000000
056d656a00000000
036a6d2700000000
386d047f07138400
04696a6d00000000
056d656900000000
0869596d00000000
206d00000000000b
2359636d00000000
0c6d596300000000
0c65635900000000
05596d6500000000
0365592700000000
3859047f07138600
046a655900000000
05596d6a00000000
086a695900000000
205900000000000c
2369635900000000
0c59696300000000
0c6d636900000000
0569596d00000000
036d692700000000
3869047f07138800
04656d6900000000
0569596500000000
08656a6900000000
206900000000000d
236a636900000000
0c696a6300000000
0c59636a00000000
056a695900000000
03596a2700000000
386a047f07138a00
046d596a00000000
056a696d00000000
086d656a00000000
206a00000000000e
2365636a00000000
0c6a656300000000
0c69636500000000
05656a6900000000
0369652700000000
3865047f07138c00
0459696500000000
05656a5900000000
08596d6500000000
206500000000000f
236d636500000000
0c656d6300000000
0c6a636d00000000
056d656a00000000
036a6d2700000000
386d047f07138e00
04696a6d00000000
056d656900000000
0869596d00000000
206d000000000010
2359636d00000000
0c65596300000000
0c6a635900000000
0559656a00000000
036a592700000000
3859047f07139000
046e6a5900000000
0559656e00000000
086e695900000000
2059000000000011
2369635900000000
0c59696300000000
0c65636900000000
0569596500000000
0365692700000000
3869047f07139200
046a656900000000
0569596a00000000
086a6e6900000000
2069000000000012
236e636900000000
0c696e6300000000
0c59636e00000000
056e695900000000
03596e2700000000
386e047f07139400
0465596e00000000
056e696500000000
08656a6e00000000
206e000000000013
236a636e00000000
0c6e6a6300000000
0c69636a00000000
056a6e6900000000
03696a2700000000
386a047f07139600
0459696a00000000
056a6e5900000000
0859656a00000000
206a000000000014
2365636a00000000
0c6a656300000000
0c6e636500000000
05656a6e00000000
036e652700000000
3865047f07139800
04696e6500000000
05656a6900000000
0869596500000000
2065000000000015
2359636500000000
0c65596300000000
0c6a635900000000
0559656a00000000
036a592700000000
3859047f07139a00
046e6a5900000000
0559656e00000000
086e695900000000
2059000000000016
2369635900000000
0c59696300000000
0c65636900000000
0569596500000000
0365692700000000
3869047f07139c00
046a656900000000
0569596a00000000
086a6e6900000000
2369633000000000
0c6e696300000000
0c59636900000000
05696e5900000000
0359692700000000
3869047f07139e00
0465596900000000
05696e6500000000
08656a6900000000
2369631000000000
0c6a696300000000
0c6e636900000000
05696a6e00000000
036e692700000000
3869047f0713a000
04596e6900000000
05696a5900000000
0859656900000000
2069000000000019
2365636900000000
0c69656300000000
0c6a636500000000
0565696a00000000
036a652700000000
3865047f0713a200
046e6a6500000000
0565696e00000000
086e596500000000
206500000000001a
2359636500000000
0c65596300000000
0c69635900000000
0559656900000000
0369592700000000
3859047f0713a400
046a695900000000
0559656a00000000
086a6e5900000000
205900000000001b
236e635900000000
0c596e6300000000
0c65636e00000000
056e596500000000
03656e2700000000
386e047f0713a600
0469656e00000000
056e596900000000
08696a6e00000000
206e00000000001c
236a636e00000000
0c6e6a6300000000
0c59636a00000000
056a6e5900000000
03596a2700000000
386a047f0713a800
0465596a00000000
056a6e6500000000
0865696a00000000
206a00000000001d
2369636a00000000
0c6a696300000000
0c6e636900000000
05696a6e00000000
036e692700000000
3869047f0713aa00
04596e6900000000
05696a5900000000
0859656900000000
206900000000001e
2365636900000000
0c69656300000000
0c6a636500000000
0565696a00000000
036a652700000000
3865047f0713ac00
046e6a6500000000
0565696e00000000
086e596500000000
206500000000001f
2359636500000000
0c69596300000000
0c6a635900000000
0559696a00000000
036a592700000000
3859047f0713ae00
04636a5900000000
0559696300000000
08636e5900000000
0b59636d00000000
04636c5900000000
3859047f0713b000
046c635900000000
3859047f0713b200
23636c5900000000
3859047f0713b400
046d635900000000
08596c6d00000000
386d047f0713b600
2363596d00000000
386d047f0713b800
046e636d00000000
086d596e00000000
386e047f0713ba00
23596d6e00000000
386e047f0713bc00
0463596e00000000
086e6d6300000000
3863047f0713be00
236d6e6300000000
3863047f0713c000
04596d6300000000
08636e5900000000
3859047f0713c200
236e635900000000
3859047f0713c400
046d6e5900000000
0859636d00000000
096d596c00000000
2263010000000000
086e632700000000
08636e6d00000000
076e634f00000000
2063000000001800
084f6e6300000000
0963026c00000000
206c000000007400
036e4f6c00000000
044f636e00000000
036e6c4f00000000
396e041f00001c00
236e596500000000
396e040000001c80
3400000000000000
3300000000000000
2b0601000000000b
386e167f00000000
3b6e047f00001800
386e167f00000100
3b6e047f00001a00
386e167f00000200
3b6e047f00001c00
386e167f00000300
3b6e047f00001e00
386e167f00000400
3b6e047f00002000
386e167f00000500
3b6e047f00002200
386e167f00000600
3b6e047f00002400
386e167f00000700
3b6e047f00002600
3b02047f00002800
3b02047f00002a00
3b02047f00002c00
3b02047f00002e00
3b02047f00003000
3b02047f00003200
3b02047f00003400
3b02047f00003600
2a08010000000080
3b6b081f00001800
2b06010000000012
386b167f00000000
386e167f00000100
3859167f00000200
3865167f00000300
384f167f00000400
386c167f00000500
3863167f00000600
386d167f00000700
2b09010000000013
2269090000000000
386a041f00001c00
206f000000007400
03706a6f00000000
046a697000000000
03706f6a00000000
386a047f0713c600
3871047f07130600
2372707100000000
0873726a00000000
3d6b737f00000000
3873047f07136e00
236b707300000000
08726b6a00000000
3d6e727f00000000
3872047f0713c800
236e707200000000
086b6e6a00000000
3d596b7f00000000
386b047f0713ca00
2359706b00000000
086e596a00000000
3d656e7f00000000
386e047f0713cc00
2365706e00000000
086e656a00000000
3d4f6e7f00000000
386e047f0713ce00
234f706e00000000
086e4f6a00000000
3d6c6e7f00000000
386e047f0713d000
236c706e00000000
086e6c6a00000000
3d636e7f00000000
386e047f0713d200
2363706e00000000
086e636a00000000
3d6d6e7f00000000
386e040000001c80
046d6e6900000000
226e010000000000
08696e2700000000
236e6d0200000000
086d696e00000000
386e047f0713d400
3c696e0000001800
3863047f0713d600
3c70630000003c00
026c706900000000
3c70630000003d00
024f706900000000
3c70630000003e00
0265706900000000
3c70630000003f00
0259706900000000
3c70630000004000
0274706900000000
3c70630000004100
0275706900000000
3c70630000004200
0276706900000000
3c70630000004300
0277706900000000
3c706e0000001804
3c69630000003c04
0278697000000000
01696c7800000000
3c78630000003d04
026c787000000000
01784f6c00000000
3c6c630000003e04
024f6c7000000000
016c654f00000000
3c4f630000003f04
02654f7000000000
014f596500000000
3c65630000004004
0259657000000000
0165745900000000
3c59630000004104
0274597000000000
0159757400000000
3c74630000004204
0275747000000000
0174767500000000
3c75630000004304
0276757000000000
0175777600000000
3c766e0000001808
3c77630000003c08
0270777600000000
0177697000000000
3c70630000003d08
0269707600000000
0170786900000000
3c69630000003e08
0278697600000000
01696c7800000000
3c78630000003f08
026c787600000000
01784f6c00000000
3c6c630000004008
024f6c7600000000
016c654f00000000
3c4f630000004108
02654f7600000000
014f596500000000
3c65630000004208
0259657600000000
0165745900000000
3c59630000004308
0274597600000000
0159757400000000
3c746e000000180c
3c75630000003c0c
0276757400000000
0175777600000000
3c76630000003d0c
0277767400000000
0176707700000000
3c77630000003e0c
0270777400000000
0177697000000000
3c70630000003f0c
0269707400000000
0170786900000000
3c6963000000400c
0278697400000000
01696c7800000000
3c7863000000410c
026c787400000000
01784f6c00000000
3c6c63000000420c
024f6c7400000000
016c654f00000000
3c4f63000000430c
02654f7400000000
014f596500000000
3c656e0000001810
3c59630000003c10
0274596500000000
0159757400000000
3c74630000003d10
0275746500000000
0174767500000000
3c75630000003e10
0276756500000000
0175777600000000
3c76630000003f10
0277766500000000
0176707700000000
3c77630000004010
0270776500000000
0177697000000000
3c70630000004110
0269706500000000
0170786900000000
3c69630000004210
0278696500000000
01696c7800000000
3c78630000004310
026c786500000000
01784f6c00000000
3c6c6e0000001814
3c4f630000003c14
02654f6c00000000
014f596500000000
3c65630000003d14
0259656c00000000
0165745900000000
3c59630000003e14
0274596c00000000
0159757400000000
3c74630000003f14
0275746c00000000
0174767500000000
3c75630000004014
0276756c00000000
0175777600000000
3c76630000004114
0277766c00000000
0176707700000000
3c77630000004214
0270776c00000000
0177697000000000
3c70630000004314
0269706c00000000
0170786900000000
3c696e0000001818
3c78630000003c18
026c786900000000
01784f6c00000000
3c6c630000003d18
024f6c6900000000
016c654f00000000
3c4f630000003e18
02654f6900000000
014f596500000000
3c65630000003f18
0259656900000000
0165745900000000
3c59630000004018
0274596900000000
0159757400000000
3c74630000004118
0275746900000000
0174767500000000
3c75630000004218
0276756900000000
0175777600000000
3c76630000004318
0277766900000000
0176707700000000
3c776e000000181c
3c70630000003c1c
0269707700000000
0170786900000000
3c69630000003d1c
0278697700000000
01696c7800000000
3c78630000003e1c
026c787700000000
01784f6c00000000
3c6c630000003f1c
024f6c7700000000
016c654f00000000
3c4f63000000401c
02654f7700000000
014f596500000000
3c6563000000411c
0259657700000000
0165745900000000
3c5963000000421c
0274597700000000
0159757400000000
3c7463000000431c
0275747700000000
0174767500000000
3c756e0000001820
3c76630000003c20
0277767500000000
3c76630000003d20
0279767500000000
3c76630000003e20
027a767500000000
3c76630000003f20
027b767500000000
3c76630000004020
027c767500000000
3c76630000004120
027d767500000000
3c76630000004220
027e767500000000
3c76630000004320
027f767500000000
3c766e0000001824
3c75630000003c24
0280757600000000
0175778000000000
3c80630000003d24
0277807600000000
0180797700000000
3c77630000003e24
0279777600000000
01777a7900000000
3c79630000003f24
027a797600000000
01797b7a00000000
3c7a630000004024
027b7a7600000000
017a7c7b00000000
3c7b630000004124
027c7b7600000000
017b7d7c00000000
3c7c630000004224
027d7c7600000000
017c7e7d00000000
3c7d630000004324
027e7d7600000000
017d7f7e00000000
3c7e6e0000001828
3c7f630000003c28
02767f7e00000000
017f757600000000
3c76630000003d28
0275767e00000000
0176807500000000
3c75630000003e28
0280757e00000000
0175778000000000
3c80630000003f28
0277807e00000000
0180797700000000
3c77630000004028
0279777e00000000
01777a7900000000
3c79630000004128
027a797e00000000
01797b7a00000000
3c7a630000004228
027b7a7e00000000
017a7c7b00000000
3c7b630000004328
027c7b7e00000000
017b7d7c00000000
3c7c6e000000182c
3c7d630000003c2c
027e7d7c00000000
017d7f7e00000000
3c7e630000003d2c
027f7e7c00000000
017e767f00000000
3c7f630000003e2c
02767f7c00000000
017f757600000000
3c76630000003f2c
0275767c00000000
0176807500000000
3c7563000000402c
0280757c00000000
0175778000000000
3c8063000000412c
0277807c00000000
0180797700000000
3c7763000000422c
0279777c00000000
01777a7900000000
3c7963000000432c
027a797c00000000
01797b7a00000000
3c7a6e0000001830
3c7b630000003c30
027c7b7a00000000
017b7d7c00000000
3c7c630000003d30
027d7c7a00000000
017c7e7d00000000
3c7d630000003e30
027e7d7a00000000
017d7f7e00000000
3c7e630000003f30
027f7e7a00000000
017e767f00000000
3c7f630000004030
02767f7a00000000
017f757600000000
3c76630000004130
0275767a00000000
0176807500000000
3c75630000004230
0280757a00000000
0175778000000000
3c80630000004330
0277807a00000000
0180797700000000
3c776e0000001834
3c79630000003c34
027a797700000000
01797b7a00000000
3c7a630000003d34
027b7a7700000000
017a7c7b00000000
3c7b630000003e34
027c7b7700000000
017b7d7c00000000
3c7c630000003f34
027d7c7700000000
017c7e7d00000000
3c7d630000004034
027e7d7700000000
017d7f7e00000000
3c7e630000004134
027f7e7700000000
017e767f00000000
3c7f630000004234
02767f7700000000
017f757600000000
3c76630000004334
0275767700000000
0176807500000000
3c756e0000001838
3c80630000003c38
0277807500000000
0180797700000000
3c77630000003d38
0279777500000000
01777a7900000000
3c79630000003e38
027a797500000000
01797b7a00000000
3c7a630000003f38
027b7a7500000000
017a7c7b00000000
3c7b630000004038
027c7b7500000000
017b7d7c00000000
3c7c630000004138
027d7c7500000000
017c7e7d00000000
3c7d630000004238
027e7d7500000000
017d7f7e00000000
3c7e630000004338
027f7e7500000000
017e767f00000000
3c7f6e000000183c
3c76630000003c3c
0275767f00000000
0176807500000000
3c75630000003d3c
0280757f00000000
0175778000000000
3c80630000003e3c
0277807f00000000
0180797700000000
3c77630000003f3c
0279777f00000000
01777a7900000000
3c7963000000403c
027a797f00000000
01797b7a00000000
3c7a63000000413c
027b7a7f00000000
017a7c7b00000000
3c7b63000000423c
027c7b7f00000000
017b7d7c00000000
3c7c63000000433c
027d7c7f00000000
017c7e7d00000000
3c7d6e0000001840
3c7e630000003c40
027f7e7d00000000
3c7e630000003d40
02817e7d00000000
3c7e630000003e40
02827e7d00000000
3c7e630000003f40
02837e7d00000000
3c7e630000004040
02847e7d00000000
3c7e630000004140
02857e7d00000000
3c7e630000004240
02867e7d00000000
3c7e630000004340
02877e7d00000000
3c7e6e0000001844
3c7d630000003c44
02887d7e00000000
017d7f8800000000
3c88630000003d44
027f887e00000000
0188817f00000000
3c7f630000003e44
02817f7e00000000
017f828100000000
3c81630000003f44
0282817e00000000
0181838200000000
3c82630000004044
0283827e00000000
0182848300000000
3c83630000004144
0284837e00000000
0183858400000000
3c84630000004244
0285847e00000000
0184868500000000
3c85630000004344
0286857e00000000
0185878600000000
3c866e0000001848
3c87630000003c48
027e878600000000
01877d7e00000000
3c7e630000003d48
027d7e8600000000
017e887d00000000
3c7d630000003e48
02887d8600000000
017d7f8800000000
3c88630000003f48
027f888600000000
0188817f00000000
3c7f630000004048
02817f8600000000
017f828100000000
3c81630000004148
0282818600000000
0181838200000000
3c82630000004248
0283828600000000
0182848300000000
3c83630000004348
0284838600000000
0183858400000000
3c846e000000184c
3c85630000003c4c
0286858400000000
0185878600000000
3c86630000003d4c
0287868400000000
01867e8700000000
3c87630000003e4c
027e878400000000
01877d7e00000000
3c7e630000003f4c
027d7e8400000000
017e887d00000000
3c7d63000000404c
02887d8400000000
017d7f8800000000
3c8863000000414c
027f888400000000
0188817f00000000
3c7f63000000424c
02817f8400000000
017f828100000000
3c8163000000434c
0282818400000000
0181838200000000
3c826e0000001850
3c83630000003c50
0284838200000000
0183858400000000
3c84630000003d50
0285848200000000
0184868500000000
3c85630000003e50
0286858200000000
0185878600000000
3c86630000003f50
0287868200000000
01867e8700000000
3c87630000004050
027e878200000000
01877d7e00000000
3c7e630000004150
027d7e8200000000
017e887d00000000
3c7d630000004250
02887d8200000000
017d7f8800000000
3c88630000004350
027f888200000000
0188817f00000000
3c7f6e0000001854
3c81630000003c54
0282817f00000000
0181838200000000
3c82630000003d54
0283827f00000000
0182848300000000
3c83630000003e54
0284837f00000000
0183858400000000
3c84630000003f54
0285847f00000000
0184868500000000
3c85630000004054
0286857f00000000
0185878600000000
3c86630000004154
0287867f00000000
01867e8700000000
3c87630000004254
027e877f00000000
01877d7e00000000
3c7e630000004354
027d7e7f00000000
017e887d00000000
3c7d6e0000001858
3c88630000003c58
027f887d00000000
0188817f00000000
3c7f630000003d58
02817f7d00000000
017f828100000000
3c81630000003e58
0282817d00000000
0181838200000000
3c82630000003f58
0283827d00000000
0182848300000000
3c83630000004058
0284837d00000000
0183858400000000
3c84630000004158
0285847d00000000
0184868500000000
3c85630000004258
0286857d00000000
0185878600000000
3c86630000004358
0287867d00000000
01867e8700000000
3c876e000000185c
3c7e630000003c5c
027d7e8700000000
017e887d00000000
3c7d630000003d5c
02887d8700000000
017d7f8800000000
3c88630000003e5c
027f888700000000
0188817f00000000
3c7f630000003f5c
02817f8700000000
017f828100000000
3c8163000000405c
0282818700000000
0181838200000000
3c8263000000415c
0283828700000000
0182848300000000
3c8363000000425c
0284838700000000
0183858400000000
3c8463000000435c
0285848700000000
0184868500000000
3c856e0000001860
3c86630000003c60
0287868500000000
3c86630000003d60
0289868500000000
3c86630000003e60
028a868500000000
3c86630000003f60
028b868500000000
3c86630000004060
028c868500000000
3c86630000004160
028d868500000000
3c86630000004260
028e868500000000
3c86630000004360
028f868500000000
3c866e0000001864
3c85630000003c64
0290858600000000
0185879000000000
3c90630000003d64
0287908600000000
0190898700000000
3c87630000003e64
0289878600000000
01878a8900000000
3c89630000003f64
028a898600000000
01898b8a00000000
3c8a630000004064
028b8a8600000000
018a8c8b00000000
3c8b630000004164
028c8b8600000000
018b8d8c00000000
3c8c630000004264
028d8c8600000000
018c8e8d00000000
3c8d630000004364
028e8d8600000000
018d8f8e00000000
3c8e6e0000001868
3c8f630000003c68
02868f8e00000000
018f858600000000
3c86630000003d68
0285868e00000000
0186908500000000
3c85630000003e68
0290858e00000000
0185879000000000
3c90630000003f68
0287908e00000000
0190898700000000
3c87630000004068
0289878e00000000
01878a8900000000
3c89630000004168
028a898e00000000
01898b8a00000000
3c8a630000004268
028b8a8e00000000
018a8c8b00000000
3c8b630000004368
028c8b8e00000000
018b8d8c00000000
3c8c6e000000186c
3c8d630000003c6c
028e8d8c00000000
018d8f8e00000000
3c8e630000003d6c
028f8e8c00000000
018e868f00000000
3c8f630000003e6c
02868f8c00000000
018f858600000000
3c86630000003f6c
0285868c00000000
0186908500000000
3c8563000000406c
0290858c00000000
0185879000000000
3c9063000000416c
0287908c00000000
0190898700000000
3c8763000000426c
0289878c00000000
01878a8900000000
3c8963000000436c
028a898c00000000
01898b8a00000000
3c8a6e0000001870
3c8b630000003c70
028c8b8a00000000
018b8d8c00000000
3c8c630000003d70
028d8c8a00000000
018c8e8d00000000
3c8d630000003e70
028e8d8a00000000
018d8f8e00000000
3c8e630000003f70
028f8e8a00000000
018e868f00000000
3c8f630000004070
02868f8a00000000
018f858600000000
3c86630000004170
0285868a00000000
0186908500000000
3c85630000004270
0290858a00000000
0185879000000000
3c90630000004370
0287908a00000000
0190898700000000
3c876e0000001874
3c89630000003c74
028a898700000000
01898b8a00000000
3c8a630000003d74
028b8a8700000000
018a8c8b00000000
3c8b630000003e74
028c8b8700000000
018b8d8c00000000
3c8c630000003f74
028d8c8700000000
018c8e8d00000000
3c8d630000004074
028e8d8700000000
018d8f8e00000000
3c8e630000004174
028f8e8700000000
018e868f00000000
3c8f630000004274
02868f8700000000
018f858600000000
3c86630000004374
0285868700000000
0186908500000000
3c856e0000001878
3c90630000003c78
0287908500000000
0190898700000000
3c87630000003d78
0289878500000000
01878a8900000000
3c89630000003e78
028a898500000000
01898b8a00000000
3c8a630000003f78
028b8a8500000000
018a8c8b00000000
3c8b630000004078
028c8b8500000000
018b8d8c00000000
3c8c630000004178
028d8c8500000000
018c8e8d00000000
3c8d630000004278
028e8d8500000000
018d8f8e00000000
3c8e630000004378
028f8e8500000000
018e868f00000000
3c8f6e000000187c
3c6e630000003c7c
02866e8f00000000
016e908600000000
3c86630000003d7c
0290868f00000000
0186879000000000
3c90630000003e7c
0287908f00000000
0190898700000000
3c87630000003f7c
0289878f00000000
01878a8900000000
3c8963000000407c
028a898f00000000
01898b8a00000000
3c8a63000000417c
028b8a8f00000000
018a8c8b00000000
3c8b63000000427c
028c8b8f00000000
018b8d8c00000000
3c8c63000000437c
02638c8f00000000
018c8e6300000000
3863047f0713d800
0b8e636d00000000
0963028e00000000
208e0000ffffffff
036d638e00000000
208e0000ff61b1e6
048f6d8e00000000
016d707600000000
01767e6e00000000
016e6d7600000000
207600003e3504f3
026d6e7600000000
046e6d6300000000
056d6e8f00000000
236e6d4300000000
137e6d6e00000000
236e7e4400000000
13707e6e00000000
236e704500000000
137e706e00000000
236e7e5b00000000
13707e6e00000000
236e705700000000
137e706e00000000
386e047f0713da00
23707e6e00000000
138d7e7000000000
03708d1900000000
017e6d7000000000
14707e2500000000
137e702900000000
02707e2b00000000
016d702e00000000
01706d2d00000000
026d702f00000000
01857e6d00000000
026d703100000000
017e856d00000000
026d2c7e00000000
01856d3400000000
026d857e00000000
01856d3500000000
026d857e00000000
01856d3600000000
026d857e00000000
01856d3700000000
026d857e00000000
01856d2400000000
026d857e00000000
01856d2400000000
0d6d700000000000
07706d3000000000
086d857000000000
04706d6300000000
3b70047f00004400
0e6d700000000000
3b6d047f00005400
3b8d047f00006400
018d697500000000
01757d8600000000
01868d7500000000
0275867600000000
0486756300000000
0575868f00000000
2386754300000000
138d758600000000
23868d4400000000
137d8d8600000000
23867d4500000000
138d7d8600000000
23868d5b00000000
137d8d8600000000
23867d5700000000
138d7d8600000000
23868d6e00000000
137d8d8600000000
03867d1900000000
018d758600000000
14868d2500000000
138d862900000000
02868d2b00000000
0175862e00000000
0186752d00000000
0275862f00000000
01698d7500000000
0275863100000000
018d697500000000
02752c8d00000000
0169753400000000
0275698d00000000
0169753500000000
0275698d00000000
0169753600000000
0275698d00000000
0169753700000000
0275698d00000000
0169752400000000
0275698d00000000
0169752400000000
0d75860000000000
0786753000000000
0875698600000000
0486756300000000
3b86047f00004600
0e75860000000000
3b75047f00005600
3b7d047f00006600
017d788000000000
0180889000000000
01907d8000000000
0280907600000000
0490806300000000
0580908f00000000
2390804300000000
137d809000000000
23907d4400000000
13887d9000000000
2390884500000000
137d889000000000
23907d5b00000000
13887d9000000000
2390885700000000
137d889000000000
23907d6e00000000
13887d9000000000
0390881900000000
017d809000000000
14907d2500000000
137d902900000000
02907d2b00000000
0180902e00000000
0190802d00000000
0280902f00000000
01787d8000000000
0280903100000000
017d788000000000
02802c7d00000000
0178803400000000
0280787d00000000
0178803500000000
0280787d00000000
0178803600000000
0280787d00000000
0178803700000000
0280787d00000000
0178802400000000
0280787d00000000
0178802400000000
0d80900000000000
0790803000000000
0880789000000000
0490806300000000
3b90047f00004800
0e80900000000000
3b80047f00005800
3b88047f00006800
01886c7700000000
01777f8700000000
0187887700000000
0277877600000000
0487776300000000
0577878f00000000
2387774300000000
1388778700000000
2387884400000000
137f888700000000
23877f4500000000
13887f8700000000
2387885b00000000
137f888700000000
23877f5700000000
13887f8700000000
2387886e00000000
137f888700000000
03877f1900000000
0188778700000000
1487882500000000
1388872900000000
0287882b00000000
0177872e00000000
0187772d00000000
0277872f00000000
016c887700000000
0277873100000000
01886c7700000000
02772c8800000000
016c773400000000
02776c8800000000
016c773500000000
02776c8800000000
016c773600000000
02776c8800000000
016c773700000000
02776c8800000000
016c772400000000
02776c8800000000
016c772400000000
0d77870000000000
0787773000000000
08776c8700000000
0487776300000000
3b87047f00004a00
0e77870000000000
3b77047f00005a00
3b7f047f00006a00
017f4f7900000000
0179818900000000
01897f7900000000
0279897600000000
0489796300000000
0579898f00000000
2389794300000000
137f798900000000
23897f4400000000
13817f8900000000
2389814500000000
137f818900000000
23897f5b00000000
13817f8900000000
2389815700000000
137f818900000000
23897f6e00000000
13817f8900000000
0389811900000000
017f798900000000
14897f2500000000
137f892900000000
02897f2b00000000
0179892e00000000
0189792d00000000
0279892f00000000
014f7f7900000000
0279893100000000
017f4f7900000000
02792c7f00000000
014f793400000000
02794f7f00000000
014f793500000000
02794f7f00000000
014f793600000000
02794f7f00000000
014f793700000000
02794f7f00000000
014f792400000000
02794f7f00000000
014f792400000000
0d79890000000000
0789793000000000
08794f8900000000
0489796300000000
3b89047f00004c00
0e79890000000000
3b79047f00005c00
3b81047f00006c00
0181657a00000000
017a828a00000000
018a817a00000000
027a8a7600000000
048a7a6300000000
057a8a8f00000000
238a7a4300000000
13817a8a00000000
238a814400000000
1382818a00000000
238a824500000000
1381828a00000000
238a815b00000000
1382818a00000000
238a825700000000
1381828a00000000
238a816e00000000
1382818a00000000
038a821900000000
01817a8a00000000
148a812500000000
13818a2900000000
028a812b00000000
017a8a2e00000000
018a7a2d00000000
027a8a2f00000000
0165817a00000000
027a8a3100000000
0181657a00000000
027a2c8100000000
01657a3400000000
027a658100000000
01657a3500000000
027a658100000000
01657a3600000000
027a658100000000
01657a3700000000
027a658100000000
01657a2400000000
027a658100000000
01657a2400000000
0d7a8a0000000000
078a7a3000000000
087a658a00000000
048a7a6300000000
3b8a047f00004e00
0e7a8a0000000000
3b7a047f00005e00
3b82047f00006e00
0182597b00000000
017b838b00000000
018b827b00000000
027b8b7600000000
048b7b6300000000
057b8b8f00000000
238b7b4300000000
13827b8b00000000
238b824400000000
1383828b00000000
238b834500000000
1382838b00000000
238b825b00000000
1383828b00000000
238b835700000000
1382838b00000000
238b826e00000000
1383828b00000000
038b831900000000
01827b8b00000000
148b822500000000
13828b2900000000
028b822b00000000
017b8b2e00000000
018b7b2d00000000
027b8b2f00000000
0159827b00000000
027b8b3100000000
0182597b00000000
027b2c8200000000
01597b3400000000
027b598200000000
01597b3500000000
027b598200000000
01597b3600000000
027b598200000000
01597b3700000000
027b598200000000
01597b2400000000
027b598200000000
01597b2400000000
0d7b8b0000000000
078b7b3000000000
087b598b00000000
048b7b6300000000
3b8b047f00005000
0e7b8b0000000000
3b7b047f00006000
3b83047f00007000
0183747c00000000
017c848c00000000
018c837c00000000
027c8c7600000000
048c7c6300000000
057c8c8f00000000
238c7c4300000000
138f7c8c00000000
238c8f4400000000
13768f8c00000000
238c764500000000
138f768c00000000
238c8f5b00000000
13768f8c00000000
238c765700000000
138f768c00000000
238c8f6e00000000
136e8f8c00000000
038c6e1900000000
018f7c8c00000000
148c8f2500000000
138f8c2900000000
028c8f2b00000000
017c8c2e00000000
018c7c2d00000000
027c8c2f00000000
01768f7c00000000
027c8c3100000000
018f767c00000000
027c2c8f00000000
01767c3400000000
027c768f00000000
01767c3500000000
027c768f00000000
01767c3600000000
027c768f00000000
01767c3700000000
027c768f00000000
01767c2400000000
027c768f00000000
01767c2400000000
0d7c8c0000000000
078c7c3000000000
087c768c00000000
048c7c6300000000
3b8c047f00005200
0e7c8c0000000000
3b7c047f00006200
3b6e047f00007200
386e047f07136800
3c7c6e0000004400
3c8c6e0000004404
01637c8c00000000
3c8c6e0000004408
017c638c00000000
3c8c6e000000440c
01637c8c00000000
3c8c6e0000004410
017c638c00000000
3c8c6e0000004414
01637c8c00000000
3c8c6e0000004418
017c638c00000000
3c8c6e000000441c
01637c8c00000000
238c631d00000000
017c638c00000000
238c7c2000000000
01637c8c00000000
238c630300000000
017c638c00000000
388c047f0713dc00
23637c8c00000000
388c047f0713de00
3c7c8c0000006400
2b06010000000014
388c060f00000000
03767c1900000000
017c8c7600000000
14767c2500000000
137c762900000000
02767c2b00000000
018c762e00000000
01768c2d00000000
028c762f00000000
018f7c8c00000000
028c763100000000
017c8f8c00000000
028c2c7c00000000
018f8c3400000000
028c8f7c00000000
018f8c3500000000
028c8f7c00000000
018f8c3600000000
028c8f7c00000000
018f8c3700000000
028c8f7c00000000
018f8c2400000000
028c8f7c00000000
018f8c2400000000
0d8c760000000000
07768c3000000000
088c8f7600000000
0176638c00000000
3c8c6a0000001800
3863047f0713e000
3c8f630000005400
027c8f8c00000000
3c8f630000005800
02838f8c00000000
3c8f630000005c00
02848f8c00000000
3c8f630000006000
02748f8c00000000
3c8f6a0000001880
3c8c630000005404
027b8c8f00000000
018c7c7b00000000
3c7b630000005804
027c7b8f00000000
017b837c00000000
3c7c630000005c04
02837c8f00000000
017c848300000000
3c83630000006004
0284838f00000000
0183748400000000
3c846a0000001900
3c74630000005408
028f748400000000
01748c8f00000000
3c8f630000005808
028c8f8400000000
018f7b8c00000000
3c8c630000005c08
027b8c8400000000
018c7c7b00000000
3c7b630000006008
027c7b8400000000
017b837c00000000
3c7c6a0000001980
3c8363000000540c
0284837c00000000
0183748400000000
3c8463000000580c
0274847c00000000
01848f7400000000
3c74630000005c0c
028f747c00000000
01748c8f00000000
3c8f63000000600c
028c8f7c00000000
018f7b8c00000000
3c8c6a0000001a00
3c7b630000005410
027c7b8c00000000
017b837c00000000
3c7c630000005810
02837c8c00000000
017c848300000000
3c83630000005c10
0284838c00000000
0183748400000000
3c84630000006010
0274848c00000000
01848f7400000000
3c746a0000001a80
3c8f630000005414
028c8f7400000000
018f7b8c00000000
3c8c630000005814
027b8c7400000000
018c7c7b00000000
3c7b630000005c14
027c7b7400000000
017b837c00000000
3c7c630000006014
02837c7400000000
017c848300000000
3c836a0000001b00
3c84630000005418
0274848300000000
01848f7400000000
3c74630000005818
028f748300000000
01748c8f00000000
3c8f630000005c18
028c8f8300000000
018f7b8c00000000
3c8c630000006018
027b8c8300000000
018c7c7b00000000
3c7b6a0000001b80
3c7c63000000541c
02837c7b00000000
017c848300000000
3c8363000000581c
0284837b00000000
0183748400000000
3c84630000005c1c
0274847b00000000
01848f7400000000
3c7463000000601c
028f747b00000000
01748c8f00000000
3c8f6a0000001c00
3c8c630000005420
027b8c8f00000000
3c8c630000005820
028b8c8f00000000
3c8c630000005c20
02598c8f00000000
3c8c630000006020
02828c8f00000000
3c8c6a0000001c80
3c8f630000005424
027a8f8c00000000
018f7b7a00000000
3c7a630000005824
027b7a8c00000000
017a8b7b00000000
3c7b630000005c24
028b7b8c00000000
017b598b00000000
3c8b630000006024
02598b8c00000000
018b825900000000
3c596a0000001d00
3c82630000005428
028c825900000000
01828f8c00000000
3c8c630000005828
028f8c5900000000
018c7a8f00000000
3c8f630000005c28
027a8f5900000000
018f7b7a00000000
3c7a630000006028
027b7a5900000000
017a8b7b00000000
3c7b6a0000001d80
3c8b63000000542c
02598b7b00000000
018b825900000000
3c5963000000582c
0282597b00000000
01598c8200000000
3c82630000005c2c
028c827b00000000
01828f8c00000000
3c8c63000000602c
028f8c7b00000000
018c7a8f00000000
3c8f6a0000001e00
3c7a630000005430
027b7a8f00000000
017a8b7b00000000
3c7b630000005830
028b7b8f00000000
017b598b00000000
3c8b630000005c30
02598b8f00000000
018b825900000000
3c59630000006030
0282598f00000000
01598c8200000000
3c826a0000001e80
3c8c630000005434
028f8c8200000000
018c7a8f00000000
3c8f630000005834
027a8f8200000000
018f7b7a00000000
3c7a630000005c34
027b7a8200000000
017a8b7b00000000
3c7b630000006034
028b7b8200000000
017b598b00000000
3c8b6a0000001f00
3c59630000005438
0282598b00000000
01598c8200000000
3c82630000005838
028c828b00000000
01828f8c00000000
3c8c630000005c38
028f8c8b00000000
018c7a8f00000000
3c8f630000006038
027a8f8b00000000
018f7b7a00000000
3c7a6a0000001f80
3c7b63000000543c
028b7b7a00000000
017b598b00000000
3c8b63000000583c
02598b7a00000000
018b825900000000
3c59630000005c3c
0282597a00000000
01598c8200000000
3c8263000000603c
028c827a00000000
01828f8c00000000
3c8c6a0000002000
3c8f630000005440
027a8f8c00000000
3c8f630000005840
028a8f8c00000000
3c8f630000005c40
02658f8c00000000
3c8f630000006040
02818f8c00000000
3c8f6a0000002080
3c8c630000005444
02798c8f00000000
018c7a7900000000
3c79630000005844
027a798f00000000
01798a7a00000000
3c7a630000005c44
028a7a8f00000000
017a658a00000000
3c8a630000006044
02658a8f00000000
018a816500000000
3c656a0000002100
3c81630000005448
028f816500000000
01818c8f00000000
3c8f630000005848
028c8f6500000000
018f798c00000000
3c8c630000005c48
02798c6500000000
018c7a7900000000
3c79630000006048
027a796500000000
01798a7a00000000
3c7a6a0000002180
3c8a63000000544c
02658a7a00000000
018a816500000000
3c6563000000584c
0281657a00000000
01658f8100000000
3c81630000005c4c
028f817a00000000
01818c8f00000000
3c8f63000000604c
028c8f7a00000000
018f798c00000000
3c8c6a0000002200
3c79630000005450
027a798c00000000
01798a7a00000000
3c7a630000005850
028a7a8c00000000
017a658a00000000
3c8a630000005c50
02658a8c00000000
018a816500000000
3c65630000006050
0281658c00000000
01658f8100000000
3c816a0000002280
3c8f630000005454
028c8f8100000000
018f798c00000000
3c8c630000005854
02798c8100000000
018c7a7900000000
3c79630000005c54
027a798100000000
01798a7a00000000
3c7a630000006054
028a7a8100000000
017a658a00000000
3c8a6a0000002300
3c65630000005458
0281658a00000000
01658f8100000000
3c81630000005858
028f818a00000000
01818c8f00000000
3c8f630000005c58
028c8f8a00000000
018f798c00000000
3c8c630000006058
02798c8a00000000
018c7a7900000000
3c796a0000002380
3c7a63000000545c
028a7a7900000000
017a658a00000000
3c8a63000000585c
02658a7900000000
018a816500000000
3c65630000005c5c
0281657900000000
01658f8100000000
3c8163000000605c
028f817900000000
01818c8f00000000
3c8f6a0000002400
3c8c630000005460
02798c8f00000000
3c8c630000005860
02898c8f00000000
3c8c630000005c60
024f8c8f00000000
3c8c630000006060
027f8c8f00000000
3c8c6a0000002480
3c8f630000005464
02778f8c00000000
018f797700000000
3c77630000005864
0279778c00000000
0177897900000000
3c79630000005c64
0289798c00000000
01794f8900000000
3c89630000006064
024f898c00000000
01897f4f00000000
3c4f6a0000002500
3c7f630000005468
028c7f4f00000000
017f8f8c00000000
3c8c630000005868
028f8c4f00000000
018c778f00000000
3c8f630000005c68
02778f4f00000000
018f797700000000
3c77630000006068
0279774f00000000
0177897900000000
3c796a0000002580
3c8963000000546c
024f897900000000
01897f4f00000000
3c4f63000000586c
027f4f7900000000
014f8c7f00000000
3c7f630000005c6c
028c7f7900000000
017f8f8c00000000
3c8c63000000606c
028f8c7900000000
018c778f00000000
3c8f6a0000002600
3c77630000005470
0279778f00000000
0177897900000000
3c79630000005870
0289798f00000000
01794f8900000000
3c89630000005c70
024f898f00000000
01897f4f00000000
3c4f630000006070
027f4f8f00000000
014f8c7f00000000
3c7f6a0000002680
3c8c630000005474
028f8c7f00000000
018c778f00000000
3c8f630000005874
02778f7f00000000
018f797700000000
3c77630000005c74
0279777f00000000
0177897900000000
3c79630000006074
0289797f00000000
01794f8900000000
3c896a0000002700
3c4f630000005478
027f4f8900000000
014f8c7f00000000
3c7f630000005878
028c7f8900000000
017f8f8c00000000
3c8c630000005c78
028f8c8900000000
018c778f00000000
3c8f630000006078
02778f8900000000
018f797700000000
3c776a0000002780
3c7963000000547c
0289797700000000
01794f8900000000
3c8963000000587c
024f897700000000
01897f4f00000000
3c4f630000005c7c
027f4f7700000000
014f8c7f00000000
3c7f63000000607c
028c7f7700000000
017f8f8c00000000
3c8c6a0000002800
3c8f630000005480
02778f8c00000000
3c8f630000005880
02878f8c00000000
3c8f630000005c80
026c8f8c00000000
3c8f630000006080
02888f8c00000000
3c8f6a0000002880
3c8c630000005484
02808c8f00000000
018c778000000000
3c80630000005884
0277808f00000000
0180877700000000
3c77630000005c84
0287778f00000000
01776c8700000000
3c87630000006084
026c878f00000000
0187886c00000000
3c6c6a0000002900
3c88630000005488
028f886c00000000
01888c8f00000000
3c8f630000005888
028c8f6c00000000
018f808c00000000
3c8c630000005c88
02808c6c00000000
018c778000000000
3c80630000006088
0277806c00000000
0180877700000000
3c776a0000002980
3c8763000000548c
026c877700000000
0187886c00000000
3c6c63000000588c
02886c7700000000
016c8f8800000000
3c88630000005c8c
028f887700000000
01888c8f00000000
3c8f63000000608c
028c8f7700000000
018f808c00000000
3c8c6a0000002a00
3c80630000005490
0277808c00000000
0180877700000000
3c77630000005890
0287778c00000000
01776c8700000000
3c87630000005c90
026c878c00000000
0187886c00000000
3c6c630000006090
02886c8c00000000
016c8f8800000000
3c886a0000002a80
3c8f630000005494
028c8f8800000000
018f808c00000000
3c8c630000005894
02808c8800000000
018c778000000000
3c80630000005c94
0277808800000000
0180877700000000
3c77630000006094
0287778800000000
01776c8700000000
3c876a0000002b00
3c6c630000005498
02886c8700000000
016c8f8800000000
3c88630000005898
028f888700000000
01888c8f00000000
3c8f630000005c98
028c8f8700000000
018f808c00000000
3c8c630000006098
02808c8700000000
018c778000000000
3c806a0000002b80
3c7763000000549c
0287778000000000
01776c8700000000
3c8763000000589c
026c878000000000
0187886c00000000
3c6c630000005c9c
02886c8000000000
016c8f8800000000
3c8863000000609c
028f888000000000
01888c8f00000000
3c8f6a0000002c00
3c8c6300000054a0
02808c8f00000000
3c8c6300000058a0
02908c8f00000000
3c8c630000005ca0
02788c8f00000000
3c8c6300000060a0
027d8c8f00000000
3c8c6a0000002c80
3c8f6300000054a4
02758f8c00000000
018f807500000000
3c756300000058a4
0280758c00000000
0175908000000000
3c80630000005ca4
0290808c00000000
0180789000000000
3c906300000060a4
0278908c00000000
01907d7800000000
3c786a0000002d00
3c7d6300000054a8
028c7d7800000000
017d8f8c00000000
3c8c6300000058a8
028f8c7800000000
018c758f00000000
3c8f630000005ca8
02758f7800000000
018f807500000000
3c756300000060a8
0280757800000000
0175908000000000
3c806a0000002d80
3c906300000054ac
0278908000000000
01907d7800000000
3c786300000058ac
027d788000000000
01788c7d00000000
3c7d630000005cac
028c7d8000000000
017d8f8c00000000
3c8c6300000060ac
028f8c8000000000
018c758f00000000
3c8f6a0000002e00
3c756300000054b0
0280758f00000000
0175908000000000
3c806300000058b0
0290808f00000000
0180789000000000
3c90630000005cb0
0278908f00000000
01907d7800000000
3c786300000060b0
027d788f00000000
01788c7d00000000
3c7d6a0000002e80
3c8c6300000054b4
028f8c7d00000000
018c758f00000000
3c8f6300000058b4
02758f7d00000000
018f807500000000
3c75630000005cb4
0280757d00000000
0175908000000000
3c806300000060b4
0290807d00000000
0180789000000000
3c906a0000002f00
3c786300000054b8
027d789000000000
01788c7d00000000
3c7d6300000058b8
028c7d9000000000
017d8f8c00000000
3c8c630000005cb8
028f8c9000000000
018c758f00000000
3c8f6300000060b8
02758f9000000000
018f807500000000
3c756a0000002f80
3c806300000054bc
0290807500000000
0180789000000000
3c906300000058bc
0278907500000000
01907d7800000000
3c78630000005cbc
027d787500000000
01788c7d00000000
3c7d6300000060bc
028c7d7500000000
017d8f8c00000000
3c8c6a0000003000
3c8f6300000054c0
02758f8c00000000
3c8f6300000058c0
02868f8c00000000
3c8f630000005cc0
02698f8c00000000
3c8f6300000060c0
028d8f8c00000000
3c8f6a0000003080
3c8c6300000054c4
026d8c8f00000000
018c756d00000000
3c6d6300000058c4
02756d8f00000000
016d867500000000
3c75630000005cc4
0286758f00000000
0175698600000000
3c866300000060c4
0269868f00000000
01868d6900000000
3c696a0000003100
3c8d6300000054c8
028f8d6900000000
018d8c8f00000000
3c8f6300000058c8
028c8f6900000000
018f6d8c00000000
3c8c630000005cc8
026d8c6900000000
018c756d00000000
3c6d6300000060c8
02756d6900000000
016d867500000000
3c756a0000003180
3c866300000054cc
0269867500000000
01868d6900000000
3c696300000058cc
028d697500000000
01698f8d00000000
3c8d630000005ccc
028f8d7500000000
018d8c8f00000000
3c8f6300000060cc
028c8f7500000000
018f6d8c00000000
3c8c6a0000003200
3c6d6300000054d0
02756d8c00000000
016d867500000000
3c756300000058d0
0286758c00000000
0175698600000000
3c86630000005cd0
0269868c00000000
01868d6900000000
3c696300000060d0
028d698c00000000
01698f8d00000000
3c8d6a0000003280
3c8f6300000054d4
028c8f8d00000000
018f6d8c00000000
3c8c6300000058d4
026d8c8d00000000
018c756d00000000
3c6d630000005cd4
02756d8d00000000
016d867500000000
3c756300000060d4
0286758d00000000
0175698600000000
3c866a0000003300
3c696300000054d8
028d698600000000
01698f8d00000000
3c8d6300000058d8
028f8d8600000000
018d8c8f00000000
3c8f630000005cd8
028c8f8600000000
018f6d8c00000000
3c8c6300000060d8
026d8c8600000000
018c756d00000000
3c6d6a0000003380
3c756300000054dc
0286756d00000000
0175698600000000
3c866300000058dc
0269866d00000000
01868d6900000000
3c69630000005cdc
028d696d00000000
01698f8d00000000
3c8d6300000060dc
028f8d6d00000000
018d8c8f00000000
3c8f6a0000003400
3c8c6300000054e0
026d8c8f00000000
3c8c6300000058e0
02708c8f00000000
3c8c630000005ce0
02858c8f00000000
3c8c6300000060e0
027e8c8f00000000
3c8c6a0000003480
3c8f6300000054e4
02918f8c00000000
018f6d9100000000
3c916300000058e4
026d918c00000000
0191706d00000000
3c6d630000005ce4
02706d8c00000000
016d857000000000
3c706300000060e4
0285708c00000000
01707e8500000000
3c856a0000003500
3c7e6300000054e8
028c7e8500000000
017e8f8c00000000
3c8c6300000058e8
028f8c8500000000
018c918f00000000
3c8f630000005ce8
02918f8500000000
018f6d9100000000
3c916300000060e8
026d918500000000
0191706d00000000
3c6d6a0000003580
3c706300000054ec
0285706d00000000
01707e8500000000
3c856300000058ec
027e856d00000000
01858c7e00000000
3c7e630000005cec
028c7e6d00000000
017e8f8c00000000
3c8c6300000060ec
028f8c6d00000000
018c918f00000000
3c8f6a0000003600
3c916300000054f0
026d918f00000000
0191706d00000000
3c6d6300000058f0
02706d8f00000000
016d857000000000
3c70630000005cf0
0285708f00000000
01707e8500000000
3c856300000060f0
027e858f00000000
01858c7e00000000
3c7e6a0000003680
3c8c6300000054f4
028f8c7e00000000
018c918f00000000
3c8f6300000058f4
02918f7e00000000
018f6d9100000000
3c91630000005cf4
026d917e00000000
0191706d00000000
3c6d6300000060f4
02706d7e00000000
016d857000000000
3c706a0000003700
3c856300000054f8
027e857000000000
01858c7e00000000
3c7e6300000058f8
028c7e7000000000
017e8f8c00000000
3c8c630000005cf8
028f8c7000000000
018c918f00000000
3c8f6300000060f8
02918f7000000000
018f6d9100000000
3c916a0000003780
3c6a6300000054fc
026d6a9100000000
016a856d00000000
3c6d6300000058fc
02856d9100000000
016d7e8500000000
3c85630000005cfc
027e859100000000
01858c7e00000000
3c7e6300000060fc
02637e9100000000
017e8f6300000000
01637c7b00000000
017b7a7900000000
0179778000000000
0180756a00000000
016a637b00000000
017b798000000000
01806a7b00000000
237b767100000000
106a807b00000000
0e7b6a0000000000
236a626400000000
2380625d00000000
3879047f0713e200
0363807900000000
02807b6a00000000
236a7b4300000000
02756a6300000000
016a807500000000
0e756a0000000000
036a757b00000000
0475686a00000000
036a7b7500000000
0175838b00000000
018b8a8900000000
0189879000000000
0190866d00000000
016d758b00000000
018b899000000000
01906d8b00000000
238b767300000000
106d908b00000000
0e8b6d0000000000
236d626400000000
2390625d00000000
0389907900000000
02908b6d00000000
236d8b4300000000
02756d8900000000
016d907500000000
0e756d0000000000
036d758b00000000
0475686d00000000
036d8b7500000000
0175845900000000
0159654f00000000
014f6c7800000000
0178698500000000
0185755900000000
01594f7800000000
0178855900000000
2359767200000000
1085785900000000
0e59850000000000
2385626400000000
2378625d00000000
034f787900000000
0278598500000000
2385594300000000
0275854f00000000
0185787500000000
0e75850000000000
0385755900000000
0475688500000000
0385597500000000
0175748200000000
0182817f00000000
017f887d00000000
017d8d7e00000000
017e758200000000
01827f7d00000000
017d7e8200000000
2382766b00000000
10767d8200000000
0e82760000000000
2376626400000000
2364625d00000000
035d647900000000
0264827600000000
2376824300000000
0279765d00000000
0176647900000000
0e79760000000000
0376798200000000
0479687600000000
0376827900000000
0e796a0000000000
3b79047f00000100
0e796d0000000000
3b79047f00000300
3c796e0000000100
4000790000000000
3c796e0000000104
4000790000000001
3c796e0000000108
4000790000000002
3c796e000000010c
4000790000000003
3c796e0000000110
4000790000000004
3c796e0000000114
4000790000000005
3c796e0000000118
4000790000000006
3c796e000000011c
4000790000000007
3c796e0000000300
4000790000000008
3c796e0000000304
4000790000000009
3c796e0000000308
400079000000000a
3c796e000000030c
400079000000000b
3c796e0000000310
400079000000000c
3c796e0000000314
400079000000000d
3c796e0000000318
400079000000000e
3c796e000000031c
400079000000000f
2b06010000000015
2807000000000800
4106070200080020
4200000000000000
0e79850000000000
3b79047f00000100
0e79760000000000
3b79047f00000300
3c796e0000000100
4000790000000000
3c796e0000000104
4000790000000001
3c796e0000000108
4000790000000002
3c796e000000010c
4000790000000003
3c796e0000000110
4000790000000004
3c796e0000000114
4000790000000005
3c796e0000000118
4000790000000006
3c796e000000011c
4000790000000007
3c796e0000000300
4000790000000008
3c796e0000000304
4000790000000009
3c796e0000000308
400079000000000a
3c796e000000030c
400079000000000b
3c796e0000000310
400079000000000c
3c796e0000000314
400079000000000d
3c796e0000000318
400079000000000e
3c796e000000031c
400079000000000f
2b06010000000015
2906060000004000
2807000000000880
4106070200080020
4200000000000000
3a79043f00000800
0e76790000000000
3976043f00001d80
3400000000000000
3300000000000000
3876047f00001d80
3879047f07128a00
0485767900000000
4879850000000080
3979047f00001d80
3879047f00001f80
0485795600000000
4879850000000080
3979047f00001f80
3400000000000000
3300000000000000
3879047f00001d80
3885047f00001f80
0476795a00000000
236d764300000000
136a766d00000000
236d6a4400000000
13766a6d00000000
236d764500000000
136a766d00000000
236d6a5b00000000
13766a6d00000000
236d765700000000
136a766d00000000
136d6a5c00000000
026a6d5e00000000
066d6a3000000000
04766a6000000000
0a6a760200000000
08766d6a00000000
096a765f00000000
09765f6a00000000
076d763000000000
0276796d00000000
176d760000000000
0476855a00000000
2379764300000000
1382767900000000
2379824400000000
1376827900000000
2379764500000000
1382767900000000
2379825b00000000
1376827900000000
2379765700000000
1382767900000000
1379825c00000000
0282795e00000000
0679823000000000
0476826000000000
0a82760200000000
0876798200000000
0982765f00000000
09765f8200000000
0779763000000000
0276857900000000
1779760000000000
43006d0200000000
45006a0000000000
23766d6100000000
23856a6100000000
4300760200000001
4500850000000001
23856d6600000000
23766a6600000000
4300850200000002
4500760000000002
23766d6700000000
236d6a6700000000
4300760200000003
45006d0000000003
4300790200000004
4500820000000004
236d796100000000
2376826100000000
43006d0200000005
4500760000000005
2376796600000000
236d826600000000
4300760200000006
45006d0000000006
236d796700000000
2379826700000000
43006d0200000007
4500790000000007
2b06010000000016
2807000000000800
4406070100080028
4200000000000000
3a79042700000800
0e6d790000000000
396d042700002180
3400000000000000
3300000000000000
386d047f00002180
3879047f0713e400
04826d7900000000
486d820000000080
396d047f00002180
386d041f00002380
04826d5600000000
486d820000000020
396d041f00002380
3400000000000000
3300000000000000
386d047f00002180
3882041f00002380
23762a0200000000
026a760a00000000
2076000000000004
23852a7600000000
0268851800000000
01856a6800000000
2068000000000008
236a2a6800000000
02646a0900000000
016a856400000000
206400000000000c
23852a6400000000
025d850b00000000
01856a5d00000000
235d3a7600000000
026a5d6d00000000
015d6a8500000000
0e6a5d0000000000
235d2a2700000000
02855d0a00000000
205d000000000005
23622a5d00000000
027d621800000000
0162857d00000000
207d000000000009
23852a7d00000000
027e850900000000
0185627e00000000
207e00000000000d
23622a7e00000000
027f620b00000000
0162857f00000000
237f3a5d00000000
02857f6d00000000
017f856200000000
0e857f0000000000
237f2a4c00000000
02627f0a00000000
207f000000000006
23752a7f00000000
028d751800000000
0175628d00000000
208d00000000000a
23622a8d00000000
0288620900000000
0162758800000000
208800000000000e
23752a8800000000
0281750b00000000
0175628100000000
23813a7f00000000
0262816d00000000
0181627500000000
0e62810000000000
23812a4e00000000
0275810a00000000
2081000000000007
230a2a8100000000
02740a1800000000
010a757400000000
207400000000000b
23752a7400000000
0218750900000000
01750a1800000000
201800000000000f
230a2a1800000000
02090a0b00000000
010a750900000000
23093a8100000000
0275096d00000000
0109750a00000000
0e75090000000000
2309174800000000
230a2a7100000000
026d0a0900000000
230a174a00000000
23092a7300000000
020b090a00000000
01096d0b00000000
230b174700000000
236d2a7200000000
020a6d0b00000000
016d090a00000000
230a174b00000000
23172a6b00000000
022a170a00000000
01176d2a00000000
232a3a7300000000
233a824800000000
02822a3a00000000
013a821700000000
0e823a0000000000
3b6a047f00001800
3b85047f00001a80
3b62047f00001d00
3b75047f00001f80
3d82077f00000000
3c07060000001800
3c06220000001804
3c22040000001808
3c0413000000180c
3c131c0000001810
3c1c160000001814
3c16230000001818
3c231f000000181c
2b06010000000017
381f064f00000000
023a1f0700000000
381f064f00000140
02171f0600000000
011f3a1700000000
3817064f00000280
023a172200000000
01171f3a00000000
383a064f000003c0
021f3a0400000000
013a171f00000000
381f064f00000500
02171f1300000000
011f3a1700000000
3817064f00000640
023a171c00000000
01171f3a00000000
383a064f00000780
021f3a1600000000
013a171f00000000
381f064f000008c0
02171f2300000000
011f3a1700000000
3b1f047f00002200
381f064f00000a00
02171f0700000000
381f064f00000b40
023a1f0600000000
011f173a00000000
383a064f00000c80
02173a2200000000
013a1f1700000000
3817064f00000dc0
021f170400000000
01173a1f00000000
381f064f00000f00
023a1f1300000000
011f173a00000000
383a064f00001040
02173a1c00000000
013a1f1700000000
3817064f00001180
021f171600000000
01173a1f00000000
381f064f000012c0
023a1f2300000000
011f173a00000000
3b1f047f00002400
381f064f00001400
023a1f0700000000
381f064f00001540
02171f0600000000
011f3a1700000000
3817064f00001680
023a172200000000
01171f3a00000000
383a064f000017c0
021f3a0400000000
013a171f00000000
381f064f00001900
02171f1300000000
011f3a1700000000
3817064f00001a40
023a171c00000000
01171f3a00000000
383a064f00001b80
021f3a1600000000
013a171f00000000
381f064f00001cc0
02171f2300000000
011f3a1700000000
3b1f047f00002600
381f064f00001e00
02171f0700000000
381f064f00001f40
023a1f0600000000
011f173a00000000
383a064f00002080
02173a2200000000
013a1f1700000000
3817064f000021c0
021f170400000000
01173a1f00000000
381f064f00002300
023a1f1300000000
011f173a00000000
383a064f00002440
02173a1c00000000
013a1f1700000000
3817064f00002580
021f171600000000
01173a1f00000000
381f064f000026c0
023a1f2300000000
011f173a00000000
3b1f047f00002800
381f064f00002800
023a1f0700000000
381f064f00002940
02171f0600000000
011f3a1700000000
3817064f00002a80
023a172200000000
01171f3a00000000
383a064f00002bc0
021f3a0400000000
013a171f00000000
381f064f00002d00
02171f1300000000
011f3a1700000000
3817064f00002e40
023a171c00000000
01171f3a00000000
383a064f00002f80
021f3a1600000000
013a171f00000000
381f064f000030c0
02171f2300000000
011f3a1700000000
3b1f047f00002a00
381f064f00003200
02171f0700000000
381f064f00003340
023a1f0600000000
011f173a00000000
383a064f00003480
02173a2200000000
013a1f1700000000
3817064f000035c0
021f170400000000
01173a1f00000000
381f064f00003700
023a1f1300000000
011f173a00000000
383a064f00003840
02173a1c00000000
013a1f1700000000
3817064f00003980
021f171600000000
01173a1f00000000
381f064f00003ac0
023a1f2300000000
011f173a00000000
3b1f047f00002c00
381f064f00003c00
023a1f0700000000
381f064f00003d40
02071f0600000000
011f3a0700000000
3807064f00003e80
023a072200000000
01071f3a00000000
383a064f00003fc0
021f3a0400000000
013a071f00000000
381f064f00004100
02071f1300000000
011f3a0700000000
3807064f00004240
023a071c00000000
01071f3a00000000
383a064f00004380
021f3a1600000000
013a071f00000000
381f064f000044c0
02071f2300000000
011f3a0700000000
3b1f047f00002e00
3c1f0c0000002200
3c070c0000002204
013a1f0700000000
3b3a047f00003000
3c3a0c0000002600
3c070c0000002604
011f3a0700000000
3b1f047f00003200
3c1f0c0000002a00
3c070c0000002a04
013a1f0700000000
3b3a047f00003400
3c3a0f0000002e00
3c0f110000002e04
01113a0f00000000
3b11043f00003600
3c110c0000003000
3c0f0c0000003004
010c110f00000000
3b0c047f00002200
3c0c080000003400
3c080d0000003404
010d0c0800000000
3b0d045f00002400
3c0d1a0000002200
3c1a0e0000002204
010e0d1a00000000
3b0e046f00003000
3c0e050000003000
23050e1d00000000
011a0e0500000000
23051a2000000000
010e1a0500000000
23050e0300000000
011a0e0500000000
23051a1400000000
010e1a0500000000
23050e2100000000
3905040600001d00
3400000000000000
3300000000000000
3805040c00001d00
480e05010000000d
390e041900001d00
3400000000000000
3300000000000000
380e041900001d00
23050e1000000000
1010051500000000
0105101b00000000
0210051e00000000
0615052700000000
0905261500000000
0215050500000000
0221101500000000
0115282100000000
0221051500000000
0215212100000000
0205101500000000
0115280500000000
0205211500000000
0215050500000000
0221101500000000
0115282100000000
0221051500000000
02150e2100000000
2b06010000000018
3821061700000000
2b06010000000018
380e061700000200
0205152100000000
0121050e00000000
0305211900000000
140e052500000000
13050e2900000000
020e052b00000000
01150e2e00000000
010e152d00000000
02150e2f00000000
0110051500000000
02150e3100000000
0105101500000000
02152c0500000000
0110153400000000
0215100500000000
0110153500000000
0215100500000000
0110153600000000
0215100500000000
0110153700000000
0215100500000000
0110152400000000
0215100500000000
0110152400000000
0d150e0000000000
070e153000000000
0815100e00000000
010e152400000000
1015240e00000000
010e153300000000
0210153900000000
2315211400000000
0321152400000000
0415322100000000
0321241500000000
2315214300000000
1332211500000000
2315324400000000
1305321500000000
0315051900000000
0105211500000000
1415052500000000
1305152900000000
0215052b00000000
0121152e00000000
0115212d00000000
0221152f00000000
0132052100000000
0221153100000000
0105322100000000
02212c0500000000
0132213400000000
0221320500000000
0132213500000000
0221320500000000
0132213600000000
0221320500000000
0132213700000000
0221320500000000
0132212400000000
0221320500000000
0132212400000000
0d21150000000000
0715213000000000
0821321500000000
2315213b00000000
2332213c00000000
0105153200000000
2332213d00000000
0115053200000000
2332213e00000000
0105153200000000
1032210500000000
0105323300000000
2332053f00000000
2321054000000000
0115322100000000
2321054100000000
0132152100000000
2321054200000000
0115322100000000
0121153300000000
1015052100000000
0521151500000000
280e000000000013
2315213b00000000
2305213c00000000
0132150500000000
2305213d00000000
0115320500000000
2305213e00000000
0132150500000000
0105323300000000
1032210500000000
2305323f00000000
2315324000000000
011a051500000000
2315324100000000
01051a1500000000
2315324200000000
011a051500000000
01151a3300000000
1021321500000000
290e0e00ffffffff
31000e0000001478
2342380200000000
0241426a00000000
2340824800000000
023f424000000000
2340382700000000
0242408500000000
233e824a00000000
023d403e00000000
013e414200000000
01423f3d00000000
233d384c00000000
023f3d6200000000
2341824700000000
02403d4100000000
01413e3f00000000
013f424000000000
2340384e00000000
0238407500000000
2342824b00000000
023e404200000000
0142413800000000
01383f3e00000000
0e3e420000000000
0e42380000000000
0438421200000000
02423e3e00000000
3b42047f00003800
0242383800000000
3b42041f00003a00
3c42490000003800
3c49460000003804
0146424900000000
3c49500000003808
0150464900000000
3c494d000000380c
014d504900000000
3c49510000003810
01514d4900000000
3c49520000003814
0152514900000000
3c49530000003818
0153524900000000
3c4954000000381c
0154534900000000
2349541d00000000
011d544900000000
23491d2000000000
01201d4900000000
2349200300000000
0103204900000000
2349031400000000
0114034900000000
2349145500000000
0103144900000000
2349035600000000
1003495800000000
0149031b00000000
0203491e00000000
061e492700000000
0949261e00000000
021e494900000000
0226031e00000000
011e282600000000
0226491e00000000
021e262600000000
0249031e00000000
011e284900000000
0249261e00000000
021e494900000000
0226031e00000000
011e282600000000
0226491e00000000
231e260200000000
2b06010000000019
3826067f00000000
2b06010000000019
3849061f00000200
02033e1e00000000
023e260300000000
0e033e0000000000
023e381e00000000
021e493e00000000
0e3e1e0000000000
0e1e030000000000
3b1e047f00000100
0e1e3e0000000000
3b1e047f00000300
3c1e6e0000000100
40001e0000000000
3c1e6e0000000104
40001e0000000001
3c1e6e0000000108
40001e0000000002
3c1e6e000000010c
40001e0000000003
3c1e6e0000000110
40001e0000000004
3c1e6e0000000114
40001e0000000005
3c1e6e0000000118
40001e0000000006
3c1e6e000000011c
40001e0000000007
3c1e6e0000000300
40001e0000000008
3c1e6e0000000304
40001e0000000009
3c1e6e0000000308
40001e000000000a
3c1e6e000000030c
40001e000000000b
3c1e6e0000000310
40001e000000000c
3c1e6e0000000314
40001e000000000d
3c1e6e0000000318
40001e000000000e
3c1e6e000000031c
40001e000000000f
2b0601000000001a
2807000000000800
410607020008000c
4200000000000000
3a1e040b00000800
046e1e5a00000000
03496e1900000000
146e492500000000
13496e2900000000
026e492b00000000
01386e2e00000000
016e382d00000000
02386e2f00000000
0126493800000000
02386e3100000000
0149263800000000
02382c4900000000
0126383400000000
0238264900000000
0126383500000000
0238264900000000
0126383600000000
0238264900000000
0126383700000000
0238264900000000
0126382400000000
0238264900000000
0126382400000000
0d386e0000000000
076e383000000000
0838266e00000000
016e383900000000
1026386e00000000
026e262600000000
203800003d70f0f1
0249386e00000000
203800003d888889
0158493800000000
0238586e00000000
205800003d9d89d9
0149385800000000
0258496e00000000
204900003dba2e8c
0138584900000000
0249386e00000000
203800003de38e39
0158493800000000
0238586e00000000
205800003e124925
0149385800000000
0258496e00000000
204900003e4ccccd
0138584900000000
0249386e00000000
203800003eaaaaab
0158493800000000
0238586e00000000
0158382400000000
0238265800000000
0258383900000000
13381e0200000000
011e385800000000
11381e0000000000
2b0601000000001b
381e060b00000000
0158381e00000000
381e047f0713e600
0339588e00000000
04581e3900000000
03398e5800000000
2358390200000000
0c8e583900000000
0c1e395800000000
05588e1e00000000
031e582700000000
3858047f07137000
04261e5800000000
05588e2600000000
0826025800000000
2358392700000000
0c8e583900000000
0c1e395800000000
05588e1e00000000
031e582700000000
3858047f07137200
046e1e5800000000
05588e6e00000000
086e265800000000
2358394c00000000
0c26583900000000
0c8e395800000000
0558268e00000000
038e582700000000
3858047f07137400
041e8e5800000000
0558261e00000000
081e6e5800000000
2358394e00000000
0c6e583900000000
0c26395800000000
05586e2600000000
0326582700000000
3858047f07137600
048e265800000000
05586e8e00000000
088e1e5800000000
2358397600000000
0c1e583900000000
0c6e395800000000
05581e6e00000000
036e582700000000
3858047f07137800
04266e5800000000
05581e2600000000
08268e5800000000
2358395d00000000
0c8e583900000000
0c1e395800000000
05588e1e00000000
031e582700000000
3858047f07137a00
046e1e5800000000
05588e6e00000000
086e265800000000
2358397f00000000
0c26583900000000
0c8e395800000000
0558268e00000000
038e582700000000
3858047f07137c00
041e8e5800000000
0558261e00000000
081e6e5800000000
2358398100000000
0c6e583900000000
0c26395800000000
05586e2600000000
0326582700000000
3858047f07137e00
048e265800000000
05586e8e00000000
088e1e5800000000
2358396800000000
0c1e583900000000
0c6e395800000000
05581e6e00000000
036e582700000000
3858047f07138000
04266e5800000000
05581e2600000000
08268e5800000000
2358397d00000000
0c8e583900000000
0c1e395800000000
05588e1e00000000
031e582700000000
3858047f07138200
046e1e5800000000
05588e6e00000000
086e265800000000
2358398d00000000
0c26583900000000
0c8e395800000000
0558268e00000000
038e582700000000
3858047f07138400
041e8e5800000000
0558261e00000000
081e6e5800000000
2358397400000000
0c6e583900000000
0c26395800000000
05586e2600000000
0326582700000000
3858047f07138600
0439265800000000
05586e3900000000
08391e5800000000
0b58397f00000000
3839047f0713e800
041e583900000000
0939021e00000000
3858047f0713b200
236e1e5800000000
3858047f0713b400
04266e5800000000
08581e2600000000
3826047f0713b600
236e582600000000
3826047f0713b800
048e6e2600000000
0826588e00000000
388e047f0713ba00
2358268e00000000
388e047f0713bc00
046e588e00000000
088e266e00000000
386e047f0713be00
23268e6e00000000
386e047f0713c000
0458266e00000000
086e8e5800000000
09586e1e00000000
046e383900000000
231e6e0200000000
238e6e2700000000
01261e8e00000000
238e6e4c00000000
011e268e00000000
238e6e4e00000000
01261e8e00000000
238e6e7600000000
011e268e00000000
238e6e5d00000000
01261e8e00000000
238e6e7f00000000
011e268e00000000
238e6e8100000000
01261e8e00000000
238e6e6800000000
011e268e00000000
238e6e7d00000000
01261e8e00000000
238e6e8d00000000
011e268e00000000
238e6e7400000000
016e1e8e00000000
018e6e1b00000000
106e388e00000000
028e6e2800000000
076e584c00000000
2058000000007c80
08286e5800000000
0358286f00000000
0428395800000000
03586f2800000000
2128000000000000
3d28580f00000000
3d8e580f00000040
3a58040500007c80
3a8e040500007cc0
0428035a00000000
236f284300000000
1339286f00000000
236f394400000000
1328396f00000000
236f284500000000
1339286f00000000
236f395b00000000
1328396f00000000
236f285700000000
1339286f00000000
136f395c00000000
02396f5e00000000
066f393000000000
0428396000000000
0a39280200000000
08286f3900000000
0939285f00000000
09285f3900000000
076f283000000000
0228036f00000000
176f280000000000
04283e5a00000000
2303284300000000
136e280300000000
23036e4400000000
13286e0300000000
2303284500000000
136e280300000000
23036e5b00000000
13286e0300000000
2303285700000000
136e280300000000
13036e5c00000000
026e035e00000000
06036e3000000000
04286e6000000000
0a6e280200000000
0828036e00000000
096e285f00000000
09285f6e00000000
0703283000000000
02283e0300000000
1703280000000000
43006f0200000000
4500390000000000
23286f6100000000
233e396100000000
4300280200000001
45003e0000000001
233e6f6600000000
2328396600000000
43003e0200000002
4500280000000002
23286f6700000000
236f396700000000
4300280200000003
45006f0000000003
4300030200000004
45006e0000000004
206e000041200000
20030000c1200000
2b09580000000000
2a09090000010e00
2b0601000000001c
2c06060900000000
2807000000000800
4406070100051020
4200000000000000
3a6f041f00000800
0e286f0000000000
236f285500000000
13396f0300000000
146f396e00000000
1439286e00000000
0328391900000000
1467282500000000
1328672900000000
0267282b00000000
013e672e00000000
01673e2d00000000
023e672f00000000
0166283e00000000
023e673100000000
0128663e00000000
023e2c2800000000
01663e3400000000
023e662800000000
01663e3500000000
023e662800000000
01663e3600000000
023e662800000000
01663e3700000000
023e662800000000
01663e2400000000
023e662800000000
01663e2400000000
0d3e670000000000
07673e3000000000
083e666700000000
01673e2400000000
103e396700000000
02673e6f00000000
233e8e0200000000
026f3e6700000000
396f040f00002400
2b09580000000001
2a09090000010e00
2b0601000000001c
2c06060900000000
2807000000000800
4406070100051020
4200000000000000
3a6f041f00000800
0e3e6f0000000000
236f3e5500000000
13676f0300000000
146f676e00000000
14673e6e00000000
033e671900000000
14393e2500000000
133e392900000000
02393e2b00000000
0166392e00000000
0139662d00000000
0266392f00000000
01283e6600000000
0266393100000000
013e286600000000
02662c3e00000000
0128663400000000
0266283e00000000
0128663500000000
0266283e00000000
0128663600000000
0266283e00000000
0128663700000000
0266283e00000000
0128662400000000
0266283e00000000
0128662400000000
0d66390000000000
0739663000000000
0866283900000000
0139662400000000
1066673900000000
0239666f00000000
23668e2700000000
026f663900000000
396f040f00002500
2b09580000000002
2a09090000010e00
2b0601000000001c
2c06060900000000
2807000000000800
4406070100051020
4200000000000000
3a6f041f00000800
0e666f0000000000
236f665500000000
13396f0300000000
146f396e00000000
1439666e00000000
0366391900000000
1467662500000000
1366672900000000
0267662b00000000
0128672e00000000
0167282d00000000
0228672f00000000
013e662800000000
0228673100000000
01663e2800000000
02282c6600000000
013e283400000000
02283e6600000000
013e283500000000
02283e6600000000
013e283600000000
02283e6600000000
013e283700000000
02283e6600000000
013e282400000000
02283e6600000000
013e282400000000
0d28670000000000
0767283000000000
08283e6700000000
0167282400000000
1028396700000000
0267286f00000000
23288e4c00000000
026f286700000000
396f040f00002600
2b09580000000003
2a09090000010e00
2b0601000000001c
2c06060900000000
2807000000000800
4406070100051020
4200000000000000
3a6f041f00000800
0e286f0000000000
236f285500000000
13676f0300000000
146f676e00000000
1467286e00000000
0328671900000000
1439282500000000
1328392900000000
0239282b00000000
013e392e00000000
01393e2d00000000
023e392f00000000
0166283e00000000
023e393100000000
0128663e00000000
023e2c2800000000
01663e3400000000
023e662800000000
01663e3500000000
023e662800000000
01663e3600000000
023e662800000000
01663e3700000000
023e662800000000
01663e2400000000
023e662800000000
01663e2400000000
0d3e390000000000
07393e3000000000
083e663900000000
01393e2400000000
103e673900000000
02393e6f00000000
233e8e4e00000000
026f3e3900000000
396f040f00002700
2b09580000000004
2a09090000010e00
2b0601000000001c
2c06060900000000
2807000000000800
4406070100051020
4200000000000000
3a6f041f00000800
0e3e6f0000000000
236f3e5500000000
13396f0300000000
146f396e00000000
14393e6e00000000
033e391900000000
14673e2500000000
133e672900000000
02673e2b00000000
0166672e00000000
0167662d00000000
0266672f00000000
01283e6600000000
0266673100000000
013e286600000000
02662c3e00000000
0128663400000000
0266283e00000000
0128663500000000
0266283e00000000
0128663600000000
0266283e00000000
0128663700000000
0266283e00000000
0128662400000000
0266283e00000000
0128662400000000
0d66670000000000
0767663000000000
0866286700000000
0167662400000000
1066396700000000
0267666f00000000
23668e7600000000
026f666700000000
396f040f00002800
2b09580000000005
2a09090000010e00
2b0601000000001c
2c06060900000000
2807000000000800
4406070100051020
4200000000000000
3a6f041f00000800
0e666f0000000000
236f665500000000
13676f0300000000
146f676e00000000
1467666e00000000
0366671900000000
1439662500000000
1366392900000000
0239662b00000000
0128392e00000000
0139282d00000000
0228392f00000000
013e662800000000
0228393100000000
01663e2800000000
02282c6600000000
013e283400000000
02283e6600000000
013e283500000000
02283e6600000000
013e283600000000
02283e6600000000
013e283700000000
02283e6600000000
013e282400000000
02283e6600000000
013e282400000000
0d28390000000000
0739283000000000
08283e3900000000
0139282400000000
1028673900000000
0239286f00000000
23288e5d00000000
028e283900000000
398e040f00002900
2b0601000000001d
2807000000000800
4406070100050020
4200000000000000
3a8e041f00000800
0e288e0000000000
238e285500000000
13558e0300000000
148e556e00000000
1455286e00000000
0328551900000000
1419282500000000
1328192900000000
0219282b00000000
012b192e00000000
01192b2d00000000
022b192f00000000
012f282b00000000
022b193100000000
01312f2b00000000
022b2c3100000000
012c2b3400000000
022b2c3100000000
012c2b3500000000
022b2c3100000000
012c2b3600000000
022b2c3100000000
012c2b3700000000
022b2c3100000000
012c2b2400000000
022b2c3100000000
012c2b2400000000
0d2b190000000000
07192b3000000000
082b2c1900000000
01192b2400000000
102b551900000000
02192b8e00000000
3919040f00002a00
3400000000000000
3300000000000000
3819047f00002400
382b047f0713ea00
048e192b00000000
48198e0000000080
3919047f00002400
3819047f00002600
048e192b00000000
48198e0000000080
3919047f00002600
3819047f00002800
048e192b00000000
48198e0000000080
3919047f00002800
3819043f00002a00
048e191200000000
48198e0000000040
3919043f00002a00
3400000000000000
3300000000000000
3819043f00002400
0e8e190000000000
04198e5a00000000
2312194300000000
132b191200000000
23122b4400000000
13192b1200000000
2312194500000000
132b191200000000
23122b5b00000000
13192b1200000000
2312195700000000
132b191200000000
13122b5c00000000
022b125e00000000
06122b3000000000
04192b6000000000
0a2b190200000000
0819122b00000000
092b195f00000000
09195f2b00000000
0712193000000000
02198e1200000000
1712190000000000
4300120200000000
45002b0000000000
2319126100000000
23122b6100000000
4300190200000001
4500120000000001
2b09580000000000
2a09090000010e00
2b0601000000001c
2c06060900000000
290606000000b400
2807000000000800
4406070100021028
4200000000000000
3a12042700000800
0e19120000000000
3812043f00002500
0e2b120000000000
04122b5a00000000
238e124300000000
1355128e00000000
238e554400000000
1312558e00000000
238e124500000000
1355128e00000000
238e555b00000000
1312558e00000000
238e125700000000
1355128e00000000
138e555c00000000
02558e5e00000000
068e553000000000
0412556000000000
0a55120200000000
08128e5500000000
0955125f00000000
09125f5500000000
078e123000000000
02122b8e00000000
178e120000000000
43008e0200000000
4500550000000000
23128e6100000000
238e556100000000
4300120200000001
45008e0000000001
2b09580000000001
2a09090000010e00
2b0601000000001c
2c06060900000000
290606000000b400
2807000000000800
4406070100021028
4200000000000000
3a8e042700000800
0e128e0000000000
018e191200000000
3812043f00002600
0e19120000000000
0412195a00000000
2355124300000000
132b125500000000
23552b4400000000
13122b5500000000
2355124500000000
132b125500000000
23552b5b00000000
13122b5500000000
2355125700000000
132b125500000000
13552b5c00000000
022b555e00000000
06552b3000000000
04122b6000000000
0a2b120200000000
0812552b00000000
092b125f00000000
09125f2b00000000
0755123000000000
0212195500000000
1755120000000000
4300550200000000
45002b0000000000
2312556100000000
23552b6100000000
4300120200000001
4500550000000001
2b09580000000002
2a09090000010e00
2b0601000000001c
2c06060900000000
290606000000b400
2807000000000800
4406070100021028
4200000000000000
3a55042700000800
0e12550000000000
01558e1200000000
3812043f00002700
0e8e120000000000
04128e5a00000000
232b124300000000
1319122b00000000
232b194400000000
1312192b00000000
232b124500000000
1319122b00000000
232b195b00000000
1312192b00000000
232b125700000000
1319122b00000000
132b195c00000000
02192b5e00000000
062b193000000000
0412196000000000
0a19120200000000
08122b1900000000
0919125f00000000
09125f1900000000
072b123000000000
02128e2b00000000
172b120000000000
43002b0200000000
4500190000000000
23122b6100000000
232b196100000000
4300120200000001
45002b0000000001
2b09580000000003
2a09090000010e00
2b0601000000001c
2c06060900000000
290606000000b400
2807000000000800
4406070100021028
4200000000000000
3a2b042700000800
0e122b0000000000
012b551200000000
3812043f00002800
0e55120000000000
0412555a00000000
2319124300000000
138e121900000000
23198e4400000000
13128e1900000000
2319124500000000
138e121900000000
23198e5b00000000
13128e1900000000
2319125700000000
138e121900000000
13198e5c00000000
028e195e00000000
06198e3000000000
04128e6000000000
0a8e120200000000
0812198e00000000
098e125f00000000
09125f8e00000000
0719123000000000
0212551900000000
1719120000000000
4300190200000000
45008e0000000000
2312196100000000
23198e6100000000
4300120200000001
4500190000000001
2b09580000000004
2a09090000010e00
2b0601000000001c
2c06060900000000
290606000000b400
2807000000000800
4406070100021028
4200000000000000
3a19042700000800
0e12190000000000
01192b1200000000
3812043f00002900
0e2b120000000000
04122b5a00000000
238e124300000000
1355128e00000000
238e554400000000
1312558e00000000
238e124500000000
1355128e00000000
238e555b00000000
1312558e00000000
238e125700000000
1355128e00000000
138e555c00000000
02558e5e00000000
068e553000000000
0412556000000000
0a55120200000000
08128e5500000000
0955125f00000000
09125f5500000000
078e123000000000
02122b8e00000000
178e120000000000
43008e0200000000
4500550000000000
23128e6100000000
238e556100000000
4300120200000001
45008e0000000001
2b09580000000005
2a09090000010e00
2b0601000000001c
2c06060900000000
290606000000b400
2807000000000800
4406070100021028
4200000000000000
3a58042700000800
0e8e580000000000
0158198e00000000
388e043f00002a00
0e198e0000000000
048e195a00000000
235a8e4300000000
13438e5a00000000
235a434400000000
1344435a00000000
235a444500000000
1345445a00000000
235a455b00000000
135b455a00000000
235a5b5700000000
13575b5a00000000
135a575c00000000
02575a5e00000000
065a573000000000
045e576000000000
0a575e0200000000
085e5a5700000000
09575e5f00000000
095e5f5700000000
075f5e3000000000
025e195f00000000
175f5e0000000000
43005f0200000000
4500570000000000
235e5f6100000000
235f576100000000
43005e0200000001
45005f0000000001
2b0601000000001d
290606000000b400
2807000000000800
4406070100020028
4200000000000000
3a01042700000800
0e5f010000000000
0101585f00000000
0e5f010000000000
395f042700002180
3400000000000000
3300000000000000
385f047f00002180
04015f7900000000
485f010000000080
395f047f00002180
385f041f00002380
04015f5600000000
485f010000000020
395f041f00002380
3400000000000000
3300000000000000
385f047f00002180
3801041f00002380
2356210200000000
0202566a00000000
2356217600000000
0279568500000000
0156027900000000
2379216800000000
0268796200000000
0179566800000000
2368216400000000
0264687500000000
0168796400000000
2364107600000000
0276645f00000000
0164766800000000
0e76640000000000
2364212700000000
0268646a00000000
2364215d00000000
0279648500000000
0164687900000000
2379217d00000000
027d796200000000
0179647d00000000
237d217e00000000
027e7d7500000000
017d797e00000000
237e105d00000000
025d7e5f00000000
017e5d7d00000000
0e5d7e0000000000
237e214c00000000
024c7e6a00000000
237e217f00000000
027d7e8500000000
017e4c7d00000000
237d218d00000000
028d7d6200000000
017d7e8d00000000
238d218800000000
02888d7500000000
018d7d8800000000
2388107f00000000
027f885f00000000
01887f8d00000000
0e7f880000000000
2388214e00000000
024e886a00000000
2388218100000000
026a888500000000
01884e6a00000000
236a217400000000
02746a6200000000
016a887400000000
2374211800000000
0218747500000000
01746a1800000000
2318108100000000
0281185f00000000
0118817400000000
0e81180000000000
2318824800000000
2374217100000000
0271741800000000
2374824a00000000
234a217300000000
02184a7400000000
014a711800000000
2318824700000000
2347217200000000
0272471800000000
01474a7200000000
2372824b00000000
2382216b00000000
0221827200000000
0182472100000000
2321107300000000
2310014800000000
0201211000000000
0110018200000000
0e01100000000000
3976047f00001000
395d047f00001200
397f047f00001400
3981047f00001600
3901047f00001800
390e040300001a00
080e002700000000
390e040000001a80
3400000000000000
3200000000000000
2804000000000000
3800047f00001000
3801047f00001200
3802047f00001400
3803047f00001600
3804047f00001800
3805040300001a00
2006000000000000
2307050600000000
0208070000000000
3800047f07128000
2309040000000000
0200070900000000
2009000000000001
2307050900000000
020a070100000000
3801047f07128200
230b040100000000
0201070b00000000
010b080a00000000
010a000100000000
2001000000000002
2300050100000000
0208000200000000
3802047f07128400
2307040200000000
0202000700000000
01070b0800000000
01080a0200000000
2002000000000003
230a050200000000
02020a0300000000
3803047f07128600
2305040300000000
02030a0500000000
0105070200000000
0102080300000000
0e03050000000000
0e05020000000000
3802047f07133a00
0408050200000000
0202030300000000
3b02047f00003800
0202080800000000
3b02041f00003a00
3802047f07133c00
3c05020000003800
3802047f07133e00
3c07020000003804
0102050700000000
3807047f07134000
3c05070000003808
0107020500000000
3805047f07134200
3c0205000000380c
0105070200000000
3802047f07134400
3c07020000003810
0102050700000000
3807047f07134600
3c05070000003814
0107020500000000
3805047f07134800
3c02050000003818
0105070200000000
3802047f07134a00
3c0702000000381c
0102050700000000
3807047f0712fc00
2305020700000000
010a020500000000
3805047f0712fe00
23020a0500000000
01040a0200000000
3802047f07130000
230a040200000000
010b040a00000000
380a047f07130400
23040b0a00000000
01000b0400000000
3804047f07134c00
230b000400000000
010c000b00000000
380b047f0712b800
23000c0b00000000
200b000043200000
100c000b00000000
200b00001e3ce508
01000c0b00000000
200b0000bf000000
020c000b00000000
200b00005f3759df
060d000900000000
09000b0d00000000
200d00003fc00000
020b000000000000
020e0c0b00000000
010b0d0e00000000
020e000b00000000
020b0e0e00000000
02000c0b00000000
010b0d0000000000
02000e0b00000000
020b000000000000
020e0c0b00000000
010b0d0e00000000
020e000b00000000
230b0e0600000000
380e047f06fe9f80
3800041f06fea180
020d030b00000000
02030e0d00000000
0e0d030000000000
0203080b00000000
020b000300000000
0e030b0000000000
0e0b0d0000000000
3b0b047f00000100
0e0b030000000000
3b0b047f00000300
380b047f07136800
3c030b0000000100
4000030000000000
3c030b0000000104
4000030000000001
3c030b0000000108
4000030000000002
3c030b000000010c
4000030000000003
3c030b0000000110
4000030000000004
3c030b0000000114
4000030000000005
3c030b0000000118
4000030000000006
3c030b000000011c
4000030000000007
3c030b0000000300
4000030000000008
3c030b0000000304
4000030000000009
3c030b0000000308
400003000000000a
3c030b000000030c
400003000000000b
3c030b0000000310
400003000000000c
3c030b0000000314
400003000000000d
3c030b0000000318
400003000000000e
3c030b000000031c
400003000000000f
2806000006eed780
2807000000000800
41060702000803f2
4200000000000000
2103000000000000
3a0b047f00000800
3a0d047f00000a00
0c000d0b00000000
0908060000000000
03000d0b00000000
040d080000000000
03000b0d00000000
200d000000000080
080b030d00000000
030d0b0300000000
040b080d00000000
030d030b00000000
3a0b047f00000c00
0c080b0000000000
090e060800000000
03080b0000000000
040b0e0800000000
0308000b00000000
200b000000000100
0800030b00000000
030b000d00000000
04000e0b00000000
030b0d0000000000
3a00047f00000e00
0c0d000800000000
090e060d00000000
030d000800000000
04000e0d00000000
030d080000000000
2000000000000180
0808030000000000
0300080b00000000
04080e0000000000
03000b0800000000
3a08047f00001000
0c0b080d00000000
090e060b00000000
030b080d00000000
04080e0b00000000
030b0d0800000000
2008000000000200
080d030800000000
03080d0000000000
040d0e0800000000
0308000d00000000
3a0d047f00001200
0c000d0b00000000
090e060000000000
03000d0b00000000
040d0e0000000000
03000b0d00000000
200d000000000280
080b030d00000000
030d0b0800000000
040b0e0d00000000
030d080b00000000
3a0b047f00001400
0c080b0000000000
090e060800000000
03080b0000000000
040b0e0800000000
0308000b00000000
200b000000000300
0800030b00000000
030b000d00000000
04000e0b00000000
030b0d0000000000
3a00047f00001600
380d047f07140000
200e0000ff61b1e6
030c000e00000000
04000d0c00000000
030c0e0000000000
0c000c0800000000
090e060000000000
03000c0800000000
040c0e0000000000
0300080c00000000
200c000000000380
0808030c00000000
030c080b00000000
04080e0c00000000
030c0b0800000000
3808047f07135000
230b000800000000
230e0c0800000000
0c080b0000000000
0c03000b00000000
050d080300000000
03030d0900000000
0b0d0e0c00000000
040f030d00000000
050d080f00000000
090f060d00000000
030d0b0000000000
040b0f0d00000000
030d000b00000000
030b0e0c00000000
040e0f0b00000000
030b0c0e00000000
380e047f07134e00
230c0d0e00000000
230f0b0e00000000
0c0e0c0d00000000
0c000d0c00000000
05080e0000000000
0300080900000000
0b080f0b00000000
0403000800000000
05080e0300000000
0903060800000000
03080c0d00000000
040c030800000000
03080d0c00000000
030c0f0b00000000
040f030c00000000
030c0b0f00000000
230f080400000000
230b0c0400000000
0c040f0800000000
0c03080f00000000
050d040300000000
03030d0900000000
0b0d0b0c00000000
040e030d00000000
050d040e00000000
090e060d00000000
030d0f0800000000
040f0e0d00000000
030d080f00000000
030f0b0c00000000
040b0e0f00000000
030f0c0b00000000
230b0d0a00000000
230c0f0a00000000
0c0a0b0d00000000
0c0e0d0b00000000
05080a0e00000000
030e080900000000
0b080c0f00000000
04040e0800000000
05080a0400000000
0904060800000000
03080b0d00000000
040b040800000000
03080d0b00000000
030b0c0f00000000
040c040b00000000
030b0f0c00000000
230c080200000000
230f0b0200000000
0c020c0800000000
0c04080c00000000
050d020400000000
03040d0900000000
0b0d0f0b00000000
040a040d00000000
050d020a00000000
090a060d00000000
030d0c0800000000
040c0a0d00000000
030d080c00000000
030c0f0b00000000
040f0a0c00000000
030c0b0f00000000
230f0d0500000000
230b0c0500000000
0c0a0f0d00000000
0c080d0f00000000
05020a0800000000
0308020900000000
0b020b0c00000000
0404080200000000
05020a0400000000
0904060200000000
03020f0d00000000
040f040200000000
03020d0f00000000
030f0b0c00000000
040b040f00000000
030f0c0b00000000
230b020700000000
230c0f0700000000
0c070b0200000000
0c04020b00000000
050d070400000000
03040d0900000000
0b0d0c0f00000000
0409040d00000000
050d070900000000
0909060d00000000
030d0b0200000000
040b090d00000000
030d020b00000000
030b0c0f00000000
040c090b00000000
030b0f0c00000000
080c0b0600000000
380b047f07128800
030f0d0c00000000
040d0b0f00000000
030f0c0d00000000
390f040100004600
3400000000000000
3300000000000000
380f040300004600
230d0f0500000000
230c0f0100000000
230b0f0600000000
0c090c0b00000000
090b060900000000
03090d0f00000000
040d0b0900000000
03090f0d00000000
480d090100000002
23090d0500000000
23050d0100000000
23010d0600000000
0c0f050100000000
0901060f00000000
030f090d00000000
0409010f00000000
030f0d0900000000
2b070f0000000001
3500070000000000
3200000000000000
0000000000000000
2804000000000000
3800047f00029d00
2a05000000001280
3801057f06feaca4
3802057f06feaea4
3803057f06feb0a4
3804055f06feb2a4
200500007fffffff
0406010500000000
3807047f07128c00
2308060700000000
1309060800000000
3808047f07128e00
2306090800000000
130a090600000000
3806047f07129000
23090a0600000000
130b0a0900000000
3809047f07129200
230a0b0900000000
130c0b0a00000000
380a047f07129400
230b0c0a00000000
130d0c0b00000000
200b000038d1b717
130c0d0b00000000
200d00003b124925
020e0c0d00000000
200c000000000017
060f0e0c00000000
20100000007fffff
04110e1000000000
200e000000000000
0a12110e00000000
08110f1200000000
201200000000007f
090f111200000000
0911120f00000000
0713110c00000000
0211011300000000
1713110000000000
0411020500000000
2301110700000000
1314110100000000
2301140800000000
1311140100000000
2301110600000000
1314110100000000
2301140900000000
1311140100000000
2301110a00000000
1314110100000000
1301140b00000000
0214010d00000000
0601140c00000000
0411141000000000
0a14110e00000000
0811011400000000
0914111200000000
0911121400000000
0701110c00000000
0211020100000000
1701110000000000
0411030500000000
2302110700000000
1315110200000000
2302150800000000
1311150200000000
2302110600000000
1315110200000000
2302150900000000
1311150200000000
2302110a00000000
1315110200000000
1302150b00000000
0215020d00000000
0602150c00000000
0411151000000000
0a15110e00000000
0811021500000000
0915111200000000
0911121500000000
0702110c00000000
0211030200000000
1702110000000000
0411040500000000
2303110700000000
1316110300000000
2303160800000000
1311160300000000
2303110600000000
1316110300000000
2303160900000000
1311160300000000
2303110a00000000
1316110300000000
1303160b00000000
0216030d00000000
0603160c00000000
0411161000000000
0a16110e00000000
0811031600000000
0916111200000000
0911121600000000
0703110c00000000
0211040300000000
1703110000000000
3b13047f00001800
3b0f047f00002400
3b01047f00001a00
3b14047f00002600
3b02047f00001c00
3b15047f00002800
3b03047f00001e00
3b16047f00002a00
3816047f07140200
3c03160000001800
4300030e00000000
3803047f07140400
3c16030000002400
4500160000000000
3816047f07140600
3c03160000001880
4300030e00000001
3803047f07140800
3c16030000002480
4500160000000001
3816047f07140a00
3c03160000001900
4300030e00000002
3803047f07140c00
3c16030000002500
4500160000000002
3816047f07140e00
3c03160000001980
4300030e00000003
3803047f07141000
3c16030000002580
4500160000000003
3816047f07141200
3c03160000001a00
4300030e00000004
3803047f07141400
3c16030000002600
4500160000000004
3816047f07141600
3c03160000001a80
4300030e00000005
3803047f07141800
3c16030000002680
4500160000000005
3816047f07141a00
3c03160000001b00
4300030e00000006
3803047f07141c00
3c16030000002700
4500160000000006
3816047f07141e00
3c03160000001b80
4300030e00000007
3803047f07142000
3c16030000002780
4500160000000007
2b06000000000031
2807000000000800
4406070100080028
4200000000000000
3a16042700000800
0e03160000000000
390304270701aa80
3400000000000000
3300000000000000
3803047f0701aa80
3816047f0713e400
0415031600000000
4816150000000080
3916047f0701aa80
3816041f0701ac80
3815047f0712b800
0403161500000000
4816030000000020
3916041f0701ac80
3400000000000000
3300000000000000
3816047f0701aa80
3803041f0701ac80
0202161600000000
3b02047f00003800
0202030300000000
3b02041f00003a00
3802047f07133c00
3c14020000003800
3802047f07133e00
3c01020000003804
0102140100000000
3801047f07134000
3c14010000003808
0101021400000000
3814047f07134200
3c0214000000380c
0114010200000000
3802047f07134400
3c01020000003810
0102140100000000
3801047f07134600
3c14010000003814
0101021400000000
3814047f07134800
3c02140000003818
0114010200000000
3802047f07134a00
3c0102000000381c
0102140100000000
3801047f0712fc00
2314020100000000
010f021400000000
3814047f0712fe00
23020f1400000000
01130f0200000000
3802047f07130000
230f130200000000
0111130f00000000
380f047f07130400
2313110f00000000
0104111300000000
3813047f07134c00
2311041300000000
0117041100000000
2311171500000000
2017000043200000
1015111700000000
201700001e3ce508
0111151700000000
20150000bf000000
0204111500000000
201800005f3759df
2019000000000001
061a111900000000
0911181a00000000
201a00003fc00000
021b111100000000
021c041b00000000
011b1a1c00000000
021c111b00000000
021b1c1c00000000
0211041b00000000
011b1a1100000000
02111c1b00000000
021b111100000000
021c041b00000000
011b1a1c00000000
021c111b00000000
231b1c0e00000000
381c047f07047d00
3811041f07047f00
0204161b00000000
02161c0400000000
0e04160000000000
0216031b00000000
021b111600000000
0e161b0000000000
041b040500000000
23111b0700000000
13031b1100000000
2311030800000000
131b031100000000
23111b0600000000
13031b1100000000
2311030900000000
131b031100000000
23111b0a00000000
13031b1100000000
1311030b00000000
0203110d00000000
0611030c00000000
041b031000000000
0a031b0e00000000
081b110300000000
09031b1200000000
091b120300000000
07111b0c00000000
021b041100000000
17111b0000000000
041b160500000000
23041b0700000000
131c1b0400000000
23041c0800000000
131b1c0400000000
23041b0600000000
131c1b0400000000
23041c0900000000
131b1c0400000000
23041b0a00000000
131c1b0400000000
13041c0b00000000
021c040d00000000
06041c0c00000000
041b1c1000000000
0a1c1b0e00000000
081b041c00000000
091c1b1200000000
091b121c00000000
07041b0c00000000
021b160400000000
17041b0000000000
4300110e00000000
4500030000000000
381b047f07134e00
2316111b00000000
231d031b00000000
4300160e00000001
45001d0000000001
381d047f07135000
2316111d00000000
231e031d00000000
4300160e00000002
45001e0000000002
381e047f07135200
2316111e00000000
2311031e00000000
4300160e00000003
4500110000000003
4300040e00000004
45001c0000000004
2b06000000000032
2807000000000800
4406070100050060
4200000000000000
3a00045f00000800
0e1c000000000000
3800045f07069e00
02041c1c00000000
2311040100000000
0101041100000000
2311041400000000
0114011100000000
3811047f07135400
2301041100000000
0111140100000000
2301040200000000
0102110100000000
3801047f07135600
2311040100000000
0101021100000000
3811047f07135800
2302041100000000
0111010200000000
3802047f07135a00
2301040200000000
0102110100000000
2301020f00000000
010f020100000000
23010f1300000000
01130f0100000000
3801047f07135c00
230f130100000000
2001000042000000
10130f0100000000
0101131700000000
0213011500000000
0615011900000000
0901181500000000
0215010100000000
0218131500000000
01151a1800000000
0218011500000000
0215181800000000
0201131500000000
01151a0100000000
0201181500000000
0215010100000000
0218131500000000
01151a1800000000
0218011500000000
02151c1800000000
0218001500000000
0e15180000000000
2a08010000000010
3818080300169880
3800047f07135e00
231c180000000000
3800047f07136000
2301180000000000
3800047f07136200
0318010000000000
0200151c00000000
231c150700000000
02011c1800000000
011c000100000000
0e011c0000000000
381c047f07142200
0300011500000000
04011c0000000000
0300150100000000
0401000500000000
2305010700000000
1307010500000000
2305070800000000
1308070500000000
2305080600000000
1306080500000000
2305060900000000
1309060500000000
2305090a00000000
130a090500000000
13050a0b00000000
020a050d00000000
06050a0c00000000
040d0a1000000000
0a0a0d0e00000000
080d050a00000000
090a0d1200000000
090d120a00000000
07050d0c00000000
020d000500000000
0f050d0000000000
080d0a1200000000
070a0d0c00000000
020d050a00000000
0e0a0d0000000000
2a08010000000040
390a181f06ff9280
230d0a1b00000000
390d181f06ff9c80
230d0a1d00000000
390d181f06ffa680
3400000000000000
3200000000000000
0000000000000000
2804000000000000
2a08000000000140
3800187f0002de80
3801181f0002df80
3802047f07128000
2303010200000000
3900047f00001000
3900047f00001200
3900047f00001400
3900047f00001600
3903047f00001800
3803047f07128800
200000003f800000
2002000000000000
0301000200000000
0400030100000000
0301020000000000
3901040300001a00
3400000000000000
3200000000000000
2804000000000000
3800040000001a80
2b05000000000000
2a05050000000200
3800057f00024700
2001000000000000
3b01043f00000000
3802047f00001000
3803047f00001200
3804047f00001400
3805047f00001600
3806047f00001800
3807040300001a00
3b02047f00001800
3b03047f00001a80
3b04047f00001d00
3b05047f00001f80
3808047f07130800
3d06087f00000000
3808047f07130a00
3c09080000001800
3808047f07130c00
3c0a080000001804
3808047f07130e00
3c0b080000001808
3808047f07131000
3c0c08000000180c
3808047f07131200
3c0d080000001810
3808047f07131400
3c0e080000001814
3808047f07131600
3c0f080000001818
3808047f07131800
3c1008000000181c
2b06000000000005
3808064f00000000
0211080900000000
3808064f00000140
0212080a00000000
0108111200000000
3812064f00000280
0211120b00000000
0112081100000000
3811064f000003c0
0208110c00000000
0111120800000000
3808064f00000500
0212080d00000000
0108111200000000
3812064f00000640
0211120e00000000
0112081100000000
3811064f00000780
0208110f00000000
0111120800000000
3808064f000008c0
0212081000000000
0108111200000000
3b08047f00002200
3808064f00000a00
0212080900000000
3808064f00000b40
0211080a00000000
0108121100000000
3811064f00000c80
0212110b00000000
0111081200000000
3812064f00000dc0
0208120c00000000
0112110800000000
3808064f00000f00
0211080d00000000
0108121100000000
3811064f00001040
0212110e00000000
0111081200000000
3812064f00001180
0208120f00000000
0112110800000000
3808064f000012c0
0211081000000000
0108121100000000
3b08047f00002400
3808064f00001400
0211080900000000
3808064f00001540
0212080a00000000
0108111200000000
3812064f00001680
0211120b00000000
0112081100000000
3811064f000017c0
0208110c00000000
0111120800000000
3808064f00001900
0212080d00000000
0108111200000000
3812064f00001a40
0211120e00000000
0112081100000000
3811064f00001b80
0208110f00000000
0111120800000000
3808064f00001cc0
0212081000000000
0108111200000000
3b08047f00002600
3808064f00001e00
0212080900000000
3808064f00001f40
0211080a00000000
0108121100000000
3811064f00002080
0212110b00000000
0111081200000000
3812064f000021c0
0208120c00000000
0112110800000000
3808064f00002300
0211080d00000000
0108121100000000
3811064f00002440
0212110e00000000
0111081200000000
3812064f00002580
0208120f00000000
0112110800000000
3808064f000026c0
0211081000000000
0108121100000000
3b08047f00002800
3808064f00002800
0211080900000000
3808064f00002940
0212080a00000000
0108111200000000
3812064f00002a80
0211120b00000000
0112081100000000
3811064f00002bc0
0208110c00000000
0111120800000000
3808064f00002d00
0212080d00000000
0108111200000000
3812064f00002e40
0211120e00000000
0112081100000000
3811064f00002f80
0208110f00000000
0111120800000000
3808064f000030c0
0212081000000000
0108111200000000
3b08047f00002a00
3808064f00003200
0212080900000000
3808064f00003340
0211080a00000000
0108121100000000
3811064f00003480
0212110b00000000
0111081200000000
3812064f000035c0
0208120c00000000
0112110800000000
3808064f00003700
0211080d00000000
0108121100000000
3811064f00003840
0212110e00000000
0111081200000000
3812064f00003980
0208120f00000000
0112110800000000
3808064f00003ac0
0211081000000000
0108121100000000
3b08047f00002c00
3808064f00003c00
0211080900000000
3808064f00003d40
0209080a00000000
0108110900000000
3809064f00003e80
0211090b00000000
0109081100000000
3811064f00003fc0
0208110c00000000
0111090800000000
3808064f00004100
0209080d00000000
0108110900000000
3809064f00004240
0211090e00000000
0109081100000000
3811064f00004380
0208110f00000000
0111090800000000
3808064f000044c0
0209081000000000
0108110900000000
3b08047f00002e00
3808047f0712f000
3c09080000002200
3c11080000002204
0110091100000000
3b10047f00003000
3c10080000002600
3c11080000002604
0109101100000000
3b09047f00003200
3c09080000002a00
3c11080000002a04
0110091100000000
3b10047f00003400
3810047f07131a00
3c11100000002e00
3810047f07131c00
3c09100000002e04
0110110900000000
3b10043f00003600
3c10080000003000
3c09080000003004
0108100900000000
3b08047f00002200
3808047f07131e00
3c09080000003400
3808047f07132000
3c10080000003404
0108091000000000
3b08045f00002400
3808047f07132200
3c10080000002200
3808047f07132400
3c09080000002204
0108100900000000
3b08046f00003000
3808047f07132600
3c09080000003000
3808047f0712fc00
2310090800000000
0111091000000000
3810047f0712fe00
2309111000000000
010f110900000000
3809047f07130000
23110f0900000000
010e0f1100000000
3811047f07130400
230f0e1100000000
010d0e0f00000000
380f047f07132800
230e0d0f00000000
390e040600001d00
3400000000000000
3300000000000000
380e040c00001d00
480f0e010000000d
390f041900001d00
3400000000000000
3300000000000000
380f041900001d00
200e000000000018
230d0f0e00000000
200e000044200000
100c0d0e00000000
200e00001e3ce508
010d0c0e00000000
200c0000bf000000
020b0d0c00000000
200a00005f3759df
2012000000000001
06130d1200000000
090d0a1300000000
201300003fc00000
02140d0d00000000
02150b1400000000
0114131500000000
02150d1400000000
0214151500000000
020d0b1400000000
0114130d00000000
020d151400000000
02140d0d00000000
02150b1400000000
0114131500000000
02150d1400000000
02140f1500000000
2b06000000000006
3815061700000000
2b06000000000006
380f061700000200
020d141500000000
01150d0f00000000
200d00003f800000
200f000080000000
0314150f00000000
200b000042b00000
1416140b00000000
20140000c2ae0000
1317161400000000
201600003fb8aa3b
0218171600000000
201900004b400000
011a181900000000
20180000cb400000
011b1a1800000000
201a0000bf317200
021c1b1a00000000
011d171c00000000
201c0000b5bfbe8e
02171b1c00000000
011e1d1700000000
201700003ab60b61
021d171e00000000
201f00003c088889
01201d1f00000000
021d201e00000000
202000003d2aaaab
01211d2000000000
021d211e00000000
202100003e2aaaab
01221d2100000000
021d221e00000000
202200003f000000
01231d2200000000
021d231e00000000
01231d0d00000000
021d231e00000000
01231d0d00000000
0d1d1b0000000000
201b000000000017
071e1d1b00000000
081d231e00000000
011e1d0d00000000
101d0d1e00000000
201e0000358637bd
01231d1e00000000
2024000040000000
02251d2400000000
3824047f0712b600
231d151100000000
03151d0d00000000
041d241500000000
03150d1d00000000
381d047f07132a00
3824047f07132c00
3826047f07132e00
3827047f07133000
3828047f07133200
3829047f07133400
382a047f07133600
382b047f07133800
382c047f07128c00
232d152c00000000
132e152d00000000
382d047f07128e00
232f2e2d00000000
13302e2f00000000
032f300f00000000
0130152f00000000
142f300b00000000
13302f1400000000
022f301600000000
01162f1900000000
012f161800000000
02162f1a00000000
011a301600000000
02162f1c00000000
011c1a1600000000
0216171c00000000
0117161f00000000
0216171c00000000
0117162000000000
0216171c00000000
0117162100000000
0216171c00000000
0117162200000000
0216171c00000000
0117160d00000000
0216171c00000000
0117160d00000000
0d162f0000000000
072f161b00000000
0816172f00000000
232f161d00000000
2317162400000000
010d2f1700000000
2317162600000000
012f0d1700000000
2317162700000000
010d2f1700000000
1017160d00000000
010d171e00000000
23170d2800000000
23160d2900000000
012f171600000000
23160d2a00000000
01172f1600000000
23160d2b00000000
012f171600000000
01162f1e00000000
102f0d1600000000
05162f2f00000000
280e000000000013
232f161d00000000
230d162400000000
01172f0d00000000
230d162600000000
012f170d00000000
230d162700000000
01172f0d00000000
010d171e00000000
1017160d00000000
230d172800000000
232f172900000000
011c0d2f00000000
232f172a00000000
010d1c2f00000000
232f172b00000000
011c0d2f00000000
012f1c1e00000000
1016172f00000000
290e0e00ffffffff
31000e0000001dd4
232b070100000000
022a2b0200000000
3802047f07128000
2329060200000000
02022b2900000000
2329071200000000
022b290300000000
3803047f07128200
2328060300000000
0203292800000000
01282a2b00000000
012b020300000000
2003000000000002
2302070300000000
0203020400000000
3804047f07128400
232a060400000000
0204022a00000000
012a280300000000
01032b0400000000
2004000000000003
232b070400000000
02042b0500000000
3805047f07128600
2307060500000000
02052b0700000000
01072a0400000000
0104030500000000
0e05070000000000
0e07040000000000
3804047f07133a00
0403070400000000
0207050500000000
3b07047f00003800
0207030300000000
3b07041f00003a00
3807047f07133c00
3c2a070000003800
3807047f07133e00
3c2b070000003804
01072a2b00000000
382b047f07134000
3c2a2b0000003808
012b072a00000000
382a047f07134200
3c072a000000380c
012a2b0700000000
3807047f07134400
3c2b070000003810
01072a2b00000000
382b047f07134600
3c2a2b0000003814
012b072a00000000
382a047f07134800
3c072a0000003818
012a2b0700000000
3807047f07134a00
3c2b07000000381c
01072a2b00000000
232b070800000000
012a072b00000000
232b2a1000000000
01072a2b00000000
232b070900000000
012a072b00000000
232b2a1100000000
01072a2b00000000
382b047f07134c00
232a072b00000000
0106072a00000000
382a047f0712b800
2307062a00000000
202a000043200000
1006072a00000000
012a060e00000000
02062a0c00000000
06072a1200000000
092a0a0700000000
02072a2a00000000
0228060700000000
0107132800000000
02282a0700000000
0207282800000000
022a060700000000
0107132a00000000
022a280700000000
02072a2a00000000
0228060700000000
0107132800000000
02282a0700000000
2307280100000000
2b06000000000007
3828067f00000000
2b06000000000007
382a061f00000200
0206050700000000
0205280600000000
0e06050000000000
0205030700000000
02072a0500000000
0e05070000000000
200700007fffffff
042a060700000000
23032a2c00000000
13282a0300000000
2303282d00000000
132a280300000000
3803047f07129000
23282a0300000000
13022a2800000000
3828047f07129200
232a022800000000
1329022a00000000
382a047f07129400
2302292a00000000
1327290200000000
2002000038d1b717
1329270200000000
202700003b124925
0226292700000000
0629261b00000000
20240000007fffff
041d262400000000
0a261d0100000000
081d292600000000
202600000000007f
09291d2600000000
091d262900000000
071e1d1b00000000
021d061e00000000
171e1d0000000000
041d050700000000
23061d2c00000000
132f1d0600000000
23062f2d00000000
131d2f0600000000
23061d0300000000
132f1d0600000000
23062f2800000000
131d2f0600000000
23061d2a00000000
132f1d0600000000
13062f0200000000
022f062700000000
06062f1b00000000
041d2f2400000000
0a2f1d0100000000
081d062f00000000
092f1d2600000000
091d262f00000000
07061d1b00000000
021d050600000000
17061d0000000000
43001e0100000000
4500290000000000
381d047f07134e00
23051e1d00000000
2317291d00000000
4300050100000001
4500170000000001
3817047f07135000
23051e1700000000
231c291700000000
4300050100000002
45001c0000000002
381c047f07135200
23051e1c00000000
231e291c00000000
4300050100000003
45001e0000000003
4300060100000004
45002f0000000004
2b06000000000008
2807000000000800
4406070100050040
4200000000000000
3a2f043f00000800
0e062f0000000000
2b06000000000009
382f063f00000000
021e060600000000
23051e0800000000
01081e0500000000
23051e1000000000
0110080500000000
3805047f07135400
23081e0500000000
0105100800000000
23081e0900000000
0109050800000000
3808047f07135600
23051e0800000000
0108090500000000
3805047f07135800
23091e0500000000
0105080900000000
3809047f07135a00
23081e0900000000
0109050800000000
2308091100000000
0111090800000000
2308112b00000000
012b110800000000
3808047f07135c00
23112b0800000000
2008000042000000
102b110800000000
01082b0e00000000
022b080c00000000
060c081200000000
09080a0c00000000
020c080800000000
020a2b0c00000000
010c130a00000000
020a080c00000000
020c0a0a00000000
02082b0c00000000
010c130800000000
02080a0c00000000
020c080800000000
020a2b0c00000000
010c130a00000000
020a080c00000000
020c060a00000000
020a2f0c00000000
0e0c0a0000000000
2a08010000000010
2b0600000000000a
2c08080600000000
380a080300000000
382f047f07135e00
23060a2f00000000
3808047f07136000
23130a0800000000
382b047f07136200
0312132b00000000
02130c0600000000
23060c2c00000000
020e061200000000
0106130e00000000
0e0e060000000000
3806047f07136400
03130e0c00000000
040e061300000000
03130c0e00000000
040e130700000000
23060e2c00000000
13120e0600000000
2306122d00000000
130e120600000000
23060e0300000000
13120e0600000000
2306122800000000
130e120600000000
23060e2a00000000
13120e0600000000
1306120200000000
0212062700000000
0606121b00000000
040e122400000000
0a120e0100000000
080e061200000000
09120e2600000000
090e261200000000
07060e1b00000000
020e130600000000
0f060e0000000000
080e122600000000
07120e1b00000000
020e061200000000
0e120e0000000000
230e121d00000000
04120c0400000000
040c120700000000
23070c2c00000000
13040c0700000000
2307042d00000000
132d040700000000
23072d0300000000
13032d0700000000
2307032800000000
1328030700000000
2307282a00000000
132a280700000000
13072a0200000000
022a072700000000
06072a1b00000000
04272a2400000000
0a2a270100000000
0827072a00000000
092a272600000000
0927262a00000000
0726271b00000000
0227122600000000
1726270000000000
4300260100000000
45002a0000000000
2b0600000000000c
2807000000000800
4406070100010200
4200000000000000
3a2a047f00000800
0e262a0000000000
232a0a2f00000000
23010a0800000000
0327012b00000000
0201262a00000000
232a262c00000000
02122a2700000000
012a011200000000
0e122a0000000000
382a047f07136600
0301122600000000
04122a0100000000
0301261200000000
3b01047f00003c00
3a12047f00000a00
0e26120000000000
23120a2f00000000
23270a0800000000
031b272b00000000
0227261200000000
2312262c00000000
0207121b00000000
0112270700000000
0e07120000000000
0312072600000000
04072a1200000000
0312260700000000
3b12047f00003e00
3a07047f00000c00
0e26070000000000
23070a2f00000000
23270a0800000000
031b272b00000000
0227260700000000
2307262c00000000
0224071b00000000
0107272400000000
0e24070000000000
0307242600000000
04242a0700000000
0307262400000000
3b07047f00004000
3a24047f00000e00
0e26240000000000
23240a2f00000000
232f0a0800000000
03082f2b00000000
022f262400000000
2324262c00000000
022c240800000000
01242f2c00000000
0e2c240000000000
03242c2600000000
042c2a2400000000
0324262c00000000
3b24047f00004200
2a08000000002000
3901087f06ffb080
3912087f06ffb280
3907087f06ffb480
3924087f06ffb680
2a09000000000600
3923097f07005080
3925097f07005280
3916097f07005480
2b06000000000034
2a09000000000040
2c06060900000000
390e161f00000000
3400000000000000
3200000000000000
2804000000000000
3800040000001a80
2b05000000000000
2a05050000000200
3800057f00024700
2001000000000000
3b01043f00000000
3802047f00001000
3803047f00001200
3804047f00001400
3805047f00001600
3806047f00001800
2a09000000000600
3807097f07005080
3808097f07005280
3809097f07005480
2a08000000002000
380a087f06ffb080
3b0a047f00003c00
380a087f06ffb280
3b0a047f00003e00
380a087f06ffb480
3b0a047f00004000
380a087f06ffb680
3b0a047f00004200
2a08010000000010
2b0600000000000a
2c08080600000000
380a080300000000
2b06000000000035
380b167f00000000
3b0b047f00001800
380b167f00000100
3b0b047f00001a00
380b167f00000200
3b0b047f00001c00
380b167f00000300
3b0b047f00001e00
380b167f00000400
3b0b047f00002000
380b167f00000500
3b0b047f00002200
380b167f00000600
3b0b047f00002400
380b167f00000700
3b0b047f00002600
3b01047f00002800
3b01047f00002a00
3b01047f00002c00
3b01047f00002e00
3b01047f00003000
3b01047f00003200
3b01047f00003400
3b01047f00003600
2b06000000000034
380b167f00000000
380c161f00000100
2a0a0000ffffff80
2a0b010000000080
2c0a0a0b00000000
3b0b0a7f00001800
3b0c0a1f00001a00
220c010000000000
220b000000000000
090d0c0b00000000
200b000000000005
080c0d0b00000000
380d047f0713d400
3c0e0d0000001800
380f047f0713d600
3c100f0000003c00
0211100e00000000
3c100f0000003d00
0212100e00000000
3c100f0000003e00
0213100e00000000
3c100f0000003f00
0214100e00000000
3c100f0000004000
0215100e00000000
3c100f0000004100
0216100e00000000
3c100f0000004200
0217100e00000000
3c100f0000004300
0218100e00000000
3c100d0000001804
3c0e0f0000003c04
02190e1000000000
010e111900000000
3c190f0000003d04
0211191000000000
0119121100000000
3c110f0000003e04
0212111000000000
0111131200000000
3c120f0000003f04
0213121000000000
0112141300000000
3c130f0000004004
0214131000000000
0113151400000000
3c140f0000004104
0215141000000000
0114161500000000
3c150f0000004204
0216151000000000
0115171600000000
3c160f0000004304
0217161000000000
0116181700000000
3c170d0000001808
3c180f0000003c08
0210181700000000
01180e1000000000
3c100f0000003d08
020e101700000000
0110190e00000000
3c0e0f0000003e08
02190e1700000000
010e111900000000
3c190f0000003f08
0211191700000000
0119121100000000
3c110f0000004008
0212111700000000
0111131200000000
3c120f0000004108
0213121700000000
0112141300000000
3c130f0000004208
0214131700000000
0113151400000000
3c140f0000004308
0215141700000000
0114161500000000
3c150d000000180c
3c160f0000003c0c
0217161500000000
0116181700000000
3c170f0000003d0c
0218171500000000
0117101800000000
3c180f0000003e0c
0210181500000000
01180e1000000000
3c100f0000003f0c
020e101500000000
0110190e00000000
3c0e0f000000400c
02190e1500000000
010e111900000000
3c190f000000410c
0211191500000000
0119121100000000
3c110f000000420c
0212111500000000
0111131200000000
3c120f000000430c
0213121500000000
0112141300000000
3c130d0000001810
3c140f0000003c10
0215141300000000
0114161500000000
3c150f0000003d10
0216151300000000
0115171600000000
3c160f0000003e10
0217161300000000
0116181700000000
3c170f0000003f10
0218171300000000
0117101800000000
3c180f0000004010
0210181300000000
01180e1000000000
3c100f0000004110
020e101300000000
0110190e00000000
3c0e0f0000004210
02190e1300000000
010e111900000000
3c190f0000004310
0211191300000000
0119121100000000
3c110d0000001814
3c120f0000003c14
0213121100000000
0112141300000000
3c130f0000003d14
0214131100000000
0113151400000000
3c140f0000003e14
0215141100000000
0114161500000000
3c150f0000003f14
0216151100000000
0115171600000000
3c160f0000004014
0217161100000000
0116181700000000
3c170f0000004114
0218171100000000
0117101800000000
3c180f0000004214
0210181100000000
01180e1000000000
3c100f0000004314
020e101100000000
0110190e00000000
3c0e0d0000001818
3c190f0000003c18
0211190e00000000
0119121100000000
3c110f0000003d18
0212110e00000000
0111131200000000
3c120f0000003e18
0213120e00000000
0112141300000000
3c130f0000003f18
0214130e00000000
0113151400000000
3c140f0000004018
0215140e00000000
0114161500000000
3c150f0000004118
0216150e00000000
0115171600000000
3c160f0000004218
0217160e00000000
0116181700000000
3c170f0000004318
0218170e00000000
0117101800000000
3c180d000000181c
3c100f0000003c1c
020e101800000000
0110190e00000000
3c0e0f0000003d1c
02190e1800000000
010e111900000000
3c190f0000003e1c
0211191800000000
0119121100000000
3c110f0000003f1c
0212111800000000
0111131200000000
3c120f000000401c
0213121800000000
0112141300000000
3c130f000000411c
0214131800000000
0113151400000000
3c140f000000421c
0215141800000000
0114161500000000
3c150f000000431c
0216151800000000
0115171600000000
3c160d0000001820
3c170f0000003c20
0218171600000000
3c170f0000003d20
021a171600000000
3c170f0000003e20
021b171600000000
3c170f0000003f20
021c171600000000
3c170f0000004020
021d171600000000
3c170f0000004120
021e171600000000
3c170f0000004220
021f171600000000
3c170f0000004320
0220171600000000
3c170d0000001824
3c160f0000003c24
0221161700000000
0116182100000000
3c210f0000003d24
0218211700000000
01211a1800000000
3c180f0000003e24
021a181700000000
01181b1a00000000
3c1a0f0000003f24
021b1a1700000000
011a1c1b00000000
3c1b0f0000004024
021c1b1700000000
011b1d1c00000000
3c1c0f0000004124
021d1c1700000000
011c1e1d00000000
3c1d0f0000004224
021e1d1700000000
011d1f1e00000000
3c1e0f0000004324
021f1e1700000000
011e201f00000000
3c1f0d0000001828
3c200f0000003c28
0217201f00000000
0120161700000000
3c170f0000003d28
0216171f00000000
0117211600000000
3c160f0000003e28
0221161f00000000
0116182100000000
3c210f0000003f28
0218211f00000000
01211a1800000000
3c180f0000004028
021a181f00000000
01181b1a00000000
3c1a0f0000004128
021b1a1f00000000
011a1c1b00000000
3c1b0f0000004228
021c1b1f00000000
011b1d1c00000000
3c1c0f0000004328
021d1c1f00000000
011c1e1d00000000
3c1d0d000000182c
3c1e0f0000003c2c
021f1e1d00000000
011e201f00000000
3c1f0f0000003d2c
02201f1d00000000
011f172000000000
3c200f0000003e2c
0217201d00000000
0120161700000000
3c170f0000003f2c
0216171d00000000
0117211600000000
3c160f000000402c
0221161d00000000
0116182100000000
3c210f000000412c
0218211d00000000
01211a1800000000
3c180f000000422c
021a181d00000000
01181b1a00000000
3c1a0f000000432c
021b1a1d00000000
011a1c1b00000000
3c1b0d0000001830
3c1c0f0000003c30
021d1c1b00000000
011c1e1d00000000
3c1d0f0000003d30
021e1d1b00000000
011d1f1e00000000
3c1e0f0000003e30
021f1e1b00000000
011e201f00000000
3c1f0f0000003f30
02201f1b00000000
011f172000000000
3c200f0000004030
0217201b00000000
0120161700000000
3c170f0000004130
0216171b00000000
0117211600000000
3c160f0000004230
0221161b00000000
0116182100000000
3c210f0000004330
0218211b00000000
01211a1800000000
3c180d0000001834
3c1a0f0000003c34
021b1a1800000000
011a1c1b00000000
3c1b0f0000003d34
021c1b1800000000
011b1d1c00000000
3c1c0f0000003e34
021d1c1800000000
011c1e1d00000000
3c1d0f0000003f34
021e1d1800000000
011d1f1e00000000
3c1e0f0000004034
021f1e1800000000
011e201f00000000
3c1f0f0000004134
02201f1800000000
011f172000000000
3c200f0000004234
0217201800000000
0120161700000000
3c170f0000004334
0216171800000000
0117211600000000
3c160d0000001838
3c210f0000003c38
0218211600000000
01211a1800000000
3c180f0000003d38
021a181600000000
01181b1a00000000
3c1a0f0000003e38
021b1a1600000000
011a1c1b00000000
3c1b0f0000003f38
021c1b1600000000
011b1d1c00000000
3c1c0f0000004038
021d1c1600000000
011c1e1d00000000
3c1d0f0000004138
021e1d1600000000
011d1f1e00000000
3c1e0f0000004238
021f1e1600000000
011e201f00000000
3c1f0f0000004338
02201f1600000000
011f172000000000
3c200d000000183c
3c170f0000003c3c
0216172000000000
0117211600000000
3c160f0000003d3c
0221162000000000
0116182100000000
3c210f0000003e3c
0218212000000000
01211a1800000000
3c180f0000003f3c
021a182000000000
01181b1a00000000
3c1a0f000000403c
021b1a2000000000
011a1c1b00000000
3c1b0f000000413c
021c1b2000000000
011b1d1c00000000
3c1c0f000000423c
021d1c2000000000
011c1e1d00000000
3c1d0f000000433c
021e1d2000000000
011d1f1e00000000
3c1e0d0000001840
3c1f0f0000003c40
02201f1e00000000
3c1f0f0000003d40
02221f1e00000000
3c1f0f0000003e40
02231f1e00000000
3c1f0f0000003f40
02241f1e00000000
3c1f0f0000004040
02251f1e00000000
3c1f0f0000004140
02261f1e00000000
3c1f0f0000004240
02271f1e00000000
3c1f0f0000004340
02281f1e00000000
3c1f0d0000001844
3c1e0f0000003c44
02291e1f00000000
011e202900000000
3c290f0000003d44
0220291f00000000
0129222000000000
3c200f0000003e44
0222201f00000000
0120232200000000
3c220f0000003f44
0223221f00000000
0122242300000000
3c230f0000004044
0224231f00000000
0123252400000000
3c240f0000004144
0225241f00000000
0124262500000000
3c250f0000004244
0226251f00000000
0125272600000000
3c260f0000004344
0227261f00000000
0126282700000000
3c270d0000001848
3c280f0000003c48
021f282700000000
01281e1f00000000
3c1f0f0000003d48
021e1f2700000000
011f291e00000000
3c1e0f0000003e48
02291e2700000000
011e202900000000
3c290f0000003f48
0220292700000000
0129222000000000
3c200f0000004048
0222202700000000
0120232200000000
3c220f0000004148
0223222700000000
0122242300000000
3c230f0000004248
0224232700000000
0123252400000000
3c240f0000004348
0225242700000000
0124262500000000
3c250d000000184c
3c260f0000003c4c
0227262500000000
0126282700000000
3c270f0000003d4c
0228272500000000
01271f2800000000
3c280f0000003e4c
021f282500000000
01281e1f00000000
3c1f0f0000003f4c
021e1f2500000000
011f291e00000000
3c1e0f000000404c
02291e2500000000
011e202900000000
3c290f000000414c
0220292500000000
0129222000000000
3c200f000000424c
0222202500000000
0120232200000000
3c220f000000434c
0223222500000000
0122242300000000
3c230d0000001850
3c240f0000003c50
0225242300000000
0124262500000000
3c250f0000003d50
0226252300000000
0125272600000000
3c260f0000003e50
0227262300000000
0126282700000000
3c270f0000003f50
0228272300000000
01271f2800000000
3c280f0000004050
021f282300000000
01281e1f00000000
3c1f0f0000004150
021e1f2300000000
011f291e00000000
3c1e0f0000004250
02291e2300000000
011e202900000000
3c290f0000004350
0220292300000000
0129222000000000
3c200d0000001854
3c220f0000003c54
0223222000000000
0122242300000000
3c230f0000003d54
0224232000000000
0123252400000000
3c240f0000003e54
0225242000000000
0124262500000000
3c250f0000003f54
0226252000000000
0125272600000000
3c260f0000004054
0227262000000000
0126282700000000
3c270f0000004154
0228272000000000
01271f2800000000
3c280f0000004254
021f282000000000
01281e1f00000000
3c1f0f0000004354
021e1f2000000000
011f291e00000000
3c1e0d0000001858
3c290f0000003c58
0220291e00000000
0129222000000000
3c200f0000003d58
0222201e00000000
0120232200000000
3c220f0000003e58
0223221e00000000
0122242300000000
3c230f0000003f58
0224231e00000000
0123252400000000
3c240f0000004058
0225241e00000000
0124262500000000
3c250f0000004158
0226251e00000000
0125272600000000
3c260f0000004258
0227261e00000000
0126282700000000
3c270f0000004358
0228271e00000000
01271f2800000000
3c280d000000185c
3c1f0f0000003c5c
021e1f2800000000
011f291e00000000
3c1e0f0000003d5c
02291e2800000000
011e202900000000
3c290f0000003e5c
0220292800000000
0129222000000000
3c200f0000003f5c
0222202800000000
0120232200000000
3c220f000000405c
0223222800000000
0122242300000000
3c230f000000415c
0224232800000000
0123252400000000
3c240f000000425c
0225242800000000
0124262500000000
3c250f000000435c
0226252800000000
0125272600000000
3c260d0000001860
3c270f0000003c60
0228272600000000
3c270f0000003d60
022a272600000000
3c270f0000003e60
022b272600000000
3c270f0000003f60
022c272600000000
3c270f0000004060
022d272600000000
3c270f0000004160
022e272600000000
3c270f0000004260
022f272600000000
3c270f0000004360
0230272600000000
3c270d0000001864
3c260f0000003c64
0231262700000000
0126283100000000
3c310f0000003d64
0228312700000000
01312a2800000000
3c280f0000003e64
022a282700000000
01282b2a00000000
3c2a0f0000003f64
022b2a2700000000
012a2c2b00000000
3c2b0f0000004064
022c2b2700000000
012b2d2c00000000
3c2c0f0000004164
022d2c2700000000
012c2e2d00000000
3c2d0f0000004264
022e2d2700000000
012d2f2e00000000
3c2e0f0000004364
022f2e2700000000
012e302f00000000
3c2f0d0000001868
3c300f0000003c68
0227302f00000000
0130262700000000
3c270f0000003d68
0226272f00000000
0127312600000000
3c260f0000003e68
0231262f00000000
0126283100000000
3c310f0000003f68
0228312f00000000
01312a2800000000
3c280f0000004068
022a282f00000000
01282b2a00000000
3c2a0f0000004168
022b2a2f00000000
012a2c2b00000000
3c2b0f0000004268
022c2b2f00000000
012b2d2c00000000
3c2c0f0000004368
022d2c2f00000000
012c2e2d00000000
3c2d0d000000186c
3c2e0f0000003c6c
022f2e2d00000000
012e302f00000000
3c2f0f0000003d6c
02302f2d00000000
012f273000000000
3c300f0000003e6c
0227302d00000000
0130262700000000
3c270f0000003f6c
0226272d00000000
0127312600000000
3c260f000000406c
0231262d00000000
0126283100000000
3c310f000000416c
0228312d00000000
01312a2800000000
3c280f000000426c
022a282d00000000
01282b2a00000000
3c2a0f000000436c
022b2a2d00000000
012a2c2b00000000
3c2b0d0000001870
3c2c0f0000003c70
022d2c2b00000000
012c2e2d00000000
3c2d0f0000003d70
022e2d2b00000000
012d2f2e00000000
3c2e0f0000003e70
022f2e2b00000000
012e302f00000000
3c2f0f0000003f70
02302f2b00000000
012f273000000000
3c300f0000004070
0227302b00000000
0130262700000000
3c270f0000004170
0226272b00000000
0127312600000000
3c260f0000004270
0231262b00000000
0126283100000000
3c310f0000004370
0228312b00000000
01312a2800000000
3c280d0000001874
3c2a0f0000003c74
022b2a2800000000
012a2c2b00000000
3c2b0f0000003d74
022c2b2800000000
012b2d2c00000000
3c2c0f0000003e74
022d2c2800000000
012c2e2d00000000
3c2d0f0000003f74
022e2d2800000000
012d2f2e00000000
3c2e0f0000004074
022f2e2800000000
012e302f00000000
3c2f0f0000004174
02302f2800000000
012f273000000000
3c300f0000004274
0227302800000000
0130262700000000
3c270f0000004374
0226272800000000
0127312600000000
3c260d0000001878
3c310f0000003c78
0228312600000000
01312a2800000000
3c280f0000003d78
022a282600000000
01282b2a00000000
3c2a0f0000003e78
022b2a2600000000
012a2c2b00000000
3c2b0f0000003f78
022c2b2600000000
012b2d2c00000000
3c2c0f0000004078
022d2c2600000000
012c2e2d00000000
3c2d0f0000004178
022e2d2600000000
012d2f2e00000000
3c2e0f0000004278
022f2e2600000000
012e302f00000000
3c2f0f0000004378
02302f2600000000
012f273000000000
3c300d000000187c
3c0d0f0000003c7c
02270d3000000000
010d312700000000
3c270f0000003d7c
0231273000000000
0127283100000000
3c310f0000003e7c
0228313000000000
01312a2800000000
3c280f0000003f7c
022a283000000000
01282b2a00000000
3c2a0f000000407c
022b2a3000000000
012a2c2b00000000
3c2b0f000000417c
022c2b3000000000
012b2d2c00000000
3c2c0f000000427c
022d2c3000000000
012c2e2d00000000
3c2d0f000000437c
020f2d3000000000
012d2f0f00000000
380f047f0713d800
0b2f0f0c00000000
090f012f00000000
202f0000ffffffff
030c0f2f00000000
202f0000ff61b1e6
04300c2f00000000
010c101700000000
01171f0d00000000
010d0c1700000000
201700003e3504f3
020c0d1700000000
040d0c0f00000000
050c0d3000000000
380d047f07128c00
231f0c0d00000000
13100c1f00000000
381f047f07128e00
232e101f00000000
1326102e00000000
382e047f07129000
2310262e00000000
1332261000000000
3810047f07129200
2326321000000000
1333322600000000
3826047f07129400
2332332600000000
1334333200000000
3832047f0713da00
2333343200000000
1335343300000000
2033000080000000
0334353300000000
01360c3400000000
2034000042b00000
140c363400000000
20360000c2ae0000
13370c3600000000
200c00003fb8aa3b
0238370c00000000
203900004b400000
013a383900000000
20380000cb400000
013b3a3800000000
203a0000bf317200
023c3b3a00000000
013d373c00000000
203c0000b5bfbe8e
02373b3c00000000
013e3d3700000000
203700003ab60b61
023d373e00000000
203f00003c088889
01403d3f00000000
023d403e00000000
204000003d2aaaab
01413d4000000000
023d413e00000000
204100003e2aaaab
01423d4100000000
023d423e00000000
204200003f000000
01433d4200000000
023d433e00000000
204300003f800000
01443d4300000000
023d443e00000000
01443d4300000000
0d3d3b0000000000
203b000000000017
073e3d3b00000000
083d443e00000000
043e3d0f00000000
3b3e047f00004400
0e3d3e0000000000
3b3d047f00005400
3b35047f00006400
01350e1600000000
01161e2700000000
0127351600000000
0216271700000000
0427160f00000000
0516273000000000
2327160d00000000
1335162700000000
2327351f00000000
131e352700000000
23271e2e00000000
13351e2700000000
2327351000000000
131e352700000000
23271e2600000000
13351e2700000000
2327353200000000
131e352700000000
03271e3300000000
0135162700000000
1427353400000000
1335273600000000
0227350c00000000
0116273900000000
0127163800000000
0216273a00000000
010e351600000000
0216273c00000000
01350e1600000000
0216373500000000
010e163f00000000
02160e3500000000
010e164000000000
02160e3500000000
010e164100000000
02160e3500000000
010e164200000000
02160e3500000000
010e164300000000
02160e3500000000
010e164300000000
0d16270000000000
0727163b00000000
08160e2700000000
0427160f00000000
3b27047f00004600
0e16270000000000
3b16047f00005600
3b1e047f00006600
011e192100000000
0121293100000000
01311e2100000000
0221311700000000
0431210f00000000
0521313000000000
2331210d00000000
131e213100000000
23311e1f00000000
13291e3100000000
2331292e00000000
131e293100000000
23311e1000000000
13291e3100000000
2331292600000000
131e293100000000
23311e3200000000
13291e3100000000
0331293300000000
011e213100000000
14311e3400000000
131e313600000000
02311e0c00000000
0121313900000000
0131213800000000
0221313a00000000
01191e2100000000
0221313c00000000
011e192100000000
0221371e00000000
0119213f00000000
0221191e00000000
0119214000000000
0221191e00000000
0119214100000000
0221191e00000000
0119214200000000
0221191e00000000
0119214300000000
0221191e00000000
0119214300000000
0d21310000000000
0731213b00000000
0821193100000000
0431210f00000000
3b31047f00004800
0e21310000000000
3b21047f00005800
3b29047f00006800
0129111800000000
0118202800000000
0128291800000000
0218281700000000
0428180f00000000
0518283000000000
2328180d00000000
1329182800000000
2328291f00000000
1320292800000000
2328202e00000000
1329202800000000
2328291000000000
1320292800000000
2328202600000000
1329202800000000
2328293200000000
1320292800000000
0328203300000000
0129182800000000
1428293400000000
1329283600000000
0228290c00000000
0118283900000000
0128183800000000
0218283a00000000
0111291800000000
0218283c00000000
0129111800000000
0218372900000000
0111183f00000000
0218112900000000
0111184000000000
0218112900000000
0111184100000000
0218112900000000
0111184200000000
0218112900000000
0111184300000000
0218112900000000
0111184300000000
0d18280000000000
0728183b00000000
0818112800000000
0428180f00000000
3b28047f00004a00
0e18280000000000
3b18047f00005a00
3b20047f00006a00
0120121a00000000
011a222a00000000
012a201a00000000
021a2a1700000000
042a1a0f00000000
051a2a3000000000
232a1a0d00000000
13201a2a00000000
232a201f00000000
1322202a00000000
232a222e00000000
1320222a00000000
232a201000000000
1322202a00000000
232a222600000000
1320222a00000000
232a203200000000
1322202a00000000
032a223300000000
01201a2a00000000
142a203400000000
13202a3600000000
022a200c00000000
011a2a3900000000
012a1a3800000000
021a2a3a00000000
0112201a00000000
021a2a3c00000000
0120121a00000000
021a372000000000
01121a3f00000000
021a122000000000
01121a4000000000
021a122000000000
01121a4100000000
021a122000000000
01121a4200000000
021a122000000000
01121a4300000000
021a122000000000
01121a4300000000
0d1a2a0000000000
072a1a3b00000000
081a122a00000000
042a1a0f00000000
3b2a047f00004c00
0e1a2a0000000000
3b1a047f00005c00
3b22047f00006c00
0122131b00000000
011b232b00000000
012b221b00000000
021b2b1700000000
042b1b0f00000000
051b2b3000000000
232b1b0d00000000
13221b2b00000000
232b221f00000000
1323222b00000000
232b232e00000000
1322232b00000000
232b221000000000
1323222b00000000
232b232600000000
1322232b00000000
232b223200000000
1323222b00000000
032b233300000000
01221b2b00000000
142b223400000000
13222b3600000000
022b220c00000000
011b2b3900000000
012b1b3800000000
021b2b3a00000000
0113221b00000000
021b2b3c00000000
0122131b00000000
021b372200000000
01131b3f00000000
021b132200000000
01131b4000000000
021b132200000000
01131b4100000000
021b132200000000
01131b4200000000
021b132200000000
01131b4300000000
021b132200000000
01131b4300000000
0d1b2b0000000000
072b1b3b00000000
081b132b00000000
042b1b0f00000000
3b2b047f00004e00
0e1b2b0000000000
3b1b047f00005e00
3b23047f00006e00
0123141c00000000
011c242c00000000
012c231c00000000
021c2c1700000000
042c1c0f00000000
051c2c3000000000
232c1c0d00000000
13231c2c00000000
232c231f00000000
1324232c00000000
232c242e00000000
1323242c00000000
232c231000000000
1324232c00000000
232c242600000000
1323242c00000000
232c233200000000
1324232c00000000
032c243300000000
01231c2c00000000
142c233400000000
13232c3600000000
022c230c00000000
011c2c3900000000
012c1c3800000000
021c2c3a00000000
0114231c00000000
021c2c3c00000000
0123141c00000000
021c372300000000
01141c3f00000000
021c142300000000
01141c4000000000
021c142300000000
01141c4100000000
021c142300000000
01141c4200000000
021c142300000000
01141c4300000000
021c142300000000
01141c4300000000
0d1c2c0000000000
072c1c3b00000000
081c142c00000000
042c1c0f00000000
3b2c047f00005000
0e1c2c0000000000
3b1c047f00006000
3b24047f00007000
0124151d00000000
011d252d00000000
012d241d00000000
021d2d1700000000
042d1d0f00000000
051d2d3000000000
232d1d0d00000000
13301d2d00000000
232d301f00000000
1317302d00000000
232d172e00000000
1330172d00000000
232d301000000000
1317302d00000000
232d172600000000
1330172d00000000
232d303200000000
1332302d00000000
032d323300000000
01301d2d00000000
142d303400000000
13302d3600000000
022d300c00000000
011d2d3900000000
012d1d3800000000
021d2d3a00000000
0117301d00000000
021d2d3c00000000
0130171d00000000
021d373000000000
01171d3f00000000
021d173000000000
01171d4000000000
021d173000000000
01171d4100000000
021d173000000000
01171d4200000000
021d173000000000
01171d4300000000
021d173000000000
01171d4300000000
0d1d2d0000000000
072d1d3b00000000
081d172d00000000
042d1d0f00000000
3b2d047f00005200
0e1d2d0000000000
3b1d047f00006200
3b32047f00007200
3832047f07136800
3c1d320000004400
3c2d320000004404
010f1d2d00000000
3c2d320000004408
011d0f2d00000000
3c2d32000000440c
010f1d2d00000000
3c2d320000004410
011d0f2d00000000
3c2d320000004414
010f1d2d00000000
3c2d320000004418
011d0f2d00000000
3c2d32000000441c
010f1d2d00000000
382d047f0712fc00
231d0f2d00000000
01170f1d00000000
381d047f0712fe00
230f171d00000000
0130170f00000000
380f047f07130000
2317300f00000000
0124301700000000
3817047f0713dc00
2330241700000000
3817047f0713de00
3c24170000006400
2b06000000000014
3817060f00000000
0325243300000000
0124172500000000
1425243400000000
1324253600000000
0225240c00000000
0117253900000000
0125173800000000
0217253a00000000
0115241700000000
0217253c00000000
0124151700000000
0217372400000000
0115173f00000000
0217152400000000
0115174000000000
0217152400000000
0115174100000000
0217152400000000
0115174200000000
0217152400000000
0115174300000000
0217152400000000
0115174300000000
0d17250000000000
0725173b00000000
0817152500000000
0125301700000000
3817047f0713c600
3c30170000001800
3815047f0713e000
3c24150000005400
021c243000000000
3c24150000005800
022c243000000000
3c24150000005c00
0214243000000000
3c24150000006000
0223243000000000
3c24170000001880
3c30150000005404
021b302400000000
01301c1b00000000
3c1b150000005804
021c1b2400000000
011b2c1c00000000
3c1c150000005c04
022c1c2400000000
011c142c00000000
3c2c150000006004
02142c2400000000
012c231400000000
3c14170000001900
3c23150000005408
0224231400000000
0123302400000000
3c24150000005808
0230241400000000
01241b3000000000
3c30150000005c08
021b301400000000
01301c1b00000000
3c1b150000006008
021c1b1400000000
011b2c1c00000000
3c1c170000001980
3c2c15000000540c
02142c1c00000000
012c231400000000
3c1415000000580c
0223141c00000000
0114242300000000
3c23150000005c0c
0224231c00000000
0123302400000000
3c2415000000600c
0230241c00000000
01241b3000000000
3c30170000001a00
3c1b150000005410
021c1b3000000000
011b2c1c00000000
3c1c150000005810
022c1c3000000000
011c142c00000000
3c2c150000005c10
02142c3000000000
012c231400000000
3c14150000006010
0223143000000000
0114242300000000
3c23170000001a80
3c24150000005414
0230242300000000
01241b3000000000
3c30150000005814
021b302300000000
01301c1b00000000
3c1b150000005c14
021c1b2300000000
011b2c1c00000000
3c1c150000006014
022c1c2300000000
011c142c00000000
3c2c170000001b00
3c14150000005418
0223142c00000000
0114242300000000
3c23150000005818
0224232c00000000
0123302400000000
3c24150000005c18
0230242c00000000
01241b3000000000
3c30150000006018
021b302c00000000
01301c1b00000000
3c1b170000001b80
3c1c15000000541c
022c1c1b00000000
011c142c00000000
3c2c15000000581c
02142c1b00000000
012c231400000000
3c14150000005c1c
0223141b00000000
0114242300000000
3c2315000000601c
0224231b00000000
0123302400000000
3c24170000001c00
3c30150000005420
021b302400000000
3c30150000005820
022b302400000000
3c30150000005c20
0213302400000000
3c30150000006020
0222302400000000
3c30170000001c80
3c24150000005424
021a243000000000
01241b1a00000000
3c1a150000005824
021b1a3000000000
011a2b1b00000000
3c1b150000005c24
022b1b3000000000
011b132b00000000
3c2b150000006024
02132b3000000000
012b221300000000
3c13170000001d00
3c22150000005428
0230221300000000
0122243000000000
3c30150000005828
0224301300000000
01301a2400000000
3c24150000005c28
021a241300000000
01241b1a00000000
3c1a150000006028
021b1a1300000000
011a2b1b00000000
3c1b170000001d80
3c2b15000000542c
02132b1b00000000
012b221300000000
3c1315000000582c
0222131b00000000
0113302200000000
3c22150000005c2c
0230221b00000000
0122243000000000
3c3015000000602c
0224301b00000000
01301a2400000000
3c24170000001e00
3c1a150000005430
021b1a2400000000
011a2b1b00000000
3c1b150000005830
022b1b2400000000
011b132b00000000
3c2b150000005c30
02132b2400000000
012b221300000000
3c13150000006030
0222132400000000
0113302200000000
3c22170000001e80
3c30150000005434
0224302200000000
01301a2400000000
3c24150000005834
021a242200000000
01241b1a00000000
3c1a150000005c34
021b1a2200000000
011a2b1b00000000
3c1b150000006034
022b1b2200000000
011b132b00000000
3c2b170000001f00
3c13150000005438
0222132b00000000
0113302200000000
3c22150000005838
0230222b00000000
0122243000000000
3c30150000005c38
0224302b00000000
01301a2400000000
3c24150000006038
021a242b00000000
01241b1a00000000
3c1a170000001f80
3c1b15000000543c
022b1b1a00000000
011b132b00000000
3c2b15000000583c
02132b1a00000000
012b221300000000
3c13150000005c3c
0222131a00000000
0113302200000000
3c2215000000603c
0230221a00000000
0122243000000000
3c30170000002000
3c24150000005440
021a243000000000
3c24150000005840
022a243000000000
3c24150000005c40
0212243000000000
3c24150000006040
0220243000000000
3c24170000002080
3c30150000005444
0218302400000000
01301a1800000000
3c18150000005844
021a182400000000
01182a1a00000000
3c1a150000005c44
022a1a2400000000
011a122a00000000
3c2a150000006044
02122a2400000000
012a201200000000
3c12170000002100
3c20150000005448
0224201200000000
0120302400000000
3c24150000005848
0230241200000000
0124183000000000
3c30150000005c48
0218301200000000
01301a1800000000
3c18150000006048
021a181200000000
01182a1a00000000
3c1a170000002180
3c2a15000000544c
02122a1a00000000
012a201200000000
3c1215000000584c
0220121a00000000
0112242000000000
3c20150000005c4c
0224201a00000000
0120302400000000
3c2415000000604c
0230241a00000000
0124183000000000
3c30170000002200
3c18150000005450
021a183000000000
01182a1a00000000
3c1a150000005850
022a1a3000000000
011a122a00000000
3c2a150000005c50
02122a3000000000
012a201200000000
3c12150000006050
0220123000000000
0112242000000000
3c20170000002280
3c24150000005454
0230242000000000
0124183000000000
3c30150000005854
0218302000000000
01301a1800000000
3c18150000005c54
021a182000000000
01182a1a00000000
3c1a150000006054
022a1a2000000000
011a122a00000000
3c2a170000002300
3c12150000005458
0220122a00000000
0112242000000000
3c20150000005858
0224202a00000000
0120302400000000
3c24150000005c58
0230242a00000000
0124183000000000
3c30150000006058
0218302a00000000
01301a1800000000
3c18170000002380
3c1a15000000545c
022a1a1800000000
011a122a00000000
3c2a15000000585c
02122a1800000000
012a201200000000
3c12150000005c5c
0220121800000000
0112242000000000
3c2015000000605c
0224201800000000
0120302400000000
3c24170000002400
3c30150000005460
0218302400000000
3c30150000005860
0228302400000000
3c30150000005c60
0211302400000000
3c30150000006060
0229302400000000
3c30170000002480
3c24150000005464
0221243000000000
0124182100000000
3c21150000005864
0218213000000000
0121281800000000
3c18150000005c64
0228183000000000
0118112800000000
3c28150000006064
0211283000000000
0128291100000000
3c11170000002500
3c29150000005468
0230291100000000
0129243000000000
3c30150000005868
0224301100000000
0130212400000000
3c24150000005c68
0221241100000000
0124182100000000
3c21150000006068
0218211100000000
0121281800000000
3c18170000002580
3c2815000000546c
0211281800000000
0128291100000000
3c1115000000586c
0229111800000000
0111302900000000
3c29150000005c6c
0230291800000000
0129243000000000
3c3015000000606c
0224301800000000
0130212400000000
3c24170000002600
3c21150000005470
0218212400000000
0121281800000000
3c18150000005870
0228182400000000
0118112800000000
3c28150000005c70
0211282400000000
0128291100000000
3c11150000006070
0229112400000000
0111302900000000
3c29170000002680
3c30150000005474
0224302900000000
0130212400000000
3c24150000005874
0221242900000000
0124182100000000
3c21150000005c74
0218212900000000
0121281800000000
3c18150000006074
0228182900000000
0118112800000000
3c28170000002700
3c11150000005478
0229112800000000
0111302900000000
3c29150000005878
0230292800000000
0129243000000000
3c30150000005c78
0224302800000000
0130212400000000
3c24150000006078
0221242800000000
0124182100000000
3c21170000002780
3c1815000000547c
0228182100000000
0118112800000000
3c2815000000587c
0211282100000000
0128291100000000
3c11150000005c7c
0229112100000000
0111302900000000
3c2915000000607c
0230292100000000
0129243000000000
3c30170000002800
3c24150000005480
0221243000000000
3c24150000005880
0231243000000000
3c24150000005c80
0219243000000000
3c24150000006080
021e243000000000
3c24170000002880
3c30150000005484
0216302400000000
0130211600000000
3c16150000005884
0221162400000000
0116312100000000
3c21150000005c84
0231212400000000
0121193100000000
3c31150000006084
0219312400000000
01311e1900000000
3c19170000002900
3c1e150000005488
02241e1900000000
011e302400000000
3c24150000005888
0230241900000000
0124163000000000
3c30150000005c88
0216301900000000
0130211600000000
3c16150000006088
0221161900000000
0116312100000000
3c21170000002980
3c3115000000548c
0219312100000000
01311e1900000000
3c1915000000588c
021e192100000000
0119241e00000000
3c1e150000005c8c
02241e2100000000
011e302400000000
3c2415000000608c
0230242100000000
0124163000000000
3c30170000002a00
3c16150000005490
0221163000000000
0116312100000000
3c21150000005890
0231213000000000
0121193100000000
3c31150000005c90
0219313000000000
01311e1900000000
3c19150000006090
021e193000000000
0119241e00000000
3c1e170000002a80
3c24150000005494
0230241e00000000
0124163000000000
3c30150000005894
0216301e00000000
0130211600000000
3c16150000005c94
0221161e00000000
0116312100000000
3c21150000006094
0231211e00000000
0121193100000000
3c31170000002b00
3c19150000005498
021e193100000000
0119241e00000000
3c1e150000005898
02241e3100000000
011e302400000000
3c24150000005c98
0230243100000000
0124163000000000
3c30150000006098
0216303100000000
0130211600000000
3c16170000002b80
3c2115000000549c
0231211600000000
0121193100000000
3c3115000000589c
0219311600000000
01311e1900000000
3c19150000005c9c
021e191600000000
0119241e00000000
3c1e15000000609c
02241e1600000000
011e302400000000
3c24170000002c00
3c301500000054a0
0216302400000000
3c301500000058a0
0227302400000000
3c30150000005ca0
020e302400000000
3c301500000060a0
0235302400000000
3c30170000002c80
3c241500000054a4
023d243000000000
0124163d00000000
3c3d1500000058a4
02163d3000000000
013d271600000000
3c16150000005ca4
0227163000000000
01160e2700000000
3c271500000060a4
020e273000000000
0127350e00000000
3c0e170000002d00
3c351500000054a8
0230350e00000000
0135243000000000
3c301500000058a8
0224300e00000000
01303d2400000000
3c24150000005ca8
023d240e00000000
0124163d00000000
3c3d1500000060a8
02163d0e00000000
013d271600000000
3c16170000002d80
3c271500000054ac
020e271600000000
0127350e00000000
3c0e1500000058ac
02350e1600000000
010e303500000000
3c35150000005cac
0230351600000000
0135243000000000
3c301500000060ac
0224301600000000
01303d2400000000
3c24170000002e00
3c3d1500000054b0
02163d2400000000
013d271600000000
3c161500000058b0
0227162400000000
01160e2700000000
3c27150000005cb0
020e272400000000
0127350e00000000
3c0e1500000060b0
02350e2400000000
010e303500000000
3c35170000002e80
3c301500000054b4
0224303500000000
01303d2400000000
3c241500000058b4
023d243500000000
0124163d00000000
3c3d150000005cb4
02163d3500000000
013d271600000000
3c161500000060b4
0227163500000000
01160e2700000000
3c27170000002f00
3c0e1500000054b8
02350e2700000000
010e303500000000
3c351500000058b8
0230352700000000
0135243000000000
3c30150000005cb8
0224302700000000
01303d2400000000
3c241500000060b8
023d242700000000
0124163d00000000
3c3d170000002f80
3c161500000054bc
0227163d00000000
01160e2700000000
3c271500000058bc
020e273d00000000
0127350e00000000
3c0e150000005cbc
02350e3d00000000
010e303500000000
3c351500000060bc
0230353d00000000
0135243000000000
3c30170000003000
3c241500000054c0
023d243000000000
3c241500000058c0
023e243000000000
3c24150000005cc0
0244243000000000
3c241500000060c0
0245243000000000
3c24170000003080
3c301500000054c4
0246302400000000
01303d4600000000
3c461500000058c4
023d462400000000
01463e3d00000000
3c3d150000005cc4
023e3d2400000000
013d443e00000000
3c3e1500000060c4
02443e2400000000
013e454400000000
3c44170000003100
3c451500000054c8
0224454400000000
0145302400000000
3c241500000058c8
0230244400000000
0124463000000000
3c30150000005cc8
0246304400000000
01303d4600000000
3c461500000060c8
023d464400000000
01463e3d00000000
3c3d170000003180
3c3e1500000054cc
02443e3d00000000
013e454400000000
3c441500000058cc
0245443d00000000
0144244500000000
3c45150000005ccc
0224453d00000000
0145302400000000
3c241500000060cc
0230243d00000000
0124463000000000
3c30170000003200
3c461500000054d0
023d463000000000
01463e3d00000000
3c3d1500000058d0
023e3d3000000000
013d443e00000000
3c3e150000005cd0
02443e3000000000
013e454400000000
3c441500000060d0
0245443000000000
0144244500000000
3c45170000003280
3c241500000054d4
0230244500000000
0124463000000000
3c301500000058d4
0246304500000000
01303d4600000000
3c46150000005cd4
023d464500000000
01463e3d00000000
3c3d1500000060d4
023e3d4500000000
013d443e00000000
3c3e170000003300
3c441500000054d8
0245443e00000000
0144244500000000
3c451500000058d8
0224453e00000000
0145302400000000
3c24150000005cd8
0230243e00000000
0124463000000000
3c301500000060d8
0246303e00000000
01303d4600000000
3c46170000003380
3c3d1500000054dc
023e3d4600000000
013d443e00000000
3c3e1500000058dc
02443e4600000000
013e454400000000
3c44150000005cdc
0245444600000000
0144244500000000
3c451500000060dc
0224454600000000
0145302400000000
3c24170000003400
3c301500000054e0
0246302400000000
3c301500000058e0
0247302400000000
3c30150000005ce0
0248302400000000
3c301500000060e0
0249302400000000
3c30170000003480
3c241500000054e4
024a243000000000
0124464a00000000
3c4a1500000058e4
02464a3000000000
014a474600000000
3c46150000005ce4
0247463000000000
0146484700000000
3c471500000060e4
0248473000000000
0147494800000000
3c48170000003500
3c491500000054e8
0230494800000000
0149243000000000
3c301500000058e8
0224304800000000
01304a2400000000
3c24150000005ce8
024a244800000000
0124464a00000000
3c4a1500000060e8
02464a4800000000
014a474600000000
3c46170000003580
3c471500000054ec
0248474600000000
0147494800000000
3c481500000058ec
0249484600000000
0148304900000000
3c49150000005cec
0230494600000000
0149243000000000
3c301500000060ec
0224304600000000
01304a2400000000
3c24170000003600
3c4a1500000054f0
02464a2400000000
014a474600000000
3c461500000058f0
0247462400000000
0146484700000000
3c47150000005cf0
0248472400000000
0147494800000000
3c481500000060f0
0249482400000000
0148304900000000
3c49170000003680
3c301500000054f4
0224304900000000
01304a2400000000
3c241500000058f4
024a244900000000
0124464a00000000
3c4a150000005cf4
02464a4900000000
014a474600000000
3c461500000060f4
0247464900000000
0146484700000000
3c47170000003700
3c481500000054f8
0249484700000000
0148304900000000
3c491500000058f8
0230494700000000
0149243000000000
3c30150000005cf8
0224304700000000
01304a2400000000
3c241500000060f8
024a244700000000
0124464a00000000
3c4a170000003780
3c171500000054fc
0246174a00000000
0117484600000000
3c461500000058fc
0248464a00000000
0146494800000000
3c48150000005cfc
0249484a00000000
0148304900000000
3c491500000060fc
0215494a00000000
0149241500000000
01151c1b00000000
011b1a1800000000
0118211600000000
01163d1700000000
0117151b00000000
011b181600000000
0116171b00000000
381b047f07130600
2317251b00000000
1018161700000000
0e17180000000000
3818047f07135e00
23160a1800000000
3815047f07136000
233d0a1500000000
3821047f0713e200
031a3d2100000000
023d171600000000
2316170d00000000
021c161a00000000
01163d1c00000000
0e1c160000000000
3816047f07136600
033d1c1700000000
041c163d00000000
033d171c00000000
011c2c2b00000000
012b2a2800000000
0128312700000000
01273e4600000000
01461c2b00000000
012b282700000000
0127462b00000000
382b047f07136e00
2346252b00000000
1028274600000000
0e46280000000000
23280a1800000000
23270a1500000000
031c272100000000
0227462800000000
2328460d00000000
023e281c00000000
0128273e00000000
0e3e280000000000
03283e4600000000
043e162800000000
0328463e00000000
013e141300000000
0113121100000000
0111190e00000000
010e444800000000
01483e1300000000
0113110e00000000
010e481300000000
3813047f0713c800
2348251300000000
10110e4800000000
0e48110000000000
23110a1800000000
230e0a1500000000
033e0e2100000000
020e481100000000
2311480d00000000
0244113e00000000
01110e4400000000
0e44110000000000
0311444800000000
0444161100000000
0311484400000000
0144232200000000
0122202900000000
01291e3500000000
0135454900000000
0149442200000000
0122293500000000
0135492200000000
3822047f0713ca00
2349252200000000
1025354900000000
0e49250000000000
23250a1800000000
23180a1500000000
0315182100000000
0218492500000000
2325490d00000000
0221251500000000
0125182100000000
0e21250000000000
0325214900000000
0421162500000000
0325492100000000
0e213d0000000000
3b21047f00000100
0e21280000000000
3b21047f00000300
3c21320000000100
4000210000000000
3c21320000000104
4000210000000001
3c21320000000108
4000210000000002
3c2132000000010c
4000210000000003
3c21320000000110
4000210000000004
3c21320000000114
4000210000000005
3c21320000000118
4000210000000006
3c2132000000011c
4000210000000007
3c21320000000300
4000210000000008
3c21320000000304
4000210000000009
3c21320000000308
400021000000000a
3c2132000000030c
400021000000000b
3c21320000000310
400021000000000c
3c21320000000314
400021000000000d
3c21320000000318
400021000000000e
3c2132000000031c
400021000000000f
2b06000000000015
2807000000000800
4106070200080020
4200000000000000
0e21110000000000
3b21047f00000100
0e21250000000000
3b21047f00000300
3c21320000000100
4000210000000000
3c21320000000104
4000210000000001
3c21320000000108
4000210000000002
3c2132000000010c
4000210000000003
3c21320000000110
4000210000000004
3c21320000000114
4000210000000005
3c21320000000118
4000210000000006
3c2132000000011c
4000210000000007
3c21320000000300
4000210000000008
3c21320000000304
4000210000000009
3c21320000000308
400021000000000a
3c2132000000030c
400021000000000b
3c21320000000310
400021000000000c
3c21320000000314
400021000000000d
3c21320000000318
400021000000000e
3c2132000000031c
400021000000000f
2b06000000000015
2906060000004000
2807000000000880
4106070200080020
4200000000000000
3a21043f00000800
0e25210000000000
3925043f00001d80
3400000000000000
3300000000000000
3825047f00001d80
3821047f07128a00
0411252100000000
4821110000000080
3921047f00001d80
3821047f00001f80
3811047f0712b800
0425211100000000
4821250000000080
3921047f00001f80
3400000000000000
3300000000000000
3821047f00001d80
3825047f00001f80
202800007fffffff
043d212800000000
23493d0d00000000
13163d4900000000
2349161f00000000
133d164900000000
23493d2e00000000
13163d4900000000
2349161000000000
133d164900000000
23493d2600000000
13163d4900000000
2049000038d1b717
133d164900000000
201600003b124925
02183d1600000000
063d183b00000000
20150000007fffff
040a181500000000
0a180a0100000000
080a3d1800000000
201800000000007f
093d0a1800000000
090a183d00000000
07350a3b00000000
020a213500000000
17350a0000000000
040a252800000000
23210a0d00000000
13290a2100000000
2321291f00000000
130a292100000000
23210a2e00000000
13290a2100000000
2321291000000000
130a292100000000
23210a2600000000
13290a2100000000
1321294900000000
0229211600000000
0621293b00000000
040a291500000000
0a290a0100000000
080a212900000000
09290a1800000000
090a182900000000
07210a3b00000000
020a252100000000
17210a0000000000
4300350100000000
45003d0000000000
380a047f07134e00
2325350a00000000
23443d0a00000000
4300250100000001
4500440000000001
3844047f07135000
2325354400000000
23453d4400000000
4300250100000002
4500450000000002
3845047f07135200
2325354500000000
23353d4500000000
4300250100000003
4500350000000003
4300210100000004
4500290000000004
2335210a00000000
2325290a00000000
4300350100000005
4500250000000005
2325214400000000
2335294400000000
4300250100000006
4500350000000006
2335214500000000
2321294500000000
4300350100000007
4500210000000007
2b06000000000016
2807000000000800
4406070100080028
4200000000000000
3a21042700000800
0e35210000000000
3935042700002180
3400000000000000
3300000000000000
3835047f00002180
3821047f0713e400
0429352100000000
4835290000000080
3935047f00002180
3835041f00002380
0429351100000000
4835290000000020
3935041f00002380
3400000000000000
3300000000000000
3835047f00002180
3829041f00002380
2325090100000000
023d250200000000
2025000000000004
231e092500000000
02201e0300000000
011e3d2000000000
2020000000000008
233d092000000000
02233d0400000000
013d1e2300000000
202300000000000c
231e092300000000
02481e0500000000
011e3d4800000000
2348082500000000
023d483500000000
01483d1e00000000
0e3d480000000000
2048000000000001
231e094800000000
020e1e0200000000
231e090b00000000
023e1e0300000000
011e0e3e00000000
203e000000000009
230e093e00000000
02190e0400000000
010e1e1900000000
201900000000000d
231e091900000000
02121e0500000000
011e0e1200000000
2312080b00000000
020e123500000000
01120e1e00000000
0e0e120000000000
2012000000000002
231e091200000000
02141e0200000000
201e000000000006
2346091e00000000
0227460300000000
0146142700000000
202700000000000a
2314092700000000
021c140400000000
0114461c00000000
201c00000000000e
2346091c00000000
0231460500000000
0146143100000000
2331081e00000000
0214313500000000
0131144600000000
0e14310000000000
2031000000000003
2346093100000000
022a460200000000
2046000000000007
2302094600000000
022c020300000000
01022a2c00000000
202c00000000000b
232a092c00000000
02032a0400000000
012a020300000000
200300000000000f
2302090300000000
0204020500000000
01022a0400000000
2304084600000000
022a043500000000
01042a0200000000
0e2a040000000000
3804047f07128000
2302060400000000
2335091b00000000
0205350200000000
3835047f07128200
2302063500000000
2317092b00000000
021a170200000000
0117051a00000000
381a047f07128400
2305061a00000000
2302091300000000
0224020500000000
0102172400000000
3824047f07128600
2317062400000000
2306092200000000
0209061700000000
0106020900000000
2309082b00000000
2308290400000000
0229090800000000
0108290600000000
0e29080000000000
3b3d047f00001800
3b0e047f00001a80
3b14047f00001d00
3b2a047f00001f80
3808047f07130800
3d29087f00000000
3808047f07130a00
3c06080000001800
3808047f07130c00
3c09080000001804
3808047f07130e00
3c02080000001808
3808047f07131000
3c1708000000180c
3808047f07131200
3c05080000001810
3808047f07131400
3c4a080000001814
3808047f07131600
3c30080000001818
3808047f07131800
3c4708000000181c
2b06000000000017
3808064f00000000
024b080600000000
3808064f00000140
024c080900000000
01084b4c00000000
384c064f00000280
024b4c0200000000
014c084b00000000
384b064f000003c0
02084b1700000000
014b4c0800000000
3808064f00000500
024c080500000000
01084b4c00000000
384c064f00000640
024b4c4a00000000
014c084b00000000
384b064f00000780
02084b3000000000
014b4c0800000000
3808064f000008c0
024c084700000000
01084b4c00000000
3b08047f00002200
3808064f00000a00
024c080600000000
3808064f00000b40
024b080900000000
01084c4b00000000
384b064f00000c80
024c4b0200000000
014b084c00000000
384c064f00000dc0
02084c1700000000
014c4b0800000000
3808064f00000f00
024b080500000000
01084c4b00000000
384b064f00001040
024c4b4a00000000
014b084c00000000
384c064f00001180
02084c3000000000
014c4b0800000000
3808064f000012c0
024b084700000000
01084c4b00000000
3b08047f00002400
3808064f00001400
024b080600000000
3808064f00001540
024c080900000000
01084b4c00000000
384c064f00001680
024b4c0200000000
014c084b00000000
384b064f000017c0
02084b1700000000
014b4c0800000000
3808064f00001900
024c080500000000
01084b4c00000000
384c064f00001a40
024b4c4a00000000
014c084b00000000
384b064f00001b80
02084b3000000000
014b4c0800000000
3808064f00001cc0
024c084700000000
01084b4c00000000
3b08047f00002600
3808064f00001e00
024c080600000000
3808064f00001f40
024b080900000000
01084c4b00000000
384b064f00002080
024c4b0200000000
014b084c00000000
384c064f000021c0
02084c1700000000
014c4b0800000000
3808064f00002300
024b080500000000
01084c4b00000000
384b064f00002440
024c4b4a00000000
014b084c00000000
384c064f00002580
02084c3000000000
014c4b0800000000
3808064f000026c0
024b084700000000
01084c4b00000000
3b08047f00002800
3808064f00002800
024b080600000000
3808064f00002940
024c080900000000
01084b4c00000000
384c064f00002a80
024b4c0200000000
014c084b00000000
384b064f00002bc0
02084b1700000000
014b4c0800000000
3808064f00002d00
024c080500000000
01084b4c00000000
384c064f00002e40
024b4c4a00000000
014c084b00000000
384b064f00002f80
02084b3000000000
014b4c0800000000
3808064f000030c0
024c084700000000
01084b4c00000000
3b08047f00002a00
3808064f00003200
024c080600000000
3808064f00003340
024b080900000000
01084c4b00000000
384b064f00003480
024c4b0200000000
014b084c00000000
384c064f000035c0
02084c1700000000
014c4b0800000000
3808064f00003700
024b080500000000
01084c4b00000000
384b064f00003840
024c4b4a00000000
014b084c00000000
384c064f00003980
02084c3000000000
014c4b0800000000
3808064f00003ac0
024b084700000000
01084c4b00000000
3b08047f00002c00
3808064f00003c00
024b080600000000
3808064f00003d40
0206080900000000
01084b0600000000
3806064f00003e80
024b060200000000
0106084b00000000
384b064f00003fc0
02084b1700000000
014b060800000000
3808064f00004100
0206080500000000
01084b0600000000
3806064f00004240
024b064a00000000
0106084b00000000
384b064f00004380
02084b3000000000
014b060800000000
3808064f000044c0
0206084700000000
01084b0600000000
3b08047f00002e00
3808047f0712f000
3c06080000002200
3c4b080000002204
0147064b00000000
3b47047f00003000
3c47080000002600
3c4b080000002604
0106474b00000000
3b06047f00003200
3c06080000002a00
3c4b080000002a04
0147064b00000000
3b47047f00003400
3847047f07131a00
3c4b470000002e00
3847047f07131c00
3c06470000002e04
01474b0600000000
3b47043f00003600
3c47080000003000
3c06080000003004
0108470600000000
3b08047f00002200
3808047f07131e00
3c06080000003400
3808047f07132000
3c47080000003404
0108064700000000
3b08045f00002400
3808047f07132200
3c47080000002200
3808047f07132400
3c06080000002204
0108470600000000
3b08046f00003000
3808047f07132600
3c06080000003000
2308062d00000000
0147060800000000
2308471d00000000
0106470800000000
2308060f00000000
0147060800000000
3808047f07130400
2306470800000000
014b470600000000
3806047f07132800
23474b0600000000
3947040600001d00
3400000000000000
3300000000000000
3847040c00001d00
480647010000000d
3906041900001d00
3400000000000000
3300000000000000
3806041900001d00
2047000000000018
234b064700000000
2047000044200000
10304b4700000000
204700001e3ce508
014b304700000000
20300000bf000000
024a4b3000000000
200500005f3759df
06174b4800000000
094b051700000000
201700003fc00000
02024b4b00000000
02094a0200000000
0102170900000000
02094b0200000000
0202090900000000
024b4a0200000000
0102174b00000000
024b090200000000
02024b4b00000000
02094a0200000000
0102170900000000
02094b0200000000
0202060900000000
2b06000000000018
3809061700000000
2b06000000000018
3806061700000200
024b020900000000
01094b0600000000
034b093300000000
14064b3400000000
134b063600000000
02064b0c00000000
0102063900000000
0106023800000000
0202063a00000000
014a4b0200000000
0202063c00000000
014b4a0200000000
0202374b00000000
014a023f00000000
02024a4b00000000
014a024000000000
02024a4b00000000
014a024100000000
02024a4b00000000
014a024200000000
02024a4b00000000
014a024300000000
02024a4b00000000
014a024300000000
0d02060000000000
0706023b00000000
08024a0600000000
0106024300000000
1002430600000000
20060000358637bd
014a020600000000
204b000040000000
024c024b00000000
3802047f0712b600
234d090800000000
03094d4300000000
044d020900000000
0309434d00000000
384d047f07132a00
3802047f07132c00
384e047f07132e00
384f047f07133000
3850047f07133200
3851047f07133400
3852047f07133600
3853047f07133800
2354090d00000000
1355095400000000
2354551f00000000
1356555400000000
0354563300000000
0156095400000000
1454563400000000
1356543600000000
0254560c00000000
0109543900000000
0154093800000000
0209543a00000000
0155560900000000
0209543c00000000
0156550900000000
0209375600000000
0155093f00000000
0209555600000000
0155094000000000
0209555600000000
0155094100000000
0209555600000000
0155094200000000
0209555600000000
0155094300000000
0209555600000000
0155094300000000
0d09540000000000
0754093b00000000
0809555400000000
2354094d00000000
2355090200000000
0156545500000000
2355094e00000000
0154565500000000
2355094f00000000
0156545500000000
1055095600000000
0156550600000000
2355565000000000
2309565100000000
0154550900000000
2309565200000000
0155540900000000
2309565300000000
0154550900000000
0109540600000000
1054560900000000
0509545400000000
280e000000000013
2354094d00000000
2356090200000000
0155545600000000
2356094e00000000
0154555600000000
2356094f00000000
0155545600000000
0156550600000000
1055095600000000
2356555000000000
2354555100000000
0157565400000000
2354555200000000
0156575400000000
2354555300000000
0157565400000000
0154570600000000
1009555400000000
290e0e00ffffffff
31000e0000002aa0
2353070100000000
0252533d00000000
2351290400000000
0250535100000000
2351074800000000
0253510e00000000
234f293500000000
024e514f00000000
014f525300000000
0153504e00000000
234e071200000000
02504e1400000000
2352291a00000000
02514e5200000000
01524f5000000000
0150535100000000
2351073100000000
0207512a00000000
2353292400000000
024f515300000000
0153520700000000
0107504f00000000
0e4f530000000000
0e53070000000000
3807047f07133a00
0450530700000000
02074f4f00000000
3b07047f00003800
0207505000000000
3b07041f00003a00
3807047f07133c00
3c53070000003800
3807047f07133e00
3c52070000003804
0107535200000000
3852047f07134000
3c53520000003808
0152075300000000
3853047f07134200
3c0753000000380c
0153520700000000
3807047f07134400
3c52070000003810
0107535200000000
3852047f07134600
3c53520000003814
0152075300000000
3853047f07134800
3c07530000003818
0153520700000000
3807047f07134a00
3c5207000000381c
0107535200000000
2352072d00000000
012d075200000000
23522d1d00000000
011d2d5200000000
23521d0f00000000
010f1d5200000000
23520f0800000000
01080f5200000000
3852047f07134c00
230f085200000000
011d080f00000000
230f1d1100000000
201d000043200000
10080f1d00000000
011d084700000000
02081d3000000000
06301d4800000000
091d053000000000
02301d1d00000000
0205083000000000
0130170500000000
02051d3000000000
0230050500000000
021d083000000000
0130171d00000000
021d053000000000
02301d1d00000000
0205083000000000
0130170500000000
02051d3000000000
2330050100000000
2b06000000000019
3805067f00000000
2b06000000000019
381d061f00000200
02084f3000000000
024f050800000000
0e084f0000000000
024f503000000000
02301d4f00000000
0e4f300000000000
0e30080000000000
3b30047f00000100
0e304f0000000000
3b30047f00000300
3c30320000000100
4000300000000000
3c30320000000104
4000300000000001
3c30320000000108
4000300000000002
3c3032000000010c
4000300000000003
3c30320000000110
4000300000000004
3c30320000000114
4000300000000005
3c30320000000118
4000300000000006
3c3032000000011c
4000300000000007
3c30320000000300
4000300000000008
3c30320000000304
4000300000000009
3c30320000000308
400030000000000a
3c3032000000030c
400030000000000b
3c30320000000310
400030000000000c
3c30320000000314
400030000000000d
3c30320000000318
400030000000000e
3c3032000000031c
400030000000000f
2b0600000000001a
2807000000000800
4106070200080004
4200000000000000
3a30040300000800
0432302800000000
031d323300000000
14321d3400000000
131d323600000000
02321d0c00000000
0150323900000000
0132503800000000
0250323a00000000
01051d5000000000
0250323c00000000
011d055000000000
0250371d00000000
0105503f00000000
0250051d00000000
0105504000000000
0250051d00000000
0105504100000000
0250051d00000000
0105504200000000
0250051d00000000
0105504300000000
0250051d00000000
0105504300000000
0d50320000000000
0732503b00000000
0850053200000000
0132504b00000000
1005503200000000
0232050500000000
205000003d70f0f1
021d503200000000
205000003d888889
010f1d5000000000
02500f3200000000
200f00003d9d89d9
011d500f00000000
020f1d3200000000
201d00003dba2e8c
01500f1d00000000
021d503200000000
205000003de38e39
010f1d5000000000
02500f3200000000
200f00003e124925
011d500f00000000
020f1d3200000000
201d00003e4ccccd
01500f1d00000000
021d503200000000
205000003eaaaaab
010f1d5000000000
02500f3200000000
010f504300000000
0250050f00000000
020f504b00000000
1350300100000000
0130500f00000000
1150300000000000
2b0600000000001b
3830060300000000
010f503000000000
3830047f07142400
034b0f2f00000000
040f304b00000000
034b2f0f00000000
230f4b0100000000
0c2f0f4b00000000
0c304b0f00000000
050f2f3000000000
03300f4800000000
380f047f07137000
0405300f00000000
050f2f0500000000
0805010f00000000
230f4b4800000000
0c2f0f4b00000000
0c304b0f00000000
050f2f3000000000
03300f4800000000
380f047f07137200
0432300f00000000
050f2f3200000000
0832050f00000000
230f4b1200000000
0c050f4b00000000
0c2f4b0f00000000
050f052f00000000
032f0f4800000000
380f047f07137400
04302f0f00000000
050f053000000000
0830320f00000000
230f4b3100000000
0c320f4b00000000
0c054b0f00000000
050f320500000000
03050f4800000000
380f047f07137600
044b050f00000000
050f324b00000000
084b300f00000000
0b0f4b3100000000
384b047f07142600
04300f4b00000000
094b013000000000
380f047f0713b200
2332300f00000000
380f047f0713b400
0405320f00000000
080f300500000000
3805047f0713b600
23320f0500000000
3805047f0713b800
042f320500000000
08050f2f00000000
382f047f0713ba00
230f052f00000000
382f047f0713bc00
04320f2f00000000
082f053200000000
3832047f0713be00
23052f3200000000
3832047f0713c000
040f053200000000
08322f0f00000000
090f323000000000
0432504b00000000
2330320100000000
232f324800000000
0105302f00000000
232f321200000000
0130052f00000000
232f323100000000
0132302f00000000
012f324700000000
1032502f00000000
022f321700000000
07320f1200000000
200f000000007c80
0817320f00000000
200f000000007400
0332170f00000000
04174b3200000000
03320f1700000000
2117000000000000
3d17320f00000000
3d2f320f00000040
3a32040200007c80
3a2f040200007cc0
0417082800000000
230f170d00000000
134b170f00000000
230f4b1f00000000
13174b0f00000000
230f172e00000000
134b170f00000000
230f4b1000000000
13174b0f00000000
230f172600000000
134b170f00000000
130f4b4900000000
024b0f1600000000
060f4b3b00000000
04174b1500000000
0a4b170100000000
08170f4b00000000
094b171800000000
0917184b00000000
070f173b00000000
0217080f00000000
170f170000000000
04174f2800000000
2308170d00000000
1350170800000000
2308501f00000000
1317500800000000
2308172e00000000
1350170800000000
2308501000000000
1317500800000000
2308172600000000
1350170800000000
1308504900000000
0250081600000000
0608503b00000000
0417501500000000
0a50170100000000
0817085000000000
0950171800000000
0917185000000000
0708173b00000000
02174f0800000000
1708170000000000
43000f0100000000
45004b0000000000
23170f0a00000000
234f4b0a00000000
4300170100000001
45004f0000000001
234f0f4400000000
23174b4400000000
43004f0100000002
4500170000000002
23170f4500000000
230f4b4500000000
4300170100000003
45000f0000000003
4300080100000004
4500500000000004
2050000041200000
20080000c1200000
2b09320000000000
2a09090000010e00
2b0600000000001c
2c06060900000000
2807000000000800
4406070100051020
4200000000000000
3a0f041f00000800
0e170f0000000000
230f175200000000
134b0f0800000000
140f4b5000000000
144b175000000000
03174b3300000000
1445173400000000
1317453600000000
0245170c00000000
014f453900000000
01454f3800000000
024f453a00000000
0144174f00000000
024f453c00000000
0117444f00000000
024f371700000000
01444f3f00000000
024f441700000000
01444f4000000000
024f441700000000
01444f4100000000
024f441700000000
01444f4200000000
024f441700000000
01444f4300000000
024f441700000000
01444f4300000000
0d4f450000000000
07454f3b00000000
084f444500000000
01454f4300000000
104f4b4500000000
02454f0f00000000
234f2f0100000000
020f4f4500000000
390f040f00002400
2b09320000000001
2a09090000010e00
2b0600000000001c
2c06060900000000
2807000000000800
4406070100051020
4200000000000000
3a0f041f00000800
0e4f0f0000000000
230f4f5200000000
13450f0800000000
140f455000000000
14454f5000000000
034f453300000000
144b4f3400000000
134f4b3600000000
024b4f0c00000000
01444b3900000000
014b443800000000
02444b3a00000000
01174f4400000000
02444b3c00000000
014f174400000000
0244374f00000000
0117443f00000000
0244174f00000000
0117444000000000
0244174f00000000
0117444100000000
0244174f00000000
0117444200000000
0244174f00000000
0117444300000000
0244174f00000000
0117444300000000
0d444b0000000000
074b443b00000000
0844174b00000000
014b444300000000
1044454b00000000
024b440f00000000
23442f4800000000
020f444b00000000
390f040f00002500
2b09320000000002
2a09090000010e00
2b0600000000001c
2c06060900000000
2807000000000800
4406070100051020
4200000000000000
3a0f041f00000800
0e440f0000000000
230f445200000000
134b0f0800000000
140f4b5000000000
144b445000000000
03444b3300000000
1445443400000000
1344453600000000
0245440c00000000
0117453900000000
0145173800000000
0217453a00000000
014f441700000000
0217453c00000000
01444f1700000000
0217374400000000
014f173f00000000
02174f4400000000
014f174000000000
02174f4400000000
014f174100000000
02174f4400000000
014f174200000000
02174f4400000000
014f174300000000
02174f4400000000
014f174300000000
0d17450000000000
0745173b00000000
08174f4500000000
0145174300000000
10174b4500000000
0245170f00000000
23172f1200000000
022f174500000000
392f040f00002600
2b0600000000001d
2807000000000800
4406070100050020
4200000000000000
3a2f041f00000800
0e172f0000000000
232f175200000000
13522f0800000000
142f525000000000
1452175000000000
0317523300000000
1433173400000000
1317333600000000
0233170c00000000
010c333900000000
01330c3800000000
020c333a00000000
013a170c00000000
020c333c00000000
013c3a0c00000000
020c373c00000000
01370c3f00000000
020c373c00000000
01370c4000000000
020c373c00000000
01370c4100000000
020c373c00000000
01370c4200000000
020c373c00000000
01370c4300000000
020c373c00000000
01370c4300000000
0d0c330000000000
07330c3b00000000
080c373300000000
01330c4300000000
100c523300000000
02330c2f00000000
3933040f00002700
3400000000000000
3300000000000000
3833047f00002400
380c047f0713ea00
042f330c00000000
48332f0000000080
3933047f00002400
3833047f00002600
042f330c00000000
48332f0000000080
3933047f00002600
3400000000000000
3300000000000000
3833043f00002400
0e2f330000000000
04332f2800000000
230c330d00000000
1352330c00000000
230c521f00000000
1333520c00000000
230c332e00000000
1352330c00000000
230c521000000000
1333520c00000000
230c332600000000
1352330c00000000
130c524900000000
02520c1600000000
060c523b00000000
0433521500000000
0a52330100000000
08330c5200000000
0952331800000000
0933185200000000
070c333b00000000
02332f0c00000000
170c330000000000
43000c0100000000
4500520000000000
23330c0a00000000
230c520a00000000
4300330100000001
45000c0000000001
2b09320000000000
2a09090000010e00
2b0600000000001c
2c06060900000000
290606000000b400
2807000000000800
4406070100021028
4200000000000000
3a0c042700000800
0e330c0000000000
380c043f00002500
0e520c0000000000
040c522800000000
232f0c0d00000000
13430c2f00000000
232f431f00000000
130c432f00000000
232f0c2e00000000
13430c2f00000000
232f431000000000
130c432f00000000
232f0c2600000000
13430c2f00000000
132f434900000000
02432f1600000000
062f433b00000000
040c431500000000
0a430c0100000000
080c2f4300000000
09430c1800000000
090c184300000000
072f0c3b00000000
020c522f00000000
172f0c0000000000
43002f0100000000
4500430000000000
230c2f0a00000000
232f430a00000000
43000c0100000001
45002f0000000001
2b09320000000001
2a09090000010e00
2b0600000000001c
2c06060900000000
290606000000b400
2807000000000800
4406070100021028
4200000000000000
3a2f042700000800
0e0c2f0000000000
012f330c00000000
380c043f00002600
0e330c0000000000
040c332800000000
23430c0d00000000
13520c4300000000
2343521f00000000
130c524300000000
23430c2e00000000
13520c4300000000
2343521000000000
130c524300000000
23430c2600000000
13520c4300000000
1343524900000000
0252431600000000
0643523b00000000
040c521500000000
0a520c0100000000
080c435200000000
09520c1800000000
090c185200000000
07430c3b00000000
020c334300000000
17430c0000000000
4300430100000000
4500520000000000
230c430a00000000
2343520a00000000
43000c0100000001
4500430000000001
2b09320000000002
2a09090000010e00
2b0600000000001c
2c06060900000000
290606000000b400
2807000000000800
4406070100021028
4200000000000000
3a32042700000800
0e43320000000000
01322f4300000000
3843043f00002700
0e2f430000000000
04432f2800000000
2328430d00000000
130d432800000000
23280d1f00000000
131f0d2800000000
23281f2e00000000
132e1f2800000000
23282e1000000000
13102e2800000000
2328102600000000
1326102800000000
1328264900000000
0226281600000000
0628263b00000000
0416261500000000
0a26160100000000
0816282600000000
0926161800000000
0916182600000000
0718163b00000000
02162f1800000000
1718160000000000
4300180100000000
4500260000000000
2316180a00000000
2318260a00000000
4300160100000001
4500180000000001
2b0600000000001d
290606000000b400
2807000000000800
4406070100020028
4200000000000000
3a00042700000800
0e18000000000000
0100321800000000
0e18000000000000
3918042700002180
3400000000000000
3300000000000000
3818047f00002180
0400182100000000
4818000000000080
3918047f00002180
3818041f00002380
0400181100000000
4818000000000020
3918041f00002380
3400000000000000
3300000000000000
3818047f00002180
3800041f00002380
2311090100000000
0201113d00000000
2311092500000000
0221110e00000000
0111012100000000
2321092000000000
0220211400000000
0121112000000000
2320092300000000
0223202a00000000
0120212300000000
23234c2500000000
0225231800000000
0123252000000000
0e25230000000000
2323094800000000
0248233d00000000
2323090b00000000
0220230e00000000
0123482000000000
2320093e00000000
023e201400000000
0120233e00000000
233e091900000000
02193e2a00000000
013e201900000000
23194c0b00000000
020b191800000000
01190b3e00000000
0e0b190000000000
2319091200000000
0212193d00000000
2319091e00000000
023e190e00000000
0119123e00000000
233e092700000000
02273e1400000000
013e192700000000
2327091c00000000
021c272a00000000
01273e1c00000000
231c4c1e00000000
021e1c1800000000
011c1e2700000000
0e1e1c0000000000
231c093100000000
02311c3d00000000
231c094600000000
023d1c0e00000000
011c313d00000000
233d092c00000000
022c3d1400000000
013d1c2c00000000
232c090300000000
02032c2a00000000
012c3d0300000000
23034c4600000000
0246031800000000
0103462c00000000
0e46030000000000
2303290400000000
232c091b00000000
021b2c0300000000
232c293500000000
2335092b00000000
0203352c00000000
01351b0300000000
2303291a00000000
231a091300000000
02131a0300000000
011a351300000000
2313292400000000
2329092200000000
0209291300000000
01291a0900000000
23094c2b00000000
234c000400000000
0200094c00000000
014c002900000000
0e004c0000000000
3925047f00001000
390b047f00001200
391e047f00001400
3946047f00001600
3900047f00001800
394a040300001a00
3400000000000000
3200000000000000
2804000000000000
3800047f00001000
3801047f00001200
3802047f00001400
3803047f00001600
3804047f00001800
3805040300001a00
2006000000000000
2307050600000000
0208070000000000
3800047f07128000
2309040000000000
0200070900000000
2009000000000001
2307050900000000
020a070100000000
3801047f07128200
230b040100000000
0201070b00000000
010b080a00000000
010a000100000000
2001000000000002
2300050100000000
0201000200000000
3802047f07128400
2308040200000000
0202000800000000
01080b0100000000
01010a0200000000
2002000000000003
230a050200000000
02020a0300000000
3803047f07128600
2305040300000000
02030a0500000000
0105080200000000
0102010300000000
0e03050000000000
0e05020000000000
3802047f07133a00
0401050200000000
0202030300000000
3b02047f00003800
0202010100000000
3b02041f00003a00
3802047f07133c00
3c05020000003800
3802047f07133e00
3c08020000003804
0102050800000000
3808047f07134000
3c05080000003808
0108020500000000
3805047f07134200
3c0205000000380c
0105080200000000
3802047f07134400
3c08020000003810
0102050800000000
3808047f07134600
3c05080000003814
0108020500000000
3805047f07134800
3c02050000003818
0105080200000000
3802047f07134a00
3c0802000000381c
0102050800000000
3808047f0712fc00
2305020800000000
0108020500000000
3805047f0712fe00
2302080500000000
0105080200000000
3802047f07130000
2308050200000000
0102050800000000
3808047f07130400
2305020800000000
0108020500000000
3805047f07134c00
2302080500000000
0105080200000000
3802047f0712b800
2308050200000000
2002000043200000
1005080200000000
200200001e3ce508
0108050200000000
20020000bf000000
0205080200000000
200200005f3759df
060a080900000000
0908020a00000000
200a00003fc00000
0202080800000000
0209050200000000
01020a0900000000
0209080200000000
0202090900000000
0208050200000000
01020a0800000000
0208090200000000
0202080800000000
0209050200000000
01020a0900000000
0209080200000000
2302090600000000
3809047f07047f80
3806041f07048180
0208030200000000
0203090800000000
0e08030000000000
0203010200000000
0202060300000000
0e03020000000000
0e02080000000000
3b02047f00000100
0e02030000000000
3b02047f00000300
3802047f07136800
3c03020000000100
4000030000000000
3c03020000000104
4000030000000001
3c03020000000108
4000030000000002
3c0302000000010c
4000030000000003
3c03020000000110
4000030000000004
3c03020000000114
4000030000000005
3c03020000000118
4000030000000006
3c0302000000011c
4000030000000007
3c03020000000300
4000030000000008
3c03020000000304
4000030000000009
3c03020000000308
400003000000000a
3c0302000000030c
400003000000000b
3c03020000000310
400003000000000c
3c03020000000314
400003000000000d
3c03020000000318
400003000000000e
3c0302000000031c
400003000000000f
2806000006eed780
2807000000000800
41060702000803f2
4200000000000000
2a08000000003f20
3a03047f00000800
3903087f07006e80
3a03047f00000a00
3903087f07007080
3a03047f00000c00
3903087f07007280
3a03047f00000e00
3903087f07007480
3a03047f00001000
3903087f07007680
3a03047f00001200
3903087f07007880
3a03047f00001400
3903087f07007a80
3a03047100001600
3903087107007c80
3400000000000000
3200000000000000
2804000000000000
2a08000000000040
3800181f0706a000
0e01000000000000
3b01047f00000100
2001000000000000
3b01047f00000300
3800047f07136800
3c02000000000100
4000020000000000
3c02000000000104
4000020000000001
3c02000000000108
4000020000000002
3c0200000000010c
4000020000000003
3c02000000000110
4000020000000004
3c02000000000114
4000020000000005
3c02000000000118
4000020000000006
3c0200000000011c
4000020000000007
28060000070a9200
2807000000000800
41060701000803f2
4200000000000000
2a09010000003f20
2102000000000000
3800097f07006e80
3a03047f00000800
0104000300000000
3803097f07007080
3a00047f00000a00
0105030000000000
0c00050400000000
0903010000000000
0300050400000000
0405030000000000
0300040500000000
2005000000000080
0804020500000000
0305040200000000
0404030500000000
0305020400000000
3804097f07007280
3a03047f00000c00
0106040300000000
0c03060000000000
0904010300000000
0303060000000000
0406040300000000
0303000600000000
2006000000000100
0800020600000000
0306000500000000
0400040600000000
0306050000000000
3800097f07007480
3a05047f00000e00
0104000500000000
0c05040300000000
0900010500000000
0305040300000000
0404000500000000
0305030400000000
2004000000000180
0803020400000000
0304030600000000
0403000400000000
0304060300000000
3803097f07007680
3a06047f00001000
0100030600000000
0c06000500000000
0903010600000000
0306000500000000
0400030600000000
0306050000000000
2000000000000200
0805020000000000
0300050400000000
0405030000000000
0300040500000000
3805097f07007880
3a04047f00001200
0103050400000000
0c04030600000000
0905010400000000
0304030600000000
0403050400000000
0304060300000000
2003000000000280
0806020300000000
0303060000000000
0406050300000000
0303000600000000
3806097f07007a80
3a00047f00001400
0105060000000000
0c00050400000000
0906010000000000
0300050400000000
0405060000000000
0300040500000000
2005000000000300
0804020500000000
0305040300000000
0404060500000000
0305030400000000
3804097107007c80
3a03047f00001600
0106040300000000
3803047f07140000
20040000ff61b1e6
0307060400000000
0406030700000000
0307040600000000
0c06070000000000
0904010600000000
0306070000000000
0407040600000000
0306000700000000
2007000000000380
0800020700000000
0307000500000000
0400040700000000
0307050000000000
3800047f07135000
2305060000000000
2304070000000000
0c00050600000000
0c02060500000000
0503000200000000
2002000000000001
0308030200000000
0b03040700000000
0409080300000000
0503000900000000
0909010300000000
0303050600000000
0405090300000000
0303060500000000
0305040700000000
0404090500000000
0305070400000000
3804047f07134e00
2307030400000000
2309050400000000
0c04070300000000
0c06030700000000
0500040600000000
0306000200000000
0b00090500000000
0408060000000000
0500040800000000
0908010000000000
0300070300000000
0407080000000000
0300030700000000
0307090500000000
0409080700000000
0307050900000000
3809047f07134c00
2305000900000000
2308070900000000
0c09050000000000
0c03000500000000
0504090300000000
0303040200000000
0b04080700000000
0406030400000000
0504090600000000
0906010400000000
0304050000000000
0405060400000000
0304000500000000
0305080700000000
0408060500000000
0305070800000000
3808047f07130400
2307040800000000
2306050800000000
0c08070400000000
0c00040700000000
0509080000000000
0300090200000000
0b09060500000000
0403000900000000
0509080300000000
0903010900000000
0309070400000000
0407030900000000
0309040700000000
0307060500000000
0406030700000000
0307050600000000
3806047f07130000
2305090600000000
2303070600000000
0c06050900000000
0c04090500000000
0508060400000000
0304080200000000
0b08030700000000
0400040800000000
0508060000000000
0900010800000000
0308050900000000
0405000800000000
0308090500000000
0305030700000000
0403000500000000
0305070300000000
3803047f0712fe00
2307080300000000
2300050300000000
0c09070800000000
0c06080700000000
0504090600000000
0306040200000000
0b04000500000000
040a060400000000
0504090a00000000
090a010400000000
0304070800000000
04070a0400000000
0304080700000000
0307000500000000
04000a0700000000
0307050000000000
3800047f0712fc00
2305040000000000
230a070000000000
0c00050400000000
0c08040500000000
0509000800000000
0308090200000000
0b090a0700000000
0402080900000000
0509000200000000
0902010900000000
0309050400000000
0405020900000000
0309040500000000
03050a0700000000
040a020500000000
0305070a00000000
080a050100000000
3805047f07128800
0307090a00000000
0409050700000000
03070a0900000000
3907040100004600
3400000000000000
3300000000000000
3807040300004600
2309070300000000
200a000000000002
2305070a00000000
2302070100000000
0c04050200000000
0902010400000000
0304090700000000
0409020400000000
0304070900000000
4809040100000002
2304090300000000
2303090a00000000
230a090100000000
0c07030a00000000
090a010700000000
0307040900000000
04040a0700000000
0307090400000000
2b07070000000001
3500070000000000
3200000000000000
0000000000000000
