2804000000000000
2a05000000001280
3800057f06fea200
3900047f00001000
3800057f06fea400
3900047f00001200
3800057f06fea600
3900047f00001400
3800057f06fea800
3900047f00001600
3800057f06feaa00
3900047f00001800
3800050306feac00
3900040300001a00
3800051f06feac20
3900041f00001c00
3800050006feaca0
3900040000001c80
2200010000000000
3900040000001a80
2200010000000000
2001000000000025
0902000100000000
2001000000000003
0b00020100000000
2001000000000001
0303000100000000
2b06030000000000
310006000000003b
3803057f06fea200
3801057f06fea400
3800057f06fea600
3804057f06fea800
3805057f06feaa00
0106030100000000
0101060000000000
0106010400000000
3801047f07128000
2304050100000000
3801047f07128200
2300050100000000
3801047f07128400
2303050100000000
3801047f07128600
2307050100000000
0101040000000000
0100010300000000
0101000700000000
2000000000000280
1207020000000000
2b06070000000000
2c05050600000000
200700003e800000
0200060700000000
0e06000000000000
3906057f06feaca4
0206010700000000
0e07060000000000
3907051f06feaea4
3400000000000000
3200000000000000
2804000000000000
2a05000000001280
3800047f00001000
3900057f06fea200
3800047f00001200
3900057f06fea400
3800047f00001400
3900057f06fea600
3800047f00001600
3900057f06fea800
3800047f00001800
3900057f06feaa00
3800040300001a00
3900050306feac00
3800041f00001c00
3900051f06feac20
3800040000001c80
3900050006feaca0
3400000000000000
3200000000000000
2804000000000000
2a08000000000140
3800187f0002de80
3801181f0002df80
3802047f07128000
2303010200000000
3900047f00001000
3900047f00001200
3900047f00001400
3900047f00001600
3903047f00001800
3803047f07128800
200000003f800000
2002000000000000
0301000200000000
0400030100000000
0301020000000000
3901040300001a00
2a09000000000004
3801090000029f00
2a0a010000000004
39010a0000001b0c
3902040000001a80
3400000000000000
3200000000000000
2804000000000000
3800040000001a80
2b05000000000000
2a05050000000200
3801057f00024700
2002000000000000
3b02043f00000000
2b0a010000000000
31000a0000000358
3803047f00001000
3804047f00001200
3805047f00001400
3806047f00001600
3807047f00001800
2a08010000000004
3808080300001b00
2b06010000000001
3809067f00000000
380a067f00000200
380b067f00000400
380c067f00000600
380d067f00000800
380e067f00000a00
380f067f00000c00
3810067f00000e00
3811067f00001000
3812067f00001200
3813067f00001400
3814067f00001600
3815067f00001800
3816067f00001a00
3817067f00001c00
2018000000000003
2319081800000000
121a190900000000
151b190900000000
1209190a00000000
08191b0900000000
2009000000000002
231b080900000000
120a1b0b00000000
151c1b0b00000000
120b1b0c00000000
081b1c0b00000000
040b0a1500000000
030a1a0b00000000
040b1b1500000000
031b190b00000000
200b000000000001
2319080b00000000
1215190d00000000
151a190d00000000
120d190e00000000
08191a0d00000000
040d151600000000
03150a0d00000000
040d191600000000
03191b0d00000000
230d080200000000
12080d0f00000000
151b0d0f00000000
120f0d1000000000
080d1b0f00000000
040f081700000000
0308150f00000000
040f0d1700000000
030d190f00000000
090f110b00000000
15190d1200000000
1217191100000000
09190d1700000000
0a17190f00000000
090d021700000000
04170d1100000000
090d191700000000
12170d1300000000
150d081200000000
12130d1100000000
090d081300000000
0a130d0f00000000
0908021300000000
0413081100000000
09080d1300000000
0813170800000000
1508131200000000
1212081100000000
0908131200000000
0a12080f00000000
090f021200000000
04120f1100000000
090f081200000000
08120f1400000000
040f120b00000000
03140f0b00000000
090f140b00000000
2b09010000000002
0614120b00000000
2012000000000024
1208141200000000
2212090000000000
0814081200000000
2012000000004680
0308141200000000
04140f0800000000
0308121400000000
280f000000000000
2b08080000000000
3814281f00000000
3812481f00000020
020f141200000000
390f041f00002b00
2b08080000000001
380f281f00000000
3812481f00000020
02140f1200000000
3914041f00002b80
2b08080000000002
3814281f00000000
3812481f00000020
020f141200000000
390f041f00002c00
2b08080000000003
380f281f00000000
3812481f00000020
02140f1200000000
3914041f00002c80
2b08080000000004
3814281f00000000
3812481f00000020
020f141200000000
390f041f00002d00
2b08080000000005
380f281f00000000
3812481f00000020
02140f1200000000
3914041f00002d80
2b08080000000006
3814281f00000000
3812481f00000020
020f141200000000
390f041f00002e00
2b08080000000007
380f281f00000000
3812481f00000020
02140f1200000000
3914041f00002e80
2b08080000000008
3814281f00000000
3812481f00000020
020f141200000000
390f041f00002f00
2b08080000000009
380f281f00000000
3812481f00000020
02140f1200000000
3914041f00002f80
2b0808000000000a
3814281f00000000
3812481f00000020
020f141200000000
390f041f00003000
2b0808000000000b
3808281f00000000
380f481f00000020
0212080f00000000
3912041f00003080
3400000000000000
3300000000000000
3812047f00002b00
380f047f07128a00
0408120f00000000
4812080000000080
3912047f00002b00
3812047f00002d00
0408120f00000000
4812080000000080
3912047f00002d00
3812047f00002f00
0408120f00000000
4812080000000080
3912047f00002f00
3812047f00003100
0408120f00000000
4812080000000080
3912047f00003100
3812047f00003300
0408120f00000000
4812080000000080
3912047f00003300
3812047f00003500
0408120f00000000
4812080000000080
3912047f00003500
3400000000000000
3300000000000000
3812047f00002b00
0e08120000000000
3812047f00002d00
0e14120000000000
3812047f00002f00
0e11120000000000
3812047f00003100
0e13120000000000
3812047f00003300
0e17120000000000
3812047f00003500
0e0d120000000000
201200007fffffff
0419081200000000
3815047f07128c00
231b191500000000
1310191b00000000
381b047f07128e00
2319101b00000000
1316101900000000
3819047f07129000
2310161900000000
130a161000000000
3810047f07129200
23160a1000000000
131a0a1600000000
3816047f07129400
230a1a1600000000
130e1a0a00000000
200a000038d1b717
131a0e0a00000000
200e00003b124925
021c1a0e00000000
201a000000000017
060c1c1a00000000
201d0000007fffff
041e1c1d00000000
0a1c1e0200000000
081e0c1c00000000
201c00000000007f
090c1e1c00000000
091e1c0c00000000
071f1e1a00000000
021e081f00000000
171f1e0000000000
041e141200000000
23081e1500000000
13201e0800000000
2308201b00000000
131e200800000000
23081e1900000000
13201e0800000000
2308201000000000
131e200800000000
23081e1600000000
13201e0800000000
1308200a00000000
0220080e00000000
0608201a00000000
041e201d00000000
0a201e0200000000
081e082000000000
09201e1c00000000
091e1c2000000000
07081e1a00000000
021e140800000000
17081e0000000000
041e111200000000
23141e1500000000
13211e1400000000
2314211b00000000
131e211400000000
23141e1900000000
13211e1400000000
2314211000000000
131e211400000000
23141e1600000000
13211e1400000000
1314210a00000000
0221140e00000000
0614211a00000000
041e211d00000000
0a211e0200000000
081e142100000000
09211e1c00000000
091e1c2100000000
07141e1a00000000
021e111400000000
17141e0000000000
041e131200000000
23111e1500000000
13221e1100000000
2311221b00000000
131e221100000000
23111e1900000000
13221e1100000000
2311221000000000
131e221100000000
23111e1600000000
13221e1100000000
1311220a00000000
0222110e00000000
0611221a00000000
041e221d00000000
0a221e0200000000
081e112200000000
09221e1c00000000
091e1c2200000000
07111e1a00000000
021e131100000000
17111e0000000000
041e171200000000
23131e1500000000
13231e1300000000
2313231b00000000
131e231300000000
23131e1900000000
13231e1300000000
2313231000000000
131e231300000000
23131e1600000000
13231e1300000000
1313230a00000000
0223130e00000000
0613231a00000000
041e231d00000000
0a231e0200000000
081e132300000000
09231e1c00000000
091e1c2300000000
07131e1a00000000
021e171300000000
17131e0000000000
041e0d1200000000
23171e1500000000
13151e1700000000
2317151b00000000
131b151700000000
23171b1900000000
13191b1700000000
2317191000000000
1310191700000000
2317101600000000
1316101700000000
1317160a00000000
0216170e00000000
0617161a00000000
040e161d00000000
0a160e0200000000
080e171600000000
09160e1c00000000
090e1c1600000000
071c0e1a00000000
020e0d1c00000000
171c0e0000000000
3b1f047f00001800
3b0c047f00002400
3b08047f00001a00
3b20047f00002600
3b14047f00001c00
3b21047f00002800
3b11047f00001e00
3b22047f00002a00
3b13047f00002000
3b23047f00002c00
3b1c047f00002200
3b16047f00002e00
3816047f07129600
3c1c160000001800
43001c0200000000
381c047f07129800
3c161c0000002400
4500160000000000
3816047f07129a00
3c1c160000001880
43001c0200000001
381c047f07129c00
3c161c0000002480
4500160000000001
3816047f07129e00
3c1c160000001900
43001c0200000002
381c047f0712a000
3c161c0000002500
4500160000000002
3816047f0712a200
3c1c160000001980
43001c0200000003
381c047f0712a400
3c161c0000002580
4500160000000003
3816047f0712a600
3c1c160000001a00
43001c0200000004
381c047f0712a800
3c161c0000002600
4500160000000004
3816047f0712aa00
3c1c160000001a80
43001c0200000005
381c047f0712ac00
3c161c0000002680
4500160000000005
3816047f0712ae00
3c1c160000001b00
43001c0200000006
381c047f0712b000
3c161c0000002700
4500160000000006
3816047f0712b200
3c1c160000001b80
43001c0200000007
381c047f0712b400
3c161c0000002780
4500160000000007
2b06010000000003
2807000000000800
44060701000800c8
4200000000000000
3a16047f00000800
0e1c160000000000
391c047f00003d40
3a1c044700000a00
0e161c0000000000
3916044700003f40
3400000000000000
3300000000000000
3816047f00003700
381c047f0712b800
0423161c00000000
4816230000000080
3916047f00003700
3816047f00003900
0423161c00000000
4816230000000080
3916047f00003900
3816047f00003b00
0423161c00000000
4816230000000080
3916047f00003b00
3816047f00003d00
3823047f0713c400
041c162300000000
48231c0000000080
3923047f00003d00
3823047f00003f00
041c230f00000000
48231c0000000080
3923047f00003f00
3823047f00004100
041c230f00000000
48231c0000000080
3923047f00004100
3823041f00004300
381c047f07133a00
040f231c00000000
481c0f0000000020
391c041f00004300
3400000000000000
3300000000000000
381c047f00003700
380f047f00003900
3823047f00003b00
3816047f00003d00
3813047f00003f00
3822047f00004100
3811041f00004300
2b06010000000004
3821067f00000000
2b06010000000004
3814067f00000200
2b06010000000004
3820067f00000400
2b06010000000004
3808067f00000600
2b06010000000004
380c067f00000800
2b06010000000004
381f067f00000a00
2b06010000000004
380e067f00000c00
2b06010000000004
380d067f00000e00
2b06010000000004
3817067f00001000
2b06010000000004
381d067f00001200
020a211f00000000
021f140e00000000
020e200d00000000
020d081700000000
02170c1d00000000
021d030300000000
3b1d047f00004000
021d040400000000
3b1d047f00004280
021d050500000000
3b1d047f00004500
021d060600000000
3b1d047f00004780
021d070700000000
380c047f0712ba00
3d1d0c7f00000000
020c1c1c00000000
3b0c047f00004a00
020c0f0f00000000
3b0c047f00004c80
020c232300000000
3b0c047f00004f00
020c161600000000
3b0c047f00005180
020c131300000000
381d047f0712bc00
3d0c1d7f00000000
021d030a00000000
020a1d1c00000000
3b0a047f00005400
020a041f00000000
021f0a0f00000000
3b1f047f00005680
021f050e00000000
020e1f2300000000
3b0e047f00005900
020e060d00000000
020d0e1600000000
3b0d047f00005b80
020d071700000000
02170d1300000000
380d047f0712be00
3d170d7f00000000
380d047f0712c000
3c170d0000004000
380d047f0712c200
3c130d0000004004
010d171300000000
3813047f0712c400
3c17130000004008
01130d1700000000
3817047f0712c600
3c0d17000000400c
0117130d00000000
380d047f0712c800
3c130d0000004010
010d171300000000
3813047f0712ca00
3c17130000004014
01130d1700000000
3817047f0712cc00
3c0d170000004018
0117130d00000000
380d047f0712ce00
3c130d000000401c
010d171300000000
3813047f0712d000
3c17130000004a00
3813047f0712d200
3c0e130000004a04
0113170e00000000
380e047f0712d400
3c170e0000004a08
010e131700000000
3817047f0712d600
3c13170000004a0c
01170e1300000000
3813047f0712d800
3c0e130000004a10
0113170e00000000
380e047f0712da00
3c170e0000004a14
010e131700000000
3817047f0712dc00
3c13170000004a18
01170e1300000000
3813047f0712de00
3c0e130000004a1c
0113170e00000000
380e047f0712e000
3c170e0000005400
380e047f0712e200
3c160e0000005404
010e171600000000
3816047f0712e400
3c17160000005408
01160e1700000000
3817047f0712e600
3c0e17000000540c
0117160e00000000
380e047f0712e800
3c160e0000005410
010e171600000000
3816047f0712ea00
3c17160000005414
01160e1700000000
3817047f0712ec00
3c0e170000005418
0117160e00000000
380e047f0712ee00
3c160e000000541c
010e171600000000
3b0d047f00002200
3b13047f00002400
3b0e047f00002600
380e047f0712f000
3c130e0000002200
3c0d0e0000002204
010e130d00000000
3b0e047f00003000
380e047f0712f200
3c0d0e0000002600
380e047f0712f400
3c130e0000002604
010e0d1300000000
3b0e043f00003200
380e047f0712f600
3c130e0000003000
380e047f0712f800
3c0d0e0000003004
010e130d00000000
3b0e045f00002200
380e047f0712fa00
3c0d0e0000002200
380e047f0712fc00
23130d0e00000000
010e0d1300000000
3813047f0712fe00
230d0e1300000000
01130e0d00000000
380d047f07130000
230e130d00000000
0116130e00000000
380e047f07130200
2313160e00000000
200e000043200000
201600001e3ce508
1017130e00000000
011f171600000000
20170000bf000000
02231f1700000000
200a00005f3759df
060f1f0b00000000
091f0a0f00000000
200f00003fc00000
021d1f1f00000000
021c231d00000000
011d0f1c00000000
021c1f1d00000000
021d1c1c00000000
021f231d00000000
011d0f1f00000000
021f1c1d00000000
021d1f1f00000000
021c231d00000000
011d0f1c00000000
021c1f1d00000000
231d130d00000000
100d1d0e00000000
011d0d1600000000
020d1d1700000000
06171d0b00000000
091d0a1700000000
02171d1d00000000
020a0d1700000000
01170f0a00000000
020a1d1700000000
02170a0a00000000
021d0d1700000000
01170f1d00000000
021d0a1700000000
02171d1d00000000
020a0d1700000000
01170f0a00000000
020a1d1700000000
3817047f07130400
231d131700000000
02171c0a00000000
020a1d1700000000
201700003da1e89b
021d0a1700000000
04171d1200000000
20120000358637bd
130a171200000000
11120a0000000000
200a000080000000
04171d0a00000000
051d121700000000
201700003f800000
03121d0a00000000
201d000042b00000
140a121d00000000
201d0000c2ae0000
13120a1d00000000
201d00003fb8aa3b
020a121d00000000
201d00004b400000
011c0a1d00000000
201d0000cb400000
010a1c1d00000000
201d0000bf317200
021c0a1d00000000
011d121c00000000
201c0000b5bfbe8e
02120a1c00000000
011c1d1200000000
201200003ab60b61
021d121c00000000
201200003c088889
01131d1200000000
0212131c00000000
201300003d2aaaab
011d121300000000
02131d1c00000000
201d00003e2aaaab
0112131d00000000
021d121c00000000
201200003f000000
01131d1200000000
0212131c00000000
0113121700000000
0212131c00000000
0113121700000000
0d120a0000000000
070a121a00000000
0812130a00000000
010a121700000000
1012170a00000000
230a120200000000
02170a2200000000
010a031700000000
0e170a0000000000
230a120b00000000
020b0a2200000000
010a040b00000000
0e0b0a0000000000
230a120900000000
02090a2200000000
010a050900000000
0e090a0000000000
230a121800000000
02180a2200000000
010a061800000000
0e180a0000000000
380a047f07130600
2306120a00000000
380a047f07128000
2312110a00000000
020a061200000000
0112070a00000000
0e0a120000000000
3917047f00001000
390b047f00001200
3909047f00001400
3918047f00001600
390a047f00001800
3400000000000000
3300000000000000
380a047f00001000
3818047f00001200
3809047f00001400
380b047f00001600
3817047f00001800
3812040300001a00
3b0a047f00001800
3b18047f00001a80
3b09047f00001d00
3b0b047f00001f80
3807047f07130800
3d17077f00000000
3806047f07130a00
3c11060000001800
3822047f07130c00
3c05220000001804
3804047f07130e00
3c03040000001808
3813047f07131000
3c1a13000000180c
381c047f07131200
3c1d1c0000001810
380f047f07131400
3c0d0f0000001814
3816047f07131600
3c0e160000001818
381f047f07131800
3c231f000000181c
2b06010000000005
380c064f00000000
02080c1100000000
380c064f00000140
02200c0500000000
010c082000000000
3820064f00000280
0208200300000000
01200c0800000000
3808064f000003c0
020c081a00000000
0108200c00000000
380c064f00000500
02200c1d00000000
010c082000000000
3820064f00000640
0208200d00000000
01200c0800000000
3808064f00000780
020c080e00000000
0108200c00000000
380c064f000008c0
02200c2300000000
010c082000000000
3b0c047f00002200
380c064f00000a00
02200c1100000000
380c064f00000b40
02080c0500000000
010c200800000000
3808064f00000c80
0220080300000000
01080c2000000000
3820064f00000dc0
020c201a00000000
0120080c00000000
380c064f00000f00
02080c1d00000000
010c200800000000
3808064f00001040
0220080d00000000
01080c2000000000
3820064f00001180
020c200e00000000
0120080c00000000
380c064f000012c0
02080c2300000000
010c200800000000
3b0c047f00002400
380c064f00001400
02080c1100000000
380c064f00001540
02200c0500000000
010c082000000000
3820064f00001680
0208200300000000
01200c0800000000
3808064f000017c0
020c081a00000000
0108200c00000000
380c064f00001900
02200c1d00000000
010c082000000000
3820064f00001a40
0208200d00000000
01200c0800000000
3808064f00001b80
020c080e00000000
0108200c00000000
380c064f00001cc0
02200c2300000000
010c082000000000
3b0c047f00002600
380c064f00001e00
02200c1100000000
380c064f00001f40
02080c0500000000
010c200800000000
3808064f00002080
0220080300000000
01080c2000000000
3820064f000021c0
020c201a00000000
0120080c00000000
380c064f00002300
02080c1d00000000
010c200800000000
3808064f00002440
0220080d00000000
01080c2000000000
3820064f00002580
020c200e00000000
0120080c00000000
380c064f000026c0
02080c2300000000
010c200800000000
3b0c047f00002800
380c064f00002800
02080c1100000000
380c064f00002940
02200c0500000000
010c082000000000
3820064f00002a80
0208200300000000
01200c0800000000
3808064f00002bc0
020c081a00000000
0108200c00000000
380c064f00002d00
02200c1d00000000
010c082000000000
3820064f00002e40
0208200d00000000
01200c0800000000
3808064f00002f80
020c080e00000000
0108200c00000000
380c064f000030c0
02200c2300000000
010c082000000000
3b0c047f00002a00
380c064f00003200
02200c1100000000
380c064f00003340
02110c0500000000
010c201100000000
3811064f00003480
0220110300000000
01110c2000000000
3820064f000035c0
020c201a00000000
0120110c00000000
380c064f00003700
02110c1d00000000
010c201100000000
3811064f00003840
0220110d00000000
01110c2000000000
3820064f00003980
020c200e00000000
0120110c00000000
380c064f00003ac0
02110c2300000000
010c201100000000
3b0c047f00002c00
380c047f0712f000
3c110c0000002200
3c200c0000002204
0123112000000000
3b23047f00003000
3c230c0000002600
3c200c0000002604
0111232000000000
3b11047f00003200
3c110c0000002a00
3c200c0000002a04
0123112000000000
3b23047f00003400
3c230c0000003000
3c200c0000003004
0111232000000000
3b11047f00002200
3811047f0713ec00
3c20110000003400
3823047f0713ee00
3c0e230000003404
010d200e00000000
3b0d043f00002400
380d047f0713f000
3c0e0d0000002200
3820047f0713f200
3c1d200000002204
011a0e1d00000000
3b1a045f00003000
381a047f0713f400
3c1d1a0000003000
380e047f0712fc00
23031d0e00000000
01051d0300000000
3803047f0712fe00
231d050300000000
0108051d00000000
381d047f07130000
2305081d00000000
0114080500000000
3805047f07130400
2308140500000000
0121140800000000
3808047f0713f600
2314210800000000
3914040500001d34
3400000000000000
3300000000000000
3814040c00001d34
482114010000000d
3921041900001d00
3400000000000000
3300000000000000
3821041900001d00
2014000000000018
2310211400000000
2019000044200000
101b101900000000
201000001e3ce508
01151b1000000000
201b0000bf000000
021e151b00000000
202400005f3759df
2025000000000001
0626152500000000
0915242600000000
202600003fc00000
0227151500000000
02281e2700000000
0127262800000000
0228152700000000
0227282800000000
02151e2700000000
0127261500000000
0215282700000000
0227151500000000
02281e2700000000
0127262800000000
0228152700000000
0227212800000000
2b06010000000006
3828061700000000
2b06010000000006
3821061700000200
0215272800000000
0128152100000000
201500003f800000
2021000080000000
0327282100000000
201e000042b00000
1429271e00000000
20270000c2ae0000
132a292700000000
202900003fb8aa3b
022b2a2900000000
202c00004b400000
012d2b2c00000000
202b0000cb400000
012e2d2b00000000
202d0000bf317200
022f2e2d00000000
01302a2f00000000
202f0000b5bfbe8e
022a2e2f00000000
0131302a00000000
202a00003ab60b61
02302a3100000000
203200003c088889
0133303200000000
0230333100000000
203300003d2aaaab
0134303300000000
0230343100000000
203400003e2aaaab
0135303400000000
0230353100000000
203500003f000000
0136303500000000
0230363100000000
0136301500000000
0230363100000000
0136301500000000
0d302e0000000000
202e000000000017
0731302e00000000
0830363100000000
0131301500000000
1030153100000000
20310000358637bd
0136303100000000
2037000040000000
0238303700000000
3830047f0712b600
2339280500000000
0328391500000000
0439302800000000
0328153900000000
3839047f07132a00
383a047f07132c00
383b047f07132e00
383c047f07133000
383d047f07133200
383e047f07133400
383f047f07133600
3840047f07133800
3841047f07128c00
2342284100000000
1343284200000000
3842047f07128e00
2344434200000000
1345434400000000
0344452100000000
0145284400000000
1444451e00000000
1345442700000000
0244452900000000
0128442c00000000
0144282b00000000
0228442d00000000
0143452800000000
0228442f00000000
0145432800000000
02282a4500000000
0143283200000000
0228434500000000
0143283300000000
0228434500000000
0143283400000000
0228434500000000
0143283500000000
0228434500000000
0143281500000000
0228434500000000
0143281500000000
0d28440000000000
0744282e00000000
0828434400000000
2344283900000000
2343283a00000000
0145444300000000
2343283b00000000
0144454300000000
2343283c00000000
0145444300000000
1043284500000000
0145433100000000
2343453d00000000
2328453e00000000
0144432800000000
2328453f00000000
0143442800000000
2328454000000000
0144432800000000
0128443100000000
1044452800000000
0528444400000000
280e000000000013
2344283900000000
2345283a00000000
0143444500000000
2345283b00000000
0144434500000000
2345283c00000000
0143444500000000
0145433100000000
1043284500000000
2345433d00000000
2344433e00000000
0146454400000000
2344433f00000000
0145464400000000
2344434000000000
0146454400000000
0144463100000000
1028434400000000
290e0e00ffffffff
31000e00000004ca
2344120200000000
0243440a00000000
3846047f07128000
2345174600000000
0247444500000000
2345122500000000
0244451800000000
3848047f07128200
2349174800000000
024a454900000000
0149434400000000
0144474a00000000
204a000000000002
2347124a00000000
0243470900000000
3845047f07128400
234b174500000000
024c474b00000000
014b494300000000
0143444c00000000
204c000000000003
2344124c00000000
0212440b00000000
3849047f07128600
2347174900000000
024d444700000000
01474b1200000000
0112434d00000000
0e4d470000000000
0e47120000000000
3812047f07133a00
0443471200000000
02474d4d00000000
3b47047f00003800
0247434300000000
3b47041f00003a00
3847047f07133c00
3c4b470000003800
3844047f07133e00
3c4e440000003804
014f4b4e00000000
384e047f07134000
3c4b4e0000003808
01504f4b00000000
384b047f07134200
3c4f4b000000380c
0151504f00000000
384f047f07134400
3c504f0000003810
0152515000000000
3850047f07134600
3c51500000003814
0153525100000000
3851047f07134800
3c52510000003818
0154535200000000
3852047f07134a00
3c5352000000381c
0155545300000000
2353550e00000000
0154555300000000
2353540300000000
0155545300000000
2353551d00000000
0154555300000000
2353540500000000
0155545300000000
3853047f07134c00
2354555300000000
0156555400000000
3854047f0712b800
2355565400000000
2056000043200000
1057555600000000
0155571000000000
0257551b00000000
0658552500000000
0955245800000000
0258555500000000
0259575800000000
0158265900000000
0259555800000000
0258595900000000
0255575800000000
0158265500000000
0255595800000000
0258555500000000
0259575800000000
0158265900000000
0259555800000000
2358590200000000
2b06010000000007
3859067f00000000
2b06010000000007
3855061f00000200
02574d5800000000
024d595700000000
0e574d0000000000
024d435800000000
0258554d00000000
0e4d580000000000
205800007fffffff
0455575800000000
2343554100000000
1359554300000000
2343594200000000
1355594300000000
3843047f07129000
2359554300000000
135a555900000000
3859047f07129200
23555a5900000000
135b5a5500000000
3855047f07129400
235a5b5500000000
135c5b5a00000000
205a000038d1b717
135b5c5a00000000
205c00003b124925
025d5b5c00000000
065b5d2e00000000
205e0000007fffff
045f5d5e00000000
0a5d5f0200000000
085f5b5d00000000
205d00000000007f
095b5f5d00000000
095f5d5b00000000
07605f2e00000000
025f576000000000
17605f0000000000
045f4d5800000000
23615f4100000000
13625f6100000000
2361624200000000
135f626100000000
23615f4300000000
13625f6100000000
2361625900000000
135f626100000000
23615f5500000000
13625f6100000000
1361625a00000000
0262615c00000000
0661622e00000000
045f625e00000000
0a625f0200000000
085f616200000000
09625f5d00000000
095f5d6200000000
07615f2e00000000
025f4d6100000000
17615f0000000000
4300600200000000
45005b0000000000
385f047f07134e00
2363605f00000000
23645b5f00000000
4300630200000001
4500640000000001
3864047f07135000
2363606400000000
23655b6400000000
4300630200000002
4500650000000002
3865047f07135200
2363606500000000
23605b6500000000
4300630200000003
4500600000000003
4300610200000004
4500620000000004
2b06010000000008
2807000000000800
4406070100050040
4200000000000000
3a62043f00000800
0e61620000000000
2b06010000000009
3862063f00000000
0260616100000000
2363600e00000000
015b606300000000
2363600300000000
01665b6300000000
3863047f07135400
235b606300000000
0163665b00000000
235b601d00000000
0166635b00000000
385b047f07135600
2363605b00000000
015b666300000000
3863047f07135800
2366606300000000
01635b6600000000
3866047f07135a00
235b606600000000
0166635b00000000
235b660500000000
0163665b00000000
235b635300000000
0166635b00000000
385b047f07135c00
2363665b00000000
205b000042000000
1066635b00000000
015b661000000000
02665b1b00000000
06635b2500000000
095b246300000000
02635b5b00000000
0260666300000000
0163266000000000
02605b6300000000
0263606000000000
025b666300000000
0163265b00000000
025b606300000000
02635b5b00000000
0260666300000000
0163266000000000
02605b6300000000
0263616000000000
0260626300000000
0e63600000000000
2a08010000000010
2b0601000000000a
2c08080600000000
3860080300000000
3862047f07135e00
2361606200000000
385b047f07136000
2366605b00000000
3867047f07136200
0368666700000000
0266636100000000
2361634100000000
0269616800000000
0161666900000000
0e69610000000000
3861047f07136400
0366696300000000
0469616600000000
0366636900000000
0469665800000000
2361694100000000
1368696100000000
2361684200000000
1369686100000000
2361694300000000
1368696100000000
2361685900000000
1369686100000000
2361695500000000
1368696100000000
1361685a00000000
0268615c00000000
0661682e00000000
0469685e00000000
0a68690200000000
0869616800000000
0968695d00000000
09695d6800000000
0761692e00000000
0269666100000000
0f61690000000000
0869685d00000000
0768692e00000000
0269616800000000
0e68690000000000
2369685f00000000
2b0601000000000b
2a08010000000040
2c06060800000000
3969161f00000000
3400000000000000
0468631200000000
0463685800000000
2361634100000000
1366636100000000
2361664200000000
1363666100000000
2361634300000000
1366636100000000
2361665900000000
1363666100000000
2361635500000000
1366636100000000
1361665a00000000
0266615c00000000
0661662e00000000
0463665e00000000
0a66630200000000
0863616600000000
0966635d00000000
09635d6600000000
0761632e00000000
0263686100000000
1761630000000000
4300610200000000
4500660000000000
2b0601000000000c
2807000000000800
4406070100010200
4200000000000000
3a66047f00000800
0e61660000000000
2366606200000000
2363605b00000000
0368636700000000
0263616600000000
2366614100000000
026a666800000000
0166636a00000000
0e6a660000000000
3866047f07136600
03636a6100000000
046a666300000000
0363616a00000000
3b63047f00003c00
3a63047f00000a00
0e6a630000000000
2363606200000000
2361605b00000000
0368616700000000
02616a6300000000
23636a4100000000
026b636800000000
0163616b00000000
0e6b630000000000
03636b6a00000000
046b666300000000
03636a6b00000000
3b63047f00003e00
3a63047f00000c00
0e6b630000000000
2363606200000000
236a605b00000000
03616a6700000000
026a6b6300000000
23636b4100000000
0268636100000000
01636a6800000000
0e68630000000000
0363686b00000000
0468666300000000
03636b6800000000
3b63047f00004000
3a63047f00000e00
0e68630000000000
2363606200000000
236b605b00000000
036a6b6700000000
026b686300000000
2363684100000000
0261636a00000000
01636b6100000000
0e61630000000000
0363616800000000
0461666300000000
0363686100000000
3b63047f00004200
2b0a01000000000d
31000a00000006cf
2b0601000000000e
2807000000000800
4406070100010100
4200000000000000
3a63047f00000800
0e61630000000000
2363606200000000
2368605b00000000
036b686700000000
0268616300000000
2363614100000000
026a636b00000000
0163686a00000000
0e6a630000000000
03636a6100000000
046a666300000000
0363616a00000000
046a635800000000
23616a4100000000
13686a6100000000
2361684200000000
136a686100000000
23616a4300000000
13686a6100000000
2361685900000000
136a686100000000
23616a5500000000
13686a6100000000
2061000001c00000
136a686100000000
02686a3400000000
066a682e00000000
046b685e00000000
0a686b0200000000
086b6a6800000000
09686b5d00000000
096b5d6800000000
076a6b2e00000000
026b636a00000000
166a6b0000000000
086b685d00000000
07686b2e00000000
026b6a6800000000
0e686b0000000000
3b68047f00007800
3a68047f00000a00
0e6b680000000000
2368606200000000
236a605b00000000
03636a6700000000
026a6b6800000000
23686b4100000000
0267686300000000
01686a6700000000
0e67680000000000
0368676b00000000
0467666800000000
03686b6700000000
0467685800000000
236b674100000000
136a676b00000000
236b6a4200000000
13676a6b00000000
236b674300000000
136a676b00000000
236b6a5900000000
13676a6b00000000
236b675500000000
136a676b00000000
136b6a6100000000
026a6b3400000000
066b6a2e00000000
04616a5e00000000
0a6a610200000000
08616b6a00000000
096a615d00000000
09615d6a00000000
076b612e00000000
0261686b00000000
166b610000000000
08616a5d00000000
076a612e00000000
02616b6a00000000
0e6a610000000000
3b6a047f00007a00
0e6a570000000000
3b6a047f00000100
0e6a4d0000000000
3b6a047f00000300
386a047f07136800
3c4d6a0000000100
40004d0000000000
3c4d6a0000000104
40004d0000000001
3c4d6a0000000108
40004d0000000002
3c4d6a000000010c
40004d0000000003
3c4d6a0000000110
40004d0000000004
3c4d6a0000000114
40004d0000000005
3c4d6a0000000118
40004d0000000006
3c4d6a000000011c
40004d0000000007
3c4d6a0000000300
40004d0000000008
3c4d6a0000000304
40004d0000000009
3c4d6a0000000308
40004d000000000a
3c4d6a000000030c
40004d000000000b
3c4d6a0000000310
40004d000000000c
3c4d6a0000000314
40004d000000000d
3c4d6a0000000318
40004d000000000e
3c4d6a000000031c
40004d000000000f
2b0601000000000f
2807000000000800
4106070200080008
4200000000000000
3a4d040700000800
0e6a4d0000000000
204d00003d000000
02576a4d00000000
0e4d570000000000
3b4d040700007c00
3400000000000000
3300000000000000
31000a000000095b
2b06010000000010
384d167f00000000
3b4d047f00004400
384d167f00000100
3b4d047f00004600
384d167f00000200
3b4d047f00004800
384d167f00000300
3b4d047f00004a00
384d167f00000400
3b4d047f00004c00
384d167f00000500
3b4d047f00004e00
384d167f00000600
3b4d047f00005000
384d167f00000700
3b4d047f00005200
384d047f07136a00
3c574d0000007800
386a047f07136c00
3c616a0000004400
026b576100000000
3c574d0000007a00
0268576100000000
3c574d0000007804
3c616a0000004404
0267576100000000
01576b6700000000
3c674d0000007a04
026b676100000000
0167686b00000000
3c6b4d0000007808
3c686a0000004408
02616b6800000000
016b576100000000
3c614d0000007a08
0257616800000000
0161675700000000
3c574d000000780c
3c676a000000440c
0268576700000000
01576b6800000000
3c684d0000007a0c
026b686700000000
0168616b00000000
3c6b4d0000007810
3c616a0000004410
02676b6100000000
016b576700000000
3c674d0000007a10
0257676100000000
0167685700000000
3c574d0000007814
3c686a0000004414
0261576800000000
01576b6100000000
3c614d0000007a14
026b616800000000
0161676b00000000
3c6b4d0000007818
3c676a0000004418
02686b6700000000
016b576800000000
3c684d0000007a18
0257686700000000
0168615700000000
3c574d000000781c
3c616a000000441c
0267576100000000
01576b6700000000
3c674d0000007a1c
026b676100000000
0167686b00000000
3c6b4d0000007820
3c686a0000004420
02616b6800000000
016b576100000000
3c614d0000007a20
0257616800000000
0161675700000000
3c574d0000007824
3c676a0000004424
0268576700000000
01576b6800000000
3c684d0000007a24
026b686700000000
0168616b00000000
3c6b4d0000007828
3c616a0000004428
02676b6100000000
016b576700000000
3c674d0000007a28
0257676100000000
0167685700000000
3c574d000000782c
3c686a000000442c
0261576800000000
01576b6100000000
3c614d0000007a2c
026b616800000000
0161676b00000000
3c6b4d0000007830
3c676a0000004430
02686b6700000000
016b576800000000
3c684d0000007a30
0257686700000000
0168615700000000
3c574d0000007834
3c616a0000004434
0267576100000000
01576b6700000000
3c674d0000007a34
026b676100000000
0167686b00000000
3c6b4d0000007838
3c686a0000004438
02616b6800000000
016b576100000000
3c614d0000007a38
0257616800000000
0161675700000000
3c574d000000783c
3c676a000000443c
0268576700000000
01576b6800000000
3c684d0000007a3c
026b686700000000
0168616b00000000
3c6b4d0000007840
3c616a0000004440
02676b6100000000
016b576700000000
3c674d0000007a40
0257676100000000
0167685700000000
3c574d0000007844
3c686a0000004444
0261576800000000
01576b6100000000
3c614d0000007a44
026b616800000000
0161676b00000000
3c6b4d0000007848
3c676a0000004448
02686b6700000000
016b576800000000
3c684d0000007a48
0257686700000000
0168615700000000
3c574d000000784c
3c616a000000444c
0267576100000000
01576b6700000000
3c674d0000007a4c
026b676100000000
0167686b00000000
3c6b4d0000007850
3c686a0000004450
02616b6800000000
016b576100000000
3c614d0000007a50
0257616800000000
0161675700000000
3c574d0000007854
3c676a0000004454
0268576700000000
01576b6800000000
3c684d0000007a54
026b686700000000
0168616b00000000
3c6b4d0000007858
3c616a0000004458
02676b6100000000
016b576700000000
3c674d0000007a58
0257676100000000
0167685700000000
3c574d000000785c
3c686a000000445c
0261576800000000
01576b6100000000
3c614d0000007a5c
026b616800000000
0161676b00000000
3c6b4d0000007860
3c676a0000004460
02686b6700000000
016b576800000000
3c684d0000007a60
0257686700000000
0168615700000000
3c574d0000007864
3c616a0000004464
0267576100000000
01576b6700000000
3c674d0000007a64
026b676100000000
0167686b00000000
3c6b4d0000007868
3c686a0000004468
02616b6800000000
016b576100000000
3c614d0000007a68
0257616800000000
0161675700000000
3c574d000000786c
3c676a000000446c
0268576700000000
01576b6800000000
3c684d0000007a6c
026b686700000000
0168616b00000000
3c6b4d0000007870
3c616a0000004470
02676b6100000000
016b576700000000
3c674d0000007a70
0257676100000000
0167685700000000
3c574d0000007874
3c686a0000004474
0261576800000000
01576b6100000000
3c614d0000007a74
026b616800000000
0161676b00000000
3c6b4d0000007878
3c676a0000004478
02686b6700000000
016b576800000000
3c684d0000007a78
0257686700000000
0168615700000000
3c574d000000787c
3c616a000000447c
026a576100000000
01576b6a00000000
3c6a4d0000007a7c
024d6a6100000000
016a684d00000000
3a4d040700007c00
3868047f07130600
23614d6800000000
3868047f07136e00
236b4d6800000000
0e68570000000000
1357680200000000
0268576100000000
0e57680000000000
0e686a0000000000
136a680200000000
02686a6b00000000
0e6a680000000000
2368574600000000
236b574800000000
0161686b00000000
236b574500000000
0168616b00000000
236b574900000000
0157686b00000000
236b6a4600000000
0168576b00000000
236b6a4800000000
0157686b00000000
236b6a4500000000
0168576b00000000
236b6a4900000000
016a686b00000000
396a041f00004500
3400000000000000
3300000000000000
386a041f00004500
386b041f00004580
01686a6b00000000
486b680000000020
0e686b0000000000
2b09010000000011
226b010000000000
086a6b2500000000
226b090000000000
06576a6b00000000
216b000000000000
0b6a6b5700000000
096b026a00000000
20570000ff61b1e6
0361685700000000
04686b6100000000
0361576800000000
2368610200000000
0c57686100000000
0c6b616800000000
0568576b00000000
036b682500000000
3868047f07137000
044d6b6800000000
0568574d00000000
084d026800000000
2368612500000000
0c57686100000000
0c6b616800000000
0568576b00000000
036b682500000000
3868047f07137200
04676b6800000000
0568576700000000
08674d6800000000
2368614a00000000
0c4d686100000000
0c57616800000000
05684d5700000000
0357682500000000
3868047f07137400
046b576800000000
05684d6b00000000
086b676800000000
2368614c00000000
0c67686100000000
0c4d616800000000
0568674d00000000
034d682500000000
3868047f07137600
04574d6800000000
0568675700000000
08576b6800000000
2068000000000004
236b616800000000
0c686b6100000000
0c67616b00000000
056b686700000000
03676b2500000000
386b047f07137800
044d676b00000000
056b684d00000000
084d576b00000000
206b000000000005
2357616b00000000
0c6b576100000000
0c68615700000000
05576b6800000000
0368572500000000
3857047f07137a00
0467685700000000
05576b6700000000
08674d5700000000
2057000000000006
234d615700000000
0c574d6100000000
0c6b614d00000000
054d576b00000000
036b4d2500000000
384d047f07137c00
04686b4d00000000
054d576800000000
0868674d00000000
204d000000000007
2367614d00000000
0c57676100000000
0c6b616700000000
0567576b00000000
036b672500000000
3867047f07137e00
04636b6700000000
0567576300000000
0863686700000000
2067000000000008
2368616700000000
0c67686100000000
0c57616800000000
0568675700000000
0357682500000000
3868047f07138000
046b576800000000
0568676b00000000
086b636800000000
2068000000000009
2363616800000000
0c68636100000000
0c67616300000000
0563686700000000
0367632500000000
3863047f07138200
0457676300000000
0563685700000000
08576b6300000000
206300000000000a
236b616300000000
0c636b6100000000
0c68616b00000000
056b636800000000
03686b2500000000
386b047f07138400
0467686b00000000
056b636700000000
0867576b00000000
206b00000000000b
2357616b00000000
0c6b576100000000
0c63615700000000
05576b6300000000
0363572500000000
3857047f07138600
0468635700000000
05576b6800000000
0868675700000000
205700000000000c
2367615700000000
0c57676100000000
0c6b616700000000
0567576b00000000
036b672500000000
3867047f07138800
04636b6700000000
0567576300000000
0863686700000000
206700000000000d
2368616700000000
0c67686100000000
0c57616800000000
0568675700000000
0357682500000000
3868047f07138a00
046b576800000000
0568676b00000000
086b636800000000
206800000000000e
2363616800000000
0c68636100000000
0c67616300000000
0563686700000000
0367632500000000
3863047f07138c00
0457676300000000
0563685700000000
08576b6300000000
206300000000000f
236b616300000000
0c636b6100000000
0c68616b00000000
056b636800000000
03686b2500000000
386b047f07138e00
0467686b00000000
056b636700000000
0867576b00000000
206b000000000010
2357616b00000000
0c63576100000000
0c68615700000000
0557636800000000
0368572500000000
3857047f07139000
046c685700000000
0557636c00000000
086c675700000000
2057000000000011
2367615700000000
0c57676100000000
0c63616700000000
0567576300000000
0363672500000000
3867047f07139200
0468636700000000
0567576800000000
08686c6700000000
2067000000000012
236c616700000000
0c676c6100000000
0c57616c00000000
056c675700000000
03576c2500000000
386c047f07139400
0463576c00000000
056c676300000000
0863686c00000000
206c000000000013
2368616c00000000
0c6c686100000000
0c67616800000000
05686c6700000000
0367682500000000
3868047f07139600
0457676800000000
05686c5700000000
0857636800000000
2068000000000014
2363616800000000
0c68636100000000
0c6c616300000000
0563686c00000000
036c632500000000
3863047f07139800
04676c6300000000
0563686700000000
0867576300000000
2063000000000015
2357616300000000
0c63576100000000
0c68615700000000
0557636800000000
0368572500000000
3857047f07139a00
046c685700000000
0557636c00000000
086c675700000000
2057000000000016
2367615700000000
0c57676100000000
0c63616700000000
0567576300000000
0363672500000000
3867047f07139c00
0468636700000000
0567576800000000
08686c6700000000
2367612e00000000
0c6c676100000000
0c57616700000000
05676c5700000000
0357672500000000
3867047f07139e00
0463576700000000
05676c6300000000
0863686700000000
2367611400000000
0c68676100000000
0c6c616700000000
0567686c00000000
036c672500000000
3867047f0713a000
04576c6700000000
0567685700000000
0857636700000000
2067000000000019
2363616700000000
0c67636100000000
0c68616300000000
0563676800000000
0368632500000000
3863047f0713a200
046c686300000000
0563676c00000000
086c576300000000
206300000000001a
2357616300000000
0c63576100000000
0c67615700000000
0557636700000000
0367572500000000
3857047f0713a400
0468675700000000
0557636800000000
08686c5700000000
205700000000001b
236c615700000000
0c576c6100000000
0c63616c00000000
056c576300000000
03636c2500000000
386c047f0713a600
0467636c00000000
056c576700000000
0867686c00000000
206c00000000001c
2368616c00000000
0c6c686100000000
0c57616800000000
05686c5700000000
0357682500000000
3868047f0713a800
0463576800000000
05686c6300000000
0863676800000000
206800000000001d
2367616800000000
0c68676100000000
0c6c616700000000
0567686c00000000
036c672500000000
3867047f0713aa00
04576c6700000000
0567685700000000
0857636700000000
206700000000001e
2363616700000000
0c67636100000000
0c68616300000000
0563676800000000
0368632500000000
3863047f0713ac00
046c686300000000
0563676c00000000
086c576300000000
206300000000001f
2357616300000000
0c67576100000000
0c68615700000000
0557676800000000
0368572500000000
3857047f0713ae00
0461685700000000
0557676100000000
08616c5700000000
0b57616b00000000
04616a5700000000
3857047f0713b000
046a615700000000
3857047f0713b200
23616a5700000000
3857047f0713b400
046b615700000000
08576a6b00000000
386b047f0713b600
2361576b00000000
386b047f0713b800
046c616b00000000
086b576c00000000
386c047f0713ba00
23576b6c00000000
386c047f0713bc00
0461576c00000000
086c6b6100000000
3861047f0713be00
236b6c6100000000
3861047f0713c000
04576b6100000000
08616c5700000000
3857047f0713c200
236c615700000000
3857047f0713c400
046b6c5700000000
0857616b00000000
096b576a00000000
2261010000000000
086c612500000000
08616c6b00000000
076c614d00000000
2061000000001800
084d6c6100000000
0961026a00000000
206a000000007400
036c4d6a00000000
044d616c00000000
036c6a4d00000000
396c041f00001c00
236c576300000000
396c040000001c80
3400000000000000
3300000000000000
2b0601000000000b
386c167f00000000
3b6c047f00001800
386c167f00000100
3b6c047f00001a00
386c167f00000200
3b6c047f00001c00
386c167f00000300
3b6c047f00001e00
386c167f00000400
3b6c047f00002000
386c167f00000500
3b6c047f00002200
386c167f00000600
3b6c047f00002400
386c167f00000700
3b6c047f00002600
3b02047f00002800
3b02047f00002a00
3b02047f00002c00
3b02047f00002e00
3b02047f00003000
3b02047f00003200
3b02047f00003400
3b02047f00003600
2a08010000000080
3b69081f00001800
2b06010000000012
3869167f00000000
386c167f00000100
3857167f00000200
3863167f00000300
384d167f00000400
386a167f00000500
3861167f00000600
386b167f00000700
2b09010000000013
2267090000000000
3868041f00001c00
206d000000007400
036e686d00000000
0468676e00000000
036e6d6800000000
3868047f0713c600
386f047f07130600
23706e6f00000000
0871706800000000
3d69717f00000000
3871047f07136e00
23696e7100000000
0870696800000000
3d6c707f00000000
3870047f0713c800
236c6e7000000000
08696c6800000000
3d57697f00000000
3869047f0713ca00
23576e6900000000
086c576800000000
3d636c7f00000000
386c047f0713cc00
23636e6c00000000
086c636800000000
3d4d6c7f00000000
386c047f0713ce00
234d6e6c00000000
086c4d6800000000
3d6a6c7f00000000
386c047f0713d000
236a6e6c00000000
086c6a6800000000
3d616c7f00000000
386c047f0713d200
23616e6c00000000
086c616800000000
3d6b6c7f00000000
386c040000001c80
046b6c6700000000
226c010000000000
08676c2500000000
236c6b0200000000
086b676c00000000
386c047f0713d400
3c676c0000001800
3861047f0713d600
3c6e610000003c00
026a6e6700000000
3c6e610000003d00
024d6e6700000000
3c6e610000003e00
02636e6700000000
3c6e610000003f00
02576e6700000000
3c6e610000004000
02726e6700000000
3c6e610000004100
02736e6700000000
3c6e610000004200
02746e6700000000
3c6e610000004300
02756e6700000000
3c6e6c0000001804
3c67610000003c04
0276676e00000000
01676a7600000000
3c76610000003d04
026a766e00000000
01764d6a00000000
3c6a610000003e04
024d6a6e00000000
016a634d00000000
3c4d610000003f04
02634d6e00000000
014d576300000000
3c63610000004004
0257636e00000000
0163725700000000
3c57610000004104
0272576e00000000
0157737200000000
3c72610000004204
0273726e00000000
0172747300000000
3c73610000004304
0274736e00000000
0173757400000000
3c746c0000001808
3c75610000003c08
026e757400000000
0175676e00000000
3c6e610000003d08
02676e7400000000
016e766700000000
3c67610000003e08
0276677400000000
01676a7600000000
3c76610000003f08
026a767400000000
01764d6a00000000
3c6a610000004008
024d6a7400000000
016a634d00000000
3c4d610000004108
02634d7400000000
014d576300000000
3c63610000004208
0257637400000000
0163725700000000
3c57610000004308
0272577400000000
0157737200000000
3c726c000000180c
3c73610000003c0c
0274737200000000
0173757400000000
3c74610000003d0c
0275747200000000
01746e7500000000
3c75610000003e0c
026e757200000000
0175676e00000000
3c6e610000003f0c
02676e7200000000
016e766700000000
3c6761000000400c
0276677200000000
01676a7600000000
3c7661000000410c
026a767200000000
01764d6a00000000
3c6a61000000420c
024d6a7200000000
016a634d00000000
3c4d61000000430c
02634d7200000000
014d576300000000
3c636c0000001810
3c57610000003c10
0272576300000000
0157737200000000
3c72610000003d10
0273726300000000
0172747300000000
3c73610000003e10
0274736300000000
0173757400000000
3c74610000003f10
0275746300000000
01746e7500000000
3c75610000004010
026e756300000000
0175676e00000000
3c6e610000004110
02676e6300000000
016e766700000000
3c67610000004210
0276676300000000
01676a7600000000
3c76610000004310
026a766300000000
01764d6a00000000
3c6a6c0000001814
3c4d610000003c14
02634d6a00000000
014d576300000000
3c63610000003d14
0257636a00000000
0163725700000000
3c57610000003e14
0272576a00000000
0157737200000000
3c72610000003f14
0273726a00000000
0172747300000000
3c73610000004014
0274736a00000000
0173757400000000
3c74610000004114
0275746a00000000
01746e7500000000
3c75610000004214
026e756a00000000
0175676e00000000
3c6e610000004314
02676e6a00000000
016e766700000000
3c676c0000001818
3c76610000003c18
026a766700000000
01764d6a00000000
3c6a610000003d18
024d6a6700000000
016a634d00000000
3c4d610000003e18
02634d6700000000
014d576300000000
3c63610000003f18
0257636700000000
0163725700000000
3c57610000004018
0272576700000000
0157737200000000
3c72610000004118
0273726700000000
0172747300000000
3c73610000004218
0274736700000000
0173757400000000
3c74610000004318
0275746700000000
01746e7500000000
3c756c000000181c
3c6e610000003c1c
02676e7500000000
016e766700000000
3c67610000003d1c
0276677500000000
01676a7600000000
3c76610000003e1c
026a767500000000
01764d6a00000000
3c6a610000003f1c
024d6a7500000000
016a634d00000000
3c4d61000000401c
02634d7500000000
014d576300000000
3c6361000000411c
0257637500000000
0163725700000000
3c5761000000421c
0272577500000000
0157737200000000
3c7261000000431c
0273727500000000
0172747300000000
3c736c0000001820
3c74610000003c20
0275747300000000
3c74610000003d20
0277747300000000
3c74610000003e20
0278747300000000
3c74610000003f20
0279747300000000
3c74610000004020
027a747300000000
3c74610000004120
027b747300000000
3c74610000004220
027c747300000000
3c74610000004320
027d747300000000
3c746c0000001824
3c73610000003c24
027e737400000000
0173757e00000000
3c7e610000003d24
02757e7400000000
017e777500000000
3c75610000003e24
0277757400000000
0175787700000000
3c77610000003f24
0278777400000000
0177797800000000
3c78610000004024
0279787400000000
01787a7900000000
3c79610000004124
027a797400000000
01797b7a00000000
3c7a610000004224
027b7a7400000000
017a7c7b00000000
3c7b610000004324
027c7b7400000000
017b7d7c00000000
3c7c6c0000001828
3c7d610000003c28
02747d7c00000000
017d737400000000
3c74610000003d28
0273747c00000000
01747e7300000000
3c73610000003e28
027e737c00000000
0173757e00000000
3c7e610000003f28
02757e7c00000000
017e777500000000
3c75610000004028
0277757c00000000
0175787700000000
3c77610000004128
0278777c00000000
0177797800000000
3c78610000004228
0279787c00000000
01787a7900000000
3c79610000004328
027a797c00000000
01797b7a00000000
3c7a6c000000182c
3c7b610000003c2c
027c7b7a00000000
017b7d7c00000000
3c7c610000003d2c
027d7c7a00000000
017c747d00000000
3c7d610000003e2c
02747d7a00000000
017d737400000000
3c74610000003f2c
0273747a00000000
01747e7300000000
3c7361000000402c
027e737a00000000
0173757e00000000
3c7e61000000412c
02757e7a00000000
017e777500000000
3c7561000000422c
0277757a00000000
0175787700000000
3c7761000000432c
0278777a00000000
0177797800000000
3c786c0000001830
3c79610000003c30
027a797800000000
01797b7a00000000
3c7a610000003d30
027b7a7800000000
017a7c7b00000000
3c7b610000003e30
027c7b7800000000
017b7d7c00000000
3c7c610000003f30
027d7c7800000000
017c747d00000000
3c7d610000004030
02747d7800000000
017d737400000000
3c74610000004130
0273747800000000
01747e7300000000
3c73610000004230
027e737800000000
0173757e00000000
3c7e610000004330
02757e7800000000
017e777500000000
3c756c0000001834
3c77610000003c34
0278777500000000
0177797800000000
3c78610000003d34
0279787500000000
01787a7900000000
3c79610000003e34
027a797500000000
01797b7a00000000
3c7a610000003f34
027b7a7500000000
017a7c7b00000000
3c7b610000004034
027c7b7500000000
017b7d7c00000000
3c7c610000004134
027d7c7500000000
017c747d00000000
3c7d610000004234
02747d7500000000
017d737400000000
3c74610000004334
0273747500000000
01747e7300000000
3c736c0000001838
3c7e610000003c38
02757e7300000000
017e777500000000
3c75610000003d38
0277757300000000
0175787700000000
3c77610000003e38
0278777300000000
0177797800000000
3c78610000003f38
0279787300000000
01787a7900000000
3c79610000004038
027a797300000000
01797b7a00000000
3c7a610000004138
027b7a7300000000
017a7c7b00000000
3c7b610000004238
027c7b7300000000
017b7d7c00000000
3c7c610000004338
027d7c7300000000
017c747d00000000
3c7d6c000000183c
3c74610000003c3c
0273747d00000000
01747e7300000000
3c73610000003d3c
027e737d00000000
0173757e00000000
3c7e610000003e3c
02757e7d00000000
017e777500000000
3c75610000003f3c
0277757d00000000
0175787700000000
3c7761000000403c
0278777d00000000
0177797800000000
3c7861000000413c
0279787d00000000
01787a7900000000
3c7961000000423c
027a797d00000000
01797b7a00000000
3c7a61000000433c
027b7a7d00000000
017a7c7b00000000
3c7b6c0000001840
3c7c610000003c40
027d7c7b00000000
3c7c610000003d40
027f7c7b00000000
3c7c610000003e40
02807c7b00000000
3c7c610000003f40
02817c7b00000000
3c7c610000004040
02827c7b00000000
3c7c610000004140
02837c7b00000000
3c7c610000004240
02847c7b00000000
3c7c610000004340
02857c7b00000000
3c7c6c0000001844
3c7b610000003c44
02867b7c00000000
017b7d8600000000
3c86610000003d44
027d867c00000000
01867f7d00000000
3c7d610000003e44
027f7d7c00000000
017d807f00000000
3c7f610000003f44
02807f7c00000000
017f818000000000
3c80610000004044
0281807c00000000
0180828100000000
3c81610000004144
0282817c00000000
0181838200000000
3c82610000004244
0283827c00000000
0182848300000000
3c83610000004344
0284837c00000000
0183858400000000
3c846c0000001848
3c85610000003c48
027c858400000000
01857b7c00000000
3c7c610000003d48
027b7c8400000000
017c867b00000000
3c7b610000003e48
02867b8400000000
017b7d8600000000
3c86610000003f48
027d868400000000
01867f7d00000000
3c7d610000004048
027f7d8400000000
017d807f00000000
3c7f610000004148
02807f8400000000
017f818000000000
3c80610000004248
0281808400000000
0180828100000000
3c81610000004348
0282818400000000
0181838200000000
3c826c000000184c
3c83610000003c4c
0284838200000000
0183858400000000
3c84610000003d4c
0285848200000000
01847c8500000000
3c85610000003e4c
027c858200000000
01857b7c00000000
3c7c610000003f4c
027b7c8200000000
017c867b00000000
3c7b61000000404c
02867b8200000000
017b7d8600000000
3c8661000000414c
027d868200000000
01867f7d00000000
3c7d61000000424c
027f7d8200000000
017d807f00000000
3c7f61000000434c
02807f8200000000
017f818000000000
3c806c0000001850
3c81610000003c50
0282818000000000
0181838200000000
3c82610000003d50
0283828000000000
0182848300000000
3c83610000003e50
0284838000000000
0183858400000000
3c84610000003f50
0285848000000000
01847c8500000000
3c85610000004050
027c858000000000
01857b7c00000000
3c7c610000004150
027b7c8000000000
017c867b00000000
3c7b610000004250
02867b8000000000
017b7d8600000000
3c86610000004350
027d868000000000
01867f7d00000000
3c7d6c0000001854
3c7f610000003c54
02807f7d00000000
017f818000000000
3c80610000003d54
0281807d00000000
0180828100000000
3c81610000003e54
0282817d00000000
0181838200000000
3c82610000003f54
0283827d00000000
0182848300000000
3c83610000004054
0284837d00000000
0183858400000000
3c84610000004154
0285847d00000000
01847c8500000000
3c85610000004254
027c857d00000000
01857b7c00000000
3c7c610000004354
027b7c7d00000000
017c867b00000000
3c7b6c0000001858
3c86610000003c58
027d867b00000000
01867f7d00000000
3c7d610000003d58
027f7d7b00000000
017d807f00000000
3c7f610000003e58
02807f7b00000000
017f818000000000
3c80610000003f58
0281807b00000000
0180828100000000
3c81610000004058
0282817b00000000
0181838200000000
3c82610000004158
0283827b00000000
0182848300000000
3c83610000004258
0284837b00000000
0183858400000000
3c84610000004358
0285847b00000000
01847c8500000000
3c856c000000185c
3c7c610000003c5c
027b7c8500000000
017c867b00000000
3c7b610000003d5c
02867b8500000000
017b7d8600000000
3c86610000003e5c
027d868500000000
01867f7d00000000
3c7d610000003f5c
027f7d8500000000
017d807f00000000
3c7f61000000405c
02807f8500000000
017f818000000000
3c8061000000415c
0281808500000000
0180828100000000
3c8161000000425c
0282818500000000
0181838200000000
3c8261000000435c
0283828500000000
0182848300000000
3c836c0000001860
3c84610000003c60
0285848300000000
3c84610000003d60
0287848300000000
3c84610000003e60
0288848300000000
3c84610000003f60
0289848300000000
3c84610000004060
028a848300000000
3c84610000004160
028b848300000000
3c84610000004260
028c848300000000
3c84610000004360
028d848300000000
3c846c0000001864
3c83610000003c64
028e838400000000
0183858e00000000
3c8e610000003d64
02858e8400000000
018e878500000000
3c85610000003e64
0287858400000000
0185888700000000
3c87610000003f64
0288878400000000
0187898800000000
3c88610000004064
0289888400000000
01888a8900000000
3c89610000004164
028a898400000000
01898b8a00000000
3c8a610000004264
028b8a8400000000
018a8c8b00000000
3c8b610000004364
028c8b8400000000
018b8d8c00000000
3c8c6c0000001868
3c8d610000003c68
02848d8c00000000
018d838400000000
3c84610000003d68
0283848c00000000
01848e8300000000
3c83610000003e68
028e838c00000000
0183858e00000000
3c8e610000003f68
02858e8c00000000
018e878500000000
3c85610000004068
0287858c00000000
0185888700000000
3c87610000004168
0288878c00000000
0187898800000000
3c88610000004268
0289888c00000000
01888a8900000000
3c89610000004368
028a898c00000000
01898b8a00000000
3c8a6c000000186c
3c8b610000003c6c
028c8b8a00000000
018b8d8c00000000
3c8c610000003d6c
028d8c8a00000000
018c848d00000000
3c8d610000003e6c
02848d8a00000000
018d838400000000
3c84610000003f6c
0283848a00000000
01848e8300000000
3c8361000000406c
028e838a00000000
0183858e00000000
3c8e61000000416c
02858e8a00000000
018e878500000000
3c8561000000426c
0287858a00000000
0185888700000000
3c8761000000436c
0288878a00000000
0187898800000000
3c886c0000001870
3c89610000003c70
028a898800000000
01898b8a00000000
3c8a610000003d70
028b8a8800000000
018a8c8b00000000
3c8b610000003e70
028c8b8800000000
018b8d8c00000000
3c8c610000003f70
028d8c8800000000
018c848d00000000
3c8d610000004070
02848d8800000000
018d838400000000
3c84610000004170
0283848800000000
01848e8300000000
3c83610000004270
028e838800000000
0183858e00000000
3c8e610000004370
02858e8800000000
018e878500000000
3c856c0000001874
3c87610000003c74
0288878500000000
0187898800000000
3c88610000003d74
0289888500000000
01888a8900000000
3c89610000003e74
028a898500000000
01898b8a00000000
3c8a610000003f74
028b8a8500000000
018a8c8b00000000
3c8b610000004074
028c8b8500000000
018b8d8c00000000
3c8c610000004174
028d8c8500000000
018c848d00000000
3c8d610000004274
02848d8500000000
018d838400000000
3c84610000004374
0283848500000000
01848e8300000000
3c836c0000001878
3c8e610000003c78
02858e8300000000
018e878500000000
3c85610000003d78
0287858300000000
0185888700000000
3c87610000003e78
0288878300000000
0187898800000000
3c88610000003f78
0289888300000000
01888a8900000000
3c89610000004078
028a898300000000
01898b8a00000000
3c8a610000004178
028b8a8300000000
018a8c8b00000000
3c8b610000004278
028c8b8300000000
018b8d8c00000000
3c8c610000004378
028d8c8300000000
018c848d00000000
3c8d6c000000187c
3c6c610000003c7c
02846c8d00000000
016c8e8400000000
3c84610000003d7c
028e848d00000000
0184858e00000000
3c8e610000003e7c
02858e8d00000000
018e878500000000
3c85610000003f7c
0287858d00000000
0185888700000000
3c8761000000407c
0288878d00000000
0187898800000000
3c8861000000417c
0289888d00000000
01888a8900000000
3c8961000000427c
028a898d00000000
01898b8a00000000
3c8a61000000437c
02618a8d00000000
018a8c6100000000
3861047f0713d800
0b8c616b00000000
0961028c00000000
208c0000ffffffff
036b618c00000000
208c0000ff61b1e6
048d6b8c00000000
016b6e7400000000
01747c6c00000000
016c6b7400000000
207400003e3504f3
026b6c7400000000
046c6b6100000000
056b6c8d00000000
236c6b4100000000
137c6b6c00000000
236c7c4200000000
136e7c6c00000000
236c6e4300000000
137c6e6c00000000
236c7c5900000000
136e7c6c00000000
236c6e5500000000
137c6e6c00000000
386c047f0713da00
236e7c6c00000000
138b7c6e00000000
036e8b2100000000
017c6b6e00000000
146e7c1e00000000
137c6e2700000000
026e7c2900000000
016b6e2c00000000
016e6b2b00000000
026b6e2d00000000
01837c6b00000000
026b6e2f00000000
017c836b00000000
026b2a7c00000000
01836b3200000000
026b837c00000000
01836b3300000000
026b837c00000000
01836b3400000000
026b837c00000000
01836b3500000000
026b837c00000000
01836b1500000000
026b837c00000000
01836b1500000000
0d6b6e0000000000
076e6b2e00000000
086b836e00000000
046e6b6100000000
3b6e047f00004400
0e6b6e0000000000
3b6b047f00005400
3b8b047f00006400
018b677300000000
01737b8400000000
01848b7300000000
0273847400000000
0484736100000000
0573848d00000000
2384734100000000
138b738400000000
23848b4200000000
137b8b8400000000
23847b4300000000
138b7b8400000000
23848b5900000000
137b8b8400000000
23847b5500000000
138b7b8400000000
23848b6c00000000
137b8b8400000000
03847b2100000000
018b738400000000
14848b1e00000000
138b842700000000
02848b2900000000
0173842c00000000
0184732b00000000
0273842d00000000
01678b7300000000
0273842f00000000
018b677300000000
02732a8b00000000
0167733200000000
0273678b00000000
0167733300000000
0273678b00000000
0167733400000000
0273678b00000000
0167733500000000
0273678b00000000
0167731500000000
0273678b00000000
0167731500000000
0d73840000000000
0784732e00000000
0873678400000000
0484736100000000
3b84047f00004600
0e73840000000000
3b73047f00005600
3b7b047f00006600
017b767e00000000
017e868e00000000
018e7b7e00000000
027e8e7400000000
048e7e6100000000
057e8e8d00000000
238e7e4100000000
137b7e8e00000000
238e7b4200000000
13867b8e00000000
238e864300000000
137b868e00000000
238e7b5900000000
13867b8e00000000
238e865500000000
137b868e00000000
238e7b6c00000000
13867b8e00000000
038e862100000000
017b7e8e00000000
148e7b1e00000000
137b8e2700000000
028e7b2900000000
017e8e2c00000000
018e7e2b00000000
027e8e2d00000000
01767b7e00000000
027e8e2f00000000
017b767e00000000
027e2a7b00000000
01767e3200000000
027e767b00000000
01767e3300000000
027e767b00000000
01767e3400000000
027e767b00000000
01767e3500000000
027e767b00000000
01767e1500000000
027e767b00000000
01767e1500000000
0d7e8e0000000000
078e7e2e00000000
087e768e00000000
048e7e6100000000
3b8e047f00004800
0e7e8e0000000000
3b7e047f00005800
3b86047f00006800
01866a7500000000
01757d8500000000
0185867500000000
0275857400000000
0485756100000000
0575858d00000000
2385754100000000
1386758500000000
2385864200000000
137d868500000000
23857d4300000000
13867d8500000000
2385865900000000
137d868500000000
23857d5500000000
13867d8500000000
2385866c00000000
137d868500000000
03857d2100000000
0186758500000000
1485861e00000000
1386852700000000
0285862900000000
0175852c00000000
0185752b00000000
0275852d00000000
016a867500000000
0275852f00000000
01866a7500000000
02752a8600000000
016a753200000000
02756a8600000000
016a753300000000
02756a8600000000
016a753400000000
02756a8600000000
016a753500000000
02756a8600000000
016a751500000000
02756a8600000000
016a751500000000
0d75850000000000
0785752e00000000
08756a8500000000
0485756100000000
3b85047f00004a00
0e75850000000000
3b75047f00005a00
3b7d047f00006a00
017d4d7700000000
01777f8700000000
01877d7700000000
0277877400000000
0487776100000000
0577878d00000000
2387774100000000
137d778700000000
23877d4200000000
137f7d8700000000
23877f4300000000
137d7f8700000000
23877d5900000000
137f7d8700000000
23877f5500000000
137d7f8700000000
23877d6c00000000
137f7d8700000000
03877f2100000000
017d778700000000
14877d1e00000000
137d872700000000
02877d2900000000
0177872c00000000
0187772b00000000
0277872d00000000
014d7d7700000000
0277872f00000000
017d4d7700000000
02772a7d00000000
014d773200000000
02774d7d00000000
014d773300000000
02774d7d00000000
014d773400000000
02774d7d00000000
014d773500000000
02774d7d00000000
014d771500000000
02774d7d00000000
014d771500000000
0d77870000000000
0787772e00000000
08774d8700000000
0487776100000000
3b87047f00004c00
0e77870000000000
3b77047f00005c00
3b7f047f00006c00
017f637800000000
0178808800000000
01887f7800000000
0278887400000000
0488786100000000
0578888d00000000
2388784100000000
137f788800000000
23887f4200000000
13807f8800000000
2388804300000000
137f808800000000
23887f5900000000
13807f8800000000
2388805500000000
137f808800000000
23887f6c00000000
13807f8800000000
0388802100000000
017f788800000000
14887f1e00000000
137f882700000000
02887f2900000000
0178882c00000000
0188782b00000000
0278882d00000000
01637f7800000000
0278882f00000000
017f637800000000
02782a7f00000000
0163783200000000
0278637f00000000
0163783300000000
0278637f00000000
0163783400000000
0278637f00000000
0163783500000000
0278637f00000000
0163781500000000
0278637f00000000
0163781500000000
0d78880000000000
0788782e00000000
0878638800000000
0488786100000000
3b88047f00004e00
0e78880000000000
3b78047f00005e00
3b80047f00006e00
0180577900000000
0179818900000000
0189807900000000
0279897400000000
0489796100000000
0579898d00000000
2389794100000000
1380798900000000
2389804200000000
1381808900000000
2389814300000000
1380818900000000
2389805900000000
1381808900000000
2389815500000000
1380818900000000
2389806c00000000
1381808900000000
0389812100000000
0180798900000000
1489801e00000000
1380892700000000
0289802900000000
0179892c00000000
0189792b00000000
0279892d00000000
0157807900000000
0279892f00000000
0180577900000000
02792a8000000000
0157793200000000
0279578000000000
0157793300000000
0279578000000000
0157793400000000
0279578000000000
0157793500000000
0279578000000000
0157791500000000
0279578000000000
0157791500000000
0d79890000000000
0789792e00000000
0879578900000000
0489796100000000
3b89047f00005000
0e79890000000000
3b79047f00006000
3b81047f00007000
0181727a00000000
017a828a00000000
018a817a00000000
027a8a7400000000
048a7a6100000000
057a8a8d00000000
238a7a4100000000
138d7a8a00000000
238a8d4200000000
13748d8a00000000
238a744300000000
138d748a00000000
238a8d5900000000
13748d8a00000000
238a745500000000
138d748a00000000
238a8d6c00000000
136c8d8a00000000
038a6c2100000000
018d7a8a00000000
148a8d1e00000000
138d8a2700000000
028a8d2900000000
017a8a2c00000000
018a7a2b00000000
027a8a2d00000000
01748d7a00000000
027a8a2f00000000
018d747a00000000
027a2a8d00000000
01747a3200000000
027a748d00000000
01747a3300000000
027a748d00000000
01747a3400000000
027a748d00000000
01747a3500000000
027a748d00000000
01747a1500000000
027a748d00000000
01747a1500000000
0d7a8a0000000000
078a7a2e00000000
087a748a00000000
048a7a6100000000
3b8a047f00005200
0e7a8a0000000000
3b7a047f00006200
3b6c047f00007200
386c047f07136800
3c7a6c0000004400
3c8a6c0000004404
01617a8a00000000
3c8a6c0000004408
017a618a00000000
3c8a6c000000440c
01617a8a00000000
3c8a6c0000004410
017a618a00000000
3c8a6c0000004414
01617a8a00000000
3c8a6c0000004418
017a618a00000000
3c8a6c000000441c
01617a8a00000000
238a610e00000000
017a618a00000000
238a7a0300000000
01617a8a00000000
238a611d00000000
017a618a00000000
388a047f0713dc00
23617a8a00000000
388a047f0713de00
3c7a8a0000006400
2b06010000000014
388a060f00000000
03747a2100000000
017a8a7400000000
14747a1e00000000
137a742700000000
02747a2900000000
018a742c00000000
01748a2b00000000
028a742d00000000
018d7a8a00000000
028a742f00000000
017a8d8a00000000
028a2a7a00000000
018d8a3200000000
028a8d7a00000000
018d8a3300000000
028a8d7a00000000
018d8a3400000000
028a8d7a00000000
018d8a3500000000
028a8d7a00000000
018d8a1500000000
028a8d7a00000000
018d8a1500000000
0d8a740000000000
07748a2e00000000
088a8d7400000000
0174618a00000000
3c8a680000001800
3861047f0713e000
3c8d610000005400
027a8d8a00000000
3c8d610000005800
02818d8a00000000
3c8d610000005c00
02828d8a00000000
3c8d610000006000
02728d8a00000000
3c8d680000001880
3c8a610000005404
02798a8d00000000
018a7a7900000000
3c79610000005804
027a798d00000000
0179817a00000000
3c7a610000005c04
02817a8d00000000
017a828100000000
3c81610000006004
0282818d00000000
0181728200000000
3c82680000001900
3c72610000005408
028d728200000000
01728a8d00000000
3c8d610000005808
028a8d8200000000
018d798a00000000
3c8a610000005c08
02798a8200000000
018a7a7900000000
3c79610000006008
027a798200000000
0179817a00000000
3c7a680000001980
3c8161000000540c
0282817a00000000
0181728200000000
3c8261000000580c
0272827a00000000
01828d7200000000
3c72610000005c0c
028d727a00000000
01728a8d00000000
3c8d61000000600c
028a8d7a00000000
018d798a00000000
3c8a680000001a00
3c79610000005410
027a798a00000000
0179817a00000000
3c7a610000005810
02817a8a00000000
017a828100000000
3c81610000005c10
0282818a00000000
0181728200000000
3c82610000006010
0272828a00000000
01828d7200000000
3c72680000001a80
3c8d610000005414
028a8d7200000000
018d798a00000000
3c8a610000005814
02798a7200000000
018a7a7900000000
3c79610000005c14
027a797200000000
0179817a00000000
3c7a610000006014
02817a7200000000
017a828100000000
3c81680000001b00
3c82610000005418
0272828100000000
01828d7200000000
3c72610000005818
028d728100000000
01728a8d00000000
3c8d610000005c18
028a8d8100000000
018d798a00000000
3c8a610000006018
02798a8100000000
018a7a7900000000
3c79680000001b80
3c7a61000000541c
02817a7900000000
017a828100000000
3c8161000000581c
0282817900000000
0181728200000000
3c82610000005c1c
0272827900000000
01828d7200000000
3c7261000000601c
028d727900000000
01728a8d00000000
3c8d680000001c00
3c8a610000005420
02798a8d00000000
3c8a610000005820
02898a8d00000000
3c8a610000005c20
02578a8d00000000
3c8a610000006020
02808a8d00000000
3c8a680000001c80
3c8d610000005424
02788d8a00000000
018d797800000000
3c78610000005824
0279788a00000000
0178897900000000
3c79610000005c24
0289798a00000000
0179578900000000
3c89610000006024
0257898a00000000
0189805700000000
3c57680000001d00
3c80610000005428
028a805700000000
01808d8a00000000
3c8a610000005828
028d8a5700000000
018a788d00000000
3c8d610000005c28
02788d5700000000
018d797800000000
3c78610000006028
0279785700000000
0178897900000000
3c79680000001d80
3c8961000000542c
0257897900000000
0189805700000000
3c5761000000582c
0280577900000000
01578a8000000000
3c80610000005c2c
028a807900000000
01808d8a00000000
3c8a61000000602c
028d8a7900000000
018a788d00000000
3c8d680000001e00
3c78610000005430
0279788d00000000
0178897900000000
3c79610000005830
0289798d00000000
0179578900000000
3c89610000005c30
0257898d00000000
0189805700000000
3c57610000006030
0280578d00000000
01578a8000000000
3c80680000001e80
3c8a610000005434
028d8a8000000000
018a788d00000000
3c8d610000005834
02788d8000000000
018d797800000000
3c78610000005c34
0279788000000000
0178897900000000
3c79610000006034
0289798000000000
0179578900000000
3c89680000001f00
3c57610000005438
0280578900000000
01578a8000000000
3c80610000005838
028a808900000000
01808d8a00000000
3c8a610000005c38
028d8a8900000000
018a788d00000000
3c8d610000006038
02788d8900000000
018d797800000000
3c78680000001f80
3c7961000000543c
0289797800000000
0179578900000000
3c8961000000583c
0257897800000000
0189805700000000
3c57610000005c3c
0280577800000000
01578a8000000000
3c8061000000603c
028a807800000000
01808d8a00000000
3c8a680000002000
3c8d610000005440
02788d8a00000000
3c8d610000005840
02888d8a00000000
3c8d610000005c40
02638d8a00000000
3c8d610000006040
027f8d8a00000000
3c8d680000002080
3c8a610000005444
02778a8d00000000
018a787700000000
3c77610000005844
0278778d00000000
0177887800000000
3c78610000005c44
0288788d00000000
0178638800000000
3c88610000006044
0263888d00000000
01887f6300000000
3c63680000002100
3c7f610000005448
028d7f6300000000
017f8a8d00000000
3c8d610000005848
028a8d6300000000
018d778a00000000
3c8a610000005c48
02778a6300000000
018a787700000000
3c77610000006048
0278776300000000
0177887800000000
3c78680000002180
3c8861000000544c
0263887800000000
01887f6300000000
3c6361000000584c
027f637800000000
01638d7f00000000
3c7f610000005c4c
028d7f7800000000
017f8a8d00000000
3c8d61000000604c
028a8d7800000000
018d778a00000000
3c8a680000002200
3c77610000005450
0278778a00000000
0177887800000000
3c78610000005850
0288788a00000000
0178638800000000
3c88610000005c50
0263888a00000000
01887f6300000000
3c63610000006050
027f638a00000000
01638d7f00000000
3c7f680000002280
3c8d610000005454
028a8d7f00000000
018d778a00000000
3c8a610000005854
02778a7f00000000
018a787700000000
3c77610000005c54
0278777f00000000
0177887800000000
3c78610000006054
0288787f00000000
0178638800000000
3c88680000002300
3c63610000005458
027f638800000000
01638d7f00000000
3c7f610000005858
028d7f8800000000
017f8a8d00000000
3c8d610000005c58
028a8d8800000000
018d778a00000000
3c8a610000006058
02778a8800000000
018a787700000000
3c77680000002380
3c7861000000545c
0288787700000000
0178638800000000
3c8861000000585c
0263887700000000
01887f6300000000
3c63610000005c5c
027f637700000000
01638d7f00000000
3c7f61000000605c
028d7f7700000000
017f8a8d00000000
3c8d680000002400
3c8a610000005460
02778a8d00000000
3c8a610000005860
02878a8d00000000
3c8a610000005c60
024d8a8d00000000
3c8a610000006060
027d8a8d00000000
3c8a680000002480
3c8d610000005464
02758d8a00000000
018d777500000000
3c75610000005864
0277758a00000000
0175877700000000
3c77610000005c64
0287778a00000000
01774d8700000000
3c87610000006064
024d878a00000000
01877d4d00000000
3c4d680000002500
3c7d610000005468
028a7d4d00000000
017d8d8a00000000
3c8a610000005868
028d8a4d00000000
018a758d00000000
3c8d610000005c68
02758d4d00000000
018d777500000000
3c75610000006068
0277754d00000000
0175877700000000
3c77680000002580
3c8761000000546c
024d877700000000
01877d4d00000000
3c4d61000000586c
027d4d7700000000
014d8a7d00000000
3c7d610000005c6c
028a7d7700000000
017d8d8a00000000
3c8a61000000606c
028d8a7700000000
018a758d00000000
3c8d680000002600
3c75610000005470
0277758d00000000
0175877700000000
3c77610000005870
0287778d00000000
01774d8700000000
3c87610000005c70
024d878d00000000
01877d4d00000000
3c4d610000006070
027d4d8d00000000
014d8a7d00000000
3c7d680000002680
3c8a610000005474
028d8a7d00000000
018a758d00000000
3c8d610000005874
02758d7d00000000
018d777500000000
3c75610000005c74
0277757d00000000
0175877700000000
3c77610000006074
0287777d00000000
01774d8700000000
3c87680000002700
3c4d610000005478
027d4d8700000000
014d8a7d00000000
3c7d610000005878
028a7d8700000000
017d8d8a00000000
3c8a610000005c78
028d8a8700000000
018a758d00000000
3c8d610000006078
02758d8700000000
018d777500000000
3c75680000002780
3c7761000000547c
0287777500000000
01774d8700000000
3c8761000000587c
024d877500000000
01877d4d00000000
3c4d610000005c7c
027d4d7500000000
014d8a7d00000000
3c7d61000000607c
028a7d7500000000
017d8d8a00000000
3c8a680000002800
3c8d610000005480
02758d8a00000000
3c8d610000005880
02858d8a00000000
3c8d610000005c80
026a8d8a00000000
3c8d610000006080
02868d8a00000000
3c8d680000002880
3c8a610000005484
027e8a8d00000000
018a757e00000000
3c7e610000005884
02757e8d00000000
017e857500000000
3c75610000005c84
0285758d00000000
01756a8500000000
3c85610000006084
026a858d00000000
0185866a00000000
3c6a680000002900
3c86610000005488
028d866a00000000
01868a8d00000000
3c8d610000005888
028a8d6a00000000
018d7e8a00000000
3c8a610000005c88
027e8a6a00000000
018a757e00000000
3c7e610000006088
02757e6a00000000
017e857500000000
3c75680000002980
3c8561000000548c
026a857500000000
0185866a00000000
3c6a61000000588c
02866a7500000000
016a8d8600000000
3c86610000005c8c
028d867500000000
01868a8d00000000
3c8d61000000608c
028a8d7500000000
018d7e8a00000000
3c8a680000002a00
3c7e610000005490
02757e8a00000000
017e857500000000
3c75610000005890
0285758a00000000
01756a8500000000
3c85610000005c90
026a858a00000000
0185866a00000000
3c6a610000006090
02866a8a00000000
016a8d8600000000
3c86680000002a80
3c8d610000005494
028a8d8600000000
018d7e8a00000000
3c8a610000005894
027e8a8600000000
018a757e00000000
3c7e610000005c94
02757e8600000000
017e857500000000
3c75610000006094
0285758600000000
01756a8500000000
3c85680000002b00
3c6a610000005498
02866a8500000000
016a8d8600000000
3c86610000005898
028d868500000000
01868a8d00000000
3c8d610000005c98
028a8d8500000000
018d7e8a00000000
3c8a610000006098
027e8a8500000000
018a757e00000000
3c7e680000002b80
3c7561000000549c
0285757e00000000
01756a8500000000
3c8561000000589c
026a857e00000000
0185866a00000000
3c6a610000005c9c
02866a7e00000000
016a8d8600000000
3c8661000000609c
028d867e00000000
01868a8d00000000
3c8d680000002c00
3c8a6100000054a0
027e8a8d00000000
3c8a6100000058a0
028e8a8d00000000
3c8a610000005ca0
02768a8d00000000
3c8a6100000060a0
027b8a8d00000000
3c8a680000002c80
3c8d6100000054a4
02738d8a00000000
018d7e7300000000
3c736100000058a4
027e738a00000000
01738e7e00000000
3c7e610000005ca4
028e7e8a00000000
017e768e00000000
3c8e6100000060a4
02768e8a00000000
018e7b7600000000
3c76680000002d00
3c7b6100000054a8
028a7b7600000000
017b8d8a00000000
3c8a6100000058a8
028d8a7600000000
018a738d00000000
3c8d610000005ca8
02738d7600000000
018d7e7300000000
3c736100000060a8
027e737600000000
01738e7e00000000
3c7e680000002d80
3c8e6100000054ac
02768e7e00000000
018e7b7600000000
3c766100000058ac
027b767e00000000
01768a7b00000000
3c7b610000005cac
028a7b7e00000000
017b8d8a00000000
3c8a6100000060ac
028d8a7e00000000
018a738d00000000
3c8d680000002e00
3c736100000054b0
027e738d00000000
01738e7e00000000
3c7e6100000058b0
028e7e8d00000000
017e768e00000000
3c8e610000005cb0
02768e8d00000000
018e7b7600000000
3c766100000060b0
027b768d00000000
01768a7b00000000
3c7b680000002e80
3c8a6100000054b4
028d8a7b00000000
018a738d00000000
3c8d6100000058b4
02738d7b00000000
018d7e7300000000
3c73610000005cb4
027e737b00000000
01738e7e00000000
3c7e6100000060b4
028e7e7b00000000
017e768e00000000
3c8e680000002f00
3c766100000054b8
027b768e00000000
01768a7b00000000
3c7b6100000058b8
028a7b8e00000000
017b8d8a00000000
3c8a610000005cb8
028d8a8e00000000
018a738d00000000
3c8d6100000060b8
02738d8e00000000
018d7e7300000000
3c73680000002f80
3c7e6100000054bc
028e7e7300000000
017e768e00000000
3c8e6100000058bc
02768e7300000000
018e7b7600000000
3c76610000005cbc
027b767300000000
01768a7b00000000
3c7b6100000060bc
028a7b7300000000
017b8d8a00000000
3c8a680000003000
3c8d6100000054c0
02738d8a00000000
3c8d6100000058c0
02848d8a00000000
3c8d610000005cc0
02678d8a00000000
3c8d6100000060c0
028b8d8a00000000
3c8d680000003080
3c8a6100000054c4
026b8a8d00000000
018a736b00000000
3c6b6100000058c4
02736b8d00000000
016b847300000000
3c73610000005cc4
0284738d00000000
0173678400000000
3c846100000060c4
0267848d00000000
01848b6700000000
3c67680000003100
3c8b6100000054c8
028d8b6700000000
018b8a8d00000000
3c8d6100000058c8
028a8d6700000000
018d6b8a00000000
3c8a610000005cc8
026b8a6700000000
018a736b00000000
3c6b6100000060c8
02736b6700000000
016b847300000000
3c73680000003180
3c846100000054cc
0267847300000000
01848b6700000000
3c676100000058cc
028b677300000000
01678d8b00000000
3c8b610000005ccc
028d8b7300000000
018b8a8d00000000
3c8d6100000060cc
028a8d7300000000
018d6b8a00000000
3c8a680000003200
3c6b6100000054d0
02736b8a00000000
016b847300000000
3c736100000058d0
0284738a00000000
0173678400000000
3c84610000005cd0
0267848a00000000
01848b6700000000
3c676100000060d0
028b678a00000000
01678d8b00000000
3c8b680000003280
3c8d6100000054d4
028a8d8b00000000
018d6b8a00000000
3c8a6100000058d4
026b8a8b00000000
018a736b00000000
3c6b610000005cd4
02736b8b00000000
016b847300000000
3c736100000060d4
0284738b00000000
0173678400000000
3c84680000003300
3c676100000054d8
028b678400000000
01678d8b00000000
3c8b6100000058d8
028d8b8400000000
018b8a8d00000000
3c8d610000005cd8
028a8d8400000000
018d6b8a00000000
3c8a6100000060d8
026b8a8400000000
018a736b00000000
3c6b680000003380
3c736100000054dc
0284736b00000000
0173678400000000
3c846100000058dc
0267846b00000000
01848b6700000000
3c67610000005cdc
028b676b00000000
01678d8b00000000
3c8b6100000060dc
028d8b6b00000000
018b8a8d00000000
3c8d680000003400
3c8a6100000054e0
026b8a8d00000000
3c8a6100000058e0
026e8a8d00000000
3c8a610000005ce0
02838a8d00000000
3c8a6100000060e0
027c8a8d00000000
3c8a680000003480
3c8d6100000054e4
028f8d8a00000000
018d6b8f00000000
3c8f6100000058e4
026b8f8a00000000
018f6e6b00000000
3c6b610000005ce4
026e6b8a00000000
016b836e00000000
3c6e6100000060e4
02836e8a00000000
016e7c8300000000
3c83680000003500
3c7c6100000054e8
028a7c8300000000
017c8d8a00000000
3c8a6100000058e8
028d8a8300000000
018a8f8d00000000
3c8d610000005ce8
028f8d8300000000
018d6b8f00000000
3c8f6100000060e8
026b8f8300000000
018f6e6b00000000
3c6b680000003580
3c6e6100000054ec
02836e6b00000000
016e7c8300000000
3c836100000058ec
027c836b00000000
01838a7c00000000
3c7c610000005cec
028a7c6b00000000
017c8d8a00000000
3c8a6100000060ec
028d8a6b00000000
018a8f8d00000000
3c8d680000003600
3c8f6100000054f0
026b8f8d00000000
018f6e6b00000000
3c6b6100000058f0
026e6b8d00000000
016b836e00000000
3c6e610000005cf0
02836e8d00000000
016e7c8300000000
3c836100000060f0
027c838d00000000
01838a7c00000000
3c7c680000003680
3c8a6100000054f4
028d8a7c00000000
018a8f8d00000000
3c8d6100000058f4
028f8d7c00000000
018d6b8f00000000
3c8f610000005cf4
026b8f7c00000000
018f6e6b00000000
3c6b6100000060f4
026e6b7c00000000
016b836e00000000
3c6e680000003700
3c836100000054f8
027c836e00000000
01838a7c00000000
3c7c6100000058f8
028a7c6e00000000
017c8d8a00000000
3c8a610000005cf8
028d8a6e00000000
018a8f8d00000000
3c8d6100000060f8
028f8d6e00000000
018d6b8f00000000
3c8f680000003780
3c686100000054fc
026b688f00000000
0168836b00000000
3c6b6100000058fc
02836b8f00000000
016b7c8300000000
3c83610000005cfc
027c838f00000000
01838a7c00000000
3c7c6100000060fc
02617c8f00000000
017c8d6100000000
01617a7900000000
0179787700000000
0177757e00000000
017e736800000000
0168617900000000
0179777e00000000
017e687900000000
2379746f00000000
10687e7900000000
0e79680000000000
2368606200000000
237e605b00000000
3877047f0713e200
03617e7700000000
027e796800000000
2368794100000000
0273686100000000
01687e7300000000
0e73680000000000
0368737900000000
0473666800000000
0368797300000000
0173818900000000
0189888700000000
0187858e00000000
018e846b00000000
016b738900000000
0189878e00000000
018e6b8900000000
2389747100000000
106b8e8900000000
0e896b0000000000
236b606200000000
238e605b00000000
03878e7700000000
028e896b00000000
236b894100000000
02736b8700000000
016b8e7300000000
0e736b0000000000
036b738900000000
0473666b00000000
036b897300000000
0173825700000000
0157634d00000000
014d6a7600000000
0176678300000000
0183735700000000
01574d7600000000
0176835700000000
2357747000000000
1083765700000000
0e57830000000000
2383606200000000
2376605b00000000
034d767700000000
0276578300000000
2383574100000000
0273834d00000000
0183767300000000
0e73830000000000
0383735700000000
0473668300000000
0383577300000000
0173728000000000
01807f7d00000000
017d867b00000000
017b8b7c00000000
017c738000000000
01807d7b00000000
017b7c8000000000
2380746900000000
10747b8000000000
0e80740000000000
2374606200000000
2362605b00000000
035b627700000000
0262807400000000
2374804100000000
0277745b00000000
0174627700000000
0e77740000000000
0374778000000000
0477667400000000
0374807700000000
0e77680000000000
3b77047f00000100
0e776b0000000000
3b77047f00000300
3c776c0000000100
4000770000000000
3c776c0000000104
4000770000000001
3c776c0000000108
4000770000000002
3c776c000000010c
4000770000000003
3c776c0000000110
4000770000000004
3c776c0000000114
4000770000000005
3c776c0000000118
4000770000000006
3c776c000000011c
4000770000000007
3c776c0000000300
4000770000000008
3c776c0000000304
4000770000000009
3c776c0000000308
400077000000000a
3c776c000000030c
400077000000000b
3c776c0000000310
400077000000000c
3c776c0000000314
400077000000000d
3c776c0000000318
400077000000000e
3c776c000000031c
400077000000000f
2b06010000000015
2807000000000800
4106070200080020
4200000000000000
0e77830000000000
3b77047f00000100
0e77740000000000
3b77047f00000300
3c776c0000000100
4000770000000000
3c776c0000000104
4000770000000001
3c776c0000000108
4000770000000002
3c776c000000010c
4000770000000003
3c776c0000000110
4000770000000004
3c776c0000000114
4000770000000005
3c776c0000000118
4000770000000006
3c776c000000011c
4000770000000007
3c776c0000000300
4000770000000008
3c776c0000000304
4000770000000009
3c776c0000000308
400077000000000a
3c776c000000030c
400077000000000b
3c776c0000000310
400077000000000c
3c776c0000000314
400077000000000d
3c776c0000000318
400077000000000e
3c776c000000031c
400077000000000f
2b06010000000015
2906060000004000
2807000000000880
4106070200080020
4200000000000000
3a77043f00000800
0e74770000000000
3974043f00001f80
3400000000000000
3300000000000000
3874047f00001d80
0477745400000000
4874770000000080
3974047f00001d80
3874047f00001f80
3877047f07128a00
0483747700000000
4877830000000080
3977047f00001f80
3400000000000000
3300000000000000
3877047f00001d80
3883047f00001f80
0474775800000000
236b744100000000
1368746b00000000
236b684200000000
1374686b00000000
236b744300000000
1368746b00000000
236b685900000000
1374686b00000000
236b745500000000
1368746b00000000
136b685a00000000
02686b5c00000000
066b682e00000000
0474685e00000000
0a68740200000000
08746b6800000000
0968745d00000000
09745d6800000000
076b742e00000000
0274776b00000000
176b740000000000
0474835800000000
2377744100000000
1380747700000000
2377804200000000
1374807700000000
2377744300000000
1380747700000000
2377805900000000
1374807700000000
2377745500000000
1380747700000000
1377805a00000000
0280775c00000000
0677802e00000000
0474805e00000000
0a80740200000000
0874778000000000
0980745d00000000
09745d8000000000
0777742e00000000
0274837700000000
1777740000000000
43006b0200000000
4500680000000000
23746b5f00000000
2383685f00000000
4300740200000001
4500830000000001
23836b6400000000
2374686400000000
4300830200000002
4500740000000002
23746b6500000000
236b686500000000
4300740200000003
45006b0000000003
4300770200000004
4500800000000004
236b775f00000000
2374805f00000000
43006b0200000005
4500740000000005
2374776400000000
236b806400000000
4300740200000006
45006b0000000006
236b776500000000
2377806500000000
43006b0200000007
4500770000000007
2b06010000000016
2807000000000800
4406070100080028
4200000000000000
3a77042700000800
0e6b770000000000
396b0427000022c0
3400000000000000
3300000000000000
386b047f00002180
3877047f0713fa00
04806b7700000000
486b800000000080
396b047f00002180
386b041f00002380
04806b1200000000
486b800000000020
396b041f00002380
3400000000000000
3300000000000000
386b047f00002180
3880041f00002380
2374280200000000
0268740a00000000
2074000000000004
2383287400000000
0266831800000000
0183686600000000
2066000000000008
2368286600000000
0262680900000000
0168836200000000
206200000000000c
2383286200000000
025b830b00000000
0183685b00000000
235b387400000000
02685b6b00000000
015b688300000000
0e685b0000000000
235b282500000000
02835b0a00000000
205b000000000005
2360285b00000000
027b601800000000
0160837b00000000
207b000000000009
2383287b00000000
027c830900000000
0183607c00000000
207c00000000000d
2360287c00000000
027d600b00000000
0160837d00000000
237d385b00000000
02837d6b00000000
017d836000000000
0e837d0000000000
237d284a00000000
02607d0a00000000
207d000000000006
2373287d00000000
028b731800000000
0173608b00000000
208b00000000000a
2360288b00000000
0286600900000000
0160738600000000
208600000000000e
2373288600000000
027f730b00000000
0173607f00000000
237f387d00000000
02607f6b00000000
017f607300000000
0e607f0000000000
237f284c00000000
02737f0a00000000
207f000000000007
230a287f00000000
02720a1800000000
010a737200000000
207200000000000b
2373287200000000
0218730900000000
01730a1800000000
201800000000000f
230a281800000000
02090a0b00000000
010a730900000000
2309387f00000000
0273096b00000000
0109730a00000000
0e73090000000000
2309174600000000
230a286f00000000
026b0a0900000000
230a174800000000
2309287100000000
020b090a00000000
01096b0b00000000
230b174500000000
236b287000000000
020a6b0b00000000
016b090a00000000
230a174900000000
2317286900000000
0228170a00000000
01176b2800000000
2328387100000000
2338804600000000
0280283800000000
0138801700000000
0e80380000000000
3b68047f00001800
3b83047f00001a80
3b60047f00001d00
3b73047f00001f80
3d80077f00000000
3c07060000001800
3c06220000001804
3c22040000001808
3c0413000000180c
3c131c0000001810
3c1c0f0000001814
3c0f160000001818
3c161f000000181c
2b06010000000017
381f064f00000000
02381f0700000000
381f064f00000140
02171f0600000000
011f381700000000
3817064f00000280
0238172200000000
01171f3800000000
3838064f000003c0
021f380400000000
0138171f00000000
381f064f00000500
02171f1300000000
011f381700000000
3817064f00000640
0238171c00000000
01171f3800000000
3838064f00000780
021f380f00000000
0138171f00000000
381f064f000008c0
02171f1600000000
011f381700000000
3b1f047f00002200
381f064f00000a00
02171f0700000000
381f064f00000b40
02381f0600000000
011f173800000000
3838064f00000c80
0217382200000000
01381f1700000000
3817064f00000dc0
021f170400000000
0117381f00000000
381f064f00000f00
02381f1300000000
011f173800000000
3838064f00001040
0217381c00000000
01381f1700000000
3817064f00001180
021f170f00000000
0117381f00000000
381f064f000012c0
02381f1600000000
011f173800000000
3b1f047f00002400
381f064f00001400
02381f0700000000
381f064f00001540
02171f0600000000
011f381700000000
3817064f00001680
0238172200000000
01171f3800000000
3838064f000017c0
021f380400000000
0138171f00000000
381f064f00001900
02171f1300000000
011f381700000000
3817064f00001a40
0238171c00000000
01171f3800000000
3838064f00001b80
021f380f00000000
0138171f00000000
381f064f00001cc0
02171f1600000000
011f381700000000
3b1f047f00002600
381f064f00001e00
02171f0700000000
381f064f00001f40
02381f0600000000
011f173800000000
3838064f00002080
0217382200000000
01381f1700000000
3817064f000021c0
021f170400000000
0117381f00000000
381f064f00002300
02381f1300000000
011f173800000000
3838064f00002440
0217381c00000000
01381f1700000000
3817064f00002580
021f170f00000000
0117381f00000000
381f064f000026c0
02381f1600000000
011f173800000000
3b1f047f00002800
381f064f00002800
02381f0700000000
381f064f00002940
02171f0600000000
011f381700000000
3817064f00002a80
0238172200000000
01171f3800000000
3838064f00002bc0
021f380400000000
0138171f00000000
381f064f00002d00
02171f1300000000
011f381700000000
3817064f00002e40
0238171c00000000
01171f3800000000
3838064f00002f80
021f380f00000000
0138171f00000000
381f064f000030c0
02171f1600000000
011f381700000000
3b1f047f00002a00
381f064f00003200
02171f0700000000
381f064f00003340
02071f0600000000
011f170700000000
3807064f00003480
0217072200000000
01071f1700000000
3817064f000035c0
021f170400000000
0117071f00000000
381f064f00003700
02071f1300000000
011f170700000000
3807064f00003840
0217071c00000000
01071f1700000000
3817064f00003980
021f170f00000000
0117071f00000000
381f064f00003ac0
02071f1600000000
011f170700000000
3b1f047f00002c00
3c1f0c0000002200
3c070c0000002204
01171f0700000000
3b17047f00003000
3c170c0000002600
3c070c0000002604
011f170700000000
3b1f047f00003200
3c1f0c0000002a00
3c070c0000002a04
01171f0700000000
3b17047f00003400
3c170c0000003000
3c070c0000003004
010c170700000000
3b0c047f00002200
3c0c110000003400
3c11230000003404
01230c1100000000
3b23043f00002400
3c230d0000002200
3c0d200000002204
0120230d00000000
3b20045f00003000
3c201a0000003000
231a200e00000000
010d201a00000000
231a0d0300000000
01200d1a00000000
231a201d00000000
010d201a00000000
231a0d0500000000
01200d1a00000000
231a200800000000
391a040500001d34
3400000000000000
3300000000000000
381a040c00001d34
48201a010000000d
3920041900001d00
3400000000000000
3300000000000000
3820041900001d00
231a201400000000
10141a1900000000
011a141000000000
02141a1b00000000
06191a2500000000
091a241900000000
02191a1a00000000
0208141900000000
0119260800000000
02081a1900000000
0219080800000000
021a141900000000
0119261a00000000
021a081900000000
02191a1a00000000
0208141900000000
0119260800000000
02081a1900000000
0219200800000000
2b06010000000018
3808061700000000
2b06010000000018
3820061700000200
021a190800000000
01081a2000000000
031a082100000000
14201a1e00000000
131a202700000000
02201a2900000000
0119202c00000000
0120192b00000000
0219202d00000000
01141a1900000000
0219202f00000000
011a141900000000
02192a1a00000000
0114193200000000
0219141a00000000
0114193300000000
0219141a00000000
0114193400000000
0219141a00000000
0114193500000000
0219141a00000000
0114191500000000
0219141a00000000
0114191500000000
0d19200000000000
0720192e00000000
0819142000000000
0120191500000000
1019152000000000
0120193100000000
0214193700000000
2319080500000000
0308191500000000
0419300800000000
0308151900000000
2319084100000000
1330081900000000
2319304200000000
131a301900000000
03191a2100000000
011a081900000000
14191a1e00000000
131a192700000000
02191a2900000000
0108192c00000000
0119082b00000000
0208192d00000000
01301a0800000000
0208192f00000000
011a300800000000
02082a1a00000000
0130083200000000
0208301a00000000
0130083300000000
0208301a00000000
0130083400000000
0208301a00000000
0130083500000000
0208301a00000000
0130081500000000
0208301a00000000
0130081500000000
0d08190000000000
0719082e00000000
0808301900000000
2319083900000000
2330083a00000000
011a193000000000
2330083b00000000
01191a3000000000
2330083c00000000
011a193000000000
1030081a00000000
011a303100000000
23301a3d00000000
23081a3e00000000
0119300800000000
23081a3f00000000
0130190800000000
23081a4000000000
0119300800000000
0108193100000000
10191a0800000000
0508191900000000
280e000000000013
2319083900000000
231a083a00000000
0130191a00000000
231a083b00000000
0119301a00000000
231a083c00000000
0130191a00000000
011a303100000000
1030081a00000000
231a303d00000000
2319303e00000000
010d1a1900000000
2319303f00000000
011a0d1900000000
2319304000000000
010d1a1900000000
01190d3100000000
1008301900000000
290e0e00ffffffff
31000e000000143f
2340360200000000
023f406800000000
233e804600000000
023d403e00000000
233e362500000000
02403e8300000000
233c804800000000
023b3e3c00000000
013c3f4000000000
01403d3b00000000
233b364a00000000
023d3b6000000000
233f804500000000
023e3b3f00000000
013f3c3d00000000
013d403e00000000
233e364c00000000
02363e7300000000
2340804900000000
023c3e4000000000
01403f3600000000
01363d3c00000000
0e3c400000000000
0e40360000000000
0436401200000000
02403c3c00000000
3b40047f00003800
0240363600000000
3b40041f00003a00
3c40470000003800
3c47440000003804
0144404700000000
3c474e0000003808
014e444700000000
3c474b000000380c
014b4e4700000000
3c474f0000003810
014f4b4700000000
3c47500000003814
01504f4700000000
3c47510000003818
0151504700000000
3c4752000000381c
0152514700000000
2347520e00000000
010e524700000000
23470e0300000000
01030e4700000000
2347031d00000000
011d034700000000
23471d0500000000
01051d4700000000
2347055300000000
011d054700000000
23471d5400000000
101d475600000000
01471d1000000000
021d471b00000000
061b472500000000
0947241b00000000
021b474700000000
02241d1b00000000
011b262400000000
0224471b00000000
021b242400000000
02471d1b00000000
011b264700000000
0247241b00000000
021b474700000000
02241d1b00000000
011b262400000000
0224471b00000000
231b240200000000
2b06010000000019
3824067f00000000
2b06010000000019
3847061f00000200
021d3c1b00000000
023c241d00000000
0e1d3c0000000000
023c361b00000000
021b473c00000000
0e3c1b0000000000
0e1b1d0000000000
3b1b047f00000100
0e1b3c0000000000
3b1b047f00000300
3c1b6c0000000100
40001b0000000000
3c1b6c0000000104
40001b0000000001
3c1b6c0000000108
40001b0000000002
3c1b6c000000010c
40001b0000000003
3c1b6c0000000110
40001b0000000004
3c1b6c0000000114
40001b0000000005
3c1b6c0000000118
40001b0000000006
3c1b6c000000011c
40001b0000000007
3c1b6c0000000300
40001b0000000008
3c1b6c0000000304
40001b0000000009
3c1b6c0000000308
40001b000000000a
3c1b6c000000030c
40001b000000000b
3c1b6c0000000310
40001b000000000c
3c1b6c0000000314
40001b000000000d
3c1b6c0000000318
40001b000000000e
3c1b6c000000031c
40001b000000000f
2b0601000000001a
2807000000000800
410607020008000c
4200000000000000
3a1b040b00000800
046c1b5800000000
03476c2100000000
146c471e00000000
13476c2700000000
026c472900000000
01366c2c00000000
016c362b00000000
02366c2d00000000
0124473600000000
02366c2f00000000
0147243600000000
02362a4700000000
0124363200000000
0236244700000000
0124363300000000
0236244700000000
0124363400000000
0236244700000000
0124363500000000
0236244700000000
0124361500000000
0236244700000000
0124361500000000
0d366c0000000000
076c362e00000000
0836246c00000000
016c363700000000
1024366c00000000
026c242400000000
203600003d70f0f1
0247366c00000000
203600003d888889
0156473600000000
0236566c00000000
205600003d9d89d9
0147365600000000
0256476c00000000
204700003dba2e8c
0136564700000000
0247366c00000000
203600003de38e39
0156473600000000
0236566c00000000
205600003e124925
0147365600000000
0256476c00000000
204700003e4ccccd
0136564700000000
0247366c00000000
203600003eaaaaab
0156473600000000
0236566c00000000
0156361500000000
0236245600000000
0256363700000000
13361b0200000000
011b365600000000
11361b0000000000
2b0601000000001b
381b060b00000000
0156361b00000000
381b047f0713e600
0337568c00000000
04561b3700000000
03378c5600000000
2356370200000000
0c8c563700000000
0c1b375600000000
05568c1b00000000
031b562500000000
3856047f07137000
04241b5600000000
05568c2400000000
0824025600000000
2356372500000000
0c8c563700000000
0c1b375600000000
05568c1b00000000
031b562500000000
3856047f07137200
046c1b5600000000
05568c6c00000000
086c245600000000
2356374a00000000
0c24563700000000
0c8c375600000000
0556248c00000000
038c562500000000
3856047f07137400
041b8c5600000000
0556241b00000000
081b6c5600000000
2356374c00000000
0c6c563700000000
0c24375600000000
05566c2400000000
0324562500000000
3856047f07137600
048c245600000000
05566c8c00000000
088c1b5600000000
2356377400000000
0c1b563700000000
0c6c375600000000
05561b6c00000000
036c562500000000
3856047f07137800
04246c5600000000
05561b2400000000
08248c5600000000
2356375b00000000
0c8c563700000000
0c1b375600000000
05568c1b00000000
031b562500000000
3856047f07137a00
046c1b5600000000
05568c6c00000000
086c245600000000
2356377d00000000
0c24563700000000
0c8c375600000000
0556248c00000000
038c562500000000
3856047f07137c00
041b8c5600000000
0556241b00000000
081b6c5600000000
2356377f00000000
0c6c563700000000
0c24375600000000
05566c2400000000
0324562500000000
3856047f07137e00
048c245600000000
05566c8c00000000
088c1b5600000000
2356376600000000
0c1b563700000000
0c6c375600000000
05561b6c00000000
036c562500000000
3856047f07138000
04246c5600000000
05561b2400000000
08248c5600000000
2356377b00000000
0c8c563700000000
0c1b375600000000
05568c1b00000000
031b562500000000
3856047f07138200
046c1b5600000000
05568c6c00000000
086c245600000000
2356378b00000000
0c24563700000000
0c8c375600000000
0556248c00000000
038c562500000000
3856047f07138400
041b8c5600000000
0556241b00000000
081b6c5600000000
2356377200000000
0c6c563700000000
0c24375600000000
05566c2400000000
0324562500000000
3856047f07138600
0437245600000000
05566c3700000000
08371b5600000000
0b56377d00000000
3837047f0713e800
041b563700000000
0937021b00000000
3856047f0713b200
236c1b5600000000
3856047f0713b400
04246c5600000000
08561b2400000000
3824047f0713b600
236c562400000000
3824047f0713b800
048c6c2400000000
0824568c00000000
388c047f0713ba00
2356248c00000000
388c047f0713bc00
046c568c00000000
088c246c00000000
386c047f0713be00
23248c6c00000000
386c047f0713c000
0456246c00000000
086c8c5600000000
09566c1b00000000
046c363700000000
231b6c0200000000
238c6c2500000000
01241b8c00000000
238c6c4a00000000
011b248c00000000
238c6c4c00000000
01241b8c00000000
238c6c7400000000
011b248c00000000
238c6c5b00000000
01241b8c00000000
238c6c7d00000000
011b248c00000000
238c6c7f00000000
01241b8c00000000
238c6c6600000000
011b248c00000000
238c6c7b00000000
01241b8c00000000
238c6c8b00000000
011b248c00000000
238c6c7200000000
016c1b8c00000000
018c6c1000000000
106c368c00000000
028c6c2600000000
076c564a00000000
2056000000007c80
08266c5600000000
0356266d00000000
0426375600000000
03566d2600000000
2126000000000000
3d26560f00000000
3d8c560f00000040
3a56040500007c80
3a8c040500007cc0
04261d5800000000
236d264100000000
1337266d00000000
236d374200000000
1326376d00000000
236d264300000000
1337266d00000000
236d375900000000
1326376d00000000
236d265500000000
1337266d00000000
136d375a00000000
02376d5c00000000
066d372e00000000
0426375e00000000
0a37260200000000
08266d3700000000
0937265d00000000
09265d3700000000
076d262e00000000
02261d6d00000000
176d260000000000
04263c5800000000
231d264100000000
136c261d00000000
231d6c4200000000
13266c1d00000000
231d264300000000
136c261d00000000
231d6c5900000000
13266c1d00000000
231d265500000000
136c261d00000000
131d6c5a00000000
026c1d5c00000000
061d6c2e00000000
04266c5e00000000
0a6c260200000000
08261d6c00000000
096c265d00000000
09265d6c00000000
071d262e00000000
02263c1d00000000
171d260000000000
43006d0200000000
4500370000000000
23266d5f00000000
233c375f00000000
4300260200000001
45003c0000000001
233c6d6400000000
2326376400000000
43003c0200000002
4500260000000002
23266d6500000000
236d376500000000
4300260200000003
45006d0000000003
43001d0200000004
45006c0000000004
206c000041200000
201d0000c1200000
2b09560000000000
2a09090000010e00
2b0601000000001c
2c06060900000000
2807000000000800
4406070100051020
4200000000000000
3a6d041f00000800
0e266d0000000000
236d265300000000
13376d1d00000000
146d376c00000000
1437266c00000000
0326372100000000
1465261e00000000
1326652700000000
0265262900000000
013c652c00000000
01653c2b00000000
023c652d00000000
0164263c00000000
023c652f00000000
0126643c00000000
023c2a2600000000
01643c3200000000
023c642600000000
01643c3300000000
023c642600000000
01643c3400000000
023c642600000000
01643c3500000000
023c642600000000
01643c1500000000
023c642600000000
01643c1500000000
0d3c650000000000
07653c2e00000000
083c646500000000
01653c1500000000
103c376500000000
02653c6d00000000
233c8c0200000000
026d3c6500000000
396d040f00002480
2b09560000000001
2a09090000010e00
2b0601000000001c
2c06060900000000
2807000000000800
4406070100051020
4200000000000000
3a6d041f00000800
0e3c6d0000000000
236d3c5300000000
13656d1d00000000
146d656c00000000
14653c6c00000000
033c652100000000
14373c1e00000000
133c372700000000
02373c2900000000
0164372c00000000
0137642b00000000
0264372d00000000
01263c6400000000
0264372f00000000
013c266400000000
02642a3c00000000
0126643200000000
0264263c00000000
0126643300000000
0264263c00000000
0126643400000000
0264263c00000000
0126643500000000
0264263c00000000
0126641500000000
0264263c00000000
0126641500000000
0d64370000000000
0737642e00000000
0864263700000000
0137641500000000
1064653700000000
0237646d00000000
23648c2500000000
026d643700000000
396d040f00002580
2b09560000000002
2a09090000010e00
2b0601000000001c
2c06060900000000
2807000000000800
4406070100051020
4200000000000000
3a6d041f00000800
0e646d0000000000
236d645300000000
13376d1d00000000
146d376c00000000
1437646c00000000
0364372100000000
1465641e00000000
1364652700000000
0265642900000000
0126652c00000000
0165262b00000000
0226652d00000000
013c642600000000
0226652f00000000
01643c2600000000
02262a6400000000
013c263200000000
02263c6400000000
013c263300000000
02263c6400000000
013c263400000000
02263c6400000000
013c263500000000
02263c6400000000
013c261500000000
02263c6400000000
013c261500000000
0d26650000000000
0765262e00000000
08263c6500000000
0165261500000000
1026376500000000
0265266d00000000
23268c4a00000000
026d266500000000
396d040f00002680
2b09560000000003
2a09090000010e00
2b0601000000001c
2c06060900000000
2807000000000800
4406070100051020
4200000000000000
3a6d041f00000800
0e266d0000000000
236d265300000000
13656d1d00000000
146d656c00000000
1465266c00000000
0326652100000000
1437261e00000000
1326372700000000
0237262900000000
013c372c00000000
01373c2b00000000
023c372d00000000
0164263c00000000
023c372f00000000
0126643c00000000
023c2a2600000000
01643c3200000000
023c642600000000
01643c3300000000
023c642600000000
01643c3400000000
023c642600000000
01643c3500000000
023c642600000000
01643c1500000000
023c642600000000
01643c1500000000
0d3c370000000000
07373c2e00000000
083c643700000000
01373c1500000000
103c653700000000
02373c6d00000000
233c8c4c00000000
026d3c3700000000
396d040f00002780
2b09560000000004
2a09090000010e00
2b0601000000001c
2c06060900000000
2807000000000800
4406070100051020
4200000000000000
3a6d041f00000800
0e3c6d0000000000
236d3c5300000000
13376d1d00000000
146d376c00000000
14373c6c00000000
033c372100000000
14653c1e00000000
133c652700000000
02653c2900000000
0164652c00000000
0165642b00000000
0264652d00000000
01263c6400000000
0264652f00000000
013c266400000000
02642a3c00000000
0126643200000000
0264263c00000000
0126643300000000
0264263c00000000
0126643400000000
0264263c00000000
0126643500000000
0264263c00000000
0126641500000000
0264263c00000000
0126641500000000
0d64650000000000
0765642e00000000
0864266500000000
0165641500000000
1064376500000000
0265646d00000000
23648c7400000000
026d646500000000
396d040f00002880
2b09560000000005
2a09090000010e00
2b0601000000001c
2c06060900000000
2807000000000800
4406070100051020
4200000000000000
3a6d041f00000800
0e646d0000000000
236d645300000000
13656d1d00000000
146d656c00000000
1465646c00000000
0364652100000000
1437641e00000000
1364372700000000
0237642900000000
0126372c00000000
0137262b00000000
0226372d00000000
013c642600000000
0226372f00000000
01643c2600000000
02262a6400000000
013c263200000000
02263c6400000000
013c263300000000
02263c6400000000
013c263400000000
02263c6400000000
013c263500000000
02263c6400000000
013c261500000000
02263c6400000000
013c261500000000
0d26370000000000
0737262e00000000
08263c3700000000
0137261500000000
1026653700000000
0237266d00000000
23268c5b00000000
028c263700000000
398c040f00002980
2b0601000000001d
2807000000000800
4406070100050020
4200000000000000
3a8c041f00000800
0e268c0000000000
238c265300000000
13538c1d00000000
148c536c00000000
1453266c00000000
0326532100000000
1421261e00000000
1326212700000000
0221262900000000
0129212c00000000
0121292b00000000
0229212d00000000
012d262900000000
0229212f00000000
012f2d2900000000
02292a2f00000000
012a293200000000
02292a2f00000000
012a293300000000
02292a2f00000000
012a293400000000
02292a2f00000000
012a293500000000
02292a2f00000000
012a291500000000
02292a2f00000000
012a291500000000
0d29210000000000
0721292e00000000
08292a2100000000
0121291500000000
1029532100000000
0221298c00000000
3921040f00002a80
3400000000000000
3300000000000000
3821047f00002400
3829047f0713fc00
048c212900000000
48218c0000000080
3921047f00002400
3821047f00002600
048c212900000000
48218c0000000080
3921047f00002600
3821047f00002800
048c212900000000
48218c0000000080
3921047f00002800
3821043f00002a00
388c047f0713fe00
0429218c00000000
488c290000000040
398c043f00002a00
3400000000000000
3300000000000000
388c043f00002400
0e298c0000000000
048c295800000000
23218c4100000000
13538c2100000000
2321534200000000
138c532100000000
23218c4300000000
13538c2100000000
2321535900000000
138c532100000000
23218c5500000000
13538c2100000000
1321535a00000000
0253215c00000000
0621532e00000000
048c535e00000000
0a538c0200000000
088c215300000000
09538c5d00000000
098c5d5300000000
07218c2e00000000
028c292100000000
17218c0000000000
4300210200000000
4500530000000000
238c215f00000000
2321535f00000000
43008c0200000001
4500210000000001
2b09560000000000
2a09090000010e00
2b0601000000001c
2c06060900000000
290606000000b400
2807000000000800
4406070100021028
4200000000000000
3a21042700000800
0e8c210000000000
3821043f00002500
0e53210000000000
0421535800000000
2329214100000000
1315212900000000
2329154200000000
1321152900000000
2329214300000000
1315212900000000
2329155900000000
1321152900000000
2329215500000000
1315212900000000
1329155a00000000
0215295c00000000
0629152e00000000
0421155e00000000
0a15210200000000
0821291500000000
0915215d00000000
09215d1500000000
0729212e00000000
0221532900000000
1729210000000000
4300290200000000
4500150000000000
2321295f00000000
2329155f00000000
4300210200000001
4500290000000001
2b09560000000001
2a09090000010e00
2b0601000000001c
2c06060900000000
290606000000b400
2807000000000800
4406070100021028
4200000000000000
3a29042700000800
0e21290000000000
01298c2100000000
3821043f00002600
0e8c210000000000
04218c5800000000
2315214100000000
1353211500000000
2315534200000000
1321531500000000
2315214300000000
1353211500000000
2315535900000000
1321531500000000
2315215500000000
1353211500000000
1315535a00000000
0253155c00000000
0615532e00000000
0421535e00000000
0a53210200000000
0821155300000000
0953215d00000000
09215d5300000000
0715212e00000000
02218c1500000000
1715210000000000
4300150200000000
4500530000000000
2321155f00000000
2315535f00000000
4300210200000001
4500150000000001
2b09560000000002
2a09090000010e00
2b0601000000001c
2c06060900000000
290606000000b400
2807000000000800
4406070100021028
4200000000000000
3a15042700000800
0e21150000000000
0115292100000000
3821043f00002700
0e29210000000000
0421295800000000
2353214100000000
138c215300000000
23538c4200000000
13218c5300000000
2353214300000000
138c215300000000
23538c5900000000
13218c5300000000
2353215500000000
138c215300000000
13538c5a00000000
028c535c00000000
06538c2e00000000
04218c5e00000000
0a8c210200000000
0821538c00000000
098c215d00000000
09215d8c00000000
0753212e00000000
0221295300000000
1753210000000000
4300530200000000
45008c0000000000
2321535f00000000
23538c5f00000000
4300210200000001
4500530000000001
2b09560000000003
2a09090000010e00
2b0601000000001c
2c06060900000000
290606000000b400
2807000000000800
4406070100021028
4200000000000000
3a53042700000800
0e21530000000000
0153152100000000
3821043f00002800
0e15210000000000
0421155800000000
238c214100000000
1329218c00000000
238c294200000000
1321298c00000000
238c214300000000
1329218c00000000
238c295900000000
1321298c00000000
238c215500000000
1329218c00000000
138c295a00000000
02298c5c00000000
068c292e00000000
0421295e00000000
0a29210200000000
08218c2900000000
0929215d00000000
09215d2900000000
078c212e00000000
0221158c00000000
178c210000000000
43008c0200000000
4500290000000000
23218c5f00000000
238c295f00000000
4300210200000001
45008c0000000001
2b09560000000004
2a09090000010e00
2b0601000000001c
2c06060900000000
290606000000b400
2807000000000800
4406070100021028
4200000000000000
3a8c042700000800
0e218c0000000000
018c532100000000
3821043f00002900
0e53210000000000
0421535800000000
2329214100000000
1315212900000000
2329154200000000
1321152900000000
2329214300000000
1315212900000000
2329155900000000
1321152900000000
2329215500000000
1315212900000000
1329155a00000000
0215295c00000000
0629152e00000000
0421155e00000000
0a15210200000000
0821291500000000
0915215d00000000
09215d1500000000
0729212e00000000
0221532900000000
1729210000000000
4300290200000000
4500150000000000
2321295f00000000
2329155f00000000
4300210200000001
4500290000000001
2b09560000000005
2a09090000010e00
2b0601000000001c
2c06060900000000
290606000000b400
2807000000000800
4406070100021028
4200000000000000
3a56042700000800
0e29560000000000
01568c2900000000
3829043f00002a00
0e8c290000000000
04298c5800000000
2358294100000000
1341295800000000
2358414200000000
1342415800000000
2358424300000000
1343425800000000
2358435900000000
1359435800000000
2358595500000000
1355595800000000
1358555a00000000
0255585c00000000
0658552e00000000
045c555e00000000
0a555c0200000000
085c585500000000
09555c5d00000000
095c5d5500000000
075d5c2e00000000
025c8c5d00000000
175d5c0000000000
43005d0200000000
4500550000000000
235c5d5f00000000
235d555f00000000
43005c0200000001
45005d0000000001
2b0601000000001d
290606000000b400
2807000000000800
4406070100020028
4200000000000000
3a01042700000800
0e5d010000000000
0101565d00000000
0e5d010000000000
395d0427000022c0
3400000000000000
3300000000000000
385d047f00002180
04015d7700000000
485d010000000080
395d047f00002180
385d041f00002380
04015d1200000000
485d010000000020
395d041f00002380
3400000000000000
3300000000000000
385d047f00002180
3801041f00002380
2312080200000000
0202126800000000
2312087400000000
0277128300000000
0112027700000000
2377086600000000
0266776000000000
0177126600000000
2366086200000000
0262667300000000
0166776200000000
2362147400000000
0274625d00000000
0162746600000000
0e74620000000000
2362082500000000
0266626800000000
2362085b00000000
0277628300000000
0162667700000000
2377087b00000000
027b776000000000
0177627b00000000
237b087c00000000
027c7b7300000000
017b777c00000000
237c145b00000000
025b7c5d00000000
017c5b7b00000000
0e5b7c0000000000
237c084a00000000
024a7c6800000000
237c087d00000000
027b7c8300000000
017c4a7b00000000
237b088b00000000
028b7b6000000000
017b7c8b00000000
238b088600000000
02868b7300000000
018b7b8600000000
2386147d00000000
027d865d00000000
01867d8b00000000
0e7d860000000000
2386084c00000000
024c866800000000
2386087f00000000
0268868300000000
01864c6800000000
2368087200000000
0272686000000000
0168867200000000
2372081800000000
0218727300000000
0172681800000000
2318147f00000000
027f185d00000000
01187f7200000000
0e7f180000000000
2318804600000000
2372086f00000000
026f721800000000
2372804800000000
2348087100000000
0218487200000000
01486f1800000000
2318804500000000
2345087000000000
0270451800000000
0145487000000000
2370804900000000
2380086900000000
0208807000000000
0180450800000000
2308147100000000
2314014600000000
0201081400000000
0114018000000000
0e01140000000000
3974047f00001000
395b047f00001200
397d047f00001400
397f047f00001600
3901047f00001800
3920040300001a00
0820002500000000
3920040000001a80
3400000000000000
3200000000000000
0000000000000000
0000000000000000
0000000000000000
0000000000000000
0000000000000000
0000000000000000
0000000000000000
0000000000000000
0000000000000000
0000000000000000
0000000000000000
0000000000000000
0000000000000000
0000000000000000
0000000000000000
0000000000000000
0000000000000000
0000000000000000
0000000000000000
0000000000000000
0000000000000000
0000000000000000
0000000000000000
0000000000000000
0000000000000000
0000000000000000
0000000000000000
0000000000000000
0000000000000000
0000000000000000
0000000000000000
0000000000000000
0000000000000000
0000000000000000
0000000000000000
0000000000000000
0000000000000000
0000000000000000
0000000000000000
0000000000000000
0000000000000000
0000000000000000
0000000000000000
0000000000000000
0000000000000000
0000000000000000
0000000000000000
0000000000000000
0000000000000000
0000000000000000
0000000000000000
0000000000000000
0000000000000000
0000000000000000
0000000000000000
0000000000000000
2804000000000000
3800047f00001000
3801047f00001200
3802047f00001400
3803047f00001600
3804047f00001800
3805040300001a00
2006000000000000
2307050600000000
0208070000000000
3800047f07128000
2309040000000000
0200070900000000
2009000000000001
2307050900000000
020a070100000000
3801047f07128200
230b040100000000
0201070b00000000
010b080a00000000
010a000100000000
2001000000000002
2300050100000000
0208000200000000
3802047f07128400
2307040200000000
0202000700000000
01070b0800000000
01080a0200000000
2002000000000003
230a050200000000
02020a0300000000
3803047f07128600
2305040300000000
02030a0500000000
0105070200000000
0102080300000000
0e03050000000000
0e05020000000000
3802047f07133a00
0408050200000000
0202030300000000
3b02047f00003800
0202080800000000
3b02041f00003a00
3802047f07133c00
3c05020000003800
3802047f07133e00
3c07020000003804
0102050700000000
3807047f07134000
3c05070000003808
0107020500000000
3805047f07134200
3c0205000000380c
0105070200000000
3802047f07134400
3c07020000003810
0102050700000000
3807047f07134600
3c05070000003814
0107020500000000
3805047f07134800
3c02050000003818
0105070200000000
3802047f07134a00
3c0702000000381c
0102050700000000
3807047f0712fc00
2305020700000000
010a020500000000
3805047f0712fe00
23020a0500000000
01040a0200000000
3802047f07130000
230a040200000000
010b040a00000000
380a047f07130400
23040b0a00000000
01000b0400000000
3804047f07134c00
230b000400000000
010c000b00000000
380b047f0712b800
23000c0b00000000
200b000043200000
100c000b00000000
200b00001e3ce508
01000c0b00000000
200b0000bf000000
020c000b00000000
200b00005f3759df
060d000900000000
09000b0d00000000
200d00003fc00000
020b000000000000
020e0c0b00000000
010b0d0e00000000
020e000b00000000
020b0e0e00000000
02000c0b00000000
010b0d0000000000
02000e0b00000000
020b000000000000
020e0c0b00000000
010b0d0e00000000
020e000b00000000
230b0e0600000000
380e047f06fe9f80
3800041f06fea180
020d030b00000000
02030e0d00000000
0e0d030000000000
0203080b00000000
020b000300000000
0e030b0000000000
0e0b0d0000000000
3b0b047f00000100
0e0b030000000000
3b0b047f00000300
380b047f07136800
3c030b0000000100
4000030000000000
3c030b0000000104
4000030000000001
3c030b0000000108
4000030000000002
3c030b000000010c
4000030000000003
3c030b0000000110
4000030000000004
3c030b0000000114
4000030000000005
3c030b0000000118
4000030000000006
3c030b000000011c
4000030000000007
3c030b0000000300
4000030000000008
3c030b0000000304
4000030000000009
3c030b0000000308
400003000000000a
3c030b000000030c
400003000000000b
3c030b0000000310
400003000000000c
3c030b0000000314
400003000000000d
3c030b0000000318
400003000000000e
3c030b000000031c
400003000000000f
2806000006eed780
2807000000000800
41060702000803f2
4200000000000000
2103000000000000
3a0b047f00000800
3a0d047f00000a00
0c000d0b00000000
0908060000000000
03000d0b00000000
040d080000000000
03000b0d00000000
200d000000000080
080b030d00000000
030d0b0300000000
040b080d00000000
030d030b00000000
3a0b047f00000c00
0c080b0000000000
090e060800000000
03080b0000000000
040b0e0800000000
0308000b00000000
200b000000000100
0800030b00000000
030b000d00000000
04000e0b00000000
030b0d0000000000
3a00047f00000e00
0c0d000800000000
090e060d00000000
030d000800000000
04000e0d00000000
030d080000000000
2000000000000180
0808030000000000
0300080b00000000
04080e0000000000
03000b0800000000
3a08047f00001000
0c0b080d00000000
090e060b00000000
030b080d00000000
04080e0b00000000
030b0d0800000000
2008000000000200
080d030800000000
03080d0000000000
040d0e0800000000
0308000d00000000
3a0d047f00001200
0c000d0b00000000
090e060000000000
03000d0b00000000
040d0e0000000000
03000b0d00000000
200d000000000280
080b030d00000000
030d0b0800000000
040b0e0d00000000
030d080b00000000
3a0b047f00001400
0c080b0000000000
090e060800000000
03080b0000000000
040b0e0800000000
0308000b00000000
200b000000000300
0800030b00000000
030b000d00000000
04000e0b00000000
030b0d0000000000
3a00047f00001600
380d047f07140000
200e0000ff61b1e6
030c000e00000000
04000d0c00000000
030c0e0000000000
0c000c0800000000
090e060000000000
03000c0800000000
040c0e0000000000
0300080c00000000
200c000000000380
0808030c00000000
030c080b00000000
04080e0c00000000
030c0b0800000000
3808047f07135000
230b000800000000
230e0c0800000000
0c080b0000000000
0c03000b00000000
050d080300000000
03030d0900000000
0b0d0e0c00000000
040f030d00000000
050d080f00000000
090f060d00000000
030d0b0000000000
040b0f0d00000000
030d000b00000000
030b0e0c00000000
040e0f0b00000000
030b0c0e00000000
380e047f07134e00
230c0d0e00000000
230f0b0e00000000
0c0e0c0d00000000
0c000d0c00000000
05080e0000000000
0300080900000000
0b080f0b00000000
0403000800000000
05080e0300000000
0903060800000000
03080c0d00000000
040c030800000000
03080d0c00000000
030c0f0b00000000
040f030c00000000
030c0b0f00000000
230f080400000000
230b0c0400000000
0c040f0800000000
0c03080f00000000
050d040300000000
03030d0900000000
0b0d0b0c00000000
040e030d00000000
050d040e00000000
090e060d00000000
030d0f0800000000
040f0e0d00000000
030d080f00000000
030f0b0c00000000
040b0e0f00000000
030f0c0b00000000
230b0d0a00000000
230c0f0a00000000
0c0a0b0d00000000
0c0e0d0b00000000
05080a0e00000000
030e080900000000
0b080c0f00000000
04040e0800000000
05080a0400000000
0904060800000000
03080b0d00000000
040b040800000000
03080d0b00000000
030b0c0f00000000
040c040b00000000
030b0f0c00000000
230c080200000000
230f0b0200000000
0c020c0800000000
0c04080c00000000
050d020400000000
03040d0900000000
0b0d0f0b00000000
040a040d00000000
050d020a00000000
090a060d00000000
030d0c0800000000
040c0a0d00000000
030d080c00000000
030c0f0b00000000
040f0a0c00000000
030c0b0f00000000
230f0d0500000000
230b0c0500000000
0c0a0f0d00000000
0c080d0f00000000
05020a0800000000
0308020900000000
0b020b0c00000000
0404080200000000
05020a0400000000
0904060200000000
03020f0d00000000
040f040200000000
03020d0f00000000
030f0b0c00000000
040b040f00000000
030f0c0b00000000
230b020700000000
230c0f0700000000
0c070b0200000000
0c04020b00000000
050d070400000000
03040d0900000000
0b0d0c0f00000000
0409040d00000000
050d070900000000
0909060d00000000
030d0b0200000000
040b090d00000000
030d020b00000000
030b0c0f00000000
040c090b00000000
030b0f0c00000000
200c0000000007e4
080f0b0c00000000
380c047f07128800
030b0d0f00000000
040d0c0b00000000
030b0f0d00000000
390b040100004600
3400000000000000
3300000000000000
380b040300004600
230d0b0500000000
230f0b0100000000
230c0b0600000000
0c090f0c00000000
090c060900000000
03090d0b00000000
040d0c0900000000
03090b0d00000000
480d090100000002
23090d0500000000
23050d0100000000
23010d0600000000
0c0b050100000000
0901060b00000000
030b090d00000000
0409010b00000000
030b0d0900000000
2b070b0000000001
3500070000000000
3200000000000000
2804000000000000
3800047f00029d00
2a05000000001280
3801057f06feaca4
3802057f06feaea4
3803057f06feb0a4
3804055f06feb2a4
200500007fffffff
0406010500000000
3807047f07128c00
2308060700000000
1309060800000000
3808047f07128e00
2306090800000000
130a090600000000
3806047f07129000
23090a0600000000
130b0a0900000000
3809047f07129200
230a0b0900000000
130c0b0a00000000
380a047f07129400
230b0c0a00000000
130d0c0b00000000
200b000038d1b717
130c0d0b00000000
200d00003b124925
020e0c0d00000000
200c000000000017
060f0e0c00000000
20100000007fffff
04110e1000000000
200e000000000000
0a12110e00000000
08110f1200000000
201200000000007f
090f111200000000
0911120f00000000
0713110c00000000
0211011300000000
1713110000000000
0411020500000000
2301110700000000
1314110100000000
2301140800000000
1311140100000000
2301110600000000
1314110100000000
2301140900000000
1311140100000000
2301110a00000000
1314110100000000
1301140b00000000
0214010d00000000
0601140c00000000
0411141000000000
0a14110e00000000
0811011400000000
0914111200000000
0911121400000000
0701110c00000000
0211020100000000
1701110000000000
0411030500000000
2302110700000000
1315110200000000
2302150800000000
1311150200000000
2302110600000000
1315110200000000
2302150900000000
1311150200000000
2302110a00000000
1315110200000000
1302150b00000000
0215020d00000000
0602150c00000000
0411151000000000
0a15110e00000000
0811021500000000
0915111200000000
0911121500000000
0702110c00000000
0211030200000000
1702110000000000
0411040500000000
2303110700000000
1316110300000000
2303160800000000
1311160300000000
2303110600000000
1316110300000000
2303160900000000
1311160300000000
2303110a00000000
1316110300000000
1303160b00000000
0216030d00000000
0603160c00000000
0411161000000000
0a16110e00000000
0811031600000000
0916111200000000
0911121600000000
0703110c00000000
0211040300000000
1703110000000000
3b13047f00001800
3b0f047f00002400
3b01047f00001a00
3b14047f00002600
3b02047f00001c00
3b15047f00002800
3b03047f00001e00
3b16047f00002a00
3816047f07140200
3c03160000001800
4300030e00000000
3803047f07140400
3c16030000002400
4500160000000000
3816047f07140600
3c03160000001880
4300030e00000001
3803047f07140800
3c16030000002480
4500160000000001
3816047f07140a00
3c03160000001900
4300030e00000002
3803047f07140c00
3c16030000002500
4500160000000002
3816047f07140e00
3c03160000001980
4300030e00000003
3803047f07141000
3c16030000002580
4500160000000003
3816047f07141200
3c03160000001a00
4300030e00000004
3803047f07141400
3c16030000002600
4500160000000004
3816047f07141600
3c03160000001a80
4300030e00000005
3803047f07141800
3c16030000002680
4500160000000005
3816047f07141a00
3c03160000001b00
4300030e00000006
3803047f07141c00
3c16030000002700
4500160000000006
3816047f07141e00
3c03160000001b80
4300030e00000007
3803047f07142000
3c16030000002780
4500160000000007
2b06000000000031
2807000000000800
4406070100080028
4200000000000000
3a16042700000800
0e03160000000000
390304270701abc0
3400000000000000
3300000000000000
3803047f0701aa80
3816047f0713fa00
0415031600000000
4816150000000080
3916047f0701aa80
3816041f0701ac80
3815047f07133a00
0403161500000000
4815030000000020
3915041f0701ac80
3400000000000000
3300000000000000
3815047f0701aa80
3803041f0701ac80
0216151500000000
3b16047f00003800
0216030300000000
3b16041f00003a00
3816047f07133c00
3c02160000003800
3816047f07133e00
3c14160000003804
0116021400000000
3814047f07134000
3c02140000003808
0114160200000000
3802047f07134200
3c1602000000380c
0102141600000000
3816047f07134400
3c14160000003810
0116021400000000
3814047f07134600
3c02140000003814
0114160200000000
3802047f07134800
3c16020000003818
0102141600000000
3816047f07134a00
3c1416000000381c
0116021400000000
3814047f0712fc00
2302161400000000
0101160200000000
3802047f0712fe00
2316010200000000
010f011600000000
3816047f07130000
23010f1600000000
01130f0100000000
3801047f07130400
230f130100000000
0111130f00000000
380f047f07134c00
2313110f00000000
0104111300000000
3813047f0712b800
2311041300000000
2013000043200000
1004111300000000
201300001e3ce508
0111041300000000
20040000bf000000
0217110400000000
201800005f3759df
2019000000000001
061a111900000000
0911181a00000000
201a00003fc00000
021b111100000000
021c171b00000000
011b1a1c00000000
021c111b00000000
021b1c1c00000000
0211171b00000000
011b1a1100000000
02111c1b00000000
021b111100000000
021c171b00000000
011b1a1c00000000
021c111b00000000
231b1c0e00000000
381c047f07047d00
3811041f07047f00
0217151b00000000
02151c1700000000
0e17150000000000
0215031b00000000
021b111500000000
0e151b0000000000
041b170500000000
23111b0700000000
13031b1100000000
2311030800000000
131b031100000000
23111b0600000000
13031b1100000000
2311030900000000
131b031100000000
23111b0a00000000
13031b1100000000
1311030b00000000
0203110d00000000
0611030c00000000
041b031000000000
0a031b0e00000000
081b110300000000
09031b1200000000
091b120300000000
07111b0c00000000
021b171100000000
17111b0000000000
041b150500000000
23171b0700000000
131c1b1700000000
23171c0800000000
131b1c1700000000
23171b0600000000
131c1b1700000000
23171c0900000000
131b1c1700000000
23171b0a00000000
131c1b1700000000
13171c0b00000000
021c170d00000000
06171c0c00000000
041b1c1000000000
0a1c1b0e00000000
081b171c00000000
091c1b1200000000
091b121c00000000
07171b0c00000000
021b151700000000
17171b0000000000
4300110e00000000
4500030000000000
381b047f07134e00
2315111b00000000
231d031b00000000
4300150e00000001
45001d0000000001
381d047f07135000
2315111d00000000
231e031d00000000
4300150e00000002
45001e0000000002
381e047f07135200
2315111e00000000
2311031e00000000
4300150e00000003
4500110000000003
4300170e00000004
45001c0000000004
2b06000000000032
2807000000000800
4406070100050060
4200000000000000
3a00045f00000800
0e1c000000000000
3800045f07069e00
02171c1c00000000
2311171400000000
0114171100000000
2311170200000000
0102141100000000
3811047f07135400
2314171100000000
0111021400000000
2314171600000000
0116111400000000
3814047f07135600
2311171400000000
0114161100000000
3811047f07135800
2316171100000000
0111141600000000
3816047f07135a00
2314171600000000
0116111400000000
2314160100000000
0101161400000000
2314010f00000000
010f011400000000
3814047f07135c00
23010f1400000000
2014000042000000
100f011400000000
01140f1300000000
020f140400000000
0604141900000000
0914180400000000
0204141400000000
02180f0400000000
01041a1800000000
0218140400000000
0204181800000000
02140f0400000000
01041a1400000000
0214180400000000
0204141400000000
02180f0400000000
01041a1800000000
0218140400000000
02041c1800000000
0218000400000000
0e04180000000000
2a08010000000010
3818080300169880
3800047f07135e00
231c180000000000
3800047f07136000
2314180000000000
3800047f07136200
0318140000000000
0200041c00000000
231c040700000000
02141c1800000000
011c001400000000
0e141c0000000000
381c047f07142200
0300140400000000
04141c0000000000
0300041400000000
0414000500000000
2305140700000000
1307140500000000
2305070800000000
1308070500000000
2305080600000000
1306080500000000
2305060900000000
1309060500000000
2305090a00000000
130a090500000000
13050a0b00000000
020a050d00000000
06050a0c00000000
040d0a1000000000
0a0a0d0e00000000
080d050a00000000
090a0d1200000000
090d120a00000000
07050d0c00000000
020d000500000000
0f050d0000000000
080d0a1200000000
070a0d0c00000000
020d050a00000000
0e0a0d0000000000
2a08010000000040
390a181f06ff9280
230d0a1b00000000
390d181f06ff9c80
230d0a1d00000000
390d181f06ffa680
3400000000000000
3200000000000000
2804000000000000
2a08000000000140
3800187f0002de80
3801181f0002df80
3802047f07128000
2303010200000000
3900047f00001000
3900047f00001200
3900047f00001400
3900047f00001600
3903047f00001800
3803047f07128800
200000003f800000
2002000000000000
0301000200000000
0400030100000000
0301020000000000
3901040300001a00
3400000000000000
3200000000000000
2804000000000000
3800040000001a80
2b05000000000000
2a05050000000200
3800057f00024700
2001000000000000
3b01043f00000000
3802047f00001000
3803047f00001200
3804047f00001400
3805047f00001600
3806047f00001800
3807040300001a00
3b02047f00001800
3b03047f00001a80
3b04047f00001d00
3b05047f00001f80
3808047f07130800
3d06087f00000000
3808047f07130a00
3c09080000001800
3808047f07130c00
3c0a080000001804
3808047f07130e00
3c0b080000001808
3808047f07131000
3c0c08000000180c
3808047f07131200
3c0d080000001810
3808047f07131400
3c0e080000001814
3808047f07131600
3c0f080000001818
3808047f07131800
3c1008000000181c
2b06000000000005
3808064f00000000
0211080900000000
3808064f00000140
0212080a00000000
0108111200000000
3812064f00000280
0211120b00000000
0112081100000000
3811064f000003c0
0208110c00000000
0111120800000000
3808064f00000500
0212080d00000000
0108111200000000
3812064f00000640
0211120e00000000
0112081100000000
3811064f00000780
0208110f00000000
0111120800000000
3808064f000008c0
0212081000000000
0108111200000000
3b08047f00002200
3808064f00000a00
0212080900000000
3808064f00000b40
0211080a00000000
0108121100000000
3811064f00000c80
0212110b00000000
0111081200000000
3812064f00000dc0
0208120c00000000
0112110800000000
3808064f00000f00
0211080d00000000
0108121100000000
3811064f00001040
0212110e00000000
0111081200000000
3812064f00001180
0208120f00000000
0112110800000000
3808064f000012c0
0211081000000000
0108121100000000
3b08047f00002400
3808064f00001400
0211080900000000
3808064f00001540
0212080a00000000
0108111200000000
3812064f00001680
0211120b00000000
0112081100000000
3811064f000017c0
0208110c00000000
0111120800000000
3808064f00001900
0212080d00000000
0108111200000000
3812064f00001a40
0211120e00000000
0112081100000000
3811064f00001b80
0208110f00000000
0111120800000000
3808064f00001cc0
0212081000000000
0108111200000000
3b08047f00002600
3808064f00001e00
0212080900000000
3808064f00001f40
0211080a00000000
0108121100000000
3811064f00002080
0212110b00000000
0111081200000000
3812064f000021c0
0208120c00000000
0112110800000000
3808064f00002300
0211080d00000000
0108121100000000
3811064f00002440
0212110e00000000
0111081200000000
3812064f00002580
0208120f00000000
0112110800000000
3808064f000026c0
0211081000000000
0108121100000000
3b08047f00002800
3808064f00002800
0211080900000000
3808064f00002940
0212080a00000000
0108111200000000
3812064f00002a80
0211120b00000000
0112081100000000
3811064f00002bc0
0208110c00000000
0111120800000000
3808064f00002d00
0212080d00000000
0108111200000000
3812064f00002e40
0211120e00000000
0112081100000000
3811064f00002f80
0208110f00000000
0111120800000000
3808064f000030c0
0212081000000000
0108111200000000
3b08047f00002a00
3808064f00003200
0212080900000000
3808064f00003340
0209080a00000000
0108120900000000
3809064f00003480
0212090b00000000
0109081200000000
3812064f000035c0
0208120c00000000
0112090800000000
3808064f00003700
0209080d00000000
0108120900000000
3809064f00003840
0212090e00000000
0109081200000000
3812064f00003980
0208120f00000000
0112090800000000
3808064f00003ac0
0209081000000000
0108120900000000
3b08047f00002c00
3808047f0712f000
3c09080000002200
3c12080000002204
0110091200000000
3b10047f00003000
3c10080000002600
3c12080000002604
0109101200000000
3b09047f00003200
3c09080000002a00
3c12080000002a04
0110091200000000
3b10047f00003400
3c10080000003000
3c12080000003004
0108101200000000
3b08047f00002200
3808047f0713ec00
3c12080000003400
3808047f0713ee00
3c10080000003404
0108121000000000
3b08043f00002400
3808047f0713f000
3c10080000002200
3808047f0713f200
3c12080000002204
0108101200000000
3b08045f00003000
3808047f0713f400
3c12080000003000
3808047f0712fc00
2310120800000000
0109121000000000
3810047f0712fe00
2312091000000000
010f091200000000
3812047f07130000
23090f1200000000
010e0f0900000000
3809047f07130400
230f0e0900000000
010d0e0f00000000
380f047f0713f600
230e0d0f00000000
390e040500001d34
3400000000000000
3300000000000000
380e040c00001d34
480f0e010000000d
390f041900001d00
3400000000000000
3300000000000000
380f041900001d00
200e000000000018
230d0f0e00000000
200e000044200000
100c0d0e00000000
200e00001e3ce508
010d0c0e00000000
200c0000bf000000
020b0d0c00000000
200a00005f3759df
2011000000000001
06130d1100000000
090d0a1300000000
201300003fc00000
02140d0d00000000
02150b1400000000
0114131500000000
02150d1400000000
0214151500000000
020d0b1400000000
0114130d00000000
020d151400000000
02140d0d00000000
02150b1400000000
0114131500000000
02150d1400000000
02140f1500000000
2b06000000000006
3815061700000000
2b06000000000006
380f061700000200
020d141500000000
01150d0f00000000
200d00003f800000
200f000080000000
0314150f00000000
200b000042b00000
1416140b00000000
20140000c2ae0000
1317161400000000
201600003fb8aa3b
0218171600000000
201900004b400000
011a181900000000
20180000cb400000
011b1a1800000000
201a0000bf317200
021c1b1a00000000
011d171c00000000
201c0000b5bfbe8e
02171b1c00000000
011e1d1700000000
201700003ab60b61
021d171e00000000
201f00003c088889
01201d1f00000000
021d201e00000000
202000003d2aaaab
01211d2000000000
021d211e00000000
202100003e2aaaab
01221d2100000000
021d221e00000000
202200003f000000
01231d2200000000
021d231e00000000
01231d0d00000000
021d231e00000000
01231d0d00000000
0d1d1b0000000000
201b000000000017
071e1d1b00000000
081d231e00000000
011e1d0d00000000
101d0d1e00000000
201e0000358637bd
01231d1e00000000
2024000040000000
02251d2400000000
3824047f0712b600
231d150900000000
03151d0d00000000
041d241500000000
03150d1d00000000
381d047f07132a00
3824047f07132c00
3826047f07132e00
3827047f07133000
3828047f07133200
3829047f07133400
382a047f07133600
382b047f07133800
382c047f07128c00
232d152c00000000
132e152d00000000
382d047f07128e00
232f2e2d00000000
13302e2f00000000
032f300f00000000
0130152f00000000
142f300b00000000
13302f1400000000
022f301600000000
01162f1900000000
012f161800000000
02162f1a00000000
011a301600000000
02162f1c00000000
011c1a1600000000
0216171c00000000
0117161f00000000
0216171c00000000
0117162000000000
0216171c00000000
0117162100000000
0216171c00000000
0117162200000000
0216171c00000000
0117160d00000000
0216171c00000000
0117160d00000000
0d162f0000000000
072f161b00000000
0816172f00000000
232f161d00000000
2317162400000000
010d2f1700000000
2317162600000000
012f0d1700000000
2317162700000000
010d2f1700000000
1017160d00000000
010d171e00000000
23170d2800000000
23160d2900000000
012f171600000000
23160d2a00000000
01172f1600000000
23160d2b00000000
012f171600000000
01162f1e00000000
102f0d1600000000
05162f2f00000000
280e000000000013
232f161d00000000
230d162400000000
01172f0d00000000
230d162600000000
012f170d00000000
230d162700000000
01172f0d00000000
010d171e00000000
1017160d00000000
230d172800000000
232f172900000000
011c0d2f00000000
232f172a00000000
010d1c2f00000000
232f172b00000000
011c0d2f00000000
012f1c1e00000000
1016172f00000000
290e0e00ffffffff
31000e0000001db6
232b070100000000
022a2b0200000000
3802047f07128000
2329060200000000
02022b2900000000
2329071100000000
022b290300000000
3803047f07128200
2328060300000000
0203292800000000
01282a2b00000000
012b020300000000
2003000000000002
2302070300000000
0203020400000000
3804047f07128400
232a060400000000
0204022a00000000
012a280300000000
01032b0400000000
2004000000000003
232b070400000000
02042b0500000000
3805047f07128600
2307060500000000
02052b0700000000
01072a0400000000
0104030500000000
0e05070000000000
0e07040000000000
3804047f07133a00
0403070400000000
0207050500000000
3b07047f00003800
0207030300000000
3b07041f00003a00
3807047f07133c00
3c2a070000003800
3807047f07133e00
3c2b070000003804
01072a2b00000000
382b047f07134000
3c2a2b0000003808
012b072a00000000
382a047f07134200
3c072a000000380c
012a2b0700000000
3807047f07134400
3c2b070000003810
01072a2b00000000
382b047f07134600
3c2a2b0000003814
012b072a00000000
382a047f07134800
3c072a0000003818
012a2b0700000000
3807047f07134a00
3c2b07000000381c
01072a2b00000000
232b070800000000
012a072b00000000
232b2a1000000000
01072a2b00000000
232b071200000000
012a072b00000000
232b2a0900000000
01072a2b00000000
382b047f07134c00
232a072b00000000
0106072a00000000
382a047f0712b800
2307062a00000000
202a000043200000
1006072a00000000
012a060e00000000
02062a0c00000000
06072a1100000000
092a0a0700000000
02072a2a00000000
0228060700000000
0107132800000000
02282a0700000000
0207282800000000
022a060700000000
0107132a00000000
022a280700000000
02072a2a00000000
0228060700000000
0107132800000000
02282a0700000000
2307280100000000
2b06000000000007
3828067f00000000
2b06000000000007
382a061f00000200
0206050700000000
0205280600000000
0e06050000000000
0205030700000000
02072a0500000000
0e05070000000000
200700007fffffff
042a060700000000
23032a2c00000000
13282a0300000000
2303282d00000000
132a280300000000
3803047f07129000
23282a0300000000
13022a2800000000
3828047f07129200
232a022800000000
1329022a00000000
382a047f07129400
2302292a00000000
1327290200000000
2002000038d1b717
1329270200000000
202700003b124925
0226292700000000
0629261b00000000
20240000007fffff
041d262400000000
0a261d0100000000
081d292600000000
202600000000007f
09291d2600000000
091d262900000000
071e1d1b00000000
021d061e00000000
171e1d0000000000
041d050700000000
23061d2c00000000
132f1d0600000000
23062f2d00000000
131d2f0600000000
23061d0300000000
132f1d0600000000
23062f2800000000
131d2f0600000000
23061d2a00000000
132f1d0600000000
13062f0200000000
022f062700000000
06062f1b00000000
041d2f2400000000
0a2f1d0100000000
081d062f00000000
092f1d2600000000
091d262f00000000
07061d1b00000000
021d050600000000
17061d0000000000
43001e0100000000
4500290000000000
381d047f07134e00
23051e1d00000000
2317291d00000000
4300050100000001
4500170000000001
3817047f07135000
23051e1700000000
231c291700000000
4300050100000002
45001c0000000002
381c047f07135200
23051e1c00000000
231e291c00000000
4300050100000003
45001e0000000003
4300060100000004
45002f0000000004
2b06000000000008
2807000000000800
4406070100050040
4200000000000000
3a2f043f00000800
0e062f0000000000
2b06000000000009
382f063f00000000
021e060600000000
23051e0800000000
01081e0500000000
23051e1000000000
0110080500000000
3805047f07135400
23081e0500000000
0105100800000000
23081e1200000000
0112050800000000
3808047f07135600
23051e0800000000
0108120500000000
3805047f07135800
23121e0500000000
0105081200000000
3812047f07135a00
23081e1200000000
0112050800000000
2308120900000000
0109120800000000
2308092b00000000
012b090800000000
3808047f07135c00
23092b0800000000
2008000042000000
102b090800000000
01082b0e00000000
022b080c00000000
060c081100000000
09080a0c00000000
020c080800000000
020a2b0c00000000
010c130a00000000
020a080c00000000
020c0a0a00000000
02082b0c00000000
010c130800000000
02080a0c00000000
020c080800000000
020a2b0c00000000
010c130a00000000
020a080c00000000
020c060a00000000
020a2f0c00000000
0e0c0a0000000000
2a08010000000010
2b0600000000000a
2c08080600000000
380a080300000000
382f047f07135e00
23060a2f00000000
3808047f07136000
23130a0800000000
382b047f07136200
0311132b00000000
02130c0600000000
23060c2c00000000
020e061100000000
0106130e00000000
0e0e060000000000
3806047f07136400
03130e0c00000000
040e061300000000
03130c0e00000000
040e130700000000
23060e2c00000000
13110e0600000000
2306112d00000000
130e110600000000
23060e0300000000
13110e0600000000
2306112800000000
130e110600000000
23060e2a00000000
13110e0600000000
1306110200000000
0211062700000000
0606111b00000000
040e112400000000
0a110e0100000000
080e061100000000
09110e2600000000
090e261100000000
07060e1b00000000
020e130600000000
0f060e0000000000
080e112600000000
07110e1b00000000
020e061100000000
0e110e0000000000
230e111d00000000
04110c0400000000
040c110700000000
23070c2c00000000
13040c0700000000
2307042d00000000
132d040700000000
23072d0300000000
13032d0700000000
2307032800000000
1328030700000000
2307282a00000000
132a280700000000
13072a0200000000
022a072700000000
06072a1b00000000
04272a2400000000
0a2a270100000000
0827072a00000000
092a272600000000
0927262a00000000
0726271b00000000
0227112600000000
1726270000000000
4300260100000000
45002a0000000000
2b0600000000000c
2807000000000800
4406070100010200
4200000000000000
3a2a047f00000800
0e262a0000000000
232a0a2f00000000
23010a0800000000
0327012b00000000
0201262a00000000
232a262c00000000
02112a2700000000
012a011100000000
0e112a0000000000
382a047f07136600
0301112600000000
04112a0100000000
0301261100000000
3b01047f00003c00
3a11047f00000a00
0e26110000000000
23110a2f00000000
23270a0800000000
031b272b00000000
0227261100000000
2311262c00000000
0207111b00000000
0111270700000000
0e07110000000000
0311072600000000
04072a1100000000
0311260700000000
3b11047f00003e00
3a07047f00000c00
0e26070000000000
23070a2f00000000
23270a0800000000
031b272b00000000
0227260700000000
2307262c00000000
0224071b00000000
0107272400000000
0e24070000000000
0307242600000000
04242a0700000000
0307262400000000
3b07047f00004000
3a24047f00000e00
0e26240000000000
23240a2f00000000
232f0a0800000000
03082f2b00000000
022f262400000000
2324262c00000000
022c240800000000
01242f2c00000000
0e2c240000000000
03242c2600000000
042c2a2400000000
0324262c00000000
3b24047f00004200
2a08000000002000
3901087f06ffc080
3911087f06ffc280
3907087f06ffc480
3924087f06ffc680
2a09000000000600
3923097f07005080
3925097f07005280
3916097f07005480
2b06000000000034
2a09000000000040
2c06060900000000
390e161f00000000
3400000000000000
3200000000000000
0000000000000000
0000000000000000
0000000000000000
0000000000000000
0000000000000000
0000000000000000
0000000000000000
0000000000000000
0000000000000000
0000000000000000
0000000000000000
0000000000000000
0000000000000000
0000000000000000
0000000000000000
0000000000000000
0000000000000000
0000000000000000
0000000000000000
0000000000000000
0000000000000000
0000000000000000
0000000000000000
0000000000000000
0000000000000000
0000000000000000
0000000000000000
0000000000000000
0000000000000000
0000000000000000
2804000000000000
3800040000001a80
2b05000000000000
2a05050000000200
3800057f00024700
2001000000000000
3b01043f00000000
3802047f00001000
3803047f00001200
3804047f00001400
3805047f00001600
3806047f00001800
2a09000000000600
3807097f07005080
3808097f07005280
3809097f07005480
2a08000000002000
380a087f06ffc080
3b0a047f00003c00
380a087f06ffc280
3b0a047f00003e00
380a087f06ffc480
3b0a047f00004000
380a087f06ffc680
3b0a047f00004200
2a08010000000010
2b0600000000000a
2c08080600000000
380a080300000000
2b06000000000035
380b167f00000000
3b0b047f00001800
380b167f00000100
3b0b047f00001a00
380b167f00000200
3b0b047f00001c00
380b167f00000300
3b0b047f00001e00
380b167f00000400
3b0b047f00002000
380b167f00000500
3b0b047f00002200
380b167f00000600
3b0b047f00002400
380b167f00000700
3b0b047f00002600
3b01047f00002800
3b01047f00002a00
3b01047f00002c00
3b01047f00002e00
3b01047f00003000
3b01047f00003200
3b01047f00003400
3b01047f00003600
2b06000000000034
380b167f00000000
380c161f00000100
2a0a0000ffffff80
2a0b010000000080
2c0a0a0b00000000
3b0b0a7f00001800
3b0c0a1f00001a00
220c010000000000
220b000000000000
090d0c0b00000000
200b000000000005
080c0d0b00000000
380d047f0713d400
3c0e0d0000001800
380f047f0713d600
3c100f0000003c00
0211100e00000000
3c100f0000003d00
0212100e00000000
3c100f0000003e00
0213100e00000000
3c100f0000003f00
0214100e00000000
3c100f0000004000
0215100e00000000
3c100f0000004100
0216100e00000000
3c100f0000004200
0217100e00000000
3c100f0000004300
0218100e00000000
3c100d0000001804
3c0e0f0000003c04
02190e1000000000
010e111900000000
3c190f0000003d04
0211191000000000
0119121100000000
3c110f0000003e04
0212111000000000
0111131200000000
3c120f0000003f04
0213121000000000
0112141300000000
3c130f0000004004
0214131000000000
0113151400000000
3c140f0000004104
0215141000000000
0114161500000000
3c150f0000004204
0216151000000000
0115171600000000
3c160f0000004304
0217161000000000
0116181700000000
3c170d0000001808
3c180f0000003c08
0210181700000000
01180e1000000000
3c100f0000003d08
020e101700000000
0110190e00000000
3c0e0f0000003e08
02190e1700000000
010e111900000000
3c190f0000003f08
0211191700000000
0119121100000000
3c110f0000004008
0212111700000000
0111131200000000
3c120f0000004108
0213121700000000
0112141300000000
3c130f0000004208
0214131700000000
0113151400000000
3c140f0000004308
0215141700000000
0114161500000000
3c150d000000180c
3c160f0000003c0c
0217161500000000
0116181700000000
3c170f0000003d0c
0218171500000000
0117101800000000
3c180f0000003e0c
0210181500000000
01180e1000000000
3c100f0000003f0c
020e101500000000
0110190e00000000
3c0e0f000000400c
02190e1500000000
010e111900000000
3c190f000000410c
0211191500000000
0119121100000000
3c110f000000420c
0212111500000000
0111131200000000
3c120f000000430c
0213121500000000
0112141300000000
3c130d0000001810
3c140f0000003c10
0215141300000000
0114161500000000
3c150f0000003d10
0216151300000000
0115171600000000
3c160f0000003e10
0217161300000000
0116181700000000
3c170f0000003f10
0218171300000000
0117101800000000
3c180f0000004010
0210181300000000
01180e1000000000
3c100f0000004110
020e101300000000
0110190e00000000
3c0e0f0000004210
02190e1300000000
010e111900000000
3c190f0000004310
0211191300000000
0119121100000000
3c110d0000001814
3c120f0000003c14
0213121100000000
0112141300000000
3c130f0000003d14
0214131100000000
0113151400000000
3c140f0000003e14
0215141100000000
0114161500000000
3c150f0000003f14
0216151100000000
0115171600000000
3c160f0000004014
0217161100000000
0116181700000000
3c170f0000004114
0218171100000000
0117101800000000
3c180f0000004214
0210181100000000
01180e1000000000
3c100f0000004314
020e101100000000
0110190e00000000
3c0e0d0000001818
3c190f0000003c18
0211190e00000000
0119121100000000
3c110f0000003d18
0212110e00000000
0111131200000000
3c120f0000003e18
0213120e00000000
0112141300000000
3c130f0000003f18
0214130e00000000
0113151400000000
3c140f0000004018
0215140e00000000
0114161500000000
3c150f0000004118
0216150e00000000
0115171600000000
3c160f0000004218
0217160e00000000
0116181700000000
3c170f0000004318
0218170e00000000
0117101800000000
3c180d000000181c
3c100f0000003c1c
020e101800000000
0110190e00000000
3c0e0f0000003d1c
02190e1800000000
010e111900000000
3c190f0000003e1c
0211191800000000
0119121100000000
3c110f0000003f1c
0212111800000000
0111131200000000
3c120f000000401c
0213121800000000
0112141300000000
3c130f000000411c
0214131800000000
0113151400000000
3c140f000000421c
0215141800000000
0114161500000000
3c150f000000431c
0216151800000000
0115171600000000
3c160d0000001820
3c170f0000003c20
0218171600000000
3c170f0000003d20
021a171600000000
3c170f0000003e20
021b171600000000
3c170f0000003f20
021c171600000000
3c170f0000004020
021d171600000000
3c170f0000004120
021e171600000000
3c170f0000004220
021f171600000000
3c170f0000004320
0220171600000000
3c170d0000001824
3c160f0000003c24
0221161700000000
0116182100000000
3c210f0000003d24
0218211700000000
01211a1800000000
3c180f0000003e24
021a181700000000
01181b1a00000000
3c1a0f0000003f24
021b1a1700000000
011a1c1b00000000
3c1b0f0000004024
021c1b1700000000
011b1d1c00000000
3c1c0f0000004124
021d1c1700000000
011c1e1d00000000
3c1d0f0000004224
021e1d1700000000
011d1f1e00000000
3c1e0f0000004324
021f1e1700000000
011e201f00000000
3c1f0d0000001828
3c200f0000003c28
0217201f00000000
0120161700000000
3c170f0000003d28
0216171f00000000
0117211600000000
3c160f0000003e28
0221161f00000000
0116182100000000
3c210f0000003f28
0218211f00000000
01211a1800000000
3c180f0000004028
021a181f00000000
01181b1a00000000
3c1a0f0000004128
021b1a1f00000000
011a1c1b00000000
3c1b0f0000004228
021c1b1f00000000
011b1d1c00000000
3c1c0f0000004328
021d1c1f00000000
011c1e1d00000000
3c1d0d000000182c
3c1e0f0000003c2c
021f1e1d00000000
011e201f00000000
3c1f0f0000003d2c
02201f1d00000000
011f172000000000
3c200f0000003e2c
0217201d00000000
0120161700000000
3c170f0000003f2c
0216171d00000000
0117211600000000
3c160f000000402c
0221161d00000000
0116182100000000
3c210f000000412c
0218211d00000000
01211a1800000000
3c180f000000422c
021a181d00000000
01181b1a00000000
3c1a0f000000432c
021b1a1d00000000
011a1c1b00000000
3c1b0d0000001830
3c1c0f0000003c30
021d1c1b00000000
011c1e1d00000000
3c1d0f0000003d30
021e1d1b00000000
011d1f1e00000000
3c1e0f0000003e30
021f1e1b00000000
011e201f00000000
3c1f0f0000003f30
02201f1b00000000
011f172000000000
3c200f0000004030
0217201b00000000
0120161700000000
3c170f0000004130
0216171b00000000
0117211600000000
3c160f0000004230
0221161b00000000
0116182100000000
3c210f0000004330
0218211b00000000
01211a1800000000
3c180d0000001834
3c1a0f0000003c34
021b1a1800000000
011a1c1b00000000
3c1b0f0000003d34
021c1b1800000000
011b1d1c00000000
3c1c0f0000003e34
021d1c1800000000
011c1e1d00000000
3c1d0f0000003f34
021e1d1800000000
011d1f1e00000000
3c1e0f0000004034
021f1e1800000000
011e201f00000000
3c1f0f0000004134
02201f1800000000
011f172000000000
3c200f0000004234
0217201800000000
0120161700000000
3c170f0000004334
0216171800000000
0117211600000000
3c160d0000001838
3c210f0000003c38
0218211600000000
01211a1800000000
3c180f0000003d38
021a181600000000
01181b1a00000000
3c1a0f0000003e38
021b1a1600000000
011a1c1b00000000
3c1b0f0000003f38
021c1b1600000000
011b1d1c00000000
3c1c0f0000004038
021d1c1600000000
011c1e1d00000000
3c1d0f0000004138
021e1d1600000000
011d1f1e00000000
3c1e0f0000004238
021f1e1600000000
011e201f00000000
3c1f0f0000004338
02201f1600000000
011f172000000000
3c200d000000183c
3c170f0000003c3c
0216172000000000
0117211600000000
3c160f0000003d3c
0221162000000000
0116182100000000
3c210f0000003e3c
0218212000000000
01211a1800000000
3c180f0000003f3c
021a182000000000
01181b1a00000000
3c1a0f000000403c
021b1a2000000000
011a1c1b00000000
3c1b0f000000413c
021c1b2000000000
011b1d1c00000000
3c1c0f000000423c
021d1c2000000000
011c1e1d00000000
3c1d0f000000433c
021e1d2000000000
011d1f1e00000000
3c1e0d0000001840
3c1f0f0000003c40
02201f1e00000000
3c1f0f0000003d40
02221f1e00000000
3c1f0f0000003e40
02231f1e00000000
3c1f0f0000003f40
02241f1e00000000
3c1f0f0000004040
02251f1e00000000
3c1f0f0000004140
02261f1e00000000
3c1f0f0000004240
02271f1e00000000
3c1f0f0000004340
02281f1e00000000
3c1f0d0000001844
3c1e0f0000003c44
02291e1f00000000
011e202900000000
3c290f0000003d44
0220291f00000000
0129222000000000
3c200f0000003e44
0222201f00000000
0120232200000000
3c220f0000003f44
0223221f00000000
0122242300000000
3c230f0000004044
0224231f00000000
0123252400000000
3c240f0000004144
0225241f00000000
0124262500000000
3c250f0000004244
0226251f00000000
0125272600000000
3c260f0000004344
0227261f00000000
0126282700000000
3c270d0000001848
3c280f0000003c48
021f282700000000
01281e1f00000000
3c1f0f0000003d48
021e1f2700000000
011f291e00000000
3c1e0f0000003e48
02291e2700000000
011e202900000000
3c290f0000003f48
0220292700000000
0129222000000000
3c200f0000004048
0222202700000000
0120232200000000
3c220f0000004148
0223222700000000
0122242300000000
3c230f0000004248
0224232700000000
0123252400000000
3c240f0000004348
0225242700000000
0124262500000000
3c250d000000184c
3c260f0000003c4c
0227262500000000
0126282700000000
3c270f0000003d4c
0228272500000000
01271f2800000000
3c280f0000003e4c
021f282500000000
01281e1f00000000
3c1f0f0000003f4c
021e1f2500000000
011f291e00000000
3c1e0f000000404c
02291e2500000000
011e202900000000
3c290f000000414c
0220292500000000
0129222000000000
3c200f000000424c
0222202500000000
0120232200000000
3c220f000000434c
0223222500000000
0122242300000000
3c230d0000001850
3c240f0000003c50
0225242300000000
0124262500000000
3c250f0000003d50
0226252300000000
0125272600000000
3c260f0000003e50
0227262300000000
0126282700000000
3c270f0000003f50
0228272300000000
01271f2800000000
3c280f0000004050
021f282300000000
01281e1f00000000
3c1f0f0000004150
021e1f2300000000
011f291e00000000
3c1e0f0000004250
02291e2300000000
011e202900000000
3c290f0000004350
0220292300000000
0129222000000000
3c200d0000001854
3c220f0000003c54
0223222000000000
0122242300000000
3c230f0000003d54
0224232000000000
0123252400000000
3c240f0000003e54
0225242000000000
0124262500000000
3c250f0000003f54
0226252000000000
0125272600000000
3c260f0000004054
0227262000000000
0126282700000000
3c270f0000004154
0228272000000000
01271f2800000000
3c280f0000004254
021f282000000000
01281e1f00000000
3c1f0f0000004354
021e1f2000000000
011f291e00000000
3c1e0d0000001858
3c290f0000003c58
0220291e00000000
0129222000000000
3c200f0000003d58
0222201e00000000
0120232200000000
3c220f0000003e58
0223221e00000000
0122242300000000
3c230f0000003f58
0224231e00000000
0123252400000000
3c240f0000004058
0225241e00000000
0124262500000000
3c250f0000004158
0226251e00000000
0125272600000000
3c260f0000004258
0227261e00000000
0126282700000000
3c270f0000004358
0228271e00000000
01271f2800000000
3c280d000000185c
3c1f0f0000003c5c
021e1f2800000000
011f291e00000000
3c1e0f0000003d5c
02291e2800000000
011e202900000000
3c290f0000003e5c
0220292800000000
0129222000000000
3c200f0000003f5c
0222202800000000
0120232200000000
3c220f000000405c
0223222800000000
0122242300000000
3c230f000000415c
0224232800000000
0123252400000000
3c240f000000425c
0225242800000000
0124262500000000
3c250f000000435c
0226252800000000
0125272600000000
3c260d0000001860
3c270f0000003c60
0228272600000000
3c270f0000003d60
022a272600000000
3c270f0000003e60
022b272600000000
3c270f0000003f60
022c272600000000
3c270f0000004060
022d272600000000
3c270f0000004160
022e272600000000
3c270f0000004260
022f272600000000
3c270f0000004360
0230272600000000
3c270d0000001864
3c260f0000003c64
0231262700000000
0126283100000000
3c310f0000003d64
0228312700000000
01312a2800000000
3c280f0000003e64
022a282700000000
01282b2a00000000
3c2a0f0000003f64
022b2a2700000000
012a2c2b00000000
3c2b0f0000004064
022c2b2700000000
012b2d2c00000000
3c2c0f0000004164
022d2c2700000000
012c2e2d00000000
3c2d0f0000004264
022e2d2700000000
012d2f2e00000000
3c2e0f0000004364
022f2e2700000000
012e302f00000000
3c2f0d0000001868
3c300f0000003c68
0227302f00000000
0130262700000000
3c270f0000003d68
0226272f00000000
0127312600000000
3c260f0000003e68
0231262f00000000
0126283100000000
3c310f0000003f68
0228312f00000000
01312a2800000000
3c280f0000004068
022a282f00000000
01282b2a00000000
3c2a0f0000004168
022b2a2f00000000
012a2c2b00000000
3c2b0f0000004268
022c2b2f00000000
012b2d2c00000000
3c2c0f0000004368
022d2c2f00000000
012c2e2d00000000
3c2d0d000000186c
3c2e0f0000003c6c
022f2e2d00000000
012e302f00000000
3c2f0f0000003d6c
02302f2d00000000
012f273000000000
3c300f0000003e6c
0227302d00000000
0130262700000000
3c270f0000003f6c
0226272d00000000
0127312600000000
3c260f000000406c
0231262d00000000
0126283100000000
3c310f000000416c
0228312d00000000
01312a2800000000
3c280f000000426c
022a282d00000000
01282b2a00000000
3c2a0f000000436c
022b2a2d00000000
012a2c2b00000000
3c2b0d0000001870
3c2c0f0000003c70
022d2c2b00000000
012c2e2d00000000
3c2d0f0000003d70
022e2d2b00000000
012d2f2e00000000
3c2e0f0000003e70
022f2e2b00000000
012e302f00000000
3c2f0f0000003f70
02302f2b00000000
012f273000000000
3c300f0000004070
0227302b00000000
0130262700000000
3c270f0000004170
0226272b00000000
0127312600000000
3c260f0000004270
0231262b00000000
0126283100000000
3c310f0000004370
0228312b00000000
01312a2800000000
3c280d0000001874
3c2a0f0000003c74
022b2a2800000000
012a2c2b00000000
3c2b0f0000003d74
022c2b2800000000
012b2d2c00000000
3c2c0f0000003e74
022d2c2800000000
012c2e2d00000000
3c2d0f0000003f74
022e2d2800000000
012d2f2e00000000
3c2e0f0000004074
022f2e2800000000
012e302f00000000
3c2f0f0000004174
02302f2800000000
012f273000000000
3c300f0000004274
0227302800000000
0130262700000000
3c270f0000004374
0226272800000000
0127312600000000
3c260d0000001878
3c310f0000003c78
0228312600000000
01312a2800000000
3c280f0000003d78
022a282600000000
01282b2a00000000
3c2a0f0000003e78
022b2a2600000000
012a2c2b00000000
3c2b0f0000003f78
022c2b2600000000
012b2d2c00000000
3c2c0f0000004078
022d2c2600000000
012c2e2d00000000
3c2d0f0000004178
022e2d2600000000
012d2f2e00000000
3c2e0f0000004278
022f2e2600000000
012e302f00000000
3c2f0f0000004378
02302f2600000000
012f273000000000
3c300d000000187c
3c0d0f0000003c7c
02270d3000000000
010d312700000000
3c270f0000003d7c
0231273000000000
0127283100000000
3c310f0000003e7c
0228313000000000
01312a2800000000
3c280f0000003f7c
022a283000000000
01282b2a00000000
3c2a0f000000407c
022b2a3000000000
012a2c2b00000000
3c2b0f000000417c
022c2b3000000000
012b2d2c00000000
3c2c0f000000427c
022d2c3000000000
012c2e2d00000000
3c2d0f000000437c
020f2d3000000000
012d2f0f00000000
380f047f0713d800
0b2f0f0c00000000
090f012f00000000
202f0000ffffffff
030c0f2f00000000
202f0000ff61b1e6
04300c2f00000000
010c101700000000
01171f0d00000000
010d0c1700000000
201700003e3504f3
020c0d1700000000
040d0c0f00000000
050c0d3000000000
380d047f07128c00
231f0c0d00000000
13100c1f00000000
381f047f07128e00
232e101f00000000
1326102e00000000
382e047f07129000
2310262e00000000
1332261000000000
3810047f07129200
2326321000000000
1333322600000000
3826047f07129400
2332332600000000
1334333200000000
3832047f0713da00
2333343200000000
1335343300000000
2033000080000000
0334353300000000
01360c3400000000
2034000042b00000
140c363400000000
20360000c2ae0000
13370c3600000000
200c00003fb8aa3b
0238370c00000000
203900004b400000
013a383900000000
20380000cb400000
013b3a3800000000
203a0000bf317200
023c3b3a00000000
013d373c00000000
203c0000b5bfbe8e
02373b3c00000000
013e3d3700000000
203700003ab60b61
023d373e00000000
203f00003c088889
01403d3f00000000
023d403e00000000
204000003d2aaaab
01413d4000000000
023d413e00000000
204100003e2aaaab
01423d4100000000
023d423e00000000
204200003f000000
01433d4200000000
023d433e00000000
204300003f800000
01443d4300000000
023d443e00000000
01443d4300000000
0d3d3b0000000000
203b000000000017
073e3d3b00000000
083d443e00000000
043e3d0f00000000
3b3e047f00004400
0e3d3e0000000000
3b3d047f00005400
3b35047f00006400
01350e1600000000
01161e2700000000
0127351600000000
0216271700000000
0427160f00000000
0516273000000000
2327160d00000000
1335162700000000
2327351f00000000
131e352700000000
23271e2e00000000
13351e2700000000
2327351000000000
131e352700000000
23271e2600000000
13351e2700000000
2327353200000000
131e352700000000
03271e3300000000
0135162700000000
1427353400000000
1335273600000000
0227350c00000000
0116273900000000
0127163800000000
0216273a00000000
010e351600000000
0216273c00000000
01350e1600000000
0216373500000000
010e163f00000000
02160e3500000000
010e164000000000
02160e3500000000
010e164100000000
02160e3500000000
010e164200000000
02160e3500000000
010e164300000000
02160e3500000000
010e164300000000
0d16270000000000
0727163b00000000
08160e2700000000
0427160f00000000
3b27047f00004600
0e16270000000000
3b16047f00005600
3b1e047f00006600
011e192100000000
0121293100000000
01311e2100000000
0221311700000000
0431210f00000000
0521313000000000
2331210d00000000
131e213100000000
23311e1f00000000
13291e3100000000
2331292e00000000
131e293100000000
23311e1000000000
13291e3100000000
2331292600000000
131e293100000000
23311e3200000000
13291e3100000000
0331293300000000
011e213100000000
14311e3400000000
131e313600000000
02311e0c00000000
0121313900000000
0131213800000000
0221313a00000000
01191e2100000000
0221313c00000000
011e192100000000
0221371e00000000
0119213f00000000
0221191e00000000
0119214000000000
0221191e00000000
0119214100000000
0221191e00000000
0119214200000000
0221191e00000000
0119214300000000
0221191e00000000
0119214300000000
0d21310000000000
0731213b00000000
0821193100000000
0431210f00000000
3b31047f00004800
0e21310000000000
3b21047f00005800
3b29047f00006800
0129111800000000
0118202800000000
0128291800000000
0218281700000000
0428180f00000000
0518283000000000
2328180d00000000
1329182800000000
2328291f00000000
1320292800000000
2328202e00000000
1329202800000000
2328291000000000
1320292800000000
2328202600000000
1329202800000000
2328293200000000
1320292800000000
0328203300000000
0129182800000000
1428293400000000
1329283600000000
0228290c00000000
0118283900000000
0128183800000000
0218283a00000000
0111291800000000
0218283c00000000
0129111800000000
0218372900000000
0111183f00000000
0218112900000000
0111184000000000
0218112900000000
0111184100000000
0218112900000000
0111184200000000
0218112900000000
0111184300000000
0218112900000000
0111184300000000
0d18280000000000
0728183b00000000
0818112800000000
0428180f00000000
3b28047f00004a00
0e18280000000000
3b18047f00005a00
3b20047f00006a00
0120121a00000000
011a222a00000000
012a201a00000000
021a2a1700000000
042a1a0f00000000
051a2a3000000000
232a1a0d00000000
13201a2a00000000
232a201f00000000
1322202a00000000
232a222e00000000
1320222a00000000
232a201000000000
1322202a00000000
232a222600000000
1320222a00000000
232a203200000000
1322202a00000000
032a223300000000
01201a2a00000000
142a203400000000
13202a3600000000
022a200c00000000
011a2a3900000000
012a1a3800000000
021a2a3a00000000
0112201a00000000
021a2a3c00000000
0120121a00000000
021a372000000000
01121a3f00000000
021a122000000000
01121a4000000000
021a122000000000
01121a4100000000
021a122000000000
01121a4200000000
021a122000000000
01121a4300000000
021a122000000000
01121a4300000000
0d1a2a0000000000
072a1a3b00000000
081a122a00000000
042a1a0f00000000
3b2a047f00004c00
0e1a2a0000000000
3b1a047f00005c00
3b22047f00006c00
0122131b00000000
011b232b00000000
012b221b00000000
021b2b1700000000
042b1b0f00000000
051b2b3000000000
232b1b0d00000000
13221b2b00000000
232b221f00000000
1323222b00000000
232b232e00000000
1322232b00000000
232b221000000000
1323222b00000000
232b232600000000
1322232b00000000
232b223200000000
1323222b00000000
032b233300000000
01221b2b00000000
142b223400000000
13222b3600000000
022b220c00000000
011b2b3900000000
012b1b3800000000
021b2b3a00000000
0113221b00000000
021b2b3c00000000
0122131b00000000
021b372200000000
01131b3f00000000
021b132200000000
01131b4000000000
021b132200000000
01131b4100000000
021b132200000000
01131b4200000000
021b132200000000
01131b4300000000
021b132200000000
01131b4300000000
0d1b2b0000000000
072b1b3b00000000
081b132b00000000
042b1b0f00000000
3b2b047f00004e00
0e1b2b0000000000
3b1b047f00005e00
3b23047f00006e00
0123141c00000000
011c242c00000000
012c231c00000000
021c2c1700000000
042c1c0f00000000
051c2c3000000000
232c1c0d00000000
13231c2c00000000
232c231f00000000
1324232c00000000
232c242e00000000
1323242c00000000
232c231000000000
1324232c00000000
232c242600000000
1323242c00000000
232c233200000000
1324232c00000000
032c243300000000
01231c2c00000000
142c233400000000
13232c3600000000
022c230c00000000
011c2c3900000000
012c1c3800000000
021c2c3a00000000
0114231c00000000
021c2c3c00000000
0123141c00000000
021c372300000000
01141c3f00000000
021c142300000000
01141c4000000000
021c142300000000
01141c4100000000
021c142300000000
01141c4200000000
021c142300000000
01141c4300000000
021c142300000000
01141c4300000000
0d1c2c0000000000
072c1c3b00000000
081c142c00000000
042c1c0f00000000
3b2c047f00005000
0e1c2c0000000000
3b1c047f00006000
3b24047f00007000
0124151d00000000
011d252d00000000
012d241d00000000
021d2d1700000000
042d1d0f00000000
051d2d3000000000
232d1d0d00000000
13301d2d00000000
232d301f00000000
1317302d00000000
232d172e00000000
1330172d00000000
232d301000000000
1317302d00000000
232d172600000000
1330172d00000000
232d303200000000
1332302d00000000
032d323300000000
01301d2d00000000
142d303400000000
13302d3600000000
022d300c00000000
011d2d3900000000
012d1d3800000000
021d2d3a00000000
0117301d00000000
021d2d3c00000000
0130171d00000000
021d373000000000
01171d3f00000000
021d173000000000
01171d4000000000
021d173000000000
01171d4100000000
021d173000000000
01171d4200000000
021d173000000000
01171d4300000000
021d173000000000
01171d4300000000
0d1d2d0000000000
072d1d3b00000000
081d172d00000000
042d1d0f00000000
3b2d047f00005200
0e1d2d0000000000
3b1d047f00006200
3b32047f00007200
3832047f07136800
3c1d320000004400
3c2d320000004404
010f1d2d00000000
3c2d320000004408
011d0f2d00000000
3c2d32000000440c
010f1d2d00000000
3c2d320000004410
011d0f2d00000000
3c2d320000004414
010f1d2d00000000
3c2d320000004418
011d0f2d00000000
3c2d32000000441c
010f1d2d00000000
382d047f0712fc00
231d0f2d00000000
01170f1d00000000
381d047f0712fe00
230f171d00000000
0130170f00000000
380f047f07130000
2317300f00000000
0124301700000000
3817047f0713dc00
2330241700000000
3817047f0713de00
3c24170000006400
2b06000000000014
3817060f00000000
0325243300000000
0124172500000000
1425243400000000
1324253600000000
0225240c00000000
0117253900000000
0125173800000000
0217253a00000000
0115241700000000
0217253c00000000
0124151700000000
0217372400000000
0115173f00000000
0217152400000000
0115174000000000
0217152400000000
0115174100000000
0217152400000000
0115174200000000
0217152400000000
0115174300000000
0217152400000000
0115174300000000
0d17250000000000
0725173b00000000
0817152500000000
0125301700000000
3817047f0713c600
3c30170000001800
3815047f0713e000
3c24150000005400
021c243000000000
3c24150000005800
022c243000000000
3c24150000005c00
0214243000000000
3c24150000006000
0223243000000000
3c24170000001880
3c30150000005404
021b302400000000
01301c1b00000000
3c1b150000005804
021c1b2400000000
011b2c1c00000000
3c1c150000005c04
022c1c2400000000
011c142c00000000
3c2c150000006004
02142c2400000000
012c231400000000
3c14170000001900
3c23150000005408
0224231400000000
0123302400000000
3c24150000005808
0230241400000000
01241b3000000000
3c30150000005c08
021b301400000000
01301c1b00000000
3c1b150000006008
021c1b1400000000
011b2c1c00000000
3c1c170000001980
3c2c15000000540c
02142c1c00000000
012c231400000000
3c1415000000580c
0223141c00000000
0114242300000000
3c23150000005c0c
0224231c00000000
0123302400000000
3c2415000000600c
0230241c00000000
01241b3000000000
3c30170000001a00
3c1b150000005410
021c1b3000000000
011b2c1c00000000
3c1c150000005810
022c1c3000000000
011c142c00000000
3c2c150000005c10
02142c3000000000
012c231400000000
3c14150000006010
0223143000000000
0114242300000000
3c23170000001a80
3c24150000005414
0230242300000000
01241b3000000000
3c30150000005814
021b302300000000
01301c1b00000000
3c1b150000005c14
021c1b2300000000
011b2c1c00000000
3c1c150000006014
022c1c2300000000
011c142c00000000
3c2c170000001b00
3c14150000005418
0223142c00000000
0114242300000000
3c23150000005818
0224232c00000000
0123302400000000
3c24150000005c18
0230242c00000000
01241b3000000000
3c30150000006018
021b302c00000000
01301c1b00000000
3c1b170000001b80
3c1c15000000541c
022c1c1b00000000
011c142c00000000
3c2c15000000581c
02142c1b00000000
012c231400000000
3c14150000005c1c
0223141b00000000
0114242300000000
3c2315000000601c
0224231b00000000
0123302400000000
3c24170000001c00
3c30150000005420
021b302400000000
3c30150000005820
022b302400000000
3c30150000005c20
0213302400000000
3c30150000006020
0222302400000000
3c30170000001c80
3c24150000005424
021a243000000000
01241b1a00000000
3c1a150000005824
021b1a3000000000
011a2b1b00000000
3c1b150000005c24
022b1b3000000000
011b132b00000000
3c2b150000006024
02132b3000000000
012b221300000000
3c13170000001d00
3c22150000005428
0230221300000000
0122243000000000
3c30150000005828
0224301300000000
01301a2400000000
3c24150000005c28
021a241300000000
01241b1a00000000
3c1a150000006028
021b1a1300000000
011a2b1b00000000
3c1b170000001d80
3c2b15000000542c
02132b1b00000000
012b221300000000
3c1315000000582c
0222131b00000000
0113302200000000
3c22150000005c2c
0230221b00000000
0122243000000000
3c3015000000602c
0224301b00000000
01301a2400000000
3c24170000001e00
3c1a150000005430
021b1a2400000000
011a2b1b00000000
3c1b150000005830
022b1b2400000000
011b132b00000000
3c2b150000005c30
02132b2400000000
012b221300000000
3c13150000006030
0222132400000000
0113302200000000
3c22170000001e80
3c30150000005434
0224302200000000
01301a2400000000
3c24150000005834
021a242200000000
01241b1a00000000
3c1a150000005c34
021b1a2200000000
011a2b1b00000000
3c1b150000006034
022b1b2200000000
011b132b00000000
3c2b170000001f00
3c13150000005438
0222132b00000000
0113302200000000
3c22150000005838
0230222b00000000
0122243000000000
3c30150000005c38
0224302b00000000
01301a2400000000
3c24150000006038
021a242b00000000
01241b1a00000000
3c1a170000001f80
3c1b15000000543c
022b1b1a00000000
011b132b00000000
3c2b15000000583c
02132b1a00000000
012b221300000000
3c13150000005c3c
0222131a00000000
0113302200000000
3c2215000000603c
0230221a00000000
0122243000000000
3c30170000002000
3c24150000005440
021a243000000000
3c24150000005840
022a243000000000
3c24150000005c40
0212243000000000
3c24150000006040
0220243000000000
3c24170000002080
3c30150000005444
0218302400000000
01301a1800000000
3c18150000005844
021a182400000000
01182a1a00000000
3c1a150000005c44
022a1a2400000000
011a122a00000000
3c2a150000006044
02122a2400000000
012a201200000000
3c12170000002100
3c20150000005448
0224201200000000
0120302400000000
3c24150000005848
0230241200000000
0124183000000000
3c30150000005c48
0218301200000000
01301a1800000000
3c18150000006048
021a181200000000
01182a1a00000000
3c1a170000002180
3c2a15000000544c
02122a1a00000000
012a201200000000
3c1215000000584c
0220121a00000000
0112242000000000
3c20150000005c4c
0224201a00000000
0120302400000000
3c2415000000604c
0230241a00000000
0124183000000000
3c30170000002200
3c18150000005450
021a183000000000
01182a1a00000000
3c1a150000005850
022a1a3000000000
011a122a00000000
3c2a150000005c50
02122a3000000000
012a201200000000
3c12150000006050
0220123000000000
0112242000000000
3c20170000002280
3c24150000005454
0230242000000000
0124183000000000
3c30150000005854
0218302000000000
01301a1800000000
3c18150000005c54
021a182000000000
01182a1a00000000
3c1a150000006054
022a1a2000000000
011a122a00000000
3c2a170000002300
3c12150000005458
0220122a00000000
0112242000000000
3c20150000005858
0224202a00000000
0120302400000000
3c24150000005c58
0230242a00000000
0124183000000000
3c30150000006058
0218302a00000000
01301a1800000000
3c18170000002380
3c1a15000000545c
022a1a1800000000
011a122a00000000
3c2a15000000585c
02122a1800000000
012a201200000000
3c12150000005c5c
0220121800000000
0112242000000000
3c2015000000605c
0224201800000000
0120302400000000
3c24170000002400
3c30150000005460
0218302400000000
3c30150000005860
0228302400000000
3c30150000005c60
0211302400000000
3c30150000006060
0229302400000000
3c30170000002480
3c24150000005464
0221243000000000
0124182100000000
3c21150000005864
0218213000000000
0121281800000000
3c18150000005c64
0228183000000000
0118112800000000
3c28150000006064
0211283000000000
0128291100000000
3c11170000002500
3c29150000005468
0230291100000000
0129243000000000
3c30150000005868
0224301100000000
0130212400000000
3c24150000005c68
0221241100000000
0124182100000000
3c21150000006068
0218211100000000
0121281800000000
3c18170000002580
3c2815000000546c
0211281800000000
0128291100000000
3c1115000000586c
0229111800000000
0111302900000000
3c29150000005c6c
0230291800000000
0129243000000000
3c3015000000606c
0224301800000000
0130212400000000
3c24170000002600
3c21150000005470
0218212400000000
0121281800000000
3c18150000005870
0228182400000000
0118112800000000
3c28150000005c70
0211282400000000
0128291100000000
3c11150000006070
0229112400000000
0111302900000000
3c29170000002680
3c30150000005474
0224302900000000
0130212400000000
3c24150000005874
0221242900000000
0124182100000000
3c21150000005c74
0218212900000000
0121281800000000
3c18150000006074
0228182900000000
0118112800000000
3c28170000002700
3c11150000005478
0229112800000000
0111302900000000
3c29150000005878
0230292800000000
0129243000000000
3c30150000005c78
0224302800000000
0130212400000000
3c24150000006078
0221242800000000
0124182100000000
3c21170000002780
3c1815000000547c
0228182100000000
0118112800000000
3c2815000000587c
0211282100000000
0128291100000000
3c11150000005c7c
0229112100000000
0111302900000000
3c2915000000607c
0230292100000000
0129243000000000
3c30170000002800
3c24150000005480
0221243000000000
3c24150000005880
0231243000000000
3c24150000005c80
0219243000000000
3c24150000006080
021e243000000000
3c24170000002880
3c30150000005484
0216302400000000
0130211600000000
3c16150000005884
0221162400000000
0116312100000000
3c21150000005c84
0231212400000000
0121193100000000
3c31150000006084
0219312400000000
01311e1900000000
3c19170000002900
3c1e150000005488
02241e1900000000
011e302400000000
3c24150000005888
0230241900000000
0124163000000000
3c30150000005c88
0216301900000000
0130211600000000
3c16150000006088
0221161900000000
0116312100000000
3c21170000002980
3c3115000000548c
0219312100000000
01311e1900000000
3c1915000000588c
021e192100000000
0119241e00000000
3c1e150000005c8c
02241e2100000000
011e302400000000
3c2415000000608c
0230242100000000
0124163000000000
3c30170000002a00
3c16150000005490
0221163000000000
0116312100000000
3c21150000005890
0231213000000000
0121193100000000
3c31150000005c90
0219313000000000
01311e1900000000
3c19150000006090
021e193000000000
0119241e00000000
3c1e170000002a80
3c24150000005494
0230241e00000000
0124163000000000
3c30150000005894
0216301e00000000
0130211600000000
3c16150000005c94
0221161e00000000
0116312100000000
3c21150000006094
0231211e00000000
0121193100000000
3c31170000002b00
3c19150000005498
021e193100000000
0119241e00000000
3c1e150000005898
02241e3100000000
011e302400000000
3c24150000005c98
0230243100000000
0124163000000000
3c30150000006098
0216303100000000
0130211600000000
3c16170000002b80
3c2115000000549c
0231211600000000
0121193100000000
3c3115000000589c
0219311600000000
01311e1900000000
3c19150000005c9c
021e191600000000
0119241e00000000
3c1e15000000609c
02241e1600000000
011e302400000000
3c24170000002c00
3c301500000054a0
0216302400000000
3c301500000058a0
0227302400000000
3c30150000005ca0
020e302400000000
3c301500000060a0
0235302400000000
3c30170000002c80
3c241500000054a4
023d243000000000
0124163d00000000
3c3d1500000058a4
02163d3000000000
013d271600000000
3c16150000005ca4
0227163000000000
01160e2700000000
3c271500000060a4
020e273000000000
0127350e00000000
3c0e170000002d00
3c351500000054a8
0230350e00000000
0135243000000000
3c301500000058a8
0224300e00000000
01303d2400000000
3c24150000005ca8
023d240e00000000
0124163d00000000
3c3d1500000060a8
02163d0e00000000
013d271600000000
3c16170000002d80
3c271500000054ac
020e271600000000
0127350e00000000
3c0e1500000058ac
02350e1600000000
010e303500000000
3c35150000005cac
0230351600000000
0135243000000000
3c301500000060ac
0224301600000000
01303d2400000000
3c24170000002e00
3c3d1500000054b0
02163d2400000000
013d271600000000
3c161500000058b0
0227162400000000
01160e2700000000
3c27150000005cb0
020e272400000000
0127350e00000000
3c0e1500000060b0
02350e2400000000
010e303500000000
3c35170000002e80
3c301500000054b4
0224303500000000
01303d2400000000
3c241500000058b4
023d243500000000
0124163d00000000
3c3d150000005cb4
02163d3500000000
013d271600000000
3c161500000060b4
0227163500000000
01160e2700000000
3c27170000002f00
3c0e1500000054b8
02350e2700000000
010e303500000000
3c351500000058b8
0230352700000000
0135243000000000
3c30150000005cb8
0224302700000000
01303d2400000000
3c241500000060b8
023d242700000000
0124163d00000000
3c3d170000002f80
3c161500000054bc
0227163d00000000
01160e2700000000
3c271500000058bc
020e273d00000000
0127350e00000000
3c0e150000005cbc
02350e3d00000000
010e303500000000
3c351500000060bc
0230353d00000000
0135243000000000
3c30170000003000
3c241500000054c0
023d243000000000
3c241500000058c0
023e243000000000
3c24150000005cc0
0244243000000000
3c241500000060c0
0245243000000000
3c24170000003080
3c301500000054c4
0246302400000000
01303d4600000000
3c461500000058c4
023d462400000000
01463e3d00000000
3c3d150000005cc4
023e3d2400000000
013d443e00000000
3c3e1500000060c4
02443e2400000000
013e454400000000
3c44170000003100
3c451500000054c8
0224454400000000
0145302400000000
3c241500000058c8
0230244400000000
0124463000000000
3c30150000005cc8
0246304400000000
01303d4600000000
3c461500000060c8
023d464400000000
01463e3d00000000
3c3d170000003180
3c3e1500000054cc
02443e3d00000000
013e454400000000
3c441500000058cc
0245443d00000000
0144244500000000
3c45150000005ccc
0224453d00000000
0145302400000000
3c241500000060cc
0230243d00000000
0124463000000000
3c30170000003200
3c461500000054d0
023d463000000000
01463e3d00000000
3c3d1500000058d0
023e3d3000000000
013d443e00000000
3c3e150000005cd0
02443e3000000000
013e454400000000
3c441500000060d0
0245443000000000
0144244500000000
3c45170000003280
3c241500000054d4
0230244500000000
0124463000000000
3c301500000058d4
0246304500000000
01303d4600000000
3c46150000005cd4
023d464500000000
01463e3d00000000
3c3d1500000060d4
023e3d4500000000
013d443e00000000
3c3e170000003300
3c441500000054d8
0245443e00000000
0144244500000000
3c451500000058d8
0224453e00000000
0145302400000000
3c24150000005cd8
0230243e00000000
0124463000000000
3c301500000060d8
0246303e00000000
01303d4600000000
3c46170000003380
3c3d1500000054dc
023e3d4600000000
013d443e00000000
3c3e1500000058dc
02443e4600000000
013e454400000000
3c44150000005cdc
0245444600000000
0144244500000000
3c451500000060dc
0224454600000000
0145302400000000
3c24170000003400
3c301500000054e0
0246302400000000
3c301500000058e0
0247302400000000
3c30150000005ce0
0248302400000000
3c301500000060e0
0249302400000000
3c30170000003480
3c241500000054e4
024a243000000000
0124464a00000000
3c4a1500000058e4
02464a3000000000
014a474600000000
3c46150000005ce4
0247463000000000
0146484700000000
3c471500000060e4
0248473000000000
0147494800000000
3c48170000003500
3c491500000054e8
0230494800000000
0149243000000000
3c301500000058e8
0224304800000000
01304a2400000000
3c24150000005ce8
024a244800000000
0124464a00000000
3c4a1500000060e8
02464a4800000000
014a474600000000
3c46170000003580
3c471500000054ec
0248474600000000
0147494800000000
3c481500000058ec
0249484600000000
0148304900000000
3c49150000005cec
0230494600000000
0149243000000000
3c301500000060ec
0224304600000000
01304a2400000000
3c24170000003600
3c4a1500000054f0
02464a2400000000
014a474600000000
3c461500000058f0
0247462400000000
0146484700000000
3c47150000005cf0
0248472400000000
0147494800000000
3c481500000060f0
0249482400000000
0148304900000000
3c49170000003680
3c301500000054f4
0224304900000000
01304a2400000000
3c241500000058f4
024a244900000000
0124464a00000000
3c4a150000005cf4
02464a4900000000
014a474600000000
3c461500000060f4
0247464900000000
0146484700000000
3c47170000003700
3c481500000054f8
0249484700000000
0148304900000000
3c491500000058f8
0230494700000000
0149243000000000
3c30150000005cf8
0224304700000000
01304a2400000000
3c241500000060f8
024a244700000000
0124464a00000000
3c4a170000003780
3c171500000054fc
0246174a00000000
0117484600000000
3c461500000058fc
0248464a00000000
0146494800000000
3c48150000005cfc
0249484a00000000
0148304900000000
3c491500000060fc
0215494a00000000
0149241500000000
01151c1b00000000
011b1a1800000000
0118211600000000
01163d1700000000
0117151b00000000
011b181600000000
0116171b00000000
381b047f07130600
2317251b00000000
1018161700000000
0e17180000000000
3818047f07135e00
23160a1800000000
3815047f07136000
233d0a1500000000
3821047f0713e200
031a3d2100000000
023d171600000000
2316170d00000000
021c161a00000000
01163d1c00000000
0e1c160000000000
3816047f07136600
033d1c1700000000
041c163d00000000
033d171c00000000
011c2c2b00000000
012b2a2800000000
0128312700000000
01273e4600000000
01461c2b00000000
012b282700000000
0127462b00000000
382b047f07136e00
2346252b00000000
1028274600000000
0e46280000000000
23280a1800000000
23270a1500000000
031c272100000000
0227462800000000
2328460d00000000
023e281c00000000
0128273e00000000
0e3e280000000000
03283e4600000000
043e162800000000
0328463e00000000
013e141300000000
0113121100000000
0111190e00000000
010e444800000000
01483e1300000000
0113110e00000000
010e481300000000
3813047f0713c800
2348251300000000
10110e4800000000
0e48110000000000
23110a1800000000
230e0a1500000000
033e0e2100000000
020e481100000000
2311480d00000000
0244113e00000000
01110e4400000000
0e44110000000000
0311444800000000
0444161100000000
0311484400000000
0144232200000000
0122202900000000
01291e3500000000
0135454900000000
0149442200000000
0122293500000000
0135492200000000
3822047f0713ca00
2349252200000000
1025354900000000
0e49250000000000
23250a1800000000
23180a1500000000
0315182100000000
0218492500000000
2325490d00000000
0221251500000000
0125182100000000
0e21250000000000
0325214900000000
0421162500000000
0325492100000000
0e213d0000000000
3b21047f00000100
0e21280000000000
3b21047f00000300
3c21320000000100
4000210000000000
3c21320000000104
4000210000000001
3c21320000000108
4000210000000002
3c2132000000010c
4000210000000003
3c21320000000110
4000210000000004
3c21320000000114
4000210000000005
3c21320000000118
4000210000000006
3c2132000000011c
4000210000000007
3c21320000000300
4000210000000008
3c21320000000304
4000210000000009
3c21320000000308
400021000000000a
3c2132000000030c
400021000000000b
3c21320000000310
400021000000000c
3c21320000000314
400021000000000d
3c21320000000318
400021000000000e
3c2132000000031c
400021000000000f
2b06000000000015
2807000000000800
4106070200080020
4200000000000000
0e21110000000000
3b21047f00000100
0e21250000000000
3b21047f00000300
3c21320000000100
4000210000000000
3c21320000000104
4000210000000001
3c21320000000108
4000210000000002
3c2132000000010c
4000210000000003
3c21320000000110
4000210000000004
3c21320000000114
4000210000000005
3c21320000000118
4000210000000006
3c2132000000011c
4000210000000007
3c21320000000300
4000210000000008
3c21320000000304
4000210000000009
3c21320000000308
400021000000000a
3c2132000000030c
400021000000000b
3c21320000000310
400021000000000c
3c21320000000314
400021000000000d
3c21320000000318
400021000000000e
3c2132000000031c
400021000000000f
2b06000000000015
2906060000004000
2807000000000880
4106070200080020
4200000000000000
3a21043f00000800
0e25210000000000
3925043f00001f80
3400000000000000
3300000000000000
3825047f00001d80
3821047f0712b800
0411252100000000
4825110000000080
3925047f00001d80
3825047f00001f80
3811047f07128a00
0428251100000000
4811280000000080
3911047f00001f80
3400000000000000
3300000000000000
3811047f00001d80
3828047f00001f80
202500007fffffff
043d112500000000
23493d0d00000000
13163d4900000000
2349161f00000000
133d164900000000
23493d2e00000000
13163d4900000000
2349161000000000
133d164900000000
23493d2600000000
13163d4900000000
2049000038d1b717
133d164900000000
201600003b124925
02183d1600000000
063d183b00000000
20150000007fffff
040a181500000000
0a180a0100000000
080a3d1800000000
201800000000007f
093d0a1800000000
090a183d00000000
07350a3b00000000
020a113500000000
17350a0000000000
040a282500000000
23110a0d00000000
13290a1100000000
2311291f00000000
130a291100000000
23110a2e00000000
13290a1100000000
2311291000000000
130a291100000000
23110a2600000000
13290a1100000000
1311294900000000
0229111600000000
0611293b00000000
040a291500000000
0a290a0100000000
080a112900000000
09290a1800000000
090a182900000000
07110a3b00000000
020a281100000000
17110a0000000000
4300350100000000
45003d0000000000
380a047f07134e00
2328350a00000000
23443d0a00000000
4300280100000001
4500440000000001
3844047f07135000
2328354400000000
23453d4400000000
4300280100000002
4500450000000002
3845047f07135200
2328354500000000
23353d4500000000
4300280100000003
4500350000000003
4300110100000004
4500290000000004
2335110a00000000
2328290a00000000
4300350100000005
4500280000000005
2328114400000000
2335294400000000
4300280100000006
4500350000000006
2335114500000000
2311294500000000
4300350100000007
4500110000000007
2b06000000000016
2807000000000800
4406070100080028
4200000000000000
3a11042700000800
0e35110000000000
39350427000022c0
3400000000000000
3300000000000000
3835047f00002180
3811047f0713fa00
0429351100000000
4835290000000080
3935047f00002180
3835041f00002380
3829047f07133a00
0428352900000000
4835280000000020
3935041f00002380
3400000000000000
3300000000000000
3835047f00002180
3828041f00002380
233d090100000000
021e3d0200000000
203d000000000004
2320093d00000000
0223200300000000
01201e2300000000
2023000000000008
231e092300000000
02481e0400000000
011e204800000000
204800000000000c
2320094800000000
020e200500000000
01201e0e00000000
230e083d00000000
021e0e3500000000
010e1e2000000000
0e1e0e0000000000
200e000000000001
2320090e00000000
023e200200000000
2320090b00000000
0219200300000000
01203e1900000000
2019000000000009
233e091900000000
02123e0400000000
013e201200000000
201200000000000d
2320091200000000
0214200500000000
01203e1400000000
2314080b00000000
023e143500000000
01143e2000000000
0e3e140000000000
2014000000000002
2320091400000000
0246200200000000
2020000000000006
2327092000000000
021c270300000000
0127461c00000000
201c00000000000a
2346091c00000000
0231460400000000
0146273100000000
203100000000000e
2327093100000000
022a270500000000
0127462a00000000
232a082000000000
02462a3500000000
012a462700000000
0e462a0000000000
202a000000000003
2327092a00000000
022c270200000000
2027000000000007
2302092700000000
0217020300000000
01022c1700000000
201700000000000b
232c091700000000
02032c0400000000
012c020300000000
200300000000000f
2302090300000000
0204020500000000
01022c0400000000
2304082700000000
022c043500000000
01042c0200000000
0e2c040000000000
3804047f07128000
2302060400000000
2335091b00000000
0205350200000000
3835047f07128200
2302063500000000
231a092b00000000
02241a0200000000
011a052400000000
3824047f07128400
2305062400000000
2302091300000000
024a020500000000
01021a4a00000000
384a047f07128600
231a064a00000000
2306092200000000
0209061a00000000
0106020900000000
2309082b00000000
2308280400000000
0228090800000000
0108280600000000
0e28080000000000
3b1e047f00001800
3b3e047f00001a80
3b46047f00001d00
3b2c047f00001f80
3808047f07130800
3d28087f00000000
3808047f07130a00
3c06080000001800
3808047f07130c00
3c09080000001804
3808047f07130e00
3c02080000001808
3808047f07131000
3c1a08000000180c
3808047f07131200
3c05080000001810
3808047f07131400
3c30080000001814
3808047f07131600
3c47080000001818
3808047f07131800
3c4b08000000181c
2b06000000000017
3808064f00000000
024c080600000000
3808064f00000140
024d080900000000
01084c4d00000000
384d064f00000280
024c4d0200000000
014d084c00000000
384c064f000003c0
02084c1a00000000
014c4d0800000000
3808064f00000500
024d080500000000
01084c4d00000000
384d064f00000640
024c4d3000000000
014d084c00000000
384c064f00000780
02084c4700000000
014c4d0800000000
3808064f000008c0
024d084b00000000
01084c4d00000000
3b08047f00002200
3808064f00000a00
024d080600000000
3808064f00000b40
024c080900000000
01084d4c00000000
384c064f00000c80
024d4c0200000000
014c084d00000000
384d064f00000dc0
02084d1a00000000
014d4c0800000000
3808064f00000f00
024c080500000000
01084d4c00000000
384c064f00001040
024d4c3000000000
014c084d00000000
384d064f00001180
02084d4700000000
014d4c0800000000
3808064f000012c0
024c084b00000000
01084d4c00000000
3b08047f00002400
3808064f00001400
024c080600000000
3808064f00001540
024d080900000000
01084c4d00000000
384d064f00001680
024c4d0200000000
014d084c00000000
384c064f000017c0
02084c1a00000000
014c4d0800000000
3808064f00001900
024d080500000000
01084c4d00000000
384d064f00001a40
024c4d3000000000
014d084c00000000
384c064f00001b80
02084c4700000000
014c4d0800000000
3808064f00001cc0
024d084b00000000
01084c4d00000000
3b08047f00002600
3808064f00001e00
024d080600000000
3808064f00001f40
024c080900000000
01084d4c00000000
384c064f00002080
024d4c0200000000
014c084d00000000
384d064f000021c0
02084d1a00000000
014d4c0800000000
3808064f00002300
024c080500000000
01084d4c00000000
384c064f00002440
024d4c3000000000
014c084d00000000
384d064f00002580
02084d4700000000
014d4c0800000000
3808064f000026c0
024c084b00000000
01084d4c00000000
3b08047f00002800
3808064f00002800
024c080600000000
3808064f00002940
024d080900000000
01084c4d00000000
384d064f00002a80
024c4d0200000000
014d084c00000000
384c064f00002bc0
02084c1a00000000
014c4d0800000000
3808064f00002d00
024d080500000000
01084c4d00000000
384d064f00002e40
024c4d3000000000
014d084c00000000
384c064f00002f80
02084c4700000000
014c4d0800000000
3808064f000030c0
024d084b00000000
01084c4d00000000
3b08047f00002a00
3808064f00003200
024d080600000000
3808064f00003340
0206080900000000
01084d0600000000
3806064f00003480
024d060200000000
0106084d00000000
384d064f000035c0
02084d1a00000000
014d060800000000
3808064f00003700
0206080500000000
01084d0600000000
3806064f00003840
024d063000000000
0106084d00000000
384d064f00003980
02084d4700000000
014d060800000000
3808064f00003ac0
0206084b00000000
01084d0600000000
3b08047f00002c00
3808047f0712f000
3c06080000002200
3c4d080000002204
014b064d00000000
3b4b047f00003000
3c4b080000002600
3c4d080000002604
01064b4d00000000
3b06047f00003200
3c06080000002a00
3c4d080000002a04
014b064d00000000
3b4b047f00003400
3c4b080000003000
3c4d080000003004
01084b4d00000000
3b08047f00002200
3808047f0713ec00
3c4d080000003400
3808047f0713ee00
3c4b080000003404
01084d4b00000000
3b08043f00002400
3808047f0713f000
3c4b080000002200
3808047f0713f200
3c4d080000002204
01084b4d00000000
3b08045f00003000
3808047f0713f400
3c4d080000003000
23084d2d00000000
014b4d0800000000
23084b1d00000000
014d4b0800000000
23084d0f00000000
014b4d0800000000
3808047f07130400
234d4b0800000000
01064b4d00000000
384d047f0713f600
234b064d00000000
394b040500001d34
3400000000000000
3300000000000000
384b040c00001d34
484d4b010000000d
394d041900001d00
3400000000000000
3300000000000000
384d041900001d00
204b000000000018
23064d4b00000000
204b000044200000
1047064b00000000
204b00001e3ce508
0106474b00000000
20470000bf000000
0230064700000000
200500005f3759df
061a060e00000000
0906051a00000000
201a00003fc00000
0202060600000000
0209300200000000
01021a0900000000
0209060200000000
0202090900000000
0206300200000000
01021a0600000000
0206090200000000
0202060600000000
0209300200000000
01021a0900000000
0209060200000000
02024d0900000000
2b06000000000018
3809061700000000
2b06000000000018
384d061700000200
0206020900000000
0109064d00000000
0306093300000000
144d063400000000
13064d3600000000
024d060c00000000
01024d3900000000
014d023800000000
02024d3a00000000
0130060200000000
02024d3c00000000
0106300200000000
0202370600000000
0130023f00000000
0202300600000000
0130024000000000
0202300600000000
0130024100000000
0202300600000000
0130024200000000
0202300600000000
0130024300000000
0202300600000000
0130024300000000
0d024d0000000000
074d023b00000000
0802304d00000000
014d024300000000
1002434d00000000
204d0000358637bd
0130024d00000000
2006000040000000
024c020600000000
3802047f0712b600
234e090800000000
03094e4300000000
044e020900000000
0309434e00000000
384e047f07132a00
3802047f07132c00
384f047f07132e00
3850047f07133000
3851047f07133200
3852047f07133400
3853047f07133600
3854047f07133800
2355090d00000000
1356095500000000
2355561f00000000
1357565500000000
0355573300000000
0157095500000000
1455573400000000
1357553600000000
0255570c00000000
0109553900000000
0155093800000000
0209553a00000000
0156570900000000
0209553c00000000
0157560900000000
0209375700000000
0156093f00000000
0209565700000000
0156094000000000
0209565700000000
0156094100000000
0209565700000000
0156094200000000
0209565700000000
0156094300000000
0209565700000000
0156094300000000
0d09550000000000
0755093b00000000
0809565500000000
2355094e00000000
2356090200000000
0157555600000000
2356094f00000000
0155575600000000
2356095000000000
0157555600000000
1056095700000000
0157564d00000000
2356575100000000
2309575200000000
0155560900000000
2309575300000000
0156550900000000
2309575400000000
0155560900000000
0109554d00000000
1055570900000000
0509555500000000
280e000000000013
2355094e00000000
2357090200000000
0156555700000000
2357094f00000000
0155565700000000
2357095000000000
0156555700000000
0157564d00000000
1056095700000000
2357565100000000
2355565200000000
0158575500000000
2355565300000000
0157585500000000
2355565400000000
0158575500000000
0155584d00000000
1009565500000000
290e0e00ffffffff
31000e0000002a83
2354070100000000
0253541e00000000
2352280400000000
0251545200000000
2352070e00000000
0254523e00000000
2350283500000000
024f525000000000
0150535400000000
0154514f00000000
234f071400000000
02514f4600000000
2353282400000000
02524f5300000000
0153505100000000
0151545200000000
2352072a00000000
0207522c00000000
2354284a00000000
0250525400000000
0154530700000000
0107515000000000
0e50540000000000
0e54070000000000
0407542900000000
0254505000000000
3b54047f00003800
0254070700000000
3b54041f00003a00
3854047f07133c00
3c51540000003800
3854047f07133e00
3c53540000003804
0154515300000000
3853047f07134000
3c51530000003808
0153545100000000
3851047f07134200
3c5451000000380c
0151535400000000
3854047f07134400
3c53540000003810
0154515300000000
3853047f07134600
3c51530000003814
0153545100000000
3851047f07134800
3c54510000003818
0151535400000000
3854047f07134a00
3c5354000000381c
0154515300000000
2353542d00000000
012d545300000000
23532d1d00000000
011d2d5300000000
23531d0f00000000
010f1d5300000000
23530f0800000000
01080f5300000000
3853047f07134c00
230f085300000000
011d080f00000000
230f1d2100000000
201d000043200000
10210f1d00000000
011d214b00000000
02211d4700000000
06471d0e00000000
091d054700000000
02471d1d00000000
0205214700000000
01471a0500000000
02051d4700000000
0247050500000000
021d214700000000
01471a1d00000000
021d054700000000
02471d1d00000000
0205214700000000
01471a0500000000
02051d4700000000
2347050100000000
2b06000000000019
3805067f00000000
2b06000000000019
381d061f00000200
0221504700000000
0250052100000000
0e21500000000000
0250074700000000
02471d5000000000
0e50470000000000
0e47210000000000
3b47047f00000100
0e47500000000000
3b47047f00000300
3c47320000000100
4000470000000000
3c47320000000104
4000470000000001
3c47320000000108
4000470000000002
3c4732000000010c
4000470000000003
3c47320000000110
4000470000000004
3c47320000000114
4000470000000005
3c47320000000118
4000470000000006
3c4732000000011c
4000470000000007
3c47320000000300
4000470000000008
3c47320000000304
4000470000000009
3c47320000000308
400047000000000a
3c4732000000030c
400047000000000b
3c47320000000310
400047000000000c
3c47320000000314
400047000000000d
3c47320000000318
400047000000000e
3c4732000000031c
400047000000000f
2b0600000000001a
2807000000000800
4106070200080004
4200000000000000
3a47040300000800
0432472500000000
031d323300000000
14321d3400000000
131d323600000000
02321d0c00000000
0107323900000000
0132073800000000
0207323a00000000
01051d0700000000
0207323c00000000
011d050700000000
0207371d00000000
0105073f00000000
0207051d00000000
0105074000000000
0207051d00000000
0105074100000000
0207051d00000000
0105074200000000
0207051d00000000
0105074300000000
0207051d00000000
0105074300000000
0d07320000000000
0732073b00000000
0807053200000000
0132070600000000
1005073200000000
0232050500000000
200700003d70f0f1
021d073200000000
200700003d888889
010f1d0700000000
02070f3200000000
200f00003d9d89d9
011d070f00000000
020f1d3200000000
201d00003dba2e8c
01070f1d00000000
021d073200000000
200700003de38e39
010f1d0700000000
02070f3200000000
200f00003e124925
011d070f00000000
020f1d3200000000
201d00003e4ccccd
01070f1d00000000
021d073200000000
200700003eaaaaab
010f1d0700000000
02070f3200000000
010f074300000000
0207050f00000000
020f070600000000
1307470100000000
0147070f00000000
1107470000000000
2b0600000000001b
3847060300000000
010f074700000000
3847047f07142400
03060f2f00000000
040f470600000000
03062f0f00000000
230f060100000000
0c2f0f0600000000
0c47060f00000000
050f2f4700000000
03470f0e00000000
380f047f07137000
0405470f00000000
050f2f0500000000
0805010f00000000
230f060e00000000
0c2f0f0600000000
0c47060f00000000
050f2f4700000000
03470f0e00000000
380f047f07137200
0432470f00000000
050f2f3200000000
0832050f00000000
230f061400000000
0c050f0600000000
0c2f060f00000000
050f052f00000000
032f0f0e00000000
380f047f07137400
04472f0f00000000
050f054700000000
0847320f00000000
230f062a00000000
0c320f0600000000
0c05060f00000000
050f320500000000
03050f0e00000000
380f047f07137600
0406050f00000000
050f320600000000
0806470f00000000
0b0f062a00000000
3806047f07142600
04470f0600000000
0906014700000000
380f047f0713b200
2332470f00000000
380f047f0713b400
0405320f00000000
080f470500000000
3805047f0713b600
23320f0500000000
3805047f0713b800
042f320500000000
08050f2f00000000
382f047f0713ba00
230f052f00000000
382f047f0713bc00
04320f2f00000000
082f053200000000
3832047f0713be00
23052f3200000000
3832047f0713c000
040f053200000000
08322f0f00000000
090f324700000000
0432070600000000
2347320100000000
232f320e00000000
0105472f00000000
232f321400000000
0147052f00000000
232f322a00000000
0132472f00000000
012f324b00000000
1032072f00000000
022f321a00000000
07320f1400000000
200f000000007c80
081a320f00000000
200f000000007400
03321a0f00000000
041a063200000000
03320f1a00000000
211a000000000000
3d1a320f00000000
3d2f320f00000040
3a32040200007c80
3a2f040200007cc0
041a212500000000
230f1a0d00000000
13061a0f00000000
230f061f00000000
131a060f00000000
230f1a2e00000000
13061a0f00000000
230f061000000000
131a060f00000000
230f1a2600000000
13061a0f00000000
130f064900000000
02060f1600000000
060f063b00000000
041a061500000000
0a061a0100000000
081a0f0600000000
09061a1800000000
091a180600000000
070f1a3b00000000
021a210f00000000
170f1a0000000000
041a502500000000
23211a0d00000000
13071a2100000000
2321071f00000000
131a072100000000
23211a2e00000000
13071a2100000000
2321071000000000
131a072100000000
23211a2600000000
13071a2100000000
1321074900000000
0207211600000000
0621073b00000000
041a071500000000
0a071a0100000000
081a210700000000
09071a1800000000
091a180700000000
07211a3b00000000
021a502100000000
17211a0000000000
43000f0100000000
4500060000000000
231a0f0a00000000
2350060a00000000
43001a0100000001
4500500000000001
23500f4400000000
231a064400000000
4300500100000002
45001a0000000002
231a0f4500000000
230f064500000000
43001a0100000003
45000f0000000003
4300210100000004
4500070000000004
2007000041200000
20210000c1200000
2b09320000000000
2a09090000010e00
2b0600000000001c
2c06060900000000
2807000000000800
4406070100051020
4200000000000000
3a0f041f00000800
0e1a0f0000000000
230f1a5300000000
13060f2100000000
140f060700000000
14061a0700000000
031a063300000000
14451a3400000000
131a453600000000
02451a0c00000000
0150453900000000
0145503800000000
0250453a00000000
01441a5000000000
0250453c00000000
011a445000000000
0250371a00000000
0144503f00000000
0250441a00000000
0144504000000000
0250441a00000000
0144504100000000
0250441a00000000
0144504200000000
0250441a00000000
0144504300000000
0250441a00000000
0144504300000000
0d50450000000000
0745503b00000000
0850444500000000
0145504300000000
1050064500000000
0245500f00000000
23502f0100000000
020f504500000000
390f040f00002480
2b09320000000001
2a09090000010e00
2b0600000000001c
2c06060900000000
2807000000000800
4406070100051020
4200000000000000
3a0f041f00000800
0e500f0000000000
230f505300000000
13450f2100000000
140f450700000000
1445500700000000
0350453300000000
1406503400000000
1350063600000000
0206500c00000000
0144063900000000
0106443800000000
0244063a00000000
011a504400000000
0244063c00000000
01501a4400000000
0244375000000000
011a443f00000000
02441a5000000000
011a444000000000
02441a5000000000
011a444100000000
02441a5000000000
011a444200000000
02441a5000000000
011a444300000000
02441a5000000000
011a444300000000
0d44060000000000
0706443b00000000
08441a0600000000
0106444300000000
1044450600000000
0206440f00000000
23442f0e00000000
020f440600000000
390f040f00002580
2b09320000000002
2a09090000010e00
2b0600000000001c
2c06060900000000
2807000000000800
4406070100051020
4200000000000000
3a0f041f00000800
0e440f0000000000
230f445300000000
13060f2100000000
140f060700000000
1406440700000000
0344063300000000
1445443400000000
1344453600000000
0245440c00000000
011a453900000000
01451a3800000000
021a453a00000000
0150441a00000000
021a453c00000000
0144501a00000000
021a374400000000
01501a3f00000000
021a504400000000
01501a4000000000
021a504400000000
01501a4100000000
021a504400000000
01501a4200000000
021a504400000000
01501a4300000000
021a504400000000
01501a4300000000
0d1a450000000000
07451a3b00000000
081a504500000000
01451a4300000000
101a064500000000
02451a0f00000000
231a2f1400000000
022f1a4500000000
392f040f00002680
2b0600000000001d
2807000000000800
4406070100050020
4200000000000000
3a2f041f00000800
0e1a2f0000000000
232f1a5300000000
13532f2100000000
142f530700000000
14531a0700000000
031a533300000000
14331a3400000000
131a333600000000
02331a0c00000000
010c333900000000
01330c3800000000
020c333a00000000
013a1a0c00000000
020c333c00000000
013c3a0c00000000
020c373c00000000
01370c3f00000000
020c373c00000000
01370c4000000000
020c373c00000000
01370c4100000000
020c373c00000000
01370c4200000000
020c373c00000000
01370c4300000000
020c373c00000000
01370c4300000000
0d0c330000000000
07330c3b00000000
080c373300000000
01330c4300000000
100c533300000000
02330c2f00000000
3933040f00002780
3400000000000000
3300000000000000
3833047f00002400
380c047f0713fc00
042f330c00000000
48332f0000000080
3933047f00002400
3833047f00002600
042f330c00000000
48332f0000000080
3933047f00002600
3400000000000000
3300000000000000
3833043f00002400
0e2f330000000000
04332f2500000000
230c330d00000000
1353330c00000000
230c531f00000000
1333530c00000000
230c332e00000000
1353330c00000000
230c531000000000
1333530c00000000
230c332600000000
1353330c00000000
130c534900000000
02530c1600000000
060c533b00000000
0433531500000000
0a53330100000000
08330c5300000000
0953331800000000
0933185300000000
070c333b00000000
02332f0c00000000
170c330000000000
43000c0100000000
4500530000000000
23330c0a00000000
230c530a00000000
4300330100000001
45000c0000000001
2b09320000000000
2a09090000010e00
2b0600000000001c
2c06060900000000
290606000000b400
2807000000000800
4406070100021028
4200000000000000
3a0c042700000800
0e330c0000000000
380c043f00002500
0e530c0000000000
040c532500000000
232f0c0d00000000
13430c2f00000000
232f431f00000000
130c432f00000000
232f0c2e00000000
13430c2f00000000
232f431000000000
130c432f00000000
232f0c2600000000
13430c2f00000000
132f434900000000
02432f1600000000
062f433b00000000
040c431500000000
0a430c0100000000
080c2f4300000000
09430c1800000000
090c184300000000
072f0c3b00000000
020c532f00000000
172f0c0000000000
43002f0100000000
4500430000000000
230c2f0a00000000
232f430a00000000
43000c0100000001
45002f0000000001
2b09320000000001
2a09090000010e00
2b0600000000001c
2c06060900000000
290606000000b400
2807000000000800
4406070100021028
4200000000000000
3a2f042700000800
0e0c2f0000000000
012f330c00000000
380c043f00002600
0e330c0000000000
040c332500000000
23430c0d00000000
13530c4300000000
2343531f00000000
130c534300000000
23430c2e00000000
13530c4300000000
2343531000000000
130c534300000000
23430c2600000000
13530c4300000000
1343534900000000
0253431600000000
0643533b00000000
040c531500000000
0a530c0100000000
080c435300000000
09530c1800000000
090c185300000000
07430c3b00000000
020c334300000000
17430c0000000000
4300430100000000
4500530000000000
230c430a00000000
2343530a00000000
43000c0100000001
4500430000000001
2b09320000000002
2a09090000010e00
2b0600000000001c
2c06060900000000
290606000000b400
2807000000000800
4406070100021028
4200000000000000
3a32042700000800
0e43320000000000
01322f4300000000
3843043f00002700
0e2f430000000000
04432f2500000000
2325430d00000000
130d432500000000
23250d1f00000000
131f0d2500000000
23251f2e00000000
132e1f2500000000
23252e1000000000
13102e2500000000
2325102600000000
1326102500000000
1325264900000000
0226251600000000
0625263b00000000
0416261500000000
0a26160100000000
0816252600000000
0926161800000000
0916182600000000
0718163b00000000
02162f1800000000
1718160000000000
4300180100000000
4500260000000000
2316180a00000000
2318260a00000000
4300160100000001
4500180000000001
2b0600000000001d
290606000000b400
2807000000000800
4406070100020028
4200000000000000
3a00042700000800
0e18000000000000
0100321800000000
0e18000000000000
39180427000022c0
3400000000000000
3300000000000000
3818047f00002180
0400181100000000
4818000000000080
3918047f00002180
3818041f00002380
0400182900000000
4818000000000020
3918041f00002380
3400000000000000
3300000000000000
3818047f00002180
3800041f00002380
2329090100000000
0201291e00000000
2329093d00000000
0211293e00000000
0129011100000000
2311092300000000
0223114600000000
0111292300000000
2323094800000000
0248232c00000000
0123114800000000
23484c3d00000000
023d481800000000
01483d2300000000
0e3d480000000000
2348090e00000000
020e481e00000000
2348090b00000000
0223483e00000000
01480e2300000000
2323091900000000
0219234600000000
0123481900000000
2319091200000000
0212192c00000000
0119231200000000
23124c0b00000000
020b121800000000
01120b1900000000
0e0b120000000000
2312091400000000
0214121e00000000
2312092000000000
0219123e00000000
0112141900000000
2319091c00000000
021c194600000000
0119121c00000000
231c093100000000
02311c2c00000000
011c193100000000
23314c2000000000
0220311800000000
0131201c00000000
0e20310000000000
2331092a00000000
022a311e00000000
2331092700000000
021e313e00000000
01312a1e00000000
231e091700000000
02171e4600000000
011e311700000000
2317090300000000
0203172c00000000
01171e0300000000
23034c2700000000
0227031800000000
0103271700000000
0e27030000000000
2303280400000000
2317091b00000000
021b170300000000
2317283500000000
2335092b00000000
0203351700000000
01351b0300000000
2303282400000000
2324091300000000
0213240300000000
0124351300000000
2313284a00000000
2328092200000000
0209281300000000
0128240900000000
23094c2b00000000
234c000400000000
0200094c00000000
014c002800000000
0e004c0000000000
393d047f00001000
390b047f00001200
3920047f00001400
3927047f00001600
3900047f00001800
3930040300001a00
3400000000000000
3200000000000000
0000000000000000
0000000000000000
0000000000000000
0000000000000000
0000000000000000
0000000000000000
0000000000000000
0000000000000000
0000000000000000
0000000000000000
0000000000000000
0000000000000000
0000000000000000
0000000000000000
0000000000000000
0000000000000000
0000000000000000
0000000000000000
0000000000000000
0000000000000000
0000000000000000
0000000000000000
0000000000000000
0000000000000000
0000000000000000
0000000000000000
0000000000000000
0000000000000000
0000000000000000
0000000000000000
2804000000000000
3800047f00001000
3801047f00001200
3802047f00001400
3803047f00001600
3804047f00001800
3805040300001a00
2006000000000000
2307050600000000
0208070000000000
3800047f07128000
2309040000000000
0200070900000000
2009000000000001
2307050900000000
020a070100000000
3801047f07128200
230b040100000000
0201070b00000000
010b080a00000000
010a000100000000
2001000000000002
2300050100000000
0201000200000000
3802047f07128400
2308040200000000
0202000800000000
01080b0100000000
01010a0200000000
2002000000000003
230a050200000000
02020a0300000000
3803047f07128600
2305040300000000
02030a0500000000
0105080200000000
0102010300000000
0e03050000000000
0e05020000000000
3802047f07133a00
0401050200000000
0202030300000000
3b02047f00003800
0202010100000000
3b02041f00003a00
3802047f07133c00
3c05020000003800
3802047f07133e00
3c08020000003804
0102050800000000
3808047f07134000
3c05080000003808
0108020500000000
3805047f07134200
3c0205000000380c
0105080200000000
3802047f07134400
3c08020000003810
0102050800000000
3808047f07134600
3c05080000003814
0108020500000000
3805047f07134800
3c02050000003818
0105080200000000
3802047f07134a00
3c0802000000381c
0102050800000000
3808047f0712fc00
2305020800000000
0108020500000000
3805047f0712fe00
2302080500000000
0105080200000000
3802047f07130000
2308050200000000
0102050800000000
3808047f07130400
2305020800000000
0108020500000000
3805047f07134c00
2302080500000000
0105080200000000
3802047f0712b800
2308050200000000
2002000043200000
1005080200000000
200200001e3ce508
0108050200000000
20020000bf000000
0205080200000000
200200005f3759df
060a080900000000
0908020a00000000
200a00003fc00000
0202080800000000
0209050200000000
01020a0900000000
0209080200000000
0202090900000000
0208050200000000
01020a0800000000
0208090200000000
0202080800000000
0209050200000000
01020a0900000000
0209080200000000
2302090600000000
3809047f07047f80
3806041f07048180
0208030200000000
0203090800000000
0e08030000000000
0203010200000000
0202060300000000
0e03020000000000
0e02080000000000
3b02047f00000100
0e02030000000000
3b02047f00000300
3802047f07136800
3c03020000000100
4000030000000000
3c03020000000104
4000030000000001
3c03020000000108
4000030000000002
3c0302000000010c
4000030000000003
3c03020000000110
4000030000000004
3c03020000000114
4000030000000005
3c03020000000118
4000030000000006
3c0302000000011c
4000030000000007
3c03020000000300
4000030000000008
3c03020000000304
4000030000000009
3c03020000000308
400003000000000a
3c0302000000030c
400003000000000b
3c03020000000310
400003000000000c
3c03020000000314
400003000000000d
3c03020000000318
400003000000000e
3c0302000000031c
400003000000000f
2806000006eed780
2807000000000800
41060702000803f2
4200000000000000
2a08000000003f20
3a03047f00000800
3903087f07008e10
3a03047f00000a00
3903087f07009010
3a03047f00000c00
3903087f07009210
3a03047f00000e00
3903087f07009410
3a03047f00001000
3903087f07009610
3a03047f00001200
3903087f07009810
3a03047f00001400
3903087f07009a10
3a03047100001600
3903087107009c10
3400000000000000
3200000000000000
2804000000000000
2a08000000000040
3800181f0706a000
0e01000000000000
3b01047f00000100
2001000000000000
3b01047f00000300
3800047f07136800
3c02000000000100
4000020000000000
3c02000000000104
4000020000000001
3c02000000000108
4000020000000002
3c0200000000010c
4000020000000003
3c02000000000110
4000020000000004
3c02000000000114
4000020000000005
3c02000000000118
4000020000000006
3c0200000000011c
4000020000000007
28060000070a9200
2807000000000800
41060701000803f2
4200000000000000
2a09010000003f20
2102000000000000
3800097f07008e10
3a03047f00000800
0104000300000000
3803097f07009010
3a00047f00000a00
0105030000000000
0c00050400000000
0903010000000000
0300050400000000
0405030000000000
0300040500000000
2005000000000080
0804020500000000
0305040200000000
0404030500000000
0305020400000000
3804097f07009210
3a03047f00000c00
0106040300000000
0c03060000000000
0904010300000000
0303060000000000
0406040300000000
0303000600000000
2006000000000100
0800020600000000
0306000500000000
0400040600000000
0306050000000000
3800097f07009410
3a05047f00000e00
0104000500000000
0c05040300000000
0900010500000000
0305040300000000
0404000500000000
0305030400000000
2004000000000180
0803020400000000
0304030600000000
0403000400000000
0304060300000000
3803097f07009610
3a06047f00001000
0100030600000000
0c06000500000000
0903010600000000
0306000500000000
0400030600000000
0306050000000000
2000000000000200
0805020000000000
0300050400000000
0405030000000000
0300040500000000
3805097f07009810
3a04047f00001200
0103050400000000
0c04030600000000
0905010400000000
0304030600000000
0403050400000000
0304060300000000
2003000000000280
0806020300000000
0303060000000000
0406050300000000
0303000600000000
3806097f07009a10
3a00047f00001400
0105060000000000
0c00050400000000
0906010000000000
0300050400000000
0405060000000000
0300040500000000
2005000000000300
0804020500000000
0305040300000000
0404060500000000
0305030400000000
3804097107009c10
3a03047f00001600
0106040300000000
3803047f07140000
20040000ff61b1e6
0307060400000000
0406030700000000
0307040600000000
0c06070000000000
0904010600000000
0306070000000000
0407040600000000
0306000700000000
2007000000000380
0800020700000000
0307000500000000
0400040700000000
0307050000000000
3800047f07135000
2305060000000000
2304070000000000
0c00050600000000
0c02060500000000
0503000200000000
2002000000000001
0308030200000000
0b03040700000000
0409080300000000
0503000900000000
0909010300000000
0303050600000000
0405090300000000
0303060500000000
0305040700000000
0404090500000000
0305070400000000
3804047f07134e00
2307030400000000
2309050400000000
0c04070300000000
0c06030700000000
0500040600000000
0306000200000000
0b00090500000000
0408060000000000
0500040800000000
0908010000000000
0300070300000000
0407080000000000
0300030700000000
0307090500000000
0409080700000000
0307050900000000
3809047f07134c00
2305000900000000
2308070900000000
0c09050000000000
0c03000500000000
0504090300000000
0303040200000000
0b04080700000000
0406030400000000
0504090600000000
0906010400000000
0304050000000000
0405060400000000
0304000500000000
0305080700000000
0408060500000000
0305070800000000
3808047f07130400
2307040800000000
2306050800000000
0c08070400000000
0c00040700000000
0509080000000000
0300090200000000
0b09060500000000
0403000900000000
0509080300000000
0903010900000000
0309070400000000
0407030900000000
0309040700000000
0307060500000000
0406030700000000
0307050600000000
3806047f07130000
2305090600000000
2303070600000000
0c06050900000000
0c04090500000000
0508060400000000
0304080200000000
0b08030700000000
0400040800000000
0508060000000000
0900010800000000
0308050900000000
0405000800000000
0308090500000000
0305030700000000
0403000500000000
0305070300000000
3803047f0712fe00
2307080300000000
2300050300000000
0c09070800000000
0c06080700000000
0504090600000000
0306040200000000
0b04000500000000
040a060400000000
0504090a00000000
090a010400000000
0304070800000000
04070a0400000000
0304080700000000
0307000500000000
04000a0700000000
0307050000000000
3800047f0712fc00
2305040000000000
230a070000000000
0c00050400000000
0c08040500000000
0509000800000000
0308090200000000
0b090a0700000000
0402080900000000
0509000200000000
0902010900000000
0309050400000000
0405020900000000
0309040500000000
03050a0700000000
040a020500000000
0305070a00000000
200a0000000007e4
0807050a00000000
380a047f07128800
0305090700000000
04090a0500000000
0305070900000000
3905040100004600
3400000000000000
3300000000000000
3805040300004600
2309050300000000
2007000000000002
230a050700000000
2302050100000000
0c040a0200000000
0902010400000000
0304090500000000
0409020400000000
0304050900000000
4809040100000002
2304090300000000
2303090700000000
2307090100000000
0c05030700000000
0907010500000000
0305040900000000
0404070500000000
0305090400000000
2b07050000000001
3500070000000000
3200000000000000
