model,architecture,architecture_kind,model_deployment_policy,context_tokens,batch_size,feasible,stages,resident_users_required,max_batch_per_stage,official_packed_weight_bytes_per_step,deployed_weight_bytes_per_step,kv_read_bytes_per_user_token,kv_write_bytes_per_user_token,tensor_operations_per_user_token,step_interval_s,per_user_token_latency_s,aggregate_tokens_s,per_user_tokens_s,deployed_weight_read_bytes_s,kv_read_bytes_s,kv_write_bytes_s,hbm_total_bytes_s,rom_array_bytes_s,sram_weight_bytes_s,sram_kv_bytes_s,tensor_operations_s,partial_tco_per_million_tokens,power_w,binding_constraint
DeepSeek-V4-Flash-0731,NVIDIA-B300-x1,gpu,official_packed,8192,1,True,1,1,1489,11217572060.0,11217572060.0,28966912.0,50912.0,29539565568.0,0.002284678000613796,0.002284678000613796,437.6984414133381,437.6984414133381,4909913807103.809,12678772234.957321,22284103.04923587,4922614863441.815,0.0,0.0,0.0,12929421809140.707,0.9332201826969327,1812.5,gpu_weight_memory_C3
DeepSeek-V4-Flash-0731,NVIDIA-B300-x2,gpu,official_packed,8192,1,True,1,1,5669,11217572060.0,11217572060.0,28966912.0,50912.0,29539565568.0,0.0012524572100739467,0.0012524572100739467,798.4304708828804,798.4304708828804,8956451342028.443,23128065188.18296,40649692.13358921,8979620056908.76,0.0,0.0,0.0,23585289246133.96,1.0231799370338295,3625.0,gpu_weight_memory_C3
DeepSeek-V4-Flash-0731,NVIDIA-B300-x4,gpu,official_packed,8192,1,True,1,1,14031,11217572060.0,11217572060.0,28966912.0,50912.0,29539565568.0,0.0007694464355519648,0.0007694464355519648,1299.6356260753184,1299.6356260753184,14578756287243.1,37646430812.58865,66167048.99474661,14616468885104.684,0.0,0.0,0.0,38390671790960.6,1.2571801242335163,7250.0,gpu_weight_memory_C3
DeepSeek-V4-Flash-0731,NVIDIA-B300-x8,gpu,official_packed,8192,1,True,1,1,30755,11217572060.0,11217572060.0,28966912.0,50912.0,29539565568.0,0.0005984987077246812,0.0005984987077246812,1670.8473837841864,1670.8473837841864,18742850928861.586,48399289131.50675,85066182.0032205,18791335284175.098,0.0,0.0,0.0,49356105847414.234,1.9557454423482052,14500.0,gpu_weight_memory_C3
DeepSeek-V4-Flash-0731,NVIDIA-B300-x16,gpu,official_packed,8192,1,True,1,1,64201,11217572060.0,11217572060.0,28966912.0,50912.0,29539565568.0,0.0006855730267016749,0.0006855730267016749,1458.633815876696,1458.633815876696,16362329938749.607,42252117384.72446,74261964.83391434,16404656318099.166,0.0,0.0,0.0,43087409243791.7,4.480565471781961,29000.0,collective_floor_C6
DeepSeek-V4-Flash-0731,ROM-wafer-N4-class-HBM3e-conservative,rom,official_packed,8192,1,True,2,2,12058,11217572060.0,11217572060.0,28966912.0,50912.0,29539565568.0,0.00029992160654589384,0.0006001751330917877,3334.204599384141,1666.1803278128573,37401680356375.04,96581611220.35567,169751024.5638454,96751362244.91951,37401680356375.04,0.0,0.0,98490955380635.02,1.2482194203751653,30000.0,collective_floor_C6
DeepSeek-V4-Flash-0731,ROM-wafer-N4-class-HBM3e-central,rom,official_packed,8192,1,True,1,1,20904,11217572060.0,11217572060.0,28966912.0,50912.0,29539565568.0,6.927195473210142e-05,6.927195473210142e-05,14435.85652905776,14435.85652905776,161935260862526.9,418162185721.8416,734958327.6073887,418897144049.449,161935260862526.9,0.0,0.0,426428930470342.6,0.18334680535684852,15000.0,collective_floor_C6
DeepSeek-V4-Flash-0731,ROM-wafer-N4-class-HBM3e-aggressive,rom,official_packed,8192,1,True,1,1,29265,11217572060.0,11217572060.0,28966912.0,50912.0,29539565568.0,1.713442066556701e-05,1.713442066556701e-05,58362.05492547408,58362.05492547408,654680556696183.5,1690568509165.3743,2971328940.3657365,1693539838105.74,654680556696183.5,0.0,0.0,1723989748154259.0,0.04535083935225305,15000.0,collective_floor_C6
DeepSeek-V4-Flash-0731,NVIDIA-B300-x1,gpu,official_packed,8192,8,True,1,8,1489,33202065409.85159,33202065409.85159,28966912.0,50912.0,29539565568.0,0.007509899660695027,0.007509899660695026,1065.2605709061652,133.15757136327065,4421106394220.293,30857309214.508648,54234546.18597468,4452017937980.987,0.0,0.0,0.0,31467334481287.78,0.3834451688326862,1812.5,gpu_weight_memory_C3
DeepSeek-V4-Flash-0731,NVIDIA-B300-x2,gpu,official_packed,8192,8,True,1,8,5669,33202065409.85159,33202065409.85159,28966912.0,50912.0,29539565568.0,0.0038760184044653047,0.0038760184044653047,2063.9736877368096,257.9967109671012,8566023673056.27,59786944182.98764,105081028.39005645,8625915698267.647,0.0,0.0,0.0,60968886079528.24,0.39580835927207286,3625.0,gpu_weight_memory_C3
DeepSeek-V4-Flash-0731,NVIDIA-B300-x4,gpu,official_packed,8192,8,True,1,8,14031,33202065409.85159,33202065409.85159,28966912.0,50912.0,29539565568.0,0.0020491361749388156,0.0020491361749388156,3904.084119855465,488.0105149819331,16202957039125.502,113089261140.4507,198764730.71008143,16316245064996.662,0.0,0.0,0.0,115324948841458.08,0.4185043220606018,7250.0,gpu_weight_memory_C3
DeepSeek-V4-Flash-0731,NVIDIA-B300-x8,gpu,official_packed,8192,8,True,1,8,30755,33202065409.85159,33202065409.85159,28966912.0,50912.0,29539565568.0,0.0011883201896986035,0.0011883201896986035,6732.192273892998,841.5240342366247,27940336028686.6,195010821164.93835,342749373.04844034,28135689599224.59,0.0,0.0,0.0,198866035091045.22,0.4853919826929891,14500.0,gpu_weight_memory_C3
DeepSeek-V4-Flash-0731,NVIDIA-B300-x16,gpu,official_packed,8192,8,True,1,8,64201,33202065409.85159,33202065409.85159,28966912.0,50912.0,29539565568.0,0.0009645238480732149,0.000964523848073215,8294.248002246117,1036.7810002807646,34423270587013.31,240258751987.23907,422276754.2903543,34663951615754.84,0.0,0.0,0.0,245008482699602.2,0.7879562209402045,29000.0,gpu_weight_memory_C3
DeepSeek-V4-Flash-0731,ROM-wafer-N4-class-HBM3e-conservative,rom,official_packed,8192,8,True,2,16,12058,33202065409.85159,33202065409.85159,28966912.0,50912.0,29539565568.0,0.00034216228614720415,0.0006846564922944083,23380.718226082525,1460.5864564999863,97036016983962.64,677267207351.7286,1190359126.3263135,678457566478.0549,97036016983962.64,0.0,0.0,690656259066297.4,0.17800218505746057,30000.0,collective_floor_C6
DeepSeek-V4-Flash-0731,ROM-wafer-N4-class-HBM3e-central,rom,official_packed,8192,8,True,1,8,20904,33202065409.85159,33202065409.85159,28966912.0,50912.0,29539565568.0,0.00010432763383446024,0.00010432763383446024,76681.50523469015,9585.188154336269,318248044066007.44,2221226414160.809,3904008794.508545,2225130422955.3174,318248044066007.44,0.0,0.0,2265138351733065.0,0.034516382654355686,15000.0,collective_floor_C6
DeepSeek-V4-Flash-0731,ROM-wafer-N4-class-HBM3e-aggressive,rom,official_packed,8192,8,True,1,8,29265,33202065409.85159,33202065409.85159,28966912.0,50912.0,29539565568.0,3.060587915179698e-05,3.060587915179698e-05,261387.68830400653,32673.461038000816,1084826390549940.5,7571594164985.586,13307769986.93358,7584901934972.52,1084826390549940.5,0.0,0.0,7721278757324148.0,0.01012583337174712,15000.0,collective_floor_C6
DeepSeek-V4-Flash-0731,NVIDIA-B300-x1,gpu,official_packed,8192,32,True,1,32,1489,86037911455.85335,86037911455.85335,28966912.0,50912.0,29539565568.0,0.020110014272200737,0.020110014272200737,1591.2470059375091,49.72646893554716,4278361531288.8486,46093511991.2553,81013567.56629047,4324536056847.6704,0.0,0.0,0.0,47004745266774.734,0.2566974315978442,1812.5,gpu_weight_memory_C3
DeepSeek-V4-Flash-0731,NVIDIA-B300-x2,gpu,official_packed,8192,32,True,1,32,5669,86037911455.85335,86037911455.85335,28966912.0,50912.0,29539565568.0,0.01023575202080625,0.01023575202080625,3126.2969183850378,97.69677869953243,8405626795272.47,90559167720.73058,159166028.70881903,8496345129021.909,0.0,0.0,0.0,92349452805671.17,0.2613117244621298,3625.0,gpu_weight_memory_C3
DeepSeek-V4-Flash-0731,NVIDIA-B300-x4,gpu,official_packed,8192,32,True,1,32,14031,86037911455.85335,86037911455.85335,28966912.0,50912.0,29539565568.0,0.005258836688050184,0.005258836688050184,6084.995959793652,190.15612374355163,16360635737435.988,176263542487.69827,309799314.30501443,16537209079237.992,0.0,0.0,0.0,179748137135339.7,0.2685089831847775,7250.0,gpu_weight_memory_C3
DeepSeek-V4-Flash-0731,NVIDIA-B300-x8,gpu,official_packed,8192,32,True,1,32,30755,86037911455.85335,86037911455.85335,28966912.0,50912.0,29539565568.0,0.0028209672863093,0.0028209672863093,11343.626760686731,354.48833627146035,30499436088256.67,328589838137.6576,577526725.6400828,30828603453119.97,0.0,0.0,0.0,335085806476225.1,0.28806943534322693,14500.0,gpu_weight_memory_C3
DeepSeek-V4-Flash-0731,NVIDIA-B300-x16,gpu,official_packed,8192,32,True,1,32,64201,86037911455.85335,86037911455.85335,28966912.0,50912.0,29539565568.0,0.0018561349723599367,0.0018561349723599367,17240.125570886903,538.7539240902157,46353262417367.516,499393200280.8307,877729273.064994,46853533346921.414,0.0,0.0,0.0,509265819701767.1,0.37908681607441896,29000.0,gpu_weight_memory_C3
DeepSeek-V4-Flash-0731,ROM-wafer-N4-class-HBM3e-conservative,rom,official_packed,8192,32,True,2,64,12058,86037911455.85335,86037911455.85335,28966912.0,50912.0,29539565568.0,0.0005145841039384102,0.0010295001278768203,62186.14169206835,971.3451926056001,167198929771353.97,1801340494013.675,3166020845.826584,1804506514859.5017,167198929771353.97,0.0,0.0,1836951609933791.5,0.06692518331598485,30000.0,collective_floor_C6
DeepSeek-V4-Flash-0731,ROM-wafer-N4-class-HBM3e-central,rom,official_packed,8192,32,True,1,32,20904,86037911455.85335,86037911455.85335,28966912.0,50912.0,29539565568.0,0.00023054473974434207,0.00023054473974434204,138801.69218124758,4337.552880663987,373193990681649.7,4020656402865.2866,7066671752.3316765,4027723074617.618,373193990681649.7,0.0,0.0,4100141687137316.0,0.019068702517951928,15000.0,collective_floor_C6
DeepSeek-V4-Flash-0731,ROM-wafer-N4-class-HBM3e-aggressive,rom,official_packed,8192,32,True,1,32,29265,86037911455.85335,86037911455.85335,28966912.0,50912.0,29539565568.0,8.025036920478167e-05,8.025036920478167e-05,398752.0595493198,12461.001860916243,1072118574760735.6,11550615818783.906,20301264855.77497,11570917083639.682,1072118574760735.6,0.0,0.0,1.1778962608432172e+16,0.00663762885684902,15000.0,collective_floor_C6
DeepSeek-V4-Flash-0731,NVIDIA-B300-x1,gpu,official_packed,8192,64,True,1,64,1489,122681219131.22423,122681219131.22423,28966912.0,50912.0,29539565568.0,0.028938914717085283,0.028938914717085283,2211.5549468831655,34.55554604504946,4239316516551.822,64061917529.52933,112594685.45571572,4303491028766.8066,0.0,0.0,0.0,65328372360690.02,0.1846976581059359,1812.5,gpu_weight_memory_C3
DeepSeek-V4-Flash-0731,NVIDIA-B300-x2,gpu,official_packed,8192,64,True,1,64,5669,122681219131.22423,122681219131.22423,28966912.0,50912.0,29539565568.0,0.014729770657366172,0.014729770657366173,4344.942055699585,67.88971962030601,8328793569496.135,125859554172.54897,221209689.93977726,8454874333358.623,0.0,0.0,0.0,128347700743498.6,0.18802046804104047,3625.0,gpu_weight_memory_C3
DeepSeek-V4-Flash-0731,NVIDIA-B300-x4,gpu,official_packed,8192,64,True,1,64,14031,122681219131.22423,122681219131.22423,28966912.0,50912.0,29539565568.0,0.007545630213388968,0.007545630213388968,8481.730245200511,132.527035081258,16258578231615.252,245689533620.46164,431821850.24364847,16504699587085.957,0.0,0.0,0.0,250546626708189.22,0.19263476090532602,7250.0,gpu_weight_memory_C3
DeepSeek-V4-Flash-0731,NVIDIA-B300-x8,gpu,official_packed,8192,64,True,1,64,30755,122681219131.22423,122681219131.22423,28966912.0,50912.0,29539565568.0,0.004004148226703151,0.004004148226703151,15983.424283145216,249.741004424144,30638530889810.45,462990444668.5305,813748097.1034892,31102335082576.082,0.0,0.0,0.0,472143409613131.5,0.20444631249270187,14500.0,gpu_weight_memory_C3
DeepSeek-V4-Flash-0731,NVIDIA-B300-x16,gpu,official_packed,8192,64,True,1,64,64201,122681219131.22423,122681219131.22423,28966912.0,50912.0,29539565568.0,0.0025768521579604513,0.0025768521579604513,24836.504415781175,388.07038149658086,47608947510719.82,719436837799.5447,1264476112.8162513,48329648824632.18,0.0,0.0,0.0,733659550669889.6,0.2631410685651083,29000.0,gpu_weight_memory_C3
DeepSeek-V4-Flash-0731,ROM-wafer-N4-class-HBM3e-conservative,rom,official_packed,8192,64,True,2,128,12058,122681219131.22423,122681219131.22423,28966912.0,50912.0,29539565568.0,0.0007558339201008244,0.0015119997602016488,84674.68619490208,661.3757662677369,162312402061631.7,2452764183635.3433,4310957623.554854,2457075141258.898,162312402061631.7,0.0,0.0,2501253444804134.5,0.04915068622605712,30000.0,collective_floor_C6
DeepSeek-V4-Flash-0731,ROM-wafer-N4-class-HBM3e-central,rom,official_packed,8192,64,True,1,64,20904,122681219131.22423,122681219131.22423,28966912.0,50912.0,29539565568.0,0.00040097239959887703,0.0004009723995988771,159611.98342834576,2493.9372410679025,305959261170972.2,4623466278114.35,8126165300.30394,4631592443414.653,305959261170972.2,0.0,0.0,4714868649920149.0,0.016582515424856878,15000.0,collective_floor_C6
DeepSeek-V4-Flash-0731,ROM-wafer-N4-class-HBM3e-aggressive,rom,official_packed,8192,64,True,1,64,29265,122681219131.22423,122681219131.22423,28966912.0,50912.0,29539565568.0,0.0001469378418063532,0.0001469378418063532,435558.3232557919,6805.598800871749,834919157808943.8,12616779620618.078,22175145353.598877,12638954765971.678,834919157808943.8,0.0,0.0,1.2866203648502604e+16,0.0060767250581001235,15000.0,collective_floor_C6
DeepSeek-V4-Flash-0731,NVIDIA-B300-x1,gpu,official_packed,32768,1,True,1,1,399,11217572060.0,11217572060.0,65929216.0,50912.0,32156811264.0,0.0022921710556780333,0.0022921710556780333,436.2676151602464,436.2676151602464,4893863410504.412,28762781833.70476,22211256.823038466,4922648403594.939,0.0,0.0,0.0,14028975361303.43,0.9362808635517962,1812.5,gpu_weight_memory_C3
DeepSeek-V4-Flash-0731,NVIDIA-B300-x2,gpu,official_packed,32768,1,True,1,1,1521,11217572060.0,11217572060.0,65929216.0,50912.0,32156811264.0,0.0012562037376060654,0.0012562037376060654,796.0492156357453,796.0492156357453,8929739439700.451,52482900684.27963,40528457.666447066,8982262868842.396,0.0,0.0,0.0,25598404384053.9,1.0262406178886927,3625.0,gpu_weight_memory_C3
DeepSeek-V4-Flash-0731,NVIDIA-B300-x4,gpu,official_packed,32768,1,True,1,1,3764,11217572060.0,11217572060.0,65929216.0,50912.0,32156811264.0,0.0007713196993180242,0.0007713196993180242,1296.4792690815073,1296.4792690815073,14543349625217.938,85475861770.79681,66006352.5474777,14628891493341.281,0.0,0.0,0.0,41690639163542.7,1.2602408050883795,7250.0,gpu_weight_memory_C3
DeepSeek-V4-Flash-0731,NVIDIA-B300-x8,gpu,official_packed,32768,1,True,1,1,8251,11217572060.0,11217572060.0,65929216.0,50912.0,32156811264.0,0.0005994353396077109,0.0005994353396077109,1668.2366452642432,1668.2366452642432,18713564781384.305,109985534124.74167,84933264.08369315,18823635248773.13,0.0,0.0,0.0,53645170945450.79,1.9588061232030687,14500.0,gpu_weight_memory_C3
DeepSeek-V4-Flash-0731,NVIDIA-B300-x16,gpu,official_packed,32768,1,True,1,1,17224,11217572060.0,11217572060.0,65929216.0,50912.0,32156811264.0,0.0006860413426431897,0.0006860413426431897,1457.638101148811,1457.638101148811,16351160437038.357,96100937220.46982,74211271.00568826,16447335585529.832,0.0,0.0,0.0,46872993309857.66,4.483626152636825,29000.0,collective_floor_C6
DeepSeek-V4-Flash-0731,ROM-wafer-N4-class-HBM3e-conservative,rom,official_packed,32768,1,True,2,2,3220,11217572060.0,11217572060.0,65929216.0,50912.0,32156811264.0,0.00029992160654589384,0.0006001751330917877,3334.204599384141,1666.1803278128573,37401680356375.04,219821495220.9905,169751024.5638454,219991246245.55435,37401680356375.04,0.0,0.0,107217388017956.56,1.2482194203751653,30000.0,collective_floor_C6
DeepSeek-V4-Flash-0731,ROM-wafer-N4-class-HBM3e-central,rom,official_packed,32768,1,True,1,1,5608,11217572060.0,11217572060.0,65929216.0,50912.0,32156811264.0,6.927195473210142e-05,6.927195473210142e-05,14435.85652905776,14435.85652905776,161935260862526.9,951744703249.2594,734958327.6073887,952479661576.8668,161935260862526.9,0.0,0.0,464211113839092.56,0.18334680535684852,15000.0,collective_floor_C6
DeepSeek-V4-Flash-0731,ROM-wafer-N4-class-HBM3e-aggressive,rom,official_packed,32768,1,True,1,1,7851,11217572060.0,11217572060.0,65929216.0,50912.0,32156811264.0,1.713442066556701e-05,1.713442066556701e-05,58362.05492547408,58362.05492547408,654680556696183.5,3847764525385.445,2971328940.3657365,3850735854325.8105,654680556696183.5,0.0,0.0,1876737585217671.8,0.04535083935225305,15000.0,collective_floor_C6
DeepSeek-V4-Flash-0731,NVIDIA-B300-x1,gpu,official_packed,32768,8,True,1,8,399,33202065409.85159,33202065409.85159,65929216.0,50912.0,32156811264.0,0.007569844101208926,0.007569844101208925,1056.8249349709035,132.10311687136294,4386096327208.261,69675639411.88266,53805071.08923864,4455825771691.233,0.0,0.0,0.0,33984119972948.418,0.3865058496875494,1812.5,gpu_weight_memory_C3
DeepSeek-V4-Flash-0731,NVIDIA-B300-x2,gpu,official_packed,32768,8,True,1,8,1521,33202065409.85159,33202065409.85159,65929216.0,50912.0,32156811264.0,0.003905990624722254,0.003905990624722254,2048.1359963757877,256.01699954697347,8500293164992.558,135032000502.43452,104274699.84748411,8635429440194.84,0.0,0.0,0.0,65861522678460.8,0.3988690401269361,3625.0,gpu_weight_memory_C3
DeepSeek-V4-Flash-0731,NVIDIA-B300-x4,gpu,official_packed,32768,8,True,1,8,3764,33202065409.85159,33202065409.85159,65929216.0,50912.0,32156811264.0,0.0020641222850672904,0.0020641222850672904,3875.739367708634,484.46742096357923,16085318999774.861,255524457933.36594,197321642.68878198,16341040779350.916,0.0,0.0,0.0,124631419355861.23,0.42156500291546506,7250.0,gpu_weight_memory_C3
DeepSeek-V4-Flash-0731,NVIDIA-B300-x8,gpu,official_packed,32768,8,True,1,8,8251,33202065409.85159,33202065409.85159,65929216.0,50912.0,32156811264.0,0.0011958132447628409,0.0011958132447628409,6690.007854517949,836.2509818147437,27765259797265.73,441066972882.21045,340601679.88921785,28206667371827.832,0.0,0.0,0.0,215129319932411.28,0.4884526635478524,14500.0,gpu_weight_memory_C3
DeepSeek-V4-Flash-0731,NVIDIA-B300-x16,gpu,official_packed,32768,8,True,1,8,17224,33202065409.85159,33202065409.85159,65929216.0,50912.0,32156811264.0,0.0009682703756053335,0.0009682703756053335,8262.155077292993,1032.7693846616241,34290076662827.42,544717406716.34644,420642839.29514086,34835214712383.062,0.0,0.0,0.0,265684561454410.12,0.7910169017950676,29000.0,gpu_weight_memory_C3
DeepSeek-V4-Flash-0731,ROM-wafer-N4-class-HBM3e-conservative,rom,official_packed,32768,8,True,2,16,3220,33202065409.85159,33202065409.85159,65929216.0,50912.0,32156811264.0,0.0003440501772209938,0.0006884322744419876,23252.422261830023,1452.5757102404232,96503555609346.2,1533013969823.4001,1183827322.1942902,1534197797145.5945,96503555609346.2,0.0,0.0,747723754104500.0,0.17898431765912448,30000.0,collective_floor_C6
DeepSeek-V4-Flash-0731,ROM-wafer-N4-class-HBM3e-central,rom,official_packed,32768,8,True,1,8,5608,33202065409.85159,33202065409.85159,65929216.0,50912.0,32156811264.0,0.00011327805733577249,0.00011327805733577249,70622.68005079613,8827.835006349516,293102355308194.25,4656097927567.829,3595541886.7461324,4659693469454.575,293102355308194.25,0.0,0.0,2271000193351309.0,0.03747759466631438,15000.0,collective_floor_C6
DeepSeek-V4-Flash-0731,ROM-wafer-N4-class-HBM3e-aggressive,rom,official_packed,32768,8,True,1,8,7851,33202065409.85159,33202065409.85159,65929216.0,50912.0,32156811264.0,3.838616061297852e-05,3.838616061297852e-05,208408.4438831626,26051.055485395325,864948848221768.6,13740205312996.906,10610490694.979574,13750815803691.887,864948848221768.6,0.0,0.0,6701750995774795.0,0.012699908544379173,15000.0,collective_floor_C6
DeepSeek-V4-Flash-0731,NVIDIA-B300-x1,gpu,official_packed,32768,32,True,1,32,399,86037911455.85335,86037911455.85335,65929216.0,50912.0,32156811264.0,0.020349792034256332,0.020349792034256332,1572.497642537673,49.14055132930228,4227950404162.326,103673536734.35704,80058999.97687802,4331703999896.66,0.0,0.0,0.0,50566509904168.89,0.2597581124527074,1812.5,gpu_weight_memory_C3
DeepSeek-V4-Flash-0731,NVIDIA-B300-x2,gpu,official_packed,32768,32,True,1,32,1521,86037911455.85335,86037911455.85335,65929216.0,50912.0,32156811264.0,0.010355640901834048,0.010355640901834048,3090.1032879898917,96.56572774968411,8308313533797.363,203728087136.19577,157323338.59814137,8512198944272.157,0.0,0.0,0.0,99367868218156.78,0.264372405316993,3625.0,gpu_weight_memory_C3
DeepSeek-V4-Flash-0731,NVIDIA-B300-x4,gpu,official_packed,32768,32,True,1,32,3764,86037911455.85335,86037911455.85335,65929216.0,50912.0,32156811264.0,0.005318781128564083,0.005318781128564083,6016.41602211202,188.01300069100063,16176245906001.605,396657591467.68414,306307772.5177672,16573209805241.807,0.0,0.0,0.0,193468754508761.88,0.27156966403964067,7250.0,gpu_weight_memory_C3
DeepSeek-V4-Flash-0731,NVIDIA-B300-x8,gpu,official_packed,32768,32,True,1,32,8251,86037911455.85335,86037911455.85335,65929216.0,50912.0,32156811264.0,0.0028509395065662493,0.0028509395065662493,11224.37004583857,350.7615639324553,30178792379737.23,740013917216.021,571455127.7737333,30919377752081.023,0.0,0.0,0.0,360939949121325.94,0.29113011619809015,14500.0,gpu_weight_memory_C3
DeepSeek-V4-Flash-0731,NVIDIA-B300-x16,gpu,official_packed,32768,32,True,1,32,17224,86037911455.85335,86037911455.85335,65929216.0,50912.0,32156811264.0,0.0018711210824884114,0.0018711210824884112,17102.04662834704,534.438957135845,45982011672612.44,1127524526202.3638,870699397.9424046,47110406898212.74,0.0,0.0,0.0,549947285655883.4,0.3821474969292821,29000.0,gpu_weight_memory_C3
DeepSeek-V4-Flash-0731,ROM-wafer-N4-class-HBM3e-conservative,rom,official_packed,32768,32,True,2,64,3220,86037911455.85335,86037911455.85335,65929216.0,50912.0,32156811264.0,0.0005221356682335687,0.0010446032564671373,61286.75351419458,957.3012469652965,164780758508468.2,4040587610376.0933,3120231194.9146743,4043707841571.008,164780758508468.2,0.0,0.0,1970786565739243.8,0.06790731591764879,30000.0,collective_floor_C6
DeepSeek-V4-Flash-0731,ROM-wafer-N4-class-HBM3e-central,rom,official_packed,32768,32,True,1,32,5608,86037911455.85335,86037911455.85335,65929216.0,50912.0,32156811264.0,0.00027285970409056474,0.00027285970409056474,117276.38607047267,3664.887064702271,315319228768556.25,7731940188939.584,5970775367.6199045,7737910964307.204,315319228768556.25,0.0,0.0,3771234612592188.0,0.02256863692578378,15000.0,collective_floor_C6
DeepSeek-V4-Flash-0731,ROM-wafer-N4-class-HBM3e-aggressive,rom,official_packed,32768,32,True,1,32,7851,86037911455.85335,86037911455.85335,65929216.0,50912.0,32156811264.0,0.00011285595264228362,0.00011285595264228362,283547.29414610064,8860.852942065645,762369280852781.6,18694050801973.805,14435959839.566277,18708486761813.37,762369280852781.6,0.0,0.0,9117976822274050.0,0.009334485751885785,15000.0,kv_beachfront_C8
DeepSeek-V4-Flash-0731,NVIDIA-B300-x1,gpu,official_packed,32768,64,True,1,64,399,122681219131.22423,122681219131.22423,65929216.0,50912.0,32156811264.0,0.029418470241196478,0.029418470241196478,2175.5040107550153,33.992250168047114,4170210691629.5815,143429273833.93372,110759260.19555934,4313750724723.711,0.0,0.0,0.0,69957271877924.055,0.18775833896079913,1812.5,gpu_weight_memory_C3
DeepSeek-V4-Flash-0731,NVIDIA-B300-x2,gpu,official_packed,32768,64,True,1,64,1521,122681219131.22423,122681219131.22423,65929216.0,50912.0,32156811264.0,0.014969548419421769,0.014969548419421769,4275.346069689398,66.80228233889684,8195385438084.114,281870214503.3034,217666419.10002664,8477473319006.518,0.0,0.0,0.0,137481496651286.17,0.19108114889590366,3625.0,gpu_weight_memory_C3
DeepSeek-V4-Flash-0731,NVIDIA-B300-x4,gpu,official_packed,32768,64,True,1,64,3764,122681219131.22423,122681219131.22423,65929216.0,50912.0,32156811264.0,0.007665519094416767,0.007665519094416767,8349.075804483331,130.45430944505205,16004293723640.965,550448022114.1553,425068147.3578553,16555166813902.479,0.0,0.0,0.0,268479654873599.44,0.19569544176018921,7250.0,gpu_weight_memory_C3
DeepSeek-V4-Flash-0731,NVIDIA-B300-x8,gpu,official_packed,32768,64,True,1,64,8251,122681219131.22423,122681219131.22423,65929216.0,50912.0,32156811264.0,0.00406409266721705,0.00406409266721705,15747.672418066439,246.0573815322881,30186619542617.883,1038231696347.9446,801745498.1485986,31225652984463.977,0.0,0.0,0.0,506394929795061.0,0.207506993347565,14500.0,gpu_weight_memory_C3
DeepSeek-V4-Flash-0731,NVIDIA-B300-x16,gpu,official_packed,32768,64,True,1,64,17224,122681219131.22423,122681219131.22423,65929216.0,50912.0,32156811264.0,0.002606824378217401,0.002606824378217401,24550.94425799581,383.6085040311845,47061558943650.86,1618624506989.3655,1249937674.0630827,48681433388314.29,0.0,0.0,0.0,789480080857355.8,0.2662017494199716,29000.0,gpu_weight_memory_C3
DeepSeek-V4-Flash-0731,ROM-wafer-N4-class-HBM3e-conservative,rom,official_packed,32768,64,True,2,128,3220,122681219131.22423,122681219131.22423,65929216.0,50912.0,32156811264.0,0.0007719036489209218,0.0015441392178418435,82911.90239801098,647.6100007340295,158933332291829.06,5466316722169.384,4221210774.887535,5470537932944.271,158933332291829.06,0.0,0.0,2666182396952028.0,0.05019567531422754,30000.0,collective_floor_C6
DeepSeek-V4-Flash-0731,ROM-wafer-N4-class-HBM3e-central,rom,official_packed,32768,64,True,1,64,5608,122681219131.22423,122681219131.22423,65929216.0,50912.0,32156811264.0,0.00048560232829132226,0.00048560232829132226,131795.084725387,2059.2981988341717,252637213587710.38,8689146608598.339,6709951353.538902,8695856559951.878,252637213587710.38,0.0,0.0,4238109665037158.5,0.020082449832688726,15000.0,collective_floor_C6
DeepSeek-V4-Flash-0731,ROM-wafer-N4-class-HBM3e-aggressive,rom,official_packed,32768,64,True,1,64,7851,122681219131.22423,122681219131.22423,65929216.0,50912.0,32156811264.0,0.00021214900868135708,0.00021214900868135708,301674.753975054,4713.668030860219,578278540605808.8,19889180016568.195,15358865074.37795,19904538881642.574,578278540605808.8,0.0,0.0,9700898126689446.0,0.008773581953136888,15000.0,kv_beachfront_C8
DeepSeek-V4-Flash-0731,NVIDIA-B300-x1,gpu,official_packed,200000,1,True,1,1,66,11217572060.0,11217572060.0,317456384.0,50912.0,49965039616.0,0.002343161029678996,0.002343161029678996,426.77391239175574,426.77391239175574,4787367115582.646,135482103013.41957,21727913.427689068,4922870946509.494,0.0,0.0,0.0,21323775439729.39,0.9571086882343581,1812.5,gpu_weight_memory_C3
DeepSeek-V4-Flash-0731,NVIDIA-B300-x2,gpu,official_packed,200000,1,True,1,1,254,11217572060.0,11217572060.0,317456384.0,50912.0,49965039616.0,0.0012816987246065468,0.0012816987246065468,780.2145549508742,780.2145549508742,8752112992422.261,247684091358.87384,39722283.42165891,8999836806064.557,0.0,0.0,0.0,38983451147100.24,1.0470684425712546,3625.0,gpu_weight_memory_C3
DeepSeek-V4-Flash-0731,NVIDIA-B300-x4,gpu,official_packed,200000,1,True,1,1,629,11217572060.0,11217572060.0,317456384.0,50912.0,49965039616.0,0.0007840671928182649,0.000784067192818265,1275.4008956880116,1275.4008956880116,14306901452768.814,404884156495.47736,64933210.40126804,14711850542474.693,0.0,0.0,0.0,63725456279333.38,1.281068629770942,7250.0,gpu_weight_memory_C3
DeepSeek-V4-Flash-0731,NVIDIA-B300-x8,gpu,official_packed,200000,1,True,1,1,1380,11217572060.0,11217572060.0,317456384.0,50912.0,49965039616.0,0.0006058090863578313,0.0006058090863578313,1650.6850466903252,1650.6850466903252,18516678459613.188,524020506045.1818,84039677.09709783,19040783005335.465,0.0,0.0,0.0,82476543751420.9,1.9796339478856306,14500.0,gpu_weight_memory_C3
DeepSeek-V4-Flash-0731,NVIDIA-B300-x16,gpu,official_packed,200000,1,True,1,1,2880,11217572060.0,11217572060.0,317456384.0,50912.0,49965039616.0,0.00068922821601825,0.00068922821601825,1450.8982319051213,1450.8982319051213,16275555468122.291,460596906252.59326,73868130.78275354,16736226242505.668,0.0,0.0,0.0,72494187635923.73,4.504453977319388,29000.0,collective_floor_C6
DeepSeek-V4-Flash-0731,ROM-wafer-N4-class-HBM3e-conservative,rom,official_packed,200000,1,True,2,2,537,11217572060.0,11217572060.0,317456384.0,50912.0,49965039616.0,0.0003051111081769373,0.0006105541363538746,3277.494569027913,1637.8564003707022,36765531504329.26,1040461574463.2396,166863803.4983491,1040628438266.7379,36765531504329.26,0.0,0.0,163760145982704.5,1.2698171865132504,30000.0,collective_floor_C6
DeepSeek-V4-Flash-0731,ROM-wafer-N4-class-HBM3e-central,rom,official_packed,200000,1,True,1,1,938,11217572060.0,11217572060.0,317456384.0,50912.0,49965039616.0,7.918101646978437e-05,7.918101646978437e-05,12629.289753833888,12629.289753833888,141669967880251.28,4009248657740.356,642982399.9471909,4009891640140.303,141669967880251.28,0.0,0.0,631022962872253.1,0.20957379462998396,15000.0,collective_floor_C6
DeepSeek-V4-Flash-0731,ROM-wafer-N4-class-HBM3e-aggressive,rom,official_packed,200000,1,True,1,1,1313,11217572060.0,11217572060.0,317456384.0,50912.0,49965039616.0,2.359954957523863e-05,2.359954957523863e-05,42373.690091493554,42373.690091493554,475329922049436.94,13451798433182.172,2157329309.93812,13453955762492.11,475329922049436.94,0.0,0.0,2117203104097582.0,0.06246253681181944,15000.0,collective_floor_C6
DeepSeek-V4-Flash-0731,NVIDIA-B300-x1,gpu,official_packed,200000,8,True,1,8,66,33202065409.85159,33202065409.85159,317456384.0,50912.0,49965039616.0,0.00797776389321663,0.00797776389321663,1002.7872605758961,125.34840757198701,4161826027225.849,318341217663.68976,51053905.01044002,4480218298794.549,0.0,0.0,0.0,50104305201094.766,0.40733367437011136,1812.5,gpu_weight_memory_C3
DeepSeek-V4-Flash-0731,NVIDIA-B300-x2,gpu,official_packed,200000,8,True,1,8,254,33202065409.85159,33202065409.85159,317456384.0,50912.0,49965039616.0,0.004109950520726106,0.004109950520726106,1946.4954528422495,243.3119316052812,8078458668155.882,617927407931.743,99099976.49510461,8696485176064.12,0.0,0.0,0.0,97256722413626.86,0.4196968648094981,3625.0,gpu_weight_memory_C3
DeepSeek-V4-Flash-0731,NVIDIA-B300-x4,gpu,official_packed,200000,8,True,1,8,629,33202065409.85159,33202065409.85159,317456384.0,50912.0,49965039616.0,0.002166102233069216,0.002166102233069216,3693.2698179552485,461.65872724440607,15328023258997.604,1172452081544.4114,188031752.97173762,16500663372294.986,0.0,0.0,0.0,184534372766711.1,0.442392827598027,7250.0,gpu_weight_memory_C3
DeepSeek-V4-Flash-0731,NVIDIA-B300-x8,gpu,official_packed,200000,8,True,1,8,1380,33202065409.85159,33202065409.85159,317456384.0,50912.0,49965039616.0,0.0012468032187638038,0.0012468032187638038,6416.409485958771,802.0511857448464,26629755931149.418,2036930153675.7703,326672239.749133,28667012757064.938,0.0,0.0,0.0,320596154158408.2,0.5092804882304144,14500.0,gpu_weight_memory_C3
DeepSeek-V4-Flash-0731,NVIDIA-B300-x16,gpu,official_packed,200000,8,True,1,8,2880,33202065409.85159,33202065409.85159,317456384.0,50912.0,49965039616.0,0.000993765362605815,0.000993765362605815,8050.190015702192,1006.273751962774,33410366932884.797,2555584212897.721,409851274.07943,35966360997056.59,0.0,0.0,0.0,402228063050887.7,0.8118447264776296,29000.0,gpu_weight_memory_C3
DeepSeek-V4-Flash-0731,ROM-wafer-N4-class-HBM3e-conservative,rom,official_packed,200000,8,True,2,16,537,33202065409.85159,33202065409.85159,317456384.0,50912.0,49965039616.0,0.0004473997055238998,0.0008951313310477996,17881.10251577411,1117.1545060649883,74211191916124.22,5676470146590.952,910362691.2830914,5677380509282.235,74211191916124.22,0.0,0.0,893429995578410.6,0.23274957060304674,30000.0,collective_floor_C6
DeepSeek-V4-Flash-0731,ROM-wafer-N4-class-HBM3e-central,rom,official_packed,200000,8,True,1,8,938,33202065409.85159,33202065409.85159,317456384.0,50912.0,49965039616.0,0.0002128260013634173,0.00021282600136341733,37589.39203269324,4698.674004086655,156005681623254.4,11932992471457.207,1913751127.1684783,11934906222584.375,156005681623254.4,0.0,0.0,1878155462054872.5,0.07041263596097876,15000.0,kv_beachfront_C8
DeepSeek-V4-Flash-0731,ROM-wafer-N4-class-HBM3e-aggressive,rom,official_packed,200000,8,True,1,8,1313,33202065409.85159,33202065409.85159,317456384.0,50912.0,49965039616.0,9.385612037943796e-05,9.385612037943796e-05,85236.84942077196,10654.606177596495,353754931224767.6,27058982000670.76,4339578477.710342,27063321579148.473,353754931224767.6,0.0,0.0,4258862558051898.0,0.031051924081881132,15000.0,kv_beachfront_C8
DeepSeek-V4-Flash-0731,NVIDIA-B300-x1,gpu,official_packed,200000,32,True,1,32,66,86037911455.85335,86037911455.85335,317456384.0,50912.0,49965039616.0,0.021981471202287144,0.021981471202287144,1455.771531646637,45.492860363957405,3914110691867.6675,462143966366.6829,74116240.21919358,4376328774474.5693,0.0,0.0,0.0,72737682250569.22,0.2805859371352694,1812.5,gpu_weight_memory_C3
DeepSeek-V4-Flash-0731,NVIDIA-B300-x2,gpu,official_packed,200000,32,True,1,32,254,86037911455.85335,86037911455.85335,317456384.0,50912.0,49965039616.0,0.011171480485849454,0.011171480485849454,2864.4368166361965,89.51365051988114,7701567537519.734,909333754005.798,145834207.20858204,8611047125732.741,0.0,0.0,0.0,143121699020756.47,0.28520022999955497,3625.0,gpu_weight_memory_C3
DeepSeek-V4-Flash-0731,NVIDIA-B300-x4,gpu,official_packed,200000,32,True,1,32,629,86037911455.85335,86037911455.85335,317456384.0,50912.0,49965039616.0,0.005726700920571786,0.005726700920571785,5587.859475085866,174.6206085964333,15023992460787.15,1773901663260.897,284489101.5955716,16798178613149.643,0.0,0.0,0.0,279197620041306.25,0.2923974887222026,7250.0,gpu_weight_memory_C3
DeepSeek-V4-Flash-0731,NVIDIA-B300-x8,gpu,official_packed,200000,32,True,1,32,1380,86037911455.85335,86037911455.85335,317456384.0,50912.0,49965039616.0,0.0030548994025701008,0.0030548994025701008,10474.976679454077,327.3430212329399,28163909876531.207,3325348219143.8184,533302012.70436597,31489791397687.73,0.0,0.0,0.0,523382624765599.1,0.31195794088065215,14500.0,gpu_weight_memory_C3
DeepSeek-V4-Flash-0731,NVIDIA-B300-x16,gpu,official_packed,200000,32,True,1,32,2880,86037911455.85335,86037911455.85335,317456384.0,50912.0,49965039616.0,0.0019731010304903374,0.0019731010304903374,16218.12543073258,506.8164197103931,43605426243415.414,5148547454498.808,825697201.9294571,48754799395116.15,0.0,0.0,0.0,810339279643810.4,0.40297532161184424,29000.0,gpu_weight_memory_C3
DeepSeek-V4-Flash-0731,ROM-wafer-N4-class-HBM3e-conservative,rom,official_packed,200000,32,True,2,64,537,86037911455.85335,86037911455.85335,317456384.0,50912.0,49965039616.0,0.0009708686035238522,0.0019420691270477044,32960.17595362876,514.9147298995379,88619521883364.3,10463418274242.736,1678068478.1511474,10465096342720.887,88619521883364.3,0.0,0.0,1646856497273391.5,0.12626810422100573,30000.0,kv_beachfront_C8
DeepSeek-V4-Flash-0731,ROM-wafer-N4-class-HBM3e-central,rom,official_packed,200000,32,True,1,32,938,86037911455.85335,86037911455.85335,317456384.0,50912.0,49965039616.0,0.000671051480201144,0.000671051480201144,47686.356329037786,1490.1986352824308,128213578234063.28,15138338246351.85,2427807773.4239717,15140766054125.273,128213578234063.28,0.0,0.0,2382650683123065.5,0.05550367822044815,15000.0,kv_beachfront_C8
DeepSeek-V4-Flash-0731,ROM-wafer-N4-class-HBM3e-aggressive,rom,official_packed,200000,32,True,1,32,1313,86037911455.85335,86037911455.85335,317456384.0,50912.0,49965039616.0,0.0003347357917081214,0.0003347357917081214,95597.7842605578,2987.4307581424314,257032303049551.34,30348126909768.793,4867074392.273519,30352993984161.066,257032303049551.34,0.0,0.0,4776547077780592.0,0.027686501289387735,15000.0,kv_beachfront_C8
DeepSeek-V4-Flash-0731,NVIDIA-B300-x1,gpu,official_packed,200000,64,True,1,64,66,122681219131.22423,122681219131.22423,317456384.0,50912.0,49965039616.0,0.032681828577258105,0.032681828577258105,1958.274759587194,30.598043118549906,3753805232813.4683,621666824057.0199,99699684.56010322,4375571756555.0483,0.0,0.0,0.0,97845275941787.03,0.2085861636433612,1812.5,gpu_weight_memory_C3
DeepSeek-V4-Flash-0731,NVIDIA-B300-x2,gpu,official_packed,200000,64,True,1,64,254,122681219131.22423,122681219131.22423,317456384.0,50912.0,49965039616.0,0.016601227587452583,0.016601227587452583,3855.1365953426243,60.236509302228505,7389888397406.722,1223837723383.5408,196272714.3420837,8613922393504.6045,0.0,0.0,0.0,192622052711385.6,0.21190897357846572,3625.0,gpu_weight_memory_C3
DeepSeek-V4-Flash-0731,NVIDIA-B300-x4,gpu,official_packed,200000,64,True,1,64,629,122681219131.22423,122681219131.22423,317456384.0,50912.0,49965039616.0,0.008481358678432173,0.008481358678432173,7545.960786064853,117.90563728226333,14464807324231.988,2395513424949.946,384179955.5401338,16860704929137.475,0.0,0.0,0.0,377034229616512.9,0.21652326644275127,7250.0,gpu_weight_memory_C3
DeepSeek-V4-Flash-0731,NVIDIA-B300-x8,gpu,official_packed,200000,64,True,1,64,1380,122681219131.22423,122681219131.22423,317456384.0,50912.0,49965039616.0,0.004472012459224754,0.004472012459224754,14311.230253391272,223.61297270923862,27433112105526.566,4543191406832.997,728613354.6606565,31977032125714.227,0.0,0.0,0.0,715061186564392.6,0.2283348180301271,14500.0,gpu_weight_memory_C3
DeepSeek-V4-Flash-0731,NVIDIA-B300-x16,gpu,official_packed,200000,64,True,1,64,2880,122681219131.22423,122681219131.22423,317456384.0,50912.0,49965039616.0,0.0028107842742212527,0.0028107842742212527,22769.44573333777,355.77258958340263,43646615023564.52,7228305908189.637,1159238021.1756926,50876080169775.336,0.0,0.0,0.0,1137676258100583.8,0.2870295741025336,29000.0,gpu_weight_memory_C3
DeepSeek-V4-Flash-0731,ROM-wafer-N4-class-HBM3e-conservative,rom,official_packed,200000,64,True,2,128,537,122681219131.22423,122681219131.22423,317456384.0,50912.0,49965039616.0,0.0016699892395680297,0.0033403103991360597,38323.60022664257,299.37337567749415,73462281207846.44,12166071549811.531,1951131134.7388265,12168022680946.27,73462281207846.44,0.0,0.0,1914840203551942.8,0.1085967630348619,30000.0,kv_beachfront_C8
DeepSeek-V4-Flash-0731,ROM-wafer-N4-class-HBM3e-central,rom,official_packed,200000,64,True,1,64,938,122681219131.22423,122681219131.22423,317456384.0,50912.0,49965039616.0,0.0012819858805124807,0.0012819858805124807,49922.546708873,780.0397923261406,95696232693437.9,15848231158269.924,2541656698.0421424,15850772814967.967,95696232693437.9,0.0,0.0,2494382024040450.0,0.05301749112735308,15000.0,kv_beachfront_C8
DeepSeek-V4-Flash-0731,ROM-wafer-N4-class-HBM3e-aggressive,rom,official_packed,200000,64,True,1,64,1313,122681219131.22423,122681219131.22423,317456384.0,50912.0,49965039616.0,0.0006559086868130325,0.0006559086868130325,97574.55768876449,1524.602463886945,187040088960118.7,30975666254274.57,4967715881.050378,30980633970155.62,187040088960118.7,0.0,0.0,4875316640432795.0,0.027125597490638833,15000.0,kv_beachfront_C8
DeepSeek-V4-Flash-0731,NVIDIA-B300-x1,gpu,official_packed,1000000,1,True,1,1,13,11217572060.0,11217572060.0,1520656384.0,50912.0,135161839616.0,0.002587075582551307,0.002587075582551307,386.53683206805493,386.53683206805493,4336004767567.5254,587789701335.4237,19679363.194248814,4923814148266.144,0.0,0.0,0.0,52245029301659.164,1.0567402264786032,1812.5,gpu_weight_memory_C3
DeepSeek-V4-Flash-0731,NVIDIA-B300-x2,gpu,official_packed,1000000,1,True,1,1,51,11217572060.0,11217572060.0,1520656384.0,50912.0,135161839616.0,0.0014036560010427023,0.0014036560010427023,712.4252660603115,712.4252660603115,7991681759396.217,1083354028957.5112,36270995.14566258,9075072059348.873,0.0,0.0,0.0,96292709549629.95,1.1466999808154994,3625.0,gpu_weight_memory_C3
DeepSeek-V4-Flash-0731,NVIDIA-B300-x4,gpu,official_packed,1000000,1,True,1,1,126,11217572060.0,11217572060.0,1520656384.0,50912.0,135161839616.0,0.0008450458310363426,0.0008450458310363425,1183.367769264805,1183.367769264805,13274513225209.402,1799495752952.3647,60247619.86880975,15074069225781.637,0.0,0.0,0.0,159946164636113.28,1.3807001680151865,7250.0,gpu_weight_memory_C3
DeepSeek-V4-Flash-0731,NVIDIA-B300-x8,gpu,official_packed,1000000,1,True,1,1,276,11217572060.0,11217572060.0,1520656384.0,50912.0,135161839616.0,0.0006362984054668701,0.0006362984054668701,1571.589668319649,1571.589668319649,17629420353127.164,2389847862158.717,80012773.19348997,20019348228059.074,0.0,0.0,0.0,212418950691583.03,2.079265486129876,14500.0,gpu_weight_memory_C3
DeepSeek-V4-Flash-0731,NVIDIA-B300-x16,gpu,official_packed,1000000,1,True,1,1,578,11217572060.0,11217572060.0,1520656384.0,50912.0,135161839616.0,0.0007044728755727694,0.0007044728755727694,1419.5010690609674,1419.5010690609674,15923355531438.438,2158573362762.385,72269638.42803198,18082001163839.25,0.0,0.0,0.0,191862375831159.03,4.604085515563632,29000.0,collective_floor_C6
DeepSeek-V4-Flash-0731,ROM-wafer-N4-class-HBM3e-conservative,rom,official_packed,1000000,1,True,2,2,107,11217572060.0,11217572060.0,1520656384.0,50912.0,135161839616.0,0.0003748052976961291,0.0007499425153922582,2668.051935623235,1333.435536024983,29929064847676.117,4057190208749.0293,135835860.14645013,4057326044609.176,29929064847676.117,0.0,0.0,360618807809866.0,1.5598717839363636,30000.0,collective_floor_C6
DeepSeek-V4-Flash-0731,ROM-wafer-N4-class-HBM3e-central,rom,official_packed,1000000,1,True,1,1,188,11217572060.0,11217572060.0,1520656384.0,50912.0,135161839616.0,0.0001387054443906592,0.0001387054443906592,7209.522339898452,7209.522339898452,80873336365990.7,10963206171757.2,367051201.36890996,10963573222958.568,80873336365990.7,0.0,0.0,974452302213323.6,0.36712115621654695,15000.0,kv_beachfront_C8
DeepSeek-V4-Flash-0731,ROM-wafer-N4-class-HBM3e-aggressive,rom,official_packed,1000000,1,True,1,1,263,11217572060.0,11217572060.0,1520656384.0,50912.0,135161839616.0,5.6767664237411026e-05,5.6767664237411026e-05,17615.66225127473,17615.66225127473,197604960688296.12,26787369260788.73,896848596.5368991,26788266109385.266,197604960688296.12,0.0,0.0,2380965315936420.5,0.15025084719713078,15000.0,kv_beachfront_C8
DeepSeek-V4-Flash-0731,NVIDIA-B300-x1,gpu,official_packed,1000000,8,True,1,8,13,33202065409.85159,33202065409.85159,1520656384.0,50912.0,135161839616.0,0.009929080316195115,0.009929080316195115,805.7140989132063,100.71426236415078,3343921526719.4883,1225214288191.1746,41020516.20386916,4569176835426.867,0.0,0.0,0.0,108901799813656.75,0.5069652126143563,1812.5,gpu_weight_memory_C3
DeepSeek-V4-Flash-0731,NVIDIA-B300-x2,gpu,official_packed,1000000,8,True,1,8,51,33202065409.85159,33202065409.85159,1520656384.0,50912.0,135161839616.0,0.005085608732215348,0.005085608732215348,1573.0663567024178,196.63329458780223,6528631508658.826,2392093397775.153,80087954.3524335,8920804994388.332,0.0,0.0,0.0,212618542609937.66,0.5193284030537431,3625.0,gpu_weight_memory_C3
DeepSeek-V4-Flash-0731,NVIDIA-B300-x4,gpu,official_packed,1000000,8,True,1,8,126,33202065409.85159,33202065409.85159,1520656384.0,50912.0,135161839616.0,0.0026539313388138377,0.0026539313388138377,3014.395995480261,376.7994994350326,12510521626641.291,4583860514431.094,153468928.92189103,17094535610001.307,0.0,0.0,0.0,407431308080215.7,0.5420243658422721,7250.0,gpu_weight_memory_C3
DeepSeek-V4-Flash-0731,NVIDIA-B300-x8,gpu,official_packed,1000000,8,True,1,8,276,33202065409.85159,33202065409.85159,1520656384.0,50912.0,135161839616.0,0.0014907177716361145,0.0014907177716361145,5366.542314189843,670.8177892737303,22272536117558.438,8160666830078.918,273221402.3000333,30433476169039.656,0.0,0.0,0.0,725351731563005.0,0.6089120264746594,14500.0,gpu_weight_memory_C3
DeepSeek-V4-Flash-0731,NVIDIA-B300-x16,gpu,official_packed,1000000,8,True,1,8,578,33202065409.85159,33202065409.85159,1520656384.0,50912.0,135161839616.0,0.0011157226390419704,0.0011157226390419704,7170.240810806979,896.2801013508724,29758350550600.08,10903472463770.969,365051300.15980494,40662188065671.2,0.0,0.0,0.0,969142938478390.8,0.9114762647218745,29000.0,gpu_weight_memory_C3
DeepSeek-V4-Flash-0731,ROM-wafer-N4-class-HBM3e-conservative,rom,official_packed,1000000,8,True,2,16,107,33202065409.85159,33202065409.85159,1520656384.0,50912.0,135161839616.0,0.0010536419551912342,0.0021076158303824683,7592.712078884533,474.46977081137715,31511715385161.816,11545906094629.678,386560157.36016935,11546292654787.037,31511715385161.816,0.0,0.0,1026244932256657.2,0.5481333796430363,30000.0,kv_beachfront_C8
DeepSeek-V4-Flash-0731,ROM-wafer-N4-class-HBM3e-central,rom,official_packed,1000000,8,True,1,8,188,33202065409.85159,33202065409.85159,1520656384.0,50912.0,135161839616.0,0.0006890214247304161,0.0006890214247304161,11610.669440547585,1451.333680068448,48187275777153.23,17655838607282.395,591122402.5571586,17656429729684.953,48187275777153.23,0.0,0.0,1569319440757685.0,0.22795999754754165,15000.0,kv_beachfront_C8
DeepSeek-V4-Flash-0731,ROM-wafer-N4-class-HBM3e-aggressive,rom,official_packed,1000000,8,True,1,8,263,33202065409.85159,33202065409.85159,1520656384.0,50912.0,135161839616.0,0.00035920103767681714,0.00035920103767681714,22271.650582473583,2783.956322809198,92433099928080.89,33867527640455.773,1133894274.454895,33868661534730.227,92433099928080.89,0.0,0.0,3010277264011887.5,0.11884023446719245,15000.0,kv_beachfront_C8
DeepSeek-V4-Flash-0731,NVIDIA-B300-x1,gpu,official_packed,1000000,32,False,1,32,13,86037911455.85335,86037911455.85335,1520656384.0,50912.0,135161839616.0,0.02978673689420109,,0.0,0.0,0.0,0.0,0.0,0.0,0.0,0.0,0.0,0.0,,1812.5,capacity_C7_C8_C9
DeepSeek-V4-Flash-0731,NVIDIA-B300-x2,gpu,official_packed,1000000,32,True,1,32,51,86037911455.85335,86037911455.85335,1520656384.0,50912.0,135161839616.0,0.015074113331806426,0.015074113331806424,2122.8445942807066,66.33889357127208,5707659851164.386,3228117184532.846,108078263.98401934,8935885113961.215,0.0,0.0,0.0,286927580581861.44,0.38483176824379994,3625.0,gpu_weight_memory_C3
DeepSeek-V4-Flash-0731,NVIDIA-B300-x4,gpu,official_packed,1000000,32,True,1,32,126,86037911455.85335,86037911455.85335,1520656384.0,50912.0,135161839616.0,0.007678017343550272,0.007678017343550272,4167.7426043952355,130.2419563873511,11205745911492.03,6337704398242.401,212188111.47497022,17543662497845.906,0.0,0.0,0.0,563319757456039.0,0.3920290269664477,7250.0,gpu_weight_memory_C3
DeepSeek-V4-Flash-0731,NVIDIA-B300-x8,gpu,official_packed,1000000,32,True,1,32,276,86037911455.85335,86037911455.85335,1520656384.0,50912.0,135161839616.0,0.004030557614059344,0.004030557614059344,7939.348116096387,248.10462862801208,21346404069684.28,12073020397540.344,404208091.28669924,33419828675315.914,0.0,0.0,0.0,1073096896723411.5,0.4115894791248972,14500.0,gpu_weight_memory_C3
DeepSeek-V4-Flash-0731,NVIDIA-B300-x16,gpu,official_packed,1000000,32,True,1,32,578,86037911455.85335,86037911455.85335,1520656384.0,50912.0,135161839616.0,0.0024609301362349587,0.0024609301362349587,13003.21351217131,406.35042225535346,34961541650054.723,19773419639798.367,662019606.3316658,54735623309459.42,0.0,0.0,0.0,1757538259224702.8,0.5026068598560891,29000.0,gpu_weight_memory_C3
DeepSeek-V4-Flash-0731,ROM-wafer-N4-class-HBM3e-conservative,rom,official_packed,1000000,32,True,2,64,107,86037911455.85335,86037911455.85335,1520656384.0,50912.0,135161839616.0,0.003399323918325913,0.0067989797566518255,9413.63658446508,147.0808909265605,25310300966618.387,14314906568822.781,479267065.7882862,14315385835888.57,25310300966618.387,0.0,0.0,1272364438232779.2,0.4421053325261731,30000.0,kv_beachfront_C8
DeepSeek-V4-Flash-0731,ROM-wafer-N4-class-HBM3e-central,rom,official_packed,1000000,32,True,1,32,188,86037911455.85335,86037911455.85335,1520656384.0,50912.0,135161839616.0,0.0025758331736691394,0.0025758331736691394,12423.164794643,388.22389983259376,33401973518842.777,18891364854457.926,632488166.0248644,18891997342623.95,33401973518842.777,0.0,0.0,1679137807496674.8,0.21305103980701107,15000.0,kv_beachfront_C8
DeepSeek-V4-Flash-0731,ROM-wafer-N4-class-HBM3e-aggressive,rom,official_packed,1000000,32,True,1,32,263,86037911455.85335,86037911455.85335,1520656384.0,50912.0,135161839616.0,0.001396115460897638,0.001396115460897638,22920.740365861624,716.2731364331758,61626644690643.945,34854570163353.973,1166940733.506747,34855737104087.48,61626644690643.945,0.0,0.0,3098009433210566.0,0.11547481167469907,15000.0,kv_beachfront_C8
DeepSeek-V4-Flash-0731,NVIDIA-B300-x1,gpu,official_packed,1000000,64,False,1,64,13,122681219131.22423,122681219131.22423,1520656384.0,50912.0,135161839616.0,0.048292359961085995,,0.0,0.0,0.0,0.0,0.0,0.0,0.0,0.0,0.0,0.0,,1812.5,capacity_C7_C8_C9
DeepSeek-V4-Flash-0731,NVIDIA-B300-x2,gpu,official_packed,1000000,64,False,1,64,51,122681219131.22423,122681219131.22423,1520656384.0,50912.0,135161839616.0,0.024406493279366528,,0.0,0.0,0.0,0.0,0.0,0.0,0.0,0.0,0.0,0.0,,3625.0,capacity_C7_C8_C9
DeepSeek-V4-Flash-0731,NVIDIA-B300-x4,gpu,official_packed,1000000,64,True,1,64,126,122681219131.22423,122681219131.22423,1520656384.0,50912.0,135161839616.0,0.012383991524389145,0.012383991524389147,5167.962193284598,80.74940927007184,9906435973378.594,7858694701488.865,263111291.18450543,17765393786158.645,0.0,0.0,0.0,698511277110284.4,0.3161548046869963,7250.0,gpu_weight_memory_C3
DeepSeek-V4-Flash-0731,NVIDIA-B300-x8,gpu,official_packed,1000000,64,True,1,64,276,122681219131.22423,122681219131.22423,1520656384.0,50912.0,135161839616.0,0.00642332888220324,0.006423328882203241,9963.681009284957,155.68251577007746,19099320832089.145,15151335134908.734,507270927.54471576,34251163237925.42,0.0,0.0,0.0,1346709454561958.5,0.3279663562743721,14500.0,gpu_weight_memory_C3
DeepSeek-V4-Flash-0731,NVIDIA-B300-x16,gpu,official_packed,1000000,64,True,1,64,578,122681219131.22423,122681219131.22423,1520656384.0,50912.0,135161839616.0,0.003786442485710496,0.003786442485710496,16902.409119252978,264.1001424883278,32400127453198.082,25702756332171.86,860535453.0794076,58103744320823.016,0.0,0.0,0.0,2284560710500487.0,0.3866611123467786,29000.0,gpu_weight_memory_C3
DeepSeek-V4-Flash-0731,ROM-wafer-N4-class-HBM3e-conservative,rom,official_packed,1000000,64,True,2,128,107,122681219131.22423,122681219131.22423,1520656384.0,50912.0,135161839616.0,0.00652689986917215,0.013054131658344301,9805.574052435639,76.60409946614813,18796246547410.984,14910908781621.006,499221386.15760326,14911408003007.164,18796246547410.984,0.0,0.0,1325339427418117.0,0.4244339913400291,30000.0,kv_beachfront_C8
DeepSeek-V4-Flash-0731,ROM-wafer-N4-class-HBM3e-central,rom,official_packed,1000000,64,True,1,64,188,122681219131.22423,122681219131.22423,1520656384.0,50912.0,135161839616.0,0.005091549267448471,0.005091549267448471,12569.847926085635,196.40387384508804,24095066685410.566,19114419494711.28,639956097.6128719,19115059450808.895,24095066685410.566,0.0,0.0,1698963769383096.8,0.210564852713916,15000.0,kv_beachfront_C8
DeepSeek-V4-Flash-0731,ROM-wafer-N4-class-HBM3e-aggressive,rom,official_packed,1000000,64,True,1,64,263,122681219131.22423,122681219131.22423,1520656384.0,50912.0,135161839616.0,0.002778668025192066,0.002778668025192066,23032.618297601857,359.884660900029,44151088945842.78,35024698054483.477,1172636662.7675056,35025870691146.242,44151088945842.78,0.0,0.0,3113131060277009.0,0.11491390787595017,15000.0,kv_beachfront_C8
DeepSeek-V4-Pro-0813,NVIDIA-B300-x1,gpu,official_packed,8192,1,False,1,1,0,39666603980.0,39666603980.0,57212928.0,72312.0,109324894208.0,0.008100228928487163,,0.0,0.0,0.0,0.0,0.0,0.0,0.0,0.0,0.0,0.0,,1812.5,capacity_C7_C8_C9
DeepSeek-V4-Pro-0813,NVIDIA-B300-x2,gpu,official_packed,8192,1,False,1,1,0,39666603980.0,39666603980.0,57212928.0,72312.0,109324894208.0,0.004223855000607642,,0.0,0.0,0.0,0.0,0.0,0.0,0.0,0.0,0.0,0.0,,3625.0,capacity_C7_C8_C9
DeepSeek-V4-Pro-0813,NVIDIA-B300-x4,gpu,official_packed,8192,1,True,1,1,1624,39666603980.0,39666603980.0,57212928.0,72312.0,109324894208.0,0.0024104688642581588,0.0024104688642581588,414.8570491109654,414.8570491109654,16455970275396.076,23735186481.07813,29999142.935312133,16479735461020.09,0.0,0.0,0.0,45354203005499.35,3.9384074137080542,7250.0,gpu_weight_memory_C3
DeepSeek-V4-Pro-0813,NVIDIA-B300-x8,gpu,official_packed,8192,1,True,1,1,13317,39666603980.0,39666603980.0,57212928.0,72312.0,109324894208.0,0.0016499033866251146,0.0016499033866251146,606.0960951450041,606.0960951450041,24041773779941.28,34676532252.612274,43828020.83212554,24076494140214.727,0.0,0.0,0.0,66261391481609.48,5.391475348333269,14500.0,gpu_weight_memory_C3
DeepSeek-V4-Pro-0813,NVIDIA-B300-x16,gpu,official_packed,8192,1,True,1,1,36703,39666603980.0,39666603980.0,57212928.0,72312.0,109324894208.0,0.001529682375183656,0.001529682375183656,653.7304843300809,653.7304843300809,25931268231574.918,37401835131.38205,47272558.78287681,25968717339265.082,0.0,0.0,0.0,71469016039930.7,9.997245758071136,29000.0,gpu_weight_memory_C3
DeepSeek-V4-Pro-0813,ROM-wafer-N4-class-HBM3e-conservative,rom,official_packed,8192,1,True,9,9,7448,39666603980.0,39666603980.0,57212928.0,72312.0,109324894208.0,0.00010228028500807358,0.0009236694450726624,9777.055274347975,1082.638389019497,387822579658131.4,559373959463.2909,706998420.9986508,560080957884.2896,387822579658131.4,0.0,0.0,1068875533533860.8,1.510390787913477,135000.0,collective_floor_C6
DeepSeek-V4-Pro-0813,ROM-wafer-N4-class-HBM3e-central,rom,official_packed,8192,1,True,4,4,13848,39666603980.0,39666603980.0,57212928.0,72312.0,109324894208.0,2.988685952623524e-05,0.00012072751810494095,33459.52086809862,8283.11569472307,1327225563635413.8,1914317158341.0237,2419524873.0139475,1916736683214.0376,1327225563635413.8,0.0,0.0,3657958579155249.5,0.21494391600324347,60000.0,collective_floor_C6
DeepSeek-V4-Pro-0813,ROM-wafer-N4-class-HBM3e-aggressive,rom,official_packed,8192,1,True,2,2,20417,39666603980.0,39666603980.0,57212928.0,72312.0,109324894208.0,1.5503706300393233e-05,3.1400772600786466e-05,64500.70587151384,31846.350174675445,2558523956235800.5,3690274240976.0986,4664175042.980908,3694938416019.0796,2558523956235800.5,0.0,0.0,7051532845744575.0,0.06452361840420591,30000.0,collective_floor_C6
DeepSeek-V4-Pro-0813,NVIDIA-B300-x1,gpu,official_packed,8192,8,False,1,8,0,124131495810.51216,124131495810.51216,57212928.0,72312.0,109324894208.0,0.028098726682404034,,0.0,0.0,0.0,0.0,0.0,0.0,0.0,0.0,0.0,0.0,,1812.5,capacity_C7_C8_C9
DeepSeek-V4-Pro-0813,NVIDIA-B300-x2,gpu,official_packed,8192,8,False,1,8,0,124131495810.51216,124131495810.51216,57212928.0,72312.0,109324894208.0,0.014242276056496373,,0.0,0.0,0.0,0.0,0.0,0.0,0.0,0.0,0.0,0.0,,3625.0,capacity_C7_C8_C9
DeepSeek-V4-Pro-0813,NVIDIA-B300-x4,gpu,official_packed,8192,8,True,1,8,1624,124131495810.51216,124131495810.51216,57212928.0,72312.0,109324894208.0,0.007289371100642277,0.007289371100642277,1097.488368961639,137.18604612020488,17029109109230.94,62790523034.239685,79361578.93635404,17091978993844.115,0.0,0.0,0.0,119982799831241.66,1.488741132986697,7250.0,gpu_weight_memory_C3
DeepSeek-V4-Pro-0813,NVIDIA-B300-x8,gpu,official_packed,8192,8,True,1,8,13317,124131495810.51216,124131495810.51216,57212928.0,72312.0,109324894208.0,0.003891311502850641,0.003891311502850641,2055.862141630007,256.9827677037509,31899655352591.973,117621892687.0034,148663503.18554908,32017425908782.16,0.0,0.0,0.0,224756911139932.84,1.5894801939902847,14500.0,gpu_weight_memory_C3
DeepSeek-V4-Pro-0813,NVIDIA-B300-x16,gpu,official_packed,8192,8,True,1,8,36703,124131495810.51216,124131495810.51216,57212928.0,72312.0,109324894208.0,0.002551698359068559,0.002551698359068559,3135.166808243049,391.89585103038115,48646618190334.85,179372072867.9994,226710182.23767138,48826216973385.086,0.0,0.0,0.0,342751779635604.4,2.0845794533826396,29000.0,gpu_weight_memory_C3
DeepSeek-V4-Pro-0813,ROM-wafer-N4-class-HBM3e-conservative,rom,official_packed,8192,8,True,9,72,7448,124131495810.51216,124131495810.51216,57212928.0,72312.0,109324894208.0,0.00014408946351470822,0.001299952051632374,55521.06174080788,769.259142092419,861489055359285.1,3176522507860.396,4014839016.6013,3180537346876.997,861489055359285.1,0.0,0.0,6069834201129658.0,0.2659742763608248,135000.0,collective_floor_C6
DeepSeek-V4-Pro-0813,ROM-wafer-N4-class-HBM3e-central,rom,official_packed,8192,8,True,4,32,13848,124131495810.51216,124131495810.51216,57212928.0,72312.0,109324894208.0,5.676607229788179e-05,0.00022824436919152718,140929.25009889257,4381.269091290782,2186719827278663.0,8062975039001.934,10190875933.15112,8073165914935.085,2186719827278663.0,0.0,0.0,1.5407075357874204e+16,0.051032134478361746,60000.0,collective_floor_C6
DeepSeek-V4-Pro-0813,ROM-wafer-N4-class-HBM3e-aggressive,rom,official_packed,8192,8,True,2,16,20417,124131495810.51216,124131495810.51216,57212928.0,72312.0,109324894208.0,3.5596886363748975e-05,7.158713272749796e-05,224738.75715565422,13968.990821389349,3487144761540850.0,12857962331955.93,16251309007.439669,12874213640963.37,3487144761540850.0,0.0,0.0,2.45695408504793e+16,0.018518474450639612,30000.0,collective_floor_C6
DeepSeek-V4-Pro-0813,NVIDIA-B300-x1,gpu,official_packed,8192,32,False,1,32,0,352239449751.31995,352239449751.31995,57212928.0,72312.0,109324894208.0,0.08216633441978576,,0.0,0.0,0.0,0.0,0.0,0.0,0.0,0.0,0.0,0.0,,1812.5,capacity_C7_C8_C9
DeepSeek-V4-Pro-0813,NVIDIA-B300-x2,gpu,official_packed,8192,32,False,1,32,0,352239449751.31995,352239449751.31995,57212928.0,72312.0,109324894208.0,0.041424229835775234,,0.0,0.0,0.0,0.0,0.0,0.0,0.0,0.0,0.0,0.0,,3625.0,capacity_C7_C8_C9
DeepSeek-V4-Pro-0813,NVIDIA-B300-x4,gpu,official_packed,8192,32,True,1,32,1624,352239449751.31995,352239449751.31995,57212928.0,72312.0,109324894208.0,0.020954410936711146,0.020954410936711146,1527.1247708489625,47.72264908903008,16809799655795.283,87371279561.59819,110429446.42963018,16897281364803.31,0.0,0.0,0.0,166952754015479.06,1.069903461090062,7250.0,gpu_weight_memory_C3
DeepSeek-V4-Pro-0813,NVIDIA-B300-x8,gpu,official_packed,8192,32,True,1,32,13317,352239449751.31995,352239449751.31995,57212928.0,72312.0,109324894208.0,0.010791266207735802,0.010791266207735802,2965.3610043518856,92.66753138599643,32641160265216.55,169656985635.99213,214431184.94669354,32811031682037.49,0.0,0.0,0.0,324187778089298.5,1.1019744816565937,14500.0,gpu_weight_memory_C3
DeepSeek-V4-Pro-0813,NVIDIA-B300-x16,gpu,official_packed,8192,32,True,1,32,36703,352239449751.31995,352239449751.31995,57212928.0,72312.0,109324894208.0,0.00616541716325833,0.00616541716325833,5190.240847074893,162.19502647109042,57131486876577.664,296948875886.35486,375316696.1336797,57428811069160.16,0.0,0.0,0.0,567422531520503.0,1.2591909516249054,29000.0,gpu_weight_memory_C3
DeepSeek-V4-Pro-0813,ROM-wafer-N4-class-HBM3e-conservative,rom,official_packed,8192,32,True,9,288,7448,352239449751.31995,352239449751.31995,57212928.0,72312.0,109324894208.0,0.00030453874836777604,0.0027439956153099843,105076.94068984357,364.43206921343125,1156632617816955.8,6011759442148.29,7598323735.163968,6019357765883.454,1156632617816955.8,0.0,0.0,1.1487525424617438e+16,0.14053677355229097,135000.0,compute_C5
DeepSeek-V4-Pro-0813,ROM-wafer-N4-class-HBM3e-central,rom,official_packed,8192,32,True,4,128,13848,352239449751.31995,352239449751.31995,57212928.0,72312.0,109324894208.0,0.0001492315084792686,0.0005981061139170744,214431.92745348063,1671.9441194989138,2360355754229030.5,12268278426297.21,15506001538.016092,12283784427835.227,2360355754229030.5,0.0,0.0,2.34427477836693e+16,0.033539410517781185,60000.0,collective_floor_C6
DeepSeek-V4-Pro-0813,ROM-wafer-N4-class-HBM3e-aggressive,rom,official_packed,8192,32,True,2,64,20417,352239449751.31995,352239449751.31995,57212928.0,72312.0,109324894208.0,0.00010654631847926942,0.00021348599695853888,300338.86160248885,4684.147973387735,3305974854681203.5,17183265664465.158,21718103760.199173,17204983768225.357,3305974854681203.5,0.0,0.0,3.283451427124325e+16,0.01385707766970172,30000.0,collective_floor_C6
DeepSeek-V4-Pro-0813,NVIDIA-B300-x1,gpu,official_packed,8192,64,False,1,64,0,548837516692.9358,548837516692.9358,57212928.0,72312.0,109324894208.0,0.1288966705695979,,0.0,0.0,0.0,0.0,0.0,0.0,0.0,0.0,0.0,0.0,,1812.5,capacity_C7_C8_C9
DeepSeek-V4-Pro-0813,NVIDIA-B300-x2,gpu,official_packed,8192,64,False,1,64,0,548837516692.9358,548837516692.9358,57212928.0,72312.0,109324894208.0,0.06498693112479895,,0.0,0.0,0.0,0.0,0.0,0.0,0.0,0.0,0.0,0.0,,3625.0,capacity_C7_C8_C9
DeepSeek-V4-Pro-0813,NVIDIA-B300-x4,gpu,official_packed,8192,64,True,1,64,1624,548837516692.9358,548837516692.9358,57212928.0,72312.0,109324894208.0,0.03283452818828182,0.03283452818828182,1949.1676455043655,30.45574446100571,16715255159013.008,111517588162.17079,140948210.78171167,16826913695385.96,0.0,0.0,0.0,213092546638421.22,0.8382429708476368,7250.0,gpu_weight_memory_C3
DeepSeek-V4-Pro-0813,NVIDIA-B300-x8,gpu,official_packed,8192,64,True,1,64,13317,548837516692.9358,548837516692.9358,57212928.0,72312.0,109324894208.0,0.01683009142590573,0.01683009142590573,3802.712556955452,59.417383702428936,32610489319632.41,217564319725.78818,274981750.41856265,32828328621108.617,0.0,0.0,0.0,415731147992587.94,0.8593213677742686,14500.0,gpu_weight_memory_C3
DeepSeek-V4-Pro-0813,NVIDIA-B300-x16,gpu,official_packed,8192,64,True,1,64,36703,548837516692.9358,548837516692.9358,57212928.0,72312.0,109324894208.0,0.009505559196362149,0.009505559196362149,6732.902155245459,105.20159617571029,57738582797209.88,385209046239.1033,486869620.6501096,58124278713069.63,0.0,0.0,0.0,736073815835025.0,0.9706816110938163,29000.0,gpu_weight_memory_C3
DeepSeek-V4-Pro-0813,ROM-wafer-N4-class-HBM3e-conservative,rom,official_packed,8192,64,True,9,576,7448,548837516692.9358,548837516692.9358,57212928.0,72312.0,109324894208.0,0.0005184948409089938,0.004669600448180944,123434.20792345604,214.15108446581394,1058520689869829.9,7062032450661.72,8925774443.360952,7070958225105.081,1058520689869829.9,0.0,0.0,1.3494431722880106e+16,0.11963599449233286,135000.0,compute_C5
DeepSeek-V4-Pro-0813,ROM-wafer-N4-class-HBM3e-central,rom,official_packed,8192,64,True,4,256,13848,548837516692.9358,548837516692.9358,57212928.0,72312.0,109324894208.0,0.00027613060189884937,0.0011057024875953975,231774.38342543476,904.4024149522611,1987601203628936.8,13260491111163.793,16760069214.260038,13277251180378.053,1987601203628936.8,0.0,0.0,2.5338709948110084e+16,0.031029833136391915,60000.0,collective_floor_C6
DeepSeek-V4-Pro-0813,ROM-wafer-N4-class-HBM3e-aggressive,rom,official_packed,8192,64,True,2,128,20417,548837516692.9358,548837516692.9358,57212928.0,72312.0,109324894208.0,0.0002033938448005676,0.00040718104960113516,314660.45623334125,2455.909971693369,2698397865633956.5,18002646026925.305,22753726911.14537,18025399753836.45,2698397865633956.5,0.0,0.0,3.4400221089151044e+16,0.013226380531811164,30000.0,collective_floor_C6
DeepSeek-V4-Pro-0813,NVIDIA-B300-x1,gpu,official_packed,32768,1,False,1,1,0,39666603980.0,39666603980.0,110493696.0,72312.0,113905074176.0,0.008111030087648909,,0.0,0.0,0.0,0.0,0.0,0.0,0.0,0.0,0.0,0.0,,1812.5,capacity_C7_C8_C9
DeepSeek-V4-Pro-0813,NVIDIA-B300-x2,gpu,official_packed,32768,1,False,1,1,0,39666603980.0,39666603980.0,110493696.0,72312.0,113905074176.0,0.004229255580188515,,0.0,0.0,0.0,0.0,0.0,0.0,0.0,0.0,0.0,0.0,,3625.0,capacity_C7_C8_C9
DeepSeek-V4-Pro-0813,NVIDIA-B300-x4,gpu,official_packed,32768,1,True,1,1,435,39666603980.0,39666603980.0,110493696.0,72312.0,113905074176.0,0.0024131691540485952,0.0024131691540485952,414.3928320657883,414.3928320657883,16437556361704.271,45787795610.85626,29965574.472341284,16483374122889.6,0.0,0.0,0.0,47201446274456.33,3.9428193525999053,7250.0,gpu_weight_memory_C3
DeepSeek-V4-Pro-0813,NVIDIA-B300-x8,gpu,official_packed,32768,1,True,1,1,3570,39666603980.0,39666603980.0,110493696.0,72312.0,113905074176.0,0.001651253531520333,0.0016512535315203333,605.6005216105642,605.6005216105642,24022116060807.684,66915039932.27911,43792184.91870312,24089074892924.883,0.0,0.0,0.0,68980972335075.61,5.395887287225121,14500.0,gpu_weight_memory_C3
DeepSeek-V4-Pro-0813,NVIDIA-B300-x16,gpu,official_packed,32768,1,True,1,1,9841,39666603980.0,39666603980.0,110493696.0,72312.0,113905074176.0,0.001530357447631265,0.001530357447631265,653.4421102389061,653.4421102389061,25919829410702.19,72201233882.33618,47251705.87559578,25992077896290.402,0.0,0.0,0.0,74430372036484.58,10.001657696962983,29000.0,gpu_weight_memory_C3
DeepSeek-V4-Pro-0813,ROM-wafer-N4-class-HBM3e-conservative,rom,official_packed,32768,1,True,9,9,1979,39666603980.0,39666603980.0,110493696.0,72312.0,113905074176.0,0.00010228028500807358,0.0009236694450726624,9777.055274347975,1082.638389019497,387822579658131.4,1080302973259.0017,706998420.9986508,1081009971680.0004,387822579658131.4,0.0,0.0,1113656206247458.1,1.510390787913477,135000.0,collective_floor_C6
DeepSeek-V4-Pro-0813,ROM-wafer-N4-class-HBM3e-central,rom,official_packed,32768,1,True,4,4,3694,39666603980.0,39666603980.0,110493696.0,72312.0,113905074176.0,2.988685952623524e-05,0.00012072751810494095,33459.52086809862,8283.11569472307,1327225563635413.8,3697066127105.3447,2419524873.0139475,3699485651978.359,1327225563635413.8,0.0,0.0,3811209206374193.0,0.21494391600324347,60000.0,collective_floor_C6
DeepSeek-V4-Pro-0813,ROM-wafer-N4-class-HBM3e-aggressive,rom,official_packed,32768,1,True,2,2,5480,39666603980.0,39666603980.0,110493696.0,72312.0,113905074176.0,1.5503706300393233e-05,3.1400772600786466e-05,64500.70587151384,31846.350174675445,2558523956235800.5,7126921386352.466,4664175042.980908,7131585561395.446,2558523956235800.5,0.0,0.0,7346957686699143.0,0.06452361840420591,30000.0,collective_floor_C6
DeepSeek-V4-Pro-0813,NVIDIA-B300-x1,gpu,official_packed,32768,8,False,1,8,0,124131495810.51216,124131495810.51216,110493696.0,72312.0,113905074176.0,0.028185135955698007,,0.0,0.0,0.0,0.0,0.0,0.0,0.0,0.0,0.0,0.0,,1812.5,capacity_C7_C8_C9
DeepSeek-V4-Pro-0813,NVIDIA-B300-x2,gpu,official_packed,32768,8,False,1,8,0,124131495810.51216,124131495810.51216,110493696.0,72312.0,113905074176.0,0.01428548069314336,,0.0,0.0,0.0,0.0,0.0,0.0,0.0,0.0,0.0,0.0,,3625.0,capacity_C7_C8_C9
DeepSeek-V4-Pro-0813,NVIDIA-B300-x4,gpu,official_packed,32768,8,True,1,8,435,124131495810.51216,124131495810.51216,110493696.0,72312.0,113905074176.0,0.00731097341896577,0.007310973418965769,1094.2455322360756,136.78069152950945,16978791837554.258,120907233188.25114,79127082.9270551,17099778197825.436,0.0,0.0,0.0,124640118516106.8,1.493153071878548,7250.0,gpu_weight_memory_C3
DeepSeek-V4-Pro-0813,NVIDIA-B300-x8,gpu,official_packed,32768,8,True,1,8,3570,124131495810.51216,124131495810.51216,110493696.0,72312.0,113905074176.0,0.0039021126620123877,0.003902112662012388,2050.1714565755924,256.27143207194905,31811356196593.098,226531021670.74072,148251998.36789423,32038035470262.207,0.0,0.0,0.0,233524931834760.8,1.5938921328821354,14500.0,gpu_weight_memory_C3
DeepSeek-V4-Pro-0813,NVIDIA-B300-x16,gpu,official_packed,32768,8,True,1,8,9841,124131495810.51216,124131495810.51216,110493696.0,72312.0,113905074176.0,0.0025570989386494323,0.0025570989386494323,3128.545352345777,391.0681690432221,48543876787213.38,345684539084.3071,226231371.51882783,48889787557669.21,0.0,0.0,0.0,356357190421925.75,2.0889913922744903,29000.0,gpu_weight_memory_C3
DeepSeek-V4-Pro-0813,ROM-wafer-N4-class-HBM3e-conservative,rom,official_packed,32768,8,True,9,72,1979,124131495810.51216,124131495810.51216,110493696.0,72312.0,113905074176.0,0.00014498054810153693,0.0013079718129138324,55179.81622194731,764.5424695905728,856194140772435.5,6097021838963.715,3990162870.6414537,6101012001834.356,856194140772435.5,0.0,0.0,6285261059778956.0,0.2676191265280534,135000.0,collective_floor_C6
DeepSeek-V4-Pro-0813,ROM-wafer-N4-class-HBM3e-central,rom,official_packed,32768,8,True,4,32,3694,124131495810.51216,124131495810.51216,110493696.0,72312.0,113905074176.0,5.676607229788179e-05,0.00022824436919152718,140929.25009889257,4381.269091290782,2186719827278663.0,15571793717935.006,10190875933.15112,15581984593868.156,2186719827278663.0,0.0,0.0,1.6052556686082414e+16,0.051032134478361746,60000.0,collective_floor_C6
DeepSeek-V4-Pro-0813,ROM-wafer-N4-class-HBM3e-aggressive,rom,official_packed,32768,8,True,2,16,5480,124131495810.51216,124131495810.51216,110493696.0,72312.0,113905074176.0,3.5596886363748975e-05,7.158713272749796e-05,224738.75715565422,13968.990821389349,3487144761540850.0,24832215912574.684,16251309007.439669,24848467221582.125,3487144761540850.0,0.0,0.0,2.5598884804036844e+16,0.018518474450639612,30000.0,collective_floor_C6
DeepSeek-V4-Pro-0813,NVIDIA-B300-x1,gpu,official_packed,32768,32,False,1,32,0,352239449751.31995,352239449751.31995,110493696.0,72312.0,113905074176.0,0.08251197151296165,,0.0,0.0,0.0,0.0,0.0,0.0,0.0,0.0,0.0,0.0,,1812.5,capacity_C7_C8_C9
DeepSeek-V4-Pro-0813,NVIDIA-B300-x2,gpu,official_packed,32768,32,False,1,32,0,352239449751.31995,352239449751.31995,110493696.0,72312.0,113905074176.0,0.04159704838236318,,0.0,0.0,0.0,0.0,0.0,0.0,0.0,0.0,0.0,0.0,,3625.0,capacity_C7_C8_C9
DeepSeek-V4-Pro-0813,NVIDIA-B300-x4,gpu,official_packed,32768,32,True,1,32,435,352239449751.31995,352239449751.31995,110493696.0,72312.0,113905074176.0,0.02104082021000512,0.02104082021000512,1520.8532595503896,47.526664360949674,16740766103016.582,168044697721.36984,109975940.90460777,16908920776678.857,0.0,0.0,0.0,173232903339898.5,1.0743153999819128,7250.0,gpu_weight_memory_C3
DeepSeek-V4-Pro-0813,NVIDIA-B300-x8,gpu,official_packed,32768,32,True,1,32,3570,352239449751.31995,352239449751.31995,110493696.0,72312.0,113905074176.0,0.010834470844382788,0.010834470844382788,2953.536029550593,92.29800092345603,32510997058424.973,326347112174.2102,213576097.36886248,32837557746696.55,0.0,0.0,0.0,336422740527448.8,1.1063864205484444,14500.0,gpu_weight_memory_C3
DeepSeek-V4-Pro-0813,NVIDIA-B300-x16,gpu,official_packed,32768,32,True,1,32,9841,352239449751.31995,352239449751.31995,110493696.0,72312.0,113905074176.0,0.006187019481581823,0.006187019481581823,5172.118836098868,161.62871362808963,56932009152371.95,571486526351.7821,374006257.27598137,57503869684981.01,0.0,0.0,0.0,589130579672928.4,1.2636028905167562,29000.0,gpu_weight_memory_C3
DeepSeek-V4-Pro-0813,ROM-wafer-N4-class-HBM3e-conservative,rom,official_packed,32768,32,True,9,288,1979,352239449751.31995,352239449751.31995,110493696.0,72312.0,113905074176.0,0.00030810308671509084,0.0027760746604358175,103861.34180340442,360.22085942134186,1143251933977029.2,11476023527377.459,7510421348.48778,11483533948725.947,1143251933977029.2,0.0,0.0,1.183033384213567e+16,0.14218162371951956,135000.0,compute_C5
DeepSeek-V4-Pro-0813,ROM-wafer-N4-class-HBM3e-central,rom,official_packed,32768,32,True,4,128,3694,352239449751.31995,352239449751.31995,110493696.0,72312.0,113905074176.0,0.00015087651015541816,0.0006046861206216727,212093.9831325416,1653.7505424664096,2334620872317880.5,23435048095676.18,15336940108.280348,23450385035784.46,2334620872317880.5,0.0,0.0,2.4158580880995444e+16,0.03390912055476365,60000.0,collective_floor_C6
DeepSeek-V4-Pro-0813,ROM-wafer-N4-class-HBM3e-aggressive,rom,official_packed,32768,32,True,2,64,5480,352239449751.31995,352239449751.31995,110493696.0,72312.0,113905074176.0,0.00011055886575104148,0.00022151109150208293,289438.56996559823,4514.446627565811,3185990081921601.5,31981137360453.543,20929881871.35234,32002067242324.895,3185990081921601.5,0.0,0.0,3.296852178132683e+16,0.014378936894796515,30000.0,collective_floor_C6
DeepSeek-V4-Pro-0813,NVIDIA-B300-x1,gpu,official_packed,32768,64,False,1,64,0,548837516692.9358,548837516692.9358,110493696.0,72312.0,113905074176.0,0.12958794475594967,,0.0,0.0,0.0,0.0,0.0,0.0,0.0,0.0,0.0,0.0,,1812.5,capacity_C7_C8_C9
DeepSeek-V4-Pro-0813,NVIDIA-B300-x2,gpu,official_packed,32768,64,False,1,64,0,548837516692.9358,548837516692.9358,110493696.0,72312.0,113905074176.0,0.06533256821797484,,0.0,0.0,0.0,0.0,0.0,0.0,0.0,0.0,0.0,0.0,,3625.0,capacity_C7_C8_C9
DeepSeek-V4-Pro-0813,NVIDIA-B300-x4,gpu,official_packed,32768,64,True,1,64,435,548837516692.9358,548837516692.9358,110493696.0,72312.0,113905074176.0,0.03300734673486977,0.03300734673486977,1938.9622714626994,30.296285491604678,16627738094232.531,214243107778.469,140210239.77401072,16842121412250.773,0.0,0.0,0.0,220857641355424.22,0.8426549097394875,7250.0,gpu_weight_memory_C3
DeepSeek-V4-Pro-0813,NVIDIA-B300-x8,gpu,official_packed,32768,64,True,1,64,3570,548837516692.9358,548837516692.9358,110493696.0,72312.0,113905074176.0,0.016916500699199703,0.016916500699199703,3783.2883489330484,59.11388045207888,32443915349402.055,418029512707.35016,273577147.0880466,32862218439256.492,0.0,0.0,0.0,430935740014415.44,0.8637333066661194,14500.0,gpu_weight_memory_C3
DeepSeek-V4-Pro-0813,NVIDIA-B300-x16,gpu,official_packed,32768,64,True,1,64,9841,548837516692.9358,548837516692.9358,110493696.0,72312.0,113905074176.0,0.009548763833009136,0.009548763833009136,6702.438254756947,104.72559773057729,57477336992633.39,740577174979.8846,484666715.07798433,58218398834328.35,0.0,0.0,0.0,763441726568150.0,0.9750935499856673,29000.0,gpu_weight_memory_C3
DeepSeek-V4-Pro-0813,ROM-wafer-N4-class-HBM3e-conservative,rom,official_packed,32768,64,True,9,576,1979,548837516692.9358,548837516692.9358,110493696.0,72312.0,113905074176.0,0.0005256235176036235,0.004733758538432611,121760.1531449414,211.24862873362966,1044164688815956.1,13453729346510.6,8804720194.217003,13462534066704.816,1044164688815956.1,0.0,0.0,1.386909927565567e+16,0.12128084465956149,135000.0,compute_C5
DeepSeek-V4-Pro-0813,ROM-wafer-N4-class-HBM3e-central,rom,official_packed,32768,64,True,4,256,3694,548837516692.9358,548837516692.9358,110493696.0,72312.0,113905074176.0,0.0002794206052511485,0.0011188625010045941,229045.3846182016,893.764872003601,1964198439122377.0,25308071098206.645,16562729852.511395,25324633828059.156,1964198439122377.0,0.0,0.0,2.6089431524606704e+16,0.03139954317337437,60000.0,collective_floor_C6
DeepSeek-V4-Pro-0813,ROM-wafer-N4-class-HBM3e-aggressive,rom,official_packed,32768,64,True,2,128,5480,548837516692.9358,548837516692.9358,110493696.0,72312.0,113905074176.0,0.00021133982929976867,0.0004230730185995373,302829.80833310465,2363.658177281584,2596943124783420.0,33460784781696.332,21898229100.183464,33482683010796.516,2596943124783420.0,0.0,0.0,3.4493851780886148e+16,0.013743095355651363,30000.0,collective_floor_C6
DeepSeek-V4-Pro-0813,NVIDIA-B300-x1,gpu,official_packed,200000,1,False,1,1,0,39666603980.0,39666603980.0,473068544.0,72312.0,145067704320.0,0.008184531817978584,,0.0,0.0,0.0,0.0,0.0,0.0,0.0,0.0,0.0,0.0,,1812.5,capacity_C7_C8_C9
DeepSeek-V4-Pro-0813,NVIDIA-B300-x2,gpu,official_packed,200000,1,False,1,1,0,39666603980.0,39666603980.0,473068544.0,72312.0,145067704320.0,0.004266006445353352,,0.0,0.0,0.0,0.0,0.0,0.0,0.0,0.0,0.0,0.0,,3625.0,capacity_C7_C8_C9
DeepSeek-V4-Pro-0813,NVIDIA-B300-x4,gpu,official_packed,200000,1,True,1,1,72,39666603980.0,39666603980.0,473068544.0,72312.0,145067704320.0,0.002431544586631014,0.002431544586631014,411.26122280386943,411.26122280386943,16313336057291.633,194554747875.4861,29739121.543393407,16507920544288.662,0.0,0.0,0.0,59660721467993.375,3.972842532316422,7250.0,gpu_weight_memory_C3
DeepSeek-V4-Pro-0813,NVIDIA-B300-x8,gpu,official_packed,200000,1,True,1,1,597,39666603980.0,39666603980.0,473068544.0,72312.0,145067704320.0,0.0016604412478115425,0.0016604412478115423,602.2495534352677,602.2495534352677,23889194533248.61,284905319368.2723,43549869.708011076,24174143402486.59,0.0,0.0,0.0,87366960144599.45,5.4259104669416365,14500.0,gpu_weight_memory_C3
DeepSeek-V4-Pro-0813,NVIDIA-B300-x16,gpu,official_packed,200000,1,True,1,1,1645,39666603980.0,39666603980.0,473068544.0,72312.0,145067704320.0,0.0015349513057768696,0.0015349513057768696,651.486464903771,651.486464903771,25842255601668.05,308197753387.734,47110289.25012149,26150500465345.035,0.0,0.0,0.0,94509645859142.31,10.031680876679502,29000.0,gpu_weight_memory_C3
DeepSeek-V4-Pro-0813,ROM-wafer-N4-class-HBM3e-conservative,rom,official_packed,200000,1,True,9,9,330,39666603980.0,39666603980.0,473068544.0,72312.0,145067704320.0,0.00010228028500807358,0.0009236694450726624,9777.055274347975,1082.638389019497,387822579658131.4,4625217303243.317,706998420.9986508,4625924301664.316,387822579658131.4,0.0,0.0,1418334963659408.5,1.510390787913477,135000.0,collective_floor_C6
DeepSeek-V4-Pro-0813,ROM-wafer-N4-class-HBM3e-central,rom,official_packed,200000,1,True,4,4,616,39666603980.0,39666603980.0,473068544.0,72312.0,145067704320.0,3.0149362433852213e-05,0.00012177752973540886,33168.19724443603,8211.695558061836,1315669744825571.0,15690830777530.164,2398458679.139658,15693229236209.305,1315669744825571.0,0.0,0.0,4811634230683285.0,0.21683181603087598,60000.0,collective_floor_C6
DeepSeek-V4-Pro-0813,ROM-wafer-N4-class-HBM3e-aggressive,rom,official_packed,200000,1,True,2,2,916,39666603980.0,39666603980.0,473068544.0,72312.0,145067704320.0,1.7943229551978606e-05,3.627981910395721e-05,55731.32735682633,27563.533245151306,2210672491542970.2,26364737887881.203,4030043743.8268256,26368767931625.03,2210672491542970.2,0.0,0.0,8084815718361209.0,0.07467647245881927,30000.0,collective_floor_C6
DeepSeek-V4-Pro-0813,NVIDIA-B300-x1,gpu,official_packed,200000,8,False,1,8,0,124131495810.51216,124131495810.51216,473068544.0,72312.0,145067704320.0,0.028773149798335413,,0.0,0.0,0.0,0.0,0.0,0.0,0.0,0.0,0.0,0.0,,1812.5,capacity_C7_C8_C9
DeepSeek-V4-Pro-0813,NVIDIA-B300-x2,gpu,official_packed,200000,8,False,1,8,0,124131495810.51216,124131495810.51216,473068544.0,72312.0,145067704320.0,0.014579487614462063,,0.0,0.0,0.0,0.0,0.0,0.0,0.0,0.0,0.0,0.0,,3625.0,capacity_C7_C8_C9
DeepSeek-V4-Pro-0813,NVIDIA-B300-x4,gpu,official_packed,200000,8,True,1,8,72,124131495810.51216,124131495810.51216,473068544.0,72312.0,145067704320.0,0.007457976879625122,0.007457976879625122,1072.6769644265944,134.0846205533243,16644124514469.088,507449729743.6288,77567416.65161589,17151651811629.37,0.0,0.0,0.0,155610784706312.34,1.5231762515950649,7250.0,gpu_weight_memory_C3
DeepSeek-V4-Pro-0813,NVIDIA-B300-x8,gpu,official_packed,200000,8,True,1,8,597,124131495810.51216,124131495810.51216,473068544.0,72312.0,145067704320.0,0.003975614392342063,0.003975614392342063,2012.2675920003253,251.53344900004066,31223223270752.223,951940499885.98,145511094.11272752,32175309281732.316,0.0,0.0,0.0,291915040049021.56,1.6239153125986523,14500.0,gpu_weight_memory_C3
DeepSeek-V4-Pro-0813,NVIDIA-B300-x16,gpu,official_packed,200000,8,True,1,8,1645,124131495810.51216,124131495810.51216,473068544.0,72312.0,145067704320.0,0.00259384980381427,0.00259384980381427,3084.2186730457397,385.52733413071746,47856084661485.08,1459046837035.36,223026020.68528354,49315354524541.125,0.0,0.0,0.0,447420522519622.1,2.1190145719910074,29000.0,gpu_weight_memory_C3
DeepSeek-V4-Pro-0813,ROM-wafer-N4-class-HBM3e-conservative,rom,official_packed,200000,8,True,9,72,330,124131495810.51216,124131495810.51216,473068544.0,72312.0,145067704320.0,0.00015835476034908804,0.0014283397231417924,50519.47906311281,700.1135540782893,783882312959005.6,23899176404025.26,3653164570.0118136,23902829568595.273,783882312959005.6,0.0,0.0,7328744851128080.0,0.2923065418162323,135000.0,collective_floor_C6
DeepSeek-V4-Pro-0813,ROM-wafer-N4-class-HBM3e-central,rom,official_packed,200000,8,True,4,32,616,124131495810.51216,124131495810.51216,473068544.0,72312.0,145067704320.0,8.65321554163273e-05,0.0003473087016653092,92451.18143088023,2879.2828835128626,1434512930058026.0,43735745790586.34,6685329831.629811,43742431120417.98,1434512930058026.0,0.0,0.0,1.3411680651849608e+16,0.07779154718924056,60000.0,kv_beachfront_C8
DeepSeek-V4-Pro-0813,ROM-wafer-N4-class-HBM3e-aggressive,rom,official_packed,200000,8,True,2,16,916,124131495810.51216,124131495810.51216,473068544.0,72312.0,145067704320.0,7.510052099962877e-05,0.00015059440199925755,106523.89482144265,6640.353072386649,1652871300468418.2,50393103824389.016,7702955882.328161,50400806780271.34,1652871300468418.2,0.0,0.0,1.5453176876971822e+16,0.0390693462666907,30000.0,kv_beachfront_C8
DeepSeek-V4-Pro-0813,NVIDIA-B300-x1,gpu,official_packed,200000,32,False,1,32,0,352239449751.31995,352239449751.31995,473068544.0,72312.0,145067704320.0,0.08486402688351127,,0.0,0.0,0.0,0.0,0.0,0.0,0.0,0.0,0.0,0.0,,1812.5,capacity_C7_C8_C9
DeepSeek-V4-Pro-0813,NVIDIA-B300-x2,gpu,official_packed,200000,32,False,1,32,0,352239449751.31995,352239449751.31995,473068544.0,72312.0,145067704320.0,0.04277307606763799,,0.0,0.0,0.0,0.0,0.0,0.0,0.0,0.0,0.0,0.0,,3625.0,capacity_C7_C8_C9
DeepSeek-V4-Pro-0813,NVIDIA-B300-x4,gpu,official_packed,200000,32,True,1,32,72,352239449751.31995,352239449751.31995,473068544.0,72312.0,145067704320.0,0.021628834052642525,0.021628834052642525,1479.5064737246141,46.23457730389419,16285642069008.557,699907973363.4774,106986072.1279743,16985657028444.162,0.0,0.0,0.0,214628607669808.16,1.10433857969843,7250.0,gpu_weight_memory_C3
DeepSeek-V4-Pro-0813,NVIDIA-B300-x8,gpu,official_packed,200000,32,True,1,32,597,352239449751.31995,352239449751.31995,473068544.0,72312.0,145067704320.0,0.011128477765701491,0.011128477765701491,2875.5055878914145,89.8595496216067,31652078313616.176,1360311241727.6555,207933560.07160395,33012597488903.902,0.0,0.0,0.0,417142994394739.5,1.1364096002649617,14500.0,gpu_weight_memory_C3
DeepSeek-V4-Pro-0813,NVIDIA-B300-x16,gpu,official_packed,200000,32,True,1,32,1645,352239449751.31995,352239449751.31995,473068544.0,72312.0,145067704320.0,0.006334022942241175,0.006334022942241175,5052.0814799381515,157.87754624806723,55610700018507.77,2389980829883.7065,365326115.9772876,58001046174507.45,0.0,0.0,0.0,732893862332215.8,1.2936260702332734,29000.0,gpu_weight_memory_C3
DeepSeek-V4-Pro-0813,ROM-wafer-N4-class-HBM3e-conservative,rom,official_packed,200000,32,True,9,288,330,352239449751.31995,352239449751.31995,473068544.0,72312.0,145067704320.0,0.00036159993570529525,0.0032575463013476565,88495.59095629948,306.97952001059724,974113695745775.5,41864480364116.164,6399293173.231928,41870879657289.4,974113695745775.5,0.0,0.0,1.2837852222472118e+16,0.16686903900769834,135000.0,kv_beachfront_C8
DeepSeek-V4-Pro-0813,ROM-wafer-N4-class-HBM3e-central,rom,official_packed,200000,32,True,4,128,616,352239449751.31995,352239449751.31995,473068544.0,72312.0,145067704320.0,0.00028331870430993726,0.001134454897239749,112947.00813326293,881.4806145516297,1243262249872449.8,53431676686758.85,8167424052.132509,53439844110810.984,1243262249872449.8,0.0,0.0,1.6384963179704822e+16,0.06367517441892591,60000.0,kv_beachfront_C8
DeepSeek-V4-Pro-0813,ROM-wafer-N4-class-HBM3e-aggressive,rom,official_packed,200000,32,True,2,64,916,352239449751.31995,352239449751.31995,473068544.0,72312.0,145067704320.0,0.0002710683773915722,0.0005425301147831444,118051.3946625886,1843.2156533830598,1299448696822691.0,55846401390200.164,8536532450.841107,55854937922651.01,1299448696822691.0,0.0,0.0,1.712544481547603e+16,0.03525429703181978,30000.0,kv_beachfront_C8
DeepSeek-V4-Pro-0813,NVIDIA-B300-x1,gpu,official_packed,200000,64,False,1,64,0,548837516692.9358,548837516692.9358,473068544.0,72312.0,145067704320.0,0.13429205549704892,,0.0,0.0,0.0,0.0,0.0,0.0,0.0,0.0,0.0,0.0,,1812.5,capacity_C7_C8_C9
DeepSeek-V4-Pro-0813,NVIDIA-B300-x2,gpu,official_packed,200000,64,False,1,64,0,548837516692.9358,548837516692.9358,473068544.0,72312.0,145067704320.0,0.06768462358852446,,0.0,0.0,0.0,0.0,0.0,0.0,0.0,0.0,0.0,0.0,,3625.0,capacity_C7_C8_C9
DeepSeek-V4-Pro-0813,NVIDIA-B300-x4,gpu,official_packed,200000,64,True,1,64,72,548837516692.9358,548837516692.9358,473068544.0,72312.0,145067704320.0,0.03418337442014458,0.03418337442014458,1872.2551850318266,29.25398726612229,16055685724505.324,885705034379.4568,135386516.94002146,16941526145401.72,0.0,0.0,0.0,271603761593783.9,0.8726780894560047,7250.0,gpu_weight_memory_C3
DeepSeek-V4-Pro-0813,NVIDIA-B300-x8,gpu,official_packed,200000,64,True,1,64,597,548837516692.9358,548837516692.9358,473068544.0,72312.0,145067704320.0,0.01750451454183711,0.01750451454183711,3656.199653354292,57.12811958366081,31354055285633.473,1729633046585.6196,264387109.33335555,33083952719328.426,0.0,0.0,0.0,530396490247686.94,0.8937564863826364,14500.0,gpu_weight_memory_C3
DeepSeek-V4-Pro-0813,NVIDIA-B300-x16,gpu,official_packed,200000,64,True,1,64,1645,548837516692.9358,548837516692.9358,473068544.0,72312.0,145067704320.0,0.009842770754327837,0.009842770754327837,6502.234136852105,101.59740838831414,55760469322280.375,3076002435867.7217,470189554.9040494,58836941947703.0,0.0,0.0,0.0,943264179184271.5,1.005116729702184,29000.0,gpu_weight_memory_C3
DeepSeek-V4-Pro-0813,ROM-wafer-N4-class-HBM3e-conservative,rom,official_packed,200000,64,True,9,576,330,548837516692.9358,548837516692.9358,473068544.0,72312.0,145067704320.0,0.0006326172155840323,0.005696701820256291,101167.02236899322,175.5401689525345,867566520753389.4,47858935972915.055,7315589721.546638,47866251562636.6,867566520753389.4,0.0,0.0,1.4676067687959934e+16,0.14596825994774024,135000.0,kv_beachfront_C8
DeepSeek-V4-Pro-0813,ROM-wafer-N4-class-HBM3e-central,rom,official_packed,200000,64,True,4,256,616,548837516692.9358,548837516692.9358,473068544.0,72312.0,145067704320.0,0.0005457007695014171,0.0021839831580056685,117280.3917034495,457.87898882570255,1005748108426500.1,55481664142900.53,8480779684.859839,55490144922585.39,1005748108426500.1,0.0,0.0,1.7013597186169792e+16,0.06132244562387345,60000.0,kv_beachfront_C8
DeepSeek-V4-Pro-0813,ROM-wafer-N4-class-HBM3e-aggressive,rom,official_packed,200000,64,True,2,128,916,548837516692.9358,548837516692.9358,473068544.0,72312.0,145067704320.0,0.0005323588525808301,0.0010651110651616602,120219.65952051607,938.8692247303076,1030954052951723.4,56872139289546.27,8693324019.247559,56880832613565.52,1030954052951723.4,0.0,0.0,1.7439990020773298e+16,0.03461845549267463,30000.0,kv_beachfront_C8
DeepSeek-V4-Pro-0813,NVIDIA-B300-x1,gpu,official_packed,1000000,1,False,1,1,0,39666603980.0,39666603980.0,2207468544.0,72312.0,294162104320.0,0.008536132051108352,,0.0,0.0,0.0,0.0,0.0,0.0,0.0,0.0,0.0,0.0,,1812.5,capacity_C7_C8_C9
DeepSeek-V4-Pro-0813,NVIDIA-B300-x2,gpu,official_packed,1000000,1,False,1,1,0,39666603980.0,39666603980.0,2207468544.0,72312.0,294162104320.0,0.004441806561918236,,0.0,0.0,0.0,0.0,0.0,0.0,0.0,0.0,0.0,0.0,,3625.0,capacity_C7_C8_C9
DeepSeek-V4-Pro-0813,NVIDIA-B300-x4,gpu,official_packed,1000000,1,True,1,1,14,39666603980.0,39666603980.0,2207468544.0,72312.0,294162104320.0,0.002519444644913456,0.002519444644913456,396.91286808738374,396.91286808738374,15744185552988.232,876172671011.7211,28701563.317134894,16620386925563.271,0.0,0.0,0.0,116756724508271.38,4.11646033478552,7250.0,gpu_weight_memory_C3
DeepSeek-V4-Pro-0813,NVIDIA-B300-x8,gpu,official_packed,1000000,1,True,1,1,119,39666603980.0,39666603980.0,2207468544.0,72312.0,294162104320.0,0.0017043912769527632,0.0017043912769527632,586.719735968066,586.719735968066,23273179413895.434,1295165361293.491,42426877.54732279,24568387202066.473,0.0,0.0,0.0,172590712178441.06,5.569528269410735,14500.0,gpu_weight_memory_C3
DeepSeek-V4-Pro-0813,NVIDIA-B300-x16,gpu,official_packed,1000000,1,True,1,1,330,39666603980.0,39666603980.0,2207468544.0,72312.0,294162104320.0,0.00155692632034748,0.00155692632034748,642.2911520802196,642.2911520802196,25477508769424.023,1417837514306.605,46445357.78922484,26895392729088.418,0.0,0.0,0.0,188937716882034.53,10.1752986791486,29000.0,gpu_weight_memory_C3
DeepSeek-V4-Pro-0813,ROM-wafer-N4-class-HBM3e-conservative,rom,official_packed,1000000,1,True,9,9,66,39666603980.0,39666603980.0,2207468544.0,72312.0,294162104320.0,0.0001261959980138366,0.0011389108621245295,7924.181556774537,878.0318401166141,314325371678195.44,17492381523524.74,573013416.7334803,17492954536941.475,314325371678195.44,0.0,0.0,2330993921754531.5,1.8635582884482638,135000.0,collective_floor_C6
DeepSeek-V4-Pro-0813,ROM-wafer-N4-class-HBM3e-central,rom,official_packed,1000000,1,True,4,4,123,39666603980.0,39666603980.0,2207468544.0,72312.0,294162104320.0,5.161604877474485e-05,0.00020764427509897942,19373.819262378114,4815.928585188887,768493616260848.4,42767096598840.97,1400959618.5010862,42768497558459.47,768493616260848.4,0.0,0.0,5699043442936496.0,0.3712185163690105,60000.0,kv_beachfront_C8
DeepSeek-V4-Pro-0813,ROM-wafer-N4-class-HBM3e-aggressive,rom,official_packed,1000000,1,True,2,2,183,39666603980.0,39666603980.0,2207468544.0,72312.0,294162104320.0,4.193718483950758e-05,8.426772967901517e-05,23845.18664824479,11866.93890780145,945857575605109.6,52637499451809.17,1724293136.9078774,52639223744946.08,945857575605109.6,0.0,0.0,7014350282350855.0,0.1745349698389477,30000.0,kv_beachfront_C8
DeepSeek-V4-Pro-0813,NVIDIA-B300-x1,gpu,official_packed,1000000,8,False,1,8,0,124131495810.51216,124131495810.51216,2207468544.0,72312.0,294162104320.0,0.03158595166337355,,0.0,0.0,0.0,0.0,0.0,0.0,0.0,0.0,0.0,0.0,,1812.5,capacity_C7_C8_C9
DeepSeek-V4-Pro-0813,NVIDIA-B300-x2,gpu,official_packed,1000000,8,False,1,8,0,124131495810.51216,124131495810.51216,2207468544.0,72312.0,294162104320.0,0.015985888546981134,,0.0,0.0,0.0,0.0,0.0,0.0,0.0,0.0,0.0,0.0,,3625.0,capacity_C7_C8_C9
DeepSeek-V4-Pro-0813,NVIDIA-B300-x4,gpu,official_packed,1000000,8,True,1,8,14,124131495810.51216,124131495810.51216,2207468544.0,72312.0,294162104320.0,0.008161177345884655,0.008161177345884655,980.2507237554481,122.53134046943102,15209998576137.615,2163872637923.3853,70883890.33620396,17373942097951.336,0.0,0.0,0.0,288352615661105.6,1.6667940540641624,7250.0,gpu_weight_memory_C3
DeepSeek-V4-Pro-0813,NVIDIA-B300-x8,gpu,official_packed,1000000,8,True,1,8,119,124131495810.51216,124131495810.51216,2207468544.0,72312.0,294162104320.0,0.004327214625471831,0.004327214625471831,1848.764318947479,231.09553986843488,28686235039006.67,4081089079346.143,133687845.4317301,32767457806198.246,0.0,0.0,0.0,543836402453322.06,1.7675331150677502,14500.0,gpu_weight_memory_C3
DeepSeek-V4-Pro-0813,NVIDIA-B300-x16,gpu,official_packed,1000000,8,True,1,8,330,124131495810.51216,124131495810.51216,2207468544.0,72312.0,294162104320.0,0.002769649920379154,0.002769649920379154,2888.451692445243,361.0564615556554,44818478644954.18,6376166251936.437,208869718.7841004,51194853766609.4,0.0,0.0,0.0,849673028076358.2,2.262632374460105,29000.0,gpu_weight_memory_C3
DeepSeek-V4-Pro-0813,ROM-wafer-N4-class-HBM3e-conservative,rom,official_packed,1000000,8,True,9,72,66,124131495810.51216,124131495810.51216,2207468544.0,72312.0,294162104320.0,0.00037518112774212914,0.003379777029679162,21323.03415191659,295.87750648004396,330857515562005.25,47069927152993.586,1541911245.5933924,47071469064239.18,330857515562005.25,0.0,0.0,6272428596615010.0,0.6925456346449985,135000.0,kv_beachfront_C8
DeepSeek-V4-Pro-0813,ROM-wafer-N4-class-HBM3e-central,rom,official_packed,1000000,8,True,4,32,123,124131495810.51216,124131495810.51216,2207468544.0,72312.0,294162104320.0,0.00026637191636875773,0.001066667745475031,30033.196100616802,937.499051829545,466008194492500.6,66297335667895.05,2171760476.427802,66299507428371.48,466008194492500.6,0.0,0.0,8834628164412657.0,0.23946570384607374,60000.0,kv_beachfront_C8
DeepSeek-V4-Pro-0813,ROM-wafer-N4-class-HBM3e-aggressive,rom,official_packed,1000000,8,True,2,16,183,124131495810.51216,124131495810.51216,2207468544.0,72312.0,294162104320.0,0.0002670521632998605,0.000534497686599721,29956.69423211963,1870.9154877014244,464821158071393.94,66128460199630.31,2166228473.3130345,66130626428103.625,464821158071393.94,0.0,0.0,8812124213791117.0,0.1389278436468191,30000.0,kv_beachfront_C8
DeepSeek-V4-Pro-0813,NVIDIA-B300-x1,gpu,official_packed,1000000,32,False,1,32,0,352239449751.31995,352239449751.31995,2207468544.0,72312.0,294162104320.0,0.09611523434366381,,0.0,0.0,0.0,0.0,0.0,0.0,0.0,0.0,0.0,0.0,,1812.5,capacity_C7_C8_C9
DeepSeek-V4-Pro-0813,NVIDIA-B300-x2,gpu,official_packed,1000000,32,False,1,32,0,352239449751.31995,352239449751.31995,2207468544.0,72312.0,294162104320.0,0.04839867979771426,,0.0,0.0,0.0,0.0,0.0,0.0,0.0,0.0,0.0,0.0,,3625.0,capacity_C7_C8_C9
DeepSeek-V4-Pro-0813,NVIDIA-B300-x4,gpu,official_packed,1000000,32,False,1,32,14,352239449751.31995,352239449751.31995,2207468544.0,72312.0,294162104320.0,0.02444163591768066,,0.0,0.0,0.0,0.0,0.0,0.0,0.0,0.0,0.0,0.0,,7250.0,capacity_C7_C8_C9
DeepSeek-V4-Pro-0813,NVIDIA-B300-x8,gpu,official_packed,1000000,32,True,1,32,119,352239449751.31995,352239449751.31995,2207468544.0,72312.0,294162104320.0,0.01253487869822056,0.01253487869822056,2552.876718666826,79.77739745833831,28100746583317.438,5635395053166.956,184603621.28023553,33736326240105.67,0.0,0.0,0.0,750959587632570.1,1.2800274027340595,14500.0,gpu_weight_memory_C3
DeepSeek-V4-Pro-0813,NVIDIA-B300-x16,gpu,official_packed,1000000,32,True,1,32,330,352239449751.31995,352239449751.31995,2207468544.0,72312.0,294162104320.0,0.007037223408500709,0.007037223408500709,4547.247990073069,142.1014996897834,50053754059566.664,10037906899853.523,328820596.6581637,60091989780016.84,0.0,0.0,0.0,1337628037624784.2,1.4372438727023709,29000.0,gpu_weight_memory_C3
DeepSeek-V4-Pro-0813,ROM-wafer-N4-class-HBM3e-conservative,rom,official_packed,1000000,32,True,9,288,66,352239449751.31995,352239449751.31995,2207468544.0,72312.0,294162104320.0,0.0012289054052774596,0.011063295527497137,26039.43302924533,90.38898016549967,286628611314303.8,57481229315653.7,1882963481.2107882,57483112279134.914,286628611314303.8,0.0,0.0,7659814415182519.0,0.5671081318364647,135000.0,kv_beachfront_C8
DeepSeek-V4-Pro-0813,ROM-wafer-N4-class-HBM3e-central,rom,official_packed,1000000,32,True,4,128,123,352239449751.31995,352239449751.31995,2207468544.0,72312.0,294162104320.0,0.0010026777481196589,0.004011891072478635,31914.54089812028,249.25901075927715,351298760156871.4,70450345128802.03,2307804281.424874,70452652933083.45,351298760156871.4,0.0,0.0,9388048508997764.0,0.22534933107575905,60000.0,kv_beachfront_C8
DeepSeek-V4-Pro-0813,ROM-wafer-N4-class-HBM3e-aggressive,rom,official_packed,1000000,32,True,2,64,183,352239449751.31995,352239449751.31995,2207468544.0,72312.0,294162104320.0,0.0010388749465924992,0.0020781432531849983,30802.55241976883,481.19878091531115,339058566102361.3,67995665541550.77,2227394170.5783234,67997892935721.35,339058566102361.3,0.0,0.0,9060943638226306.0,0.13511279441194818,30000.0,kv_beachfront_C8
DeepSeek-V4-Pro-0813,NVIDIA-B300-x1,gpu,official_packed,1000000,64,False,1,64,0,548837516692.9358,548837516692.9358,2207468544.0,72312.0,294162104320.0,0.156794470417354,,0.0,0.0,0.0,0.0,0.0,0.0,0.0,0.0,0.0,0.0,,1812.5,capacity_C7_C8_C9
DeepSeek-V4-Pro-0813,NVIDIA-B300-x2,gpu,official_packed,1000000,64,False,1,64,0,548837516692.9358,548837516692.9358,2207468544.0,72312.0,294162104320.0,0.078935831048677,,0.0,0.0,0.0,0.0,0.0,0.0,0.0,0.0,0.0,0.0,,3625.0,capacity_C7_C8_C9
DeepSeek-V4-Pro-0813,NVIDIA-B300-x4,gpu,official_packed,1000000,64,False,1,64,14,548837516692.9358,548837516692.9358,2207468544.0,72312.0,294162104320.0,0.03980897815022085,,0.0,0.0,0.0,0.0,0.0,0.0,0.0,0.0,0.0,0.0,,7250.0,capacity_C7_C8_C9
DeepSeek-V4-Pro-0813,NVIDIA-B300-x8,gpu,official_packed,1000000,64,True,1,64,119,548837516692.9358,548837516692.9358,2207468544.0,72312.0,294162104320.0,0.020317316406875244,0.020317316406875244,3150.022311920231,49.21909862375361,27013287862525.625,6953575166462.066,227784413.41957575,33967090813401.11,0.0,0.0,0.0,926617191929406.6,1.037374288851734,14500.0,gpu_weight_memory_C3
DeepSeek-V4-Pro-0813,NVIDIA-B300-x16,gpu,official_packed,1000000,64,True,1,64,330,548837516692.9358,548837516692.9358,2207468544.0,72312.0,294162104320.0,0.011249171686846908,0.011249171686846908,5689.307780308126,88.89543406731447,48789149278845.48,12558967962164.65,411405224.2096412,61348528646234.336,0.0,0.0,0.0,1673578748779586.5,1.148734532171282,29000.0,gpu_weight_memory_C3
DeepSeek-V4-Pro-0813,ROM-wafer-N4-class-HBM3e-conservative,rom,official_packed,1000000,64,True,9,576,66,548837516692.9358,548837516692.9358,2207468544.0,72312.0,294162104320.0,0.0023672281547283606,0.021308200272555245,27035.839309432344,46.93028914731904,231848170442157.84,59680764836210.58,1955015612.1436718,59682719851822.72,231848170442157.84,0.0,0.0,7952919383319994.0,0.5462073527765066,135000.0,kv_beachfront_C8
DeepSeek-V4-Pro-0813,ROM-wafer-N4-class-HBM3e-central,rom,official_packed,1000000,64,True,4,256,123,548837516692.9358,548837516692.9358,2207468544.0,72312.0,294162104320.0,0.0019844188571208603,0.007938855508483441,32251.255711637346,125.96274096831748,276573423359435.97,71193632487939.78,2332152803.01992,71195964640742.8,276573423359435.97,0.0,0.0,9487097247097660.0,0.22299660228070659,60000.0,kv_beachfront_C8
DeepSeek-V4-Pro-0813,ROM-wafer-N4-class-HBM3e-aggressive,rom,official_packed,1000000,64,True,2,128,183,548837516692.9358,548837516692.9358,2207468544.0,72312.0,294162104320.0,0.0020679719909826835,0.004136337341965367,30948.194791355814,241.7597785979548,265398912115890.25,68317166495502.6,2237925861.7525215,68319404421364.35,265398912115890.25,0.0,0.0,9103786104730490.0,0.13447695287280303,30000.0,kv_beachfront_C8
Qwen3-8B,NVIDIA-B300-x1,gpu,official_packed,8192,1,True,1,1,201,15136811008.0,15136811008.0,1207959552.0,147456.0,15136811008.0,0.0031003726193931306,0.0031003726193931306,322.54187569097445,322.54187569097445,4882255414500.109,389617539660.9092,47560734.82188833,5271920514895.841,0.0,0.0,0.0,4882255414500.109,1.2664061638100907,1812.5,gpu_weight_memory_C3
Qwen3-8B,NVIDIA-B300-x2,gpu,official_packed,8192,1,True,1,1,415,15136811008.0,15136811008.0,1207959552.0,147456.0,15136811008.0,0.0016369739238142123,0.0016369739238142123,610.8832800891303,610.8832800891303,9246824758656.293,737922293340.7563,90078404.9488228,9984837130401.998,0.0,0.0,0.0,9246824758656.295,1.33730626709024,3625.0,gpu_weight_memory_C3
Qwen3-8B,NVIDIA-B300-x4,gpu,official_packed,8192,1,True,1,1,844,15136811008.0,15136811008.0,1207959552.0,147456.0,15136811008.0,0.0009042337101424003,0.0009042337101424002,1105.908780864317,1105.908780864317,16739932208030.852,1335893075485.7263,163072885.1911287,18075988356401.77,0.0,0.0,0.0,16739932208030.852,1.4774058277851143,7250.0,gpu_weight_memory_C3
Qwen3-8B,NVIDIA-B300-x8,gpu,official_packed,8192,1,True,1,1,1703,15136811008.0,15136811008.0,1207959552.0,147456.0,15136811008.0,0.0005802165444829648,0.0005802165444829648,1723.49445997116,1723.49445997116,26088209913918.47,2081911595741.2444,254139599.08950737,28170375649258.805,0.0,0.0,0.0,26088209913918.47,1.8960038640043129,14500.0,gpu_weight_memory_C3
Qwen3-8B,NVIDIA-B300-x16,gpu,official_packed,8192,1,True,1,1,3419,15136811008.0,15136811008.0,1207959552.0,147456.0,15136811008.0,0.0005581969687120706,0.0005581969687120706,1791.4823190589923,1791.4823190589923,27117329287769.523,2164038179546.4214,264164816.83916277,29281631632132.785,0.0,0.0,0.0,27117329287769.523,3.6480986956229513,29000.0,collective_floor_C6
Qwen3-8B,ROM-wafer-N4-class-HBM3e-conservative,rom,official_packed,8192,1,True,1,1,643,15136811008.0,15136811008.0,1207959552.0,147456.0,15136811008.0,0.0006153234921144837,0.0006153234921144837,1625.1614196682508,1625.1614196682508,24599761267011.285,1963129260430.1443,239639802.2986016,1963368900232.4429,24599761267011.285,0.0,0.0,24599761267011.285,1.6286186376076026,15000.0,collective_floor_C6
Qwen3-8B,ROM-wafer-N4-class-HBM3e-central,rom,official_packed,8192,1,True,1,1,1072,15136811008.0,15136811008.0,1207959552.0,147456.0,15136811008.0,0.00011290768213638544,0.00011290768213638544,8856.793276404898,8856.793276404898,134063605961866.05,10698648038322.674,1305987309.3655608,10699954025632.04,134063605961866.05,0.0,0.0,134063605961866.05,0.2988404600391561,15000.0,kv_beachfront_C8
Qwen3-8B,ROM-wafer-N4-class-HBM3e-aggressive,rom,official_packed,8192,1,True,1,1,1502,15136811008.0,15136811008.0,1207959552.0,147456.0,15136811008.0,4.5733395311836966e-05,4.573339531183696e-05,21865.859579885044,21865.859579885044,330979383988186.2,26413073942212.844,3224252190.211529,26416298194403.055,330979383988186.2,0.0,0.0,330979383988186.2,0.12104569534633676,15000.0,kv_beachfront_C8
Qwen3-8B,NVIDIA-B300-x1,gpu,official_packed,8192,8,True,1,8,201,15136811008.0,15136811008.0,1207959552.0,147456.0,15136811008.0,0.00481473778291339,0.00481473778291339,1661.5650448069082,207.69563060086352,3143849507592.6523,2007103367143.8127,245007735.24704745,5151197882471.712,0.0,0.0,0.0,25150796060741.223,0.24583390264411026,1812.5,gpu_weight_memory_C3
Qwen3-8B,NVIDIA-B300-x2,gpu,official_packed,8192,8,True,1,8,415,15136811008.0,15136811008.0,1207959552.0,147456.0,15136811008.0,0.002508728627927283,0.002508728627927283,3188.86622926993,398.60827865874126,6033658180281.565,3852021421696.834,470217458.7032268,9886149819437.102,0.0,0.0,0.0,48269265442252.53,0.25618448068637517,3625.0,gpu_weight_memory_C3
Qwen3-8B,NVIDIA-B300-x4,gpu,official_packed,8192,8,True,1,8,844,15136811008.0,15136811008.0,1207959552.0,147456.0,15136811008.0,0.0013473971233754062,0.0013473971233754062,5937.373519069829,742.1716898837286,11234112605257.986,7172107056152.254,875501349.6279607,18407095162759.867,0.0,0.0,0.0,89872900842063.89,0.27518499090548065,7250.0,gpu_weight_memory_C3
Qwen3-8B,NVIDIA-B300-x8,gpu,official_packed,8192,8,True,1,8,1703,15136811008.0,15136811008.0,1207959552.0,147456.0,15136811008.0,0.0008090843122759385,0.0008090843122759385,9887.721067655057,1235.965133456882,18708570637614.324,11943967111185.564,1458003797.752144,30653995752597.64,0.0,0.0,0.0,149668565100914.56,0.330485875697373,14500.0,gpu_weight_memory_C3
Qwen3-8B,NVIDIA-B300-x16,gpu,official_packed,8192,8,True,1,8,3419,15136811008.0,15136811008.0,1207959552.0,147456.0,15136811008.0,0.0006963105514320868,0.0006963105514320868,11489.126487522806,1436.1408109403508,21738592036079.95,13878400084739.383,1694140635.344163,35618686261454.67,0.0,0.0,0.0,173908736288639.6,0.568842576368904,29000.0,collective_floor_C6
Qwen3-8B,ROM-wafer-N4-class-HBM3e-conservative,rom,official_packed,8192,8,True,1,8,643,15136811008.0,15136811008.0,1207959552.0,147456.0,15136811008.0,0.0016605147661841618,0.0016605147661841618,4817.783113355795,602.2228891694743,9115734058050.062,5819687131242.431,710411026.762992,5820397542269.193,9115734058050.062,0.0,0.0,72925872464400.5,0.5493747051118196,15000.0,kv_beachfront_C8
Qwen3-8B,ROM-wafer-N4-class-HBM3e-central,rom,official_packed,8192,8,True,1,8,1072,15136811008.0,15136811008.0,1207959552.0,147456.0,15136811008.0,0.0005511126967605051,0.0005511126967605051,14516.087266769195,1814.5109083461493,27465908691590.074,17534846271559.422,2140484164.0087185,17536986755723.43,27465908691590.074,0.0,0.0,219727269532720.6,0.18233344347905864,15000.0,kv_beachfront_C8
Qwen3-8B,ROM-wafer-N4-class-HBM3e-aggressive,rom,official_packed,8192,8,True,1,8,1502,15136811008.0,15136811008.0,1207959552.0,147456.0,15136811008.0,0.00028638228007588274,0.00028638228007588274,27934.689247813236,3491.8361559766545,52855263963919.83,33743974709047.695,4119137537.7255487,33748093846585.42,52855263963919.83,0.0,0.0,422842111711358.6,0.0947484381770861,15000.0,kv_beachfront_C8
Qwen3-8B,NVIDIA-B300-x1,gpu,official_packed,8192,32,True,1,32,201,15136811008.0,15136811008.0,1207959552.0,147456.0,15136811008.0,0.010692561200697137,0.010692561200697137,2992.7347993962057,93.52296248113143,1415639407985.1611,3615102587533.4507,441296702.5797669,5031183292221.191,0.0,0.0,0.0,45300461055525.16,0.13648687466204096,1812.5,kv_memory_C2
Qwen3-8B,NVIDIA-B300-x2,gpu,official_packed,8192,32,True,1,32,415,15136811008.0,15136811008.0,1207959552.0,147456.0,15136811008.0,0.005497601899172098,0.005497601899172098,5820.71975870406,181.89749245950188,2753347966188.585,7031194032041.704,858300052.7394658,9785400298283.027,0.0,0.0,0.0,88107134918034.72,0.14035000357167537,3625.0,kv_memory_C2
Qwen3-8B,NVIDIA-B300-x4,gpu,official_packed,8192,32,True,1,32,844,15136811008.0,15136811008.0,1207959552.0,147456.0,15136811008.0,0.0028668145401742843,0.0028668145401742843,11162.214908416992,348.819215888031,5280010546855.876,13483504120099.111,1645935561.535536,18765160602516.523,0.0,0.0,0.0,168960337499388.03,0.14637561552551992,7250.0,kv_memory_C2
Qwen3-8B,NVIDIA-B300-x8,gpu,official_packed,8192,32,True,1,32,1703,15136811008.0,15136811008.0,1207959552.0,147456.0,15136811008.0,0.001593773801851848,0.001593773801851848,20078.131515788722,627.4416098683976,9497465067133.201,24253570750809.227,2960640960.792142,33753996458903.22,0.0,0.0,0.0,303918882148262.44,0.16275180552162946,14500.0,kv_memory_C2
Qwen3-8B,NVIDIA-B300-x16,gpu,official_packed,8192,32,True,1,32,3419,15136811008.0,15136811008.0,1207959552.0,147456.0,15136811008.0,0.0011698428350435711,0.0011698428350435711,27354.101800185963,854.8156812558113,12939183413843.984,33042648555915.03,4033526435.0482216,45985865496194.06,0.0,0.0,0.0,414053869243007.5,0.23892227787739898,29000.0,collective_floor_C6
Qwen3-8B,ROM-wafer-N4-class-HBM3e-conservative,rom,official_packed,8192,32,True,1,32,643,15136811008.0,15136811008.0,1207959552.0,147456.0,15136811008.0,0.005244498089126891,0.005244498089126891,6101.632502516059,190.67601570362683,2886226813464.2397,7370525264207.9375,899722322.291008,7371424986530.229,2886226813464.2397,0.0,0.0,92359258030855.66,0.4337803327390052,15000.0,kv_beachfront_C8
Qwen3-8B,ROM-wafer-N4-class-HBM3e-central,rom,official_packed,8192,32,True,1,32,1072,15136811008.0,15136811008.0,1207959552.0,147456.0,15136811008.0,0.002053541696132929,0.002053541696132929,15582.834310235789,486.9635721948684,7371075560094.286,18823433552282.652,2297782416.0501285,18825731334698.703,7371075560094.286,0.0,0.0,235874417923017.16,0.1698515253707074,15000.0,kv_beachfront_C8
Qwen3-8B,ROM-wafer-N4-class-HBM3e-aggressive,rom,official_packed,8192,32,True,1,32,1502,15136811008.0,15136811008.0,1207959552.0,147456.0,15136811008.0,0.0011114641706954681,0.0011114641706954681,28790.85160250994,899.7141125784357,13618802483330.215,34778184203466.39,4245383813.899706,34782429587280.29,13618802483330.215,0.0,0.0,435801679466566.94,0.09193087490895209,15000.0,kv_beachfront_C8
Qwen3-8B,NVIDIA-B300-x1,gpu,official_packed,8192,64,True,1,64,201,15136811008.0,15136811008.0,1207959552.0,147456.0,15136811008.0,0.018529659091075467,0.018529659091075467,3453.922151801737,53.96753362190214,816896357002.6185,4172198255133.3022,509301544.81607693,4989603913680.736,0.0,0.0,0.0,52281366848167.58,0.11826236999836272,1812.5,kv_memory_C2
Qwen3-8B,NVIDIA-B300-x2,gpu,official_packed,8192,64,True,1,64,415,15136811008.0,15136811008.0,1207959552.0,147456.0,15136811008.0,0.009482766260831851,0.009482766260831851,6749.085471435606,105.45446049118135,1596244238405.615,8152622262485.064,995193147.2760088,9749861694037.955,0.0,0.0,0.0,102159631257959.36,0.12104425738589208,3625.0,kv_memory_C2
Qwen3-8B,NVIDIA-B300-x4,gpu,official_packed,8192,64,True,1,64,844,15136811008.0,15136811008.0,1207959552.0,147456.0,15136811008.0,0.004892704429239455,0.004892704429239455,13080.700239631778,204.38594124424654,3093751365306.352,15800956801311.896,1928827734.5351436,18896636994352.785,0.0,0.0,0.0,198000087379606.53,0.1249073862955265,7250.0,kv_memory_C2
Qwen3-8B,NVIDIA-B300-x8,gpu,official_packed,8192,64,True,1,64,1703,15136811008.0,15136811008.0,1207959552.0,147456.0,15136811008.0,0.0026400264546197275,0.0026400264546197275,24242.181319057516,378.7840831102737,5733583078878.777,29283574485671.484,3574655088.582945,35020732219638.844,0.0,0.0,0.0,366949317048241.75,0.13479612715900555,14500.0,kv_memory_C2
Qwen3-8B,NVIDIA-B300-x16,gpu,official_packed,8192,64,True,1,64,3419,15136811008.0,15136811008.0,1207959552.0,147456.0,15136811008.0,0.0018012192131922167,0.0018012192131922164,35531.48863351052,555.1795098986019,8403647316849.201,42920601091628.46,5239331187.942927,51329487739665.61,0.0,0.0,0.0,537833428278348.9,0.1839355614621481,29000.0,kv_memory_C2
Qwen3-8B,ROM-wafer-N4-class-HBM3e-conservative,rom,official_packed,8192,64,True,1,64,643,15136811008.0,15136811008.0,1207959552.0,147456.0,15136811008.0,0.010023142519717195,0.010023142519717195,6385.222985116825,99.76910914245039,1510186149525.7964,7713091096521.822,941539440.4933865,7714032635962.315,1510186149525.7964,0.0,0.0,96651913569650.97,0.41451460401020257,15000.0,kv_beachfront_C8
Qwen3-8B,ROM-wafer-N4-class-HBM3e-central,rom,official_packed,8192,64,True,1,64,1072,15136811008.0,15136811008.0,1207959552.0,147456.0,15136811008.0,0.004056752813753461,0.004056752813753461,15776.164567637234,246.50257136933178,3731262835803.607,19056968683401.348,2326290122.485516,19059294973523.832,3731262835803.607,0.0,0.0,238800821491430.84,0.16777006640904643,15000.0,kv_beachfront_C8
Qwen3-8B,ROM-wafer-N4-class-HBM3e-aggressive,rom,official_packed,8192,64,True,1,64,1502,15136811008.0,15136811008.0,1207959552.0,147456.0,15136811008.0,0.002211573358188249,0.002211573358188249,28938.67380118454,452.16677814350845,6844363064854.553,34956747440353.016,4267181084.0274677,34961014621437.043,6844363064854.553,0.0,0.0,438039236150691.4,0.09146128103092979,15000.0,kv_beachfront_C8
Qwen3-8B,NVIDIA-B300-x1,gpu,official_packed,32768,1,True,1,1,50,15136811008.0,15136811008.0,4831838208.0,147456.0,15136811008.0,0.003835010869095383,0.0038350108690953827,260.7554539306648,260.7554539306648,3947006025453.724,1259928165246.57,38449956.21480011,5206972640656.509,0.0,0.0,0.0,3947006025453.724,1.5664831293251895,1812.5,gpu_weight_memory_C3
Qwen3-8B,NVIDIA-B300-x2,gpu,official_packed,32768,1,True,1,1,103,15136811008.0,15136811008.0,4831838208.0,147456.0,15136811008.0,0.0020042930486653386,0.0020042930486653386,498.9290366824858,498.9290366824858,7552194534666.287,2410744382523.0684,73570080.03305262,9963012487269.389,0.0,0.0,0.0,7552194534666.287,1.6373832326053388,3625.0,gpu_weight_memory_C3
Qwen3-8B,NVIDIA-B300-x4,gpu,official_packed,32768,1,True,1,1,211,15136811008.0,15136811008.0,4831838208.0,147456.0,15136811008.0,0.0010878932725679634,0.0010878932725679634,919.2078168104745,919.2078168104745,13913875000136.438,4441463450357.115,135542707.83560532,18355473993201.39,0.0,0.0,0.0,13913875000136.438,1.7774827933002133,7250.0,gpu_weight_memory_C3
Qwen3-8B,NVIDIA-B300-x8,gpu,official_packed,32768,1,True,1,1,425,15136811008.0,15136811008.0,4831838208.0,147456.0,15136811008.0,0.0006720463256957465,0.0006720463256957465,1487.9926602749213,1487.9926602749213,22523463679872.633,7189739789139.929,219413445.7134988,29713422882458.273,0.0,0.0,0.0,22523463679872.633,2.196080829519412,14500.0,gpu_weight_memory_C3
Qwen3-8B,NVIDIA-B300-x16,gpu,official_packed,32768,1,True,1,1,854,15136811008.0,15136811008.0,4831838208.0,147456.0,15136811008.0,0.0006041118593184614,0.0006041118593184614,1655.3225773918198,1655.3225773918198,25056305011255.43,7998250876006.832,244087245.97188818,33054799974508.234,0.0,0.0,0.0,25056305011255.43,3.9481756611380505,29000.0,collective_floor_C6
Qwen3-8B,ROM-wafer-N4-class-HBM3e-conservative,rom,official_packed,32768,1,True,1,1,160,15136811008.0,15136811008.0,4831838208.0,147456.0,15136811008.0,0.00105380141893014,0.00105380141893014,948.9453914526313,948.9453914526313,14364007047331.059,4585150599726.341,139927691.6420392,4585290527417.982,14364007047331.059,0.0,0.0,14364007047331.059,2.789168060704643,15000.0,kv_beachfront_C8
Qwen3-8B,ROM-wafer-N4-class-HBM3e-central,rom,official_packed,32768,1,True,1,1,268,15136811008.0,15136811008.0,4831838208.0,147456.0,15136811008.0,0.00029218735621639613,0.00029218735621639613,3422.4615772196266,3422.4615772196266,51805154076515.086,16536780614221.734,504662494.33049726,16537285276716.064,51805154076515.086,0.0,0.0,51805154076515.086,0.7733521962115796,15000.0,kv_beachfront_C8
Qwen3-8B,ROM-wafer-N4-class-HBM3e-aggressive,rom,official_packed,32768,1,True,1,1,375,15136811008.0,15136811008.0,4831838208.0,147456.0,15136811008.0,0.00014563135307780038,0.00014563135307780038,6866.653223126834,6866.653223126834,103939232095944.94,33178557404590.586,1012529217.6693904,33179569933808.254,103939232095944.94,0.0,0.0,103939232095944.94,0.38545243092781356,15000.0,kv_beachfront_C8
Qwen3-8B,NVIDIA-B300-x1,gpu,official_packed,32768,8,True,1,8,50,15136811008.0,15136811008.0,4831838208.0,147456.0,15136811008.0,0.010691843780531412,0.010691843780531412,748.2339027967336,93.5292378495917,1415734397051.5498,3615345160054.2153,110331578.37079515,5031189888684.136,0.0,0.0,0.0,11325875176412.398,0.5459108681592093,1812.5,kv_memory_C2
Qwen3-8B,NVIDIA-B300-x2,gpu,official_packed,32768,8,True,1,8,103,15136811008.0,15136811008.0,4831838208.0,147456.0,15136811008.0,0.005447281626736294,0.005447281626736294,1468.622433753834,183.57780421922925,2778782527730.098,7096145988537.724,216557189.59160534,9875145073457.414,0.0,0.0,0.0,22230260221840.785,0.5562614462014741,3625.0,kv_memory_C2
Qwen3-8B,NVIDIA-B300-x4,gpu,official_packed,32768,8,True,1,8,211,15136811008.0,15136811008.0,4831838208.0,147456.0,15136811008.0,0.002816673622779912,0.002816673622779912,2840.2296720854765,355.02870901068457,5374002470708.959,13723530249077.916,418808906.527036,19097951528693.402,0.0,0.0,0.0,42992019765671.67,0.5752619564205798,7250.0,kv_memory_C2
Qwen3-8B,NVIDIA-B300-x8,gpu,official_packed,32768,8,True,1,8,425,15136811008.0,15136811008.0,4831838208.0,147456.0,15136811008.0,0.0015437225619781912,0.0015437225619781912,5182.27834265016,647.78479283127,9805395982943.367,25039930500507.96,764158035.293822,34846090641486.62,0.0,0.0,0.0,78443167863546.94,0.630562841212472,14500.0,kv_memory_C2
Qwen3-8B,NVIDIA-B300-x16,gpu,official_packed,32768,8,True,1,8,854,15136811008.0,15136811008.0,4831838208.0,147456.0,15136811008.0,0.0010636296762832132,0.0010636296762832132,7521.414810421137,940.1768513026421,14231279312264.613,36342259459209.93,1109077742.2854593,50574647849216.83,0.0,0.0,0.0,113850234498116.9,0.8689195418840032,29000.0,kv_memory_C2
Qwen3-8B,ROM-wafer-N4-class-HBM3e-conservative,rom,official_packed,32768,8,True,1,8,160,15136811008.0,15136811008.0,4831838208.0,147456.0,15136811008.0,0.005168338180709412,0.005168338180709412,1547.8863263746243,193.48579079682804,2928757848025.0117,7479136293417.668,228245126.1418966,7479364538543.81,2928757848025.0117,0.0,0.0,23430062784200.094,1.70992412820886,15000.0,kv_beachfront_C8
Qwen3-8B,ROM-wafer-N4-class-HBM3e-central,rom,official_packed,32768,8,True,1,8,268,15136811008.0,15136811008.0,4831838208.0,147456.0,15136811008.0,0.0019853500894005905,0.0019853500894005905,4029.516024760817,503.6895030951021,7624252815063.991,19469969488187.59,594176314.947131,19470563664502.535,7624252815063.991,0.0,0.0,60994022520511.94,0.656845179651482,15000.0,kv_beachfront_C8
Qwen3-8B,ROM-wafer-N4-class-HBM3e-aggressive,rom,official_packed,32768,8,True,1,8,375,15136811008.0,15136811008.0,4831838208.0,147456.0,15136811008.0,0.00108556594220359,0.00108556594220359,7369.427953644899,921.1784942056124,13943704771424.379,35607883557524.68,1086666368.3326623,35608970223893.016,13943704771424.379,0.0,0.0,111549638171395.03,0.3591551737585629,15000.0,kv_beachfront_C8
Qwen3-8B,NVIDIA-B300-x1,gpu,official_packed,32768,32,True,1,32,50,15136811008.0,15136811008.0,4831838208.0,147456.0,15136811008.0,0.03420098519116922,0.03420098519116922,935.6455617033652,29.23892380323016,442584063686.8075,4520887974183.941,137966551.94653141,4963610004422.695,0.0,0.0,0.0,14162690037977.842,0.43656384017713995,1812.5,kv_memory_C2
Qwen3-8B,NVIDIA-B300-x2,gpu,official_packed,32768,32,True,1,32,103,15136811008.0,15136811008.0,4831838208.0,147456.0,15136811008.0,0.01725181389440814,0.01725181389440814,1854.8774172884057,57.96491929026268,877404028390.6796,8962467576010.479,273512804.44367915,9840145117205.602,0.0,0.0,0.0,28076928908501.75,0.4404269690867742,3625.0,kv_memory_C2
Qwen3-8B,NVIDIA-B300-x4,gpu,official_packed,32768,32,True,1,32,211,15136811008.0,15136811008.0,4831838208.0,147456.0,15136811008.0,0.008743920537792306,0.008743920537792306,3659.68559088478,114.36517471514938,1731124035560.1165,17683008667304.137,539642598.4895061,19414672345462.742,0.0,0.0,0.0,55395969137923.73,0.44645258104061897,7250.0,kv_memory_C2
Qwen3-8B,NVIDIA-B300-x8,gpu,official_packed,32768,32,True,1,32,425,15136811008.0,15136811008.0,4831838208.0,147456.0,15136811008.0,0.0045323268006608585,0.0045323268006608585,7060.391142874799,220.63722321483746,3339743949132.905,34114667687567.24,1041097036.3637463,37455452733736.51,0.0,0.0,0.0,106871806372252.95,0.4628287710367284,14500.0,kv_memory_C2
Qwen3-8B,NVIDIA-B300-x16,gpu,official_packed,32768,32,True,1,32,854,15136811008.0,15136811008.0,4831838208.0,147456.0,15136811008.0,0.0026391193344480765,0.0026391193344480765,12125.256930335898,378.9142790729968,5735553830560.521,58587279717813.78,1787941885.91961,64324621490260.23,0.0,0.0,0.0,183537722577936.72,0.5389992433924979,29000.0,kv_memory_C2
Qwen3-8B,ROM-wafer-N4-class-HBM3e-conservative,rom,official_packed,32768,32,True,1,32,160,15136811008.0,15136811008.0,4831838208.0,147456.0,15136811008.0,0.01927579174722789,0.01927579174722789,1660.1133909117905,51.87854346599345,785275707815.0562,8021399311820.029,244793680.17028898,8021644105500.199,785275707815.0562,0.0,0.0,25128822650081.797,1.5943297558360454,15000.0,kv_beachfront_C8
Qwen3-8B,ROM-wafer-N4-class-HBM3e-central,rom,official_packed,32768,32,True,1,32,268,15136811008.0,15136811008.0,4831838208.0,147456.0,15136811008.0,0.00779049126669327,0.007790491266693269,4107.571513084134,128.36160978387917,1942985427981.2227,19847120979012.29,605686065.033334,19847726665077.324,1942985427981.2227,0.0,0.0,62175533695399.13,0.6443632615431306,15000.0,kv_beachfront_C8
Qwen3-8B,ROM-wafer-N4-class-HBM3e-aggressive,rom,official_packed,32768,32,True,1,32,375,15136811008.0,15136811008.0,4831838208.0,147456.0,15136811008.0,0.004308198819206298,0.004308198819206298,7427.698057327673,232.1155642914898,3513489428695.5547,35889435270883.23,1095258644.7413094,35890530529527.97,3513489428695.5547,0.0,0.0,112431661718257.73,0.356337610490429,15000.0,kv_beachfront_C8
Qwen3-8B,NVIDIA-B300-x1,gpu,official_packed,32768,64,False,1,64,50,15136811008.0,15136811008.0,4831838208.0,147456.0,15136811008.0,0.06554650707201964,,0.0,0.0,0.0,0.0,0.0,0.0,0.0,0.0,0.0,0.0,,1812.5,capacity_C7_C8_C9
Qwen3-8B,NVIDIA-B300-x2,gpu,official_packed,32768,64,True,1,64,103,15136811008.0,15136811008.0,4831838208.0,147456.0,15136811008.0,0.03299119025130394,0.03299119025130394,1939.9118222923307,30.311122223317668,458813728534.7483,9373340063102.99,286051637.66793793,9832439843275.406,0.0,0.0,0.0,29364078626223.89,0.4211212229009911,3625.0,kv_memory_C2
Qwen3-8B,NVIDIA-B300-x4,gpu,official_packed,32768,64,True,1,64,211,15136811008.0,15136811008.0,4831838208.0,147456.0,15136811008.0,0.016646916424475498,0.016646916424475498,3844.555854554696,60.071185227417125,909286177813.9745,18576271870827.473,566902828.0892173,19486124951469.535,0.0,0.0,0.0,58194315380094.37,0.42498435181062544,7250.0,kv_memory_C2
Qwen3-8B,NVIDIA-B300-x8,gpu,official_packed,32768,64,True,1,64,425,15136811008.0,15136811008.0,4831838208.0,147456.0,15136811008.0,0.00851713245223775,0.00851713245223775,7514.266140499548,117.41040844530544,1777219163008.6755,36307718242746.414,1108023628.0135014,38086045429383.1,0.0,0.0,0.0,113742026432555.23,0.4348730926741045,14500.0,kv_memory_C2
Qwen3-8B,NVIDIA-B300-x16,gpu,official_packed,32768,64,True,1,64,854,15136811008.0,15136811008.0,4831838208.0,147456.0,15136811008.0,0.004739772212001228,0.004739772212001228,13502.758600497787,210.98060313277793,3193573515974.712,65243144919285.82,1991062772.1950018,68438709498032.73,0.0,0.0,0.0,204388705022381.6,0.48401252697724717,29000.0,kv_memory_C2
Qwen3-8B,ROM-wafer-N4-class-HBM3e-conservative,rom,official_packed,32768,64,True,1,64,160,15136811008.0,15136811008.0,4831838208.0,147456.0,15136811008.0,0.038085729835919194,0.038085729835919194,1680.4194189194895,26.256553420617024,397440486849.3358,8119514753800.348,247787925.83619225,8119762541726.184,397440486849.3358,0.0,0.0,25436191158357.492,1.575064027107243,15000.0,kv_beachfront_C8
Qwen3-8B,ROM-wafer-N4-class-HBM3e-central,rom,official_packed,32768,64,True,1,64,268,15136811008.0,15136811008.0,4831838208.0,147456.0,15136811008.0,0.015530651954874145,0.015530651954874145,4120.883024483349,64.38879725755233,974641055119.9983,19911440048397.246,607648927.2582167,19912047697324.504,974641055119.9983,0.0,0.0,62377027527679.89,0.6422818025814697,15000.0,kv_beachfront_C8
Qwen3-8B,ROM-wafer-N4-class-HBM3e-aggressive,rom,official_packed,32768,64,True,1,64,375,15136811008.0,15136811008.0,4831838208.0,147456.0,15136811008.0,0.008605042655209907,0.008605042655209907,7437.4994482161355,116.21092887837712,1759062867496.124,35936794005869.64,1096703918.6361585,35937890709788.27,1759062867496.124,0.0,0.0,112580023519751.92,0.3558680166124065,15000.0,kv_beachfront_C8
