direction	port	net	cap_fF	receivers	drivers
OUTPUT	active	active	2.0509139999999997	{_20202_ A 0.547046} {_20196_ A1 1.020810} {_11418_ A 0.483058}	{_10623_ Y INVx1_ASAP7_75t_R}
OUTPUT	cfg_fault	cfg_fault	0.		{_20415_ Y OR3x1_ASAP7_75t_R}
OUTPUT	cfg_gen_len[0]	cfg_gen_len[0]	0.508331	{_17752_ A1 0.508331}	{_10662_ Y INVx1_ASAP7_75t_R}
OUTPUT	cfg_gen_len[10]	cfg_gen_len[10]	0.508331	{_17741_ A1 0.508331}	{_10672_ Y INVx1_ASAP7_75t_R}
OUTPUT	cfg_gen_len[11]	cfg_gen_len[11]	0.508331	{_17740_ A1 0.508331}	{_10673_ Y INVx1_ASAP7_75t_R}
OUTPUT	cfg_gen_len[12]	cfg_gen_len[12]	0.508331	{_17738_ A1 0.508331}	{_10674_ Y INVx1_ASAP7_75t_R}
OUTPUT	cfg_gen_len[13]	cfg_gen_len[13]	0.508331	{_17737_ A1 0.508331}	{_10675_ Y INVx1_ASAP7_75t_R}
OUTPUT	cfg_gen_len[14]	cfg_gen_len[14]	0.508331	{_17736_ A1 0.508331}	{_10676_ Y INVx1_ASAP7_75t_R}
OUTPUT	cfg_gen_len[15]	cfg_gen_len[15]	0.508331	{_17735_ A1 0.508331}	{_10677_ Y INVx1_ASAP7_75t_R}
OUTPUT	cfg_gen_len[16]	cfg_gen_len[16]	0.94265	{_17734_ A1 0.508331} {_11468_ A1 0.434319}	{_10678_ Y INVx1_ASAP7_75t_R}
OUTPUT	cfg_gen_len[17]	cfg_gen_len[17]	0.508331	{_17733_ A1 0.508331}	{_10679_ Y INVx1_ASAP7_75t_R}
OUTPUT	cfg_gen_len[18]	cfg_gen_len[18]	0.508331	{_17732_ A1 0.508331}	{_10680_ Y INVx1_ASAP7_75t_R}
OUTPUT	cfg_gen_len[19]	cfg_gen_len[19]	0.508331	{_17731_ A1 0.508331}	{_10681_ Y INVx1_ASAP7_75t_R}
OUTPUT	cfg_gen_len[1]	cfg_gen_len[1]	1.88221	{_17751_ A1 0.508331} {_11680_ A1 0.978498} {_11633_ B2 0.395381}	{_10663_ Y INVx1_ASAP7_75t_R}
OUTPUT	cfg_gen_len[20]	cfg_gen_len[20]	0.508331	{_17730_ A1 0.508331}	{_10682_ Y INVx1_ASAP7_75t_R}
OUTPUT	cfg_gen_len[2]	cfg_gen_len[2]	0.508331	{_17749_ A1 0.508331}	{_10664_ Y INVx1_ASAP7_75t_R}
OUTPUT	cfg_gen_len[3]	cfg_gen_len[3]	0.508331	{_17748_ A1 0.508331}	{_10665_ Y INVx1_ASAP7_75t_R}
OUTPUT	cfg_gen_len[4]	cfg_gen_len[4]	1.842824	{_17747_ A1 0.508331} {_11679_ A1 0.434319} {_11436_ B1 0.900174}	{_10666_ Y INVx1_ASAP7_75t_R}
OUTPUT	cfg_gen_len[5]	cfg_gen_len[5]	0.508331	{_17746_ A1 0.508331}	{_10667_ Y INVx1_ASAP7_75t_R}
OUTPUT	cfg_gen_len[6]	cfg_gen_len[6]	0.508331	{_17745_ A1 0.508331}	{_10668_ Y INVx1_ASAP7_75t_R}
OUTPUT	cfg_gen_len[7]	cfg_gen_len[7]	0.959392	{_17744_ A1 0.508331} {_11513_ B2 0.451061}	{_10669_ Y INVx1_ASAP7_75t_R}
OUTPUT	cfg_gen_len[8]	cfg_gen_len[8]	0.508331	{_17743_ A1 0.508331}	{_10670_ Y INVx1_ASAP7_75t_R}
OUTPUT	cfg_gen_len[9]	cfg_gen_len[9]	0.508331	{_17742_ A1 0.508331}	{_10671_ Y INVx1_ASAP7_75t_R}
OUTPUT	cfg_prompt_len[0]	cfg_prompt_len[0]	0.508331	{_17775_ A1 0.508331}	{_10641_ Y INVx1_ASAP7_75t_R}
OUTPUT	cfg_prompt_len[10]	cfg_prompt_len[10]	1.019464	{_17764_ A1 0.508331} {_11316_ B 0.511133}	{_10651_ Y INVx1_ASAP7_75t_R}
OUTPUT	cfg_prompt_len[11]	cfg_prompt_len[11]	1.055377	{_17763_ A1 0.508331} {_11325_ A 0.547046}	{_10652_ Y INVx1_ASAP7_75t_R}
OUTPUT	cfg_prompt_len[12]	cfg_prompt_len[12]	1.019464	{_17762_ A1 0.508331} {_11323_ B 0.511133}	{_10653_ Y INVx1_ASAP7_75t_R}
OUTPUT	cfg_prompt_len[13]	cfg_prompt_len[13]	1.4251870000000002	{_17760_ A1 0.508331} {_11477_ B1 0.369810} {_11358_ A 0.547046}	{_10654_ Y INVx1_ASAP7_75t_R}
OUTPUT	cfg_prompt_len[14]	cfg_prompt_len[14]	1.019464	{_17759_ A1 0.508331} {_11356_ B 0.511133}	{_10655_ Y INVx1_ASAP7_75t_R}
OUTPUT	cfg_prompt_len[15]	cfg_prompt_len[15]	1.055377	{_17758_ A1 0.508331} {_11365_ A 0.547046}	{_10656_ Y INVx1_ASAP7_75t_R}
OUTPUT	cfg_prompt_len[16]	cfg_prompt_len[16]	1.019464	{_17757_ A1 0.508331} {_11363_ B 0.511133}	{_10657_ Y INVx1_ASAP7_75t_R}
OUTPUT	cfg_prompt_len[17]	cfg_prompt_len[17]	1.055377	{_17756_ A1 0.508331} {_11292_ A 0.547046}	{_10658_ Y INVx1_ASAP7_75t_R}
OUTPUT	cfg_prompt_len[18]	cfg_prompt_len[18]	1.019464	{_17755_ A1 0.508331} {_11290_ B 0.511133}	{_10659_ Y INVx1_ASAP7_75t_R}
OUTPUT	cfg_prompt_len[19]	cfg_prompt_len[19]	1.055377	{_17754_ A1 0.508331} {_11299_ A 0.547046}	{_10660_ Y INVx1_ASAP7_75t_R}
OUTPUT	cfg_prompt_len[1]	cfg_prompt_len[1]	0.508331	{_17774_ A1 0.508331}	{_10642_ Y INVx1_ASAP7_75t_R}
OUTPUT	cfg_prompt_len[20]	cfg_prompt_len[20]	1.019464	{_17753_ A1 0.508331} {_11297_ B 0.511133}	{_10661_ Y INVx1_ASAP7_75t_R}
OUTPUT	cfg_prompt_len[2]	cfg_prompt_len[2]	1.921148	{_17773_ A1 0.508331} {_11491_ A1 0.978498} {_11460_ A1 0.434319}	{_10643_ Y INVx1_ASAP7_75t_R}
OUTPUT	cfg_prompt_len[3]	cfg_prompt_len[3]	0.508331	{_17771_ A1 0.508331}	{_10644_ Y INVx1_ASAP7_75t_R}
OUTPUT	cfg_prompt_len[4]	cfg_prompt_len[4]	0.508331	{_17770_ A1 0.508331}	{_10645_ Y INVx1_ASAP7_75t_R}
OUTPUT	cfg_prompt_len[5]	cfg_prompt_len[5]	0.508331	{_17769_ A1 0.508331}	{_10646_ Y INVx1_ASAP7_75t_R}
OUTPUT	cfg_prompt_len[6]	cfg_prompt_len[6]	0.508331	{_17768_ A1 0.508331}	{_10647_ Y INVx1_ASAP7_75t_R}
OUTPUT	cfg_prompt_len[7]	cfg_prompt_len[7]	0.508331	{_17767_ A1 0.508331}	{_10648_ Y INVx1_ASAP7_75t_R}
OUTPUT	cfg_prompt_len[8]	cfg_prompt_len[8]	0.508331	{_17766_ A1 0.508331}	{_10649_ Y INVx1_ASAP7_75t_R}
OUTPUT	cfg_prompt_len[9]	cfg_prompt_len[9]	2.302966	{_17765_ A1 0.508331} {_11478_ A1 0.347415} {_11462_ B1 0.900174} {_11318_ A 0.547046}	{_10650_ Y INVx1_ASAP7_75t_R}
OUTPUT	cfg_users[0]	cfg_users[0]	0.508331	{_17785_ A1 0.508331}	{_10631_ Y INVx1_ASAP7_75t_R}
OUTPUT	cfg_users[1]	cfg_users[1]	1.834244	{_17784_ A1 0.508331} {_11558_ A1 0.978498} {_11504_ A1 0.347415}	{_10632_ Y INVx1_ASAP7_75t_R}
OUTPUT	cfg_users[2]	cfg_users[2]	0.508331	{_17783_ A1 0.508331}	{_10633_ Y INVx1_ASAP7_75t_R}
OUTPUT	cfg_users[3]	cfg_users[3]	0.508331	{_17782_ A1 0.508331}	{_10634_ Y INVx1_ASAP7_75t_R}
OUTPUT	cfg_users[4]	cfg_users[4]	0.508331	{_17781_ A1 0.508331}	{_10635_ Y INVx1_ASAP7_75t_R}
OUTPUT	cfg_users[5]	cfg_users[5]	0.8557459999999999	{_17780_ A1 0.508331} {_11494_ A1 0.347415}	{_10636_ Y INVx1_ASAP7_75t_R}
OUTPUT	cfg_users[6]	cfg_users[6]	0.508331	{_17779_ A1 0.508331}	{_10637_ Y INVx1_ASAP7_75t_R}
OUTPUT	cfg_users[7]	cfg_users[7]	0.508331	{_17778_ A1 0.508331}	{_10638_ Y INVx1_ASAP7_75t_R}
OUTPUT	cfg_users[8]	cfg_users[8]	0.508331	{_17777_ A1 0.508331}	{_10639_ Y INVx1_ASAP7_75t_R}
OUTPUT	cfg_users[9]	cfg_users[9]	0.508331	{_17776_ A1 0.508331}	{_10640_ Y INVx1_ASAP7_75t_R}
INPUT	clk	clk	576.9745139999969	{{u_whole.whole_stage_value\[9\]$_DFFE_PP_} CLK 0.446567} {{u_whole.whole_stage_value\[8\]$_DFFE_PP_} CLK 0.446567} {{u_whole.whole_stage_value\[7\]$_DFFE_PP_} CLK 0.446567} {{u_whole.whole_stage_value\[6\]$_DFFE_PP_} CLK 0.446567} {{u_whole.whole_stage_value\[5\]$_DFFE_PP_} CLK 0.446567} {{u_whole.whole_stage_value\[4\]$_DFFE_PP_} CLK 0.446567} {{u_whole.whole_stage_value\[3\]$_DFFE_PP_} CLK 0.446567} {{u_whole.whole_stage_value\[31\]$_DFFE_PP_} CLK 0.446567} {{u_whole.whole_stage_value\[30\]$_DFFE_PP_} CLK 0.446567} {{u_whole.whole_stage_value\[2\]$_DFFE_PP_} CLK 0.446567} {{u_whole.whole_stage_value\[29\]$_DFFE_PP_} CLK 0.446567} {{u_whole.whole_stage_value\[28\]$_DFFE_PP_} CLK 0.446567} {{u_whole.whole_stage_value\[27\]$_DFFE_PP_} CLK 0.446567} {{u_whole.whole_stage_value\[26\]$_DFFE_PP_} CLK 0.446567} {{u_whole.whole_stage_value\[25\]$_DFFE_PP_} CLK 0.446567} {{u_whole.whole_stage_value\[24\]$_DFFE_PP_} CLK 0.446567} {{u_whole.whole_stage_value\[23\]$_DFFE_PP_} CLK 0.446567} {{u_whole.whole_stage_value\[22\]$_DFFE_PP_} CLK 0.446567} {{u_whole.whole_stage_value\[21\]$_DFFE_PP_} CLK 0.446567} {{u_whole.whole_stage_value\[20\]$_DFFE_PP_} CLK 0.446567} {{u_whole.whole_stage_value\[1\]$_DFFE_PP_} CLK 0.446567} {{u_whole.whole_stage_value\[19\]$_DFFE_PP_} CLK 0.446567} {{u_whole.whole_stage_value\[18\]$_DFFE_PP_} CLK 0.446567} {{u_whole.whole_stage_value\[17\]$_DFFE_PP_} CLK 0.446567} {{u_whole.whole_stage_value\[16\]$_DFFE_PP_} CLK 0.446567} {{u_whole.whole_stage_value\[15\]$_DFFE_PP_} CLK 0.446567} {{u_whole.whole_stage_value\[14\]$_DFFE_PP_} CLK 0.446567} {{u_whole.whole_stage_value\[13\]$_DFFE_PP_} CLK 0.446567} {{u_whole.whole_stage_value\[12\]$_DFFE_PP_} CLK 0.446567} {{u_whole.whole_stage_value\[11\]$_DFFE_PP_} CLK 0.446567} {{u_whole.whole_stage_value\[10\]$_DFFE_PP_} CLK 0.446567} {{u_whole.whole_stage_value\[0\]$_DFFE_PP_} CLK 0.446567} {{u_whole.whole_stage_next_token\[9\]$_DFFE_PP_} CLK 0.446567} {{u_whole.whole_stage_next_token\[8\]$_DFFE_PP_} CLK 0.446567} {{u_whole.whole_stage_next_token\[7\]$_DFFE_PP_} CLK 0.446567} {{u_whole.whole_stage_next_token\[6\]$_DFFE_PP_} CLK 0.446567} {{u_whole.whole_stage_next_token\[5\]$_DFFE_PP_} CLK 0.446567} {{u_whole.whole_stage_next_token\[4\]$_DFFE_PP_} CLK 0.446567} {{u_whole.whole_stage_next_token\[3\]$_DFFE_PP_} CLK 0.446567} {{u_whole.whole_stage_next_token\[2\]$_DFFE_PP_} CLK 0.446567} {{u_whole.whole_stage_next_token\[20\]$_DFFE_PP_} CLK 0.446567} {{u_whole.whole_stage_next_token\[1\]$_DFFE_PP_} CLK 0.446567} {{u_whole.whole_stage_next_token\[19\]$_DFFE_PP_} CLK 0.446567} {{u_whole.whole_stage_next_token\[18\]$_DFFE_PP_} CLK 0.446567} {{u_whole.whole_stage_next_token\[17\]$_DFFE_PP_} CLK 0.446567} {{u_whole.whole_stage_next_token\[16\]$_DFFE_PP_} CLK 0.446567} {{u_whole.whole_stage_next_token\[15\]$_DFFE_PP_} CLK 0.446567} {{u_whole.whole_stage_next_token\[14\]$_DFFE_PP_} CLK 0.446567} {{u_whole.whole_stage_next_token\[13\]$_DFFE_PP_} CLK 0.446567} {{u_whole.whole_stage_next_token\[12\]$_DFFE_PP_} CLK 0.446567} {{u_whole.whole_stage_next_token\[11\]$_DFFE_PP_} CLK 0.446567} {{u_whole.whole_stage_next_token\[10\]$_DFFE_PP_} CLK 0.446567} {{u_whole.whole_stage_next_token\[0\]$_DFFE_PP_} CLK 0.446567} {{u_whole.whole_stage_identity\[9\]$_DFFE_PP_} CLK 0.446567} {{u_whole.whole_stage_identity\[8\]$_DFFE_PP_} CLK 0.446567} {{u_whole.whole_stage_identity\[7\]$_DFFE_PP_} CLK 0.446567} {{u_whole.whole_stage_identity\[6\]$_DFFE_PP_} CLK 0.446567} {{u_whole.whole_stage_identity\[5\]$_DFFE_PP_} CLK 0.446567} {{u_whole.whole_stage_identity\[4\]$_DFFE_PP_} CLK 0.446567} {{u_whole.whole_stage_identity\[46\]$_DFFE_PP_} CLK 0.446567} {{u_whole.whole_stage_identity\[45\]$_DFFE_PP_} CLK 0.446567} {{u_whole.whole_stage_identity\[44\]$_DFFE_PP_} CLK 0.446567} {{u_whole.whole_stage_identity\[43\]$_DFFE_PP_} CLK 0.446567} {{u_whole.whole_stage_identity\[42\]$_DFFE_PP_} CLK 0.446567} {{u_whole.whole_stage_identity\[41\]$_DFFE_PP_} CLK 0.446567} {{u_whole.whole_stage_identity\[40\]$_DFFE_PP_} CLK 0.446567} {{u_whole.whole_stage_identity\[3\]$_DFFE_PP_} CLK 0.446567} {{u_whole.whole_stage_identity\[39\]$_DFFE_PP_} CLK 0.446567} {{u_whole.whole_stage_identity\[38\]$_DFFE_PP_} CLK 0.446567} {{u_whole.whole_stage_identity\[37\]$_DFFE_PP_} CLK 0.446567} {{u_whole.whole_stage_identity\[36\]$_DFFE_PP_} CLK 0.446567} {{u_whole.whole_stage_identity\[35\]$_DFFE_PP_} CLK 0.446567} {{u_whole.whole_stage_identity\[34\]$_DFFE_PP_} CLK 0.446567} {{u_whole.whole_stage_identity\[33\]$_DFFE_PP_} CLK 0.446567} {{u_whole.whole_stage_identity\[32\]$_DFFE_PP_} CLK 0.446567} {{u_whole.whole_stage_identity\[31\]$_DFFE_PP_} CLK 0.446567} {{u_whole.whole_stage_identity\[30\]$_DFFE_PP_} CLK 0.446567} {{u_whole.whole_stage_identity\[2\]$_DFFE_PP_} CLK 0.446567} {{u_whole.whole_stage_identity\[29\]$_DFFE_PP_} CLK 0.446567} {{u_whole.whole_stage_identity\[28\]$_DFFE_PP_} CLK 0.446567} {{u_whole.whole_stage_identity\[27\]$_DFFE_PP_} CLK 0.446567} {{u_whole.whole_stage_identity\[26\]$_DFFE_PP_} CLK 0.446567} {{u_whole.whole_stage_identity\[25\]$_DFFE_PP_} CLK 0.446567} {{u_whole.whole_stage_identity\[24\]$_DFFE_PP_} CLK 0.446567} {{u_whole.whole_stage_identity\[23\]$_DFFE_PP_} CLK 0.446567} {{u_whole.whole_stage_identity\[22\]$_DFFE_PP_} CLK 0.446567} {{u_whole.whole_stage_identity\[21\]$_DFFE_PP_} CLK 0.446567} {{u_whole.whole_stage_identity\[20\]$_DFFE_PP_} CLK 0.446567} {{u_whole.whole_stage_identity\[1\]$_DFFE_PP_} CLK 0.446567} {{u_whole.whole_stage_identity\[19\]$_DFFE_PP_} CLK 0.446567} {{u_whole.whole_stage_identity\[18\]$_DFFE_PP_} CLK 0.446567} {{u_whole.whole_stage_identity\[17\]$_DFFE_PP_} CLK 0.446567} {{u_whole.whole_stage_identity\[16\]$_DFFE_PP_} CLK 0.446567} {{u_whole.whole_stage_identity\[15\]$_DFFE_PP_} CLK 0.446567} {{u_whole.whole_stage_identity\[14\]$_DFFE_PP_} CLK 0.446567} {{u_whole.whole_stage_identity\[13\]$_DFFE_PP_} CLK 0.446567} {{u_whole.whole_stage_identity\[12\]$_DFFE_PP_} CLK 0.446567} {{u_whole.whole_stage_identity\[11\]$_DFFE_PP_} CLK 0.446567} {{u_whole.whole_stage_identity\[10\]$_DFFE_PP_} CLK 0.446567} {{u_whole.whole_stage_identity\[0\]$_DFFE_PP_} CLK 0.446567} {{u_whole.pending$_DFFE_PP_} CLK 0.446567} {{u_whole.g_live.value_check\[9\]$_DFFE_PP_} CLK 0.446567} {{u_whole.g_live.value_check\[8\]$_DFFE_PP_} CLK 0.446567} {{u_whole.g_live.value_check\[7\]$_DFFE_PP_} CLK 0.446567} {{u_whole.g_live.value_check\[6\]$_DFFE_PP_} CLK 0.446567} {{u_whole.g_live.value_check\[5\]$_DFFE_PP_} CLK 0.446567} {{u_whole.g_live.value_check\[4\]$_DFFE_PP_} CLK 0.446567} {{u_whole.g_live.value_check\[3\]$_DFFE_PP_} CLK 0.446567} {{u_whole.g_live.value_check\[31\]$_DFFE_PP_} CLK 0.446567} {{u_whole.g_live.value_check\[30\]$_DFFE_PP_} CLK 0.446567} {{u_whole.g_live.value_check\[2\]$_DFFE_PP_} CLK 0.446567} {{u_whole.g_live.value_check\[29\]$_DFFE_PP_} CLK 0.446567} {{u_whole.g_live.value_check\[28\]$_DFFE_PP_} CLK 0.446567} {{u_whole.g_live.value_check\[27\]$_DFFE_PP_} CLK 0.446567} {{u_whole.g_live.value_check\[26\]$_DFFE_PP_} CLK 0.446567} {{u_whole.g_live.value_check\[25\]$_DFFE_PP_} CLK 0.446567} {{u_whole.g_live.value_check\[24\]$_DFFE_PP_} CLK 0.446567} {{u_whole.g_live.value_check\[23\]$_DFFE_PP_} CLK 0.446567} {{u_whole.g_live.value_check\[22\]$_DFFE_PP_} CLK 0.446567} {{u_whole.g_live.value_check\[21\]$_DFFE_PP_} CLK 0.446567} {{u_whole.g_live.value_check\[20\]$_DFFE_PP_} CLK 0.446567} {{u_whole.g_live.value_check\[1\]$_DFFE_PP_} CLK 0.446567} {{u_whole.g_live.value_check\[19\]$_DFFE_PP_} CLK 0.446567} {{u_whole.g_live.value_check\[18\]$_DFFE_PP_} CLK 0.446567} {{u_whole.g_live.value_check\[17\]$_DFFE_PP_} CLK 0.446567} {{u_whole.g_live.value_check\[16\]$_DFFE_PP_} CLK 0.446567} {{u_whole.g_live.value_check\[15\]$_DFFE_PP_} CLK 0.446567} {{u_whole.g_live.value_check\[14\]$_DFFE_PP_} CLK 0.446567} {{u_whole.g_live.value_check\[13\]$_DFFE_PP_} CLK 0.446567} {{u_whole.g_live.value_check\[12\]$_DFFE_PP_} CLK 0.446567} {{u_whole.g_live.value_check\[11\]$_DFFE_PP_} CLK 0.446567} {{u_whole.g_live.value_check\[10\]$_DFFE_PP_} CLK 0.446567} {{u_whole.g_live.value_check\[0\]$_DFFE_PP_} CLK 0.446567} {{u_whole.g_live.token_check\[9\]$_DFFE_PP_} CLK 0.446567} {{u_whole.g_live.token_check\[8\]$_DFFE_PP_} CLK 0.446567} {{u_whole.g_live.token_check\[7\]$_DFFE_PP_} CLK 0.446567} {{u_whole.g_live.token_check\[6\]$_DFFE_PP_} CLK 0.446567} {{u_whole.g_live.token_check\[5\]$_DFFE_PP_} CLK 0.446567} {{u_whole.g_live.token_check\[4\]$_DFFE_PP_} CLK 0.446567} {{u_whole.g_live.token_check\[3\]$_DFFE_PP_} CLK 0.446567} {{u_whole.g_live.token_check\[2\]$_DFFE_PP_} CLK 0.446567} {{u_whole.g_live.token_check\[20\]$_DFFE_PP_} CLK 0.446567} {{u_whole.g_live.token_check\[1\]$_DFFE_PP_} CLK 0.446567} {{u_whole.g_live.token_check\[19\]$_DFFE_PP_} CLK 0.446567} {{u_whole.g_live.token_check\[18\]$_DFFE_PP_} CLK 0.446567} {{u_whole.g_live.token_check\[17\]$_DFFE_PP_} CLK 0.446567} {{u_whole.g_live.token_check\[16\]$_DFFE_PP_} CLK 0.446567} {{u_whole.g_live.token_check\[15\]$_DFFE_PP_} CLK 0.446567} {{u_whole.g_live.token_check\[14\]$_DFFE_PP_} CLK 0.446567} {{u_whole.g_live.token_check\[13\]$_DFFE_PP_} CLK 0.446567} {{u_whole.g_live.token_check\[12\]$_DFFE_PP_} CLK 0.446567} {{u_whole.g_live.token_check\[11\]$_DFFE_PP_} CLK 0.446567} {{u_whole.g_live.token_check\[10\]$_DFFE_PP_} CLK 0.446567} {{u_whole.g_live.token_check\[0\]$_DFFE_PP_} CLK 0.446567} {{u_whole.g_live.retired_groups\[3\]\[7\]$_SDFFCE_PN0P_} CLK 0.446567} {{u_whole.g_live.retired_groups\[3\]\[6\]$_SDFFCE_PN0P_} CLK 0.446567} {{u_whole.g_live.retired_groups\[3\]\[5\]$_SDFFCE_PN0P_} CLK 0.446567} {{u_whole.g_live.retired_groups\[3\]\[4\]$_SDFFCE_PN0P_} CLK 0.446567} {{u_whole.g_live.retired_groups\[3\]\[3\]$_SDFFCE_PN0P_} CLK 0.446567} {{u_whole.g_live.retired_groups\[3\]\[2\]$_SDFFCE_PN0P_} CLK 0.446567} {{u_whole.g_live.retired_groups\[3\]\[1\]$_SDFFCE_PN0P_} CLK 0.446567} {{u_whole.g_live.retired_groups\[3\]\[0\]$_SDFFCE_PN0P_} CLK 0.446567} {{u_whole.g_live.retired_groups\[2\]\[7\]$_SDFFCE_PN0P_} CLK 0.446567} {{u_whole.g_live.retired_groups\[2\]\[6\]$_SDFFCE_PN0P_} CLK 0.446567} {{u_whole.g_live.retired_groups\[2\]\[5\]$_SDFFCE_PN0P_} CLK 0.446567} {{u_whole.g_live.retired_groups\[2\]\[4\]$_SDFFCE_PN0P_} CLK 0.446567} {{u_whole.g_live.retired_groups\[2\]\[3\]$_SDFFCE_PN0P_} CLK 0.446567} {{u_whole.g_live.retired_groups\[2\]\[2\]$_SDFFCE_PN0P_} CLK 0.446567} {{u_whole.g_live.retired_groups\[2\]\[1\]$_SDFFCE_PN0P_} CLK 0.446567} {{u_whole.g_live.retired_groups\[2\]\[0\]$_SDFFCE_PN0P_} CLK 0.446567} {{u_whole.g_live.retired_groups\[1\]\[7\]$_SDFFCE_PN0P_} CLK 0.446567} {{u_whole.g_live.retired_groups\[1\]\[6\]$_SDFFCE_PN0P_} CLK 0.446567} {{u_whole.g_live.retired_groups\[1\]\[5\]$_SDFFCE_PN0P_} CLK 0.446567} {{u_whole.g_live.retired_groups\[1\]\[4\]$_SDFFCE_PN0P_} CLK 0.446567} {{u_whole.g_live.retired_groups\[1\]\[3\]$_SDFFCE_PN0P_} CLK 0.446567} {{u_whole.g_live.retired_groups\[1\]\[2\]$_SDFFCE_PN0P_} CLK 0.446567} {{u_whole.g_live.retired_groups\[1\]\[1\]$_SDFFCE_PN0P_} CLK 0.446567} {{u_whole.g_live.retired_groups\[1\]\[0\]$_SDFFCE_PN0P_} CLK 0.446567} {{u_whole.g_live.retired_groups\[0\]\[7\]$_SDFFCE_PN0P_} CLK 0.446567} {{u_whole.g_live.retired_groups\[0\]\[6\]$_SDFFCE_PN0P_} CLK 0.446567} {{u_whole.g_live.retired_groups\[0\]\[5\]$_SDFFCE_PN0P_} CLK 0.446567} {{u_whole.g_live.retired_groups\[0\]\[4\]$_SDFFCE_PN0P_} CLK 0.446567} {{u_whole.g_live.retired_groups\[0\]\[3\]$_SDFFCE_PN0P_} CLK 0.446567} {{u_whole.g_live.retired_groups\[0\]\[2\]$_SDFFCE_PN0P_} CLK 0.446567} {{u_whole.g_live.retired_groups\[0\]\[1\]$_SDFFCE_PN0P_} CLK 0.446567} {{u_whole.g_live.retired_groups\[0\]\[0\]$_SDFFCE_PN0P_} CLK 0.446567} {{u_whole.g_live.retired_check\[3\]\[7\]$_SDFFCE_PN1P_} CLK 0.446567} {{u_whole.g_live.retired_check\[3\]\[6\]$_SDFFCE_PN1P_} CLK 0.446567} {{u_whole.g_live.retired_check\[3\]\[5\]$_SDFFCE_PN1P_} CLK 0.446567} {{u_whole.g_live.retired_check\[3\]\[4\]$_SDFFCE_PN1P_} CLK 0.446567} {{u_whole.g_live.retired_check\[3\]\[3\]$_SDFFCE_PN1P_} CLK 0.446567} {{u_whole.g_live.retired_check\[3\]\[2\]$_SDFFCE_PN1P_} CLK 0.446567} {{u_whole.g_live.retired_check\[3\]\[1\]$_SDFFCE_PN1P_} CLK 0.446567} {{u_whole.g_live.retired_check\[3\]\[0\]$_SDFFCE_PN1P_} CLK 0.446567} {{u_whole.g_live.retired_check\[2\]\[7\]$_SDFFCE_PN1P_} CLK 0.446567} {{u_whole.g_live.retired_check\[2\]\[6\]$_SDFFCE_PN1P_} CLK 0.446567} {{u_whole.g_live.retired_check\[2\]\[5\]$_SDFFCE_PN1P_} CLK 0.446567} {{u_whole.g_live.retired_check\[2\]\[4\]$_SDFFCE_PN1P_} CLK 0.446567} {{u_whole.g_live.retired_check\[2\]\[3\]$_SDFFCE_PN1P_} CLK 0.446567} {{u_whole.g_live.retired_check\[2\]\[2\]$_SDFFCE_PN1P_} CLK 0.446567} {{u_whole.g_live.retired_check\[2\]\[1\]$_SDFFCE_PN1P_} CLK 0.446567} {{u_whole.g_live.retired_check\[2\]\[0\]$_SDFFCE_PN1P_} CLK 0.446567} {{u_whole.g_live.retired_check\[1\]\[7\]$_SDFFCE_PN1P_} CLK 0.446567} {{u_whole.g_live.retired_check\[1\]\[6\]$_SDFFCE_PN1P_} CLK 0.446567} {{u_whole.g_live.retired_check\[1\]\[5\]$_SDFFCE_PN1P_} CLK 0.446567} {{u_whole.g_live.retired_check\[1\]\[4\]$_SDFFCE_PN1P_} CLK 0.446567} {{u_whole.g_live.retired_check\[1\]\[3\]$_SDFFCE_PN1P_} CLK 0.446567} {{u_whole.g_live.retired_check\[1\]\[2\]$_SDFFCE_PN1P_} CLK 0.446567} {{u_whole.g_live.retired_check\[1\]\[1\]$_SDFFCE_PN1P_} CLK 0.446567} {{u_whole.g_live.retired_check\[1\]\[0\]$_SDFFCE_PN1P_} CLK 0.446567} {{u_whole.g_live.retired_check\[0\]\[7\]$_SDFFCE_PN1P_} CLK 0.446567} {{u_whole.g_live.retired_check\[0\]\[6\]$_SDFFCE_PN1P_} CLK 0.446567} {{u_whole.g_live.retired_check\[0\]\[5\]$_SDFFCE_PN1P_} CLK 0.446567} {{u_whole.g_live.retired_check\[0\]\[4\]$_SDFFCE_PN1P_} CLK 0.446567} {{u_whole.g_live.retired_check\[0\]\[3\]$_SDFFCE_PN1P_} CLK 0.446567} {{u_whole.g_live.retired_check\[0\]\[2\]$_SDFFCE_PN1P_} CLK 0.446567} {{u_whole.g_live.retired_check\[0\]\[1\]$_SDFFCE_PN1P_} CLK 0.446567} {{u_whole.g_live.retired_check\[0\]\[0\]$_SDFFCE_PN1P_} CLK 0.446567} {{u_whole.g_live.request_token_q\[9\]$_DFFE_PP_} CLK 0.446567} {{u_whole.g_live.request_token_q\[8\]$_DFFE_PP_} CLK 0.446567} {{u_whole.g_live.request_token_q\[7\]$_DFFE_PP_} CLK 0.446567} {{u_whole.g_live.request_token_q\[6\]$_DFFE_PP_} CLK 0.446567} {{u_whole.g_live.request_token_q\[5\]$_DFFE_PP_} CLK 0.446567} {{u_whole.g_live.request_token_q\[4\]$_DFFE_PP_} CLK 0.446567} {{u_whole.g_live.request_token_q\[3\]$_DFFE_PP_} CLK 0.446567} {{u_whole.g_live.request_token_q\[2\]$_DFFE_PP_} CLK 0.446567} {{u_whole.g_live.request_token_q\[20\]$_DFFE_PP_} CLK 0.446567} {{u_whole.g_live.request_token_q\[1\]$_DFFE_PP_} CLK 0.446567} {{u_whole.g_live.request_token_q\[19\]$_DFFE_PP_} CLK 0.446567} {{u_whole.g_live.request_token_q\[18\]$_DFFE_PP_} CLK 0.446567} {{u_whole.g_live.request_token_q\[17\]$_DFFE_PP_} CLK 0.446567} {{u_whole.g_live.request_token_q\[16\]$_DFFE_PP_} CLK 0.446567} {{u_whole.g_live.request_token_q\[15\]$_DFFE_PP_} CLK 0.446567} {{u_whole.g_live.request_token_q\[14\]$_DFFE_PP_} CLK 0.446567} {{u_whole.g_live.request_token_q\[13\]$_DFFE_PP_} CLK 0.446567} {{u_whole.g_live.request_token_q\[12\]$_DFFE_PP_} CLK 0.446567} {{u_whole.g_live.request_token_q\[11\]$_DFFE_PP_} CLK 0.446567} {{u_whole.g_live.request_token_q\[10\]$_DFFE_PP_} CLK 0.446567} {{u_whole.g_live.request_token_q\[0\]$_DFFE_PP_} CLK 0.446567} {{u_whole.g_live.request_token_check\[9\]$_DFFE_PP_} CLK 0.446567} {{u_whole.g_live.request_token_check\[8\]$_DFFE_PP_} CLK 0.446567} {{u_whole.g_live.request_token_check\[7\]$_DFFE_PP_} CLK 0.446567} {{u_whole.g_live.request_token_check\[6\]$_DFFE_PP_} CLK 0.446567} {{u_whole.g_live.request_token_check\[5\]$_DFFE_PP_} CLK 0.446567} {{u_whole.g_live.request_token_check\[4\]$_DFFE_PP_} CLK 0.446567} {{u_whole.g_live.request_token_check\[3\]$_DFFE_PP_} CLK 0.446567} {{u_whole.g_live.request_token_check\[2\]$_DFFE_PP_} CLK 0.446567} {{u_whole.g_live.request_token_check\[20\]$_DFFE_PP_} CLK 0.446567} {{u_whole.g_live.request_token_check\[1\]$_DFFE_PP_} CLK 0.446567} {{u_whole.g_live.request_token_check\[19\]$_DFFE_PP_} CLK 0.446567} {{u_whole.g_live.request_token_check\[18\]$_DFFE_PP_} CLK 0.446567} {{u_whole.g_live.request_token_check\[17\]$_DFFE_PP_} CLK 0.446567} {{u_whole.g_live.request_token_check\[16\]$_DFFE_PP_} CLK 0.446567} {{u_whole.g_live.request_token_check\[15\]$_DFFE_PP_} CLK 0.446567} {{u_whole.g_live.request_token_check\[14\]$_DFFE_PP_} CLK 0.446567} {{u_whole.g_live.request_token_check\[13\]$_DFFE_PP_} CLK 0.446567} {{u_whole.g_live.request_token_check\[12\]$_DFFE_PP_} CLK 0.446567} {{u_whole.g_live.request_token_check\[11\]$_DFFE_PP_} CLK 0.446567} {{u_whole.g_live.request_token_check\[10\]$_DFFE_PP_} CLK 0.446567} {{u_whole.g_live.request_token_check\[0\]$_DFFE_PP_} CLK 0.446567} {{u_whole.g_live.rank_fault\[3\]$_DFFE_PP_} CLK 0.446567} {{u_whole.g_live.rank_fault\[2\]$_DFFE_PP_} CLK 0.446567} {{u_whole.g_live.rank_fault\[1\]$_DFFE_PP_} CLK 0.446567} {{u_whole.g_live.rank_fault\[0\]$_DFFE_PP_} CLK 0.446567} {{u_whole.g_live.ptr_check\[3\]\[9\]$_SDFFCE_PN1P_} CLK 0.446567} {{u_whole.g_live.ptr_check\[3\]\[8\]$_SDFFCE_PN1P_} CLK 0.446567} {{u_whole.g_live.ptr_check\[3\]\[7\]$_SDFFCE_PN1P_} CLK 0.446567} {{u_whole.g_live.ptr_check\[3\]\[6\]$_SDFFCE_PN1P_} CLK 0.446567} {{u_whole.g_live.ptr_check\[3\]\[5\]$_SDFFCE_PN1P_} CLK 0.446567} {{u_whole.g_live.ptr_check\[3\]\[4\]$_SDFFCE_PN1P_} CLK 0.446567} {{u_whole.g_live.ptr_check\[3\]\[3\]$_SDFFCE_PN1P_} CLK 0.446567} {{u_whole.g_live.ptr_check\[3\]\[2\]$_SDFFCE_PN1P_} CLK 0.446567} {{u_whole.g_live.ptr_check\[3\]\[1\]$_SDFFCE_PN1P_} CLK 0.446567} {{u_whole.g_live.ptr_check\[3\]\[11\]$_SDFFCE_PN1P_} CLK 0.446567} {{u_whole.g_live.ptr_check\[3\]\[10\]$_SDFFCE_PN1P_} CLK 0.446567} {{u_whole.g_live.ptr_check\[3\]\[0\]$_SDFFCE_PN1P_} CLK 0.446567} {{u_whole.g_live.ptr_check\[2\]\[9\]$_SDFFCE_PN1P_} CLK 0.446567} {{u_whole.g_live.ptr_check\[2\]\[8\]$_SDFFCE_PN1P_} CLK 0.446567} {{u_whole.g_live.ptr_check\[2\]\[7\]$_SDFFCE_PN1P_} CLK 0.446567} {{u_whole.g_live.ptr_check\[2\]\[6\]$_SDFFCE_PN1P_} CLK 0.446567} {{u_whole.g_live.ptr_check\[2\]\[5\]$_SDFFCE_PN1P_} CLK 0.446567} {{u_whole.g_live.ptr_check\[2\]\[4\]$_SDFFCE_PN1P_} CLK 0.446567} {{u_whole.g_live.ptr_check\[2\]\[3\]$_SDFFCE_PN1P_} CLK 0.446567} {{u_whole.g_live.ptr_check\[2\]\[2\]$_SDFFCE_PN1P_} CLK 0.446567} {{u_whole.g_live.ptr_check\[2\]\[1\]$_SDFFCE_PN1P_} CLK 0.446567} {{u_whole.g_live.ptr_check\[2\]\[11\]$_SDFFCE_PN1P_} CLK 0.446567} {{u_whole.g_live.ptr_check\[2\]\[10\]$_SDFFCE_PN1P_} CLK 0.446567} {{u_whole.g_live.ptr_check\[2\]\[0\]$_SDFFCE_PN1P_} CLK 0.446567} {{u_whole.g_live.ptr_check\[1\]\[9\]$_SDFFCE_PN1P_} CLK 0.446567} {{u_whole.g_live.ptr_check\[1\]\[8\]$_SDFFCE_PN1P_} CLK 0.446567} {{u_whole.g_live.ptr_check\[1\]\[7\]$_SDFFCE_PN1P_} CLK 0.446567} {{u_whole.g_live.ptr_check\[1\]\[6\]$_SDFFCE_PN1P_} CLK 0.446567} {{u_whole.g_live.ptr_check\[1\]\[5\]$_SDFFCE_PN1P_} CLK 0.446567} {{u_whole.g_live.ptr_check\[1\]\[4\]$_SDFFCE_PN1P_} CLK 0.446567} {{u_whole.g_live.ptr_check\[1\]\[3\]$_SDFFCE_PN1P_} CLK 0.446567} {{u_whole.g_live.ptr_check\[1\]\[2\]$_SDFFCE_PN1P_} CLK 0.446567} {{u_whole.g_live.ptr_check\[1\]\[1\]$_SDFFCE_PN1P_} CLK 0.446567} {{u_whole.g_live.ptr_check\[1\]\[11\]$_SDFFCE_PN1P_} CLK 0.446567} {{u_whole.g_live.ptr_check\[1\]\[10\]$_SDFFCE_PN1P_} CLK 0.446567} {{u_whole.g_live.ptr_check\[1\]\[0\]$_SDFFCE_PN1P_} CLK 0.446567} {{u_whole.g_live.ptr_check\[0\]\[9\]$_SDFFCE_PN1P_} CLK 0.446567} {{u_whole.g_live.ptr_check\[0\]\[8\]$_SDFFCE_PN1P_} CLK 0.446567} {{u_whole.g_live.ptr_check\[0\]\[7\]$_SDFFCE_PN1P_} CLK 0.446567} {{u_whole.g_live.ptr_check\[0\]\[6\]$_SDFFCE_PN1P_} CLK 0.446567} {{u_whole.g_live.ptr_check\[0\]\[5\]$_SDFFCE_PN1P_} CLK 0.446567} {{u_whole.g_live.ptr_check\[0\]\[4\]$_SDFFCE_PN1P_} CLK 0.446567} {{u_whole.g_live.ptr_check\[0\]\[3\]$_SDFFCE_PN1P_} CLK 0.446567} {{u_whole.g_live.ptr_check\[0\]\[2\]$_SDFFCE_PN1P_} CLK 0.446567} {{u_whole.g_live.ptr_check\[0\]\[1\]$_SDFFCE_PN1P_} CLK 0.446567} {{u_whole.g_live.ptr_check\[0\]\[11\]$_SDFFCE_PN1P_} CLK 0.446567} {{u_whole.g_live.ptr_check\[0\]\[10\]$_SDFFCE_PN1P_} CLK 0.446567} {{u_whole.g_live.ptr_check\[0\]\[0\]$_SDFFCE_PN1P_} CLK 0.446567} {{u_whole.g_live.ptr\[3\]\[9\]$_SDFFCE_PN0P_} CLK 0.446567} {{u_whole.g_live.ptr\[3\]\[8\]$_SDFFCE_PN0P_} CLK 0.446567} {{u_whole.g_live.ptr\[3\]\[7\]$_SDFFCE_PN0P_} CLK 0.446567} {{u_whole.g_live.ptr\[3\]\[6\]$_SDFFCE_PN0P_} CLK 0.446567} {{u_whole.g_live.ptr\[3\]\[5\]$_SDFFCE_PN0P_} CLK 0.446567} {{u_whole.g_live.ptr\[3\]\[4\]$_SDFFCE_PN0P_} CLK 0.446567} {{u_whole.g_live.ptr\[3\]\[3\]$_SDFFCE_PN0P_} CLK 0.446567} {{u_whole.g_live.ptr\[3\]\[2\]$_SDFFCE_PN0P_} CLK 0.446567} {{u_whole.g_live.ptr\[3\]\[1\]$_SDFFCE_PN0P_} CLK 0.446567} {{u_whole.g_live.ptr\[3\]\[11\]$_SDFFCE_PN0P_} CLK 0.446567} {{u_whole.g_live.ptr\[3\]\[10\]$_SDFFCE_PN0P_} CLK 0.446567} {{u_whole.g_live.ptr\[3\]\[0\]$_SDFFCE_PN0P_} CLK 0.446567} {{u_whole.g_live.ptr\[2\]\[9\]$_SDFFCE_PN0P_} CLK 0.446567} {{u_whole.g_live.ptr\[2\]\[8\]$_SDFFCE_PN0P_} CLK 0.446567} {{u_whole.g_live.ptr\[2\]\[7\]$_SDFFCE_PN0P_} CLK 0.446567} {{u_whole.g_live.ptr\[2\]\[6\]$_SDFFCE_PN0P_} CLK 0.446567} {{u_whole.g_live.ptr\[2\]\[5\]$_SDFFCE_PN0P_} CLK 0.446567} {{u_whole.g_live.ptr\[2\]\[4\]$_SDFFCE_PN0P_} CLK 0.446567} {{u_whole.g_live.ptr\[2\]\[3\]$_SDFFCE_PN0P_} CLK 0.446567} {{u_whole.g_live.ptr\[2\]\[2\]$_SDFFCE_PN0P_} CLK 0.446567} {{u_whole.g_live.ptr\[2\]\[1\]$_SDFFCE_PN0P_} CLK 0.446567} {{u_whole.g_live.ptr\[2\]\[11\]$_SDFFCE_PN0P_} CLK 0.446567} {{u_whole.g_live.ptr\[2\]\[10\]$_SDFFCE_PN0P_} CLK 0.446567} {{u_whole.g_live.ptr\[2\]\[0\]$_SDFFCE_PN0P_} CLK 0.446567} {{u_whole.g_live.ptr\[1\]\[9\]$_SDFFCE_PN0P_} CLK 0.446567} {{u_whole.g_live.ptr\[1\]\[8\]$_SDFFCE_PN0P_} CLK 0.446567} {{u_whole.g_live.ptr\[1\]\[7\]$_SDFFCE_PN0P_} CLK 0.446567} {{u_whole.g_live.ptr\[1\]\[6\]$_SDFFCE_PN0P_} CLK 0.446567} {{u_whole.g_live.ptr\[1\]\[5\]$_SDFFCE_PN0P_} CLK 0.446567} {{u_whole.g_live.ptr\[1\]\[4\]$_SDFFCE_PN0P_} CLK 0.446567} {{u_whole.g_live.ptr\[1\]\[3\]$_SDFFCE_PN0P_} CLK 0.446567} {{u_whole.g_live.ptr\[1\]\[2\]$_SDFFCE_PN0P_} CLK 0.446567} {{u_whole.g_live.ptr\[1\]\[1\]$_SDFFCE_PN0P_} CLK 0.446567} {{u_whole.g_live.ptr\[1\]\[11\]$_SDFFCE_PN0P_} CLK 0.446567} {{u_whole.g_live.ptr\[1\]\[10\]$_SDFFCE_PN0P_} CLK 0.446567} {{u_whole.g_live.ptr\[1\]\[0\]$_SDFFCE_PN0P_} CLK 0.446567} {{u_whole.g_live.ptr\[0\]\[9\]$_SDFFCE_PN0P_} CLK 0.446567} {{u_whole.g_live.ptr\[0\]\[8\]$_SDFFCE_PN0P_} CLK 0.446567} {{u_whole.g_live.ptr\[0\]\[7\]$_SDFFCE_PN0P_} CLK 0.446567} {{u_whole.g_live.ptr\[0\]\[6\]$_SDFFCE_PN0P_} CLK 0.446567} {{u_whole.g_live.ptr\[0\]\[5\]$_SDFFCE_PN0P_} CLK 0.446567} {{u_whole.g_live.ptr\[0\]\[4\]$_SDFFCE_PN0P_} CLK 0.446567} {{u_whole.g_live.ptr\[0\]\[3\]$_SDFFCE_PN0P_} CLK 0.446567} {{u_whole.g_live.ptr\[0\]\[2\]$_SDFFCE_PN0P_} CLK 0.446567} {{u_whole.g_live.ptr\[0\]\[1\]$_SDFFCE_PN0P_} CLK 0.446567} {{u_whole.g_live.ptr\[0\]\[11\]$_SDFFCE_PN0P_} CLK 0.446567} {{u_whole.g_live.ptr\[0\]\[10\]$_SDFFCE_PN0P_} CLK 0.446567} {{u_whole.g_live.ptr\[0\]\[0\]$_SDFFCE_PN0P_} CLK 0.446567} {{u_whole.g_live.poison$_SDFFCE_PN1P_} CLK 0.446567} {{u_whole.g_live.identity_check\[9\]$_DFFE_PP_} CLK 0.446567} {{u_whole.g_live.identity_check\[8\]$_DFFE_PP_} CLK 0.446567} {{u_whole.g_live.identity_check\[7\]$_DFFE_PP_} CLK 0.446567} {{u_whole.g_live.identity_check\[6\]$_DFFE_PP_} CLK 0.446567} {{u_whole.g_live.identity_check\[5\]$_DFFE_PP_} CLK 0.446567} {{u_whole.g_live.identity_check\[4\]$_DFFE_PP_} CLK 0.446567} {{u_whole.g_live.identity_check\[46\]$_DFFE_PP_} CLK 0.446567} {{u_whole.g_live.identity_check\[45\]$_DFFE_PP_} CLK 0.446567} {{u_whole.g_live.identity_check\[44\]$_DFFE_PP_} CLK 0.446567} {{u_whole.g_live.identity_check\[43\]$_DFFE_PP_} CLK 0.446567} {{u_whole.g_live.identity_check\[42\]$_DFFE_PP_} CLK 0.446567} {{u_whole.g_live.identity_check\[41\]$_DFFE_PP_} CLK 0.446567} {{u_whole.g_live.identity_check\[40\]$_DFFE_PP_} CLK 0.446567} {{u_whole.g_live.identity_check\[3\]$_DFFE_PP_} CLK 0.446567} {{u_whole.g_live.identity_check\[39\]$_DFFE_PP_} CLK 0.446567} {{u_whole.g_live.identity_check\[38\]$_DFFE_PP_} CLK 0.446567} {{u_whole.g_live.identity_check\[37\]$_DFFE_PP_} CLK 0.446567} {{u_whole.g_live.identity_check\[36\]$_DFFE_PP_} CLK 0.446567} {{u_whole.g_live.identity_check\[35\]$_DFFE_PP_} CLK 0.446567} {{u_whole.g_live.identity_check\[34\]$_DFFE_PP_} CLK 0.446567} {{u_whole.g_live.identity_check\[33\]$_DFFE_PP_} CLK 0.446567} {{u_whole.g_live.identity_check\[32\]$_DFFE_PP_} CLK 0.446567} {{u_whole.g_live.identity_check\[31\]$_DFFE_PP_} CLK 0.446567} {{u_whole.g_live.identity_check\[30\]$_DFFE_PP_} CLK 0.446567} {{u_whole.g_live.identity_check\[2\]$_DFFE_PP_} CLK 0.446567} {{u_whole.g_live.identity_check\[29\]$_DFFE_PP_} CLK 0.446567} {{u_whole.g_live.identity_check\[28\]$_DFFE_PP_} CLK 0.446567} {{u_whole.g_live.identity_check\[27\]$_DFFE_PP_} CLK 0.446567} {{u_whole.g_live.identity_check\[26\]$_DFFE_PP_} CLK 0.446567} {{u_whole.g_live.identity_check\[25\]$_DFFE_PP_} CLK 0.446567} {{u_whole.g_live.identity_check\[24\]$_DFFE_PP_} CLK 0.446567} {{u_whole.g_live.identity_check\[23\]$_DFFE_PP_} CLK 0.446567} {{u_whole.g_live.identity_check\[22\]$_DFFE_PP_} CLK 0.446567} {{u_whole.g_live.identity_check\[21\]$_DFFE_PP_} CLK 0.446567} {{u_whole.g_live.identity_check\[20\]$_DFFE_PP_} CLK 0.446567} {{u_whole.g_live.identity_check\[1\]$_DFFE_PP_} CLK 0.446567} {{u_whole.g_live.identity_check\[19\]$_DFFE_PP_} CLK 0.446567} {{u_whole.g_live.identity_check\[18\]$_DFFE_PP_} CLK 0.446567} {{u_whole.g_live.identity_check\[17\]$_DFFE_PP_} CLK 0.446567} {{u_whole.g_live.identity_check\[16\]$_DFFE_PP_} CLK 0.446567} {{u_whole.g_live.identity_check\[15\]$_DFFE_PP_} CLK 0.446567} {{u_whole.g_live.identity_check\[14\]$_DFFE_PP_} CLK 0.446567} {{u_whole.g_live.identity_check\[13\]$_DFFE_PP_} CLK 0.446567} {{u_whole.g_live.identity_check\[12\]$_DFFE_PP_} CLK 0.446567} {{u_whole.g_live.identity_check\[11\]$_DFFE_PP_} CLK 0.446567} {{u_whole.g_live.identity_check\[10\]$_DFFE_PP_} CLK 0.446567} {{u_whole.g_live.identity_check\[0\]$_DFFE_PP_} CLK 0.446567} {{u_whole.g_live.held_home\[3\]\[6\]$_DFFE_PP_} CLK 0.446567} {{u_whole.g_live.held_home\[3\]\[5\]$_DFFE_PP_} CLK 0.446567} {{u_whole.g_live.held_home\[3\]\[4\]$_DFFE_PP_} CLK 0.446567} {{u_whole.g_live.held_home\[3\]\[3\]$_DFFE_PP_} CLK 0.446567} {{u_whole.g_live.held_home\[3\]\[2\]$_DFFE_PP_} CLK 0.446567} {{u_whole.g_live.held_home\[3\]\[1\]$_DFFE_PP_} CLK 0.446567} {{u_whole.g_live.held_home\[3\]\[0\]$_DFFE_PP_} CLK 0.446567} {{u_whole.g_live.held_home\[2\]\[6\]$_DFFE_PP_} CLK 0.446567} {{u_whole.g_live.held_home\[2\]\[5\]$_DFFE_PP_} CLK 0.446567} {{u_whole.g_live.held_home\[2\]\[4\]$_DFFE_PP_} CLK 0.446567} {{u_whole.g_live.held_home\[2\]\[3\]$_DFFE_PP_} CLK 0.446567} {{u_whole.g_live.held_home\[2\]\[2\]$_DFFE_PP_} CLK 0.446567} {{u_whole.g_live.held_home\[2\]\[1\]$_DFFE_PP_} CLK 0.446567} {{u_whole.g_live.held_home\[2\]\[0\]$_DFFE_PP_} CLK 0.446567} {{u_whole.g_live.held_home\[1\]\[6\]$_DFFE_PP_} CLK 0.446567} {{u_whole.g_live.held_home\[1\]\[5\]$_DFFE_PP_} CLK 0.446567} {{u_whole.g_live.held_home\[1\]\[4\]$_DFFE_PP_} CLK 0.446567} {{u_whole.g_live.held_home\[1\]\[3\]$_DFFE_PP_} CLK 0.446567} {{u_whole.g_live.held_home\[1\]\[2\]$_DFFE_PP_} CLK 0.446567} {{u_whole.g_live.held_home\[1\]\[1\]$_DFFE_PP_} CLK 0.446567} {{u_whole.g_live.held_home\[1\]\[0\]$_DFFE_PP_} CLK 0.446567} {{u_whole.g_live.held_home\[0\]\[6\]$_DFFE_PP_} CLK 0.446567} {{u_whole.g_live.held_home\[0\]\[5\]$_DFFE_PP_} CLK 0.446567} {{u_whole.g_live.held_home\[0\]\[4\]$_DFFE_PP_} CLK 0.446567} {{u_whole.g_live.held_home\[0\]\[3\]$_DFFE_PP_} CLK 0.446567} {{u_whole.g_live.held_home\[0\]\[2\]$_DFFE_PP_} CLK 0.446567} {{u_whole.g_live.held_home\[0\]\[1\]$_DFFE_PP_} CLK 0.446567} {{u_whole.g_live.held_home\[0\]\[0\]$_DFFE_PP_} CLK 0.446567} {{u_whole.g_live.held_entry\[3\]\[9\]$_DFFE_PP_} CLK 0.446567} {{u_whole.g_live.held_entry\[3\]\[8\]$_DFFE_PP_} CLK 0.446567} {{u_whole.g_live.held_entry\[3\]\[7\]$_DFFE_PP_} CLK 0.446567} {{u_whole.g_live.held_entry\[3\]\[6\]$_DFFE_PP_} CLK 0.446567} {{u_whole.g_live.held_entry\[3\]\[5\]$_DFFE_PP_} CLK 0.446567} {{u_whole.g_live.held_entry\[3\]\[4\]$_DFFE_PP_} CLK 0.446567} {{u_whole.g_live.held_entry\[3\]\[3\]$_DFFE_PP_} CLK 0.446567} {{u_whole.g_live.held_entry\[3\]\[2\]$_DFFE_PP_} CLK 0.446567} {{u_whole.g_live.held_entry\[3\]\[1\]$_DFFE_PP_} CLK 0.446567} {{u_whole.g_live.held_entry\[3\]\[13\]$_DFFE_PP_} CLK 0.446567} {{u_whole.g_live.held_entry\[3\]\[12\]$_DFFE_PP_} CLK 0.446567} {{u_whole.g_live.held_entry\[3\]\[11\]$_DFFE_PP_} CLK 0.446567} {{u_whole.g_live.held_entry\[3\]\[10\]$_DFFE_PP_} CLK 0.446567} {{u_whole.g_live.held_entry\[3\]\[0\]$_DFFE_PP_} CLK 0.446567} {{u_whole.g_live.held_entry\[2\]\[9\]$_DFFE_PP_} CLK 0.446567} {{u_whole.g_live.held_entry\[2\]\[8\]$_DFFE_PP_} CLK 0.446567} {{u_whole.g_live.held_entry\[2\]\[7\]$_DFFE_PP_} CLK 0.446567} {{u_whole.g_live.held_entry\[2\]\[6\]$_DFFE_PP_} CLK 0.446567} {{u_whole.g_live.held_entry\[2\]\[5\]$_DFFE_PP_} CLK 0.446567} {{u_whole.g_live.held_entry\[2\]\[4\]$_DFFE_PP_} CLK 0.446567} {{u_whole.g_live.held_entry\[2\]\[3\]$_DFFE_PP_} CLK 0.446567} {{u_whole.g_live.held_entry\[2\]\[2\]$_DFFE_PP_} CLK 0.446567} {{u_whole.g_live.held_entry\[2\]\[1\]$_DFFE_PP_} CLK 0.446567} {{u_whole.g_live.held_entry\[2\]\[13\]$_DFFE_PP_} CLK 0.446567} {{u_whole.g_live.held_entry\[2\]\[12\]$_DFFE_PP_} CLK 0.446567} {{u_whole.g_live.held_entry\[2\]\[11\]$_DFFE_PP_} CLK 0.446567} {{u_whole.g_live.held_entry\[2\]\[10\]$_DFFE_PP_} CLK 0.446567} {{u_whole.g_live.held_entry\[2\]\[0\]$_DFFE_PP_} CLK 0.446567} {{u_whole.g_live.held_entry\[1\]\[9\]$_DFFE_PP_} CLK 0.446567} {{u_whole.g_live.held_entry\[1\]\[8\]$_DFFE_PP_} CLK 0.446567} {{u_whole.g_live.held_entry\[1\]\[7\]$_DFFE_PP_} CLK 0.446567} {{u_whole.g_live.held_entry\[1\]\[6\]$_DFFE_PP_} CLK 0.446567} {{u_whole.g_live.held_entry\[1\]\[5\]$_DFFE_PP_} CLK 0.446567} {{u_whole.g_live.held_entry\[1\]\[4\]$_DFFE_PP_} CLK 0.446567} {{u_whole.g_live.held_entry\[1\]\[3\]$_DFFE_PP_} CLK 0.446567} {{u_whole.g_live.held_entry\[1\]\[2\]$_DFFE_PP_} CLK 0.446567} {{u_whole.g_live.held_entry\[1\]\[1\]$_DFFE_PP_} CLK 0.446567} {{u_whole.g_live.held_entry\[1\]\[13\]$_DFFE_PP_} CLK 0.446567} {{u_whole.g_live.held_entry\[1\]\[12\]$_DFFE_PP_} CLK 0.446567} {{u_whole.g_live.held_entry\[1\]\[11\]$_DFFE_PP_} CLK 0.446567} {{u_whole.g_live.held_entry\[1\]\[10\]$_DFFE_PP_} CLK 0.446567} {{u_whole.g_live.held_entry\[1\]\[0\]$_DFFE_PP_} CLK 0.446567} {{u_whole.g_live.held_entry\[0\]\[9\]$_DFFE_PP_} CLK 0.446567} {{u_whole.g_live.held_entry\[0\]\[8\]$_DFFE_PP_} CLK 0.446567} {{u_whole.g_live.held_entry\[0\]\[7\]$_DFFE_PP_} CLK 0.446567} {{u_whole.g_live.held_entry\[0\]\[6\]$_DFFE_PP_} CLK 0.446567} {{u_whole.g_live.held_entry\[0\]\[5\]$_DFFE_PP_} CLK 0.446567} {{u_whole.g_live.held_entry\[0\]\[4\]$_DFFE_PP_} CLK 0.446567} {{u_whole.g_live.held_entry\[0\]\[3\]$_DFFE_PP_} CLK 0.446567} {{u_whole.g_live.held_entry\[0\]\[2\]$_DFFE_PP_} CLK 0.446567} {{u_whole.g_live.held_entry\[0\]\[1\]$_DFFE_PP_} CLK 0.446567} {{u_whole.g_live.held_entry\[0\]\[13\]$_DFFE_PP_} CLK 0.446567} {{u_whole.g_live.held_entry\[0\]\[12\]$_DFFE_PP_} CLK 0.446567} {{u_whole.g_live.held_entry\[0\]\[11\]$_DFFE_PP_} CLK 0.446567} {{u_whole.g_live.held_entry\[0\]\[10\]$_DFFE_PP_} CLK 0.446567} {{u_whole.g_live.held_entry\[0\]\[0\]$_DFFE_PP_} CLK 0.446567} {{u_whole.g_live.have_result_check$_DFFE_PP_} CLK 0.446567} {{u_whole.g_live.have_result$_DFFE_PP_} CLK 0.446567} {{u_whole.g_live.g_rank\[3\].u_book} clk 8.683800} {{u_whole.g_live.g_rank\[2\].u_book} clk 8.683800} {{u_whole.g_live.g_rank\[1\].u_book} clk 8.683800} {{u_whole.g_live.g_rank\[0\].u_book} clk 8.683800} {{u_whole.g_live.finished\[3\]$_SDFFCE_PP0P_} CLK 0.446567} {{u_whole.g_live.finished\[2\]$_SDFFCE_PP0P_} CLK 0.446567} {{u_whole.g_live.finished\[1\]$_SDFFCE_PP0P_} CLK 0.446567} {{u_whole.g_live.finished\[0\]$_SDFFCE_PP0P_} CLK 0.446567} {{u_whole.g_live.fenced_check\[3\]$_SDFFCE_PP1P_} CLK 0.446567} {{u_whole.g_live.fenced_check\[2\]$_SDFFCE_PP1P_} CLK 0.446567} {{u_whole.g_live.fenced_check\[1\]$_SDFFCE_PP1P_} CLK 0.446567} {{u_whole.g_live.fenced_check\[0\]$_SDFFCE_PP1P_} CLK 0.446567} {{u_whole.g_live.fenced\[3\]$_SDFFCE_PP0P_} CLK 0.446567} {{u_whole.g_live.fenced\[2\]$_SDFFCE_PP0P_} CLK 0.446567} {{u_whole.g_live.fenced\[1\]$_SDFFCE_PP0P_} CLK 0.446567} {{u_whole.g_live.fenced\[0\]$_SDFFCE_PP0P_} CLK 0.446567} {{u_whole.g_live.await_retire\[3\]$_SDFFCE_PP0P_} CLK 0.446567} {{u_whole.g_live.await_retire\[2\]$_SDFFCE_PP0P_} CLK 0.446567} {{u_whole.g_live.await_retire\[1\]$_SDFFCE_PP0P_} CLK 0.446567} {{u_whole.g_live.await_retire\[0\]$_SDFFCE_PP0P_} CLK 0.446567} {{u_whole.g_live.armed$_DFFE_PP_} CLK 0.446567} {{u_whole.g_live.active_check$_DFFE_PP_} CLK 0.446567} {{u_cfg.g_live.scanning$_DFFE_PP_} CLK 0.446567} {{u_cfg.g_live.scan_user_check\[9\]$_DFFE_PP_} CLK 0.446567} {{u_cfg.g_live.scan_user_check\[8\]$_DFFE_PP_} CLK 0.446567} {{u_cfg.g_live.scan_user_check\[7\]$_DFFE_PP_} CLK 0.446567} {{u_cfg.g_live.scan_user_check\[6\]$_DFFE_PP_} CLK 0.446567} {{u_cfg.g_live.scan_user_check\[5\]$_DFFE_PP_} CLK 0.446567} {{u_cfg.g_live.scan_user_check\[4\]$_DFFE_PP_} CLK 0.446567} {{u_cfg.g_live.scan_user_check\[3\]$_DFFE_PP_} CLK 0.446567} {{u_cfg.g_live.scan_user_check\[2\]$_DFFE_PP_} CLK 0.446567} {{u_cfg.g_live.scan_user_check\[1\]$_DFFE_PP_} CLK 0.446567} {{u_cfg.g_live.scan_user_check\[0\]$_DFFE_PP_} CLK 0.446567} {{u_cfg.g_live.scan_user\[9\]$_DFFE_PP_} CLK 0.446567} {{u_cfg.g_live.scan_user\[8\]$_DFFE_PP_} CLK 0.446567} {{u_cfg.g_live.scan_user\[7\]$_DFFE_PP_} CLK 0.446567} {{u_cfg.g_live.scan_user\[6\]$_DFFE_PP_} CLK 0.446567} {{u_cfg.g_live.scan_user\[5\]$_DFFE_PP_} CLK 0.446567} {{u_cfg.g_live.scan_user\[4\]$_DFFE_PP_} CLK 0.446567} {{u_cfg.g_live.scan_user\[3\]$_DFFE_PP_} CLK 0.446567} {{u_cfg.g_live.scan_user\[2\]$_DFFE_PP_} CLK 0.446567} {{u_cfg.g_live.scan_user\[1\]$_DFFE_PP_} CLK 0.446567} {{u_cfg.g_live.scan_user\[0\]$_DFFE_PP_} CLK 0.446567} {{u_cfg.g_live.scan_sent_all$_DFFE_PP_} CLK 0.446567} {{u_cfg.g_live.scan_pos_check\[3\]$_DFFE_PP_} CLK 0.446567} {{u_cfg.g_live.scan_pos_check\[2\]$_DFFE_PP_} CLK 0.446567} {{u_cfg.g_live.scan_pos_check\[1\]$_DFFE_PP_} CLK 0.446567} {{u_cfg.g_live.scan_pos_check\[0\]$_DFFE_PP_} CLK 0.446567} {{u_cfg.g_live.scan_pos\[3\]$_DFFE_PP_} CLK 0.446567} {{u_cfg.g_live.scan_pos\[2\]$_DFFE_PP_} CLK 0.446567} {{u_cfg.g_live.scan_pos\[1\]$_DFFE_PP_} CLK 0.446567} {{u_cfg.g_live.scan_pos\[0\]$_DFFE_PP_} CLK 0.446567} {{u_cfg.g_live.ready_mem$_DFFE_PP_} CLK 0.446567} {{u_cfg.g_live.read_user_q\[9\]$_DFFE_PP_} CLK 0.446567} {{u_cfg.g_live.read_user_q\[8\]$_DFFE_PP_} CLK 0.446567} {{u_cfg.g_live.read_user_q\[7\]$_DFFE_PP_} CLK 0.446567} {{u_cfg.g_live.read_user_q\[6\]$_DFFE_PP_} CLK 0.446567} {{u_cfg.g_live.read_user_q\[5\]$_DFFE_PP_} CLK 0.446567} {{u_cfg.g_live.read_user_q\[4\]$_DFFE_PP_} CLK 0.446567} {{u_cfg.g_live.read_user_q\[3\]$_DFFE_PP_} CLK 0.446567} {{u_cfg.g_live.read_user_q\[2\]$_DFFE_PP_} CLK 0.446567} {{u_cfg.g_live.read_user_q\[1\]$_DFFE_PP_} CLK 0.446567} {{u_cfg.g_live.read_user_q\[0\]$_DFFE_PP_} CLK 0.446567} {{u_cfg.g_live.read_scan$_DFFE_PP_} CLK 0.446567} {{u_cfg.g_live.read_prompt$_DFFE_PP_} CLK 0.446567} {{u_cfg.g_live.read_pos_q\[9\]$_DFFE_PP_} CLK 0.446567} {{u_cfg.g_live.read_pos_q\[8\]$_DFFE_PP_} CLK 0.446567} {{u_cfg.g_live.read_pos_q\[7\]$_DFFE_PP_} CLK 0.446567} {{u_cfg.g_live.read_pos_q\[6\]$_DFFE_PP_} CLK 0.446567} {{u_cfg.g_live.read_pos_q\[5\]$_DFFE_PP_} CLK 0.446567} {{u_cfg.g_live.read_pos_q\[4\]$_DFFE_PP_} CLK 0.446567} {{u_cfg.g_live.read_pos_q\[3\]$_DFFE_PP_} CLK 0.446567} {{u_cfg.g_live.read_pos_q\[2\]$_DFFE_PP_} CLK 0.446567} {{u_cfg.g_live.read_pos_q\[20\]$_DFFE_PP_} CLK 0.446567} {{u_cfg.g_live.read_pos_q\[1\]$_DFFE_PP_} CLK 0.446567} {{u_cfg.g_live.read_pos_q\[19\]$_DFFE_PP_} CLK 0.446567} {{u_cfg.g_live.read_pos_q\[18\]$_DFFE_PP_} CLK 0.446567} {{u_cfg.g_live.read_pos_q\[17\]$_DFFE_PP_} CLK 0.446567} {{u_cfg.g_live.read_pos_q\[16\]$_DFFE_PP_} CLK 0.446567} {{u_cfg.g_live.read_pos_q\[15\]$_DFFE_PP_} CLK 0.446567} {{u_cfg.g_live.read_pos_q\[14\]$_DFFE_PP_} CLK 0.446567} {{u_cfg.g_live.read_pos_q\[13\]$_DFFE_PP_} CLK 0.446567} {{u_cfg.g_live.read_pos_q\[12\]$_DFFE_PP_} CLK 0.446567} {{u_cfg.g_live.read_pos_q\[11\]$_DFFE_PP_} CLK 0.446567} {{u_cfg.g_live.read_pos_q\[10\]$_DFFE_PP_} CLK 0.446567} {{u_cfg.g_live.read_pos_q\[0\]$_DFFE_PP_} CLK 0.446567} {{u_cfg.g_live.read_pending$_DFFE_PP_} CLK 0.446567} {{u_cfg.g_live.read_last$_DFFE_PP_} CLK 0.446567} {{u_cfg.g_live.read_block\[3\]$_DFFE_PP_} CLK 0.446567} {{u_cfg.g_live.read_block\[2\]$_DFFE_PP_} CLK 0.446567} {{u_cfg.g_live.read_block\[1\]$_DFFE_PP_} CLK 0.446567} {{u_cfg.g_live.read_block\[0\]$_DFFE_PP_} CLK 0.446567} {{u_cfg.g_live.read_bank\[3\]$_DFFE_PP_} CLK 0.446567} {{u_cfg.g_live.read_bank\[2\]$_DFFE_PP_} CLK 0.446567} {{u_cfg.g_live.read_bank\[1\]$_DFFE_PP_} CLK 0.446567} {{u_cfg.g_live.read_bank\[0\]$_DFFE_PP_} CLK 0.446567} {{u_cfg.g_live.poison$_SDFFCE_PN1P_} CLK 0.446567} {{u_cfg.g_live.pending_q\[9\]$_DFFE_PP_} CLK 0.446567} {{u_cfg.g_live.pending_q\[8\]$_DFFE_PP_} CLK 0.446567} {{u_cfg.g_live.pending_q\[81\]$_DFFE_PP_} CLK 0.446567} {{u_cfg.g_live.pending_q\[80\]$_DFFE_PP_} CLK 0.446567} {{u_cfg.g_live.pending_q\[7\]$_DFFE_PP_} CLK 0.446567} {{u_cfg.g_live.pending_q\[79\]$_DFFE_PP_} CLK 0.446567} {{u_cfg.g_live.pending_q\[78\]$_DFFE_PP_} CLK 0.446567} {{u_cfg.g_live.pending_q\[77\]$_DFFE_PP_} CLK 0.446567} {{u_cfg.g_live.pending_q\[76\]$_DFFE_PP_} CLK 0.446567} {{u_cfg.g_live.pending_q\[75\]$_DFFE_PP_} CLK 0.446567} {{u_cfg.g_live.pending_q\[74\]$_DFFE_PP_} CLK 0.446567} {{u_cfg.g_live.pending_q\[73\]$_DFFE_PP_} CLK 0.446567} {{u_cfg.g_live.pending_q\[72\]$_DFFE_PP_} CLK 0.446567} {{u_cfg.g_live.pending_q\[71\]$_DFFE_PP_} CLK 0.446567} {{u_cfg.g_live.pending_q\[70\]$_DFFE_PP_} CLK 0.446567} {{u_cfg.g_live.pending_q\[6\]$_DFFE_PP_} CLK 0.446567} {{u_cfg.g_live.pending_q\[69\]$_DFFE_PP_} CLK 0.446567} {{u_cfg.g_live.pending_q\[68\]$_DFFE_PP_} CLK 0.446567} {{u_cfg.g_live.pending_q\[67\]$_DFFE_PP_} CLK 0.446567} {{u_cfg.g_live.pending_q\[66\]$_DFFE_PP_} CLK 0.446567} {{u_cfg.g_live.pending_q\[65\]$_DFFE_PP_} CLK 0.446567} {{u_cfg.g_live.pending_q\[64\]$_DFFE_PP_} CLK 0.446567} {{u_cfg.g_live.pending_q\[63\]$_DFFE_PP_} CLK 0.446567} {{u_cfg.g_live.pending_q\[62\]$_DFFE_PP_} CLK 0.446567} {{u_cfg.g_live.pending_q\[61\]$_DFFE_PP_} CLK 0.446567} {{u_cfg.g_live.pending_q\[60\]$_DFFE_PP_} CLK 0.446567} {{u_cfg.g_live.pending_q\[5\]$_DFFE_PP_} CLK 0.446567} {{u_cfg.g_live.pending_q\[59\]$_DFFE_PP_} CLK 0.446567} {{u_cfg.g_live.pending_q\[58\]$_DFFE_PP_} CLK 0.446567} {{u_cfg.g_live.pending_q\[57\]$_DFFE_PP_} CLK 0.446567} {{u_cfg.g_live.pending_q\[56\]$_DFFE_PP_} CLK 0.446567} {{u_cfg.g_live.pending_q\[55\]$_DFFE_PP_} CLK 0.446567} {{u_cfg.g_live.pending_q\[54\]$_DFFE_PP_} CLK 0.446567} {{u_cfg.g_live.pending_q\[53\]$_DFFE_PP_} CLK 0.446567} {{u_cfg.g_live.pending_q\[52\]$_DFFE_PP_} CLK 0.446567} {{u_cfg.g_live.pending_q\[51\]$_DFFE_PP_} CLK 0.446567} {{u_cfg.g_live.pending_q\[50\]$_DFFE_PP_} CLK 0.446567} {{u_cfg.g_live.pending_q\[4\]$_DFFE_PP_} CLK 0.446567} {{u_cfg.g_live.pending_q\[49\]$_DFFE_PP_} CLK 0.446567} {{u_cfg.g_live.pending_q\[48\]$_DFFE_PP_} CLK 0.446567} {{u_cfg.g_live.pending_q\[47\]$_DFFE_PP_} CLK 0.446567} {{u_cfg.g_live.pending_q\[46\]$_DFFE_PP_} CLK 0.446567} {{u_cfg.g_live.pending_q\[45\]$_DFFE_PP_} CLK 0.446567} {{u_cfg.g_live.pending_q\[44\]$_DFFE_PP_} CLK 0.446567} {{u_cfg.g_live.pending_q\[43\]$_DFFE_PP_} CLK 0.446567} {{u_cfg.g_live.pending_q\[42\]$_DFFE_PP_} CLK 0.446567} {{u_cfg.g_live.pending_q\[41\]$_DFFE_PP_} CLK 0.446567} {{u_cfg.g_live.pending_q\[40\]$_DFFE_PP_} CLK 0.446567} {{u_cfg.g_live.pending_q\[3\]$_DFFE_PP_} CLK 0.446567} {{u_cfg.g_live.pending_q\[39\]$_DFFE_PP_} CLK 0.446567} {{u_cfg.g_live.pending_q\[38\]$_DFFE_PP_} CLK 0.446567} {{u_cfg.g_live.pending_q\[37\]$_DFFE_PP_} CLK 0.446567} {{u_cfg.g_live.pending_q\[36\]$_DFFE_PP_} CLK 0.446567} {{u_cfg.g_live.pending_q\[35\]$_DFFE_PP_} CLK 0.446567} {{u_cfg.g_live.pending_q\[34\]$_DFFE_PP_} CLK 0.446567} {{u_cfg.g_live.pending_q\[33\]$_DFFE_PP_} CLK 0.446567} {{u_cfg.g_live.pending_q\[32\]$_DFFE_PP_} CLK 0.446567} {{u_cfg.g_live.pending_q\[31\]$_DFFE_PP_} CLK 0.446567} {{u_cfg.g_live.pending_q\[30\]$_DFFE_PP_} CLK 0.446567} {{u_cfg.g_live.pending_q\[2\]$_DFFE_PP_} CLK 0.446567} {{u_cfg.g_live.pending_q\[29\]$_DFFE_PP_} CLK 0.446567} {{u_cfg.g_live.pending_q\[28\]$_DFFE_PP_} CLK 0.446567} {{u_cfg.g_live.pending_q\[27\]$_DFFE_PP_} CLK 0.446567} {{u_cfg.g_live.pending_q\[26\]$_DFFE_PP_} CLK 0.446567} {{u_cfg.g_live.pending_q\[25\]$_DFFE_PP_} CLK 0.446567} {{u_cfg.g_live.pending_q\[24\]$_DFFE_PP_} CLK 0.446567} {{u_cfg.g_live.pending_q\[23\]$_DFFE_PP_} CLK 0.446567} {{u_cfg.g_live.pending_q\[22\]$_DFFE_PP_} CLK 0.446567} {{u_cfg.g_live.pending_q\[21\]$_DFFE_PP_} CLK 0.446567} {{u_cfg.g_live.pending_q\[20\]$_DFFE_PP_} CLK 0.446567} {{u_cfg.g_live.pending_q\[1\]$_DFFE_PP_} CLK 0.446567} {{u_cfg.g_live.pending_q\[19\]$_DFFE_PP_} CLK 0.446567} {{u_cfg.g_live.pending_q\[18\]$_DFFE_PP_} CLK 0.446567} {{u_cfg.g_live.pending_q\[17\]$_DFFE_PP_} CLK 0.446567} {{u_cfg.g_live.pending_q\[16\]$_DFFE_PP_} CLK 0.446567} {{u_cfg.g_live.pending_q\[15\]$_DFFE_PP_} CLK 0.446567} {{u_cfg.g_live.pending_q\[14\]$_DFFE_PP_} CLK 0.446567} {{u_cfg.g_live.pending_q\[13\]$_DFFE_PP_} CLK 0.446567} {{u_cfg.g_live.pending_q\[12\]$_DFFE_PP_} CLK 0.446567} {{u_cfg.g_live.pending_q\[11\]$_DFFE_PP_} CLK 0.446567} {{u_cfg.g_live.pending_q\[10\]$_DFFE_PP_} CLK 0.446567} {{u_cfg.g_live.pending_q\[0\]$_DFFE_PP_} CLK 0.446567} {{u_cfg.g_live.pending_check\[9\]$_DFFE_PP_} CLK 0.446567} {{u_cfg.g_live.pending_check\[8\]$_DFFE_PP_} CLK 0.446567} {{u_cfg.g_live.pending_check\[81\]$_DFFE_PP_} CLK 0.446567} {{u_cfg.g_live.pending_check\[80\]$_DFFE_PP_} CLK 0.446567} {{u_cfg.g_live.pending_check\[7\]$_DFFE_PP_} CLK 0.446567} {{u_cfg.g_live.pending_check\[79\]$_DFFE_PP_} CLK 0.446567} {{u_cfg.g_live.pending_check\[78\]$_DFFE_PP_} CLK 0.446567} {{u_cfg.g_live.pending_check\[77\]$_DFFE_PP_} CLK 0.446567} {{u_cfg.g_live.pending_check\[76\]$_DFFE_PP_} CLK 0.446567} {{u_cfg.g_live.pending_check\[75\]$_DFFE_PP_} CLK 0.446567} {{u_cfg.g_live.pending_check\[74\]$_DFFE_PP_} CLK 0.446567} {{u_cfg.g_live.pending_check\[73\]$_DFFE_PP_} CLK 0.446567} {{u_cfg.g_live.pending_check\[72\]$_DFFE_PP_} CLK 0.446567} {{u_cfg.g_live.pending_check\[71\]$_DFFE_PP_} CLK 0.446567} {{u_cfg.g_live.pending_check\[70\]$_DFFE_PP_} CLK 0.446567} {{u_cfg.g_live.pending_check\[6\]$_DFFE_PP_} CLK 0.446567} {{u_cfg.g_live.pending_check\[69\]$_DFFE_PP_} CLK 0.446567} {{u_cfg.g_live.pending_check\[68\]$_DFFE_PP_} CLK 0.446567} {{u_cfg.g_live.pending_check\[67\]$_DFFE_PP_} CLK 0.446567} {{u_cfg.g_live.pending_check\[66\]$_DFFE_PP_} CLK 0.446567} {{u_cfg.g_live.pending_check\[65\]$_DFFE_PP_} CLK 0.446567} {{u_cfg.g_live.pending_check\[64\]$_DFFE_PP_} CLK 0.446567} {{u_cfg.g_live.pending_check\[63\]$_DFFE_PP_} CLK 0.446567} {{u_cfg.g_live.pending_check\[62\]$_DFFE_PP_} CLK 0.446567} {{u_cfg.g_live.pending_check\[61\]$_DFFE_PP_} CLK 0.446567} {{u_cfg.g_live.pending_check\[60\]$_DFFE_PP_} CLK 0.446567} {{u_cfg.g_live.pending_check\[5\]$_DFFE_PP_} CLK 0.446567} {{u_cfg.g_live.pending_check\[59\]$_DFFE_PP_} CLK 0.446567} {{u_cfg.g_live.pending_check\[58\]$_DFFE_PP_} CLK 0.446567} {{u_cfg.g_live.pending_check\[57\]$_DFFE_PP_} CLK 0.446567} {{u_cfg.g_live.pending_check\[56\]$_DFFE_PP_} CLK 0.446567} {{u_cfg.g_live.pending_check\[55\]$_DFFE_PP_} CLK 0.446567} {{u_cfg.g_live.pending_check\[54\]$_DFFE_PP_} CLK 0.446567} {{u_cfg.g_live.pending_check\[53\]$_DFFE_PP_} CLK 0.446567} {{u_cfg.g_live.pending_check\[52\]$_DFFE_PP_} CLK 0.446567} {{u_cfg.g_live.pending_check\[51\]$_DFFE_PP_} CLK 0.446567} {{u_cfg.g_live.pending_check\[50\]$_DFFE_PP_} CLK 0.446567} {{u_cfg.g_live.pending_check\[4\]$_DFFE_PP_} CLK 0.446567} {{u_cfg.g_live.pending_check\[49\]$_DFFE_PP_} CLK 0.446567} {{u_cfg.g_live.pending_check\[48\]$_DFFE_PP_} CLK 0.446567} {{u_cfg.g_live.pending_check\[47\]$_DFFE_PP_} CLK 0.446567} {{u_cfg.g_live.pending_check\[46\]$_DFFE_PP_} CLK 0.446567} {{u_cfg.g_live.pending_check\[45\]$_DFFE_PP_} CLK 0.446567} {{u_cfg.g_live.pending_check\[44\]$_DFFE_PP_} CLK 0.446567} {{u_cfg.g_live.pending_check\[43\]$_DFFE_PP_} CLK 0.446567} {{u_cfg.g_live.pending_check\[42\]$_DFFE_PP_} CLK 0.446567} {{u_cfg.g_live.pending_check\[41\]$_DFFE_PP_} CLK 0.446567} {{u_cfg.g_live.pending_check\[40\]$_DFFE_PP_} CLK 0.446567} {{u_cfg.g_live.pending_check\[3\]$_DFFE_PP_} CLK 0.446567} {{u_cfg.g_live.pending_check\[39\]$_DFFE_PP_} CLK 0.446567} {{u_cfg.g_live.pending_check\[38\]$_DFFE_PP_} CLK 0.446567} {{u_cfg.g_live.pending_check\[37\]$_DFFE_PP_} CLK 0.446567} {{u_cfg.g_live.pending_check\[36\]$_DFFE_PP_} CLK 0.446567} {{u_cfg.g_live.pending_check\[35\]$_DFFE_PP_} CLK 0.446567} {{u_cfg.g_live.pending_check\[34\]$_DFFE_PP_} CLK 0.446567} {{u_cfg.g_live.pending_check\[33\]$_DFFE_PP_} CLK 0.446567} {{u_cfg.g_live.pending_check\[32\]$_DFFE_PP_} CLK 0.446567} {{u_cfg.g_live.pending_check\[31\]$_DFFE_PP_} CLK 0.446567} {{u_cfg.g_live.pending_check\[30\]$_DFFE_PP_} CLK 0.446567} {{u_cfg.g_live.pending_check\[2\]$_DFFE_PP_} CLK 0.446567} {{u_cfg.g_live.pending_check\[29\]$_DFFE_PP_} CLK 0.446567} {{u_cfg.g_live.pending_check\[28\]$_DFFE_PP_} CLK 0.446567} {{u_cfg.g_live.pending_check\[27\]$_DFFE_PP_} CLK 0.446567} {{u_cfg.g_live.pending_check\[26\]$_DFFE_PP_} CLK 0.446567} {{u_cfg.g_live.pending_check\[25\]$_DFFE_PP_} CLK 0.446567} {{u_cfg.g_live.pending_check\[24\]$_DFFE_PP_} CLK 0.446567} {{u_cfg.g_live.pending_check\[23\]$_DFFE_PP_} CLK 0.446567} {{u_cfg.g_live.pending_check\[22\]$_DFFE_PP_} CLK 0.446567} {{u_cfg.g_live.pending_check\[21\]$_DFFE_PP_} CLK 0.446567} {{u_cfg.g_live.pending_check\[20\]$_DFFE_PP_} CLK 0.446567} {{u_cfg.g_live.pending_check\[1\]$_DFFE_PP_} CLK 0.446567} {{u_cfg.g_live.pending_check\[19\]$_DFFE_PP_} CLK 0.446567} {{u_cfg.g_live.pending_check\[18\]$_DFFE_PP_} CLK 0.446567} {{u_cfg.g_live.pending_check\[17\]$_DFFE_PP_} CLK 0.446567} {{u_cfg.g_live.pending_check\[16\]$_DFFE_PP_} CLK 0.446567} {{u_cfg.g_live.pending_check\[15\]$_DFFE_PP_} CLK 0.446567} {{u_cfg.g_live.pending_check\[14\]$_DFFE_PP_} CLK 0.446567} {{u_cfg.g_live.pending_check\[13\]$_DFFE_PP_} CLK 0.446567} {{u_cfg.g_live.pending_check\[12\]$_DFFE_PP_} CLK 0.446567} {{u_cfg.g_live.pending_check\[11\]$_DFFE_PP_} CLK 0.446567} {{u_cfg.g_live.pending_check\[10\]$_DFFE_PP_} CLK 0.446567} {{u_cfg.g_live.pending_check\[0\]$_DFFE_PP_} CLK 0.446567} {{u_cfg.g_live.g_bank\[9\].u_prompt} clk 8.683800} {{u_cfg.g_live.g_bank\[8\].u_prompt} clk 8.683800} {{u_cfg.g_live.g_bank\[7\].u_prompt} clk 8.683800} {{u_cfg.g_live.g_bank\[6\].u_prompt} clk 8.683800} {{u_cfg.g_live.g_bank\[5\].u_prompt} clk 8.683800} {{u_cfg.g_live.g_bank\[4\].u_prompt} clk 8.683800} {{u_cfg.g_live.g_bank\[3\].u_prompt} clk 8.683800} {{u_cfg.g_live.g_bank\[2\].u_prompt} clk 8.683800} {{u_cfg.g_live.g_bank\[1\].u_prompt} clk 8.683800} {{u_cfg.g_live.g_bank\[13\].u_prompt} clk 8.683800} {{u_cfg.g_live.g_bank\[12\].u_prompt} clk 8.683800} {{u_cfg.g_live.g_bank\[11\].u_prompt} clk 8.683800} {{u_cfg.g_live.g_bank\[10\].u_prompt} clk 8.683800} {{u_cfg.g_live.g_bank\[0\].u_prompt} clk 8.683800} {{u_cfg.g_live.config_q\[9\]$_DFFE_PP_} CLK 0.446567} {{u_cfg.g_live.config_q\[8\]$_DFFE_PP_} CLK 0.446567} {{u_cfg.g_live.config_q\[81\]$_DFFE_PP_} CLK 0.446567} {{u_cfg.g_live.config_q\[80\]$_DFFE_PP_} CLK 0.446567} {{u_cfg.g_live.config_q\[7\]$_DFFE_PP_} CLK 0.446567} {{u_cfg.g_live.config_q\[79\]$_DFFE_PP_} CLK 0.446567} {{u_cfg.g_live.config_q\[78\]$_DFFE_PP_} CLK 0.446567} {{u_cfg.g_live.config_q\[77\]$_DFFE_PP_} CLK 0.446567} {{u_cfg.g_live.config_q\[76\]$_DFFE_PP_} CLK 0.446567} {{u_cfg.g_live.config_q\[75\]$_DFFE_PP_} CLK 0.446567} {{u_cfg.g_live.config_q\[74\]$_DFFE_PP_} CLK 0.446567} {{u_cfg.g_live.config_q\[73\]$_DFFE_PP_} CLK 0.446567} {{u_cfg.g_live.config_q\[72\]$_DFFE_PP_} CLK 0.446567} {{u_cfg.g_live.config_q\[71\]$_DFFE_PP_} CLK 0.446567} {{u_cfg.g_live.config_q\[70\]$_DFFE_PP_} CLK 0.446567} {{u_cfg.g_live.config_q\[6\]$_DFFE_PP_} CLK 0.446567} {{u_cfg.g_live.config_q\[69\]$_DFFE_PP_} CLK 0.446567} {{u_cfg.g_live.config_q\[68\]$_DFFE_PP_} CLK 0.446567} {{u_cfg.g_live.config_q\[67\]$_DFFE_PP_} CLK 0.446567} {{u_cfg.g_live.config_q\[66\]$_DFFE_PP_} CLK 0.446567} {{u_cfg.g_live.config_q\[65\]$_DFFE_PP_} CLK 0.446567} {{u_cfg.g_live.config_q\[64\]$_DFFE_PP_} CLK 0.446567} {{u_cfg.g_live.config_q\[63\]$_DFFE_PP_} CLK 0.446567} {{u_cfg.g_live.config_q\[62\]$_DFFE_PP_} CLK 0.446567} {{u_cfg.g_live.config_q\[61\]$_DFFE_PP_} CLK 0.446567} {{u_cfg.g_live.config_q\[60\]$_DFFE_PP_} CLK 0.446567} {{u_cfg.g_live.config_q\[5\]$_DFFE_PP_} CLK 0.446567} {{u_cfg.g_live.config_q\[59\]$_DFFE_PP_} CLK 0.446567} {{u_cfg.g_live.config_q\[58\]$_DFFE_PP_} CLK 0.446567} {{u_cfg.g_live.config_q\[57\]$_DFFE_PP_} CLK 0.446567} {{u_cfg.g_live.config_q\[56\]$_DFFE_PP_} CLK 0.446567} {{u_cfg.g_live.config_q\[55\]$_DFFE_PP_} CLK 0.446567} {{u_cfg.g_live.config_q\[54\]$_DFFE_PP_} CLK 0.446567} {{u_cfg.g_live.config_q\[53\]$_DFFE_PP_} CLK 0.446567} {{u_cfg.g_live.config_q\[52\]$_DFFE_PP_} CLK 0.446567} {{u_cfg.g_live.config_q\[51\]$_DFFE_PP_} CLK 0.446567} {{u_cfg.g_live.config_q\[50\]$_DFFE_PP_} CLK 0.446567} {{u_cfg.g_live.config_q\[4\]$_DFFE_PP_} CLK 0.446567} {{u_cfg.g_live.config_q\[49\]$_DFFE_PP_} CLK 0.446567} {{u_cfg.g_live.config_q\[48\]$_DFFE_PP_} CLK 0.446567} {{u_cfg.g_live.config_q\[47\]$_DFFE_PP_} CLK 0.446567} {{u_cfg.g_live.config_q\[46\]$_DFFE_PP_} CLK 0.446567} {{u_cfg.g_live.config_q\[45\]$_DFFE_PP_} CLK 0.446567} {{u_cfg.g_live.config_q\[44\]$_DFFE_PP_} CLK 0.446567} {{u_cfg.g_live.config_q\[43\]$_DFFE_PP_} CLK 0.446567} {{u_cfg.g_live.config_q\[42\]$_DFFE_PP_} CLK 0.446567} {{u_cfg.g_live.config_q\[41\]$_DFFE_PP_} CLK 0.446567} {{u_cfg.g_live.config_q\[40\]$_DFFE_PP_} CLK 0.446567} {{u_cfg.g_live.config_q\[3\]$_DFFE_PP_} CLK 0.446567} {{u_cfg.g_live.config_q\[39\]$_DFFE_PP_} CLK 0.446567} {{u_cfg.g_live.config_q\[38\]$_DFFE_PP_} CLK 0.446567} {{u_cfg.g_live.config_q\[37\]$_DFFE_PP_} CLK 0.446567} {{u_cfg.g_live.config_q\[36\]$_DFFE_PP_} CLK 0.446567} {{u_cfg.g_live.config_q\[35\]$_DFFE_PP_} CLK 0.446567} {{u_cfg.g_live.config_q\[34\]$_DFFE_PP_} CLK 0.446567} {{u_cfg.g_live.config_q\[33\]$_DFFE_PP_} CLK 0.446567} {{u_cfg.g_live.config_q\[32\]$_DFFE_PP_} CLK 0.446567} {{u_cfg.g_live.config_q\[31\]$_DFFE_PP_} CLK 0.446567} {{u_cfg.g_live.config_q\[30\]$_DFFE_PP_} CLK 0.446567} {{u_cfg.g_live.config_q\[2\]$_DFFE_PP_} CLK 0.446567} {{u_cfg.g_live.config_q\[29\]$_DFFE_PP_} CLK 0.446567} {{u_cfg.g_live.config_q\[28\]$_DFFE_PP_} CLK 0.446567} {{u_cfg.g_live.config_q\[27\]$_DFFE_PP_} CLK 0.446567} {{u_cfg.g_live.config_q\[26\]$_DFFE_PP_} CLK 0.446567} {{u_cfg.g_live.config_q\[25\]$_DFFE_PP_} CLK 0.446567} {{u_cfg.g_live.config_q\[24\]$_DFFE_PP_} CLK 0.446567} {{u_cfg.g_live.config_q\[23\]$_DFFE_PP_} CLK 0.446567} {{u_cfg.g_live.config_q\[22\]$_DFFE_PP_} CLK 0.446567} {{u_cfg.g_live.config_q\[21\]$_DFFE_PP_} CLK 0.446567} {{u_cfg.g_live.config_q\[20\]$_DFFE_PP_} CLK 0.446567} {{u_cfg.g_live.config_q\[1\]$_DFFE_PP_} CLK 0.446567} {{u_cfg.g_live.config_q\[19\]$_DFFE_PP_} CLK 0.446567} {{u_cfg.g_live.config_q\[18\]$_DFFE_PP_} CLK 0.446567} {{u_cfg.g_live.config_q\[17\]$_DFFE_PP_} CLK 0.446567} {{u_cfg.g_live.config_q\[16\]$_DFFE_PP_} CLK 0.446567} {{u_cfg.g_live.config_q\[15\]$_DFFE_PP_} CLK 0.446567} {{u_cfg.g_live.config_q\[14\]$_DFFE_PP_} CLK 0.446567} {{u_cfg.g_live.config_q\[13\]$_DFFE_PP_} CLK 0.446567} {{u_cfg.g_live.config_q\[12\]$_DFFE_PP_} CLK 0.446567} {{u_cfg.g_live.config_q\[11\]$_DFFE_PP_} CLK 0.446567} {{u_cfg.g_live.config_q\[10\]$_DFFE_PP_} CLK 0.446567} {{u_cfg.g_live.config_q\[0\]$_DFFE_PP_} CLK 0.446567} {{u_cfg.g_live.config_check\[9\]$_DFFE_PP_} CLK 0.446567} {{u_cfg.g_live.config_check\[8\]$_DFFE_PP_} CLK 0.446567} {{u_cfg.g_live.config_check\[81\]$_DFFE_PP_} CLK 0.446567} {{u_cfg.g_live.config_check\[80\]$_DFFE_PP_} CLK 0.446567} {{u_cfg.g_live.config_check\[7\]$_DFFE_PP_} CLK 0.446567} {{u_cfg.g_live.config_check\[79\]$_DFFE_PP_} CLK 0.446567} {{u_cfg.g_live.config_check\[78\]$_DFFE_PP_} CLK 0.446567} {{u_cfg.g_live.config_check\[77\]$_DFFE_PP_} CLK 0.446567} {{u_cfg.g_live.config_check\[76\]$_DFFE_PP_} CLK 0.446567} {{u_cfg.g_live.config_check\[75\]$_DFFE_PP_} CLK 0.446567} {{u_cfg.g_live.config_check\[74\]$_DFFE_PP_} CLK 0.446567} {{u_cfg.g_live.config_check\[73\]$_DFFE_PP_} CLK 0.446567} {{u_cfg.g_live.config_check\[72\]$_DFFE_PP_} CLK 0.446567} {{u_cfg.g_live.config_check\[71\]$_DFFE_PP_} CLK 0.446567} {{u_cfg.g_live.config_check\[70\]$_DFFE_PP_} CLK 0.446567} {{u_cfg.g_live.config_check\[6\]$_DFFE_PP_} CLK 0.446567} {{u_cfg.g_live.config_check\[69\]$_DFFE_PP_} CLK 0.446567} {{u_cfg.g_live.config_check\[68\]$_DFFE_PP_} CLK 0.446567} {{u_cfg.g_live.config_check\[67\]$_DFFE_PP_} CLK 0.446567} {{u_cfg.g_live.config_check\[66\]$_DFFE_PP_} CLK 0.446567} {{u_cfg.g_live.config_check\[65\]$_DFFE_PP_} CLK 0.446567} {{u_cfg.g_live.config_check\[64\]$_DFFE_PP_} CLK 0.446567} {{u_cfg.g_live.config_check\[63\]$_DFFE_PP_} CLK 0.446567} {{u_cfg.g_live.config_check\[62\]$_DFFE_PP_} CLK 0.446567} {{u_cfg.g_live.config_check\[61\]$_DFFE_PP_} CLK 0.446567} {{u_cfg.g_live.config_check\[60\]$_DFFE_PP_} CLK 0.446567} {{u_cfg.g_live.config_check\[5\]$_DFFE_PP_} CLK 0.446567} {{u_cfg.g_live.config_check\[59\]$_DFFE_PP_} CLK 0.446567} {{u_cfg.g_live.config_check\[58\]$_DFFE_PP_} CLK 0.446567} {{u_cfg.g_live.config_check\[57\]$_DFFE_PP_} CLK 0.446567} {{u_cfg.g_live.config_check\[56\]$_DFFE_PP_} CLK 0.446567} {{u_cfg.g_live.config_check\[55\]$_DFFE_PP_} CLK 0.446567} {{u_cfg.g_live.config_check\[54\]$_DFFE_PP_} CLK 0.446567} {{u_cfg.g_live.config_check\[53\]$_DFFE_PP_} CLK 0.446567} {{u_cfg.g_live.config_check\[52\]$_DFFE_PP_} CLK 0.446567} {{u_cfg.g_live.config_check\[51\]$_DFFE_PP_} CLK 0.446567} {{u_cfg.g_live.config_check\[50\]$_DFFE_PP_} CLK 0.446567} {{u_cfg.g_live.config_check\[4\]$_DFFE_PP_} CLK 0.446567} {{u_cfg.g_live.config_check\[49\]$_DFFE_PP_} CLK 0.446567} {{u_cfg.g_live.config_check\[48\]$_DFFE_PP_} CLK 0.446567} {{u_cfg.g_live.config_check\[47\]$_DFFE_PP_} CLK 0.446567} {{u_cfg.g_live.config_check\[46\]$_DFFE_PP_} CLK 0.446567} {{u_cfg.g_live.config_check\[45\]$_DFFE_PP_} CLK 0.446567} {{u_cfg.g_live.config_check\[44\]$_DFFE_PP_} CLK 0.446567} {{u_cfg.g_live.config_check\[43\]$_DFFE_PP_} CLK 0.446567} {{u_cfg.g_live.config_check\[42\]$_DFFE_PP_} CLK 0.446567} {{u_cfg.g_live.config_check\[41\]$_DFFE_PP_} CLK 0.446567} {{u_cfg.g_live.config_check\[40\]$_DFFE_PP_} CLK 0.446567} {{u_cfg.g_live.config_check\[3\]$_DFFE_PP_} CLK 0.446567} {{u_cfg.g_live.config_check\[39\]$_DFFE_PP_} CLK 0.446567} {{u_cfg.g_live.config_check\[38\]$_DFFE_PP_} CLK 0.446567} {{u_cfg.g_live.config_check\[37\]$_DFFE_PP_} CLK 0.446567} {{u_cfg.g_live.config_check\[36\]$_DFFE_PP_} CLK 0.446567} {{u_cfg.g_live.config_check\[35\]$_DFFE_PP_} CLK 0.446567} {{u_cfg.g_live.config_check\[34\]$_DFFE_PP_} CLK 0.446567} {{u_cfg.g_live.config_check\[33\]$_DFFE_PP_} CLK 0.446567} {{u_cfg.g_live.config_check\[32\]$_DFFE_PP_} CLK 0.446567} {{u_cfg.g_live.config_check\[31\]$_DFFE_PP_} CLK 0.446567} {{u_cfg.g_live.config_check\[30\]$_DFFE_PP_} CLK 0.446567} {{u_cfg.g_live.config_check\[2\]$_DFFE_PP_} CLK 0.446567} {{u_cfg.g_live.config_check\[29\]$_DFFE_PP_} CLK 0.446567} {{u_cfg.g_live.config_check\[28\]$_DFFE_PP_} CLK 0.446567} {{u_cfg.g_live.config_check\[27\]$_DFFE_PP_} CLK 0.446567} {{u_cfg.g_live.config_check\[26\]$_DFFE_PP_} CLK 0.446567} {{u_cfg.g_live.config_check\[25\]$_DFFE_PP_} CLK 0.446567} {{u_cfg.g_live.config_check\[24\]$_DFFE_PP_} CLK 0.446567} {{u_cfg.g_live.config_check\[23\]$_DFFE_PP_} CLK 0.446567} {{u_cfg.g_live.config_check\[22\]$_DFFE_PP_} CLK 0.446567} {{u_cfg.g_live.config_check\[21\]$_DFFE_PP_} CLK 0.446567} {{u_cfg.g_live.config_check\[20\]$_DFFE_PP_} CLK 0.446567} {{u_cfg.g_live.config_check\[1\]$_DFFE_PP_} CLK 0.446567} {{u_cfg.g_live.config_check\[19\]$_DFFE_PP_} CLK 0.446567} {{u_cfg.g_live.config_check\[18\]$_DFFE_PP_} CLK 0.446567} {{u_cfg.g_live.config_check\[17\]$_DFFE_PP_} CLK 0.446567} {{u_cfg.g_live.config_check\[16\]$_DFFE_PP_} CLK 0.446567} {{u_cfg.g_live.config_check\[15\]$_DFFE_PP_} CLK 0.446567} {{u_cfg.g_live.config_check\[14\]$_DFFE_PP_} CLK 0.446567} {{u_cfg.g_live.config_check\[13\]$_DFFE_PP_} CLK 0.446567} {{u_cfg.g_live.config_check\[12\]$_DFFE_PP_} CLK 0.446567} {{u_cfg.g_live.config_check\[11\]$_DFFE_PP_} CLK 0.446567} {{u_cfg.g_live.config_check\[10\]$_DFFE_PP_} CLK 0.446567} {{u_cfg.g_live.config_check\[0\]$_DFFE_PP_} CLK 0.446567} {{u_cfg.g_live.clear_row\[9\]$_DFFE_PP_} CLK 0.446567} {{u_cfg.g_live.clear_row\[8\]$_DFFE_PP_} CLK 0.446567} {{u_cfg.g_live.clear_row\[7\]$_DFFE_PP_} CLK 0.446567} {{u_cfg.g_live.clear_row\[6\]$_DFFE_PP_} CLK 0.446567} {{u_cfg.g_live.clear_row\[5\]$_DFFE_PP_} CLK 0.446567} {{u_cfg.g_live.clear_row\[4\]$_DFFE_PP_} CLK 0.446567} {{u_cfg.g_live.clear_row\[3\]$_DFFE_PP_} CLK 0.446567} {{u_cfg.g_live.clear_row\[2\]$_DFFE_PP_} CLK 0.446567} {{u_cfg.g_live.clear_row\[1\]$_DFFE_PP_} CLK 0.446567} {{u_cfg.g_live.clear_row\[12\]$_DFFE_PP_} CLK 0.446567} {{u_cfg.g_live.clear_row\[11\]$_DFFE_PP_} CLK 0.446567} {{u_cfg.g_live.clear_row\[10\]$_DFFE_PP_} CLK 0.446567} {{u_cfg.g_live.clear_row\[0\]$_DFFE_PP_} CLK 0.446567} {{u_cfg.g_live.clear_check\[9\]$_DFFE_PP_} CLK 0.446567} {{u_cfg.g_live.clear_check\[8\]$_DFFE_PP_} CLK 0.446567} {{u_cfg.g_live.clear_check\[7\]$_DFFE_PP_} CLK 0.446567} {{u_cfg.g_live.clear_check\[6\]$_DFFE_PP_} CLK 0.446567} {{u_cfg.g_live.clear_check\[5\]$_DFFE_PP_} CLK 0.446567} {{u_cfg.g_live.clear_check\[4\]$_DFFE_PP_} CLK 0.446567} {{u_cfg.g_live.clear_check\[3\]$_DFFE_PP_} CLK 0.446567} {{u_cfg.g_live.clear_check\[2\]$_DFFE_PP_} CLK 0.446567} {{u_cfg.g_live.clear_check\[1\]$_DFFE_PP_} CLK 0.446567} {{u_cfg.g_live.clear_check\[12\]$_DFFE_PP_} CLK 0.446567} {{u_cfg.g_live.clear_check\[11\]$_DFFE_PP_} CLK 0.446567} {{u_cfg.g_live.clear_check\[10\]$_DFFE_PP_} CLK 0.446567} {{u_cfg.g_live.clear_check\[0\]$_DFFE_PP_} CLK 0.446567} {{u_cfg.active$_DFFE_PP_} CLK 0.446567}	
INPUT	cmd_block[0]	cmd_block[0]	1.9952480000000001	{_12017_ A 0.547046} {_11935_ A 0.547046} {_11784_ B 0.901156}	
INPUT	cmd_block[1]	cmd_block[1]	2.661106	{_12016_ A 0.547046} {_11934_ A 0.547046} {_11890_ A 0.783507} {_11784_ A 0.783507}	
INPUT	cmd_block[2]	cmd_block[2]	1.995469	{_12015_ A 0.547046} {_11933_ A 0.547046} {_11783_ A 0.901377}	
INPUT	cmd_block[3]	cmd_block[3]	2.854039	{_12014_ A 0.547046} {_11932_ A 0.547046} {_11890_ B 0.901156} {_11783_ B 0.858791}	
INPUT	cmd_entry[0]	cmd_entry[0]	0.515291	{_16736_ D 0.515291}	
INPUT	cmd_entry[10]	cmd_entry[10]	0.497947	{_16733_ C 0.497947}	
INPUT	cmd_entry[11]	cmd_entry[11]	0.483058	{_16734_ A 0.483058}	
INPUT	cmd_entry[12]	cmd_entry[12]	0.553988	{_16733_ A 0.553988}	
INPUT	cmd_entry[13]	cmd_entry[13]	0.503481	{_16733_ B 0.503481}	
INPUT	cmd_entry[1]	cmd_entry[1]	0.483058	{_16738_ A 0.483058}	
INPUT	cmd_entry[2]	cmd_entry[2]	0.924352	{_16737_ B 0.924352}	
INPUT	cmd_entry[3]	cmd_entry[3]	0.924899	{_16737_ A 0.924899}	
INPUT	cmd_entry[4]	cmd_entry[4]	0.515291	{_16733_ D 0.515291}	
INPUT	cmd_entry[5]	cmd_entry[5]	0.497947	{_16736_ C 0.497947}	
INPUT	cmd_entry[6]	cmd_entry[6]	0.424912	{_16734_ D 0.424912}	
INPUT	cmd_entry[7]	cmd_entry[7]	0.503481	{_16736_ B 0.503481}	
INPUT	cmd_entry[8]	cmd_entry[8]	0.428503	{_16734_ B 0.428503}	
INPUT	cmd_entry[9]	cmd_entry[9]	0.425076	{_16734_ C 0.425076}	
INPUT	cmd_epoch[0]	cmd_epoch[0]	1.78369	{_20186_ B 0.858791} {_17058_ A 0.924899}	
INPUT	cmd_epoch[10]	cmd_epoch[10]	1.78369	{_20180_ B 0.858791} {_17026_ A 0.924899}	
INPUT	cmd_epoch[11]	cmd_epoch[11]	1.78369	{_20179_ B 0.858791} {_17023_ A 0.924899}	
INPUT	cmd_epoch[12]	cmd_epoch[12]	1.78369	{_20185_ B 0.858791} {_17020_ A 0.924899}	
INPUT	cmd_epoch[13]	cmd_epoch[13]	1.78369	{_20187_ B 0.858791} {_17017_ A 0.924899}	
INPUT	cmd_epoch[14]	cmd_epoch[14]	1.78369	{_20192_ B 0.858791} {_17014_ A 0.924899}	
INPUT	cmd_epoch[15]	cmd_epoch[15]	1.78369	{_20190_ B 0.858791} {_17011_ A 0.924899}	
INPUT	cmd_epoch[1]	cmd_epoch[1]	1.78369	{_20181_ B 0.858791} {_17055_ A 0.924899}	
INPUT	cmd_epoch[2]	cmd_epoch[2]	1.78369	{_20175_ B 0.858791} {_17052_ A 0.924899}	
INPUT	cmd_epoch[3]	cmd_epoch[3]	1.78369	{_20177_ B 0.858791} {_17048_ A 0.924899}	
INPUT	cmd_epoch[4]	cmd_epoch[4]	1.78369	{_20191_ B 0.858791} {_17045_ A 0.924899}	
INPUT	cmd_epoch[5]	cmd_epoch[5]	1.78369	{_20193_ B 0.858791} {_17042_ A 0.924899}	
INPUT	cmd_epoch[6]	cmd_epoch[6]	1.78369	{_20188_ B 0.858791} {_17039_ A 0.924899}	
INPUT	cmd_epoch[7]	cmd_epoch[7]	1.78369	{_20176_ B 0.858791} {_17036_ A 0.924899}	
INPUT	cmd_epoch[8]	cmd_epoch[8]	1.78369	{_20178_ B 0.858791} {_17032_ A 0.924899}	
INPUT	cmd_epoch[9]	cmd_epoch[9]	1.78369	{_20182_ B 0.858791} {_17029_ A 0.924899}	
INPUT	cmd_op[0]	cmd_op[0]	3.212946	{_20427_ A1 0.514506} {_20199_ A1 0.464106} {_20198_ B 1.166640} {_17508_ A 0.552403} {_11417_ D 0.515291}	
INPUT	cmd_op[1]	cmd_op[1]	1.55435	{_17508_ B 0.510941} {_16735_ A 0.578766} {_11411_ A 0.464643}	
INPUT	cmd_pos[0]	cmd_pos[0]	2.766194	{_16815_ A 0.549179} {_16746_ B 0.504309} {_16698_ A1 0.347415} {_11779_ A 0.506500} {_11765_ B 0.858791}	
INPUT	cmd_pos[10]	cmd_pos[10]	4.150084	{_16766_ A 0.555594} {_16713_ A 0.447496} {_12003_ A 0.447496} {_11920_ B 0.511133} {_11859_ A 0.783507} {_11762_ A 0.901377} {_11422_ B 0.503481}	
INPUT	cmd_pos[11]	cmd_pos[11]	0.5065	{_11413_ A 0.506500}	
INPUT	cmd_pos[12]	cmd_pos[12]	0.5065	{_11421_ A 0.506500}	
INPUT	cmd_pos[13]	cmd_pos[13]	4.219074	{_16716_ B 0.525341} {_16712_ B2 0.459645} {_12000_ A 0.447496} {_11916_ B 0.511133} {_11863_ A 0.901377} {_11759_ B 0.858791} {_11422_ D 0.515291}	
INPUT	cmd_pos[14]	cmd_pos[14]	0.5065	{_11414_ A 0.506500}	
INPUT	cmd_pos[15]	cmd_pos[15]	4.084087	{_16783_ A 0.783507} {_16726_ C 0.425076} {_16720_ A 0.555594} {_11998_ A 0.447496} {_11913_ B 0.511133} {_11752_ B 0.858791} {_11425_ C 0.502490}	
INPUT	cmd_pos[16]	cmd_pos[16]	4.207203	{_16777_ A 0.901377} {_16726_ B 0.428503} {_16721_ A 0.555594} {_11997_ A 0.447496} {_11912_ B 0.511133} {_11755_ B 0.858791} {_11425_ B 0.504309}	
INPUT	cmd_pos[17]	cmd_pos[17]	0.5065	{_11415_ A 0.506500}	
INPUT	cmd_pos[18]	cmd_pos[18]	0.5065	{_11416_ A 0.506500}	
INPUT	cmd_pos[19]	cmd_pos[19]	3.6276100000000002	{_16755_ A 0.783507} {_16724_ A 0.555594} {_11993_ A 0.447496} {_11909_ B 0.511133} {_11771_ A 0.901377} {_11418_ B 0.428503}	
INPUT	cmd_pos[1]	cmd_pos[1]	0.5065	{_11746_ A 0.506500}	
INPUT	cmd_pos[20]	cmd_pos[20]	4.553580999999999	{_16749_ A 0.901377} {_16725_ A1 0.508331} {_11992_ A 0.447496} {_11908_ B 0.511133} {_11879_ A 0.901377} {_11771_ B 0.858791} {_11418_ C 0.425076}	
INPUT	cmd_pos[2]	cmd_pos[2]	0.9711429999999999	{_16699_ A 0.464643} {_11743_ A 0.506500}	
INPUT	cmd_pos[3]	cmd_pos[3]	0.5065	{_11412_ A 0.506500}	
INPUT	cmd_pos[4]	cmd_pos[4]	0.5065	{_11424_ A 0.506500}	
INPUT	cmd_pos[5]	cmd_pos[5]	4.289656	{_16804_ A 0.783507} {_16704_ A 0.555594} {_12009_ A 0.447496} {_11925_ B 0.511133} {_11842_ A 0.783507} {_11766_ A 0.783507} {_11423_ D 0.424912}	
INPUT	cmd_pos[6]	cmd_pos[6]	0.5065	{_11420_ A 0.506500}	
INPUT	cmd_pos[7]	cmd_pos[7]	3.585024	{_16796_ A 0.783507} {_16706_ A 0.555594} {_12006_ A 0.447496} {_11923_ B 0.511133} {_11761_ B 0.858791} {_11423_ B 0.428503}	
INPUT	cmd_pos[8]	cmd_pos[8]	0.5065	{_11419_ A 0.506500}	
INPUT	cmd_pos[9]	cmd_pos[9]	4.100231	{_16710_ A1 0.508331} {_16708_ C 0.375156} {_12004_ A 0.447496} {_11921_ B 0.511133} {_11864_ A 0.901377} {_11762_ B 0.858791} {_11422_ C 0.497947}	
OUTPUT	cmd_ready	cmd_ready	1.001021	{_20428_ B 0.511133} {_11739_ B 0.489888}	{_11738_ Y NOR2x1_ASAP7_75t_R}
INPUT	cmd_token[0]	cmd_token[0]	0.5065	{_11857_ A 0.506500}	
INPUT	cmd_token[10]	cmd_token[10]	0.5065	{_11828_ A 0.506500}	
INPUT	cmd_token[11]	cmd_token[11]	1.54433	{_16714_ B 1.037830} {_11792_ A 0.506500}	
INPUT	cmd_token[12]	cmd_token[12]	0.5065	{_11795_ A 0.506500}	
INPUT	cmd_token[13]	cmd_token[13]	0.5065	{_11791_ A 0.506500}	
INPUT	cmd_token[14]	cmd_token[14]	0.5065	{_11787_ A 0.506500}	
INPUT	cmd_token[15]	cmd_token[15]	0.5065	{_11803_ A 0.506500}	
INPUT	cmd_token[16]	cmd_token[16]	0.5065	{_11798_ A 0.506500}	
INPUT	cmd_token[17]	cmd_token[17]	0.5065	{_11799_ A 0.506500}	
INPUT	cmd_token[18]	cmd_token[18]	0.5065	{_11805_ A 0.506500}	
INPUT	cmd_token[19]	cmd_token[19]	0.5065	{_11806_ A 0.506500}	
INPUT	cmd_token[1]	cmd_token[1]	0.5065	{_11848_ A 0.506500}	
INPUT	cmd_token[20]	cmd_token[20]	0.5065	{_11796_ A 0.506500}	
INPUT	cmd_token[2]	cmd_token[2]	0.9933209999999999	{_16699_ B 0.486821} {_11851_ A 0.506500}	
INPUT	cmd_token[3]	cmd_token[3]	0.5065	{_11847_ A 0.506500}	
INPUT	cmd_token[4]	cmd_token[4]	0.5065	{_11816_ A 0.506500}	
INPUT	cmd_token[5]	cmd_token[5]	0.5065	{_11817_ A 0.506500}	
INPUT	cmd_token[6]	cmd_token[6]	0.5065	{_11813_ A 0.506500}	
INPUT	cmd_token[7]	cmd_token[7]	0.5065	{_11814_ A 0.506500}	
INPUT	cmd_token[8]	cmd_token[8]	0.5065	{_11825_ A 0.506500}	
INPUT	cmd_token[9]	cmd_token[9]	0.5065	{_11826_ A 0.506500}	
INPUT	cmd_user[0]	cmd_user[0]	0.5065	{_11396_ A 0.506500}	
INPUT	cmd_user[1]	cmd_user[1]	0.5065	{_11391_ A 0.506500}	
INPUT	cmd_user[2]	cmd_user[2]	0.5065	{_11386_ A 0.506500}	
INPUT	cmd_user[3]	cmd_user[3]	3.7442280000000006	{_17175_ A 0.924899} {_11988_ A 0.447496} {_11903_ B 0.511133} {_11754_ A 0.783507} {_11405_ A 0.549179} {_11385_ A2 0.528014}	
INPUT	cmd_user[4]	cmd_user[4]	0.5065	{_11376_ A 0.506500}	
INPUT	cmd_user[5]	cmd_user[5]	0.5065	{_11403_ A 0.506500}	
INPUT	cmd_user[6]	cmd_user[6]	0.931576	{_16731_ C 0.425076} {_11404_ A 0.506500}	
INPUT	cmd_user[7]	cmd_user[7]	0.9895579999999999	{_16731_ A 0.483058} {_11402_ A 0.506500}	
INPUT	cmd_user[8]	cmd_user[8]	0.9933209999999999	{_16730_ B 0.486821} {_11408_ A 0.506500}	
INPUT	cmd_user[9]	cmd_user[9]	0.9711429999999999	{_16730_ A 0.464643} {_11409_ A 0.506500}	
INPUT	cmd_v	cmd_v	1.573308	{_20428_ A 0.547046} {_16689_ A 0.578766} {_11739_ A 0.447496}	
INPUT	cold_fenced	cold_fenced	1.3816760000000001	{_20198_ A2 0.874367} {_17508_ C 0.507309}	
INPUT	command_entry[0]	command_entry[0]	0.783507	{_18022_ A 0.783507}	
INPUT	command_entry[10]	command_entry[10]	1.269984	{_18024_ B1 0.369810} {_17995_ B1 0.900174}	
INPUT	command_entry[11]	command_entry[11]	0.901377	{_17970_ A 0.901377}	
INPUT	command_entry[12]	command_entry[12]	0.578766	{_17978_ A 0.578766}	
INPUT	command_entry[13]	command_entry[13]	0.901377	{_17971_ A 0.901377}	
INPUT	command_entry[14]	command_entry[14]	0.901377	{_18212_ A 0.901377}	
INPUT	command_entry[15]	command_entry[15]	0.783507	{_18171_ A 0.783507}	
INPUT	command_entry[16]	command_entry[16]	0.901377	{_18238_ A 0.901377}	
INPUT	command_entry[17]	command_entry[17]	0.901377	{_18240_ A 0.901377}	
INPUT	command_entry[18]	command_entry[18]	1.3837190000000001	{_18277_ B1 0.900174} {_18166_ B1 0.483545}	
INPUT	command_entry[19]	command_entry[19]	0.901377	{_18292_ A 0.901377}	
INPUT	command_entry[1]	command_entry[1]	0.901377	{_17964_ A 0.901377}	
INPUT	command_entry[20]	command_entry[20]	0.9485760000000001	{_18257_ A 0.578766} {_18199_ B1 0.369810}	
INPUT	command_entry[21]	command_entry[21]	0.901377	{_18289_ A 0.901377}	
INPUT	command_entry[22]	command_entry[22]	1.3344930000000002	{_18160_ A1 0.434319} {_18154_ B1 0.900174}	
INPUT	command_entry[23]	command_entry[23]	0.783507	{_18157_ A 0.783507}	
INPUT	command_entry[24]	command_entry[24]	0.901377	{_18286_ A 0.901377}	
INPUT	command_entry[25]	command_entry[25]	0.901377	{_18293_ A 0.901377}	
INPUT	command_entry[26]	command_entry[26]	0.783507	{_18260_ A 0.783507}	
INPUT	command_entry[27]	command_entry[27]	0.901377	{_18314_ A 0.901377}	
INPUT	command_entry[28]	command_entry[28]	0.578766	{_18496_ A 0.578766}	
INPUT	command_entry[29]	command_entry[29]	0.578766	{_18534_ A 0.578766}	
INPUT	command_entry[2]	command_entry[2]	1.062311	{_18020_ B1 0.483545} {_17996_ A 0.578766}	
INPUT	command_entry[30]	command_entry[30]	1.815426	{_19674_ B1 0.502966} {_19634_ A1 0.434319} {_18559_ A1 0.508331} {_18492_ B1 0.369810}	
INPUT	command_entry[31]	command_entry[31]	0.901377	{_18433_ A 0.901377}	
INPUT	command_entry[32]	command_entry[32]	2.46755	{_19671_ B1 0.901128} {_18622_ A1 0.987656} {_18488_ A 0.578766}	
INPUT	command_entry[33]	command_entry[33]	0.901377	{_18577_ A 0.901377}	
INPUT	command_entry[34]	command_entry[34]	0.578766	{_18548_ A 0.578766}	
INPUT	command_entry[35]	command_entry[35]	0.901377	{_18595_ A 0.901377}	
INPUT	command_entry[36]	command_entry[36]	0.901377	{_18524_ A 0.901377}	
INPUT	command_entry[37]	command_entry[37]	0.783507	{_18514_ A 0.783507}	
INPUT	command_entry[38]	command_entry[38]	0.901377	{_18596_ A 0.901377}	
INPUT	command_entry[39]	command_entry[39]	0.783507	{_18515_ A 0.783507}	
INPUT	command_entry[3]	command_entry[3]	0.578766	{_18011_ A 0.578766}	
INPUT	command_entry[40]	command_entry[40]	0.901377	{_18554_ A 0.901377}	
INPUT	command_entry[41]	command_entry[41]	0.783507	{_18518_ A 0.783507}	
INPUT	command_entry[42]	command_entry[42]	1.9460410000000001	{_19067_ A1 0.508331} {_18755_ A1 0.450054} {_18713_ A1 0.987656}	
INPUT	command_entry[43]	command_entry[43]	0.901377	{_18831_ A 0.901377}	
INPUT	command_entry[44]	command_entry[44]	0.901377	{_18702_ A 0.901377}	
INPUT	command_entry[45]	command_entry[45]	1.941561	{_19068_ A1 0.508331} {_18807_ A 0.924899} {_18752_ A1 0.508331}	
INPUT	command_entry[46]	command_entry[46]	0.901377	{_18830_ A 0.901377}	
INPUT	command_entry[47]	command_entry[47]	0.901377	{_18832_ A 0.901377}	
INPUT	command_entry[48]	command_entry[48]	1.389542	{_18779_ A 0.464643} {_18766_ A 0.924899}	
INPUT	command_entry[49]	command_entry[49]	0.901377	{_18740_ A 0.901377}	
INPUT	command_entry[4]	command_entry[4]	0.783507	{_18019_ A 0.783507}	
INPUT	command_entry[50]	command_entry[50]	1.389542	{_18774_ A 0.924899} {_18762_ A 0.464643}	
INPUT	command_entry[51]	command_entry[51]	0.901377	{_18694_ A 0.901377}	
INPUT	command_entry[52]	command_entry[52]	1.389542	{_18794_ A 0.464643} {_18706_ A 0.924899}	
INPUT	command_entry[53]	command_entry[53]	0.901377	{_18864_ A 0.901377}	
INPUT	command_entry[54]	command_entry[54]	1.8832840000000002	{_19093_ A1 0.508331} {_18815_ A1 0.450054} {_18788_ A 0.924899}	
INPUT	command_entry[55]	command_entry[55]	0.901377	{_18886_ A 0.901377}	
INPUT	command_entry[5]	command_entry[5]	0.901377	{_18067_ A 0.901377}	
INPUT	command_entry[6]	command_entry[6]	0.901377	{_17887_ A 0.901377}	
INPUT	command_entry[7]	command_entry[7]	0.901377	{_17921_ A 0.901377}	
INPUT	command_entry[8]	command_entry[8]	0.901377	{_18055_ A 0.901377}	
INPUT	command_entry[9]	command_entry[9]	0.901377	{_18066_ A 0.901377}	
INPUT	command_home[0]	command_home[0]	1.269984	{_18025_ B1 0.369810} {_17946_ B1 0.900174}	
INPUT	command_home[10]	command_home[10]	0.901377	{_18309_ A 0.901377}	
INPUT	command_home[11]	command_home[11]	0.578766	{_18194_ A 0.578766}	
INPUT	command_home[12]	command_home[12]	1.247589	{_18199_ A1 0.347415} {_18152_ B1 0.900174}	
INPUT	command_home[13]	command_home[13]	0.83056	{_18276_ B1 0.369810} {_18219_ B1 0.460750}	
INPUT	command_home[14]	command_home[14]	0.901377	{_18434_ A 0.901377}	
INPUT	command_home[15]	command_home[15]	0.901377	{_18447_ A 0.901377}	
INPUT	command_home[16]	command_home[16]	1.479894	{_18613_ B1 0.901128} {_18537_ A 0.578766}	
INPUT	command_home[17]	command_home[17]	0.901377	{_18582_ A 0.901377}	
INPUT	command_home[18]	command_home[18]	0.834453	{_18604_ A 0.464643} {_18505_ B1 0.369810}	
INPUT	command_home[19]	command_home[19]	0.901377	{_18581_ A 0.901377}	
INPUT	command_home[1]	command_home[1]	0.901377	{_17969_ A 0.901377}	
INPUT	command_home[20]	command_home[20]	1.385649	{_18590_ A 0.924899} {_18544_ B1 0.460750}	
INPUT	command_home[21]	command_home[21]	0.901377	{_18729_ A 0.901377}	
INPUT	command_home[22]	command_home[22]	0.901377	{_18840_ A 0.901377}	
INPUT	command_home[23]	command_home[23]	0.901377	{_18884_ A 0.901377}	
INPUT	command_home[24]	command_home[24]	0.901377	{_18836_ A 0.901377}	
INPUT	command_home[25]	command_home[25]	0.578766	{_18770_ A 0.578766}	
INPUT	command_home[26]	command_home[26]	1.389542	{_18854_ A 0.924899} {_18800_ A 0.464643}	
INPUT	command_home[27]	command_home[27]	0.901377	{_18741_ A 0.901377}	
INPUT	command_home[2]	command_home[2]	0.901377	{_17963_ A 0.901377}	
INPUT	command_home[3]	command_home[3]	0.901377	{_18047_ A 0.901377}	
INPUT	command_home[4]	command_home[4]	0.901377	{_18043_ A 0.901377}	
INPUT	command_home[5]	command_home[5]	0.901377	{_18068_ A 0.901377}	
INPUT	command_home[6]	command_home[6]	0.901377	{_18056_ A 0.901377}	
INPUT	command_home[7]	command_home[7]	0.783507	{_18158_ A 0.783507}	
INPUT	command_home[8]	command_home[8]	0.901377	{_18316_ A 0.901377}	
INPUT	command_home[9]	command_home[9]	0.578766	{_18162_ A 0.578766}	
INPUT	command_identity[0]	command_identity[0]	0.901156	{_17926_ B 0.901156}	
INPUT	command_identity[100]	command_identity[100]	0.901156	{_18482_ B 0.901156}	
INPUT	command_identity[101]	command_identity[101]	2.84767	{_19656_ A2 1.122090} {_19640_ A2 0.874367} {_18540_ B1 0.369810} {_18475_ A2 0.481403}	
INPUT	command_identity[102]	command_identity[102]	3.3536599999999996	{_19680_ A2 0.528014} {_19643_ A2 1.124790} {_18538_ A2 1.122090} {_18461_ A 0.578766}	
INPUT	command_identity[103]	command_identity[103]	2.049142	{_18558_ B 0.924352} {_18497_ A2 1.124790}	
INPUT	command_identity[104]	command_identity[104]	2.256287	{_19683_ A2 0.403759} {_19674_ C1 0.506426} {_18562_ A2 0.885352} {_18547_ B1 0.460750}	
INPUT	command_identity[105]	command_identity[105]	1.8717039999999998	{_19644_ A2 0.403759} {_18546_ A2 0.543593} {_18450_ B 0.924352}	
INPUT	command_identity[106]	command_identity[106]	2.9710389999999998	{_19635_ B 0.924352} {_19616_ A2 1.124790} {_18492_ A2 0.378304} {_18474_ A2 0.543593}	
INPUT	command_identity[107]	command_identity[107]	3.199834	{_19661_ A2 1.122090} {_18569_ A2 1.122090} {_18486_ B 0.955654}	
INPUT	command_identity[108]	command_identity[108]	1.9514899999999997	{_19689_ B 0.924352} {_18544_ A2 0.543593} {_18541_ B1 0.483545}	
INPUT	command_identity[109]	command_identity[109]	0.901156	{_18444_ B 0.901156}	
INPUT	command_identity[10]	command_identity[10]	0.901156	{_17917_ B 0.901156}	
INPUT	command_identity[110]	command_identity[110]	0.901156	{_18528_ B 0.901156}	
INPUT	command_identity[111]	command_identity[111]	0.901156	{_18575_ B 0.901156}	
INPUT	command_identity[112]	command_identity[112]	0.901156	{_18441_ B 0.901156}	
INPUT	command_identity[113]	command_identity[113]	1.411173	{_18566_ B 0.486821} {_18564_ B 0.924352}	
INPUT	command_identity[114]	command_identity[114]	0.901156	{_18448_ B 0.901156}	
INPUT	command_identity[115]	command_identity[115]	1.8800059999999998	{_18565_ B 0.924352} {_18489_ B 0.955654}	
INPUT	command_identity[116]	command_identity[116]	0.901156	{_18578_ B 0.901156}	
INPUT	command_identity[117]	command_identity[117]	1.4384730000000001	{_19676_ A2 0.481403} {_18591_ A 0.578766} {_18505_ A2 0.378304}	
INPUT	command_identity[118]	command_identity[118]	0.901156	{_18600_ B 0.901156}	
INPUT	command_identity[119]	command_identity[119]	1.503118	{_18560_ B 0.924352} {_18500_ A 0.578766}	
INPUT	command_identity[11]	command_identity[11]	0.901156	{_18062_ B 0.901156}	
INPUT	command_identity[120]	command_identity[120]	0.858791	{_18512_ B 0.858791}	
INPUT	command_identity[121]	command_identity[121]	2.000619	{_19691_ A 0.578766} {_19659_ A2 0.543593} {_18540_ A2 0.378304} {_18535_ A2 0.499956}	
INPUT	command_identity[122]	command_identity[122]	3.287729	{_19674_ A2 0.499956} {_19658_ A2 1.122090} {_18568_ A2 1.122090} {_18547_ A2 0.543593}	
INPUT	command_identity[123]	command_identity[123]	0.858791	{_18485_ B 0.858791}	
INPUT	command_identity[124]	command_identity[124]	0.901156	{_18437_ B 0.901156}	
INPUT	command_identity[125]	command_identity[125]	1.8149319999999998	{_19632_ A2 0.403759} {_18466_ B 0.924352} {_18464_ B 0.486821}	
INPUT	command_identity[126]	command_identity[126]	0.858791	{_18516_ B 0.858791}	
INPUT	command_identity[127]	command_identity[127]	1.268884	{_19631_ A2 0.378304} {_18607_ B 0.486821} {_18510_ A2 0.403759}	
INPUT	command_identity[128]	command_identity[128]	2.731001	{_19671_ A2 1.122090} {_18613_ A2 1.122090} {_18536_ B 0.486821}	
INPUT	command_identity[129]	command_identity[129]	2.523805	{_19619_ B 0.858791} {_18467_ A2 0.542924} {_18452_ A2 1.122090}	
INPUT	command_identity[12]	command_identity[12]	0.901156	{_18039_ B 0.901156}	
INPUT	command_identity[130]	command_identity[130]	0.858791	{_18522_ B 0.858791}	
INPUT	command_identity[131]	command_identity[131]	1.402631	{_19666_ A2 0.542924} {_18539_ A2 0.481403} {_18501_ A2 0.378304}	
INPUT	command_identity[132]	command_identity[132]	0.858791	{_18517_ B 0.858791}	
INPUT	command_identity[133]	command_identity[133]	0.901156	{_18440_ B 0.901156}	
INPUT	command_identity[134]	command_identity[134]	1.428755	{_19664_ A2 0.481403} {_18602_ A2 0.543593} {_18502_ A2 0.403759}	
INPUT	command_identity[135]	command_identity[135]	1.294339	{_19681_ A2 0.403759} {_18541_ A2 0.403759} {_18455_ B 0.486821}	
INPUT	command_identity[136]	command_identity[136]	0.901156	{_18597_ B 0.901156}	
INPUT	command_identity[137]	command_identity[137]	0.901156	{_18588_ B 0.901156}	
INPUT	command_identity[138]	command_identity[138]	1.759947	{_19621_ B 0.858791} {_18439_ B 0.901156}	
INPUT	command_identity[139]	command_identity[139]	0.901156	{_18551_ B 0.901156}	
INPUT	command_identity[13]	command_identity[13]	0.858791	{_17987_ B 0.858791}	
INPUT	command_identity[140]	command_identity[140]	2.049142	{_18499_ A2 1.124790} {_18456_ B 0.924352}	
INPUT	command_identity[141]	command_identity[141]	0.901156	{_18727_ B 0.901156}	
INPUT	command_identity[142]	command_identity[142]	1.411173	{_18791_ B 0.924352} {_18769_ B 0.486821}	
INPUT	command_identity[143]	command_identity[143]	1.411173	{_18856_ B 0.486821} {_18709_ B 0.924352}	
INPUT	command_identity[144]	command_identity[144]	0.901156	{_18730_ B 0.901156}	
INPUT	command_identity[145]	command_identity[145]	0.901156	{_18891_ B 0.901156}	
INPUT	command_identity[146]	command_identity[146]	1.863934	{_19073_ A2 0.481403} {_18781_ A2 0.481403} {_18754_ B1 0.901128}	
INPUT	command_identity[147]	command_identity[147]	0.901156	{_18862_ B 0.901156}	
INPUT	command_identity[148]	command_identity[148]	0.901156	{_18877_ B 0.901156}	
INPUT	command_identity[149]	command_identity[149]	1.411173	{_18812_ B 0.486821} {_18716_ B 0.924352}	
INPUT	command_identity[14]	command_identity[14]	0.901156	{_18079_ B 0.901156}	
INPUT	command_identity[150]	command_identity[150]	0.901156	{_18738_ B 0.901156}	
INPUT	command_identity[151]	command_identity[151]	0.901156	{_18696_ B 0.901156}	
INPUT	command_identity[152]	command_identity[152]	0.901156	{_18838_ B 0.901156}	
INPUT	command_identity[153]	command_identity[153]	0.901156	{_18847_ B 0.901156}	
INPUT	command_identity[154]	command_identity[154]	1.4679449999999998	{_18795_ A2 0.543593} {_18768_ B 0.924352}	
INPUT	command_identity[155]	command_identity[155]	0.901156	{_18869_ B 0.901156}	
INPUT	command_identity[156]	command_identity[156]	1.411173	{_18803_ B 0.924352} {_18753_ B 0.486821}	
INPUT	command_identity[157]	command_identity[157]	0.901156	{_18848_ B 0.901156}	
INPUT	command_identity[158]	command_identity[158]	1.9486789999999998	{_19075_ A2 0.481403} {_18780_ A2 0.542924} {_18772_ B 0.924352}	
INPUT	command_identity[159]	command_identity[159]	0.901156	{_18887_ B 0.901156}	
INPUT	command_identity[15]	command_identity[15]	0.901156	{_17929_ B 0.901156}	
INPUT	command_identity[160]	command_identity[160]	0.901156	{_18828_ B 0.901156}	
INPUT	command_identity[161]	command_identity[161]	0.901156	{_18724_ B 0.901156}	
INPUT	command_identity[162]	command_identity[162]	2.147086	{_19077_ A2 0.481403} {_18782_ A2 0.543593} {_18754_ A2 1.122090}	
INPUT	command_identity[163]	command_identity[163]	0.901156	{_18728_ B 0.901156}	
INPUT	command_identity[164]	command_identity[164]	0.901156	{_18875_ B 0.901156}	
INPUT	command_identity[165]	command_identity[165]	0.901156	{_18839_ B 0.901156}	
INPUT	command_identity[166]	command_identity[166]	2.0101999999999998	{_19097_ A2 0.542924} {_18853_ A2 0.542924} {_18749_ B 0.924352}	
INPUT	command_identity[167]	command_identity[167]	0.901156	{_18861_ B 0.901156}	
INPUT	command_identity[168]	command_identity[168]	1.948679	{_19074_ A2 0.542924} {_18796_ B 0.924352} {_18715_ A2 0.481403}	
INPUT	command_identity[169]	command_identity[169]	0.901156	{_18893_ B 0.901156}	
INPUT	command_identity[16]	command_identity[16]	0.578766	{_17942_ A 0.578766}	
INPUT	command_identity[170]	command_identity[170]	1.411173	{_18822_ B 0.924352} {_18773_ B 0.486821}	
INPUT	command_identity[171]	command_identity[171]	0.901156	{_18880_ B 0.901156}	
INPUT	command_identity[172]	command_identity[172]	2.0101999999999998	{_19095_ A2 0.542924} {_18819_ A2 0.542924} {_18811_ B 0.924352}	
INPUT	command_identity[173]	command_identity[173]	0.901156	{_18826_ B 0.901156}	
INPUT	command_identity[174]	command_identity[174]	1.887158	{_19098_ A2 0.481403} {_18805_ A2 0.481403} {_18747_ B 0.924352}	
INPUT	command_identity[175]	command_identity[175]	0.901156	{_18701_ B 0.901156}	
INPUT	command_identity[176]	command_identity[176]	0.901156	{_18866_ B 0.901156}	
INPUT	command_identity[177]	command_identity[177]	0.901156	{_18863_ B 0.901156}	
INPUT	command_identity[178]	command_identity[178]	0.901156	{_18737_ B 0.901156}	
INPUT	command_identity[179]	command_identity[179]	0.901156	{_18726_ B 0.901156}	
INPUT	command_identity[17]	command_identity[17]	0.901156	{_18076_ B 0.901156}	
INPUT	command_identity[180]	command_identity[180]	0.901156	{_18825_ B 0.901156}	
INPUT	command_identity[181]	command_identity[181]	0.901156	{_18842_ B 0.901156}	
INPUT	command_identity[182]	command_identity[182]	0.901156	{_18868_ B 0.901156}	
INPUT	command_identity[183]	command_identity[183]	0.901156	{_18725_ B 0.901156}	
INPUT	command_identity[184]	command_identity[184]	0.901156	{_18850_ B 0.901156}	
INPUT	command_identity[185]	command_identity[185]	0.901156	{_18829_ B 0.901156}	
INPUT	command_identity[186]	command_identity[186]	0.901156	{_18700_ B 0.901156}	
INPUT	command_identity[187]	command_identity[187]	1.411173	{_18852_ B 0.924352} {_18846_ B 0.486821}	
INPUT	command_identity[18]	command_identity[18]	0.901156	{_18073_ B 0.901156}	
INPUT	command_identity[19]	command_identity[19]	0.578766	{_17948_ A 0.578766}	
INPUT	command_identity[1]	command_identity[1]	1.528549	{_17981_ A2 0.403759} {_17946_ A2 1.124790}	
INPUT	command_identity[20]	command_identity[20]	0.901156	{_17966_ B 0.901156}	
INPUT	command_identity[21]	command_identity[21]	0.876236	{_17992_ C1 0.506426} {_17988_ B1 0.369810}	
INPUT	command_identity[22]	command_identity[22]	0.901156	{_18046_ B 0.901156}	
INPUT	command_identity[23]	command_identity[23]	0.901156	{_18045_ B 0.901156}	
INPUT	command_identity[24]	command_identity[24]	0.901156	{_18064_ B 0.901156}	
INPUT	command_identity[25]	command_identity[25]	0.982525	{_18007_ A 0.578766} {_17947_ A2 0.403759}	
INPUT	command_identity[26]	command_identity[26]	0.901156	{_17954_ B 0.901156}	
INPUT	command_identity[27]	command_identity[27]	1.278478	{_18015_ B1 0.900174} {_17983_ A2 0.378304}	
INPUT	command_identity[28]	command_identity[28]	1.303933	{_18031_ B1 0.900174} {_18009_ A2 0.403759}	
INPUT	command_identity[29]	command_identity[29]	0.578766	{_17940_ A 0.578766}	
INPUT	command_identity[2]	command_identity[2]	1.303933	{_17984_ A2 0.403759} {_17949_ B1 0.900174}	
INPUT	command_identity[30]	command_identity[30]	0.901156	{_17965_ B 0.901156}	
INPUT	command_identity[31]	command_identity[31]	1.503094	{_17999_ A2 0.378304} {_17943_ A2 1.124790}	
INPUT	command_identity[32]	command_identity[32]	0.901156	{_17961_ B 0.901156}	
INPUT	command_identity[33]	command_identity[33]	1.528549	{_18035_ A2 0.403759} {_17980_ A2 1.124790}	
INPUT	command_identity[34]	command_identity[34]	0.578766	{_18014_ A 0.578766}	
INPUT	command_identity[35]	command_identity[35]	0.901156	{_18077_ B 0.901156}	
INPUT	command_identity[36]	command_identity[36]	1.503094	{_18031_ A2 1.124790} {_17990_ A2 0.378304}	
INPUT	command_identity[37]	command_identity[37]	1.528549	{_18020_ A2 0.403759} {_18016_ A2 1.124790}	
INPUT	command_identity[38]	command_identity[38]	0.901156	{_17920_ B 0.901156}	
INPUT	command_identity[39]	command_identity[39]	0.901156	{_17919_ B 0.901156}	
INPUT	command_identity[3]	command_identity[3]	0.578766	{_17985_ A 0.578766}	
INPUT	command_identity[40]	command_identity[40]	0.901156	{_17960_ B 0.901156}	
INPUT	command_identity[41]	command_identity[41]	1.503094	{_18012_ A2 1.124790} {_18000_ A2 0.378304}	
INPUT	command_identity[42]	command_identity[42]	0.858791	{_18021_ B 0.858791}	
INPUT	command_identity[43]	command_identity[43]	0.87826	{_17992_ A2 0.499956} {_17937_ A2 0.378304}	
INPUT	command_identity[44]	command_identity[44]	0.901156	{_17886_ B 0.901156}	
INPUT	command_identity[45]	command_identity[45]	0.901156	{_18041_ B 0.901156}	
INPUT	command_identity[46]	command_identity[46]	0.901156	{_18074_ B 0.901156}	
INPUT	command_identity[47]	command_identity[47]	1.503094	{_18183_ A2 0.378304} {_18154_ A2 1.124790}	
INPUT	command_identity[48]	command_identity[48]	0.901156	{_18303_ B 0.901156}	
INPUT	command_identity[49]	command_identity[49]	0.858791	{_18179_ B 0.858791}	
INPUT	command_identity[4]	command_identity[4]	0.901156	{_18071_ B 0.901156}	
INPUT	command_identity[50]	command_identity[50]	0.901156	{_18214_ B 0.901156}	
INPUT	command_identity[51]	command_identity[51]	0.901156	{_18207_ B 0.901156}	
INPUT	command_identity[52]	command_identity[52]	0.851213	{_18283_ A2 0.481403} {_18159_ B1 0.369810}	
INPUT	command_identity[53]	command_identity[53]	0.901156	{_18306_ B 0.901156}	
INPUT	command_identity[54]	command_identity[54]	0.947352	{_18217_ A2 0.543593} {_18170_ A2 0.403759}	
INPUT	command_identity[55]	command_identity[55]	1.628868	{_18312_ C2 0.504078} {_18155_ A2 1.124790}	
INPUT	command_identity[56]	command_identity[56]	1.528549	{_18269_ A2 0.403759} {_18152_ A2 1.124790}	
INPUT	command_identity[57]	command_identity[57]	0.901156	{_18232_ B 0.901156}	
INPUT	command_identity[58]	command_identity[58]	0.858791	{_18177_ B 0.858791}	
INPUT	command_identity[59]	command_identity[59]	0.858791	{_18262_ B 0.858791}	
INPUT	command_identity[5]	command_identity[5]	1.6083349999999998	{_18001_ A2 1.124790} {_17947_ B1 0.483545}	
INPUT	command_identity[60]	command_identity[60]	0.901156	{_18234_ B 0.901156}	
INPUT	command_identity[61]	command_identity[61]	0.901156	{_18237_ B 0.901156}	
INPUT	command_identity[62]	command_identity[62]	0.901156	{_18317_ B 0.901156}	
INPUT	command_identity[63]	command_identity[63]	0.901156	{_18233_ B 0.901156}	
INPUT	command_identity[64]	command_identity[64]	1.041963	{_18312_ B1 0.498370} {_18219_ A2 0.543593}	
INPUT	command_identity[65]	command_identity[65]	0.858791	{_18181_ B 0.858791}	
INPUT	command_identity[66]	command_identity[66]	0.901156	{_18229_ B 0.901156}	
INPUT	command_identity[67]	command_identity[67]	0.858791	{_18261_ B 0.858791}	
INPUT	command_identity[68]	command_identity[68]	0.901156	{_18209_ B 0.901156}	
INPUT	command_identity[69]	command_identity[69]	0.578766	{_18189_ A 0.578766}	
INPUT	command_identity[6]	command_identity[6]	0.901156	{_18057_ B 0.901156}	
INPUT	command_identity[70]	command_identity[70]	0.578766	{_18168_ A 0.578766}	
INPUT	command_identity[71]	command_identity[71]	0.901156	{_18307_ B 0.901156}	
INPUT	command_identity[72]	command_identity[72]	0.858791	{_18172_ B 0.858791}	
INPUT	command_identity[73]	command_identity[73]	0.901156	{_18287_ B 0.901156}	
INPUT	command_identity[74]	command_identity[74]	0.901156	{_18308_ B 0.901156}	
INPUT	command_identity[75]	command_identity[75]	0.901156	{_18297_ B 0.901156}	
INPUT	command_identity[76]	command_identity[76]	0.578766	{_18271_ A 0.578766}	
INPUT	command_identity[77]	command_identity[77]	0.9574450000000001	{_18312_ A2 0.476042} {_18228_ A2 0.481403}	
INPUT	command_identity[78]	command_identity[78]	0.9212279999999999	{_18226_ A2 0.542924} {_18185_ A2 0.378304}	
INPUT	command_identity[79]	command_identity[79]	0.901156	{_18302_ B 0.901156}	
INPUT	command_identity[7]	command_identity[7]	0.901156	{_18078_ B 0.901156}	
INPUT	command_identity[80]	command_identity[80]	0.901156	{_18208_ B 0.901156}	
INPUT	command_identity[81]	command_identity[81]	0.901156	{_18235_ B 0.901156}	
INPUT	command_identity[82]	command_identity[82]	1.503094	{_18258_ A2 0.378304} {_18150_ A2 1.124790}	
INPUT	command_identity[83]	command_identity[83]	0.901156	{_18247_ B 0.901156}	
INPUT	command_identity[84]	command_identity[84]	1.528549	{_18268_ A2 1.124790} {_18203_ A2 0.403759}	
INPUT	command_identity[85]	command_identity[85]	1.503094	{_18184_ A2 1.124790} {_18159_ A2 0.378304}	
INPUT	command_identity[86]	command_identity[86]	0.901156	{_18230_ B 0.901156}	
INPUT	command_identity[87]	command_identity[87]	0.858791	{_18264_ B 0.858791}	
INPUT	command_identity[88]	command_identity[88]	0.901156	{_18299_ B 0.901156}	
INPUT	command_identity[89]	command_identity[89]	0.901156	{_18288_ B 0.901156}	
INPUT	command_identity[8]	command_identity[8]	0.901156	{_18069_ B 0.901156}	
INPUT	command_identity[90]	command_identity[90]	0.901156	{_18246_ B 0.901156}	
INPUT	command_identity[91]	command_identity[91]	0.901156	{_18242_ B 0.901156}	
INPUT	command_identity[92]	command_identity[92]	0.921897	{_18281_ A2 0.543593} {_18202_ A2 0.378304}	
INPUT	command_identity[93]	command_identity[93]	0.901156	{_18215_ B 0.901156}	
INPUT	command_identity[94]	command_identity[94]	0.901156	{_18449_ B 0.901156}	
INPUT	command_identity[95]	command_identity[95]	2.035886	{_19667_ A2 0.481403} {_19633_ A2 0.528014} {_18567_ A2 0.542924} {_18510_ B1 0.483545}	
INPUT	command_identity[96]	command_identity[96]	0.901156	{_18435_ B 0.901156}	
INPUT	command_identity[97]	command_identity[97]	0.901156	{_18446_ B 0.901156}	
INPUT	command_identity[98]	command_identity[98]	1.503118	{_18617_ B 0.924352} {_18508_ A 0.578766}	
INPUT	command_identity[99]	command_identity[99]	2.9493159999999996	{_19616_ B1 0.900174} {_18493_ A2 1.124790} {_18469_ B 0.924352}	
INPUT	command_identity[9]	command_identity[9]	1.295555	{_18016_ B1 0.900174} {_17950_ B2 0.395381}	
INPUT	command_pc[0]	command_pc[0]	1.479894	{_18059_ B1 0.901128} {_17989_ A 0.578766}	
INPUT	command_pc[10]	command_pc[10]	0.901377	{_17928_ A 0.901377}	
INPUT	command_pc[11]	command_pc[11]	0.901377	{_17918_ A 0.901377}	
INPUT	command_pc[12]	command_pc[12]	1.247589	{_18028_ A1 0.347415} {_18003_ B1 0.900174}	
INPUT	command_pc[13]	command_pc[13]	0.901377	{_17959_ A 0.901377}	
INPUT	command_pc[14]	command_pc[14]	0.578766	{_18255_ A 0.578766}	
INPUT	command_pc[15]	command_pc[15]	0.901377	{_18244_ A 0.901377}	
INPUT	command_pc[16]	command_pc[16]	0.578766	{_18222_ A 0.578766}	
INPUT	command_pc[17]	command_pc[17]	0.578766	{_18187_ A 0.578766}	
INPUT	command_pc[18]	command_pc[18]	0.901377	{_18291_ A 0.901377}	
INPUT	command_pc[19]	command_pc[19]	0.901377	{_18305_ A 0.901377}	
INPUT	command_pc[1]	command_pc[1]	0.901377	{_17930_ A 0.901377}	
INPUT	command_pc[20]	command_pc[20]	0.578766	{_18192_ A 0.578766}	
INPUT	command_pc[21]	command_pc[21]	0.578766	{_18149_ A 0.578766}	
INPUT	command_pc[22]	command_pc[22]	0.901377	{_18243_ A 0.901377}	
INPUT	command_pc[23]	command_pc[23]	0.783507	{_18178_ A 0.783507}	
INPUT	command_pc[24]	command_pc[24]	0.901377	{_18245_ A 0.901377}	
INPUT	command_pc[25]	command_pc[25]	0.901377	{_18298_ A 0.901377}	
INPUT	command_pc[26]	command_pc[26]	0.783507	{_18263_ A 0.783507}	
INPUT	command_pc[27]	command_pc[27]	0.578766	{_18182_ A 0.578766}	
INPUT	command_pc[28]	command_pc[28]	2.873663	{_19682_ A1 1.028240} {_19644_ B1 0.483545} {_18557_ B1 0.460750} {_18463_ B1 0.901128}	
INPUT	command_pc[29]	command_pc[29]	0.901377	{_18576_ A 0.901377}	
INPUT	command_pc[2]	command_pc[2]	0.901377	{_18072_ A 0.901377}	
INPUT	command_pc[30]	command_pc[30]	2.70243	{_19656_ B1 0.901128} {_18549_ B1 0.901128} {_18499_ B1 0.900174}	
INPUT	command_pc[31]	command_pc[31]	2.266899	{_19661_ B1 0.901128} {_18568_ B1 0.901128} {_18472_ A 0.464643}	
INPUT	command_pc[32]	command_pc[32]	0.901377	{_18481_ A 0.901377}	
INPUT	command_pc[33]	command_pc[33]	0.901377	{_18574_ A 0.901377}	
INPUT	command_pc[34]	command_pc[34]	0.901377	{_18601_ A 0.901377}	
INPUT	command_pc[35]	command_pc[35]	0.578766	{_18457_ A 0.578766}	
INPUT	command_pc[36]	command_pc[36]	0.834453	{_18507_ B1 0.369810} {_18460_ A 0.464643}	
INPUT	command_pc[37]	command_pc[37]	0.783507	{_18519_ A 0.783507}	
INPUT	command_pc[38]	command_pc[38]	0.578766	{_18506_ A 0.578766}	
INPUT	command_pc[39]	command_pc[39]	0.901377	{_18580_ A 0.901377}	
INPUT	command_pc[3]	command_pc[3]	0.901377	{_18063_ A 0.901377}	
INPUT	command_pc[40]	command_pc[40]	1.487012	{_19630_ A 0.578766} {_18561_ A 0.447496} {_18474_ B1 0.460750}	
INPUT	command_pc[41]	command_pc[41]	0.901377	{_18573_ A 0.901377}	
INPUT	command_pc[42]	command_pc[42]	0.901377	{_18876_ A 0.901377}	
INPUT	command_pc[43]	command_pc[43]	0.578766	{_18757_ A 0.578766}	
INPUT	command_pc[44]	command_pc[44]	0.901377	{_18849_ A 0.901377}	
INPUT	command_pc[45]	command_pc[45]	0.901377	{_18739_ A 0.901377}	
INPUT	command_pc[46]	command_pc[46]	0.578766	{_18759_ A 0.578766}	
INPUT	command_pc[47]	command_pc[47]	0.901377	{_18734_ A 0.901377}	
INPUT	command_pc[48]	command_pc[48]	0.901377	{_18735_ A 0.901377}	
INPUT	command_pc[49]	command_pc[49]	0.901377	{_18878_ A 0.901377}	
INPUT	command_pc[4]	command_pc[4]	0.9485760000000001	{_18033_ A 0.578766} {_18028_ B1 0.369810}	
INPUT	command_pc[50]	command_pc[50]	0.901377	{_18841_ A 0.901377}	
INPUT	command_pc[51]	command_pc[51]	0.901377	{_18883_ A 0.901377}	
INPUT	command_pc[52]	command_pc[52]	1.389542	{_18817_ A 0.924899} {_18790_ A 0.464643}	
INPUT	command_pc[53]	command_pc[53]	0.578766	{_18808_ A 0.578766}	
INPUT	command_pc[54]	command_pc[54]	0.901377	{_18695_ A 0.901377}	
INPUT	command_pc[55]	command_pc[55]	0.901377	{_18827_ A 0.901377}	
INPUT	command_pc[5]	command_pc[5]	0.901377	{_17888_ A 0.901377}	
INPUT	command_pc[6]	command_pc[6]	0.901377	{_18061_ A 0.901377}	
INPUT	command_pc[7]	command_pc[7]	0.901377	{_17934_ A 0.901377}	
INPUT	command_pc[8]	command_pc[8]	0.783507	{_18034_ A 0.783507}	
INPUT	command_pc[9]	command_pc[9]	0.901377	{_17924_ A 0.901377}	
OUTPUT	command_ready[0]	command_ready[0]	0.431154	{_20562_ A3 0.431154}	{_20539_ Y AND3x1_ASAP7_75t_R}
OUTPUT	command_ready[1]	command_ready[1]	0.983557	{_20545_ A3 0.431154} {_18320_ A 0.552403}	{_18148_ Y BUFx2_ASAP7_75t_R}
OUTPUT	command_ready[2]	command_ready[2]	0.431154	{_20551_ A3 0.431154}	{_20547_ Y AND3x1_ASAP7_75t_R}
OUTPUT	command_ready[3]	command_ready[3]	0.431154	{_20557_ A3 0.431154}	{_20553_ Y AND3x1_ASAP7_75t_R}
INPUT	command_token[0]	command_token[0]	0.9485760000000001	{_18030_ A 0.578766} {_17937_ B1 0.369810}	
INPUT	command_token[10]	command_token[10]	0.901156	{_18051_ B 0.901156}	
INPUT	command_token[11]	command_token[11]	0.901156	{_17923_ B 0.901156}	
INPUT	command_token[12]	command_token[12]	1.303933	{_18032_ A2 0.403759} {_18001_ B1 0.900174}	
INPUT	command_token[13]	command_token[13]	0.901156	{_18042_ B 0.901156}	
INPUT	command_token[14]	command_token[14]	0.578766	{_17979_ A 0.578766}	
INPUT	command_token[15]	command_token[15]	0.858791	{_18013_ B 0.858791}	
INPUT	command_token[16]	command_token[16]	1.278478	{_18008_ A2 0.378304} {_17941_ B1 0.900174}	
INPUT	command_token[17]	command_token[17]	0.901156	{_17935_ B 0.901156}	
INPUT	command_token[18]	command_token[18]	0.901156	{_17968_ B 0.901156}	
INPUT	command_token[19]	command_token[19]	0.9485760000000001	{_17983_ B1 0.369810} {_17938_ A 0.578766}	
INPUT	command_token[1]	command_token[1]	0.901156	{_17958_ B 0.901156}	
INPUT	command_token[20]	command_token[20]	1.4946	{_18008_ B1 0.369810} {_17995_ A2 1.124790}	
INPUT	command_token[21]	command_token[21]	0.921897	{_18221_ A2 0.543593} {_18195_ A2 0.378304}	
INPUT	command_token[22]	command_token[22]	0.901156	{_18304_ B 0.901156}	
INPUT	command_token[23]	command_token[23]	2.24688	{_18285_ A2 1.122090} {_18256_ A2 1.124790}	
INPUT	command_token[24]	command_token[24]	0.901156	{_18210_ B 0.901156}	
INPUT	command_token[25]	command_token[25]	1.269984	{_18185_ B1 0.369810} {_18169_ B1 0.900174}	
INPUT	command_token[26]	command_token[26]	0.901156	{_18213_ B 0.901156}	
INPUT	command_token[27]	command_token[27]	1.3837190000000001	{_18273_ B1 0.483545} {_18155_ B1 0.900174}	
INPUT	command_token[28]	command_token[28]	0.901156	{_18315_ B 0.901156}	
INPUT	command_token[29]	command_token[29]	0.858791	{_18176_ B 0.858791}	
INPUT	command_token[2]	command_token[2]	1.503094	{_18003_ A2 1.124790} {_17997_ A2 0.378304}	
INPUT	command_token[30]	command_token[30]	0.901156	{_18248_ B 0.901156}	
INPUT	command_token[31]	command_token[31]	2.049142	{_18277_ A2 1.124790} {_18227_ B 0.924352}	
INPUT	command_token[32]	command_token[32]	0.858791	{_18173_ B 0.858791}	
INPUT	command_token[33]	command_token[33]	1.278478	{_18190_ B1 0.900174} {_18165_ A2 0.378304}	
INPUT	command_token[34]	command_token[34]	0.839054	{_18217_ B1 0.460750} {_18188_ A2 0.378304}	
INPUT	command_token[35]	command_token[35]	1.062311	{_18270_ A 0.578766} {_18200_ B1 0.483545}	
INPUT	command_token[36]	command_token[36]	0.858791	{_18259_ B 0.858791}	
INPUT	command_token[37]	command_token[37]	1.503118	{_18225_ B 0.924352} {_18197_ A 0.578766}	
INPUT	command_token[38]	command_token[38]	0.858791	{_18174_ B 0.858791}	
INPUT	command_token[39]	command_token[39]	0.578766	{_18191_ A 0.578766}	
INPUT	command_token[3]	command_token[3]	0.901156	{_18052_ B 0.901156}	
INPUT	command_token[40]	command_token[40]	0.901156	{_18239_ B 0.901156}	
INPUT	command_token[41]	command_token[41]	0.901156	{_18294_ B 0.901156}	
INPUT	command_token[42]	command_token[42]	1.394806	{_19690_ A2 0.481403} {_18557_ A2 0.543593} {_18501_ B1 0.369810}	
INPUT	command_token[43]	command_token[43]	0.901156	{_18585_ B 0.901156}	
INPUT	command_token[44]	command_token[44]	1.806867	{_19637_ A2 0.481403} {_18509_ B1 0.369810} {_18487_ B 0.955654}	
INPUT	command_token[45]	command_token[45]	0.858791	{_18513_ B 0.858791}	
INPUT	command_token[46]	command_token[46]	2.341643	{_19645_ A2 0.874367} {_18552_ B 0.924352} {_18465_ A2 0.542924}	
INPUT	command_token[47]	command_token[47]	0.901156	{_18586_ B 0.901156}	
INPUT	command_token[48]	command_token[48]	3.245354	{_19658_ B1 0.901128} {_19636_ A2 0.542924} {_18569_ B1 0.901128} {_18493_ B1 0.900174}	
INPUT	command_token[49]	command_token[49]	0.901156	{_18445_ B 0.901156}	
INPUT	command_token[4]	command_token[4]	0.901156	{_18050_ B 0.901156}	
INPUT	command_token[50]	command_token[50]	1.8871580000000001	{_19673_ A2 0.481403} {_18620_ B 0.924352} {_18614_ A2 0.481403}	
INPUT	command_token[51]	command_token[51]	2.283687	{_19677_ B 0.901156} {_18593_ A2 0.481403} {_18592_ B1 0.901128}	
INPUT	command_token[52]	command_token[52]	1.8915279999999999	{_19659_ B1 0.460750} {_18618_ B 0.924352} {_18535_ C1 0.506426}	
INPUT	command_token[53]	command_token[53]	0.858791	{_18530_ B 0.858791}	
INPUT	command_token[54]	command_token[54]	1.8871580000000001	{_19693_ A2 0.481403} {_18616_ B 0.924352} {_18563_ A2 0.481403}	
INPUT	command_token[55]	command_token[55]	0.901156	{_18587_ B 0.901156}	
INPUT	command_token[56]	command_token[56]	0.858791	{_18484_ B 0.858791}	
INPUT	command_token[57]	command_token[57]	0.901156	{_18579_ B 0.901156}	
INPUT	command_token[58]	command_token[58]	0.901156	{_18527_ B 0.901156}	
INPUT	command_token[59]	command_token[59]	0.858791	{_18526_ B 0.858791}	
INPUT	command_token[5]	command_token[5]	0.901156	{_17956_ B 0.901156}	
INPUT	command_token[60]	command_token[60]	1.503118	{_18610_ B 0.924352} {_18608_ A 0.578766}	
INPUT	command_token[61]	command_token[61]	0.901156	{_18553_ B 0.901156}	
INPUT	command_token[62]	command_token[62]	0.901156	{_18599_ B 0.901156}	
INPUT	command_token[63]	command_token[63]	0.901156	{_18698_ B 0.901156}	
INPUT	command_token[64]	command_token[64]	0.901156	{_18731_ B 0.901156}	
INPUT	command_token[65]	command_token[65]	1.948679	{_19100_ A2 0.542924} {_18845_ B 0.924352} {_18820_ A2 0.481403}	
INPUT	command_token[66]	command_token[66]	0.901156	{_18889_ B 0.901156}	
INPUT	command_token[67]	command_token[67]	1.3851019999999998	{_18795_ B1 0.460750} {_18792_ B 0.924352}	
INPUT	command_token[68]	command_token[68]	1.411173	{_18857_ B 0.486821} {_18714_ B 0.924352}	
INPUT	command_token[69]	command_token[69]	1.822628	{_19076_ B1 0.460750} {_18786_ B1 0.901128} {_18782_ B1 0.460750}	
INPUT	command_token[6]	command_token[6]	0.9485760000000001	{_18026_ B1 0.369810} {_17982_ A 0.578766}	
INPUT	command_token[70]	command_token[70]	0.901156	{_18871_ B 0.901156}	
INPUT	command_token[71]	command_token[71]	0.901156	{_18835_ B 0.901156}	
INPUT	command_token[72]	command_token[72]	0.901156	{_18718_ B 0.901156}	
INPUT	command_token[73]	command_token[73]	1.411173	{_18793_ B 0.486821} {_18767_ B 0.924352}	
INPUT	command_token[74]	command_token[74]	0.901156	{_18879_ B 0.901156}	
INPUT	command_token[75]	command_token[75]	2.0108689999999996	{_19076_ A2 0.543593} {_18818_ B 0.924352} {_18710_ A2 0.542924}	
INPUT	command_token[76]	command_token[76]	0.901156	{_18872_ B 0.901156}	
INPUT	command_token[77]	command_token[77]	1.411173	{_18751_ B 0.486821} {_18720_ B 0.924352}	
INPUT	command_token[78]	command_token[78]	1.608911	{_18786_ A2 1.122090} {_18775_ B 0.486821}	
INPUT	command_token[79]	command_token[79]	2.0102	{_19105_ A2 0.542924} {_18821_ B 0.924352} {_18801_ A2 0.542924}	
INPUT	command_token[7]	command_token[7]	1.269984	{_17986_ B1 0.900174} {_17939_ B1 0.369810}	
INPUT	command_token[80]	command_token[80]	0.901156	{_18719_ B 0.901156}	
INPUT	command_token[81]	command_token[81]	1.9486789999999998	{_19069_ A2 0.481403} {_18721_ A2 0.542924} {_18717_ B 0.924352}	
INPUT	command_token[82]	command_token[82]	0.901156	{_18890_ B 0.901156}	
INPUT	command_token[83]	command_token[83]	0.901156	{_18814_ B 0.901156}	
INPUT	command_token[8]	command_token[8]	0.901156	{_18053_ B 0.901156}	
INPUT	command_token[9]	command_token[9]	0.901156	{_17925_ B 0.901156}	
INPUT	command_unit[0]	command_unit[0]	0.901377	{_18044_ A 0.901377}	
INPUT	command_unit[10]	command_unit[10]	2.310836	{_19672_ A 0.901377} {_18622_ B1 0.901128} {_18605_ A1 0.508331}	
INPUT	command_unit[11]	command_unit[11]	1.385649	{_18615_ A 0.924899} {_18546_ B1 0.460750}	
INPUT	command_unit[12]	command_unit[12]	0.578766	{_18712_ A 0.578766}	
INPUT	command_unit[13]	command_unit[13]	0.901377	{_18867_ A 0.901377}	
INPUT	command_unit[14]	command_unit[14]	0.901377	{_18837_ A 0.901377}	
INPUT	command_unit[15]	command_unit[15]	1.389542	{_18776_ A 0.464643} {_18708_ A 0.924899}	
INPUT	command_unit[1]	command_unit[1]	0.901377	{_17931_ A 0.901377}	
INPUT	command_unit[2]	command_unit[2]	0.901377	{_17953_ A 0.901377}	
INPUT	command_unit[3]	command_unit[3]	0.901377	{_17955_ A 0.901377}	
INPUT	command_unit[4]	command_unit[4]	1.062311	{_18267_ A 0.578766} {_18170_ B1 0.483545}	
INPUT	command_unit[5]	command_unit[5]	0.578766	{_18201_ A 0.578766}	
INPUT	command_unit[6]	command_unit[6]	0.578766	{_18220_ A 0.578766}	
INPUT	command_unit[7]	command_unit[7]	0.578766	{_18164_ A 0.578766}	
INPUT	command_unit[8]	command_unit[8]	1.880277	{_19641_ A1 0.514506} {_18619_ A 0.464643} {_18452_ B1 0.901128}	
INPUT	command_unit[9]	command_unit[9]	0.901377	{_18523_ A 0.901377}	
INPUT	command_v[0]	command_v[0]	0.953996	{_19550_ A 0.506500} {_18085_ A 0.447496}	
INPUT	command_v[1]	command_v[1]	1.4651290000000001	{_19543_ B 0.511133} {_19518_ A 0.506500} {_18321_ A 0.447496}	
INPUT	command_v[2]	command_v[2]	3.209074	{_20551_ A1 0.464106} {_20217_ A 0.578766} {_19703_ A 0.447496} {_19697_ A1 0.514506} {_18630_ A 1.204200}	
INPUT	command_v[3]	command_v[3]	0.953996	{_19117_ A 0.447496} {_18661_ A 0.506500}	
INPUT	fence_identity[0]	fence_identity[0]	0.901156	{_20110_ B 0.901156}	
INPUT	fence_identity[100]	fence_identity[100]	0.901156	{_20272_ B 0.901156}	
INPUT	fence_identity[101]	fence_identity[101]	0.901156	{_20222_ B 0.901156}	
INPUT	fence_identity[102]	fence_identity[102]	0.901156	{_20246_ B 0.901156}	
INPUT	fence_identity[103]	fence_identity[103]	0.901156	{_20223_ B 0.901156}	
INPUT	fence_identity[104]	fence_identity[104]	0.901156	{_20257_ B 0.901156}	
INPUT	fence_identity[105]	fence_identity[105]	0.901156	{_20231_ B 0.901156}	
INPUT	fence_identity[106]	fence_identity[106]	0.901156	{_20250_ B 0.901156}	
INPUT	fence_identity[107]	fence_identity[107]	0.901156	{_20224_ B 0.901156}	
INPUT	fence_identity[108]	fence_identity[108]	0.901156	{_20221_ B 0.901156}	
INPUT	fence_identity[109]	fence_identity[109]	0.901156	{_20273_ B 0.901156}	
INPUT	fence_identity[10]	fence_identity[10]	0.901156	{_20102_ B 0.901156}	
INPUT	fence_identity[110]	fence_identity[110]	0.901156	{_20267_ B 0.901156}	
INPUT	fence_identity[111]	fence_identity[111]	0.901156	{_20227_ B 0.901156}	
INPUT	fence_identity[112]	fence_identity[112]	0.901156	{_20276_ B 0.901156}	
INPUT	fence_identity[113]	fence_identity[113]	0.901156	{_20268_ B 0.901156}	
INPUT	fence_identity[114]	fence_identity[114]	0.901156	{_20241_ B 0.901156}	
INPUT	fence_identity[115]	fence_identity[115]	0.901156	{_20251_ B 0.901156}	
INPUT	fence_identity[116]	fence_identity[116]	0.901156	{_20270_ B 0.901156}	
INPUT	fence_identity[117]	fence_identity[117]	0.901156	{_20229_ B 0.901156}	
INPUT	fence_identity[118]	fence_identity[118]	0.901156	{_20236_ B 0.901156}	
INPUT	fence_identity[119]	fence_identity[119]	0.901156	{_20232_ B 0.901156}	
INPUT	fence_identity[11]	fence_identity[11]	0.901156	{_20079_ B 0.901156}	
INPUT	fence_identity[120]	fence_identity[120]	0.901156	{_20247_ B 0.901156}	
INPUT	fence_identity[121]	fence_identity[121]	0.901156	{_20263_ B 0.901156}	
INPUT	fence_identity[122]	fence_identity[122]	0.901156	{_20249_ B 0.901156}	
INPUT	fence_identity[123]	fence_identity[123]	0.901156	{_20282_ B 0.901156}	
INPUT	fence_identity[124]	fence_identity[124]	0.901156	{_20271_ B 0.901156}	
INPUT	fence_identity[125]	fence_identity[125]	0.901156	{_20226_ B 0.901156}	
INPUT	fence_identity[126]	fence_identity[126]	0.901156	{_20242_ B 0.901156}	
INPUT	fence_identity[127]	fence_identity[127]	0.901156	{_20252_ B 0.901156}	
INPUT	fence_identity[128]	fence_identity[128]	0.901156	{_20239_ B 0.901156}	
INPUT	fence_identity[129]	fence_identity[129]	0.901156	{_20261_ B 0.901156}	
INPUT	fence_identity[12]	fence_identity[12]	0.901156	{_20099_ B 0.901156}	
INPUT	fence_identity[130]	fence_identity[130]	0.901156	{_20260_ B 0.901156}	
INPUT	fence_identity[131]	fence_identity[131]	0.901156	{_20248_ B 0.901156}	
INPUT	fence_identity[132]	fence_identity[132]	0.901156	{_20234_ B 0.901156}	
INPUT	fence_identity[133]	fence_identity[133]	0.901156	{_20235_ B 0.901156}	
INPUT	fence_identity[134]	fence_identity[134]	0.901156	{_20266_ B 0.901156}	
INPUT	fence_identity[135]	fence_identity[135]	0.901156	{_20281_ B 0.901156}	
INPUT	fence_identity[136]	fence_identity[136]	0.901156	{_20237_ B 0.901156}	
INPUT	fence_identity[137]	fence_identity[137]	0.901156	{_20258_ B 0.901156}	
INPUT	fence_identity[138]	fence_identity[138]	0.901156	{_20230_ B 0.901156}	
INPUT	fence_identity[139]	fence_identity[139]	0.901156	{_20240_ B 0.901156}	
INPUT	fence_identity[13]	fence_identity[13]	0.901156	{_20055_ B 0.901156}	
INPUT	fence_identity[140]	fence_identity[140]	0.901156	{_20245_ B 0.901156}	
INPUT	fence_identity[141]	fence_identity[141]	0.901156	{_19968_ B 0.901156}	
INPUT	fence_identity[142]	fence_identity[142]	0.901156	{_19991_ B 0.901156}	
INPUT	fence_identity[143]	fence_identity[143]	0.901156	{_19969_ B 0.901156}	
INPUT	fence_identity[144]	fence_identity[144]	0.901156	{_20005_ B 0.901156}	
INPUT	fence_identity[145]	fence_identity[145]	0.901156	{_19970_ B 0.901156}	
INPUT	fence_identity[146]	fence_identity[146]	0.901156	{_19977_ B 0.901156}	
INPUT	fence_identity[147]	fence_identity[147]	0.901156	{_19967_ B 0.901156}	
INPUT	fence_identity[148]	fence_identity[148]	0.901156	{_19997_ B 0.901156}	
INPUT	fence_identity[149]	fence_identity[149]	0.901156	{_19996_ B 0.901156}	
INPUT	fence_identity[14]	fence_identity[14]	0.901156	{_20051_ B 0.901156}	
INPUT	fence_identity[150]	fence_identity[150]	0.901156	{_20003_ B 0.901156}	
INPUT	fence_identity[151]	fence_identity[151]	0.901156	{_20026_ B 0.901156}	
INPUT	fence_identity[152]	fence_identity[152]	0.901156	{_19971_ B 0.901156}	
INPUT	fence_identity[153]	fence_identity[153]	0.901156	{_20022_ B 0.901156}	
INPUT	fence_identity[154]	fence_identity[154]	0.901156	{_19972_ B 0.901156}	
INPUT	fence_identity[155]	fence_identity[155]	0.901156	{_20015_ B 0.901156}	
INPUT	fence_identity[156]	fence_identity[156]	0.901156	{_19993_ B 0.901156}	
INPUT	fence_identity[157]	fence_identity[157]	0.901156	{_19973_ B 0.901156}	
INPUT	fence_identity[158]	fence_identity[158]	0.901156	{_19987_ B 0.901156}	
INPUT	fence_identity[159]	fence_identity[159]	0.901156	{_19995_ B 0.901156}	
INPUT	fence_identity[15]	fence_identity[15]	0.901156	{_20100_ B 0.901156}	
INPUT	fence_identity[160]	fence_identity[160]	0.901156	{_20007_ B 0.901156}	
INPUT	fence_identity[161]	fence_identity[161]	0.901156	{_20013_ B 0.901156}	
INPUT	fence_identity[162]	fence_identity[162]	0.901156	{_20002_ B 0.901156}	
INPUT	fence_identity[163]	fence_identity[163]	0.901156	{_20014_ B 0.901156}	
INPUT	fence_identity[164]	fence_identity[164]	0.901156	{_19998_ B 0.901156}	
INPUT	fence_identity[165]	fence_identity[165]	0.901156	{_20006_ B 0.901156}	
INPUT	fence_identity[166]	fence_identity[166]	0.901156	{_19975_ B 0.901156}	
INPUT	fence_identity[167]	fence_identity[167]	0.901156	{_19985_ B 0.901156}	
INPUT	fence_identity[168]	fence_identity[168]	0.901156	{_20008_ B 0.901156}	
INPUT	fence_identity[169]	fence_identity[169]	0.901156	{_20016_ B 0.901156}	
INPUT	fence_identity[16]	fence_identity[16]	0.901156	{_20092_ B 0.901156}	
INPUT	fence_identity[170]	fence_identity[170]	0.901156	{_19978_ B 0.901156}	
INPUT	fence_identity[171]	fence_identity[171]	0.901156	{_19994_ B 0.901156}	
INPUT	fence_identity[172]	fence_identity[172]	0.901156	{_19981_ B 0.901156}	
INPUT	fence_identity[173]	fence_identity[173]	0.901156	{_19982_ B 0.901156}	
INPUT	fence_identity[174]	fence_identity[174]	0.901156	{_20018_ B 0.901156}	
INPUT	fence_identity[175]	fence_identity[175]	0.901156	{_20019_ B 0.901156}	
INPUT	fence_identity[176]	fence_identity[176]	0.901156	{_19988_ B 0.901156}	
INPUT	fence_identity[177]	fence_identity[177]	0.901156	{_19976_ B 0.901156}	
INPUT	fence_identity[178]	fence_identity[178]	0.901156	{_20028_ B 0.901156}	
INPUT	fence_identity[179]	fence_identity[179]	0.901156	{_20027_ B 0.901156}	
INPUT	fence_identity[17]	fence_identity[17]	0.901156	{_20080_ B 0.901156}	
INPUT	fence_identity[180]	fence_identity[180]	0.901156	{_19980_ B 0.901156}	
INPUT	fence_identity[181]	fence_identity[181]	0.901156	{_20017_ B 0.901156}	
INPUT	fence_identity[182]	fence_identity[182]	0.901156	{_19983_ B 0.901156}	
INPUT	fence_identity[183]	fence_identity[183]	0.901156	{_20009_ B 0.901156}	
INPUT	fence_identity[184]	fence_identity[184]	0.901156	{_19986_ B 0.901156}	
INPUT	fence_identity[185]	fence_identity[185]	0.901156	{_20004_ B 0.901156}	
INPUT	fence_identity[186]	fence_identity[186]	0.901156	{_20012_ B 0.901156}	
INPUT	fence_identity[187]	fence_identity[187]	0.901156	{_19992_ B 0.901156}	
INPUT	fence_identity[18]	fence_identity[18]	0.901156	{_20057_ B 0.901156}	
INPUT	fence_identity[19]	fence_identity[19]	0.901156	{_20069_ B 0.901156}	
INPUT	fence_identity[1]	fence_identity[1]	0.901156	{_20076_ B 0.901156}	
INPUT	fence_identity[20]	fence_identity[20]	0.901156	{_20097_ B 0.901156}	
INPUT	fence_identity[21]	fence_identity[21]	0.901156	{_20112_ B 0.901156}	
INPUT	fence_identity[22]	fence_identity[22]	0.901156	{_20086_ B 0.901156}	
INPUT	fence_identity[23]	fence_identity[23]	0.901156	{_20059_ B 0.901156}	
INPUT	fence_identity[24]	fence_identity[24]	0.901156	{_20087_ B 0.901156}	
INPUT	fence_identity[25]	fence_identity[25]	0.901156	{_20101_ B 0.901156}	
INPUT	fence_identity[26]	fence_identity[26]	0.901156	{_20078_ B 0.901156}	
INPUT	fence_identity[27]	fence_identity[27]	0.901156	{_20061_ B 0.901156}	
INPUT	fence_identity[28]	fence_identity[28]	0.901156	{_20103_ B 0.901156}	
INPUT	fence_identity[29]	fence_identity[29]	0.901156	{_20091_ B 0.901156}	
INPUT	fence_identity[2]	fence_identity[2]	0.901156	{_20054_ B 0.901156}	
INPUT	fence_identity[30]	fence_identity[30]	0.901156	{_20082_ B 0.901156}	
INPUT	fence_identity[31]	fence_identity[31]	0.901156	{_20062_ B 0.901156}	
INPUT	fence_identity[32]	fence_identity[32]	0.901156	{_20090_ B 0.901156}	
INPUT	fence_identity[33]	fence_identity[33]	0.901156	{_20071_ B 0.901156}	
INPUT	fence_identity[34]	fence_identity[34]	0.901156	{_20066_ B 0.901156}	
INPUT	fence_identity[35]	fence_identity[35]	0.901156	{_20065_ B 0.901156}	
INPUT	fence_identity[36]	fence_identity[36]	0.901156	{_20067_ B 0.901156}	
INPUT	fence_identity[37]	fence_identity[37]	0.901156	{_20111_ B 0.901156}	
INPUT	fence_identity[38]	fence_identity[38]	0.901156	{_20077_ B 0.901156}	
INPUT	fence_identity[39]	fence_identity[39]	0.901156	{_20096_ B 0.901156}	
INPUT	fence_identity[3]	fence_identity[3]	0.901156	{_20056_ B 0.901156}	
INPUT	fence_identity[40]	fence_identity[40]	0.901156	{_20064_ B 0.901156}	
INPUT	fence_identity[41]	fence_identity[41]	0.901156	{_20072_ B 0.901156}	
INPUT	fence_identity[42]	fence_identity[42]	0.901156	{_20070_ B 0.901156}	
INPUT	fence_identity[43]	fence_identity[43]	0.901156	{_20093_ B 0.901156}	
INPUT	fence_identity[44]	fence_identity[44]	0.901156	{_20088_ B 0.901156}	
INPUT	fence_identity[45]	fence_identity[45]	0.901156	{_20060_ B 0.901156}	
INPUT	fence_identity[46]	fence_identity[46]	0.901156	{_20075_ B 0.901156}	
INPUT	fence_identity[47]	fence_identity[47]	0.901156	{_20354_ B 0.901156}	
INPUT	fence_identity[48]	fence_identity[48]	0.901156	{_20358_ B 0.901156}	
INPUT	fence_identity[49]	fence_identity[49]	0.901156	{_20334_ B 0.901156}	
INPUT	fence_identity[4]	fence_identity[4]	0.901156	{_20052_ B 0.901156}	
INPUT	fence_identity[50]	fence_identity[50]	0.901156	{_20311_ B 0.901156}	
INPUT	fence_identity[51]	fence_identity[51]	0.901156	{_20316_ B 0.901156}	
INPUT	fence_identity[52]	fence_identity[52]	0.901156	{_20350_ B 0.901156}	
INPUT	fence_identity[53]	fence_identity[53]	0.901156	{_20312_ B 0.901156}	
INPUT	fence_identity[54]	fence_identity[54]	0.901156	{_20336_ B 0.901156}	
INPUT	fence_identity[55]	fence_identity[55]	0.901156	{_20321_ B 0.901156}	
INPUT	fence_identity[56]	fence_identity[56]	0.901156	{_20368_ B 0.901156}	
INPUT	fence_identity[57]	fence_identity[57]	0.901156	{_20351_ B 0.901156}	
INPUT	fence_identity[58]	fence_identity[58]	0.901156	{_20319_ B 0.901156}	
INPUT	fence_identity[59]	fence_identity[59]	0.901156	{_20370_ B 0.901156}	
INPUT	fence_identity[5]	fence_identity[5]	0.901156	{_20053_ B 0.901156}	
INPUT	fence_identity[60]	fence_identity[60]	0.901156	{_20327_ B 0.901156}	
INPUT	fence_identity[61]	fence_identity[61]	0.901156	{_20317_ B 0.901156}	
INPUT	fence_identity[62]	fence_identity[62]	0.901156	{_20348_ B 0.901156}	
INPUT	fence_identity[63]	fence_identity[63]	0.901156	{_20345_ B 0.901156}	
INPUT	fence_identity[64]	fence_identity[64]	0.901156	{_20364_ B 0.901156}	
INPUT	fence_identity[65]	fence_identity[65]	0.901156	{_20335_ B 0.901156}	
INPUT	fence_identity[66]	fence_identity[66]	0.901156	{_20337_ B 0.901156}	
INPUT	fence_identity[67]	fence_identity[67]	0.901156	{_20365_ B 0.901156}	
INPUT	fence_identity[68]	fence_identity[68]	0.901156	{_20349_ B 0.901156}	
INPUT	fence_identity[69]	fence_identity[69]	0.901156	{_20360_ B 0.901156}	
INPUT	fence_identity[6]	fence_identity[6]	0.901156	{_20081_ B 0.901156}	
INPUT	fence_identity[70]	fence_identity[70]	0.901156	{_20313_ B 0.901156}	
INPUT	fence_identity[71]	fence_identity[71]	0.901156	{_20326_ B 0.901156}	
INPUT	fence_identity[72]	fence_identity[72]	0.901156	{_20367_ B 0.901156}	
INPUT	fence_identity[73]	fence_identity[73]	0.901156	{_20314_ B 0.901156}	
INPUT	fence_identity[74]	fence_identity[74]	0.901156	{_20318_ B 0.901156}	
INPUT	fence_identity[75]	fence_identity[75]	0.901156	{_20371_ B 0.901156}	
INPUT	fence_identity[76]	fence_identity[76]	0.901156	{_20369_ B 0.901156}	
INPUT	fence_identity[77]	fence_identity[77]	0.901156	{_20342_ B 0.901156}	
INPUT	fence_identity[78]	fence_identity[78]	0.901156	{_20355_ B 0.901156}	
INPUT	fence_identity[79]	fence_identity[79]	0.901156	{_20332_ B 0.901156}	
INPUT	fence_identity[7]	fence_identity[7]	0.901156	{_20098_ B 0.901156}	
INPUT	fence_identity[80]	fence_identity[80]	0.901156	{_20320_ B 0.901156}	
INPUT	fence_identity[81]	fence_identity[81]	0.901156	{_20341_ B 0.901156}	
INPUT	fence_identity[82]	fence_identity[82]	0.901156	{_20353_ B 0.901156}	
INPUT	fence_identity[83]	fence_identity[83]	0.901156	{_20331_ B 0.901156}	
INPUT	fence_identity[84]	fence_identity[84]	0.901156	{_20344_ B 0.901156}	
INPUT	fence_identity[85]	fence_identity[85]	0.901156	{_20322_ B 0.901156}	
INPUT	fence_identity[86]	fence_identity[86]	0.901156	{_20359_ B 0.901156}	
INPUT	fence_identity[87]	fence_identity[87]	0.901156	{_20323_ B 0.901156}	
INPUT	fence_identity[88]	fence_identity[88]	0.901156	{_20343_ B 0.901156}	
INPUT	fence_identity[89]	fence_identity[89]	0.901156	{_20346_ B 0.901156}	
INPUT	fence_identity[8]	fence_identity[8]	0.901156	{_20089_ B 0.901156}	
INPUT	fence_identity[90]	fence_identity[90]	0.901156	{_20361_ B 0.901156}	
INPUT	fence_identity[91]	fence_identity[91]	0.901156	{_20356_ B 0.901156}	
INPUT	fence_identity[92]	fence_identity[92]	0.901156	{_20340_ B 0.901156}	
INPUT	fence_identity[93]	fence_identity[93]	0.901156	{_20366_ B 0.901156}	
INPUT	fence_identity[94]	fence_identity[94]	0.901156	{_20225_ B 0.901156}	
INPUT	fence_identity[95]	fence_identity[95]	0.901156	{_20280_ B 0.901156}	
INPUT	fence_identity[96]	fence_identity[96]	0.901156	{_20262_ B 0.901156}	
INPUT	fence_identity[97]	fence_identity[97]	0.901156	{_20269_ B 0.901156}	
INPUT	fence_identity[98]	fence_identity[98]	0.901156	{_20256_ B 0.901156}	
INPUT	fence_identity[99]	fence_identity[99]	0.901156	{_20259_ B 0.901156}	
INPUT	fence_identity[9]	fence_identity[9]	0.901156	{_20106_ B 0.901156}	
INPUT	fence_v[0]	fence_v[0]	1.089899	{_20305_ A 0.578766} {_20115_ B 0.511133}	
INPUT	fence_v[1]	fence_v[1]	0.578766	{_20375_ A 0.578766}	
INPUT	fence_v[2]	fence_v[2]	1.089899	{_20288_ B 0.511133} {_20220_ A 0.578766}	
INPUT	fence_v[3]	fence_v[3]	1.089899	{_20034_ B 0.511133} {_19966_ A 0.578766}	
INPUT	fence_visibility[0]	fence_visibility[0]	0.526481	{_20108_ D 0.526481}	
INPUT	fence_visibility[10]	fence_visibility[10]	0.526481	{_20278_ D 0.526481}	
INPUT	fence_visibility[11]	fence_visibility[11]	0.507309	{_20278_ C 0.507309}	
INPUT	fence_visibility[12]	fence_visibility[12]	0.510941	{_20278_ B 0.510941}	
INPUT	fence_visibility[13]	fence_visibility[13]	0.552403	{_20278_ A 0.552403}	
INPUT	fence_visibility[14]	fence_visibility[14]	0.431474	{_20279_ D 0.431474}	
INPUT	fence_visibility[15]	fence_visibility[15]	0.526481	{_20024_ D 0.526481}	
INPUT	fence_visibility[16]	fence_visibility[16]	0.507309	{_20024_ C 0.507309}	
INPUT	fence_visibility[17]	fence_visibility[17]	0.510941	{_20024_ B 0.510941}	
INPUT	fence_visibility[18]	fence_visibility[18]	0.552403	{_20024_ A 0.552403}	
INPUT	fence_visibility[19]	fence_visibility[19]	0.431474	{_20025_ D 0.431474}	
INPUT	fence_visibility[1]	fence_visibility[1]	0.507309	{_20108_ C 0.507309}	
INPUT	fence_visibility[2]	fence_visibility[2]	0.510941	{_20108_ B 0.510941}	
INPUT	fence_visibility[3]	fence_visibility[3]	0.552403	{_20108_ A 0.552403}	
INPUT	fence_visibility[4]	fence_visibility[4]	0.431474	{_20109_ D 0.431474}	
INPUT	fence_visibility[5]	fence_visibility[5]	0.526481	{_20329_ D 0.526481}	
INPUT	fence_visibility[6]	fence_visibility[6]	0.507309	{_20329_ C 0.507309}	
INPUT	fence_visibility[7]	fence_visibility[7]	0.510941	{_20329_ B 0.510941}	
INPUT	fence_visibility[8]	fence_visibility[8]	0.552403	{_20329_ A 0.552403}	
INPUT	fence_visibility[9]	fence_visibility[9]	0.431474	{_20330_ D 0.431474}	
OUTPUT	initializing	initializing	3.644232	{_20444_ A 0.547046} {_20431_ A 0.547046} {_17803_ B 0.489888} {_17786_ C 0.510343} {_11960_ A 0.464643} {_11377_ A 0.506500} {_11373_ A 0.578766}	{{u_cfg.g_live.ready_mem$_DFFE_PP_} QN DFFHQNx1_ASAP7_75t_R}
OUTPUT	pending	pending	2.6856020000000003	{_20330_ C 0.431762} {_20279_ C 0.431762} {_20109_ C 0.431762} {_20025_ C 0.431762} {_19347_ A 0.479277} {_18964_ A 0.479277}	{_10625_ Y INVx1_ASAP7_75t_R}
INPUT	pr_blk[0]	pr_blk[0]	0.508331	{_16633_ A1 0.508331}	
INPUT	pr_blk[1]	pr_blk[1]	0.508331	{_16631_ A1 0.508331}	
INPUT	pr_blk[2]	pr_blk[2]	0.508331	{_16629_ A1 0.508331}	
INPUT	pr_blk[3]	pr_blk[3]	0.508331	{_20125_ A1 0.508331}	
INPUT	pr_pos[0]	pr_pos[0]	0.514506	{_11333_ A1 0.514506}	
INPUT	pr_pos[10]	pr_pos[10]	0.5065	{_11313_ A 0.506500}	
INPUT	pr_pos[11]	pr_pos[11]	4.024933	{_16642_ A1 0.514506} {_16640_ A1 0.508331} {_11350_ B 1.037830} {_11325_ B 0.511133} {_11322_ A 0.578766} {_11321_ A2 0.874367}	
INPUT	pr_pos[12]	pr_pos[12]	4.439571	{_16645_ A 0.447496} {_16564_ A1 0.514506} {_11351_ B 1.037830} {_11324_ B 0.901156} {_11323_ C 0.510343} {_11321_ A1 1.028240}	
INPUT	pr_pos[13]	pr_pos[13]	2.329208	{_11358_ B 0.511133} {_11355_ A 0.578766} {_11354_ A2 0.874367} {_11303_ B 0.364942}	
INPUT	pr_pos[14]	pr_pos[14]	3.9636620000000002	{_16559_ A1 0.514506} {_11357_ B 0.901156} {_11356_ C 0.510343} {_11354_ A1 1.028240} {_11304_ A2 0.528014} {_11303_ A2 0.481403}	
INPUT	pr_pos[15]	pr_pos[15]	3.002096	{_11365_ B 0.511133} {_11362_ A 0.578766} {_11361_ A2 0.874367} {_11305_ B 1.037830}	
INPUT	pr_pos[16]	pr_pos[16]	3.9920750000000003	{_16554_ A1 0.514506} {_11364_ B 0.901156} {_11363_ C 0.510343} {_11361_ A1 1.028240} {_11306_ B 1.037830}	
INPUT	pr_pos[17]	pr_pos[17]	2.329208	{_11307_ B 0.364942} {_11292_ B 0.511133} {_11289_ A 0.578766} {_11288_ A2 0.874367}	
INPUT	pr_pos[18]	pr_pos[18]	3.9636620000000002	{_16549_ A1 0.514506} {_11308_ A2 0.528014} {_11307_ A2 0.481403} {_11291_ B 0.901156} {_11290_ C 0.510343} {_11288_ A1 1.028240}	
INPUT	pr_pos[19]	pr_pos[19]	3.155969	{_11309_ B 1.037830} {_11299_ B 0.511133} {_11296_ A 0.578766} {_11295_ A1 1.028240}	
INPUT	pr_pos[1]	pr_pos[1]	0.514506	{_11277_ A1 0.514506}	
INPUT	pr_pos[20]	pr_pos[20]	3.8382019999999994	{_20118_ A1 0.514506} {_11310_ B 1.037830} {_11298_ B 0.901156} {_11297_ C 0.510343} {_11295_ A2 0.874367}	
INPUT	pr_pos[2]	pr_pos[2]	0.514506	{_11272_ A1 0.514506}	
INPUT	pr_pos[3]	pr_pos[3]	1.063685	{_11371_ A 0.549179} {_11338_ A1 0.514506}	
INPUT	pr_pos[4]	pr_pos[4]	1.4737580000000001	{_17880_ A 0.578766} {_12044_ A 0.447496} {_11329_ A 0.447496}	
INPUT	pr_pos[5]	pr_pos[5]	2.8557930000000002	{_16583_ A1 0.514506} {_12075_ A 0.901377} {_12047_ A 0.555594} {_11346_ B1 0.369810} {_11341_ A1 0.514506}	
INPUT	pr_pos[6]	pr_pos[6]	2.282771	{_12071_ A 0.901377} {_12050_ A 0.555594} {_11346_ A2 0.378304} {_11342_ A 0.447496}	
INPUT	pr_pos[7]	pr_pos[7]	3.515666	{_16577_ A1 0.514506} {_12065_ A 0.901377} {_12051_ B 1.037830} {_11347_ C1 0.547447} {_11343_ A1 0.514506}	
INPUT	pr_pos[8]	pr_pos[8]	4.20515	{_16574_ A1 0.514506} {_12059_ A 0.901377} {_12052_ A2 0.874367} {_12040_ B 0.924352} {_11347_ A2 0.476042} {_11312_ A1 0.514506}	
INPUT	pr_pos[9]	pr_pos[9]	3.7559259999999997	{_16637_ B 0.525341} {_12054_ A 0.901377} {_11348_ B 0.364942} {_11318_ B 0.511133} {_11315_ A 0.578766} {_11314_ A2 0.874367}	
OUTPUT	pr_q[0]	pr_q[0]	0.		{_20577_ Y BUFx2_ASAP7_75t_R}
OUTPUT	pr_q[10]	pr_q[10]	0.		{_20587_ Y BUFx2_ASAP7_75t_R}
OUTPUT	pr_q[11]	pr_q[11]	0.		{_20588_ Y BUFx2_ASAP7_75t_R}
OUTPUT	pr_q[12]	pr_q[12]	0.		{_20589_ Y BUFx2_ASAP7_75t_R}
OUTPUT	pr_q[13]	pr_q[13]	0.		{_20590_ Y BUFx2_ASAP7_75t_R}
OUTPUT	pr_q[14]	pr_q[14]	0.		{_20591_ Y BUFx2_ASAP7_75t_R}
OUTPUT	pr_q[15]	pr_q[15]	0.		{_20592_ Y BUFx2_ASAP7_75t_R}
OUTPUT	pr_q[16]	pr_q[16]	0.		{_20593_ Y BUFx2_ASAP7_75t_R}
OUTPUT	pr_q[17]	pr_q[17]	0.		{_20594_ Y BUFx2_ASAP7_75t_R}
OUTPUT	pr_q[18]	pr_q[18]	0.		{_20595_ Y BUFx2_ASAP7_75t_R}
OUTPUT	pr_q[19]	pr_q[19]	0.		{_20596_ Y BUFx2_ASAP7_75t_R}
OUTPUT	pr_q[1]	pr_q[1]	0.		{_20578_ Y BUFx2_ASAP7_75t_R}
OUTPUT	pr_q[20]	pr_q[20]	0.		{_20597_ Y BUFx2_ASAP7_75t_R}
OUTPUT	pr_q[2]	pr_q[2]	0.		{_20579_ Y BUFx2_ASAP7_75t_R}
OUTPUT	pr_q[3]	pr_q[3]	0.		{_20580_ Y BUFx2_ASAP7_75t_R}
OUTPUT	pr_q[4]	pr_q[4]	0.		{_20581_ Y BUFx2_ASAP7_75t_R}
OUTPUT	pr_q[5]	pr_q[5]	0.		{_20582_ Y BUFx2_ASAP7_75t_R}
OUTPUT	pr_q[6]	pr_q[6]	0.		{_20583_ Y BUFx2_ASAP7_75t_R}
OUTPUT	pr_q[7]	pr_q[7]	0.		{_20584_ Y BUFx2_ASAP7_75t_R}
OUTPUT	pr_q[8]	pr_q[8]	0.		{_20585_ Y BUFx2_ASAP7_75t_R}
OUTPUT	pr_q[9]	pr_q[9]	0.		{_20586_ Y BUFx2_ASAP7_75t_R}
OUTPUT	pr_qk	pr_qk	0.		{_20538_ Y BUFx2_ASAP7_75t_R}
INPUT	pr_re	pr_re	1.089899	{_20202_ B 0.511133} {_16528_ A 0.578766}	
INPUT	pr_user[0]	pr_user[0]	1.902704	{_17882_ A 0.901377} {_16529_ B 0.486821} {_12043_ A1 0.514506}	
INPUT	pr_user[1]	pr_user[1]	2.453713	{_16530_ B 1.037830} {_12077_ A 0.901377} {_12046_ A1 0.514506}	
INPUT	pr_user[2]	pr_user[2]	2.453713	{_16531_ B 1.037830} {_12073_ A 0.901377} {_12049_ A1 0.514506}	
INPUT	pr_user[3]	pr_user[3]	3.009307	{_16619_ A1 0.514506} {_16532_ B 1.037830} {_12067_ A 0.901377} {_12051_ A 0.555594}	
INPUT	pr_user[4]	pr_user[4]	4.406852	{_16616_ A1 0.514506} {_16533_ B 1.037830} {_12061_ A 0.901377} {_12052_ A1 1.028240} {_12040_ A 0.924899}	
INPUT	pr_user[5]	pr_user[5]	3.4120980000000003	{_16638_ A1 0.450054} {_16637_ A1 0.514506} {_16613_ A1 0.508331} {_16534_ B 1.037830} {_12056_ A 0.901377}	
INPUT	pr_user[6]	pr_user[6]	1.552336	{_16609_ A1 0.514506} {_16535_ B 1.037830}	
INPUT	pr_user[7]	pr_user[7]	1.552336	{_16604_ A1 0.514506} {_16536_ B 1.037830}	
INPUT	pr_user[8]	pr_user[8]	2.573146	{_16634_ A1 1.020810} {_16599_ A1 0.514506} {_16537_ B 1.037830}	
INPUT	pr_user[9]	pr_user[9]	2.453713	{_20127_ A 0.901377} {_20121_ A1 0.514506} {_16538_ B 1.037830}	
INPUT	request_entry[0]	request_entry[0]	0.503481	{_16169_ B 0.503481}	
INPUT	request_entry[10]	request_entry[10]	0.497947	{_16171_ C 0.497947}	
INPUT	request_entry[11]	request_entry[11]	0.515291	{_16171_ D 0.515291}	
INPUT	request_entry[12]	request_entry[12]	0.553988	{_16171_ A 0.553988}	
INPUT	request_entry[13]	request_entry[13]	0.503481	{_16171_ B 0.503481}	
INPUT	request_entry[1]	request_entry[1]	0.497947	{_16169_ C 0.497947}	
INPUT	request_entry[2]	request_entry[2]	0.578766	{_16170_ A 0.578766}	
INPUT	request_entry[3]	request_entry[3]	0.578766	{_16168_ A 0.578766}	
INPUT	request_entry[4]	request_entry[4]	0.428503	{_16178_ B 0.428503}	
INPUT	request_entry[5]	request_entry[5]	0.553988	{_16169_ A 0.553988}	
INPUT	request_entry[6]	request_entry[6]	0.483058	{_16178_ A 0.483058}	
INPUT	request_entry[7]	request_entry[7]	0.425076	{_16172_ C 0.425076}	
INPUT	request_entry[8]	request_entry[8]	0.483058	{_16172_ A 0.483058}	
INPUT	request_entry[9]	request_entry[9]	0.428503	{_16172_ B 0.428503}	
INPUT	request_identity[0]	request_identity[0]	0.547046	{_16476_ A 0.547046}	
INPUT	request_identity[10]	request_identity[10]	0.547046	{_16455_ A 0.547046}	
INPUT	request_identity[11]	request_identity[11]	0.547046	{_16453_ A 0.547046}	
INPUT	request_identity[12]	request_identity[12]	0.547046	{_16451_ A 0.547046}	
INPUT	request_identity[13]	request_identity[13]	0.547046	{_16449_ A 0.547046}	
INPUT	request_identity[14]	request_identity[14]	0.547046	{_16447_ A 0.547046}	
INPUT	request_identity[15]	request_identity[15]	0.547046	{_16444_ A 0.547046}	
INPUT	request_identity[16]	request_identity[16]	0.547046	{_16440_ A 0.547046}	
INPUT	request_identity[17]	request_identity[17]	0.547046	{_16438_ A 0.547046}	
INPUT	request_identity[18]	request_identity[18]	0.547046	{_16436_ A 0.547046}	
INPUT	request_identity[19]	request_identity[19]	0.547046	{_16434_ A 0.547046}	
INPUT	request_identity[1]	request_identity[1]	0.547046	{_16474_ A 0.547046}	
INPUT	request_identity[20]	request_identity[20]	0.547046	{_16432_ A 0.547046}	
INPUT	request_identity[21]	request_identity[21]	0.547046	{_16430_ A 0.547046}	
INPUT	request_identity[22]	request_identity[22]	0.547046	{_16428_ A 0.547046}	
INPUT	request_identity[23]	request_identity[23]	0.547046	{_16426_ A 0.547046}	
INPUT	request_identity[24]	request_identity[24]	0.547046	{_16424_ A 0.547046}	
INPUT	request_identity[25]	request_identity[25]	0.547046	{_16422_ A 0.547046}	
INPUT	request_identity[26]	request_identity[26]	0.547046	{_16417_ A 0.547046}	
INPUT	request_identity[27]	request_identity[27]	0.547046	{_16415_ A 0.547046}	
INPUT	request_identity[28]	request_identity[28]	0.547046	{_16413_ A 0.547046}	
INPUT	request_identity[29]	request_identity[29]	0.547046	{_16411_ A 0.547046}	
INPUT	request_identity[2]	request_identity[2]	0.547046	{_16472_ A 0.547046}	
INPUT	request_identity[30]	request_identity[30]	0.547046	{_16409_ A 0.547046}	
INPUT	request_identity[31]	request_identity[31]	1.405837	{_16407_ A 0.547046} {_16176_ B 0.858791}	
INPUT	request_identity[32]	request_identity[32]	1.405837	{_16405_ A 0.547046} {_16189_ B 0.858791}	
INPUT	request_identity[33]	request_identity[33]	1.405837	{_16403_ A 0.547046} {_16184_ B 0.858791}	
INPUT	request_identity[34]	request_identity[34]	1.405837	{_16401_ A 0.547046} {_16179_ B 0.858791}	
INPUT	request_identity[35]	request_identity[35]	1.405837	{_16399_ A 0.547046} {_16187_ B 0.858791}	
INPUT	request_identity[36]	request_identity[36]	1.405837	{_16394_ A 0.547046} {_16182_ B 0.858791}	
INPUT	request_identity[37]	request_identity[37]	1.405837	{_16392_ A 0.547046} {_16173_ B 0.858791}	
INPUT	request_identity[38]	request_identity[38]	1.405837	{_16390_ A 0.547046} {_16190_ B 0.858791}	
INPUT	request_identity[39]	request_identity[39]	1.405837	{_16388_ A 0.547046} {_16185_ B 0.858791}	
INPUT	request_identity[3]	request_identity[3]	0.547046	{_16470_ A 0.547046}	
INPUT	request_identity[40]	request_identity[40]	1.405837	{_16386_ A 0.547046} {_16180_ B 0.858791}	
INPUT	request_identity[41]	request_identity[41]	1.405837	{_16384_ A 0.547046} {_16175_ B 0.858791}	
INPUT	request_identity[42]	request_identity[42]	1.405837	{_16382_ A 0.547046} {_16186_ B 0.858791}	
INPUT	request_identity[43]	request_identity[43]	1.405837	{_16380_ A 0.547046} {_16181_ B 0.858791}	
INPUT	request_identity[44]	request_identity[44]	1.405837	{_16375_ A 0.547046} {_16192_ B 0.858791}	
INPUT	request_identity[45]	request_identity[45]	1.405837	{_16373_ A 0.547046} {_16191_ B 0.858791}	
INPUT	request_identity[46]	request_identity[46]	1.405837	{_19943_ A 0.547046} {_16174_ B 0.858791}	
INPUT	request_identity[4]	request_identity[4]	0.547046	{_16468_ A 0.547046}	
INPUT	request_identity[5]	request_identity[5]	0.547046	{_16466_ A 0.547046}	
INPUT	request_identity[6]	request_identity[6]	0.547046	{_16463_ A 0.547046}	
INPUT	request_identity[7]	request_identity[7]	0.547046	{_16461_ A 0.547046}	
INPUT	request_identity[8]	request_identity[8]	0.547046	{_16459_ A 0.547046}	
INPUT	request_identity[9]	request_identity[9]	0.547046	{_16457_ A 0.547046}	
OUTPUT	request_ready	request_ready	2.5859199999999998	{_20562_ B1 0.415392} {_20557_ B1 0.415392} {_20551_ B1 0.415392} {_20545_ B1 0.415392} {_11120_ B 0.924352}	{_11119_ Y AND2x2_ASAP7_75t_R}
INPUT	request_token[0]	request_token[0]	0.547046	{_16243_ A 0.547046}	
INPUT	request_token[10]	request_token[10]	0.547046	{_16219_ A 0.547046}	
INPUT	request_token[11]	request_token[11]	0.547046	{_16217_ A 0.547046}	
INPUT	request_token[12]	request_token[12]	0.547046	{_16215_ A 0.547046}	
INPUT	request_token[13]	request_token[13]	0.547046	{_16211_ A 0.547046}	
INPUT	request_token[14]	request_token[14]	0.547046	{_16209_ A 0.547046}	
INPUT	request_token[15]	request_token[15]	0.547046	{_16207_ A 0.547046}	
INPUT	request_token[16]	request_token[16]	0.547046	{_16205_ A 0.547046}	
INPUT	request_token[17]	request_token[17]	0.547046	{_16203_ A 0.547046}	
INPUT	request_token[18]	request_token[18]	0.547046	{_16201_ A 0.547046}	
INPUT	request_token[19]	request_token[19]	0.547046	{_16199_ A 0.547046}	
INPUT	request_token[1]	request_token[1]	0.547046	{_16241_ A 0.547046}	
INPUT	request_token[20]	request_token[20]	0.547046	{_19935_ A 0.547046}	
INPUT	request_token[2]	request_token[2]	0.547046	{_16239_ A 0.547046}	
INPUT	request_token[3]	request_token[3]	0.547046	{_16236_ A 0.547046}	
INPUT	request_token[4]	request_token[4]	0.547046	{_16234_ A 0.547046}	
INPUT	request_token[5]	request_token[5]	0.547046	{_16232_ A 0.547046}	
INPUT	request_token[6]	request_token[6]	0.547046	{_16230_ A 0.547046}	
INPUT	request_token[7]	request_token[7]	0.547046	{_16228_ A 0.547046}	
INPUT	request_token[8]	request_token[8]	0.547046	{_16226_ A 0.547046}	
INPUT	request_token[9]	request_token[9]	0.547046	{_16224_ A 0.547046}	
INPUT	request_v	request_v	3.3601699999999997	{_20562_ B2 0.373094} {_20557_ B2 0.373094} {_20551_ B2 0.373094} {_20545_ B2 0.373094} {_16377_ B 0.511133} {_11124_ C 0.431762} {_11120_ A 0.924899}	
INPUT	result_identity[0]	result_identity[0]	0.901156	{_16015_ B 0.901156}	
INPUT	result_identity[10]	result_identity[10]	0.901156	{_15993_ B 0.901156}	
INPUT	result_identity[11]	result_identity[11]	0.901156	{_16003_ B 0.901156}	
INPUT	result_identity[12]	result_identity[12]	0.901156	{_15969_ B 0.901156}	
INPUT	result_identity[13]	result_identity[13]	0.901156	{_16002_ B 0.901156}	
INPUT	result_identity[14]	result_identity[14]	0.901156	{_15964_ B 0.901156}	
INPUT	result_identity[15]	result_identity[15]	0.901156	{_16024_ B 0.901156}	
INPUT	result_identity[16]	result_identity[16]	0.901156	{_15975_ B 0.901156}	
INPUT	result_identity[17]	result_identity[17]	0.901156	{_15967_ B 0.901156}	
INPUT	result_identity[18]	result_identity[18]	1.0395159999999999	{_16028_ A 0.578766} {_16001_ B1 0.460750}	
INPUT	result_identity[19]	result_identity[19]	1.4040940000000002	{_16029_ B1 0.502966} {_16019_ B1 0.901128}	
INPUT	result_identity[1]	result_identity[1]	0.901156	{_16016_ B 0.901156}	
INPUT	result_identity[20]	result_identity[20]	0.901156	{_15960_ B 0.901156}	
INPUT	result_identity[21]	result_identity[21]	0.901156	{_15991_ B 0.901156}	
INPUT	result_identity[22]	result_identity[22]	0.901156	{_16023_ B 0.901156}	
INPUT	result_identity[23]	result_identity[23]	0.901156	{_16025_ B 0.901156}	
INPUT	result_identity[24]	result_identity[24]	0.901156	{_16004_ B 0.901156}	
INPUT	result_identity[25]	result_identity[25]	0.901156	{_15968_ B 0.901156}	
INPUT	result_identity[26]	result_identity[26]	0.901156	{_15981_ B 0.901156}	
INPUT	result_identity[27]	result_identity[27]	0.901156	{_15958_ B 0.901156}	
INPUT	result_identity[28]	result_identity[28]	0.901156	{_15959_ B 0.901156}	
INPUT	result_identity[29]	result_identity[29]	1.424308	{_16029_ A2 0.499956} {_15995_ B 0.924352}	
INPUT	result_identity[2]	result_identity[2]	0.901156	{_16011_ B 0.901156}	
INPUT	result_identity[30]	result_identity[30]	1.665683	{_16019_ A2 1.122090} {_16001_ A2 0.543593}	
INPUT	result_identity[31]	result_identity[31]	0.901156	{_15962_ B 0.901156}	
INPUT	result_identity[32]	result_identity[32]	0.901156	{_15989_ B 0.901156}	
INPUT	result_identity[33]	result_identity[33]	0.901156	{_16005_ B 0.901156}	
INPUT	result_identity[34]	result_identity[34]	0.901156	{_15977_ B 0.901156}	
INPUT	result_identity[35]	result_identity[35]	0.901156	{_15988_ B 0.901156}	
INPUT	result_identity[36]	result_identity[36]	0.901156	{_15984_ B 0.901156}	
INPUT	result_identity[37]	result_identity[37]	0.901156	{_15990_ B 0.901156}	
INPUT	result_identity[38]	result_identity[38]	0.901156	{_16009_ B 0.901156}	
INPUT	result_identity[39]	result_identity[39]	0.901156	{_15992_ B 0.901156}	
INPUT	result_identity[3]	result_identity[3]	0.901156	{_16007_ B 0.901156}	
INPUT	result_identity[40]	result_identity[40]	0.901156	{_15965_ B 0.901156}	
INPUT	result_identity[41]	result_identity[41]	0.901156	{_15970_ B 0.901156}	
INPUT	result_identity[42]	result_identity[42]	0.901156	{_15982_ B 0.901156}	
INPUT	result_identity[43]	result_identity[43]	0.901156	{_15987_ B 0.901156}	
INPUT	result_identity[44]	result_identity[44]	0.901156	{_16010_ B 0.901156}	
INPUT	result_identity[45]	result_identity[45]	0.901156	{_16012_ B 0.901156}	
INPUT	result_identity[46]	result_identity[46]	0.901156	{_15983_ B 0.901156}	
INPUT	result_identity[4]	result_identity[4]	0.901156	{_15979_ B 0.901156}	
INPUT	result_identity[5]	result_identity[5]	0.901156	{_16017_ B 0.901156}	
INPUT	result_identity[6]	result_identity[6]	0.901156	{_15980_ B 0.901156}	
INPUT	result_identity[7]	result_identity[7]	0.901156	{_16021_ B 0.901156}	
INPUT	result_identity[8]	result_identity[8]	0.901156	{_15956_ B 0.901156}	
INPUT	result_identity[9]	result_identity[9]	0.901156	{_15966_ B 0.901156}	
INPUT	result_token[0]	result_token[0]	0.924899	{_16348_ A 0.924899}	
INPUT	result_token[10]	result_token[10]	0.924899	{_16319_ A 0.924899}	
INPUT	result_token[11]	result_token[11]	0.924899	{_16316_ A 0.924899}	
INPUT	result_token[12]	result_token[12]	0.924899	{_16313_ A 0.924899}	
INPUT	result_token[13]	result_token[13]	0.924899	{_16310_ A 0.924899}	
INPUT	result_token[14]	result_token[14]	0.924899	{_16306_ A 0.924899}	
INPUT	result_token[15]	result_token[15]	0.924899	{_16303_ A 0.924899}	
INPUT	result_token[16]	result_token[16]	0.924899	{_16300_ A 0.924899}	
INPUT	result_token[17]	result_token[17]	0.924899	{_16296_ A 0.924899}	
INPUT	result_token[18]	result_token[18]	0.924899	{_16293_ A 0.924899}	
INPUT	result_token[19]	result_token[19]	0.924899	{_16290_ A 0.924899}	
INPUT	result_token[1]	result_token[1]	0.924899	{_16345_ A 0.924899}	
INPUT	result_token[20]	result_token[20]	0.924899	{_19940_ A 0.924899}	
INPUT	result_token[2]	result_token[2]	0.924899	{_16342_ A 0.924899}	
INPUT	result_token[3]	result_token[3]	0.924899	{_16339_ A 0.924899}	
INPUT	result_token[4]	result_token[4]	0.924899	{_16337_ A 0.924899}	
INPUT	result_token[5]	result_token[5]	0.924899	{_16334_ A 0.924899}	
INPUT	result_token[6]	result_token[6]	0.924899	{_16331_ A 0.924899}	
INPUT	result_token[7]	result_token[7]	0.924899	{_16328_ A 0.924899}	
INPUT	result_token[8]	result_token[8]	0.924899	{_16325_ A 0.924899}	
INPUT	result_token[9]	result_token[9]	0.924899	{_16322_ A 0.924899}	
INPUT	result_v	result_v	1.089899	{_19953_ A 0.578766} {_16032_ B 0.511133}	
INPUT	result_value[0]	result_value[0]	0.924899	{_16130_ A 0.924899}	
INPUT	result_value[10]	result_value[10]	0.924899	{_16099_ A 0.924899}	
INPUT	result_value[11]	result_value[11]	0.924899	{_16096_ A 0.924899}	
INPUT	result_value[12]	result_value[12]	0.924899	{_16093_ A 0.924899}	
INPUT	result_value[13]	result_value[13]	0.924899	{_16090_ A 0.924899}	
INPUT	result_value[14]	result_value[14]	0.924899	{_16086_ A 0.924899}	
INPUT	result_value[15]	result_value[15]	0.924899	{_16083_ A 0.924899}	
INPUT	result_value[16]	result_value[16]	0.924899	{_16080_ A 0.924899}	
INPUT	result_value[17]	result_value[17]	0.924899	{_16076_ A 0.924899}	
INPUT	result_value[18]	result_value[18]	0.924899	{_16073_ A 0.924899}	
INPUT	result_value[19]	result_value[19]	0.924899	{_16070_ A 0.924899}	
INPUT	result_value[1]	result_value[1]	0.924899	{_16128_ A 0.924899}	
INPUT	result_value[20]	result_value[20]	0.924899	{_16067_ A 0.924899}	
INPUT	result_value[21]	result_value[21]	0.924899	{_16064_ A 0.924899}	
INPUT	result_value[22]	result_value[22]	0.924899	{_16061_ A 0.924899}	
INPUT	result_value[23]	result_value[23]	0.924899	{_16059_ A 0.924899}	
INPUT	result_value[24]	result_value[24]	0.924899	{_16055_ A 0.924899}	
INPUT	result_value[25]	result_value[25]	0.924899	{_16052_ A 0.924899}	
INPUT	result_value[26]	result_value[26]	0.924899	{_16049_ A 0.924899}	
INPUT	result_value[27]	result_value[27]	0.924899	{_16045_ A 0.924899}	
INPUT	result_value[28]	result_value[28]	0.924899	{_16042_ A 0.924899}	
INPUT	result_value[29]	result_value[29]	0.924899	{_16040_ A 0.924899}	
INPUT	result_value[2]	result_value[2]	0.924899	{_16125_ A 0.924899}	
INPUT	result_value[30]	result_value[30]	0.924899	{_16037_ A 0.924899}	
INPUT	result_value[31]	result_value[31]	0.924899	{_19932_ A 0.924899}	
INPUT	result_value[3]	result_value[3]	0.924899	{_16122_ A 0.924899}	
INPUT	result_value[4]	result_value[4]	0.924899	{_16118_ A 0.924899}	
INPUT	result_value[5]	result_value[5]	0.924899	{_16115_ A 0.924899}	
INPUT	result_value[6]	result_value[6]	0.924899	{_16112_ A 0.924899}	
INPUT	result_value[7]	result_value[7]	0.924899	{_16108_ A 0.924899}	
INPUT	result_value[8]	result_value[8]	0.924899	{_16105_ A 0.924899}	
INPUT	result_value[9]	result_value[9]	0.924899	{_16102_ A 0.924899}	
INPUT	retire_capture_drained[0]	retire_capture_drained[0]	0.507309	{_19338_ C 0.507309}	
INPUT	retire_capture_drained[1]	retire_capture_drained[1]	0.526481	{_19184_ D 0.526481}	
INPUT	retire_capture_drained[2]	retire_capture_drained[2]	0.507309	{_19798_ C 0.507309}	
INPUT	retire_capture_drained[3]	retire_capture_drained[3]	0.431762	{_18965_ C 0.431762}	
INPUT	retire_entry[0]	retire_entry[0]	0.901156	{_19283_ B 0.901156}	
INPUT	retire_entry[10]	retire_entry[10]	0.901156	{_19297_ B 0.901156}	
INPUT	retire_entry[11]	retire_entry[11]	0.901156	{_19288_ B 0.901156}	
INPUT	retire_entry[12]	retire_entry[12]	0.901156	{_19286_ B 0.901156}	
INPUT	retire_entry[13]	retire_entry[13]	1.405755	{_19349_ B 0.924352} {_19309_ A2 0.481403}	
INPUT	retire_entry[14]	retire_entry[14]	0.901156	{_19162_ B 0.901156}	
INPUT	retire_entry[15]	retire_entry[15]	0.901156	{_19150_ B 0.901156}	
INPUT	retire_entry[16]	retire_entry[16]	0.901156	{_19194_ B 0.901156}	
INPUT	retire_entry[17]	retire_entry[17]	0.901156	{_19172_ B 0.901156}	
INPUT	retire_entry[18]	retire_entry[18]	0.901156	{_19156_ B 0.901156}	
INPUT	retire_entry[19]	retire_entry[19]	0.901156	{_19228_ B 0.901156}	
INPUT	retire_entry[1]	retire_entry[1]	0.901156	{_19321_ B 0.901156}	
INPUT	retire_entry[20]	retire_entry[20]	0.901156	{_19195_ B 0.901156}	
INPUT	retire_entry[21]	retire_entry[21]	0.901156	{_19232_ B 0.901156}	
INPUT	retire_entry[22]	retire_entry[22]	0.901156	{_19223_ B 0.901156}	
INPUT	retire_entry[23]	retire_entry[23]	0.901156	{_19200_ B 0.901156}	
INPUT	retire_entry[24]	retire_entry[24]	0.901156	{_19165_ B 0.901156}	
INPUT	retire_entry[25]	retire_entry[25]	0.901156	{_19144_ B 0.901156}	
INPUT	retire_entry[26]	retire_entry[26]	0.901156	{_19189_ B 0.901156}	
INPUT	retire_entry[27]	retire_entry[27]	0.901156	{_19163_ B 0.901156}	
INPUT	retire_entry[28]	retire_entry[28]	0.901156	{_19761_ B 0.901156}	
INPUT	retire_entry[29]	retire_entry[29]	0.901156	{_19759_ B 0.901156}	
INPUT	retire_entry[2]	retire_entry[2]	0.901156	{_19292_ B 0.901156}	
INPUT	retire_entry[30]	retire_entry[30]	0.901156	{_19747_ B 0.901156}	
INPUT	retire_entry[31]	retire_entry[31]	0.901156	{_19769_ B 0.901156}	
INPUT	retire_entry[32]	retire_entry[32]	0.901156	{_19751_ B 0.901156}	
INPUT	retire_entry[33]	retire_entry[33]	0.901156	{_19814_ B 0.901156}	
INPUT	retire_entry[34]	retire_entry[34]	0.901156	{_19817_ B 0.901156}	
INPUT	retire_entry[35]	retire_entry[35]	0.901156	{_19813_ B 0.901156}	
INPUT	retire_entry[36]	retire_entry[36]	0.901156	{_19816_ B 0.901156}	
INPUT	retire_entry[37]	retire_entry[37]	0.901156	{_19771_ B 0.901156}	
INPUT	retire_entry[38]	retire_entry[38]	0.901156	{_19755_ B 0.901156}	
INPUT	retire_entry[39]	retire_entry[39]	0.901156	{_19808_ B 0.901156}	
INPUT	retire_entry[3]	retire_entry[3]	0.901156	{_19326_ B 0.901156}	
INPUT	retire_entry[40]	retire_entry[40]	0.901156	{_19821_ B 0.901156}	
INPUT	retire_entry[41]	retire_entry[41]	1.405755	{_19790_ B 0.924352} {_19783_ A2 0.481403}	
INPUT	retire_entry[42]	retire_entry[42]	0.901156	{_18944_ B 0.901156}	
INPUT	retire_entry[43]	retire_entry[43]	0.901156	{_19016_ B 0.901156}	
INPUT	retire_entry[44]	retire_entry[44]	0.901156	{_19001_ B 0.901156}	
INPUT	retire_entry[45]	retire_entry[45]	0.901156	{_18930_ B 0.901156}	
INPUT	retire_entry[46]	retire_entry[46]	0.901156	{_18992_ B 0.901156}	
INPUT	retire_entry[47]	retire_entry[47]	0.901156	{_18951_ B 0.901156}	
INPUT	retire_entry[48]	retire_entry[48]	0.901156	{_18969_ B 0.901156}	
INPUT	retire_entry[49]	retire_entry[49]	0.901156	{_18936_ B 0.901156}	
INPUT	retire_entry[4]	retire_entry[4]	0.901156	{_19316_ B 0.901156}	
INPUT	retire_entry[50]	retire_entry[50]	0.901156	{_18945_ B 0.901156}	
INPUT	retire_entry[51]	retire_entry[51]	0.901156	{_18994_ B 0.901156}	
INPUT	retire_entry[52]	retire_entry[52]	0.901156	{_18946_ B 0.901156}	
INPUT	retire_entry[53]	retire_entry[53]	0.901156	{_18971_ B 0.901156}	
INPUT	retire_entry[54]	retire_entry[54]	0.901156	{_18947_ B 0.901156}	
INPUT	retire_entry[55]	retire_entry[55]	0.901156	{_18984_ B 0.901156}	
INPUT	retire_entry[5]	retire_entry[5]	0.901156	{_19294_ B 0.901156}	
INPUT	retire_entry[6]	retire_entry[6]	0.901156	{_19272_ B 0.901156}	
INPUT	retire_entry[7]	retire_entry[7]	0.901156	{_19328_ B 0.901156}	
INPUT	retire_entry[8]	retire_entry[8]	1.411173	{_19352_ B 0.486821} {_19308_ B 0.924352}	
INPUT	retire_entry[9]	retire_entry[9]	1.3825310000000002	{_19348_ B1 0.901128} {_19306_ A2 0.481403}	
INPUT	retire_fault[0]	retire_fault[0]	0.578766	{_19345_ A 0.578766}	
INPUT	retire_fault[1]	retire_fault[1]	0.578766	{_19183_ A 0.578766}	
INPUT	retire_fault[2]	retire_fault[2]	0.578766	{_19793_ A 0.578766}	
INPUT	retire_fault[3]	retire_fault[3]	0.578766	{_18962_ A 0.578766}	
INPUT	retire_home[0]	retire_home[0]	0.901156	{_19323_ B 0.901156}	
INPUT	retire_home[10]	retire_home[10]	0.901156	{_19145_ B 0.901156}	
INPUT	retire_home[11]	retire_home[11]	0.901156	{_19173_ B 0.901156}	
INPUT	retire_home[12]	retire_home[12]	0.901156	{_19210_ B 0.901156}	
INPUT	retire_home[13]	retire_home[13]	0.901156	{_19218_ B 0.901156}	
INPUT	retire_home[14]	retire_home[14]	0.901156	{_19764_ B 0.901156}	
INPUT	retire_home[15]	retire_home[15]	1.4440520000000001	{_19795_ A2 0.542924} {_19791_ B1 0.901128}	
INPUT	retire_home[16]	retire_home[16]	0.901156	{_19754_ B 0.901156}	
INPUT	retire_home[17]	retire_home[17]	0.901156	{_19801_ B 0.901156}	
INPUT	retire_home[18]	retire_home[18]	0.901156	{_19828_ B 0.901156}	
INPUT	retire_home[19]	retire_home[19]	0.901156	{_19827_ B 0.901156}	
INPUT	retire_home[1]	retire_home[1]	0.901156	{_19355_ B 0.901156}	
INPUT	retire_home[20]	retire_home[20]	0.901156	{_19757_ B 0.901156}	
INPUT	retire_home[21]	retire_home[21]	0.901156	{_18982_ B 0.901156}	
INPUT	retire_home[22]	retire_home[22]	0.901156	{_19008_ B 0.901156}	
INPUT	retire_home[23]	retire_home[23]	0.901156	{_18931_ B 0.901156}	
INPUT	retire_home[24]	retire_home[24]	0.901156	{_18987_ B 0.901156}	
INPUT	retire_home[25]	retire_home[25]	0.901156	{_18976_ B 0.901156}	
INPUT	retire_home[26]	retire_home[26]	0.901156	{_18935_ B 0.901156}	
INPUT	retire_home[27]	retire_home[27]	0.901156	{_18974_ B 0.901156}	
INPUT	retire_home[2]	retire_home[2]	0.901156	{_19365_ B 0.901156}	
INPUT	retire_home[3]	retire_home[3]	1.3851019999999998	{_19351_ B1 0.460750} {_19300_ B 0.924352}	
INPUT	retire_home[4]	retire_home[4]	0.901156	{_19310_ B 0.901156}	
INPUT	retire_home[5]	retire_home[5]	0.901156	{_19342_ B 0.901156}	
INPUT	retire_home[6]	retire_home[6]	0.901156	{_19359_ B 0.901156}	
INPUT	retire_home[7]	retire_home[7]	0.901156	{_19196_ B 0.901156}	
INPUT	retire_home[8]	retire_home[8]	0.901156	{_19226_ B 0.901156}	
INPUT	retire_home[9]	retire_home[9]	0.901156	{_19158_ B 0.901156}	
INPUT	retire_identity[0]	retire_identity[0]	0.901156	{_19313_ B 0.901156}	
INPUT	retire_identity[100]	retire_identity[100]	0.901156	{_19762_ B 0.901156}	
INPUT	retire_identity[101]	retire_identity[101]	0.901156	{_19756_ B 0.901156}	
INPUT	retire_identity[102]	retire_identity[102]	0.901156	{_19803_ B 0.901156}	
INPUT	retire_identity[103]	retire_identity[103]	1.824526	{_19794_ B 0.924352} {_19775_ B1 0.900174}	
INPUT	retire_identity[104]	retire_identity[104]	0.901156	{_19745_ B 0.901156}	
INPUT	retire_identity[105]	retire_identity[105]	0.901156	{_19837_ B 0.901156}	
INPUT	retire_identity[106]	retire_identity[106]	0.901156	{_19822_ B 0.901156}	
INPUT	retire_identity[107]	retire_identity[107]	0.901156	{_19832_ B 0.901156}	
INPUT	retire_identity[108]	retire_identity[108]	0.901156	{_19746_ B 0.901156}	
INPUT	retire_identity[109]	retire_identity[109]	0.901156	{_19835_ B 0.901156}	
INPUT	retire_identity[10]	retire_identity[10]	0.901156	{_19331_ B 0.901156}	
INPUT	retire_identity[110]	retire_identity[110]	0.901156	{_19750_ B 0.901156}	
INPUT	retire_identity[111]	retire_identity[111]	0.901156	{_19766_ B 0.901156}	
INPUT	retire_identity[112]	retire_identity[112]	0.901156	{_19760_ B 0.901156}	
INPUT	retire_identity[113]	retire_identity[113]	0.901156	{_19770_ B 0.901156}	
INPUT	retire_identity[114]	retire_identity[114]	0.901156	{_19811_ B 0.901156}	
INPUT	retire_identity[115]	retire_identity[115]	0.901156	{_19820_ B 0.901156}	
INPUT	retire_identity[116]	retire_identity[116]	0.901156	{_19802_ B 0.901156}	
INPUT	retire_identity[117]	retire_identity[117]	0.901156	{_19838_ B 0.901156}	
INPUT	retire_identity[118]	retire_identity[118]	0.901156	{_19809_ B 0.901156}	
INPUT	retire_identity[119]	retire_identity[119]	1.58284	{_19788_ B1 0.460750} {_19779_ A2 1.122090}	
INPUT	retire_identity[11]	retire_identity[11]	0.901156	{_19276_ B 0.901156}	
INPUT	retire_identity[120]	retire_identity[120]	0.901156	{_19812_ B 0.901156}	
INPUT	retire_identity[121]	retire_identity[121]	0.901156	{_19767_ B 0.901156}	
INPUT	retire_identity[122]	retire_identity[122]	0.901156	{_19833_ B 0.901156}	
INPUT	retire_identity[123]	retire_identity[123]	0.901156	{_19825_ B 0.901156}	
INPUT	retire_identity[124]	retire_identity[124]	0.901156	{_19749_ B 0.901156}	
INPUT	retire_identity[125]	retire_identity[125]	2.24688	{_19791_ A2 1.122090} {_19775_ A2 1.124790}	
INPUT	retire_identity[126]	retire_identity[126]	0.901156	{_19815_ B 0.901156}	
INPUT	retire_identity[127]	retire_identity[127]	1.405755	{_19796_ B 0.924352} {_19780_ A2 0.481403}	
INPUT	retire_identity[128]	retire_identity[128]	0.885162	{_19792_ A2 0.481403} {_19776_ A2 0.403759}	
INPUT	retire_identity[129]	retire_identity[129]	0.901156	{_19772_ B 0.901156}	
INPUT	retire_identity[12]	retire_identity[12]	1.361878	{_19346_ B1 0.901128} {_19301_ B1 0.460750}	
INPUT	retire_identity[130]	retire_identity[130]	0.901156	{_19784_ B 0.901156}	
INPUT	retire_identity[131]	retire_identity[131]	0.901156	{_19831_ B 0.901156}	
INPUT	retire_identity[132]	retire_identity[132]	0.901156	{_19765_ B 0.901156}	
INPUT	retire_identity[133]	retire_identity[133]	1.4679449999999998	{_19788_ A2 0.543593} {_19778_ B 0.924352}	
INPUT	retire_identity[134]	retire_identity[134]	0.901156	{_19806_ B 0.901156}	
INPUT	retire_identity[135]	retire_identity[135]	0.901156	{_19744_ B 0.901156}	
INPUT	retire_identity[136]	retire_identity[136]	0.901156	{_19804_ B 0.901156}	
INPUT	retire_identity[137]	retire_identity[137]	0.901156	{_19785_ B 0.901156}	
INPUT	retire_identity[138]	retire_identity[138]	0.901156	{_19748_ B 0.901156}	
INPUT	retire_identity[139]	retire_identity[139]	0.901156	{_19826_ B 0.901156}	
INPUT	retire_identity[13]	retire_identity[13]	0.901156	{_19324_ B 0.901156}	
INPUT	retire_identity[140]	retire_identity[140]	0.901156	{_19836_ B 0.901156}	
INPUT	retire_identity[141]	retire_identity[141]	0.901156	{_18995_ B 0.901156}	
INPUT	retire_identity[142]	retire_identity[142]	0.901156	{_19011_ B 0.901156}	
INPUT	retire_identity[143]	retire_identity[143]	0.901156	{_18999_ B 0.901156}	
INPUT	retire_identity[144]	retire_identity[144]	0.901156	{_18949_ B 0.901156}	
INPUT	retire_identity[145]	retire_identity[145]	0.901156	{_18939_ B 0.901156}	
INPUT	retire_identity[146]	retire_identity[146]	0.901156	{_18990_ B 0.901156}	
INPUT	retire_identity[147]	retire_identity[147]	0.901156	{_18997_ B 0.901156}	
INPUT	retire_identity[148]	retire_identity[148]	0.901156	{_19009_ B 0.901156}	
INPUT	retire_identity[149]	retire_identity[149]	0.901156	{_19007_ B 0.901156}	
INPUT	retire_identity[14]	retire_identity[14]	0.901156	{_19282_ B 0.901156}	
INPUT	retire_identity[150]	retire_identity[150]	0.901156	{_18972_ B 0.901156}	
INPUT	retire_identity[151]	retire_identity[151]	0.901156	{_18998_ B 0.901156}	
INPUT	retire_identity[152]	retire_identity[152]	0.901156	{_18967_ B 0.901156}	
INPUT	retire_identity[153]	retire_identity[153]	0.901156	{_18941_ B 0.901156}	
INPUT	retire_identity[154]	retire_identity[154]	0.901156	{_19006_ B 0.901156}	
INPUT	retire_identity[155]	retire_identity[155]	0.901156	{_19003_ B 0.901156}	
INPUT	retire_identity[156]	retire_identity[156]	0.901156	{_18978_ B 0.901156}	
INPUT	retire_identity[157]	retire_identity[157]	0.901156	{_19013_ B 0.901156}	
INPUT	retire_identity[158]	retire_identity[158]	0.901156	{_19018_ B 0.901156}	
INPUT	retire_identity[159]	retire_identity[159]	0.901156	{_19017_ B 0.901156}	
INPUT	retire_identity[15]	retire_identity[15]	0.901156	{_19281_ B 0.901156}	
INPUT	retire_identity[160]	retire_identity[160]	0.901156	{_19014_ B 0.901156}	
INPUT	retire_identity[161]	retire_identity[161]	0.901156	{_18954_ B 0.901156}	
INPUT	retire_identity[162]	retire_identity[162]	0.901156	{_19019_ B 0.901156}	
INPUT	retire_identity[163]	retire_identity[163]	0.901156	{_19004_ B 0.901156}	
INPUT	retire_identity[164]	retire_identity[164]	0.901156	{_18988_ B 0.901156}	
INPUT	retire_identity[165]	retire_identity[165]	0.901156	{_18940_ B 0.901156}	
INPUT	retire_identity[166]	retire_identity[166]	0.901156	{_18956_ B 0.901156}	
INPUT	retire_identity[167]	retire_identity[167]	0.901156	{_18968_ B 0.901156}	
INPUT	retire_identity[168]	retire_identity[168]	0.901156	{_18942_ B 0.901156}	
INPUT	retire_identity[169]	retire_identity[169]	0.901156	{_18973_ B 0.901156}	
INPUT	retire_identity[16]	retire_identity[16]	0.901156	{_19287_ B 0.901156}	
INPUT	retire_identity[170]	retire_identity[170]	0.901156	{_18983_ B 0.901156}	
INPUT	retire_identity[171]	retire_identity[171]	0.901156	{_18932_ B 0.901156}	
INPUT	retire_identity[172]	retire_identity[172]	0.901156	{_18957_ B 0.901156}	
INPUT	retire_identity[173]	retire_identity[173]	0.901156	{_18979_ B 0.901156}	
INPUT	retire_identity[174]	retire_identity[174]	0.901156	{_18966_ B 0.901156}	
INPUT	retire_identity[175]	retire_identity[175]	0.901156	{_18985_ B 0.901156}	
INPUT	retire_identity[176]	retire_identity[176]	0.901156	{_19012_ B 0.901156}	
INPUT	retire_identity[177]	retire_identity[177]	0.901156	{_18934_ B 0.901156}	
INPUT	retire_identity[178]	retire_identity[178]	0.901156	{_19002_ B 0.901156}	
INPUT	retire_identity[179]	retire_identity[179]	0.901156	{_18950_ B 0.901156}	
INPUT	retire_identity[17]	retire_identity[17]	0.901156	{_19362_ B 0.901156}	
INPUT	retire_identity[180]	retire_identity[180]	0.901156	{_18955_ B 0.901156}	
INPUT	retire_identity[181]	retire_identity[181]	0.901156	{_18993_ B 0.901156}	
INPUT	retire_identity[182]	retire_identity[182]	0.901156	{_18937_ B 0.901156}	
INPUT	retire_identity[183]	retire_identity[183]	0.901156	{_18929_ B 0.901156}	
INPUT	retire_identity[184]	retire_identity[184]	0.901156	{_18961_ B 0.901156}	
INPUT	retire_identity[185]	retire_identity[185]	0.901156	{_18952_ B 0.901156}	
INPUT	retire_identity[186]	retire_identity[186]	0.901156	{_18977_ B 0.901156}	
INPUT	retire_identity[187]	retire_identity[187]	0.901156	{_18989_ B 0.901156}	
INPUT	retire_identity[18]	retire_identity[18]	0.901156	{_19320_ B 0.901156}	
INPUT	retire_identity[19]	retire_identity[19]	0.901156	{_19329_ B 0.901156}	
INPUT	retire_identity[1]	retire_identity[1]	0.901156	{_19339_ B 0.901156}	
INPUT	retire_identity[20]	retire_identity[20]	0.901156	{_19296_ B 0.901156}	
INPUT	retire_identity[21]	retire_identity[21]	0.901156	{_19284_ B 0.901156}	
INPUT	retire_identity[22]	retire_identity[22]	0.901156	{_19357_ B 0.901156}	
INPUT	retire_identity[23]	retire_identity[23]	1.603493	{_19346_ A2 1.122090} {_19302_ A2 0.481403}	
INPUT	retire_identity[24]	retire_identity[24]	0.901156	{_19274_ B 0.901156}	
INPUT	retire_identity[25]	retire_identity[25]	0.901156	{_19278_ B 0.901156}	
INPUT	retire_identity[26]	retire_identity[26]	0.901156	{_19341_ B 0.901156}	
INPUT	retire_identity[27]	retire_identity[27]	0.901156	{_19314_ B 0.901156}	
INPUT	retire_identity[28]	retire_identity[28]	0.901156	{_19311_ B 0.901156}	
INPUT	retire_identity[29]	retire_identity[29]	1.444721	{_19351_ A2 0.543593} {_19304_ B1 0.901128}	
INPUT	retire_identity[2]	retire_identity[2]	0.901156	{_19334_ B 0.901156}	
INPUT	retire_identity[30]	retire_identity[30]	0.901156	{_19318_ B 0.901156}	
INPUT	retire_identity[31]	retire_identity[31]	0.901156	{_19319_ B 0.901156}	
INPUT	retire_identity[32]	retire_identity[32]	0.901156	{_19289_ B 0.901156}	
INPUT	retire_identity[33]	retire_identity[33]	0.901156	{_19273_ B 0.901156}	
INPUT	retire_identity[34]	retire_identity[34]	1.405755	{_19350_ A2 0.481403} {_19305_ B 0.924352}	
INPUT	retire_identity[35]	retire_identity[35]	0.901156	{_19325_ B 0.901156}	
INPUT	retire_identity[36]	retire_identity[36]	0.901156	{_19330_ B 0.901156}	
INPUT	retire_identity[37]	retire_identity[37]	0.901156	{_19340_ B 0.901156}	
INPUT	retire_identity[38]	retire_identity[38]	0.901156	{_19358_ B 0.901156}	
INPUT	retire_identity[39]	retire_identity[39]	0.901156	{_19335_ B 0.901156}	
INPUT	retire_identity[3]	retire_identity[3]	0.901156	{_19291_ B 0.901156}	
INPUT	retire_identity[40]	retire_identity[40]	0.901156	{_19364_ B 0.901156}	
INPUT	retire_identity[41]	retire_identity[41]	0.901156	{_19315_ B 0.901156}	
INPUT	retire_identity[42]	retire_identity[42]	1.665683	{_19348_ A2 1.122090} {_19301_ A2 0.543593}	
INPUT	retire_identity[43]	retire_identity[43]	0.578766	{_19303_ A 0.578766}	
INPUT	retire_identity[44]	retire_identity[44]	0.901156	{_19293_ B 0.901156}	
INPUT	retire_identity[45]	retire_identity[45]	0.901156	{_19307_ B 0.901156}	
INPUT	retire_identity[46]	retire_identity[46]	0.901156	{_19277_ B 0.901156}	
INPUT	retire_identity[47]	retire_identity[47]	0.901156	{_19170_ B 0.901156}	
INPUT	retire_identity[48]	retire_identity[48]	0.901156	{_19151_ B 0.901156}	
INPUT	retire_identity[49]	retire_identity[49]	0.901156	{_19177_ B 0.901156}	
INPUT	retire_identity[4]	retire_identity[4]	0.901156	{_19354_ B 0.901156}	
INPUT	retire_identity[50]	retire_identity[50]	0.901156	{_19221_ B 0.901156}	
INPUT	retire_identity[51]	retire_identity[51]	0.901156	{_19180_ B 0.901156}	
INPUT	retire_identity[52]	retire_identity[52]	0.901156	{_19175_ B 0.901156}	
INPUT	retire_identity[53]	retire_identity[53]	0.901156	{_19149_ B 0.901156}	
INPUT	retire_identity[54]	retire_identity[54]	0.901156	{_19146_ B 0.901156}	
INPUT	retire_identity[55]	retire_identity[55]	0.901156	{_19169_ B 0.901156}	
INPUT	retire_identity[56]	retire_identity[56]	0.901156	{_19225_ B 0.901156}	
INPUT	retire_identity[57]	retire_identity[57]	0.901156	{_19201_ B 0.901156}	
INPUT	retire_identity[58]	retire_identity[58]	0.901156	{_19206_ B 0.901156}	
INPUT	retire_identity[59]	retire_identity[59]	0.901156	{_19208_ B 0.901156}	
INPUT	retire_identity[5]	retire_identity[5]	0.901156	{_19295_ B 0.901156}	
INPUT	retire_identity[60]	retire_identity[60]	0.901156	{_19159_ B 0.901156}	
INPUT	retire_identity[61]	retire_identity[61]	0.901156	{_19202_ B 0.901156}	
INPUT	retire_identity[62]	retire_identity[62]	0.901156	{_19230_ B 0.901156}	
INPUT	retire_identity[63]	retire_identity[63]	0.901156	{_19216_ B 0.901156}	
INPUT	retire_identity[64]	retire_identity[64]	0.901156	{_19188_ B 0.901156}	
INPUT	retire_identity[65]	retire_identity[65]	0.901156	{_19233_ B 0.901156}	
INPUT	retire_identity[66]	retire_identity[66]	0.901156	{_19157_ B 0.901156}	
INPUT	retire_identity[67]	retire_identity[67]	0.901156	{_19215_ B 0.901156}	
INPUT	retire_identity[68]	retire_identity[68]	0.901156	{_19167_ B 0.901156}	
INPUT	retire_identity[69]	retire_identity[69]	0.901156	{_19168_ B 0.901156}	
INPUT	retire_identity[6]	retire_identity[6]	0.901156	{_19363_ B 0.901156}	
INPUT	retire_identity[70]	retire_identity[70]	0.901156	{_19155_ B 0.901156}	
INPUT	retire_identity[71]	retire_identity[71]	0.901156	{_19174_ B 0.901156}	
INPUT	retire_identity[72]	retire_identity[72]	0.901156	{_19190_ B 0.901156}	
INPUT	retire_identity[73]	retire_identity[73]	0.901156	{_19164_ B 0.901156}	
INPUT	retire_identity[74]	retire_identity[74]	0.901156	{_19186_ B 0.901156}	
INPUT	retire_identity[75]	retire_identity[75]	0.901156	{_19212_ B 0.901156}	
INPUT	retire_identity[76]	retire_identity[76]	0.901156	{_19227_ B 0.901156}	
INPUT	retire_identity[77]	retire_identity[77]	0.901156	{_19217_ B 0.901156}	
INPUT	retire_identity[78]	retire_identity[78]	0.901156	{_19143_ B 0.901156}	
INPUT	retire_identity[79]	retire_identity[79]	0.901156	{_19211_ B 0.901156}	
INPUT	retire_identity[7]	retire_identity[7]	0.901156	{_19275_ B 0.901156}	
INPUT	retire_identity[80]	retire_identity[80]	0.901156	{_19148_ B 0.901156}	
INPUT	retire_identity[81]	retire_identity[81]	0.901156	{_19153_ B 0.901156}	
INPUT	retire_identity[82]	retire_identity[82]	0.901156	{_19197_ B 0.901156}	
INPUT	retire_identity[83]	retire_identity[83]	0.901156	{_19199_ B 0.901156}	
INPUT	retire_identity[84]	retire_identity[84]	0.901156	{_19207_ B 0.901156}	
INPUT	retire_identity[85]	retire_identity[85]	0.901156	{_19178_ B 0.901156}	
INPUT	retire_identity[86]	retire_identity[86]	0.901156	{_19220_ B 0.901156}	
INPUT	retire_identity[87]	retire_identity[87]	0.901156	{_19191_ B 0.901156}	
INPUT	retire_identity[88]	retire_identity[88]	0.901156	{_19213_ B 0.901156}	
INPUT	retire_identity[89]	retire_identity[89]	0.901156	{_19154_ B 0.901156}	
INPUT	retire_identity[8]	retire_identity[8]	0.901156	{_19360_ B 0.901156}	
INPUT	retire_identity[90]	retire_identity[90]	0.901156	{_19231_ B 0.901156}	
INPUT	retire_identity[91]	retire_identity[91]	0.901156	{_19222_ B 0.901156}	
INPUT	retire_identity[92]	retire_identity[92]	0.901156	{_19205_ B 0.901156}	
INPUT	retire_identity[93]	retire_identity[93]	0.901156	{_19179_ B 0.901156}	
INPUT	retire_identity[94]	retire_identity[94]	0.901156	{_19823_ B 0.901156}	
INPUT	retire_identity[95]	retire_identity[95]	0.944295	{_19789_ B1 0.460750} {_19776_ B1 0.483545}	
INPUT	retire_identity[96]	retire_identity[96]	0.901156	{_19781_ B 0.901156}	
INPUT	retire_identity[97]	retire_identity[97]	0.901156	{_19830_ B 0.901156}	
INPUT	retire_identity[98]	retire_identity[98]	1.444721	{_19789_ A2 0.543593} {_19779_ B1 0.901128}	
INPUT	retire_identity[99]	retire_identity[99]	0.901156	{_19807_ B 0.901156}	
INPUT	retire_identity[9]	retire_identity[9]	0.901156	{_19271_ B 0.901156}	
INPUT	retire_quiet[0]	retire_quiet[0]	0.510941	{_19338_ B 0.510941}	
INPUT	retire_quiet[1]	retire_quiet[1]	0.507309	{_19184_ C 0.507309}	
INPUT	retire_quiet[2]	retire_quiet[2]	0.510941	{_19798_ B 0.510941}	
INPUT	retire_quiet[3]	retire_quiet[3]	0.433086	{_18965_ B 0.433086}	
INPUT	retire_v[0]	retire_v[0]	1.505539	{_20303_ A 0.578766} {_19398_ A 0.447496} {_19368_ A 0.479277}	
INPUT	retire_v[1]	retire_v[1]	1.537395	{_20386_ A 0.447496} {_20310_ A 0.578766} {_19236_ B 0.511133}	
INPUT	retire_v[2]	retire_v[2]	1.568984	{_20218_ A 0.578766} {_19871_ A 0.479277} {_19842_ B 0.510941}	
INPUT	retire_v[3]	retire_v[3]	1.537395	{_20040_ A 0.447496} {_19964_ A 0.578766} {_19022_ B 0.511133}	
INPUT	retire_visibility[0]	retire_visibility[0]	0.507309	{_19337_ C 0.507309}	
INPUT	retire_visibility[10]	retire_visibility[10]	0.479277	{_19193_ A 0.479277}	
INPUT	retire_visibility[11]	retire_visibility[11]	0.510941	{_19184_ B 0.510941}	
INPUT	retire_visibility[12]	retire_visibility[12]	0.507309	{_19797_ C 0.507309}	
INPUT	retire_visibility[13]	retire_visibility[13]	0.510941	{_19797_ B 0.510941}	
INPUT	retire_visibility[14]	retire_visibility[14]	0.552403	{_19797_ A 0.552403}	
INPUT	retire_visibility[15]	retire_visibility[15]	0.479277	{_19799_ A 0.479277}	
INPUT	retire_visibility[16]	retire_visibility[16]	0.552403	{_19798_ A 0.552403}	
INPUT	retire_visibility[17]	retire_visibility[17]	0.526481	{_19797_ D 0.526481}	
INPUT	retire_visibility[18]	retire_visibility[18]	0.507309	{_18963_ C 0.507309}	
INPUT	retire_visibility[19]	retire_visibility[19]	0.510941	{_18963_ B 0.510941}	
INPUT	retire_visibility[1]	retire_visibility[1]	0.510941	{_19337_ B 0.510941}	
INPUT	retire_visibility[20]	retire_visibility[20]	0.552403	{_18963_ A 0.552403}	
INPUT	retire_visibility[21]	retire_visibility[21]	0.431762	{_18964_ C 0.431762}	
INPUT	retire_visibility[22]	retire_visibility[22]	0.433086	{_18964_ B 0.433086}	
INPUT	retire_visibility[23]	retire_visibility[23]	0.526481	{_18963_ D 0.526481}	
INPUT	retire_visibility[2]	retire_visibility[2]	0.552403	{_19337_ A 0.552403}	
INPUT	retire_visibility[3]	retire_visibility[3]	0.431762	{_19347_ C 0.431762}	
INPUT	retire_visibility[4]	retire_visibility[4]	0.433086	{_19347_ B 0.433086}	
INPUT	retire_visibility[5]	retire_visibility[5]	0.526481	{_19337_ D 0.526481}	
INPUT	retire_visibility[6]	retire_visibility[6]	0.431762	{_19185_ C 0.431762}	
INPUT	retire_visibility[7]	retire_visibility[7]	0.552403	{_19184_ A 0.552403}	
INPUT	retire_visibility[8]	retire_visibility[8]	0.433086	{_19185_ B 0.433086}	
INPUT	retire_visibility[9]	retire_visibility[9]	0.479277	{_19185_ A 0.479277}	
INPUT	rst_n	rst_n	3.010125	{_18403_ A 0.552403} {_15954_ A 0.506500} {_11429_ A 0.924899} {_11124_ A 0.479277} {_11118_ A 0.547046}	
OUTPUT	stage_entry[0]	stage_entry[0]	0.508331	{_17711_ A1 0.508331}	{_10699_ Y INVx1_ASAP7_75t_R}
OUTPUT	stage_entry[10]	stage_entry[10]	0.508331	{_17700_ A1 0.508331}	{_10709_ Y INVx1_ASAP7_75t_R}
OUTPUT	stage_entry[11]	stage_entry[11]	0.508331	{_17699_ A1 0.508331}	{_10710_ Y INVx1_ASAP7_75t_R}
OUTPUT	stage_entry[12]	stage_entry[12]	0.508331	{_17698_ A1 0.508331}	{_10711_ Y INVx1_ASAP7_75t_R}
OUTPUT	stage_entry[13]	stage_entry[13]	0.8557459999999999	{_20159_ A1 0.508331} {_11638_ A1 0.347415}	{_10624_ Y INVx1_ASAP7_75t_R}
OUTPUT	stage_entry[1]	stage_entry[1]	0.508331	{_17710_ A1 0.508331}	{_10700_ Y INVx1_ASAP7_75t_R}
OUTPUT	stage_entry[2]	stage_entry[2]	0.508331	{_17709_ A1 0.508331}	{_10701_ Y INVx1_ASAP7_75t_R}
OUTPUT	stage_entry[3]	stage_entry[3]	0.508331	{_17708_ A1 0.508331}	{_10702_ Y INVx1_ASAP7_75t_R}
OUTPUT	stage_entry[4]	stage_entry[4]	0.508331	{_17707_ A1 0.508331}	{_10703_ Y INVx1_ASAP7_75t_R}
OUTPUT	stage_entry[5]	stage_entry[5]	0.508331	{_17705_ A1 0.508331}	{_10704_ Y INVx1_ASAP7_75t_R}
OUTPUT	stage_entry[6]	stage_entry[6]	0.508331	{_17704_ A1 0.508331}	{_10705_ Y INVx1_ASAP7_75t_R}
OUTPUT	stage_entry[7]	stage_entry[7]	0.508331	{_17703_ A1 0.508331}	{_10706_ Y INVx1_ASAP7_75t_R}
OUTPUT	stage_entry[8]	stage_entry[8]	1.894216	{_17702_ A1 0.508331} {_11618_ A1 0.347415} {_11507_ B2 1.038470}	{_10707_ Y INVx1_ASAP7_75t_R}
OUTPUT	stage_entry[9]	stage_entry[9]	0.508331	{_17701_ A1 0.508331}	{_10708_ Y INVx1_ASAP7_75t_R}
OUTPUT	stage_epoch[0]	stage_epoch[0]	0.508331	{_17729_ A1 0.508331}	{_10683_ Y INVx1_ASAP7_75t_R}
OUTPUT	stage_epoch[10]	stage_epoch[10]	1.88221	{_17718_ A1 0.508331} {_11530_ A1 0.978498} {_11438_ B2 0.395381}	{_10693_ Y INVx1_ASAP7_75t_R}
OUTPUT	stage_epoch[11]	stage_epoch[11]	0.508331	{_17716_ A1 0.508331}	{_10694_ Y INVx1_ASAP7_75t_R}
OUTPUT	stage_epoch[12]	stage_epoch[12]	0.508331	{_17715_ A1 0.508331}	{_10695_ Y INVx1_ASAP7_75t_R}
OUTPUT	stage_epoch[13]	stage_epoch[13]	0.508331	{_17714_ A1 0.508331}	{_10696_ Y INVx1_ASAP7_75t_R}
OUTPUT	stage_epoch[14]	stage_epoch[14]	0.508331	{_17713_ A1 0.508331}	{_10697_ Y INVx1_ASAP7_75t_R}
OUTPUT	stage_epoch[15]	stage_epoch[15]	0.508331	{_17712_ A1 0.508331}	{_10698_ Y INVx1_ASAP7_75t_R}
OUTPUT	stage_epoch[1]	stage_epoch[1]	0.508331	{_17727_ A1 0.508331}	{_10684_ Y INVx1_ASAP7_75t_R}
OUTPUT	stage_epoch[2]	stage_epoch[2]	0.508331	{_17726_ A1 0.508331}	{_10685_ Y INVx1_ASAP7_75t_R}
OUTPUT	stage_epoch[3]	stage_epoch[3]	1.921148	{_17725_ A1 0.508331} {_11642_ A1 0.434319} {_11459_ A1 0.978498}	{_10686_ Y INVx1_ASAP7_75t_R}
OUTPUT	stage_epoch[4]	stage_epoch[4]	0.508331	{_17724_ A1 0.508331}	{_10687_ Y INVx1_ASAP7_75t_R}
OUTPUT	stage_epoch[5]	stage_epoch[5]	0.508331	{_17723_ A1 0.508331}	{_10688_ Y INVx1_ASAP7_75t_R}
OUTPUT	stage_epoch[6]	stage_epoch[6]	0.508331	{_17722_ A1 0.508331}	{_10689_ Y INVx1_ASAP7_75t_R}
OUTPUT	stage_epoch[7]	stage_epoch[7]	0.8557459999999999	{_17721_ A1 0.508331} {_11480_ A1 0.347415}	{_10690_ Y INVx1_ASAP7_75t_R}
OUTPUT	stage_epoch[8]	stage_epoch[8]	0.94265	{_17720_ A1 0.508331} {_11447_ A1 0.434319}	{_10691_ Y INVx1_ASAP7_75t_R}
OUTPUT	stage_epoch[9]	stage_epoch[9]	0.8781410000000001	{_17719_ A1 0.508331} {_11678_ B1 0.369810}	{_10692_ Y INVx1_ASAP7_75t_R}
OUTPUT	stage_handoff	stage_handoff	2.067326	{_20599_ A 0.506500} {_20048_ A2 0.528014} {_19955_ A2 0.542924} {_19928_ B 0.489888}	{_19927_ Y BUFx2_ASAP7_75t_R}
OUTPUT	token_result_valid	token_result_valid	0.		{_20598_ Y BUFx2_ASAP7_75t_R}
OUTPUT	whole_fault	whole_fault	0.		{_20541_ Y INVx1_ASAP7_75t_R}
INPUT	whole_stage_accepted	whole_stage_accepted	1.540768	{_20048_ A1 0.514506} {_19952_ A 0.578766} {_19928_ A 0.447496}	
OUTPUT	whole_stage_identity[0]	whole_stage_identity[0]	0.948825	{_16527_ A1 0.514506} {_11107_ A1 0.434319}	{_10713_ Y INVx1_ASAP7_75t_R}
OUTPUT	whole_stage_identity[10]	whole_stage_identity[10]	0.514506	{_16517_ A1 0.514506}	{_10740_ Y INVx1_ASAP7_75t_R}
OUTPUT	whole_stage_identity[11]	whole_stage_identity[11]	0.514506	{_16516_ A1 0.514506}	{_10743_ Y INVx1_ASAP7_75t_R}
OUTPUT	whole_stage_identity[12]	whole_stage_identity[12]	0.514506	{_16515_ A1 0.514506}	{_10746_ Y INVx1_ASAP7_75t_R}
OUTPUT	whole_stage_identity[13]	whole_stage_identity[13]	0.514506	{_16514_ A1 0.514506}	{_10749_ Y INVx1_ASAP7_75t_R}
OUTPUT	whole_stage_identity[14]	whole_stage_identity[14]	1.022837	{_18379_ A1 0.508331} {_16513_ A1 0.514506}	{_10751_ Y INVx1_ASAP7_75t_R}
OUTPUT	whole_stage_identity[15]	whole_stage_identity[15]	0.514506	{_16511_ A1 0.514506}	{_10754_ Y INVx1_ASAP7_75t_R}
OUTPUT	whole_stage_identity[16]	whole_stage_identity[16]	1.900391	{_18026_ A1 0.347415} {_17943_ B2 1.038470} {_16510_ A1 0.514506}	{_10756_ Y INVx1_ASAP7_75t_R}
OUTPUT	whole_stage_identity[17]	whole_stage_identity[17]	0.514506	{_16509_ A1 0.514506}	{_10759_ Y INVx1_ASAP7_75t_R}
OUTPUT	whole_stage_identity[18]	whole_stage_identity[18]	1.0209320000000002	{_16508_ A1 0.514506} {_16029_ C1 0.506426}	{_10761_ Y INVx1_ASAP7_75t_R}
OUTPUT	whole_stage_identity[19]	whole_stage_identity[19]	1.888385	{_17999_ B2 0.395381} {_17949_ A1 0.978498} {_16507_ A1 0.514506}	{_10763_ Y INVx1_ASAP7_75t_R}
OUTPUT	whole_stage_identity[1]	whole_stage_identity[1]	0.514506	{_16526_ A1 0.514506}	{_10716_ Y INVx1_ASAP7_75t_R}
OUTPUT	whole_stage_identity[20]	whole_stage_identity[20]	0.514506	{_16506_ A1 0.514506}	{_10766_ Y INVx1_ASAP7_75t_R}
OUTPUT	whole_stage_identity[21]	whole_stage_identity[21]	0.514506	{_16505_ A1 0.514506}	{_10769_ Y INVx1_ASAP7_75t_R}
OUTPUT	whole_stage_identity[22]	whole_stage_identity[22]	1.888385	{_18202_ B2 0.395381} {_18190_ A1 0.978498} {_16504_ A1 0.514506}	{_10770_ Y INVx1_ASAP7_75t_R}
OUTPUT	whole_stage_identity[23]	whole_stage_identity[23]	2.8280749999999997	{_18592_ A1 0.987656} {_18276_ A1 0.347415} {_18169_ A1 0.978498} {_16503_ A1 0.514506}	{_10772_ Y INVx1_ASAP7_75t_R}
OUTPUT	whole_stage_identity[24]	whole_stage_identity[24]	0.514506	{_16502_ A1 0.514506}	{_10775_ Y INVx1_ASAP7_75t_R}
OUTPUT	whole_stage_identity[25]	whole_stage_identity[25]	1.416628	{_18502_ B2 0.451061} {_18009_ B2 0.451061} {_16500_ A1 0.514506}	{_10777_ Y INVx1_ASAP7_75t_R}
OUTPUT	whole_stage_identity[26]	whole_stage_identity[26]	0.514506	{_16499_ A1 0.514506}	{_10780_ Y INVx1_ASAP7_75t_R}
OUTPUT	whole_stage_identity[27]	whole_stage_identity[27]	1.022837	{_19692_ A1 0.508331} {_16498_ A1 0.514506}	{_10782_ Y INVx1_ASAP7_75t_R}
OUTPUT	whole_stage_identity[28]	whole_stage_identity[28]	0.514506	{_16497_ A1 0.514506}	{_10785_ Y INVx1_ASAP7_75t_R}
OUTPUT	whole_stage_identity[29]	whole_stage_identity[29]	2.689218	{_18284_ A1 0.501384} {_18272_ A1 0.347415} {_17988_ A1 0.347415} {_17941_ A1 0.978498} {_16496_ A1 0.514506}	{_10787_ Y INVx1_ASAP7_75t_R}
OUTPUT	whole_stage_identity[2]	whole_stage_identity[2]	0.514506	{_16525_ A1 0.514506}	{_10719_ Y INVx1_ASAP7_75t_R}
OUTPUT	whole_stage_identity[30]	whole_stage_identity[30]	0.514506	{_16495_ A1 0.514506}	{_10790_ Y INVx1_ASAP7_75t_R}
OUTPUT	whole_stage_identity[31]	whole_stage_identity[31]	1.502162	{_16494_ A1 0.514506} {_11054_ A1 0.987656}	{_10791_ Y INVx1_ASAP7_75t_R}
OUTPUT	whole_stage_identity[32]	whole_stage_identity[32]	0.514506	{_16493_ A1 0.514506}	{_10794_ Y INVx1_ASAP7_75t_R}
OUTPUT	whole_stage_identity[33]	whole_stage_identity[33]	0.514506	{_16492_ A1 0.514506}	{_10797_ Y INVx1_ASAP7_75t_R}
OUTPUT	whole_stage_identity[34]	whole_stage_identity[34]	1.8404189999999998	{_18025_ A1 0.347415} {_18015_ A1 0.978498} {_16491_ A1 0.514506}	{_10799_ Y INVx1_ASAP7_75t_R}
OUTPUT	whole_stage_identity[35]	whole_stage_identity[35]	0.514506	{_16489_ A1 0.514506}	{_10802_ Y INVx1_ASAP7_75t_R}
OUTPUT	whole_stage_identity[36]	whole_stage_identity[36]	0.514506	{_16488_ A1 0.514506}	{_10805_ Y INVx1_ASAP7_75t_R}
OUTPUT	whole_stage_identity[37]	whole_stage_identity[37]	0.514506	{_16487_ A1 0.514506}	{_10808_ Y INVx1_ASAP7_75t_R}
OUTPUT	whole_stage_identity[38]	whole_stage_identity[38]	0.514506	{_16486_ A1 0.514506}	{_10811_ Y INVx1_ASAP7_75t_R}
OUTPUT	whole_stage_identity[39]	whole_stage_identity[39]	0.514506	{_16485_ A1 0.514506}	{_10814_ Y INVx1_ASAP7_75t_R}
OUTPUT	whole_stage_identity[3]	whole_stage_identity[3]	1.8404189999999998	{_18024_ A1 0.347415} {_17986_ A1 0.978498} {_16524_ A1 0.514506}	{_10721_ Y INVx1_ASAP7_75t_R}
OUTPUT	whole_stage_identity[40]	whole_stage_identity[40]	0.514506	{_16484_ A1 0.514506}	{_10817_ Y INVx1_ASAP7_75t_R}
OUTPUT	whole_stage_identity[41]	whole_stage_identity[41]	0.514506	{_16483_ A1 0.514506}	{_10820_ Y INVx1_ASAP7_75t_R}
OUTPUT	whole_stage_identity[42]	whole_stage_identity[42]	0.514506	{_16482_ A1 0.514506}	{_10823_ Y INVx1_ASAP7_75t_R}
OUTPUT	whole_stage_identity[43]	whole_stage_identity[43]	1.952216	{_19353_ A1 0.450054} {_19304_ A1 0.987656} {_16481_ A1 0.514506}	{_10825_ Y INVx1_ASAP7_75t_R}
OUTPUT	whole_stage_identity[44]	whole_stage_identity[44]	0.514506	{_16480_ A1 0.514506}	{_10828_ Y INVx1_ASAP7_75t_R}
OUTPUT	whole_stage_identity[45]	whole_stage_identity[45]	0.909887	{_16478_ A1 0.514506} {_11045_ B2 0.395381}	{_10830_ Y INVx1_ASAP7_75t_R}
OUTPUT	whole_stage_identity[46]	whole_stage_identity[46]	0.514506	{_19945_ A1 0.514506}	{_10628_ Y INVx1_ASAP7_75t_R}
OUTPUT	whole_stage_identity[4]	whole_stage_identity[4]	0.8619209999999999	{_18509_ A1 0.347415} {_16523_ A1 0.514506}	{_10723_ Y INVx1_ASAP7_75t_R}
OUTPUT	whole_stage_identity[5]	whole_stage_identity[5]	0.514506	{_16522_ A1 0.514506}	{_10726_ Y INVx1_ASAP7_75t_R}
OUTPUT	whole_stage_identity[6]	whole_stage_identity[6]	0.514506	{_16521_ A1 0.514506}	{_10729_ Y INVx1_ASAP7_75t_R}
OUTPUT	whole_stage_identity[7]	whole_stage_identity[7]	0.514506	{_16520_ A1 0.514506}	{_10732_ Y INVx1_ASAP7_75t_R}
OUTPUT	whole_stage_identity[8]	whole_stage_identity[8]	1.502162	{_18463_ A1 0.987656} {_16519_ A1 0.514506}	{_10734_ Y INVx1_ASAP7_75t_R}
OUTPUT	whole_stage_identity[9]	whole_stage_identity[9]	0.514506	{_16518_ A1 0.514506}	{_10737_ Y INVx1_ASAP7_75t_R}
OUTPUT	whole_stage_next_token[0]	whole_stage_next_token[0]	0.		{_10831_ Y INVx1_ASAP7_75t_R}
OUTPUT	whole_stage_next_token[10]	whole_stage_next_token[10]	0.		{_10841_ Y INVx1_ASAP7_75t_R}
OUTPUT	whole_stage_next_token[11]	whole_stage_next_token[11]	0.		{_10842_ Y INVx1_ASAP7_75t_R}
OUTPUT	whole_stage_next_token[12]	whole_stage_next_token[12]	0.		{_10843_ Y INVx1_ASAP7_75t_R}
OUTPUT	whole_stage_next_token[13]	whole_stage_next_token[13]	0.		{_10844_ Y INVx1_ASAP7_75t_R}
OUTPUT	whole_stage_next_token[14]	whole_stage_next_token[14]	0.		{_10845_ Y INVx1_ASAP7_75t_R}
OUTPUT	whole_stage_next_token[15]	whole_stage_next_token[15]	0.		{_10846_ Y INVx1_ASAP7_75t_R}
OUTPUT	whole_stage_next_token[16]	whole_stage_next_token[16]	0.		{_10847_ Y INVx1_ASAP7_75t_R}
OUTPUT	whole_stage_next_token[17]	whole_stage_next_token[17]	0.		{_10848_ Y INVx1_ASAP7_75t_R}
OUTPUT	whole_stage_next_token[18]	whole_stage_next_token[18]	0.		{_10849_ Y INVx1_ASAP7_75t_R}
OUTPUT	whole_stage_next_token[19]	whole_stage_next_token[19]	0.8781410000000001	{_18374_ A1 0.508331} {_11047_ B1 0.369810}	{_10850_ Y INVx1_ASAP7_75t_R}
OUTPUT	whole_stage_next_token[1]	whole_stage_next_token[1]	0.		{_10832_ Y INVx1_ASAP7_75t_R}
OUTPUT	whole_stage_next_token[20]	whole_stage_next_token[20]	0.		{_10629_ Y INVx1_ASAP7_75t_R}
OUTPUT	whole_stage_next_token[2]	whole_stage_next_token[2]	0.		{_10833_ Y INVx1_ASAP7_75t_R}
OUTPUT	whole_stage_next_token[3]	whole_stage_next_token[3]	0.987656	{_11056_ A1 0.987656}	{_10834_ Y INVx1_ASAP7_75t_R}
OUTPUT	whole_stage_next_token[4]	whole_stage_next_token[4]	0.		{_10835_ Y INVx1_ASAP7_75t_R}
OUTPUT	whole_stage_next_token[5]	whole_stage_next_token[5]	0.		{_10836_ Y INVx1_ASAP7_75t_R}
OUTPUT	whole_stage_next_token[6]	whole_stage_next_token[6]	0.		{_10837_ Y INVx1_ASAP7_75t_R}
OUTPUT	whole_stage_next_token[7]	whole_stage_next_token[7]	0.		{_10838_ Y INVx1_ASAP7_75t_R}
OUTPUT	whole_stage_next_token[8]	whole_stage_next_token[8]	0.		{_10839_ Y INVx1_ASAP7_75t_R}
OUTPUT	whole_stage_next_token[9]	whole_stage_next_token[9]	0.		{_10840_ Y INVx1_ASAP7_75t_R}
OUTPUT	whole_stage_v	whole_stage_v	0.		{_20599_ Y BUFx2_ASAP7_75t_R}
OUTPUT	whole_stage_value[0]	whole_stage_value[0]	0.901128	{_11051_ B1 0.901128}	{_10851_ Y INVx1_ASAP7_75t_R}
OUTPUT	whole_stage_value[10]	whole_stage_value[10]	0.		{_10861_ Y INVx1_ASAP7_75t_R}
OUTPUT	whole_stage_value[11]	whole_stage_value[11]	0.		{_10862_ Y INVx1_ASAP7_75t_R}
OUTPUT	whole_stage_value[12]	whole_stage_value[12]	0.		{_10863_ Y INVx1_ASAP7_75t_R}
OUTPUT	whole_stage_value[13]	whole_stage_value[13]	0.		{_10864_ Y INVx1_ASAP7_75t_R}
OUTPUT	whole_stage_value[14]	whole_stage_value[14]	0.		{_10865_ Y INVx1_ASAP7_75t_R}
OUTPUT	whole_stage_value[15]	whole_stage_value[15]	0.		{_10866_ Y INVx1_ASAP7_75t_R}
OUTPUT	whole_stage_value[16]	whole_stage_value[16]	0.		{_10867_ Y INVx1_ASAP7_75t_R}
OUTPUT	whole_stage_value[17]	whole_stage_value[17]	0.		{_10868_ Y INVx1_ASAP7_75t_R}
OUTPUT	whole_stage_value[18]	whole_stage_value[18]	0.		{_10869_ Y INVx1_ASAP7_75t_R}
OUTPUT	whole_stage_value[19]	whole_stage_value[19]	0.		{_10870_ Y INVx1_ASAP7_75t_R}
OUTPUT	whole_stage_value[1]	whole_stage_value[1]	0.		{_10852_ Y INVx1_ASAP7_75t_R}
OUTPUT	whole_stage_value[20]	whole_stage_value[20]	0.		{_10871_ Y INVx1_ASAP7_75t_R}
OUTPUT	whole_stage_value[21]	whole_stage_value[21]	0.		{_10872_ Y INVx1_ASAP7_75t_R}
OUTPUT	whole_stage_value[22]	whole_stage_value[22]	0.900174	{_11037_ B1 0.900174}	{_10873_ Y INVx1_ASAP7_75t_R}
OUTPUT	whole_stage_value[23]	whole_stage_value[23]	0.		{_10874_ Y INVx1_ASAP7_75t_R}
OUTPUT	whole_stage_value[24]	whole_stage_value[24]	0.		{_10875_ Y INVx1_ASAP7_75t_R}
OUTPUT	whole_stage_value[25]	whole_stage_value[25]	0.		{_10876_ Y INVx1_ASAP7_75t_R}
OUTPUT	whole_stage_value[26]	whole_stage_value[26]	0.		{_10877_ Y INVx1_ASAP7_75t_R}
OUTPUT	whole_stage_value[27]	whole_stage_value[27]	0.		{_10878_ Y INVx1_ASAP7_75t_R}
OUTPUT	whole_stage_value[28]	whole_stage_value[28]	0.900174	{_11043_ B1 0.900174}	{_10879_ Y INVx1_ASAP7_75t_R}
OUTPUT	whole_stage_value[29]	whole_stage_value[29]	0.		{_10880_ Y INVx1_ASAP7_75t_R}
OUTPUT	whole_stage_value[2]	whole_stage_value[2]	0.		{_10853_ Y INVx1_ASAP7_75t_R}
OUTPUT	whole_stage_value[30]	whole_stage_value[30]	0.36981	{_11035_ B1 0.369810}	{_10881_ Y INVx1_ASAP7_75t_R}
OUTPUT	whole_stage_value[31]	whole_stage_value[31]	0.		{_10630_ Y INVx1_ASAP7_75t_R}
OUTPUT	whole_stage_value[3]	whole_stage_value[3]	0.		{_10854_ Y INVx1_ASAP7_75t_R}
OUTPUT	whole_stage_value[4]	whole_stage_value[4]	0.		{_10855_ Y INVx1_ASAP7_75t_R}
OUTPUT	whole_stage_value[5]	whole_stage_value[5]	0.		{_10856_ Y INVx1_ASAP7_75t_R}
OUTPUT	whole_stage_value[6]	whole_stage_value[6]	0.		{_10857_ Y INVx1_ASAP7_75t_R}
OUTPUT	whole_stage_value[7]	whole_stage_value[7]	0.		{_10858_ Y INVx1_ASAP7_75t_R}
OUTPUT	whole_stage_value[8]	whole_stage_value[8]	0.		{_10859_ Y INVx1_ASAP7_75t_R}
OUTPUT	whole_stage_value[9]	whole_stage_value[9]	0.		{_10860_ Y INVx1_ASAP7_75t_R}
