macro	master	pin	net	cap_fF	receivers
u_cfg.g_live.g_bank\[0\].u_prompt	ot_sram_1r1w_512x128_m4_r2c2	clk	clk	8.683800	
u_cfg.g_live.g_bank\[0\].u_prompt	ot_sram_1r1w_512x128_m4_r2c2	r_ce_in	_01883_	0.578800	
u_cfg.g_live.g_bank\[0\].u_prompt	ot_sram_1r1w_512x128_m4_r2c2	r_addr_in[0]	u_cfg.g_live.read_index\[1\]	0.578800	
u_cfg.g_live.g_bank\[0\].u_prompt	ot_sram_1r1w_512x128_m4_r2c2	r_addr_in[1]	u_cfg.g_live.read_index\[2\]	0.578800	
u_cfg.g_live.g_bank\[0\].u_prompt	ot_sram_1r1w_512x128_m4_r2c2	r_addr_in[2]	u_cfg.g_live.read_index\[3\]	0.578800	
u_cfg.g_live.g_bank\[0\].u_prompt	ot_sram_1r1w_512x128_m4_r2c2	r_addr_in[3]	u_cfg.g_live.read_index\[4\]	0.578800	
u_cfg.g_live.g_bank\[0\].u_prompt	ot_sram_1r1w_512x128_m4_r2c2	r_addr_in[4]	u_cfg.g_live.read_index\[5\]	0.578800	
u_cfg.g_live.g_bank\[0\].u_prompt	ot_sram_1r1w_512x128_m4_r2c2	r_addr_in[5]	u_cfg.g_live.read_index\[6\]	0.578800	
u_cfg.g_live.g_bank\[0\].u_prompt	ot_sram_1r1w_512x128_m4_r2c2	r_addr_in[6]	u_cfg.g_live.read_index\[7\]	0.578800	
u_cfg.g_live.g_bank\[0\].u_prompt	ot_sram_1r1w_512x128_m4_r2c2	r_addr_in[7]	u_cfg.g_live.read_index\[8\]	0.578800	
u_cfg.g_live.g_bank\[0\].u_prompt	ot_sram_1r1w_512x128_m4_r2c2	r_addr_in[8]	u_cfg.g_live.read_index\[9\]	0.578800	
u_cfg.g_live.g_bank\[0\].u_prompt	ot_sram_1r1w_512x128_m4_r2c2	rd_out[0]	u_cfg.g_live.bank_q\[1664\]	0.924352	{_14598_ B 0.924352}
u_cfg.g_live.g_bank\[0\].u_prompt	ot_sram_1r1w_512x128_m4_r2c2	rd_out[1]	u_cfg.g_live.bank_q\[1665\]	0.924352	{_14387_ B 0.924352}
u_cfg.g_live.g_bank\[0\].u_prompt	ot_sram_1r1w_512x128_m4_r2c2	rd_out[2]	u_cfg.g_live.bank_q\[1666\]	0.924352	{_14740_ B 0.924352}
u_cfg.g_live.g_bank\[0\].u_prompt	ot_sram_1r1w_512x128_m4_r2c2	rd_out[3]	u_cfg.g_live.bank_q\[1667\]	0.924352	{_14488_ B 0.924352}
u_cfg.g_live.g_bank\[0\].u_prompt	ot_sram_1r1w_512x128_m4_r2c2	rd_out[4]	u_cfg.g_live.bank_q\[1668\]	0.924352	{_14517_ B 0.924352}
u_cfg.g_live.g_bank\[0\].u_prompt	ot_sram_1r1w_512x128_m4_r2c2	rd_out[5]	u_cfg.g_live.bank_q\[1669\]	0.924352	{_14669_ B 0.924352}
u_cfg.g_live.g_bank\[0\].u_prompt	ot_sram_1r1w_512x128_m4_r2c2	rd_out[6]	u_cfg.g_live.bank_q\[1670\]	0.924352	{_14636_ B 0.924352}
u_cfg.g_live.g_bank\[0\].u_prompt	ot_sram_1r1w_512x128_m4_r2c2	rd_out[7]	u_cfg.g_live.bank_q\[1671\]	0.489888	{_15102_ B 0.489888}
u_cfg.g_live.g_bank\[0\].u_prompt	ot_sram_1r1w_512x128_m4_r2c2	rd_out[8]	u_cfg.g_live.bank_q\[1672\]	0.489888	{_14953_ B 0.489888}
u_cfg.g_live.g_bank\[0\].u_prompt	ot_sram_1r1w_512x128_m4_r2c2	rd_out[9]	u_cfg.g_live.bank_q\[1673\]	0.924352	{_14987_ B 0.924352}
u_cfg.g_live.g_bank\[0\].u_prompt	ot_sram_1r1w_512x128_m4_r2c2	rd_out[10]	u_cfg.g_live.bank_q\[1674\]	0.924352	{_14908_ B 0.924352}
u_cfg.g_live.g_bank\[0\].u_prompt	ot_sram_1r1w_512x128_m4_r2c2	rd_out[11]	u_cfg.g_live.bank_q\[1675\]	0.924352	{_13974_ B 0.924352}
u_cfg.g_live.g_bank\[0\].u_prompt	ot_sram_1r1w_512x128_m4_r2c2	rd_out[12]	u_cfg.g_live.bank_q\[1676\]	0.924352	{_13851_ B 0.924352}
u_cfg.g_live.g_bank\[0\].u_prompt	ot_sram_1r1w_512x128_m4_r2c2	rd_out[13]	u_cfg.g_live.bank_q\[1677\]	0.924352	{_13806_ B 0.924352}
u_cfg.g_live.g_bank\[0\].u_prompt	ot_sram_1r1w_512x128_m4_r2c2	rd_out[14]	u_cfg.g_live.bank_q\[1678\]	0.924352	{_14040_ B 0.924352}
u_cfg.g_live.g_bank\[0\].u_prompt	ot_sram_1r1w_512x128_m4_r2c2	rd_out[15]	u_cfg.g_live.bank_q\[1679\]	0.924352	{_13886_ B 0.924352}
u_cfg.g_live.g_bank\[0\].u_prompt	ot_sram_1r1w_512x128_m4_r2c2	rd_out[16]	u_cfg.g_live.bank_q\[1680\]	0.924352	{_12823_ B 0.924352}
u_cfg.g_live.g_bank\[0\].u_prompt	ot_sram_1r1w_512x128_m4_r2c2	rd_out[17]	u_cfg.g_live.bank_q\[1681\]	0.924352	{_12778_ B 0.924352}
u_cfg.g_live.g_bank\[0\].u_prompt	ot_sram_1r1w_512x128_m4_r2c2	rd_out[18]	u_cfg.g_live.bank_q\[1682\]	0.924352	{_12704_ B 0.924352}
u_cfg.g_live.g_bank\[0\].u_prompt	ot_sram_1r1w_512x128_m4_r2c2	rd_out[19]	u_cfg.g_live.bank_q\[1683\]	0.489888	{_12891_ B 0.489888}
u_cfg.g_live.g_bank\[0\].u_prompt	ot_sram_1r1w_512x128_m4_r2c2	rd_out[20]	u_cfg.g_live.bank_q\[1684\]	0.924352	{_12188_ B 0.924352}
u_cfg.g_live.g_bank\[0\].u_prompt	ot_sram_1r1w_512x128_m4_r2c2	rd_out[21]	u_cfg.g_live.bank_q\[1685\]	0.874367	{_12291_ A2 0.874367}
u_cfg.g_live.g_bank\[0\].u_prompt	ot_sram_1r1w_512x128_m4_r2c2	rd_out[22]	u_cfg.g_live.bank_q\[1686\]	0.874367	{_12298_ A2 0.874367}
u_cfg.g_live.g_bank\[0\].u_prompt	ot_sram_1r1w_512x128_m4_r2c2	rd_out[23]	u_cfg.g_live.bank_q\[1687\]	0.924352	{_12443_ B 0.924352}
u_cfg.g_live.g_bank\[0\].u_prompt	ot_sram_1r1w_512x128_m4_r2c2	rd_out[24]	u_cfg.g_live.bank_q\[1688\]	0.924352	{_12620_ B 0.924352}
u_cfg.g_live.g_bank\[0\].u_prompt	ot_sram_1r1w_512x128_m4_r2c2	rd_out[25]	u_cfg.g_live.bank_q\[1689\]	0.924352	{_12505_ B 0.924352}
u_cfg.g_live.g_bank\[0\].u_prompt	ot_sram_1r1w_512x128_m4_r2c2	rd_out[26]	u_cfg.g_live.bank_q\[1690\]	0.924352	{_15656_ B 0.924352}
u_cfg.g_live.g_bank\[0\].u_prompt	ot_sram_1r1w_512x128_m4_r2c2	rd_out[27]	u_cfg.g_live.bank_q\[1691\]	0.924352	{_15460_ B 0.924352}
u_cfg.g_live.g_bank\[0\].u_prompt	ot_sram_1r1w_512x128_m4_r2c2	rd_out[28]	u_cfg.g_live.bank_q\[1692\]	0.924352	{_15578_ B 0.924352}
u_cfg.g_live.g_bank\[0\].u_prompt	ot_sram_1r1w_512x128_m4_r2c2	rd_out[29]	u_cfg.g_live.bank_q\[1693\]	0.874367	{_15366_ A2 0.874367}
u_cfg.g_live.g_bank\[0\].u_prompt	ot_sram_1r1w_512x128_m4_r2c2	rd_out[30]	u_cfg.g_live.bank_q\[1694\]	0.924352	{_15612_ B 0.924352}
u_cfg.g_live.g_bank\[0\].u_prompt	ot_sram_1r1w_512x128_m4_r2c2	rd_out[31]	u_cfg.g_live.bank_q\[1695\]	0.924352	{_15713_ B 0.924352}
u_cfg.g_live.g_bank\[0\].u_prompt	ot_sram_1r1w_512x128_m4_r2c2	rd_out[32]	u_cfg.g_live.bank_q\[1696\]	0.924352	{_15137_ B 0.924352}
u_cfg.g_live.g_bank\[0\].u_prompt	ot_sram_1r1w_512x128_m4_r2c2	rd_out[33]	u_cfg.g_live.bank_q\[1697\]	0.924352	{_14175_ B 0.924352}
u_cfg.g_live.g_bank\[0\].u_prompt	ot_sram_1r1w_512x128_m4_r2c2	rd_out[34]	u_cfg.g_live.bank_q\[1698\]	0.924352	{_14276_ B 0.924352}
u_cfg.g_live.g_bank\[0\].u_prompt	ot_sram_1r1w_512x128_m4_r2c2	rd_out[35]	u_cfg.g_live.bank_q\[1699\]	0.924352	{_14170_ B 0.924352}
u_cfg.g_live.g_bank\[0\].u_prompt	ot_sram_1r1w_512x128_m4_r2c2	rd_out[36]	u_cfg.g_live.bank_q\[1700\]	0.489888	{_14320_ B 0.489888}
u_cfg.g_live.g_bank\[0\].u_prompt	ot_sram_1r1w_512x128_m4_r2c2	rd_out[37]	u_cfg.g_live.bank_q\[1701\]	0.489888	{_15313_ B 0.489888}
u_cfg.g_live.g_bank\[0\].u_prompt	ot_sram_1r1w_512x128_m4_r2c2	rd_out[38]	u_cfg.g_live.bank_q\[1702\]	0.924352	{_15405_ B 0.924352}
u_cfg.g_live.g_bank\[0\].u_prompt	ot_sram_1r1w_512x128_m4_r2c2	rd_out[39]	u_cfg.g_live.bank_q\[1703\]	0.924352	{_15221_ B 0.924352}
u_cfg.g_live.g_bank\[0\].u_prompt	ot_sram_1r1w_512x128_m4_r2c2	rd_out[40]	u_cfg.g_live.bank_q\[1704\]	0.924352	{_15235_ B 0.924352}
u_cfg.g_live.g_bank\[0\].u_prompt	ot_sram_1r1w_512x128_m4_r2c2	rd_out[41]	u_cfg.g_live.bank_q\[1705\]	0.924352	{_13475_ B 0.924352}
u_cfg.g_live.g_bank\[0\].u_prompt	ot_sram_1r1w_512x128_m4_r2c2	rd_out[42]	u_cfg.g_live.bank_q\[1706\]	0.924352	{_13718_ B 0.924352}
u_cfg.g_live.g_bank\[0\].u_prompt	ot_sram_1r1w_512x128_m4_r2c2	rd_out[43]	u_cfg.g_live.bank_q\[1707\]	0.924352	{_13765_ B 0.924352}
u_cfg.g_live.g_bank\[0\].u_prompt	ot_sram_1r1w_512x128_m4_r2c2	rd_out[44]	u_cfg.g_live.bank_q\[1708\]	0.874367	{_13618_ A2 0.874367}
u_cfg.g_live.g_bank\[0\].u_prompt	ot_sram_1r1w_512x128_m4_r2c2	rd_out[45]	u_cfg.g_live.bank_q\[1709\]	0.924352	{_13934_ B 0.924352}
u_cfg.g_live.g_bank\[0\].u_prompt	ot_sram_1r1w_512x128_m4_r2c2	rd_out[46]	u_cfg.g_live.bank_q\[1710\]	0.924352	{_13506_ B 0.924352}
u_cfg.g_live.g_bank\[0\].u_prompt	ot_sram_1r1w_512x128_m4_r2c2	rd_out[47]	u_cfg.g_live.bank_q\[1711\]	0.924352	{_13672_ B 0.924352}
u_cfg.g_live.g_bank\[0\].u_prompt	ot_sram_1r1w_512x128_m4_r2c2	rd_out[48]	u_cfg.g_live.bank_q\[1712\]	0.924352	{_13050_ B 0.924352}
u_cfg.g_live.g_bank\[0\].u_prompt	ot_sram_1r1w_512x128_m4_r2c2	rd_out[49]	u_cfg.g_live.bank_q\[1713\]	0.489888	{_13189_ B 0.489888}
u_cfg.g_live.g_bank\[0\].u_prompt	ot_sram_1r1w_512x128_m4_r2c2	rd_out[50]	u_cfg.g_live.bank_q\[1714\]	0.924352	{_13398_ B 0.924352}
u_cfg.g_live.g_bank\[0\].u_prompt	ot_sram_1r1w_512x128_m4_r2c2	rd_out[51]	u_cfg.g_live.bank_q\[1715\]	0.924352	{_13452_ B 0.924352}
u_cfg.g_live.g_bank\[0\].u_prompt	ot_sram_1r1w_512x128_m4_r2c2	rd_out[52]	u_cfg.g_live.bank_q\[1716\]	0.924352	{_13011_ B 0.924352}
u_cfg.g_live.g_bank\[0\].u_prompt	ot_sram_1r1w_512x128_m4_r2c2	rd_out[53]	u_cfg.g_live.bank_q\[1717\]	0.924352	{_13216_ B 0.924352}
u_cfg.g_live.g_bank\[0\].u_prompt	ot_sram_1r1w_512x128_m4_r2c2	rd_out[54]	u_cfg.g_live.bank_q\[1718\]	0.924352	{_13267_ B 0.924352}
u_cfg.g_live.g_bank\[0\].u_prompt	ot_sram_1r1w_512x128_m4_r2c2	rd_out[55]	u_cfg.g_live.bank_q\[1719\]	0.924352	{_13323_ B 0.924352}
u_cfg.g_live.g_bank\[0\].u_prompt	ot_sram_1r1w_512x128_m4_r2c2	rd_out[56]	u_cfg.g_live.bank_q\[1720\]	0.489888	{_13082_ B 0.489888}
u_cfg.g_live.g_bank\[0\].u_prompt	ot_sram_1r1w_512x128_m4_r2c2	rd_out[57]	u_cfg.g_live.bank_q\[1721\]	0.924352	{_14357_ B 0.924352}
u_cfg.g_live.g_bank\[0\].u_prompt	ot_sram_1r1w_512x128_m4_r2c2	rd_out[58]	u_cfg.g_live.bank_q\[1722\]	0.924352	{_14828_ B 0.924352}
u_cfg.g_live.g_bank\[0\].u_prompt	ot_sram_1r1w_512x128_m4_r2c2	rd_out[59]	u_cfg.g_live.bank_q\[1723\]	0.924352	{_15057_ B 0.924352}
u_cfg.g_live.g_bank\[0\].u_prompt	ot_sram_1r1w_512x128_m4_r2c2	rd_out[60]	u_cfg.g_live.bank_q\[1724\]	0.924352	{_14105_ B 0.924352}
u_cfg.g_live.g_bank\[0\].u_prompt	ot_sram_1r1w_512x128_m4_r2c2	rd_out[61]	u_cfg.g_live.bank_q\[1725\]	0.924352	{_12928_ B 0.924352}
u_cfg.g_live.g_bank\[0\].u_prompt	ot_sram_1r1w_512x128_m4_r2c2	rd_out[62]	u_cfg.g_live.bank_q\[1726\]	0.924352	{_15517_ B 0.924352}
u_cfg.g_live.g_bank\[0\].u_prompt	ot_sram_1r1w_512x128_m4_r2c2	rd_out[63]	u_cfg.g_live.bank_q\[1727\]	0.924352	{_14777_ B 0.924352}
u_cfg.g_live.g_bank\[0\].u_prompt	ot_sram_1r1w_512x128_m4_r2c2	rd_out[64]	u_cfg.g_live.bank_q\[1728\]	0.924352	{_14591_ B 0.924352}
u_cfg.g_live.g_bank\[0\].u_prompt	ot_sram_1r1w_512x128_m4_r2c2	rd_out[65]	u_cfg.g_live.bank_q\[1729\]	0.924352	{_14394_ B 0.924352}
u_cfg.g_live.g_bank\[0\].u_prompt	ot_sram_1r1w_512x128_m4_r2c2	rd_out[66]	u_cfg.g_live.bank_q\[1730\]	0.924352	{_14746_ B 0.924352}
u_cfg.g_live.g_bank\[0\].u_prompt	ot_sram_1r1w_512x128_m4_r2c2	rd_out[67]	u_cfg.g_live.bank_q\[1731\]	0.924352	{_14494_ B 0.924352}
u_cfg.g_live.g_bank\[0\].u_prompt	ot_sram_1r1w_512x128_m4_r2c2	rd_out[68]	u_cfg.g_live.bank_q\[1732\]	0.924352	{_14510_ B 0.924352}
u_cfg.g_live.g_bank\[0\].u_prompt	ot_sram_1r1w_512x128_m4_r2c2	rd_out[69]	u_cfg.g_live.bank_q\[1733\]	0.924352	{_14690_ B 0.924352}
u_cfg.g_live.g_bank\[0\].u_prompt	ot_sram_1r1w_512x128_m4_r2c2	rd_out[70]	u_cfg.g_live.bank_q\[1734\]	0.924352	{_14643_ B 0.924352}
u_cfg.g_live.g_bank\[0\].u_prompt	ot_sram_1r1w_512x128_m4_r2c2	rd_out[71]	u_cfg.g_live.bank_q\[1735\]	0.924352	{_15109_ B 0.924352}
u_cfg.g_live.g_bank\[0\].u_prompt	ot_sram_1r1w_512x128_m4_r2c2	rd_out[72]	u_cfg.g_live.bank_q\[1736\]	0.924352	{_14960_ B 0.924352}
u_cfg.g_live.g_bank\[0\].u_prompt	ot_sram_1r1w_512x128_m4_r2c2	rd_out[73]	u_cfg.g_live.bank_q\[1737\]	0.924352	{_14980_ B 0.924352}
u_cfg.g_live.g_bank\[0\].u_prompt	ot_sram_1r1w_512x128_m4_r2c2	rd_out[74]	u_cfg.g_live.bank_q\[1738\]	0.924352	{_14915_ B 0.924352}
u_cfg.g_live.g_bank\[0\].u_prompt	ot_sram_1r1w_512x128_m4_r2c2	rd_out[75]	u_cfg.g_live.bank_q\[1739\]	0.924352	{_13998_ B 0.924352}
u_cfg.g_live.g_bank\[0\].u_prompt	ot_sram_1r1w_512x128_m4_r2c2	rd_out[76]	u_cfg.g_live.bank_q\[1740\]	0.924352	{_13832_ B 0.924352}
u_cfg.g_live.g_bank\[0\].u_prompt	ot_sram_1r1w_512x128_m4_r2c2	rd_out[77]	u_cfg.g_live.bank_q\[1741\]	0.924352	{_13787_ B 0.924352}
u_cfg.g_live.g_bank\[0\].u_prompt	ot_sram_1r1w_512x128_m4_r2c2	rd_out[78]	u_cfg.g_live.bank_q\[1742\]	0.481403	{_14060_ A2 0.481403}
u_cfg.g_live.g_bank\[0\].u_prompt	ot_sram_1r1w_512x128_m4_r2c2	rd_out[79]	u_cfg.g_live.bank_q\[1743\]	0.924352	{_13910_ B 0.924352}
u_cfg.g_live.g_bank\[0\].u_prompt	ot_sram_1r1w_512x128_m4_r2c2	rd_out[80]	u_cfg.g_live.bank_q\[1744\]	0.924352	{_12802_ B 0.924352}
u_cfg.g_live.g_bank\[0\].u_prompt	ot_sram_1r1w_512x128_m4_r2c2	rd_out[81]	u_cfg.g_live.bank_q\[1745\]	0.924352	{_12789_ B 0.924352}
u_cfg.g_live.g_bank\[0\].u_prompt	ot_sram_1r1w_512x128_m4_r2c2	rd_out[82]	u_cfg.g_live.bank_q\[1746\]	0.924352	{_12697_ B 0.924352}
u_cfg.g_live.g_bank\[0\].u_prompt	ot_sram_1r1w_512x128_m4_r2c2	rd_out[83]	u_cfg.g_live.bank_q\[1747\]	0.924352	{_12898_ B 0.924352}
u_cfg.g_live.g_bank\[0\].u_prompt	ot_sram_1r1w_512x128_m4_r2c2	rd_out[84]	u_cfg.g_live.bank_q\[1748\]	0.924352	{_12170_ B 0.924352}
u_cfg.g_live.g_bank\[0\].u_prompt	ot_sram_1r1w_512x128_m4_r2c2	rd_out[85]	u_cfg.g_live.bank_q\[1749\]	0.486821	{_12290_ B 0.486821}
u_cfg.g_live.g_bank\[0\].u_prompt	ot_sram_1r1w_512x128_m4_r2c2	rd_out[86]	u_cfg.g_live.bank_q\[1750\]	0.486821	{_12297_ B 0.486821}
u_cfg.g_live.g_bank\[0\].u_prompt	ot_sram_1r1w_512x128_m4_r2c2	rd_out[87]	u_cfg.g_live.bank_q\[1751\]	0.924352	{_12432_ B 0.924352}
u_cfg.g_live.g_bank\[0\].u_prompt	ot_sram_1r1w_512x128_m4_r2c2	rd_out[88]	u_cfg.g_live.bank_q\[1752\]	0.924352	{_12589_ B 0.924352}
u_cfg.g_live.g_bank\[0\].u_prompt	ot_sram_1r1w_512x128_m4_r2c2	rd_out[89]	u_cfg.g_live.bank_q\[1753\]	0.924352	{_12517_ B 0.924352}
u_cfg.g_live.g_bank\[0\].u_prompt	ot_sram_1r1w_512x128_m4_r2c2	rd_out[90]	u_cfg.g_live.bank_q\[1754\]	0.924352	{_15641_ B 0.924352}
u_cfg.g_live.g_bank\[0\].u_prompt	ot_sram_1r1w_512x128_m4_r2c2	rd_out[91]	u_cfg.g_live.bank_q\[1755\]	0.578766	{_15471_ A 0.578766}
u_cfg.g_live.g_bank\[0\].u_prompt	ot_sram_1r1w_512x128_m4_r2c2	rd_out[92]	u_cfg.g_live.bank_q\[1756\]	0.874367	{_15556_ A2 0.874367}
u_cfg.g_live.g_bank\[0\].u_prompt	ot_sram_1r1w_512x128_m4_r2c2	rd_out[93]	u_cfg.g_live.bank_q\[1757\]	0.874367	{_15372_ A2 0.874367}
u_cfg.g_live.g_bank\[0\].u_prompt	ot_sram_1r1w_512x128_m4_r2c2	rd_out[94]	u_cfg.g_live.bank_q\[1758\]	0.924352	{_15619_ B 0.924352}
u_cfg.g_live.g_bank\[0\].u_prompt	ot_sram_1r1w_512x128_m4_r2c2	rd_out[95]	u_cfg.g_live.bank_q\[1759\]	0.924352	{_15720_ B 0.924352}
u_cfg.g_live.g_bank\[0\].u_prompt	ot_sram_1r1w_512x128_m4_r2c2	rd_out[96]	u_cfg.g_live.bank_q\[1760\]	0.924352	{_15152_ B 0.924352}
u_cfg.g_live.g_bank\[0\].u_prompt	ot_sram_1r1w_512x128_m4_r2c2	rd_out[97]	u_cfg.g_live.bank_q\[1761\]	0.578766	{_14180_ A 0.578766}
u_cfg.g_live.g_bank\[0\].u_prompt	ot_sram_1r1w_512x128_m4_r2c2	rd_out[98]	u_cfg.g_live.bank_q\[1762\]	0.924352	{_14283_ B 0.924352}
u_cfg.g_live.g_bank\[0\].u_prompt	ot_sram_1r1w_512x128_m4_r2c2	rd_out[99]	u_cfg.g_live.bank_q\[1763\]	0.578766	{_14169_ A 0.578766}
u_cfg.g_live.g_bank\[0\].u_prompt	ot_sram_1r1w_512x128_m4_r2c2	rd_out[100]	u_cfg.g_live.bank_q\[1764\]	0.489888	{_14326_ B 0.489888}
u_cfg.g_live.g_bank\[0\].u_prompt	ot_sram_1r1w_512x128_m4_r2c2	rd_out[101]	u_cfg.g_live.bank_q\[1765\]	0.924352	{_15320_ B 0.924352}
u_cfg.g_live.g_bank\[0\].u_prompt	ot_sram_1r1w_512x128_m4_r2c2	rd_out[102]	u_cfg.g_live.bank_q\[1766\]	0.924352	{_15412_ B 0.924352}
u_cfg.g_live.g_bank\[0\].u_prompt	ot_sram_1r1w_512x128_m4_r2c2	rd_out[103]	u_cfg.g_live.bank_q\[1767\]	0.924352	{_15228_ B 0.924352}
u_cfg.g_live.g_bank\[0\].u_prompt	ot_sram_1r1w_512x128_m4_r2c2	rd_out[104]	u_cfg.g_live.bank_q\[1768\]	0.924352	{_15260_ B 0.924352}
u_cfg.g_live.g_bank\[0\].u_prompt	ot_sram_1r1w_512x128_m4_r2c2	rd_out[105]	u_cfg.g_live.bank_q\[1769\]	0.924352	{_13482_ B 0.924352}
u_cfg.g_live.g_bank\[0\].u_prompt	ot_sram_1r1w_512x128_m4_r2c2	rd_out[106]	u_cfg.g_live.bank_q\[1770\]	0.924352	{_13725_ B 0.924352}
u_cfg.g_live.g_bank\[0\].u_prompt	ot_sram_1r1w_512x128_m4_r2c2	rd_out[107]	u_cfg.g_live.bank_q\[1771\]	0.924352	{_13772_ B 0.924352}
u_cfg.g_live.g_bank\[0\].u_prompt	ot_sram_1r1w_512x128_m4_r2c2	rd_out[108]	u_cfg.g_live.bank_q\[1772\]	0.924352	{_13627_ B 0.924352}
u_cfg.g_live.g_bank\[0\].u_prompt	ot_sram_1r1w_512x128_m4_r2c2	rd_out[109]	u_cfg.g_live.bank_q\[1773\]	0.924352	{_13958_ B 0.924352}
u_cfg.g_live.g_bank\[0\].u_prompt	ot_sram_1r1w_512x128_m4_r2c2	rd_out[110]	u_cfg.g_live.bank_q\[1774\]	0.924352	{_13513_ B 0.924352}
u_cfg.g_live.g_bank\[0\].u_prompt	ot_sram_1r1w_512x128_m4_r2c2	rd_out[111]	u_cfg.g_live.bank_q\[1775\]	0.924352	{_13679_ B 0.924352}
u_cfg.g_live.g_bank\[0\].u_prompt	ot_sram_1r1w_512x128_m4_r2c2	rd_out[112]	u_cfg.g_live.bank_q\[1776\]	0.924352	{_13056_ B 0.924352}
u_cfg.g_live.g_bank\[0\].u_prompt	ot_sram_1r1w_512x128_m4_r2c2	rd_out[113]	u_cfg.g_live.bank_q\[1777\]	0.489888	{_13195_ B 0.489888}
u_cfg.g_live.g_bank\[0\].u_prompt	ot_sram_1r1w_512x128_m4_r2c2	rd_out[114]	u_cfg.g_live.bank_q\[1778\]	0.924352	{_13408_ B 0.924352}
u_cfg.g_live.g_bank\[0\].u_prompt	ot_sram_1r1w_512x128_m4_r2c2	rd_out[115]	u_cfg.g_live.bank_q\[1779\]	0.924352	{_13459_ B 0.924352}
u_cfg.g_live.g_bank\[0\].u_prompt	ot_sram_1r1w_512x128_m4_r2c2	rd_out[116]	u_cfg.g_live.bank_q\[1780\]	0.924352	{_13018_ B 0.924352}
u_cfg.g_live.g_bank\[0\].u_prompt	ot_sram_1r1w_512x128_m4_r2c2	rd_out[117]	u_cfg.g_live.bank_q\[1781\]	0.924352	{_13223_ B 0.924352}
u_cfg.g_live.g_bank\[0\].u_prompt	ot_sram_1r1w_512x128_m4_r2c2	rd_out[118]	u_cfg.g_live.bank_q\[1782\]	0.924352	{_13297_ B 0.924352}
u_cfg.g_live.g_bank\[0\].u_prompt	ot_sram_1r1w_512x128_m4_r2c2	rd_out[119]	u_cfg.g_live.bank_q\[1783\]	0.924352	{_13348_ B 0.924352}
u_cfg.g_live.g_bank\[0\].u_prompt	ot_sram_1r1w_512x128_m4_r2c2	rd_out[120]	u_cfg.g_live.bank_q\[1784\]	0.489888	{_13089_ B 0.489888}
u_cfg.g_live.g_bank\[0\].u_prompt	ot_sram_1r1w_512x128_m4_r2c2	rd_out[121]	u_cfg.g_live.bank_q\[1785\]	0.924352	{_14364_ B 0.924352}
u_cfg.g_live.g_bank\[0\].u_prompt	ot_sram_1r1w_512x128_m4_r2c2	rd_out[122]	u_cfg.g_live.bank_q\[1786\]	0.924352	{_14835_ B 0.924352}
u_cfg.g_live.g_bank\[0\].u_prompt	ot_sram_1r1w_512x128_m4_r2c2	rd_out[123]	u_cfg.g_live.bank_q\[1787\]	0.924352	{_15064_ B 0.924352}
u_cfg.g_live.g_bank\[0\].u_prompt	ot_sram_1r1w_512x128_m4_r2c2	rd_out[124]	u_cfg.g_live.bank_q\[1788\]	0.924352	{_14090_ B 0.924352}
u_cfg.g_live.g_bank\[0\].u_prompt	ot_sram_1r1w_512x128_m4_r2c2	rd_out[125]	u_cfg.g_live.bank_q\[1789\]	0.924352	{_12912_ B 0.924352}
u_cfg.g_live.g_bank\[0\].u_prompt	ot_sram_1r1w_512x128_m4_r2c2	rd_out[126]	u_cfg.g_live.bank_q\[1790\]	0.924352	{_15510_ B 0.924352}
u_cfg.g_live.g_bank\[0\].u_prompt	ot_sram_1r1w_512x128_m4_r2c2	rd_out[127]	u_cfg.g_live.bank_q\[1791\]	0.924352	{_14770_ B 0.924352}
u_cfg.g_live.g_bank\[0\].u_prompt	ot_sram_1r1w_512x128_m4_r2c2	w_ce_in	_01884_	0.578800	
u_cfg.g_live.g_bank\[0\].u_prompt	ot_sram_1r1w_512x128_m4_r2c2	w_addr_in[0]	_01885_	0.578800	
u_cfg.g_live.g_bank\[0\].u_prompt	ot_sram_1r1w_512x128_m4_r2c2	w_addr_in[1]	_01886_	0.578800	
u_cfg.g_live.g_bank\[0\].u_prompt	ot_sram_1r1w_512x128_m4_r2c2	w_addr_in[2]	_01887_	0.578800	
u_cfg.g_live.g_bank\[0\].u_prompt	ot_sram_1r1w_512x128_m4_r2c2	w_addr_in[3]	_01888_	0.578800	
u_cfg.g_live.g_bank\[0\].u_prompt	ot_sram_1r1w_512x128_m4_r2c2	w_addr_in[4]	_01889_	0.578800	
u_cfg.g_live.g_bank\[0\].u_prompt	ot_sram_1r1w_512x128_m4_r2c2	w_addr_in[5]	_01890_	0.578800	
u_cfg.g_live.g_bank\[0\].u_prompt	ot_sram_1r1w_512x128_m4_r2c2	w_addr_in[6]	_01891_	0.578800	
u_cfg.g_live.g_bank\[0\].u_prompt	ot_sram_1r1w_512x128_m4_r2c2	w_addr_in[7]	_01892_	0.578800	
u_cfg.g_live.g_bank\[0\].u_prompt	ot_sram_1r1w_512x128_m4_r2c2	w_addr_in[8]	_01893_	0.578800	
u_cfg.g_live.g_bank\[0\].u_prompt	ot_sram_1r1w_512x128_m4_r2c2	wd_in[0]	_01894_	0.578800	
u_cfg.g_live.g_bank\[0\].u_prompt	ot_sram_1r1w_512x128_m4_r2c2	wd_in[1]	_01933_	0.578800	
u_cfg.g_live.g_bank\[0\].u_prompt	ot_sram_1r1w_512x128_m4_r2c2	wd_in[2]	_01943_	0.578800	
u_cfg.g_live.g_bank\[0\].u_prompt	ot_sram_1r1w_512x128_m4_r2c2	wd_in[3]	_01954_	0.578800	
u_cfg.g_live.g_bank\[0\].u_prompt	ot_sram_1r1w_512x128_m4_r2c2	wd_in[4]	_01965_	0.578800	
u_cfg.g_live.g_bank\[0\].u_prompt	ot_sram_1r1w_512x128_m4_r2c2	wd_in[5]	_01976_	0.578800	
u_cfg.g_live.g_bank\[0\].u_prompt	ot_sram_1r1w_512x128_m4_r2c2	wd_in[6]	_01987_	0.578800	
u_cfg.g_live.g_bank\[0\].u_prompt	ot_sram_1r1w_512x128_m4_r2c2	wd_in[7]	_01998_	0.578800	
u_cfg.g_live.g_bank\[0\].u_prompt	ot_sram_1r1w_512x128_m4_r2c2	wd_in[8]	_02009_	0.578800	
u_cfg.g_live.g_bank\[0\].u_prompt	ot_sram_1r1w_512x128_m4_r2c2	wd_in[9]	_02020_	0.578800	
u_cfg.g_live.g_bank\[0\].u_prompt	ot_sram_1r1w_512x128_m4_r2c2	wd_in[10]	_01905_	0.578800	
u_cfg.g_live.g_bank\[0\].u_prompt	ot_sram_1r1w_512x128_m4_r2c2	wd_in[11]	_01916_	0.578800	
u_cfg.g_live.g_bank\[0\].u_prompt	ot_sram_1r1w_512x128_m4_r2c2	wd_in[12]	_01925_	0.578800	
u_cfg.g_live.g_bank\[0\].u_prompt	ot_sram_1r1w_512x128_m4_r2c2	wd_in[13]	_01926_	0.578800	
u_cfg.g_live.g_bank\[0\].u_prompt	ot_sram_1r1w_512x128_m4_r2c2	wd_in[14]	_01927_	0.578800	
u_cfg.g_live.g_bank\[0\].u_prompt	ot_sram_1r1w_512x128_m4_r2c2	wd_in[15]	_01928_	0.578800	
u_cfg.g_live.g_bank\[0\].u_prompt	ot_sram_1r1w_512x128_m4_r2c2	wd_in[16]	_01929_	0.578800	
u_cfg.g_live.g_bank\[0\].u_prompt	ot_sram_1r1w_512x128_m4_r2c2	wd_in[17]	_01930_	0.578800	
u_cfg.g_live.g_bank\[0\].u_prompt	ot_sram_1r1w_512x128_m4_r2c2	wd_in[18]	_01931_	0.578800	
u_cfg.g_live.g_bank\[0\].u_prompt	ot_sram_1r1w_512x128_m4_r2c2	wd_in[19]	_01932_	0.578800	
u_cfg.g_live.g_bank\[0\].u_prompt	ot_sram_1r1w_512x128_m4_r2c2	wd_in[20]	_01934_	0.578800	
u_cfg.g_live.g_bank\[0\].u_prompt	ot_sram_1r1w_512x128_m4_r2c2	wd_in[21]	_01935_	0.578800	
u_cfg.g_live.g_bank\[0\].u_prompt	ot_sram_1r1w_512x128_m4_r2c2	wd_in[22]	_01936_	0.578800	
u_cfg.g_live.g_bank\[0\].u_prompt	ot_sram_1r1w_512x128_m4_r2c2	wd_in[23]	_01937_	0.578800	
u_cfg.g_live.g_bank\[0\].u_prompt	ot_sram_1r1w_512x128_m4_r2c2	wd_in[24]	_01938_	0.578800	
u_cfg.g_live.g_bank\[0\].u_prompt	ot_sram_1r1w_512x128_m4_r2c2	wd_in[25]	_01939_	0.578800	
u_cfg.g_live.g_bank\[0\].u_prompt	ot_sram_1r1w_512x128_m4_r2c2	wd_in[26]	_10622_	0.578800	
u_cfg.g_live.g_bank\[0\].u_prompt	ot_sram_1r1w_512x128_m4_r2c2	wd_in[27]	_01940_	0.578800	
u_cfg.g_live.g_bank\[0\].u_prompt	ot_sram_1r1w_512x128_m4_r2c2	wd_in[28]	_01941_	0.578800	
u_cfg.g_live.g_bank\[0\].u_prompt	ot_sram_1r1w_512x128_m4_r2c2	wd_in[29]	_01942_	0.578800	
u_cfg.g_live.g_bank\[0\].u_prompt	ot_sram_1r1w_512x128_m4_r2c2	wd_in[30]	_01944_	0.578800	
u_cfg.g_live.g_bank\[0\].u_prompt	ot_sram_1r1w_512x128_m4_r2c2	wd_in[31]	_01945_	0.578800	
u_cfg.g_live.g_bank\[0\].u_prompt	ot_sram_1r1w_512x128_m4_r2c2	wd_in[32]	_01946_	0.578800	
u_cfg.g_live.g_bank\[0\].u_prompt	ot_sram_1r1w_512x128_m4_r2c2	wd_in[33]	_01947_	0.578800	
u_cfg.g_live.g_bank\[0\].u_prompt	ot_sram_1r1w_512x128_m4_r2c2	wd_in[34]	_01948_	0.578800	
u_cfg.g_live.g_bank\[0\].u_prompt	ot_sram_1r1w_512x128_m4_r2c2	wd_in[35]	_01949_	0.578800	
u_cfg.g_live.g_bank\[0\].u_prompt	ot_sram_1r1w_512x128_m4_r2c2	wd_in[36]	_01950_	0.578800	
u_cfg.g_live.g_bank\[0\].u_prompt	ot_sram_1r1w_512x128_m4_r2c2	wd_in[37]	_01951_	0.578800	
u_cfg.g_live.g_bank\[0\].u_prompt	ot_sram_1r1w_512x128_m4_r2c2	wd_in[38]	_01952_	0.578800	
u_cfg.g_live.g_bank\[0\].u_prompt	ot_sram_1r1w_512x128_m4_r2c2	wd_in[39]	_01953_	0.578800	
u_cfg.g_live.g_bank\[0\].u_prompt	ot_sram_1r1w_512x128_m4_r2c2	wd_in[40]	_01955_	0.578800	
u_cfg.g_live.g_bank\[0\].u_prompt	ot_sram_1r1w_512x128_m4_r2c2	wd_in[41]	_01956_	0.578800	
u_cfg.g_live.g_bank\[0\].u_prompt	ot_sram_1r1w_512x128_m4_r2c2	wd_in[42]	_01957_	0.578800	
u_cfg.g_live.g_bank\[0\].u_prompt	ot_sram_1r1w_512x128_m4_r2c2	wd_in[43]	_01958_	0.578800	
u_cfg.g_live.g_bank\[0\].u_prompt	ot_sram_1r1w_512x128_m4_r2c2	wd_in[44]	_01959_	0.578800	
u_cfg.g_live.g_bank\[0\].u_prompt	ot_sram_1r1w_512x128_m4_r2c2	wd_in[45]	_01960_	0.578800	
u_cfg.g_live.g_bank\[0\].u_prompt	ot_sram_1r1w_512x128_m4_r2c2	wd_in[46]	_01961_	0.578800	
u_cfg.g_live.g_bank\[0\].u_prompt	ot_sram_1r1w_512x128_m4_r2c2	wd_in[47]	_01962_	0.578800	
u_cfg.g_live.g_bank\[0\].u_prompt	ot_sram_1r1w_512x128_m4_r2c2	wd_in[48]	_01963_	0.578800	
u_cfg.g_live.g_bank\[0\].u_prompt	ot_sram_1r1w_512x128_m4_r2c2	wd_in[49]	_01964_	0.578800	
u_cfg.g_live.g_bank\[0\].u_prompt	ot_sram_1r1w_512x128_m4_r2c2	wd_in[50]	_01966_	0.578800	
u_cfg.g_live.g_bank\[0\].u_prompt	ot_sram_1r1w_512x128_m4_r2c2	wd_in[51]	_01967_	0.578800	
u_cfg.g_live.g_bank\[0\].u_prompt	ot_sram_1r1w_512x128_m4_r2c2	wd_in[52]	_01968_	0.578800	
u_cfg.g_live.g_bank\[0\].u_prompt	ot_sram_1r1w_512x128_m4_r2c2	wd_in[53]	_01969_	0.578800	
u_cfg.g_live.g_bank\[0\].u_prompt	ot_sram_1r1w_512x128_m4_r2c2	wd_in[54]	_01970_	0.578800	
u_cfg.g_live.g_bank\[0\].u_prompt	ot_sram_1r1w_512x128_m4_r2c2	wd_in[55]	_01971_	0.578800	
u_cfg.g_live.g_bank\[0\].u_prompt	ot_sram_1r1w_512x128_m4_r2c2	wd_in[56]	_01972_	0.578800	
u_cfg.g_live.g_bank\[0\].u_prompt	ot_sram_1r1w_512x128_m4_r2c2	wd_in[57]	_01973_	0.578800	
u_cfg.g_live.g_bank\[0\].u_prompt	ot_sram_1r1w_512x128_m4_r2c2	wd_in[58]	_01974_	0.578800	
u_cfg.g_live.g_bank\[0\].u_prompt	ot_sram_1r1w_512x128_m4_r2c2	wd_in[59]	_01975_	0.578800	
u_cfg.g_live.g_bank\[0\].u_prompt	ot_sram_1r1w_512x128_m4_r2c2	wd_in[60]	_01977_	0.578800	
u_cfg.g_live.g_bank\[0\].u_prompt	ot_sram_1r1w_512x128_m4_r2c2	wd_in[61]	_01978_	0.578800	
u_cfg.g_live.g_bank\[0\].u_prompt	ot_sram_1r1w_512x128_m4_r2c2	wd_in[62]	_01979_	0.578800	
u_cfg.g_live.g_bank\[0\].u_prompt	ot_sram_1r1w_512x128_m4_r2c2	wd_in[63]	_01980_	0.578800	
u_cfg.g_live.g_bank\[0\].u_prompt	ot_sram_1r1w_512x128_m4_r2c2	wd_in[64]	_01981_	0.578800	
u_cfg.g_live.g_bank\[0\].u_prompt	ot_sram_1r1w_512x128_m4_r2c2	wd_in[65]	_01982_	0.578800	
u_cfg.g_live.g_bank\[0\].u_prompt	ot_sram_1r1w_512x128_m4_r2c2	wd_in[66]	_01983_	0.578800	
u_cfg.g_live.g_bank\[0\].u_prompt	ot_sram_1r1w_512x128_m4_r2c2	wd_in[67]	_01984_	0.578800	
u_cfg.g_live.g_bank\[0\].u_prompt	ot_sram_1r1w_512x128_m4_r2c2	wd_in[68]	_01985_	0.578800	
u_cfg.g_live.g_bank\[0\].u_prompt	ot_sram_1r1w_512x128_m4_r2c2	wd_in[69]	_01986_	0.578800	
u_cfg.g_live.g_bank\[0\].u_prompt	ot_sram_1r1w_512x128_m4_r2c2	wd_in[70]	_01988_	0.578800	
u_cfg.g_live.g_bank\[0\].u_prompt	ot_sram_1r1w_512x128_m4_r2c2	wd_in[71]	_01989_	0.578800	
u_cfg.g_live.g_bank\[0\].u_prompt	ot_sram_1r1w_512x128_m4_r2c2	wd_in[72]	_01990_	0.578800	
u_cfg.g_live.g_bank\[0\].u_prompt	ot_sram_1r1w_512x128_m4_r2c2	wd_in[73]	_01991_	0.578800	
u_cfg.g_live.g_bank\[0\].u_prompt	ot_sram_1r1w_512x128_m4_r2c2	wd_in[74]	_01992_	0.578800	
u_cfg.g_live.g_bank\[0\].u_prompt	ot_sram_1r1w_512x128_m4_r2c2	wd_in[75]	_01993_	0.578800	
u_cfg.g_live.g_bank\[0\].u_prompt	ot_sram_1r1w_512x128_m4_r2c2	wd_in[76]	_01994_	0.578800	
u_cfg.g_live.g_bank\[0\].u_prompt	ot_sram_1r1w_512x128_m4_r2c2	wd_in[77]	_01995_	0.578800	
u_cfg.g_live.g_bank\[0\].u_prompt	ot_sram_1r1w_512x128_m4_r2c2	wd_in[78]	_01996_	0.578800	
u_cfg.g_live.g_bank\[0\].u_prompt	ot_sram_1r1w_512x128_m4_r2c2	wd_in[79]	_01997_	0.578800	
u_cfg.g_live.g_bank\[0\].u_prompt	ot_sram_1r1w_512x128_m4_r2c2	wd_in[80]	_01999_	0.578800	
u_cfg.g_live.g_bank\[0\].u_prompt	ot_sram_1r1w_512x128_m4_r2c2	wd_in[81]	_02000_	0.578800	
u_cfg.g_live.g_bank\[0\].u_prompt	ot_sram_1r1w_512x128_m4_r2c2	wd_in[82]	_02001_	0.578800	
u_cfg.g_live.g_bank\[0\].u_prompt	ot_sram_1r1w_512x128_m4_r2c2	wd_in[83]	_02002_	0.578800	
u_cfg.g_live.g_bank\[0\].u_prompt	ot_sram_1r1w_512x128_m4_r2c2	wd_in[84]	_02003_	0.578800	
u_cfg.g_live.g_bank\[0\].u_prompt	ot_sram_1r1w_512x128_m4_r2c2	wd_in[85]	_02004_	0.578800	
u_cfg.g_live.g_bank\[0\].u_prompt	ot_sram_1r1w_512x128_m4_r2c2	wd_in[86]	_02005_	0.578800	
u_cfg.g_live.g_bank\[0\].u_prompt	ot_sram_1r1w_512x128_m4_r2c2	wd_in[87]	_02006_	0.578800	
u_cfg.g_live.g_bank\[0\].u_prompt	ot_sram_1r1w_512x128_m4_r2c2	wd_in[88]	_02007_	0.578800	
u_cfg.g_live.g_bank\[0\].u_prompt	ot_sram_1r1w_512x128_m4_r2c2	wd_in[89]	_02008_	0.578800	
u_cfg.g_live.g_bank\[0\].u_prompt	ot_sram_1r1w_512x128_m4_r2c2	wd_in[90]	_02010_	0.578800	
u_cfg.g_live.g_bank\[0\].u_prompt	ot_sram_1r1w_512x128_m4_r2c2	wd_in[91]	_02011_	0.578800	
u_cfg.g_live.g_bank\[0\].u_prompt	ot_sram_1r1w_512x128_m4_r2c2	wd_in[92]	_02012_	0.578800	
u_cfg.g_live.g_bank\[0\].u_prompt	ot_sram_1r1w_512x128_m4_r2c2	wd_in[93]	_02013_	0.578800	
u_cfg.g_live.g_bank\[0\].u_prompt	ot_sram_1r1w_512x128_m4_r2c2	wd_in[94]	_02014_	0.578800	
u_cfg.g_live.g_bank\[0\].u_prompt	ot_sram_1r1w_512x128_m4_r2c2	wd_in[95]	_02015_	0.578800	
u_cfg.g_live.g_bank\[0\].u_prompt	ot_sram_1r1w_512x128_m4_r2c2	wd_in[96]	_02016_	0.578800	
u_cfg.g_live.g_bank\[0\].u_prompt	ot_sram_1r1w_512x128_m4_r2c2	wd_in[97]	_02017_	0.578800	
u_cfg.g_live.g_bank\[0\].u_prompt	ot_sram_1r1w_512x128_m4_r2c2	wd_in[98]	_02018_	0.578800	
u_cfg.g_live.g_bank\[0\].u_prompt	ot_sram_1r1w_512x128_m4_r2c2	wd_in[99]	_02019_	0.578800	
u_cfg.g_live.g_bank\[0\].u_prompt	ot_sram_1r1w_512x128_m4_r2c2	wd_in[100]	_01895_	0.578800	
u_cfg.g_live.g_bank\[0\].u_prompt	ot_sram_1r1w_512x128_m4_r2c2	wd_in[101]	_01896_	0.578800	
u_cfg.g_live.g_bank\[0\].u_prompt	ot_sram_1r1w_512x128_m4_r2c2	wd_in[102]	_01897_	0.578800	
u_cfg.g_live.g_bank\[0\].u_prompt	ot_sram_1r1w_512x128_m4_r2c2	wd_in[103]	_01898_	0.578800	
u_cfg.g_live.g_bank\[0\].u_prompt	ot_sram_1r1w_512x128_m4_r2c2	wd_in[104]	_01899_	0.578800	
u_cfg.g_live.g_bank\[0\].u_prompt	ot_sram_1r1w_512x128_m4_r2c2	wd_in[105]	_01900_	0.578800	
u_cfg.g_live.g_bank\[0\].u_prompt	ot_sram_1r1w_512x128_m4_r2c2	wd_in[106]	_01901_	0.578800	
u_cfg.g_live.g_bank\[0\].u_prompt	ot_sram_1r1w_512x128_m4_r2c2	wd_in[107]	_01902_	0.578800	
u_cfg.g_live.g_bank\[0\].u_prompt	ot_sram_1r1w_512x128_m4_r2c2	wd_in[108]	_01903_	0.578800	
u_cfg.g_live.g_bank\[0\].u_prompt	ot_sram_1r1w_512x128_m4_r2c2	wd_in[109]	_01904_	0.578800	
u_cfg.g_live.g_bank\[0\].u_prompt	ot_sram_1r1w_512x128_m4_r2c2	wd_in[110]	_01906_	0.578800	
u_cfg.g_live.g_bank\[0\].u_prompt	ot_sram_1r1w_512x128_m4_r2c2	wd_in[111]	_01907_	0.578800	
u_cfg.g_live.g_bank\[0\].u_prompt	ot_sram_1r1w_512x128_m4_r2c2	wd_in[112]	_01908_	0.578800	
u_cfg.g_live.g_bank\[0\].u_prompt	ot_sram_1r1w_512x128_m4_r2c2	wd_in[113]	_01909_	0.578800	
u_cfg.g_live.g_bank\[0\].u_prompt	ot_sram_1r1w_512x128_m4_r2c2	wd_in[114]	_01910_	0.578800	
u_cfg.g_live.g_bank\[0\].u_prompt	ot_sram_1r1w_512x128_m4_r2c2	wd_in[115]	_01911_	0.578800	
u_cfg.g_live.g_bank\[0\].u_prompt	ot_sram_1r1w_512x128_m4_r2c2	wd_in[116]	_01912_	0.578800	
u_cfg.g_live.g_bank\[0\].u_prompt	ot_sram_1r1w_512x128_m4_r2c2	wd_in[117]	_01913_	0.578800	
u_cfg.g_live.g_bank\[0\].u_prompt	ot_sram_1r1w_512x128_m4_r2c2	wd_in[118]	_01914_	0.578800	
u_cfg.g_live.g_bank\[0\].u_prompt	ot_sram_1r1w_512x128_m4_r2c2	wd_in[119]	_01915_	0.578800	
u_cfg.g_live.g_bank\[0\].u_prompt	ot_sram_1r1w_512x128_m4_r2c2	wd_in[120]	_01917_	0.578800	
u_cfg.g_live.g_bank\[0\].u_prompt	ot_sram_1r1w_512x128_m4_r2c2	wd_in[121]	_01918_	0.578800	
u_cfg.g_live.g_bank\[0\].u_prompt	ot_sram_1r1w_512x128_m4_r2c2	wd_in[122]	_01919_	0.578800	
u_cfg.g_live.g_bank\[0\].u_prompt	ot_sram_1r1w_512x128_m4_r2c2	wd_in[123]	_01920_	0.578800	
u_cfg.g_live.g_bank\[0\].u_prompt	ot_sram_1r1w_512x128_m4_r2c2	wd_in[124]	_01921_	0.578800	
u_cfg.g_live.g_bank\[0\].u_prompt	ot_sram_1r1w_512x128_m4_r2c2	wd_in[125]	_01922_	0.578800	
u_cfg.g_live.g_bank\[0\].u_prompt	ot_sram_1r1w_512x128_m4_r2c2	wd_in[126]	_01923_	0.578800	
u_cfg.g_live.g_bank\[0\].u_prompt	ot_sram_1r1w_512x128_m4_r2c2	wd_in[127]	_01924_	0.578800	
u_cfg.g_live.g_bank\[0\].u_prompt	ot_sram_1r1w_512x128_m4_r2c2	w_mask_in[0]	_02021_	0.578800	
u_cfg.g_live.g_bank\[0\].u_prompt	ot_sram_1r1w_512x128_m4_r2c2	w_mask_in[1]	_02021_	0.578800	
u_cfg.g_live.g_bank\[0\].u_prompt	ot_sram_1r1w_512x128_m4_r2c2	w_mask_in[2]	_02021_	0.578800	
u_cfg.g_live.g_bank\[0\].u_prompt	ot_sram_1r1w_512x128_m4_r2c2	w_mask_in[3]	_02021_	0.578800	
u_cfg.g_live.g_bank\[0\].u_prompt	ot_sram_1r1w_512x128_m4_r2c2	w_mask_in[4]	_02021_	0.578800	
u_cfg.g_live.g_bank\[0\].u_prompt	ot_sram_1r1w_512x128_m4_r2c2	w_mask_in[5]	_02021_	0.578800	
u_cfg.g_live.g_bank\[0\].u_prompt	ot_sram_1r1w_512x128_m4_r2c2	w_mask_in[6]	_02021_	0.578800	
u_cfg.g_live.g_bank\[0\].u_prompt	ot_sram_1r1w_512x128_m4_r2c2	w_mask_in[7]	_02021_	0.578800	
u_cfg.g_live.g_bank\[0\].u_prompt	ot_sram_1r1w_512x128_m4_r2c2	w_mask_in[8]	_02021_	0.578800	
u_cfg.g_live.g_bank\[0\].u_prompt	ot_sram_1r1w_512x128_m4_r2c2	w_mask_in[9]	_02021_	0.578800	
u_cfg.g_live.g_bank\[0\].u_prompt	ot_sram_1r1w_512x128_m4_r2c2	w_mask_in[10]	_02021_	0.578800	
u_cfg.g_live.g_bank\[0\].u_prompt	ot_sram_1r1w_512x128_m4_r2c2	w_mask_in[11]	_02021_	0.578800	
u_cfg.g_live.g_bank\[0\].u_prompt	ot_sram_1r1w_512x128_m4_r2c2	w_mask_in[12]	_02021_	0.578800	
u_cfg.g_live.g_bank\[0\].u_prompt	ot_sram_1r1w_512x128_m4_r2c2	w_mask_in[13]	_02021_	0.578800	
u_cfg.g_live.g_bank\[0\].u_prompt	ot_sram_1r1w_512x128_m4_r2c2	w_mask_in[14]	_02021_	0.578800	
u_cfg.g_live.g_bank\[0\].u_prompt	ot_sram_1r1w_512x128_m4_r2c2	w_mask_in[15]	_02021_	0.578800	
u_cfg.g_live.g_bank\[0\].u_prompt	ot_sram_1r1w_512x128_m4_r2c2	w_mask_in[16]	_02021_	0.578800	
u_cfg.g_live.g_bank\[0\].u_prompt	ot_sram_1r1w_512x128_m4_r2c2	w_mask_in[17]	_02021_	0.578800	
u_cfg.g_live.g_bank\[0\].u_prompt	ot_sram_1r1w_512x128_m4_r2c2	w_mask_in[18]	_02021_	0.578800	
u_cfg.g_live.g_bank\[0\].u_prompt	ot_sram_1r1w_512x128_m4_r2c2	w_mask_in[19]	_02021_	0.578800	
u_cfg.g_live.g_bank\[0\].u_prompt	ot_sram_1r1w_512x128_m4_r2c2	w_mask_in[20]	_02021_	0.578800	
u_cfg.g_live.g_bank\[0\].u_prompt	ot_sram_1r1w_512x128_m4_r2c2	w_mask_in[21]	_02021_	0.578800	
u_cfg.g_live.g_bank\[0\].u_prompt	ot_sram_1r1w_512x128_m4_r2c2	w_mask_in[22]	_02021_	0.578800	
u_cfg.g_live.g_bank\[0\].u_prompt	ot_sram_1r1w_512x128_m4_r2c2	w_mask_in[23]	_02021_	0.578800	
u_cfg.g_live.g_bank\[0\].u_prompt	ot_sram_1r1w_512x128_m4_r2c2	w_mask_in[24]	_02021_	0.578800	
u_cfg.g_live.g_bank\[0\].u_prompt	ot_sram_1r1w_512x128_m4_r2c2	w_mask_in[25]	_02021_	0.578800	
u_cfg.g_live.g_bank\[0\].u_prompt	ot_sram_1r1w_512x128_m4_r2c2	w_mask_in[26]	_02021_	0.578800	
u_cfg.g_live.g_bank\[0\].u_prompt	ot_sram_1r1w_512x128_m4_r2c2	w_mask_in[27]	_02021_	0.578800	
u_cfg.g_live.g_bank\[0\].u_prompt	ot_sram_1r1w_512x128_m4_r2c2	w_mask_in[28]	_02021_	0.578800	
u_cfg.g_live.g_bank\[0\].u_prompt	ot_sram_1r1w_512x128_m4_r2c2	w_mask_in[29]	_02021_	0.578800	
u_cfg.g_live.g_bank\[0\].u_prompt	ot_sram_1r1w_512x128_m4_r2c2	w_mask_in[30]	_02021_	0.578800	
u_cfg.g_live.g_bank\[0\].u_prompt	ot_sram_1r1w_512x128_m4_r2c2	w_mask_in[31]	_02021_	0.578800	
u_cfg.g_live.g_bank\[0\].u_prompt	ot_sram_1r1w_512x128_m4_r2c2	w_mask_in[32]	_02021_	0.578800	
u_cfg.g_live.g_bank\[0\].u_prompt	ot_sram_1r1w_512x128_m4_r2c2	w_mask_in[33]	_02021_	0.578800	
u_cfg.g_live.g_bank\[0\].u_prompt	ot_sram_1r1w_512x128_m4_r2c2	w_mask_in[34]	_02021_	0.578800	
u_cfg.g_live.g_bank\[0\].u_prompt	ot_sram_1r1w_512x128_m4_r2c2	w_mask_in[35]	_02021_	0.578800	
u_cfg.g_live.g_bank\[0\].u_prompt	ot_sram_1r1w_512x128_m4_r2c2	w_mask_in[36]	_02021_	0.578800	
u_cfg.g_live.g_bank\[0\].u_prompt	ot_sram_1r1w_512x128_m4_r2c2	w_mask_in[37]	_02021_	0.578800	
u_cfg.g_live.g_bank\[0\].u_prompt	ot_sram_1r1w_512x128_m4_r2c2	w_mask_in[38]	_02021_	0.578800	
u_cfg.g_live.g_bank\[0\].u_prompt	ot_sram_1r1w_512x128_m4_r2c2	w_mask_in[39]	_02021_	0.578800	
u_cfg.g_live.g_bank\[0\].u_prompt	ot_sram_1r1w_512x128_m4_r2c2	w_mask_in[40]	_02021_	0.578800	
u_cfg.g_live.g_bank\[0\].u_prompt	ot_sram_1r1w_512x128_m4_r2c2	w_mask_in[41]	_02021_	0.578800	
u_cfg.g_live.g_bank\[0\].u_prompt	ot_sram_1r1w_512x128_m4_r2c2	w_mask_in[42]	_02021_	0.578800	
u_cfg.g_live.g_bank\[0\].u_prompt	ot_sram_1r1w_512x128_m4_r2c2	w_mask_in[43]	_02021_	0.578800	
u_cfg.g_live.g_bank\[0\].u_prompt	ot_sram_1r1w_512x128_m4_r2c2	w_mask_in[44]	_02021_	0.578800	
u_cfg.g_live.g_bank\[0\].u_prompt	ot_sram_1r1w_512x128_m4_r2c2	w_mask_in[45]	_02021_	0.578800	
u_cfg.g_live.g_bank\[0\].u_prompt	ot_sram_1r1w_512x128_m4_r2c2	w_mask_in[46]	_02021_	0.578800	
u_cfg.g_live.g_bank\[0\].u_prompt	ot_sram_1r1w_512x128_m4_r2c2	w_mask_in[47]	_02021_	0.578800	
u_cfg.g_live.g_bank\[0\].u_prompt	ot_sram_1r1w_512x128_m4_r2c2	w_mask_in[48]	_02021_	0.578800	
u_cfg.g_live.g_bank\[0\].u_prompt	ot_sram_1r1w_512x128_m4_r2c2	w_mask_in[49]	_02021_	0.578800	
u_cfg.g_live.g_bank\[0\].u_prompt	ot_sram_1r1w_512x128_m4_r2c2	w_mask_in[50]	_02021_	0.578800	
u_cfg.g_live.g_bank\[0\].u_prompt	ot_sram_1r1w_512x128_m4_r2c2	w_mask_in[51]	_02021_	0.578800	
u_cfg.g_live.g_bank\[0\].u_prompt	ot_sram_1r1w_512x128_m4_r2c2	w_mask_in[52]	_02021_	0.578800	
u_cfg.g_live.g_bank\[0\].u_prompt	ot_sram_1r1w_512x128_m4_r2c2	w_mask_in[53]	_02021_	0.578800	
u_cfg.g_live.g_bank\[0\].u_prompt	ot_sram_1r1w_512x128_m4_r2c2	w_mask_in[54]	_02021_	0.578800	
u_cfg.g_live.g_bank\[0\].u_prompt	ot_sram_1r1w_512x128_m4_r2c2	w_mask_in[55]	_02021_	0.578800	
u_cfg.g_live.g_bank\[0\].u_prompt	ot_sram_1r1w_512x128_m4_r2c2	w_mask_in[56]	_02021_	0.578800	
u_cfg.g_live.g_bank\[0\].u_prompt	ot_sram_1r1w_512x128_m4_r2c2	w_mask_in[57]	_02021_	0.578800	
u_cfg.g_live.g_bank\[0\].u_prompt	ot_sram_1r1w_512x128_m4_r2c2	w_mask_in[58]	_02021_	0.578800	
u_cfg.g_live.g_bank\[0\].u_prompt	ot_sram_1r1w_512x128_m4_r2c2	w_mask_in[59]	_02021_	0.578800	
u_cfg.g_live.g_bank\[0\].u_prompt	ot_sram_1r1w_512x128_m4_r2c2	w_mask_in[60]	_02021_	0.578800	
u_cfg.g_live.g_bank\[0\].u_prompt	ot_sram_1r1w_512x128_m4_r2c2	w_mask_in[61]	_02021_	0.578800	
u_cfg.g_live.g_bank\[0\].u_prompt	ot_sram_1r1w_512x128_m4_r2c2	w_mask_in[62]	_02021_	0.578800	
u_cfg.g_live.g_bank\[0\].u_prompt	ot_sram_1r1w_512x128_m4_r2c2	w_mask_in[63]	_02021_	0.578800	
u_cfg.g_live.g_bank\[0\].u_prompt	ot_sram_1r1w_512x128_m4_r2c2	w_mask_in[64]	_02022_	0.578800	
u_cfg.g_live.g_bank\[0\].u_prompt	ot_sram_1r1w_512x128_m4_r2c2	w_mask_in[65]	_02022_	0.578800	
u_cfg.g_live.g_bank\[0\].u_prompt	ot_sram_1r1w_512x128_m4_r2c2	w_mask_in[66]	_02022_	0.578800	
u_cfg.g_live.g_bank\[0\].u_prompt	ot_sram_1r1w_512x128_m4_r2c2	w_mask_in[67]	_02022_	0.578800	
u_cfg.g_live.g_bank\[0\].u_prompt	ot_sram_1r1w_512x128_m4_r2c2	w_mask_in[68]	_02022_	0.578800	
u_cfg.g_live.g_bank\[0\].u_prompt	ot_sram_1r1w_512x128_m4_r2c2	w_mask_in[69]	_02022_	0.578800	
u_cfg.g_live.g_bank\[0\].u_prompt	ot_sram_1r1w_512x128_m4_r2c2	w_mask_in[70]	_02022_	0.578800	
u_cfg.g_live.g_bank\[0\].u_prompt	ot_sram_1r1w_512x128_m4_r2c2	w_mask_in[71]	_02022_	0.578800	
u_cfg.g_live.g_bank\[0\].u_prompt	ot_sram_1r1w_512x128_m4_r2c2	w_mask_in[72]	_02022_	0.578800	
u_cfg.g_live.g_bank\[0\].u_prompt	ot_sram_1r1w_512x128_m4_r2c2	w_mask_in[73]	_02022_	0.578800	
u_cfg.g_live.g_bank\[0\].u_prompt	ot_sram_1r1w_512x128_m4_r2c2	w_mask_in[74]	_02022_	0.578800	
u_cfg.g_live.g_bank\[0\].u_prompt	ot_sram_1r1w_512x128_m4_r2c2	w_mask_in[75]	_02022_	0.578800	
u_cfg.g_live.g_bank\[0\].u_prompt	ot_sram_1r1w_512x128_m4_r2c2	w_mask_in[76]	_02022_	0.578800	
u_cfg.g_live.g_bank\[0\].u_prompt	ot_sram_1r1w_512x128_m4_r2c2	w_mask_in[77]	_02022_	0.578800	
u_cfg.g_live.g_bank\[0\].u_prompt	ot_sram_1r1w_512x128_m4_r2c2	w_mask_in[78]	_02022_	0.578800	
u_cfg.g_live.g_bank\[0\].u_prompt	ot_sram_1r1w_512x128_m4_r2c2	w_mask_in[79]	_02022_	0.578800	
u_cfg.g_live.g_bank\[0\].u_prompt	ot_sram_1r1w_512x128_m4_r2c2	w_mask_in[80]	_02022_	0.578800	
u_cfg.g_live.g_bank\[0\].u_prompt	ot_sram_1r1w_512x128_m4_r2c2	w_mask_in[81]	_02022_	0.578800	
u_cfg.g_live.g_bank\[0\].u_prompt	ot_sram_1r1w_512x128_m4_r2c2	w_mask_in[82]	_02022_	0.578800	
u_cfg.g_live.g_bank\[0\].u_prompt	ot_sram_1r1w_512x128_m4_r2c2	w_mask_in[83]	_02022_	0.578800	
u_cfg.g_live.g_bank\[0\].u_prompt	ot_sram_1r1w_512x128_m4_r2c2	w_mask_in[84]	_02022_	0.578800	
u_cfg.g_live.g_bank\[0\].u_prompt	ot_sram_1r1w_512x128_m4_r2c2	w_mask_in[85]	_02022_	0.578800	
u_cfg.g_live.g_bank\[0\].u_prompt	ot_sram_1r1w_512x128_m4_r2c2	w_mask_in[86]	_02022_	0.578800	
u_cfg.g_live.g_bank\[0\].u_prompt	ot_sram_1r1w_512x128_m4_r2c2	w_mask_in[87]	_02022_	0.578800	
u_cfg.g_live.g_bank\[0\].u_prompt	ot_sram_1r1w_512x128_m4_r2c2	w_mask_in[88]	_02022_	0.578800	
u_cfg.g_live.g_bank\[0\].u_prompt	ot_sram_1r1w_512x128_m4_r2c2	w_mask_in[89]	_02022_	0.578800	
u_cfg.g_live.g_bank\[0\].u_prompt	ot_sram_1r1w_512x128_m4_r2c2	w_mask_in[90]	_02022_	0.578800	
u_cfg.g_live.g_bank\[0\].u_prompt	ot_sram_1r1w_512x128_m4_r2c2	w_mask_in[91]	_02022_	0.578800	
u_cfg.g_live.g_bank\[0\].u_prompt	ot_sram_1r1w_512x128_m4_r2c2	w_mask_in[92]	_02022_	0.578800	
u_cfg.g_live.g_bank\[0\].u_prompt	ot_sram_1r1w_512x128_m4_r2c2	w_mask_in[93]	_02022_	0.578800	
u_cfg.g_live.g_bank\[0\].u_prompt	ot_sram_1r1w_512x128_m4_r2c2	w_mask_in[94]	_02022_	0.578800	
u_cfg.g_live.g_bank\[0\].u_prompt	ot_sram_1r1w_512x128_m4_r2c2	w_mask_in[95]	_02022_	0.578800	
u_cfg.g_live.g_bank\[0\].u_prompt	ot_sram_1r1w_512x128_m4_r2c2	w_mask_in[96]	_02022_	0.578800	
u_cfg.g_live.g_bank\[0\].u_prompt	ot_sram_1r1w_512x128_m4_r2c2	w_mask_in[97]	_02022_	0.578800	
u_cfg.g_live.g_bank\[0\].u_prompt	ot_sram_1r1w_512x128_m4_r2c2	w_mask_in[98]	_02022_	0.578800	
u_cfg.g_live.g_bank\[0\].u_prompt	ot_sram_1r1w_512x128_m4_r2c2	w_mask_in[99]	_02022_	0.578800	
u_cfg.g_live.g_bank\[0\].u_prompt	ot_sram_1r1w_512x128_m4_r2c2	w_mask_in[100]	_02022_	0.578800	
u_cfg.g_live.g_bank\[0\].u_prompt	ot_sram_1r1w_512x128_m4_r2c2	w_mask_in[101]	_02022_	0.578800	
u_cfg.g_live.g_bank\[0\].u_prompt	ot_sram_1r1w_512x128_m4_r2c2	w_mask_in[102]	_02022_	0.578800	
u_cfg.g_live.g_bank\[0\].u_prompt	ot_sram_1r1w_512x128_m4_r2c2	w_mask_in[103]	_02022_	0.578800	
u_cfg.g_live.g_bank\[0\].u_prompt	ot_sram_1r1w_512x128_m4_r2c2	w_mask_in[104]	_02022_	0.578800	
u_cfg.g_live.g_bank\[0\].u_prompt	ot_sram_1r1w_512x128_m4_r2c2	w_mask_in[105]	_02022_	0.578800	
u_cfg.g_live.g_bank\[0\].u_prompt	ot_sram_1r1w_512x128_m4_r2c2	w_mask_in[106]	_02022_	0.578800	
u_cfg.g_live.g_bank\[0\].u_prompt	ot_sram_1r1w_512x128_m4_r2c2	w_mask_in[107]	_02022_	0.578800	
u_cfg.g_live.g_bank\[0\].u_prompt	ot_sram_1r1w_512x128_m4_r2c2	w_mask_in[108]	_02022_	0.578800	
u_cfg.g_live.g_bank\[0\].u_prompt	ot_sram_1r1w_512x128_m4_r2c2	w_mask_in[109]	_02022_	0.578800	
u_cfg.g_live.g_bank\[0\].u_prompt	ot_sram_1r1w_512x128_m4_r2c2	w_mask_in[110]	_02022_	0.578800	
u_cfg.g_live.g_bank\[0\].u_prompt	ot_sram_1r1w_512x128_m4_r2c2	w_mask_in[111]	_02022_	0.578800	
u_cfg.g_live.g_bank\[0\].u_prompt	ot_sram_1r1w_512x128_m4_r2c2	w_mask_in[112]	_02022_	0.578800	
u_cfg.g_live.g_bank\[0\].u_prompt	ot_sram_1r1w_512x128_m4_r2c2	w_mask_in[113]	_02022_	0.578800	
u_cfg.g_live.g_bank\[0\].u_prompt	ot_sram_1r1w_512x128_m4_r2c2	w_mask_in[114]	_02022_	0.578800	
u_cfg.g_live.g_bank\[0\].u_prompt	ot_sram_1r1w_512x128_m4_r2c2	w_mask_in[115]	_02022_	0.578800	
u_cfg.g_live.g_bank\[0\].u_prompt	ot_sram_1r1w_512x128_m4_r2c2	w_mask_in[116]	_02022_	0.578800	
u_cfg.g_live.g_bank\[0\].u_prompt	ot_sram_1r1w_512x128_m4_r2c2	w_mask_in[117]	_02022_	0.578800	
u_cfg.g_live.g_bank\[0\].u_prompt	ot_sram_1r1w_512x128_m4_r2c2	w_mask_in[118]	_02022_	0.578800	
u_cfg.g_live.g_bank\[0\].u_prompt	ot_sram_1r1w_512x128_m4_r2c2	w_mask_in[119]	_02022_	0.578800	
u_cfg.g_live.g_bank\[0\].u_prompt	ot_sram_1r1w_512x128_m4_r2c2	w_mask_in[120]	_02022_	0.578800	
u_cfg.g_live.g_bank\[0\].u_prompt	ot_sram_1r1w_512x128_m4_r2c2	w_mask_in[121]	_02022_	0.578800	
u_cfg.g_live.g_bank\[0\].u_prompt	ot_sram_1r1w_512x128_m4_r2c2	w_mask_in[122]	_02022_	0.578800	
u_cfg.g_live.g_bank\[0\].u_prompt	ot_sram_1r1w_512x128_m4_r2c2	w_mask_in[123]	_02022_	0.578800	
u_cfg.g_live.g_bank\[0\].u_prompt	ot_sram_1r1w_512x128_m4_r2c2	w_mask_in[124]	_02022_	0.578800	
u_cfg.g_live.g_bank\[0\].u_prompt	ot_sram_1r1w_512x128_m4_r2c2	w_mask_in[125]	_02022_	0.578800	
u_cfg.g_live.g_bank\[0\].u_prompt	ot_sram_1r1w_512x128_m4_r2c2	w_mask_in[126]	_02022_	0.578800	
u_cfg.g_live.g_bank\[0\].u_prompt	ot_sram_1r1w_512x128_m4_r2c2	w_mask_in[127]	_02022_	0.578800	
u_cfg.g_live.g_bank\[0\].u_prompt	ot_sram_1r1w_512x128_m4_r2c2	rr_en[0]	_10622_	0.578800	
u_cfg.g_live.g_bank\[0\].u_prompt	ot_sram_1r1w_512x128_m4_r2c2	rr_en[1]	_10622_	0.578800	
u_cfg.g_live.g_bank\[0\].u_prompt	ot_sram_1r1w_512x128_m4_r2c2	rr_addr[0]	_10622_	0.578800	
u_cfg.g_live.g_bank\[0\].u_prompt	ot_sram_1r1w_512x128_m4_r2c2	rr_addr[1]	_10622_	0.578800	
u_cfg.g_live.g_bank\[0\].u_prompt	ot_sram_1r1w_512x128_m4_r2c2	rr_addr[2]	_10622_	0.578800	
u_cfg.g_live.g_bank\[0\].u_prompt	ot_sram_1r1w_512x128_m4_r2c2	rr_addr[3]	_10622_	0.578800	
u_cfg.g_live.g_bank\[0\].u_prompt	ot_sram_1r1w_512x128_m4_r2c2	rr_addr[4]	_10622_	0.578800	
u_cfg.g_live.g_bank\[0\].u_prompt	ot_sram_1r1w_512x128_m4_r2c2	rr_addr[5]	_10622_	0.578800	
u_cfg.g_live.g_bank\[0\].u_prompt	ot_sram_1r1w_512x128_m4_r2c2	rr_addr[6]	_10622_	0.578800	
u_cfg.g_live.g_bank\[0\].u_prompt	ot_sram_1r1w_512x128_m4_r2c2	rr_addr[7]	_10622_	0.578800	
u_cfg.g_live.g_bank\[0\].u_prompt	ot_sram_1r1w_512x128_m4_r2c2	rr_addr[8]	_10622_	0.578800	
u_cfg.g_live.g_bank\[0\].u_prompt	ot_sram_1r1w_512x128_m4_r2c2	rr_addr[9]	_10622_	0.578800	
u_cfg.g_live.g_bank\[0\].u_prompt	ot_sram_1r1w_512x128_m4_r2c2	rr_addr[10]	_10622_	0.578800	
u_cfg.g_live.g_bank\[0\].u_prompt	ot_sram_1r1w_512x128_m4_r2c2	rr_addr[11]	_10622_	0.578800	
u_cfg.g_live.g_bank\[0\].u_prompt	ot_sram_1r1w_512x128_m4_r2c2	rr_addr[12]	_10622_	0.578800	
u_cfg.g_live.g_bank\[0\].u_prompt	ot_sram_1r1w_512x128_m4_r2c2	rr_addr[13]	_10622_	0.578800	
u_cfg.g_live.g_bank\[0\].u_prompt	ot_sram_1r1w_512x128_m4_r2c2	cr_en[0]	_10622_	0.578800	
u_cfg.g_live.g_bank\[0\].u_prompt	ot_sram_1r1w_512x128_m4_r2c2	cr_en[1]	_10622_	0.578800	
u_cfg.g_live.g_bank\[0\].u_prompt	ot_sram_1r1w_512x128_m4_r2c2	cr_sel[0]	_10622_	0.578800	
u_cfg.g_live.g_bank\[0\].u_prompt	ot_sram_1r1w_512x128_m4_r2c2	cr_sel[1]	_10622_	0.578800	
u_cfg.g_live.g_bank\[0\].u_prompt	ot_sram_1r1w_512x128_m4_r2c2	cr_sel[2]	_10622_	0.578800	
u_cfg.g_live.g_bank\[0\].u_prompt	ot_sram_1r1w_512x128_m4_r2c2	cr_sel[3]	_10622_	0.578800	
u_cfg.g_live.g_bank\[0\].u_prompt	ot_sram_1r1w_512x128_m4_r2c2	cr_sel[4]	_10622_	0.578800	
u_cfg.g_live.g_bank\[0\].u_prompt	ot_sram_1r1w_512x128_m4_r2c2	cr_sel[5]	_10622_	0.578800	
u_cfg.g_live.g_bank\[0\].u_prompt	ot_sram_1r1w_512x128_m4_r2c2	cr_sel[6]	_10622_	0.578800	
u_cfg.g_live.g_bank\[0\].u_prompt	ot_sram_1r1w_512x128_m4_r2c2	cr_sel[7]	_10622_	0.578800	
u_cfg.g_live.g_bank\[0\].u_prompt	ot_sram_1r1w_512x128_m4_r2c2	cr_sel[8]	_10622_	0.578800	
u_cfg.g_live.g_bank\[0\].u_prompt	ot_sram_1r1w_512x128_m4_r2c2	cr_sel[9]	_10622_	0.578800	
u_cfg.g_live.g_bank\[0\].u_prompt	ot_sram_1r1w_512x128_m4_r2c2	cr_sel[10]	_10622_	0.578800	
u_cfg.g_live.g_bank\[0\].u_prompt	ot_sram_1r1w_512x128_m4_r2c2	cr_sel[11]	_10622_	0.578800	
u_cfg.g_live.g_bank\[0\].u_prompt	ot_sram_1r1w_512x128_m4_r2c2	cr_sel[12]	_10622_	0.578800	
u_cfg.g_live.g_bank\[0\].u_prompt	ot_sram_1r1w_512x128_m4_r2c2	cr_sel[13]	_10622_	0.578800	
u_cfg.g_live.g_bank\[10\].u_prompt	ot_sram_1r1w_512x128_m4_r2c2	clk	clk	8.683800	
u_cfg.g_live.g_bank\[10\].u_prompt	ot_sram_1r1w_512x128_m4_r2c2	r_ce_in	_02041_	0.578800	
u_cfg.g_live.g_bank\[10\].u_prompt	ot_sram_1r1w_512x128_m4_r2c2	r_addr_in[0]	u_cfg.g_live.read_index\[1\]	0.578800	
u_cfg.g_live.g_bank\[10\].u_prompt	ot_sram_1r1w_512x128_m4_r2c2	r_addr_in[1]	u_cfg.g_live.read_index\[2\]	0.578800	
u_cfg.g_live.g_bank\[10\].u_prompt	ot_sram_1r1w_512x128_m4_r2c2	r_addr_in[2]	u_cfg.g_live.read_index\[3\]	0.578800	
u_cfg.g_live.g_bank\[10\].u_prompt	ot_sram_1r1w_512x128_m4_r2c2	r_addr_in[3]	u_cfg.g_live.read_index\[4\]	0.578800	
u_cfg.g_live.g_bank\[10\].u_prompt	ot_sram_1r1w_512x128_m4_r2c2	r_addr_in[4]	u_cfg.g_live.read_index\[5\]	0.578800	
u_cfg.g_live.g_bank\[10\].u_prompt	ot_sram_1r1w_512x128_m4_r2c2	r_addr_in[5]	u_cfg.g_live.read_index\[6\]	0.578800	
u_cfg.g_live.g_bank\[10\].u_prompt	ot_sram_1r1w_512x128_m4_r2c2	r_addr_in[6]	u_cfg.g_live.read_index\[7\]	0.578800	
u_cfg.g_live.g_bank\[10\].u_prompt	ot_sram_1r1w_512x128_m4_r2c2	r_addr_in[7]	u_cfg.g_live.read_index\[8\]	0.578800	
u_cfg.g_live.g_bank\[10\].u_prompt	ot_sram_1r1w_512x128_m4_r2c2	r_addr_in[8]	u_cfg.g_live.read_index\[9\]	0.578800	
u_cfg.g_live.g_bank\[10\].u_prompt	ot_sram_1r1w_512x128_m4_r2c2	rd_out[0]	u_cfg.g_live.bank_q\[384\]	0.578766	{_14560_ A 0.578766}
u_cfg.g_live.g_bank\[10\].u_prompt	ot_sram_1r1w_512x128_m4_r2c2	rd_out[1]	u_cfg.g_live.bank_q\[385\]	0.578766	{_14432_ A 0.578766}
u_cfg.g_live.g_bank\[10\].u_prompt	ot_sram_1r1w_512x128_m4_r2c2	rd_out[2]	u_cfg.g_live.bank_q\[386\]	0.486821	{_14709_ B 0.486821}
u_cfg.g_live.g_bank\[10\].u_prompt	ot_sram_1r1w_512x128_m4_r2c2	rd_out[3]	u_cfg.g_live.bank_q\[387\]	0.486821	{_14457_ B 0.486821}
u_cfg.g_live.g_bank\[10\].u_prompt	ot_sram_1r1w_512x128_m4_r2c2	rd_out[4]	u_cfg.g_live.bank_q\[388\]	0.528014	{_14543_ A2 0.528014}
u_cfg.g_live.g_bank\[10\].u_prompt	ot_sram_1r1w_512x128_m4_r2c2	rd_out[5]	u_cfg.g_live.bank_q\[389\]	0.578766	{_14655_ A 0.578766}
u_cfg.g_live.g_bank\[10\].u_prompt	ot_sram_1r1w_512x128_m4_r2c2	rd_out[6]	u_cfg.g_live.bank_q\[390\]	0.528014	{_14616_ A2 0.528014}
u_cfg.g_live.g_bank\[10\].u_prompt	ot_sram_1r1w_512x128_m4_r2c2	rd_out[7]	u_cfg.g_live.bank_q\[391\]	0.486821	{_15083_ B 0.486821}
u_cfg.g_live.g_bank\[10\].u_prompt	ot_sram_1r1w_512x128_m4_r2c2	rd_out[8]	u_cfg.g_live.bank_q\[392\]	0.486821	{_14934_ B 0.486821}
u_cfg.g_live.g_bank\[10\].u_prompt	ot_sram_1r1w_512x128_m4_r2c2	rd_out[9]	u_cfg.g_live.bank_q\[393\]	0.528014	{_15011_ A2 0.528014}
u_cfg.g_live.g_bank\[10\].u_prompt	ot_sram_1r1w_512x128_m4_r2c2	rd_out[10]	u_cfg.g_live.bank_q\[394\]	0.486821	{_14870_ B 0.486821}
u_cfg.g_live.g_bank\[10\].u_prompt	ot_sram_1r1w_512x128_m4_r2c2	rd_out[11]	u_cfg.g_live.bank_q\[395\]	0.528014	{_13989_ A2 0.528014}
u_cfg.g_live.g_bank\[10\].u_prompt	ot_sram_1r1w_512x128_m4_r2c2	rd_out[12]	u_cfg.g_live.bank_q\[396\]	0.578766	{_13854_ A 0.578766}
u_cfg.g_live.g_bank\[10\].u_prompt	ot_sram_1r1w_512x128_m4_r2c2	rd_out[13]	u_cfg.g_live.bank_q\[397\]	0.578766	{_13809_ A 0.578766}
u_cfg.g_live.g_bank\[10\].u_prompt	ot_sram_1r1w_512x128_m4_r2c2	rd_out[14]	u_cfg.g_live.bank_q\[398\]	0.578766	{_14025_ A 0.578766}
u_cfg.g_live.g_bank\[10\].u_prompt	ot_sram_1r1w_512x128_m4_r2c2	rd_out[15]	u_cfg.g_live.bank_q\[399\]	0.528014	{_13882_ A2 0.528014}
u_cfg.g_live.g_bank\[10\].u_prompt	ot_sram_1r1w_512x128_m4_r2c2	rd_out[16]	u_cfg.g_live.bank_q\[400\]	0.578766	{_12827_ A 0.578766}
u_cfg.g_live.g_bank\[10\].u_prompt	ot_sram_1r1w_512x128_m4_r2c2	rd_out[17]	u_cfg.g_live.bank_q\[401\]	0.528014	{_12753_ A2 0.528014}
u_cfg.g_live.g_bank\[10\].u_prompt	ot_sram_1r1w_512x128_m4_r2c2	rd_out[18]	u_cfg.g_live.bank_q\[402\]	0.924352	{_12663_ B 0.924352}
u_cfg.g_live.g_bank\[10\].u_prompt	ot_sram_1r1w_512x128_m4_r2c2	rd_out[19]	u_cfg.g_live.bank_q\[403\]	0.486821	{_12866_ B 0.486821}
u_cfg.g_live.g_bank\[10\].u_prompt	ot_sram_1r1w_512x128_m4_r2c2	rd_out[20]	u_cfg.g_live.bank_q\[404\]	0.924352	{_12097_ B 0.924352}
u_cfg.g_live.g_bank\[10\].u_prompt	ot_sram_1r1w_512x128_m4_r2c2	rd_out[21]	u_cfg.g_live.bank_q\[405\]	0.924352	{_12350_ B 0.924352}
u_cfg.g_live.g_bank\[10\].u_prompt	ot_sram_1r1w_512x128_m4_r2c2	rd_out[22]	u_cfg.g_live.bank_q\[406\]	0.924352	{_12361_ B 0.924352}
u_cfg.g_live.g_bank\[10\].u_prompt	ot_sram_1r1w_512x128_m4_r2c2	rd_out[23]	u_cfg.g_live.bank_q\[407\]	0.924352	{_12388_ B 0.924352}
u_cfg.g_live.g_bank\[10\].u_prompt	ot_sram_1r1w_512x128_m4_r2c2	rd_out[24]	u_cfg.g_live.bank_q\[408\]	0.578766	{_12627_ A 0.578766}
u_cfg.g_live.g_bank\[10\].u_prompt	ot_sram_1r1w_512x128_m4_r2c2	rd_out[25]	u_cfg.g_live.bank_q\[409\]	0.885352	{_12559_ A2 0.885352}
u_cfg.g_live.g_bank\[10\].u_prompt	ot_sram_1r1w_512x128_m4_r2c2	rd_out[26]	u_cfg.g_live.bank_q\[410\]	0.885352	{_15668_ A2 0.885352}
u_cfg.g_live.g_bank\[10\].u_prompt	ot_sram_1r1w_512x128_m4_r2c2	rd_out[27]	u_cfg.g_live.bank_q\[411\]	0.578766	{_15437_ A 0.578766}
u_cfg.g_live.g_bank\[10\].u_prompt	ot_sram_1r1w_512x128_m4_r2c2	rd_out[28]	u_cfg.g_live.bank_q\[412\]	0.528014	{_15541_ A2 0.528014}
u_cfg.g_live.g_bank\[10\].u_prompt	ot_sram_1r1w_512x128_m4_r2c2	rd_out[29]	u_cfg.g_live.bank_q\[413\]	0.578766	{_15332_ A 0.578766}
u_cfg.g_live.g_bank\[10\].u_prompt	ot_sram_1r1w_512x128_m4_r2c2	rd_out[30]	u_cfg.g_live.bank_q\[414\]	0.486821	{_15594_ B 0.486821}
u_cfg.g_live.g_bank\[10\].u_prompt	ot_sram_1r1w_512x128_m4_r2c2	rd_out[31]	u_cfg.g_live.bank_q\[415\]	0.578766	{_15685_ A 0.578766}
u_cfg.g_live.g_bank\[10\].u_prompt	ot_sram_1r1w_512x128_m4_r2c2	rd_out[32]	u_cfg.g_live.bank_q\[416\]	0.528014	{_15165_ A2 0.528014}
u_cfg.g_live.g_bank\[10\].u_prompt	ot_sram_1r1w_512x128_m4_r2c2	rd_out[33]	u_cfg.g_live.bank_q\[417\]	0.924352	{_14136_ B 0.924352}
u_cfg.g_live.g_bank\[10\].u_prompt	ot_sram_1r1w_512x128_m4_r2c2	rd_out[34]	u_cfg.g_live.bank_q\[418\]	0.924352	{_14234_ B 0.924352}
u_cfg.g_live.g_bank\[10\].u_prompt	ot_sram_1r1w_512x128_m4_r2c2	rd_out[35]	u_cfg.g_live.bank_q\[419\]	0.924352	{_14130_ B 0.924352}
u_cfg.g_live.g_bank\[10\].u_prompt	ot_sram_1r1w_512x128_m4_r2c2	rd_out[36]	u_cfg.g_live.bank_q\[420\]	0.528014	{_14289_ A2 0.528014}
u_cfg.g_live.g_bank\[10\].u_prompt	ot_sram_1r1w_512x128_m4_r2c2	rd_out[37]	u_cfg.g_live.bank_q\[421\]	0.486821	{_15294_ B 0.486821}
u_cfg.g_live.g_bank\[10\].u_prompt	ot_sram_1r1w_512x128_m4_r2c2	rd_out[38]	u_cfg.g_live.bank_q\[422\]	0.924352	{_15380_ B 0.924352}
u_cfg.g_live.g_bank\[10\].u_prompt	ot_sram_1r1w_512x128_m4_r2c2	rd_out[39]	u_cfg.g_live.bank_q\[423\]	0.924352	{_15182_ B 0.924352}
u_cfg.g_live.g_bank\[10\].u_prompt	ot_sram_1r1w_512x128_m4_r2c2	rd_out[40]	u_cfg.g_live.bank_q\[424\]	0.578766	{_15267_ A 0.578766}
u_cfg.g_live.g_bank\[10\].u_prompt	ot_sram_1r1w_512x128_m4_r2c2	rd_out[41]	u_cfg.g_live.bank_q\[425\]	0.486821	{_13570_ B 0.486821}
u_cfg.g_live.g_bank\[10\].u_prompt	ot_sram_1r1w_512x128_m4_r2c2	rd_out[42]	u_cfg.g_live.bank_q\[426\]	0.486821	{_13700_ B 0.486821}
u_cfg.g_live.g_bank\[10\].u_prompt	ot_sram_1r1w_512x128_m4_r2c2	rd_out[43]	u_cfg.g_live.bank_q\[427\]	0.486821	{_13747_ B 0.486821}
u_cfg.g_live.g_bank\[10\].u_prompt	ot_sram_1r1w_512x128_m4_r2c2	rd_out[44]	u_cfg.g_live.bank_q\[428\]	0.578766	{_13585_ A 0.578766}
u_cfg.g_live.g_bank\[10\].u_prompt	ot_sram_1r1w_512x128_m4_r2c2	rd_out[45]	u_cfg.g_live.bank_q\[429\]	0.528014	{_13923_ A2 0.528014}
u_cfg.g_live.g_bank\[10\].u_prompt	ot_sram_1r1w_512x128_m4_r2c2	rd_out[46]	u_cfg.g_live.bank_q\[430\]	0.578766	{_13551_ A 0.578766}
u_cfg.g_live.g_bank\[10\].u_prompt	ot_sram_1r1w_512x128_m4_r2c2	rd_out[47]	u_cfg.g_live.bank_q\[431\]	0.578766	{_13644_ A 0.578766}
u_cfg.g_live.g_bank\[10\].u_prompt	ot_sram_1r1w_512x128_m4_r2c2	rd_out[48]	u_cfg.g_live.bank_q\[432\]	0.578766	{_13143_ A 0.578766}
u_cfg.g_live.g_bank\[10\].u_prompt	ot_sram_1r1w_512x128_m4_r2c2	rd_out[49]	u_cfg.g_live.bank_q\[433\]	0.528014	{_13155_ A2 0.528014}
u_cfg.g_live.g_bank\[10\].u_prompt	ot_sram_1r1w_512x128_m4_r2c2	rd_out[50]	u_cfg.g_live.bank_q\[434\]	0.528014	{_13375_ A2 0.528014}
u_cfg.g_live.g_bank\[10\].u_prompt	ot_sram_1r1w_512x128_m4_r2c2	rd_out[51]	u_cfg.g_live.bank_q\[435\]	0.528014	{_13432_ A2 0.528014}
u_cfg.g_live.g_bank\[10\].u_prompt	ot_sram_1r1w_512x128_m4_r2c2	rd_out[52]	u_cfg.g_live.bank_q\[436\]	0.578766	{_12979_ A 0.578766}
u_cfg.g_live.g_bank\[10\].u_prompt	ot_sram_1r1w_512x128_m4_r2c2	rd_out[53]	u_cfg.g_live.bank_q\[437\]	0.885352	{_13244_ A2 0.885352}
u_cfg.g_live.g_bank\[10\].u_prompt	ot_sram_1r1w_512x128_m4_r2c2	rd_out[54]	u_cfg.g_live.bank_q\[438\]	0.528014	{_13263_ A2 0.528014}
u_cfg.g_live.g_bank\[10\].u_prompt	ot_sram_1r1w_512x128_m4_r2c2	rd_out[55]	u_cfg.g_live.bank_q\[439\]	0.528014	{_13319_ A2 0.528014}
u_cfg.g_live.g_bank\[10\].u_prompt	ot_sram_1r1w_512x128_m4_r2c2	rd_out[56]	u_cfg.g_live.bank_q\[440\]	0.578766	{_13110_ A 0.578766}
u_cfg.g_live.g_bank\[10\].u_prompt	ot_sram_1r1w_512x128_m4_r2c2	rd_out[57]	u_cfg.g_live.bank_q\[441\]	0.486821	{_14407_ B 0.486821}
u_cfg.g_live.g_bank\[10\].u_prompt	ot_sram_1r1w_512x128_m4_r2c2	rd_out[58]	u_cfg.g_live.bank_q\[442\]	0.578766	{_14850_ A 0.578766}
u_cfg.g_live.g_bank\[10\].u_prompt	ot_sram_1r1w_512x128_m4_r2c2	rd_out[59]	u_cfg.g_live.bank_q\[443\]	0.924352	{_15018_ B 0.924352}
u_cfg.g_live.g_bank\[10\].u_prompt	ot_sram_1r1w_512x128_m4_r2c2	rd_out[60]	u_cfg.g_live.bank_q\[444\]	0.578766	{_14118_ A 0.578766}
u_cfg.g_live.g_bank\[10\].u_prompt	ot_sram_1r1w_512x128_m4_r2c2	rd_out[61]	u_cfg.g_live.bank_q\[445\]	0.924352	{_12949_ B 0.924352}
u_cfg.g_live.g_bank\[10\].u_prompt	ot_sram_1r1w_512x128_m4_r2c2	rd_out[62]	u_cfg.g_live.bank_q\[446\]	0.578766	{_15492_ A 0.578766}
u_cfg.g_live.g_bank\[10\].u_prompt	ot_sram_1r1w_512x128_m4_r2c2	rd_out[63]	u_cfg.g_live.bank_q\[447\]	0.578766	{_14800_ A 0.578766}
u_cfg.g_live.g_bank\[10\].u_prompt	ot_sram_1r1w_512x128_m4_r2c2	rd_out[64]	u_cfg.g_live.bank_q\[448\]	0.578766	{_14567_ A 0.578766}
u_cfg.g_live.g_bank\[10\].u_prompt	ot_sram_1r1w_512x128_m4_r2c2	rd_out[65]	u_cfg.g_live.bank_q\[449\]	0.578766	{_14439_ A 0.578766}
u_cfg.g_live.g_bank\[10\].u_prompt	ot_sram_1r1w_512x128_m4_r2c2	rd_out[66]	u_cfg.g_live.bank_q\[450\]	0.486821	{_14715_ B 0.486821}
u_cfg.g_live.g_bank\[10\].u_prompt	ot_sram_1r1w_512x128_m4_r2c2	rd_out[67]	u_cfg.g_live.bank_q\[451\]	0.486821	{_14463_ B 0.486821}
u_cfg.g_live.g_bank\[10\].u_prompt	ot_sram_1r1w_512x128_m4_r2c2	rd_out[68]	u_cfg.g_live.bank_q\[452\]	0.578766	{_14528_ A 0.578766}
u_cfg.g_live.g_bank\[10\].u_prompt	ot_sram_1r1w_512x128_m4_r2c2	rd_out[69]	u_cfg.g_live.bank_q\[453\]	0.528014	{_14683_ A2 0.528014}
u_cfg.g_live.g_bank\[10\].u_prompt	ot_sram_1r1w_512x128_m4_r2c2	rd_out[70]	u_cfg.g_live.bank_q\[454\]	0.578766	{_14607_ A 0.578766}
u_cfg.g_live.g_bank\[10\].u_prompt	ot_sram_1r1w_512x128_m4_r2c2	rd_out[71]	u_cfg.g_live.bank_q\[455\]	0.578766	{_15072_ A 0.578766}
u_cfg.g_live.g_bank\[10\].u_prompt	ot_sram_1r1w_512x128_m4_r2c2	rd_out[72]	u_cfg.g_live.bank_q\[456\]	0.578766	{_14923_ A 0.578766}
u_cfg.g_live.g_bank\[10\].u_prompt	ot_sram_1r1w_512x128_m4_r2c2	rd_out[73]	u_cfg.g_live.bank_q\[457\]	0.578766	{_14998_ A 0.578766}
u_cfg.g_live.g_bank\[10\].u_prompt	ot_sram_1r1w_512x128_m4_r2c2	rd_out[74]	u_cfg.g_live.bank_q\[458\]	0.486821	{_14876_ B 0.486821}
u_cfg.g_live.g_bank\[10\].u_prompt	ot_sram_1r1w_512x128_m4_r2c2	rd_out[75]	u_cfg.g_live.bank_q\[459\]	0.578766	{_14009_ A 0.578766}
u_cfg.g_live.g_bank\[10\].u_prompt	ot_sram_1r1w_512x128_m4_r2c2	rd_out[76]	u_cfg.g_live.bank_q\[460\]	0.528014	{_13869_ A2 0.528014}
u_cfg.g_live.g_bank\[10\].u_prompt	ot_sram_1r1w_512x128_m4_r2c2	rd_out[77]	u_cfg.g_live.bank_q\[461\]	0.528014	{_13824_ A2 0.528014}
u_cfg.g_live.g_bank\[10\].u_prompt	ot_sram_1r1w_512x128_m4_r2c2	rd_out[78]	u_cfg.g_live.bank_q\[462\]	0.528014	{_14049_ A2 0.528014}
u_cfg.g_live.g_bank\[10\].u_prompt	ot_sram_1r1w_512x128_m4_r2c2	rd_out[79]	u_cfg.g_live.bank_q\[463\]	0.578766	{_13899_ A 0.578766}
u_cfg.g_live.g_bank\[10\].u_prompt	ot_sram_1r1w_512x128_m4_r2c2	rd_out[80]	u_cfg.g_live.bank_q\[464\]	0.528014	{_12845_ A2 0.528014}
u_cfg.g_live.g_bank\[10\].u_prompt	ot_sram_1r1w_512x128_m4_r2c2	rd_out[81]	u_cfg.g_live.bank_q\[465\]	0.578766	{_12736_ A 0.578766}
u_cfg.g_live.g_bank\[10\].u_prompt	ot_sram_1r1w_512x128_m4_r2c2	rd_out[82]	u_cfg.g_live.bank_q\[466\]	0.578766	{_12662_ A 0.578766}
u_cfg.g_live.g_bank\[10\].u_prompt	ot_sram_1r1w_512x128_m4_r2c2	rd_out[83]	u_cfg.g_live.bank_q\[467\]	0.578766	{_12853_ A 0.578766}
u_cfg.g_live.g_bank\[10\].u_prompt	ot_sram_1r1w_512x128_m4_r2c2	rd_out[84]	u_cfg.g_live.bank_q\[468\]	0.578766	{_12093_ A 0.578766}
u_cfg.g_live.g_bank\[10\].u_prompt	ot_sram_1r1w_512x128_m4_r2c2	rd_out[85]	u_cfg.g_live.bank_q\[469\]	0.578766	{_12349_ A 0.578766}
u_cfg.g_live.g_bank\[10\].u_prompt	ot_sram_1r1w_512x128_m4_r2c2	rd_out[86]	u_cfg.g_live.bank_q\[470\]	0.578766	{_12360_ A 0.578766}
u_cfg.g_live.g_bank\[10\].u_prompt	ot_sram_1r1w_512x128_m4_r2c2	rd_out[87]	u_cfg.g_live.bank_q\[471\]	0.578766	{_12387_ A 0.578766}
u_cfg.g_live.g_bank\[10\].u_prompt	ot_sram_1r1w_512x128_m4_r2c2	rd_out[88]	u_cfg.g_live.bank_q\[472\]	0.528014	{_12653_ A2 0.528014}
u_cfg.g_live.g_bank\[10\].u_prompt	ot_sram_1r1w_512x128_m4_r2c2	rd_out[89]	u_cfg.g_live.bank_q\[473\]	0.578766	{_12535_ A 0.578766}
u_cfg.g_live.g_bank\[10\].u_prompt	ot_sram_1r1w_512x128_m4_r2c2	rd_out[90]	u_cfg.g_live.bank_q\[474\]	0.885352	{_15630_ A2 0.885352}
u_cfg.g_live.g_bank\[10\].u_prompt	ot_sram_1r1w_512x128_m4_r2c2	rd_out[91]	u_cfg.g_live.bank_q\[475\]	0.578766	{_15444_ A 0.578766}
u_cfg.g_live.g_bank\[10\].u_prompt	ot_sram_1r1w_512x128_m4_r2c2	rd_out[92]	u_cfg.g_live.bank_q\[476\]	0.528014	{_15547_ A2 0.528014}
u_cfg.g_live.g_bank\[10\].u_prompt	ot_sram_1r1w_512x128_m4_r2c2	rd_out[93]	u_cfg.g_live.bank_q\[477\]	0.578766	{_15339_ A 0.578766}
u_cfg.g_live.g_bank\[10\].u_prompt	ot_sram_1r1w_512x128_m4_r2c2	rd_out[94]	u_cfg.g_live.bank_q\[478\]	0.578766	{_15587_ A 0.578766}
u_cfg.g_live.g_bank\[10\].u_prompt	ot_sram_1r1w_512x128_m4_r2c2	rd_out[95]	u_cfg.g_live.bank_q\[479\]	0.578766	{_15692_ A 0.578766}
u_cfg.g_live.g_bank\[10\].u_prompt	ot_sram_1r1w_512x128_m4_r2c2	rd_out[96]	u_cfg.g_live.bank_q\[480\]	0.528014	{_15172_ A2 0.528014}
u_cfg.g_live.g_bank\[10\].u_prompt	ot_sram_1r1w_512x128_m4_r2c2	rd_out[97]	u_cfg.g_live.bank_q\[481\]	0.578766	{_14135_ A 0.578766}
u_cfg.g_live.g_bank\[10\].u_prompt	ot_sram_1r1w_512x128_m4_r2c2	rd_out[98]	u_cfg.g_live.bank_q\[482\]	0.578766	{_14233_ A 0.578766}
u_cfg.g_live.g_bank\[10\].u_prompt	ot_sram_1r1w_512x128_m4_r2c2	rd_out[99]	u_cfg.g_live.bank_q\[483\]	0.578766	{_14129_ A 0.578766}
u_cfg.g_live.g_bank\[10\].u_prompt	ot_sram_1r1w_512x128_m4_r2c2	rd_out[100]	u_cfg.g_live.bank_q\[484\]	0.528014	{_14295_ A2 0.528014}
u_cfg.g_live.g_bank\[10\].u_prompt	ot_sram_1r1w_512x128_m4_r2c2	rd_out[101]	u_cfg.g_live.bank_q\[485\]	0.578766	{_15283_ A 0.578766}
u_cfg.g_live.g_bank\[10\].u_prompt	ot_sram_1r1w_512x128_m4_r2c2	rd_out[102]	u_cfg.g_live.bank_q\[486\]	0.578766	{_15379_ A 0.578766}
u_cfg.g_live.g_bank\[10\].u_prompt	ot_sram_1r1w_512x128_m4_r2c2	rd_out[103]	u_cfg.g_live.bank_q\[487\]	0.578766	{_15181_ A 0.578766}
u_cfg.g_live.g_bank\[10\].u_prompt	ot_sram_1r1w_512x128_m4_r2c2	rd_out[104]	u_cfg.g_live.bank_q\[488\]	0.528014	{_15249_ A2 0.528014}
u_cfg.g_live.g_bank\[10\].u_prompt	ot_sram_1r1w_512x128_m4_r2c2	rd_out[105]	u_cfg.g_live.bank_q\[489\]	0.486821	{_13564_ B 0.486821}
u_cfg.g_live.g_bank\[10\].u_prompt	ot_sram_1r1w_512x128_m4_r2c2	rd_out[106]	u_cfg.g_live.bank_q\[490\]	0.578766	{_13692_ A 0.578766}
u_cfg.g_live.g_bank\[10\].u_prompt	ot_sram_1r1w_512x128_m4_r2c2	rd_out[107]	u_cfg.g_live.bank_q\[491\]	0.578766	{_13738_ A 0.578766}
u_cfg.g_live.g_bank\[10\].u_prompt	ot_sram_1r1w_512x128_m4_r2c2	rd_out[108]	u_cfg.g_live.bank_q\[492\]	0.578766	{_13592_ A 0.578766}
u_cfg.g_live.g_bank\[10\].u_prompt	ot_sram_1r1w_512x128_m4_r2c2	rd_out[109]	u_cfg.g_live.bank_q\[493\]	0.528014	{_13930_ A2 0.528014}
u_cfg.g_live.g_bank\[10\].u_prompt	ot_sram_1r1w_512x128_m4_r2c2	rd_out[110]	u_cfg.g_live.bank_q\[494\]	0.578766	{_13543_ A 0.578766}
u_cfg.g_live.g_bank\[10\].u_prompt	ot_sram_1r1w_512x128_m4_r2c2	rd_out[111]	u_cfg.g_live.bank_q\[495\]	0.578766	{_13651_ A 0.578766}
u_cfg.g_live.g_bank\[10\].u_prompt	ot_sram_1r1w_512x128_m4_r2c2	rd_out[112]	u_cfg.g_live.bank_q\[496\]	0.578766	{_13134_ A 0.578766}
u_cfg.g_live.g_bank\[10\].u_prompt	ot_sram_1r1w_512x128_m4_r2c2	rd_out[113]	u_cfg.g_live.bank_q\[497\]	0.528014	{_13161_ A2 0.528014}
u_cfg.g_live.g_bank\[10\].u_prompt	ot_sram_1r1w_512x128_m4_r2c2	rd_out[114]	u_cfg.g_live.bank_q\[498\]	0.578766	{_13366_ A 0.578766}
u_cfg.g_live.g_bank\[10\].u_prompt	ot_sram_1r1w_512x128_m4_r2c2	rd_out[115]	u_cfg.g_live.bank_q\[499\]	0.578766	{_13423_ A 0.578766}
u_cfg.g_live.g_bank\[10\].u_prompt	ot_sram_1r1w_512x128_m4_r2c2	rd_out[116]	u_cfg.g_live.bank_q\[500\]	0.578766	{_12986_ A 0.578766}
u_cfg.g_live.g_bank\[10\].u_prompt	ot_sram_1r1w_512x128_m4_r2c2	rd_out[117]	u_cfg.g_live.bank_q\[501\]	0.578766	{_13232_ A 0.578766}
u_cfg.g_live.g_bank\[10\].u_prompt	ot_sram_1r1w_512x128_m4_r2c2	rd_out[118]	u_cfg.g_live.bank_q\[502\]	0.578766	{_13283_ A 0.578766}
u_cfg.g_live.g_bank\[10\].u_prompt	ot_sram_1r1w_512x128_m4_r2c2	rd_out[119]	u_cfg.g_live.bank_q\[503\]	0.578766	{_13336_ A 0.578766}
u_cfg.g_live.g_bank\[10\].u_prompt	ot_sram_1r1w_512x128_m4_r2c2	rd_out[120]	u_cfg.g_live.bank_q\[504\]	0.578766	{_13118_ A 0.578766}
u_cfg.g_live.g_bank\[10\].u_prompt	ot_sram_1r1w_512x128_m4_r2c2	rd_out[121]	u_cfg.g_live.bank_q\[505\]	0.486821	{_14413_ B 0.486821}
u_cfg.g_live.g_bank\[10\].u_prompt	ot_sram_1r1w_512x128_m4_r2c2	rd_out[122]	u_cfg.g_live.bank_q\[506\]	0.578766	{_14857_ A 0.578766}
u_cfg.g_live.g_bank\[10\].u_prompt	ot_sram_1r1w_512x128_m4_r2c2	rd_out[123]	u_cfg.g_live.bank_q\[507\]	0.578766	{_15017_ A 0.578766}
u_cfg.g_live.g_bank\[10\].u_prompt	ot_sram_1r1w_512x128_m4_r2c2	rd_out[124]	u_cfg.g_live.bank_q\[508\]	0.924352	{_14116_ B 0.924352}
u_cfg.g_live.g_bank\[10\].u_prompt	ot_sram_1r1w_512x128_m4_r2c2	rd_out[125]	u_cfg.g_live.bank_q\[509\]	0.578766	{_12948_ A 0.578766}
u_cfg.g_live.g_bank\[10\].u_prompt	ot_sram_1r1w_512x128_m4_r2c2	rd_out[126]	u_cfg.g_live.bank_q\[510\]	0.578766	{_15486_ A 0.578766}
u_cfg.g_live.g_bank\[10\].u_prompt	ot_sram_1r1w_512x128_m4_r2c2	rd_out[127]	u_cfg.g_live.bank_q\[511\]	0.578766	{_14793_ A 0.578766}
u_cfg.g_live.g_bank\[10\].u_prompt	ot_sram_1r1w_512x128_m4_r2c2	w_ce_in	_02042_	0.578800	
u_cfg.g_live.g_bank\[10\].u_prompt	ot_sram_1r1w_512x128_m4_r2c2	w_addr_in[0]	_01885_	0.578800	
u_cfg.g_live.g_bank\[10\].u_prompt	ot_sram_1r1w_512x128_m4_r2c2	w_addr_in[1]	_01886_	0.578800	
u_cfg.g_live.g_bank\[10\].u_prompt	ot_sram_1r1w_512x128_m4_r2c2	w_addr_in[2]	_01887_	0.578800	
u_cfg.g_live.g_bank\[10\].u_prompt	ot_sram_1r1w_512x128_m4_r2c2	w_addr_in[3]	_01888_	0.578800	
u_cfg.g_live.g_bank\[10\].u_prompt	ot_sram_1r1w_512x128_m4_r2c2	w_addr_in[4]	_01889_	0.578800	
u_cfg.g_live.g_bank\[10\].u_prompt	ot_sram_1r1w_512x128_m4_r2c2	w_addr_in[5]	_01890_	0.578800	
u_cfg.g_live.g_bank\[10\].u_prompt	ot_sram_1r1w_512x128_m4_r2c2	w_addr_in[6]	_01891_	0.578800	
u_cfg.g_live.g_bank\[10\].u_prompt	ot_sram_1r1w_512x128_m4_r2c2	w_addr_in[7]	_01892_	0.578800	
u_cfg.g_live.g_bank\[10\].u_prompt	ot_sram_1r1w_512x128_m4_r2c2	w_addr_in[8]	_01893_	0.578800	
u_cfg.g_live.g_bank\[10\].u_prompt	ot_sram_1r1w_512x128_m4_r2c2	wd_in[0]	_01894_	0.578800	
u_cfg.g_live.g_bank\[10\].u_prompt	ot_sram_1r1w_512x128_m4_r2c2	wd_in[1]	_01933_	0.578800	
u_cfg.g_live.g_bank\[10\].u_prompt	ot_sram_1r1w_512x128_m4_r2c2	wd_in[2]	_01943_	0.578800	
u_cfg.g_live.g_bank\[10\].u_prompt	ot_sram_1r1w_512x128_m4_r2c2	wd_in[3]	_01954_	0.578800	
u_cfg.g_live.g_bank\[10\].u_prompt	ot_sram_1r1w_512x128_m4_r2c2	wd_in[4]	_01965_	0.578800	
u_cfg.g_live.g_bank\[10\].u_prompt	ot_sram_1r1w_512x128_m4_r2c2	wd_in[5]	_01976_	0.578800	
u_cfg.g_live.g_bank\[10\].u_prompt	ot_sram_1r1w_512x128_m4_r2c2	wd_in[6]	_01987_	0.578800	
u_cfg.g_live.g_bank\[10\].u_prompt	ot_sram_1r1w_512x128_m4_r2c2	wd_in[7]	_01998_	0.578800	
u_cfg.g_live.g_bank\[10\].u_prompt	ot_sram_1r1w_512x128_m4_r2c2	wd_in[8]	_02009_	0.578800	
u_cfg.g_live.g_bank\[10\].u_prompt	ot_sram_1r1w_512x128_m4_r2c2	wd_in[9]	_02020_	0.578800	
u_cfg.g_live.g_bank\[10\].u_prompt	ot_sram_1r1w_512x128_m4_r2c2	wd_in[10]	_01905_	0.578800	
u_cfg.g_live.g_bank\[10\].u_prompt	ot_sram_1r1w_512x128_m4_r2c2	wd_in[11]	_01916_	0.578800	
u_cfg.g_live.g_bank\[10\].u_prompt	ot_sram_1r1w_512x128_m4_r2c2	wd_in[12]	_01925_	0.578800	
u_cfg.g_live.g_bank\[10\].u_prompt	ot_sram_1r1w_512x128_m4_r2c2	wd_in[13]	_01926_	0.578800	
u_cfg.g_live.g_bank\[10\].u_prompt	ot_sram_1r1w_512x128_m4_r2c2	wd_in[14]	_01927_	0.578800	
u_cfg.g_live.g_bank\[10\].u_prompt	ot_sram_1r1w_512x128_m4_r2c2	wd_in[15]	_01928_	0.578800	
u_cfg.g_live.g_bank\[10\].u_prompt	ot_sram_1r1w_512x128_m4_r2c2	wd_in[16]	_01929_	0.578800	
u_cfg.g_live.g_bank\[10\].u_prompt	ot_sram_1r1w_512x128_m4_r2c2	wd_in[17]	_01930_	0.578800	
u_cfg.g_live.g_bank\[10\].u_prompt	ot_sram_1r1w_512x128_m4_r2c2	wd_in[18]	_01931_	0.578800	
u_cfg.g_live.g_bank\[10\].u_prompt	ot_sram_1r1w_512x128_m4_r2c2	wd_in[19]	_01932_	0.578800	
u_cfg.g_live.g_bank\[10\].u_prompt	ot_sram_1r1w_512x128_m4_r2c2	wd_in[20]	_01934_	0.578800	
u_cfg.g_live.g_bank\[10\].u_prompt	ot_sram_1r1w_512x128_m4_r2c2	wd_in[21]	_01935_	0.578800	
u_cfg.g_live.g_bank\[10\].u_prompt	ot_sram_1r1w_512x128_m4_r2c2	wd_in[22]	_01936_	0.578800	
u_cfg.g_live.g_bank\[10\].u_prompt	ot_sram_1r1w_512x128_m4_r2c2	wd_in[23]	_01937_	0.578800	
u_cfg.g_live.g_bank\[10\].u_prompt	ot_sram_1r1w_512x128_m4_r2c2	wd_in[24]	_01938_	0.578800	
u_cfg.g_live.g_bank\[10\].u_prompt	ot_sram_1r1w_512x128_m4_r2c2	wd_in[25]	_01939_	0.578800	
u_cfg.g_live.g_bank\[10\].u_prompt	ot_sram_1r1w_512x128_m4_r2c2	wd_in[26]	_10622_	0.578800	
u_cfg.g_live.g_bank\[10\].u_prompt	ot_sram_1r1w_512x128_m4_r2c2	wd_in[27]	_01940_	0.578800	
u_cfg.g_live.g_bank\[10\].u_prompt	ot_sram_1r1w_512x128_m4_r2c2	wd_in[28]	_01941_	0.578800	
u_cfg.g_live.g_bank\[10\].u_prompt	ot_sram_1r1w_512x128_m4_r2c2	wd_in[29]	_01942_	0.578800	
u_cfg.g_live.g_bank\[10\].u_prompt	ot_sram_1r1w_512x128_m4_r2c2	wd_in[30]	_01944_	0.578800	
u_cfg.g_live.g_bank\[10\].u_prompt	ot_sram_1r1w_512x128_m4_r2c2	wd_in[31]	_01945_	0.578800	
u_cfg.g_live.g_bank\[10\].u_prompt	ot_sram_1r1w_512x128_m4_r2c2	wd_in[32]	_01946_	0.578800	
u_cfg.g_live.g_bank\[10\].u_prompt	ot_sram_1r1w_512x128_m4_r2c2	wd_in[33]	_01947_	0.578800	
u_cfg.g_live.g_bank\[10\].u_prompt	ot_sram_1r1w_512x128_m4_r2c2	wd_in[34]	_01948_	0.578800	
u_cfg.g_live.g_bank\[10\].u_prompt	ot_sram_1r1w_512x128_m4_r2c2	wd_in[35]	_01949_	0.578800	
u_cfg.g_live.g_bank\[10\].u_prompt	ot_sram_1r1w_512x128_m4_r2c2	wd_in[36]	_01950_	0.578800	
u_cfg.g_live.g_bank\[10\].u_prompt	ot_sram_1r1w_512x128_m4_r2c2	wd_in[37]	_01951_	0.578800	
u_cfg.g_live.g_bank\[10\].u_prompt	ot_sram_1r1w_512x128_m4_r2c2	wd_in[38]	_01952_	0.578800	
u_cfg.g_live.g_bank\[10\].u_prompt	ot_sram_1r1w_512x128_m4_r2c2	wd_in[39]	_01953_	0.578800	
u_cfg.g_live.g_bank\[10\].u_prompt	ot_sram_1r1w_512x128_m4_r2c2	wd_in[40]	_01955_	0.578800	
u_cfg.g_live.g_bank\[10\].u_prompt	ot_sram_1r1w_512x128_m4_r2c2	wd_in[41]	_01956_	0.578800	
u_cfg.g_live.g_bank\[10\].u_prompt	ot_sram_1r1w_512x128_m4_r2c2	wd_in[42]	_01957_	0.578800	
u_cfg.g_live.g_bank\[10\].u_prompt	ot_sram_1r1w_512x128_m4_r2c2	wd_in[43]	_01958_	0.578800	
u_cfg.g_live.g_bank\[10\].u_prompt	ot_sram_1r1w_512x128_m4_r2c2	wd_in[44]	_01959_	0.578800	
u_cfg.g_live.g_bank\[10\].u_prompt	ot_sram_1r1w_512x128_m4_r2c2	wd_in[45]	_01960_	0.578800	
u_cfg.g_live.g_bank\[10\].u_prompt	ot_sram_1r1w_512x128_m4_r2c2	wd_in[46]	_01961_	0.578800	
u_cfg.g_live.g_bank\[10\].u_prompt	ot_sram_1r1w_512x128_m4_r2c2	wd_in[47]	_01962_	0.578800	
u_cfg.g_live.g_bank\[10\].u_prompt	ot_sram_1r1w_512x128_m4_r2c2	wd_in[48]	_01963_	0.578800	
u_cfg.g_live.g_bank\[10\].u_prompt	ot_sram_1r1w_512x128_m4_r2c2	wd_in[49]	_01964_	0.578800	
u_cfg.g_live.g_bank\[10\].u_prompt	ot_sram_1r1w_512x128_m4_r2c2	wd_in[50]	_01966_	0.578800	
u_cfg.g_live.g_bank\[10\].u_prompt	ot_sram_1r1w_512x128_m4_r2c2	wd_in[51]	_01967_	0.578800	
u_cfg.g_live.g_bank\[10\].u_prompt	ot_sram_1r1w_512x128_m4_r2c2	wd_in[52]	_01968_	0.578800	
u_cfg.g_live.g_bank\[10\].u_prompt	ot_sram_1r1w_512x128_m4_r2c2	wd_in[53]	_01969_	0.578800	
u_cfg.g_live.g_bank\[10\].u_prompt	ot_sram_1r1w_512x128_m4_r2c2	wd_in[54]	_01970_	0.578800	
u_cfg.g_live.g_bank\[10\].u_prompt	ot_sram_1r1w_512x128_m4_r2c2	wd_in[55]	_01971_	0.578800	
u_cfg.g_live.g_bank\[10\].u_prompt	ot_sram_1r1w_512x128_m4_r2c2	wd_in[56]	_01972_	0.578800	
u_cfg.g_live.g_bank\[10\].u_prompt	ot_sram_1r1w_512x128_m4_r2c2	wd_in[57]	_01973_	0.578800	
u_cfg.g_live.g_bank\[10\].u_prompt	ot_sram_1r1w_512x128_m4_r2c2	wd_in[58]	_01974_	0.578800	
u_cfg.g_live.g_bank\[10\].u_prompt	ot_sram_1r1w_512x128_m4_r2c2	wd_in[59]	_01975_	0.578800	
u_cfg.g_live.g_bank\[10\].u_prompt	ot_sram_1r1w_512x128_m4_r2c2	wd_in[60]	_01977_	0.578800	
u_cfg.g_live.g_bank\[10\].u_prompt	ot_sram_1r1w_512x128_m4_r2c2	wd_in[61]	_01978_	0.578800	
u_cfg.g_live.g_bank\[10\].u_prompt	ot_sram_1r1w_512x128_m4_r2c2	wd_in[62]	_01979_	0.578800	
u_cfg.g_live.g_bank\[10\].u_prompt	ot_sram_1r1w_512x128_m4_r2c2	wd_in[63]	_01980_	0.578800	
u_cfg.g_live.g_bank\[10\].u_prompt	ot_sram_1r1w_512x128_m4_r2c2	wd_in[64]	_01981_	0.578800	
u_cfg.g_live.g_bank\[10\].u_prompt	ot_sram_1r1w_512x128_m4_r2c2	wd_in[65]	_01982_	0.578800	
u_cfg.g_live.g_bank\[10\].u_prompt	ot_sram_1r1w_512x128_m4_r2c2	wd_in[66]	_01983_	0.578800	
u_cfg.g_live.g_bank\[10\].u_prompt	ot_sram_1r1w_512x128_m4_r2c2	wd_in[67]	_01984_	0.578800	
u_cfg.g_live.g_bank\[10\].u_prompt	ot_sram_1r1w_512x128_m4_r2c2	wd_in[68]	_01985_	0.578800	
u_cfg.g_live.g_bank\[10\].u_prompt	ot_sram_1r1w_512x128_m4_r2c2	wd_in[69]	_01986_	0.578800	
u_cfg.g_live.g_bank\[10\].u_prompt	ot_sram_1r1w_512x128_m4_r2c2	wd_in[70]	_01988_	0.578800	
u_cfg.g_live.g_bank\[10\].u_prompt	ot_sram_1r1w_512x128_m4_r2c2	wd_in[71]	_01989_	0.578800	
u_cfg.g_live.g_bank\[10\].u_prompt	ot_sram_1r1w_512x128_m4_r2c2	wd_in[72]	_01990_	0.578800	
u_cfg.g_live.g_bank\[10\].u_prompt	ot_sram_1r1w_512x128_m4_r2c2	wd_in[73]	_01991_	0.578800	
u_cfg.g_live.g_bank\[10\].u_prompt	ot_sram_1r1w_512x128_m4_r2c2	wd_in[74]	_01992_	0.578800	
u_cfg.g_live.g_bank\[10\].u_prompt	ot_sram_1r1w_512x128_m4_r2c2	wd_in[75]	_01993_	0.578800	
u_cfg.g_live.g_bank\[10\].u_prompt	ot_sram_1r1w_512x128_m4_r2c2	wd_in[76]	_01994_	0.578800	
u_cfg.g_live.g_bank\[10\].u_prompt	ot_sram_1r1w_512x128_m4_r2c2	wd_in[77]	_01995_	0.578800	
u_cfg.g_live.g_bank\[10\].u_prompt	ot_sram_1r1w_512x128_m4_r2c2	wd_in[78]	_01996_	0.578800	
u_cfg.g_live.g_bank\[10\].u_prompt	ot_sram_1r1w_512x128_m4_r2c2	wd_in[79]	_01997_	0.578800	
u_cfg.g_live.g_bank\[10\].u_prompt	ot_sram_1r1w_512x128_m4_r2c2	wd_in[80]	_01999_	0.578800	
u_cfg.g_live.g_bank\[10\].u_prompt	ot_sram_1r1w_512x128_m4_r2c2	wd_in[81]	_02000_	0.578800	
u_cfg.g_live.g_bank\[10\].u_prompt	ot_sram_1r1w_512x128_m4_r2c2	wd_in[82]	_02001_	0.578800	
u_cfg.g_live.g_bank\[10\].u_prompt	ot_sram_1r1w_512x128_m4_r2c2	wd_in[83]	_02002_	0.578800	
u_cfg.g_live.g_bank\[10\].u_prompt	ot_sram_1r1w_512x128_m4_r2c2	wd_in[84]	_02003_	0.578800	
u_cfg.g_live.g_bank\[10\].u_prompt	ot_sram_1r1w_512x128_m4_r2c2	wd_in[85]	_02004_	0.578800	
u_cfg.g_live.g_bank\[10\].u_prompt	ot_sram_1r1w_512x128_m4_r2c2	wd_in[86]	_02005_	0.578800	
u_cfg.g_live.g_bank\[10\].u_prompt	ot_sram_1r1w_512x128_m4_r2c2	wd_in[87]	_02006_	0.578800	
u_cfg.g_live.g_bank\[10\].u_prompt	ot_sram_1r1w_512x128_m4_r2c2	wd_in[88]	_02007_	0.578800	
u_cfg.g_live.g_bank\[10\].u_prompt	ot_sram_1r1w_512x128_m4_r2c2	wd_in[89]	_02008_	0.578800	
u_cfg.g_live.g_bank\[10\].u_prompt	ot_sram_1r1w_512x128_m4_r2c2	wd_in[90]	_02010_	0.578800	
u_cfg.g_live.g_bank\[10\].u_prompt	ot_sram_1r1w_512x128_m4_r2c2	wd_in[91]	_02011_	0.578800	
u_cfg.g_live.g_bank\[10\].u_prompt	ot_sram_1r1w_512x128_m4_r2c2	wd_in[92]	_02012_	0.578800	
u_cfg.g_live.g_bank\[10\].u_prompt	ot_sram_1r1w_512x128_m4_r2c2	wd_in[93]	_02013_	0.578800	
u_cfg.g_live.g_bank\[10\].u_prompt	ot_sram_1r1w_512x128_m4_r2c2	wd_in[94]	_02014_	0.578800	
u_cfg.g_live.g_bank\[10\].u_prompt	ot_sram_1r1w_512x128_m4_r2c2	wd_in[95]	_02015_	0.578800	
u_cfg.g_live.g_bank\[10\].u_prompt	ot_sram_1r1w_512x128_m4_r2c2	wd_in[96]	_02016_	0.578800	
u_cfg.g_live.g_bank\[10\].u_prompt	ot_sram_1r1w_512x128_m4_r2c2	wd_in[97]	_02017_	0.578800	
u_cfg.g_live.g_bank\[10\].u_prompt	ot_sram_1r1w_512x128_m4_r2c2	wd_in[98]	_02018_	0.578800	
u_cfg.g_live.g_bank\[10\].u_prompt	ot_sram_1r1w_512x128_m4_r2c2	wd_in[99]	_02019_	0.578800	
u_cfg.g_live.g_bank\[10\].u_prompt	ot_sram_1r1w_512x128_m4_r2c2	wd_in[100]	_01895_	0.578800	
u_cfg.g_live.g_bank\[10\].u_prompt	ot_sram_1r1w_512x128_m4_r2c2	wd_in[101]	_01896_	0.578800	
u_cfg.g_live.g_bank\[10\].u_prompt	ot_sram_1r1w_512x128_m4_r2c2	wd_in[102]	_01897_	0.578800	
u_cfg.g_live.g_bank\[10\].u_prompt	ot_sram_1r1w_512x128_m4_r2c2	wd_in[103]	_01898_	0.578800	
u_cfg.g_live.g_bank\[10\].u_prompt	ot_sram_1r1w_512x128_m4_r2c2	wd_in[104]	_01899_	0.578800	
u_cfg.g_live.g_bank\[10\].u_prompt	ot_sram_1r1w_512x128_m4_r2c2	wd_in[105]	_01900_	0.578800	
u_cfg.g_live.g_bank\[10\].u_prompt	ot_sram_1r1w_512x128_m4_r2c2	wd_in[106]	_01901_	0.578800	
u_cfg.g_live.g_bank\[10\].u_prompt	ot_sram_1r1w_512x128_m4_r2c2	wd_in[107]	_01902_	0.578800	
u_cfg.g_live.g_bank\[10\].u_prompt	ot_sram_1r1w_512x128_m4_r2c2	wd_in[108]	_01903_	0.578800	
u_cfg.g_live.g_bank\[10\].u_prompt	ot_sram_1r1w_512x128_m4_r2c2	wd_in[109]	_01904_	0.578800	
u_cfg.g_live.g_bank\[10\].u_prompt	ot_sram_1r1w_512x128_m4_r2c2	wd_in[110]	_01906_	0.578800	
u_cfg.g_live.g_bank\[10\].u_prompt	ot_sram_1r1w_512x128_m4_r2c2	wd_in[111]	_01907_	0.578800	
u_cfg.g_live.g_bank\[10\].u_prompt	ot_sram_1r1w_512x128_m4_r2c2	wd_in[112]	_01908_	0.578800	
u_cfg.g_live.g_bank\[10\].u_prompt	ot_sram_1r1w_512x128_m4_r2c2	wd_in[113]	_01909_	0.578800	
u_cfg.g_live.g_bank\[10\].u_prompt	ot_sram_1r1w_512x128_m4_r2c2	wd_in[114]	_01910_	0.578800	
u_cfg.g_live.g_bank\[10\].u_prompt	ot_sram_1r1w_512x128_m4_r2c2	wd_in[115]	_01911_	0.578800	
u_cfg.g_live.g_bank\[10\].u_prompt	ot_sram_1r1w_512x128_m4_r2c2	wd_in[116]	_01912_	0.578800	
u_cfg.g_live.g_bank\[10\].u_prompt	ot_sram_1r1w_512x128_m4_r2c2	wd_in[117]	_01913_	0.578800	
u_cfg.g_live.g_bank\[10\].u_prompt	ot_sram_1r1w_512x128_m4_r2c2	wd_in[118]	_01914_	0.578800	
u_cfg.g_live.g_bank\[10\].u_prompt	ot_sram_1r1w_512x128_m4_r2c2	wd_in[119]	_01915_	0.578800	
u_cfg.g_live.g_bank\[10\].u_prompt	ot_sram_1r1w_512x128_m4_r2c2	wd_in[120]	_01917_	0.578800	
u_cfg.g_live.g_bank\[10\].u_prompt	ot_sram_1r1w_512x128_m4_r2c2	wd_in[121]	_01918_	0.578800	
u_cfg.g_live.g_bank\[10\].u_prompt	ot_sram_1r1w_512x128_m4_r2c2	wd_in[122]	_01919_	0.578800	
u_cfg.g_live.g_bank\[10\].u_prompt	ot_sram_1r1w_512x128_m4_r2c2	wd_in[123]	_01920_	0.578800	
u_cfg.g_live.g_bank\[10\].u_prompt	ot_sram_1r1w_512x128_m4_r2c2	wd_in[124]	_01921_	0.578800	
u_cfg.g_live.g_bank\[10\].u_prompt	ot_sram_1r1w_512x128_m4_r2c2	wd_in[125]	_01922_	0.578800	
u_cfg.g_live.g_bank\[10\].u_prompt	ot_sram_1r1w_512x128_m4_r2c2	wd_in[126]	_01923_	0.578800	
u_cfg.g_live.g_bank\[10\].u_prompt	ot_sram_1r1w_512x128_m4_r2c2	wd_in[127]	_01924_	0.578800	
u_cfg.g_live.g_bank\[10\].u_prompt	ot_sram_1r1w_512x128_m4_r2c2	w_mask_in[0]	_02021_	0.578800	
u_cfg.g_live.g_bank\[10\].u_prompt	ot_sram_1r1w_512x128_m4_r2c2	w_mask_in[1]	_02021_	0.578800	
u_cfg.g_live.g_bank\[10\].u_prompt	ot_sram_1r1w_512x128_m4_r2c2	w_mask_in[2]	_02021_	0.578800	
u_cfg.g_live.g_bank\[10\].u_prompt	ot_sram_1r1w_512x128_m4_r2c2	w_mask_in[3]	_02021_	0.578800	
u_cfg.g_live.g_bank\[10\].u_prompt	ot_sram_1r1w_512x128_m4_r2c2	w_mask_in[4]	_02021_	0.578800	
u_cfg.g_live.g_bank\[10\].u_prompt	ot_sram_1r1w_512x128_m4_r2c2	w_mask_in[5]	_02021_	0.578800	
u_cfg.g_live.g_bank\[10\].u_prompt	ot_sram_1r1w_512x128_m4_r2c2	w_mask_in[6]	_02021_	0.578800	
u_cfg.g_live.g_bank\[10\].u_prompt	ot_sram_1r1w_512x128_m4_r2c2	w_mask_in[7]	_02021_	0.578800	
u_cfg.g_live.g_bank\[10\].u_prompt	ot_sram_1r1w_512x128_m4_r2c2	w_mask_in[8]	_02021_	0.578800	
u_cfg.g_live.g_bank\[10\].u_prompt	ot_sram_1r1w_512x128_m4_r2c2	w_mask_in[9]	_02021_	0.578800	
u_cfg.g_live.g_bank\[10\].u_prompt	ot_sram_1r1w_512x128_m4_r2c2	w_mask_in[10]	_02021_	0.578800	
u_cfg.g_live.g_bank\[10\].u_prompt	ot_sram_1r1w_512x128_m4_r2c2	w_mask_in[11]	_02021_	0.578800	
u_cfg.g_live.g_bank\[10\].u_prompt	ot_sram_1r1w_512x128_m4_r2c2	w_mask_in[12]	_02021_	0.578800	
u_cfg.g_live.g_bank\[10\].u_prompt	ot_sram_1r1w_512x128_m4_r2c2	w_mask_in[13]	_02021_	0.578800	
u_cfg.g_live.g_bank\[10\].u_prompt	ot_sram_1r1w_512x128_m4_r2c2	w_mask_in[14]	_02021_	0.578800	
u_cfg.g_live.g_bank\[10\].u_prompt	ot_sram_1r1w_512x128_m4_r2c2	w_mask_in[15]	_02021_	0.578800	
u_cfg.g_live.g_bank\[10\].u_prompt	ot_sram_1r1w_512x128_m4_r2c2	w_mask_in[16]	_02021_	0.578800	
u_cfg.g_live.g_bank\[10\].u_prompt	ot_sram_1r1w_512x128_m4_r2c2	w_mask_in[17]	_02021_	0.578800	
u_cfg.g_live.g_bank\[10\].u_prompt	ot_sram_1r1w_512x128_m4_r2c2	w_mask_in[18]	_02021_	0.578800	
u_cfg.g_live.g_bank\[10\].u_prompt	ot_sram_1r1w_512x128_m4_r2c2	w_mask_in[19]	_02021_	0.578800	
u_cfg.g_live.g_bank\[10\].u_prompt	ot_sram_1r1w_512x128_m4_r2c2	w_mask_in[20]	_02021_	0.578800	
u_cfg.g_live.g_bank\[10\].u_prompt	ot_sram_1r1w_512x128_m4_r2c2	w_mask_in[21]	_02021_	0.578800	
u_cfg.g_live.g_bank\[10\].u_prompt	ot_sram_1r1w_512x128_m4_r2c2	w_mask_in[22]	_02021_	0.578800	
u_cfg.g_live.g_bank\[10\].u_prompt	ot_sram_1r1w_512x128_m4_r2c2	w_mask_in[23]	_02021_	0.578800	
u_cfg.g_live.g_bank\[10\].u_prompt	ot_sram_1r1w_512x128_m4_r2c2	w_mask_in[24]	_02021_	0.578800	
u_cfg.g_live.g_bank\[10\].u_prompt	ot_sram_1r1w_512x128_m4_r2c2	w_mask_in[25]	_02021_	0.578800	
u_cfg.g_live.g_bank\[10\].u_prompt	ot_sram_1r1w_512x128_m4_r2c2	w_mask_in[26]	_02021_	0.578800	
u_cfg.g_live.g_bank\[10\].u_prompt	ot_sram_1r1w_512x128_m4_r2c2	w_mask_in[27]	_02021_	0.578800	
u_cfg.g_live.g_bank\[10\].u_prompt	ot_sram_1r1w_512x128_m4_r2c2	w_mask_in[28]	_02021_	0.578800	
u_cfg.g_live.g_bank\[10\].u_prompt	ot_sram_1r1w_512x128_m4_r2c2	w_mask_in[29]	_02021_	0.578800	
u_cfg.g_live.g_bank\[10\].u_prompt	ot_sram_1r1w_512x128_m4_r2c2	w_mask_in[30]	_02021_	0.578800	
u_cfg.g_live.g_bank\[10\].u_prompt	ot_sram_1r1w_512x128_m4_r2c2	w_mask_in[31]	_02021_	0.578800	
u_cfg.g_live.g_bank\[10\].u_prompt	ot_sram_1r1w_512x128_m4_r2c2	w_mask_in[32]	_02021_	0.578800	
u_cfg.g_live.g_bank\[10\].u_prompt	ot_sram_1r1w_512x128_m4_r2c2	w_mask_in[33]	_02021_	0.578800	
u_cfg.g_live.g_bank\[10\].u_prompt	ot_sram_1r1w_512x128_m4_r2c2	w_mask_in[34]	_02021_	0.578800	
u_cfg.g_live.g_bank\[10\].u_prompt	ot_sram_1r1w_512x128_m4_r2c2	w_mask_in[35]	_02021_	0.578800	
u_cfg.g_live.g_bank\[10\].u_prompt	ot_sram_1r1w_512x128_m4_r2c2	w_mask_in[36]	_02021_	0.578800	
u_cfg.g_live.g_bank\[10\].u_prompt	ot_sram_1r1w_512x128_m4_r2c2	w_mask_in[37]	_02021_	0.578800	
u_cfg.g_live.g_bank\[10\].u_prompt	ot_sram_1r1w_512x128_m4_r2c2	w_mask_in[38]	_02021_	0.578800	
u_cfg.g_live.g_bank\[10\].u_prompt	ot_sram_1r1w_512x128_m4_r2c2	w_mask_in[39]	_02021_	0.578800	
u_cfg.g_live.g_bank\[10\].u_prompt	ot_sram_1r1w_512x128_m4_r2c2	w_mask_in[40]	_02021_	0.578800	
u_cfg.g_live.g_bank\[10\].u_prompt	ot_sram_1r1w_512x128_m4_r2c2	w_mask_in[41]	_02021_	0.578800	
u_cfg.g_live.g_bank\[10\].u_prompt	ot_sram_1r1w_512x128_m4_r2c2	w_mask_in[42]	_02021_	0.578800	
u_cfg.g_live.g_bank\[10\].u_prompt	ot_sram_1r1w_512x128_m4_r2c2	w_mask_in[43]	_02021_	0.578800	
u_cfg.g_live.g_bank\[10\].u_prompt	ot_sram_1r1w_512x128_m4_r2c2	w_mask_in[44]	_02021_	0.578800	
u_cfg.g_live.g_bank\[10\].u_prompt	ot_sram_1r1w_512x128_m4_r2c2	w_mask_in[45]	_02021_	0.578800	
u_cfg.g_live.g_bank\[10\].u_prompt	ot_sram_1r1w_512x128_m4_r2c2	w_mask_in[46]	_02021_	0.578800	
u_cfg.g_live.g_bank\[10\].u_prompt	ot_sram_1r1w_512x128_m4_r2c2	w_mask_in[47]	_02021_	0.578800	
u_cfg.g_live.g_bank\[10\].u_prompt	ot_sram_1r1w_512x128_m4_r2c2	w_mask_in[48]	_02021_	0.578800	
u_cfg.g_live.g_bank\[10\].u_prompt	ot_sram_1r1w_512x128_m4_r2c2	w_mask_in[49]	_02021_	0.578800	
u_cfg.g_live.g_bank\[10\].u_prompt	ot_sram_1r1w_512x128_m4_r2c2	w_mask_in[50]	_02021_	0.578800	
u_cfg.g_live.g_bank\[10\].u_prompt	ot_sram_1r1w_512x128_m4_r2c2	w_mask_in[51]	_02021_	0.578800	
u_cfg.g_live.g_bank\[10\].u_prompt	ot_sram_1r1w_512x128_m4_r2c2	w_mask_in[52]	_02021_	0.578800	
u_cfg.g_live.g_bank\[10\].u_prompt	ot_sram_1r1w_512x128_m4_r2c2	w_mask_in[53]	_02021_	0.578800	
u_cfg.g_live.g_bank\[10\].u_prompt	ot_sram_1r1w_512x128_m4_r2c2	w_mask_in[54]	_02021_	0.578800	
u_cfg.g_live.g_bank\[10\].u_prompt	ot_sram_1r1w_512x128_m4_r2c2	w_mask_in[55]	_02021_	0.578800	
u_cfg.g_live.g_bank\[10\].u_prompt	ot_sram_1r1w_512x128_m4_r2c2	w_mask_in[56]	_02021_	0.578800	
u_cfg.g_live.g_bank\[10\].u_prompt	ot_sram_1r1w_512x128_m4_r2c2	w_mask_in[57]	_02021_	0.578800	
u_cfg.g_live.g_bank\[10\].u_prompt	ot_sram_1r1w_512x128_m4_r2c2	w_mask_in[58]	_02021_	0.578800	
u_cfg.g_live.g_bank\[10\].u_prompt	ot_sram_1r1w_512x128_m4_r2c2	w_mask_in[59]	_02021_	0.578800	
u_cfg.g_live.g_bank\[10\].u_prompt	ot_sram_1r1w_512x128_m4_r2c2	w_mask_in[60]	_02021_	0.578800	
u_cfg.g_live.g_bank\[10\].u_prompt	ot_sram_1r1w_512x128_m4_r2c2	w_mask_in[61]	_02021_	0.578800	
u_cfg.g_live.g_bank\[10\].u_prompt	ot_sram_1r1w_512x128_m4_r2c2	w_mask_in[62]	_02021_	0.578800	
u_cfg.g_live.g_bank\[10\].u_prompt	ot_sram_1r1w_512x128_m4_r2c2	w_mask_in[63]	_02021_	0.578800	
u_cfg.g_live.g_bank\[10\].u_prompt	ot_sram_1r1w_512x128_m4_r2c2	w_mask_in[64]	_02022_	0.578800	
u_cfg.g_live.g_bank\[10\].u_prompt	ot_sram_1r1w_512x128_m4_r2c2	w_mask_in[65]	_02022_	0.578800	
u_cfg.g_live.g_bank\[10\].u_prompt	ot_sram_1r1w_512x128_m4_r2c2	w_mask_in[66]	_02022_	0.578800	
u_cfg.g_live.g_bank\[10\].u_prompt	ot_sram_1r1w_512x128_m4_r2c2	w_mask_in[67]	_02022_	0.578800	
u_cfg.g_live.g_bank\[10\].u_prompt	ot_sram_1r1w_512x128_m4_r2c2	w_mask_in[68]	_02022_	0.578800	
u_cfg.g_live.g_bank\[10\].u_prompt	ot_sram_1r1w_512x128_m4_r2c2	w_mask_in[69]	_02022_	0.578800	
u_cfg.g_live.g_bank\[10\].u_prompt	ot_sram_1r1w_512x128_m4_r2c2	w_mask_in[70]	_02022_	0.578800	
u_cfg.g_live.g_bank\[10\].u_prompt	ot_sram_1r1w_512x128_m4_r2c2	w_mask_in[71]	_02022_	0.578800	
u_cfg.g_live.g_bank\[10\].u_prompt	ot_sram_1r1w_512x128_m4_r2c2	w_mask_in[72]	_02022_	0.578800	
u_cfg.g_live.g_bank\[10\].u_prompt	ot_sram_1r1w_512x128_m4_r2c2	w_mask_in[73]	_02022_	0.578800	
u_cfg.g_live.g_bank\[10\].u_prompt	ot_sram_1r1w_512x128_m4_r2c2	w_mask_in[74]	_02022_	0.578800	
u_cfg.g_live.g_bank\[10\].u_prompt	ot_sram_1r1w_512x128_m4_r2c2	w_mask_in[75]	_02022_	0.578800	
u_cfg.g_live.g_bank\[10\].u_prompt	ot_sram_1r1w_512x128_m4_r2c2	w_mask_in[76]	_02022_	0.578800	
u_cfg.g_live.g_bank\[10\].u_prompt	ot_sram_1r1w_512x128_m4_r2c2	w_mask_in[77]	_02022_	0.578800	
u_cfg.g_live.g_bank\[10\].u_prompt	ot_sram_1r1w_512x128_m4_r2c2	w_mask_in[78]	_02022_	0.578800	
u_cfg.g_live.g_bank\[10\].u_prompt	ot_sram_1r1w_512x128_m4_r2c2	w_mask_in[79]	_02022_	0.578800	
u_cfg.g_live.g_bank\[10\].u_prompt	ot_sram_1r1w_512x128_m4_r2c2	w_mask_in[80]	_02022_	0.578800	
u_cfg.g_live.g_bank\[10\].u_prompt	ot_sram_1r1w_512x128_m4_r2c2	w_mask_in[81]	_02022_	0.578800	
u_cfg.g_live.g_bank\[10\].u_prompt	ot_sram_1r1w_512x128_m4_r2c2	w_mask_in[82]	_02022_	0.578800	
u_cfg.g_live.g_bank\[10\].u_prompt	ot_sram_1r1w_512x128_m4_r2c2	w_mask_in[83]	_02022_	0.578800	
u_cfg.g_live.g_bank\[10\].u_prompt	ot_sram_1r1w_512x128_m4_r2c2	w_mask_in[84]	_02022_	0.578800	
u_cfg.g_live.g_bank\[10\].u_prompt	ot_sram_1r1w_512x128_m4_r2c2	w_mask_in[85]	_02022_	0.578800	
u_cfg.g_live.g_bank\[10\].u_prompt	ot_sram_1r1w_512x128_m4_r2c2	w_mask_in[86]	_02022_	0.578800	
u_cfg.g_live.g_bank\[10\].u_prompt	ot_sram_1r1w_512x128_m4_r2c2	w_mask_in[87]	_02022_	0.578800	
u_cfg.g_live.g_bank\[10\].u_prompt	ot_sram_1r1w_512x128_m4_r2c2	w_mask_in[88]	_02022_	0.578800	
u_cfg.g_live.g_bank\[10\].u_prompt	ot_sram_1r1w_512x128_m4_r2c2	w_mask_in[89]	_02022_	0.578800	
u_cfg.g_live.g_bank\[10\].u_prompt	ot_sram_1r1w_512x128_m4_r2c2	w_mask_in[90]	_02022_	0.578800	
u_cfg.g_live.g_bank\[10\].u_prompt	ot_sram_1r1w_512x128_m4_r2c2	w_mask_in[91]	_02022_	0.578800	
u_cfg.g_live.g_bank\[10\].u_prompt	ot_sram_1r1w_512x128_m4_r2c2	w_mask_in[92]	_02022_	0.578800	
u_cfg.g_live.g_bank\[10\].u_prompt	ot_sram_1r1w_512x128_m4_r2c2	w_mask_in[93]	_02022_	0.578800	
u_cfg.g_live.g_bank\[10\].u_prompt	ot_sram_1r1w_512x128_m4_r2c2	w_mask_in[94]	_02022_	0.578800	
u_cfg.g_live.g_bank\[10\].u_prompt	ot_sram_1r1w_512x128_m4_r2c2	w_mask_in[95]	_02022_	0.578800	
u_cfg.g_live.g_bank\[10\].u_prompt	ot_sram_1r1w_512x128_m4_r2c2	w_mask_in[96]	_02022_	0.578800	
u_cfg.g_live.g_bank\[10\].u_prompt	ot_sram_1r1w_512x128_m4_r2c2	w_mask_in[97]	_02022_	0.578800	
u_cfg.g_live.g_bank\[10\].u_prompt	ot_sram_1r1w_512x128_m4_r2c2	w_mask_in[98]	_02022_	0.578800	
u_cfg.g_live.g_bank\[10\].u_prompt	ot_sram_1r1w_512x128_m4_r2c2	w_mask_in[99]	_02022_	0.578800	
u_cfg.g_live.g_bank\[10\].u_prompt	ot_sram_1r1w_512x128_m4_r2c2	w_mask_in[100]	_02022_	0.578800	
u_cfg.g_live.g_bank\[10\].u_prompt	ot_sram_1r1w_512x128_m4_r2c2	w_mask_in[101]	_02022_	0.578800	
u_cfg.g_live.g_bank\[10\].u_prompt	ot_sram_1r1w_512x128_m4_r2c2	w_mask_in[102]	_02022_	0.578800	
u_cfg.g_live.g_bank\[10\].u_prompt	ot_sram_1r1w_512x128_m4_r2c2	w_mask_in[103]	_02022_	0.578800	
u_cfg.g_live.g_bank\[10\].u_prompt	ot_sram_1r1w_512x128_m4_r2c2	w_mask_in[104]	_02022_	0.578800	
u_cfg.g_live.g_bank\[10\].u_prompt	ot_sram_1r1w_512x128_m4_r2c2	w_mask_in[105]	_02022_	0.578800	
u_cfg.g_live.g_bank\[10\].u_prompt	ot_sram_1r1w_512x128_m4_r2c2	w_mask_in[106]	_02022_	0.578800	
u_cfg.g_live.g_bank\[10\].u_prompt	ot_sram_1r1w_512x128_m4_r2c2	w_mask_in[107]	_02022_	0.578800	
u_cfg.g_live.g_bank\[10\].u_prompt	ot_sram_1r1w_512x128_m4_r2c2	w_mask_in[108]	_02022_	0.578800	
u_cfg.g_live.g_bank\[10\].u_prompt	ot_sram_1r1w_512x128_m4_r2c2	w_mask_in[109]	_02022_	0.578800	
u_cfg.g_live.g_bank\[10\].u_prompt	ot_sram_1r1w_512x128_m4_r2c2	w_mask_in[110]	_02022_	0.578800	
u_cfg.g_live.g_bank\[10\].u_prompt	ot_sram_1r1w_512x128_m4_r2c2	w_mask_in[111]	_02022_	0.578800	
u_cfg.g_live.g_bank\[10\].u_prompt	ot_sram_1r1w_512x128_m4_r2c2	w_mask_in[112]	_02022_	0.578800	
u_cfg.g_live.g_bank\[10\].u_prompt	ot_sram_1r1w_512x128_m4_r2c2	w_mask_in[113]	_02022_	0.578800	
u_cfg.g_live.g_bank\[10\].u_prompt	ot_sram_1r1w_512x128_m4_r2c2	w_mask_in[114]	_02022_	0.578800	
u_cfg.g_live.g_bank\[10\].u_prompt	ot_sram_1r1w_512x128_m4_r2c2	w_mask_in[115]	_02022_	0.578800	
u_cfg.g_live.g_bank\[10\].u_prompt	ot_sram_1r1w_512x128_m4_r2c2	w_mask_in[116]	_02022_	0.578800	
u_cfg.g_live.g_bank\[10\].u_prompt	ot_sram_1r1w_512x128_m4_r2c2	w_mask_in[117]	_02022_	0.578800	
u_cfg.g_live.g_bank\[10\].u_prompt	ot_sram_1r1w_512x128_m4_r2c2	w_mask_in[118]	_02022_	0.578800	
u_cfg.g_live.g_bank\[10\].u_prompt	ot_sram_1r1w_512x128_m4_r2c2	w_mask_in[119]	_02022_	0.578800	
u_cfg.g_live.g_bank\[10\].u_prompt	ot_sram_1r1w_512x128_m4_r2c2	w_mask_in[120]	_02022_	0.578800	
u_cfg.g_live.g_bank\[10\].u_prompt	ot_sram_1r1w_512x128_m4_r2c2	w_mask_in[121]	_02022_	0.578800	
u_cfg.g_live.g_bank\[10\].u_prompt	ot_sram_1r1w_512x128_m4_r2c2	w_mask_in[122]	_02022_	0.578800	
u_cfg.g_live.g_bank\[10\].u_prompt	ot_sram_1r1w_512x128_m4_r2c2	w_mask_in[123]	_02022_	0.578800	
u_cfg.g_live.g_bank\[10\].u_prompt	ot_sram_1r1w_512x128_m4_r2c2	w_mask_in[124]	_02022_	0.578800	
u_cfg.g_live.g_bank\[10\].u_prompt	ot_sram_1r1w_512x128_m4_r2c2	w_mask_in[125]	_02022_	0.578800	
u_cfg.g_live.g_bank\[10\].u_prompt	ot_sram_1r1w_512x128_m4_r2c2	w_mask_in[126]	_02022_	0.578800	
u_cfg.g_live.g_bank\[10\].u_prompt	ot_sram_1r1w_512x128_m4_r2c2	w_mask_in[127]	_02022_	0.578800	
u_cfg.g_live.g_bank\[10\].u_prompt	ot_sram_1r1w_512x128_m4_r2c2	rr_en[0]	_10622_	0.578800	
u_cfg.g_live.g_bank\[10\].u_prompt	ot_sram_1r1w_512x128_m4_r2c2	rr_en[1]	_10622_	0.578800	
u_cfg.g_live.g_bank\[10\].u_prompt	ot_sram_1r1w_512x128_m4_r2c2	rr_addr[0]	_10622_	0.578800	
u_cfg.g_live.g_bank\[10\].u_prompt	ot_sram_1r1w_512x128_m4_r2c2	rr_addr[1]	_10622_	0.578800	
u_cfg.g_live.g_bank\[10\].u_prompt	ot_sram_1r1w_512x128_m4_r2c2	rr_addr[2]	_10622_	0.578800	
u_cfg.g_live.g_bank\[10\].u_prompt	ot_sram_1r1w_512x128_m4_r2c2	rr_addr[3]	_10622_	0.578800	
u_cfg.g_live.g_bank\[10\].u_prompt	ot_sram_1r1w_512x128_m4_r2c2	rr_addr[4]	_10622_	0.578800	
u_cfg.g_live.g_bank\[10\].u_prompt	ot_sram_1r1w_512x128_m4_r2c2	rr_addr[5]	_10622_	0.578800	
u_cfg.g_live.g_bank\[10\].u_prompt	ot_sram_1r1w_512x128_m4_r2c2	rr_addr[6]	_10622_	0.578800	
u_cfg.g_live.g_bank\[10\].u_prompt	ot_sram_1r1w_512x128_m4_r2c2	rr_addr[7]	_10622_	0.578800	
u_cfg.g_live.g_bank\[10\].u_prompt	ot_sram_1r1w_512x128_m4_r2c2	rr_addr[8]	_10622_	0.578800	
u_cfg.g_live.g_bank\[10\].u_prompt	ot_sram_1r1w_512x128_m4_r2c2	rr_addr[9]	_10622_	0.578800	
u_cfg.g_live.g_bank\[10\].u_prompt	ot_sram_1r1w_512x128_m4_r2c2	rr_addr[10]	_10622_	0.578800	
u_cfg.g_live.g_bank\[10\].u_prompt	ot_sram_1r1w_512x128_m4_r2c2	rr_addr[11]	_10622_	0.578800	
u_cfg.g_live.g_bank\[10\].u_prompt	ot_sram_1r1w_512x128_m4_r2c2	rr_addr[12]	_10622_	0.578800	
u_cfg.g_live.g_bank\[10\].u_prompt	ot_sram_1r1w_512x128_m4_r2c2	rr_addr[13]	_10622_	0.578800	
u_cfg.g_live.g_bank\[10\].u_prompt	ot_sram_1r1w_512x128_m4_r2c2	cr_en[0]	_10622_	0.578800	
u_cfg.g_live.g_bank\[10\].u_prompt	ot_sram_1r1w_512x128_m4_r2c2	cr_en[1]	_10622_	0.578800	
u_cfg.g_live.g_bank\[10\].u_prompt	ot_sram_1r1w_512x128_m4_r2c2	cr_sel[0]	_10622_	0.578800	
u_cfg.g_live.g_bank\[10\].u_prompt	ot_sram_1r1w_512x128_m4_r2c2	cr_sel[1]	_10622_	0.578800	
u_cfg.g_live.g_bank\[10\].u_prompt	ot_sram_1r1w_512x128_m4_r2c2	cr_sel[2]	_10622_	0.578800	
u_cfg.g_live.g_bank\[10\].u_prompt	ot_sram_1r1w_512x128_m4_r2c2	cr_sel[3]	_10622_	0.578800	
u_cfg.g_live.g_bank\[10\].u_prompt	ot_sram_1r1w_512x128_m4_r2c2	cr_sel[4]	_10622_	0.578800	
u_cfg.g_live.g_bank\[10\].u_prompt	ot_sram_1r1w_512x128_m4_r2c2	cr_sel[5]	_10622_	0.578800	
u_cfg.g_live.g_bank\[10\].u_prompt	ot_sram_1r1w_512x128_m4_r2c2	cr_sel[6]	_10622_	0.578800	
u_cfg.g_live.g_bank\[10\].u_prompt	ot_sram_1r1w_512x128_m4_r2c2	cr_sel[7]	_10622_	0.578800	
u_cfg.g_live.g_bank\[10\].u_prompt	ot_sram_1r1w_512x128_m4_r2c2	cr_sel[8]	_10622_	0.578800	
u_cfg.g_live.g_bank\[10\].u_prompt	ot_sram_1r1w_512x128_m4_r2c2	cr_sel[9]	_10622_	0.578800	
u_cfg.g_live.g_bank\[10\].u_prompt	ot_sram_1r1w_512x128_m4_r2c2	cr_sel[10]	_10622_	0.578800	
u_cfg.g_live.g_bank\[10\].u_prompt	ot_sram_1r1w_512x128_m4_r2c2	cr_sel[11]	_10622_	0.578800	
u_cfg.g_live.g_bank\[10\].u_prompt	ot_sram_1r1w_512x128_m4_r2c2	cr_sel[12]	_10622_	0.578800	
u_cfg.g_live.g_bank\[10\].u_prompt	ot_sram_1r1w_512x128_m4_r2c2	cr_sel[13]	_10622_	0.578800	
u_cfg.g_live.g_bank\[11\].u_prompt	ot_sram_1r1w_512x128_m4_r2c2	clk	clk	8.683800	
u_cfg.g_live.g_bank\[11\].u_prompt	ot_sram_1r1w_512x128_m4_r2c2	r_ce_in	_02043_	0.578800	
u_cfg.g_live.g_bank\[11\].u_prompt	ot_sram_1r1w_512x128_m4_r2c2	r_addr_in[0]	u_cfg.g_live.read_index\[1\]	0.578800	
u_cfg.g_live.g_bank\[11\].u_prompt	ot_sram_1r1w_512x128_m4_r2c2	r_addr_in[1]	u_cfg.g_live.read_index\[2\]	0.578800	
u_cfg.g_live.g_bank\[11\].u_prompt	ot_sram_1r1w_512x128_m4_r2c2	r_addr_in[2]	u_cfg.g_live.read_index\[3\]	0.578800	
u_cfg.g_live.g_bank\[11\].u_prompt	ot_sram_1r1w_512x128_m4_r2c2	r_addr_in[3]	u_cfg.g_live.read_index\[4\]	0.578800	
u_cfg.g_live.g_bank\[11\].u_prompt	ot_sram_1r1w_512x128_m4_r2c2	r_addr_in[4]	u_cfg.g_live.read_index\[5\]	0.578800	
u_cfg.g_live.g_bank\[11\].u_prompt	ot_sram_1r1w_512x128_m4_r2c2	r_addr_in[5]	u_cfg.g_live.read_index\[6\]	0.578800	
u_cfg.g_live.g_bank\[11\].u_prompt	ot_sram_1r1w_512x128_m4_r2c2	r_addr_in[6]	u_cfg.g_live.read_index\[7\]	0.578800	
u_cfg.g_live.g_bank\[11\].u_prompt	ot_sram_1r1w_512x128_m4_r2c2	r_addr_in[7]	u_cfg.g_live.read_index\[8\]	0.578800	
u_cfg.g_live.g_bank\[11\].u_prompt	ot_sram_1r1w_512x128_m4_r2c2	r_addr_in[8]	u_cfg.g_live.read_index\[9\]	0.578800	
u_cfg.g_live.g_bank\[11\].u_prompt	ot_sram_1r1w_512x128_m4_r2c2	rd_out[0]	u_cfg.g_live.bank_q\[256\]	0.578766	{_14557_ A 0.578766}
u_cfg.g_live.g_bank\[11\].u_prompt	ot_sram_1r1w_512x128_m4_r2c2	rd_out[1]	u_cfg.g_live.bank_q\[257\]	0.578766	{_14429_ A 0.578766}
u_cfg.g_live.g_bank\[11\].u_prompt	ot_sram_1r1w_512x128_m4_r2c2	rd_out[2]	u_cfg.g_live.bank_q\[258\]	0.578766	{_14711_ A 0.578766}
u_cfg.g_live.g_bank\[11\].u_prompt	ot_sram_1r1w_512x128_m4_r2c2	rd_out[3]	u_cfg.g_live.bank_q\[259\]	0.578766	{_14459_ A 0.578766}
u_cfg.g_live.g_bank\[11\].u_prompt	ot_sram_1r1w_512x128_m4_r2c2	rd_out[4]	u_cfg.g_live.bank_q\[260\]	0.528014	{_14541_ A2 0.528014}
u_cfg.g_live.g_bank\[11\].u_prompt	ot_sram_1r1w_512x128_m4_r2c2	rd_out[5]	u_cfg.g_live.bank_q\[261\]	0.578766	{_14658_ A 0.578766}
u_cfg.g_live.g_bank\[11\].u_prompt	ot_sram_1r1w_512x128_m4_r2c2	rd_out[6]	u_cfg.g_live.bank_q\[262\]	0.528014	{_14619_ A2 0.528014}
u_cfg.g_live.g_bank\[11\].u_prompt	ot_sram_1r1w_512x128_m4_r2c2	rd_out[7]	u_cfg.g_live.bank_q\[263\]	0.578766	{_15085_ A 0.578766}
u_cfg.g_live.g_bank\[11\].u_prompt	ot_sram_1r1w_512x128_m4_r2c2	rd_out[8]	u_cfg.g_live.bank_q\[264\]	0.578766	{_14936_ A 0.578766}
u_cfg.g_live.g_bank\[11\].u_prompt	ot_sram_1r1w_512x128_m4_r2c2	rd_out[9]	u_cfg.g_live.bank_q\[265\]	0.528014	{_15008_ A2 0.528014}
u_cfg.g_live.g_bank\[11\].u_prompt	ot_sram_1r1w_512x128_m4_r2c2	rd_out[10]	u_cfg.g_live.bank_q\[266\]	0.578766	{_14872_ A 0.578766}
u_cfg.g_live.g_bank\[11\].u_prompt	ot_sram_1r1w_512x128_m4_r2c2	rd_out[11]	u_cfg.g_live.bank_q\[267\]	0.528014	{_13982_ A2 0.528014}
u_cfg.g_live.g_bank\[11\].u_prompt	ot_sram_1r1w_512x128_m4_r2c2	rd_out[12]	u_cfg.g_live.bank_q\[268\]	0.578766	{_13857_ A 0.578766}
u_cfg.g_live.g_bank\[11\].u_prompt	ot_sram_1r1w_512x128_m4_r2c2	rd_out[13]	u_cfg.g_live.bank_q\[269\]	0.578766	{_13812_ A 0.578766}
u_cfg.g_live.g_bank\[11\].u_prompt	ot_sram_1r1w_512x128_m4_r2c2	rd_out[14]	u_cfg.g_live.bank_q\[270\]	0.578766	{_14028_ A 0.578766}
u_cfg.g_live.g_bank\[11\].u_prompt	ot_sram_1r1w_512x128_m4_r2c2	rd_out[15]	u_cfg.g_live.bank_q\[271\]	0.528014	{_13875_ A2 0.528014}
u_cfg.g_live.g_bank\[11\].u_prompt	ot_sram_1r1w_512x128_m4_r2c2	rd_out[16]	u_cfg.g_live.bank_q\[272\]	0.578766	{_12832_ A 0.578766}
u_cfg.g_live.g_bank\[11\].u_prompt	ot_sram_1r1w_512x128_m4_r2c2	rd_out[17]	u_cfg.g_live.bank_q\[273\]	0.528014	{_12756_ A2 0.528014}
u_cfg.g_live.g_bank\[11\].u_prompt	ot_sram_1r1w_512x128_m4_r2c2	rd_out[18]	u_cfg.g_live.bank_q\[274\]	0.924352	{_12673_ B 0.924352}
u_cfg.g_live.g_bank\[11\].u_prompt	ot_sram_1r1w_512x128_m4_r2c2	rd_out[19]	u_cfg.g_live.bank_q\[275\]	0.578766	{_12870_ A 0.578766}
u_cfg.g_live.g_bank\[11\].u_prompt	ot_sram_1r1w_512x128_m4_r2c2	rd_out[20]	u_cfg.g_live.bank_q\[276\]	0.924352	{_12120_ B 0.924352}
u_cfg.g_live.g_bank\[11\].u_prompt	ot_sram_1r1w_512x128_m4_r2c2	rd_out[21]	u_cfg.g_live.bank_q\[277\]	0.924352	{_12336_ B 0.924352}
u_cfg.g_live.g_bank\[11\].u_prompt	ot_sram_1r1w_512x128_m4_r2c2	rd_out[22]	u_cfg.g_live.bank_q\[278\]	0.924352	{_12342_ B 0.924352}
u_cfg.g_live.g_bank\[11\].u_prompt	ot_sram_1r1w_512x128_m4_r2c2	rd_out[23]	u_cfg.g_live.bank_q\[279\]	0.924352	{_12403_ B 0.924352}
u_cfg.g_live.g_bank\[11\].u_prompt	ot_sram_1r1w_512x128_m4_r2c2	rd_out[24]	u_cfg.g_live.bank_q\[280\]	0.578766	{_12633_ A 0.578766}
u_cfg.g_live.g_bank\[11\].u_prompt	ot_sram_1r1w_512x128_m4_r2c2	rd_out[25]	u_cfg.g_live.bank_q\[281\]	0.528014	{_12567_ A2 0.528014}
u_cfg.g_live.g_bank\[11\].u_prompt	ot_sram_1r1w_512x128_m4_r2c2	rd_out[26]	u_cfg.g_live.bank_q\[282\]	0.885352	{_15666_ A2 0.885352}
u_cfg.g_live.g_bank\[11\].u_prompt	ot_sram_1r1w_512x128_m4_r2c2	rd_out[27]	u_cfg.g_live.bank_q\[283\]	0.578766	{_15434_ A 0.578766}
u_cfg.g_live.g_bank\[11\].u_prompt	ot_sram_1r1w_512x128_m4_r2c2	rd_out[28]	u_cfg.g_live.bank_q\[284\]	0.528014	{_15539_ A2 0.528014}
u_cfg.g_live.g_bank\[11\].u_prompt	ot_sram_1r1w_512x128_m4_r2c2	rd_out[29]	u_cfg.g_live.bank_q\[285\]	0.578766	{_15329_ A 0.578766}
u_cfg.g_live.g_bank\[11\].u_prompt	ot_sram_1r1w_512x128_m4_r2c2	rd_out[30]	u_cfg.g_live.bank_q\[286\]	0.578766	{_15596_ A 0.578766}
u_cfg.g_live.g_bank\[11\].u_prompt	ot_sram_1r1w_512x128_m4_r2c2	rd_out[31]	u_cfg.g_live.bank_q\[287\]	0.578766	{_15682_ A 0.578766}
u_cfg.g_live.g_bank\[11\].u_prompt	ot_sram_1r1w_512x128_m4_r2c2	rd_out[32]	u_cfg.g_live.bank_q\[288\]	0.528014	{_15167_ A2 0.528014}
u_cfg.g_live.g_bank\[11\].u_prompt	ot_sram_1r1w_512x128_m4_r2c2	rd_out[33]	u_cfg.g_live.bank_q\[289\]	0.924352	{_14153_ B 0.924352}
u_cfg.g_live.g_bank\[11\].u_prompt	ot_sram_1r1w_512x128_m4_r2c2	rd_out[34]	u_cfg.g_live.bank_q\[290\]	0.924352	{_14241_ B 0.924352}
u_cfg.g_live.g_bank\[11\].u_prompt	ot_sram_1r1w_512x128_m4_r2c2	rd_out[35]	u_cfg.g_live.bank_q\[291\]	0.924352	{_14147_ B 0.924352}
u_cfg.g_live.g_bank\[11\].u_prompt	ot_sram_1r1w_512x128_m4_r2c2	rd_out[36]	u_cfg.g_live.bank_q\[292\]	0.528014	{_14291_ A2 0.528014}
u_cfg.g_live.g_bank\[11\].u_prompt	ot_sram_1r1w_512x128_m4_r2c2	rd_out[37]	u_cfg.g_live.bank_q\[293\]	0.578766	{_15296_ A 0.578766}
u_cfg.g_live.g_bank\[11\].u_prompt	ot_sram_1r1w_512x128_m4_r2c2	rd_out[38]	u_cfg.g_live.bank_q\[294\]	0.924352	{_15387_ B 0.924352}
u_cfg.g_live.g_bank\[11\].u_prompt	ot_sram_1r1w_512x128_m4_r2c2	rd_out[39]	u_cfg.g_live.bank_q\[295\]	0.924352	{_15189_ B 0.924352}
u_cfg.g_live.g_bank\[11\].u_prompt	ot_sram_1r1w_512x128_m4_r2c2	rd_out[40]	u_cfg.g_live.bank_q\[296\]	0.578766	{_15264_ A 0.578766}
u_cfg.g_live.g_bank\[11\].u_prompt	ot_sram_1r1w_512x128_m4_r2c2	rd_out[41]	u_cfg.g_live.bank_q\[297\]	0.578766	{_13572_ A 0.578766}
u_cfg.g_live.g_bank\[11\].u_prompt	ot_sram_1r1w_512x128_m4_r2c2	rd_out[42]	u_cfg.g_live.bank_q\[298\]	0.578766	{_13702_ A 0.578766}
u_cfg.g_live.g_bank\[11\].u_prompt	ot_sram_1r1w_512x128_m4_r2c2	rd_out[43]	u_cfg.g_live.bank_q\[299\]	0.578766	{_13749_ A 0.578766}
u_cfg.g_live.g_bank\[11\].u_prompt	ot_sram_1r1w_512x128_m4_r2c2	rd_out[44]	u_cfg.g_live.bank_q\[300\]	0.578766	{_13582_ A 0.578766}
u_cfg.g_live.g_bank\[11\].u_prompt	ot_sram_1r1w_512x128_m4_r2c2	rd_out[45]	u_cfg.g_live.bank_q\[301\]	0.528014	{_13928_ A2 0.528014}
u_cfg.g_live.g_bank\[11\].u_prompt	ot_sram_1r1w_512x128_m4_r2c2	rd_out[46]	u_cfg.g_live.bank_q\[302\]	0.528014	{_13549_ A2 0.528014}
u_cfg.g_live.g_bank\[11\].u_prompt	ot_sram_1r1w_512x128_m4_r2c2	rd_out[47]	u_cfg.g_live.bank_q\[303\]	0.578766	{_13641_ A 0.578766}
u_cfg.g_live.g_bank\[11\].u_prompt	ot_sram_1r1w_512x128_m4_r2c2	rd_out[48]	u_cfg.g_live.bank_q\[304\]	0.578766	{_13138_ A 0.578766}
u_cfg.g_live.g_bank\[11\].u_prompt	ot_sram_1r1w_512x128_m4_r2c2	rd_out[49]	u_cfg.g_live.bank_q\[305\]	0.528014	{_13157_ A2 0.528014}
u_cfg.g_live.g_bank\[11\].u_prompt	ot_sram_1r1w_512x128_m4_r2c2	rd_out[50]	u_cfg.g_live.bank_q\[306\]	0.528014	{_13380_ A2 0.528014}
u_cfg.g_live.g_bank\[11\].u_prompt	ot_sram_1r1w_512x128_m4_r2c2	rd_out[51]	u_cfg.g_live.bank_q\[307\]	0.528014	{_13435_ A2 0.528014}
u_cfg.g_live.g_bank\[11\].u_prompt	ot_sram_1r1w_512x128_m4_r2c2	rd_out[52]	u_cfg.g_live.bank_q\[308\]	0.578766	{_12976_ A 0.578766}
u_cfg.g_live.g_bank\[11\].u_prompt	ot_sram_1r1w_512x128_m4_r2c2	rd_out[53]	u_cfg.g_live.bank_q\[309\]	0.528014	{_13246_ A2 0.528014}
u_cfg.g_live.g_bank\[11\].u_prompt	ot_sram_1r1w_512x128_m4_r2c2	rd_out[54]	u_cfg.g_live.bank_q\[310\]	0.528014	{_13253_ A2 0.528014}
u_cfg.g_live.g_bank\[11\].u_prompt	ot_sram_1r1w_512x128_m4_r2c2	rd_out[55]	u_cfg.g_live.bank_q\[311\]	0.528014	{_13312_ A2 0.528014}
u_cfg.g_live.g_bank\[11\].u_prompt	ot_sram_1r1w_512x128_m4_r2c2	rd_out[56]	u_cfg.g_live.bank_q\[312\]	0.578766	{_13107_ A 0.578766}
u_cfg.g_live.g_bank\[11\].u_prompt	ot_sram_1r1w_512x128_m4_r2c2	rd_out[57]	u_cfg.g_live.bank_q\[313\]	0.578766	{_14409_ A 0.578766}
u_cfg.g_live.g_bank\[11\].u_prompt	ot_sram_1r1w_512x128_m4_r2c2	rd_out[58]	u_cfg.g_live.bank_q\[314\]	0.578766	{_14847_ A 0.578766}
u_cfg.g_live.g_bank\[11\].u_prompt	ot_sram_1r1w_512x128_m4_r2c2	rd_out[59]	u_cfg.g_live.bank_q\[315\]	0.924352	{_15025_ B 0.924352}
u_cfg.g_live.g_bank\[11\].u_prompt	ot_sram_1r1w_512x128_m4_r2c2	rd_out[60]	u_cfg.g_live.bank_q\[316\]	0.924352	{_14114_ B 0.924352}
u_cfg.g_live.g_bank\[11\].u_prompt	ot_sram_1r1w_512x128_m4_r2c2	rd_out[61]	u_cfg.g_live.bank_q\[317\]	0.924352	{_12956_ B 0.924352}
u_cfg.g_live.g_bank\[11\].u_prompt	ot_sram_1r1w_512x128_m4_r2c2	rd_out[62]	u_cfg.g_live.bank_q\[318\]	0.924352	{_15496_ B 0.924352}
u_cfg.g_live.g_bank\[11\].u_prompt	ot_sram_1r1w_512x128_m4_r2c2	rd_out[63]	u_cfg.g_live.bank_q\[319\]	0.578766	{_14797_ A 0.578766}
u_cfg.g_live.g_bank\[11\].u_prompt	ot_sram_1r1w_512x128_m4_r2c2	rd_out[64]	u_cfg.g_live.bank_q\[320\]	0.578766	{_14564_ A 0.578766}
u_cfg.g_live.g_bank\[11\].u_prompt	ot_sram_1r1w_512x128_m4_r2c2	rd_out[65]	u_cfg.g_live.bank_q\[321\]	0.578766	{_14436_ A 0.578766}
u_cfg.g_live.g_bank\[11\].u_prompt	ot_sram_1r1w_512x128_m4_r2c2	rd_out[66]	u_cfg.g_live.bank_q\[322\]	0.578766	{_14717_ A 0.578766}
u_cfg.g_live.g_bank\[11\].u_prompt	ot_sram_1r1w_512x128_m4_r2c2	rd_out[67]	u_cfg.g_live.bank_q\[323\]	0.578766	{_14465_ A 0.578766}
u_cfg.g_live.g_bank\[11\].u_prompt	ot_sram_1r1w_512x128_m4_r2c2	rd_out[68]	u_cfg.g_live.bank_q\[324\]	0.578766	{_14531_ A 0.578766}
u_cfg.g_live.g_bank\[11\].u_prompt	ot_sram_1r1w_512x128_m4_r2c2	rd_out[69]	u_cfg.g_live.bank_q\[325\]	0.528014	{_14678_ A2 0.528014}
u_cfg.g_live.g_bank\[11\].u_prompt	ot_sram_1r1w_512x128_m4_r2c2	rd_out[70]	u_cfg.g_live.bank_q\[326\]	0.578766	{_14604_ A 0.578766}
u_cfg.g_live.g_bank\[11\].u_prompt	ot_sram_1r1w_512x128_m4_r2c2	rd_out[71]	u_cfg.g_live.bank_q\[327\]	0.578766	{_15069_ A 0.578766}
u_cfg.g_live.g_bank\[11\].u_prompt	ot_sram_1r1w_512x128_m4_r2c2	rd_out[72]	u_cfg.g_live.bank_q\[328\]	0.578766	{_14920_ A 0.578766}
u_cfg.g_live.g_bank\[11\].u_prompt	ot_sram_1r1w_512x128_m4_r2c2	rd_out[73]	u_cfg.g_live.bank_q\[329\]	0.578766	{_15001_ A 0.578766}
u_cfg.g_live.g_bank\[11\].u_prompt	ot_sram_1r1w_512x128_m4_r2c2	rd_out[74]	u_cfg.g_live.bank_q\[330\]	0.578766	{_14878_ A 0.578766}
u_cfg.g_live.g_bank\[11\].u_prompt	ot_sram_1r1w_512x128_m4_r2c2	rd_out[75]	u_cfg.g_live.bank_q\[331\]	0.578766	{_14012_ A 0.578766}
u_cfg.g_live.g_bank\[11\].u_prompt	ot_sram_1r1w_512x128_m4_r2c2	rd_out[76]	u_cfg.g_live.bank_q\[332\]	0.528014	{_13867_ A2 0.528014}
u_cfg.g_live.g_bank\[11\].u_prompt	ot_sram_1r1w_512x128_m4_r2c2	rd_out[77]	u_cfg.g_live.bank_q\[333\]	0.528014	{_13822_ A2 0.528014}
u_cfg.g_live.g_bank\[11\].u_prompt	ot_sram_1r1w_512x128_m4_r2c2	rd_out[78]	u_cfg.g_live.bank_q\[334\]	0.528014	{_14054_ A2 0.528014}
u_cfg.g_live.g_bank\[11\].u_prompt	ot_sram_1r1w_512x128_m4_r2c2	rd_out[79]	u_cfg.g_live.bank_q\[335\]	0.578766	{_13902_ A 0.578766}
u_cfg.g_live.g_bank\[11\].u_prompt	ot_sram_1r1w_512x128_m4_r2c2	rd_out[80]	u_cfg.g_live.bank_q\[336\]	0.528014	{_12842_ A2 0.528014}
u_cfg.g_live.g_bank\[11\].u_prompt	ot_sram_1r1w_512x128_m4_r2c2	rd_out[81]	u_cfg.g_live.bank_q\[337\]	0.578766	{_12732_ A 0.578766}
u_cfg.g_live.g_bank\[11\].u_prompt	ot_sram_1r1w_512x128_m4_r2c2	rd_out[82]	u_cfg.g_live.bank_q\[338\]	0.578766	{_12672_ A 0.578766}
u_cfg.g_live.g_bank\[11\].u_prompt	ot_sram_1r1w_512x128_m4_r2c2	rd_out[83]	u_cfg.g_live.bank_q\[339\]	0.578766	{_12850_ A 0.578766}
u_cfg.g_live.g_bank\[11\].u_prompt	ot_sram_1r1w_512x128_m4_r2c2	rd_out[84]	u_cfg.g_live.bank_q\[340\]	0.578766	{_12119_ A 0.578766}
u_cfg.g_live.g_bank\[11\].u_prompt	ot_sram_1r1w_512x128_m4_r2c2	rd_out[85]	u_cfg.g_live.bank_q\[341\]	0.578766	{_12335_ A 0.578766}
u_cfg.g_live.g_bank\[11\].u_prompt	ot_sram_1r1w_512x128_m4_r2c2	rd_out[86]	u_cfg.g_live.bank_q\[342\]	0.578766	{_12341_ A 0.578766}
u_cfg.g_live.g_bank\[11\].u_prompt	ot_sram_1r1w_512x128_m4_r2c2	rd_out[87]	u_cfg.g_live.bank_q\[343\]	0.578766	{_12402_ A 0.578766}
u_cfg.g_live.g_bank\[11\].u_prompt	ot_sram_1r1w_512x128_m4_r2c2	rd_out[88]	u_cfg.g_live.bank_q\[344\]	0.528014	{_12658_ A2 0.528014}
u_cfg.g_live.g_bank\[11\].u_prompt	ot_sram_1r1w_512x128_m4_r2c2	rd_out[89]	u_cfg.g_live.bank_q\[345\]	0.578766	{_12526_ A 0.578766}
u_cfg.g_live.g_bank\[11\].u_prompt	ot_sram_1r1w_512x128_m4_r2c2	rd_out[90]	u_cfg.g_live.bank_q\[346\]	0.528014	{_15633_ A2 0.528014}
u_cfg.g_live.g_bank\[11\].u_prompt	ot_sram_1r1w_512x128_m4_r2c2	rd_out[91]	u_cfg.g_live.bank_q\[347\]	0.578766	{_15441_ A 0.578766}
u_cfg.g_live.g_bank\[11\].u_prompt	ot_sram_1r1w_512x128_m4_r2c2	rd_out[92]	u_cfg.g_live.bank_q\[348\]	0.528014	{_15552_ A2 0.528014}
u_cfg.g_live.g_bank\[11\].u_prompt	ot_sram_1r1w_512x128_m4_r2c2	rd_out[93]	u_cfg.g_live.bank_q\[349\]	0.578766	{_15336_ A 0.578766}
u_cfg.g_live.g_bank\[11\].u_prompt	ot_sram_1r1w_512x128_m4_r2c2	rd_out[94]	u_cfg.g_live.bank_q\[350\]	0.528014	{_15583_ A2 0.528014}
u_cfg.g_live.g_bank\[11\].u_prompt	ot_sram_1r1w_512x128_m4_r2c2	rd_out[95]	u_cfg.g_live.bank_q\[351\]	0.578766	{_15689_ A 0.578766}
u_cfg.g_live.g_bank\[11\].u_prompt	ot_sram_1r1w_512x128_m4_r2c2	rd_out[96]	u_cfg.g_live.bank_q\[352\]	0.528014	{_15174_ A2 0.528014}
u_cfg.g_live.g_bank\[11\].u_prompt	ot_sram_1r1w_512x128_m4_r2c2	rd_out[97]	u_cfg.g_live.bank_q\[353\]	0.578766	{_14152_ A 0.578766}
u_cfg.g_live.g_bank\[11\].u_prompt	ot_sram_1r1w_512x128_m4_r2c2	rd_out[98]	u_cfg.g_live.bank_q\[354\]	0.578766	{_14240_ A 0.578766}
u_cfg.g_live.g_bank\[11\].u_prompt	ot_sram_1r1w_512x128_m4_r2c2	rd_out[99]	u_cfg.g_live.bank_q\[355\]	0.578766	{_14146_ A 0.578766}
u_cfg.g_live.g_bank\[11\].u_prompt	ot_sram_1r1w_512x128_m4_r2c2	rd_out[100]	u_cfg.g_live.bank_q\[356\]	0.528014	{_14297_ A2 0.528014}
u_cfg.g_live.g_bank\[11\].u_prompt	ot_sram_1r1w_512x128_m4_r2c2	rd_out[101]	u_cfg.g_live.bank_q\[357\]	0.578766	{_15280_ A 0.578766}
u_cfg.g_live.g_bank\[11\].u_prompt	ot_sram_1r1w_512x128_m4_r2c2	rd_out[102]	u_cfg.g_live.bank_q\[358\]	0.578766	{_15386_ A 0.578766}
u_cfg.g_live.g_bank\[11\].u_prompt	ot_sram_1r1w_512x128_m4_r2c2	rd_out[103]	u_cfg.g_live.bank_q\[359\]	0.578766	{_15188_ A 0.578766}
u_cfg.g_live.g_bank\[11\].u_prompt	ot_sram_1r1w_512x128_m4_r2c2	rd_out[104]	u_cfg.g_live.bank_q\[360\]	0.528014	{_15244_ A2 0.528014}
u_cfg.g_live.g_bank\[11\].u_prompt	ot_sram_1r1w_512x128_m4_r2c2	rd_out[105]	u_cfg.g_live.bank_q\[361\]	0.578766	{_13566_ A 0.578766}
u_cfg.g_live.g_bank\[11\].u_prompt	ot_sram_1r1w_512x128_m4_r2c2	rd_out[106]	u_cfg.g_live.bank_q\[362\]	0.528014	{_13688_ A2 0.528014}
u_cfg.g_live.g_bank\[11\].u_prompt	ot_sram_1r1w_512x128_m4_r2c2	rd_out[107]	u_cfg.g_live.bank_q\[363\]	0.528014	{_13734_ A2 0.528014}
u_cfg.g_live.g_bank\[11\].u_prompt	ot_sram_1r1w_512x128_m4_r2c2	rd_out[108]	u_cfg.g_live.bank_q\[364\]	0.578766	{_13588_ A 0.578766}
u_cfg.g_live.g_bank\[11\].u_prompt	ot_sram_1r1w_512x128_m4_r2c2	rd_out[109]	u_cfg.g_live.bank_q\[365\]	0.528014	{_13925_ A2 0.528014}
u_cfg.g_live.g_bank\[11\].u_prompt	ot_sram_1r1w_512x128_m4_r2c2	rd_out[110]	u_cfg.g_live.bank_q\[366\]	0.528014	{_13541_ A2 0.528014}
u_cfg.g_live.g_bank\[11\].u_prompt	ot_sram_1r1w_512x128_m4_r2c2	rd_out[111]	u_cfg.g_live.bank_q\[367\]	0.578766	{_13648_ A 0.578766}
u_cfg.g_live.g_bank\[11\].u_prompt	ot_sram_1r1w_512x128_m4_r2c2	rd_out[112]	u_cfg.g_live.bank_q\[368\]	0.578766	{_13131_ A 0.578766}
u_cfg.g_live.g_bank\[11\].u_prompt	ot_sram_1r1w_512x128_m4_r2c2	rd_out[113]	u_cfg.g_live.bank_q\[369\]	0.528014	{_13163_ A2 0.528014}
u_cfg.g_live.g_bank\[11\].u_prompt	ot_sram_1r1w_512x128_m4_r2c2	rd_out[114]	u_cfg.g_live.bank_q\[370\]	0.578766	{_13363_ A 0.578766}
u_cfg.g_live.g_bank\[11\].u_prompt	ot_sram_1r1w_512x128_m4_r2c2	rd_out[115]	u_cfg.g_live.bank_q\[371\]	0.578766	{_13419_ A 0.578766}
u_cfg.g_live.g_bank\[11\].u_prompt	ot_sram_1r1w_512x128_m4_r2c2	rd_out[116]	u_cfg.g_live.bank_q\[372\]	0.578766	{_12983_ A 0.578766}
u_cfg.g_live.g_bank\[11\].u_prompt	ot_sram_1r1w_512x128_m4_r2c2	rd_out[117]	u_cfg.g_live.bank_q\[373\]	0.578766	{_13229_ A 0.578766}
u_cfg.g_live.g_bank\[11\].u_prompt	ot_sram_1r1w_512x128_m4_r2c2	rd_out[118]	u_cfg.g_live.bank_q\[374\]	0.578766	{_13287_ A 0.578766}
u_cfg.g_live.g_bank\[11\].u_prompt	ot_sram_1r1w_512x128_m4_r2c2	rd_out[119]	u_cfg.g_live.bank_q\[375\]	0.578766	{_13339_ A 0.578766}
u_cfg.g_live.g_bank\[11\].u_prompt	ot_sram_1r1w_512x128_m4_r2c2	rd_out[120]	u_cfg.g_live.bank_q\[376\]	0.578766	{_13115_ A 0.578766}
u_cfg.g_live.g_bank\[11\].u_prompt	ot_sram_1r1w_512x128_m4_r2c2	rd_out[121]	u_cfg.g_live.bank_q\[377\]	0.578766	{_14415_ A 0.578766}
u_cfg.g_live.g_bank\[11\].u_prompt	ot_sram_1r1w_512x128_m4_r2c2	rd_out[122]	u_cfg.g_live.bank_q\[378\]	0.578766	{_14854_ A 0.578766}
u_cfg.g_live.g_bank\[11\].u_prompt	ot_sram_1r1w_512x128_m4_r2c2	rd_out[123]	u_cfg.g_live.bank_q\[379\]	0.578766	{_15024_ A 0.578766}
u_cfg.g_live.g_bank\[11\].u_prompt	ot_sram_1r1w_512x128_m4_r2c2	rd_out[124]	u_cfg.g_live.bank_q\[380\]	0.578766	{_14121_ A 0.578766}
u_cfg.g_live.g_bank\[11\].u_prompt	ot_sram_1r1w_512x128_m4_r2c2	rd_out[125]	u_cfg.g_live.bank_q\[381\]	0.578766	{_12955_ A 0.578766}
u_cfg.g_live.g_bank\[11\].u_prompt	ot_sram_1r1w_512x128_m4_r2c2	rd_out[126]	u_cfg.g_live.bank_q\[382\]	0.578766	{_15489_ A 0.578766}
u_cfg.g_live.g_bank\[11\].u_prompt	ot_sram_1r1w_512x128_m4_r2c2	rd_out[127]	u_cfg.g_live.bank_q\[383\]	0.578766	{_14790_ A 0.578766}
u_cfg.g_live.g_bank\[11\].u_prompt	ot_sram_1r1w_512x128_m4_r2c2	w_ce_in	_02044_	0.578800	
u_cfg.g_live.g_bank\[11\].u_prompt	ot_sram_1r1w_512x128_m4_r2c2	w_addr_in[0]	_01885_	0.578800	
u_cfg.g_live.g_bank\[11\].u_prompt	ot_sram_1r1w_512x128_m4_r2c2	w_addr_in[1]	_01886_	0.578800	
u_cfg.g_live.g_bank\[11\].u_prompt	ot_sram_1r1w_512x128_m4_r2c2	w_addr_in[2]	_01887_	0.578800	
u_cfg.g_live.g_bank\[11\].u_prompt	ot_sram_1r1w_512x128_m4_r2c2	w_addr_in[3]	_01888_	0.578800	
u_cfg.g_live.g_bank\[11\].u_prompt	ot_sram_1r1w_512x128_m4_r2c2	w_addr_in[4]	_01889_	0.578800	
u_cfg.g_live.g_bank\[11\].u_prompt	ot_sram_1r1w_512x128_m4_r2c2	w_addr_in[5]	_01890_	0.578800	
u_cfg.g_live.g_bank\[11\].u_prompt	ot_sram_1r1w_512x128_m4_r2c2	w_addr_in[6]	_01891_	0.578800	
u_cfg.g_live.g_bank\[11\].u_prompt	ot_sram_1r1w_512x128_m4_r2c2	w_addr_in[7]	_01892_	0.578800	
u_cfg.g_live.g_bank\[11\].u_prompt	ot_sram_1r1w_512x128_m4_r2c2	w_addr_in[8]	_01893_	0.578800	
u_cfg.g_live.g_bank\[11\].u_prompt	ot_sram_1r1w_512x128_m4_r2c2	wd_in[0]	_01894_	0.578800	
u_cfg.g_live.g_bank\[11\].u_prompt	ot_sram_1r1w_512x128_m4_r2c2	wd_in[1]	_01933_	0.578800	
u_cfg.g_live.g_bank\[11\].u_prompt	ot_sram_1r1w_512x128_m4_r2c2	wd_in[2]	_01943_	0.578800	
u_cfg.g_live.g_bank\[11\].u_prompt	ot_sram_1r1w_512x128_m4_r2c2	wd_in[3]	_01954_	0.578800	
u_cfg.g_live.g_bank\[11\].u_prompt	ot_sram_1r1w_512x128_m4_r2c2	wd_in[4]	_01965_	0.578800	
u_cfg.g_live.g_bank\[11\].u_prompt	ot_sram_1r1w_512x128_m4_r2c2	wd_in[5]	_01976_	0.578800	
u_cfg.g_live.g_bank\[11\].u_prompt	ot_sram_1r1w_512x128_m4_r2c2	wd_in[6]	_01987_	0.578800	
u_cfg.g_live.g_bank\[11\].u_prompt	ot_sram_1r1w_512x128_m4_r2c2	wd_in[7]	_01998_	0.578800	
u_cfg.g_live.g_bank\[11\].u_prompt	ot_sram_1r1w_512x128_m4_r2c2	wd_in[8]	_02009_	0.578800	
u_cfg.g_live.g_bank\[11\].u_prompt	ot_sram_1r1w_512x128_m4_r2c2	wd_in[9]	_02020_	0.578800	
u_cfg.g_live.g_bank\[11\].u_prompt	ot_sram_1r1w_512x128_m4_r2c2	wd_in[10]	_01905_	0.578800	
u_cfg.g_live.g_bank\[11\].u_prompt	ot_sram_1r1w_512x128_m4_r2c2	wd_in[11]	_01916_	0.578800	
u_cfg.g_live.g_bank\[11\].u_prompt	ot_sram_1r1w_512x128_m4_r2c2	wd_in[12]	_01925_	0.578800	
u_cfg.g_live.g_bank\[11\].u_prompt	ot_sram_1r1w_512x128_m4_r2c2	wd_in[13]	_01926_	0.578800	
u_cfg.g_live.g_bank\[11\].u_prompt	ot_sram_1r1w_512x128_m4_r2c2	wd_in[14]	_01927_	0.578800	
u_cfg.g_live.g_bank\[11\].u_prompt	ot_sram_1r1w_512x128_m4_r2c2	wd_in[15]	_01928_	0.578800	
u_cfg.g_live.g_bank\[11\].u_prompt	ot_sram_1r1w_512x128_m4_r2c2	wd_in[16]	_01929_	0.578800	
u_cfg.g_live.g_bank\[11\].u_prompt	ot_sram_1r1w_512x128_m4_r2c2	wd_in[17]	_01930_	0.578800	
u_cfg.g_live.g_bank\[11\].u_prompt	ot_sram_1r1w_512x128_m4_r2c2	wd_in[18]	_01931_	0.578800	
u_cfg.g_live.g_bank\[11\].u_prompt	ot_sram_1r1w_512x128_m4_r2c2	wd_in[19]	_01932_	0.578800	
u_cfg.g_live.g_bank\[11\].u_prompt	ot_sram_1r1w_512x128_m4_r2c2	wd_in[20]	_01934_	0.578800	
u_cfg.g_live.g_bank\[11\].u_prompt	ot_sram_1r1w_512x128_m4_r2c2	wd_in[21]	_01935_	0.578800	
u_cfg.g_live.g_bank\[11\].u_prompt	ot_sram_1r1w_512x128_m4_r2c2	wd_in[22]	_01936_	0.578800	
u_cfg.g_live.g_bank\[11\].u_prompt	ot_sram_1r1w_512x128_m4_r2c2	wd_in[23]	_01937_	0.578800	
u_cfg.g_live.g_bank\[11\].u_prompt	ot_sram_1r1w_512x128_m4_r2c2	wd_in[24]	_01938_	0.578800	
u_cfg.g_live.g_bank\[11\].u_prompt	ot_sram_1r1w_512x128_m4_r2c2	wd_in[25]	_01939_	0.578800	
u_cfg.g_live.g_bank\[11\].u_prompt	ot_sram_1r1w_512x128_m4_r2c2	wd_in[26]	_10622_	0.578800	
u_cfg.g_live.g_bank\[11\].u_prompt	ot_sram_1r1w_512x128_m4_r2c2	wd_in[27]	_01940_	0.578800	
u_cfg.g_live.g_bank\[11\].u_prompt	ot_sram_1r1w_512x128_m4_r2c2	wd_in[28]	_01941_	0.578800	
u_cfg.g_live.g_bank\[11\].u_prompt	ot_sram_1r1w_512x128_m4_r2c2	wd_in[29]	_01942_	0.578800	
u_cfg.g_live.g_bank\[11\].u_prompt	ot_sram_1r1w_512x128_m4_r2c2	wd_in[30]	_01944_	0.578800	
u_cfg.g_live.g_bank\[11\].u_prompt	ot_sram_1r1w_512x128_m4_r2c2	wd_in[31]	_01945_	0.578800	
u_cfg.g_live.g_bank\[11\].u_prompt	ot_sram_1r1w_512x128_m4_r2c2	wd_in[32]	_01946_	0.578800	
u_cfg.g_live.g_bank\[11\].u_prompt	ot_sram_1r1w_512x128_m4_r2c2	wd_in[33]	_01947_	0.578800	
u_cfg.g_live.g_bank\[11\].u_prompt	ot_sram_1r1w_512x128_m4_r2c2	wd_in[34]	_01948_	0.578800	
u_cfg.g_live.g_bank\[11\].u_prompt	ot_sram_1r1w_512x128_m4_r2c2	wd_in[35]	_01949_	0.578800	
u_cfg.g_live.g_bank\[11\].u_prompt	ot_sram_1r1w_512x128_m4_r2c2	wd_in[36]	_01950_	0.578800	
u_cfg.g_live.g_bank\[11\].u_prompt	ot_sram_1r1w_512x128_m4_r2c2	wd_in[37]	_01951_	0.578800	
u_cfg.g_live.g_bank\[11\].u_prompt	ot_sram_1r1w_512x128_m4_r2c2	wd_in[38]	_01952_	0.578800	
u_cfg.g_live.g_bank\[11\].u_prompt	ot_sram_1r1w_512x128_m4_r2c2	wd_in[39]	_01953_	0.578800	
u_cfg.g_live.g_bank\[11\].u_prompt	ot_sram_1r1w_512x128_m4_r2c2	wd_in[40]	_01955_	0.578800	
u_cfg.g_live.g_bank\[11\].u_prompt	ot_sram_1r1w_512x128_m4_r2c2	wd_in[41]	_01956_	0.578800	
u_cfg.g_live.g_bank\[11\].u_prompt	ot_sram_1r1w_512x128_m4_r2c2	wd_in[42]	_01957_	0.578800	
u_cfg.g_live.g_bank\[11\].u_prompt	ot_sram_1r1w_512x128_m4_r2c2	wd_in[43]	_01958_	0.578800	
u_cfg.g_live.g_bank\[11\].u_prompt	ot_sram_1r1w_512x128_m4_r2c2	wd_in[44]	_01959_	0.578800	
u_cfg.g_live.g_bank\[11\].u_prompt	ot_sram_1r1w_512x128_m4_r2c2	wd_in[45]	_01960_	0.578800	
u_cfg.g_live.g_bank\[11\].u_prompt	ot_sram_1r1w_512x128_m4_r2c2	wd_in[46]	_01961_	0.578800	
u_cfg.g_live.g_bank\[11\].u_prompt	ot_sram_1r1w_512x128_m4_r2c2	wd_in[47]	_01962_	0.578800	
u_cfg.g_live.g_bank\[11\].u_prompt	ot_sram_1r1w_512x128_m4_r2c2	wd_in[48]	_01963_	0.578800	
u_cfg.g_live.g_bank\[11\].u_prompt	ot_sram_1r1w_512x128_m4_r2c2	wd_in[49]	_01964_	0.578800	
u_cfg.g_live.g_bank\[11\].u_prompt	ot_sram_1r1w_512x128_m4_r2c2	wd_in[50]	_01966_	0.578800	
u_cfg.g_live.g_bank\[11\].u_prompt	ot_sram_1r1w_512x128_m4_r2c2	wd_in[51]	_01967_	0.578800	
u_cfg.g_live.g_bank\[11\].u_prompt	ot_sram_1r1w_512x128_m4_r2c2	wd_in[52]	_01968_	0.578800	
u_cfg.g_live.g_bank\[11\].u_prompt	ot_sram_1r1w_512x128_m4_r2c2	wd_in[53]	_01969_	0.578800	
u_cfg.g_live.g_bank\[11\].u_prompt	ot_sram_1r1w_512x128_m4_r2c2	wd_in[54]	_01970_	0.578800	
u_cfg.g_live.g_bank\[11\].u_prompt	ot_sram_1r1w_512x128_m4_r2c2	wd_in[55]	_01971_	0.578800	
u_cfg.g_live.g_bank\[11\].u_prompt	ot_sram_1r1w_512x128_m4_r2c2	wd_in[56]	_01972_	0.578800	
u_cfg.g_live.g_bank\[11\].u_prompt	ot_sram_1r1w_512x128_m4_r2c2	wd_in[57]	_01973_	0.578800	
u_cfg.g_live.g_bank\[11\].u_prompt	ot_sram_1r1w_512x128_m4_r2c2	wd_in[58]	_01974_	0.578800	
u_cfg.g_live.g_bank\[11\].u_prompt	ot_sram_1r1w_512x128_m4_r2c2	wd_in[59]	_01975_	0.578800	
u_cfg.g_live.g_bank\[11\].u_prompt	ot_sram_1r1w_512x128_m4_r2c2	wd_in[60]	_01977_	0.578800	
u_cfg.g_live.g_bank\[11\].u_prompt	ot_sram_1r1w_512x128_m4_r2c2	wd_in[61]	_01978_	0.578800	
u_cfg.g_live.g_bank\[11\].u_prompt	ot_sram_1r1w_512x128_m4_r2c2	wd_in[62]	_01979_	0.578800	
u_cfg.g_live.g_bank\[11\].u_prompt	ot_sram_1r1w_512x128_m4_r2c2	wd_in[63]	_01980_	0.578800	
u_cfg.g_live.g_bank\[11\].u_prompt	ot_sram_1r1w_512x128_m4_r2c2	wd_in[64]	_01981_	0.578800	
u_cfg.g_live.g_bank\[11\].u_prompt	ot_sram_1r1w_512x128_m4_r2c2	wd_in[65]	_01982_	0.578800	
u_cfg.g_live.g_bank\[11\].u_prompt	ot_sram_1r1w_512x128_m4_r2c2	wd_in[66]	_01983_	0.578800	
u_cfg.g_live.g_bank\[11\].u_prompt	ot_sram_1r1w_512x128_m4_r2c2	wd_in[67]	_01984_	0.578800	
u_cfg.g_live.g_bank\[11\].u_prompt	ot_sram_1r1w_512x128_m4_r2c2	wd_in[68]	_01985_	0.578800	
u_cfg.g_live.g_bank\[11\].u_prompt	ot_sram_1r1w_512x128_m4_r2c2	wd_in[69]	_01986_	0.578800	
u_cfg.g_live.g_bank\[11\].u_prompt	ot_sram_1r1w_512x128_m4_r2c2	wd_in[70]	_01988_	0.578800	
u_cfg.g_live.g_bank\[11\].u_prompt	ot_sram_1r1w_512x128_m4_r2c2	wd_in[71]	_01989_	0.578800	
u_cfg.g_live.g_bank\[11\].u_prompt	ot_sram_1r1w_512x128_m4_r2c2	wd_in[72]	_01990_	0.578800	
u_cfg.g_live.g_bank\[11\].u_prompt	ot_sram_1r1w_512x128_m4_r2c2	wd_in[73]	_01991_	0.578800	
u_cfg.g_live.g_bank\[11\].u_prompt	ot_sram_1r1w_512x128_m4_r2c2	wd_in[74]	_01992_	0.578800	
u_cfg.g_live.g_bank\[11\].u_prompt	ot_sram_1r1w_512x128_m4_r2c2	wd_in[75]	_01993_	0.578800	
u_cfg.g_live.g_bank\[11\].u_prompt	ot_sram_1r1w_512x128_m4_r2c2	wd_in[76]	_01994_	0.578800	
u_cfg.g_live.g_bank\[11\].u_prompt	ot_sram_1r1w_512x128_m4_r2c2	wd_in[77]	_01995_	0.578800	
u_cfg.g_live.g_bank\[11\].u_prompt	ot_sram_1r1w_512x128_m4_r2c2	wd_in[78]	_01996_	0.578800	
u_cfg.g_live.g_bank\[11\].u_prompt	ot_sram_1r1w_512x128_m4_r2c2	wd_in[79]	_01997_	0.578800	
u_cfg.g_live.g_bank\[11\].u_prompt	ot_sram_1r1w_512x128_m4_r2c2	wd_in[80]	_01999_	0.578800	
u_cfg.g_live.g_bank\[11\].u_prompt	ot_sram_1r1w_512x128_m4_r2c2	wd_in[81]	_02000_	0.578800	
u_cfg.g_live.g_bank\[11\].u_prompt	ot_sram_1r1w_512x128_m4_r2c2	wd_in[82]	_02001_	0.578800	
u_cfg.g_live.g_bank\[11\].u_prompt	ot_sram_1r1w_512x128_m4_r2c2	wd_in[83]	_02002_	0.578800	
u_cfg.g_live.g_bank\[11\].u_prompt	ot_sram_1r1w_512x128_m4_r2c2	wd_in[84]	_02003_	0.578800	
u_cfg.g_live.g_bank\[11\].u_prompt	ot_sram_1r1w_512x128_m4_r2c2	wd_in[85]	_02004_	0.578800	
u_cfg.g_live.g_bank\[11\].u_prompt	ot_sram_1r1w_512x128_m4_r2c2	wd_in[86]	_02005_	0.578800	
u_cfg.g_live.g_bank\[11\].u_prompt	ot_sram_1r1w_512x128_m4_r2c2	wd_in[87]	_02006_	0.578800	
u_cfg.g_live.g_bank\[11\].u_prompt	ot_sram_1r1w_512x128_m4_r2c2	wd_in[88]	_02007_	0.578800	
u_cfg.g_live.g_bank\[11\].u_prompt	ot_sram_1r1w_512x128_m4_r2c2	wd_in[89]	_02008_	0.578800	
u_cfg.g_live.g_bank\[11\].u_prompt	ot_sram_1r1w_512x128_m4_r2c2	wd_in[90]	_02010_	0.578800	
u_cfg.g_live.g_bank\[11\].u_prompt	ot_sram_1r1w_512x128_m4_r2c2	wd_in[91]	_02011_	0.578800	
u_cfg.g_live.g_bank\[11\].u_prompt	ot_sram_1r1w_512x128_m4_r2c2	wd_in[92]	_02012_	0.578800	
u_cfg.g_live.g_bank\[11\].u_prompt	ot_sram_1r1w_512x128_m4_r2c2	wd_in[93]	_02013_	0.578800	
u_cfg.g_live.g_bank\[11\].u_prompt	ot_sram_1r1w_512x128_m4_r2c2	wd_in[94]	_02014_	0.578800	
u_cfg.g_live.g_bank\[11\].u_prompt	ot_sram_1r1w_512x128_m4_r2c2	wd_in[95]	_02015_	0.578800	
u_cfg.g_live.g_bank\[11\].u_prompt	ot_sram_1r1w_512x128_m4_r2c2	wd_in[96]	_02016_	0.578800	
u_cfg.g_live.g_bank\[11\].u_prompt	ot_sram_1r1w_512x128_m4_r2c2	wd_in[97]	_02017_	0.578800	
u_cfg.g_live.g_bank\[11\].u_prompt	ot_sram_1r1w_512x128_m4_r2c2	wd_in[98]	_02018_	0.578800	
u_cfg.g_live.g_bank\[11\].u_prompt	ot_sram_1r1w_512x128_m4_r2c2	wd_in[99]	_02019_	0.578800	
u_cfg.g_live.g_bank\[11\].u_prompt	ot_sram_1r1w_512x128_m4_r2c2	wd_in[100]	_01895_	0.578800	
u_cfg.g_live.g_bank\[11\].u_prompt	ot_sram_1r1w_512x128_m4_r2c2	wd_in[101]	_01896_	0.578800	
u_cfg.g_live.g_bank\[11\].u_prompt	ot_sram_1r1w_512x128_m4_r2c2	wd_in[102]	_01897_	0.578800	
u_cfg.g_live.g_bank\[11\].u_prompt	ot_sram_1r1w_512x128_m4_r2c2	wd_in[103]	_01898_	0.578800	
u_cfg.g_live.g_bank\[11\].u_prompt	ot_sram_1r1w_512x128_m4_r2c2	wd_in[104]	_01899_	0.578800	
u_cfg.g_live.g_bank\[11\].u_prompt	ot_sram_1r1w_512x128_m4_r2c2	wd_in[105]	_01900_	0.578800	
u_cfg.g_live.g_bank\[11\].u_prompt	ot_sram_1r1w_512x128_m4_r2c2	wd_in[106]	_01901_	0.578800	
u_cfg.g_live.g_bank\[11\].u_prompt	ot_sram_1r1w_512x128_m4_r2c2	wd_in[107]	_01902_	0.578800	
u_cfg.g_live.g_bank\[11\].u_prompt	ot_sram_1r1w_512x128_m4_r2c2	wd_in[108]	_01903_	0.578800	
u_cfg.g_live.g_bank\[11\].u_prompt	ot_sram_1r1w_512x128_m4_r2c2	wd_in[109]	_01904_	0.578800	
u_cfg.g_live.g_bank\[11\].u_prompt	ot_sram_1r1w_512x128_m4_r2c2	wd_in[110]	_01906_	0.578800	
u_cfg.g_live.g_bank\[11\].u_prompt	ot_sram_1r1w_512x128_m4_r2c2	wd_in[111]	_01907_	0.578800	
u_cfg.g_live.g_bank\[11\].u_prompt	ot_sram_1r1w_512x128_m4_r2c2	wd_in[112]	_01908_	0.578800	
u_cfg.g_live.g_bank\[11\].u_prompt	ot_sram_1r1w_512x128_m4_r2c2	wd_in[113]	_01909_	0.578800	
u_cfg.g_live.g_bank\[11\].u_prompt	ot_sram_1r1w_512x128_m4_r2c2	wd_in[114]	_01910_	0.578800	
u_cfg.g_live.g_bank\[11\].u_prompt	ot_sram_1r1w_512x128_m4_r2c2	wd_in[115]	_01911_	0.578800	
u_cfg.g_live.g_bank\[11\].u_prompt	ot_sram_1r1w_512x128_m4_r2c2	wd_in[116]	_01912_	0.578800	
u_cfg.g_live.g_bank\[11\].u_prompt	ot_sram_1r1w_512x128_m4_r2c2	wd_in[117]	_01913_	0.578800	
u_cfg.g_live.g_bank\[11\].u_prompt	ot_sram_1r1w_512x128_m4_r2c2	wd_in[118]	_01914_	0.578800	
u_cfg.g_live.g_bank\[11\].u_prompt	ot_sram_1r1w_512x128_m4_r2c2	wd_in[119]	_01915_	0.578800	
u_cfg.g_live.g_bank\[11\].u_prompt	ot_sram_1r1w_512x128_m4_r2c2	wd_in[120]	_01917_	0.578800	
u_cfg.g_live.g_bank\[11\].u_prompt	ot_sram_1r1w_512x128_m4_r2c2	wd_in[121]	_01918_	0.578800	
u_cfg.g_live.g_bank\[11\].u_prompt	ot_sram_1r1w_512x128_m4_r2c2	wd_in[122]	_01919_	0.578800	
u_cfg.g_live.g_bank\[11\].u_prompt	ot_sram_1r1w_512x128_m4_r2c2	wd_in[123]	_01920_	0.578800	
u_cfg.g_live.g_bank\[11\].u_prompt	ot_sram_1r1w_512x128_m4_r2c2	wd_in[124]	_01921_	0.578800	
u_cfg.g_live.g_bank\[11\].u_prompt	ot_sram_1r1w_512x128_m4_r2c2	wd_in[125]	_01922_	0.578800	
u_cfg.g_live.g_bank\[11\].u_prompt	ot_sram_1r1w_512x128_m4_r2c2	wd_in[126]	_01923_	0.578800	
u_cfg.g_live.g_bank\[11\].u_prompt	ot_sram_1r1w_512x128_m4_r2c2	wd_in[127]	_01924_	0.578800	
u_cfg.g_live.g_bank\[11\].u_prompt	ot_sram_1r1w_512x128_m4_r2c2	w_mask_in[0]	_02021_	0.578800	
u_cfg.g_live.g_bank\[11\].u_prompt	ot_sram_1r1w_512x128_m4_r2c2	w_mask_in[1]	_02021_	0.578800	
u_cfg.g_live.g_bank\[11\].u_prompt	ot_sram_1r1w_512x128_m4_r2c2	w_mask_in[2]	_02021_	0.578800	
u_cfg.g_live.g_bank\[11\].u_prompt	ot_sram_1r1w_512x128_m4_r2c2	w_mask_in[3]	_02021_	0.578800	
u_cfg.g_live.g_bank\[11\].u_prompt	ot_sram_1r1w_512x128_m4_r2c2	w_mask_in[4]	_02021_	0.578800	
u_cfg.g_live.g_bank\[11\].u_prompt	ot_sram_1r1w_512x128_m4_r2c2	w_mask_in[5]	_02021_	0.578800	
u_cfg.g_live.g_bank\[11\].u_prompt	ot_sram_1r1w_512x128_m4_r2c2	w_mask_in[6]	_02021_	0.578800	
u_cfg.g_live.g_bank\[11\].u_prompt	ot_sram_1r1w_512x128_m4_r2c2	w_mask_in[7]	_02021_	0.578800	
u_cfg.g_live.g_bank\[11\].u_prompt	ot_sram_1r1w_512x128_m4_r2c2	w_mask_in[8]	_02021_	0.578800	
u_cfg.g_live.g_bank\[11\].u_prompt	ot_sram_1r1w_512x128_m4_r2c2	w_mask_in[9]	_02021_	0.578800	
u_cfg.g_live.g_bank\[11\].u_prompt	ot_sram_1r1w_512x128_m4_r2c2	w_mask_in[10]	_02021_	0.578800	
u_cfg.g_live.g_bank\[11\].u_prompt	ot_sram_1r1w_512x128_m4_r2c2	w_mask_in[11]	_02021_	0.578800	
u_cfg.g_live.g_bank\[11\].u_prompt	ot_sram_1r1w_512x128_m4_r2c2	w_mask_in[12]	_02021_	0.578800	
u_cfg.g_live.g_bank\[11\].u_prompt	ot_sram_1r1w_512x128_m4_r2c2	w_mask_in[13]	_02021_	0.578800	
u_cfg.g_live.g_bank\[11\].u_prompt	ot_sram_1r1w_512x128_m4_r2c2	w_mask_in[14]	_02021_	0.578800	
u_cfg.g_live.g_bank\[11\].u_prompt	ot_sram_1r1w_512x128_m4_r2c2	w_mask_in[15]	_02021_	0.578800	
u_cfg.g_live.g_bank\[11\].u_prompt	ot_sram_1r1w_512x128_m4_r2c2	w_mask_in[16]	_02021_	0.578800	
u_cfg.g_live.g_bank\[11\].u_prompt	ot_sram_1r1w_512x128_m4_r2c2	w_mask_in[17]	_02021_	0.578800	
u_cfg.g_live.g_bank\[11\].u_prompt	ot_sram_1r1w_512x128_m4_r2c2	w_mask_in[18]	_02021_	0.578800	
u_cfg.g_live.g_bank\[11\].u_prompt	ot_sram_1r1w_512x128_m4_r2c2	w_mask_in[19]	_02021_	0.578800	
u_cfg.g_live.g_bank\[11\].u_prompt	ot_sram_1r1w_512x128_m4_r2c2	w_mask_in[20]	_02021_	0.578800	
u_cfg.g_live.g_bank\[11\].u_prompt	ot_sram_1r1w_512x128_m4_r2c2	w_mask_in[21]	_02021_	0.578800	
u_cfg.g_live.g_bank\[11\].u_prompt	ot_sram_1r1w_512x128_m4_r2c2	w_mask_in[22]	_02021_	0.578800	
u_cfg.g_live.g_bank\[11\].u_prompt	ot_sram_1r1w_512x128_m4_r2c2	w_mask_in[23]	_02021_	0.578800	
u_cfg.g_live.g_bank\[11\].u_prompt	ot_sram_1r1w_512x128_m4_r2c2	w_mask_in[24]	_02021_	0.578800	
u_cfg.g_live.g_bank\[11\].u_prompt	ot_sram_1r1w_512x128_m4_r2c2	w_mask_in[25]	_02021_	0.578800	
u_cfg.g_live.g_bank\[11\].u_prompt	ot_sram_1r1w_512x128_m4_r2c2	w_mask_in[26]	_02021_	0.578800	
u_cfg.g_live.g_bank\[11\].u_prompt	ot_sram_1r1w_512x128_m4_r2c2	w_mask_in[27]	_02021_	0.578800	
u_cfg.g_live.g_bank\[11\].u_prompt	ot_sram_1r1w_512x128_m4_r2c2	w_mask_in[28]	_02021_	0.578800	
u_cfg.g_live.g_bank\[11\].u_prompt	ot_sram_1r1w_512x128_m4_r2c2	w_mask_in[29]	_02021_	0.578800	
u_cfg.g_live.g_bank\[11\].u_prompt	ot_sram_1r1w_512x128_m4_r2c2	w_mask_in[30]	_02021_	0.578800	
u_cfg.g_live.g_bank\[11\].u_prompt	ot_sram_1r1w_512x128_m4_r2c2	w_mask_in[31]	_02021_	0.578800	
u_cfg.g_live.g_bank\[11\].u_prompt	ot_sram_1r1w_512x128_m4_r2c2	w_mask_in[32]	_02021_	0.578800	
u_cfg.g_live.g_bank\[11\].u_prompt	ot_sram_1r1w_512x128_m4_r2c2	w_mask_in[33]	_02021_	0.578800	
u_cfg.g_live.g_bank\[11\].u_prompt	ot_sram_1r1w_512x128_m4_r2c2	w_mask_in[34]	_02021_	0.578800	
u_cfg.g_live.g_bank\[11\].u_prompt	ot_sram_1r1w_512x128_m4_r2c2	w_mask_in[35]	_02021_	0.578800	
u_cfg.g_live.g_bank\[11\].u_prompt	ot_sram_1r1w_512x128_m4_r2c2	w_mask_in[36]	_02021_	0.578800	
u_cfg.g_live.g_bank\[11\].u_prompt	ot_sram_1r1w_512x128_m4_r2c2	w_mask_in[37]	_02021_	0.578800	
u_cfg.g_live.g_bank\[11\].u_prompt	ot_sram_1r1w_512x128_m4_r2c2	w_mask_in[38]	_02021_	0.578800	
u_cfg.g_live.g_bank\[11\].u_prompt	ot_sram_1r1w_512x128_m4_r2c2	w_mask_in[39]	_02021_	0.578800	
u_cfg.g_live.g_bank\[11\].u_prompt	ot_sram_1r1w_512x128_m4_r2c2	w_mask_in[40]	_02021_	0.578800	
u_cfg.g_live.g_bank\[11\].u_prompt	ot_sram_1r1w_512x128_m4_r2c2	w_mask_in[41]	_02021_	0.578800	
u_cfg.g_live.g_bank\[11\].u_prompt	ot_sram_1r1w_512x128_m4_r2c2	w_mask_in[42]	_02021_	0.578800	
u_cfg.g_live.g_bank\[11\].u_prompt	ot_sram_1r1w_512x128_m4_r2c2	w_mask_in[43]	_02021_	0.578800	
u_cfg.g_live.g_bank\[11\].u_prompt	ot_sram_1r1w_512x128_m4_r2c2	w_mask_in[44]	_02021_	0.578800	
u_cfg.g_live.g_bank\[11\].u_prompt	ot_sram_1r1w_512x128_m4_r2c2	w_mask_in[45]	_02021_	0.578800	
u_cfg.g_live.g_bank\[11\].u_prompt	ot_sram_1r1w_512x128_m4_r2c2	w_mask_in[46]	_02021_	0.578800	
u_cfg.g_live.g_bank\[11\].u_prompt	ot_sram_1r1w_512x128_m4_r2c2	w_mask_in[47]	_02021_	0.578800	
u_cfg.g_live.g_bank\[11\].u_prompt	ot_sram_1r1w_512x128_m4_r2c2	w_mask_in[48]	_02021_	0.578800	
u_cfg.g_live.g_bank\[11\].u_prompt	ot_sram_1r1w_512x128_m4_r2c2	w_mask_in[49]	_02021_	0.578800	
u_cfg.g_live.g_bank\[11\].u_prompt	ot_sram_1r1w_512x128_m4_r2c2	w_mask_in[50]	_02021_	0.578800	
u_cfg.g_live.g_bank\[11\].u_prompt	ot_sram_1r1w_512x128_m4_r2c2	w_mask_in[51]	_02021_	0.578800	
u_cfg.g_live.g_bank\[11\].u_prompt	ot_sram_1r1w_512x128_m4_r2c2	w_mask_in[52]	_02021_	0.578800	
u_cfg.g_live.g_bank\[11\].u_prompt	ot_sram_1r1w_512x128_m4_r2c2	w_mask_in[53]	_02021_	0.578800	
u_cfg.g_live.g_bank\[11\].u_prompt	ot_sram_1r1w_512x128_m4_r2c2	w_mask_in[54]	_02021_	0.578800	
u_cfg.g_live.g_bank\[11\].u_prompt	ot_sram_1r1w_512x128_m4_r2c2	w_mask_in[55]	_02021_	0.578800	
u_cfg.g_live.g_bank\[11\].u_prompt	ot_sram_1r1w_512x128_m4_r2c2	w_mask_in[56]	_02021_	0.578800	
u_cfg.g_live.g_bank\[11\].u_prompt	ot_sram_1r1w_512x128_m4_r2c2	w_mask_in[57]	_02021_	0.578800	
u_cfg.g_live.g_bank\[11\].u_prompt	ot_sram_1r1w_512x128_m4_r2c2	w_mask_in[58]	_02021_	0.578800	
u_cfg.g_live.g_bank\[11\].u_prompt	ot_sram_1r1w_512x128_m4_r2c2	w_mask_in[59]	_02021_	0.578800	
u_cfg.g_live.g_bank\[11\].u_prompt	ot_sram_1r1w_512x128_m4_r2c2	w_mask_in[60]	_02021_	0.578800	
u_cfg.g_live.g_bank\[11\].u_prompt	ot_sram_1r1w_512x128_m4_r2c2	w_mask_in[61]	_02021_	0.578800	
u_cfg.g_live.g_bank\[11\].u_prompt	ot_sram_1r1w_512x128_m4_r2c2	w_mask_in[62]	_02021_	0.578800	
u_cfg.g_live.g_bank\[11\].u_prompt	ot_sram_1r1w_512x128_m4_r2c2	w_mask_in[63]	_02021_	0.578800	
u_cfg.g_live.g_bank\[11\].u_prompt	ot_sram_1r1w_512x128_m4_r2c2	w_mask_in[64]	_02022_	0.578800	
u_cfg.g_live.g_bank\[11\].u_prompt	ot_sram_1r1w_512x128_m4_r2c2	w_mask_in[65]	_02022_	0.578800	
u_cfg.g_live.g_bank\[11\].u_prompt	ot_sram_1r1w_512x128_m4_r2c2	w_mask_in[66]	_02022_	0.578800	
u_cfg.g_live.g_bank\[11\].u_prompt	ot_sram_1r1w_512x128_m4_r2c2	w_mask_in[67]	_02022_	0.578800	
u_cfg.g_live.g_bank\[11\].u_prompt	ot_sram_1r1w_512x128_m4_r2c2	w_mask_in[68]	_02022_	0.578800	
u_cfg.g_live.g_bank\[11\].u_prompt	ot_sram_1r1w_512x128_m4_r2c2	w_mask_in[69]	_02022_	0.578800	
u_cfg.g_live.g_bank\[11\].u_prompt	ot_sram_1r1w_512x128_m4_r2c2	w_mask_in[70]	_02022_	0.578800	
u_cfg.g_live.g_bank\[11\].u_prompt	ot_sram_1r1w_512x128_m4_r2c2	w_mask_in[71]	_02022_	0.578800	
u_cfg.g_live.g_bank\[11\].u_prompt	ot_sram_1r1w_512x128_m4_r2c2	w_mask_in[72]	_02022_	0.578800	
u_cfg.g_live.g_bank\[11\].u_prompt	ot_sram_1r1w_512x128_m4_r2c2	w_mask_in[73]	_02022_	0.578800	
u_cfg.g_live.g_bank\[11\].u_prompt	ot_sram_1r1w_512x128_m4_r2c2	w_mask_in[74]	_02022_	0.578800	
u_cfg.g_live.g_bank\[11\].u_prompt	ot_sram_1r1w_512x128_m4_r2c2	w_mask_in[75]	_02022_	0.578800	
u_cfg.g_live.g_bank\[11\].u_prompt	ot_sram_1r1w_512x128_m4_r2c2	w_mask_in[76]	_02022_	0.578800	
u_cfg.g_live.g_bank\[11\].u_prompt	ot_sram_1r1w_512x128_m4_r2c2	w_mask_in[77]	_02022_	0.578800	
u_cfg.g_live.g_bank\[11\].u_prompt	ot_sram_1r1w_512x128_m4_r2c2	w_mask_in[78]	_02022_	0.578800	
u_cfg.g_live.g_bank\[11\].u_prompt	ot_sram_1r1w_512x128_m4_r2c2	w_mask_in[79]	_02022_	0.578800	
u_cfg.g_live.g_bank\[11\].u_prompt	ot_sram_1r1w_512x128_m4_r2c2	w_mask_in[80]	_02022_	0.578800	
u_cfg.g_live.g_bank\[11\].u_prompt	ot_sram_1r1w_512x128_m4_r2c2	w_mask_in[81]	_02022_	0.578800	
u_cfg.g_live.g_bank\[11\].u_prompt	ot_sram_1r1w_512x128_m4_r2c2	w_mask_in[82]	_02022_	0.578800	
u_cfg.g_live.g_bank\[11\].u_prompt	ot_sram_1r1w_512x128_m4_r2c2	w_mask_in[83]	_02022_	0.578800	
u_cfg.g_live.g_bank\[11\].u_prompt	ot_sram_1r1w_512x128_m4_r2c2	w_mask_in[84]	_02022_	0.578800	
u_cfg.g_live.g_bank\[11\].u_prompt	ot_sram_1r1w_512x128_m4_r2c2	w_mask_in[85]	_02022_	0.578800	
u_cfg.g_live.g_bank\[11\].u_prompt	ot_sram_1r1w_512x128_m4_r2c2	w_mask_in[86]	_02022_	0.578800	
u_cfg.g_live.g_bank\[11\].u_prompt	ot_sram_1r1w_512x128_m4_r2c2	w_mask_in[87]	_02022_	0.578800	
u_cfg.g_live.g_bank\[11\].u_prompt	ot_sram_1r1w_512x128_m4_r2c2	w_mask_in[88]	_02022_	0.578800	
u_cfg.g_live.g_bank\[11\].u_prompt	ot_sram_1r1w_512x128_m4_r2c2	w_mask_in[89]	_02022_	0.578800	
u_cfg.g_live.g_bank\[11\].u_prompt	ot_sram_1r1w_512x128_m4_r2c2	w_mask_in[90]	_02022_	0.578800	
u_cfg.g_live.g_bank\[11\].u_prompt	ot_sram_1r1w_512x128_m4_r2c2	w_mask_in[91]	_02022_	0.578800	
u_cfg.g_live.g_bank\[11\].u_prompt	ot_sram_1r1w_512x128_m4_r2c2	w_mask_in[92]	_02022_	0.578800	
u_cfg.g_live.g_bank\[11\].u_prompt	ot_sram_1r1w_512x128_m4_r2c2	w_mask_in[93]	_02022_	0.578800	
u_cfg.g_live.g_bank\[11\].u_prompt	ot_sram_1r1w_512x128_m4_r2c2	w_mask_in[94]	_02022_	0.578800	
u_cfg.g_live.g_bank\[11\].u_prompt	ot_sram_1r1w_512x128_m4_r2c2	w_mask_in[95]	_02022_	0.578800	
u_cfg.g_live.g_bank\[11\].u_prompt	ot_sram_1r1w_512x128_m4_r2c2	w_mask_in[96]	_02022_	0.578800	
u_cfg.g_live.g_bank\[11\].u_prompt	ot_sram_1r1w_512x128_m4_r2c2	w_mask_in[97]	_02022_	0.578800	
u_cfg.g_live.g_bank\[11\].u_prompt	ot_sram_1r1w_512x128_m4_r2c2	w_mask_in[98]	_02022_	0.578800	
u_cfg.g_live.g_bank\[11\].u_prompt	ot_sram_1r1w_512x128_m4_r2c2	w_mask_in[99]	_02022_	0.578800	
u_cfg.g_live.g_bank\[11\].u_prompt	ot_sram_1r1w_512x128_m4_r2c2	w_mask_in[100]	_02022_	0.578800	
u_cfg.g_live.g_bank\[11\].u_prompt	ot_sram_1r1w_512x128_m4_r2c2	w_mask_in[101]	_02022_	0.578800	
u_cfg.g_live.g_bank\[11\].u_prompt	ot_sram_1r1w_512x128_m4_r2c2	w_mask_in[102]	_02022_	0.578800	
u_cfg.g_live.g_bank\[11\].u_prompt	ot_sram_1r1w_512x128_m4_r2c2	w_mask_in[103]	_02022_	0.578800	
u_cfg.g_live.g_bank\[11\].u_prompt	ot_sram_1r1w_512x128_m4_r2c2	w_mask_in[104]	_02022_	0.578800	
u_cfg.g_live.g_bank\[11\].u_prompt	ot_sram_1r1w_512x128_m4_r2c2	w_mask_in[105]	_02022_	0.578800	
u_cfg.g_live.g_bank\[11\].u_prompt	ot_sram_1r1w_512x128_m4_r2c2	w_mask_in[106]	_02022_	0.578800	
u_cfg.g_live.g_bank\[11\].u_prompt	ot_sram_1r1w_512x128_m4_r2c2	w_mask_in[107]	_02022_	0.578800	
u_cfg.g_live.g_bank\[11\].u_prompt	ot_sram_1r1w_512x128_m4_r2c2	w_mask_in[108]	_02022_	0.578800	
u_cfg.g_live.g_bank\[11\].u_prompt	ot_sram_1r1w_512x128_m4_r2c2	w_mask_in[109]	_02022_	0.578800	
u_cfg.g_live.g_bank\[11\].u_prompt	ot_sram_1r1w_512x128_m4_r2c2	w_mask_in[110]	_02022_	0.578800	
u_cfg.g_live.g_bank\[11\].u_prompt	ot_sram_1r1w_512x128_m4_r2c2	w_mask_in[111]	_02022_	0.578800	
u_cfg.g_live.g_bank\[11\].u_prompt	ot_sram_1r1w_512x128_m4_r2c2	w_mask_in[112]	_02022_	0.578800	
u_cfg.g_live.g_bank\[11\].u_prompt	ot_sram_1r1w_512x128_m4_r2c2	w_mask_in[113]	_02022_	0.578800	
u_cfg.g_live.g_bank\[11\].u_prompt	ot_sram_1r1w_512x128_m4_r2c2	w_mask_in[114]	_02022_	0.578800	
u_cfg.g_live.g_bank\[11\].u_prompt	ot_sram_1r1w_512x128_m4_r2c2	w_mask_in[115]	_02022_	0.578800	
u_cfg.g_live.g_bank\[11\].u_prompt	ot_sram_1r1w_512x128_m4_r2c2	w_mask_in[116]	_02022_	0.578800	
u_cfg.g_live.g_bank\[11\].u_prompt	ot_sram_1r1w_512x128_m4_r2c2	w_mask_in[117]	_02022_	0.578800	
u_cfg.g_live.g_bank\[11\].u_prompt	ot_sram_1r1w_512x128_m4_r2c2	w_mask_in[118]	_02022_	0.578800	
u_cfg.g_live.g_bank\[11\].u_prompt	ot_sram_1r1w_512x128_m4_r2c2	w_mask_in[119]	_02022_	0.578800	
u_cfg.g_live.g_bank\[11\].u_prompt	ot_sram_1r1w_512x128_m4_r2c2	w_mask_in[120]	_02022_	0.578800	
u_cfg.g_live.g_bank\[11\].u_prompt	ot_sram_1r1w_512x128_m4_r2c2	w_mask_in[121]	_02022_	0.578800	
u_cfg.g_live.g_bank\[11\].u_prompt	ot_sram_1r1w_512x128_m4_r2c2	w_mask_in[122]	_02022_	0.578800	
u_cfg.g_live.g_bank\[11\].u_prompt	ot_sram_1r1w_512x128_m4_r2c2	w_mask_in[123]	_02022_	0.578800	
u_cfg.g_live.g_bank\[11\].u_prompt	ot_sram_1r1w_512x128_m4_r2c2	w_mask_in[124]	_02022_	0.578800	
u_cfg.g_live.g_bank\[11\].u_prompt	ot_sram_1r1w_512x128_m4_r2c2	w_mask_in[125]	_02022_	0.578800	
u_cfg.g_live.g_bank\[11\].u_prompt	ot_sram_1r1w_512x128_m4_r2c2	w_mask_in[126]	_02022_	0.578800	
u_cfg.g_live.g_bank\[11\].u_prompt	ot_sram_1r1w_512x128_m4_r2c2	w_mask_in[127]	_02022_	0.578800	
u_cfg.g_live.g_bank\[11\].u_prompt	ot_sram_1r1w_512x128_m4_r2c2	rr_en[0]	_10622_	0.578800	
u_cfg.g_live.g_bank\[11\].u_prompt	ot_sram_1r1w_512x128_m4_r2c2	rr_en[1]	_10622_	0.578800	
u_cfg.g_live.g_bank\[11\].u_prompt	ot_sram_1r1w_512x128_m4_r2c2	rr_addr[0]	_10622_	0.578800	
u_cfg.g_live.g_bank\[11\].u_prompt	ot_sram_1r1w_512x128_m4_r2c2	rr_addr[1]	_10622_	0.578800	
u_cfg.g_live.g_bank\[11\].u_prompt	ot_sram_1r1w_512x128_m4_r2c2	rr_addr[2]	_10622_	0.578800	
u_cfg.g_live.g_bank\[11\].u_prompt	ot_sram_1r1w_512x128_m4_r2c2	rr_addr[3]	_10622_	0.578800	
u_cfg.g_live.g_bank\[11\].u_prompt	ot_sram_1r1w_512x128_m4_r2c2	rr_addr[4]	_10622_	0.578800	
u_cfg.g_live.g_bank\[11\].u_prompt	ot_sram_1r1w_512x128_m4_r2c2	rr_addr[5]	_10622_	0.578800	
u_cfg.g_live.g_bank\[11\].u_prompt	ot_sram_1r1w_512x128_m4_r2c2	rr_addr[6]	_10622_	0.578800	
u_cfg.g_live.g_bank\[11\].u_prompt	ot_sram_1r1w_512x128_m4_r2c2	rr_addr[7]	_10622_	0.578800	
u_cfg.g_live.g_bank\[11\].u_prompt	ot_sram_1r1w_512x128_m4_r2c2	rr_addr[8]	_10622_	0.578800	
u_cfg.g_live.g_bank\[11\].u_prompt	ot_sram_1r1w_512x128_m4_r2c2	rr_addr[9]	_10622_	0.578800	
u_cfg.g_live.g_bank\[11\].u_prompt	ot_sram_1r1w_512x128_m4_r2c2	rr_addr[10]	_10622_	0.578800	
u_cfg.g_live.g_bank\[11\].u_prompt	ot_sram_1r1w_512x128_m4_r2c2	rr_addr[11]	_10622_	0.578800	
u_cfg.g_live.g_bank\[11\].u_prompt	ot_sram_1r1w_512x128_m4_r2c2	rr_addr[12]	_10622_	0.578800	
u_cfg.g_live.g_bank\[11\].u_prompt	ot_sram_1r1w_512x128_m4_r2c2	rr_addr[13]	_10622_	0.578800	
u_cfg.g_live.g_bank\[11\].u_prompt	ot_sram_1r1w_512x128_m4_r2c2	cr_en[0]	_10622_	0.578800	
u_cfg.g_live.g_bank\[11\].u_prompt	ot_sram_1r1w_512x128_m4_r2c2	cr_en[1]	_10622_	0.578800	
u_cfg.g_live.g_bank\[11\].u_prompt	ot_sram_1r1w_512x128_m4_r2c2	cr_sel[0]	_10622_	0.578800	
u_cfg.g_live.g_bank\[11\].u_prompt	ot_sram_1r1w_512x128_m4_r2c2	cr_sel[1]	_10622_	0.578800	
u_cfg.g_live.g_bank\[11\].u_prompt	ot_sram_1r1w_512x128_m4_r2c2	cr_sel[2]	_10622_	0.578800	
u_cfg.g_live.g_bank\[11\].u_prompt	ot_sram_1r1w_512x128_m4_r2c2	cr_sel[3]	_10622_	0.578800	
u_cfg.g_live.g_bank\[11\].u_prompt	ot_sram_1r1w_512x128_m4_r2c2	cr_sel[4]	_10622_	0.578800	
u_cfg.g_live.g_bank\[11\].u_prompt	ot_sram_1r1w_512x128_m4_r2c2	cr_sel[5]	_10622_	0.578800	
u_cfg.g_live.g_bank\[11\].u_prompt	ot_sram_1r1w_512x128_m4_r2c2	cr_sel[6]	_10622_	0.578800	
u_cfg.g_live.g_bank\[11\].u_prompt	ot_sram_1r1w_512x128_m4_r2c2	cr_sel[7]	_10622_	0.578800	
u_cfg.g_live.g_bank\[11\].u_prompt	ot_sram_1r1w_512x128_m4_r2c2	cr_sel[8]	_10622_	0.578800	
u_cfg.g_live.g_bank\[11\].u_prompt	ot_sram_1r1w_512x128_m4_r2c2	cr_sel[9]	_10622_	0.578800	
u_cfg.g_live.g_bank\[11\].u_prompt	ot_sram_1r1w_512x128_m4_r2c2	cr_sel[10]	_10622_	0.578800	
u_cfg.g_live.g_bank\[11\].u_prompt	ot_sram_1r1w_512x128_m4_r2c2	cr_sel[11]	_10622_	0.578800	
u_cfg.g_live.g_bank\[11\].u_prompt	ot_sram_1r1w_512x128_m4_r2c2	cr_sel[12]	_10622_	0.578800	
u_cfg.g_live.g_bank\[11\].u_prompt	ot_sram_1r1w_512x128_m4_r2c2	cr_sel[13]	_10622_	0.578800	
u_cfg.g_live.g_bank\[12\].u_prompt	ot_sram_1r1w_512x128_m4_r2c2	clk	clk	8.683800	
u_cfg.g_live.g_bank\[12\].u_prompt	ot_sram_1r1w_512x128_m4_r2c2	r_ce_in	_02045_	0.578800	
u_cfg.g_live.g_bank\[12\].u_prompt	ot_sram_1r1w_512x128_m4_r2c2	r_addr_in[0]	u_cfg.g_live.read_index\[1\]	0.578800	
u_cfg.g_live.g_bank\[12\].u_prompt	ot_sram_1r1w_512x128_m4_r2c2	r_addr_in[1]	u_cfg.g_live.read_index\[2\]	0.578800	
u_cfg.g_live.g_bank\[12\].u_prompt	ot_sram_1r1w_512x128_m4_r2c2	r_addr_in[2]	u_cfg.g_live.read_index\[3\]	0.578800	
u_cfg.g_live.g_bank\[12\].u_prompt	ot_sram_1r1w_512x128_m4_r2c2	r_addr_in[3]	u_cfg.g_live.read_index\[4\]	0.578800	
u_cfg.g_live.g_bank\[12\].u_prompt	ot_sram_1r1w_512x128_m4_r2c2	r_addr_in[4]	u_cfg.g_live.read_index\[5\]	0.578800	
u_cfg.g_live.g_bank\[12\].u_prompt	ot_sram_1r1w_512x128_m4_r2c2	r_addr_in[5]	u_cfg.g_live.read_index\[6\]	0.578800	
u_cfg.g_live.g_bank\[12\].u_prompt	ot_sram_1r1w_512x128_m4_r2c2	r_addr_in[6]	u_cfg.g_live.read_index\[7\]	0.578800	
u_cfg.g_live.g_bank\[12\].u_prompt	ot_sram_1r1w_512x128_m4_r2c2	r_addr_in[7]	u_cfg.g_live.read_index\[8\]	0.578800	
u_cfg.g_live.g_bank\[12\].u_prompt	ot_sram_1r1w_512x128_m4_r2c2	r_addr_in[8]	u_cfg.g_live.read_index\[9\]	0.578800	
u_cfg.g_live.g_bank\[12\].u_prompt	ot_sram_1r1w_512x128_m4_r2c2	rd_out[0]	u_cfg.g_live.bank_q\[128\]	0.489888	{_14549_ B 0.489888}
u_cfg.g_live.g_bank\[12\].u_prompt	ot_sram_1r1w_512x128_m4_r2c2	rd_out[1]	u_cfg.g_live.bank_q\[129\]	0.489888	{_14421_ B 0.489888}
u_cfg.g_live.g_bank\[12\].u_prompt	ot_sram_1r1w_512x128_m4_r2c2	rd_out[2]	u_cfg.g_live.bank_q\[130\]	0.489888	{_14702_ B 0.489888}
u_cfg.g_live.g_bank\[12\].u_prompt	ot_sram_1r1w_512x128_m4_r2c2	rd_out[3]	u_cfg.g_live.bank_q\[131\]	0.489888	{_14450_ B 0.489888}
u_cfg.g_live.g_bank\[12\].u_prompt	ot_sram_1r1w_512x128_m4_r2c2	rd_out[4]	u_cfg.g_live.bank_q\[132\]	0.489888	{_14537_ B 0.489888}
u_cfg.g_live.g_bank\[12\].u_prompt	ot_sram_1r1w_512x128_m4_r2c2	rd_out[5]	u_cfg.g_live.bank_q\[133\]	0.489888	{_14680_ B 0.489888}
u_cfg.g_live.g_bank\[12\].u_prompt	ot_sram_1r1w_512x128_m4_r2c2	rd_out[6]	u_cfg.g_live.bank_q\[134\]	0.489888	{_14621_ B 0.489888}
u_cfg.g_live.g_bank\[12\].u_prompt	ot_sram_1r1w_512x128_m4_r2c2	rd_out[7]	u_cfg.g_live.bank_q\[135\]	0.874367	{_15081_ A2 0.874367}
u_cfg.g_live.g_bank\[12\].u_prompt	ot_sram_1r1w_512x128_m4_r2c2	rd_out[8]	u_cfg.g_live.bank_q\[136\]	0.874367	{_14932_ A2 0.874367}
u_cfg.g_live.g_bank\[12\].u_prompt	ot_sram_1r1w_512x128_m4_r2c2	rd_out[9]	u_cfg.g_live.bank_q\[137\]	0.489888	{_15005_ B 0.489888}
u_cfg.g_live.g_bank\[12\].u_prompt	ot_sram_1r1w_512x128_m4_r2c2	rd_out[10]	u_cfg.g_live.bank_q\[138\]	0.489888	{_14867_ B 0.489888}
u_cfg.g_live.g_bank\[12\].u_prompt	ot_sram_1r1w_512x128_m4_r2c2	rd_out[11]	u_cfg.g_live.bank_q\[139\]	0.489888	{_13990_ B 0.489888}
u_cfg.g_live.g_bank\[12\].u_prompt	ot_sram_1r1w_512x128_m4_r2c2	rd_out[12]	u_cfg.g_live.bank_q\[140\]	0.489888	{_13863_ B 0.489888}
u_cfg.g_live.g_bank\[12\].u_prompt	ot_sram_1r1w_512x128_m4_r2c2	rd_out[13]	u_cfg.g_live.bank_q\[141\]	0.489888	{_13818_ B 0.489888}
u_cfg.g_live.g_bank\[12\].u_prompt	ot_sram_1r1w_512x128_m4_r2c2	rd_out[14]	u_cfg.g_live.bank_q\[142\]	0.489888	{_14046_ B 0.489888}
u_cfg.g_live.g_bank\[12\].u_prompt	ot_sram_1r1w_512x128_m4_r2c2	rd_out[15]	u_cfg.g_live.bank_q\[143\]	0.489888	{_13876_ B 0.489888}
u_cfg.g_live.g_bank\[12\].u_prompt	ot_sram_1r1w_512x128_m4_r2c2	rd_out[16]	u_cfg.g_live.bank_q\[144\]	0.489888	{_12838_ B 0.489888}
u_cfg.g_live.g_bank\[12\].u_prompt	ot_sram_1r1w_512x128_m4_r2c2	rd_out[17]	u_cfg.g_live.bank_q\[145\]	0.489888	{_12761_ B 0.489888}
u_cfg.g_live.g_bank\[12\].u_prompt	ot_sram_1r1w_512x128_m4_r2c2	rd_out[18]	u_cfg.g_live.bank_q\[146\]	0.924352	{_12681_ B 0.924352}
u_cfg.g_live.g_bank\[12\].u_prompt	ot_sram_1r1w_512x128_m4_r2c2	rd_out[19]	u_cfg.g_live.bank_q\[147\]	0.874367	{_12862_ A2 0.874367}
u_cfg.g_live.g_bank\[12\].u_prompt	ot_sram_1r1w_512x128_m4_r2c2	rd_out[20]	u_cfg.g_live.bank_q\[148\]	0.924352	{_12145_ B 0.924352}
u_cfg.g_live.g_bank\[12\].u_prompt	ot_sram_1r1w_512x128_m4_r2c2	rd_out[21]	u_cfg.g_live.bank_q\[149\]	1.348679	{_15743_ B 0.489888} {_12372_ B 0.858791}
u_cfg.g_live.g_bank\[12\].u_prompt	ot_sram_1r1w_512x128_m4_r2c2	rd_out[22]	u_cfg.g_live.bank_q\[150\]	1.825729	{_15856_ B 0.924352} {_12372_ A 0.901377}
u_cfg.g_live.g_bank\[12\].u_prompt	ot_sram_1r1w_512x128_m4_r2c2	rd_out[23]	u_cfg.g_live.bank_q\[151\]	0.924352	{_12416_ B 0.924352}
u_cfg.g_live.g_bank\[12\].u_prompt	ot_sram_1r1w_512x128_m4_r2c2	rd_out[24]	u_cfg.g_live.bank_q\[152\]	0.489888	{_12645_ B 0.489888}
u_cfg.g_live.g_bank\[12\].u_prompt	ot_sram_1r1w_512x128_m4_r2c2	rd_out[25]	u_cfg.g_live.bank_q\[153\]	0.924352	{_12551_ B 0.924352}
u_cfg.g_live.g_bank\[12\].u_prompt	ot_sram_1r1w_512x128_m4_r2c2	rd_out[26]	u_cfg.g_live.bank_q\[154\]	0.489888	{_15669_ B 0.489888}
u_cfg.g_live.g_bank\[12\].u_prompt	ot_sram_1r1w_512x128_m4_r2c2	rd_out[27]	u_cfg.g_live.bank_q\[155\]	0.924352	{_15450_ B 0.924352}
u_cfg.g_live.g_bank\[12\].u_prompt	ot_sram_1r1w_512x128_m4_r2c2	rd_out[28]	u_cfg.g_live.bank_q\[156\]	0.489888	{_15542_ B 0.489888}
u_cfg.g_live.g_bank\[12\].u_prompt	ot_sram_1r1w_512x128_m4_r2c2	rd_out[29]	u_cfg.g_live.bank_q\[157\]	0.489888	{_15344_ B 0.489888}
u_cfg.g_live.g_bank\[12\].u_prompt	ot_sram_1r1w_512x128_m4_r2c2	rd_out[30]	u_cfg.g_live.bank_q\[158\]	0.874367	{_15592_ A2 0.874367}
u_cfg.g_live.g_bank\[12\].u_prompt	ot_sram_1r1w_512x128_m4_r2c2	rd_out[31]	u_cfg.g_live.bank_q\[159\]	0.489888	{_15674_ B 0.489888}
u_cfg.g_live.g_bank\[12\].u_prompt	ot_sram_1r1w_512x128_m4_r2c2	rd_out[32]	u_cfg.g_live.bank_q\[160\]	0.489888	{_15168_ B 0.489888}
u_cfg.g_live.g_bank\[12\].u_prompt	ot_sram_1r1w_512x128_m4_r2c2	rd_out[33]	u_cfg.g_live.bank_q\[161\]	0.489888	{_14192_ B 0.489888}
u_cfg.g_live.g_bank\[12\].u_prompt	ot_sram_1r1w_512x128_m4_r2c2	rd_out[34]	u_cfg.g_live.bank_q\[162\]	0.489888	{_14248_ B 0.489888}
u_cfg.g_live.g_bank\[12\].u_prompt	ot_sram_1r1w_512x128_m4_r2c2	rd_out[35]	u_cfg.g_live.bank_q\[163\]	0.489888	{_14187_ B 0.489888}
u_cfg.g_live.g_bank\[12\].u_prompt	ot_sram_1r1w_512x128_m4_r2c2	rd_out[36]	u_cfg.g_live.bank_q\[164\]	0.489888	{_14301_ B 0.489888}
u_cfg.g_live.g_bank\[12\].u_prompt	ot_sram_1r1w_512x128_m4_r2c2	rd_out[37]	u_cfg.g_live.bank_q\[165\]	0.874367	{_15292_ A2 0.874367}
u_cfg.g_live.g_bank\[12\].u_prompt	ot_sram_1r1w_512x128_m4_r2c2	rd_out[38]	u_cfg.g_live.bank_q\[166\]	0.489888	{_15394_ B 0.489888}
u_cfg.g_live.g_bank\[12\].u_prompt	ot_sram_1r1w_512x128_m4_r2c2	rd_out[39]	u_cfg.g_live.bank_q\[167\]	0.489888	{_15196_ B 0.489888}
u_cfg.g_live.g_bank\[12\].u_prompt	ot_sram_1r1w_512x128_m4_r2c2	rd_out[40]	u_cfg.g_live.bank_q\[168\]	0.489888	{_15246_ B 0.489888}
u_cfg.g_live.g_bank\[12\].u_prompt	ot_sram_1r1w_512x128_m4_r2c2	rd_out[41]	u_cfg.g_live.bank_q\[169\]	0.489888	{_13560_ B 0.489888}
u_cfg.g_live.g_bank\[12\].u_prompt	ot_sram_1r1w_512x128_m4_r2c2	rd_out[42]	u_cfg.g_live.bank_q\[170\]	0.874367	{_13697_ A2 0.874367}
u_cfg.g_live.g_bank\[12\].u_prompt	ot_sram_1r1w_512x128_m4_r2c2	rd_out[43]	u_cfg.g_live.bank_q\[171\]	0.874367	{_13743_ A2 0.874367}
u_cfg.g_live.g_bank\[12\].u_prompt	ot_sram_1r1w_512x128_m4_r2c2	rd_out[44]	u_cfg.g_live.bank_q\[172\]	0.489888	{_13597_ B 0.489888}
u_cfg.g_live.g_bank\[12\].u_prompt	ot_sram_1r1w_512x128_m4_r2c2	rd_out[45]	u_cfg.g_live.bank_q\[173\]	0.924352	{_13948_ B 0.924352}
u_cfg.g_live.g_bank\[12\].u_prompt	ot_sram_1r1w_512x128_m4_r2c2	rd_out[46]	u_cfg.g_live.bank_q\[174\]	0.489888	{_13536_ B 0.489888}
u_cfg.g_live.g_bank\[12\].u_prompt	ot_sram_1r1w_512x128_m4_r2c2	rd_out[47]	u_cfg.g_live.bank_q\[175\]	0.489888	{_13635_ B 0.489888}
u_cfg.g_live.g_bank\[12\].u_prompt	ot_sram_1r1w_512x128_m4_r2c2	rd_out[48]	u_cfg.g_live.bank_q\[176\]	0.924352	{_13125_ B 0.924352}
u_cfg.g_live.g_bank\[12\].u_prompt	ot_sram_1r1w_512x128_m4_r2c2	rd_out[49]	u_cfg.g_live.bank_q\[177\]	0.489888	{_13167_ B 0.489888}
u_cfg.g_live.g_bank\[12\].u_prompt	ot_sram_1r1w_512x128_m4_r2c2	rd_out[50]	u_cfg.g_live.bank_q\[178\]	0.489888	{_13382_ B 0.489888}
u_cfg.g_live.g_bank\[12\].u_prompt	ot_sram_1r1w_512x128_m4_r2c2	rd_out[51]	u_cfg.g_live.bank_q\[179\]	0.489888	{_13437_ B 0.489888}
u_cfg.g_live.g_bank\[12\].u_prompt	ot_sram_1r1w_512x128_m4_r2c2	rd_out[52]	u_cfg.g_live.bank_q\[180\]	0.489888	{_12970_ B 0.489888}
u_cfg.g_live.g_bank\[12\].u_prompt	ot_sram_1r1w_512x128_m4_r2c2	rd_out[53]	u_cfg.g_live.bank_q\[181\]	0.924352	{_13240_ B 0.924352}
u_cfg.g_live.g_bank\[12\].u_prompt	ot_sram_1r1w_512x128_m4_r2c2	rd_out[54]	u_cfg.g_live.bank_q\[182\]	0.489888	{_13255_ B 0.489888}
u_cfg.g_live.g_bank\[12\].u_prompt	ot_sram_1r1w_512x128_m4_r2c2	rd_out[55]	u_cfg.g_live.bank_q\[183\]	0.489888	{_13313_ B 0.489888}
u_cfg.g_live.g_bank\[12\].u_prompt	ot_sram_1r1w_512x128_m4_r2c2	rd_out[56]	u_cfg.g_live.bank_q\[184\]	0.489888	{_13097_ B 0.489888}
u_cfg.g_live.g_bank\[12\].u_prompt	ot_sram_1r1w_512x128_m4_r2c2	rd_out[57]	u_cfg.g_live.bank_q\[185\]	0.489888	{_14399_ B 0.489888}
u_cfg.g_live.g_bank\[12\].u_prompt	ot_sram_1r1w_512x128_m4_r2c2	rd_out[58]	u_cfg.g_live.bank_q\[186\]	0.924352	{_14841_ B 0.924352}
u_cfg.g_live.g_bank\[12\].u_prompt	ot_sram_1r1w_512x128_m4_r2c2	rd_out[59]	u_cfg.g_live.bank_q\[187\]	0.489888	{_15032_ B 0.489888}
u_cfg.g_live.g_bank\[12\].u_prompt	ot_sram_1r1w_512x128_m4_r2c2	rd_out[60]	u_cfg.g_live.bank_q\[188\]	0.924352	{_14080_ B 0.924352}
u_cfg.g_live.g_bank\[12\].u_prompt	ot_sram_1r1w_512x128_m4_r2c2	rd_out[61]	u_cfg.g_live.bank_q\[189\]	0.924352	{_12942_ B 0.924352}
u_cfg.g_live.g_bank\[12\].u_prompt	ot_sram_1r1w_512x128_m4_r2c2	rd_out[62]	u_cfg.g_live.bank_q\[190\]	0.489888	{_15499_ B 0.489888}
u_cfg.g_live.g_bank\[12\].u_prompt	ot_sram_1r1w_512x128_m4_r2c2	rd_out[63]	u_cfg.g_live.bank_q\[191\]	0.924352	{_14784_ B 0.924352}
u_cfg.g_live.g_bank\[12\].u_prompt	ot_sram_1r1w_512x128_m4_r2c2	rd_out[64]	u_cfg.g_live.bank_q\[192\]	0.489888	{_14552_ B 0.489888}
u_cfg.g_live.g_bank\[12\].u_prompt	ot_sram_1r1w_512x128_m4_r2c2	rd_out[65]	u_cfg.g_live.bank_q\[193\]	0.489888	{_14424_ B 0.489888}
u_cfg.g_live.g_bank\[12\].u_prompt	ot_sram_1r1w_512x128_m4_r2c2	rd_out[66]	u_cfg.g_live.bank_q\[194\]	0.489888	{_14705_ B 0.489888}
u_cfg.g_live.g_bank\[12\].u_prompt	ot_sram_1r1w_512x128_m4_r2c2	rd_out[67]	u_cfg.g_live.bank_q\[195\]	0.489888	{_14453_ B 0.489888}
u_cfg.g_live.g_bank\[12\].u_prompt	ot_sram_1r1w_512x128_m4_r2c2	rd_out[68]	u_cfg.g_live.bank_q\[196\]	0.528014	{_14538_ A2 0.528014}
u_cfg.g_live.g_bank\[12\].u_prompt	ot_sram_1r1w_512x128_m4_r2c2	rd_out[69]	u_cfg.g_live.bank_q\[197\]	0.528014	{_14681_ A2 0.528014}
u_cfg.g_live.g_bank\[12\].u_prompt	ot_sram_1r1w_512x128_m4_r2c2	rd_out[70]	u_cfg.g_live.bank_q\[198\]	0.924352	{_14612_ B 0.924352}
u_cfg.g_live.g_bank\[12\].u_prompt	ot_sram_1r1w_512x128_m4_r2c2	rd_out[71]	u_cfg.g_live.bank_q\[199\]	0.924352	{_15077_ B 0.924352}
u_cfg.g_live.g_bank\[12\].u_prompt	ot_sram_1r1w_512x128_m4_r2c2	rd_out[72]	u_cfg.g_live.bank_q\[200\]	0.924352	{_14928_ B 0.924352}
u_cfg.g_live.g_bank\[12\].u_prompt	ot_sram_1r1w_512x128_m4_r2c2	rd_out[73]	u_cfg.g_live.bank_q\[201\]	0.528014	{_15006_ A2 0.528014}
u_cfg.g_live.g_bank\[12\].u_prompt	ot_sram_1r1w_512x128_m4_r2c2	rd_out[74]	u_cfg.g_live.bank_q\[202\]	0.489888	{_14882_ B 0.489888}
u_cfg.g_live.g_bank\[12\].u_prompt	ot_sram_1r1w_512x128_m4_r2c2	rd_out[75]	u_cfg.g_live.bank_q\[203\]	0.528014	{_13991_ A2 0.528014}
u_cfg.g_live.g_bank\[12\].u_prompt	ot_sram_1r1w_512x128_m4_r2c2	rd_out[76]	u_cfg.g_live.bank_q\[204\]	0.528014	{_13864_ A2 0.528014}
u_cfg.g_live.g_bank\[12\].u_prompt	ot_sram_1r1w_512x128_m4_r2c2	rd_out[77]	u_cfg.g_live.bank_q\[205\]	0.528014	{_13819_ A2 0.528014}
u_cfg.g_live.g_bank\[12\].u_prompt	ot_sram_1r1w_512x128_m4_r2c2	rd_out[78]	u_cfg.g_live.bank_q\[206\]	0.528014	{_14047_ A2 0.528014}
u_cfg.g_live.g_bank\[12\].u_prompt	ot_sram_1r1w_512x128_m4_r2c2	rd_out[79]	u_cfg.g_live.bank_q\[207\]	0.528014	{_13877_ A2 0.528014}
u_cfg.g_live.g_bank\[12\].u_prompt	ot_sram_1r1w_512x128_m4_r2c2	rd_out[80]	u_cfg.g_live.bank_q\[208\]	0.528014	{_12839_ A2 0.528014}
u_cfg.g_live.g_bank\[12\].u_prompt	ot_sram_1r1w_512x128_m4_r2c2	rd_out[81]	u_cfg.g_live.bank_q\[209\]	0.924352	{_12746_ B 0.924352}
u_cfg.g_live.g_bank\[12\].u_prompt	ot_sram_1r1w_512x128_m4_r2c2	rd_out[82]	u_cfg.g_live.bank_q\[210\]	0.578766	{_12680_ A 0.578766}
u_cfg.g_live.g_bank\[12\].u_prompt	ot_sram_1r1w_512x128_m4_r2c2	rd_out[83]	u_cfg.g_live.bank_q\[211\]	0.924352	{_12858_ B 0.924352}
u_cfg.g_live.g_bank\[12\].u_prompt	ot_sram_1r1w_512x128_m4_r2c2	rd_out[84]	u_cfg.g_live.bank_q\[212\]	0.578766	{_12141_ A 0.578766}
u_cfg.g_live.g_bank\[12\].u_prompt	ot_sram_1r1w_512x128_m4_r2c2	rd_out[85]	u_cfg.g_live.bank_q\[213\]	1.42917	{_15744_ A2 0.528014} {_12371_ B 0.901156}
u_cfg.g_live.g_bank\[12\].u_prompt	ot_sram_1r1w_512x128_m4_r2c2	rd_out[86]	u_cfg.g_live.bank_q\[214\]	1.362273	{_15855_ A 0.578766} {_12371_ A 0.783507}
u_cfg.g_live.g_bank\[12\].u_prompt	ot_sram_1r1w_512x128_m4_r2c2	rd_out[87]	u_cfg.g_live.bank_q\[215\]	0.578766	{_12415_ A 0.578766}
u_cfg.g_live.g_bank\[12\].u_prompt	ot_sram_1r1w_512x128_m4_r2c2	rd_out[88]	u_cfg.g_live.bank_q\[216\]	0.528014	{_12646_ A2 0.528014}
u_cfg.g_live.g_bank\[12\].u_prompt	ot_sram_1r1w_512x128_m4_r2c2	rd_out[89]	u_cfg.g_live.bank_q\[217\]	0.924352	{_12544_ B 0.924352}
u_cfg.g_live.g_bank\[12\].u_prompt	ot_sram_1r1w_512x128_m4_r2c2	rd_out[90]	u_cfg.g_live.bank_q\[218\]	0.489888	{_15634_ B 0.489888}
u_cfg.g_live.g_bank\[12\].u_prompt	ot_sram_1r1w_512x128_m4_r2c2	rd_out[91]	u_cfg.g_live.bank_q\[219\]	0.578766	{_15449_ A 0.578766}
u_cfg.g_live.g_bank\[12\].u_prompt	ot_sram_1r1w_512x128_m4_r2c2	rd_out[92]	u_cfg.g_live.bank_q\[220\]	0.489888	{_15548_ B 0.489888}
u_cfg.g_live.g_bank\[12\].u_prompt	ot_sram_1r1w_512x128_m4_r2c2	rd_out[93]	u_cfg.g_live.bank_q\[221\]	0.885352	{_15345_ A2 0.885352}
u_cfg.g_live.g_bank\[12\].u_prompt	ot_sram_1r1w_512x128_m4_r2c2	rd_out[94]	u_cfg.g_live.bank_q\[222\]	0.489888	{_15584_ B 0.489888}
u_cfg.g_live.g_bank\[12\].u_prompt	ot_sram_1r1w_512x128_m4_r2c2	rd_out[95]	u_cfg.g_live.bank_q\[223\]	0.489888	{_15677_ B 0.489888}
u_cfg.g_live.g_bank\[12\].u_prompt	ot_sram_1r1w_512x128_m4_r2c2	rd_out[96]	u_cfg.g_live.bank_q\[224\]	0.489888	{_15175_ B 0.489888}
u_cfg.g_live.g_bank\[12\].u_prompt	ot_sram_1r1w_512x128_m4_r2c2	rd_out[97]	u_cfg.g_live.bank_q\[225\]	0.528014	{_14193_ A2 0.528014}
u_cfg.g_live.g_bank\[12\].u_prompt	ot_sram_1r1w_512x128_m4_r2c2	rd_out[98]	u_cfg.g_live.bank_q\[226\]	0.885352	{_14249_ A2 0.885352}
u_cfg.g_live.g_bank\[12\].u_prompt	ot_sram_1r1w_512x128_m4_r2c2	rd_out[99]	u_cfg.g_live.bank_q\[227\]	0.528014	{_14188_ A2 0.528014}
u_cfg.g_live.g_bank\[12\].u_prompt	ot_sram_1r1w_512x128_m4_r2c2	rd_out[100]	u_cfg.g_live.bank_q\[228\]	0.528014	{_14302_ A2 0.528014}
u_cfg.g_live.g_bank\[12\].u_prompt	ot_sram_1r1w_512x128_m4_r2c2	rd_out[101]	u_cfg.g_live.bank_q\[229\]	0.924352	{_15288_ B 0.924352}
u_cfg.g_live.g_bank\[12\].u_prompt	ot_sram_1r1w_512x128_m4_r2c2	rd_out[102]	u_cfg.g_live.bank_q\[230\]	0.885352	{_15395_ A2 0.885352}
u_cfg.g_live.g_bank\[12\].u_prompt	ot_sram_1r1w_512x128_m4_r2c2	rd_out[103]	u_cfg.g_live.bank_q\[231\]	0.885352	{_15197_ A2 0.885352}
u_cfg.g_live.g_bank\[12\].u_prompt	ot_sram_1r1w_512x128_m4_r2c2	rd_out[104]	u_cfg.g_live.bank_q\[232\]	0.528014	{_15247_ A2 0.528014}
u_cfg.g_live.g_bank\[12\].u_prompt	ot_sram_1r1w_512x128_m4_r2c2	rd_out[105]	u_cfg.g_live.bank_q\[233\]	0.489888	{_13557_ B 0.489888}
u_cfg.g_live.g_bank\[12\].u_prompt	ot_sram_1r1w_512x128_m4_r2c2	rd_out[106]	u_cfg.g_live.bank_q\[234\]	0.489888	{_13689_ B 0.489888}
u_cfg.g_live.g_bank\[12\].u_prompt	ot_sram_1r1w_512x128_m4_r2c2	rd_out[107]	u_cfg.g_live.bank_q\[235\]	0.489888	{_13735_ B 0.489888}
u_cfg.g_live.g_bank\[12\].u_prompt	ot_sram_1r1w_512x128_m4_r2c2	rd_out[108]	u_cfg.g_live.bank_q\[236\]	0.885352	{_13598_ A2 0.885352}
u_cfg.g_live.g_bank\[12\].u_prompt	ot_sram_1r1w_512x128_m4_r2c2	rd_out[109]	u_cfg.g_live.bank_q\[237\]	0.578766	{_13947_ A 0.578766}
u_cfg.g_live.g_bank\[12\].u_prompt	ot_sram_1r1w_512x128_m4_r2c2	rd_out[110]	u_cfg.g_live.bank_q\[238\]	0.489888	{_13533_ B 0.489888}
u_cfg.g_live.g_bank\[12\].u_prompt	ot_sram_1r1w_512x128_m4_r2c2	rd_out[111]	u_cfg.g_live.bank_q\[239\]	0.489888	{_13632_ B 0.489888}
u_cfg.g_live.g_bank\[12\].u_prompt	ot_sram_1r1w_512x128_m4_r2c2	rd_out[112]	u_cfg.g_live.bank_q\[240\]	0.578766	{_13124_ A 0.578766}
u_cfg.g_live.g_bank\[12\].u_prompt	ot_sram_1r1w_512x128_m4_r2c2	rd_out[113]	u_cfg.g_live.bank_q\[241\]	0.528014	{_13168_ A2 0.528014}
u_cfg.g_live.g_bank\[12\].u_prompt	ot_sram_1r1w_512x128_m4_r2c2	rd_out[114]	u_cfg.g_live.bank_q\[242\]	0.924352	{_13371_ B 0.924352}
u_cfg.g_live.g_bank\[12\].u_prompt	ot_sram_1r1w_512x128_m4_r2c2	rd_out[115]	u_cfg.g_live.bank_q\[243\]	0.924352	{_13428_ B 0.924352}
u_cfg.g_live.g_bank\[12\].u_prompt	ot_sram_1r1w_512x128_m4_r2c2	rd_out[116]	u_cfg.g_live.bank_q\[244\]	0.885352	{_12971_ A2 0.885352}
u_cfg.g_live.g_bank\[12\].u_prompt	ot_sram_1r1w_512x128_m4_r2c2	rd_out[117]	u_cfg.g_live.bank_q\[245\]	0.924352	{_13237_ B 0.924352}
u_cfg.g_live.g_bank\[12\].u_prompt	ot_sram_1r1w_512x128_m4_r2c2	rd_out[118]	u_cfg.g_live.bank_q\[246\]	0.528014	{_13256_ A2 0.528014}
u_cfg.g_live.g_bank\[12\].u_prompt	ot_sram_1r1w_512x128_m4_r2c2	rd_out[119]	u_cfg.g_live.bank_q\[247\]	0.528014	{_13314_ A2 0.528014}
u_cfg.g_live.g_bank\[12\].u_prompt	ot_sram_1r1w_512x128_m4_r2c2	rd_out[120]	u_cfg.g_live.bank_q\[248\]	0.489888	{_13101_ B 0.489888}
u_cfg.g_live.g_bank\[12\].u_prompt	ot_sram_1r1w_512x128_m4_r2c2	rd_out[121]	u_cfg.g_live.bank_q\[249\]	0.489888	{_14402_ B 0.489888}
u_cfg.g_live.g_bank\[12\].u_prompt	ot_sram_1r1w_512x128_m4_r2c2	rd_out[122]	u_cfg.g_live.bank_q\[250\]	0.578766	{_14840_ A 0.578766}
u_cfg.g_live.g_bank\[12\].u_prompt	ot_sram_1r1w_512x128_m4_r2c2	rd_out[123]	u_cfg.g_live.bank_q\[251\]	0.885352	{_15033_ A2 0.885352}
u_cfg.g_live.g_bank\[12\].u_prompt	ot_sram_1r1w_512x128_m4_r2c2	rd_out[124]	u_cfg.g_live.bank_q\[252\]	0.578766	{_14079_ A 0.578766}
u_cfg.g_live.g_bank\[12\].u_prompt	ot_sram_1r1w_512x128_m4_r2c2	rd_out[125]	u_cfg.g_live.bank_q\[253\]	0.578766	{_12941_ A 0.578766}
u_cfg.g_live.g_bank\[12\].u_prompt	ot_sram_1r1w_512x128_m4_r2c2	rd_out[126]	u_cfg.g_live.bank_q\[254\]	0.885352	{_15500_ A2 0.885352}
u_cfg.g_live.g_bank\[12\].u_prompt	ot_sram_1r1w_512x128_m4_r2c2	rd_out[127]	u_cfg.g_live.bank_q\[255\]	0.578766	{_14783_ A 0.578766}
u_cfg.g_live.g_bank\[12\].u_prompt	ot_sram_1r1w_512x128_m4_r2c2	w_ce_in	_02046_	0.578800	
u_cfg.g_live.g_bank\[12\].u_prompt	ot_sram_1r1w_512x128_m4_r2c2	w_addr_in[0]	_01885_	0.578800	
u_cfg.g_live.g_bank\[12\].u_prompt	ot_sram_1r1w_512x128_m4_r2c2	w_addr_in[1]	_01886_	0.578800	
u_cfg.g_live.g_bank\[12\].u_prompt	ot_sram_1r1w_512x128_m4_r2c2	w_addr_in[2]	_01887_	0.578800	
u_cfg.g_live.g_bank\[12\].u_prompt	ot_sram_1r1w_512x128_m4_r2c2	w_addr_in[3]	_01888_	0.578800	
u_cfg.g_live.g_bank\[12\].u_prompt	ot_sram_1r1w_512x128_m4_r2c2	w_addr_in[4]	_01889_	0.578800	
u_cfg.g_live.g_bank\[12\].u_prompt	ot_sram_1r1w_512x128_m4_r2c2	w_addr_in[5]	_01890_	0.578800	
u_cfg.g_live.g_bank\[12\].u_prompt	ot_sram_1r1w_512x128_m4_r2c2	w_addr_in[6]	_01891_	0.578800	
u_cfg.g_live.g_bank\[12\].u_prompt	ot_sram_1r1w_512x128_m4_r2c2	w_addr_in[7]	_01892_	0.578800	
u_cfg.g_live.g_bank\[12\].u_prompt	ot_sram_1r1w_512x128_m4_r2c2	w_addr_in[8]	_01893_	0.578800	
u_cfg.g_live.g_bank\[12\].u_prompt	ot_sram_1r1w_512x128_m4_r2c2	wd_in[0]	_01894_	0.578800	
u_cfg.g_live.g_bank\[12\].u_prompt	ot_sram_1r1w_512x128_m4_r2c2	wd_in[1]	_01933_	0.578800	
u_cfg.g_live.g_bank\[12\].u_prompt	ot_sram_1r1w_512x128_m4_r2c2	wd_in[2]	_01943_	0.578800	
u_cfg.g_live.g_bank\[12\].u_prompt	ot_sram_1r1w_512x128_m4_r2c2	wd_in[3]	_01954_	0.578800	
u_cfg.g_live.g_bank\[12\].u_prompt	ot_sram_1r1w_512x128_m4_r2c2	wd_in[4]	_01965_	0.578800	
u_cfg.g_live.g_bank\[12\].u_prompt	ot_sram_1r1w_512x128_m4_r2c2	wd_in[5]	_01976_	0.578800	
u_cfg.g_live.g_bank\[12\].u_prompt	ot_sram_1r1w_512x128_m4_r2c2	wd_in[6]	_01987_	0.578800	
u_cfg.g_live.g_bank\[12\].u_prompt	ot_sram_1r1w_512x128_m4_r2c2	wd_in[7]	_01998_	0.578800	
u_cfg.g_live.g_bank\[12\].u_prompt	ot_sram_1r1w_512x128_m4_r2c2	wd_in[8]	_02009_	0.578800	
u_cfg.g_live.g_bank\[12\].u_prompt	ot_sram_1r1w_512x128_m4_r2c2	wd_in[9]	_02020_	0.578800	
u_cfg.g_live.g_bank\[12\].u_prompt	ot_sram_1r1w_512x128_m4_r2c2	wd_in[10]	_01905_	0.578800	
u_cfg.g_live.g_bank\[12\].u_prompt	ot_sram_1r1w_512x128_m4_r2c2	wd_in[11]	_01916_	0.578800	
u_cfg.g_live.g_bank\[12\].u_prompt	ot_sram_1r1w_512x128_m4_r2c2	wd_in[12]	_01925_	0.578800	
u_cfg.g_live.g_bank\[12\].u_prompt	ot_sram_1r1w_512x128_m4_r2c2	wd_in[13]	_01926_	0.578800	
u_cfg.g_live.g_bank\[12\].u_prompt	ot_sram_1r1w_512x128_m4_r2c2	wd_in[14]	_01927_	0.578800	
u_cfg.g_live.g_bank\[12\].u_prompt	ot_sram_1r1w_512x128_m4_r2c2	wd_in[15]	_01928_	0.578800	
u_cfg.g_live.g_bank\[12\].u_prompt	ot_sram_1r1w_512x128_m4_r2c2	wd_in[16]	_01929_	0.578800	
u_cfg.g_live.g_bank\[12\].u_prompt	ot_sram_1r1w_512x128_m4_r2c2	wd_in[17]	_01930_	0.578800	
u_cfg.g_live.g_bank\[12\].u_prompt	ot_sram_1r1w_512x128_m4_r2c2	wd_in[18]	_01931_	0.578800	
u_cfg.g_live.g_bank\[12\].u_prompt	ot_sram_1r1w_512x128_m4_r2c2	wd_in[19]	_01932_	0.578800	
u_cfg.g_live.g_bank\[12\].u_prompt	ot_sram_1r1w_512x128_m4_r2c2	wd_in[20]	_01934_	0.578800	
u_cfg.g_live.g_bank\[12\].u_prompt	ot_sram_1r1w_512x128_m4_r2c2	wd_in[21]	_01935_	0.578800	
u_cfg.g_live.g_bank\[12\].u_prompt	ot_sram_1r1w_512x128_m4_r2c2	wd_in[22]	_01936_	0.578800	
u_cfg.g_live.g_bank\[12\].u_prompt	ot_sram_1r1w_512x128_m4_r2c2	wd_in[23]	_01937_	0.578800	
u_cfg.g_live.g_bank\[12\].u_prompt	ot_sram_1r1w_512x128_m4_r2c2	wd_in[24]	_01938_	0.578800	
u_cfg.g_live.g_bank\[12\].u_prompt	ot_sram_1r1w_512x128_m4_r2c2	wd_in[25]	_01939_	0.578800	
u_cfg.g_live.g_bank\[12\].u_prompt	ot_sram_1r1w_512x128_m4_r2c2	wd_in[26]	_10622_	0.578800	
u_cfg.g_live.g_bank\[12\].u_prompt	ot_sram_1r1w_512x128_m4_r2c2	wd_in[27]	_01940_	0.578800	
u_cfg.g_live.g_bank\[12\].u_prompt	ot_sram_1r1w_512x128_m4_r2c2	wd_in[28]	_01941_	0.578800	
u_cfg.g_live.g_bank\[12\].u_prompt	ot_sram_1r1w_512x128_m4_r2c2	wd_in[29]	_01942_	0.578800	
u_cfg.g_live.g_bank\[12\].u_prompt	ot_sram_1r1w_512x128_m4_r2c2	wd_in[30]	_01944_	0.578800	
u_cfg.g_live.g_bank\[12\].u_prompt	ot_sram_1r1w_512x128_m4_r2c2	wd_in[31]	_01945_	0.578800	
u_cfg.g_live.g_bank\[12\].u_prompt	ot_sram_1r1w_512x128_m4_r2c2	wd_in[32]	_01946_	0.578800	
u_cfg.g_live.g_bank\[12\].u_prompt	ot_sram_1r1w_512x128_m4_r2c2	wd_in[33]	_01947_	0.578800	
u_cfg.g_live.g_bank\[12\].u_prompt	ot_sram_1r1w_512x128_m4_r2c2	wd_in[34]	_01948_	0.578800	
u_cfg.g_live.g_bank\[12\].u_prompt	ot_sram_1r1w_512x128_m4_r2c2	wd_in[35]	_01949_	0.578800	
u_cfg.g_live.g_bank\[12\].u_prompt	ot_sram_1r1w_512x128_m4_r2c2	wd_in[36]	_01950_	0.578800	
u_cfg.g_live.g_bank\[12\].u_prompt	ot_sram_1r1w_512x128_m4_r2c2	wd_in[37]	_01951_	0.578800	
u_cfg.g_live.g_bank\[12\].u_prompt	ot_sram_1r1w_512x128_m4_r2c2	wd_in[38]	_01952_	0.578800	
u_cfg.g_live.g_bank\[12\].u_prompt	ot_sram_1r1w_512x128_m4_r2c2	wd_in[39]	_01953_	0.578800	
u_cfg.g_live.g_bank\[12\].u_prompt	ot_sram_1r1w_512x128_m4_r2c2	wd_in[40]	_01955_	0.578800	
u_cfg.g_live.g_bank\[12\].u_prompt	ot_sram_1r1w_512x128_m4_r2c2	wd_in[41]	_01956_	0.578800	
u_cfg.g_live.g_bank\[12\].u_prompt	ot_sram_1r1w_512x128_m4_r2c2	wd_in[42]	_01957_	0.578800	
u_cfg.g_live.g_bank\[12\].u_prompt	ot_sram_1r1w_512x128_m4_r2c2	wd_in[43]	_01958_	0.578800	
u_cfg.g_live.g_bank\[12\].u_prompt	ot_sram_1r1w_512x128_m4_r2c2	wd_in[44]	_01959_	0.578800	
u_cfg.g_live.g_bank\[12\].u_prompt	ot_sram_1r1w_512x128_m4_r2c2	wd_in[45]	_01960_	0.578800	
u_cfg.g_live.g_bank\[12\].u_prompt	ot_sram_1r1w_512x128_m4_r2c2	wd_in[46]	_01961_	0.578800	
u_cfg.g_live.g_bank\[12\].u_prompt	ot_sram_1r1w_512x128_m4_r2c2	wd_in[47]	_01962_	0.578800	
u_cfg.g_live.g_bank\[12\].u_prompt	ot_sram_1r1w_512x128_m4_r2c2	wd_in[48]	_01963_	0.578800	
u_cfg.g_live.g_bank\[12\].u_prompt	ot_sram_1r1w_512x128_m4_r2c2	wd_in[49]	_01964_	0.578800	
u_cfg.g_live.g_bank\[12\].u_prompt	ot_sram_1r1w_512x128_m4_r2c2	wd_in[50]	_01966_	0.578800	
u_cfg.g_live.g_bank\[12\].u_prompt	ot_sram_1r1w_512x128_m4_r2c2	wd_in[51]	_01967_	0.578800	
u_cfg.g_live.g_bank\[12\].u_prompt	ot_sram_1r1w_512x128_m4_r2c2	wd_in[52]	_01968_	0.578800	
u_cfg.g_live.g_bank\[12\].u_prompt	ot_sram_1r1w_512x128_m4_r2c2	wd_in[53]	_01969_	0.578800	
u_cfg.g_live.g_bank\[12\].u_prompt	ot_sram_1r1w_512x128_m4_r2c2	wd_in[54]	_01970_	0.578800	
u_cfg.g_live.g_bank\[12\].u_prompt	ot_sram_1r1w_512x128_m4_r2c2	wd_in[55]	_01971_	0.578800	
u_cfg.g_live.g_bank\[12\].u_prompt	ot_sram_1r1w_512x128_m4_r2c2	wd_in[56]	_01972_	0.578800	
u_cfg.g_live.g_bank\[12\].u_prompt	ot_sram_1r1w_512x128_m4_r2c2	wd_in[57]	_01973_	0.578800	
u_cfg.g_live.g_bank\[12\].u_prompt	ot_sram_1r1w_512x128_m4_r2c2	wd_in[58]	_01974_	0.578800	
u_cfg.g_live.g_bank\[12\].u_prompt	ot_sram_1r1w_512x128_m4_r2c2	wd_in[59]	_01975_	0.578800	
u_cfg.g_live.g_bank\[12\].u_prompt	ot_sram_1r1w_512x128_m4_r2c2	wd_in[60]	_01977_	0.578800	
u_cfg.g_live.g_bank\[12\].u_prompt	ot_sram_1r1w_512x128_m4_r2c2	wd_in[61]	_01978_	0.578800	
u_cfg.g_live.g_bank\[12\].u_prompt	ot_sram_1r1w_512x128_m4_r2c2	wd_in[62]	_01979_	0.578800	
u_cfg.g_live.g_bank\[12\].u_prompt	ot_sram_1r1w_512x128_m4_r2c2	wd_in[63]	_01980_	0.578800	
u_cfg.g_live.g_bank\[12\].u_prompt	ot_sram_1r1w_512x128_m4_r2c2	wd_in[64]	_01981_	0.578800	
u_cfg.g_live.g_bank\[12\].u_prompt	ot_sram_1r1w_512x128_m4_r2c2	wd_in[65]	_01982_	0.578800	
u_cfg.g_live.g_bank\[12\].u_prompt	ot_sram_1r1w_512x128_m4_r2c2	wd_in[66]	_01983_	0.578800	
u_cfg.g_live.g_bank\[12\].u_prompt	ot_sram_1r1w_512x128_m4_r2c2	wd_in[67]	_01984_	0.578800	
u_cfg.g_live.g_bank\[12\].u_prompt	ot_sram_1r1w_512x128_m4_r2c2	wd_in[68]	_01985_	0.578800	
u_cfg.g_live.g_bank\[12\].u_prompt	ot_sram_1r1w_512x128_m4_r2c2	wd_in[69]	_01986_	0.578800	
u_cfg.g_live.g_bank\[12\].u_prompt	ot_sram_1r1w_512x128_m4_r2c2	wd_in[70]	_01988_	0.578800	
u_cfg.g_live.g_bank\[12\].u_prompt	ot_sram_1r1w_512x128_m4_r2c2	wd_in[71]	_01989_	0.578800	
u_cfg.g_live.g_bank\[12\].u_prompt	ot_sram_1r1w_512x128_m4_r2c2	wd_in[72]	_01990_	0.578800	
u_cfg.g_live.g_bank\[12\].u_prompt	ot_sram_1r1w_512x128_m4_r2c2	wd_in[73]	_01991_	0.578800	
u_cfg.g_live.g_bank\[12\].u_prompt	ot_sram_1r1w_512x128_m4_r2c2	wd_in[74]	_01992_	0.578800	
u_cfg.g_live.g_bank\[12\].u_prompt	ot_sram_1r1w_512x128_m4_r2c2	wd_in[75]	_01993_	0.578800	
u_cfg.g_live.g_bank\[12\].u_prompt	ot_sram_1r1w_512x128_m4_r2c2	wd_in[76]	_01994_	0.578800	
u_cfg.g_live.g_bank\[12\].u_prompt	ot_sram_1r1w_512x128_m4_r2c2	wd_in[77]	_01995_	0.578800	
u_cfg.g_live.g_bank\[12\].u_prompt	ot_sram_1r1w_512x128_m4_r2c2	wd_in[78]	_01996_	0.578800	
u_cfg.g_live.g_bank\[12\].u_prompt	ot_sram_1r1w_512x128_m4_r2c2	wd_in[79]	_01997_	0.578800	
u_cfg.g_live.g_bank\[12\].u_prompt	ot_sram_1r1w_512x128_m4_r2c2	wd_in[80]	_01999_	0.578800	
u_cfg.g_live.g_bank\[12\].u_prompt	ot_sram_1r1w_512x128_m4_r2c2	wd_in[81]	_02000_	0.578800	
u_cfg.g_live.g_bank\[12\].u_prompt	ot_sram_1r1w_512x128_m4_r2c2	wd_in[82]	_02001_	0.578800	
u_cfg.g_live.g_bank\[12\].u_prompt	ot_sram_1r1w_512x128_m4_r2c2	wd_in[83]	_02002_	0.578800	
u_cfg.g_live.g_bank\[12\].u_prompt	ot_sram_1r1w_512x128_m4_r2c2	wd_in[84]	_02003_	0.578800	
u_cfg.g_live.g_bank\[12\].u_prompt	ot_sram_1r1w_512x128_m4_r2c2	wd_in[85]	_02004_	0.578800	
u_cfg.g_live.g_bank\[12\].u_prompt	ot_sram_1r1w_512x128_m4_r2c2	wd_in[86]	_02005_	0.578800	
u_cfg.g_live.g_bank\[12\].u_prompt	ot_sram_1r1w_512x128_m4_r2c2	wd_in[87]	_02006_	0.578800	
u_cfg.g_live.g_bank\[12\].u_prompt	ot_sram_1r1w_512x128_m4_r2c2	wd_in[88]	_02007_	0.578800	
u_cfg.g_live.g_bank\[12\].u_prompt	ot_sram_1r1w_512x128_m4_r2c2	wd_in[89]	_02008_	0.578800	
u_cfg.g_live.g_bank\[12\].u_prompt	ot_sram_1r1w_512x128_m4_r2c2	wd_in[90]	_02010_	0.578800	
u_cfg.g_live.g_bank\[12\].u_prompt	ot_sram_1r1w_512x128_m4_r2c2	wd_in[91]	_02011_	0.578800	
u_cfg.g_live.g_bank\[12\].u_prompt	ot_sram_1r1w_512x128_m4_r2c2	wd_in[92]	_02012_	0.578800	
u_cfg.g_live.g_bank\[12\].u_prompt	ot_sram_1r1w_512x128_m4_r2c2	wd_in[93]	_02013_	0.578800	
u_cfg.g_live.g_bank\[12\].u_prompt	ot_sram_1r1w_512x128_m4_r2c2	wd_in[94]	_02014_	0.578800	
u_cfg.g_live.g_bank\[12\].u_prompt	ot_sram_1r1w_512x128_m4_r2c2	wd_in[95]	_02015_	0.578800	
u_cfg.g_live.g_bank\[12\].u_prompt	ot_sram_1r1w_512x128_m4_r2c2	wd_in[96]	_02016_	0.578800	
u_cfg.g_live.g_bank\[12\].u_prompt	ot_sram_1r1w_512x128_m4_r2c2	wd_in[97]	_02017_	0.578800	
u_cfg.g_live.g_bank\[12\].u_prompt	ot_sram_1r1w_512x128_m4_r2c2	wd_in[98]	_02018_	0.578800	
u_cfg.g_live.g_bank\[12\].u_prompt	ot_sram_1r1w_512x128_m4_r2c2	wd_in[99]	_02019_	0.578800	
u_cfg.g_live.g_bank\[12\].u_prompt	ot_sram_1r1w_512x128_m4_r2c2	wd_in[100]	_01895_	0.578800	
u_cfg.g_live.g_bank\[12\].u_prompt	ot_sram_1r1w_512x128_m4_r2c2	wd_in[101]	_01896_	0.578800	
u_cfg.g_live.g_bank\[12\].u_prompt	ot_sram_1r1w_512x128_m4_r2c2	wd_in[102]	_01897_	0.578800	
u_cfg.g_live.g_bank\[12\].u_prompt	ot_sram_1r1w_512x128_m4_r2c2	wd_in[103]	_01898_	0.578800	
u_cfg.g_live.g_bank\[12\].u_prompt	ot_sram_1r1w_512x128_m4_r2c2	wd_in[104]	_01899_	0.578800	
u_cfg.g_live.g_bank\[12\].u_prompt	ot_sram_1r1w_512x128_m4_r2c2	wd_in[105]	_01900_	0.578800	
u_cfg.g_live.g_bank\[12\].u_prompt	ot_sram_1r1w_512x128_m4_r2c2	wd_in[106]	_01901_	0.578800	
u_cfg.g_live.g_bank\[12\].u_prompt	ot_sram_1r1w_512x128_m4_r2c2	wd_in[107]	_01902_	0.578800	
u_cfg.g_live.g_bank\[12\].u_prompt	ot_sram_1r1w_512x128_m4_r2c2	wd_in[108]	_01903_	0.578800	
u_cfg.g_live.g_bank\[12\].u_prompt	ot_sram_1r1w_512x128_m4_r2c2	wd_in[109]	_01904_	0.578800	
u_cfg.g_live.g_bank\[12\].u_prompt	ot_sram_1r1w_512x128_m4_r2c2	wd_in[110]	_01906_	0.578800	
u_cfg.g_live.g_bank\[12\].u_prompt	ot_sram_1r1w_512x128_m4_r2c2	wd_in[111]	_01907_	0.578800	
u_cfg.g_live.g_bank\[12\].u_prompt	ot_sram_1r1w_512x128_m4_r2c2	wd_in[112]	_01908_	0.578800	
u_cfg.g_live.g_bank\[12\].u_prompt	ot_sram_1r1w_512x128_m4_r2c2	wd_in[113]	_01909_	0.578800	
u_cfg.g_live.g_bank\[12\].u_prompt	ot_sram_1r1w_512x128_m4_r2c2	wd_in[114]	_01910_	0.578800	
u_cfg.g_live.g_bank\[12\].u_prompt	ot_sram_1r1w_512x128_m4_r2c2	wd_in[115]	_01911_	0.578800	
u_cfg.g_live.g_bank\[12\].u_prompt	ot_sram_1r1w_512x128_m4_r2c2	wd_in[116]	_01912_	0.578800	
u_cfg.g_live.g_bank\[12\].u_prompt	ot_sram_1r1w_512x128_m4_r2c2	wd_in[117]	_01913_	0.578800	
u_cfg.g_live.g_bank\[12\].u_prompt	ot_sram_1r1w_512x128_m4_r2c2	wd_in[118]	_01914_	0.578800	
u_cfg.g_live.g_bank\[12\].u_prompt	ot_sram_1r1w_512x128_m4_r2c2	wd_in[119]	_01915_	0.578800	
u_cfg.g_live.g_bank\[12\].u_prompt	ot_sram_1r1w_512x128_m4_r2c2	wd_in[120]	_01917_	0.578800	
u_cfg.g_live.g_bank\[12\].u_prompt	ot_sram_1r1w_512x128_m4_r2c2	wd_in[121]	_01918_	0.578800	
u_cfg.g_live.g_bank\[12\].u_prompt	ot_sram_1r1w_512x128_m4_r2c2	wd_in[122]	_01919_	0.578800	
u_cfg.g_live.g_bank\[12\].u_prompt	ot_sram_1r1w_512x128_m4_r2c2	wd_in[123]	_01920_	0.578800	
u_cfg.g_live.g_bank\[12\].u_prompt	ot_sram_1r1w_512x128_m4_r2c2	wd_in[124]	_01921_	0.578800	
u_cfg.g_live.g_bank\[12\].u_prompt	ot_sram_1r1w_512x128_m4_r2c2	wd_in[125]	_01922_	0.578800	
u_cfg.g_live.g_bank\[12\].u_prompt	ot_sram_1r1w_512x128_m4_r2c2	wd_in[126]	_01923_	0.578800	
u_cfg.g_live.g_bank\[12\].u_prompt	ot_sram_1r1w_512x128_m4_r2c2	wd_in[127]	_01924_	0.578800	
u_cfg.g_live.g_bank\[12\].u_prompt	ot_sram_1r1w_512x128_m4_r2c2	w_mask_in[0]	_02021_	0.578800	
u_cfg.g_live.g_bank\[12\].u_prompt	ot_sram_1r1w_512x128_m4_r2c2	w_mask_in[1]	_02021_	0.578800	
u_cfg.g_live.g_bank\[12\].u_prompt	ot_sram_1r1w_512x128_m4_r2c2	w_mask_in[2]	_02021_	0.578800	
u_cfg.g_live.g_bank\[12\].u_prompt	ot_sram_1r1w_512x128_m4_r2c2	w_mask_in[3]	_02021_	0.578800	
u_cfg.g_live.g_bank\[12\].u_prompt	ot_sram_1r1w_512x128_m4_r2c2	w_mask_in[4]	_02021_	0.578800	
u_cfg.g_live.g_bank\[12\].u_prompt	ot_sram_1r1w_512x128_m4_r2c2	w_mask_in[5]	_02021_	0.578800	
u_cfg.g_live.g_bank\[12\].u_prompt	ot_sram_1r1w_512x128_m4_r2c2	w_mask_in[6]	_02021_	0.578800	
u_cfg.g_live.g_bank\[12\].u_prompt	ot_sram_1r1w_512x128_m4_r2c2	w_mask_in[7]	_02021_	0.578800	
u_cfg.g_live.g_bank\[12\].u_prompt	ot_sram_1r1w_512x128_m4_r2c2	w_mask_in[8]	_02021_	0.578800	
u_cfg.g_live.g_bank\[12\].u_prompt	ot_sram_1r1w_512x128_m4_r2c2	w_mask_in[9]	_02021_	0.578800	
u_cfg.g_live.g_bank\[12\].u_prompt	ot_sram_1r1w_512x128_m4_r2c2	w_mask_in[10]	_02021_	0.578800	
u_cfg.g_live.g_bank\[12\].u_prompt	ot_sram_1r1w_512x128_m4_r2c2	w_mask_in[11]	_02021_	0.578800	
u_cfg.g_live.g_bank\[12\].u_prompt	ot_sram_1r1w_512x128_m4_r2c2	w_mask_in[12]	_02021_	0.578800	
u_cfg.g_live.g_bank\[12\].u_prompt	ot_sram_1r1w_512x128_m4_r2c2	w_mask_in[13]	_02021_	0.578800	
u_cfg.g_live.g_bank\[12\].u_prompt	ot_sram_1r1w_512x128_m4_r2c2	w_mask_in[14]	_02021_	0.578800	
u_cfg.g_live.g_bank\[12\].u_prompt	ot_sram_1r1w_512x128_m4_r2c2	w_mask_in[15]	_02021_	0.578800	
u_cfg.g_live.g_bank\[12\].u_prompt	ot_sram_1r1w_512x128_m4_r2c2	w_mask_in[16]	_02021_	0.578800	
u_cfg.g_live.g_bank\[12\].u_prompt	ot_sram_1r1w_512x128_m4_r2c2	w_mask_in[17]	_02021_	0.578800	
u_cfg.g_live.g_bank\[12\].u_prompt	ot_sram_1r1w_512x128_m4_r2c2	w_mask_in[18]	_02021_	0.578800	
u_cfg.g_live.g_bank\[12\].u_prompt	ot_sram_1r1w_512x128_m4_r2c2	w_mask_in[19]	_02021_	0.578800	
u_cfg.g_live.g_bank\[12\].u_prompt	ot_sram_1r1w_512x128_m4_r2c2	w_mask_in[20]	_02021_	0.578800	
u_cfg.g_live.g_bank\[12\].u_prompt	ot_sram_1r1w_512x128_m4_r2c2	w_mask_in[21]	_02021_	0.578800	
u_cfg.g_live.g_bank\[12\].u_prompt	ot_sram_1r1w_512x128_m4_r2c2	w_mask_in[22]	_02021_	0.578800	
u_cfg.g_live.g_bank\[12\].u_prompt	ot_sram_1r1w_512x128_m4_r2c2	w_mask_in[23]	_02021_	0.578800	
u_cfg.g_live.g_bank\[12\].u_prompt	ot_sram_1r1w_512x128_m4_r2c2	w_mask_in[24]	_02021_	0.578800	
u_cfg.g_live.g_bank\[12\].u_prompt	ot_sram_1r1w_512x128_m4_r2c2	w_mask_in[25]	_02021_	0.578800	
u_cfg.g_live.g_bank\[12\].u_prompt	ot_sram_1r1w_512x128_m4_r2c2	w_mask_in[26]	_02021_	0.578800	
u_cfg.g_live.g_bank\[12\].u_prompt	ot_sram_1r1w_512x128_m4_r2c2	w_mask_in[27]	_02021_	0.578800	
u_cfg.g_live.g_bank\[12\].u_prompt	ot_sram_1r1w_512x128_m4_r2c2	w_mask_in[28]	_02021_	0.578800	
u_cfg.g_live.g_bank\[12\].u_prompt	ot_sram_1r1w_512x128_m4_r2c2	w_mask_in[29]	_02021_	0.578800	
u_cfg.g_live.g_bank\[12\].u_prompt	ot_sram_1r1w_512x128_m4_r2c2	w_mask_in[30]	_02021_	0.578800	
u_cfg.g_live.g_bank\[12\].u_prompt	ot_sram_1r1w_512x128_m4_r2c2	w_mask_in[31]	_02021_	0.578800	
u_cfg.g_live.g_bank\[12\].u_prompt	ot_sram_1r1w_512x128_m4_r2c2	w_mask_in[32]	_02021_	0.578800	
u_cfg.g_live.g_bank\[12\].u_prompt	ot_sram_1r1w_512x128_m4_r2c2	w_mask_in[33]	_02021_	0.578800	
u_cfg.g_live.g_bank\[12\].u_prompt	ot_sram_1r1w_512x128_m4_r2c2	w_mask_in[34]	_02021_	0.578800	
u_cfg.g_live.g_bank\[12\].u_prompt	ot_sram_1r1w_512x128_m4_r2c2	w_mask_in[35]	_02021_	0.578800	
u_cfg.g_live.g_bank\[12\].u_prompt	ot_sram_1r1w_512x128_m4_r2c2	w_mask_in[36]	_02021_	0.578800	
u_cfg.g_live.g_bank\[12\].u_prompt	ot_sram_1r1w_512x128_m4_r2c2	w_mask_in[37]	_02021_	0.578800	
u_cfg.g_live.g_bank\[12\].u_prompt	ot_sram_1r1w_512x128_m4_r2c2	w_mask_in[38]	_02021_	0.578800	
u_cfg.g_live.g_bank\[12\].u_prompt	ot_sram_1r1w_512x128_m4_r2c2	w_mask_in[39]	_02021_	0.578800	
u_cfg.g_live.g_bank\[12\].u_prompt	ot_sram_1r1w_512x128_m4_r2c2	w_mask_in[40]	_02021_	0.578800	
u_cfg.g_live.g_bank\[12\].u_prompt	ot_sram_1r1w_512x128_m4_r2c2	w_mask_in[41]	_02021_	0.578800	
u_cfg.g_live.g_bank\[12\].u_prompt	ot_sram_1r1w_512x128_m4_r2c2	w_mask_in[42]	_02021_	0.578800	
u_cfg.g_live.g_bank\[12\].u_prompt	ot_sram_1r1w_512x128_m4_r2c2	w_mask_in[43]	_02021_	0.578800	
u_cfg.g_live.g_bank\[12\].u_prompt	ot_sram_1r1w_512x128_m4_r2c2	w_mask_in[44]	_02021_	0.578800	
u_cfg.g_live.g_bank\[12\].u_prompt	ot_sram_1r1w_512x128_m4_r2c2	w_mask_in[45]	_02021_	0.578800	
u_cfg.g_live.g_bank\[12\].u_prompt	ot_sram_1r1w_512x128_m4_r2c2	w_mask_in[46]	_02021_	0.578800	
u_cfg.g_live.g_bank\[12\].u_prompt	ot_sram_1r1w_512x128_m4_r2c2	w_mask_in[47]	_02021_	0.578800	
u_cfg.g_live.g_bank\[12\].u_prompt	ot_sram_1r1w_512x128_m4_r2c2	w_mask_in[48]	_02021_	0.578800	
u_cfg.g_live.g_bank\[12\].u_prompt	ot_sram_1r1w_512x128_m4_r2c2	w_mask_in[49]	_02021_	0.578800	
u_cfg.g_live.g_bank\[12\].u_prompt	ot_sram_1r1w_512x128_m4_r2c2	w_mask_in[50]	_02021_	0.578800	
u_cfg.g_live.g_bank\[12\].u_prompt	ot_sram_1r1w_512x128_m4_r2c2	w_mask_in[51]	_02021_	0.578800	
u_cfg.g_live.g_bank\[12\].u_prompt	ot_sram_1r1w_512x128_m4_r2c2	w_mask_in[52]	_02021_	0.578800	
u_cfg.g_live.g_bank\[12\].u_prompt	ot_sram_1r1w_512x128_m4_r2c2	w_mask_in[53]	_02021_	0.578800	
u_cfg.g_live.g_bank\[12\].u_prompt	ot_sram_1r1w_512x128_m4_r2c2	w_mask_in[54]	_02021_	0.578800	
u_cfg.g_live.g_bank\[12\].u_prompt	ot_sram_1r1w_512x128_m4_r2c2	w_mask_in[55]	_02021_	0.578800	
u_cfg.g_live.g_bank\[12\].u_prompt	ot_sram_1r1w_512x128_m4_r2c2	w_mask_in[56]	_02021_	0.578800	
u_cfg.g_live.g_bank\[12\].u_prompt	ot_sram_1r1w_512x128_m4_r2c2	w_mask_in[57]	_02021_	0.578800	
u_cfg.g_live.g_bank\[12\].u_prompt	ot_sram_1r1w_512x128_m4_r2c2	w_mask_in[58]	_02021_	0.578800	
u_cfg.g_live.g_bank\[12\].u_prompt	ot_sram_1r1w_512x128_m4_r2c2	w_mask_in[59]	_02021_	0.578800	
u_cfg.g_live.g_bank\[12\].u_prompt	ot_sram_1r1w_512x128_m4_r2c2	w_mask_in[60]	_02021_	0.578800	
u_cfg.g_live.g_bank\[12\].u_prompt	ot_sram_1r1w_512x128_m4_r2c2	w_mask_in[61]	_02021_	0.578800	
u_cfg.g_live.g_bank\[12\].u_prompt	ot_sram_1r1w_512x128_m4_r2c2	w_mask_in[62]	_02021_	0.578800	
u_cfg.g_live.g_bank\[12\].u_prompt	ot_sram_1r1w_512x128_m4_r2c2	w_mask_in[63]	_02021_	0.578800	
u_cfg.g_live.g_bank\[12\].u_prompt	ot_sram_1r1w_512x128_m4_r2c2	w_mask_in[64]	_02022_	0.578800	
u_cfg.g_live.g_bank\[12\].u_prompt	ot_sram_1r1w_512x128_m4_r2c2	w_mask_in[65]	_02022_	0.578800	
u_cfg.g_live.g_bank\[12\].u_prompt	ot_sram_1r1w_512x128_m4_r2c2	w_mask_in[66]	_02022_	0.578800	
u_cfg.g_live.g_bank\[12\].u_prompt	ot_sram_1r1w_512x128_m4_r2c2	w_mask_in[67]	_02022_	0.578800	
u_cfg.g_live.g_bank\[12\].u_prompt	ot_sram_1r1w_512x128_m4_r2c2	w_mask_in[68]	_02022_	0.578800	
u_cfg.g_live.g_bank\[12\].u_prompt	ot_sram_1r1w_512x128_m4_r2c2	w_mask_in[69]	_02022_	0.578800	
u_cfg.g_live.g_bank\[12\].u_prompt	ot_sram_1r1w_512x128_m4_r2c2	w_mask_in[70]	_02022_	0.578800	
u_cfg.g_live.g_bank\[12\].u_prompt	ot_sram_1r1w_512x128_m4_r2c2	w_mask_in[71]	_02022_	0.578800	
u_cfg.g_live.g_bank\[12\].u_prompt	ot_sram_1r1w_512x128_m4_r2c2	w_mask_in[72]	_02022_	0.578800	
u_cfg.g_live.g_bank\[12\].u_prompt	ot_sram_1r1w_512x128_m4_r2c2	w_mask_in[73]	_02022_	0.578800	
u_cfg.g_live.g_bank\[12\].u_prompt	ot_sram_1r1w_512x128_m4_r2c2	w_mask_in[74]	_02022_	0.578800	
u_cfg.g_live.g_bank\[12\].u_prompt	ot_sram_1r1w_512x128_m4_r2c2	w_mask_in[75]	_02022_	0.578800	
u_cfg.g_live.g_bank\[12\].u_prompt	ot_sram_1r1w_512x128_m4_r2c2	w_mask_in[76]	_02022_	0.578800	
u_cfg.g_live.g_bank\[12\].u_prompt	ot_sram_1r1w_512x128_m4_r2c2	w_mask_in[77]	_02022_	0.578800	
u_cfg.g_live.g_bank\[12\].u_prompt	ot_sram_1r1w_512x128_m4_r2c2	w_mask_in[78]	_02022_	0.578800	
u_cfg.g_live.g_bank\[12\].u_prompt	ot_sram_1r1w_512x128_m4_r2c2	w_mask_in[79]	_02022_	0.578800	
u_cfg.g_live.g_bank\[12\].u_prompt	ot_sram_1r1w_512x128_m4_r2c2	w_mask_in[80]	_02022_	0.578800	
u_cfg.g_live.g_bank\[12\].u_prompt	ot_sram_1r1w_512x128_m4_r2c2	w_mask_in[81]	_02022_	0.578800	
u_cfg.g_live.g_bank\[12\].u_prompt	ot_sram_1r1w_512x128_m4_r2c2	w_mask_in[82]	_02022_	0.578800	
u_cfg.g_live.g_bank\[12\].u_prompt	ot_sram_1r1w_512x128_m4_r2c2	w_mask_in[83]	_02022_	0.578800	
u_cfg.g_live.g_bank\[12\].u_prompt	ot_sram_1r1w_512x128_m4_r2c2	w_mask_in[84]	_02022_	0.578800	
u_cfg.g_live.g_bank\[12\].u_prompt	ot_sram_1r1w_512x128_m4_r2c2	w_mask_in[85]	_02022_	0.578800	
u_cfg.g_live.g_bank\[12\].u_prompt	ot_sram_1r1w_512x128_m4_r2c2	w_mask_in[86]	_02022_	0.578800	
u_cfg.g_live.g_bank\[12\].u_prompt	ot_sram_1r1w_512x128_m4_r2c2	w_mask_in[87]	_02022_	0.578800	
u_cfg.g_live.g_bank\[12\].u_prompt	ot_sram_1r1w_512x128_m4_r2c2	w_mask_in[88]	_02022_	0.578800	
u_cfg.g_live.g_bank\[12\].u_prompt	ot_sram_1r1w_512x128_m4_r2c2	w_mask_in[89]	_02022_	0.578800	
u_cfg.g_live.g_bank\[12\].u_prompt	ot_sram_1r1w_512x128_m4_r2c2	w_mask_in[90]	_02022_	0.578800	
u_cfg.g_live.g_bank\[12\].u_prompt	ot_sram_1r1w_512x128_m4_r2c2	w_mask_in[91]	_02022_	0.578800	
u_cfg.g_live.g_bank\[12\].u_prompt	ot_sram_1r1w_512x128_m4_r2c2	w_mask_in[92]	_02022_	0.578800	
u_cfg.g_live.g_bank\[12\].u_prompt	ot_sram_1r1w_512x128_m4_r2c2	w_mask_in[93]	_02022_	0.578800	
u_cfg.g_live.g_bank\[12\].u_prompt	ot_sram_1r1w_512x128_m4_r2c2	w_mask_in[94]	_02022_	0.578800	
u_cfg.g_live.g_bank\[12\].u_prompt	ot_sram_1r1w_512x128_m4_r2c2	w_mask_in[95]	_02022_	0.578800	
u_cfg.g_live.g_bank\[12\].u_prompt	ot_sram_1r1w_512x128_m4_r2c2	w_mask_in[96]	_02022_	0.578800	
u_cfg.g_live.g_bank\[12\].u_prompt	ot_sram_1r1w_512x128_m4_r2c2	w_mask_in[97]	_02022_	0.578800	
u_cfg.g_live.g_bank\[12\].u_prompt	ot_sram_1r1w_512x128_m4_r2c2	w_mask_in[98]	_02022_	0.578800	
u_cfg.g_live.g_bank\[12\].u_prompt	ot_sram_1r1w_512x128_m4_r2c2	w_mask_in[99]	_02022_	0.578800	
u_cfg.g_live.g_bank\[12\].u_prompt	ot_sram_1r1w_512x128_m4_r2c2	w_mask_in[100]	_02022_	0.578800	
u_cfg.g_live.g_bank\[12\].u_prompt	ot_sram_1r1w_512x128_m4_r2c2	w_mask_in[101]	_02022_	0.578800	
u_cfg.g_live.g_bank\[12\].u_prompt	ot_sram_1r1w_512x128_m4_r2c2	w_mask_in[102]	_02022_	0.578800	
u_cfg.g_live.g_bank\[12\].u_prompt	ot_sram_1r1w_512x128_m4_r2c2	w_mask_in[103]	_02022_	0.578800	
u_cfg.g_live.g_bank\[12\].u_prompt	ot_sram_1r1w_512x128_m4_r2c2	w_mask_in[104]	_02022_	0.578800	
u_cfg.g_live.g_bank\[12\].u_prompt	ot_sram_1r1w_512x128_m4_r2c2	w_mask_in[105]	_02022_	0.578800	
u_cfg.g_live.g_bank\[12\].u_prompt	ot_sram_1r1w_512x128_m4_r2c2	w_mask_in[106]	_02022_	0.578800	
u_cfg.g_live.g_bank\[12\].u_prompt	ot_sram_1r1w_512x128_m4_r2c2	w_mask_in[107]	_02022_	0.578800	
u_cfg.g_live.g_bank\[12\].u_prompt	ot_sram_1r1w_512x128_m4_r2c2	w_mask_in[108]	_02022_	0.578800	
u_cfg.g_live.g_bank\[12\].u_prompt	ot_sram_1r1w_512x128_m4_r2c2	w_mask_in[109]	_02022_	0.578800	
u_cfg.g_live.g_bank\[12\].u_prompt	ot_sram_1r1w_512x128_m4_r2c2	w_mask_in[110]	_02022_	0.578800	
u_cfg.g_live.g_bank\[12\].u_prompt	ot_sram_1r1w_512x128_m4_r2c2	w_mask_in[111]	_02022_	0.578800	
u_cfg.g_live.g_bank\[12\].u_prompt	ot_sram_1r1w_512x128_m4_r2c2	w_mask_in[112]	_02022_	0.578800	
u_cfg.g_live.g_bank\[12\].u_prompt	ot_sram_1r1w_512x128_m4_r2c2	w_mask_in[113]	_02022_	0.578800	
u_cfg.g_live.g_bank\[12\].u_prompt	ot_sram_1r1w_512x128_m4_r2c2	w_mask_in[114]	_02022_	0.578800	
u_cfg.g_live.g_bank\[12\].u_prompt	ot_sram_1r1w_512x128_m4_r2c2	w_mask_in[115]	_02022_	0.578800	
u_cfg.g_live.g_bank\[12\].u_prompt	ot_sram_1r1w_512x128_m4_r2c2	w_mask_in[116]	_02022_	0.578800	
u_cfg.g_live.g_bank\[12\].u_prompt	ot_sram_1r1w_512x128_m4_r2c2	w_mask_in[117]	_02022_	0.578800	
u_cfg.g_live.g_bank\[12\].u_prompt	ot_sram_1r1w_512x128_m4_r2c2	w_mask_in[118]	_02022_	0.578800	
u_cfg.g_live.g_bank\[12\].u_prompt	ot_sram_1r1w_512x128_m4_r2c2	w_mask_in[119]	_02022_	0.578800	
u_cfg.g_live.g_bank\[12\].u_prompt	ot_sram_1r1w_512x128_m4_r2c2	w_mask_in[120]	_02022_	0.578800	
u_cfg.g_live.g_bank\[12\].u_prompt	ot_sram_1r1w_512x128_m4_r2c2	w_mask_in[121]	_02022_	0.578800	
u_cfg.g_live.g_bank\[12\].u_prompt	ot_sram_1r1w_512x128_m4_r2c2	w_mask_in[122]	_02022_	0.578800	
u_cfg.g_live.g_bank\[12\].u_prompt	ot_sram_1r1w_512x128_m4_r2c2	w_mask_in[123]	_02022_	0.578800	
u_cfg.g_live.g_bank\[12\].u_prompt	ot_sram_1r1w_512x128_m4_r2c2	w_mask_in[124]	_02022_	0.578800	
u_cfg.g_live.g_bank\[12\].u_prompt	ot_sram_1r1w_512x128_m4_r2c2	w_mask_in[125]	_02022_	0.578800	
u_cfg.g_live.g_bank\[12\].u_prompt	ot_sram_1r1w_512x128_m4_r2c2	w_mask_in[126]	_02022_	0.578800	
u_cfg.g_live.g_bank\[12\].u_prompt	ot_sram_1r1w_512x128_m4_r2c2	w_mask_in[127]	_02022_	0.578800	
u_cfg.g_live.g_bank\[12\].u_prompt	ot_sram_1r1w_512x128_m4_r2c2	rr_en[0]	_10622_	0.578800	
u_cfg.g_live.g_bank\[12\].u_prompt	ot_sram_1r1w_512x128_m4_r2c2	rr_en[1]	_10622_	0.578800	
u_cfg.g_live.g_bank\[12\].u_prompt	ot_sram_1r1w_512x128_m4_r2c2	rr_addr[0]	_10622_	0.578800	
u_cfg.g_live.g_bank\[12\].u_prompt	ot_sram_1r1w_512x128_m4_r2c2	rr_addr[1]	_10622_	0.578800	
u_cfg.g_live.g_bank\[12\].u_prompt	ot_sram_1r1w_512x128_m4_r2c2	rr_addr[2]	_10622_	0.578800	
u_cfg.g_live.g_bank\[12\].u_prompt	ot_sram_1r1w_512x128_m4_r2c2	rr_addr[3]	_10622_	0.578800	
u_cfg.g_live.g_bank\[12\].u_prompt	ot_sram_1r1w_512x128_m4_r2c2	rr_addr[4]	_10622_	0.578800	
u_cfg.g_live.g_bank\[12\].u_prompt	ot_sram_1r1w_512x128_m4_r2c2	rr_addr[5]	_10622_	0.578800	
u_cfg.g_live.g_bank\[12\].u_prompt	ot_sram_1r1w_512x128_m4_r2c2	rr_addr[6]	_10622_	0.578800	
u_cfg.g_live.g_bank\[12\].u_prompt	ot_sram_1r1w_512x128_m4_r2c2	rr_addr[7]	_10622_	0.578800	
u_cfg.g_live.g_bank\[12\].u_prompt	ot_sram_1r1w_512x128_m4_r2c2	rr_addr[8]	_10622_	0.578800	
u_cfg.g_live.g_bank\[12\].u_prompt	ot_sram_1r1w_512x128_m4_r2c2	rr_addr[9]	_10622_	0.578800	
u_cfg.g_live.g_bank\[12\].u_prompt	ot_sram_1r1w_512x128_m4_r2c2	rr_addr[10]	_10622_	0.578800	
u_cfg.g_live.g_bank\[12\].u_prompt	ot_sram_1r1w_512x128_m4_r2c2	rr_addr[11]	_10622_	0.578800	
u_cfg.g_live.g_bank\[12\].u_prompt	ot_sram_1r1w_512x128_m4_r2c2	rr_addr[12]	_10622_	0.578800	
u_cfg.g_live.g_bank\[12\].u_prompt	ot_sram_1r1w_512x128_m4_r2c2	rr_addr[13]	_10622_	0.578800	
u_cfg.g_live.g_bank\[12\].u_prompt	ot_sram_1r1w_512x128_m4_r2c2	cr_en[0]	_10622_	0.578800	
u_cfg.g_live.g_bank\[12\].u_prompt	ot_sram_1r1w_512x128_m4_r2c2	cr_en[1]	_10622_	0.578800	
u_cfg.g_live.g_bank\[12\].u_prompt	ot_sram_1r1w_512x128_m4_r2c2	cr_sel[0]	_10622_	0.578800	
u_cfg.g_live.g_bank\[12\].u_prompt	ot_sram_1r1w_512x128_m4_r2c2	cr_sel[1]	_10622_	0.578800	
u_cfg.g_live.g_bank\[12\].u_prompt	ot_sram_1r1w_512x128_m4_r2c2	cr_sel[2]	_10622_	0.578800	
u_cfg.g_live.g_bank\[12\].u_prompt	ot_sram_1r1w_512x128_m4_r2c2	cr_sel[3]	_10622_	0.578800	
u_cfg.g_live.g_bank\[12\].u_prompt	ot_sram_1r1w_512x128_m4_r2c2	cr_sel[4]	_10622_	0.578800	
u_cfg.g_live.g_bank\[12\].u_prompt	ot_sram_1r1w_512x128_m4_r2c2	cr_sel[5]	_10622_	0.578800	
u_cfg.g_live.g_bank\[12\].u_prompt	ot_sram_1r1w_512x128_m4_r2c2	cr_sel[6]	_10622_	0.578800	
u_cfg.g_live.g_bank\[12\].u_prompt	ot_sram_1r1w_512x128_m4_r2c2	cr_sel[7]	_10622_	0.578800	
u_cfg.g_live.g_bank\[12\].u_prompt	ot_sram_1r1w_512x128_m4_r2c2	cr_sel[8]	_10622_	0.578800	
u_cfg.g_live.g_bank\[12\].u_prompt	ot_sram_1r1w_512x128_m4_r2c2	cr_sel[9]	_10622_	0.578800	
u_cfg.g_live.g_bank\[12\].u_prompt	ot_sram_1r1w_512x128_m4_r2c2	cr_sel[10]	_10622_	0.578800	
u_cfg.g_live.g_bank\[12\].u_prompt	ot_sram_1r1w_512x128_m4_r2c2	cr_sel[11]	_10622_	0.578800	
u_cfg.g_live.g_bank\[12\].u_prompt	ot_sram_1r1w_512x128_m4_r2c2	cr_sel[12]	_10622_	0.578800	
u_cfg.g_live.g_bank\[12\].u_prompt	ot_sram_1r1w_512x128_m4_r2c2	cr_sel[13]	_10622_	0.578800	
u_cfg.g_live.g_bank\[13\].u_prompt	ot_sram_1r1w_512x128_m4_r2c2	clk	clk	8.683800	
u_cfg.g_live.g_bank\[13\].u_prompt	ot_sram_1r1w_512x128_m4_r2c2	r_ce_in	_02047_	0.578800	
u_cfg.g_live.g_bank\[13\].u_prompt	ot_sram_1r1w_512x128_m4_r2c2	r_addr_in[0]	u_cfg.g_live.read_index\[1\]	0.578800	
u_cfg.g_live.g_bank\[13\].u_prompt	ot_sram_1r1w_512x128_m4_r2c2	r_addr_in[1]	u_cfg.g_live.read_index\[2\]	0.578800	
u_cfg.g_live.g_bank\[13\].u_prompt	ot_sram_1r1w_512x128_m4_r2c2	r_addr_in[2]	u_cfg.g_live.read_index\[3\]	0.578800	
u_cfg.g_live.g_bank\[13\].u_prompt	ot_sram_1r1w_512x128_m4_r2c2	r_addr_in[3]	u_cfg.g_live.read_index\[4\]	0.578800	
u_cfg.g_live.g_bank\[13\].u_prompt	ot_sram_1r1w_512x128_m4_r2c2	r_addr_in[4]	u_cfg.g_live.read_index\[5\]	0.578800	
u_cfg.g_live.g_bank\[13\].u_prompt	ot_sram_1r1w_512x128_m4_r2c2	r_addr_in[5]	u_cfg.g_live.read_index\[6\]	0.578800	
u_cfg.g_live.g_bank\[13\].u_prompt	ot_sram_1r1w_512x128_m4_r2c2	r_addr_in[6]	u_cfg.g_live.read_index\[7\]	0.578800	
u_cfg.g_live.g_bank\[13\].u_prompt	ot_sram_1r1w_512x128_m4_r2c2	r_addr_in[7]	u_cfg.g_live.read_index\[8\]	0.578800	
u_cfg.g_live.g_bank\[13\].u_prompt	ot_sram_1r1w_512x128_m4_r2c2	r_addr_in[8]	u_cfg.g_live.read_index\[9\]	0.578800	
u_cfg.g_live.g_bank\[13\].u_prompt	ot_sram_1r1w_512x128_m4_r2c2	rd_out[0]	u_cfg.g_live.bank_q\[0\]	0.528014	{_14550_ A2 0.528014}
u_cfg.g_live.g_bank\[13\].u_prompt	ot_sram_1r1w_512x128_m4_r2c2	rd_out[1]	u_cfg.g_live.bank_q\[1\]	0.528014	{_14422_ A2 0.528014}
u_cfg.g_live.g_bank\[13\].u_prompt	ot_sram_1r1w_512x128_m4_r2c2	rd_out[2]	u_cfg.g_live.bank_q\[2\]	0.528014	{_14703_ A2 0.528014}
u_cfg.g_live.g_bank\[13\].u_prompt	ot_sram_1r1w_512x128_m4_r2c2	rd_out[3]	u_cfg.g_live.bank_q\[3\]	0.528014	{_14451_ A2 0.528014}
u_cfg.g_live.g_bank\[13\].u_prompt	ot_sram_1r1w_512x128_m4_r2c2	rd_out[4]	u_cfg.g_live.bank_q\[4\]	0.489888	{_14535_ B 0.489888}
u_cfg.g_live.g_bank\[13\].u_prompt	ot_sram_1r1w_512x128_m4_r2c2	rd_out[5]	u_cfg.g_live.bank_q\[5\]	0.489888	{_14675_ B 0.489888}
u_cfg.g_live.g_bank\[13\].u_prompt	ot_sram_1r1w_512x128_m4_r2c2	rd_out[6]	u_cfg.g_live.bank_q\[6\]	0.528014	{_14622_ A2 0.528014}
u_cfg.g_live.g_bank\[13\].u_prompt	ot_sram_1r1w_512x128_m4_r2c2	rd_out[7]	u_cfg.g_live.bank_q\[7\]	0.486821	{_15080_ B 0.486821}
u_cfg.g_live.g_bank\[13\].u_prompt	ot_sram_1r1w_512x128_m4_r2c2	rd_out[8]	u_cfg.g_live.bank_q\[8\]	0.486821	{_14931_ B 0.486821}
u_cfg.g_live.g_bank\[13\].u_prompt	ot_sram_1r1w_512x128_m4_r2c2	rd_out[9]	u_cfg.g_live.bank_q\[9\]	0.489888	{_15012_ B 0.489888}
u_cfg.g_live.g_bank\[13\].u_prompt	ot_sram_1r1w_512x128_m4_r2c2	rd_out[10]	u_cfg.g_live.bank_q\[10\]	0.528014	{_14868_ A2 0.528014}
u_cfg.g_live.g_bank\[13\].u_prompt	ot_sram_1r1w_512x128_m4_r2c2	rd_out[11]	u_cfg.g_live.bank_q\[11\]	0.489888	{_13983_ B 0.489888}
u_cfg.g_live.g_bank\[13\].u_prompt	ot_sram_1r1w_512x128_m4_r2c2	rd_out[12]	u_cfg.g_live.bank_q\[12\]	0.489888	{_13861_ B 0.489888}
u_cfg.g_live.g_bank\[13\].u_prompt	ot_sram_1r1w_512x128_m4_r2c2	rd_out[13]	u_cfg.g_live.bank_q\[13\]	0.489888	{_13816_ B 0.489888}
u_cfg.g_live.g_bank\[13\].u_prompt	ot_sram_1r1w_512x128_m4_r2c2	rd_out[14]	u_cfg.g_live.bank_q\[14\]	0.489888	{_14051_ B 0.489888}
u_cfg.g_live.g_bank\[13\].u_prompt	ot_sram_1r1w_512x128_m4_r2c2	rd_out[15]	u_cfg.g_live.bank_q\[15\]	0.489888	{_13879_ B 0.489888}
u_cfg.g_live.g_bank\[13\].u_prompt	ot_sram_1r1w_512x128_m4_r2c2	rd_out[16]	u_cfg.g_live.bank_q\[16\]	0.489888	{_12836_ B 0.489888}
u_cfg.g_live.g_bank\[13\].u_prompt	ot_sram_1r1w_512x128_m4_r2c2	rd_out[17]	u_cfg.g_live.bank_q\[17\]	0.528014	{_12762_ A2 0.528014}
u_cfg.g_live.g_bank\[13\].u_prompt	ot_sram_1r1w_512x128_m4_r2c2	rd_out[18]	u_cfg.g_live.bank_q\[18\]	0.924352	{_12687_ B 0.924352}
u_cfg.g_live.g_bank\[13\].u_prompt	ot_sram_1r1w_512x128_m4_r2c2	rd_out[19]	u_cfg.g_live.bank_q\[19\]	0.486821	{_12861_ B 0.486821}
u_cfg.g_live.g_bank\[13\].u_prompt	ot_sram_1r1w_512x128_m4_r2c2	rd_out[20]	u_cfg.g_live.bank_q\[20\]	0.924352	{_12148_ B 0.924352}
u_cfg.g_live.g_bank\[13\].u_prompt	ot_sram_1r1w_512x128_m4_r2c2	rd_out[21]	u_cfg.g_live.bank_q\[21\]	1.348679	{_15745_ B 0.489888} {_12376_ B 0.858791}
u_cfg.g_live.g_bank\[13\].u_prompt	ot_sram_1r1w_512x128_m4_r2c2	rd_out[22]	u_cfg.g_live.bank_q\[22\]	1.825729	{_15859_ B 0.924352} {_12376_ A 0.901377}
u_cfg.g_live.g_bank\[13\].u_prompt	ot_sram_1r1w_512x128_m4_r2c2	rd_out[23]	u_cfg.g_live.bank_q\[23\]	0.924352	{_12419_ B 0.924352}
u_cfg.g_live.g_bank\[13\].u_prompt	ot_sram_1r1w_512x128_m4_r2c2	rd_out[24]	u_cfg.g_live.bank_q\[24\]	0.489888	{_12641_ B 0.489888}
u_cfg.g_live.g_bank\[13\].u_prompt	ot_sram_1r1w_512x128_m4_r2c2	rd_out[25]	u_cfg.g_live.bank_q\[25\]	0.924352	{_12555_ B 0.924352}
u_cfg.g_live.g_bank\[13\].u_prompt	ot_sram_1r1w_512x128_m4_r2c2	rd_out[26]	u_cfg.g_live.bank_q\[26\]	0.885352	{_15670_ A2 0.885352}
u_cfg.g_live.g_bank\[13\].u_prompt	ot_sram_1r1w_512x128_m4_r2c2	rd_out[27]	u_cfg.g_live.bank_q\[27\]	0.924352	{_15453_ B 0.924352}
u_cfg.g_live.g_bank\[13\].u_prompt	ot_sram_1r1w_512x128_m4_r2c2	rd_out[28]	u_cfg.g_live.bank_q\[28\]	0.528014	{_15543_ A2 0.528014}
u_cfg.g_live.g_bank\[13\].u_prompt	ot_sram_1r1w_512x128_m4_r2c2	rd_out[29]	u_cfg.g_live.bank_q\[29\]	0.924352	{_15347_ B 0.924352}
u_cfg.g_live.g_bank\[13\].u_prompt	ot_sram_1r1w_512x128_m4_r2c2	rd_out[30]	u_cfg.g_live.bank_q\[30\]	0.486821	{_15591_ B 0.486821}
u_cfg.g_live.g_bank\[13\].u_prompt	ot_sram_1r1w_512x128_m4_r2c2	rd_out[31]	u_cfg.g_live.bank_q\[31\]	0.528014	{_15675_ A2 0.528014}
u_cfg.g_live.g_bank\[13\].u_prompt	ot_sram_1r1w_512x128_m4_r2c2	rd_out[32]	u_cfg.g_live.bank_q\[32\]	0.528014	{_15169_ A2 0.528014}
u_cfg.g_live.g_bank\[13\].u_prompt	ot_sram_1r1w_512x128_m4_r2c2	rd_out[33]	u_cfg.g_live.bank_q\[33\]	0.489888	{_14194_ B 0.489888}
u_cfg.g_live.g_bank\[13\].u_prompt	ot_sram_1r1w_512x128_m4_r2c2	rd_out[34]	u_cfg.g_live.bank_q\[34\]	0.924352	{_14251_ B 0.924352}
u_cfg.g_live.g_bank\[13\].u_prompt	ot_sram_1r1w_512x128_m4_r2c2	rd_out[35]	u_cfg.g_live.bank_q\[35\]	0.489888	{_14189_ B 0.489888}
u_cfg.g_live.g_bank\[13\].u_prompt	ot_sram_1r1w_512x128_m4_r2c2	rd_out[36]	u_cfg.g_live.bank_q\[36\]	0.489888	{_14303_ B 0.489888}
u_cfg.g_live.g_bank\[13\].u_prompt	ot_sram_1r1w_512x128_m4_r2c2	rd_out[37]	u_cfg.g_live.bank_q\[37\]	0.486821	{_15291_ B 0.486821}
u_cfg.g_live.g_bank\[13\].u_prompt	ot_sram_1r1w_512x128_m4_r2c2	rd_out[38]	u_cfg.g_live.bank_q\[38\]	0.924352	{_15397_ B 0.924352}
u_cfg.g_live.g_bank\[13\].u_prompt	ot_sram_1r1w_512x128_m4_r2c2	rd_out[39]	u_cfg.g_live.bank_q\[39\]	0.924352	{_15199_ B 0.924352}
u_cfg.g_live.g_bank\[13\].u_prompt	ot_sram_1r1w_512x128_m4_r2c2	rd_out[40]	u_cfg.g_live.bank_q\[40\]	0.489888	{_15241_ B 0.489888}
u_cfg.g_live.g_bank\[13\].u_prompt	ot_sram_1r1w_512x128_m4_r2c2	rd_out[41]	u_cfg.g_live.bank_q\[41\]	0.528014	{_13561_ A2 0.528014}
u_cfg.g_live.g_bank\[13\].u_prompt	ot_sram_1r1w_512x128_m4_r2c2	rd_out[42]	u_cfg.g_live.bank_q\[42\]	0.486821	{_13696_ B 0.486821}
u_cfg.g_live.g_bank\[13\].u_prompt	ot_sram_1r1w_512x128_m4_r2c2	rd_out[43]	u_cfg.g_live.bank_q\[43\]	0.486821	{_13742_ B 0.486821}
u_cfg.g_live.g_bank\[13\].u_prompt	ot_sram_1r1w_512x128_m4_r2c2	rd_out[44]	u_cfg.g_live.bank_q\[44\]	0.924352	{_13600_ B 0.924352}
u_cfg.g_live.g_bank\[13\].u_prompt	ot_sram_1r1w_512x128_m4_r2c2	rd_out[45]	u_cfg.g_live.bank_q\[45\]	0.924352	{_13951_ B 0.924352}
u_cfg.g_live.g_bank\[13\].u_prompt	ot_sram_1r1w_512x128_m4_r2c2	rd_out[46]	u_cfg.g_live.bank_q\[46\]	0.528014	{_13537_ A2 0.528014}
u_cfg.g_live.g_bank\[13\].u_prompt	ot_sram_1r1w_512x128_m4_r2c2	rd_out[47]	u_cfg.g_live.bank_q\[47\]	0.528014	{_13636_ A2 0.528014}
u_cfg.g_live.g_bank\[13\].u_prompt	ot_sram_1r1w_512x128_m4_r2c2	rd_out[48]	u_cfg.g_live.bank_q\[48\]	0.924352	{_13128_ B 0.924352}
u_cfg.g_live.g_bank\[13\].u_prompt	ot_sram_1r1w_512x128_m4_r2c2	rd_out[49]	u_cfg.g_live.bank_q\[49\]	0.489888	{_13169_ B 0.489888}
u_cfg.g_live.g_bank\[13\].u_prompt	ot_sram_1r1w_512x128_m4_r2c2	rd_out[50]	u_cfg.g_live.bank_q\[50\]	0.528014	{_13383_ A2 0.528014}
u_cfg.g_live.g_bank\[13\].u_prompt	ot_sram_1r1w_512x128_m4_r2c2	rd_out[51]	u_cfg.g_live.bank_q\[51\]	0.528014	{_13438_ A2 0.528014}
u_cfg.g_live.g_bank\[13\].u_prompt	ot_sram_1r1w_512x128_m4_r2c2	rd_out[52]	u_cfg.g_live.bank_q\[52\]	0.924352	{_12973_ B 0.924352}
u_cfg.g_live.g_bank\[13\].u_prompt	ot_sram_1r1w_512x128_m4_r2c2	rd_out[53]	u_cfg.g_live.bank_q\[53\]	0.924352	{_13241_ B 0.924352}
u_cfg.g_live.g_bank\[13\].u_prompt	ot_sram_1r1w_512x128_m4_r2c2	rd_out[54]	u_cfg.g_live.bank_q\[54\]	0.489888	{_13259_ B 0.489888}
u_cfg.g_live.g_bank\[13\].u_prompt	ot_sram_1r1w_512x128_m4_r2c2	rd_out[55]	u_cfg.g_live.bank_q\[55\]	0.489888	{_13316_ B 0.489888}
u_cfg.g_live.g_bank\[13\].u_prompt	ot_sram_1r1w_512x128_m4_r2c2	rd_out[56]	u_cfg.g_live.bank_q\[56\]	0.528014	{_13098_ A2 0.528014}
u_cfg.g_live.g_bank\[13\].u_prompt	ot_sram_1r1w_512x128_m4_r2c2	rd_out[57]	u_cfg.g_live.bank_q\[57\]	0.528014	{_14400_ A2 0.528014}
u_cfg.g_live.g_bank\[13\].u_prompt	ot_sram_1r1w_512x128_m4_r2c2	rd_out[58]	u_cfg.g_live.bank_q\[58\]	0.924352	{_14844_ B 0.924352}
u_cfg.g_live.g_bank\[13\].u_prompt	ot_sram_1r1w_512x128_m4_r2c2	rd_out[59]	u_cfg.g_live.bank_q\[59\]	0.924352	{_15035_ B 0.924352}
u_cfg.g_live.g_bank\[13\].u_prompt	ot_sram_1r1w_512x128_m4_r2c2	rd_out[60]	u_cfg.g_live.bank_q\[60\]	0.924352	{_14083_ B 0.924352}
u_cfg.g_live.g_bank\[13\].u_prompt	ot_sram_1r1w_512x128_m4_r2c2	rd_out[61]	u_cfg.g_live.bank_q\[61\]	0.924352	{_12945_ B 0.924352}
u_cfg.g_live.g_bank\[13\].u_prompt	ot_sram_1r1w_512x128_m4_r2c2	rd_out[62]	u_cfg.g_live.bank_q\[62\]	0.924352	{_15502_ B 0.924352}
u_cfg.g_live.g_bank\[13\].u_prompt	ot_sram_1r1w_512x128_m4_r2c2	rd_out[63]	u_cfg.g_live.bank_q\[63\]	0.924352	{_14787_ B 0.924352}
u_cfg.g_live.g_bank\[13\].u_prompt	ot_sram_1r1w_512x128_m4_r2c2	rd_out[64]	u_cfg.g_live.bank_q\[64\]	0.885352	{_14553_ A2 0.885352}
u_cfg.g_live.g_bank\[13\].u_prompt	ot_sram_1r1w_512x128_m4_r2c2	rd_out[65]	u_cfg.g_live.bank_q\[65\]	0.528014	{_14425_ A2 0.528014}
u_cfg.g_live.g_bank\[13\].u_prompt	ot_sram_1r1w_512x128_m4_r2c2	rd_out[66]	u_cfg.g_live.bank_q\[66\]	0.528014	{_14706_ A2 0.528014}
u_cfg.g_live.g_bank\[13\].u_prompt	ot_sram_1r1w_512x128_m4_r2c2	rd_out[67]	u_cfg.g_live.bank_q\[67\]	0.528014	{_14454_ A2 0.528014}
u_cfg.g_live.g_bank\[13\].u_prompt	ot_sram_1r1w_512x128_m4_r2c2	rd_out[68]	u_cfg.g_live.bank_q\[68\]	0.528014	{_14536_ A2 0.528014}
u_cfg.g_live.g_bank\[13\].u_prompt	ot_sram_1r1w_512x128_m4_r2c2	rd_out[69]	u_cfg.g_live.bank_q\[69\]	0.528014	{_14676_ A2 0.528014}
u_cfg.g_live.g_bank\[13\].u_prompt	ot_sram_1r1w_512x128_m4_r2c2	rd_out[70]	u_cfg.g_live.bank_q\[70\]	0.578766	{_14611_ A 0.578766}
u_cfg.g_live.g_bank\[13\].u_prompt	ot_sram_1r1w_512x128_m4_r2c2	rd_out[71]	u_cfg.g_live.bank_q\[71\]	0.578766	{_15076_ A 0.578766}
u_cfg.g_live.g_bank\[13\].u_prompt	ot_sram_1r1w_512x128_m4_r2c2	rd_out[72]	u_cfg.g_live.bank_q\[72\]	0.578766	{_14927_ A 0.578766}
u_cfg.g_live.g_bank\[13\].u_prompt	ot_sram_1r1w_512x128_m4_r2c2	rd_out[73]	u_cfg.g_live.bank_q\[73\]	0.528014	{_15013_ A2 0.528014}
u_cfg.g_live.g_bank\[13\].u_prompt	ot_sram_1r1w_512x128_m4_r2c2	rd_out[74]	u_cfg.g_live.bank_q\[74\]	0.885352	{_14883_ A2 0.885352}
u_cfg.g_live.g_bank\[13\].u_prompt	ot_sram_1r1w_512x128_m4_r2c2	rd_out[75]	u_cfg.g_live.bank_q\[75\]	0.528014	{_13984_ A2 0.528014}
u_cfg.g_live.g_bank\[13\].u_prompt	ot_sram_1r1w_512x128_m4_r2c2	rd_out[76]	u_cfg.g_live.bank_q\[76\]	0.528014	{_13862_ A2 0.528014}
u_cfg.g_live.g_bank\[13\].u_prompt	ot_sram_1r1w_512x128_m4_r2c2	rd_out[77]	u_cfg.g_live.bank_q\[77\]	0.528014	{_13817_ A2 0.528014}
u_cfg.g_live.g_bank\[13\].u_prompt	ot_sram_1r1w_512x128_m4_r2c2	rd_out[78]	u_cfg.g_live.bank_q\[78\]	0.528014	{_14052_ A2 0.528014}
u_cfg.g_live.g_bank\[13\].u_prompt	ot_sram_1r1w_512x128_m4_r2c2	rd_out[79]	u_cfg.g_live.bank_q\[79\]	0.528014	{_13880_ A2 0.528014}
u_cfg.g_live.g_bank\[13\].u_prompt	ot_sram_1r1w_512x128_m4_r2c2	rd_out[80]	u_cfg.g_live.bank_q\[80\]	0.528014	{_12837_ A2 0.528014}
u_cfg.g_live.g_bank\[13\].u_prompt	ot_sram_1r1w_512x128_m4_r2c2	rd_out[81]	u_cfg.g_live.bank_q\[81\]	0.578766	{_12744_ A 0.578766}
u_cfg.g_live.g_bank\[13\].u_prompt	ot_sram_1r1w_512x128_m4_r2c2	rd_out[82]	u_cfg.g_live.bank_q\[82\]	0.578766	{_12686_ A 0.578766}
u_cfg.g_live.g_bank\[13\].u_prompt	ot_sram_1r1w_512x128_m4_r2c2	rd_out[83]	u_cfg.g_live.bank_q\[83\]	0.578766	{_12857_ A 0.578766}
u_cfg.g_live.g_bank\[13\].u_prompt	ot_sram_1r1w_512x128_m4_r2c2	rd_out[84]	u_cfg.g_live.bank_q\[84\]	0.578766	{_12147_ A 0.578766}
u_cfg.g_live.g_bank\[13\].u_prompt	ot_sram_1r1w_512x128_m4_r2c2	rd_out[85]	u_cfg.g_live.bank_q\[85\]	1.42917	{_15746_ A2 0.528014} {_12375_ B 0.901156}
u_cfg.g_live.g_bank\[13\].u_prompt	ot_sram_1r1w_512x128_m4_r2c2	rd_out[86]	u_cfg.g_live.bank_q\[86\]	1.362273	{_15858_ A 0.578766} {_12375_ A 0.783507}
u_cfg.g_live.g_bank\[13\].u_prompt	ot_sram_1r1w_512x128_m4_r2c2	rd_out[87]	u_cfg.g_live.bank_q\[87\]	0.578766	{_12418_ A 0.578766}
u_cfg.g_live.g_bank\[13\].u_prompt	ot_sram_1r1w_512x128_m4_r2c2	rd_out[88]	u_cfg.g_live.bank_q\[88\]	0.528014	{_12642_ A2 0.528014}
u_cfg.g_live.g_bank\[13\].u_prompt	ot_sram_1r1w_512x128_m4_r2c2	rd_out[89]	u_cfg.g_live.bank_q\[89\]	0.578766	{_12543_ A 0.578766}
u_cfg.g_live.g_bank\[13\].u_prompt	ot_sram_1r1w_512x128_m4_r2c2	rd_out[90]	u_cfg.g_live.bank_q\[90\]	0.528014	{_15635_ A2 0.528014}
u_cfg.g_live.g_bank\[13\].u_prompt	ot_sram_1r1w_512x128_m4_r2c2	rd_out[91]	u_cfg.g_live.bank_q\[91\]	0.578766	{_15452_ A 0.578766}
u_cfg.g_live.g_bank\[13\].u_prompt	ot_sram_1r1w_512x128_m4_r2c2	rd_out[92]	u_cfg.g_live.bank_q\[92\]	0.528014	{_15549_ A2 0.528014}
u_cfg.g_live.g_bank\[13\].u_prompt	ot_sram_1r1w_512x128_m4_r2c2	rd_out[93]	u_cfg.g_live.bank_q\[93\]	0.578766	{_15346_ A 0.578766}
u_cfg.g_live.g_bank\[13\].u_prompt	ot_sram_1r1w_512x128_m4_r2c2	rd_out[94]	u_cfg.g_live.bank_q\[94\]	0.528014	{_15585_ A2 0.528014}
u_cfg.g_live.g_bank\[13\].u_prompt	ot_sram_1r1w_512x128_m4_r2c2	rd_out[95]	u_cfg.g_live.bank_q\[95\]	0.528014	{_15678_ A2 0.528014}
u_cfg.g_live.g_bank\[13\].u_prompt	ot_sram_1r1w_512x128_m4_r2c2	rd_out[96]	u_cfg.g_live.bank_q\[96\]	0.528014	{_15176_ A2 0.528014}
u_cfg.g_live.g_bank\[13\].u_prompt	ot_sram_1r1w_512x128_m4_r2c2	rd_out[97]	u_cfg.g_live.bank_q\[97\]	0.528014	{_14195_ A2 0.528014}
u_cfg.g_live.g_bank\[13\].u_prompt	ot_sram_1r1w_512x128_m4_r2c2	rd_out[98]	u_cfg.g_live.bank_q\[98\]	0.578766	{_14250_ A 0.578766}
u_cfg.g_live.g_bank\[13\].u_prompt	ot_sram_1r1w_512x128_m4_r2c2	rd_out[99]	u_cfg.g_live.bank_q\[99\]	0.528014	{_14190_ A2 0.528014}
u_cfg.g_live.g_bank\[13\].u_prompt	ot_sram_1r1w_512x128_m4_r2c2	rd_out[100]	u_cfg.g_live.bank_q\[100\]	0.528014	{_14304_ A2 0.528014}
u_cfg.g_live.g_bank\[13\].u_prompt	ot_sram_1r1w_512x128_m4_r2c2	rd_out[101]	u_cfg.g_live.bank_q\[101\]	0.578766	{_15287_ A 0.578766}
u_cfg.g_live.g_bank\[13\].u_prompt	ot_sram_1r1w_512x128_m4_r2c2	rd_out[102]	u_cfg.g_live.bank_q\[102\]	0.578766	{_15396_ A 0.578766}
u_cfg.g_live.g_bank\[13\].u_prompt	ot_sram_1r1w_512x128_m4_r2c2	rd_out[103]	u_cfg.g_live.bank_q\[103\]	0.578766	{_15198_ A 0.578766}
u_cfg.g_live.g_bank\[13\].u_prompt	ot_sram_1r1w_512x128_m4_r2c2	rd_out[104]	u_cfg.g_live.bank_q\[104\]	0.528014	{_15242_ A2 0.528014}
u_cfg.g_live.g_bank\[13\].u_prompt	ot_sram_1r1w_512x128_m4_r2c2	rd_out[105]	u_cfg.g_live.bank_q\[105\]	0.528014	{_13558_ A2 0.528014}
u_cfg.g_live.g_bank\[13\].u_prompt	ot_sram_1r1w_512x128_m4_r2c2	rd_out[106]	u_cfg.g_live.bank_q\[106\]	0.528014	{_13690_ A2 0.528014}
u_cfg.g_live.g_bank\[13\].u_prompt	ot_sram_1r1w_512x128_m4_r2c2	rd_out[107]	u_cfg.g_live.bank_q\[107\]	0.528014	{_13736_ A2 0.528014}
u_cfg.g_live.g_bank\[13\].u_prompt	ot_sram_1r1w_512x128_m4_r2c2	rd_out[108]	u_cfg.g_live.bank_q\[108\]	0.578766	{_13599_ A 0.578766}
u_cfg.g_live.g_bank\[13\].u_prompt	ot_sram_1r1w_512x128_m4_r2c2	rd_out[109]	u_cfg.g_live.bank_q\[109\]	0.578766	{_13950_ A 0.578766}
u_cfg.g_live.g_bank\[13\].u_prompt	ot_sram_1r1w_512x128_m4_r2c2	rd_out[110]	u_cfg.g_live.bank_q\[110\]	0.528014	{_13534_ A2 0.528014}
u_cfg.g_live.g_bank\[13\].u_prompt	ot_sram_1r1w_512x128_m4_r2c2	rd_out[111]	u_cfg.g_live.bank_q\[111\]	0.528014	{_13633_ A2 0.528014}
u_cfg.g_live.g_bank\[13\].u_prompt	ot_sram_1r1w_512x128_m4_r2c2	rd_out[112]	u_cfg.g_live.bank_q\[112\]	0.578766	{_13127_ A 0.578766}
u_cfg.g_live.g_bank\[13\].u_prompt	ot_sram_1r1w_512x128_m4_r2c2	rd_out[113]	u_cfg.g_live.bank_q\[113\]	0.528014	{_13170_ A2 0.528014}
u_cfg.g_live.g_bank\[13\].u_prompt	ot_sram_1r1w_512x128_m4_r2c2	rd_out[114]	u_cfg.g_live.bank_q\[114\]	0.578766	{_13370_ A 0.578766}
u_cfg.g_live.g_bank\[13\].u_prompt	ot_sram_1r1w_512x128_m4_r2c2	rd_out[115]	u_cfg.g_live.bank_q\[115\]	0.578766	{_13427_ A 0.578766}
u_cfg.g_live.g_bank\[13\].u_prompt	ot_sram_1r1w_512x128_m4_r2c2	rd_out[116]	u_cfg.g_live.bank_q\[116\]	0.578766	{_12972_ A 0.578766}
u_cfg.g_live.g_bank\[13\].u_prompt	ot_sram_1r1w_512x128_m4_r2c2	rd_out[117]	u_cfg.g_live.bank_q\[117\]	0.578766	{_13236_ A 0.578766}
u_cfg.g_live.g_bank\[13\].u_prompt	ot_sram_1r1w_512x128_m4_r2c2	rd_out[118]	u_cfg.g_live.bank_q\[118\]	0.528014	{_13260_ A2 0.528014}
u_cfg.g_live.g_bank\[13\].u_prompt	ot_sram_1r1w_512x128_m4_r2c2	rd_out[119]	u_cfg.g_live.bank_q\[119\]	0.528014	{_13317_ A2 0.528014}
u_cfg.g_live.g_bank\[13\].u_prompt	ot_sram_1r1w_512x128_m4_r2c2	rd_out[120]	u_cfg.g_live.bank_q\[120\]	0.528014	{_13102_ A2 0.528014}
u_cfg.g_live.g_bank\[13\].u_prompt	ot_sram_1r1w_512x128_m4_r2c2	rd_out[121]	u_cfg.g_live.bank_q\[121\]	0.528014	{_14403_ A2 0.528014}
u_cfg.g_live.g_bank\[13\].u_prompt	ot_sram_1r1w_512x128_m4_r2c2	rd_out[122]	u_cfg.g_live.bank_q\[122\]	0.578766	{_14843_ A 0.578766}
u_cfg.g_live.g_bank\[13\].u_prompt	ot_sram_1r1w_512x128_m4_r2c2	rd_out[123]	u_cfg.g_live.bank_q\[123\]	0.578766	{_15034_ A 0.578766}
u_cfg.g_live.g_bank\[13\].u_prompt	ot_sram_1r1w_512x128_m4_r2c2	rd_out[124]	u_cfg.g_live.bank_q\[124\]	0.578766	{_14082_ A 0.578766}
u_cfg.g_live.g_bank\[13\].u_prompt	ot_sram_1r1w_512x128_m4_r2c2	rd_out[125]	u_cfg.g_live.bank_q\[125\]	0.578766	{_12944_ A 0.578766}
u_cfg.g_live.g_bank\[13\].u_prompt	ot_sram_1r1w_512x128_m4_r2c2	rd_out[126]	u_cfg.g_live.bank_q\[126\]	0.578766	{_15501_ A 0.578766}
u_cfg.g_live.g_bank\[13\].u_prompt	ot_sram_1r1w_512x128_m4_r2c2	rd_out[127]	u_cfg.g_live.bank_q\[127\]	0.578766	{_14786_ A 0.578766}
u_cfg.g_live.g_bank\[13\].u_prompt	ot_sram_1r1w_512x128_m4_r2c2	w_ce_in	_02048_	0.578800	
u_cfg.g_live.g_bank\[13\].u_prompt	ot_sram_1r1w_512x128_m4_r2c2	w_addr_in[0]	_01885_	0.578800	
u_cfg.g_live.g_bank\[13\].u_prompt	ot_sram_1r1w_512x128_m4_r2c2	w_addr_in[1]	_01886_	0.578800	
u_cfg.g_live.g_bank\[13\].u_prompt	ot_sram_1r1w_512x128_m4_r2c2	w_addr_in[2]	_01887_	0.578800	
u_cfg.g_live.g_bank\[13\].u_prompt	ot_sram_1r1w_512x128_m4_r2c2	w_addr_in[3]	_01888_	0.578800	
u_cfg.g_live.g_bank\[13\].u_prompt	ot_sram_1r1w_512x128_m4_r2c2	w_addr_in[4]	_01889_	0.578800	
u_cfg.g_live.g_bank\[13\].u_prompt	ot_sram_1r1w_512x128_m4_r2c2	w_addr_in[5]	_01890_	0.578800	
u_cfg.g_live.g_bank\[13\].u_prompt	ot_sram_1r1w_512x128_m4_r2c2	w_addr_in[6]	_01891_	0.578800	
u_cfg.g_live.g_bank\[13\].u_prompt	ot_sram_1r1w_512x128_m4_r2c2	w_addr_in[7]	_01892_	0.578800	
u_cfg.g_live.g_bank\[13\].u_prompt	ot_sram_1r1w_512x128_m4_r2c2	w_addr_in[8]	_01893_	0.578800	
u_cfg.g_live.g_bank\[13\].u_prompt	ot_sram_1r1w_512x128_m4_r2c2	wd_in[0]	_01894_	0.578800	
u_cfg.g_live.g_bank\[13\].u_prompt	ot_sram_1r1w_512x128_m4_r2c2	wd_in[1]	_01933_	0.578800	
u_cfg.g_live.g_bank\[13\].u_prompt	ot_sram_1r1w_512x128_m4_r2c2	wd_in[2]	_01943_	0.578800	
u_cfg.g_live.g_bank\[13\].u_prompt	ot_sram_1r1w_512x128_m4_r2c2	wd_in[3]	_01954_	0.578800	
u_cfg.g_live.g_bank\[13\].u_prompt	ot_sram_1r1w_512x128_m4_r2c2	wd_in[4]	_01965_	0.578800	
u_cfg.g_live.g_bank\[13\].u_prompt	ot_sram_1r1w_512x128_m4_r2c2	wd_in[5]	_01976_	0.578800	
u_cfg.g_live.g_bank\[13\].u_prompt	ot_sram_1r1w_512x128_m4_r2c2	wd_in[6]	_01987_	0.578800	
u_cfg.g_live.g_bank\[13\].u_prompt	ot_sram_1r1w_512x128_m4_r2c2	wd_in[7]	_01998_	0.578800	
u_cfg.g_live.g_bank\[13\].u_prompt	ot_sram_1r1w_512x128_m4_r2c2	wd_in[8]	_02009_	0.578800	
u_cfg.g_live.g_bank\[13\].u_prompt	ot_sram_1r1w_512x128_m4_r2c2	wd_in[9]	_02020_	0.578800	
u_cfg.g_live.g_bank\[13\].u_prompt	ot_sram_1r1w_512x128_m4_r2c2	wd_in[10]	_01905_	0.578800	
u_cfg.g_live.g_bank\[13\].u_prompt	ot_sram_1r1w_512x128_m4_r2c2	wd_in[11]	_01916_	0.578800	
u_cfg.g_live.g_bank\[13\].u_prompt	ot_sram_1r1w_512x128_m4_r2c2	wd_in[12]	_01925_	0.578800	
u_cfg.g_live.g_bank\[13\].u_prompt	ot_sram_1r1w_512x128_m4_r2c2	wd_in[13]	_01926_	0.578800	
u_cfg.g_live.g_bank\[13\].u_prompt	ot_sram_1r1w_512x128_m4_r2c2	wd_in[14]	_01927_	0.578800	
u_cfg.g_live.g_bank\[13\].u_prompt	ot_sram_1r1w_512x128_m4_r2c2	wd_in[15]	_01928_	0.578800	
u_cfg.g_live.g_bank\[13\].u_prompt	ot_sram_1r1w_512x128_m4_r2c2	wd_in[16]	_01929_	0.578800	
u_cfg.g_live.g_bank\[13\].u_prompt	ot_sram_1r1w_512x128_m4_r2c2	wd_in[17]	_01930_	0.578800	
u_cfg.g_live.g_bank\[13\].u_prompt	ot_sram_1r1w_512x128_m4_r2c2	wd_in[18]	_01931_	0.578800	
u_cfg.g_live.g_bank\[13\].u_prompt	ot_sram_1r1w_512x128_m4_r2c2	wd_in[19]	_01932_	0.578800	
u_cfg.g_live.g_bank\[13\].u_prompt	ot_sram_1r1w_512x128_m4_r2c2	wd_in[20]	_01934_	0.578800	
u_cfg.g_live.g_bank\[13\].u_prompt	ot_sram_1r1w_512x128_m4_r2c2	wd_in[21]	_01935_	0.578800	
u_cfg.g_live.g_bank\[13\].u_prompt	ot_sram_1r1w_512x128_m4_r2c2	wd_in[22]	_01936_	0.578800	
u_cfg.g_live.g_bank\[13\].u_prompt	ot_sram_1r1w_512x128_m4_r2c2	wd_in[23]	_01937_	0.578800	
u_cfg.g_live.g_bank\[13\].u_prompt	ot_sram_1r1w_512x128_m4_r2c2	wd_in[24]	_01938_	0.578800	
u_cfg.g_live.g_bank\[13\].u_prompt	ot_sram_1r1w_512x128_m4_r2c2	wd_in[25]	_01939_	0.578800	
u_cfg.g_live.g_bank\[13\].u_prompt	ot_sram_1r1w_512x128_m4_r2c2	wd_in[26]	_10622_	0.578800	
u_cfg.g_live.g_bank\[13\].u_prompt	ot_sram_1r1w_512x128_m4_r2c2	wd_in[27]	_01940_	0.578800	
u_cfg.g_live.g_bank\[13\].u_prompt	ot_sram_1r1w_512x128_m4_r2c2	wd_in[28]	_01941_	0.578800	
u_cfg.g_live.g_bank\[13\].u_prompt	ot_sram_1r1w_512x128_m4_r2c2	wd_in[29]	_01942_	0.578800	
u_cfg.g_live.g_bank\[13\].u_prompt	ot_sram_1r1w_512x128_m4_r2c2	wd_in[30]	_01944_	0.578800	
u_cfg.g_live.g_bank\[13\].u_prompt	ot_sram_1r1w_512x128_m4_r2c2	wd_in[31]	_01945_	0.578800	
u_cfg.g_live.g_bank\[13\].u_prompt	ot_sram_1r1w_512x128_m4_r2c2	wd_in[32]	_01946_	0.578800	
u_cfg.g_live.g_bank\[13\].u_prompt	ot_sram_1r1w_512x128_m4_r2c2	wd_in[33]	_01947_	0.578800	
u_cfg.g_live.g_bank\[13\].u_prompt	ot_sram_1r1w_512x128_m4_r2c2	wd_in[34]	_01948_	0.578800	
u_cfg.g_live.g_bank\[13\].u_prompt	ot_sram_1r1w_512x128_m4_r2c2	wd_in[35]	_01949_	0.578800	
u_cfg.g_live.g_bank\[13\].u_prompt	ot_sram_1r1w_512x128_m4_r2c2	wd_in[36]	_01950_	0.578800	
u_cfg.g_live.g_bank\[13\].u_prompt	ot_sram_1r1w_512x128_m4_r2c2	wd_in[37]	_01951_	0.578800	
u_cfg.g_live.g_bank\[13\].u_prompt	ot_sram_1r1w_512x128_m4_r2c2	wd_in[38]	_01952_	0.578800	
u_cfg.g_live.g_bank\[13\].u_prompt	ot_sram_1r1w_512x128_m4_r2c2	wd_in[39]	_01953_	0.578800	
u_cfg.g_live.g_bank\[13\].u_prompt	ot_sram_1r1w_512x128_m4_r2c2	wd_in[40]	_01955_	0.578800	
u_cfg.g_live.g_bank\[13\].u_prompt	ot_sram_1r1w_512x128_m4_r2c2	wd_in[41]	_01956_	0.578800	
u_cfg.g_live.g_bank\[13\].u_prompt	ot_sram_1r1w_512x128_m4_r2c2	wd_in[42]	_01957_	0.578800	
u_cfg.g_live.g_bank\[13\].u_prompt	ot_sram_1r1w_512x128_m4_r2c2	wd_in[43]	_01958_	0.578800	
u_cfg.g_live.g_bank\[13\].u_prompt	ot_sram_1r1w_512x128_m4_r2c2	wd_in[44]	_01959_	0.578800	
u_cfg.g_live.g_bank\[13\].u_prompt	ot_sram_1r1w_512x128_m4_r2c2	wd_in[45]	_01960_	0.578800	
u_cfg.g_live.g_bank\[13\].u_prompt	ot_sram_1r1w_512x128_m4_r2c2	wd_in[46]	_01961_	0.578800	
u_cfg.g_live.g_bank\[13\].u_prompt	ot_sram_1r1w_512x128_m4_r2c2	wd_in[47]	_01962_	0.578800	
u_cfg.g_live.g_bank\[13\].u_prompt	ot_sram_1r1w_512x128_m4_r2c2	wd_in[48]	_01963_	0.578800	
u_cfg.g_live.g_bank\[13\].u_prompt	ot_sram_1r1w_512x128_m4_r2c2	wd_in[49]	_01964_	0.578800	
u_cfg.g_live.g_bank\[13\].u_prompt	ot_sram_1r1w_512x128_m4_r2c2	wd_in[50]	_01966_	0.578800	
u_cfg.g_live.g_bank\[13\].u_prompt	ot_sram_1r1w_512x128_m4_r2c2	wd_in[51]	_01967_	0.578800	
u_cfg.g_live.g_bank\[13\].u_prompt	ot_sram_1r1w_512x128_m4_r2c2	wd_in[52]	_01968_	0.578800	
u_cfg.g_live.g_bank\[13\].u_prompt	ot_sram_1r1w_512x128_m4_r2c2	wd_in[53]	_01969_	0.578800	
u_cfg.g_live.g_bank\[13\].u_prompt	ot_sram_1r1w_512x128_m4_r2c2	wd_in[54]	_01970_	0.578800	
u_cfg.g_live.g_bank\[13\].u_prompt	ot_sram_1r1w_512x128_m4_r2c2	wd_in[55]	_01971_	0.578800	
u_cfg.g_live.g_bank\[13\].u_prompt	ot_sram_1r1w_512x128_m4_r2c2	wd_in[56]	_01972_	0.578800	
u_cfg.g_live.g_bank\[13\].u_prompt	ot_sram_1r1w_512x128_m4_r2c2	wd_in[57]	_01973_	0.578800	
u_cfg.g_live.g_bank\[13\].u_prompt	ot_sram_1r1w_512x128_m4_r2c2	wd_in[58]	_01974_	0.578800	
u_cfg.g_live.g_bank\[13\].u_prompt	ot_sram_1r1w_512x128_m4_r2c2	wd_in[59]	_01975_	0.578800	
u_cfg.g_live.g_bank\[13\].u_prompt	ot_sram_1r1w_512x128_m4_r2c2	wd_in[60]	_01977_	0.578800	
u_cfg.g_live.g_bank\[13\].u_prompt	ot_sram_1r1w_512x128_m4_r2c2	wd_in[61]	_01978_	0.578800	
u_cfg.g_live.g_bank\[13\].u_prompt	ot_sram_1r1w_512x128_m4_r2c2	wd_in[62]	_01979_	0.578800	
u_cfg.g_live.g_bank\[13\].u_prompt	ot_sram_1r1w_512x128_m4_r2c2	wd_in[63]	_01980_	0.578800	
u_cfg.g_live.g_bank\[13\].u_prompt	ot_sram_1r1w_512x128_m4_r2c2	wd_in[64]	_01981_	0.578800	
u_cfg.g_live.g_bank\[13\].u_prompt	ot_sram_1r1w_512x128_m4_r2c2	wd_in[65]	_01982_	0.578800	
u_cfg.g_live.g_bank\[13\].u_prompt	ot_sram_1r1w_512x128_m4_r2c2	wd_in[66]	_01983_	0.578800	
u_cfg.g_live.g_bank\[13\].u_prompt	ot_sram_1r1w_512x128_m4_r2c2	wd_in[67]	_01984_	0.578800	
u_cfg.g_live.g_bank\[13\].u_prompt	ot_sram_1r1w_512x128_m4_r2c2	wd_in[68]	_01985_	0.578800	
u_cfg.g_live.g_bank\[13\].u_prompt	ot_sram_1r1w_512x128_m4_r2c2	wd_in[69]	_01986_	0.578800	
u_cfg.g_live.g_bank\[13\].u_prompt	ot_sram_1r1w_512x128_m4_r2c2	wd_in[70]	_01988_	0.578800	
u_cfg.g_live.g_bank\[13\].u_prompt	ot_sram_1r1w_512x128_m4_r2c2	wd_in[71]	_01989_	0.578800	
u_cfg.g_live.g_bank\[13\].u_prompt	ot_sram_1r1w_512x128_m4_r2c2	wd_in[72]	_01990_	0.578800	
u_cfg.g_live.g_bank\[13\].u_prompt	ot_sram_1r1w_512x128_m4_r2c2	wd_in[73]	_01991_	0.578800	
u_cfg.g_live.g_bank\[13\].u_prompt	ot_sram_1r1w_512x128_m4_r2c2	wd_in[74]	_01992_	0.578800	
u_cfg.g_live.g_bank\[13\].u_prompt	ot_sram_1r1w_512x128_m4_r2c2	wd_in[75]	_01993_	0.578800	
u_cfg.g_live.g_bank\[13\].u_prompt	ot_sram_1r1w_512x128_m4_r2c2	wd_in[76]	_01994_	0.578800	
u_cfg.g_live.g_bank\[13\].u_prompt	ot_sram_1r1w_512x128_m4_r2c2	wd_in[77]	_01995_	0.578800	
u_cfg.g_live.g_bank\[13\].u_prompt	ot_sram_1r1w_512x128_m4_r2c2	wd_in[78]	_01996_	0.578800	
u_cfg.g_live.g_bank\[13\].u_prompt	ot_sram_1r1w_512x128_m4_r2c2	wd_in[79]	_01997_	0.578800	
u_cfg.g_live.g_bank\[13\].u_prompt	ot_sram_1r1w_512x128_m4_r2c2	wd_in[80]	_01999_	0.578800	
u_cfg.g_live.g_bank\[13\].u_prompt	ot_sram_1r1w_512x128_m4_r2c2	wd_in[81]	_02000_	0.578800	
u_cfg.g_live.g_bank\[13\].u_prompt	ot_sram_1r1w_512x128_m4_r2c2	wd_in[82]	_02001_	0.578800	
u_cfg.g_live.g_bank\[13\].u_prompt	ot_sram_1r1w_512x128_m4_r2c2	wd_in[83]	_02002_	0.578800	
u_cfg.g_live.g_bank\[13\].u_prompt	ot_sram_1r1w_512x128_m4_r2c2	wd_in[84]	_02003_	0.578800	
u_cfg.g_live.g_bank\[13\].u_prompt	ot_sram_1r1w_512x128_m4_r2c2	wd_in[85]	_02004_	0.578800	
u_cfg.g_live.g_bank\[13\].u_prompt	ot_sram_1r1w_512x128_m4_r2c2	wd_in[86]	_02005_	0.578800	
u_cfg.g_live.g_bank\[13\].u_prompt	ot_sram_1r1w_512x128_m4_r2c2	wd_in[87]	_02006_	0.578800	
u_cfg.g_live.g_bank\[13\].u_prompt	ot_sram_1r1w_512x128_m4_r2c2	wd_in[88]	_02007_	0.578800	
u_cfg.g_live.g_bank\[13\].u_prompt	ot_sram_1r1w_512x128_m4_r2c2	wd_in[89]	_02008_	0.578800	
u_cfg.g_live.g_bank\[13\].u_prompt	ot_sram_1r1w_512x128_m4_r2c2	wd_in[90]	_02010_	0.578800	
u_cfg.g_live.g_bank\[13\].u_prompt	ot_sram_1r1w_512x128_m4_r2c2	wd_in[91]	_02011_	0.578800	
u_cfg.g_live.g_bank\[13\].u_prompt	ot_sram_1r1w_512x128_m4_r2c2	wd_in[92]	_02012_	0.578800	
u_cfg.g_live.g_bank\[13\].u_prompt	ot_sram_1r1w_512x128_m4_r2c2	wd_in[93]	_02013_	0.578800	
u_cfg.g_live.g_bank\[13\].u_prompt	ot_sram_1r1w_512x128_m4_r2c2	wd_in[94]	_02014_	0.578800	
u_cfg.g_live.g_bank\[13\].u_prompt	ot_sram_1r1w_512x128_m4_r2c2	wd_in[95]	_02015_	0.578800	
u_cfg.g_live.g_bank\[13\].u_prompt	ot_sram_1r1w_512x128_m4_r2c2	wd_in[96]	_02016_	0.578800	
u_cfg.g_live.g_bank\[13\].u_prompt	ot_sram_1r1w_512x128_m4_r2c2	wd_in[97]	_02017_	0.578800	
u_cfg.g_live.g_bank\[13\].u_prompt	ot_sram_1r1w_512x128_m4_r2c2	wd_in[98]	_02018_	0.578800	
u_cfg.g_live.g_bank\[13\].u_prompt	ot_sram_1r1w_512x128_m4_r2c2	wd_in[99]	_02019_	0.578800	
u_cfg.g_live.g_bank\[13\].u_prompt	ot_sram_1r1w_512x128_m4_r2c2	wd_in[100]	_01895_	0.578800	
u_cfg.g_live.g_bank\[13\].u_prompt	ot_sram_1r1w_512x128_m4_r2c2	wd_in[101]	_01896_	0.578800	
u_cfg.g_live.g_bank\[13\].u_prompt	ot_sram_1r1w_512x128_m4_r2c2	wd_in[102]	_01897_	0.578800	
u_cfg.g_live.g_bank\[13\].u_prompt	ot_sram_1r1w_512x128_m4_r2c2	wd_in[103]	_01898_	0.578800	
u_cfg.g_live.g_bank\[13\].u_prompt	ot_sram_1r1w_512x128_m4_r2c2	wd_in[104]	_01899_	0.578800	
u_cfg.g_live.g_bank\[13\].u_prompt	ot_sram_1r1w_512x128_m4_r2c2	wd_in[105]	_01900_	0.578800	
u_cfg.g_live.g_bank\[13\].u_prompt	ot_sram_1r1w_512x128_m4_r2c2	wd_in[106]	_01901_	0.578800	
u_cfg.g_live.g_bank\[13\].u_prompt	ot_sram_1r1w_512x128_m4_r2c2	wd_in[107]	_01902_	0.578800	
u_cfg.g_live.g_bank\[13\].u_prompt	ot_sram_1r1w_512x128_m4_r2c2	wd_in[108]	_01903_	0.578800	
u_cfg.g_live.g_bank\[13\].u_prompt	ot_sram_1r1w_512x128_m4_r2c2	wd_in[109]	_01904_	0.578800	
u_cfg.g_live.g_bank\[13\].u_prompt	ot_sram_1r1w_512x128_m4_r2c2	wd_in[110]	_01906_	0.578800	
u_cfg.g_live.g_bank\[13\].u_prompt	ot_sram_1r1w_512x128_m4_r2c2	wd_in[111]	_01907_	0.578800	
u_cfg.g_live.g_bank\[13\].u_prompt	ot_sram_1r1w_512x128_m4_r2c2	wd_in[112]	_01908_	0.578800	
u_cfg.g_live.g_bank\[13\].u_prompt	ot_sram_1r1w_512x128_m4_r2c2	wd_in[113]	_01909_	0.578800	
u_cfg.g_live.g_bank\[13\].u_prompt	ot_sram_1r1w_512x128_m4_r2c2	wd_in[114]	_01910_	0.578800	
u_cfg.g_live.g_bank\[13\].u_prompt	ot_sram_1r1w_512x128_m4_r2c2	wd_in[115]	_01911_	0.578800	
u_cfg.g_live.g_bank\[13\].u_prompt	ot_sram_1r1w_512x128_m4_r2c2	wd_in[116]	_01912_	0.578800	
u_cfg.g_live.g_bank\[13\].u_prompt	ot_sram_1r1w_512x128_m4_r2c2	wd_in[117]	_01913_	0.578800	
u_cfg.g_live.g_bank\[13\].u_prompt	ot_sram_1r1w_512x128_m4_r2c2	wd_in[118]	_01914_	0.578800	
u_cfg.g_live.g_bank\[13\].u_prompt	ot_sram_1r1w_512x128_m4_r2c2	wd_in[119]	_01915_	0.578800	
u_cfg.g_live.g_bank\[13\].u_prompt	ot_sram_1r1w_512x128_m4_r2c2	wd_in[120]	_01917_	0.578800	
u_cfg.g_live.g_bank\[13\].u_prompt	ot_sram_1r1w_512x128_m4_r2c2	wd_in[121]	_01918_	0.578800	
u_cfg.g_live.g_bank\[13\].u_prompt	ot_sram_1r1w_512x128_m4_r2c2	wd_in[122]	_01919_	0.578800	
u_cfg.g_live.g_bank\[13\].u_prompt	ot_sram_1r1w_512x128_m4_r2c2	wd_in[123]	_01920_	0.578800	
u_cfg.g_live.g_bank\[13\].u_prompt	ot_sram_1r1w_512x128_m4_r2c2	wd_in[124]	_01921_	0.578800	
u_cfg.g_live.g_bank\[13\].u_prompt	ot_sram_1r1w_512x128_m4_r2c2	wd_in[125]	_01922_	0.578800	
u_cfg.g_live.g_bank\[13\].u_prompt	ot_sram_1r1w_512x128_m4_r2c2	wd_in[126]	_01923_	0.578800	
u_cfg.g_live.g_bank\[13\].u_prompt	ot_sram_1r1w_512x128_m4_r2c2	wd_in[127]	_01924_	0.578800	
u_cfg.g_live.g_bank\[13\].u_prompt	ot_sram_1r1w_512x128_m4_r2c2	w_mask_in[0]	_02021_	0.578800	
u_cfg.g_live.g_bank\[13\].u_prompt	ot_sram_1r1w_512x128_m4_r2c2	w_mask_in[1]	_02021_	0.578800	
u_cfg.g_live.g_bank\[13\].u_prompt	ot_sram_1r1w_512x128_m4_r2c2	w_mask_in[2]	_02021_	0.578800	
u_cfg.g_live.g_bank\[13\].u_prompt	ot_sram_1r1w_512x128_m4_r2c2	w_mask_in[3]	_02021_	0.578800	
u_cfg.g_live.g_bank\[13\].u_prompt	ot_sram_1r1w_512x128_m4_r2c2	w_mask_in[4]	_02021_	0.578800	
u_cfg.g_live.g_bank\[13\].u_prompt	ot_sram_1r1w_512x128_m4_r2c2	w_mask_in[5]	_02021_	0.578800	
u_cfg.g_live.g_bank\[13\].u_prompt	ot_sram_1r1w_512x128_m4_r2c2	w_mask_in[6]	_02021_	0.578800	
u_cfg.g_live.g_bank\[13\].u_prompt	ot_sram_1r1w_512x128_m4_r2c2	w_mask_in[7]	_02021_	0.578800	
u_cfg.g_live.g_bank\[13\].u_prompt	ot_sram_1r1w_512x128_m4_r2c2	w_mask_in[8]	_02021_	0.578800	
u_cfg.g_live.g_bank\[13\].u_prompt	ot_sram_1r1w_512x128_m4_r2c2	w_mask_in[9]	_02021_	0.578800	
u_cfg.g_live.g_bank\[13\].u_prompt	ot_sram_1r1w_512x128_m4_r2c2	w_mask_in[10]	_02021_	0.578800	
u_cfg.g_live.g_bank\[13\].u_prompt	ot_sram_1r1w_512x128_m4_r2c2	w_mask_in[11]	_02021_	0.578800	
u_cfg.g_live.g_bank\[13\].u_prompt	ot_sram_1r1w_512x128_m4_r2c2	w_mask_in[12]	_02021_	0.578800	
u_cfg.g_live.g_bank\[13\].u_prompt	ot_sram_1r1w_512x128_m4_r2c2	w_mask_in[13]	_02021_	0.578800	
u_cfg.g_live.g_bank\[13\].u_prompt	ot_sram_1r1w_512x128_m4_r2c2	w_mask_in[14]	_02021_	0.578800	
u_cfg.g_live.g_bank\[13\].u_prompt	ot_sram_1r1w_512x128_m4_r2c2	w_mask_in[15]	_02021_	0.578800	
u_cfg.g_live.g_bank\[13\].u_prompt	ot_sram_1r1w_512x128_m4_r2c2	w_mask_in[16]	_02021_	0.578800	
u_cfg.g_live.g_bank\[13\].u_prompt	ot_sram_1r1w_512x128_m4_r2c2	w_mask_in[17]	_02021_	0.578800	
u_cfg.g_live.g_bank\[13\].u_prompt	ot_sram_1r1w_512x128_m4_r2c2	w_mask_in[18]	_02021_	0.578800	
u_cfg.g_live.g_bank\[13\].u_prompt	ot_sram_1r1w_512x128_m4_r2c2	w_mask_in[19]	_02021_	0.578800	
u_cfg.g_live.g_bank\[13\].u_prompt	ot_sram_1r1w_512x128_m4_r2c2	w_mask_in[20]	_02021_	0.578800	
u_cfg.g_live.g_bank\[13\].u_prompt	ot_sram_1r1w_512x128_m4_r2c2	w_mask_in[21]	_02021_	0.578800	
u_cfg.g_live.g_bank\[13\].u_prompt	ot_sram_1r1w_512x128_m4_r2c2	w_mask_in[22]	_02021_	0.578800	
u_cfg.g_live.g_bank\[13\].u_prompt	ot_sram_1r1w_512x128_m4_r2c2	w_mask_in[23]	_02021_	0.578800	
u_cfg.g_live.g_bank\[13\].u_prompt	ot_sram_1r1w_512x128_m4_r2c2	w_mask_in[24]	_02021_	0.578800	
u_cfg.g_live.g_bank\[13\].u_prompt	ot_sram_1r1w_512x128_m4_r2c2	w_mask_in[25]	_02021_	0.578800	
u_cfg.g_live.g_bank\[13\].u_prompt	ot_sram_1r1w_512x128_m4_r2c2	w_mask_in[26]	_02021_	0.578800	
u_cfg.g_live.g_bank\[13\].u_prompt	ot_sram_1r1w_512x128_m4_r2c2	w_mask_in[27]	_02021_	0.578800	
u_cfg.g_live.g_bank\[13\].u_prompt	ot_sram_1r1w_512x128_m4_r2c2	w_mask_in[28]	_02021_	0.578800	
u_cfg.g_live.g_bank\[13\].u_prompt	ot_sram_1r1w_512x128_m4_r2c2	w_mask_in[29]	_02021_	0.578800	
u_cfg.g_live.g_bank\[13\].u_prompt	ot_sram_1r1w_512x128_m4_r2c2	w_mask_in[30]	_02021_	0.578800	
u_cfg.g_live.g_bank\[13\].u_prompt	ot_sram_1r1w_512x128_m4_r2c2	w_mask_in[31]	_02021_	0.578800	
u_cfg.g_live.g_bank\[13\].u_prompt	ot_sram_1r1w_512x128_m4_r2c2	w_mask_in[32]	_02021_	0.578800	
u_cfg.g_live.g_bank\[13\].u_prompt	ot_sram_1r1w_512x128_m4_r2c2	w_mask_in[33]	_02021_	0.578800	
u_cfg.g_live.g_bank\[13\].u_prompt	ot_sram_1r1w_512x128_m4_r2c2	w_mask_in[34]	_02021_	0.578800	
u_cfg.g_live.g_bank\[13\].u_prompt	ot_sram_1r1w_512x128_m4_r2c2	w_mask_in[35]	_02021_	0.578800	
u_cfg.g_live.g_bank\[13\].u_prompt	ot_sram_1r1w_512x128_m4_r2c2	w_mask_in[36]	_02021_	0.578800	
u_cfg.g_live.g_bank\[13\].u_prompt	ot_sram_1r1w_512x128_m4_r2c2	w_mask_in[37]	_02021_	0.578800	
u_cfg.g_live.g_bank\[13\].u_prompt	ot_sram_1r1w_512x128_m4_r2c2	w_mask_in[38]	_02021_	0.578800	
u_cfg.g_live.g_bank\[13\].u_prompt	ot_sram_1r1w_512x128_m4_r2c2	w_mask_in[39]	_02021_	0.578800	
u_cfg.g_live.g_bank\[13\].u_prompt	ot_sram_1r1w_512x128_m4_r2c2	w_mask_in[40]	_02021_	0.578800	
u_cfg.g_live.g_bank\[13\].u_prompt	ot_sram_1r1w_512x128_m4_r2c2	w_mask_in[41]	_02021_	0.578800	
u_cfg.g_live.g_bank\[13\].u_prompt	ot_sram_1r1w_512x128_m4_r2c2	w_mask_in[42]	_02021_	0.578800	
u_cfg.g_live.g_bank\[13\].u_prompt	ot_sram_1r1w_512x128_m4_r2c2	w_mask_in[43]	_02021_	0.578800	
u_cfg.g_live.g_bank\[13\].u_prompt	ot_sram_1r1w_512x128_m4_r2c2	w_mask_in[44]	_02021_	0.578800	
u_cfg.g_live.g_bank\[13\].u_prompt	ot_sram_1r1w_512x128_m4_r2c2	w_mask_in[45]	_02021_	0.578800	
u_cfg.g_live.g_bank\[13\].u_prompt	ot_sram_1r1w_512x128_m4_r2c2	w_mask_in[46]	_02021_	0.578800	
u_cfg.g_live.g_bank\[13\].u_prompt	ot_sram_1r1w_512x128_m4_r2c2	w_mask_in[47]	_02021_	0.578800	
u_cfg.g_live.g_bank\[13\].u_prompt	ot_sram_1r1w_512x128_m4_r2c2	w_mask_in[48]	_02021_	0.578800	
u_cfg.g_live.g_bank\[13\].u_prompt	ot_sram_1r1w_512x128_m4_r2c2	w_mask_in[49]	_02021_	0.578800	
u_cfg.g_live.g_bank\[13\].u_prompt	ot_sram_1r1w_512x128_m4_r2c2	w_mask_in[50]	_02021_	0.578800	
u_cfg.g_live.g_bank\[13\].u_prompt	ot_sram_1r1w_512x128_m4_r2c2	w_mask_in[51]	_02021_	0.578800	
u_cfg.g_live.g_bank\[13\].u_prompt	ot_sram_1r1w_512x128_m4_r2c2	w_mask_in[52]	_02021_	0.578800	
u_cfg.g_live.g_bank\[13\].u_prompt	ot_sram_1r1w_512x128_m4_r2c2	w_mask_in[53]	_02021_	0.578800	
u_cfg.g_live.g_bank\[13\].u_prompt	ot_sram_1r1w_512x128_m4_r2c2	w_mask_in[54]	_02021_	0.578800	
u_cfg.g_live.g_bank\[13\].u_prompt	ot_sram_1r1w_512x128_m4_r2c2	w_mask_in[55]	_02021_	0.578800	
u_cfg.g_live.g_bank\[13\].u_prompt	ot_sram_1r1w_512x128_m4_r2c2	w_mask_in[56]	_02021_	0.578800	
u_cfg.g_live.g_bank\[13\].u_prompt	ot_sram_1r1w_512x128_m4_r2c2	w_mask_in[57]	_02021_	0.578800	
u_cfg.g_live.g_bank\[13\].u_prompt	ot_sram_1r1w_512x128_m4_r2c2	w_mask_in[58]	_02021_	0.578800	
u_cfg.g_live.g_bank\[13\].u_prompt	ot_sram_1r1w_512x128_m4_r2c2	w_mask_in[59]	_02021_	0.578800	
u_cfg.g_live.g_bank\[13\].u_prompt	ot_sram_1r1w_512x128_m4_r2c2	w_mask_in[60]	_02021_	0.578800	
u_cfg.g_live.g_bank\[13\].u_prompt	ot_sram_1r1w_512x128_m4_r2c2	w_mask_in[61]	_02021_	0.578800	
u_cfg.g_live.g_bank\[13\].u_prompt	ot_sram_1r1w_512x128_m4_r2c2	w_mask_in[62]	_02021_	0.578800	
u_cfg.g_live.g_bank\[13\].u_prompt	ot_sram_1r1w_512x128_m4_r2c2	w_mask_in[63]	_02021_	0.578800	
u_cfg.g_live.g_bank\[13\].u_prompt	ot_sram_1r1w_512x128_m4_r2c2	w_mask_in[64]	_02022_	0.578800	
u_cfg.g_live.g_bank\[13\].u_prompt	ot_sram_1r1w_512x128_m4_r2c2	w_mask_in[65]	_02022_	0.578800	
u_cfg.g_live.g_bank\[13\].u_prompt	ot_sram_1r1w_512x128_m4_r2c2	w_mask_in[66]	_02022_	0.578800	
u_cfg.g_live.g_bank\[13\].u_prompt	ot_sram_1r1w_512x128_m4_r2c2	w_mask_in[67]	_02022_	0.578800	
u_cfg.g_live.g_bank\[13\].u_prompt	ot_sram_1r1w_512x128_m4_r2c2	w_mask_in[68]	_02022_	0.578800	
u_cfg.g_live.g_bank\[13\].u_prompt	ot_sram_1r1w_512x128_m4_r2c2	w_mask_in[69]	_02022_	0.578800	
u_cfg.g_live.g_bank\[13\].u_prompt	ot_sram_1r1w_512x128_m4_r2c2	w_mask_in[70]	_02022_	0.578800	
u_cfg.g_live.g_bank\[13\].u_prompt	ot_sram_1r1w_512x128_m4_r2c2	w_mask_in[71]	_02022_	0.578800	
u_cfg.g_live.g_bank\[13\].u_prompt	ot_sram_1r1w_512x128_m4_r2c2	w_mask_in[72]	_02022_	0.578800	
u_cfg.g_live.g_bank\[13\].u_prompt	ot_sram_1r1w_512x128_m4_r2c2	w_mask_in[73]	_02022_	0.578800	
u_cfg.g_live.g_bank\[13\].u_prompt	ot_sram_1r1w_512x128_m4_r2c2	w_mask_in[74]	_02022_	0.578800	
u_cfg.g_live.g_bank\[13\].u_prompt	ot_sram_1r1w_512x128_m4_r2c2	w_mask_in[75]	_02022_	0.578800	
u_cfg.g_live.g_bank\[13\].u_prompt	ot_sram_1r1w_512x128_m4_r2c2	w_mask_in[76]	_02022_	0.578800	
u_cfg.g_live.g_bank\[13\].u_prompt	ot_sram_1r1w_512x128_m4_r2c2	w_mask_in[77]	_02022_	0.578800	
u_cfg.g_live.g_bank\[13\].u_prompt	ot_sram_1r1w_512x128_m4_r2c2	w_mask_in[78]	_02022_	0.578800	
u_cfg.g_live.g_bank\[13\].u_prompt	ot_sram_1r1w_512x128_m4_r2c2	w_mask_in[79]	_02022_	0.578800	
u_cfg.g_live.g_bank\[13\].u_prompt	ot_sram_1r1w_512x128_m4_r2c2	w_mask_in[80]	_02022_	0.578800	
u_cfg.g_live.g_bank\[13\].u_prompt	ot_sram_1r1w_512x128_m4_r2c2	w_mask_in[81]	_02022_	0.578800	
u_cfg.g_live.g_bank\[13\].u_prompt	ot_sram_1r1w_512x128_m4_r2c2	w_mask_in[82]	_02022_	0.578800	
u_cfg.g_live.g_bank\[13\].u_prompt	ot_sram_1r1w_512x128_m4_r2c2	w_mask_in[83]	_02022_	0.578800	
u_cfg.g_live.g_bank\[13\].u_prompt	ot_sram_1r1w_512x128_m4_r2c2	w_mask_in[84]	_02022_	0.578800	
u_cfg.g_live.g_bank\[13\].u_prompt	ot_sram_1r1w_512x128_m4_r2c2	w_mask_in[85]	_02022_	0.578800	
u_cfg.g_live.g_bank\[13\].u_prompt	ot_sram_1r1w_512x128_m4_r2c2	w_mask_in[86]	_02022_	0.578800	
u_cfg.g_live.g_bank\[13\].u_prompt	ot_sram_1r1w_512x128_m4_r2c2	w_mask_in[87]	_02022_	0.578800	
u_cfg.g_live.g_bank\[13\].u_prompt	ot_sram_1r1w_512x128_m4_r2c2	w_mask_in[88]	_02022_	0.578800	
u_cfg.g_live.g_bank\[13\].u_prompt	ot_sram_1r1w_512x128_m4_r2c2	w_mask_in[89]	_02022_	0.578800	
u_cfg.g_live.g_bank\[13\].u_prompt	ot_sram_1r1w_512x128_m4_r2c2	w_mask_in[90]	_02022_	0.578800	
u_cfg.g_live.g_bank\[13\].u_prompt	ot_sram_1r1w_512x128_m4_r2c2	w_mask_in[91]	_02022_	0.578800	
u_cfg.g_live.g_bank\[13\].u_prompt	ot_sram_1r1w_512x128_m4_r2c2	w_mask_in[92]	_02022_	0.578800	
u_cfg.g_live.g_bank\[13\].u_prompt	ot_sram_1r1w_512x128_m4_r2c2	w_mask_in[93]	_02022_	0.578800	
u_cfg.g_live.g_bank\[13\].u_prompt	ot_sram_1r1w_512x128_m4_r2c2	w_mask_in[94]	_02022_	0.578800	
u_cfg.g_live.g_bank\[13\].u_prompt	ot_sram_1r1w_512x128_m4_r2c2	w_mask_in[95]	_02022_	0.578800	
u_cfg.g_live.g_bank\[13\].u_prompt	ot_sram_1r1w_512x128_m4_r2c2	w_mask_in[96]	_02022_	0.578800	
u_cfg.g_live.g_bank\[13\].u_prompt	ot_sram_1r1w_512x128_m4_r2c2	w_mask_in[97]	_02022_	0.578800	
u_cfg.g_live.g_bank\[13\].u_prompt	ot_sram_1r1w_512x128_m4_r2c2	w_mask_in[98]	_02022_	0.578800	
u_cfg.g_live.g_bank\[13\].u_prompt	ot_sram_1r1w_512x128_m4_r2c2	w_mask_in[99]	_02022_	0.578800	
u_cfg.g_live.g_bank\[13\].u_prompt	ot_sram_1r1w_512x128_m4_r2c2	w_mask_in[100]	_02022_	0.578800	
u_cfg.g_live.g_bank\[13\].u_prompt	ot_sram_1r1w_512x128_m4_r2c2	w_mask_in[101]	_02022_	0.578800	
u_cfg.g_live.g_bank\[13\].u_prompt	ot_sram_1r1w_512x128_m4_r2c2	w_mask_in[102]	_02022_	0.578800	
u_cfg.g_live.g_bank\[13\].u_prompt	ot_sram_1r1w_512x128_m4_r2c2	w_mask_in[103]	_02022_	0.578800	
u_cfg.g_live.g_bank\[13\].u_prompt	ot_sram_1r1w_512x128_m4_r2c2	w_mask_in[104]	_02022_	0.578800	
u_cfg.g_live.g_bank\[13\].u_prompt	ot_sram_1r1w_512x128_m4_r2c2	w_mask_in[105]	_02022_	0.578800	
u_cfg.g_live.g_bank\[13\].u_prompt	ot_sram_1r1w_512x128_m4_r2c2	w_mask_in[106]	_02022_	0.578800	
u_cfg.g_live.g_bank\[13\].u_prompt	ot_sram_1r1w_512x128_m4_r2c2	w_mask_in[107]	_02022_	0.578800	
u_cfg.g_live.g_bank\[13\].u_prompt	ot_sram_1r1w_512x128_m4_r2c2	w_mask_in[108]	_02022_	0.578800	
u_cfg.g_live.g_bank\[13\].u_prompt	ot_sram_1r1w_512x128_m4_r2c2	w_mask_in[109]	_02022_	0.578800	
u_cfg.g_live.g_bank\[13\].u_prompt	ot_sram_1r1w_512x128_m4_r2c2	w_mask_in[110]	_02022_	0.578800	
u_cfg.g_live.g_bank\[13\].u_prompt	ot_sram_1r1w_512x128_m4_r2c2	w_mask_in[111]	_02022_	0.578800	
u_cfg.g_live.g_bank\[13\].u_prompt	ot_sram_1r1w_512x128_m4_r2c2	w_mask_in[112]	_02022_	0.578800	
u_cfg.g_live.g_bank\[13\].u_prompt	ot_sram_1r1w_512x128_m4_r2c2	w_mask_in[113]	_02022_	0.578800	
u_cfg.g_live.g_bank\[13\].u_prompt	ot_sram_1r1w_512x128_m4_r2c2	w_mask_in[114]	_02022_	0.578800	
u_cfg.g_live.g_bank\[13\].u_prompt	ot_sram_1r1w_512x128_m4_r2c2	w_mask_in[115]	_02022_	0.578800	
u_cfg.g_live.g_bank\[13\].u_prompt	ot_sram_1r1w_512x128_m4_r2c2	w_mask_in[116]	_02022_	0.578800	
u_cfg.g_live.g_bank\[13\].u_prompt	ot_sram_1r1w_512x128_m4_r2c2	w_mask_in[117]	_02022_	0.578800	
u_cfg.g_live.g_bank\[13\].u_prompt	ot_sram_1r1w_512x128_m4_r2c2	w_mask_in[118]	_02022_	0.578800	
u_cfg.g_live.g_bank\[13\].u_prompt	ot_sram_1r1w_512x128_m4_r2c2	w_mask_in[119]	_02022_	0.578800	
u_cfg.g_live.g_bank\[13\].u_prompt	ot_sram_1r1w_512x128_m4_r2c2	w_mask_in[120]	_02022_	0.578800	
u_cfg.g_live.g_bank\[13\].u_prompt	ot_sram_1r1w_512x128_m4_r2c2	w_mask_in[121]	_02022_	0.578800	
u_cfg.g_live.g_bank\[13\].u_prompt	ot_sram_1r1w_512x128_m4_r2c2	w_mask_in[122]	_02022_	0.578800	
u_cfg.g_live.g_bank\[13\].u_prompt	ot_sram_1r1w_512x128_m4_r2c2	w_mask_in[123]	_02022_	0.578800	
u_cfg.g_live.g_bank\[13\].u_prompt	ot_sram_1r1w_512x128_m4_r2c2	w_mask_in[124]	_02022_	0.578800	
u_cfg.g_live.g_bank\[13\].u_prompt	ot_sram_1r1w_512x128_m4_r2c2	w_mask_in[125]	_02022_	0.578800	
u_cfg.g_live.g_bank\[13\].u_prompt	ot_sram_1r1w_512x128_m4_r2c2	w_mask_in[126]	_02022_	0.578800	
u_cfg.g_live.g_bank\[13\].u_prompt	ot_sram_1r1w_512x128_m4_r2c2	w_mask_in[127]	_02022_	0.578800	
u_cfg.g_live.g_bank\[13\].u_prompt	ot_sram_1r1w_512x128_m4_r2c2	rr_en[0]	_10622_	0.578800	
u_cfg.g_live.g_bank\[13\].u_prompt	ot_sram_1r1w_512x128_m4_r2c2	rr_en[1]	_10622_	0.578800	
u_cfg.g_live.g_bank\[13\].u_prompt	ot_sram_1r1w_512x128_m4_r2c2	rr_addr[0]	_10622_	0.578800	
u_cfg.g_live.g_bank\[13\].u_prompt	ot_sram_1r1w_512x128_m4_r2c2	rr_addr[1]	_10622_	0.578800	
u_cfg.g_live.g_bank\[13\].u_prompt	ot_sram_1r1w_512x128_m4_r2c2	rr_addr[2]	_10622_	0.578800	
u_cfg.g_live.g_bank\[13\].u_prompt	ot_sram_1r1w_512x128_m4_r2c2	rr_addr[3]	_10622_	0.578800	
u_cfg.g_live.g_bank\[13\].u_prompt	ot_sram_1r1w_512x128_m4_r2c2	rr_addr[4]	_10622_	0.578800	
u_cfg.g_live.g_bank\[13\].u_prompt	ot_sram_1r1w_512x128_m4_r2c2	rr_addr[5]	_10622_	0.578800	
u_cfg.g_live.g_bank\[13\].u_prompt	ot_sram_1r1w_512x128_m4_r2c2	rr_addr[6]	_10622_	0.578800	
u_cfg.g_live.g_bank\[13\].u_prompt	ot_sram_1r1w_512x128_m4_r2c2	rr_addr[7]	_10622_	0.578800	
u_cfg.g_live.g_bank\[13\].u_prompt	ot_sram_1r1w_512x128_m4_r2c2	rr_addr[8]	_10622_	0.578800	
u_cfg.g_live.g_bank\[13\].u_prompt	ot_sram_1r1w_512x128_m4_r2c2	rr_addr[9]	_10622_	0.578800	
u_cfg.g_live.g_bank\[13\].u_prompt	ot_sram_1r1w_512x128_m4_r2c2	rr_addr[10]	_10622_	0.578800	
u_cfg.g_live.g_bank\[13\].u_prompt	ot_sram_1r1w_512x128_m4_r2c2	rr_addr[11]	_10622_	0.578800	
u_cfg.g_live.g_bank\[13\].u_prompt	ot_sram_1r1w_512x128_m4_r2c2	rr_addr[12]	_10622_	0.578800	
u_cfg.g_live.g_bank\[13\].u_prompt	ot_sram_1r1w_512x128_m4_r2c2	rr_addr[13]	_10622_	0.578800	
u_cfg.g_live.g_bank\[13\].u_prompt	ot_sram_1r1w_512x128_m4_r2c2	cr_en[0]	_10622_	0.578800	
u_cfg.g_live.g_bank\[13\].u_prompt	ot_sram_1r1w_512x128_m4_r2c2	cr_en[1]	_10622_	0.578800	
u_cfg.g_live.g_bank\[13\].u_prompt	ot_sram_1r1w_512x128_m4_r2c2	cr_sel[0]	_10622_	0.578800	
u_cfg.g_live.g_bank\[13\].u_prompt	ot_sram_1r1w_512x128_m4_r2c2	cr_sel[1]	_10622_	0.578800	
u_cfg.g_live.g_bank\[13\].u_prompt	ot_sram_1r1w_512x128_m4_r2c2	cr_sel[2]	_10622_	0.578800	
u_cfg.g_live.g_bank\[13\].u_prompt	ot_sram_1r1w_512x128_m4_r2c2	cr_sel[3]	_10622_	0.578800	
u_cfg.g_live.g_bank\[13\].u_prompt	ot_sram_1r1w_512x128_m4_r2c2	cr_sel[4]	_10622_	0.578800	
u_cfg.g_live.g_bank\[13\].u_prompt	ot_sram_1r1w_512x128_m4_r2c2	cr_sel[5]	_10622_	0.578800	
u_cfg.g_live.g_bank\[13\].u_prompt	ot_sram_1r1w_512x128_m4_r2c2	cr_sel[6]	_10622_	0.578800	
u_cfg.g_live.g_bank\[13\].u_prompt	ot_sram_1r1w_512x128_m4_r2c2	cr_sel[7]	_10622_	0.578800	
u_cfg.g_live.g_bank\[13\].u_prompt	ot_sram_1r1w_512x128_m4_r2c2	cr_sel[8]	_10622_	0.578800	
u_cfg.g_live.g_bank\[13\].u_prompt	ot_sram_1r1w_512x128_m4_r2c2	cr_sel[9]	_10622_	0.578800	
u_cfg.g_live.g_bank\[13\].u_prompt	ot_sram_1r1w_512x128_m4_r2c2	cr_sel[10]	_10622_	0.578800	
u_cfg.g_live.g_bank\[13\].u_prompt	ot_sram_1r1w_512x128_m4_r2c2	cr_sel[11]	_10622_	0.578800	
u_cfg.g_live.g_bank\[13\].u_prompt	ot_sram_1r1w_512x128_m4_r2c2	cr_sel[12]	_10622_	0.578800	
u_cfg.g_live.g_bank\[13\].u_prompt	ot_sram_1r1w_512x128_m4_r2c2	cr_sel[13]	_10622_	0.578800	
u_cfg.g_live.g_bank\[1\].u_prompt	ot_sram_1r1w_512x128_m4_r2c2	clk	clk	8.683800	
u_cfg.g_live.g_bank\[1\].u_prompt	ot_sram_1r1w_512x128_m4_r2c2	r_ce_in	_02023_	0.578800	
u_cfg.g_live.g_bank\[1\].u_prompt	ot_sram_1r1w_512x128_m4_r2c2	r_addr_in[0]	u_cfg.g_live.read_index\[1\]	0.578800	
u_cfg.g_live.g_bank\[1\].u_prompt	ot_sram_1r1w_512x128_m4_r2c2	r_addr_in[1]	u_cfg.g_live.read_index\[2\]	0.578800	
u_cfg.g_live.g_bank\[1\].u_prompt	ot_sram_1r1w_512x128_m4_r2c2	r_addr_in[2]	u_cfg.g_live.read_index\[3\]	0.578800	
u_cfg.g_live.g_bank\[1\].u_prompt	ot_sram_1r1w_512x128_m4_r2c2	r_addr_in[3]	u_cfg.g_live.read_index\[4\]	0.578800	
u_cfg.g_live.g_bank\[1\].u_prompt	ot_sram_1r1w_512x128_m4_r2c2	r_addr_in[4]	u_cfg.g_live.read_index\[5\]	0.578800	
u_cfg.g_live.g_bank\[1\].u_prompt	ot_sram_1r1w_512x128_m4_r2c2	r_addr_in[5]	u_cfg.g_live.read_index\[6\]	0.578800	
u_cfg.g_live.g_bank\[1\].u_prompt	ot_sram_1r1w_512x128_m4_r2c2	r_addr_in[6]	u_cfg.g_live.read_index\[7\]	0.578800	
u_cfg.g_live.g_bank\[1\].u_prompt	ot_sram_1r1w_512x128_m4_r2c2	r_addr_in[7]	u_cfg.g_live.read_index\[8\]	0.578800	
u_cfg.g_live.g_bank\[1\].u_prompt	ot_sram_1r1w_512x128_m4_r2c2	r_addr_in[8]	u_cfg.g_live.read_index\[9\]	0.578800	
u_cfg.g_live.g_bank\[1\].u_prompt	ot_sram_1r1w_512x128_m4_r2c2	rd_out[0]	u_cfg.g_live.bank_q\[1536\]	0.924352	{_14595_ B 0.924352}
u_cfg.g_live.g_bank\[1\].u_prompt	ot_sram_1r1w_512x128_m4_r2c2	rd_out[1]	u_cfg.g_live.bank_q\[1537\]	0.924352	{_14384_ B 0.924352}
u_cfg.g_live.g_bank\[1\].u_prompt	ot_sram_1r1w_512x128_m4_r2c2	rd_out[2]	u_cfg.g_live.bank_q\[1538\]	0.924352	{_14737_ B 0.924352}
u_cfg.g_live.g_bank\[1\].u_prompt	ot_sram_1r1w_512x128_m4_r2c2	rd_out[3]	u_cfg.g_live.bank_q\[1539\]	0.924352	{_14485_ B 0.924352}
u_cfg.g_live.g_bank\[1\].u_prompt	ot_sram_1r1w_512x128_m4_r2c2	rd_out[4]	u_cfg.g_live.bank_q\[1540\]	0.924352	{_14514_ B 0.924352}
u_cfg.g_live.g_bank\[1\].u_prompt	ot_sram_1r1w_512x128_m4_r2c2	rd_out[5]	u_cfg.g_live.bank_q\[1541\]	0.924352	{_14672_ B 0.924352}
u_cfg.g_live.g_bank\[1\].u_prompt	ot_sram_1r1w_512x128_m4_r2c2	rd_out[6]	u_cfg.g_live.bank_q\[1542\]	0.924352	{_14639_ B 0.924352}
u_cfg.g_live.g_bank\[1\].u_prompt	ot_sram_1r1w_512x128_m4_r2c2	rd_out[7]	u_cfg.g_live.bank_q\[1543\]	0.924352	{_15105_ B 0.924352}
u_cfg.g_live.g_bank\[1\].u_prompt	ot_sram_1r1w_512x128_m4_r2c2	rd_out[8]	u_cfg.g_live.bank_q\[1544\]	0.924352	{_14956_ B 0.924352}
u_cfg.g_live.g_bank\[1\].u_prompt	ot_sram_1r1w_512x128_m4_r2c2	rd_out[9]	u_cfg.g_live.bank_q\[1545\]	0.924352	{_14984_ B 0.924352}
u_cfg.g_live.g_bank\[1\].u_prompt	ot_sram_1r1w_512x128_m4_r2c2	rd_out[10]	u_cfg.g_live.bank_q\[1546\]	0.924352	{_14905_ B 0.924352}
u_cfg.g_live.g_bank\[1\].u_prompt	ot_sram_1r1w_512x128_m4_r2c2	rd_out[11]	u_cfg.g_live.bank_q\[1547\]	0.924352	{_13977_ B 0.924352}
u_cfg.g_live.g_bank\[1\].u_prompt	ot_sram_1r1w_512x128_m4_r2c2	rd_out[12]	u_cfg.g_live.bank_q\[1548\]	0.924352	{_13843_ B 0.924352}
u_cfg.g_live.g_bank\[1\].u_prompt	ot_sram_1r1w_512x128_m4_r2c2	rd_out[13]	u_cfg.g_live.bank_q\[1549\]	0.924352	{_13798_ B 0.924352}
u_cfg.g_live.g_bank\[1\].u_prompt	ot_sram_1r1w_512x128_m4_r2c2	rd_out[14]	u_cfg.g_live.bank_q\[1550\]	0.924352	{_14043_ B 0.924352}
u_cfg.g_live.g_bank\[1\].u_prompt	ot_sram_1r1w_512x128_m4_r2c2	rd_out[15]	u_cfg.g_live.bank_q\[1551\]	0.924352	{_13889_ B 0.924352}
u_cfg.g_live.g_bank\[1\].u_prompt	ot_sram_1r1w_512x128_m4_r2c2	rd_out[16]	u_cfg.g_live.bank_q\[1552\]	0.924352	{_12814_ B 0.924352}
u_cfg.g_live.g_bank\[1\].u_prompt	ot_sram_1r1w_512x128_m4_r2c2	rd_out[17]	u_cfg.g_live.bank_q\[1553\]	0.924352	{_12783_ B 0.924352}
u_cfg.g_live.g_bank\[1\].u_prompt	ot_sram_1r1w_512x128_m4_r2c2	rd_out[18]	u_cfg.g_live.bank_q\[1554\]	0.924352	{_12701_ B 0.924352}
u_cfg.g_live.g_bank\[1\].u_prompt	ot_sram_1r1w_512x128_m4_r2c2	rd_out[19]	u_cfg.g_live.bank_q\[1555\]	0.924352	{_12894_ B 0.924352}
u_cfg.g_live.g_bank\[1\].u_prompt	ot_sram_1r1w_512x128_m4_r2c2	rd_out[20]	u_cfg.g_live.bank_q\[1556\]	0.924352	{_12185_ B 0.924352}
u_cfg.g_live.g_bank\[1\].u_prompt	ot_sram_1r1w_512x128_m4_r2c2	rd_out[21]	u_cfg.g_live.bank_q\[1557\]	0.874367	{_12307_ A2 0.874367}
u_cfg.g_live.g_bank\[1\].u_prompt	ot_sram_1r1w_512x128_m4_r2c2	rd_out[22]	u_cfg.g_live.bank_q\[1558\]	0.874367	{_12313_ A2 0.874367}
u_cfg.g_live.g_bank\[1\].u_prompt	ot_sram_1r1w_512x128_m4_r2c2	rd_out[23]	u_cfg.g_live.bank_q\[1559\]	0.924352	{_12440_ B 0.924352}
u_cfg.g_live.g_bank\[1\].u_prompt	ot_sram_1r1w_512x128_m4_r2c2	rd_out[24]	u_cfg.g_live.bank_q\[1560\]	0.924352	{_12607_ B 0.924352}
u_cfg.g_live.g_bank\[1\].u_prompt	ot_sram_1r1w_512x128_m4_r2c2	rd_out[25]	u_cfg.g_live.bank_q\[1561\]	0.924352	{_12508_ B 0.924352}
u_cfg.g_live.g_bank\[1\].u_prompt	ot_sram_1r1w_512x128_m4_r2c2	rd_out[26]	u_cfg.g_live.bank_q\[1562\]	0.924352	{_15653_ B 0.924352}
u_cfg.g_live.g_bank\[1\].u_prompt	ot_sram_1r1w_512x128_m4_r2c2	rd_out[27]	u_cfg.g_live.bank_q\[1563\]	0.924352	{_15457_ B 0.924352}
u_cfg.g_live.g_bank\[1\].u_prompt	ot_sram_1r1w_512x128_m4_r2c2	rd_out[28]	u_cfg.g_live.bank_q\[1564\]	0.924352	{_15575_ B 0.924352}
u_cfg.g_live.g_bank\[1\].u_prompt	ot_sram_1r1w_512x128_m4_r2c2	rd_out[29]	u_cfg.g_live.bank_q\[1565\]	0.924352	{_15368_ B 0.924352}
u_cfg.g_live.g_bank\[1\].u_prompt	ot_sram_1r1w_512x128_m4_r2c2	rd_out[30]	u_cfg.g_live.bank_q\[1566\]	0.924352	{_15615_ B 0.924352}
u_cfg.g_live.g_bank\[1\].u_prompt	ot_sram_1r1w_512x128_m4_r2c2	rd_out[31]	u_cfg.g_live.bank_q\[1567\]	0.924352	{_15710_ B 0.924352}
u_cfg.g_live.g_bank\[1\].u_prompt	ot_sram_1r1w_512x128_m4_r2c2	rd_out[32]	u_cfg.g_live.bank_q\[1568\]	0.924352	{_15134_ B 0.924352}
u_cfg.g_live.g_bank\[1\].u_prompt	ot_sram_1r1w_512x128_m4_r2c2	rd_out[33]	u_cfg.g_live.bank_q\[1569\]	0.578766	{_14183_ A 0.578766}
u_cfg.g_live.g_bank\[1\].u_prompt	ot_sram_1r1w_512x128_m4_r2c2	rd_out[34]	u_cfg.g_live.bank_q\[1570\]	0.924352	{_14273_ B 0.924352}
u_cfg.g_live.g_bank\[1\].u_prompt	ot_sram_1r1w_512x128_m4_r2c2	rd_out[35]	u_cfg.g_live.bank_q\[1571\]	0.874367	{_14161_ A2 0.874367}
u_cfg.g_live.g_bank\[1\].u_prompt	ot_sram_1r1w_512x128_m4_r2c2	rd_out[36]	u_cfg.g_live.bank_q\[1572\]	0.489888	{_14322_ B 0.489888}
u_cfg.g_live.g_bank\[1\].u_prompt	ot_sram_1r1w_512x128_m4_r2c2	rd_out[37]	u_cfg.g_live.bank_q\[1573\]	0.924352	{_15316_ B 0.924352}
u_cfg.g_live.g_bank\[1\].u_prompt	ot_sram_1r1w_512x128_m4_r2c2	rd_out[38]	u_cfg.g_live.bank_q\[1574\]	0.924352	{_15402_ B 0.924352}
u_cfg.g_live.g_bank\[1\].u_prompt	ot_sram_1r1w_512x128_m4_r2c2	rd_out[39]	u_cfg.g_live.bank_q\[1575\]	0.924352	{_15218_ B 0.924352}
u_cfg.g_live.g_bank\[1\].u_prompt	ot_sram_1r1w_512x128_m4_r2c2	rd_out[40]	u_cfg.g_live.bank_q\[1576\]	0.924352	{_15238_ B 0.924352}
u_cfg.g_live.g_bank\[1\].u_prompt	ot_sram_1r1w_512x128_m4_r2c2	rd_out[41]	u_cfg.g_live.bank_q\[1577\]	0.924352	{_13472_ B 0.924352}
u_cfg.g_live.g_bank\[1\].u_prompt	ot_sram_1r1w_512x128_m4_r2c2	rd_out[42]	u_cfg.g_live.bank_q\[1578\]	0.924352	{_13721_ B 0.924352}
u_cfg.g_live.g_bank\[1\].u_prompt	ot_sram_1r1w_512x128_m4_r2c2	rd_out[43]	u_cfg.g_live.bank_q\[1579\]	0.924352	{_13768_ B 0.924352}
u_cfg.g_live.g_bank\[1\].u_prompt	ot_sram_1r1w_512x128_m4_r2c2	rd_out[44]	u_cfg.g_live.bank_q\[1580\]	0.924352	{_13620_ B 0.924352}
u_cfg.g_live.g_bank\[1\].u_prompt	ot_sram_1r1w_512x128_m4_r2c2	rd_out[45]	u_cfg.g_live.bank_q\[1581\]	0.924352	{_13937_ B 0.924352}
u_cfg.g_live.g_bank\[1\].u_prompt	ot_sram_1r1w_512x128_m4_r2c2	rd_out[46]	u_cfg.g_live.bank_q\[1582\]	0.924352	{_13503_ B 0.924352}
u_cfg.g_live.g_bank\[1\].u_prompt	ot_sram_1r1w_512x128_m4_r2c2	rd_out[47]	u_cfg.g_live.bank_q\[1583\]	0.924352	{_13669_ B 0.924352}
u_cfg.g_live.g_bank\[1\].u_prompt	ot_sram_1r1w_512x128_m4_r2c2	rd_out[48]	u_cfg.g_live.bank_q\[1584\]	0.924352	{_13047_ B 0.924352}
u_cfg.g_live.g_bank\[1\].u_prompt	ot_sram_1r1w_512x128_m4_r2c2	rd_out[49]	u_cfg.g_live.bank_q\[1585\]	0.489888	{_13191_ B 0.489888}
u_cfg.g_live.g_bank\[1\].u_prompt	ot_sram_1r1w_512x128_m4_r2c2	rd_out[50]	u_cfg.g_live.bank_q\[1586\]	0.924352	{_13403_ B 0.924352}
u_cfg.g_live.g_bank\[1\].u_prompt	ot_sram_1r1w_512x128_m4_r2c2	rd_out[51]	u_cfg.g_live.bank_q\[1587\]	0.924352	{_13455_ B 0.924352}
u_cfg.g_live.g_bank\[1\].u_prompt	ot_sram_1r1w_512x128_m4_r2c2	rd_out[52]	u_cfg.g_live.bank_q\[1588\]	0.924352	{_13008_ B 0.924352}
u_cfg.g_live.g_bank\[1\].u_prompt	ot_sram_1r1w_512x128_m4_r2c2	rd_out[53]	u_cfg.g_live.bank_q\[1589\]	0.924352	{_13219_ B 0.924352}
u_cfg.g_live.g_bank\[1\].u_prompt	ot_sram_1r1w_512x128_m4_r2c2	rd_out[54]	u_cfg.g_live.bank_q\[1590\]	0.924352	{_13270_ B 0.924352}
u_cfg.g_live.g_bank\[1\].u_prompt	ot_sram_1r1w_512x128_m4_r2c2	rd_out[55]	u_cfg.g_live.bank_q\[1591\]	0.924352	{_13326_ B 0.924352}
u_cfg.g_live.g_bank\[1\].u_prompt	ot_sram_1r1w_512x128_m4_r2c2	rd_out[56]	u_cfg.g_live.bank_q\[1592\]	0.489888	{_13085_ B 0.489888}
u_cfg.g_live.g_bank\[1\].u_prompt	ot_sram_1r1w_512x128_m4_r2c2	rd_out[57]	u_cfg.g_live.bank_q\[1593\]	0.924352	{_14354_ B 0.924352}
u_cfg.g_live.g_bank\[1\].u_prompt	ot_sram_1r1w_512x128_m4_r2c2	rd_out[58]	u_cfg.g_live.bank_q\[1594\]	0.924352	{_14825_ B 0.924352}
u_cfg.g_live.g_bank\[1\].u_prompt	ot_sram_1r1w_512x128_m4_r2c2	rd_out[59]	u_cfg.g_live.bank_q\[1595\]	0.924352	{_15054_ B 0.924352}
u_cfg.g_live.g_bank\[1\].u_prompt	ot_sram_1r1w_512x128_m4_r2c2	rd_out[60]	u_cfg.g_live.bank_q\[1596\]	0.924352	{_14107_ B 0.924352}
u_cfg.g_live.g_bank\[1\].u_prompt	ot_sram_1r1w_512x128_m4_r2c2	rd_out[61]	u_cfg.g_live.bank_q\[1597\]	0.924352	{_12925_ B 0.924352}
u_cfg.g_live.g_bank\[1\].u_prompt	ot_sram_1r1w_512x128_m4_r2c2	rd_out[62]	u_cfg.g_live.bank_q\[1598\]	0.924352	{_15514_ B 0.924352}
u_cfg.g_live.g_bank\[1\].u_prompt	ot_sram_1r1w_512x128_m4_r2c2	rd_out[63]	u_cfg.g_live.bank_q\[1599\]	0.924352	{_14774_ B 0.924352}
u_cfg.g_live.g_bank\[1\].u_prompt	ot_sram_1r1w_512x128_m4_r2c2	rd_out[64]	u_cfg.g_live.bank_q\[1600\]	0.924352	{_14588_ B 0.924352}
u_cfg.g_live.g_bank\[1\].u_prompt	ot_sram_1r1w_512x128_m4_r2c2	rd_out[65]	u_cfg.g_live.bank_q\[1601\]	0.924352	{_14391_ B 0.924352}
u_cfg.g_live.g_bank\[1\].u_prompt	ot_sram_1r1w_512x128_m4_r2c2	rd_out[66]	u_cfg.g_live.bank_q\[1602\]	0.924352	{_14743_ B 0.924352}
u_cfg.g_live.g_bank\[1\].u_prompt	ot_sram_1r1w_512x128_m4_r2c2	rd_out[67]	u_cfg.g_live.bank_q\[1603\]	0.924352	{_14491_ B 0.924352}
u_cfg.g_live.g_bank\[1\].u_prompt	ot_sram_1r1w_512x128_m4_r2c2	rd_out[68]	u_cfg.g_live.bank_q\[1604\]	0.578766	{_14506_ A 0.578766}
u_cfg.g_live.g_bank\[1\].u_prompt	ot_sram_1r1w_512x128_m4_r2c2	rd_out[69]	u_cfg.g_live.bank_q\[1605\]	0.924352	{_14687_ B 0.924352}
u_cfg.g_live.g_bank\[1\].u_prompt	ot_sram_1r1w_512x128_m4_r2c2	rd_out[70]	u_cfg.g_live.bank_q\[1606\]	0.924352	{_14646_ B 0.924352}
u_cfg.g_live.g_bank\[1\].u_prompt	ot_sram_1r1w_512x128_m4_r2c2	rd_out[71]	u_cfg.g_live.bank_q\[1607\]	0.924352	{_15112_ B 0.924352}
u_cfg.g_live.g_bank\[1\].u_prompt	ot_sram_1r1w_512x128_m4_r2c2	rd_out[72]	u_cfg.g_live.bank_q\[1608\]	0.924352	{_14963_ B 0.924352}
u_cfg.g_live.g_bank\[1\].u_prompt	ot_sram_1r1w_512x128_m4_r2c2	rd_out[73]	u_cfg.g_live.bank_q\[1609\]	0.578766	{_14976_ A 0.578766}
u_cfg.g_live.g_bank\[1\].u_prompt	ot_sram_1r1w_512x128_m4_r2c2	rd_out[74]	u_cfg.g_live.bank_q\[1610\]	0.924352	{_14912_ B 0.924352}
u_cfg.g_live.g_bank\[1\].u_prompt	ot_sram_1r1w_512x128_m4_r2c2	rd_out[75]	u_cfg.g_live.bank_q\[1611\]	0.924352	{_13995_ B 0.924352}
u_cfg.g_live.g_bank\[1\].u_prompt	ot_sram_1r1w_512x128_m4_r2c2	rd_out[76]	u_cfg.g_live.bank_q\[1612\]	0.578766	{_13828_ A 0.578766}
u_cfg.g_live.g_bank\[1\].u_prompt	ot_sram_1r1w_512x128_m4_r2c2	rd_out[77]	u_cfg.g_live.bank_q\[1613\]	0.578766	{_13783_ A 0.578766}
u_cfg.g_live.g_bank\[1\].u_prompt	ot_sram_1r1w_512x128_m4_r2c2	rd_out[78]	u_cfg.g_live.bank_q\[1614\]	0.486821	{_14059_ B 0.486821}
u_cfg.g_live.g_bank\[1\].u_prompt	ot_sram_1r1w_512x128_m4_r2c2	rd_out[79]	u_cfg.g_live.bank_q\[1615\]	0.924352	{_13907_ B 0.924352}
u_cfg.g_live.g_bank\[1\].u_prompt	ot_sram_1r1w_512x128_m4_r2c2	rd_out[80]	u_cfg.g_live.bank_q\[1616\]	0.578766	{_12797_ A 0.578766}
u_cfg.g_live.g_bank\[1\].u_prompt	ot_sram_1r1w_512x128_m4_r2c2	rd_out[81]	u_cfg.g_live.bank_q\[1617\]	0.924352	{_12792_ B 0.924352}
u_cfg.g_live.g_bank\[1\].u_prompt	ot_sram_1r1w_512x128_m4_r2c2	rd_out[82]	u_cfg.g_live.bank_q\[1618\]	0.924352	{_12693_ B 0.924352}
u_cfg.g_live.g_bank\[1\].u_prompt	ot_sram_1r1w_512x128_m4_r2c2	rd_out[83]	u_cfg.g_live.bank_q\[1619\]	0.924352	{_12901_ B 0.924352}
u_cfg.g_live.g_bank\[1\].u_prompt	ot_sram_1r1w_512x128_m4_r2c2	rd_out[84]	u_cfg.g_live.bank_q\[1620\]	0.924352	{_12167_ B 0.924352}
u_cfg.g_live.g_bank\[1\].u_prompt	ot_sram_1r1w_512x128_m4_r2c2	rd_out[85]	u_cfg.g_live.bank_q\[1621\]	0.486821	{_12306_ B 0.486821}
u_cfg.g_live.g_bank\[1\].u_prompt	ot_sram_1r1w_512x128_m4_r2c2	rd_out[86]	u_cfg.g_live.bank_q\[1622\]	0.486821	{_12312_ B 0.486821}
u_cfg.g_live.g_bank\[1\].u_prompt	ot_sram_1r1w_512x128_m4_r2c2	rd_out[87]	u_cfg.g_live.bank_q\[1623\]	0.924352	{_12425_ B 0.924352}
u_cfg.g_live.g_bank\[1\].u_prompt	ot_sram_1r1w_512x128_m4_r2c2	rd_out[88]	u_cfg.g_live.bank_q\[1624\]	0.578766	{_12579_ A 0.578766}
u_cfg.g_live.g_bank\[1\].u_prompt	ot_sram_1r1w_512x128_m4_r2c2	rd_out[89]	u_cfg.g_live.bank_q\[1625\]	0.924352	{_12520_ B 0.924352}
u_cfg.g_live.g_bank\[1\].u_prompt	ot_sram_1r1w_512x128_m4_r2c2	rd_out[90]	u_cfg.g_live.bank_q\[1626\]	0.924352	{_15638_ B 0.924352}
u_cfg.g_live.g_bank\[1\].u_prompt	ot_sram_1r1w_512x128_m4_r2c2	rd_out[91]	u_cfg.g_live.bank_q\[1627\]	0.924352	{_15475_ B 0.924352}
u_cfg.g_live.g_bank\[1\].u_prompt	ot_sram_1r1w_512x128_m4_r2c2	rd_out[92]	u_cfg.g_live.bank_q\[1628\]	0.924352	{_15558_ B 0.924352}
u_cfg.g_live.g_bank\[1\].u_prompt	ot_sram_1r1w_512x128_m4_r2c2	rd_out[93]	u_cfg.g_live.bank_q\[1629\]	0.924352	{_15374_ B 0.924352}
u_cfg.g_live.g_bank\[1\].u_prompt	ot_sram_1r1w_512x128_m4_r2c2	rd_out[94]	u_cfg.g_live.bank_q\[1630\]	0.924352	{_15622_ B 0.924352}
u_cfg.g_live.g_bank\[1\].u_prompt	ot_sram_1r1w_512x128_m4_r2c2	rd_out[95]	u_cfg.g_live.bank_q\[1631\]	0.924352	{_15717_ B 0.924352}
u_cfg.g_live.g_bank\[1\].u_prompt	ot_sram_1r1w_512x128_m4_r2c2	rd_out[96]	u_cfg.g_live.bank_q\[1632\]	0.924352	{_15149_ B 0.924352}
u_cfg.g_live.g_bank\[1\].u_prompt	ot_sram_1r1w_512x128_m4_r2c2	rd_out[97]	u_cfg.g_live.bank_q\[1633\]	0.924352	{_14178_ B 0.924352}
u_cfg.g_live.g_bank\[1\].u_prompt	ot_sram_1r1w_512x128_m4_r2c2	rd_out[98]	u_cfg.g_live.bank_q\[1634\]	0.924352	{_14280_ B 0.924352}
u_cfg.g_live.g_bank\[1\].u_prompt	ot_sram_1r1w_512x128_m4_r2c2	rd_out[99]	u_cfg.g_live.bank_q\[1635\]	0.486821	{_14160_ B 0.486821}
u_cfg.g_live.g_bank\[1\].u_prompt	ot_sram_1r1w_512x128_m4_r2c2	rd_out[100]	u_cfg.g_live.bank_q\[1636\]	0.489888	{_14328_ B 0.489888}
u_cfg.g_live.g_bank\[1\].u_prompt	ot_sram_1r1w_512x128_m4_r2c2	rd_out[101]	u_cfg.g_live.bank_q\[1637\]	0.924352	{_15323_ B 0.924352}
u_cfg.g_live.g_bank\[1\].u_prompt	ot_sram_1r1w_512x128_m4_r2c2	rd_out[102]	u_cfg.g_live.bank_q\[1638\]	0.924352	{_15409_ B 0.924352}
u_cfg.g_live.g_bank\[1\].u_prompt	ot_sram_1r1w_512x128_m4_r2c2	rd_out[103]	u_cfg.g_live.bank_q\[1639\]	0.924352	{_15225_ B 0.924352}
u_cfg.g_live.g_bank\[1\].u_prompt	ot_sram_1r1w_512x128_m4_r2c2	rd_out[104]	u_cfg.g_live.bank_q\[1640\]	0.924352	{_15257_ B 0.924352}
u_cfg.g_live.g_bank\[1\].u_prompt	ot_sram_1r1w_512x128_m4_r2c2	rd_out[105]	u_cfg.g_live.bank_q\[1641\]	0.924352	{_13479_ B 0.924352}
u_cfg.g_live.g_bank\[1\].u_prompt	ot_sram_1r1w_512x128_m4_r2c2	rd_out[106]	u_cfg.g_live.bank_q\[1642\]	0.924352	{_13728_ B 0.924352}
u_cfg.g_live.g_bank\[1\].u_prompt	ot_sram_1r1w_512x128_m4_r2c2	rd_out[107]	u_cfg.g_live.bank_q\[1643\]	0.924352	{_13775_ B 0.924352}
u_cfg.g_live.g_bank\[1\].u_prompt	ot_sram_1r1w_512x128_m4_r2c2	rd_out[108]	u_cfg.g_live.bank_q\[1644\]	0.924352	{_13624_ B 0.924352}
u_cfg.g_live.g_bank\[1\].u_prompt	ot_sram_1r1w_512x128_m4_r2c2	rd_out[109]	u_cfg.g_live.bank_q\[1645\]	0.924352	{_13955_ B 0.924352}
u_cfg.g_live.g_bank\[1\].u_prompt	ot_sram_1r1w_512x128_m4_r2c2	rd_out[110]	u_cfg.g_live.bank_q\[1646\]	0.924352	{_13510_ B 0.924352}
u_cfg.g_live.g_bank\[1\].u_prompt	ot_sram_1r1w_512x128_m4_r2c2	rd_out[111]	u_cfg.g_live.bank_q\[1647\]	0.924352	{_13676_ B 0.924352}
u_cfg.g_live.g_bank\[1\].u_prompt	ot_sram_1r1w_512x128_m4_r2c2	rd_out[112]	u_cfg.g_live.bank_q\[1648\]	0.924352	{_13053_ B 0.924352}
u_cfg.g_live.g_bank\[1\].u_prompt	ot_sram_1r1w_512x128_m4_r2c2	rd_out[113]	u_cfg.g_live.bank_q\[1649\]	0.489888	{_13197_ B 0.489888}
u_cfg.g_live.g_bank\[1\].u_prompt	ot_sram_1r1w_512x128_m4_r2c2	rd_out[114]	u_cfg.g_live.bank_q\[1650\]	0.924352	{_13413_ B 0.924352}
u_cfg.g_live.g_bank\[1\].u_prompt	ot_sram_1r1w_512x128_m4_r2c2	rd_out[115]	u_cfg.g_live.bank_q\[1651\]	0.924352	{_13462_ B 0.924352}
u_cfg.g_live.g_bank\[1\].u_prompt	ot_sram_1r1w_512x128_m4_r2c2	rd_out[116]	u_cfg.g_live.bank_q\[1652\]	0.924352	{_13015_ B 0.924352}
u_cfg.g_live.g_bank\[1\].u_prompt	ot_sram_1r1w_512x128_m4_r2c2	rd_out[117]	u_cfg.g_live.bank_q\[1653\]	0.924352	{_13226_ B 0.924352}
u_cfg.g_live.g_bank\[1\].u_prompt	ot_sram_1r1w_512x128_m4_r2c2	rd_out[118]	u_cfg.g_live.bank_q\[1654\]	0.924352	{_13293_ B 0.924352}
u_cfg.g_live.g_bank\[1\].u_prompt	ot_sram_1r1w_512x128_m4_r2c2	rd_out[119]	u_cfg.g_live.bank_q\[1655\]	0.924352	{_13345_ B 0.924352}
u_cfg.g_live.g_bank\[1\].u_prompt	ot_sram_1r1w_512x128_m4_r2c2	rd_out[120]	u_cfg.g_live.bank_q\[1656\]	0.489888	{_13091_ B 0.489888}
u_cfg.g_live.g_bank\[1\].u_prompt	ot_sram_1r1w_512x128_m4_r2c2	rd_out[121]	u_cfg.g_live.bank_q\[1657\]	0.924352	{_14361_ B 0.924352}
u_cfg.g_live.g_bank\[1\].u_prompt	ot_sram_1r1w_512x128_m4_r2c2	rd_out[122]	u_cfg.g_live.bank_q\[1658\]	0.924352	{_14832_ B 0.924352}
u_cfg.g_live.g_bank\[1\].u_prompt	ot_sram_1r1w_512x128_m4_r2c2	rd_out[123]	u_cfg.g_live.bank_q\[1659\]	0.924352	{_15061_ B 0.924352}
u_cfg.g_live.g_bank\[1\].u_prompt	ot_sram_1r1w_512x128_m4_r2c2	rd_out[124]	u_cfg.g_live.bank_q\[1660\]	0.924352	{_14087_ B 0.924352}
u_cfg.g_live.g_bank\[1\].u_prompt	ot_sram_1r1w_512x128_m4_r2c2	rd_out[125]	u_cfg.g_live.bank_q\[1661\]	0.924352	{_12909_ B 0.924352}
u_cfg.g_live.g_bank\[1\].u_prompt	ot_sram_1r1w_512x128_m4_r2c2	rd_out[126]	u_cfg.g_live.bank_q\[1662\]	0.924352	{_15507_ B 0.924352}
u_cfg.g_live.g_bank\[1\].u_prompt	ot_sram_1r1w_512x128_m4_r2c2	rd_out[127]	u_cfg.g_live.bank_q\[1663\]	0.924352	{_14767_ B 0.924352}
u_cfg.g_live.g_bank\[1\].u_prompt	ot_sram_1r1w_512x128_m4_r2c2	w_ce_in	_02024_	0.578800	
u_cfg.g_live.g_bank\[1\].u_prompt	ot_sram_1r1w_512x128_m4_r2c2	w_addr_in[0]	_01885_	0.578800	
u_cfg.g_live.g_bank\[1\].u_prompt	ot_sram_1r1w_512x128_m4_r2c2	w_addr_in[1]	_01886_	0.578800	
u_cfg.g_live.g_bank\[1\].u_prompt	ot_sram_1r1w_512x128_m4_r2c2	w_addr_in[2]	_01887_	0.578800	
u_cfg.g_live.g_bank\[1\].u_prompt	ot_sram_1r1w_512x128_m4_r2c2	w_addr_in[3]	_01888_	0.578800	
u_cfg.g_live.g_bank\[1\].u_prompt	ot_sram_1r1w_512x128_m4_r2c2	w_addr_in[4]	_01889_	0.578800	
u_cfg.g_live.g_bank\[1\].u_prompt	ot_sram_1r1w_512x128_m4_r2c2	w_addr_in[5]	_01890_	0.578800	
u_cfg.g_live.g_bank\[1\].u_prompt	ot_sram_1r1w_512x128_m4_r2c2	w_addr_in[6]	_01891_	0.578800	
u_cfg.g_live.g_bank\[1\].u_prompt	ot_sram_1r1w_512x128_m4_r2c2	w_addr_in[7]	_01892_	0.578800	
u_cfg.g_live.g_bank\[1\].u_prompt	ot_sram_1r1w_512x128_m4_r2c2	w_addr_in[8]	_01893_	0.578800	
u_cfg.g_live.g_bank\[1\].u_prompt	ot_sram_1r1w_512x128_m4_r2c2	wd_in[0]	_01894_	0.578800	
u_cfg.g_live.g_bank\[1\].u_prompt	ot_sram_1r1w_512x128_m4_r2c2	wd_in[1]	_01933_	0.578800	
u_cfg.g_live.g_bank\[1\].u_prompt	ot_sram_1r1w_512x128_m4_r2c2	wd_in[2]	_01943_	0.578800	
u_cfg.g_live.g_bank\[1\].u_prompt	ot_sram_1r1w_512x128_m4_r2c2	wd_in[3]	_01954_	0.578800	
u_cfg.g_live.g_bank\[1\].u_prompt	ot_sram_1r1w_512x128_m4_r2c2	wd_in[4]	_01965_	0.578800	
u_cfg.g_live.g_bank\[1\].u_prompt	ot_sram_1r1w_512x128_m4_r2c2	wd_in[5]	_01976_	0.578800	
u_cfg.g_live.g_bank\[1\].u_prompt	ot_sram_1r1w_512x128_m4_r2c2	wd_in[6]	_01987_	0.578800	
u_cfg.g_live.g_bank\[1\].u_prompt	ot_sram_1r1w_512x128_m4_r2c2	wd_in[7]	_01998_	0.578800	
u_cfg.g_live.g_bank\[1\].u_prompt	ot_sram_1r1w_512x128_m4_r2c2	wd_in[8]	_02009_	0.578800	
u_cfg.g_live.g_bank\[1\].u_prompt	ot_sram_1r1w_512x128_m4_r2c2	wd_in[9]	_02020_	0.578800	
u_cfg.g_live.g_bank\[1\].u_prompt	ot_sram_1r1w_512x128_m4_r2c2	wd_in[10]	_01905_	0.578800	
u_cfg.g_live.g_bank\[1\].u_prompt	ot_sram_1r1w_512x128_m4_r2c2	wd_in[11]	_01916_	0.578800	
u_cfg.g_live.g_bank\[1\].u_prompt	ot_sram_1r1w_512x128_m4_r2c2	wd_in[12]	_01925_	0.578800	
u_cfg.g_live.g_bank\[1\].u_prompt	ot_sram_1r1w_512x128_m4_r2c2	wd_in[13]	_01926_	0.578800	
u_cfg.g_live.g_bank\[1\].u_prompt	ot_sram_1r1w_512x128_m4_r2c2	wd_in[14]	_01927_	0.578800	
u_cfg.g_live.g_bank\[1\].u_prompt	ot_sram_1r1w_512x128_m4_r2c2	wd_in[15]	_01928_	0.578800	
u_cfg.g_live.g_bank\[1\].u_prompt	ot_sram_1r1w_512x128_m4_r2c2	wd_in[16]	_01929_	0.578800	
u_cfg.g_live.g_bank\[1\].u_prompt	ot_sram_1r1w_512x128_m4_r2c2	wd_in[17]	_01930_	0.578800	
u_cfg.g_live.g_bank\[1\].u_prompt	ot_sram_1r1w_512x128_m4_r2c2	wd_in[18]	_01931_	0.578800	
u_cfg.g_live.g_bank\[1\].u_prompt	ot_sram_1r1w_512x128_m4_r2c2	wd_in[19]	_01932_	0.578800	
u_cfg.g_live.g_bank\[1\].u_prompt	ot_sram_1r1w_512x128_m4_r2c2	wd_in[20]	_01934_	0.578800	
u_cfg.g_live.g_bank\[1\].u_prompt	ot_sram_1r1w_512x128_m4_r2c2	wd_in[21]	_01935_	0.578800	
u_cfg.g_live.g_bank\[1\].u_prompt	ot_sram_1r1w_512x128_m4_r2c2	wd_in[22]	_01936_	0.578800	
u_cfg.g_live.g_bank\[1\].u_prompt	ot_sram_1r1w_512x128_m4_r2c2	wd_in[23]	_01937_	0.578800	
u_cfg.g_live.g_bank\[1\].u_prompt	ot_sram_1r1w_512x128_m4_r2c2	wd_in[24]	_01938_	0.578800	
u_cfg.g_live.g_bank\[1\].u_prompt	ot_sram_1r1w_512x128_m4_r2c2	wd_in[25]	_01939_	0.578800	
u_cfg.g_live.g_bank\[1\].u_prompt	ot_sram_1r1w_512x128_m4_r2c2	wd_in[26]	_10622_	0.578800	
u_cfg.g_live.g_bank\[1\].u_prompt	ot_sram_1r1w_512x128_m4_r2c2	wd_in[27]	_01940_	0.578800	
u_cfg.g_live.g_bank\[1\].u_prompt	ot_sram_1r1w_512x128_m4_r2c2	wd_in[28]	_01941_	0.578800	
u_cfg.g_live.g_bank\[1\].u_prompt	ot_sram_1r1w_512x128_m4_r2c2	wd_in[29]	_01942_	0.578800	
u_cfg.g_live.g_bank\[1\].u_prompt	ot_sram_1r1w_512x128_m4_r2c2	wd_in[30]	_01944_	0.578800	
u_cfg.g_live.g_bank\[1\].u_prompt	ot_sram_1r1w_512x128_m4_r2c2	wd_in[31]	_01945_	0.578800	
u_cfg.g_live.g_bank\[1\].u_prompt	ot_sram_1r1w_512x128_m4_r2c2	wd_in[32]	_01946_	0.578800	
u_cfg.g_live.g_bank\[1\].u_prompt	ot_sram_1r1w_512x128_m4_r2c2	wd_in[33]	_01947_	0.578800	
u_cfg.g_live.g_bank\[1\].u_prompt	ot_sram_1r1w_512x128_m4_r2c2	wd_in[34]	_01948_	0.578800	
u_cfg.g_live.g_bank\[1\].u_prompt	ot_sram_1r1w_512x128_m4_r2c2	wd_in[35]	_01949_	0.578800	
u_cfg.g_live.g_bank\[1\].u_prompt	ot_sram_1r1w_512x128_m4_r2c2	wd_in[36]	_01950_	0.578800	
u_cfg.g_live.g_bank\[1\].u_prompt	ot_sram_1r1w_512x128_m4_r2c2	wd_in[37]	_01951_	0.578800	
u_cfg.g_live.g_bank\[1\].u_prompt	ot_sram_1r1w_512x128_m4_r2c2	wd_in[38]	_01952_	0.578800	
u_cfg.g_live.g_bank\[1\].u_prompt	ot_sram_1r1w_512x128_m4_r2c2	wd_in[39]	_01953_	0.578800	
u_cfg.g_live.g_bank\[1\].u_prompt	ot_sram_1r1w_512x128_m4_r2c2	wd_in[40]	_01955_	0.578800	
u_cfg.g_live.g_bank\[1\].u_prompt	ot_sram_1r1w_512x128_m4_r2c2	wd_in[41]	_01956_	0.578800	
u_cfg.g_live.g_bank\[1\].u_prompt	ot_sram_1r1w_512x128_m4_r2c2	wd_in[42]	_01957_	0.578800	
u_cfg.g_live.g_bank\[1\].u_prompt	ot_sram_1r1w_512x128_m4_r2c2	wd_in[43]	_01958_	0.578800	
u_cfg.g_live.g_bank\[1\].u_prompt	ot_sram_1r1w_512x128_m4_r2c2	wd_in[44]	_01959_	0.578800	
u_cfg.g_live.g_bank\[1\].u_prompt	ot_sram_1r1w_512x128_m4_r2c2	wd_in[45]	_01960_	0.578800	
u_cfg.g_live.g_bank\[1\].u_prompt	ot_sram_1r1w_512x128_m4_r2c2	wd_in[46]	_01961_	0.578800	
u_cfg.g_live.g_bank\[1\].u_prompt	ot_sram_1r1w_512x128_m4_r2c2	wd_in[47]	_01962_	0.578800	
u_cfg.g_live.g_bank\[1\].u_prompt	ot_sram_1r1w_512x128_m4_r2c2	wd_in[48]	_01963_	0.578800	
u_cfg.g_live.g_bank\[1\].u_prompt	ot_sram_1r1w_512x128_m4_r2c2	wd_in[49]	_01964_	0.578800	
u_cfg.g_live.g_bank\[1\].u_prompt	ot_sram_1r1w_512x128_m4_r2c2	wd_in[50]	_01966_	0.578800	
u_cfg.g_live.g_bank\[1\].u_prompt	ot_sram_1r1w_512x128_m4_r2c2	wd_in[51]	_01967_	0.578800	
u_cfg.g_live.g_bank\[1\].u_prompt	ot_sram_1r1w_512x128_m4_r2c2	wd_in[52]	_01968_	0.578800	
u_cfg.g_live.g_bank\[1\].u_prompt	ot_sram_1r1w_512x128_m4_r2c2	wd_in[53]	_01969_	0.578800	
u_cfg.g_live.g_bank\[1\].u_prompt	ot_sram_1r1w_512x128_m4_r2c2	wd_in[54]	_01970_	0.578800	
u_cfg.g_live.g_bank\[1\].u_prompt	ot_sram_1r1w_512x128_m4_r2c2	wd_in[55]	_01971_	0.578800	
u_cfg.g_live.g_bank\[1\].u_prompt	ot_sram_1r1w_512x128_m4_r2c2	wd_in[56]	_01972_	0.578800	
u_cfg.g_live.g_bank\[1\].u_prompt	ot_sram_1r1w_512x128_m4_r2c2	wd_in[57]	_01973_	0.578800	
u_cfg.g_live.g_bank\[1\].u_prompt	ot_sram_1r1w_512x128_m4_r2c2	wd_in[58]	_01974_	0.578800	
u_cfg.g_live.g_bank\[1\].u_prompt	ot_sram_1r1w_512x128_m4_r2c2	wd_in[59]	_01975_	0.578800	
u_cfg.g_live.g_bank\[1\].u_prompt	ot_sram_1r1w_512x128_m4_r2c2	wd_in[60]	_01977_	0.578800	
u_cfg.g_live.g_bank\[1\].u_prompt	ot_sram_1r1w_512x128_m4_r2c2	wd_in[61]	_01978_	0.578800	
u_cfg.g_live.g_bank\[1\].u_prompt	ot_sram_1r1w_512x128_m4_r2c2	wd_in[62]	_01979_	0.578800	
u_cfg.g_live.g_bank\[1\].u_prompt	ot_sram_1r1w_512x128_m4_r2c2	wd_in[63]	_01980_	0.578800	
u_cfg.g_live.g_bank\[1\].u_prompt	ot_sram_1r1w_512x128_m4_r2c2	wd_in[64]	_01981_	0.578800	
u_cfg.g_live.g_bank\[1\].u_prompt	ot_sram_1r1w_512x128_m4_r2c2	wd_in[65]	_01982_	0.578800	
u_cfg.g_live.g_bank\[1\].u_prompt	ot_sram_1r1w_512x128_m4_r2c2	wd_in[66]	_01983_	0.578800	
u_cfg.g_live.g_bank\[1\].u_prompt	ot_sram_1r1w_512x128_m4_r2c2	wd_in[67]	_01984_	0.578800	
u_cfg.g_live.g_bank\[1\].u_prompt	ot_sram_1r1w_512x128_m4_r2c2	wd_in[68]	_01985_	0.578800	
u_cfg.g_live.g_bank\[1\].u_prompt	ot_sram_1r1w_512x128_m4_r2c2	wd_in[69]	_01986_	0.578800	
u_cfg.g_live.g_bank\[1\].u_prompt	ot_sram_1r1w_512x128_m4_r2c2	wd_in[70]	_01988_	0.578800	
u_cfg.g_live.g_bank\[1\].u_prompt	ot_sram_1r1w_512x128_m4_r2c2	wd_in[71]	_01989_	0.578800	
u_cfg.g_live.g_bank\[1\].u_prompt	ot_sram_1r1w_512x128_m4_r2c2	wd_in[72]	_01990_	0.578800	
u_cfg.g_live.g_bank\[1\].u_prompt	ot_sram_1r1w_512x128_m4_r2c2	wd_in[73]	_01991_	0.578800	
u_cfg.g_live.g_bank\[1\].u_prompt	ot_sram_1r1w_512x128_m4_r2c2	wd_in[74]	_01992_	0.578800	
u_cfg.g_live.g_bank\[1\].u_prompt	ot_sram_1r1w_512x128_m4_r2c2	wd_in[75]	_01993_	0.578800	
u_cfg.g_live.g_bank\[1\].u_prompt	ot_sram_1r1w_512x128_m4_r2c2	wd_in[76]	_01994_	0.578800	
u_cfg.g_live.g_bank\[1\].u_prompt	ot_sram_1r1w_512x128_m4_r2c2	wd_in[77]	_01995_	0.578800	
u_cfg.g_live.g_bank\[1\].u_prompt	ot_sram_1r1w_512x128_m4_r2c2	wd_in[78]	_01996_	0.578800	
u_cfg.g_live.g_bank\[1\].u_prompt	ot_sram_1r1w_512x128_m4_r2c2	wd_in[79]	_01997_	0.578800	
u_cfg.g_live.g_bank\[1\].u_prompt	ot_sram_1r1w_512x128_m4_r2c2	wd_in[80]	_01999_	0.578800	
u_cfg.g_live.g_bank\[1\].u_prompt	ot_sram_1r1w_512x128_m4_r2c2	wd_in[81]	_02000_	0.578800	
u_cfg.g_live.g_bank\[1\].u_prompt	ot_sram_1r1w_512x128_m4_r2c2	wd_in[82]	_02001_	0.578800	
u_cfg.g_live.g_bank\[1\].u_prompt	ot_sram_1r1w_512x128_m4_r2c2	wd_in[83]	_02002_	0.578800	
u_cfg.g_live.g_bank\[1\].u_prompt	ot_sram_1r1w_512x128_m4_r2c2	wd_in[84]	_02003_	0.578800	
u_cfg.g_live.g_bank\[1\].u_prompt	ot_sram_1r1w_512x128_m4_r2c2	wd_in[85]	_02004_	0.578800	
u_cfg.g_live.g_bank\[1\].u_prompt	ot_sram_1r1w_512x128_m4_r2c2	wd_in[86]	_02005_	0.578800	
u_cfg.g_live.g_bank\[1\].u_prompt	ot_sram_1r1w_512x128_m4_r2c2	wd_in[87]	_02006_	0.578800	
u_cfg.g_live.g_bank\[1\].u_prompt	ot_sram_1r1w_512x128_m4_r2c2	wd_in[88]	_02007_	0.578800	
u_cfg.g_live.g_bank\[1\].u_prompt	ot_sram_1r1w_512x128_m4_r2c2	wd_in[89]	_02008_	0.578800	
u_cfg.g_live.g_bank\[1\].u_prompt	ot_sram_1r1w_512x128_m4_r2c2	wd_in[90]	_02010_	0.578800	
u_cfg.g_live.g_bank\[1\].u_prompt	ot_sram_1r1w_512x128_m4_r2c2	wd_in[91]	_02011_	0.578800	
u_cfg.g_live.g_bank\[1\].u_prompt	ot_sram_1r1w_512x128_m4_r2c2	wd_in[92]	_02012_	0.578800	
u_cfg.g_live.g_bank\[1\].u_prompt	ot_sram_1r1w_512x128_m4_r2c2	wd_in[93]	_02013_	0.578800	
u_cfg.g_live.g_bank\[1\].u_prompt	ot_sram_1r1w_512x128_m4_r2c2	wd_in[94]	_02014_	0.578800	
u_cfg.g_live.g_bank\[1\].u_prompt	ot_sram_1r1w_512x128_m4_r2c2	wd_in[95]	_02015_	0.578800	
u_cfg.g_live.g_bank\[1\].u_prompt	ot_sram_1r1w_512x128_m4_r2c2	wd_in[96]	_02016_	0.578800	
u_cfg.g_live.g_bank\[1\].u_prompt	ot_sram_1r1w_512x128_m4_r2c2	wd_in[97]	_02017_	0.578800	
u_cfg.g_live.g_bank\[1\].u_prompt	ot_sram_1r1w_512x128_m4_r2c2	wd_in[98]	_02018_	0.578800	
u_cfg.g_live.g_bank\[1\].u_prompt	ot_sram_1r1w_512x128_m4_r2c2	wd_in[99]	_02019_	0.578800	
u_cfg.g_live.g_bank\[1\].u_prompt	ot_sram_1r1w_512x128_m4_r2c2	wd_in[100]	_01895_	0.578800	
u_cfg.g_live.g_bank\[1\].u_prompt	ot_sram_1r1w_512x128_m4_r2c2	wd_in[101]	_01896_	0.578800	
u_cfg.g_live.g_bank\[1\].u_prompt	ot_sram_1r1w_512x128_m4_r2c2	wd_in[102]	_01897_	0.578800	
u_cfg.g_live.g_bank\[1\].u_prompt	ot_sram_1r1w_512x128_m4_r2c2	wd_in[103]	_01898_	0.578800	
u_cfg.g_live.g_bank\[1\].u_prompt	ot_sram_1r1w_512x128_m4_r2c2	wd_in[104]	_01899_	0.578800	
u_cfg.g_live.g_bank\[1\].u_prompt	ot_sram_1r1w_512x128_m4_r2c2	wd_in[105]	_01900_	0.578800	
u_cfg.g_live.g_bank\[1\].u_prompt	ot_sram_1r1w_512x128_m4_r2c2	wd_in[106]	_01901_	0.578800	
u_cfg.g_live.g_bank\[1\].u_prompt	ot_sram_1r1w_512x128_m4_r2c2	wd_in[107]	_01902_	0.578800	
u_cfg.g_live.g_bank\[1\].u_prompt	ot_sram_1r1w_512x128_m4_r2c2	wd_in[108]	_01903_	0.578800	
u_cfg.g_live.g_bank\[1\].u_prompt	ot_sram_1r1w_512x128_m4_r2c2	wd_in[109]	_01904_	0.578800	
u_cfg.g_live.g_bank\[1\].u_prompt	ot_sram_1r1w_512x128_m4_r2c2	wd_in[110]	_01906_	0.578800	
u_cfg.g_live.g_bank\[1\].u_prompt	ot_sram_1r1w_512x128_m4_r2c2	wd_in[111]	_01907_	0.578800	
u_cfg.g_live.g_bank\[1\].u_prompt	ot_sram_1r1w_512x128_m4_r2c2	wd_in[112]	_01908_	0.578800	
u_cfg.g_live.g_bank\[1\].u_prompt	ot_sram_1r1w_512x128_m4_r2c2	wd_in[113]	_01909_	0.578800	
u_cfg.g_live.g_bank\[1\].u_prompt	ot_sram_1r1w_512x128_m4_r2c2	wd_in[114]	_01910_	0.578800	
u_cfg.g_live.g_bank\[1\].u_prompt	ot_sram_1r1w_512x128_m4_r2c2	wd_in[115]	_01911_	0.578800	
u_cfg.g_live.g_bank\[1\].u_prompt	ot_sram_1r1w_512x128_m4_r2c2	wd_in[116]	_01912_	0.578800	
u_cfg.g_live.g_bank\[1\].u_prompt	ot_sram_1r1w_512x128_m4_r2c2	wd_in[117]	_01913_	0.578800	
u_cfg.g_live.g_bank\[1\].u_prompt	ot_sram_1r1w_512x128_m4_r2c2	wd_in[118]	_01914_	0.578800	
u_cfg.g_live.g_bank\[1\].u_prompt	ot_sram_1r1w_512x128_m4_r2c2	wd_in[119]	_01915_	0.578800	
u_cfg.g_live.g_bank\[1\].u_prompt	ot_sram_1r1w_512x128_m4_r2c2	wd_in[120]	_01917_	0.578800	
u_cfg.g_live.g_bank\[1\].u_prompt	ot_sram_1r1w_512x128_m4_r2c2	wd_in[121]	_01918_	0.578800	
u_cfg.g_live.g_bank\[1\].u_prompt	ot_sram_1r1w_512x128_m4_r2c2	wd_in[122]	_01919_	0.578800	
u_cfg.g_live.g_bank\[1\].u_prompt	ot_sram_1r1w_512x128_m4_r2c2	wd_in[123]	_01920_	0.578800	
u_cfg.g_live.g_bank\[1\].u_prompt	ot_sram_1r1w_512x128_m4_r2c2	wd_in[124]	_01921_	0.578800	
u_cfg.g_live.g_bank\[1\].u_prompt	ot_sram_1r1w_512x128_m4_r2c2	wd_in[125]	_01922_	0.578800	
u_cfg.g_live.g_bank\[1\].u_prompt	ot_sram_1r1w_512x128_m4_r2c2	wd_in[126]	_01923_	0.578800	
u_cfg.g_live.g_bank\[1\].u_prompt	ot_sram_1r1w_512x128_m4_r2c2	wd_in[127]	_01924_	0.578800	
u_cfg.g_live.g_bank\[1\].u_prompt	ot_sram_1r1w_512x128_m4_r2c2	w_mask_in[0]	_02021_	0.578800	
u_cfg.g_live.g_bank\[1\].u_prompt	ot_sram_1r1w_512x128_m4_r2c2	w_mask_in[1]	_02021_	0.578800	
u_cfg.g_live.g_bank\[1\].u_prompt	ot_sram_1r1w_512x128_m4_r2c2	w_mask_in[2]	_02021_	0.578800	
u_cfg.g_live.g_bank\[1\].u_prompt	ot_sram_1r1w_512x128_m4_r2c2	w_mask_in[3]	_02021_	0.578800	
u_cfg.g_live.g_bank\[1\].u_prompt	ot_sram_1r1w_512x128_m4_r2c2	w_mask_in[4]	_02021_	0.578800	
u_cfg.g_live.g_bank\[1\].u_prompt	ot_sram_1r1w_512x128_m4_r2c2	w_mask_in[5]	_02021_	0.578800	
u_cfg.g_live.g_bank\[1\].u_prompt	ot_sram_1r1w_512x128_m4_r2c2	w_mask_in[6]	_02021_	0.578800	
u_cfg.g_live.g_bank\[1\].u_prompt	ot_sram_1r1w_512x128_m4_r2c2	w_mask_in[7]	_02021_	0.578800	
u_cfg.g_live.g_bank\[1\].u_prompt	ot_sram_1r1w_512x128_m4_r2c2	w_mask_in[8]	_02021_	0.578800	
u_cfg.g_live.g_bank\[1\].u_prompt	ot_sram_1r1w_512x128_m4_r2c2	w_mask_in[9]	_02021_	0.578800	
u_cfg.g_live.g_bank\[1\].u_prompt	ot_sram_1r1w_512x128_m4_r2c2	w_mask_in[10]	_02021_	0.578800	
u_cfg.g_live.g_bank\[1\].u_prompt	ot_sram_1r1w_512x128_m4_r2c2	w_mask_in[11]	_02021_	0.578800	
u_cfg.g_live.g_bank\[1\].u_prompt	ot_sram_1r1w_512x128_m4_r2c2	w_mask_in[12]	_02021_	0.578800	
u_cfg.g_live.g_bank\[1\].u_prompt	ot_sram_1r1w_512x128_m4_r2c2	w_mask_in[13]	_02021_	0.578800	
u_cfg.g_live.g_bank\[1\].u_prompt	ot_sram_1r1w_512x128_m4_r2c2	w_mask_in[14]	_02021_	0.578800	
u_cfg.g_live.g_bank\[1\].u_prompt	ot_sram_1r1w_512x128_m4_r2c2	w_mask_in[15]	_02021_	0.578800	
u_cfg.g_live.g_bank\[1\].u_prompt	ot_sram_1r1w_512x128_m4_r2c2	w_mask_in[16]	_02021_	0.578800	
u_cfg.g_live.g_bank\[1\].u_prompt	ot_sram_1r1w_512x128_m4_r2c2	w_mask_in[17]	_02021_	0.578800	
u_cfg.g_live.g_bank\[1\].u_prompt	ot_sram_1r1w_512x128_m4_r2c2	w_mask_in[18]	_02021_	0.578800	
u_cfg.g_live.g_bank\[1\].u_prompt	ot_sram_1r1w_512x128_m4_r2c2	w_mask_in[19]	_02021_	0.578800	
u_cfg.g_live.g_bank\[1\].u_prompt	ot_sram_1r1w_512x128_m4_r2c2	w_mask_in[20]	_02021_	0.578800	
u_cfg.g_live.g_bank\[1\].u_prompt	ot_sram_1r1w_512x128_m4_r2c2	w_mask_in[21]	_02021_	0.578800	
u_cfg.g_live.g_bank\[1\].u_prompt	ot_sram_1r1w_512x128_m4_r2c2	w_mask_in[22]	_02021_	0.578800	
u_cfg.g_live.g_bank\[1\].u_prompt	ot_sram_1r1w_512x128_m4_r2c2	w_mask_in[23]	_02021_	0.578800	
u_cfg.g_live.g_bank\[1\].u_prompt	ot_sram_1r1w_512x128_m4_r2c2	w_mask_in[24]	_02021_	0.578800	
u_cfg.g_live.g_bank\[1\].u_prompt	ot_sram_1r1w_512x128_m4_r2c2	w_mask_in[25]	_02021_	0.578800	
u_cfg.g_live.g_bank\[1\].u_prompt	ot_sram_1r1w_512x128_m4_r2c2	w_mask_in[26]	_02021_	0.578800	
u_cfg.g_live.g_bank\[1\].u_prompt	ot_sram_1r1w_512x128_m4_r2c2	w_mask_in[27]	_02021_	0.578800	
u_cfg.g_live.g_bank\[1\].u_prompt	ot_sram_1r1w_512x128_m4_r2c2	w_mask_in[28]	_02021_	0.578800	
u_cfg.g_live.g_bank\[1\].u_prompt	ot_sram_1r1w_512x128_m4_r2c2	w_mask_in[29]	_02021_	0.578800	
u_cfg.g_live.g_bank\[1\].u_prompt	ot_sram_1r1w_512x128_m4_r2c2	w_mask_in[30]	_02021_	0.578800	
u_cfg.g_live.g_bank\[1\].u_prompt	ot_sram_1r1w_512x128_m4_r2c2	w_mask_in[31]	_02021_	0.578800	
u_cfg.g_live.g_bank\[1\].u_prompt	ot_sram_1r1w_512x128_m4_r2c2	w_mask_in[32]	_02021_	0.578800	
u_cfg.g_live.g_bank\[1\].u_prompt	ot_sram_1r1w_512x128_m4_r2c2	w_mask_in[33]	_02021_	0.578800	
u_cfg.g_live.g_bank\[1\].u_prompt	ot_sram_1r1w_512x128_m4_r2c2	w_mask_in[34]	_02021_	0.578800	
u_cfg.g_live.g_bank\[1\].u_prompt	ot_sram_1r1w_512x128_m4_r2c2	w_mask_in[35]	_02021_	0.578800	
u_cfg.g_live.g_bank\[1\].u_prompt	ot_sram_1r1w_512x128_m4_r2c2	w_mask_in[36]	_02021_	0.578800	
u_cfg.g_live.g_bank\[1\].u_prompt	ot_sram_1r1w_512x128_m4_r2c2	w_mask_in[37]	_02021_	0.578800	
u_cfg.g_live.g_bank\[1\].u_prompt	ot_sram_1r1w_512x128_m4_r2c2	w_mask_in[38]	_02021_	0.578800	
u_cfg.g_live.g_bank\[1\].u_prompt	ot_sram_1r1w_512x128_m4_r2c2	w_mask_in[39]	_02021_	0.578800	
u_cfg.g_live.g_bank\[1\].u_prompt	ot_sram_1r1w_512x128_m4_r2c2	w_mask_in[40]	_02021_	0.578800	
u_cfg.g_live.g_bank\[1\].u_prompt	ot_sram_1r1w_512x128_m4_r2c2	w_mask_in[41]	_02021_	0.578800	
u_cfg.g_live.g_bank\[1\].u_prompt	ot_sram_1r1w_512x128_m4_r2c2	w_mask_in[42]	_02021_	0.578800	
u_cfg.g_live.g_bank\[1\].u_prompt	ot_sram_1r1w_512x128_m4_r2c2	w_mask_in[43]	_02021_	0.578800	
u_cfg.g_live.g_bank\[1\].u_prompt	ot_sram_1r1w_512x128_m4_r2c2	w_mask_in[44]	_02021_	0.578800	
u_cfg.g_live.g_bank\[1\].u_prompt	ot_sram_1r1w_512x128_m4_r2c2	w_mask_in[45]	_02021_	0.578800	
u_cfg.g_live.g_bank\[1\].u_prompt	ot_sram_1r1w_512x128_m4_r2c2	w_mask_in[46]	_02021_	0.578800	
u_cfg.g_live.g_bank\[1\].u_prompt	ot_sram_1r1w_512x128_m4_r2c2	w_mask_in[47]	_02021_	0.578800	
u_cfg.g_live.g_bank\[1\].u_prompt	ot_sram_1r1w_512x128_m4_r2c2	w_mask_in[48]	_02021_	0.578800	
u_cfg.g_live.g_bank\[1\].u_prompt	ot_sram_1r1w_512x128_m4_r2c2	w_mask_in[49]	_02021_	0.578800	
u_cfg.g_live.g_bank\[1\].u_prompt	ot_sram_1r1w_512x128_m4_r2c2	w_mask_in[50]	_02021_	0.578800	
u_cfg.g_live.g_bank\[1\].u_prompt	ot_sram_1r1w_512x128_m4_r2c2	w_mask_in[51]	_02021_	0.578800	
u_cfg.g_live.g_bank\[1\].u_prompt	ot_sram_1r1w_512x128_m4_r2c2	w_mask_in[52]	_02021_	0.578800	
u_cfg.g_live.g_bank\[1\].u_prompt	ot_sram_1r1w_512x128_m4_r2c2	w_mask_in[53]	_02021_	0.578800	
u_cfg.g_live.g_bank\[1\].u_prompt	ot_sram_1r1w_512x128_m4_r2c2	w_mask_in[54]	_02021_	0.578800	
u_cfg.g_live.g_bank\[1\].u_prompt	ot_sram_1r1w_512x128_m4_r2c2	w_mask_in[55]	_02021_	0.578800	
u_cfg.g_live.g_bank\[1\].u_prompt	ot_sram_1r1w_512x128_m4_r2c2	w_mask_in[56]	_02021_	0.578800	
u_cfg.g_live.g_bank\[1\].u_prompt	ot_sram_1r1w_512x128_m4_r2c2	w_mask_in[57]	_02021_	0.578800	
u_cfg.g_live.g_bank\[1\].u_prompt	ot_sram_1r1w_512x128_m4_r2c2	w_mask_in[58]	_02021_	0.578800	
u_cfg.g_live.g_bank\[1\].u_prompt	ot_sram_1r1w_512x128_m4_r2c2	w_mask_in[59]	_02021_	0.578800	
u_cfg.g_live.g_bank\[1\].u_prompt	ot_sram_1r1w_512x128_m4_r2c2	w_mask_in[60]	_02021_	0.578800	
u_cfg.g_live.g_bank\[1\].u_prompt	ot_sram_1r1w_512x128_m4_r2c2	w_mask_in[61]	_02021_	0.578800	
u_cfg.g_live.g_bank\[1\].u_prompt	ot_sram_1r1w_512x128_m4_r2c2	w_mask_in[62]	_02021_	0.578800	
u_cfg.g_live.g_bank\[1\].u_prompt	ot_sram_1r1w_512x128_m4_r2c2	w_mask_in[63]	_02021_	0.578800	
u_cfg.g_live.g_bank\[1\].u_prompt	ot_sram_1r1w_512x128_m4_r2c2	w_mask_in[64]	_02022_	0.578800	
u_cfg.g_live.g_bank\[1\].u_prompt	ot_sram_1r1w_512x128_m4_r2c2	w_mask_in[65]	_02022_	0.578800	
u_cfg.g_live.g_bank\[1\].u_prompt	ot_sram_1r1w_512x128_m4_r2c2	w_mask_in[66]	_02022_	0.578800	
u_cfg.g_live.g_bank\[1\].u_prompt	ot_sram_1r1w_512x128_m4_r2c2	w_mask_in[67]	_02022_	0.578800	
u_cfg.g_live.g_bank\[1\].u_prompt	ot_sram_1r1w_512x128_m4_r2c2	w_mask_in[68]	_02022_	0.578800	
u_cfg.g_live.g_bank\[1\].u_prompt	ot_sram_1r1w_512x128_m4_r2c2	w_mask_in[69]	_02022_	0.578800	
u_cfg.g_live.g_bank\[1\].u_prompt	ot_sram_1r1w_512x128_m4_r2c2	w_mask_in[70]	_02022_	0.578800	
u_cfg.g_live.g_bank\[1\].u_prompt	ot_sram_1r1w_512x128_m4_r2c2	w_mask_in[71]	_02022_	0.578800	
u_cfg.g_live.g_bank\[1\].u_prompt	ot_sram_1r1w_512x128_m4_r2c2	w_mask_in[72]	_02022_	0.578800	
u_cfg.g_live.g_bank\[1\].u_prompt	ot_sram_1r1w_512x128_m4_r2c2	w_mask_in[73]	_02022_	0.578800	
u_cfg.g_live.g_bank\[1\].u_prompt	ot_sram_1r1w_512x128_m4_r2c2	w_mask_in[74]	_02022_	0.578800	
u_cfg.g_live.g_bank\[1\].u_prompt	ot_sram_1r1w_512x128_m4_r2c2	w_mask_in[75]	_02022_	0.578800	
u_cfg.g_live.g_bank\[1\].u_prompt	ot_sram_1r1w_512x128_m4_r2c2	w_mask_in[76]	_02022_	0.578800	
u_cfg.g_live.g_bank\[1\].u_prompt	ot_sram_1r1w_512x128_m4_r2c2	w_mask_in[77]	_02022_	0.578800	
u_cfg.g_live.g_bank\[1\].u_prompt	ot_sram_1r1w_512x128_m4_r2c2	w_mask_in[78]	_02022_	0.578800	
u_cfg.g_live.g_bank\[1\].u_prompt	ot_sram_1r1w_512x128_m4_r2c2	w_mask_in[79]	_02022_	0.578800	
u_cfg.g_live.g_bank\[1\].u_prompt	ot_sram_1r1w_512x128_m4_r2c2	w_mask_in[80]	_02022_	0.578800	
u_cfg.g_live.g_bank\[1\].u_prompt	ot_sram_1r1w_512x128_m4_r2c2	w_mask_in[81]	_02022_	0.578800	
u_cfg.g_live.g_bank\[1\].u_prompt	ot_sram_1r1w_512x128_m4_r2c2	w_mask_in[82]	_02022_	0.578800	
u_cfg.g_live.g_bank\[1\].u_prompt	ot_sram_1r1w_512x128_m4_r2c2	w_mask_in[83]	_02022_	0.578800	
u_cfg.g_live.g_bank\[1\].u_prompt	ot_sram_1r1w_512x128_m4_r2c2	w_mask_in[84]	_02022_	0.578800	
u_cfg.g_live.g_bank\[1\].u_prompt	ot_sram_1r1w_512x128_m4_r2c2	w_mask_in[85]	_02022_	0.578800	
u_cfg.g_live.g_bank\[1\].u_prompt	ot_sram_1r1w_512x128_m4_r2c2	w_mask_in[86]	_02022_	0.578800	
u_cfg.g_live.g_bank\[1\].u_prompt	ot_sram_1r1w_512x128_m4_r2c2	w_mask_in[87]	_02022_	0.578800	
u_cfg.g_live.g_bank\[1\].u_prompt	ot_sram_1r1w_512x128_m4_r2c2	w_mask_in[88]	_02022_	0.578800	
u_cfg.g_live.g_bank\[1\].u_prompt	ot_sram_1r1w_512x128_m4_r2c2	w_mask_in[89]	_02022_	0.578800	
u_cfg.g_live.g_bank\[1\].u_prompt	ot_sram_1r1w_512x128_m4_r2c2	w_mask_in[90]	_02022_	0.578800	
u_cfg.g_live.g_bank\[1\].u_prompt	ot_sram_1r1w_512x128_m4_r2c2	w_mask_in[91]	_02022_	0.578800	
u_cfg.g_live.g_bank\[1\].u_prompt	ot_sram_1r1w_512x128_m4_r2c2	w_mask_in[92]	_02022_	0.578800	
u_cfg.g_live.g_bank\[1\].u_prompt	ot_sram_1r1w_512x128_m4_r2c2	w_mask_in[93]	_02022_	0.578800	
u_cfg.g_live.g_bank\[1\].u_prompt	ot_sram_1r1w_512x128_m4_r2c2	w_mask_in[94]	_02022_	0.578800	
u_cfg.g_live.g_bank\[1\].u_prompt	ot_sram_1r1w_512x128_m4_r2c2	w_mask_in[95]	_02022_	0.578800	
u_cfg.g_live.g_bank\[1\].u_prompt	ot_sram_1r1w_512x128_m4_r2c2	w_mask_in[96]	_02022_	0.578800	
u_cfg.g_live.g_bank\[1\].u_prompt	ot_sram_1r1w_512x128_m4_r2c2	w_mask_in[97]	_02022_	0.578800	
u_cfg.g_live.g_bank\[1\].u_prompt	ot_sram_1r1w_512x128_m4_r2c2	w_mask_in[98]	_02022_	0.578800	
u_cfg.g_live.g_bank\[1\].u_prompt	ot_sram_1r1w_512x128_m4_r2c2	w_mask_in[99]	_02022_	0.578800	
u_cfg.g_live.g_bank\[1\].u_prompt	ot_sram_1r1w_512x128_m4_r2c2	w_mask_in[100]	_02022_	0.578800	
u_cfg.g_live.g_bank\[1\].u_prompt	ot_sram_1r1w_512x128_m4_r2c2	w_mask_in[101]	_02022_	0.578800	
u_cfg.g_live.g_bank\[1\].u_prompt	ot_sram_1r1w_512x128_m4_r2c2	w_mask_in[102]	_02022_	0.578800	
u_cfg.g_live.g_bank\[1\].u_prompt	ot_sram_1r1w_512x128_m4_r2c2	w_mask_in[103]	_02022_	0.578800	
u_cfg.g_live.g_bank\[1\].u_prompt	ot_sram_1r1w_512x128_m4_r2c2	w_mask_in[104]	_02022_	0.578800	
u_cfg.g_live.g_bank\[1\].u_prompt	ot_sram_1r1w_512x128_m4_r2c2	w_mask_in[105]	_02022_	0.578800	
u_cfg.g_live.g_bank\[1\].u_prompt	ot_sram_1r1w_512x128_m4_r2c2	w_mask_in[106]	_02022_	0.578800	
u_cfg.g_live.g_bank\[1\].u_prompt	ot_sram_1r1w_512x128_m4_r2c2	w_mask_in[107]	_02022_	0.578800	
u_cfg.g_live.g_bank\[1\].u_prompt	ot_sram_1r1w_512x128_m4_r2c2	w_mask_in[108]	_02022_	0.578800	
u_cfg.g_live.g_bank\[1\].u_prompt	ot_sram_1r1w_512x128_m4_r2c2	w_mask_in[109]	_02022_	0.578800	
u_cfg.g_live.g_bank\[1\].u_prompt	ot_sram_1r1w_512x128_m4_r2c2	w_mask_in[110]	_02022_	0.578800	
u_cfg.g_live.g_bank\[1\].u_prompt	ot_sram_1r1w_512x128_m4_r2c2	w_mask_in[111]	_02022_	0.578800	
u_cfg.g_live.g_bank\[1\].u_prompt	ot_sram_1r1w_512x128_m4_r2c2	w_mask_in[112]	_02022_	0.578800	
u_cfg.g_live.g_bank\[1\].u_prompt	ot_sram_1r1w_512x128_m4_r2c2	w_mask_in[113]	_02022_	0.578800	
u_cfg.g_live.g_bank\[1\].u_prompt	ot_sram_1r1w_512x128_m4_r2c2	w_mask_in[114]	_02022_	0.578800	
u_cfg.g_live.g_bank\[1\].u_prompt	ot_sram_1r1w_512x128_m4_r2c2	w_mask_in[115]	_02022_	0.578800	
u_cfg.g_live.g_bank\[1\].u_prompt	ot_sram_1r1w_512x128_m4_r2c2	w_mask_in[116]	_02022_	0.578800	
u_cfg.g_live.g_bank\[1\].u_prompt	ot_sram_1r1w_512x128_m4_r2c2	w_mask_in[117]	_02022_	0.578800	
u_cfg.g_live.g_bank\[1\].u_prompt	ot_sram_1r1w_512x128_m4_r2c2	w_mask_in[118]	_02022_	0.578800	
u_cfg.g_live.g_bank\[1\].u_prompt	ot_sram_1r1w_512x128_m4_r2c2	w_mask_in[119]	_02022_	0.578800	
u_cfg.g_live.g_bank\[1\].u_prompt	ot_sram_1r1w_512x128_m4_r2c2	w_mask_in[120]	_02022_	0.578800	
u_cfg.g_live.g_bank\[1\].u_prompt	ot_sram_1r1w_512x128_m4_r2c2	w_mask_in[121]	_02022_	0.578800	
u_cfg.g_live.g_bank\[1\].u_prompt	ot_sram_1r1w_512x128_m4_r2c2	w_mask_in[122]	_02022_	0.578800	
u_cfg.g_live.g_bank\[1\].u_prompt	ot_sram_1r1w_512x128_m4_r2c2	w_mask_in[123]	_02022_	0.578800	
u_cfg.g_live.g_bank\[1\].u_prompt	ot_sram_1r1w_512x128_m4_r2c2	w_mask_in[124]	_02022_	0.578800	
u_cfg.g_live.g_bank\[1\].u_prompt	ot_sram_1r1w_512x128_m4_r2c2	w_mask_in[125]	_02022_	0.578800	
u_cfg.g_live.g_bank\[1\].u_prompt	ot_sram_1r1w_512x128_m4_r2c2	w_mask_in[126]	_02022_	0.578800	
u_cfg.g_live.g_bank\[1\].u_prompt	ot_sram_1r1w_512x128_m4_r2c2	w_mask_in[127]	_02022_	0.578800	
u_cfg.g_live.g_bank\[1\].u_prompt	ot_sram_1r1w_512x128_m4_r2c2	rr_en[0]	_10622_	0.578800	
u_cfg.g_live.g_bank\[1\].u_prompt	ot_sram_1r1w_512x128_m4_r2c2	rr_en[1]	_10622_	0.578800	
u_cfg.g_live.g_bank\[1\].u_prompt	ot_sram_1r1w_512x128_m4_r2c2	rr_addr[0]	_10622_	0.578800	
u_cfg.g_live.g_bank\[1\].u_prompt	ot_sram_1r1w_512x128_m4_r2c2	rr_addr[1]	_10622_	0.578800	
u_cfg.g_live.g_bank\[1\].u_prompt	ot_sram_1r1w_512x128_m4_r2c2	rr_addr[2]	_10622_	0.578800	
u_cfg.g_live.g_bank\[1\].u_prompt	ot_sram_1r1w_512x128_m4_r2c2	rr_addr[3]	_10622_	0.578800	
u_cfg.g_live.g_bank\[1\].u_prompt	ot_sram_1r1w_512x128_m4_r2c2	rr_addr[4]	_10622_	0.578800	
u_cfg.g_live.g_bank\[1\].u_prompt	ot_sram_1r1w_512x128_m4_r2c2	rr_addr[5]	_10622_	0.578800	
u_cfg.g_live.g_bank\[1\].u_prompt	ot_sram_1r1w_512x128_m4_r2c2	rr_addr[6]	_10622_	0.578800	
u_cfg.g_live.g_bank\[1\].u_prompt	ot_sram_1r1w_512x128_m4_r2c2	rr_addr[7]	_10622_	0.578800	
u_cfg.g_live.g_bank\[1\].u_prompt	ot_sram_1r1w_512x128_m4_r2c2	rr_addr[8]	_10622_	0.578800	
u_cfg.g_live.g_bank\[1\].u_prompt	ot_sram_1r1w_512x128_m4_r2c2	rr_addr[9]	_10622_	0.578800	
u_cfg.g_live.g_bank\[1\].u_prompt	ot_sram_1r1w_512x128_m4_r2c2	rr_addr[10]	_10622_	0.578800	
u_cfg.g_live.g_bank\[1\].u_prompt	ot_sram_1r1w_512x128_m4_r2c2	rr_addr[11]	_10622_	0.578800	
u_cfg.g_live.g_bank\[1\].u_prompt	ot_sram_1r1w_512x128_m4_r2c2	rr_addr[12]	_10622_	0.578800	
u_cfg.g_live.g_bank\[1\].u_prompt	ot_sram_1r1w_512x128_m4_r2c2	rr_addr[13]	_10622_	0.578800	
u_cfg.g_live.g_bank\[1\].u_prompt	ot_sram_1r1w_512x128_m4_r2c2	cr_en[0]	_10622_	0.578800	
u_cfg.g_live.g_bank\[1\].u_prompt	ot_sram_1r1w_512x128_m4_r2c2	cr_en[1]	_10622_	0.578800	
u_cfg.g_live.g_bank\[1\].u_prompt	ot_sram_1r1w_512x128_m4_r2c2	cr_sel[0]	_10622_	0.578800	
u_cfg.g_live.g_bank\[1\].u_prompt	ot_sram_1r1w_512x128_m4_r2c2	cr_sel[1]	_10622_	0.578800	
u_cfg.g_live.g_bank\[1\].u_prompt	ot_sram_1r1w_512x128_m4_r2c2	cr_sel[2]	_10622_	0.578800	
u_cfg.g_live.g_bank\[1\].u_prompt	ot_sram_1r1w_512x128_m4_r2c2	cr_sel[3]	_10622_	0.578800	
u_cfg.g_live.g_bank\[1\].u_prompt	ot_sram_1r1w_512x128_m4_r2c2	cr_sel[4]	_10622_	0.578800	
u_cfg.g_live.g_bank\[1\].u_prompt	ot_sram_1r1w_512x128_m4_r2c2	cr_sel[5]	_10622_	0.578800	
u_cfg.g_live.g_bank\[1\].u_prompt	ot_sram_1r1w_512x128_m4_r2c2	cr_sel[6]	_10622_	0.578800	
u_cfg.g_live.g_bank\[1\].u_prompt	ot_sram_1r1w_512x128_m4_r2c2	cr_sel[7]	_10622_	0.578800	
u_cfg.g_live.g_bank\[1\].u_prompt	ot_sram_1r1w_512x128_m4_r2c2	cr_sel[8]	_10622_	0.578800	
u_cfg.g_live.g_bank\[1\].u_prompt	ot_sram_1r1w_512x128_m4_r2c2	cr_sel[9]	_10622_	0.578800	
u_cfg.g_live.g_bank\[1\].u_prompt	ot_sram_1r1w_512x128_m4_r2c2	cr_sel[10]	_10622_	0.578800	
u_cfg.g_live.g_bank\[1\].u_prompt	ot_sram_1r1w_512x128_m4_r2c2	cr_sel[11]	_10622_	0.578800	
u_cfg.g_live.g_bank\[1\].u_prompt	ot_sram_1r1w_512x128_m4_r2c2	cr_sel[12]	_10622_	0.578800	
u_cfg.g_live.g_bank\[1\].u_prompt	ot_sram_1r1w_512x128_m4_r2c2	cr_sel[13]	_10622_	0.578800	
u_cfg.g_live.g_bank\[2\].u_prompt	ot_sram_1r1w_512x128_m4_r2c2	clk	clk	8.683800	
u_cfg.g_live.g_bank\[2\].u_prompt	ot_sram_1r1w_512x128_m4_r2c2	r_ce_in	_02025_	0.578800	
u_cfg.g_live.g_bank\[2\].u_prompt	ot_sram_1r1w_512x128_m4_r2c2	r_addr_in[0]	u_cfg.g_live.read_index\[1\]	0.578800	
u_cfg.g_live.g_bank\[2\].u_prompt	ot_sram_1r1w_512x128_m4_r2c2	r_addr_in[1]	u_cfg.g_live.read_index\[2\]	0.578800	
u_cfg.g_live.g_bank\[2\].u_prompt	ot_sram_1r1w_512x128_m4_r2c2	r_addr_in[2]	u_cfg.g_live.read_index\[3\]	0.578800	
u_cfg.g_live.g_bank\[2\].u_prompt	ot_sram_1r1w_512x128_m4_r2c2	r_addr_in[3]	u_cfg.g_live.read_index\[4\]	0.578800	
u_cfg.g_live.g_bank\[2\].u_prompt	ot_sram_1r1w_512x128_m4_r2c2	r_addr_in[4]	u_cfg.g_live.read_index\[5\]	0.578800	
u_cfg.g_live.g_bank\[2\].u_prompt	ot_sram_1r1w_512x128_m4_r2c2	r_addr_in[5]	u_cfg.g_live.read_index\[6\]	0.578800	
u_cfg.g_live.g_bank\[2\].u_prompt	ot_sram_1r1w_512x128_m4_r2c2	r_addr_in[6]	u_cfg.g_live.read_index\[7\]	0.578800	
u_cfg.g_live.g_bank\[2\].u_prompt	ot_sram_1r1w_512x128_m4_r2c2	r_addr_in[7]	u_cfg.g_live.read_index\[8\]	0.578800	
u_cfg.g_live.g_bank\[2\].u_prompt	ot_sram_1r1w_512x128_m4_r2c2	r_addr_in[8]	u_cfg.g_live.read_index\[9\]	0.578800	
u_cfg.g_live.g_bank\[2\].u_prompt	ot_sram_1r1w_512x128_m4_r2c2	rd_out[0]	u_cfg.g_live.bank_q\[1408\]	0.578766	{_14597_ A 0.578766}
u_cfg.g_live.g_bank\[2\].u_prompt	ot_sram_1r1w_512x128_m4_r2c2	rd_out[1]	u_cfg.g_live.bank_q\[1409\]	0.578766	{_14386_ A 0.578766}
u_cfg.g_live.g_bank\[2\].u_prompt	ot_sram_1r1w_512x128_m4_r2c2	rd_out[2]	u_cfg.g_live.bank_q\[1410\]	0.578766	{_14739_ A 0.578766}
u_cfg.g_live.g_bank\[2\].u_prompt	ot_sram_1r1w_512x128_m4_r2c2	rd_out[3]	u_cfg.g_live.bank_q\[1411\]	0.578766	{_14487_ A 0.578766}
u_cfg.g_live.g_bank\[2\].u_prompt	ot_sram_1r1w_512x128_m4_r2c2	rd_out[4]	u_cfg.g_live.bank_q\[1412\]	0.578766	{_14516_ A 0.578766}
u_cfg.g_live.g_bank\[2\].u_prompt	ot_sram_1r1w_512x128_m4_r2c2	rd_out[5]	u_cfg.g_live.bank_q\[1413\]	0.924352	{_14662_ B 0.924352}
u_cfg.g_live.g_bank\[2\].u_prompt	ot_sram_1r1w_512x128_m4_r2c2	rd_out[6]	u_cfg.g_live.bank_q\[1414\]	0.578766	{_14635_ A 0.578766}
u_cfg.g_live.g_bank\[2\].u_prompt	ot_sram_1r1w_512x128_m4_r2c2	rd_out[7]	u_cfg.g_live.bank_q\[1415\]	0.885352	{_15103_ A2 0.885352}
u_cfg.g_live.g_bank\[2\].u_prompt	ot_sram_1r1w_512x128_m4_r2c2	rd_out[8]	u_cfg.g_live.bank_q\[1416\]	0.885352	{_14954_ A2 0.885352}
u_cfg.g_live.g_bank\[2\].u_prompt	ot_sram_1r1w_512x128_m4_r2c2	rd_out[9]	u_cfg.g_live.bank_q\[1417\]	0.578766	{_14986_ A 0.578766}
u_cfg.g_live.g_bank\[2\].u_prompt	ot_sram_1r1w_512x128_m4_r2c2	rd_out[10]	u_cfg.g_live.bank_q\[1418\]	0.578766	{_14907_ A 0.578766}
u_cfg.g_live.g_bank\[2\].u_prompt	ot_sram_1r1w_512x128_m4_r2c2	rd_out[11]	u_cfg.g_live.bank_q\[1419\]	0.924352	{_14020_ B 0.924352}
u_cfg.g_live.g_bank\[2\].u_prompt	ot_sram_1r1w_512x128_m4_r2c2	rd_out[12]	u_cfg.g_live.bank_q\[1420\]	0.578766	{_13850_ A 0.578766}
u_cfg.g_live.g_bank\[2\].u_prompt	ot_sram_1r1w_512x128_m4_r2c2	rd_out[13]	u_cfg.g_live.bank_q\[1421\]	0.578766	{_13805_ A 0.578766}
u_cfg.g_live.g_bank\[2\].u_prompt	ot_sram_1r1w_512x128_m4_r2c2	rd_out[14]	u_cfg.g_live.bank_q\[1422\]	0.924352	{_14033_ B 0.924352}
u_cfg.g_live.g_bank\[2\].u_prompt	ot_sram_1r1w_512x128_m4_r2c2	rd_out[15]	u_cfg.g_live.bank_q\[1423\]	0.578766	{_13885_ A 0.578766}
u_cfg.g_live.g_bank\[2\].u_prompt	ot_sram_1r1w_512x128_m4_r2c2	rd_out[16]	u_cfg.g_live.bank_q\[1424\]	0.578766	{_12822_ A 0.578766}
u_cfg.g_live.g_bank\[2\].u_prompt	ot_sram_1r1w_512x128_m4_r2c2	rd_out[17]	u_cfg.g_live.bank_q\[1425\]	0.578766	{_12777_ A 0.578766}
u_cfg.g_live.g_bank\[2\].u_prompt	ot_sram_1r1w_512x128_m4_r2c2	rd_out[18]	u_cfg.g_live.bank_q\[1426\]	0.578766	{_12703_ A 0.578766}
u_cfg.g_live.g_bank\[2\].u_prompt	ot_sram_1r1w_512x128_m4_r2c2	rd_out[19]	u_cfg.g_live.bank_q\[1427\]	0.885352	{_12892_ A2 0.885352}
u_cfg.g_live.g_bank\[2\].u_prompt	ot_sram_1r1w_512x128_m4_r2c2	rd_out[20]	u_cfg.g_live.bank_q\[1428\]	0.578766	{_12187_ A 0.578766}
u_cfg.g_live.g_bank\[2\].u_prompt	ot_sram_1r1w_512x128_m4_r2c2	rd_out[21]	u_cfg.g_live.bank_q\[1429\]	0.924352	{_12294_ B 0.924352}
u_cfg.g_live.g_bank\[2\].u_prompt	ot_sram_1r1w_512x128_m4_r2c2	rd_out[22]	u_cfg.g_live.bank_q\[1430\]	0.924352	{_12300_ B 0.924352}
u_cfg.g_live.g_bank\[2\].u_prompt	ot_sram_1r1w_512x128_m4_r2c2	rd_out[23]	u_cfg.g_live.bank_q\[1431\]	0.578766	{_12442_ A 0.578766}
u_cfg.g_live.g_bank\[2\].u_prompt	ot_sram_1r1w_512x128_m4_r2c2	rd_out[24]	u_cfg.g_live.bank_q\[1432\]	0.578766	{_12619_ A 0.578766}
u_cfg.g_live.g_bank\[2\].u_prompt	ot_sram_1r1w_512x128_m4_r2c2	rd_out[25]	u_cfg.g_live.bank_q\[1433\]	0.578766	{_12504_ A 0.578766}
u_cfg.g_live.g_bank\[2\].u_prompt	ot_sram_1r1w_512x128_m4_r2c2	rd_out[26]	u_cfg.g_live.bank_q\[1434\]	0.578766	{_15655_ A 0.578766}
u_cfg.g_live.g_bank\[2\].u_prompt	ot_sram_1r1w_512x128_m4_r2c2	rd_out[27]	u_cfg.g_live.bank_q\[1435\]	0.578766	{_15459_ A 0.578766}
u_cfg.g_live.g_bank\[2\].u_prompt	ot_sram_1r1w_512x128_m4_r2c2	rd_out[28]	u_cfg.g_live.bank_q\[1436\]	0.924352	{_15569_ B 0.924352}
u_cfg.g_live.g_bank\[2\].u_prompt	ot_sram_1r1w_512x128_m4_r2c2	rd_out[29]	u_cfg.g_live.bank_q\[1437\]	0.486821	{_15365_ B 0.486821}
u_cfg.g_live.g_bank\[2\].u_prompt	ot_sram_1r1w_512x128_m4_r2c2	rd_out[30]	u_cfg.g_live.bank_q\[1438\]	0.578766	{_15611_ A 0.578766}
u_cfg.g_live.g_bank\[2\].u_prompt	ot_sram_1r1w_512x128_m4_r2c2	rd_out[31]	u_cfg.g_live.bank_q\[1439\]	0.578766	{_15712_ A 0.578766}
u_cfg.g_live.g_bank\[2\].u_prompt	ot_sram_1r1w_512x128_m4_r2c2	rd_out[32]	u_cfg.g_live.bank_q\[1440\]	0.924352	{_15144_ B 0.924352}
u_cfg.g_live.g_bank\[2\].u_prompt	ot_sram_1r1w_512x128_m4_r2c2	rd_out[33]	u_cfg.g_live.bank_q\[1441\]	0.874367	{_14215_ A2 0.874367}
u_cfg.g_live.g_bank\[2\].u_prompt	ot_sram_1r1w_512x128_m4_r2c2	rd_out[34]	u_cfg.g_live.bank_q\[1442\]	0.924352	{_14261_ B 0.924352}
u_cfg.g_live.g_bank\[2\].u_prompt	ot_sram_1r1w_512x128_m4_r2c2	rd_out[35]	u_cfg.g_live.bank_q\[1443\]	0.924352	{_14210_ B 0.924352}
u_cfg.g_live.g_bank\[2\].u_prompt	ot_sram_1r1w_512x128_m4_r2c2	rd_out[36]	u_cfg.g_live.bank_q\[1444\]	0.489888	{_14308_ B 0.489888}
u_cfg.g_live.g_bank\[2\].u_prompt	ot_sram_1r1w_512x128_m4_r2c2	rd_out[37]	u_cfg.g_live.bank_q\[1445\]	0.885352	{_15314_ A2 0.885352}
u_cfg.g_live.g_bank\[2\].u_prompt	ot_sram_1r1w_512x128_m4_r2c2	rd_out[38]	u_cfg.g_live.bank_q\[1446\]	0.924352	{_15419_ B 0.924352}
u_cfg.g_live.g_bank\[2\].u_prompt	ot_sram_1r1w_512x128_m4_r2c2	rd_out[39]	u_cfg.g_live.bank_q\[1447\]	0.924352	{_15207_ B 0.924352}
u_cfg.g_live.g_bank\[2\].u_prompt	ot_sram_1r1w_512x128_m4_r2c2	rd_out[40]	u_cfg.g_live.bank_q\[1448\]	0.578766	{_15234_ A 0.578766}
u_cfg.g_live.g_bank\[2\].u_prompt	ot_sram_1r1w_512x128_m4_r2c2	rd_out[41]	u_cfg.g_live.bank_q\[1449\]	0.578766	{_13474_ A 0.578766}
u_cfg.g_live.g_bank\[2\].u_prompt	ot_sram_1r1w_512x128_m4_r2c2	rd_out[42]	u_cfg.g_live.bank_q\[1450\]	0.578766	{_13717_ A 0.578766}
u_cfg.g_live.g_bank\[2\].u_prompt	ot_sram_1r1w_512x128_m4_r2c2	rd_out[43]	u_cfg.g_live.bank_q\[1451\]	0.578766	{_13764_ A 0.578766}
u_cfg.g_live.g_bank\[2\].u_prompt	ot_sram_1r1w_512x128_m4_r2c2	rd_out[44]	u_cfg.g_live.bank_q\[1452\]	0.486821	{_13617_ B 0.486821}
u_cfg.g_live.g_bank\[2\].u_prompt	ot_sram_1r1w_512x128_m4_r2c2	rd_out[45]	u_cfg.g_live.bank_q\[1453\]	0.578766	{_13933_ A 0.578766}
u_cfg.g_live.g_bank\[2\].u_prompt	ot_sram_1r1w_512x128_m4_r2c2	rd_out[46]	u_cfg.g_live.bank_q\[1454\]	0.578766	{_13505_ A 0.578766}
u_cfg.g_live.g_bank\[2\].u_prompt	ot_sram_1r1w_512x128_m4_r2c2	rd_out[47]	u_cfg.g_live.bank_q\[1455\]	0.578766	{_13671_ A 0.578766}
u_cfg.g_live.g_bank\[2\].u_prompt	ot_sram_1r1w_512x128_m4_r2c2	rd_out[48]	u_cfg.g_live.bank_q\[1456\]	0.578766	{_13049_ A 0.578766}
u_cfg.g_live.g_bank\[2\].u_prompt	ot_sram_1r1w_512x128_m4_r2c2	rd_out[49]	u_cfg.g_live.bank_q\[1457\]	0.489888	{_13175_ B 0.489888}
u_cfg.g_live.g_bank\[2\].u_prompt	ot_sram_1r1w_512x128_m4_r2c2	rd_out[50]	u_cfg.g_live.bank_q\[1458\]	0.578766	{_13397_ A 0.578766}
u_cfg.g_live.g_bank\[2\].u_prompt	ot_sram_1r1w_512x128_m4_r2c2	rd_out[51]	u_cfg.g_live.bank_q\[1459\]	0.578766	{_13451_ A 0.578766}
u_cfg.g_live.g_bank\[2\].u_prompt	ot_sram_1r1w_512x128_m4_r2c2	rd_out[52]	u_cfg.g_live.bank_q\[1460\]	0.578766	{_13010_ A 0.578766}
u_cfg.g_live.g_bank\[2\].u_prompt	ot_sram_1r1w_512x128_m4_r2c2	rd_out[53]	u_cfg.g_live.bank_q\[1461\]	0.578766	{_13215_ A 0.578766}
u_cfg.g_live.g_bank\[2\].u_prompt	ot_sram_1r1w_512x128_m4_r2c2	rd_out[54]	u_cfg.g_live.bank_q\[1462\]	0.578766	{_13266_ A 0.578766}
u_cfg.g_live.g_bank\[2\].u_prompt	ot_sram_1r1w_512x128_m4_r2c2	rd_out[55]	u_cfg.g_live.bank_q\[1463\]	0.578766	{_13322_ A 0.578766}
u_cfg.g_live.g_bank\[2\].u_prompt	ot_sram_1r1w_512x128_m4_r2c2	rd_out[56]	u_cfg.g_live.bank_q\[1464\]	0.528014	{_13083_ A2 0.528014}
u_cfg.g_live.g_bank\[2\].u_prompt	ot_sram_1r1w_512x128_m4_r2c2	rd_out[57]	u_cfg.g_live.bank_q\[1465\]	0.578766	{_14356_ A 0.578766}
u_cfg.g_live.g_bank\[2\].u_prompt	ot_sram_1r1w_512x128_m4_r2c2	rd_out[58]	u_cfg.g_live.bank_q\[1466\]	0.924352	{_14813_ B 0.924352}
u_cfg.g_live.g_bank\[2\].u_prompt	ot_sram_1r1w_512x128_m4_r2c2	rd_out[59]	u_cfg.g_live.bank_q\[1467\]	0.924352	{_15043_ B 0.924352}
u_cfg.g_live.g_bank\[2\].u_prompt	ot_sram_1r1w_512x128_m4_r2c2	rd_out[60]	u_cfg.g_live.bank_q\[1468\]	0.578766	{_14104_ A 0.578766}
u_cfg.g_live.g_bank\[2\].u_prompt	ot_sram_1r1w_512x128_m4_r2c2	rd_out[61]	u_cfg.g_live.bank_q\[1469\]	0.578766	{_12927_ A 0.578766}
u_cfg.g_live.g_bank\[2\].u_prompt	ot_sram_1r1w_512x128_m4_r2c2	rd_out[62]	u_cfg.g_live.bank_q\[1470\]	0.578766	{_15516_ A 0.578766}
u_cfg.g_live.g_bank\[2\].u_prompt	ot_sram_1r1w_512x128_m4_r2c2	rd_out[63]	u_cfg.g_live.bank_q\[1471\]	0.924352	{_14763_ B 0.924352}
u_cfg.g_live.g_bank\[2\].u_prompt	ot_sram_1r1w_512x128_m4_r2c2	rd_out[64]	u_cfg.g_live.bank_q\[1472\]	0.578766	{_14590_ A 0.578766}
u_cfg.g_live.g_bank\[2\].u_prompt	ot_sram_1r1w_512x128_m4_r2c2	rd_out[65]	u_cfg.g_live.bank_q\[1473\]	0.578766	{_14393_ A 0.578766}
u_cfg.g_live.g_bank\[2\].u_prompt	ot_sram_1r1w_512x128_m4_r2c2	rd_out[66]	u_cfg.g_live.bank_q\[1474\]	0.578766	{_14745_ A 0.578766}
u_cfg.g_live.g_bank\[2\].u_prompt	ot_sram_1r1w_512x128_m4_r2c2	rd_out[67]	u_cfg.g_live.bank_q\[1475\]	0.578766	{_14493_ A 0.578766}
u_cfg.g_live.g_bank\[2\].u_prompt	ot_sram_1r1w_512x128_m4_r2c2	rd_out[68]	u_cfg.g_live.bank_q\[1476\]	0.578766	{_14509_ A 0.578766}
u_cfg.g_live.g_bank\[2\].u_prompt	ot_sram_1r1w_512x128_m4_r2c2	rd_out[69]	u_cfg.g_live.bank_q\[1477\]	0.578766	{_14689_ A 0.578766}
u_cfg.g_live.g_bank\[2\].u_prompt	ot_sram_1r1w_512x128_m4_r2c2	rd_out[70]	u_cfg.g_live.bank_q\[1478\]	0.578766	{_14642_ A 0.578766}
u_cfg.g_live.g_bank\[2\].u_prompt	ot_sram_1r1w_512x128_m4_r2c2	rd_out[71]	u_cfg.g_live.bank_q\[1479\]	0.578766	{_15108_ A 0.578766}
u_cfg.g_live.g_bank\[2\].u_prompt	ot_sram_1r1w_512x128_m4_r2c2	rd_out[72]	u_cfg.g_live.bank_q\[1480\]	0.578766	{_14959_ A 0.578766}
u_cfg.g_live.g_bank\[2\].u_prompt	ot_sram_1r1w_512x128_m4_r2c2	rd_out[73]	u_cfg.g_live.bank_q\[1481\]	0.578766	{_14979_ A 0.578766}
u_cfg.g_live.g_bank\[2\].u_prompt	ot_sram_1r1w_512x128_m4_r2c2	rd_out[74]	u_cfg.g_live.bank_q\[1482\]	0.578766	{_14914_ A 0.578766}
u_cfg.g_live.g_bank\[2\].u_prompt	ot_sram_1r1w_512x128_m4_r2c2	rd_out[75]	u_cfg.g_live.bank_q\[1483\]	0.578766	{_13997_ A 0.578766}
u_cfg.g_live.g_bank\[2\].u_prompt	ot_sram_1r1w_512x128_m4_r2c2	rd_out[76]	u_cfg.g_live.bank_q\[1484\]	0.578766	{_13831_ A 0.578766}
u_cfg.g_live.g_bank\[2\].u_prompt	ot_sram_1r1w_512x128_m4_r2c2	rd_out[77]	u_cfg.g_live.bank_q\[1485\]	0.578766	{_13786_ A 0.578766}
u_cfg.g_live.g_bank\[2\].u_prompt	ot_sram_1r1w_512x128_m4_r2c2	rd_out[78]	u_cfg.g_live.bank_q\[1486\]	0.489888	{_14057_ B 0.489888}
u_cfg.g_live.g_bank\[2\].u_prompt	ot_sram_1r1w_512x128_m4_r2c2	rd_out[79]	u_cfg.g_live.bank_q\[1487\]	0.578766	{_13909_ A 0.578766}
u_cfg.g_live.g_bank\[2\].u_prompt	ot_sram_1r1w_512x128_m4_r2c2	rd_out[80]	u_cfg.g_live.bank_q\[1488\]	0.578766	{_12800_ A 0.578766}
u_cfg.g_live.g_bank\[2\].u_prompt	ot_sram_1r1w_512x128_m4_r2c2	rd_out[81]	u_cfg.g_live.bank_q\[1489\]	0.578766	{_12787_ A 0.578766}
u_cfg.g_live.g_bank\[2\].u_prompt	ot_sram_1r1w_512x128_m4_r2c2	rd_out[82]	u_cfg.g_live.bank_q\[1490\]	0.578766	{_12696_ A 0.578766}
u_cfg.g_live.g_bank\[2\].u_prompt	ot_sram_1r1w_512x128_m4_r2c2	rd_out[83]	u_cfg.g_live.bank_q\[1491\]	0.578766	{_12897_ A 0.578766}
u_cfg.g_live.g_bank\[2\].u_prompt	ot_sram_1r1w_512x128_m4_r2c2	rd_out[84]	u_cfg.g_live.bank_q\[1492\]	0.578766	{_12169_ A 0.578766}
u_cfg.g_live.g_bank\[2\].u_prompt	ot_sram_1r1w_512x128_m4_r2c2	rd_out[85]	u_cfg.g_live.bank_q\[1493\]	0.578766	{_12292_ A 0.578766}
u_cfg.g_live.g_bank\[2\].u_prompt	ot_sram_1r1w_512x128_m4_r2c2	rd_out[86]	u_cfg.g_live.bank_q\[1494\]	0.578766	{_12299_ A 0.578766}
u_cfg.g_live.g_bank\[2\].u_prompt	ot_sram_1r1w_512x128_m4_r2c2	rd_out[87]	u_cfg.g_live.bank_q\[1495\]	0.578766	{_12431_ A 0.578766}
u_cfg.g_live.g_bank\[2\].u_prompt	ot_sram_1r1w_512x128_m4_r2c2	rd_out[88]	u_cfg.g_live.bank_q\[1496\]	0.578766	{_12586_ A 0.578766}
u_cfg.g_live.g_bank\[2\].u_prompt	ot_sram_1r1w_512x128_m4_r2c2	rd_out[89]	u_cfg.g_live.bank_q\[1497\]	0.578766	{_12516_ A 0.578766}
u_cfg.g_live.g_bank\[2\].u_prompt	ot_sram_1r1w_512x128_m4_r2c2	rd_out[90]	u_cfg.g_live.bank_q\[1498\]	0.578766	{_15640_ A 0.578766}
u_cfg.g_live.g_bank\[2\].u_prompt	ot_sram_1r1w_512x128_m4_r2c2	rd_out[91]	u_cfg.g_live.bank_q\[1499\]	0.489888	{_15472_ B 0.489888}
u_cfg.g_live.g_bank\[2\].u_prompt	ot_sram_1r1w_512x128_m4_r2c2	rd_out[92]	u_cfg.g_live.bank_q\[1500\]	0.486821	{_15555_ B 0.486821}
u_cfg.g_live.g_bank\[2\].u_prompt	ot_sram_1r1w_512x128_m4_r2c2	rd_out[93]	u_cfg.g_live.bank_q\[1501\]	0.486821	{_15371_ B 0.486821}
u_cfg.g_live.g_bank\[2\].u_prompt	ot_sram_1r1w_512x128_m4_r2c2	rd_out[94]	u_cfg.g_live.bank_q\[1502\]	0.578766	{_15618_ A 0.578766}
u_cfg.g_live.g_bank\[2\].u_prompt	ot_sram_1r1w_512x128_m4_r2c2	rd_out[95]	u_cfg.g_live.bank_q\[1503\]	0.578766	{_15719_ A 0.578766}
u_cfg.g_live.g_bank\[2\].u_prompt	ot_sram_1r1w_512x128_m4_r2c2	rd_out[96]	u_cfg.g_live.bank_q\[1504\]	0.578766	{_15151_ A 0.578766}
u_cfg.g_live.g_bank\[2\].u_prompt	ot_sram_1r1w_512x128_m4_r2c2	rd_out[97]	u_cfg.g_live.bank_q\[1505\]	0.486821	{_14214_ B 0.486821}
u_cfg.g_live.g_bank\[2\].u_prompt	ot_sram_1r1w_512x128_m4_r2c2	rd_out[98]	u_cfg.g_live.bank_q\[1506\]	0.924352	{_14268_ B 0.924352}
u_cfg.g_live.g_bank\[2\].u_prompt	ot_sram_1r1w_512x128_m4_r2c2	rd_out[99]	u_cfg.g_live.bank_q\[1507\]	0.578766	{_14209_ A 0.578766}
u_cfg.g_live.g_bank\[2\].u_prompt	ot_sram_1r1w_512x128_m4_r2c2	rd_out[100]	u_cfg.g_live.bank_q\[1508\]	0.489888	{_14314_ B 0.489888}
u_cfg.g_live.g_bank\[2\].u_prompt	ot_sram_1r1w_512x128_m4_r2c2	rd_out[101]	u_cfg.g_live.bank_q\[1509\]	0.578766	{_15319_ A 0.578766}
u_cfg.g_live.g_bank\[2\].u_prompt	ot_sram_1r1w_512x128_m4_r2c2	rd_out[102]	u_cfg.g_live.bank_q\[1510\]	0.924352	{_15426_ B 0.924352}
u_cfg.g_live.g_bank\[2\].u_prompt	ot_sram_1r1w_512x128_m4_r2c2	rd_out[103]	u_cfg.g_live.bank_q\[1511\]	0.924352	{_15214_ B 0.924352}
u_cfg.g_live.g_bank\[2\].u_prompt	ot_sram_1r1w_512x128_m4_r2c2	rd_out[104]	u_cfg.g_live.bank_q\[1512\]	0.578766	{_15259_ A 0.578766}
u_cfg.g_live.g_bank\[2\].u_prompt	ot_sram_1r1w_512x128_m4_r2c2	rd_out[105]	u_cfg.g_live.bank_q\[1513\]	0.578766	{_13481_ A 0.578766}
u_cfg.g_live.g_bank\[2\].u_prompt	ot_sram_1r1w_512x128_m4_r2c2	rd_out[106]	u_cfg.g_live.bank_q\[1514\]	0.578766	{_13724_ A 0.578766}
u_cfg.g_live.g_bank\[2\].u_prompt	ot_sram_1r1w_512x128_m4_r2c2	rd_out[107]	u_cfg.g_live.bank_q\[1515\]	0.578766	{_13771_ A 0.578766}
u_cfg.g_live.g_bank\[2\].u_prompt	ot_sram_1r1w_512x128_m4_r2c2	rd_out[108]	u_cfg.g_live.bank_q\[1516\]	0.578766	{_13626_ A 0.578766}
u_cfg.g_live.g_bank\[2\].u_prompt	ot_sram_1r1w_512x128_m4_r2c2	rd_out[109]	u_cfg.g_live.bank_q\[1517\]	0.578766	{_13957_ A 0.578766}
u_cfg.g_live.g_bank\[2\].u_prompt	ot_sram_1r1w_512x128_m4_r2c2	rd_out[110]	u_cfg.g_live.bank_q\[1518\]	0.578766	{_13512_ A 0.578766}
u_cfg.g_live.g_bank\[2\].u_prompt	ot_sram_1r1w_512x128_m4_r2c2	rd_out[111]	u_cfg.g_live.bank_q\[1519\]	0.578766	{_13678_ A 0.578766}
u_cfg.g_live.g_bank\[2\].u_prompt	ot_sram_1r1w_512x128_m4_r2c2	rd_out[112]	u_cfg.g_live.bank_q\[1520\]	0.578766	{_13055_ A 0.578766}
u_cfg.g_live.g_bank\[2\].u_prompt	ot_sram_1r1w_512x128_m4_r2c2	rd_out[113]	u_cfg.g_live.bank_q\[1521\]	0.489888	{_13182_ B 0.489888}
u_cfg.g_live.g_bank\[2\].u_prompt	ot_sram_1r1w_512x128_m4_r2c2	rd_out[114]	u_cfg.g_live.bank_q\[1522\]	0.578766	{_13407_ A 0.578766}
u_cfg.g_live.g_bank\[2\].u_prompt	ot_sram_1r1w_512x128_m4_r2c2	rd_out[115]	u_cfg.g_live.bank_q\[1523\]	0.578766	{_13458_ A 0.578766}
u_cfg.g_live.g_bank\[2\].u_prompt	ot_sram_1r1w_512x128_m4_r2c2	rd_out[116]	u_cfg.g_live.bank_q\[1524\]	0.578766	{_13017_ A 0.578766}
u_cfg.g_live.g_bank\[2\].u_prompt	ot_sram_1r1w_512x128_m4_r2c2	rd_out[117]	u_cfg.g_live.bank_q\[1525\]	0.578766	{_13222_ A 0.578766}
u_cfg.g_live.g_bank\[2\].u_prompt	ot_sram_1r1w_512x128_m4_r2c2	rd_out[118]	u_cfg.g_live.bank_q\[1526\]	0.578766	{_13296_ A 0.578766}
u_cfg.g_live.g_bank\[2\].u_prompt	ot_sram_1r1w_512x128_m4_r2c2	rd_out[119]	u_cfg.g_live.bank_q\[1527\]	0.578766	{_13347_ A 0.578766}
u_cfg.g_live.g_bank\[2\].u_prompt	ot_sram_1r1w_512x128_m4_r2c2	rd_out[120]	u_cfg.g_live.bank_q\[1528\]	0.528014	{_13090_ A2 0.528014}
u_cfg.g_live.g_bank\[2\].u_prompt	ot_sram_1r1w_512x128_m4_r2c2	rd_out[121]	u_cfg.g_live.bank_q\[1529\]	0.578766	{_14363_ A 0.578766}
u_cfg.g_live.g_bank\[2\].u_prompt	ot_sram_1r1w_512x128_m4_r2c2	rd_out[122]	u_cfg.g_live.bank_q\[1530\]	0.924352	{_14820_ B 0.924352}
u_cfg.g_live.g_bank\[2\].u_prompt	ot_sram_1r1w_512x128_m4_r2c2	rd_out[123]	u_cfg.g_live.bank_q\[1531\]	0.924352	{_15050_ B 0.924352}
u_cfg.g_live.g_bank\[2\].u_prompt	ot_sram_1r1w_512x128_m4_r2c2	rd_out[124]	u_cfg.g_live.bank_q\[1532\]	0.924352	{_14097_ B 0.924352}
u_cfg.g_live.g_bank\[2\].u_prompt	ot_sram_1r1w_512x128_m4_r2c2	rd_out[125]	u_cfg.g_live.bank_q\[1533\]	0.924352	{_12919_ B 0.924352}
u_cfg.g_live.g_bank\[2\].u_prompt	ot_sram_1r1w_512x128_m4_r2c2	rd_out[126]	u_cfg.g_live.bank_q\[1534\]	0.578766	{_15509_ A 0.578766}
u_cfg.g_live.g_bank\[2\].u_prompt	ot_sram_1r1w_512x128_m4_r2c2	rd_out[127]	u_cfg.g_live.bank_q\[1535\]	0.924352	{_14756_ B 0.924352}
u_cfg.g_live.g_bank\[2\].u_prompt	ot_sram_1r1w_512x128_m4_r2c2	w_ce_in	_02026_	0.578800	
u_cfg.g_live.g_bank\[2\].u_prompt	ot_sram_1r1w_512x128_m4_r2c2	w_addr_in[0]	_01885_	0.578800	
u_cfg.g_live.g_bank\[2\].u_prompt	ot_sram_1r1w_512x128_m4_r2c2	w_addr_in[1]	_01886_	0.578800	
u_cfg.g_live.g_bank\[2\].u_prompt	ot_sram_1r1w_512x128_m4_r2c2	w_addr_in[2]	_01887_	0.578800	
u_cfg.g_live.g_bank\[2\].u_prompt	ot_sram_1r1w_512x128_m4_r2c2	w_addr_in[3]	_01888_	0.578800	
u_cfg.g_live.g_bank\[2\].u_prompt	ot_sram_1r1w_512x128_m4_r2c2	w_addr_in[4]	_01889_	0.578800	
u_cfg.g_live.g_bank\[2\].u_prompt	ot_sram_1r1w_512x128_m4_r2c2	w_addr_in[5]	_01890_	0.578800	
u_cfg.g_live.g_bank\[2\].u_prompt	ot_sram_1r1w_512x128_m4_r2c2	w_addr_in[6]	_01891_	0.578800	
u_cfg.g_live.g_bank\[2\].u_prompt	ot_sram_1r1w_512x128_m4_r2c2	w_addr_in[7]	_01892_	0.578800	
u_cfg.g_live.g_bank\[2\].u_prompt	ot_sram_1r1w_512x128_m4_r2c2	w_addr_in[8]	_01893_	0.578800	
u_cfg.g_live.g_bank\[2\].u_prompt	ot_sram_1r1w_512x128_m4_r2c2	wd_in[0]	_01894_	0.578800	
u_cfg.g_live.g_bank\[2\].u_prompt	ot_sram_1r1w_512x128_m4_r2c2	wd_in[1]	_01933_	0.578800	
u_cfg.g_live.g_bank\[2\].u_prompt	ot_sram_1r1w_512x128_m4_r2c2	wd_in[2]	_01943_	0.578800	
u_cfg.g_live.g_bank\[2\].u_prompt	ot_sram_1r1w_512x128_m4_r2c2	wd_in[3]	_01954_	0.578800	
u_cfg.g_live.g_bank\[2\].u_prompt	ot_sram_1r1w_512x128_m4_r2c2	wd_in[4]	_01965_	0.578800	
u_cfg.g_live.g_bank\[2\].u_prompt	ot_sram_1r1w_512x128_m4_r2c2	wd_in[5]	_01976_	0.578800	
u_cfg.g_live.g_bank\[2\].u_prompt	ot_sram_1r1w_512x128_m4_r2c2	wd_in[6]	_01987_	0.578800	
u_cfg.g_live.g_bank\[2\].u_prompt	ot_sram_1r1w_512x128_m4_r2c2	wd_in[7]	_01998_	0.578800	
u_cfg.g_live.g_bank\[2\].u_prompt	ot_sram_1r1w_512x128_m4_r2c2	wd_in[8]	_02009_	0.578800	
u_cfg.g_live.g_bank\[2\].u_prompt	ot_sram_1r1w_512x128_m4_r2c2	wd_in[9]	_02020_	0.578800	
u_cfg.g_live.g_bank\[2\].u_prompt	ot_sram_1r1w_512x128_m4_r2c2	wd_in[10]	_01905_	0.578800	
u_cfg.g_live.g_bank\[2\].u_prompt	ot_sram_1r1w_512x128_m4_r2c2	wd_in[11]	_01916_	0.578800	
u_cfg.g_live.g_bank\[2\].u_prompt	ot_sram_1r1w_512x128_m4_r2c2	wd_in[12]	_01925_	0.578800	
u_cfg.g_live.g_bank\[2\].u_prompt	ot_sram_1r1w_512x128_m4_r2c2	wd_in[13]	_01926_	0.578800	
u_cfg.g_live.g_bank\[2\].u_prompt	ot_sram_1r1w_512x128_m4_r2c2	wd_in[14]	_01927_	0.578800	
u_cfg.g_live.g_bank\[2\].u_prompt	ot_sram_1r1w_512x128_m4_r2c2	wd_in[15]	_01928_	0.578800	
u_cfg.g_live.g_bank\[2\].u_prompt	ot_sram_1r1w_512x128_m4_r2c2	wd_in[16]	_01929_	0.578800	
u_cfg.g_live.g_bank\[2\].u_prompt	ot_sram_1r1w_512x128_m4_r2c2	wd_in[17]	_01930_	0.578800	
u_cfg.g_live.g_bank\[2\].u_prompt	ot_sram_1r1w_512x128_m4_r2c2	wd_in[18]	_01931_	0.578800	
u_cfg.g_live.g_bank\[2\].u_prompt	ot_sram_1r1w_512x128_m4_r2c2	wd_in[19]	_01932_	0.578800	
u_cfg.g_live.g_bank\[2\].u_prompt	ot_sram_1r1w_512x128_m4_r2c2	wd_in[20]	_01934_	0.578800	
u_cfg.g_live.g_bank\[2\].u_prompt	ot_sram_1r1w_512x128_m4_r2c2	wd_in[21]	_01935_	0.578800	
u_cfg.g_live.g_bank\[2\].u_prompt	ot_sram_1r1w_512x128_m4_r2c2	wd_in[22]	_01936_	0.578800	
u_cfg.g_live.g_bank\[2\].u_prompt	ot_sram_1r1w_512x128_m4_r2c2	wd_in[23]	_01937_	0.578800	
u_cfg.g_live.g_bank\[2\].u_prompt	ot_sram_1r1w_512x128_m4_r2c2	wd_in[24]	_01938_	0.578800	
u_cfg.g_live.g_bank\[2\].u_prompt	ot_sram_1r1w_512x128_m4_r2c2	wd_in[25]	_01939_	0.578800	
u_cfg.g_live.g_bank\[2\].u_prompt	ot_sram_1r1w_512x128_m4_r2c2	wd_in[26]	_10622_	0.578800	
u_cfg.g_live.g_bank\[2\].u_prompt	ot_sram_1r1w_512x128_m4_r2c2	wd_in[27]	_01940_	0.578800	
u_cfg.g_live.g_bank\[2\].u_prompt	ot_sram_1r1w_512x128_m4_r2c2	wd_in[28]	_01941_	0.578800	
u_cfg.g_live.g_bank\[2\].u_prompt	ot_sram_1r1w_512x128_m4_r2c2	wd_in[29]	_01942_	0.578800	
u_cfg.g_live.g_bank\[2\].u_prompt	ot_sram_1r1w_512x128_m4_r2c2	wd_in[30]	_01944_	0.578800	
u_cfg.g_live.g_bank\[2\].u_prompt	ot_sram_1r1w_512x128_m4_r2c2	wd_in[31]	_01945_	0.578800	
u_cfg.g_live.g_bank\[2\].u_prompt	ot_sram_1r1w_512x128_m4_r2c2	wd_in[32]	_01946_	0.578800	
u_cfg.g_live.g_bank\[2\].u_prompt	ot_sram_1r1w_512x128_m4_r2c2	wd_in[33]	_01947_	0.578800	
u_cfg.g_live.g_bank\[2\].u_prompt	ot_sram_1r1w_512x128_m4_r2c2	wd_in[34]	_01948_	0.578800	
u_cfg.g_live.g_bank\[2\].u_prompt	ot_sram_1r1w_512x128_m4_r2c2	wd_in[35]	_01949_	0.578800	
u_cfg.g_live.g_bank\[2\].u_prompt	ot_sram_1r1w_512x128_m4_r2c2	wd_in[36]	_01950_	0.578800	
u_cfg.g_live.g_bank\[2\].u_prompt	ot_sram_1r1w_512x128_m4_r2c2	wd_in[37]	_01951_	0.578800	
u_cfg.g_live.g_bank\[2\].u_prompt	ot_sram_1r1w_512x128_m4_r2c2	wd_in[38]	_01952_	0.578800	
u_cfg.g_live.g_bank\[2\].u_prompt	ot_sram_1r1w_512x128_m4_r2c2	wd_in[39]	_01953_	0.578800	
u_cfg.g_live.g_bank\[2\].u_prompt	ot_sram_1r1w_512x128_m4_r2c2	wd_in[40]	_01955_	0.578800	
u_cfg.g_live.g_bank\[2\].u_prompt	ot_sram_1r1w_512x128_m4_r2c2	wd_in[41]	_01956_	0.578800	
u_cfg.g_live.g_bank\[2\].u_prompt	ot_sram_1r1w_512x128_m4_r2c2	wd_in[42]	_01957_	0.578800	
u_cfg.g_live.g_bank\[2\].u_prompt	ot_sram_1r1w_512x128_m4_r2c2	wd_in[43]	_01958_	0.578800	
u_cfg.g_live.g_bank\[2\].u_prompt	ot_sram_1r1w_512x128_m4_r2c2	wd_in[44]	_01959_	0.578800	
u_cfg.g_live.g_bank\[2\].u_prompt	ot_sram_1r1w_512x128_m4_r2c2	wd_in[45]	_01960_	0.578800	
u_cfg.g_live.g_bank\[2\].u_prompt	ot_sram_1r1w_512x128_m4_r2c2	wd_in[46]	_01961_	0.578800	
u_cfg.g_live.g_bank\[2\].u_prompt	ot_sram_1r1w_512x128_m4_r2c2	wd_in[47]	_01962_	0.578800	
u_cfg.g_live.g_bank\[2\].u_prompt	ot_sram_1r1w_512x128_m4_r2c2	wd_in[48]	_01963_	0.578800	
u_cfg.g_live.g_bank\[2\].u_prompt	ot_sram_1r1w_512x128_m4_r2c2	wd_in[49]	_01964_	0.578800	
u_cfg.g_live.g_bank\[2\].u_prompt	ot_sram_1r1w_512x128_m4_r2c2	wd_in[50]	_01966_	0.578800	
u_cfg.g_live.g_bank\[2\].u_prompt	ot_sram_1r1w_512x128_m4_r2c2	wd_in[51]	_01967_	0.578800	
u_cfg.g_live.g_bank\[2\].u_prompt	ot_sram_1r1w_512x128_m4_r2c2	wd_in[52]	_01968_	0.578800	
u_cfg.g_live.g_bank\[2\].u_prompt	ot_sram_1r1w_512x128_m4_r2c2	wd_in[53]	_01969_	0.578800	
u_cfg.g_live.g_bank\[2\].u_prompt	ot_sram_1r1w_512x128_m4_r2c2	wd_in[54]	_01970_	0.578800	
u_cfg.g_live.g_bank\[2\].u_prompt	ot_sram_1r1w_512x128_m4_r2c2	wd_in[55]	_01971_	0.578800	
u_cfg.g_live.g_bank\[2\].u_prompt	ot_sram_1r1w_512x128_m4_r2c2	wd_in[56]	_01972_	0.578800	
u_cfg.g_live.g_bank\[2\].u_prompt	ot_sram_1r1w_512x128_m4_r2c2	wd_in[57]	_01973_	0.578800	
u_cfg.g_live.g_bank\[2\].u_prompt	ot_sram_1r1w_512x128_m4_r2c2	wd_in[58]	_01974_	0.578800	
u_cfg.g_live.g_bank\[2\].u_prompt	ot_sram_1r1w_512x128_m4_r2c2	wd_in[59]	_01975_	0.578800	
u_cfg.g_live.g_bank\[2\].u_prompt	ot_sram_1r1w_512x128_m4_r2c2	wd_in[60]	_01977_	0.578800	
u_cfg.g_live.g_bank\[2\].u_prompt	ot_sram_1r1w_512x128_m4_r2c2	wd_in[61]	_01978_	0.578800	
u_cfg.g_live.g_bank\[2\].u_prompt	ot_sram_1r1w_512x128_m4_r2c2	wd_in[62]	_01979_	0.578800	
u_cfg.g_live.g_bank\[2\].u_prompt	ot_sram_1r1w_512x128_m4_r2c2	wd_in[63]	_01980_	0.578800	
u_cfg.g_live.g_bank\[2\].u_prompt	ot_sram_1r1w_512x128_m4_r2c2	wd_in[64]	_01981_	0.578800	
u_cfg.g_live.g_bank\[2\].u_prompt	ot_sram_1r1w_512x128_m4_r2c2	wd_in[65]	_01982_	0.578800	
u_cfg.g_live.g_bank\[2\].u_prompt	ot_sram_1r1w_512x128_m4_r2c2	wd_in[66]	_01983_	0.578800	
u_cfg.g_live.g_bank\[2\].u_prompt	ot_sram_1r1w_512x128_m4_r2c2	wd_in[67]	_01984_	0.578800	
u_cfg.g_live.g_bank\[2\].u_prompt	ot_sram_1r1w_512x128_m4_r2c2	wd_in[68]	_01985_	0.578800	
u_cfg.g_live.g_bank\[2\].u_prompt	ot_sram_1r1w_512x128_m4_r2c2	wd_in[69]	_01986_	0.578800	
u_cfg.g_live.g_bank\[2\].u_prompt	ot_sram_1r1w_512x128_m4_r2c2	wd_in[70]	_01988_	0.578800	
u_cfg.g_live.g_bank\[2\].u_prompt	ot_sram_1r1w_512x128_m4_r2c2	wd_in[71]	_01989_	0.578800	
u_cfg.g_live.g_bank\[2\].u_prompt	ot_sram_1r1w_512x128_m4_r2c2	wd_in[72]	_01990_	0.578800	
u_cfg.g_live.g_bank\[2\].u_prompt	ot_sram_1r1w_512x128_m4_r2c2	wd_in[73]	_01991_	0.578800	
u_cfg.g_live.g_bank\[2\].u_prompt	ot_sram_1r1w_512x128_m4_r2c2	wd_in[74]	_01992_	0.578800	
u_cfg.g_live.g_bank\[2\].u_prompt	ot_sram_1r1w_512x128_m4_r2c2	wd_in[75]	_01993_	0.578800	
u_cfg.g_live.g_bank\[2\].u_prompt	ot_sram_1r1w_512x128_m4_r2c2	wd_in[76]	_01994_	0.578800	
u_cfg.g_live.g_bank\[2\].u_prompt	ot_sram_1r1w_512x128_m4_r2c2	wd_in[77]	_01995_	0.578800	
u_cfg.g_live.g_bank\[2\].u_prompt	ot_sram_1r1w_512x128_m4_r2c2	wd_in[78]	_01996_	0.578800	
u_cfg.g_live.g_bank\[2\].u_prompt	ot_sram_1r1w_512x128_m4_r2c2	wd_in[79]	_01997_	0.578800	
u_cfg.g_live.g_bank\[2\].u_prompt	ot_sram_1r1w_512x128_m4_r2c2	wd_in[80]	_01999_	0.578800	
u_cfg.g_live.g_bank\[2\].u_prompt	ot_sram_1r1w_512x128_m4_r2c2	wd_in[81]	_02000_	0.578800	
u_cfg.g_live.g_bank\[2\].u_prompt	ot_sram_1r1w_512x128_m4_r2c2	wd_in[82]	_02001_	0.578800	
u_cfg.g_live.g_bank\[2\].u_prompt	ot_sram_1r1w_512x128_m4_r2c2	wd_in[83]	_02002_	0.578800	
u_cfg.g_live.g_bank\[2\].u_prompt	ot_sram_1r1w_512x128_m4_r2c2	wd_in[84]	_02003_	0.578800	
u_cfg.g_live.g_bank\[2\].u_prompt	ot_sram_1r1w_512x128_m4_r2c2	wd_in[85]	_02004_	0.578800	
u_cfg.g_live.g_bank\[2\].u_prompt	ot_sram_1r1w_512x128_m4_r2c2	wd_in[86]	_02005_	0.578800	
u_cfg.g_live.g_bank\[2\].u_prompt	ot_sram_1r1w_512x128_m4_r2c2	wd_in[87]	_02006_	0.578800	
u_cfg.g_live.g_bank\[2\].u_prompt	ot_sram_1r1w_512x128_m4_r2c2	wd_in[88]	_02007_	0.578800	
u_cfg.g_live.g_bank\[2\].u_prompt	ot_sram_1r1w_512x128_m4_r2c2	wd_in[89]	_02008_	0.578800	
u_cfg.g_live.g_bank\[2\].u_prompt	ot_sram_1r1w_512x128_m4_r2c2	wd_in[90]	_02010_	0.578800	
u_cfg.g_live.g_bank\[2\].u_prompt	ot_sram_1r1w_512x128_m4_r2c2	wd_in[91]	_02011_	0.578800	
u_cfg.g_live.g_bank\[2\].u_prompt	ot_sram_1r1w_512x128_m4_r2c2	wd_in[92]	_02012_	0.578800	
u_cfg.g_live.g_bank\[2\].u_prompt	ot_sram_1r1w_512x128_m4_r2c2	wd_in[93]	_02013_	0.578800	
u_cfg.g_live.g_bank\[2\].u_prompt	ot_sram_1r1w_512x128_m4_r2c2	wd_in[94]	_02014_	0.578800	
u_cfg.g_live.g_bank\[2\].u_prompt	ot_sram_1r1w_512x128_m4_r2c2	wd_in[95]	_02015_	0.578800	
u_cfg.g_live.g_bank\[2\].u_prompt	ot_sram_1r1w_512x128_m4_r2c2	wd_in[96]	_02016_	0.578800	
u_cfg.g_live.g_bank\[2\].u_prompt	ot_sram_1r1w_512x128_m4_r2c2	wd_in[97]	_02017_	0.578800	
u_cfg.g_live.g_bank\[2\].u_prompt	ot_sram_1r1w_512x128_m4_r2c2	wd_in[98]	_02018_	0.578800	
u_cfg.g_live.g_bank\[2\].u_prompt	ot_sram_1r1w_512x128_m4_r2c2	wd_in[99]	_02019_	0.578800	
u_cfg.g_live.g_bank\[2\].u_prompt	ot_sram_1r1w_512x128_m4_r2c2	wd_in[100]	_01895_	0.578800	
u_cfg.g_live.g_bank\[2\].u_prompt	ot_sram_1r1w_512x128_m4_r2c2	wd_in[101]	_01896_	0.578800	
u_cfg.g_live.g_bank\[2\].u_prompt	ot_sram_1r1w_512x128_m4_r2c2	wd_in[102]	_01897_	0.578800	
u_cfg.g_live.g_bank\[2\].u_prompt	ot_sram_1r1w_512x128_m4_r2c2	wd_in[103]	_01898_	0.578800	
u_cfg.g_live.g_bank\[2\].u_prompt	ot_sram_1r1w_512x128_m4_r2c2	wd_in[104]	_01899_	0.578800	
u_cfg.g_live.g_bank\[2\].u_prompt	ot_sram_1r1w_512x128_m4_r2c2	wd_in[105]	_01900_	0.578800	
u_cfg.g_live.g_bank\[2\].u_prompt	ot_sram_1r1w_512x128_m4_r2c2	wd_in[106]	_01901_	0.578800	
u_cfg.g_live.g_bank\[2\].u_prompt	ot_sram_1r1w_512x128_m4_r2c2	wd_in[107]	_01902_	0.578800	
u_cfg.g_live.g_bank\[2\].u_prompt	ot_sram_1r1w_512x128_m4_r2c2	wd_in[108]	_01903_	0.578800	
u_cfg.g_live.g_bank\[2\].u_prompt	ot_sram_1r1w_512x128_m4_r2c2	wd_in[109]	_01904_	0.578800	
u_cfg.g_live.g_bank\[2\].u_prompt	ot_sram_1r1w_512x128_m4_r2c2	wd_in[110]	_01906_	0.578800	
u_cfg.g_live.g_bank\[2\].u_prompt	ot_sram_1r1w_512x128_m4_r2c2	wd_in[111]	_01907_	0.578800	
u_cfg.g_live.g_bank\[2\].u_prompt	ot_sram_1r1w_512x128_m4_r2c2	wd_in[112]	_01908_	0.578800	
u_cfg.g_live.g_bank\[2\].u_prompt	ot_sram_1r1w_512x128_m4_r2c2	wd_in[113]	_01909_	0.578800	
u_cfg.g_live.g_bank\[2\].u_prompt	ot_sram_1r1w_512x128_m4_r2c2	wd_in[114]	_01910_	0.578800	
u_cfg.g_live.g_bank\[2\].u_prompt	ot_sram_1r1w_512x128_m4_r2c2	wd_in[115]	_01911_	0.578800	
u_cfg.g_live.g_bank\[2\].u_prompt	ot_sram_1r1w_512x128_m4_r2c2	wd_in[116]	_01912_	0.578800	
u_cfg.g_live.g_bank\[2\].u_prompt	ot_sram_1r1w_512x128_m4_r2c2	wd_in[117]	_01913_	0.578800	
u_cfg.g_live.g_bank\[2\].u_prompt	ot_sram_1r1w_512x128_m4_r2c2	wd_in[118]	_01914_	0.578800	
u_cfg.g_live.g_bank\[2\].u_prompt	ot_sram_1r1w_512x128_m4_r2c2	wd_in[119]	_01915_	0.578800	
u_cfg.g_live.g_bank\[2\].u_prompt	ot_sram_1r1w_512x128_m4_r2c2	wd_in[120]	_01917_	0.578800	
u_cfg.g_live.g_bank\[2\].u_prompt	ot_sram_1r1w_512x128_m4_r2c2	wd_in[121]	_01918_	0.578800	
u_cfg.g_live.g_bank\[2\].u_prompt	ot_sram_1r1w_512x128_m4_r2c2	wd_in[122]	_01919_	0.578800	
u_cfg.g_live.g_bank\[2\].u_prompt	ot_sram_1r1w_512x128_m4_r2c2	wd_in[123]	_01920_	0.578800	
u_cfg.g_live.g_bank\[2\].u_prompt	ot_sram_1r1w_512x128_m4_r2c2	wd_in[124]	_01921_	0.578800	
u_cfg.g_live.g_bank\[2\].u_prompt	ot_sram_1r1w_512x128_m4_r2c2	wd_in[125]	_01922_	0.578800	
u_cfg.g_live.g_bank\[2\].u_prompt	ot_sram_1r1w_512x128_m4_r2c2	wd_in[126]	_01923_	0.578800	
u_cfg.g_live.g_bank\[2\].u_prompt	ot_sram_1r1w_512x128_m4_r2c2	wd_in[127]	_01924_	0.578800	
u_cfg.g_live.g_bank\[2\].u_prompt	ot_sram_1r1w_512x128_m4_r2c2	w_mask_in[0]	_02021_	0.578800	
u_cfg.g_live.g_bank\[2\].u_prompt	ot_sram_1r1w_512x128_m4_r2c2	w_mask_in[1]	_02021_	0.578800	
u_cfg.g_live.g_bank\[2\].u_prompt	ot_sram_1r1w_512x128_m4_r2c2	w_mask_in[2]	_02021_	0.578800	
u_cfg.g_live.g_bank\[2\].u_prompt	ot_sram_1r1w_512x128_m4_r2c2	w_mask_in[3]	_02021_	0.578800	
u_cfg.g_live.g_bank\[2\].u_prompt	ot_sram_1r1w_512x128_m4_r2c2	w_mask_in[4]	_02021_	0.578800	
u_cfg.g_live.g_bank\[2\].u_prompt	ot_sram_1r1w_512x128_m4_r2c2	w_mask_in[5]	_02021_	0.578800	
u_cfg.g_live.g_bank\[2\].u_prompt	ot_sram_1r1w_512x128_m4_r2c2	w_mask_in[6]	_02021_	0.578800	
u_cfg.g_live.g_bank\[2\].u_prompt	ot_sram_1r1w_512x128_m4_r2c2	w_mask_in[7]	_02021_	0.578800	
u_cfg.g_live.g_bank\[2\].u_prompt	ot_sram_1r1w_512x128_m4_r2c2	w_mask_in[8]	_02021_	0.578800	
u_cfg.g_live.g_bank\[2\].u_prompt	ot_sram_1r1w_512x128_m4_r2c2	w_mask_in[9]	_02021_	0.578800	
u_cfg.g_live.g_bank\[2\].u_prompt	ot_sram_1r1w_512x128_m4_r2c2	w_mask_in[10]	_02021_	0.578800	
u_cfg.g_live.g_bank\[2\].u_prompt	ot_sram_1r1w_512x128_m4_r2c2	w_mask_in[11]	_02021_	0.578800	
u_cfg.g_live.g_bank\[2\].u_prompt	ot_sram_1r1w_512x128_m4_r2c2	w_mask_in[12]	_02021_	0.578800	
u_cfg.g_live.g_bank\[2\].u_prompt	ot_sram_1r1w_512x128_m4_r2c2	w_mask_in[13]	_02021_	0.578800	
u_cfg.g_live.g_bank\[2\].u_prompt	ot_sram_1r1w_512x128_m4_r2c2	w_mask_in[14]	_02021_	0.578800	
u_cfg.g_live.g_bank\[2\].u_prompt	ot_sram_1r1w_512x128_m4_r2c2	w_mask_in[15]	_02021_	0.578800	
u_cfg.g_live.g_bank\[2\].u_prompt	ot_sram_1r1w_512x128_m4_r2c2	w_mask_in[16]	_02021_	0.578800	
u_cfg.g_live.g_bank\[2\].u_prompt	ot_sram_1r1w_512x128_m4_r2c2	w_mask_in[17]	_02021_	0.578800	
u_cfg.g_live.g_bank\[2\].u_prompt	ot_sram_1r1w_512x128_m4_r2c2	w_mask_in[18]	_02021_	0.578800	
u_cfg.g_live.g_bank\[2\].u_prompt	ot_sram_1r1w_512x128_m4_r2c2	w_mask_in[19]	_02021_	0.578800	
u_cfg.g_live.g_bank\[2\].u_prompt	ot_sram_1r1w_512x128_m4_r2c2	w_mask_in[20]	_02021_	0.578800	
u_cfg.g_live.g_bank\[2\].u_prompt	ot_sram_1r1w_512x128_m4_r2c2	w_mask_in[21]	_02021_	0.578800	
u_cfg.g_live.g_bank\[2\].u_prompt	ot_sram_1r1w_512x128_m4_r2c2	w_mask_in[22]	_02021_	0.578800	
u_cfg.g_live.g_bank\[2\].u_prompt	ot_sram_1r1w_512x128_m4_r2c2	w_mask_in[23]	_02021_	0.578800	
u_cfg.g_live.g_bank\[2\].u_prompt	ot_sram_1r1w_512x128_m4_r2c2	w_mask_in[24]	_02021_	0.578800	
u_cfg.g_live.g_bank\[2\].u_prompt	ot_sram_1r1w_512x128_m4_r2c2	w_mask_in[25]	_02021_	0.578800	
u_cfg.g_live.g_bank\[2\].u_prompt	ot_sram_1r1w_512x128_m4_r2c2	w_mask_in[26]	_02021_	0.578800	
u_cfg.g_live.g_bank\[2\].u_prompt	ot_sram_1r1w_512x128_m4_r2c2	w_mask_in[27]	_02021_	0.578800	
u_cfg.g_live.g_bank\[2\].u_prompt	ot_sram_1r1w_512x128_m4_r2c2	w_mask_in[28]	_02021_	0.578800	
u_cfg.g_live.g_bank\[2\].u_prompt	ot_sram_1r1w_512x128_m4_r2c2	w_mask_in[29]	_02021_	0.578800	
u_cfg.g_live.g_bank\[2\].u_prompt	ot_sram_1r1w_512x128_m4_r2c2	w_mask_in[30]	_02021_	0.578800	
u_cfg.g_live.g_bank\[2\].u_prompt	ot_sram_1r1w_512x128_m4_r2c2	w_mask_in[31]	_02021_	0.578800	
u_cfg.g_live.g_bank\[2\].u_prompt	ot_sram_1r1w_512x128_m4_r2c2	w_mask_in[32]	_02021_	0.578800	
u_cfg.g_live.g_bank\[2\].u_prompt	ot_sram_1r1w_512x128_m4_r2c2	w_mask_in[33]	_02021_	0.578800	
u_cfg.g_live.g_bank\[2\].u_prompt	ot_sram_1r1w_512x128_m4_r2c2	w_mask_in[34]	_02021_	0.578800	
u_cfg.g_live.g_bank\[2\].u_prompt	ot_sram_1r1w_512x128_m4_r2c2	w_mask_in[35]	_02021_	0.578800	
u_cfg.g_live.g_bank\[2\].u_prompt	ot_sram_1r1w_512x128_m4_r2c2	w_mask_in[36]	_02021_	0.578800	
u_cfg.g_live.g_bank\[2\].u_prompt	ot_sram_1r1w_512x128_m4_r2c2	w_mask_in[37]	_02021_	0.578800	
u_cfg.g_live.g_bank\[2\].u_prompt	ot_sram_1r1w_512x128_m4_r2c2	w_mask_in[38]	_02021_	0.578800	
u_cfg.g_live.g_bank\[2\].u_prompt	ot_sram_1r1w_512x128_m4_r2c2	w_mask_in[39]	_02021_	0.578800	
u_cfg.g_live.g_bank\[2\].u_prompt	ot_sram_1r1w_512x128_m4_r2c2	w_mask_in[40]	_02021_	0.578800	
u_cfg.g_live.g_bank\[2\].u_prompt	ot_sram_1r1w_512x128_m4_r2c2	w_mask_in[41]	_02021_	0.578800	
u_cfg.g_live.g_bank\[2\].u_prompt	ot_sram_1r1w_512x128_m4_r2c2	w_mask_in[42]	_02021_	0.578800	
u_cfg.g_live.g_bank\[2\].u_prompt	ot_sram_1r1w_512x128_m4_r2c2	w_mask_in[43]	_02021_	0.578800	
u_cfg.g_live.g_bank\[2\].u_prompt	ot_sram_1r1w_512x128_m4_r2c2	w_mask_in[44]	_02021_	0.578800	
u_cfg.g_live.g_bank\[2\].u_prompt	ot_sram_1r1w_512x128_m4_r2c2	w_mask_in[45]	_02021_	0.578800	
u_cfg.g_live.g_bank\[2\].u_prompt	ot_sram_1r1w_512x128_m4_r2c2	w_mask_in[46]	_02021_	0.578800	
u_cfg.g_live.g_bank\[2\].u_prompt	ot_sram_1r1w_512x128_m4_r2c2	w_mask_in[47]	_02021_	0.578800	
u_cfg.g_live.g_bank\[2\].u_prompt	ot_sram_1r1w_512x128_m4_r2c2	w_mask_in[48]	_02021_	0.578800	
u_cfg.g_live.g_bank\[2\].u_prompt	ot_sram_1r1w_512x128_m4_r2c2	w_mask_in[49]	_02021_	0.578800	
u_cfg.g_live.g_bank\[2\].u_prompt	ot_sram_1r1w_512x128_m4_r2c2	w_mask_in[50]	_02021_	0.578800	
u_cfg.g_live.g_bank\[2\].u_prompt	ot_sram_1r1w_512x128_m4_r2c2	w_mask_in[51]	_02021_	0.578800	
u_cfg.g_live.g_bank\[2\].u_prompt	ot_sram_1r1w_512x128_m4_r2c2	w_mask_in[52]	_02021_	0.578800	
u_cfg.g_live.g_bank\[2\].u_prompt	ot_sram_1r1w_512x128_m4_r2c2	w_mask_in[53]	_02021_	0.578800	
u_cfg.g_live.g_bank\[2\].u_prompt	ot_sram_1r1w_512x128_m4_r2c2	w_mask_in[54]	_02021_	0.578800	
u_cfg.g_live.g_bank\[2\].u_prompt	ot_sram_1r1w_512x128_m4_r2c2	w_mask_in[55]	_02021_	0.578800	
u_cfg.g_live.g_bank\[2\].u_prompt	ot_sram_1r1w_512x128_m4_r2c2	w_mask_in[56]	_02021_	0.578800	
u_cfg.g_live.g_bank\[2\].u_prompt	ot_sram_1r1w_512x128_m4_r2c2	w_mask_in[57]	_02021_	0.578800	
u_cfg.g_live.g_bank\[2\].u_prompt	ot_sram_1r1w_512x128_m4_r2c2	w_mask_in[58]	_02021_	0.578800	
u_cfg.g_live.g_bank\[2\].u_prompt	ot_sram_1r1w_512x128_m4_r2c2	w_mask_in[59]	_02021_	0.578800	
u_cfg.g_live.g_bank\[2\].u_prompt	ot_sram_1r1w_512x128_m4_r2c2	w_mask_in[60]	_02021_	0.578800	
u_cfg.g_live.g_bank\[2\].u_prompt	ot_sram_1r1w_512x128_m4_r2c2	w_mask_in[61]	_02021_	0.578800	
u_cfg.g_live.g_bank\[2\].u_prompt	ot_sram_1r1w_512x128_m4_r2c2	w_mask_in[62]	_02021_	0.578800	
u_cfg.g_live.g_bank\[2\].u_prompt	ot_sram_1r1w_512x128_m4_r2c2	w_mask_in[63]	_02021_	0.578800	
u_cfg.g_live.g_bank\[2\].u_prompt	ot_sram_1r1w_512x128_m4_r2c2	w_mask_in[64]	_02022_	0.578800	
u_cfg.g_live.g_bank\[2\].u_prompt	ot_sram_1r1w_512x128_m4_r2c2	w_mask_in[65]	_02022_	0.578800	
u_cfg.g_live.g_bank\[2\].u_prompt	ot_sram_1r1w_512x128_m4_r2c2	w_mask_in[66]	_02022_	0.578800	
u_cfg.g_live.g_bank\[2\].u_prompt	ot_sram_1r1w_512x128_m4_r2c2	w_mask_in[67]	_02022_	0.578800	
u_cfg.g_live.g_bank\[2\].u_prompt	ot_sram_1r1w_512x128_m4_r2c2	w_mask_in[68]	_02022_	0.578800	
u_cfg.g_live.g_bank\[2\].u_prompt	ot_sram_1r1w_512x128_m4_r2c2	w_mask_in[69]	_02022_	0.578800	
u_cfg.g_live.g_bank\[2\].u_prompt	ot_sram_1r1w_512x128_m4_r2c2	w_mask_in[70]	_02022_	0.578800	
u_cfg.g_live.g_bank\[2\].u_prompt	ot_sram_1r1w_512x128_m4_r2c2	w_mask_in[71]	_02022_	0.578800	
u_cfg.g_live.g_bank\[2\].u_prompt	ot_sram_1r1w_512x128_m4_r2c2	w_mask_in[72]	_02022_	0.578800	
u_cfg.g_live.g_bank\[2\].u_prompt	ot_sram_1r1w_512x128_m4_r2c2	w_mask_in[73]	_02022_	0.578800	
u_cfg.g_live.g_bank\[2\].u_prompt	ot_sram_1r1w_512x128_m4_r2c2	w_mask_in[74]	_02022_	0.578800	
u_cfg.g_live.g_bank\[2\].u_prompt	ot_sram_1r1w_512x128_m4_r2c2	w_mask_in[75]	_02022_	0.578800	
u_cfg.g_live.g_bank\[2\].u_prompt	ot_sram_1r1w_512x128_m4_r2c2	w_mask_in[76]	_02022_	0.578800	
u_cfg.g_live.g_bank\[2\].u_prompt	ot_sram_1r1w_512x128_m4_r2c2	w_mask_in[77]	_02022_	0.578800	
u_cfg.g_live.g_bank\[2\].u_prompt	ot_sram_1r1w_512x128_m4_r2c2	w_mask_in[78]	_02022_	0.578800	
u_cfg.g_live.g_bank\[2\].u_prompt	ot_sram_1r1w_512x128_m4_r2c2	w_mask_in[79]	_02022_	0.578800	
u_cfg.g_live.g_bank\[2\].u_prompt	ot_sram_1r1w_512x128_m4_r2c2	w_mask_in[80]	_02022_	0.578800	
u_cfg.g_live.g_bank\[2\].u_prompt	ot_sram_1r1w_512x128_m4_r2c2	w_mask_in[81]	_02022_	0.578800	
u_cfg.g_live.g_bank\[2\].u_prompt	ot_sram_1r1w_512x128_m4_r2c2	w_mask_in[82]	_02022_	0.578800	
u_cfg.g_live.g_bank\[2\].u_prompt	ot_sram_1r1w_512x128_m4_r2c2	w_mask_in[83]	_02022_	0.578800	
u_cfg.g_live.g_bank\[2\].u_prompt	ot_sram_1r1w_512x128_m4_r2c2	w_mask_in[84]	_02022_	0.578800	
u_cfg.g_live.g_bank\[2\].u_prompt	ot_sram_1r1w_512x128_m4_r2c2	w_mask_in[85]	_02022_	0.578800	
u_cfg.g_live.g_bank\[2\].u_prompt	ot_sram_1r1w_512x128_m4_r2c2	w_mask_in[86]	_02022_	0.578800	
u_cfg.g_live.g_bank\[2\].u_prompt	ot_sram_1r1w_512x128_m4_r2c2	w_mask_in[87]	_02022_	0.578800	
u_cfg.g_live.g_bank\[2\].u_prompt	ot_sram_1r1w_512x128_m4_r2c2	w_mask_in[88]	_02022_	0.578800	
u_cfg.g_live.g_bank\[2\].u_prompt	ot_sram_1r1w_512x128_m4_r2c2	w_mask_in[89]	_02022_	0.578800	
u_cfg.g_live.g_bank\[2\].u_prompt	ot_sram_1r1w_512x128_m4_r2c2	w_mask_in[90]	_02022_	0.578800	
u_cfg.g_live.g_bank\[2\].u_prompt	ot_sram_1r1w_512x128_m4_r2c2	w_mask_in[91]	_02022_	0.578800	
u_cfg.g_live.g_bank\[2\].u_prompt	ot_sram_1r1w_512x128_m4_r2c2	w_mask_in[92]	_02022_	0.578800	
u_cfg.g_live.g_bank\[2\].u_prompt	ot_sram_1r1w_512x128_m4_r2c2	w_mask_in[93]	_02022_	0.578800	
u_cfg.g_live.g_bank\[2\].u_prompt	ot_sram_1r1w_512x128_m4_r2c2	w_mask_in[94]	_02022_	0.578800	
u_cfg.g_live.g_bank\[2\].u_prompt	ot_sram_1r1w_512x128_m4_r2c2	w_mask_in[95]	_02022_	0.578800	
u_cfg.g_live.g_bank\[2\].u_prompt	ot_sram_1r1w_512x128_m4_r2c2	w_mask_in[96]	_02022_	0.578800	
u_cfg.g_live.g_bank\[2\].u_prompt	ot_sram_1r1w_512x128_m4_r2c2	w_mask_in[97]	_02022_	0.578800	
u_cfg.g_live.g_bank\[2\].u_prompt	ot_sram_1r1w_512x128_m4_r2c2	w_mask_in[98]	_02022_	0.578800	
u_cfg.g_live.g_bank\[2\].u_prompt	ot_sram_1r1w_512x128_m4_r2c2	w_mask_in[99]	_02022_	0.578800	
u_cfg.g_live.g_bank\[2\].u_prompt	ot_sram_1r1w_512x128_m4_r2c2	w_mask_in[100]	_02022_	0.578800	
u_cfg.g_live.g_bank\[2\].u_prompt	ot_sram_1r1w_512x128_m4_r2c2	w_mask_in[101]	_02022_	0.578800	
u_cfg.g_live.g_bank\[2\].u_prompt	ot_sram_1r1w_512x128_m4_r2c2	w_mask_in[102]	_02022_	0.578800	
u_cfg.g_live.g_bank\[2\].u_prompt	ot_sram_1r1w_512x128_m4_r2c2	w_mask_in[103]	_02022_	0.578800	
u_cfg.g_live.g_bank\[2\].u_prompt	ot_sram_1r1w_512x128_m4_r2c2	w_mask_in[104]	_02022_	0.578800	
u_cfg.g_live.g_bank\[2\].u_prompt	ot_sram_1r1w_512x128_m4_r2c2	w_mask_in[105]	_02022_	0.578800	
u_cfg.g_live.g_bank\[2\].u_prompt	ot_sram_1r1w_512x128_m4_r2c2	w_mask_in[106]	_02022_	0.578800	
u_cfg.g_live.g_bank\[2\].u_prompt	ot_sram_1r1w_512x128_m4_r2c2	w_mask_in[107]	_02022_	0.578800	
u_cfg.g_live.g_bank\[2\].u_prompt	ot_sram_1r1w_512x128_m4_r2c2	w_mask_in[108]	_02022_	0.578800	
u_cfg.g_live.g_bank\[2\].u_prompt	ot_sram_1r1w_512x128_m4_r2c2	w_mask_in[109]	_02022_	0.578800	
u_cfg.g_live.g_bank\[2\].u_prompt	ot_sram_1r1w_512x128_m4_r2c2	w_mask_in[110]	_02022_	0.578800	
u_cfg.g_live.g_bank\[2\].u_prompt	ot_sram_1r1w_512x128_m4_r2c2	w_mask_in[111]	_02022_	0.578800	
u_cfg.g_live.g_bank\[2\].u_prompt	ot_sram_1r1w_512x128_m4_r2c2	w_mask_in[112]	_02022_	0.578800	
u_cfg.g_live.g_bank\[2\].u_prompt	ot_sram_1r1w_512x128_m4_r2c2	w_mask_in[113]	_02022_	0.578800	
u_cfg.g_live.g_bank\[2\].u_prompt	ot_sram_1r1w_512x128_m4_r2c2	w_mask_in[114]	_02022_	0.578800	
u_cfg.g_live.g_bank\[2\].u_prompt	ot_sram_1r1w_512x128_m4_r2c2	w_mask_in[115]	_02022_	0.578800	
u_cfg.g_live.g_bank\[2\].u_prompt	ot_sram_1r1w_512x128_m4_r2c2	w_mask_in[116]	_02022_	0.578800	
u_cfg.g_live.g_bank\[2\].u_prompt	ot_sram_1r1w_512x128_m4_r2c2	w_mask_in[117]	_02022_	0.578800	
u_cfg.g_live.g_bank\[2\].u_prompt	ot_sram_1r1w_512x128_m4_r2c2	w_mask_in[118]	_02022_	0.578800	
u_cfg.g_live.g_bank\[2\].u_prompt	ot_sram_1r1w_512x128_m4_r2c2	w_mask_in[119]	_02022_	0.578800	
u_cfg.g_live.g_bank\[2\].u_prompt	ot_sram_1r1w_512x128_m4_r2c2	w_mask_in[120]	_02022_	0.578800	
u_cfg.g_live.g_bank\[2\].u_prompt	ot_sram_1r1w_512x128_m4_r2c2	w_mask_in[121]	_02022_	0.578800	
u_cfg.g_live.g_bank\[2\].u_prompt	ot_sram_1r1w_512x128_m4_r2c2	w_mask_in[122]	_02022_	0.578800	
u_cfg.g_live.g_bank\[2\].u_prompt	ot_sram_1r1w_512x128_m4_r2c2	w_mask_in[123]	_02022_	0.578800	
u_cfg.g_live.g_bank\[2\].u_prompt	ot_sram_1r1w_512x128_m4_r2c2	w_mask_in[124]	_02022_	0.578800	
u_cfg.g_live.g_bank\[2\].u_prompt	ot_sram_1r1w_512x128_m4_r2c2	w_mask_in[125]	_02022_	0.578800	
u_cfg.g_live.g_bank\[2\].u_prompt	ot_sram_1r1w_512x128_m4_r2c2	w_mask_in[126]	_02022_	0.578800	
u_cfg.g_live.g_bank\[2\].u_prompt	ot_sram_1r1w_512x128_m4_r2c2	w_mask_in[127]	_02022_	0.578800	
u_cfg.g_live.g_bank\[2\].u_prompt	ot_sram_1r1w_512x128_m4_r2c2	rr_en[0]	_10622_	0.578800	
u_cfg.g_live.g_bank\[2\].u_prompt	ot_sram_1r1w_512x128_m4_r2c2	rr_en[1]	_10622_	0.578800	
u_cfg.g_live.g_bank\[2\].u_prompt	ot_sram_1r1w_512x128_m4_r2c2	rr_addr[0]	_10622_	0.578800	
u_cfg.g_live.g_bank\[2\].u_prompt	ot_sram_1r1w_512x128_m4_r2c2	rr_addr[1]	_10622_	0.578800	
u_cfg.g_live.g_bank\[2\].u_prompt	ot_sram_1r1w_512x128_m4_r2c2	rr_addr[2]	_10622_	0.578800	
u_cfg.g_live.g_bank\[2\].u_prompt	ot_sram_1r1w_512x128_m4_r2c2	rr_addr[3]	_10622_	0.578800	
u_cfg.g_live.g_bank\[2\].u_prompt	ot_sram_1r1w_512x128_m4_r2c2	rr_addr[4]	_10622_	0.578800	
u_cfg.g_live.g_bank\[2\].u_prompt	ot_sram_1r1w_512x128_m4_r2c2	rr_addr[5]	_10622_	0.578800	
u_cfg.g_live.g_bank\[2\].u_prompt	ot_sram_1r1w_512x128_m4_r2c2	rr_addr[6]	_10622_	0.578800	
u_cfg.g_live.g_bank\[2\].u_prompt	ot_sram_1r1w_512x128_m4_r2c2	rr_addr[7]	_10622_	0.578800	
u_cfg.g_live.g_bank\[2\].u_prompt	ot_sram_1r1w_512x128_m4_r2c2	rr_addr[8]	_10622_	0.578800	
u_cfg.g_live.g_bank\[2\].u_prompt	ot_sram_1r1w_512x128_m4_r2c2	rr_addr[9]	_10622_	0.578800	
u_cfg.g_live.g_bank\[2\].u_prompt	ot_sram_1r1w_512x128_m4_r2c2	rr_addr[10]	_10622_	0.578800	
u_cfg.g_live.g_bank\[2\].u_prompt	ot_sram_1r1w_512x128_m4_r2c2	rr_addr[11]	_10622_	0.578800	
u_cfg.g_live.g_bank\[2\].u_prompt	ot_sram_1r1w_512x128_m4_r2c2	rr_addr[12]	_10622_	0.578800	
u_cfg.g_live.g_bank\[2\].u_prompt	ot_sram_1r1w_512x128_m4_r2c2	rr_addr[13]	_10622_	0.578800	
u_cfg.g_live.g_bank\[2\].u_prompt	ot_sram_1r1w_512x128_m4_r2c2	cr_en[0]	_10622_	0.578800	
u_cfg.g_live.g_bank\[2\].u_prompt	ot_sram_1r1w_512x128_m4_r2c2	cr_en[1]	_10622_	0.578800	
u_cfg.g_live.g_bank\[2\].u_prompt	ot_sram_1r1w_512x128_m4_r2c2	cr_sel[0]	_10622_	0.578800	
u_cfg.g_live.g_bank\[2\].u_prompt	ot_sram_1r1w_512x128_m4_r2c2	cr_sel[1]	_10622_	0.578800	
u_cfg.g_live.g_bank\[2\].u_prompt	ot_sram_1r1w_512x128_m4_r2c2	cr_sel[2]	_10622_	0.578800	
u_cfg.g_live.g_bank\[2\].u_prompt	ot_sram_1r1w_512x128_m4_r2c2	cr_sel[3]	_10622_	0.578800	
u_cfg.g_live.g_bank\[2\].u_prompt	ot_sram_1r1w_512x128_m4_r2c2	cr_sel[4]	_10622_	0.578800	
u_cfg.g_live.g_bank\[2\].u_prompt	ot_sram_1r1w_512x128_m4_r2c2	cr_sel[5]	_10622_	0.578800	
u_cfg.g_live.g_bank\[2\].u_prompt	ot_sram_1r1w_512x128_m4_r2c2	cr_sel[6]	_10622_	0.578800	
u_cfg.g_live.g_bank\[2\].u_prompt	ot_sram_1r1w_512x128_m4_r2c2	cr_sel[7]	_10622_	0.578800	
u_cfg.g_live.g_bank\[2\].u_prompt	ot_sram_1r1w_512x128_m4_r2c2	cr_sel[8]	_10622_	0.578800	
u_cfg.g_live.g_bank\[2\].u_prompt	ot_sram_1r1w_512x128_m4_r2c2	cr_sel[9]	_10622_	0.578800	
u_cfg.g_live.g_bank\[2\].u_prompt	ot_sram_1r1w_512x128_m4_r2c2	cr_sel[10]	_10622_	0.578800	
u_cfg.g_live.g_bank\[2\].u_prompt	ot_sram_1r1w_512x128_m4_r2c2	cr_sel[11]	_10622_	0.578800	
u_cfg.g_live.g_bank\[2\].u_prompt	ot_sram_1r1w_512x128_m4_r2c2	cr_sel[12]	_10622_	0.578800	
u_cfg.g_live.g_bank\[2\].u_prompt	ot_sram_1r1w_512x128_m4_r2c2	cr_sel[13]	_10622_	0.578800	
u_cfg.g_live.g_bank\[3\].u_prompt	ot_sram_1r1w_512x128_m4_r2c2	clk	clk	8.683800	
u_cfg.g_live.g_bank\[3\].u_prompt	ot_sram_1r1w_512x128_m4_r2c2	r_ce_in	_02027_	0.578800	
u_cfg.g_live.g_bank\[3\].u_prompt	ot_sram_1r1w_512x128_m4_r2c2	r_addr_in[0]	u_cfg.g_live.read_index\[1\]	0.578800	
u_cfg.g_live.g_bank\[3\].u_prompt	ot_sram_1r1w_512x128_m4_r2c2	r_addr_in[1]	u_cfg.g_live.read_index\[2\]	0.578800	
u_cfg.g_live.g_bank\[3\].u_prompt	ot_sram_1r1w_512x128_m4_r2c2	r_addr_in[2]	u_cfg.g_live.read_index\[3\]	0.578800	
u_cfg.g_live.g_bank\[3\].u_prompt	ot_sram_1r1w_512x128_m4_r2c2	r_addr_in[3]	u_cfg.g_live.read_index\[4\]	0.578800	
u_cfg.g_live.g_bank\[3\].u_prompt	ot_sram_1r1w_512x128_m4_r2c2	r_addr_in[4]	u_cfg.g_live.read_index\[5\]	0.578800	
u_cfg.g_live.g_bank\[3\].u_prompt	ot_sram_1r1w_512x128_m4_r2c2	r_addr_in[5]	u_cfg.g_live.read_index\[6\]	0.578800	
u_cfg.g_live.g_bank\[3\].u_prompt	ot_sram_1r1w_512x128_m4_r2c2	r_addr_in[6]	u_cfg.g_live.read_index\[7\]	0.578800	
u_cfg.g_live.g_bank\[3\].u_prompt	ot_sram_1r1w_512x128_m4_r2c2	r_addr_in[7]	u_cfg.g_live.read_index\[8\]	0.578800	
u_cfg.g_live.g_bank\[3\].u_prompt	ot_sram_1r1w_512x128_m4_r2c2	r_addr_in[8]	u_cfg.g_live.read_index\[9\]	0.578800	
u_cfg.g_live.g_bank\[3\].u_prompt	ot_sram_1r1w_512x128_m4_r2c2	rd_out[0]	u_cfg.g_live.bank_q\[1280\]	0.578766	{_14594_ A 0.578766}
u_cfg.g_live.g_bank\[3\].u_prompt	ot_sram_1r1w_512x128_m4_r2c2	rd_out[1]	u_cfg.g_live.bank_q\[1281\]	0.578766	{_14383_ A 0.578766}
u_cfg.g_live.g_bank\[3\].u_prompt	ot_sram_1r1w_512x128_m4_r2c2	rd_out[2]	u_cfg.g_live.bank_q\[1282\]	0.578766	{_14736_ A 0.578766}
u_cfg.g_live.g_bank\[3\].u_prompt	ot_sram_1r1w_512x128_m4_r2c2	rd_out[3]	u_cfg.g_live.bank_q\[1283\]	0.578766	{_14484_ A 0.578766}
u_cfg.g_live.g_bank\[3\].u_prompt	ot_sram_1r1w_512x128_m4_r2c2	rd_out[4]	u_cfg.g_live.bank_q\[1284\]	0.578766	{_14513_ A 0.578766}
u_cfg.g_live.g_bank\[3\].u_prompt	ot_sram_1r1w_512x128_m4_r2c2	rd_out[5]	u_cfg.g_live.bank_q\[1285\]	0.924352	{_14665_ B 0.924352}
u_cfg.g_live.g_bank\[3\].u_prompt	ot_sram_1r1w_512x128_m4_r2c2	rd_out[6]	u_cfg.g_live.bank_q\[1286\]	0.578766	{_14638_ A 0.578766}
u_cfg.g_live.g_bank\[3\].u_prompt	ot_sram_1r1w_512x128_m4_r2c2	rd_out[7]	u_cfg.g_live.bank_q\[1287\]	0.578766	{_15104_ A 0.578766}
u_cfg.g_live.g_bank\[3\].u_prompt	ot_sram_1r1w_512x128_m4_r2c2	rd_out[8]	u_cfg.g_live.bank_q\[1288\]	0.578766	{_14955_ A 0.578766}
u_cfg.g_live.g_bank\[3\].u_prompt	ot_sram_1r1w_512x128_m4_r2c2	rd_out[9]	u_cfg.g_live.bank_q\[1289\]	0.578766	{_14983_ A 0.578766}
u_cfg.g_live.g_bank\[3\].u_prompt	ot_sram_1r1w_512x128_m4_r2c2	rd_out[10]	u_cfg.g_live.bank_q\[1290\]	0.578766	{_14904_ A 0.578766}
u_cfg.g_live.g_bank\[3\].u_prompt	ot_sram_1r1w_512x128_m4_r2c2	rd_out[11]	u_cfg.g_live.bank_q\[1291\]	0.924352	{_14017_ B 0.924352}
u_cfg.g_live.g_bank\[3\].u_prompt	ot_sram_1r1w_512x128_m4_r2c2	rd_out[12]	u_cfg.g_live.bank_q\[1292\]	0.578766	{_13842_ A 0.578766}
u_cfg.g_live.g_bank\[3\].u_prompt	ot_sram_1r1w_512x128_m4_r2c2	rd_out[13]	u_cfg.g_live.bank_q\[1293\]	0.578766	{_13797_ A 0.578766}
u_cfg.g_live.g_bank\[3\].u_prompt	ot_sram_1r1w_512x128_m4_r2c2	rd_out[14]	u_cfg.g_live.bank_q\[1294\]	0.924352	{_14036_ B 0.924352}
u_cfg.g_live.g_bank\[3\].u_prompt	ot_sram_1r1w_512x128_m4_r2c2	rd_out[15]	u_cfg.g_live.bank_q\[1295\]	0.578766	{_13888_ A 0.578766}
u_cfg.g_live.g_bank\[3\].u_prompt	ot_sram_1r1w_512x128_m4_r2c2	rd_out[16]	u_cfg.g_live.bank_q\[1296\]	0.578766	{_12813_ A 0.578766}
u_cfg.g_live.g_bank\[3\].u_prompt	ot_sram_1r1w_512x128_m4_r2c2	rd_out[17]	u_cfg.g_live.bank_q\[1297\]	0.578766	{_12781_ A 0.578766}
u_cfg.g_live.g_bank\[3\].u_prompt	ot_sram_1r1w_512x128_m4_r2c2	rd_out[18]	u_cfg.g_live.bank_q\[1298\]	0.578766	{_12700_ A 0.578766}
u_cfg.g_live.g_bank\[3\].u_prompt	ot_sram_1r1w_512x128_m4_r2c2	rd_out[19]	u_cfg.g_live.bank_q\[1299\]	0.578766	{_12893_ A 0.578766}
u_cfg.g_live.g_bank\[3\].u_prompt	ot_sram_1r1w_512x128_m4_r2c2	rd_out[20]	u_cfg.g_live.bank_q\[1300\]	0.578766	{_12184_ A 0.578766}
u_cfg.g_live.g_bank\[3\].u_prompt	ot_sram_1r1w_512x128_m4_r2c2	rd_out[21]	u_cfg.g_live.bank_q\[1301\]	0.924352	{_12309_ B 0.924352}
u_cfg.g_live.g_bank\[3\].u_prompt	ot_sram_1r1w_512x128_m4_r2c2	rd_out[22]	u_cfg.g_live.bank_q\[1302\]	0.924352	{_12315_ B 0.924352}
u_cfg.g_live.g_bank\[3\].u_prompt	ot_sram_1r1w_512x128_m4_r2c2	rd_out[23]	u_cfg.g_live.bank_q\[1303\]	0.578766	{_12438_ A 0.578766}
u_cfg.g_live.g_bank\[3\].u_prompt	ot_sram_1r1w_512x128_m4_r2c2	rd_out[24]	u_cfg.g_live.bank_q\[1304\]	0.578766	{_12605_ A 0.578766}
u_cfg.g_live.g_bank\[3\].u_prompt	ot_sram_1r1w_512x128_m4_r2c2	rd_out[25]	u_cfg.g_live.bank_q\[1305\]	0.578766	{_12507_ A 0.578766}
u_cfg.g_live.g_bank\[3\].u_prompt	ot_sram_1r1w_512x128_m4_r2c2	rd_out[26]	u_cfg.g_live.bank_q\[1306\]	0.578766	{_15652_ A 0.578766}
u_cfg.g_live.g_bank\[3\].u_prompt	ot_sram_1r1w_512x128_m4_r2c2	rd_out[27]	u_cfg.g_live.bank_q\[1307\]	0.578766	{_15456_ A 0.578766}
u_cfg.g_live.g_bank\[3\].u_prompt	ot_sram_1r1w_512x128_m4_r2c2	rd_out[28]	u_cfg.g_live.bank_q\[1308\]	0.924352	{_15571_ B 0.924352}
u_cfg.g_live.g_bank\[3\].u_prompt	ot_sram_1r1w_512x128_m4_r2c2	rd_out[29]	u_cfg.g_live.bank_q\[1309\]	0.578766	{_15367_ A 0.578766}
u_cfg.g_live.g_bank\[3\].u_prompt	ot_sram_1r1w_512x128_m4_r2c2	rd_out[30]	u_cfg.g_live.bank_q\[1310\]	0.578766	{_15614_ A 0.578766}
u_cfg.g_live.g_bank\[3\].u_prompt	ot_sram_1r1w_512x128_m4_r2c2	rd_out[31]	u_cfg.g_live.bank_q\[1311\]	0.578766	{_15709_ A 0.578766}
u_cfg.g_live.g_bank\[3\].u_prompt	ot_sram_1r1w_512x128_m4_r2c2	rd_out[32]	u_cfg.g_live.bank_q\[1312\]	0.924352	{_15141_ B 0.924352}
u_cfg.g_live.g_bank\[3\].u_prompt	ot_sram_1r1w_512x128_m4_r2c2	rd_out[33]	u_cfg.g_live.bank_q\[1313\]	0.924352	{_14224_ B 0.924352}
u_cfg.g_live.g_bank\[3\].u_prompt	ot_sram_1r1w_512x128_m4_r2c2	rd_out[34]	u_cfg.g_live.bank_q\[1314\]	0.924352	{_14258_ B 0.924352}
u_cfg.g_live.g_bank\[3\].u_prompt	ot_sram_1r1w_512x128_m4_r2c2	rd_out[35]	u_cfg.g_live.bank_q\[1315\]	0.874367	{_14201_ A2 0.874367}
u_cfg.g_live.g_bank\[3\].u_prompt	ot_sram_1r1w_512x128_m4_r2c2	rd_out[36]	u_cfg.g_live.bank_q\[1316\]	0.489888	{_14310_ B 0.489888}
u_cfg.g_live.g_bank\[3\].u_prompt	ot_sram_1r1w_512x128_m4_r2c2	rd_out[37]	u_cfg.g_live.bank_q\[1317\]	0.578766	{_15315_ A 0.578766}
u_cfg.g_live.g_bank\[3\].u_prompt	ot_sram_1r1w_512x128_m4_r2c2	rd_out[38]	u_cfg.g_live.bank_q\[1318\]	0.924352	{_15416_ B 0.924352}
u_cfg.g_live.g_bank\[3\].u_prompt	ot_sram_1r1w_512x128_m4_r2c2	rd_out[39]	u_cfg.g_live.bank_q\[1319\]	0.924352	{_15204_ B 0.924352}
u_cfg.g_live.g_bank\[3\].u_prompt	ot_sram_1r1w_512x128_m4_r2c2	rd_out[40]	u_cfg.g_live.bank_q\[1320\]	0.578766	{_15237_ A 0.578766}
u_cfg.g_live.g_bank\[3\].u_prompt	ot_sram_1r1w_512x128_m4_r2c2	rd_out[41]	u_cfg.g_live.bank_q\[1321\]	0.578766	{_13471_ A 0.578766}
u_cfg.g_live.g_bank\[3\].u_prompt	ot_sram_1r1w_512x128_m4_r2c2	rd_out[42]	u_cfg.g_live.bank_q\[1322\]	0.578766	{_13720_ A 0.578766}
u_cfg.g_live.g_bank\[3\].u_prompt	ot_sram_1r1w_512x128_m4_r2c2	rd_out[43]	u_cfg.g_live.bank_q\[1323\]	0.578766	{_13767_ A 0.578766}
u_cfg.g_live.g_bank\[3\].u_prompt	ot_sram_1r1w_512x128_m4_r2c2	rd_out[44]	u_cfg.g_live.bank_q\[1324\]	0.578766	{_13619_ A 0.578766}
u_cfg.g_live.g_bank\[3\].u_prompt	ot_sram_1r1w_512x128_m4_r2c2	rd_out[45]	u_cfg.g_live.bank_q\[1325\]	0.578766	{_13936_ A 0.578766}
u_cfg.g_live.g_bank\[3\].u_prompt	ot_sram_1r1w_512x128_m4_r2c2	rd_out[46]	u_cfg.g_live.bank_q\[1326\]	0.578766	{_13502_ A 0.578766}
u_cfg.g_live.g_bank\[3\].u_prompt	ot_sram_1r1w_512x128_m4_r2c2	rd_out[47]	u_cfg.g_live.bank_q\[1327\]	0.578766	{_13668_ A 0.578766}
u_cfg.g_live.g_bank\[3\].u_prompt	ot_sram_1r1w_512x128_m4_r2c2	rd_out[48]	u_cfg.g_live.bank_q\[1328\]	0.578766	{_13046_ A 0.578766}
u_cfg.g_live.g_bank\[3\].u_prompt	ot_sram_1r1w_512x128_m4_r2c2	rd_out[49]	u_cfg.g_live.bank_q\[1329\]	0.489888	{_13178_ B 0.489888}
u_cfg.g_live.g_bank\[3\].u_prompt	ot_sram_1r1w_512x128_m4_r2c2	rd_out[50]	u_cfg.g_live.bank_q\[1330\]	0.578766	{_13402_ A 0.578766}
u_cfg.g_live.g_bank\[3\].u_prompt	ot_sram_1r1w_512x128_m4_r2c2	rd_out[51]	u_cfg.g_live.bank_q\[1331\]	0.578766	{_13454_ A 0.578766}
u_cfg.g_live.g_bank\[3\].u_prompt	ot_sram_1r1w_512x128_m4_r2c2	rd_out[52]	u_cfg.g_live.bank_q\[1332\]	0.578766	{_13007_ A 0.578766}
u_cfg.g_live.g_bank\[3\].u_prompt	ot_sram_1r1w_512x128_m4_r2c2	rd_out[53]	u_cfg.g_live.bank_q\[1333\]	0.578766	{_13218_ A 0.578766}
u_cfg.g_live.g_bank\[3\].u_prompt	ot_sram_1r1w_512x128_m4_r2c2	rd_out[54]	u_cfg.g_live.bank_q\[1334\]	0.578766	{_13269_ A 0.578766}
u_cfg.g_live.g_bank\[3\].u_prompt	ot_sram_1r1w_512x128_m4_r2c2	rd_out[55]	u_cfg.g_live.bank_q\[1335\]	0.578766	{_13325_ A 0.578766}
u_cfg.g_live.g_bank\[3\].u_prompt	ot_sram_1r1w_512x128_m4_r2c2	rd_out[56]	u_cfg.g_live.bank_q\[1336\]	0.528014	{_13086_ A2 0.528014}
u_cfg.g_live.g_bank\[3\].u_prompt	ot_sram_1r1w_512x128_m4_r2c2	rd_out[57]	u_cfg.g_live.bank_q\[1337\]	0.578766	{_14353_ A 0.578766}
u_cfg.g_live.g_bank\[3\].u_prompt	ot_sram_1r1w_512x128_m4_r2c2	rd_out[58]	u_cfg.g_live.bank_q\[1338\]	0.924352	{_14810_ B 0.924352}
u_cfg.g_live.g_bank\[3\].u_prompt	ot_sram_1r1w_512x128_m4_r2c2	rd_out[59]	u_cfg.g_live.bank_q\[1339\]	0.924352	{_15040_ B 0.924352}
u_cfg.g_live.g_bank\[3\].u_prompt	ot_sram_1r1w_512x128_m4_r2c2	rd_out[60]	u_cfg.g_live.bank_q\[1340\]	0.924352	{_14108_ B 0.924352}
u_cfg.g_live.g_bank\[3\].u_prompt	ot_sram_1r1w_512x128_m4_r2c2	rd_out[61]	u_cfg.g_live.bank_q\[1341\]	0.578766	{_12923_ A 0.578766}
u_cfg.g_live.g_bank\[3\].u_prompt	ot_sram_1r1w_512x128_m4_r2c2	rd_out[62]	u_cfg.g_live.bank_q\[1342\]	0.578766	{_15513_ A 0.578766}
u_cfg.g_live.g_bank\[3\].u_prompt	ot_sram_1r1w_512x128_m4_r2c2	rd_out[63]	u_cfg.g_live.bank_q\[1343\]	0.924352	{_14760_ B 0.924352}
u_cfg.g_live.g_bank\[3\].u_prompt	ot_sram_1r1w_512x128_m4_r2c2	rd_out[64]	u_cfg.g_live.bank_q\[1344\]	0.578766	{_14587_ A 0.578766}
u_cfg.g_live.g_bank\[3\].u_prompt	ot_sram_1r1w_512x128_m4_r2c2	rd_out[65]	u_cfg.g_live.bank_q\[1345\]	0.578766	{_14390_ A 0.578766}
u_cfg.g_live.g_bank\[3\].u_prompt	ot_sram_1r1w_512x128_m4_r2c2	rd_out[66]	u_cfg.g_live.bank_q\[1346\]	0.578766	{_14742_ A 0.578766}
u_cfg.g_live.g_bank\[3\].u_prompt	ot_sram_1r1w_512x128_m4_r2c2	rd_out[67]	u_cfg.g_live.bank_q\[1347\]	0.578766	{_14490_ A 0.578766}
u_cfg.g_live.g_bank\[3\].u_prompt	ot_sram_1r1w_512x128_m4_r2c2	rd_out[68]	u_cfg.g_live.bank_q\[1348\]	0.924352	{_14507_ B 0.924352}
u_cfg.g_live.g_bank\[3\].u_prompt	ot_sram_1r1w_512x128_m4_r2c2	rd_out[69]	u_cfg.g_live.bank_q\[1349\]	0.578766	{_14686_ A 0.578766}
u_cfg.g_live.g_bank\[3\].u_prompt	ot_sram_1r1w_512x128_m4_r2c2	rd_out[70]	u_cfg.g_live.bank_q\[1350\]	0.578766	{_14645_ A 0.578766}
u_cfg.g_live.g_bank\[3\].u_prompt	ot_sram_1r1w_512x128_m4_r2c2	rd_out[71]	u_cfg.g_live.bank_q\[1351\]	0.578766	{_15111_ A 0.578766}
u_cfg.g_live.g_bank\[3\].u_prompt	ot_sram_1r1w_512x128_m4_r2c2	rd_out[72]	u_cfg.g_live.bank_q\[1352\]	0.578766	{_14962_ A 0.578766}
u_cfg.g_live.g_bank\[3\].u_prompt	ot_sram_1r1w_512x128_m4_r2c2	rd_out[73]	u_cfg.g_live.bank_q\[1353\]	0.924352	{_14977_ B 0.924352}
u_cfg.g_live.g_bank\[3\].u_prompt	ot_sram_1r1w_512x128_m4_r2c2	rd_out[74]	u_cfg.g_live.bank_q\[1354\]	0.578766	{_14911_ A 0.578766}
u_cfg.g_live.g_bank\[3\].u_prompt	ot_sram_1r1w_512x128_m4_r2c2	rd_out[75]	u_cfg.g_live.bank_q\[1355\]	0.578766	{_13994_ A 0.578766}
u_cfg.g_live.g_bank\[3\].u_prompt	ot_sram_1r1w_512x128_m4_r2c2	rd_out[76]	u_cfg.g_live.bank_q\[1356\]	0.924352	{_13829_ B 0.924352}
u_cfg.g_live.g_bank\[3\].u_prompt	ot_sram_1r1w_512x128_m4_r2c2	rd_out[77]	u_cfg.g_live.bank_q\[1357\]	0.924352	{_13784_ B 0.924352}
u_cfg.g_live.g_bank\[3\].u_prompt	ot_sram_1r1w_512x128_m4_r2c2	rd_out[78]	u_cfg.g_live.bank_q\[1358\]	0.528014	{_14058_ A2 0.528014}
u_cfg.g_live.g_bank\[3\].u_prompt	ot_sram_1r1w_512x128_m4_r2c2	rd_out[79]	u_cfg.g_live.bank_q\[1359\]	0.578766	{_13906_ A 0.578766}
u_cfg.g_live.g_bank\[3\].u_prompt	ot_sram_1r1w_512x128_m4_r2c2	rd_out[80]	u_cfg.g_live.bank_q\[1360\]	0.924352	{_12798_ B 0.924352}
u_cfg.g_live.g_bank\[3\].u_prompt	ot_sram_1r1w_512x128_m4_r2c2	rd_out[81]	u_cfg.g_live.bank_q\[1361\]	0.578766	{_12791_ A 0.578766}
u_cfg.g_live.g_bank\[3\].u_prompt	ot_sram_1r1w_512x128_m4_r2c2	rd_out[82]	u_cfg.g_live.bank_q\[1362\]	0.578766	{_12692_ A 0.578766}
u_cfg.g_live.g_bank\[3\].u_prompt	ot_sram_1r1w_512x128_m4_r2c2	rd_out[83]	u_cfg.g_live.bank_q\[1363\]	0.578766	{_12900_ A 0.578766}
u_cfg.g_live.g_bank\[3\].u_prompt	ot_sram_1r1w_512x128_m4_r2c2	rd_out[84]	u_cfg.g_live.bank_q\[1364\]	0.578766	{_12161_ A 0.578766}
u_cfg.g_live.g_bank\[3\].u_prompt	ot_sram_1r1w_512x128_m4_r2c2	rd_out[85]	u_cfg.g_live.bank_q\[1365\]	0.578766	{_12308_ A 0.578766}
u_cfg.g_live.g_bank\[3\].u_prompt	ot_sram_1r1w_512x128_m4_r2c2	rd_out[86]	u_cfg.g_live.bank_q\[1366\]	0.578766	{_12314_ A 0.578766}
u_cfg.g_live.g_bank\[3\].u_prompt	ot_sram_1r1w_512x128_m4_r2c2	rd_out[87]	u_cfg.g_live.bank_q\[1367\]	0.578766	{_12424_ A 0.578766}
u_cfg.g_live.g_bank\[3\].u_prompt	ot_sram_1r1w_512x128_m4_r2c2	rd_out[88]	u_cfg.g_live.bank_q\[1368\]	0.924352	{_12580_ B 0.924352}
u_cfg.g_live.g_bank\[3\].u_prompt	ot_sram_1r1w_512x128_m4_r2c2	rd_out[89]	u_cfg.g_live.bank_q\[1369\]	0.578766	{_12519_ A 0.578766}
u_cfg.g_live.g_bank\[3\].u_prompt	ot_sram_1r1w_512x128_m4_r2c2	rd_out[90]	u_cfg.g_live.bank_q\[1370\]	0.578766	{_15637_ A 0.578766}
u_cfg.g_live.g_bank\[3\].u_prompt	ot_sram_1r1w_512x128_m4_r2c2	rd_out[91]	u_cfg.g_live.bank_q\[1371\]	0.528014	{_15473_ A2 0.528014}
u_cfg.g_live.g_bank\[3\].u_prompt	ot_sram_1r1w_512x128_m4_r2c2	rd_out[92]	u_cfg.g_live.bank_q\[1372\]	0.578766	{_15557_ A 0.578766}
u_cfg.g_live.g_bank\[3\].u_prompt	ot_sram_1r1w_512x128_m4_r2c2	rd_out[93]	u_cfg.g_live.bank_q\[1373\]	0.578766	{_15373_ A 0.578766}
u_cfg.g_live.g_bank\[3\].u_prompt	ot_sram_1r1w_512x128_m4_r2c2	rd_out[94]	u_cfg.g_live.bank_q\[1374\]	0.578766	{_15621_ A 0.578766}
u_cfg.g_live.g_bank\[3\].u_prompt	ot_sram_1r1w_512x128_m4_r2c2	rd_out[95]	u_cfg.g_live.bank_q\[1375\]	0.578766	{_15716_ A 0.578766}
u_cfg.g_live.g_bank\[3\].u_prompt	ot_sram_1r1w_512x128_m4_r2c2	rd_out[96]	u_cfg.g_live.bank_q\[1376\]	0.578766	{_15148_ A 0.578766}
u_cfg.g_live.g_bank\[3\].u_prompt	ot_sram_1r1w_512x128_m4_r2c2	rd_out[97]	u_cfg.g_live.bank_q\[1377\]	0.578766	{_14223_ A 0.578766}
u_cfg.g_live.g_bank\[3\].u_prompt	ot_sram_1r1w_512x128_m4_r2c2	rd_out[98]	u_cfg.g_live.bank_q\[1378\]	0.924352	{_14265_ B 0.924352}
u_cfg.g_live.g_bank\[3\].u_prompt	ot_sram_1r1w_512x128_m4_r2c2	rd_out[99]	u_cfg.g_live.bank_q\[1379\]	0.486821	{_14200_ B 0.486821}
u_cfg.g_live.g_bank\[3\].u_prompt	ot_sram_1r1w_512x128_m4_r2c2	rd_out[100]	u_cfg.g_live.bank_q\[1380\]	0.489888	{_14316_ B 0.489888}
u_cfg.g_live.g_bank\[3\].u_prompt	ot_sram_1r1w_512x128_m4_r2c2	rd_out[101]	u_cfg.g_live.bank_q\[1381\]	0.578766	{_15322_ A 0.578766}
u_cfg.g_live.g_bank\[3\].u_prompt	ot_sram_1r1w_512x128_m4_r2c2	rd_out[102]	u_cfg.g_live.bank_q\[1382\]	0.924352	{_15423_ B 0.924352}
u_cfg.g_live.g_bank\[3\].u_prompt	ot_sram_1r1w_512x128_m4_r2c2	rd_out[103]	u_cfg.g_live.bank_q\[1383\]	0.924352	{_15211_ B 0.924352}
u_cfg.g_live.g_bank\[3\].u_prompt	ot_sram_1r1w_512x128_m4_r2c2	rd_out[104]	u_cfg.g_live.bank_q\[1384\]	0.578766	{_15256_ A 0.578766}
u_cfg.g_live.g_bank\[3\].u_prompt	ot_sram_1r1w_512x128_m4_r2c2	rd_out[105]	u_cfg.g_live.bank_q\[1385\]	0.578766	{_13478_ A 0.578766}
u_cfg.g_live.g_bank\[3\].u_prompt	ot_sram_1r1w_512x128_m4_r2c2	rd_out[106]	u_cfg.g_live.bank_q\[1386\]	0.578766	{_13727_ A 0.578766}
u_cfg.g_live.g_bank\[3\].u_prompt	ot_sram_1r1w_512x128_m4_r2c2	rd_out[107]	u_cfg.g_live.bank_q\[1387\]	0.578766	{_13774_ A 0.578766}
u_cfg.g_live.g_bank\[3\].u_prompt	ot_sram_1r1w_512x128_m4_r2c2	rd_out[108]	u_cfg.g_live.bank_q\[1388\]	0.578766	{_13623_ A 0.578766}
u_cfg.g_live.g_bank\[3\].u_prompt	ot_sram_1r1w_512x128_m4_r2c2	rd_out[109]	u_cfg.g_live.bank_q\[1389\]	0.578766	{_13954_ A 0.578766}
u_cfg.g_live.g_bank\[3\].u_prompt	ot_sram_1r1w_512x128_m4_r2c2	rd_out[110]	u_cfg.g_live.bank_q\[1390\]	0.578766	{_13509_ A 0.578766}
u_cfg.g_live.g_bank\[3\].u_prompt	ot_sram_1r1w_512x128_m4_r2c2	rd_out[111]	u_cfg.g_live.bank_q\[1391\]	0.578766	{_13675_ A 0.578766}
u_cfg.g_live.g_bank\[3\].u_prompt	ot_sram_1r1w_512x128_m4_r2c2	rd_out[112]	u_cfg.g_live.bank_q\[1392\]	0.578766	{_13052_ A 0.578766}
u_cfg.g_live.g_bank\[3\].u_prompt	ot_sram_1r1w_512x128_m4_r2c2	rd_out[113]	u_cfg.g_live.bank_q\[1393\]	0.489888	{_13184_ B 0.489888}
u_cfg.g_live.g_bank\[3\].u_prompt	ot_sram_1r1w_512x128_m4_r2c2	rd_out[114]	u_cfg.g_live.bank_q\[1394\]	0.578766	{_13411_ A 0.578766}
u_cfg.g_live.g_bank\[3\].u_prompt	ot_sram_1r1w_512x128_m4_r2c2	rd_out[115]	u_cfg.g_live.bank_q\[1395\]	0.578766	{_13461_ A 0.578766}
u_cfg.g_live.g_bank\[3\].u_prompt	ot_sram_1r1w_512x128_m4_r2c2	rd_out[116]	u_cfg.g_live.bank_q\[1396\]	0.578766	{_13014_ A 0.578766}
u_cfg.g_live.g_bank\[3\].u_prompt	ot_sram_1r1w_512x128_m4_r2c2	rd_out[117]	u_cfg.g_live.bank_q\[1397\]	0.578766	{_13225_ A 0.578766}
u_cfg.g_live.g_bank\[3\].u_prompt	ot_sram_1r1w_512x128_m4_r2c2	rd_out[118]	u_cfg.g_live.bank_q\[1398\]	0.578766	{_13292_ A 0.578766}
u_cfg.g_live.g_bank\[3\].u_prompt	ot_sram_1r1w_512x128_m4_r2c2	rd_out[119]	u_cfg.g_live.bank_q\[1399\]	0.578766	{_13344_ A 0.578766}
u_cfg.g_live.g_bank\[3\].u_prompt	ot_sram_1r1w_512x128_m4_r2c2	rd_out[120]	u_cfg.g_live.bank_q\[1400\]	0.528014	{_13092_ A2 0.528014}
u_cfg.g_live.g_bank\[3\].u_prompt	ot_sram_1r1w_512x128_m4_r2c2	rd_out[121]	u_cfg.g_live.bank_q\[1401\]	0.578766	{_14360_ A 0.578766}
u_cfg.g_live.g_bank\[3\].u_prompt	ot_sram_1r1w_512x128_m4_r2c2	rd_out[122]	u_cfg.g_live.bank_q\[1402\]	0.924352	{_14817_ B 0.924352}
u_cfg.g_live.g_bank\[3\].u_prompt	ot_sram_1r1w_512x128_m4_r2c2	rd_out[123]	u_cfg.g_live.bank_q\[1403\]	0.924352	{_15047_ B 0.924352}
u_cfg.g_live.g_bank\[3\].u_prompt	ot_sram_1r1w_512x128_m4_r2c2	rd_out[124]	u_cfg.g_live.bank_q\[1404\]	0.924352	{_14094_ B 0.924352}
u_cfg.g_live.g_bank\[3\].u_prompt	ot_sram_1r1w_512x128_m4_r2c2	rd_out[125]	u_cfg.g_live.bank_q\[1405\]	0.924352	{_12916_ B 0.924352}
u_cfg.g_live.g_bank\[3\].u_prompt	ot_sram_1r1w_512x128_m4_r2c2	rd_out[126]	u_cfg.g_live.bank_q\[1406\]	0.578766	{_15506_ A 0.578766}
u_cfg.g_live.g_bank\[3\].u_prompt	ot_sram_1r1w_512x128_m4_r2c2	rd_out[127]	u_cfg.g_live.bank_q\[1407\]	0.924352	{_14753_ B 0.924352}
u_cfg.g_live.g_bank\[3\].u_prompt	ot_sram_1r1w_512x128_m4_r2c2	w_ce_in	_02028_	0.578800	
u_cfg.g_live.g_bank\[3\].u_prompt	ot_sram_1r1w_512x128_m4_r2c2	w_addr_in[0]	_01885_	0.578800	
u_cfg.g_live.g_bank\[3\].u_prompt	ot_sram_1r1w_512x128_m4_r2c2	w_addr_in[1]	_01886_	0.578800	
u_cfg.g_live.g_bank\[3\].u_prompt	ot_sram_1r1w_512x128_m4_r2c2	w_addr_in[2]	_01887_	0.578800	
u_cfg.g_live.g_bank\[3\].u_prompt	ot_sram_1r1w_512x128_m4_r2c2	w_addr_in[3]	_01888_	0.578800	
u_cfg.g_live.g_bank\[3\].u_prompt	ot_sram_1r1w_512x128_m4_r2c2	w_addr_in[4]	_01889_	0.578800	
u_cfg.g_live.g_bank\[3\].u_prompt	ot_sram_1r1w_512x128_m4_r2c2	w_addr_in[5]	_01890_	0.578800	
u_cfg.g_live.g_bank\[3\].u_prompt	ot_sram_1r1w_512x128_m4_r2c2	w_addr_in[6]	_01891_	0.578800	
u_cfg.g_live.g_bank\[3\].u_prompt	ot_sram_1r1w_512x128_m4_r2c2	w_addr_in[7]	_01892_	0.578800	
u_cfg.g_live.g_bank\[3\].u_prompt	ot_sram_1r1w_512x128_m4_r2c2	w_addr_in[8]	_01893_	0.578800	
u_cfg.g_live.g_bank\[3\].u_prompt	ot_sram_1r1w_512x128_m4_r2c2	wd_in[0]	_01894_	0.578800	
u_cfg.g_live.g_bank\[3\].u_prompt	ot_sram_1r1w_512x128_m4_r2c2	wd_in[1]	_01933_	0.578800	
u_cfg.g_live.g_bank\[3\].u_prompt	ot_sram_1r1w_512x128_m4_r2c2	wd_in[2]	_01943_	0.578800	
u_cfg.g_live.g_bank\[3\].u_prompt	ot_sram_1r1w_512x128_m4_r2c2	wd_in[3]	_01954_	0.578800	
u_cfg.g_live.g_bank\[3\].u_prompt	ot_sram_1r1w_512x128_m4_r2c2	wd_in[4]	_01965_	0.578800	
u_cfg.g_live.g_bank\[3\].u_prompt	ot_sram_1r1w_512x128_m4_r2c2	wd_in[5]	_01976_	0.578800	
u_cfg.g_live.g_bank\[3\].u_prompt	ot_sram_1r1w_512x128_m4_r2c2	wd_in[6]	_01987_	0.578800	
u_cfg.g_live.g_bank\[3\].u_prompt	ot_sram_1r1w_512x128_m4_r2c2	wd_in[7]	_01998_	0.578800	
u_cfg.g_live.g_bank\[3\].u_prompt	ot_sram_1r1w_512x128_m4_r2c2	wd_in[8]	_02009_	0.578800	
u_cfg.g_live.g_bank\[3\].u_prompt	ot_sram_1r1w_512x128_m4_r2c2	wd_in[9]	_02020_	0.578800	
u_cfg.g_live.g_bank\[3\].u_prompt	ot_sram_1r1w_512x128_m4_r2c2	wd_in[10]	_01905_	0.578800	
u_cfg.g_live.g_bank\[3\].u_prompt	ot_sram_1r1w_512x128_m4_r2c2	wd_in[11]	_01916_	0.578800	
u_cfg.g_live.g_bank\[3\].u_prompt	ot_sram_1r1w_512x128_m4_r2c2	wd_in[12]	_01925_	0.578800	
u_cfg.g_live.g_bank\[3\].u_prompt	ot_sram_1r1w_512x128_m4_r2c2	wd_in[13]	_01926_	0.578800	
u_cfg.g_live.g_bank\[3\].u_prompt	ot_sram_1r1w_512x128_m4_r2c2	wd_in[14]	_01927_	0.578800	
u_cfg.g_live.g_bank\[3\].u_prompt	ot_sram_1r1w_512x128_m4_r2c2	wd_in[15]	_01928_	0.578800	
u_cfg.g_live.g_bank\[3\].u_prompt	ot_sram_1r1w_512x128_m4_r2c2	wd_in[16]	_01929_	0.578800	
u_cfg.g_live.g_bank\[3\].u_prompt	ot_sram_1r1w_512x128_m4_r2c2	wd_in[17]	_01930_	0.578800	
u_cfg.g_live.g_bank\[3\].u_prompt	ot_sram_1r1w_512x128_m4_r2c2	wd_in[18]	_01931_	0.578800	
u_cfg.g_live.g_bank\[3\].u_prompt	ot_sram_1r1w_512x128_m4_r2c2	wd_in[19]	_01932_	0.578800	
u_cfg.g_live.g_bank\[3\].u_prompt	ot_sram_1r1w_512x128_m4_r2c2	wd_in[20]	_01934_	0.578800	
u_cfg.g_live.g_bank\[3\].u_prompt	ot_sram_1r1w_512x128_m4_r2c2	wd_in[21]	_01935_	0.578800	
u_cfg.g_live.g_bank\[3\].u_prompt	ot_sram_1r1w_512x128_m4_r2c2	wd_in[22]	_01936_	0.578800	
u_cfg.g_live.g_bank\[3\].u_prompt	ot_sram_1r1w_512x128_m4_r2c2	wd_in[23]	_01937_	0.578800	
u_cfg.g_live.g_bank\[3\].u_prompt	ot_sram_1r1w_512x128_m4_r2c2	wd_in[24]	_01938_	0.578800	
u_cfg.g_live.g_bank\[3\].u_prompt	ot_sram_1r1w_512x128_m4_r2c2	wd_in[25]	_01939_	0.578800	
u_cfg.g_live.g_bank\[3\].u_prompt	ot_sram_1r1w_512x128_m4_r2c2	wd_in[26]	_10622_	0.578800	
u_cfg.g_live.g_bank\[3\].u_prompt	ot_sram_1r1w_512x128_m4_r2c2	wd_in[27]	_01940_	0.578800	
u_cfg.g_live.g_bank\[3\].u_prompt	ot_sram_1r1w_512x128_m4_r2c2	wd_in[28]	_01941_	0.578800	
u_cfg.g_live.g_bank\[3\].u_prompt	ot_sram_1r1w_512x128_m4_r2c2	wd_in[29]	_01942_	0.578800	
u_cfg.g_live.g_bank\[3\].u_prompt	ot_sram_1r1w_512x128_m4_r2c2	wd_in[30]	_01944_	0.578800	
u_cfg.g_live.g_bank\[3\].u_prompt	ot_sram_1r1w_512x128_m4_r2c2	wd_in[31]	_01945_	0.578800	
u_cfg.g_live.g_bank\[3\].u_prompt	ot_sram_1r1w_512x128_m4_r2c2	wd_in[32]	_01946_	0.578800	
u_cfg.g_live.g_bank\[3\].u_prompt	ot_sram_1r1w_512x128_m4_r2c2	wd_in[33]	_01947_	0.578800	
u_cfg.g_live.g_bank\[3\].u_prompt	ot_sram_1r1w_512x128_m4_r2c2	wd_in[34]	_01948_	0.578800	
u_cfg.g_live.g_bank\[3\].u_prompt	ot_sram_1r1w_512x128_m4_r2c2	wd_in[35]	_01949_	0.578800	
u_cfg.g_live.g_bank\[3\].u_prompt	ot_sram_1r1w_512x128_m4_r2c2	wd_in[36]	_01950_	0.578800	
u_cfg.g_live.g_bank\[3\].u_prompt	ot_sram_1r1w_512x128_m4_r2c2	wd_in[37]	_01951_	0.578800	
u_cfg.g_live.g_bank\[3\].u_prompt	ot_sram_1r1w_512x128_m4_r2c2	wd_in[38]	_01952_	0.578800	
u_cfg.g_live.g_bank\[3\].u_prompt	ot_sram_1r1w_512x128_m4_r2c2	wd_in[39]	_01953_	0.578800	
u_cfg.g_live.g_bank\[3\].u_prompt	ot_sram_1r1w_512x128_m4_r2c2	wd_in[40]	_01955_	0.578800	
u_cfg.g_live.g_bank\[3\].u_prompt	ot_sram_1r1w_512x128_m4_r2c2	wd_in[41]	_01956_	0.578800	
u_cfg.g_live.g_bank\[3\].u_prompt	ot_sram_1r1w_512x128_m4_r2c2	wd_in[42]	_01957_	0.578800	
u_cfg.g_live.g_bank\[3\].u_prompt	ot_sram_1r1w_512x128_m4_r2c2	wd_in[43]	_01958_	0.578800	
u_cfg.g_live.g_bank\[3\].u_prompt	ot_sram_1r1w_512x128_m4_r2c2	wd_in[44]	_01959_	0.578800	
u_cfg.g_live.g_bank\[3\].u_prompt	ot_sram_1r1w_512x128_m4_r2c2	wd_in[45]	_01960_	0.578800	
u_cfg.g_live.g_bank\[3\].u_prompt	ot_sram_1r1w_512x128_m4_r2c2	wd_in[46]	_01961_	0.578800	
u_cfg.g_live.g_bank\[3\].u_prompt	ot_sram_1r1w_512x128_m4_r2c2	wd_in[47]	_01962_	0.578800	
u_cfg.g_live.g_bank\[3\].u_prompt	ot_sram_1r1w_512x128_m4_r2c2	wd_in[48]	_01963_	0.578800	
u_cfg.g_live.g_bank\[3\].u_prompt	ot_sram_1r1w_512x128_m4_r2c2	wd_in[49]	_01964_	0.578800	
u_cfg.g_live.g_bank\[3\].u_prompt	ot_sram_1r1w_512x128_m4_r2c2	wd_in[50]	_01966_	0.578800	
u_cfg.g_live.g_bank\[3\].u_prompt	ot_sram_1r1w_512x128_m4_r2c2	wd_in[51]	_01967_	0.578800	
u_cfg.g_live.g_bank\[3\].u_prompt	ot_sram_1r1w_512x128_m4_r2c2	wd_in[52]	_01968_	0.578800	
u_cfg.g_live.g_bank\[3\].u_prompt	ot_sram_1r1w_512x128_m4_r2c2	wd_in[53]	_01969_	0.578800	
u_cfg.g_live.g_bank\[3\].u_prompt	ot_sram_1r1w_512x128_m4_r2c2	wd_in[54]	_01970_	0.578800	
u_cfg.g_live.g_bank\[3\].u_prompt	ot_sram_1r1w_512x128_m4_r2c2	wd_in[55]	_01971_	0.578800	
u_cfg.g_live.g_bank\[3\].u_prompt	ot_sram_1r1w_512x128_m4_r2c2	wd_in[56]	_01972_	0.578800	
u_cfg.g_live.g_bank\[3\].u_prompt	ot_sram_1r1w_512x128_m4_r2c2	wd_in[57]	_01973_	0.578800	
u_cfg.g_live.g_bank\[3\].u_prompt	ot_sram_1r1w_512x128_m4_r2c2	wd_in[58]	_01974_	0.578800	
u_cfg.g_live.g_bank\[3\].u_prompt	ot_sram_1r1w_512x128_m4_r2c2	wd_in[59]	_01975_	0.578800	
u_cfg.g_live.g_bank\[3\].u_prompt	ot_sram_1r1w_512x128_m4_r2c2	wd_in[60]	_01977_	0.578800	
u_cfg.g_live.g_bank\[3\].u_prompt	ot_sram_1r1w_512x128_m4_r2c2	wd_in[61]	_01978_	0.578800	
u_cfg.g_live.g_bank\[3\].u_prompt	ot_sram_1r1w_512x128_m4_r2c2	wd_in[62]	_01979_	0.578800	
u_cfg.g_live.g_bank\[3\].u_prompt	ot_sram_1r1w_512x128_m4_r2c2	wd_in[63]	_01980_	0.578800	
u_cfg.g_live.g_bank\[3\].u_prompt	ot_sram_1r1w_512x128_m4_r2c2	wd_in[64]	_01981_	0.578800	
u_cfg.g_live.g_bank\[3\].u_prompt	ot_sram_1r1w_512x128_m4_r2c2	wd_in[65]	_01982_	0.578800	
u_cfg.g_live.g_bank\[3\].u_prompt	ot_sram_1r1w_512x128_m4_r2c2	wd_in[66]	_01983_	0.578800	
u_cfg.g_live.g_bank\[3\].u_prompt	ot_sram_1r1w_512x128_m4_r2c2	wd_in[67]	_01984_	0.578800	
u_cfg.g_live.g_bank\[3\].u_prompt	ot_sram_1r1w_512x128_m4_r2c2	wd_in[68]	_01985_	0.578800	
u_cfg.g_live.g_bank\[3\].u_prompt	ot_sram_1r1w_512x128_m4_r2c2	wd_in[69]	_01986_	0.578800	
u_cfg.g_live.g_bank\[3\].u_prompt	ot_sram_1r1w_512x128_m4_r2c2	wd_in[70]	_01988_	0.578800	
u_cfg.g_live.g_bank\[3\].u_prompt	ot_sram_1r1w_512x128_m4_r2c2	wd_in[71]	_01989_	0.578800	
u_cfg.g_live.g_bank\[3\].u_prompt	ot_sram_1r1w_512x128_m4_r2c2	wd_in[72]	_01990_	0.578800	
u_cfg.g_live.g_bank\[3\].u_prompt	ot_sram_1r1w_512x128_m4_r2c2	wd_in[73]	_01991_	0.578800	
u_cfg.g_live.g_bank\[3\].u_prompt	ot_sram_1r1w_512x128_m4_r2c2	wd_in[74]	_01992_	0.578800	
u_cfg.g_live.g_bank\[3\].u_prompt	ot_sram_1r1w_512x128_m4_r2c2	wd_in[75]	_01993_	0.578800	
u_cfg.g_live.g_bank\[3\].u_prompt	ot_sram_1r1w_512x128_m4_r2c2	wd_in[76]	_01994_	0.578800	
u_cfg.g_live.g_bank\[3\].u_prompt	ot_sram_1r1w_512x128_m4_r2c2	wd_in[77]	_01995_	0.578800	
u_cfg.g_live.g_bank\[3\].u_prompt	ot_sram_1r1w_512x128_m4_r2c2	wd_in[78]	_01996_	0.578800	
u_cfg.g_live.g_bank\[3\].u_prompt	ot_sram_1r1w_512x128_m4_r2c2	wd_in[79]	_01997_	0.578800	
u_cfg.g_live.g_bank\[3\].u_prompt	ot_sram_1r1w_512x128_m4_r2c2	wd_in[80]	_01999_	0.578800	
u_cfg.g_live.g_bank\[3\].u_prompt	ot_sram_1r1w_512x128_m4_r2c2	wd_in[81]	_02000_	0.578800	
u_cfg.g_live.g_bank\[3\].u_prompt	ot_sram_1r1w_512x128_m4_r2c2	wd_in[82]	_02001_	0.578800	
u_cfg.g_live.g_bank\[3\].u_prompt	ot_sram_1r1w_512x128_m4_r2c2	wd_in[83]	_02002_	0.578800	
u_cfg.g_live.g_bank\[3\].u_prompt	ot_sram_1r1w_512x128_m4_r2c2	wd_in[84]	_02003_	0.578800	
u_cfg.g_live.g_bank\[3\].u_prompt	ot_sram_1r1w_512x128_m4_r2c2	wd_in[85]	_02004_	0.578800	
u_cfg.g_live.g_bank\[3\].u_prompt	ot_sram_1r1w_512x128_m4_r2c2	wd_in[86]	_02005_	0.578800	
u_cfg.g_live.g_bank\[3\].u_prompt	ot_sram_1r1w_512x128_m4_r2c2	wd_in[87]	_02006_	0.578800	
u_cfg.g_live.g_bank\[3\].u_prompt	ot_sram_1r1w_512x128_m4_r2c2	wd_in[88]	_02007_	0.578800	
u_cfg.g_live.g_bank\[3\].u_prompt	ot_sram_1r1w_512x128_m4_r2c2	wd_in[89]	_02008_	0.578800	
u_cfg.g_live.g_bank\[3\].u_prompt	ot_sram_1r1w_512x128_m4_r2c2	wd_in[90]	_02010_	0.578800	
u_cfg.g_live.g_bank\[3\].u_prompt	ot_sram_1r1w_512x128_m4_r2c2	wd_in[91]	_02011_	0.578800	
u_cfg.g_live.g_bank\[3\].u_prompt	ot_sram_1r1w_512x128_m4_r2c2	wd_in[92]	_02012_	0.578800	
u_cfg.g_live.g_bank\[3\].u_prompt	ot_sram_1r1w_512x128_m4_r2c2	wd_in[93]	_02013_	0.578800	
u_cfg.g_live.g_bank\[3\].u_prompt	ot_sram_1r1w_512x128_m4_r2c2	wd_in[94]	_02014_	0.578800	
u_cfg.g_live.g_bank\[3\].u_prompt	ot_sram_1r1w_512x128_m4_r2c2	wd_in[95]	_02015_	0.578800	
u_cfg.g_live.g_bank\[3\].u_prompt	ot_sram_1r1w_512x128_m4_r2c2	wd_in[96]	_02016_	0.578800	
u_cfg.g_live.g_bank\[3\].u_prompt	ot_sram_1r1w_512x128_m4_r2c2	wd_in[97]	_02017_	0.578800	
u_cfg.g_live.g_bank\[3\].u_prompt	ot_sram_1r1w_512x128_m4_r2c2	wd_in[98]	_02018_	0.578800	
u_cfg.g_live.g_bank\[3\].u_prompt	ot_sram_1r1w_512x128_m4_r2c2	wd_in[99]	_02019_	0.578800	
u_cfg.g_live.g_bank\[3\].u_prompt	ot_sram_1r1w_512x128_m4_r2c2	wd_in[100]	_01895_	0.578800	
u_cfg.g_live.g_bank\[3\].u_prompt	ot_sram_1r1w_512x128_m4_r2c2	wd_in[101]	_01896_	0.578800	
u_cfg.g_live.g_bank\[3\].u_prompt	ot_sram_1r1w_512x128_m4_r2c2	wd_in[102]	_01897_	0.578800	
u_cfg.g_live.g_bank\[3\].u_prompt	ot_sram_1r1w_512x128_m4_r2c2	wd_in[103]	_01898_	0.578800	
u_cfg.g_live.g_bank\[3\].u_prompt	ot_sram_1r1w_512x128_m4_r2c2	wd_in[104]	_01899_	0.578800	
u_cfg.g_live.g_bank\[3\].u_prompt	ot_sram_1r1w_512x128_m4_r2c2	wd_in[105]	_01900_	0.578800	
u_cfg.g_live.g_bank\[3\].u_prompt	ot_sram_1r1w_512x128_m4_r2c2	wd_in[106]	_01901_	0.578800	
u_cfg.g_live.g_bank\[3\].u_prompt	ot_sram_1r1w_512x128_m4_r2c2	wd_in[107]	_01902_	0.578800	
u_cfg.g_live.g_bank\[3\].u_prompt	ot_sram_1r1w_512x128_m4_r2c2	wd_in[108]	_01903_	0.578800	
u_cfg.g_live.g_bank\[3\].u_prompt	ot_sram_1r1w_512x128_m4_r2c2	wd_in[109]	_01904_	0.578800	
u_cfg.g_live.g_bank\[3\].u_prompt	ot_sram_1r1w_512x128_m4_r2c2	wd_in[110]	_01906_	0.578800	
u_cfg.g_live.g_bank\[3\].u_prompt	ot_sram_1r1w_512x128_m4_r2c2	wd_in[111]	_01907_	0.578800	
u_cfg.g_live.g_bank\[3\].u_prompt	ot_sram_1r1w_512x128_m4_r2c2	wd_in[112]	_01908_	0.578800	
u_cfg.g_live.g_bank\[3\].u_prompt	ot_sram_1r1w_512x128_m4_r2c2	wd_in[113]	_01909_	0.578800	
u_cfg.g_live.g_bank\[3\].u_prompt	ot_sram_1r1w_512x128_m4_r2c2	wd_in[114]	_01910_	0.578800	
u_cfg.g_live.g_bank\[3\].u_prompt	ot_sram_1r1w_512x128_m4_r2c2	wd_in[115]	_01911_	0.578800	
u_cfg.g_live.g_bank\[3\].u_prompt	ot_sram_1r1w_512x128_m4_r2c2	wd_in[116]	_01912_	0.578800	
u_cfg.g_live.g_bank\[3\].u_prompt	ot_sram_1r1w_512x128_m4_r2c2	wd_in[117]	_01913_	0.578800	
u_cfg.g_live.g_bank\[3\].u_prompt	ot_sram_1r1w_512x128_m4_r2c2	wd_in[118]	_01914_	0.578800	
u_cfg.g_live.g_bank\[3\].u_prompt	ot_sram_1r1w_512x128_m4_r2c2	wd_in[119]	_01915_	0.578800	
u_cfg.g_live.g_bank\[3\].u_prompt	ot_sram_1r1w_512x128_m4_r2c2	wd_in[120]	_01917_	0.578800	
u_cfg.g_live.g_bank\[3\].u_prompt	ot_sram_1r1w_512x128_m4_r2c2	wd_in[121]	_01918_	0.578800	
u_cfg.g_live.g_bank\[3\].u_prompt	ot_sram_1r1w_512x128_m4_r2c2	wd_in[122]	_01919_	0.578800	
u_cfg.g_live.g_bank\[3\].u_prompt	ot_sram_1r1w_512x128_m4_r2c2	wd_in[123]	_01920_	0.578800	
u_cfg.g_live.g_bank\[3\].u_prompt	ot_sram_1r1w_512x128_m4_r2c2	wd_in[124]	_01921_	0.578800	
u_cfg.g_live.g_bank\[3\].u_prompt	ot_sram_1r1w_512x128_m4_r2c2	wd_in[125]	_01922_	0.578800	
u_cfg.g_live.g_bank\[3\].u_prompt	ot_sram_1r1w_512x128_m4_r2c2	wd_in[126]	_01923_	0.578800	
u_cfg.g_live.g_bank\[3\].u_prompt	ot_sram_1r1w_512x128_m4_r2c2	wd_in[127]	_01924_	0.578800	
u_cfg.g_live.g_bank\[3\].u_prompt	ot_sram_1r1w_512x128_m4_r2c2	w_mask_in[0]	_02021_	0.578800	
u_cfg.g_live.g_bank\[3\].u_prompt	ot_sram_1r1w_512x128_m4_r2c2	w_mask_in[1]	_02021_	0.578800	
u_cfg.g_live.g_bank\[3\].u_prompt	ot_sram_1r1w_512x128_m4_r2c2	w_mask_in[2]	_02021_	0.578800	
u_cfg.g_live.g_bank\[3\].u_prompt	ot_sram_1r1w_512x128_m4_r2c2	w_mask_in[3]	_02021_	0.578800	
u_cfg.g_live.g_bank\[3\].u_prompt	ot_sram_1r1w_512x128_m4_r2c2	w_mask_in[4]	_02021_	0.578800	
u_cfg.g_live.g_bank\[3\].u_prompt	ot_sram_1r1w_512x128_m4_r2c2	w_mask_in[5]	_02021_	0.578800	
u_cfg.g_live.g_bank\[3\].u_prompt	ot_sram_1r1w_512x128_m4_r2c2	w_mask_in[6]	_02021_	0.578800	
u_cfg.g_live.g_bank\[3\].u_prompt	ot_sram_1r1w_512x128_m4_r2c2	w_mask_in[7]	_02021_	0.578800	
u_cfg.g_live.g_bank\[3\].u_prompt	ot_sram_1r1w_512x128_m4_r2c2	w_mask_in[8]	_02021_	0.578800	
u_cfg.g_live.g_bank\[3\].u_prompt	ot_sram_1r1w_512x128_m4_r2c2	w_mask_in[9]	_02021_	0.578800	
u_cfg.g_live.g_bank\[3\].u_prompt	ot_sram_1r1w_512x128_m4_r2c2	w_mask_in[10]	_02021_	0.578800	
u_cfg.g_live.g_bank\[3\].u_prompt	ot_sram_1r1w_512x128_m4_r2c2	w_mask_in[11]	_02021_	0.578800	
u_cfg.g_live.g_bank\[3\].u_prompt	ot_sram_1r1w_512x128_m4_r2c2	w_mask_in[12]	_02021_	0.578800	
u_cfg.g_live.g_bank\[3\].u_prompt	ot_sram_1r1w_512x128_m4_r2c2	w_mask_in[13]	_02021_	0.578800	
u_cfg.g_live.g_bank\[3\].u_prompt	ot_sram_1r1w_512x128_m4_r2c2	w_mask_in[14]	_02021_	0.578800	
u_cfg.g_live.g_bank\[3\].u_prompt	ot_sram_1r1w_512x128_m4_r2c2	w_mask_in[15]	_02021_	0.578800	
u_cfg.g_live.g_bank\[3\].u_prompt	ot_sram_1r1w_512x128_m4_r2c2	w_mask_in[16]	_02021_	0.578800	
u_cfg.g_live.g_bank\[3\].u_prompt	ot_sram_1r1w_512x128_m4_r2c2	w_mask_in[17]	_02021_	0.578800	
u_cfg.g_live.g_bank\[3\].u_prompt	ot_sram_1r1w_512x128_m4_r2c2	w_mask_in[18]	_02021_	0.578800	
u_cfg.g_live.g_bank\[3\].u_prompt	ot_sram_1r1w_512x128_m4_r2c2	w_mask_in[19]	_02021_	0.578800	
u_cfg.g_live.g_bank\[3\].u_prompt	ot_sram_1r1w_512x128_m4_r2c2	w_mask_in[20]	_02021_	0.578800	
u_cfg.g_live.g_bank\[3\].u_prompt	ot_sram_1r1w_512x128_m4_r2c2	w_mask_in[21]	_02021_	0.578800	
u_cfg.g_live.g_bank\[3\].u_prompt	ot_sram_1r1w_512x128_m4_r2c2	w_mask_in[22]	_02021_	0.578800	
u_cfg.g_live.g_bank\[3\].u_prompt	ot_sram_1r1w_512x128_m4_r2c2	w_mask_in[23]	_02021_	0.578800	
u_cfg.g_live.g_bank\[3\].u_prompt	ot_sram_1r1w_512x128_m4_r2c2	w_mask_in[24]	_02021_	0.578800	
u_cfg.g_live.g_bank\[3\].u_prompt	ot_sram_1r1w_512x128_m4_r2c2	w_mask_in[25]	_02021_	0.578800	
u_cfg.g_live.g_bank\[3\].u_prompt	ot_sram_1r1w_512x128_m4_r2c2	w_mask_in[26]	_02021_	0.578800	
u_cfg.g_live.g_bank\[3\].u_prompt	ot_sram_1r1w_512x128_m4_r2c2	w_mask_in[27]	_02021_	0.578800	
u_cfg.g_live.g_bank\[3\].u_prompt	ot_sram_1r1w_512x128_m4_r2c2	w_mask_in[28]	_02021_	0.578800	
u_cfg.g_live.g_bank\[3\].u_prompt	ot_sram_1r1w_512x128_m4_r2c2	w_mask_in[29]	_02021_	0.578800	
u_cfg.g_live.g_bank\[3\].u_prompt	ot_sram_1r1w_512x128_m4_r2c2	w_mask_in[30]	_02021_	0.578800	
u_cfg.g_live.g_bank\[3\].u_prompt	ot_sram_1r1w_512x128_m4_r2c2	w_mask_in[31]	_02021_	0.578800	
u_cfg.g_live.g_bank\[3\].u_prompt	ot_sram_1r1w_512x128_m4_r2c2	w_mask_in[32]	_02021_	0.578800	
u_cfg.g_live.g_bank\[3\].u_prompt	ot_sram_1r1w_512x128_m4_r2c2	w_mask_in[33]	_02021_	0.578800	
u_cfg.g_live.g_bank\[3\].u_prompt	ot_sram_1r1w_512x128_m4_r2c2	w_mask_in[34]	_02021_	0.578800	
u_cfg.g_live.g_bank\[3\].u_prompt	ot_sram_1r1w_512x128_m4_r2c2	w_mask_in[35]	_02021_	0.578800	
u_cfg.g_live.g_bank\[3\].u_prompt	ot_sram_1r1w_512x128_m4_r2c2	w_mask_in[36]	_02021_	0.578800	
u_cfg.g_live.g_bank\[3\].u_prompt	ot_sram_1r1w_512x128_m4_r2c2	w_mask_in[37]	_02021_	0.578800	
u_cfg.g_live.g_bank\[3\].u_prompt	ot_sram_1r1w_512x128_m4_r2c2	w_mask_in[38]	_02021_	0.578800	
u_cfg.g_live.g_bank\[3\].u_prompt	ot_sram_1r1w_512x128_m4_r2c2	w_mask_in[39]	_02021_	0.578800	
u_cfg.g_live.g_bank\[3\].u_prompt	ot_sram_1r1w_512x128_m4_r2c2	w_mask_in[40]	_02021_	0.578800	
u_cfg.g_live.g_bank\[3\].u_prompt	ot_sram_1r1w_512x128_m4_r2c2	w_mask_in[41]	_02021_	0.578800	
u_cfg.g_live.g_bank\[3\].u_prompt	ot_sram_1r1w_512x128_m4_r2c2	w_mask_in[42]	_02021_	0.578800	
u_cfg.g_live.g_bank\[3\].u_prompt	ot_sram_1r1w_512x128_m4_r2c2	w_mask_in[43]	_02021_	0.578800	
u_cfg.g_live.g_bank\[3\].u_prompt	ot_sram_1r1w_512x128_m4_r2c2	w_mask_in[44]	_02021_	0.578800	
u_cfg.g_live.g_bank\[3\].u_prompt	ot_sram_1r1w_512x128_m4_r2c2	w_mask_in[45]	_02021_	0.578800	
u_cfg.g_live.g_bank\[3\].u_prompt	ot_sram_1r1w_512x128_m4_r2c2	w_mask_in[46]	_02021_	0.578800	
u_cfg.g_live.g_bank\[3\].u_prompt	ot_sram_1r1w_512x128_m4_r2c2	w_mask_in[47]	_02021_	0.578800	
u_cfg.g_live.g_bank\[3\].u_prompt	ot_sram_1r1w_512x128_m4_r2c2	w_mask_in[48]	_02021_	0.578800	
u_cfg.g_live.g_bank\[3\].u_prompt	ot_sram_1r1w_512x128_m4_r2c2	w_mask_in[49]	_02021_	0.578800	
u_cfg.g_live.g_bank\[3\].u_prompt	ot_sram_1r1w_512x128_m4_r2c2	w_mask_in[50]	_02021_	0.578800	
u_cfg.g_live.g_bank\[3\].u_prompt	ot_sram_1r1w_512x128_m4_r2c2	w_mask_in[51]	_02021_	0.578800	
u_cfg.g_live.g_bank\[3\].u_prompt	ot_sram_1r1w_512x128_m4_r2c2	w_mask_in[52]	_02021_	0.578800	
u_cfg.g_live.g_bank\[3\].u_prompt	ot_sram_1r1w_512x128_m4_r2c2	w_mask_in[53]	_02021_	0.578800	
u_cfg.g_live.g_bank\[3\].u_prompt	ot_sram_1r1w_512x128_m4_r2c2	w_mask_in[54]	_02021_	0.578800	
u_cfg.g_live.g_bank\[3\].u_prompt	ot_sram_1r1w_512x128_m4_r2c2	w_mask_in[55]	_02021_	0.578800	
u_cfg.g_live.g_bank\[3\].u_prompt	ot_sram_1r1w_512x128_m4_r2c2	w_mask_in[56]	_02021_	0.578800	
u_cfg.g_live.g_bank\[3\].u_prompt	ot_sram_1r1w_512x128_m4_r2c2	w_mask_in[57]	_02021_	0.578800	
u_cfg.g_live.g_bank\[3\].u_prompt	ot_sram_1r1w_512x128_m4_r2c2	w_mask_in[58]	_02021_	0.578800	
u_cfg.g_live.g_bank\[3\].u_prompt	ot_sram_1r1w_512x128_m4_r2c2	w_mask_in[59]	_02021_	0.578800	
u_cfg.g_live.g_bank\[3\].u_prompt	ot_sram_1r1w_512x128_m4_r2c2	w_mask_in[60]	_02021_	0.578800	
u_cfg.g_live.g_bank\[3\].u_prompt	ot_sram_1r1w_512x128_m4_r2c2	w_mask_in[61]	_02021_	0.578800	
u_cfg.g_live.g_bank\[3\].u_prompt	ot_sram_1r1w_512x128_m4_r2c2	w_mask_in[62]	_02021_	0.578800	
u_cfg.g_live.g_bank\[3\].u_prompt	ot_sram_1r1w_512x128_m4_r2c2	w_mask_in[63]	_02021_	0.578800	
u_cfg.g_live.g_bank\[3\].u_prompt	ot_sram_1r1w_512x128_m4_r2c2	w_mask_in[64]	_02022_	0.578800	
u_cfg.g_live.g_bank\[3\].u_prompt	ot_sram_1r1w_512x128_m4_r2c2	w_mask_in[65]	_02022_	0.578800	
u_cfg.g_live.g_bank\[3\].u_prompt	ot_sram_1r1w_512x128_m4_r2c2	w_mask_in[66]	_02022_	0.578800	
u_cfg.g_live.g_bank\[3\].u_prompt	ot_sram_1r1w_512x128_m4_r2c2	w_mask_in[67]	_02022_	0.578800	
u_cfg.g_live.g_bank\[3\].u_prompt	ot_sram_1r1w_512x128_m4_r2c2	w_mask_in[68]	_02022_	0.578800	
u_cfg.g_live.g_bank\[3\].u_prompt	ot_sram_1r1w_512x128_m4_r2c2	w_mask_in[69]	_02022_	0.578800	
u_cfg.g_live.g_bank\[3\].u_prompt	ot_sram_1r1w_512x128_m4_r2c2	w_mask_in[70]	_02022_	0.578800	
u_cfg.g_live.g_bank\[3\].u_prompt	ot_sram_1r1w_512x128_m4_r2c2	w_mask_in[71]	_02022_	0.578800	
u_cfg.g_live.g_bank\[3\].u_prompt	ot_sram_1r1w_512x128_m4_r2c2	w_mask_in[72]	_02022_	0.578800	
u_cfg.g_live.g_bank\[3\].u_prompt	ot_sram_1r1w_512x128_m4_r2c2	w_mask_in[73]	_02022_	0.578800	
u_cfg.g_live.g_bank\[3\].u_prompt	ot_sram_1r1w_512x128_m4_r2c2	w_mask_in[74]	_02022_	0.578800	
u_cfg.g_live.g_bank\[3\].u_prompt	ot_sram_1r1w_512x128_m4_r2c2	w_mask_in[75]	_02022_	0.578800	
u_cfg.g_live.g_bank\[3\].u_prompt	ot_sram_1r1w_512x128_m4_r2c2	w_mask_in[76]	_02022_	0.578800	
u_cfg.g_live.g_bank\[3\].u_prompt	ot_sram_1r1w_512x128_m4_r2c2	w_mask_in[77]	_02022_	0.578800	
u_cfg.g_live.g_bank\[3\].u_prompt	ot_sram_1r1w_512x128_m4_r2c2	w_mask_in[78]	_02022_	0.578800	
u_cfg.g_live.g_bank\[3\].u_prompt	ot_sram_1r1w_512x128_m4_r2c2	w_mask_in[79]	_02022_	0.578800	
u_cfg.g_live.g_bank\[3\].u_prompt	ot_sram_1r1w_512x128_m4_r2c2	w_mask_in[80]	_02022_	0.578800	
u_cfg.g_live.g_bank\[3\].u_prompt	ot_sram_1r1w_512x128_m4_r2c2	w_mask_in[81]	_02022_	0.578800	
u_cfg.g_live.g_bank\[3\].u_prompt	ot_sram_1r1w_512x128_m4_r2c2	w_mask_in[82]	_02022_	0.578800	
u_cfg.g_live.g_bank\[3\].u_prompt	ot_sram_1r1w_512x128_m4_r2c2	w_mask_in[83]	_02022_	0.578800	
u_cfg.g_live.g_bank\[3\].u_prompt	ot_sram_1r1w_512x128_m4_r2c2	w_mask_in[84]	_02022_	0.578800	
u_cfg.g_live.g_bank\[3\].u_prompt	ot_sram_1r1w_512x128_m4_r2c2	w_mask_in[85]	_02022_	0.578800	
u_cfg.g_live.g_bank\[3\].u_prompt	ot_sram_1r1w_512x128_m4_r2c2	w_mask_in[86]	_02022_	0.578800	
u_cfg.g_live.g_bank\[3\].u_prompt	ot_sram_1r1w_512x128_m4_r2c2	w_mask_in[87]	_02022_	0.578800	
u_cfg.g_live.g_bank\[3\].u_prompt	ot_sram_1r1w_512x128_m4_r2c2	w_mask_in[88]	_02022_	0.578800	
u_cfg.g_live.g_bank\[3\].u_prompt	ot_sram_1r1w_512x128_m4_r2c2	w_mask_in[89]	_02022_	0.578800	
u_cfg.g_live.g_bank\[3\].u_prompt	ot_sram_1r1w_512x128_m4_r2c2	w_mask_in[90]	_02022_	0.578800	
u_cfg.g_live.g_bank\[3\].u_prompt	ot_sram_1r1w_512x128_m4_r2c2	w_mask_in[91]	_02022_	0.578800	
u_cfg.g_live.g_bank\[3\].u_prompt	ot_sram_1r1w_512x128_m4_r2c2	w_mask_in[92]	_02022_	0.578800	
u_cfg.g_live.g_bank\[3\].u_prompt	ot_sram_1r1w_512x128_m4_r2c2	w_mask_in[93]	_02022_	0.578800	
u_cfg.g_live.g_bank\[3\].u_prompt	ot_sram_1r1w_512x128_m4_r2c2	w_mask_in[94]	_02022_	0.578800	
u_cfg.g_live.g_bank\[3\].u_prompt	ot_sram_1r1w_512x128_m4_r2c2	w_mask_in[95]	_02022_	0.578800	
u_cfg.g_live.g_bank\[3\].u_prompt	ot_sram_1r1w_512x128_m4_r2c2	w_mask_in[96]	_02022_	0.578800	
u_cfg.g_live.g_bank\[3\].u_prompt	ot_sram_1r1w_512x128_m4_r2c2	w_mask_in[97]	_02022_	0.578800	
u_cfg.g_live.g_bank\[3\].u_prompt	ot_sram_1r1w_512x128_m4_r2c2	w_mask_in[98]	_02022_	0.578800	
u_cfg.g_live.g_bank\[3\].u_prompt	ot_sram_1r1w_512x128_m4_r2c2	w_mask_in[99]	_02022_	0.578800	
u_cfg.g_live.g_bank\[3\].u_prompt	ot_sram_1r1w_512x128_m4_r2c2	w_mask_in[100]	_02022_	0.578800	
u_cfg.g_live.g_bank\[3\].u_prompt	ot_sram_1r1w_512x128_m4_r2c2	w_mask_in[101]	_02022_	0.578800	
u_cfg.g_live.g_bank\[3\].u_prompt	ot_sram_1r1w_512x128_m4_r2c2	w_mask_in[102]	_02022_	0.578800	
u_cfg.g_live.g_bank\[3\].u_prompt	ot_sram_1r1w_512x128_m4_r2c2	w_mask_in[103]	_02022_	0.578800	
u_cfg.g_live.g_bank\[3\].u_prompt	ot_sram_1r1w_512x128_m4_r2c2	w_mask_in[104]	_02022_	0.578800	
u_cfg.g_live.g_bank\[3\].u_prompt	ot_sram_1r1w_512x128_m4_r2c2	w_mask_in[105]	_02022_	0.578800	
u_cfg.g_live.g_bank\[3\].u_prompt	ot_sram_1r1w_512x128_m4_r2c2	w_mask_in[106]	_02022_	0.578800	
u_cfg.g_live.g_bank\[3\].u_prompt	ot_sram_1r1w_512x128_m4_r2c2	w_mask_in[107]	_02022_	0.578800	
u_cfg.g_live.g_bank\[3\].u_prompt	ot_sram_1r1w_512x128_m4_r2c2	w_mask_in[108]	_02022_	0.578800	
u_cfg.g_live.g_bank\[3\].u_prompt	ot_sram_1r1w_512x128_m4_r2c2	w_mask_in[109]	_02022_	0.578800	
u_cfg.g_live.g_bank\[3\].u_prompt	ot_sram_1r1w_512x128_m4_r2c2	w_mask_in[110]	_02022_	0.578800	
u_cfg.g_live.g_bank\[3\].u_prompt	ot_sram_1r1w_512x128_m4_r2c2	w_mask_in[111]	_02022_	0.578800	
u_cfg.g_live.g_bank\[3\].u_prompt	ot_sram_1r1w_512x128_m4_r2c2	w_mask_in[112]	_02022_	0.578800	
u_cfg.g_live.g_bank\[3\].u_prompt	ot_sram_1r1w_512x128_m4_r2c2	w_mask_in[113]	_02022_	0.578800	
u_cfg.g_live.g_bank\[3\].u_prompt	ot_sram_1r1w_512x128_m4_r2c2	w_mask_in[114]	_02022_	0.578800	
u_cfg.g_live.g_bank\[3\].u_prompt	ot_sram_1r1w_512x128_m4_r2c2	w_mask_in[115]	_02022_	0.578800	
u_cfg.g_live.g_bank\[3\].u_prompt	ot_sram_1r1w_512x128_m4_r2c2	w_mask_in[116]	_02022_	0.578800	
u_cfg.g_live.g_bank\[3\].u_prompt	ot_sram_1r1w_512x128_m4_r2c2	w_mask_in[117]	_02022_	0.578800	
u_cfg.g_live.g_bank\[3\].u_prompt	ot_sram_1r1w_512x128_m4_r2c2	w_mask_in[118]	_02022_	0.578800	
u_cfg.g_live.g_bank\[3\].u_prompt	ot_sram_1r1w_512x128_m4_r2c2	w_mask_in[119]	_02022_	0.578800	
u_cfg.g_live.g_bank\[3\].u_prompt	ot_sram_1r1w_512x128_m4_r2c2	w_mask_in[120]	_02022_	0.578800	
u_cfg.g_live.g_bank\[3\].u_prompt	ot_sram_1r1w_512x128_m4_r2c2	w_mask_in[121]	_02022_	0.578800	
u_cfg.g_live.g_bank\[3\].u_prompt	ot_sram_1r1w_512x128_m4_r2c2	w_mask_in[122]	_02022_	0.578800	
u_cfg.g_live.g_bank\[3\].u_prompt	ot_sram_1r1w_512x128_m4_r2c2	w_mask_in[123]	_02022_	0.578800	
u_cfg.g_live.g_bank\[3\].u_prompt	ot_sram_1r1w_512x128_m4_r2c2	w_mask_in[124]	_02022_	0.578800	
u_cfg.g_live.g_bank\[3\].u_prompt	ot_sram_1r1w_512x128_m4_r2c2	w_mask_in[125]	_02022_	0.578800	
u_cfg.g_live.g_bank\[3\].u_prompt	ot_sram_1r1w_512x128_m4_r2c2	w_mask_in[126]	_02022_	0.578800	
u_cfg.g_live.g_bank\[3\].u_prompt	ot_sram_1r1w_512x128_m4_r2c2	w_mask_in[127]	_02022_	0.578800	
u_cfg.g_live.g_bank\[3\].u_prompt	ot_sram_1r1w_512x128_m4_r2c2	rr_en[0]	_10622_	0.578800	
u_cfg.g_live.g_bank\[3\].u_prompt	ot_sram_1r1w_512x128_m4_r2c2	rr_en[1]	_10622_	0.578800	
u_cfg.g_live.g_bank\[3\].u_prompt	ot_sram_1r1w_512x128_m4_r2c2	rr_addr[0]	_10622_	0.578800	
u_cfg.g_live.g_bank\[3\].u_prompt	ot_sram_1r1w_512x128_m4_r2c2	rr_addr[1]	_10622_	0.578800	
u_cfg.g_live.g_bank\[3\].u_prompt	ot_sram_1r1w_512x128_m4_r2c2	rr_addr[2]	_10622_	0.578800	
u_cfg.g_live.g_bank\[3\].u_prompt	ot_sram_1r1w_512x128_m4_r2c2	rr_addr[3]	_10622_	0.578800	
u_cfg.g_live.g_bank\[3\].u_prompt	ot_sram_1r1w_512x128_m4_r2c2	rr_addr[4]	_10622_	0.578800	
u_cfg.g_live.g_bank\[3\].u_prompt	ot_sram_1r1w_512x128_m4_r2c2	rr_addr[5]	_10622_	0.578800	
u_cfg.g_live.g_bank\[3\].u_prompt	ot_sram_1r1w_512x128_m4_r2c2	rr_addr[6]	_10622_	0.578800	
u_cfg.g_live.g_bank\[3\].u_prompt	ot_sram_1r1w_512x128_m4_r2c2	rr_addr[7]	_10622_	0.578800	
u_cfg.g_live.g_bank\[3\].u_prompt	ot_sram_1r1w_512x128_m4_r2c2	rr_addr[8]	_10622_	0.578800	
u_cfg.g_live.g_bank\[3\].u_prompt	ot_sram_1r1w_512x128_m4_r2c2	rr_addr[9]	_10622_	0.578800	
u_cfg.g_live.g_bank\[3\].u_prompt	ot_sram_1r1w_512x128_m4_r2c2	rr_addr[10]	_10622_	0.578800	
u_cfg.g_live.g_bank\[3\].u_prompt	ot_sram_1r1w_512x128_m4_r2c2	rr_addr[11]	_10622_	0.578800	
u_cfg.g_live.g_bank\[3\].u_prompt	ot_sram_1r1w_512x128_m4_r2c2	rr_addr[12]	_10622_	0.578800	
u_cfg.g_live.g_bank\[3\].u_prompt	ot_sram_1r1w_512x128_m4_r2c2	rr_addr[13]	_10622_	0.578800	
u_cfg.g_live.g_bank\[3\].u_prompt	ot_sram_1r1w_512x128_m4_r2c2	cr_en[0]	_10622_	0.578800	
u_cfg.g_live.g_bank\[3\].u_prompt	ot_sram_1r1w_512x128_m4_r2c2	cr_en[1]	_10622_	0.578800	
u_cfg.g_live.g_bank\[3\].u_prompt	ot_sram_1r1w_512x128_m4_r2c2	cr_sel[0]	_10622_	0.578800	
u_cfg.g_live.g_bank\[3\].u_prompt	ot_sram_1r1w_512x128_m4_r2c2	cr_sel[1]	_10622_	0.578800	
u_cfg.g_live.g_bank\[3\].u_prompt	ot_sram_1r1w_512x128_m4_r2c2	cr_sel[2]	_10622_	0.578800	
u_cfg.g_live.g_bank\[3\].u_prompt	ot_sram_1r1w_512x128_m4_r2c2	cr_sel[3]	_10622_	0.578800	
u_cfg.g_live.g_bank\[3\].u_prompt	ot_sram_1r1w_512x128_m4_r2c2	cr_sel[4]	_10622_	0.578800	
u_cfg.g_live.g_bank\[3\].u_prompt	ot_sram_1r1w_512x128_m4_r2c2	cr_sel[5]	_10622_	0.578800	
u_cfg.g_live.g_bank\[3\].u_prompt	ot_sram_1r1w_512x128_m4_r2c2	cr_sel[6]	_10622_	0.578800	
u_cfg.g_live.g_bank\[3\].u_prompt	ot_sram_1r1w_512x128_m4_r2c2	cr_sel[7]	_10622_	0.578800	
u_cfg.g_live.g_bank\[3\].u_prompt	ot_sram_1r1w_512x128_m4_r2c2	cr_sel[8]	_10622_	0.578800	
u_cfg.g_live.g_bank\[3\].u_prompt	ot_sram_1r1w_512x128_m4_r2c2	cr_sel[9]	_10622_	0.578800	
u_cfg.g_live.g_bank\[3\].u_prompt	ot_sram_1r1w_512x128_m4_r2c2	cr_sel[10]	_10622_	0.578800	
u_cfg.g_live.g_bank\[3\].u_prompt	ot_sram_1r1w_512x128_m4_r2c2	cr_sel[11]	_10622_	0.578800	
u_cfg.g_live.g_bank\[3\].u_prompt	ot_sram_1r1w_512x128_m4_r2c2	cr_sel[12]	_10622_	0.578800	
u_cfg.g_live.g_bank\[3\].u_prompt	ot_sram_1r1w_512x128_m4_r2c2	cr_sel[13]	_10622_	0.578800	
u_cfg.g_live.g_bank\[4\].u_prompt	ot_sram_1r1w_512x128_m4_r2c2	clk	clk	8.683800	
u_cfg.g_live.g_bank\[4\].u_prompt	ot_sram_1r1w_512x128_m4_r2c2	r_ce_in	_02029_	0.578800	
u_cfg.g_live.g_bank\[4\].u_prompt	ot_sram_1r1w_512x128_m4_r2c2	r_addr_in[0]	u_cfg.g_live.read_index\[1\]	0.578800	
u_cfg.g_live.g_bank\[4\].u_prompt	ot_sram_1r1w_512x128_m4_r2c2	r_addr_in[1]	u_cfg.g_live.read_index\[2\]	0.578800	
u_cfg.g_live.g_bank\[4\].u_prompt	ot_sram_1r1w_512x128_m4_r2c2	r_addr_in[2]	u_cfg.g_live.read_index\[3\]	0.578800	
u_cfg.g_live.g_bank\[4\].u_prompt	ot_sram_1r1w_512x128_m4_r2c2	r_addr_in[3]	u_cfg.g_live.read_index\[4\]	0.578800	
u_cfg.g_live.g_bank\[4\].u_prompt	ot_sram_1r1w_512x128_m4_r2c2	r_addr_in[4]	u_cfg.g_live.read_index\[5\]	0.578800	
u_cfg.g_live.g_bank\[4\].u_prompt	ot_sram_1r1w_512x128_m4_r2c2	r_addr_in[5]	u_cfg.g_live.read_index\[6\]	0.578800	
u_cfg.g_live.g_bank\[4\].u_prompt	ot_sram_1r1w_512x128_m4_r2c2	r_addr_in[6]	u_cfg.g_live.read_index\[7\]	0.578800	
u_cfg.g_live.g_bank\[4\].u_prompt	ot_sram_1r1w_512x128_m4_r2c2	r_addr_in[7]	u_cfg.g_live.read_index\[8\]	0.578800	
u_cfg.g_live.g_bank\[4\].u_prompt	ot_sram_1r1w_512x128_m4_r2c2	r_addr_in[8]	u_cfg.g_live.read_index\[9\]	0.578800	
u_cfg.g_live.g_bank\[4\].u_prompt	ot_sram_1r1w_512x128_m4_r2c2	rd_out[0]	u_cfg.g_live.bank_q\[1152\]	0.924352	{_14576_ B 0.924352}
u_cfg.g_live.g_bank\[4\].u_prompt	ot_sram_1r1w_512x128_m4_r2c2	rd_out[1]	u_cfg.g_live.bank_q\[1153\]	0.924352	{_14372_ B 0.924352}
u_cfg.g_live.g_bank\[4\].u_prompt	ot_sram_1r1w_512x128_m4_r2c2	rd_out[2]	u_cfg.g_live.bank_q\[1154\]	0.924352	{_14727_ B 0.924352}
u_cfg.g_live.g_bank\[4\].u_prompt	ot_sram_1r1w_512x128_m4_r2c2	rd_out[3]	u_cfg.g_live.bank_q\[1155\]	0.924352	{_14475_ B 0.924352}
u_cfg.g_live.g_bank\[4\].u_prompt	ot_sram_1r1w_512x128_m4_r2c2	rd_out[4]	u_cfg.g_live.bank_q\[1156\]	0.924352	{_14524_ B 0.924352}
u_cfg.g_live.g_bank\[4\].u_prompt	ot_sram_1r1w_512x128_m4_r2c2	rd_out[5]	u_cfg.g_live.bank_q\[1157\]	0.578766	{_14668_ A 0.578766}
u_cfg.g_live.g_bank\[4\].u_prompt	ot_sram_1r1w_512x128_m4_r2c2	rd_out[6]	u_cfg.g_live.bank_q\[1158\]	0.874367	{_14630_ A2 0.874367}
u_cfg.g_live.g_bank\[4\].u_prompt	ot_sram_1r1w_512x128_m4_r2c2	rd_out[7]	u_cfg.g_live.bank_q\[1159\]	0.924352	{_15096_ B 0.924352}
u_cfg.g_live.g_bank\[4\].u_prompt	ot_sram_1r1w_512x128_m4_r2c2	rd_out[8]	u_cfg.g_live.bank_q\[1160\]	0.924352	{_14947_ B 0.924352}
u_cfg.g_live.g_bank\[4\].u_prompt	ot_sram_1r1w_512x128_m4_r2c2	rd_out[9]	u_cfg.g_live.bank_q\[1161\]	0.924352	{_14994_ B 0.924352}
u_cfg.g_live.g_bank\[4\].u_prompt	ot_sram_1r1w_512x128_m4_r2c2	rd_out[10]	u_cfg.g_live.bank_q\[1162\]	0.924352	{_14893_ B 0.924352}
u_cfg.g_live.g_bank\[4\].u_prompt	ot_sram_1r1w_512x128_m4_r2c2	rd_out[11]	u_cfg.g_live.bank_q\[1163\]	0.578766	{_13973_ A 0.578766}
u_cfg.g_live.g_bank\[4\].u_prompt	ot_sram_1r1w_512x128_m4_r2c2	rd_out[12]	u_cfg.g_live.bank_q\[1164\]	0.924352	{_13847_ B 0.924352}
u_cfg.g_live.g_bank\[4\].u_prompt	ot_sram_1r1w_512x128_m4_r2c2	rd_out[13]	u_cfg.g_live.bank_q\[1165\]	0.924352	{_13802_ B 0.924352}
u_cfg.g_live.g_bank\[4\].u_prompt	ot_sram_1r1w_512x128_m4_r2c2	rd_out[14]	u_cfg.g_live.bank_q\[1166\]	0.578766	{_14039_ A 0.578766}
u_cfg.g_live.g_bank\[4\].u_prompt	ot_sram_1r1w_512x128_m4_r2c2	rd_out[15]	u_cfg.g_live.bank_q\[1167\]	0.924352	{_13893_ B 0.924352}
u_cfg.g_live.g_bank\[4\].u_prompt	ot_sram_1r1w_512x128_m4_r2c2	rd_out[16]	u_cfg.g_live.bank_q\[1168\]	0.924352	{_12819_ B 0.924352}
u_cfg.g_live.g_bank\[4\].u_prompt	ot_sram_1r1w_512x128_m4_r2c2	rd_out[17]	u_cfg.g_live.bank_q\[1169\]	0.874367	{_12771_ A2 0.874367}
u_cfg.g_live.g_bank\[4\].u_prompt	ot_sram_1r1w_512x128_m4_r2c2	rd_out[18]	u_cfg.g_live.bank_q\[1170\]	0.924352	{_12713_ B 0.924352}
u_cfg.g_live.g_bank\[4\].u_prompt	ot_sram_1r1w_512x128_m4_r2c2	rd_out[19]	u_cfg.g_live.bank_q\[1171\]	0.924352	{_12885_ B 0.924352}
u_cfg.g_live.g_bank\[4\].u_prompt	ot_sram_1r1w_512x128_m4_r2c2	rd_out[20]	u_cfg.g_live.bank_q\[1172\]	0.924352	{_12214_ B 0.924352}
u_cfg.g_live.g_bank\[4\].u_prompt	ot_sram_1r1w_512x128_m4_r2c2	rd_out[21]	u_cfg.g_live.bank_q\[1173\]	0.874367	{_12238_ A2 0.874367}
u_cfg.g_live.g_bank\[4\].u_prompt	ot_sram_1r1w_512x128_m4_r2c2	rd_out[22]	u_cfg.g_live.bank_q\[1174\]	0.924352	{_12257_ B 0.924352}
u_cfg.g_live.g_bank\[4\].u_prompt	ot_sram_1r1w_512x128_m4_r2c2	rd_out[23]	u_cfg.g_live.bank_q\[1175\]	0.924352	{_12461_ B 0.924352}
u_cfg.g_live.g_bank\[4\].u_prompt	ot_sram_1r1w_512x128_m4_r2c2	rd_out[24]	u_cfg.g_live.bank_q\[1176\]	0.924352	{_12613_ B 0.924352}
u_cfg.g_live.g_bank\[4\].u_prompt	ot_sram_1r1w_512x128_m4_r2c2	rd_out[25]	u_cfg.g_live.bank_q\[1177\]	0.924352	{_12492_ B 0.924352}
u_cfg.g_live.g_bank\[4\].u_prompt	ot_sram_1r1w_512x128_m4_r2c2	rd_out[26]	u_cfg.g_live.bank_q\[1178\]	0.489888	{_15661_ B 0.489888}
u_cfg.g_live.g_bank\[4\].u_prompt	ot_sram_1r1w_512x128_m4_r2c2	rd_out[27]	u_cfg.g_live.bank_q\[1179\]	0.924352	{_15467_ B 0.924352}
u_cfg.g_live.g_bank\[4\].u_prompt	ot_sram_1r1w_512x128_m4_r2c2	rd_out[28]	u_cfg.g_live.bank_q\[1180\]	0.578766	{_15577_ A 0.578766}
u_cfg.g_live.g_bank\[4\].u_prompt	ot_sram_1r1w_512x128_m4_r2c2	rd_out[29]	u_cfg.g_live.bank_q\[1181\]	0.924352	{_15361_ B 0.924352}
u_cfg.g_live.g_bank\[4\].u_prompt	ot_sram_1r1w_512x128_m4_r2c2	rd_out[30]	u_cfg.g_live.bank_q\[1182\]	0.874367	{_15602_ A2 0.874367}
u_cfg.g_live.g_bank\[4\].u_prompt	ot_sram_1r1w_512x128_m4_r2c2	rd_out[31]	u_cfg.g_live.bank_q\[1183\]	0.924352	{_15706_ B 0.924352}
u_cfg.g_live.g_bank\[4\].u_prompt	ot_sram_1r1w_512x128_m4_r2c2	rd_out[32]	u_cfg.g_live.bank_q\[1184\]	0.578766	{_15136_ A 0.578766}
u_cfg.g_live.g_bank\[4\].u_prompt	ot_sram_1r1w_512x128_m4_r2c2	rd_out[33]	u_cfg.g_live.bank_q\[1185\]	0.578766	{_14174_ A 0.578766}
u_cfg.g_live.g_bank\[4\].u_prompt	ot_sram_1r1w_512x128_m4_r2c2	rd_out[34]	u_cfg.g_live.bank_q\[1186\]	0.578766	{_14275_ A 0.578766}
u_cfg.g_live.g_bank\[4\].u_prompt	ot_sram_1r1w_512x128_m4_r2c2	rd_out[35]	u_cfg.g_live.bank_q\[1187\]	0.924352	{_14167_ B 0.924352}
u_cfg.g_live.g_bank\[4\].u_prompt	ot_sram_1r1w_512x128_m4_r2c2	rd_out[36]	u_cfg.g_live.bank_q\[1188\]	0.528014	{_14321_ A2 0.528014}
u_cfg.g_live.g_bank\[4\].u_prompt	ot_sram_1r1w_512x128_m4_r2c2	rd_out[37]	u_cfg.g_live.bank_q\[1189\]	0.924352	{_15307_ B 0.924352}
u_cfg.g_live.g_bank\[4\].u_prompt	ot_sram_1r1w_512x128_m4_r2c2	rd_out[38]	u_cfg.g_live.bank_q\[1190\]	0.578766	{_15404_ A 0.578766}
u_cfg.g_live.g_bank\[4\].u_prompt	ot_sram_1r1w_512x128_m4_r2c2	rd_out[39]	u_cfg.g_live.bank_q\[1191\]	0.578766	{_15220_ A 0.578766}
u_cfg.g_live.g_bank\[4\].u_prompt	ot_sram_1r1w_512x128_m4_r2c2	rd_out[40]	u_cfg.g_live.bank_q\[1192\]	0.924352	{_15275_ B 0.924352}
u_cfg.g_live.g_bank\[4\].u_prompt	ot_sram_1r1w_512x128_m4_r2c2	rd_out[41]	u_cfg.g_live.bank_q\[1193\]	0.924352	{_13490_ B 0.924352}
u_cfg.g_live.g_bank\[4\].u_prompt	ot_sram_1r1w_512x128_m4_r2c2	rd_out[42]	u_cfg.g_live.bank_q\[1194\]	0.874367	{_13708_ A2 0.874367}
u_cfg.g_live.g_bank\[4\].u_prompt	ot_sram_1r1w_512x128_m4_r2c2	rd_out[43]	u_cfg.g_live.bank_q\[1195\]	0.874367	{_13755_ A2 0.874367}
u_cfg.g_live.g_bank\[4\].u_prompt	ot_sram_1r1w_512x128_m4_r2c2	rd_out[44]	u_cfg.g_live.bank_q\[1196\]	0.924352	{_13605_ B 0.924352}
u_cfg.g_live.g_bank\[4\].u_prompt	ot_sram_1r1w_512x128_m4_r2c2	rd_out[45]	u_cfg.g_live.bank_q\[1197\]	0.924352	{_13941_ B 0.924352}
u_cfg.g_live.g_bank\[4\].u_prompt	ot_sram_1r1w_512x128_m4_r2c2	rd_out[46]	u_cfg.g_live.bank_q\[1198\]	0.924352	{_13521_ B 0.924352}
u_cfg.g_live.g_bank\[4\].u_prompt	ot_sram_1r1w_512x128_m4_r2c2	rd_out[47]	u_cfg.g_live.bank_q\[1199\]	0.924352	{_13657_ B 0.924352}
u_cfg.g_live.g_bank\[4\].u_prompt	ot_sram_1r1w_512x128_m4_r2c2	rd_out[48]	u_cfg.g_live.bank_q\[1200\]	0.924352	{_13030_ B 0.924352}
u_cfg.g_live.g_bank\[4\].u_prompt	ot_sram_1r1w_512x128_m4_r2c2	rd_out[49]	u_cfg.g_live.bank_q\[1201\]	0.528014	{_13190_ A2 0.528014}
u_cfg.g_live.g_bank\[4\].u_prompt	ot_sram_1r1w_512x128_m4_r2c2	rd_out[50]	u_cfg.g_live.bank_q\[1202\]	0.874367	{_13391_ A2 0.874367}
u_cfg.g_live.g_bank\[4\].u_prompt	ot_sram_1r1w_512x128_m4_r2c2	rd_out[51]	u_cfg.g_live.bank_q\[1203\]	0.874367	{_13446_ A2 0.874367}
u_cfg.g_live.g_bank\[4\].u_prompt	ot_sram_1r1w_512x128_m4_r2c2	rd_out[52]	u_cfg.g_live.bank_q\[1204\]	0.924352	{_12996_ B 0.924352}
u_cfg.g_live.g_bank\[4\].u_prompt	ot_sram_1r1w_512x128_m4_r2c2	rd_out[53]	u_cfg.g_live.bank_q\[1205\]	0.924352	{_13209_ B 0.924352}
u_cfg.g_live.g_bank\[4\].u_prompt	ot_sram_1r1w_512x128_m4_r2c2	rd_out[54]	u_cfg.g_live.bank_q\[1206\]	0.924352	{_13275_ B 0.924352}
u_cfg.g_live.g_bank\[4\].u_prompt	ot_sram_1r1w_512x128_m4_r2c2	rd_out[55]	u_cfg.g_live.bank_q\[1207\]	0.924352	{_13330_ B 0.924352}
u_cfg.g_live.g_bank\[4\].u_prompt	ot_sram_1r1w_512x128_m4_r2c2	rd_out[56]	u_cfg.g_live.bank_q\[1208\]	0.924352	{_13072_ B 0.924352}
u_cfg.g_live.g_bank\[4\].u_prompt	ot_sram_1r1w_512x128_m4_r2c2	rd_out[57]	u_cfg.g_live.bank_q\[1209\]	0.924352	{_14342_ B 0.924352}
u_cfg.g_live.g_bank\[4\].u_prompt	ot_sram_1r1w_512x128_m4_r2c2	rd_out[58]	u_cfg.g_live.bank_q\[1210\]	0.578766	{_14827_ A 0.578766}
u_cfg.g_live.g_bank\[4\].u_prompt	ot_sram_1r1w_512x128_m4_r2c2	rd_out[59]	u_cfg.g_live.bank_q\[1211\]	0.578766	{_15056_ A 0.578766}
u_cfg.g_live.g_bank\[4\].u_prompt	ot_sram_1r1w_512x128_m4_r2c2	rd_out[60]	u_cfg.g_live.bank_q\[1212\]	0.489888	{_14109_ B 0.489888}
u_cfg.g_live.g_bank\[4\].u_prompt	ot_sram_1r1w_512x128_m4_r2c2	rd_out[61]	u_cfg.g_live.bank_q\[1213\]	0.924352	{_12935_ B 0.924352}
u_cfg.g_live.g_bank\[4\].u_prompt	ot_sram_1r1w_512x128_m4_r2c2	rd_out[62]	u_cfg.g_live.bank_q\[1214\]	0.924352	{_15531_ B 0.924352}
u_cfg.g_live.g_bank\[4\].u_prompt	ot_sram_1r1w_512x128_m4_r2c2	rd_out[63]	u_cfg.g_live.bank_q\[1215\]	0.578766	{_14776_ A 0.578766}
u_cfg.g_live.g_bank\[4\].u_prompt	ot_sram_1r1w_512x128_m4_r2c2	rd_out[64]	u_cfg.g_live.bank_q\[1216\]	0.578766	{_14575_ A 0.578766}
u_cfg.g_live.g_bank\[4\].u_prompt	ot_sram_1r1w_512x128_m4_r2c2	rd_out[65]	u_cfg.g_live.bank_q\[1217\]	0.924352	{_14379_ B 0.924352}
u_cfg.g_live.g_bank\[4\].u_prompt	ot_sram_1r1w_512x128_m4_r2c2	rd_out[66]	u_cfg.g_live.bank_q\[1218\]	0.924352	{_14733_ B 0.924352}
u_cfg.g_live.g_bank\[4\].u_prompt	ot_sram_1r1w_512x128_m4_r2c2	rd_out[67]	u_cfg.g_live.bank_q\[1219\]	0.924352	{_14481_ B 0.924352}
u_cfg.g_live.g_bank\[4\].u_prompt	ot_sram_1r1w_512x128_m4_r2c2	rd_out[68]	u_cfg.g_live.bank_q\[1220\]	0.924352	{_14503_ B 0.924352}
u_cfg.g_live.g_bank\[4\].u_prompt	ot_sram_1r1w_512x128_m4_r2c2	rd_out[69]	u_cfg.g_live.bank_q\[1221\]	0.924352	{_14697_ B 0.924352}
u_cfg.g_live.g_bank\[4\].u_prompt	ot_sram_1r1w_512x128_m4_r2c2	rd_out[70]	u_cfg.g_live.bank_q\[1222\]	0.874367	{_14628_ A2 0.874367}
u_cfg.g_live.g_bank\[4\].u_prompt	ot_sram_1r1w_512x128_m4_r2c2	rd_out[71]	u_cfg.g_live.bank_q\[1223\]	0.924352	{_15092_ B 0.924352}
u_cfg.g_live.g_bank\[4\].u_prompt	ot_sram_1r1w_512x128_m4_r2c2	rd_out[72]	u_cfg.g_live.bank_q\[1224\]	0.924352	{_14943_ B 0.924352}
u_cfg.g_live.g_bank\[4\].u_prompt	ot_sram_1r1w_512x128_m4_r2c2	rd_out[73]	u_cfg.g_live.bank_q\[1225\]	0.924352	{_14973_ B 0.924352}
u_cfg.g_live.g_bank\[4\].u_prompt	ot_sram_1r1w_512x128_m4_r2c2	rd_out[74]	u_cfg.g_live.bank_q\[1226\]	0.578766	{_14892_ A 0.578766}
u_cfg.g_live.g_bank\[4\].u_prompt	ot_sram_1r1w_512x128_m4_r2c2	rd_out[75]	u_cfg.g_live.bank_q\[1227\]	0.924352	{_14005_ B 0.924352}
u_cfg.g_live.g_bank\[4\].u_prompt	ot_sram_1r1w_512x128_m4_r2c2	rd_out[76]	u_cfg.g_live.bank_q\[1228\]	0.924352	{_13838_ B 0.924352}
u_cfg.g_live.g_bank\[4\].u_prompt	ot_sram_1r1w_512x128_m4_r2c2	rd_out[77]	u_cfg.g_live.bank_q\[1229\]	0.924352	{_13793_ B 0.924352}
u_cfg.g_live.g_bank\[4\].u_prompt	ot_sram_1r1w_512x128_m4_r2c2	rd_out[78]	u_cfg.g_live.bank_q\[1230\]	0.924352	{_14066_ B 0.924352}
u_cfg.g_live.g_bank\[4\].u_prompt	ot_sram_1r1w_512x128_m4_r2c2	rd_out[79]	u_cfg.g_live.bank_q\[1231\]	0.924352	{_13917_ B 0.924352}
u_cfg.g_live.g_bank\[4\].u_prompt	ot_sram_1r1w_512x128_m4_r2c2	rd_out[80]	u_cfg.g_live.bank_q\[1232\]	0.924352	{_12809_ B 0.924352}
u_cfg.g_live.g_bank\[4\].u_prompt	ot_sram_1r1w_512x128_m4_r2c2	rd_out[81]	u_cfg.g_live.bank_q\[1233\]	0.874367	{_12769_ A2 0.874367}
u_cfg.g_live.g_bank\[4\].u_prompt	ot_sram_1r1w_512x128_m4_r2c2	rd_out[82]	u_cfg.g_live.bank_q\[1234\]	0.924352	{_12723_ B 0.924352}
u_cfg.g_live.g_bank\[4\].u_prompt	ot_sram_1r1w_512x128_m4_r2c2	rd_out[83]	u_cfg.g_live.bank_q\[1235\]	0.924352	{_12880_ B 0.924352}
u_cfg.g_live.g_bank\[4\].u_prompt	ot_sram_1r1w_512x128_m4_r2c2	rd_out[84]	u_cfg.g_live.bank_q\[1236\]	0.924352	{_12226_ B 0.924352}
u_cfg.g_live.g_bank\[4\].u_prompt	ot_sram_1r1w_512x128_m4_r2c2	rd_out[85]	u_cfg.g_live.bank_q\[1237\]	0.486821	{_12237_ B 0.486821}
u_cfg.g_live.g_bank\[4\].u_prompt	ot_sram_1r1w_512x128_m4_r2c2	rd_out[86]	u_cfg.g_live.bank_q\[1238\]	0.578766	{_12256_ A 0.578766}
u_cfg.g_live.g_bank\[4\].u_prompt	ot_sram_1r1w_512x128_m4_r2c2	rd_out[87]	u_cfg.g_live.bank_q\[1239\]	0.924352	{_12473_ B 0.924352}
u_cfg.g_live.g_bank\[4\].u_prompt	ot_sram_1r1w_512x128_m4_r2c2	rd_out[88]	u_cfg.g_live.bank_q\[1240\]	0.924352	{_12600_ B 0.924352}
u_cfg.g_live.g_bank\[4\].u_prompt	ot_sram_1r1w_512x128_m4_r2c2	rd_out[89]	u_cfg.g_live.bank_q\[1241\]	0.924352	{_12486_ B 0.924352}
u_cfg.g_live.g_bank\[4\].u_prompt	ot_sram_1r1w_512x128_m4_r2c2	rd_out[90]	u_cfg.g_live.bank_q\[1242\]	0.924352	{_15648_ B 0.924352}
u_cfg.g_live.g_bank\[4\].u_prompt	ot_sram_1r1w_512x128_m4_r2c2	rd_out[91]	u_cfg.g_live.bank_q\[1243\]	0.578766	{_15477_ A 0.578766}
u_cfg.g_live.g_bank\[4\].u_prompt	ot_sram_1r1w_512x128_m4_r2c2	rd_out[92]	u_cfg.g_live.bank_q\[1244\]	0.924352	{_15565_ B 0.924352}
u_cfg.g_live.g_bank\[4\].u_prompt	ot_sram_1r1w_512x128_m4_r2c2	rd_out[93]	u_cfg.g_live.bank_q\[1245\]	0.874367	{_15352_ A2 0.874367}
u_cfg.g_live.g_bank\[4\].u_prompt	ot_sram_1r1w_512x128_m4_r2c2	rd_out[94]	u_cfg.g_live.bank_q\[1246\]	0.874367	{_15606_ A2 0.874367}
u_cfg.g_live.g_bank\[4\].u_prompt	ot_sram_1r1w_512x128_m4_r2c2	rd_out[95]	u_cfg.g_live.bank_q\[1247\]	0.924352	{_15705_ B 0.924352}
u_cfg.g_live.g_bank\[4\].u_prompt	ot_sram_1r1w_512x128_m4_r2c2	rd_out[96]	u_cfg.g_live.bank_q\[1248\]	0.924352	{_15159_ B 0.924352}
u_cfg.g_live.g_bank\[4\].u_prompt	ot_sram_1r1w_512x128_m4_r2c2	rd_out[97]	u_cfg.g_live.bank_q\[1249\]	0.924352	{_14181_ B 0.924352}
u_cfg.g_live.g_bank\[4\].u_prompt	ot_sram_1r1w_512x128_m4_r2c2	rd_out[98]	u_cfg.g_live.bank_q\[1250\]	0.578766	{_14282_ A 0.578766}
u_cfg.g_live.g_bank\[4\].u_prompt	ot_sram_1r1w_512x128_m4_r2c2	rd_out[99]	u_cfg.g_live.bank_q\[1251\]	0.578766	{_14166_ A 0.578766}
u_cfg.g_live.g_bank\[4\].u_prompt	ot_sram_1r1w_512x128_m4_r2c2	rd_out[100]	u_cfg.g_live.bank_q\[1252\]	0.528014	{_14327_ A2 0.528014}
u_cfg.g_live.g_bank\[4\].u_prompt	ot_sram_1r1w_512x128_m4_r2c2	rd_out[101]	u_cfg.g_live.bank_q\[1253\]	0.924352	{_15303_ B 0.924352}
u_cfg.g_live.g_bank\[4\].u_prompt	ot_sram_1r1w_512x128_m4_r2c2	rd_out[102]	u_cfg.g_live.bank_q\[1254\]	0.578766	{_15411_ A 0.578766}
u_cfg.g_live.g_bank\[4\].u_prompt	ot_sram_1r1w_512x128_m4_r2c2	rd_out[103]	u_cfg.g_live.bank_q\[1255\]	0.578766	{_15227_ A 0.578766}
u_cfg.g_live.g_bank\[4\].u_prompt	ot_sram_1r1w_512x128_m4_r2c2	rd_out[104]	u_cfg.g_live.bank_q\[1256\]	0.481403	{_15254_ A2 0.481403}
u_cfg.g_live.g_bank\[4\].u_prompt	ot_sram_1r1w_512x128_m4_r2c2	rd_out[105]	u_cfg.g_live.bank_q\[1257\]	0.924352	{_13497_ B 0.924352}
u_cfg.g_live.g_bank\[4\].u_prompt	ot_sram_1r1w_512x128_m4_r2c2	rd_out[106]	u_cfg.g_live.bank_q\[1258\]	0.874367	{_13712_ A2 0.874367}
u_cfg.g_live.g_bank\[4\].u_prompt	ot_sram_1r1w_512x128_m4_r2c2	rd_out[107]	u_cfg.g_live.bank_q\[1259\]	0.874367	{_13759_ A2 0.874367}
u_cfg.g_live.g_bank\[4\].u_prompt	ot_sram_1r1w_512x128_m4_r2c2	rd_out[108]	u_cfg.g_live.bank_q\[1260\]	0.578766	{_13613_ A 0.578766}
u_cfg.g_live.g_bank\[4\].u_prompt	ot_sram_1r1w_512x128_m4_r2c2	rd_out[109]	u_cfg.g_live.bank_q\[1261\]	0.924352	{_13965_ B 0.924352}
u_cfg.g_live.g_bank\[4\].u_prompt	ot_sram_1r1w_512x128_m4_r2c2	rd_out[110]	u_cfg.g_live.bank_q\[1262\]	0.578766	{_13520_ A 0.578766}
u_cfg.g_live.g_bank\[4\].u_prompt	ot_sram_1r1w_512x128_m4_r2c2	rd_out[111]	u_cfg.g_live.bank_q\[1263\]	0.924352	{_13662_ B 0.924352}
u_cfg.g_live.g_bank\[4\].u_prompt	ot_sram_1r1w_512x128_m4_r2c2	rd_out[112]	u_cfg.g_live.bank_q\[1264\]	0.924352	{_13038_ B 0.924352}
u_cfg.g_live.g_bank\[4\].u_prompt	ot_sram_1r1w_512x128_m4_r2c2	rd_out[113]	u_cfg.g_live.bank_q\[1265\]	0.528014	{_13196_ A2 0.528014}
u_cfg.g_live.g_bank\[4\].u_prompt	ot_sram_1r1w_512x128_m4_r2c2	rd_out[114]	u_cfg.g_live.bank_q\[1266\]	0.874367	{_13389_ A2 0.874367}
u_cfg.g_live.g_bank\[4\].u_prompt	ot_sram_1r1w_512x128_m4_r2c2	rd_out[115]	u_cfg.g_live.bank_q\[1267\]	0.874367	{_13444_ A2 0.874367}
u_cfg.g_live.g_bank\[4\].u_prompt	ot_sram_1r1w_512x128_m4_r2c2	rd_out[116]	u_cfg.g_live.bank_q\[1268\]	0.924352	{_13003_ B 0.924352}
u_cfg.g_live.g_bank\[4\].u_prompt	ot_sram_1r1w_512x128_m4_r2c2	rd_out[117]	u_cfg.g_live.bank_q\[1269\]	0.924352	{_13205_ B 0.924352}
u_cfg.g_live.g_bank\[4\].u_prompt	ot_sram_1r1w_512x128_m4_r2c2	rd_out[118]	u_cfg.g_live.bank_q\[1270\]	0.924352	{_13305_ B 0.924352}
u_cfg.g_live.g_bank\[4\].u_prompt	ot_sram_1r1w_512x128_m4_r2c2	rd_out[119]	u_cfg.g_live.bank_q\[1271\]	0.924352	{_13357_ B 0.924352}
u_cfg.g_live.g_bank\[4\].u_prompt	ot_sram_1r1w_512x128_m4_r2c2	rd_out[120]	u_cfg.g_live.bank_q\[1272\]	0.924352	{_13073_ B 0.924352}
u_cfg.g_live.g_bank\[4\].u_prompt	ot_sram_1r1w_512x128_m4_r2c2	rd_out[121]	u_cfg.g_live.bank_q\[1273\]	0.924352	{_14349_ B 0.924352}
u_cfg.g_live.g_bank\[4\].u_prompt	ot_sram_1r1w_512x128_m4_r2c2	rd_out[122]	u_cfg.g_live.bank_q\[1274\]	0.578766	{_14834_ A 0.578766}
u_cfg.g_live.g_bank\[4\].u_prompt	ot_sram_1r1w_512x128_m4_r2c2	rd_out[123]	u_cfg.g_live.bank_q\[1275\]	0.578766	{_15063_ A 0.578766}
u_cfg.g_live.g_bank\[4\].u_prompt	ot_sram_1r1w_512x128_m4_r2c2	rd_out[124]	u_cfg.g_live.bank_q\[1276\]	0.578766	{_14089_ A 0.578766}
u_cfg.g_live.g_bank\[4\].u_prompt	ot_sram_1r1w_512x128_m4_r2c2	rd_out[125]	u_cfg.g_live.bank_q\[1277\]	0.578766	{_12911_ A 0.578766}
u_cfg.g_live.g_bank\[4\].u_prompt	ot_sram_1r1w_512x128_m4_r2c2	rd_out[126]	u_cfg.g_live.bank_q\[1278\]	0.924352	{_15524_ B 0.924352}
u_cfg.g_live.g_bank\[4\].u_prompt	ot_sram_1r1w_512x128_m4_r2c2	rd_out[127]	u_cfg.g_live.bank_q\[1279\]	0.578766	{_14769_ A 0.578766}
u_cfg.g_live.g_bank\[4\].u_prompt	ot_sram_1r1w_512x128_m4_r2c2	w_ce_in	_02030_	0.578800	
u_cfg.g_live.g_bank\[4\].u_prompt	ot_sram_1r1w_512x128_m4_r2c2	w_addr_in[0]	_01885_	0.578800	
u_cfg.g_live.g_bank\[4\].u_prompt	ot_sram_1r1w_512x128_m4_r2c2	w_addr_in[1]	_01886_	0.578800	
u_cfg.g_live.g_bank\[4\].u_prompt	ot_sram_1r1w_512x128_m4_r2c2	w_addr_in[2]	_01887_	0.578800	
u_cfg.g_live.g_bank\[4\].u_prompt	ot_sram_1r1w_512x128_m4_r2c2	w_addr_in[3]	_01888_	0.578800	
u_cfg.g_live.g_bank\[4\].u_prompt	ot_sram_1r1w_512x128_m4_r2c2	w_addr_in[4]	_01889_	0.578800	
u_cfg.g_live.g_bank\[4\].u_prompt	ot_sram_1r1w_512x128_m4_r2c2	w_addr_in[5]	_01890_	0.578800	
u_cfg.g_live.g_bank\[4\].u_prompt	ot_sram_1r1w_512x128_m4_r2c2	w_addr_in[6]	_01891_	0.578800	
u_cfg.g_live.g_bank\[4\].u_prompt	ot_sram_1r1w_512x128_m4_r2c2	w_addr_in[7]	_01892_	0.578800	
u_cfg.g_live.g_bank\[4\].u_prompt	ot_sram_1r1w_512x128_m4_r2c2	w_addr_in[8]	_01893_	0.578800	
u_cfg.g_live.g_bank\[4\].u_prompt	ot_sram_1r1w_512x128_m4_r2c2	wd_in[0]	_01894_	0.578800	
u_cfg.g_live.g_bank\[4\].u_prompt	ot_sram_1r1w_512x128_m4_r2c2	wd_in[1]	_01933_	0.578800	
u_cfg.g_live.g_bank\[4\].u_prompt	ot_sram_1r1w_512x128_m4_r2c2	wd_in[2]	_01943_	0.578800	
u_cfg.g_live.g_bank\[4\].u_prompt	ot_sram_1r1w_512x128_m4_r2c2	wd_in[3]	_01954_	0.578800	
u_cfg.g_live.g_bank\[4\].u_prompt	ot_sram_1r1w_512x128_m4_r2c2	wd_in[4]	_01965_	0.578800	
u_cfg.g_live.g_bank\[4\].u_prompt	ot_sram_1r1w_512x128_m4_r2c2	wd_in[5]	_01976_	0.578800	
u_cfg.g_live.g_bank\[4\].u_prompt	ot_sram_1r1w_512x128_m4_r2c2	wd_in[6]	_01987_	0.578800	
u_cfg.g_live.g_bank\[4\].u_prompt	ot_sram_1r1w_512x128_m4_r2c2	wd_in[7]	_01998_	0.578800	
u_cfg.g_live.g_bank\[4\].u_prompt	ot_sram_1r1w_512x128_m4_r2c2	wd_in[8]	_02009_	0.578800	
u_cfg.g_live.g_bank\[4\].u_prompt	ot_sram_1r1w_512x128_m4_r2c2	wd_in[9]	_02020_	0.578800	
u_cfg.g_live.g_bank\[4\].u_prompt	ot_sram_1r1w_512x128_m4_r2c2	wd_in[10]	_01905_	0.578800	
u_cfg.g_live.g_bank\[4\].u_prompt	ot_sram_1r1w_512x128_m4_r2c2	wd_in[11]	_01916_	0.578800	
u_cfg.g_live.g_bank\[4\].u_prompt	ot_sram_1r1w_512x128_m4_r2c2	wd_in[12]	_01925_	0.578800	
u_cfg.g_live.g_bank\[4\].u_prompt	ot_sram_1r1w_512x128_m4_r2c2	wd_in[13]	_01926_	0.578800	
u_cfg.g_live.g_bank\[4\].u_prompt	ot_sram_1r1w_512x128_m4_r2c2	wd_in[14]	_01927_	0.578800	
u_cfg.g_live.g_bank\[4\].u_prompt	ot_sram_1r1w_512x128_m4_r2c2	wd_in[15]	_01928_	0.578800	
u_cfg.g_live.g_bank\[4\].u_prompt	ot_sram_1r1w_512x128_m4_r2c2	wd_in[16]	_01929_	0.578800	
u_cfg.g_live.g_bank\[4\].u_prompt	ot_sram_1r1w_512x128_m4_r2c2	wd_in[17]	_01930_	0.578800	
u_cfg.g_live.g_bank\[4\].u_prompt	ot_sram_1r1w_512x128_m4_r2c2	wd_in[18]	_01931_	0.578800	
u_cfg.g_live.g_bank\[4\].u_prompt	ot_sram_1r1w_512x128_m4_r2c2	wd_in[19]	_01932_	0.578800	
u_cfg.g_live.g_bank\[4\].u_prompt	ot_sram_1r1w_512x128_m4_r2c2	wd_in[20]	_01934_	0.578800	
u_cfg.g_live.g_bank\[4\].u_prompt	ot_sram_1r1w_512x128_m4_r2c2	wd_in[21]	_01935_	0.578800	
u_cfg.g_live.g_bank\[4\].u_prompt	ot_sram_1r1w_512x128_m4_r2c2	wd_in[22]	_01936_	0.578800	
u_cfg.g_live.g_bank\[4\].u_prompt	ot_sram_1r1w_512x128_m4_r2c2	wd_in[23]	_01937_	0.578800	
u_cfg.g_live.g_bank\[4\].u_prompt	ot_sram_1r1w_512x128_m4_r2c2	wd_in[24]	_01938_	0.578800	
u_cfg.g_live.g_bank\[4\].u_prompt	ot_sram_1r1w_512x128_m4_r2c2	wd_in[25]	_01939_	0.578800	
u_cfg.g_live.g_bank\[4\].u_prompt	ot_sram_1r1w_512x128_m4_r2c2	wd_in[26]	_10622_	0.578800	
u_cfg.g_live.g_bank\[4\].u_prompt	ot_sram_1r1w_512x128_m4_r2c2	wd_in[27]	_01940_	0.578800	
u_cfg.g_live.g_bank\[4\].u_prompt	ot_sram_1r1w_512x128_m4_r2c2	wd_in[28]	_01941_	0.578800	
u_cfg.g_live.g_bank\[4\].u_prompt	ot_sram_1r1w_512x128_m4_r2c2	wd_in[29]	_01942_	0.578800	
u_cfg.g_live.g_bank\[4\].u_prompt	ot_sram_1r1w_512x128_m4_r2c2	wd_in[30]	_01944_	0.578800	
u_cfg.g_live.g_bank\[4\].u_prompt	ot_sram_1r1w_512x128_m4_r2c2	wd_in[31]	_01945_	0.578800	
u_cfg.g_live.g_bank\[4\].u_prompt	ot_sram_1r1w_512x128_m4_r2c2	wd_in[32]	_01946_	0.578800	
u_cfg.g_live.g_bank\[4\].u_prompt	ot_sram_1r1w_512x128_m4_r2c2	wd_in[33]	_01947_	0.578800	
u_cfg.g_live.g_bank\[4\].u_prompt	ot_sram_1r1w_512x128_m4_r2c2	wd_in[34]	_01948_	0.578800	
u_cfg.g_live.g_bank\[4\].u_prompt	ot_sram_1r1w_512x128_m4_r2c2	wd_in[35]	_01949_	0.578800	
u_cfg.g_live.g_bank\[4\].u_prompt	ot_sram_1r1w_512x128_m4_r2c2	wd_in[36]	_01950_	0.578800	
u_cfg.g_live.g_bank\[4\].u_prompt	ot_sram_1r1w_512x128_m4_r2c2	wd_in[37]	_01951_	0.578800	
u_cfg.g_live.g_bank\[4\].u_prompt	ot_sram_1r1w_512x128_m4_r2c2	wd_in[38]	_01952_	0.578800	
u_cfg.g_live.g_bank\[4\].u_prompt	ot_sram_1r1w_512x128_m4_r2c2	wd_in[39]	_01953_	0.578800	
u_cfg.g_live.g_bank\[4\].u_prompt	ot_sram_1r1w_512x128_m4_r2c2	wd_in[40]	_01955_	0.578800	
u_cfg.g_live.g_bank\[4\].u_prompt	ot_sram_1r1w_512x128_m4_r2c2	wd_in[41]	_01956_	0.578800	
u_cfg.g_live.g_bank\[4\].u_prompt	ot_sram_1r1w_512x128_m4_r2c2	wd_in[42]	_01957_	0.578800	
u_cfg.g_live.g_bank\[4\].u_prompt	ot_sram_1r1w_512x128_m4_r2c2	wd_in[43]	_01958_	0.578800	
u_cfg.g_live.g_bank\[4\].u_prompt	ot_sram_1r1w_512x128_m4_r2c2	wd_in[44]	_01959_	0.578800	
u_cfg.g_live.g_bank\[4\].u_prompt	ot_sram_1r1w_512x128_m4_r2c2	wd_in[45]	_01960_	0.578800	
u_cfg.g_live.g_bank\[4\].u_prompt	ot_sram_1r1w_512x128_m4_r2c2	wd_in[46]	_01961_	0.578800	
u_cfg.g_live.g_bank\[4\].u_prompt	ot_sram_1r1w_512x128_m4_r2c2	wd_in[47]	_01962_	0.578800	
u_cfg.g_live.g_bank\[4\].u_prompt	ot_sram_1r1w_512x128_m4_r2c2	wd_in[48]	_01963_	0.578800	
u_cfg.g_live.g_bank\[4\].u_prompt	ot_sram_1r1w_512x128_m4_r2c2	wd_in[49]	_01964_	0.578800	
u_cfg.g_live.g_bank\[4\].u_prompt	ot_sram_1r1w_512x128_m4_r2c2	wd_in[50]	_01966_	0.578800	
u_cfg.g_live.g_bank\[4\].u_prompt	ot_sram_1r1w_512x128_m4_r2c2	wd_in[51]	_01967_	0.578800	
u_cfg.g_live.g_bank\[4\].u_prompt	ot_sram_1r1w_512x128_m4_r2c2	wd_in[52]	_01968_	0.578800	
u_cfg.g_live.g_bank\[4\].u_prompt	ot_sram_1r1w_512x128_m4_r2c2	wd_in[53]	_01969_	0.578800	
u_cfg.g_live.g_bank\[4\].u_prompt	ot_sram_1r1w_512x128_m4_r2c2	wd_in[54]	_01970_	0.578800	
u_cfg.g_live.g_bank\[4\].u_prompt	ot_sram_1r1w_512x128_m4_r2c2	wd_in[55]	_01971_	0.578800	
u_cfg.g_live.g_bank\[4\].u_prompt	ot_sram_1r1w_512x128_m4_r2c2	wd_in[56]	_01972_	0.578800	
u_cfg.g_live.g_bank\[4\].u_prompt	ot_sram_1r1w_512x128_m4_r2c2	wd_in[57]	_01973_	0.578800	
u_cfg.g_live.g_bank\[4\].u_prompt	ot_sram_1r1w_512x128_m4_r2c2	wd_in[58]	_01974_	0.578800	
u_cfg.g_live.g_bank\[4\].u_prompt	ot_sram_1r1w_512x128_m4_r2c2	wd_in[59]	_01975_	0.578800	
u_cfg.g_live.g_bank\[4\].u_prompt	ot_sram_1r1w_512x128_m4_r2c2	wd_in[60]	_01977_	0.578800	
u_cfg.g_live.g_bank\[4\].u_prompt	ot_sram_1r1w_512x128_m4_r2c2	wd_in[61]	_01978_	0.578800	
u_cfg.g_live.g_bank\[4\].u_prompt	ot_sram_1r1w_512x128_m4_r2c2	wd_in[62]	_01979_	0.578800	
u_cfg.g_live.g_bank\[4\].u_prompt	ot_sram_1r1w_512x128_m4_r2c2	wd_in[63]	_01980_	0.578800	
u_cfg.g_live.g_bank\[4\].u_prompt	ot_sram_1r1w_512x128_m4_r2c2	wd_in[64]	_01981_	0.578800	
u_cfg.g_live.g_bank\[4\].u_prompt	ot_sram_1r1w_512x128_m4_r2c2	wd_in[65]	_01982_	0.578800	
u_cfg.g_live.g_bank\[4\].u_prompt	ot_sram_1r1w_512x128_m4_r2c2	wd_in[66]	_01983_	0.578800	
u_cfg.g_live.g_bank\[4\].u_prompt	ot_sram_1r1w_512x128_m4_r2c2	wd_in[67]	_01984_	0.578800	
u_cfg.g_live.g_bank\[4\].u_prompt	ot_sram_1r1w_512x128_m4_r2c2	wd_in[68]	_01985_	0.578800	
u_cfg.g_live.g_bank\[4\].u_prompt	ot_sram_1r1w_512x128_m4_r2c2	wd_in[69]	_01986_	0.578800	
u_cfg.g_live.g_bank\[4\].u_prompt	ot_sram_1r1w_512x128_m4_r2c2	wd_in[70]	_01988_	0.578800	
u_cfg.g_live.g_bank\[4\].u_prompt	ot_sram_1r1w_512x128_m4_r2c2	wd_in[71]	_01989_	0.578800	
u_cfg.g_live.g_bank\[4\].u_prompt	ot_sram_1r1w_512x128_m4_r2c2	wd_in[72]	_01990_	0.578800	
u_cfg.g_live.g_bank\[4\].u_prompt	ot_sram_1r1w_512x128_m4_r2c2	wd_in[73]	_01991_	0.578800	
u_cfg.g_live.g_bank\[4\].u_prompt	ot_sram_1r1w_512x128_m4_r2c2	wd_in[74]	_01992_	0.578800	
u_cfg.g_live.g_bank\[4\].u_prompt	ot_sram_1r1w_512x128_m4_r2c2	wd_in[75]	_01993_	0.578800	
u_cfg.g_live.g_bank\[4\].u_prompt	ot_sram_1r1w_512x128_m4_r2c2	wd_in[76]	_01994_	0.578800	
u_cfg.g_live.g_bank\[4\].u_prompt	ot_sram_1r1w_512x128_m4_r2c2	wd_in[77]	_01995_	0.578800	
u_cfg.g_live.g_bank\[4\].u_prompt	ot_sram_1r1w_512x128_m4_r2c2	wd_in[78]	_01996_	0.578800	
u_cfg.g_live.g_bank\[4\].u_prompt	ot_sram_1r1w_512x128_m4_r2c2	wd_in[79]	_01997_	0.578800	
u_cfg.g_live.g_bank\[4\].u_prompt	ot_sram_1r1w_512x128_m4_r2c2	wd_in[80]	_01999_	0.578800	
u_cfg.g_live.g_bank\[4\].u_prompt	ot_sram_1r1w_512x128_m4_r2c2	wd_in[81]	_02000_	0.578800	
u_cfg.g_live.g_bank\[4\].u_prompt	ot_sram_1r1w_512x128_m4_r2c2	wd_in[82]	_02001_	0.578800	
u_cfg.g_live.g_bank\[4\].u_prompt	ot_sram_1r1w_512x128_m4_r2c2	wd_in[83]	_02002_	0.578800	
u_cfg.g_live.g_bank\[4\].u_prompt	ot_sram_1r1w_512x128_m4_r2c2	wd_in[84]	_02003_	0.578800	
u_cfg.g_live.g_bank\[4\].u_prompt	ot_sram_1r1w_512x128_m4_r2c2	wd_in[85]	_02004_	0.578800	
u_cfg.g_live.g_bank\[4\].u_prompt	ot_sram_1r1w_512x128_m4_r2c2	wd_in[86]	_02005_	0.578800	
u_cfg.g_live.g_bank\[4\].u_prompt	ot_sram_1r1w_512x128_m4_r2c2	wd_in[87]	_02006_	0.578800	
u_cfg.g_live.g_bank\[4\].u_prompt	ot_sram_1r1w_512x128_m4_r2c2	wd_in[88]	_02007_	0.578800	
u_cfg.g_live.g_bank\[4\].u_prompt	ot_sram_1r1w_512x128_m4_r2c2	wd_in[89]	_02008_	0.578800	
u_cfg.g_live.g_bank\[4\].u_prompt	ot_sram_1r1w_512x128_m4_r2c2	wd_in[90]	_02010_	0.578800	
u_cfg.g_live.g_bank\[4\].u_prompt	ot_sram_1r1w_512x128_m4_r2c2	wd_in[91]	_02011_	0.578800	
u_cfg.g_live.g_bank\[4\].u_prompt	ot_sram_1r1w_512x128_m4_r2c2	wd_in[92]	_02012_	0.578800	
u_cfg.g_live.g_bank\[4\].u_prompt	ot_sram_1r1w_512x128_m4_r2c2	wd_in[93]	_02013_	0.578800	
u_cfg.g_live.g_bank\[4\].u_prompt	ot_sram_1r1w_512x128_m4_r2c2	wd_in[94]	_02014_	0.578800	
u_cfg.g_live.g_bank\[4\].u_prompt	ot_sram_1r1w_512x128_m4_r2c2	wd_in[95]	_02015_	0.578800	
u_cfg.g_live.g_bank\[4\].u_prompt	ot_sram_1r1w_512x128_m4_r2c2	wd_in[96]	_02016_	0.578800	
u_cfg.g_live.g_bank\[4\].u_prompt	ot_sram_1r1w_512x128_m4_r2c2	wd_in[97]	_02017_	0.578800	
u_cfg.g_live.g_bank\[4\].u_prompt	ot_sram_1r1w_512x128_m4_r2c2	wd_in[98]	_02018_	0.578800	
u_cfg.g_live.g_bank\[4\].u_prompt	ot_sram_1r1w_512x128_m4_r2c2	wd_in[99]	_02019_	0.578800	
u_cfg.g_live.g_bank\[4\].u_prompt	ot_sram_1r1w_512x128_m4_r2c2	wd_in[100]	_01895_	0.578800	
u_cfg.g_live.g_bank\[4\].u_prompt	ot_sram_1r1w_512x128_m4_r2c2	wd_in[101]	_01896_	0.578800	
u_cfg.g_live.g_bank\[4\].u_prompt	ot_sram_1r1w_512x128_m4_r2c2	wd_in[102]	_01897_	0.578800	
u_cfg.g_live.g_bank\[4\].u_prompt	ot_sram_1r1w_512x128_m4_r2c2	wd_in[103]	_01898_	0.578800	
u_cfg.g_live.g_bank\[4\].u_prompt	ot_sram_1r1w_512x128_m4_r2c2	wd_in[104]	_01899_	0.578800	
u_cfg.g_live.g_bank\[4\].u_prompt	ot_sram_1r1w_512x128_m4_r2c2	wd_in[105]	_01900_	0.578800	
u_cfg.g_live.g_bank\[4\].u_prompt	ot_sram_1r1w_512x128_m4_r2c2	wd_in[106]	_01901_	0.578800	
u_cfg.g_live.g_bank\[4\].u_prompt	ot_sram_1r1w_512x128_m4_r2c2	wd_in[107]	_01902_	0.578800	
u_cfg.g_live.g_bank\[4\].u_prompt	ot_sram_1r1w_512x128_m4_r2c2	wd_in[108]	_01903_	0.578800	
u_cfg.g_live.g_bank\[4\].u_prompt	ot_sram_1r1w_512x128_m4_r2c2	wd_in[109]	_01904_	0.578800	
u_cfg.g_live.g_bank\[4\].u_prompt	ot_sram_1r1w_512x128_m4_r2c2	wd_in[110]	_01906_	0.578800	
u_cfg.g_live.g_bank\[4\].u_prompt	ot_sram_1r1w_512x128_m4_r2c2	wd_in[111]	_01907_	0.578800	
u_cfg.g_live.g_bank\[4\].u_prompt	ot_sram_1r1w_512x128_m4_r2c2	wd_in[112]	_01908_	0.578800	
u_cfg.g_live.g_bank\[4\].u_prompt	ot_sram_1r1w_512x128_m4_r2c2	wd_in[113]	_01909_	0.578800	
u_cfg.g_live.g_bank\[4\].u_prompt	ot_sram_1r1w_512x128_m4_r2c2	wd_in[114]	_01910_	0.578800	
u_cfg.g_live.g_bank\[4\].u_prompt	ot_sram_1r1w_512x128_m4_r2c2	wd_in[115]	_01911_	0.578800	
u_cfg.g_live.g_bank\[4\].u_prompt	ot_sram_1r1w_512x128_m4_r2c2	wd_in[116]	_01912_	0.578800	
u_cfg.g_live.g_bank\[4\].u_prompt	ot_sram_1r1w_512x128_m4_r2c2	wd_in[117]	_01913_	0.578800	
u_cfg.g_live.g_bank\[4\].u_prompt	ot_sram_1r1w_512x128_m4_r2c2	wd_in[118]	_01914_	0.578800	
u_cfg.g_live.g_bank\[4\].u_prompt	ot_sram_1r1w_512x128_m4_r2c2	wd_in[119]	_01915_	0.578800	
u_cfg.g_live.g_bank\[4\].u_prompt	ot_sram_1r1w_512x128_m4_r2c2	wd_in[120]	_01917_	0.578800	
u_cfg.g_live.g_bank\[4\].u_prompt	ot_sram_1r1w_512x128_m4_r2c2	wd_in[121]	_01918_	0.578800	
u_cfg.g_live.g_bank\[4\].u_prompt	ot_sram_1r1w_512x128_m4_r2c2	wd_in[122]	_01919_	0.578800	
u_cfg.g_live.g_bank\[4\].u_prompt	ot_sram_1r1w_512x128_m4_r2c2	wd_in[123]	_01920_	0.578800	
u_cfg.g_live.g_bank\[4\].u_prompt	ot_sram_1r1w_512x128_m4_r2c2	wd_in[124]	_01921_	0.578800	
u_cfg.g_live.g_bank\[4\].u_prompt	ot_sram_1r1w_512x128_m4_r2c2	wd_in[125]	_01922_	0.578800	
u_cfg.g_live.g_bank\[4\].u_prompt	ot_sram_1r1w_512x128_m4_r2c2	wd_in[126]	_01923_	0.578800	
u_cfg.g_live.g_bank\[4\].u_prompt	ot_sram_1r1w_512x128_m4_r2c2	wd_in[127]	_01924_	0.578800	
u_cfg.g_live.g_bank\[4\].u_prompt	ot_sram_1r1w_512x128_m4_r2c2	w_mask_in[0]	_02021_	0.578800	
u_cfg.g_live.g_bank\[4\].u_prompt	ot_sram_1r1w_512x128_m4_r2c2	w_mask_in[1]	_02021_	0.578800	
u_cfg.g_live.g_bank\[4\].u_prompt	ot_sram_1r1w_512x128_m4_r2c2	w_mask_in[2]	_02021_	0.578800	
u_cfg.g_live.g_bank\[4\].u_prompt	ot_sram_1r1w_512x128_m4_r2c2	w_mask_in[3]	_02021_	0.578800	
u_cfg.g_live.g_bank\[4\].u_prompt	ot_sram_1r1w_512x128_m4_r2c2	w_mask_in[4]	_02021_	0.578800	
u_cfg.g_live.g_bank\[4\].u_prompt	ot_sram_1r1w_512x128_m4_r2c2	w_mask_in[5]	_02021_	0.578800	
u_cfg.g_live.g_bank\[4\].u_prompt	ot_sram_1r1w_512x128_m4_r2c2	w_mask_in[6]	_02021_	0.578800	
u_cfg.g_live.g_bank\[4\].u_prompt	ot_sram_1r1w_512x128_m4_r2c2	w_mask_in[7]	_02021_	0.578800	
u_cfg.g_live.g_bank\[4\].u_prompt	ot_sram_1r1w_512x128_m4_r2c2	w_mask_in[8]	_02021_	0.578800	
u_cfg.g_live.g_bank\[4\].u_prompt	ot_sram_1r1w_512x128_m4_r2c2	w_mask_in[9]	_02021_	0.578800	
u_cfg.g_live.g_bank\[4\].u_prompt	ot_sram_1r1w_512x128_m4_r2c2	w_mask_in[10]	_02021_	0.578800	
u_cfg.g_live.g_bank\[4\].u_prompt	ot_sram_1r1w_512x128_m4_r2c2	w_mask_in[11]	_02021_	0.578800	
u_cfg.g_live.g_bank\[4\].u_prompt	ot_sram_1r1w_512x128_m4_r2c2	w_mask_in[12]	_02021_	0.578800	
u_cfg.g_live.g_bank\[4\].u_prompt	ot_sram_1r1w_512x128_m4_r2c2	w_mask_in[13]	_02021_	0.578800	
u_cfg.g_live.g_bank\[4\].u_prompt	ot_sram_1r1w_512x128_m4_r2c2	w_mask_in[14]	_02021_	0.578800	
u_cfg.g_live.g_bank\[4\].u_prompt	ot_sram_1r1w_512x128_m4_r2c2	w_mask_in[15]	_02021_	0.578800	
u_cfg.g_live.g_bank\[4\].u_prompt	ot_sram_1r1w_512x128_m4_r2c2	w_mask_in[16]	_02021_	0.578800	
u_cfg.g_live.g_bank\[4\].u_prompt	ot_sram_1r1w_512x128_m4_r2c2	w_mask_in[17]	_02021_	0.578800	
u_cfg.g_live.g_bank\[4\].u_prompt	ot_sram_1r1w_512x128_m4_r2c2	w_mask_in[18]	_02021_	0.578800	
u_cfg.g_live.g_bank\[4\].u_prompt	ot_sram_1r1w_512x128_m4_r2c2	w_mask_in[19]	_02021_	0.578800	
u_cfg.g_live.g_bank\[4\].u_prompt	ot_sram_1r1w_512x128_m4_r2c2	w_mask_in[20]	_02021_	0.578800	
u_cfg.g_live.g_bank\[4\].u_prompt	ot_sram_1r1w_512x128_m4_r2c2	w_mask_in[21]	_02021_	0.578800	
u_cfg.g_live.g_bank\[4\].u_prompt	ot_sram_1r1w_512x128_m4_r2c2	w_mask_in[22]	_02021_	0.578800	
u_cfg.g_live.g_bank\[4\].u_prompt	ot_sram_1r1w_512x128_m4_r2c2	w_mask_in[23]	_02021_	0.578800	
u_cfg.g_live.g_bank\[4\].u_prompt	ot_sram_1r1w_512x128_m4_r2c2	w_mask_in[24]	_02021_	0.578800	
u_cfg.g_live.g_bank\[4\].u_prompt	ot_sram_1r1w_512x128_m4_r2c2	w_mask_in[25]	_02021_	0.578800	
u_cfg.g_live.g_bank\[4\].u_prompt	ot_sram_1r1w_512x128_m4_r2c2	w_mask_in[26]	_02021_	0.578800	
u_cfg.g_live.g_bank\[4\].u_prompt	ot_sram_1r1w_512x128_m4_r2c2	w_mask_in[27]	_02021_	0.578800	
u_cfg.g_live.g_bank\[4\].u_prompt	ot_sram_1r1w_512x128_m4_r2c2	w_mask_in[28]	_02021_	0.578800	
u_cfg.g_live.g_bank\[4\].u_prompt	ot_sram_1r1w_512x128_m4_r2c2	w_mask_in[29]	_02021_	0.578800	
u_cfg.g_live.g_bank\[4\].u_prompt	ot_sram_1r1w_512x128_m4_r2c2	w_mask_in[30]	_02021_	0.578800	
u_cfg.g_live.g_bank\[4\].u_prompt	ot_sram_1r1w_512x128_m4_r2c2	w_mask_in[31]	_02021_	0.578800	
u_cfg.g_live.g_bank\[4\].u_prompt	ot_sram_1r1w_512x128_m4_r2c2	w_mask_in[32]	_02021_	0.578800	
u_cfg.g_live.g_bank\[4\].u_prompt	ot_sram_1r1w_512x128_m4_r2c2	w_mask_in[33]	_02021_	0.578800	
u_cfg.g_live.g_bank\[4\].u_prompt	ot_sram_1r1w_512x128_m4_r2c2	w_mask_in[34]	_02021_	0.578800	
u_cfg.g_live.g_bank\[4\].u_prompt	ot_sram_1r1w_512x128_m4_r2c2	w_mask_in[35]	_02021_	0.578800	
u_cfg.g_live.g_bank\[4\].u_prompt	ot_sram_1r1w_512x128_m4_r2c2	w_mask_in[36]	_02021_	0.578800	
u_cfg.g_live.g_bank\[4\].u_prompt	ot_sram_1r1w_512x128_m4_r2c2	w_mask_in[37]	_02021_	0.578800	
u_cfg.g_live.g_bank\[4\].u_prompt	ot_sram_1r1w_512x128_m4_r2c2	w_mask_in[38]	_02021_	0.578800	
u_cfg.g_live.g_bank\[4\].u_prompt	ot_sram_1r1w_512x128_m4_r2c2	w_mask_in[39]	_02021_	0.578800	
u_cfg.g_live.g_bank\[4\].u_prompt	ot_sram_1r1w_512x128_m4_r2c2	w_mask_in[40]	_02021_	0.578800	
u_cfg.g_live.g_bank\[4\].u_prompt	ot_sram_1r1w_512x128_m4_r2c2	w_mask_in[41]	_02021_	0.578800	
u_cfg.g_live.g_bank\[4\].u_prompt	ot_sram_1r1w_512x128_m4_r2c2	w_mask_in[42]	_02021_	0.578800	
u_cfg.g_live.g_bank\[4\].u_prompt	ot_sram_1r1w_512x128_m4_r2c2	w_mask_in[43]	_02021_	0.578800	
u_cfg.g_live.g_bank\[4\].u_prompt	ot_sram_1r1w_512x128_m4_r2c2	w_mask_in[44]	_02021_	0.578800	
u_cfg.g_live.g_bank\[4\].u_prompt	ot_sram_1r1w_512x128_m4_r2c2	w_mask_in[45]	_02021_	0.578800	
u_cfg.g_live.g_bank\[4\].u_prompt	ot_sram_1r1w_512x128_m4_r2c2	w_mask_in[46]	_02021_	0.578800	
u_cfg.g_live.g_bank\[4\].u_prompt	ot_sram_1r1w_512x128_m4_r2c2	w_mask_in[47]	_02021_	0.578800	
u_cfg.g_live.g_bank\[4\].u_prompt	ot_sram_1r1w_512x128_m4_r2c2	w_mask_in[48]	_02021_	0.578800	
u_cfg.g_live.g_bank\[4\].u_prompt	ot_sram_1r1w_512x128_m4_r2c2	w_mask_in[49]	_02021_	0.578800	
u_cfg.g_live.g_bank\[4\].u_prompt	ot_sram_1r1w_512x128_m4_r2c2	w_mask_in[50]	_02021_	0.578800	
u_cfg.g_live.g_bank\[4\].u_prompt	ot_sram_1r1w_512x128_m4_r2c2	w_mask_in[51]	_02021_	0.578800	
u_cfg.g_live.g_bank\[4\].u_prompt	ot_sram_1r1w_512x128_m4_r2c2	w_mask_in[52]	_02021_	0.578800	
u_cfg.g_live.g_bank\[4\].u_prompt	ot_sram_1r1w_512x128_m4_r2c2	w_mask_in[53]	_02021_	0.578800	
u_cfg.g_live.g_bank\[4\].u_prompt	ot_sram_1r1w_512x128_m4_r2c2	w_mask_in[54]	_02021_	0.578800	
u_cfg.g_live.g_bank\[4\].u_prompt	ot_sram_1r1w_512x128_m4_r2c2	w_mask_in[55]	_02021_	0.578800	
u_cfg.g_live.g_bank\[4\].u_prompt	ot_sram_1r1w_512x128_m4_r2c2	w_mask_in[56]	_02021_	0.578800	
u_cfg.g_live.g_bank\[4\].u_prompt	ot_sram_1r1w_512x128_m4_r2c2	w_mask_in[57]	_02021_	0.578800	
u_cfg.g_live.g_bank\[4\].u_prompt	ot_sram_1r1w_512x128_m4_r2c2	w_mask_in[58]	_02021_	0.578800	
u_cfg.g_live.g_bank\[4\].u_prompt	ot_sram_1r1w_512x128_m4_r2c2	w_mask_in[59]	_02021_	0.578800	
u_cfg.g_live.g_bank\[4\].u_prompt	ot_sram_1r1w_512x128_m4_r2c2	w_mask_in[60]	_02021_	0.578800	
u_cfg.g_live.g_bank\[4\].u_prompt	ot_sram_1r1w_512x128_m4_r2c2	w_mask_in[61]	_02021_	0.578800	
u_cfg.g_live.g_bank\[4\].u_prompt	ot_sram_1r1w_512x128_m4_r2c2	w_mask_in[62]	_02021_	0.578800	
u_cfg.g_live.g_bank\[4\].u_prompt	ot_sram_1r1w_512x128_m4_r2c2	w_mask_in[63]	_02021_	0.578800	
u_cfg.g_live.g_bank\[4\].u_prompt	ot_sram_1r1w_512x128_m4_r2c2	w_mask_in[64]	_02022_	0.578800	
u_cfg.g_live.g_bank\[4\].u_prompt	ot_sram_1r1w_512x128_m4_r2c2	w_mask_in[65]	_02022_	0.578800	
u_cfg.g_live.g_bank\[4\].u_prompt	ot_sram_1r1w_512x128_m4_r2c2	w_mask_in[66]	_02022_	0.578800	
u_cfg.g_live.g_bank\[4\].u_prompt	ot_sram_1r1w_512x128_m4_r2c2	w_mask_in[67]	_02022_	0.578800	
u_cfg.g_live.g_bank\[4\].u_prompt	ot_sram_1r1w_512x128_m4_r2c2	w_mask_in[68]	_02022_	0.578800	
u_cfg.g_live.g_bank\[4\].u_prompt	ot_sram_1r1w_512x128_m4_r2c2	w_mask_in[69]	_02022_	0.578800	
u_cfg.g_live.g_bank\[4\].u_prompt	ot_sram_1r1w_512x128_m4_r2c2	w_mask_in[70]	_02022_	0.578800	
u_cfg.g_live.g_bank\[4\].u_prompt	ot_sram_1r1w_512x128_m4_r2c2	w_mask_in[71]	_02022_	0.578800	
u_cfg.g_live.g_bank\[4\].u_prompt	ot_sram_1r1w_512x128_m4_r2c2	w_mask_in[72]	_02022_	0.578800	
u_cfg.g_live.g_bank\[4\].u_prompt	ot_sram_1r1w_512x128_m4_r2c2	w_mask_in[73]	_02022_	0.578800	
u_cfg.g_live.g_bank\[4\].u_prompt	ot_sram_1r1w_512x128_m4_r2c2	w_mask_in[74]	_02022_	0.578800	
u_cfg.g_live.g_bank\[4\].u_prompt	ot_sram_1r1w_512x128_m4_r2c2	w_mask_in[75]	_02022_	0.578800	
u_cfg.g_live.g_bank\[4\].u_prompt	ot_sram_1r1w_512x128_m4_r2c2	w_mask_in[76]	_02022_	0.578800	
u_cfg.g_live.g_bank\[4\].u_prompt	ot_sram_1r1w_512x128_m4_r2c2	w_mask_in[77]	_02022_	0.578800	
u_cfg.g_live.g_bank\[4\].u_prompt	ot_sram_1r1w_512x128_m4_r2c2	w_mask_in[78]	_02022_	0.578800	
u_cfg.g_live.g_bank\[4\].u_prompt	ot_sram_1r1w_512x128_m4_r2c2	w_mask_in[79]	_02022_	0.578800	
u_cfg.g_live.g_bank\[4\].u_prompt	ot_sram_1r1w_512x128_m4_r2c2	w_mask_in[80]	_02022_	0.578800	
u_cfg.g_live.g_bank\[4\].u_prompt	ot_sram_1r1w_512x128_m4_r2c2	w_mask_in[81]	_02022_	0.578800	
u_cfg.g_live.g_bank\[4\].u_prompt	ot_sram_1r1w_512x128_m4_r2c2	w_mask_in[82]	_02022_	0.578800	
u_cfg.g_live.g_bank\[4\].u_prompt	ot_sram_1r1w_512x128_m4_r2c2	w_mask_in[83]	_02022_	0.578800	
u_cfg.g_live.g_bank\[4\].u_prompt	ot_sram_1r1w_512x128_m4_r2c2	w_mask_in[84]	_02022_	0.578800	
u_cfg.g_live.g_bank\[4\].u_prompt	ot_sram_1r1w_512x128_m4_r2c2	w_mask_in[85]	_02022_	0.578800	
u_cfg.g_live.g_bank\[4\].u_prompt	ot_sram_1r1w_512x128_m4_r2c2	w_mask_in[86]	_02022_	0.578800	
u_cfg.g_live.g_bank\[4\].u_prompt	ot_sram_1r1w_512x128_m4_r2c2	w_mask_in[87]	_02022_	0.578800	
u_cfg.g_live.g_bank\[4\].u_prompt	ot_sram_1r1w_512x128_m4_r2c2	w_mask_in[88]	_02022_	0.578800	
u_cfg.g_live.g_bank\[4\].u_prompt	ot_sram_1r1w_512x128_m4_r2c2	w_mask_in[89]	_02022_	0.578800	
u_cfg.g_live.g_bank\[4\].u_prompt	ot_sram_1r1w_512x128_m4_r2c2	w_mask_in[90]	_02022_	0.578800	
u_cfg.g_live.g_bank\[4\].u_prompt	ot_sram_1r1w_512x128_m4_r2c2	w_mask_in[91]	_02022_	0.578800	
u_cfg.g_live.g_bank\[4\].u_prompt	ot_sram_1r1w_512x128_m4_r2c2	w_mask_in[92]	_02022_	0.578800	
u_cfg.g_live.g_bank\[4\].u_prompt	ot_sram_1r1w_512x128_m4_r2c2	w_mask_in[93]	_02022_	0.578800	
u_cfg.g_live.g_bank\[4\].u_prompt	ot_sram_1r1w_512x128_m4_r2c2	w_mask_in[94]	_02022_	0.578800	
u_cfg.g_live.g_bank\[4\].u_prompt	ot_sram_1r1w_512x128_m4_r2c2	w_mask_in[95]	_02022_	0.578800	
u_cfg.g_live.g_bank\[4\].u_prompt	ot_sram_1r1w_512x128_m4_r2c2	w_mask_in[96]	_02022_	0.578800	
u_cfg.g_live.g_bank\[4\].u_prompt	ot_sram_1r1w_512x128_m4_r2c2	w_mask_in[97]	_02022_	0.578800	
u_cfg.g_live.g_bank\[4\].u_prompt	ot_sram_1r1w_512x128_m4_r2c2	w_mask_in[98]	_02022_	0.578800	
u_cfg.g_live.g_bank\[4\].u_prompt	ot_sram_1r1w_512x128_m4_r2c2	w_mask_in[99]	_02022_	0.578800	
u_cfg.g_live.g_bank\[4\].u_prompt	ot_sram_1r1w_512x128_m4_r2c2	w_mask_in[100]	_02022_	0.578800	
u_cfg.g_live.g_bank\[4\].u_prompt	ot_sram_1r1w_512x128_m4_r2c2	w_mask_in[101]	_02022_	0.578800	
u_cfg.g_live.g_bank\[4\].u_prompt	ot_sram_1r1w_512x128_m4_r2c2	w_mask_in[102]	_02022_	0.578800	
u_cfg.g_live.g_bank\[4\].u_prompt	ot_sram_1r1w_512x128_m4_r2c2	w_mask_in[103]	_02022_	0.578800	
u_cfg.g_live.g_bank\[4\].u_prompt	ot_sram_1r1w_512x128_m4_r2c2	w_mask_in[104]	_02022_	0.578800	
u_cfg.g_live.g_bank\[4\].u_prompt	ot_sram_1r1w_512x128_m4_r2c2	w_mask_in[105]	_02022_	0.578800	
u_cfg.g_live.g_bank\[4\].u_prompt	ot_sram_1r1w_512x128_m4_r2c2	w_mask_in[106]	_02022_	0.578800	
u_cfg.g_live.g_bank\[4\].u_prompt	ot_sram_1r1w_512x128_m4_r2c2	w_mask_in[107]	_02022_	0.578800	
u_cfg.g_live.g_bank\[4\].u_prompt	ot_sram_1r1w_512x128_m4_r2c2	w_mask_in[108]	_02022_	0.578800	
u_cfg.g_live.g_bank\[4\].u_prompt	ot_sram_1r1w_512x128_m4_r2c2	w_mask_in[109]	_02022_	0.578800	
u_cfg.g_live.g_bank\[4\].u_prompt	ot_sram_1r1w_512x128_m4_r2c2	w_mask_in[110]	_02022_	0.578800	
u_cfg.g_live.g_bank\[4\].u_prompt	ot_sram_1r1w_512x128_m4_r2c2	w_mask_in[111]	_02022_	0.578800	
u_cfg.g_live.g_bank\[4\].u_prompt	ot_sram_1r1w_512x128_m4_r2c2	w_mask_in[112]	_02022_	0.578800	
u_cfg.g_live.g_bank\[4\].u_prompt	ot_sram_1r1w_512x128_m4_r2c2	w_mask_in[113]	_02022_	0.578800	
u_cfg.g_live.g_bank\[4\].u_prompt	ot_sram_1r1w_512x128_m4_r2c2	w_mask_in[114]	_02022_	0.578800	
u_cfg.g_live.g_bank\[4\].u_prompt	ot_sram_1r1w_512x128_m4_r2c2	w_mask_in[115]	_02022_	0.578800	
u_cfg.g_live.g_bank\[4\].u_prompt	ot_sram_1r1w_512x128_m4_r2c2	w_mask_in[116]	_02022_	0.578800	
u_cfg.g_live.g_bank\[4\].u_prompt	ot_sram_1r1w_512x128_m4_r2c2	w_mask_in[117]	_02022_	0.578800	
u_cfg.g_live.g_bank\[4\].u_prompt	ot_sram_1r1w_512x128_m4_r2c2	w_mask_in[118]	_02022_	0.578800	
u_cfg.g_live.g_bank\[4\].u_prompt	ot_sram_1r1w_512x128_m4_r2c2	w_mask_in[119]	_02022_	0.578800	
u_cfg.g_live.g_bank\[4\].u_prompt	ot_sram_1r1w_512x128_m4_r2c2	w_mask_in[120]	_02022_	0.578800	
u_cfg.g_live.g_bank\[4\].u_prompt	ot_sram_1r1w_512x128_m4_r2c2	w_mask_in[121]	_02022_	0.578800	
u_cfg.g_live.g_bank\[4\].u_prompt	ot_sram_1r1w_512x128_m4_r2c2	w_mask_in[122]	_02022_	0.578800	
u_cfg.g_live.g_bank\[4\].u_prompt	ot_sram_1r1w_512x128_m4_r2c2	w_mask_in[123]	_02022_	0.578800	
u_cfg.g_live.g_bank\[4\].u_prompt	ot_sram_1r1w_512x128_m4_r2c2	w_mask_in[124]	_02022_	0.578800	
u_cfg.g_live.g_bank\[4\].u_prompt	ot_sram_1r1w_512x128_m4_r2c2	w_mask_in[125]	_02022_	0.578800	
u_cfg.g_live.g_bank\[4\].u_prompt	ot_sram_1r1w_512x128_m4_r2c2	w_mask_in[126]	_02022_	0.578800	
u_cfg.g_live.g_bank\[4\].u_prompt	ot_sram_1r1w_512x128_m4_r2c2	w_mask_in[127]	_02022_	0.578800	
u_cfg.g_live.g_bank\[4\].u_prompt	ot_sram_1r1w_512x128_m4_r2c2	rr_en[0]	_10622_	0.578800	
u_cfg.g_live.g_bank\[4\].u_prompt	ot_sram_1r1w_512x128_m4_r2c2	rr_en[1]	_10622_	0.578800	
u_cfg.g_live.g_bank\[4\].u_prompt	ot_sram_1r1w_512x128_m4_r2c2	rr_addr[0]	_10622_	0.578800	
u_cfg.g_live.g_bank\[4\].u_prompt	ot_sram_1r1w_512x128_m4_r2c2	rr_addr[1]	_10622_	0.578800	
u_cfg.g_live.g_bank\[4\].u_prompt	ot_sram_1r1w_512x128_m4_r2c2	rr_addr[2]	_10622_	0.578800	
u_cfg.g_live.g_bank\[4\].u_prompt	ot_sram_1r1w_512x128_m4_r2c2	rr_addr[3]	_10622_	0.578800	
u_cfg.g_live.g_bank\[4\].u_prompt	ot_sram_1r1w_512x128_m4_r2c2	rr_addr[4]	_10622_	0.578800	
u_cfg.g_live.g_bank\[4\].u_prompt	ot_sram_1r1w_512x128_m4_r2c2	rr_addr[5]	_10622_	0.578800	
u_cfg.g_live.g_bank\[4\].u_prompt	ot_sram_1r1w_512x128_m4_r2c2	rr_addr[6]	_10622_	0.578800	
u_cfg.g_live.g_bank\[4\].u_prompt	ot_sram_1r1w_512x128_m4_r2c2	rr_addr[7]	_10622_	0.578800	
u_cfg.g_live.g_bank\[4\].u_prompt	ot_sram_1r1w_512x128_m4_r2c2	rr_addr[8]	_10622_	0.578800	
u_cfg.g_live.g_bank\[4\].u_prompt	ot_sram_1r1w_512x128_m4_r2c2	rr_addr[9]	_10622_	0.578800	
u_cfg.g_live.g_bank\[4\].u_prompt	ot_sram_1r1w_512x128_m4_r2c2	rr_addr[10]	_10622_	0.578800	
u_cfg.g_live.g_bank\[4\].u_prompt	ot_sram_1r1w_512x128_m4_r2c2	rr_addr[11]	_10622_	0.578800	
u_cfg.g_live.g_bank\[4\].u_prompt	ot_sram_1r1w_512x128_m4_r2c2	rr_addr[12]	_10622_	0.578800	
u_cfg.g_live.g_bank\[4\].u_prompt	ot_sram_1r1w_512x128_m4_r2c2	rr_addr[13]	_10622_	0.578800	
u_cfg.g_live.g_bank\[4\].u_prompt	ot_sram_1r1w_512x128_m4_r2c2	cr_en[0]	_10622_	0.578800	
u_cfg.g_live.g_bank\[4\].u_prompt	ot_sram_1r1w_512x128_m4_r2c2	cr_en[1]	_10622_	0.578800	
u_cfg.g_live.g_bank\[4\].u_prompt	ot_sram_1r1w_512x128_m4_r2c2	cr_sel[0]	_10622_	0.578800	
u_cfg.g_live.g_bank\[4\].u_prompt	ot_sram_1r1w_512x128_m4_r2c2	cr_sel[1]	_10622_	0.578800	
u_cfg.g_live.g_bank\[4\].u_prompt	ot_sram_1r1w_512x128_m4_r2c2	cr_sel[2]	_10622_	0.578800	
u_cfg.g_live.g_bank\[4\].u_prompt	ot_sram_1r1w_512x128_m4_r2c2	cr_sel[3]	_10622_	0.578800	
u_cfg.g_live.g_bank\[4\].u_prompt	ot_sram_1r1w_512x128_m4_r2c2	cr_sel[4]	_10622_	0.578800	
u_cfg.g_live.g_bank\[4\].u_prompt	ot_sram_1r1w_512x128_m4_r2c2	cr_sel[5]	_10622_	0.578800	
u_cfg.g_live.g_bank\[4\].u_prompt	ot_sram_1r1w_512x128_m4_r2c2	cr_sel[6]	_10622_	0.578800	
u_cfg.g_live.g_bank\[4\].u_prompt	ot_sram_1r1w_512x128_m4_r2c2	cr_sel[7]	_10622_	0.578800	
u_cfg.g_live.g_bank\[4\].u_prompt	ot_sram_1r1w_512x128_m4_r2c2	cr_sel[8]	_10622_	0.578800	
u_cfg.g_live.g_bank\[4\].u_prompt	ot_sram_1r1w_512x128_m4_r2c2	cr_sel[9]	_10622_	0.578800	
u_cfg.g_live.g_bank\[4\].u_prompt	ot_sram_1r1w_512x128_m4_r2c2	cr_sel[10]	_10622_	0.578800	
u_cfg.g_live.g_bank\[4\].u_prompt	ot_sram_1r1w_512x128_m4_r2c2	cr_sel[11]	_10622_	0.578800	
u_cfg.g_live.g_bank\[4\].u_prompt	ot_sram_1r1w_512x128_m4_r2c2	cr_sel[12]	_10622_	0.578800	
u_cfg.g_live.g_bank\[4\].u_prompt	ot_sram_1r1w_512x128_m4_r2c2	cr_sel[13]	_10622_	0.578800	
u_cfg.g_live.g_bank\[5\].u_prompt	ot_sram_1r1w_512x128_m4_r2c2	clk	clk	8.683800	
u_cfg.g_live.g_bank\[5\].u_prompt	ot_sram_1r1w_512x128_m4_r2c2	r_ce_in	_02031_	0.578800	
u_cfg.g_live.g_bank\[5\].u_prompt	ot_sram_1r1w_512x128_m4_r2c2	r_addr_in[0]	u_cfg.g_live.read_index\[1\]	0.578800	
u_cfg.g_live.g_bank\[5\].u_prompt	ot_sram_1r1w_512x128_m4_r2c2	r_addr_in[1]	u_cfg.g_live.read_index\[2\]	0.578800	
u_cfg.g_live.g_bank\[5\].u_prompt	ot_sram_1r1w_512x128_m4_r2c2	r_addr_in[2]	u_cfg.g_live.read_index\[3\]	0.578800	
u_cfg.g_live.g_bank\[5\].u_prompt	ot_sram_1r1w_512x128_m4_r2c2	r_addr_in[3]	u_cfg.g_live.read_index\[4\]	0.578800	
u_cfg.g_live.g_bank\[5\].u_prompt	ot_sram_1r1w_512x128_m4_r2c2	r_addr_in[4]	u_cfg.g_live.read_index\[5\]	0.578800	
u_cfg.g_live.g_bank\[5\].u_prompt	ot_sram_1r1w_512x128_m4_r2c2	r_addr_in[5]	u_cfg.g_live.read_index\[6\]	0.578800	
u_cfg.g_live.g_bank\[5\].u_prompt	ot_sram_1r1w_512x128_m4_r2c2	r_addr_in[6]	u_cfg.g_live.read_index\[7\]	0.578800	
u_cfg.g_live.g_bank\[5\].u_prompt	ot_sram_1r1w_512x128_m4_r2c2	r_addr_in[7]	u_cfg.g_live.read_index\[8\]	0.578800	
u_cfg.g_live.g_bank\[5\].u_prompt	ot_sram_1r1w_512x128_m4_r2c2	r_addr_in[8]	u_cfg.g_live.read_index\[9\]	0.578800	
u_cfg.g_live.g_bank\[5\].u_prompt	ot_sram_1r1w_512x128_m4_r2c2	rd_out[0]	u_cfg.g_live.bank_q\[1024\]	0.924352	{_14583_ B 0.924352}
u_cfg.g_live.g_bank\[5\].u_prompt	ot_sram_1r1w_512x128_m4_r2c2	rd_out[1]	u_cfg.g_live.bank_q\[1025\]	0.924352	{_14369_ B 0.924352}
u_cfg.g_live.g_bank\[5\].u_prompt	ot_sram_1r1w_512x128_m4_r2c2	rd_out[2]	u_cfg.g_live.bank_q\[1026\]	0.924352	{_14724_ B 0.924352}
u_cfg.g_live.g_bank\[5\].u_prompt	ot_sram_1r1w_512x128_m4_r2c2	rd_out[3]	u_cfg.g_live.bank_q\[1027\]	0.924352	{_14472_ B 0.924352}
u_cfg.g_live.g_bank\[5\].u_prompt	ot_sram_1r1w_512x128_m4_r2c2	rd_out[4]	u_cfg.g_live.bank_q\[1028\]	0.924352	{_14521_ B 0.924352}
u_cfg.g_live.g_bank\[5\].u_prompt	ot_sram_1r1w_512x128_m4_r2c2	rd_out[5]	u_cfg.g_live.bank_q\[1029\]	0.578766	{_14671_ A 0.578766}
u_cfg.g_live.g_bank\[5\].u_prompt	ot_sram_1r1w_512x128_m4_r2c2	rd_out[6]	u_cfg.g_live.bank_q\[1030\]	0.874367	{_14633_ A2 0.874367}
u_cfg.g_live.g_bank\[5\].u_prompt	ot_sram_1r1w_512x128_m4_r2c2	rd_out[7]	u_cfg.g_live.bank_q\[1031\]	0.924352	{_15099_ B 0.924352}
u_cfg.g_live.g_bank\[5\].u_prompt	ot_sram_1r1w_512x128_m4_r2c2	rd_out[8]	u_cfg.g_live.bank_q\[1032\]	0.924352	{_14950_ B 0.924352}
u_cfg.g_live.g_bank\[5\].u_prompt	ot_sram_1r1w_512x128_m4_r2c2	rd_out[9]	u_cfg.g_live.bank_q\[1033\]	0.924352	{_14991_ B 0.924352}
u_cfg.g_live.g_bank\[5\].u_prompt	ot_sram_1r1w_512x128_m4_r2c2	rd_out[10]	u_cfg.g_live.bank_q\[1034\]	0.924352	{_14900_ B 0.924352}
u_cfg.g_live.g_bank\[5\].u_prompt	ot_sram_1r1w_512x128_m4_r2c2	rd_out[11]	u_cfg.g_live.bank_q\[1035\]	0.578766	{_13976_ A 0.578766}
u_cfg.g_live.g_bank\[5\].u_prompt	ot_sram_1r1w_512x128_m4_r2c2	rd_out[12]	u_cfg.g_live.bank_q\[1036\]	0.924352	{_13845_ B 0.924352}
u_cfg.g_live.g_bank\[5\].u_prompt	ot_sram_1r1w_512x128_m4_r2c2	rd_out[13]	u_cfg.g_live.bank_q\[1037\]	0.924352	{_13800_ B 0.924352}
u_cfg.g_live.g_bank\[5\].u_prompt	ot_sram_1r1w_512x128_m4_r2c2	rd_out[14]	u_cfg.g_live.bank_q\[1038\]	0.578766	{_14042_ A 0.578766}
u_cfg.g_live.g_bank\[5\].u_prompt	ot_sram_1r1w_512x128_m4_r2c2	rd_out[15]	u_cfg.g_live.bank_q\[1039\]	0.924352	{_13896_ B 0.924352}
u_cfg.g_live.g_bank\[5\].u_prompt	ot_sram_1r1w_512x128_m4_r2c2	rd_out[16]	u_cfg.g_live.bank_q\[1040\]	0.924352	{_12817_ B 0.924352}
u_cfg.g_live.g_bank\[5\].u_prompt	ot_sram_1r1w_512x128_m4_r2c2	rd_out[17]	u_cfg.g_live.bank_q\[1041\]	0.874367	{_12775_ A2 0.874367}
u_cfg.g_live.g_bank\[5\].u_prompt	ot_sram_1r1w_512x128_m4_r2c2	rd_out[18]	u_cfg.g_live.bank_q\[1042\]	0.924352	{_12710_ B 0.924352}
u_cfg.g_live.g_bank\[5\].u_prompt	ot_sram_1r1w_512x128_m4_r2c2	rd_out[19]	u_cfg.g_live.bank_q\[1043\]	0.924352	{_12888_ B 0.924352}
u_cfg.g_live.g_bank\[5\].u_prompt	ot_sram_1r1w_512x128_m4_r2c2	rd_out[20]	u_cfg.g_live.bank_q\[1044\]	0.924352	{_12206_ B 0.924352}
u_cfg.g_live.g_bank\[5\].u_prompt	ot_sram_1r1w_512x128_m4_r2c2	rd_out[21]	u_cfg.g_live.bank_q\[1045\]	0.924352	{_12271_ B 0.924352}
u_cfg.g_live.g_bank\[5\].u_prompt	ot_sram_1r1w_512x128_m4_r2c2	rd_out[22]	u_cfg.g_live.bank_q\[1046\]	0.924352	{_12284_ B 0.924352}
u_cfg.g_live.g_bank\[5\].u_prompt	ot_sram_1r1w_512x128_m4_r2c2	rd_out[23]	u_cfg.g_live.bank_q\[1047\]	0.924352	{_12452_ B 0.924352}
u_cfg.g_live.g_bank\[5\].u_prompt	ot_sram_1r1w_512x128_m4_r2c2	rd_out[24]	u_cfg.g_live.bank_q\[1048\]	0.924352	{_12610_ B 0.924352}
u_cfg.g_live.g_bank\[5\].u_prompt	ot_sram_1r1w_512x128_m4_r2c2	rd_out[25]	u_cfg.g_live.bank_q\[1049\]	0.924352	{_12497_ B 0.924352}
u_cfg.g_live.g_bank\[5\].u_prompt	ot_sram_1r1w_512x128_m4_r2c2	rd_out[26]	u_cfg.g_live.bank_q\[1050\]	0.489888	{_15659_ B 0.489888}
u_cfg.g_live.g_bank\[5\].u_prompt	ot_sram_1r1w_512x128_m4_r2c2	rd_out[27]	u_cfg.g_live.bank_q\[1051\]	0.924352	{_15464_ B 0.924352}
u_cfg.g_live.g_bank\[5\].u_prompt	ot_sram_1r1w_512x128_m4_r2c2	rd_out[28]	u_cfg.g_live.bank_q\[1052\]	0.578766	{_15574_ A 0.578766}
u_cfg.g_live.g_bank\[5\].u_prompt	ot_sram_1r1w_512x128_m4_r2c2	rd_out[29]	u_cfg.g_live.bank_q\[1053\]	0.924352	{_15358_ B 0.924352}
u_cfg.g_live.g_bank\[5\].u_prompt	ot_sram_1r1w_512x128_m4_r2c2	rd_out[30]	u_cfg.g_live.bank_q\[1054\]	0.874367	{_15604_ A2 0.874367}
u_cfg.g_live.g_bank\[5\].u_prompt	ot_sram_1r1w_512x128_m4_r2c2	rd_out[31]	u_cfg.g_live.bank_q\[1055\]	0.924352	{_15701_ B 0.924352}
u_cfg.g_live.g_bank\[5\].u_prompt	ot_sram_1r1w_512x128_m4_r2c2	rd_out[32]	u_cfg.g_live.bank_q\[1056\]	0.578766	{_15133_ A 0.578766}
u_cfg.g_live.g_bank\[5\].u_prompt	ot_sram_1r1w_512x128_m4_r2c2	rd_out[33]	u_cfg.g_live.bank_q\[1057\]	0.924352	{_14184_ B 0.924352}
u_cfg.g_live.g_bank\[5\].u_prompt	ot_sram_1r1w_512x128_m4_r2c2	rd_out[34]	u_cfg.g_live.bank_q\[1058\]	0.578766	{_14271_ A 0.578766}
u_cfg.g_live.g_bank\[5\].u_prompt	ot_sram_1r1w_512x128_m4_r2c2	rd_out[35]	u_cfg.g_live.bank_q\[1059\]	0.924352	{_14163_ B 0.924352}
u_cfg.g_live.g_bank\[5\].u_prompt	ot_sram_1r1w_512x128_m4_r2c2	rd_out[36]	u_cfg.g_live.bank_q\[1060\]	0.528014	{_14323_ A2 0.528014}
u_cfg.g_live.g_bank\[5\].u_prompt	ot_sram_1r1w_512x128_m4_r2c2	rd_out[37]	u_cfg.g_live.bank_q\[1061\]	0.924352	{_15310_ B 0.924352}
u_cfg.g_live.g_bank\[5\].u_prompt	ot_sram_1r1w_512x128_m4_r2c2	rd_out[38]	u_cfg.g_live.bank_q\[1062\]	0.578766	{_15401_ A 0.578766}
u_cfg.g_live.g_bank\[5\].u_prompt	ot_sram_1r1w_512x128_m4_r2c2	rd_out[39]	u_cfg.g_live.bank_q\[1063\]	0.578766	{_15217_ A 0.578766}
u_cfg.g_live.g_bank\[5\].u_prompt	ot_sram_1r1w_512x128_m4_r2c2	rd_out[40]	u_cfg.g_live.bank_q\[1064\]	0.924352	{_15272_ B 0.924352}
u_cfg.g_live.g_bank\[5\].u_prompt	ot_sram_1r1w_512x128_m4_r2c2	rd_out[41]	u_cfg.g_live.bank_q\[1065\]	0.924352	{_13487_ B 0.924352}
u_cfg.g_live.g_bank\[5\].u_prompt	ot_sram_1r1w_512x128_m4_r2c2	rd_out[42]	u_cfg.g_live.bank_q\[1066\]	0.874367	{_13710_ A2 0.874367}
u_cfg.g_live.g_bank\[5\].u_prompt	ot_sram_1r1w_512x128_m4_r2c2	rd_out[43]	u_cfg.g_live.bank_q\[1067\]	0.874367	{_13757_ A2 0.874367}
u_cfg.g_live.g_bank\[5\].u_prompt	ot_sram_1r1w_512x128_m4_r2c2	rd_out[44]	u_cfg.g_live.bank_q\[1068\]	0.489888	{_13607_ B 0.489888}
u_cfg.g_live.g_bank\[5\].u_prompt	ot_sram_1r1w_512x128_m4_r2c2	rd_out[45]	u_cfg.g_live.bank_q\[1069\]	0.924352	{_13944_ B 0.924352}
u_cfg.g_live.g_bank\[5\].u_prompt	ot_sram_1r1w_512x128_m4_r2c2	rd_out[46]	u_cfg.g_live.bank_q\[1070\]	0.924352	{_13528_ B 0.924352}
u_cfg.g_live.g_bank\[5\].u_prompt	ot_sram_1r1w_512x128_m4_r2c2	rd_out[47]	u_cfg.g_live.bank_q\[1071\]	0.924352	{_13659_ B 0.924352}
u_cfg.g_live.g_bank\[5\].u_prompt	ot_sram_1r1w_512x128_m4_r2c2	rd_out[48]	u_cfg.g_live.bank_q\[1072\]	0.924352	{_13026_ B 0.924352}
u_cfg.g_live.g_bank\[5\].u_prompt	ot_sram_1r1w_512x128_m4_r2c2	rd_out[49]	u_cfg.g_live.bank_q\[1073\]	0.528014	{_13192_ A2 0.528014}
u_cfg.g_live.g_bank\[5\].u_prompt	ot_sram_1r1w_512x128_m4_r2c2	rd_out[50]	u_cfg.g_live.bank_q\[1074\]	0.874367	{_13394_ A2 0.874367}
u_cfg.g_live.g_bank\[5\].u_prompt	ot_sram_1r1w_512x128_m4_r2c2	rd_out[51]	u_cfg.g_live.bank_q\[1075\]	0.874367	{_13449_ A2 0.874367}
u_cfg.g_live.g_bank\[5\].u_prompt	ot_sram_1r1w_512x128_m4_r2c2	rd_out[52]	u_cfg.g_live.bank_q\[1076\]	0.924352	{_12993_ B 0.924352}
u_cfg.g_live.g_bank\[5\].u_prompt	ot_sram_1r1w_512x128_m4_r2c2	rd_out[53]	u_cfg.g_live.bank_q\[1077\]	0.924352	{_13212_ B 0.924352}
u_cfg.g_live.g_bank\[5\].u_prompt	ot_sram_1r1w_512x128_m4_r2c2	rd_out[54]	u_cfg.g_live.bank_q\[1078\]	0.924352	{_13280_ B 0.924352}
u_cfg.g_live.g_bank\[5\].u_prompt	ot_sram_1r1w_512x128_m4_r2c2	rd_out[55]	u_cfg.g_live.bank_q\[1079\]	0.924352	{_13333_ B 0.924352}
u_cfg.g_live.g_bank\[5\].u_prompt	ot_sram_1r1w_512x128_m4_r2c2	rd_out[56]	u_cfg.g_live.bank_q\[1080\]	0.489888	{_13063_ B 0.489888}
u_cfg.g_live.g_bank\[5\].u_prompt	ot_sram_1r1w_512x128_m4_r2c2	rd_out[57]	u_cfg.g_live.bank_q\[1081\]	0.924352	{_14339_ B 0.924352}
u_cfg.g_live.g_bank\[5\].u_prompt	ot_sram_1r1w_512x128_m4_r2c2	rd_out[58]	u_cfg.g_live.bank_q\[1082\]	0.578766	{_14824_ A 0.578766}
u_cfg.g_live.g_bank\[5\].u_prompt	ot_sram_1r1w_512x128_m4_r2c2	rd_out[59]	u_cfg.g_live.bank_q\[1083\]	0.578766	{_15053_ A 0.578766}
u_cfg.g_live.g_bank\[5\].u_prompt	ot_sram_1r1w_512x128_m4_r2c2	rd_out[60]	u_cfg.g_live.bank_q\[1084\]	0.924352	{_14102_ B 0.924352}
u_cfg.g_live.g_bank\[5\].u_prompt	ot_sram_1r1w_512x128_m4_r2c2	rd_out[61]	u_cfg.g_live.bank_q\[1085\]	0.924352	{_12932_ B 0.924352}
u_cfg.g_live.g_bank\[5\].u_prompt	ot_sram_1r1w_512x128_m4_r2c2	rd_out[62]	u_cfg.g_live.bank_q\[1086\]	0.924352	{_15528_ B 0.924352}
u_cfg.g_live.g_bank\[5\].u_prompt	ot_sram_1r1w_512x128_m4_r2c2	rd_out[63]	u_cfg.g_live.bank_q\[1087\]	0.578766	{_14773_ A 0.578766}
u_cfg.g_live.g_bank\[5\].u_prompt	ot_sram_1r1w_512x128_m4_r2c2	rd_out[64]	u_cfg.g_live.bank_q\[1088\]	0.578766	{_14582_ A 0.578766}
u_cfg.g_live.g_bank\[5\].u_prompt	ot_sram_1r1w_512x128_m4_r2c2	rd_out[65]	u_cfg.g_live.bank_q\[1089\]	0.924352	{_14376_ B 0.924352}
u_cfg.g_live.g_bank\[5\].u_prompt	ot_sram_1r1w_512x128_m4_r2c2	rd_out[66]	u_cfg.g_live.bank_q\[1090\]	0.924352	{_14730_ B 0.924352}
u_cfg.g_live.g_bank\[5\].u_prompt	ot_sram_1r1w_512x128_m4_r2c2	rd_out[67]	u_cfg.g_live.bank_q\[1091\]	0.924352	{_14478_ B 0.924352}
u_cfg.g_live.g_bank\[5\].u_prompt	ot_sram_1r1w_512x128_m4_r2c2	rd_out[68]	u_cfg.g_live.bank_q\[1092\]	0.924352	{_14500_ B 0.924352}
u_cfg.g_live.g_bank\[5\].u_prompt	ot_sram_1r1w_512x128_m4_r2c2	rd_out[69]	u_cfg.g_live.bank_q\[1093\]	0.924352	{_14694_ B 0.924352}
u_cfg.g_live.g_bank\[5\].u_prompt	ot_sram_1r1w_512x128_m4_r2c2	rd_out[70]	u_cfg.g_live.bank_q\[1094\]	0.874367	{_14626_ A2 0.874367}
u_cfg.g_live.g_bank\[5\].u_prompt	ot_sram_1r1w_512x128_m4_r2c2	rd_out[71]	u_cfg.g_live.bank_q\[1095\]	0.924352	{_15090_ B 0.924352}
u_cfg.g_live.g_bank\[5\].u_prompt	ot_sram_1r1w_512x128_m4_r2c2	rd_out[72]	u_cfg.g_live.bank_q\[1096\]	0.924352	{_14941_ B 0.924352}
u_cfg.g_live.g_bank\[5\].u_prompt	ot_sram_1r1w_512x128_m4_r2c2	rd_out[73]	u_cfg.g_live.bank_q\[1097\]	0.924352	{_14970_ B 0.924352}
u_cfg.g_live.g_bank\[5\].u_prompt	ot_sram_1r1w_512x128_m4_r2c2	rd_out[74]	u_cfg.g_live.bank_q\[1098\]	0.578766	{_14899_ A 0.578766}
u_cfg.g_live.g_bank\[5\].u_prompt	ot_sram_1r1w_512x128_m4_r2c2	rd_out[75]	u_cfg.g_live.bank_q\[1099\]	0.924352	{_14002_ B 0.924352}
u_cfg.g_live.g_bank\[5\].u_prompt	ot_sram_1r1w_512x128_m4_r2c2	rd_out[76]	u_cfg.g_live.bank_q\[1100\]	0.924352	{_13835_ B 0.924352}
u_cfg.g_live.g_bank\[5\].u_prompt	ot_sram_1r1w_512x128_m4_r2c2	rd_out[77]	u_cfg.g_live.bank_q\[1101\]	0.924352	{_13790_ B 0.924352}
u_cfg.g_live.g_bank\[5\].u_prompt	ot_sram_1r1w_512x128_m4_r2c2	rd_out[78]	u_cfg.g_live.bank_q\[1102\]	0.924352	{_14063_ B 0.924352}
u_cfg.g_live.g_bank\[5\].u_prompt	ot_sram_1r1w_512x128_m4_r2c2	rd_out[79]	u_cfg.g_live.bank_q\[1103\]	0.924352	{_13914_ B 0.924352}
u_cfg.g_live.g_bank\[5\].u_prompt	ot_sram_1r1w_512x128_m4_r2c2	rd_out[80]	u_cfg.g_live.bank_q\[1104\]	0.924352	{_12806_ B 0.924352}
u_cfg.g_live.g_bank\[5\].u_prompt	ot_sram_1r1w_512x128_m4_r2c2	rd_out[81]	u_cfg.g_live.bank_q\[1105\]	0.874367	{_12767_ A2 0.874367}
u_cfg.g_live.g_bank\[5\].u_prompt	ot_sram_1r1w_512x128_m4_r2c2	rd_out[82]	u_cfg.g_live.bank_q\[1106\]	0.924352	{_12720_ B 0.924352}
u_cfg.g_live.g_bank\[5\].u_prompt	ot_sram_1r1w_512x128_m4_r2c2	rd_out[83]	u_cfg.g_live.bank_q\[1107\]	0.924352	{_12876_ B 0.924352}
u_cfg.g_live.g_bank\[5\].u_prompt	ot_sram_1r1w_512x128_m4_r2c2	rd_out[84]	u_cfg.g_live.bank_q\[1108\]	0.924352	{_12222_ B 0.924352}
u_cfg.g_live.g_bank\[5\].u_prompt	ot_sram_1r1w_512x128_m4_r2c2	rd_out[85]	u_cfg.g_live.bank_q\[1109\]	0.578766	{_12270_ A 0.578766}
u_cfg.g_live.g_bank\[5\].u_prompt	ot_sram_1r1w_512x128_m4_r2c2	rd_out[86]	u_cfg.g_live.bank_q\[1110\]	0.578766	{_12283_ A 0.578766}
u_cfg.g_live.g_bank\[5\].u_prompt	ot_sram_1r1w_512x128_m4_r2c2	rd_out[87]	u_cfg.g_live.bank_q\[1111\]	0.924352	{_12468_ B 0.924352}
u_cfg.g_live.g_bank\[5\].u_prompt	ot_sram_1r1w_512x128_m4_r2c2	rd_out[88]	u_cfg.g_live.bank_q\[1112\]	0.924352	{_12597_ B 0.924352}
u_cfg.g_live.g_bank\[5\].u_prompt	ot_sram_1r1w_512x128_m4_r2c2	rd_out[89]	u_cfg.g_live.bank_q\[1113\]	0.924352	{_12482_ B 0.924352}
u_cfg.g_live.g_bank\[5\].u_prompt	ot_sram_1r1w_512x128_m4_r2c2	rd_out[90]	u_cfg.g_live.bank_q\[1114\]	0.924352	{_15645_ B 0.924352}
u_cfg.g_live.g_bank\[5\].u_prompt	ot_sram_1r1w_512x128_m4_r2c2	rd_out[91]	u_cfg.g_live.bank_q\[1115\]	0.924352	{_15481_ B 0.924352}
u_cfg.g_live.g_bank\[5\].u_prompt	ot_sram_1r1w_512x128_m4_r2c2	rd_out[92]	u_cfg.g_live.bank_q\[1116\]	0.924352	{_15562_ B 0.924352}
u_cfg.g_live.g_bank\[5\].u_prompt	ot_sram_1r1w_512x128_m4_r2c2	rd_out[93]	u_cfg.g_live.bank_q\[1117\]	0.924352	{_15354_ B 0.924352}
u_cfg.g_live.g_bank\[5\].u_prompt	ot_sram_1r1w_512x128_m4_r2c2	rd_out[94]	u_cfg.g_live.bank_q\[1118\]	0.874367	{_15609_ A2 0.874367}
u_cfg.g_live.g_bank\[5\].u_prompt	ot_sram_1r1w_512x128_m4_r2c2	rd_out[95]	u_cfg.g_live.bank_q\[1119\]	0.924352	{_15700_ B 0.924352}
u_cfg.g_live.g_bank\[5\].u_prompt	ot_sram_1r1w_512x128_m4_r2c2	rd_out[96]	u_cfg.g_live.bank_q\[1120\]	0.924352	{_15156_ B 0.924352}
u_cfg.g_live.g_bank\[5\].u_prompt	ot_sram_1r1w_512x128_m4_r2c2	rd_out[97]	u_cfg.g_live.bank_q\[1121\]	0.578766	{_14177_ A 0.578766}
u_cfg.g_live.g_bank\[5\].u_prompt	ot_sram_1r1w_512x128_m4_r2c2	rd_out[98]	u_cfg.g_live.bank_q\[1122\]	0.578766	{_14279_ A 0.578766}
u_cfg.g_live.g_bank\[5\].u_prompt	ot_sram_1r1w_512x128_m4_r2c2	rd_out[99]	u_cfg.g_live.bank_q\[1123\]	0.578766	{_14162_ A 0.578766}
u_cfg.g_live.g_bank\[5\].u_prompt	ot_sram_1r1w_512x128_m4_r2c2	rd_out[100]	u_cfg.g_live.bank_q\[1124\]	0.528014	{_14329_ A2 0.528014}
u_cfg.g_live.g_bank\[5\].u_prompt	ot_sram_1r1w_512x128_m4_r2c2	rd_out[101]	u_cfg.g_live.bank_q\[1125\]	0.924352	{_15301_ B 0.924352}
u_cfg.g_live.g_bank\[5\].u_prompt	ot_sram_1r1w_512x128_m4_r2c2	rd_out[102]	u_cfg.g_live.bank_q\[1126\]	0.578766	{_15408_ A 0.578766}
u_cfg.g_live.g_bank\[5\].u_prompt	ot_sram_1r1w_512x128_m4_r2c2	rd_out[103]	u_cfg.g_live.bank_q\[1127\]	0.578766	{_15224_ A 0.578766}
u_cfg.g_live.g_bank\[5\].u_prompt	ot_sram_1r1w_512x128_m4_r2c2	rd_out[104]	u_cfg.g_live.bank_q\[1128\]	0.486821	{_15253_ B 0.486821}
u_cfg.g_live.g_bank\[5\].u_prompt	ot_sram_1r1w_512x128_m4_r2c2	rd_out[105]	u_cfg.g_live.bank_q\[1129\]	0.924352	{_13494_ B 0.924352}
u_cfg.g_live.g_bank\[5\].u_prompt	ot_sram_1r1w_512x128_m4_r2c2	rd_out[106]	u_cfg.g_live.bank_q\[1130\]	0.874367	{_13715_ A2 0.874367}
u_cfg.g_live.g_bank\[5\].u_prompt	ot_sram_1r1w_512x128_m4_r2c2	rd_out[107]	u_cfg.g_live.bank_q\[1131\]	0.874367	{_13762_ A2 0.874367}
u_cfg.g_live.g_bank\[5\].u_prompt	ot_sram_1r1w_512x128_m4_r2c2	rd_out[108]	u_cfg.g_live.bank_q\[1132\]	0.924352	{_13611_ B 0.924352}
u_cfg.g_live.g_bank\[5\].u_prompt	ot_sram_1r1w_512x128_m4_r2c2	rd_out[109]	u_cfg.g_live.bank_q\[1133\]	0.924352	{_13962_ B 0.924352}
u_cfg.g_live.g_bank\[5\].u_prompt	ot_sram_1r1w_512x128_m4_r2c2	rd_out[110]	u_cfg.g_live.bank_q\[1134\]	0.578766	{_13527_ A 0.578766}
u_cfg.g_live.g_bank\[5\].u_prompt	ot_sram_1r1w_512x128_m4_r2c2	rd_out[111]	u_cfg.g_live.bank_q\[1135\]	0.924352	{_13664_ B 0.924352}
u_cfg.g_live.g_bank\[5\].u_prompt	ot_sram_1r1w_512x128_m4_r2c2	rd_out[112]	u_cfg.g_live.bank_q\[1136\]	0.924352	{_13034_ B 0.924352}
u_cfg.g_live.g_bank\[5\].u_prompt	ot_sram_1r1w_512x128_m4_r2c2	rd_out[113]	u_cfg.g_live.bank_q\[1137\]	0.528014	{_13198_ A2 0.528014}
u_cfg.g_live.g_bank\[5\].u_prompt	ot_sram_1r1w_512x128_m4_r2c2	rd_out[114]	u_cfg.g_live.bank_q\[1138\]	0.874367	{_13387_ A2 0.874367}
u_cfg.g_live.g_bank\[5\].u_prompt	ot_sram_1r1w_512x128_m4_r2c2	rd_out[115]	u_cfg.g_live.bank_q\[1139\]	0.874367	{_13442_ A2 0.874367}
u_cfg.g_live.g_bank\[5\].u_prompt	ot_sram_1r1w_512x128_m4_r2c2	rd_out[116]	u_cfg.g_live.bank_q\[1140\]	0.924352	{_13000_ B 0.924352}
u_cfg.g_live.g_bank\[5\].u_prompt	ot_sram_1r1w_512x128_m4_r2c2	rd_out[117]	u_cfg.g_live.bank_q\[1141\]	0.924352	{_13203_ B 0.924352}
u_cfg.g_live.g_bank\[5\].u_prompt	ot_sram_1r1w_512x128_m4_r2c2	rd_out[118]	u_cfg.g_live.bank_q\[1142\]	0.924352	{_13302_ B 0.924352}
u_cfg.g_live.g_bank\[5\].u_prompt	ot_sram_1r1w_512x128_m4_r2c2	rd_out[119]	u_cfg.g_live.bank_q\[1143\]	0.924352	{_13354_ B 0.924352}
u_cfg.g_live.g_bank\[5\].u_prompt	ot_sram_1r1w_512x128_m4_r2c2	rd_out[120]	u_cfg.g_live.bank_q\[1144\]	0.885352	{_13064_ A2 0.885352}
u_cfg.g_live.g_bank\[5\].u_prompt	ot_sram_1r1w_512x128_m4_r2c2	rd_out[121]	u_cfg.g_live.bank_q\[1145\]	0.924352	{_14346_ B 0.924352}
u_cfg.g_live.g_bank\[5\].u_prompt	ot_sram_1r1w_512x128_m4_r2c2	rd_out[122]	u_cfg.g_live.bank_q\[1146\]	0.578766	{_14831_ A 0.578766}
u_cfg.g_live.g_bank\[5\].u_prompt	ot_sram_1r1w_512x128_m4_r2c2	rd_out[123]	u_cfg.g_live.bank_q\[1147\]	0.578766	{_15060_ A 0.578766}
u_cfg.g_live.g_bank\[5\].u_prompt	ot_sram_1r1w_512x128_m4_r2c2	rd_out[124]	u_cfg.g_live.bank_q\[1148\]	0.578766	{_14086_ A 0.578766}
u_cfg.g_live.g_bank\[5\].u_prompt	ot_sram_1r1w_512x128_m4_r2c2	rd_out[125]	u_cfg.g_live.bank_q\[1149\]	0.578766	{_12908_ A 0.578766}
u_cfg.g_live.g_bank\[5\].u_prompt	ot_sram_1r1w_512x128_m4_r2c2	rd_out[126]	u_cfg.g_live.bank_q\[1150\]	0.924352	{_15521_ B 0.924352}
u_cfg.g_live.g_bank\[5\].u_prompt	ot_sram_1r1w_512x128_m4_r2c2	rd_out[127]	u_cfg.g_live.bank_q\[1151\]	0.578766	{_14766_ A 0.578766}
u_cfg.g_live.g_bank\[5\].u_prompt	ot_sram_1r1w_512x128_m4_r2c2	w_ce_in	_02032_	0.578800	
u_cfg.g_live.g_bank\[5\].u_prompt	ot_sram_1r1w_512x128_m4_r2c2	w_addr_in[0]	_01885_	0.578800	
u_cfg.g_live.g_bank\[5\].u_prompt	ot_sram_1r1w_512x128_m4_r2c2	w_addr_in[1]	_01886_	0.578800	
u_cfg.g_live.g_bank\[5\].u_prompt	ot_sram_1r1w_512x128_m4_r2c2	w_addr_in[2]	_01887_	0.578800	
u_cfg.g_live.g_bank\[5\].u_prompt	ot_sram_1r1w_512x128_m4_r2c2	w_addr_in[3]	_01888_	0.578800	
u_cfg.g_live.g_bank\[5\].u_prompt	ot_sram_1r1w_512x128_m4_r2c2	w_addr_in[4]	_01889_	0.578800	
u_cfg.g_live.g_bank\[5\].u_prompt	ot_sram_1r1w_512x128_m4_r2c2	w_addr_in[5]	_01890_	0.578800	
u_cfg.g_live.g_bank\[5\].u_prompt	ot_sram_1r1w_512x128_m4_r2c2	w_addr_in[6]	_01891_	0.578800	
u_cfg.g_live.g_bank\[5\].u_prompt	ot_sram_1r1w_512x128_m4_r2c2	w_addr_in[7]	_01892_	0.578800	
u_cfg.g_live.g_bank\[5\].u_prompt	ot_sram_1r1w_512x128_m4_r2c2	w_addr_in[8]	_01893_	0.578800	
u_cfg.g_live.g_bank\[5\].u_prompt	ot_sram_1r1w_512x128_m4_r2c2	wd_in[0]	_01894_	0.578800	
u_cfg.g_live.g_bank\[5\].u_prompt	ot_sram_1r1w_512x128_m4_r2c2	wd_in[1]	_01933_	0.578800	
u_cfg.g_live.g_bank\[5\].u_prompt	ot_sram_1r1w_512x128_m4_r2c2	wd_in[2]	_01943_	0.578800	
u_cfg.g_live.g_bank\[5\].u_prompt	ot_sram_1r1w_512x128_m4_r2c2	wd_in[3]	_01954_	0.578800	
u_cfg.g_live.g_bank\[5\].u_prompt	ot_sram_1r1w_512x128_m4_r2c2	wd_in[4]	_01965_	0.578800	
u_cfg.g_live.g_bank\[5\].u_prompt	ot_sram_1r1w_512x128_m4_r2c2	wd_in[5]	_01976_	0.578800	
u_cfg.g_live.g_bank\[5\].u_prompt	ot_sram_1r1w_512x128_m4_r2c2	wd_in[6]	_01987_	0.578800	
u_cfg.g_live.g_bank\[5\].u_prompt	ot_sram_1r1w_512x128_m4_r2c2	wd_in[7]	_01998_	0.578800	
u_cfg.g_live.g_bank\[5\].u_prompt	ot_sram_1r1w_512x128_m4_r2c2	wd_in[8]	_02009_	0.578800	
u_cfg.g_live.g_bank\[5\].u_prompt	ot_sram_1r1w_512x128_m4_r2c2	wd_in[9]	_02020_	0.578800	
u_cfg.g_live.g_bank\[5\].u_prompt	ot_sram_1r1w_512x128_m4_r2c2	wd_in[10]	_01905_	0.578800	
u_cfg.g_live.g_bank\[5\].u_prompt	ot_sram_1r1w_512x128_m4_r2c2	wd_in[11]	_01916_	0.578800	
u_cfg.g_live.g_bank\[5\].u_prompt	ot_sram_1r1w_512x128_m4_r2c2	wd_in[12]	_01925_	0.578800	
u_cfg.g_live.g_bank\[5\].u_prompt	ot_sram_1r1w_512x128_m4_r2c2	wd_in[13]	_01926_	0.578800	
u_cfg.g_live.g_bank\[5\].u_prompt	ot_sram_1r1w_512x128_m4_r2c2	wd_in[14]	_01927_	0.578800	
u_cfg.g_live.g_bank\[5\].u_prompt	ot_sram_1r1w_512x128_m4_r2c2	wd_in[15]	_01928_	0.578800	
u_cfg.g_live.g_bank\[5\].u_prompt	ot_sram_1r1w_512x128_m4_r2c2	wd_in[16]	_01929_	0.578800	
u_cfg.g_live.g_bank\[5\].u_prompt	ot_sram_1r1w_512x128_m4_r2c2	wd_in[17]	_01930_	0.578800	
u_cfg.g_live.g_bank\[5\].u_prompt	ot_sram_1r1w_512x128_m4_r2c2	wd_in[18]	_01931_	0.578800	
u_cfg.g_live.g_bank\[5\].u_prompt	ot_sram_1r1w_512x128_m4_r2c2	wd_in[19]	_01932_	0.578800	
u_cfg.g_live.g_bank\[5\].u_prompt	ot_sram_1r1w_512x128_m4_r2c2	wd_in[20]	_01934_	0.578800	
u_cfg.g_live.g_bank\[5\].u_prompt	ot_sram_1r1w_512x128_m4_r2c2	wd_in[21]	_01935_	0.578800	
u_cfg.g_live.g_bank\[5\].u_prompt	ot_sram_1r1w_512x128_m4_r2c2	wd_in[22]	_01936_	0.578800	
u_cfg.g_live.g_bank\[5\].u_prompt	ot_sram_1r1w_512x128_m4_r2c2	wd_in[23]	_01937_	0.578800	
u_cfg.g_live.g_bank\[5\].u_prompt	ot_sram_1r1w_512x128_m4_r2c2	wd_in[24]	_01938_	0.578800	
u_cfg.g_live.g_bank\[5\].u_prompt	ot_sram_1r1w_512x128_m4_r2c2	wd_in[25]	_01939_	0.578800	
u_cfg.g_live.g_bank\[5\].u_prompt	ot_sram_1r1w_512x128_m4_r2c2	wd_in[26]	_10622_	0.578800	
u_cfg.g_live.g_bank\[5\].u_prompt	ot_sram_1r1w_512x128_m4_r2c2	wd_in[27]	_01940_	0.578800	
u_cfg.g_live.g_bank\[5\].u_prompt	ot_sram_1r1w_512x128_m4_r2c2	wd_in[28]	_01941_	0.578800	
u_cfg.g_live.g_bank\[5\].u_prompt	ot_sram_1r1w_512x128_m4_r2c2	wd_in[29]	_01942_	0.578800	
u_cfg.g_live.g_bank\[5\].u_prompt	ot_sram_1r1w_512x128_m4_r2c2	wd_in[30]	_01944_	0.578800	
u_cfg.g_live.g_bank\[5\].u_prompt	ot_sram_1r1w_512x128_m4_r2c2	wd_in[31]	_01945_	0.578800	
u_cfg.g_live.g_bank\[5\].u_prompt	ot_sram_1r1w_512x128_m4_r2c2	wd_in[32]	_01946_	0.578800	
u_cfg.g_live.g_bank\[5\].u_prompt	ot_sram_1r1w_512x128_m4_r2c2	wd_in[33]	_01947_	0.578800	
u_cfg.g_live.g_bank\[5\].u_prompt	ot_sram_1r1w_512x128_m4_r2c2	wd_in[34]	_01948_	0.578800	
u_cfg.g_live.g_bank\[5\].u_prompt	ot_sram_1r1w_512x128_m4_r2c2	wd_in[35]	_01949_	0.578800	
u_cfg.g_live.g_bank\[5\].u_prompt	ot_sram_1r1w_512x128_m4_r2c2	wd_in[36]	_01950_	0.578800	
u_cfg.g_live.g_bank\[5\].u_prompt	ot_sram_1r1w_512x128_m4_r2c2	wd_in[37]	_01951_	0.578800	
u_cfg.g_live.g_bank\[5\].u_prompt	ot_sram_1r1w_512x128_m4_r2c2	wd_in[38]	_01952_	0.578800	
u_cfg.g_live.g_bank\[5\].u_prompt	ot_sram_1r1w_512x128_m4_r2c2	wd_in[39]	_01953_	0.578800	
u_cfg.g_live.g_bank\[5\].u_prompt	ot_sram_1r1w_512x128_m4_r2c2	wd_in[40]	_01955_	0.578800	
u_cfg.g_live.g_bank\[5\].u_prompt	ot_sram_1r1w_512x128_m4_r2c2	wd_in[41]	_01956_	0.578800	
u_cfg.g_live.g_bank\[5\].u_prompt	ot_sram_1r1w_512x128_m4_r2c2	wd_in[42]	_01957_	0.578800	
u_cfg.g_live.g_bank\[5\].u_prompt	ot_sram_1r1w_512x128_m4_r2c2	wd_in[43]	_01958_	0.578800	
u_cfg.g_live.g_bank\[5\].u_prompt	ot_sram_1r1w_512x128_m4_r2c2	wd_in[44]	_01959_	0.578800	
u_cfg.g_live.g_bank\[5\].u_prompt	ot_sram_1r1w_512x128_m4_r2c2	wd_in[45]	_01960_	0.578800	
u_cfg.g_live.g_bank\[5\].u_prompt	ot_sram_1r1w_512x128_m4_r2c2	wd_in[46]	_01961_	0.578800	
u_cfg.g_live.g_bank\[5\].u_prompt	ot_sram_1r1w_512x128_m4_r2c2	wd_in[47]	_01962_	0.578800	
u_cfg.g_live.g_bank\[5\].u_prompt	ot_sram_1r1w_512x128_m4_r2c2	wd_in[48]	_01963_	0.578800	
u_cfg.g_live.g_bank\[5\].u_prompt	ot_sram_1r1w_512x128_m4_r2c2	wd_in[49]	_01964_	0.578800	
u_cfg.g_live.g_bank\[5\].u_prompt	ot_sram_1r1w_512x128_m4_r2c2	wd_in[50]	_01966_	0.578800	
u_cfg.g_live.g_bank\[5\].u_prompt	ot_sram_1r1w_512x128_m4_r2c2	wd_in[51]	_01967_	0.578800	
u_cfg.g_live.g_bank\[5\].u_prompt	ot_sram_1r1w_512x128_m4_r2c2	wd_in[52]	_01968_	0.578800	
u_cfg.g_live.g_bank\[5\].u_prompt	ot_sram_1r1w_512x128_m4_r2c2	wd_in[53]	_01969_	0.578800	
u_cfg.g_live.g_bank\[5\].u_prompt	ot_sram_1r1w_512x128_m4_r2c2	wd_in[54]	_01970_	0.578800	
u_cfg.g_live.g_bank\[5\].u_prompt	ot_sram_1r1w_512x128_m4_r2c2	wd_in[55]	_01971_	0.578800	
u_cfg.g_live.g_bank\[5\].u_prompt	ot_sram_1r1w_512x128_m4_r2c2	wd_in[56]	_01972_	0.578800	
u_cfg.g_live.g_bank\[5\].u_prompt	ot_sram_1r1w_512x128_m4_r2c2	wd_in[57]	_01973_	0.578800	
u_cfg.g_live.g_bank\[5\].u_prompt	ot_sram_1r1w_512x128_m4_r2c2	wd_in[58]	_01974_	0.578800	
u_cfg.g_live.g_bank\[5\].u_prompt	ot_sram_1r1w_512x128_m4_r2c2	wd_in[59]	_01975_	0.578800	
u_cfg.g_live.g_bank\[5\].u_prompt	ot_sram_1r1w_512x128_m4_r2c2	wd_in[60]	_01977_	0.578800	
u_cfg.g_live.g_bank\[5\].u_prompt	ot_sram_1r1w_512x128_m4_r2c2	wd_in[61]	_01978_	0.578800	
u_cfg.g_live.g_bank\[5\].u_prompt	ot_sram_1r1w_512x128_m4_r2c2	wd_in[62]	_01979_	0.578800	
u_cfg.g_live.g_bank\[5\].u_prompt	ot_sram_1r1w_512x128_m4_r2c2	wd_in[63]	_01980_	0.578800	
u_cfg.g_live.g_bank\[5\].u_prompt	ot_sram_1r1w_512x128_m4_r2c2	wd_in[64]	_01981_	0.578800	
u_cfg.g_live.g_bank\[5\].u_prompt	ot_sram_1r1w_512x128_m4_r2c2	wd_in[65]	_01982_	0.578800	
u_cfg.g_live.g_bank\[5\].u_prompt	ot_sram_1r1w_512x128_m4_r2c2	wd_in[66]	_01983_	0.578800	
u_cfg.g_live.g_bank\[5\].u_prompt	ot_sram_1r1w_512x128_m4_r2c2	wd_in[67]	_01984_	0.578800	
u_cfg.g_live.g_bank\[5\].u_prompt	ot_sram_1r1w_512x128_m4_r2c2	wd_in[68]	_01985_	0.578800	
u_cfg.g_live.g_bank\[5\].u_prompt	ot_sram_1r1w_512x128_m4_r2c2	wd_in[69]	_01986_	0.578800	
u_cfg.g_live.g_bank\[5\].u_prompt	ot_sram_1r1w_512x128_m4_r2c2	wd_in[70]	_01988_	0.578800	
u_cfg.g_live.g_bank\[5\].u_prompt	ot_sram_1r1w_512x128_m4_r2c2	wd_in[71]	_01989_	0.578800	
u_cfg.g_live.g_bank\[5\].u_prompt	ot_sram_1r1w_512x128_m4_r2c2	wd_in[72]	_01990_	0.578800	
u_cfg.g_live.g_bank\[5\].u_prompt	ot_sram_1r1w_512x128_m4_r2c2	wd_in[73]	_01991_	0.578800	
u_cfg.g_live.g_bank\[5\].u_prompt	ot_sram_1r1w_512x128_m4_r2c2	wd_in[74]	_01992_	0.578800	
u_cfg.g_live.g_bank\[5\].u_prompt	ot_sram_1r1w_512x128_m4_r2c2	wd_in[75]	_01993_	0.578800	
u_cfg.g_live.g_bank\[5\].u_prompt	ot_sram_1r1w_512x128_m4_r2c2	wd_in[76]	_01994_	0.578800	
u_cfg.g_live.g_bank\[5\].u_prompt	ot_sram_1r1w_512x128_m4_r2c2	wd_in[77]	_01995_	0.578800	
u_cfg.g_live.g_bank\[5\].u_prompt	ot_sram_1r1w_512x128_m4_r2c2	wd_in[78]	_01996_	0.578800	
u_cfg.g_live.g_bank\[5\].u_prompt	ot_sram_1r1w_512x128_m4_r2c2	wd_in[79]	_01997_	0.578800	
u_cfg.g_live.g_bank\[5\].u_prompt	ot_sram_1r1w_512x128_m4_r2c2	wd_in[80]	_01999_	0.578800	
u_cfg.g_live.g_bank\[5\].u_prompt	ot_sram_1r1w_512x128_m4_r2c2	wd_in[81]	_02000_	0.578800	
u_cfg.g_live.g_bank\[5\].u_prompt	ot_sram_1r1w_512x128_m4_r2c2	wd_in[82]	_02001_	0.578800	
u_cfg.g_live.g_bank\[5\].u_prompt	ot_sram_1r1w_512x128_m4_r2c2	wd_in[83]	_02002_	0.578800	
u_cfg.g_live.g_bank\[5\].u_prompt	ot_sram_1r1w_512x128_m4_r2c2	wd_in[84]	_02003_	0.578800	
u_cfg.g_live.g_bank\[5\].u_prompt	ot_sram_1r1w_512x128_m4_r2c2	wd_in[85]	_02004_	0.578800	
u_cfg.g_live.g_bank\[5\].u_prompt	ot_sram_1r1w_512x128_m4_r2c2	wd_in[86]	_02005_	0.578800	
u_cfg.g_live.g_bank\[5\].u_prompt	ot_sram_1r1w_512x128_m4_r2c2	wd_in[87]	_02006_	0.578800	
u_cfg.g_live.g_bank\[5\].u_prompt	ot_sram_1r1w_512x128_m4_r2c2	wd_in[88]	_02007_	0.578800	
u_cfg.g_live.g_bank\[5\].u_prompt	ot_sram_1r1w_512x128_m4_r2c2	wd_in[89]	_02008_	0.578800	
u_cfg.g_live.g_bank\[5\].u_prompt	ot_sram_1r1w_512x128_m4_r2c2	wd_in[90]	_02010_	0.578800	
u_cfg.g_live.g_bank\[5\].u_prompt	ot_sram_1r1w_512x128_m4_r2c2	wd_in[91]	_02011_	0.578800	
u_cfg.g_live.g_bank\[5\].u_prompt	ot_sram_1r1w_512x128_m4_r2c2	wd_in[92]	_02012_	0.578800	
u_cfg.g_live.g_bank\[5\].u_prompt	ot_sram_1r1w_512x128_m4_r2c2	wd_in[93]	_02013_	0.578800	
u_cfg.g_live.g_bank\[5\].u_prompt	ot_sram_1r1w_512x128_m4_r2c2	wd_in[94]	_02014_	0.578800	
u_cfg.g_live.g_bank\[5\].u_prompt	ot_sram_1r1w_512x128_m4_r2c2	wd_in[95]	_02015_	0.578800	
u_cfg.g_live.g_bank\[5\].u_prompt	ot_sram_1r1w_512x128_m4_r2c2	wd_in[96]	_02016_	0.578800	
u_cfg.g_live.g_bank\[5\].u_prompt	ot_sram_1r1w_512x128_m4_r2c2	wd_in[97]	_02017_	0.578800	
u_cfg.g_live.g_bank\[5\].u_prompt	ot_sram_1r1w_512x128_m4_r2c2	wd_in[98]	_02018_	0.578800	
u_cfg.g_live.g_bank\[5\].u_prompt	ot_sram_1r1w_512x128_m4_r2c2	wd_in[99]	_02019_	0.578800	
u_cfg.g_live.g_bank\[5\].u_prompt	ot_sram_1r1w_512x128_m4_r2c2	wd_in[100]	_01895_	0.578800	
u_cfg.g_live.g_bank\[5\].u_prompt	ot_sram_1r1w_512x128_m4_r2c2	wd_in[101]	_01896_	0.578800	
u_cfg.g_live.g_bank\[5\].u_prompt	ot_sram_1r1w_512x128_m4_r2c2	wd_in[102]	_01897_	0.578800	
u_cfg.g_live.g_bank\[5\].u_prompt	ot_sram_1r1w_512x128_m4_r2c2	wd_in[103]	_01898_	0.578800	
u_cfg.g_live.g_bank\[5\].u_prompt	ot_sram_1r1w_512x128_m4_r2c2	wd_in[104]	_01899_	0.578800	
u_cfg.g_live.g_bank\[5\].u_prompt	ot_sram_1r1w_512x128_m4_r2c2	wd_in[105]	_01900_	0.578800	
u_cfg.g_live.g_bank\[5\].u_prompt	ot_sram_1r1w_512x128_m4_r2c2	wd_in[106]	_01901_	0.578800	
u_cfg.g_live.g_bank\[5\].u_prompt	ot_sram_1r1w_512x128_m4_r2c2	wd_in[107]	_01902_	0.578800	
u_cfg.g_live.g_bank\[5\].u_prompt	ot_sram_1r1w_512x128_m4_r2c2	wd_in[108]	_01903_	0.578800	
u_cfg.g_live.g_bank\[5\].u_prompt	ot_sram_1r1w_512x128_m4_r2c2	wd_in[109]	_01904_	0.578800	
u_cfg.g_live.g_bank\[5\].u_prompt	ot_sram_1r1w_512x128_m4_r2c2	wd_in[110]	_01906_	0.578800	
u_cfg.g_live.g_bank\[5\].u_prompt	ot_sram_1r1w_512x128_m4_r2c2	wd_in[111]	_01907_	0.578800	
u_cfg.g_live.g_bank\[5\].u_prompt	ot_sram_1r1w_512x128_m4_r2c2	wd_in[112]	_01908_	0.578800	
u_cfg.g_live.g_bank\[5\].u_prompt	ot_sram_1r1w_512x128_m4_r2c2	wd_in[113]	_01909_	0.578800	
u_cfg.g_live.g_bank\[5\].u_prompt	ot_sram_1r1w_512x128_m4_r2c2	wd_in[114]	_01910_	0.578800	
u_cfg.g_live.g_bank\[5\].u_prompt	ot_sram_1r1w_512x128_m4_r2c2	wd_in[115]	_01911_	0.578800	
u_cfg.g_live.g_bank\[5\].u_prompt	ot_sram_1r1w_512x128_m4_r2c2	wd_in[116]	_01912_	0.578800	
u_cfg.g_live.g_bank\[5\].u_prompt	ot_sram_1r1w_512x128_m4_r2c2	wd_in[117]	_01913_	0.578800	
u_cfg.g_live.g_bank\[5\].u_prompt	ot_sram_1r1w_512x128_m4_r2c2	wd_in[118]	_01914_	0.578800	
u_cfg.g_live.g_bank\[5\].u_prompt	ot_sram_1r1w_512x128_m4_r2c2	wd_in[119]	_01915_	0.578800	
u_cfg.g_live.g_bank\[5\].u_prompt	ot_sram_1r1w_512x128_m4_r2c2	wd_in[120]	_01917_	0.578800	
u_cfg.g_live.g_bank\[5\].u_prompt	ot_sram_1r1w_512x128_m4_r2c2	wd_in[121]	_01918_	0.578800	
u_cfg.g_live.g_bank\[5\].u_prompt	ot_sram_1r1w_512x128_m4_r2c2	wd_in[122]	_01919_	0.578800	
u_cfg.g_live.g_bank\[5\].u_prompt	ot_sram_1r1w_512x128_m4_r2c2	wd_in[123]	_01920_	0.578800	
u_cfg.g_live.g_bank\[5\].u_prompt	ot_sram_1r1w_512x128_m4_r2c2	wd_in[124]	_01921_	0.578800	
u_cfg.g_live.g_bank\[5\].u_prompt	ot_sram_1r1w_512x128_m4_r2c2	wd_in[125]	_01922_	0.578800	
u_cfg.g_live.g_bank\[5\].u_prompt	ot_sram_1r1w_512x128_m4_r2c2	wd_in[126]	_01923_	0.578800	
u_cfg.g_live.g_bank\[5\].u_prompt	ot_sram_1r1w_512x128_m4_r2c2	wd_in[127]	_01924_	0.578800	
u_cfg.g_live.g_bank\[5\].u_prompt	ot_sram_1r1w_512x128_m4_r2c2	w_mask_in[0]	_02021_	0.578800	
u_cfg.g_live.g_bank\[5\].u_prompt	ot_sram_1r1w_512x128_m4_r2c2	w_mask_in[1]	_02021_	0.578800	
u_cfg.g_live.g_bank\[5\].u_prompt	ot_sram_1r1w_512x128_m4_r2c2	w_mask_in[2]	_02021_	0.578800	
u_cfg.g_live.g_bank\[5\].u_prompt	ot_sram_1r1w_512x128_m4_r2c2	w_mask_in[3]	_02021_	0.578800	
u_cfg.g_live.g_bank\[5\].u_prompt	ot_sram_1r1w_512x128_m4_r2c2	w_mask_in[4]	_02021_	0.578800	
u_cfg.g_live.g_bank\[5\].u_prompt	ot_sram_1r1w_512x128_m4_r2c2	w_mask_in[5]	_02021_	0.578800	
u_cfg.g_live.g_bank\[5\].u_prompt	ot_sram_1r1w_512x128_m4_r2c2	w_mask_in[6]	_02021_	0.578800	
u_cfg.g_live.g_bank\[5\].u_prompt	ot_sram_1r1w_512x128_m4_r2c2	w_mask_in[7]	_02021_	0.578800	
u_cfg.g_live.g_bank\[5\].u_prompt	ot_sram_1r1w_512x128_m4_r2c2	w_mask_in[8]	_02021_	0.578800	
u_cfg.g_live.g_bank\[5\].u_prompt	ot_sram_1r1w_512x128_m4_r2c2	w_mask_in[9]	_02021_	0.578800	
u_cfg.g_live.g_bank\[5\].u_prompt	ot_sram_1r1w_512x128_m4_r2c2	w_mask_in[10]	_02021_	0.578800	
u_cfg.g_live.g_bank\[5\].u_prompt	ot_sram_1r1w_512x128_m4_r2c2	w_mask_in[11]	_02021_	0.578800	
u_cfg.g_live.g_bank\[5\].u_prompt	ot_sram_1r1w_512x128_m4_r2c2	w_mask_in[12]	_02021_	0.578800	
u_cfg.g_live.g_bank\[5\].u_prompt	ot_sram_1r1w_512x128_m4_r2c2	w_mask_in[13]	_02021_	0.578800	
u_cfg.g_live.g_bank\[5\].u_prompt	ot_sram_1r1w_512x128_m4_r2c2	w_mask_in[14]	_02021_	0.578800	
u_cfg.g_live.g_bank\[5\].u_prompt	ot_sram_1r1w_512x128_m4_r2c2	w_mask_in[15]	_02021_	0.578800	
u_cfg.g_live.g_bank\[5\].u_prompt	ot_sram_1r1w_512x128_m4_r2c2	w_mask_in[16]	_02021_	0.578800	
u_cfg.g_live.g_bank\[5\].u_prompt	ot_sram_1r1w_512x128_m4_r2c2	w_mask_in[17]	_02021_	0.578800	
u_cfg.g_live.g_bank\[5\].u_prompt	ot_sram_1r1w_512x128_m4_r2c2	w_mask_in[18]	_02021_	0.578800	
u_cfg.g_live.g_bank\[5\].u_prompt	ot_sram_1r1w_512x128_m4_r2c2	w_mask_in[19]	_02021_	0.578800	
u_cfg.g_live.g_bank\[5\].u_prompt	ot_sram_1r1w_512x128_m4_r2c2	w_mask_in[20]	_02021_	0.578800	
u_cfg.g_live.g_bank\[5\].u_prompt	ot_sram_1r1w_512x128_m4_r2c2	w_mask_in[21]	_02021_	0.578800	
u_cfg.g_live.g_bank\[5\].u_prompt	ot_sram_1r1w_512x128_m4_r2c2	w_mask_in[22]	_02021_	0.578800	
u_cfg.g_live.g_bank\[5\].u_prompt	ot_sram_1r1w_512x128_m4_r2c2	w_mask_in[23]	_02021_	0.578800	
u_cfg.g_live.g_bank\[5\].u_prompt	ot_sram_1r1w_512x128_m4_r2c2	w_mask_in[24]	_02021_	0.578800	
u_cfg.g_live.g_bank\[5\].u_prompt	ot_sram_1r1w_512x128_m4_r2c2	w_mask_in[25]	_02021_	0.578800	
u_cfg.g_live.g_bank\[5\].u_prompt	ot_sram_1r1w_512x128_m4_r2c2	w_mask_in[26]	_02021_	0.578800	
u_cfg.g_live.g_bank\[5\].u_prompt	ot_sram_1r1w_512x128_m4_r2c2	w_mask_in[27]	_02021_	0.578800	
u_cfg.g_live.g_bank\[5\].u_prompt	ot_sram_1r1w_512x128_m4_r2c2	w_mask_in[28]	_02021_	0.578800	
u_cfg.g_live.g_bank\[5\].u_prompt	ot_sram_1r1w_512x128_m4_r2c2	w_mask_in[29]	_02021_	0.578800	
u_cfg.g_live.g_bank\[5\].u_prompt	ot_sram_1r1w_512x128_m4_r2c2	w_mask_in[30]	_02021_	0.578800	
u_cfg.g_live.g_bank\[5\].u_prompt	ot_sram_1r1w_512x128_m4_r2c2	w_mask_in[31]	_02021_	0.578800	
u_cfg.g_live.g_bank\[5\].u_prompt	ot_sram_1r1w_512x128_m4_r2c2	w_mask_in[32]	_02021_	0.578800	
u_cfg.g_live.g_bank\[5\].u_prompt	ot_sram_1r1w_512x128_m4_r2c2	w_mask_in[33]	_02021_	0.578800	
u_cfg.g_live.g_bank\[5\].u_prompt	ot_sram_1r1w_512x128_m4_r2c2	w_mask_in[34]	_02021_	0.578800	
u_cfg.g_live.g_bank\[5\].u_prompt	ot_sram_1r1w_512x128_m4_r2c2	w_mask_in[35]	_02021_	0.578800	
u_cfg.g_live.g_bank\[5\].u_prompt	ot_sram_1r1w_512x128_m4_r2c2	w_mask_in[36]	_02021_	0.578800	
u_cfg.g_live.g_bank\[5\].u_prompt	ot_sram_1r1w_512x128_m4_r2c2	w_mask_in[37]	_02021_	0.578800	
u_cfg.g_live.g_bank\[5\].u_prompt	ot_sram_1r1w_512x128_m4_r2c2	w_mask_in[38]	_02021_	0.578800	
u_cfg.g_live.g_bank\[5\].u_prompt	ot_sram_1r1w_512x128_m4_r2c2	w_mask_in[39]	_02021_	0.578800	
u_cfg.g_live.g_bank\[5\].u_prompt	ot_sram_1r1w_512x128_m4_r2c2	w_mask_in[40]	_02021_	0.578800	
u_cfg.g_live.g_bank\[5\].u_prompt	ot_sram_1r1w_512x128_m4_r2c2	w_mask_in[41]	_02021_	0.578800	
u_cfg.g_live.g_bank\[5\].u_prompt	ot_sram_1r1w_512x128_m4_r2c2	w_mask_in[42]	_02021_	0.578800	
u_cfg.g_live.g_bank\[5\].u_prompt	ot_sram_1r1w_512x128_m4_r2c2	w_mask_in[43]	_02021_	0.578800	
u_cfg.g_live.g_bank\[5\].u_prompt	ot_sram_1r1w_512x128_m4_r2c2	w_mask_in[44]	_02021_	0.578800	
u_cfg.g_live.g_bank\[5\].u_prompt	ot_sram_1r1w_512x128_m4_r2c2	w_mask_in[45]	_02021_	0.578800	
u_cfg.g_live.g_bank\[5\].u_prompt	ot_sram_1r1w_512x128_m4_r2c2	w_mask_in[46]	_02021_	0.578800	
u_cfg.g_live.g_bank\[5\].u_prompt	ot_sram_1r1w_512x128_m4_r2c2	w_mask_in[47]	_02021_	0.578800	
u_cfg.g_live.g_bank\[5\].u_prompt	ot_sram_1r1w_512x128_m4_r2c2	w_mask_in[48]	_02021_	0.578800	
u_cfg.g_live.g_bank\[5\].u_prompt	ot_sram_1r1w_512x128_m4_r2c2	w_mask_in[49]	_02021_	0.578800	
u_cfg.g_live.g_bank\[5\].u_prompt	ot_sram_1r1w_512x128_m4_r2c2	w_mask_in[50]	_02021_	0.578800	
u_cfg.g_live.g_bank\[5\].u_prompt	ot_sram_1r1w_512x128_m4_r2c2	w_mask_in[51]	_02021_	0.578800	
u_cfg.g_live.g_bank\[5\].u_prompt	ot_sram_1r1w_512x128_m4_r2c2	w_mask_in[52]	_02021_	0.578800	
u_cfg.g_live.g_bank\[5\].u_prompt	ot_sram_1r1w_512x128_m4_r2c2	w_mask_in[53]	_02021_	0.578800	
u_cfg.g_live.g_bank\[5\].u_prompt	ot_sram_1r1w_512x128_m4_r2c2	w_mask_in[54]	_02021_	0.578800	
u_cfg.g_live.g_bank\[5\].u_prompt	ot_sram_1r1w_512x128_m4_r2c2	w_mask_in[55]	_02021_	0.578800	
u_cfg.g_live.g_bank\[5\].u_prompt	ot_sram_1r1w_512x128_m4_r2c2	w_mask_in[56]	_02021_	0.578800	
u_cfg.g_live.g_bank\[5\].u_prompt	ot_sram_1r1w_512x128_m4_r2c2	w_mask_in[57]	_02021_	0.578800	
u_cfg.g_live.g_bank\[5\].u_prompt	ot_sram_1r1w_512x128_m4_r2c2	w_mask_in[58]	_02021_	0.578800	
u_cfg.g_live.g_bank\[5\].u_prompt	ot_sram_1r1w_512x128_m4_r2c2	w_mask_in[59]	_02021_	0.578800	
u_cfg.g_live.g_bank\[5\].u_prompt	ot_sram_1r1w_512x128_m4_r2c2	w_mask_in[60]	_02021_	0.578800	
u_cfg.g_live.g_bank\[5\].u_prompt	ot_sram_1r1w_512x128_m4_r2c2	w_mask_in[61]	_02021_	0.578800	
u_cfg.g_live.g_bank\[5\].u_prompt	ot_sram_1r1w_512x128_m4_r2c2	w_mask_in[62]	_02021_	0.578800	
u_cfg.g_live.g_bank\[5\].u_prompt	ot_sram_1r1w_512x128_m4_r2c2	w_mask_in[63]	_02021_	0.578800	
u_cfg.g_live.g_bank\[5\].u_prompt	ot_sram_1r1w_512x128_m4_r2c2	w_mask_in[64]	_02022_	0.578800	
u_cfg.g_live.g_bank\[5\].u_prompt	ot_sram_1r1w_512x128_m4_r2c2	w_mask_in[65]	_02022_	0.578800	
u_cfg.g_live.g_bank\[5\].u_prompt	ot_sram_1r1w_512x128_m4_r2c2	w_mask_in[66]	_02022_	0.578800	
u_cfg.g_live.g_bank\[5\].u_prompt	ot_sram_1r1w_512x128_m4_r2c2	w_mask_in[67]	_02022_	0.578800	
u_cfg.g_live.g_bank\[5\].u_prompt	ot_sram_1r1w_512x128_m4_r2c2	w_mask_in[68]	_02022_	0.578800	
u_cfg.g_live.g_bank\[5\].u_prompt	ot_sram_1r1w_512x128_m4_r2c2	w_mask_in[69]	_02022_	0.578800	
u_cfg.g_live.g_bank\[5\].u_prompt	ot_sram_1r1w_512x128_m4_r2c2	w_mask_in[70]	_02022_	0.578800	
u_cfg.g_live.g_bank\[5\].u_prompt	ot_sram_1r1w_512x128_m4_r2c2	w_mask_in[71]	_02022_	0.578800	
u_cfg.g_live.g_bank\[5\].u_prompt	ot_sram_1r1w_512x128_m4_r2c2	w_mask_in[72]	_02022_	0.578800	
u_cfg.g_live.g_bank\[5\].u_prompt	ot_sram_1r1w_512x128_m4_r2c2	w_mask_in[73]	_02022_	0.578800	
u_cfg.g_live.g_bank\[5\].u_prompt	ot_sram_1r1w_512x128_m4_r2c2	w_mask_in[74]	_02022_	0.578800	
u_cfg.g_live.g_bank\[5\].u_prompt	ot_sram_1r1w_512x128_m4_r2c2	w_mask_in[75]	_02022_	0.578800	
u_cfg.g_live.g_bank\[5\].u_prompt	ot_sram_1r1w_512x128_m4_r2c2	w_mask_in[76]	_02022_	0.578800	
u_cfg.g_live.g_bank\[5\].u_prompt	ot_sram_1r1w_512x128_m4_r2c2	w_mask_in[77]	_02022_	0.578800	
u_cfg.g_live.g_bank\[5\].u_prompt	ot_sram_1r1w_512x128_m4_r2c2	w_mask_in[78]	_02022_	0.578800	
u_cfg.g_live.g_bank\[5\].u_prompt	ot_sram_1r1w_512x128_m4_r2c2	w_mask_in[79]	_02022_	0.578800	
u_cfg.g_live.g_bank\[5\].u_prompt	ot_sram_1r1w_512x128_m4_r2c2	w_mask_in[80]	_02022_	0.578800	
u_cfg.g_live.g_bank\[5\].u_prompt	ot_sram_1r1w_512x128_m4_r2c2	w_mask_in[81]	_02022_	0.578800	
u_cfg.g_live.g_bank\[5\].u_prompt	ot_sram_1r1w_512x128_m4_r2c2	w_mask_in[82]	_02022_	0.578800	
u_cfg.g_live.g_bank\[5\].u_prompt	ot_sram_1r1w_512x128_m4_r2c2	w_mask_in[83]	_02022_	0.578800	
u_cfg.g_live.g_bank\[5\].u_prompt	ot_sram_1r1w_512x128_m4_r2c2	w_mask_in[84]	_02022_	0.578800	
u_cfg.g_live.g_bank\[5\].u_prompt	ot_sram_1r1w_512x128_m4_r2c2	w_mask_in[85]	_02022_	0.578800	
u_cfg.g_live.g_bank\[5\].u_prompt	ot_sram_1r1w_512x128_m4_r2c2	w_mask_in[86]	_02022_	0.578800	
u_cfg.g_live.g_bank\[5\].u_prompt	ot_sram_1r1w_512x128_m4_r2c2	w_mask_in[87]	_02022_	0.578800	
u_cfg.g_live.g_bank\[5\].u_prompt	ot_sram_1r1w_512x128_m4_r2c2	w_mask_in[88]	_02022_	0.578800	
u_cfg.g_live.g_bank\[5\].u_prompt	ot_sram_1r1w_512x128_m4_r2c2	w_mask_in[89]	_02022_	0.578800	
u_cfg.g_live.g_bank\[5\].u_prompt	ot_sram_1r1w_512x128_m4_r2c2	w_mask_in[90]	_02022_	0.578800	
u_cfg.g_live.g_bank\[5\].u_prompt	ot_sram_1r1w_512x128_m4_r2c2	w_mask_in[91]	_02022_	0.578800	
u_cfg.g_live.g_bank\[5\].u_prompt	ot_sram_1r1w_512x128_m4_r2c2	w_mask_in[92]	_02022_	0.578800	
u_cfg.g_live.g_bank\[5\].u_prompt	ot_sram_1r1w_512x128_m4_r2c2	w_mask_in[93]	_02022_	0.578800	
u_cfg.g_live.g_bank\[5\].u_prompt	ot_sram_1r1w_512x128_m4_r2c2	w_mask_in[94]	_02022_	0.578800	
u_cfg.g_live.g_bank\[5\].u_prompt	ot_sram_1r1w_512x128_m4_r2c2	w_mask_in[95]	_02022_	0.578800	
u_cfg.g_live.g_bank\[5\].u_prompt	ot_sram_1r1w_512x128_m4_r2c2	w_mask_in[96]	_02022_	0.578800	
u_cfg.g_live.g_bank\[5\].u_prompt	ot_sram_1r1w_512x128_m4_r2c2	w_mask_in[97]	_02022_	0.578800	
u_cfg.g_live.g_bank\[5\].u_prompt	ot_sram_1r1w_512x128_m4_r2c2	w_mask_in[98]	_02022_	0.578800	
u_cfg.g_live.g_bank\[5\].u_prompt	ot_sram_1r1w_512x128_m4_r2c2	w_mask_in[99]	_02022_	0.578800	
u_cfg.g_live.g_bank\[5\].u_prompt	ot_sram_1r1w_512x128_m4_r2c2	w_mask_in[100]	_02022_	0.578800	
u_cfg.g_live.g_bank\[5\].u_prompt	ot_sram_1r1w_512x128_m4_r2c2	w_mask_in[101]	_02022_	0.578800	
u_cfg.g_live.g_bank\[5\].u_prompt	ot_sram_1r1w_512x128_m4_r2c2	w_mask_in[102]	_02022_	0.578800	
u_cfg.g_live.g_bank\[5\].u_prompt	ot_sram_1r1w_512x128_m4_r2c2	w_mask_in[103]	_02022_	0.578800	
u_cfg.g_live.g_bank\[5\].u_prompt	ot_sram_1r1w_512x128_m4_r2c2	w_mask_in[104]	_02022_	0.578800	
u_cfg.g_live.g_bank\[5\].u_prompt	ot_sram_1r1w_512x128_m4_r2c2	w_mask_in[105]	_02022_	0.578800	
u_cfg.g_live.g_bank\[5\].u_prompt	ot_sram_1r1w_512x128_m4_r2c2	w_mask_in[106]	_02022_	0.578800	
u_cfg.g_live.g_bank\[5\].u_prompt	ot_sram_1r1w_512x128_m4_r2c2	w_mask_in[107]	_02022_	0.578800	
u_cfg.g_live.g_bank\[5\].u_prompt	ot_sram_1r1w_512x128_m4_r2c2	w_mask_in[108]	_02022_	0.578800	
u_cfg.g_live.g_bank\[5\].u_prompt	ot_sram_1r1w_512x128_m4_r2c2	w_mask_in[109]	_02022_	0.578800	
u_cfg.g_live.g_bank\[5\].u_prompt	ot_sram_1r1w_512x128_m4_r2c2	w_mask_in[110]	_02022_	0.578800	
u_cfg.g_live.g_bank\[5\].u_prompt	ot_sram_1r1w_512x128_m4_r2c2	w_mask_in[111]	_02022_	0.578800	
u_cfg.g_live.g_bank\[5\].u_prompt	ot_sram_1r1w_512x128_m4_r2c2	w_mask_in[112]	_02022_	0.578800	
u_cfg.g_live.g_bank\[5\].u_prompt	ot_sram_1r1w_512x128_m4_r2c2	w_mask_in[113]	_02022_	0.578800	
u_cfg.g_live.g_bank\[5\].u_prompt	ot_sram_1r1w_512x128_m4_r2c2	w_mask_in[114]	_02022_	0.578800	
u_cfg.g_live.g_bank\[5\].u_prompt	ot_sram_1r1w_512x128_m4_r2c2	w_mask_in[115]	_02022_	0.578800	
u_cfg.g_live.g_bank\[5\].u_prompt	ot_sram_1r1w_512x128_m4_r2c2	w_mask_in[116]	_02022_	0.578800	
u_cfg.g_live.g_bank\[5\].u_prompt	ot_sram_1r1w_512x128_m4_r2c2	w_mask_in[117]	_02022_	0.578800	
u_cfg.g_live.g_bank\[5\].u_prompt	ot_sram_1r1w_512x128_m4_r2c2	w_mask_in[118]	_02022_	0.578800	
u_cfg.g_live.g_bank\[5\].u_prompt	ot_sram_1r1w_512x128_m4_r2c2	w_mask_in[119]	_02022_	0.578800	
u_cfg.g_live.g_bank\[5\].u_prompt	ot_sram_1r1w_512x128_m4_r2c2	w_mask_in[120]	_02022_	0.578800	
u_cfg.g_live.g_bank\[5\].u_prompt	ot_sram_1r1w_512x128_m4_r2c2	w_mask_in[121]	_02022_	0.578800	
u_cfg.g_live.g_bank\[5\].u_prompt	ot_sram_1r1w_512x128_m4_r2c2	w_mask_in[122]	_02022_	0.578800	
u_cfg.g_live.g_bank\[5\].u_prompt	ot_sram_1r1w_512x128_m4_r2c2	w_mask_in[123]	_02022_	0.578800	
u_cfg.g_live.g_bank\[5\].u_prompt	ot_sram_1r1w_512x128_m4_r2c2	w_mask_in[124]	_02022_	0.578800	
u_cfg.g_live.g_bank\[5\].u_prompt	ot_sram_1r1w_512x128_m4_r2c2	w_mask_in[125]	_02022_	0.578800	
u_cfg.g_live.g_bank\[5\].u_prompt	ot_sram_1r1w_512x128_m4_r2c2	w_mask_in[126]	_02022_	0.578800	
u_cfg.g_live.g_bank\[5\].u_prompt	ot_sram_1r1w_512x128_m4_r2c2	w_mask_in[127]	_02022_	0.578800	
u_cfg.g_live.g_bank\[5\].u_prompt	ot_sram_1r1w_512x128_m4_r2c2	rr_en[0]	_10622_	0.578800	
u_cfg.g_live.g_bank\[5\].u_prompt	ot_sram_1r1w_512x128_m4_r2c2	rr_en[1]	_10622_	0.578800	
u_cfg.g_live.g_bank\[5\].u_prompt	ot_sram_1r1w_512x128_m4_r2c2	rr_addr[0]	_10622_	0.578800	
u_cfg.g_live.g_bank\[5\].u_prompt	ot_sram_1r1w_512x128_m4_r2c2	rr_addr[1]	_10622_	0.578800	
u_cfg.g_live.g_bank\[5\].u_prompt	ot_sram_1r1w_512x128_m4_r2c2	rr_addr[2]	_10622_	0.578800	
u_cfg.g_live.g_bank\[5\].u_prompt	ot_sram_1r1w_512x128_m4_r2c2	rr_addr[3]	_10622_	0.578800	
u_cfg.g_live.g_bank\[5\].u_prompt	ot_sram_1r1w_512x128_m4_r2c2	rr_addr[4]	_10622_	0.578800	
u_cfg.g_live.g_bank\[5\].u_prompt	ot_sram_1r1w_512x128_m4_r2c2	rr_addr[5]	_10622_	0.578800	
u_cfg.g_live.g_bank\[5\].u_prompt	ot_sram_1r1w_512x128_m4_r2c2	rr_addr[6]	_10622_	0.578800	
u_cfg.g_live.g_bank\[5\].u_prompt	ot_sram_1r1w_512x128_m4_r2c2	rr_addr[7]	_10622_	0.578800	
u_cfg.g_live.g_bank\[5\].u_prompt	ot_sram_1r1w_512x128_m4_r2c2	rr_addr[8]	_10622_	0.578800	
u_cfg.g_live.g_bank\[5\].u_prompt	ot_sram_1r1w_512x128_m4_r2c2	rr_addr[9]	_10622_	0.578800	
u_cfg.g_live.g_bank\[5\].u_prompt	ot_sram_1r1w_512x128_m4_r2c2	rr_addr[10]	_10622_	0.578800	
u_cfg.g_live.g_bank\[5\].u_prompt	ot_sram_1r1w_512x128_m4_r2c2	rr_addr[11]	_10622_	0.578800	
u_cfg.g_live.g_bank\[5\].u_prompt	ot_sram_1r1w_512x128_m4_r2c2	rr_addr[12]	_10622_	0.578800	
u_cfg.g_live.g_bank\[5\].u_prompt	ot_sram_1r1w_512x128_m4_r2c2	rr_addr[13]	_10622_	0.578800	
u_cfg.g_live.g_bank\[5\].u_prompt	ot_sram_1r1w_512x128_m4_r2c2	cr_en[0]	_10622_	0.578800	
u_cfg.g_live.g_bank\[5\].u_prompt	ot_sram_1r1w_512x128_m4_r2c2	cr_en[1]	_10622_	0.578800	
u_cfg.g_live.g_bank\[5\].u_prompt	ot_sram_1r1w_512x128_m4_r2c2	cr_sel[0]	_10622_	0.578800	
u_cfg.g_live.g_bank\[5\].u_prompt	ot_sram_1r1w_512x128_m4_r2c2	cr_sel[1]	_10622_	0.578800	
u_cfg.g_live.g_bank\[5\].u_prompt	ot_sram_1r1w_512x128_m4_r2c2	cr_sel[2]	_10622_	0.578800	
u_cfg.g_live.g_bank\[5\].u_prompt	ot_sram_1r1w_512x128_m4_r2c2	cr_sel[3]	_10622_	0.578800	
u_cfg.g_live.g_bank\[5\].u_prompt	ot_sram_1r1w_512x128_m4_r2c2	cr_sel[4]	_10622_	0.578800	
u_cfg.g_live.g_bank\[5\].u_prompt	ot_sram_1r1w_512x128_m4_r2c2	cr_sel[5]	_10622_	0.578800	
u_cfg.g_live.g_bank\[5\].u_prompt	ot_sram_1r1w_512x128_m4_r2c2	cr_sel[6]	_10622_	0.578800	
u_cfg.g_live.g_bank\[5\].u_prompt	ot_sram_1r1w_512x128_m4_r2c2	cr_sel[7]	_10622_	0.578800	
u_cfg.g_live.g_bank\[5\].u_prompt	ot_sram_1r1w_512x128_m4_r2c2	cr_sel[8]	_10622_	0.578800	
u_cfg.g_live.g_bank\[5\].u_prompt	ot_sram_1r1w_512x128_m4_r2c2	cr_sel[9]	_10622_	0.578800	
u_cfg.g_live.g_bank\[5\].u_prompt	ot_sram_1r1w_512x128_m4_r2c2	cr_sel[10]	_10622_	0.578800	
u_cfg.g_live.g_bank\[5\].u_prompt	ot_sram_1r1w_512x128_m4_r2c2	cr_sel[11]	_10622_	0.578800	
u_cfg.g_live.g_bank\[5\].u_prompt	ot_sram_1r1w_512x128_m4_r2c2	cr_sel[12]	_10622_	0.578800	
u_cfg.g_live.g_bank\[5\].u_prompt	ot_sram_1r1w_512x128_m4_r2c2	cr_sel[13]	_10622_	0.578800	
u_cfg.g_live.g_bank\[6\].u_prompt	ot_sram_1r1w_512x128_m4_r2c2	clk	clk	8.683800	
u_cfg.g_live.g_bank\[6\].u_prompt	ot_sram_1r1w_512x128_m4_r2c2	r_ce_in	_02033_	0.578800	
u_cfg.g_live.g_bank\[6\].u_prompt	ot_sram_1r1w_512x128_m4_r2c2	r_addr_in[0]	u_cfg.g_live.read_index\[1\]	0.578800	
u_cfg.g_live.g_bank\[6\].u_prompt	ot_sram_1r1w_512x128_m4_r2c2	r_addr_in[1]	u_cfg.g_live.read_index\[2\]	0.578800	
u_cfg.g_live.g_bank\[6\].u_prompt	ot_sram_1r1w_512x128_m4_r2c2	r_addr_in[2]	u_cfg.g_live.read_index\[3\]	0.578800	
u_cfg.g_live.g_bank\[6\].u_prompt	ot_sram_1r1w_512x128_m4_r2c2	r_addr_in[3]	u_cfg.g_live.read_index\[4\]	0.578800	
u_cfg.g_live.g_bank\[6\].u_prompt	ot_sram_1r1w_512x128_m4_r2c2	r_addr_in[4]	u_cfg.g_live.read_index\[5\]	0.578800	
u_cfg.g_live.g_bank\[6\].u_prompt	ot_sram_1r1w_512x128_m4_r2c2	r_addr_in[5]	u_cfg.g_live.read_index\[6\]	0.578800	
u_cfg.g_live.g_bank\[6\].u_prompt	ot_sram_1r1w_512x128_m4_r2c2	r_addr_in[6]	u_cfg.g_live.read_index\[7\]	0.578800	
u_cfg.g_live.g_bank\[6\].u_prompt	ot_sram_1r1w_512x128_m4_r2c2	r_addr_in[7]	u_cfg.g_live.read_index\[8\]	0.578800	
u_cfg.g_live.g_bank\[6\].u_prompt	ot_sram_1r1w_512x128_m4_r2c2	r_addr_in[8]	u_cfg.g_live.read_index\[9\]	0.578800	
u_cfg.g_live.g_bank\[6\].u_prompt	ot_sram_1r1w_512x128_m4_r2c2	rd_out[0]	u_cfg.g_live.bank_q\[896\]	0.924352	{_14573_ B 0.924352}
u_cfg.g_live.g_bank\[6\].u_prompt	ot_sram_1r1w_512x128_m4_r2c2	rd_out[1]	u_cfg.g_live.bank_q\[897\]	0.578766	{_14371_ A 0.578766}
u_cfg.g_live.g_bank\[6\].u_prompt	ot_sram_1r1w_512x128_m4_r2c2	rd_out[2]	u_cfg.g_live.bank_q\[898\]	0.578766	{_14726_ A 0.578766}
u_cfg.g_live.g_bank\[6\].u_prompt	ot_sram_1r1w_512x128_m4_r2c2	rd_out[3]	u_cfg.g_live.bank_q\[899\]	0.578766	{_14474_ A 0.578766}
u_cfg.g_live.g_bank\[6\].u_prompt	ot_sram_1r1w_512x128_m4_r2c2	rd_out[4]	u_cfg.g_live.bank_q\[900\]	0.578766	{_14523_ A 0.578766}
u_cfg.g_live.g_bank\[6\].u_prompt	ot_sram_1r1w_512x128_m4_r2c2	rd_out[5]	u_cfg.g_live.bank_q\[901\]	0.578766	{_14661_ A 0.578766}
u_cfg.g_live.g_bank\[6\].u_prompt	ot_sram_1r1w_512x128_m4_r2c2	rd_out[6]	u_cfg.g_live.bank_q\[902\]	0.486821	{_14629_ B 0.486821}
u_cfg.g_live.g_bank\[6\].u_prompt	ot_sram_1r1w_512x128_m4_r2c2	rd_out[7]	u_cfg.g_live.bank_q\[903\]	0.578766	{_15095_ A 0.578766}
u_cfg.g_live.g_bank\[6\].u_prompt	ot_sram_1r1w_512x128_m4_r2c2	rd_out[8]	u_cfg.g_live.bank_q\[904\]	0.578766	{_14946_ A 0.578766}
u_cfg.g_live.g_bank\[6\].u_prompt	ot_sram_1r1w_512x128_m4_r2c2	rd_out[9]	u_cfg.g_live.bank_q\[905\]	0.578766	{_14993_ A 0.578766}
u_cfg.g_live.g_bank\[6\].u_prompt	ot_sram_1r1w_512x128_m4_r2c2	rd_out[10]	u_cfg.g_live.bank_q\[906\]	0.924352	{_14890_ B 0.924352}
u_cfg.g_live.g_bank\[6\].u_prompt	ot_sram_1r1w_512x128_m4_r2c2	rd_out[11]	u_cfg.g_live.bank_q\[907\]	0.578766	{_14019_ A 0.578766}
u_cfg.g_live.g_bank\[6\].u_prompt	ot_sram_1r1w_512x128_m4_r2c2	rd_out[12]	u_cfg.g_live.bank_q\[908\]	0.924352	{_13848_ B 0.924352}
u_cfg.g_live.g_bank\[6\].u_prompt	ot_sram_1r1w_512x128_m4_r2c2	rd_out[13]	u_cfg.g_live.bank_q\[909\]	0.924352	{_13803_ B 0.924352}
u_cfg.g_live.g_bank\[6\].u_prompt	ot_sram_1r1w_512x128_m4_r2c2	rd_out[14]	u_cfg.g_live.bank_q\[910\]	0.578766	{_14032_ A 0.578766}
u_cfg.g_live.g_bank\[6\].u_prompt	ot_sram_1r1w_512x128_m4_r2c2	rd_out[15]	u_cfg.g_live.bank_q\[911\]	0.578766	{_13892_ A 0.578766}
u_cfg.g_live.g_bank\[6\].u_prompt	ot_sram_1r1w_512x128_m4_r2c2	rd_out[16]	u_cfg.g_live.bank_q\[912\]	0.924352	{_12820_ B 0.924352}
u_cfg.g_live.g_bank\[6\].u_prompt	ot_sram_1r1w_512x128_m4_r2c2	rd_out[17]	u_cfg.g_live.bank_q\[913\]	0.486821	{_12770_ B 0.486821}
u_cfg.g_live.g_bank\[6\].u_prompt	ot_sram_1r1w_512x128_m4_r2c2	rd_out[18]	u_cfg.g_live.bank_q\[914\]	0.578766	{_12712_ A 0.578766}
u_cfg.g_live.g_bank\[6\].u_prompt	ot_sram_1r1w_512x128_m4_r2c2	rd_out[19]	u_cfg.g_live.bank_q\[915\]	0.578766	{_12884_ A 0.578766}
u_cfg.g_live.g_bank\[6\].u_prompt	ot_sram_1r1w_512x128_m4_r2c2	rd_out[20]	u_cfg.g_live.bank_q\[916\]	0.578766	{_12213_ A 0.578766}
u_cfg.g_live.g_bank\[6\].u_prompt	ot_sram_1r1w_512x128_m4_r2c2	rd_out[21]	u_cfg.g_live.bank_q\[917\]	0.924352	{_12240_ B 0.924352}
u_cfg.g_live.g_bank\[6\].u_prompt	ot_sram_1r1w_512x128_m4_r2c2	rd_out[22]	u_cfg.g_live.bank_q\[918\]	0.924352	{_12251_ B 0.924352}
u_cfg.g_live.g_bank\[6\].u_prompt	ot_sram_1r1w_512x128_m4_r2c2	rd_out[23]	u_cfg.g_live.bank_q\[919\]	0.578766	{_12457_ A 0.578766}
u_cfg.g_live.g_bank\[6\].u_prompt	ot_sram_1r1w_512x128_m4_r2c2	rd_out[24]	u_cfg.g_live.bank_q\[920\]	0.924352	{_12615_ B 0.924352}
u_cfg.g_live.g_bank\[6\].u_prompt	ot_sram_1r1w_512x128_m4_r2c2	rd_out[25]	u_cfg.g_live.bank_q\[921\]	0.578766	{_12489_ A 0.578766}
u_cfg.g_live.g_bank\[6\].u_prompt	ot_sram_1r1w_512x128_m4_r2c2	rd_out[26]	u_cfg.g_live.bank_q\[922\]	0.789468	{_15662_ A2 0.789468}
u_cfg.g_live.g_bank\[6\].u_prompt	ot_sram_1r1w_512x128_m4_r2c2	rd_out[27]	u_cfg.g_live.bank_q\[923\]	0.578766	{_15466_ A 0.578766}
u_cfg.g_live.g_bank\[6\].u_prompt	ot_sram_1r1w_512x128_m4_r2c2	rd_out[28]	u_cfg.g_live.bank_q\[924\]	0.924352	{_15570_ B 0.924352}
u_cfg.g_live.g_bank\[6\].u_prompt	ot_sram_1r1w_512x128_m4_r2c2	rd_out[29]	u_cfg.g_live.bank_q\[925\]	0.578766	{_15360_ A 0.578766}
u_cfg.g_live.g_bank\[6\].u_prompt	ot_sram_1r1w_512x128_m4_r2c2	rd_out[30]	u_cfg.g_live.bank_q\[926\]	0.486821	{_15601_ B 0.486821}
u_cfg.g_live.g_bank\[6\].u_prompt	ot_sram_1r1w_512x128_m4_r2c2	rd_out[31]	u_cfg.g_live.bank_q\[927\]	0.924352	{_15703_ B 0.924352}
u_cfg.g_live.g_bank\[6\].u_prompt	ot_sram_1r1w_512x128_m4_r2c2	rd_out[32]	u_cfg.g_live.bank_q\[928\]	0.578766	{_15143_ A 0.578766}
u_cfg.g_live.g_bank\[6\].u_prompt	ot_sram_1r1w_512x128_m4_r2c2	rd_out[33]	u_cfg.g_live.bank_q\[929\]	0.924352	{_14217_ B 0.924352}
u_cfg.g_live.g_bank\[6\].u_prompt	ot_sram_1r1w_512x128_m4_r2c2	rd_out[34]	u_cfg.g_live.bank_q\[930\]	0.578766	{_14260_ A 0.578766}
u_cfg.g_live.g_bank\[6\].u_prompt	ot_sram_1r1w_512x128_m4_r2c2	rd_out[35]	u_cfg.g_live.bank_q\[931\]	0.924352	{_14207_ B 0.924352}
u_cfg.g_live.g_bank\[6\].u_prompt	ot_sram_1r1w_512x128_m4_r2c2	rd_out[36]	u_cfg.g_live.bank_q\[932\]	0.528014	{_14309_ A2 0.528014}
u_cfg.g_live.g_bank\[6\].u_prompt	ot_sram_1r1w_512x128_m4_r2c2	rd_out[37]	u_cfg.g_live.bank_q\[933\]	0.578766	{_15306_ A 0.578766}
u_cfg.g_live.g_bank\[6\].u_prompt	ot_sram_1r1w_512x128_m4_r2c2	rd_out[38]	u_cfg.g_live.bank_q\[934\]	0.578766	{_15418_ A 0.578766}
u_cfg.g_live.g_bank\[6\].u_prompt	ot_sram_1r1w_512x128_m4_r2c2	rd_out[39]	u_cfg.g_live.bank_q\[935\]	0.578766	{_15206_ A 0.578766}
u_cfg.g_live.g_bank\[6\].u_prompt	ot_sram_1r1w_512x128_m4_r2c2	rd_out[40]	u_cfg.g_live.bank_q\[936\]	0.578766	{_15274_ A 0.578766}
u_cfg.g_live.g_bank\[6\].u_prompt	ot_sram_1r1w_512x128_m4_r2c2	rd_out[41]	u_cfg.g_live.bank_q\[937\]	0.578766	{_13489_ A 0.578766}
u_cfg.g_live.g_bank\[6\].u_prompt	ot_sram_1r1w_512x128_m4_r2c2	rd_out[42]	u_cfg.g_live.bank_q\[938\]	0.486821	{_13707_ B 0.486821}
u_cfg.g_live.g_bank\[6\].u_prompt	ot_sram_1r1w_512x128_m4_r2c2	rd_out[43]	u_cfg.g_live.bank_q\[939\]	0.486821	{_13754_ B 0.486821}
u_cfg.g_live.g_bank\[6\].u_prompt	ot_sram_1r1w_512x128_m4_r2c2	rd_out[44]	u_cfg.g_live.bank_q\[940\]	0.924352	{_13606_ B 0.924352}
u_cfg.g_live.g_bank\[6\].u_prompt	ot_sram_1r1w_512x128_m4_r2c2	rd_out[45]	u_cfg.g_live.bank_q\[941\]	0.578766	{_13940_ A 0.578766}
u_cfg.g_live.g_bank\[6\].u_prompt	ot_sram_1r1w_512x128_m4_r2c2	rd_out[46]	u_cfg.g_live.bank_q\[942\]	0.924352	{_13518_ B 0.924352}
u_cfg.g_live.g_bank\[6\].u_prompt	ot_sram_1r1w_512x128_m4_r2c2	rd_out[47]	u_cfg.g_live.bank_q\[943\]	0.924352	{_13658_ B 0.924352}
u_cfg.g_live.g_bank\[6\].u_prompt	ot_sram_1r1w_512x128_m4_r2c2	rd_out[48]	u_cfg.g_live.bank_q\[944\]	0.578766	{_13028_ A 0.578766}
u_cfg.g_live.g_bank\[6\].u_prompt	ot_sram_1r1w_512x128_m4_r2c2	rd_out[49]	u_cfg.g_live.bank_q\[945\]	0.528014	{_13176_ A2 0.528014}
u_cfg.g_live.g_bank\[6\].u_prompt	ot_sram_1r1w_512x128_m4_r2c2	rd_out[50]	u_cfg.g_live.bank_q\[946\]	0.486821	{_13390_ B 0.486821}
u_cfg.g_live.g_bank\[6\].u_prompt	ot_sram_1r1w_512x128_m4_r2c2	rd_out[51]	u_cfg.g_live.bank_q\[947\]	0.486821	{_13445_ B 0.486821}
u_cfg.g_live.g_bank\[6\].u_prompt	ot_sram_1r1w_512x128_m4_r2c2	rd_out[52]	u_cfg.g_live.bank_q\[948\]	0.578766	{_12995_ A 0.578766}
u_cfg.g_live.g_bank\[6\].u_prompt	ot_sram_1r1w_512x128_m4_r2c2	rd_out[53]	u_cfg.g_live.bank_q\[949\]	0.578766	{_13208_ A 0.578766}
u_cfg.g_live.g_bank\[6\].u_prompt	ot_sram_1r1w_512x128_m4_r2c2	rd_out[54]	u_cfg.g_live.bank_q\[950\]	0.578766	{_13274_ A 0.578766}
u_cfg.g_live.g_bank\[6\].u_prompt	ot_sram_1r1w_512x128_m4_r2c2	rd_out[55]	u_cfg.g_live.bank_q\[951\]	0.578766	{_13329_ A 0.578766}
u_cfg.g_live.g_bank\[6\].u_prompt	ot_sram_1r1w_512x128_m4_r2c2	rd_out[56]	u_cfg.g_live.bank_q\[952\]	0.924352	{_13066_ B 0.924352}
u_cfg.g_live.g_bank\[6\].u_prompt	ot_sram_1r1w_512x128_m4_r2c2	rd_out[57]	u_cfg.g_live.bank_q\[953\]	0.578766	{_14341_ A 0.578766}
u_cfg.g_live.g_bank\[6\].u_prompt	ot_sram_1r1w_512x128_m4_r2c2	rd_out[58]	u_cfg.g_live.bank_q\[954\]	0.578766	{_14812_ A 0.578766}
u_cfg.g_live.g_bank\[6\].u_prompt	ot_sram_1r1w_512x128_m4_r2c2	rd_out[59]	u_cfg.g_live.bank_q\[955\]	0.578766	{_15042_ A 0.578766}
u_cfg.g_live.g_bank\[6\].u_prompt	ot_sram_1r1w_512x128_m4_r2c2	rd_out[60]	u_cfg.g_live.bank_q\[956\]	0.885352	{_14110_ A2 0.885352}
u_cfg.g_live.g_bank\[6\].u_prompt	ot_sram_1r1w_512x128_m4_r2c2	rd_out[61]	u_cfg.g_live.bank_q\[957\]	0.578766	{_12934_ A 0.578766}
u_cfg.g_live.g_bank\[6\].u_prompt	ot_sram_1r1w_512x128_m4_r2c2	rd_out[62]	u_cfg.g_live.bank_q\[958\]	0.578766	{_15530_ A 0.578766}
u_cfg.g_live.g_bank\[6\].u_prompt	ot_sram_1r1w_512x128_m4_r2c2	rd_out[63]	u_cfg.g_live.bank_q\[959\]	0.578766	{_14762_ A 0.578766}
u_cfg.g_live.g_bank\[6\].u_prompt	ot_sram_1r1w_512x128_m4_r2c2	rd_out[64]	u_cfg.g_live.bank_q\[960\]	0.578766	{_14572_ A 0.578766}
u_cfg.g_live.g_bank\[6\].u_prompt	ot_sram_1r1w_512x128_m4_r2c2	rd_out[65]	u_cfg.g_live.bank_q\[961\]	0.578766	{_14378_ A 0.578766}
u_cfg.g_live.g_bank\[6\].u_prompt	ot_sram_1r1w_512x128_m4_r2c2	rd_out[66]	u_cfg.g_live.bank_q\[962\]	0.578766	{_14732_ A 0.578766}
u_cfg.g_live.g_bank\[6\].u_prompt	ot_sram_1r1w_512x128_m4_r2c2	rd_out[67]	u_cfg.g_live.bank_q\[963\]	0.578766	{_14480_ A 0.578766}
u_cfg.g_live.g_bank\[6\].u_prompt	ot_sram_1r1w_512x128_m4_r2c2	rd_out[68]	u_cfg.g_live.bank_q\[964\]	0.578766	{_14502_ A 0.578766}
u_cfg.g_live.g_bank\[6\].u_prompt	ot_sram_1r1w_512x128_m4_r2c2	rd_out[69]	u_cfg.g_live.bank_q\[965\]	0.578766	{_14696_ A 0.578766}
u_cfg.g_live.g_bank\[6\].u_prompt	ot_sram_1r1w_512x128_m4_r2c2	rd_out[70]	u_cfg.g_live.bank_q\[966\]	0.486821	{_14627_ B 0.486821}
u_cfg.g_live.g_bank\[6\].u_prompt	ot_sram_1r1w_512x128_m4_r2c2	rd_out[71]	u_cfg.g_live.bank_q\[967\]	0.924352	{_15093_ B 0.924352}
u_cfg.g_live.g_bank\[6\].u_prompt	ot_sram_1r1w_512x128_m4_r2c2	rd_out[72]	u_cfg.g_live.bank_q\[968\]	0.924352	{_14944_ B 0.924352}
u_cfg.g_live.g_bank\[6\].u_prompt	ot_sram_1r1w_512x128_m4_r2c2	rd_out[73]	u_cfg.g_live.bank_q\[969\]	0.578766	{_14972_ A 0.578766}
u_cfg.g_live.g_bank\[6\].u_prompt	ot_sram_1r1w_512x128_m4_r2c2	rd_out[74]	u_cfg.g_live.bank_q\[970\]	0.578766	{_14889_ A 0.578766}
u_cfg.g_live.g_bank\[6\].u_prompt	ot_sram_1r1w_512x128_m4_r2c2	rd_out[75]	u_cfg.g_live.bank_q\[971\]	0.578766	{_14004_ A 0.578766}
u_cfg.g_live.g_bank\[6\].u_prompt	ot_sram_1r1w_512x128_m4_r2c2	rd_out[76]	u_cfg.g_live.bank_q\[972\]	0.578766	{_13837_ A 0.578766}
u_cfg.g_live.g_bank\[6\].u_prompt	ot_sram_1r1w_512x128_m4_r2c2	rd_out[77]	u_cfg.g_live.bank_q\[973\]	0.578766	{_13792_ A 0.578766}
u_cfg.g_live.g_bank\[6\].u_prompt	ot_sram_1r1w_512x128_m4_r2c2	rd_out[78]	u_cfg.g_live.bank_q\[974\]	0.578766	{_14065_ A 0.578766}
u_cfg.g_live.g_bank\[6\].u_prompt	ot_sram_1r1w_512x128_m4_r2c2	rd_out[79]	u_cfg.g_live.bank_q\[975\]	0.578766	{_13916_ A 0.578766}
u_cfg.g_live.g_bank\[6\].u_prompt	ot_sram_1r1w_512x128_m4_r2c2	rd_out[80]	u_cfg.g_live.bank_q\[976\]	0.578766	{_12808_ A 0.578766}
u_cfg.g_live.g_bank\[6\].u_prompt	ot_sram_1r1w_512x128_m4_r2c2	rd_out[81]	u_cfg.g_live.bank_q\[977\]	0.486821	{_12768_ B 0.486821}
u_cfg.g_live.g_bank\[6\].u_prompt	ot_sram_1r1w_512x128_m4_r2c2	rd_out[82]	u_cfg.g_live.bank_q\[978\]	0.578766	{_12722_ A 0.578766}
u_cfg.g_live.g_bank\[6\].u_prompt	ot_sram_1r1w_512x128_m4_r2c2	rd_out[83]	u_cfg.g_live.bank_q\[979\]	0.924352	{_12882_ B 0.924352}
u_cfg.g_live.g_bank\[6\].u_prompt	ot_sram_1r1w_512x128_m4_r2c2	rd_out[84]	u_cfg.g_live.bank_q\[980\]	0.578766	{_12224_ A 0.578766}
u_cfg.g_live.g_bank\[6\].u_prompt	ot_sram_1r1w_512x128_m4_r2c2	rd_out[85]	u_cfg.g_live.bank_q\[981\]	0.578766	{_12239_ A 0.578766}
u_cfg.g_live.g_bank\[6\].u_prompt	ot_sram_1r1w_512x128_m4_r2c2	rd_out[86]	u_cfg.g_live.bank_q\[982\]	0.578766	{_12246_ A 0.578766}
u_cfg.g_live.g_bank\[6\].u_prompt	ot_sram_1r1w_512x128_m4_r2c2	rd_out[87]	u_cfg.g_live.bank_q\[983\]	0.578766	{_12472_ A 0.578766}
u_cfg.g_live.g_bank\[6\].u_prompt	ot_sram_1r1w_512x128_m4_r2c2	rd_out[88]	u_cfg.g_live.bank_q\[984\]	0.578766	{_12599_ A 0.578766}
u_cfg.g_live.g_bank\[6\].u_prompt	ot_sram_1r1w_512x128_m4_r2c2	rd_out[89]	u_cfg.g_live.bank_q\[985\]	0.924352	{_12487_ B 0.924352}
u_cfg.g_live.g_bank\[6\].u_prompt	ot_sram_1r1w_512x128_m4_r2c2	rd_out[90]	u_cfg.g_live.bank_q\[986\]	0.578766	{_15647_ A 0.578766}
u_cfg.g_live.g_bank\[6\].u_prompt	ot_sram_1r1w_512x128_m4_r2c2	rd_out[91]	u_cfg.g_live.bank_q\[987\]	0.489888	{_15478_ B 0.489888}
u_cfg.g_live.g_bank\[6\].u_prompt	ot_sram_1r1w_512x128_m4_r2c2	rd_out[92]	u_cfg.g_live.bank_q\[988\]	0.578766	{_15564_ A 0.578766}
u_cfg.g_live.g_bank\[6\].u_prompt	ot_sram_1r1w_512x128_m4_r2c2	rd_out[93]	u_cfg.g_live.bank_q\[989\]	0.486821	{_15351_ B 0.486821}
u_cfg.g_live.g_bank\[6\].u_prompt	ot_sram_1r1w_512x128_m4_r2c2	rd_out[94]	u_cfg.g_live.bank_q\[990\]	0.486821	{_15605_ B 0.486821}
u_cfg.g_live.g_bank\[6\].u_prompt	ot_sram_1r1w_512x128_m4_r2c2	rd_out[95]	u_cfg.g_live.bank_q\[991\]	0.924352	{_15704_ B 0.924352}
u_cfg.g_live.g_bank\[6\].u_prompt	ot_sram_1r1w_512x128_m4_r2c2	rd_out[96]	u_cfg.g_live.bank_q\[992\]	0.578766	{_15158_ A 0.578766}
u_cfg.g_live.g_bank\[6\].u_prompt	ot_sram_1r1w_512x128_m4_r2c2	rd_out[97]	u_cfg.g_live.bank_q\[993\]	0.578766	{_14216_ A 0.578766}
u_cfg.g_live.g_bank\[6\].u_prompt	ot_sram_1r1w_512x128_m4_r2c2	rd_out[98]	u_cfg.g_live.bank_q\[994\]	0.578766	{_14267_ A 0.578766}
u_cfg.g_live.g_bank\[6\].u_prompt	ot_sram_1r1w_512x128_m4_r2c2	rd_out[99]	u_cfg.g_live.bank_q\[995\]	0.578766	{_14206_ A 0.578766}
u_cfg.g_live.g_bank\[6\].u_prompt	ot_sram_1r1w_512x128_m4_r2c2	rd_out[100]	u_cfg.g_live.bank_q\[996\]	0.528014	{_14315_ A2 0.528014}
u_cfg.g_live.g_bank\[6\].u_prompt	ot_sram_1r1w_512x128_m4_r2c2	rd_out[101]	u_cfg.g_live.bank_q\[997\]	0.924352	{_15304_ B 0.924352}
u_cfg.g_live.g_bank\[6\].u_prompt	ot_sram_1r1w_512x128_m4_r2c2	rd_out[102]	u_cfg.g_live.bank_q\[998\]	0.578766	{_15425_ A 0.578766}
u_cfg.g_live.g_bank\[6\].u_prompt	ot_sram_1r1w_512x128_m4_r2c2	rd_out[103]	u_cfg.g_live.bank_q\[999\]	0.578766	{_15213_ A 0.578766}
u_cfg.g_live.g_bank\[6\].u_prompt	ot_sram_1r1w_512x128_m4_r2c2	rd_out[104]	u_cfg.g_live.bank_q\[1000\]	0.489888	{_15251_ B 0.489888}
u_cfg.g_live.g_bank\[6\].u_prompt	ot_sram_1r1w_512x128_m4_r2c2	rd_out[105]	u_cfg.g_live.bank_q\[1001\]	0.578766	{_13496_ A 0.578766}
u_cfg.g_live.g_bank\[6\].u_prompt	ot_sram_1r1w_512x128_m4_r2c2	rd_out[106]	u_cfg.g_live.bank_q\[1002\]	0.486821	{_13711_ B 0.486821}
u_cfg.g_live.g_bank\[6\].u_prompt	ot_sram_1r1w_512x128_m4_r2c2	rd_out[107]	u_cfg.g_live.bank_q\[1003\]	0.486821	{_13758_ B 0.486821}
u_cfg.g_live.g_bank\[6\].u_prompt	ot_sram_1r1w_512x128_m4_r2c2	rd_out[108]	u_cfg.g_live.bank_q\[1004\]	0.924352	{_13614_ B 0.924352}
u_cfg.g_live.g_bank\[6\].u_prompt	ot_sram_1r1w_512x128_m4_r2c2	rd_out[109]	u_cfg.g_live.bank_q\[1005\]	0.578766	{_13964_ A 0.578766}
u_cfg.g_live.g_bank\[6\].u_prompt	ot_sram_1r1w_512x128_m4_r2c2	rd_out[110]	u_cfg.g_live.bank_q\[1006\]	0.578766	{_13517_ A 0.578766}
u_cfg.g_live.g_bank\[6\].u_prompt	ot_sram_1r1w_512x128_m4_r2c2	rd_out[111]	u_cfg.g_live.bank_q\[1007\]	0.924352	{_13663_ B 0.924352}
u_cfg.g_live.g_bank\[6\].u_prompt	ot_sram_1r1w_512x128_m4_r2c2	rd_out[112]	u_cfg.g_live.bank_q\[1008\]	0.578766	{_13037_ A 0.578766}
u_cfg.g_live.g_bank\[6\].u_prompt	ot_sram_1r1w_512x128_m4_r2c2	rd_out[113]	u_cfg.g_live.bank_q\[1009\]	0.528014	{_13183_ A2 0.528014}
u_cfg.g_live.g_bank\[6\].u_prompt	ot_sram_1r1w_512x128_m4_r2c2	rd_out[114]	u_cfg.g_live.bank_q\[1010\]	0.486821	{_13388_ B 0.486821}
u_cfg.g_live.g_bank\[6\].u_prompt	ot_sram_1r1w_512x128_m4_r2c2	rd_out[115]	u_cfg.g_live.bank_q\[1011\]	0.486821	{_13443_ B 0.486821}
u_cfg.g_live.g_bank\[6\].u_prompt	ot_sram_1r1w_512x128_m4_r2c2	rd_out[116]	u_cfg.g_live.bank_q\[1012\]	0.578766	{_13002_ A 0.578766}
u_cfg.g_live.g_bank\[6\].u_prompt	ot_sram_1r1w_512x128_m4_r2c2	rd_out[117]	u_cfg.g_live.bank_q\[1013\]	0.924352	{_13206_ B 0.924352}
u_cfg.g_live.g_bank\[6\].u_prompt	ot_sram_1r1w_512x128_m4_r2c2	rd_out[118]	u_cfg.g_live.bank_q\[1014\]	0.578766	{_13304_ A 0.578766}
u_cfg.g_live.g_bank\[6\].u_prompt	ot_sram_1r1w_512x128_m4_r2c2	rd_out[119]	u_cfg.g_live.bank_q\[1015\]	0.578766	{_13356_ A 0.578766}
u_cfg.g_live.g_bank\[6\].u_prompt	ot_sram_1r1w_512x128_m4_r2c2	rd_out[120]	u_cfg.g_live.bank_q\[1016\]	0.924352	{_13067_ B 0.924352}
u_cfg.g_live.g_bank\[6\].u_prompt	ot_sram_1r1w_512x128_m4_r2c2	rd_out[121]	u_cfg.g_live.bank_q\[1017\]	0.578766	{_14348_ A 0.578766}
u_cfg.g_live.g_bank\[6\].u_prompt	ot_sram_1r1w_512x128_m4_r2c2	rd_out[122]	u_cfg.g_live.bank_q\[1018\]	0.578766	{_14819_ A 0.578766}
u_cfg.g_live.g_bank\[6\].u_prompt	ot_sram_1r1w_512x128_m4_r2c2	rd_out[123]	u_cfg.g_live.bank_q\[1019\]	0.578766	{_15049_ A 0.578766}
u_cfg.g_live.g_bank\[6\].u_prompt	ot_sram_1r1w_512x128_m4_r2c2	rd_out[124]	u_cfg.g_live.bank_q\[1020\]	0.578766	{_14096_ A 0.578766}
u_cfg.g_live.g_bank\[6\].u_prompt	ot_sram_1r1w_512x128_m4_r2c2	rd_out[125]	u_cfg.g_live.bank_q\[1021\]	0.578766	{_12918_ A 0.578766}
u_cfg.g_live.g_bank\[6\].u_prompt	ot_sram_1r1w_512x128_m4_r2c2	rd_out[126]	u_cfg.g_live.bank_q\[1022\]	0.578766	{_15523_ A 0.578766}
u_cfg.g_live.g_bank\[6\].u_prompt	ot_sram_1r1w_512x128_m4_r2c2	rd_out[127]	u_cfg.g_live.bank_q\[1023\]	0.578766	{_14755_ A 0.578766}
u_cfg.g_live.g_bank\[6\].u_prompt	ot_sram_1r1w_512x128_m4_r2c2	w_ce_in	_02034_	0.578800	
u_cfg.g_live.g_bank\[6\].u_prompt	ot_sram_1r1w_512x128_m4_r2c2	w_addr_in[0]	_01885_	0.578800	
u_cfg.g_live.g_bank\[6\].u_prompt	ot_sram_1r1w_512x128_m4_r2c2	w_addr_in[1]	_01886_	0.578800	
u_cfg.g_live.g_bank\[6\].u_prompt	ot_sram_1r1w_512x128_m4_r2c2	w_addr_in[2]	_01887_	0.578800	
u_cfg.g_live.g_bank\[6\].u_prompt	ot_sram_1r1w_512x128_m4_r2c2	w_addr_in[3]	_01888_	0.578800	
u_cfg.g_live.g_bank\[6\].u_prompt	ot_sram_1r1w_512x128_m4_r2c2	w_addr_in[4]	_01889_	0.578800	
u_cfg.g_live.g_bank\[6\].u_prompt	ot_sram_1r1w_512x128_m4_r2c2	w_addr_in[5]	_01890_	0.578800	
u_cfg.g_live.g_bank\[6\].u_prompt	ot_sram_1r1w_512x128_m4_r2c2	w_addr_in[6]	_01891_	0.578800	
u_cfg.g_live.g_bank\[6\].u_prompt	ot_sram_1r1w_512x128_m4_r2c2	w_addr_in[7]	_01892_	0.578800	
u_cfg.g_live.g_bank\[6\].u_prompt	ot_sram_1r1w_512x128_m4_r2c2	w_addr_in[8]	_01893_	0.578800	
u_cfg.g_live.g_bank\[6\].u_prompt	ot_sram_1r1w_512x128_m4_r2c2	wd_in[0]	_01894_	0.578800	
u_cfg.g_live.g_bank\[6\].u_prompt	ot_sram_1r1w_512x128_m4_r2c2	wd_in[1]	_01933_	0.578800	
u_cfg.g_live.g_bank\[6\].u_prompt	ot_sram_1r1w_512x128_m4_r2c2	wd_in[2]	_01943_	0.578800	
u_cfg.g_live.g_bank\[6\].u_prompt	ot_sram_1r1w_512x128_m4_r2c2	wd_in[3]	_01954_	0.578800	
u_cfg.g_live.g_bank\[6\].u_prompt	ot_sram_1r1w_512x128_m4_r2c2	wd_in[4]	_01965_	0.578800	
u_cfg.g_live.g_bank\[6\].u_prompt	ot_sram_1r1w_512x128_m4_r2c2	wd_in[5]	_01976_	0.578800	
u_cfg.g_live.g_bank\[6\].u_prompt	ot_sram_1r1w_512x128_m4_r2c2	wd_in[6]	_01987_	0.578800	
u_cfg.g_live.g_bank\[6\].u_prompt	ot_sram_1r1w_512x128_m4_r2c2	wd_in[7]	_01998_	0.578800	
u_cfg.g_live.g_bank\[6\].u_prompt	ot_sram_1r1w_512x128_m4_r2c2	wd_in[8]	_02009_	0.578800	
u_cfg.g_live.g_bank\[6\].u_prompt	ot_sram_1r1w_512x128_m4_r2c2	wd_in[9]	_02020_	0.578800	
u_cfg.g_live.g_bank\[6\].u_prompt	ot_sram_1r1w_512x128_m4_r2c2	wd_in[10]	_01905_	0.578800	
u_cfg.g_live.g_bank\[6\].u_prompt	ot_sram_1r1w_512x128_m4_r2c2	wd_in[11]	_01916_	0.578800	
u_cfg.g_live.g_bank\[6\].u_prompt	ot_sram_1r1w_512x128_m4_r2c2	wd_in[12]	_01925_	0.578800	
u_cfg.g_live.g_bank\[6\].u_prompt	ot_sram_1r1w_512x128_m4_r2c2	wd_in[13]	_01926_	0.578800	
u_cfg.g_live.g_bank\[6\].u_prompt	ot_sram_1r1w_512x128_m4_r2c2	wd_in[14]	_01927_	0.578800	
u_cfg.g_live.g_bank\[6\].u_prompt	ot_sram_1r1w_512x128_m4_r2c2	wd_in[15]	_01928_	0.578800	
u_cfg.g_live.g_bank\[6\].u_prompt	ot_sram_1r1w_512x128_m4_r2c2	wd_in[16]	_01929_	0.578800	
u_cfg.g_live.g_bank\[6\].u_prompt	ot_sram_1r1w_512x128_m4_r2c2	wd_in[17]	_01930_	0.578800	
u_cfg.g_live.g_bank\[6\].u_prompt	ot_sram_1r1w_512x128_m4_r2c2	wd_in[18]	_01931_	0.578800	
u_cfg.g_live.g_bank\[6\].u_prompt	ot_sram_1r1w_512x128_m4_r2c2	wd_in[19]	_01932_	0.578800	
u_cfg.g_live.g_bank\[6\].u_prompt	ot_sram_1r1w_512x128_m4_r2c2	wd_in[20]	_01934_	0.578800	
u_cfg.g_live.g_bank\[6\].u_prompt	ot_sram_1r1w_512x128_m4_r2c2	wd_in[21]	_01935_	0.578800	
u_cfg.g_live.g_bank\[6\].u_prompt	ot_sram_1r1w_512x128_m4_r2c2	wd_in[22]	_01936_	0.578800	
u_cfg.g_live.g_bank\[6\].u_prompt	ot_sram_1r1w_512x128_m4_r2c2	wd_in[23]	_01937_	0.578800	
u_cfg.g_live.g_bank\[6\].u_prompt	ot_sram_1r1w_512x128_m4_r2c2	wd_in[24]	_01938_	0.578800	
u_cfg.g_live.g_bank\[6\].u_prompt	ot_sram_1r1w_512x128_m4_r2c2	wd_in[25]	_01939_	0.578800	
u_cfg.g_live.g_bank\[6\].u_prompt	ot_sram_1r1w_512x128_m4_r2c2	wd_in[26]	_10622_	0.578800	
u_cfg.g_live.g_bank\[6\].u_prompt	ot_sram_1r1w_512x128_m4_r2c2	wd_in[27]	_01940_	0.578800	
u_cfg.g_live.g_bank\[6\].u_prompt	ot_sram_1r1w_512x128_m4_r2c2	wd_in[28]	_01941_	0.578800	
u_cfg.g_live.g_bank\[6\].u_prompt	ot_sram_1r1w_512x128_m4_r2c2	wd_in[29]	_01942_	0.578800	
u_cfg.g_live.g_bank\[6\].u_prompt	ot_sram_1r1w_512x128_m4_r2c2	wd_in[30]	_01944_	0.578800	
u_cfg.g_live.g_bank\[6\].u_prompt	ot_sram_1r1w_512x128_m4_r2c2	wd_in[31]	_01945_	0.578800	
u_cfg.g_live.g_bank\[6\].u_prompt	ot_sram_1r1w_512x128_m4_r2c2	wd_in[32]	_01946_	0.578800	
u_cfg.g_live.g_bank\[6\].u_prompt	ot_sram_1r1w_512x128_m4_r2c2	wd_in[33]	_01947_	0.578800	
u_cfg.g_live.g_bank\[6\].u_prompt	ot_sram_1r1w_512x128_m4_r2c2	wd_in[34]	_01948_	0.578800	
u_cfg.g_live.g_bank\[6\].u_prompt	ot_sram_1r1w_512x128_m4_r2c2	wd_in[35]	_01949_	0.578800	
u_cfg.g_live.g_bank\[6\].u_prompt	ot_sram_1r1w_512x128_m4_r2c2	wd_in[36]	_01950_	0.578800	
u_cfg.g_live.g_bank\[6\].u_prompt	ot_sram_1r1w_512x128_m4_r2c2	wd_in[37]	_01951_	0.578800	
u_cfg.g_live.g_bank\[6\].u_prompt	ot_sram_1r1w_512x128_m4_r2c2	wd_in[38]	_01952_	0.578800	
u_cfg.g_live.g_bank\[6\].u_prompt	ot_sram_1r1w_512x128_m4_r2c2	wd_in[39]	_01953_	0.578800	
u_cfg.g_live.g_bank\[6\].u_prompt	ot_sram_1r1w_512x128_m4_r2c2	wd_in[40]	_01955_	0.578800	
u_cfg.g_live.g_bank\[6\].u_prompt	ot_sram_1r1w_512x128_m4_r2c2	wd_in[41]	_01956_	0.578800	
u_cfg.g_live.g_bank\[6\].u_prompt	ot_sram_1r1w_512x128_m4_r2c2	wd_in[42]	_01957_	0.578800	
u_cfg.g_live.g_bank\[6\].u_prompt	ot_sram_1r1w_512x128_m4_r2c2	wd_in[43]	_01958_	0.578800	
u_cfg.g_live.g_bank\[6\].u_prompt	ot_sram_1r1w_512x128_m4_r2c2	wd_in[44]	_01959_	0.578800	
u_cfg.g_live.g_bank\[6\].u_prompt	ot_sram_1r1w_512x128_m4_r2c2	wd_in[45]	_01960_	0.578800	
u_cfg.g_live.g_bank\[6\].u_prompt	ot_sram_1r1w_512x128_m4_r2c2	wd_in[46]	_01961_	0.578800	
u_cfg.g_live.g_bank\[6\].u_prompt	ot_sram_1r1w_512x128_m4_r2c2	wd_in[47]	_01962_	0.578800	
u_cfg.g_live.g_bank\[6\].u_prompt	ot_sram_1r1w_512x128_m4_r2c2	wd_in[48]	_01963_	0.578800	
u_cfg.g_live.g_bank\[6\].u_prompt	ot_sram_1r1w_512x128_m4_r2c2	wd_in[49]	_01964_	0.578800	
u_cfg.g_live.g_bank\[6\].u_prompt	ot_sram_1r1w_512x128_m4_r2c2	wd_in[50]	_01966_	0.578800	
u_cfg.g_live.g_bank\[6\].u_prompt	ot_sram_1r1w_512x128_m4_r2c2	wd_in[51]	_01967_	0.578800	
u_cfg.g_live.g_bank\[6\].u_prompt	ot_sram_1r1w_512x128_m4_r2c2	wd_in[52]	_01968_	0.578800	
u_cfg.g_live.g_bank\[6\].u_prompt	ot_sram_1r1w_512x128_m4_r2c2	wd_in[53]	_01969_	0.578800	
u_cfg.g_live.g_bank\[6\].u_prompt	ot_sram_1r1w_512x128_m4_r2c2	wd_in[54]	_01970_	0.578800	
u_cfg.g_live.g_bank\[6\].u_prompt	ot_sram_1r1w_512x128_m4_r2c2	wd_in[55]	_01971_	0.578800	
u_cfg.g_live.g_bank\[6\].u_prompt	ot_sram_1r1w_512x128_m4_r2c2	wd_in[56]	_01972_	0.578800	
u_cfg.g_live.g_bank\[6\].u_prompt	ot_sram_1r1w_512x128_m4_r2c2	wd_in[57]	_01973_	0.578800	
u_cfg.g_live.g_bank\[6\].u_prompt	ot_sram_1r1w_512x128_m4_r2c2	wd_in[58]	_01974_	0.578800	
u_cfg.g_live.g_bank\[6\].u_prompt	ot_sram_1r1w_512x128_m4_r2c2	wd_in[59]	_01975_	0.578800	
u_cfg.g_live.g_bank\[6\].u_prompt	ot_sram_1r1w_512x128_m4_r2c2	wd_in[60]	_01977_	0.578800	
u_cfg.g_live.g_bank\[6\].u_prompt	ot_sram_1r1w_512x128_m4_r2c2	wd_in[61]	_01978_	0.578800	
u_cfg.g_live.g_bank\[6\].u_prompt	ot_sram_1r1w_512x128_m4_r2c2	wd_in[62]	_01979_	0.578800	
u_cfg.g_live.g_bank\[6\].u_prompt	ot_sram_1r1w_512x128_m4_r2c2	wd_in[63]	_01980_	0.578800	
u_cfg.g_live.g_bank\[6\].u_prompt	ot_sram_1r1w_512x128_m4_r2c2	wd_in[64]	_01981_	0.578800	
u_cfg.g_live.g_bank\[6\].u_prompt	ot_sram_1r1w_512x128_m4_r2c2	wd_in[65]	_01982_	0.578800	
u_cfg.g_live.g_bank\[6\].u_prompt	ot_sram_1r1w_512x128_m4_r2c2	wd_in[66]	_01983_	0.578800	
u_cfg.g_live.g_bank\[6\].u_prompt	ot_sram_1r1w_512x128_m4_r2c2	wd_in[67]	_01984_	0.578800	
u_cfg.g_live.g_bank\[6\].u_prompt	ot_sram_1r1w_512x128_m4_r2c2	wd_in[68]	_01985_	0.578800	
u_cfg.g_live.g_bank\[6\].u_prompt	ot_sram_1r1w_512x128_m4_r2c2	wd_in[69]	_01986_	0.578800	
u_cfg.g_live.g_bank\[6\].u_prompt	ot_sram_1r1w_512x128_m4_r2c2	wd_in[70]	_01988_	0.578800	
u_cfg.g_live.g_bank\[6\].u_prompt	ot_sram_1r1w_512x128_m4_r2c2	wd_in[71]	_01989_	0.578800	
u_cfg.g_live.g_bank\[6\].u_prompt	ot_sram_1r1w_512x128_m4_r2c2	wd_in[72]	_01990_	0.578800	
u_cfg.g_live.g_bank\[6\].u_prompt	ot_sram_1r1w_512x128_m4_r2c2	wd_in[73]	_01991_	0.578800	
u_cfg.g_live.g_bank\[6\].u_prompt	ot_sram_1r1w_512x128_m4_r2c2	wd_in[74]	_01992_	0.578800	
u_cfg.g_live.g_bank\[6\].u_prompt	ot_sram_1r1w_512x128_m4_r2c2	wd_in[75]	_01993_	0.578800	
u_cfg.g_live.g_bank\[6\].u_prompt	ot_sram_1r1w_512x128_m4_r2c2	wd_in[76]	_01994_	0.578800	
u_cfg.g_live.g_bank\[6\].u_prompt	ot_sram_1r1w_512x128_m4_r2c2	wd_in[77]	_01995_	0.578800	
u_cfg.g_live.g_bank\[6\].u_prompt	ot_sram_1r1w_512x128_m4_r2c2	wd_in[78]	_01996_	0.578800	
u_cfg.g_live.g_bank\[6\].u_prompt	ot_sram_1r1w_512x128_m4_r2c2	wd_in[79]	_01997_	0.578800	
u_cfg.g_live.g_bank\[6\].u_prompt	ot_sram_1r1w_512x128_m4_r2c2	wd_in[80]	_01999_	0.578800	
u_cfg.g_live.g_bank\[6\].u_prompt	ot_sram_1r1w_512x128_m4_r2c2	wd_in[81]	_02000_	0.578800	
u_cfg.g_live.g_bank\[6\].u_prompt	ot_sram_1r1w_512x128_m4_r2c2	wd_in[82]	_02001_	0.578800	
u_cfg.g_live.g_bank\[6\].u_prompt	ot_sram_1r1w_512x128_m4_r2c2	wd_in[83]	_02002_	0.578800	
u_cfg.g_live.g_bank\[6\].u_prompt	ot_sram_1r1w_512x128_m4_r2c2	wd_in[84]	_02003_	0.578800	
u_cfg.g_live.g_bank\[6\].u_prompt	ot_sram_1r1w_512x128_m4_r2c2	wd_in[85]	_02004_	0.578800	
u_cfg.g_live.g_bank\[6\].u_prompt	ot_sram_1r1w_512x128_m4_r2c2	wd_in[86]	_02005_	0.578800	
u_cfg.g_live.g_bank\[6\].u_prompt	ot_sram_1r1w_512x128_m4_r2c2	wd_in[87]	_02006_	0.578800	
u_cfg.g_live.g_bank\[6\].u_prompt	ot_sram_1r1w_512x128_m4_r2c2	wd_in[88]	_02007_	0.578800	
u_cfg.g_live.g_bank\[6\].u_prompt	ot_sram_1r1w_512x128_m4_r2c2	wd_in[89]	_02008_	0.578800	
u_cfg.g_live.g_bank\[6\].u_prompt	ot_sram_1r1w_512x128_m4_r2c2	wd_in[90]	_02010_	0.578800	
u_cfg.g_live.g_bank\[6\].u_prompt	ot_sram_1r1w_512x128_m4_r2c2	wd_in[91]	_02011_	0.578800	
u_cfg.g_live.g_bank\[6\].u_prompt	ot_sram_1r1w_512x128_m4_r2c2	wd_in[92]	_02012_	0.578800	
u_cfg.g_live.g_bank\[6\].u_prompt	ot_sram_1r1w_512x128_m4_r2c2	wd_in[93]	_02013_	0.578800	
u_cfg.g_live.g_bank\[6\].u_prompt	ot_sram_1r1w_512x128_m4_r2c2	wd_in[94]	_02014_	0.578800	
u_cfg.g_live.g_bank\[6\].u_prompt	ot_sram_1r1w_512x128_m4_r2c2	wd_in[95]	_02015_	0.578800	
u_cfg.g_live.g_bank\[6\].u_prompt	ot_sram_1r1w_512x128_m4_r2c2	wd_in[96]	_02016_	0.578800	
u_cfg.g_live.g_bank\[6\].u_prompt	ot_sram_1r1w_512x128_m4_r2c2	wd_in[97]	_02017_	0.578800	
u_cfg.g_live.g_bank\[6\].u_prompt	ot_sram_1r1w_512x128_m4_r2c2	wd_in[98]	_02018_	0.578800	
u_cfg.g_live.g_bank\[6\].u_prompt	ot_sram_1r1w_512x128_m4_r2c2	wd_in[99]	_02019_	0.578800	
u_cfg.g_live.g_bank\[6\].u_prompt	ot_sram_1r1w_512x128_m4_r2c2	wd_in[100]	_01895_	0.578800	
u_cfg.g_live.g_bank\[6\].u_prompt	ot_sram_1r1w_512x128_m4_r2c2	wd_in[101]	_01896_	0.578800	
u_cfg.g_live.g_bank\[6\].u_prompt	ot_sram_1r1w_512x128_m4_r2c2	wd_in[102]	_01897_	0.578800	
u_cfg.g_live.g_bank\[6\].u_prompt	ot_sram_1r1w_512x128_m4_r2c2	wd_in[103]	_01898_	0.578800	
u_cfg.g_live.g_bank\[6\].u_prompt	ot_sram_1r1w_512x128_m4_r2c2	wd_in[104]	_01899_	0.578800	
u_cfg.g_live.g_bank\[6\].u_prompt	ot_sram_1r1w_512x128_m4_r2c2	wd_in[105]	_01900_	0.578800	
u_cfg.g_live.g_bank\[6\].u_prompt	ot_sram_1r1w_512x128_m4_r2c2	wd_in[106]	_01901_	0.578800	
u_cfg.g_live.g_bank\[6\].u_prompt	ot_sram_1r1w_512x128_m4_r2c2	wd_in[107]	_01902_	0.578800	
u_cfg.g_live.g_bank\[6\].u_prompt	ot_sram_1r1w_512x128_m4_r2c2	wd_in[108]	_01903_	0.578800	
u_cfg.g_live.g_bank\[6\].u_prompt	ot_sram_1r1w_512x128_m4_r2c2	wd_in[109]	_01904_	0.578800	
u_cfg.g_live.g_bank\[6\].u_prompt	ot_sram_1r1w_512x128_m4_r2c2	wd_in[110]	_01906_	0.578800	
u_cfg.g_live.g_bank\[6\].u_prompt	ot_sram_1r1w_512x128_m4_r2c2	wd_in[111]	_01907_	0.578800	
u_cfg.g_live.g_bank\[6\].u_prompt	ot_sram_1r1w_512x128_m4_r2c2	wd_in[112]	_01908_	0.578800	
u_cfg.g_live.g_bank\[6\].u_prompt	ot_sram_1r1w_512x128_m4_r2c2	wd_in[113]	_01909_	0.578800	
u_cfg.g_live.g_bank\[6\].u_prompt	ot_sram_1r1w_512x128_m4_r2c2	wd_in[114]	_01910_	0.578800	
u_cfg.g_live.g_bank\[6\].u_prompt	ot_sram_1r1w_512x128_m4_r2c2	wd_in[115]	_01911_	0.578800	
u_cfg.g_live.g_bank\[6\].u_prompt	ot_sram_1r1w_512x128_m4_r2c2	wd_in[116]	_01912_	0.578800	
u_cfg.g_live.g_bank\[6\].u_prompt	ot_sram_1r1w_512x128_m4_r2c2	wd_in[117]	_01913_	0.578800	
u_cfg.g_live.g_bank\[6\].u_prompt	ot_sram_1r1w_512x128_m4_r2c2	wd_in[118]	_01914_	0.578800	
u_cfg.g_live.g_bank\[6\].u_prompt	ot_sram_1r1w_512x128_m4_r2c2	wd_in[119]	_01915_	0.578800	
u_cfg.g_live.g_bank\[6\].u_prompt	ot_sram_1r1w_512x128_m4_r2c2	wd_in[120]	_01917_	0.578800	
u_cfg.g_live.g_bank\[6\].u_prompt	ot_sram_1r1w_512x128_m4_r2c2	wd_in[121]	_01918_	0.578800	
u_cfg.g_live.g_bank\[6\].u_prompt	ot_sram_1r1w_512x128_m4_r2c2	wd_in[122]	_01919_	0.578800	
u_cfg.g_live.g_bank\[6\].u_prompt	ot_sram_1r1w_512x128_m4_r2c2	wd_in[123]	_01920_	0.578800	
u_cfg.g_live.g_bank\[6\].u_prompt	ot_sram_1r1w_512x128_m4_r2c2	wd_in[124]	_01921_	0.578800	
u_cfg.g_live.g_bank\[6\].u_prompt	ot_sram_1r1w_512x128_m4_r2c2	wd_in[125]	_01922_	0.578800	
u_cfg.g_live.g_bank\[6\].u_prompt	ot_sram_1r1w_512x128_m4_r2c2	wd_in[126]	_01923_	0.578800	
u_cfg.g_live.g_bank\[6\].u_prompt	ot_sram_1r1w_512x128_m4_r2c2	wd_in[127]	_01924_	0.578800	
u_cfg.g_live.g_bank\[6\].u_prompt	ot_sram_1r1w_512x128_m4_r2c2	w_mask_in[0]	_02021_	0.578800	
u_cfg.g_live.g_bank\[6\].u_prompt	ot_sram_1r1w_512x128_m4_r2c2	w_mask_in[1]	_02021_	0.578800	
u_cfg.g_live.g_bank\[6\].u_prompt	ot_sram_1r1w_512x128_m4_r2c2	w_mask_in[2]	_02021_	0.578800	
u_cfg.g_live.g_bank\[6\].u_prompt	ot_sram_1r1w_512x128_m4_r2c2	w_mask_in[3]	_02021_	0.578800	
u_cfg.g_live.g_bank\[6\].u_prompt	ot_sram_1r1w_512x128_m4_r2c2	w_mask_in[4]	_02021_	0.578800	
u_cfg.g_live.g_bank\[6\].u_prompt	ot_sram_1r1w_512x128_m4_r2c2	w_mask_in[5]	_02021_	0.578800	
u_cfg.g_live.g_bank\[6\].u_prompt	ot_sram_1r1w_512x128_m4_r2c2	w_mask_in[6]	_02021_	0.578800	
u_cfg.g_live.g_bank\[6\].u_prompt	ot_sram_1r1w_512x128_m4_r2c2	w_mask_in[7]	_02021_	0.578800	
u_cfg.g_live.g_bank\[6\].u_prompt	ot_sram_1r1w_512x128_m4_r2c2	w_mask_in[8]	_02021_	0.578800	
u_cfg.g_live.g_bank\[6\].u_prompt	ot_sram_1r1w_512x128_m4_r2c2	w_mask_in[9]	_02021_	0.578800	
u_cfg.g_live.g_bank\[6\].u_prompt	ot_sram_1r1w_512x128_m4_r2c2	w_mask_in[10]	_02021_	0.578800	
u_cfg.g_live.g_bank\[6\].u_prompt	ot_sram_1r1w_512x128_m4_r2c2	w_mask_in[11]	_02021_	0.578800	
u_cfg.g_live.g_bank\[6\].u_prompt	ot_sram_1r1w_512x128_m4_r2c2	w_mask_in[12]	_02021_	0.578800	
u_cfg.g_live.g_bank\[6\].u_prompt	ot_sram_1r1w_512x128_m4_r2c2	w_mask_in[13]	_02021_	0.578800	
u_cfg.g_live.g_bank\[6\].u_prompt	ot_sram_1r1w_512x128_m4_r2c2	w_mask_in[14]	_02021_	0.578800	
u_cfg.g_live.g_bank\[6\].u_prompt	ot_sram_1r1w_512x128_m4_r2c2	w_mask_in[15]	_02021_	0.578800	
u_cfg.g_live.g_bank\[6\].u_prompt	ot_sram_1r1w_512x128_m4_r2c2	w_mask_in[16]	_02021_	0.578800	
u_cfg.g_live.g_bank\[6\].u_prompt	ot_sram_1r1w_512x128_m4_r2c2	w_mask_in[17]	_02021_	0.578800	
u_cfg.g_live.g_bank\[6\].u_prompt	ot_sram_1r1w_512x128_m4_r2c2	w_mask_in[18]	_02021_	0.578800	
u_cfg.g_live.g_bank\[6\].u_prompt	ot_sram_1r1w_512x128_m4_r2c2	w_mask_in[19]	_02021_	0.578800	
u_cfg.g_live.g_bank\[6\].u_prompt	ot_sram_1r1w_512x128_m4_r2c2	w_mask_in[20]	_02021_	0.578800	
u_cfg.g_live.g_bank\[6\].u_prompt	ot_sram_1r1w_512x128_m4_r2c2	w_mask_in[21]	_02021_	0.578800	
u_cfg.g_live.g_bank\[6\].u_prompt	ot_sram_1r1w_512x128_m4_r2c2	w_mask_in[22]	_02021_	0.578800	
u_cfg.g_live.g_bank\[6\].u_prompt	ot_sram_1r1w_512x128_m4_r2c2	w_mask_in[23]	_02021_	0.578800	
u_cfg.g_live.g_bank\[6\].u_prompt	ot_sram_1r1w_512x128_m4_r2c2	w_mask_in[24]	_02021_	0.578800	
u_cfg.g_live.g_bank\[6\].u_prompt	ot_sram_1r1w_512x128_m4_r2c2	w_mask_in[25]	_02021_	0.578800	
u_cfg.g_live.g_bank\[6\].u_prompt	ot_sram_1r1w_512x128_m4_r2c2	w_mask_in[26]	_02021_	0.578800	
u_cfg.g_live.g_bank\[6\].u_prompt	ot_sram_1r1w_512x128_m4_r2c2	w_mask_in[27]	_02021_	0.578800	
u_cfg.g_live.g_bank\[6\].u_prompt	ot_sram_1r1w_512x128_m4_r2c2	w_mask_in[28]	_02021_	0.578800	
u_cfg.g_live.g_bank\[6\].u_prompt	ot_sram_1r1w_512x128_m4_r2c2	w_mask_in[29]	_02021_	0.578800	
u_cfg.g_live.g_bank\[6\].u_prompt	ot_sram_1r1w_512x128_m4_r2c2	w_mask_in[30]	_02021_	0.578800	
u_cfg.g_live.g_bank\[6\].u_prompt	ot_sram_1r1w_512x128_m4_r2c2	w_mask_in[31]	_02021_	0.578800	
u_cfg.g_live.g_bank\[6\].u_prompt	ot_sram_1r1w_512x128_m4_r2c2	w_mask_in[32]	_02021_	0.578800	
u_cfg.g_live.g_bank\[6\].u_prompt	ot_sram_1r1w_512x128_m4_r2c2	w_mask_in[33]	_02021_	0.578800	
u_cfg.g_live.g_bank\[6\].u_prompt	ot_sram_1r1w_512x128_m4_r2c2	w_mask_in[34]	_02021_	0.578800	
u_cfg.g_live.g_bank\[6\].u_prompt	ot_sram_1r1w_512x128_m4_r2c2	w_mask_in[35]	_02021_	0.578800	
u_cfg.g_live.g_bank\[6\].u_prompt	ot_sram_1r1w_512x128_m4_r2c2	w_mask_in[36]	_02021_	0.578800	
u_cfg.g_live.g_bank\[6\].u_prompt	ot_sram_1r1w_512x128_m4_r2c2	w_mask_in[37]	_02021_	0.578800	
u_cfg.g_live.g_bank\[6\].u_prompt	ot_sram_1r1w_512x128_m4_r2c2	w_mask_in[38]	_02021_	0.578800	
u_cfg.g_live.g_bank\[6\].u_prompt	ot_sram_1r1w_512x128_m4_r2c2	w_mask_in[39]	_02021_	0.578800	
u_cfg.g_live.g_bank\[6\].u_prompt	ot_sram_1r1w_512x128_m4_r2c2	w_mask_in[40]	_02021_	0.578800	
u_cfg.g_live.g_bank\[6\].u_prompt	ot_sram_1r1w_512x128_m4_r2c2	w_mask_in[41]	_02021_	0.578800	
u_cfg.g_live.g_bank\[6\].u_prompt	ot_sram_1r1w_512x128_m4_r2c2	w_mask_in[42]	_02021_	0.578800	
u_cfg.g_live.g_bank\[6\].u_prompt	ot_sram_1r1w_512x128_m4_r2c2	w_mask_in[43]	_02021_	0.578800	
u_cfg.g_live.g_bank\[6\].u_prompt	ot_sram_1r1w_512x128_m4_r2c2	w_mask_in[44]	_02021_	0.578800	
u_cfg.g_live.g_bank\[6\].u_prompt	ot_sram_1r1w_512x128_m4_r2c2	w_mask_in[45]	_02021_	0.578800	
u_cfg.g_live.g_bank\[6\].u_prompt	ot_sram_1r1w_512x128_m4_r2c2	w_mask_in[46]	_02021_	0.578800	
u_cfg.g_live.g_bank\[6\].u_prompt	ot_sram_1r1w_512x128_m4_r2c2	w_mask_in[47]	_02021_	0.578800	
u_cfg.g_live.g_bank\[6\].u_prompt	ot_sram_1r1w_512x128_m4_r2c2	w_mask_in[48]	_02021_	0.578800	
u_cfg.g_live.g_bank\[6\].u_prompt	ot_sram_1r1w_512x128_m4_r2c2	w_mask_in[49]	_02021_	0.578800	
u_cfg.g_live.g_bank\[6\].u_prompt	ot_sram_1r1w_512x128_m4_r2c2	w_mask_in[50]	_02021_	0.578800	
u_cfg.g_live.g_bank\[6\].u_prompt	ot_sram_1r1w_512x128_m4_r2c2	w_mask_in[51]	_02021_	0.578800	
u_cfg.g_live.g_bank\[6\].u_prompt	ot_sram_1r1w_512x128_m4_r2c2	w_mask_in[52]	_02021_	0.578800	
u_cfg.g_live.g_bank\[6\].u_prompt	ot_sram_1r1w_512x128_m4_r2c2	w_mask_in[53]	_02021_	0.578800	
u_cfg.g_live.g_bank\[6\].u_prompt	ot_sram_1r1w_512x128_m4_r2c2	w_mask_in[54]	_02021_	0.578800	
u_cfg.g_live.g_bank\[6\].u_prompt	ot_sram_1r1w_512x128_m4_r2c2	w_mask_in[55]	_02021_	0.578800	
u_cfg.g_live.g_bank\[6\].u_prompt	ot_sram_1r1w_512x128_m4_r2c2	w_mask_in[56]	_02021_	0.578800	
u_cfg.g_live.g_bank\[6\].u_prompt	ot_sram_1r1w_512x128_m4_r2c2	w_mask_in[57]	_02021_	0.578800	
u_cfg.g_live.g_bank\[6\].u_prompt	ot_sram_1r1w_512x128_m4_r2c2	w_mask_in[58]	_02021_	0.578800	
u_cfg.g_live.g_bank\[6\].u_prompt	ot_sram_1r1w_512x128_m4_r2c2	w_mask_in[59]	_02021_	0.578800	
u_cfg.g_live.g_bank\[6\].u_prompt	ot_sram_1r1w_512x128_m4_r2c2	w_mask_in[60]	_02021_	0.578800	
u_cfg.g_live.g_bank\[6\].u_prompt	ot_sram_1r1w_512x128_m4_r2c2	w_mask_in[61]	_02021_	0.578800	
u_cfg.g_live.g_bank\[6\].u_prompt	ot_sram_1r1w_512x128_m4_r2c2	w_mask_in[62]	_02021_	0.578800	
u_cfg.g_live.g_bank\[6\].u_prompt	ot_sram_1r1w_512x128_m4_r2c2	w_mask_in[63]	_02021_	0.578800	
u_cfg.g_live.g_bank\[6\].u_prompt	ot_sram_1r1w_512x128_m4_r2c2	w_mask_in[64]	_02022_	0.578800	
u_cfg.g_live.g_bank\[6\].u_prompt	ot_sram_1r1w_512x128_m4_r2c2	w_mask_in[65]	_02022_	0.578800	
u_cfg.g_live.g_bank\[6\].u_prompt	ot_sram_1r1w_512x128_m4_r2c2	w_mask_in[66]	_02022_	0.578800	
u_cfg.g_live.g_bank\[6\].u_prompt	ot_sram_1r1w_512x128_m4_r2c2	w_mask_in[67]	_02022_	0.578800	
u_cfg.g_live.g_bank\[6\].u_prompt	ot_sram_1r1w_512x128_m4_r2c2	w_mask_in[68]	_02022_	0.578800	
u_cfg.g_live.g_bank\[6\].u_prompt	ot_sram_1r1w_512x128_m4_r2c2	w_mask_in[69]	_02022_	0.578800	
u_cfg.g_live.g_bank\[6\].u_prompt	ot_sram_1r1w_512x128_m4_r2c2	w_mask_in[70]	_02022_	0.578800	
u_cfg.g_live.g_bank\[6\].u_prompt	ot_sram_1r1w_512x128_m4_r2c2	w_mask_in[71]	_02022_	0.578800	
u_cfg.g_live.g_bank\[6\].u_prompt	ot_sram_1r1w_512x128_m4_r2c2	w_mask_in[72]	_02022_	0.578800	
u_cfg.g_live.g_bank\[6\].u_prompt	ot_sram_1r1w_512x128_m4_r2c2	w_mask_in[73]	_02022_	0.578800	
u_cfg.g_live.g_bank\[6\].u_prompt	ot_sram_1r1w_512x128_m4_r2c2	w_mask_in[74]	_02022_	0.578800	
u_cfg.g_live.g_bank\[6\].u_prompt	ot_sram_1r1w_512x128_m4_r2c2	w_mask_in[75]	_02022_	0.578800	
u_cfg.g_live.g_bank\[6\].u_prompt	ot_sram_1r1w_512x128_m4_r2c2	w_mask_in[76]	_02022_	0.578800	
u_cfg.g_live.g_bank\[6\].u_prompt	ot_sram_1r1w_512x128_m4_r2c2	w_mask_in[77]	_02022_	0.578800	
u_cfg.g_live.g_bank\[6\].u_prompt	ot_sram_1r1w_512x128_m4_r2c2	w_mask_in[78]	_02022_	0.578800	
u_cfg.g_live.g_bank\[6\].u_prompt	ot_sram_1r1w_512x128_m4_r2c2	w_mask_in[79]	_02022_	0.578800	
u_cfg.g_live.g_bank\[6\].u_prompt	ot_sram_1r1w_512x128_m4_r2c2	w_mask_in[80]	_02022_	0.578800	
u_cfg.g_live.g_bank\[6\].u_prompt	ot_sram_1r1w_512x128_m4_r2c2	w_mask_in[81]	_02022_	0.578800	
u_cfg.g_live.g_bank\[6\].u_prompt	ot_sram_1r1w_512x128_m4_r2c2	w_mask_in[82]	_02022_	0.578800	
u_cfg.g_live.g_bank\[6\].u_prompt	ot_sram_1r1w_512x128_m4_r2c2	w_mask_in[83]	_02022_	0.578800	
u_cfg.g_live.g_bank\[6\].u_prompt	ot_sram_1r1w_512x128_m4_r2c2	w_mask_in[84]	_02022_	0.578800	
u_cfg.g_live.g_bank\[6\].u_prompt	ot_sram_1r1w_512x128_m4_r2c2	w_mask_in[85]	_02022_	0.578800	
u_cfg.g_live.g_bank\[6\].u_prompt	ot_sram_1r1w_512x128_m4_r2c2	w_mask_in[86]	_02022_	0.578800	
u_cfg.g_live.g_bank\[6\].u_prompt	ot_sram_1r1w_512x128_m4_r2c2	w_mask_in[87]	_02022_	0.578800	
u_cfg.g_live.g_bank\[6\].u_prompt	ot_sram_1r1w_512x128_m4_r2c2	w_mask_in[88]	_02022_	0.578800	
u_cfg.g_live.g_bank\[6\].u_prompt	ot_sram_1r1w_512x128_m4_r2c2	w_mask_in[89]	_02022_	0.578800	
u_cfg.g_live.g_bank\[6\].u_prompt	ot_sram_1r1w_512x128_m4_r2c2	w_mask_in[90]	_02022_	0.578800	
u_cfg.g_live.g_bank\[6\].u_prompt	ot_sram_1r1w_512x128_m4_r2c2	w_mask_in[91]	_02022_	0.578800	
u_cfg.g_live.g_bank\[6\].u_prompt	ot_sram_1r1w_512x128_m4_r2c2	w_mask_in[92]	_02022_	0.578800	
u_cfg.g_live.g_bank\[6\].u_prompt	ot_sram_1r1w_512x128_m4_r2c2	w_mask_in[93]	_02022_	0.578800	
u_cfg.g_live.g_bank\[6\].u_prompt	ot_sram_1r1w_512x128_m4_r2c2	w_mask_in[94]	_02022_	0.578800	
u_cfg.g_live.g_bank\[6\].u_prompt	ot_sram_1r1w_512x128_m4_r2c2	w_mask_in[95]	_02022_	0.578800	
u_cfg.g_live.g_bank\[6\].u_prompt	ot_sram_1r1w_512x128_m4_r2c2	w_mask_in[96]	_02022_	0.578800	
u_cfg.g_live.g_bank\[6\].u_prompt	ot_sram_1r1w_512x128_m4_r2c2	w_mask_in[97]	_02022_	0.578800	
u_cfg.g_live.g_bank\[6\].u_prompt	ot_sram_1r1w_512x128_m4_r2c2	w_mask_in[98]	_02022_	0.578800	
u_cfg.g_live.g_bank\[6\].u_prompt	ot_sram_1r1w_512x128_m4_r2c2	w_mask_in[99]	_02022_	0.578800	
u_cfg.g_live.g_bank\[6\].u_prompt	ot_sram_1r1w_512x128_m4_r2c2	w_mask_in[100]	_02022_	0.578800	
u_cfg.g_live.g_bank\[6\].u_prompt	ot_sram_1r1w_512x128_m4_r2c2	w_mask_in[101]	_02022_	0.578800	
u_cfg.g_live.g_bank\[6\].u_prompt	ot_sram_1r1w_512x128_m4_r2c2	w_mask_in[102]	_02022_	0.578800	
u_cfg.g_live.g_bank\[6\].u_prompt	ot_sram_1r1w_512x128_m4_r2c2	w_mask_in[103]	_02022_	0.578800	
u_cfg.g_live.g_bank\[6\].u_prompt	ot_sram_1r1w_512x128_m4_r2c2	w_mask_in[104]	_02022_	0.578800	
u_cfg.g_live.g_bank\[6\].u_prompt	ot_sram_1r1w_512x128_m4_r2c2	w_mask_in[105]	_02022_	0.578800	
u_cfg.g_live.g_bank\[6\].u_prompt	ot_sram_1r1w_512x128_m4_r2c2	w_mask_in[106]	_02022_	0.578800	
u_cfg.g_live.g_bank\[6\].u_prompt	ot_sram_1r1w_512x128_m4_r2c2	w_mask_in[107]	_02022_	0.578800	
u_cfg.g_live.g_bank\[6\].u_prompt	ot_sram_1r1w_512x128_m4_r2c2	w_mask_in[108]	_02022_	0.578800	
u_cfg.g_live.g_bank\[6\].u_prompt	ot_sram_1r1w_512x128_m4_r2c2	w_mask_in[109]	_02022_	0.578800	
u_cfg.g_live.g_bank\[6\].u_prompt	ot_sram_1r1w_512x128_m4_r2c2	w_mask_in[110]	_02022_	0.578800	
u_cfg.g_live.g_bank\[6\].u_prompt	ot_sram_1r1w_512x128_m4_r2c2	w_mask_in[111]	_02022_	0.578800	
u_cfg.g_live.g_bank\[6\].u_prompt	ot_sram_1r1w_512x128_m4_r2c2	w_mask_in[112]	_02022_	0.578800	
u_cfg.g_live.g_bank\[6\].u_prompt	ot_sram_1r1w_512x128_m4_r2c2	w_mask_in[113]	_02022_	0.578800	
u_cfg.g_live.g_bank\[6\].u_prompt	ot_sram_1r1w_512x128_m4_r2c2	w_mask_in[114]	_02022_	0.578800	
u_cfg.g_live.g_bank\[6\].u_prompt	ot_sram_1r1w_512x128_m4_r2c2	w_mask_in[115]	_02022_	0.578800	
u_cfg.g_live.g_bank\[6\].u_prompt	ot_sram_1r1w_512x128_m4_r2c2	w_mask_in[116]	_02022_	0.578800	
u_cfg.g_live.g_bank\[6\].u_prompt	ot_sram_1r1w_512x128_m4_r2c2	w_mask_in[117]	_02022_	0.578800	
u_cfg.g_live.g_bank\[6\].u_prompt	ot_sram_1r1w_512x128_m4_r2c2	w_mask_in[118]	_02022_	0.578800	
u_cfg.g_live.g_bank\[6\].u_prompt	ot_sram_1r1w_512x128_m4_r2c2	w_mask_in[119]	_02022_	0.578800	
u_cfg.g_live.g_bank\[6\].u_prompt	ot_sram_1r1w_512x128_m4_r2c2	w_mask_in[120]	_02022_	0.578800	
u_cfg.g_live.g_bank\[6\].u_prompt	ot_sram_1r1w_512x128_m4_r2c2	w_mask_in[121]	_02022_	0.578800	
u_cfg.g_live.g_bank\[6\].u_prompt	ot_sram_1r1w_512x128_m4_r2c2	w_mask_in[122]	_02022_	0.578800	
u_cfg.g_live.g_bank\[6\].u_prompt	ot_sram_1r1w_512x128_m4_r2c2	w_mask_in[123]	_02022_	0.578800	
u_cfg.g_live.g_bank\[6\].u_prompt	ot_sram_1r1w_512x128_m4_r2c2	w_mask_in[124]	_02022_	0.578800	
u_cfg.g_live.g_bank\[6\].u_prompt	ot_sram_1r1w_512x128_m4_r2c2	w_mask_in[125]	_02022_	0.578800	
u_cfg.g_live.g_bank\[6\].u_prompt	ot_sram_1r1w_512x128_m4_r2c2	w_mask_in[126]	_02022_	0.578800	
u_cfg.g_live.g_bank\[6\].u_prompt	ot_sram_1r1w_512x128_m4_r2c2	w_mask_in[127]	_02022_	0.578800	
u_cfg.g_live.g_bank\[6\].u_prompt	ot_sram_1r1w_512x128_m4_r2c2	rr_en[0]	_10622_	0.578800	
u_cfg.g_live.g_bank\[6\].u_prompt	ot_sram_1r1w_512x128_m4_r2c2	rr_en[1]	_10622_	0.578800	
u_cfg.g_live.g_bank\[6\].u_prompt	ot_sram_1r1w_512x128_m4_r2c2	rr_addr[0]	_10622_	0.578800	
u_cfg.g_live.g_bank\[6\].u_prompt	ot_sram_1r1w_512x128_m4_r2c2	rr_addr[1]	_10622_	0.578800	
u_cfg.g_live.g_bank\[6\].u_prompt	ot_sram_1r1w_512x128_m4_r2c2	rr_addr[2]	_10622_	0.578800	
u_cfg.g_live.g_bank\[6\].u_prompt	ot_sram_1r1w_512x128_m4_r2c2	rr_addr[3]	_10622_	0.578800	
u_cfg.g_live.g_bank\[6\].u_prompt	ot_sram_1r1w_512x128_m4_r2c2	rr_addr[4]	_10622_	0.578800	
u_cfg.g_live.g_bank\[6\].u_prompt	ot_sram_1r1w_512x128_m4_r2c2	rr_addr[5]	_10622_	0.578800	
u_cfg.g_live.g_bank\[6\].u_prompt	ot_sram_1r1w_512x128_m4_r2c2	rr_addr[6]	_10622_	0.578800	
u_cfg.g_live.g_bank\[6\].u_prompt	ot_sram_1r1w_512x128_m4_r2c2	rr_addr[7]	_10622_	0.578800	
u_cfg.g_live.g_bank\[6\].u_prompt	ot_sram_1r1w_512x128_m4_r2c2	rr_addr[8]	_10622_	0.578800	
u_cfg.g_live.g_bank\[6\].u_prompt	ot_sram_1r1w_512x128_m4_r2c2	rr_addr[9]	_10622_	0.578800	
u_cfg.g_live.g_bank\[6\].u_prompt	ot_sram_1r1w_512x128_m4_r2c2	rr_addr[10]	_10622_	0.578800	
u_cfg.g_live.g_bank\[6\].u_prompt	ot_sram_1r1w_512x128_m4_r2c2	rr_addr[11]	_10622_	0.578800	
u_cfg.g_live.g_bank\[6\].u_prompt	ot_sram_1r1w_512x128_m4_r2c2	rr_addr[12]	_10622_	0.578800	
u_cfg.g_live.g_bank\[6\].u_prompt	ot_sram_1r1w_512x128_m4_r2c2	rr_addr[13]	_10622_	0.578800	
u_cfg.g_live.g_bank\[6\].u_prompt	ot_sram_1r1w_512x128_m4_r2c2	cr_en[0]	_10622_	0.578800	
u_cfg.g_live.g_bank\[6\].u_prompt	ot_sram_1r1w_512x128_m4_r2c2	cr_en[1]	_10622_	0.578800	
u_cfg.g_live.g_bank\[6\].u_prompt	ot_sram_1r1w_512x128_m4_r2c2	cr_sel[0]	_10622_	0.578800	
u_cfg.g_live.g_bank\[6\].u_prompt	ot_sram_1r1w_512x128_m4_r2c2	cr_sel[1]	_10622_	0.578800	
u_cfg.g_live.g_bank\[6\].u_prompt	ot_sram_1r1w_512x128_m4_r2c2	cr_sel[2]	_10622_	0.578800	
u_cfg.g_live.g_bank\[6\].u_prompt	ot_sram_1r1w_512x128_m4_r2c2	cr_sel[3]	_10622_	0.578800	
u_cfg.g_live.g_bank\[6\].u_prompt	ot_sram_1r1w_512x128_m4_r2c2	cr_sel[4]	_10622_	0.578800	
u_cfg.g_live.g_bank\[6\].u_prompt	ot_sram_1r1w_512x128_m4_r2c2	cr_sel[5]	_10622_	0.578800	
u_cfg.g_live.g_bank\[6\].u_prompt	ot_sram_1r1w_512x128_m4_r2c2	cr_sel[6]	_10622_	0.578800	
u_cfg.g_live.g_bank\[6\].u_prompt	ot_sram_1r1w_512x128_m4_r2c2	cr_sel[7]	_10622_	0.578800	
u_cfg.g_live.g_bank\[6\].u_prompt	ot_sram_1r1w_512x128_m4_r2c2	cr_sel[8]	_10622_	0.578800	
u_cfg.g_live.g_bank\[6\].u_prompt	ot_sram_1r1w_512x128_m4_r2c2	cr_sel[9]	_10622_	0.578800	
u_cfg.g_live.g_bank\[6\].u_prompt	ot_sram_1r1w_512x128_m4_r2c2	cr_sel[10]	_10622_	0.578800	
u_cfg.g_live.g_bank\[6\].u_prompt	ot_sram_1r1w_512x128_m4_r2c2	cr_sel[11]	_10622_	0.578800	
u_cfg.g_live.g_bank\[6\].u_prompt	ot_sram_1r1w_512x128_m4_r2c2	cr_sel[12]	_10622_	0.578800	
u_cfg.g_live.g_bank\[6\].u_prompt	ot_sram_1r1w_512x128_m4_r2c2	cr_sel[13]	_10622_	0.578800	
u_cfg.g_live.g_bank\[7\].u_prompt	ot_sram_1r1w_512x128_m4_r2c2	clk	clk	8.683800	
u_cfg.g_live.g_bank\[7\].u_prompt	ot_sram_1r1w_512x128_m4_r2c2	r_ce_in	_02035_	0.578800	
u_cfg.g_live.g_bank\[7\].u_prompt	ot_sram_1r1w_512x128_m4_r2c2	r_addr_in[0]	u_cfg.g_live.read_index\[1\]	0.578800	
u_cfg.g_live.g_bank\[7\].u_prompt	ot_sram_1r1w_512x128_m4_r2c2	r_addr_in[1]	u_cfg.g_live.read_index\[2\]	0.578800	
u_cfg.g_live.g_bank\[7\].u_prompt	ot_sram_1r1w_512x128_m4_r2c2	r_addr_in[2]	u_cfg.g_live.read_index\[3\]	0.578800	
u_cfg.g_live.g_bank\[7\].u_prompt	ot_sram_1r1w_512x128_m4_r2c2	r_addr_in[3]	u_cfg.g_live.read_index\[4\]	0.578800	
u_cfg.g_live.g_bank\[7\].u_prompt	ot_sram_1r1w_512x128_m4_r2c2	r_addr_in[4]	u_cfg.g_live.read_index\[5\]	0.578800	
u_cfg.g_live.g_bank\[7\].u_prompt	ot_sram_1r1w_512x128_m4_r2c2	r_addr_in[5]	u_cfg.g_live.read_index\[6\]	0.578800	
u_cfg.g_live.g_bank\[7\].u_prompt	ot_sram_1r1w_512x128_m4_r2c2	r_addr_in[6]	u_cfg.g_live.read_index\[7\]	0.578800	
u_cfg.g_live.g_bank\[7\].u_prompt	ot_sram_1r1w_512x128_m4_r2c2	r_addr_in[7]	u_cfg.g_live.read_index\[8\]	0.578800	
u_cfg.g_live.g_bank\[7\].u_prompt	ot_sram_1r1w_512x128_m4_r2c2	r_addr_in[8]	u_cfg.g_live.read_index\[9\]	0.578800	
u_cfg.g_live.g_bank\[7\].u_prompt	ot_sram_1r1w_512x128_m4_r2c2	rd_out[0]	u_cfg.g_live.bank_q\[768\]	0.924352	{_14580_ B 0.924352}
u_cfg.g_live.g_bank\[7\].u_prompt	ot_sram_1r1w_512x128_m4_r2c2	rd_out[1]	u_cfg.g_live.bank_q\[769\]	0.578766	{_14368_ A 0.578766}
u_cfg.g_live.g_bank\[7\].u_prompt	ot_sram_1r1w_512x128_m4_r2c2	rd_out[2]	u_cfg.g_live.bank_q\[770\]	0.578766	{_14723_ A 0.578766}
u_cfg.g_live.g_bank\[7\].u_prompt	ot_sram_1r1w_512x128_m4_r2c2	rd_out[3]	u_cfg.g_live.bank_q\[771\]	0.578766	{_14471_ A 0.578766}
u_cfg.g_live.g_bank\[7\].u_prompt	ot_sram_1r1w_512x128_m4_r2c2	rd_out[4]	u_cfg.g_live.bank_q\[772\]	0.578766	{_14520_ A 0.578766}
u_cfg.g_live.g_bank\[7\].u_prompt	ot_sram_1r1w_512x128_m4_r2c2	rd_out[5]	u_cfg.g_live.bank_q\[773\]	0.578766	{_14664_ A 0.578766}
u_cfg.g_live.g_bank\[7\].u_prompt	ot_sram_1r1w_512x128_m4_r2c2	rd_out[6]	u_cfg.g_live.bank_q\[774\]	0.486821	{_14632_ B 0.486821}
u_cfg.g_live.g_bank\[7\].u_prompt	ot_sram_1r1w_512x128_m4_r2c2	rd_out[7]	u_cfg.g_live.bank_q\[775\]	0.578766	{_15098_ A 0.578766}
u_cfg.g_live.g_bank\[7\].u_prompt	ot_sram_1r1w_512x128_m4_r2c2	rd_out[8]	u_cfg.g_live.bank_q\[776\]	0.578766	{_14949_ A 0.578766}
u_cfg.g_live.g_bank\[7\].u_prompt	ot_sram_1r1w_512x128_m4_r2c2	rd_out[9]	u_cfg.g_live.bank_q\[777\]	0.578766	{_14990_ A 0.578766}
u_cfg.g_live.g_bank\[7\].u_prompt	ot_sram_1r1w_512x128_m4_r2c2	rd_out[10]	u_cfg.g_live.bank_q\[778\]	0.924352	{_14897_ B 0.924352}
u_cfg.g_live.g_bank\[7\].u_prompt	ot_sram_1r1w_512x128_m4_r2c2	rd_out[11]	u_cfg.g_live.bank_q\[779\]	0.578766	{_14016_ A 0.578766}
u_cfg.g_live.g_bank\[7\].u_prompt	ot_sram_1r1w_512x128_m4_r2c2	rd_out[12]	u_cfg.g_live.bank_q\[780\]	0.924352	{_13846_ B 0.924352}
u_cfg.g_live.g_bank\[7\].u_prompt	ot_sram_1r1w_512x128_m4_r2c2	rd_out[13]	u_cfg.g_live.bank_q\[781\]	0.924352	{_13801_ B 0.924352}
u_cfg.g_live.g_bank\[7\].u_prompt	ot_sram_1r1w_512x128_m4_r2c2	rd_out[14]	u_cfg.g_live.bank_q\[782\]	0.578766	{_14035_ A 0.578766}
u_cfg.g_live.g_bank\[7\].u_prompt	ot_sram_1r1w_512x128_m4_r2c2	rd_out[15]	u_cfg.g_live.bank_q\[783\]	0.578766	{_13895_ A 0.578766}
u_cfg.g_live.g_bank\[7\].u_prompt	ot_sram_1r1w_512x128_m4_r2c2	rd_out[16]	u_cfg.g_live.bank_q\[784\]	0.924352	{_12818_ B 0.924352}
u_cfg.g_live.g_bank\[7\].u_prompt	ot_sram_1r1w_512x128_m4_r2c2	rd_out[17]	u_cfg.g_live.bank_q\[785\]	0.486821	{_12774_ B 0.486821}
u_cfg.g_live.g_bank\[7\].u_prompt	ot_sram_1r1w_512x128_m4_r2c2	rd_out[18]	u_cfg.g_live.bank_q\[786\]	0.578766	{_12709_ A 0.578766}
u_cfg.g_live.g_bank\[7\].u_prompt	ot_sram_1r1w_512x128_m4_r2c2	rd_out[19]	u_cfg.g_live.bank_q\[787\]	0.578766	{_12887_ A 0.578766}
u_cfg.g_live.g_bank\[7\].u_prompt	ot_sram_1r1w_512x128_m4_r2c2	rd_out[20]	u_cfg.g_live.bank_q\[788\]	0.578766	{_12201_ A 0.578766}
u_cfg.g_live.g_bank\[7\].u_prompt	ot_sram_1r1w_512x128_m4_r2c2	rd_out[21]	u_cfg.g_live.bank_q\[789\]	0.924352	{_12263_ B 0.924352}
u_cfg.g_live.g_bank\[7\].u_prompt	ot_sram_1r1w_512x128_m4_r2c2	rd_out[22]	u_cfg.g_live.bank_q\[790\]	0.924352	{_12281_ B 0.924352}
u_cfg.g_live.g_bank\[7\].u_prompt	ot_sram_1r1w_512x128_m4_r2c2	rd_out[23]	u_cfg.g_live.bank_q\[791\]	0.578766	{_12449_ A 0.578766}
u_cfg.g_live.g_bank\[7\].u_prompt	ot_sram_1r1w_512x128_m4_r2c2	rd_out[24]	u_cfg.g_live.bank_q\[792\]	0.924352	{_12611_ B 0.924352}
u_cfg.g_live.g_bank\[7\].u_prompt	ot_sram_1r1w_512x128_m4_r2c2	rd_out[25]	u_cfg.g_live.bank_q\[793\]	0.578766	{_12494_ A 0.578766}
u_cfg.g_live.g_bank\[7\].u_prompt	ot_sram_1r1w_512x128_m4_r2c2	rd_out[26]	u_cfg.g_live.bank_q\[794\]	0.528014	{_15660_ A2 0.528014}
u_cfg.g_live.g_bank\[7\].u_prompt	ot_sram_1r1w_512x128_m4_r2c2	rd_out[27]	u_cfg.g_live.bank_q\[795\]	0.578766	{_15463_ A 0.578766}
u_cfg.g_live.g_bank\[7\].u_prompt	ot_sram_1r1w_512x128_m4_r2c2	rd_out[28]	u_cfg.g_live.bank_q\[796\]	0.924352	{_15572_ B 0.924352}
u_cfg.g_live.g_bank\[7\].u_prompt	ot_sram_1r1w_512x128_m4_r2c2	rd_out[29]	u_cfg.g_live.bank_q\[797\]	0.578766	{_15357_ A 0.578766}
u_cfg.g_live.g_bank\[7\].u_prompt	ot_sram_1r1w_512x128_m4_r2c2	rd_out[30]	u_cfg.g_live.bank_q\[798\]	0.486821	{_15603_ B 0.486821}
u_cfg.g_live.g_bank\[7\].u_prompt	ot_sram_1r1w_512x128_m4_r2c2	rd_out[31]	u_cfg.g_live.bank_q\[799\]	0.924352	{_15699_ B 0.924352}
u_cfg.g_live.g_bank\[7\].u_prompt	ot_sram_1r1w_512x128_m4_r2c2	rd_out[32]	u_cfg.g_live.bank_q\[800\]	0.578766	{_15140_ A 0.578766}
u_cfg.g_live.g_bank\[7\].u_prompt	ot_sram_1r1w_512x128_m4_r2c2	rd_out[33]	u_cfg.g_live.bank_q\[801\]	0.924352	{_14221_ B 0.924352}
u_cfg.g_live.g_bank\[7\].u_prompt	ot_sram_1r1w_512x128_m4_r2c2	rd_out[34]	u_cfg.g_live.bank_q\[802\]	0.578766	{_14256_ A 0.578766}
u_cfg.g_live.g_bank\[7\].u_prompt	ot_sram_1r1w_512x128_m4_r2c2	rd_out[35]	u_cfg.g_live.bank_q\[803\]	0.924352	{_14203_ B 0.924352}
u_cfg.g_live.g_bank\[7\].u_prompt	ot_sram_1r1w_512x128_m4_r2c2	rd_out[36]	u_cfg.g_live.bank_q\[804\]	0.528014	{_14311_ A2 0.528014}
u_cfg.g_live.g_bank\[7\].u_prompt	ot_sram_1r1w_512x128_m4_r2c2	rd_out[37]	u_cfg.g_live.bank_q\[805\]	0.578766	{_15309_ A 0.578766}
u_cfg.g_live.g_bank\[7\].u_prompt	ot_sram_1r1w_512x128_m4_r2c2	rd_out[38]	u_cfg.g_live.bank_q\[806\]	0.578766	{_15415_ A 0.578766}
u_cfg.g_live.g_bank\[7\].u_prompt	ot_sram_1r1w_512x128_m4_r2c2	rd_out[39]	u_cfg.g_live.bank_q\[807\]	0.578766	{_15203_ A 0.578766}
u_cfg.g_live.g_bank\[7\].u_prompt	ot_sram_1r1w_512x128_m4_r2c2	rd_out[40]	u_cfg.g_live.bank_q\[808\]	0.578766	{_15271_ A 0.578766}
u_cfg.g_live.g_bank\[7\].u_prompt	ot_sram_1r1w_512x128_m4_r2c2	rd_out[41]	u_cfg.g_live.bank_q\[809\]	0.578766	{_13486_ A 0.578766}
u_cfg.g_live.g_bank\[7\].u_prompt	ot_sram_1r1w_512x128_m4_r2c2	rd_out[42]	u_cfg.g_live.bank_q\[810\]	0.486821	{_13709_ B 0.486821}
u_cfg.g_live.g_bank\[7\].u_prompt	ot_sram_1r1w_512x128_m4_r2c2	rd_out[43]	u_cfg.g_live.bank_q\[811\]	0.486821	{_13756_ B 0.486821}
u_cfg.g_live.g_bank\[7\].u_prompt	ot_sram_1r1w_512x128_m4_r2c2	rd_out[44]	u_cfg.g_live.bank_q\[812\]	0.885352	{_13608_ A2 0.885352}
u_cfg.g_live.g_bank\[7\].u_prompt	ot_sram_1r1w_512x128_m4_r2c2	rd_out[45]	u_cfg.g_live.bank_q\[813\]	0.578766	{_13943_ A 0.578766}
u_cfg.g_live.g_bank\[7\].u_prompt	ot_sram_1r1w_512x128_m4_r2c2	rd_out[46]	u_cfg.g_live.bank_q\[814\]	0.924352	{_13525_ B 0.924352}
u_cfg.g_live.g_bank\[7\].u_prompt	ot_sram_1r1w_512x128_m4_r2c2	rd_out[47]	u_cfg.g_live.bank_q\[815\]	0.924352	{_13660_ B 0.924352}
u_cfg.g_live.g_bank\[7\].u_prompt	ot_sram_1r1w_512x128_m4_r2c2	rd_out[48]	u_cfg.g_live.bank_q\[816\]	0.578766	{_13025_ A 0.578766}
u_cfg.g_live.g_bank\[7\].u_prompt	ot_sram_1r1w_512x128_m4_r2c2	rd_out[49]	u_cfg.g_live.bank_q\[817\]	0.528014	{_13179_ A2 0.528014}
u_cfg.g_live.g_bank\[7\].u_prompt	ot_sram_1r1w_512x128_m4_r2c2	rd_out[50]	u_cfg.g_live.bank_q\[818\]	0.486821	{_13393_ B 0.486821}
u_cfg.g_live.g_bank\[7\].u_prompt	ot_sram_1r1w_512x128_m4_r2c2	rd_out[51]	u_cfg.g_live.bank_q\[819\]	0.486821	{_13448_ B 0.486821}
u_cfg.g_live.g_bank\[7\].u_prompt	ot_sram_1r1w_512x128_m4_r2c2	rd_out[52]	u_cfg.g_live.bank_q\[820\]	0.578766	{_12992_ A 0.578766}
u_cfg.g_live.g_bank\[7\].u_prompt	ot_sram_1r1w_512x128_m4_r2c2	rd_out[53]	u_cfg.g_live.bank_q\[821\]	0.578766	{_13211_ A 0.578766}
u_cfg.g_live.g_bank\[7\].u_prompt	ot_sram_1r1w_512x128_m4_r2c2	rd_out[54]	u_cfg.g_live.bank_q\[822\]	0.578766	{_13277_ A 0.578766}
u_cfg.g_live.g_bank\[7\].u_prompt	ot_sram_1r1w_512x128_m4_r2c2	rd_out[55]	u_cfg.g_live.bank_q\[823\]	0.578766	{_13332_ A 0.578766}
u_cfg.g_live.g_bank\[7\].u_prompt	ot_sram_1r1w_512x128_m4_r2c2	rd_out[56]	u_cfg.g_live.bank_q\[824\]	0.924352	{_13076_ B 0.924352}
u_cfg.g_live.g_bank\[7\].u_prompt	ot_sram_1r1w_512x128_m4_r2c2	rd_out[57]	u_cfg.g_live.bank_q\[825\]	0.578766	{_14338_ A 0.578766}
u_cfg.g_live.g_bank\[7\].u_prompt	ot_sram_1r1w_512x128_m4_r2c2	rd_out[58]	u_cfg.g_live.bank_q\[826\]	0.578766	{_14809_ A 0.578766}
u_cfg.g_live.g_bank\[7\].u_prompt	ot_sram_1r1w_512x128_m4_r2c2	rd_out[59]	u_cfg.g_live.bank_q\[827\]	0.578766	{_15039_ A 0.578766}
u_cfg.g_live.g_bank\[7\].u_prompt	ot_sram_1r1w_512x128_m4_r2c2	rd_out[60]	u_cfg.g_live.bank_q\[828\]	0.578766	{_14101_ A 0.578766}
u_cfg.g_live.g_bank\[7\].u_prompt	ot_sram_1r1w_512x128_m4_r2c2	rd_out[61]	u_cfg.g_live.bank_q\[829\]	0.578766	{_12931_ A 0.578766}
u_cfg.g_live.g_bank\[7\].u_prompt	ot_sram_1r1w_512x128_m4_r2c2	rd_out[62]	u_cfg.g_live.bank_q\[830\]	0.578766	{_15527_ A 0.578766}
u_cfg.g_live.g_bank\[7\].u_prompt	ot_sram_1r1w_512x128_m4_r2c2	rd_out[63]	u_cfg.g_live.bank_q\[831\]	0.578766	{_14759_ A 0.578766}
u_cfg.g_live.g_bank\[7\].u_prompt	ot_sram_1r1w_512x128_m4_r2c2	rd_out[64]	u_cfg.g_live.bank_q\[832\]	0.578766	{_14579_ A 0.578766}
u_cfg.g_live.g_bank\[7\].u_prompt	ot_sram_1r1w_512x128_m4_r2c2	rd_out[65]	u_cfg.g_live.bank_q\[833\]	0.578766	{_14375_ A 0.578766}
u_cfg.g_live.g_bank\[7\].u_prompt	ot_sram_1r1w_512x128_m4_r2c2	rd_out[66]	u_cfg.g_live.bank_q\[834\]	0.578766	{_14729_ A 0.578766}
u_cfg.g_live.g_bank\[7\].u_prompt	ot_sram_1r1w_512x128_m4_r2c2	rd_out[67]	u_cfg.g_live.bank_q\[835\]	0.578766	{_14477_ A 0.578766}
u_cfg.g_live.g_bank\[7\].u_prompt	ot_sram_1r1w_512x128_m4_r2c2	rd_out[68]	u_cfg.g_live.bank_q\[836\]	0.578766	{_14499_ A 0.578766}
u_cfg.g_live.g_bank\[7\].u_prompt	ot_sram_1r1w_512x128_m4_r2c2	rd_out[69]	u_cfg.g_live.bank_q\[837\]	0.578766	{_14693_ A 0.578766}
u_cfg.g_live.g_bank\[7\].u_prompt	ot_sram_1r1w_512x128_m4_r2c2	rd_out[70]	u_cfg.g_live.bank_q\[838\]	0.486821	{_14625_ B 0.486821}
u_cfg.g_live.g_bank\[7\].u_prompt	ot_sram_1r1w_512x128_m4_r2c2	rd_out[71]	u_cfg.g_live.bank_q\[839\]	0.924352	{_15091_ B 0.924352}
u_cfg.g_live.g_bank\[7\].u_prompt	ot_sram_1r1w_512x128_m4_r2c2	rd_out[72]	u_cfg.g_live.bank_q\[840\]	0.924352	{_14942_ B 0.924352}
u_cfg.g_live.g_bank\[7\].u_prompt	ot_sram_1r1w_512x128_m4_r2c2	rd_out[73]	u_cfg.g_live.bank_q\[841\]	0.578766	{_14969_ A 0.578766}
u_cfg.g_live.g_bank\[7\].u_prompt	ot_sram_1r1w_512x128_m4_r2c2	rd_out[74]	u_cfg.g_live.bank_q\[842\]	0.578766	{_14896_ A 0.578766}
u_cfg.g_live.g_bank\[7\].u_prompt	ot_sram_1r1w_512x128_m4_r2c2	rd_out[75]	u_cfg.g_live.bank_q\[843\]	0.578766	{_14001_ A 0.578766}
u_cfg.g_live.g_bank\[7\].u_prompt	ot_sram_1r1w_512x128_m4_r2c2	rd_out[76]	u_cfg.g_live.bank_q\[844\]	0.578766	{_13834_ A 0.578766}
u_cfg.g_live.g_bank\[7\].u_prompt	ot_sram_1r1w_512x128_m4_r2c2	rd_out[77]	u_cfg.g_live.bank_q\[845\]	0.578766	{_13789_ A 0.578766}
u_cfg.g_live.g_bank\[7\].u_prompt	ot_sram_1r1w_512x128_m4_r2c2	rd_out[78]	u_cfg.g_live.bank_q\[846\]	0.578766	{_14062_ A 0.578766}
u_cfg.g_live.g_bank\[7\].u_prompt	ot_sram_1r1w_512x128_m4_r2c2	rd_out[79]	u_cfg.g_live.bank_q\[847\]	0.578766	{_13913_ A 0.578766}
u_cfg.g_live.g_bank\[7\].u_prompt	ot_sram_1r1w_512x128_m4_r2c2	rd_out[80]	u_cfg.g_live.bank_q\[848\]	0.578766	{_12805_ A 0.578766}
u_cfg.g_live.g_bank\[7\].u_prompt	ot_sram_1r1w_512x128_m4_r2c2	rd_out[81]	u_cfg.g_live.bank_q\[849\]	0.486821	{_12766_ B 0.486821}
u_cfg.g_live.g_bank\[7\].u_prompt	ot_sram_1r1w_512x128_m4_r2c2	rd_out[82]	u_cfg.g_live.bank_q\[850\]	0.578766	{_12719_ A 0.578766}
u_cfg.g_live.g_bank\[7\].u_prompt	ot_sram_1r1w_512x128_m4_r2c2	rd_out[83]	u_cfg.g_live.bank_q\[851\]	0.924352	{_12877_ B 0.924352}
u_cfg.g_live.g_bank\[7\].u_prompt	ot_sram_1r1w_512x128_m4_r2c2	rd_out[84]	u_cfg.g_live.bank_q\[852\]	0.578766	{_12221_ A 0.578766}
u_cfg.g_live.g_bank\[7\].u_prompt	ot_sram_1r1w_512x128_m4_r2c2	rd_out[85]	u_cfg.g_live.bank_q\[853\]	0.578766	{_12262_ A 0.578766}
u_cfg.g_live.g_bank\[7\].u_prompt	ot_sram_1r1w_512x128_m4_r2c2	rd_out[86]	u_cfg.g_live.bank_q\[854\]	0.578766	{_12277_ A 0.578766}
u_cfg.g_live.g_bank\[7\].u_prompt	ot_sram_1r1w_512x128_m4_r2c2	rd_out[87]	u_cfg.g_live.bank_q\[855\]	0.578766	{_12467_ A 0.578766}
u_cfg.g_live.g_bank\[7\].u_prompt	ot_sram_1r1w_512x128_m4_r2c2	rd_out[88]	u_cfg.g_live.bank_q\[856\]	0.578766	{_12595_ A 0.578766}
u_cfg.g_live.g_bank\[7\].u_prompt	ot_sram_1r1w_512x128_m4_r2c2	rd_out[89]	u_cfg.g_live.bank_q\[857\]	0.924352	{_12483_ B 0.924352}
u_cfg.g_live.g_bank\[7\].u_prompt	ot_sram_1r1w_512x128_m4_r2c2	rd_out[90]	u_cfg.g_live.bank_q\[858\]	0.578766	{_15644_ A 0.578766}
u_cfg.g_live.g_bank\[7\].u_prompt	ot_sram_1r1w_512x128_m4_r2c2	rd_out[91]	u_cfg.g_live.bank_q\[859\]	0.528014	{_15479_ A2 0.528014}
u_cfg.g_live.g_bank\[7\].u_prompt	ot_sram_1r1w_512x128_m4_r2c2	rd_out[92]	u_cfg.g_live.bank_q\[860\]	0.578766	{_15561_ A 0.578766}
u_cfg.g_live.g_bank\[7\].u_prompt	ot_sram_1r1w_512x128_m4_r2c2	rd_out[93]	u_cfg.g_live.bank_q\[861\]	0.578766	{_15353_ A 0.578766}
u_cfg.g_live.g_bank\[7\].u_prompt	ot_sram_1r1w_512x128_m4_r2c2	rd_out[94]	u_cfg.g_live.bank_q\[862\]	0.486821	{_15608_ B 0.486821}
u_cfg.g_live.g_bank\[7\].u_prompt	ot_sram_1r1w_512x128_m4_r2c2	rd_out[95]	u_cfg.g_live.bank_q\[863\]	0.924352	{_15698_ B 0.924352}
u_cfg.g_live.g_bank\[7\].u_prompt	ot_sram_1r1w_512x128_m4_r2c2	rd_out[96]	u_cfg.g_live.bank_q\[864\]	0.578766	{_15155_ A 0.578766}
u_cfg.g_live.g_bank\[7\].u_prompt	ot_sram_1r1w_512x128_m4_r2c2	rd_out[97]	u_cfg.g_live.bank_q\[865\]	0.578766	{_14220_ A 0.578766}
u_cfg.g_live.g_bank\[7\].u_prompt	ot_sram_1r1w_512x128_m4_r2c2	rd_out[98]	u_cfg.g_live.bank_q\[866\]	0.578766	{_14264_ A 0.578766}
u_cfg.g_live.g_bank\[7\].u_prompt	ot_sram_1r1w_512x128_m4_r2c2	rd_out[99]	u_cfg.g_live.bank_q\[867\]	0.578766	{_14202_ A 0.578766}
u_cfg.g_live.g_bank\[7\].u_prompt	ot_sram_1r1w_512x128_m4_r2c2	rd_out[100]	u_cfg.g_live.bank_q\[868\]	0.528014	{_14317_ A2 0.528014}
u_cfg.g_live.g_bank\[7\].u_prompt	ot_sram_1r1w_512x128_m4_r2c2	rd_out[101]	u_cfg.g_live.bank_q\[869\]	0.924352	{_15302_ B 0.924352}
u_cfg.g_live.g_bank\[7\].u_prompt	ot_sram_1r1w_512x128_m4_r2c2	rd_out[102]	u_cfg.g_live.bank_q\[870\]	0.578766	{_15422_ A 0.578766}
u_cfg.g_live.g_bank\[7\].u_prompt	ot_sram_1r1w_512x128_m4_r2c2	rd_out[103]	u_cfg.g_live.bank_q\[871\]	0.578766	{_15210_ A 0.578766}
u_cfg.g_live.g_bank\[7\].u_prompt	ot_sram_1r1w_512x128_m4_r2c2	rd_out[104]	u_cfg.g_live.bank_q\[872\]	0.528014	{_15252_ A2 0.528014}
u_cfg.g_live.g_bank\[7\].u_prompt	ot_sram_1r1w_512x128_m4_r2c2	rd_out[105]	u_cfg.g_live.bank_q\[873\]	0.578766	{_13493_ A 0.578766}
u_cfg.g_live.g_bank\[7\].u_prompt	ot_sram_1r1w_512x128_m4_r2c2	rd_out[106]	u_cfg.g_live.bank_q\[874\]	0.486821	{_13714_ B 0.486821}
u_cfg.g_live.g_bank\[7\].u_prompt	ot_sram_1r1w_512x128_m4_r2c2	rd_out[107]	u_cfg.g_live.bank_q\[875\]	0.486821	{_13761_ B 0.486821}
u_cfg.g_live.g_bank\[7\].u_prompt	ot_sram_1r1w_512x128_m4_r2c2	rd_out[108]	u_cfg.g_live.bank_q\[876\]	0.578766	{_13610_ A 0.578766}
u_cfg.g_live.g_bank\[7\].u_prompt	ot_sram_1r1w_512x128_m4_r2c2	rd_out[109]	u_cfg.g_live.bank_q\[877\]	0.578766	{_13961_ A 0.578766}
u_cfg.g_live.g_bank\[7\].u_prompt	ot_sram_1r1w_512x128_m4_r2c2	rd_out[110]	u_cfg.g_live.bank_q\[878\]	0.578766	{_13524_ A 0.578766}
u_cfg.g_live.g_bank\[7\].u_prompt	ot_sram_1r1w_512x128_m4_r2c2	rd_out[111]	u_cfg.g_live.bank_q\[879\]	0.924352	{_13665_ B 0.924352}
u_cfg.g_live.g_bank\[7\].u_prompt	ot_sram_1r1w_512x128_m4_r2c2	rd_out[112]	u_cfg.g_live.bank_q\[880\]	0.578766	{_13032_ A 0.578766}
u_cfg.g_live.g_bank\[7\].u_prompt	ot_sram_1r1w_512x128_m4_r2c2	rd_out[113]	u_cfg.g_live.bank_q\[881\]	0.528014	{_13185_ A2 0.528014}
u_cfg.g_live.g_bank\[7\].u_prompt	ot_sram_1r1w_512x128_m4_r2c2	rd_out[114]	u_cfg.g_live.bank_q\[882\]	0.486821	{_13386_ B 0.486821}
u_cfg.g_live.g_bank\[7\].u_prompt	ot_sram_1r1w_512x128_m4_r2c2	rd_out[115]	u_cfg.g_live.bank_q\[883\]	0.486821	{_13441_ B 0.486821}
u_cfg.g_live.g_bank\[7\].u_prompt	ot_sram_1r1w_512x128_m4_r2c2	rd_out[116]	u_cfg.g_live.bank_q\[884\]	0.578766	{_12999_ A 0.578766}
u_cfg.g_live.g_bank\[7\].u_prompt	ot_sram_1r1w_512x128_m4_r2c2	rd_out[117]	u_cfg.g_live.bank_q\[885\]	0.924352	{_13204_ B 0.924352}
u_cfg.g_live.g_bank\[7\].u_prompt	ot_sram_1r1w_512x128_m4_r2c2	rd_out[118]	u_cfg.g_live.bank_q\[886\]	0.578766	{_13301_ A 0.578766}
u_cfg.g_live.g_bank\[7\].u_prompt	ot_sram_1r1w_512x128_m4_r2c2	rd_out[119]	u_cfg.g_live.bank_q\[887\]	0.578766	{_13353_ A 0.578766}
u_cfg.g_live.g_bank\[7\].u_prompt	ot_sram_1r1w_512x128_m4_r2c2	rd_out[120]	u_cfg.g_live.bank_q\[888\]	0.578766	{_13075_ A 0.578766}
u_cfg.g_live.g_bank\[7\].u_prompt	ot_sram_1r1w_512x128_m4_r2c2	rd_out[121]	u_cfg.g_live.bank_q\[889\]	0.578766	{_14345_ A 0.578766}
u_cfg.g_live.g_bank\[7\].u_prompt	ot_sram_1r1w_512x128_m4_r2c2	rd_out[122]	u_cfg.g_live.bank_q\[890\]	0.578766	{_14816_ A 0.578766}
u_cfg.g_live.g_bank\[7\].u_prompt	ot_sram_1r1w_512x128_m4_r2c2	rd_out[123]	u_cfg.g_live.bank_q\[891\]	0.578766	{_15046_ A 0.578766}
u_cfg.g_live.g_bank\[7\].u_prompt	ot_sram_1r1w_512x128_m4_r2c2	rd_out[124]	u_cfg.g_live.bank_q\[892\]	0.578766	{_14093_ A 0.578766}
u_cfg.g_live.g_bank\[7\].u_prompt	ot_sram_1r1w_512x128_m4_r2c2	rd_out[125]	u_cfg.g_live.bank_q\[893\]	0.578766	{_12915_ A 0.578766}
u_cfg.g_live.g_bank\[7\].u_prompt	ot_sram_1r1w_512x128_m4_r2c2	rd_out[126]	u_cfg.g_live.bank_q\[894\]	0.578766	{_15520_ A 0.578766}
u_cfg.g_live.g_bank\[7\].u_prompt	ot_sram_1r1w_512x128_m4_r2c2	rd_out[127]	u_cfg.g_live.bank_q\[895\]	0.578766	{_14752_ A 0.578766}
u_cfg.g_live.g_bank\[7\].u_prompt	ot_sram_1r1w_512x128_m4_r2c2	w_ce_in	_02036_	0.578800	
u_cfg.g_live.g_bank\[7\].u_prompt	ot_sram_1r1w_512x128_m4_r2c2	w_addr_in[0]	_01885_	0.578800	
u_cfg.g_live.g_bank\[7\].u_prompt	ot_sram_1r1w_512x128_m4_r2c2	w_addr_in[1]	_01886_	0.578800	
u_cfg.g_live.g_bank\[7\].u_prompt	ot_sram_1r1w_512x128_m4_r2c2	w_addr_in[2]	_01887_	0.578800	
u_cfg.g_live.g_bank\[7\].u_prompt	ot_sram_1r1w_512x128_m4_r2c2	w_addr_in[3]	_01888_	0.578800	
u_cfg.g_live.g_bank\[7\].u_prompt	ot_sram_1r1w_512x128_m4_r2c2	w_addr_in[4]	_01889_	0.578800	
u_cfg.g_live.g_bank\[7\].u_prompt	ot_sram_1r1w_512x128_m4_r2c2	w_addr_in[5]	_01890_	0.578800	
u_cfg.g_live.g_bank\[7\].u_prompt	ot_sram_1r1w_512x128_m4_r2c2	w_addr_in[6]	_01891_	0.578800	
u_cfg.g_live.g_bank\[7\].u_prompt	ot_sram_1r1w_512x128_m4_r2c2	w_addr_in[7]	_01892_	0.578800	
u_cfg.g_live.g_bank\[7\].u_prompt	ot_sram_1r1w_512x128_m4_r2c2	w_addr_in[8]	_01893_	0.578800	
u_cfg.g_live.g_bank\[7\].u_prompt	ot_sram_1r1w_512x128_m4_r2c2	wd_in[0]	_01894_	0.578800	
u_cfg.g_live.g_bank\[7\].u_prompt	ot_sram_1r1w_512x128_m4_r2c2	wd_in[1]	_01933_	0.578800	
u_cfg.g_live.g_bank\[7\].u_prompt	ot_sram_1r1w_512x128_m4_r2c2	wd_in[2]	_01943_	0.578800	
u_cfg.g_live.g_bank\[7\].u_prompt	ot_sram_1r1w_512x128_m4_r2c2	wd_in[3]	_01954_	0.578800	
u_cfg.g_live.g_bank\[7\].u_prompt	ot_sram_1r1w_512x128_m4_r2c2	wd_in[4]	_01965_	0.578800	
u_cfg.g_live.g_bank\[7\].u_prompt	ot_sram_1r1w_512x128_m4_r2c2	wd_in[5]	_01976_	0.578800	
u_cfg.g_live.g_bank\[7\].u_prompt	ot_sram_1r1w_512x128_m4_r2c2	wd_in[6]	_01987_	0.578800	
u_cfg.g_live.g_bank\[7\].u_prompt	ot_sram_1r1w_512x128_m4_r2c2	wd_in[7]	_01998_	0.578800	
u_cfg.g_live.g_bank\[7\].u_prompt	ot_sram_1r1w_512x128_m4_r2c2	wd_in[8]	_02009_	0.578800	
u_cfg.g_live.g_bank\[7\].u_prompt	ot_sram_1r1w_512x128_m4_r2c2	wd_in[9]	_02020_	0.578800	
u_cfg.g_live.g_bank\[7\].u_prompt	ot_sram_1r1w_512x128_m4_r2c2	wd_in[10]	_01905_	0.578800	
u_cfg.g_live.g_bank\[7\].u_prompt	ot_sram_1r1w_512x128_m4_r2c2	wd_in[11]	_01916_	0.578800	
u_cfg.g_live.g_bank\[7\].u_prompt	ot_sram_1r1w_512x128_m4_r2c2	wd_in[12]	_01925_	0.578800	
u_cfg.g_live.g_bank\[7\].u_prompt	ot_sram_1r1w_512x128_m4_r2c2	wd_in[13]	_01926_	0.578800	
u_cfg.g_live.g_bank\[7\].u_prompt	ot_sram_1r1w_512x128_m4_r2c2	wd_in[14]	_01927_	0.578800	
u_cfg.g_live.g_bank\[7\].u_prompt	ot_sram_1r1w_512x128_m4_r2c2	wd_in[15]	_01928_	0.578800	
u_cfg.g_live.g_bank\[7\].u_prompt	ot_sram_1r1w_512x128_m4_r2c2	wd_in[16]	_01929_	0.578800	
u_cfg.g_live.g_bank\[7\].u_prompt	ot_sram_1r1w_512x128_m4_r2c2	wd_in[17]	_01930_	0.578800	
u_cfg.g_live.g_bank\[7\].u_prompt	ot_sram_1r1w_512x128_m4_r2c2	wd_in[18]	_01931_	0.578800	
u_cfg.g_live.g_bank\[7\].u_prompt	ot_sram_1r1w_512x128_m4_r2c2	wd_in[19]	_01932_	0.578800	
u_cfg.g_live.g_bank\[7\].u_prompt	ot_sram_1r1w_512x128_m4_r2c2	wd_in[20]	_01934_	0.578800	
u_cfg.g_live.g_bank\[7\].u_prompt	ot_sram_1r1w_512x128_m4_r2c2	wd_in[21]	_01935_	0.578800	
u_cfg.g_live.g_bank\[7\].u_prompt	ot_sram_1r1w_512x128_m4_r2c2	wd_in[22]	_01936_	0.578800	
u_cfg.g_live.g_bank\[7\].u_prompt	ot_sram_1r1w_512x128_m4_r2c2	wd_in[23]	_01937_	0.578800	
u_cfg.g_live.g_bank\[7\].u_prompt	ot_sram_1r1w_512x128_m4_r2c2	wd_in[24]	_01938_	0.578800	
u_cfg.g_live.g_bank\[7\].u_prompt	ot_sram_1r1w_512x128_m4_r2c2	wd_in[25]	_01939_	0.578800	
u_cfg.g_live.g_bank\[7\].u_prompt	ot_sram_1r1w_512x128_m4_r2c2	wd_in[26]	_10622_	0.578800	
u_cfg.g_live.g_bank\[7\].u_prompt	ot_sram_1r1w_512x128_m4_r2c2	wd_in[27]	_01940_	0.578800	
u_cfg.g_live.g_bank\[7\].u_prompt	ot_sram_1r1w_512x128_m4_r2c2	wd_in[28]	_01941_	0.578800	
u_cfg.g_live.g_bank\[7\].u_prompt	ot_sram_1r1w_512x128_m4_r2c2	wd_in[29]	_01942_	0.578800	
u_cfg.g_live.g_bank\[7\].u_prompt	ot_sram_1r1w_512x128_m4_r2c2	wd_in[30]	_01944_	0.578800	
u_cfg.g_live.g_bank\[7\].u_prompt	ot_sram_1r1w_512x128_m4_r2c2	wd_in[31]	_01945_	0.578800	
u_cfg.g_live.g_bank\[7\].u_prompt	ot_sram_1r1w_512x128_m4_r2c2	wd_in[32]	_01946_	0.578800	
u_cfg.g_live.g_bank\[7\].u_prompt	ot_sram_1r1w_512x128_m4_r2c2	wd_in[33]	_01947_	0.578800	
u_cfg.g_live.g_bank\[7\].u_prompt	ot_sram_1r1w_512x128_m4_r2c2	wd_in[34]	_01948_	0.578800	
u_cfg.g_live.g_bank\[7\].u_prompt	ot_sram_1r1w_512x128_m4_r2c2	wd_in[35]	_01949_	0.578800	
u_cfg.g_live.g_bank\[7\].u_prompt	ot_sram_1r1w_512x128_m4_r2c2	wd_in[36]	_01950_	0.578800	
u_cfg.g_live.g_bank\[7\].u_prompt	ot_sram_1r1w_512x128_m4_r2c2	wd_in[37]	_01951_	0.578800	
u_cfg.g_live.g_bank\[7\].u_prompt	ot_sram_1r1w_512x128_m4_r2c2	wd_in[38]	_01952_	0.578800	
u_cfg.g_live.g_bank\[7\].u_prompt	ot_sram_1r1w_512x128_m4_r2c2	wd_in[39]	_01953_	0.578800	
u_cfg.g_live.g_bank\[7\].u_prompt	ot_sram_1r1w_512x128_m4_r2c2	wd_in[40]	_01955_	0.578800	
u_cfg.g_live.g_bank\[7\].u_prompt	ot_sram_1r1w_512x128_m4_r2c2	wd_in[41]	_01956_	0.578800	
u_cfg.g_live.g_bank\[7\].u_prompt	ot_sram_1r1w_512x128_m4_r2c2	wd_in[42]	_01957_	0.578800	
u_cfg.g_live.g_bank\[7\].u_prompt	ot_sram_1r1w_512x128_m4_r2c2	wd_in[43]	_01958_	0.578800	
u_cfg.g_live.g_bank\[7\].u_prompt	ot_sram_1r1w_512x128_m4_r2c2	wd_in[44]	_01959_	0.578800	
u_cfg.g_live.g_bank\[7\].u_prompt	ot_sram_1r1w_512x128_m4_r2c2	wd_in[45]	_01960_	0.578800	
u_cfg.g_live.g_bank\[7\].u_prompt	ot_sram_1r1w_512x128_m4_r2c2	wd_in[46]	_01961_	0.578800	
u_cfg.g_live.g_bank\[7\].u_prompt	ot_sram_1r1w_512x128_m4_r2c2	wd_in[47]	_01962_	0.578800	
u_cfg.g_live.g_bank\[7\].u_prompt	ot_sram_1r1w_512x128_m4_r2c2	wd_in[48]	_01963_	0.578800	
u_cfg.g_live.g_bank\[7\].u_prompt	ot_sram_1r1w_512x128_m4_r2c2	wd_in[49]	_01964_	0.578800	
u_cfg.g_live.g_bank\[7\].u_prompt	ot_sram_1r1w_512x128_m4_r2c2	wd_in[50]	_01966_	0.578800	
u_cfg.g_live.g_bank\[7\].u_prompt	ot_sram_1r1w_512x128_m4_r2c2	wd_in[51]	_01967_	0.578800	
u_cfg.g_live.g_bank\[7\].u_prompt	ot_sram_1r1w_512x128_m4_r2c2	wd_in[52]	_01968_	0.578800	
u_cfg.g_live.g_bank\[7\].u_prompt	ot_sram_1r1w_512x128_m4_r2c2	wd_in[53]	_01969_	0.578800	
u_cfg.g_live.g_bank\[7\].u_prompt	ot_sram_1r1w_512x128_m4_r2c2	wd_in[54]	_01970_	0.578800	
u_cfg.g_live.g_bank\[7\].u_prompt	ot_sram_1r1w_512x128_m4_r2c2	wd_in[55]	_01971_	0.578800	
u_cfg.g_live.g_bank\[7\].u_prompt	ot_sram_1r1w_512x128_m4_r2c2	wd_in[56]	_01972_	0.578800	
u_cfg.g_live.g_bank\[7\].u_prompt	ot_sram_1r1w_512x128_m4_r2c2	wd_in[57]	_01973_	0.578800	
u_cfg.g_live.g_bank\[7\].u_prompt	ot_sram_1r1w_512x128_m4_r2c2	wd_in[58]	_01974_	0.578800	
u_cfg.g_live.g_bank\[7\].u_prompt	ot_sram_1r1w_512x128_m4_r2c2	wd_in[59]	_01975_	0.578800	
u_cfg.g_live.g_bank\[7\].u_prompt	ot_sram_1r1w_512x128_m4_r2c2	wd_in[60]	_01977_	0.578800	
u_cfg.g_live.g_bank\[7\].u_prompt	ot_sram_1r1w_512x128_m4_r2c2	wd_in[61]	_01978_	0.578800	
u_cfg.g_live.g_bank\[7\].u_prompt	ot_sram_1r1w_512x128_m4_r2c2	wd_in[62]	_01979_	0.578800	
u_cfg.g_live.g_bank\[7\].u_prompt	ot_sram_1r1w_512x128_m4_r2c2	wd_in[63]	_01980_	0.578800	
u_cfg.g_live.g_bank\[7\].u_prompt	ot_sram_1r1w_512x128_m4_r2c2	wd_in[64]	_01981_	0.578800	
u_cfg.g_live.g_bank\[7\].u_prompt	ot_sram_1r1w_512x128_m4_r2c2	wd_in[65]	_01982_	0.578800	
u_cfg.g_live.g_bank\[7\].u_prompt	ot_sram_1r1w_512x128_m4_r2c2	wd_in[66]	_01983_	0.578800	
u_cfg.g_live.g_bank\[7\].u_prompt	ot_sram_1r1w_512x128_m4_r2c2	wd_in[67]	_01984_	0.578800	
u_cfg.g_live.g_bank\[7\].u_prompt	ot_sram_1r1w_512x128_m4_r2c2	wd_in[68]	_01985_	0.578800	
u_cfg.g_live.g_bank\[7\].u_prompt	ot_sram_1r1w_512x128_m4_r2c2	wd_in[69]	_01986_	0.578800	
u_cfg.g_live.g_bank\[7\].u_prompt	ot_sram_1r1w_512x128_m4_r2c2	wd_in[70]	_01988_	0.578800	
u_cfg.g_live.g_bank\[7\].u_prompt	ot_sram_1r1w_512x128_m4_r2c2	wd_in[71]	_01989_	0.578800	
u_cfg.g_live.g_bank\[7\].u_prompt	ot_sram_1r1w_512x128_m4_r2c2	wd_in[72]	_01990_	0.578800	
u_cfg.g_live.g_bank\[7\].u_prompt	ot_sram_1r1w_512x128_m4_r2c2	wd_in[73]	_01991_	0.578800	
u_cfg.g_live.g_bank\[7\].u_prompt	ot_sram_1r1w_512x128_m4_r2c2	wd_in[74]	_01992_	0.578800	
u_cfg.g_live.g_bank\[7\].u_prompt	ot_sram_1r1w_512x128_m4_r2c2	wd_in[75]	_01993_	0.578800	
u_cfg.g_live.g_bank\[7\].u_prompt	ot_sram_1r1w_512x128_m4_r2c2	wd_in[76]	_01994_	0.578800	
u_cfg.g_live.g_bank\[7\].u_prompt	ot_sram_1r1w_512x128_m4_r2c2	wd_in[77]	_01995_	0.578800	
u_cfg.g_live.g_bank\[7\].u_prompt	ot_sram_1r1w_512x128_m4_r2c2	wd_in[78]	_01996_	0.578800	
u_cfg.g_live.g_bank\[7\].u_prompt	ot_sram_1r1w_512x128_m4_r2c2	wd_in[79]	_01997_	0.578800	
u_cfg.g_live.g_bank\[7\].u_prompt	ot_sram_1r1w_512x128_m4_r2c2	wd_in[80]	_01999_	0.578800	
u_cfg.g_live.g_bank\[7\].u_prompt	ot_sram_1r1w_512x128_m4_r2c2	wd_in[81]	_02000_	0.578800	
u_cfg.g_live.g_bank\[7\].u_prompt	ot_sram_1r1w_512x128_m4_r2c2	wd_in[82]	_02001_	0.578800	
u_cfg.g_live.g_bank\[7\].u_prompt	ot_sram_1r1w_512x128_m4_r2c2	wd_in[83]	_02002_	0.578800	
u_cfg.g_live.g_bank\[7\].u_prompt	ot_sram_1r1w_512x128_m4_r2c2	wd_in[84]	_02003_	0.578800	
u_cfg.g_live.g_bank\[7\].u_prompt	ot_sram_1r1w_512x128_m4_r2c2	wd_in[85]	_02004_	0.578800	
u_cfg.g_live.g_bank\[7\].u_prompt	ot_sram_1r1w_512x128_m4_r2c2	wd_in[86]	_02005_	0.578800	
u_cfg.g_live.g_bank\[7\].u_prompt	ot_sram_1r1w_512x128_m4_r2c2	wd_in[87]	_02006_	0.578800	
u_cfg.g_live.g_bank\[7\].u_prompt	ot_sram_1r1w_512x128_m4_r2c2	wd_in[88]	_02007_	0.578800	
u_cfg.g_live.g_bank\[7\].u_prompt	ot_sram_1r1w_512x128_m4_r2c2	wd_in[89]	_02008_	0.578800	
u_cfg.g_live.g_bank\[7\].u_prompt	ot_sram_1r1w_512x128_m4_r2c2	wd_in[90]	_02010_	0.578800	
u_cfg.g_live.g_bank\[7\].u_prompt	ot_sram_1r1w_512x128_m4_r2c2	wd_in[91]	_02011_	0.578800	
u_cfg.g_live.g_bank\[7\].u_prompt	ot_sram_1r1w_512x128_m4_r2c2	wd_in[92]	_02012_	0.578800	
u_cfg.g_live.g_bank\[7\].u_prompt	ot_sram_1r1w_512x128_m4_r2c2	wd_in[93]	_02013_	0.578800	
u_cfg.g_live.g_bank\[7\].u_prompt	ot_sram_1r1w_512x128_m4_r2c2	wd_in[94]	_02014_	0.578800	
u_cfg.g_live.g_bank\[7\].u_prompt	ot_sram_1r1w_512x128_m4_r2c2	wd_in[95]	_02015_	0.578800	
u_cfg.g_live.g_bank\[7\].u_prompt	ot_sram_1r1w_512x128_m4_r2c2	wd_in[96]	_02016_	0.578800	
u_cfg.g_live.g_bank\[7\].u_prompt	ot_sram_1r1w_512x128_m4_r2c2	wd_in[97]	_02017_	0.578800	
u_cfg.g_live.g_bank\[7\].u_prompt	ot_sram_1r1w_512x128_m4_r2c2	wd_in[98]	_02018_	0.578800	
u_cfg.g_live.g_bank\[7\].u_prompt	ot_sram_1r1w_512x128_m4_r2c2	wd_in[99]	_02019_	0.578800	
u_cfg.g_live.g_bank\[7\].u_prompt	ot_sram_1r1w_512x128_m4_r2c2	wd_in[100]	_01895_	0.578800	
u_cfg.g_live.g_bank\[7\].u_prompt	ot_sram_1r1w_512x128_m4_r2c2	wd_in[101]	_01896_	0.578800	
u_cfg.g_live.g_bank\[7\].u_prompt	ot_sram_1r1w_512x128_m4_r2c2	wd_in[102]	_01897_	0.578800	
u_cfg.g_live.g_bank\[7\].u_prompt	ot_sram_1r1w_512x128_m4_r2c2	wd_in[103]	_01898_	0.578800	
u_cfg.g_live.g_bank\[7\].u_prompt	ot_sram_1r1w_512x128_m4_r2c2	wd_in[104]	_01899_	0.578800	
u_cfg.g_live.g_bank\[7\].u_prompt	ot_sram_1r1w_512x128_m4_r2c2	wd_in[105]	_01900_	0.578800	
u_cfg.g_live.g_bank\[7\].u_prompt	ot_sram_1r1w_512x128_m4_r2c2	wd_in[106]	_01901_	0.578800	
u_cfg.g_live.g_bank\[7\].u_prompt	ot_sram_1r1w_512x128_m4_r2c2	wd_in[107]	_01902_	0.578800	
u_cfg.g_live.g_bank\[7\].u_prompt	ot_sram_1r1w_512x128_m4_r2c2	wd_in[108]	_01903_	0.578800	
u_cfg.g_live.g_bank\[7\].u_prompt	ot_sram_1r1w_512x128_m4_r2c2	wd_in[109]	_01904_	0.578800	
u_cfg.g_live.g_bank\[7\].u_prompt	ot_sram_1r1w_512x128_m4_r2c2	wd_in[110]	_01906_	0.578800	
u_cfg.g_live.g_bank\[7\].u_prompt	ot_sram_1r1w_512x128_m4_r2c2	wd_in[111]	_01907_	0.578800	
u_cfg.g_live.g_bank\[7\].u_prompt	ot_sram_1r1w_512x128_m4_r2c2	wd_in[112]	_01908_	0.578800	
u_cfg.g_live.g_bank\[7\].u_prompt	ot_sram_1r1w_512x128_m4_r2c2	wd_in[113]	_01909_	0.578800	
u_cfg.g_live.g_bank\[7\].u_prompt	ot_sram_1r1w_512x128_m4_r2c2	wd_in[114]	_01910_	0.578800	
u_cfg.g_live.g_bank\[7\].u_prompt	ot_sram_1r1w_512x128_m4_r2c2	wd_in[115]	_01911_	0.578800	
u_cfg.g_live.g_bank\[7\].u_prompt	ot_sram_1r1w_512x128_m4_r2c2	wd_in[116]	_01912_	0.578800	
u_cfg.g_live.g_bank\[7\].u_prompt	ot_sram_1r1w_512x128_m4_r2c2	wd_in[117]	_01913_	0.578800	
u_cfg.g_live.g_bank\[7\].u_prompt	ot_sram_1r1w_512x128_m4_r2c2	wd_in[118]	_01914_	0.578800	
u_cfg.g_live.g_bank\[7\].u_prompt	ot_sram_1r1w_512x128_m4_r2c2	wd_in[119]	_01915_	0.578800	
u_cfg.g_live.g_bank\[7\].u_prompt	ot_sram_1r1w_512x128_m4_r2c2	wd_in[120]	_01917_	0.578800	
u_cfg.g_live.g_bank\[7\].u_prompt	ot_sram_1r1w_512x128_m4_r2c2	wd_in[121]	_01918_	0.578800	
u_cfg.g_live.g_bank\[7\].u_prompt	ot_sram_1r1w_512x128_m4_r2c2	wd_in[122]	_01919_	0.578800	
u_cfg.g_live.g_bank\[7\].u_prompt	ot_sram_1r1w_512x128_m4_r2c2	wd_in[123]	_01920_	0.578800	
u_cfg.g_live.g_bank\[7\].u_prompt	ot_sram_1r1w_512x128_m4_r2c2	wd_in[124]	_01921_	0.578800	
u_cfg.g_live.g_bank\[7\].u_prompt	ot_sram_1r1w_512x128_m4_r2c2	wd_in[125]	_01922_	0.578800	
u_cfg.g_live.g_bank\[7\].u_prompt	ot_sram_1r1w_512x128_m4_r2c2	wd_in[126]	_01923_	0.578800	
u_cfg.g_live.g_bank\[7\].u_prompt	ot_sram_1r1w_512x128_m4_r2c2	wd_in[127]	_01924_	0.578800	
u_cfg.g_live.g_bank\[7\].u_prompt	ot_sram_1r1w_512x128_m4_r2c2	w_mask_in[0]	_02021_	0.578800	
u_cfg.g_live.g_bank\[7\].u_prompt	ot_sram_1r1w_512x128_m4_r2c2	w_mask_in[1]	_02021_	0.578800	
u_cfg.g_live.g_bank\[7\].u_prompt	ot_sram_1r1w_512x128_m4_r2c2	w_mask_in[2]	_02021_	0.578800	
u_cfg.g_live.g_bank\[7\].u_prompt	ot_sram_1r1w_512x128_m4_r2c2	w_mask_in[3]	_02021_	0.578800	
u_cfg.g_live.g_bank\[7\].u_prompt	ot_sram_1r1w_512x128_m4_r2c2	w_mask_in[4]	_02021_	0.578800	
u_cfg.g_live.g_bank\[7\].u_prompt	ot_sram_1r1w_512x128_m4_r2c2	w_mask_in[5]	_02021_	0.578800	
u_cfg.g_live.g_bank\[7\].u_prompt	ot_sram_1r1w_512x128_m4_r2c2	w_mask_in[6]	_02021_	0.578800	
u_cfg.g_live.g_bank\[7\].u_prompt	ot_sram_1r1w_512x128_m4_r2c2	w_mask_in[7]	_02021_	0.578800	
u_cfg.g_live.g_bank\[7\].u_prompt	ot_sram_1r1w_512x128_m4_r2c2	w_mask_in[8]	_02021_	0.578800	
u_cfg.g_live.g_bank\[7\].u_prompt	ot_sram_1r1w_512x128_m4_r2c2	w_mask_in[9]	_02021_	0.578800	
u_cfg.g_live.g_bank\[7\].u_prompt	ot_sram_1r1w_512x128_m4_r2c2	w_mask_in[10]	_02021_	0.578800	
u_cfg.g_live.g_bank\[7\].u_prompt	ot_sram_1r1w_512x128_m4_r2c2	w_mask_in[11]	_02021_	0.578800	
u_cfg.g_live.g_bank\[7\].u_prompt	ot_sram_1r1w_512x128_m4_r2c2	w_mask_in[12]	_02021_	0.578800	
u_cfg.g_live.g_bank\[7\].u_prompt	ot_sram_1r1w_512x128_m4_r2c2	w_mask_in[13]	_02021_	0.578800	
u_cfg.g_live.g_bank\[7\].u_prompt	ot_sram_1r1w_512x128_m4_r2c2	w_mask_in[14]	_02021_	0.578800	
u_cfg.g_live.g_bank\[7\].u_prompt	ot_sram_1r1w_512x128_m4_r2c2	w_mask_in[15]	_02021_	0.578800	
u_cfg.g_live.g_bank\[7\].u_prompt	ot_sram_1r1w_512x128_m4_r2c2	w_mask_in[16]	_02021_	0.578800	
u_cfg.g_live.g_bank\[7\].u_prompt	ot_sram_1r1w_512x128_m4_r2c2	w_mask_in[17]	_02021_	0.578800	
u_cfg.g_live.g_bank\[7\].u_prompt	ot_sram_1r1w_512x128_m4_r2c2	w_mask_in[18]	_02021_	0.578800	
u_cfg.g_live.g_bank\[7\].u_prompt	ot_sram_1r1w_512x128_m4_r2c2	w_mask_in[19]	_02021_	0.578800	
u_cfg.g_live.g_bank\[7\].u_prompt	ot_sram_1r1w_512x128_m4_r2c2	w_mask_in[20]	_02021_	0.578800	
u_cfg.g_live.g_bank\[7\].u_prompt	ot_sram_1r1w_512x128_m4_r2c2	w_mask_in[21]	_02021_	0.578800	
u_cfg.g_live.g_bank\[7\].u_prompt	ot_sram_1r1w_512x128_m4_r2c2	w_mask_in[22]	_02021_	0.578800	
u_cfg.g_live.g_bank\[7\].u_prompt	ot_sram_1r1w_512x128_m4_r2c2	w_mask_in[23]	_02021_	0.578800	
u_cfg.g_live.g_bank\[7\].u_prompt	ot_sram_1r1w_512x128_m4_r2c2	w_mask_in[24]	_02021_	0.578800	
u_cfg.g_live.g_bank\[7\].u_prompt	ot_sram_1r1w_512x128_m4_r2c2	w_mask_in[25]	_02021_	0.578800	
u_cfg.g_live.g_bank\[7\].u_prompt	ot_sram_1r1w_512x128_m4_r2c2	w_mask_in[26]	_02021_	0.578800	
u_cfg.g_live.g_bank\[7\].u_prompt	ot_sram_1r1w_512x128_m4_r2c2	w_mask_in[27]	_02021_	0.578800	
u_cfg.g_live.g_bank\[7\].u_prompt	ot_sram_1r1w_512x128_m4_r2c2	w_mask_in[28]	_02021_	0.578800	
u_cfg.g_live.g_bank\[7\].u_prompt	ot_sram_1r1w_512x128_m4_r2c2	w_mask_in[29]	_02021_	0.578800	
u_cfg.g_live.g_bank\[7\].u_prompt	ot_sram_1r1w_512x128_m4_r2c2	w_mask_in[30]	_02021_	0.578800	
u_cfg.g_live.g_bank\[7\].u_prompt	ot_sram_1r1w_512x128_m4_r2c2	w_mask_in[31]	_02021_	0.578800	
u_cfg.g_live.g_bank\[7\].u_prompt	ot_sram_1r1w_512x128_m4_r2c2	w_mask_in[32]	_02021_	0.578800	
u_cfg.g_live.g_bank\[7\].u_prompt	ot_sram_1r1w_512x128_m4_r2c2	w_mask_in[33]	_02021_	0.578800	
u_cfg.g_live.g_bank\[7\].u_prompt	ot_sram_1r1w_512x128_m4_r2c2	w_mask_in[34]	_02021_	0.578800	
u_cfg.g_live.g_bank\[7\].u_prompt	ot_sram_1r1w_512x128_m4_r2c2	w_mask_in[35]	_02021_	0.578800	
u_cfg.g_live.g_bank\[7\].u_prompt	ot_sram_1r1w_512x128_m4_r2c2	w_mask_in[36]	_02021_	0.578800	
u_cfg.g_live.g_bank\[7\].u_prompt	ot_sram_1r1w_512x128_m4_r2c2	w_mask_in[37]	_02021_	0.578800	
u_cfg.g_live.g_bank\[7\].u_prompt	ot_sram_1r1w_512x128_m4_r2c2	w_mask_in[38]	_02021_	0.578800	
u_cfg.g_live.g_bank\[7\].u_prompt	ot_sram_1r1w_512x128_m4_r2c2	w_mask_in[39]	_02021_	0.578800	
u_cfg.g_live.g_bank\[7\].u_prompt	ot_sram_1r1w_512x128_m4_r2c2	w_mask_in[40]	_02021_	0.578800	
u_cfg.g_live.g_bank\[7\].u_prompt	ot_sram_1r1w_512x128_m4_r2c2	w_mask_in[41]	_02021_	0.578800	
u_cfg.g_live.g_bank\[7\].u_prompt	ot_sram_1r1w_512x128_m4_r2c2	w_mask_in[42]	_02021_	0.578800	
u_cfg.g_live.g_bank\[7\].u_prompt	ot_sram_1r1w_512x128_m4_r2c2	w_mask_in[43]	_02021_	0.578800	
u_cfg.g_live.g_bank\[7\].u_prompt	ot_sram_1r1w_512x128_m4_r2c2	w_mask_in[44]	_02021_	0.578800	
u_cfg.g_live.g_bank\[7\].u_prompt	ot_sram_1r1w_512x128_m4_r2c2	w_mask_in[45]	_02021_	0.578800	
u_cfg.g_live.g_bank\[7\].u_prompt	ot_sram_1r1w_512x128_m4_r2c2	w_mask_in[46]	_02021_	0.578800	
u_cfg.g_live.g_bank\[7\].u_prompt	ot_sram_1r1w_512x128_m4_r2c2	w_mask_in[47]	_02021_	0.578800	
u_cfg.g_live.g_bank\[7\].u_prompt	ot_sram_1r1w_512x128_m4_r2c2	w_mask_in[48]	_02021_	0.578800	
u_cfg.g_live.g_bank\[7\].u_prompt	ot_sram_1r1w_512x128_m4_r2c2	w_mask_in[49]	_02021_	0.578800	
u_cfg.g_live.g_bank\[7\].u_prompt	ot_sram_1r1w_512x128_m4_r2c2	w_mask_in[50]	_02021_	0.578800	
u_cfg.g_live.g_bank\[7\].u_prompt	ot_sram_1r1w_512x128_m4_r2c2	w_mask_in[51]	_02021_	0.578800	
u_cfg.g_live.g_bank\[7\].u_prompt	ot_sram_1r1w_512x128_m4_r2c2	w_mask_in[52]	_02021_	0.578800	
u_cfg.g_live.g_bank\[7\].u_prompt	ot_sram_1r1w_512x128_m4_r2c2	w_mask_in[53]	_02021_	0.578800	
u_cfg.g_live.g_bank\[7\].u_prompt	ot_sram_1r1w_512x128_m4_r2c2	w_mask_in[54]	_02021_	0.578800	
u_cfg.g_live.g_bank\[7\].u_prompt	ot_sram_1r1w_512x128_m4_r2c2	w_mask_in[55]	_02021_	0.578800	
u_cfg.g_live.g_bank\[7\].u_prompt	ot_sram_1r1w_512x128_m4_r2c2	w_mask_in[56]	_02021_	0.578800	
u_cfg.g_live.g_bank\[7\].u_prompt	ot_sram_1r1w_512x128_m4_r2c2	w_mask_in[57]	_02021_	0.578800	
u_cfg.g_live.g_bank\[7\].u_prompt	ot_sram_1r1w_512x128_m4_r2c2	w_mask_in[58]	_02021_	0.578800	
u_cfg.g_live.g_bank\[7\].u_prompt	ot_sram_1r1w_512x128_m4_r2c2	w_mask_in[59]	_02021_	0.578800	
u_cfg.g_live.g_bank\[7\].u_prompt	ot_sram_1r1w_512x128_m4_r2c2	w_mask_in[60]	_02021_	0.578800	
u_cfg.g_live.g_bank\[7\].u_prompt	ot_sram_1r1w_512x128_m4_r2c2	w_mask_in[61]	_02021_	0.578800	
u_cfg.g_live.g_bank\[7\].u_prompt	ot_sram_1r1w_512x128_m4_r2c2	w_mask_in[62]	_02021_	0.578800	
u_cfg.g_live.g_bank\[7\].u_prompt	ot_sram_1r1w_512x128_m4_r2c2	w_mask_in[63]	_02021_	0.578800	
u_cfg.g_live.g_bank\[7\].u_prompt	ot_sram_1r1w_512x128_m4_r2c2	w_mask_in[64]	_02022_	0.578800	
u_cfg.g_live.g_bank\[7\].u_prompt	ot_sram_1r1w_512x128_m4_r2c2	w_mask_in[65]	_02022_	0.578800	
u_cfg.g_live.g_bank\[7\].u_prompt	ot_sram_1r1w_512x128_m4_r2c2	w_mask_in[66]	_02022_	0.578800	
u_cfg.g_live.g_bank\[7\].u_prompt	ot_sram_1r1w_512x128_m4_r2c2	w_mask_in[67]	_02022_	0.578800	
u_cfg.g_live.g_bank\[7\].u_prompt	ot_sram_1r1w_512x128_m4_r2c2	w_mask_in[68]	_02022_	0.578800	
u_cfg.g_live.g_bank\[7\].u_prompt	ot_sram_1r1w_512x128_m4_r2c2	w_mask_in[69]	_02022_	0.578800	
u_cfg.g_live.g_bank\[7\].u_prompt	ot_sram_1r1w_512x128_m4_r2c2	w_mask_in[70]	_02022_	0.578800	
u_cfg.g_live.g_bank\[7\].u_prompt	ot_sram_1r1w_512x128_m4_r2c2	w_mask_in[71]	_02022_	0.578800	
u_cfg.g_live.g_bank\[7\].u_prompt	ot_sram_1r1w_512x128_m4_r2c2	w_mask_in[72]	_02022_	0.578800	
u_cfg.g_live.g_bank\[7\].u_prompt	ot_sram_1r1w_512x128_m4_r2c2	w_mask_in[73]	_02022_	0.578800	
u_cfg.g_live.g_bank\[7\].u_prompt	ot_sram_1r1w_512x128_m4_r2c2	w_mask_in[74]	_02022_	0.578800	
u_cfg.g_live.g_bank\[7\].u_prompt	ot_sram_1r1w_512x128_m4_r2c2	w_mask_in[75]	_02022_	0.578800	
u_cfg.g_live.g_bank\[7\].u_prompt	ot_sram_1r1w_512x128_m4_r2c2	w_mask_in[76]	_02022_	0.578800	
u_cfg.g_live.g_bank\[7\].u_prompt	ot_sram_1r1w_512x128_m4_r2c2	w_mask_in[77]	_02022_	0.578800	
u_cfg.g_live.g_bank\[7\].u_prompt	ot_sram_1r1w_512x128_m4_r2c2	w_mask_in[78]	_02022_	0.578800	
u_cfg.g_live.g_bank\[7\].u_prompt	ot_sram_1r1w_512x128_m4_r2c2	w_mask_in[79]	_02022_	0.578800	
u_cfg.g_live.g_bank\[7\].u_prompt	ot_sram_1r1w_512x128_m4_r2c2	w_mask_in[80]	_02022_	0.578800	
u_cfg.g_live.g_bank\[7\].u_prompt	ot_sram_1r1w_512x128_m4_r2c2	w_mask_in[81]	_02022_	0.578800	
u_cfg.g_live.g_bank\[7\].u_prompt	ot_sram_1r1w_512x128_m4_r2c2	w_mask_in[82]	_02022_	0.578800	
u_cfg.g_live.g_bank\[7\].u_prompt	ot_sram_1r1w_512x128_m4_r2c2	w_mask_in[83]	_02022_	0.578800	
u_cfg.g_live.g_bank\[7\].u_prompt	ot_sram_1r1w_512x128_m4_r2c2	w_mask_in[84]	_02022_	0.578800	
u_cfg.g_live.g_bank\[7\].u_prompt	ot_sram_1r1w_512x128_m4_r2c2	w_mask_in[85]	_02022_	0.578800	
u_cfg.g_live.g_bank\[7\].u_prompt	ot_sram_1r1w_512x128_m4_r2c2	w_mask_in[86]	_02022_	0.578800	
u_cfg.g_live.g_bank\[7\].u_prompt	ot_sram_1r1w_512x128_m4_r2c2	w_mask_in[87]	_02022_	0.578800	
u_cfg.g_live.g_bank\[7\].u_prompt	ot_sram_1r1w_512x128_m4_r2c2	w_mask_in[88]	_02022_	0.578800	
u_cfg.g_live.g_bank\[7\].u_prompt	ot_sram_1r1w_512x128_m4_r2c2	w_mask_in[89]	_02022_	0.578800	
u_cfg.g_live.g_bank\[7\].u_prompt	ot_sram_1r1w_512x128_m4_r2c2	w_mask_in[90]	_02022_	0.578800	
u_cfg.g_live.g_bank\[7\].u_prompt	ot_sram_1r1w_512x128_m4_r2c2	w_mask_in[91]	_02022_	0.578800	
u_cfg.g_live.g_bank\[7\].u_prompt	ot_sram_1r1w_512x128_m4_r2c2	w_mask_in[92]	_02022_	0.578800	
u_cfg.g_live.g_bank\[7\].u_prompt	ot_sram_1r1w_512x128_m4_r2c2	w_mask_in[93]	_02022_	0.578800	
u_cfg.g_live.g_bank\[7\].u_prompt	ot_sram_1r1w_512x128_m4_r2c2	w_mask_in[94]	_02022_	0.578800	
u_cfg.g_live.g_bank\[7\].u_prompt	ot_sram_1r1w_512x128_m4_r2c2	w_mask_in[95]	_02022_	0.578800	
u_cfg.g_live.g_bank\[7\].u_prompt	ot_sram_1r1w_512x128_m4_r2c2	w_mask_in[96]	_02022_	0.578800	
u_cfg.g_live.g_bank\[7\].u_prompt	ot_sram_1r1w_512x128_m4_r2c2	w_mask_in[97]	_02022_	0.578800	
u_cfg.g_live.g_bank\[7\].u_prompt	ot_sram_1r1w_512x128_m4_r2c2	w_mask_in[98]	_02022_	0.578800	
u_cfg.g_live.g_bank\[7\].u_prompt	ot_sram_1r1w_512x128_m4_r2c2	w_mask_in[99]	_02022_	0.578800	
u_cfg.g_live.g_bank\[7\].u_prompt	ot_sram_1r1w_512x128_m4_r2c2	w_mask_in[100]	_02022_	0.578800	
u_cfg.g_live.g_bank\[7\].u_prompt	ot_sram_1r1w_512x128_m4_r2c2	w_mask_in[101]	_02022_	0.578800	
u_cfg.g_live.g_bank\[7\].u_prompt	ot_sram_1r1w_512x128_m4_r2c2	w_mask_in[102]	_02022_	0.578800	
u_cfg.g_live.g_bank\[7\].u_prompt	ot_sram_1r1w_512x128_m4_r2c2	w_mask_in[103]	_02022_	0.578800	
u_cfg.g_live.g_bank\[7\].u_prompt	ot_sram_1r1w_512x128_m4_r2c2	w_mask_in[104]	_02022_	0.578800	
u_cfg.g_live.g_bank\[7\].u_prompt	ot_sram_1r1w_512x128_m4_r2c2	w_mask_in[105]	_02022_	0.578800	
u_cfg.g_live.g_bank\[7\].u_prompt	ot_sram_1r1w_512x128_m4_r2c2	w_mask_in[106]	_02022_	0.578800	
u_cfg.g_live.g_bank\[7\].u_prompt	ot_sram_1r1w_512x128_m4_r2c2	w_mask_in[107]	_02022_	0.578800	
u_cfg.g_live.g_bank\[7\].u_prompt	ot_sram_1r1w_512x128_m4_r2c2	w_mask_in[108]	_02022_	0.578800	
u_cfg.g_live.g_bank\[7\].u_prompt	ot_sram_1r1w_512x128_m4_r2c2	w_mask_in[109]	_02022_	0.578800	
u_cfg.g_live.g_bank\[7\].u_prompt	ot_sram_1r1w_512x128_m4_r2c2	w_mask_in[110]	_02022_	0.578800	
u_cfg.g_live.g_bank\[7\].u_prompt	ot_sram_1r1w_512x128_m4_r2c2	w_mask_in[111]	_02022_	0.578800	
u_cfg.g_live.g_bank\[7\].u_prompt	ot_sram_1r1w_512x128_m4_r2c2	w_mask_in[112]	_02022_	0.578800	
u_cfg.g_live.g_bank\[7\].u_prompt	ot_sram_1r1w_512x128_m4_r2c2	w_mask_in[113]	_02022_	0.578800	
u_cfg.g_live.g_bank\[7\].u_prompt	ot_sram_1r1w_512x128_m4_r2c2	w_mask_in[114]	_02022_	0.578800	
u_cfg.g_live.g_bank\[7\].u_prompt	ot_sram_1r1w_512x128_m4_r2c2	w_mask_in[115]	_02022_	0.578800	
u_cfg.g_live.g_bank\[7\].u_prompt	ot_sram_1r1w_512x128_m4_r2c2	w_mask_in[116]	_02022_	0.578800	
u_cfg.g_live.g_bank\[7\].u_prompt	ot_sram_1r1w_512x128_m4_r2c2	w_mask_in[117]	_02022_	0.578800	
u_cfg.g_live.g_bank\[7\].u_prompt	ot_sram_1r1w_512x128_m4_r2c2	w_mask_in[118]	_02022_	0.578800	
u_cfg.g_live.g_bank\[7\].u_prompt	ot_sram_1r1w_512x128_m4_r2c2	w_mask_in[119]	_02022_	0.578800	
u_cfg.g_live.g_bank\[7\].u_prompt	ot_sram_1r1w_512x128_m4_r2c2	w_mask_in[120]	_02022_	0.578800	
u_cfg.g_live.g_bank\[7\].u_prompt	ot_sram_1r1w_512x128_m4_r2c2	w_mask_in[121]	_02022_	0.578800	
u_cfg.g_live.g_bank\[7\].u_prompt	ot_sram_1r1w_512x128_m4_r2c2	w_mask_in[122]	_02022_	0.578800	
u_cfg.g_live.g_bank\[7\].u_prompt	ot_sram_1r1w_512x128_m4_r2c2	w_mask_in[123]	_02022_	0.578800	
u_cfg.g_live.g_bank\[7\].u_prompt	ot_sram_1r1w_512x128_m4_r2c2	w_mask_in[124]	_02022_	0.578800	
u_cfg.g_live.g_bank\[7\].u_prompt	ot_sram_1r1w_512x128_m4_r2c2	w_mask_in[125]	_02022_	0.578800	
u_cfg.g_live.g_bank\[7\].u_prompt	ot_sram_1r1w_512x128_m4_r2c2	w_mask_in[126]	_02022_	0.578800	
u_cfg.g_live.g_bank\[7\].u_prompt	ot_sram_1r1w_512x128_m4_r2c2	w_mask_in[127]	_02022_	0.578800	
u_cfg.g_live.g_bank\[7\].u_prompt	ot_sram_1r1w_512x128_m4_r2c2	rr_en[0]	_10622_	0.578800	
u_cfg.g_live.g_bank\[7\].u_prompt	ot_sram_1r1w_512x128_m4_r2c2	rr_en[1]	_10622_	0.578800	
u_cfg.g_live.g_bank\[7\].u_prompt	ot_sram_1r1w_512x128_m4_r2c2	rr_addr[0]	_10622_	0.578800	
u_cfg.g_live.g_bank\[7\].u_prompt	ot_sram_1r1w_512x128_m4_r2c2	rr_addr[1]	_10622_	0.578800	
u_cfg.g_live.g_bank\[7\].u_prompt	ot_sram_1r1w_512x128_m4_r2c2	rr_addr[2]	_10622_	0.578800	
u_cfg.g_live.g_bank\[7\].u_prompt	ot_sram_1r1w_512x128_m4_r2c2	rr_addr[3]	_10622_	0.578800	
u_cfg.g_live.g_bank\[7\].u_prompt	ot_sram_1r1w_512x128_m4_r2c2	rr_addr[4]	_10622_	0.578800	
u_cfg.g_live.g_bank\[7\].u_prompt	ot_sram_1r1w_512x128_m4_r2c2	rr_addr[5]	_10622_	0.578800	
u_cfg.g_live.g_bank\[7\].u_prompt	ot_sram_1r1w_512x128_m4_r2c2	rr_addr[6]	_10622_	0.578800	
u_cfg.g_live.g_bank\[7\].u_prompt	ot_sram_1r1w_512x128_m4_r2c2	rr_addr[7]	_10622_	0.578800	
u_cfg.g_live.g_bank\[7\].u_prompt	ot_sram_1r1w_512x128_m4_r2c2	rr_addr[8]	_10622_	0.578800	
u_cfg.g_live.g_bank\[7\].u_prompt	ot_sram_1r1w_512x128_m4_r2c2	rr_addr[9]	_10622_	0.578800	
u_cfg.g_live.g_bank\[7\].u_prompt	ot_sram_1r1w_512x128_m4_r2c2	rr_addr[10]	_10622_	0.578800	
u_cfg.g_live.g_bank\[7\].u_prompt	ot_sram_1r1w_512x128_m4_r2c2	rr_addr[11]	_10622_	0.578800	
u_cfg.g_live.g_bank\[7\].u_prompt	ot_sram_1r1w_512x128_m4_r2c2	rr_addr[12]	_10622_	0.578800	
u_cfg.g_live.g_bank\[7\].u_prompt	ot_sram_1r1w_512x128_m4_r2c2	rr_addr[13]	_10622_	0.578800	
u_cfg.g_live.g_bank\[7\].u_prompt	ot_sram_1r1w_512x128_m4_r2c2	cr_en[0]	_10622_	0.578800	
u_cfg.g_live.g_bank\[7\].u_prompt	ot_sram_1r1w_512x128_m4_r2c2	cr_en[1]	_10622_	0.578800	
u_cfg.g_live.g_bank\[7\].u_prompt	ot_sram_1r1w_512x128_m4_r2c2	cr_sel[0]	_10622_	0.578800	
u_cfg.g_live.g_bank\[7\].u_prompt	ot_sram_1r1w_512x128_m4_r2c2	cr_sel[1]	_10622_	0.578800	
u_cfg.g_live.g_bank\[7\].u_prompt	ot_sram_1r1w_512x128_m4_r2c2	cr_sel[2]	_10622_	0.578800	
u_cfg.g_live.g_bank\[7\].u_prompt	ot_sram_1r1w_512x128_m4_r2c2	cr_sel[3]	_10622_	0.578800	
u_cfg.g_live.g_bank\[7\].u_prompt	ot_sram_1r1w_512x128_m4_r2c2	cr_sel[4]	_10622_	0.578800	
u_cfg.g_live.g_bank\[7\].u_prompt	ot_sram_1r1w_512x128_m4_r2c2	cr_sel[5]	_10622_	0.578800	
u_cfg.g_live.g_bank\[7\].u_prompt	ot_sram_1r1w_512x128_m4_r2c2	cr_sel[6]	_10622_	0.578800	
u_cfg.g_live.g_bank\[7\].u_prompt	ot_sram_1r1w_512x128_m4_r2c2	cr_sel[7]	_10622_	0.578800	
u_cfg.g_live.g_bank\[7\].u_prompt	ot_sram_1r1w_512x128_m4_r2c2	cr_sel[8]	_10622_	0.578800	
u_cfg.g_live.g_bank\[7\].u_prompt	ot_sram_1r1w_512x128_m4_r2c2	cr_sel[9]	_10622_	0.578800	
u_cfg.g_live.g_bank\[7\].u_prompt	ot_sram_1r1w_512x128_m4_r2c2	cr_sel[10]	_10622_	0.578800	
u_cfg.g_live.g_bank\[7\].u_prompt	ot_sram_1r1w_512x128_m4_r2c2	cr_sel[11]	_10622_	0.578800	
u_cfg.g_live.g_bank\[7\].u_prompt	ot_sram_1r1w_512x128_m4_r2c2	cr_sel[12]	_10622_	0.578800	
u_cfg.g_live.g_bank\[7\].u_prompt	ot_sram_1r1w_512x128_m4_r2c2	cr_sel[13]	_10622_	0.578800	
u_cfg.g_live.g_bank\[8\].u_prompt	ot_sram_1r1w_512x128_m4_r2c2	clk	clk	8.683800	
u_cfg.g_live.g_bank\[8\].u_prompt	ot_sram_1r1w_512x128_m4_r2c2	r_ce_in	_02037_	0.578800	
u_cfg.g_live.g_bank\[8\].u_prompt	ot_sram_1r1w_512x128_m4_r2c2	r_addr_in[0]	u_cfg.g_live.read_index\[1\]	0.578800	
u_cfg.g_live.g_bank\[8\].u_prompt	ot_sram_1r1w_512x128_m4_r2c2	r_addr_in[1]	u_cfg.g_live.read_index\[2\]	0.578800	
u_cfg.g_live.g_bank\[8\].u_prompt	ot_sram_1r1w_512x128_m4_r2c2	r_addr_in[2]	u_cfg.g_live.read_index\[3\]	0.578800	
u_cfg.g_live.g_bank\[8\].u_prompt	ot_sram_1r1w_512x128_m4_r2c2	r_addr_in[3]	u_cfg.g_live.read_index\[4\]	0.578800	
u_cfg.g_live.g_bank\[8\].u_prompt	ot_sram_1r1w_512x128_m4_r2c2	r_addr_in[4]	u_cfg.g_live.read_index\[5\]	0.578800	
u_cfg.g_live.g_bank\[8\].u_prompt	ot_sram_1r1w_512x128_m4_r2c2	r_addr_in[5]	u_cfg.g_live.read_index\[6\]	0.578800	
u_cfg.g_live.g_bank\[8\].u_prompt	ot_sram_1r1w_512x128_m4_r2c2	r_addr_in[6]	u_cfg.g_live.read_index\[7\]	0.578800	
u_cfg.g_live.g_bank\[8\].u_prompt	ot_sram_1r1w_512x128_m4_r2c2	r_addr_in[7]	u_cfg.g_live.read_index\[8\]	0.578800	
u_cfg.g_live.g_bank\[8\].u_prompt	ot_sram_1r1w_512x128_m4_r2c2	r_addr_in[8]	u_cfg.g_live.read_index\[9\]	0.578800	
u_cfg.g_live.g_bank\[8\].u_prompt	ot_sram_1r1w_512x128_m4_r2c2	rd_out[0]	u_cfg.g_live.bank_q\[640\]	0.924352	{_14561_ B 0.924352}
u_cfg.g_live.g_bank\[8\].u_prompt	ot_sram_1r1w_512x128_m4_r2c2	rd_out[1]	u_cfg.g_live.bank_q\[641\]	0.924352	{_14433_ B 0.924352}
u_cfg.g_live.g_bank\[8\].u_prompt	ot_sram_1r1w_512x128_m4_r2c2	rd_out[2]	u_cfg.g_live.bank_q\[642\]	0.874367	{_14710_ A2 0.874367}
u_cfg.g_live.g_bank\[8\].u_prompt	ot_sram_1r1w_512x128_m4_r2c2	rd_out[3]	u_cfg.g_live.bank_q\[643\]	0.874367	{_14458_ A2 0.874367}
u_cfg.g_live.g_bank\[8\].u_prompt	ot_sram_1r1w_512x128_m4_r2c2	rd_out[4]	u_cfg.g_live.bank_q\[644\]	0.489888	{_14542_ B 0.489888}
u_cfg.g_live.g_bank\[8\].u_prompt	ot_sram_1r1w_512x128_m4_r2c2	rd_out[5]	u_cfg.g_live.bank_q\[645\]	0.924352	{_14656_ B 0.924352}
u_cfg.g_live.g_bank\[8\].u_prompt	ot_sram_1r1w_512x128_m4_r2c2	rd_out[6]	u_cfg.g_live.bank_q\[646\]	0.489888	{_14615_ B 0.489888}
u_cfg.g_live.g_bank\[8\].u_prompt	ot_sram_1r1w_512x128_m4_r2c2	rd_out[7]	u_cfg.g_live.bank_q\[647\]	0.874367	{_15084_ A2 0.874367}
u_cfg.g_live.g_bank\[8\].u_prompt	ot_sram_1r1w_512x128_m4_r2c2	rd_out[8]	u_cfg.g_live.bank_q\[648\]	0.874367	{_14935_ A2 0.874367}
u_cfg.g_live.g_bank\[8\].u_prompt	ot_sram_1r1w_512x128_m4_r2c2	rd_out[9]	u_cfg.g_live.bank_q\[649\]	0.489888	{_15010_ B 0.489888}
u_cfg.g_live.g_bank\[8\].u_prompt	ot_sram_1r1w_512x128_m4_r2c2	rd_out[10]	u_cfg.g_live.bank_q\[650\]	0.874367	{_14871_ A2 0.874367}
u_cfg.g_live.g_bank\[8\].u_prompt	ot_sram_1r1w_512x128_m4_r2c2	rd_out[11]	u_cfg.g_live.bank_q\[651\]	0.489888	{_13988_ B 0.489888}
u_cfg.g_live.g_bank\[8\].u_prompt	ot_sram_1r1w_512x128_m4_r2c2	rd_out[12]	u_cfg.g_live.bank_q\[652\]	0.924352	{_13855_ B 0.924352}
u_cfg.g_live.g_bank\[8\].u_prompt	ot_sram_1r1w_512x128_m4_r2c2	rd_out[13]	u_cfg.g_live.bank_q\[653\]	0.924352	{_13810_ B 0.924352}
u_cfg.g_live.g_bank\[8\].u_prompt	ot_sram_1r1w_512x128_m4_r2c2	rd_out[14]	u_cfg.g_live.bank_q\[654\]	0.924352	{_14026_ B 0.924352}
u_cfg.g_live.g_bank\[8\].u_prompt	ot_sram_1r1w_512x128_m4_r2c2	rd_out[15]	u_cfg.g_live.bank_q\[655\]	0.489888	{_13881_ B 0.489888}
u_cfg.g_live.g_bank\[8\].u_prompt	ot_sram_1r1w_512x128_m4_r2c2	rd_out[16]	u_cfg.g_live.bank_q\[656\]	0.924352	{_12830_ B 0.924352}
u_cfg.g_live.g_bank\[8\].u_prompt	ot_sram_1r1w_512x128_m4_r2c2	rd_out[17]	u_cfg.g_live.bank_q\[657\]	0.489888	{_12752_ B 0.489888}
u_cfg.g_live.g_bank\[8\].u_prompt	ot_sram_1r1w_512x128_m4_r2c2	rd_out[18]	u_cfg.g_live.bank_q\[658\]	0.924352	{_12667_ B 0.924352}
u_cfg.g_live.g_bank\[8\].u_prompt	ot_sram_1r1w_512x128_m4_r2c2	rd_out[19]	u_cfg.g_live.bank_q\[659\]	0.874367	{_12867_ A2 0.874367}
u_cfg.g_live.g_bank\[8\].u_prompt	ot_sram_1r1w_512x128_m4_r2c2	rd_out[20]	u_cfg.g_live.bank_q\[660\]	0.924352	{_12108_ B 0.924352}
u_cfg.g_live.g_bank\[8\].u_prompt	ot_sram_1r1w_512x128_m4_r2c2	rd_out[21]	u_cfg.g_live.bank_q\[661\]	0.924352	{_12353_ B 0.924352}
u_cfg.g_live.g_bank\[8\].u_prompt	ot_sram_1r1w_512x128_m4_r2c2	rd_out[22]	u_cfg.g_live.bank_q\[662\]	0.924352	{_12364_ B 0.924352}
u_cfg.g_live.g_bank\[8\].u_prompt	ot_sram_1r1w_512x128_m4_r2c2	rd_out[23]	u_cfg.g_live.bank_q\[663\]	0.924352	{_12393_ B 0.924352}
u_cfg.g_live.g_bank\[8\].u_prompt	ot_sram_1r1w_512x128_m4_r2c2	rd_out[24]	u_cfg.g_live.bank_q\[664\]	0.924352	{_12630_ B 0.924352}
u_cfg.g_live.g_bank\[8\].u_prompt	ot_sram_1r1w_512x128_m4_r2c2	rd_out[25]	u_cfg.g_live.bank_q\[665\]	0.489888	{_12558_ B 0.489888}
u_cfg.g_live.g_bank\[8\].u_prompt	ot_sram_1r1w_512x128_m4_r2c2	rd_out[26]	u_cfg.g_live.bank_q\[666\]	0.489888	{_15667_ B 0.489888}
u_cfg.g_live.g_bank\[8\].u_prompt	ot_sram_1r1w_512x128_m4_r2c2	rd_out[27]	u_cfg.g_live.bank_q\[667\]	0.924352	{_15438_ B 0.924352}
u_cfg.g_live.g_bank\[8\].u_prompt	ot_sram_1r1w_512x128_m4_r2c2	rd_out[28]	u_cfg.g_live.bank_q\[668\]	0.489888	{_15540_ B 0.489888}
u_cfg.g_live.g_bank\[8\].u_prompt	ot_sram_1r1w_512x128_m4_r2c2	rd_out[29]	u_cfg.g_live.bank_q\[669\]	0.924352	{_15333_ B 0.924352}
u_cfg.g_live.g_bank\[8\].u_prompt	ot_sram_1r1w_512x128_m4_r2c2	rd_out[30]	u_cfg.g_live.bank_q\[670\]	0.874367	{_15595_ A2 0.874367}
u_cfg.g_live.g_bank\[8\].u_prompt	ot_sram_1r1w_512x128_m4_r2c2	rd_out[31]	u_cfg.g_live.bank_q\[671\]	0.924352	{_15686_ B 0.924352}
u_cfg.g_live.g_bank\[8\].u_prompt	ot_sram_1r1w_512x128_m4_r2c2	rd_out[32]	u_cfg.g_live.bank_q\[672\]	0.489888	{_15164_ B 0.489888}
u_cfg.g_live.g_bank\[8\].u_prompt	ot_sram_1r1w_512x128_m4_r2c2	rd_out[33]	u_cfg.g_live.bank_q\[673\]	0.924352	{_14139_ B 0.924352}
u_cfg.g_live.g_bank\[8\].u_prompt	ot_sram_1r1w_512x128_m4_r2c2	rd_out[34]	u_cfg.g_live.bank_q\[674\]	0.924352	{_14237_ B 0.924352}
u_cfg.g_live.g_bank\[8\].u_prompt	ot_sram_1r1w_512x128_m4_r2c2	rd_out[35]	u_cfg.g_live.bank_q\[675\]	0.924352	{_14133_ B 0.924352}
u_cfg.g_live.g_bank\[8\].u_prompt	ot_sram_1r1w_512x128_m4_r2c2	rd_out[36]	u_cfg.g_live.bank_q\[676\]	0.489888	{_14288_ B 0.489888}
u_cfg.g_live.g_bank\[8\].u_prompt	ot_sram_1r1w_512x128_m4_r2c2	rd_out[37]	u_cfg.g_live.bank_q\[677\]	0.874367	{_15295_ A2 0.874367}
u_cfg.g_live.g_bank\[8\].u_prompt	ot_sram_1r1w_512x128_m4_r2c2	rd_out[38]	u_cfg.g_live.bank_q\[678\]	0.924352	{_15383_ B 0.924352}
u_cfg.g_live.g_bank\[8\].u_prompt	ot_sram_1r1w_512x128_m4_r2c2	rd_out[39]	u_cfg.g_live.bank_q\[679\]	0.924352	{_15185_ B 0.924352}
u_cfg.g_live.g_bank\[8\].u_prompt	ot_sram_1r1w_512x128_m4_r2c2	rd_out[40]	u_cfg.g_live.bank_q\[680\]	0.924352	{_15268_ B 0.924352}
u_cfg.g_live.g_bank\[8\].u_prompt	ot_sram_1r1w_512x128_m4_r2c2	rd_out[41]	u_cfg.g_live.bank_q\[681\]	0.874367	{_13571_ A2 0.874367}
u_cfg.g_live.g_bank\[8\].u_prompt	ot_sram_1r1w_512x128_m4_r2c2	rd_out[42]	u_cfg.g_live.bank_q\[682\]	0.874367	{_13701_ A2 0.874367}
u_cfg.g_live.g_bank\[8\].u_prompt	ot_sram_1r1w_512x128_m4_r2c2	rd_out[43]	u_cfg.g_live.bank_q\[683\]	0.874367	{_13748_ A2 0.874367}
u_cfg.g_live.g_bank\[8\].u_prompt	ot_sram_1r1w_512x128_m4_r2c2	rd_out[44]	u_cfg.g_live.bank_q\[684\]	0.924352	{_13586_ B 0.924352}
u_cfg.g_live.g_bank\[8\].u_prompt	ot_sram_1r1w_512x128_m4_r2c2	rd_out[45]	u_cfg.g_live.bank_q\[685\]	0.489888	{_13922_ B 0.489888}
u_cfg.g_live.g_bank\[8\].u_prompt	ot_sram_1r1w_512x128_m4_r2c2	rd_out[46]	u_cfg.g_live.bank_q\[686\]	0.924352	{_13552_ B 0.924352}
u_cfg.g_live.g_bank\[8\].u_prompt	ot_sram_1r1w_512x128_m4_r2c2	rd_out[47]	u_cfg.g_live.bank_q\[687\]	0.924352	{_13645_ B 0.924352}
u_cfg.g_live.g_bank\[8\].u_prompt	ot_sram_1r1w_512x128_m4_r2c2	rd_out[48]	u_cfg.g_live.bank_q\[688\]	0.924352	{_13145_ B 0.924352}
u_cfg.g_live.g_bank\[8\].u_prompt	ot_sram_1r1w_512x128_m4_r2c2	rd_out[49]	u_cfg.g_live.bank_q\[689\]	0.489888	{_13154_ B 0.489888}
u_cfg.g_live.g_bank\[8\].u_prompt	ot_sram_1r1w_512x128_m4_r2c2	rd_out[50]	u_cfg.g_live.bank_q\[690\]	0.489888	{_13374_ B 0.489888}
u_cfg.g_live.g_bank\[8\].u_prompt	ot_sram_1r1w_512x128_m4_r2c2	rd_out[51]	u_cfg.g_live.bank_q\[691\]	0.489888	{_13431_ B 0.489888}
u_cfg.g_live.g_bank\[8\].u_prompt	ot_sram_1r1w_512x128_m4_r2c2	rd_out[52]	u_cfg.g_live.bank_q\[692\]	0.924352	{_12980_ B 0.924352}
u_cfg.g_live.g_bank\[8\].u_prompt	ot_sram_1r1w_512x128_m4_r2c2	rd_out[53]	u_cfg.g_live.bank_q\[693\]	0.489888	{_13243_ B 0.489888}
u_cfg.g_live.g_bank\[8\].u_prompt	ot_sram_1r1w_512x128_m4_r2c2	rd_out[54]	u_cfg.g_live.bank_q\[694\]	0.489888	{_13262_ B 0.489888}
u_cfg.g_live.g_bank\[8\].u_prompt	ot_sram_1r1w_512x128_m4_r2c2	rd_out[55]	u_cfg.g_live.bank_q\[695\]	0.489888	{_13318_ B 0.489888}
u_cfg.g_live.g_bank\[8\].u_prompt	ot_sram_1r1w_512x128_m4_r2c2	rd_out[56]	u_cfg.g_live.bank_q\[696\]	0.924352	{_13111_ B 0.924352}
u_cfg.g_live.g_bank\[8\].u_prompt	ot_sram_1r1w_512x128_m4_r2c2	rd_out[57]	u_cfg.g_live.bank_q\[697\]	0.874367	{_14408_ A2 0.874367}
u_cfg.g_live.g_bank\[8\].u_prompt	ot_sram_1r1w_512x128_m4_r2c2	rd_out[58]	u_cfg.g_live.bank_q\[698\]	0.924352	{_14851_ B 0.924352}
u_cfg.g_live.g_bank\[8\].u_prompt	ot_sram_1r1w_512x128_m4_r2c2	rd_out[59]	u_cfg.g_live.bank_q\[699\]	0.924352	{_15021_ B 0.924352}
u_cfg.g_live.g_bank\[8\].u_prompt	ot_sram_1r1w_512x128_m4_r2c2	rd_out[60]	u_cfg.g_live.bank_q\[700\]	0.924352	{_14119_ B 0.924352}
u_cfg.g_live.g_bank\[8\].u_prompt	ot_sram_1r1w_512x128_m4_r2c2	rd_out[61]	u_cfg.g_live.bank_q\[701\]	0.924352	{_12952_ B 0.924352}
u_cfg.g_live.g_bank\[8\].u_prompt	ot_sram_1r1w_512x128_m4_r2c2	rd_out[62]	u_cfg.g_live.bank_q\[702\]	0.924352	{_15493_ B 0.924352}
u_cfg.g_live.g_bank\[8\].u_prompt	ot_sram_1r1w_512x128_m4_r2c2	rd_out[63]	u_cfg.g_live.bank_q\[703\]	0.924352	{_14801_ B 0.924352}
u_cfg.g_live.g_bank\[8\].u_prompt	ot_sram_1r1w_512x128_m4_r2c2	rd_out[64]	u_cfg.g_live.bank_q\[704\]	0.924352	{_14568_ B 0.924352}
u_cfg.g_live.g_bank\[8\].u_prompt	ot_sram_1r1w_512x128_m4_r2c2	rd_out[65]	u_cfg.g_live.bank_q\[705\]	0.924352	{_14440_ B 0.924352}
u_cfg.g_live.g_bank\[8\].u_prompt	ot_sram_1r1w_512x128_m4_r2c2	rd_out[66]	u_cfg.g_live.bank_q\[706\]	0.874367	{_14716_ A2 0.874367}
u_cfg.g_live.g_bank\[8\].u_prompt	ot_sram_1r1w_512x128_m4_r2c2	rd_out[67]	u_cfg.g_live.bank_q\[707\]	0.874367	{_14464_ A2 0.874367}
u_cfg.g_live.g_bank\[8\].u_prompt	ot_sram_1r1w_512x128_m4_r2c2	rd_out[68]	u_cfg.g_live.bank_q\[708\]	0.924352	{_14529_ B 0.924352}
u_cfg.g_live.g_bank\[8\].u_prompt	ot_sram_1r1w_512x128_m4_r2c2	rd_out[69]	u_cfg.g_live.bank_q\[709\]	0.489888	{_14682_ B 0.489888}
u_cfg.g_live.g_bank\[8\].u_prompt	ot_sram_1r1w_512x128_m4_r2c2	rd_out[70]	u_cfg.g_live.bank_q\[710\]	0.924352	{_14608_ B 0.924352}
u_cfg.g_live.g_bank\[8\].u_prompt	ot_sram_1r1w_512x128_m4_r2c2	rd_out[71]	u_cfg.g_live.bank_q\[711\]	0.924352	{_15073_ B 0.924352}
u_cfg.g_live.g_bank\[8\].u_prompt	ot_sram_1r1w_512x128_m4_r2c2	rd_out[72]	u_cfg.g_live.bank_q\[712\]	0.924352	{_14924_ B 0.924352}
u_cfg.g_live.g_bank\[8\].u_prompt	ot_sram_1r1w_512x128_m4_r2c2	rd_out[73]	u_cfg.g_live.bank_q\[713\]	0.924352	{_14999_ B 0.924352}
u_cfg.g_live.g_bank\[8\].u_prompt	ot_sram_1r1w_512x128_m4_r2c2	rd_out[74]	u_cfg.g_live.bank_q\[714\]	0.874367	{_14877_ A2 0.874367}
u_cfg.g_live.g_bank\[8\].u_prompt	ot_sram_1r1w_512x128_m4_r2c2	rd_out[75]	u_cfg.g_live.bank_q\[715\]	0.924352	{_14010_ B 0.924352}
u_cfg.g_live.g_bank\[8\].u_prompt	ot_sram_1r1w_512x128_m4_r2c2	rd_out[76]	u_cfg.g_live.bank_q\[716\]	0.489888	{_13868_ B 0.489888}
u_cfg.g_live.g_bank\[8\].u_prompt	ot_sram_1r1w_512x128_m4_r2c2	rd_out[77]	u_cfg.g_live.bank_q\[717\]	0.489888	{_13823_ B 0.489888}
u_cfg.g_live.g_bank\[8\].u_prompt	ot_sram_1r1w_512x128_m4_r2c2	rd_out[78]	u_cfg.g_live.bank_q\[718\]	0.489888	{_14048_ B 0.489888}
u_cfg.g_live.g_bank\[8\].u_prompt	ot_sram_1r1w_512x128_m4_r2c2	rd_out[79]	u_cfg.g_live.bank_q\[719\]	0.924352	{_13900_ B 0.924352}
u_cfg.g_live.g_bank\[8\].u_prompt	ot_sram_1r1w_512x128_m4_r2c2	rd_out[80]	u_cfg.g_live.bank_q\[720\]	0.489888	{_12844_ B 0.489888}
u_cfg.g_live.g_bank\[8\].u_prompt	ot_sram_1r1w_512x128_m4_r2c2	rd_out[81]	u_cfg.g_live.bank_q\[721\]	0.924352	{_12737_ B 0.924352}
u_cfg.g_live.g_bank\[8\].u_prompt	ot_sram_1r1w_512x128_m4_r2c2	rd_out[82]	u_cfg.g_live.bank_q\[722\]	0.578766	{_12666_ A 0.578766}
u_cfg.g_live.g_bank\[8\].u_prompt	ot_sram_1r1w_512x128_m4_r2c2	rd_out[83]	u_cfg.g_live.bank_q\[723\]	0.924352	{_12854_ B 0.924352}
u_cfg.g_live.g_bank\[8\].u_prompt	ot_sram_1r1w_512x128_m4_r2c2	rd_out[84]	u_cfg.g_live.bank_q\[724\]	0.578766	{_12104_ A 0.578766}
u_cfg.g_live.g_bank\[8\].u_prompt	ot_sram_1r1w_512x128_m4_r2c2	rd_out[85]	u_cfg.g_live.bank_q\[725\]	0.578766	{_12352_ A 0.578766}
u_cfg.g_live.g_bank\[8\].u_prompt	ot_sram_1r1w_512x128_m4_r2c2	rd_out[86]	u_cfg.g_live.bank_q\[726\]	0.578766	{_12363_ A 0.578766}
u_cfg.g_live.g_bank\[8\].u_prompt	ot_sram_1r1w_512x128_m4_r2c2	rd_out[87]	u_cfg.g_live.bank_q\[727\]	0.578766	{_12391_ A 0.578766}
u_cfg.g_live.g_bank\[8\].u_prompt	ot_sram_1r1w_512x128_m4_r2c2	rd_out[88]	u_cfg.g_live.bank_q\[728\]	0.489888	{_12652_ B 0.489888}
u_cfg.g_live.g_bank\[8\].u_prompt	ot_sram_1r1w_512x128_m4_r2c2	rd_out[89]	u_cfg.g_live.bank_q\[729\]	0.924352	{_12536_ B 0.924352}
u_cfg.g_live.g_bank\[8\].u_prompt	ot_sram_1r1w_512x128_m4_r2c2	rd_out[90]	u_cfg.g_live.bank_q\[730\]	0.489888	{_15629_ B 0.489888}
u_cfg.g_live.g_bank\[8\].u_prompt	ot_sram_1r1w_512x128_m4_r2c2	rd_out[91]	u_cfg.g_live.bank_q\[731\]	0.924352	{_15445_ B 0.924352}
u_cfg.g_live.g_bank\[8\].u_prompt	ot_sram_1r1w_512x128_m4_r2c2	rd_out[92]	u_cfg.g_live.bank_q\[732\]	0.489888	{_15546_ B 0.489888}
u_cfg.g_live.g_bank\[8\].u_prompt	ot_sram_1r1w_512x128_m4_r2c2	rd_out[93]	u_cfg.g_live.bank_q\[733\]	0.924352	{_15340_ B 0.924352}
u_cfg.g_live.g_bank\[8\].u_prompt	ot_sram_1r1w_512x128_m4_r2c2	rd_out[94]	u_cfg.g_live.bank_q\[734\]	0.924352	{_15588_ B 0.924352}
u_cfg.g_live.g_bank\[8\].u_prompt	ot_sram_1r1w_512x128_m4_r2c2	rd_out[95]	u_cfg.g_live.bank_q\[735\]	0.924352	{_15693_ B 0.924352}
u_cfg.g_live.g_bank\[8\].u_prompt	ot_sram_1r1w_512x128_m4_r2c2	rd_out[96]	u_cfg.g_live.bank_q\[736\]	0.489888	{_15171_ B 0.489888}
u_cfg.g_live.g_bank\[8\].u_prompt	ot_sram_1r1w_512x128_m4_r2c2	rd_out[97]	u_cfg.g_live.bank_q\[737\]	0.578766	{_14138_ A 0.578766}
u_cfg.g_live.g_bank\[8\].u_prompt	ot_sram_1r1w_512x128_m4_r2c2	rd_out[98]	u_cfg.g_live.bank_q\[738\]	0.578766	{_14236_ A 0.578766}
u_cfg.g_live.g_bank\[8\].u_prompt	ot_sram_1r1w_512x128_m4_r2c2	rd_out[99]	u_cfg.g_live.bank_q\[739\]	0.578766	{_14132_ A 0.578766}
u_cfg.g_live.g_bank\[8\].u_prompt	ot_sram_1r1w_512x128_m4_r2c2	rd_out[100]	u_cfg.g_live.bank_q\[740\]	0.489888	{_14294_ B 0.489888}
u_cfg.g_live.g_bank\[8\].u_prompt	ot_sram_1r1w_512x128_m4_r2c2	rd_out[101]	u_cfg.g_live.bank_q\[741\]	0.924352	{_15284_ B 0.924352}
u_cfg.g_live.g_bank\[8\].u_prompt	ot_sram_1r1w_512x128_m4_r2c2	rd_out[102]	u_cfg.g_live.bank_q\[742\]	0.578766	{_15382_ A 0.578766}
u_cfg.g_live.g_bank\[8\].u_prompt	ot_sram_1r1w_512x128_m4_r2c2	rd_out[103]	u_cfg.g_live.bank_q\[743\]	0.578766	{_15184_ A 0.578766}
u_cfg.g_live.g_bank\[8\].u_prompt	ot_sram_1r1w_512x128_m4_r2c2	rd_out[104]	u_cfg.g_live.bank_q\[744\]	0.489888	{_15248_ B 0.489888}
u_cfg.g_live.g_bank\[8\].u_prompt	ot_sram_1r1w_512x128_m4_r2c2	rd_out[105]	u_cfg.g_live.bank_q\[745\]	0.874367	{_13565_ A2 0.874367}
u_cfg.g_live.g_bank\[8\].u_prompt	ot_sram_1r1w_512x128_m4_r2c2	rd_out[106]	u_cfg.g_live.bank_q\[746\]	0.924352	{_13693_ B 0.924352}
u_cfg.g_live.g_bank\[8\].u_prompt	ot_sram_1r1w_512x128_m4_r2c2	rd_out[107]	u_cfg.g_live.bank_q\[747\]	0.924352	{_13739_ B 0.924352}
u_cfg.g_live.g_bank\[8\].u_prompt	ot_sram_1r1w_512x128_m4_r2c2	rd_out[108]	u_cfg.g_live.bank_q\[748\]	0.924352	{_13593_ B 0.924352}
u_cfg.g_live.g_bank\[8\].u_prompt	ot_sram_1r1w_512x128_m4_r2c2	rd_out[109]	u_cfg.g_live.bank_q\[749\]	0.489888	{_13929_ B 0.489888}
u_cfg.g_live.g_bank\[8\].u_prompt	ot_sram_1r1w_512x128_m4_r2c2	rd_out[110]	u_cfg.g_live.bank_q\[750\]	0.924352	{_13544_ B 0.924352}
u_cfg.g_live.g_bank\[8\].u_prompt	ot_sram_1r1w_512x128_m4_r2c2	rd_out[111]	u_cfg.g_live.bank_q\[751\]	0.924352	{_13652_ B 0.924352}
u_cfg.g_live.g_bank\[8\].u_prompt	ot_sram_1r1w_512x128_m4_r2c2	rd_out[112]	u_cfg.g_live.bank_q\[752\]	0.924352	{_13135_ B 0.924352}
u_cfg.g_live.g_bank\[8\].u_prompt	ot_sram_1r1w_512x128_m4_r2c2	rd_out[113]	u_cfg.g_live.bank_q\[753\]	0.489888	{_13160_ B 0.489888}
u_cfg.g_live.g_bank\[8\].u_prompt	ot_sram_1r1w_512x128_m4_r2c2	rd_out[114]	u_cfg.g_live.bank_q\[754\]	0.924352	{_13367_ B 0.924352}
u_cfg.g_live.g_bank\[8\].u_prompt	ot_sram_1r1w_512x128_m4_r2c2	rd_out[115]	u_cfg.g_live.bank_q\[755\]	0.924352	{_13424_ B 0.924352}
u_cfg.g_live.g_bank\[8\].u_prompt	ot_sram_1r1w_512x128_m4_r2c2	rd_out[116]	u_cfg.g_live.bank_q\[756\]	0.924352	{_12987_ B 0.924352}
u_cfg.g_live.g_bank\[8\].u_prompt	ot_sram_1r1w_512x128_m4_r2c2	rd_out[117]	u_cfg.g_live.bank_q\[757\]	0.924352	{_13233_ B 0.924352}
u_cfg.g_live.g_bank\[8\].u_prompt	ot_sram_1r1w_512x128_m4_r2c2	rd_out[118]	u_cfg.g_live.bank_q\[758\]	0.924352	{_13285_ B 0.924352}
u_cfg.g_live.g_bank\[8\].u_prompt	ot_sram_1r1w_512x128_m4_r2c2	rd_out[119]	u_cfg.g_live.bank_q\[759\]	0.924352	{_13337_ B 0.924352}
u_cfg.g_live.g_bank\[8\].u_prompt	ot_sram_1r1w_512x128_m4_r2c2	rd_out[120]	u_cfg.g_live.bank_q\[760\]	0.924352	{_13119_ B 0.924352}
u_cfg.g_live.g_bank\[8\].u_prompt	ot_sram_1r1w_512x128_m4_r2c2	rd_out[121]	u_cfg.g_live.bank_q\[761\]	0.874367	{_14414_ A2 0.874367}
u_cfg.g_live.g_bank\[8\].u_prompt	ot_sram_1r1w_512x128_m4_r2c2	rd_out[122]	u_cfg.g_live.bank_q\[762\]	0.924352	{_14858_ B 0.924352}
u_cfg.g_live.g_bank\[8\].u_prompt	ot_sram_1r1w_512x128_m4_r2c2	rd_out[123]	u_cfg.g_live.bank_q\[763\]	0.578766	{_15020_ A 0.578766}
u_cfg.g_live.g_bank\[8\].u_prompt	ot_sram_1r1w_512x128_m4_r2c2	rd_out[124]	u_cfg.g_live.bank_q\[764\]	0.924352	{_14115_ B 0.924352}
u_cfg.g_live.g_bank\[8\].u_prompt	ot_sram_1r1w_512x128_m4_r2c2	rd_out[125]	u_cfg.g_live.bank_q\[765\]	0.578766	{_12951_ A 0.578766}
u_cfg.g_live.g_bank\[8\].u_prompt	ot_sram_1r1w_512x128_m4_r2c2	rd_out[126]	u_cfg.g_live.bank_q\[766\]	0.924352	{_15487_ B 0.924352}
u_cfg.g_live.g_bank\[8\].u_prompt	ot_sram_1r1w_512x128_m4_r2c2	rd_out[127]	u_cfg.g_live.bank_q\[767\]	0.924352	{_14794_ B 0.924352}
u_cfg.g_live.g_bank\[8\].u_prompt	ot_sram_1r1w_512x128_m4_r2c2	w_ce_in	_02038_	0.578800	
u_cfg.g_live.g_bank\[8\].u_prompt	ot_sram_1r1w_512x128_m4_r2c2	w_addr_in[0]	_01885_	0.578800	
u_cfg.g_live.g_bank\[8\].u_prompt	ot_sram_1r1w_512x128_m4_r2c2	w_addr_in[1]	_01886_	0.578800	
u_cfg.g_live.g_bank\[8\].u_prompt	ot_sram_1r1w_512x128_m4_r2c2	w_addr_in[2]	_01887_	0.578800	
u_cfg.g_live.g_bank\[8\].u_prompt	ot_sram_1r1w_512x128_m4_r2c2	w_addr_in[3]	_01888_	0.578800	
u_cfg.g_live.g_bank\[8\].u_prompt	ot_sram_1r1w_512x128_m4_r2c2	w_addr_in[4]	_01889_	0.578800	
u_cfg.g_live.g_bank\[8\].u_prompt	ot_sram_1r1w_512x128_m4_r2c2	w_addr_in[5]	_01890_	0.578800	
u_cfg.g_live.g_bank\[8\].u_prompt	ot_sram_1r1w_512x128_m4_r2c2	w_addr_in[6]	_01891_	0.578800	
u_cfg.g_live.g_bank\[8\].u_prompt	ot_sram_1r1w_512x128_m4_r2c2	w_addr_in[7]	_01892_	0.578800	
u_cfg.g_live.g_bank\[8\].u_prompt	ot_sram_1r1w_512x128_m4_r2c2	w_addr_in[8]	_01893_	0.578800	
u_cfg.g_live.g_bank\[8\].u_prompt	ot_sram_1r1w_512x128_m4_r2c2	wd_in[0]	_01894_	0.578800	
u_cfg.g_live.g_bank\[8\].u_prompt	ot_sram_1r1w_512x128_m4_r2c2	wd_in[1]	_01933_	0.578800	
u_cfg.g_live.g_bank\[8\].u_prompt	ot_sram_1r1w_512x128_m4_r2c2	wd_in[2]	_01943_	0.578800	
u_cfg.g_live.g_bank\[8\].u_prompt	ot_sram_1r1w_512x128_m4_r2c2	wd_in[3]	_01954_	0.578800	
u_cfg.g_live.g_bank\[8\].u_prompt	ot_sram_1r1w_512x128_m4_r2c2	wd_in[4]	_01965_	0.578800	
u_cfg.g_live.g_bank\[8\].u_prompt	ot_sram_1r1w_512x128_m4_r2c2	wd_in[5]	_01976_	0.578800	
u_cfg.g_live.g_bank\[8\].u_prompt	ot_sram_1r1w_512x128_m4_r2c2	wd_in[6]	_01987_	0.578800	
u_cfg.g_live.g_bank\[8\].u_prompt	ot_sram_1r1w_512x128_m4_r2c2	wd_in[7]	_01998_	0.578800	
u_cfg.g_live.g_bank\[8\].u_prompt	ot_sram_1r1w_512x128_m4_r2c2	wd_in[8]	_02009_	0.578800	
u_cfg.g_live.g_bank\[8\].u_prompt	ot_sram_1r1w_512x128_m4_r2c2	wd_in[9]	_02020_	0.578800	
u_cfg.g_live.g_bank\[8\].u_prompt	ot_sram_1r1w_512x128_m4_r2c2	wd_in[10]	_01905_	0.578800	
u_cfg.g_live.g_bank\[8\].u_prompt	ot_sram_1r1w_512x128_m4_r2c2	wd_in[11]	_01916_	0.578800	
u_cfg.g_live.g_bank\[8\].u_prompt	ot_sram_1r1w_512x128_m4_r2c2	wd_in[12]	_01925_	0.578800	
u_cfg.g_live.g_bank\[8\].u_prompt	ot_sram_1r1w_512x128_m4_r2c2	wd_in[13]	_01926_	0.578800	
u_cfg.g_live.g_bank\[8\].u_prompt	ot_sram_1r1w_512x128_m4_r2c2	wd_in[14]	_01927_	0.578800	
u_cfg.g_live.g_bank\[8\].u_prompt	ot_sram_1r1w_512x128_m4_r2c2	wd_in[15]	_01928_	0.578800	
u_cfg.g_live.g_bank\[8\].u_prompt	ot_sram_1r1w_512x128_m4_r2c2	wd_in[16]	_01929_	0.578800	
u_cfg.g_live.g_bank\[8\].u_prompt	ot_sram_1r1w_512x128_m4_r2c2	wd_in[17]	_01930_	0.578800	
u_cfg.g_live.g_bank\[8\].u_prompt	ot_sram_1r1w_512x128_m4_r2c2	wd_in[18]	_01931_	0.578800	
u_cfg.g_live.g_bank\[8\].u_prompt	ot_sram_1r1w_512x128_m4_r2c2	wd_in[19]	_01932_	0.578800	
u_cfg.g_live.g_bank\[8\].u_prompt	ot_sram_1r1w_512x128_m4_r2c2	wd_in[20]	_01934_	0.578800	
u_cfg.g_live.g_bank\[8\].u_prompt	ot_sram_1r1w_512x128_m4_r2c2	wd_in[21]	_01935_	0.578800	
u_cfg.g_live.g_bank\[8\].u_prompt	ot_sram_1r1w_512x128_m4_r2c2	wd_in[22]	_01936_	0.578800	
u_cfg.g_live.g_bank\[8\].u_prompt	ot_sram_1r1w_512x128_m4_r2c2	wd_in[23]	_01937_	0.578800	
u_cfg.g_live.g_bank\[8\].u_prompt	ot_sram_1r1w_512x128_m4_r2c2	wd_in[24]	_01938_	0.578800	
u_cfg.g_live.g_bank\[8\].u_prompt	ot_sram_1r1w_512x128_m4_r2c2	wd_in[25]	_01939_	0.578800	
u_cfg.g_live.g_bank\[8\].u_prompt	ot_sram_1r1w_512x128_m4_r2c2	wd_in[26]	_10622_	0.578800	
u_cfg.g_live.g_bank\[8\].u_prompt	ot_sram_1r1w_512x128_m4_r2c2	wd_in[27]	_01940_	0.578800	
u_cfg.g_live.g_bank\[8\].u_prompt	ot_sram_1r1w_512x128_m4_r2c2	wd_in[28]	_01941_	0.578800	
u_cfg.g_live.g_bank\[8\].u_prompt	ot_sram_1r1w_512x128_m4_r2c2	wd_in[29]	_01942_	0.578800	
u_cfg.g_live.g_bank\[8\].u_prompt	ot_sram_1r1w_512x128_m4_r2c2	wd_in[30]	_01944_	0.578800	
u_cfg.g_live.g_bank\[8\].u_prompt	ot_sram_1r1w_512x128_m4_r2c2	wd_in[31]	_01945_	0.578800	
u_cfg.g_live.g_bank\[8\].u_prompt	ot_sram_1r1w_512x128_m4_r2c2	wd_in[32]	_01946_	0.578800	
u_cfg.g_live.g_bank\[8\].u_prompt	ot_sram_1r1w_512x128_m4_r2c2	wd_in[33]	_01947_	0.578800	
u_cfg.g_live.g_bank\[8\].u_prompt	ot_sram_1r1w_512x128_m4_r2c2	wd_in[34]	_01948_	0.578800	
u_cfg.g_live.g_bank\[8\].u_prompt	ot_sram_1r1w_512x128_m4_r2c2	wd_in[35]	_01949_	0.578800	
u_cfg.g_live.g_bank\[8\].u_prompt	ot_sram_1r1w_512x128_m4_r2c2	wd_in[36]	_01950_	0.578800	
u_cfg.g_live.g_bank\[8\].u_prompt	ot_sram_1r1w_512x128_m4_r2c2	wd_in[37]	_01951_	0.578800	
u_cfg.g_live.g_bank\[8\].u_prompt	ot_sram_1r1w_512x128_m4_r2c2	wd_in[38]	_01952_	0.578800	
u_cfg.g_live.g_bank\[8\].u_prompt	ot_sram_1r1w_512x128_m4_r2c2	wd_in[39]	_01953_	0.578800	
u_cfg.g_live.g_bank\[8\].u_prompt	ot_sram_1r1w_512x128_m4_r2c2	wd_in[40]	_01955_	0.578800	
u_cfg.g_live.g_bank\[8\].u_prompt	ot_sram_1r1w_512x128_m4_r2c2	wd_in[41]	_01956_	0.578800	
u_cfg.g_live.g_bank\[8\].u_prompt	ot_sram_1r1w_512x128_m4_r2c2	wd_in[42]	_01957_	0.578800	
u_cfg.g_live.g_bank\[8\].u_prompt	ot_sram_1r1w_512x128_m4_r2c2	wd_in[43]	_01958_	0.578800	
u_cfg.g_live.g_bank\[8\].u_prompt	ot_sram_1r1w_512x128_m4_r2c2	wd_in[44]	_01959_	0.578800	
u_cfg.g_live.g_bank\[8\].u_prompt	ot_sram_1r1w_512x128_m4_r2c2	wd_in[45]	_01960_	0.578800	
u_cfg.g_live.g_bank\[8\].u_prompt	ot_sram_1r1w_512x128_m4_r2c2	wd_in[46]	_01961_	0.578800	
u_cfg.g_live.g_bank\[8\].u_prompt	ot_sram_1r1w_512x128_m4_r2c2	wd_in[47]	_01962_	0.578800	
u_cfg.g_live.g_bank\[8\].u_prompt	ot_sram_1r1w_512x128_m4_r2c2	wd_in[48]	_01963_	0.578800	
u_cfg.g_live.g_bank\[8\].u_prompt	ot_sram_1r1w_512x128_m4_r2c2	wd_in[49]	_01964_	0.578800	
u_cfg.g_live.g_bank\[8\].u_prompt	ot_sram_1r1w_512x128_m4_r2c2	wd_in[50]	_01966_	0.578800	
u_cfg.g_live.g_bank\[8\].u_prompt	ot_sram_1r1w_512x128_m4_r2c2	wd_in[51]	_01967_	0.578800	
u_cfg.g_live.g_bank\[8\].u_prompt	ot_sram_1r1w_512x128_m4_r2c2	wd_in[52]	_01968_	0.578800	
u_cfg.g_live.g_bank\[8\].u_prompt	ot_sram_1r1w_512x128_m4_r2c2	wd_in[53]	_01969_	0.578800	
u_cfg.g_live.g_bank\[8\].u_prompt	ot_sram_1r1w_512x128_m4_r2c2	wd_in[54]	_01970_	0.578800	
u_cfg.g_live.g_bank\[8\].u_prompt	ot_sram_1r1w_512x128_m4_r2c2	wd_in[55]	_01971_	0.578800	
u_cfg.g_live.g_bank\[8\].u_prompt	ot_sram_1r1w_512x128_m4_r2c2	wd_in[56]	_01972_	0.578800	
u_cfg.g_live.g_bank\[8\].u_prompt	ot_sram_1r1w_512x128_m4_r2c2	wd_in[57]	_01973_	0.578800	
u_cfg.g_live.g_bank\[8\].u_prompt	ot_sram_1r1w_512x128_m4_r2c2	wd_in[58]	_01974_	0.578800	
u_cfg.g_live.g_bank\[8\].u_prompt	ot_sram_1r1w_512x128_m4_r2c2	wd_in[59]	_01975_	0.578800	
u_cfg.g_live.g_bank\[8\].u_prompt	ot_sram_1r1w_512x128_m4_r2c2	wd_in[60]	_01977_	0.578800	
u_cfg.g_live.g_bank\[8\].u_prompt	ot_sram_1r1w_512x128_m4_r2c2	wd_in[61]	_01978_	0.578800	
u_cfg.g_live.g_bank\[8\].u_prompt	ot_sram_1r1w_512x128_m4_r2c2	wd_in[62]	_01979_	0.578800	
u_cfg.g_live.g_bank\[8\].u_prompt	ot_sram_1r1w_512x128_m4_r2c2	wd_in[63]	_01980_	0.578800	
u_cfg.g_live.g_bank\[8\].u_prompt	ot_sram_1r1w_512x128_m4_r2c2	wd_in[64]	_01981_	0.578800	
u_cfg.g_live.g_bank\[8\].u_prompt	ot_sram_1r1w_512x128_m4_r2c2	wd_in[65]	_01982_	0.578800	
u_cfg.g_live.g_bank\[8\].u_prompt	ot_sram_1r1w_512x128_m4_r2c2	wd_in[66]	_01983_	0.578800	
u_cfg.g_live.g_bank\[8\].u_prompt	ot_sram_1r1w_512x128_m4_r2c2	wd_in[67]	_01984_	0.578800	
u_cfg.g_live.g_bank\[8\].u_prompt	ot_sram_1r1w_512x128_m4_r2c2	wd_in[68]	_01985_	0.578800	
u_cfg.g_live.g_bank\[8\].u_prompt	ot_sram_1r1w_512x128_m4_r2c2	wd_in[69]	_01986_	0.578800	
u_cfg.g_live.g_bank\[8\].u_prompt	ot_sram_1r1w_512x128_m4_r2c2	wd_in[70]	_01988_	0.578800	
u_cfg.g_live.g_bank\[8\].u_prompt	ot_sram_1r1w_512x128_m4_r2c2	wd_in[71]	_01989_	0.578800	
u_cfg.g_live.g_bank\[8\].u_prompt	ot_sram_1r1w_512x128_m4_r2c2	wd_in[72]	_01990_	0.578800	
u_cfg.g_live.g_bank\[8\].u_prompt	ot_sram_1r1w_512x128_m4_r2c2	wd_in[73]	_01991_	0.578800	
u_cfg.g_live.g_bank\[8\].u_prompt	ot_sram_1r1w_512x128_m4_r2c2	wd_in[74]	_01992_	0.578800	
u_cfg.g_live.g_bank\[8\].u_prompt	ot_sram_1r1w_512x128_m4_r2c2	wd_in[75]	_01993_	0.578800	
u_cfg.g_live.g_bank\[8\].u_prompt	ot_sram_1r1w_512x128_m4_r2c2	wd_in[76]	_01994_	0.578800	
u_cfg.g_live.g_bank\[8\].u_prompt	ot_sram_1r1w_512x128_m4_r2c2	wd_in[77]	_01995_	0.578800	
u_cfg.g_live.g_bank\[8\].u_prompt	ot_sram_1r1w_512x128_m4_r2c2	wd_in[78]	_01996_	0.578800	
u_cfg.g_live.g_bank\[8\].u_prompt	ot_sram_1r1w_512x128_m4_r2c2	wd_in[79]	_01997_	0.578800	
u_cfg.g_live.g_bank\[8\].u_prompt	ot_sram_1r1w_512x128_m4_r2c2	wd_in[80]	_01999_	0.578800	
u_cfg.g_live.g_bank\[8\].u_prompt	ot_sram_1r1w_512x128_m4_r2c2	wd_in[81]	_02000_	0.578800	
u_cfg.g_live.g_bank\[8\].u_prompt	ot_sram_1r1w_512x128_m4_r2c2	wd_in[82]	_02001_	0.578800	
u_cfg.g_live.g_bank\[8\].u_prompt	ot_sram_1r1w_512x128_m4_r2c2	wd_in[83]	_02002_	0.578800	
u_cfg.g_live.g_bank\[8\].u_prompt	ot_sram_1r1w_512x128_m4_r2c2	wd_in[84]	_02003_	0.578800	
u_cfg.g_live.g_bank\[8\].u_prompt	ot_sram_1r1w_512x128_m4_r2c2	wd_in[85]	_02004_	0.578800	
u_cfg.g_live.g_bank\[8\].u_prompt	ot_sram_1r1w_512x128_m4_r2c2	wd_in[86]	_02005_	0.578800	
u_cfg.g_live.g_bank\[8\].u_prompt	ot_sram_1r1w_512x128_m4_r2c2	wd_in[87]	_02006_	0.578800	
u_cfg.g_live.g_bank\[8\].u_prompt	ot_sram_1r1w_512x128_m4_r2c2	wd_in[88]	_02007_	0.578800	
u_cfg.g_live.g_bank\[8\].u_prompt	ot_sram_1r1w_512x128_m4_r2c2	wd_in[89]	_02008_	0.578800	
u_cfg.g_live.g_bank\[8\].u_prompt	ot_sram_1r1w_512x128_m4_r2c2	wd_in[90]	_02010_	0.578800	
u_cfg.g_live.g_bank\[8\].u_prompt	ot_sram_1r1w_512x128_m4_r2c2	wd_in[91]	_02011_	0.578800	
u_cfg.g_live.g_bank\[8\].u_prompt	ot_sram_1r1w_512x128_m4_r2c2	wd_in[92]	_02012_	0.578800	
u_cfg.g_live.g_bank\[8\].u_prompt	ot_sram_1r1w_512x128_m4_r2c2	wd_in[93]	_02013_	0.578800	
u_cfg.g_live.g_bank\[8\].u_prompt	ot_sram_1r1w_512x128_m4_r2c2	wd_in[94]	_02014_	0.578800	
u_cfg.g_live.g_bank\[8\].u_prompt	ot_sram_1r1w_512x128_m4_r2c2	wd_in[95]	_02015_	0.578800	
u_cfg.g_live.g_bank\[8\].u_prompt	ot_sram_1r1w_512x128_m4_r2c2	wd_in[96]	_02016_	0.578800	
u_cfg.g_live.g_bank\[8\].u_prompt	ot_sram_1r1w_512x128_m4_r2c2	wd_in[97]	_02017_	0.578800	
u_cfg.g_live.g_bank\[8\].u_prompt	ot_sram_1r1w_512x128_m4_r2c2	wd_in[98]	_02018_	0.578800	
u_cfg.g_live.g_bank\[8\].u_prompt	ot_sram_1r1w_512x128_m4_r2c2	wd_in[99]	_02019_	0.578800	
u_cfg.g_live.g_bank\[8\].u_prompt	ot_sram_1r1w_512x128_m4_r2c2	wd_in[100]	_01895_	0.578800	
u_cfg.g_live.g_bank\[8\].u_prompt	ot_sram_1r1w_512x128_m4_r2c2	wd_in[101]	_01896_	0.578800	
u_cfg.g_live.g_bank\[8\].u_prompt	ot_sram_1r1w_512x128_m4_r2c2	wd_in[102]	_01897_	0.578800	
u_cfg.g_live.g_bank\[8\].u_prompt	ot_sram_1r1w_512x128_m4_r2c2	wd_in[103]	_01898_	0.578800	
u_cfg.g_live.g_bank\[8\].u_prompt	ot_sram_1r1w_512x128_m4_r2c2	wd_in[104]	_01899_	0.578800	
u_cfg.g_live.g_bank\[8\].u_prompt	ot_sram_1r1w_512x128_m4_r2c2	wd_in[105]	_01900_	0.578800	
u_cfg.g_live.g_bank\[8\].u_prompt	ot_sram_1r1w_512x128_m4_r2c2	wd_in[106]	_01901_	0.578800	
u_cfg.g_live.g_bank\[8\].u_prompt	ot_sram_1r1w_512x128_m4_r2c2	wd_in[107]	_01902_	0.578800	
u_cfg.g_live.g_bank\[8\].u_prompt	ot_sram_1r1w_512x128_m4_r2c2	wd_in[108]	_01903_	0.578800	
u_cfg.g_live.g_bank\[8\].u_prompt	ot_sram_1r1w_512x128_m4_r2c2	wd_in[109]	_01904_	0.578800	
u_cfg.g_live.g_bank\[8\].u_prompt	ot_sram_1r1w_512x128_m4_r2c2	wd_in[110]	_01906_	0.578800	
u_cfg.g_live.g_bank\[8\].u_prompt	ot_sram_1r1w_512x128_m4_r2c2	wd_in[111]	_01907_	0.578800	
u_cfg.g_live.g_bank\[8\].u_prompt	ot_sram_1r1w_512x128_m4_r2c2	wd_in[112]	_01908_	0.578800	
u_cfg.g_live.g_bank\[8\].u_prompt	ot_sram_1r1w_512x128_m4_r2c2	wd_in[113]	_01909_	0.578800	
u_cfg.g_live.g_bank\[8\].u_prompt	ot_sram_1r1w_512x128_m4_r2c2	wd_in[114]	_01910_	0.578800	
u_cfg.g_live.g_bank\[8\].u_prompt	ot_sram_1r1w_512x128_m4_r2c2	wd_in[115]	_01911_	0.578800	
u_cfg.g_live.g_bank\[8\].u_prompt	ot_sram_1r1w_512x128_m4_r2c2	wd_in[116]	_01912_	0.578800	
u_cfg.g_live.g_bank\[8\].u_prompt	ot_sram_1r1w_512x128_m4_r2c2	wd_in[117]	_01913_	0.578800	
u_cfg.g_live.g_bank\[8\].u_prompt	ot_sram_1r1w_512x128_m4_r2c2	wd_in[118]	_01914_	0.578800	
u_cfg.g_live.g_bank\[8\].u_prompt	ot_sram_1r1w_512x128_m4_r2c2	wd_in[119]	_01915_	0.578800	
u_cfg.g_live.g_bank\[8\].u_prompt	ot_sram_1r1w_512x128_m4_r2c2	wd_in[120]	_01917_	0.578800	
u_cfg.g_live.g_bank\[8\].u_prompt	ot_sram_1r1w_512x128_m4_r2c2	wd_in[121]	_01918_	0.578800	
u_cfg.g_live.g_bank\[8\].u_prompt	ot_sram_1r1w_512x128_m4_r2c2	wd_in[122]	_01919_	0.578800	
u_cfg.g_live.g_bank\[8\].u_prompt	ot_sram_1r1w_512x128_m4_r2c2	wd_in[123]	_01920_	0.578800	
u_cfg.g_live.g_bank\[8\].u_prompt	ot_sram_1r1w_512x128_m4_r2c2	wd_in[124]	_01921_	0.578800	
u_cfg.g_live.g_bank\[8\].u_prompt	ot_sram_1r1w_512x128_m4_r2c2	wd_in[125]	_01922_	0.578800	
u_cfg.g_live.g_bank\[8\].u_prompt	ot_sram_1r1w_512x128_m4_r2c2	wd_in[126]	_01923_	0.578800	
u_cfg.g_live.g_bank\[8\].u_prompt	ot_sram_1r1w_512x128_m4_r2c2	wd_in[127]	_01924_	0.578800	
u_cfg.g_live.g_bank\[8\].u_prompt	ot_sram_1r1w_512x128_m4_r2c2	w_mask_in[0]	_02021_	0.578800	
u_cfg.g_live.g_bank\[8\].u_prompt	ot_sram_1r1w_512x128_m4_r2c2	w_mask_in[1]	_02021_	0.578800	
u_cfg.g_live.g_bank\[8\].u_prompt	ot_sram_1r1w_512x128_m4_r2c2	w_mask_in[2]	_02021_	0.578800	
u_cfg.g_live.g_bank\[8\].u_prompt	ot_sram_1r1w_512x128_m4_r2c2	w_mask_in[3]	_02021_	0.578800	
u_cfg.g_live.g_bank\[8\].u_prompt	ot_sram_1r1w_512x128_m4_r2c2	w_mask_in[4]	_02021_	0.578800	
u_cfg.g_live.g_bank\[8\].u_prompt	ot_sram_1r1w_512x128_m4_r2c2	w_mask_in[5]	_02021_	0.578800	
u_cfg.g_live.g_bank\[8\].u_prompt	ot_sram_1r1w_512x128_m4_r2c2	w_mask_in[6]	_02021_	0.578800	
u_cfg.g_live.g_bank\[8\].u_prompt	ot_sram_1r1w_512x128_m4_r2c2	w_mask_in[7]	_02021_	0.578800	
u_cfg.g_live.g_bank\[8\].u_prompt	ot_sram_1r1w_512x128_m4_r2c2	w_mask_in[8]	_02021_	0.578800	
u_cfg.g_live.g_bank\[8\].u_prompt	ot_sram_1r1w_512x128_m4_r2c2	w_mask_in[9]	_02021_	0.578800	
u_cfg.g_live.g_bank\[8\].u_prompt	ot_sram_1r1w_512x128_m4_r2c2	w_mask_in[10]	_02021_	0.578800	
u_cfg.g_live.g_bank\[8\].u_prompt	ot_sram_1r1w_512x128_m4_r2c2	w_mask_in[11]	_02021_	0.578800	
u_cfg.g_live.g_bank\[8\].u_prompt	ot_sram_1r1w_512x128_m4_r2c2	w_mask_in[12]	_02021_	0.578800	
u_cfg.g_live.g_bank\[8\].u_prompt	ot_sram_1r1w_512x128_m4_r2c2	w_mask_in[13]	_02021_	0.578800	
u_cfg.g_live.g_bank\[8\].u_prompt	ot_sram_1r1w_512x128_m4_r2c2	w_mask_in[14]	_02021_	0.578800	
u_cfg.g_live.g_bank\[8\].u_prompt	ot_sram_1r1w_512x128_m4_r2c2	w_mask_in[15]	_02021_	0.578800	
u_cfg.g_live.g_bank\[8\].u_prompt	ot_sram_1r1w_512x128_m4_r2c2	w_mask_in[16]	_02021_	0.578800	
u_cfg.g_live.g_bank\[8\].u_prompt	ot_sram_1r1w_512x128_m4_r2c2	w_mask_in[17]	_02021_	0.578800	
u_cfg.g_live.g_bank\[8\].u_prompt	ot_sram_1r1w_512x128_m4_r2c2	w_mask_in[18]	_02021_	0.578800	
u_cfg.g_live.g_bank\[8\].u_prompt	ot_sram_1r1w_512x128_m4_r2c2	w_mask_in[19]	_02021_	0.578800	
u_cfg.g_live.g_bank\[8\].u_prompt	ot_sram_1r1w_512x128_m4_r2c2	w_mask_in[20]	_02021_	0.578800	
u_cfg.g_live.g_bank\[8\].u_prompt	ot_sram_1r1w_512x128_m4_r2c2	w_mask_in[21]	_02021_	0.578800	
u_cfg.g_live.g_bank\[8\].u_prompt	ot_sram_1r1w_512x128_m4_r2c2	w_mask_in[22]	_02021_	0.578800	
u_cfg.g_live.g_bank\[8\].u_prompt	ot_sram_1r1w_512x128_m4_r2c2	w_mask_in[23]	_02021_	0.578800	
u_cfg.g_live.g_bank\[8\].u_prompt	ot_sram_1r1w_512x128_m4_r2c2	w_mask_in[24]	_02021_	0.578800	
u_cfg.g_live.g_bank\[8\].u_prompt	ot_sram_1r1w_512x128_m4_r2c2	w_mask_in[25]	_02021_	0.578800	
u_cfg.g_live.g_bank\[8\].u_prompt	ot_sram_1r1w_512x128_m4_r2c2	w_mask_in[26]	_02021_	0.578800	
u_cfg.g_live.g_bank\[8\].u_prompt	ot_sram_1r1w_512x128_m4_r2c2	w_mask_in[27]	_02021_	0.578800	
u_cfg.g_live.g_bank\[8\].u_prompt	ot_sram_1r1w_512x128_m4_r2c2	w_mask_in[28]	_02021_	0.578800	
u_cfg.g_live.g_bank\[8\].u_prompt	ot_sram_1r1w_512x128_m4_r2c2	w_mask_in[29]	_02021_	0.578800	
u_cfg.g_live.g_bank\[8\].u_prompt	ot_sram_1r1w_512x128_m4_r2c2	w_mask_in[30]	_02021_	0.578800	
u_cfg.g_live.g_bank\[8\].u_prompt	ot_sram_1r1w_512x128_m4_r2c2	w_mask_in[31]	_02021_	0.578800	
u_cfg.g_live.g_bank\[8\].u_prompt	ot_sram_1r1w_512x128_m4_r2c2	w_mask_in[32]	_02021_	0.578800	
u_cfg.g_live.g_bank\[8\].u_prompt	ot_sram_1r1w_512x128_m4_r2c2	w_mask_in[33]	_02021_	0.578800	
u_cfg.g_live.g_bank\[8\].u_prompt	ot_sram_1r1w_512x128_m4_r2c2	w_mask_in[34]	_02021_	0.578800	
u_cfg.g_live.g_bank\[8\].u_prompt	ot_sram_1r1w_512x128_m4_r2c2	w_mask_in[35]	_02021_	0.578800	
u_cfg.g_live.g_bank\[8\].u_prompt	ot_sram_1r1w_512x128_m4_r2c2	w_mask_in[36]	_02021_	0.578800	
u_cfg.g_live.g_bank\[8\].u_prompt	ot_sram_1r1w_512x128_m4_r2c2	w_mask_in[37]	_02021_	0.578800	
u_cfg.g_live.g_bank\[8\].u_prompt	ot_sram_1r1w_512x128_m4_r2c2	w_mask_in[38]	_02021_	0.578800	
u_cfg.g_live.g_bank\[8\].u_prompt	ot_sram_1r1w_512x128_m4_r2c2	w_mask_in[39]	_02021_	0.578800	
u_cfg.g_live.g_bank\[8\].u_prompt	ot_sram_1r1w_512x128_m4_r2c2	w_mask_in[40]	_02021_	0.578800	
u_cfg.g_live.g_bank\[8\].u_prompt	ot_sram_1r1w_512x128_m4_r2c2	w_mask_in[41]	_02021_	0.578800	
u_cfg.g_live.g_bank\[8\].u_prompt	ot_sram_1r1w_512x128_m4_r2c2	w_mask_in[42]	_02021_	0.578800	
u_cfg.g_live.g_bank\[8\].u_prompt	ot_sram_1r1w_512x128_m4_r2c2	w_mask_in[43]	_02021_	0.578800	
u_cfg.g_live.g_bank\[8\].u_prompt	ot_sram_1r1w_512x128_m4_r2c2	w_mask_in[44]	_02021_	0.578800	
u_cfg.g_live.g_bank\[8\].u_prompt	ot_sram_1r1w_512x128_m4_r2c2	w_mask_in[45]	_02021_	0.578800	
u_cfg.g_live.g_bank\[8\].u_prompt	ot_sram_1r1w_512x128_m4_r2c2	w_mask_in[46]	_02021_	0.578800	
u_cfg.g_live.g_bank\[8\].u_prompt	ot_sram_1r1w_512x128_m4_r2c2	w_mask_in[47]	_02021_	0.578800	
u_cfg.g_live.g_bank\[8\].u_prompt	ot_sram_1r1w_512x128_m4_r2c2	w_mask_in[48]	_02021_	0.578800	
u_cfg.g_live.g_bank\[8\].u_prompt	ot_sram_1r1w_512x128_m4_r2c2	w_mask_in[49]	_02021_	0.578800	
u_cfg.g_live.g_bank\[8\].u_prompt	ot_sram_1r1w_512x128_m4_r2c2	w_mask_in[50]	_02021_	0.578800	
u_cfg.g_live.g_bank\[8\].u_prompt	ot_sram_1r1w_512x128_m4_r2c2	w_mask_in[51]	_02021_	0.578800	
u_cfg.g_live.g_bank\[8\].u_prompt	ot_sram_1r1w_512x128_m4_r2c2	w_mask_in[52]	_02021_	0.578800	
u_cfg.g_live.g_bank\[8\].u_prompt	ot_sram_1r1w_512x128_m4_r2c2	w_mask_in[53]	_02021_	0.578800	
u_cfg.g_live.g_bank\[8\].u_prompt	ot_sram_1r1w_512x128_m4_r2c2	w_mask_in[54]	_02021_	0.578800	
u_cfg.g_live.g_bank\[8\].u_prompt	ot_sram_1r1w_512x128_m4_r2c2	w_mask_in[55]	_02021_	0.578800	
u_cfg.g_live.g_bank\[8\].u_prompt	ot_sram_1r1w_512x128_m4_r2c2	w_mask_in[56]	_02021_	0.578800	
u_cfg.g_live.g_bank\[8\].u_prompt	ot_sram_1r1w_512x128_m4_r2c2	w_mask_in[57]	_02021_	0.578800	
u_cfg.g_live.g_bank\[8\].u_prompt	ot_sram_1r1w_512x128_m4_r2c2	w_mask_in[58]	_02021_	0.578800	
u_cfg.g_live.g_bank\[8\].u_prompt	ot_sram_1r1w_512x128_m4_r2c2	w_mask_in[59]	_02021_	0.578800	
u_cfg.g_live.g_bank\[8\].u_prompt	ot_sram_1r1w_512x128_m4_r2c2	w_mask_in[60]	_02021_	0.578800	
u_cfg.g_live.g_bank\[8\].u_prompt	ot_sram_1r1w_512x128_m4_r2c2	w_mask_in[61]	_02021_	0.578800	
u_cfg.g_live.g_bank\[8\].u_prompt	ot_sram_1r1w_512x128_m4_r2c2	w_mask_in[62]	_02021_	0.578800	
u_cfg.g_live.g_bank\[8\].u_prompt	ot_sram_1r1w_512x128_m4_r2c2	w_mask_in[63]	_02021_	0.578800	
u_cfg.g_live.g_bank\[8\].u_prompt	ot_sram_1r1w_512x128_m4_r2c2	w_mask_in[64]	_02022_	0.578800	
u_cfg.g_live.g_bank\[8\].u_prompt	ot_sram_1r1w_512x128_m4_r2c2	w_mask_in[65]	_02022_	0.578800	
u_cfg.g_live.g_bank\[8\].u_prompt	ot_sram_1r1w_512x128_m4_r2c2	w_mask_in[66]	_02022_	0.578800	
u_cfg.g_live.g_bank\[8\].u_prompt	ot_sram_1r1w_512x128_m4_r2c2	w_mask_in[67]	_02022_	0.578800	
u_cfg.g_live.g_bank\[8\].u_prompt	ot_sram_1r1w_512x128_m4_r2c2	w_mask_in[68]	_02022_	0.578800	
u_cfg.g_live.g_bank\[8\].u_prompt	ot_sram_1r1w_512x128_m4_r2c2	w_mask_in[69]	_02022_	0.578800	
u_cfg.g_live.g_bank\[8\].u_prompt	ot_sram_1r1w_512x128_m4_r2c2	w_mask_in[70]	_02022_	0.578800	
u_cfg.g_live.g_bank\[8\].u_prompt	ot_sram_1r1w_512x128_m4_r2c2	w_mask_in[71]	_02022_	0.578800	
u_cfg.g_live.g_bank\[8\].u_prompt	ot_sram_1r1w_512x128_m4_r2c2	w_mask_in[72]	_02022_	0.578800	
u_cfg.g_live.g_bank\[8\].u_prompt	ot_sram_1r1w_512x128_m4_r2c2	w_mask_in[73]	_02022_	0.578800	
u_cfg.g_live.g_bank\[8\].u_prompt	ot_sram_1r1w_512x128_m4_r2c2	w_mask_in[74]	_02022_	0.578800	
u_cfg.g_live.g_bank\[8\].u_prompt	ot_sram_1r1w_512x128_m4_r2c2	w_mask_in[75]	_02022_	0.578800	
u_cfg.g_live.g_bank\[8\].u_prompt	ot_sram_1r1w_512x128_m4_r2c2	w_mask_in[76]	_02022_	0.578800	
u_cfg.g_live.g_bank\[8\].u_prompt	ot_sram_1r1w_512x128_m4_r2c2	w_mask_in[77]	_02022_	0.578800	
u_cfg.g_live.g_bank\[8\].u_prompt	ot_sram_1r1w_512x128_m4_r2c2	w_mask_in[78]	_02022_	0.578800	
u_cfg.g_live.g_bank\[8\].u_prompt	ot_sram_1r1w_512x128_m4_r2c2	w_mask_in[79]	_02022_	0.578800	
u_cfg.g_live.g_bank\[8\].u_prompt	ot_sram_1r1w_512x128_m4_r2c2	w_mask_in[80]	_02022_	0.578800	
u_cfg.g_live.g_bank\[8\].u_prompt	ot_sram_1r1w_512x128_m4_r2c2	w_mask_in[81]	_02022_	0.578800	
u_cfg.g_live.g_bank\[8\].u_prompt	ot_sram_1r1w_512x128_m4_r2c2	w_mask_in[82]	_02022_	0.578800	
u_cfg.g_live.g_bank\[8\].u_prompt	ot_sram_1r1w_512x128_m4_r2c2	w_mask_in[83]	_02022_	0.578800	
u_cfg.g_live.g_bank\[8\].u_prompt	ot_sram_1r1w_512x128_m4_r2c2	w_mask_in[84]	_02022_	0.578800	
u_cfg.g_live.g_bank\[8\].u_prompt	ot_sram_1r1w_512x128_m4_r2c2	w_mask_in[85]	_02022_	0.578800	
u_cfg.g_live.g_bank\[8\].u_prompt	ot_sram_1r1w_512x128_m4_r2c2	w_mask_in[86]	_02022_	0.578800	
u_cfg.g_live.g_bank\[8\].u_prompt	ot_sram_1r1w_512x128_m4_r2c2	w_mask_in[87]	_02022_	0.578800	
u_cfg.g_live.g_bank\[8\].u_prompt	ot_sram_1r1w_512x128_m4_r2c2	w_mask_in[88]	_02022_	0.578800	
u_cfg.g_live.g_bank\[8\].u_prompt	ot_sram_1r1w_512x128_m4_r2c2	w_mask_in[89]	_02022_	0.578800	
u_cfg.g_live.g_bank\[8\].u_prompt	ot_sram_1r1w_512x128_m4_r2c2	w_mask_in[90]	_02022_	0.578800	
u_cfg.g_live.g_bank\[8\].u_prompt	ot_sram_1r1w_512x128_m4_r2c2	w_mask_in[91]	_02022_	0.578800	
u_cfg.g_live.g_bank\[8\].u_prompt	ot_sram_1r1w_512x128_m4_r2c2	w_mask_in[92]	_02022_	0.578800	
u_cfg.g_live.g_bank\[8\].u_prompt	ot_sram_1r1w_512x128_m4_r2c2	w_mask_in[93]	_02022_	0.578800	
u_cfg.g_live.g_bank\[8\].u_prompt	ot_sram_1r1w_512x128_m4_r2c2	w_mask_in[94]	_02022_	0.578800	
u_cfg.g_live.g_bank\[8\].u_prompt	ot_sram_1r1w_512x128_m4_r2c2	w_mask_in[95]	_02022_	0.578800	
u_cfg.g_live.g_bank\[8\].u_prompt	ot_sram_1r1w_512x128_m4_r2c2	w_mask_in[96]	_02022_	0.578800	
u_cfg.g_live.g_bank\[8\].u_prompt	ot_sram_1r1w_512x128_m4_r2c2	w_mask_in[97]	_02022_	0.578800	
u_cfg.g_live.g_bank\[8\].u_prompt	ot_sram_1r1w_512x128_m4_r2c2	w_mask_in[98]	_02022_	0.578800	
u_cfg.g_live.g_bank\[8\].u_prompt	ot_sram_1r1w_512x128_m4_r2c2	w_mask_in[99]	_02022_	0.578800	
u_cfg.g_live.g_bank\[8\].u_prompt	ot_sram_1r1w_512x128_m4_r2c2	w_mask_in[100]	_02022_	0.578800	
u_cfg.g_live.g_bank\[8\].u_prompt	ot_sram_1r1w_512x128_m4_r2c2	w_mask_in[101]	_02022_	0.578800	
u_cfg.g_live.g_bank\[8\].u_prompt	ot_sram_1r1w_512x128_m4_r2c2	w_mask_in[102]	_02022_	0.578800	
u_cfg.g_live.g_bank\[8\].u_prompt	ot_sram_1r1w_512x128_m4_r2c2	w_mask_in[103]	_02022_	0.578800	
u_cfg.g_live.g_bank\[8\].u_prompt	ot_sram_1r1w_512x128_m4_r2c2	w_mask_in[104]	_02022_	0.578800	
u_cfg.g_live.g_bank\[8\].u_prompt	ot_sram_1r1w_512x128_m4_r2c2	w_mask_in[105]	_02022_	0.578800	
u_cfg.g_live.g_bank\[8\].u_prompt	ot_sram_1r1w_512x128_m4_r2c2	w_mask_in[106]	_02022_	0.578800	
u_cfg.g_live.g_bank\[8\].u_prompt	ot_sram_1r1w_512x128_m4_r2c2	w_mask_in[107]	_02022_	0.578800	
u_cfg.g_live.g_bank\[8\].u_prompt	ot_sram_1r1w_512x128_m4_r2c2	w_mask_in[108]	_02022_	0.578800	
u_cfg.g_live.g_bank\[8\].u_prompt	ot_sram_1r1w_512x128_m4_r2c2	w_mask_in[109]	_02022_	0.578800	
u_cfg.g_live.g_bank\[8\].u_prompt	ot_sram_1r1w_512x128_m4_r2c2	w_mask_in[110]	_02022_	0.578800	
u_cfg.g_live.g_bank\[8\].u_prompt	ot_sram_1r1w_512x128_m4_r2c2	w_mask_in[111]	_02022_	0.578800	
u_cfg.g_live.g_bank\[8\].u_prompt	ot_sram_1r1w_512x128_m4_r2c2	w_mask_in[112]	_02022_	0.578800	
u_cfg.g_live.g_bank\[8\].u_prompt	ot_sram_1r1w_512x128_m4_r2c2	w_mask_in[113]	_02022_	0.578800	
u_cfg.g_live.g_bank\[8\].u_prompt	ot_sram_1r1w_512x128_m4_r2c2	w_mask_in[114]	_02022_	0.578800	
u_cfg.g_live.g_bank\[8\].u_prompt	ot_sram_1r1w_512x128_m4_r2c2	w_mask_in[115]	_02022_	0.578800	
u_cfg.g_live.g_bank\[8\].u_prompt	ot_sram_1r1w_512x128_m4_r2c2	w_mask_in[116]	_02022_	0.578800	
u_cfg.g_live.g_bank\[8\].u_prompt	ot_sram_1r1w_512x128_m4_r2c2	w_mask_in[117]	_02022_	0.578800	
u_cfg.g_live.g_bank\[8\].u_prompt	ot_sram_1r1w_512x128_m4_r2c2	w_mask_in[118]	_02022_	0.578800	
u_cfg.g_live.g_bank\[8\].u_prompt	ot_sram_1r1w_512x128_m4_r2c2	w_mask_in[119]	_02022_	0.578800	
u_cfg.g_live.g_bank\[8\].u_prompt	ot_sram_1r1w_512x128_m4_r2c2	w_mask_in[120]	_02022_	0.578800	
u_cfg.g_live.g_bank\[8\].u_prompt	ot_sram_1r1w_512x128_m4_r2c2	w_mask_in[121]	_02022_	0.578800	
u_cfg.g_live.g_bank\[8\].u_prompt	ot_sram_1r1w_512x128_m4_r2c2	w_mask_in[122]	_02022_	0.578800	
u_cfg.g_live.g_bank\[8\].u_prompt	ot_sram_1r1w_512x128_m4_r2c2	w_mask_in[123]	_02022_	0.578800	
u_cfg.g_live.g_bank\[8\].u_prompt	ot_sram_1r1w_512x128_m4_r2c2	w_mask_in[124]	_02022_	0.578800	
u_cfg.g_live.g_bank\[8\].u_prompt	ot_sram_1r1w_512x128_m4_r2c2	w_mask_in[125]	_02022_	0.578800	
u_cfg.g_live.g_bank\[8\].u_prompt	ot_sram_1r1w_512x128_m4_r2c2	w_mask_in[126]	_02022_	0.578800	
u_cfg.g_live.g_bank\[8\].u_prompt	ot_sram_1r1w_512x128_m4_r2c2	w_mask_in[127]	_02022_	0.578800	
u_cfg.g_live.g_bank\[8\].u_prompt	ot_sram_1r1w_512x128_m4_r2c2	rr_en[0]	_10622_	0.578800	
u_cfg.g_live.g_bank\[8\].u_prompt	ot_sram_1r1w_512x128_m4_r2c2	rr_en[1]	_10622_	0.578800	
u_cfg.g_live.g_bank\[8\].u_prompt	ot_sram_1r1w_512x128_m4_r2c2	rr_addr[0]	_10622_	0.578800	
u_cfg.g_live.g_bank\[8\].u_prompt	ot_sram_1r1w_512x128_m4_r2c2	rr_addr[1]	_10622_	0.578800	
u_cfg.g_live.g_bank\[8\].u_prompt	ot_sram_1r1w_512x128_m4_r2c2	rr_addr[2]	_10622_	0.578800	
u_cfg.g_live.g_bank\[8\].u_prompt	ot_sram_1r1w_512x128_m4_r2c2	rr_addr[3]	_10622_	0.578800	
u_cfg.g_live.g_bank\[8\].u_prompt	ot_sram_1r1w_512x128_m4_r2c2	rr_addr[4]	_10622_	0.578800	
u_cfg.g_live.g_bank\[8\].u_prompt	ot_sram_1r1w_512x128_m4_r2c2	rr_addr[5]	_10622_	0.578800	
u_cfg.g_live.g_bank\[8\].u_prompt	ot_sram_1r1w_512x128_m4_r2c2	rr_addr[6]	_10622_	0.578800	
u_cfg.g_live.g_bank\[8\].u_prompt	ot_sram_1r1w_512x128_m4_r2c2	rr_addr[7]	_10622_	0.578800	
u_cfg.g_live.g_bank\[8\].u_prompt	ot_sram_1r1w_512x128_m4_r2c2	rr_addr[8]	_10622_	0.578800	
u_cfg.g_live.g_bank\[8\].u_prompt	ot_sram_1r1w_512x128_m4_r2c2	rr_addr[9]	_10622_	0.578800	
u_cfg.g_live.g_bank\[8\].u_prompt	ot_sram_1r1w_512x128_m4_r2c2	rr_addr[10]	_10622_	0.578800	
u_cfg.g_live.g_bank\[8\].u_prompt	ot_sram_1r1w_512x128_m4_r2c2	rr_addr[11]	_10622_	0.578800	
u_cfg.g_live.g_bank\[8\].u_prompt	ot_sram_1r1w_512x128_m4_r2c2	rr_addr[12]	_10622_	0.578800	
u_cfg.g_live.g_bank\[8\].u_prompt	ot_sram_1r1w_512x128_m4_r2c2	rr_addr[13]	_10622_	0.578800	
u_cfg.g_live.g_bank\[8\].u_prompt	ot_sram_1r1w_512x128_m4_r2c2	cr_en[0]	_10622_	0.578800	
u_cfg.g_live.g_bank\[8\].u_prompt	ot_sram_1r1w_512x128_m4_r2c2	cr_en[1]	_10622_	0.578800	
u_cfg.g_live.g_bank\[8\].u_prompt	ot_sram_1r1w_512x128_m4_r2c2	cr_sel[0]	_10622_	0.578800	
u_cfg.g_live.g_bank\[8\].u_prompt	ot_sram_1r1w_512x128_m4_r2c2	cr_sel[1]	_10622_	0.578800	
u_cfg.g_live.g_bank\[8\].u_prompt	ot_sram_1r1w_512x128_m4_r2c2	cr_sel[2]	_10622_	0.578800	
u_cfg.g_live.g_bank\[8\].u_prompt	ot_sram_1r1w_512x128_m4_r2c2	cr_sel[3]	_10622_	0.578800	
u_cfg.g_live.g_bank\[8\].u_prompt	ot_sram_1r1w_512x128_m4_r2c2	cr_sel[4]	_10622_	0.578800	
u_cfg.g_live.g_bank\[8\].u_prompt	ot_sram_1r1w_512x128_m4_r2c2	cr_sel[5]	_10622_	0.578800	
u_cfg.g_live.g_bank\[8\].u_prompt	ot_sram_1r1w_512x128_m4_r2c2	cr_sel[6]	_10622_	0.578800	
u_cfg.g_live.g_bank\[8\].u_prompt	ot_sram_1r1w_512x128_m4_r2c2	cr_sel[7]	_10622_	0.578800	
u_cfg.g_live.g_bank\[8\].u_prompt	ot_sram_1r1w_512x128_m4_r2c2	cr_sel[8]	_10622_	0.578800	
u_cfg.g_live.g_bank\[8\].u_prompt	ot_sram_1r1w_512x128_m4_r2c2	cr_sel[9]	_10622_	0.578800	
u_cfg.g_live.g_bank\[8\].u_prompt	ot_sram_1r1w_512x128_m4_r2c2	cr_sel[10]	_10622_	0.578800	
u_cfg.g_live.g_bank\[8\].u_prompt	ot_sram_1r1w_512x128_m4_r2c2	cr_sel[11]	_10622_	0.578800	
u_cfg.g_live.g_bank\[8\].u_prompt	ot_sram_1r1w_512x128_m4_r2c2	cr_sel[12]	_10622_	0.578800	
u_cfg.g_live.g_bank\[8\].u_prompt	ot_sram_1r1w_512x128_m4_r2c2	cr_sel[13]	_10622_	0.578800	
u_cfg.g_live.g_bank\[9\].u_prompt	ot_sram_1r1w_512x128_m4_r2c2	clk	clk	8.683800	
u_cfg.g_live.g_bank\[9\].u_prompt	ot_sram_1r1w_512x128_m4_r2c2	r_ce_in	_02039_	0.578800	
u_cfg.g_live.g_bank\[9\].u_prompt	ot_sram_1r1w_512x128_m4_r2c2	r_addr_in[0]	u_cfg.g_live.read_index\[1\]	0.578800	
u_cfg.g_live.g_bank\[9\].u_prompt	ot_sram_1r1w_512x128_m4_r2c2	r_addr_in[1]	u_cfg.g_live.read_index\[2\]	0.578800	
u_cfg.g_live.g_bank\[9\].u_prompt	ot_sram_1r1w_512x128_m4_r2c2	r_addr_in[2]	u_cfg.g_live.read_index\[3\]	0.578800	
u_cfg.g_live.g_bank\[9\].u_prompt	ot_sram_1r1w_512x128_m4_r2c2	r_addr_in[3]	u_cfg.g_live.read_index\[4\]	0.578800	
u_cfg.g_live.g_bank\[9\].u_prompt	ot_sram_1r1w_512x128_m4_r2c2	r_addr_in[4]	u_cfg.g_live.read_index\[5\]	0.578800	
u_cfg.g_live.g_bank\[9\].u_prompt	ot_sram_1r1w_512x128_m4_r2c2	r_addr_in[5]	u_cfg.g_live.read_index\[6\]	0.578800	
u_cfg.g_live.g_bank\[9\].u_prompt	ot_sram_1r1w_512x128_m4_r2c2	r_addr_in[6]	u_cfg.g_live.read_index\[7\]	0.578800	
u_cfg.g_live.g_bank\[9\].u_prompt	ot_sram_1r1w_512x128_m4_r2c2	r_addr_in[7]	u_cfg.g_live.read_index\[8\]	0.578800	
u_cfg.g_live.g_bank\[9\].u_prompt	ot_sram_1r1w_512x128_m4_r2c2	r_addr_in[8]	u_cfg.g_live.read_index\[9\]	0.578800	
u_cfg.g_live.g_bank\[9\].u_prompt	ot_sram_1r1w_512x128_m4_r2c2	rd_out[0]	u_cfg.g_live.bank_q\[512\]	0.924352	{_14558_ B 0.924352}
u_cfg.g_live.g_bank\[9\].u_prompt	ot_sram_1r1w_512x128_m4_r2c2	rd_out[1]	u_cfg.g_live.bank_q\[513\]	0.924352	{_14430_ B 0.924352}
u_cfg.g_live.g_bank\[9\].u_prompt	ot_sram_1r1w_512x128_m4_r2c2	rd_out[2]	u_cfg.g_live.bank_q\[514\]	0.924352	{_14712_ B 0.924352}
u_cfg.g_live.g_bank\[9\].u_prompt	ot_sram_1r1w_512x128_m4_r2c2	rd_out[3]	u_cfg.g_live.bank_q\[515\]	0.924352	{_14460_ B 0.924352}
u_cfg.g_live.g_bank\[9\].u_prompt	ot_sram_1r1w_512x128_m4_r2c2	rd_out[4]	u_cfg.g_live.bank_q\[516\]	0.489888	{_14540_ B 0.489888}
u_cfg.g_live.g_bank\[9\].u_prompt	ot_sram_1r1w_512x128_m4_r2c2	rd_out[5]	u_cfg.g_live.bank_q\[517\]	0.924352	{_14659_ B 0.924352}
u_cfg.g_live.g_bank\[9\].u_prompt	ot_sram_1r1w_512x128_m4_r2c2	rd_out[6]	u_cfg.g_live.bank_q\[518\]	0.489888	{_14618_ B 0.489888}
u_cfg.g_live.g_bank\[9\].u_prompt	ot_sram_1r1w_512x128_m4_r2c2	rd_out[7]	u_cfg.g_live.bank_q\[519\]	0.924352	{_15086_ B 0.924352}
u_cfg.g_live.g_bank\[9\].u_prompt	ot_sram_1r1w_512x128_m4_r2c2	rd_out[8]	u_cfg.g_live.bank_q\[520\]	0.924352	{_14937_ B 0.924352}
u_cfg.g_live.g_bank\[9\].u_prompt	ot_sram_1r1w_512x128_m4_r2c2	rd_out[9]	u_cfg.g_live.bank_q\[521\]	0.489888	{_15007_ B 0.489888}
u_cfg.g_live.g_bank\[9\].u_prompt	ot_sram_1r1w_512x128_m4_r2c2	rd_out[10]	u_cfg.g_live.bank_q\[522\]	0.924352	{_14873_ B 0.924352}
u_cfg.g_live.g_bank\[9\].u_prompt	ot_sram_1r1w_512x128_m4_r2c2	rd_out[11]	u_cfg.g_live.bank_q\[523\]	0.489888	{_13981_ B 0.489888}
u_cfg.g_live.g_bank\[9\].u_prompt	ot_sram_1r1w_512x128_m4_r2c2	rd_out[12]	u_cfg.g_live.bank_q\[524\]	0.924352	{_13858_ B 0.924352}
u_cfg.g_live.g_bank\[9\].u_prompt	ot_sram_1r1w_512x128_m4_r2c2	rd_out[13]	u_cfg.g_live.bank_q\[525\]	0.924352	{_13813_ B 0.924352}
u_cfg.g_live.g_bank\[9\].u_prompt	ot_sram_1r1w_512x128_m4_r2c2	rd_out[14]	u_cfg.g_live.bank_q\[526\]	0.924352	{_14029_ B 0.924352}
u_cfg.g_live.g_bank\[9\].u_prompt	ot_sram_1r1w_512x128_m4_r2c2	rd_out[15]	u_cfg.g_live.bank_q\[527\]	0.489888	{_13874_ B 0.489888}
u_cfg.g_live.g_bank\[9\].u_prompt	ot_sram_1r1w_512x128_m4_r2c2	rd_out[16]	u_cfg.g_live.bank_q\[528\]	0.924352	{_12833_ B 0.924352}
u_cfg.g_live.g_bank\[9\].u_prompt	ot_sram_1r1w_512x128_m4_r2c2	rd_out[17]	u_cfg.g_live.bank_q\[529\]	0.489888	{_12755_ B 0.489888}
u_cfg.g_live.g_bank\[9\].u_prompt	ot_sram_1r1w_512x128_m4_r2c2	rd_out[18]	u_cfg.g_live.bank_q\[530\]	0.924352	{_12676_ B 0.924352}
u_cfg.g_live.g_bank\[9\].u_prompt	ot_sram_1r1w_512x128_m4_r2c2	rd_out[19]	u_cfg.g_live.bank_q\[531\]	0.924352	{_12871_ B 0.924352}
u_cfg.g_live.g_bank\[9\].u_prompt	ot_sram_1r1w_512x128_m4_r2c2	rd_out[20]	u_cfg.g_live.bank_q\[532\]	0.924352	{_12123_ B 0.924352}
u_cfg.g_live.g_bank\[9\].u_prompt	ot_sram_1r1w_512x128_m4_r2c2	rd_out[21]	u_cfg.g_live.bank_q\[533\]	0.874367	{_12334_ A2 0.874367}
u_cfg.g_live.g_bank\[9\].u_prompt	ot_sram_1r1w_512x128_m4_r2c2	rd_out[22]	u_cfg.g_live.bank_q\[534\]	0.874367	{_12340_ A2 0.874367}
u_cfg.g_live.g_bank\[9\].u_prompt	ot_sram_1r1w_512x128_m4_r2c2	rd_out[23]	u_cfg.g_live.bank_q\[535\]	0.924352	{_12406_ B 0.924352}
u_cfg.g_live.g_bank\[9\].u_prompt	ot_sram_1r1w_512x128_m4_r2c2	rd_out[24]	u_cfg.g_live.bank_q\[536\]	0.924352	{_12634_ B 0.924352}
u_cfg.g_live.g_bank\[9\].u_prompt	ot_sram_1r1w_512x128_m4_r2c2	rd_out[25]	u_cfg.g_live.bank_q\[537\]	0.489888	{_12566_ B 0.489888}
u_cfg.g_live.g_bank\[9\].u_prompt	ot_sram_1r1w_512x128_m4_r2c2	rd_out[26]	u_cfg.g_live.bank_q\[538\]	0.489888	{_15665_ B 0.489888}
u_cfg.g_live.g_bank\[9\].u_prompt	ot_sram_1r1w_512x128_m4_r2c2	rd_out[27]	u_cfg.g_live.bank_q\[539\]	0.924352	{_15435_ B 0.924352}
u_cfg.g_live.g_bank\[9\].u_prompt	ot_sram_1r1w_512x128_m4_r2c2	rd_out[28]	u_cfg.g_live.bank_q\[540\]	0.489888	{_15538_ B 0.489888}
u_cfg.g_live.g_bank\[9\].u_prompt	ot_sram_1r1w_512x128_m4_r2c2	rd_out[29]	u_cfg.g_live.bank_q\[541\]	0.924352	{_15330_ B 0.924352}
u_cfg.g_live.g_bank\[9\].u_prompt	ot_sram_1r1w_512x128_m4_r2c2	rd_out[30]	u_cfg.g_live.bank_q\[542\]	0.924352	{_15597_ B 0.924352}
u_cfg.g_live.g_bank\[9\].u_prompt	ot_sram_1r1w_512x128_m4_r2c2	rd_out[31]	u_cfg.g_live.bank_q\[543\]	0.924352	{_15683_ B 0.924352}
u_cfg.g_live.g_bank\[9\].u_prompt	ot_sram_1r1w_512x128_m4_r2c2	rd_out[32]	u_cfg.g_live.bank_q\[544\]	0.489888	{_15166_ B 0.489888}
u_cfg.g_live.g_bank\[9\].u_prompt	ot_sram_1r1w_512x128_m4_r2c2	rd_out[33]	u_cfg.g_live.bank_q\[545\]	0.874367	{_14151_ A2 0.874367}
u_cfg.g_live.g_bank\[9\].u_prompt	ot_sram_1r1w_512x128_m4_r2c2	rd_out[34]	u_cfg.g_live.bank_q\[546\]	0.924352	{_14244_ B 0.924352}
u_cfg.g_live.g_bank\[9\].u_prompt	ot_sram_1r1w_512x128_m4_r2c2	rd_out[35]	u_cfg.g_live.bank_q\[547\]	0.874367	{_14145_ A2 0.874367}
u_cfg.g_live.g_bank\[9\].u_prompt	ot_sram_1r1w_512x128_m4_r2c2	rd_out[36]	u_cfg.g_live.bank_q\[548\]	0.489888	{_14290_ B 0.489888}
u_cfg.g_live.g_bank\[9\].u_prompt	ot_sram_1r1w_512x128_m4_r2c2	rd_out[37]	u_cfg.g_live.bank_q\[549\]	0.924352	{_15297_ B 0.924352}
u_cfg.g_live.g_bank\[9\].u_prompt	ot_sram_1r1w_512x128_m4_r2c2	rd_out[38]	u_cfg.g_live.bank_q\[550\]	0.924352	{_15390_ B 0.924352}
u_cfg.g_live.g_bank\[9\].u_prompt	ot_sram_1r1w_512x128_m4_r2c2	rd_out[39]	u_cfg.g_live.bank_q\[551\]	0.924352	{_15192_ B 0.924352}
u_cfg.g_live.g_bank\[9\].u_prompt	ot_sram_1r1w_512x128_m4_r2c2	rd_out[40]	u_cfg.g_live.bank_q\[552\]	0.924352	{_15265_ B 0.924352}
u_cfg.g_live.g_bank\[9\].u_prompt	ot_sram_1r1w_512x128_m4_r2c2	rd_out[41]	u_cfg.g_live.bank_q\[553\]	0.924352	{_13573_ B 0.924352}
u_cfg.g_live.g_bank\[9\].u_prompt	ot_sram_1r1w_512x128_m4_r2c2	rd_out[42]	u_cfg.g_live.bank_q\[554\]	0.924352	{_13703_ B 0.924352}
u_cfg.g_live.g_bank\[9\].u_prompt	ot_sram_1r1w_512x128_m4_r2c2	rd_out[43]	u_cfg.g_live.bank_q\[555\]	0.924352	{_13750_ B 0.924352}
u_cfg.g_live.g_bank\[9\].u_prompt	ot_sram_1r1w_512x128_m4_r2c2	rd_out[44]	u_cfg.g_live.bank_q\[556\]	0.924352	{_13583_ B 0.924352}
u_cfg.g_live.g_bank\[9\].u_prompt	ot_sram_1r1w_512x128_m4_r2c2	rd_out[45]	u_cfg.g_live.bank_q\[557\]	0.489888	{_13927_ B 0.489888}
u_cfg.g_live.g_bank\[9\].u_prompt	ot_sram_1r1w_512x128_m4_r2c2	rd_out[46]	u_cfg.g_live.bank_q\[558\]	0.489888	{_13548_ B 0.489888}
u_cfg.g_live.g_bank\[9\].u_prompt	ot_sram_1r1w_512x128_m4_r2c2	rd_out[47]	u_cfg.g_live.bank_q\[559\]	0.924352	{_13642_ B 0.924352}
u_cfg.g_live.g_bank\[9\].u_prompt	ot_sram_1r1w_512x128_m4_r2c2	rd_out[48]	u_cfg.g_live.bank_q\[560\]	0.924352	{_13139_ B 0.924352}
u_cfg.g_live.g_bank\[9\].u_prompt	ot_sram_1r1w_512x128_m4_r2c2	rd_out[49]	u_cfg.g_live.bank_q\[561\]	0.489888	{_13156_ B 0.489888}
u_cfg.g_live.g_bank\[9\].u_prompt	ot_sram_1r1w_512x128_m4_r2c2	rd_out[50]	u_cfg.g_live.bank_q\[562\]	0.489888	{_13379_ B 0.489888}
u_cfg.g_live.g_bank\[9\].u_prompt	ot_sram_1r1w_512x128_m4_r2c2	rd_out[51]	u_cfg.g_live.bank_q\[563\]	0.489888	{_13434_ B 0.489888}
u_cfg.g_live.g_bank\[9\].u_prompt	ot_sram_1r1w_512x128_m4_r2c2	rd_out[52]	u_cfg.g_live.bank_q\[564\]	0.924352	{_12977_ B 0.924352}
u_cfg.g_live.g_bank\[9\].u_prompt	ot_sram_1r1w_512x128_m4_r2c2	rd_out[53]	u_cfg.g_live.bank_q\[565\]	0.489888	{_13245_ B 0.489888}
u_cfg.g_live.g_bank\[9\].u_prompt	ot_sram_1r1w_512x128_m4_r2c2	rd_out[54]	u_cfg.g_live.bank_q\[566\]	0.489888	{_13252_ B 0.489888}
u_cfg.g_live.g_bank\[9\].u_prompt	ot_sram_1r1w_512x128_m4_r2c2	rd_out[55]	u_cfg.g_live.bank_q\[567\]	0.489888	{_13311_ B 0.489888}
u_cfg.g_live.g_bank\[9\].u_prompt	ot_sram_1r1w_512x128_m4_r2c2	rd_out[56]	u_cfg.g_live.bank_q\[568\]	0.924352	{_13108_ B 0.924352}
u_cfg.g_live.g_bank\[9\].u_prompt	ot_sram_1r1w_512x128_m4_r2c2	rd_out[57]	u_cfg.g_live.bank_q\[569\]	0.924352	{_14410_ B 0.924352}
u_cfg.g_live.g_bank\[9\].u_prompt	ot_sram_1r1w_512x128_m4_r2c2	rd_out[58]	u_cfg.g_live.bank_q\[570\]	0.924352	{_14848_ B 0.924352}
u_cfg.g_live.g_bank\[9\].u_prompt	ot_sram_1r1w_512x128_m4_r2c2	rd_out[59]	u_cfg.g_live.bank_q\[571\]	0.924352	{_15028_ B 0.924352}
u_cfg.g_live.g_bank\[9\].u_prompt	ot_sram_1r1w_512x128_m4_r2c2	rd_out[60]	u_cfg.g_live.bank_q\[572\]	0.924352	{_14113_ B 0.924352}
u_cfg.g_live.g_bank\[9\].u_prompt	ot_sram_1r1w_512x128_m4_r2c2	rd_out[61]	u_cfg.g_live.bank_q\[573\]	0.924352	{_12959_ B 0.924352}
u_cfg.g_live.g_bank\[9\].u_prompt	ot_sram_1r1w_512x128_m4_r2c2	rd_out[62]	u_cfg.g_live.bank_q\[574\]	0.578766	{_15495_ A 0.578766}
u_cfg.g_live.g_bank\[9\].u_prompt	ot_sram_1r1w_512x128_m4_r2c2	rd_out[63]	u_cfg.g_live.bank_q\[575\]	0.924352	{_14798_ B 0.924352}
u_cfg.g_live.g_bank\[9\].u_prompt	ot_sram_1r1w_512x128_m4_r2c2	rd_out[64]	u_cfg.g_live.bank_q\[576\]	0.924352	{_14565_ B 0.924352}
u_cfg.g_live.g_bank\[9\].u_prompt	ot_sram_1r1w_512x128_m4_r2c2	rd_out[65]	u_cfg.g_live.bank_q\[577\]	0.924352	{_14437_ B 0.924352}
u_cfg.g_live.g_bank\[9\].u_prompt	ot_sram_1r1w_512x128_m4_r2c2	rd_out[66]	u_cfg.g_live.bank_q\[578\]	0.924352	{_14718_ B 0.924352}
u_cfg.g_live.g_bank\[9\].u_prompt	ot_sram_1r1w_512x128_m4_r2c2	rd_out[67]	u_cfg.g_live.bank_q\[579\]	0.924352	{_14466_ B 0.924352}
u_cfg.g_live.g_bank\[9\].u_prompt	ot_sram_1r1w_512x128_m4_r2c2	rd_out[68]	u_cfg.g_live.bank_q\[580\]	0.924352	{_14532_ B 0.924352}
u_cfg.g_live.g_bank\[9\].u_prompt	ot_sram_1r1w_512x128_m4_r2c2	rd_out[69]	u_cfg.g_live.bank_q\[581\]	0.489888	{_14677_ B 0.489888}
u_cfg.g_live.g_bank\[9\].u_prompt	ot_sram_1r1w_512x128_m4_r2c2	rd_out[70]	u_cfg.g_live.bank_q\[582\]	0.924352	{_14605_ B 0.924352}
u_cfg.g_live.g_bank\[9\].u_prompt	ot_sram_1r1w_512x128_m4_r2c2	rd_out[71]	u_cfg.g_live.bank_q\[583\]	0.924352	{_15070_ B 0.924352}
u_cfg.g_live.g_bank\[9\].u_prompt	ot_sram_1r1w_512x128_m4_r2c2	rd_out[72]	u_cfg.g_live.bank_q\[584\]	0.924352	{_14921_ B 0.924352}
u_cfg.g_live.g_bank\[9\].u_prompt	ot_sram_1r1w_512x128_m4_r2c2	rd_out[73]	u_cfg.g_live.bank_q\[585\]	0.924352	{_15002_ B 0.924352}
u_cfg.g_live.g_bank\[9\].u_prompt	ot_sram_1r1w_512x128_m4_r2c2	rd_out[74]	u_cfg.g_live.bank_q\[586\]	0.924352	{_14879_ B 0.924352}
u_cfg.g_live.g_bank\[9\].u_prompt	ot_sram_1r1w_512x128_m4_r2c2	rd_out[75]	u_cfg.g_live.bank_q\[587\]	0.924352	{_14013_ B 0.924352}
u_cfg.g_live.g_bank\[9\].u_prompt	ot_sram_1r1w_512x128_m4_r2c2	rd_out[76]	u_cfg.g_live.bank_q\[588\]	0.489888	{_13866_ B 0.489888}
u_cfg.g_live.g_bank\[9\].u_prompt	ot_sram_1r1w_512x128_m4_r2c2	rd_out[77]	u_cfg.g_live.bank_q\[589\]	0.489888	{_13821_ B 0.489888}
u_cfg.g_live.g_bank\[9\].u_prompt	ot_sram_1r1w_512x128_m4_r2c2	rd_out[78]	u_cfg.g_live.bank_q\[590\]	0.489888	{_14053_ B 0.489888}
u_cfg.g_live.g_bank\[9\].u_prompt	ot_sram_1r1w_512x128_m4_r2c2	rd_out[79]	u_cfg.g_live.bank_q\[591\]	0.924352	{_13903_ B 0.924352}
u_cfg.g_live.g_bank\[9\].u_prompt	ot_sram_1r1w_512x128_m4_r2c2	rd_out[80]	u_cfg.g_live.bank_q\[592\]	0.489888	{_12841_ B 0.489888}
u_cfg.g_live.g_bank\[9\].u_prompt	ot_sram_1r1w_512x128_m4_r2c2	rd_out[81]	u_cfg.g_live.bank_q\[593\]	0.924352	{_12733_ B 0.924352}
u_cfg.g_live.g_bank\[9\].u_prompt	ot_sram_1r1w_512x128_m4_r2c2	rd_out[82]	u_cfg.g_live.bank_q\[594\]	0.578766	{_12675_ A 0.578766}
u_cfg.g_live.g_bank\[9\].u_prompt	ot_sram_1r1w_512x128_m4_r2c2	rd_out[83]	u_cfg.g_live.bank_q\[595\]	0.924352	{_12851_ B 0.924352}
u_cfg.g_live.g_bank\[9\].u_prompt	ot_sram_1r1w_512x128_m4_r2c2	rd_out[84]	u_cfg.g_live.bank_q\[596\]	0.578766	{_12122_ A 0.578766}
u_cfg.g_live.g_bank\[9\].u_prompt	ot_sram_1r1w_512x128_m4_r2c2	rd_out[85]	u_cfg.g_live.bank_q\[597\]	0.486821	{_12333_ B 0.486821}
u_cfg.g_live.g_bank\[9\].u_prompt	ot_sram_1r1w_512x128_m4_r2c2	rd_out[86]	u_cfg.g_live.bank_q\[598\]	0.486821	{_12339_ B 0.486821}
u_cfg.g_live.g_bank\[9\].u_prompt	ot_sram_1r1w_512x128_m4_r2c2	rd_out[87]	u_cfg.g_live.bank_q\[599\]	0.578766	{_12405_ A 0.578766}
u_cfg.g_live.g_bank\[9\].u_prompt	ot_sram_1r1w_512x128_m4_r2c2	rd_out[88]	u_cfg.g_live.bank_q\[600\]	0.489888	{_12657_ B 0.489888}
u_cfg.g_live.g_bank\[9\].u_prompt	ot_sram_1r1w_512x128_m4_r2c2	rd_out[89]	u_cfg.g_live.bank_q\[601\]	0.924352	{_12529_ B 0.924352}
u_cfg.g_live.g_bank\[9\].u_prompt	ot_sram_1r1w_512x128_m4_r2c2	rd_out[90]	u_cfg.g_live.bank_q\[602\]	0.489888	{_15632_ B 0.489888}
u_cfg.g_live.g_bank\[9\].u_prompt	ot_sram_1r1w_512x128_m4_r2c2	rd_out[91]	u_cfg.g_live.bank_q\[603\]	0.924352	{_15442_ B 0.924352}
u_cfg.g_live.g_bank\[9\].u_prompt	ot_sram_1r1w_512x128_m4_r2c2	rd_out[92]	u_cfg.g_live.bank_q\[604\]	0.489888	{_15551_ B 0.489888}
u_cfg.g_live.g_bank\[9\].u_prompt	ot_sram_1r1w_512x128_m4_r2c2	rd_out[93]	u_cfg.g_live.bank_q\[605\]	0.924352	{_15337_ B 0.924352}
u_cfg.g_live.g_bank\[9\].u_prompt	ot_sram_1r1w_512x128_m4_r2c2	rd_out[94]	u_cfg.g_live.bank_q\[606\]	0.489888	{_15582_ B 0.489888}
u_cfg.g_live.g_bank\[9\].u_prompt	ot_sram_1r1w_512x128_m4_r2c2	rd_out[95]	u_cfg.g_live.bank_q\[607\]	0.924352	{_15690_ B 0.924352}
u_cfg.g_live.g_bank\[9\].u_prompt	ot_sram_1r1w_512x128_m4_r2c2	rd_out[96]	u_cfg.g_live.bank_q\[608\]	0.489888	{_15173_ B 0.489888}
u_cfg.g_live.g_bank\[9\].u_prompt	ot_sram_1r1w_512x128_m4_r2c2	rd_out[97]	u_cfg.g_live.bank_q\[609\]	0.486821	{_14150_ B 0.486821}
u_cfg.g_live.g_bank\[9\].u_prompt	ot_sram_1r1w_512x128_m4_r2c2	rd_out[98]	u_cfg.g_live.bank_q\[610\]	0.578766	{_14243_ A 0.578766}
u_cfg.g_live.g_bank\[9\].u_prompt	ot_sram_1r1w_512x128_m4_r2c2	rd_out[99]	u_cfg.g_live.bank_q\[611\]	0.486821	{_14144_ B 0.486821}
u_cfg.g_live.g_bank\[9\].u_prompt	ot_sram_1r1w_512x128_m4_r2c2	rd_out[100]	u_cfg.g_live.bank_q\[612\]	0.489888	{_14296_ B 0.489888}
u_cfg.g_live.g_bank\[9\].u_prompt	ot_sram_1r1w_512x128_m4_r2c2	rd_out[101]	u_cfg.g_live.bank_q\[613\]	0.924352	{_15281_ B 0.924352}
u_cfg.g_live.g_bank\[9\].u_prompt	ot_sram_1r1w_512x128_m4_r2c2	rd_out[102]	u_cfg.g_live.bank_q\[614\]	0.578766	{_15389_ A 0.578766}
u_cfg.g_live.g_bank\[9\].u_prompt	ot_sram_1r1w_512x128_m4_r2c2	rd_out[103]	u_cfg.g_live.bank_q\[615\]	0.578766	{_15191_ A 0.578766}
u_cfg.g_live.g_bank\[9\].u_prompt	ot_sram_1r1w_512x128_m4_r2c2	rd_out[104]	u_cfg.g_live.bank_q\[616\]	0.489888	{_15243_ B 0.489888}
u_cfg.g_live.g_bank\[9\].u_prompt	ot_sram_1r1w_512x128_m4_r2c2	rd_out[105]	u_cfg.g_live.bank_q\[617\]	0.924352	{_13567_ B 0.924352}
u_cfg.g_live.g_bank\[9\].u_prompt	ot_sram_1r1w_512x128_m4_r2c2	rd_out[106]	u_cfg.g_live.bank_q\[618\]	0.489888	{_13687_ B 0.489888}
u_cfg.g_live.g_bank\[9\].u_prompt	ot_sram_1r1w_512x128_m4_r2c2	rd_out[107]	u_cfg.g_live.bank_q\[619\]	0.489888	{_13733_ B 0.489888}
u_cfg.g_live.g_bank\[9\].u_prompt	ot_sram_1r1w_512x128_m4_r2c2	rd_out[108]	u_cfg.g_live.bank_q\[620\]	0.924352	{_13590_ B 0.924352}
u_cfg.g_live.g_bank\[9\].u_prompt	ot_sram_1r1w_512x128_m4_r2c2	rd_out[109]	u_cfg.g_live.bank_q\[621\]	0.489888	{_13924_ B 0.489888}
u_cfg.g_live.g_bank\[9\].u_prompt	ot_sram_1r1w_512x128_m4_r2c2	rd_out[110]	u_cfg.g_live.bank_q\[622\]	0.489888	{_13540_ B 0.489888}
u_cfg.g_live.g_bank\[9\].u_prompt	ot_sram_1r1w_512x128_m4_r2c2	rd_out[111]	u_cfg.g_live.bank_q\[623\]	0.924352	{_13649_ B 0.924352}
u_cfg.g_live.g_bank\[9\].u_prompt	ot_sram_1r1w_512x128_m4_r2c2	rd_out[112]	u_cfg.g_live.bank_q\[624\]	0.924352	{_13132_ B 0.924352}
u_cfg.g_live.g_bank\[9\].u_prompt	ot_sram_1r1w_512x128_m4_r2c2	rd_out[113]	u_cfg.g_live.bank_q\[625\]	0.489888	{_13162_ B 0.489888}
u_cfg.g_live.g_bank\[9\].u_prompt	ot_sram_1r1w_512x128_m4_r2c2	rd_out[114]	u_cfg.g_live.bank_q\[626\]	0.924352	{_13364_ B 0.924352}
u_cfg.g_live.g_bank\[9\].u_prompt	ot_sram_1r1w_512x128_m4_r2c2	rd_out[115]	u_cfg.g_live.bank_q\[627\]	0.924352	{_13420_ B 0.924352}
u_cfg.g_live.g_bank\[9\].u_prompt	ot_sram_1r1w_512x128_m4_r2c2	rd_out[116]	u_cfg.g_live.bank_q\[628\]	0.924352	{_12984_ B 0.924352}
u_cfg.g_live.g_bank\[9\].u_prompt	ot_sram_1r1w_512x128_m4_r2c2	rd_out[117]	u_cfg.g_live.bank_q\[629\]	0.924352	{_13230_ B 0.924352}
u_cfg.g_live.g_bank\[9\].u_prompt	ot_sram_1r1w_512x128_m4_r2c2	rd_out[118]	u_cfg.g_live.bank_q\[630\]	0.924352	{_13288_ B 0.924352}
u_cfg.g_live.g_bank\[9\].u_prompt	ot_sram_1r1w_512x128_m4_r2c2	rd_out[119]	u_cfg.g_live.bank_q\[631\]	0.924352	{_13340_ B 0.924352}
u_cfg.g_live.g_bank\[9\].u_prompt	ot_sram_1r1w_512x128_m4_r2c2	rd_out[120]	u_cfg.g_live.bank_q\[632\]	0.924352	{_13116_ B 0.924352}
u_cfg.g_live.g_bank\[9\].u_prompt	ot_sram_1r1w_512x128_m4_r2c2	rd_out[121]	u_cfg.g_live.bank_q\[633\]	0.924352	{_14416_ B 0.924352}
u_cfg.g_live.g_bank\[9\].u_prompt	ot_sram_1r1w_512x128_m4_r2c2	rd_out[122]	u_cfg.g_live.bank_q\[634\]	0.924352	{_14855_ B 0.924352}
u_cfg.g_live.g_bank\[9\].u_prompt	ot_sram_1r1w_512x128_m4_r2c2	rd_out[123]	u_cfg.g_live.bank_q\[635\]	0.578766	{_15027_ A 0.578766}
u_cfg.g_live.g_bank\[9\].u_prompt	ot_sram_1r1w_512x128_m4_r2c2	rd_out[124]	u_cfg.g_live.bank_q\[636\]	0.924352	{_14122_ B 0.924352}
u_cfg.g_live.g_bank\[9\].u_prompt	ot_sram_1r1w_512x128_m4_r2c2	rd_out[125]	u_cfg.g_live.bank_q\[637\]	0.578766	{_12958_ A 0.578766}
u_cfg.g_live.g_bank\[9\].u_prompt	ot_sram_1r1w_512x128_m4_r2c2	rd_out[126]	u_cfg.g_live.bank_q\[638\]	0.924352	{_15490_ B 0.924352}
u_cfg.g_live.g_bank\[9\].u_prompt	ot_sram_1r1w_512x128_m4_r2c2	rd_out[127]	u_cfg.g_live.bank_q\[639\]	0.924352	{_14791_ B 0.924352}
u_cfg.g_live.g_bank\[9\].u_prompt	ot_sram_1r1w_512x128_m4_r2c2	w_ce_in	_02040_	0.578800	
u_cfg.g_live.g_bank\[9\].u_prompt	ot_sram_1r1w_512x128_m4_r2c2	w_addr_in[0]	_01885_	0.578800	
u_cfg.g_live.g_bank\[9\].u_prompt	ot_sram_1r1w_512x128_m4_r2c2	w_addr_in[1]	_01886_	0.578800	
u_cfg.g_live.g_bank\[9\].u_prompt	ot_sram_1r1w_512x128_m4_r2c2	w_addr_in[2]	_01887_	0.578800	
u_cfg.g_live.g_bank\[9\].u_prompt	ot_sram_1r1w_512x128_m4_r2c2	w_addr_in[3]	_01888_	0.578800	
u_cfg.g_live.g_bank\[9\].u_prompt	ot_sram_1r1w_512x128_m4_r2c2	w_addr_in[4]	_01889_	0.578800	
u_cfg.g_live.g_bank\[9\].u_prompt	ot_sram_1r1w_512x128_m4_r2c2	w_addr_in[5]	_01890_	0.578800	
u_cfg.g_live.g_bank\[9\].u_prompt	ot_sram_1r1w_512x128_m4_r2c2	w_addr_in[6]	_01891_	0.578800	
u_cfg.g_live.g_bank\[9\].u_prompt	ot_sram_1r1w_512x128_m4_r2c2	w_addr_in[7]	_01892_	0.578800	
u_cfg.g_live.g_bank\[9\].u_prompt	ot_sram_1r1w_512x128_m4_r2c2	w_addr_in[8]	_01893_	0.578800	
u_cfg.g_live.g_bank\[9\].u_prompt	ot_sram_1r1w_512x128_m4_r2c2	wd_in[0]	_01894_	0.578800	
u_cfg.g_live.g_bank\[9\].u_prompt	ot_sram_1r1w_512x128_m4_r2c2	wd_in[1]	_01933_	0.578800	
u_cfg.g_live.g_bank\[9\].u_prompt	ot_sram_1r1w_512x128_m4_r2c2	wd_in[2]	_01943_	0.578800	
u_cfg.g_live.g_bank\[9\].u_prompt	ot_sram_1r1w_512x128_m4_r2c2	wd_in[3]	_01954_	0.578800	
u_cfg.g_live.g_bank\[9\].u_prompt	ot_sram_1r1w_512x128_m4_r2c2	wd_in[4]	_01965_	0.578800	
u_cfg.g_live.g_bank\[9\].u_prompt	ot_sram_1r1w_512x128_m4_r2c2	wd_in[5]	_01976_	0.578800	
u_cfg.g_live.g_bank\[9\].u_prompt	ot_sram_1r1w_512x128_m4_r2c2	wd_in[6]	_01987_	0.578800	
u_cfg.g_live.g_bank\[9\].u_prompt	ot_sram_1r1w_512x128_m4_r2c2	wd_in[7]	_01998_	0.578800	
u_cfg.g_live.g_bank\[9\].u_prompt	ot_sram_1r1w_512x128_m4_r2c2	wd_in[8]	_02009_	0.578800	
u_cfg.g_live.g_bank\[9\].u_prompt	ot_sram_1r1w_512x128_m4_r2c2	wd_in[9]	_02020_	0.578800	
u_cfg.g_live.g_bank\[9\].u_prompt	ot_sram_1r1w_512x128_m4_r2c2	wd_in[10]	_01905_	0.578800	
u_cfg.g_live.g_bank\[9\].u_prompt	ot_sram_1r1w_512x128_m4_r2c2	wd_in[11]	_01916_	0.578800	
u_cfg.g_live.g_bank\[9\].u_prompt	ot_sram_1r1w_512x128_m4_r2c2	wd_in[12]	_01925_	0.578800	
u_cfg.g_live.g_bank\[9\].u_prompt	ot_sram_1r1w_512x128_m4_r2c2	wd_in[13]	_01926_	0.578800	
u_cfg.g_live.g_bank\[9\].u_prompt	ot_sram_1r1w_512x128_m4_r2c2	wd_in[14]	_01927_	0.578800	
u_cfg.g_live.g_bank\[9\].u_prompt	ot_sram_1r1w_512x128_m4_r2c2	wd_in[15]	_01928_	0.578800	
u_cfg.g_live.g_bank\[9\].u_prompt	ot_sram_1r1w_512x128_m4_r2c2	wd_in[16]	_01929_	0.578800	
u_cfg.g_live.g_bank\[9\].u_prompt	ot_sram_1r1w_512x128_m4_r2c2	wd_in[17]	_01930_	0.578800	
u_cfg.g_live.g_bank\[9\].u_prompt	ot_sram_1r1w_512x128_m4_r2c2	wd_in[18]	_01931_	0.578800	
u_cfg.g_live.g_bank\[9\].u_prompt	ot_sram_1r1w_512x128_m4_r2c2	wd_in[19]	_01932_	0.578800	
u_cfg.g_live.g_bank\[9\].u_prompt	ot_sram_1r1w_512x128_m4_r2c2	wd_in[20]	_01934_	0.578800	
u_cfg.g_live.g_bank\[9\].u_prompt	ot_sram_1r1w_512x128_m4_r2c2	wd_in[21]	_01935_	0.578800	
u_cfg.g_live.g_bank\[9\].u_prompt	ot_sram_1r1w_512x128_m4_r2c2	wd_in[22]	_01936_	0.578800	
u_cfg.g_live.g_bank\[9\].u_prompt	ot_sram_1r1w_512x128_m4_r2c2	wd_in[23]	_01937_	0.578800	
u_cfg.g_live.g_bank\[9\].u_prompt	ot_sram_1r1w_512x128_m4_r2c2	wd_in[24]	_01938_	0.578800	
u_cfg.g_live.g_bank\[9\].u_prompt	ot_sram_1r1w_512x128_m4_r2c2	wd_in[25]	_01939_	0.578800	
u_cfg.g_live.g_bank\[9\].u_prompt	ot_sram_1r1w_512x128_m4_r2c2	wd_in[26]	_10622_	0.578800	
u_cfg.g_live.g_bank\[9\].u_prompt	ot_sram_1r1w_512x128_m4_r2c2	wd_in[27]	_01940_	0.578800	
u_cfg.g_live.g_bank\[9\].u_prompt	ot_sram_1r1w_512x128_m4_r2c2	wd_in[28]	_01941_	0.578800	
u_cfg.g_live.g_bank\[9\].u_prompt	ot_sram_1r1w_512x128_m4_r2c2	wd_in[29]	_01942_	0.578800	
u_cfg.g_live.g_bank\[9\].u_prompt	ot_sram_1r1w_512x128_m4_r2c2	wd_in[30]	_01944_	0.578800	
u_cfg.g_live.g_bank\[9\].u_prompt	ot_sram_1r1w_512x128_m4_r2c2	wd_in[31]	_01945_	0.578800	
u_cfg.g_live.g_bank\[9\].u_prompt	ot_sram_1r1w_512x128_m4_r2c2	wd_in[32]	_01946_	0.578800	
u_cfg.g_live.g_bank\[9\].u_prompt	ot_sram_1r1w_512x128_m4_r2c2	wd_in[33]	_01947_	0.578800	
u_cfg.g_live.g_bank\[9\].u_prompt	ot_sram_1r1w_512x128_m4_r2c2	wd_in[34]	_01948_	0.578800	
u_cfg.g_live.g_bank\[9\].u_prompt	ot_sram_1r1w_512x128_m4_r2c2	wd_in[35]	_01949_	0.578800	
u_cfg.g_live.g_bank\[9\].u_prompt	ot_sram_1r1w_512x128_m4_r2c2	wd_in[36]	_01950_	0.578800	
u_cfg.g_live.g_bank\[9\].u_prompt	ot_sram_1r1w_512x128_m4_r2c2	wd_in[37]	_01951_	0.578800	
u_cfg.g_live.g_bank\[9\].u_prompt	ot_sram_1r1w_512x128_m4_r2c2	wd_in[38]	_01952_	0.578800	
u_cfg.g_live.g_bank\[9\].u_prompt	ot_sram_1r1w_512x128_m4_r2c2	wd_in[39]	_01953_	0.578800	
u_cfg.g_live.g_bank\[9\].u_prompt	ot_sram_1r1w_512x128_m4_r2c2	wd_in[40]	_01955_	0.578800	
u_cfg.g_live.g_bank\[9\].u_prompt	ot_sram_1r1w_512x128_m4_r2c2	wd_in[41]	_01956_	0.578800	
u_cfg.g_live.g_bank\[9\].u_prompt	ot_sram_1r1w_512x128_m4_r2c2	wd_in[42]	_01957_	0.578800	
u_cfg.g_live.g_bank\[9\].u_prompt	ot_sram_1r1w_512x128_m4_r2c2	wd_in[43]	_01958_	0.578800	
u_cfg.g_live.g_bank\[9\].u_prompt	ot_sram_1r1w_512x128_m4_r2c2	wd_in[44]	_01959_	0.578800	
u_cfg.g_live.g_bank\[9\].u_prompt	ot_sram_1r1w_512x128_m4_r2c2	wd_in[45]	_01960_	0.578800	
u_cfg.g_live.g_bank\[9\].u_prompt	ot_sram_1r1w_512x128_m4_r2c2	wd_in[46]	_01961_	0.578800	
u_cfg.g_live.g_bank\[9\].u_prompt	ot_sram_1r1w_512x128_m4_r2c2	wd_in[47]	_01962_	0.578800	
u_cfg.g_live.g_bank\[9\].u_prompt	ot_sram_1r1w_512x128_m4_r2c2	wd_in[48]	_01963_	0.578800	
u_cfg.g_live.g_bank\[9\].u_prompt	ot_sram_1r1w_512x128_m4_r2c2	wd_in[49]	_01964_	0.578800	
u_cfg.g_live.g_bank\[9\].u_prompt	ot_sram_1r1w_512x128_m4_r2c2	wd_in[50]	_01966_	0.578800	
u_cfg.g_live.g_bank\[9\].u_prompt	ot_sram_1r1w_512x128_m4_r2c2	wd_in[51]	_01967_	0.578800	
u_cfg.g_live.g_bank\[9\].u_prompt	ot_sram_1r1w_512x128_m4_r2c2	wd_in[52]	_01968_	0.578800	
u_cfg.g_live.g_bank\[9\].u_prompt	ot_sram_1r1w_512x128_m4_r2c2	wd_in[53]	_01969_	0.578800	
u_cfg.g_live.g_bank\[9\].u_prompt	ot_sram_1r1w_512x128_m4_r2c2	wd_in[54]	_01970_	0.578800	
u_cfg.g_live.g_bank\[9\].u_prompt	ot_sram_1r1w_512x128_m4_r2c2	wd_in[55]	_01971_	0.578800	
u_cfg.g_live.g_bank\[9\].u_prompt	ot_sram_1r1w_512x128_m4_r2c2	wd_in[56]	_01972_	0.578800	
u_cfg.g_live.g_bank\[9\].u_prompt	ot_sram_1r1w_512x128_m4_r2c2	wd_in[57]	_01973_	0.578800	
u_cfg.g_live.g_bank\[9\].u_prompt	ot_sram_1r1w_512x128_m4_r2c2	wd_in[58]	_01974_	0.578800	
u_cfg.g_live.g_bank\[9\].u_prompt	ot_sram_1r1w_512x128_m4_r2c2	wd_in[59]	_01975_	0.578800	
u_cfg.g_live.g_bank\[9\].u_prompt	ot_sram_1r1w_512x128_m4_r2c2	wd_in[60]	_01977_	0.578800	
u_cfg.g_live.g_bank\[9\].u_prompt	ot_sram_1r1w_512x128_m4_r2c2	wd_in[61]	_01978_	0.578800	
u_cfg.g_live.g_bank\[9\].u_prompt	ot_sram_1r1w_512x128_m4_r2c2	wd_in[62]	_01979_	0.578800	
u_cfg.g_live.g_bank\[9\].u_prompt	ot_sram_1r1w_512x128_m4_r2c2	wd_in[63]	_01980_	0.578800	
u_cfg.g_live.g_bank\[9\].u_prompt	ot_sram_1r1w_512x128_m4_r2c2	wd_in[64]	_01981_	0.578800	
u_cfg.g_live.g_bank\[9\].u_prompt	ot_sram_1r1w_512x128_m4_r2c2	wd_in[65]	_01982_	0.578800	
u_cfg.g_live.g_bank\[9\].u_prompt	ot_sram_1r1w_512x128_m4_r2c2	wd_in[66]	_01983_	0.578800	
u_cfg.g_live.g_bank\[9\].u_prompt	ot_sram_1r1w_512x128_m4_r2c2	wd_in[67]	_01984_	0.578800	
u_cfg.g_live.g_bank\[9\].u_prompt	ot_sram_1r1w_512x128_m4_r2c2	wd_in[68]	_01985_	0.578800	
u_cfg.g_live.g_bank\[9\].u_prompt	ot_sram_1r1w_512x128_m4_r2c2	wd_in[69]	_01986_	0.578800	
u_cfg.g_live.g_bank\[9\].u_prompt	ot_sram_1r1w_512x128_m4_r2c2	wd_in[70]	_01988_	0.578800	
u_cfg.g_live.g_bank\[9\].u_prompt	ot_sram_1r1w_512x128_m4_r2c2	wd_in[71]	_01989_	0.578800	
u_cfg.g_live.g_bank\[9\].u_prompt	ot_sram_1r1w_512x128_m4_r2c2	wd_in[72]	_01990_	0.578800	
u_cfg.g_live.g_bank\[9\].u_prompt	ot_sram_1r1w_512x128_m4_r2c2	wd_in[73]	_01991_	0.578800	
u_cfg.g_live.g_bank\[9\].u_prompt	ot_sram_1r1w_512x128_m4_r2c2	wd_in[74]	_01992_	0.578800	
u_cfg.g_live.g_bank\[9\].u_prompt	ot_sram_1r1w_512x128_m4_r2c2	wd_in[75]	_01993_	0.578800	
u_cfg.g_live.g_bank\[9\].u_prompt	ot_sram_1r1w_512x128_m4_r2c2	wd_in[76]	_01994_	0.578800	
u_cfg.g_live.g_bank\[9\].u_prompt	ot_sram_1r1w_512x128_m4_r2c2	wd_in[77]	_01995_	0.578800	
u_cfg.g_live.g_bank\[9\].u_prompt	ot_sram_1r1w_512x128_m4_r2c2	wd_in[78]	_01996_	0.578800	
u_cfg.g_live.g_bank\[9\].u_prompt	ot_sram_1r1w_512x128_m4_r2c2	wd_in[79]	_01997_	0.578800	
u_cfg.g_live.g_bank\[9\].u_prompt	ot_sram_1r1w_512x128_m4_r2c2	wd_in[80]	_01999_	0.578800	
u_cfg.g_live.g_bank\[9\].u_prompt	ot_sram_1r1w_512x128_m4_r2c2	wd_in[81]	_02000_	0.578800	
u_cfg.g_live.g_bank\[9\].u_prompt	ot_sram_1r1w_512x128_m4_r2c2	wd_in[82]	_02001_	0.578800	
u_cfg.g_live.g_bank\[9\].u_prompt	ot_sram_1r1w_512x128_m4_r2c2	wd_in[83]	_02002_	0.578800	
u_cfg.g_live.g_bank\[9\].u_prompt	ot_sram_1r1w_512x128_m4_r2c2	wd_in[84]	_02003_	0.578800	
u_cfg.g_live.g_bank\[9\].u_prompt	ot_sram_1r1w_512x128_m4_r2c2	wd_in[85]	_02004_	0.578800	
u_cfg.g_live.g_bank\[9\].u_prompt	ot_sram_1r1w_512x128_m4_r2c2	wd_in[86]	_02005_	0.578800	
u_cfg.g_live.g_bank\[9\].u_prompt	ot_sram_1r1w_512x128_m4_r2c2	wd_in[87]	_02006_	0.578800	
u_cfg.g_live.g_bank\[9\].u_prompt	ot_sram_1r1w_512x128_m4_r2c2	wd_in[88]	_02007_	0.578800	
u_cfg.g_live.g_bank\[9\].u_prompt	ot_sram_1r1w_512x128_m4_r2c2	wd_in[89]	_02008_	0.578800	
u_cfg.g_live.g_bank\[9\].u_prompt	ot_sram_1r1w_512x128_m4_r2c2	wd_in[90]	_02010_	0.578800	
u_cfg.g_live.g_bank\[9\].u_prompt	ot_sram_1r1w_512x128_m4_r2c2	wd_in[91]	_02011_	0.578800	
u_cfg.g_live.g_bank\[9\].u_prompt	ot_sram_1r1w_512x128_m4_r2c2	wd_in[92]	_02012_	0.578800	
u_cfg.g_live.g_bank\[9\].u_prompt	ot_sram_1r1w_512x128_m4_r2c2	wd_in[93]	_02013_	0.578800	
u_cfg.g_live.g_bank\[9\].u_prompt	ot_sram_1r1w_512x128_m4_r2c2	wd_in[94]	_02014_	0.578800	
u_cfg.g_live.g_bank\[9\].u_prompt	ot_sram_1r1w_512x128_m4_r2c2	wd_in[95]	_02015_	0.578800	
u_cfg.g_live.g_bank\[9\].u_prompt	ot_sram_1r1w_512x128_m4_r2c2	wd_in[96]	_02016_	0.578800	
u_cfg.g_live.g_bank\[9\].u_prompt	ot_sram_1r1w_512x128_m4_r2c2	wd_in[97]	_02017_	0.578800	
u_cfg.g_live.g_bank\[9\].u_prompt	ot_sram_1r1w_512x128_m4_r2c2	wd_in[98]	_02018_	0.578800	
u_cfg.g_live.g_bank\[9\].u_prompt	ot_sram_1r1w_512x128_m4_r2c2	wd_in[99]	_02019_	0.578800	
u_cfg.g_live.g_bank\[9\].u_prompt	ot_sram_1r1w_512x128_m4_r2c2	wd_in[100]	_01895_	0.578800	
u_cfg.g_live.g_bank\[9\].u_prompt	ot_sram_1r1w_512x128_m4_r2c2	wd_in[101]	_01896_	0.578800	
u_cfg.g_live.g_bank\[9\].u_prompt	ot_sram_1r1w_512x128_m4_r2c2	wd_in[102]	_01897_	0.578800	
u_cfg.g_live.g_bank\[9\].u_prompt	ot_sram_1r1w_512x128_m4_r2c2	wd_in[103]	_01898_	0.578800	
u_cfg.g_live.g_bank\[9\].u_prompt	ot_sram_1r1w_512x128_m4_r2c2	wd_in[104]	_01899_	0.578800	
u_cfg.g_live.g_bank\[9\].u_prompt	ot_sram_1r1w_512x128_m4_r2c2	wd_in[105]	_01900_	0.578800	
u_cfg.g_live.g_bank\[9\].u_prompt	ot_sram_1r1w_512x128_m4_r2c2	wd_in[106]	_01901_	0.578800	
u_cfg.g_live.g_bank\[9\].u_prompt	ot_sram_1r1w_512x128_m4_r2c2	wd_in[107]	_01902_	0.578800	
u_cfg.g_live.g_bank\[9\].u_prompt	ot_sram_1r1w_512x128_m4_r2c2	wd_in[108]	_01903_	0.578800	
u_cfg.g_live.g_bank\[9\].u_prompt	ot_sram_1r1w_512x128_m4_r2c2	wd_in[109]	_01904_	0.578800	
u_cfg.g_live.g_bank\[9\].u_prompt	ot_sram_1r1w_512x128_m4_r2c2	wd_in[110]	_01906_	0.578800	
u_cfg.g_live.g_bank\[9\].u_prompt	ot_sram_1r1w_512x128_m4_r2c2	wd_in[111]	_01907_	0.578800	
u_cfg.g_live.g_bank\[9\].u_prompt	ot_sram_1r1w_512x128_m4_r2c2	wd_in[112]	_01908_	0.578800	
u_cfg.g_live.g_bank\[9\].u_prompt	ot_sram_1r1w_512x128_m4_r2c2	wd_in[113]	_01909_	0.578800	
u_cfg.g_live.g_bank\[9\].u_prompt	ot_sram_1r1w_512x128_m4_r2c2	wd_in[114]	_01910_	0.578800	
u_cfg.g_live.g_bank\[9\].u_prompt	ot_sram_1r1w_512x128_m4_r2c2	wd_in[115]	_01911_	0.578800	
u_cfg.g_live.g_bank\[9\].u_prompt	ot_sram_1r1w_512x128_m4_r2c2	wd_in[116]	_01912_	0.578800	
u_cfg.g_live.g_bank\[9\].u_prompt	ot_sram_1r1w_512x128_m4_r2c2	wd_in[117]	_01913_	0.578800	
u_cfg.g_live.g_bank\[9\].u_prompt	ot_sram_1r1w_512x128_m4_r2c2	wd_in[118]	_01914_	0.578800	
u_cfg.g_live.g_bank\[9\].u_prompt	ot_sram_1r1w_512x128_m4_r2c2	wd_in[119]	_01915_	0.578800	
u_cfg.g_live.g_bank\[9\].u_prompt	ot_sram_1r1w_512x128_m4_r2c2	wd_in[120]	_01917_	0.578800	
u_cfg.g_live.g_bank\[9\].u_prompt	ot_sram_1r1w_512x128_m4_r2c2	wd_in[121]	_01918_	0.578800	
u_cfg.g_live.g_bank\[9\].u_prompt	ot_sram_1r1w_512x128_m4_r2c2	wd_in[122]	_01919_	0.578800	
u_cfg.g_live.g_bank\[9\].u_prompt	ot_sram_1r1w_512x128_m4_r2c2	wd_in[123]	_01920_	0.578800	
u_cfg.g_live.g_bank\[9\].u_prompt	ot_sram_1r1w_512x128_m4_r2c2	wd_in[124]	_01921_	0.578800	
u_cfg.g_live.g_bank\[9\].u_prompt	ot_sram_1r1w_512x128_m4_r2c2	wd_in[125]	_01922_	0.578800	
u_cfg.g_live.g_bank\[9\].u_prompt	ot_sram_1r1w_512x128_m4_r2c2	wd_in[126]	_01923_	0.578800	
u_cfg.g_live.g_bank\[9\].u_prompt	ot_sram_1r1w_512x128_m4_r2c2	wd_in[127]	_01924_	0.578800	
u_cfg.g_live.g_bank\[9\].u_prompt	ot_sram_1r1w_512x128_m4_r2c2	w_mask_in[0]	_02021_	0.578800	
u_cfg.g_live.g_bank\[9\].u_prompt	ot_sram_1r1w_512x128_m4_r2c2	w_mask_in[1]	_02021_	0.578800	
u_cfg.g_live.g_bank\[9\].u_prompt	ot_sram_1r1w_512x128_m4_r2c2	w_mask_in[2]	_02021_	0.578800	
u_cfg.g_live.g_bank\[9\].u_prompt	ot_sram_1r1w_512x128_m4_r2c2	w_mask_in[3]	_02021_	0.578800	
u_cfg.g_live.g_bank\[9\].u_prompt	ot_sram_1r1w_512x128_m4_r2c2	w_mask_in[4]	_02021_	0.578800	
u_cfg.g_live.g_bank\[9\].u_prompt	ot_sram_1r1w_512x128_m4_r2c2	w_mask_in[5]	_02021_	0.578800	
u_cfg.g_live.g_bank\[9\].u_prompt	ot_sram_1r1w_512x128_m4_r2c2	w_mask_in[6]	_02021_	0.578800	
u_cfg.g_live.g_bank\[9\].u_prompt	ot_sram_1r1w_512x128_m4_r2c2	w_mask_in[7]	_02021_	0.578800	
u_cfg.g_live.g_bank\[9\].u_prompt	ot_sram_1r1w_512x128_m4_r2c2	w_mask_in[8]	_02021_	0.578800	
u_cfg.g_live.g_bank\[9\].u_prompt	ot_sram_1r1w_512x128_m4_r2c2	w_mask_in[9]	_02021_	0.578800	
u_cfg.g_live.g_bank\[9\].u_prompt	ot_sram_1r1w_512x128_m4_r2c2	w_mask_in[10]	_02021_	0.578800	
u_cfg.g_live.g_bank\[9\].u_prompt	ot_sram_1r1w_512x128_m4_r2c2	w_mask_in[11]	_02021_	0.578800	
u_cfg.g_live.g_bank\[9\].u_prompt	ot_sram_1r1w_512x128_m4_r2c2	w_mask_in[12]	_02021_	0.578800	
u_cfg.g_live.g_bank\[9\].u_prompt	ot_sram_1r1w_512x128_m4_r2c2	w_mask_in[13]	_02021_	0.578800	
u_cfg.g_live.g_bank\[9\].u_prompt	ot_sram_1r1w_512x128_m4_r2c2	w_mask_in[14]	_02021_	0.578800	
u_cfg.g_live.g_bank\[9\].u_prompt	ot_sram_1r1w_512x128_m4_r2c2	w_mask_in[15]	_02021_	0.578800	
u_cfg.g_live.g_bank\[9\].u_prompt	ot_sram_1r1w_512x128_m4_r2c2	w_mask_in[16]	_02021_	0.578800	
u_cfg.g_live.g_bank\[9\].u_prompt	ot_sram_1r1w_512x128_m4_r2c2	w_mask_in[17]	_02021_	0.578800	
u_cfg.g_live.g_bank\[9\].u_prompt	ot_sram_1r1w_512x128_m4_r2c2	w_mask_in[18]	_02021_	0.578800	
u_cfg.g_live.g_bank\[9\].u_prompt	ot_sram_1r1w_512x128_m4_r2c2	w_mask_in[19]	_02021_	0.578800	
u_cfg.g_live.g_bank\[9\].u_prompt	ot_sram_1r1w_512x128_m4_r2c2	w_mask_in[20]	_02021_	0.578800	
u_cfg.g_live.g_bank\[9\].u_prompt	ot_sram_1r1w_512x128_m4_r2c2	w_mask_in[21]	_02021_	0.578800	
u_cfg.g_live.g_bank\[9\].u_prompt	ot_sram_1r1w_512x128_m4_r2c2	w_mask_in[22]	_02021_	0.578800	
u_cfg.g_live.g_bank\[9\].u_prompt	ot_sram_1r1w_512x128_m4_r2c2	w_mask_in[23]	_02021_	0.578800	
u_cfg.g_live.g_bank\[9\].u_prompt	ot_sram_1r1w_512x128_m4_r2c2	w_mask_in[24]	_02021_	0.578800	
u_cfg.g_live.g_bank\[9\].u_prompt	ot_sram_1r1w_512x128_m4_r2c2	w_mask_in[25]	_02021_	0.578800	
u_cfg.g_live.g_bank\[9\].u_prompt	ot_sram_1r1w_512x128_m4_r2c2	w_mask_in[26]	_02021_	0.578800	
u_cfg.g_live.g_bank\[9\].u_prompt	ot_sram_1r1w_512x128_m4_r2c2	w_mask_in[27]	_02021_	0.578800	
u_cfg.g_live.g_bank\[9\].u_prompt	ot_sram_1r1w_512x128_m4_r2c2	w_mask_in[28]	_02021_	0.578800	
u_cfg.g_live.g_bank\[9\].u_prompt	ot_sram_1r1w_512x128_m4_r2c2	w_mask_in[29]	_02021_	0.578800	
u_cfg.g_live.g_bank\[9\].u_prompt	ot_sram_1r1w_512x128_m4_r2c2	w_mask_in[30]	_02021_	0.578800	
u_cfg.g_live.g_bank\[9\].u_prompt	ot_sram_1r1w_512x128_m4_r2c2	w_mask_in[31]	_02021_	0.578800	
u_cfg.g_live.g_bank\[9\].u_prompt	ot_sram_1r1w_512x128_m4_r2c2	w_mask_in[32]	_02021_	0.578800	
u_cfg.g_live.g_bank\[9\].u_prompt	ot_sram_1r1w_512x128_m4_r2c2	w_mask_in[33]	_02021_	0.578800	
u_cfg.g_live.g_bank\[9\].u_prompt	ot_sram_1r1w_512x128_m4_r2c2	w_mask_in[34]	_02021_	0.578800	
u_cfg.g_live.g_bank\[9\].u_prompt	ot_sram_1r1w_512x128_m4_r2c2	w_mask_in[35]	_02021_	0.578800	
u_cfg.g_live.g_bank\[9\].u_prompt	ot_sram_1r1w_512x128_m4_r2c2	w_mask_in[36]	_02021_	0.578800	
u_cfg.g_live.g_bank\[9\].u_prompt	ot_sram_1r1w_512x128_m4_r2c2	w_mask_in[37]	_02021_	0.578800	
u_cfg.g_live.g_bank\[9\].u_prompt	ot_sram_1r1w_512x128_m4_r2c2	w_mask_in[38]	_02021_	0.578800	
u_cfg.g_live.g_bank\[9\].u_prompt	ot_sram_1r1w_512x128_m4_r2c2	w_mask_in[39]	_02021_	0.578800	
u_cfg.g_live.g_bank\[9\].u_prompt	ot_sram_1r1w_512x128_m4_r2c2	w_mask_in[40]	_02021_	0.578800	
u_cfg.g_live.g_bank\[9\].u_prompt	ot_sram_1r1w_512x128_m4_r2c2	w_mask_in[41]	_02021_	0.578800	
u_cfg.g_live.g_bank\[9\].u_prompt	ot_sram_1r1w_512x128_m4_r2c2	w_mask_in[42]	_02021_	0.578800	
u_cfg.g_live.g_bank\[9\].u_prompt	ot_sram_1r1w_512x128_m4_r2c2	w_mask_in[43]	_02021_	0.578800	
u_cfg.g_live.g_bank\[9\].u_prompt	ot_sram_1r1w_512x128_m4_r2c2	w_mask_in[44]	_02021_	0.578800	
u_cfg.g_live.g_bank\[9\].u_prompt	ot_sram_1r1w_512x128_m4_r2c2	w_mask_in[45]	_02021_	0.578800	
u_cfg.g_live.g_bank\[9\].u_prompt	ot_sram_1r1w_512x128_m4_r2c2	w_mask_in[46]	_02021_	0.578800	
u_cfg.g_live.g_bank\[9\].u_prompt	ot_sram_1r1w_512x128_m4_r2c2	w_mask_in[47]	_02021_	0.578800	
u_cfg.g_live.g_bank\[9\].u_prompt	ot_sram_1r1w_512x128_m4_r2c2	w_mask_in[48]	_02021_	0.578800	
u_cfg.g_live.g_bank\[9\].u_prompt	ot_sram_1r1w_512x128_m4_r2c2	w_mask_in[49]	_02021_	0.578800	
u_cfg.g_live.g_bank\[9\].u_prompt	ot_sram_1r1w_512x128_m4_r2c2	w_mask_in[50]	_02021_	0.578800	
u_cfg.g_live.g_bank\[9\].u_prompt	ot_sram_1r1w_512x128_m4_r2c2	w_mask_in[51]	_02021_	0.578800	
u_cfg.g_live.g_bank\[9\].u_prompt	ot_sram_1r1w_512x128_m4_r2c2	w_mask_in[52]	_02021_	0.578800	
u_cfg.g_live.g_bank\[9\].u_prompt	ot_sram_1r1w_512x128_m4_r2c2	w_mask_in[53]	_02021_	0.578800	
u_cfg.g_live.g_bank\[9\].u_prompt	ot_sram_1r1w_512x128_m4_r2c2	w_mask_in[54]	_02021_	0.578800	
u_cfg.g_live.g_bank\[9\].u_prompt	ot_sram_1r1w_512x128_m4_r2c2	w_mask_in[55]	_02021_	0.578800	
u_cfg.g_live.g_bank\[9\].u_prompt	ot_sram_1r1w_512x128_m4_r2c2	w_mask_in[56]	_02021_	0.578800	
u_cfg.g_live.g_bank\[9\].u_prompt	ot_sram_1r1w_512x128_m4_r2c2	w_mask_in[57]	_02021_	0.578800	
u_cfg.g_live.g_bank\[9\].u_prompt	ot_sram_1r1w_512x128_m4_r2c2	w_mask_in[58]	_02021_	0.578800	
u_cfg.g_live.g_bank\[9\].u_prompt	ot_sram_1r1w_512x128_m4_r2c2	w_mask_in[59]	_02021_	0.578800	
u_cfg.g_live.g_bank\[9\].u_prompt	ot_sram_1r1w_512x128_m4_r2c2	w_mask_in[60]	_02021_	0.578800	
u_cfg.g_live.g_bank\[9\].u_prompt	ot_sram_1r1w_512x128_m4_r2c2	w_mask_in[61]	_02021_	0.578800	
u_cfg.g_live.g_bank\[9\].u_prompt	ot_sram_1r1w_512x128_m4_r2c2	w_mask_in[62]	_02021_	0.578800	
u_cfg.g_live.g_bank\[9\].u_prompt	ot_sram_1r1w_512x128_m4_r2c2	w_mask_in[63]	_02021_	0.578800	
u_cfg.g_live.g_bank\[9\].u_prompt	ot_sram_1r1w_512x128_m4_r2c2	w_mask_in[64]	_02022_	0.578800	
u_cfg.g_live.g_bank\[9\].u_prompt	ot_sram_1r1w_512x128_m4_r2c2	w_mask_in[65]	_02022_	0.578800	
u_cfg.g_live.g_bank\[9\].u_prompt	ot_sram_1r1w_512x128_m4_r2c2	w_mask_in[66]	_02022_	0.578800	
u_cfg.g_live.g_bank\[9\].u_prompt	ot_sram_1r1w_512x128_m4_r2c2	w_mask_in[67]	_02022_	0.578800	
u_cfg.g_live.g_bank\[9\].u_prompt	ot_sram_1r1w_512x128_m4_r2c2	w_mask_in[68]	_02022_	0.578800	
u_cfg.g_live.g_bank\[9\].u_prompt	ot_sram_1r1w_512x128_m4_r2c2	w_mask_in[69]	_02022_	0.578800	
u_cfg.g_live.g_bank\[9\].u_prompt	ot_sram_1r1w_512x128_m4_r2c2	w_mask_in[70]	_02022_	0.578800	
u_cfg.g_live.g_bank\[9\].u_prompt	ot_sram_1r1w_512x128_m4_r2c2	w_mask_in[71]	_02022_	0.578800	
u_cfg.g_live.g_bank\[9\].u_prompt	ot_sram_1r1w_512x128_m4_r2c2	w_mask_in[72]	_02022_	0.578800	
u_cfg.g_live.g_bank\[9\].u_prompt	ot_sram_1r1w_512x128_m4_r2c2	w_mask_in[73]	_02022_	0.578800	
u_cfg.g_live.g_bank\[9\].u_prompt	ot_sram_1r1w_512x128_m4_r2c2	w_mask_in[74]	_02022_	0.578800	
u_cfg.g_live.g_bank\[9\].u_prompt	ot_sram_1r1w_512x128_m4_r2c2	w_mask_in[75]	_02022_	0.578800	
u_cfg.g_live.g_bank\[9\].u_prompt	ot_sram_1r1w_512x128_m4_r2c2	w_mask_in[76]	_02022_	0.578800	
u_cfg.g_live.g_bank\[9\].u_prompt	ot_sram_1r1w_512x128_m4_r2c2	w_mask_in[77]	_02022_	0.578800	
u_cfg.g_live.g_bank\[9\].u_prompt	ot_sram_1r1w_512x128_m4_r2c2	w_mask_in[78]	_02022_	0.578800	
u_cfg.g_live.g_bank\[9\].u_prompt	ot_sram_1r1w_512x128_m4_r2c2	w_mask_in[79]	_02022_	0.578800	
u_cfg.g_live.g_bank\[9\].u_prompt	ot_sram_1r1w_512x128_m4_r2c2	w_mask_in[80]	_02022_	0.578800	
u_cfg.g_live.g_bank\[9\].u_prompt	ot_sram_1r1w_512x128_m4_r2c2	w_mask_in[81]	_02022_	0.578800	
u_cfg.g_live.g_bank\[9\].u_prompt	ot_sram_1r1w_512x128_m4_r2c2	w_mask_in[82]	_02022_	0.578800	
u_cfg.g_live.g_bank\[9\].u_prompt	ot_sram_1r1w_512x128_m4_r2c2	w_mask_in[83]	_02022_	0.578800	
u_cfg.g_live.g_bank\[9\].u_prompt	ot_sram_1r1w_512x128_m4_r2c2	w_mask_in[84]	_02022_	0.578800	
u_cfg.g_live.g_bank\[9\].u_prompt	ot_sram_1r1w_512x128_m4_r2c2	w_mask_in[85]	_02022_	0.578800	
u_cfg.g_live.g_bank\[9\].u_prompt	ot_sram_1r1w_512x128_m4_r2c2	w_mask_in[86]	_02022_	0.578800	
u_cfg.g_live.g_bank\[9\].u_prompt	ot_sram_1r1w_512x128_m4_r2c2	w_mask_in[87]	_02022_	0.578800	
u_cfg.g_live.g_bank\[9\].u_prompt	ot_sram_1r1w_512x128_m4_r2c2	w_mask_in[88]	_02022_	0.578800	
u_cfg.g_live.g_bank\[9\].u_prompt	ot_sram_1r1w_512x128_m4_r2c2	w_mask_in[89]	_02022_	0.578800	
u_cfg.g_live.g_bank\[9\].u_prompt	ot_sram_1r1w_512x128_m4_r2c2	w_mask_in[90]	_02022_	0.578800	
u_cfg.g_live.g_bank\[9\].u_prompt	ot_sram_1r1w_512x128_m4_r2c2	w_mask_in[91]	_02022_	0.578800	
u_cfg.g_live.g_bank\[9\].u_prompt	ot_sram_1r1w_512x128_m4_r2c2	w_mask_in[92]	_02022_	0.578800	
u_cfg.g_live.g_bank\[9\].u_prompt	ot_sram_1r1w_512x128_m4_r2c2	w_mask_in[93]	_02022_	0.578800	
u_cfg.g_live.g_bank\[9\].u_prompt	ot_sram_1r1w_512x128_m4_r2c2	w_mask_in[94]	_02022_	0.578800	
u_cfg.g_live.g_bank\[9\].u_prompt	ot_sram_1r1w_512x128_m4_r2c2	w_mask_in[95]	_02022_	0.578800	
u_cfg.g_live.g_bank\[9\].u_prompt	ot_sram_1r1w_512x128_m4_r2c2	w_mask_in[96]	_02022_	0.578800	
u_cfg.g_live.g_bank\[9\].u_prompt	ot_sram_1r1w_512x128_m4_r2c2	w_mask_in[97]	_02022_	0.578800	
u_cfg.g_live.g_bank\[9\].u_prompt	ot_sram_1r1w_512x128_m4_r2c2	w_mask_in[98]	_02022_	0.578800	
u_cfg.g_live.g_bank\[9\].u_prompt	ot_sram_1r1w_512x128_m4_r2c2	w_mask_in[99]	_02022_	0.578800	
u_cfg.g_live.g_bank\[9\].u_prompt	ot_sram_1r1w_512x128_m4_r2c2	w_mask_in[100]	_02022_	0.578800	
u_cfg.g_live.g_bank\[9\].u_prompt	ot_sram_1r1w_512x128_m4_r2c2	w_mask_in[101]	_02022_	0.578800	
u_cfg.g_live.g_bank\[9\].u_prompt	ot_sram_1r1w_512x128_m4_r2c2	w_mask_in[102]	_02022_	0.578800	
u_cfg.g_live.g_bank\[9\].u_prompt	ot_sram_1r1w_512x128_m4_r2c2	w_mask_in[103]	_02022_	0.578800	
u_cfg.g_live.g_bank\[9\].u_prompt	ot_sram_1r1w_512x128_m4_r2c2	w_mask_in[104]	_02022_	0.578800	
u_cfg.g_live.g_bank\[9\].u_prompt	ot_sram_1r1w_512x128_m4_r2c2	w_mask_in[105]	_02022_	0.578800	
u_cfg.g_live.g_bank\[9\].u_prompt	ot_sram_1r1w_512x128_m4_r2c2	w_mask_in[106]	_02022_	0.578800	
u_cfg.g_live.g_bank\[9\].u_prompt	ot_sram_1r1w_512x128_m4_r2c2	w_mask_in[107]	_02022_	0.578800	
u_cfg.g_live.g_bank\[9\].u_prompt	ot_sram_1r1w_512x128_m4_r2c2	w_mask_in[108]	_02022_	0.578800	
u_cfg.g_live.g_bank\[9\].u_prompt	ot_sram_1r1w_512x128_m4_r2c2	w_mask_in[109]	_02022_	0.578800	
u_cfg.g_live.g_bank\[9\].u_prompt	ot_sram_1r1w_512x128_m4_r2c2	w_mask_in[110]	_02022_	0.578800	
u_cfg.g_live.g_bank\[9\].u_prompt	ot_sram_1r1w_512x128_m4_r2c2	w_mask_in[111]	_02022_	0.578800	
u_cfg.g_live.g_bank\[9\].u_prompt	ot_sram_1r1w_512x128_m4_r2c2	w_mask_in[112]	_02022_	0.578800	
u_cfg.g_live.g_bank\[9\].u_prompt	ot_sram_1r1w_512x128_m4_r2c2	w_mask_in[113]	_02022_	0.578800	
u_cfg.g_live.g_bank\[9\].u_prompt	ot_sram_1r1w_512x128_m4_r2c2	w_mask_in[114]	_02022_	0.578800	
u_cfg.g_live.g_bank\[9\].u_prompt	ot_sram_1r1w_512x128_m4_r2c2	w_mask_in[115]	_02022_	0.578800	
u_cfg.g_live.g_bank\[9\].u_prompt	ot_sram_1r1w_512x128_m4_r2c2	w_mask_in[116]	_02022_	0.578800	
u_cfg.g_live.g_bank\[9\].u_prompt	ot_sram_1r1w_512x128_m4_r2c2	w_mask_in[117]	_02022_	0.578800	
u_cfg.g_live.g_bank\[9\].u_prompt	ot_sram_1r1w_512x128_m4_r2c2	w_mask_in[118]	_02022_	0.578800	
u_cfg.g_live.g_bank\[9\].u_prompt	ot_sram_1r1w_512x128_m4_r2c2	w_mask_in[119]	_02022_	0.578800	
u_cfg.g_live.g_bank\[9\].u_prompt	ot_sram_1r1w_512x128_m4_r2c2	w_mask_in[120]	_02022_	0.578800	
u_cfg.g_live.g_bank\[9\].u_prompt	ot_sram_1r1w_512x128_m4_r2c2	w_mask_in[121]	_02022_	0.578800	
u_cfg.g_live.g_bank\[9\].u_prompt	ot_sram_1r1w_512x128_m4_r2c2	w_mask_in[122]	_02022_	0.578800	
u_cfg.g_live.g_bank\[9\].u_prompt	ot_sram_1r1w_512x128_m4_r2c2	w_mask_in[123]	_02022_	0.578800	
u_cfg.g_live.g_bank\[9\].u_prompt	ot_sram_1r1w_512x128_m4_r2c2	w_mask_in[124]	_02022_	0.578800	
u_cfg.g_live.g_bank\[9\].u_prompt	ot_sram_1r1w_512x128_m4_r2c2	w_mask_in[125]	_02022_	0.578800	
u_cfg.g_live.g_bank\[9\].u_prompt	ot_sram_1r1w_512x128_m4_r2c2	w_mask_in[126]	_02022_	0.578800	
u_cfg.g_live.g_bank\[9\].u_prompt	ot_sram_1r1w_512x128_m4_r2c2	w_mask_in[127]	_02022_	0.578800	
u_cfg.g_live.g_bank\[9\].u_prompt	ot_sram_1r1w_512x128_m4_r2c2	rr_en[0]	_10622_	0.578800	
u_cfg.g_live.g_bank\[9\].u_prompt	ot_sram_1r1w_512x128_m4_r2c2	rr_en[1]	_10622_	0.578800	
u_cfg.g_live.g_bank\[9\].u_prompt	ot_sram_1r1w_512x128_m4_r2c2	rr_addr[0]	_10622_	0.578800	
u_cfg.g_live.g_bank\[9\].u_prompt	ot_sram_1r1w_512x128_m4_r2c2	rr_addr[1]	_10622_	0.578800	
u_cfg.g_live.g_bank\[9\].u_prompt	ot_sram_1r1w_512x128_m4_r2c2	rr_addr[2]	_10622_	0.578800	
u_cfg.g_live.g_bank\[9\].u_prompt	ot_sram_1r1w_512x128_m4_r2c2	rr_addr[3]	_10622_	0.578800	
u_cfg.g_live.g_bank\[9\].u_prompt	ot_sram_1r1w_512x128_m4_r2c2	rr_addr[4]	_10622_	0.578800	
u_cfg.g_live.g_bank\[9\].u_prompt	ot_sram_1r1w_512x128_m4_r2c2	rr_addr[5]	_10622_	0.578800	
u_cfg.g_live.g_bank\[9\].u_prompt	ot_sram_1r1w_512x128_m4_r2c2	rr_addr[6]	_10622_	0.578800	
u_cfg.g_live.g_bank\[9\].u_prompt	ot_sram_1r1w_512x128_m4_r2c2	rr_addr[7]	_10622_	0.578800	
u_cfg.g_live.g_bank\[9\].u_prompt	ot_sram_1r1w_512x128_m4_r2c2	rr_addr[8]	_10622_	0.578800	
u_cfg.g_live.g_bank\[9\].u_prompt	ot_sram_1r1w_512x128_m4_r2c2	rr_addr[9]	_10622_	0.578800	
u_cfg.g_live.g_bank\[9\].u_prompt	ot_sram_1r1w_512x128_m4_r2c2	rr_addr[10]	_10622_	0.578800	
u_cfg.g_live.g_bank\[9\].u_prompt	ot_sram_1r1w_512x128_m4_r2c2	rr_addr[11]	_10622_	0.578800	
u_cfg.g_live.g_bank\[9\].u_prompt	ot_sram_1r1w_512x128_m4_r2c2	rr_addr[12]	_10622_	0.578800	
u_cfg.g_live.g_bank\[9\].u_prompt	ot_sram_1r1w_512x128_m4_r2c2	rr_addr[13]	_10622_	0.578800	
u_cfg.g_live.g_bank\[9\].u_prompt	ot_sram_1r1w_512x128_m4_r2c2	cr_en[0]	_10622_	0.578800	
u_cfg.g_live.g_bank\[9\].u_prompt	ot_sram_1r1w_512x128_m4_r2c2	cr_en[1]	_10622_	0.578800	
u_cfg.g_live.g_bank\[9\].u_prompt	ot_sram_1r1w_512x128_m4_r2c2	cr_sel[0]	_10622_	0.578800	
u_cfg.g_live.g_bank\[9\].u_prompt	ot_sram_1r1w_512x128_m4_r2c2	cr_sel[1]	_10622_	0.578800	
u_cfg.g_live.g_bank\[9\].u_prompt	ot_sram_1r1w_512x128_m4_r2c2	cr_sel[2]	_10622_	0.578800	
u_cfg.g_live.g_bank\[9\].u_prompt	ot_sram_1r1w_512x128_m4_r2c2	cr_sel[3]	_10622_	0.578800	
u_cfg.g_live.g_bank\[9\].u_prompt	ot_sram_1r1w_512x128_m4_r2c2	cr_sel[4]	_10622_	0.578800	
u_cfg.g_live.g_bank\[9\].u_prompt	ot_sram_1r1w_512x128_m4_r2c2	cr_sel[5]	_10622_	0.578800	
u_cfg.g_live.g_bank\[9\].u_prompt	ot_sram_1r1w_512x128_m4_r2c2	cr_sel[6]	_10622_	0.578800	
u_cfg.g_live.g_bank\[9\].u_prompt	ot_sram_1r1w_512x128_m4_r2c2	cr_sel[7]	_10622_	0.578800	
u_cfg.g_live.g_bank\[9\].u_prompt	ot_sram_1r1w_512x128_m4_r2c2	cr_sel[8]	_10622_	0.578800	
u_cfg.g_live.g_bank\[9\].u_prompt	ot_sram_1r1w_512x128_m4_r2c2	cr_sel[9]	_10622_	0.578800	
u_cfg.g_live.g_bank\[9\].u_prompt	ot_sram_1r1w_512x128_m4_r2c2	cr_sel[10]	_10622_	0.578800	
u_cfg.g_live.g_bank\[9\].u_prompt	ot_sram_1r1w_512x128_m4_r2c2	cr_sel[11]	_10622_	0.578800	
u_cfg.g_live.g_bank\[9\].u_prompt	ot_sram_1r1w_512x128_m4_r2c2	cr_sel[12]	_10622_	0.578800	
u_cfg.g_live.g_bank\[9\].u_prompt	ot_sram_1r1w_512x128_m4_r2c2	cr_sel[13]	_10622_	0.578800	
u_whole.g_live.g_rank\[0\].u_book	ot_rom_4096x72_m8	clk	clk	8.683800	
u_whole.g_live.g_rank\[0\].u_book	ot_rom_4096x72_m8	ce_in	_02052_	0.578800	
u_whole.g_live.g_rank\[0\].u_book	ot_rom_4096x72_m8	addr_in[0]	u_whole.g_live.g_rank\[0\].next_address\[0\]	0.578800	
u_whole.g_live.g_rank\[0\].u_book	ot_rom_4096x72_m8	addr_in[1]	u_whole.g_live.g_rank\[0\].next_address\[1\]	0.578800	
u_whole.g_live.g_rank\[0\].u_book	ot_rom_4096x72_m8	addr_in[2]	u_whole.g_live.g_rank\[0\].next_address\[2\]	0.578800	
u_whole.g_live.g_rank\[0\].u_book	ot_rom_4096x72_m8	addr_in[3]	u_whole.g_live.g_rank\[0\].next_address\[3\]	0.578800	
u_whole.g_live.g_rank\[0\].u_book	ot_rom_4096x72_m8	addr_in[4]	u_whole.g_live.g_rank\[0\].next_address\[4\]	0.578800	
u_whole.g_live.g_rank\[0\].u_book	ot_rom_4096x72_m8	addr_in[5]	u_whole.g_live.g_rank\[0\].next_address\[5\]	0.578800	
u_whole.g_live.g_rank\[0\].u_book	ot_rom_4096x72_m8	addr_in[6]	u_whole.g_live.g_rank\[0\].next_address\[6\]	0.578800	
u_whole.g_live.g_rank\[0\].u_book	ot_rom_4096x72_m8	addr_in[7]	u_whole.g_live.g_rank\[0\].next_address\[7\]	0.578800	
u_whole.g_live.g_rank\[0\].u_book	ot_rom_4096x72_m8	addr_in[8]	u_whole.g_live.g_rank\[0\].next_address\[8\]	0.578800	
u_whole.g_live.g_rank\[0\].u_book	ot_rom_4096x72_m8	addr_in[9]	u_whole.g_live.g_rank\[0\].next_address\[9\]	0.578800	
u_whole.g_live.g_rank\[0\].u_book	ot_rom_4096x72_m8	addr_in[10]	u_whole.g_live.g_rank\[0\].next_address\[10\]	0.578800	
u_whole.g_live.g_rank\[0\].u_book	ot_rom_4096x72_m8	addr_in[11]	u_whole.g_live.g_rank\[0\].next_address\[11\]	0.578800	
u_whole.g_live.g_rank\[0\].u_book	ot_rom_4096x72_m8	rd_out[0]	u_whole.g_live.g_rank\[0\].q\[0\]	1.087097	{_19465_ A1 0.508331} {_17945_ A 0.578766}
u_whole.g_live.g_rank\[0\].u_book	ot_rom_4096x72_m8	rd_out[1]	u_whole.g_live.g_rank\[0\].q\[1\]	1.367122	{_19463_ A1 0.508331} {_17969_ B 0.858791}
u_whole.g_live.g_rank\[0\].u_book	ot_rom_4096x72_m8	rd_out[2]	u_whole.g_live.g_rank\[0\].q\[2\]	1.367122	{_19461_ A1 0.508331} {_17963_ B 0.858791}
u_whole.g_live.g_rank\[0\].u_book	ot_rom_4096x72_m8	rd_out[3]	u_whole.g_live.g_rank\[0\].q\[3\]	1.367122	{_19459_ A1 0.508331} {_18047_ B 0.858791}
u_whole.g_live.g_rank\[0\].u_book	ot_rom_4096x72_m8	rd_out[4]	u_whole.g_live.g_rank\[0\].q\[4\]	1.367122	{_19457_ A1 0.508331} {_18043_ B 0.858791}
u_whole.g_live.g_rank\[0\].u_book	ot_rom_4096x72_m8	rd_out[5]	u_whole.g_live.g_rank\[0\].q\[5\]	1.367122	{_19455_ A1 0.508331} {_18068_ B 0.858791}
u_whole.g_live.g_rank\[0\].u_book	ot_rom_4096x72_m8	rd_out[6]	u_whole.g_live.g_rank\[0\].q\[6\]	1.367122	{_20400_ A1 0.508331} {_18056_ B 0.858791}
u_whole.g_live.g_rank\[0\].u_book	ot_rom_4096x72_m8	rd_out[7]	u_whole.g_live.g_rank\[0\].q\[7\]	1.409487	{_18116_ A1 0.508331} {_18022_ B 0.901156}
u_whole.g_live.g_rank\[0\].u_book	ot_rom_4096x72_m8	rd_out[8]	u_whole.g_live.g_rank\[0\].q\[8\]	1.367122	{_18114_ A1 0.508331} {_17964_ B 0.858791}
u_whole.g_live.g_rank\[0\].u_book	ot_rom_4096x72_m8	rd_out[9]	u_whole.g_live.g_rank\[0\].q\[9\]	1.482478	{_18112_ A1 0.508331} {_18018_ A 0.578766} {_17997_ B2 0.395381}
u_whole.g_live.g_rank\[0\].u_book	ot_rom_4096x72_m8	rd_out[10]	u_whole.g_live.g_rank\[0\].q\[10\]	2.6688910000000003	{_18110_ A1 0.508331} {_18059_ A2 1.122090} {_18012_ B2 1.038470}
u_whole.g_live.g_rank\[0\].u_book	ot_rom_4096x72_m8	rd_out[11]	u_whole.g_live.g_rank\[0\].q\[11\]	1.409487	{_18107_ A1 0.508331} {_18019_ B 0.901156}
u_whole.g_live.g_rank\[0\].u_book	ot_rom_4096x72_m8	rd_out[12]	u_whole.g_live.g_rank\[0\].q\[12\]	1.367122	{_18104_ A1 0.508331} {_18067_ B 0.858791}
u_whole.g_live.g_rank\[0\].u_book	ot_rom_4096x72_m8	rd_out[13]	u_whole.g_live.g_rank\[0\].q\[13\]	1.367122	{_18102_ A1 0.508331} {_17887_ B 0.858791}
u_whole.g_live.g_rank\[0\].u_book	ot_rom_4096x72_m8	rd_out[14]	u_whole.g_live.g_rank\[0\].q\[14\]	1.367122	{_18100_ A1 0.508331} {_17921_ B 0.858791}
u_whole.g_live.g_rank\[0\].u_book	ot_rom_4096x72_m8	rd_out[15]	u_whole.g_live.g_rank\[0\].q\[15\]	1.367122	{_18098_ A1 0.508331} {_18055_ B 0.858791}
u_whole.g_live.g_rank\[0\].u_book	ot_rom_4096x72_m8	rd_out[16]	u_whole.g_live.g_rank\[0\].q\[16\]	1.367122	{_18096_ A1 0.508331} {_18066_ B 0.858791}
u_whole.g_live.g_rank\[0\].u_book	ot_rom_4096x72_m8	rd_out[17]	u_whole.g_live.g_rank\[0\].q\[17\]	1.087097	{_18094_ A1 0.508331} {_17994_ A 0.578766}
u_whole.g_live.g_rank\[0\].u_book	ot_rom_4096x72_m8	rd_out[18]	u_whole.g_live.g_rank\[0\].q\[18\]	1.367122	{_18092_ A1 0.508331} {_17970_ B 0.858791}
u_whole.g_live.g_rank\[0\].u_book	ot_rom_4096x72_m8	rd_out[19]	u_whole.g_live.g_rank\[0\].q\[19\]	1.4190369999999999	{_18090_ A1 0.508331} {_17992_ B2 0.459645} {_17981_ B2 0.451061}
u_whole.g_live.g_rank\[0\].u_book	ot_rom_4096x72_m8	rd_out[20]	u_whole.g_live.g_rank\[0\].q\[20\]	1.367122	{_19921_ A1 0.508331} {_17971_ B 0.858791}
u_whole.g_live.g_rank\[0\].u_book	ot_rom_4096x72_m8	rd_out[21]	u_whole.g_live.g_rank\[0\].q\[21\]	0.974147	{_18058_ A 0.578766} {_17990_ B2 0.395381}
u_whole.g_live.g_rank\[0\].u_book	ot_rom_4096x72_m8	rd_out[22]	u_whole.g_live.g_rank\[0\].q\[22\]	0.858791	{_17930_ B 0.858791}
u_whole.g_live.g_rank\[0\].u_book	ot_rom_4096x72_m8	rd_out[23]	u_whole.g_live.g_rank\[0\].q\[23\]	0.858791	{_18072_ B 0.858791}
u_whole.g_live.g_rank\[0\].u_book	ot_rom_4096x72_m8	rd_out[24]	u_whole.g_live.g_rank\[0\].q\[24\]	0.858791	{_18063_ B 0.858791}
u_whole.g_live.g_rank\[0\].u_book	ot_rom_4096x72_m8	rd_out[25]	u_whole.g_live.g_rank\[0\].q\[25\]	1.029827	{_18035_ B2 0.451061} {_18027_ A 0.578766}
u_whole.g_live.g_rank\[0\].u_book	ot_rom_4096x72_m8	rd_out[26]	u_whole.g_live.g_rank\[0\].q\[26\]	0.858791	{_17888_ B 0.858791}
u_whole.g_live.g_rank\[0\].u_book	ot_rom_4096x72_m8	rd_out[27]	u_whole.g_live.g_rank\[0\].q\[27\]	0.858791	{_18061_ B 0.858791}
u_whole.g_live.g_rank\[0\].u_book	ot_rom_4096x72_m8	rd_out[28]	u_whole.g_live.g_rank\[0\].q\[28\]	0.858791	{_17934_ B 0.858791}
u_whole.g_live.g_rank\[0\].u_book	ot_rom_4096x72_m8	rd_out[29]	u_whole.g_live.g_rank\[0\].q\[29\]	0.901156	{_18034_ B 0.901156}
u_whole.g_live.g_rank\[0\].u_book	ot_rom_4096x72_m8	rd_out[30]	u_whole.g_live.g_rank\[0\].q\[30\]	0.858791	{_17924_ B 0.858791}
u_whole.g_live.g_rank\[0\].u_book	ot_rom_4096x72_m8	rd_out[31]	u_whole.g_live.g_rank\[0\].q\[31\]	0.858791	{_17928_ B 0.858791}
u_whole.g_live.g_rank\[0\].u_book	ot_rom_4096x72_m8	rd_out[32]	u_whole.g_live.g_rank\[0\].q\[32\]	0.858791	{_17918_ B 0.858791}
u_whole.g_live.g_rank\[0\].u_book	ot_rom_4096x72_m8	rd_out[33]	u_whole.g_live.g_rank\[0\].q\[33\]	0.578766	{_18002_ A 0.578766}
u_whole.g_live.g_rank\[0\].u_book	ot_rom_4096x72_m8	rd_out[34]	u_whole.g_live.g_rank\[0\].q\[34\]	0.858791	{_17959_ B 0.858791}
u_whole.g_live.g_rank\[0\].u_book	ot_rom_4096x72_m8	rd_out[35]	u_whole.g_live.g_rank\[0\].q\[35\]	0.858791	{_18044_ B 0.858791}
u_whole.g_live.g_rank\[0\].u_book	ot_rom_4096x72_m8	rd_out[36]	u_whole.g_live.g_rank\[0\].q\[36\]	0.858791	{_17931_ B 0.858791}
u_whole.g_live.g_rank\[0\].u_book	ot_rom_4096x72_m8	rd_out[37]	u_whole.g_live.g_rank\[0\].q\[37\]	0.858791	{_17953_ B 0.858791}
u_whole.g_live.g_rank\[0\].u_book	ot_rom_4096x72_m8	rd_out[38]	u_whole.g_live.g_rank\[0\].q\[38\]	0.858791	{_17955_ B 0.858791}
u_whole.g_live.g_rank\[0\].u_book	ot_rom_4096x72_m8	rd_out[39]	u_whole.g_live.g_rank\[0\].q\[39\]	0.924899	{_18086_ A 0.924899}
u_whole.g_live.g_rank\[0\].u_book	ot_rom_4096x72_m8	rd_out[40]	u_whole.g_live.g_rank\[0\].q\[40\]	0.578766	{_20561_ A 0.578766}
u_whole.g_live.g_rank\[0\].u_book	ot_rom_4096x72_m8	rd_out[41]	u_whole.g_live.g_rank\[0\].q\[41\]	0.	
u_whole.g_live.g_rank\[0\].u_book	ot_rom_4096x72_m8	rd_out[42]	u_whole.g_live.g_rank\[0\].q\[42\]	0.	
u_whole.g_live.g_rank\[0\].u_book	ot_rom_4096x72_m8	rd_out[43]	u_whole.g_live.g_rank\[0\].q\[43\]	0.	
u_whole.g_live.g_rank\[0\].u_book	ot_rom_4096x72_m8	rd_out[44]	u_whole.g_live.g_rank\[0\].q\[44\]	0.	
u_whole.g_live.g_rank\[0\].u_book	ot_rom_4096x72_m8	rd_out[45]	u_whole.g_live.g_rank\[0\].q\[45\]	0.	
u_whole.g_live.g_rank\[0\].u_book	ot_rom_4096x72_m8	rd_out[46]	u_whole.g_live.g_rank\[0\].q\[46\]	0.	
u_whole.g_live.g_rank\[0\].u_book	ot_rom_4096x72_m8	rd_out[47]	u_whole.g_live.g_rank\[0\].q\[47\]	0.	
u_whole.g_live.g_rank\[0\].u_book	ot_rom_4096x72_m8	rd_out[48]	u_whole.g_live.g_rank\[0\].q\[48\]	0.	
u_whole.g_live.g_rank\[0\].u_book	ot_rom_4096x72_m8	rd_out[49]	u_whole.g_live.g_rank\[0\].q\[49\]	0.	
u_whole.g_live.g_rank\[0\].u_book	ot_rom_4096x72_m8	rd_out[50]	u_whole.g_live.g_rank\[0\].q\[50\]	0.	
u_whole.g_live.g_rank\[0\].u_book	ot_rom_4096x72_m8	rd_out[51]	u_whole.g_live.g_rank\[0\].q\[51\]	0.	
u_whole.g_live.g_rank\[0\].u_book	ot_rom_4096x72_m8	rd_out[52]	u_whole.g_live.g_rank\[0\].q\[52\]	0.	
u_whole.g_live.g_rank\[0\].u_book	ot_rom_4096x72_m8	rd_out[53]	u_whole.g_live.g_rank\[0\].q\[53\]	0.	
u_whole.g_live.g_rank\[0\].u_book	ot_rom_4096x72_m8	rd_out[54]	u_whole.g_live.g_rank\[0\].q\[54\]	0.	
u_whole.g_live.g_rank\[0\].u_book	ot_rom_4096x72_m8	rd_out[55]	u_whole.g_live.g_rank\[0\].q\[55\]	0.	
u_whole.g_live.g_rank\[0\].u_book	ot_rom_4096x72_m8	rd_out[56]	u_whole.g_live.g_rank\[0\].q\[56\]	0.	
u_whole.g_live.g_rank\[0\].u_book	ot_rom_4096x72_m8	rd_out[57]	u_whole.g_live.g_rank\[0\].q\[57\]	0.	
u_whole.g_live.g_rank\[0\].u_book	ot_rom_4096x72_m8	rd_out[58]	u_whole.g_live.g_rank\[0\].q\[58\]	0.	
u_whole.g_live.g_rank\[0\].u_book	ot_rom_4096x72_m8	rd_out[59]	u_whole.g_live.g_rank\[0\].q\[59\]	0.	
u_whole.g_live.g_rank\[0\].u_book	ot_rom_4096x72_m8	rd_out[60]	u_whole.g_live.g_rank\[0\].q\[60\]	0.	
u_whole.g_live.g_rank\[0\].u_book	ot_rom_4096x72_m8	rd_out[61]	u_whole.g_live.g_rank\[0\].q\[61\]	0.	
u_whole.g_live.g_rank\[0\].u_book	ot_rom_4096x72_m8	rd_out[62]	u_whole.g_live.g_rank\[0\].q\[62\]	0.	
u_whole.g_live.g_rank\[0\].u_book	ot_rom_4096x72_m8	rd_out[63]	u_whole.g_live.g_rank\[0\].q\[63\]	0.	
u_whole.g_live.g_rank\[0\].u_book	ot_rom_4096x72_m8	rd_out[64]	u_whole.g_live.g_rank\[0\].q\[64\]	0.	
u_whole.g_live.g_rank\[0\].u_book	ot_rom_4096x72_m8	rd_out[65]	u_whole.g_live.g_rank\[0\].q\[65\]	0.	
u_whole.g_live.g_rank\[0\].u_book	ot_rom_4096x72_m8	rd_out[66]	u_whole.g_live.g_rank\[0\].q\[66\]	0.	
u_whole.g_live.g_rank\[0\].u_book	ot_rom_4096x72_m8	rd_out[67]	u_whole.g_live.g_rank\[0\].q\[67\]	0.	
u_whole.g_live.g_rank\[0\].u_book	ot_rom_4096x72_m8	rd_out[68]	u_whole.g_live.g_rank\[0\].q\[68\]	0.	
u_whole.g_live.g_rank\[0\].u_book	ot_rom_4096x72_m8	rd_out[69]	u_whole.g_live.g_rank\[0\].q\[69\]	0.	
u_whole.g_live.g_rank\[0\].u_book	ot_rom_4096x72_m8	rd_out[70]	u_whole.g_live.g_rank\[0\].q\[70\]	0.	
u_whole.g_live.g_rank\[0\].u_book	ot_rom_4096x72_m8	rd_out[71]	u_whole.g_live.g_rank\[0\].q\[71\]	0.	
u_whole.g_live.g_rank\[1\].u_book	ot_rom_4096x72_m8	clk	clk	8.683800	
u_whole.g_live.g_rank\[1\].u_book	ot_rom_4096x72_m8	ce_in	_02049_	0.578800	
u_whole.g_live.g_rank\[1\].u_book	ot_rom_4096x72_m8	addr_in[0]	u_whole.g_live.g_rank\[1\].next_address\[0\]	0.578800	
u_whole.g_live.g_rank\[1\].u_book	ot_rom_4096x72_m8	addr_in[1]	u_whole.g_live.g_rank\[1\].next_address\[1\]	0.578800	
u_whole.g_live.g_rank\[1\].u_book	ot_rom_4096x72_m8	addr_in[2]	u_whole.g_live.g_rank\[1\].next_address\[2\]	0.578800	
u_whole.g_live.g_rank\[1\].u_book	ot_rom_4096x72_m8	addr_in[3]	u_whole.g_live.g_rank\[1\].next_address\[3\]	0.578800	
u_whole.g_live.g_rank\[1\].u_book	ot_rom_4096x72_m8	addr_in[4]	u_whole.g_live.g_rank\[1\].next_address\[4\]	0.578800	
u_whole.g_live.g_rank\[1\].u_book	ot_rom_4096x72_m8	addr_in[5]	u_whole.g_live.g_rank\[1\].next_address\[5\]	0.578800	
u_whole.g_live.g_rank\[1\].u_book	ot_rom_4096x72_m8	addr_in[6]	u_whole.g_live.g_rank\[1\].next_address\[6\]	0.578800	
u_whole.g_live.g_rank\[1\].u_book	ot_rom_4096x72_m8	addr_in[7]	u_whole.g_live.g_rank\[1\].next_address\[7\]	0.578800	
u_whole.g_live.g_rank\[1\].u_book	ot_rom_4096x72_m8	addr_in[8]	u_whole.g_live.g_rank\[1\].next_address\[8\]	0.578800	
u_whole.g_live.g_rank\[1\].u_book	ot_rom_4096x72_m8	addr_in[9]	u_whole.g_live.g_rank\[1\].next_address\[9\]	0.578800	
u_whole.g_live.g_rank\[1\].u_book	ot_rom_4096x72_m8	addr_in[10]	u_whole.g_live.g_rank\[1\].next_address\[10\]	0.578800	
u_whole.g_live.g_rank\[1\].u_book	ot_rom_4096x72_m8	addr_in[11]	u_whole.g_live.g_rank\[1\].next_address\[11\]	0.578800	
u_whole.g_live.g_rank\[1\].u_book	ot_rom_4096x72_m8	rd_out[0]	u_whole.g_live.g_rank\[1\].q\[0\]	1.409487	{_19477_ A1 0.508331} {_18158_ B 0.901156}
u_whole.g_live.g_rank\[1\].u_book	ot_rom_4096x72_m8	rd_out[1]	u_whole.g_live.g_rank\[1\].q\[1\]	1.367122	{_19475_ A1 0.508331} {_18316_ B 0.858791}
u_whole.g_live.g_rank\[1\].u_book	ot_rom_4096x72_m8	rd_out[2]	u_whole.g_live.g_rank\[1\].q\[2\]	2.03688	{_19473_ A1 0.508331} {_18275_ A2 1.124790} {_18166_ A2 0.403759}
u_whole.g_live.g_rank\[1\].u_book	ot_rom_4096x72_m8	rd_out[3]	u_whole.g_live.g_rank\[1\].q\[3\]	1.367122	{_19471_ A1 0.508331} {_18309_ B 0.858791}
u_whole.g_live.g_rank\[1\].u_book	ot_rom_4096x72_m8	rd_out[4]	u_whole.g_live.g_rank\[1\].q\[4\]	1.9421819999999999	{_19469_ A1 0.508331} {_18268_ B2 1.038470} {_18195_ B2 0.395381}
u_whole.g_live.g_rank\[1\].u_book	ot_rom_4096x72_m8	rd_out[5]	u_whole.g_live.g_rank\[1\].q\[5\]	1.087097	{_19467_ A1 0.508331} {_18151_ A 0.578766}
u_whole.g_live.g_rank\[1\].u_book	ot_rom_4096x72_m8	rd_out[6]	u_whole.g_live.g_rank\[1\].q\[6\]	1.087097	{_19913_ A1 0.508331} {_18218_ A 0.578766}
u_whole.g_live.g_rank\[1\].u_book	ot_rom_4096x72_m8	rd_out[7]	u_whole.g_live.g_rank\[1\].q\[7\]	1.367122	{_18352_ A1 0.508331} {_18212_ B 0.858791}
u_whole.g_live.g_rank\[1\].u_book	ot_rom_4096x72_m8	rd_out[8]	u_whole.g_live.g_rank\[1\].q\[8\]	1.409487	{_18350_ A1 0.508331} {_18171_ B 0.901156}
u_whole.g_live.g_rank\[1\].u_book	ot_rom_4096x72_m8	rd_out[9]	u_whole.g_live.g_rank\[1\].q\[9\]	1.367122	{_18348_ A1 0.508331} {_18238_ B 0.858791}
u_whole.g_live.g_rank\[1\].u_book	ot_rom_4096x72_m8	rd_out[10]	u_whole.g_live.g_rank\[1\].q\[10\]	1.367122	{_18346_ A1 0.508331} {_18240_ B 0.858791}
u_whole.g_live.g_rank\[1\].u_book	ot_rom_4096x72_m8	rd_out[11]	u_whole.g_live.g_rank\[1\].q\[11\]	1.087097	{_18343_ A1 0.508331} {_18163_ A 0.578766}
u_whole.g_live.g_rank\[1\].u_book	ot_rom_4096x72_m8	rd_out[12]	u_whole.g_live.g_rank\[1\].q\[12\]	1.367122	{_18340_ A1 0.508331} {_18292_ B 0.858791}
u_whole.g_live.g_rank\[1\].u_book	ot_rom_4096x72_m8	rd_out[13]	u_whole.g_live.g_rank\[1\].q\[13\]	1.482478	{_18338_ A1 0.508331} {_18258_ B2 0.395381} {_18198_ A 0.578766}
u_whole.g_live.g_rank\[1\].u_book	ot_rom_4096x72_m8	rd_out[14]	u_whole.g_live.g_rank\[1\].q\[14\]	1.367122	{_18336_ A1 0.508331} {_18289_ B 0.858791}
u_whole.g_live.g_rank\[1\].u_book	ot_rom_4096x72_m8	rd_out[15]	u_whole.g_live.g_rank\[1\].q\[15\]	1.087097	{_18334_ A1 0.508331} {_18153_ A 0.578766}
u_whole.g_live.g_rank\[1\].u_book	ot_rom_4096x72_m8	rd_out[16]	u_whole.g_live.g_rank\[1\].q\[16\]	1.409487	{_18332_ A1 0.508331} {_18157_ B 0.901156}
u_whole.g_live.g_rank\[1\].u_book	ot_rom_4096x72_m8	rd_out[17]	u_whole.g_live.g_rank\[1\].q\[17\]	1.367122	{_18330_ A1 0.508331} {_18286_ B 0.858791}
u_whole.g_live.g_rank\[1\].u_book	ot_rom_4096x72_m8	rd_out[18]	u_whole.g_live.g_rank\[1\].q\[18\]	1.367122	{_18328_ A1 0.508331} {_18293_ B 0.858791}
u_whole.g_live.g_rank\[1\].u_book	ot_rom_4096x72_m8	rd_out[19]	u_whole.g_live.g_rank\[1\].q\[19\]	1.409487	{_18326_ A1 0.508331} {_18260_ B 0.901156}
u_whole.g_live.g_rank\[1\].u_book	ot_rom_4096x72_m8	rd_out[20]	u_whole.g_live.g_rank\[1\].q\[20\]	1.367122	{_19919_ A1 0.508331} {_18314_ B 0.858791}
u_whole.g_live.g_rank\[1\].u_book	ot_rom_4096x72_m8	rd_out[21]	u_whole.g_live.g_rank\[1\].q\[21\]	1.433851	{_18272_ B2 0.395381} {_18256_ B2 1.038470}
u_whole.g_live.g_rank\[1\].u_book	ot_rom_4096x72_m8	rd_out[22]	u_whole.g_live.g_rank\[1\].q\[22\]	0.858791	{_18244_ B 0.858791}
u_whole.g_live.g_rank\[1\].u_book	ot_rom_4096x72_m8	rd_out[23]	u_whole.g_live.g_rank\[1\].q\[23\]	0.908721	{_18274_ B2 0.395381} {_18223_ B2 0.513340}
u_whole.g_live.g_rank\[1\].u_book	ot_rom_4096x72_m8	rd_out[24]	u_whole.g_live.g_rank\[1\].q\[24\]	0.908721	{_18281_ B2 0.513340} {_18188_ B2 0.395381}
u_whole.g_live.g_rank\[1\].u_book	ot_rom_4096x72_m8	rd_out[25]	u_whole.g_live.g_rank\[1\].q\[25\]	0.858791	{_18291_ B 0.858791}
u_whole.g_live.g_rank\[1\].u_book	ot_rom_4096x72_m8	rd_out[26]	u_whole.g_live.g_rank\[1\].q\[26\]	0.858791	{_18305_ B 0.858791}
u_whole.g_live.g_rank\[1\].u_book	ot_rom_4096x72_m8	rd_out[27]	u_whole.g_live.g_rank\[1\].q\[27\]	2.06721	{_18285_ B2 1.028740} {_18193_ B2 1.038470}
u_whole.g_live.g_rank\[1\].u_book	ot_rom_4096x72_m8	rd_out[28]	u_whole.g_live.g_rank\[1\].q\[28\]	1.489531	{_18160_ B2 0.451061} {_18150_ B2 1.038470}
u_whole.g_live.g_rank\[1\].u_book	ot_rom_4096x72_m8	rd_out[29]	u_whole.g_live.g_rank\[1\].q\[29\]	0.858791	{_18243_ B 0.858791}
u_whole.g_live.g_rank\[1\].u_book	ot_rom_4096x72_m8	rd_out[30]	u_whole.g_live.g_rank\[1\].q\[30\]	0.901156	{_18178_ B 0.901156}
u_whole.g_live.g_rank\[1\].u_book	ot_rom_4096x72_m8	rd_out[31]	u_whole.g_live.g_rank\[1\].q\[31\]	0.858791	{_18245_ B 0.858791}
u_whole.g_live.g_rank\[1\].u_book	ot_rom_4096x72_m8	rd_out[32]	u_whole.g_live.g_rank\[1\].q\[32\]	0.858791	{_18298_ B 0.858791}
u_whole.g_live.g_rank\[1\].u_book	ot_rom_4096x72_m8	rd_out[33]	u_whole.g_live.g_rank\[1\].q\[33\]	0.901156	{_18263_ B 0.901156}
u_whole.g_live.g_rank\[1\].u_book	ot_rom_4096x72_m8	rd_out[34]	u_whole.g_live.g_rank\[1\].q\[34\]	0.908721	{_18284_ B2 0.513340} {_18183_ B2 0.395381}
u_whole.g_live.g_rank\[1\].u_book	ot_rom_4096x72_m8	rd_out[35]	u_whole.g_live.g_rank\[1\].q\[35\]	1.029827	{_18269_ B2 0.451061} {_18167_ A 0.578766}
u_whole.g_live.g_rank\[1\].u_book	ot_rom_4096x72_m8	rd_out[36]	u_whole.g_live.g_rank\[1\].q\[36\]	1.489531	{_18275_ B2 1.038470} {_18203_ B2 0.451061}
u_whole.g_live.g_rank\[1\].u_book	ot_rom_4096x72_m8	rd_out[37]	u_whole.g_live.g_rank\[1\].q\[37\]	1.437692	{_18282_ B 0.924352} {_18221_ B2 0.513340}
u_whole.g_live.g_rank\[1\].u_book	ot_rom_4096x72_m8	rd_out[38]	u_whole.g_live.g_rank\[1\].q\[38\]	1.433851	{_18184_ B2 1.038470} {_18165_ B2 0.395381}
u_whole.g_live.g_rank\[1\].u_book	ot_rom_4096x72_m8	rd_out[39]	u_whole.g_live.g_rank\[1\].q\[39\]	0.924899	{_18322_ A 0.924899}
u_whole.g_live.g_rank\[1\].u_book	ot_rom_4096x72_m8	rd_out[40]	u_whole.g_live.g_rank\[1\].q\[40\]	0.578766	{_20544_ A 0.578766}
u_whole.g_live.g_rank\[1\].u_book	ot_rom_4096x72_m8	rd_out[41]	u_whole.g_live.g_rank\[1\].q\[41\]	0.	
u_whole.g_live.g_rank\[1\].u_book	ot_rom_4096x72_m8	rd_out[42]	u_whole.g_live.g_rank\[1\].q\[42\]	0.	
u_whole.g_live.g_rank\[1\].u_book	ot_rom_4096x72_m8	rd_out[43]	u_whole.g_live.g_rank\[1\].q\[43\]	0.	
u_whole.g_live.g_rank\[1\].u_book	ot_rom_4096x72_m8	rd_out[44]	u_whole.g_live.g_rank\[1\].q\[44\]	0.	
u_whole.g_live.g_rank\[1\].u_book	ot_rom_4096x72_m8	rd_out[45]	u_whole.g_live.g_rank\[1\].q\[45\]	0.	
u_whole.g_live.g_rank\[1\].u_book	ot_rom_4096x72_m8	rd_out[46]	u_whole.g_live.g_rank\[1\].q\[46\]	0.	
u_whole.g_live.g_rank\[1\].u_book	ot_rom_4096x72_m8	rd_out[47]	u_whole.g_live.g_rank\[1\].q\[47\]	0.	
u_whole.g_live.g_rank\[1\].u_book	ot_rom_4096x72_m8	rd_out[48]	u_whole.g_live.g_rank\[1\].q\[48\]	0.	
u_whole.g_live.g_rank\[1\].u_book	ot_rom_4096x72_m8	rd_out[49]	u_whole.g_live.g_rank\[1\].q\[49\]	0.	
u_whole.g_live.g_rank\[1\].u_book	ot_rom_4096x72_m8	rd_out[50]	u_whole.g_live.g_rank\[1\].q\[50\]	0.	
u_whole.g_live.g_rank\[1\].u_book	ot_rom_4096x72_m8	rd_out[51]	u_whole.g_live.g_rank\[1\].q\[51\]	0.	
u_whole.g_live.g_rank\[1\].u_book	ot_rom_4096x72_m8	rd_out[52]	u_whole.g_live.g_rank\[1\].q\[52\]	0.	
u_whole.g_live.g_rank\[1\].u_book	ot_rom_4096x72_m8	rd_out[53]	u_whole.g_live.g_rank\[1\].q\[53\]	0.	
u_whole.g_live.g_rank\[1\].u_book	ot_rom_4096x72_m8	rd_out[54]	u_whole.g_live.g_rank\[1\].q\[54\]	0.	
u_whole.g_live.g_rank\[1\].u_book	ot_rom_4096x72_m8	rd_out[55]	u_whole.g_live.g_rank\[1\].q\[55\]	0.	
u_whole.g_live.g_rank\[1\].u_book	ot_rom_4096x72_m8	rd_out[56]	u_whole.g_live.g_rank\[1\].q\[56\]	0.	
u_whole.g_live.g_rank\[1\].u_book	ot_rom_4096x72_m8	rd_out[57]	u_whole.g_live.g_rank\[1\].q\[57\]	0.	
u_whole.g_live.g_rank\[1\].u_book	ot_rom_4096x72_m8	rd_out[58]	u_whole.g_live.g_rank\[1\].q\[58\]	0.	
u_whole.g_live.g_rank\[1\].u_book	ot_rom_4096x72_m8	rd_out[59]	u_whole.g_live.g_rank\[1\].q\[59\]	0.	
u_whole.g_live.g_rank\[1\].u_book	ot_rom_4096x72_m8	rd_out[60]	u_whole.g_live.g_rank\[1\].q\[60\]	0.	
u_whole.g_live.g_rank\[1\].u_book	ot_rom_4096x72_m8	rd_out[61]	u_whole.g_live.g_rank\[1\].q\[61\]	0.	
u_whole.g_live.g_rank\[1\].u_book	ot_rom_4096x72_m8	rd_out[62]	u_whole.g_live.g_rank\[1\].q\[62\]	0.	
u_whole.g_live.g_rank\[1\].u_book	ot_rom_4096x72_m8	rd_out[63]	u_whole.g_live.g_rank\[1\].q\[63\]	0.	
u_whole.g_live.g_rank\[1\].u_book	ot_rom_4096x72_m8	rd_out[64]	u_whole.g_live.g_rank\[1\].q\[64\]	0.	
u_whole.g_live.g_rank\[1\].u_book	ot_rom_4096x72_m8	rd_out[65]	u_whole.g_live.g_rank\[1\].q\[65\]	0.	
u_whole.g_live.g_rank\[1\].u_book	ot_rom_4096x72_m8	rd_out[66]	u_whole.g_live.g_rank\[1\].q\[66\]	0.	
u_whole.g_live.g_rank\[1\].u_book	ot_rom_4096x72_m8	rd_out[67]	u_whole.g_live.g_rank\[1\].q\[67\]	0.	
u_whole.g_live.g_rank\[1\].u_book	ot_rom_4096x72_m8	rd_out[68]	u_whole.g_live.g_rank\[1\].q\[68\]	0.	
u_whole.g_live.g_rank\[1\].u_book	ot_rom_4096x72_m8	rd_out[69]	u_whole.g_live.g_rank\[1\].q\[69\]	0.	
u_whole.g_live.g_rank\[1\].u_book	ot_rom_4096x72_m8	rd_out[70]	u_whole.g_live.g_rank\[1\].q\[70\]	0.	
u_whole.g_live.g_rank\[1\].u_book	ot_rom_4096x72_m8	rd_out[71]	u_whole.g_live.g_rank\[1\].q\[71\]	0.	
u_whole.g_live.g_rank\[2\].u_book	ot_rom_4096x72_m8	clk	clk	8.683800	
u_whole.g_live.g_rank\[2\].u_book	ot_rom_4096x72_m8	ce_in	_02050_	0.578800	
u_whole.g_live.g_rank\[2\].u_book	ot_rom_4096x72_m8	addr_in[0]	u_whole.g_live.g_rank\[2\].next_address\[0\]	0.578800	
u_whole.g_live.g_rank\[2\].u_book	ot_rom_4096x72_m8	addr_in[1]	u_whole.g_live.g_rank\[2\].next_address\[1\]	0.578800	
u_whole.g_live.g_rank\[2\].u_book	ot_rom_4096x72_m8	addr_in[2]	u_whole.g_live.g_rank\[2\].next_address\[2\]	0.578800	
u_whole.g_live.g_rank\[2\].u_book	ot_rom_4096x72_m8	addr_in[3]	u_whole.g_live.g_rank\[2\].next_address\[3\]	0.578800	
u_whole.g_live.g_rank\[2\].u_book	ot_rom_4096x72_m8	addr_in[4]	u_whole.g_live.g_rank\[2\].next_address\[4\]	0.578800	
u_whole.g_live.g_rank\[2\].u_book	ot_rom_4096x72_m8	addr_in[5]	u_whole.g_live.g_rank\[2\].next_address\[5\]	0.578800	
u_whole.g_live.g_rank\[2\].u_book	ot_rom_4096x72_m8	addr_in[6]	u_whole.g_live.g_rank\[2\].next_address\[6\]	0.578800	
u_whole.g_live.g_rank\[2\].u_book	ot_rom_4096x72_m8	addr_in[7]	u_whole.g_live.g_rank\[2\].next_address\[7\]	0.578800	
u_whole.g_live.g_rank\[2\].u_book	ot_rom_4096x72_m8	addr_in[8]	u_whole.g_live.g_rank\[2\].next_address\[8\]	0.578800	
u_whole.g_live.g_rank\[2\].u_book	ot_rom_4096x72_m8	addr_in[9]	u_whole.g_live.g_rank\[2\].next_address\[9\]	0.578800	
u_whole.g_live.g_rank\[2\].u_book	ot_rom_4096x72_m8	addr_in[10]	u_whole.g_live.g_rank\[2\].next_address\[10\]	0.578800	
u_whole.g_live.g_rank\[2\].u_book	ot_rom_4096x72_m8	addr_in[11]	u_whole.g_live.g_rank\[2\].next_address\[11\]	0.578800	
u_whole.g_live.g_rank\[2\].u_book	ot_rom_4096x72_m8	rd_out[0]	u_whole.g_live.g_rank\[2\].q\[0\]	1.367122	{_19489_ A1 0.508331} {_18434_ B 0.858791}
u_whole.g_live.g_rank\[2\].u_book	ot_rom_4096x72_m8	rd_out[1]	u_whole.g_live.g_rank\[2\].q\[1\]	1.367122	{_19487_ A1 0.508331} {_18447_ B 0.858791}
u_whole.g_live.g_rank\[2\].u_book	ot_rom_4096x72_m8	rd_out[2]	u_whole.g_live.g_rank\[2\].q\[2\]	3.109822	{_19681_ B2 0.451061} {_19670_ A2 0.542924} {_19485_ A1 0.508331} {_18612_ A 0.578766} {_18538_ B2 1.028740}
u_whole.g_live.g_rank\[2\].u_book	ot_rom_4096x72_m8	rd_out[3]	u_whole.g_live.g_rank\[2\].q\[3\]	1.367122	{_19483_ A1 0.508331} {_18582_ B 0.858791}
u_whole.g_live.g_rank\[2\].u_book	ot_rom_4096x72_m8	rd_out[4]	u_whole.g_live.g_rank\[2\].q\[4\]	1.087097	{_19481_ A1 0.508331} {_18504_ A 0.578766}
u_whole.g_live.g_rank\[2\].u_book	ot_rom_4096x72_m8	rd_out[5]	u_whole.g_live.g_rank\[2\].q\[5\]	1.367122	{_19479_ A1 0.508331} {_18581_ B 0.858791}
u_whole.g_live.g_rank\[2\].u_book	ot_rom_4096x72_m8	rd_out[6]	u_whole.g_live.g_rank\[2\].q\[6\]	1.087097	{_19908_ A1 0.508331} {_18543_ A 0.578766}
u_whole.g_live.g_rank\[2\].u_book	ot_rom_4096x72_m8	rd_out[7]	u_whole.g_live.g_rank\[2\].q\[7\]	2.5755410000000003	{_18660_ A1 0.508331} {_18609_ B2 1.028740} {_18497_ B2 1.038470}
u_whole.g_live.g_rank\[2\].u_book	ot_rom_4096x72_m8	rd_out[8]	u_whole.g_live.g_rank\[2\].q\[8\]	2.4352519999999998	{_19660_ A2 0.542924} {_18658_ A1 0.508331} {_18611_ B 0.924352} {_18535_ B2 0.459645}
u_whole.g_live.g_rank\[2\].u_book	ot_rom_4096x72_m8	rd_out[9]	u_whole.g_live.g_rank\[2\].q\[9\]	1.087097	{_18656_ A1 0.508331} {_18491_ A 0.578766}
u_whole.g_live.g_rank\[2\].u_book	ot_rom_4096x72_m8	rd_out[10]	u_whole.g_live.g_rank\[2\].q\[10\]	1.367122	{_18654_ A1 0.508331} {_18433_ B 0.858791}
u_whole.g_live.g_rank\[2\].u_book	ot_rom_4096x72_m8	rd_out[11]	u_whole.g_live.g_rank\[2\].q\[11\]	2.066172	{_19632_ B2 0.451061} {_18651_ A1 0.508331} {_18621_ A 0.578766} {_18490_ A2 0.528014}
u_whole.g_live.g_rank\[2\].u_book	ot_rom_4096x72_m8	rd_out[12]	u_whole.g_live.g_rank\[2\].q\[12\]	1.367122	{_18648_ A1 0.508331} {_18577_ B 0.858791}
u_whole.g_live.g_rank\[2\].u_book	ot_rom_4096x72_m8	rd_out[13]	u_whole.g_live.g_rank\[2\].q\[13\]	2.5683030000000002	{_19683_ B2 0.451061} {_18646_ A1 0.508331} {_18550_ B 0.486821} {_18549_ A2 1.122090}
u_whole.g_live.g_rank\[2\].u_book	ot_rom_4096x72_m8	rd_out[14]	u_whole.g_live.g_rank\[2\].q\[14\]	1.367122	{_18644_ A1 0.508331} {_18595_ B 0.858791}
u_whole.g_live.g_rank\[2\].u_book	ot_rom_4096x72_m8	rd_out[15]	u_whole.g_live.g_rank\[2\].q\[15\]	1.367122	{_18642_ A1 0.508331} {_18524_ B 0.858791}
u_whole.g_live.g_rank\[2\].u_book	ot_rom_4096x72_m8	rd_out[16]	u_whole.g_live.g_rank\[2\].q\[16\]	1.409487	{_18640_ A1 0.508331} {_18514_ B 0.901156}
u_whole.g_live.g_rank\[2\].u_book	ot_rom_4096x72_m8	rd_out[17]	u_whole.g_live.g_rank\[2\].q\[17\]	1.367122	{_18638_ A1 0.508331} {_18596_ B 0.858791}
u_whole.g_live.g_rank\[2\].u_book	ot_rom_4096x72_m8	rd_out[18]	u_whole.g_live.g_rank\[2\].q\[18\]	1.409487	{_18636_ A1 0.508331} {_18515_ B 0.901156}
u_whole.g_live.g_rank\[2\].u_book	ot_rom_4096x72_m8	rd_out[19]	u_whole.g_live.g_rank\[2\].q\[19\]	1.367122	{_18634_ A1 0.508331} {_18554_ B 0.858791}
u_whole.g_live.g_rank\[2\].u_book	ot_rom_4096x72_m8	rd_out[20]	u_whole.g_live.g_rank\[2\].q\[20\]	1.409487	{_19917_ A1 0.508331} {_18518_ B 0.901156}
u_whole.g_live.g_rank\[2\].u_book	ot_rom_4096x72_m8	rd_out[21]	u_whole.g_live.g_rank\[2\].q\[21\]	0.578766	{_18462_ A 0.578766}
u_whole.g_live.g_rank\[2\].u_book	ot_rom_4096x72_m8	rd_out[22]	u_whole.g_live.g_rank\[2\].q\[22\]	0.858791	{_18576_ B 0.858791}
u_whole.g_live.g_rank\[2\].u_book	ot_rom_4096x72_m8	rd_out[23]	u_whole.g_live.g_rank\[2\].q\[23\]	0.578766	{_18498_ A 0.578766}
u_whole.g_live.g_rank\[2\].u_book	ot_rom_4096x72_m8	rd_out[24]	u_whole.g_live.g_rank\[2\].q\[24\]	0.578766	{_18471_ A 0.578766}
u_whole.g_live.g_rank\[2\].u_book	ot_rom_4096x72_m8	rd_out[25]	u_whole.g_live.g_rank\[2\].q\[25\]	0.858791	{_18481_ B 0.858791}
u_whole.g_live.g_rank\[2\].u_book	ot_rom_4096x72_m8	rd_out[26]	u_whole.g_live.g_rank\[2\].q\[26\]	0.858791	{_18574_ B 0.858791}
u_whole.g_live.g_rank\[2\].u_book	ot_rom_4096x72_m8	rd_out[27]	u_whole.g_live.g_rank\[2\].q\[27\]	0.858791	{_18601_ B 0.858791}
u_whole.g_live.g_rank\[2\].u_book	ot_rom_4096x72_m8	rd_out[28]	u_whole.g_live.g_rank\[2\].q\[28\]	2.9568069999999995	{_19643_ B2 1.038470} {_19634_ B2 0.451061} {_18470_ A2 0.542924} {_18458_ B 0.924352}
u_whole.g_live.g_rank\[2\].u_book	ot_rom_4096x72_m8	rd_out[29]	u_whole.g_live.g_rank\[2\].q\[29\]	0.578766	{_18459_ A 0.578766}
u_whole.g_live.g_rank\[2\].u_book	ot_rom_4096x72_m8	rd_out[30]	u_whole.g_live.g_rank\[2\].q\[30\]	0.901156	{_18519_ B 0.901156}
u_whole.g_live.g_rank\[2\].u_book	ot_rom_4096x72_m8	rd_out[31]	u_whole.g_live.g_rank\[2\].q\[31\]	1.434568	{_19663_ A2 0.542924} {_18602_ B2 0.513340} {_18507_ A2 0.378304}
u_whole.g_live.g_rank\[2\].u_book	ot_rom_4096x72_m8	rd_out[32]	u_whole.g_live.g_rank\[2\].q\[32\]	0.858791	{_18580_ B 0.858791}
u_whole.g_live.g_rank\[2\].u_book	ot_rom_4096x72_m8	rd_out[33]	u_whole.g_live.g_rank\[2\].q\[33\]	0.974147	{_19631_ B2 0.395381} {_18473_ A 0.578766}
u_whole.g_live.g_rank\[2\].u_book	ot_rom_4096x72_m8	rd_out[34]	u_whole.g_live.g_rank\[2\].q\[34\]	0.858791	{_18573_ B 0.858791}
u_whole.g_live.g_rank\[2\].u_book	ot_rom_4096x72_m8	rd_out[35]	u_whole.g_live.g_rank\[2\].q\[35\]	0.578766	{_18451_ A 0.578766}
u_whole.g_live.g_rank\[2\].u_book	ot_rom_4096x72_m8	rd_out[36]	u_whole.g_live.g_rank\[2\].q\[36\]	0.858791	{_18523_ B 0.858791}
u_whole.g_live.g_rank\[2\].u_book	ot_rom_4096x72_m8	rd_out[37]	u_whole.g_live.g_rank\[2\].q\[37\]	1.437557	{_19672_ B 0.858791} {_18603_ A 0.578766}
u_whole.g_live.g_rank\[2\].u_book	ot_rom_4096x72_m8	rd_out[38]	u_whole.g_live.g_rank\[2\].q\[38\]	0.578766	{_18545_ A 0.578766}
u_whole.g_live.g_rank\[2\].u_book	ot_rom_4096x72_m8	rd_out[39]	u_whole.g_live.g_rank\[2\].q\[39\]	1.17111	{_18630_ B 1.171110}
u_whole.g_live.g_rank\[2\].u_book	ot_rom_4096x72_m8	rd_out[40]	u_whole.g_live.g_rank\[2\].q\[40\]	0.578766	{_20550_ A 0.578766}
u_whole.g_live.g_rank\[2\].u_book	ot_rom_4096x72_m8	rd_out[41]	u_whole.g_live.g_rank\[2\].q\[41\]	0.	
u_whole.g_live.g_rank\[2\].u_book	ot_rom_4096x72_m8	rd_out[42]	u_whole.g_live.g_rank\[2\].q\[42\]	0.	
u_whole.g_live.g_rank\[2\].u_book	ot_rom_4096x72_m8	rd_out[43]	u_whole.g_live.g_rank\[2\].q\[43\]	0.	
u_whole.g_live.g_rank\[2\].u_book	ot_rom_4096x72_m8	rd_out[44]	u_whole.g_live.g_rank\[2\].q\[44\]	0.	
u_whole.g_live.g_rank\[2\].u_book	ot_rom_4096x72_m8	rd_out[45]	u_whole.g_live.g_rank\[2\].q\[45\]	0.	
u_whole.g_live.g_rank\[2\].u_book	ot_rom_4096x72_m8	rd_out[46]	u_whole.g_live.g_rank\[2\].q\[46\]	0.	
u_whole.g_live.g_rank\[2\].u_book	ot_rom_4096x72_m8	rd_out[47]	u_whole.g_live.g_rank\[2\].q\[47\]	0.	
u_whole.g_live.g_rank\[2\].u_book	ot_rom_4096x72_m8	rd_out[48]	u_whole.g_live.g_rank\[2\].q\[48\]	0.	
u_whole.g_live.g_rank\[2\].u_book	ot_rom_4096x72_m8	rd_out[49]	u_whole.g_live.g_rank\[2\].q\[49\]	0.	
u_whole.g_live.g_rank\[2\].u_book	ot_rom_4096x72_m8	rd_out[50]	u_whole.g_live.g_rank\[2\].q\[50\]	0.	
u_whole.g_live.g_rank\[2\].u_book	ot_rom_4096x72_m8	rd_out[51]	u_whole.g_live.g_rank\[2\].q\[51\]	0.	
u_whole.g_live.g_rank\[2\].u_book	ot_rom_4096x72_m8	rd_out[52]	u_whole.g_live.g_rank\[2\].q\[52\]	0.	
u_whole.g_live.g_rank\[2\].u_book	ot_rom_4096x72_m8	rd_out[53]	u_whole.g_live.g_rank\[2\].q\[53\]	0.	
u_whole.g_live.g_rank\[2\].u_book	ot_rom_4096x72_m8	rd_out[54]	u_whole.g_live.g_rank\[2\].q\[54\]	0.	
u_whole.g_live.g_rank\[2\].u_book	ot_rom_4096x72_m8	rd_out[55]	u_whole.g_live.g_rank\[2\].q\[55\]	0.	
u_whole.g_live.g_rank\[2\].u_book	ot_rom_4096x72_m8	rd_out[56]	u_whole.g_live.g_rank\[2\].q\[56\]	0.	
u_whole.g_live.g_rank\[2\].u_book	ot_rom_4096x72_m8	rd_out[57]	u_whole.g_live.g_rank\[2\].q\[57\]	0.	
u_whole.g_live.g_rank\[2\].u_book	ot_rom_4096x72_m8	rd_out[58]	u_whole.g_live.g_rank\[2\].q\[58\]	0.	
u_whole.g_live.g_rank\[2\].u_book	ot_rom_4096x72_m8	rd_out[59]	u_whole.g_live.g_rank\[2\].q\[59\]	0.	
u_whole.g_live.g_rank\[2\].u_book	ot_rom_4096x72_m8	rd_out[60]	u_whole.g_live.g_rank\[2\].q\[60\]	0.	
u_whole.g_live.g_rank\[2\].u_book	ot_rom_4096x72_m8	rd_out[61]	u_whole.g_live.g_rank\[2\].q\[61\]	0.	
u_whole.g_live.g_rank\[2\].u_book	ot_rom_4096x72_m8	rd_out[62]	u_whole.g_live.g_rank\[2\].q\[62\]	0.	
u_whole.g_live.g_rank\[2\].u_book	ot_rom_4096x72_m8	rd_out[63]	u_whole.g_live.g_rank\[2\].q\[63\]	0.	
u_whole.g_live.g_rank\[2\].u_book	ot_rom_4096x72_m8	rd_out[64]	u_whole.g_live.g_rank\[2\].q\[64\]	0.	
u_whole.g_live.g_rank\[2\].u_book	ot_rom_4096x72_m8	rd_out[65]	u_whole.g_live.g_rank\[2\].q\[65\]	0.	
u_whole.g_live.g_rank\[2\].u_book	ot_rom_4096x72_m8	rd_out[66]	u_whole.g_live.g_rank\[2\].q\[66\]	0.	
u_whole.g_live.g_rank\[2\].u_book	ot_rom_4096x72_m8	rd_out[67]	u_whole.g_live.g_rank\[2\].q\[67\]	0.	
u_whole.g_live.g_rank\[2\].u_book	ot_rom_4096x72_m8	rd_out[68]	u_whole.g_live.g_rank\[2\].q\[68\]	0.	
u_whole.g_live.g_rank\[2\].u_book	ot_rom_4096x72_m8	rd_out[69]	u_whole.g_live.g_rank\[2\].q\[69\]	0.	
u_whole.g_live.g_rank\[2\].u_book	ot_rom_4096x72_m8	rd_out[70]	u_whole.g_live.g_rank\[2\].q\[70\]	0.	
u_whole.g_live.g_rank\[2\].u_book	ot_rom_4096x72_m8	rd_out[71]	u_whole.g_live.g_rank\[2\].q\[71\]	0.	
u_whole.g_live.g_rank\[3\].u_book	ot_rom_4096x72_m8	clk	clk	8.683800	
u_whole.g_live.g_rank\[3\].u_book	ot_rom_4096x72_m8	ce_in	_02051_	0.578800	
u_whole.g_live.g_rank\[3\].u_book	ot_rom_4096x72_m8	addr_in[0]	u_whole.g_live.g_rank\[3\].next_address\[0\]	0.578800	
u_whole.g_live.g_rank\[3\].u_book	ot_rom_4096x72_m8	addr_in[1]	u_whole.g_live.g_rank\[3\].next_address\[1\]	0.578800	
u_whole.g_live.g_rank\[3\].u_book	ot_rom_4096x72_m8	addr_in[2]	u_whole.g_live.g_rank\[3\].next_address\[2\]	0.578800	
u_whole.g_live.g_rank\[3\].u_book	ot_rom_4096x72_m8	addr_in[3]	u_whole.g_live.g_rank\[3\].next_address\[3\]	0.578800	
u_whole.g_live.g_rank\[3\].u_book	ot_rom_4096x72_m8	addr_in[4]	u_whole.g_live.g_rank\[3\].next_address\[4\]	0.578800	
u_whole.g_live.g_rank\[3\].u_book	ot_rom_4096x72_m8	addr_in[5]	u_whole.g_live.g_rank\[3\].next_address\[5\]	0.578800	
u_whole.g_live.g_rank\[3\].u_book	ot_rom_4096x72_m8	addr_in[6]	u_whole.g_live.g_rank\[3\].next_address\[6\]	0.578800	
u_whole.g_live.g_rank\[3\].u_book	ot_rom_4096x72_m8	addr_in[7]	u_whole.g_live.g_rank\[3\].next_address\[7\]	0.578800	
u_whole.g_live.g_rank\[3\].u_book	ot_rom_4096x72_m8	addr_in[8]	u_whole.g_live.g_rank\[3\].next_address\[8\]	0.578800	
u_whole.g_live.g_rank\[3\].u_book	ot_rom_4096x72_m8	addr_in[9]	u_whole.g_live.g_rank\[3\].next_address\[9\]	0.578800	
u_whole.g_live.g_rank\[3\].u_book	ot_rom_4096x72_m8	addr_in[10]	u_whole.g_live.g_rank\[3\].next_address\[10\]	0.578800	
u_whole.g_live.g_rank\[3\].u_book	ot_rom_4096x72_m8	addr_in[11]	u_whole.g_live.g_rank\[3\].next_address\[11\]	0.578800	
u_whole.g_live.g_rank\[3\].u_book	ot_rom_4096x72_m8	rd_out[0]	u_whole.g_live.g_rank\[3\].q\[0\]	1.367122	{_19501_ A1 0.508331} {_18729_ B 0.858791}
u_whole.g_live.g_rank\[3\].u_book	ot_rom_4096x72_m8	rd_out[1]	u_whole.g_live.g_rank\[3\].q\[1\]	1.367122	{_19499_ A1 0.508331} {_18840_ B 0.858791}
u_whole.g_live.g_rank\[3\].u_book	ot_rom_4096x72_m8	rd_out[2]	u_whole.g_live.g_rank\[3\].q\[2\]	1.367122	{_19497_ A1 0.508331} {_18884_ B 0.858791}
u_whole.g_live.g_rank\[3\].u_book	ot_rom_4096x72_m8	rd_out[3]	u_whole.g_live.g_rank\[3\].q\[3\]	1.367122	{_19495_ A1 0.508331} {_18836_ B 0.858791}
u_whole.g_live.g_rank\[3\].u_book	ot_rom_4096x72_m8	rd_out[4]	u_whole.g_live.g_rank\[3\].q\[4\]	1.9195039999999999	{_19493_ A1 0.508331} {_18802_ B 0.486821} {_18771_ B 0.924352}
u_whole.g_live.g_rank\[3\].u_book	ot_rom_4096x72_m8	rd_out[5]	u_whole.g_live.g_rank\[3\].q\[5\]	1.087097	{_19491_ A1 0.508331} {_18799_ A 0.578766}
u_whole.g_live.g_rank\[3\].u_book	ot_rom_4096x72_m8	rd_out[6]	u_whole.g_live.g_rank\[3\].q\[6\]	1.367122	{_20575_ A1 0.508331} {_18741_ B 0.858791}
u_whole.g_live.g_rank\[3\].u_book	ot_rom_4096x72_m8	rd_out[7]	u_whole.g_live.g_rank\[3\].q\[7\]	1.087097	{_18927_ A1 0.508331} {_18711_ A 0.578766}
u_whole.g_live.g_rank\[3\].u_book	ot_rom_4096x72_m8	rd_out[8]	u_whole.g_live.g_rank\[3\].q\[8\]	1.367122	{_18925_ A1 0.508331} {_18831_ B 0.858791}
u_whole.g_live.g_rank\[3\].u_book	ot_rom_4096x72_m8	rd_out[9]	u_whole.g_live.g_rank\[3\].q\[9\]	1.367122	{_18923_ A1 0.508331} {_18702_ B 0.858791}
u_whole.g_live.g_rank\[3\].u_book	ot_rom_4096x72_m8	rd_out[10]	u_whole.g_live.g_rank\[3\].q\[10\]	1.087097	{_18921_ A1 0.508331} {_18750_ A 0.578766}
u_whole.g_live.g_rank\[3\].u_book	ot_rom_4096x72_m8	rd_out[11]	u_whole.g_live.g_rank\[3\].q\[11\]	1.367122	{_18918_ A1 0.508331} {_18830_ B 0.858791}
u_whole.g_live.g_rank\[3\].u_book	ot_rom_4096x72_m8	rd_out[12]	u_whole.g_live.g_rank\[3\].q\[12\]	1.367122	{_18915_ A1 0.508331} {_18832_ B 0.858791}
u_whole.g_live.g_rank\[3\].u_book	ot_rom_4096x72_m8	rd_out[13]	u_whole.g_live.g_rank\[3\].q\[13\]	1.087097	{_18913_ A1 0.508331} {_18765_ A 0.578766}
u_whole.g_live.g_rank\[3\].u_book	ot_rom_4096x72_m8	rd_out[14]	u_whole.g_live.g_rank\[3\].q\[14\]	1.367122	{_18911_ A1 0.508331} {_18740_ B 0.858791}
u_whole.g_live.g_rank\[3\].u_book	ot_rom_4096x72_m8	rd_out[15]	u_whole.g_live.g_rank\[3\].q\[15\]	1.087097	{_18909_ A1 0.508331} {_18761_ A 0.578766}
u_whole.g_live.g_rank\[3\].u_book	ot_rom_4096x72_m8	rd_out[16]	u_whole.g_live.g_rank\[3\].q\[16\]	1.367122	{_18907_ A1 0.508331} {_18694_ B 0.858791}
u_whole.g_live.g_rank\[3\].u_book	ot_rom_4096x72_m8	rd_out[17]	u_whole.g_live.g_rank\[3\].q\[17\]	1.087097	{_18905_ A1 0.508331} {_18705_ A 0.578766}
u_whole.g_live.g_rank\[3\].u_book	ot_rom_4096x72_m8	rd_out[18]	u_whole.g_live.g_rank\[3\].q\[18\]	1.367122	{_18903_ A1 0.508331} {_18864_ B 0.858791}
u_whole.g_live.g_rank\[3\].u_book	ot_rom_4096x72_m8	rd_out[19]	u_whole.g_live.g_rank\[3\].q\[19\]	1.087097	{_18901_ A1 0.508331} {_18787_ A 0.578766}
u_whole.g_live.g_rank\[3\].u_book	ot_rom_4096x72_m8	rd_out[20]	u_whole.g_live.g_rank\[3\].q\[20\]	1.367122	{_19915_ A1 0.508331} {_18886_ B 0.858791}
u_whole.g_live.g_rank\[3\].u_book	ot_rom_4096x72_m8	rd_out[21]	u_whole.g_live.g_rank\[3\].q\[21\]	0.858791	{_18876_ B 0.858791}
u_whole.g_live.g_rank\[3\].u_book	ot_rom_4096x72_m8	rd_out[22]	u_whole.g_live.g_rank\[3\].q\[22\]	1.9486789999999998	{_19094_ A2 0.542924} {_18797_ A2 0.481403} {_18758_ B 0.924352}
u_whole.g_live.g_rank\[3\].u_book	ot_rom_4096x72_m8	rd_out[23]	u_whole.g_live.g_rank\[3\].q\[23\]	0.858791	{_18849_ B 0.858791}
u_whole.g_live.g_rank\[3\].u_book	ot_rom_4096x72_m8	rd_out[24]	u_whole.g_live.g_rank\[3\].q\[24\]	0.858791	{_18739_ B 0.858791}
u_whole.g_live.g_rank\[3\].u_book	ot_rom_4096x72_m8	rd_out[25]	u_whole.g_live.g_rank\[3\].q\[25\]	1.411173	{_18813_ B 0.486821} {_18760_ B 0.924352}
u_whole.g_live.g_rank\[3\].u_book	ot_rom_4096x72_m8	rd_out[26]	u_whole.g_live.g_rank\[3\].q\[26\]	0.858791	{_18734_ B 0.858791}
u_whole.g_live.g_rank\[3\].u_book	ot_rom_4096x72_m8	rd_out[27]	u_whole.g_live.g_rank\[3\].q\[27\]	0.858791	{_18735_ B 0.858791}
u_whole.g_live.g_rank\[3\].u_book	ot_rom_4096x72_m8	rd_out[28]	u_whole.g_live.g_rank\[3\].q\[28\]	0.858791	{_18878_ B 0.858791}
u_whole.g_live.g_rank\[3\].u_book	ot_rom_4096x72_m8	rd_out[29]	u_whole.g_live.g_rank\[3\].q\[29\]	0.858791	{_18841_ B 0.858791}
u_whole.g_live.g_rank\[3\].u_book	ot_rom_4096x72_m8	rd_out[30]	u_whole.g_live.g_rank\[3\].q\[30\]	0.858791	{_18883_ B 0.858791}
u_whole.g_live.g_rank\[3\].u_book	ot_rom_4096x72_m8	rd_out[31]	u_whole.g_live.g_rank\[3\].q\[31\]	0.578766	{_18789_ A 0.578766}
u_whole.g_live.g_rank\[3\].u_book	ot_rom_4096x72_m8	rd_out[32]	u_whole.g_live.g_rank\[3\].q\[32\]	1.411173	{_18855_ B 0.486821} {_18809_ B 0.924352}
u_whole.g_live.g_rank\[3\].u_book	ot_rom_4096x72_m8	rd_out[33]	u_whole.g_live.g_rank\[3\].q\[33\]	0.858791	{_18695_ B 0.858791}
u_whole.g_live.g_rank\[3\].u_book	ot_rom_4096x72_m8	rd_out[34]	u_whole.g_live.g_rank\[3\].q\[34\]	0.858791	{_18827_ B 0.858791}
u_whole.g_live.g_rank\[3\].u_book	ot_rom_4096x72_m8	rd_out[35]	u_whole.g_live.g_rank\[3\].q\[35\]	2.053067	{_19104_ A2 0.481403} {_18804_ A2 0.542924} {_18713_ B2 1.028740}
u_whole.g_live.g_rank\[3\].u_book	ot_rom_4096x72_m8	rd_out[36]	u_whole.g_live.g_rank\[3\].q\[36\]	0.858791	{_18867_ B 0.858791}
u_whole.g_live.g_rank\[3\].u_book	ot_rom_4096x72_m8	rd_out[37]	u_whole.g_live.g_rank\[3\].q\[37\]	0.858791	{_18837_ B 0.858791}
u_whole.g_live.g_rank\[3\].u_book	ot_rom_4096x72_m8	rd_out[38]	u_whole.g_live.g_rank\[3\].q\[38\]	0.578766	{_18707_ A 0.578766}
u_whole.g_live.g_rank\[3\].u_book	ot_rom_4096x72_m8	rd_out[39]	u_whole.g_live.g_rank\[3\].q\[39\]	1.17111	{_18897_ B 1.171110}
u_whole.g_live.g_rank\[3\].u_book	ot_rom_4096x72_m8	rd_out[40]	u_whole.g_live.g_rank\[3\].q\[40\]	0.578766	{_20556_ A 0.578766}
u_whole.g_live.g_rank\[3\].u_book	ot_rom_4096x72_m8	rd_out[41]	u_whole.g_live.g_rank\[3\].q\[41\]	0.	
u_whole.g_live.g_rank\[3\].u_book	ot_rom_4096x72_m8	rd_out[42]	u_whole.g_live.g_rank\[3\].q\[42\]	0.	
u_whole.g_live.g_rank\[3\].u_book	ot_rom_4096x72_m8	rd_out[43]	u_whole.g_live.g_rank\[3\].q\[43\]	0.	
u_whole.g_live.g_rank\[3\].u_book	ot_rom_4096x72_m8	rd_out[44]	u_whole.g_live.g_rank\[3\].q\[44\]	0.	
u_whole.g_live.g_rank\[3\].u_book	ot_rom_4096x72_m8	rd_out[45]	u_whole.g_live.g_rank\[3\].q\[45\]	0.	
u_whole.g_live.g_rank\[3\].u_book	ot_rom_4096x72_m8	rd_out[46]	u_whole.g_live.g_rank\[3\].q\[46\]	0.	
u_whole.g_live.g_rank\[3\].u_book	ot_rom_4096x72_m8	rd_out[47]	u_whole.g_live.g_rank\[3\].q\[47\]	0.	
u_whole.g_live.g_rank\[3\].u_book	ot_rom_4096x72_m8	rd_out[48]	u_whole.g_live.g_rank\[3\].q\[48\]	0.	
u_whole.g_live.g_rank\[3\].u_book	ot_rom_4096x72_m8	rd_out[49]	u_whole.g_live.g_rank\[3\].q\[49\]	0.	
u_whole.g_live.g_rank\[3\].u_book	ot_rom_4096x72_m8	rd_out[50]	u_whole.g_live.g_rank\[3\].q\[50\]	0.	
u_whole.g_live.g_rank\[3\].u_book	ot_rom_4096x72_m8	rd_out[51]	u_whole.g_live.g_rank\[3\].q\[51\]	0.	
u_whole.g_live.g_rank\[3\].u_book	ot_rom_4096x72_m8	rd_out[52]	u_whole.g_live.g_rank\[3\].q\[52\]	0.	
u_whole.g_live.g_rank\[3\].u_book	ot_rom_4096x72_m8	rd_out[53]	u_whole.g_live.g_rank\[3\].q\[53\]	0.	
u_whole.g_live.g_rank\[3\].u_book	ot_rom_4096x72_m8	rd_out[54]	u_whole.g_live.g_rank\[3\].q\[54\]	0.	
u_whole.g_live.g_rank\[3\].u_book	ot_rom_4096x72_m8	rd_out[55]	u_whole.g_live.g_rank\[3\].q\[55\]	0.	
u_whole.g_live.g_rank\[3\].u_book	ot_rom_4096x72_m8	rd_out[56]	u_whole.g_live.g_rank\[3\].q\[56\]	0.	
u_whole.g_live.g_rank\[3\].u_book	ot_rom_4096x72_m8	rd_out[57]	u_whole.g_live.g_rank\[3\].q\[57\]	0.	
u_whole.g_live.g_rank\[3\].u_book	ot_rom_4096x72_m8	rd_out[58]	u_whole.g_live.g_rank\[3\].q\[58\]	0.	
u_whole.g_live.g_rank\[3\].u_book	ot_rom_4096x72_m8	rd_out[59]	u_whole.g_live.g_rank\[3\].q\[59\]	0.	
u_whole.g_live.g_rank\[3\].u_book	ot_rom_4096x72_m8	rd_out[60]	u_whole.g_live.g_rank\[3\].q\[60\]	0.	
u_whole.g_live.g_rank\[3\].u_book	ot_rom_4096x72_m8	rd_out[61]	u_whole.g_live.g_rank\[3\].q\[61\]	0.	
u_whole.g_live.g_rank\[3\].u_book	ot_rom_4096x72_m8	rd_out[62]	u_whole.g_live.g_rank\[3\].q\[62\]	0.	
u_whole.g_live.g_rank\[3\].u_book	ot_rom_4096x72_m8	rd_out[63]	u_whole.g_live.g_rank\[3\].q\[63\]	0.	
u_whole.g_live.g_rank\[3\].u_book	ot_rom_4096x72_m8	rd_out[64]	u_whole.g_live.g_rank\[3\].q\[64\]	0.	
u_whole.g_live.g_rank\[3\].u_book	ot_rom_4096x72_m8	rd_out[65]	u_whole.g_live.g_rank\[3\].q\[65\]	0.	
u_whole.g_live.g_rank\[3\].u_book	ot_rom_4096x72_m8	rd_out[66]	u_whole.g_live.g_rank\[3\].q\[66\]	0.	
u_whole.g_live.g_rank\[3\].u_book	ot_rom_4096x72_m8	rd_out[67]	u_whole.g_live.g_rank\[3\].q\[67\]	0.	
u_whole.g_live.g_rank\[3\].u_book	ot_rom_4096x72_m8	rd_out[68]	u_whole.g_live.g_rank\[3\].q\[68\]	0.	
u_whole.g_live.g_rank\[3\].u_book	ot_rom_4096x72_m8	rd_out[69]	u_whole.g_live.g_rank\[3\].q\[69\]	0.	
u_whole.g_live.g_rank\[3\].u_book	ot_rom_4096x72_m8	rd_out[70]	u_whole.g_live.g_rank\[3\].q\[70\]	0.	
u_whole.g_live.g_rank\[3\].u_book	ot_rom_4096x72_m8	rd_out[71]	u_whole.g_live.g_rank\[3\].q\[71\]	0.	
