flop	sink_count	all_sram_pin_destinations
u_core.g_lane\[0\].wd_q\[0\]$_DFF_P_	1	u_core.g_lane\[0\].g_ram\[0\].storage/wd_in[0]
u_core.g_lane\[0\].wd_q\[100\]$_DFF_P_	1	u_core.g_lane\[0\].g_ram\[0\].storage/wd_in[100]
u_core.g_lane\[0\].wd_q\[101\]$_DFF_P_	1	u_core.g_lane\[0\].g_ram\[0\].storage/wd_in[101]
u_core.g_lane\[0\].wd_q\[102\]$_DFF_P_	1	u_core.g_lane\[0\].g_ram\[0\].storage/wd_in[102]
u_core.g_lane\[0\].wd_q\[103\]$_DFF_P_	1	u_core.g_lane\[0\].g_ram\[0\].storage/wd_in[103]
u_core.g_lane\[0\].wd_q\[104\]$_DFF_P_	1	u_core.g_lane\[0\].g_ram\[0\].storage/wd_in[104]
u_core.g_lane\[0\].wd_q\[105\]$_DFF_P_	1	u_core.g_lane\[0\].g_ram\[0\].storage/wd_in[105]
u_core.g_lane\[0\].wd_q\[106\]$_DFF_P_	1	u_core.g_lane\[0\].g_ram\[0\].storage/wd_in[106]
u_core.g_lane\[0\].wd_q\[107\]$_DFF_P_	1	u_core.g_lane\[0\].g_ram\[0\].storage/wd_in[107]
u_core.g_lane\[0\].wd_q\[108\]$_DFF_P_	1	u_core.g_lane\[0\].g_ram\[0\].storage/wd_in[108]
u_core.g_lane\[0\].wd_q\[109\]$_DFF_P_	1	u_core.g_lane\[0\].g_ram\[0\].storage/wd_in[109]
u_core.g_lane\[0\].wd_q\[10\]$_DFF_P_	1	u_core.g_lane\[0\].g_ram\[0\].storage/wd_in[10]
u_core.g_lane\[0\].wd_q\[110\]$_DFF_P_	1	u_core.g_lane\[0\].g_ram\[0\].storage/wd_in[110]
u_core.g_lane\[0\].wd_q\[111\]$_DFF_P_	1	u_core.g_lane\[0\].g_ram\[0\].storage/wd_in[111]
u_core.g_lane\[0\].wd_q\[112\]$_DFF_P_	1	u_core.g_lane\[0\].g_ram\[0\].storage/wd_in[112]
u_core.g_lane\[0\].wd_q\[113\]$_DFF_P_	1	u_core.g_lane\[0\].g_ram\[0\].storage/wd_in[113]
u_core.g_lane\[0\].wd_q\[114\]$_DFF_P_	1	u_core.g_lane\[0\].g_ram\[0\].storage/wd_in[114]
u_core.g_lane\[0\].wd_q\[115\]$_DFF_P_	1	u_core.g_lane\[0\].g_ram\[0\].storage/wd_in[115]
u_core.g_lane\[0\].wd_q\[116\]$_DFF_P_	1	u_core.g_lane\[0\].g_ram\[0\].storage/wd_in[116]
u_core.g_lane\[0\].wd_q\[117\]$_DFF_P_	1	u_core.g_lane\[0\].g_ram\[0\].storage/wd_in[117]
u_core.g_lane\[0\].wd_q\[118\]$_DFF_P_	1	u_core.g_lane\[0\].g_ram\[0\].storage/wd_in[118]
u_core.g_lane\[0\].wd_q\[119\]$_DFF_P_	1	u_core.g_lane\[0\].g_ram\[0\].storage/wd_in[119]
u_core.g_lane\[0\].wd_q\[11\]$_DFF_P_	1	u_core.g_lane\[0\].g_ram\[0\].storage/wd_in[11]
u_core.g_lane\[0\].wd_q\[120\]$_DFF_P_	1	u_core.g_lane\[0\].g_ram\[0\].storage/wd_in[120]
u_core.g_lane\[0\].wd_q\[121\]$_DFF_P_	1	u_core.g_lane\[0\].g_ram\[0\].storage/wd_in[121]
u_core.g_lane\[0\].wd_q\[122\]$_DFF_P_	1	u_core.g_lane\[0\].g_ram\[0\].storage/wd_in[122]
u_core.g_lane\[0\].wd_q\[123\]$_DFF_P_	1	u_core.g_lane\[0\].g_ram\[0\].storage/wd_in[123]
u_core.g_lane\[0\].wd_q\[124\]$_DFF_P_	1	u_core.g_lane\[0\].g_ram\[0\].storage/wd_in[124]
u_core.g_lane\[0\].wd_q\[125\]$_DFF_P_	1	u_core.g_lane\[0\].g_ram\[0\].storage/wd_in[125]
u_core.g_lane\[0\].wd_q\[126\]$_DFF_P_	1	u_core.g_lane\[0\].g_ram\[0\].storage/wd_in[126]
u_core.g_lane\[0\].wd_q\[127\]$_DFF_P_	1	u_core.g_lane\[0\].g_ram\[0\].storage/wd_in[127]
u_core.g_lane\[0\].wd_q\[128\]$_DFF_P_	1	u_core.g_lane\[0\].g_ram\[0\].storage/wd_in[128]
u_core.g_lane\[0\].wd_q\[129\]$_DFF_P_	1	u_core.g_lane\[0\].g_ram\[0\].storage/wd_in[129]
u_core.g_lane\[0\].wd_q\[12\]$_DFF_P_	1	u_core.g_lane\[0\].g_ram\[0\].storage/wd_in[12]
u_core.g_lane\[0\].wd_q\[130\]$_DFF_P_	1	u_core.g_lane\[0\].g_ram\[0\].storage/wd_in[130]
u_core.g_lane\[0\].wd_q\[131\]$_DFF_P_	1	u_core.g_lane\[0\].g_ram\[0\].storage/wd_in[131]
u_core.g_lane\[0\].wd_q\[132\]$_DFF_P_	1	u_core.g_lane\[0\].g_ram\[0\].storage/wd_in[132]
u_core.g_lane\[0\].wd_q\[133\]$_DFF_P_	1	u_core.g_lane\[0\].g_ram\[0\].storage/wd_in[133]
u_core.g_lane\[0\].wd_q\[134\]$_DFF_P_	1	u_core.g_lane\[0\].g_ram\[0\].storage/wd_in[134]
u_core.g_lane\[0\].wd_q\[135\]$_DFF_P_	1	u_core.g_lane\[0\].g_ram\[0\].storage/wd_in[135]
u_core.g_lane\[0\].wd_q\[136\]$_DFF_P_	1	u_core.g_lane\[0\].g_ram\[0\].storage/wd_in[136]
u_core.g_lane\[0\].wd_q\[137\]$_DFF_P_	1	u_core.g_lane\[0\].g_ram\[0\].storage/wd_in[137]
u_core.g_lane\[0\].wd_q\[138\]$_DFF_P_	1	u_core.g_lane\[0\].g_ram\[0\].storage/wd_in[138]
u_core.g_lane\[0\].wd_q\[139\]$_DFF_P_	1	u_core.g_lane\[0\].g_ram\[0\].storage/wd_in[139]
u_core.g_lane\[0\].wd_q\[13\]$_DFF_P_	1	u_core.g_lane\[0\].g_ram\[0\].storage/wd_in[13]
u_core.g_lane\[0\].wd_q\[140\]$_DFF_P_	1	u_core.g_lane\[0\].g_ram\[0\].storage/wd_in[140]
u_core.g_lane\[0\].wd_q\[141\]$_DFF_P_	1	u_core.g_lane\[0\].g_ram\[0\].storage/wd_in[141]
u_core.g_lane\[0\].wd_q\[142\]$_DFF_P_	1	u_core.g_lane\[0\].g_ram\[0\].storage/wd_in[142]
u_core.g_lane\[0\].wd_q\[143\]$_DFF_P_	1	u_core.g_lane\[0\].g_ram\[0\].storage/wd_in[143]
u_core.g_lane\[0\].wd_q\[144\]$_DFF_P_	1	u_core.g_lane\[0\].g_ram\[0\].storage/wd_in[144]
u_core.g_lane\[0\].wd_q\[145\]$_DFF_P_	1	u_core.g_lane\[0\].g_ram\[0\].storage/wd_in[145]
u_core.g_lane\[0\].wd_q\[146\]$_DFF_P_	1	u_core.g_lane\[0\].g_ram\[0\].storage/wd_in[146]
u_core.g_lane\[0\].wd_q\[147\]$_DFF_P_	1	u_core.g_lane\[0\].g_ram\[0\].storage/wd_in[147]
u_core.g_lane\[0\].wd_q\[148\]$_DFF_P_	1	u_core.g_lane\[0\].g_ram\[0\].storage/wd_in[148]
u_core.g_lane\[0\].wd_q\[149\]$_DFF_P_	1	u_core.g_lane\[0\].g_ram\[0\].storage/wd_in[149]
u_core.g_lane\[0\].wd_q\[14\]$_DFF_P_	1	u_core.g_lane\[0\].g_ram\[0\].storage/wd_in[14]
u_core.g_lane\[0\].wd_q\[150\]$_DFF_P_	1	u_core.g_lane\[0\].g_ram\[0\].storage/wd_in[150]
u_core.g_lane\[0\].wd_q\[151\]$_DFF_P_	1	u_core.g_lane\[0\].g_ram\[0\].storage/wd_in[151]
u_core.g_lane\[0\].wd_q\[152\]$_DFF_P_	1	u_core.g_lane\[0\].g_ram\[0\].storage/wd_in[152]
u_core.g_lane\[0\].wd_q\[153\]$_DFF_P_	1	u_core.g_lane\[0\].g_ram\[0\].storage/wd_in[153]
u_core.g_lane\[0\].wd_q\[154\]$_DFF_P_	1	u_core.g_lane\[0\].g_ram\[0\].storage/wd_in[154]
u_core.g_lane\[0\].wd_q\[155\]$_DFF_P_	1	u_core.g_lane\[0\].g_ram\[0\].storage/wd_in[155]
u_core.g_lane\[0\].wd_q\[156\]$_DFF_P_	1	u_core.g_lane\[0\].g_ram\[0\].storage/wd_in[156]
u_core.g_lane\[0\].wd_q\[157\]$_DFF_P_	1	u_core.g_lane\[0\].g_ram\[0\].storage/wd_in[157]
u_core.g_lane\[0\].wd_q\[158\]$_DFF_P_	1	u_core.g_lane\[0\].g_ram\[0\].storage/wd_in[158]
u_core.g_lane\[0\].wd_q\[159\]$_DFF_P_	1	u_core.g_lane\[0\].g_ram\[0\].storage/wd_in[159]
u_core.g_lane\[0\].wd_q\[15\]$_DFF_P_	1	u_core.g_lane\[0\].g_ram\[0\].storage/wd_in[15]
u_core.g_lane\[0\].wd_q\[160\]$_DFF_P_	1	u_core.g_lane\[0\].g_ram\[0\].storage/wd_in[160]
u_core.g_lane\[0\].wd_q\[161\]$_DFF_P_	1	u_core.g_lane\[0\].g_ram\[0\].storage/wd_in[161]
u_core.g_lane\[0\].wd_q\[162\]$_DFF_P_	1	u_core.g_lane\[0\].g_ram\[0\].storage/wd_in[162]
u_core.g_lane\[0\].wd_q\[163\]$_DFF_P_	1	u_core.g_lane\[0\].g_ram\[0\].storage/wd_in[163]
u_core.g_lane\[0\].wd_q\[164\]$_DFF_P_	1	u_core.g_lane\[0\].g_ram\[0\].storage/wd_in[164]
u_core.g_lane\[0\].wd_q\[165\]$_DFF_P_	1	u_core.g_lane\[0\].g_ram\[0\].storage/wd_in[165]
u_core.g_lane\[0\].wd_q\[166\]$_DFF_P_	1	u_core.g_lane\[0\].g_ram\[0\].storage/wd_in[166]
u_core.g_lane\[0\].wd_q\[167\]$_DFF_P_	1	u_core.g_lane\[0\].g_ram\[0\].storage/wd_in[167]
u_core.g_lane\[0\].wd_q\[168\]$_DFF_P_	1	u_core.g_lane\[0\].g_ram\[0\].storage/wd_in[168]
u_core.g_lane\[0\].wd_q\[169\]$_DFF_P_	1	u_core.g_lane\[0\].g_ram\[0\].storage/wd_in[169]
u_core.g_lane\[0\].wd_q\[16\]$_DFF_P_	1	u_core.g_lane\[0\].g_ram\[0\].storage/wd_in[16]
u_core.g_lane\[0\].wd_q\[170\]$_DFF_P_	1	u_core.g_lane\[0\].g_ram\[0\].storage/wd_in[170]
u_core.g_lane\[0\].wd_q\[171\]$_DFF_P_	1	u_core.g_lane\[0\].g_ram\[0\].storage/wd_in[171]
u_core.g_lane\[0\].wd_q\[172\]$_DFF_P_	1	u_core.g_lane\[0\].g_ram\[0\].storage/wd_in[172]
u_core.g_lane\[0\].wd_q\[173\]$_DFF_P_	1	u_core.g_lane\[0\].g_ram\[0\].storage/wd_in[173]
u_core.g_lane\[0\].wd_q\[174\]$_DFF_P_	1	u_core.g_lane\[0\].g_ram\[0\].storage/wd_in[174]
u_core.g_lane\[0\].wd_q\[175\]$_DFF_P_	1	u_core.g_lane\[0\].g_ram\[0\].storage/wd_in[175]
u_core.g_lane\[0\].wd_q\[176\]$_DFF_P_	1	u_core.g_lane\[0\].g_ram\[0\].storage/wd_in[176]
u_core.g_lane\[0\].wd_q\[177\]$_DFF_P_	1	u_core.g_lane\[0\].g_ram\[0\].storage/wd_in[177]
u_core.g_lane\[0\].wd_q\[178\]$_DFF_P_	1	u_core.g_lane\[0\].g_ram\[0\].storage/wd_in[178]
u_core.g_lane\[0\].wd_q\[179\]$_DFF_P_	1	u_core.g_lane\[0\].g_ram\[0\].storage/wd_in[179]
u_core.g_lane\[0\].wd_q\[17\]$_DFF_P_	1	u_core.g_lane\[0\].g_ram\[0\].storage/wd_in[17]
u_core.g_lane\[0\].wd_q\[180\]$_DFF_P_	1	u_core.g_lane\[0\].g_ram\[0\].storage/wd_in[180]
u_core.g_lane\[0\].wd_q\[181\]$_DFF_P_	1	u_core.g_lane\[0\].g_ram\[0\].storage/wd_in[181]
u_core.g_lane\[0\].wd_q\[182\]$_DFF_P_	1	u_core.g_lane\[0\].g_ram\[0\].storage/wd_in[182]
u_core.g_lane\[0\].wd_q\[183\]$_DFF_P_	1	u_core.g_lane\[0\].g_ram\[0\].storage/wd_in[183]
u_core.g_lane\[0\].wd_q\[184\]$_DFF_P_	1	u_core.g_lane\[0\].g_ram\[0\].storage/wd_in[184]
u_core.g_lane\[0\].wd_q\[185\]$_DFF_P_	1	u_core.g_lane\[0\].g_ram\[0\].storage/wd_in[185]
u_core.g_lane\[0\].wd_q\[186\]$_DFF_P_	1	u_core.g_lane\[0\].g_ram\[0\].storage/wd_in[186]
u_core.g_lane\[0\].wd_q\[187\]$_DFF_P_	1	u_core.g_lane\[0\].g_ram\[0\].storage/wd_in[187]
u_core.g_lane\[0\].wd_q\[188\]$_DFF_P_	1	u_core.g_lane\[0\].g_ram\[0\].storage/wd_in[188]
u_core.g_lane\[0\].wd_q\[189\]$_DFF_P_	1	u_core.g_lane\[0\].g_ram\[0\].storage/wd_in[189]
u_core.g_lane\[0\].wd_q\[18\]$_DFF_P_	1	u_core.g_lane\[0\].g_ram\[0\].storage/wd_in[18]
u_core.g_lane\[0\].wd_q\[190\]$_DFF_P_	1	u_core.g_lane\[0\].g_ram\[0\].storage/wd_in[190]
u_core.g_lane\[0\].wd_q\[191\]$_DFF_P_	1	u_core.g_lane\[0\].g_ram\[0\].storage/wd_in[191]
u_core.g_lane\[0\].wd_q\[192\]$_DFF_P_	1	u_core.g_lane\[0\].g_ram\[0\].storage/wd_in[192]
u_core.g_lane\[0\].wd_q\[193\]$_DFF_P_	1	u_core.g_lane\[0\].g_ram\[0\].storage/wd_in[193]
u_core.g_lane\[0\].wd_q\[194\]$_DFF_P_	1	u_core.g_lane\[0\].g_ram\[0\].storage/wd_in[194]
u_core.g_lane\[0\].wd_q\[195\]$_DFF_P_	1	u_core.g_lane\[0\].g_ram\[0\].storage/wd_in[195]
u_core.g_lane\[0\].wd_q\[196\]$_DFF_P_	1	u_core.g_lane\[0\].g_ram\[0\].storage/wd_in[196]
u_core.g_lane\[0\].wd_q\[197\]$_DFF_P_	1	u_core.g_lane\[0\].g_ram\[0\].storage/wd_in[197]
u_core.g_lane\[0\].wd_q\[198\]$_DFF_P_	1	u_core.g_lane\[0\].g_ram\[0\].storage/wd_in[198]
u_core.g_lane\[0\].wd_q\[199\]$_DFF_P_	1	u_core.g_lane\[0\].g_ram\[0\].storage/wd_in[199]
u_core.g_lane\[0\].wd_q\[19\]$_DFF_P_	1	u_core.g_lane\[0\].g_ram\[0\].storage/wd_in[19]
u_core.g_lane\[0\].wd_q\[1\]$_DFF_P_	1	u_core.g_lane\[0\].g_ram\[0\].storage/wd_in[1]
u_core.g_lane\[0\].wd_q\[200\]$_DFF_P_	1	u_core.g_lane\[0\].g_ram\[0\].storage/wd_in[200]
u_core.g_lane\[0\].wd_q\[201\]$_DFF_P_	1	u_core.g_lane\[0\].g_ram\[0\].storage/wd_in[201]
u_core.g_lane\[0\].wd_q\[202\]$_DFF_P_	1	u_core.g_lane\[0\].g_ram\[0\].storage/wd_in[202]
u_core.g_lane\[0\].wd_q\[203\]$_DFF_P_	1	u_core.g_lane\[0\].g_ram\[0\].storage/wd_in[203]
u_core.g_lane\[0\].wd_q\[204\]$_DFF_P_	1	u_core.g_lane\[0\].g_ram\[0\].storage/wd_in[204]
u_core.g_lane\[0\].wd_q\[205\]$_DFF_P_	1	u_core.g_lane\[0\].g_ram\[0\].storage/wd_in[205]
u_core.g_lane\[0\].wd_q\[206\]$_DFF_P_	1	u_core.g_lane\[0\].g_ram\[0\].storage/wd_in[206]
u_core.g_lane\[0\].wd_q\[207\]$_DFF_P_	1	u_core.g_lane\[0\].g_ram\[0\].storage/wd_in[207]
u_core.g_lane\[0\].wd_q\[208\]$_DFF_P_	1	u_core.g_lane\[0\].g_ram\[0\].storage/wd_in[208]
u_core.g_lane\[0\].wd_q\[209\]$_DFF_P_	1	u_core.g_lane\[0\].g_ram\[0\].storage/wd_in[209]
u_core.g_lane\[0\].wd_q\[20\]$_DFF_P_	1	u_core.g_lane\[0\].g_ram\[0\].storage/wd_in[20]
u_core.g_lane\[0\].wd_q\[210\]$_DFF_P_	1	u_core.g_lane\[0\].g_ram\[0\].storage/wd_in[210]
u_core.g_lane\[0\].wd_q\[211\]$_DFF_P_	1	u_core.g_lane\[0\].g_ram\[0\].storage/wd_in[211]
u_core.g_lane\[0\].wd_q\[212\]$_DFF_P_	1	u_core.g_lane\[0\].g_ram\[0\].storage/wd_in[212]
u_core.g_lane\[0\].wd_q\[213\]$_DFF_P_	1	u_core.g_lane\[0\].g_ram\[0\].storage/wd_in[213]
u_core.g_lane\[0\].wd_q\[214\]$_DFF_P_	1	u_core.g_lane\[0\].g_ram\[0\].storage/wd_in[214]
u_core.g_lane\[0\].wd_q\[215\]$_DFF_P_	1	u_core.g_lane\[0\].g_ram\[0\].storage/wd_in[215]
u_core.g_lane\[0\].wd_q\[216\]$_DFF_P_	1	u_core.g_lane\[0\].g_ram\[0\].storage/wd_in[216]
u_core.g_lane\[0\].wd_q\[217\]$_DFF_P_	1	u_core.g_lane\[0\].g_ram\[0\].storage/wd_in[217]
u_core.g_lane\[0\].wd_q\[218\]$_DFF_P_	1	u_core.g_lane\[0\].g_ram\[0\].storage/wd_in[218]
u_core.g_lane\[0\].wd_q\[219\]$_DFF_P_	1	u_core.g_lane\[0\].g_ram\[0\].storage/wd_in[219]
u_core.g_lane\[0\].wd_q\[21\]$_DFF_P_	1	u_core.g_lane\[0\].g_ram\[0\].storage/wd_in[21]
u_core.g_lane\[0\].wd_q\[220\]$_DFF_P_	1	u_core.g_lane\[0\].g_ram\[0\].storage/wd_in[220]
u_core.g_lane\[0\].wd_q\[221\]$_DFF_P_	1	u_core.g_lane\[0\].g_ram\[0\].storage/wd_in[221]
u_core.g_lane\[0\].wd_q\[222\]$_DFF_P_	1	u_core.g_lane\[0\].g_ram\[0\].storage/wd_in[222]
u_core.g_lane\[0\].wd_q\[223\]$_DFF_P_	1	u_core.g_lane\[0\].g_ram\[0\].storage/wd_in[223]
u_core.g_lane\[0\].wd_q\[224\]$_DFF_P_	1	u_core.g_lane\[0\].g_ram\[0\].storage/wd_in[224]
u_core.g_lane\[0\].wd_q\[225\]$_DFF_P_	1	u_core.g_lane\[0\].g_ram\[0\].storage/wd_in[225]
u_core.g_lane\[0\].wd_q\[226\]$_DFF_P_	1	u_core.g_lane\[0\].g_ram\[0\].storage/wd_in[226]
u_core.g_lane\[0\].wd_q\[227\]$_DFF_P_	1	u_core.g_lane\[0\].g_ram\[0\].storage/wd_in[227]
u_core.g_lane\[0\].wd_q\[228\]$_DFF_P_	1	u_core.g_lane\[0\].g_ram\[0\].storage/wd_in[228]
u_core.g_lane\[0\].wd_q\[229\]$_DFF_P_	1	u_core.g_lane\[0\].g_ram\[0\].storage/wd_in[229]
u_core.g_lane\[0\].wd_q\[22\]$_DFF_P_	1	u_core.g_lane\[0\].g_ram\[0\].storage/wd_in[22]
u_core.g_lane\[0\].wd_q\[230\]$_DFF_P_	1	u_core.g_lane\[0\].g_ram\[0\].storage/wd_in[230]
u_core.g_lane\[0\].wd_q\[231\]$_DFF_P_	1	u_core.g_lane\[0\].g_ram\[0\].storage/wd_in[231]
u_core.g_lane\[0\].wd_q\[232\]$_DFF_P_	1	u_core.g_lane\[0\].g_ram\[0\].storage/wd_in[232]
u_core.g_lane\[0\].wd_q\[233\]$_DFF_P_	1	u_core.g_lane\[0\].g_ram\[0\].storage/wd_in[233]
u_core.g_lane\[0\].wd_q\[234\]$_DFF_P_	1	u_core.g_lane\[0\].g_ram\[0\].storage/wd_in[234]
u_core.g_lane\[0\].wd_q\[235\]$_DFF_P_	1	u_core.g_lane\[0\].g_ram\[0\].storage/wd_in[235]
u_core.g_lane\[0\].wd_q\[236\]$_DFF_P_	1	u_core.g_lane\[0\].g_ram\[0\].storage/wd_in[236]
u_core.g_lane\[0\].wd_q\[237\]$_DFF_P_	1	u_core.g_lane\[0\].g_ram\[0\].storage/wd_in[237]
u_core.g_lane\[0\].wd_q\[238\]$_DFF_P_	1	u_core.g_lane\[0\].g_ram\[0\].storage/wd_in[238]
u_core.g_lane\[0\].wd_q\[239\]$_DFF_P_	1	u_core.g_lane\[0\].g_ram\[0\].storage/wd_in[239]
u_core.g_lane\[0\].wd_q\[23\]$_DFF_P_	1	u_core.g_lane\[0\].g_ram\[0\].storage/wd_in[23]
u_core.g_lane\[0\].wd_q\[240\]$_DFF_P_	1	u_core.g_lane\[0\].g_ram\[0\].storage/wd_in[240]
u_core.g_lane\[0\].wd_q\[241\]$_DFF_P_	1	u_core.g_lane\[0\].g_ram\[0\].storage/wd_in[241]
u_core.g_lane\[0\].wd_q\[242\]$_DFF_P_	1	u_core.g_lane\[0\].g_ram\[0\].storage/wd_in[242]
u_core.g_lane\[0\].wd_q\[243\]$_DFF_P_	1	u_core.g_lane\[0\].g_ram\[0\].storage/wd_in[243]
u_core.g_lane\[0\].wd_q\[244\]$_DFF_P_	1	u_core.g_lane\[0\].g_ram\[0\].storage/wd_in[244]
u_core.g_lane\[0\].wd_q\[245\]$_DFF_P_	1	u_core.g_lane\[0\].g_ram\[0\].storage/wd_in[245]
u_core.g_lane\[0\].wd_q\[246\]$_DFF_P_	1	u_core.g_lane\[0\].g_ram\[0\].storage/wd_in[246]
u_core.g_lane\[0\].wd_q\[247\]$_DFF_P_	1	u_core.g_lane\[0\].g_ram\[0\].storage/wd_in[247]
u_core.g_lane\[0\].wd_q\[248\]$_DFF_P_	1	u_core.g_lane\[0\].g_ram\[0\].storage/wd_in[248]
u_core.g_lane\[0\].wd_q\[249\]$_DFF_P_	1	u_core.g_lane\[0\].g_ram\[0\].storage/wd_in[249]
u_core.g_lane\[0\].wd_q\[24\]$_DFF_P_	1	u_core.g_lane\[0\].g_ram\[0\].storage/wd_in[24]
u_core.g_lane\[0\].wd_q\[250\]$_DFF_P_	1	u_core.g_lane\[0\].g_ram\[0\].storage/wd_in[250]
u_core.g_lane\[0\].wd_q\[251\]$_DFF_P_	1	u_core.g_lane\[0\].g_ram\[0\].storage/wd_in[251]
u_core.g_lane\[0\].wd_q\[252\]$_DFF_P_	1	u_core.g_lane\[0\].g_ram\[0\].storage/wd_in[252]
u_core.g_lane\[0\].wd_q\[253\]$_DFF_P_	1	u_core.g_lane\[0\].g_ram\[0\].storage/wd_in[253]
u_core.g_lane\[0\].wd_q\[254\]$_DFF_P_	1	u_core.g_lane\[0\].g_ram\[0\].storage/wd_in[254]
u_core.g_lane\[0\].wd_q\[255\]$_DFF_P_	1	u_core.g_lane\[0\].g_ram\[0\].storage/wd_in[255]
u_core.g_lane\[0\].wd_q\[256\]$_DFF_P_	1	u_core.g_lane\[0\].g_ram\[0\].storage/wd_in[256]
u_core.g_lane\[0\].wd_q\[257\]$_DFF_P_	1	u_core.g_lane\[0\].g_ram\[0\].storage/wd_in[257]
u_core.g_lane\[0\].wd_q\[258\]$_DFF_P_	1	u_core.g_lane\[0\].g_ram\[0\].storage/wd_in[258]
u_core.g_lane\[0\].wd_q\[259\]$_DFF_P_	1	u_core.g_lane\[0\].g_ram\[0\].storage/wd_in[259]
u_core.g_lane\[0\].wd_q\[25\]$_DFF_P_	1	u_core.g_lane\[0\].g_ram\[0\].storage/wd_in[25]
u_core.g_lane\[0\].wd_q\[260\]$_DFF_P_	1	u_core.g_lane\[0\].g_ram\[0\].storage/wd_in[260]
u_core.g_lane\[0\].wd_q\[261\]$_DFF_P_	1	u_core.g_lane\[0\].g_ram\[0\].storage/wd_in[261]
u_core.g_lane\[0\].wd_q\[262\]$_DFF_P_	1	u_core.g_lane\[0\].g_ram\[0\].storage/wd_in[262]
u_core.g_lane\[0\].wd_q\[263\]$_DFF_P_	1	u_core.g_lane\[0\].g_ram\[0\].storage/wd_in[263]
u_core.g_lane\[0\].wd_q\[264\]$_DFF_P_	1	u_core.g_lane\[0\].g_ram\[0\].storage/wd_in[264]
u_core.g_lane\[0\].wd_q\[265\]$_DFF_P_	1	u_core.g_lane\[0\].g_ram\[0\].storage/wd_in[265]
u_core.g_lane\[0\].wd_q\[266\]$_DFF_P_	1	u_core.g_lane\[0\].g_ram\[0\].storage/wd_in[266]
u_core.g_lane\[0\].wd_q\[267\]$_DFF_P_	1	u_core.g_lane\[0\].g_ram\[0\].storage/wd_in[267]
u_core.g_lane\[0\].wd_q\[268\]$_DFF_P_	1	u_core.g_lane\[0\].g_ram\[0\].storage/wd_in[268]
u_core.g_lane\[0\].wd_q\[269\]$_DFF_P_	1	u_core.g_lane\[0\].g_ram\[0\].storage/wd_in[269]
u_core.g_lane\[0\].wd_q\[26\]$_DFF_P_	1	u_core.g_lane\[0\].g_ram\[0\].storage/wd_in[26]
u_core.g_lane\[0\].wd_q\[270\]$_DFF_P_	1	u_core.g_lane\[0\].g_ram\[0\].storage/wd_in[270]
u_core.g_lane\[0\].wd_q\[271\]$_DFF_P_	1	u_core.g_lane\[0\].g_ram\[0\].storage/wd_in[271]
u_core.g_lane\[0\].wd_q\[272\]$_DFF_P_	1	u_core.g_lane\[0\].g_ram\[0\].storage/wd_in[272]
u_core.g_lane\[0\].wd_q\[273\]$_DFF_P_	1	u_core.g_lane\[0\].g_ram\[0\].storage/wd_in[273]
u_core.g_lane\[0\].wd_q\[274\]$_DFF_P_	1	u_core.g_lane\[0\].g_ram\[0\].storage/wd_in[274]
u_core.g_lane\[0\].wd_q\[275\]$_DFF_P_	1	u_core.g_lane\[0\].g_ram\[0\].storage/wd_in[275]
u_core.g_lane\[0\].wd_q\[276\]$_DFF_P_	1	u_core.g_lane\[0\].g_ram\[0\].storage/wd_in[276]
u_core.g_lane\[0\].wd_q\[277\]$_DFF_P_	1	u_core.g_lane\[0\].g_ram\[0\].storage/wd_in[277]
u_core.g_lane\[0\].wd_q\[278\]$_DFF_P_	1	u_core.g_lane\[0\].g_ram\[0\].storage/wd_in[278]
u_core.g_lane\[0\].wd_q\[279\]$_DFF_P_	1	u_core.g_lane\[0\].g_ram\[0\].storage/wd_in[279]
u_core.g_lane\[0\].wd_q\[27\]$_DFF_P_	1	u_core.g_lane\[0\].g_ram\[0\].storage/wd_in[27]
u_core.g_lane\[0\].wd_q\[280\]$_DFF_P_	1	u_core.g_lane\[0\].g_ram\[0\].storage/wd_in[280]
u_core.g_lane\[0\].wd_q\[281\]$_DFF_P_	1	u_core.g_lane\[0\].g_ram\[0\].storage/wd_in[281]
u_core.g_lane\[0\].wd_q\[282\]$_DFF_P_	1	u_core.g_lane\[0\].g_ram\[0\].storage/wd_in[282]
u_core.g_lane\[0\].wd_q\[283\]$_DFF_P_	1	u_core.g_lane\[0\].g_ram\[0\].storage/wd_in[283]
u_core.g_lane\[0\].wd_q\[284\]$_DFF_P_	1	u_core.g_lane\[0\].g_ram\[0\].storage/wd_in[284]
u_core.g_lane\[0\].wd_q\[285\]$_DFF_P_	1	u_core.g_lane\[0\].g_ram\[0\].storage/wd_in[285]
u_core.g_lane\[0\].wd_q\[286\]$_DFF_P_	1	u_core.g_lane\[0\].g_ram\[0\].storage/wd_in[286]
u_core.g_lane\[0\].wd_q\[287\]$_DFF_P_	1	u_core.g_lane\[0\].g_ram\[0\].storage/wd_in[287]
u_core.g_lane\[0\].wd_q\[288\]$_DFF_P_	1	u_core.g_lane\[0\].g_ram\[0\].storage/wd_in[288]
u_core.g_lane\[0\].wd_q\[289\]$_DFF_P_	1	u_core.g_lane\[0\].g_ram\[0\].storage/wd_in[289]
u_core.g_lane\[0\].wd_q\[28\]$_DFF_P_	1	u_core.g_lane\[0\].g_ram\[0\].storage/wd_in[28]
u_core.g_lane\[0\].wd_q\[290\]$_DFF_P_	1	u_core.g_lane\[0\].g_ram\[0\].storage/wd_in[290]
u_core.g_lane\[0\].wd_q\[291\]$_DFF_P_	1	u_core.g_lane\[0\].g_ram\[0\].storage/wd_in[291]
u_core.g_lane\[0\].wd_q\[292\]$_DFF_P_	1	u_core.g_lane\[0\].g_ram\[0\].storage/wd_in[292]
u_core.g_lane\[0\].wd_q\[293\]$_DFF_P_	1	u_core.g_lane\[0\].g_ram\[0\].storage/wd_in[293]
u_core.g_lane\[0\].wd_q\[294\]$_DFF_P_	1	u_core.g_lane\[0\].g_ram\[0\].storage/wd_in[294]
u_core.g_lane\[0\].wd_q\[295\]$_DFF_P_	1	u_core.g_lane\[0\].g_ram\[0\].storage/wd_in[295]
u_core.g_lane\[0\].wd_q\[296\]$_DFF_P_	1	u_core.g_lane\[0\].g_ram\[0\].storage/wd_in[296]
u_core.g_lane\[0\].wd_q\[297\]$_DFF_P_	1	u_core.g_lane\[0\].g_ram\[0\].storage/wd_in[297]
u_core.g_lane\[0\].wd_q\[298\]$_DFF_P_	1	u_core.g_lane\[0\].g_ram\[0\].storage/wd_in[298]
u_core.g_lane\[0\].wd_q\[299\]$_DFF_P_	1	u_core.g_lane\[0\].g_ram\[0\].storage/wd_in[299]
u_core.g_lane\[0\].wd_q\[29\]$_DFF_P_	1	u_core.g_lane\[0\].g_ram\[0\].storage/wd_in[29]
u_core.g_lane\[0\].wd_q\[2\]$_DFF_P_	1	u_core.g_lane\[0\].g_ram\[0\].storage/wd_in[2]
u_core.g_lane\[0\].wd_q\[300\]$_DFF_P_	1	u_core.g_lane\[0\].g_ram\[0\].storage/wd_in[300]
u_core.g_lane\[0\].wd_q\[301\]$_DFF_P_	1	u_core.g_lane\[0\].g_ram\[0\].storage/wd_in[301]
u_core.g_lane\[0\].wd_q\[302\]$_DFF_P_	1	u_core.g_lane\[0\].g_ram\[0\].storage/wd_in[302]
u_core.g_lane\[0\].wd_q\[303\]$_DFF_P_	1	u_core.g_lane\[0\].g_ram\[0\].storage/wd_in[303]
u_core.g_lane\[0\].wd_q\[304\]$_DFF_P_	1	u_core.g_lane\[0\].g_ram\[0\].storage/wd_in[304]
u_core.g_lane\[0\].wd_q\[305\]$_DFF_P_	1	u_core.g_lane\[0\].g_ram\[0\].storage/wd_in[305]
u_core.g_lane\[0\].wd_q\[306\]$_DFF_P_	1	u_core.g_lane\[0\].g_ram\[0\].storage/wd_in[306]
u_core.g_lane\[0\].wd_q\[307\]$_DFF_P_	1	u_core.g_lane\[0\].g_ram\[0\].storage/wd_in[307]
u_core.g_lane\[0\].wd_q\[308\]$_DFF_P_	1	u_core.g_lane\[0\].g_ram\[0\].storage/wd_in[308]
u_core.g_lane\[0\].wd_q\[309\]$_DFF_P_	1	u_core.g_lane\[0\].g_ram\[0\].storage/wd_in[309]
u_core.g_lane\[0\].wd_q\[30\]$_DFF_P_	1	u_core.g_lane\[0\].g_ram\[0\].storage/wd_in[30]
u_core.g_lane\[0\].wd_q\[310\]$_DFF_P_	1	u_core.g_lane\[0\].g_ram\[0\].storage/wd_in[310]
u_core.g_lane\[0\].wd_q\[311\]$_DFF_P_	1	u_core.g_lane\[0\].g_ram\[0\].storage/wd_in[311]
u_core.g_lane\[0\].wd_q\[312\]$_DFF_P_	1	u_core.g_lane\[0\].g_ram\[0\].storage/wd_in[312]
u_core.g_lane\[0\].wd_q\[313\]$_DFF_P_	1	u_core.g_lane\[0\].g_ram\[0\].storage/wd_in[313]
u_core.g_lane\[0\].wd_q\[314\]$_DFF_P_	1	u_core.g_lane\[0\].g_ram\[0\].storage/wd_in[314]
u_core.g_lane\[0\].wd_q\[315\]$_DFF_P_	1	u_core.g_lane\[0\].g_ram\[0\].storage/wd_in[315]
u_core.g_lane\[0\].wd_q\[316\]$_DFF_P_	1	u_core.g_lane\[0\].g_ram\[0\].storage/wd_in[316]
u_core.g_lane\[0\].wd_q\[317\]$_DFF_P_	1	u_core.g_lane\[0\].g_ram\[0\].storage/wd_in[317]
u_core.g_lane\[0\].wd_q\[318\]$_DFF_P_	1	u_core.g_lane\[0\].g_ram\[0\].storage/wd_in[318]
u_core.g_lane\[0\].wd_q\[319\]$_DFF_P_	1	u_core.g_lane\[0\].g_ram\[0\].storage/wd_in[319]
u_core.g_lane\[0\].wd_q\[31\]$_DFF_P_	1	u_core.g_lane\[0\].g_ram\[0\].storage/wd_in[31]
u_core.g_lane\[0\].wd_q\[320\]$_DFF_P_	1	u_core.g_lane\[0\].g_ram\[0\].storage/wd_in[320]
u_core.g_lane\[0\].wd_q\[321\]$_DFF_P_	1	u_core.g_lane\[0\].g_ram\[0\].storage/wd_in[321]
u_core.g_lane\[0\].wd_q\[322\]$_DFF_P_	1	u_core.g_lane\[0\].g_ram\[0\].storage/wd_in[322]
u_core.g_lane\[0\].wd_q\[323\]$_DFF_P_	1	u_core.g_lane\[0\].g_ram\[0\].storage/wd_in[323]
u_core.g_lane\[0\].wd_q\[324\]$_DFF_P_	1	u_core.g_lane\[0\].g_ram\[0\].storage/wd_in[324]
u_core.g_lane\[0\].wd_q\[325\]$_DFF_P_	1	u_core.g_lane\[0\].g_ram\[0\].storage/wd_in[325]
u_core.g_lane\[0\].wd_q\[326\]$_DFF_P_	1	u_core.g_lane\[0\].g_ram\[0\].storage/wd_in[326]
u_core.g_lane\[0\].wd_q\[327\]$_DFF_P_	1	u_core.g_lane\[0\].g_ram\[0\].storage/wd_in[327]
u_core.g_lane\[0\].wd_q\[328\]$_DFF_P_	1	u_core.g_lane\[0\].g_ram\[0\].storage/wd_in[328]
u_core.g_lane\[0\].wd_q\[329\]$_DFF_P_	1	u_core.g_lane\[0\].g_ram\[0\].storage/wd_in[329]
u_core.g_lane\[0\].wd_q\[32\]$_DFF_P_	1	u_core.g_lane\[0\].g_ram\[0\].storage/wd_in[32]
u_core.g_lane\[0\].wd_q\[330\]$_DFF_P_	1	u_core.g_lane\[0\].g_ram\[0\].storage/wd_in[330]
u_core.g_lane\[0\].wd_q\[331\]$_DFF_P_	1	u_core.g_lane\[0\].g_ram\[0\].storage/wd_in[331]
u_core.g_lane\[0\].wd_q\[332\]$_DFF_P_	1	u_core.g_lane\[0\].g_ram\[0\].storage/wd_in[332]
u_core.g_lane\[0\].wd_q\[333\]$_DFF_P_	1	u_core.g_lane\[0\].g_ram\[0\].storage/wd_in[333]
u_core.g_lane\[0\].wd_q\[334\]$_DFF_P_	1	u_core.g_lane\[0\].g_ram\[0\].storage/wd_in[334]
u_core.g_lane\[0\].wd_q\[335\]$_DFF_P_	1	u_core.g_lane\[0\].g_ram\[0\].storage/wd_in[335]
u_core.g_lane\[0\].wd_q\[336\]$_DFF_P_	1	u_core.g_lane\[0\].g_ram\[0\].storage/wd_in[336]
u_core.g_lane\[0\].wd_q\[337\]$_DFF_P_	1	u_core.g_lane\[0\].g_ram\[0\].storage/wd_in[337]
u_core.g_lane\[0\].wd_q\[338\]$_DFF_P_	1	u_core.g_lane\[0\].g_ram\[0\].storage/wd_in[338]
u_core.g_lane\[0\].wd_q\[339\]$_DFF_P_	1	u_core.g_lane\[0\].g_ram\[0\].storage/wd_in[339]
u_core.g_lane\[0\].wd_q\[33\]$_DFF_P_	1	u_core.g_lane\[0\].g_ram\[0\].storage/wd_in[33]
u_core.g_lane\[0\].wd_q\[340\]$_DFF_P_	1	u_core.g_lane\[0\].g_ram\[0\].storage/wd_in[340]
u_core.g_lane\[0\].wd_q\[341\]$_DFF_P_	1	u_core.g_lane\[0\].g_ram\[0\].storage/wd_in[341]
u_core.g_lane\[0\].wd_q\[342\]$_DFF_P_	1	u_core.g_lane\[0\].g_ram\[0\].storage/wd_in[342]
u_core.g_lane\[0\].wd_q\[343\]$_DFF_P_	1	u_core.g_lane\[0\].g_ram\[0\].storage/wd_in[343]
u_core.g_lane\[0\].wd_q\[344\]$_DFF_P_	1	u_core.g_lane\[0\].g_ram\[0\].storage/wd_in[344]
u_core.g_lane\[0\].wd_q\[345\]$_DFF_P_	1	u_core.g_lane\[0\].g_ram\[0\].storage/wd_in[345]
u_core.g_lane\[0\].wd_q\[346\]$_DFF_P_	1	u_core.g_lane\[0\].g_ram\[0\].storage/wd_in[346]
u_core.g_lane\[0\].wd_q\[347\]$_DFF_P_	1	u_core.g_lane\[0\].g_ram\[0\].storage/wd_in[347]
u_core.g_lane\[0\].wd_q\[348\]$_DFF_P_	1	u_core.g_lane\[0\].g_ram\[0\].storage/wd_in[348]
u_core.g_lane\[0\].wd_q\[349\]$_DFF_P_	1	u_core.g_lane\[0\].g_ram\[0\].storage/wd_in[349]
u_core.g_lane\[0\].wd_q\[34\]$_DFF_P_	1	u_core.g_lane\[0\].g_ram\[0\].storage/wd_in[34]
u_core.g_lane\[0\].wd_q\[350\]$_DFF_P_	1	u_core.g_lane\[0\].g_ram\[0\].storage/wd_in[350]
u_core.g_lane\[0\].wd_q\[351\]$_DFF_P_	1	u_core.g_lane\[0\].g_ram\[0\].storage/wd_in[351]
u_core.g_lane\[0\].wd_q\[352\]$_DFF_P_	1	u_core.g_lane\[0\].g_ram\[0\].storage/wd_in[352]
u_core.g_lane\[0\].wd_q\[353\]$_DFF_P_	1	u_core.g_lane\[0\].g_ram\[0\].storage/wd_in[353]
u_core.g_lane\[0\].wd_q\[354\]$_DFF_P_	1	u_core.g_lane\[0\].g_ram\[0\].storage/wd_in[354]
u_core.g_lane\[0\].wd_q\[355\]$_DFF_P_	1	u_core.g_lane\[0\].g_ram\[0\].storage/wd_in[355]
u_core.g_lane\[0\].wd_q\[356\]$_DFF_P_	1	u_core.g_lane\[0\].g_ram\[0\].storage/wd_in[356]
u_core.g_lane\[0\].wd_q\[357\]$_DFF_P_	1	u_core.g_lane\[0\].g_ram\[0\].storage/wd_in[357]
u_core.g_lane\[0\].wd_q\[358\]$_DFF_P_	1	u_core.g_lane\[0\].g_ram\[0\].storage/wd_in[358]
u_core.g_lane\[0\].wd_q\[359\]$_DFF_P_	1	u_core.g_lane\[0\].g_ram\[0\].storage/wd_in[359]
u_core.g_lane\[0\].wd_q\[35\]$_DFF_P_	1	u_core.g_lane\[0\].g_ram\[0\].storage/wd_in[35]
u_core.g_lane\[0\].wd_q\[360\]$_DFF_P_	1	u_core.g_lane\[0\].g_ram\[0\].storage/wd_in[360]
u_core.g_lane\[0\].wd_q\[361\]$_DFF_P_	1	u_core.g_lane\[0\].g_ram\[0\].storage/wd_in[361]
u_core.g_lane\[0\].wd_q\[362\]$_DFF_P_	1	u_core.g_lane\[0\].g_ram\[0\].storage/wd_in[362]
u_core.g_lane\[0\].wd_q\[363\]$_DFF_P_	1	u_core.g_lane\[0\].g_ram\[0\].storage/wd_in[363]
u_core.g_lane\[0\].wd_q\[364\]$_DFF_P_	1	u_core.g_lane\[0\].g_ram\[0\].storage/wd_in[364]
u_core.g_lane\[0\].wd_q\[365\]$_DFF_P_	1	u_core.g_lane\[0\].g_ram\[0\].storage/wd_in[365]
u_core.g_lane\[0\].wd_q\[366\]$_DFF_P_	1	u_core.g_lane\[0\].g_ram\[0\].storage/wd_in[366]
u_core.g_lane\[0\].wd_q\[367\]$_DFF_P_	1	u_core.g_lane\[0\].g_ram\[0\].storage/wd_in[367]
u_core.g_lane\[0\].wd_q\[368\]$_DFF_P_	1	u_core.g_lane\[0\].g_ram\[0\].storage/wd_in[368]
u_core.g_lane\[0\].wd_q\[369\]$_DFF_P_	1	u_core.g_lane\[0\].g_ram\[0\].storage/wd_in[369]
u_core.g_lane\[0\].wd_q\[36\]$_DFF_P_	1	u_core.g_lane\[0\].g_ram\[0\].storage/wd_in[36]
u_core.g_lane\[0\].wd_q\[370\]$_DFF_P_	1	u_core.g_lane\[0\].g_ram\[0\].storage/wd_in[370]
u_core.g_lane\[0\].wd_q\[371\]$_DFF_P_	1	u_core.g_lane\[0\].g_ram\[0\].storage/wd_in[371]
u_core.g_lane\[0\].wd_q\[372\]$_DFF_P_	1	u_core.g_lane\[0\].g_ram\[0\].storage/wd_in[372]
u_core.g_lane\[0\].wd_q\[373\]$_DFF_P_	1	u_core.g_lane\[0\].g_ram\[0\].storage/wd_in[373]
u_core.g_lane\[0\].wd_q\[374\]$_DFF_P_	1	u_core.g_lane\[0\].g_ram\[0\].storage/wd_in[374]
u_core.g_lane\[0\].wd_q\[375\]$_DFF_P_	1	u_core.g_lane\[0\].g_ram\[0\].storage/wd_in[375]
u_core.g_lane\[0\].wd_q\[376\]$_DFF_P_	1	u_core.g_lane\[0\].g_ram\[0\].storage/wd_in[376]
u_core.g_lane\[0\].wd_q\[377\]$_DFF_P_	1	u_core.g_lane\[0\].g_ram\[0\].storage/wd_in[377]
u_core.g_lane\[0\].wd_q\[378\]$_DFF_P_	1	u_core.g_lane\[0\].g_ram\[0\].storage/wd_in[378]
u_core.g_lane\[0\].wd_q\[379\]$_DFF_P_	1	u_core.g_lane\[0\].g_ram\[0\].storage/wd_in[379]
u_core.g_lane\[0\].wd_q\[37\]$_DFF_P_	1	u_core.g_lane\[0\].g_ram\[0\].storage/wd_in[37]
u_core.g_lane\[0\].wd_q\[380\]$_DFF_P_	1	u_core.g_lane\[0\].g_ram\[0\].storage/wd_in[380]
u_core.g_lane\[0\].wd_q\[381\]$_DFF_P_	1	u_core.g_lane\[0\].g_ram\[0\].storage/wd_in[381]
u_core.g_lane\[0\].wd_q\[382\]$_DFF_P_	1	u_core.g_lane\[0\].g_ram\[0\].storage/wd_in[382]
u_core.g_lane\[0\].wd_q\[383\]$_DFF_P_	1	u_core.g_lane\[0\].g_ram\[0\].storage/wd_in[383]
u_core.g_lane\[0\].wd_q\[384\]$_DFF_P_	1	u_core.g_lane\[0\].g_ram\[0\].storage/wd_in[384]
u_core.g_lane\[0\].wd_q\[385\]$_DFF_P_	1	u_core.g_lane\[0\].g_ram\[0\].storage/wd_in[385]
u_core.g_lane\[0\].wd_q\[386\]$_DFF_P_	1	u_core.g_lane\[0\].g_ram\[0\].storage/wd_in[386]
u_core.g_lane\[0\].wd_q\[387\]$_DFF_P_	1	u_core.g_lane\[0\].g_ram\[0\].storage/wd_in[387]
u_core.g_lane\[0\].wd_q\[388\]$_DFF_P_	1	u_core.g_lane\[0\].g_ram\[0\].storage/wd_in[388]
u_core.g_lane\[0\].wd_q\[389\]$_DFF_P_	1	u_core.g_lane\[0\].g_ram\[0\].storage/wd_in[389]
u_core.g_lane\[0\].wd_q\[38\]$_DFF_P_	1	u_core.g_lane\[0\].g_ram\[0\].storage/wd_in[38]
u_core.g_lane\[0\].wd_q\[390\]$_DFF_P_	1	u_core.g_lane\[0\].g_ram\[0\].storage/wd_in[390]
u_core.g_lane\[0\].wd_q\[391\]$_DFF_P_	1	u_core.g_lane\[0\].g_ram\[0\].storage/wd_in[391]
u_core.g_lane\[0\].wd_q\[392\]$_DFF_P_	1	u_core.g_lane\[0\].g_ram\[0\].storage/wd_in[392]
u_core.g_lane\[0\].wd_q\[393\]$_DFF_P_	1	u_core.g_lane\[0\].g_ram\[0\].storage/wd_in[393]
u_core.g_lane\[0\].wd_q\[394\]$_DFF_P_	1	u_core.g_lane\[0\].g_ram\[0\].storage/wd_in[394]
u_core.g_lane\[0\].wd_q\[395\]$_DFF_P_	1	u_core.g_lane\[0\].g_ram\[0\].storage/wd_in[395]
u_core.g_lane\[0\].wd_q\[396\]$_DFF_P_	1	u_core.g_lane\[0\].g_ram\[0\].storage/wd_in[396]
u_core.g_lane\[0\].wd_q\[397\]$_DFF_P_	1	u_core.g_lane\[0\].g_ram\[0\].storage/wd_in[397]
u_core.g_lane\[0\].wd_q\[398\]$_DFF_P_	1	u_core.g_lane\[0\].g_ram\[0\].storage/wd_in[398]
u_core.g_lane\[0\].wd_q\[399\]$_DFF_P_	1	u_core.g_lane\[0\].g_ram\[0\].storage/wd_in[399]
u_core.g_lane\[0\].wd_q\[39\]$_DFF_P_	1	u_core.g_lane\[0\].g_ram\[0\].storage/wd_in[39]
u_core.g_lane\[0\].wd_q\[3\]$_DFF_P_	1	u_core.g_lane\[0\].g_ram\[0\].storage/wd_in[3]
u_core.g_lane\[0\].wd_q\[400\]$_DFF_P_	1	u_core.g_lane\[0\].g_ram\[0\].storage/wd_in[400]
u_core.g_lane\[0\].wd_q\[401\]$_DFF_P_	1	u_core.g_lane\[0\].g_ram\[0\].storage/wd_in[401]
u_core.g_lane\[0\].wd_q\[402\]$_DFF_P_	1	u_core.g_lane\[0\].g_ram\[0\].storage/wd_in[402]
u_core.g_lane\[0\].wd_q\[403\]$_DFF_P_	1	u_core.g_lane\[0\].g_ram\[0\].storage/wd_in[403]
u_core.g_lane\[0\].wd_q\[404\]$_DFF_P_	1	u_core.g_lane\[0\].g_ram\[0\].storage/wd_in[404]
u_core.g_lane\[0\].wd_q\[405\]$_DFF_P_	1	u_core.g_lane\[0\].g_ram\[0\].storage/wd_in[405]
u_core.g_lane\[0\].wd_q\[406\]$_DFF_P_	1	u_core.g_lane\[0\].g_ram\[0\].storage/wd_in[406]
u_core.g_lane\[0\].wd_q\[407\]$_DFF_P_	1	u_core.g_lane\[0\].g_ram\[0\].storage/wd_in[407]
u_core.g_lane\[0\].wd_q\[408\]$_DFF_P_	1	u_core.g_lane\[0\].g_ram\[0\].storage/wd_in[408]
u_core.g_lane\[0\].wd_q\[409\]$_DFF_P_	1	u_core.g_lane\[0\].g_ram\[0\].storage/wd_in[409]
u_core.g_lane\[0\].wd_q\[40\]$_DFF_P_	1	u_core.g_lane\[0\].g_ram\[0\].storage/wd_in[40]
u_core.g_lane\[0\].wd_q\[410\]$_DFF_P_	1	u_core.g_lane\[0\].g_ram\[0\].storage/wd_in[410]
u_core.g_lane\[0\].wd_q\[411\]$_DFF_P_	1	u_core.g_lane\[0\].g_ram\[0\].storage/wd_in[411]
u_core.g_lane\[0\].wd_q\[412\]$_DFF_P_	1	u_core.g_lane\[0\].g_ram\[0\].storage/wd_in[412]
u_core.g_lane\[0\].wd_q\[413\]$_DFF_P_	1	u_core.g_lane\[0\].g_ram\[0\].storage/wd_in[413]
u_core.g_lane\[0\].wd_q\[414\]$_DFF_P_	1	u_core.g_lane\[0\].g_ram\[0\].storage/wd_in[414]
u_core.g_lane\[0\].wd_q\[415\]$_DFF_P_	1	u_core.g_lane\[0\].g_ram\[0\].storage/wd_in[415]
u_core.g_lane\[0\].wd_q\[416\]$_DFF_P_	1	u_core.g_lane\[0\].g_ram\[0\].storage/wd_in[416]
u_core.g_lane\[0\].wd_q\[417\]$_DFF_P_	1	u_core.g_lane\[0\].g_ram\[0\].storage/wd_in[417]
u_core.g_lane\[0\].wd_q\[418\]$_DFF_P_	1	u_core.g_lane\[0\].g_ram\[0\].storage/wd_in[418]
u_core.g_lane\[0\].wd_q\[419\]$_DFF_P_	1	u_core.g_lane\[0\].g_ram\[0\].storage/wd_in[419]
u_core.g_lane\[0\].wd_q\[41\]$_DFF_P_	1	u_core.g_lane\[0\].g_ram\[0\].storage/wd_in[41]
u_core.g_lane\[0\].wd_q\[420\]$_DFF_P_	1	u_core.g_lane\[0\].g_ram\[0\].storage/wd_in[420]
u_core.g_lane\[0\].wd_q\[421\]$_DFF_P_	1	u_core.g_lane\[0\].g_ram\[0\].storage/wd_in[421]
u_core.g_lane\[0\].wd_q\[422\]$_DFF_P_	1	u_core.g_lane\[0\].g_ram\[0\].storage/wd_in[422]
u_core.g_lane\[0\].wd_q\[423\]$_DFF_P_	1	u_core.g_lane\[0\].g_ram\[0\].storage/wd_in[423]
u_core.g_lane\[0\].wd_q\[424\]$_DFF_P_	1	u_core.g_lane\[0\].g_ram\[0\].storage/wd_in[424]
u_core.g_lane\[0\].wd_q\[425\]$_DFF_P_	1	u_core.g_lane\[0\].g_ram\[0\].storage/wd_in[425]
u_core.g_lane\[0\].wd_q\[426\]$_DFF_P_	1	u_core.g_lane\[0\].g_ram\[0\].storage/wd_in[426]
u_core.g_lane\[0\].wd_q\[427\]$_DFF_P_	1	u_core.g_lane\[0\].g_ram\[0\].storage/wd_in[427]
u_core.g_lane\[0\].wd_q\[428\]$_DFF_P_	1	u_core.g_lane\[0\].g_ram\[0\].storage/wd_in[428]
u_core.g_lane\[0\].wd_q\[429\]$_DFF_P_	1	u_core.g_lane\[0\].g_ram\[0\].storage/wd_in[429]
u_core.g_lane\[0\].wd_q\[42\]$_DFF_P_	1	u_core.g_lane\[0\].g_ram\[0\].storage/wd_in[42]
u_core.g_lane\[0\].wd_q\[430\]$_DFF_P_	1	u_core.g_lane\[0\].g_ram\[0\].storage/wd_in[430]
u_core.g_lane\[0\].wd_q\[431\]$_DFF_P_	1	u_core.g_lane\[0\].g_ram\[0\].storage/wd_in[431]
u_core.g_lane\[0\].wd_q\[432\]$_DFF_P_	1	u_core.g_lane\[0\].g_ram\[0\].storage/wd_in[432]
u_core.g_lane\[0\].wd_q\[433\]$_DFF_P_	1	u_core.g_lane\[0\].g_ram\[0\].storage/wd_in[433]
u_core.g_lane\[0\].wd_q\[434\]$_DFF_P_	1	u_core.g_lane\[0\].g_ram\[0\].storage/wd_in[434]
u_core.g_lane\[0\].wd_q\[435\]$_DFF_P_	1	u_core.g_lane\[0\].g_ram\[0\].storage/wd_in[435]
u_core.g_lane\[0\].wd_q\[436\]$_DFF_P_	1	u_core.g_lane\[0\].g_ram\[0\].storage/wd_in[436]
u_core.g_lane\[0\].wd_q\[437\]$_DFF_P_	1	u_core.g_lane\[0\].g_ram\[0\].storage/wd_in[437]
u_core.g_lane\[0\].wd_q\[438\]$_DFF_P_	1	u_core.g_lane\[0\].g_ram\[0\].storage/wd_in[438]
u_core.g_lane\[0\].wd_q\[439\]$_DFF_P_	1	u_core.g_lane\[0\].g_ram\[0\].storage/wd_in[439]
u_core.g_lane\[0\].wd_q\[43\]$_DFF_P_	1	u_core.g_lane\[0\].g_ram\[0\].storage/wd_in[43]
u_core.g_lane\[0\].wd_q\[440\]$_DFF_P_	1	u_core.g_lane\[0\].g_ram\[0\].storage/wd_in[440]
u_core.g_lane\[0\].wd_q\[441\]$_DFF_P_	1	u_core.g_lane\[0\].g_ram\[0\].storage/wd_in[441]
u_core.g_lane\[0\].wd_q\[442\]$_DFF_P_	1	u_core.g_lane\[0\].g_ram\[0\].storage/wd_in[442]
u_core.g_lane\[0\].wd_q\[443\]$_DFF_P_	1	u_core.g_lane\[0\].g_ram\[0\].storage/wd_in[443]
u_core.g_lane\[0\].wd_q\[444\]$_DFF_P_	1	u_core.g_lane\[0\].g_ram\[0\].storage/wd_in[444]
u_core.g_lane\[0\].wd_q\[445\]$_DFF_P_	1	u_core.g_lane\[0\].g_ram\[0\].storage/wd_in[445]
u_core.g_lane\[0\].wd_q\[446\]$_DFF_P_	1	u_core.g_lane\[0\].g_ram\[0\].storage/wd_in[446]
u_core.g_lane\[0\].wd_q\[447\]$_DFF_P_	1	u_core.g_lane\[0\].g_ram\[0\].storage/wd_in[447]
u_core.g_lane\[0\].wd_q\[448\]$_DFF_P_	1	u_core.g_lane\[0\].g_ram\[0\].storage/wd_in[448]
u_core.g_lane\[0\].wd_q\[449\]$_DFF_P_	1	u_core.g_lane\[0\].g_ram\[0\].storage/wd_in[449]
u_core.g_lane\[0\].wd_q\[44\]$_DFF_P_	1	u_core.g_lane\[0\].g_ram\[0\].storage/wd_in[44]
u_core.g_lane\[0\].wd_q\[450\]$_DFF_P_	1	u_core.g_lane\[0\].g_ram\[0\].storage/wd_in[450]
u_core.g_lane\[0\].wd_q\[451\]$_DFF_P_	1	u_core.g_lane\[0\].g_ram\[0\].storage/wd_in[451]
u_core.g_lane\[0\].wd_q\[452\]$_DFF_P_	1	u_core.g_lane\[0\].g_ram\[0\].storage/wd_in[452]
u_core.g_lane\[0\].wd_q\[453\]$_DFF_P_	1	u_core.g_lane\[0\].g_ram\[0\].storage/wd_in[453]
u_core.g_lane\[0\].wd_q\[454\]$_DFF_P_	1	u_core.g_lane\[0\].g_ram\[0\].storage/wd_in[454]
u_core.g_lane\[0\].wd_q\[455\]$_DFF_P_	1	u_core.g_lane\[0\].g_ram\[0\].storage/wd_in[455]
u_core.g_lane\[0\].wd_q\[456\]$_DFF_P_	1	u_core.g_lane\[0\].g_ram\[0\].storage/wd_in[456]
u_core.g_lane\[0\].wd_q\[457\]$_DFF_P_	1	u_core.g_lane\[0\].g_ram\[0\].storage/wd_in[457]
u_core.g_lane\[0\].wd_q\[458\]$_DFF_P_	1	u_core.g_lane\[0\].g_ram\[0\].storage/wd_in[458]
u_core.g_lane\[0\].wd_q\[459\]$_DFF_P_	1	u_core.g_lane\[0\].g_ram\[0\].storage/wd_in[459]
u_core.g_lane\[0\].wd_q\[45\]$_DFF_P_	1	u_core.g_lane\[0\].g_ram\[0\].storage/wd_in[45]
u_core.g_lane\[0\].wd_q\[460\]$_DFF_P_	1	u_core.g_lane\[0\].g_ram\[0\].storage/wd_in[460]
u_core.g_lane\[0\].wd_q\[461\]$_DFF_P_	1	u_core.g_lane\[0\].g_ram\[0\].storage/wd_in[461]
u_core.g_lane\[0\].wd_q\[462\]$_DFF_P_	1	u_core.g_lane\[0\].g_ram\[0\].storage/wd_in[462]
u_core.g_lane\[0\].wd_q\[463\]$_DFF_P_	1	u_core.g_lane\[0\].g_ram\[0\].storage/wd_in[463]
u_core.g_lane\[0\].wd_q\[464\]$_DFF_P_	1	u_core.g_lane\[0\].g_ram\[0\].storage/wd_in[464]
u_core.g_lane\[0\].wd_q\[465\]$_DFF_P_	1	u_core.g_lane\[0\].g_ram\[0\].storage/wd_in[465]
u_core.g_lane\[0\].wd_q\[466\]$_DFF_P_	1	u_core.g_lane\[0\].g_ram\[0\].storage/wd_in[466]
u_core.g_lane\[0\].wd_q\[467\]$_DFF_P_	1	u_core.g_lane\[0\].g_ram\[0\].storage/wd_in[467]
u_core.g_lane\[0\].wd_q\[468\]$_DFF_P_	1	u_core.g_lane\[0\].g_ram\[0\].storage/wd_in[468]
u_core.g_lane\[0\].wd_q\[469\]$_DFF_P_	1	u_core.g_lane\[0\].g_ram\[0\].storage/wd_in[469]
u_core.g_lane\[0\].wd_q\[46\]$_DFF_P_	1	u_core.g_lane\[0\].g_ram\[0\].storage/wd_in[46]
u_core.g_lane\[0\].wd_q\[470\]$_DFF_P_	1	u_core.g_lane\[0\].g_ram\[0\].storage/wd_in[470]
u_core.g_lane\[0\].wd_q\[471\]$_DFF_P_	1	u_core.g_lane\[0\].g_ram\[0\].storage/wd_in[471]
u_core.g_lane\[0\].wd_q\[472\]$_DFF_P_	1	u_core.g_lane\[0\].g_ram\[0\].storage/wd_in[472]
u_core.g_lane\[0\].wd_q\[473\]$_DFF_P_	1	u_core.g_lane\[0\].g_ram\[0\].storage/wd_in[473]
u_core.g_lane\[0\].wd_q\[474\]$_DFF_P_	1	u_core.g_lane\[0\].g_ram\[0\].storage/wd_in[474]
u_core.g_lane\[0\].wd_q\[475\]$_DFF_P_	1	u_core.g_lane\[0\].g_ram\[0\].storage/wd_in[475]
u_core.g_lane\[0\].wd_q\[476\]$_DFF_P_	1	u_core.g_lane\[0\].g_ram\[0\].storage/wd_in[476]
u_core.g_lane\[0\].wd_q\[477\]$_DFF_P_	1	u_core.g_lane\[0\].g_ram\[0\].storage/wd_in[477]
u_core.g_lane\[0\].wd_q\[478\]$_DFF_P_	1	u_core.g_lane\[0\].g_ram\[0\].storage/wd_in[478]
u_core.g_lane\[0\].wd_q\[479\]$_DFF_P_	1	u_core.g_lane\[0\].g_ram\[0\].storage/wd_in[479]
u_core.g_lane\[0\].wd_q\[47\]$_DFF_P_	1	u_core.g_lane\[0\].g_ram\[0\].storage/wd_in[47]
u_core.g_lane\[0\].wd_q\[480\]$_DFF_P_	1	u_core.g_lane\[0\].g_ram\[0\].storage/wd_in[480]
u_core.g_lane\[0\].wd_q\[481\]$_DFF_P_	1	u_core.g_lane\[0\].g_ram\[0\].storage/wd_in[481]
u_core.g_lane\[0\].wd_q\[482\]$_DFF_P_	1	u_core.g_lane\[0\].g_ram\[0\].storage/wd_in[482]
u_core.g_lane\[0\].wd_q\[483\]$_DFF_P_	1	u_core.g_lane\[0\].g_ram\[0\].storage/wd_in[483]
u_core.g_lane\[0\].wd_q\[484\]$_DFF_P_	1	u_core.g_lane\[0\].g_ram\[0\].storage/wd_in[484]
u_core.g_lane\[0\].wd_q\[485\]$_DFF_P_	1	u_core.g_lane\[0\].g_ram\[0\].storage/wd_in[485]
u_core.g_lane\[0\].wd_q\[486\]$_DFF_P_	1	u_core.g_lane\[0\].g_ram\[0\].storage/wd_in[486]
u_core.g_lane\[0\].wd_q\[487\]$_DFF_P_	1	u_core.g_lane\[0\].g_ram\[0\].storage/wd_in[487]
u_core.g_lane\[0\].wd_q\[488\]$_DFF_P_	1	u_core.g_lane\[0\].g_ram\[0\].storage/wd_in[488]
u_core.g_lane\[0\].wd_q\[489\]$_DFF_P_	1	u_core.g_lane\[0\].g_ram\[0\].storage/wd_in[489]
u_core.g_lane\[0\].wd_q\[48\]$_DFF_P_	1	u_core.g_lane\[0\].g_ram\[0\].storage/wd_in[48]
u_core.g_lane\[0\].wd_q\[490\]$_DFF_P_	1	u_core.g_lane\[0\].g_ram\[0\].storage/wd_in[490]
u_core.g_lane\[0\].wd_q\[491\]$_DFF_P_	1	u_core.g_lane\[0\].g_ram\[0\].storage/wd_in[491]
u_core.g_lane\[0\].wd_q\[492\]$_DFF_P_	1	u_core.g_lane\[0\].g_ram\[0\].storage/wd_in[492]
u_core.g_lane\[0\].wd_q\[493\]$_DFF_P_	1	u_core.g_lane\[0\].g_ram\[0\].storage/wd_in[493]
u_core.g_lane\[0\].wd_q\[494\]$_DFF_P_	1	u_core.g_lane\[0\].g_ram\[0\].storage/wd_in[494]
u_core.g_lane\[0\].wd_q\[495\]$_DFF_P_	1	u_core.g_lane\[0\].g_ram\[0\].storage/wd_in[495]
u_core.g_lane\[0\].wd_q\[496\]$_DFF_P_	1	u_core.g_lane\[0\].g_ram\[0\].storage/wd_in[496]
u_core.g_lane\[0\].wd_q\[497\]$_DFF_P_	1	u_core.g_lane\[0\].g_ram\[0\].storage/wd_in[497]
u_core.g_lane\[0\].wd_q\[498\]$_DFF_P_	1	u_core.g_lane\[0\].g_ram\[0\].storage/wd_in[498]
u_core.g_lane\[0\].wd_q\[499\]$_DFF_P_	1	u_core.g_lane\[0\].g_ram\[0\].storage/wd_in[499]
u_core.g_lane\[0\].wd_q\[49\]$_DFF_P_	1	u_core.g_lane\[0\].g_ram\[0\].storage/wd_in[49]
u_core.g_lane\[0\].wd_q\[4\]$_DFF_P_	1	u_core.g_lane\[0\].g_ram\[0\].storage/wd_in[4]
u_core.g_lane\[0\].wd_q\[500\]$_DFF_P_	1	u_core.g_lane\[0\].g_ram\[0\].storage/wd_in[500]
u_core.g_lane\[0\].wd_q\[501\]$_DFF_P_	1	u_core.g_lane\[0\].g_ram\[0\].storage/wd_in[501]
u_core.g_lane\[0\].wd_q\[502\]$_DFF_P_	1	u_core.g_lane\[0\].g_ram\[0\].storage/wd_in[502]
u_core.g_lane\[0\].wd_q\[503\]$_DFF_P_	1	u_core.g_lane\[0\].g_ram\[0\].storage/wd_in[503]
u_core.g_lane\[0\].wd_q\[504\]$_DFF_P_	1	u_core.g_lane\[0\].g_ram\[0\].storage/wd_in[504]
u_core.g_lane\[0\].wd_q\[505\]$_DFF_P_	1	u_core.g_lane\[0\].g_ram\[0\].storage/wd_in[505]
u_core.g_lane\[0\].wd_q\[506\]$_DFF_P_	1	u_core.g_lane\[0\].g_ram\[0\].storage/wd_in[506]
u_core.g_lane\[0\].wd_q\[507\]$_DFF_P_	1	u_core.g_lane\[0\].g_ram\[0\].storage/wd_in[507]
u_core.g_lane\[0\].wd_q\[508\]$_DFF_P_	1	u_core.g_lane\[0\].g_ram\[0\].storage/wd_in[508]
u_core.g_lane\[0\].wd_q\[509\]$_DFF_P_	1	u_core.g_lane\[0\].g_ram\[0\].storage/wd_in[509]
u_core.g_lane\[0\].wd_q\[50\]$_DFF_P_	1	u_core.g_lane\[0\].g_ram\[0\].storage/wd_in[50]
u_core.g_lane\[0\].wd_q\[510\]$_DFF_P_	1	u_core.g_lane\[0\].g_ram\[0\].storage/wd_in[510]
u_core.g_lane\[0\].wd_q\[511\]$_DFF_P_	1	u_core.g_lane\[0\].g_ram\[0\].storage/wd_in[511]
u_core.g_lane\[0\].wd_q\[512\]$_DFF_P_	1	u_core.g_lane\[0\].g_ram\[1\].storage/wd_in[0]
u_core.g_lane\[0\].wd_q\[513\]$_DFF_P_	1	u_core.g_lane\[0\].g_ram\[1\].storage/wd_in[1]
u_core.g_lane\[0\].wd_q\[514\]$_DFF_P_	1	u_core.g_lane\[0\].g_ram\[1\].storage/wd_in[2]
u_core.g_lane\[0\].wd_q\[515\]$_DFF_P_	1	u_core.g_lane\[0\].g_ram\[1\].storage/wd_in[3]
u_core.g_lane\[0\].wd_q\[516\]$_DFF_P_	1	u_core.g_lane\[0\].g_ram\[1\].storage/wd_in[4]
u_core.g_lane\[0\].wd_q\[517\]$_DFF_P_	1	u_core.g_lane\[0\].g_ram\[1\].storage/wd_in[5]
u_core.g_lane\[0\].wd_q\[518\]$_DFF_P_	1	u_core.g_lane\[0\].g_ram\[1\].storage/wd_in[6]
u_core.g_lane\[0\].wd_q\[519\]$_DFF_P_	1	u_core.g_lane\[0\].g_ram\[1\].storage/wd_in[7]
u_core.g_lane\[0\].wd_q\[51\]$_DFF_P_	1	u_core.g_lane\[0\].g_ram\[0\].storage/wd_in[51]
u_core.g_lane\[0\].wd_q\[520\]$_DFF_P_	1	u_core.g_lane\[0\].g_ram\[1\].storage/wd_in[8]
u_core.g_lane\[0\].wd_q\[521\]$_DFF_P_	1	u_core.g_lane\[0\].g_ram\[1\].storage/wd_in[9]
u_core.g_lane\[0\].wd_q\[522\]$_DFF_P_	1	u_core.g_lane\[0\].g_ram\[1\].storage/wd_in[10]
u_core.g_lane\[0\].wd_q\[523\]$_DFF_P_	1	u_core.g_lane\[0\].g_ram\[1\].storage/wd_in[11]
u_core.g_lane\[0\].wd_q\[524\]$_DFF_P_	1	u_core.g_lane\[0\].g_ram\[1\].storage/wd_in[12]
u_core.g_lane\[0\].wd_q\[525\]$_DFF_P_	1	u_core.g_lane\[0\].g_ram\[1\].storage/wd_in[13]
u_core.g_lane\[0\].wd_q\[526\]$_DFF_P_	1	u_core.g_lane\[0\].g_ram\[1\].storage/wd_in[14]
u_core.g_lane\[0\].wd_q\[527\]$_DFF_P_	1	u_core.g_lane\[0\].g_ram\[1\].storage/wd_in[15]
u_core.g_lane\[0\].wd_q\[528\]$_DFF_P_	1	u_core.g_lane\[0\].g_ram\[1\].storage/wd_in[16]
u_core.g_lane\[0\].wd_q\[529\]$_DFF_P_	1	u_core.g_lane\[0\].g_ram\[1\].storage/wd_in[17]
u_core.g_lane\[0\].wd_q\[52\]$_DFF_P_	1	u_core.g_lane\[0\].g_ram\[0\].storage/wd_in[52]
u_core.g_lane\[0\].wd_q\[530\]$_DFF_P_	1	u_core.g_lane\[0\].g_ram\[1\].storage/wd_in[18]
u_core.g_lane\[0\].wd_q\[531\]$_DFF_P_	1	u_core.g_lane\[0\].g_ram\[1\].storage/wd_in[19]
u_core.g_lane\[0\].wd_q\[532\]$_DFF_P_	1	u_core.g_lane\[0\].g_ram\[1\].storage/wd_in[20]
u_core.g_lane\[0\].wd_q\[533\]$_DFF_P_	1	u_core.g_lane\[0\].g_ram\[1\].storage/wd_in[21]
u_core.g_lane\[0\].wd_q\[534\]$_DFF_P_	1	u_core.g_lane\[0\].g_ram\[1\].storage/wd_in[22]
u_core.g_lane\[0\].wd_q\[535\]$_DFF_P_	1	u_core.g_lane\[0\].g_ram\[1\].storage/wd_in[23]
u_core.g_lane\[0\].wd_q\[536\]$_DFF_P_	1	u_core.g_lane\[0\].g_ram\[1\].storage/wd_in[24]
u_core.g_lane\[0\].wd_q\[537\]$_DFF_P_	1	u_core.g_lane\[0\].g_ram\[1\].storage/wd_in[25]
u_core.g_lane\[0\].wd_q\[538\]$_DFF_P_	1	u_core.g_lane\[0\].g_ram\[1\].storage/wd_in[26]
u_core.g_lane\[0\].wd_q\[539\]$_DFF_P_	1	u_core.g_lane\[0\].g_ram\[1\].storage/wd_in[27]
u_core.g_lane\[0\].wd_q\[53\]$_DFF_P_	1	u_core.g_lane\[0\].g_ram\[0\].storage/wd_in[53]
u_core.g_lane\[0\].wd_q\[540\]$_DFF_P_	1	u_core.g_lane\[0\].g_ram\[1\].storage/wd_in[28]
u_core.g_lane\[0\].wd_q\[541\]$_DFF_P_	1	u_core.g_lane\[0\].g_ram\[1\].storage/wd_in[29]
u_core.g_lane\[0\].wd_q\[542\]$_DFF_P_	1	u_core.g_lane\[0\].g_ram\[1\].storage/wd_in[30]
u_core.g_lane\[0\].wd_q\[543\]$_DFF_P_	1	u_core.g_lane\[0\].g_ram\[1\].storage/wd_in[31]
u_core.g_lane\[0\].wd_q\[544\]$_DFF_P_	1	u_core.g_lane\[0\].g_ram\[1\].storage/wd_in[32]
u_core.g_lane\[0\].wd_q\[545\]$_DFF_P_	1	u_core.g_lane\[0\].g_ram\[1\].storage/wd_in[33]
u_core.g_lane\[0\].wd_q\[546\]$_DFF_P_	1	u_core.g_lane\[0\].g_ram\[1\].storage/wd_in[34]
u_core.g_lane\[0\].wd_q\[547\]$_DFF_P_	1	u_core.g_lane\[0\].g_ram\[1\].storage/wd_in[35]
u_core.g_lane\[0\].wd_q\[548\]$_DFF_P_	1	u_core.g_lane\[0\].g_ram\[1\].storage/wd_in[36]
u_core.g_lane\[0\].wd_q\[549\]$_DFF_P_	1	u_core.g_lane\[0\].g_ram\[1\].storage/wd_in[37]
u_core.g_lane\[0\].wd_q\[54\]$_DFF_P_	1	u_core.g_lane\[0\].g_ram\[0\].storage/wd_in[54]
u_core.g_lane\[0\].wd_q\[550\]$_DFF_P_	1	u_core.g_lane\[0\].g_ram\[1\].storage/wd_in[38]
u_core.g_lane\[0\].wd_q\[551\]$_DFF_P_	1	u_core.g_lane\[0\].g_ram\[1\].storage/wd_in[39]
u_core.g_lane\[0\].wd_q\[552\]$_DFF_P_	1	u_core.g_lane\[0\].g_ram\[1\].storage/wd_in[40]
u_core.g_lane\[0\].wd_q\[553\]$_DFF_P_	1	u_core.g_lane\[0\].g_ram\[1\].storage/wd_in[41]
u_core.g_lane\[0\].wd_q\[554\]$_DFF_P_	1	u_core.g_lane\[0\].g_ram\[1\].storage/wd_in[42]
u_core.g_lane\[0\].wd_q\[555\]$_DFF_P_	1	u_core.g_lane\[0\].g_ram\[1\].storage/wd_in[43]
u_core.g_lane\[0\].wd_q\[556\]$_DFF_P_	1	u_core.g_lane\[0\].g_ram\[1\].storage/wd_in[44]
u_core.g_lane\[0\].wd_q\[557\]$_DFF_P_	1	u_core.g_lane\[0\].g_ram\[1\].storage/wd_in[45]
u_core.g_lane\[0\].wd_q\[558\]$_DFF_P_	1	u_core.g_lane\[0\].g_ram\[1\].storage/wd_in[46]
u_core.g_lane\[0\].wd_q\[559\]$_DFF_P_	1	u_core.g_lane\[0\].g_ram\[1\].storage/wd_in[47]
u_core.g_lane\[0\].wd_q\[55\]$_DFF_P_	1	u_core.g_lane\[0\].g_ram\[0\].storage/wd_in[55]
u_core.g_lane\[0\].wd_q\[56\]$_DFF_P_	1	u_core.g_lane\[0\].g_ram\[0\].storage/wd_in[56]
u_core.g_lane\[0\].wd_q\[57\]$_DFF_P_	1	u_core.g_lane\[0\].g_ram\[0\].storage/wd_in[57]
u_core.g_lane\[0\].wd_q\[58\]$_DFF_P_	1	u_core.g_lane\[0\].g_ram\[0\].storage/wd_in[58]
u_core.g_lane\[0\].wd_q\[59\]$_DFF_P_	1	u_core.g_lane\[0\].g_ram\[0\].storage/wd_in[59]
u_core.g_lane\[0\].wd_q\[5\]$_DFF_P_	1	u_core.g_lane\[0\].g_ram\[0\].storage/wd_in[5]
u_core.g_lane\[0\].wd_q\[60\]$_DFF_P_	1	u_core.g_lane\[0\].g_ram\[0\].storage/wd_in[60]
u_core.g_lane\[0\].wd_q\[61\]$_DFF_P_	1	u_core.g_lane\[0\].g_ram\[0\].storage/wd_in[61]
u_core.g_lane\[0\].wd_q\[62\]$_DFF_P_	1	u_core.g_lane\[0\].g_ram\[0\].storage/wd_in[62]
u_core.g_lane\[0\].wd_q\[63\]$_DFF_P_	1	u_core.g_lane\[0\].g_ram\[0\].storage/wd_in[63]
u_core.g_lane\[0\].wd_q\[64\]$_DFF_P_	1	u_core.g_lane\[0\].g_ram\[0\].storage/wd_in[64]
u_core.g_lane\[0\].wd_q\[65\]$_DFF_P_	1	u_core.g_lane\[0\].g_ram\[0\].storage/wd_in[65]
u_core.g_lane\[0\].wd_q\[66\]$_DFF_P_	1	u_core.g_lane\[0\].g_ram\[0\].storage/wd_in[66]
u_core.g_lane\[0\].wd_q\[67\]$_DFF_P_	1	u_core.g_lane\[0\].g_ram\[0\].storage/wd_in[67]
u_core.g_lane\[0\].wd_q\[68\]$_DFF_P_	1	u_core.g_lane\[0\].g_ram\[0\].storage/wd_in[68]
u_core.g_lane\[0\].wd_q\[69\]$_DFF_P_	1	u_core.g_lane\[0\].g_ram\[0\].storage/wd_in[69]
u_core.g_lane\[0\].wd_q\[6\]$_DFF_P_	1	u_core.g_lane\[0\].g_ram\[0\].storage/wd_in[6]
u_core.g_lane\[0\].wd_q\[70\]$_DFF_P_	1	u_core.g_lane\[0\].g_ram\[0\].storage/wd_in[70]
u_core.g_lane\[0\].wd_q\[71\]$_DFF_P_	1	u_core.g_lane\[0\].g_ram\[0\].storage/wd_in[71]
u_core.g_lane\[0\].wd_q\[72\]$_DFF_P_	1	u_core.g_lane\[0\].g_ram\[0\].storage/wd_in[72]
u_core.g_lane\[0\].wd_q\[73\]$_DFF_P_	1	u_core.g_lane\[0\].g_ram\[0\].storage/wd_in[73]
u_core.g_lane\[0\].wd_q\[74\]$_DFF_P_	1	u_core.g_lane\[0\].g_ram\[0\].storage/wd_in[74]
u_core.g_lane\[0\].wd_q\[75\]$_DFF_P_	1	u_core.g_lane\[0\].g_ram\[0\].storage/wd_in[75]
u_core.g_lane\[0\].wd_q\[76\]$_DFF_P_	1	u_core.g_lane\[0\].g_ram\[0\].storage/wd_in[76]
u_core.g_lane\[0\].wd_q\[77\]$_DFF_P_	1	u_core.g_lane\[0\].g_ram\[0\].storage/wd_in[77]
u_core.g_lane\[0\].wd_q\[78\]$_DFF_P_	1	u_core.g_lane\[0\].g_ram\[0\].storage/wd_in[78]
u_core.g_lane\[0\].wd_q\[79\]$_DFF_P_	1	u_core.g_lane\[0\].g_ram\[0\].storage/wd_in[79]
u_core.g_lane\[0\].wd_q\[7\]$_DFF_P_	1	u_core.g_lane\[0\].g_ram\[0\].storage/wd_in[7]
u_core.g_lane\[0\].wd_q\[80\]$_DFF_P_	1	u_core.g_lane\[0\].g_ram\[0\].storage/wd_in[80]
u_core.g_lane\[0\].wd_q\[81\]$_DFF_P_	1	u_core.g_lane\[0\].g_ram\[0\].storage/wd_in[81]
u_core.g_lane\[0\].wd_q\[82\]$_DFF_P_	1	u_core.g_lane\[0\].g_ram\[0\].storage/wd_in[82]
u_core.g_lane\[0\].wd_q\[83\]$_DFF_P_	1	u_core.g_lane\[0\].g_ram\[0\].storage/wd_in[83]
u_core.g_lane\[0\].wd_q\[84\]$_DFF_P_	1	u_core.g_lane\[0\].g_ram\[0\].storage/wd_in[84]
u_core.g_lane\[0\].wd_q\[85\]$_DFF_P_	1	u_core.g_lane\[0\].g_ram\[0\].storage/wd_in[85]
u_core.g_lane\[0\].wd_q\[86\]$_DFF_P_	1	u_core.g_lane\[0\].g_ram\[0\].storage/wd_in[86]
u_core.g_lane\[0\].wd_q\[87\]$_DFF_P_	1	u_core.g_lane\[0\].g_ram\[0\].storage/wd_in[87]
u_core.g_lane\[0\].wd_q\[88\]$_DFF_P_	1	u_core.g_lane\[0\].g_ram\[0\].storage/wd_in[88]
u_core.g_lane\[0\].wd_q\[89\]$_DFF_P_	1	u_core.g_lane\[0\].g_ram\[0\].storage/wd_in[89]
u_core.g_lane\[0\].wd_q\[8\]$_DFF_P_	1	u_core.g_lane\[0\].g_ram\[0\].storage/wd_in[8]
u_core.g_lane\[0\].wd_q\[90\]$_DFF_P_	1	u_core.g_lane\[0\].g_ram\[0\].storage/wd_in[90]
u_core.g_lane\[0\].wd_q\[91\]$_DFF_P_	1	u_core.g_lane\[0\].g_ram\[0\].storage/wd_in[91]
u_core.g_lane\[0\].wd_q\[92\]$_DFF_P_	1	u_core.g_lane\[0\].g_ram\[0\].storage/wd_in[92]
u_core.g_lane\[0\].wd_q\[93\]$_DFF_P_	1	u_core.g_lane\[0\].g_ram\[0\].storage/wd_in[93]
u_core.g_lane\[0\].wd_q\[94\]$_DFF_P_	1	u_core.g_lane\[0\].g_ram\[0\].storage/wd_in[94]
u_core.g_lane\[0\].wd_q\[95\]$_DFF_P_	1	u_core.g_lane\[0\].g_ram\[0\].storage/wd_in[95]
u_core.g_lane\[0\].wd_q\[96\]$_DFF_P_	1	u_core.g_lane\[0\].g_ram\[0\].storage/wd_in[96]
u_core.g_lane\[0\].wd_q\[97\]$_DFF_P_	1	u_core.g_lane\[0\].g_ram\[0\].storage/wd_in[97]
u_core.g_lane\[0\].wd_q\[98\]$_DFF_P_	1	u_core.g_lane\[0\].g_ram\[0\].storage/wd_in[98]
u_core.g_lane\[0\].wd_q\[99\]$_DFF_P_	1	u_core.g_lane\[0\].g_ram\[0\].storage/wd_in[99]
u_core.g_lane\[0\].wd_q\[9\]$_DFF_P_	1	u_core.g_lane\[0\].g_ram\[0\].storage/wd_in[9]
u_core.g_lane\[1\].wd_q\[0\]$_DFF_P_	1	u_core.g_lane\[1\].g_ram\[0\].storage/wd_in[0]
u_core.g_lane\[1\].wd_q\[100\]$_DFF_P_	1	u_core.g_lane\[1\].g_ram\[0\].storage/wd_in[100]
u_core.g_lane\[1\].wd_q\[101\]$_DFF_P_	1	u_core.g_lane\[1\].g_ram\[0\].storage/wd_in[101]
u_core.g_lane\[1\].wd_q\[102\]$_DFF_P_	1	u_core.g_lane\[1\].g_ram\[0\].storage/wd_in[102]
u_core.g_lane\[1\].wd_q\[103\]$_DFF_P_	1	u_core.g_lane\[1\].g_ram\[0\].storage/wd_in[103]
u_core.g_lane\[1\].wd_q\[104\]$_DFF_P_	1	u_core.g_lane\[1\].g_ram\[0\].storage/wd_in[104]
u_core.g_lane\[1\].wd_q\[105\]$_DFF_P_	1	u_core.g_lane\[1\].g_ram\[0\].storage/wd_in[105]
u_core.g_lane\[1\].wd_q\[106\]$_DFF_P_	1	u_core.g_lane\[1\].g_ram\[0\].storage/wd_in[106]
u_core.g_lane\[1\].wd_q\[107\]$_DFF_P_	1	u_core.g_lane\[1\].g_ram\[0\].storage/wd_in[107]
u_core.g_lane\[1\].wd_q\[108\]$_DFF_P_	1	u_core.g_lane\[1\].g_ram\[0\].storage/wd_in[108]
u_core.g_lane\[1\].wd_q\[109\]$_DFF_P_	1	u_core.g_lane\[1\].g_ram\[0\].storage/wd_in[109]
u_core.g_lane\[1\].wd_q\[10\]$_DFF_P_	1	u_core.g_lane\[1\].g_ram\[0\].storage/wd_in[10]
u_core.g_lane\[1\].wd_q\[110\]$_DFF_P_	1	u_core.g_lane\[1\].g_ram\[0\].storage/wd_in[110]
u_core.g_lane\[1\].wd_q\[111\]$_DFF_P_	1	u_core.g_lane\[1\].g_ram\[0\].storage/wd_in[111]
u_core.g_lane\[1\].wd_q\[112\]$_DFF_P_	1	u_core.g_lane\[1\].g_ram\[0\].storage/wd_in[112]
u_core.g_lane\[1\].wd_q\[113\]$_DFF_P_	1	u_core.g_lane\[1\].g_ram\[0\].storage/wd_in[113]
u_core.g_lane\[1\].wd_q\[114\]$_DFF_P_	1	u_core.g_lane\[1\].g_ram\[0\].storage/wd_in[114]
u_core.g_lane\[1\].wd_q\[115\]$_DFF_P_	1	u_core.g_lane\[1\].g_ram\[0\].storage/wd_in[115]
u_core.g_lane\[1\].wd_q\[116\]$_DFF_P_	1	u_core.g_lane\[1\].g_ram\[0\].storage/wd_in[116]
u_core.g_lane\[1\].wd_q\[117\]$_DFF_P_	1	u_core.g_lane\[1\].g_ram\[0\].storage/wd_in[117]
u_core.g_lane\[1\].wd_q\[118\]$_DFF_P_	1	u_core.g_lane\[1\].g_ram\[0\].storage/wd_in[118]
u_core.g_lane\[1\].wd_q\[119\]$_DFF_P_	1	u_core.g_lane\[1\].g_ram\[0\].storage/wd_in[119]
u_core.g_lane\[1\].wd_q\[11\]$_DFF_P_	1	u_core.g_lane\[1\].g_ram\[0\].storage/wd_in[11]
u_core.g_lane\[1\].wd_q\[120\]$_DFF_P_	1	u_core.g_lane\[1\].g_ram\[0\].storage/wd_in[120]
u_core.g_lane\[1\].wd_q\[121\]$_DFF_P_	1	u_core.g_lane\[1\].g_ram\[0\].storage/wd_in[121]
u_core.g_lane\[1\].wd_q\[122\]$_DFF_P_	1	u_core.g_lane\[1\].g_ram\[0\].storage/wd_in[122]
u_core.g_lane\[1\].wd_q\[123\]$_DFF_P_	1	u_core.g_lane\[1\].g_ram\[0\].storage/wd_in[123]
u_core.g_lane\[1\].wd_q\[124\]$_DFF_P_	1	u_core.g_lane\[1\].g_ram\[0\].storage/wd_in[124]
u_core.g_lane\[1\].wd_q\[125\]$_DFF_P_	1	u_core.g_lane\[1\].g_ram\[0\].storage/wd_in[125]
u_core.g_lane\[1\].wd_q\[126\]$_DFF_P_	1	u_core.g_lane\[1\].g_ram\[0\].storage/wd_in[126]
u_core.g_lane\[1\].wd_q\[127\]$_DFF_P_	1	u_core.g_lane\[1\].g_ram\[0\].storage/wd_in[127]
u_core.g_lane\[1\].wd_q\[128\]$_DFF_P_	1	u_core.g_lane\[1\].g_ram\[0\].storage/wd_in[128]
u_core.g_lane\[1\].wd_q\[129\]$_DFF_P_	1	u_core.g_lane\[1\].g_ram\[0\].storage/wd_in[129]
u_core.g_lane\[1\].wd_q\[12\]$_DFF_P_	1	u_core.g_lane\[1\].g_ram\[0\].storage/wd_in[12]
u_core.g_lane\[1\].wd_q\[130\]$_DFF_P_	1	u_core.g_lane\[1\].g_ram\[0\].storage/wd_in[130]
u_core.g_lane\[1\].wd_q\[131\]$_DFF_P_	1	u_core.g_lane\[1\].g_ram\[0\].storage/wd_in[131]
u_core.g_lane\[1\].wd_q\[132\]$_DFF_P_	1	u_core.g_lane\[1\].g_ram\[0\].storage/wd_in[132]
u_core.g_lane\[1\].wd_q\[133\]$_DFF_P_	1	u_core.g_lane\[1\].g_ram\[0\].storage/wd_in[133]
u_core.g_lane\[1\].wd_q\[134\]$_DFF_P_	1	u_core.g_lane\[1\].g_ram\[0\].storage/wd_in[134]
u_core.g_lane\[1\].wd_q\[135\]$_DFF_P_	1	u_core.g_lane\[1\].g_ram\[0\].storage/wd_in[135]
u_core.g_lane\[1\].wd_q\[136\]$_DFF_P_	1	u_core.g_lane\[1\].g_ram\[0\].storage/wd_in[136]
u_core.g_lane\[1\].wd_q\[137\]$_DFF_P_	1	u_core.g_lane\[1\].g_ram\[0\].storage/wd_in[137]
u_core.g_lane\[1\].wd_q\[138\]$_DFF_P_	1	u_core.g_lane\[1\].g_ram\[0\].storage/wd_in[138]
u_core.g_lane\[1\].wd_q\[139\]$_DFF_P_	1	u_core.g_lane\[1\].g_ram\[0\].storage/wd_in[139]
u_core.g_lane\[1\].wd_q\[13\]$_DFF_P_	1	u_core.g_lane\[1\].g_ram\[0\].storage/wd_in[13]
u_core.g_lane\[1\].wd_q\[140\]$_DFF_P_	1	u_core.g_lane\[1\].g_ram\[0\].storage/wd_in[140]
u_core.g_lane\[1\].wd_q\[141\]$_DFF_P_	1	u_core.g_lane\[1\].g_ram\[0\].storage/wd_in[141]
u_core.g_lane\[1\].wd_q\[142\]$_DFF_P_	1	u_core.g_lane\[1\].g_ram\[0\].storage/wd_in[142]
u_core.g_lane\[1\].wd_q\[143\]$_DFF_P_	1	u_core.g_lane\[1\].g_ram\[0\].storage/wd_in[143]
u_core.g_lane\[1\].wd_q\[144\]$_DFF_P_	1	u_core.g_lane\[1\].g_ram\[0\].storage/wd_in[144]
u_core.g_lane\[1\].wd_q\[145\]$_DFF_P_	1	u_core.g_lane\[1\].g_ram\[0\].storage/wd_in[145]
u_core.g_lane\[1\].wd_q\[146\]$_DFF_P_	1	u_core.g_lane\[1\].g_ram\[0\].storage/wd_in[146]
u_core.g_lane\[1\].wd_q\[147\]$_DFF_P_	1	u_core.g_lane\[1\].g_ram\[0\].storage/wd_in[147]
u_core.g_lane\[1\].wd_q\[148\]$_DFF_P_	1	u_core.g_lane\[1\].g_ram\[0\].storage/wd_in[148]
u_core.g_lane\[1\].wd_q\[149\]$_DFF_P_	1	u_core.g_lane\[1\].g_ram\[0\].storage/wd_in[149]
u_core.g_lane\[1\].wd_q\[14\]$_DFF_P_	1	u_core.g_lane\[1\].g_ram\[0\].storage/wd_in[14]
u_core.g_lane\[1\].wd_q\[150\]$_DFF_P_	1	u_core.g_lane\[1\].g_ram\[0\].storage/wd_in[150]
u_core.g_lane\[1\].wd_q\[151\]$_DFF_P_	1	u_core.g_lane\[1\].g_ram\[0\].storage/wd_in[151]
u_core.g_lane\[1\].wd_q\[152\]$_DFF_P_	1	u_core.g_lane\[1\].g_ram\[0\].storage/wd_in[152]
u_core.g_lane\[1\].wd_q\[153\]$_DFF_P_	1	u_core.g_lane\[1\].g_ram\[0\].storage/wd_in[153]
u_core.g_lane\[1\].wd_q\[154\]$_DFF_P_	1	u_core.g_lane\[1\].g_ram\[0\].storage/wd_in[154]
u_core.g_lane\[1\].wd_q\[155\]$_DFF_P_	1	u_core.g_lane\[1\].g_ram\[0\].storage/wd_in[155]
u_core.g_lane\[1\].wd_q\[156\]$_DFF_P_	1	u_core.g_lane\[1\].g_ram\[0\].storage/wd_in[156]
u_core.g_lane\[1\].wd_q\[157\]$_DFF_P_	1	u_core.g_lane\[1\].g_ram\[0\].storage/wd_in[157]
u_core.g_lane\[1\].wd_q\[158\]$_DFF_P_	1	u_core.g_lane\[1\].g_ram\[0\].storage/wd_in[158]
u_core.g_lane\[1\].wd_q\[159\]$_DFF_P_	1	u_core.g_lane\[1\].g_ram\[0\].storage/wd_in[159]
u_core.g_lane\[1\].wd_q\[15\]$_DFF_P_	1	u_core.g_lane\[1\].g_ram\[0\].storage/wd_in[15]
u_core.g_lane\[1\].wd_q\[160\]$_DFF_P_	1	u_core.g_lane\[1\].g_ram\[0\].storage/wd_in[160]
u_core.g_lane\[1\].wd_q\[161\]$_DFF_P_	1	u_core.g_lane\[1\].g_ram\[0\].storage/wd_in[161]
u_core.g_lane\[1\].wd_q\[162\]$_DFF_P_	1	u_core.g_lane\[1\].g_ram\[0\].storage/wd_in[162]
u_core.g_lane\[1\].wd_q\[163\]$_DFF_P_	1	u_core.g_lane\[1\].g_ram\[0\].storage/wd_in[163]
u_core.g_lane\[1\].wd_q\[164\]$_DFF_P_	1	u_core.g_lane\[1\].g_ram\[0\].storage/wd_in[164]
u_core.g_lane\[1\].wd_q\[165\]$_DFF_P_	1	u_core.g_lane\[1\].g_ram\[0\].storage/wd_in[165]
u_core.g_lane\[1\].wd_q\[166\]$_DFF_P_	1	u_core.g_lane\[1\].g_ram\[0\].storage/wd_in[166]
u_core.g_lane\[1\].wd_q\[167\]$_DFF_P_	1	u_core.g_lane\[1\].g_ram\[0\].storage/wd_in[167]
u_core.g_lane\[1\].wd_q\[168\]$_DFF_P_	1	u_core.g_lane\[1\].g_ram\[0\].storage/wd_in[168]
u_core.g_lane\[1\].wd_q\[169\]$_DFF_P_	1	u_core.g_lane\[1\].g_ram\[0\].storage/wd_in[169]
u_core.g_lane\[1\].wd_q\[16\]$_DFF_P_	1	u_core.g_lane\[1\].g_ram\[0\].storage/wd_in[16]
u_core.g_lane\[1\].wd_q\[170\]$_DFF_P_	1	u_core.g_lane\[1\].g_ram\[0\].storage/wd_in[170]
u_core.g_lane\[1\].wd_q\[171\]$_DFF_P_	1	u_core.g_lane\[1\].g_ram\[0\].storage/wd_in[171]
u_core.g_lane\[1\].wd_q\[172\]$_DFF_P_	1	u_core.g_lane\[1\].g_ram\[0\].storage/wd_in[172]
u_core.g_lane\[1\].wd_q\[173\]$_DFF_P_	1	u_core.g_lane\[1\].g_ram\[0\].storage/wd_in[173]
u_core.g_lane\[1\].wd_q\[174\]$_DFF_P_	1	u_core.g_lane\[1\].g_ram\[0\].storage/wd_in[174]
u_core.g_lane\[1\].wd_q\[175\]$_DFF_P_	1	u_core.g_lane\[1\].g_ram\[0\].storage/wd_in[175]
u_core.g_lane\[1\].wd_q\[176\]$_DFF_P_	1	u_core.g_lane\[1\].g_ram\[0\].storage/wd_in[176]
u_core.g_lane\[1\].wd_q\[177\]$_DFF_P_	1	u_core.g_lane\[1\].g_ram\[0\].storage/wd_in[177]
u_core.g_lane\[1\].wd_q\[178\]$_DFF_P_	1	u_core.g_lane\[1\].g_ram\[0\].storage/wd_in[178]
u_core.g_lane\[1\].wd_q\[179\]$_DFF_P_	1	u_core.g_lane\[1\].g_ram\[0\].storage/wd_in[179]
u_core.g_lane\[1\].wd_q\[17\]$_DFF_P_	1	u_core.g_lane\[1\].g_ram\[0\].storage/wd_in[17]
u_core.g_lane\[1\].wd_q\[180\]$_DFF_P_	1	u_core.g_lane\[1\].g_ram\[0\].storage/wd_in[180]
u_core.g_lane\[1\].wd_q\[181\]$_DFF_P_	1	u_core.g_lane\[1\].g_ram\[0\].storage/wd_in[181]
u_core.g_lane\[1\].wd_q\[182\]$_DFF_P_	1	u_core.g_lane\[1\].g_ram\[0\].storage/wd_in[182]
u_core.g_lane\[1\].wd_q\[183\]$_DFF_P_	1	u_core.g_lane\[1\].g_ram\[0\].storage/wd_in[183]
u_core.g_lane\[1\].wd_q\[184\]$_DFF_P_	1	u_core.g_lane\[1\].g_ram\[0\].storage/wd_in[184]
u_core.g_lane\[1\].wd_q\[185\]$_DFF_P_	1	u_core.g_lane\[1\].g_ram\[0\].storage/wd_in[185]
u_core.g_lane\[1\].wd_q\[186\]$_DFF_P_	1	u_core.g_lane\[1\].g_ram\[0\].storage/wd_in[186]
u_core.g_lane\[1\].wd_q\[187\]$_DFF_P_	1	u_core.g_lane\[1\].g_ram\[0\].storage/wd_in[187]
u_core.g_lane\[1\].wd_q\[188\]$_DFF_P_	1	u_core.g_lane\[1\].g_ram\[0\].storage/wd_in[188]
u_core.g_lane\[1\].wd_q\[189\]$_DFF_P_	1	u_core.g_lane\[1\].g_ram\[0\].storage/wd_in[189]
u_core.g_lane\[1\].wd_q\[18\]$_DFF_P_	1	u_core.g_lane\[1\].g_ram\[0\].storage/wd_in[18]
u_core.g_lane\[1\].wd_q\[190\]$_DFF_P_	1	u_core.g_lane\[1\].g_ram\[0\].storage/wd_in[190]
u_core.g_lane\[1\].wd_q\[191\]$_DFF_P_	1	u_core.g_lane\[1\].g_ram\[0\].storage/wd_in[191]
u_core.g_lane\[1\].wd_q\[192\]$_DFF_P_	1	u_core.g_lane\[1\].g_ram\[0\].storage/wd_in[192]
u_core.g_lane\[1\].wd_q\[193\]$_DFF_P_	1	u_core.g_lane\[1\].g_ram\[0\].storage/wd_in[193]
u_core.g_lane\[1\].wd_q\[194\]$_DFF_P_	1	u_core.g_lane\[1\].g_ram\[0\].storage/wd_in[194]
u_core.g_lane\[1\].wd_q\[195\]$_DFF_P_	1	u_core.g_lane\[1\].g_ram\[0\].storage/wd_in[195]
u_core.g_lane\[1\].wd_q\[196\]$_DFF_P_	1	u_core.g_lane\[1\].g_ram\[0\].storage/wd_in[196]
u_core.g_lane\[1\].wd_q\[197\]$_DFF_P_	1	u_core.g_lane\[1\].g_ram\[0\].storage/wd_in[197]
u_core.g_lane\[1\].wd_q\[198\]$_DFF_P_	1	u_core.g_lane\[1\].g_ram\[0\].storage/wd_in[198]
u_core.g_lane\[1\].wd_q\[199\]$_DFF_P_	1	u_core.g_lane\[1\].g_ram\[0\].storage/wd_in[199]
u_core.g_lane\[1\].wd_q\[19\]$_DFF_P_	1	u_core.g_lane\[1\].g_ram\[0\].storage/wd_in[19]
u_core.g_lane\[1\].wd_q\[1\]$_DFF_P_	1	u_core.g_lane\[1\].g_ram\[0\].storage/wd_in[1]
u_core.g_lane\[1\].wd_q\[200\]$_DFF_P_	1	u_core.g_lane\[1\].g_ram\[0\].storage/wd_in[200]
u_core.g_lane\[1\].wd_q\[201\]$_DFF_P_	1	u_core.g_lane\[1\].g_ram\[0\].storage/wd_in[201]
u_core.g_lane\[1\].wd_q\[202\]$_DFF_P_	1	u_core.g_lane\[1\].g_ram\[0\].storage/wd_in[202]
u_core.g_lane\[1\].wd_q\[203\]$_DFF_P_	1	u_core.g_lane\[1\].g_ram\[0\].storage/wd_in[203]
u_core.g_lane\[1\].wd_q\[204\]$_DFF_P_	1	u_core.g_lane\[1\].g_ram\[0\].storage/wd_in[204]
u_core.g_lane\[1\].wd_q\[205\]$_DFF_P_	1	u_core.g_lane\[1\].g_ram\[0\].storage/wd_in[205]
u_core.g_lane\[1\].wd_q\[206\]$_DFF_P_	1	u_core.g_lane\[1\].g_ram\[0\].storage/wd_in[206]
u_core.g_lane\[1\].wd_q\[207\]$_DFF_P_	1	u_core.g_lane\[1\].g_ram\[0\].storage/wd_in[207]
u_core.g_lane\[1\].wd_q\[208\]$_DFF_P_	1	u_core.g_lane\[1\].g_ram\[0\].storage/wd_in[208]
u_core.g_lane\[1\].wd_q\[209\]$_DFF_P_	1	u_core.g_lane\[1\].g_ram\[0\].storage/wd_in[209]
u_core.g_lane\[1\].wd_q\[20\]$_DFF_P_	1	u_core.g_lane\[1\].g_ram\[0\].storage/wd_in[20]
u_core.g_lane\[1\].wd_q\[210\]$_DFF_P_	1	u_core.g_lane\[1\].g_ram\[0\].storage/wd_in[210]
u_core.g_lane\[1\].wd_q\[211\]$_DFF_P_	1	u_core.g_lane\[1\].g_ram\[0\].storage/wd_in[211]
u_core.g_lane\[1\].wd_q\[212\]$_DFF_P_	1	u_core.g_lane\[1\].g_ram\[0\].storage/wd_in[212]
u_core.g_lane\[1\].wd_q\[213\]$_DFF_P_	1	u_core.g_lane\[1\].g_ram\[0\].storage/wd_in[213]
u_core.g_lane\[1\].wd_q\[214\]$_DFF_P_	1	u_core.g_lane\[1\].g_ram\[0\].storage/wd_in[214]
u_core.g_lane\[1\].wd_q\[215\]$_DFF_P_	1	u_core.g_lane\[1\].g_ram\[0\].storage/wd_in[215]
u_core.g_lane\[1\].wd_q\[216\]$_DFF_P_	1	u_core.g_lane\[1\].g_ram\[0\].storage/wd_in[216]
u_core.g_lane\[1\].wd_q\[217\]$_DFF_P_	1	u_core.g_lane\[1\].g_ram\[0\].storage/wd_in[217]
u_core.g_lane\[1\].wd_q\[218\]$_DFF_P_	1	u_core.g_lane\[1\].g_ram\[0\].storage/wd_in[218]
u_core.g_lane\[1\].wd_q\[219\]$_DFF_P_	1	u_core.g_lane\[1\].g_ram\[0\].storage/wd_in[219]
u_core.g_lane\[1\].wd_q\[21\]$_DFF_P_	1	u_core.g_lane\[1\].g_ram\[0\].storage/wd_in[21]
u_core.g_lane\[1\].wd_q\[220\]$_DFF_P_	1	u_core.g_lane\[1\].g_ram\[0\].storage/wd_in[220]
u_core.g_lane\[1\].wd_q\[221\]$_DFF_P_	1	u_core.g_lane\[1\].g_ram\[0\].storage/wd_in[221]
u_core.g_lane\[1\].wd_q\[222\]$_DFF_P_	1	u_core.g_lane\[1\].g_ram\[0\].storage/wd_in[222]
u_core.g_lane\[1\].wd_q\[223\]$_DFF_P_	1	u_core.g_lane\[1\].g_ram\[0\].storage/wd_in[223]
u_core.g_lane\[1\].wd_q\[224\]$_DFF_P_	1	u_core.g_lane\[1\].g_ram\[0\].storage/wd_in[224]
u_core.g_lane\[1\].wd_q\[225\]$_DFF_P_	1	u_core.g_lane\[1\].g_ram\[0\].storage/wd_in[225]
u_core.g_lane\[1\].wd_q\[226\]$_DFF_P_	1	u_core.g_lane\[1\].g_ram\[0\].storage/wd_in[226]
u_core.g_lane\[1\].wd_q\[227\]$_DFF_P_	1	u_core.g_lane\[1\].g_ram\[0\].storage/wd_in[227]
u_core.g_lane\[1\].wd_q\[228\]$_DFF_P_	1	u_core.g_lane\[1\].g_ram\[0\].storage/wd_in[228]
u_core.g_lane\[1\].wd_q\[229\]$_DFF_P_	1	u_core.g_lane\[1\].g_ram\[0\].storage/wd_in[229]
u_core.g_lane\[1\].wd_q\[22\]$_DFF_P_	1	u_core.g_lane\[1\].g_ram\[0\].storage/wd_in[22]
u_core.g_lane\[1\].wd_q\[230\]$_DFF_P_	1	u_core.g_lane\[1\].g_ram\[0\].storage/wd_in[230]
u_core.g_lane\[1\].wd_q\[231\]$_DFF_P_	1	u_core.g_lane\[1\].g_ram\[0\].storage/wd_in[231]
u_core.g_lane\[1\].wd_q\[232\]$_DFF_P_	1	u_core.g_lane\[1\].g_ram\[0\].storage/wd_in[232]
u_core.g_lane\[1\].wd_q\[233\]$_DFF_P_	1	u_core.g_lane\[1\].g_ram\[0\].storage/wd_in[233]
u_core.g_lane\[1\].wd_q\[234\]$_DFF_P_	1	u_core.g_lane\[1\].g_ram\[0\].storage/wd_in[234]
u_core.g_lane\[1\].wd_q\[235\]$_DFF_P_	1	u_core.g_lane\[1\].g_ram\[0\].storage/wd_in[235]
u_core.g_lane\[1\].wd_q\[236\]$_DFF_P_	1	u_core.g_lane\[1\].g_ram\[0\].storage/wd_in[236]
u_core.g_lane\[1\].wd_q\[237\]$_DFF_P_	1	u_core.g_lane\[1\].g_ram\[0\].storage/wd_in[237]
u_core.g_lane\[1\].wd_q\[238\]$_DFF_P_	1	u_core.g_lane\[1\].g_ram\[0\].storage/wd_in[238]
u_core.g_lane\[1\].wd_q\[239\]$_DFF_P_	1	u_core.g_lane\[1\].g_ram\[0\].storage/wd_in[239]
u_core.g_lane\[1\].wd_q\[23\]$_DFF_P_	1	u_core.g_lane\[1\].g_ram\[0\].storage/wd_in[23]
u_core.g_lane\[1\].wd_q\[240\]$_DFF_P_	1	u_core.g_lane\[1\].g_ram\[0\].storage/wd_in[240]
u_core.g_lane\[1\].wd_q\[241\]$_DFF_P_	1	u_core.g_lane\[1\].g_ram\[0\].storage/wd_in[241]
u_core.g_lane\[1\].wd_q\[242\]$_DFF_P_	1	u_core.g_lane\[1\].g_ram\[0\].storage/wd_in[242]
u_core.g_lane\[1\].wd_q\[243\]$_DFF_P_	1	u_core.g_lane\[1\].g_ram\[0\].storage/wd_in[243]
u_core.g_lane\[1\].wd_q\[244\]$_DFF_P_	1	u_core.g_lane\[1\].g_ram\[0\].storage/wd_in[244]
u_core.g_lane\[1\].wd_q\[245\]$_DFF_P_	1	u_core.g_lane\[1\].g_ram\[0\].storage/wd_in[245]
u_core.g_lane\[1\].wd_q\[246\]$_DFF_P_	1	u_core.g_lane\[1\].g_ram\[0\].storage/wd_in[246]
u_core.g_lane\[1\].wd_q\[247\]$_DFF_P_	1	u_core.g_lane\[1\].g_ram\[0\].storage/wd_in[247]
u_core.g_lane\[1\].wd_q\[248\]$_DFF_P_	1	u_core.g_lane\[1\].g_ram\[0\].storage/wd_in[248]
u_core.g_lane\[1\].wd_q\[249\]$_DFF_P_	1	u_core.g_lane\[1\].g_ram\[0\].storage/wd_in[249]
u_core.g_lane\[1\].wd_q\[24\]$_DFF_P_	1	u_core.g_lane\[1\].g_ram\[0\].storage/wd_in[24]
u_core.g_lane\[1\].wd_q\[250\]$_DFF_P_	1	u_core.g_lane\[1\].g_ram\[0\].storage/wd_in[250]
u_core.g_lane\[1\].wd_q\[251\]$_DFF_P_	1	u_core.g_lane\[1\].g_ram\[0\].storage/wd_in[251]
u_core.g_lane\[1\].wd_q\[252\]$_DFF_P_	1	u_core.g_lane\[1\].g_ram\[0\].storage/wd_in[252]
u_core.g_lane\[1\].wd_q\[253\]$_DFF_P_	1	u_core.g_lane\[1\].g_ram\[0\].storage/wd_in[253]
u_core.g_lane\[1\].wd_q\[254\]$_DFF_P_	1	u_core.g_lane\[1\].g_ram\[0\].storage/wd_in[254]
u_core.g_lane\[1\].wd_q\[255\]$_DFF_P_	1	u_core.g_lane\[1\].g_ram\[0\].storage/wd_in[255]
u_core.g_lane\[1\].wd_q\[256\]$_DFF_P_	1	u_core.g_lane\[1\].g_ram\[0\].storage/wd_in[256]
u_core.g_lane\[1\].wd_q\[257\]$_DFF_P_	1	u_core.g_lane\[1\].g_ram\[0\].storage/wd_in[257]
u_core.g_lane\[1\].wd_q\[258\]$_DFF_P_	1	u_core.g_lane\[1\].g_ram\[0\].storage/wd_in[258]
u_core.g_lane\[1\].wd_q\[259\]$_DFF_P_	1	u_core.g_lane\[1\].g_ram\[0\].storage/wd_in[259]
u_core.g_lane\[1\].wd_q\[25\]$_DFF_P_	1	u_core.g_lane\[1\].g_ram\[0\].storage/wd_in[25]
u_core.g_lane\[1\].wd_q\[260\]$_DFF_P_	1	u_core.g_lane\[1\].g_ram\[0\].storage/wd_in[260]
u_core.g_lane\[1\].wd_q\[261\]$_DFF_P_	1	u_core.g_lane\[1\].g_ram\[0\].storage/wd_in[261]
u_core.g_lane\[1\].wd_q\[262\]$_DFF_P_	1	u_core.g_lane\[1\].g_ram\[0\].storage/wd_in[262]
u_core.g_lane\[1\].wd_q\[263\]$_DFF_P_	1	u_core.g_lane\[1\].g_ram\[0\].storage/wd_in[263]
u_core.g_lane\[1\].wd_q\[264\]$_DFF_P_	1	u_core.g_lane\[1\].g_ram\[0\].storage/wd_in[264]
u_core.g_lane\[1\].wd_q\[265\]$_DFF_P_	1	u_core.g_lane\[1\].g_ram\[0\].storage/wd_in[265]
u_core.g_lane\[1\].wd_q\[266\]$_DFF_P_	1	u_core.g_lane\[1\].g_ram\[0\].storage/wd_in[266]
u_core.g_lane\[1\].wd_q\[267\]$_DFF_P_	1	u_core.g_lane\[1\].g_ram\[0\].storage/wd_in[267]
u_core.g_lane\[1\].wd_q\[268\]$_DFF_P_	1	u_core.g_lane\[1\].g_ram\[0\].storage/wd_in[268]
u_core.g_lane\[1\].wd_q\[269\]$_DFF_P_	1	u_core.g_lane\[1\].g_ram\[0\].storage/wd_in[269]
u_core.g_lane\[1\].wd_q\[26\]$_DFF_P_	1	u_core.g_lane\[1\].g_ram\[0\].storage/wd_in[26]
u_core.g_lane\[1\].wd_q\[270\]$_DFF_P_	1	u_core.g_lane\[1\].g_ram\[0\].storage/wd_in[270]
u_core.g_lane\[1\].wd_q\[271\]$_DFF_P_	1	u_core.g_lane\[1\].g_ram\[0\].storage/wd_in[271]
u_core.g_lane\[1\].wd_q\[272\]$_DFF_P_	1	u_core.g_lane\[1\].g_ram\[0\].storage/wd_in[272]
u_core.g_lane\[1\].wd_q\[273\]$_DFF_P_	1	u_core.g_lane\[1\].g_ram\[0\].storage/wd_in[273]
u_core.g_lane\[1\].wd_q\[274\]$_DFF_P_	1	u_core.g_lane\[1\].g_ram\[0\].storage/wd_in[274]
u_core.g_lane\[1\].wd_q\[275\]$_DFF_P_	1	u_core.g_lane\[1\].g_ram\[0\].storage/wd_in[275]
u_core.g_lane\[1\].wd_q\[276\]$_DFF_P_	1	u_core.g_lane\[1\].g_ram\[0\].storage/wd_in[276]
u_core.g_lane\[1\].wd_q\[277\]$_DFF_P_	1	u_core.g_lane\[1\].g_ram\[0\].storage/wd_in[277]
u_core.g_lane\[1\].wd_q\[278\]$_DFF_P_	1	u_core.g_lane\[1\].g_ram\[0\].storage/wd_in[278]
u_core.g_lane\[1\].wd_q\[279\]$_DFF_P_	1	u_core.g_lane\[1\].g_ram\[0\].storage/wd_in[279]
u_core.g_lane\[1\].wd_q\[27\]$_DFF_P_	1	u_core.g_lane\[1\].g_ram\[0\].storage/wd_in[27]
u_core.g_lane\[1\].wd_q\[280\]$_DFF_P_	1	u_core.g_lane\[1\].g_ram\[0\].storage/wd_in[280]
u_core.g_lane\[1\].wd_q\[281\]$_DFF_P_	1	u_core.g_lane\[1\].g_ram\[0\].storage/wd_in[281]
u_core.g_lane\[1\].wd_q\[282\]$_DFF_P_	1	u_core.g_lane\[1\].g_ram\[0\].storage/wd_in[282]
u_core.g_lane\[1\].wd_q\[283\]$_DFF_P_	1	u_core.g_lane\[1\].g_ram\[0\].storage/wd_in[283]
u_core.g_lane\[1\].wd_q\[284\]$_DFF_P_	1	u_core.g_lane\[1\].g_ram\[0\].storage/wd_in[284]
u_core.g_lane\[1\].wd_q\[285\]$_DFF_P_	1	u_core.g_lane\[1\].g_ram\[0\].storage/wd_in[285]
u_core.g_lane\[1\].wd_q\[286\]$_DFF_P_	1	u_core.g_lane\[1\].g_ram\[0\].storage/wd_in[286]
u_core.g_lane\[1\].wd_q\[287\]$_DFF_P_	1	u_core.g_lane\[1\].g_ram\[0\].storage/wd_in[287]
u_core.g_lane\[1\].wd_q\[288\]$_DFF_P_	1	u_core.g_lane\[1\].g_ram\[0\].storage/wd_in[288]
u_core.g_lane\[1\].wd_q\[289\]$_DFF_P_	1	u_core.g_lane\[1\].g_ram\[0\].storage/wd_in[289]
u_core.g_lane\[1\].wd_q\[28\]$_DFF_P_	1	u_core.g_lane\[1\].g_ram\[0\].storage/wd_in[28]
u_core.g_lane\[1\].wd_q\[290\]$_DFF_P_	1	u_core.g_lane\[1\].g_ram\[0\].storage/wd_in[290]
u_core.g_lane\[1\].wd_q\[291\]$_DFF_P_	1	u_core.g_lane\[1\].g_ram\[0\].storage/wd_in[291]
u_core.g_lane\[1\].wd_q\[292\]$_DFF_P_	1	u_core.g_lane\[1\].g_ram\[0\].storage/wd_in[292]
u_core.g_lane\[1\].wd_q\[293\]$_DFF_P_	1	u_core.g_lane\[1\].g_ram\[0\].storage/wd_in[293]
u_core.g_lane\[1\].wd_q\[294\]$_DFF_P_	1	u_core.g_lane\[1\].g_ram\[0\].storage/wd_in[294]
u_core.g_lane\[1\].wd_q\[295\]$_DFF_P_	1	u_core.g_lane\[1\].g_ram\[0\].storage/wd_in[295]
u_core.g_lane\[1\].wd_q\[296\]$_DFF_P_	1	u_core.g_lane\[1\].g_ram\[0\].storage/wd_in[296]
u_core.g_lane\[1\].wd_q\[297\]$_DFF_P_	1	u_core.g_lane\[1\].g_ram\[0\].storage/wd_in[297]
u_core.g_lane\[1\].wd_q\[298\]$_DFF_P_	1	u_core.g_lane\[1\].g_ram\[0\].storage/wd_in[298]
u_core.g_lane\[1\].wd_q\[299\]$_DFF_P_	1	u_core.g_lane\[1\].g_ram\[0\].storage/wd_in[299]
u_core.g_lane\[1\].wd_q\[29\]$_DFF_P_	1	u_core.g_lane\[1\].g_ram\[0\].storage/wd_in[29]
u_core.g_lane\[1\].wd_q\[2\]$_DFF_P_	1	u_core.g_lane\[1\].g_ram\[0\].storage/wd_in[2]
u_core.g_lane\[1\].wd_q\[300\]$_DFF_P_	1	u_core.g_lane\[1\].g_ram\[0\].storage/wd_in[300]
u_core.g_lane\[1\].wd_q\[301\]$_DFF_P_	1	u_core.g_lane\[1\].g_ram\[0\].storage/wd_in[301]
u_core.g_lane\[1\].wd_q\[302\]$_DFF_P_	1	u_core.g_lane\[1\].g_ram\[0\].storage/wd_in[302]
u_core.g_lane\[1\].wd_q\[303\]$_DFF_P_	1	u_core.g_lane\[1\].g_ram\[0\].storage/wd_in[303]
u_core.g_lane\[1\].wd_q\[304\]$_DFF_P_	1	u_core.g_lane\[1\].g_ram\[0\].storage/wd_in[304]
u_core.g_lane\[1\].wd_q\[305\]$_DFF_P_	1	u_core.g_lane\[1\].g_ram\[0\].storage/wd_in[305]
u_core.g_lane\[1\].wd_q\[306\]$_DFF_P_	1	u_core.g_lane\[1\].g_ram\[0\].storage/wd_in[306]
u_core.g_lane\[1\].wd_q\[307\]$_DFF_P_	1	u_core.g_lane\[1\].g_ram\[0\].storage/wd_in[307]
u_core.g_lane\[1\].wd_q\[308\]$_DFF_P_	1	u_core.g_lane\[1\].g_ram\[0\].storage/wd_in[308]
u_core.g_lane\[1\].wd_q\[309\]$_DFF_P_	1	u_core.g_lane\[1\].g_ram\[0\].storage/wd_in[309]
u_core.g_lane\[1\].wd_q\[30\]$_DFF_P_	1	u_core.g_lane\[1\].g_ram\[0\].storage/wd_in[30]
u_core.g_lane\[1\].wd_q\[310\]$_DFF_P_	1	u_core.g_lane\[1\].g_ram\[0\].storage/wd_in[310]
u_core.g_lane\[1\].wd_q\[311\]$_DFF_P_	1	u_core.g_lane\[1\].g_ram\[0\].storage/wd_in[311]
u_core.g_lane\[1\].wd_q\[312\]$_DFF_P_	1	u_core.g_lane\[1\].g_ram\[0\].storage/wd_in[312]
u_core.g_lane\[1\].wd_q\[313\]$_DFF_P_	1	u_core.g_lane\[1\].g_ram\[0\].storage/wd_in[313]
u_core.g_lane\[1\].wd_q\[314\]$_DFF_P_	1	u_core.g_lane\[1\].g_ram\[0\].storage/wd_in[314]
u_core.g_lane\[1\].wd_q\[315\]$_DFF_P_	1	u_core.g_lane\[1\].g_ram\[0\].storage/wd_in[315]
u_core.g_lane\[1\].wd_q\[316\]$_DFF_P_	1	u_core.g_lane\[1\].g_ram\[0\].storage/wd_in[316]
u_core.g_lane\[1\].wd_q\[317\]$_DFF_P_	1	u_core.g_lane\[1\].g_ram\[0\].storage/wd_in[317]
u_core.g_lane\[1\].wd_q\[318\]$_DFF_P_	1	u_core.g_lane\[1\].g_ram\[0\].storage/wd_in[318]
u_core.g_lane\[1\].wd_q\[319\]$_DFF_P_	1	u_core.g_lane\[1\].g_ram\[0\].storage/wd_in[319]
u_core.g_lane\[1\].wd_q\[31\]$_DFF_P_	1	u_core.g_lane\[1\].g_ram\[0\].storage/wd_in[31]
u_core.g_lane\[1\].wd_q\[320\]$_DFF_P_	1	u_core.g_lane\[1\].g_ram\[0\].storage/wd_in[320]
u_core.g_lane\[1\].wd_q\[321\]$_DFF_P_	1	u_core.g_lane\[1\].g_ram\[0\].storage/wd_in[321]
u_core.g_lane\[1\].wd_q\[322\]$_DFF_P_	1	u_core.g_lane\[1\].g_ram\[0\].storage/wd_in[322]
u_core.g_lane\[1\].wd_q\[323\]$_DFF_P_	1	u_core.g_lane\[1\].g_ram\[0\].storage/wd_in[323]
u_core.g_lane\[1\].wd_q\[324\]$_DFF_P_	1	u_core.g_lane\[1\].g_ram\[0\].storage/wd_in[324]
u_core.g_lane\[1\].wd_q\[325\]$_DFF_P_	1	u_core.g_lane\[1\].g_ram\[0\].storage/wd_in[325]
u_core.g_lane\[1\].wd_q\[326\]$_DFF_P_	1	u_core.g_lane\[1\].g_ram\[0\].storage/wd_in[326]
u_core.g_lane\[1\].wd_q\[327\]$_DFF_P_	1	u_core.g_lane\[1\].g_ram\[0\].storage/wd_in[327]
u_core.g_lane\[1\].wd_q\[328\]$_DFF_P_	1	u_core.g_lane\[1\].g_ram\[0\].storage/wd_in[328]
u_core.g_lane\[1\].wd_q\[329\]$_DFF_P_	1	u_core.g_lane\[1\].g_ram\[0\].storage/wd_in[329]
u_core.g_lane\[1\].wd_q\[32\]$_DFF_P_	1	u_core.g_lane\[1\].g_ram\[0\].storage/wd_in[32]
u_core.g_lane\[1\].wd_q\[330\]$_DFF_P_	1	u_core.g_lane\[1\].g_ram\[0\].storage/wd_in[330]
u_core.g_lane\[1\].wd_q\[331\]$_DFF_P_	1	u_core.g_lane\[1\].g_ram\[0\].storage/wd_in[331]
u_core.g_lane\[1\].wd_q\[332\]$_DFF_P_	1	u_core.g_lane\[1\].g_ram\[0\].storage/wd_in[332]
u_core.g_lane\[1\].wd_q\[333\]$_DFF_P_	1	u_core.g_lane\[1\].g_ram\[0\].storage/wd_in[333]
u_core.g_lane\[1\].wd_q\[334\]$_DFF_P_	1	u_core.g_lane\[1\].g_ram\[0\].storage/wd_in[334]
u_core.g_lane\[1\].wd_q\[335\]$_DFF_P_	1	u_core.g_lane\[1\].g_ram\[0\].storage/wd_in[335]
u_core.g_lane\[1\].wd_q\[336\]$_DFF_P_	1	u_core.g_lane\[1\].g_ram\[0\].storage/wd_in[336]
u_core.g_lane\[1\].wd_q\[337\]$_DFF_P_	1	u_core.g_lane\[1\].g_ram\[0\].storage/wd_in[337]
u_core.g_lane\[1\].wd_q\[338\]$_DFF_P_	1	u_core.g_lane\[1\].g_ram\[0\].storage/wd_in[338]
u_core.g_lane\[1\].wd_q\[339\]$_DFF_P_	1	u_core.g_lane\[1\].g_ram\[0\].storage/wd_in[339]
u_core.g_lane\[1\].wd_q\[33\]$_DFF_P_	1	u_core.g_lane\[1\].g_ram\[0\].storage/wd_in[33]
u_core.g_lane\[1\].wd_q\[340\]$_DFF_P_	1	u_core.g_lane\[1\].g_ram\[0\].storage/wd_in[340]
u_core.g_lane\[1\].wd_q\[341\]$_DFF_P_	1	u_core.g_lane\[1\].g_ram\[0\].storage/wd_in[341]
u_core.g_lane\[1\].wd_q\[342\]$_DFF_P_	1	u_core.g_lane\[1\].g_ram\[0\].storage/wd_in[342]
u_core.g_lane\[1\].wd_q\[343\]$_DFF_P_	1	u_core.g_lane\[1\].g_ram\[0\].storage/wd_in[343]
u_core.g_lane\[1\].wd_q\[344\]$_DFF_P_	1	u_core.g_lane\[1\].g_ram\[0\].storage/wd_in[344]
u_core.g_lane\[1\].wd_q\[345\]$_DFF_P_	1	u_core.g_lane\[1\].g_ram\[0\].storage/wd_in[345]
u_core.g_lane\[1\].wd_q\[346\]$_DFF_P_	1	u_core.g_lane\[1\].g_ram\[0\].storage/wd_in[346]
u_core.g_lane\[1\].wd_q\[347\]$_DFF_P_	1	u_core.g_lane\[1\].g_ram\[0\].storage/wd_in[347]
u_core.g_lane\[1\].wd_q\[348\]$_DFF_P_	1	u_core.g_lane\[1\].g_ram\[0\].storage/wd_in[348]
u_core.g_lane\[1\].wd_q\[349\]$_DFF_P_	1	u_core.g_lane\[1\].g_ram\[0\].storage/wd_in[349]
u_core.g_lane\[1\].wd_q\[34\]$_DFF_P_	1	u_core.g_lane\[1\].g_ram\[0\].storage/wd_in[34]
u_core.g_lane\[1\].wd_q\[350\]$_DFF_P_	1	u_core.g_lane\[1\].g_ram\[0\].storage/wd_in[350]
u_core.g_lane\[1\].wd_q\[351\]$_DFF_P_	1	u_core.g_lane\[1\].g_ram\[0\].storage/wd_in[351]
u_core.g_lane\[1\].wd_q\[352\]$_DFF_P_	1	u_core.g_lane\[1\].g_ram\[0\].storage/wd_in[352]
u_core.g_lane\[1\].wd_q\[353\]$_DFF_P_	1	u_core.g_lane\[1\].g_ram\[0\].storage/wd_in[353]
u_core.g_lane\[1\].wd_q\[354\]$_DFF_P_	1	u_core.g_lane\[1\].g_ram\[0\].storage/wd_in[354]
u_core.g_lane\[1\].wd_q\[355\]$_DFF_P_	1	u_core.g_lane\[1\].g_ram\[0\].storage/wd_in[355]
u_core.g_lane\[1\].wd_q\[356\]$_DFF_P_	1	u_core.g_lane\[1\].g_ram\[0\].storage/wd_in[356]
u_core.g_lane\[1\].wd_q\[357\]$_DFF_P_	1	u_core.g_lane\[1\].g_ram\[0\].storage/wd_in[357]
u_core.g_lane\[1\].wd_q\[358\]$_DFF_P_	1	u_core.g_lane\[1\].g_ram\[0\].storage/wd_in[358]
u_core.g_lane\[1\].wd_q\[359\]$_DFF_P_	1	u_core.g_lane\[1\].g_ram\[0\].storage/wd_in[359]
u_core.g_lane\[1\].wd_q\[35\]$_DFF_P_	1	u_core.g_lane\[1\].g_ram\[0\].storage/wd_in[35]
u_core.g_lane\[1\].wd_q\[360\]$_DFF_P_	1	u_core.g_lane\[1\].g_ram\[0\].storage/wd_in[360]
u_core.g_lane\[1\].wd_q\[361\]$_DFF_P_	1	u_core.g_lane\[1\].g_ram\[0\].storage/wd_in[361]
u_core.g_lane\[1\].wd_q\[362\]$_DFF_P_	1	u_core.g_lane\[1\].g_ram\[0\].storage/wd_in[362]
u_core.g_lane\[1\].wd_q\[363\]$_DFF_P_	1	u_core.g_lane\[1\].g_ram\[0\].storage/wd_in[363]
u_core.g_lane\[1\].wd_q\[364\]$_DFF_P_	1	u_core.g_lane\[1\].g_ram\[0\].storage/wd_in[364]
u_core.g_lane\[1\].wd_q\[365\]$_DFF_P_	1	u_core.g_lane\[1\].g_ram\[0\].storage/wd_in[365]
u_core.g_lane\[1\].wd_q\[366\]$_DFF_P_	1	u_core.g_lane\[1\].g_ram\[0\].storage/wd_in[366]
u_core.g_lane\[1\].wd_q\[367\]$_DFF_P_	1	u_core.g_lane\[1\].g_ram\[0\].storage/wd_in[367]
u_core.g_lane\[1\].wd_q\[368\]$_DFF_P_	1	u_core.g_lane\[1\].g_ram\[0\].storage/wd_in[368]
u_core.g_lane\[1\].wd_q\[369\]$_DFF_P_	1	u_core.g_lane\[1\].g_ram\[0\].storage/wd_in[369]
u_core.g_lane\[1\].wd_q\[36\]$_DFF_P_	1	u_core.g_lane\[1\].g_ram\[0\].storage/wd_in[36]
u_core.g_lane\[1\].wd_q\[370\]$_DFF_P_	1	u_core.g_lane\[1\].g_ram\[0\].storage/wd_in[370]
u_core.g_lane\[1\].wd_q\[371\]$_DFF_P_	1	u_core.g_lane\[1\].g_ram\[0\].storage/wd_in[371]
u_core.g_lane\[1\].wd_q\[372\]$_DFF_P_	1	u_core.g_lane\[1\].g_ram\[0\].storage/wd_in[372]
u_core.g_lane\[1\].wd_q\[373\]$_DFF_P_	1	u_core.g_lane\[1\].g_ram\[0\].storage/wd_in[373]
u_core.g_lane\[1\].wd_q\[374\]$_DFF_P_	1	u_core.g_lane\[1\].g_ram\[0\].storage/wd_in[374]
u_core.g_lane\[1\].wd_q\[375\]$_DFF_P_	1	u_core.g_lane\[1\].g_ram\[0\].storage/wd_in[375]
u_core.g_lane\[1\].wd_q\[376\]$_DFF_P_	1	u_core.g_lane\[1\].g_ram\[0\].storage/wd_in[376]
u_core.g_lane\[1\].wd_q\[377\]$_DFF_P_	1	u_core.g_lane\[1\].g_ram\[0\].storage/wd_in[377]
u_core.g_lane\[1\].wd_q\[378\]$_DFF_P_	1	u_core.g_lane\[1\].g_ram\[0\].storage/wd_in[378]
u_core.g_lane\[1\].wd_q\[379\]$_DFF_P_	1	u_core.g_lane\[1\].g_ram\[0\].storage/wd_in[379]
u_core.g_lane\[1\].wd_q\[37\]$_DFF_P_	1	u_core.g_lane\[1\].g_ram\[0\].storage/wd_in[37]
u_core.g_lane\[1\].wd_q\[380\]$_DFF_P_	1	u_core.g_lane\[1\].g_ram\[0\].storage/wd_in[380]
u_core.g_lane\[1\].wd_q\[381\]$_DFF_P_	1	u_core.g_lane\[1\].g_ram\[0\].storage/wd_in[381]
u_core.g_lane\[1\].wd_q\[382\]$_DFF_P_	1	u_core.g_lane\[1\].g_ram\[0\].storage/wd_in[382]
u_core.g_lane\[1\].wd_q\[383\]$_DFF_P_	1	u_core.g_lane\[1\].g_ram\[0\].storage/wd_in[383]
u_core.g_lane\[1\].wd_q\[384\]$_DFF_P_	1	u_core.g_lane\[1\].g_ram\[0\].storage/wd_in[384]
u_core.g_lane\[1\].wd_q\[385\]$_DFF_P_	1	u_core.g_lane\[1\].g_ram\[0\].storage/wd_in[385]
u_core.g_lane\[1\].wd_q\[386\]$_DFF_P_	1	u_core.g_lane\[1\].g_ram\[0\].storage/wd_in[386]
u_core.g_lane\[1\].wd_q\[387\]$_DFF_P_	1	u_core.g_lane\[1\].g_ram\[0\].storage/wd_in[387]
u_core.g_lane\[1\].wd_q\[388\]$_DFF_P_	1	u_core.g_lane\[1\].g_ram\[0\].storage/wd_in[388]
u_core.g_lane\[1\].wd_q\[389\]$_DFF_P_	1	u_core.g_lane\[1\].g_ram\[0\].storage/wd_in[389]
u_core.g_lane\[1\].wd_q\[38\]$_DFF_P_	1	u_core.g_lane\[1\].g_ram\[0\].storage/wd_in[38]
u_core.g_lane\[1\].wd_q\[390\]$_DFF_P_	1	u_core.g_lane\[1\].g_ram\[0\].storage/wd_in[390]
u_core.g_lane\[1\].wd_q\[391\]$_DFF_P_	1	u_core.g_lane\[1\].g_ram\[0\].storage/wd_in[391]
u_core.g_lane\[1\].wd_q\[392\]$_DFF_P_	1	u_core.g_lane\[1\].g_ram\[0\].storage/wd_in[392]
u_core.g_lane\[1\].wd_q\[393\]$_DFF_P_	1	u_core.g_lane\[1\].g_ram\[0\].storage/wd_in[393]
u_core.g_lane\[1\].wd_q\[394\]$_DFF_P_	1	u_core.g_lane\[1\].g_ram\[0\].storage/wd_in[394]
u_core.g_lane\[1\].wd_q\[395\]$_DFF_P_	1	u_core.g_lane\[1\].g_ram\[0\].storage/wd_in[395]
u_core.g_lane\[1\].wd_q\[396\]$_DFF_P_	1	u_core.g_lane\[1\].g_ram\[0\].storage/wd_in[396]
u_core.g_lane\[1\].wd_q\[397\]$_DFF_P_	1	u_core.g_lane\[1\].g_ram\[0\].storage/wd_in[397]
u_core.g_lane\[1\].wd_q\[398\]$_DFF_P_	1	u_core.g_lane\[1\].g_ram\[0\].storage/wd_in[398]
u_core.g_lane\[1\].wd_q\[399\]$_DFF_P_	1	u_core.g_lane\[1\].g_ram\[0\].storage/wd_in[399]
u_core.g_lane\[1\].wd_q\[39\]$_DFF_P_	1	u_core.g_lane\[1\].g_ram\[0\].storage/wd_in[39]
u_core.g_lane\[1\].wd_q\[3\]$_DFF_P_	1	u_core.g_lane\[1\].g_ram\[0\].storage/wd_in[3]
u_core.g_lane\[1\].wd_q\[400\]$_DFF_P_	1	u_core.g_lane\[1\].g_ram\[0\].storage/wd_in[400]
u_core.g_lane\[1\].wd_q\[401\]$_DFF_P_	1	u_core.g_lane\[1\].g_ram\[0\].storage/wd_in[401]
u_core.g_lane\[1\].wd_q\[402\]$_DFF_P_	1	u_core.g_lane\[1\].g_ram\[0\].storage/wd_in[402]
u_core.g_lane\[1\].wd_q\[403\]$_DFF_P_	1	u_core.g_lane\[1\].g_ram\[0\].storage/wd_in[403]
u_core.g_lane\[1\].wd_q\[404\]$_DFF_P_	1	u_core.g_lane\[1\].g_ram\[0\].storage/wd_in[404]
u_core.g_lane\[1\].wd_q\[405\]$_DFF_P_	1	u_core.g_lane\[1\].g_ram\[0\].storage/wd_in[405]
u_core.g_lane\[1\].wd_q\[406\]$_DFF_P_	1	u_core.g_lane\[1\].g_ram\[0\].storage/wd_in[406]
u_core.g_lane\[1\].wd_q\[407\]$_DFF_P_	1	u_core.g_lane\[1\].g_ram\[0\].storage/wd_in[407]
u_core.g_lane\[1\].wd_q\[408\]$_DFF_P_	1	u_core.g_lane\[1\].g_ram\[0\].storage/wd_in[408]
u_core.g_lane\[1\].wd_q\[409\]$_DFF_P_	1	u_core.g_lane\[1\].g_ram\[0\].storage/wd_in[409]
u_core.g_lane\[1\].wd_q\[40\]$_DFF_P_	1	u_core.g_lane\[1\].g_ram\[0\].storage/wd_in[40]
u_core.g_lane\[1\].wd_q\[410\]$_DFF_P_	1	u_core.g_lane\[1\].g_ram\[0\].storage/wd_in[410]
u_core.g_lane\[1\].wd_q\[411\]$_DFF_P_	1	u_core.g_lane\[1\].g_ram\[0\].storage/wd_in[411]
u_core.g_lane\[1\].wd_q\[412\]$_DFF_P_	1	u_core.g_lane\[1\].g_ram\[0\].storage/wd_in[412]
u_core.g_lane\[1\].wd_q\[413\]$_DFF_P_	1	u_core.g_lane\[1\].g_ram\[0\].storage/wd_in[413]
u_core.g_lane\[1\].wd_q\[414\]$_DFF_P_	1	u_core.g_lane\[1\].g_ram\[0\].storage/wd_in[414]
u_core.g_lane\[1\].wd_q\[415\]$_DFF_P_	1	u_core.g_lane\[1\].g_ram\[0\].storage/wd_in[415]
u_core.g_lane\[1\].wd_q\[416\]$_DFF_P_	1	u_core.g_lane\[1\].g_ram\[0\].storage/wd_in[416]
u_core.g_lane\[1\].wd_q\[417\]$_DFF_P_	1	u_core.g_lane\[1\].g_ram\[0\].storage/wd_in[417]
u_core.g_lane\[1\].wd_q\[418\]$_DFF_P_	1	u_core.g_lane\[1\].g_ram\[0\].storage/wd_in[418]
u_core.g_lane\[1\].wd_q\[419\]$_DFF_P_	1	u_core.g_lane\[1\].g_ram\[0\].storage/wd_in[419]
u_core.g_lane\[1\].wd_q\[41\]$_DFF_P_	1	u_core.g_lane\[1\].g_ram\[0\].storage/wd_in[41]
u_core.g_lane\[1\].wd_q\[420\]$_DFF_P_	1	u_core.g_lane\[1\].g_ram\[0\].storage/wd_in[420]
u_core.g_lane\[1\].wd_q\[421\]$_DFF_P_	1	u_core.g_lane\[1\].g_ram\[0\].storage/wd_in[421]
u_core.g_lane\[1\].wd_q\[422\]$_DFF_P_	1	u_core.g_lane\[1\].g_ram\[0\].storage/wd_in[422]
u_core.g_lane\[1\].wd_q\[423\]$_DFF_P_	1	u_core.g_lane\[1\].g_ram\[0\].storage/wd_in[423]
u_core.g_lane\[1\].wd_q\[424\]$_DFF_P_	1	u_core.g_lane\[1\].g_ram\[0\].storage/wd_in[424]
u_core.g_lane\[1\].wd_q\[425\]$_DFF_P_	1	u_core.g_lane\[1\].g_ram\[0\].storage/wd_in[425]
u_core.g_lane\[1\].wd_q\[426\]$_DFF_P_	1	u_core.g_lane\[1\].g_ram\[0\].storage/wd_in[426]
u_core.g_lane\[1\].wd_q\[427\]$_DFF_P_	1	u_core.g_lane\[1\].g_ram\[0\].storage/wd_in[427]
u_core.g_lane\[1\].wd_q\[428\]$_DFF_P_	1	u_core.g_lane\[1\].g_ram\[0\].storage/wd_in[428]
u_core.g_lane\[1\].wd_q\[429\]$_DFF_P_	1	u_core.g_lane\[1\].g_ram\[0\].storage/wd_in[429]
u_core.g_lane\[1\].wd_q\[42\]$_DFF_P_	1	u_core.g_lane\[1\].g_ram\[0\].storage/wd_in[42]
u_core.g_lane\[1\].wd_q\[430\]$_DFF_P_	1	u_core.g_lane\[1\].g_ram\[0\].storage/wd_in[430]
u_core.g_lane\[1\].wd_q\[431\]$_DFF_P_	1	u_core.g_lane\[1\].g_ram\[0\].storage/wd_in[431]
u_core.g_lane\[1\].wd_q\[432\]$_DFF_P_	1	u_core.g_lane\[1\].g_ram\[0\].storage/wd_in[432]
u_core.g_lane\[1\].wd_q\[433\]$_DFF_P_	1	u_core.g_lane\[1\].g_ram\[0\].storage/wd_in[433]
u_core.g_lane\[1\].wd_q\[434\]$_DFF_P_	1	u_core.g_lane\[1\].g_ram\[0\].storage/wd_in[434]
u_core.g_lane\[1\].wd_q\[435\]$_DFF_P_	1	u_core.g_lane\[1\].g_ram\[0\].storage/wd_in[435]
u_core.g_lane\[1\].wd_q\[436\]$_DFF_P_	1	u_core.g_lane\[1\].g_ram\[0\].storage/wd_in[436]
u_core.g_lane\[1\].wd_q\[437\]$_DFF_P_	1	u_core.g_lane\[1\].g_ram\[0\].storage/wd_in[437]
u_core.g_lane\[1\].wd_q\[438\]$_DFF_P_	1	u_core.g_lane\[1\].g_ram\[0\].storage/wd_in[438]
u_core.g_lane\[1\].wd_q\[439\]$_DFF_P_	1	u_core.g_lane\[1\].g_ram\[0\].storage/wd_in[439]
u_core.g_lane\[1\].wd_q\[43\]$_DFF_P_	1	u_core.g_lane\[1\].g_ram\[0\].storage/wd_in[43]
u_core.g_lane\[1\].wd_q\[440\]$_DFF_P_	1	u_core.g_lane\[1\].g_ram\[0\].storage/wd_in[440]
u_core.g_lane\[1\].wd_q\[441\]$_DFF_P_	1	u_core.g_lane\[1\].g_ram\[0\].storage/wd_in[441]
u_core.g_lane\[1\].wd_q\[442\]$_DFF_P_	1	u_core.g_lane\[1\].g_ram\[0\].storage/wd_in[442]
u_core.g_lane\[1\].wd_q\[443\]$_DFF_P_	1	u_core.g_lane\[1\].g_ram\[0\].storage/wd_in[443]
u_core.g_lane\[1\].wd_q\[444\]$_DFF_P_	1	u_core.g_lane\[1\].g_ram\[0\].storage/wd_in[444]
u_core.g_lane\[1\].wd_q\[445\]$_DFF_P_	1	u_core.g_lane\[1\].g_ram\[0\].storage/wd_in[445]
u_core.g_lane\[1\].wd_q\[446\]$_DFF_P_	1	u_core.g_lane\[1\].g_ram\[0\].storage/wd_in[446]
u_core.g_lane\[1\].wd_q\[447\]$_DFF_P_	1	u_core.g_lane\[1\].g_ram\[0\].storage/wd_in[447]
u_core.g_lane\[1\].wd_q\[448\]$_DFF_P_	1	u_core.g_lane\[1\].g_ram\[0\].storage/wd_in[448]
u_core.g_lane\[1\].wd_q\[449\]$_DFF_P_	1	u_core.g_lane\[1\].g_ram\[0\].storage/wd_in[449]
u_core.g_lane\[1\].wd_q\[44\]$_DFF_P_	1	u_core.g_lane\[1\].g_ram\[0\].storage/wd_in[44]
u_core.g_lane\[1\].wd_q\[450\]$_DFF_P_	1	u_core.g_lane\[1\].g_ram\[0\].storage/wd_in[450]
u_core.g_lane\[1\].wd_q\[451\]$_DFF_P_	1	u_core.g_lane\[1\].g_ram\[0\].storage/wd_in[451]
u_core.g_lane\[1\].wd_q\[452\]$_DFF_P_	1	u_core.g_lane\[1\].g_ram\[0\].storage/wd_in[452]
u_core.g_lane\[1\].wd_q\[453\]$_DFF_P_	1	u_core.g_lane\[1\].g_ram\[0\].storage/wd_in[453]
u_core.g_lane\[1\].wd_q\[454\]$_DFF_P_	1	u_core.g_lane\[1\].g_ram\[0\].storage/wd_in[454]
u_core.g_lane\[1\].wd_q\[455\]$_DFF_P_	1	u_core.g_lane\[1\].g_ram\[0\].storage/wd_in[455]
u_core.g_lane\[1\].wd_q\[456\]$_DFF_P_	1	u_core.g_lane\[1\].g_ram\[0\].storage/wd_in[456]
u_core.g_lane\[1\].wd_q\[457\]$_DFF_P_	1	u_core.g_lane\[1\].g_ram\[0\].storage/wd_in[457]
u_core.g_lane\[1\].wd_q\[458\]$_DFF_P_	1	u_core.g_lane\[1\].g_ram\[0\].storage/wd_in[458]
u_core.g_lane\[1\].wd_q\[459\]$_DFF_P_	1	u_core.g_lane\[1\].g_ram\[0\].storage/wd_in[459]
u_core.g_lane\[1\].wd_q\[45\]$_DFF_P_	1	u_core.g_lane\[1\].g_ram\[0\].storage/wd_in[45]
u_core.g_lane\[1\].wd_q\[460\]$_DFF_P_	1	u_core.g_lane\[1\].g_ram\[0\].storage/wd_in[460]
u_core.g_lane\[1\].wd_q\[461\]$_DFF_P_	1	u_core.g_lane\[1\].g_ram\[0\].storage/wd_in[461]
u_core.g_lane\[1\].wd_q\[462\]$_DFF_P_	1	u_core.g_lane\[1\].g_ram\[0\].storage/wd_in[462]
u_core.g_lane\[1\].wd_q\[463\]$_DFF_P_	1	u_core.g_lane\[1\].g_ram\[0\].storage/wd_in[463]
u_core.g_lane\[1\].wd_q\[464\]$_DFF_P_	1	u_core.g_lane\[1\].g_ram\[0\].storage/wd_in[464]
u_core.g_lane\[1\].wd_q\[465\]$_DFF_P_	1	u_core.g_lane\[1\].g_ram\[0\].storage/wd_in[465]
u_core.g_lane\[1\].wd_q\[466\]$_DFF_P_	1	u_core.g_lane\[1\].g_ram\[0\].storage/wd_in[466]
u_core.g_lane\[1\].wd_q\[467\]$_DFF_P_	1	u_core.g_lane\[1\].g_ram\[0\].storage/wd_in[467]
u_core.g_lane\[1\].wd_q\[468\]$_DFF_P_	1	u_core.g_lane\[1\].g_ram\[0\].storage/wd_in[468]
u_core.g_lane\[1\].wd_q\[469\]$_DFF_P_	1	u_core.g_lane\[1\].g_ram\[0\].storage/wd_in[469]
u_core.g_lane\[1\].wd_q\[46\]$_DFF_P_	1	u_core.g_lane\[1\].g_ram\[0\].storage/wd_in[46]
u_core.g_lane\[1\].wd_q\[470\]$_DFF_P_	1	u_core.g_lane\[1\].g_ram\[0\].storage/wd_in[470]
u_core.g_lane\[1\].wd_q\[471\]$_DFF_P_	1	u_core.g_lane\[1\].g_ram\[0\].storage/wd_in[471]
u_core.g_lane\[1\].wd_q\[472\]$_DFF_P_	1	u_core.g_lane\[1\].g_ram\[0\].storage/wd_in[472]
u_core.g_lane\[1\].wd_q\[473\]$_DFF_P_	1	u_core.g_lane\[1\].g_ram\[0\].storage/wd_in[473]
u_core.g_lane\[1\].wd_q\[474\]$_DFF_P_	1	u_core.g_lane\[1\].g_ram\[0\].storage/wd_in[474]
u_core.g_lane\[1\].wd_q\[475\]$_DFF_P_	1	u_core.g_lane\[1\].g_ram\[0\].storage/wd_in[475]
u_core.g_lane\[1\].wd_q\[476\]$_DFF_P_	1	u_core.g_lane\[1\].g_ram\[0\].storage/wd_in[476]
u_core.g_lane\[1\].wd_q\[477\]$_DFF_P_	1	u_core.g_lane\[1\].g_ram\[0\].storage/wd_in[477]
u_core.g_lane\[1\].wd_q\[478\]$_DFF_P_	1	u_core.g_lane\[1\].g_ram\[0\].storage/wd_in[478]
u_core.g_lane\[1\].wd_q\[479\]$_DFF_P_	1	u_core.g_lane\[1\].g_ram\[0\].storage/wd_in[479]
u_core.g_lane\[1\].wd_q\[47\]$_DFF_P_	1	u_core.g_lane\[1\].g_ram\[0\].storage/wd_in[47]
u_core.g_lane\[1\].wd_q\[480\]$_DFF_P_	1	u_core.g_lane\[1\].g_ram\[0\].storage/wd_in[480]
u_core.g_lane\[1\].wd_q\[481\]$_DFF_P_	1	u_core.g_lane\[1\].g_ram\[0\].storage/wd_in[481]
u_core.g_lane\[1\].wd_q\[482\]$_DFF_P_	1	u_core.g_lane\[1\].g_ram\[0\].storage/wd_in[482]
u_core.g_lane\[1\].wd_q\[483\]$_DFF_P_	1	u_core.g_lane\[1\].g_ram\[0\].storage/wd_in[483]
u_core.g_lane\[1\].wd_q\[484\]$_DFF_P_	1	u_core.g_lane\[1\].g_ram\[0\].storage/wd_in[484]
u_core.g_lane\[1\].wd_q\[485\]$_DFF_P_	1	u_core.g_lane\[1\].g_ram\[0\].storage/wd_in[485]
u_core.g_lane\[1\].wd_q\[486\]$_DFF_P_	1	u_core.g_lane\[1\].g_ram\[0\].storage/wd_in[486]
u_core.g_lane\[1\].wd_q\[487\]$_DFF_P_	1	u_core.g_lane\[1\].g_ram\[0\].storage/wd_in[487]
u_core.g_lane\[1\].wd_q\[488\]$_DFF_P_	1	u_core.g_lane\[1\].g_ram\[0\].storage/wd_in[488]
u_core.g_lane\[1\].wd_q\[489\]$_DFF_P_	1	u_core.g_lane\[1\].g_ram\[0\].storage/wd_in[489]
u_core.g_lane\[1\].wd_q\[48\]$_DFF_P_	1	u_core.g_lane\[1\].g_ram\[0\].storage/wd_in[48]
u_core.g_lane\[1\].wd_q\[490\]$_DFF_P_	1	u_core.g_lane\[1\].g_ram\[0\].storage/wd_in[490]
u_core.g_lane\[1\].wd_q\[491\]$_DFF_P_	1	u_core.g_lane\[1\].g_ram\[0\].storage/wd_in[491]
u_core.g_lane\[1\].wd_q\[492\]$_DFF_P_	1	u_core.g_lane\[1\].g_ram\[0\].storage/wd_in[492]
u_core.g_lane\[1\].wd_q\[493\]$_DFF_P_	1	u_core.g_lane\[1\].g_ram\[0\].storage/wd_in[493]
u_core.g_lane\[1\].wd_q\[494\]$_DFF_P_	1	u_core.g_lane\[1\].g_ram\[0\].storage/wd_in[494]
u_core.g_lane\[1\].wd_q\[495\]$_DFF_P_	1	u_core.g_lane\[1\].g_ram\[0\].storage/wd_in[495]
u_core.g_lane\[1\].wd_q\[496\]$_DFF_P_	1	u_core.g_lane\[1\].g_ram\[0\].storage/wd_in[496]
u_core.g_lane\[1\].wd_q\[497\]$_DFF_P_	1	u_core.g_lane\[1\].g_ram\[0\].storage/wd_in[497]
u_core.g_lane\[1\].wd_q\[498\]$_DFF_P_	1	u_core.g_lane\[1\].g_ram\[0\].storage/wd_in[498]
u_core.g_lane\[1\].wd_q\[499\]$_DFF_P_	1	u_core.g_lane\[1\].g_ram\[0\].storage/wd_in[499]
u_core.g_lane\[1\].wd_q\[49\]$_DFF_P_	1	u_core.g_lane\[1\].g_ram\[0\].storage/wd_in[49]
u_core.g_lane\[1\].wd_q\[4\]$_DFF_P_	1	u_core.g_lane\[1\].g_ram\[0\].storage/wd_in[4]
u_core.g_lane\[1\].wd_q\[500\]$_DFF_P_	1	u_core.g_lane\[1\].g_ram\[0\].storage/wd_in[500]
u_core.g_lane\[1\].wd_q\[501\]$_DFF_P_	1	u_core.g_lane\[1\].g_ram\[0\].storage/wd_in[501]
u_core.g_lane\[1\].wd_q\[502\]$_DFF_P_	1	u_core.g_lane\[1\].g_ram\[0\].storage/wd_in[502]
u_core.g_lane\[1\].wd_q\[503\]$_DFF_P_	1	u_core.g_lane\[1\].g_ram\[0\].storage/wd_in[503]
u_core.g_lane\[1\].wd_q\[504\]$_DFF_P_	1	u_core.g_lane\[1\].g_ram\[0\].storage/wd_in[504]
u_core.g_lane\[1\].wd_q\[505\]$_DFF_P_	1	u_core.g_lane\[1\].g_ram\[0\].storage/wd_in[505]
u_core.g_lane\[1\].wd_q\[506\]$_DFF_P_	1	u_core.g_lane\[1\].g_ram\[0\].storage/wd_in[506]
u_core.g_lane\[1\].wd_q\[507\]$_DFF_P_	1	u_core.g_lane\[1\].g_ram\[0\].storage/wd_in[507]
u_core.g_lane\[1\].wd_q\[508\]$_DFF_P_	1	u_core.g_lane\[1\].g_ram\[0\].storage/wd_in[508]
u_core.g_lane\[1\].wd_q\[509\]$_DFF_P_	1	u_core.g_lane\[1\].g_ram\[0\].storage/wd_in[509]
u_core.g_lane\[1\].wd_q\[50\]$_DFF_P_	1	u_core.g_lane\[1\].g_ram\[0\].storage/wd_in[50]
u_core.g_lane\[1\].wd_q\[510\]$_DFF_P_	1	u_core.g_lane\[1\].g_ram\[0\].storage/wd_in[510]
u_core.g_lane\[1\].wd_q\[511\]$_DFF_P_	1	u_core.g_lane\[1\].g_ram\[0\].storage/wd_in[511]
u_core.g_lane\[1\].wd_q\[512\]$_DFF_P_	1	u_core.g_lane\[1\].g_ram\[1\].storage/wd_in[0]
u_core.g_lane\[1\].wd_q\[513\]$_DFF_P_	1	u_core.g_lane\[1\].g_ram\[1\].storage/wd_in[1]
u_core.g_lane\[1\].wd_q\[514\]$_DFF_P_	1	u_core.g_lane\[1\].g_ram\[1\].storage/wd_in[2]
u_core.g_lane\[1\].wd_q\[515\]$_DFF_P_	1	u_core.g_lane\[1\].g_ram\[1\].storage/wd_in[3]
u_core.g_lane\[1\].wd_q\[516\]$_DFF_P_	1	u_core.g_lane\[1\].g_ram\[1\].storage/wd_in[4]
u_core.g_lane\[1\].wd_q\[517\]$_DFF_P_	1	u_core.g_lane\[1\].g_ram\[1\].storage/wd_in[5]
u_core.g_lane\[1\].wd_q\[518\]$_DFF_P_	1	u_core.g_lane\[1\].g_ram\[1\].storage/wd_in[6]
u_core.g_lane\[1\].wd_q\[519\]$_DFF_P_	1	u_core.g_lane\[1\].g_ram\[1\].storage/wd_in[7]
u_core.g_lane\[1\].wd_q\[51\]$_DFF_P_	1	u_core.g_lane\[1\].g_ram\[0\].storage/wd_in[51]
u_core.g_lane\[1\].wd_q\[520\]$_DFF_P_	1	u_core.g_lane\[1\].g_ram\[1\].storage/wd_in[8]
u_core.g_lane\[1\].wd_q\[521\]$_DFF_P_	1	u_core.g_lane\[1\].g_ram\[1\].storage/wd_in[9]
u_core.g_lane\[1\].wd_q\[522\]$_DFF_P_	1	u_core.g_lane\[1\].g_ram\[1\].storage/wd_in[10]
u_core.g_lane\[1\].wd_q\[523\]$_DFF_P_	1	u_core.g_lane\[1\].g_ram\[1\].storage/wd_in[11]
u_core.g_lane\[1\].wd_q\[524\]$_DFF_P_	1	u_core.g_lane\[1\].g_ram\[1\].storage/wd_in[12]
u_core.g_lane\[1\].wd_q\[525\]$_DFF_P_	1	u_core.g_lane\[1\].g_ram\[1\].storage/wd_in[13]
u_core.g_lane\[1\].wd_q\[526\]$_DFF_P_	1	u_core.g_lane\[1\].g_ram\[1\].storage/wd_in[14]
u_core.g_lane\[1\].wd_q\[527\]$_DFF_P_	1	u_core.g_lane\[1\].g_ram\[1\].storage/wd_in[15]
u_core.g_lane\[1\].wd_q\[528\]$_DFF_P_	1	u_core.g_lane\[1\].g_ram\[1\].storage/wd_in[16]
u_core.g_lane\[1\].wd_q\[529\]$_DFF_P_	1	u_core.g_lane\[1\].g_ram\[1\].storage/wd_in[17]
u_core.g_lane\[1\].wd_q\[52\]$_DFF_P_	1	u_core.g_lane\[1\].g_ram\[0\].storage/wd_in[52]
u_core.g_lane\[1\].wd_q\[530\]$_DFF_P_	1	u_core.g_lane\[1\].g_ram\[1\].storage/wd_in[18]
u_core.g_lane\[1\].wd_q\[531\]$_DFF_P_	1	u_core.g_lane\[1\].g_ram\[1\].storage/wd_in[19]
u_core.g_lane\[1\].wd_q\[532\]$_DFF_P_	1	u_core.g_lane\[1\].g_ram\[1\].storage/wd_in[20]
u_core.g_lane\[1\].wd_q\[533\]$_DFF_P_	1	u_core.g_lane\[1\].g_ram\[1\].storage/wd_in[21]
u_core.g_lane\[1\].wd_q\[534\]$_DFF_P_	1	u_core.g_lane\[1\].g_ram\[1\].storage/wd_in[22]
u_core.g_lane\[1\].wd_q\[535\]$_DFF_P_	1	u_core.g_lane\[1\].g_ram\[1\].storage/wd_in[23]
u_core.g_lane\[1\].wd_q\[536\]$_DFF_P_	1	u_core.g_lane\[1\].g_ram\[1\].storage/wd_in[24]
u_core.g_lane\[1\].wd_q\[537\]$_DFF_P_	1	u_core.g_lane\[1\].g_ram\[1\].storage/wd_in[25]
u_core.g_lane\[1\].wd_q\[538\]$_DFF_P_	1	u_core.g_lane\[1\].g_ram\[1\].storage/wd_in[26]
u_core.g_lane\[1\].wd_q\[539\]$_DFF_P_	1	u_core.g_lane\[1\].g_ram\[1\].storage/wd_in[27]
u_core.g_lane\[1\].wd_q\[53\]$_DFF_P_	1	u_core.g_lane\[1\].g_ram\[0\].storage/wd_in[53]
u_core.g_lane\[1\].wd_q\[540\]$_DFF_P_	1	u_core.g_lane\[1\].g_ram\[1\].storage/wd_in[28]
u_core.g_lane\[1\].wd_q\[541\]$_DFF_P_	1	u_core.g_lane\[1\].g_ram\[1\].storage/wd_in[29]
u_core.g_lane\[1\].wd_q\[542\]$_DFF_P_	1	u_core.g_lane\[1\].g_ram\[1\].storage/wd_in[30]
u_core.g_lane\[1\].wd_q\[543\]$_DFF_P_	1	u_core.g_lane\[1\].g_ram\[1\].storage/wd_in[31]
u_core.g_lane\[1\].wd_q\[544\]$_DFF_P_	1	u_core.g_lane\[1\].g_ram\[1\].storage/wd_in[32]
u_core.g_lane\[1\].wd_q\[545\]$_DFF_P_	1	u_core.g_lane\[1\].g_ram\[1\].storage/wd_in[33]
u_core.g_lane\[1\].wd_q\[546\]$_DFF_P_	1	u_core.g_lane\[1\].g_ram\[1\].storage/wd_in[34]
u_core.g_lane\[1\].wd_q\[547\]$_DFF_P_	1	u_core.g_lane\[1\].g_ram\[1\].storage/wd_in[35]
u_core.g_lane\[1\].wd_q\[548\]$_DFF_P_	1	u_core.g_lane\[1\].g_ram\[1\].storage/wd_in[36]
u_core.g_lane\[1\].wd_q\[549\]$_DFF_P_	1	u_core.g_lane\[1\].g_ram\[1\].storage/wd_in[37]
u_core.g_lane\[1\].wd_q\[54\]$_DFF_P_	1	u_core.g_lane\[1\].g_ram\[0\].storage/wd_in[54]
u_core.g_lane\[1\].wd_q\[550\]$_DFF_P_	1	u_core.g_lane\[1\].g_ram\[1\].storage/wd_in[38]
u_core.g_lane\[1\].wd_q\[551\]$_DFF_P_	1	u_core.g_lane\[1\].g_ram\[1\].storage/wd_in[39]
u_core.g_lane\[1\].wd_q\[552\]$_DFF_P_	1	u_core.g_lane\[1\].g_ram\[1\].storage/wd_in[40]
u_core.g_lane\[1\].wd_q\[553\]$_DFF_P_	1	u_core.g_lane\[1\].g_ram\[1\].storage/wd_in[41]
u_core.g_lane\[1\].wd_q\[554\]$_DFF_P_	1	u_core.g_lane\[1\].g_ram\[1\].storage/wd_in[42]
u_core.g_lane\[1\].wd_q\[555\]$_DFF_P_	1	u_core.g_lane\[1\].g_ram\[1\].storage/wd_in[43]
u_core.g_lane\[1\].wd_q\[556\]$_DFF_P_	1	u_core.g_lane\[1\].g_ram\[1\].storage/wd_in[44]
u_core.g_lane\[1\].wd_q\[557\]$_DFF_P_	1	u_core.g_lane\[1\].g_ram\[1\].storage/wd_in[45]
u_core.g_lane\[1\].wd_q\[558\]$_DFF_P_	1	u_core.g_lane\[1\].g_ram\[1\].storage/wd_in[46]
u_core.g_lane\[1\].wd_q\[559\]$_DFF_P_	1	u_core.g_lane\[1\].g_ram\[1\].storage/wd_in[47]
u_core.g_lane\[1\].wd_q\[55\]$_DFF_P_	1	u_core.g_lane\[1\].g_ram\[0\].storage/wd_in[55]
u_core.g_lane\[1\].wd_q\[56\]$_DFF_P_	1	u_core.g_lane\[1\].g_ram\[0\].storage/wd_in[56]
u_core.g_lane\[1\].wd_q\[57\]$_DFF_P_	1	u_core.g_lane\[1\].g_ram\[0\].storage/wd_in[57]
u_core.g_lane\[1\].wd_q\[58\]$_DFF_P_	1	u_core.g_lane\[1\].g_ram\[0\].storage/wd_in[58]
u_core.g_lane\[1\].wd_q\[59\]$_DFF_P_	1	u_core.g_lane\[1\].g_ram\[0\].storage/wd_in[59]
u_core.g_lane\[1\].wd_q\[5\]$_DFF_P_	1	u_core.g_lane\[1\].g_ram\[0\].storage/wd_in[5]
u_core.g_lane\[1\].wd_q\[60\]$_DFF_P_	1	u_core.g_lane\[1\].g_ram\[0\].storage/wd_in[60]
u_core.g_lane\[1\].wd_q\[61\]$_DFF_P_	1	u_core.g_lane\[1\].g_ram\[0\].storage/wd_in[61]
u_core.g_lane\[1\].wd_q\[62\]$_DFF_P_	1	u_core.g_lane\[1\].g_ram\[0\].storage/wd_in[62]
u_core.g_lane\[1\].wd_q\[63\]$_DFF_P_	1	u_core.g_lane\[1\].g_ram\[0\].storage/wd_in[63]
u_core.g_lane\[1\].wd_q\[64\]$_DFF_P_	1	u_core.g_lane\[1\].g_ram\[0\].storage/wd_in[64]
u_core.g_lane\[1\].wd_q\[65\]$_DFF_P_	1	u_core.g_lane\[1\].g_ram\[0\].storage/wd_in[65]
u_core.g_lane\[1\].wd_q\[66\]$_DFF_P_	1	u_core.g_lane\[1\].g_ram\[0\].storage/wd_in[66]
u_core.g_lane\[1\].wd_q\[67\]$_DFF_P_	1	u_core.g_lane\[1\].g_ram\[0\].storage/wd_in[67]
u_core.g_lane\[1\].wd_q\[68\]$_DFF_P_	1	u_core.g_lane\[1\].g_ram\[0\].storage/wd_in[68]
u_core.g_lane\[1\].wd_q\[69\]$_DFF_P_	1	u_core.g_lane\[1\].g_ram\[0\].storage/wd_in[69]
u_core.g_lane\[1\].wd_q\[6\]$_DFF_P_	1	u_core.g_lane\[1\].g_ram\[0\].storage/wd_in[6]
u_core.g_lane\[1\].wd_q\[70\]$_DFF_P_	1	u_core.g_lane\[1\].g_ram\[0\].storage/wd_in[70]
u_core.g_lane\[1\].wd_q\[71\]$_DFF_P_	1	u_core.g_lane\[1\].g_ram\[0\].storage/wd_in[71]
u_core.g_lane\[1\].wd_q\[72\]$_DFF_P_	1	u_core.g_lane\[1\].g_ram\[0\].storage/wd_in[72]
u_core.g_lane\[1\].wd_q\[73\]$_DFF_P_	1	u_core.g_lane\[1\].g_ram\[0\].storage/wd_in[73]
u_core.g_lane\[1\].wd_q\[74\]$_DFF_P_	1	u_core.g_lane\[1\].g_ram\[0\].storage/wd_in[74]
u_core.g_lane\[1\].wd_q\[75\]$_DFF_P_	1	u_core.g_lane\[1\].g_ram\[0\].storage/wd_in[75]
u_core.g_lane\[1\].wd_q\[76\]$_DFF_P_	1	u_core.g_lane\[1\].g_ram\[0\].storage/wd_in[76]
u_core.g_lane\[1\].wd_q\[77\]$_DFF_P_	1	u_core.g_lane\[1\].g_ram\[0\].storage/wd_in[77]
u_core.g_lane\[1\].wd_q\[78\]$_DFF_P_	1	u_core.g_lane\[1\].g_ram\[0\].storage/wd_in[78]
u_core.g_lane\[1\].wd_q\[79\]$_DFF_P_	1	u_core.g_lane\[1\].g_ram\[0\].storage/wd_in[79]
u_core.g_lane\[1\].wd_q\[7\]$_DFF_P_	1	u_core.g_lane\[1\].g_ram\[0\].storage/wd_in[7]
u_core.g_lane\[1\].wd_q\[80\]$_DFF_P_	1	u_core.g_lane\[1\].g_ram\[0\].storage/wd_in[80]
u_core.g_lane\[1\].wd_q\[81\]$_DFF_P_	1	u_core.g_lane\[1\].g_ram\[0\].storage/wd_in[81]
u_core.g_lane\[1\].wd_q\[82\]$_DFF_P_	1	u_core.g_lane\[1\].g_ram\[0\].storage/wd_in[82]
u_core.g_lane\[1\].wd_q\[83\]$_DFF_P_	1	u_core.g_lane\[1\].g_ram\[0\].storage/wd_in[83]
u_core.g_lane\[1\].wd_q\[84\]$_DFF_P_	1	u_core.g_lane\[1\].g_ram\[0\].storage/wd_in[84]
u_core.g_lane\[1\].wd_q\[85\]$_DFF_P_	1	u_core.g_lane\[1\].g_ram\[0\].storage/wd_in[85]
u_core.g_lane\[1\].wd_q\[86\]$_DFF_P_	1	u_core.g_lane\[1\].g_ram\[0\].storage/wd_in[86]
u_core.g_lane\[1\].wd_q\[87\]$_DFF_P_	1	u_core.g_lane\[1\].g_ram\[0\].storage/wd_in[87]
u_core.g_lane\[1\].wd_q\[88\]$_DFF_P_	1	u_core.g_lane\[1\].g_ram\[0\].storage/wd_in[88]
u_core.g_lane\[1\].wd_q\[89\]$_DFF_P_	1	u_core.g_lane\[1\].g_ram\[0\].storage/wd_in[89]
u_core.g_lane\[1\].wd_q\[8\]$_DFF_P_	1	u_core.g_lane\[1\].g_ram\[0\].storage/wd_in[8]
u_core.g_lane\[1\].wd_q\[90\]$_DFF_P_	1	u_core.g_lane\[1\].g_ram\[0\].storage/wd_in[90]
u_core.g_lane\[1\].wd_q\[91\]$_DFF_P_	1	u_core.g_lane\[1\].g_ram\[0\].storage/wd_in[91]
u_core.g_lane\[1\].wd_q\[92\]$_DFF_P_	1	u_core.g_lane\[1\].g_ram\[0\].storage/wd_in[92]
u_core.g_lane\[1\].wd_q\[93\]$_DFF_P_	1	u_core.g_lane\[1\].g_ram\[0\].storage/wd_in[93]
u_core.g_lane\[1\].wd_q\[94\]$_DFF_P_	1	u_core.g_lane\[1\].g_ram\[0\].storage/wd_in[94]
u_core.g_lane\[1\].wd_q\[95\]$_DFF_P_	1	u_core.g_lane\[1\].g_ram\[0\].storage/wd_in[95]
u_core.g_lane\[1\].wd_q\[96\]$_DFF_P_	1	u_core.g_lane\[1\].g_ram\[0\].storage/wd_in[96]
u_core.g_lane\[1\].wd_q\[97\]$_DFF_P_	1	u_core.g_lane\[1\].g_ram\[0\].storage/wd_in[97]
u_core.g_lane\[1\].wd_q\[98\]$_DFF_P_	1	u_core.g_lane\[1\].g_ram\[0\].storage/wd_in[98]
u_core.g_lane\[1\].wd_q\[99\]$_DFF_P_	1	u_core.g_lane\[1\].g_ram\[0\].storage/wd_in[99]
u_core.g_lane\[1\].wd_q\[9\]$_DFF_P_	1	u_core.g_lane\[1\].g_ram\[0\].storage/wd_in[9]
