%Warning-MODDUP: /tmp/opentallas-core-remaining-acceptance-edge-parent-20261002-r1/scalar_suppression/sources/rtl/test/w17_window_recovery_candidate_prepared/pinned_ot_chip_v41x_window_row_codec.sv:9:8: Duplicate declaration of module: 'ot_chip_v41x_window_row_codec'
    9 | module ot_chip_v41x_window_row_codec #(
      |        ^~~~~~~~~~~~~~~~~~~~~~~~~~~~~
                 /tmp/opentallas-core-remaining-acceptance-edge-parent-20261002-r1/scalar_suppression/sources/rtl/chip/ot_chip_v41x_window_row_codec.sv:9:8: ... Location of original declaration
    9 | module ot_chip_v41x_window_row_codec #(
      |        ^~~~~~~~~~~~~~~~~~~~~~~~~~~~~
                 ... For warning description see https://verilator.org/warn/MODDUP?v=5.050
                 ... Use "/* verilator lint_off MODDUP */" and lint_on around source to disable this message.
%Warning-MODDUP: /tmp/opentallas-core-remaining-acceptance-edge-parent-20261002-r1/scalar_suppression/sources/rtl/test/w17_window_recovery_candidate_prepared/pinned_ot_chip_v41x_window_stage4.sv:7:8: Duplicate declaration of module: 'ot_chip_v41x_window_stage4'
    7 | module ot_chip_v41x_window_stage4 #(
      |        ^~~~~~~~~~~~~~~~~~~~~~~~~~
                 /tmp/opentallas-core-remaining-acceptance-edge-parent-20261002-r1/scalar_suppression/sources/rtl/chip/ot_chip_v41x_window_stage4.sv:7:8: ... Location of original declaration
    7 | module ot_chip_v41x_window_stage4 #(
      |        ^~~~~~~~~~~~~~~~~~~~~~~~~~
%Warning-MODDUP: /tmp/opentallas-core-remaining-acceptance-edge-parent-20261002-r1/scalar_suppression/sources/rtl/test/w17_window_recovery_candidate_prepared/pinned_ot_chip_v41x_hbm_rsp_pipe.sv:6:8: Duplicate declaration of module: 'ot_chip_v41x_hbm_rsp_pipe'
    6 | module ot_chip_v41x_hbm_rsp_pipe #(
      |        ^~~~~~~~~~~~~~~~~~~~~~~~~
                 /tmp/opentallas-core-remaining-acceptance-edge-parent-20261002-r1/scalar_suppression/sources/rtl/chip/ot_chip_v41x_hbm_rsp_pipe.sv:6:8: ... Location of original declaration
    6 | module ot_chip_v41x_hbm_rsp_pipe #(
      |        ^~~~~~~~~~~~~~~~~~~~~~~~~
%Warning-PINMISSING: /tmp/opentallas-core-remaining-acceptance-edge-parent-20261002-r1/scalar_suppression/sources/rtl/w17_runtime/chip/ot_chip_v41x_die.sv:688:73: Instance has missing pin: 'bank_req_v'
  688 |             .HAW(K_HAW), .TAGW(16), .USER_W(10), .WIN_STACK(WIN_STACK)) u_window (
      |                                                                         ^~~~~~~~
                     /tmp/opentallas-core-remaining-acceptance-edge-parent-20261002-r1/scalar_suppression/sources/rtl/chip/ot_chip_v41x_window_kv_prefetch.sv:69:34: ... Location of port declaration
   69 |     input  wire                  bank_req_v,
      |                                  ^~~~~~~~~~
                     ... For warning description see https://verilator.org/warn/PINMISSING?v=5.050
                     ... Use "/* verilator lint_off PINMISSING */" and lint_on around source to disable this message.
%Warning-PINMISSING: /tmp/opentallas-core-remaining-acceptance-edge-parent-20261002-r1/scalar_suppression/sources/rtl/w17_runtime/chip/ot_chip_v41x_die.sv:688:73: Instance has missing pin: 'bank_req_ready'
  688 |             .HAW(K_HAW), .TAGW(16), .USER_W(10), .WIN_STACK(WIN_STACK)) u_window (
      |                                                                         ^~~~~~~~
                     /tmp/opentallas-core-remaining-acceptance-edge-parent-20261002-r1/scalar_suppression/sources/rtl/chip/ot_chip_v41x_window_kv_prefetch.sv:70:34: ... Location of port declaration
   70 |     output wire                  bank_req_ready,
      |                                  ^~~~~~~~~~~~~~
%Warning-PINMISSING: /tmp/opentallas-core-remaining-acceptance-edge-parent-20261002-r1/scalar_suppression/sources/rtl/w17_runtime/chip/ot_chip_v41x_die.sv:688:73: Instance has missing pin: 'bank_req_user'
  688 |             .HAW(K_HAW), .TAGW(16), .USER_W(10), .WIN_STACK(WIN_STACK)) u_window (
      |                                                                         ^~~~~~~~
                     /tmp/opentallas-core-remaining-acceptance-edge-parent-20261002-r1/scalar_suppression/sources/rtl/chip/ot_chip_v41x_window_kv_prefetch.sv:71:34: ... Location of port declaration
   71 |     input  wire [USER_W-1:0]     bank_req_user,
      |                                  ^~~~~~~~~~~~~
%Warning-PINMISSING: /tmp/opentallas-core-remaining-acceptance-edge-parent-20261002-r1/scalar_suppression/sources/rtl/w17_runtime/chip/ot_chip_v41x_die.sv:688:73: Instance has missing pin: 'bank_req_first'
  688 |             .HAW(K_HAW), .TAGW(16), .USER_W(10), .WIN_STACK(WIN_STACK)) u_window (
      |                                                                         ^~~~~~~~
                     /tmp/opentallas-core-remaining-acceptance-edge-parent-20261002-r1/scalar_suppression/sources/rtl/chip/ot_chip_v41x_window_kv_prefetch.sv:72:34: ... Location of port declaration
   72 |     input  wire [POS_W-1:0]      bank_req_first,
      |                                  ^~~~~~~~~~~~~~
%Warning-PINMISSING: /tmp/opentallas-core-remaining-acceptance-edge-parent-20261002-r1/scalar_suppression/sources/rtl/w17_runtime/chip/ot_chip_v41x_die.sv:688:73: Instance has missing pin: 'bank_req_mask'
  688 |             .HAW(K_HAW), .TAGW(16), .USER_W(10), .WIN_STACK(WIN_STACK)) u_window (
      |                                                                         ^~~~~~~~
                     /tmp/opentallas-core-remaining-acceptance-edge-parent-20261002-r1/scalar_suppression/sources/rtl/chip/ot_chip_v41x_window_kv_prefetch.sv:73:34: ... Location of port declaration
   73 |     input  wire [3:0]            bank_req_mask,
      |                                  ^~~~~~~~~~~~~
%Warning-PINMISSING: /tmp/opentallas-core-remaining-acceptance-edge-parent-20261002-r1/scalar_suppression/sources/rtl/w17_runtime/chip/ot_chip_v41x_die.sv:688:73: Instance has missing pin: 'bank_rsp_v'
  688 |             .HAW(K_HAW), .TAGW(16), .USER_W(10), .WIN_STACK(WIN_STACK)) u_window (
      |                                                                         ^~~~~~~~
                     /tmp/opentallas-core-remaining-acceptance-edge-parent-20261002-r1/scalar_suppression/sources/rtl/chip/ot_chip_v41x_window_kv_prefetch.sv:74:34: ... Location of port declaration
   74 |     output wire                  bank_rsp_v,
      |                                  ^~~~~~~~~~
%Warning-PINMISSING: /tmp/opentallas-core-remaining-acceptance-edge-parent-20261002-r1/scalar_suppression/sources/rtl/w17_runtime/chip/ot_chip_v41x_die.sv:688:73: Instance has missing pin: 'bank_rsp_user'
  688 |             .HAW(K_HAW), .TAGW(16), .USER_W(10), .WIN_STACK(WIN_STACK)) u_window (
      |                                                                         ^~~~~~~~
                     /tmp/opentallas-core-remaining-acceptance-edge-parent-20261002-r1/scalar_suppression/sources/rtl/chip/ot_chip_v41x_window_kv_prefetch.sv:75:34: ... Location of port declaration
   75 |     output wire [USER_W-1:0]     bank_rsp_user,
      |                                  ^~~~~~~~~~~~~
%Warning-PINMISSING: /tmp/opentallas-core-remaining-acceptance-edge-parent-20261002-r1/scalar_suppression/sources/rtl/w17_runtime/chip/ot_chip_v41x_die.sv:688:73: Instance has missing pin: 'bank_rsp_first'
  688 |             .HAW(K_HAW), .TAGW(16), .USER_W(10), .WIN_STACK(WIN_STACK)) u_window (
      |                                                                         ^~~~~~~~
                     /tmp/opentallas-core-remaining-acceptance-edge-parent-20261002-r1/scalar_suppression/sources/rtl/chip/ot_chip_v41x_window_kv_prefetch.sv:76:34: ... Location of port declaration
   76 |     output wire [POS_W-1:0]      bank_rsp_first,
      |                                  ^~~~~~~~~~~~~~
%Warning-PINMISSING: /tmp/opentallas-core-remaining-acceptance-edge-parent-20261002-r1/scalar_suppression/sources/rtl/w17_runtime/chip/ot_chip_v41x_die.sv:688:73: Instance has missing pin: 'bank_rsp_mask'
  688 |             .HAW(K_HAW), .TAGW(16), .USER_W(10), .WIN_STACK(WIN_STACK)) u_window (
      |                                                                         ^~~~~~~~
                     /tmp/opentallas-core-remaining-acceptance-edge-parent-20261002-r1/scalar_suppression/sources/rtl/chip/ot_chip_v41x_window_kv_prefetch.sv:77:34: ... Location of port declaration
   77 |     output wire [3:0]            bank_rsp_mask,
      |                                  ^~~~~~~~~~~~~
%Warning-PINMISSING: /tmp/opentallas-core-remaining-acceptance-edge-parent-20261002-r1/scalar_suppression/sources/rtl/w17_runtime/chip/ot_chip_v41x_die.sv:688:73: Instance has missing pin: 'bank_rsp_valid_mask'
  688 |             .HAW(K_HAW), .TAGW(16), .USER_W(10), .WIN_STACK(WIN_STACK)) u_window (
      |                                                                         ^~~~~~~~
                     /tmp/opentallas-core-remaining-acceptance-edge-parent-20261002-r1/scalar_suppression/sources/rtl/chip/ot_chip_v41x_window_kv_prefetch.sv:78:34: ... Location of port declaration
   78 |     output wire [3:0]            bank_rsp_valid_mask,
      |                                  ^~~~~~~~~~~~~~~~~~~
%Warning-PINMISSING: /tmp/opentallas-core-remaining-acceptance-edge-parent-20261002-r1/scalar_suppression/sources/rtl/w17_runtime/chip/ot_chip_v41x_die.sv:688:73: Instance has missing pin: 'bank_rsp_rows'
  688 |             .HAW(K_HAW), .TAGW(16), .USER_W(10), .WIN_STACK(WIN_STACK)) u_window (
      |                                                                         ^~~~~~~~
                     /tmp/opentallas-core-remaining-acceptance-edge-parent-20261002-r1/scalar_suppression/sources/rtl/chip/ot_chip_v41x_window_kv_prefetch.sv:79:33: ... Location of port declaration
   79 |     output wire [4*4224-1:0]    bank_rsp_rows,
      |                                 ^~~~~~~~~~~~~
%Warning-PINMISSING: /tmp/opentallas-core-remaining-acceptance-edge-parent-20261002-r1/scalar_suppression/sources/rtl/w17_runtime/chip/ot_chip_v41x_die.sv:688:73: Instance has missing pin: 'bank_rsp_fault'
  688 |             .HAW(K_HAW), .TAGW(16), .USER_W(10), .WIN_STACK(WIN_STACK)) u_window (
      |                                                                         ^~~~~~~~
                     /tmp/opentallas-core-remaining-acceptance-edge-parent-20261002-r1/scalar_suppression/sources/rtl/chip/ot_chip_v41x_window_kv_prefetch.sv:80:34: ... Location of port declaration
   80 |     output wire                  bank_rsp_fault,
      |                                  ^~~~~~~~~~~~~~
%Warning-PINMISSING: /tmp/opentallas-core-remaining-acceptance-edge-parent-20261002-r1/scalar_suppression/sources/rtl/w17_runtime/chip/ot_chip_v41x_tile.sv:468:67: Instance has missing pin: 'qr_issue_ready'
  468 |                      .NPC(NPC_W), .LENW(6), .BEATW(5), .LAW(LAW)) u_qs (
      |                                                                   ^~~~
                     /tmp/opentallas-core-remaining-acceptance-edge-parent-20261002-r1/scalar_suppression/sources/rtl/hdc/hbm/ot_hdc_qstream.sv:87:30: ... Location of port declaration
   87 |     output wire              qr_issue_ready,  
      |                              ^~~~~~~~~~~~~~
%Warning-PINMISSING: /tmp/opentallas-core-remaining-acceptance-edge-parent-20261002-r1/scalar_suppression/sources/rtl/test/w17_window_core_cancel_join_r8/actual_fastpp_core_selected_cone.sv:1727:86: Instance has missing pin: 'i_preloaded'
 1727 |                                  .KMAX(FULL_SHAPE ? 5120 : 512), .XBANK(X_ME_XBANK)) u_mw (
      |                                                                                      ^~~~
                     /tmp/opentallas-core-remaining-acceptance-edge-parent-20261002-r1/scalar_suppression/sources/rtl/hdc/v41x/ot_hdc_v41x_me_adapt.sv:45:30: ... Location of port declaration
   45 |     input  wire              i_preloaded,     
      |                              ^~~~~~~~~~~
%Warning-PINMISSING: /tmp/opentallas-core-remaining-acceptance-edge-parent-20261002-r1/scalar_suppression/sources/rtl/test/w17_window_core_cancel_join_r8/actual_fastpp_core_selected_cone.sv:1727:86: Instance has missing pin: 'shared_wr_v'
 1727 |                                  .KMAX(FULL_SHAPE ? 5120 : 512), .XBANK(X_ME_XBANK)) u_mw (
      |                                                                                      ^~~~
                     /tmp/opentallas-core-remaining-acceptance-edge-parent-20261002-r1/scalar_suppression/sources/rtl/hdc/v41x/ot_hdc_v41x_me_adapt.sv:76:34: ... Location of port declaration
   76 |     output wire                  shared_wr_v,
      |                                  ^~~~~~~~~~~
%Warning-PINMISSING: /tmp/opentallas-core-remaining-acceptance-edge-parent-20261002-r1/scalar_suppression/sources/rtl/test/w17_window_core_cancel_join_r8/actual_fastpp_core_selected_cone.sv:1727:86: Instance has missing pin: 'shared_wr_p'
 1727 |                                  .KMAX(FULL_SHAPE ? 5120 : 512), .XBANK(X_ME_XBANK)) u_mw (
      |                                                                                      ^~~~
                     /tmp/opentallas-core-remaining-acceptance-edge-parent-20261002-r1/scalar_suppression/sources/rtl/hdc/v41x/ot_hdc_v41x_me_adapt.sv:77:36: ... Location of port declaration
   77 |     output wire [$clog2(MP+1)-1:0] shared_wr_p,
      |                                    ^~~~~~~~~~~
%Warning-PINMISSING: /tmp/opentallas-core-remaining-acceptance-edge-parent-20261002-r1/scalar_suppression/sources/rtl/test/w17_window_core_cancel_join_r8/actual_fastpp_core_selected_cone.sv:1727:86: Instance has missing pin: 'shared_wr_e'
 1727 |                                  .KMAX(FULL_SHAPE ? 5120 : 512), .XBANK(X_ME_XBANK)) u_mw (
      |                                                                                      ^~~~
                     /tmp/opentallas-core-remaining-acceptance-edge-parent-20261002-r1/scalar_suppression/sources/rtl/hdc/v41x/ot_hdc_v41x_me_adapt.sv:78:38: ... Location of port declaration
   78 |     output wire [$clog2(KMAX+1)-1:0] shared_wr_e,
      |                                      ^~~~~~~~~~~
%Warning-PINMISSING: /tmp/opentallas-core-remaining-acceptance-edge-parent-20261002-r1/scalar_suppression/sources/rtl/test/w17_window_core_cancel_join_r8/actual_fastpp_core_selected_cone.sv:1727:86: Instance has missing pin: 'shared_wr_d'
 1727 |                                  .KMAX(FULL_SHAPE ? 5120 : 512), .XBANK(X_ME_XBANK)) u_mw (
      |                                                                                      ^~~~
                     /tmp/opentallas-core-remaining-acceptance-edge-parent-20261002-r1/scalar_suppression/sources/rtl/hdc/v41x/ot_hdc_v41x_me_adapt.sv:79:34: ... Location of port declaration
   79 |     output wire [G*16-1:0]       shared_wr_d,
      |                                  ^~~~~~~~~~~
%Warning-PINMISSING: /tmp/opentallas-core-remaining-acceptance-edge-parent-20261002-r1/scalar_suppression/sources/rtl/test/w17_window_core_cancel_join_r8/actual_fastpp_core_selected_cone.sv:1727:86: Instance has missing pin: 'shared_rq_v'
 1727 |                                  .KMAX(FULL_SHAPE ? 5120 : 512), .XBANK(X_ME_XBANK)) u_mw (
      |                                                                                      ^~~~
                     /tmp/opentallas-core-remaining-acceptance-edge-parent-20261002-r1/scalar_suppression/sources/rtl/hdc/v41x/ot_hdc_v41x_me_adapt.sv:80:34: ... Location of port declaration
   80 |     output wire [7:0]            shared_rq_v,
      |                                  ^~~~~~~~~~~
%Warning-PINMISSING: /tmp/opentallas-core-remaining-acceptance-edge-parent-20261002-r1/scalar_suppression/sources/rtl/test/w17_window_core_cancel_join_r8/actual_fastpp_core_selected_cone.sv:1727:86: Instance has missing pin: 'shared_rq_q'
 1727 |                                  .KMAX(FULL_SHAPE ? 5120 : 512), .XBANK(X_ME_XBANK)) u_mw (
      |                                                                                      ^~~~
                     /tmp/opentallas-core-remaining-acceptance-edge-parent-20261002-r1/scalar_suppression/sources/rtl/hdc/v41x/ot_hdc_v41x_me_adapt.sv:81:34: ... Location of port declaration
   81 |     output wire [8*14-1:0]       shared_rq_q,
      |                                  ^~~~~~~~~~~
%Warning-PINMISSING: /tmp/opentallas-core-remaining-acceptance-edge-parent-20261002-r1/scalar_suppression/sources/rtl/test/w17_window_core_cancel_join_r8/actual_fastpp_core_selected_cone.sv:1727:86: Instance has missing pin: 'shared_rq_plg'
 1727 |                                  .KMAX(FULL_SHAPE ? 5120 : 512), .XBANK(X_ME_XBANK)) u_mw (
      |                                                                                      ^~~~
                     /tmp/opentallas-core-remaining-acceptance-edge-parent-20261002-r1/scalar_suppression/sources/rtl/hdc/v41x/ot_hdc_v41x_me_adapt.sv:82:34: ... Location of port declaration
   82 |     output wire [8*4-1:0]        shared_rq_plg,
      |                                  ^~~~~~~~~~~~~
%Warning-PINMISSING: /tmp/opentallas-core-remaining-acceptance-edge-parent-20261002-r1/scalar_suppression/sources/rtl/test/w17_window_core_cancel_join_r8/actual_fastpp_core_selected_cone.sv:1727:86: Instance has missing pin: 'shared_xr0'
 1727 |                                  .KMAX(FULL_SHAPE ? 5120 : 512), .XBANK(X_ME_XBANK)) u_mw (
      |                                                                                      ^~~~
                     /tmp/opentallas-core-remaining-acceptance-edge-parent-20261002-r1/scalar_suppression/sources/rtl/hdc/v41x/ot_hdc_v41x_me_adapt.sv:83:34: ... Location of port declaration
   83 |     input  wire [8*MG*MP*16-1:0] shared_xr0,
      |                                  ^~~~~~~~~~
%Warning-PINMISSING: /tmp/opentallas-core-remaining-acceptance-edge-parent-20261002-r1/scalar_suppression/sources/rtl/test/w17_window_core_cancel_join_r8/actual_fastpp_core_selected_cone.sv:2007:42: Instance has missing pin: 'qr_issue_ready'
 2007 |                      .QLB(QLB), .MP(MP)) u_qe (
      |                                          ^~~~
                     /tmp/opentallas-core-remaining-acceptance-edge-parent-20261002-r1/scalar_suppression/sources/rtl/hdc/v41/ot_hdc_v41_qe.sv:94:29: ... Location of port declaration
   94 |     input  wire             qr_issue_ready,
      |                             ^~~~~~~~~~~~~~
%Warning-PINMISSING: /tmp/opentallas-core-remaining-acceptance-edge-parent-20261002-r1/scalar_suppression/sources/rtl/test/w17_window_core_cancel_join_r8/actual_fastpp_core_selected_cone.sv:3100:42: Instance has missing pin: 'qr_issue_ready'
 3100 |                      .QLB(QLB), .MP(MP)) u_qe (
      |                                          ^~~~
                     /tmp/opentallas-core-remaining-acceptance-edge-parent-20261002-r1/scalar_suppression/sources/rtl/hdc/v41/ot_hdc_v41_qe.sv:94:29: ... Location of port declaration
   94 |     input  wire             qr_issue_ready,
      |                             ^~~~~~~~~~~~~~
%Warning-PINMISSING: /tmp/opentallas-core-remaining-acceptance-edge-parent-20261002-r1/scalar_suppression/sources/rtl/test/w17_window_recovery_candidate_prepared/kv_rope_reqmux_recovery.sv:88:3: Instance has missing pin: 'rst_n'
   88 | ) u_impl (
      |   ^~~~~~
                     /tmp/opentallas-core-remaining-acceptance-edge-parent-20261002-r1/scalar_suppression/sources/rtl/test/w17_window_recovery_candidate_prepared/kv_rope_reqmux_recovery.sv:243:22: ... Location of port declaration
  243 |     input  wire clk, rst_n,
      |                      ^~~~~
%Warning-PINMISSING: /tmp/opentallas-core-remaining-acceptance-edge-parent-20261002-r1/scalar_suppression/sources/rtl/test/w17_window_recovery_candidate_prepared/kv_rope_reqmux_recovery.sv:159:3: Instance has missing pin: 'rst_n'
  159 | ) u_impl (
      |   ^~~~~~
                     /tmp/opentallas-core-remaining-acceptance-edge-parent-20261002-r1/scalar_suppression/sources/rtl/test/w17_window_recovery_candidate_prepared/kv_rope_reqmux_recovery.sv:409:22: ... Location of port declaration
  409 |     input  wire clk, rst_n,
      |                      ^~~~~
%Warning-PINMISSING: /tmp/opentallas-core-remaining-acceptance-edge-parent-20261002-r1/scalar_suppression/sources/tb.sv:978:3: Instance has missing pin: 'rst_n'
  978 | ) mux (
      |   ^~~
                     /tmp/opentallas-core-remaining-acceptance-edge-parent-20261002-r1/scalar_suppression/sources/rtl/test/w17_window_recovery_candidate_prepared/kv_rope_reqmux_recovery.sv:13:22: ... Location of port declaration
   13 |     input  wire clk, rst_n,
      |                      ^~~~~
%Warning-WIDTHTRUNC: /tmp/opentallas-core-remaining-acceptance-edge-parent-20261002-r1/scalar_suppression/sources/tb.sv:209:44: Logical operator COND expects 1 bit on the Conditional Test, but Conditional Test's VARREF 'FULL_SHAPE' generates 32 bits.
                                                                                                                              : ... note: In instance 'tb'
  209 | localparam integer INSTR_BITS = FULL_SHAPE ? 2048 : 1536;
      |                                            ^
                     ... For warning description see https://verilator.org/warn/WIDTHTRUNC?v=5.050
                     ... Use "/* verilator lint_off WIDTHTRUNC */" and lint_on around source to disable this message.
%Warning-WIDTHTRUNC: /tmp/opentallas-core-remaining-acceptance-edge-parent-20261002-r1/scalar_suppression/sources/tb.sv:215:36: Logical operator COND expects 1 bit on the Conditional Test, but Conditional Test's VARREF 'FULL_SHAPE' generates 32 bits.
                                                                                                                              : ... note: In instance 'tb'
  215 | localparam integer AW = FULL_SHAPE ? 30 : 24;
      |                                    ^
%Warning-WIDTHTRUNC: /tmp/opentallas-core-remaining-acceptance-edge-parent-20261002-r1/scalar_suppression/sources/tb.sv:216:36: Logical operator COND expects 1 bit on the Conditional Test, but Conditional Test's VARREF 'FULL_SHAPE' generates 32 bits.
                                                                                                                              : ... note: In instance 'tb'
  216 | localparam integer NW = FULL_SHAPE ? 21 : 16;
      |                                    ^
%Warning-WIDTHTRUNC: /tmp/opentallas-core-remaining-acceptance-edge-parent-20261002-r1/scalar_suppression/sources/tb.sv:218:37: Logical operator COND expects 1 bit on the Conditional Test, but Conditional Test's VARREF 'FULL_SHAPE' generates 32 bits.
                                                                                                                              : ... note: In instance 'tb'
  218 | localparam integer DIM = FULL_SHAPE ? 5120 : 160;
      |                                     ^
%Warning-WIDTHTRUNC: /tmp/opentallas-core-remaining-acceptance-edge-parent-20261002-r1/scalar_suppression/sources/tb.sv:219:38: Logical operator COND expects 1 bit on the Conditional Test, but Conditional Test's VARREF 'FULL_SHAPE' generates 32 bits.
                                                                                                                              : ... note: In instance 'tb'
  219 | localparam integer TOPK = FULL_SHAPE ? 512 : 16;
      |                                      ^
%Warning-WIDTHTRUNC: /tmp/opentallas-core-remaining-acceptance-edge-parent-20261002-r1/scalar_suppression/sources/tb.sv:220:38: Logical operator COND expects 1 bit on the Conditional Test, but Conditional Test's VARREF 'FULL_SHAPE' generates 32 bits.
                                                                                                                              : ... note: In instance 'tb'
  220 | localparam integer HDIM = FULL_SHAPE ? 512 : 32;
      |                                      ^
%Warning-WIDTHTRUNC: /tmp/opentallas-core-remaining-acceptance-edge-parent-20261002-r1/scalar_suppression/sources/tb.sv:221:43: Logical operator COND expects 1 bit on the Conditional Test, but Conditional Test's VARREF 'FULL_SHAPE' generates 32 bits.
                                                                                                                              : ... note: In instance 'tb'
  221 | localparam integer ROPE_PAIR = FULL_SHAPE ? 32 : 2;
      |                                           ^
%Warning-WIDTHTRUNC: /tmp/opentallas-core-remaining-acceptance-edge-parent-20261002-r1/scalar_suppression/sources/tb.sv:225:39: Logical operator COND expects 1 bit on the Conditional Test, but Conditional Test's VARREF 'FULL_SHAPE' generates 32 bits.
                                                                                                                              : ... note: In instance 'tb'
  225 | localparam integer XU_KW = FULL_SHAPE ? 12 : 5;
      |                                       ^
%Warning-WIDTHTRUNC: /tmp/opentallas-core-remaining-acceptance-edge-parent-20261002-r1/scalar_suppression/sources/tb.sv:239:42: Logical operator COND expects 1 bit on the Conditional Test, but Conditional Test's VARREF 'FULL_SHAPE' generates 32 bits.
                                                                                                                              : ... note: In instance 'tb'
  239 | localparam integer PIKH_HAW = FULL_SHAPE ? 30 : 28;
      |                                          ^
%Warning-WIDTHTRUNC: /tmp/opentallas-core-remaining-acceptance-edge-parent-20261002-r1/scalar_suppression/sources/tb.sv:260:38: Logical operator COND expects 1 bit on the Conditional Test, but Conditional Test's VARREF 'FULL_SHAPE' generates 32 bits.
                                                                                                                              : ... note: In instance 'tb'
  260 | localparam integer MBAW = FULL_SHAPE ? 18 : 17;
      |                                      ^
%Warning-WIDTHTRUNC: /tmp/opentallas-core-remaining-acceptance-edge-parent-20261002-r1/scalar_suppression/sources/rtl/test/w17_window_core_cancel_join_r8/actual_fastpp_core_selected_cone.sv:5:47: Logical operator COND expects 1 bit on the Conditional Test, but Conditional Test's VARREF 'FULL_SHAPE' generates 32 bits.
                                                                                                                                                                                                  : ... note: In instance 'tb.core'
    5 |     parameter integer INSTR_BITS = FULL_SHAPE ? 2048 : 1536,
      |                                               ^
%Warning-WIDTHTRUNC: /tmp/opentallas-core-remaining-acceptance-edge-parent-20261002-r1/scalar_suppression/sources/rtl/test/w17_window_core_cancel_join_r8/actual_fastpp_core_selected_cone.sv:11:41: Logical operator COND expects 1 bit on the Conditional Test, but Conditional Test's VARREF 'FULL_SHAPE' generates 32 bits.
                                                                                                                                                                                                   : ... note: In instance 'tb.core'
   11 |     parameter integer AW   = FULL_SHAPE ? 30 : 24,
      |                                         ^
%Warning-WIDTHTRUNC: /tmp/opentallas-core-remaining-acceptance-edge-parent-20261002-r1/scalar_suppression/sources/rtl/test/w17_window_core_cancel_join_r8/actual_fastpp_core_selected_cone.sv:12:41: Logical operator COND expects 1 bit on the Conditional Test, but Conditional Test's VARREF 'FULL_SHAPE' generates 32 bits.
                                                                                                                                                                                                   : ... note: In instance 'tb.core'
   12 |     parameter integer NW   = FULL_SHAPE ? 21 : 16,
      |                                         ^
%Warning-WIDTHTRUNC: /tmp/opentallas-core-remaining-acceptance-edge-parent-20261002-r1/scalar_suppression/sources/rtl/test/w17_window_core_cancel_join_r8/actual_fastpp_core_selected_cone.sv:14:41: Logical operator COND expects 1 bit on the Conditional Test, but Conditional Test's VARREF 'FULL_SHAPE' generates 32 bits.
                                                                                                                                                                                                   : ... note: In instance 'tb.core'
   14 |     parameter integer DIM  = FULL_SHAPE ? 5120 : 160,
      |                                         ^
%Warning-WIDTHTRUNC: /tmp/opentallas-core-remaining-acceptance-edge-parent-20261002-r1/scalar_suppression/sources/rtl/test/w17_window_core_cancel_join_r8/actual_fastpp_core_selected_cone.sv:15:41: Logical operator COND expects 1 bit on the Conditional Test, but Conditional Test's VARREF 'FULL_SHAPE' generates 32 bits.
                                                                                                                                                                                                   : ... note: In instance 'tb.core'
   15 |     parameter integer TOPK = FULL_SHAPE ? 512 : 16,
      |                                         ^
%Warning-WIDTHTRUNC: /tmp/opentallas-core-remaining-acceptance-edge-parent-20261002-r1/scalar_suppression/sources/rtl/test/w17_window_core_cancel_join_r8/actual_fastpp_core_selected_cone.sv:16:41: Logical operator COND expects 1 bit on the Conditional Test, but Conditional Test's VARREF 'FULL_SHAPE' generates 32 bits.
                                                                                                                                                                                                   : ... note: In instance 'tb.core'
   16 |     parameter integer HDIM = FULL_SHAPE ? 512 : 32,
      |                                         ^
%Warning-WIDTHTRUNC: /tmp/opentallas-core-remaining-acceptance-edge-parent-20261002-r1/scalar_suppression/sources/rtl/test/w17_window_core_cancel_join_r8/actual_fastpp_core_selected_cone.sv:17:46: Logical operator COND expects 1 bit on the Conditional Test, but Conditional Test's VARREF 'FULL_SHAPE' generates 32 bits.
                                                                                                                                                                                                   : ... note: In instance 'tb.core'
   17 |     parameter integer ROPE_PAIR = FULL_SHAPE ? 32 : 2,
      |                                              ^
%Warning-WIDTHTRUNC: /tmp/opentallas-core-remaining-acceptance-edge-parent-20261002-r1/scalar_suppression/sources/rtl/test/w17_window_core_cancel_join_r8/actual_fastpp_core_selected_cone.sv:21:42: Logical operator COND expects 1 bit on the Conditional Test, but Conditional Test's VARREF 'FULL_SHAPE' generates 32 bits.
                                                                                                                                                                                                   : ... note: In instance 'tb.core'
   21 |     parameter integer XU_KW = FULL_SHAPE ? 12 : 5,
      |                                          ^
%Warning-WIDTHTRUNC: /tmp/opentallas-core-remaining-acceptance-edge-parent-20261002-r1/scalar_suppression/sources/rtl/test/w17_window_core_cancel_join_r8/actual_fastpp_core_selected_cone.sv:36:45: Logical operator COND expects 1 bit on the Conditional Test, but Conditional Test's VARREF 'FULL_SHAPE' generates 32 bits.
                                                                                                                                                                                                   : ... note: In instance 'tb.core'
   36 |     parameter integer PIKH_HAW = FULL_SHAPE ? 30 : 28,  
      |                                             ^
%Warning-WIDTHTRUNC: /tmp/opentallas-core-remaining-acceptance-edge-parent-20261002-r1/scalar_suppression/sources/rtl/test/w17_window_core_cancel_join_r8/actual_fastpp_core_selected_cone.sv:64:42: Logical operator COND expects 1 bit on the Conditional Test, but Conditional Test's VARREF 'FULL_SHAPE' generates 32 bits.
                                                                                                                                                                                                   : ... note: In instance 'tb.core'
   64 |     parameter integer MBAW  = FULL_SHAPE ? 18 : 17,  
      |                                          ^
%Warning-WIDTHTRUNC: /tmp/opentallas-core-remaining-acceptance-edge-parent-20261002-r1/scalar_suppression/sources/rtl/test/w17_window_core_cancel_join_r8/actual_fastpp_core_selected_cone.sv:359:14: Logical operator LOGNOT expects 1 bit on the LHS, but LHS's VARREF 'OPT_CORE_PRODUCER_CANCEL' generates 32 bits.
                                                                                                                                                                                                    : ... note: In instance 'tb.core'
  359 | generate if (!OPT_CORE_PRODUCER_CANCEL) begin : g_default
      |              ^
%Warning-WIDTHTRUNC: /tmp/opentallas-core-remaining-acceptance-edge-parent-20261002-r1/scalar_suppression/sources/rtl/hdc/v41/ot_hdc_isa_v41_profiles.svh:3:48: Logical operator COND expects 1 bit on the Conditional Test, but Conditional Test's VARREF 'FULL_SHAPE' generates 32 bits.
                                                                                                                                                              : ... note: In instance 'tb.core.g_cancel.u_impl'
    3 | localparam integer ISA_INSTR_BITS = FULL_SHAPE ? 2048 : 1536;
      |                                                ^
                     /tmp/opentallas-core-remaining-acceptance-edge-parent-20261002-r1/scalar_suppression/sources/rtl/test/w17_window_core_cancel_join_r8/actual_fastpp_core_selected_cone.sv:2484:1: ... note: In file included from 'actual_fastpp_core_selected_cone.sv'
%Warning-WIDTHTRUNC: /tmp/opentallas-core-remaining-acceptance-edge-parent-20261002-r1/scalar_suppression/sources/rtl/hdc/v41/ot_hdc_isa_v41_profiles.svh:4:40: Logical operator COND expects 1 bit on the Conditional Test, but Conditional Test's VARREF 'FULL_SHAPE' generates 32 bits.
                                                                                                                                                              : ... note: In instance 'tb.core.g_cancel.u_impl'
    4 | localparam integer O_UNIT = FULL_SHAPE ? 0 : 0;
      |                                        ^
                     /tmp/opentallas-core-remaining-acceptance-edge-parent-20261002-r1/scalar_suppression/sources/rtl/test/w17_window_core_cancel_join_r8/actual_fastpp_core_selected_cone.sv:2484:1: ... note: In file included from 'actual_fastpp_core_selected_cone.sv'
%Warning-WIDTHTRUNC: /tmp/opentallas-core-remaining-acceptance-edge-parent-20261002-r1/scalar_suppression/sources/rtl/hdc/v41/ot_hdc_isa_v41_profiles.svh:5:40: Logical operator COND expects 1 bit on the Conditional Test, but Conditional Test's VARREF 'FULL_SHAPE' generates 32 bits.
                                                                                                                                                              : ... note: In instance 'tb.core.g_cancel.u_impl'
    5 | localparam integer W_UNIT = FULL_SHAPE ? 3 : 3;
      |                                        ^
                     /tmp/opentallas-core-remaining-acceptance-edge-parent-20261002-r1/scalar_suppression/sources/rtl/test/w17_window_core_cancel_join_r8/actual_fastpp_core_selected_cone.sv:2484:1: ... note: In file included from 'actual_fastpp_core_selected_cone.sv'
%Warning-WIDTHTRUNC: /tmp/opentallas-core-remaining-acceptance-edge-parent-20261002-r1/scalar_suppression/sources/rtl/hdc/v41/ot_hdc_isa_v41_profiles.svh:6:40: Logical operator COND expects 1 bit on the Conditional Test, but Conditional Test's VARREF 'FULL_SHAPE' generates 32 bits.
                                                                                                                                                              : ... note: In instance 'tb.core.g_cancel.u_impl'
    6 | localparam integer O_WAIT = FULL_SHAPE ? 3 : 3;
      |                                        ^
                     /tmp/opentallas-core-remaining-acceptance-edge-parent-20261002-r1/scalar_suppression/sources/rtl/test/w17_window_core_cancel_join_r8/actual_fastpp_core_selected_cone.sv:2484:1: ... note: In file included from 'actual_fastpp_core_selected_cone.sv'
%Warning-WIDTHTRUNC: /tmp/opentallas-core-remaining-acceptance-edge-parent-20261002-r1/scalar_suppression/sources/rtl/hdc/v41/ot_hdc_isa_v41_profiles.svh:7:40: Logical operator COND expects 1 bit on the Conditional Test, but Conditional Test's VARREF 'FULL_SHAPE' generates 32 bits.
                                                                                                                                                              : ... note: In instance 'tb.core.g_cancel.u_impl'
    7 | localparam integer W_WAIT = FULL_SHAPE ? 6 : 5;
      |                                        ^
                     /tmp/opentallas-core-remaining-acceptance-edge-parent-20261002-r1/scalar_suppression/sources/rtl/test/w17_window_core_cancel_join_r8/actual_fastpp_core_selected_cone.sv:2484:1: ... note: In file included from 'actual_fastpp_core_selected_cone.sv'
%Warning-WIDTHTRUNC: /tmp/opentallas-core-remaining-acceptance-edge-parent-20261002-r1/scalar_suppression/sources/rtl/hdc/v41/ot_hdc_isa_v41_profiles.svh:8:40: Logical operator COND expects 1 bit on the Conditional Test, but Conditional Test's VARREF 'FULL_SHAPE' generates 32 bits.
                                                                                                                                                              : ... note: In instance 'tb.core.g_cancel.u_impl'
    8 | localparam integer O_PRED = FULL_SHAPE ? 9 : 8;
      |                                        ^
                     /tmp/opentallas-core-remaining-acceptance-edge-parent-20261002-r1/scalar_suppression/sources/rtl/test/w17_window_core_cancel_join_r8/actual_fastpp_core_selected_cone.sv:2484:1: ... note: In file included from 'actual_fastpp_core_selected_cone.sv'
%Warning-WIDTHTRUNC: /tmp/opentallas-core-remaining-acceptance-edge-parent-20261002-r1/scalar_suppression/sources/rtl/hdc/v41/ot_hdc_isa_v41_profiles.svh:9:40: Logical operator COND expects 1 bit on the Conditional Test, but Conditional Test's VARREF 'FULL_SHAPE' generates 32 bits.
                                                                                                                                                              : ... note: In instance 'tb.core.g_cancel.u_impl'
    9 | localparam integer W_PRED = FULL_SHAPE ? 2 : 2;
      |                                        ^
                     /tmp/opentallas-core-remaining-acceptance-edge-parent-20261002-r1/scalar_suppression/sources/rtl/test/w17_window_core_cancel_join_r8/actual_fastpp_core_selected_cone.sv:2484:1: ... note: In file included from 'actual_fastpp_core_selected_cone.sv'
%Warning-WIDTHTRUNC: /tmp/opentallas-core-remaining-acceptance-edge-parent-20261002-r1/scalar_suppression/sources/rtl/hdc/v41/ot_hdc_isa_v41_profiles.svh:10:43: Logical operator COND expects 1 bit on the Conditional Test, but Conditional Test's VARREF 'FULL_SHAPE' generates 32 bits.
                                                                                                                                                               : ... note: In instance 'tb.core.g_cancel.u_impl'
   10 | localparam integer O_ME_NOUT = FULL_SHAPE ? 11 : 10;
      |                                           ^
                     /tmp/opentallas-core-remaining-acceptance-edge-parent-20261002-r1/scalar_suppression/sources/rtl/test/w17_window_core_cancel_join_r8/actual_fastpp_core_selected_cone.sv:2484:1: ... note: In file included from 'actual_fastpp_core_selected_cone.sv'
%Warning-WIDTHTRUNC: /tmp/opentallas-core-remaining-acceptance-edge-parent-20261002-r1/scalar_suppression/sources/rtl/hdc/v41/ot_hdc_isa_v41_profiles.svh:11:43: Logical operator COND expects 1 bit on the Conditional Test, but Conditional Test's VARREF 'FULL_SHAPE' generates 32 bits.
                                                                                                                                                               : ... note: In instance 'tb.core.g_cancel.u_impl'
   11 | localparam integer W_ME_NOUT = FULL_SHAPE ? 21 : 16;
      |                                           ^
                     /tmp/opentallas-core-remaining-acceptance-edge-parent-20261002-r1/scalar_suppression/sources/rtl/test/w17_window_core_cancel_join_r8/actual_fastpp_core_selected_cone.sv:2484:1: ... note: In file included from 'actual_fastpp_core_selected_cone.sv'
%Warning-WIDTHTRUNC: /tmp/opentallas-core-remaining-acceptance-edge-parent-20261002-r1/scalar_suppression/sources/rtl/hdc/v41/ot_hdc_isa_v41_profiles.svh:12:44: Logical operator COND expects 1 bit on the Conditional Test, but Conditional Test's VARREF 'FULL_SHAPE' generates 32 bits.
                                                                                                                                                               : ... note: In instance 'tb.core.g_cancel.u_impl'
   12 | localparam integer O_ME_TILES = FULL_SHAPE ? 32 : 26;
      |                                            ^
                     /tmp/opentallas-core-remaining-acceptance-edge-parent-20261002-r1/scalar_suppression/sources/rtl/test/w17_window_core_cancel_join_r8/actual_fastpp_core_selected_cone.sv:2484:1: ... note: In file included from 'actual_fastpp_core_selected_cone.sv'
%Warning-WIDTHTRUNC: /tmp/opentallas-core-remaining-acceptance-edge-parent-20261002-r1/scalar_suppression/sources/rtl/hdc/v41/ot_hdc_isa_v41_profiles.svh:13:44: Logical operator COND expects 1 bit on the Conditional Test, but Conditional Test's VARREF 'FULL_SHAPE' generates 32 bits.
                                                                                                                                                               : ... note: In instance 'tb.core.g_cancel.u_impl'
   13 | localparam integer W_ME_TILES = FULL_SHAPE ? 21 : 16;
      |                                            ^
                     /tmp/opentallas-core-remaining-acceptance-edge-parent-20261002-r1/scalar_suppression/sources/rtl/test/w17_window_core_cancel_join_r8/actual_fastpp_core_selected_cone.sv:2484:1: ... note: In file included from 'actual_fastpp_core_selected_cone.sv'
%Warning-WIDTHTRUNC: /tmp/opentallas-core-remaining-acceptance-edge-parent-20261002-r1/scalar_suppression/sources/rtl/hdc/v41/ot_hdc_isa_v41_profiles.svh:14:40: Logical operator COND expects 1 bit on the Conditional Test, but Conditional Test's VARREF 'FULL_SHAPE' generates 32 bits.
                                                                                                                                                               : ... note: In instance 'tb.core.g_cancel.u_impl'
   14 | localparam integer O_ME_K = FULL_SHAPE ? 53 : 42;
      |                                        ^
                     /tmp/opentallas-core-remaining-acceptance-edge-parent-20261002-r1/scalar_suppression/sources/rtl/test/w17_window_core_cancel_join_r8/actual_fastpp_core_selected_cone.sv:2484:1: ... note: In file included from 'actual_fastpp_core_selected_cone.sv'
%Warning-WIDTHTRUNC: /tmp/opentallas-core-remaining-acceptance-edge-parent-20261002-r1/scalar_suppression/sources/rtl/hdc/v41/ot_hdc_isa_v41_profiles.svh:15:40: Logical operator COND expects 1 bit on the Conditional Test, but Conditional Test's VARREF 'FULL_SHAPE' generates 32 bits.
                                                                                                                                                               : ... note: In instance 'tb.core.g_cancel.u_impl'
   15 | localparam integer W_ME_K = FULL_SHAPE ? 21 : 16;
      |                                        ^
                     /tmp/opentallas-core-remaining-acceptance-edge-parent-20261002-r1/scalar_suppression/sources/rtl/test/w17_window_core_cancel_join_r8/actual_fastpp_core_selected_cone.sv:2484:1: ... note: In file included from 'actual_fastpp_core_selected_cone.sv'
%Warning-WIDTHTRUNC: /tmp/opentallas-core-remaining-acceptance-edge-parent-20261002-r1/scalar_suppression/sources/rtl/hdc/v41/ot_hdc_isa_v41_profiles.svh:16:43: Logical operator COND expects 1 bit on the Conditional Test, but Conditional Test's VARREF 'FULL_SHAPE' generates 32 bits.
                                                                                                                                                               : ... note: In instance 'tb.core.g_cancel.u_impl'
   16 | localparam integer O_ME_WSRC = FULL_SHAPE ? 74 : 58;
      |                                           ^
                     /tmp/opentallas-core-remaining-acceptance-edge-parent-20261002-r1/scalar_suppression/sources/rtl/test/w17_window_core_cancel_join_r8/actual_fastpp_core_selected_cone.sv:2484:1: ... note: In file included from 'actual_fastpp_core_selected_cone.sv'
%Warning-WIDTHTRUNC: /tmp/opentallas-core-remaining-acceptance-edge-parent-20261002-r1/scalar_suppression/sources/rtl/hdc/v41/ot_hdc_isa_v41_profiles.svh:17:43: Logical operator COND expects 1 bit on the Conditional Test, but Conditional Test's VARREF 'FULL_SHAPE' generates 32 bits.
                                                                                                                                                               : ... note: In instance 'tb.core.g_cancel.u_impl'
   17 | localparam integer W_ME_WSRC = FULL_SHAPE ? 1 : 1;
      |                                           ^
                     /tmp/opentallas-core-remaining-acceptance-edge-parent-20261002-r1/scalar_suppression/sources/rtl/test/w17_window_core_cancel_join_r8/actual_fastpp_core_selected_cone.sv:2484:1: ... note: In file included from 'actual_fastpp_core_selected_cone.sv'
%Warning-WIDTHTRUNC: /tmp/opentallas-core-remaining-acceptance-edge-parent-20261002-r1/scalar_suppression/sources/rtl/hdc/v41/ot_hdc_isa_v41_profiles.svh:18:44: Logical operator COND expects 1 bit on the Conditional Test, but Conditional Test's VARREF 'FULL_SHAPE' generates 32 bits.
                                                                                                                                                               : ... note: In instance 'tb.core.g_cancel.u_impl'
   18 | localparam integer O_ME_WBASE = FULL_SHAPE ? 75 : 59;
      |                                            ^
                     /tmp/opentallas-core-remaining-acceptance-edge-parent-20261002-r1/scalar_suppression/sources/rtl/test/w17_window_core_cancel_join_r8/actual_fastpp_core_selected_cone.sv:2484:1: ... note: In file included from 'actual_fastpp_core_selected_cone.sv'
%Warning-WIDTHTRUNC: /tmp/opentallas-core-remaining-acceptance-edge-parent-20261002-r1/scalar_suppression/sources/rtl/hdc/v41/ot_hdc_isa_v41_profiles.svh:19:44: Logical operator COND expects 1 bit on the Conditional Test, but Conditional Test's VARREF 'FULL_SHAPE' generates 32 bits.
                                                                                                                                                               : ... note: In instance 'tb.core.g_cancel.u_impl'
   19 | localparam integer W_ME_WBASE = FULL_SHAPE ? 30 : 24;
      |                                            ^
                     /tmp/opentallas-core-remaining-acceptance-edge-parent-20261002-r1/scalar_suppression/sources/rtl/test/w17_window_core_cancel_join_r8/actual_fastpp_core_selected_cone.sv:2484:1: ... note: In file included from 'actual_fastpp_core_selected_cone.sv'
%Warning-WIDTHTRUNC: /tmp/opentallas-core-remaining-acceptance-edge-parent-20261002-r1/scalar_suppression/sources/rtl/hdc/v41/ot_hdc_isa_v41_profiles.svh:20:41: Logical operator COND expects 1 bit on the Conditional Test, but Conditional Test's VARREF 'FULL_SHAPE' generates 32 bits.
                                                                                                                                                               : ... note: In instance 'tb.core.g_cancel.u_impl'
   20 | localparam integer O_ME_TS = FULL_SHAPE ? 105 : 83;
      |                                         ^
                     /tmp/opentallas-core-remaining-acceptance-edge-parent-20261002-r1/scalar_suppression/sources/rtl/test/w17_window_core_cancel_join_r8/actual_fastpp_core_selected_cone.sv:2484:1: ... note: In file included from 'actual_fastpp_core_selected_cone.sv'
%Warning-WIDTHTRUNC: /tmp/opentallas-core-remaining-acceptance-edge-parent-20261002-r1/scalar_suppression/sources/rtl/hdc/v41/ot_hdc_isa_v41_profiles.svh:21:41: Logical operator COND expects 1 bit on the Conditional Test, but Conditional Test's VARREF 'FULL_SHAPE' generates 32 bits.
                                                                                                                                                               : ... note: In instance 'tb.core.g_cancel.u_impl'
   21 | localparam integer W_ME_TS = FULL_SHAPE ? 30 : 24;
      |                                         ^
                     /tmp/opentallas-core-remaining-acceptance-edge-parent-20261002-r1/scalar_suppression/sources/rtl/test/w17_window_core_cancel_join_r8/actual_fastpp_core_selected_cone.sv:2484:1: ... note: In file included from 'actual_fastpp_core_selected_cone.sv'
%Warning-WIDTHTRUNC: /tmp/opentallas-core-remaining-acceptance-edge-parent-20261002-r1/scalar_suppression/sources/rtl/hdc/v41/ot_hdc_isa_v41_profiles.svh:22:41: Logical operator COND expects 1 bit on the Conditional Test, but Conditional Test's VARREF 'FULL_SHAPE' generates 32 bits.
                                                                                                                                                               : ... note: In instance 'tb.core.g_cancel.u_impl'
   22 | localparam integer O_ME_KS = FULL_SHAPE ? 135 : 107;
      |                                         ^
                     /tmp/opentallas-core-remaining-acceptance-edge-parent-20261002-r1/scalar_suppression/sources/rtl/test/w17_window_core_cancel_join_r8/actual_fastpp_core_selected_cone.sv:2484:1: ... note: In file included from 'actual_fastpp_core_selected_cone.sv'
%Warning-WIDTHTRUNC: /tmp/opentallas-core-remaining-acceptance-edge-parent-20261002-r1/scalar_suppression/sources/rtl/hdc/v41/ot_hdc_isa_v41_profiles.svh:23:41: Logical operator COND expects 1 bit on the Conditional Test, but Conditional Test's VARREF 'FULL_SHAPE' generates 32 bits.
                                                                                                                                                               : ... note: In instance 'tb.core.g_cancel.u_impl'
   23 | localparam integer W_ME_KS = FULL_SHAPE ? 30 : 24;
      |                                         ^
                     /tmp/opentallas-core-remaining-acceptance-edge-parent-20261002-r1/scalar_suppression/sources/rtl/test/w17_window_core_cancel_join_r8/actual_fastpp_core_selected_cone.sv:2484:1: ... note: In file included from 'actual_fastpp_core_selected_cone.sv'
%Warning-WIDTHTRUNC: /tmp/opentallas-core-remaining-acceptance-edge-parent-20261002-r1/scalar_suppression/sources/rtl/hdc/v41/ot_hdc_isa_v41_profiles.svh:24:41: Logical operator COND expects 1 bit on the Conditional Test, but Conditional Test's VARREF 'FULL_SHAPE' generates 32 bits.
                                                                                                                                                               : ... note: In instance 'tb.core.g_cancel.u_impl'
   24 | localparam integer O_ME_JS = FULL_SHAPE ? 165 : 131;
      |                                         ^
                     /tmp/opentallas-core-remaining-acceptance-edge-parent-20261002-r1/scalar_suppression/sources/rtl/test/w17_window_core_cancel_join_r8/actual_fastpp_core_selected_cone.sv:2484:1: ... note: In file included from 'actual_fastpp_core_selected_cone.sv'
%Warning-WIDTHTRUNC: /tmp/opentallas-core-remaining-acceptance-edge-parent-20261002-r1/scalar_suppression/sources/rtl/hdc/v41/ot_hdc_isa_v41_profiles.svh:25:41: Logical operator COND expects 1 bit on the Conditional Test, but Conditional Test's VARREF 'FULL_SHAPE' generates 32 bits.
                                                                                                                                                               : ... note: In instance 'tb.core.g_cancel.u_impl'
   25 | localparam integer W_ME_JS = FULL_SHAPE ? 30 : 24;
      |                                         ^
                     /tmp/opentallas-core-remaining-acceptance-edge-parent-20261002-r1/scalar_suppression/sources/rtl/test/w17_window_core_cancel_join_r8/actual_fastpp_core_selected_cone.sv:2484:1: ... note: In file included from 'actual_fastpp_core_selected_cone.sv'
%Warning-WIDTHTRUNC: /tmp/opentallas-core-remaining-acceptance-edge-parent-20261002-r1/scalar_suppression/sources/rtl/hdc/v41/ot_hdc_isa_v41_profiles.svh:26:44: Logical operator COND expects 1 bit on the Conditional Test, but Conditional Test's VARREF 'FULL_SHAPE' generates 32 bits.
                                                                                                                                                               : ... note: In instance 'tb.core.g_cancel.u_impl'
   26 | localparam integer O_ME_XBASE = FULL_SHAPE ? 195 : 155;
      |                                            ^
                     /tmp/opentallas-core-remaining-acceptance-edge-parent-20261002-r1/scalar_suppression/sources/rtl/test/w17_window_core_cancel_join_r8/actual_fastpp_core_selected_cone.sv:2484:1: ... note: In file included from 'actual_fastpp_core_selected_cone.sv'
%Warning-WIDTHTRUNC: /tmp/opentallas-core-remaining-acceptance-edge-parent-20261002-r1/scalar_suppression/sources/rtl/hdc/v41/ot_hdc_isa_v41_profiles.svh:27:44: Logical operator COND expects 1 bit on the Conditional Test, but Conditional Test's VARREF 'FULL_SHAPE' generates 32 bits.
                                                                                                                                                               : ... note: In instance 'tb.core.g_cancel.u_impl'
   27 | localparam integer W_ME_XBASE = FULL_SHAPE ? 30 : 24;
      |                                            ^
                     /tmp/opentallas-core-remaining-acceptance-edge-parent-20261002-r1/scalar_suppression/sources/rtl/test/w17_window_core_cancel_join_r8/actual_fastpp_core_selected_cone.sv:2484:1: ... note: In file included from 'actual_fastpp_core_selected_cone.sv'
%Warning-WIDTHTRUNC: /tmp/opentallas-core-remaining-acceptance-edge-parent-20261002-r1/scalar_suppression/sources/rtl/hdc/v41/ot_hdc_isa_v41_profiles.svh:28:44: Logical operator COND expects 1 bit on the Conditional Test, but Conditional Test's VARREF 'FULL_SHAPE' generates 32 bits.
                                                                                                                                                               : ... note: In instance 'tb.core.g_cancel.u_impl'
   28 | localparam integer O_ME_ROUND = FULL_SHAPE ? 225 : 179;
      |                                            ^
                     /tmp/opentallas-core-remaining-acceptance-edge-parent-20261002-r1/scalar_suppression/sources/rtl/test/w17_window_core_cancel_join_r8/actual_fastpp_core_selected_cone.sv:2484:1: ... note: In file included from 'actual_fastpp_core_selected_cone.sv'
%Warning-WIDTHTRUNC: /tmp/opentallas-core-remaining-acceptance-edge-parent-20261002-r1/scalar_suppression/sources/rtl/hdc/v41/ot_hdc_isa_v41_profiles.svh:29:44: Logical operator COND expects 1 bit on the Conditional Test, but Conditional Test's VARREF 'FULL_SHAPE' generates 32 bits.
                                                                                                                                                               : ... note: In instance 'tb.core.g_cancel.u_impl'
   29 | localparam integer W_ME_ROUND = FULL_SHAPE ? 1 : 1;
      |                                            ^
                     /tmp/opentallas-core-remaining-acceptance-edge-parent-20261002-r1/scalar_suppression/sources/rtl/test/w17_window_core_cancel_join_r8/actual_fastpp_core_selected_cone.sv:2484:1: ... note: In file included from 'actual_fastpp_core_selected_cone.sv'
%Warning-WIDTHTRUNC: /tmp/opentallas-core-remaining-acceptance-edge-parent-20261002-r1/scalar_suppression/sources/rtl/hdc/v41/ot_hdc_isa_v41_profiles.svh:30:44: Logical operator COND expects 1 bit on the Conditional Test, but Conditional Test's VARREF 'FULL_SHAPE' generates 32 bits.
                                                                                                                                                               : ... note: In instance 'tb.core.g_cancel.u_impl'
   30 | localparam integer O_ME_OBASE = FULL_SHAPE ? 226 : 180;
      |                                            ^
                     /tmp/opentallas-core-remaining-acceptance-edge-parent-20261002-r1/scalar_suppression/sources/rtl/test/w17_window_core_cancel_join_r8/actual_fastpp_core_selected_cone.sv:2484:1: ... note: In file included from 'actual_fastpp_core_selected_cone.sv'
%Warning-WIDTHTRUNC: /tmp/opentallas-core-remaining-acceptance-edge-parent-20261002-r1/scalar_suppression/sources/rtl/hdc/v41/ot_hdc_isa_v41_profiles.svh:31:44: Logical operator COND expects 1 bit on the Conditional Test, but Conditional Test's VARREF 'FULL_SHAPE' generates 32 bits.
                                                                                                                                                               : ... note: In instance 'tb.core.g_cancel.u_impl'
   31 | localparam integer W_ME_OBASE = FULL_SHAPE ? 30 : 24;
      |                                            ^
                     /tmp/opentallas-core-remaining-acceptance-edge-parent-20261002-r1/scalar_suppression/sources/rtl/test/w17_window_core_cancel_join_r8/actual_fastpp_core_selected_cone.sv:2484:1: ... note: In file included from 'actual_fastpp_core_selected_cone.sv'
%Warning-WIDTHTRUNC: /tmp/opentallas-core-remaining-acceptance-edge-parent-20261002-r1/scalar_suppression/sources/rtl/hdc/v41/ot_hdc_isa_v41_profiles.svh:32:42: Logical operator COND expects 1 bit on the Conditional Test, but Conditional Test's VARREF 'FULL_SHAPE' generates 32 bits.
                                                                                                                                                               : ... note: In instance 'tb.core.g_cancel.u_impl'
   32 | localparam integer O_ME_OEN = FULL_SHAPE ? 256 : 204;
      |                                          ^
                     /tmp/opentallas-core-remaining-acceptance-edge-parent-20261002-r1/scalar_suppression/sources/rtl/test/w17_window_core_cancel_join_r8/actual_fastpp_core_selected_cone.sv:2484:1: ... note: In file included from 'actual_fastpp_core_selected_cone.sv'
%Warning-WIDTHTRUNC: /tmp/opentallas-core-remaining-acceptance-edge-parent-20261002-r1/scalar_suppression/sources/rtl/hdc/v41/ot_hdc_isa_v41_profiles.svh:33:42: Logical operator COND expects 1 bit on the Conditional Test, but Conditional Test's VARREF 'FULL_SHAPE' generates 32 bits.
                                                                                                                                                               : ... note: In instance 'tb.core.g_cancel.u_impl'
   33 | localparam integer W_ME_OEN = FULL_SHAPE ? 1 : 1;
      |                                          ^
                     /tmp/opentallas-core-remaining-acceptance-edge-parent-20261002-r1/scalar_suppression/sources/rtl/test/w17_window_core_cancel_join_r8/actual_fastpp_core_selected_cone.sv:2484:1: ... note: In file included from 'actual_fastpp_core_selected_cone.sv'
%Warning-WIDTHTRUNC: /tmp/opentallas-core-remaining-acceptance-edge-parent-20261002-r1/scalar_suppression/sources/rtl/hdc/v41/ot_hdc_isa_v41_profiles.svh:34:43: Logical operator COND expects 1 bit on the Conditional Test, but Conditional Test's VARREF 'FULL_SHAPE' generates 32 bits.
                                                                                                                                                               : ... note: In instance 'tb.core.g_cancel.u_impl'
   34 | localparam integer O_ME_AMAX = FULL_SHAPE ? 257 : 205;
      |                                           ^
                     /tmp/opentallas-core-remaining-acceptance-edge-parent-20261002-r1/scalar_suppression/sources/rtl/test/w17_window_core_cancel_join_r8/actual_fastpp_core_selected_cone.sv:2484:1: ... note: In file included from 'actual_fastpp_core_selected_cone.sv'
%Warning-WIDTHTRUNC: /tmp/opentallas-core-remaining-acceptance-edge-parent-20261002-r1/scalar_suppression/sources/rtl/hdc/v41/ot_hdc_isa_v41_profiles.svh:35:43: Logical operator COND expects 1 bit on the Conditional Test, but Conditional Test's VARREF 'FULL_SHAPE' generates 32 bits.
                                                                                                                                                               : ... note: In instance 'tb.core.g_cancel.u_impl'
   35 | localparam integer W_ME_AMAX = FULL_SHAPE ? 1 : 1;
      |                                           ^
                     /tmp/opentallas-core-remaining-acceptance-edge-parent-20261002-r1/scalar_suppression/sources/rtl/test/w17_window_core_cancel_join_r8/actual_fastpp_core_selected_cone.sv:2484:1: ... note: In file included from 'actual_fastpp_core_selected_cone.sv'
%Warning-WIDTHTRUNC: /tmp/opentallas-core-remaining-acceptance-edge-parent-20261002-r1/scalar_suppression/sources/rtl/hdc/v41/ot_hdc_isa_v41_profiles.svh:36:46: Logical operator COND expects 1 bit on the Conditional Test, but Conditional Test's VARREF 'FULL_SHAPE' generates 32 bits.
                                                                                                                                                               : ... note: In instance 'tb.core.g_cancel.u_impl'
   36 | localparam integer O_ME_D_WBASE = FULL_SHAPE ? 258 : 206;
      |                                              ^
                     /tmp/opentallas-core-remaining-acceptance-edge-parent-20261002-r1/scalar_suppression/sources/rtl/test/w17_window_core_cancel_join_r8/actual_fastpp_core_selected_cone.sv:2484:1: ... note: In file included from 'actual_fastpp_core_selected_cone.sv'
%Warning-WIDTHTRUNC: /tmp/opentallas-core-remaining-acceptance-edge-parent-20261002-r1/scalar_suppression/sources/rtl/hdc/v41/ot_hdc_isa_v41_profiles.svh:37:46: Logical operator COND expects 1 bit on the Conditional Test, but Conditional Test's VARREF 'FULL_SHAPE' generates 32 bits.
                                                                                                                                                               : ... note: In instance 'tb.core.g_cancel.u_impl'
   37 | localparam integer W_ME_D_WBASE = FULL_SHAPE ? 6 : 5;
      |                                              ^
                     /tmp/opentallas-core-remaining-acceptance-edge-parent-20261002-r1/scalar_suppression/sources/rtl/test/w17_window_core_cancel_join_r8/actual_fastpp_core_selected_cone.sv:2484:1: ... note: In file included from 'actual_fastpp_core_selected_cone.sv'
%Warning-WIDTHTRUNC: /tmp/opentallas-core-remaining-acceptance-edge-parent-20261002-r1/scalar_suppression/sources/rtl/hdc/v41/ot_hdc_isa_v41_profiles.svh:38:46: Logical operator COND expects 1 bit on the Conditional Test, but Conditional Test's VARREF 'FULL_SHAPE' generates 32 bits.
                                                                                                                                                               : ... note: In instance 'tb.core.g_cancel.u_impl'
   38 | localparam integer O_ME_D_XBASE = FULL_SHAPE ? 264 : 211;
      |                                              ^
                     /tmp/opentallas-core-remaining-acceptance-edge-parent-20261002-r1/scalar_suppression/sources/rtl/test/w17_window_core_cancel_join_r8/actual_fastpp_core_selected_cone.sv:2484:1: ... note: In file included from 'actual_fastpp_core_selected_cone.sv'
%Warning-WIDTHTRUNC: /tmp/opentallas-core-remaining-acceptance-edge-parent-20261002-r1/scalar_suppression/sources/rtl/hdc/v41/ot_hdc_isa_v41_profiles.svh:39:46: Logical operator COND expects 1 bit on the Conditional Test, but Conditional Test's VARREF 'FULL_SHAPE' generates 32 bits.
                                                                                                                                                               : ... note: In instance 'tb.core.g_cancel.u_impl'
   39 | localparam integer W_ME_D_XBASE = FULL_SHAPE ? 6 : 5;
      |                                              ^
                     /tmp/opentallas-core-remaining-acceptance-edge-parent-20261002-r1/scalar_suppression/sources/rtl/test/w17_window_core_cancel_join_r8/actual_fastpp_core_selected_cone.sv:2484:1: ... note: In file included from 'actual_fastpp_core_selected_cone.sv'
%Warning-WIDTHTRUNC: /tmp/opentallas-core-remaining-acceptance-edge-parent-20261002-r1/scalar_suppression/sources/rtl/hdc/v41/ot_hdc_isa_v41_profiles.svh:40:46: Logical operator COND expects 1 bit on the Conditional Test, but Conditional Test's VARREF 'FULL_SHAPE' generates 32 bits.
                                                                                                                                                               : ... note: In instance 'tb.core.g_cancel.u_impl'
   40 | localparam integer O_ME_D_OBASE = FULL_SHAPE ? 270 : 216;
      |                                              ^
                     /tmp/opentallas-core-remaining-acceptance-edge-parent-20261002-r1/scalar_suppression/sources/rtl/test/w17_window_core_cancel_join_r8/actual_fastpp_core_selected_cone.sv:2484:1: ... note: In file included from 'actual_fastpp_core_selected_cone.sv'
%Warning-WIDTHTRUNC: /tmp/opentallas-core-remaining-acceptance-edge-parent-20261002-r1/scalar_suppression/sources/rtl/hdc/v41/ot_hdc_isa_v41_profiles.svh:41:46: Logical operator COND expects 1 bit on the Conditional Test, but Conditional Test's VARREF 'FULL_SHAPE' generates 32 bits.
                                                                                                                                                               : ... note: In instance 'tb.core.g_cancel.u_impl'
   41 | localparam integer W_ME_D_OBASE = FULL_SHAPE ? 6 : 5;
      |                                              ^
                     /tmp/opentallas-core-remaining-acceptance-edge-parent-20261002-r1/scalar_suppression/sources/rtl/test/w17_window_core_cancel_join_r8/actual_fastpp_core_selected_cone.sv:2484:1: ... note: In file included from 'actual_fastpp_core_selected_cone.sv'
%Warning-WIDTHTRUNC: /tmp/opentallas-core-remaining-acceptance-edge-parent-20261002-r1/scalar_suppression/sources/rtl/hdc/v41/ot_hdc_isa_v41_profiles.svh:42:45: Logical operator COND expects 1 bit on the Conditional Test, but Conditional Test's VARREF 'FULL_SHAPE' generates 32 bits.
                                                                                                                                                               : ... note: In instance 'tb.core.g_cancel.u_impl'
   42 | localparam integer O_ME_D_NOUT = FULL_SHAPE ? 276 : 221;
      |                                             ^
                     /tmp/opentallas-core-remaining-acceptance-edge-parent-20261002-r1/scalar_suppression/sources/rtl/test/w17_window_core_cancel_join_r8/actual_fastpp_core_selected_cone.sv:2484:1: ... note: In file included from 'actual_fastpp_core_selected_cone.sv'
%Warning-WIDTHTRUNC: /tmp/opentallas-core-remaining-acceptance-edge-parent-20261002-r1/scalar_suppression/sources/rtl/hdc/v41/ot_hdc_isa_v41_profiles.svh:43:45: Logical operator COND expects 1 bit on the Conditional Test, but Conditional Test's VARREF 'FULL_SHAPE' generates 32 bits.
                                                                                                                                                               : ... note: In instance 'tb.core.g_cancel.u_impl'
   43 | localparam integer W_ME_D_NOUT = FULL_SHAPE ? 6 : 5;
      |                                             ^
                     /tmp/opentallas-core-remaining-acceptance-edge-parent-20261002-r1/scalar_suppression/sources/rtl/test/w17_window_core_cancel_join_r8/actual_fastpp_core_selected_cone.sv:2484:1: ... note: In file included from 'actual_fastpp_core_selected_cone.sv'
%Warning-WIDTHTRUNC: /tmp/opentallas-core-remaining-acceptance-edge-parent-20261002-r1/scalar_suppression/sources/rtl/hdc/v41/ot_hdc_isa_v41_profiles.svh:44:46: Logical operator COND expects 1 bit on the Conditional Test, but Conditional Test's VARREF 'FULL_SHAPE' generates 32 bits.
                                                                                                                                                               : ... note: In instance 'tb.core.g_cancel.u_impl'
   44 | localparam integer O_ME_D_TILES = FULL_SHAPE ? 282 : 226;
      |                                              ^
                     /tmp/opentallas-core-remaining-acceptance-edge-parent-20261002-r1/scalar_suppression/sources/rtl/test/w17_window_core_cancel_join_r8/actual_fastpp_core_selected_cone.sv:2484:1: ... note: In file included from 'actual_fastpp_core_selected_cone.sv'
%Warning-WIDTHTRUNC: /tmp/opentallas-core-remaining-acceptance-edge-parent-20261002-r1/scalar_suppression/sources/rtl/hdc/v41/ot_hdc_isa_v41_profiles.svh:45:46: Logical operator COND expects 1 bit on the Conditional Test, but Conditional Test's VARREF 'FULL_SHAPE' generates 32 bits.
                                                                                                                                                               : ... note: In instance 'tb.core.g_cancel.u_impl'
   45 | localparam integer W_ME_D_TILES = FULL_SHAPE ? 6 : 5;
      |                                              ^
                     /tmp/opentallas-core-remaining-acceptance-edge-parent-20261002-r1/scalar_suppression/sources/rtl/test/w17_window_core_cancel_join_r8/actual_fastpp_core_selected_cone.sv:2484:1: ... note: In file included from 'actual_fastpp_core_selected_cone.sv'
%Warning-WIDTHTRUNC: /tmp/opentallas-core-remaining-acceptance-edge-parent-20261002-r1/scalar_suppression/sources/rtl/hdc/v41/ot_hdc_isa_v41_profiles.svh:46:42: Logical operator COND expects 1 bit on the Conditional Test, but Conditional Test's VARREF 'FULL_SHAPE' generates 32 bits.
                                                                                                                                                               : ... note: In instance 'tb.core.g_cancel.u_impl'
   46 | localparam integer O_ME_D_K = FULL_SHAPE ? 288 : 231;
      |                                          ^
                     /tmp/opentallas-core-remaining-acceptance-edge-parent-20261002-r1/scalar_suppression/sources/rtl/test/w17_window_core_cancel_join_r8/actual_fastpp_core_selected_cone.sv:2484:1: ... note: In file included from 'actual_fastpp_core_selected_cone.sv'
%Warning-WIDTHTRUNC: /tmp/opentallas-core-remaining-acceptance-edge-parent-20261002-r1/scalar_suppression/sources/rtl/hdc/v41/ot_hdc_isa_v41_profiles.svh:47:42: Logical operator COND expects 1 bit on the Conditional Test, but Conditional Test's VARREF 'FULL_SHAPE' generates 32 bits.
                                                                                                                                                               : ... note: In instance 'tb.core.g_cancel.u_impl'
   47 | localparam integer W_ME_D_K = FULL_SHAPE ? 6 : 5;
      |                                          ^
                     /tmp/opentallas-core-remaining-acceptance-edge-parent-20261002-r1/scalar_suppression/sources/rtl/test/w17_window_core_cancel_join_r8/actual_fastpp_core_selected_cone.sv:2484:1: ... note: In file included from 'actual_fastpp_core_selected_cone.sv'
%Warning-WIDTHTRUNC: /tmp/opentallas-core-remaining-acceptance-edge-parent-20261002-r1/scalar_suppression/sources/rtl/hdc/v41/ot_hdc_isa_v41_profiles.svh:48:42: Logical operator COND expects 1 bit on the Conditional Test, but Conditional Test's VARREF 'FULL_SHAPE' generates 32 bits.
                                                                                                                                                               : ... note: In instance 'tb.core.g_cancel.u_impl'
   48 | localparam integer O_ME_XKS = FULL_SHAPE ? 294 : 236;
      |                                          ^
                     /tmp/opentallas-core-remaining-acceptance-edge-parent-20261002-r1/scalar_suppression/sources/rtl/test/w17_window_core_cancel_join_r8/actual_fastpp_core_selected_cone.sv:2484:1: ... note: In file included from 'actual_fastpp_core_selected_cone.sv'
%Warning-WIDTHTRUNC: /tmp/opentallas-core-remaining-acceptance-edge-parent-20261002-r1/scalar_suppression/sources/rtl/hdc/v41/ot_hdc_isa_v41_profiles.svh:49:42: Logical operator COND expects 1 bit on the Conditional Test, but Conditional Test's VARREF 'FULL_SHAPE' generates 32 bits.
                                                                                                                                                               : ... note: In instance 'tb.core.g_cancel.u_impl'
   49 | localparam integer W_ME_XKS = FULL_SHAPE ? 30 : 24;
      |                                          ^
                     /tmp/opentallas-core-remaining-acceptance-edge-parent-20261002-r1/scalar_suppression/sources/rtl/test/w17_window_core_cancel_join_r8/actual_fastpp_core_selected_cone.sv:2484:1: ... note: In file included from 'actual_fastpp_core_selected_cone.sv'
%Warning-WIDTHTRUNC: /tmp/opentallas-core-remaining-acceptance-edge-parent-20261002-r1/scalar_suppression/sources/rtl/hdc/v41/ot_hdc_isa_v41_profiles.svh:50:42: Logical operator COND expects 1 bit on the Conditional Test, but Conditional Test's VARREF 'FULL_SHAPE' generates 32 bits.
                                                                                                                                                               : ... note: In instance 'tb.core.g_cancel.u_impl'
   50 | localparam integer O_ME_XJS = FULL_SHAPE ? 324 : 260;
      |                                          ^
                     /tmp/opentallas-core-remaining-acceptance-edge-parent-20261002-r1/scalar_suppression/sources/rtl/test/w17_window_core_cancel_join_r8/actual_fastpp_core_selected_cone.sv:2484:1: ... note: In file included from 'actual_fastpp_core_selected_cone.sv'
%Warning-WIDTHTRUNC: /tmp/opentallas-core-remaining-acceptance-edge-parent-20261002-r1/scalar_suppression/sources/rtl/hdc/v41/ot_hdc_isa_v41_profiles.svh:51:42: Logical operator COND expects 1 bit on the Conditional Test, but Conditional Test's VARREF 'FULL_SHAPE' generates 32 bits.
                                                                                                                                                               : ... note: In instance 'tb.core.g_cancel.u_impl'
   51 | localparam integer W_ME_XJS = FULL_SHAPE ? 30 : 24;
      |                                          ^
                     /tmp/opentallas-core-remaining-acceptance-edge-parent-20261002-r1/scalar_suppression/sources/rtl/test/w17_window_core_cancel_join_r8/actual_fastpp_core_selected_cone.sv:2484:1: ... note: In file included from 'actual_fastpp_core_selected_cone.sv'
%Warning-WIDTHTRUNC: /tmp/opentallas-core-remaining-acceptance-edge-parent-20261002-r1/scalar_suppression/sources/rtl/hdc/v41/ot_hdc_isa_v41_profiles.svh:52:42: Logical operator COND expects 1 bit on the Conditional Test, but Conditional Test's VARREF 'FULL_SHAPE' generates 32 bits.
                                                                                                                                                               : ... note: In instance 'tb.core.g_cancel.u_impl'
   52 | localparam integer O_ME_JSH = FULL_SHAPE ? 354 : 284;
      |                                          ^
                     /tmp/opentallas-core-remaining-acceptance-edge-parent-20261002-r1/scalar_suppression/sources/rtl/test/w17_window_core_cancel_join_r8/actual_fastpp_core_selected_cone.sv:2484:1: ... note: In file included from 'actual_fastpp_core_selected_cone.sv'
%Warning-WIDTHTRUNC: /tmp/opentallas-core-remaining-acceptance-edge-parent-20261002-r1/scalar_suppression/sources/rtl/hdc/v41/ot_hdc_isa_v41_profiles.svh:53:42: Logical operator COND expects 1 bit on the Conditional Test, but Conditional Test's VARREF 'FULL_SHAPE' generates 32 bits.
                                                                                                                                                               : ... note: In instance 'tb.core.g_cancel.u_impl'
   53 | localparam integer W_ME_JSH = FULL_SHAPE ? 3 : 3;
      |                                          ^
                     /tmp/opentallas-core-remaining-acceptance-edge-parent-20261002-r1/scalar_suppression/sources/rtl/test/w17_window_core_cancel_join_r8/actual_fastpp_core_selected_cone.sv:2484:1: ... note: In file included from 'actual_fastpp_core_selected_cone.sv'
%Warning-WIDTHTRUNC: /tmp/opentallas-core-remaining-acceptance-edge-parent-20261002-r1/scalar_suppression/sources/rtl/hdc/v41/ot_hdc_isa_v41_profiles.svh:54:42: Logical operator COND expects 1 bit on the Conditional Test, but Conditional Test's VARREF 'FULL_SHAPE' generates 32 bits.
                                                                                                                                                               : ... note: In instance 'tb.core.g_cancel.u_impl'
   54 | localparam integer O_ME_OTS = FULL_SHAPE ? 357 : 287;
      |                                          ^
                     /tmp/opentallas-core-remaining-acceptance-edge-parent-20261002-r1/scalar_suppression/sources/rtl/test/w17_window_core_cancel_join_r8/actual_fastpp_core_selected_cone.sv:2484:1: ... note: In file included from 'actual_fastpp_core_selected_cone.sv'
%Warning-WIDTHTRUNC: /tmp/opentallas-core-remaining-acceptance-edge-parent-20261002-r1/scalar_suppression/sources/rtl/hdc/v41/ot_hdc_isa_v41_profiles.svh:55:42: Logical operator COND expects 1 bit on the Conditional Test, but Conditional Test's VARREF 'FULL_SHAPE' generates 32 bits.
                                                                                                                                                               : ... note: In instance 'tb.core.g_cancel.u_impl'
   55 | localparam integer W_ME_OTS = FULL_SHAPE ? 30 : 24;
      |                                          ^
                     /tmp/opentallas-core-remaining-acceptance-edge-parent-20261002-r1/scalar_suppression/sources/rtl/test/w17_window_core_cancel_join_r8/actual_fastpp_core_selected_cone.sv:2484:1: ... note: In file included from 'actual_fastpp_core_selected_cone.sv'
%Warning-WIDTHTRUNC: /tmp/opentallas-core-remaining-acceptance-edge-parent-20261002-r1/scalar_suppression/sources/rtl/hdc/v41/ot_hdc_isa_v41_profiles.svh:56:42: Logical operator COND expects 1 bit on the Conditional Test, but Conditional Test's VARREF 'FULL_SHAPE' generates 32 bits.
                                                                                                                                                               : ... note: In instance 'tb.core.g_cancel.u_impl'
   56 | localparam integer O_ME_OJS = FULL_SHAPE ? 387 : 311;
      |                                          ^
                     /tmp/opentallas-core-remaining-acceptance-edge-parent-20261002-r1/scalar_suppression/sources/rtl/test/w17_window_core_cancel_join_r8/actual_fastpp_core_selected_cone.sv:2484:1: ... note: In file included from 'actual_fastpp_core_selected_cone.sv'
%Warning-WIDTHTRUNC: /tmp/opentallas-core-remaining-acceptance-edge-parent-20261002-r1/scalar_suppression/sources/rtl/hdc/v41/ot_hdc_isa_v41_profiles.svh:57:42: Logical operator COND expects 1 bit on the Conditional Test, but Conditional Test's VARREF 'FULL_SHAPE' generates 32 bits.
                                                                                                                                                               : ... note: In instance 'tb.core.g_cancel.u_impl'
   57 | localparam integer W_ME_OJS = FULL_SHAPE ? 30 : 24;
      |                                          ^
                     /tmp/opentallas-core-remaining-acceptance-edge-parent-20261002-r1/scalar_suppression/sources/rtl/test/w17_window_core_cancel_join_r8/actual_fastpp_core_selected_cone.sv:2484:1: ... note: In file included from 'actual_fastpp_core_selected_cone.sv'
%Warning-WIDTHTRUNC: /tmp/opentallas-core-remaining-acceptance-edge-parent-20261002-r1/scalar_suppression/sources/rtl/hdc/v41/ot_hdc_isa_v41_profiles.svh:58:44: Logical operator COND expects 1 bit on the Conditional Test, but Conditional Test's VARREF 'FULL_SHAPE' generates 32 bits.
                                                                                                                                                               : ... note: In instance 'tb.core.g_cancel.u_impl'
   58 | localparam integer O_ME_MMODE = FULL_SHAPE ? 417 : 335;
      |                                            ^
                     /tmp/opentallas-core-remaining-acceptance-edge-parent-20261002-r1/scalar_suppression/sources/rtl/test/w17_window_core_cancel_join_r8/actual_fastpp_core_selected_cone.sv:2484:1: ... note: In file included from 'actual_fastpp_core_selected_cone.sv'
%Warning-WIDTHTRUNC: /tmp/opentallas-core-remaining-acceptance-edge-parent-20261002-r1/scalar_suppression/sources/rtl/hdc/v41/ot_hdc_isa_v41_profiles.svh:59:44: Logical operator COND expects 1 bit on the Conditional Test, but Conditional Test's VARREF 'FULL_SHAPE' generates 32 bits.
                                                                                                                                                               : ... note: In instance 'tb.core.g_cancel.u_impl'
   59 | localparam integer W_ME_MMODE = FULL_SHAPE ? 1 : 1;
      |                                            ^
                     /tmp/opentallas-core-remaining-acceptance-edge-parent-20261002-r1/scalar_suppression/sources/rtl/test/w17_window_core_cancel_join_r8/actual_fastpp_core_selected_cone.sv:2484:1: ... note: In file included from 'actual_fastpp_core_selected_cone.sv'
%Warning-WIDTHTRUNC: /tmp/opentallas-core-remaining-acceptance-edge-parent-20261002-r1/scalar_suppression/sources/rtl/hdc/v41/ot_hdc_isa_v41_profiles.svh:60:44: Logical operator COND expects 1 bit on the Conditional Test, but Conditional Test's VARREF 'FULL_SHAPE' generates 32 bits.
                                                                                                                                                               : ... note: In instance 'tb.core.g_cancel.u_impl'
   60 | localparam integer O_ME_SPLIT = FULL_SHAPE ? 418 : 336;
      |                                            ^
                     /tmp/opentallas-core-remaining-acceptance-edge-parent-20261002-r1/scalar_suppression/sources/rtl/test/w17_window_core_cancel_join_r8/actual_fastpp_core_selected_cone.sv:2484:1: ... note: In file included from 'actual_fastpp_core_selected_cone.sv'
%Warning-WIDTHTRUNC: /tmp/opentallas-core-remaining-acceptance-edge-parent-20261002-r1/scalar_suppression/sources/rtl/hdc/v41/ot_hdc_isa_v41_profiles.svh:61:44: Logical operator COND expects 1 bit on the Conditional Test, but Conditional Test's VARREF 'FULL_SHAPE' generates 32 bits.
                                                                                                                                                               : ... note: In instance 'tb.core.g_cancel.u_impl'
   61 | localparam integer W_ME_SPLIT = FULL_SHAPE ? 2 : 2;
      |                                            ^
                     /tmp/opentallas-core-remaining-acceptance-edge-parent-20261002-r1/scalar_suppression/sources/rtl/test/w17_window_core_cancel_join_r8/actual_fastpp_core_selected_cone.sv:2484:1: ... note: In file included from 'actual_fastpp_core_selected_cone.sv'
%Warning-WIDTHTRUNC: /tmp/opentallas-core-remaining-acceptance-edge-parent-20261002-r1/scalar_suppression/sources/rtl/hdc/v41/ot_hdc_isa_v41_profiles.svh:62:42: Logical operator COND expects 1 bit on the Conditional Test, but Conditional Test's VARREF 'FULL_SHAPE' generates 32 bits.
                                                                                                                                                               : ... note: In instance 'tb.core.g_cancel.u_impl'
   62 | localparam integer O_ME_XCS = FULL_SHAPE ? 420 : 338;
      |                                          ^
                     /tmp/opentallas-core-remaining-acceptance-edge-parent-20261002-r1/scalar_suppression/sources/rtl/test/w17_window_core_cancel_join_r8/actual_fastpp_core_selected_cone.sv:2484:1: ... note: In file included from 'actual_fastpp_core_selected_cone.sv'
%Warning-WIDTHTRUNC: /tmp/opentallas-core-remaining-acceptance-edge-parent-20261002-r1/scalar_suppression/sources/rtl/hdc/v41/ot_hdc_isa_v41_profiles.svh:63:42: Logical operator COND expects 1 bit on the Conditional Test, but Conditional Test's VARREF 'FULL_SHAPE' generates 32 bits.
                                                                                                                                                               : ... note: In instance 'tb.core.g_cancel.u_impl'
   63 | localparam integer W_ME_XCS = FULL_SHAPE ? 30 : 24;
      |                                          ^
                     /tmp/opentallas-core-remaining-acceptance-edge-parent-20261002-r1/scalar_suppression/sources/rtl/test/w17_window_core_cancel_join_r8/actual_fastpp_core_selected_cone.sv:2484:1: ... note: In file included from 'actual_fastpp_core_selected_cone.sv'
%Warning-WIDTHTRUNC: /tmp/opentallas-core-remaining-acceptance-edge-parent-20261002-r1/scalar_suppression/sources/rtl/hdc/v41/ot_hdc_isa_v41_profiles.svh:64:41: Logical operator COND expects 1 bit on the Conditional Test, but Conditional Test's VARREF 'FULL_SHAPE' generates 32 bits.
                                                                                                                                                               : ... note: In instance 'tb.core.g_cancel.u_impl'
   64 | localparam integer O_ME_HG = FULL_SHAPE ? 450 : 362;
      |                                         ^
                     /tmp/opentallas-core-remaining-acceptance-edge-parent-20261002-r1/scalar_suppression/sources/rtl/test/w17_window_core_cancel_join_r8/actual_fastpp_core_selected_cone.sv:2484:1: ... note: In file included from 'actual_fastpp_core_selected_cone.sv'
%Warning-WIDTHTRUNC: /tmp/opentallas-core-remaining-acceptance-edge-parent-20261002-r1/scalar_suppression/sources/rtl/hdc/v41/ot_hdc_isa_v41_profiles.svh:65:41: Logical operator COND expects 1 bit on the Conditional Test, but Conditional Test's VARREF 'FULL_SHAPE' generates 32 bits.
                                                                                                                                                               : ... note: In instance 'tb.core.g_cancel.u_impl'
   65 | localparam integer W_ME_HG = FULL_SHAPE ? 2 : 2;
      |                                         ^
                     /tmp/opentallas-core-remaining-acceptance-edge-parent-20261002-r1/scalar_suppression/sources/rtl/test/w17_window_core_cancel_join_r8/actual_fastpp_core_selected_cone.sv:2484:1: ... note: In file included from 'actual_fastpp_core_selected_cone.sv'
%Warning-WIDTHTRUNC: /tmp/opentallas-core-remaining-acceptance-edge-parent-20261002-r1/scalar_suppression/sources/rtl/hdc/v41/ot_hdc_isa_v41_profiles.svh:66:42: Logical operator COND expects 1 bit on the Conditional Test, but Conditional Test's VARREF 'FULL_SHAPE' generates 32 bits.
                                                                                                                                                               : ... note: In instance 'tb.core.g_cancel.u_impl'
   66 | localparam integer O_ME_OGS = FULL_SHAPE ? 452 : 364;
      |                                          ^
                     /tmp/opentallas-core-remaining-acceptance-edge-parent-20261002-r1/scalar_suppression/sources/rtl/test/w17_window_core_cancel_join_r8/actual_fastpp_core_selected_cone.sv:2484:1: ... note: In file included from 'actual_fastpp_core_selected_cone.sv'
%Warning-WIDTHTRUNC: /tmp/opentallas-core-remaining-acceptance-edge-parent-20261002-r1/scalar_suppression/sources/rtl/hdc/v41/ot_hdc_isa_v41_profiles.svh:67:42: Logical operator COND expects 1 bit on the Conditional Test, but Conditional Test's VARREF 'FULL_SHAPE' generates 32 bits.
                                                                                                                                                               : ... note: In instance 'tb.core.g_cancel.u_impl'
   67 | localparam integer W_ME_OGS = FULL_SHAPE ? 30 : 24;
      |                                          ^
                     /tmp/opentallas-core-remaining-acceptance-edge-parent-20261002-r1/scalar_suppression/sources/rtl/test/w17_window_core_cancel_join_r8/actual_fastpp_core_selected_cone.sv:2484:1: ... note: In file included from 'actual_fastpp_core_selected_cone.sv'
%Warning-WIDTHTRUNC: /tmp/opentallas-core-remaining-acceptance-edge-parent-20261002-r1/scalar_suppression/sources/rtl/hdc/v41/ot_hdc_isa_v41_profiles.svh:68:43: Logical operator COND expects 1 bit on the Conditional Test, but Conditional Test's VARREF 'FULL_SHAPE' generates 32 bits.
                                                                                                                                                               : ... note: In instance 'tb.core.g_cancel.u_impl'
   68 | localparam integer O_SU_NOUT = FULL_SHAPE ? 482 : 388;
      |                                           ^
                     /tmp/opentallas-core-remaining-acceptance-edge-parent-20261002-r1/scalar_suppression/sources/rtl/test/w17_window_core_cancel_join_r8/actual_fastpp_core_selected_cone.sv:2484:1: ... note: In file included from 'actual_fastpp_core_selected_cone.sv'
%Warning-WIDTHTRUNC: /tmp/opentallas-core-remaining-acceptance-edge-parent-20261002-r1/scalar_suppression/sources/rtl/hdc/v41/ot_hdc_isa_v41_profiles.svh:69:43: Logical operator COND expects 1 bit on the Conditional Test, but Conditional Test's VARREF 'FULL_SHAPE' generates 32 bits.
                                                                                                                                                               : ... note: In instance 'tb.core.g_cancel.u_impl'
   69 | localparam integer W_SU_NOUT = FULL_SHAPE ? 21 : 16;
      |                                           ^
                     /tmp/opentallas-core-remaining-acceptance-edge-parent-20261002-r1/scalar_suppression/sources/rtl/test/w17_window_core_cancel_join_r8/actual_fastpp_core_selected_cone.sv:2484:1: ... note: In file included from 'actual_fastpp_core_selected_cone.sv'
%Warning-WIDTHTRUNC: /tmp/opentallas-core-remaining-acceptance-edge-parent-20261002-r1/scalar_suppression/sources/rtl/hdc/v41/ot_hdc_isa_v41_profiles.svh:70:42: Logical operator COND expects 1 bit on the Conditional Test, but Conditional Test's VARREF 'FULL_SHAPE' generates 32 bits.
                                                                                                                                                               : ... note: In instance 'tb.core.g_cancel.u_impl'
   70 | localparam integer O_SU_NIN = FULL_SHAPE ? 503 : 404;
      |                                          ^
                     /tmp/opentallas-core-remaining-acceptance-edge-parent-20261002-r1/scalar_suppression/sources/rtl/test/w17_window_core_cancel_join_r8/actual_fastpp_core_selected_cone.sv:2484:1: ... note: In file included from 'actual_fastpp_core_selected_cone.sv'
%Warning-WIDTHTRUNC: /tmp/opentallas-core-remaining-acceptance-edge-parent-20261002-r1/scalar_suppression/sources/rtl/hdc/v41/ot_hdc_isa_v41_profiles.svh:71:42: Logical operator COND expects 1 bit on the Conditional Test, but Conditional Test's VARREF 'FULL_SHAPE' generates 32 bits.
                                                                                                                                                               : ... note: In instance 'tb.core.g_cancel.u_impl'
   71 | localparam integer W_SU_NIN = FULL_SHAPE ? 21 : 16;
      |                                          ^
                     /tmp/opentallas-core-remaining-acceptance-edge-parent-20261002-r1/scalar_suppression/sources/rtl/test/w17_window_core_cancel_join_r8/actual_fastpp_core_selected_cone.sv:2484:1: ... note: In file included from 'actual_fastpp_core_selected_cone.sv'
%Warning-WIDTHTRUNC: /tmp/opentallas-core-remaining-acceptance-edge-parent-20261002-r1/scalar_suppression/sources/rtl/hdc/v41/ot_hdc_isa_v41_profiles.svh:72:45: Logical operator COND expects 1 bit on the Conditional Test, but Conditional Test's VARREF 'FULL_SHAPE' generates 32 bits.
                                                                                                                                                               : ... note: In instance 'tb.core.g_cancel.u_impl'
   72 | localparam integer O_SU_D_NOUT = FULL_SHAPE ? 524 : 420;
      |                                             ^
                     /tmp/opentallas-core-remaining-acceptance-edge-parent-20261002-r1/scalar_suppression/sources/rtl/test/w17_window_core_cancel_join_r8/actual_fastpp_core_selected_cone.sv:2484:1: ... note: In file included from 'actual_fastpp_core_selected_cone.sv'
%Warning-WIDTHTRUNC: /tmp/opentallas-core-remaining-acceptance-edge-parent-20261002-r1/scalar_suppression/sources/rtl/hdc/v41/ot_hdc_isa_v41_profiles.svh:73:45: Logical operator COND expects 1 bit on the Conditional Test, but Conditional Test's VARREF 'FULL_SHAPE' generates 32 bits.
                                                                                                                                                               : ... note: In instance 'tb.core.g_cancel.u_impl'
   73 | localparam integer W_SU_D_NOUT = FULL_SHAPE ? 6 : 5;
      |                                             ^
                     /tmp/opentallas-core-remaining-acceptance-edge-parent-20261002-r1/scalar_suppression/sources/rtl/test/w17_window_core_cancel_join_r8/actual_fastpp_core_selected_cone.sv:2484:1: ... note: In file included from 'actual_fastpp_core_selected_cone.sv'
%Warning-WIDTHTRUNC: /tmp/opentallas-core-remaining-acceptance-edge-parent-20261002-r1/scalar_suppression/sources/rtl/hdc/v41/ot_hdc_isa_v41_profiles.svh:74:44: Logical operator COND expects 1 bit on the Conditional Test, but Conditional Test's VARREF 'FULL_SHAPE' generates 32 bits.
                                                                                                                                                               : ... note: In instance 'tb.core.g_cancel.u_impl'
   74 | localparam integer O_SU_D_NIN = FULL_SHAPE ? 530 : 425;
      |                                            ^
                     /tmp/opentallas-core-remaining-acceptance-edge-parent-20261002-r1/scalar_suppression/sources/rtl/test/w17_window_core_cancel_join_r8/actual_fastpp_core_selected_cone.sv:2484:1: ... note: In file included from 'actual_fastpp_core_selected_cone.sv'
%Warning-WIDTHTRUNC: /tmp/opentallas-core-remaining-acceptance-edge-parent-20261002-r1/scalar_suppression/sources/rtl/hdc/v41/ot_hdc_isa_v41_profiles.svh:75:44: Logical operator COND expects 1 bit on the Conditional Test, but Conditional Test's VARREF 'FULL_SHAPE' generates 32 bits.
                                                                                                                                                               : ... note: In instance 'tb.core.g_cancel.u_impl'
   75 | localparam integer W_SU_D_NIN = FULL_SHAPE ? 6 : 5;
      |                                            ^
                     /tmp/opentallas-core-remaining-acceptance-edge-parent-20261002-r1/scalar_suppression/sources/rtl/test/w17_window_core_cancel_join_r8/actual_fastpp_core_selected_cone.sv:2484:1: ... note: In file included from 'actual_fastpp_core_selected_cone.sv'
%Warning-WIDTHTRUNC: /tmp/opentallas-core-remaining-acceptance-edge-parent-20261002-r1/scalar_suppression/sources/rtl/hdc/v41/ot_hdc_isa_v41_profiles.svh:76:41: Logical operator COND expects 1 bit on the Conditional Test, but Conditional Test's VARREF 'FULL_SHAPE' generates 32 bits.
                                                                                                                                                               : ... note: In instance 'tb.core.g_cancel.u_impl'
   76 | localparam integer O_A_SRC = FULL_SHAPE ? 536 : 430;
      |                                         ^
                     /tmp/opentallas-core-remaining-acceptance-edge-parent-20261002-r1/scalar_suppression/sources/rtl/test/w17_window_core_cancel_join_r8/actual_fastpp_core_selected_cone.sv:2484:1: ... note: In file included from 'actual_fastpp_core_selected_cone.sv'
%Warning-WIDTHTRUNC: /tmp/opentallas-core-remaining-acceptance-edge-parent-20261002-r1/scalar_suppression/sources/rtl/hdc/v41/ot_hdc_isa_v41_profiles.svh:77:41: Logical operator COND expects 1 bit on the Conditional Test, but Conditional Test's VARREF 'FULL_SHAPE' generates 32 bits.
                                                                                                                                                               : ... note: In instance 'tb.core.g_cancel.u_impl'
   77 | localparam integer W_A_SRC = FULL_SHAPE ? 2 : 2;
      |                                         ^
                     /tmp/opentallas-core-remaining-acceptance-edge-parent-20261002-r1/scalar_suppression/sources/rtl/test/w17_window_core_cancel_join_r8/actual_fastpp_core_selected_cone.sv:2484:1: ... note: In file included from 'actual_fastpp_core_selected_cone.sv'
%Warning-WIDTHTRUNC: /tmp/opentallas-core-remaining-acceptance-edge-parent-20261002-r1/scalar_suppression/sources/rtl/hdc/v41/ot_hdc_isa_v41_profiles.svh:78:42: Logical operator COND expects 1 bit on the Conditional Test, but Conditional Test's VARREF 'FULL_SHAPE' generates 32 bits.
                                                                                                                                                               : ... note: In instance 'tb.core.g_cancel.u_impl'
   78 | localparam integer O_A_BASE = FULL_SHAPE ? 538 : 432;
      |                                          ^
                     /tmp/opentallas-core-remaining-acceptance-edge-parent-20261002-r1/scalar_suppression/sources/rtl/test/w17_window_core_cancel_join_r8/actual_fastpp_core_selected_cone.sv:2484:1: ... note: In file included from 'actual_fastpp_core_selected_cone.sv'
%Warning-WIDTHTRUNC: /tmp/opentallas-core-remaining-acceptance-edge-parent-20261002-r1/scalar_suppression/sources/rtl/hdc/v41/ot_hdc_isa_v41_profiles.svh:79:42: Logical operator COND expects 1 bit on the Conditional Test, but Conditional Test's VARREF 'FULL_SHAPE' generates 32 bits.
                                                                                                                                                               : ... note: In instance 'tb.core.g_cancel.u_impl'
   79 | localparam integer W_A_BASE = FULL_SHAPE ? 30 : 24;
      |                                          ^
                     /tmp/opentallas-core-remaining-acceptance-edge-parent-20261002-r1/scalar_suppression/sources/rtl/test/w17_window_core_cancel_join_r8/actual_fastpp_core_selected_cone.sv:2484:1: ... note: In file included from 'actual_fastpp_core_selected_cone.sv'
%Warning-WIDTHTRUNC: /tmp/opentallas-core-remaining-acceptance-edge-parent-20261002-r1/scalar_suppression/sources/rtl/hdc/v41/ot_hdc_isa_v41_profiles.svh:80:40: Logical operator COND expects 1 bit on the Conditional Test, but Conditional Test's VARREF 'FULL_SHAPE' generates 32 bits.
                                                                                                                                                               : ... note: In instance 'tb.core.g_cancel.u_impl'
   80 | localparam integer O_A_SO = FULL_SHAPE ? 568 : 456;
      |                                        ^
                     /tmp/opentallas-core-remaining-acceptance-edge-parent-20261002-r1/scalar_suppression/sources/rtl/test/w17_window_core_cancel_join_r8/actual_fastpp_core_selected_cone.sv:2484:1: ... note: In file included from 'actual_fastpp_core_selected_cone.sv'
%Warning-WIDTHTRUNC: /tmp/opentallas-core-remaining-acceptance-edge-parent-20261002-r1/scalar_suppression/sources/rtl/hdc/v41/ot_hdc_isa_v41_profiles.svh:81:40: Logical operator COND expects 1 bit on the Conditional Test, but Conditional Test's VARREF 'FULL_SHAPE' generates 32 bits.
                                                                                                                                                               : ... note: In instance 'tb.core.g_cancel.u_impl'
   81 | localparam integer W_A_SO = FULL_SHAPE ? 30 : 24;
      |                                        ^
                     /tmp/opentallas-core-remaining-acceptance-edge-parent-20261002-r1/scalar_suppression/sources/rtl/test/w17_window_core_cancel_join_r8/actual_fastpp_core_selected_cone.sv:2484:1: ... note: In file included from 'actual_fastpp_core_selected_cone.sv'
%Warning-WIDTHTRUNC: /tmp/opentallas-core-remaining-acceptance-edge-parent-20261002-r1/scalar_suppression/sources/rtl/hdc/v41/ot_hdc_isa_v41_profiles.svh:82:40: Logical operator COND expects 1 bit on the Conditional Test, but Conditional Test's VARREF 'FULL_SHAPE' generates 32 bits.
                                                                                                                                                               : ... note: In instance 'tb.core.g_cancel.u_impl'
   82 | localparam integer O_A_SI = FULL_SHAPE ? 598 : 480;
      |                                        ^
                     /tmp/opentallas-core-remaining-acceptance-edge-parent-20261002-r1/scalar_suppression/sources/rtl/test/w17_window_core_cancel_join_r8/actual_fastpp_core_selected_cone.sv:2484:1: ... note: In file included from 'actual_fastpp_core_selected_cone.sv'
%Warning-WIDTHTRUNC: /tmp/opentallas-core-remaining-acceptance-edge-parent-20261002-r1/scalar_suppression/sources/rtl/hdc/v41/ot_hdc_isa_v41_profiles.svh:83:40: Logical operator COND expects 1 bit on the Conditional Test, but Conditional Test's VARREF 'FULL_SHAPE' generates 32 bits.
                                                                                                                                                               : ... note: In instance 'tb.core.g_cancel.u_impl'
   83 | localparam integer W_A_SI = FULL_SHAPE ? 30 : 24;
      |                                        ^
                     /tmp/opentallas-core-remaining-acceptance-edge-parent-20261002-r1/scalar_suppression/sources/rtl/test/w17_window_core_cancel_join_r8/actual_fastpp_core_selected_cone.sv:2484:1: ... note: In file included from 'actual_fastpp_core_selected_cone.sv'
%Warning-WIDTHTRUNC: /tmp/opentallas-core-remaining-acceptance-edge-parent-20261002-r1/scalar_suppression/sources/rtl/hdc/v41/ot_hdc_isa_v41_profiles.svh:84:39: Logical operator COND expects 1 bit on the Conditional Test, but Conditional Test's VARREF 'FULL_SHAPE' generates 32 bits.
                                                                                                                                                               : ... note: In instance 'tb.core.g_cancel.u_impl'
   84 | localparam integer O_A_D = FULL_SHAPE ? 628 : 504;
      |                                       ^
                     /tmp/opentallas-core-remaining-acceptance-edge-parent-20261002-r1/scalar_suppression/sources/rtl/test/w17_window_core_cancel_join_r8/actual_fastpp_core_selected_cone.sv:2484:1: ... note: In file included from 'actual_fastpp_core_selected_cone.sv'
%Warning-WIDTHTRUNC: /tmp/opentallas-core-remaining-acceptance-edge-parent-20261002-r1/scalar_suppression/sources/rtl/hdc/v41/ot_hdc_isa_v41_profiles.svh:85:39: Logical operator COND expects 1 bit on the Conditional Test, but Conditional Test's VARREF 'FULL_SHAPE' generates 32 bits.
                                                                                                                                                               : ... note: In instance 'tb.core.g_cancel.u_impl'
   85 | localparam integer W_A_D = FULL_SHAPE ? 6 : 5;
      |                                       ^
                     /tmp/opentallas-core-remaining-acceptance-edge-parent-20261002-r1/scalar_suppression/sources/rtl/test/w17_window_core_cancel_join_r8/actual_fastpp_core_selected_cone.sv:2484:1: ... note: In file included from 'actual_fastpp_core_selected_cone.sv'
%Warning-WIDTHTRUNC: /tmp/opentallas-core-remaining-acceptance-edge-parent-20261002-r1/scalar_suppression/sources/rtl/hdc/v41/ot_hdc_isa_v41_profiles.svh:86:41: Logical operator COND expects 1 bit on the Conditional Test, but Conditional Test's VARREF 'FULL_SHAPE' generates 32 bits.
                                                                                                                                                               : ... note: In instance 'tb.core.g_cancel.u_impl'
   86 | localparam integer O_A_IND = FULL_SHAPE ? 634 : 509;
      |                                         ^
                     /tmp/opentallas-core-remaining-acceptance-edge-parent-20261002-r1/scalar_suppression/sources/rtl/test/w17_window_core_cancel_join_r8/actual_fastpp_core_selected_cone.sv:2484:1: ... note: In file included from 'actual_fastpp_core_selected_cone.sv'
%Warning-WIDTHTRUNC: /tmp/opentallas-core-remaining-acceptance-edge-parent-20261002-r1/scalar_suppression/sources/rtl/hdc/v41/ot_hdc_isa_v41_profiles.svh:87:41: Logical operator COND expects 1 bit on the Conditional Test, but Conditional Test's VARREF 'FULL_SHAPE' generates 32 bits.
                                                                                                                                                               : ... note: In instance 'tb.core.g_cancel.u_impl'
   87 | localparam integer W_A_IND = FULL_SHAPE ? 2 : 2;
      |                                         ^
                     /tmp/opentallas-core-remaining-acceptance-edge-parent-20261002-r1/scalar_suppression/sources/rtl/test/w17_window_core_cancel_join_r8/actual_fastpp_core_selected_cone.sv:2484:1: ... note: In file included from 'actual_fastpp_core_selected_cone.sv'
%Warning-WIDTHTRUNC: /tmp/opentallas-core-remaining-acceptance-edge-parent-20261002-r1/scalar_suppression/sources/rtl/hdc/v41/ot_hdc_isa_v41_profiles.svh:88:43: Logical operator COND expects 1 bit on the Conditional Test, but Conditional Test's VARREF 'FULL_SHAPE' generates 32 bits.
                                                                                                                                                               : ... note: In instance 'tb.core.g_cancel.u_impl'
   88 | localparam integer O_A_IBASE = FULL_SHAPE ? 636 : 511;
      |                                           ^
                     /tmp/opentallas-core-remaining-acceptance-edge-parent-20261002-r1/scalar_suppression/sources/rtl/test/w17_window_core_cancel_join_r8/actual_fastpp_core_selected_cone.sv:2484:1: ... note: In file included from 'actual_fastpp_core_selected_cone.sv'
%Warning-WIDTHTRUNC: /tmp/opentallas-core-remaining-acceptance-edge-parent-20261002-r1/scalar_suppression/sources/rtl/hdc/v41/ot_hdc_isa_v41_profiles.svh:89:43: Logical operator COND expects 1 bit on the Conditional Test, but Conditional Test's VARREF 'FULL_SHAPE' generates 32 bits.
                                                                                                                                                               : ... note: In instance 'tb.core.g_cancel.u_impl'
   89 | localparam integer W_A_IBASE = FULL_SHAPE ? 30 : 24;
      |                                           ^
                     /tmp/opentallas-core-remaining-acceptance-edge-parent-20261002-r1/scalar_suppression/sources/rtl/test/w17_window_core_cancel_join_r8/actual_fastpp_core_selected_cone.sv:2484:1: ... note: In file included from 'actual_fastpp_core_selected_cone.sv'
%Warning-WIDTHTRUNC: /tmp/opentallas-core-remaining-acceptance-edge-parent-20261002-r1/scalar_suppression/sources/rtl/hdc/v41/ot_hdc_isa_v41_profiles.svh:90:41: Logical operator COND expects 1 bit on the Conditional Test, but Conditional Test's VARREF 'FULL_SHAPE' generates 32 bits.
                                                                                                                                                               : ... note: In instance 'tb.core.g_cancel.u_impl'
   90 | localparam integer O_B_SRC = FULL_SHAPE ? 666 : 535;
      |                                         ^
                     /tmp/opentallas-core-remaining-acceptance-edge-parent-20261002-r1/scalar_suppression/sources/rtl/test/w17_window_core_cancel_join_r8/actual_fastpp_core_selected_cone.sv:2484:1: ... note: In file included from 'actual_fastpp_core_selected_cone.sv'
%Warning-WIDTHTRUNC: /tmp/opentallas-core-remaining-acceptance-edge-parent-20261002-r1/scalar_suppression/sources/rtl/hdc/v41/ot_hdc_isa_v41_profiles.svh:91:41: Logical operator COND expects 1 bit on the Conditional Test, but Conditional Test's VARREF 'FULL_SHAPE' generates 32 bits.
                                                                                                                                                               : ... note: In instance 'tb.core.g_cancel.u_impl'
   91 | localparam integer W_B_SRC = FULL_SHAPE ? 2 : 2;
      |                                         ^
                     /tmp/opentallas-core-remaining-acceptance-edge-parent-20261002-r1/scalar_suppression/sources/rtl/test/w17_window_core_cancel_join_r8/actual_fastpp_core_selected_cone.sv:2484:1: ... note: In file included from 'actual_fastpp_core_selected_cone.sv'
%Warning-WIDTHTRUNC: /tmp/opentallas-core-remaining-acceptance-edge-parent-20261002-r1/scalar_suppression/sources/rtl/hdc/v41/ot_hdc_isa_v41_profiles.svh:92:42: Logical operator COND expects 1 bit on the Conditional Test, but Conditional Test's VARREF 'FULL_SHAPE' generates 32 bits.
                                                                                                                                                               : ... note: In instance 'tb.core.g_cancel.u_impl'
   92 | localparam integer O_B_BASE = FULL_SHAPE ? 668 : 537;
      |                                          ^
                     /tmp/opentallas-core-remaining-acceptance-edge-parent-20261002-r1/scalar_suppression/sources/rtl/test/w17_window_core_cancel_join_r8/actual_fastpp_core_selected_cone.sv:2484:1: ... note: In file included from 'actual_fastpp_core_selected_cone.sv'
%Warning-WIDTHTRUNC: /tmp/opentallas-core-remaining-acceptance-edge-parent-20261002-r1/scalar_suppression/sources/rtl/hdc/v41/ot_hdc_isa_v41_profiles.svh:93:42: Logical operator COND expects 1 bit on the Conditional Test, but Conditional Test's VARREF 'FULL_SHAPE' generates 32 bits.
                                                                                                                                                               : ... note: In instance 'tb.core.g_cancel.u_impl'
   93 | localparam integer W_B_BASE = FULL_SHAPE ? 30 : 24;
      |                                          ^
                     /tmp/opentallas-core-remaining-acceptance-edge-parent-20261002-r1/scalar_suppression/sources/rtl/test/w17_window_core_cancel_join_r8/actual_fastpp_core_selected_cone.sv:2484:1: ... note: In file included from 'actual_fastpp_core_selected_cone.sv'
%Warning-WIDTHTRUNC: /tmp/opentallas-core-remaining-acceptance-edge-parent-20261002-r1/scalar_suppression/sources/rtl/hdc/v41/ot_hdc_isa_v41_profiles.svh:94:40: Logical operator COND expects 1 bit on the Conditional Test, but Conditional Test's VARREF 'FULL_SHAPE' generates 32 bits.
                                                                                                                                                               : ... note: In instance 'tb.core.g_cancel.u_impl'
   94 | localparam integer O_B_SO = FULL_SHAPE ? 698 : 561;
      |                                        ^
                     /tmp/opentallas-core-remaining-acceptance-edge-parent-20261002-r1/scalar_suppression/sources/rtl/test/w17_window_core_cancel_join_r8/actual_fastpp_core_selected_cone.sv:2484:1: ... note: In file included from 'actual_fastpp_core_selected_cone.sv'
%Warning-WIDTHTRUNC: /tmp/opentallas-core-remaining-acceptance-edge-parent-20261002-r1/scalar_suppression/sources/rtl/hdc/v41/ot_hdc_isa_v41_profiles.svh:95:40: Logical operator COND expects 1 bit on the Conditional Test, but Conditional Test's VARREF 'FULL_SHAPE' generates 32 bits.
                                                                                                                                                               : ... note: In instance 'tb.core.g_cancel.u_impl'
   95 | localparam integer W_B_SO = FULL_SHAPE ? 30 : 24;
      |                                        ^
                     /tmp/opentallas-core-remaining-acceptance-edge-parent-20261002-r1/scalar_suppression/sources/rtl/test/w17_window_core_cancel_join_r8/actual_fastpp_core_selected_cone.sv:2484:1: ... note: In file included from 'actual_fastpp_core_selected_cone.sv'
%Warning-WIDTHTRUNC: /tmp/opentallas-core-remaining-acceptance-edge-parent-20261002-r1/scalar_suppression/sources/rtl/hdc/v41/ot_hdc_isa_v41_profiles.svh:96:40: Logical operator COND expects 1 bit on the Conditional Test, but Conditional Test's VARREF 'FULL_SHAPE' generates 32 bits.
                                                                                                                                                               : ... note: In instance 'tb.core.g_cancel.u_impl'
   96 | localparam integer O_B_SI = FULL_SHAPE ? 728 : 585;
      |                                        ^
                     /tmp/opentallas-core-remaining-acceptance-edge-parent-20261002-r1/scalar_suppression/sources/rtl/test/w17_window_core_cancel_join_r8/actual_fastpp_core_selected_cone.sv:2484:1: ... note: In file included from 'actual_fastpp_core_selected_cone.sv'
%Warning-WIDTHTRUNC: /tmp/opentallas-core-remaining-acceptance-edge-parent-20261002-r1/scalar_suppression/sources/rtl/hdc/v41/ot_hdc_isa_v41_profiles.svh:97:40: Logical operator COND expects 1 bit on the Conditional Test, but Conditional Test's VARREF 'FULL_SHAPE' generates 32 bits.
                                                                                                                                                               : ... note: In instance 'tb.core.g_cancel.u_impl'
   97 | localparam integer W_B_SI = FULL_SHAPE ? 30 : 24;
      |                                        ^
                     /tmp/opentallas-core-remaining-acceptance-edge-parent-20261002-r1/scalar_suppression/sources/rtl/test/w17_window_core_cancel_join_r8/actual_fastpp_core_selected_cone.sv:2484:1: ... note: In file included from 'actual_fastpp_core_selected_cone.sv'
%Warning-WIDTHTRUNC: /tmp/opentallas-core-remaining-acceptance-edge-parent-20261002-r1/scalar_suppression/sources/rtl/hdc/v41/ot_hdc_isa_v41_profiles.svh:98:39: Logical operator COND expects 1 bit on the Conditional Test, but Conditional Test's VARREF 'FULL_SHAPE' generates 32 bits.
                                                                                                                                                               : ... note: In instance 'tb.core.g_cancel.u_impl'
   98 | localparam integer O_B_D = FULL_SHAPE ? 758 : 609;
      |                                       ^
                     /tmp/opentallas-core-remaining-acceptance-edge-parent-20261002-r1/scalar_suppression/sources/rtl/test/w17_window_core_cancel_join_r8/actual_fastpp_core_selected_cone.sv:2484:1: ... note: In file included from 'actual_fastpp_core_selected_cone.sv'
%Warning-WIDTHTRUNC: /tmp/opentallas-core-remaining-acceptance-edge-parent-20261002-r1/scalar_suppression/sources/rtl/hdc/v41/ot_hdc_isa_v41_profiles.svh:99:39: Logical operator COND expects 1 bit on the Conditional Test, but Conditional Test's VARREF 'FULL_SHAPE' generates 32 bits.
                                                                                                                                                               : ... note: In instance 'tb.core.g_cancel.u_impl'
   99 | localparam integer W_B_D = FULL_SHAPE ? 6 : 5;
      |                                       ^
                     /tmp/opentallas-core-remaining-acceptance-edge-parent-20261002-r1/scalar_suppression/sources/rtl/test/w17_window_core_cancel_join_r8/actual_fastpp_core_selected_cone.sv:2484:1: ... note: In file included from 'actual_fastpp_core_selected_cone.sv'
%Warning-WIDTHTRUNC: /tmp/opentallas-core-remaining-acceptance-edge-parent-20261002-r1/scalar_suppression/sources/rtl/hdc/v41/ot_hdc_isa_v41_profiles.svh:100:42: Logical operator COND expects 1 bit on the Conditional Test, but Conditional Test's VARREF 'FULL_SHAPE' generates 32 bits.
                                                                                                                                                                : ... note: In instance 'tb.core.g_cancel.u_impl'
  100 | localparam integer O_B_HALF = FULL_SHAPE ? 764 : 614;
      |                                          ^
                     /tmp/opentallas-core-remaining-acceptance-edge-parent-20261002-r1/scalar_suppression/sources/rtl/test/w17_window_core_cancel_join_r8/actual_fastpp_core_selected_cone.sv:2484:1: ... note: In file included from 'actual_fastpp_core_selected_cone.sv'
%Warning-WIDTHTRUNC: /tmp/opentallas-core-remaining-acceptance-edge-parent-20261002-r1/scalar_suppression/sources/rtl/hdc/v41/ot_hdc_isa_v41_profiles.svh:101:42: Logical operator COND expects 1 bit on the Conditional Test, but Conditional Test's VARREF 'FULL_SHAPE' generates 32 bits.
                                                                                                                                                                : ... note: In instance 'tb.core.g_cancel.u_impl'
  101 | localparam integer W_B_HALF = FULL_SHAPE ? 1 : 1;
      |                                          ^
                     /tmp/opentallas-core-remaining-acceptance-edge-parent-20261002-r1/scalar_suppression/sources/rtl/test/w17_window_core_cancel_join_r8/actual_fastpp_core_selected_cone.sv:2484:1: ... note: In file included from 'actual_fastpp_core_selected_cone.sv'
%Warning-WIDTHTRUNC: /tmp/opentallas-core-remaining-acceptance-edge-parent-20261002-r1/scalar_suppression/sources/rtl/hdc/v41/ot_hdc_isa_v41_profiles.svh:102:41: Logical operator COND expects 1 bit on the Conditional Test, but Conditional Test's VARREF 'FULL_SHAPE' generates 32 bits.
                                                                                                                                                                : ... note: In instance 'tb.core.g_cancel.u_impl'
  102 | localparam integer O_C_SRC = FULL_SHAPE ? 765 : 615;
      |                                         ^
                     /tmp/opentallas-core-remaining-acceptance-edge-parent-20261002-r1/scalar_suppression/sources/rtl/test/w17_window_core_cancel_join_r8/actual_fastpp_core_selected_cone.sv:2484:1: ... note: In file included from 'actual_fastpp_core_selected_cone.sv'
%Warning-WIDTHTRUNC: /tmp/opentallas-core-remaining-acceptance-edge-parent-20261002-r1/scalar_suppression/sources/rtl/hdc/v41/ot_hdc_isa_v41_profiles.svh:103:41: Logical operator COND expects 1 bit on the Conditional Test, but Conditional Test's VARREF 'FULL_SHAPE' generates 32 bits.
                                                                                                                                                                : ... note: In instance 'tb.core.g_cancel.u_impl'
  103 | localparam integer W_C_SRC = FULL_SHAPE ? 2 : 2;
      |                                         ^
                     /tmp/opentallas-core-remaining-acceptance-edge-parent-20261002-r1/scalar_suppression/sources/rtl/test/w17_window_core_cancel_join_r8/actual_fastpp_core_selected_cone.sv:2484:1: ... note: In file included from 'actual_fastpp_core_selected_cone.sv'
%Warning-WIDTHTRUNC: /tmp/opentallas-core-remaining-acceptance-edge-parent-20261002-r1/scalar_suppression/sources/rtl/hdc/v41/ot_hdc_isa_v41_profiles.svh:104:42: Logical operator COND expects 1 bit on the Conditional Test, but Conditional Test's VARREF 'FULL_SHAPE' generates 32 bits.
                                                                                                                                                                : ... note: In instance 'tb.core.g_cancel.u_impl'
  104 | localparam integer O_C_BASE = FULL_SHAPE ? 767 : 617;
      |                                          ^
                     /tmp/opentallas-core-remaining-acceptance-edge-parent-20261002-r1/scalar_suppression/sources/rtl/test/w17_window_core_cancel_join_r8/actual_fastpp_core_selected_cone.sv:2484:1: ... note: In file included from 'actual_fastpp_core_selected_cone.sv'
%Warning-WIDTHTRUNC: /tmp/opentallas-core-remaining-acceptance-edge-parent-20261002-r1/scalar_suppression/sources/rtl/hdc/v41/ot_hdc_isa_v41_profiles.svh:105:42: Logical operator COND expects 1 bit on the Conditional Test, but Conditional Test's VARREF 'FULL_SHAPE' generates 32 bits.
                                                                                                                                                                : ... note: In instance 'tb.core.g_cancel.u_impl'
  105 | localparam integer W_C_BASE = FULL_SHAPE ? 30 : 24;
      |                                          ^
                     /tmp/opentallas-core-remaining-acceptance-edge-parent-20261002-r1/scalar_suppression/sources/rtl/test/w17_window_core_cancel_join_r8/actual_fastpp_core_selected_cone.sv:2484:1: ... note: In file included from 'actual_fastpp_core_selected_cone.sv'
%Warning-WIDTHTRUNC: /tmp/opentallas-core-remaining-acceptance-edge-parent-20261002-r1/scalar_suppression/sources/rtl/hdc/v41/ot_hdc_isa_v41_profiles.svh:106:40: Logical operator COND expects 1 bit on the Conditional Test, but Conditional Test's VARREF 'FULL_SHAPE' generates 32 bits.
                                                                                                                                                                : ... note: In instance 'tb.core.g_cancel.u_impl'
  106 | localparam integer O_C_SO = FULL_SHAPE ? 797 : 641;
      |                                        ^
                     /tmp/opentallas-core-remaining-acceptance-edge-parent-20261002-r1/scalar_suppression/sources/rtl/test/w17_window_core_cancel_join_r8/actual_fastpp_core_selected_cone.sv:2484:1: ... note: In file included from 'actual_fastpp_core_selected_cone.sv'
%Warning-WIDTHTRUNC: /tmp/opentallas-core-remaining-acceptance-edge-parent-20261002-r1/scalar_suppression/sources/rtl/hdc/v41/ot_hdc_isa_v41_profiles.svh:107:40: Logical operator COND expects 1 bit on the Conditional Test, but Conditional Test's VARREF 'FULL_SHAPE' generates 32 bits.
                                                                                                                                                                : ... note: In instance 'tb.core.g_cancel.u_impl'
  107 | localparam integer W_C_SO = FULL_SHAPE ? 30 : 24;
      |                                        ^
                     /tmp/opentallas-core-remaining-acceptance-edge-parent-20261002-r1/scalar_suppression/sources/rtl/test/w17_window_core_cancel_join_r8/actual_fastpp_core_selected_cone.sv:2484:1: ... note: In file included from 'actual_fastpp_core_selected_cone.sv'
%Warning-WIDTHTRUNC: /tmp/opentallas-core-remaining-acceptance-edge-parent-20261002-r1/scalar_suppression/sources/rtl/hdc/v41/ot_hdc_isa_v41_profiles.svh:108:40: Logical operator COND expects 1 bit on the Conditional Test, but Conditional Test's VARREF 'FULL_SHAPE' generates 32 bits.
                                                                                                                                                                : ... note: In instance 'tb.core.g_cancel.u_impl'
  108 | localparam integer O_C_SI = FULL_SHAPE ? 827 : 665;
      |                                        ^
                     /tmp/opentallas-core-remaining-acceptance-edge-parent-20261002-r1/scalar_suppression/sources/rtl/test/w17_window_core_cancel_join_r8/actual_fastpp_core_selected_cone.sv:2484:1: ... note: In file included from 'actual_fastpp_core_selected_cone.sv'
%Warning-WIDTHTRUNC: /tmp/opentallas-core-remaining-acceptance-edge-parent-20261002-r1/scalar_suppression/sources/rtl/hdc/v41/ot_hdc_isa_v41_profiles.svh:109:40: Logical operator COND expects 1 bit on the Conditional Test, but Conditional Test's VARREF 'FULL_SHAPE' generates 32 bits.
                                                                                                                                                                : ... note: In instance 'tb.core.g_cancel.u_impl'
  109 | localparam integer W_C_SI = FULL_SHAPE ? 30 : 24;
      |                                        ^
                     /tmp/opentallas-core-remaining-acceptance-edge-parent-20261002-r1/scalar_suppression/sources/rtl/test/w17_window_core_cancel_join_r8/actual_fastpp_core_selected_cone.sv:2484:1: ... note: In file included from 'actual_fastpp_core_selected_cone.sv'
%Warning-WIDTHTRUNC: /tmp/opentallas-core-remaining-acceptance-edge-parent-20261002-r1/scalar_suppression/sources/rtl/hdc/v41/ot_hdc_isa_v41_profiles.svh:110:39: Logical operator COND expects 1 bit on the Conditional Test, but Conditional Test's VARREF 'FULL_SHAPE' generates 32 bits.
                                                                                                                                                                : ... note: In instance 'tb.core.g_cancel.u_impl'
  110 | localparam integer O_C_D = FULL_SHAPE ? 857 : 689;
      |                                       ^
                     /tmp/opentallas-core-remaining-acceptance-edge-parent-20261002-r1/scalar_suppression/sources/rtl/test/w17_window_core_cancel_join_r8/actual_fastpp_core_selected_cone.sv:2484:1: ... note: In file included from 'actual_fastpp_core_selected_cone.sv'
%Warning-WIDTHTRUNC: /tmp/opentallas-core-remaining-acceptance-edge-parent-20261002-r1/scalar_suppression/sources/rtl/hdc/v41/ot_hdc_isa_v41_profiles.svh:111:39: Logical operator COND expects 1 bit on the Conditional Test, but Conditional Test's VARREF 'FULL_SHAPE' generates 32 bits.
                                                                                                                                                                : ... note: In instance 'tb.core.g_cancel.u_impl'
  111 | localparam integer W_C_D = FULL_SHAPE ? 6 : 5;
      |                                       ^
                     /tmp/opentallas-core-remaining-acceptance-edge-parent-20261002-r1/scalar_suppression/sources/rtl/test/w17_window_core_cancel_join_r8/actual_fastpp_core_selected_cone.sv:2484:1: ... note: In file included from 'actual_fastpp_core_selected_cone.sv'
%Warning-WIDTHTRUNC: /tmp/opentallas-core-remaining-acceptance-edge-parent-20261002-r1/scalar_suppression/sources/rtl/hdc/v41/ot_hdc_isa_v41_profiles.svh:112:42: Logical operator COND expects 1 bit on the Conditional Test, but Conditional Test's VARREF 'FULL_SHAPE' generates 32 bits.
                                                                                                                                                                : ... note: In instance 'tb.core.g_cancel.u_impl'
  112 | localparam integer O_C_PAIR = FULL_SHAPE ? 863 : 694;
      |                                          ^
                     /tmp/opentallas-core-remaining-acceptance-edge-parent-20261002-r1/scalar_suppression/sources/rtl/test/w17_window_core_cancel_join_r8/actual_fastpp_core_selected_cone.sv:2484:1: ... note: In file included from 'actual_fastpp_core_selected_cone.sv'
%Warning-WIDTHTRUNC: /tmp/opentallas-core-remaining-acceptance-edge-parent-20261002-r1/scalar_suppression/sources/rtl/hdc/v41/ot_hdc_isa_v41_profiles.svh:113:42: Logical operator COND expects 1 bit on the Conditional Test, but Conditional Test's VARREF 'FULL_SHAPE' generates 32 bits.
                                                                                                                                                                : ... note: In instance 'tb.core.g_cancel.u_impl'
  113 | localparam integer W_C_PAIR = FULL_SHAPE ? 1 : 1;
      |                                          ^
                     /tmp/opentallas-core-remaining-acceptance-edge-parent-20261002-r1/scalar_suppression/sources/rtl/test/w17_window_core_cancel_join_r8/actual_fastpp_core_selected_cone.sv:2484:1: ... note: In file included from 'actual_fastpp_core_selected_cone.sv'
%Warning-WIDTHTRUNC: /tmp/opentallas-core-remaining-acceptance-edge-parent-20261002-r1/scalar_suppression/sources/rtl/hdc/v41/ot_hdc_isa_v41_profiles.svh:114:41: Logical operator COND expects 1 bit on the Conditional Test, but Conditional Test's VARREF 'FULL_SHAPE' generates 32 bits.
                                                                                                                                                                : ... note: In instance 'tb.core.g_cancel.u_impl'
  114 | localparam integer O_D_SRC = FULL_SHAPE ? 864 : 695;
      |                                         ^
                     /tmp/opentallas-core-remaining-acceptance-edge-parent-20261002-r1/scalar_suppression/sources/rtl/test/w17_window_core_cancel_join_r8/actual_fastpp_core_selected_cone.sv:2484:1: ... note: In file included from 'actual_fastpp_core_selected_cone.sv'
%Warning-WIDTHTRUNC: /tmp/opentallas-core-remaining-acceptance-edge-parent-20261002-r1/scalar_suppression/sources/rtl/hdc/v41/ot_hdc_isa_v41_profiles.svh:115:41: Logical operator COND expects 1 bit on the Conditional Test, but Conditional Test's VARREF 'FULL_SHAPE' generates 32 bits.
                                                                                                                                                                : ... note: In instance 'tb.core.g_cancel.u_impl'
  115 | localparam integer W_D_SRC = FULL_SHAPE ? 2 : 2;
      |                                         ^
                     /tmp/opentallas-core-remaining-acceptance-edge-parent-20261002-r1/scalar_suppression/sources/rtl/test/w17_window_core_cancel_join_r8/actual_fastpp_core_selected_cone.sv:2484:1: ... note: In file included from 'actual_fastpp_core_selected_cone.sv'
%Warning-WIDTHTRUNC: /tmp/opentallas-core-remaining-acceptance-edge-parent-20261002-r1/scalar_suppression/sources/rtl/hdc/v41/ot_hdc_isa_v41_profiles.svh:116:42: Logical operator COND expects 1 bit on the Conditional Test, but Conditional Test's VARREF 'FULL_SHAPE' generates 32 bits.
                                                                                                                                                                : ... note: In instance 'tb.core.g_cancel.u_impl'
  116 | localparam integer O_D_BASE = FULL_SHAPE ? 866 : 697;
      |                                          ^
                     /tmp/opentallas-core-remaining-acceptance-edge-parent-20261002-r1/scalar_suppression/sources/rtl/test/w17_window_core_cancel_join_r8/actual_fastpp_core_selected_cone.sv:2484:1: ... note: In file included from 'actual_fastpp_core_selected_cone.sv'
%Warning-WIDTHTRUNC: /tmp/opentallas-core-remaining-acceptance-edge-parent-20261002-r1/scalar_suppression/sources/rtl/hdc/v41/ot_hdc_isa_v41_profiles.svh:117:42: Logical operator COND expects 1 bit on the Conditional Test, but Conditional Test's VARREF 'FULL_SHAPE' generates 32 bits.
                                                                                                                                                                : ... note: In instance 'tb.core.g_cancel.u_impl'
  117 | localparam integer W_D_BASE = FULL_SHAPE ? 30 : 24;
      |                                          ^
                     /tmp/opentallas-core-remaining-acceptance-edge-parent-20261002-r1/scalar_suppression/sources/rtl/test/w17_window_core_cancel_join_r8/actual_fastpp_core_selected_cone.sv:2484:1: ... note: In file included from 'actual_fastpp_core_selected_cone.sv'
%Warning-WIDTHTRUNC: /tmp/opentallas-core-remaining-acceptance-edge-parent-20261002-r1/scalar_suppression/sources/rtl/hdc/v41/ot_hdc_isa_v41_profiles.svh:118:40: Logical operator COND expects 1 bit on the Conditional Test, but Conditional Test's VARREF 'FULL_SHAPE' generates 32 bits.
                                                                                                                                                                : ... note: In instance 'tb.core.g_cancel.u_impl'
  118 | localparam integer O_D_SO = FULL_SHAPE ? 896 : 721;
      |                                        ^
                     /tmp/opentallas-core-remaining-acceptance-edge-parent-20261002-r1/scalar_suppression/sources/rtl/test/w17_window_core_cancel_join_r8/actual_fastpp_core_selected_cone.sv:2484:1: ... note: In file included from 'actual_fastpp_core_selected_cone.sv'
%Warning-WIDTHTRUNC: /tmp/opentallas-core-remaining-acceptance-edge-parent-20261002-r1/scalar_suppression/sources/rtl/hdc/v41/ot_hdc_isa_v41_profiles.svh:119:40: Logical operator COND expects 1 bit on the Conditional Test, but Conditional Test's VARREF 'FULL_SHAPE' generates 32 bits.
                                                                                                                                                                : ... note: In instance 'tb.core.g_cancel.u_impl'
  119 | localparam integer W_D_SO = FULL_SHAPE ? 30 : 24;
      |                                        ^
                     /tmp/opentallas-core-remaining-acceptance-edge-parent-20261002-r1/scalar_suppression/sources/rtl/test/w17_window_core_cancel_join_r8/actual_fastpp_core_selected_cone.sv:2484:1: ... note: In file included from 'actual_fastpp_core_selected_cone.sv'
%Warning-WIDTHTRUNC: /tmp/opentallas-core-remaining-acceptance-edge-parent-20261002-r1/scalar_suppression/sources/rtl/hdc/v41/ot_hdc_isa_v41_profiles.svh:120:40: Logical operator COND expects 1 bit on the Conditional Test, but Conditional Test's VARREF 'FULL_SHAPE' generates 32 bits.
                                                                                                                                                                : ... note: In instance 'tb.core.g_cancel.u_impl'
  120 | localparam integer O_D_SI = FULL_SHAPE ? 926 : 745;
      |                                        ^
                     /tmp/opentallas-core-remaining-acceptance-edge-parent-20261002-r1/scalar_suppression/sources/rtl/test/w17_window_core_cancel_join_r8/actual_fastpp_core_selected_cone.sv:2484:1: ... note: In file included from 'actual_fastpp_core_selected_cone.sv'
%Warning-WIDTHTRUNC: /tmp/opentallas-core-remaining-acceptance-edge-parent-20261002-r1/scalar_suppression/sources/rtl/hdc/v41/ot_hdc_isa_v41_profiles.svh:121:40: Logical operator COND expects 1 bit on the Conditional Test, but Conditional Test's VARREF 'FULL_SHAPE' generates 32 bits.
                                                                                                                                                                : ... note: In instance 'tb.core.g_cancel.u_impl'
  121 | localparam integer W_D_SI = FULL_SHAPE ? 30 : 24;
      |                                        ^
                     /tmp/opentallas-core-remaining-acceptance-edge-parent-20261002-r1/scalar_suppression/sources/rtl/test/w17_window_core_cancel_join_r8/actual_fastpp_core_selected_cone.sv:2484:1: ... note: In file included from 'actual_fastpp_core_selected_cone.sv'
%Warning-WIDTHTRUNC: /tmp/opentallas-core-remaining-acceptance-edge-parent-20261002-r1/scalar_suppression/sources/rtl/hdc/v41/ot_hdc_isa_v41_profiles.svh:122:39: Logical operator COND expects 1 bit on the Conditional Test, but Conditional Test's VARREF 'FULL_SHAPE' generates 32 bits.
                                                                                                                                                                : ... note: In instance 'tb.core.g_cancel.u_impl'
  122 | localparam integer O_D_D = FULL_SHAPE ? 956 : 769;
      |                                       ^
                     /tmp/opentallas-core-remaining-acceptance-edge-parent-20261002-r1/scalar_suppression/sources/rtl/test/w17_window_core_cancel_join_r8/actual_fastpp_core_selected_cone.sv:2484:1: ... note: In file included from 'actual_fastpp_core_selected_cone.sv'
%Warning-WIDTHTRUNC: /tmp/opentallas-core-remaining-acceptance-edge-parent-20261002-r1/scalar_suppression/sources/rtl/hdc/v41/ot_hdc_isa_v41_profiles.svh:123:39: Logical operator COND expects 1 bit on the Conditional Test, but Conditional Test's VARREF 'FULL_SHAPE' generates 32 bits.
                                                                                                                                                                : ... note: In instance 'tb.core.g_cancel.u_impl'
  123 | localparam integer W_D_D = FULL_SHAPE ? 6 : 5;
      |                                       ^
                     /tmp/opentallas-core-remaining-acceptance-edge-parent-20261002-r1/scalar_suppression/sources/rtl/test/w17_window_core_cancel_join_r8/actual_fastpp_core_selected_cone.sv:2484:1: ... note: In file included from 'actual_fastpp_core_selected_cone.sv'
%Warning-WIDTHTRUNC: /tmp/opentallas-core-remaining-acceptance-edge-parent-20261002-r1/scalar_suppression/sources/rtl/hdc/v41/ot_hdc_isa_v41_profiles.svh:124:41: Logical operator COND expects 1 bit on the Conditional Test, but Conditional Test's VARREF 'FULL_SHAPE' generates 32 bits.
                                                                                                                                                                : ... note: In instance 'tb.core.g_cancel.u_impl'
  124 | localparam integer O_A_RND = FULL_SHAPE ? 962 : 774;
      |                                         ^
                     /tmp/opentallas-core-remaining-acceptance-edge-parent-20261002-r1/scalar_suppression/sources/rtl/test/w17_window_core_cancel_join_r8/actual_fastpp_core_selected_cone.sv:2484:1: ... note: In file included from 'actual_fastpp_core_selected_cone.sv'
%Warning-WIDTHTRUNC: /tmp/opentallas-core-remaining-acceptance-edge-parent-20261002-r1/scalar_suppression/sources/rtl/hdc/v41/ot_hdc_isa_v41_profiles.svh:125:41: Logical operator COND expects 1 bit on the Conditional Test, but Conditional Test's VARREF 'FULL_SHAPE' generates 32 bits.
                                                                                                                                                                : ... note: In instance 'tb.core.g_cancel.u_impl'
  125 | localparam integer W_A_RND = FULL_SHAPE ? 1 : 1;
      |                                         ^
                     /tmp/opentallas-core-remaining-acceptance-edge-parent-20261002-r1/scalar_suppression/sources/rtl/test/w17_window_core_cancel_join_r8/actual_fastpp_core_selected_cone.sv:2484:1: ... note: In file included from 'actual_fastpp_core_selected_cone.sv'
%Warning-WIDTHTRUNC: /tmp/opentallas-core-remaining-acceptance-edge-parent-20261002-r1/scalar_suppression/sources/rtl/hdc/v41/ot_hdc_isa_v41_profiles.svh:126:42: Logical operator COND expects 1 bit on the Conditional Test, but Conditional Test's VARREF 'FULL_SHAPE' generates 32 bits.
                                                                                                                                                                : ... note: In instance 'tb.core.g_cancel.u_impl'
  126 | localparam integer O_A_RELU = FULL_SHAPE ? 963 : 775;
      |                                          ^
                     /tmp/opentallas-core-remaining-acceptance-edge-parent-20261002-r1/scalar_suppression/sources/rtl/test/w17_window_core_cancel_join_r8/actual_fastpp_core_selected_cone.sv:2484:1: ... note: In file included from 'actual_fastpp_core_selected_cone.sv'
%Warning-WIDTHTRUNC: /tmp/opentallas-core-remaining-acceptance-edge-parent-20261002-r1/scalar_suppression/sources/rtl/hdc/v41/ot_hdc_isa_v41_profiles.svh:127:42: Logical operator COND expects 1 bit on the Conditional Test, but Conditional Test's VARREF 'FULL_SHAPE' generates 32 bits.
                                                                                                                                                                : ... note: In instance 'tb.core.g_cancel.u_impl'
  127 | localparam integer W_A_RELU = FULL_SHAPE ? 1 : 1;
      |                                          ^
                     /tmp/opentallas-core-remaining-acceptance-edge-parent-20261002-r1/scalar_suppression/sources/rtl/test/w17_window_core_cancel_join_r8/actual_fastpp_core_selected_cone.sv:2484:1: ... note: In file included from 'actual_fastpp_core_selected_cone.sv'
%Warning-WIDTHTRUNC: /tmp/opentallas-core-remaining-acceptance-edge-parent-20261002-r1/scalar_suppression/sources/rtl/hdc/v41/ot_hdc_isa_v41_profiles.svh:128:41: Logical operator COND expects 1 bit on the Conditional Test, but Conditional Test's VARREF 'FULL_SHAPE' generates 32 bits.
                                                                                                                                                                : ... note: In instance 'tb.core.g_cancel.u_impl'
  128 | localparam integer O_A_MIN = FULL_SHAPE ? 964 : 776;
      |                                         ^
                     /tmp/opentallas-core-remaining-acceptance-edge-parent-20261002-r1/scalar_suppression/sources/rtl/test/w17_window_core_cancel_join_r8/actual_fastpp_core_selected_cone.sv:2484:1: ... note: In file included from 'actual_fastpp_core_selected_cone.sv'
%Warning-WIDTHTRUNC: /tmp/opentallas-core-remaining-acceptance-edge-parent-20261002-r1/scalar_suppression/sources/rtl/hdc/v41/ot_hdc_isa_v41_profiles.svh:129:41: Logical operator COND expects 1 bit on the Conditional Test, but Conditional Test's VARREF 'FULL_SHAPE' generates 32 bits.
                                                                                                                                                                : ... note: In instance 'tb.core.g_cancel.u_impl'
  129 | localparam integer W_A_MIN = FULL_SHAPE ? 1 : 1;
      |                                         ^
                     /tmp/opentallas-core-remaining-acceptance-edge-parent-20261002-r1/scalar_suppression/sources/rtl/test/w17_window_core_cancel_join_r8/actual_fastpp_core_selected_cone.sv:2484:1: ... note: In file included from 'actual_fastpp_core_selected_cone.sv'
%Warning-WIDTHTRUNC: /tmp/opentallas-core-remaining-acceptance-edge-parent-20261002-r1/scalar_suppression/sources/rtl/hdc/v41/ot_hdc_isa_v41_profiles.svh:130:42: Logical operator COND expects 1 bit on the Conditional Test, but Conditional Test's VARREF 'FULL_SHAPE' generates 32 bits.
                                                                                                                                                                : ... note: In instance 'tb.core.g_cancel.u_impl'
  130 | localparam integer O_C_CLIP = FULL_SHAPE ? 965 : 777;
      |                                          ^
                     /tmp/opentallas-core-remaining-acceptance-edge-parent-20261002-r1/scalar_suppression/sources/rtl/test/w17_window_core_cancel_join_r8/actual_fastpp_core_selected_cone.sv:2484:1: ... note: In file included from 'actual_fastpp_core_selected_cone.sv'
%Warning-WIDTHTRUNC: /tmp/opentallas-core-remaining-acceptance-edge-parent-20261002-r1/scalar_suppression/sources/rtl/hdc/v41/ot_hdc_isa_v41_profiles.svh:131:42: Logical operator COND expects 1 bit on the Conditional Test, but Conditional Test's VARREF 'FULL_SHAPE' generates 32 bits.
                                                                                                                                                                : ... note: In instance 'tb.core.g_cancel.u_impl'
  131 | localparam integer W_C_CLIP = FULL_SHAPE ? 1 : 1;
      |                                          ^
                     /tmp/opentallas-core-remaining-acceptance-edge-parent-20261002-r1/scalar_suppression/sources/rtl/test/w17_window_core_cancel_join_r8/actual_fastpp_core_selected_cone.sv:2484:1: ... note: In file included from 'actual_fastpp_core_selected_cone.sv'
%Warning-WIDTHTRUNC: /tmp/opentallas-core-remaining-acceptance-edge-parent-20261002-r1/scalar_suppression/sources/rtl/hdc/v41/ot_hdc_isa_v41_profiles.svh:132:38: Logical operator COND expects 1 bit on the Conditional Test, but Conditional Test's VARREF 'FULL_SHAPE' generates 32 bits.
                                                                                                                                                                : ... note: In instance 'tb.core.g_cancel.u_impl'
  132 | localparam integer O_M1 = FULL_SHAPE ? 966 : 778;
      |                                      ^
                     /tmp/opentallas-core-remaining-acceptance-edge-parent-20261002-r1/scalar_suppression/sources/rtl/test/w17_window_core_cancel_join_r8/actual_fastpp_core_selected_cone.sv:2484:1: ... note: In file included from 'actual_fastpp_core_selected_cone.sv'
%Warning-WIDTHTRUNC: /tmp/opentallas-core-remaining-acceptance-edge-parent-20261002-r1/scalar_suppression/sources/rtl/hdc/v41/ot_hdc_isa_v41_profiles.svh:133:38: Logical operator COND expects 1 bit on the Conditional Test, but Conditional Test's VARREF 'FULL_SHAPE' generates 32 bits.
                                                                                                                                                                : ... note: In instance 'tb.core.g_cancel.u_impl'
  133 | localparam integer W_M1 = FULL_SHAPE ? 3 : 3;
      |                                      ^
                     /tmp/opentallas-core-remaining-acceptance-edge-parent-20261002-r1/scalar_suppression/sources/rtl/test/w17_window_core_cancel_join_r8/actual_fastpp_core_selected_cone.sv:2484:1: ... note: In file included from 'actual_fastpp_core_selected_cone.sv'
%Warning-WIDTHTRUNC: /tmp/opentallas-core-remaining-acceptance-edge-parent-20261002-r1/scalar_suppression/sources/rtl/hdc/v41/ot_hdc_isa_v41_profiles.svh:134:38: Logical operator COND expects 1 bit on the Conditional Test, but Conditional Test's VARREF 'FULL_SHAPE' generates 32 bits.
                                                                                                                                                                : ... note: In instance 'tb.core.g_cancel.u_impl'
  134 | localparam integer O_M2 = FULL_SHAPE ? 969 : 781;
      |                                      ^
                     /tmp/opentallas-core-remaining-acceptance-edge-parent-20261002-r1/scalar_suppression/sources/rtl/test/w17_window_core_cancel_join_r8/actual_fastpp_core_selected_cone.sv:2484:1: ... note: In file included from 'actual_fastpp_core_selected_cone.sv'
%Warning-WIDTHTRUNC: /tmp/opentallas-core-remaining-acceptance-edge-parent-20261002-r1/scalar_suppression/sources/rtl/hdc/v41/ot_hdc_isa_v41_profiles.svh:135:38: Logical operator COND expects 1 bit on the Conditional Test, but Conditional Test's VARREF 'FULL_SHAPE' generates 32 bits.
                                                                                                                                                                : ... note: In instance 'tb.core.g_cancel.u_impl'
  135 | localparam integer W_M2 = FULL_SHAPE ? 2 : 2;
      |                                      ^
                     /tmp/opentallas-core-remaining-acceptance-edge-parent-20261002-r1/scalar_suppression/sources/rtl/test/w17_window_core_cancel_join_r8/actual_fastpp_core_selected_cone.sv:2484:1: ... note: In file included from 'actual_fastpp_core_selected_cone.sv'
%Warning-WIDTHTRUNC: /tmp/opentallas-core-remaining-acceptance-edge-parent-20261002-r1/scalar_suppression/sources/rtl/hdc/v41/ot_hdc_isa_v41_profiles.svh:136:38: Logical operator COND expects 1 bit on the Conditional Test, but Conditional Test's VARREF 'FULL_SHAPE' generates 32 bits.
                                                                                                                                                                : ... note: In instance 'tb.core.g_cancel.u_impl'
  136 | localparam integer O_QM = FULL_SHAPE ? 971 : 783;
      |                                      ^
                     /tmp/opentallas-core-remaining-acceptance-edge-parent-20261002-r1/scalar_suppression/sources/rtl/test/w17_window_core_cancel_join_r8/actual_fastpp_core_selected_cone.sv:2484:1: ... note: In file included from 'actual_fastpp_core_selected_cone.sv'
%Warning-WIDTHTRUNC: /tmp/opentallas-core-remaining-acceptance-edge-parent-20261002-r1/scalar_suppression/sources/rtl/hdc/v41/ot_hdc_isa_v41_profiles.svh:137:38: Logical operator COND expects 1 bit on the Conditional Test, but Conditional Test's VARREF 'FULL_SHAPE' generates 32 bits.
                                                                                                                                                                : ... note: In instance 'tb.core.g_cancel.u_impl'
  137 | localparam integer W_QM = FULL_SHAPE ? 3 : 3;
      |                                      ^
                     /tmp/opentallas-core-remaining-acceptance-edge-parent-20261002-r1/scalar_suppression/sources/rtl/test/w17_window_core_cancel_join_r8/actual_fastpp_core_selected_cone.sv:2484:1: ... note: In file included from 'actual_fastpp_core_selected_cone.sv'
%Warning-WIDTHTRUNC: /tmp/opentallas-core-remaining-acceptance-edge-parent-20261002-r1/scalar_suppression/sources/rtl/hdc/v41/ot_hdc_isa_v41_profiles.svh:138:38: Logical operator COND expects 1 bit on the Conditional Test, but Conditional Test's VARREF 'FULL_SHAPE' generates 32 bits.
                                                                                                                                                                : ... note: In instance 'tb.core.g_cancel.u_impl'
  138 | localparam integer O_AD = FULL_SHAPE ? 974 : 786;
      |                                      ^
                     /tmp/opentallas-core-remaining-acceptance-edge-parent-20261002-r1/scalar_suppression/sources/rtl/test/w17_window_core_cancel_join_r8/actual_fastpp_core_selected_cone.sv:2484:1: ... note: In file included from 'actual_fastpp_core_selected_cone.sv'
%Warning-WIDTHTRUNC: /tmp/opentallas-core-remaining-acceptance-edge-parent-20261002-r1/scalar_suppression/sources/rtl/hdc/v41/ot_hdc_isa_v41_profiles.svh:139:38: Logical operator COND expects 1 bit on the Conditional Test, but Conditional Test's VARREF 'FULL_SHAPE' generates 32 bits.
                                                                                                                                                                : ... note: In instance 'tb.core.g_cancel.u_impl'
  139 | localparam integer W_AD = FULL_SHAPE ? 3 : 3;
      |                                      ^
                     /tmp/opentallas-core-remaining-acceptance-edge-parent-20261002-r1/scalar_suppression/sources/rtl/test/w17_window_core_cancel_join_r8/actual_fastpp_core_selected_cone.sv:2484:1: ... note: In file included from 'actual_fastpp_core_selected_cone.sv'
%Warning-WIDTHTRUNC: /tmp/opentallas-core-remaining-acceptance-edge-parent-20261002-r1/scalar_suppression/sources/rtl/hdc/v41/ot_hdc_isa_v41_profiles.svh:140:39: Logical operator COND expects 1 bit on the Conditional Test, but Conditional Test's VARREF 'FULL_SHAPE' generates 32 bits.
                                                                                                                                                                : ... note: In instance 'tb.core.g_cancel.u_impl'
  140 | localparam integer O_SFU = FULL_SHAPE ? 977 : 789;
      |                                       ^
                     /tmp/opentallas-core-remaining-acceptance-edge-parent-20261002-r1/scalar_suppression/sources/rtl/test/w17_window_core_cancel_join_r8/actual_fastpp_core_selected_cone.sv:2484:1: ... note: In file included from 'actual_fastpp_core_selected_cone.sv'
%Warning-WIDTHTRUNC: /tmp/opentallas-core-remaining-acceptance-edge-parent-20261002-r1/scalar_suppression/sources/rtl/hdc/v41/ot_hdc_isa_v41_profiles.svh:141:39: Logical operator COND expects 1 bit on the Conditional Test, but Conditional Test's VARREF 'FULL_SHAPE' generates 32 bits.
                                                                                                                                                                : ... note: In instance 'tb.core.g_cancel.u_impl'
  141 | localparam integer W_SFU = FULL_SHAPE ? 3 : 3;
      |                                       ^
                     /tmp/opentallas-core-remaining-acceptance-edge-parent-20261002-r1/scalar_suppression/sources/rtl/test/w17_window_core_cancel_join_r8/actual_fastpp_core_selected_cone.sv:2484:1: ... note: In file included from 'actual_fastpp_core_selected_cone.sv'
%Warning-WIDTHTRUNC: /tmp/opentallas-core-remaining-acceptance-edge-parent-20261002-r1/scalar_suppression/sources/rtl/hdc/v41/ot_hdc_isa_v41_profiles.svh:142:38: Logical operator COND expects 1 bit on the Conditional Test, but Conditional Test's VARREF 'FULL_SHAPE' generates 32 bits.
                                                                                                                                                                : ... note: In instance 'tb.core.g_cancel.u_impl'
  142 | localparam integer O_E1 = FULL_SHAPE ? 980 : 792;
      |                                      ^
                     /tmp/opentallas-core-remaining-acceptance-edge-parent-20261002-r1/scalar_suppression/sources/rtl/test/w17_window_core_cancel_join_r8/actual_fastpp_core_selected_cone.sv:2484:1: ... note: In file included from 'actual_fastpp_core_selected_cone.sv'
%Warning-WIDTHTRUNC: /tmp/opentallas-core-remaining-acceptance-edge-parent-20261002-r1/scalar_suppression/sources/rtl/hdc/v41/ot_hdc_isa_v41_profiles.svh:143:38: Logical operator COND expects 1 bit on the Conditional Test, but Conditional Test's VARREF 'FULL_SHAPE' generates 32 bits.
                                                                                                                                                                : ... note: In instance 'tb.core.g_cancel.u_impl'
  143 | localparam integer W_E1 = FULL_SHAPE ? 3 : 3;
      |                                      ^
                     /tmp/opentallas-core-remaining-acceptance-edge-parent-20261002-r1/scalar_suppression/sources/rtl/test/w17_window_core_cancel_join_r8/actual_fastpp_core_selected_cone.sv:2484:1: ... note: In file included from 'actual_fastpp_core_selected_cone.sv'
%Warning-WIDTHTRUNC: /tmp/opentallas-core-remaining-acceptance-edge-parent-20261002-r1/scalar_suppression/sources/rtl/hdc/v41/ot_hdc_isa_v41_profiles.svh:144:38: Logical operator COND expects 1 bit on the Conditional Test, but Conditional Test's VARREF 'FULL_SHAPE' generates 32 bits.
                                                                                                                                                                : ... note: In instance 'tb.core.g_cancel.u_impl'
  144 | localparam integer O_E2 = FULL_SHAPE ? 983 : 795;
      |                                      ^
                     /tmp/opentallas-core-remaining-acceptance-edge-parent-20261002-r1/scalar_suppression/sources/rtl/test/w17_window_core_cancel_join_r8/actual_fastpp_core_selected_cone.sv:2484:1: ... note: In file included from 'actual_fastpp_core_selected_cone.sv'
%Warning-WIDTHTRUNC: /tmp/opentallas-core-remaining-acceptance-edge-parent-20261002-r1/scalar_suppression/sources/rtl/hdc/v41/ot_hdc_isa_v41_profiles.svh:145:38: Logical operator COND expects 1 bit on the Conditional Test, but Conditional Test's VARREF 'FULL_SHAPE' generates 32 bits.
                                                                                                                                                                : ... note: In instance 'tb.core.g_cancel.u_impl'
  145 | localparam integer W_E2 = FULL_SHAPE ? 2 : 2;
      |                                      ^
                     /tmp/opentallas-core-remaining-acceptance-edge-parent-20261002-r1/scalar_suppression/sources/rtl/test/w17_window_core_cancel_join_r8/actual_fastpp_core_selected_cone.sv:2484:1: ... note: In file included from 'actual_fastpp_core_selected_cone.sv'
%Warning-WIDTHTRUNC: /tmp/opentallas-core-remaining-acceptance-edge-parent-20261002-r1/scalar_suppression/sources/rtl/hdc/v41/ot_hdc_isa_v41_profiles.svh:146:39: Logical operator COND expects 1 bit on the Conditional Test, but Conditional Test's VARREF 'FULL_SHAPE' generates 32 bits.
                                                                                                                                                                : ... note: In instance 'tb.core.g_cancel.u_impl'
  146 | localparam integer O_RND = FULL_SHAPE ? 985 : 797;
      |                                       ^
                     /tmp/opentallas-core-remaining-acceptance-edge-parent-20261002-r1/scalar_suppression/sources/rtl/test/w17_window_core_cancel_join_r8/actual_fastpp_core_selected_cone.sv:2484:1: ... note: In file included from 'actual_fastpp_core_selected_cone.sv'
%Warning-WIDTHTRUNC: /tmp/opentallas-core-remaining-acceptance-edge-parent-20261002-r1/scalar_suppression/sources/rtl/hdc/v41/ot_hdc_isa_v41_profiles.svh:147:39: Logical operator COND expects 1 bit on the Conditional Test, but Conditional Test's VARREF 'FULL_SHAPE' generates 32 bits.
                                                                                                                                                                : ... note: In instance 'tb.core.g_cancel.u_impl'
  147 | localparam integer W_RND = FULL_SHAPE ? 1 : 1;
      |                                       ^
                     /tmp/opentallas-core-remaining-acceptance-edge-parent-20261002-r1/scalar_suppression/sources/rtl/test/w17_window_core_cancel_join_r8/actual_fastpp_core_selected_cone.sv:2484:1: ... note: In file included from 'actual_fastpp_core_selected_cone.sv'
%Warning-WIDTHTRUNC: /tmp/opentallas-core-remaining-acceptance-edge-parent-20261002-r1/scalar_suppression/sources/rtl/hdc/v41/ot_hdc_isa_v41_profiles.svh:148:39: Logical operator COND expects 1 bit on the Conditional Test, but Conditional Test's VARREF 'FULL_SHAPE' generates 32 bits.
                                                                                                                                                                : ... note: In instance 'tb.core.g_cancel.u_impl'
  148 | localparam integer O_DST = FULL_SHAPE ? 986 : 798;
      |                                       ^
                     /tmp/opentallas-core-remaining-acceptance-edge-parent-20261002-r1/scalar_suppression/sources/rtl/test/w17_window_core_cancel_join_r8/actual_fastpp_core_selected_cone.sv:2484:1: ... note: In file included from 'actual_fastpp_core_selected_cone.sv'
%Warning-WIDTHTRUNC: /tmp/opentallas-core-remaining-acceptance-edge-parent-20261002-r1/scalar_suppression/sources/rtl/hdc/v41/ot_hdc_isa_v41_profiles.svh:149:39: Logical operator COND expects 1 bit on the Conditional Test, but Conditional Test's VARREF 'FULL_SHAPE' generates 32 bits.
                                                                                                                                                                : ... note: In instance 'tb.core.g_cancel.u_impl'
  149 | localparam integer W_DST = FULL_SHAPE ? 2 : 2;
      |                                       ^
                     /tmp/opentallas-core-remaining-acceptance-edge-parent-20261002-r1/scalar_suppression/sources/rtl/test/w17_window_core_cancel_join_r8/actual_fastpp_core_selected_cone.sv:2484:1: ... note: In file included from 'actual_fastpp_core_selected_cone.sv'
%Warning-WIDTHTRUNC: /tmp/opentallas-core-remaining-acceptance-edge-parent-20261002-r1/scalar_suppression/sources/rtl/hdc/v41/ot_hdc_isa_v41_profiles.svh:150:42: Logical operator COND expects 1 bit on the Conditional Test, but Conditional Test's VARREF 'FULL_SHAPE' generates 32 bits.
                                                                                                                                                                : ... note: In instance 'tb.core.g_cancel.u_impl'
  150 | localparam integer O_O_BASE = FULL_SHAPE ? 988 : 800;
      |                                          ^
                     /tmp/opentallas-core-remaining-acceptance-edge-parent-20261002-r1/scalar_suppression/sources/rtl/test/w17_window_core_cancel_join_r8/actual_fastpp_core_selected_cone.sv:2484:1: ... note: In file included from 'actual_fastpp_core_selected_cone.sv'
%Warning-WIDTHTRUNC: /tmp/opentallas-core-remaining-acceptance-edge-parent-20261002-r1/scalar_suppression/sources/rtl/hdc/v41/ot_hdc_isa_v41_profiles.svh:151:42: Logical operator COND expects 1 bit on the Conditional Test, but Conditional Test's VARREF 'FULL_SHAPE' generates 32 bits.
                                                                                                                                                                : ... note: In instance 'tb.core.g_cancel.u_impl'
  151 | localparam integer W_O_BASE = FULL_SHAPE ? 30 : 24;
      |                                          ^
                     /tmp/opentallas-core-remaining-acceptance-edge-parent-20261002-r1/scalar_suppression/sources/rtl/test/w17_window_core_cancel_join_r8/actual_fastpp_core_selected_cone.sv:2484:1: ... note: In file included from 'actual_fastpp_core_selected_cone.sv'
%Warning-WIDTHTRUNC: /tmp/opentallas-core-remaining-acceptance-edge-parent-20261002-r1/scalar_suppression/sources/rtl/hdc/v41/ot_hdc_isa_v41_profiles.svh:152:40: Logical operator COND expects 1 bit on the Conditional Test, but Conditional Test's VARREF 'FULL_SHAPE' generates 32 bits.
                                                                                                                                                                : ... note: In instance 'tb.core.g_cancel.u_impl'
  152 | localparam integer O_O_SO = FULL_SHAPE ? 1018 : 824;
      |                                        ^
                     /tmp/opentallas-core-remaining-acceptance-edge-parent-20261002-r1/scalar_suppression/sources/rtl/test/w17_window_core_cancel_join_r8/actual_fastpp_core_selected_cone.sv:2484:1: ... note: In file included from 'actual_fastpp_core_selected_cone.sv'
%Warning-WIDTHTRUNC: /tmp/opentallas-core-remaining-acceptance-edge-parent-20261002-r1/scalar_suppression/sources/rtl/hdc/v41/ot_hdc_isa_v41_profiles.svh:153:40: Logical operator COND expects 1 bit on the Conditional Test, but Conditional Test's VARREF 'FULL_SHAPE' generates 32 bits.
                                                                                                                                                                : ... note: In instance 'tb.core.g_cancel.u_impl'
  153 | localparam integer W_O_SO = FULL_SHAPE ? 30 : 24;
      |                                        ^
                     /tmp/opentallas-core-remaining-acceptance-edge-parent-20261002-r1/scalar_suppression/sources/rtl/test/w17_window_core_cancel_join_r8/actual_fastpp_core_selected_cone.sv:2484:1: ... note: In file included from 'actual_fastpp_core_selected_cone.sv'
%Warning-WIDTHTRUNC: /tmp/opentallas-core-remaining-acceptance-edge-parent-20261002-r1/scalar_suppression/sources/rtl/hdc/v41/ot_hdc_isa_v41_profiles.svh:154:40: Logical operator COND expects 1 bit on the Conditional Test, but Conditional Test's VARREF 'FULL_SHAPE' generates 32 bits.
                                                                                                                                                                : ... note: In instance 'tb.core.g_cancel.u_impl'
  154 | localparam integer O_O_SI = FULL_SHAPE ? 1048 : 848;
      |                                        ^
                     /tmp/opentallas-core-remaining-acceptance-edge-parent-20261002-r1/scalar_suppression/sources/rtl/test/w17_window_core_cancel_join_r8/actual_fastpp_core_selected_cone.sv:2484:1: ... note: In file included from 'actual_fastpp_core_selected_cone.sv'
%Warning-WIDTHTRUNC: /tmp/opentallas-core-remaining-acceptance-edge-parent-20261002-r1/scalar_suppression/sources/rtl/hdc/v41/ot_hdc_isa_v41_profiles.svh:155:40: Logical operator COND expects 1 bit on the Conditional Test, but Conditional Test's VARREF 'FULL_SHAPE' generates 32 bits.
                                                                                                                                                                : ... note: In instance 'tb.core.g_cancel.u_impl'
  155 | localparam integer W_O_SI = FULL_SHAPE ? 30 : 24;
      |                                        ^
                     /tmp/opentallas-core-remaining-acceptance-edge-parent-20261002-r1/scalar_suppression/sources/rtl/test/w17_window_core_cancel_join_r8/actual_fastpp_core_selected_cone.sv:2484:1: ... note: In file included from 'actual_fastpp_core_selected_cone.sv'
%Warning-WIDTHTRUNC: /tmp/opentallas-core-remaining-acceptance-edge-parent-20261002-r1/scalar_suppression/sources/rtl/hdc/v41/ot_hdc_isa_v41_profiles.svh:156:39: Logical operator COND expects 1 bit on the Conditional Test, but Conditional Test's VARREF 'FULL_SHAPE' generates 32 bits.
                                                                                                                                                                : ... note: In instance 'tb.core.g_cancel.u_impl'
  156 | localparam integer O_O_D = FULL_SHAPE ? 1078 : 872;
      |                                       ^
                     /tmp/opentallas-core-remaining-acceptance-edge-parent-20261002-r1/scalar_suppression/sources/rtl/test/w17_window_core_cancel_join_r8/actual_fastpp_core_selected_cone.sv:2484:1: ... note: In file included from 'actual_fastpp_core_selected_cone.sv'
%Warning-WIDTHTRUNC: /tmp/opentallas-core-remaining-acceptance-edge-parent-20261002-r1/scalar_suppression/sources/rtl/hdc/v41/ot_hdc_isa_v41_profiles.svh:157:39: Logical operator COND expects 1 bit on the Conditional Test, but Conditional Test's VARREF 'FULL_SHAPE' generates 32 bits.
                                                                                                                                                                : ... note: In instance 'tb.core.g_cancel.u_impl'
  157 | localparam integer W_O_D = FULL_SHAPE ? 6 : 5;
      |                                       ^
                     /tmp/opentallas-core-remaining-acceptance-edge-parent-20261002-r1/scalar_suppression/sources/rtl/test/w17_window_core_cancel_join_r8/actual_fastpp_core_selected_cone.sv:2484:1: ... note: In file included from 'actual_fastpp_core_selected_cone.sv'
%Warning-WIDTHTRUNC: /tmp/opentallas-core-remaining-acceptance-edge-parent-20261002-r1/scalar_suppression/sources/rtl/hdc/v41/ot_hdc_isa_v41_profiles.svh:158:39: Logical operator COND expects 1 bit on the Conditional Test, but Conditional Test's VARREF 'FULL_SHAPE' generates 32 bits.
                                                                                                                                                                : ... note: In instance 'tb.core.g_cancel.u_impl'
  158 | localparam integer O_RED = FULL_SHAPE ? 1084 : 877;
      |                                       ^
                     /tmp/opentallas-core-remaining-acceptance-edge-parent-20261002-r1/scalar_suppression/sources/rtl/test/w17_window_core_cancel_join_r8/actual_fastpp_core_selected_cone.sv:2484:1: ... note: In file included from 'actual_fastpp_core_selected_cone.sv'
%Warning-WIDTHTRUNC: /tmp/opentallas-core-remaining-acceptance-edge-parent-20261002-r1/scalar_suppression/sources/rtl/hdc/v41/ot_hdc_isa_v41_profiles.svh:159:39: Logical operator COND expects 1 bit on the Conditional Test, but Conditional Test's VARREF 'FULL_SHAPE' generates 32 bits.
                                                                                                                                                                : ... note: In instance 'tb.core.g_cancel.u_impl'
  159 | localparam integer W_RED = FULL_SHAPE ? 2 : 2;
      |                                       ^
                     /tmp/opentallas-core-remaining-acceptance-edge-parent-20261002-r1/scalar_suppression/sources/rtl/test/w17_window_core_cancel_join_r8/actual_fastpp_core_selected_cone.sv:2484:1: ... note: In file included from 'actual_fastpp_core_selected_cone.sv'
%Warning-WIDTHTRUNC: /tmp/opentallas-core-remaining-acceptance-edge-parent-20261002-r1/scalar_suppression/sources/rtl/hdc/v41/ot_hdc_isa_v41_profiles.svh:160:42: Logical operator COND expects 1 bit on the Conditional Test, but Conditional Test's VARREF 'FULL_SHAPE' generates 32 bits.
                                                                                                                                                                : ... note: In instance 'tb.core.g_cancel.u_impl'
  160 | localparam integer O_RED_SQ = FULL_SHAPE ? 1086 : 879;
      |                                          ^
                     /tmp/opentallas-core-remaining-acceptance-edge-parent-20261002-r1/scalar_suppression/sources/rtl/test/w17_window_core_cancel_join_r8/actual_fastpp_core_selected_cone.sv:2484:1: ... note: In file included from 'actual_fastpp_core_selected_cone.sv'
%Warning-WIDTHTRUNC: /tmp/opentallas-core-remaining-acceptance-edge-parent-20261002-r1/scalar_suppression/sources/rtl/hdc/v41/ot_hdc_isa_v41_profiles.svh:161:42: Logical operator COND expects 1 bit on the Conditional Test, but Conditional Test's VARREF 'FULL_SHAPE' generates 32 bits.
                                                                                                                                                                : ... note: In instance 'tb.core.g_cancel.u_impl'
  161 | localparam integer W_RED_SQ = FULL_SHAPE ? 1 : 1;
      |                                          ^
                     /tmp/opentallas-core-remaining-acceptance-edge-parent-20261002-r1/scalar_suppression/sources/rtl/test/w17_window_core_cancel_join_r8/actual_fastpp_core_selected_cone.sv:2484:1: ... note: In file included from 'actual_fastpp_core_selected_cone.sv'
%Warning-WIDTHTRUNC: /tmp/opentallas-core-remaining-acceptance-edge-parent-20261002-r1/scalar_suppression/sources/rtl/hdc/v41/ot_hdc_isa_v41_profiles.svh:162:45: Logical operator COND expects 1 bit on the Conditional Test, but Conditional Test's VARREF 'FULL_SHAPE' generates 32 bits.
                                                                                                                                                                : ... note: In instance 'tb.core.g_cancel.u_impl'
  162 | localparam integer O_RED_WHOLE = FULL_SHAPE ? 1087 : 880;
      |                                             ^
                     /tmp/opentallas-core-remaining-acceptance-edge-parent-20261002-r1/scalar_suppression/sources/rtl/test/w17_window_core_cancel_join_r8/actual_fastpp_core_selected_cone.sv:2484:1: ... note: In file included from 'actual_fastpp_core_selected_cone.sv'
%Warning-WIDTHTRUNC: /tmp/opentallas-core-remaining-acceptance-edge-parent-20261002-r1/scalar_suppression/sources/rtl/hdc/v41/ot_hdc_isa_v41_profiles.svh:163:45: Logical operator COND expects 1 bit on the Conditional Test, but Conditional Test's VARREF 'FULL_SHAPE' generates 32 bits.
                                                                                                                                                                : ... note: In instance 'tb.core.g_cancel.u_impl'
  163 | localparam integer W_RED_WHOLE = FULL_SHAPE ? 1 : 1;
      |                                             ^
                     /tmp/opentallas-core-remaining-acceptance-edge-parent-20261002-r1/scalar_suppression/sources/rtl/test/w17_window_core_cancel_join_r8/actual_fastpp_core_selected_cone.sv:2484:1: ... note: In file included from 'actual_fastpp_core_selected_cone.sv'
%Warning-WIDTHTRUNC: /tmp/opentallas-core-remaining-acceptance-edge-parent-20261002-r1/scalar_suppression/sources/rtl/hdc/v41/ot_hdc_isa_v41_profiles.svh:164:43: Logical operator COND expects 1 bit on the Conditional Test, but Conditional Test's VARREF 'FULL_SHAPE' generates 32 bits.
                                                                                                                                                                : ... note: In instance 'tb.core.g_cancel.u_impl'
  164 | localparam integer O_RED_RND = FULL_SHAPE ? 1088 : 881;
      |                                           ^
                     /tmp/opentallas-core-remaining-acceptance-edge-parent-20261002-r1/scalar_suppression/sources/rtl/test/w17_window_core_cancel_join_r8/actual_fastpp_core_selected_cone.sv:2484:1: ... note: In file included from 'actual_fastpp_core_selected_cone.sv'
%Warning-WIDTHTRUNC: /tmp/opentallas-core-remaining-acceptance-edge-parent-20261002-r1/scalar_suppression/sources/rtl/hdc/v41/ot_hdc_isa_v41_profiles.svh:165:43: Logical operator COND expects 1 bit on the Conditional Test, but Conditional Test's VARREF 'FULL_SHAPE' generates 32 bits.
                                                                                                                                                                : ... note: In instance 'tb.core.g_cancel.u_impl'
  165 | localparam integer W_RED_RND = FULL_SHAPE ? 1 : 1;
      |                                           ^
                     /tmp/opentallas-core-remaining-acceptance-edge-parent-20261002-r1/scalar_suppression/sources/rtl/test/w17_window_core_cancel_join_r8/actual_fastpp_core_selected_cone.sv:2484:1: ... note: In file included from 'actual_fastpp_core_selected_cone.sv'
%Warning-WIDTHTRUNC: /tmp/opentallas-core-remaining-acceptance-edge-parent-20261002-r1/scalar_suppression/sources/rtl/hdc/v41/ot_hdc_isa_v41_profiles.svh:166:42: Logical operator COND expects 1 bit on the Conditional Test, but Conditional Test's VARREF 'FULL_SHAPE' generates 32 bits.
                                                                                                                                                                : ... note: In instance 'tb.core.g_cancel.u_impl'
  166 | localparam integer O_R_BASE = FULL_SHAPE ? 1089 : 882;
      |                                          ^
                     /tmp/opentallas-core-remaining-acceptance-edge-parent-20261002-r1/scalar_suppression/sources/rtl/test/w17_window_core_cancel_join_r8/actual_fastpp_core_selected_cone.sv:2484:1: ... note: In file included from 'actual_fastpp_core_selected_cone.sv'
%Warning-WIDTHTRUNC: /tmp/opentallas-core-remaining-acceptance-edge-parent-20261002-r1/scalar_suppression/sources/rtl/hdc/v41/ot_hdc_isa_v41_profiles.svh:167:42: Logical operator COND expects 1 bit on the Conditional Test, but Conditional Test's VARREF 'FULL_SHAPE' generates 32 bits.
                                                                                                                                                                : ... note: In instance 'tb.core.g_cancel.u_impl'
  167 | localparam integer W_R_BASE = FULL_SHAPE ? 30 : 24;
      |                                          ^
                     /tmp/opentallas-core-remaining-acceptance-edge-parent-20261002-r1/scalar_suppression/sources/rtl/test/w17_window_core_cancel_join_r8/actual_fastpp_core_selected_cone.sv:2484:1: ... note: In file included from 'actual_fastpp_core_selected_cone.sv'
%Warning-WIDTHTRUNC: /tmp/opentallas-core-remaining-acceptance-edge-parent-20261002-r1/scalar_suppression/sources/rtl/hdc/v41/ot_hdc_isa_v41_profiles.svh:168:40: Logical operator COND expects 1 bit on the Conditional Test, but Conditional Test's VARREF 'FULL_SHAPE' generates 32 bits.
                                                                                                                                                                : ... note: In instance 'tb.core.g_cancel.u_impl'
  168 | localparam integer O_R_SO = FULL_SHAPE ? 1119 : 906;
      |                                        ^
                     /tmp/opentallas-core-remaining-acceptance-edge-parent-20261002-r1/scalar_suppression/sources/rtl/test/w17_window_core_cancel_join_r8/actual_fastpp_core_selected_cone.sv:2484:1: ... note: In file included from 'actual_fastpp_core_selected_cone.sv'
%Warning-WIDTHTRUNC: /tmp/opentallas-core-remaining-acceptance-edge-parent-20261002-r1/scalar_suppression/sources/rtl/hdc/v41/ot_hdc_isa_v41_profiles.svh:169:40: Logical operator COND expects 1 bit on the Conditional Test, but Conditional Test's VARREF 'FULL_SHAPE' generates 32 bits.
                                                                                                                                                                : ... note: In instance 'tb.core.g_cancel.u_impl'
  169 | localparam integer W_R_SO = FULL_SHAPE ? 30 : 24;
      |                                        ^
                     /tmp/opentallas-core-remaining-acceptance-edge-parent-20261002-r1/scalar_suppression/sources/rtl/test/w17_window_core_cancel_join_r8/actual_fastpp_core_selected_cone.sv:2484:1: ... note: In file included from 'actual_fastpp_core_selected_cone.sv'
%Warning-WIDTHTRUNC: /tmp/opentallas-core-remaining-acceptance-edge-parent-20261002-r1/scalar_suppression/sources/rtl/hdc/v41/ot_hdc_isa_v41_profiles.svh:170:40: Logical operator COND expects 1 bit on the Conditional Test, but Conditional Test's VARREF 'FULL_SHAPE' generates 32 bits.
                                                                                                                                                                : ... note: In instance 'tb.core.g_cancel.u_impl'
  170 | localparam integer O_IMM1 = FULL_SHAPE ? 1149 : 930;
      |                                        ^
                     /tmp/opentallas-core-remaining-acceptance-edge-parent-20261002-r1/scalar_suppression/sources/rtl/test/w17_window_core_cancel_join_r8/actual_fastpp_core_selected_cone.sv:2484:1: ... note: In file included from 'actual_fastpp_core_selected_cone.sv'
%Warning-WIDTHTRUNC: /tmp/opentallas-core-remaining-acceptance-edge-parent-20261002-r1/scalar_suppression/sources/rtl/hdc/v41/ot_hdc_isa_v41_profiles.svh:171:40: Logical operator COND expects 1 bit on the Conditional Test, but Conditional Test's VARREF 'FULL_SHAPE' generates 32 bits.
                                                                                                                                                                : ... note: In instance 'tb.core.g_cancel.u_impl'
  171 | localparam integer W_IMM1 = FULL_SHAPE ? 32 : 32;
      |                                        ^
                     /tmp/opentallas-core-remaining-acceptance-edge-parent-20261002-r1/scalar_suppression/sources/rtl/test/w17_window_core_cancel_join_r8/actual_fastpp_core_selected_cone.sv:2484:1: ... note: In file included from 'actual_fastpp_core_selected_cone.sv'
%Warning-WIDTHTRUNC: /tmp/opentallas-core-remaining-acceptance-edge-parent-20261002-r1/scalar_suppression/sources/rtl/hdc/v41/ot_hdc_isa_v41_profiles.svh:172:40: Logical operator COND expects 1 bit on the Conditional Test, but Conditional Test's VARREF 'FULL_SHAPE' generates 32 bits.
                                                                                                                                                                : ... note: In instance 'tb.core.g_cancel.u_impl'
  172 | localparam integer O_IMM2 = FULL_SHAPE ? 1181 : 962;
      |                                        ^
                     /tmp/opentallas-core-remaining-acceptance-edge-parent-20261002-r1/scalar_suppression/sources/rtl/test/w17_window_core_cancel_join_r8/actual_fastpp_core_selected_cone.sv:2484:1: ... note: In file included from 'actual_fastpp_core_selected_cone.sv'
%Warning-WIDTHTRUNC: /tmp/opentallas-core-remaining-acceptance-edge-parent-20261002-r1/scalar_suppression/sources/rtl/hdc/v41/ot_hdc_isa_v41_profiles.svh:173:40: Logical operator COND expects 1 bit on the Conditional Test, but Conditional Test's VARREF 'FULL_SHAPE' generates 32 bits.
                                                                                                                                                                : ... note: In instance 'tb.core.g_cancel.u_impl'
  173 | localparam integer W_IMM2 = FULL_SHAPE ? 32 : 32;
      |                                        ^
                     /tmp/opentallas-core-remaining-acceptance-edge-parent-20261002-r1/scalar_suppression/sources/rtl/test/w17_window_core_cancel_join_r8/actual_fastpp_core_selected_cone.sv:2484:1: ... note: In file included from 'actual_fastpp_core_selected_cone.sv'
%Warning-WIDTHTRUNC: /tmp/opentallas-core-remaining-acceptance-edge-parent-20261002-r1/scalar_suppression/sources/rtl/hdc/v41/ot_hdc_isa_v41_profiles.svh:174:40: Logical operator COND expects 1 bit on the Conditional Test, but Conditional Test's VARREF 'FULL_SHAPE' generates 32 bits.
                                                                                                                                                                : ... note: In instance 'tb.core.g_cancel.u_impl'
  174 | localparam integer O_IMM3 = FULL_SHAPE ? 1213 : 994;
      |                                        ^
                     /tmp/opentallas-core-remaining-acceptance-edge-parent-20261002-r1/scalar_suppression/sources/rtl/test/w17_window_core_cancel_join_r8/actual_fastpp_core_selected_cone.sv:2484:1: ... note: In file included from 'actual_fastpp_core_selected_cone.sv'
%Warning-WIDTHTRUNC: /tmp/opentallas-core-remaining-acceptance-edge-parent-20261002-r1/scalar_suppression/sources/rtl/hdc/v41/ot_hdc_isa_v41_profiles.svh:175:40: Logical operator COND expects 1 bit on the Conditional Test, but Conditional Test's VARREF 'FULL_SHAPE' generates 32 bits.
                                                                                                                                                                : ... note: In instance 'tb.core.g_cancel.u_impl'
  175 | localparam integer W_IMM3 = FULL_SHAPE ? 32 : 32;
      |                                        ^
                     /tmp/opentallas-core-remaining-acceptance-edge-parent-20261002-r1/scalar_suppression/sources/rtl/test/w17_window_core_cancel_join_r8/actual_fastpp_core_selected_cone.sv:2484:1: ... note: In file included from 'actual_fastpp_core_selected_cone.sv'
%Warning-WIDTHTRUNC: /tmp/opentallas-core-remaining-acceptance-edge-parent-20261002-r1/scalar_suppression/sources/rtl/hdc/v41/ot_hdc_isa_v41_profiles.svh:176:43: Logical operator COND expects 1 bit on the Conditional Test, but Conditional Test's VARREF 'FULL_SHAPE' generates 32 bits.
                                                                                                                                                                : ... note: In instance 'tb.core.g_cancel.u_impl'
  176 | localparam integer O_QE_MODE = FULL_SHAPE ? 1245 : 1026;
      |                                           ^
                     /tmp/opentallas-core-remaining-acceptance-edge-parent-20261002-r1/scalar_suppression/sources/rtl/test/w17_window_core_cancel_join_r8/actual_fastpp_core_selected_cone.sv:2484:1: ... note: In file included from 'actual_fastpp_core_selected_cone.sv'
%Warning-WIDTHTRUNC: /tmp/opentallas-core-remaining-acceptance-edge-parent-20261002-r1/scalar_suppression/sources/rtl/hdc/v41/ot_hdc_isa_v41_profiles.svh:177:43: Logical operator COND expects 1 bit on the Conditional Test, but Conditional Test's VARREF 'FULL_SHAPE' generates 32 bits.
                                                                                                                                                                : ... note: In instance 'tb.core.g_cancel.u_impl'
  177 | localparam integer W_QE_MODE = FULL_SHAPE ? 2 : 2;
      |                                           ^
                     /tmp/opentallas-core-remaining-acceptance-edge-parent-20261002-r1/scalar_suppression/sources/rtl/test/w17_window_core_cancel_join_r8/actual_fastpp_core_selected_cone.sv:2484:1: ... note: In file included from 'actual_fastpp_core_selected_cone.sv'
%Warning-WIDTHTRUNC: /tmp/opentallas-core-remaining-acceptance-edge-parent-20261002-r1/scalar_suppression/sources/rtl/hdc/v41/ot_hdc_isa_v41_profiles.svh:178:42: Logical operator COND expects 1 bit on the Conditional Test, but Conditional Test's VARREF 'FULL_SHAPE' generates 32 bits.
                                                                                                                                                                : ... note: In instance 'tb.core.g_cancel.u_impl'
  178 | localparam integer O_QE_FP4 = FULL_SHAPE ? 1247 : 1028;
      |                                          ^
                     /tmp/opentallas-core-remaining-acceptance-edge-parent-20261002-r1/scalar_suppression/sources/rtl/test/w17_window_core_cancel_join_r8/actual_fastpp_core_selected_cone.sv:2484:1: ... note: In file included from 'actual_fastpp_core_selected_cone.sv'
%Warning-WIDTHTRUNC: /tmp/opentallas-core-remaining-acceptance-edge-parent-20261002-r1/scalar_suppression/sources/rtl/hdc/v41/ot_hdc_isa_v41_profiles.svh:179:42: Logical operator COND expects 1 bit on the Conditional Test, but Conditional Test's VARREF 'FULL_SHAPE' generates 32 bits.
                                                                                                                                                                : ... note: In instance 'tb.core.g_cancel.u_impl'
  179 | localparam integer W_QE_FP4 = FULL_SHAPE ? 1 : 1;
      |                                          ^
                     /tmp/opentallas-core-remaining-acceptance-edge-parent-20261002-r1/scalar_suppression/sources/rtl/test/w17_window_core_cancel_join_r8/actual_fastpp_core_selected_cone.sv:2484:1: ... note: In file included from 'actual_fastpp_core_selected_cone.sv'
%Warning-WIDTHTRUNC: /tmp/opentallas-core-remaining-acceptance-edge-parent-20261002-r1/scalar_suppression/sources/rtl/hdc/v41/ot_hdc_isa_v41_profiles.svh:180:44: Logical operator COND expects 1 bit on the Conditional Test, but Conditional Test's VARREF 'FULL_SHAPE' generates 32 bits.
                                                                                                                                                                : ... note: In instance 'tb.core.g_cancel.u_impl'
  180 | localparam integer O_QE_XBASE = FULL_SHAPE ? 1248 : 1029;
      |                                            ^
                     /tmp/opentallas-core-remaining-acceptance-edge-parent-20261002-r1/scalar_suppression/sources/rtl/test/w17_window_core_cancel_join_r8/actual_fastpp_core_selected_cone.sv:2484:1: ... note: In file included from 'actual_fastpp_core_selected_cone.sv'
%Warning-WIDTHTRUNC: /tmp/opentallas-core-remaining-acceptance-edge-parent-20261002-r1/scalar_suppression/sources/rtl/hdc/v41/ot_hdc_isa_v41_profiles.svh:181:44: Logical operator COND expects 1 bit on the Conditional Test, but Conditional Test's VARREF 'FULL_SHAPE' generates 32 bits.
                                                                                                                                                                : ... note: In instance 'tb.core.g_cancel.u_impl'
  181 | localparam integer W_QE_XBASE = FULL_SHAPE ? 30 : 24;
      |                                            ^
                     /tmp/opentallas-core-remaining-acceptance-edge-parent-20261002-r1/scalar_suppression/sources/rtl/test/w17_window_core_cancel_join_r8/actual_fastpp_core_selected_cone.sv:2484:1: ... note: In file included from 'actual_fastpp_core_selected_cone.sv'
%Warning-WIDTHTRUNC: /tmp/opentallas-core-remaining-acceptance-edge-parent-20261002-r1/scalar_suppression/sources/rtl/hdc/v41/ot_hdc_isa_v41_profiles.svh:182:41: Logical operator COND expects 1 bit on the Conditional Test, but Conditional Test's VARREF 'FULL_SHAPE' generates 32 bits.
                                                                                                                                                                : ... note: In instance 'tb.core.g_cancel.u_impl'
  182 | localparam integer O_QE_NB = FULL_SHAPE ? 1278 : 1053;
      |                                         ^
                     /tmp/opentallas-core-remaining-acceptance-edge-parent-20261002-r1/scalar_suppression/sources/rtl/test/w17_window_core_cancel_join_r8/actual_fastpp_core_selected_cone.sv:2484:1: ... note: In file included from 'actual_fastpp_core_selected_cone.sv'
%Warning-WIDTHTRUNC: /tmp/opentallas-core-remaining-acceptance-edge-parent-20261002-r1/scalar_suppression/sources/rtl/hdc/v41/ot_hdc_isa_v41_profiles.svh:183:41: Logical operator COND expects 1 bit on the Conditional Test, but Conditional Test's VARREF 'FULL_SHAPE' generates 32 bits.
                                                                                                                                                                : ... note: In instance 'tb.core.g_cancel.u_impl'
  183 | localparam integer W_QE_NB = FULL_SHAPE ? 8 : 8;
      |                                         ^
                     /tmp/opentallas-core-remaining-acceptance-edge-parent-20261002-r1/scalar_suppression/sources/rtl/test/w17_window_core_cancel_join_r8/actual_fastpp_core_selected_cone.sv:2484:1: ... note: In file included from 'actual_fastpp_core_selected_cone.sv'
%Warning-WIDTHTRUNC: /tmp/opentallas-core-remaining-acceptance-edge-parent-20261002-r1/scalar_suppression/sources/rtl/hdc/v41/ot_hdc_isa_v41_profiles.svh:184:43: Logical operator COND expects 1 bit on the Conditional Test, but Conditional Test's VARREF 'FULL_SHAPE' generates 32 bits.
                                                                                                                                                                : ... note: In instance 'tb.core.g_cancel.u_impl'
  184 | localparam integer O_QE_NOUT = FULL_SHAPE ? 1286 : 1061;
      |                                           ^
                     /tmp/opentallas-core-remaining-acceptance-edge-parent-20261002-r1/scalar_suppression/sources/rtl/test/w17_window_core_cancel_join_r8/actual_fastpp_core_selected_cone.sv:2484:1: ... note: In file included from 'actual_fastpp_core_selected_cone.sv'
%Warning-WIDTHTRUNC: /tmp/opentallas-core-remaining-acceptance-edge-parent-20261002-r1/scalar_suppression/sources/rtl/hdc/v41/ot_hdc_isa_v41_profiles.svh:185:43: Logical operator COND expects 1 bit on the Conditional Test, but Conditional Test's VARREF 'FULL_SHAPE' generates 32 bits.
                                                                                                                                                                : ... note: In instance 'tb.core.g_cancel.u_impl'
  185 | localparam integer W_QE_NOUT = FULL_SHAPE ? 21 : 16;
      |                                           ^
                     /tmp/opentallas-core-remaining-acceptance-edge-parent-20261002-r1/scalar_suppression/sources/rtl/test/w17_window_core_cancel_join_r8/actual_fastpp_core_selected_cone.sv:2484:1: ... note: In file included from 'actual_fastpp_core_selected_cone.sv'
%Warning-WIDTHTRUNC: /tmp/opentallas-core-remaining-acceptance-edge-parent-20261002-r1/scalar_suppression/sources/rtl/hdc/v41/ot_hdc_isa_v41_profiles.svh:186:44: Logical operator COND expects 1 bit on the Conditional Test, but Conditional Test's VARREF 'FULL_SHAPE' generates 32 bits.
                                                                                                                                                                : ... note: In instance 'tb.core.g_cancel.u_impl'
  186 | localparam integer O_QE_TILES = FULL_SHAPE ? 1307 : 1077;
      |                                            ^
                     /tmp/opentallas-core-remaining-acceptance-edge-parent-20261002-r1/scalar_suppression/sources/rtl/test/w17_window_core_cancel_join_r8/actual_fastpp_core_selected_cone.sv:2484:1: ... note: In file included from 'actual_fastpp_core_selected_cone.sv'
%Warning-WIDTHTRUNC: /tmp/opentallas-core-remaining-acceptance-edge-parent-20261002-r1/scalar_suppression/sources/rtl/hdc/v41/ot_hdc_isa_v41_profiles.svh:187:44: Logical operator COND expects 1 bit on the Conditional Test, but Conditional Test's VARREF 'FULL_SHAPE' generates 32 bits.
                                                                                                                                                                : ... note: In instance 'tb.core.g_cancel.u_impl'
  187 | localparam integer W_QE_TILES = FULL_SHAPE ? 21 : 16;
      |                                            ^
                     /tmp/opentallas-core-remaining-acceptance-edge-parent-20261002-r1/scalar_suppression/sources/rtl/test/w17_window_core_cancel_join_r8/actual_fastpp_core_selected_cone.sv:2484:1: ... note: In file included from 'actual_fastpp_core_selected_cone.sv'
%Warning-WIDTHTRUNC: /tmp/opentallas-core-remaining-acceptance-edge-parent-20261002-r1/scalar_suppression/sources/rtl/hdc/v41/ot_hdc_isa_v41_profiles.svh:188:44: Logical operator COND expects 1 bit on the Conditional Test, but Conditional Test's VARREF 'FULL_SHAPE' generates 32 bits.
                                                                                                                                                                : ... note: In instance 'tb.core.g_cancel.u_impl'
  188 | localparam integer O_QE_WBASE = FULL_SHAPE ? 1328 : 1093;
      |                                            ^
                     /tmp/opentallas-core-remaining-acceptance-edge-parent-20261002-r1/scalar_suppression/sources/rtl/test/w17_window_core_cancel_join_r8/actual_fastpp_core_selected_cone.sv:2484:1: ... note: In file included from 'actual_fastpp_core_selected_cone.sv'
%Warning-WIDTHTRUNC: /tmp/opentallas-core-remaining-acceptance-edge-parent-20261002-r1/scalar_suppression/sources/rtl/hdc/v41/ot_hdc_isa_v41_profiles.svh:189:44: Logical operator COND expects 1 bit on the Conditional Test, but Conditional Test's VARREF 'FULL_SHAPE' generates 32 bits.
                                                                                                                                                                : ... note: In instance 'tb.core.g_cancel.u_impl'
  189 | localparam integer W_QE_WBASE = FULL_SHAPE ? 30 : 24;
      |                                            ^
                     /tmp/opentallas-core-remaining-acceptance-edge-parent-20261002-r1/scalar_suppression/sources/rtl/test/w17_window_core_cancel_join_r8/actual_fastpp_core_selected_cone.sv:2484:1: ... note: In file included from 'actual_fastpp_core_selected_cone.sv'
%Warning-WIDTHTRUNC: /tmp/opentallas-core-remaining-acceptance-edge-parent-20261002-r1/scalar_suppression/sources/rtl/hdc/v41/ot_hdc_isa_v41_profiles.svh:190:42: Logical operator COND expects 1 bit on the Conditional Test, but Conditional Test's VARREF 'FULL_SHAPE' generates 32 bits.
                                                                                                                                                                : ... note: In instance 'tb.core.g_cancel.u_impl'
  190 | localparam integer O_QE_IND = FULL_SHAPE ? 1358 : 1117;
      |                                          ^
                     /tmp/opentallas-core-remaining-acceptance-edge-parent-20261002-r1/scalar_suppression/sources/rtl/test/w17_window_core_cancel_join_r8/actual_fastpp_core_selected_cone.sv:2484:1: ... note: In file included from 'actual_fastpp_core_selected_cone.sv'
%Warning-WIDTHTRUNC: /tmp/opentallas-core-remaining-acceptance-edge-parent-20261002-r1/scalar_suppression/sources/rtl/hdc/v41/ot_hdc_isa_v41_profiles.svh:191:42: Logical operator COND expects 1 bit on the Conditional Test, but Conditional Test's VARREF 'FULL_SHAPE' generates 32 bits.
                                                                                                                                                                : ... note: In instance 'tb.core.g_cancel.u_impl'
  191 | localparam integer W_QE_IND = FULL_SHAPE ? 1 : 1;
      |                                          ^
                     /tmp/opentallas-core-remaining-acceptance-edge-parent-20261002-r1/scalar_suppression/sources/rtl/test/w17_window_core_cancel_join_r8/actual_fastpp_core_selected_cone.sv:2484:1: ... note: In file included from 'actual_fastpp_core_selected_cone.sv'
%Warning-WIDTHTRUNC: /tmp/opentallas-core-remaining-acceptance-edge-parent-20261002-r1/scalar_suppression/sources/rtl/hdc/v41/ot_hdc_isa_v41_profiles.svh:192:44: Logical operator COND expects 1 bit on the Conditional Test, but Conditional Test's VARREF 'FULL_SHAPE' generates 32 bits.
                                                                                                                                                                : ... note: In instance 'tb.core.g_cancel.u_impl'
  192 | localparam integer O_QE_IBASE = FULL_SHAPE ? 1359 : 1118;
      |                                            ^
                     /tmp/opentallas-core-remaining-acceptance-edge-parent-20261002-r1/scalar_suppression/sources/rtl/test/w17_window_core_cancel_join_r8/actual_fastpp_core_selected_cone.sv:2484:1: ... note: In file included from 'actual_fastpp_core_selected_cone.sv'
%Warning-WIDTHTRUNC: /tmp/opentallas-core-remaining-acceptance-edge-parent-20261002-r1/scalar_suppression/sources/rtl/hdc/v41/ot_hdc_isa_v41_profiles.svh:193:44: Logical operator COND expects 1 bit on the Conditional Test, but Conditional Test's VARREF 'FULL_SHAPE' generates 32 bits.
                                                                                                                                                                : ... note: In instance 'tb.core.g_cancel.u_impl'
  193 | localparam integer W_QE_IBASE = FULL_SHAPE ? 30 : 24;
      |                                            ^
                     /tmp/opentallas-core-remaining-acceptance-edge-parent-20261002-r1/scalar_suppression/sources/rtl/test/w17_window_core_cancel_join_r8/actual_fastpp_core_selected_cone.sv:2484:1: ... note: In file included from 'actual_fastpp_core_selected_cone.sv'
%Warning-WIDTHTRUNC: /tmp/opentallas-core-remaining-acceptance-edge-parent-20261002-r1/scalar_suppression/sources/rtl/hdc/v41/ot_hdc_isa_v41_profiles.svh:194:46: Logical operator COND expects 1 bit on the Conditional Test, but Conditional Test's VARREF 'FULL_SHAPE' generates 32 bits.
                                                                                                                                                                : ... note: In instance 'tb.core.g_cancel.u_impl'
  194 | localparam integer O_QE_ISTRIDE = FULL_SHAPE ? 1389 : 1142;
      |                                              ^
                     /tmp/opentallas-core-remaining-acceptance-edge-parent-20261002-r1/scalar_suppression/sources/rtl/test/w17_window_core_cancel_join_r8/actual_fastpp_core_selected_cone.sv:2484:1: ... note: In file included from 'actual_fastpp_core_selected_cone.sv'
%Warning-WIDTHTRUNC: /tmp/opentallas-core-remaining-acceptance-edge-parent-20261002-r1/scalar_suppression/sources/rtl/hdc/v41/ot_hdc_isa_v41_profiles.svh:195:46: Logical operator COND expects 1 bit on the Conditional Test, but Conditional Test's VARREF 'FULL_SHAPE' generates 32 bits.
                                                                                                                                                                : ... note: In instance 'tb.core.g_cancel.u_impl'
  195 | localparam integer W_QE_ISTRIDE = FULL_SHAPE ? 30 : 24;
      |                                              ^
                     /tmp/opentallas-core-remaining-acceptance-edge-parent-20261002-r1/scalar_suppression/sources/rtl/test/w17_window_core_cancel_join_r8/actual_fastpp_core_selected_cone.sv:2484:1: ... note: In file included from 'actual_fastpp_core_selected_cone.sv'
%Warning-WIDTHTRUNC: /tmp/opentallas-core-remaining-acceptance-edge-parent-20261002-r1/scalar_suppression/sources/rtl/hdc/v41/ot_hdc_isa_v41_profiles.svh:196:44: Logical operator COND expects 1 bit on the Conditional Test, but Conditional Test's VARREF 'FULL_SHAPE' generates 32 bits.
                                                                                                                                                                : ... note: In instance 'tb.core.g_cancel.u_impl'
  196 | localparam integer O_QE_OBASE = FULL_SHAPE ? 1419 : 1166;
      |                                            ^
                     /tmp/opentallas-core-remaining-acceptance-edge-parent-20261002-r1/scalar_suppression/sources/rtl/test/w17_window_core_cancel_join_r8/actual_fastpp_core_selected_cone.sv:2484:1: ... note: In file included from 'actual_fastpp_core_selected_cone.sv'
%Warning-WIDTHTRUNC: /tmp/opentallas-core-remaining-acceptance-edge-parent-20261002-r1/scalar_suppression/sources/rtl/hdc/v41/ot_hdc_isa_v41_profiles.svh:197:44: Logical operator COND expects 1 bit on the Conditional Test, but Conditional Test's VARREF 'FULL_SHAPE' generates 32 bits.
                                                                                                                                                                : ... note: In instance 'tb.core.g_cancel.u_impl'
  197 | localparam integer W_QE_OBASE = FULL_SHAPE ? 30 : 24;
      |                                            ^
                     /tmp/opentallas-core-remaining-acceptance-edge-parent-20261002-r1/scalar_suppression/sources/rtl/test/w17_window_core_cancel_join_r8/actual_fastpp_core_selected_cone.sv:2484:1: ... note: In file included from 'actual_fastpp_core_selected_cone.sv'
%Warning-WIDTHTRUNC: /tmp/opentallas-core-remaining-acceptance-edge-parent-20261002-r1/scalar_suppression/sources/rtl/hdc/v41/ot_hdc_isa_v41_profiles.svh:198:46: Logical operator COND expects 1 bit on the Conditional Test, but Conditional Test's VARREF 'FULL_SHAPE' generates 32 bits.
                                                                                                                                                                : ... note: In instance 'tb.core.g_cancel.u_impl'
  198 | localparam integer O_QE_D_OBASE = FULL_SHAPE ? 1449 : 1190;
      |                                              ^
                     /tmp/opentallas-core-remaining-acceptance-edge-parent-20261002-r1/scalar_suppression/sources/rtl/test/w17_window_core_cancel_join_r8/actual_fastpp_core_selected_cone.sv:2484:1: ... note: In file included from 'actual_fastpp_core_selected_cone.sv'
%Warning-WIDTHTRUNC: /tmp/opentallas-core-remaining-acceptance-edge-parent-20261002-r1/scalar_suppression/sources/rtl/hdc/v41/ot_hdc_isa_v41_profiles.svh:199:46: Logical operator COND expects 1 bit on the Conditional Test, but Conditional Test's VARREF 'FULL_SHAPE' generates 32 bits.
                                                                                                                                                                : ... note: In instance 'tb.core.g_cancel.u_impl'
  199 | localparam integer W_QE_D_OBASE = FULL_SHAPE ? 6 : 5;
      |                                              ^
                     /tmp/opentallas-core-remaining-acceptance-edge-parent-20261002-r1/scalar_suppression/sources/rtl/test/w17_window_core_cancel_join_r8/actual_fastpp_core_selected_cone.sv:2484:1: ... note: In file included from 'actual_fastpp_core_selected_cone.sv'
%Warning-WIDTHTRUNC: /tmp/opentallas-core-remaining-acceptance-edge-parent-20261002-r1/scalar_suppression/sources/rtl/hdc/v41/ot_hdc_isa_v41_profiles.svh:200:41: Logical operator COND expects 1 bit on the Conditional Test, but Conditional Test's VARREF 'FULL_SHAPE' generates 32 bits.
                                                                                                                                                                : ... note: In instance 'tb.core.g_cancel.u_impl'
  200 | localparam integer O_XU_OP = FULL_SHAPE ? 1455 : 1195;
      |                                         ^
                     /tmp/opentallas-core-remaining-acceptance-edge-parent-20261002-r1/scalar_suppression/sources/rtl/test/w17_window_core_cancel_join_r8/actual_fastpp_core_selected_cone.sv:2484:1: ... note: In file included from 'actual_fastpp_core_selected_cone.sv'
%Warning-WIDTHTRUNC: /tmp/opentallas-core-remaining-acceptance-edge-parent-20261002-r1/scalar_suppression/sources/rtl/hdc/v41/ot_hdc_isa_v41_profiles.svh:201:41: Logical operator COND expects 1 bit on the Conditional Test, but Conditional Test's VARREF 'FULL_SHAPE' generates 32 bits.
                                                                                                                                                                : ... note: In instance 'tb.core.g_cancel.u_impl'
  201 | localparam integer W_XU_OP = FULL_SHAPE ? 2 : 2;
      |                                         ^
                     /tmp/opentallas-core-remaining-acceptance-edge-parent-20261002-r1/scalar_suppression/sources/rtl/test/w17_window_core_cancel_join_r8/actual_fastpp_core_selected_cone.sv:2484:1: ... note: In file included from 'actual_fastpp_core_selected_cone.sv'
%Warning-WIDTHTRUNC: /tmp/opentallas-core-remaining-acceptance-edge-parent-20261002-r1/scalar_suppression/sources/rtl/hdc/v41/ot_hdc_isa_v41_profiles.svh:202:42: Logical operator COND expects 1 bit on the Conditional Test, but Conditional Test's VARREF 'FULL_SHAPE' generates 32 bits.
                                                                                                                                                                : ... note: In instance 'tb.core.g_cancel.u_impl'
  202 | localparam integer O_XU_SRC = FULL_SHAPE ? 1457 : 1197;
      |                                          ^
                     /tmp/opentallas-core-remaining-acceptance-edge-parent-20261002-r1/scalar_suppression/sources/rtl/test/w17_window_core_cancel_join_r8/actual_fastpp_core_selected_cone.sv:2484:1: ... note: In file included from 'actual_fastpp_core_selected_cone.sv'
%Warning-WIDTHTRUNC: /tmp/opentallas-core-remaining-acceptance-edge-parent-20261002-r1/scalar_suppression/sources/rtl/hdc/v41/ot_hdc_isa_v41_profiles.svh:203:42: Logical operator COND expects 1 bit on the Conditional Test, but Conditional Test's VARREF 'FULL_SHAPE' generates 32 bits.
                                                                                                                                                                : ... note: In instance 'tb.core.g_cancel.u_impl'
  203 | localparam integer W_XU_SRC = FULL_SHAPE ? 30 : 24;
      |                                          ^
                     /tmp/opentallas-core-remaining-acceptance-edge-parent-20261002-r1/scalar_suppression/sources/rtl/test/w17_window_core_cancel_join_r8/actual_fastpp_core_selected_cone.sv:2484:1: ... note: In file included from 'actual_fastpp_core_selected_cone.sv'
%Warning-WIDTHTRUNC: /tmp/opentallas-core-remaining-acceptance-edge-parent-20261002-r1/scalar_suppression/sources/rtl/hdc/v41/ot_hdc_isa_v41_profiles.svh:204:42: Logical operator COND expects 1 bit on the Conditional Test, but Conditional Test's VARREF 'FULL_SHAPE' generates 32 bits.
                                                                                                                                                                : ... note: In instance 'tb.core.g_cancel.u_impl'
  204 | localparam integer O_XU_DST = FULL_SHAPE ? 1487 : 1221;
      |                                          ^
                     /tmp/opentallas-core-remaining-acceptance-edge-parent-20261002-r1/scalar_suppression/sources/rtl/test/w17_window_core_cancel_join_r8/actual_fastpp_core_selected_cone.sv:2484:1: ... note: In file included from 'actual_fastpp_core_selected_cone.sv'
%Warning-WIDTHTRUNC: /tmp/opentallas-core-remaining-acceptance-edge-parent-20261002-r1/scalar_suppression/sources/rtl/hdc/v41/ot_hdc_isa_v41_profiles.svh:205:42: Logical operator COND expects 1 bit on the Conditional Test, but Conditional Test's VARREF 'FULL_SHAPE' generates 32 bits.
                                                                                                                                                                : ... note: In instance 'tb.core.g_cancel.u_impl'
  205 | localparam integer W_XU_DST = FULL_SHAPE ? 30 : 24;
      |                                          ^
                     /tmp/opentallas-core-remaining-acceptance-edge-parent-20261002-r1/scalar_suppression/sources/rtl/test/w17_window_core_cancel_join_r8/actual_fastpp_core_selected_cone.sv:2484:1: ... note: In file included from 'actual_fastpp_core_selected_cone.sv'
%Warning-WIDTHTRUNC: /tmp/opentallas-core-remaining-acceptance-edge-parent-20261002-r1/scalar_suppression/sources/rtl/hdc/v41/ot_hdc_isa_v41_profiles.svh:206:40: Logical operator COND expects 1 bit on the Conditional Test, but Conditional Test's VARREF 'FULL_SHAPE' generates 32 bits.
                                                                                                                                                                : ... note: In instance 'tb.core.g_cancel.u_impl'
  206 | localparam integer O_XU_N = FULL_SHAPE ? 1517 : 1245;
      |                                        ^
                     /tmp/opentallas-core-remaining-acceptance-edge-parent-20261002-r1/scalar_suppression/sources/rtl/test/w17_window_core_cancel_join_r8/actual_fastpp_core_selected_cone.sv:2484:1: ... note: In file included from 'actual_fastpp_core_selected_cone.sv'
%Warning-WIDTHTRUNC: /tmp/opentallas-core-remaining-acceptance-edge-parent-20261002-r1/scalar_suppression/sources/rtl/hdc/v41/ot_hdc_isa_v41_profiles.svh:207:40: Logical operator COND expects 1 bit on the Conditional Test, but Conditional Test's VARREF 'FULL_SHAPE' generates 32 bits.
                                                                                                                                                                : ... note: In instance 'tb.core.g_cancel.u_impl'
  207 | localparam integer W_XU_N = FULL_SHAPE ? 21 : 16;
      |                                        ^
                     /tmp/opentallas-core-remaining-acceptance-edge-parent-20261002-r1/scalar_suppression/sources/rtl/test/w17_window_core_cancel_join_r8/actual_fastpp_core_selected_cone.sv:2484:1: ... note: In file included from 'actual_fastpp_core_selected_cone.sv'
%Warning-WIDTHTRUNC: /tmp/opentallas-core-remaining-acceptance-edge-parent-20261002-r1/scalar_suppression/sources/rtl/hdc/v41/ot_hdc_isa_v41_profiles.svh:208:42: Logical operator COND expects 1 bit on the Conditional Test, but Conditional Test's VARREF 'FULL_SHAPE' generates 32 bits.
                                                                                                                                                                : ... note: In instance 'tb.core.g_cancel.u_impl'
  208 | localparam integer O_XU_D_N = FULL_SHAPE ? 1538 : 1261;
      |                                          ^
                     /tmp/opentallas-core-remaining-acceptance-edge-parent-20261002-r1/scalar_suppression/sources/rtl/test/w17_window_core_cancel_join_r8/actual_fastpp_core_selected_cone.sv:2484:1: ... note: In file included from 'actual_fastpp_core_selected_cone.sv'
%Warning-WIDTHTRUNC: /tmp/opentallas-core-remaining-acceptance-edge-parent-20261002-r1/scalar_suppression/sources/rtl/hdc/v41/ot_hdc_isa_v41_profiles.svh:209:42: Logical operator COND expects 1 bit on the Conditional Test, but Conditional Test's VARREF 'FULL_SHAPE' generates 32 bits.
                                                                                                                                                                : ... note: In instance 'tb.core.g_cancel.u_impl'
  209 | localparam integer W_XU_D_N = FULL_SHAPE ? 6 : 5;
      |                                          ^
                     /tmp/opentallas-core-remaining-acceptance-edge-parent-20261002-r1/scalar_suppression/sources/rtl/test/w17_window_core_cancel_join_r8/actual_fastpp_core_selected_cone.sv:2484:1: ... note: In file included from 'actual_fastpp_core_selected_cone.sv'
%Warning-WIDTHTRUNC: /tmp/opentallas-core-remaining-acceptance-edge-parent-20261002-r1/scalar_suppression/sources/rtl/hdc/v41/ot_hdc_isa_v41_profiles.svh:210:40: Logical operator COND expects 1 bit on the Conditional Test, but Conditional Test's VARREF 'FULL_SHAPE' generates 32 bits.
                                                                                                                                                                : ... note: In instance 'tb.core.g_cancel.u_impl'
  210 | localparam integer O_XU_K = FULL_SHAPE ? 1544 : 1266;
      |                                        ^
                     /tmp/opentallas-core-remaining-acceptance-edge-parent-20261002-r1/scalar_suppression/sources/rtl/test/w17_window_core_cancel_join_r8/actual_fastpp_core_selected_cone.sv:2484:1: ... note: In file included from 'actual_fastpp_core_selected_cone.sv'
%Warning-WIDTHTRUNC: /tmp/opentallas-core-remaining-acceptance-edge-parent-20261002-r1/scalar_suppression/sources/rtl/hdc/v41/ot_hdc_isa_v41_profiles.svh:211:40: Logical operator COND expects 1 bit on the Conditional Test, but Conditional Test's VARREF 'FULL_SHAPE' generates 32 bits.
                                                                                                                                                                : ... note: In instance 'tb.core.g_cancel.u_impl'
  211 | localparam integer W_XU_K = FULL_SHAPE ? 12 : 5;
      |                                        ^
                     /tmp/opentallas-core-remaining-acceptance-edge-parent-20261002-r1/scalar_suppression/sources/rtl/test/w17_window_core_cancel_join_r8/actual_fastpp_core_selected_cone.sv:2484:1: ... note: In file included from 'actual_fastpp_core_selected_cone.sv'
%Warning-WIDTHTRUNC: /tmp/opentallas-core-remaining-acceptance-edge-parent-20261002-r1/scalar_suppression/sources/rtl/hdc/v41/ot_hdc_isa_v41_profiles.svh:212:42: Logical operator COND expects 1 bit on the Conditional Test, but Conditional Test's VARREF 'FULL_SHAPE' generates 32 bits.
                                                                                                                                                                : ... note: In instance 'tb.core.g_cancel.u_impl'
  212 | localparam integer O_XU_D_K = FULL_SHAPE ? 1556 : 1271;
      |                                          ^
                     /tmp/opentallas-core-remaining-acceptance-edge-parent-20261002-r1/scalar_suppression/sources/rtl/test/w17_window_core_cancel_join_r8/actual_fastpp_core_selected_cone.sv:2484:1: ... note: In file included from 'actual_fastpp_core_selected_cone.sv'
%Warning-WIDTHTRUNC: /tmp/opentallas-core-remaining-acceptance-edge-parent-20261002-r1/scalar_suppression/sources/rtl/hdc/v41/ot_hdc_isa_v41_profiles.svh:213:42: Logical operator COND expects 1 bit on the Conditional Test, but Conditional Test's VARREF 'FULL_SHAPE' generates 32 bits.
                                                                                                                                                                : ... note: In instance 'tb.core.g_cancel.u_impl'
  213 | localparam integer W_XU_D_K = FULL_SHAPE ? 6 : 5;
      |                                          ^
                     /tmp/opentallas-core-remaining-acceptance-edge-parent-20261002-r1/scalar_suppression/sources/rtl/test/w17_window_core_cancel_join_r8/actual_fastpp_core_selected_cone.sv:2484:1: ... note: In file included from 'actual_fastpp_core_selected_cone.sv'
%Warning-WIDTHTRUNC: /tmp/opentallas-core-remaining-acceptance-edge-parent-20261002-r1/scalar_suppression/sources/rtl/hdc/v41/ot_hdc_isa_v41_profiles.svh:214:44: Logical operator COND expects 1 bit on the Conditional Test, but Conditional Test's VARREF 'FULL_SHAPE' generates 32 bits.
                                                                                                                                                                : ... note: In instance 'tb.core.g_cancel.u_impl'
  214 | localparam integer O_XU_LAYER = FULL_SHAPE ? 1562 : 1276;
      |                                            ^
                     /tmp/opentallas-core-remaining-acceptance-edge-parent-20261002-r1/scalar_suppression/sources/rtl/test/w17_window_core_cancel_join_r8/actual_fastpp_core_selected_cone.sv:2484:1: ... note: In file included from 'actual_fastpp_core_selected_cone.sv'
%Warning-WIDTHTRUNC: /tmp/opentallas-core-remaining-acceptance-edge-parent-20261002-r1/scalar_suppression/sources/rtl/hdc/v41/ot_hdc_isa_v41_profiles.svh:215:44: Logical operator COND expects 1 bit on the Conditional Test, but Conditional Test's VARREF 'FULL_SHAPE' generates 32 bits.
                                                                                                                                                                : ... note: In instance 'tb.core.g_cancel.u_impl'
  215 | localparam integer W_XU_LAYER = FULL_SHAPE ? 1 : 1;
      |                                            ^
                     /tmp/opentallas-core-remaining-acceptance-edge-parent-20261002-r1/scalar_suppression/sources/rtl/test/w17_window_core_cancel_join_r8/actual_fastpp_core_selected_cone.sv:2484:1: ... note: In file included from 'actual_fastpp_core_selected_cone.sv'
%Warning-WIDTHTRUNC: /tmp/opentallas-core-remaining-acceptance-edge-parent-20261002-r1/scalar_suppression/sources/rtl/hdc/v41/ot_hdc_isa_v41_profiles.svh:216:43: Logical operator COND expects 1 bit on the Conditional Test, but Conditional Test's VARREF 'FULL_SHAPE' generates 32 bits.
                                                                                                                                                                : ... note: In instance 'tb.core.g_cancel.u_impl'
  216 | localparam integer O_HE_NOUT = FULL_SHAPE ? 1563 : 1277;
      |                                           ^
                     /tmp/opentallas-core-remaining-acceptance-edge-parent-20261002-r1/scalar_suppression/sources/rtl/test/w17_window_core_cancel_join_r8/actual_fastpp_core_selected_cone.sv:2484:1: ... note: In file included from 'actual_fastpp_core_selected_cone.sv'
%Warning-WIDTHTRUNC: /tmp/opentallas-core-remaining-acceptance-edge-parent-20261002-r1/scalar_suppression/sources/rtl/hdc/v41/ot_hdc_isa_v41_profiles.svh:217:43: Logical operator COND expects 1 bit on the Conditional Test, but Conditional Test's VARREF 'FULL_SHAPE' generates 32 bits.
                                                                                                                                                                : ... note: In instance 'tb.core.g_cancel.u_impl'
  217 | localparam integer W_HE_NOUT = FULL_SHAPE ? 21 : 16;
      |                                           ^
                     /tmp/opentallas-core-remaining-acceptance-edge-parent-20261002-r1/scalar_suppression/sources/rtl/test/w17_window_core_cancel_join_r8/actual_fastpp_core_selected_cone.sv:2484:1: ... note: In file included from 'actual_fastpp_core_selected_cone.sv'
%Warning-WIDTHTRUNC: /tmp/opentallas-core-remaining-acceptance-edge-parent-20261002-r1/scalar_suppression/sources/rtl/hdc/v41/ot_hdc_isa_v41_profiles.svh:218:40: Logical operator COND expects 1 bit on the Conditional Test, but Conditional Test's VARREF 'FULL_SHAPE' generates 32 bits.
                                                                                                                                                                : ... note: In instance 'tb.core.g_cancel.u_impl'
  218 | localparam integer O_HE_K = FULL_SHAPE ? 1584 : 1293;
      |                                        ^
                     /tmp/opentallas-core-remaining-acceptance-edge-parent-20261002-r1/scalar_suppression/sources/rtl/test/w17_window_core_cancel_join_r8/actual_fastpp_core_selected_cone.sv:2484:1: ... note: In file included from 'actual_fastpp_core_selected_cone.sv'
%Warning-WIDTHTRUNC: /tmp/opentallas-core-remaining-acceptance-edge-parent-20261002-r1/scalar_suppression/sources/rtl/hdc/v41/ot_hdc_isa_v41_profiles.svh:219:40: Logical operator COND expects 1 bit on the Conditional Test, but Conditional Test's VARREF 'FULL_SHAPE' generates 32 bits.
                                                                                                                                                                : ... note: In instance 'tb.core.g_cancel.u_impl'
  219 | localparam integer W_HE_K = FULL_SHAPE ? 21 : 16;
      |                                        ^
                     /tmp/opentallas-core-remaining-acceptance-edge-parent-20261002-r1/scalar_suppression/sources/rtl/test/w17_window_core_cancel_join_r8/actual_fastpp_core_selected_cone.sv:2484:1: ... note: In file included from 'actual_fastpp_core_selected_cone.sv'
%Warning-WIDTHTRUNC: /tmp/opentallas-core-remaining-acceptance-edge-parent-20261002-r1/scalar_suppression/sources/rtl/hdc/v41/ot_hdc_isa_v41_profiles.svh:220:44: Logical operator COND expects 1 bit on the Conditional Test, but Conditional Test's VARREF 'FULL_SHAPE' generates 32 bits.
                                                                                                                                                                : ... note: In instance 'tb.core.g_cancel.u_impl'
  220 | localparam integer O_HE_WBASE = FULL_SHAPE ? 1605 : 1309;
      |                                            ^
                     /tmp/opentallas-core-remaining-acceptance-edge-parent-20261002-r1/scalar_suppression/sources/rtl/test/w17_window_core_cancel_join_r8/actual_fastpp_core_selected_cone.sv:2484:1: ... note: In file included from 'actual_fastpp_core_selected_cone.sv'
%Warning-WIDTHTRUNC: /tmp/opentallas-core-remaining-acceptance-edge-parent-20261002-r1/scalar_suppression/sources/rtl/hdc/v41/ot_hdc_isa_v41_profiles.svh:221:44: Logical operator COND expects 1 bit on the Conditional Test, but Conditional Test's VARREF 'FULL_SHAPE' generates 32 bits.
                                                                                                                                                                : ... note: In instance 'tb.core.g_cancel.u_impl'
  221 | localparam integer W_HE_WBASE = FULL_SHAPE ? 30 : 24;
      |                                            ^
                     /tmp/opentallas-core-remaining-acceptance-edge-parent-20261002-r1/scalar_suppression/sources/rtl/test/w17_window_core_cancel_join_r8/actual_fastpp_core_selected_cone.sv:2484:1: ... note: In file included from 'actual_fastpp_core_selected_cone.sv'
%Warning-WIDTHTRUNC: /tmp/opentallas-core-remaining-acceptance-edge-parent-20261002-r1/scalar_suppression/sources/rtl/hdc/v41/ot_hdc_isa_v41_profiles.svh:222:44: Logical operator COND expects 1 bit on the Conditional Test, but Conditional Test's VARREF 'FULL_SHAPE' generates 32 bits.
                                                                                                                                                                : ... note: In instance 'tb.core.g_cancel.u_impl'
  222 | localparam integer O_HE_XBASE = FULL_SHAPE ? 1635 : 1333;
      |                                            ^
                     /tmp/opentallas-core-remaining-acceptance-edge-parent-20261002-r1/scalar_suppression/sources/rtl/test/w17_window_core_cancel_join_r8/actual_fastpp_core_selected_cone.sv:2484:1: ... note: In file included from 'actual_fastpp_core_selected_cone.sv'
%Warning-WIDTHTRUNC: /tmp/opentallas-core-remaining-acceptance-edge-parent-20261002-r1/scalar_suppression/sources/rtl/hdc/v41/ot_hdc_isa_v41_profiles.svh:223:44: Logical operator COND expects 1 bit on the Conditional Test, but Conditional Test's VARREF 'FULL_SHAPE' generates 32 bits.
                                                                                                                                                                : ... note: In instance 'tb.core.g_cancel.u_impl'
  223 | localparam integer W_HE_XBASE = FULL_SHAPE ? 30 : 24;
      |                                            ^
                     /tmp/opentallas-core-remaining-acceptance-edge-parent-20261002-r1/scalar_suppression/sources/rtl/test/w17_window_core_cancel_join_r8/actual_fastpp_core_selected_cone.sv:2484:1: ... note: In file included from 'actual_fastpp_core_selected_cone.sv'
%Warning-WIDTHTRUNC: /tmp/opentallas-core-remaining-acceptance-edge-parent-20261002-r1/scalar_suppression/sources/rtl/hdc/v41/ot_hdc_isa_v41_profiles.svh:224:44: Logical operator COND expects 1 bit on the Conditional Test, but Conditional Test's VARREF 'FULL_SHAPE' generates 32 bits.
                                                                                                                                                                : ... note: In instance 'tb.core.g_cancel.u_impl'
  224 | localparam integer O_HE_OBASE = FULL_SHAPE ? 1665 : 1357;
      |                                            ^
                     /tmp/opentallas-core-remaining-acceptance-edge-parent-20261002-r1/scalar_suppression/sources/rtl/test/w17_window_core_cancel_join_r8/actual_fastpp_core_selected_cone.sv:2484:1: ... note: In file included from 'actual_fastpp_core_selected_cone.sv'
%Warning-WIDTHTRUNC: /tmp/opentallas-core-remaining-acceptance-edge-parent-20261002-r1/scalar_suppression/sources/rtl/hdc/v41/ot_hdc_isa_v41_profiles.svh:225:44: Logical operator COND expects 1 bit on the Conditional Test, but Conditional Test's VARREF 'FULL_SHAPE' generates 32 bits.
                                                                                                                                                                : ... note: In instance 'tb.core.g_cancel.u_impl'
  225 | localparam integer W_HE_OBASE = FULL_SHAPE ? 30 : 24;
      |                                            ^
                     /tmp/opentallas-core-remaining-acceptance-edge-parent-20261002-r1/scalar_suppression/sources/rtl/test/w17_window_core_cancel_join_r8/actual_fastpp_core_selected_cone.sv:2484:1: ... note: In file included from 'actual_fastpp_core_selected_cone.sv'
%Warning-WIDTHTRUNC: /tmp/opentallas-core-remaining-acceptance-edge-parent-20261002-r1/scalar_suppression/sources/rtl/hdc/v41/ot_hdc_isa_v41_profiles.svh:226:42: Logical operator COND expects 1 bit on the Conditional Test, but Conditional Test's VARREF 'FULL_SHAPE' generates 32 bits.
                                                                                                                                                                : ... note: In instance 'tb.core.g_cancel.u_impl'
  226 | localparam integer O_SU_VEC = FULL_SHAPE ? 1695 : 1381;
      |                                          ^
                     /tmp/opentallas-core-remaining-acceptance-edge-parent-20261002-r1/scalar_suppression/sources/rtl/test/w17_window_core_cancel_join_r8/actual_fastpp_core_selected_cone.sv:2484:1: ... note: In file included from 'actual_fastpp_core_selected_cone.sv'
%Warning-WIDTHTRUNC: /tmp/opentallas-core-remaining-acceptance-edge-parent-20261002-r1/scalar_suppression/sources/rtl/hdc/v41/ot_hdc_isa_v41_profiles.svh:227:42: Logical operator COND expects 1 bit on the Conditional Test, but Conditional Test's VARREF 'FULL_SHAPE' generates 32 bits.
                                                                                                                                                                : ... note: In instance 'tb.core.g_cancel.u_impl'
  227 | localparam integer W_SU_VEC = FULL_SHAPE ? 2 : 2;
      |                                          ^
                     /tmp/opentallas-core-remaining-acceptance-edge-parent-20261002-r1/scalar_suppression/sources/rtl/test/w17_window_core_cancel_join_r8/actual_fastpp_core_selected_cone.sv:2484:1: ... note: In file included from 'actual_fastpp_core_selected_cone.sv'
%Warning-WIDTHTRUNC: /tmp/opentallas-core-remaining-acceptance-edge-parent-20261002-r1/scalar_suppression/sources/rtl/hdc/v41/ot_hdc_isa_v41_profiles.svh:228:44: Logical operator COND expects 1 bit on the Conditional Test, but Conditional Test's VARREF 'FULL_SHAPE' generates 32 bits.
                                                                                                                                                                : ... note: In instance 'tb.core.g_cancel.u_impl'
  228 | localparam integer O_RED_TREE = FULL_SHAPE ? 1697 : 1383;
      |                                            ^
                     /tmp/opentallas-core-remaining-acceptance-edge-parent-20261002-r1/scalar_suppression/sources/rtl/test/w17_window_core_cancel_join_r8/actual_fastpp_core_selected_cone.sv:2484:1: ... note: In file included from 'actual_fastpp_core_selected_cone.sv'
%Warning-WIDTHTRUNC: /tmp/opentallas-core-remaining-acceptance-edge-parent-20261002-r1/scalar_suppression/sources/rtl/hdc/v41/ot_hdc_isa_v41_profiles.svh:229:44: Logical operator COND expects 1 bit on the Conditional Test, but Conditional Test's VARREF 'FULL_SHAPE' generates 32 bits.
                                                                                                                                                                : ... note: In instance 'tb.core.g_cancel.u_impl'
  229 | localparam integer W_RED_TREE = FULL_SHAPE ? 1 : 1;
      |                                            ^
                     /tmp/opentallas-core-remaining-acceptance-edge-parent-20261002-r1/scalar_suppression/sources/rtl/test/w17_window_core_cancel_join_r8/actual_fastpp_core_selected_cone.sv:2484:1: ... note: In file included from 'actual_fastpp_core_selected_cone.sv'
%Warning-WIDTHTRUNC: /tmp/opentallas-core-remaining-acceptance-edge-parent-20261002-r1/scalar_suppression/sources/rtl/hdc/v41/ot_hdc_isa_v41_profiles.svh:230:44: Logical operator COND expects 1 bit on the Conditional Test, but Conditional Test's VARREF 'FULL_SHAPE' generates 32 bits.
                                                                                                                                                                : ... note: In instance 'tb.core.g_cancel.u_impl'
  230 | localparam integer O_SU_CHASE = FULL_SHAPE ? 1698 : 1384;
      |                                            ^
                     /tmp/opentallas-core-remaining-acceptance-edge-parent-20261002-r1/scalar_suppression/sources/rtl/test/w17_window_core_cancel_join_r8/actual_fastpp_core_selected_cone.sv:2484:1: ... note: In file included from 'actual_fastpp_core_selected_cone.sv'
%Warning-WIDTHTRUNC: /tmp/opentallas-core-remaining-acceptance-edge-parent-20261002-r1/scalar_suppression/sources/rtl/hdc/v41/ot_hdc_isa_v41_profiles.svh:231:44: Logical operator COND expects 1 bit on the Conditional Test, but Conditional Test's VARREF 'FULL_SHAPE' generates 32 bits.
                                                                                                                                                                : ... note: In instance 'tb.core.g_cancel.u_impl'
  231 | localparam integer W_SU_CHASE = FULL_SHAPE ? 21 : 16;
      |                                            ^
                     /tmp/opentallas-core-remaining-acceptance-edge-parent-20261002-r1/scalar_suppression/sources/rtl/test/w17_window_core_cancel_join_r8/actual_fastpp_core_selected_cone.sv:2484:1: ... note: In file included from 'actual_fastpp_core_selected_cone.sv'
%Warning-WIDTHTRUNC: /tmp/opentallas-core-remaining-acceptance-edge-parent-20261002-r1/scalar_suppression/sources/rtl/hdc/v41/ot_hdc_isa_v41_profiles.svh:232:40: Logical operator COND expects 1 bit on the Conditional Test, but Conditional Test's VARREF 'FULL_SHAPE' generates 32 bits.
                                                                                                                                                                : ... note: In instance 'tb.core.g_cancel.u_impl'
  232 | localparam integer O_WREL = FULL_SHAPE ? 1719 : 1400;
      |                                        ^
                     /tmp/opentallas-core-remaining-acceptance-edge-parent-20261002-r1/scalar_suppression/sources/rtl/test/w17_window_core_cancel_join_r8/actual_fastpp_core_selected_cone.sv:2484:1: ... note: In file included from 'actual_fastpp_core_selected_cone.sv'
%Warning-WIDTHTRUNC: /tmp/opentallas-core-remaining-acceptance-edge-parent-20261002-r1/scalar_suppression/sources/rtl/hdc/v41/ot_hdc_isa_v41_profiles.svh:233:40: Logical operator COND expects 1 bit on the Conditional Test, but Conditional Test's VARREF 'FULL_SHAPE' generates 32 bits.
                                                                                                                                                                : ... note: In instance 'tb.core.g_cancel.u_impl'
  233 | localparam integer W_WREL = FULL_SHAPE ? 1 : 1;
      |                                        ^
                     /tmp/opentallas-core-remaining-acceptance-edge-parent-20261002-r1/scalar_suppression/sources/rtl/test/w17_window_core_cancel_join_r8/actual_fastpp_core_selected_cone.sv:2484:1: ... note: In file included from 'actual_fastpp_core_selected_cone.sv'
%Warning-WIDTHTRUNC: /tmp/opentallas-core-remaining-acceptance-edge-parent-20261002-r1/scalar_suppression/sources/rtl/hdc/v41/ot_hdc_isa_v41_profiles.svh:234:41: Logical operator COND expects 1 bit on the Conditional Test, but Conditional Test's VARREF 'FULL_SHAPE' generates 32 bits.
                                                                                                                                                                : ... note: In instance 'tb.core.g_cancel.u_impl'
  234 | localparam integer O_DSLOT = FULL_SHAPE ? 1720 : 1401;
      |                                         ^
                     /tmp/opentallas-core-remaining-acceptance-edge-parent-20261002-r1/scalar_suppression/sources/rtl/test/w17_window_core_cancel_join_r8/actual_fastpp_core_selected_cone.sv:2484:1: ... note: In file included from 'actual_fastpp_core_selected_cone.sv'
%Warning-WIDTHTRUNC: /tmp/opentallas-core-remaining-acceptance-edge-parent-20261002-r1/scalar_suppression/sources/rtl/hdc/v41/ot_hdc_isa_v41_profiles.svh:235:41: Logical operator COND expects 1 bit on the Conditional Test, but Conditional Test's VARREF 'FULL_SHAPE' generates 32 bits.
                                                                                                                                                                : ... note: In instance 'tb.core.g_cancel.u_impl'
  235 | localparam integer W_DSLOT = FULL_SHAPE ? 3 : 3;
      |                                         ^
                     /tmp/opentallas-core-remaining-acceptance-edge-parent-20261002-r1/scalar_suppression/sources/rtl/test/w17_window_core_cancel_join_r8/actual_fastpp_core_selected_cone.sv:2484:1: ... note: In file included from 'actual_fastpp_core_selected_cone.sv'
%Warning-WIDTHTRUNC: /tmp/opentallas-core-remaining-acceptance-edge-parent-20261002-r1/scalar_suppression/sources/rtl/hdc/v41/ot_hdc_isa_v41_profiles.svh:236:40: Logical operator COND expects 1 bit on the Conditional Test, but Conditional Test's VARREF 'FULL_SHAPE' generates 32 bits.
                                                                                                                                                                : ... note: In instance 'tb.core.g_cancel.u_impl'
  236 | localparam integer O_MX_M = FULL_SHAPE ? 1723 : 1404;
      |                                        ^
                     /tmp/opentallas-core-remaining-acceptance-edge-parent-20261002-r1/scalar_suppression/sources/rtl/test/w17_window_core_cancel_join_r8/actual_fastpp_core_selected_cone.sv:2484:1: ... note: In file included from 'actual_fastpp_core_selected_cone.sv'
%Warning-WIDTHTRUNC: /tmp/opentallas-core-remaining-acceptance-edge-parent-20261002-r1/scalar_suppression/sources/rtl/hdc/v41/ot_hdc_isa_v41_profiles.svh:237:40: Logical operator COND expects 1 bit on the Conditional Test, but Conditional Test's VARREF 'FULL_SHAPE' generates 32 bits.
                                                                                                                                                                : ... note: In instance 'tb.core.g_cancel.u_impl'
  237 | localparam integer W_MX_M = FULL_SHAPE ? 3 : 3;
      |                                        ^
                     /tmp/opentallas-core-remaining-acceptance-edge-parent-20261002-r1/scalar_suppression/sources/rtl/test/w17_window_core_cancel_join_r8/actual_fastpp_core_selected_cone.sv:2484:1: ... note: In file included from 'actual_fastpp_core_selected_cone.sv'
%Warning-WIDTHTRUNC: /tmp/opentallas-core-remaining-acceptance-edge-parent-20261002-r1/scalar_suppression/sources/rtl/hdc/v41/ot_hdc_isa_v41_profiles.svh:238:42: Logical operator COND expects 1 bit on the Conditional Test, but Conditional Test's VARREF 'FULL_SHAPE' generates 32 bits.
                                                                                                                                                                : ... note: In instance 'tb.core.g_cancel.u_impl'
  238 | localparam integer O_MX_XPS = FULL_SHAPE ? 1726 : 1407;
      |                                          ^
                     /tmp/opentallas-core-remaining-acceptance-edge-parent-20261002-r1/scalar_suppression/sources/rtl/test/w17_window_core_cancel_join_r8/actual_fastpp_core_selected_cone.sv:2484:1: ... note: In file included from 'actual_fastpp_core_selected_cone.sv'
%Warning-WIDTHTRUNC: /tmp/opentallas-core-remaining-acceptance-edge-parent-20261002-r1/scalar_suppression/sources/rtl/hdc/v41/ot_hdc_isa_v41_profiles.svh:239:42: Logical operator COND expects 1 bit on the Conditional Test, but Conditional Test's VARREF 'FULL_SHAPE' generates 32 bits.
                                                                                                                                                                : ... note: In instance 'tb.core.g_cancel.u_impl'
  239 | localparam integer W_MX_XPS = FULL_SHAPE ? 30 : 24;
      |                                          ^
                     /tmp/opentallas-core-remaining-acceptance-edge-parent-20261002-r1/scalar_suppression/sources/rtl/test/w17_window_core_cancel_join_r8/actual_fastpp_core_selected_cone.sv:2484:1: ... note: In file included from 'actual_fastpp_core_selected_cone.sv'
%Warning-WIDTHTRUNC: /tmp/opentallas-core-remaining-acceptance-edge-parent-20261002-r1/scalar_suppression/sources/rtl/hdc/v41/ot_hdc_isa_v41_profiles.svh:240:42: Logical operator COND expects 1 bit on the Conditional Test, but Conditional Test's VARREF 'FULL_SHAPE' generates 32 bits.
                                                                                                                                                                : ... note: In instance 'tb.core.g_cancel.u_impl'
  240 | localparam integer O_MX_OPS = FULL_SHAPE ? 1756 : 1431;
      |                                          ^
                     /tmp/opentallas-core-remaining-acceptance-edge-parent-20261002-r1/scalar_suppression/sources/rtl/test/w17_window_core_cancel_join_r8/actual_fastpp_core_selected_cone.sv:2484:1: ... note: In file included from 'actual_fastpp_core_selected_cone.sv'
%Warning-WIDTHTRUNC: /tmp/opentallas-core-remaining-acceptance-edge-parent-20261002-r1/scalar_suppression/sources/rtl/hdc/v41/ot_hdc_isa_v41_profiles.svh:241:42: Logical operator COND expects 1 bit on the Conditional Test, but Conditional Test's VARREF 'FULL_SHAPE' generates 32 bits.
                                                                                                                                                                : ... note: In instance 'tb.core.g_cancel.u_impl'
  241 | localparam integer W_MX_OPS = FULL_SHAPE ? 30 : 24;
      |                                          ^
                     /tmp/opentallas-core-remaining-acceptance-edge-parent-20261002-r1/scalar_suppression/sources/rtl/test/w17_window_core_cancel_join_r8/actual_fastpp_core_selected_cone.sv:2484:1: ... note: In file included from 'actual_fastpp_core_selected_cone.sv'
%Warning-WIDTHTRUNC: /tmp/opentallas-core-remaining-acceptance-edge-parent-20261002-r1/scalar_suppression/sources/rtl/hdc/v41/ot_hdc_isa_v41_profiles.svh:242:39: Logical operator COND expects 1 bit on the Conditional Test, but Conditional Test's VARREF 'FULL_SHAPE' generates 32 bits.
                                                                                                                                                                : ... note: In instance 'tb.core.g_cancel.u_impl'
  242 | localparam integer O_CTL = FULL_SHAPE ? 1786 : 1455;
      |                                       ^
                     /tmp/opentallas-core-remaining-acceptance-edge-parent-20261002-r1/scalar_suppression/sources/rtl/test/w17_window_core_cancel_join_r8/actual_fastpp_core_selected_cone.sv:2484:1: ... note: In file included from 'actual_fastpp_core_selected_cone.sv'
%Warning-WIDTHTRUNC: /tmp/opentallas-core-remaining-acceptance-edge-parent-20261002-r1/scalar_suppression/sources/rtl/hdc/v41/ot_hdc_isa_v41_profiles.svh:243:39: Logical operator COND expects 1 bit on the Conditional Test, but Conditional Test's VARREF 'FULL_SHAPE' generates 32 bits.
                                                                                                                                                                : ... note: In instance 'tb.core.g_cancel.u_impl'
  243 | localparam integer W_CTL = FULL_SHAPE ? 3 : 3;
      |                                       ^
                     /tmp/opentallas-core-remaining-acceptance-edge-parent-20261002-r1/scalar_suppression/sources/rtl/test/w17_window_core_cancel_join_r8/actual_fastpp_core_selected_cone.sv:2484:1: ... note: In file included from 'actual_fastpp_core_selected_cone.sv'
%Warning-WIDTHTRUNC: /tmp/opentallas-core-remaining-acceptance-edge-parent-20261002-r1/scalar_suppression/sources/rtl/hdc/v41/ot_hdc_isa_v41_profiles.svh:244:44: Logical operator COND expects 1 bit on the Conditional Test, but Conditional Test's VARREF 'FULL_SHAPE' generates 32 bits.
                                                                                                                                                                : ... note: In instance 'tb.core.g_cancel.u_impl'
  244 | localparam integer O_CTL_SLOT = FULL_SHAPE ? 1789 : 1458;
      |                                            ^
                     /tmp/opentallas-core-remaining-acceptance-edge-parent-20261002-r1/scalar_suppression/sources/rtl/test/w17_window_core_cancel_join_r8/actual_fastpp_core_selected_cone.sv:2484:1: ... note: In file included from 'actual_fastpp_core_selected_cone.sv'
%Warning-WIDTHTRUNC: /tmp/opentallas-core-remaining-acceptance-edge-parent-20261002-r1/scalar_suppression/sources/rtl/hdc/v41/ot_hdc_isa_v41_profiles.svh:245:44: Logical operator COND expects 1 bit on the Conditional Test, but Conditional Test's VARREF 'FULL_SHAPE' generates 32 bits.
                                                                                                                                                                : ... note: In instance 'tb.core.g_cancel.u_impl'
  245 | localparam integer W_CTL_SLOT = FULL_SHAPE ? 3 : 3;
      |                                            ^
                     /tmp/opentallas-core-remaining-acceptance-edge-parent-20261002-r1/scalar_suppression/sources/rtl/test/w17_window_core_cancel_join_r8/actual_fastpp_core_selected_cone.sv:2484:1: ... note: In file included from 'actual_fastpp_core_selected_cone.sv'
%Warning-WIDTHTRUNC: /tmp/opentallas-core-remaining-acceptance-edge-parent-20261002-r1/scalar_suppression/sources/rtl/hdc/v41/ot_hdc_isa_v41_profiles.svh:246:44: Logical operator COND expects 1 bit on the Conditional Test, but Conditional Test's VARREF 'FULL_SHAPE' generates 32 bits.
                                                                                                                                                                : ... note: In instance 'tb.core.g_cancel.u_impl'
  246 | localparam integer O_CTL_LANE = FULL_SHAPE ? 1792 : 1461;
      |                                            ^
                     /tmp/opentallas-core-remaining-acceptance-edge-parent-20261002-r1/scalar_suppression/sources/rtl/test/w17_window_core_cancel_join_r8/actual_fastpp_core_selected_cone.sv:2484:1: ... note: In file included from 'actual_fastpp_core_selected_cone.sv'
%Warning-WIDTHTRUNC: /tmp/opentallas-core-remaining-acceptance-edge-parent-20261002-r1/scalar_suppression/sources/rtl/hdc/v41/ot_hdc_isa_v41_profiles.svh:247:44: Logical operator COND expects 1 bit on the Conditional Test, but Conditional Test's VARREF 'FULL_SHAPE' generates 32 bits.
                                                                                                                                                                : ... note: In instance 'tb.core.g_cancel.u_impl'
  247 | localparam integer W_CTL_LANE = FULL_SHAPE ? 3 : 3;
      |                                            ^
                     /tmp/opentallas-core-remaining-acceptance-edge-parent-20261002-r1/scalar_suppression/sources/rtl/test/w17_window_core_cancel_join_r8/actual_fastpp_core_selected_cone.sv:2484:1: ... note: In file included from 'actual_fastpp_core_selected_cone.sv'
%Warning-WIDTHTRUNC: /tmp/opentallas-core-remaining-acceptance-edge-parent-20261002-r1/scalar_suppression/sources/rtl/hdc/v41/ot_hdc_isa_v41_profiles.svh:248:43: Logical operator COND expects 1 bit on the Conditional Test, but Conditional Test's VARREF 'FULL_SHAPE' generates 32 bits.
                                                                                                                                                                : ... note: In instance 'tb.core.g_cancel.u_impl'
  248 | localparam integer O_ME_FUSE = FULL_SHAPE ? 1795 : 1464;
      |                                           ^
                     /tmp/opentallas-core-remaining-acceptance-edge-parent-20261002-r1/scalar_suppression/sources/rtl/test/w17_window_core_cancel_join_r8/actual_fastpp_core_selected_cone.sv:2484:1: ... note: In file included from 'actual_fastpp_core_selected_cone.sv'
%Warning-WIDTHTRUNC: /tmp/opentallas-core-remaining-acceptance-edge-parent-20261002-r1/scalar_suppression/sources/rtl/hdc/v41/ot_hdc_isa_v41_profiles.svh:249:43: Logical operator COND expects 1 bit on the Conditional Test, but Conditional Test's VARREF 'FULL_SHAPE' generates 32 bits.
                                                                                                                                                                : ... note: In instance 'tb.core.g_cancel.u_impl'
  249 | localparam integer W_ME_FUSE = FULL_SHAPE ? 1 : 1;
      |                                           ^
                     /tmp/opentallas-core-remaining-acceptance-edge-parent-20261002-r1/scalar_suppression/sources/rtl/test/w17_window_core_cancel_join_r8/actual_fastpp_core_selected_cone.sv:2484:1: ... note: In file included from 'actual_fastpp_core_selected_cone.sv'
%Warning-WIDTHTRUNC: /tmp/opentallas-core-remaining-acceptance-edge-parent-20261002-r1/scalar_suppression/sources/rtl/hdc/v41/ot_hdc_isa_v41_profiles.svh:250:42: Logical operator COND expects 1 bit on the Conditional Test, but Conditional Test's VARREF 'FULL_SHAPE' generates 32 bits.
                                                                                                                                                                : ... note: In instance 'tb.core.g_cancel.u_impl'
  250 | localparam integer O_ME_WTS = FULL_SHAPE ? 1796 : 1465;
      |                                          ^
                     /tmp/opentallas-core-remaining-acceptance-edge-parent-20261002-r1/scalar_suppression/sources/rtl/test/w17_window_core_cancel_join_r8/actual_fastpp_core_selected_cone.sv:2484:1: ... note: In file included from 'actual_fastpp_core_selected_cone.sv'
%Warning-WIDTHTRUNC: /tmp/opentallas-core-remaining-acceptance-edge-parent-20261002-r1/scalar_suppression/sources/rtl/hdc/v41/ot_hdc_isa_v41_profiles.svh:251:42: Logical operator COND expects 1 bit on the Conditional Test, but Conditional Test's VARREF 'FULL_SHAPE' generates 32 bits.
                                                                                                                                                                : ... note: In instance 'tb.core.g_cancel.u_impl'
  251 | localparam integer W_ME_WTS = FULL_SHAPE ? 30 : 24;
      |                                          ^
                     /tmp/opentallas-core-remaining-acceptance-edge-parent-20261002-r1/scalar_suppression/sources/rtl/test/w17_window_core_cancel_join_r8/actual_fastpp_core_selected_cone.sv:2484:1: ... note: In file included from 'actual_fastpp_core_selected_cone.sv'
%Warning-WIDTHTRUNC: /tmp/opentallas-core-remaining-acceptance-edge-parent-20261002-r1/scalar_suppression/sources/rtl/test/w17_window_core_cancel_join_r8/actual_fastpp_core_selected_cone.sv:2495:42: Logical operator COND expects 1 bit on the Conditional Test, but Conditional Test's VARREF 'FULL_SHAPE' generates 32 bits.
                                                                                                                                                                                                     : ... note: In instance 'tb.core.g_cancel.u_impl'
 2495 |     localparam integer NDYN = FULL_SHAPE ? 64 : 32;
      |                                          ^
%Warning-WIDTHTRUNC: /tmp/opentallas-core-remaining-acceptance-edge-parent-20261002-r1/scalar_suppression/sources/rtl/test/w17_window_core_cancel_join_r8/actual_fastpp_core_selected_cone.sv:3114:29: Logical operator LOGAND expects 1 bit on the LHS, but LHS's VARREF 'FULL_SHAPE' generates 32 bits.
                                                                                                                                                                                                     : ... note: In instance 'tb.core.g_cancel.u_impl'
 3114 |     generate if (FULL_SHAPE && KV_HBM) begin : g_packed_window_write
      |                             ^~
%Warning-WIDTHTRUNC: /tmp/opentallas-core-remaining-acceptance-edge-parent-20261002-r1/scalar_suppression/sources/rtl/test/w17_window_core_cancel_join_r8/actual_fastpp_core_selected_cone.sv:3114:29: Logical operator LOGAND expects 1 bit on the RHS, but RHS's VARREF 'KV_HBM' generates 32 bits.
                                                                                                                                                                                                     : ... note: In instance 'tb.core.g_cancel.u_impl'
 3114 |     generate if (FULL_SHAPE && KV_HBM) begin : g_packed_window_write
      |                             ^~
%Warning-WIDTHTRUNC: /tmp/opentallas-core-remaining-acceptance-edge-parent-20261002-r1/scalar_suppression/sources/rtl/test/w17_window_core_cancel_join_r8/actual_fastpp_core_selected_cone.sv:3098:75: Logical operator COND expects 1 bit on the Conditional Test, but Conditional Test's VARREF 'FULL_SHAPE' generates 32 bits.
                                                                                                                                                                                                     : ... note: In instance 'tb.core.g_cancel.u_impl'
 3098 |     ot_hdc_v41_qe #(.AW(AW), .NW(NW), .BL(BL), .IL(IL), .NBMAX(FULL_SHAPE ? 192 : 32),
      |                                                                           ^
%Warning-WIDTHTRUNC: /tmp/opentallas-core-remaining-acceptance-edge-parent-20261002-r1/scalar_suppression/sources/rtl/test/w17_window_actual_producer_cancel_declaration_repaired/ot_hdc_v41x_window_kv_blocks_cancel.sv:44:14: Logical operator LOGNOT expects 1 bit on the LHS, but LHS's VARREF 'OPT_CANCEL' generates 32 bits.
                                                                                                                                                                                                                              : ... note: In instance 'tb.core.g_cancel.u_impl.g_packed_window_write.u_blocks'
   44 | generate if (!OPT_CANCEL) begin : g_default
      |              ^
%Warning-WIDTHTRUNC: /tmp/opentallas-core-remaining-acceptance-edge-parent-20261002-r1/scalar_suppression/sources/rtl/hdc/v41x/ot_hdc_v41x_vec.sv:279:23: Operator VAR 'H_A' expects 16 bits on the Initial value, but Initial value's VARREF 'ALAT' generates 32 bits.
                                                                                                                                                        : ... note: In instance 'tb.core.g_cancel.u_impl.g_su_x.u_su.u_vec'
  279 |     localparam [15:0] H_A = ALAT;
      |                       ^~~
%Warning-WIDTHTRUNC: /tmp/opentallas-core-remaining-acceptance-edge-parent-20261002-r1/scalar_suppression/sources/rtl/hdc/v41x/ot_hdc_v41x_vec.sv:280:23: Operator VAR 'H_M' expects 16 bits on the Initial value, but Initial value's VARREF 'MLAT' generates 32 bits.
                                                                                                                                                        : ... note: In instance 'tb.core.g_cancel.u_impl.g_su_x.u_su.u_vec'
  280 |     localparam [15:0] H_M = MLAT, H_EXP = D_EXP, H_SIG = D_SIG, H_RSQ = D_RSQ, H_SQRT = D_SQRT, H_SP = D_SP,
      |                       ^~~
%Warning-WIDTHTRUNC: /tmp/opentallas-core-remaining-acceptance-edge-parent-20261002-r1/scalar_suppression/sources/rtl/hdc/v41x/ot_hdc_v41x_vec.sv:280:35: Operator VAR 'H_EXP' expects 16 bits on the Initial value, but Initial value's VARREF 'D_EXP' generates 32 bits.
                                                                                                                                                        : ... note: In instance 'tb.core.g_cancel.u_impl.g_su_x.u_su.u_vec'
  280 |     localparam [15:0] H_M = MLAT, H_EXP = D_EXP, H_SIG = D_SIG, H_RSQ = D_RSQ, H_SQRT = D_SQRT, H_SP = D_SP,
      |                                   ^~~~~
%Warning-WIDTHTRUNC: /tmp/opentallas-core-remaining-acceptance-edge-parent-20261002-r1/scalar_suppression/sources/rtl/hdc/v41x/ot_hdc_v41x_vec.sv:280:50: Operator VAR 'H_SIG' expects 16 bits on the Initial value, but Initial value's VARREF 'D_SIG' generates 32 bits.
                                                                                                                                                        : ... note: In instance 'tb.core.g_cancel.u_impl.g_su_x.u_su.u_vec'
  280 |     localparam [15:0] H_M = MLAT, H_EXP = D_EXP, H_SIG = D_SIG, H_RSQ = D_RSQ, H_SQRT = D_SQRT, H_SP = D_SP,
      |                                                  ^~~~~
%Warning-WIDTHTRUNC: /tmp/opentallas-core-remaining-acceptance-edge-parent-20261002-r1/scalar_suppression/sources/rtl/hdc/v41x/ot_hdc_v41x_vec.sv:280:65: Operator VAR 'H_RSQ' expects 16 bits on the Initial value, but Initial value's VARREF 'D_RSQ' generates 32 bits.
                                                                                                                                                        : ... note: In instance 'tb.core.g_cancel.u_impl.g_su_x.u_su.u_vec'
  280 |     localparam [15:0] H_M = MLAT, H_EXP = D_EXP, H_SIG = D_SIG, H_RSQ = D_RSQ, H_SQRT = D_SQRT, H_SP = D_SP,
      |                                                                 ^~~~~
%Warning-WIDTHTRUNC: /tmp/opentallas-core-remaining-acceptance-edge-parent-20261002-r1/scalar_suppression/sources/rtl/hdc/v41x/ot_hdc_v41x_vec.sv:280:80: Operator VAR 'H_SQRT' expects 16 bits on the Initial value, but Initial value's VARREF 'D_SQRT' generates 32 bits.
                                                                                                                                                        : ... note: In instance 'tb.core.g_cancel.u_impl.g_su_x.u_su.u_vec'
  280 |     localparam [15:0] H_M = MLAT, H_EXP = D_EXP, H_SIG = D_SIG, H_RSQ = D_RSQ, H_SQRT = D_SQRT, H_SP = D_SP,
      |                                                                                ^~~~~~
%Warning-WIDTHTRUNC: /tmp/opentallas-core-remaining-acceptance-edge-parent-20261002-r1/scalar_suppression/sources/rtl/hdc/v41x/ot_hdc_v41x_vec.sv:280:97: Operator VAR 'H_SP' expects 16 bits on the Initial value, but Initial value's VARREF 'D_SP' generates 32 bits.
                                                                                                                                                        : ... note: In instance 'tb.core.g_cancel.u_impl.g_su_x.u_su.u_vec'
  280 |     localparam [15:0] H_M = MLAT, H_EXP = D_EXP, H_SIG = D_SIG, H_RSQ = D_RSQ, H_SQRT = D_SQRT, H_SP = D_SP,
      |                                                                                                 ^~~~
%Warning-WIDTHTRUNC: /tmp/opentallas-core-remaining-acceptance-edge-parent-20261002-r1/scalar_suppression/sources/rtl/hdc/v41x/ot_hdc_v41x_vec.sv:281:23: Operator VAR 'H_EG' expects 16 bits on the Initial value, but Initial value's VARREF 'D_EG' generates 32 bits.
                                                                                                                                                        : ... note: In instance 'tb.core.g_cancel.u_impl.g_su_x.u_su.u_vec'
  281 |                       H_EG = D_EG;
      |                       ^~~~
%Warning-WIDTHTRUNC: /tmp/opentallas-core-remaining-acceptance-edge-parent-20261002-r1/scalar_suppression/sources/rtl/hdc/v41x/ot_hdc_v41x_vec_lane.sv:145:23: Operator VAR 'H_DIV' expects 16 bits on the Initial value, but Initial value's VARREF 'D_DIV' generates 32 bits.
                                                                                                                                                             : ... note: In instance 'tb.core.g_cancel.u_impl.g_su_x.u_su.u_vec.g_lane[0].u_lane'
  145 |     localparam [15:0] H_DIV = D_DIV, H_M = MLAT, H_EXP = D_EXP, H_SIG = D_SIG, H_RSQ = D_RSQ, H_SQRT = D_SQRT,
      |                       ^~~~~
%Warning-WIDTHTRUNC: /tmp/opentallas-core-remaining-acceptance-edge-parent-20261002-r1/scalar_suppression/sources/rtl/hdc/v41x/ot_hdc_v41x_vec_lane.sv:145:38: Operator VAR 'H_M' expects 16 bits on the Initial value, but Initial value's VARREF 'MLAT' generates 32 bits.
                                                                                                                                                             : ... note: In instance 'tb.core.g_cancel.u_impl.g_su_x.u_su.u_vec.g_lane[0].u_lane'
  145 |     localparam [15:0] H_DIV = D_DIV, H_M = MLAT, H_EXP = D_EXP, H_SIG = D_SIG, H_RSQ = D_RSQ, H_SQRT = D_SQRT,
      |                                      ^~~
%Warning-WIDTHTRUNC: /tmp/opentallas-core-remaining-acceptance-edge-parent-20261002-r1/scalar_suppression/sources/rtl/hdc/v41x/ot_hdc_v41x_vec_lane.sv:145:50: Operator VAR 'H_EXP' expects 16 bits on the Initial value, but Initial value's VARREF 'D_EXP' generates 32 bits.
                                                                                                                                                             : ... note: In instance 'tb.core.g_cancel.u_impl.g_su_x.u_su.u_vec.g_lane[0].u_lane'
  145 |     localparam [15:0] H_DIV = D_DIV, H_M = MLAT, H_EXP = D_EXP, H_SIG = D_SIG, H_RSQ = D_RSQ, H_SQRT = D_SQRT,
      |                                                  ^~~~~
%Warning-WIDTHTRUNC: /tmp/opentallas-core-remaining-acceptance-edge-parent-20261002-r1/scalar_suppression/sources/rtl/hdc/v41x/ot_hdc_v41x_vec_lane.sv:145:65: Operator VAR 'H_SIG' expects 16 bits on the Initial value, but Initial value's VARREF 'D_SIG' generates 32 bits.
                                                                                                                                                             : ... note: In instance 'tb.core.g_cancel.u_impl.g_su_x.u_su.u_vec.g_lane[0].u_lane'
  145 |     localparam [15:0] H_DIV = D_DIV, H_M = MLAT, H_EXP = D_EXP, H_SIG = D_SIG, H_RSQ = D_RSQ, H_SQRT = D_SQRT,
      |                                                                 ^~~~~
%Warning-WIDTHTRUNC: /tmp/opentallas-core-remaining-acceptance-edge-parent-20261002-r1/scalar_suppression/sources/rtl/hdc/v41x/ot_hdc_v41x_vec_lane.sv:145:80: Operator VAR 'H_RSQ' expects 16 bits on the Initial value, but Initial value's VARREF 'D_RSQ' generates 32 bits.
                                                                                                                                                             : ... note: In instance 'tb.core.g_cancel.u_impl.g_su_x.u_su.u_vec.g_lane[0].u_lane'
  145 |     localparam [15:0] H_DIV = D_DIV, H_M = MLAT, H_EXP = D_EXP, H_SIG = D_SIG, H_RSQ = D_RSQ, H_SQRT = D_SQRT,
      |                                                                                ^~~~~
%Warning-WIDTHTRUNC: /tmp/opentallas-core-remaining-acceptance-edge-parent-20261002-r1/scalar_suppression/sources/rtl/hdc/v41x/ot_hdc_v41x_vec_lane.sv:145:95: Operator VAR 'H_SQRT' expects 16 bits on the Initial value, but Initial value's VARREF 'D_SQRT' generates 32 bits.
                                                                                                                                                             : ... note: In instance 'tb.core.g_cancel.u_impl.g_su_x.u_su.u_vec.g_lane[0].u_lane'
  145 |     localparam [15:0] H_DIV = D_DIV, H_M = MLAT, H_EXP = D_EXP, H_SIG = D_SIG, H_RSQ = D_RSQ, H_SQRT = D_SQRT,
      |                                                                                               ^~~~~~
%Warning-WIDTHTRUNC: /tmp/opentallas-core-remaining-acceptance-edge-parent-20261002-r1/scalar_suppression/sources/rtl/hdc/v41x/ot_hdc_v41x_vec_lane.sv:146:23: Operator VAR 'H_SP' expects 16 bits on the Initial value, but Initial value's VARREF 'D_SP' generates 32 bits.
                                                                                                                                                             : ... note: In instance 'tb.core.g_cancel.u_impl.g_su_x.u_su.u_vec.g_lane[0].u_lane'
  146 |                       H_SP = D_SP, H_EG = D_EG;
      |                       ^~~~
%Warning-WIDTHTRUNC: /tmp/opentallas-core-remaining-acceptance-edge-parent-20261002-r1/scalar_suppression/sources/rtl/hdc/v41x/ot_hdc_v41x_vec_lane.sv:146:36: Operator VAR 'H_EG' expects 16 bits on the Initial value, but Initial value's VARREF 'D_EG' generates 32 bits.
                                                                                                                                                             : ... note: In instance 'tb.core.g_cancel.u_impl.g_su_x.u_su.u_vec.g_lane[0].u_lane'
  146 |                       H_SP = D_SP, H_EG = D_EG;
      |                                    ^~~~
%Warning-WIDTHEXPAND: /tmp/opentallas-core-remaining-acceptance-edge-parent-20261002-r1/scalar_suppression/sources/rtl/hdc/v41x/ot_hdc_v41x_vec_lane.sv:147:24: Operator VAR 'HAS_SFU' expects 32 bits on the Initial value, but Initial value's NEQ generates 1 bits.
                                                                                                                                                              : ... note: In instance 'tb.core.g_cancel.u_impl.g_su_x.u_su.u_vec.g_lane[0].u_lane'
  147 |     localparam integer HAS_SFU = (KIND != 0);
      |                        ^~~~~~~
                      ... For warning description see https://verilator.org/warn/WIDTHEXPAND?v=5.050
                      ... Use "/* verilator lint_off WIDTHEXPAND */" and lint_on around source to disable this message.
%Warning-WIDTHEXPAND: /tmp/opentallas-core-remaining-acceptance-edge-parent-20261002-r1/scalar_suppression/sources/rtl/hdc/v41x/ot_hdc_v41x_vec_lane.sv:148:24: Operator VAR 'FULL' expects 32 bits on the Initial value, but Initial value's EQ generates 1 bits.
                                                                                                                                                              : ... note: In instance 'tb.core.g_cancel.u_impl.g_su_x.u_su.u_vec.g_lane[0].u_lane'
  148 |     localparam integer FULL = (KIND == 2);
      |                        ^~~~
%Warning-WIDTHEXPAND: /tmp/opentallas-core-remaining-acceptance-edge-parent-20261002-r1/scalar_suppression/sources/rtl/hdc/v41x/ot_hdc_v41x_sfu.sv:736:66: Operator EQ expects 32 bits on the LHS, but LHS's SEL generates 16 bits.
                                                                                                                                                         : ... note: In instance 'tb.core.g_cancel.u_impl.g_su_x.u_su.u_vec.u_cf'
  736 |             for (k = 0; k < K; k = k + 1) if (DEPTHS[16*k +: 16] == p) canbe = 1'b1;
      |                                                                  ^~
%Warning-WIDTHEXPAND: /tmp/opentallas-core-remaining-acceptance-edge-parent-20261002-r1/scalar_suppression/sources/rtl/hdc/v41x/ot_hdc_v41x_sfu.sv:532:32: Operator VAR 'TWO' expects 32 bits on the Initial value, but Initial value's LTS generates 1 bits.
                                                                                                                                                         : ... note: In instance 'tb.core.g_cancel.u_impl.g_su_x.u_su.u_vec.u_side.u_sp.u_div'
  532 |             localparam integer TWO = (2 * j + 1 < QB);
      |                                ^~~
%Warning-WIDTHEXPAND: /tmp/opentallas-core-remaining-acceptance-edge-parent-20261002-r1/scalar_suppression/sources/rtl/hdc/v41x/ot_hdc_v41x_sfu.sv:486:47: Operator SUB expects 10 bits on the LHS, but LHS's VARREF 'e' generates 8 bits.
                                                                                                                                                         : ... note: In instance 'tb.core.g_cancel.u_impl.g_su_x.u_su.u_vec.u_side.u_sp.u_div'
  486 |             if (e != 8'd0) norm = {1'b1, f, e - 10'sd127};
      |                                               ^
%Warning-WIDTHTRUNC: /tmp/opentallas-core-remaining-acceptance-edge-parent-20261002-r1/scalar_suppression/sources/rtl/hdc/v41x/ot_hdc_v41x_sfu.sv:537:37: Logical operator COND expects 1 bit on the Conditional Test, but Conditional Test's VARREF 'TWO' generates 32 bits.
                                                                                                                                                        : ... note: In instance 'tb.core.g_cancel.u_impl.g_su_x.u_su.u_vec.u_side.u_sp.u_div'
  537 |                                 TWO ? {r_rem[j-1][24:0], 2'b0} : {1'b0, r_rem[j-1][24:0], 1'b0};
      |                                     ^
%Warning-WIDTHTRUNC: /tmp/opentallas-core-remaining-acceptance-edge-parent-20261002-r1/scalar_suppression/sources/rtl/hdc/v41x/ot_hdc_v41x_sfu.sv:545:34: Logical operator COND expects 1 bit on the Conditional Test, but Conditional Test's VARREF 'TWO' generates 32 bits.
                                                                                                                                                        : ... note: In instance 'tb.core.g_cancel.u_impl.g_su_x.u_su.u_vec.u_side.u_sp.u_div'
  545 |                 r_q[j]    <= TWO ? {qin[QB-3:0], q} : {qin[QB-2:0], q[0]};
      |                                  ^
%Warning-WIDTHTRUNC: /tmp/opentallas-core-remaining-acceptance-edge-parent-20261002-r1/scalar_suppression/sources/rtl/hdc/v41x/ot_hdc_v41x_sfu.sv:383:79: Input port connection 'b' expects 32 bits on the pin connection, but pin connection's REPLICATE generates 46 bits.
                                                                                                                                                        : ... note: In instance 'tb.core.g_cancel.u_impl.g_su_x.u_su.u_vec.u_side.u_sp.u_exp'
  383 |     ot_hdc_kadd #(.W(32), .K((LM != 3 || LA != 3) ? 1 : 0)) u_yn (.a(pa[6]), .b({{14{nint_d[8]}}, nint_d, 23'd0}), .cin(1'b0),
      |                                                                               ^
%Warning-WIDTHEXPAND: /tmp/opentallas-core-remaining-acceptance-edge-parent-20261002-r1/scalar_suppression/sources/rtl/hdc/v41/ot_hdc_fsqrt.sv:122:38: Operator ADD expects 32 bits on the RHS, but RHS's ARRAYSEL generates 12 bits.
                                                                                                                                                     : ... note: In instance 'tb.core.g_cancel.u_impl.g_su_x.u_su.u_vec.u_side.u_sp.u_sq'
  122 |             f_unb    <= $signed(TOP) + half_stage[STAGES] - $signed(FRAC_SHIFT);
      |                                      ^
%Warning-WIDTHTRUNC: /tmp/opentallas-core-remaining-acceptance-edge-parent-20261002-r1/scalar_suppression/sources/rtl/hdc/v41/ot_hdc_fsqrt.sv:122:22: Operator ASSIGNDLY expects 12 bits on the Assign RHS, but Assign RHS's SUB generates 32 bits.
                                                                                                                                                    : ... note: In instance 'tb.core.g_cancel.u_impl.g_su_x.u_su.u_vec.u_side.u_sp.u_sq'
  122 |             f_unb    <= $signed(TOP) + half_stage[STAGES] - $signed(FRAC_SHIFT);
      |                      ^~
%Warning-WIDTHEXPAND: /tmp/opentallas-core-remaining-acceptance-edge-parent-20261002-r1/scalar_suppression/sources/rtl/hdc/v41/ot_hdc_fsqrt.sv:127:42: Operator ADD expects 32 bits on the RHS, but RHS's ARRAYSEL generates 12 bits.
                                                                                                                                                     : ... note: In instance 'tb.core.g_cancel.u_impl.g_su_x.u_su.u_vec.u_side.u_sp.u_sq'
  127 |             f_unb    <= $signed(TOP - 1) + half_stage[STAGES] - $signed(FRAC_SHIFT);
      |                                          ^
%Warning-WIDTHTRUNC: /tmp/opentallas-core-remaining-acceptance-edge-parent-20261002-r1/scalar_suppression/sources/rtl/hdc/v41/ot_hdc_fsqrt.sv:127:22: Operator ASSIGNDLY expects 12 bits on the Assign RHS, but Assign RHS's SUB generates 32 bits.
                                                                                                                                                    : ... note: In instance 'tb.core.g_cancel.u_impl.g_su_x.u_su.u_vec.u_side.u_sp.u_sq'
  127 |             f_unb    <= $signed(TOP - 1) + half_stage[STAGES] - $signed(FRAC_SHIFT);
      |                      ^~
%Warning-WIDTHEXPAND: /tmp/opentallas-core-remaining-acceptance-edge-parent-20261002-r1/scalar_suppression/sources/rtl/hdc/v41x/ot_hdc_v41x_sfu.sv:729:66: Operator EQ expects 32 bits on the LHS, but LHS's SEL generates 16 bits.
                                                                                                                                                         : ... note: In instance 'tb.core.g_cancel.u_impl.g_su_x.u_su.u_vec.g_lane[63].u_lane.g_sfu.g_vec.u_l4'
  729 |             for (k = 0; k < K; k = k + 1) if (DEPTHS[16*k +: 16] == p && s[k]) has = 1'b1;
      |                                                                  ^~
%Warning-WIDTHEXPAND: /tmp/opentallas-core-remaining-acceptance-edge-parent-20261002-r1/scalar_suppression/sources/rtl/hdc/v41x/ot_hdc_v41x_vec_red.sv:226:86: Operator EQ expects 32 bits on the LHS, but LHS's SEL generates 4 bits.
                                                                                                                                                             : ... note: In instance 'tb.core.g_cancel.u_impl.g_su_x.u_su.u_vec.u_red'
  226 |     always @(*) for (h = 0; h <= LC; h = h + 1) hit[h] = tv[h] && (tt[h][TAG-2 -: 4] == h);
      |                                                                                      ^~
%Warning-SELRANGE: /tmp/opentallas-core-remaining-acceptance-edge-parent-20261002-r1/scalar_suppression/sources/rtl/hdc/v41x/ot_hdc_v41x_vec_lane.sv:205:57: Extracting 30 bits from only 24 bit number
                                                                                                                                                           : ... note: In instance 'tb.core.g_cancel.u_impl.g_su_x.u_su.u_vec.g_lane[255].u_lane'
  205 |     ot_hdc_kadd #(.W(AW), .K(K)) u_rwc (.a(krow), .b(d_o[AW-1:0]), .cin(1'b0), .s(row_c), .cout(unused_c0[2]));
      |                                                         ^
                   ... For warning description see https://verilator.org/warn/SELRANGE?v=5.050
                   ... Use "/* verilator lint_off SELRANGE */" and lint_on around source to disable this message.
%Warning-SELRANGE: /tmp/opentallas-core-remaining-acceptance-edge-parent-20261002-r1/scalar_suppression/sources/rtl/hdc/v41x/ot_hdc_v41x_vec_lane.sv:205:57: Selection index out of range: 29:0 outside 23:0
                                                                                                                                                           : ... note: In instance 'tb.core.g_cancel.u_impl.g_su_x.u_su.u_vec.g_lane[255].u_lane'
  205 |     ot_hdc_kadd #(.W(AW), .K(K)) u_rwc (.a(krow), .b(d_o[AW-1:0]), .cin(1'b0), .s(row_c), .cout(unused_c0[2]));
      |                                                         ^
%Warning-SELRANGE: /tmp/opentallas-core-remaining-acceptance-edge-parent-20261002-r1/scalar_suppression/sources/rtl/hdc/v41x/ot_hdc_v41x_vec_lane.sv:388:59: Extracting 26 bits from only 24 bit number
                                                                                                                                                           : ... note: In instance 'tb.core.g_cancel.u_impl.g_su_x.u_su.u_vec.g_lane[255].u_lane'
  388 |     ot_hdc_kadd #(.W(AW), .K(K)) u_kv2 (.a(kvt1), .b({il_e[AW-5:0], row_e[3:0]}), .cin(1'b0), .s(kvt), .cout(unused_c1[1]));
      |                                                           ^
%Warning-SELRANGE: /tmp/opentallas-core-remaining-acceptance-edge-parent-20261002-r1/scalar_suppression/sources/rtl/hdc/v41x/ot_hdc_v41x_vec_lane.sv:388:59: Selection index out of range: 25:0 outside 23:0
                                                                                                                                                           : ... note: In instance 'tb.core.g_cancel.u_impl.g_su_x.u_su.u_vec.g_lane[255].u_lane'
  388 |     ot_hdc_kadd #(.W(AW), .K(K)) u_kv2 (.a(kvt1), .b({il_e[AW-5:0], row_e[3:0]}), .cin(1'b0), .s(kvt), .cout(unused_c1[1]));
      |                                                           ^
%Warning-SELRANGE: /tmp/opentallas-core-remaining-acceptance-edge-parent-20261002-r1/scalar_suppression/sources/rtl/hdc/v41x/ot_hdc_v41x_vec_lane.sv:389:82: Extracting 30 bits from only 24 bit number
                                                                                                                                                           : ... note: In instance 'tb.core.g_cancel.u_impl.g_su_x.u_su.u_vec.g_lane[255].u_lane'
  389 |     ot_hdc_kadd #(.W(AW), .K(K)) u_via (.a(aibase_e), .b((aind_e == IND_I) ? il_e[AW-1:0] : ol_e[AW-1:0]), .cin(1'b0),
      |                                                                                  ^
%Warning-SELRANGE: /tmp/opentallas-core-remaining-acceptance-edge-parent-20261002-r1/scalar_suppression/sources/rtl/hdc/v41x/ot_hdc_v41x_vec_lane.sv:389:82: Selection index out of range: 29:0 outside 23:0
                                                                                                                                                           : ... note: In instance 'tb.core.g_cancel.u_impl.g_su_x.u_su.u_vec.g_lane[255].u_lane'
  389 |     ot_hdc_kadd #(.W(AW), .K(K)) u_via (.a(aibase_e), .b((aind_e == IND_I) ? il_e[AW-1:0] : ol_e[AW-1:0]), .cin(1'b0),
      |                                                                                  ^
%Warning-SELRANGE: /tmp/opentallas-core-remaining-acceptance-edge-parent-20261002-r1/scalar_suppression/sources/rtl/hdc/v41x/ot_hdc_v41x_vec_lane.sv:389:97: Extracting 30 bits from only 24 bit number
                                                                                                                                                           : ... note: In instance 'tb.core.g_cancel.u_impl.g_su_x.u_su.u_vec.g_lane[255].u_lane'
  389 |     ot_hdc_kadd #(.W(AW), .K(K)) u_via (.a(aibase_e), .b((aind_e == IND_I) ? il_e[AW-1:0] : ol_e[AW-1:0]), .cin(1'b0),
      |                                                                                                 ^
%Warning-SELRANGE: /tmp/opentallas-core-remaining-acceptance-edge-parent-20261002-r1/scalar_suppression/sources/rtl/hdc/v41x/ot_hdc_v41x_vec_lane.sv:389:97: Selection index out of range: 29:0 outside 23:0
                                                                                                                                                           : ... note: In instance 'tb.core.g_cancel.u_impl.g_su_x.u_su.u_vec.g_lane[255].u_lane'
  389 |     ot_hdc_kadd #(.W(AW), .K(K)) u_via (.a(aibase_e), .b((aind_e == IND_I) ? il_e[AW-1:0] : ol_e[AW-1:0]), .cin(1'b0),
      |                                                                                                 ^
%Warning-WIDTHEXPAND: /tmp/opentallas-core-remaining-acceptance-edge-parent-20261002-r1/scalar_suppression/sources/rtl/hdc/v41/ot_hdc_chunk8_stack.sv:59:25: Operator GTE expects 32 bits on the LHS, but LHS's VARREF 'idx' generates 8 bits.
                                                                                                                                                           : ... note: In instance 'tb.core.g_cancel.u_impl.u_qe.g_cp[0].g_lane[15].u_bd.g_chunk8.u_stack'
   59 |                    (idx >= MAX_BLOCKS);
      |                         ^~
%Warning-WIDTHEXPAND: /tmp/opentallas-core-remaining-acceptance-edge-parent-20261002-r1/scalar_suppression/sources/rtl/chip/ot_chip_v41x_window_row_codec.sv:66:51: Operator SHIFTR expects 32 bits on the LHS, but LHS's VARREF 'element_index' generates 9 bits.
                                                                                                                                                                  : ... note: In instance 'tb.src.g_recovery.u_impl.u_codec'
   66 |         scale = row[4096+8*integer'(element_index >> 5) +: 8];
      |                                                   ^~
%Warning-WIDTHTRUNC: /tmp/opentallas-core-remaining-acceptance-edge-parent-20261002-r1/scalar_suppression/sources/rtl/test/w17_window_actual_producer_cancel_declaration_repaired/ot_hdc_v41x_window_kv_blocks_cancel.sv:277:48: Logical operator COND expects 1 bit on the Conditional Test, but Conditional Test's VARREF 'SEPARATE_ROWS' generates 32 bits.
                                                                                                                                                                                                                               : ... note: In instance 'tb.core.g_cancel.u_impl.g_packed_window_write.u_blocks.g_cancel.u_impl'
  277 |     wire [POS_W-1:0] issue_abs = SEPARATE_ROWS ? issue_abs_row : issue_row;
      |                                                ^
%Warning-WIDTHTRUNC: /tmp/opentallas-core-remaining-acceptance-edge-parent-20261002-r1/scalar_suppression/sources/rtl/test/w17_window_actual_producer_cancel_declaration_repaired/ot_hdc_v41x_window_kv_blocks_cancel.sv:284:333: Logical operator LOGAND expects 1 bit on the LHS, but LHS's VARREF 'SEPARATE_ROWS' generates 32 bits.
                                                                                                                                                                                                                                : ... note: In instance 'tb.core.g_cancel.u_impl.g_packed_window_write.u_blocks.g_cancel.u_impl'
%Warning-WIDTHTRUNC: /tmp/opentallas-core-remaining-acceptance-edge-parent-20261002-r1/scalar_suppression/sources/rtl/test/w17_window_actual_producer_cancel_declaration_repaired/ot_hdc_v41x_window_kv_blocks_cancel.sv:336:36: Logical operator LOGAND expects 1 bit on the LHS, but LHS's VARREF 'SEPARATE_ROWS' generates 32 bits.
                                                                                                                                                                                                                               : ... note: In instance 'tb.core.g_cancel.u_impl.g_packed_window_write.u_blocks.g_cancel.u_impl'
  336 |                     (SEPARATE_ROWS && issue_row >= POS_W'(128)) ||
      |                                    ^~
%Warning-WIDTHEXPAND: /tmp/opentallas-core-remaining-acceptance-edge-parent-20261002-r1/scalar_suppression/sources/rtl/hdc/v41/ot_hdc_blockdot.sv:152:30: Operator EQ expects 32 bits on the LHS, but LHS's VARREF 'phase' generates 3 bits.
                                                                                                                                                        : ... note: In instance 'tb.core.g_cancel.u_impl.u_qe.g_cp[0].g_lane[15].u_bd'
  152 |         else phase <= (phase == IL - 1) ? {PW{1'b0}} : phase + 1'b1;
      |                              ^~
%Warning-WIDTHTRUNC: /tmp/opentallas-core-remaining-acceptance-edge-parent-20261002-r1/scalar_suppression/sources/rtl/hdc/v41x/ot_hdc_v41x_vec.sv:255:72: Operator ASSIGN expects 5 bits on the Assign RHS, but Assign RHS's ADD generates 32 bits.
                                                                                                                                                        : ... note: In instance 'tb.core.g_cancel.u_impl.g_su_x.u_su.u_vec'
  255 |             for (b = 0; b < 32; b = b + 1) if ((32'd1 << b) < x) log2c = b + 1;
      |                                                                        ^
%Warning-WIDTHTRUNC: /tmp/opentallas-core-remaining-acceptance-edge-parent-20261002-r1/scalar_suppression/sources/rtl/hdc/v41x/ot_hdc_v41x_vec.sv:262:60: Operator ASSIGN expects 5 bits on the Assign RHS, but Assign RHS's VARREF 'b' generates 32 bits.
                                                                                                                                                        : ... note: In instance 'tb.core.g_cancel.u_impl.g_su_x.u_su.u_vec'
  262 |             for (b = 0; b < 32; b = b + 1) if (x[b]) log2f = b;
      |                                                            ^
%Warning-WIDTHTRUNC: /tmp/opentallas-core-remaining-acceptance-edge-parent-20261002-r1/scalar_suppression/sources/rtl/hdc/v41x/ot_hdc_v41x_vec.sv:269:65: Operator ASSIGN expects 5 bits on the Assign RHS, but Assign RHS's VARREF 'b' generates 32 bits.
                                                                                                                                                        : ... note: In instance 'tb.core.g_cancel.u_impl.g_su_x.u_su.u_vec'
  269 |             for (b = CW - 1; b >= 0; b = b - 1) if (x[b]) tzero = b;
      |                                                                 ^
%Warning-WIDTHTRUNC: /tmp/opentallas-core-remaining-acceptance-edge-parent-20261002-r1/scalar_suppression/sources/rtl/hdc/v41x/ot_hdc_v41x_vec.sv:284:28: Operator ASSIGN expects 8 bits on the Assign RHS, but Assign RHS's VARREF 'D_EXP' generates 32 bits.
                                                                                                                                                        : ... note: In instance 'tb.core.g_cancel.u_impl.g_su_x.u_su.u_vec'
  284 |             SFU_EXP: sfu_d = D_EXP;
      |                            ^
%Warning-WIDTHTRUNC: /tmp/opentallas-core-remaining-acceptance-edge-parent-20261002-r1/scalar_suppression/sources/rtl/hdc/v41x/ot_hdc_v41x_vec.sv:285:39: Operator ASSIGN expects 8 bits on the Assign RHS, but Assign RHS's VARREF 'D_SIG' generates 32 bits.
                                                                                                                                                        : ... note: In instance 'tb.core.g_cancel.u_impl.g_su_x.u_su.u_vec'
  285 |             SFU_SIGM, SFU_SILU: sfu_d = D_SIG;
      |                                       ^
%Warning-WIDTHTRUNC: /tmp/opentallas-core-remaining-acceptance-edge-parent-20261002-r1/scalar_suppression/sources/rtl/hdc/v41x/ot_hdc_v41x_vec.sv:286:30: Operator ASSIGN expects 8 bits on the Assign RHS, but Assign RHS's VARREF 'D_RSQ' generates 32 bits.
                                                                                                                                                        : ... note: In instance 'tb.core.g_cancel.u_impl.g_su_x.u_su.u_vec'
  286 |             SFU_RSQRT: sfu_d = D_RSQ;
      |                              ^
%Warning-WIDTHTRUNC: /tmp/opentallas-core-remaining-acceptance-edge-parent-20261002-r1/scalar_suppression/sources/rtl/hdc/v41x/ot_hdc_v41x_vec.sv:287:29: Operator ASSIGN expects 8 bits on the Assign RHS, but Assign RHS's VARREF 'D_SQRT' generates 32 bits.
                                                                                                                                                        : ... note: In instance 'tb.core.g_cancel.u_impl.g_su_x.u_su.u_vec'
  287 |             SFU_SQRT: sfu_d = D_SQRT;
      |                             ^
%Warning-WIDTHTRUNC: /tmp/opentallas-core-remaining-acceptance-edge-parent-20261002-r1/scalar_suppression/sources/rtl/hdc/v41x/ot_hdc_v41x_vec.sv:288:31: Operator ASSIGN expects 8 bits on the Assign RHS, but Assign RHS's VARREF 'D_SP' generates 32 bits.
                                                                                                                                                        : ... note: In instance 'tb.core.g_cancel.u_impl.g_su_x.u_su.u_vec'
  288 |             SFU_SPSQRT: sfu_d = D_SP;
      |                               ^
%Warning-WIDTHTRUNC: /tmp/opentallas-core-remaining-acceptance-edge-parent-20261002-r1/scalar_suppression/sources/rtl/hdc/v41x/ot_hdc_v41x_vec.sv:289:30: Operator ASSIGN expects 8 bits on the Assign RHS, but Assign RHS's VARREF 'D_EG' generates 32 bits.
                                                                                                                                                        : ... note: In instance 'tb.core.g_cancel.u_impl.g_su_x.u_su.u_vec'
  289 |             SFU_EGATE: sfu_d = D_EG;
      |                              ^
%Warning-WIDTHEXPAND: /tmp/opentallas-core-remaining-acceptance-edge-parent-20261002-r1/scalar_suppression/sources/rtl/hdc/v41x/ot_hdc_v41x_vec.sv:331:24: Operator ASSIGNW expects 30 bits on the Assign RHS, but Assign RHS's VARREF 'q_nin' generates 21 bits.
                                                                                                                                                         : ... note: In instance 'tb.core.g_cancel.u_impl.g_su_x.u_su.u_vec'
  331 |     wire [AW-1:0] ni_a = q_nin;
      |                        ^
%Warning-WIDTHEXPAND: /tmp/opentallas-core-remaining-acceptance-edge-parent-20261002-r1/scalar_suppression/sources/rtl/hdc/v41x/ot_hdc_v41x_vec.sv:332:32: Operator SHIFTR expects 30 bits on the LHS, but LHS's VARREF 'q_nin' generates 21 bits.
                                                                                                                                                         : ... note: In instance 'tb.core.g_cancel.u_impl.g_su_x.u_su.u_vec'
  332 |     wire [AW-1:0] ni_h = q_nin >> 1;
      |                                ^~
%Warning-WIDTHEXPAND: /tmp/opentallas-core-remaining-acceptance-edge-parent-20261002-r1/scalar_suppression/sources/rtl/hdc/v41x/ot_hdc_v41x_vec.sv:349:36: Operator COND expects 24 bits on the Conditional False, but Conditional False's VARREF 'q_nin' generates 21 bits.
                                                                                                                                                         : ... note: In instance 'tb.core.g_cancel.u_impl.g_su_x.u_su.u_vec'
  349 |         s_ni <= (s1_cand && s1_ok) ? q_nout * q_nin : q_nin;
      |                                    ^
%Warning-WIDTHEXPAND: /tmp/opentallas-core-remaining-acceptance-edge-parent-20261002-r1/scalar_suppression/sources/rtl/hdc/v41x/ot_hdc_v41x_vec.sv:350:36: Operator COND expects 32 or 24 bits on the Conditional False, but Conditional False's VARREF 'q_nout' generates 21 bits.
                                                                                                                                                         : ... note: In instance 'tb.core.g_cancel.u_impl.g_su_x.u_su.u_vec'
  350 |         s_no <= (s1_cand && s1_ok) ? 1 : q_nout;
      |                                    ^
%Warning-WIDTHEXPAND: /tmp/opentallas-core-remaining-acceptance-edge-parent-20261002-r1/scalar_suppression/sources/rtl/hdc/v41x/ot_hdc_v41x_vec.sv:362:71: Operator COND expects 32 bits on the Conditional True, but Conditional True's VARREF 's_ni' generates 24 bits.
                                                                                                                                                         : ... note: In instance 'tb.core.g_cancel.u_impl.g_su_x.u_su.u_vec'
  362 |     wire [4:0] c_lsz = s_wnf ? c_tz : log2c((s_ni > (red_on ? 8 : 1)) ? s_ni : (red_on ? 8 : 1));
      |                                                                       ^
%Warning-WIDTHEXPAND: /tmp/opentallas-core-remaining-acceptance-edge-parent-20261002-r1/scalar_suppression/sources/rtl/hdc/v41x/ot_hdc_v41x_vec.sv:363:30: Operator GT expects 5 bits on the RHS, but RHS's VARREF 'c_lvw' generates 4 bits.
                                                                                                                                                         : ... note: In instance 'tb.core.g_cancel.u_impl.g_su_x.u_su.u_vec'
  363 |     wire [3:0] c_ls = (c_lsz > c_lvw) ? c_lvw : c_lsz[3:0];
      |                              ^
%Warning-WIDTHEXPAND: /tmp/opentallas-core-remaining-acceptance-edge-parent-20261002-r1/scalar_suppression/sources/rtl/hdc/v41x/ot_hdc_v41x_vec.sv:368:22: Operator FUNCREF 'log2c' expects 32 bits on the Function Argument, but Function Argument's VARREF 'c_nvs' generates 24 bits.
                                                                                                                                                         : ... note: In instance 'tb.core.g_cancel.u_impl.g_su_x.u_su.u_vec'
  368 |     wire [4:0] c_L = log2c(c_nvs);
      |                      ^~~~~
%Warning-WIDTHEXPAND: /tmp/opentallas-core-remaining-acceptance-edge-parent-20261002-r1/scalar_suppression/sources/rtl/hdc/v41x/ot_hdc_v41x_vec.sv:380:70: Operator GT expects 32 bits on the LHS, but LHS's VARREF 'c_L' generates 5 bits.
                                                                                                                                                         : ... note: In instance 'tb.core.g_cancel.u_impl.g_su_x.u_su.u_vec'
  380 |     wire c_bad = (red_on && scalar_c) || s_flatbad || (c_span && c_L > LV) || (c_gather && !pow2(c_gstr));
      |                                                                      ^
%Warning-WIDTHEXPAND: /tmp/opentallas-core-remaining-acceptance-edge-parent-20261002-r1/scalar_suppression/sources/rtl/hdc/v41x/ot_hdc_v41x_vec.sv:399:73: Operator SUB expects 32 bits on the RHS, but RHS's VARREF 'c_ls' generates 4 bits.
                                                                                                                                                         : ... note: In instance 'tb.core.g_cancel.u_impl.g_su_x.u_su.u_vec'
  399 |                     else c_terms[(s*LN + kk)*AW +: AW] = so_s[s] << (kk - c_ls);
      |                                                                         ^
%Warning-WIDTHEXPAND: /tmp/opentallas-core-remaining-acceptance-edge-parent-20261002-r1/scalar_suppression/sources/rtl/hdc/v41x/ot_hdc_v41x_vec.sv:423:18: Operator FUNCREF 'log2f' expects 32 bits on the Function Argument, but Function Argument's VARREF 'c_gstr' generates 30 bits.
                                                                                                                                                         : ... note: In instance 'tb.core.g_cancel.u_impl.g_su_x.u_su.u_vec'
  423 |         p_gsh <= log2f(c_gstr); p_rsh <= log2f(q_rso);
      |                  ^~~~~
%Warning-WIDTHEXPAND: /tmp/opentallas-core-remaining-acceptance-edge-parent-20261002-r1/scalar_suppression/sources/rtl/hdc/v41x/ot_hdc_v41x_vec.sv:423:42: Operator FUNCREF 'log2f' expects 32 bits on the Function Argument, but Function Argument's VARREF 'q_rso' generates 30 bits.
                                                                                                                                                         : ... note: In instance 'tb.core.g_cancel.u_impl.g_su_x.u_su.u_vec'
  423 |         p_gsh <= log2f(c_gstr); p_rsh <= log2f(q_rso);
      |                                          ^~~~~
%Warning-SELRANGE: /tmp/opentallas-core-remaining-acceptance-edge-parent-20261002-r1/scalar_suppression/sources/rtl/hdc/v41x/ot_hdc_v41x_vec.sv:554:37: Extracting 30 bits from only 24 bit number
                                                                                                                                                      : ... note: In instance 'tb.core.g_cancel.u_impl.g_su_x.u_su.u_vec'
  554 |                 krow <= krow + nslot[AW-1:0];
      |                                     ^
%Warning-SELRANGE: /tmp/opentallas-core-remaining-acceptance-edge-parent-20261002-r1/scalar_suppression/sources/rtl/hdc/v41x/ot_hdc_v41x_vec.sv:554:37: Selection index out of range: 29:0 outside 23:0
                                                                                                                                                      : ... note: In instance 'tb.core.g_cancel.u_impl.g_su_x.u_su.u_vec'
  554 |                 krow <= krow + nslot[AW-1:0];
      |                                     ^
%Warning-WIDTHEXPAND: /tmp/opentallas-core-remaining-acceptance-edge-parent-20261002-r1/scalar_suppression/sources/rtl/hdc/v41/ot_hdc_fp4qdq.sv:151:28: Operator GT expects 32 bits on the LHS, but LHS's VARREF 'ma' generates 24 bits.
                                                                                                                                                      : ... note: In instance 'tb.core.g_cancel.u_impl.u_qe.u_fq'
  151 |                     if (ma > (3 * (17 + 2 * j)) * (1 << 18) ||
      |                            ^
%Warning-WIDTHEXPAND: /tmp/opentallas-core-remaining-acceptance-edge-parent-20261002-r1/scalar_suppression/sources/rtl/hdc/v41/ot_hdc_fp4qdq.sv:152:29: Operator EQ expects 32 bits on the LHS, but LHS's VARREF 'ma' generates 24 bits.
                                                                                                                                                      : ... note: In instance 'tb.core.g_cancel.u_impl.u_qe.u_fq'
  152 |                         (ma == (3 * (17 + 2 * j)) * (1 << 18) && (j % 2) == 1)) cnt = cnt + 5'd1;
      |                             ^~
%Warning-WIDTHEXPAND: /tmp/opentallas-core-remaining-acceptance-edge-parent-20261002-r1/scalar_suppression/sources/rtl/hdc/v41/ot_hdc_fp4qdq.sv:160:28: Operator GT expects 32 bits on the LHS, but LHS's VARREF 'ma' generates 24 bits.
                                                                                                                                                      : ... note: In instance 'tb.core.g_cancel.u_impl.u_qe.u_fq'
  160 |                     if (ma > (3 * (17 + 2 * j)) * (1 << 17) ||
      |                            ^
%Warning-WIDTHEXPAND: /tmp/opentallas-core-remaining-acceptance-edge-parent-20261002-r1/scalar_suppression/sources/rtl/hdc/v41/ot_hdc_fp4qdq.sv:161:29: Operator EQ expects 32 bits on the LHS, but LHS's VARREF 'ma' generates 24 bits.
                                                                                                                                                      : ... note: In instance 'tb.core.g_cancel.u_impl.u_qe.u_fq'
  161 |                         (ma == (3 * (17 + 2 * j)) * (1 << 17) && (j % 2) == 1)) cnt = cnt + 5'd1;
      |                             ^~
%Warning-WIDTHEXPAND: /tmp/opentallas-core-remaining-acceptance-edge-parent-20261002-r1/scalar_suppression/sources/rtl/hdc/v41/ot_hdc_actquant.sv:243:37: Operator ADD expects 12 bits on the RHS, but RHS's ARRAYSEL generates 5 bits.
                                                                                                                                                        : ... note: In instance 'tb.core.g_cancel.u_impl.u_qe.u_aq'
  243 |             be = $signed({9'd0, p}) + s10_g[i] - (s10_fp4 ? 12'sd1 : 12'sd3) + s10_e + 12'sd127;
      |                                     ^
%Warning-WIDTHEXPAND: /tmp/opentallas-core-remaining-acceptance-edge-parent-20261002-r1/scalar_suppression/sources/rtl/hdc/v41/ot_hdc_actquant.sv:243:78: Operator ADD expects 12 bits on the RHS, but RHS's VARREF 's10_e' generates 10 bits.
                                                                                                                                                        : ... note: In instance 'tb.core.g_cancel.u_impl.u_qe.u_aq'
  243 |             be = $signed({9'd0, p}) + s10_g[i] - (s10_fp4 ? 12'sd1 : 12'sd3) + s10_e + 12'sd127;
      |                                                                              ^
%Warning-WIDTHEXPAND: /tmp/opentallas-core-remaining-acceptance-edge-parent-20261002-r1/scalar_suppression/sources/rtl/hdc/v41/ot_hdc_actquant.sv:245:28: Operator SUB expects 12 bits on the LHS, but LHS's ARRAYSEL generates 5 bits.
                                                                                                                                                        : ... note: In instance 'tb.core.g_cancel.u_impl.u_qe.u_aq'
  245 |             shs = s10_g[i] - (s10_fp4 ? 12'sd1 : 12'sd3) + s10_e + 12'sd133;
      |                            ^
%Warning-WIDTHEXPAND: /tmp/opentallas-core-remaining-acceptance-edge-parent-20261002-r1/scalar_suppression/sources/rtl/hdc/v41/ot_hdc_actquant.sv:245:58: Operator ADD expects 12 bits on the RHS, but RHS's VARREF 's10_e' generates 10 bits.
                                                                                                                                                        : ... note: In instance 'tb.core.g_cancel.u_impl.u_qe.u_aq'
  245 |             shs = s10_g[i] - (s10_fp4 ? 12'sd1 : 12'sd3) + s10_e + 12'sd133;
      |                                                          ^
%Warning-WIDTHTRUNC: /tmp/opentallas-core-remaining-acceptance-edge-parent-20261002-r1/scalar_suppression/sources/rtl/hdc/v41/ot_hdc_v41_qe.sv:139:57: Operator ASSIGNDLY expects 25 bits on the Assign RHS, but Assign RHS's MUL generates 32 bits.
                                                                                                                                                     : ... note: In instance 'tb.core.g_cancel.u_impl.u_qe'
  139 |                     wtotal <= i_tiles * i_nb * IL; otot <= i_tiles * IL;
      |                                                         ^~
%Warning-WIDTHEXPAND: /tmp/opentallas-core-remaining-acceptance-edge-parent-20261002-r1/scalar_suppression/sources/rtl/hdc/v41/ot_hdc_v41_qe.sv:149:56: Operator ADD expects 30 bits on the RHS, but RHS's REPLICATE generates 13 bits.
                                                                                                                                                      : ... note: In instance 'tb.core.g_cancel.u_impl.u_qe'
  149 |                         xr_re <= 1'b1; xr_addr <= rd_x + {rd_b, 5'd0}; rd_n <= rd_n + 1'b1;
      |                                                        ^
%Warning-WIDTHEXPAND: /tmp/opentallas-core-remaining-acceptance-edge-parent-20261002-r1/scalar_suppression/sources/rtl/hdc/v41/ot_hdc_v41_qe.sv:157:36: Operator EQ expects 32 bits on the LHS, but LHS's VARREF 'phase' generates 3 bits.
                                                                                                                                                      : ... note: In instance 'tb.core.g_cancel.u_impl.u_qe'
  157 |                 S_ALIGN: if (phase == IL - 4) st <= S_ROWS;
      |                                    ^~
%Warning-WIDTHEXPAND: /tmp/opentallas-core-remaining-acceptance-edge-parent-20261002-r1/scalar_suppression/sources/rtl/hdc/v41/ot_hdc_v41_qe.sv:195:50: Operator ADD expects 32 bits on the RHS, but RHS's SEL generates 8 bits.
                                                                                                                                                      : ... note: In instance 'tb.core.g_cancel.u_impl.u_qe'
  195 |     wire [$clog2(MP*NBMAX)-1:0] qwa = qp * NBMAX + qb[$clog2(NBMAX)-1:0];
      |                                                  ^
%Warning-WIDTHTRUNC: /tmp/opentallas-core-remaining-acceptance-edge-parent-20261002-r1/scalar_suppression/sources/rtl/hdc/v41/ot_hdc_v41_qe.sv:195:37: Operator ASSIGNW expects 8 bits on the Assign RHS, but Assign RHS's ADD generates 32 bits.
                                                                                                                                                     : ... note: In instance 'tb.core.g_cancel.u_impl.u_qe'
  195 |     wire [$clog2(MP*NBMAX)-1:0] qwa = qp * NBMAX + qb[$clog2(NBMAX)-1:0];
      |                                     ^
%Warning-WIDTHEXPAND: /tmp/opentallas-core-remaining-acceptance-edge-parent-20261002-r1/scalar_suppression/sources/rtl/hdc/v41/ot_hdc_v41_qe.sv:220:21: Operator EQ expects 32 bits on the LHS, but LHS's VARREF 'j_c' generates 3 bits.
                                                                                                                                                      : ... note: In instance 'tb.core.g_cancel.u_impl.u_qe'
  220 |             if (j_c == IL - 1) kb_c <= (kb_c + 1 == nb) ? 8'd0 : kb_c + 1'b1;
      |                     ^~
%Warning-WIDTHEXPAND: /tmp/opentallas-core-remaining-acceptance-edge-parent-20261002-r1/scalar_suppression/sources/rtl/hdc/v41/ot_hdc_v41_qe.sv:235:54: Operator ADD expects 32 bits on the RHS, but RHS's SEL generates 8 bits.
                                                                                                                                                      : ... note: In instance 'tb.core.g_cancel.u_impl.u_qe'
  235 |             b_xq[bp*256 +: 256] <= xq_buf[bp * NBMAX + kb1[$clog2(NBMAX)-1:0]];
      |                                                      ^
%Warning-WIDTHEXPAND: /tmp/opentallas-core-remaining-acceptance-edge-parent-20261002-r1/scalar_suppression/sources/rtl/hdc/v41/ot_hdc_v41_qe.sv:236:52: Operator ADD expects 32 bits on the RHS, but RHS's SEL generates 8 bits.
                                                                                                                                                      : ... note: In instance 'tb.core.g_cancel.u_impl.u_qe'
  236 |             b_xe[bp*10 +: 10] <= xe_buf[bp * NBMAX + kb1[$clog2(NBMAX)-1:0]];
      |                                                    ^
%Warning-WIDTHEXPAND: /tmp/opentallas-core-remaining-acceptance-edge-parent-20261002-r1/scalar_suppression/sources/rtl/hdc/v41/ot_hdc_v41_qe.sv:280:31: Operator ADD expects 30 bits on the RHS, but RHS's REPLICATE generates 13 bits.
                                                                                                                                                      : ... note: In instance 'tb.core.g_cancel.u_impl.u_qe'
  280 |         kvb_src_addr <= obase + {wb_i, 5'd0};
      |                               ^
%Warning-WIDTHEXPAND: /tmp/opentallas-core-remaining-acceptance-edge-parent-20261002-r1/scalar_suppression/sources/rtl/hdc/v41/ot_hdc_v41_qe.sv:287:46: Operator ADD expects 32 bits on the LHS, but LHS's VARREF 'obase' generates 30 bits.
                                                                                                                                                      : ... note: In instance 'tb.core.g_cancel.u_impl.u_qe'
  287 |                 w_addr[wp*AW +: AW] <= obase + oc * BL + wp * ops;
      |                                              ^
%Warning-WIDTHTRUNC: /tmp/opentallas-core-remaining-acceptance-edge-parent-20261002-r1/scalar_suppression/sources/rtl/hdc/v41/ot_hdc_v41_qe.sv:287:37: Operator ASSIGNDLY expects 30 bits on the Assign RHS, but Assign RHS's ADD generates 32 bits.
                                                                                                                                                     : ... note: In instance 'tb.core.g_cancel.u_impl.u_qe'
  287 |                 w_addr[wp*AW +: AW] <= obase + oc * BL + wp * ops;
      |                                     ^~
%Warning-WIDTHEXPAND: /tmp/opentallas-core-remaining-acceptance-edge-parent-20261002-r1/scalar_suppression/sources/rtl/hdc/v41/ot_hdc_v41_qe.sv:294:46: Operator ADD expects 30 bits on the RHS, but RHS's REPLICATE generates 13 bits.
                                                                                                                                                      : ... note: In instance 'tb.core.g_cancel.u_impl.u_qe'
  294 |                 w_addr[wp*AW +: AW] <= obase + {wb_i, 5'd0};
      |                                              ^
%Warning-WIDTHEXPAND: /tmp/opentallas-core-remaining-acceptance-edge-parent-20261002-r1/scalar_suppression/sources/rtl/test/w17_window_recovery_candidate_prepared/idx_hbm_recovery.sv:1015:34: Operator SHIFTR expects 32 bits on the LHS, but LHS's VARREF 's' generates 30 bits.
                                                                                                                                                                                              : ... note: In instance 'tb.back.g_recovery.u_impl'
 1015 |         pc_of = (NPC > 1) ? (((s >> 2) ^ (s >> (2 + LPC)) ^ (s >> (2 + 2 * LPC))) & (NPC - 1)) : 0;
      |                                  ^~
%Warning-WIDTHEXPAND: /tmp/opentallas-core-remaining-acceptance-edge-parent-20261002-r1/scalar_suppression/sources/rtl/test/w17_window_recovery_candidate_prepared/idx_hbm_recovery.sv:1015:45: Operator SHIFTR expects 32 bits on the LHS, but LHS's VARREF 's' generates 30 bits.
                                                                                                                                                                                              : ... note: In instance 'tb.back.g_recovery.u_impl'
 1015 |         pc_of = (NPC > 1) ? (((s >> 2) ^ (s >> (2 + LPC)) ^ (s >> (2 + 2 * LPC))) & (NPC - 1)) : 0;
      |                                             ^~
%Warning-WIDTHEXPAND: /tmp/opentallas-core-remaining-acceptance-edge-parent-20261002-r1/scalar_suppression/sources/rtl/test/w17_window_recovery_candidate_prepared/idx_hbm_recovery.sv:1015:64: Operator SHIFTR expects 32 bits on the LHS, but LHS's VARREF 's' generates 30 bits.
                                                                                                                                                                                              : ... note: In instance 'tb.back.g_recovery.u_impl'
 1015 |         pc_of = (NPC > 1) ? (((s >> 2) ^ (s >> (2 + LPC)) ^ (s >> (2 + 2 * LPC))) & (NPC - 1)) : 0;
      |                                                                ^~
%Warning-WIDTHEXPAND: /tmp/opentallas-core-remaining-acceptance-edge-parent-20261002-r1/scalar_suppression/sources/rtl/test/w17_window_recovery_candidate_prepared/idx_hbm_recovery.sv:1018:20: Operator SHIFTR expects 64 bits on the LHS, but LHS's VARREF 's' generates 30 bits.
                                                                                                                                                                                              : ... note: In instance 'tb.back.g_recovery.u_impl'
 1018 |         row_of = s >> ROW_SHIFT;
      |                    ^~
%Warning-WIDTHEXPAND: /tmp/opentallas-core-remaining-acceptance-edge-parent-20261002-r1/scalar_suppression/sources/rtl/test/w17_window_recovery_candidate_prepared/idx_hbm_recovery.sv:1023:21: Operator SHIFTR expects 64 bits on the LHS, but LHS's VARREF 's' generates 30 bits.
                                                                                                                                                                                              : ... note: In instance 'tb.back.g_recovery.u_impl'
 1023 |             row = s >> ROW_SHIFT;
      |                     ^~
%Warning-WIDTHEXPAND: /tmp/opentallas-core-remaining-acceptance-edge-parent-20261002-r1/scalar_suppression/sources/rtl/test/w17_window_recovery_candidate_prepared/idx_hbm_recovery.sv:1024:29: Operator SHIFTR expects 64 bits on the LHS, but LHS's VARREF 's' generates 30 bits.
                                                                                                                                                                                              : ... note: In instance 'tb.back.g_recovery.u_impl'
 1024 |             bank_of = ((((s >> (2 + LPC + 5)) ^ (row >> 2)) & 7) << 2) | ((s ^ row) & 3);
      |                             ^~
%Warning-WIDTHEXPAND: /tmp/opentallas-core-remaining-acceptance-edge-parent-20261002-r1/scalar_suppression/sources/rtl/test/w17_window_recovery_candidate_prepared/idx_hbm_recovery.sv:1024:78: Operator XOR expects 64 bits on the LHS, but LHS's VARREF 's' generates 30 bits.
                                                                                                                                                                                              : ... note: In instance 'tb.back.g_recovery.u_impl'
 1024 |             bank_of = ((((s >> (2 + LPC + 5)) ^ (row >> 2)) & 7) << 2) | ((s ^ row) & 3);
      |                                                                              ^
%Warning-WIDTHTRUNC: /tmp/opentallas-core-remaining-acceptance-edge-parent-20261002-r1/scalar_suppression/sources/rtl/test/w17_window_recovery_candidate_prepared/idx_hbm_recovery.sv:1024:21: Operator ASSIGN expects 32 bits on the Assign RHS, but Assign RHS's OR generates 64 bits.
                                                                                                                                                                                             : ... note: In instance 'tb.back.g_recovery.u_impl'
 1024 |             bank_of = ((((s >> (2 + LPC + 5)) ^ (row >> 2)) & 7) << 2) | ((s ^ row) & 3);
      |                     ^
%Warning-WIDTHEXPAND: /tmp/opentallas-core-remaining-acceptance-edge-parent-20261002-r1/scalar_suppression/sources/rtl/test/w17_window_recovery_candidate_prepared/idx_hbm_recovery.sv:1056:29: Operator ADD expects 64 bits on the RHS, but RHS's VARREF 'REQ_PS' generates 32 bits.
                                                                                                                                                                                              : ... note: In instance 'tb.back.g_recovery.u_impl'
 1056 |             tmin = max2(arr + REQ_PS, tnow);
      |                             ^
%Warning-WIDTHEXPAND: /tmp/opentallas-core-remaining-acceptance-edge-parent-20261002-r1/scalar_suppression/sources/rtl/test/w17_window_recovery_candidate_prepared/idx_hbm_recovery.sv:1060:49: Operator ADD expects 64 bits on the RHS, but RHS's VARREF 'REQ_PS' generates 32 bits.
                                                                                                                                                                                              : ... note: In instance 'tb.back.g_recovery.u_impl'
 1060 |                 tact = b_open[p][bk] ? max2(arr + REQ_PS, b_preok[p][bk]) + RP_PS : arr + REQ_PS;
      |                                                 ^
%Warning-WIDTHEXPAND: /tmp/opentallas-core-remaining-acceptance-edge-parent-20261002-r1/scalar_suppression/sources/rtl/test/w17_window_recovery_candidate_prepared/idx_hbm_recovery.sv:1060:75: Operator ADD expects 64 bits on the RHS, but RHS's VARREF 'RP_PS' generates 32 bits.
                                                                                                                                                                                              : ... note: In instance 'tb.back.g_recovery.u_impl'
 1060 |                 tact = b_open[p][bk] ? max2(arr + REQ_PS, b_preok[p][bk]) + RP_PS : arr + REQ_PS;
      |                                                                           ^
%Warning-WIDTHEXPAND: /tmp/opentallas-core-remaining-acceptance-edge-parent-20261002-r1/scalar_suppression/sources/rtl/test/w17_window_recovery_candidate_prepared/idx_hbm_recovery.sv:1060:89: Operator ADD expects 64 bits on the RHS, but RHS's VARREF 'REQ_PS' generates 32 bits.
                                                                                                                                                                                              : ... note: In instance 'tb.back.g_recovery.u_impl'
 1060 |                 tact = b_open[p][bk] ? max2(arr + REQ_PS, b_preok[p][bk]) + RP_PS : arr + REQ_PS;
      |                                                                                         ^
%Warning-WIDTHEXPAND: /tmp/opentallas-core-remaining-acceptance-edge-parent-20261002-r1/scalar_suppression/sources/rtl/test/w17_window_recovery_candidate_prepared/idx_hbm_recovery.sv:1062:47: Operator ADD expects 64 bits on the RHS, but RHS's VARREF 'RRDS_PS' generates 32 bits.
                                                                                                                                                                                              : ... note: In instance 'tb.back.g_recovery.u_impl'
 1062 |                 tact = max2(tact, last_act[p] + RRDS_PS);
      |                                               ^
%Warning-WIDTHEXPAND: /tmp/opentallas-core-remaining-acceptance-edge-parent-20261002-r1/scalar_suppression/sources/rtl/test/w17_window_recovery_candidate_prepared/idx_hbm_recovery.sv:1063:54: Operator ADD expects 64 bits on the RHS, but RHS's VARREF 'RRDL_PS' generates 32 bits.
                                                                                                                                                                                              : ... note: In instance 'tb.back.g_recovery.u_impl'
 1063 |                 tact = max2(tact, last_act_bg[p][bg] + RRDL_PS);
      |                                                      ^
%Warning-WIDTHEXPAND: /tmp/opentallas-core-remaining-acceptance-edge-parent-20261002-r1/scalar_suppression/sources/rtl/test/w17_window_recovery_candidate_prepared/idx_hbm_recovery.sv:1064:45: Operator ADD expects 64 bits on the RHS, but RHS's VARREF 'FAW_PS' generates 32 bits.
                                                                                                                                                                                              : ... note: In instance 'tb.back.g_recovery.u_impl'
 1064 |                 tact = max2(tact, faw[p][0] + FAW_PS);
      |                                             ^
%Warning-WIDTHEXPAND: /tmp/opentallas-core-remaining-acceptance-edge-parent-20261002-r1/scalar_suppression/sources/rtl/test/w17_window_recovery_candidate_prepared/idx_hbm_recovery.sv:1066:42: Operator COND expects 64 bits on the Conditional True, but Conditional True's VARREF 'RCDWR_PS' generates 32 bits.
                                                                                                                                                                                              : ... note: In instance 'tb.back.g_recovery.u_impl'
 1066 |             tcol = max2(tmin, tact + (we ? RCDWR_PS : RCDRD_PS));
      |                                          ^
%Warning-WIDTHEXPAND: /tmp/opentallas-core-remaining-acceptance-edge-parent-20261002-r1/scalar_suppression/sources/rtl/test/w17_window_recovery_candidate_prepared/idx_hbm_recovery.sv:1066:42: Operator COND expects 64 bits on the Conditional False, but Conditional False's VARREF 'RCDRD_PS' generates 32 bits.
                                                                                                                                                                                              : ... note: In instance 'tb.back.g_recovery.u_impl'
 1066 |             tcol = max2(tmin, tact + (we ? RCDWR_PS : RCDRD_PS));
      |                                          ^
%Warning-WIDTHEXPAND: /tmp/opentallas-core-remaining-acceptance-edge-parent-20261002-r1/scalar_suppression/sources/rtl/test/w17_window_recovery_candidate_prepared/idx_hbm_recovery.sv:1067:43: Operator ADD expects 64 bits on the RHS, but RHS's VARREF 'BURST_PS' generates 32 bits.
                                                                                                                                                                                              : ... note: In instance 'tb.back.g_recovery.u_impl'
 1067 |             tcol = max2(tcol, last_col[p] + BURST_PS);
      |                                           ^
%Warning-WIDTHEXPAND: /tmp/opentallas-core-remaining-acceptance-edge-parent-20261002-r1/scalar_suppression/sources/rtl/test/w17_window_recovery_candidate_prepared/idx_hbm_recovery.sv:1068:50: Operator ADD expects 64 bits on the RHS, but RHS's VARREF 'TCCDL_PS' generates 32 bits.
                                                                                                                                                                                              : ... note: In instance 'tb.back.g_recovery.u_impl'
 1068 |             tcol = max2(tcol, last_col_bg[p][bg] + TCCDL_PS);
      |                                                  ^
%Warning-WIDTHEXPAND: /tmp/opentallas-core-remaining-acceptance-edge-parent-20261002-r1/scalar_suppression/sources/rtl/test/w17_window_recovery_candidate_prepared/idx_hbm_recovery.sv:1081:24: Operator ADD expects 64 bits on the RHS, but RHS's VARREF 'REQ_PS' generates 32 bits.
                                                                                                                                                                                              : ... note: In instance 'tb.back.g_recovery.u_impl'
 1081 |             tmin = arr + REQ_PS;
      |                        ^
%Warning-WIDTHEXPAND: /tmp/opentallas-core-remaining-acceptance-edge-parent-20261002-r1/scalar_suppression/sources/rtl/test/w17_window_recovery_candidate_prepared/idx_hbm_recovery.sv:1110:66: Operator ADD expects 64 bits on the RHS, but RHS's VARREF 'RP_PS' generates 32 bits.
                                                                                                                                                                                              : ... note: In instance 'tb.back.g_recovery.u_impl'
 1110 |                 if (b_open[p][b2]) tr = max2(tr, b_preok[p][b2]) + RP_PS;
      |                                                                  ^
%Warning-WIDTHEXPAND: /tmp/opentallas-core-remaining-acceptance-edge-parent-20261002-r1/scalar_suppression/sources/rtl/test/w17_window_recovery_candidate_prepared/idx_hbm_recovery.sv:1112:58: Operator ADD expects 64 bits on the RHS, but RHS's VARREF 'RFCPB_PS' generates 32 bits.
                                                                                                                                                                                              : ... note: In instance 'tb.back.g_recovery.u_impl'
 1112 |                 b_actok[p][b2] = max2(b_actok[p][b2], tr + RFCPB_PS);
      |                                                          ^
%Warning-WIDTHEXPAND: /tmp/opentallas-core-remaining-acceptance-edge-parent-20261002-r1/scalar_suppression/sources/rtl/test/w17_window_recovery_candidate_prepared/idx_hbm_recovery.sv:1114:53: Operator DIVS expects 64 bits on the RHS, but RHS's VARREF 'NB' generates 32 bits.
                                                                                                                                                                                              : ... note: In instance 'tb.back.g_recovery.u_impl'
 1114 |                 next_ref[p] = next_ref[p] + REFI_PS / NB;
      |                                                     ^
%Warning-WIDTHEXPAND: /tmp/opentallas-core-remaining-acceptance-edge-parent-20261002-r1/scalar_suppression/sources/rtl/test/w17_window_recovery_candidate_prepared/idx_hbm_recovery.sv:1123:43: Operator ADD expects 64 bits on the RHS, but RHS's VARREF 'BURST_PS' generates 32 bits.
                                                                                                                                                                                              : ... note: In instance 'tb.back.g_recovery.u_impl'
 1123 |                 tr = max2(tr, last_col[p] + BURST_PS);
      |                                           ^
%Warning-WIDTHEXPAND: /tmp/opentallas-core-remaining-acceptance-edge-parent-20261002-r1/scalar_suppression/sources/rtl/test/w17_window_recovery_candidate_prepared/idx_hbm_recovery.sv:1124:39: Operator ADD expects 64 bits on the RHS, but RHS's VARREF 'RP_PS' generates 32 bits.
                                                                                                                                                                                              : ... note: In instance 'tb.back.g_recovery.u_impl'
 1124 |                 if (any_open) tr = tr + RP_PS;
      |                                       ^
%Warning-WIDTHEXPAND: /tmp/opentallas-core-remaining-acceptance-edge-parent-20261002-r1/scalar_suppression/sources/rtl/test/w17_window_recovery_candidate_prepared/idx_hbm_recovery.sv:1127:62: Operator ADD expects 64 bits on the RHS, but RHS's VARREF 'RFC_PS' generates 32 bits.
                                                                                                                                                                                              : ... note: In instance 'tb.back.g_recovery.u_impl'
 1127 |                     b_actok[p][b2] = max2(b_actok[p][b2], tr + RFC_PS);
      |                                                              ^
%Warning-WIDTHEXPAND: /tmp/opentallas-core-remaining-acceptance-edge-parent-20261002-r1/scalar_suppression/sources/rtl/test/w17_window_recovery_candidate_prepared/idx_hbm_recovery.sv:1138:55: Operator ADD expects 64 bits on the RHS, but RHS's VARREF 'RP_PS' generates 32 bits.
                                                                                                                                                                                              : ... note: In instance 'tb.back.g_recovery.u_impl'
 1138 |                     tact = max2(tmin, b_preok[p][bk]) + RP_PS;       
      |                                                       ^
%Warning-WIDTHEXPAND: /tmp/opentallas-core-remaining-acceptance-edge-parent-20261002-r1/scalar_suppression/sources/rtl/test/w17_window_recovery_candidate_prepared/idx_hbm_recovery.sv:1141:47: Operator ADD expects 64 bits on the RHS, but RHS's VARREF 'RRDS_PS' generates 32 bits.
                                                                                                                                                                                              : ... note: In instance 'tb.back.g_recovery.u_impl'
 1141 |                 tact = max2(tact, last_act[p] + RRDS_PS);
      |                                               ^
%Warning-WIDTHEXPAND: /tmp/opentallas-core-remaining-acceptance-edge-parent-20261002-r1/scalar_suppression/sources/rtl/test/w17_window_recovery_candidate_prepared/idx_hbm_recovery.sv:1142:54: Operator ADD expects 64 bits on the RHS, but RHS's VARREF 'RRDL_PS' generates 32 bits.
                                                                                                                                                                                              : ... note: In instance 'tb.back.g_recovery.u_impl'
 1142 |                 tact = max2(tact, last_act_bg[p][bg] + RRDL_PS);
      |                                                      ^
%Warning-WIDTHEXPAND: /tmp/opentallas-core-remaining-acceptance-edge-parent-20261002-r1/scalar_suppression/sources/rtl/test/w17_window_recovery_candidate_prepared/idx_hbm_recovery.sv:1143:45: Operator ADD expects 64 bits on the RHS, but RHS's VARREF 'FAW_PS' generates 32 bits.
                                                                                                                                                                                              : ... note: In instance 'tb.back.g_recovery.u_impl'
 1143 |                 tact = max2(tact, faw[p][0] + FAW_PS);
      |                                             ^
%Warning-WIDTHEXPAND: /tmp/opentallas-core-remaining-acceptance-edge-parent-20261002-r1/scalar_suppression/sources/rtl/test/w17_window_recovery_candidate_prepared/idx_hbm_recovery.sv:1147:39: Operator ADD expects 64 bits on the RHS, but RHS's VARREF 'RAS_PS' generates 32 bits.
                                                                                                                                                                                              : ... note: In instance 'tb.back.g_recovery.u_impl'
 1147 |                 b_actok[p][bk] = tact + RAS_PS + RP_PS;
      |                                       ^
%Warning-WIDTHEXPAND: /tmp/opentallas-core-remaining-acceptance-edge-parent-20261002-r1/scalar_suppression/sources/rtl/test/w17_window_recovery_candidate_prepared/idx_hbm_recovery.sv:1147:48: Operator ADD expects 64 bits on the RHS, but RHS's VARREF 'RP_PS' generates 32 bits.
                                                                                                                                                                                              : ... note: In instance 'tb.back.g_recovery.u_impl'
 1147 |                 b_actok[p][bk] = tact + RAS_PS + RP_PS;
      |                                                ^
%Warning-WIDTHEXPAND: /tmp/opentallas-core-remaining-acceptance-edge-parent-20261002-r1/scalar_suppression/sources/rtl/test/w17_window_recovery_candidate_prepared/idx_hbm_recovery.sv:1148:39: Operator ADD expects 64 bits on the RHS, but RHS's VARREF 'RAS_PS' generates 32 bits.
                                                                                                                                                                                              : ... note: In instance 'tb.back.g_recovery.u_impl'
 1148 |                 b_preok[p][bk] = tact + RAS_PS;
      |                                       ^
%Warning-WIDTHEXPAND: /tmp/opentallas-core-remaining-acceptance-edge-parent-20261002-r1/scalar_suppression/sources/rtl/test/w17_window_recovery_candidate_prepared/idx_hbm_recovery.sv:1152:54: Operator COND expects 64 bits on the Conditional True, but Conditional True's VARREF 'RCDWR_PS' generates 32 bits.
                                                                                                                                                                                              : ... note: In instance 'tb.back.g_recovery.u_impl'
 1152 |             tcol = max2(max2(tmin, tnow), tact + (we ? RCDWR_PS : RCDRD_PS));
      |                                                      ^
%Warning-WIDTHEXPAND: /tmp/opentallas-core-remaining-acceptance-edge-parent-20261002-r1/scalar_suppression/sources/rtl/test/w17_window_recovery_candidate_prepared/idx_hbm_recovery.sv:1152:54: Operator COND expects 64 bits on the Conditional False, but Conditional False's VARREF 'RCDRD_PS' generates 32 bits.
                                                                                                                                                                                              : ... note: In instance 'tb.back.g_recovery.u_impl'
 1152 |             tcol = max2(max2(tmin, tnow), tact + (we ? RCDWR_PS : RCDRD_PS));
      |                                                      ^
%Warning-WIDTHEXPAND: /tmp/opentallas-core-remaining-acceptance-edge-parent-20261002-r1/scalar_suppression/sources/rtl/test/w17_window_recovery_candidate_prepared/idx_hbm_recovery.sv:1153:43: Operator ADD expects 64 bits on the RHS, but RHS's VARREF 'BURST_PS' generates 32 bits.
                                                                                                                                                                                              : ... note: In instance 'tb.back.g_recovery.u_impl'
 1153 |             tcol = max2(tcol, last_col[p] + BURST_PS);
      |                                           ^
%Warning-WIDTHEXPAND: /tmp/opentallas-core-remaining-acceptance-edge-parent-20261002-r1/scalar_suppression/sources/rtl/test/w17_window_recovery_candidate_prepared/idx_hbm_recovery.sv:1154:50: Operator ADD expects 64 bits on the RHS, but RHS's VARREF 'TCCDL_PS' generates 32 bits.
                                                                                                                                                                                              : ... note: In instance 'tb.back.g_recovery.u_impl'
 1154 |             tcol = max2(tcol, last_col_bg[p][bg] + TCCDL_PS);
      |                                                  ^
%Warning-WIDTHEXPAND: /tmp/opentallas-core-remaining-acceptance-edge-parent-20261002-r1/scalar_suppression/sources/rtl/test/w17_window_recovery_candidate_prepared/idx_hbm_recovery.sv:1157:74: Operator EQ expects 32 bits on the LHS, but LHS's ARRAYSEL generates 2 bits.
                                                                                                                                                                                              : ... note: In instance 'tb.back.g_recovery.u_impl'
 1157 |                                   ((last_wr_bg_valid[p] && last_wr_bg[p] == bg) ? WTRL_PS : WTRS_PS));
      |                                                                          ^~
%Warning-WIDTHEXPAND: /tmp/opentallas-core-remaining-acceptance-edge-parent-20261002-r1/scalar_suppression/sources/rtl/test/w17_window_recovery_candidate_prepared/idx_hbm_recovery.sv:1156:46: Operator ADD expects 64 bits on the RHS, but RHS's VARREF 'CWL_PS' generates 32 bits.
                                                                                                                                                                                              : ... note: In instance 'tb.back.g_recovery.u_impl'
 1156 |                 tcol = max2(tcol, last_wr[p] + CWL_PS + BURST_PS +
      |                                              ^
%Warning-WIDTHEXPAND: /tmp/opentallas-core-remaining-acceptance-edge-parent-20261002-r1/scalar_suppression/sources/rtl/test/w17_window_recovery_candidate_prepared/idx_hbm_recovery.sv:1156:55: Operator ADD expects 64 bits on the RHS, but RHS's VARREF 'BURST_PS' generates 32 bits.
                                                                                                                                                                                              : ... note: In instance 'tb.back.g_recovery.u_impl'
 1156 |                 tcol = max2(tcol, last_wr[p] + CWL_PS + BURST_PS +
      |                                                       ^
%Warning-WIDTHEXPAND: /tmp/opentallas-core-remaining-acceptance-edge-parent-20261002-r1/scalar_suppression/sources/rtl/test/w17_window_recovery_candidate_prepared/idx_hbm_recovery.sv:1157:81: Operator COND expects 64 bits on the Conditional True, but Conditional True's VARREF 'WTRL_PS' generates 32 bits.
                                                                                                                                                                                              : ... note: In instance 'tb.back.g_recovery.u_impl'
 1157 |                                   ((last_wr_bg_valid[p] && last_wr_bg[p] == bg) ? WTRL_PS : WTRS_PS));
      |                                                                                 ^
%Warning-WIDTHEXPAND: /tmp/opentallas-core-remaining-acceptance-edge-parent-20261002-r1/scalar_suppression/sources/rtl/test/w17_window_recovery_candidate_prepared/idx_hbm_recovery.sv:1157:81: Operator COND expects 64 bits on the Conditional False, but Conditional False's VARREF 'WTRS_PS' generates 32 bits.
                                                                                                                                                                                              : ... note: In instance 'tb.back.g_recovery.u_impl'
 1157 |                                   ((last_wr_bg_valid[p] && last_wr_bg[p] == bg) ? WTRL_PS : WTRS_PS));
      |                                                                                 ^
%Warning-WIDTHEXPAND: /tmp/opentallas-core-remaining-acceptance-edge-parent-20261002-r1/scalar_suppression/sources/rtl/test/w17_window_recovery_candidate_prepared/idx_hbm_recovery.sv:1158:69: Operator ADD expects 64 bits on the RHS, but RHS's VARREF 'RTW_PS' generates 32 bits.
                                                                                                                                                                                              : ... note: In instance 'tb.back.g_recovery.u_impl'
 1158 |             if (we && last_rd[p] >= 0) tcol = max2(tcol, last_rd[p] + RTW_PS);
      |                                                                     ^
%Warning-WIDTHEXPAND: /tmp/opentallas-core-remaining-acceptance-edge-parent-20261002-r1/scalar_suppression/sources/rtl/test/w17_window_recovery_candidate_prepared/idx_hbm_recovery.sv:1162:60: Operator ADD expects 64 bits on the RHS, but RHS's VARREF 'CWL_PS' generates 32 bits.
                                                                                                                                                                                              : ... note: In instance 'tb.back.g_recovery.u_impl'
 1162 |                 b_preok[p][bk] = max2(b_preok[p][bk], tcol + CWL_PS + BURST_PS + WR_PS);
      |                                                            ^
%Warning-WIDTHEXPAND: /tmp/opentallas-core-remaining-acceptance-edge-parent-20261002-r1/scalar_suppression/sources/rtl/test/w17_window_recovery_candidate_prepared/idx_hbm_recovery.sv:1162:69: Operator ADD expects 64 bits on the RHS, but RHS's VARREF 'BURST_PS' generates 32 bits.
                                                                                                                                                                                              : ... note: In instance 'tb.back.g_recovery.u_impl'
 1162 |                 b_preok[p][bk] = max2(b_preok[p][bk], tcol + CWL_PS + BURST_PS + WR_PS);
      |                                                                     ^
%Warning-WIDTHEXPAND: /tmp/opentallas-core-remaining-acceptance-edge-parent-20261002-r1/scalar_suppression/sources/rtl/test/w17_window_recovery_candidate_prepared/idx_hbm_recovery.sv:1162:80: Operator ADD expects 64 bits on the RHS, but RHS's VARREF 'WR_PS' generates 32 bits.
                                                                                                                                                                                              : ... note: In instance 'tb.back.g_recovery.u_impl'
 1162 |                 b_preok[p][bk] = max2(b_preok[p][bk], tcol + CWL_PS + BURST_PS + WR_PS);
      |                                                                                ^
%Warning-WIDTHEXPAND: /tmp/opentallas-core-remaining-acceptance-edge-parent-20261002-r1/scalar_suppression/sources/rtl/test/w17_window_recovery_candidate_prepared/idx_hbm_recovery.sv:1165:60: Operator ADD expects 64 bits on the RHS, but RHS's VARREF 'RTP_PS' generates 32 bits.
                                                                                                                                                                                              : ... note: In instance 'tb.back.g_recovery.u_impl'
 1165 |                 b_preok[p][bk] = max2(b_preok[p][bk], tcol + RTP_PS);
      |                                                            ^
%Warning-WIDTHEXPAND: /tmp/opentallas-core-remaining-acceptance-edge-parent-20261002-r1/scalar_suppression/sources/rtl/test/w17_window_recovery_candidate_prepared/idx_hbm_recovery.sv:1188:54: Operator DIVS expects 64 bits on the RHS, but RHS's VARREF 'NB' generates 32 bits.
                                                                                                                                                                                              : ... note: In instance 'tb.back.g_recovery.u_impl'
 1188 |                 next_ref[p] = (REFPB != 0) ? REFI_PS / NB + (longint'(REFI_PS) * p) / (NPC * NB)
      |                                                      ^
%Warning-WIDTHEXPAND: /tmp/opentallas-core-remaining-acceptance-edge-parent-20261002-r1/scalar_suppression/sources/rtl/test/w17_window_recovery_candidate_prepared/idx_hbm_recovery.sv:1189:80: Operator DIVS expects 64 bits on the RHS, but RHS's VARREF 'NPC' generates 32 bits.
                                                                                                                                                                                              : ... note: In instance 'tb.back.g_recovery.u_impl'
 1189 |                                            : REFI_PS + (longint'(REFI_PS) * p) / NPC;
      |                                                                                ^
%Warning-WIDTHEXPAND: /tmp/opentallas-core-remaining-acceptance-edge-parent-20261002-r1/scalar_suppression/sources/rtl/test/w17_window_recovery_candidate_prepared/idx_hbm_recovery.sv:1219:50: Operator GTE expects 32 bits on the LHS, but LHS's SEL generates 30 bits.
                                                                                                                                                                                              : ... note: In instance 'tb.back.g_recovery.u_impl'
 1219 |                         if (req_addr[j*AW +: AW] >= MEM_WORDS)
      |                                                  ^~
%Warning-WIDTHEXPAND: /tmp/opentallas-core-remaining-acceptance-edge-parent-20261002-r1/scalar_suppression/sources/rtl/test/w17_window_recovery_candidate_prepared/idx_hbm_recovery.sv:1232:56: Operator ADD expects 32 bits on the LHS, but LHS's SEL generates 30 bits.
                                                                                                                                                                                              : ... note: In instance 'tb.back.g_recovery.u_impl'
 1232 |                         p = pc_of(req_addr[j*AW +: AW] + i);
      |                                                        ^
%Warning-WIDTHTRUNC: /tmp/opentallas-core-remaining-acceptance-edge-parent-20261002-r1/scalar_suppression/sources/rtl/test/w17_window_recovery_candidate_prepared/idx_hbm_recovery.sv:1232:29: Operator FUNCREF 'pc_of' expects 30 bits on the Function Argument, but Function Argument's ADD generates 32 bits.
                                                                                                                                                                                             : ... note: In instance 'tb.back.g_recovery.u_impl'
 1232 |                         p = pc_of(req_addr[j*AW +: AW] + i);
      |                             ^~~~~
%Warning-WIDTHEXPAND: /tmp/opentallas-core-remaining-acceptance-edge-parent-20261002-r1/scalar_suppression/sources/rtl/test/w17_window_recovery_candidate_prepared/idx_hbm_recovery.sv:1235:62: Operator ADD expects 32 bits on the LHS, but LHS's SEL generates 30 bits.
                                                                                                                                                                                              : ... note: In instance 'tb.back.g_recovery.u_impl'
 1235 |                                      j, req_addr[j*AW +: AW] + i, p);
      |                                                              ^
%Warning-WIDTHEXPAND: /tmp/opentallas-core-remaining-acceptance-edge-parent-20261002-r1/scalar_suppression/sources/rtl/test/w17_window_recovery_candidate_prepared/idx_hbm_recovery.sv:1240:64: Operator ADD expects 32 bits on the LHS, but LHS's SEL generates 30 bits.
                                                                                                                                                                                              : ... note: In instance 'tb.back.g_recovery.u_impl'
 1240 |                         q_addr[p][slot] = req_addr[j*AW +: AW] + i;
      |                                                                ^
%Warning-WIDTHTRUNC: /tmp/opentallas-core-remaining-acceptance-edge-parent-20261002-r1/scalar_suppression/sources/rtl/test/w17_window_recovery_candidate_prepared/idx_hbm_recovery.sv:1240:41: Operator ASSIGN expects 30 bits on the Assign RHS, but Assign RHS's ADD generates 32 bits.
                                                                                                                                                                                             : ... note: In instance 'tb.back.g_recovery.u_impl'
 1240 |                         q_addr[p][slot] = req_addr[j*AW +: AW] + i;
      |                                         ^
%Warning-WIDTHEXPAND: /tmp/opentallas-core-remaining-acceptance-edge-parent-20261002-r1/scalar_suppression/sources/rtl/test/w17_window_recovery_candidate_prepared/idx_hbm_recovery.sv:1324:68: Operator ADD expects 64 bits on the RHS, but RHS's VARREF 'CWL_PS' generates 32 bits.
                                                                                                                                                                                              : ... note: In instance 'tb.back.g_recovery.u_impl'
 1324 |                                         rec_visible_at = h_tcol[p] + CWL_PS + BURST_PS;
      |                                                                    ^
%Warning-WIDTHEXPAND: /tmp/opentallas-core-remaining-acceptance-edge-parent-20261002-r1/scalar_suppression/sources/rtl/test/w17_window_recovery_candidate_prepared/idx_hbm_recovery.sv:1324:77: Operator ADD expects 64 bits on the RHS, but RHS's VARREF 'BURST_PS' generates 32 bits.
                                                                                                                                                                                              : ... note: In instance 'tb.back.g_recovery.u_impl'
 1324 |                                         rec_visible_at = h_tcol[p] + CWL_PS + BURST_PS;
      |                                                                             ^
%Warning-WIDTHEXPAND: /tmp/opentallas-core-remaining-acceptance-edge-parent-20261002-r1/scalar_suppression/sources/rtl/test/w17_window_recovery_candidate_prepared/idx_hbm_recovery.sv:1323:51: Operator ADD expects 64 bits on the RHS, but RHS's VARREF 'CWL_PS' generates 32 bits.
                                                                                                                                                                                              : ... note: In instance 'tb.back.g_recovery.u_impl'
 1323 |                                     if (h_tcol[p] + CWL_PS + BURST_PS > rec_visible_at)
      |                                                   ^
%Warning-WIDTHEXPAND: /tmp/opentallas-core-remaining-acceptance-edge-parent-20261002-r1/scalar_suppression/sources/rtl/test/w17_window_recovery_candidate_prepared/idx_hbm_recovery.sv:1323:60: Operator ADD expects 64 bits on the RHS, but RHS's VARREF 'BURST_PS' generates 32 bits.
                                                                                                                                                                                              : ... note: In instance 'tb.back.g_recovery.u_impl'
 1323 |                                     if (h_tcol[p] + CWL_PS + BURST_PS > rec_visible_at)
      |                                                            ^
%Warning-WIDTHEXPAND: /tmp/opentallas-core-remaining-acceptance-edge-parent-20261002-r1/scalar_suppression/sources/rtl/test/w17_window_recovery_candidate_prepared/idx_hbm_recovery.sv:1329:61: Operator MODDIV expects 32 bits on the LHS, but LHS's ARRAYSEL generates 30 bits.
                                                                                                                                                                                              : ... note: In instance 'tb.back.g_recovery.u_impl'
 1329 |                                         mem[q_addr[p][slot] % MEM_WORDS][8*byte_i +: 8] =
      |                                                             ^
%Warning-WIDTHEXPAND: /tmp/opentallas-core-remaining-acceptance-edge-parent-20261002-r1/scalar_suppression/sources/rtl/test/w17_window_recovery_candidate_prepared/idx_hbm_recovery.sv:1335:55: Operator ADD expects 64 bits on the RHS, but RHS's VARREF 'CL_PS' generates 32 bits.
                                                                                                                                                                                              : ... note: In instance 'tb.back.g_recovery.u_impl'
 1335 |                                 r_t[p][k] = h_tcol[p] + CL_PS + BURST_PS + RSP_PS;
      |                                                       ^
%Warning-WIDTHEXPAND: /tmp/opentallas-core-remaining-acceptance-edge-parent-20261002-r1/scalar_suppression/sources/rtl/test/w17_window_recovery_candidate_prepared/idx_hbm_recovery.sv:1335:63: Operator ADD expects 64 bits on the RHS, but RHS's VARREF 'BURST_PS' generates 32 bits.
                                                                                                                                                                                              : ... note: In instance 'tb.back.g_recovery.u_impl'
 1335 |                                 r_t[p][k] = h_tcol[p] + CL_PS + BURST_PS + RSP_PS;
      |                                                               ^
%Warning-WIDTHEXPAND: /tmp/opentallas-core-remaining-acceptance-edge-parent-20261002-r1/scalar_suppression/sources/rtl/test/w17_window_recovery_candidate_prepared/idx_hbm_recovery.sv:1335:74: Operator ADD expects 64 bits on the RHS, but RHS's VARREF 'RSP_PS' generates 32 bits.
                                                                                                                                                                                              : ... note: In instance 'tb.back.g_recovery.u_impl'
 1335 |                                 r_t[p][k] = h_tcol[p] + CL_PS + BURST_PS + RSP_PS;
      |                                                                          ^
%Warning-WIDTHEXPAND: /tmp/opentallas-core-remaining-acceptance-edge-parent-20261002-r1/scalar_suppression/sources/rtl/test/w17_window_recovery_candidate_prepared/idx_hbm_recovery.sv:1337:109: Operator MODDIV expects 32 bits on the LHS, but LHS's ARRAYSEL generates 30 bits.
                                                                                                                                                                                               : ... note: In instance 'tb.back.g_recovery.u_impl'
 1337 |                                 r_data[p][k] = (MEM_MODE != 0) ? pat(q_addr[p][slot]) : mem[q_addr[p][slot] % MEM_WORDS];
      |                                                                                                             ^
%Warning-WIDTHEXPAND: /tmp/opentallas-core-remaining-acceptance-edge-parent-20261002-r1/scalar_suppression/sources/rtl/test/w17_window_recovery_candidate_prepared/idx_hbm_recovery.sv:1361:37: Operator NEQ expects 32 bits on the LHS, but LHS's ARRAYSEL generates 4 bits.
                                                                                                                                                                                              : ... note: In instance 'tb.back.g_recovery.u_impl'
 1361 |                     if(rec_reads[z] != qr+rr || rec_writes[z] != qw)
      |                                     ^~
%Warning-WIDTHEXPAND: /tmp/opentallas-core-remaining-acceptance-edge-parent-20261002-r1/scalar_suppression/sources/rtl/test/w17_window_recovery_candidate_prepared/idx_hbm_recovery.sv:1361:63: Operator NEQ expects 32 bits on the LHS, but LHS's ARRAYSEL generates 2 bits.
                                                                                                                                                                                              : ... note: In instance 'tb.back.g_recovery.u_impl'
 1361 |                     if(rec_reads[z] != qr+rr || rec_writes[z] != qw)
      |                                                               ^~
%Warning-WIDTHEXPAND: /tmp/opentallas-core-remaining-acceptance-edge-parent-20261002-r1/scalar_suppression/sources/rtl/test/w17_window_recovery_candidate_prepared/idx_hbm_recovery.sv:1363:26: Operator ADD expects 32 bits on the RHS, but RHS's ARRAYSEL generates 4 bits.
                                                                                                                                                                                              : ... note: In instance 'tb.back.g_recovery.u_impl'
 1363 |                     nr=nr+rec_reads[z]; nw=nw+rec_writes[z];
      |                          ^
%Warning-WIDTHEXPAND: /tmp/opentallas-core-remaining-acceptance-edge-parent-20261002-r1/scalar_suppression/sources/rtl/test/w17_window_recovery_candidate_prepared/idx_hbm_recovery.sv:1363:46: Operator ADD expects 32 bits on the RHS, but RHS's ARRAYSEL generates 2 bits.
                                                                                                                                                                                              : ... note: In instance 'tb.back.g_recovery.u_impl'
 1363 |                     nr=nr+rec_reads[z]; nw=nw+rec_writes[z];
      |                                              ^
%Warning-WIDTHTRUNC: /tmp/opentallas-core-remaining-acceptance-edge-parent-20261002-r1/scalar_suppression/sources/rtl/test/w17_window_recovery_candidate_prepared/hbm_karb_recovery.sv:544:114: Logical operator LOGOR expects 1 bit on the RHS, but RHS's VARREF 'PIPE_OUT' generates 32 bits.
                                                                                                                                                                                              : ... note: In instance 'tb.arb.g_recovery.u_impl'
  544 |     initial if (SELECT_STACK != 2 || NPC != 32 || TAGW != 16 || AW != 30 || LENW != 4 || BEATW != 4 || DW != 256 || PIPE_OUT || PIPE_RSP)
      |                                                                                                                  ^~
%Warning-WIDTHTRUNC: /tmp/opentallas-core-remaining-acceptance-edge-parent-20261002-r1/scalar_suppression/sources/rtl/test/w17_window_recovery_candidate_prepared/hbm_karb_recovery.sv:544:126: Logical operator LOGOR expects 1 bit on the RHS, but RHS's VARREF 'PIPE_RSP' generates 32 bits.
                                                                                                                                                                                              : ... note: In instance 'tb.arb.g_recovery.u_impl'
  544 |     initial if (SELECT_STACK != 2 || NPC != 32 || TAGW != 16 || AW != 30 || LENW != 4 || BEATW != 4 || DW != 256 || PIPE_OUT || PIPE_RSP)
      |                                                                                                                              ^~
%Warning-WIDTHEXPAND: /tmp/opentallas-core-remaining-acceptance-edge-parent-20261002-r1/scalar_suppression/sources/rtl/test/w17_window_recovery_candidate_prepared/hbm_karb_recovery.sv:550:38: Operator SHIFTR expects 32 bits on the LHS, but LHS's VARREF 's' generates 30 bits.
                                                                                                                                                                                              : ... note: In instance 'tb.arb.g_recovery.u_impl'
  550 |         pc_of = (NPC > 1) ? LPC'(((s >> 2) ^ (s >> (2 + LPC)) ^ (s >> (2 + 2 * LPC))) & (NPC - 1)) : '0;
      |                                      ^~
%Warning-WIDTHEXPAND: /tmp/opentallas-core-remaining-acceptance-edge-parent-20261002-r1/scalar_suppression/sources/rtl/test/w17_window_recovery_candidate_prepared/hbm_karb_recovery.sv:550:49: Operator SHIFTR expects 32 bits on the LHS, but LHS's VARREF 's' generates 30 bits.
                                                                                                                                                                                              : ... note: In instance 'tb.arb.g_recovery.u_impl'
  550 |         pc_of = (NPC > 1) ? LPC'(((s >> 2) ^ (s >> (2 + LPC)) ^ (s >> (2 + 2 * LPC))) & (NPC - 1)) : '0;
      |                                                 ^~
%Warning-WIDTHEXPAND: /tmp/opentallas-core-remaining-acceptance-edge-parent-20261002-r1/scalar_suppression/sources/rtl/test/w17_window_recovery_candidate_prepared/hbm_karb_recovery.sv:550:68: Operator SHIFTR expects 32 bits on the LHS, but LHS's VARREF 's' generates 30 bits.
                                                                                                                                                                                              : ... note: In instance 'tb.arb.g_recovery.u_impl'
  550 |         pc_of = (NPC > 1) ? LPC'(((s >> 2) ^ (s >> (2 + LPC)) ^ (s >> (2 + 2 * LPC))) & (NPC - 1)) : '0;
      |                                                                    ^~
%Warning-WIDTHEXPAND: /tmp/opentallas-core-remaining-acceptance-edge-parent-20261002-r1/scalar_suppression/sources/rtl/test/w17_window_recovery_candidate_prepared/window_prefetch_recovery.sv:846:64: Operator EQ expects 16 bits on the RHS, but RHS's VARREF 'refill_epoch' generates 9 bits.
                                                                                                                                                                                                     : ... note: In instance 'tb.src.g_recovery.u_impl'
  846 |     wire reply_epoch_ok = (s_tag[WIN_STACK*TAGW +: TAGW] >> 5) == refill_epoch;
      |                                                                ^~
%Warning-WIDTHEXPAND: /tmp/opentallas-core-remaining-acceptance-edge-parent-20261002-r1/scalar_suppression/sources/rtl/test/w17_window_recovery_candidate_prepared/window_prefetch_recovery.sv:848:83: Operator LT expects 32 bits on the LHS, but LHS's VARREF 'refill_pending' generates 5 bits.
                                                                                                                                                                                                     : ... note: In instance 'tb.src.g_recovery.u_impl'
  848 |     wire pipe_issue = state == FR_PIPE && !fault && !rec_freeze && refill_pending < REFILL_CREDITS &&
      |                                                                                   ^
%Warning-WIDTHEXPAND: /tmp/opentallas-core-remaining-acceptance-edge-parent-20261002-r1/scalar_suppression/sources/rtl/test/w17_window_core_cancel_join_r8/actual_fastpp_core_selected_cone.sv:2534:28: Operator ADD expects 32 bits on the RHS, but RHS's SEL generates 6 bits.
                                                                                                                                                                                                      : ... note: In instance 'tb.core.g_cancel.u_impl'
 2534 |         dyn[c_dslot * NDYN + ir[O_A_D +: W_A_D]];
      |                            ^
%Warning-WIDTHEXPAND: /tmp/opentallas-core-remaining-acceptance-edge-parent-20261002-r1/scalar_suppression/sources/rtl/test/w17_window_core_cancel_join_r8/actual_fastpp_core_selected_cone.sv:2535:56: Operator ADD expects 32 bits on the RHS, but RHS's SEL generates 6 bits.
                                                                                                                                                                                                      : ... note: In instance 'tb.core.g_cancel.u_impl'
 2535 |     wire [AW-1:0] rec_current_row = dyn[c_dslot * NDYN + ir[O_O_D +: W_O_D]];
      |                                                        ^
%Warning-WIDTHTRUNC: /tmp/opentallas-core-remaining-acceptance-edge-parent-20261002-r1/scalar_suppression/sources/rtl/test/w17_window_core_cancel_join_r8/actual_fastpp_core_selected_cone.sv:2555:21: Logical operator LOGAND expects 1 bit on the LHS, but LHS's VARREF 'FULL_SHAPE' generates 32 bits.
                                                                                                                                                                                                     : ... note: In instance 'tb.core.g_cancel.u_impl'
 2555 |         (FULL_SHAPE && (coll_fault || rope_pf_fault)) || rom_fault_w ||
      |                     ^~
%Warning-WIDTHTRUNC: /tmp/opentallas-core-remaining-acceptance-edge-parent-20261002-r1/scalar_suppression/sources/rtl/test/w17_window_core_cancel_join_r8/actual_fastpp_core_selected_cone.sv:2591:17: Logical operator LOGNOT expects 1 bit on the LHS, but LHS's VARREF 'FULL_SHAPE' generates 32 bits.
                                                                                                                                                                                                     : ... note: In instance 'tb.core.g_cancel.u_impl'
 2591 |     initial if (!FULL_SHAPE || !KV_HBM || MP != 1 || AW != 30 || NW != 21)
      |                 ^
%Warning-WIDTHTRUNC: /tmp/opentallas-core-remaining-acceptance-edge-parent-20261002-r1/scalar_suppression/sources/rtl/test/w17_window_core_cancel_join_r8/actual_fastpp_core_selected_cone.sv:2591:32: Logical operator LOGNOT expects 1 bit on the LHS, but LHS's VARREF 'KV_HBM' generates 32 bits.
                                                                                                                                                                                                     : ... note: In instance 'tb.core.g_cancel.u_impl'
 2591 |     initial if (!FULL_SHAPE || !KV_HBM || MP != 1 || AW != 30 || NW != 21)
      |                                ^
%Warning-WIDTHTRUNC: /tmp/opentallas-core-remaining-acceptance-edge-parent-20261002-r1/scalar_suppression/sources/rtl/test/w17_window_core_cancel_join_r8/actual_fastpp_core_selected_cone.sv:2597:36: Logical operator LOGAND expects 1 bit on the LHS, but LHS's VARREF 'FULL_SHAPE' generates 32 bits.
                                                                                                                                                                                                     : ... note: In instance 'tb.core.g_cancel.u_impl'
 2597 |     wire win_su_match = FULL_SHAPE && KV_HBM && d_unit == 3'd2 &&
      |                                    ^~
%Warning-WIDTHTRUNC: /tmp/opentallas-core-remaining-acceptance-edge-parent-20261002-r1/scalar_suppression/sources/rtl/test/w17_window_core_cancel_join_r8/actual_fastpp_core_selected_cone.sv:2597:36: Logical operator LOGAND expects 1 bit on the RHS, but RHS's VARREF 'KV_HBM' generates 32 bits.
                                                                                                                                                                                                     : ... note: In instance 'tb.core.g_cancel.u_impl'
 2597 |     wire win_su_match = FULL_SHAPE && KV_HBM && d_unit == 3'd2 &&
      |                                    ^~
%Warning-WIDTHTRUNC: /tmp/opentallas-core-remaining-acceptance-edge-parent-20261002-r1/scalar_suppression/sources/rtl/test/w17_window_core_cancel_join_r8/actual_fastpp_core_selected_cone.sv:2603:22: Logical operator LOGNOT expects 1 bit on the LHS, but LHS's VARREF 'FULL_SHAPE' generates 32 bits.
                                                                                                                                                                                                     : ... note: In instance 'tb.core.g_cancel.u_impl'
 2603 |     wire win_admit = !FULL_SHAPE || win_idle || (win_su_match && win_issue_ready);
      |                      ^
%Warning-WIDTHEXPAND: /tmp/opentallas-core-remaining-acceptance-edge-parent-20261002-r1/scalar_suppression/sources/rtl/test/w17_window_core_cancel_join_r8/actual_fastpp_core_selected_cone.sv:2668:32: Operator LT expects 32 bits on the LHS, but LHS's VARREF 'd_cslot' generates 3 bits.
                                                                                                                                                                                                      : ... note: In instance 'tb.core.g_cancel.u_impl'
 2668 |     wire rope_ctl_ok = d_cslot < NSLOT && d_clane[2:1] == 2'b00;
      |                                ^
%Warning-WIDTHTRUNC: /tmp/opentallas-core-remaining-acceptance-edge-parent-20261002-r1/scalar_suppression/sources/rtl/test/w17_window_core_cancel_join_r8/actual_fastpp_core_selected_cone.sv:2669:35: Logical operator LOGAND expects 1 bit on the LHS, but LHS's VARREF 'FULL_SHAPE' generates 32 bits.
                                                                                                                                                                                                     : ... note: In instance 'tb.core.g_cancel.u_impl'
 2669 |     assign rope_pf_v = FULL_SHAPE && st == S_ISSUE && d_unit == 3'd0 &&
      |                                   ^~
%Warning-WIDTHTRUNC: /tmp/opentallas-core-remaining-acceptance-edge-parent-20261002-r1/scalar_suppression/sources/rtl/test/w17_window_core_cancel_join_r8/actual_fastpp_core_selected_cone.sv:2673:41: Logical operator LOGAND expects 1 bit on the LHS, but LHS's VARREF 'FULL_SHAPE' generates 32 bits.
                                                                                                                                                                                                     : ... note: In instance 'tb.core.g_cancel.u_impl'
 2673 |     assign rope_pf_release = FULL_SHAPE && st == S_ISSUE && d_unit == 3'd0 &&
      |                                         ^~
%Warning-WIDTHEXPAND: /tmp/opentallas-core-remaining-acceptance-edge-parent-20261002-r1/scalar_suppression/sources/rtl/test/w17_window_core_cancel_join_r8/actual_fastpp_core_selected_cone.sv:2727:28: Operator ADD expects 32 bits on the LHS, but LHS's VARREF 'ds' generates 3 bits.
                                                                                                                                                                                                      : ... note: In instance 'tb.core.g_cancel.u_impl'
 2727 |                     if (ds + 1 >= NSLOT) begin ds <= 0; st <= S_FETCH; end
      |                            ^
%Warning-WIDTHTRUNC: /tmp/opentallas-core-remaining-acceptance-edge-parent-20261002-r1/scalar_suppression/sources/rtl/test/w17_window_core_cancel_join_r8/actual_fastpp_core_selected_cone.sv:2745:39: Logical operator IF expects 1 bit on the If, but If's VARREF 'FULL_SHAPE' generates 32 bits.
                                                                                                                                                                                                     : ... note: In instance 'tb.core.g_cancel.u_impl'
 2745 |                                 3'd5: if (FULL_SHAPE) begin
      |                                       ^~
%Warning-WIDTHTRUNC: /tmp/opentallas-core-remaining-acceptance-edge-parent-20261002-r1/scalar_suppression/sources/rtl/test/w17_window_core_cancel_join_r8/actual_fastpp_core_selected_cone.sv:2752:39: Logical operator IF expects 1 bit on the If, but If's VARREF 'FULL_SHAPE' generates 32 bits.
                                                                                                                                                                                                     : ... note: In instance 'tb.core.g_cancel.u_impl'
 2752 |                                 3'd6: if (FULL_SHAPE) begin
      |                                       ^~
%Warning-WIDTHTRUNC: /tmp/opentallas-core-remaining-acceptance-edge-parent-20261002-r1/scalar_suppression/sources/rtl/test/w17_window_core_cancel_join_r8/actual_fastpp_core_selected_cone.sv:2774:48: Logical operator LOGAND expects 1 bit on the LHS, but LHS's VARREF 'FULL_SHAPE' generates 32 bits.
                                                                                                                                                                                                     : ... note: In instance 'tb.core.g_cancel.u_impl'
 2774 |                                  (!(FULL_SHAPE && KV_HBM && d_unit == 3'd2 && dst == 2'd3) ||
      |                                                ^~
%Warning-WIDTHTRUNC: /tmp/opentallas-core-remaining-acceptance-edge-parent-20261002-r1/scalar_suppression/sources/rtl/test/w17_window_core_cancel_join_r8/actual_fastpp_core_selected_cone.sv:2774:48: Logical operator LOGAND expects 1 bit on the RHS, but RHS's VARREF 'KV_HBM' generates 32 bits.
                                                                                                                                                                                                     : ... note: In instance 'tb.core.g_cancel.u_impl'
 2774 |                                  (!(FULL_SHAPE && KV_HBM && d_unit == 3'd2 && dst == 2'd3) ||
      |                                                ^~
%Warning-WIDTHTRUNC: /tmp/opentallas-core-remaining-acceptance-edge-parent-20261002-r1/scalar_suppression/sources/rtl/test/w17_window_core_cancel_join_r8/actual_fastpp_core_selected_cone.sv:2767:45: Logical operator LOGAND expects 1 bit on the LHS, but LHS's VARREF 'FULL_SHAPE' generates 32 bits.
                                                                                                                                                                                                     : ... note: In instance 'tb.core.g_cancel.u_impl'
 2767 |                     end else if (FULL_SHAPE && d_unit == 3'd6) begin
      |                                             ^~
%Warning-WIDTHTRUNC: /tmp/opentallas-core-remaining-acceptance-edge-parent-20261002-r1/scalar_suppression/sources/rtl/test/w17_window_core_cancel_join_r8/actual_fastpp_core_selected_cone.sv:2718:33: Logical operator LOGAND expects 1 bit on the LHS, but LHS's VARREF 'FULL_SHAPE' generates 32 bits.
                                                                                                                                                                                                     : ... note: In instance 'tb.core.g_cancel.u_impl'
 2718 |             else if (FULL_SHAPE && (coll_fault || rope_pf_fault)) st <= S_COLL_HALT;
      |                                 ^~
%Warning-WIDTHEXPAND: /tmp/opentallas-core-remaining-acceptance-edge-parent-20261002-r1/scalar_suppression/sources/rtl/test/w17_window_core_cancel_join_r8/actual_fastpp_core_selected_cone.sv:2801:33: Operator ADD expects 21 bits on the RHS, but RHS's VARREF 'ds' generates 3 bits.
                                                                                                                                                                                                      : ... note: In instance 'tb.core.g_cancel.u_impl'
 2801 |     wire [NW-1:0] b_pos = pos_r + ds;
      |                                 ^
%Warning-WIDTHEXPAND: /tmp/opentallas-core-remaining-acceptance-edge-parent-20261002-r1/scalar_suppression/sources/rtl/test/w17_window_core_cancel_join_r8/actual_fastpp_core_selected_cone.sv:2804:29: Operator LT expects 32 bits on the LHS, but LHS's VARREF 'p1' generates 21 bits.
                                                                                                                                                                                                      : ... note: In instance 'tb.core.g_cancel.u_impl'
 2804 |     wire [NW-1:0] ns1 = (p1 < TOPK) ? p1 : TOPK;
      |                             ^
%Warning-WIDTHEXPAND: /tmp/opentallas-core-remaining-acceptance-edge-parent-20261002-r1/scalar_suppression/sources/rtl/test/w17_window_core_cancel_join_r8/actual_fastpp_core_selected_cone.sv:2804:37: Operator COND expects 32 bits on the Conditional True, but Conditional True's VARREF 'p1' generates 21 bits.
                                                                                                                                                                                                      : ... note: In instance 'tb.core.g_cancel.u_impl'
 2804 |     wire [NW-1:0] ns1 = (p1 < TOPK) ? p1 : TOPK;
      |                                     ^
%Warning-WIDTHTRUNC: /tmp/opentallas-core-remaining-acceptance-edge-parent-20261002-r1/scalar_suppression/sources/rtl/test/w17_window_core_cancel_join_r8/actual_fastpp_core_selected_cone.sv:2804:23: Operator ASSIGNW expects 21 bits on the Assign RHS, but Assign RHS's COND generates 32 bits.
                                                                                                                                                                                                     : ... note: In instance 'tb.core.g_cancel.u_impl'
 2804 |     wire [NW-1:0] ns1 = (p1 < TOPK) ? p1 : TOPK;
      |                       ^
%Warning-WIDTHEXPAND: /tmp/opentallas-core-remaining-acceptance-edge-parent-20261002-r1/scalar_suppression/sources/rtl/test/w17_window_core_cancel_join_r8/actual_fastpp_core_selected_cone.sv:2805:29: Operator LT expects 32 bits on the LHS, but LHS's VARREF 'n2' generates 21 bits.
                                                                                                                                                                                                      : ... note: In instance 'tb.core.g_cancel.u_impl'
 2805 |     wire [NW-1:0] ns2 = (n2 < TOPK) ? n2 : TOPK;
      |                             ^
%Warning-WIDTHEXPAND: /tmp/opentallas-core-remaining-acceptance-edge-parent-20261002-r1/scalar_suppression/sources/rtl/test/w17_window_core_cancel_join_r8/actual_fastpp_core_selected_cone.sv:2805:37: Operator COND expects 32 bits on the Conditional True, but Conditional True's VARREF 'n2' generates 21 bits.
                                                                                                                                                                                                      : ... note: In instance 'tb.core.g_cancel.u_impl'
 2805 |     wire [NW-1:0] ns2 = (n2 < TOPK) ? n2 : TOPK;
      |                                     ^
%Warning-WIDTHTRUNC: /tmp/opentallas-core-remaining-acceptance-edge-parent-20261002-r1/scalar_suppression/sources/rtl/test/w17_window_core_cancel_join_r8/actual_fastpp_core_selected_cone.sv:2805:23: Operator ASSIGNW expects 21 bits on the Assign RHS, but Assign RHS's COND generates 32 bits.
                                                                                                                                                                                                     : ... note: In instance 'tb.core.g_cancel.u_impl'
 2805 |     wire [NW-1:0] ns2 = (n2 < TOPK) ? n2 : TOPK;
      |                       ^
%Warning-WIDTHEXPAND: /tmp/opentallas-core-remaining-acceptance-edge-parent-20261002-r1/scalar_suppression/sources/rtl/test/w17_window_core_cancel_join_r8/actual_fastpp_core_selected_cone.sv:2807:35: Operator SUB expects 32 or 30 bits on the LHS, but LHS's VARREF 'x' generates 21 bits.
                                                                                                                                                                                                      : ... note: In instance 'tb.core.g_cancel.u_impl'
 2807 |         rnds = (x == 0) ? 0 : ((x - 1) >> LG) + 1;
      |                                   ^
%Warning-WIDTHEXPAND: /tmp/opentallas-core-remaining-acceptance-edge-parent-20261002-r1/scalar_suppression/sources/rtl/test/w17_window_core_cancel_join_r8/actual_fastpp_core_selected_cone.sv:2810:36: Operator SUB expects 32 or 30 bits on the LHS, but LHS's VARREF 'x' generates 21 bits.
                                                                                                                                                                                                      : ... note: In instance 'tb.core.g_cancel.u_impl'
 2810 |         rnd16 = (x == 0) ? 0 : ((x - 1) >> $clog2(W)) + 1;
      |                                    ^
%Warning-WIDTHTRUNC: /tmp/opentallas-core-remaining-acceptance-edge-parent-20261002-r1/scalar_suppression/sources/rtl/test/w17_window_core_cancel_join_r8/actual_fastpp_core_selected_cone.sv:2813:38: Operator ASSIGNW expects 6 bits on the Assign RHS, but Assign RHS's MUL generates 32 bits.
                                                                                                                                                                                                     : ... note: In instance 'tb.core.g_cancel.u_impl'
 2813 |     wire [$clog2(NSLOT*NDYN)-1:0] db = ds * NDYN;
      |                                      ^
%Warning-WIDTHEXPAND: /tmp/opentallas-core-remaining-acceptance-edge-parent-20261002-r1/scalar_suppression/sources/rtl/test/w17_window_core_cancel_join_r8/actual_fastpp_core_selected_cone.sv:2815:53: Operator ADD expects 32 bits on the LHS, but LHS's VARREF 'db' generates 6 bits.
                                                                                                                                                                                                      : ... note: In instance 'tb.core.g_cancel.u_impl'
 2815 |         for (di = 0; di < NDYN; di = di + 1) dyn[db + di] <= 0;
      |                                                     ^
%Warning-WIDTHTRUNC: /tmp/opentallas-core-remaining-acceptance-edge-parent-20261002-r1/scalar_suppression/sources/rtl/test/w17_window_core_cancel_join_r8/actual_fastpp_core_selected_cone.sv:2816:21: Operator ASSIGNDLY expects 30 bits on the Assign RHS, but Assign RHS's MUL generates 32 bits.
                                                                                                                                                                                                     : ... note: In instance 'tb.core.g_cancel.u_impl'
 2816 |         dyn[db + 1] <= b_tok * DIM;
      |                     ^~
%Warning-WIDTHTRUNC: /tmp/opentallas-core-remaining-acceptance-edge-parent-20261002-r1/scalar_suppression/sources/rtl/test/w17_window_core_cancel_join_r8/actual_fastpp_core_selected_cone.sv:2817:21: Operator ASSIGNDLY expects 30 bits on the Assign RHS, but Assign RHS's MUL generates 32 bits.
                                                                                                                                                                                                     : ... note: In instance 'tb.core.g_cancel.u_impl'
 2817 |         dyn[db + 2] <= b_pos * ROPE_PAIR;
      |                     ^~
%Warning-WIDTHEXPAND: /tmp/opentallas-core-remaining-acceptance-edge-parent-20261002-r1/scalar_suppression/sources/rtl/test/w17_window_core_cancel_join_r8/actual_fastpp_core_selected_cone.sv:2818:50: Operator SUB expects 32 bits on the LHS, but LHS's VARREF 'b_pos' generates 21 bits.
                                                                                                                                                                                                      : ... note: In instance 'tb.core.g_cancel.u_impl'
 2818 |         dyn[db + 3] <= (b_pos == 0) ? 0 : (b_pos - 1) * ROPE_PAIR;
      |                                                  ^
%Warning-WIDTHTRUNC: /tmp/opentallas-core-remaining-acceptance-edge-parent-20261002-r1/scalar_suppression/sources/rtl/test/w17_window_core_cancel_join_r8/actual_fastpp_core_selected_cone.sv:2818:21: Operator ASSIGNDLY expects 30 bits on the Assign RHS, but Assign RHS's COND generates 32 bits.
                                                                                                                                                                                                     : ... note: In instance 'tb.core.g_cancel.u_impl'
 2818 |         dyn[db + 3] <= (b_pos == 0) ? 0 : (b_pos - 1) * ROPE_PAIR;
      |                     ^~
%Warning-WIDTHEXPAND: /tmp/opentallas-core-remaining-acceptance-edge-parent-20261002-r1/scalar_suppression/sources/rtl/test/w17_window_core_cancel_join_r8/actual_fastpp_core_selected_cone.sv:2819:21: Operator ASSIGNDLY expects 30 bits on the Assign RHS, but Assign RHS's VARREF 'b_pos' generates 21 bits.
                                                                                                                                                                                                      : ... note: In instance 'tb.core.g_cancel.u_impl'
 2819 |         dyn[db + 4] <= b_pos;
      |                     ^~
%Warning-WIDTHEXPAND: /tmp/opentallas-core-remaining-acceptance-edge-parent-20261002-r1/scalar_suppression/sources/rtl/test/w17_window_core_cancel_join_r8/actual_fastpp_core_selected_cone.sv:2820:21: Operator ASSIGNDLY expects 30 bits on the Assign RHS, but Assign RHS's VARREF 'p1' generates 21 bits.
                                                                                                                                                                                                      : ... note: In instance 'tb.core.g_cancel.u_impl'
 2820 |         dyn[db + 5] <= p1;
      |                     ^~
%Warning-WIDTHEXPAND: /tmp/opentallas-core-remaining-acceptance-edge-parent-20261002-r1/scalar_suppression/sources/rtl/test/w17_window_core_cancel_join_r8/actual_fastpp_core_selected_cone.sv:2821:21: Operator ASSIGNDLY expects 30 bits on the Assign RHS, but Assign RHS's VARREF 'n2' generates 21 bits.
                                                                                                                                                                                                      : ... note: In instance 'tb.core.g_cancel.u_impl'
 2821 |         dyn[db + 6] <= n2;
      |                     ^~
%Warning-WIDTHEXPAND: /tmp/opentallas-core-remaining-acceptance-edge-parent-20261002-r1/scalar_suppression/sources/rtl/test/w17_window_core_cancel_join_r8/actual_fastpp_core_selected_cone.sv:2822:43: Operator SUB expects 32 or 30 bits on the LHS, but LHS's VARREF 'n2' generates 21 bits.
                                                                                                                                                                                                      : ... note: In instance 'tb.core.g_cancel.u_impl'
 2822 |         dyn[db + 7] <= (n2 == 0) ? 0 : n2 - 1;
      |                                           ^
%Warning-WIDTHEXPAND: /tmp/opentallas-core-remaining-acceptance-edge-parent-20261002-r1/scalar_suppression/sources/rtl/test/w17_window_core_cancel_join_r8/actual_fastpp_core_selected_cone.sv:2823:21: Operator ASSIGNDLY expects 30 bits on the Assign RHS, but Assign RHS's VARREF 'ns1' generates 21 bits.
                                                                                                                                                                                                      : ... note: In instance 'tb.core.g_cancel.u_impl'
 2823 |         dyn[db + 8] <= ns1;
      |                     ^~
%Warning-WIDTHEXPAND: /tmp/opentallas-core-remaining-acceptance-edge-parent-20261002-r1/scalar_suppression/sources/rtl/test/w17_window_core_cancel_join_r8/actual_fastpp_core_selected_cone.sv:2824:21: Operator ASSIGNDLY expects 30 bits on the Assign RHS, but Assign RHS's VARREF 'ns2' generates 21 bits.
                                                                                                                                                                                                      : ... note: In instance 'tb.core.g_cancel.u_impl'
 2824 |         dyn[db + 9] <= ns2;
      |                     ^~
%Warning-WIDTHEXPAND: /tmp/opentallas-core-remaining-acceptance-edge-parent-20261002-r1/scalar_suppression/sources/rtl/test/w17_window_core_cancel_join_r8/actual_fastpp_core_selected_cone.sv:2825:28: Operator ADD expects 30 bits on the LHS, but LHS's VARREF 'p1' generates 21 bits.
                                                                                                                                                                                                      : ... note: In instance 'tb.core.g_cancel.u_impl'
 2825 |         dyn[db + 10] <= p1 + ns1;
      |                            ^
%Warning-WIDTHEXPAND: /tmp/opentallas-core-remaining-acceptance-edge-parent-20261002-r1/scalar_suppression/sources/rtl/test/w17_window_core_cancel_join_r8/actual_fastpp_core_selected_cone.sv:2825:28: Operator ADD expects 30 bits on the RHS, but RHS's VARREF 'ns1' generates 21 bits.
                                                                                                                                                                                                      : ... note: In instance 'tb.core.g_cancel.u_impl'
 2825 |         dyn[db + 10] <= p1 + ns1;
      |                            ^
%Warning-WIDTHEXPAND: /tmp/opentallas-core-remaining-acceptance-edge-parent-20261002-r1/scalar_suppression/sources/rtl/test/w17_window_core_cancel_join_r8/actual_fastpp_core_selected_cone.sv:2826:28: Operator ADD expects 30 bits on the LHS, but LHS's VARREF 'p1' generates 21 bits.
                                                                                                                                                                                                      : ... note: In instance 'tb.core.g_cancel.u_impl'
 2826 |         dyn[db + 11] <= p1 + ns2;
      |                            ^
%Warning-WIDTHEXPAND: /tmp/opentallas-core-remaining-acceptance-edge-parent-20261002-r1/scalar_suppression/sources/rtl/test/w17_window_core_cancel_join_r8/actual_fastpp_core_selected_cone.sv:2826:28: Operator ADD expects 30 bits on the RHS, but RHS's VARREF 'ns2' generates 21 bits.
                                                                                                                                                                                                      : ... note: In instance 'tb.core.g_cancel.u_impl'
 2826 |         dyn[db + 11] <= p1 + ns2;
      |                            ^
%Warning-WIDTHTRUNC: /tmp/opentallas-core-remaining-acceptance-edge-parent-20261002-r1/scalar_suppression/sources/rtl/test/w17_window_core_cancel_join_r8/actual_fastpp_core_selected_cone.sv:2831:22: Operator ASSIGNDLY expects 30 bits on the Assign RHS, but Assign RHS's MUL generates 32 bits.
                                                                                                                                                                                                     : ... note: In instance 'tb.core.g_cancel.u_impl'
 2831 |         dyn[db + 16] <= b_pos * HDIM;
      |                      ^~
%Warning-WIDTHTRUNC: /tmp/opentallas-core-remaining-acceptance-edge-parent-20261002-r1/scalar_suppression/sources/rtl/test/w17_window_core_cancel_join_r8/actual_fastpp_core_selected_cone.sv:2832:22: Operator ASSIGNDLY expects 30 bits on the Assign RHS, but Assign RHS's MUL generates 32 bits.
                                                                                                                                                                                                     : ... note: In instance 'tb.core.g_cancel.u_impl'
 2832 |         dyn[db + 17] <= p1 * HDIM;
      |                      ^~
%Warning-WIDTHEXPAND: /tmp/opentallas-core-remaining-acceptance-edge-parent-20261002-r1/scalar_suppression/sources/rtl/test/w17_window_core_cancel_join_r8/actual_fastpp_core_selected_cone.sv:2835:45: Operator SUB expects 32 bits on the LHS, but LHS's VARREF 'n2' generates 21 bits.
                                                                                                                                                                                                      : ... note: In instance 'tb.core.g_cancel.u_impl'
 2835 |         dyn[db + 20] <= (n2 == 0) ? 0 : (n2 - 1) * HDIM;
      |                                             ^
%Warning-WIDTHTRUNC: /tmp/opentallas-core-remaining-acceptance-edge-parent-20261002-r1/scalar_suppression/sources/rtl/test/w17_window_core_cancel_join_r8/actual_fastpp_core_selected_cone.sv:2835:22: Operator ASSIGNDLY expects 30 bits on the Assign RHS, but Assign RHS's COND generates 32 bits.
                                                                                                                                                                                                     : ... note: In instance 'tb.core.g_cancel.u_impl'
 2835 |         dyn[db + 20] <= (n2 == 0) ? 0 : (n2 - 1) * HDIM;
      |                      ^~
%Warning-WIDTHEXPAND: /tmp/opentallas-core-remaining-acceptance-edge-parent-20261002-r1/scalar_suppression/sources/rtl/test/w17_window_core_cancel_join_r8/actual_fastpp_core_selected_cone.sv:2842:26: Operator ASSIGNDLY expects 30 bits on the Assign RHS, but Assign RHS's REPLICATE generates 5 bits.
                                                                                                                                                                                                      : ... note: In instance 'tb.core.g_cancel.u_impl'
 2842 |             dyn[db + 25] <= {b_pos[2:0], 2'b00};
      |                          ^~
%Warning-WIDTHEXPAND: /tmp/opentallas-core-remaining-acceptance-edge-parent-20261002-r1/scalar_suppression/sources/rtl/test/w17_window_core_cancel_join_r8/actual_fastpp_core_selected_cone.sv:2843:26: Operator ASSIGNDLY expects 30 bits on the Assign RHS, but Assign RHS's REPLICATE generates 9 bits.
                                                                                                                                                                                                      : ... note: In instance 'tb.core.g_cancel.u_impl'
 2843 |             dyn[db + 26] <= {b_pos[2:1], 7'd0};
      |                          ^~
%Warning-WIDTHEXPAND: /tmp/opentallas-core-remaining-acceptance-edge-parent-20261002-r1/scalar_suppression/sources/rtl/test/w17_window_core_cancel_join_r8/actual_fastpp_core_selected_cone.sv:2847:20: Operator ADD expects 32 bits on the LHS, but LHS's VARREF 'db' generates 6 bits.
                                                                                                                                                                                                      : ... note: In instance 'tb.core.g_cancel.u_impl'
 2847 |             dyn[db + FDYN_WIN] <= (p1 < FULL_WINDOW) ? p1 : FULL_WINDOW;
      |                    ^
%Warning-WIDTHEXPAND: /tmp/opentallas-core-remaining-acceptance-edge-parent-20261002-r1/scalar_suppression/sources/rtl/test/w17_window_core_cancel_join_r8/actual_fastpp_core_selected_cone.sv:2847:39: Operator LT expects 32 bits on the LHS, but LHS's VARREF 'p1' generates 21 bits.
                                                                                                                                                                                                      : ... note: In instance 'tb.core.g_cancel.u_impl'
 2847 |             dyn[db + FDYN_WIN] <= (p1 < FULL_WINDOW) ? p1 : FULL_WINDOW;
      |                                       ^
%Warning-WIDTHEXPAND: /tmp/opentallas-core-remaining-acceptance-edge-parent-20261002-r1/scalar_suppression/sources/rtl/test/w17_window_core_cancel_join_r8/actual_fastpp_core_selected_cone.sv:2847:54: Operator COND expects 32 bits on the Conditional True, but Conditional True's VARREF 'p1' generates 21 bits.
                                                                                                                                                                                                      : ... note: In instance 'tb.core.g_cancel.u_impl'
 2847 |             dyn[db + FDYN_WIN] <= (p1 < FULL_WINDOW) ? p1 : FULL_WINDOW;
      |                                                      ^
%Warning-WIDTHTRUNC: /tmp/opentallas-core-remaining-acceptance-edge-parent-20261002-r1/scalar_suppression/sources/rtl/test/w17_window_core_cancel_join_r8/actual_fastpp_core_selected_cone.sv:2847:32: Operator ASSIGNDLY expects 30 bits on the Assign RHS, but Assign RHS's COND generates 32 bits.
                                                                                                                                                                                                     : ... note: In instance 'tb.core.g_cancel.u_impl'
 2847 |             dyn[db + FDYN_WIN] <= (p1 < FULL_WINDOW) ? p1 : FULL_WINDOW;
      |                                ^~
%Warning-WIDTHEXPAND: /tmp/opentallas-core-remaining-acceptance-edge-parent-20261002-r1/scalar_suppression/sources/rtl/test/w17_window_core_cancel_join_r8/actual_fastpp_core_selected_cone.sv:2848:20: Operator ADD expects 32 bits on the LHS, but LHS's VARREF 'db' generates 6 bits.
                                                                                                                                                                                                      : ... note: In instance 'tb.core.g_cancel.u_impl'
 2848 |             dyn[db + FDYN_NC1] <= p1;
      |                    ^
%Warning-WIDTHEXPAND: /tmp/opentallas-core-remaining-acceptance-edge-parent-20261002-r1/scalar_suppression/sources/rtl/test/w17_window_core_cancel_join_r8/actual_fastpp_core_selected_cone.sv:2848:32: Operator ASSIGNDLY expects 30 bits on the Assign RHS, but Assign RHS's VARREF 'p1' generates 21 bits.
                                                                                                                                                                                                      : ... note: In instance 'tb.core.g_cancel.u_impl'
 2848 |             dyn[db + FDYN_NC1] <= p1;
      |                                ^~
%Warning-WIDTHEXPAND: /tmp/opentallas-core-remaining-acceptance-edge-parent-20261002-r1/scalar_suppression/sources/rtl/test/w17_window_core_cancel_join_r8/actual_fastpp_core_selected_cone.sv:2849:20: Operator ADD expects 32 bits on the LHS, but LHS's VARREF 'db' generates 6 bits.
                                                                                                                                                                                                      : ... note: In instance 'tb.core.g_cancel.u_impl'
 2849 |             dyn[db + FDYN_NC2] <= n2;
      |                    ^
%Warning-WIDTHEXPAND: /tmp/opentallas-core-remaining-acceptance-edge-parent-20261002-r1/scalar_suppression/sources/rtl/test/w17_window_core_cancel_join_r8/actual_fastpp_core_selected_cone.sv:2849:32: Operator ASSIGNDLY expects 30 bits on the Assign RHS, but Assign RHS's VARREF 'n2' generates 21 bits.
                                                                                                                                                                                                      : ... note: In instance 'tb.core.g_cancel.u_impl'
 2849 |             dyn[db + FDYN_NC2] <= n2;
      |                                ^~
%Warning-WIDTHEXPAND: /tmp/opentallas-core-remaining-acceptance-edge-parent-20261002-r1/scalar_suppression/sources/rtl/test/w17_window_core_cancel_join_r8/actual_fastpp_core_selected_cone.sv:2850:20: Operator ADD expects 32 bits on the LHS, but LHS's VARREF 'db' generates 6 bits.
                                                                                                                                                                                                      : ... note: In instance 'tb.core.g_cancel.u_impl'
 2850 |             dyn[db + FDYN_NS1] <= ns1;
      |                    ^
%Warning-WIDTHEXPAND: /tmp/opentallas-core-remaining-acceptance-edge-parent-20261002-r1/scalar_suppression/sources/rtl/test/w17_window_core_cancel_join_r8/actual_fastpp_core_selected_cone.sv:2850:32: Operator ASSIGNDLY expects 30 bits on the Assign RHS, but Assign RHS's VARREF 'ns1' generates 21 bits.
                                                                                                                                                                                                      : ... note: In instance 'tb.core.g_cancel.u_impl'
 2850 |             dyn[db + FDYN_NS1] <= ns1;
      |                                ^~
%Warning-WIDTHEXPAND: /tmp/opentallas-core-remaining-acceptance-edge-parent-20261002-r1/scalar_suppression/sources/rtl/test/w17_window_core_cancel_join_r8/actual_fastpp_core_selected_cone.sv:2851:20: Operator ADD expects 32 bits on the LHS, but LHS's VARREF 'db' generates 6 bits.
                                                                                                                                                                                                      : ... note: In instance 'tb.core.g_cancel.u_impl'
 2851 |             dyn[db + FDYN_NS2] <= ns2;
      |                    ^
%Warning-WIDTHEXPAND: /tmp/opentallas-core-remaining-acceptance-edge-parent-20261002-r1/scalar_suppression/sources/rtl/test/w17_window_core_cancel_join_r8/actual_fastpp_core_selected_cone.sv:2851:32: Operator ASSIGNDLY expects 30 bits on the Assign RHS, but Assign RHS's VARREF 'ns2' generates 21 bits.
                                                                                                                                                                                                      : ... note: In instance 'tb.core.g_cancel.u_impl'
 2851 |             dyn[db + FDYN_NS2] <= ns2;
      |                                ^~
%Warning-WIDTHEXPAND: /tmp/opentallas-core-remaining-acceptance-edge-parent-20261002-r1/scalar_suppression/sources/rtl/test/w17_window_core_cancel_join_r8/actual_fastpp_core_selected_cone.sv:2852:20: Operator ADD expects 32 bits on the LHS, but LHS's VARREF 'db' generates 6 bits.
                                                                                                                                                                                                      : ... note: In instance 'tb.core.g_cancel.u_impl'
 2852 |             dyn[db + FDYN_T0] <= ((p1 < FULL_WINDOW) ? p1 : FULL_WINDOW);
      |                    ^
%Warning-WIDTHEXPAND: /tmp/opentallas-core-remaining-acceptance-edge-parent-20261002-r1/scalar_suppression/sources/rtl/test/w17_window_core_cancel_join_r8/actual_fastpp_core_selected_cone.sv:2852:39: Operator LT expects 32 bits on the LHS, but LHS's VARREF 'p1' generates 21 bits.
                                                                                                                                                                                                      : ... note: In instance 'tb.core.g_cancel.u_impl'
 2852 |             dyn[db + FDYN_T0] <= ((p1 < FULL_WINDOW) ? p1 : FULL_WINDOW);
      |                                       ^
%Warning-WIDTHEXPAND: /tmp/opentallas-core-remaining-acceptance-edge-parent-20261002-r1/scalar_suppression/sources/rtl/test/w17_window_core_cancel_join_r8/actual_fastpp_core_selected_cone.sv:2852:54: Operator COND expects 32 bits on the Conditional True, but Conditional True's VARREF 'p1' generates 21 bits.
                                                                                                                                                                                                      : ... note: In instance 'tb.core.g_cancel.u_impl'
 2852 |             dyn[db + FDYN_T0] <= ((p1 < FULL_WINDOW) ? p1 : FULL_WINDOW);
      |                                                      ^
%Warning-WIDTHTRUNC: /tmp/opentallas-core-remaining-acceptance-edge-parent-20261002-r1/scalar_suppression/sources/rtl/test/w17_window_core_cancel_join_r8/actual_fastpp_core_selected_cone.sv:2852:31: Operator ASSIGNDLY expects 30 bits on the Assign RHS, but Assign RHS's COND generates 32 bits.
                                                                                                                                                                                                     : ... note: In instance 'tb.core.g_cancel.u_impl'
 2852 |             dyn[db + FDYN_T0] <= ((p1 < FULL_WINDOW) ? p1 : FULL_WINDOW);
      |                               ^~
%Warning-WIDTHEXPAND: /tmp/opentallas-core-remaining-acceptance-edge-parent-20261002-r1/scalar_suppression/sources/rtl/test/w17_window_core_cancel_join_r8/actual_fastpp_core_selected_cone.sv:2853:20: Operator ADD expects 32 bits on the LHS, but LHS's VARREF 'db' generates 6 bits.
                                                                                                                                                                                                      : ... note: In instance 'tb.core.g_cancel.u_impl'
 2853 |             dyn[db + FDYN_T1] <= ((p1 < FULL_WINDOW) ? p1 : FULL_WINDOW) + ns1;
      |                    ^
%Warning-WIDTHEXPAND: /tmp/opentallas-core-remaining-acceptance-edge-parent-20261002-r1/scalar_suppression/sources/rtl/test/w17_window_core_cancel_join_r8/actual_fastpp_core_selected_cone.sv:2853:39: Operator LT expects 32 bits on the LHS, but LHS's VARREF 'p1' generates 21 bits.
                                                                                                                                                                                                      : ... note: In instance 'tb.core.g_cancel.u_impl'
 2853 |             dyn[db + FDYN_T1] <= ((p1 < FULL_WINDOW) ? p1 : FULL_WINDOW) + ns1;
      |                                       ^
%Warning-WIDTHEXPAND: /tmp/opentallas-core-remaining-acceptance-edge-parent-20261002-r1/scalar_suppression/sources/rtl/test/w17_window_core_cancel_join_r8/actual_fastpp_core_selected_cone.sv:2853:54: Operator COND expects 32 bits on the Conditional True, but Conditional True's VARREF 'p1' generates 21 bits.
                                                                                                                                                                                                      : ... note: In instance 'tb.core.g_cancel.u_impl'
 2853 |             dyn[db + FDYN_T1] <= ((p1 < FULL_WINDOW) ? p1 : FULL_WINDOW) + ns1;
      |                                                      ^
%Warning-WIDTHEXPAND: /tmp/opentallas-core-remaining-acceptance-edge-parent-20261002-r1/scalar_suppression/sources/rtl/test/w17_window_core_cancel_join_r8/actual_fastpp_core_selected_cone.sv:2853:74: Operator ADD expects 32 bits on the RHS, but RHS's VARREF 'ns1' generates 21 bits.
                                                                                                                                                                                                      : ... note: In instance 'tb.core.g_cancel.u_impl'
 2853 |             dyn[db + FDYN_T1] <= ((p1 < FULL_WINDOW) ? p1 : FULL_WINDOW) + ns1;
      |                                                                          ^
%Warning-WIDTHTRUNC: /tmp/opentallas-core-remaining-acceptance-edge-parent-20261002-r1/scalar_suppression/sources/rtl/test/w17_window_core_cancel_join_r8/actual_fastpp_core_selected_cone.sv:2853:31: Operator ASSIGNDLY expects 30 bits on the Assign RHS, but Assign RHS's ADD generates 32 bits.
                                                                                                                                                                                                     : ... note: In instance 'tb.core.g_cancel.u_impl'
 2853 |             dyn[db + FDYN_T1] <= ((p1 < FULL_WINDOW) ? p1 : FULL_WINDOW) + ns1;
      |                               ^~
%Warning-WIDTHEXPAND: /tmp/opentallas-core-remaining-acceptance-edge-parent-20261002-r1/scalar_suppression/sources/rtl/test/w17_window_core_cancel_join_r8/actual_fastpp_core_selected_cone.sv:2854:20: Operator ADD expects 32 bits on the LHS, but LHS's VARREF 'db' generates 6 bits.
                                                                                                                                                                                                      : ... note: In instance 'tb.core.g_cancel.u_impl'
 2854 |             dyn[db + FDYN_T2] <= ((p1 < FULL_WINDOW) ? p1 : FULL_WINDOW) + ns2;
      |                    ^
%Warning-WIDTHEXPAND: /tmp/opentallas-core-remaining-acceptance-edge-parent-20261002-r1/scalar_suppression/sources/rtl/test/w17_window_core_cancel_join_r8/actual_fastpp_core_selected_cone.sv:2854:39: Operator LT expects 32 bits on the LHS, but LHS's VARREF 'p1' generates 21 bits.
                                                                                                                                                                                                      : ... note: In instance 'tb.core.g_cancel.u_impl'
 2854 |             dyn[db + FDYN_T2] <= ((p1 < FULL_WINDOW) ? p1 : FULL_WINDOW) + ns2;
      |                                       ^
%Warning-WIDTHEXPAND: /tmp/opentallas-core-remaining-acceptance-edge-parent-20261002-r1/scalar_suppression/sources/rtl/test/w17_window_core_cancel_join_r8/actual_fastpp_core_selected_cone.sv:2854:54: Operator COND expects 32 bits on the Conditional True, but Conditional True's VARREF 'p1' generates 21 bits.
                                                                                                                                                                                                      : ... note: In instance 'tb.core.g_cancel.u_impl'
 2854 |             dyn[db + FDYN_T2] <= ((p1 < FULL_WINDOW) ? p1 : FULL_WINDOW) + ns2;
      |                                                      ^
%Warning-WIDTHEXPAND: /tmp/opentallas-core-remaining-acceptance-edge-parent-20261002-r1/scalar_suppression/sources/rtl/test/w17_window_core_cancel_join_r8/actual_fastpp_core_selected_cone.sv:2854:74: Operator ADD expects 32 bits on the RHS, but RHS's VARREF 'ns2' generates 21 bits.
                                                                                                                                                                                                      : ... note: In instance 'tb.core.g_cancel.u_impl'
 2854 |             dyn[db + FDYN_T2] <= ((p1 < FULL_WINDOW) ? p1 : FULL_WINDOW) + ns2;
      |                                                                          ^
%Warning-WIDTHTRUNC: /tmp/opentallas-core-remaining-acceptance-edge-parent-20261002-r1/scalar_suppression/sources/rtl/test/w17_window_core_cancel_join_r8/actual_fastpp_core_selected_cone.sv:2854:31: Operator ASSIGNDLY expects 30 bits on the Assign RHS, but Assign RHS's ADD generates 32 bits.
                                                                                                                                                                                                     : ... note: In instance 'tb.core.g_cancel.u_impl'
 2854 |             dyn[db + FDYN_T2] <= ((p1 < FULL_WINDOW) ? p1 : FULL_WINDOW) + ns2;
      |                               ^~
%Warning-WIDTHEXPAND: /tmp/opentallas-core-remaining-acceptance-edge-parent-20261002-r1/scalar_suppression/sources/rtl/test/w17_window_core_cancel_join_r8/actual_fastpp_core_selected_cone.sv:2855:20: Operator ADD expects 32 bits on the LHS, but LHS's VARREF 'db' generates 6 bits.
                                                                                                                                                                                                      : ... note: In instance 'tb.core.g_cancel.u_impl'
 2855 |             dyn[db + FDYN_SC1] <= (p1 + FULL_TP - 1) / FULL_TP;
      |                    ^
%Warning-WIDTHEXPAND: /tmp/opentallas-core-remaining-acceptance-edge-parent-20261002-r1/scalar_suppression/sources/rtl/test/w17_window_core_cancel_join_r8/actual_fastpp_core_selected_cone.sv:2855:39: Operator ADD expects 32 bits on the LHS, but LHS's VARREF 'p1' generates 21 bits.
                                                                                                                                                                                                      : ... note: In instance 'tb.core.g_cancel.u_impl'
 2855 |             dyn[db + FDYN_SC1] <= (p1 + FULL_TP - 1) / FULL_TP;
      |                                       ^
%Warning-WIDTHTRUNC: /tmp/opentallas-core-remaining-acceptance-edge-parent-20261002-r1/scalar_suppression/sources/rtl/test/w17_window_core_cancel_join_r8/actual_fastpp_core_selected_cone.sv:2855:32: Operator ASSIGNDLY expects 30 bits on the Assign RHS, but Assign RHS's DIV generates 32 bits.
                                                                                                                                                                                                     : ... note: In instance 'tb.core.g_cancel.u_impl'
 2855 |             dyn[db + FDYN_SC1] <= (p1 + FULL_TP - 1) / FULL_TP;
      |                                ^~
%Warning-WIDTHEXPAND: /tmp/opentallas-core-remaining-acceptance-edge-parent-20261002-r1/scalar_suppression/sources/rtl/test/w17_window_core_cancel_join_r8/actual_fastpp_core_selected_cone.sv:2856:20: Operator ADD expects 32 bits on the LHS, but LHS's VARREF 'db' generates 6 bits.
                                                                                                                                                                                                      : ... note: In instance 'tb.core.g_cancel.u_impl'
 2856 |             dyn[db + FDYN_SC2] <= (n2 + FULL_TP - 1) / FULL_TP;
      |                    ^
%Warning-WIDTHEXPAND: /tmp/opentallas-core-remaining-acceptance-edge-parent-20261002-r1/scalar_suppression/sources/rtl/test/w17_window_core_cancel_join_r8/actual_fastpp_core_selected_cone.sv:2856:39: Operator ADD expects 32 bits on the LHS, but LHS's VARREF 'n2' generates 21 bits.
                                                                                                                                                                                                      : ... note: In instance 'tb.core.g_cancel.u_impl'
 2856 |             dyn[db + FDYN_SC2] <= (n2 + FULL_TP - 1) / FULL_TP;
      |                                       ^
%Warning-WIDTHTRUNC: /tmp/opentallas-core-remaining-acceptance-edge-parent-20261002-r1/scalar_suppression/sources/rtl/test/w17_window_core_cancel_join_r8/actual_fastpp_core_selected_cone.sv:2856:32: Operator ASSIGNDLY expects 30 bits on the Assign RHS, but Assign RHS's DIV generates 32 bits.
                                                                                                                                                                                                     : ... note: In instance 'tb.core.g_cancel.u_impl'
 2856 |             dyn[db + FDYN_SC2] <= (n2 + FULL_TP - 1) / FULL_TP;
      |                                ^~
%Warning-WIDTHEXPAND: /tmp/opentallas-core-remaining-acceptance-edge-parent-20261002-r1/scalar_suppression/sources/rtl/test/w17_window_core_cancel_join_r8/actual_fastpp_core_selected_cone.sv:2857:20: Operator ADD expects 32 bits on the LHS, but LHS's VARREF 'db' generates 6 bits.
                                                                                                                                                                                                      : ... note: In instance 'tb.core.g_cancel.u_impl'
 2857 |             dyn[db + FDYN_SCR] <= (((p1 < FULL_SCAN_CAP) ? p1 : FULL_SCAN_CAP) + FULL_TP - 1) / FULL_TP;
      |                    ^
%Warning-WIDTHEXPAND: /tmp/opentallas-core-remaining-acceptance-edge-parent-20261002-r1/scalar_suppression/sources/rtl/test/w17_window_core_cancel_join_r8/actual_fastpp_core_selected_cone.sv:2857:41: Operator LT expects 32 bits on the LHS, but LHS's VARREF 'p1' generates 21 bits.
                                                                                                                                                                                                      : ... note: In instance 'tb.core.g_cancel.u_impl'
 2857 |             dyn[db + FDYN_SCR] <= (((p1 < FULL_SCAN_CAP) ? p1 : FULL_SCAN_CAP) + FULL_TP - 1) / FULL_TP;
      |                                         ^
%Warning-WIDTHEXPAND: /tmp/opentallas-core-remaining-acceptance-edge-parent-20261002-r1/scalar_suppression/sources/rtl/test/w17_window_core_cancel_join_r8/actual_fastpp_core_selected_cone.sv:2857:58: Operator COND expects 32 bits on the Conditional True, but Conditional True's VARREF 'p1' generates 21 bits.
                                                                                                                                                                                                      : ... note: In instance 'tb.core.g_cancel.u_impl'
 2857 |             dyn[db + FDYN_SCR] <= (((p1 < FULL_SCAN_CAP) ? p1 : FULL_SCAN_CAP) + FULL_TP - 1) / FULL_TP;
      |                                                          ^
%Warning-WIDTHTRUNC: /tmp/opentallas-core-remaining-acceptance-edge-parent-20261002-r1/scalar_suppression/sources/rtl/test/w17_window_core_cancel_join_r8/actual_fastpp_core_selected_cone.sv:2857:32: Operator ASSIGNDLY expects 30 bits on the Assign RHS, but Assign RHS's DIV generates 32 bits.
                                                                                                                                                                                                     : ... note: In instance 'tb.core.g_cancel.u_impl'
 2857 |             dyn[db + FDYN_SCR] <= (((p1 < FULL_SCAN_CAP) ? p1 : FULL_SCAN_CAP) + FULL_TP - 1) / FULL_TP;
      |                                ^~
%Warning-WIDTHEXPAND: /tmp/opentallas-core-remaining-acceptance-edge-parent-20261002-r1/scalar_suppression/sources/rtl/test/w17_window_core_cancel_join_r8/actual_fastpp_core_selected_cone.sv:2858:20: Operator ADD expects 32 bits on the LHS, but LHS's VARREF 'db' generates 6 bits.
                                                                                                                                                                                                      : ... note: In instance 'tb.core.g_cancel.u_impl'
 2858 |             dyn[db + FDYN_NSL1] <= (((p1 + FULL_TP - 1) / FULL_TP) < TOPK) ?
      |                    ^
%Warning-WIDTHEXPAND: /tmp/opentallas-core-remaining-acceptance-edge-parent-20261002-r1/scalar_suppression/sources/rtl/test/w17_window_core_cancel_join_r8/actual_fastpp_core_selected_cone.sv:2858:42: Operator ADD expects 32 bits on the LHS, but LHS's VARREF 'p1' generates 21 bits.
                                                                                                                                                                                                      : ... note: In instance 'tb.core.g_cancel.u_impl'
 2858 |             dyn[db + FDYN_NSL1] <= (((p1 + FULL_TP - 1) / FULL_TP) < TOPK) ?
      |                                          ^
%Warning-WIDTHEXPAND: /tmp/opentallas-core-remaining-acceptance-edge-parent-20261002-r1/scalar_suppression/sources/rtl/test/w17_window_core_cancel_join_r8/actual_fastpp_core_selected_cone.sv:2859:43: Operator ADD expects 32 bits on the LHS, but LHS's VARREF 'p1' generates 21 bits.
                                                                                                                                                                                                      : ... note: In instance 'tb.core.g_cancel.u_impl'
 2859 |                                      ((p1 + FULL_TP - 1) / FULL_TP) : TOPK;
      |                                           ^
%Warning-WIDTHTRUNC: /tmp/opentallas-core-remaining-acceptance-edge-parent-20261002-r1/scalar_suppression/sources/rtl/test/w17_window_core_cancel_join_r8/actual_fastpp_core_selected_cone.sv:2858:33: Operator ASSIGNDLY expects 30 bits on the Assign RHS, but Assign RHS's COND generates 32 bits.
                                                                                                                                                                                                     : ... note: In instance 'tb.core.g_cancel.u_impl'
 2858 |             dyn[db + FDYN_NSL1] <= (((p1 + FULL_TP - 1) / FULL_TP) < TOPK) ?
      |                                 ^~
%Warning-WIDTHEXPAND: /tmp/opentallas-core-remaining-acceptance-edge-parent-20261002-r1/scalar_suppression/sources/rtl/test/w17_window_core_cancel_join_r8/actual_fastpp_core_selected_cone.sv:2860:20: Operator ADD expects 32 bits on the LHS, but LHS's VARREF 'db' generates 6 bits.
                                                                                                                                                                                                      : ... note: In instance 'tb.core.g_cancel.u_impl'
 2860 |             dyn[db + FDYN_NSL2] <= (((n2 + FULL_TP - 1) / FULL_TP) < TOPK) ?
      |                    ^
%Warning-WIDTHEXPAND: /tmp/opentallas-core-remaining-acceptance-edge-parent-20261002-r1/scalar_suppression/sources/rtl/test/w17_window_core_cancel_join_r8/actual_fastpp_core_selected_cone.sv:2860:42: Operator ADD expects 32 bits on the LHS, but LHS's VARREF 'n2' generates 21 bits.
                                                                                                                                                                                                      : ... note: In instance 'tb.core.g_cancel.u_impl'
 2860 |             dyn[db + FDYN_NSL2] <= (((n2 + FULL_TP - 1) / FULL_TP) < TOPK) ?
      |                                          ^
%Warning-WIDTHEXPAND: /tmp/opentallas-core-remaining-acceptance-edge-parent-20261002-r1/scalar_suppression/sources/rtl/test/w17_window_core_cancel_join_r8/actual_fastpp_core_selected_cone.sv:2861:43: Operator ADD expects 32 bits on the LHS, but LHS's VARREF 'n2' generates 21 bits.
                                                                                                                                                                                                      : ... note: In instance 'tb.core.g_cancel.u_impl'
 2861 |                                      ((n2 + FULL_TP - 1) / FULL_TP) : TOPK;
      |                                           ^
%Warning-WIDTHTRUNC: /tmp/opentallas-core-remaining-acceptance-edge-parent-20261002-r1/scalar_suppression/sources/rtl/test/w17_window_core_cancel_join_r8/actual_fastpp_core_selected_cone.sv:2860:33: Operator ASSIGNDLY expects 30 bits on the Assign RHS, but Assign RHS's COND generates 32 bits.
                                                                                                                                                                                                     : ... note: In instance 'tb.core.g_cancel.u_impl'
 2860 |             dyn[db + FDYN_NSL2] <= (((n2 + FULL_TP - 1) / FULL_TP) < TOPK) ?
      |                                 ^~
%Warning-WIDTHEXPAND: /tmp/opentallas-core-remaining-acceptance-edge-parent-20261002-r1/scalar_suppression/sources/rtl/test/w17_window_core_cancel_join_r8/actual_fastpp_core_selected_cone.sv:2862:20: Operator ADD expects 32 bits on the LHS, but LHS's VARREF 'db' generates 6 bits.
                                                                                                                                                                                                      : ... note: In instance 'tb.core.g_cancel.u_impl'
 2862 |             dyn[db + FDYN_NSLR] <= (((((p1 < FULL_SCAN_CAP) ? p1 : FULL_SCAN_CAP) + FULL_TP - 1) / FULL_TP) < TOPK) ?
      |                    ^
%Warning-WIDTHEXPAND: /tmp/opentallas-core-remaining-acceptance-edge-parent-20261002-r1/scalar_suppression/sources/rtl/test/w17_window_core_cancel_join_r8/actual_fastpp_core_selected_cone.sv:2862:44: Operator LT expects 32 bits on the LHS, but LHS's VARREF 'p1' generates 21 bits.
                                                                                                                                                                                                      : ... note: In instance 'tb.core.g_cancel.u_impl'
 2862 |             dyn[db + FDYN_NSLR] <= (((((p1 < FULL_SCAN_CAP) ? p1 : FULL_SCAN_CAP) + FULL_TP - 1) / FULL_TP) < TOPK) ?
      |                                            ^
%Warning-WIDTHEXPAND: /tmp/opentallas-core-remaining-acceptance-edge-parent-20261002-r1/scalar_suppression/sources/rtl/test/w17_window_core_cancel_join_r8/actual_fastpp_core_selected_cone.sv:2862:61: Operator COND expects 32 bits on the Conditional True, but Conditional True's VARREF 'p1' generates 21 bits.
                                                                                                                                                                                                      : ... note: In instance 'tb.core.g_cancel.u_impl'
 2862 |             dyn[db + FDYN_NSLR] <= (((((p1 < FULL_SCAN_CAP) ? p1 : FULL_SCAN_CAP) + FULL_TP - 1) / FULL_TP) < TOPK) ?
      |                                                             ^
%Warning-WIDTHEXPAND: /tmp/opentallas-core-remaining-acceptance-edge-parent-20261002-r1/scalar_suppression/sources/rtl/test/w17_window_core_cancel_join_r8/actual_fastpp_core_selected_cone.sv:2863:45: Operator LT expects 32 bits on the LHS, but LHS's VARREF 'p1' generates 21 bits.
                                                                                                                                                                                                      : ... note: In instance 'tb.core.g_cancel.u_impl'
 2863 |                                      ((((p1 < FULL_SCAN_CAP) ? p1 : FULL_SCAN_CAP) + FULL_TP - 1) / FULL_TP) : TOPK;
      |                                             ^
%Warning-WIDTHEXPAND: /tmp/opentallas-core-remaining-acceptance-edge-parent-20261002-r1/scalar_suppression/sources/rtl/test/w17_window_core_cancel_join_r8/actual_fastpp_core_selected_cone.sv:2863:62: Operator COND expects 32 bits on the Conditional True, but Conditional True's VARREF 'p1' generates 21 bits.
                                                                                                                                                                                                      : ... note: In instance 'tb.core.g_cancel.u_impl'
 2863 |                                      ((((p1 < FULL_SCAN_CAP) ? p1 : FULL_SCAN_CAP) + FULL_TP - 1) / FULL_TP) : TOPK;
      |                                                              ^
%Warning-WIDTHTRUNC: /tmp/opentallas-core-remaining-acceptance-edge-parent-20261002-r1/scalar_suppression/sources/rtl/test/w17_window_core_cancel_join_r8/actual_fastpp_core_selected_cone.sv:2862:33: Operator ASSIGNDLY expects 30 bits on the Assign RHS, but Assign RHS's COND generates 32 bits.
                                                                                                                                                                                                     : ... note: In instance 'tb.core.g_cancel.u_impl'
 2862 |             dyn[db + FDYN_NSLR] <= (((((p1 < FULL_SCAN_CAP) ? p1 : FULL_SCAN_CAP) + FULL_TP - 1) / FULL_TP) < TOPK) ?
      |                                 ^~
%Warning-WIDTHEXPAND: /tmp/opentallas-core-remaining-acceptance-edge-parent-20261002-r1/scalar_suppression/sources/rtl/test/w17_window_core_cancel_join_r8/actual_fastpp_core_selected_cone.sv:2864:20: Operator ADD expects 32 bits on the LHS, but LHS's VARREF 'db' generates 6 bits.
                                                                                                                                                                                                      : ... note: In instance 'tb.core.g_cancel.u_impl'
 2864 |             dyn[db + FDYN_CEIL_SC1_16] <= (((p1 + FULL_TP - 1) / FULL_TP) + 15) >> 4;
      |                    ^
%Warning-WIDTHEXPAND: /tmp/opentallas-core-remaining-acceptance-edge-parent-20261002-r1/scalar_suppression/sources/rtl/test/w17_window_core_cancel_join_r8/actual_fastpp_core_selected_cone.sv:2864:49: Operator ADD expects 32 bits on the LHS, but LHS's VARREF 'p1' generates 21 bits.
                                                                                                                                                                                                      : ... note: In instance 'tb.core.g_cancel.u_impl'
 2864 |             dyn[db + FDYN_CEIL_SC1_16] <= (((p1 + FULL_TP - 1) / FULL_TP) + 15) >> 4;
      |                                                 ^
%Warning-WIDTHTRUNC: /tmp/opentallas-core-remaining-acceptance-edge-parent-20261002-r1/scalar_suppression/sources/rtl/test/w17_window_core_cancel_join_r8/actual_fastpp_core_selected_cone.sv:2864:40: Operator ASSIGNDLY expects 30 bits on the Assign RHS, but Assign RHS's SHIFTR generates 32 bits.
                                                                                                                                                                                                     : ... note: In instance 'tb.core.g_cancel.u_impl'
 2864 |             dyn[db + FDYN_CEIL_SC1_16] <= (((p1 + FULL_TP - 1) / FULL_TP) + 15) >> 4;
      |                                        ^~
%Warning-WIDTHEXPAND: /tmp/opentallas-core-remaining-acceptance-edge-parent-20261002-r1/scalar_suppression/sources/rtl/test/w17_window_core_cancel_join_r8/actual_fastpp_core_selected_cone.sv:2865:20: Operator ADD expects 32 bits on the LHS, but LHS's VARREF 'db' generates 6 bits.
                                                                                                                                                                                                      : ... note: In instance 'tb.core.g_cancel.u_impl'
 2865 |             dyn[db + FDYN_CEIL_SC1_8] <= (((p1 + FULL_TP - 1) / FULL_TP) + 7) >> 3;
      |                    ^
%Warning-WIDTHEXPAND: /tmp/opentallas-core-remaining-acceptance-edge-parent-20261002-r1/scalar_suppression/sources/rtl/test/w17_window_core_cancel_join_r8/actual_fastpp_core_selected_cone.sv:2865:48: Operator ADD expects 32 bits on the LHS, but LHS's VARREF 'p1' generates 21 bits.
                                                                                                                                                                                                      : ... note: In instance 'tb.core.g_cancel.u_impl'
 2865 |             dyn[db + FDYN_CEIL_SC1_8] <= (((p1 + FULL_TP - 1) / FULL_TP) + 7) >> 3;
      |                                                ^
%Warning-WIDTHTRUNC: /tmp/opentallas-core-remaining-acceptance-edge-parent-20261002-r1/scalar_suppression/sources/rtl/test/w17_window_core_cancel_join_r8/actual_fastpp_core_selected_cone.sv:2865:39: Operator ASSIGNDLY expects 30 bits on the Assign RHS, but Assign RHS's SHIFTR generates 32 bits.
                                                                                                                                                                                                     : ... note: In instance 'tb.core.g_cancel.u_impl'
 2865 |             dyn[db + FDYN_CEIL_SC1_8] <= (((p1 + FULL_TP - 1) / FULL_TP) + 7) >> 3;
      |                                       ^~
%Warning-WIDTHEXPAND: /tmp/opentallas-core-remaining-acceptance-edge-parent-20261002-r1/scalar_suppression/sources/rtl/test/w17_window_core_cancel_join_r8/actual_fastpp_core_selected_cone.sv:2866:20: Operator ADD expects 32 bits on the LHS, but LHS's VARREF 'db' generates 6 bits.
                                                                                                                                                                                                      : ... note: In instance 'tb.core.g_cancel.u_impl'
 2866 |             dyn[db + FDYN_CEIL_SC2_16] <= (((n2 + FULL_TP - 1) / FULL_TP) + 15) >> 4;
      |                    ^
%Warning-WIDTHEXPAND: /tmp/opentallas-core-remaining-acceptance-edge-parent-20261002-r1/scalar_suppression/sources/rtl/test/w17_window_core_cancel_join_r8/actual_fastpp_core_selected_cone.sv:2866:49: Operator ADD expects 32 bits on the LHS, but LHS's VARREF 'n2' generates 21 bits.
                                                                                                                                                                                                      : ... note: In instance 'tb.core.g_cancel.u_impl'
 2866 |             dyn[db + FDYN_CEIL_SC2_16] <= (((n2 + FULL_TP - 1) / FULL_TP) + 15) >> 4;
      |                                                 ^
%Warning-WIDTHTRUNC: /tmp/opentallas-core-remaining-acceptance-edge-parent-20261002-r1/scalar_suppression/sources/rtl/test/w17_window_core_cancel_join_r8/actual_fastpp_core_selected_cone.sv:2866:40: Operator ASSIGNDLY expects 30 bits on the Assign RHS, but Assign RHS's SHIFTR generates 32 bits.
                                                                                                                                                                                                     : ... note: In instance 'tb.core.g_cancel.u_impl'
 2866 |             dyn[db + FDYN_CEIL_SC2_16] <= (((n2 + FULL_TP - 1) / FULL_TP) + 15) >> 4;
      |                                        ^~
%Warning-WIDTHEXPAND: /tmp/opentallas-core-remaining-acceptance-edge-parent-20261002-r1/scalar_suppression/sources/rtl/test/w17_window_core_cancel_join_r8/actual_fastpp_core_selected_cone.sv:2867:20: Operator ADD expects 32 bits on the LHS, but LHS's VARREF 'db' generates 6 bits.
                                                                                                                                                                                                      : ... note: In instance 'tb.core.g_cancel.u_impl'
 2867 |             dyn[db + FDYN_CEIL_SCR_16] <= (((((p1 < FULL_SCAN_CAP) ? p1 : FULL_SCAN_CAP) + FULL_TP - 1) / FULL_TP) + 15) >> 4;
      |                    ^
%Warning-WIDTHEXPAND: /tmp/opentallas-core-remaining-acceptance-edge-parent-20261002-r1/scalar_suppression/sources/rtl/test/w17_window_core_cancel_join_r8/actual_fastpp_core_selected_cone.sv:2867:51: Operator LT expects 32 bits on the LHS, but LHS's VARREF 'p1' generates 21 bits.
                                                                                                                                                                                                      : ... note: In instance 'tb.core.g_cancel.u_impl'
 2867 |             dyn[db + FDYN_CEIL_SCR_16] <= (((((p1 < FULL_SCAN_CAP) ? p1 : FULL_SCAN_CAP) + FULL_TP - 1) / FULL_TP) + 15) >> 4;
      |                                                   ^
%Warning-WIDTHEXPAND: /tmp/opentallas-core-remaining-acceptance-edge-parent-20261002-r1/scalar_suppression/sources/rtl/test/w17_window_core_cancel_join_r8/actual_fastpp_core_selected_cone.sv:2867:68: Operator COND expects 32 bits on the Conditional True, but Conditional True's VARREF 'p1' generates 21 bits.
                                                                                                                                                                                                      : ... note: In instance 'tb.core.g_cancel.u_impl'
 2867 |             dyn[db + FDYN_CEIL_SCR_16] <= (((((p1 < FULL_SCAN_CAP) ? p1 : FULL_SCAN_CAP) + FULL_TP - 1) / FULL_TP) + 15) >> 4;
      |                                                                    ^
%Warning-WIDTHTRUNC: /tmp/opentallas-core-remaining-acceptance-edge-parent-20261002-r1/scalar_suppression/sources/rtl/test/w17_window_core_cancel_join_r8/actual_fastpp_core_selected_cone.sv:2867:40: Operator ASSIGNDLY expects 30 bits on the Assign RHS, but Assign RHS's SHIFTR generates 32 bits.
                                                                                                                                                                                                     : ... note: In instance 'tb.core.g_cancel.u_impl'
 2867 |             dyn[db + FDYN_CEIL_SCR_16] <= (((((p1 < FULL_SCAN_CAP) ? p1 : FULL_SCAN_CAP) + FULL_TP - 1) / FULL_TP) + 15) >> 4;
      |                                        ^~
%Warning-WIDTHEXPAND: /tmp/opentallas-core-remaining-acceptance-edge-parent-20261002-r1/scalar_suppression/sources/rtl/test/w17_window_core_cancel_join_r8/actual_fastpp_core_selected_cone.sv:2868:20: Operator ADD expects 32 bits on the LHS, but LHS's VARREF 'db' generates 6 bits.
                                                                                                                                                                                                      : ... note: In instance 'tb.core.g_cancel.u_impl'
 2868 |             dyn[db + FDYN_CEIL_T0_32] <= (((p1 < FULL_WINDOW) ? p1 : FULL_WINDOW) + 31) >> 5;
      |                    ^
%Warning-WIDTHEXPAND: /tmp/opentallas-core-remaining-acceptance-edge-parent-20261002-r1/scalar_suppression/sources/rtl/test/w17_window_core_cancel_join_r8/actual_fastpp_core_selected_cone.sv:2868:48: Operator LT expects 32 bits on the LHS, but LHS's VARREF 'p1' generates 21 bits.
                                                                                                                                                                                                      : ... note: In instance 'tb.core.g_cancel.u_impl'
 2868 |             dyn[db + FDYN_CEIL_T0_32] <= (((p1 < FULL_WINDOW) ? p1 : FULL_WINDOW) + 31) >> 5;
      |                                                ^
%Warning-WIDTHEXPAND: /tmp/opentallas-core-remaining-acceptance-edge-parent-20261002-r1/scalar_suppression/sources/rtl/test/w17_window_core_cancel_join_r8/actual_fastpp_core_selected_cone.sv:2868:63: Operator COND expects 32 bits on the Conditional True, but Conditional True's VARREF 'p1' generates 21 bits.
                                                                                                                                                                                                      : ... note: In instance 'tb.core.g_cancel.u_impl'
 2868 |             dyn[db + FDYN_CEIL_T0_32] <= (((p1 < FULL_WINDOW) ? p1 : FULL_WINDOW) + 31) >> 5;
      |                                                               ^
%Warning-WIDTHTRUNC: /tmp/opentallas-core-remaining-acceptance-edge-parent-20261002-r1/scalar_suppression/sources/rtl/test/w17_window_core_cancel_join_r8/actual_fastpp_core_selected_cone.sv:2868:39: Operator ASSIGNDLY expects 30 bits on the Assign RHS, but Assign RHS's SHIFTR generates 32 bits.
                                                                                                                                                                                                     : ... note: In instance 'tb.core.g_cancel.u_impl'
 2868 |             dyn[db + FDYN_CEIL_T0_32] <= (((p1 < FULL_WINDOW) ? p1 : FULL_WINDOW) + 31) >> 5;
      |                                       ^~
%Warning-WIDTHEXPAND: /tmp/opentallas-core-remaining-acceptance-edge-parent-20261002-r1/scalar_suppression/sources/rtl/test/w17_window_core_cancel_join_r8/actual_fastpp_core_selected_cone.sv:2869:20: Operator ADD expects 32 bits on the LHS, but LHS's VARREF 'db' generates 6 bits.
                                                                                                                                                                                                      : ... note: In instance 'tb.core.g_cancel.u_impl'
 2869 |             dyn[db + FDYN_CEIL_T1_32] <= (((p1 < FULL_WINDOW) ? p1 : FULL_WINDOW) + ns1 + 31) >> 5;
      |                    ^
%Warning-WIDTHEXPAND: /tmp/opentallas-core-remaining-acceptance-edge-parent-20261002-r1/scalar_suppression/sources/rtl/test/w17_window_core_cancel_join_r8/actual_fastpp_core_selected_cone.sv:2869:48: Operator LT expects 32 bits on the LHS, but LHS's VARREF 'p1' generates 21 bits.
                                                                                                                                                                                                      : ... note: In instance 'tb.core.g_cancel.u_impl'
 2869 |             dyn[db + FDYN_CEIL_T1_32] <= (((p1 < FULL_WINDOW) ? p1 : FULL_WINDOW) + ns1 + 31) >> 5;
      |                                                ^
%Warning-WIDTHEXPAND: /tmp/opentallas-core-remaining-acceptance-edge-parent-20261002-r1/scalar_suppression/sources/rtl/test/w17_window_core_cancel_join_r8/actual_fastpp_core_selected_cone.sv:2869:63: Operator COND expects 32 bits on the Conditional True, but Conditional True's VARREF 'p1' generates 21 bits.
                                                                                                                                                                                                      : ... note: In instance 'tb.core.g_cancel.u_impl'
 2869 |             dyn[db + FDYN_CEIL_T1_32] <= (((p1 < FULL_WINDOW) ? p1 : FULL_WINDOW) + ns1 + 31) >> 5;
      |                                                               ^
%Warning-WIDTHEXPAND: /tmp/opentallas-core-remaining-acceptance-edge-parent-20261002-r1/scalar_suppression/sources/rtl/test/w17_window_core_cancel_join_r8/actual_fastpp_core_selected_cone.sv:2869:83: Operator ADD expects 32 bits on the RHS, but RHS's VARREF 'ns1' generates 21 bits.
                                                                                                                                                                                                      : ... note: In instance 'tb.core.g_cancel.u_impl'
 2869 |             dyn[db + FDYN_CEIL_T1_32] <= (((p1 < FULL_WINDOW) ? p1 : FULL_WINDOW) + ns1 + 31) >> 5;
      |                                                                                   ^
%Warning-WIDTHTRUNC: /tmp/opentallas-core-remaining-acceptance-edge-parent-20261002-r1/scalar_suppression/sources/rtl/test/w17_window_core_cancel_join_r8/actual_fastpp_core_selected_cone.sv:2869:39: Operator ASSIGNDLY expects 30 bits on the Assign RHS, but Assign RHS's SHIFTR generates 32 bits.
                                                                                                                                                                                                     : ... note: In instance 'tb.core.g_cancel.u_impl'
 2869 |             dyn[db + FDYN_CEIL_T1_32] <= (((p1 < FULL_WINDOW) ? p1 : FULL_WINDOW) + ns1 + 31) >> 5;
      |                                       ^~
%Warning-WIDTHEXPAND: /tmp/opentallas-core-remaining-acceptance-edge-parent-20261002-r1/scalar_suppression/sources/rtl/test/w17_window_core_cancel_join_r8/actual_fastpp_core_selected_cone.sv:2870:20: Operator ADD expects 32 bits on the LHS, but LHS's VARREF 'db' generates 6 bits.
                                                                                                                                                                                                      : ... note: In instance 'tb.core.g_cancel.u_impl'
 2870 |             dyn[db + FDYN_CEIL_T2_32] <= (((p1 < FULL_WINDOW) ? p1 : FULL_WINDOW) + ns2 + 31) >> 5;
      |                    ^
%Warning-WIDTHEXPAND: /tmp/opentallas-core-remaining-acceptance-edge-parent-20261002-r1/scalar_suppression/sources/rtl/test/w17_window_core_cancel_join_r8/actual_fastpp_core_selected_cone.sv:2870:48: Operator LT expects 32 bits on the LHS, but LHS's VARREF 'p1' generates 21 bits.
                                                                                                                                                                                                      : ... note: In instance 'tb.core.g_cancel.u_impl'
 2870 |             dyn[db + FDYN_CEIL_T2_32] <= (((p1 < FULL_WINDOW) ? p1 : FULL_WINDOW) + ns2 + 31) >> 5;
      |                                                ^
%Warning-WIDTHEXPAND: /tmp/opentallas-core-remaining-acceptance-edge-parent-20261002-r1/scalar_suppression/sources/rtl/test/w17_window_core_cancel_join_r8/actual_fastpp_core_selected_cone.sv:2870:63: Operator COND expects 32 bits on the Conditional True, but Conditional True's VARREF 'p1' generates 21 bits.
                                                                                                                                                                                                      : ... note: In instance 'tb.core.g_cancel.u_impl'
 2870 |             dyn[db + FDYN_CEIL_T2_32] <= (((p1 < FULL_WINDOW) ? p1 : FULL_WINDOW) + ns2 + 31) >> 5;
      |                                                               ^
%Warning-WIDTHEXPAND: /tmp/opentallas-core-remaining-acceptance-edge-parent-20261002-r1/scalar_suppression/sources/rtl/test/w17_window_core_cancel_join_r8/actual_fastpp_core_selected_cone.sv:2870:83: Operator ADD expects 32 bits on the RHS, but RHS's VARREF 'ns2' generates 21 bits.
                                                                                                                                                                                                      : ... note: In instance 'tb.core.g_cancel.u_impl'
 2870 |             dyn[db + FDYN_CEIL_T2_32] <= (((p1 < FULL_WINDOW) ? p1 : FULL_WINDOW) + ns2 + 31) >> 5;
      |                                                                                   ^
%Warning-WIDTHTRUNC: /tmp/opentallas-core-remaining-acceptance-edge-parent-20261002-r1/scalar_suppression/sources/rtl/test/w17_window_core_cancel_join_r8/actual_fastpp_core_selected_cone.sv:2870:39: Operator ASSIGNDLY expects 30 bits on the Assign RHS, but Assign RHS's SHIFTR generates 32 bits.
                                                                                                                                                                                                     : ... note: In instance 'tb.core.g_cancel.u_impl'
 2870 |             dyn[db + FDYN_CEIL_T2_32] <= (((p1 < FULL_WINDOW) ? p1 : FULL_WINDOW) + ns2 + 31) >> 5;
      |                                       ^~
%Warning-WIDTHEXPAND: /tmp/opentallas-core-remaining-acceptance-edge-parent-20261002-r1/scalar_suppression/sources/rtl/test/w17_window_core_cancel_join_r8/actual_fastpp_core_selected_cone.sv:2871:20: Operator ADD expects 32 bits on the LHS, but LHS's VARREF 'db' generates 6 bits.
                                                                                                                                                                                                      : ... note: In instance 'tb.core.g_cancel.u_impl'
 2871 |             dyn[db + FDYN_WINM1] <= ((p1 < FULL_WINDOW) ? p1 : FULL_WINDOW) - 1;
      |                    ^
%Warning-WIDTHEXPAND: /tmp/opentallas-core-remaining-acceptance-edge-parent-20261002-r1/scalar_suppression/sources/rtl/test/w17_window_core_cancel_join_r8/actual_fastpp_core_selected_cone.sv:2871:42: Operator LT expects 32 bits on the LHS, but LHS's VARREF 'p1' generates 21 bits.
                                                                                                                                                                                                      : ... note: In instance 'tb.core.g_cancel.u_impl'
 2871 |             dyn[db + FDYN_WINM1] <= ((p1 < FULL_WINDOW) ? p1 : FULL_WINDOW) - 1;
      |                                          ^
%Warning-WIDTHEXPAND: /tmp/opentallas-core-remaining-acceptance-edge-parent-20261002-r1/scalar_suppression/sources/rtl/test/w17_window_core_cancel_join_r8/actual_fastpp_core_selected_cone.sv:2871:57: Operator COND expects 32 bits on the Conditional True, but Conditional True's VARREF 'p1' generates 21 bits.
                                                                                                                                                                                                      : ... note: In instance 'tb.core.g_cancel.u_impl'
 2871 |             dyn[db + FDYN_WINM1] <= ((p1 < FULL_WINDOW) ? p1 : FULL_WINDOW) - 1;
      |                                                         ^
%Warning-WIDTHTRUNC: /tmp/opentallas-core-remaining-acceptance-edge-parent-20261002-r1/scalar_suppression/sources/rtl/test/w17_window_core_cancel_join_r8/actual_fastpp_core_selected_cone.sv:2871:34: Operator ASSIGNDLY expects 30 bits on the Assign RHS, but Assign RHS's SUB generates 32 bits.
                                                                                                                                                                                                     : ... note: In instance 'tb.core.g_cancel.u_impl'
 2871 |             dyn[db + FDYN_WINM1] <= ((p1 < FULL_WINDOW) ? p1 : FULL_WINDOW) - 1;
      |                                  ^~
%Warning-WIDTHEXPAND: /tmp/opentallas-core-remaining-acceptance-edge-parent-20261002-r1/scalar_suppression/sources/rtl/test/w17_window_core_cancel_join_r8/actual_fastpp_core_selected_cone.sv:2872:20: Operator ADD expects 32 bits on the LHS, but LHS's VARREF 'db' generates 6 bits.
                                                                                                                                                                                                      : ... note: In instance 'tb.core.g_cancel.u_impl'
 2872 |             dyn[db + FDYN_WIN_ROW] <= ((p1 < FULL_WINDOW) ? p1 : FULL_WINDOW) * HDIM;
      |                    ^
%Warning-WIDTHEXPAND: /tmp/opentallas-core-remaining-acceptance-edge-parent-20261002-r1/scalar_suppression/sources/rtl/test/w17_window_core_cancel_join_r8/actual_fastpp_core_selected_cone.sv:2872:44: Operator LT expects 32 bits on the LHS, but LHS's VARREF 'p1' generates 21 bits.
                                                                                                                                                                                                      : ... note: In instance 'tb.core.g_cancel.u_impl'
 2872 |             dyn[db + FDYN_WIN_ROW] <= ((p1 < FULL_WINDOW) ? p1 : FULL_WINDOW) * HDIM;
      |                                            ^
%Warning-WIDTHEXPAND: /tmp/opentallas-core-remaining-acceptance-edge-parent-20261002-r1/scalar_suppression/sources/rtl/test/w17_window_core_cancel_join_r8/actual_fastpp_core_selected_cone.sv:2872:59: Operator COND expects 32 bits on the Conditional True, but Conditional True's VARREF 'p1' generates 21 bits.
                                                                                                                                                                                                      : ... note: In instance 'tb.core.g_cancel.u_impl'
 2872 |             dyn[db + FDYN_WIN_ROW] <= ((p1 < FULL_WINDOW) ? p1 : FULL_WINDOW) * HDIM;
      |                                                           ^
%Warning-WIDTHTRUNC: /tmp/opentallas-core-remaining-acceptance-edge-parent-20261002-r1/scalar_suppression/sources/rtl/test/w17_window_core_cancel_join_r8/actual_fastpp_core_selected_cone.sv:2872:36: Operator ASSIGNDLY expects 30 bits on the Assign RHS, but Assign RHS's MUL generates 32 bits.
                                                                                                                                                                                                     : ... note: In instance 'tb.core.g_cancel.u_impl'
 2872 |             dyn[db + FDYN_WIN_ROW] <= ((p1 < FULL_WINDOW) ? p1 : FULL_WINDOW) * HDIM;
      |                                    ^~
%Warning-WIDTHEXPAND: /tmp/opentallas-core-remaining-acceptance-edge-parent-20261002-r1/scalar_suppression/sources/rtl/test/w17_window_core_cancel_join_r8/actual_fastpp_core_selected_cone.sv:2873:20: Operator ADD expects 32 bits on the LHS, but LHS's VARREF 'db' generates 6 bits.
                                                                                                                                                                                                      : ... note: In instance 'tb.core.g_cancel.u_impl'
 2873 |             dyn[db + FDYN_WINM1_ROW] <= (((p1 < FULL_WINDOW) ? p1 : FULL_WINDOW) - 1) * HDIM;
      |                    ^
%Warning-WIDTHEXPAND: /tmp/opentallas-core-remaining-acceptance-edge-parent-20261002-r1/scalar_suppression/sources/rtl/test/w17_window_core_cancel_join_r8/actual_fastpp_core_selected_cone.sv:2873:47: Operator LT expects 32 bits on the LHS, but LHS's VARREF 'p1' generates 21 bits.
                                                                                                                                                                                                      : ... note: In instance 'tb.core.g_cancel.u_impl'
 2873 |             dyn[db + FDYN_WINM1_ROW] <= (((p1 < FULL_WINDOW) ? p1 : FULL_WINDOW) - 1) * HDIM;
      |                                               ^
%Warning-WIDTHEXPAND: /tmp/opentallas-core-remaining-acceptance-edge-parent-20261002-r1/scalar_suppression/sources/rtl/test/w17_window_core_cancel_join_r8/actual_fastpp_core_selected_cone.sv:2873:62: Operator COND expects 32 bits on the Conditional True, but Conditional True's VARREF 'p1' generates 21 bits.
                                                                                                                                                                                                      : ... note: In instance 'tb.core.g_cancel.u_impl'
 2873 |             dyn[db + FDYN_WINM1_ROW] <= (((p1 < FULL_WINDOW) ? p1 : FULL_WINDOW) - 1) * HDIM;
      |                                                              ^
%Warning-WIDTHTRUNC: /tmp/opentallas-core-remaining-acceptance-edge-parent-20261002-r1/scalar_suppression/sources/rtl/test/w17_window_core_cancel_join_r8/actual_fastpp_core_selected_cone.sv:2873:38: Operator ASSIGNDLY expects 30 bits on the Assign RHS, but Assign RHS's MUL generates 32 bits.
                                                                                                                                                                                                     : ... note: In instance 'tb.core.g_cancel.u_impl'
 2873 |             dyn[db + FDYN_WINM1_ROW] <= (((p1 < FULL_WINDOW) ? p1 : FULL_WINDOW) - 1) * HDIM;
      |                                      ^~
%Warning-WIDTHEXPAND: /tmp/opentallas-core-remaining-acceptance-edge-parent-20261002-r1/scalar_suppression/sources/rtl/test/w17_window_core_cancel_join_r8/actual_fastpp_core_selected_cone.sv:2876:20: Operator ADD expects 32 bits on the LHS, but LHS's VARREF 'db' generates 6 bits.
                                                                                                                                                                                                      : ... note: In instance 'tb.core.g_cancel.u_impl'
 2876 |             dyn[db + FDYN_NEWBLK] <= ((p1 >= 1) && (AW'(p1 - 1) >= AW'(RANK) * AW'((p1 + FULL_TP - 1) / FULL_TP)) &&
      |                    ^
%Warning-WIDTHEXPAND: /tmp/opentallas-core-remaining-acceptance-edge-parent-20261002-r1/scalar_suppression/sources/rtl/test/w17_window_core_cancel_join_r8/actual_fastpp_core_selected_cone.sv:2876:88: Operator ADD expects 32 bits on the LHS, but LHS's VARREF 'p1' generates 21 bits.
                                                                                                                                                                                                      : ... note: In instance 'tb.core.g_cancel.u_impl'
 2876 |             dyn[db + FDYN_NEWBLK] <= ((p1 >= 1) && (AW'(p1 - 1) >= AW'(RANK) * AW'((p1 + FULL_TP - 1) / FULL_TP)) &&
      |                                                                                        ^
%Warning-WIDTHEXPAND: /tmp/opentallas-core-remaining-acceptance-edge-parent-20261002-r1/scalar_suppression/sources/rtl/test/w17_window_core_cancel_join_r8/actual_fastpp_core_selected_cone.sv:2877:78: Operator ADD expects 32 bits on the LHS, but LHS's VARREF 'p1' generates 21 bits.
                                                                                                                                                                                                      : ... note: In instance 'tb.core.g_cancel.u_impl'
 2877 |                                       (AW'(p1 - 1) < AW'(RANK + 1) * AW'((p1 + FULL_TP - 1) / FULL_TP))) ?
      |                                                                              ^
%Warning-WIDTHEXPAND: /tmp/opentallas-core-remaining-acceptance-edge-parent-20261002-r1/scalar_suppression/sources/rtl/test/w17_window_core_cancel_join_r8/actual_fastpp_core_selected_cone.sv:2878:74: Operator ADD expects 32 bits on the LHS, but LHS's VARREF 'p1' generates 21 bits.
                                                                                                                                                                                                      : ... note: In instance 'tb.core.g_cancel.u_impl'
 2878 |                                      ((AW'(p1 - 1) - AW'(RANK) * AW'((p1 + FULL_TP - 1) / FULL_TP)) >> 3) :
      |                                                                          ^
%Warning-WIDTHEXPAND: /tmp/opentallas-core-remaining-acceptance-edge-parent-20261002-r1/scalar_suppression/sources/rtl/test/w17_window_core_cancel_join_r8/actual_fastpp_core_selected_cone.sv:2879:48: Operator ADD expects 32 bits on the LHS, but LHS's VARREF 'p1' generates 21 bits.
                                                                                                                                                                                                      : ... note: In instance 'tb.core.g_cancel.u_impl'
 2879 |                                      ((AW'((p1 + FULL_TP - 1) / FULL_TP) + AW'(7)) >> 3);
      |                                                ^
%Warning-WIDTHTRUNC: /tmp/opentallas-core-remaining-acceptance-edge-parent-20261002-r1/scalar_suppression/sources/rtl/test/w17_window_core_cancel_join_r8/actual_fastpp_core_selected_cone.sv:2846:9: Logical operator IF expects 1 bit on the If, but If's VARREF 'FULL_SHAPE' generates 32 bits.
                                                                                                                                                                                                    : ... note: In instance 'tb.core.g_cancel.u_impl'
 2846 |         if (FULL_SHAPE) begin
      |         ^~
%Warning-WIDTHEXPAND: /tmp/opentallas-core-remaining-acceptance-edge-parent-20261002-r1/scalar_suppression/sources/rtl/test/w17_window_core_cancel_join_r8/actual_fastpp_core_selected_cone.sv:2884:79: Operator ADD expects 32 bits on the RHS, but RHS's SEL generates 6 bits.
                                                                                                                                                                                                      : ... note: In instance 'tb.core.g_cancel.u_impl'
 2884 |     wire [NW-1:0] c_me_nout = ir[O_ME_NOUT +: W_ME_NOUT] + dyn[c_dslot * NDYN + ir[O_ME_D_NOUT +: W_ME_D_NOUT]];
      |                                                                               ^
%Warning-WIDTHEXPAND: /tmp/opentallas-core-remaining-acceptance-edge-parent-20261002-r1/scalar_suppression/sources/rtl/test/w17_window_core_cancel_join_r8/actual_fastpp_core_selected_cone.sv:2884:58: Operator ADD expects 30 bits on the LHS, but LHS's SEL generates 21 bits.
                                                                                                                                                                                                      : ... note: In instance 'tb.core.g_cancel.u_impl'
 2884 |     wire [NW-1:0] c_me_nout = ir[O_ME_NOUT +: W_ME_NOUT] + dyn[c_dslot * NDYN + ir[O_ME_D_NOUT +: W_ME_D_NOUT]];
      |                                                          ^
%Warning-WIDTHTRUNC: /tmp/opentallas-core-remaining-acceptance-edge-parent-20261002-r1/scalar_suppression/sources/rtl/test/w17_window_core_cancel_join_r8/actual_fastpp_core_selected_cone.sv:2884:29: Operator ASSIGNW expects 21 bits on the Assign RHS, but Assign RHS's ADD generates 30 bits.
                                                                                                                                                                                                     : ... note: In instance 'tb.core.g_cancel.u_impl'
 2884 |     wire [NW-1:0] c_me_nout = ir[O_ME_NOUT +: W_ME_NOUT] + dyn[c_dslot * NDYN + ir[O_ME_D_NOUT +: W_ME_D_NOUT]];
      |                             ^
%Warning-WIDTHEXPAND: /tmp/opentallas-core-remaining-acceptance-edge-parent-20261002-r1/scalar_suppression/sources/rtl/test/w17_window_core_cancel_join_r8/actual_fastpp_core_selected_cone.sv:2885:82: Operator ADD expects 32 bits on the RHS, but RHS's SEL generates 6 bits.
                                                                                                                                                                                                      : ... note: In instance 'tb.core.g_cancel.u_impl'
 2885 |     wire [NW-1:0] c_me_tiles = ir[O_ME_TILES +: W_ME_TILES] + dyn[c_dslot * NDYN + ir[O_ME_D_TILES +: W_ME_D_TILES]];
      |                                                                                  ^
%Warning-WIDTHEXPAND: /tmp/opentallas-core-remaining-acceptance-edge-parent-20261002-r1/scalar_suppression/sources/rtl/test/w17_window_core_cancel_join_r8/actual_fastpp_core_selected_cone.sv:2885:61: Operator ADD expects 30 bits on the LHS, but LHS's SEL generates 21 bits.
                                                                                                                                                                                                      : ... note: In instance 'tb.core.g_cancel.u_impl'
 2885 |     wire [NW-1:0] c_me_tiles = ir[O_ME_TILES +: W_ME_TILES] + dyn[c_dslot * NDYN + ir[O_ME_D_TILES +: W_ME_D_TILES]];
      |                                                             ^
%Warning-WIDTHTRUNC: /tmp/opentallas-core-remaining-acceptance-edge-parent-20261002-r1/scalar_suppression/sources/rtl/test/w17_window_core_cancel_join_r8/actual_fastpp_core_selected_cone.sv:2885:30: Operator ASSIGNW expects 21 bits on the Assign RHS, but Assign RHS's ADD generates 30 bits.
                                                                                                                                                                                                     : ... note: In instance 'tb.core.g_cancel.u_impl'
 2885 |     wire [NW-1:0] c_me_tiles = ir[O_ME_TILES +: W_ME_TILES] + dyn[c_dslot * NDYN + ir[O_ME_D_TILES +: W_ME_D_TILES]];
      |                              ^
%Warning-WIDTHEXPAND: /tmp/opentallas-core-remaining-acceptance-edge-parent-20261002-r1/scalar_suppression/sources/rtl/test/w17_window_core_cancel_join_r8/actual_fastpp_core_selected_cone.sv:2886:70: Operator ADD expects 32 bits on the RHS, but RHS's SEL generates 6 bits.
                                                                                                                                                                                                      : ... note: In instance 'tb.core.g_cancel.u_impl'
 2886 |     wire [NW-1:0] c_me_k = ir[O_ME_K +: W_ME_K] + dyn[c_dslot * NDYN + ir[O_ME_D_K +: W_ME_D_K]];
      |                                                                      ^
%Warning-WIDTHEXPAND: /tmp/opentallas-core-remaining-acceptance-edge-parent-20261002-r1/scalar_suppression/sources/rtl/test/w17_window_core_cancel_join_r8/actual_fastpp_core_selected_cone.sv:2886:49: Operator ADD expects 30 bits on the LHS, but LHS's SEL generates 21 bits.
                                                                                                                                                                                                      : ... note: In instance 'tb.core.g_cancel.u_impl'
 2886 |     wire [NW-1:0] c_me_k = ir[O_ME_K +: W_ME_K] + dyn[c_dslot * NDYN + ir[O_ME_D_K +: W_ME_D_K]];
      |                                                 ^
%Warning-WIDTHTRUNC: /tmp/opentallas-core-remaining-acceptance-edge-parent-20261002-r1/scalar_suppression/sources/rtl/test/w17_window_core_cancel_join_r8/actual_fastpp_core_selected_cone.sv:2886:26: Operator ASSIGNW expects 21 bits on the Assign RHS, but Assign RHS's ADD generates 30 bits.
                                                                                                                                                                                                     : ... note: In instance 'tb.core.g_cancel.u_impl'
 2886 |     wire [NW-1:0] c_me_k = ir[O_ME_K +: W_ME_K] + dyn[c_dslot * NDYN + ir[O_ME_D_K +: W_ME_D_K]];
      |                          ^
%Warning-WIDTHEXPAND: /tmp/opentallas-core-remaining-acceptance-edge-parent-20261002-r1/scalar_suppression/sources/rtl/test/w17_window_core_cancel_join_r8/actual_fastpp_core_selected_cone.sv:2887:82: Operator ADD expects 32 bits on the RHS, but RHS's SEL generates 6 bits.
                                                                                                                                                                                                      : ... note: In instance 'tb.core.g_cancel.u_impl'
 2887 |     wire [AW-1:0] c_me_wbase = ir[O_ME_WBASE +: W_ME_WBASE] + dyn[c_dslot * NDYN + ir[O_ME_D_WBASE +: W_ME_D_WBASE]];
      |                                                                                  ^
%Warning-WIDTHEXPAND: /tmp/opentallas-core-remaining-acceptance-edge-parent-20261002-r1/scalar_suppression/sources/rtl/test/w17_window_core_cancel_join_r8/actual_fastpp_core_selected_cone.sv:2888:79: Operator ADD expects 32 bits on the RHS, but RHS's SEL generates 6 bits.
                                                                                                                                                                                                      : ... note: In instance 'tb.core.g_cancel.u_impl'
 2888 |     wire [NW-1:0] c_su_nout = ir[O_SU_NOUT +: W_SU_NOUT] + dyn[c_dslot * NDYN + ir[O_SU_D_NOUT +: W_SU_D_NOUT]];
      |                                                                               ^
%Warning-WIDTHEXPAND: /tmp/opentallas-core-remaining-acceptance-edge-parent-20261002-r1/scalar_suppression/sources/rtl/test/w17_window_core_cancel_join_r8/actual_fastpp_core_selected_cone.sv:2888:58: Operator ADD expects 30 bits on the LHS, but LHS's SEL generates 21 bits.
                                                                                                                                                                                                      : ... note: In instance 'tb.core.g_cancel.u_impl'
 2888 |     wire [NW-1:0] c_su_nout = ir[O_SU_NOUT +: W_SU_NOUT] + dyn[c_dslot * NDYN + ir[O_SU_D_NOUT +: W_SU_D_NOUT]];
      |                                                          ^
%Warning-WIDTHTRUNC: /tmp/opentallas-core-remaining-acceptance-edge-parent-20261002-r1/scalar_suppression/sources/rtl/test/w17_window_core_cancel_join_r8/actual_fastpp_core_selected_cone.sv:2888:29: Operator ASSIGNW expects 21 bits on the Assign RHS, but Assign RHS's ADD generates 30 bits.
                                                                                                                                                                                                     : ... note: In instance 'tb.core.g_cancel.u_impl'
 2888 |     wire [NW-1:0] c_su_nout = ir[O_SU_NOUT +: W_SU_NOUT] + dyn[c_dslot * NDYN + ir[O_SU_D_NOUT +: W_SU_D_NOUT]];
      |                             ^
%Warning-WIDTHEXPAND: /tmp/opentallas-core-remaining-acceptance-edge-parent-20261002-r1/scalar_suppression/sources/rtl/test/w17_window_core_cancel_join_r8/actual_fastpp_core_selected_cone.sv:2889:76: Operator ADD expects 32 bits on the RHS, but RHS's SEL generates 6 bits.
                                                                                                                                                                                                      : ... note: In instance 'tb.core.g_cancel.u_impl'
 2889 |     wire [NW-1:0] c_su_nin = ir[O_SU_NIN +: W_SU_NIN] + dyn[c_dslot * NDYN + ir[O_SU_D_NIN +: W_SU_D_NIN]];
      |                                                                            ^
%Warning-WIDTHEXPAND: /tmp/opentallas-core-remaining-acceptance-edge-parent-20261002-r1/scalar_suppression/sources/rtl/test/w17_window_core_cancel_join_r8/actual_fastpp_core_selected_cone.sv:2889:55: Operator ADD expects 30 bits on the LHS, but LHS's SEL generates 21 bits.
                                                                                                                                                                                                      : ... note: In instance 'tb.core.g_cancel.u_impl'
 2889 |     wire [NW-1:0] c_su_nin = ir[O_SU_NIN +: W_SU_NIN] + dyn[c_dslot * NDYN + ir[O_SU_D_NIN +: W_SU_D_NIN]];
      |                                                       ^
%Warning-WIDTHTRUNC: /tmp/opentallas-core-remaining-acceptance-edge-parent-20261002-r1/scalar_suppression/sources/rtl/test/w17_window_core_cancel_join_r8/actual_fastpp_core_selected_cone.sv:2889:28: Operator ASSIGNW expects 21 bits on the Assign RHS, but Assign RHS's ADD generates 30 bits.
                                                                                                                                                                                                     : ... note: In instance 'tb.core.g_cancel.u_impl'
 2889 |     wire [NW-1:0] c_su_nin = ir[O_SU_NIN +: W_SU_NIN] + dyn[c_dslot * NDYN + ir[O_SU_D_NIN +: W_SU_D_NIN]];
      |                            ^
%Warning-WIDTHEXPAND: /tmp/opentallas-core-remaining-acceptance-edge-parent-20261002-r1/scalar_suppression/sources/rtl/test/w17_window_core_cancel_join_r8/actual_fastpp_core_selected_cone.sv:2890:70: Operator ADD expects 32 bits on the RHS, but RHS's SEL generates 6 bits.
                                                                                                                                                                                                      : ... note: In instance 'tb.core.g_cancel.u_impl'
 2890 |     wire [NW-1:0] c_xu_n = ir[O_XU_N +: W_XU_N] + dyn[c_dslot * NDYN + ir[O_XU_D_N +: W_XU_D_N]];
      |                                                                      ^
%Warning-WIDTHEXPAND: /tmp/opentallas-core-remaining-acceptance-edge-parent-20261002-r1/scalar_suppression/sources/rtl/test/w17_window_core_cancel_join_r8/actual_fastpp_core_selected_cone.sv:2890:49: Operator ADD expects 30 bits on the LHS, but LHS's SEL generates 21 bits.
                                                                                                                                                                                                      : ... note: In instance 'tb.core.g_cancel.u_impl'
 2890 |     wire [NW-1:0] c_xu_n = ir[O_XU_N +: W_XU_N] + dyn[c_dslot * NDYN + ir[O_XU_D_N +: W_XU_D_N]];
      |                                                 ^
%Warning-WIDTHTRUNC: /tmp/opentallas-core-remaining-acceptance-edge-parent-20261002-r1/scalar_suppression/sources/rtl/test/w17_window_core_cancel_join_r8/actual_fastpp_core_selected_cone.sv:2890:26: Operator ASSIGNW expects 21 bits on the Assign RHS, but Assign RHS's ADD generates 30 bits.
                                                                                                                                                                                                     : ... note: In instance 'tb.core.g_cancel.u_impl'
 2890 |     wire [NW-1:0] c_xu_n = ir[O_XU_N +: W_XU_N] + dyn[c_dslot * NDYN + ir[O_XU_D_N +: W_XU_D_N]];
      |                          ^
%Warning-WIDTHEXPAND: /tmp/opentallas-core-remaining-acceptance-edge-parent-20261002-r1/scalar_suppression/sources/rtl/test/w17_window_core_cancel_join_r8/actual_fastpp_core_selected_cone.sv:2891:70: Operator ADD expects 32 bits on the RHS, but RHS's SEL generates 6 bits.
                                                                                                                                                                                                      : ... note: In instance 'tb.core.g_cancel.u_impl'
 2891 |     wire [AW-1:0] c_xu_k = ir[O_XU_K +: W_XU_K] + dyn[c_dslot * NDYN + ir[O_XU_D_K +: W_XU_D_K]];
      |                                                                      ^
%Warning-WIDTHEXPAND: /tmp/opentallas-core-remaining-acceptance-edge-parent-20261002-r1/scalar_suppression/sources/rtl/test/w17_window_core_cancel_join_r8/actual_fastpp_core_selected_cone.sv:2891:49: Operator ADD expects 30 bits on the LHS, but LHS's SEL generates 12 bits.
                                                                                                                                                                                                      : ... note: In instance 'tb.core.g_cancel.u_impl'
 2891 |     wire [AW-1:0] c_xu_k = ir[O_XU_K +: W_XU_K] + dyn[c_dslot * NDYN + ir[O_XU_D_K +: W_XU_D_K]];
      |                                                 ^
%Warning-WIDTHEXPAND: /tmp/opentallas-core-remaining-acceptance-edge-parent-20261002-r1/scalar_suppression/sources/rtl/test/w17_window_core_cancel_join_r8/actual_fastpp_core_selected_cone.sv:2893:33: Operator ADD expects 21 bits on the RHS, but RHS's VARREF 'c_dslot' generates 3 bits.
                                                                                                                                                                                                      : ... note: In instance 'tb.core.g_cancel.u_impl'
 2893 |     wire [NW-1:0] c_pos = pos_r + c_dslot;            
      |                                 ^
%Warning-WIDTHTRUNC: /tmp/opentallas-core-remaining-acceptance-edge-parent-20261002-r1/scalar_suppression/sources/rtl/test/w17_window_core_cancel_join_r8/actual_fastpp_core_selected_cone.sv:2900:34: Operator ASSIGNDLY expects 5 bits on the Assign RHS, but Assign RHS's SEL generates 6 bits.
                                                                                                                                                                                                     : ... note: In instance 'tb.core.g_cancel.u_impl'
 2900 |         d_unit <= c_unit; d_wait <= ir[O_WAIT +: W_WAIT]; d_skip <= !pred_ok || zero; d_wrel <= ir[O_WREL +: W_WREL];
      |                                  ^~
%Warning-WIDTHTRUNC: /tmp/opentallas-core-remaining-acceptance-edge-parent-20261002-r1/scalar_suppression/sources/rtl/test/w17_window_core_cancel_join_r8/actual_fastpp_core_selected_cone.sv:2901:30: Logical operator LOGOR expects 1 bit on the LHS, but LHS's VARREF 'FULL_SHAPE' generates 32 bits.
                                                                                                                                                                                                     : ... note: In instance 'tb.core.g_cancel.u_impl'
 2901 |         d_ctl <= (FULL_SHAPE || NSLOT > 1) ? ir[O_CTL +: W_CTL] : 3'd0;
      |                              ^~
%Warning-WIDTHEXPAND: /tmp/opentallas-core-remaining-acceptance-edge-parent-20261002-r1/scalar_suppression/sources/rtl/test/w17_window_core_cancel_join_r8/actual_fastpp_core_selected_cone.sv:2913:71: Operator ADD expects 32 bits on the RHS, but RHS's SEL generates 6 bits.
                                                                                                                                                                                                      : ... note: In instance 'tb.core.g_cancel.u_impl'
 2913 |         me_xbase <= ir[O_ME_XBASE +: W_ME_XBASE] + dyn[c_dslot * NDYN + ir[O_ME_D_XBASE +: W_ME_D_XBASE]];
      |                                                                       ^
%Warning-WIDTHEXPAND: /tmp/opentallas-core-remaining-acceptance-edge-parent-20261002-r1/scalar_suppression/sources/rtl/test/w17_window_core_cancel_join_r8/actual_fastpp_core_selected_cone.sv:2914:71: Operator ADD expects 32 bits on the RHS, but RHS's SEL generates 6 bits.
                                                                                                                                                                                                      : ... note: In instance 'tb.core.g_cancel.u_impl'
 2914 |         me_obase <= ir[O_ME_OBASE +: W_ME_OBASE] + dyn[c_dslot * NDYN + ir[O_ME_D_OBASE +: W_ME_D_OBASE]];
      |                                                                       ^
%Warning-WIDTHEXPAND: /tmp/opentallas-core-remaining-acceptance-edge-parent-20261002-r1/scalar_suppression/sources/rtl/test/w17_window_core_cancel_join_r8/actual_fastpp_core_selected_cone.sv:2920:98: Operator ADD expects 32 bits on the RHS, but RHS's SEL generates 6 bits.
                                                                                                                                                                                                      : ... note: In instance 'tb.core.g_cancel.u_impl'
 2920 |         a_src <= ir[O_A_SRC +: W_A_SRC]; a_base <= ir[O_A_BASE +: W_A_BASE] + dyn[c_dslot * NDYN + ir[O_A_D +: W_A_D]]; a_so <= ir[O_A_SO +: W_A_SO]; a_si <= ir[O_A_SI +: W_A_SI];
      |                                                                                                  ^
%Warning-WIDTHEXPAND: /tmp/opentallas-core-remaining-acceptance-edge-parent-20261002-r1/scalar_suppression/sources/rtl/test/w17_window_core_cancel_join_r8/actual_fastpp_core_selected_cone.sv:2922:98: Operator ADD expects 32 bits on the RHS, but RHS's SEL generates 6 bits.
                                                                                                                                                                                                      : ... note: In instance 'tb.core.g_cancel.u_impl'
 2922 |         b_src <= ir[O_B_SRC +: W_B_SRC]; b_base <= ir[O_B_BASE +: W_B_BASE] + dyn[c_dslot * NDYN + ir[O_B_D +: W_B_D]]; b_so <= ir[O_B_SO +: W_B_SO]; b_si <= ir[O_B_SI +: W_B_SI]; b_half <= ir[O_B_HALF +: W_B_HALF];
      |                                                                                                  ^
%Warning-WIDTHEXPAND: /tmp/opentallas-core-remaining-acceptance-edge-parent-20261002-r1/scalar_suppression/sources/rtl/test/w17_window_core_cancel_join_r8/actual_fastpp_core_selected_cone.sv:2923:98: Operator ADD expects 32 bits on the RHS, but RHS's SEL generates 6 bits.
                                                                                                                                                                                                      : ... note: In instance 'tb.core.g_cancel.u_impl'
 2923 |         c_src <= ir[O_C_SRC +: W_C_SRC]; c_base <= ir[O_C_BASE +: W_C_BASE] + dyn[c_dslot * NDYN + ir[O_C_D +: W_C_D]]; c_so <= ir[O_C_SO +: W_C_SO]; c_si <= ir[O_C_SI +: W_C_SI]; c_pair <= ir[O_C_PAIR +: W_C_PAIR];
      |                                                                                                  ^
%Warning-WIDTHEXPAND: /tmp/opentallas-core-remaining-acceptance-edge-parent-20261002-r1/scalar_suppression/sources/rtl/test/w17_window_core_cancel_join_r8/actual_fastpp_core_selected_cone.sv:2924:98: Operator ADD expects 32 bits on the RHS, but RHS's SEL generates 6 bits.
                                                                                                                                                                                                      : ... note: In instance 'tb.core.g_cancel.u_impl'
 2924 |         d_src <= ir[O_D_SRC +: W_D_SRC]; d_base <= ir[O_D_BASE +: W_D_BASE] + dyn[c_dslot * NDYN + ir[O_D_D +: W_D_D]]; d_so <= ir[O_D_SO +: W_D_SO]; d_si <= ir[O_D_SI +: W_D_SI];
      |                                                                                                  ^
%Warning-WIDTHEXPAND: /tmp/opentallas-core-remaining-acceptance-edge-parent-20261002-r1/scalar_suppression/sources/rtl/test/w17_window_core_cancel_join_r8/actual_fastpp_core_selected_cone.sv:2929:110: Operator ADD expects 32 bits on the RHS, but RHS's SEL generates 6 bits.
                                                                                                                                                                                                       : ... note: In instance 'tb.core.g_cancel.u_impl'
 2929 |         o_base <= ir[O_O_BASE +: W_O_BASE] + ((ir[O_DST +: W_DST] == 2'd3) ? {AW{1'b0}} : dyn[c_dslot * NDYN + ir[O_O_D +: W_O_D]]);
      |                                                                                                              ^
%Warning-WIDTHEXPAND: /tmp/opentallas-core-remaining-acceptance-edge-parent-20261002-r1/scalar_suppression/sources/rtl/test/w17_window_core_cancel_join_r8/actual_fastpp_core_selected_cone.sv:2930:37: Operator ADD expects 32 bits on the RHS, but RHS's SEL generates 6 bits.
                                                                                                                                                                                                      : ... note: In instance 'tb.core.g_cancel.u_impl'
 2930 |         o_row <= dyn[c_dslot * NDYN + ir[O_O_D +: W_O_D]]; o_so <= ir[O_O_SO +: W_O_SO]; o_si <= ir[O_O_SI +: W_O_SI];
      |                                     ^
%Warning-WIDTHTRUNC: /tmp/opentallas-core-remaining-acceptance-edge-parent-20261002-r1/scalar_suppression/sources/rtl/test/w17_window_core_cancel_join_r8/actual_fastpp_core_selected_cone.sv:2938:36: Logical operator COND expects 1 bit on the Conditional Test, but Conditional Test's VARREF 'FULL_SHAPE' generates 32 bits.
                                                                                                                                                                                                     : ... note: In instance 'tb.core.g_cancel.u_impl'
 2938 |         qe_unrounded <= FULL_SHAPE ? ir[O_QE_UNROUNDED +: W_QE_UNROUNDED] : 1'b0;
      |                                    ^
%Warning-WIDTHEXPAND: /tmp/opentallas-core-remaining-acceptance-edge-parent-20261002-r1/scalar_suppression/sources/rtl/test/w17_window_core_cancel_join_r8/actual_fastpp_core_selected_cone.sv:2940:119: Operator ADD expects 32 bits on the RHS, but RHS's SEL generates 6 bits.
                                                                                                                                                                                                       : ... note: In instance 'tb.core.g_cancel.u_impl'
 2940 |         qe_istride <= ir[O_QE_ISTRIDE +: W_QE_ISTRIDE]; qe_obase <= ir[O_QE_OBASE +: W_QE_OBASE] + dyn[c_dslot * NDYN + ir[O_QE_D_OBASE +: W_QE_D_OBASE]];
      |                                                                                                                       ^
%Warning-WIDTHEXPAND: /tmp/opentallas-core-remaining-acceptance-edge-parent-20261002-r1/scalar_suppression/sources/rtl/test/w17_window_core_cancel_join_r8/actual_fastpp_core_selected_cone.sv:2953:51: Operator ADD expects 32 bits on the RHS, but RHS's SEL generates 6 bits.
                                                                                                                                                                                                      : ... note: In instance 'tb.core.g_cancel.u_impl'
 2953 |             coll_stride <= 32'(dyn[c_dslot * NDYN + ir[O_COLL_D_STRIDE +: W_COLL_D_STRIDE]]);
      |                                                   ^
%Warning-WIDTHTRUNC: /tmp/opentallas-core-remaining-acceptance-edge-parent-20261002-r1/scalar_suppression/sources/rtl/test/w17_window_core_cancel_join_r8/actual_fastpp_core_selected_cone.sv:2949:9: Logical operator IF expects 1 bit on the If, but If's VARREF 'FULL_SHAPE' generates 32 bits.
                                                                                                                                                                                                    : ... note: In instance 'tb.core.g_cancel.u_impl'
 2949 |         if (FULL_SHAPE) begin
      |         ^~
%Warning-WIDTHTRUNC: /tmp/opentallas-core-remaining-acceptance-edge-parent-20261002-r1/scalar_suppression/sources/rtl/test/w17_window_core_cancel_join_r8/actual_fastpp_core_selected_cone.sv:2962:33: Logical operator LOGAND expects 1 bit on the LHS, but LHS's VARREF 'FULL_SHAPE' generates 32 bits.
                                                                                                                                                                                                     : ... note: In instance 'tb.core.g_cancel.u_impl'
 2962 |                   (!(FULL_SHAPE && KV_HBM && d_unit == 3'd3 && qe_mode == 2'd1) || win_idle);
      |                                 ^~
%Warning-WIDTHTRUNC: /tmp/opentallas-core-remaining-acceptance-edge-parent-20261002-r1/scalar_suppression/sources/rtl/test/w17_window_core_cancel_join_r8/actual_fastpp_core_selected_cone.sv:2962:33: Logical operator LOGAND expects 1 bit on the RHS, but RHS's VARREF 'KV_HBM' generates 32 bits.
                                                                                                                                                                                                     : ... note: In instance 'tb.core.g_cancel.u_impl'
 2962 |                   (!(FULL_SHAPE && KV_HBM && d_unit == 3'd3 && qe_mode == 2'd1) || win_idle);
      |                                 ^~
%Warning-WIDTHTRUNC: /tmp/opentallas-core-remaining-acceptance-edge-parent-20261002-r1/scalar_suppression/sources/rtl/test/w17_window_core_cancel_join_r8/actual_fastpp_core_selected_cone.sv:2993:44: Logical operator LOGNOT expects 1 bit on the LHS, but LHS's VARREF 'FULL_SHAPE' generates 32 bits.
                                                                                                                                                                                                     : ... note: In instance 'tb.core.g_cancel.u_impl'
 2993 |                       pred_ok && !zero && (!FULL_SHAPE || win_idle);
      |                                            ^
%Warning-WIDTHTRUNC: /tmp/opentallas-core-remaining-acceptance-edge-parent-20261002-r1/scalar_suppression/sources/rtl/test/w17_window_core_cancel_join_r8/actual_fastpp_core_selected_cone.sv:3153:30: Logical operator LOGAND expects 1 bit on the LHS, but LHS's VARREF 'FULL_SHAPE' generates 32 bits.
                                                                                                                                                                                                     : ... note: In instance 'tb.core.g_cancel.u_impl'
 3153 |                  (FULL_SHAPE && KV_HBM && (win_fault || win_capture_fault)) ||
      |                              ^~
%Warning-WIDTHTRUNC: /tmp/opentallas-core-remaining-acceptance-edge-parent-20261002-r1/scalar_suppression/sources/rtl/test/w17_window_core_cancel_join_r8/actual_fastpp_core_selected_cone.sv:3153:30: Logical operator LOGAND expects 1 bit on the RHS, but RHS's VARREF 'KV_HBM' generates 32 bits.
                                                                                                                                                                                                     : ... note: In instance 'tb.core.g_cancel.u_impl'
 3153 |                  (FULL_SHAPE && KV_HBM && (win_fault || win_capture_fault)) ||
      |                              ^~
%Warning-WIDTHTRUNC: /tmp/opentallas-core-remaining-acceptance-edge-parent-20261002-r1/scalar_suppression/sources/rtl/test/w17_window_core_cancel_join_r8/actual_fastpp_core_selected_cone.sv:3154:30: Logical operator LOGAND expects 1 bit on the LHS, but LHS's VARREF 'FULL_SHAPE' generates 32 bits.
                                                                                                                                                                                                     : ... note: In instance 'tb.core.g_cancel.u_impl'
 3154 |                  (FULL_SHAPE && (coll_fault || rope_pf_fault ||
      |                              ^~
%Warning-WIDTHEXPAND: /tmp/opentallas-core-remaining-acceptance-edge-parent-20261002-r1/scalar_suppression/sources/tb.sv:1201:43: Operator NEQ expects 32 bits on the LHS, but LHS's ARRAYSEL generates 4 bits.
                                                                                                                                : ... note: In instance 'tb'
 1201 |   if(back.g_recovery.u_impl.rec_reads[pc] != oq+orq || back.g_recovery.u_impl.rec_writes[pc] != ow)
      |                                           ^~
%Warning-WIDTHEXPAND: /tmp/opentallas-core-remaining-acceptance-edge-parent-20261002-r1/scalar_suppression/sources/tb.sv:1201:94: Operator NEQ expects 32 bits on the LHS, but LHS's ARRAYSEL generates 2 bits.
                                                                                                                                : ... note: In instance 'tb'
 1201 |   if(back.g_recovery.u_impl.rec_reads[pc] != oq+orq || back.g_recovery.u_impl.rec_writes[pc] != ow)
      |                                                                                              ^~
%Warning-WIDTHEXPAND: /tmp/opentallas-core-remaining-acceptance-edge-parent-20261002-r1/scalar_suppression/sources/tb.sv:1208:17: Operator SUB expects 64 bits on the LHS, but LHS's VARREF 'other_writes' generates 32 bits.
                                                                                                                                : ... note: In instance 'tb'
 1208 |     other_writes-back.g_recovery.u_impl.st_wr[31] != other_qw_total)
      |                 ^
%Warning-WIDTHEXPAND: /tmp/opentallas-core-remaining-acceptance-edge-parent-20261002-r1/scalar_suppression/sources/tb.sv:1208:51: Operator NEQ expects 64 bits on the RHS, but RHS's VARREF 'other_qw_total' generates 32 bits.
                                                                                                                                : ... note: In instance 'tb'
 1208 |     other_writes-back.g_recovery.u_impl.st_wr[31] != other_qw_total)
      |                                                   ^~
%Warning-WIDTHEXPAND: /tmp/opentallas-core-remaining-acceptance-edge-parent-20261002-r1/scalar_suppression/sources/tb.sv:1277:21: Operator NEQ expects 32 bits on the LHS, but LHS's VARREF 'core_ww_q_addr' generates 30 bits.
                                                                                                                                : ... note: In instance 'tb'
 1277 |      core_ww_q_addr != 55232+32*vm_stores ||
      |                     ^~
%Warning-WIDTHEXPAND: /tmp/opentallas-core-remaining-acceptance-edge-parent-20261002-r1/scalar_suppression/sources/tb.sv:1281:32: Operator SUB expects 32 bits on the LHS, but LHS's VARREF 'core_ww_q_addr' generates 30 bits.
                                                                                                                                : ... note: In instance 'tb'
 1281 |    if(vm_written[core_ww_q_addr-55232+vlane]) $fatal(1,"duplicate VM suffix word ownership");
      |                                ^
%Warning-WIDTHEXPAND: /tmp/opentallas-core-remaining-acceptance-edge-parent-20261002-r1/scalar_suppression/sources/tb.sv:1283:29: Operator SUB expects 32 bits on the LHS, but LHS's VARREF 'core_ww_q_addr' generates 30 bits.
                                                                                                                                : ... note: In instance 'tb'
 1283 |     vm_shadow[core_ww_q_addr-55232+vlane] <= core_ww_q_data[32*vlane +: 32];
      |                             ^
%Warning-WIDTHEXPAND: /tmp/opentallas-core-remaining-acceptance-edge-parent-20261002-r1/scalar_suppression/sources/tb.sv:1284:30: Operator SUB expects 32 bits on the LHS, but LHS's VARREF 'core_ww_q_addr' generates 30 bits.
                                                                                                                                : ... note: In instance 'tb'
 1284 |     vm_written[core_ww_q_addr-55232+vlane] <= 1'b1;
      |                              ^
%Warning-WIDTHEXPAND: /tmp/opentallas-core-remaining-acceptance-edge-parent-20261002-r1/scalar_suppression/sources/tb.sv:1298:41: Operator NEQ expects 32 bits on the LHS, but LHS's VARXREF 'pc' generates 14 bits.
                                                                                                                                : ... note: In instance 'tb'
 1298 |  if(checking && core.g_cancel.u_impl.pc != stopped_pc)
      |                                         ^~
%Warning-WIDTHEXPAND: /tmp/opentallas-core-remaining-acceptance-edge-parent-20261002-r1/scalar_suppression/sources/tb.sv:1313:36: Operator ASSIGN expects 32 bits on the Assign RHS, but Assign RHS's VARXREF 'pc' generates 14 bits.
                                                                                                                                : ... note: In instance 'tb'
 1313 |  recover=1;fault_pulse=1;stopped_pc=core.g_cancel.u_impl.pc;fault_cycle=cycles;
      |                                    ^
%Warning-MULTIDRIVEN: /tmp/opentallas-core-remaining-acceptance-edge-parent-20261002-r1/scalar_suppression/sources/tb.sv:1224:2: Variable written to in always_comb also written by other process (IEEE 1800-2023 9.2.2.2): 'core_coll_busy'
                                                                                                                               : ... note: In instance 'tb'
                      /tmp/opentallas-core-remaining-acceptance-edge-parent-20261002-r1/scalar_suppression/sources/tb.sv:1224:2: 
 1224 |  core_coll_busy=0;core_coll_fault=0;core_rope_pf_fault=0;
      |  ^~~~~~~~~~~~~~
                      /tmp/opentallas-core-remaining-acceptance-edge-parent-20261002-r1/scalar_suppression/sources/tb.sv:475:23: ... Location of other write
  475 | logic  core_coll_busy=0;
      |                       ^
                      ... For warning description see https://verilator.org/warn/MULTIDRIVEN?v=5.050
                      ... Use "/* verilator lint_off MULTIDRIVEN */" and lint_on around source to disable this message.
%Warning-MULTIDRIVEN: /tmp/opentallas-core-remaining-acceptance-edge-parent-20261002-r1/scalar_suppression/sources/tb.sv:1224:19: Variable written to in always_comb also written by other process (IEEE 1800-2023 9.2.2.2): 'core_coll_fault'
                                                                                                                                : ... note: In instance 'tb'
                      /tmp/opentallas-core-remaining-acceptance-edge-parent-20261002-r1/scalar_suppression/sources/tb.sv:1224:19: 
 1224 |  core_coll_busy=0;core_coll_fault=0;core_rope_pf_fault=0;
      |                   ^~~~~~~~~~~~~~~
                      /tmp/opentallas-core-remaining-acceptance-edge-parent-20261002-r1/scalar_suppression/sources/tb.sv:476:24: ... Location of other write
  476 | logic  core_coll_fault=0;
      |                        ^
%Warning-MULTIDRIVEN: /tmp/opentallas-core-remaining-acceptance-edge-parent-20261002-r1/scalar_suppression/sources/tb.sv:1224:37: Variable written to in always_comb also written by other process (IEEE 1800-2023 9.2.2.2): 'core_rope_pf_fault'
                                                                                                                                : ... note: In instance 'tb'
                      /tmp/opentallas-core-remaining-acceptance-edge-parent-20261002-r1/scalar_suppression/sources/tb.sv:1224:37: 
 1224 |  core_coll_busy=0;core_coll_fault=0;core_rope_pf_fault=0;
      |                                     ^~~~~~~~~~~~~~~~~~
                      /tmp/opentallas-core-remaining-acceptance-edge-parent-20261002-r1/scalar_suppression/sources/tb.sv:509:27: ... Location of other write
  509 | logic  core_rope_pf_fault=0;
      |                           ^
%Warning-MULTIDRIVEN: /tmp/opentallas-core-remaining-acceptance-edge-parent-20261002-r1/scalar_suppression/sources/tb.sv:1225:2: Variable written to in always_comb also written by other process (IEEE 1800-2023 9.2.2.2): 'core_rope_pf_rdy'
                                                                                                                               : ... note: In instance 'tb'
                      /tmp/opentallas-core-remaining-acceptance-edge-parent-20261002-r1/scalar_suppression/sources/tb.sv:1225:2: 
 1225 |  core_rope_pf_rdy=0;core_rope_pf_done=0;core_rom_ffault=0;
      |  ^~~~~~~~~~~~~~~~
                      /tmp/opentallas-core-remaining-acceptance-edge-parent-20261002-r1/scalar_suppression/sources/tb.sv:504:25: ... Location of other write
  504 | logic  core_rope_pf_rdy=0;
      |                         ^
%Warning-MULTIDRIVEN: /tmp/opentallas-core-remaining-acceptance-edge-parent-20261002-r1/scalar_suppression/sources/tb.sv:1225:21: Variable written to in always_comb also written by other process (IEEE 1800-2023 9.2.2.2): 'core_rope_pf_done'
                                                                                                                                : ... note: In instance 'tb'
                      /tmp/opentallas-core-remaining-acceptance-edge-parent-20261002-r1/scalar_suppression/sources/tb.sv:1225:21: 
 1225 |  core_rope_pf_rdy=0;core_rope_pf_done=0;core_rom_ffault=0;
      |                     ^~~~~~~~~~~~~~~~~
                      /tmp/opentallas-core-remaining-acceptance-edge-parent-20261002-r1/scalar_suppression/sources/tb.sv:507:26: ... Location of other write
  507 | logic  core_rope_pf_done=0;
      |                          ^
%Warning-MULTIDRIVEN: /tmp/opentallas-core-remaining-acceptance-edge-parent-20261002-r1/scalar_suppression/sources/tb.sv:1225:41: Variable written to in always_comb also written by other process (IEEE 1800-2023 9.2.2.2): 'core_rom_ffault'
                                                                                                                                : ... note: In instance 'tb'
                      /tmp/opentallas-core-remaining-acceptance-edge-parent-20261002-r1/scalar_suppression/sources/tb.sv:1225:41: 
 1225 |  core_rope_pf_rdy=0;core_rope_pf_done=0;core_rom_ffault=0;
      |                                         ^~~~~~~~~~~~~~~
                      /tmp/opentallas-core-remaining-acceptance-edge-parent-20261002-r1/scalar_suppression/sources/tb.sv:296:24: ... Location of other write
  296 | logic  core_rom_ffault=0;
      |                        ^
%Warning-MULTIDRIVEN: /tmp/opentallas-core-remaining-acceptance-edge-parent-20261002-r1/scalar_suppression/sources/tb.sv:1226:2: Variable written to in always_comb also written by other process (IEEE 1800-2023 9.2.2.2): 'core_clk'
                                                                                                                               : ... note: In instance 'tb'
                      /tmp/opentallas-core-remaining-acceptance-edge-parent-20261002-r1/scalar_suppression/sources/tb.sv:1226:2: 
 1226 |  core_clk=clk;core_rst_n=rst_n;core_win_blk_ready=src_blk_ready && !guard_bad;
      |  ^~~~~~~~
                      /tmp/opentallas-core-remaining-acceptance-edge-parent-20261002-r1/scalar_suppression/sources/tb.sv:272:17: ... Location of other write
  272 | logic  core_clk=0;
      |                 ^
%Warning-MULTIDRIVEN: /tmp/opentallas-core-remaining-acceptance-edge-parent-20261002-r1/scalar_suppression/sources/tb.sv:1226:15: Variable written to in always_comb also written by other process (IEEE 1800-2023 9.2.2.2): 'core_rst_n'
                                                                                                                                : ... note: In instance 'tb'
                      /tmp/opentallas-core-remaining-acceptance-edge-parent-20261002-r1/scalar_suppression/sources/tb.sv:1226:15: 
 1226 |  core_clk=clk;core_rst_n=rst_n;core_win_blk_ready=src_blk_ready && !guard_bad;
      |               ^~~~~~~~~~
                      /tmp/opentallas-core-remaining-acceptance-edge-parent-20261002-r1/scalar_suppression/sources/tb.sv:273:19: ... Location of other write
  273 | logic  core_rst_n=0;
      |                   ^
%Warning-MULTIDRIVEN: /tmp/opentallas-core-remaining-acceptance-edge-parent-20261002-r1/scalar_suppression/sources/tb.sv:1226:32: Variable written to in always_comb also written by other process (IEEE 1800-2023 9.2.2.2): 'core_win_blk_ready'
                                                                                                                                : ... note: In instance 'tb'
                      /tmp/opentallas-core-remaining-acceptance-edge-parent-20261002-r1/scalar_suppression/sources/tb.sv:1226:32: 
 1226 |  core_clk=clk;core_rst_n=rst_n;core_win_blk_ready=src_blk_ready && !guard_bad;
      |                                ^~~~~~~~~~~~~~~~~~
                      /tmp/opentallas-core-remaining-acceptance-edge-parent-20261002-r1/scalar_suppression/sources/tb.sv:399:27: ... Location of other write
  399 | logic  core_win_blk_ready=0;
      |                           ^
%Warning-MULTIDRIVEN: /tmp/opentallas-core-remaining-acceptance-edge-parent-20261002-r1/scalar_suppression/sources/tb.sv:1227:2: Variable written to in always_comb also written by other process (IEEE 1800-2023 9.2.2.2): 'core_rec_request'
                                                                                                                               : ... note: In instance 'tb'
                      /tmp/opentallas-core-remaining-acceptance-edge-parent-20261002-r1/scalar_suppression/sources/tb.sv:1227:2: 
 1227 |  core_rec_request=recover;core_rec_token=token;
      |  ^~~~~~~~~~~~~~~~
                      /tmp/opentallas-core-remaining-acceptance-edge-parent-20261002-r1/scalar_suppression/sources/tb.sv:511:25: ... Location of other write
  511 | logic  core_rec_request=0;
      |                         ^
%Warning-MULTIDRIVEN: /tmp/opentallas-core-remaining-acceptance-edge-parent-20261002-r1/scalar_suppression/sources/tb.sv:1227:27: Variable written to in always_comb also written by other process (IEEE 1800-2023 9.2.2.2): 'core_rec_token'
                                                                                                                                : ... note: In instance 'tb'
                      /tmp/opentallas-core-remaining-acceptance-edge-parent-20261002-r1/scalar_suppression/sources/tb.sv:1227:27: 
 1227 |  core_rec_request=recover;core_rec_token=token;
      |                           ^~~~~~~~~~~~~~
                      /tmp/opentallas-core-remaining-acceptance-edge-parent-20261002-r1/scalar_suppression/sources/tb.sv:512:23: ... Location of other write
  512 | logic  core_rec_token=0;
      |                       ^
%Warning-MULTIDRIVEN: /tmp/opentallas-core-remaining-acceptance-edge-parent-20261002-r1/scalar_suppression/sources/tb.sv:1229:2: Variable written to in always_comb also written by other process (IEEE 1800-2023 9.2.2.2): 'core_rec_provider_ready'
                                                                                                                               : ... note: In instance 'tb'
                      /tmp/opentallas-core-remaining-acceptance-edge-parent-20261002-r1/scalar_suppression/sources/tb.sv:1229:2: 
 1229 |  core_rec_provider_ready=restart_ready;
      |  ^~~~~~~~~~~~~~~~~~~~~~~
                      /tmp/opentallas-core-remaining-acceptance-edge-parent-20261002-r1/scalar_suppression/sources/tb.sv:514:32: ... Location of other write
  514 | logic  core_rec_provider_ready=0;
      |                                ^
%Warning-MULTIDRIVEN: /tmp/opentallas-core-remaining-acceptance-edge-parent-20261002-r1/scalar_suppression/sources/tb.sv:1230:2: Variable written to in always_comb also written by other process (IEEE 1800-2023 9.2.2.2): 'core_rec_rearm_request'
                                                                                                                               : ... note: In instance 'tb'
                      /tmp/opentallas-core-remaining-acceptance-edge-parent-20261002-r1/scalar_suppression/sources/tb.sv:1230:2: 
 1230 |  core_rec_rearm_request=commit;
      |  ^~~~~~~~~~~~~~~~~~~~~~
                      /tmp/opentallas-core-remaining-acceptance-edge-parent-20261002-r1/scalar_suppression/sources/tb.sv:513:31: ... Location of other write
  513 | logic  core_rec_rearm_request=0;
      |                               ^
%Warning-UNSIGNED: /tmp/opentallas-core-remaining-acceptance-edge-parent-20261002-r1/scalar_suppression/sources/rtl/test/w17_window_core_cancel_join_r8/actual_fastpp_core_selected_cone.sv:2876:65: Comparison is constant due to unsigned arithmetic
                                                                                                                                                                                                   : ... note: In instance 'tb.core.g_cancel.u_impl'
 2876 |             dyn[db + FDYN_NEWBLK] <= ((p1 >= 1) && (AW'(p1 - 1) >= AW'(RANK) * AW'((p1 + FULL_TP - 1) / FULL_TP)) &&
      |                                                                 ^~
                   ... For warning description see https://verilator.org/warn/UNSIGNED?v=5.050
                   ... Use "/* verilator lint_off UNSIGNED */" and lint_on around source to disable this message.
- V e r i l a t i o n   R e p o r t: Verilator 5.050 2026-07-01 rev v5.050
- Verilator: Built from 103.881 MB sources in 255 modules, into 673.377 MB in 979 C++ files needing 2.378 MB
- Verilator: Walltime 99.479 s (elab=1.347, cvt=86.600, bld=0.000); cpu 107.371 s on 2 threads; allocated 4725.180 MB
make: Entering directory '/tmp/opentallas-core-remaining-acceptance-edge-parent-20261002-r1/scalar_suppression/obj'
g++ -O0  -I.  -MMD -I/home/ubuntu/.local/opentallas-tools/verilator-5.050/share/verilator/include -I/home/ubuntu/.local/opentallas-tools/verilator-5.050/share/verilator/include/vltstd -DVERILATOR=1 -DVM_COVERAGE=0 -DVM_SC=0 -DVM_TIMING=1 -DVM_TRACE=0 -DVM_TRACE_FST=0 -DVM_TRACE_VCD=0 -DVM_TRACE_SAIF=0 -DVM_VPI=0 -faligned-new -fcf-protection=none -Wno-bool-operation -Wno-int-in-bool-context -Wno-shadow -Wno-sign-compare -Wno-subobject-linkage -Wno-tautological-compare -Wno-uninitialized -Wno-unused-but-set-parameter -Wno-unused-but-set-variable -Wno-unused-parameter -Wno-unused-variable    -O0 -DVL_TIME_CONTEXT   -fcoroutines -c -o verilated.o /home/ubuntu/.local/opentallas-tools/verilator-5.050/share/verilator/include/verilated.cpp
g++ -O0  -I.  -MMD -I/home/ubuntu/.local/opentallas-tools/verilator-5.050/share/verilator/include -I/home/ubuntu/.local/opentallas-tools/verilator-5.050/share/verilator/include/vltstd -DVERILATOR=1 -DVM_COVERAGE=0 -DVM_SC=0 -DVM_TIMING=1 -DVM_TRACE=0 -DVM_TRACE_FST=0 -DVM_TRACE_VCD=0 -DVM_TRACE_SAIF=0 -DVM_VPI=0 -faligned-new -fcf-protection=none -Wno-bool-operation -Wno-int-in-bool-context -Wno-shadow -Wno-sign-compare -Wno-subobject-linkage -Wno-tautological-compare -Wno-uninitialized -Wno-unused-but-set-parameter -Wno-unused-but-set-variable -Wno-unused-parameter -Wno-unused-variable    -O0 -DVL_TIME_CONTEXT   -fcoroutines -c -o verilated_dpi.o /home/ubuntu/.local/opentallas-tools/verilator-5.050/share/verilator/include/verilated_dpi.cpp
g++ -O0  -I.  -MMD -I/home/ubuntu/.local/opentallas-tools/verilator-5.050/share/verilator/include -I/home/ubuntu/.local/opentallas-tools/verilator-5.050/share/verilator/include/vltstd -DVERILATOR=1 -DVM_COVERAGE=0 -DVM_SC=0 -DVM_TIMING=1 -DVM_TRACE=0 -DVM_TRACE_FST=0 -DVM_TRACE_VCD=0 -DVM_TRACE_SAIF=0 -DVM_VPI=0 -faligned-new -fcf-protection=none -Wno-bool-operation -Wno-int-in-bool-context -Wno-shadow -Wno-sign-compare -Wno-subobject-linkage -Wno-tautological-compare -Wno-uninitialized -Wno-unused-but-set-parameter -Wno-unused-but-set-variable -Wno-unused-parameter -Wno-unused-variable    -O0 -DVL_TIME_CONTEXT   -fcoroutines -c -o verilated_timing.o /home/ubuntu/.local/opentallas-tools/verilator-5.050/share/verilator/include/verilated_timing.cpp
g++ -O0  -I.  -MMD -I/home/ubuntu/.local/opentallas-tools/verilator-5.050/share/verilator/include -I/home/ubuntu/.local/opentallas-tools/verilator-5.050/share/verilator/include/vltstd -DVERILATOR=1 -DVM_COVERAGE=0 -DVM_SC=0 -DVM_TIMING=1 -DVM_TRACE=0 -DVM_TRACE_FST=0 -DVM_TRACE_VCD=0 -DVM_TRACE_SAIF=0 -DVM_VPI=0 -faligned-new -fcf-protection=none -Wno-bool-operation -Wno-int-in-bool-context -Wno-shadow -Wno-sign-compare -Wno-subobject-linkage -Wno-tautological-compare -Wno-uninitialized -Wno-unused-but-set-parameter -Wno-unused-but-set-variable -Wno-unused-parameter -Wno-unused-variable    -O0 -DVL_TIME_CONTEXT   -fcoroutines -c -o verilated_threads.o /home/ubuntu/.local/opentallas-tools/verilator-5.050/share/verilator/include/verilated_threads.cpp
g++ -O0  -I.  -MMD -I/home/ubuntu/.local/opentallas-tools/verilator-5.050/share/verilator/include -I/home/ubuntu/.local/opentallas-tools/verilator-5.050/share/verilator/include/vltstd -DVERILATOR=1 -DVM_COVERAGE=0 -DVM_SC=0 -DVM_TIMING=1 -DVM_TRACE=0 -DVM_TRACE_FST=0 -DVM_TRACE_VCD=0 -DVM_TRACE_SAIF=0 -DVM_VPI=0 -faligned-new -fcf-protection=none -Wno-bool-operation -Wno-int-in-bool-context -Wno-shadow -Wno-sign-compare -Wno-subobject-linkage -Wno-tautological-compare -Wno-uninitialized -Wno-unused-but-set-parameter -Wno-unused-but-set-variable -Wno-unused-parameter -Wno-unused-variable    -O0 -DVL_TIME_CONTEXT   -fcoroutines -x c++-header Vtb__pch.h -o Vtb__pch.h.fast.gch
g++ -O0  -I.  -MMD -I/home/ubuntu/.local/opentallas-tools/verilator-5.050/share/verilator/include -I/home/ubuntu/.local/opentallas-tools/verilator-5.050/share/verilator/include/vltstd -DVERILATOR=1 -DVM_COVERAGE=0 -DVM_SC=0 -DVM_TIMING=1 -DVM_TRACE=0 -DVM_TRACE_FST=0 -DVM_TRACE_VCD=0 -DVM_TRACE_SAIF=0 -DVM_VPI=0 -faligned-new -fcf-protection=none -Wno-bool-operation -Wno-int-in-bool-context -Wno-shadow -Wno-sign-compare -Wno-subobject-linkage -Wno-tautological-compare -Wno-uninitialized -Wno-unused-but-set-parameter -Wno-unused-but-set-variable -Wno-unused-parameter -Wno-unused-variable    -O0 -DVL_TIME_CONTEXT   -fcoroutines -x c++-header Vtb__pch.h -o Vtb__pch.h.slow.gch
g++ -O0  -I.  -MMD -I/home/ubuntu/.local/opentallas-tools/verilator-5.050/share/verilator/include -I/home/ubuntu/.local/opentallas-tools/verilator-5.050/share/verilator/include/vltstd -DVERILATOR=1 -DVM_COVERAGE=0 -DVM_SC=0 -DVM_TIMING=1 -DVM_TRACE=0 -DVM_TRACE_FST=0 -DVM_TRACE_VCD=0 -DVM_TRACE_SAIF=0 -DVM_VPI=0 -faligned-new -fcf-protection=none -Wno-bool-operation -Wno-int-in-bool-context -Wno-shadow -Wno-sign-compare -Wno-subobject-linkage -Wno-tautological-compare -Wno-uninitialized -Wno-unused-but-set-parameter -Wno-unused-but-set-variable -Wno-unused-parameter -Wno-unused-variable    -O0 -DVL_TIME_CONTEXT   -fcoroutines -include Vtb__pch.h.fast -c Vtb_vm_classes_0.cpp
g++ -O0  -I.  -MMD -I/home/ubuntu/.local/opentallas-tools/verilator-5.050/share/verilator/include -I/home/ubuntu/.local/opentallas-tools/verilator-5.050/share/verilator/include/vltstd -DVERILATOR=1 -DVM_COVERAGE=0 -DVM_SC=0 -DVM_TIMING=1 -DVM_TRACE=0 -DVM_TRACE_FST=0 -DVM_TRACE_VCD=0 -DVM_TRACE_SAIF=0 -DVM_VPI=0 -faligned-new -fcf-protection=none -Wno-bool-operation -Wno-int-in-bool-context -Wno-shadow -Wno-sign-compare -Wno-subobject-linkage -Wno-tautological-compare -Wno-uninitialized -Wno-unused-but-set-parameter -Wno-unused-but-set-variable -Wno-unused-parameter -Wno-unused-variable    -O0 -DVL_TIME_CONTEXT   -fcoroutines -include Vtb__pch.h.fast -c Vtb_vm_classes_1.cpp
g++ -O0  -I.  -MMD -I/home/ubuntu/.local/opentallas-tools/verilator-5.050/share/verilator/include -I/home/ubuntu/.local/opentallas-tools/verilator-5.050/share/verilator/include/vltstd -DVERILATOR=1 -DVM_COVERAGE=0 -DVM_SC=0 -DVM_TIMING=1 -DVM_TRACE=0 -DVM_TRACE_FST=0 -DVM_TRACE_VCD=0 -DVM_TRACE_SAIF=0 -DVM_VPI=0 -faligned-new -fcf-protection=none -Wno-bool-operation -Wno-int-in-bool-context -Wno-shadow -Wno-sign-compare -Wno-subobject-linkage -Wno-tautological-compare -Wno-uninitialized -Wno-unused-but-set-parameter -Wno-unused-but-set-variable -Wno-unused-parameter -Wno-unused-variable    -O0 -DVL_TIME_CONTEXT   -fcoroutines -include Vtb__pch.h.fast -c Vtb__Dpi.cpp
g++ -O0  -I.  -MMD -I/home/ubuntu/.local/opentallas-tools/verilator-5.050/share/verilator/include -I/home/ubuntu/.local/opentallas-tools/verilator-5.050/share/verilator/include/vltstd -DVERILATOR=1 -DVM_COVERAGE=0 -DVM_SC=0 -DVM_TIMING=1 -DVM_TRACE=0 -DVM_TRACE_FST=0 -DVM_TRACE_VCD=0 -DVM_TRACE_SAIF=0 -DVM_VPI=0 -faligned-new -fcf-protection=none -Wno-bool-operation -Wno-int-in-bool-context -Wno-shadow -Wno-sign-compare -Wno-subobject-linkage -Wno-tautological-compare -Wno-uninitialized -Wno-unused-but-set-parameter -Wno-unused-but-set-variable -Wno-unused-parameter -Wno-unused-variable    -O0 -DVL_TIME_CONTEXT   -fcoroutines -include Vtb__pch.h.slow -c Vtb_vm_classes_Slow_0.cpp
g++ -O0  -I.  -MMD -I/home/ubuntu/.local/opentallas-tools/verilator-5.050/share/verilator/include -I/home/ubuntu/.local/opentallas-tools/verilator-5.050/share/verilator/include/vltstd -DVERILATOR=1 -DVM_COVERAGE=0 -DVM_SC=0 -DVM_TIMING=1 -DVM_TRACE=0 -DVM_TRACE_FST=0 -DVM_TRACE_VCD=0 -DVM_TRACE_SAIF=0 -DVM_VPI=0 -faligned-new -fcf-protection=none -Wno-bool-operation -Wno-int-in-bool-context -Wno-shadow -Wno-sign-compare -Wno-subobject-linkage -Wno-tautological-compare -Wno-uninitialized -Wno-unused-but-set-parameter -Wno-unused-but-set-variable -Wno-unused-parameter -Wno-unused-variable    -O0 -DVL_TIME_CONTEXT   -fcoroutines -include Vtb__pch.h.slow -c Vtb_vm_classes_Slow_1.cpp
g++ -O0  -I.  -MMD -I/home/ubuntu/.local/opentallas-tools/verilator-5.050/share/verilator/include -I/home/ubuntu/.local/opentallas-tools/verilator-5.050/share/verilator/include/vltstd -DVERILATOR=1 -DVM_COVERAGE=0 -DVM_SC=0 -DVM_TIMING=1 -DVM_TRACE=0 -DVM_TRACE_FST=0 -DVM_TRACE_VCD=0 -DVM_TRACE_SAIF=0 -DVM_VPI=0 -faligned-new -fcf-protection=none -Wno-bool-operation -Wno-int-in-bool-context -Wno-shadow -Wno-sign-compare -Wno-subobject-linkage -Wno-tautological-compare -Wno-uninitialized -Wno-unused-but-set-parameter -Wno-unused-but-set-variable -Wno-unused-parameter -Wno-unused-variable    -O0 -DVL_TIME_CONTEXT   -fcoroutines -include Vtb__pch.h.slow -c Vtb__Syms__ctor__0__Slow.cpp
g++ -O0  -I.  -MMD -I/home/ubuntu/.local/opentallas-tools/verilator-5.050/share/verilator/include -I/home/ubuntu/.local/opentallas-tools/verilator-5.050/share/verilator/include/vltstd -DVERILATOR=1 -DVM_COVERAGE=0 -DVM_SC=0 -DVM_TIMING=1 -DVM_TRACE=0 -DVM_TRACE_FST=0 -DVM_TRACE_VCD=0 -DVM_TRACE_SAIF=0 -DVM_VPI=0 -faligned-new -fcf-protection=none -Wno-bool-operation -Wno-int-in-bool-context -Wno-shadow -Wno-sign-compare -Wno-subobject-linkage -Wno-tautological-compare -Wno-uninitialized -Wno-unused-but-set-parameter -Wno-unused-but-set-variable -Wno-unused-parameter -Wno-unused-variable    -O0 -DVL_TIME_CONTEXT   -fcoroutines -include Vtb__pch.h.slow -c Vtb__Syms__ctor__1__Slow.cpp
g++ -O0  -I.  -MMD -I/home/ubuntu/.local/opentallas-tools/verilator-5.050/share/verilator/include -I/home/ubuntu/.local/opentallas-tools/verilator-5.050/share/verilator/include/vltstd -DVERILATOR=1 -DVM_COVERAGE=0 -DVM_SC=0 -DVM_TIMING=1 -DVM_TRACE=0 -DVM_TRACE_FST=0 -DVM_TRACE_VCD=0 -DVM_TRACE_SAIF=0 -DVM_VPI=0 -faligned-new -fcf-protection=none -Wno-bool-operation -Wno-int-in-bool-context -Wno-shadow -Wno-sign-compare -Wno-subobject-linkage -Wno-tautological-compare -Wno-uninitialized -Wno-unused-but-set-parameter -Wno-unused-but-set-variable -Wno-unused-parameter -Wno-unused-variable    -O0 -DVL_TIME_CONTEXT   -fcoroutines -include Vtb__pch.h.slow -c Vtb__Syms__ctor__2__Slow.cpp
g++ -O0  -I.  -MMD -I/home/ubuntu/.local/opentallas-tools/verilator-5.050/share/verilator/include -I/home/ubuntu/.local/opentallas-tools/verilator-5.050/share/verilator/include/vltstd -DVERILATOR=1 -DVM_COVERAGE=0 -DVM_SC=0 -DVM_TIMING=1 -DVM_TRACE=0 -DVM_TRACE_FST=0 -DVM_TRACE_VCD=0 -DVM_TRACE_SAIF=0 -DVM_VPI=0 -faligned-new -fcf-protection=none -Wno-bool-operation -Wno-int-in-bool-context -Wno-shadow -Wno-sign-compare -Wno-subobject-linkage -Wno-tautological-compare -Wno-uninitialized -Wno-unused-but-set-parameter -Wno-unused-but-set-variable -Wno-unused-parameter -Wno-unused-variable    -O0 -DVL_TIME_CONTEXT   -fcoroutines -include Vtb__pch.h.slow -c Vtb__Syms__ctor__3__Slow.cpp
g++ -O0  -I.  -MMD -I/home/ubuntu/.local/opentallas-tools/verilator-5.050/share/verilator/include -I/home/ubuntu/.local/opentallas-tools/verilator-5.050/share/verilator/include/vltstd -DVERILATOR=1 -DVM_COVERAGE=0 -DVM_SC=0 -DVM_TIMING=1 -DVM_TRACE=0 -DVM_TRACE_FST=0 -DVM_TRACE_VCD=0 -DVM_TRACE_SAIF=0 -DVM_VPI=0 -faligned-new -fcf-protection=none -Wno-bool-operation -Wno-int-in-bool-context -Wno-shadow -Wno-sign-compare -Wno-subobject-linkage -Wno-tautological-compare -Wno-uninitialized -Wno-unused-but-set-parameter -Wno-unused-but-set-variable -Wno-unused-parameter -Wno-unused-variable    -O0 -DVL_TIME_CONTEXT   -fcoroutines -include Vtb__pch.h.slow -c Vtb__Syms__ctor__4__Slow.cpp
g++ -O0  -I.  -MMD -I/home/ubuntu/.local/opentallas-tools/verilator-5.050/share/verilator/include -I/home/ubuntu/.local/opentallas-tools/verilator-5.050/share/verilator/include/vltstd -DVERILATOR=1 -DVM_COVERAGE=0 -DVM_SC=0 -DVM_TIMING=1 -DVM_TRACE=0 -DVM_TRACE_FST=0 -DVM_TRACE_VCD=0 -DVM_TRACE_SAIF=0 -DVM_VPI=0 -faligned-new -fcf-protection=none -Wno-bool-operation -Wno-int-in-bool-context -Wno-shadow -Wno-sign-compare -Wno-subobject-linkage -Wno-tautological-compare -Wno-uninitialized -Wno-unused-but-set-parameter -Wno-unused-but-set-variable -Wno-unused-parameter -Wno-unused-variable    -O0 -DVL_TIME_CONTEXT   -fcoroutines -include Vtb__pch.h.slow -c Vtb__Syms__ctor__5__Slow.cpp
g++ -O0  -I.  -MMD -I/home/ubuntu/.local/opentallas-tools/verilator-5.050/share/verilator/include -I/home/ubuntu/.local/opentallas-tools/verilator-5.050/share/verilator/include/vltstd -DVERILATOR=1 -DVM_COVERAGE=0 -DVM_SC=0 -DVM_TIMING=1 -DVM_TRACE=0 -DVM_TRACE_FST=0 -DVM_TRACE_VCD=0 -DVM_TRACE_SAIF=0 -DVM_VPI=0 -faligned-new -fcf-protection=none -Wno-bool-operation -Wno-int-in-bool-context -Wno-shadow -Wno-sign-compare -Wno-subobject-linkage -Wno-tautological-compare -Wno-uninitialized -Wno-unused-but-set-parameter -Wno-unused-but-set-variable -Wno-unused-parameter -Wno-unused-variable    -O0 -DVL_TIME_CONTEXT   -fcoroutines -include Vtb__pch.h.slow -c Vtb__Syms__ctor__6__Slow.cpp
g++ -O0  -I.  -MMD -I/home/ubuntu/.local/opentallas-tools/verilator-5.050/share/verilator/include -I/home/ubuntu/.local/opentallas-tools/verilator-5.050/share/verilator/include/vltstd -DVERILATOR=1 -DVM_COVERAGE=0 -DVM_SC=0 -DVM_TIMING=1 -DVM_TRACE=0 -DVM_TRACE_FST=0 -DVM_TRACE_VCD=0 -DVM_TRACE_SAIF=0 -DVM_VPI=0 -faligned-new -fcf-protection=none -Wno-bool-operation -Wno-int-in-bool-context -Wno-shadow -Wno-sign-compare -Wno-subobject-linkage -Wno-tautological-compare -Wno-uninitialized -Wno-unused-but-set-parameter -Wno-unused-but-set-variable -Wno-unused-parameter -Wno-unused-variable    -O0 -DVL_TIME_CONTEXT   -fcoroutines -include Vtb__pch.h.slow -c Vtb__Syms__dtor__0__Slow.cpp
g++ -O0  -I.  -MMD -I/home/ubuntu/.local/opentallas-tools/verilator-5.050/share/verilator/include -I/home/ubuntu/.local/opentallas-tools/verilator-5.050/share/verilator/include/vltstd -DVERILATOR=1 -DVM_COVERAGE=0 -DVM_SC=0 -DVM_TIMING=1 -DVM_TRACE=0 -DVM_TRACE_FST=0 -DVM_TRACE_VCD=0 -DVM_TRACE_SAIF=0 -DVM_VPI=0 -faligned-new -fcf-protection=none -Wno-bool-operation -Wno-int-in-bool-context -Wno-shadow -Wno-sign-compare -Wno-subobject-linkage -Wno-tautological-compare -Wno-uninitialized -Wno-unused-but-set-parameter -Wno-unused-but-set-variable -Wno-unused-parameter -Wno-unused-variable    -O0 -DVL_TIME_CONTEXT   -fcoroutines -include Vtb__pch.h.slow -c Vtb__Syms__dtor__1__Slow.cpp
g++ -O0  -I.  -MMD -I/home/ubuntu/.local/opentallas-tools/verilator-5.050/share/verilator/include -I/home/ubuntu/.local/opentallas-tools/verilator-5.050/share/verilator/include/vltstd -DVERILATOR=1 -DVM_COVERAGE=0 -DVM_SC=0 -DVM_TIMING=1 -DVM_TRACE=0 -DVM_TRACE_FST=0 -DVM_TRACE_VCD=0 -DVM_TRACE_SAIF=0 -DVM_VPI=0 -faligned-new -fcf-protection=none -Wno-bool-operation -Wno-int-in-bool-context -Wno-shadow -Wno-sign-compare -Wno-subobject-linkage -Wno-tautological-compare -Wno-uninitialized -Wno-unused-but-set-parameter -Wno-unused-but-set-variable -Wno-unused-parameter -Wno-unused-variable    -O0 -DVL_TIME_CONTEXT   -fcoroutines -include Vtb__pch.h.slow -c Vtb__Syms__dtor__2__Slow.cpp
g++ -O0  -I.  -MMD -I/home/ubuntu/.local/opentallas-tools/verilator-5.050/share/verilator/include -I/home/ubuntu/.local/opentallas-tools/verilator-5.050/share/verilator/include/vltstd -DVERILATOR=1 -DVM_COVERAGE=0 -DVM_SC=0 -DVM_TIMING=1 -DVM_TRACE=0 -DVM_TRACE_FST=0 -DVM_TRACE_VCD=0 -DVM_TRACE_SAIF=0 -DVM_VPI=0 -faligned-new -fcf-protection=none -Wno-bool-operation -Wno-int-in-bool-context -Wno-shadow -Wno-sign-compare -Wno-subobject-linkage -Wno-tautological-compare -Wno-uninitialized -Wno-unused-but-set-parameter -Wno-unused-but-set-variable -Wno-unused-parameter -Wno-unused-variable    -O0 -DVL_TIME_CONTEXT   -fcoroutines -include Vtb__pch.h.slow -c Vtb__Syms__Slow.cpp
g++    verilated.o verilated_dpi.o verilated_timing.o verilated_threads.o Vtb__ALL.a    -pthread -lpthread -latomic   -o Vtb
rm Vtb__ALL.verilator_deplist.tmp
make: Leaving directory '/tmp/opentallas-core-remaining-acceptance-edge-parent-20261002-r1/scalar_suppression/obj'
