port,lane,lane_bit,kind,layer,x_um,y_um
crom_addr[0],0,0,addr,M5,5.916,999.9580000000001
crom_addr[1000],41,16,addr,M7,503.632,999.9655
crom_addr[1001],41,17,addr,M7,503.696,999.9655
crom_addr[1002],41,18,addr,M7,503.76,999.9655
crom_addr[1003],41,19,addr,M7,503.82399999999996,999.9655
crom_addr[1004],41,20,addr,M7,503.88800000000003,999.9655
crom_addr[1005],41,21,addr,M7,503.952,999.9655
crom_addr[1006],41,22,addr,M7,504.01599999999996,999.9655
crom_addr[1007],41,23,addr,M7,504.08000000000004,999.9655
crom_addr[1008],42,0,addr,M7,514.768,999.9655
crom_addr[1009],42,1,addr,M7,514.832,999.9655
crom_addr[100],4,4,addr,M5,54.684,999.9580000000001
crom_addr[1010],42,2,addr,M7,514.896,999.9655
crom_addr[1011],42,3,addr,M7,514.96,999.9655
crom_addr[1012],42,4,addr,M7,515.024,999.9655
crom_addr[1013],42,5,addr,M7,515.088,999.9655
crom_addr[1014],42,6,addr,M7,515.152,999.9655
crom_addr[1015],42,7,addr,M7,515.216,999.9655
crom_addr[1016],42,8,addr,M7,515.28,999.9655
crom_addr[1017],42,9,addr,M7,515.344,999.9655
crom_addr[1018],42,10,addr,M7,515.408,999.9655
crom_addr[1019],42,11,addr,M7,515.472,999.9655
crom_addr[101],4,5,addr,M5,54.732,999.9580000000001
crom_addr[1020],42,12,addr,M7,515.5360000000001,999.9655
crom_addr[1021],42,13,addr,M7,515.5999999999999,999.9655
crom_addr[1022],42,14,addr,M7,515.664,999.9655
crom_addr[1023],42,15,addr,M7,515.7280000000001,999.9655
crom_addr[1024],42,16,addr,M7,515.7919999999999,999.9655
crom_addr[1025],42,17,addr,M7,515.856,999.9655
crom_addr[1026],42,18,addr,M7,515.9200000000001,999.9655
crom_addr[1027],42,19,addr,M7,515.9839999999999,999.9655
crom_addr[1028],42,20,addr,M7,516.048,999.9655
crom_addr[1029],42,21,addr,M7,516.1120000000001,999.9655
crom_addr[102],4,6,addr,M5,54.78,999.9580000000001
crom_addr[1030],42,22,addr,M7,516.1759999999999,999.9655
crom_addr[1031],42,23,addr,M7,516.24,999.9655
crom_addr[1032],43,0,addr,M7,526.928,999.9655
crom_addr[1033],43,1,addr,M7,526.992,999.9655
crom_addr[1034],43,2,addr,M7,527.056,999.9655
crom_addr[1035],43,3,addr,M7,527.12,999.9655
crom_addr[1036],43,4,addr,M7,527.184,999.9655
crom_addr[1037],43,5,addr,M7,527.248,999.9655
crom_addr[1038],43,6,addr,M7,527.312,999.9655
crom_addr[1039],43,7,addr,M7,527.376,999.9655
crom_addr[103],4,7,addr,M5,54.828,999.9580000000001
crom_addr[1040],43,8,addr,M7,527.44,999.9655
crom_addr[1041],43,9,addr,M7,527.504,999.9655
crom_addr[1042],43,10,addr,M7,527.568,999.9655
crom_addr[1043],43,11,addr,M7,527.6320000000001,999.9655
crom_addr[1044],43,12,addr,M7,527.6959999999999,999.9655
crom_addr[1045],43,13,addr,M7,527.76,999.9655
crom_addr[1046],43,14,addr,M7,527.8240000000001,999.9655
crom_addr[1047],43,15,addr,M7,527.8879999999999,999.9655
crom_addr[1048],43,16,addr,M7,527.952,999.9655
crom_addr[1049],43,17,addr,M7,528.0160000000001,999.9655
crom_addr[104],4,8,addr,M5,54.876,999.9580000000001
crom_addr[1050],43,18,addr,M7,528.0799999999999,999.9655
crom_addr[1051],43,19,addr,M7,528.144,999.9655
crom_addr[1052],43,20,addr,M7,528.2080000000001,999.9655
crom_addr[1053],43,21,addr,M7,528.2719999999999,999.9655
crom_addr[1054],43,22,addr,M7,528.336,999.9655
crom_addr[1055],43,23,addr,M7,528.4000000000001,999.9655
crom_addr[1056],44,0,addr,M7,539.088,999.9655
crom_addr[1057],44,1,addr,M7,539.152,999.9655
crom_addr[1058],44,2,addr,M7,539.216,999.9655
crom_addr[1059],44,3,addr,M7,539.28,999.9655
crom_addr[105],4,9,addr,M5,54.924,999.9580000000001
crom_addr[1060],44,4,addr,M7,539.344,999.9655
crom_addr[1061],44,5,addr,M7,539.408,999.9655
crom_addr[1062],44,6,addr,M7,539.472,999.9655
crom_addr[1063],44,7,addr,M7,539.5360000000001,999.9655
crom_addr[1064],44,8,addr,M7,539.5999999999999,999.9655
crom_addr[1065],44,9,addr,M7,539.664,999.9655
crom_addr[1066],44,10,addr,M7,539.7280000000001,999.9655
crom_addr[1067],44,11,addr,M7,539.7919999999999,999.9655
crom_addr[1068],44,12,addr,M7,539.856,999.9655
crom_addr[1069],44,13,addr,M7,539.9200000000001,999.9655
crom_addr[106],4,10,addr,M5,54.972,999.9580000000001
crom_addr[1070],44,14,addr,M7,539.9839999999999,999.9655
crom_addr[1071],44,15,addr,M7,540.048,999.9655
crom_addr[1072],44,16,addr,M7,540.1120000000001,999.9655
crom_addr[1073],44,17,addr,M7,540.1759999999999,999.9655
crom_addr[1074],44,18,addr,M7,540.24,999.9655
crom_addr[1075],44,19,addr,M7,540.3040000000001,999.9655
crom_addr[1076],44,20,addr,M7,540.3679999999999,999.9655
crom_addr[1077],44,21,addr,M7,540.432,999.9655
crom_addr[1078],44,22,addr,M7,540.496,999.9655
crom_addr[1079],44,23,addr,M7,540.56,999.9655
crom_addr[107],4,11,addr,M5,55.019999999999996,999.9580000000001
crom_addr[1080],45,0,addr,M5,552.636,999.9580000000001
crom_addr[1081],45,1,addr,M5,552.684,999.9580000000001
crom_addr[1082],45,2,addr,M5,552.732,999.9580000000001
crom_addr[1083],45,3,addr,M5,552.78,999.9580000000001
crom_addr[1084],45,4,addr,M5,552.828,999.9580000000001
crom_addr[1085],45,5,addr,M5,552.876,999.9580000000001
crom_addr[1086],45,6,addr,M5,552.924,999.9580000000001
crom_addr[1087],45,7,addr,M5,552.972,999.9580000000001
crom_addr[1088],45,8,addr,M5,553.02,999.9580000000001
crom_addr[1089],45,9,addr,M5,553.068,999.9580000000001
crom_addr[108],4,12,addr,M5,55.068,999.9580000000001
crom_addr[1090],45,10,addr,M5,553.116,999.9580000000001
crom_addr[1091],45,11,addr,M5,553.164,999.9580000000001
crom_addr[1092],45,12,addr,M5,553.212,999.9580000000001
crom_addr[1093],45,13,addr,M5,553.26,999.9580000000001
crom_addr[1094],45,14,addr,M5,553.308,999.9580000000001
crom_addr[1095],45,15,addr,M5,553.356,999.9580000000001
crom_addr[1096],45,16,addr,M5,553.404,999.9580000000001
crom_addr[1097],45,17,addr,M5,553.452,999.9580000000001
crom_addr[1098],45,18,addr,M5,553.5,999.9580000000001
crom_addr[1099],45,19,addr,M5,553.548,999.9580000000001
crom_addr[109],4,13,addr,M5,55.116,999.9580000000001
crom_addr[10],0,10,addr,M5,6.396000000000001,999.9580000000001
crom_addr[1100],45,20,addr,M5,553.596,999.9580000000001
crom_addr[1101],45,21,addr,M5,553.644,999.9580000000001
crom_addr[1102],45,22,addr,M5,553.692,999.9580000000001
crom_addr[1103],45,23,addr,M5,553.74,999.9580000000001
crom_addr[1104],46,0,addr,M5,564.78,999.9580000000001
crom_addr[1105],46,1,addr,M5,564.828,999.9580000000001
crom_addr[1106],46,2,addr,M5,564.876,999.9580000000001
crom_addr[1107],46,3,addr,M5,564.924,999.9580000000001
crom_addr[1108],46,4,addr,M5,564.972,999.9580000000001
crom_addr[1109],46,5,addr,M5,565.02,999.9580000000001
crom_addr[110],4,14,addr,M5,55.164,999.9580000000001
crom_addr[1110],46,6,addr,M5,565.068,999.9580000000001
crom_addr[1111],46,7,addr,M5,565.116,999.9580000000001
crom_addr[1112],46,8,addr,M5,565.164,999.9580000000001
crom_addr[1113],46,9,addr,M5,565.212,999.9580000000001
crom_addr[1114],46,10,addr,M5,565.26,999.9580000000001
crom_addr[1115],46,11,addr,M5,565.308,999.9580000000001
crom_addr[1116],46,12,addr,M5,565.356,999.9580000000001
crom_addr[1117],46,13,addr,M5,565.404,999.9580000000001
crom_addr[1118],46,14,addr,M5,565.452,999.9580000000001
crom_addr[1119],46,15,addr,M5,565.5,999.9580000000001
crom_addr[111],4,15,addr,M5,55.212,999.9580000000001
crom_addr[1120],46,16,addr,M5,565.548,999.9580000000001
crom_addr[1121],46,17,addr,M5,565.596,999.9580000000001
crom_addr[1122],46,18,addr,M5,565.644,999.9580000000001
crom_addr[1123],46,19,addr,M5,565.692,999.9580000000001
crom_addr[1124],46,20,addr,M5,565.74,999.9580000000001
crom_addr[1125],46,21,addr,M5,565.788,999.9580000000001
crom_addr[1126],46,22,addr,M5,565.836,999.9580000000001
crom_addr[1127],46,23,addr,M5,565.884,999.9580000000001
crom_addr[1128],47,0,addr,M5,576.972,999.9580000000001
crom_addr[1129],47,1,addr,M5,577.02,999.9580000000001
crom_addr[112],4,16,addr,M5,55.26,999.9580000000001
crom_addr[1130],47,2,addr,M5,577.068,999.9580000000001
crom_addr[1131],47,3,addr,M5,577.116,999.9580000000001
crom_addr[1132],47,4,addr,M5,577.164,999.9580000000001
crom_addr[1133],47,5,addr,M5,577.212,999.9580000000001
crom_addr[1134],47,6,addr,M5,577.26,999.9580000000001
crom_addr[1135],47,7,addr,M5,577.308,999.9580000000001
crom_addr[1136],47,8,addr,M5,577.356,999.9580000000001
crom_addr[1137],47,9,addr,M5,577.404,999.9580000000001
crom_addr[1138],47,10,addr,M5,577.452,999.9580000000001
crom_addr[1139],47,11,addr,M5,577.5,999.9580000000001
crom_addr[113],4,17,addr,M5,55.308,999.9580000000001
crom_addr[1140],47,12,addr,M5,577.548,999.9580000000001
crom_addr[1141],47,13,addr,M5,577.596,999.9580000000001
crom_addr[1142],47,14,addr,M5,577.644,999.9580000000001
crom_addr[1143],47,15,addr,M5,577.692,999.9580000000001
crom_addr[1144],47,16,addr,M5,577.74,999.9580000000001
crom_addr[1145],47,17,addr,M5,577.788,999.9580000000001
crom_addr[1146],47,18,addr,M5,577.836,999.9580000000001
crom_addr[1147],47,19,addr,M5,577.884,999.9580000000001
crom_addr[1148],47,20,addr,M5,577.932,999.9580000000001
crom_addr[1149],47,21,addr,M5,577.98,999.9580000000001
crom_addr[114],4,18,addr,M5,55.356,999.9580000000001
crom_addr[1150],47,22,addr,M5,578.028,999.9580000000001
crom_addr[1151],47,23,addr,M5,578.076,999.9580000000001
crom_addr[1152],48,0,addr,M7,587.664,999.9655
crom_addr[1153],48,1,addr,M7,587.7280000000001,999.9655
crom_addr[1154],48,2,addr,M7,587.7919999999999,999.9655
crom_addr[1155],48,3,addr,M7,587.856,999.9655
crom_addr[1156],48,4,addr,M7,587.9200000000001,999.9655
crom_addr[1157],48,5,addr,M7,587.9839999999999,999.9655
crom_addr[1158],48,6,addr,M7,588.048,999.9655
crom_addr[1159],48,7,addr,M7,588.1120000000001,999.9655
crom_addr[115],4,19,addr,M5,55.403999999999996,999.9580000000001
crom_addr[1160],48,8,addr,M7,588.1759999999999,999.9655
crom_addr[1161],48,9,addr,M7,588.24,999.9655
crom_addr[1162],48,10,addr,M7,588.3040000000001,999.9655
crom_addr[1163],48,11,addr,M7,588.3679999999999,999.9655
crom_addr[1164],48,12,addr,M7,588.432,999.9655
crom_addr[1165],48,13,addr,M7,588.496,999.9655
crom_addr[1166],48,14,addr,M7,588.56,999.9655
crom_addr[1167],48,15,addr,M7,588.624,999.9655
crom_addr[1168],48,16,addr,M7,588.688,999.9655
crom_addr[1169],48,17,addr,M7,588.752,999.9655
crom_addr[116],4,20,addr,M5,55.452,999.9580000000001
crom_addr[1170],48,18,addr,M7,588.816,999.9655
crom_addr[1171],48,19,addr,M7,588.88,999.9655
crom_addr[1172],48,20,addr,M7,588.944,999.9655
crom_addr[1173],48,21,addr,M7,589.008,999.9655
crom_addr[1174],48,22,addr,M7,589.072,999.9655
crom_addr[1175],48,23,addr,M7,589.136,999.9655
crom_addr[1176],49,0,addr,M7,599.8240000000001,999.9655
crom_addr[1177],49,1,addr,M7,599.8879999999999,999.9655
crom_addr[1178],49,2,addr,M7,599.952,999.9655
crom_addr[1179],49,3,addr,M7,600.0160000000001,999.9655
crom_addr[117],4,21,addr,M5,55.5,999.9580000000001
crom_addr[1180],49,4,addr,M7,600.0799999999999,999.9655
crom_addr[1181],49,5,addr,M7,600.144,999.9655
crom_addr[1182],49,6,addr,M7,600.2080000000001,999.9655
crom_addr[1183],49,7,addr,M7,600.2719999999999,999.9655
crom_addr[1184],49,8,addr,M7,600.336,999.9655
crom_addr[1185],49,9,addr,M7,600.4000000000001,999.9655
crom_addr[1186],49,10,addr,M7,600.4639999999999,999.9655
crom_addr[1187],49,11,addr,M7,600.528,999.9655
crom_addr[1188],49,12,addr,M7,600.592,999.9655
crom_addr[1189],49,13,addr,M7,600.656,999.9655
crom_addr[118],4,22,addr,M5,55.548,999.9580000000001
crom_addr[1190],49,14,addr,M7,600.72,999.9655
crom_addr[1191],49,15,addr,M7,600.784,999.9655
crom_addr[1192],49,16,addr,M7,600.848,999.9655
crom_addr[1193],49,17,addr,M7,600.912,999.9655
crom_addr[1194],49,18,addr,M7,600.976,999.9655
crom_addr[1195],49,19,addr,M7,601.04,999.9655
crom_addr[1196],49,20,addr,M7,601.104,999.9655
crom_addr[1197],49,21,addr,M7,601.168,999.9655
crom_addr[1198],49,22,addr,M7,601.232,999.9655
crom_addr[1199],49,23,addr,M7,601.296,999.9655
crom_addr[119],4,23,addr,M5,55.596000000000004,999.9580000000001
crom_addr[11],0,11,addr,M5,6.444000000000001,999.9580000000001
crom_addr[1200],50,0,addr,M7,611.9839999999999,999.9655
crom_addr[1201],50,1,addr,M7,612.048,999.9655
crom_addr[1202],50,2,addr,M7,612.1120000000001,999.9655
crom_addr[1203],50,3,addr,M7,612.1759999999999,999.9655
crom_addr[1204],50,4,addr,M7,612.24,999.9655
crom_addr[1205],50,5,addr,M7,612.3040000000001,999.9655
crom_addr[1206],50,6,addr,M7,612.3679999999999,999.9655
crom_addr[1207],50,7,addr,M7,612.432,999.9655
crom_addr[1208],50,8,addr,M7,612.496,999.9655
crom_addr[1209],50,9,addr,M7,612.56,999.9655
crom_addr[120],5,0,addr,M7,65.232,999.9655
crom_addr[1210],50,10,addr,M7,612.624,999.9655
crom_addr[1211],50,11,addr,M7,612.688,999.9655
crom_addr[1212],50,12,addr,M7,612.752,999.9655
crom_addr[1213],50,13,addr,M7,612.816,999.9655
crom_addr[1214],50,14,addr,M7,612.88,999.9655
crom_addr[1215],50,15,addr,M7,612.944,999.9655
crom_addr[1216],50,16,addr,M7,613.008,999.9655
crom_addr[1217],50,17,addr,M7,613.072,999.9655
crom_addr[1218],50,18,addr,M7,613.136,999.9655
crom_addr[1219],50,19,addr,M7,613.2,999.9655
crom_addr[121],5,1,addr,M7,65.29599999999999,999.9655
crom_addr[1220],50,20,addr,M7,613.264,999.9655
crom_addr[1221],50,21,addr,M7,613.328,999.9655
crom_addr[1222],50,22,addr,M7,613.392,999.9655
crom_addr[1223],50,23,addr,M7,613.456,999.9655
crom_addr[1224],51,0,addr,M5,625.548,999.9580000000001
crom_addr[1225],51,1,addr,M5,625.596,999.9580000000001
crom_addr[1226],51,2,addr,M5,625.644,999.9580000000001
crom_addr[1227],51,3,addr,M5,625.692,999.9580000000001
crom_addr[1228],51,4,addr,M5,625.74,999.9580000000001
crom_addr[1229],51,5,addr,M5,625.788,999.9580000000001
crom_addr[122],5,2,addr,M7,65.36,999.9655
crom_addr[1230],51,6,addr,M5,625.836,999.9580000000001
crom_addr[1231],51,7,addr,M5,625.884,999.9580000000001
crom_addr[1232],51,8,addr,M5,625.932,999.9580000000001
crom_addr[1233],51,9,addr,M5,625.98,999.9580000000001
crom_addr[1234],51,10,addr,M5,626.028,999.9580000000001
crom_addr[1235],51,11,addr,M5,626.076,999.9580000000001
crom_addr[1236],51,12,addr,M5,626.124,999.9580000000001
crom_addr[1237],51,13,addr,M5,626.172,999.9580000000001
crom_addr[1238],51,14,addr,M5,626.22,999.9580000000001
crom_addr[1239],51,15,addr,M5,626.268,999.9580000000001
crom_addr[123],5,3,addr,M7,65.424,999.9655
crom_addr[1240],51,16,addr,M5,626.316,999.9580000000001
crom_addr[1241],51,17,addr,M5,626.364,999.9580000000001
crom_addr[1242],51,18,addr,M5,626.412,999.9580000000001
crom_addr[1243],51,19,addr,M5,626.46,999.9580000000001
crom_addr[1244],51,20,addr,M5,626.508,999.9580000000001
crom_addr[1245],51,21,addr,M5,626.556,999.9580000000001
crom_addr[1246],51,22,addr,M5,626.604,999.9580000000001
crom_addr[1247],51,23,addr,M5,626.652,999.9580000000001
crom_addr[1248],52,0,addr,M5,637.692,999.9580000000001
crom_addr[1249],52,1,addr,M5,637.74,999.9580000000001
crom_addr[124],5,4,addr,M7,65.488,999.9655
crom_addr[1250],52,2,addr,M5,637.788,999.9580000000001
crom_addr[1251],52,3,addr,M5,637.836,999.9580000000001
crom_addr[1252],52,4,addr,M5,637.884,999.9580000000001
crom_addr[1253],52,5,addr,M5,637.932,999.9580000000001
crom_addr[1254],52,6,addr,M5,637.98,999.9580000000001
crom_addr[1255],52,7,addr,M5,638.028,999.9580000000001
crom_addr[1256],52,8,addr,M5,638.076,999.9580000000001
crom_addr[1257],52,9,addr,M5,638.124,999.9580000000001
crom_addr[1258],52,10,addr,M5,638.172,999.9580000000001
crom_addr[1259],52,11,addr,M5,638.22,999.9580000000001
crom_addr[125],5,5,addr,M7,65.55199999999999,999.9655
crom_addr[1260],52,12,addr,M5,638.268,999.9580000000001
crom_addr[1261],52,13,addr,M5,638.316,999.9580000000001
crom_addr[1262],52,14,addr,M5,638.364,999.9580000000001
crom_addr[1263],52,15,addr,M5,638.412,999.9580000000001
crom_addr[1264],52,16,addr,M5,638.46,999.9580000000001
crom_addr[1265],52,17,addr,M5,638.508,999.9580000000001
crom_addr[1266],52,18,addr,M5,638.556,999.9580000000001
crom_addr[1267],52,19,addr,M5,638.604,999.9580000000001
crom_addr[1268],52,20,addr,M5,638.652,999.9580000000001
crom_addr[1269],52,21,addr,M5,638.7,999.9580000000001
crom_addr[126],5,6,addr,M7,65.616,999.9655
crom_addr[1270],52,22,addr,M5,638.748,999.9580000000001
crom_addr[1271],52,23,addr,M5,638.796,999.9580000000001
crom_addr[1272],53,0,addr,M5,649.836,999.9580000000001
crom_addr[1273],53,1,addr,M5,649.884,999.9580000000001
crom_addr[1274],53,2,addr,M5,649.932,999.9580000000001
crom_addr[1275],53,3,addr,M5,649.98,999.9580000000001
crom_addr[1276],53,4,addr,M5,650.028,999.9580000000001
crom_addr[1277],53,5,addr,M5,650.076,999.9580000000001
crom_addr[1278],53,6,addr,M5,650.124,999.9580000000001
crom_addr[1279],53,7,addr,M5,650.172,999.9580000000001
crom_addr[127],5,7,addr,M7,65.68,999.9655
crom_addr[1280],53,8,addr,M5,650.22,999.9580000000001
crom_addr[1281],53,9,addr,M5,650.268,999.9580000000001
crom_addr[1282],53,10,addr,M5,650.316,999.9580000000001
crom_addr[1283],53,11,addr,M5,650.364,999.9580000000001
crom_addr[1284],53,12,addr,M5,650.412,999.9580000000001
crom_addr[1285],53,13,addr,M5,650.46,999.9580000000001
crom_addr[1286],53,14,addr,M5,650.508,999.9580000000001
crom_addr[1287],53,15,addr,M5,650.556,999.9580000000001
crom_addr[1288],53,16,addr,M5,650.604,999.9580000000001
crom_addr[1289],53,17,addr,M5,650.652,999.9580000000001
crom_addr[128],5,8,addr,M7,65.744,999.9655
crom_addr[1290],53,18,addr,M5,650.7,999.9580000000001
crom_addr[1291],53,19,addr,M5,650.748,999.9580000000001
crom_addr[1292],53,20,addr,M5,650.796,999.9580000000001
crom_addr[1293],53,21,addr,M5,650.844,999.9580000000001
crom_addr[1294],53,22,addr,M5,650.892,999.9580000000001
crom_addr[1295],53,23,addr,M5,650.94,999.9580000000001
crom_addr[1296],54,0,addr,M7,660.56,999.9655
crom_addr[1297],54,1,addr,M7,660.624,999.9655
crom_addr[1298],54,2,addr,M7,660.688,999.9655
crom_addr[1299],54,3,addr,M7,660.752,999.9655
crom_addr[129],5,9,addr,M7,65.80799999999999,999.9655
crom_addr[12],0,12,addr,M5,6.492,999.9580000000001
crom_addr[1300],54,4,addr,M7,660.816,999.9655
crom_addr[1301],54,5,addr,M7,660.88,999.9655
crom_addr[1302],54,6,addr,M7,660.944,999.9655
crom_addr[1303],54,7,addr,M7,661.008,999.9655
crom_addr[1304],54,8,addr,M7,661.072,999.9655
crom_addr[1305],54,9,addr,M7,661.136,999.9655
crom_addr[1306],54,10,addr,M7,661.2,999.9655
crom_addr[1307],54,11,addr,M7,661.264,999.9655
crom_addr[1308],54,12,addr,M7,661.328,999.9655
crom_addr[1309],54,13,addr,M7,661.392,999.9655
crom_addr[130],5,10,addr,M7,65.872,999.9655
crom_addr[1310],54,14,addr,M7,661.456,999.9655
crom_addr[1311],54,15,addr,M7,661.52,999.9655
crom_addr[1312],54,16,addr,M7,661.5840000000001,999.9655
crom_addr[1313],54,17,addr,M7,661.6479999999999,999.9655
crom_addr[1314],54,18,addr,M7,661.712,999.9655
crom_addr[1315],54,19,addr,M7,661.7760000000001,999.9655
crom_addr[1316],54,20,addr,M7,661.8399999999999,999.9655
crom_addr[1317],54,21,addr,M7,661.904,999.9655
crom_addr[1318],54,22,addr,M7,661.9680000000001,999.9655
crom_addr[1319],54,23,addr,M7,662.0319999999999,999.9655
crom_addr[131],5,11,addr,M7,65.936,999.9655
crom_addr[1320],55,0,addr,M7,672.72,999.9655
crom_addr[1321],55,1,addr,M7,672.784,999.9655
crom_addr[1322],55,2,addr,M7,672.848,999.9655
crom_addr[1323],55,3,addr,M7,672.912,999.9655
crom_addr[1324],55,4,addr,M7,672.976,999.9655
crom_addr[1325],55,5,addr,M7,673.04,999.9655
crom_addr[1326],55,6,addr,M7,673.104,999.9655
crom_addr[1327],55,7,addr,M7,673.168,999.9655
crom_addr[1328],55,8,addr,M7,673.232,999.9655
crom_addr[1329],55,9,addr,M7,673.296,999.9655
crom_addr[132],5,12,addr,M7,66.0,999.9655
crom_addr[1330],55,10,addr,M7,673.36,999.9655
crom_addr[1331],55,11,addr,M7,673.424,999.9655
crom_addr[1332],55,12,addr,M7,673.488,999.9655
crom_addr[1333],55,13,addr,M7,673.5519999999999,999.9655
crom_addr[1334],55,14,addr,M7,673.616,999.9655
crom_addr[1335],55,15,addr,M7,673.6800000000001,999.9655
crom_addr[1336],55,16,addr,M7,673.7439999999999,999.9655
crom_addr[1337],55,17,addr,M7,673.808,999.9655
crom_addr[1338],55,18,addr,M7,673.8720000000001,999.9655
crom_addr[1339],55,19,addr,M7,673.9359999999999,999.9655
crom_addr[133],5,13,addr,M7,66.064,999.9655
crom_addr[1340],55,20,addr,M7,674.0,999.9655
crom_addr[1341],55,21,addr,M7,674.0640000000001,999.9655
crom_addr[1342],55,22,addr,M7,674.1279999999999,999.9655
crom_addr[1343],55,23,addr,M7,674.192,999.9655
crom_addr[1344],56,0,addr,M7,684.88,999.9655
crom_addr[1345],56,1,addr,M7,684.944,999.9655
crom_addr[1346],56,2,addr,M7,685.008,999.9655
crom_addr[1347],56,3,addr,M7,685.072,999.9655
crom_addr[1348],56,4,addr,M7,685.136,999.9655
crom_addr[1349],56,5,addr,M7,685.2,999.9655
crom_addr[134],5,14,addr,M7,66.128,999.9655
crom_addr[1350],56,6,addr,M7,685.264,999.9655
crom_addr[1351],56,7,addr,M7,685.328,999.9655
crom_addr[1352],56,8,addr,M7,685.392,999.9655
crom_addr[1353],56,9,addr,M7,685.456,999.9655
crom_addr[1354],56,10,addr,M7,685.52,999.9655
crom_addr[1355],56,11,addr,M7,685.5840000000001,999.9655
crom_addr[1356],56,12,addr,M7,685.6479999999999,999.9655
crom_addr[1357],56,13,addr,M7,685.712,999.9655
crom_addr[1358],56,14,addr,M7,685.7760000000001,999.9655
crom_addr[1359],56,15,addr,M7,685.8399999999999,999.9655
crom_addr[135],5,15,addr,M7,66.19200000000001,999.9655
crom_addr[1360],56,16,addr,M7,685.904,999.9655
crom_addr[1361],56,17,addr,M7,685.9680000000001,999.9655
crom_addr[1362],56,18,addr,M7,686.0319999999999,999.9655
crom_addr[1363],56,19,addr,M7,686.096,999.9655
crom_addr[1364],56,20,addr,M7,686.1600000000001,999.9655
crom_addr[1365],56,21,addr,M7,686.2239999999999,999.9655
crom_addr[1366],56,22,addr,M7,686.288,999.9655
crom_addr[1367],56,23,addr,M7,686.3520000000001,999.9655
crom_addr[1368],57,0,addr,M7,697.04,999.9655
crom_addr[1369],57,1,addr,M7,697.104,999.9655
crom_addr[136],5,16,addr,M7,66.256,999.9655
crom_addr[1370],57,2,addr,M7,697.168,999.9655
crom_addr[1371],57,3,addr,M7,697.232,999.9655
crom_addr[1372],57,4,addr,M7,697.296,999.9655
crom_addr[1373],57,5,addr,M7,697.36,999.9655
crom_addr[1374],57,6,addr,M7,697.424,999.9655
crom_addr[1375],57,7,addr,M7,697.488,999.9655
crom_addr[1376],57,8,addr,M7,697.5519999999999,999.9655
crom_addr[1377],57,9,addr,M7,697.616,999.9655
crom_addr[1378],57,10,addr,M7,697.6800000000001,999.9655
crom_addr[1379],57,11,addr,M7,697.7439999999999,999.9655
crom_addr[137],5,17,addr,M7,66.32,999.9655
crom_addr[1380],57,12,addr,M7,697.808,999.9655
crom_addr[1381],57,13,addr,M7,697.8720000000001,999.9655
crom_addr[1382],57,14,addr,M7,697.9359999999999,999.9655
crom_addr[1383],57,15,addr,M7,698.0,999.9655
crom_addr[1384],57,16,addr,M7,698.0640000000001,999.9655
crom_addr[1385],57,17,addr,M7,698.1279999999999,999.9655
crom_addr[1386],57,18,addr,M7,698.192,999.9655
crom_addr[1387],57,19,addr,M7,698.2560000000001,999.9655
crom_addr[1388],57,20,addr,M7,698.3199999999999,999.9655
crom_addr[1389],57,21,addr,M7,698.384,999.9655
crom_addr[138],5,18,addr,M7,66.384,999.9655
crom_addr[1390],57,22,addr,M7,698.4480000000001,999.9655
crom_addr[1391],57,23,addr,M7,698.512,999.9655
crom_addr[1392],58,0,addr,M5,710.604,999.9580000000001
crom_addr[1393],58,1,addr,M5,710.652,999.9580000000001
crom_addr[1394],58,2,addr,M5,710.7,999.9580000000001
crom_addr[1395],58,3,addr,M5,710.748,999.9580000000001
crom_addr[1396],58,4,addr,M5,710.796,999.9580000000001
crom_addr[1397],58,5,addr,M5,710.844,999.9580000000001
crom_addr[1398],58,6,addr,M5,710.892,999.9580000000001
crom_addr[1399],58,7,addr,M5,710.94,999.9580000000001
crom_addr[139],5,19,addr,M7,66.44800000000001,999.9655
crom_addr[13],0,13,addr,M5,6.539999999999999,999.9580000000001
crom_addr[1400],58,8,addr,M5,710.988,999.9580000000001
crom_addr[1401],58,9,addr,M5,711.0360000000001,999.9580000000001
crom_addr[1402],58,10,addr,M5,711.0840000000001,999.9580000000001
crom_addr[1403],58,11,addr,M5,711.1320000000001,999.9580000000001
crom_addr[1404],58,12,addr,M5,711.1800000000001,999.9580000000001
crom_addr[1405],58,13,addr,M5,711.2280000000001,999.9580000000001
crom_addr[1406],58,14,addr,M5,711.2760000000001,999.9580000000001
crom_addr[1407],58,15,addr,M5,711.3240000000001,999.9580000000001
crom_addr[1408],58,16,addr,M5,711.3720000000001,999.9580000000001
crom_addr[1409],58,17,addr,M5,711.4200000000001,999.9580000000001
crom_addr[140],5,20,addr,M7,66.512,999.9655
crom_addr[1410],58,18,addr,M5,711.4680000000001,999.9580000000001
crom_addr[1411],58,19,addr,M5,711.5160000000001,999.9580000000001
crom_addr[1412],58,20,addr,M5,711.5640000000001,999.9580000000001
crom_addr[1413],58,21,addr,M5,711.6120000000001,999.9580000000001
crom_addr[1414],58,22,addr,M5,711.6600000000001,999.9580000000001
crom_addr[1415],58,23,addr,M5,711.7080000000001,999.9580000000001
crom_addr[1416],59,0,addr,M5,722.748,999.9580000000001
crom_addr[1417],59,1,addr,M5,722.796,999.9580000000001
crom_addr[1418],59,2,addr,M5,722.844,999.9580000000001
crom_addr[1419],59,3,addr,M5,722.892,999.9580000000001
crom_addr[141],5,21,addr,M7,66.576,999.9655
crom_addr[1420],59,4,addr,M5,722.94,999.9580000000001
crom_addr[1421],59,5,addr,M5,722.988,999.9580000000001
crom_addr[1422],59,6,addr,M5,723.0360000000001,999.9580000000001
crom_addr[1423],59,7,addr,M5,723.0840000000001,999.9580000000001
crom_addr[1424],59,8,addr,M5,723.1320000000001,999.9580000000001
crom_addr[1425],59,9,addr,M5,723.1800000000001,999.9580000000001
crom_addr[1426],59,10,addr,M5,723.2280000000001,999.9580000000001
crom_addr[1427],59,11,addr,M5,723.2760000000001,999.9580000000001
crom_addr[1428],59,12,addr,M5,723.3240000000001,999.9580000000001
crom_addr[1429],59,13,addr,M5,723.3720000000001,999.9580000000001
crom_addr[142],5,22,addr,M7,66.64,999.9655
crom_addr[1430],59,14,addr,M5,723.4200000000001,999.9580000000001
crom_addr[1431],59,15,addr,M5,723.4680000000001,999.9580000000001
crom_addr[1432],59,16,addr,M5,723.5160000000001,999.9580000000001
crom_addr[1433],59,17,addr,M5,723.5640000000001,999.9580000000001
crom_addr[1434],59,18,addr,M5,723.6120000000001,999.9580000000001
crom_addr[1435],59,19,addr,M5,723.6600000000001,999.9580000000001
crom_addr[1436],59,20,addr,M5,723.7080000000001,999.9580000000001
crom_addr[1437],59,21,addr,M5,723.7560000000001,999.9580000000001
crom_addr[1438],59,22,addr,M5,723.8040000000001,999.9580000000001
crom_addr[1439],59,23,addr,M5,723.8520000000001,999.9580000000001
crom_addr[143],5,23,addr,M7,66.70400000000001,999.9655
crom_addr[1440],60,0,addr,M7,733.456,999.9655
crom_addr[1441],60,1,addr,M7,733.52,999.9655
crom_addr[1442],60,2,addr,M7,733.5840000000001,999.9655
crom_addr[1443],60,3,addr,M7,733.6479999999999,999.9655
crom_addr[1444],60,4,addr,M7,733.712,999.9655
crom_addr[1445],60,5,addr,M7,733.7760000000001,999.9655
crom_addr[1446],60,6,addr,M7,733.8399999999999,999.9655
crom_addr[1447],60,7,addr,M7,733.904,999.9655
crom_addr[1448],60,8,addr,M7,733.9680000000001,999.9655
crom_addr[1449],60,9,addr,M7,734.0319999999999,999.9655
crom_addr[144],6,0,addr,M7,77.392,999.9655
crom_addr[1450],60,10,addr,M7,734.096,999.9655
crom_addr[1451],60,11,addr,M7,734.1600000000001,999.9655
crom_addr[1452],60,12,addr,M7,734.2239999999999,999.9655
crom_addr[1453],60,13,addr,M7,734.288,999.9655
crom_addr[1454],60,14,addr,M7,734.3520000000001,999.9655
crom_addr[1455],60,15,addr,M7,734.4159999999999,999.9655
crom_addr[1456],60,16,addr,M7,734.48,999.9655
crom_addr[1457],60,17,addr,M7,734.544,999.9655
crom_addr[1458],60,18,addr,M7,734.608,999.9655
crom_addr[1459],60,19,addr,M7,734.672,999.9655
crom_addr[145],6,1,addr,M7,77.45599999999999,999.9655
crom_addr[1460],60,20,addr,M7,734.736,999.9655
crom_addr[1461],60,21,addr,M7,734.8,999.9655
crom_addr[1462],60,22,addr,M7,734.864,999.9655
crom_addr[1463],60,23,addr,M7,734.928,999.9655
crom_addr[1464],61,0,addr,M7,745.616,999.9655
crom_addr[1465],61,1,addr,M7,745.6800000000001,999.9655
crom_addr[1466],61,2,addr,M7,745.7439999999999,999.9655
crom_addr[1467],61,3,addr,M7,745.808,999.9655
crom_addr[1468],61,4,addr,M7,745.8720000000001,999.9655
crom_addr[1469],61,5,addr,M7,745.9359999999999,999.9655
crom_addr[146],6,2,addr,M7,77.52000000000001,999.9655
crom_addr[1470],61,6,addr,M7,746.0,999.9655
crom_addr[1471],61,7,addr,M7,746.0640000000001,999.9655
crom_addr[1472],61,8,addr,M7,746.1279999999999,999.9655
crom_addr[1473],61,9,addr,M7,746.192,999.9655
crom_addr[1474],61,10,addr,M7,746.2560000000001,999.9655
crom_addr[1475],61,11,addr,M7,746.3199999999999,999.9655
crom_addr[1476],61,12,addr,M7,746.384,999.9655
crom_addr[1477],61,13,addr,M7,746.4480000000001,999.9655
crom_addr[1478],61,14,addr,M7,746.512,999.9655
crom_addr[1479],61,15,addr,M7,746.576,999.9655
crom_addr[147],6,3,addr,M7,77.584,999.9655
crom_addr[1480],61,16,addr,M7,746.64,999.9655
crom_addr[1481],61,17,addr,M7,746.704,999.9655
crom_addr[1482],61,18,addr,M7,746.768,999.9655
crom_addr[1483],61,19,addr,M7,746.832,999.9655
crom_addr[1484],61,20,addr,M7,746.896,999.9655
crom_addr[1485],61,21,addr,M7,746.96,999.9655
crom_addr[1486],61,22,addr,M7,747.024,999.9655
crom_addr[1487],61,23,addr,M7,747.088,999.9655
crom_addr[1488],62,0,addr,M5,759.1800000000001,999.9580000000001
crom_addr[1489],62,1,addr,M5,759.2280000000001,999.9580000000001
crom_addr[148],6,4,addr,M7,77.648,999.9655
crom_addr[1490],62,2,addr,M5,759.2760000000001,999.9580000000001
crom_addr[1491],62,3,addr,M5,759.3240000000001,999.9580000000001
crom_addr[1492],62,4,addr,M5,759.3720000000001,999.9580000000001
crom_addr[1493],62,5,addr,M5,759.4200000000001,999.9580000000001
crom_addr[1494],62,6,addr,M5,759.4680000000001,999.9580000000001
crom_addr[1495],62,7,addr,M5,759.5160000000001,999.9580000000001
crom_addr[1496],62,8,addr,M5,759.5640000000001,999.9580000000001
crom_addr[1497],62,9,addr,M5,759.6120000000001,999.9580000000001
crom_addr[1498],62,10,addr,M5,759.6600000000001,999.9580000000001
crom_addr[1499],62,11,addr,M5,759.7080000000001,999.9580000000001
crom_addr[149],6,5,addr,M7,77.71199999999999,999.9655
crom_addr[14],0,14,addr,M5,6.587999999999999,999.9580000000001
crom_addr[1500],62,12,addr,M5,759.7560000000001,999.9580000000001
crom_addr[1501],62,13,addr,M5,759.8040000000001,999.9580000000001
crom_addr[1502],62,14,addr,M5,759.8520000000001,999.9580000000001
crom_addr[1503],62,15,addr,M5,759.9000000000001,999.9580000000001
crom_addr[1504],62,16,addr,M5,759.9480000000001,999.9580000000001
crom_addr[1505],62,17,addr,M5,759.9960000000001,999.9580000000001
crom_addr[1506],62,18,addr,M5,760.0440000000001,999.9580000000001
crom_addr[1507],62,19,addr,M5,760.0920000000001,999.9580000000001
crom_addr[1508],62,20,addr,M5,760.1400000000001,999.9580000000001
crom_addr[1509],62,21,addr,M5,760.1880000000001,999.9580000000001
crom_addr[150],6,6,addr,M7,77.77600000000001,999.9655
crom_addr[1510],62,22,addr,M5,760.2360000000001,999.9580000000001
crom_addr[1511],62,23,addr,M5,760.2840000000001,999.9580000000001
crom_addr[1512],63,0,addr,M7,769.9359999999999,999.9655
crom_addr[1513],63,1,addr,M7,770.0,999.9655
crom_addr[1514],63,2,addr,M7,770.0640000000001,999.9655
crom_addr[1515],63,3,addr,M7,770.1279999999999,999.9655
crom_addr[1516],63,4,addr,M7,770.192,999.9655
crom_addr[1517],63,5,addr,M7,770.2560000000001,999.9655
crom_addr[1518],63,6,addr,M7,770.3199999999999,999.9655
crom_addr[1519],63,7,addr,M7,770.384,999.9655
crom_addr[151],6,7,addr,M7,77.84,999.9655
crom_addr[1520],63,8,addr,M7,770.4480000000001,999.9655
crom_addr[1521],63,9,addr,M7,770.512,999.9655
crom_addr[1522],63,10,addr,M7,770.576,999.9655
crom_addr[1523],63,11,addr,M7,770.64,999.9655
crom_addr[1524],63,12,addr,M7,770.704,999.9655
crom_addr[1525],63,13,addr,M7,770.768,999.9655
crom_addr[1526],63,14,addr,M7,770.832,999.9655
crom_addr[1527],63,15,addr,M7,770.896,999.9655
crom_addr[1528],63,16,addr,M7,770.96,999.9655
crom_addr[1529],63,17,addr,M7,771.024,999.9655
crom_addr[152],6,8,addr,M7,77.904,999.9655
crom_addr[1530],63,18,addr,M7,771.088,999.9655
crom_addr[1531],63,19,addr,M7,771.152,999.9655
crom_addr[1532],63,20,addr,M7,771.216,999.9655
crom_addr[1533],63,21,addr,M7,771.28,999.9655
crom_addr[1534],63,22,addr,M7,771.344,999.9655
crom_addr[1535],63,23,addr,M7,771.408,999.9655
crom_addr[153],6,9,addr,M7,77.96799999999999,999.9655
crom_addr[154],6,10,addr,M7,78.03200000000001,999.9655
crom_addr[155],6,11,addr,M7,78.096,999.9655
crom_addr[156],6,12,addr,M7,78.16,999.9655
crom_addr[157],6,13,addr,M7,78.22399999999999,999.9655
crom_addr[158],6,14,addr,M7,78.28800000000001,999.9655
crom_addr[159],6,15,addr,M7,78.352,999.9655
crom_addr[15],0,15,addr,M5,6.635999999999999,999.9580000000001
crom_addr[160],6,16,addr,M7,78.416,999.9655
crom_addr[161],6,17,addr,M7,78.47999999999999,999.9655
crom_addr[162],6,18,addr,M7,78.54400000000001,999.9655
crom_addr[163],6,19,addr,M7,78.608,999.9655
crom_addr[164],6,20,addr,M7,78.672,999.9655
crom_addr[165],6,21,addr,M7,78.73599999999999,999.9655
crom_addr[166],6,22,addr,M7,78.80000000000001,999.9655
crom_addr[167],6,23,addr,M7,78.864,999.9655
crom_addr[168],7,0,addr,M5,90.972,999.9580000000001
crom_addr[169],7,1,addr,M5,91.02,999.9580000000001
crom_addr[16],0,16,addr,M5,6.683999999999999,999.9580000000001
crom_addr[170],7,2,addr,M5,91.068,999.9580000000001
crom_addr[171],7,3,addr,M5,91.116,999.9580000000001
crom_addr[172],7,4,addr,M5,91.164,999.9580000000001
crom_addr[173],7,5,addr,M5,91.212,999.9580000000001
crom_addr[174],7,6,addr,M5,91.26,999.9580000000001
crom_addr[175],7,7,addr,M5,91.30799999999999,999.9580000000001
crom_addr[176],7,8,addr,M5,91.356,999.9580000000001
crom_addr[177],7,9,addr,M5,91.404,999.9580000000001
crom_addr[178],7,10,addr,M5,91.452,999.9580000000001
crom_addr[179],7,11,addr,M5,91.5,999.9580000000001
crom_addr[17],0,17,addr,M5,6.731999999999999,999.9580000000001
crom_addr[180],7,12,addr,M5,91.548,999.9580000000001
crom_addr[181],7,13,addr,M5,91.596,999.9580000000001
crom_addr[182],7,14,addr,M5,91.644,999.9580000000001
crom_addr[183],7,15,addr,M5,91.69200000000001,999.9580000000001
crom_addr[184],7,16,addr,M5,91.74,999.9580000000001
crom_addr[185],7,17,addr,M5,91.788,999.9580000000001
crom_addr[186],7,18,addr,M5,91.836,999.9580000000001
crom_addr[187],7,19,addr,M5,91.884,999.9580000000001
crom_addr[188],7,20,addr,M5,91.932,999.9580000000001
crom_addr[189],7,21,addr,M5,91.98,999.9580000000001
crom_addr[18],0,18,addr,M5,6.779999999999999,999.9580000000001
crom_addr[190],7,22,addr,M5,92.028,999.9580000000001
crom_addr[191],7,23,addr,M5,92.076,999.9580000000001
crom_addr[192],8,0,addr,M7,101.71199999999999,999.9655
crom_addr[193],8,1,addr,M7,101.77600000000001,999.9655
crom_addr[194],8,2,addr,M7,101.84,999.9655
crom_addr[195],8,3,addr,M7,101.904,999.9655
crom_addr[196],8,4,addr,M7,101.96799999999999,999.9655
crom_addr[197],8,5,addr,M7,102.03200000000001,999.9655
crom_addr[198],8,6,addr,M7,102.096,999.9655
crom_addr[199],8,7,addr,M7,102.16,999.9655
crom_addr[19],0,19,addr,M5,6.827999999999999,999.9580000000001
crom_addr[1],0,1,addr,M5,5.964,999.9580000000001
crom_addr[200],8,8,addr,M7,102.22399999999999,999.9655
crom_addr[201],8,9,addr,M7,102.28800000000001,999.9655
crom_addr[202],8,10,addr,M7,102.352,999.9655
crom_addr[203],8,11,addr,M7,102.416,999.9655
crom_addr[204],8,12,addr,M7,102.47999999999999,999.9655
crom_addr[205],8,13,addr,M7,102.54400000000001,999.9655
crom_addr[206],8,14,addr,M7,102.608,999.9655
crom_addr[207],8,15,addr,M7,102.672,999.9655
crom_addr[208],8,16,addr,M7,102.73599999999999,999.9655
crom_addr[209],8,17,addr,M7,102.80000000000001,999.9655
crom_addr[20],0,20,addr,M5,6.8759999999999994,999.9580000000001
crom_addr[210],8,18,addr,M7,102.864,999.9655
crom_addr[211],8,19,addr,M7,102.928,999.9655
crom_addr[212],8,20,addr,M7,102.99199999999999,999.9655
crom_addr[213],8,21,addr,M7,103.05600000000001,999.9655
crom_addr[214],8,22,addr,M7,103.12,999.9655
crom_addr[215],8,23,addr,M7,103.184,999.9655
crom_addr[216],9,0,addr,M5,115.26,999.9580000000001
crom_addr[217],9,1,addr,M5,115.30799999999999,999.9580000000001
crom_addr[218],9,2,addr,M5,115.356,999.9580000000001
crom_addr[219],9,3,addr,M5,115.404,999.9580000000001
crom_addr[21],0,21,addr,M5,6.9239999999999995,999.9580000000001
crom_addr[220],9,4,addr,M5,115.452,999.9580000000001
crom_addr[221],9,5,addr,M5,115.5,999.9580000000001
crom_addr[222],9,6,addr,M5,115.548,999.9580000000001
crom_addr[223],9,7,addr,M5,115.596,999.9580000000001
crom_addr[224],9,8,addr,M5,115.644,999.9580000000001
crom_addr[225],9,9,addr,M5,115.69200000000001,999.9580000000001
crom_addr[226],9,10,addr,M5,115.74,999.9580000000001
crom_addr[227],9,11,addr,M5,115.788,999.9580000000001
crom_addr[228],9,12,addr,M5,115.836,999.9580000000001
crom_addr[229],9,13,addr,M5,115.884,999.9580000000001
crom_addr[22],0,22,addr,M5,6.9719999999999995,999.9580000000001
crom_addr[230],9,14,addr,M5,115.932,999.9580000000001
crom_addr[231],9,15,addr,M5,115.98,999.9580000000001
crom_addr[232],9,16,addr,M5,116.028,999.9580000000001
crom_addr[233],9,17,addr,M5,116.076,999.9580000000001
crom_addr[234],9,18,addr,M5,116.124,999.9580000000001
crom_addr[235],9,19,addr,M5,116.172,999.9580000000001
crom_addr[236],9,20,addr,M5,116.22,999.9580000000001
crom_addr[237],9,21,addr,M5,116.268,999.9580000000001
crom_addr[238],9,22,addr,M5,116.316,999.9580000000001
crom_addr[239],9,23,addr,M5,116.364,999.9580000000001
crom_addr[23],0,23,addr,M5,7.02,999.9580000000001
crom_addr[240],10,0,addr,M5,127.404,999.9580000000001
crom_addr[241],10,1,addr,M5,127.452,999.9580000000001
crom_addr[242],10,2,addr,M5,127.5,999.9580000000001
crom_addr[243],10,3,addr,M5,127.548,999.9580000000001
crom_addr[244],10,4,addr,M5,127.596,999.9580000000001
crom_addr[245],10,5,addr,M5,127.644,999.9580000000001
crom_addr[246],10,6,addr,M5,127.69200000000001,999.9580000000001
crom_addr[247],10,7,addr,M5,127.74,999.9580000000001
crom_addr[248],10,8,addr,M5,127.788,999.9580000000001
crom_addr[249],10,9,addr,M5,127.836,999.9580000000001
crom_addr[24],1,0,addr,M7,16.656,999.9655
crom_addr[250],10,10,addr,M5,127.884,999.9580000000001
crom_addr[251],10,11,addr,M5,127.932,999.9580000000001
crom_addr[252],10,12,addr,M5,127.98,999.9580000000001
crom_addr[253],10,13,addr,M5,128.028,999.9580000000001
crom_addr[254],10,14,addr,M5,128.076,999.9580000000001
crom_addr[255],10,15,addr,M5,128.124,999.9580000000001
crom_addr[256],10,16,addr,M5,128.172,999.9580000000001
crom_addr[257],10,17,addr,M5,128.22,999.9580000000001
crom_addr[258],10,18,addr,M5,128.268,999.9580000000001
crom_addr[259],10,19,addr,M5,128.316,999.9580000000001
crom_addr[25],1,1,addr,M7,16.72,999.9655
crom_addr[260],10,20,addr,M5,128.364,999.9580000000001
crom_addr[261],10,21,addr,M5,128.412,999.9580000000001
crom_addr[262],10,22,addr,M5,128.46,999.9580000000001
crom_addr[263],10,23,addr,M5,128.508,999.9580000000001
crom_addr[264],11,0,addr,M5,139.548,999.9580000000001
crom_addr[265],11,1,addr,M5,139.596,999.9580000000001
crom_addr[266],11,2,addr,M5,139.644,999.9580000000001
crom_addr[267],11,3,addr,M5,139.692,999.9580000000001
crom_addr[268],11,4,addr,M5,139.74,999.9580000000001
crom_addr[269],11,5,addr,M5,139.788,999.9580000000001
crom_addr[26],1,2,addr,M7,16.784,999.9655
crom_addr[270],11,6,addr,M5,139.836,999.9580000000001
crom_addr[271],11,7,addr,M5,139.88400000000001,999.9580000000001
crom_addr[272],11,8,addr,M5,139.932,999.9580000000001
crom_addr[273],11,9,addr,M5,139.98,999.9580000000001
crom_addr[274],11,10,addr,M5,140.028,999.9580000000001
crom_addr[275],11,11,addr,M5,140.076,999.9580000000001
crom_addr[276],11,12,addr,M5,140.124,999.9580000000001
crom_addr[277],11,13,addr,M5,140.172,999.9580000000001
crom_addr[278],11,14,addr,M5,140.22,999.9580000000001
crom_addr[279],11,15,addr,M5,140.268,999.9580000000001
crom_addr[27],1,3,addr,M7,16.848,999.9655
crom_addr[280],11,16,addr,M5,140.316,999.9580000000001
crom_addr[281],11,17,addr,M5,140.364,999.9580000000001
crom_addr[282],11,18,addr,M5,140.412,999.9580000000001
crom_addr[283],11,19,addr,M5,140.46,999.9580000000001
crom_addr[284],11,20,addr,M5,140.508,999.9580000000001
crom_addr[285],11,21,addr,M5,140.556,999.9580000000001
crom_addr[286],11,22,addr,M5,140.604,999.9580000000001
crom_addr[287],11,23,addr,M5,140.652,999.9580000000001
crom_addr[288],12,0,addr,M7,150.288,999.9655
crom_addr[289],12,1,addr,M7,150.352,999.9655
crom_addr[28],1,4,addr,M7,16.912,999.9655
crom_addr[290],12,2,addr,M7,150.416,999.9655
crom_addr[291],12,3,addr,M7,150.48000000000002,999.9655
crom_addr[292],12,4,addr,M7,150.54399999999998,999.9655
crom_addr[293],12,5,addr,M7,150.608,999.9655
crom_addr[294],12,6,addr,M7,150.672,999.9655
crom_addr[295],12,7,addr,M7,150.736,999.9655
crom_addr[296],12,8,addr,M7,150.8,999.9655
crom_addr[297],12,9,addr,M7,150.864,999.9655
crom_addr[298],12,10,addr,M7,150.928,999.9655
crom_addr[299],12,11,addr,M7,150.99200000000002,999.9655
crom_addr[29],1,5,addr,M7,16.976,999.9655
crom_addr[2],0,2,addr,M5,6.0120000000000005,999.9580000000001
crom_addr[300],12,12,addr,M7,151.05599999999998,999.9655
crom_addr[301],12,13,addr,M7,151.12,999.9655
crom_addr[302],12,14,addr,M7,151.184,999.9655
crom_addr[303],12,15,addr,M7,151.248,999.9655
crom_addr[304],12,16,addr,M7,151.312,999.9655
crom_addr[305],12,17,addr,M7,151.376,999.9655
crom_addr[306],12,18,addr,M7,151.44,999.9655
crom_addr[307],12,19,addr,M7,151.50400000000002,999.9655
crom_addr[308],12,20,addr,M7,151.56799999999998,999.9655
crom_addr[309],12,21,addr,M7,151.632,999.9655
crom_addr[30],1,6,addr,M7,17.04,999.9655
crom_addr[310],12,22,addr,M7,151.696,999.9655
crom_addr[311],12,23,addr,M7,151.76,999.9655
crom_addr[312],13,0,addr,M7,162.44799999999998,999.9655
crom_addr[313],13,1,addr,M7,162.512,999.9655
crom_addr[314],13,2,addr,M7,162.57600000000002,999.9655
crom_addr[315],13,3,addr,M7,162.64,999.9655
crom_addr[316],13,4,addr,M7,162.704,999.9655
crom_addr[317],13,5,addr,M7,162.768,999.9655
crom_addr[318],13,6,addr,M7,162.832,999.9655
crom_addr[319],13,7,addr,M7,162.89600000000002,999.9655
crom_addr[31],1,7,addr,M7,17.104,999.9655
crom_addr[320],13,8,addr,M7,162.95999999999998,999.9655
crom_addr[321],13,9,addr,M7,163.024,999.9655
crom_addr[322],13,10,addr,M7,163.08800000000002,999.9655
crom_addr[323],13,11,addr,M7,163.152,999.9655
crom_addr[324],13,12,addr,M7,163.216,999.9655
crom_addr[325],13,13,addr,M7,163.28,999.9655
crom_addr[326],13,14,addr,M7,163.344,999.9655
crom_addr[327],13,15,addr,M7,163.40800000000002,999.9655
crom_addr[328],13,16,addr,M7,163.47199999999998,999.9655
crom_addr[329],13,17,addr,M7,163.536,999.9655
crom_addr[32],1,8,addr,M7,17.168,999.9655
crom_addr[330],13,18,addr,M7,163.60000000000002,999.9655
crom_addr[331],13,19,addr,M7,163.664,999.9655
crom_addr[332],13,20,addr,M7,163.728,999.9655
crom_addr[333],13,21,addr,M7,163.792,999.9655
crom_addr[334],13,22,addr,M7,163.856,999.9655
crom_addr[335],13,23,addr,M7,163.92000000000002,999.9655
crom_addr[336],14,0,addr,M7,174.608,999.9655
crom_addr[337],14,1,addr,M7,174.672,999.9655
crom_addr[338],14,2,addr,M7,174.736,999.9655
crom_addr[339],14,3,addr,M7,174.8,999.9655
crom_addr[33],1,9,addr,M7,17.232,999.9655
crom_addr[340],14,4,addr,M7,174.864,999.9655
crom_addr[341],14,5,addr,M7,174.928,999.9655
crom_addr[342],14,6,addr,M7,174.99200000000002,999.9655
crom_addr[343],14,7,addr,M7,175.05599999999998,999.9655
crom_addr[344],14,8,addr,M7,175.12,999.9655
crom_addr[345],14,9,addr,M7,175.184,999.9655
crom_addr[346],14,10,addr,M7,175.248,999.9655
crom_addr[347],14,11,addr,M7,175.312,999.9655
crom_addr[348],14,12,addr,M7,175.376,999.9655
crom_addr[349],14,13,addr,M7,175.44,999.9655
crom_addr[34],1,10,addr,M7,17.296,999.9655
crom_addr[350],14,14,addr,M7,175.50400000000002,999.9655
crom_addr[351],14,15,addr,M7,175.56799999999998,999.9655
crom_addr[352],14,16,addr,M7,175.632,999.9655
crom_addr[353],14,17,addr,M7,175.696,999.9655
crom_addr[354],14,18,addr,M7,175.76,999.9655
crom_addr[355],14,19,addr,M7,175.824,999.9655
crom_addr[356],14,20,addr,M7,175.888,999.9655
crom_addr[357],14,21,addr,M7,175.952,999.9655
crom_addr[358],14,22,addr,M7,176.01600000000002,999.9655
crom_addr[359],14,23,addr,M7,176.07999999999998,999.9655
crom_addr[35],1,11,addr,M7,17.36,999.9655
crom_addr[360],15,0,addr,M7,186.768,999.9655
crom_addr[361],15,1,addr,M7,186.832,999.9655
crom_addr[362],15,2,addr,M7,186.89600000000002,999.9655
crom_addr[363],15,3,addr,M7,186.95999999999998,999.9655
crom_addr[364],15,4,addr,M7,187.024,999.9655
crom_addr[365],15,5,addr,M7,187.08800000000002,999.9655
crom_addr[366],15,6,addr,M7,187.152,999.9655
crom_addr[367],15,7,addr,M7,187.216,999.9655
crom_addr[368],15,8,addr,M7,187.28,999.9655
crom_addr[369],15,9,addr,M7,187.344,999.9655
crom_addr[36],1,12,addr,M7,17.424,999.9655
crom_addr[370],15,10,addr,M7,187.40800000000002,999.9655
crom_addr[371],15,11,addr,M7,187.47199999999998,999.9655
crom_addr[372],15,12,addr,M7,187.536,999.9655
crom_addr[373],15,13,addr,M7,187.60000000000002,999.9655
crom_addr[374],15,14,addr,M7,187.664,999.9655
crom_addr[375],15,15,addr,M7,187.728,999.9655
crom_addr[376],15,16,addr,M7,187.792,999.9655
crom_addr[377],15,17,addr,M7,187.856,999.9655
crom_addr[378],15,18,addr,M7,187.92000000000002,999.9655
crom_addr[379],15,19,addr,M7,187.98399999999998,999.9655
crom_addr[37],1,13,addr,M7,17.488,999.9655
crom_addr[380],15,20,addr,M7,188.048,999.9655
crom_addr[381],15,21,addr,M7,188.112,999.9655
crom_addr[382],15,22,addr,M7,188.176,999.9655
crom_addr[383],15,23,addr,M7,188.24,999.9655
crom_addr[384],16,0,addr,M7,198.864,999.9655
crom_addr[385],16,1,addr,M7,198.928,999.9655
crom_addr[386],16,2,addr,M7,198.99200000000002,999.9655
crom_addr[387],16,3,addr,M7,199.05599999999998,999.9655
crom_addr[388],16,4,addr,M7,199.12,999.9655
crom_addr[389],16,5,addr,M7,199.184,999.9655
crom_addr[38],1,14,addr,M7,17.552,999.9655
crom_addr[390],16,6,addr,M7,199.248,999.9655
crom_addr[391],16,7,addr,M7,199.312,999.9655
crom_addr[392],16,8,addr,M7,199.376,999.9655
crom_addr[393],16,9,addr,M7,199.44,999.9655
crom_addr[394],16,10,addr,M7,199.50400000000002,999.9655
crom_addr[395],16,11,addr,M7,199.56799999999998,999.9655
crom_addr[396],16,12,addr,M7,199.632,999.9655
crom_addr[397],16,13,addr,M7,199.696,999.9655
crom_addr[398],16,14,addr,M7,199.76,999.9655
crom_addr[399],16,15,addr,M7,199.824,999.9655
crom_addr[39],1,15,addr,M7,17.616,999.9655
crom_addr[3],0,3,addr,M5,6.0600000000000005,999.9580000000001
crom_addr[400],16,16,addr,M7,199.888,999.9655
crom_addr[401],16,17,addr,M7,199.952,999.9655
crom_addr[402],16,18,addr,M7,200.01600000000002,999.9655
crom_addr[403],16,19,addr,M7,200.07999999999998,999.9655
crom_addr[404],16,20,addr,M7,200.144,999.9655
crom_addr[405],16,21,addr,M7,200.208,999.9655
crom_addr[406],16,22,addr,M7,200.272,999.9655
crom_addr[407],16,23,addr,M7,200.336,999.9655
crom_addr[408],17,0,addr,M7,211.024,999.9655
crom_addr[409],17,1,addr,M7,211.08800000000002,999.9655
crom_addr[40],1,16,addr,M7,17.68,999.9655
crom_addr[410],17,2,addr,M7,211.152,999.9655
crom_addr[411],17,3,addr,M7,211.216,999.9655
crom_addr[412],17,4,addr,M7,211.28,999.9655
crom_addr[413],17,5,addr,M7,211.344,999.9655
crom_addr[414],17,6,addr,M7,211.40800000000002,999.9655
crom_addr[415],17,7,addr,M7,211.47199999999998,999.9655
crom_addr[416],17,8,addr,M7,211.536,999.9655
crom_addr[417],17,9,addr,M7,211.60000000000002,999.9655
crom_addr[418],17,10,addr,M7,211.664,999.9655
crom_addr[419],17,11,addr,M7,211.728,999.9655
crom_addr[41],1,17,addr,M7,17.744,999.9655
crom_addr[420],17,12,addr,M7,211.792,999.9655
crom_addr[421],17,13,addr,M7,211.856,999.9655
crom_addr[422],17,14,addr,M7,211.92000000000002,999.9655
crom_addr[423],17,15,addr,M7,211.98399999999998,999.9655
crom_addr[424],17,16,addr,M7,212.048,999.9655
crom_addr[425],17,17,addr,M7,212.112,999.9655
crom_addr[426],17,18,addr,M7,212.176,999.9655
crom_addr[427],17,19,addr,M7,212.24,999.9655
crom_addr[428],17,20,addr,M7,212.304,999.9655
crom_addr[429],17,21,addr,M7,212.368,999.9655
crom_addr[42],1,18,addr,M7,17.808,999.9655
crom_addr[430],17,22,addr,M7,212.43200000000002,999.9655
crom_addr[431],17,23,addr,M7,212.49599999999998,999.9655
crom_addr[432],18,0,addr,M7,223.184,999.9655
crom_addr[433],18,1,addr,M7,223.248,999.9655
crom_addr[434],18,2,addr,M7,223.312,999.9655
crom_addr[435],18,3,addr,M7,223.376,999.9655
crom_addr[436],18,4,addr,M7,223.44,999.9655
crom_addr[437],18,5,addr,M7,223.50400000000002,999.9655
crom_addr[438],18,6,addr,M7,223.56799999999998,999.9655
crom_addr[439],18,7,addr,M7,223.632,999.9655
crom_addr[43],1,19,addr,M7,17.872,999.9655
crom_addr[440],18,8,addr,M7,223.696,999.9655
crom_addr[441],18,9,addr,M7,223.76,999.9655
crom_addr[442],18,10,addr,M7,223.824,999.9655
crom_addr[443],18,11,addr,M7,223.888,999.9655
crom_addr[444],18,12,addr,M7,223.952,999.9655
crom_addr[445],18,13,addr,M7,224.01600000000002,999.9655
crom_addr[446],18,14,addr,M7,224.07999999999998,999.9655
crom_addr[447],18,15,addr,M7,224.144,999.9655
crom_addr[448],18,16,addr,M7,224.208,999.9655
crom_addr[449],18,17,addr,M7,224.272,999.9655
crom_addr[44],1,20,addr,M7,17.936,999.9655
crom_addr[450],18,18,addr,M7,224.336,999.9655
crom_addr[451],18,19,addr,M7,224.39999999999998,999.9655
crom_addr[452],18,20,addr,M7,224.464,999.9655
crom_addr[453],18,21,addr,M7,224.52800000000002,999.9655
crom_addr[454],18,22,addr,M7,224.59199999999998,999.9655
crom_addr[455],18,23,addr,M7,224.656,999.9655
crom_addr[456],19,0,addr,M5,236.748,999.9580000000001
crom_addr[457],19,1,addr,M5,236.796,999.9580000000001
crom_addr[458],19,2,addr,M5,236.844,999.9580000000001
crom_addr[459],19,3,addr,M5,236.892,999.9580000000001
crom_addr[45],1,21,addr,M7,18.0,999.9655
crom_addr[460],19,4,addr,M5,236.94,999.9580000000001
crom_addr[461],19,5,addr,M5,236.988,999.9580000000001
crom_addr[462],19,6,addr,M5,237.036,999.9580000000001
crom_addr[463],19,7,addr,M5,237.084,999.9580000000001
crom_addr[464],19,8,addr,M5,237.132,999.9580000000001
crom_addr[465],19,9,addr,M5,237.18,999.9580000000001
crom_addr[466],19,10,addr,M5,237.228,999.9580000000001
crom_addr[467],19,11,addr,M5,237.276,999.9580000000001
crom_addr[468],19,12,addr,M5,237.324,999.9580000000001
crom_addr[469],19,13,addr,M5,237.372,999.9580000000001
crom_addr[46],1,22,addr,M7,18.064,999.9655
crom_addr[470],19,14,addr,M5,237.42,999.9580000000001
crom_addr[471],19,15,addr,M5,237.468,999.9580000000001
crom_addr[472],19,16,addr,M5,237.516,999.9580000000001
crom_addr[473],19,17,addr,M5,237.564,999.9580000000001
crom_addr[474],19,18,addr,M5,237.612,999.9580000000001
crom_addr[475],19,19,addr,M5,237.66,999.9580000000001
crom_addr[476],19,20,addr,M5,237.708,999.9580000000001
crom_addr[477],19,21,addr,M5,237.756,999.9580000000001
crom_addr[478],19,22,addr,M5,237.804,999.9580000000001
crom_addr[479],19,23,addr,M5,237.852,999.9580000000001
crom_addr[47],1,23,addr,M7,18.128,999.9655
crom_addr[480],20,0,addr,M7,247.50400000000002,999.9655
crom_addr[481],20,1,addr,M7,247.56799999999998,999.9655
crom_addr[482],20,2,addr,M7,247.632,999.9655
crom_addr[483],20,3,addr,M7,247.696,999.9655
crom_addr[484],20,4,addr,M7,247.76,999.9655
crom_addr[485],20,5,addr,M7,247.824,999.9655
crom_addr[486],20,6,addr,M7,247.888,999.9655
crom_addr[487],20,7,addr,M7,247.952,999.9655
crom_addr[488],20,8,addr,M7,248.01600000000002,999.9655
crom_addr[489],20,9,addr,M7,248.07999999999998,999.9655
crom_addr[48],2,0,addr,M7,28.816000000000003,999.9655
crom_addr[490],20,10,addr,M7,248.144,999.9655
crom_addr[491],20,11,addr,M7,248.208,999.9655
crom_addr[492],20,12,addr,M7,248.272,999.9655
crom_addr[493],20,13,addr,M7,248.336,999.9655
crom_addr[494],20,14,addr,M7,248.39999999999998,999.9655
crom_addr[495],20,15,addr,M7,248.464,999.9655
crom_addr[496],20,16,addr,M7,248.52800000000002,999.9655
crom_addr[497],20,17,addr,M7,248.59199999999998,999.9655
crom_addr[498],20,18,addr,M7,248.656,999.9655
crom_addr[499],20,19,addr,M7,248.72,999.9655
crom_addr[49],2,1,addr,M7,28.880000000000003,999.9655
crom_addr[4],0,4,addr,M5,6.1080000000000005,999.9580000000001
crom_addr[500],20,20,addr,M7,248.784,999.9655
crom_addr[501],20,21,addr,M7,248.848,999.9655
crom_addr[502],20,22,addr,M7,248.91199999999998,999.9655
crom_addr[503],20,23,addr,M7,248.976,999.9655
crom_addr[504],21,0,addr,M7,259.664,999.9655
crom_addr[505],21,1,addr,M7,259.728,999.9655
crom_addr[506],21,2,addr,M7,259.79200000000003,999.9655
crom_addr[507],21,3,addr,M7,259.856,999.9655
crom_addr[508],21,4,addr,M7,259.91999999999996,999.9655
crom_addr[509],21,5,addr,M7,259.98400000000004,999.9655
crom_addr[50],2,2,addr,M7,28.944000000000003,999.9655
crom_addr[510],21,6,addr,M7,260.048,999.9655
crom_addr[511],21,7,addr,M7,260.11199999999997,999.9655
crom_addr[512],21,8,addr,M7,260.17600000000004,999.9655
crom_addr[513],21,9,addr,M7,260.24,999.9655
crom_addr[514],21,10,addr,M7,260.304,999.9655
crom_addr[515],21,11,addr,M7,260.368,999.9655
crom_addr[516],21,12,addr,M7,260.432,999.9655
crom_addr[517],21,13,addr,M7,260.496,999.9655
crom_addr[518],21,14,addr,M7,260.56,999.9655
crom_addr[519],21,15,addr,M7,260.624,999.9655
crom_addr[51],2,3,addr,M7,29.008000000000003,999.9655
crom_addr[520],21,16,addr,M7,260.688,999.9655
crom_addr[521],21,17,addr,M7,260.75199999999995,999.9655
crom_addr[522],21,18,addr,M7,260.81600000000003,999.9655
crom_addr[523],21,19,addr,M7,260.88,999.9655
crom_addr[524],21,20,addr,M7,260.94399999999996,999.9655
crom_addr[525],21,21,addr,M7,261.00800000000004,999.9655
crom_addr[526],21,22,addr,M7,261.072,999.9655
crom_addr[527],21,23,addr,M7,261.13599999999997,999.9655
crom_addr[528],22,0,addr,M5,273.18,999.9580000000001
crom_addr[529],22,1,addr,M5,273.228,999.9580000000001
crom_addr[52],2,4,addr,M7,29.072000000000003,999.9655
crom_addr[530],22,2,addr,M5,273.276,999.9580000000001
crom_addr[531],22,3,addr,M5,273.324,999.9580000000001
crom_addr[532],22,4,addr,M5,273.372,999.9580000000001
crom_addr[533],22,5,addr,M5,273.42,999.9580000000001
crom_addr[534],22,6,addr,M5,273.468,999.9580000000001
crom_addr[535],22,7,addr,M5,273.516,999.9580000000001
crom_addr[536],22,8,addr,M5,273.564,999.9580000000001
crom_addr[537],22,9,addr,M5,273.612,999.9580000000001
crom_addr[538],22,10,addr,M5,273.66,999.9580000000001
crom_addr[539],22,11,addr,M5,273.708,999.9580000000001
crom_addr[53],2,5,addr,M7,29.136000000000003,999.9655
crom_addr[540],22,12,addr,M5,273.756,999.9580000000001
crom_addr[541],22,13,addr,M5,273.804,999.9580000000001
crom_addr[542],22,14,addr,M5,273.852,999.9580000000001
crom_addr[543],22,15,addr,M5,273.9,999.9580000000001
crom_addr[544],22,16,addr,M5,273.948,999.9580000000001
crom_addr[545],22,17,addr,M5,273.996,999.9580000000001
crom_addr[546],22,18,addr,M5,274.044,999.9580000000001
crom_addr[547],22,19,addr,M5,274.092,999.9580000000001
crom_addr[548],22,20,addr,M5,274.14,999.9580000000001
crom_addr[549],22,21,addr,M5,274.188,999.9580000000001
crom_addr[54],2,6,addr,M7,29.200000000000003,999.9655
crom_addr[550],22,22,addr,M5,274.236,999.9580000000001
crom_addr[551],22,23,addr,M5,274.284,999.9580000000001
crom_addr[552],23,0,addr,M5,285.372,999.9580000000001
crom_addr[553],23,1,addr,M5,285.42,999.9580000000001
crom_addr[554],23,2,addr,M5,285.468,999.9580000000001
crom_addr[555],23,3,addr,M5,285.516,999.9580000000001
crom_addr[556],23,4,addr,M5,285.564,999.9580000000001
crom_addr[557],23,5,addr,M5,285.612,999.9580000000001
crom_addr[558],23,6,addr,M5,285.66,999.9580000000001
crom_addr[559],23,7,addr,M5,285.708,999.9580000000001
crom_addr[55],2,7,addr,M7,29.264000000000003,999.9655
crom_addr[560],23,8,addr,M5,285.756,999.9580000000001
crom_addr[561],23,9,addr,M5,285.804,999.9580000000001
crom_addr[562],23,10,addr,M5,285.852,999.9580000000001
crom_addr[563],23,11,addr,M5,285.9,999.9580000000001
crom_addr[564],23,12,addr,M5,285.948,999.9580000000001
crom_addr[565],23,13,addr,M5,285.996,999.9580000000001
crom_addr[566],23,14,addr,M5,286.044,999.9580000000001
crom_addr[567],23,15,addr,M5,286.092,999.9580000000001
crom_addr[568],23,16,addr,M5,286.14,999.9580000000001
crom_addr[569],23,17,addr,M5,286.188,999.9580000000001
crom_addr[56],2,8,addr,M7,29.328000000000003,999.9655
crom_addr[570],23,18,addr,M5,286.236,999.9580000000001
crom_addr[571],23,19,addr,M5,286.284,999.9580000000001
crom_addr[572],23,20,addr,M5,286.332,999.9580000000001
crom_addr[573],23,21,addr,M5,286.38,999.9580000000001
crom_addr[574],23,22,addr,M5,286.428,999.9580000000001
crom_addr[575],23,23,addr,M5,286.476,999.9580000000001
crom_addr[576],24,0,addr,M7,296.08000000000004,999.9655
crom_addr[577],24,1,addr,M7,296.144,999.9655
crom_addr[578],24,2,addr,M7,296.20799999999997,999.9655
crom_addr[579],24,3,addr,M7,296.272,999.9655
crom_addr[57],2,9,addr,M7,29.392000000000003,999.9655
crom_addr[580],24,4,addr,M7,296.336,999.9655
crom_addr[581],24,5,addr,M7,296.4,999.9655
crom_addr[582],24,6,addr,M7,296.464,999.9655
crom_addr[583],24,7,addr,M7,296.528,999.9655
crom_addr[584],24,8,addr,M7,296.592,999.9655
crom_addr[585],24,9,addr,M7,296.656,999.9655
crom_addr[586],24,10,addr,M7,296.72,999.9655
crom_addr[587],24,11,addr,M7,296.784,999.9655
crom_addr[588],24,12,addr,M7,296.84799999999996,999.9655
crom_addr[589],24,13,addr,M7,296.91200000000003,999.9655
crom_addr[58],2,10,addr,M7,29.456000000000003,999.9655
crom_addr[590],24,14,addr,M7,296.976,999.9655
crom_addr[591],24,15,addr,M7,297.03999999999996,999.9655
crom_addr[592],24,16,addr,M7,297.10400000000004,999.9655
crom_addr[593],24,17,addr,M7,297.168,999.9655
crom_addr[594],24,18,addr,M7,297.23199999999997,999.9655
crom_addr[595],24,19,addr,M7,297.296,999.9655
crom_addr[596],24,20,addr,M7,297.36,999.9655
crom_addr[597],24,21,addr,M7,297.424,999.9655
crom_addr[598],24,22,addr,M7,297.488,999.9655
crom_addr[599],24,23,addr,M7,297.552,999.9655
crom_addr[59],2,11,addr,M7,29.520000000000003,999.9655
crom_addr[5],0,5,addr,M5,6.156000000000001,999.9580000000001
crom_addr[600],25,0,addr,M7,308.24,999.9655
crom_addr[601],25,1,addr,M7,308.304,999.9655
crom_addr[602],25,2,addr,M7,308.368,999.9655
crom_addr[603],25,3,addr,M7,308.432,999.9655
crom_addr[604],25,4,addr,M7,308.496,999.9655
crom_addr[605],25,5,addr,M7,308.56,999.9655
crom_addr[606],25,6,addr,M7,308.624,999.9655
crom_addr[607],25,7,addr,M7,308.688,999.9655
crom_addr[608],25,8,addr,M7,308.75199999999995,999.9655
crom_addr[609],25,9,addr,M7,308.81600000000003,999.9655
crom_addr[60],2,12,addr,M7,29.584000000000003,999.9655
crom_addr[610],25,10,addr,M7,308.88,999.9655
crom_addr[611],25,11,addr,M7,308.94399999999996,999.9655
crom_addr[612],25,12,addr,M7,309.00800000000004,999.9655
crom_addr[613],25,13,addr,M7,309.072,999.9655
crom_addr[614],25,14,addr,M7,309.13599999999997,999.9655
crom_addr[615],25,15,addr,M7,309.20000000000005,999.9655
crom_addr[616],25,16,addr,M7,309.264,999.9655
crom_addr[617],25,17,addr,M7,309.328,999.9655
crom_addr[618],25,18,addr,M7,309.392,999.9655
crom_addr[619],25,19,addr,M7,309.456,999.9655
crom_addr[61],2,13,addr,M7,29.648000000000003,999.9655
crom_addr[620],25,20,addr,M7,309.52,999.9655
crom_addr[621],25,21,addr,M7,309.584,999.9655
crom_addr[622],25,22,addr,M7,309.648,999.9655
crom_addr[623],25,23,addr,M7,309.712,999.9655
crom_addr[624],26,0,addr,M5,321.804,999.9580000000001
crom_addr[625],26,1,addr,M5,321.852,999.9580000000001
crom_addr[626],26,2,addr,M5,321.9,999.9580000000001
crom_addr[627],26,3,addr,M5,321.948,999.9580000000001
crom_addr[628],26,4,addr,M5,321.996,999.9580000000001
crom_addr[629],26,5,addr,M5,322.044,999.9580000000001
crom_addr[62],2,14,addr,M7,29.712000000000003,999.9655
crom_addr[630],26,6,addr,M5,322.092,999.9580000000001
crom_addr[631],26,7,addr,M5,322.14,999.9580000000001
crom_addr[632],26,8,addr,M5,322.188,999.9580000000001
crom_addr[633],26,9,addr,M5,322.236,999.9580000000001
crom_addr[634],26,10,addr,M5,322.284,999.9580000000001
crom_addr[635],26,11,addr,M5,322.332,999.9580000000001
crom_addr[636],26,12,addr,M5,322.38,999.9580000000001
crom_addr[637],26,13,addr,M5,322.428,999.9580000000001
crom_addr[638],26,14,addr,M5,322.476,999.9580000000001
crom_addr[639],26,15,addr,M5,322.524,999.9580000000001
crom_addr[63],2,15,addr,M7,29.776000000000003,999.9655
crom_addr[640],26,16,addr,M5,322.572,999.9580000000001
crom_addr[641],26,17,addr,M5,322.62,999.9580000000001
crom_addr[642],26,18,addr,M5,322.668,999.9580000000001
crom_addr[643],26,19,addr,M5,322.716,999.9580000000001
crom_addr[644],26,20,addr,M5,322.764,999.9580000000001
crom_addr[645],26,21,addr,M5,322.812,999.9580000000001
crom_addr[646],26,22,addr,M5,322.86,999.9580000000001
crom_addr[647],26,23,addr,M5,322.908,999.9580000000001
crom_addr[648],27,0,addr,M5,333.948,999.9580000000001
crom_addr[649],27,1,addr,M5,333.996,999.9580000000001
crom_addr[64],2,16,addr,M7,29.840000000000003,999.9655
crom_addr[650],27,2,addr,M5,334.044,999.9580000000001
crom_addr[651],27,3,addr,M5,334.092,999.9580000000001
crom_addr[652],27,4,addr,M5,334.14,999.9580000000001
crom_addr[653],27,5,addr,M5,334.188,999.9580000000001
crom_addr[654],27,6,addr,M5,334.236,999.9580000000001
crom_addr[655],27,7,addr,M5,334.284,999.9580000000001
crom_addr[656],27,8,addr,M5,334.332,999.9580000000001
crom_addr[657],27,9,addr,M5,334.38,999.9580000000001
crom_addr[658],27,10,addr,M5,334.428,999.9580000000001
crom_addr[659],27,11,addr,M5,334.476,999.9580000000001
crom_addr[65],2,17,addr,M7,29.904000000000003,999.9655
crom_addr[660],27,12,addr,M5,334.524,999.9580000000001
crom_addr[661],27,13,addr,M5,334.572,999.9580000000001
crom_addr[662],27,14,addr,M5,334.62,999.9580000000001
crom_addr[663],27,15,addr,M5,334.668,999.9580000000001
crom_addr[664],27,16,addr,M5,334.716,999.9580000000001
crom_addr[665],27,17,addr,M5,334.764,999.9580000000001
crom_addr[666],27,18,addr,M5,334.812,999.9580000000001
crom_addr[667],27,19,addr,M5,334.86,999.9580000000001
crom_addr[668],27,20,addr,M5,334.908,999.9580000000001
crom_addr[669],27,21,addr,M5,334.956,999.9580000000001
crom_addr[66],2,18,addr,M7,29.968000000000004,999.9655
crom_addr[670],27,22,addr,M5,335.004,999.9580000000001
crom_addr[671],27,23,addr,M5,335.052,999.9580000000001
crom_addr[672],28,0,addr,M5,346.092,999.9580000000001
crom_addr[673],28,1,addr,M5,346.14,999.9580000000001
crom_addr[674],28,2,addr,M5,346.188,999.9580000000001
crom_addr[675],28,3,addr,M5,346.236,999.9580000000001
crom_addr[676],28,4,addr,M5,346.284,999.9580000000001
crom_addr[677],28,5,addr,M5,346.332,999.9580000000001
crom_addr[678],28,6,addr,M5,346.38,999.9580000000001
crom_addr[679],28,7,addr,M5,346.428,999.9580000000001
crom_addr[67],2,19,addr,M7,30.031999999999996,999.9655
crom_addr[680],28,8,addr,M5,346.476,999.9580000000001
crom_addr[681],28,9,addr,M5,346.524,999.9580000000001
crom_addr[682],28,10,addr,M5,346.572,999.9580000000001
crom_addr[683],28,11,addr,M5,346.62,999.9580000000001
crom_addr[684],28,12,addr,M5,346.668,999.9580000000001
crom_addr[685],28,13,addr,M5,346.716,999.9580000000001
crom_addr[686],28,14,addr,M5,346.764,999.9580000000001
crom_addr[687],28,15,addr,M5,346.812,999.9580000000001
crom_addr[688],28,16,addr,M5,346.86,999.9580000000001
crom_addr[689],28,17,addr,M5,346.908,999.9580000000001
crom_addr[68],2,20,addr,M7,30.095999999999997,999.9655
crom_addr[690],28,18,addr,M5,346.956,999.9580000000001
crom_addr[691],28,19,addr,M5,347.004,999.9580000000001
crom_addr[692],28,20,addr,M5,347.052,999.9580000000001
crom_addr[693],28,21,addr,M5,347.1,999.9580000000001
crom_addr[694],28,22,addr,M5,347.148,999.9580000000001
crom_addr[695],28,23,addr,M5,347.196,999.9580000000001
crom_addr[696],29,0,addr,M5,358.236,999.9580000000001
crom_addr[697],29,1,addr,M5,358.284,999.9580000000001
crom_addr[698],29,2,addr,M5,358.332,999.9580000000001
crom_addr[699],29,3,addr,M5,358.38,999.9580000000001
crom_addr[69],2,21,addr,M7,30.159999999999997,999.9655
crom_addr[6],0,6,addr,M5,6.204000000000001,999.9580000000001
crom_addr[700],29,4,addr,M5,358.428,999.9580000000001
crom_addr[701],29,5,addr,M5,358.476,999.9580000000001
crom_addr[702],29,6,addr,M5,358.524,999.9580000000001
crom_addr[703],29,7,addr,M5,358.572,999.9580000000001
crom_addr[704],29,8,addr,M5,358.62,999.9580000000001
crom_addr[705],29,9,addr,M5,358.668,999.9580000000001
crom_addr[706],29,10,addr,M5,358.716,999.9580000000001
crom_addr[707],29,11,addr,M5,358.764,999.9580000000001
crom_addr[708],29,12,addr,M5,358.812,999.9580000000001
crom_addr[709],29,13,addr,M5,358.86,999.9580000000001
crom_addr[70],2,22,addr,M7,30.223999999999997,999.9655
crom_addr[710],29,14,addr,M5,358.908,999.9580000000001
crom_addr[711],29,15,addr,M5,358.956,999.9580000000001
crom_addr[712],29,16,addr,M5,359.004,999.9580000000001
crom_addr[713],29,17,addr,M5,359.052,999.9580000000001
crom_addr[714],29,18,addr,M5,359.1,999.9580000000001
crom_addr[715],29,19,addr,M5,359.148,999.9580000000001
crom_addr[716],29,20,addr,M5,359.196,999.9580000000001
crom_addr[717],29,21,addr,M5,359.244,999.9580000000001
crom_addr[718],29,22,addr,M5,359.292,999.9580000000001
crom_addr[719],29,23,addr,M5,359.34,999.9580000000001
crom_addr[71],2,23,addr,M7,30.287999999999997,999.9655
crom_addr[720],30,0,addr,M7,368.976,999.9655
crom_addr[721],30,1,addr,M7,369.03999999999996,999.9655
crom_addr[722],30,2,addr,M7,369.10400000000004,999.9655
crom_addr[723],30,3,addr,M7,369.168,999.9655
crom_addr[724],30,4,addr,M7,369.23199999999997,999.9655
crom_addr[725],30,5,addr,M7,369.296,999.9655
crom_addr[726],30,6,addr,M7,369.36,999.9655
crom_addr[727],30,7,addr,M7,369.424,999.9655
crom_addr[728],30,8,addr,M7,369.488,999.9655
crom_addr[729],30,9,addr,M7,369.552,999.9655
crom_addr[72],3,0,addr,M5,42.348,999.9580000000001
crom_addr[730],30,10,addr,M7,369.616,999.9655
crom_addr[731],30,11,addr,M7,369.68,999.9655
crom_addr[732],30,12,addr,M7,369.744,999.9655
crom_addr[733],30,13,addr,M7,369.808,999.9655
crom_addr[734],30,14,addr,M7,369.87199999999996,999.9655
crom_addr[735],30,15,addr,M7,369.93600000000004,999.9655
crom_addr[736],30,16,addr,M7,370.0,999.9655
crom_addr[737],30,17,addr,M7,370.06399999999996,999.9655
crom_addr[738],30,18,addr,M7,370.12800000000004,999.9655
crom_addr[739],30,19,addr,M7,370.192,999.9655
crom_addr[73],3,1,addr,M5,42.396,999.9580000000001
crom_addr[740],30,20,addr,M7,370.256,999.9655
crom_addr[741],30,21,addr,M7,370.32,999.9655
crom_addr[742],30,22,addr,M7,370.384,999.9655
crom_addr[743],30,23,addr,M7,370.448,999.9655
crom_addr[744],31,0,addr,M5,382.572,999.9580000000001
crom_addr[745],31,1,addr,M5,382.62,999.9580000000001
crom_addr[746],31,2,addr,M5,382.668,999.9580000000001
crom_addr[747],31,3,addr,M5,382.716,999.9580000000001
crom_addr[748],31,4,addr,M5,382.764,999.9580000000001
crom_addr[749],31,5,addr,M5,382.812,999.9580000000001
crom_addr[74],3,2,addr,M5,42.444,999.9580000000001
crom_addr[750],31,6,addr,M5,382.86,999.9580000000001
crom_addr[751],31,7,addr,M5,382.908,999.9580000000001
crom_addr[752],31,8,addr,M5,382.956,999.9580000000001
crom_addr[753],31,9,addr,M5,383.004,999.9580000000001
crom_addr[754],31,10,addr,M5,383.052,999.9580000000001
crom_addr[755],31,11,addr,M5,383.1,999.9580000000001
crom_addr[756],31,12,addr,M5,383.148,999.9580000000001
crom_addr[757],31,13,addr,M5,383.196,999.9580000000001
crom_addr[758],31,14,addr,M5,383.244,999.9580000000001
crom_addr[759],31,15,addr,M5,383.292,999.9580000000001
crom_addr[75],3,3,addr,M5,42.492,999.9580000000001
crom_addr[760],31,16,addr,M5,383.34,999.9580000000001
crom_addr[761],31,17,addr,M5,383.388,999.9580000000001
crom_addr[762],31,18,addr,M5,383.436,999.9580000000001
crom_addr[763],31,19,addr,M5,383.484,999.9580000000001
crom_addr[764],31,20,addr,M5,383.532,999.9580000000001
crom_addr[765],31,21,addr,M5,383.58,999.9580000000001
crom_addr[766],31,22,addr,M5,383.628,999.9580000000001
crom_addr[767],31,23,addr,M5,383.676,999.9580000000001
crom_addr[768],32,0,addr,M7,393.296,999.9655
crom_addr[769],32,1,addr,M7,393.36,999.9655
crom_addr[76],3,4,addr,M5,42.54,999.9580000000001
crom_addr[770],32,2,addr,M7,393.424,999.9655
crom_addr[771],32,3,addr,M7,393.488,999.9655
crom_addr[772],32,4,addr,M7,393.552,999.9655
crom_addr[773],32,5,addr,M7,393.616,999.9655
crom_addr[774],32,6,addr,M7,393.68,999.9655
crom_addr[775],32,7,addr,M7,393.744,999.9655
crom_addr[776],32,8,addr,M7,393.808,999.9655
crom_addr[777],32,9,addr,M7,393.87199999999996,999.9655
crom_addr[778],32,10,addr,M7,393.93600000000004,999.9655
crom_addr[779],32,11,addr,M7,394.0,999.9655
crom_addr[77],3,5,addr,M5,42.588,999.9580000000001
crom_addr[780],32,12,addr,M7,394.06399999999996,999.9655
crom_addr[781],32,13,addr,M7,394.12800000000004,999.9655
crom_addr[782],32,14,addr,M7,394.192,999.9655
crom_addr[783],32,15,addr,M7,394.256,999.9655
crom_addr[784],32,16,addr,M7,394.32,999.9655
crom_addr[785],32,17,addr,M7,394.384,999.9655
crom_addr[786],32,18,addr,M7,394.448,999.9655
crom_addr[787],32,19,addr,M7,394.512,999.9655
crom_addr[788],32,20,addr,M7,394.576,999.9655
crom_addr[789],32,21,addr,M7,394.64,999.9655
crom_addr[78],3,6,addr,M5,42.636,999.9580000000001
crom_addr[790],32,22,addr,M7,394.704,999.9655
crom_addr[791],32,23,addr,M7,394.76800000000003,999.9655
crom_addr[792],33,0,addr,M5,406.86,999.9580000000001
crom_addr[793],33,1,addr,M5,406.908,999.9580000000001
crom_addr[794],33,2,addr,M5,406.956,999.9580000000001
crom_addr[795],33,3,addr,M5,407.004,999.9580000000001
crom_addr[796],33,4,addr,M5,407.052,999.9580000000001
crom_addr[797],33,5,addr,M5,407.1,999.9580000000001
crom_addr[798],33,6,addr,M5,407.148,999.9580000000001
crom_addr[799],33,7,addr,M5,407.196,999.9580000000001
crom_addr[79],3,7,addr,M5,42.684,999.9580000000001
crom_addr[7],0,7,addr,M5,6.252000000000001,999.9580000000001
crom_addr[800],33,8,addr,M5,407.244,999.9580000000001
crom_addr[801],33,9,addr,M5,407.292,999.9580000000001
crom_addr[802],33,10,addr,M5,407.34,999.9580000000001
crom_addr[803],33,11,addr,M5,407.388,999.9580000000001
crom_addr[804],33,12,addr,M5,407.436,999.9580000000001
crom_addr[805],33,13,addr,M5,407.484,999.9580000000001
crom_addr[806],33,14,addr,M5,407.532,999.9580000000001
crom_addr[807],33,15,addr,M5,407.58,999.9580000000001
crom_addr[808],33,16,addr,M5,407.628,999.9580000000001
crom_addr[809],33,17,addr,M5,407.676,999.9580000000001
crom_addr[80],3,8,addr,M5,42.732,999.9580000000001
crom_addr[810],33,18,addr,M5,407.724,999.9580000000001
crom_addr[811],33,19,addr,M5,407.772,999.9580000000001
crom_addr[812],33,20,addr,M5,407.82,999.9580000000001
crom_addr[813],33,21,addr,M5,407.868,999.9580000000001
crom_addr[814],33,22,addr,M5,407.916,999.9580000000001
crom_addr[815],33,23,addr,M5,407.964,999.9580000000001
crom_addr[816],34,0,addr,M5,419.004,999.9580000000001
crom_addr[817],34,1,addr,M5,419.052,999.9580000000001
crom_addr[818],34,2,addr,M5,419.1,999.9580000000001
crom_addr[819],34,3,addr,M5,419.148,999.9580000000001
crom_addr[81],3,9,addr,M5,42.78,999.9580000000001
crom_addr[820],34,4,addr,M5,419.196,999.9580000000001
crom_addr[821],34,5,addr,M5,419.244,999.9580000000001
crom_addr[822],34,6,addr,M5,419.292,999.9580000000001
crom_addr[823],34,7,addr,M5,419.34,999.9580000000001
crom_addr[824],34,8,addr,M5,419.388,999.9580000000001
crom_addr[825],34,9,addr,M5,419.436,999.9580000000001
crom_addr[826],34,10,addr,M5,419.484,999.9580000000001
crom_addr[827],34,11,addr,M5,419.532,999.9580000000001
crom_addr[828],34,12,addr,M5,419.58,999.9580000000001
crom_addr[829],34,13,addr,M5,419.628,999.9580000000001
crom_addr[82],3,10,addr,M5,42.828,999.9580000000001
crom_addr[830],34,14,addr,M5,419.676,999.9580000000001
crom_addr[831],34,15,addr,M5,419.724,999.9580000000001
crom_addr[832],34,16,addr,M5,419.772,999.9580000000001
crom_addr[833],34,17,addr,M5,419.82,999.9580000000001
crom_addr[834],34,18,addr,M5,419.868,999.9580000000001
crom_addr[835],34,19,addr,M5,419.916,999.9580000000001
crom_addr[836],34,20,addr,M5,419.964,999.9580000000001
crom_addr[837],34,21,addr,M5,420.012,999.9580000000001
crom_addr[838],34,22,addr,M5,420.06,999.9580000000001
crom_addr[839],34,23,addr,M5,420.108,999.9580000000001
crom_addr[83],3,11,addr,M5,42.876,999.9580000000001
crom_addr[840],35,0,addr,M7,429.712,999.9655
crom_addr[841],35,1,addr,M7,429.77599999999995,999.9655
crom_addr[842],35,2,addr,M7,429.84000000000003,999.9655
crom_addr[843],35,3,addr,M7,429.904,999.9655
crom_addr[844],35,4,addr,M7,429.96799999999996,999.9655
crom_addr[845],35,5,addr,M7,430.03200000000004,999.9655
crom_addr[846],35,6,addr,M7,430.096,999.9655
crom_addr[847],35,7,addr,M7,430.15999999999997,999.9655
crom_addr[848],35,8,addr,M7,430.22400000000005,999.9655
crom_addr[849],35,9,addr,M7,430.288,999.9655
crom_addr[84],3,12,addr,M5,42.924,999.9580000000001
crom_addr[850],35,10,addr,M7,430.352,999.9655
crom_addr[851],35,11,addr,M7,430.416,999.9655
crom_addr[852],35,12,addr,M7,430.48,999.9655
crom_addr[853],35,13,addr,M7,430.544,999.9655
crom_addr[854],35,14,addr,M7,430.608,999.9655
crom_addr[855],35,15,addr,M7,430.672,999.9655
crom_addr[856],35,16,addr,M7,430.736,999.9655
crom_addr[857],35,17,addr,M7,430.79999999999995,999.9655
crom_addr[858],35,18,addr,M7,430.86400000000003,999.9655
crom_addr[859],35,19,addr,M7,430.928,999.9655
crom_addr[85],3,13,addr,M5,42.972,999.9580000000001
crom_addr[860],35,20,addr,M7,430.99199999999996,999.9655
crom_addr[861],35,21,addr,M7,431.05600000000004,999.9655
crom_addr[862],35,22,addr,M7,431.12,999.9655
crom_addr[863],35,23,addr,M7,431.18399999999997,999.9655
crom_addr[864],36,0,addr,M7,441.87199999999996,999.9655
crom_addr[865],36,1,addr,M7,441.93600000000004,999.9655
crom_addr[866],36,2,addr,M7,442.0,999.9655
crom_addr[867],36,3,addr,M7,442.06399999999996,999.9655
crom_addr[868],36,4,addr,M7,442.12800000000004,999.9655
crom_addr[869],36,5,addr,M7,442.192,999.9655
crom_addr[86],3,14,addr,M5,43.019999999999996,999.9580000000001
crom_addr[870],36,6,addr,M7,442.256,999.9655
crom_addr[871],36,7,addr,M7,442.32,999.9655
crom_addr[872],36,8,addr,M7,442.384,999.9655
crom_addr[873],36,9,addr,M7,442.448,999.9655
crom_addr[874],36,10,addr,M7,442.512,999.9655
crom_addr[875],36,11,addr,M7,442.576,999.9655
crom_addr[876],36,12,addr,M7,442.64,999.9655
crom_addr[877],36,13,addr,M7,442.704,999.9655
crom_addr[878],36,14,addr,M7,442.76800000000003,999.9655
crom_addr[879],36,15,addr,M7,442.832,999.9655
crom_addr[87],3,15,addr,M5,43.068,999.9580000000001
crom_addr[880],36,16,addr,M7,442.89599999999996,999.9655
crom_addr[881],36,17,addr,M7,442.96000000000004,999.9655
crom_addr[882],36,18,addr,M7,443.024,999.9655
crom_addr[883],36,19,addr,M7,443.08799999999997,999.9655
crom_addr[884],36,20,addr,M7,443.15200000000004,999.9655
crom_addr[885],36,21,addr,M7,443.216,999.9655
crom_addr[886],36,22,addr,M7,443.28,999.9655
crom_addr[887],36,23,addr,M7,443.344,999.9655
crom_addr[888],37,0,addr,M7,454.03200000000004,999.9655
crom_addr[889],37,1,addr,M7,454.096,999.9655
crom_addr[88],3,16,addr,M5,43.116,999.9580000000001
crom_addr[890],37,2,addr,M7,454.15999999999997,999.9655
crom_addr[891],37,3,addr,M7,454.22400000000005,999.9655
crom_addr[892],37,4,addr,M7,454.288,999.9655
crom_addr[893],37,5,addr,M7,454.352,999.9655
crom_addr[894],37,6,addr,M7,454.416,999.9655
crom_addr[895],37,7,addr,M7,454.48,999.9655
crom_addr[896],37,8,addr,M7,454.544,999.9655
crom_addr[897],37,9,addr,M7,454.608,999.9655
crom_addr[898],37,10,addr,M7,454.672,999.9655
crom_addr[899],37,11,addr,M7,454.736,999.9655
crom_addr[89],3,17,addr,M5,43.164,999.9580000000001
crom_addr[8],0,8,addr,M5,6.300000000000001,999.9580000000001
crom_addr[900],37,12,addr,M7,454.79999999999995,999.9655
crom_addr[901],37,13,addr,M7,454.86400000000003,999.9655
crom_addr[902],37,14,addr,M7,454.928,999.9655
crom_addr[903],37,15,addr,M7,454.99199999999996,999.9655
crom_addr[904],37,16,addr,M7,455.05600000000004,999.9655
crom_addr[905],37,17,addr,M7,455.12,999.9655
crom_addr[906],37,18,addr,M7,455.18399999999997,999.9655
crom_addr[907],37,19,addr,M7,455.24800000000005,999.9655
crom_addr[908],37,20,addr,M7,455.312,999.9655
crom_addr[909],37,21,addr,M7,455.376,999.9655
crom_addr[90],3,18,addr,M5,43.212,999.9580000000001
crom_addr[910],37,22,addr,M7,455.44,999.9655
crom_addr[911],37,23,addr,M7,455.504,999.9655
crom_addr[912],38,0,addr,M7,466.192,999.9655
crom_addr[913],38,1,addr,M7,466.256,999.9655
crom_addr[914],38,2,addr,M7,466.32,999.9655
crom_addr[915],38,3,addr,M7,466.384,999.9655
crom_addr[916],38,4,addr,M7,466.448,999.9655
crom_addr[917],38,5,addr,M7,466.512,999.9655
crom_addr[918],38,6,addr,M7,466.576,999.9655
crom_addr[919],38,7,addr,M7,466.64,999.9655
crom_addr[91],3,19,addr,M5,43.26,999.9580000000001
crom_addr[920],38,8,addr,M7,466.704,999.9655
crom_addr[921],38,9,addr,M7,466.76800000000003,999.9655
crom_addr[922],38,10,addr,M7,466.832,999.9655
crom_addr[923],38,11,addr,M7,466.89599999999996,999.9655
crom_addr[924],38,12,addr,M7,466.96000000000004,999.9655
crom_addr[925],38,13,addr,M7,467.024,999.9655
crom_addr[926],38,14,addr,M7,467.08799999999997,999.9655
crom_addr[927],38,15,addr,M7,467.15200000000004,999.9655
crom_addr[928],38,16,addr,M7,467.216,999.9655
crom_addr[929],38,17,addr,M7,467.28,999.9655
crom_addr[92],3,20,addr,M5,43.308,999.9580000000001
crom_addr[930],38,18,addr,M7,467.344,999.9655
crom_addr[931],38,19,addr,M7,467.408,999.9655
crom_addr[932],38,20,addr,M7,467.472,999.9655
crom_addr[933],38,21,addr,M7,467.536,999.9655
crom_addr[934],38,22,addr,M7,467.6,999.9655
crom_addr[935],38,23,addr,M7,467.664,999.9655
crom_addr[936],39,0,addr,M7,478.352,999.9655
crom_addr[937],39,1,addr,M7,478.416,999.9655
crom_addr[938],39,2,addr,M7,478.48,999.9655
crom_addr[939],39,3,addr,M7,478.544,999.9655
crom_addr[93],3,21,addr,M5,43.356,999.9580000000001
crom_addr[940],39,4,addr,M7,478.608,999.9655
crom_addr[941],39,5,addr,M7,478.672,999.9655
crom_addr[942],39,6,addr,M7,478.736,999.9655
crom_addr[943],39,7,addr,M7,478.79999999999995,999.9655
crom_addr[944],39,8,addr,M7,478.86400000000003,999.9655
crom_addr[945],39,9,addr,M7,478.928,999.9655
crom_addr[946],39,10,addr,M7,478.99199999999996,999.9655
crom_addr[947],39,11,addr,M7,479.05600000000004,999.9655
crom_addr[948],39,12,addr,M7,479.12,999.9655
crom_addr[949],39,13,addr,M7,479.18399999999997,999.9655
crom_addr[94],3,22,addr,M5,43.403999999999996,999.9580000000001
crom_addr[950],39,14,addr,M7,479.24800000000005,999.9655
crom_addr[951],39,15,addr,M7,479.312,999.9655
crom_addr[952],39,16,addr,M7,479.376,999.9655
crom_addr[953],39,17,addr,M7,479.44,999.9655
crom_addr[954],39,18,addr,M7,479.504,999.9655
crom_addr[955],39,19,addr,M7,479.568,999.9655
crom_addr[956],39,20,addr,M7,479.632,999.9655
crom_addr[957],39,21,addr,M7,479.696,999.9655
crom_addr[958],39,22,addr,M7,479.76,999.9655
crom_addr[959],39,23,addr,M7,479.82399999999996,999.9655
crom_addr[95],3,23,addr,M5,43.452,999.9580000000001
crom_addr[960],40,0,addr,M5,491.916,999.9580000000001
crom_addr[961],40,1,addr,M5,491.964,999.9580000000001
crom_addr[962],40,2,addr,M5,492.012,999.9580000000001
crom_addr[963],40,3,addr,M5,492.06,999.9580000000001
crom_addr[964],40,4,addr,M5,492.108,999.9580000000001
crom_addr[965],40,5,addr,M5,492.156,999.9580000000001
crom_addr[966],40,6,addr,M5,492.204,999.9580000000001
crom_addr[967],40,7,addr,M5,492.252,999.9580000000001
crom_addr[968],40,8,addr,M5,492.3,999.9580000000001
crom_addr[969],40,9,addr,M5,492.348,999.9580000000001
crom_addr[96],4,0,addr,M5,54.492,999.9580000000001
crom_addr[970],40,10,addr,M5,492.396,999.9580000000001
crom_addr[971],40,11,addr,M5,492.444,999.9580000000001
crom_addr[972],40,12,addr,M5,492.492,999.9580000000001
crom_addr[973],40,13,addr,M5,492.54,999.9580000000001
crom_addr[974],40,14,addr,M5,492.588,999.9580000000001
crom_addr[975],40,15,addr,M5,492.636,999.9580000000001
crom_addr[976],40,16,addr,M5,492.684,999.9580000000001
crom_addr[977],40,17,addr,M5,492.732,999.9580000000001
crom_addr[978],40,18,addr,M5,492.78,999.9580000000001
crom_addr[979],40,19,addr,M5,492.828,999.9580000000001
crom_addr[97],4,1,addr,M5,54.54,999.9580000000001
crom_addr[980],40,20,addr,M5,492.876,999.9580000000001
crom_addr[981],40,21,addr,M5,492.924,999.9580000000001
crom_addr[982],40,22,addr,M5,492.972,999.9580000000001
crom_addr[983],40,23,addr,M5,493.02,999.9580000000001
crom_addr[984],41,0,addr,M7,502.608,999.9655
crom_addr[985],41,1,addr,M7,502.672,999.9655
crom_addr[986],41,2,addr,M7,502.736,999.9655
crom_addr[987],41,3,addr,M7,502.79999999999995,999.9655
crom_addr[988],41,4,addr,M7,502.86400000000003,999.9655
crom_addr[989],41,5,addr,M7,502.928,999.9655
crom_addr[98],4,2,addr,M5,54.588,999.9580000000001
crom_addr[990],41,6,addr,M7,502.99199999999996,999.9655
crom_addr[991],41,7,addr,M7,503.05600000000004,999.9655
crom_addr[992],41,8,addr,M7,503.12,999.9655
crom_addr[993],41,9,addr,M7,503.18399999999997,999.9655
crom_addr[994],41,10,addr,M7,503.24800000000005,999.9655
crom_addr[995],41,11,addr,M7,503.312,999.9655
crom_addr[996],41,12,addr,M7,503.376,999.9655
crom_addr[997],41,13,addr,M7,503.44,999.9655
crom_addr[998],41,14,addr,M7,503.504,999.9655
crom_addr[999],41,15,addr,M7,503.568,999.9655
crom_addr[99],4,3,addr,M5,54.636,999.9580000000001
crom_addr[9],0,9,addr,M5,6.348000000000001,999.9580000000001
crom_q[0],0,0,q,M5,7.068,999.9580000000001
crom_q[1000],15,40,q,M7,190.864,999.9655
crom_q[1001],15,41,q,M7,190.928,999.9655
crom_q[1002],15,42,q,M7,190.99200000000002,999.9655
crom_q[1003],15,43,q,M7,191.05599999999998,999.9655
crom_q[1004],15,44,q,M7,191.12,999.9655
crom_q[1005],15,45,q,M7,191.184,999.9655
crom_q[1006],15,46,q,M7,191.248,999.9655
crom_q[1007],15,47,q,M7,191.312,999.9655
crom_q[1008],15,48,q,M7,191.376,999.9655
crom_q[1009],15,49,q,M7,191.44,999.9655
crom_q[100],1,36,q,M7,20.496000000000002,999.9655
crom_q[1010],15,50,q,M7,191.50400000000002,999.9655
crom_q[1011],15,51,q,M7,191.56799999999998,999.9655
crom_q[1012],15,52,q,M7,191.632,999.9655
crom_q[1013],15,53,q,M7,191.696,999.9655
crom_q[1014],15,54,q,M7,191.76,999.9655
crom_q[1015],15,55,q,M7,191.824,999.9655
crom_q[1016],15,56,q,M7,191.888,999.9655
crom_q[1017],15,57,q,M7,191.952,999.9655
crom_q[1018],15,58,q,M7,192.01600000000002,999.9655
crom_q[1019],15,59,q,M7,192.07999999999998,999.9655
crom_q[101],1,37,q,M7,20.560000000000002,999.9655
crom_q[1020],15,60,q,M7,192.144,999.9655
crom_q[1021],15,61,q,M7,192.208,999.9655
crom_q[1022],15,62,q,M7,192.272,999.9655
crom_q[1023],15,63,q,M7,192.336,999.9655
crom_q[1024],16,0,q,M7,200.39999999999998,999.9655
crom_q[1025],16,1,q,M7,200.464,999.9655
crom_q[1026],16,2,q,M7,200.52800000000002,999.9655
crom_q[1027],16,3,q,M7,200.59199999999998,999.9655
crom_q[1028],16,4,q,M7,200.656,999.9655
crom_q[1029],16,5,q,M7,200.72,999.9655
crom_q[102],1,38,q,M7,20.624000000000002,999.9655
crom_q[1030],16,6,q,M7,200.784,999.9655
crom_q[1031],16,7,q,M7,200.848,999.9655
crom_q[1032],16,8,q,M7,200.91199999999998,999.9655
crom_q[1033],16,9,q,M7,200.976,999.9655
crom_q[1034],16,10,q,M7,201.04000000000002,999.9655
crom_q[1035],16,11,q,M7,201.10399999999998,999.9655
crom_q[1036],16,12,q,M7,201.168,999.9655
crom_q[1037],16,13,q,M7,201.232,999.9655
crom_q[1038],16,14,q,M7,201.296,999.9655
crom_q[1039],16,15,q,M7,201.36,999.9655
crom_q[103],1,39,q,M7,20.688000000000002,999.9655
crom_q[1040],16,16,q,M7,201.42399999999998,999.9655
crom_q[1041],16,17,q,M7,201.488,999.9655
crom_q[1042],16,18,q,M7,201.55200000000002,999.9655
crom_q[1043],16,19,q,M7,201.61599999999999,999.9655
crom_q[1044],16,20,q,M7,201.68,999.9655
crom_q[1045],16,21,q,M7,201.744,999.9655
crom_q[1046],16,22,q,M7,201.808,999.9655
crom_q[1047],16,23,q,M7,201.872,999.9655
crom_q[1048],16,24,q,M7,201.93599999999998,999.9655
crom_q[1049],16,25,q,M7,202.0,999.9655
crom_q[104],1,40,q,M7,20.752000000000002,999.9655
crom_q[1050],16,26,q,M7,202.06400000000002,999.9655
crom_q[1051],16,27,q,M7,202.128,999.9655
crom_q[1052],16,28,q,M7,202.192,999.9655
crom_q[1053],16,29,q,M7,202.256,999.9655
crom_q[1054],16,30,q,M7,202.32,999.9655
crom_q[1055],16,31,q,M7,202.38400000000001,999.9655
crom_q[1056],16,32,q,M7,202.44799999999998,999.9655
crom_q[1057],16,33,q,M7,202.512,999.9655
crom_q[1058],16,34,q,M7,202.57600000000002,999.9655
crom_q[1059],16,35,q,M7,202.64,999.9655
crom_q[105],1,41,q,M7,20.816000000000003,999.9655
crom_q[1060],16,36,q,M7,202.704,999.9655
crom_q[1061],16,37,q,M7,202.768,999.9655
crom_q[1062],16,38,q,M7,202.832,999.9655
crom_q[1063],16,39,q,M7,202.89600000000002,999.9655
crom_q[1064],16,40,q,M7,202.95999999999998,999.9655
crom_q[1065],16,41,q,M7,203.024,999.9655
crom_q[1066],16,42,q,M7,203.08800000000002,999.9655
crom_q[1067],16,43,q,M7,203.152,999.9655
crom_q[1068],16,44,q,M7,203.216,999.9655
crom_q[1069],16,45,q,M7,203.28,999.9655
crom_q[106],1,42,q,M7,20.880000000000003,999.9655
crom_q[1070],16,46,q,M7,203.344,999.9655
crom_q[1071],16,47,q,M7,203.40800000000002,999.9655
crom_q[1072],16,48,q,M7,203.47199999999998,999.9655
crom_q[1073],16,49,q,M7,203.536,999.9655
crom_q[1074],16,50,q,M7,203.60000000000002,999.9655
crom_q[1075],16,51,q,M7,203.664,999.9655
crom_q[1076],16,52,q,M7,203.728,999.9655
crom_q[1077],16,53,q,M7,203.792,999.9655
crom_q[1078],16,54,q,M7,203.856,999.9655
crom_q[1079],16,55,q,M7,203.92000000000002,999.9655
crom_q[107],1,43,q,M7,20.944000000000003,999.9655
crom_q[1080],16,56,q,M7,203.98399999999998,999.9655
crom_q[1081],16,57,q,M7,204.048,999.9655
crom_q[1082],16,58,q,M7,204.112,999.9655
crom_q[1083],16,59,q,M7,204.176,999.9655
crom_q[1084],16,60,q,M7,204.24,999.9655
crom_q[1085],16,61,q,M7,204.304,999.9655
crom_q[1086],16,62,q,M7,204.368,999.9655
crom_q[1087],16,63,q,M7,204.43200000000002,999.9655
crom_q[1088],17,0,q,M7,212.56,999.9655
crom_q[1089],17,1,q,M7,212.624,999.9655
crom_q[108],1,44,q,M7,21.008000000000003,999.9655
crom_q[1090],17,2,q,M7,212.688,999.9655
crom_q[1091],17,3,q,M7,212.752,999.9655
crom_q[1092],17,4,q,M7,212.816,999.9655
crom_q[1093],17,5,q,M7,212.88,999.9655
crom_q[1094],17,6,q,M7,212.94400000000002,999.9655
crom_q[1095],17,7,q,M7,213.00799999999998,999.9655
crom_q[1096],17,8,q,M7,213.072,999.9655
crom_q[1097],17,9,q,M7,213.136,999.9655
crom_q[1098],17,10,q,M7,213.2,999.9655
crom_q[1099],17,11,q,M7,213.264,999.9655
crom_q[109],1,45,q,M7,21.072000000000003,999.9655
crom_q[10],0,10,q,M5,7.548,999.9580000000001
crom_q[1100],17,12,q,M7,213.328,999.9655
crom_q[1101],17,13,q,M7,213.392,999.9655
crom_q[1102],17,14,q,M7,213.45600000000002,999.9655
crom_q[1103],17,15,q,M7,213.51999999999998,999.9655
crom_q[1104],17,16,q,M7,213.584,999.9655
crom_q[1105],17,17,q,M7,213.648,999.9655
crom_q[1106],17,18,q,M7,213.712,999.9655
crom_q[1107],17,19,q,M7,213.776,999.9655
crom_q[1108],17,20,q,M7,213.84,999.9655
crom_q[1109],17,21,q,M7,213.904,999.9655
crom_q[110],1,46,q,M7,21.136000000000003,999.9655
crom_q[1110],17,22,q,M7,213.96800000000002,999.9655
crom_q[1111],17,23,q,M7,214.03199999999998,999.9655
crom_q[1112],17,24,q,M7,214.096,999.9655
crom_q[1113],17,25,q,M7,214.16,999.9655
crom_q[1114],17,26,q,M7,214.224,999.9655
crom_q[1115],17,27,q,M7,214.288,999.9655
crom_q[1116],17,28,q,M7,214.352,999.9655
crom_q[1117],17,29,q,M7,214.416,999.9655
crom_q[1118],17,30,q,M7,214.48000000000002,999.9655
crom_q[1119],17,31,q,M7,214.54399999999998,999.9655
crom_q[111],1,47,q,M7,21.200000000000003,999.9655
crom_q[1120],17,32,q,M7,214.608,999.9655
crom_q[1121],17,33,q,M7,214.672,999.9655
crom_q[1122],17,34,q,M7,214.736,999.9655
crom_q[1123],17,35,q,M7,214.8,999.9655
crom_q[1124],17,36,q,M7,214.864,999.9655
crom_q[1125],17,37,q,M7,214.928,999.9655
crom_q[1126],17,38,q,M7,214.99200000000002,999.9655
crom_q[1127],17,39,q,M7,215.05599999999998,999.9655
crom_q[1128],17,40,q,M7,215.12,999.9655
crom_q[1129],17,41,q,M7,215.184,999.9655
crom_q[112],1,48,q,M7,21.264000000000003,999.9655
crom_q[1130],17,42,q,M7,215.248,999.9655
crom_q[1131],17,43,q,M7,215.312,999.9655
crom_q[1132],17,44,q,M7,215.376,999.9655
crom_q[1133],17,45,q,M7,215.44,999.9655
crom_q[1134],17,46,q,M7,215.50400000000002,999.9655
crom_q[1135],17,47,q,M7,215.56799999999998,999.9655
crom_q[1136],17,48,q,M7,215.632,999.9655
crom_q[1137],17,49,q,M7,215.696,999.9655
crom_q[1138],17,50,q,M7,215.76,999.9655
crom_q[1139],17,51,q,M7,215.824,999.9655
crom_q[113],1,49,q,M7,21.328000000000003,999.9655
crom_q[1140],17,52,q,M7,215.888,999.9655
crom_q[1141],17,53,q,M7,215.952,999.9655
crom_q[1142],17,54,q,M7,216.01600000000002,999.9655
crom_q[1143],17,55,q,M7,216.07999999999998,999.9655
crom_q[1144],17,56,q,M7,216.144,999.9655
crom_q[1145],17,57,q,M7,216.208,999.9655
crom_q[1146],17,58,q,M7,216.272,999.9655
crom_q[1147],17,59,q,M7,216.336,999.9655
crom_q[1148],17,60,q,M7,216.39999999999998,999.9655
crom_q[1149],17,61,q,M7,216.464,999.9655
crom_q[114],1,50,q,M7,21.392000000000003,999.9655
crom_q[1150],17,62,q,M7,216.52800000000002,999.9655
crom_q[1151],17,63,q,M7,216.59199999999998,999.9655
crom_q[1152],18,0,q,M7,224.72,999.9655
crom_q[1153],18,1,q,M7,224.784,999.9655
crom_q[1154],18,2,q,M7,224.848,999.9655
crom_q[1155],18,3,q,M7,224.91199999999998,999.9655
crom_q[1156],18,4,q,M7,224.976,999.9655
crom_q[1157],18,5,q,M7,225.04000000000002,999.9655
crom_q[1158],18,6,q,M7,225.10399999999998,999.9655
crom_q[1159],18,7,q,M7,225.168,999.9655
crom_q[115],1,51,q,M7,21.456000000000003,999.9655
crom_q[1160],18,8,q,M7,225.232,999.9655
crom_q[1161],18,9,q,M7,225.296,999.9655
crom_q[1162],18,10,q,M7,225.36,999.9655
crom_q[1163],18,11,q,M7,225.42399999999998,999.9655
crom_q[1164],18,12,q,M7,225.488,999.9655
crom_q[1165],18,13,q,M7,225.55200000000002,999.9655
crom_q[1166],18,14,q,M7,225.61599999999999,999.9655
crom_q[1167],18,15,q,M7,225.68,999.9655
crom_q[1168],18,16,q,M7,225.744,999.9655
crom_q[1169],18,17,q,M7,225.808,999.9655
crom_q[116],1,52,q,M7,21.520000000000003,999.9655
crom_q[1170],18,18,q,M7,225.872,999.9655
crom_q[1171],18,19,q,M7,225.93599999999998,999.9655
crom_q[1172],18,20,q,M7,226.0,999.9655
crom_q[1173],18,21,q,M7,226.06400000000002,999.9655
crom_q[1174],18,22,q,M7,226.128,999.9655
crom_q[1175],18,23,q,M7,226.192,999.9655
crom_q[1176],18,24,q,M7,226.256,999.9655
crom_q[1177],18,25,q,M7,226.32,999.9655
crom_q[1178],18,26,q,M7,226.38400000000001,999.9655
crom_q[1179],18,27,q,M7,226.44799999999998,999.9655
crom_q[117],1,53,q,M7,21.584000000000003,999.9655
crom_q[1180],18,28,q,M7,226.512,999.9655
crom_q[1181],18,29,q,M7,226.57600000000002,999.9655
crom_q[1182],18,30,q,M7,226.64,999.9655
crom_q[1183],18,31,q,M7,226.704,999.9655
crom_q[1184],18,32,q,M7,226.768,999.9655
crom_q[1185],18,33,q,M7,226.832,999.9655
crom_q[1186],18,34,q,M7,226.89600000000002,999.9655
crom_q[1187],18,35,q,M7,226.95999999999998,999.9655
crom_q[1188],18,36,q,M7,227.024,999.9655
crom_q[1189],18,37,q,M7,227.08800000000002,999.9655
crom_q[118],1,54,q,M7,21.648000000000003,999.9655
crom_q[1190],18,38,q,M7,227.152,999.9655
crom_q[1191],18,39,q,M7,227.216,999.9655
crom_q[1192],18,40,q,M7,227.28,999.9655
crom_q[1193],18,41,q,M7,227.344,999.9655
crom_q[1194],18,42,q,M7,227.40800000000002,999.9655
crom_q[1195],18,43,q,M7,227.47199999999998,999.9655
crom_q[1196],18,44,q,M7,227.536,999.9655
crom_q[1197],18,45,q,M7,227.60000000000002,999.9655
crom_q[1198],18,46,q,M7,227.664,999.9655
crom_q[1199],18,47,q,M7,227.728,999.9655
crom_q[119],1,55,q,M7,21.712000000000003,999.9655
crom_q[11],0,11,q,M5,7.596,999.9580000000001
crom_q[1200],18,48,q,M7,227.792,999.9655
crom_q[1201],18,49,q,M7,227.856,999.9655
crom_q[1202],18,50,q,M7,227.92000000000002,999.9655
crom_q[1203],18,51,q,M7,227.98399999999998,999.9655
crom_q[1204],18,52,q,M7,228.048,999.9655
crom_q[1205],18,53,q,M7,228.112,999.9655
crom_q[1206],18,54,q,M7,228.176,999.9655
crom_q[1207],18,55,q,M7,228.24,999.9655
crom_q[1208],18,56,q,M7,228.304,999.9655
crom_q[1209],18,57,q,M7,228.368,999.9655
crom_q[120],1,56,q,M7,21.776000000000003,999.9655
crom_q[1210],18,58,q,M7,228.43200000000002,999.9655
crom_q[1211],18,59,q,M7,228.49599999999998,999.9655
crom_q[1212],18,60,q,M7,228.56,999.9655
crom_q[1213],18,61,q,M7,228.624,999.9655
crom_q[1214],18,62,q,M7,228.688,999.9655
crom_q[1215],18,63,q,M7,228.752,999.9655
crom_q[1216],19,0,q,M5,237.9,999.9580000000001
crom_q[1217],19,1,q,M5,237.948,999.9580000000001
crom_q[1218],19,2,q,M5,237.996,999.9580000000001
crom_q[1219],19,3,q,M5,238.044,999.9580000000001
crom_q[121],1,57,q,M7,21.840000000000003,999.9655
crom_q[1220],19,4,q,M5,238.092,999.9580000000001
crom_q[1221],19,5,q,M5,238.14,999.9580000000001
crom_q[1222],19,6,q,M5,238.188,999.9580000000001
crom_q[1223],19,7,q,M5,238.236,999.9580000000001
crom_q[1224],19,8,q,M5,238.284,999.9580000000001
crom_q[1225],19,9,q,M5,238.332,999.9580000000001
crom_q[1226],19,10,q,M5,238.38,999.9580000000001
crom_q[1227],19,11,q,M5,238.428,999.9580000000001
crom_q[1228],19,12,q,M5,238.476,999.9580000000001
crom_q[1229],19,13,q,M5,238.524,999.9580000000001
crom_q[122],1,58,q,M7,21.904000000000003,999.9655
crom_q[1230],19,14,q,M5,238.572,999.9580000000001
crom_q[1231],19,15,q,M5,238.62,999.9580000000001
crom_q[1232],19,16,q,M5,238.668,999.9580000000001
crom_q[1233],19,17,q,M5,238.716,999.9580000000001
crom_q[1234],19,18,q,M5,238.764,999.9580000000001
crom_q[1235],19,19,q,M5,238.812,999.9580000000001
crom_q[1236],19,20,q,M5,238.86,999.9580000000001
crom_q[1237],19,21,q,M5,238.908,999.9580000000001
crom_q[1238],19,22,q,M5,238.956,999.9580000000001
crom_q[1239],19,23,q,M5,239.004,999.9580000000001
crom_q[123],1,59,q,M7,21.968000000000004,999.9655
crom_q[1240],19,24,q,M5,239.052,999.9580000000001
crom_q[1241],19,25,q,M5,239.1,999.9580000000001
crom_q[1242],19,26,q,M5,239.148,999.9580000000001
crom_q[1243],19,27,q,M5,239.196,999.9580000000001
crom_q[1244],19,28,q,M5,239.244,999.9580000000001
crom_q[1245],19,29,q,M5,239.292,999.9580000000001
crom_q[1246],19,30,q,M5,239.34,999.9580000000001
crom_q[1247],19,31,q,M5,239.388,999.9580000000001
crom_q[1248],19,32,q,M5,239.436,999.9580000000001
crom_q[1249],19,33,q,M5,239.484,999.9580000000001
crom_q[124],1,60,q,M7,22.031999999999996,999.9655
crom_q[1250],19,34,q,M5,239.532,999.9580000000001
crom_q[1251],19,35,q,M5,239.58,999.9580000000001
crom_q[1252],19,36,q,M5,239.628,999.9580000000001
crom_q[1253],19,37,q,M5,239.676,999.9580000000001
crom_q[1254],19,38,q,M5,239.724,999.9580000000001
crom_q[1255],19,39,q,M5,239.772,999.9580000000001
crom_q[1256],19,40,q,M5,239.82,999.9580000000001
crom_q[1257],19,41,q,M5,239.868,999.9580000000001
crom_q[1258],19,42,q,M5,239.916,999.9580000000001
crom_q[1259],19,43,q,M5,239.964,999.9580000000001
crom_q[125],1,61,q,M7,22.095999999999997,999.9655
crom_q[1260],19,44,q,M5,240.012,999.9580000000001
crom_q[1261],19,45,q,M5,240.06,999.9580000000001
crom_q[1262],19,46,q,M5,240.108,999.9580000000001
crom_q[1263],19,47,q,M5,240.156,999.9580000000001
crom_q[1264],19,48,q,M5,240.204,999.9580000000001
crom_q[1265],19,49,q,M5,240.252,999.9580000000001
crom_q[1266],19,50,q,M5,240.3,999.9580000000001
crom_q[1267],19,51,q,M5,240.348,999.9580000000001
crom_q[1268],19,52,q,M5,240.396,999.9580000000001
crom_q[1269],19,53,q,M5,240.444,999.9580000000001
crom_q[126],1,62,q,M7,22.159999999999997,999.9655
crom_q[1270],19,54,q,M5,240.492,999.9580000000001
crom_q[1271],19,55,q,M5,240.54,999.9580000000001
crom_q[1272],19,56,q,M5,240.588,999.9580000000001
crom_q[1273],19,57,q,M5,240.636,999.9580000000001
crom_q[1274],19,58,q,M5,240.684,999.9580000000001
crom_q[1275],19,59,q,M5,240.732,999.9580000000001
crom_q[1276],19,60,q,M5,240.78,999.9580000000001
crom_q[1277],19,61,q,M5,240.828,999.9580000000001
crom_q[1278],19,62,q,M5,240.876,999.9580000000001
crom_q[1279],19,63,q,M5,240.924,999.9580000000001
crom_q[127],1,63,q,M7,22.223999999999997,999.9655
crom_q[1280],20,0,q,M7,249.04000000000002,999.9655
crom_q[1281],20,1,q,M7,249.10399999999998,999.9655
crom_q[1282],20,2,q,M7,249.168,999.9655
crom_q[1283],20,3,q,M7,249.232,999.9655
crom_q[1284],20,4,q,M7,249.296,999.9655
crom_q[1285],20,5,q,M7,249.36,999.9655
crom_q[1286],20,6,q,M7,249.42399999999998,999.9655
crom_q[1287],20,7,q,M7,249.488,999.9655
crom_q[1288],20,8,q,M7,249.55200000000002,999.9655
crom_q[1289],20,9,q,M7,249.61599999999999,999.9655
crom_q[128],2,0,q,M7,30.351999999999997,999.9655
crom_q[1290],20,10,q,M7,249.68,999.9655
crom_q[1291],20,11,q,M7,249.744,999.9655
crom_q[1292],20,12,q,M7,249.808,999.9655
crom_q[1293],20,13,q,M7,249.872,999.9655
crom_q[1294],20,14,q,M7,249.93599999999998,999.9655
crom_q[1295],20,15,q,M7,250.0,999.9655
crom_q[1296],20,16,q,M7,250.06400000000002,999.9655
crom_q[1297],20,17,q,M7,250.128,999.9655
crom_q[1298],20,18,q,M7,250.192,999.9655
crom_q[1299],20,19,q,M7,250.256,999.9655
crom_q[129],2,1,q,M7,30.415999999999997,999.9655
crom_q[12],0,12,q,M5,7.644,999.9580000000001
crom_q[1300],20,20,q,M7,250.32,999.9655
crom_q[1301],20,21,q,M7,250.38400000000001,999.9655
crom_q[1302],20,22,q,M7,250.44799999999998,999.9655
crom_q[1303],20,23,q,M7,250.512,999.9655
crom_q[1304],20,24,q,M7,250.57600000000002,999.9655
crom_q[1305],20,25,q,M7,250.64,999.9655
crom_q[1306],20,26,q,M7,250.704,999.9655
crom_q[1307],20,27,q,M7,250.768,999.9655
crom_q[1308],20,28,q,M7,250.832,999.9655
crom_q[1309],20,29,q,M7,250.89600000000002,999.9655
crom_q[130],2,2,q,M7,30.479999999999997,999.9655
crom_q[1310],20,30,q,M7,250.95999999999998,999.9655
crom_q[1311],20,31,q,M7,251.024,999.9655
crom_q[1312],20,32,q,M7,251.08800000000002,999.9655
crom_q[1313],20,33,q,M7,251.152,999.9655
crom_q[1314],20,34,q,M7,251.216,999.9655
crom_q[1315],20,35,q,M7,251.28,999.9655
crom_q[1316],20,36,q,M7,251.344,999.9655
crom_q[1317],20,37,q,M7,251.40800000000002,999.9655
crom_q[1318],20,38,q,M7,251.47199999999998,999.9655
crom_q[1319],20,39,q,M7,251.536,999.9655
crom_q[131],2,3,q,M7,30.543999999999997,999.9655
crom_q[1320],20,40,q,M7,251.60000000000002,999.9655
crom_q[1321],20,41,q,M7,251.664,999.9655
crom_q[1322],20,42,q,M7,251.728,999.9655
crom_q[1323],20,43,q,M7,251.792,999.9655
crom_q[1324],20,44,q,M7,251.856,999.9655
crom_q[1325],20,45,q,M7,251.92000000000002,999.9655
crom_q[1326],20,46,q,M7,251.98399999999998,999.9655
crom_q[1327],20,47,q,M7,252.048,999.9655
crom_q[1328],20,48,q,M7,252.112,999.9655
crom_q[1329],20,49,q,M7,252.176,999.9655
crom_q[132],2,4,q,M7,30.607999999999997,999.9655
crom_q[1330],20,50,q,M7,252.24,999.9655
crom_q[1331],20,51,q,M7,252.304,999.9655
crom_q[1332],20,52,q,M7,252.368,999.9655
crom_q[1333],20,53,q,M7,252.43200000000002,999.9655
crom_q[1334],20,54,q,M7,252.49599999999998,999.9655
crom_q[1335],20,55,q,M7,252.56,999.9655
crom_q[1336],20,56,q,M7,252.624,999.9655
crom_q[1337],20,57,q,M7,252.688,999.9655
crom_q[1338],20,58,q,M7,252.752,999.9655
crom_q[1339],20,59,q,M7,252.816,999.9655
crom_q[133],2,5,q,M7,30.671999999999997,999.9655
crom_q[1340],20,60,q,M7,252.88,999.9655
crom_q[1341],20,61,q,M7,252.94400000000002,999.9655
crom_q[1342],20,62,q,M7,253.00799999999998,999.9655
crom_q[1343],20,63,q,M7,253.072,999.9655
crom_q[1344],21,0,q,M7,261.20000000000005,999.9655
crom_q[1345],21,1,q,M7,261.264,999.9655
crom_q[1346],21,2,q,M7,261.328,999.9655
crom_q[1347],21,3,q,M7,261.392,999.9655
crom_q[1348],21,4,q,M7,261.456,999.9655
crom_q[1349],21,5,q,M7,261.52,999.9655
crom_q[134],2,6,q,M7,30.735999999999997,999.9655
crom_q[1350],21,6,q,M7,261.584,999.9655
crom_q[1351],21,7,q,M7,261.648,999.9655
crom_q[1352],21,8,q,M7,261.712,999.9655
crom_q[1353],21,9,q,M7,261.77599999999995,999.9655
crom_q[1354],21,10,q,M7,261.84000000000003,999.9655
crom_q[1355],21,11,q,M7,261.904,999.9655
crom_q[1356],21,12,q,M7,261.96799999999996,999.9655
crom_q[1357],21,13,q,M7,262.03200000000004,999.9655
crom_q[1358],21,14,q,M7,262.096,999.9655
crom_q[1359],21,15,q,M7,262.15999999999997,999.9655
crom_q[135],2,7,q,M7,30.799999999999997,999.9655
crom_q[1360],21,16,q,M7,262.22400000000005,999.9655
crom_q[1361],21,17,q,M7,262.288,999.9655
crom_q[1362],21,18,q,M7,262.352,999.9655
crom_q[1363],21,19,q,M7,262.416,999.9655
crom_q[1364],21,20,q,M7,262.48,999.9655
crom_q[1365],21,21,q,M7,262.544,999.9655
crom_q[1366],21,22,q,M7,262.608,999.9655
crom_q[1367],21,23,q,M7,262.672,999.9655
crom_q[1368],21,24,q,M7,262.736,999.9655
crom_q[1369],21,25,q,M7,262.79999999999995,999.9655
crom_q[136],2,8,q,M7,30.863999999999997,999.9655
crom_q[1370],21,26,q,M7,262.86400000000003,999.9655
crom_q[1371],21,27,q,M7,262.928,999.9655
crom_q[1372],21,28,q,M7,262.99199999999996,999.9655
crom_q[1373],21,29,q,M7,263.05600000000004,999.9655
crom_q[1374],21,30,q,M7,263.12,999.9655
crom_q[1375],21,31,q,M7,263.18399999999997,999.9655
crom_q[1376],21,32,q,M7,263.24800000000005,999.9655
crom_q[1377],21,33,q,M7,263.312,999.9655
crom_q[1378],21,34,q,M7,263.376,999.9655
crom_q[1379],21,35,q,M7,263.44,999.9655
crom_q[137],2,9,q,M7,30.927999999999997,999.9655
crom_q[1380],21,36,q,M7,263.504,999.9655
crom_q[1381],21,37,q,M7,263.568,999.9655
crom_q[1382],21,38,q,M7,263.632,999.9655
crom_q[1383],21,39,q,M7,263.696,999.9655
crom_q[1384],21,40,q,M7,263.76,999.9655
crom_q[1385],21,41,q,M7,263.82399999999996,999.9655
crom_q[1386],21,42,q,M7,263.88800000000003,999.9655
crom_q[1387],21,43,q,M7,263.952,999.9655
crom_q[1388],21,44,q,M7,264.01599999999996,999.9655
crom_q[1389],21,45,q,M7,264.08000000000004,999.9655
crom_q[138],2,10,q,M7,30.991999999999997,999.9655
crom_q[1390],21,46,q,M7,264.144,999.9655
crom_q[1391],21,47,q,M7,264.20799999999997,999.9655
crom_q[1392],21,48,q,M7,264.272,999.9655
crom_q[1393],21,49,q,M7,264.336,999.9655
crom_q[1394],21,50,q,M7,264.4,999.9655
crom_q[1395],21,51,q,M7,264.464,999.9655
crom_q[1396],21,52,q,M7,264.528,999.9655
crom_q[1397],21,53,q,M7,264.592,999.9655
crom_q[1398],21,54,q,M7,264.656,999.9655
crom_q[1399],21,55,q,M7,264.72,999.9655
crom_q[139],2,11,q,M7,31.055999999999997,999.9655
crom_q[13],0,13,q,M5,7.692,999.9580000000001
crom_q[1400],21,56,q,M7,264.784,999.9655
crom_q[1401],21,57,q,M7,264.84799999999996,999.9655
crom_q[1402],21,58,q,M7,264.91200000000003,999.9655
crom_q[1403],21,59,q,M7,264.976,999.9655
crom_q[1404],21,60,q,M7,265.03999999999996,999.9655
crom_q[1405],21,61,q,M7,265.10400000000004,999.9655
crom_q[1406],21,62,q,M7,265.168,999.9655
crom_q[1407],21,63,q,M7,265.23199999999997,999.9655
crom_q[1408],22,0,q,M5,274.332,999.9580000000001
crom_q[1409],22,1,q,M5,274.38,999.9580000000001
crom_q[140],2,12,q,M7,31.119999999999997,999.9655
crom_q[1410],22,2,q,M5,274.428,999.9580000000001
crom_q[1411],22,3,q,M5,274.476,999.9580000000001
crom_q[1412],22,4,q,M5,274.524,999.9580000000001
crom_q[1413],22,5,q,M5,274.572,999.9580000000001
crom_q[1414],22,6,q,M5,274.62,999.9580000000001
crom_q[1415],22,7,q,M5,274.668,999.9580000000001
crom_q[1416],22,8,q,M5,274.716,999.9580000000001
crom_q[1417],22,9,q,M5,274.764,999.9580000000001
crom_q[1418],22,10,q,M5,274.812,999.9580000000001
crom_q[1419],22,11,q,M5,274.86,999.9580000000001
crom_q[141],2,13,q,M7,31.183999999999997,999.9655
crom_q[1420],22,12,q,M5,274.908,999.9580000000001
crom_q[1421],22,13,q,M5,274.956,999.9580000000001
crom_q[1422],22,14,q,M5,275.004,999.9580000000001
crom_q[1423],22,15,q,M5,275.052,999.9580000000001
crom_q[1424],22,16,q,M5,275.1,999.9580000000001
crom_q[1425],22,17,q,M5,275.148,999.9580000000001
crom_q[1426],22,18,q,M5,275.196,999.9580000000001
crom_q[1427],22,19,q,M5,275.244,999.9580000000001
crom_q[1428],22,20,q,M5,275.292,999.9580000000001
crom_q[1429],22,21,q,M5,275.34,999.9580000000001
crom_q[142],2,14,q,M7,31.247999999999998,999.9655
crom_q[1430],22,22,q,M5,275.388,999.9580000000001
crom_q[1431],22,23,q,M5,275.436,999.9580000000001
crom_q[1432],22,24,q,M5,275.484,999.9580000000001
crom_q[1433],22,25,q,M5,275.532,999.9580000000001
crom_q[1434],22,26,q,M5,275.58,999.9580000000001
crom_q[1435],22,27,q,M5,275.628,999.9580000000001
crom_q[1436],22,28,q,M5,275.676,999.9580000000001
crom_q[1437],22,29,q,M5,275.724,999.9580000000001
crom_q[1438],22,30,q,M5,275.772,999.9580000000001
crom_q[1439],22,31,q,M5,275.82,999.9580000000001
crom_q[143],2,15,q,M7,31.311999999999998,999.9655
crom_q[1440],22,32,q,M5,275.868,999.9580000000001
crom_q[1441],22,33,q,M5,275.916,999.9580000000001
crom_q[1442],22,34,q,M5,275.964,999.9580000000001
crom_q[1443],22,35,q,M5,276.012,999.9580000000001
crom_q[1444],22,36,q,M5,276.06,999.9580000000001
crom_q[1445],22,37,q,M5,276.108,999.9580000000001
crom_q[1446],22,38,q,M5,276.156,999.9580000000001
crom_q[1447],22,39,q,M5,276.204,999.9580000000001
crom_q[1448],22,40,q,M5,276.252,999.9580000000001
crom_q[1449],22,41,q,M5,276.3,999.9580000000001
crom_q[144],2,16,q,M7,31.375999999999998,999.9655
crom_q[1450],22,42,q,M5,276.348,999.9580000000001
crom_q[1451],22,43,q,M5,276.396,999.9580000000001
crom_q[1452],22,44,q,M5,276.444,999.9580000000001
crom_q[1453],22,45,q,M5,276.492,999.9580000000001
crom_q[1454],22,46,q,M5,276.54,999.9580000000001
crom_q[1455],22,47,q,M5,276.588,999.9580000000001
crom_q[1456],22,48,q,M5,276.636,999.9580000000001
crom_q[1457],22,49,q,M5,276.684,999.9580000000001
crom_q[1458],22,50,q,M5,276.732,999.9580000000001
crom_q[1459],22,51,q,M5,276.78,999.9580000000001
crom_q[145],2,17,q,M7,31.439999999999998,999.9655
crom_q[1460],22,52,q,M5,276.828,999.9580000000001
crom_q[1461],22,53,q,M5,276.876,999.9580000000001
crom_q[1462],22,54,q,M5,276.924,999.9580000000001
crom_q[1463],22,55,q,M5,276.972,999.9580000000001
crom_q[1464],22,56,q,M5,277.02,999.9580000000001
crom_q[1465],22,57,q,M5,277.068,999.9580000000001
crom_q[1466],22,58,q,M5,277.116,999.9580000000001
crom_q[1467],22,59,q,M5,277.164,999.9580000000001
crom_q[1468],22,60,q,M5,277.212,999.9580000000001
crom_q[1469],22,61,q,M5,277.26,999.9580000000001
crom_q[146],2,18,q,M7,31.503999999999998,999.9655
crom_q[1470],22,62,q,M5,277.308,999.9580000000001
crom_q[1471],22,63,q,M5,277.356,999.9580000000001
crom_q[1472],23,0,q,M5,286.524,999.9580000000001
crom_q[1473],23,1,q,M5,286.572,999.9580000000001
crom_q[1474],23,2,q,M5,286.62,999.9580000000001
crom_q[1475],23,3,q,M5,286.668,999.9580000000001
crom_q[1476],23,4,q,M5,286.716,999.9580000000001
crom_q[1477],23,5,q,M5,286.764,999.9580000000001
crom_q[1478],23,6,q,M5,286.812,999.9580000000001
crom_q[1479],23,7,q,M5,286.86,999.9580000000001
crom_q[147],2,19,q,M7,31.567999999999998,999.9655
crom_q[1480],23,8,q,M5,286.908,999.9580000000001
crom_q[1481],23,9,q,M5,286.956,999.9580000000001
crom_q[1482],23,10,q,M5,287.004,999.9580000000001
crom_q[1483],23,11,q,M5,287.052,999.9580000000001
crom_q[1484],23,12,q,M5,287.1,999.9580000000001
crom_q[1485],23,13,q,M5,287.148,999.9580000000001
crom_q[1486],23,14,q,M5,287.196,999.9580000000001
crom_q[1487],23,15,q,M5,287.244,999.9580000000001
crom_q[1488],23,16,q,M5,287.292,999.9580000000001
crom_q[1489],23,17,q,M5,287.34,999.9580000000001
crom_q[148],2,20,q,M7,31.631999999999998,999.9655
crom_q[1490],23,18,q,M5,287.388,999.9580000000001
crom_q[1491],23,19,q,M5,287.436,999.9580000000001
crom_q[1492],23,20,q,M5,287.484,999.9580000000001
crom_q[1493],23,21,q,M5,287.532,999.9580000000001
crom_q[1494],23,22,q,M5,287.58,999.9580000000001
crom_q[1495],23,23,q,M5,287.628,999.9580000000001
crom_q[1496],23,24,q,M5,287.676,999.9580000000001
crom_q[1497],23,25,q,M5,287.724,999.9580000000001
crom_q[1498],23,26,q,M5,287.772,999.9580000000001
crom_q[1499],23,27,q,M5,287.82,999.9580000000001
crom_q[149],2,21,q,M7,31.695999999999998,999.9655
crom_q[14],0,14,q,M5,7.74,999.9580000000001
crom_q[1500],23,28,q,M5,287.868,999.9580000000001
crom_q[1501],23,29,q,M5,287.916,999.9580000000001
crom_q[1502],23,30,q,M5,287.964,999.9580000000001
crom_q[1503],23,31,q,M5,288.012,999.9580000000001
crom_q[1504],23,32,q,M5,288.06,999.9580000000001
crom_q[1505],23,33,q,M5,288.108,999.9580000000001
crom_q[1506],23,34,q,M5,288.156,999.9580000000001
crom_q[1507],23,35,q,M5,288.204,999.9580000000001
crom_q[1508],23,36,q,M5,288.252,999.9580000000001
crom_q[1509],23,37,q,M5,288.3,999.9580000000001
crom_q[150],2,22,q,M7,31.759999999999998,999.9655
crom_q[1510],23,38,q,M5,288.348,999.9580000000001
crom_q[1511],23,39,q,M5,288.396,999.9580000000001
crom_q[1512],23,40,q,M5,288.444,999.9580000000001
crom_q[1513],23,41,q,M5,288.492,999.9580000000001
crom_q[1514],23,42,q,M5,288.54,999.9580000000001
crom_q[1515],23,43,q,M5,288.588,999.9580000000001
crom_q[1516],23,44,q,M5,288.636,999.9580000000001
crom_q[1517],23,45,q,M5,288.684,999.9580000000001
crom_q[1518],23,46,q,M5,288.732,999.9580000000001
crom_q[1519],23,47,q,M5,288.78,999.9580000000001
crom_q[151],2,23,q,M7,31.823999999999998,999.9655
crom_q[1520],23,48,q,M5,288.828,999.9580000000001
crom_q[1521],23,49,q,M5,288.876,999.9580000000001
crom_q[1522],23,50,q,M5,288.924,999.9580000000001
crom_q[1523],23,51,q,M5,288.972,999.9580000000001
crom_q[1524],23,52,q,M5,289.02,999.9580000000001
crom_q[1525],23,53,q,M5,289.068,999.9580000000001
crom_q[1526],23,54,q,M5,289.116,999.9580000000001
crom_q[1527],23,55,q,M5,289.164,999.9580000000001
crom_q[1528],23,56,q,M5,289.212,999.9580000000001
crom_q[1529],23,57,q,M5,289.26,999.9580000000001
crom_q[152],2,24,q,M7,31.887999999999998,999.9655
crom_q[1530],23,58,q,M5,289.308,999.9580000000001
crom_q[1531],23,59,q,M5,289.356,999.9580000000001
crom_q[1532],23,60,q,M5,289.404,999.9580000000001
crom_q[1533],23,61,q,M5,289.452,999.9580000000001
crom_q[1534],23,62,q,M5,289.5,999.9580000000001
crom_q[1535],23,63,q,M5,289.548,999.9580000000001
crom_q[1536],24,0,q,M7,297.616,999.9655
crom_q[1537],24,1,q,M7,297.68,999.9655
crom_q[1538],24,2,q,M7,297.744,999.9655
crom_q[1539],24,3,q,M7,297.808,999.9655
crom_q[153],2,25,q,M7,31.951999999999998,999.9655
crom_q[1540],24,4,q,M7,297.87199999999996,999.9655
crom_q[1541],24,5,q,M7,297.93600000000004,999.9655
crom_q[1542],24,6,q,M7,298.0,999.9655
crom_q[1543],24,7,q,M7,298.06399999999996,999.9655
crom_q[1544],24,8,q,M7,298.12800000000004,999.9655
crom_q[1545],24,9,q,M7,298.192,999.9655
crom_q[1546],24,10,q,M7,298.256,999.9655
crom_q[1547],24,11,q,M7,298.32,999.9655
crom_q[1548],24,12,q,M7,298.384,999.9655
crom_q[1549],24,13,q,M7,298.448,999.9655
crom_q[154],2,26,q,M7,32.016,999.9655
crom_q[1550],24,14,q,M7,298.512,999.9655
crom_q[1551],24,15,q,M7,298.576,999.9655
crom_q[1552],24,16,q,M7,298.64,999.9655
crom_q[1553],24,17,q,M7,298.704,999.9655
crom_q[1554],24,18,q,M7,298.76800000000003,999.9655
crom_q[1555],24,19,q,M7,298.832,999.9655
crom_q[1556],24,20,q,M7,298.89599999999996,999.9655
crom_q[1557],24,21,q,M7,298.96000000000004,999.9655
crom_q[1558],24,22,q,M7,299.024,999.9655
crom_q[1559],24,23,q,M7,299.08799999999997,999.9655
crom_q[155],2,27,q,M7,32.08,999.9655
crom_q[1560],24,24,q,M7,299.15200000000004,999.9655
crom_q[1561],24,25,q,M7,299.216,999.9655
crom_q[1562],24,26,q,M7,299.28,999.9655
crom_q[1563],24,27,q,M7,299.344,999.9655
crom_q[1564],24,28,q,M7,299.408,999.9655
crom_q[1565],24,29,q,M7,299.472,999.9655
crom_q[1566],24,30,q,M7,299.536,999.9655
crom_q[1567],24,31,q,M7,299.6,999.9655
crom_q[1568],24,32,q,M7,299.664,999.9655
crom_q[1569],24,33,q,M7,299.728,999.9655
crom_q[156],2,28,q,M7,32.144,999.9655
crom_q[1570],24,34,q,M7,299.79200000000003,999.9655
crom_q[1571],24,35,q,M7,299.856,999.9655
crom_q[1572],24,36,q,M7,299.91999999999996,999.9655
crom_q[1573],24,37,q,M7,299.98400000000004,999.9655
crom_q[1574],24,38,q,M7,300.048,999.9655
crom_q[1575],24,39,q,M7,300.11199999999997,999.9655
crom_q[1576],24,40,q,M7,300.17600000000004,999.9655
crom_q[1577],24,41,q,M7,300.24,999.9655
crom_q[1578],24,42,q,M7,300.304,999.9655
crom_q[1579],24,43,q,M7,300.368,999.9655
crom_q[157],2,29,q,M7,32.208,999.9655
crom_q[1580],24,44,q,M7,300.432,999.9655
crom_q[1581],24,45,q,M7,300.496,999.9655
crom_q[1582],24,46,q,M7,300.56,999.9655
crom_q[1583],24,47,q,M7,300.624,999.9655
crom_q[1584],24,48,q,M7,300.688,999.9655
crom_q[1585],24,49,q,M7,300.75199999999995,999.9655
crom_q[1586],24,50,q,M7,300.81600000000003,999.9655
crom_q[1587],24,51,q,M7,300.88,999.9655
crom_q[1588],24,52,q,M7,300.94399999999996,999.9655
crom_q[1589],24,53,q,M7,301.00800000000004,999.9655
crom_q[158],2,30,q,M7,32.272,999.9655
crom_q[1590],24,54,q,M7,301.072,999.9655
crom_q[1591],24,55,q,M7,301.13599999999997,999.9655
crom_q[1592],24,56,q,M7,301.20000000000005,999.9655
crom_q[1593],24,57,q,M7,301.264,999.9655
crom_q[1594],24,58,q,M7,301.328,999.9655
crom_q[1595],24,59,q,M7,301.392,999.9655
crom_q[1596],24,60,q,M7,301.456,999.9655
crom_q[1597],24,61,q,M7,301.52,999.9655
crom_q[1598],24,62,q,M7,301.584,999.9655
crom_q[1599],24,63,q,M7,301.648,999.9655
crom_q[159],2,31,q,M7,32.336,999.9655
crom_q[15],0,15,q,M5,7.788,999.9580000000001
crom_q[1600],25,0,q,M7,309.77599999999995,999.9655
crom_q[1601],25,1,q,M7,309.84000000000003,999.9655
crom_q[1602],25,2,q,M7,309.904,999.9655
crom_q[1603],25,3,q,M7,309.96799999999996,999.9655
crom_q[1604],25,4,q,M7,310.03200000000004,999.9655
crom_q[1605],25,5,q,M7,310.096,999.9655
crom_q[1606],25,6,q,M7,310.15999999999997,999.9655
crom_q[1607],25,7,q,M7,310.22400000000005,999.9655
crom_q[1608],25,8,q,M7,310.288,999.9655
crom_q[1609],25,9,q,M7,310.352,999.9655
crom_q[160],2,32,q,M7,32.4,999.9655
crom_q[1610],25,10,q,M7,310.416,999.9655
crom_q[1611],25,11,q,M7,310.48,999.9655
crom_q[1612],25,12,q,M7,310.544,999.9655
crom_q[1613],25,13,q,M7,310.608,999.9655
crom_q[1614],25,14,q,M7,310.672,999.9655
crom_q[1615],25,15,q,M7,310.736,999.9655
crom_q[1616],25,16,q,M7,310.79999999999995,999.9655
crom_q[1617],25,17,q,M7,310.86400000000003,999.9655
crom_q[1618],25,18,q,M7,310.928,999.9655
crom_q[1619],25,19,q,M7,310.99199999999996,999.9655
crom_q[161],2,33,q,M7,32.464,999.9655
crom_q[1620],25,20,q,M7,311.05600000000004,999.9655
crom_q[1621],25,21,q,M7,311.12,999.9655
crom_q[1622],25,22,q,M7,311.18399999999997,999.9655
crom_q[1623],25,23,q,M7,311.24800000000005,999.9655
crom_q[1624],25,24,q,M7,311.312,999.9655
crom_q[1625],25,25,q,M7,311.376,999.9655
crom_q[1626],25,26,q,M7,311.44,999.9655
crom_q[1627],25,27,q,M7,311.504,999.9655
crom_q[1628],25,28,q,M7,311.568,999.9655
crom_q[1629],25,29,q,M7,311.632,999.9655
crom_q[162],2,34,q,M7,32.528,999.9655
crom_q[1630],25,30,q,M7,311.696,999.9655
crom_q[1631],25,31,q,M7,311.76,999.9655
crom_q[1632],25,32,q,M7,311.82399999999996,999.9655
crom_q[1633],25,33,q,M7,311.88800000000003,999.9655
crom_q[1634],25,34,q,M7,311.952,999.9655
crom_q[1635],25,35,q,M7,312.01599999999996,999.9655
crom_q[1636],25,36,q,M7,312.08000000000004,999.9655
crom_q[1637],25,37,q,M7,312.144,999.9655
crom_q[1638],25,38,q,M7,312.20799999999997,999.9655
crom_q[1639],25,39,q,M7,312.272,999.9655
crom_q[163],2,35,q,M7,32.592,999.9655
crom_q[1640],25,40,q,M7,312.336,999.9655
crom_q[1641],25,41,q,M7,312.4,999.9655
crom_q[1642],25,42,q,M7,312.464,999.9655
crom_q[1643],25,43,q,M7,312.528,999.9655
crom_q[1644],25,44,q,M7,312.592,999.9655
crom_q[1645],25,45,q,M7,312.656,999.9655
crom_q[1646],25,46,q,M7,312.72,999.9655
crom_q[1647],25,47,q,M7,312.784,999.9655
crom_q[1648],25,48,q,M7,312.84799999999996,999.9655
crom_q[1649],25,49,q,M7,312.91200000000003,999.9655
crom_q[164],2,36,q,M7,32.656,999.9655
crom_q[1650],25,50,q,M7,312.976,999.9655
crom_q[1651],25,51,q,M7,313.03999999999996,999.9655
crom_q[1652],25,52,q,M7,313.10400000000004,999.9655
crom_q[1653],25,53,q,M7,313.168,999.9655
crom_q[1654],25,54,q,M7,313.23199999999997,999.9655
crom_q[1655],25,55,q,M7,313.296,999.9655
crom_q[1656],25,56,q,M7,313.36,999.9655
crom_q[1657],25,57,q,M7,313.424,999.9655
crom_q[1658],25,58,q,M7,313.488,999.9655
crom_q[1659],25,59,q,M7,313.552,999.9655
crom_q[165],2,37,q,M7,32.72,999.9655
crom_q[1660],25,60,q,M7,313.616,999.9655
crom_q[1661],25,61,q,M7,313.68,999.9655
crom_q[1662],25,62,q,M7,313.744,999.9655
crom_q[1663],25,63,q,M7,313.808,999.9655
crom_q[1664],26,0,q,M5,322.956,999.9580000000001
crom_q[1665],26,1,q,M5,323.004,999.9580000000001
crom_q[1666],26,2,q,M5,323.052,999.9580000000001
crom_q[1667],26,3,q,M5,323.1,999.9580000000001
crom_q[1668],26,4,q,M5,323.148,999.9580000000001
crom_q[1669],26,5,q,M5,323.196,999.9580000000001
crom_q[166],2,38,q,M7,32.784,999.9655
crom_q[1670],26,6,q,M5,323.244,999.9580000000001
crom_q[1671],26,7,q,M5,323.292,999.9580000000001
crom_q[1672],26,8,q,M5,323.34,999.9580000000001
crom_q[1673],26,9,q,M5,323.388,999.9580000000001
crom_q[1674],26,10,q,M5,323.436,999.9580000000001
crom_q[1675],26,11,q,M5,323.484,999.9580000000001
crom_q[1676],26,12,q,M5,323.532,999.9580000000001
crom_q[1677],26,13,q,M5,323.58,999.9580000000001
crom_q[1678],26,14,q,M5,323.628,999.9580000000001
crom_q[1679],26,15,q,M5,323.676,999.9580000000001
crom_q[167],2,39,q,M7,32.848,999.9655
crom_q[1680],26,16,q,M5,323.724,999.9580000000001
crom_q[1681],26,17,q,M5,323.772,999.9580000000001
crom_q[1682],26,18,q,M5,323.82,999.9580000000001
crom_q[1683],26,19,q,M5,323.868,999.9580000000001
crom_q[1684],26,20,q,M5,323.916,999.9580000000001
crom_q[1685],26,21,q,M5,323.964,999.9580000000001
crom_q[1686],26,22,q,M5,324.012,999.9580000000001
crom_q[1687],26,23,q,M5,324.06,999.9580000000001
crom_q[1688],26,24,q,M5,324.108,999.9580000000001
crom_q[1689],26,25,q,M5,324.156,999.9580000000001
crom_q[168],2,40,q,M7,32.912,999.9655
crom_q[1690],26,26,q,M5,324.204,999.9580000000001
crom_q[1691],26,27,q,M5,324.252,999.9580000000001
crom_q[1692],26,28,q,M5,324.3,999.9580000000001
crom_q[1693],26,29,q,M5,324.348,999.9580000000001
crom_q[1694],26,30,q,M5,324.396,999.9580000000001
crom_q[1695],26,31,q,M5,324.444,999.9580000000001
crom_q[1696],26,32,q,M5,324.492,999.9580000000001
crom_q[1697],26,33,q,M5,324.54,999.9580000000001
crom_q[1698],26,34,q,M5,324.588,999.9580000000001
crom_q[1699],26,35,q,M5,324.636,999.9580000000001
crom_q[169],2,41,q,M7,32.976,999.9655
crom_q[16],0,16,q,M5,7.836,999.9580000000001
crom_q[1700],26,36,q,M5,324.684,999.9580000000001
crom_q[1701],26,37,q,M5,324.732,999.9580000000001
crom_q[1702],26,38,q,M5,324.78,999.9580000000001
crom_q[1703],26,39,q,M5,324.828,999.9580000000001
crom_q[1704],26,40,q,M5,324.876,999.9580000000001
crom_q[1705],26,41,q,M5,324.924,999.9580000000001
crom_q[1706],26,42,q,M5,324.972,999.9580000000001
crom_q[1707],26,43,q,M5,325.02,999.9580000000001
crom_q[1708],26,44,q,M5,325.068,999.9580000000001
crom_q[1709],26,45,q,M5,325.116,999.9580000000001
crom_q[170],2,42,q,M7,33.04,999.9655
crom_q[1710],26,46,q,M5,325.164,999.9580000000001
crom_q[1711],26,47,q,M5,325.212,999.9580000000001
crom_q[1712],26,48,q,M5,325.26,999.9580000000001
crom_q[1713],26,49,q,M5,325.308,999.9580000000001
crom_q[1714],26,50,q,M5,325.356,999.9580000000001
crom_q[1715],26,51,q,M5,325.404,999.9580000000001
crom_q[1716],26,52,q,M5,325.452,999.9580000000001
crom_q[1717],26,53,q,M5,325.5,999.9580000000001
crom_q[1718],26,54,q,M5,325.548,999.9580000000001
crom_q[1719],26,55,q,M5,325.596,999.9580000000001
crom_q[171],2,43,q,M7,33.104,999.9655
crom_q[1720],26,56,q,M5,325.644,999.9580000000001
crom_q[1721],26,57,q,M5,325.692,999.9580000000001
crom_q[1722],26,58,q,M5,325.74,999.9580000000001
crom_q[1723],26,59,q,M5,325.788,999.9580000000001
crom_q[1724],26,60,q,M5,325.836,999.9580000000001
crom_q[1725],26,61,q,M5,325.884,999.9580000000001
crom_q[1726],26,62,q,M5,325.932,999.9580000000001
crom_q[1727],26,63,q,M5,325.98,999.9580000000001
crom_q[1728],27,0,q,M5,335.1,999.9580000000001
crom_q[1729],27,1,q,M5,335.148,999.9580000000001
crom_q[172],2,44,q,M7,33.168,999.9655
crom_q[1730],27,2,q,M5,335.196,999.9580000000001
crom_q[1731],27,3,q,M5,335.244,999.9580000000001
crom_q[1732],27,4,q,M5,335.292,999.9580000000001
crom_q[1733],27,5,q,M5,335.34,999.9580000000001
crom_q[1734],27,6,q,M5,335.388,999.9580000000001
crom_q[1735],27,7,q,M5,335.436,999.9580000000001
crom_q[1736],27,8,q,M5,335.484,999.9580000000001
crom_q[1737],27,9,q,M5,335.532,999.9580000000001
crom_q[1738],27,10,q,M5,335.58,999.9580000000001
crom_q[1739],27,11,q,M5,335.628,999.9580000000001
crom_q[173],2,45,q,M7,33.232,999.9655
crom_q[1740],27,12,q,M5,335.676,999.9580000000001
crom_q[1741],27,13,q,M5,335.724,999.9580000000001
crom_q[1742],27,14,q,M5,335.772,999.9580000000001
crom_q[1743],27,15,q,M5,335.82,999.9580000000001
crom_q[1744],27,16,q,M5,335.868,999.9580000000001
crom_q[1745],27,17,q,M5,335.916,999.9580000000001
crom_q[1746],27,18,q,M5,335.964,999.9580000000001
crom_q[1747],27,19,q,M5,336.012,999.9580000000001
crom_q[1748],27,20,q,M5,336.06,999.9580000000001
crom_q[1749],27,21,q,M5,336.108,999.9580000000001
crom_q[174],2,46,q,M7,33.296,999.9655
crom_q[1750],27,22,q,M5,336.156,999.9580000000001
crom_q[1751],27,23,q,M5,336.204,999.9580000000001
crom_q[1752],27,24,q,M5,336.252,999.9580000000001
crom_q[1753],27,25,q,M5,336.3,999.9580000000001
crom_q[1754],27,26,q,M5,336.348,999.9580000000001
crom_q[1755],27,27,q,M5,336.396,999.9580000000001
crom_q[1756],27,28,q,M5,336.444,999.9580000000001
crom_q[1757],27,29,q,M5,336.492,999.9580000000001
crom_q[1758],27,30,q,M5,336.54,999.9580000000001
crom_q[1759],27,31,q,M5,336.588,999.9580000000001
crom_q[175],2,47,q,M7,33.36,999.9655
crom_q[1760],27,32,q,M5,336.636,999.9580000000001
crom_q[1761],27,33,q,M5,336.684,999.9580000000001
crom_q[1762],27,34,q,M5,336.732,999.9580000000001
crom_q[1763],27,35,q,M5,336.78,999.9580000000001
crom_q[1764],27,36,q,M5,336.828,999.9580000000001
crom_q[1765],27,37,q,M5,336.876,999.9580000000001
crom_q[1766],27,38,q,M5,336.924,999.9580000000001
crom_q[1767],27,39,q,M5,336.972,999.9580000000001
crom_q[1768],27,40,q,M5,337.02,999.9580000000001
crom_q[1769],27,41,q,M5,337.068,999.9580000000001
crom_q[176],2,48,q,M7,33.424,999.9655
crom_q[1770],27,42,q,M5,337.116,999.9580000000001
crom_q[1771],27,43,q,M5,337.164,999.9580000000001
crom_q[1772],27,44,q,M5,337.212,999.9580000000001
crom_q[1773],27,45,q,M5,337.26,999.9580000000001
crom_q[1774],27,46,q,M5,337.308,999.9580000000001
crom_q[1775],27,47,q,M5,337.356,999.9580000000001
crom_q[1776],27,48,q,M5,337.404,999.9580000000001
crom_q[1777],27,49,q,M5,337.452,999.9580000000001
crom_q[1778],27,50,q,M5,337.5,999.9580000000001
crom_q[1779],27,51,q,M5,337.548,999.9580000000001
crom_q[177],2,49,q,M7,33.488,999.9655
crom_q[1780],27,52,q,M5,337.596,999.9580000000001
crom_q[1781],27,53,q,M5,337.644,999.9580000000001
crom_q[1782],27,54,q,M5,337.692,999.9580000000001
crom_q[1783],27,55,q,M5,337.74,999.9580000000001
crom_q[1784],27,56,q,M5,337.788,999.9580000000001
crom_q[1785],27,57,q,M5,337.836,999.9580000000001
crom_q[1786],27,58,q,M5,337.884,999.9580000000001
crom_q[1787],27,59,q,M5,337.932,999.9580000000001
crom_q[1788],27,60,q,M5,337.98,999.9580000000001
crom_q[1789],27,61,q,M5,338.028,999.9580000000001
crom_q[178],2,50,q,M7,33.552,999.9655
crom_q[1790],27,62,q,M5,338.076,999.9580000000001
crom_q[1791],27,63,q,M5,338.124,999.9580000000001
crom_q[1792],28,0,q,M5,347.244,999.9580000000001
crom_q[1793],28,1,q,M5,347.292,999.9580000000001
crom_q[1794],28,2,q,M5,347.34,999.9580000000001
crom_q[1795],28,3,q,M5,347.388,999.9580000000001
crom_q[1796],28,4,q,M5,347.436,999.9580000000001
crom_q[1797],28,5,q,M5,347.484,999.9580000000001
crom_q[1798],28,6,q,M5,347.532,999.9580000000001
crom_q[1799],28,7,q,M5,347.58,999.9580000000001
crom_q[179],2,51,q,M7,33.616,999.9655
crom_q[17],0,17,q,M5,7.884,999.9580000000001
crom_q[1800],28,8,q,M5,347.628,999.9580000000001
crom_q[1801],28,9,q,M5,347.676,999.9580000000001
crom_q[1802],28,10,q,M5,347.724,999.9580000000001
crom_q[1803],28,11,q,M5,347.772,999.9580000000001
crom_q[1804],28,12,q,M5,347.82,999.9580000000001
crom_q[1805],28,13,q,M5,347.868,999.9580000000001
crom_q[1806],28,14,q,M5,347.916,999.9580000000001
crom_q[1807],28,15,q,M5,347.964,999.9580000000001
crom_q[1808],28,16,q,M5,348.012,999.9580000000001
crom_q[1809],28,17,q,M5,348.06,999.9580000000001
crom_q[180],2,52,q,M7,33.68,999.9655
crom_q[1810],28,18,q,M5,348.108,999.9580000000001
crom_q[1811],28,19,q,M5,348.156,999.9580000000001
crom_q[1812],28,20,q,M5,348.204,999.9580000000001
crom_q[1813],28,21,q,M5,348.252,999.9580000000001
crom_q[1814],28,22,q,M5,348.3,999.9580000000001
crom_q[1815],28,23,q,M5,348.348,999.9580000000001
crom_q[1816],28,24,q,M5,348.396,999.9580000000001
crom_q[1817],28,25,q,M5,348.444,999.9580000000001
crom_q[1818],28,26,q,M5,348.492,999.9580000000001
crom_q[1819],28,27,q,M5,348.54,999.9580000000001
crom_q[181],2,53,q,M7,33.744,999.9655
crom_q[1820],28,28,q,M5,348.588,999.9580000000001
crom_q[1821],28,29,q,M5,348.636,999.9580000000001
crom_q[1822],28,30,q,M5,348.684,999.9580000000001
crom_q[1823],28,31,q,M5,348.732,999.9580000000001
crom_q[1824],28,32,q,M5,348.78,999.9580000000001
crom_q[1825],28,33,q,M5,348.828,999.9580000000001
crom_q[1826],28,34,q,M5,348.876,999.9580000000001
crom_q[1827],28,35,q,M5,348.924,999.9580000000001
crom_q[1828],28,36,q,M5,348.972,999.9580000000001
crom_q[1829],28,37,q,M5,349.02,999.9580000000001
crom_q[182],2,54,q,M7,33.808,999.9655
crom_q[1830],28,38,q,M5,349.068,999.9580000000001
crom_q[1831],28,39,q,M5,349.116,999.9580000000001
crom_q[1832],28,40,q,M5,349.164,999.9580000000001
crom_q[1833],28,41,q,M5,349.212,999.9580000000001
crom_q[1834],28,42,q,M5,349.26,999.9580000000001
crom_q[1835],28,43,q,M5,349.308,999.9580000000001
crom_q[1836],28,44,q,M5,349.356,999.9580000000001
crom_q[1837],28,45,q,M5,349.404,999.9580000000001
crom_q[1838],28,46,q,M5,349.452,999.9580000000001
crom_q[1839],28,47,q,M5,349.5,999.9580000000001
crom_q[183],2,55,q,M7,33.872,999.9655
crom_q[1840],28,48,q,M5,349.548,999.9580000000001
crom_q[1841],28,49,q,M5,349.596,999.9580000000001
crom_q[1842],28,50,q,M5,349.644,999.9580000000001
crom_q[1843],28,51,q,M5,349.692,999.9580000000001
crom_q[1844],28,52,q,M5,349.74,999.9580000000001
crom_q[1845],28,53,q,M5,349.788,999.9580000000001
crom_q[1846],28,54,q,M5,349.836,999.9580000000001
crom_q[1847],28,55,q,M5,349.884,999.9580000000001
crom_q[1848],28,56,q,M5,349.932,999.9580000000001
crom_q[1849],28,57,q,M5,349.98,999.9580000000001
crom_q[184],2,56,q,M7,33.936,999.9655
crom_q[1850],28,58,q,M5,350.028,999.9580000000001
crom_q[1851],28,59,q,M5,350.076,999.9580000000001
crom_q[1852],28,60,q,M5,350.124,999.9580000000001
crom_q[1853],28,61,q,M5,350.172,999.9580000000001
crom_q[1854],28,62,q,M5,350.22,999.9580000000001
crom_q[1855],28,63,q,M5,350.268,999.9580000000001
crom_q[1856],29,0,q,M5,359.388,999.9580000000001
crom_q[1857],29,1,q,M5,359.436,999.9580000000001
crom_q[1858],29,2,q,M5,359.484,999.9580000000001
crom_q[1859],29,3,q,M5,359.532,999.9580000000001
crom_q[185],2,57,q,M7,34.0,999.9655
crom_q[1860],29,4,q,M5,359.58,999.9580000000001
crom_q[1861],29,5,q,M5,359.628,999.9580000000001
crom_q[1862],29,6,q,M5,359.676,999.9580000000001
crom_q[1863],29,7,q,M5,359.724,999.9580000000001
crom_q[1864],29,8,q,M5,359.772,999.9580000000001
crom_q[1865],29,9,q,M5,359.82,999.9580000000001
crom_q[1866],29,10,q,M5,359.868,999.9580000000001
crom_q[1867],29,11,q,M5,359.916,999.9580000000001
crom_q[1868],29,12,q,M5,359.964,999.9580000000001
crom_q[1869],29,13,q,M5,360.012,999.9580000000001
crom_q[186],2,58,q,M7,34.064,999.9655
crom_q[1870],29,14,q,M5,360.06,999.9580000000001
crom_q[1871],29,15,q,M5,360.108,999.9580000000001
crom_q[1872],29,16,q,M5,360.156,999.9580000000001
crom_q[1873],29,17,q,M5,360.204,999.9580000000001
crom_q[1874],29,18,q,M5,360.252,999.9580000000001
crom_q[1875],29,19,q,M5,360.3,999.9580000000001
crom_q[1876],29,20,q,M5,360.348,999.9580000000001
crom_q[1877],29,21,q,M5,360.396,999.9580000000001
crom_q[1878],29,22,q,M5,360.444,999.9580000000001
crom_q[1879],29,23,q,M5,360.492,999.9580000000001
crom_q[187],2,59,q,M7,34.128,999.9655
crom_q[1880],29,24,q,M5,360.54,999.9580000000001
crom_q[1881],29,25,q,M5,360.588,999.9580000000001
crom_q[1882],29,26,q,M5,360.636,999.9580000000001
crom_q[1883],29,27,q,M5,360.684,999.9580000000001
crom_q[1884],29,28,q,M5,360.732,999.9580000000001
crom_q[1885],29,29,q,M5,360.78,999.9580000000001
crom_q[1886],29,30,q,M5,360.828,999.9580000000001
crom_q[1887],29,31,q,M5,360.876,999.9580000000001
crom_q[1888],29,32,q,M5,360.924,999.9580000000001
crom_q[1889],29,33,q,M5,360.972,999.9580000000001
crom_q[188],2,60,q,M7,34.192,999.9655
crom_q[1890],29,34,q,M5,361.02,999.9580000000001
crom_q[1891],29,35,q,M5,361.068,999.9580000000001
crom_q[1892],29,36,q,M5,361.116,999.9580000000001
crom_q[1893],29,37,q,M5,361.164,999.9580000000001
crom_q[1894],29,38,q,M5,361.212,999.9580000000001
crom_q[1895],29,39,q,M5,361.26,999.9580000000001
crom_q[1896],29,40,q,M5,361.308,999.9580000000001
crom_q[1897],29,41,q,M5,361.356,999.9580000000001
crom_q[1898],29,42,q,M5,361.404,999.9580000000001
crom_q[1899],29,43,q,M5,361.452,999.9580000000001
crom_q[189],2,61,q,M7,34.256,999.9655
crom_q[18],0,18,q,M5,7.932,999.9580000000001
crom_q[1900],29,44,q,M5,361.5,999.9580000000001
crom_q[1901],29,45,q,M5,361.548,999.9580000000001
crom_q[1902],29,46,q,M5,361.596,999.9580000000001
crom_q[1903],29,47,q,M5,361.644,999.9580000000001
crom_q[1904],29,48,q,M5,361.692,999.9580000000001
crom_q[1905],29,49,q,M5,361.74,999.9580000000001
crom_q[1906],29,50,q,M5,361.788,999.9580000000001
crom_q[1907],29,51,q,M5,361.836,999.9580000000001
crom_q[1908],29,52,q,M5,361.884,999.9580000000001
crom_q[1909],29,53,q,M5,361.932,999.9580000000001
crom_q[190],2,62,q,M7,34.32,999.9655
crom_q[1910],29,54,q,M5,361.98,999.9580000000001
crom_q[1911],29,55,q,M5,362.028,999.9580000000001
crom_q[1912],29,56,q,M5,362.076,999.9580000000001
crom_q[1913],29,57,q,M5,362.124,999.9580000000001
crom_q[1914],29,58,q,M5,362.172,999.9580000000001
crom_q[1915],29,59,q,M5,362.22,999.9580000000001
crom_q[1916],29,60,q,M5,362.268,999.9580000000001
crom_q[1917],29,61,q,M5,362.316,999.9580000000001
crom_q[1918],29,62,q,M5,362.364,999.9580000000001
crom_q[1919],29,63,q,M5,362.412,999.9580000000001
crom_q[191],2,63,q,M7,34.384,999.9655
crom_q[1920],30,0,q,M7,370.512,999.9655
crom_q[1921],30,1,q,M7,370.576,999.9655
crom_q[1922],30,2,q,M7,370.64,999.9655
crom_q[1923],30,3,q,M7,370.704,999.9655
crom_q[1924],30,4,q,M7,370.76800000000003,999.9655
crom_q[1925],30,5,q,M7,370.832,999.9655
crom_q[1926],30,6,q,M7,370.89599999999996,999.9655
crom_q[1927],30,7,q,M7,370.96000000000004,999.9655
crom_q[1928],30,8,q,M7,371.024,999.9655
crom_q[1929],30,9,q,M7,371.08799999999997,999.9655
crom_q[192],3,0,q,M5,43.5,999.9580000000001
crom_q[1930],30,10,q,M7,371.15200000000004,999.9655
crom_q[1931],30,11,q,M7,371.216,999.9655
crom_q[1932],30,12,q,M7,371.28,999.9655
crom_q[1933],30,13,q,M7,371.344,999.9655
crom_q[1934],30,14,q,M7,371.408,999.9655
crom_q[1935],30,15,q,M7,371.472,999.9655
crom_q[1936],30,16,q,M7,371.536,999.9655
crom_q[1937],30,17,q,M7,371.6,999.9655
crom_q[1938],30,18,q,M7,371.664,999.9655
crom_q[1939],30,19,q,M7,371.728,999.9655
crom_q[193],3,1,q,M5,43.548,999.9580000000001
crom_q[1940],30,20,q,M7,371.79200000000003,999.9655
crom_q[1941],30,21,q,M7,371.856,999.9655
crom_q[1942],30,22,q,M7,371.91999999999996,999.9655
crom_q[1943],30,23,q,M7,371.98400000000004,999.9655
crom_q[1944],30,24,q,M7,372.048,999.9655
crom_q[1945],30,25,q,M7,372.11199999999997,999.9655
crom_q[1946],30,26,q,M7,372.17600000000004,999.9655
crom_q[1947],30,27,q,M7,372.24,999.9655
crom_q[1948],30,28,q,M7,372.304,999.9655
crom_q[1949],30,29,q,M7,372.368,999.9655
crom_q[194],3,2,q,M5,43.596000000000004,999.9580000000001
crom_q[1950],30,30,q,M7,372.432,999.9655
crom_q[1951],30,31,q,M7,372.496,999.9655
crom_q[1952],30,32,q,M7,372.56,999.9655
crom_q[1953],30,33,q,M7,372.624,999.9655
crom_q[1954],30,34,q,M7,372.688,999.9655
crom_q[1955],30,35,q,M7,372.75199999999995,999.9655
crom_q[1956],30,36,q,M7,372.81600000000003,999.9655
crom_q[1957],30,37,q,M7,372.88,999.9655
crom_q[1958],30,38,q,M7,372.94399999999996,999.9655
crom_q[1959],30,39,q,M7,373.00800000000004,999.9655
crom_q[195],3,3,q,M5,43.644,999.9580000000001
crom_q[1960],30,40,q,M7,373.072,999.9655
crom_q[1961],30,41,q,M7,373.13599999999997,999.9655
crom_q[1962],30,42,q,M7,373.20000000000005,999.9655
crom_q[1963],30,43,q,M7,373.264,999.9655
crom_q[1964],30,44,q,M7,373.328,999.9655
crom_q[1965],30,45,q,M7,373.392,999.9655
crom_q[1966],30,46,q,M7,373.456,999.9655
crom_q[1967],30,47,q,M7,373.52,999.9655
crom_q[1968],30,48,q,M7,373.584,999.9655
crom_q[1969],30,49,q,M7,373.648,999.9655
crom_q[196],3,4,q,M5,43.692,999.9580000000001
crom_q[1970],30,50,q,M7,373.712,999.9655
crom_q[1971],30,51,q,M7,373.77599999999995,999.9655
crom_q[1972],30,52,q,M7,373.84000000000003,999.9655
crom_q[1973],30,53,q,M7,373.904,999.9655
crom_q[1974],30,54,q,M7,373.96799999999996,999.9655
crom_q[1975],30,55,q,M7,374.03200000000004,999.9655
crom_q[1976],30,56,q,M7,374.096,999.9655
crom_q[1977],30,57,q,M7,374.15999999999997,999.9655
crom_q[1978],30,58,q,M7,374.22400000000005,999.9655
crom_q[1979],30,59,q,M7,374.288,999.9655
crom_q[197],3,5,q,M5,43.74,999.9580000000001
crom_q[1980],30,60,q,M7,374.352,999.9655
crom_q[1981],30,61,q,M7,374.416,999.9655
crom_q[1982],30,62,q,M7,374.48,999.9655
crom_q[1983],30,63,q,M7,374.544,999.9655
crom_q[1984],31,0,q,M5,383.724,999.9580000000001
crom_q[1985],31,1,q,M5,383.772,999.9580000000001
crom_q[1986],31,2,q,M5,383.82,999.9580000000001
crom_q[1987],31,3,q,M5,383.868,999.9580000000001
crom_q[1988],31,4,q,M5,383.916,999.9580000000001
crom_q[1989],31,5,q,M5,383.964,999.9580000000001
crom_q[198],3,6,q,M5,43.788,999.9580000000001
crom_q[1990],31,6,q,M5,384.012,999.9580000000001
crom_q[1991],31,7,q,M5,384.06,999.9580000000001
crom_q[1992],31,8,q,M5,384.108,999.9580000000001
crom_q[1993],31,9,q,M5,384.156,999.9580000000001
crom_q[1994],31,10,q,M5,384.204,999.9580000000001
crom_q[1995],31,11,q,M5,384.252,999.9580000000001
crom_q[1996],31,12,q,M5,384.3,999.9580000000001
crom_q[1997],31,13,q,M5,384.348,999.9580000000001
crom_q[1998],31,14,q,M5,384.396,999.9580000000001
crom_q[1999],31,15,q,M5,384.444,999.9580000000001
crom_q[199],3,7,q,M5,43.836,999.9580000000001
crom_q[19],0,19,q,M5,7.98,999.9580000000001
crom_q[1],0,1,q,M5,7.116,999.9580000000001
crom_q[2000],31,16,q,M5,384.492,999.9580000000001
crom_q[2001],31,17,q,M5,384.54,999.9580000000001
crom_q[2002],31,18,q,M5,384.588,999.9580000000001
crom_q[2003],31,19,q,M5,384.636,999.9580000000001
crom_q[2004],31,20,q,M5,384.684,999.9580000000001
crom_q[2005],31,21,q,M5,384.732,999.9580000000001
crom_q[2006],31,22,q,M5,384.78,999.9580000000001
crom_q[2007],31,23,q,M5,384.828,999.9580000000001
crom_q[2008],31,24,q,M5,384.876,999.9580000000001
crom_q[2009],31,25,q,M5,384.924,999.9580000000001
crom_q[200],3,8,q,M5,43.884,999.9580000000001
crom_q[2010],31,26,q,M5,384.972,999.9580000000001
crom_q[2011],31,27,q,M5,385.02,999.9580000000001
crom_q[2012],31,28,q,M5,385.068,999.9580000000001
crom_q[2013],31,29,q,M5,385.116,999.9580000000001
crom_q[2014],31,30,q,M5,385.164,999.9580000000001
crom_q[2015],31,31,q,M5,385.212,999.9580000000001
crom_q[2016],31,32,q,M5,385.26,999.9580000000001
crom_q[2017],31,33,q,M5,385.308,999.9580000000001
crom_q[2018],31,34,q,M5,385.356,999.9580000000001
crom_q[2019],31,35,q,M5,385.404,999.9580000000001
crom_q[201],3,9,q,M5,43.932,999.9580000000001
crom_q[2020],31,36,q,M5,385.452,999.9580000000001
crom_q[2021],31,37,q,M5,385.5,999.9580000000001
crom_q[2022],31,38,q,M5,385.548,999.9580000000001
crom_q[2023],31,39,q,M5,385.596,999.9580000000001
crom_q[2024],31,40,q,M5,385.644,999.9580000000001
crom_q[2025],31,41,q,M5,385.692,999.9580000000001
crom_q[2026],31,42,q,M5,385.74,999.9580000000001
crom_q[2027],31,43,q,M5,385.788,999.9580000000001
crom_q[2028],31,44,q,M5,385.836,999.9580000000001
crom_q[2029],31,45,q,M5,385.884,999.9580000000001
crom_q[202],3,10,q,M5,43.980000000000004,999.9580000000001
crom_q[2030],31,46,q,M5,385.932,999.9580000000001
crom_q[2031],31,47,q,M5,385.98,999.9580000000001
crom_q[2032],31,48,q,M5,386.028,999.9580000000001
crom_q[2033],31,49,q,M5,386.076,999.9580000000001
crom_q[2034],31,50,q,M5,386.124,999.9580000000001
crom_q[2035],31,51,q,M5,386.172,999.9580000000001
crom_q[2036],31,52,q,M5,386.22,999.9580000000001
crom_q[2037],31,53,q,M5,386.268,999.9580000000001
crom_q[2038],31,54,q,M5,386.316,999.9580000000001
crom_q[2039],31,55,q,M5,386.364,999.9580000000001
crom_q[203],3,11,q,M5,44.028,999.9580000000001
crom_q[2040],31,56,q,M5,386.412,999.9580000000001
crom_q[2041],31,57,q,M5,386.46,999.9580000000001
crom_q[2042],31,58,q,M5,386.508,999.9580000000001
crom_q[2043],31,59,q,M5,386.556,999.9580000000001
crom_q[2044],31,60,q,M5,386.604,999.9580000000001
crom_q[2045],31,61,q,M5,386.652,999.9580000000001
crom_q[2046],31,62,q,M5,386.7,999.9580000000001
crom_q[2047],31,63,q,M5,386.748,999.9580000000001
crom_q[2048],32,0,q,M7,394.832,999.9655
crom_q[2049],32,1,q,M7,394.89599999999996,999.9655
crom_q[204],3,12,q,M5,44.076,999.9580000000001
crom_q[2050],32,2,q,M7,394.96000000000004,999.9655
crom_q[2051],32,3,q,M7,395.024,999.9655
crom_q[2052],32,4,q,M7,395.08799999999997,999.9655
crom_q[2053],32,5,q,M7,395.15200000000004,999.9655
crom_q[2054],32,6,q,M7,395.216,999.9655
crom_q[2055],32,7,q,M7,395.28,999.9655
crom_q[2056],32,8,q,M7,395.344,999.9655
crom_q[2057],32,9,q,M7,395.408,999.9655
crom_q[2058],32,10,q,M7,395.472,999.9655
crom_q[2059],32,11,q,M7,395.536,999.9655
crom_q[205],3,13,q,M5,44.124,999.9580000000001
crom_q[2060],32,12,q,M7,395.6,999.9655
crom_q[2061],32,13,q,M7,395.664,999.9655
crom_q[2062],32,14,q,M7,395.728,999.9655
crom_q[2063],32,15,q,M7,395.79200000000003,999.9655
crom_q[2064],32,16,q,M7,395.856,999.9655
crom_q[2065],32,17,q,M7,395.91999999999996,999.9655
crom_q[2066],32,18,q,M7,395.98400000000004,999.9655
crom_q[2067],32,19,q,M7,396.048,999.9655
crom_q[2068],32,20,q,M7,396.11199999999997,999.9655
crom_q[2069],32,21,q,M7,396.17600000000004,999.9655
crom_q[206],3,14,q,M5,44.172,999.9580000000001
crom_q[2070],32,22,q,M7,396.24,999.9655
crom_q[2071],32,23,q,M7,396.304,999.9655
crom_q[2072],32,24,q,M7,396.368,999.9655
crom_q[2073],32,25,q,M7,396.432,999.9655
crom_q[2074],32,26,q,M7,396.496,999.9655
crom_q[2075],32,27,q,M7,396.56,999.9655
crom_q[2076],32,28,q,M7,396.624,999.9655
crom_q[2077],32,29,q,M7,396.688,999.9655
crom_q[2078],32,30,q,M7,396.75199999999995,999.9655
crom_q[2079],32,31,q,M7,396.81600000000003,999.9655
crom_q[207],3,15,q,M5,44.22,999.9580000000001
crom_q[2080],32,32,q,M7,396.88,999.9655
crom_q[2081],32,33,q,M7,396.94399999999996,999.9655
crom_q[2082],32,34,q,M7,397.00800000000004,999.9655
crom_q[2083],32,35,q,M7,397.072,999.9655
crom_q[2084],32,36,q,M7,397.13599999999997,999.9655
crom_q[2085],32,37,q,M7,397.20000000000005,999.9655
crom_q[2086],32,38,q,M7,397.264,999.9655
crom_q[2087],32,39,q,M7,397.328,999.9655
crom_q[2088],32,40,q,M7,397.392,999.9655
crom_q[2089],32,41,q,M7,397.456,999.9655
crom_q[208],3,16,q,M5,44.268,999.9580000000001
crom_q[2090],32,42,q,M7,397.52,999.9655
crom_q[2091],32,43,q,M7,397.584,999.9655
crom_q[2092],32,44,q,M7,397.648,999.9655
crom_q[2093],32,45,q,M7,397.712,999.9655
crom_q[2094],32,46,q,M7,397.77599999999995,999.9655
crom_q[2095],32,47,q,M7,397.84000000000003,999.9655
crom_q[2096],32,48,q,M7,397.904,999.9655
crom_q[2097],32,49,q,M7,397.96799999999996,999.9655
crom_q[2098],32,50,q,M7,398.03200000000004,999.9655
crom_q[2099],32,51,q,M7,398.096,999.9655
crom_q[209],3,17,q,M5,44.316,999.9580000000001
crom_q[20],0,20,q,M5,8.027999999999999,999.9580000000001
crom_q[2100],32,52,q,M7,398.15999999999997,999.9655
crom_q[2101],32,53,q,M7,398.22400000000005,999.9655
crom_q[2102],32,54,q,M7,398.288,999.9655
crom_q[2103],32,55,q,M7,398.352,999.9655
crom_q[2104],32,56,q,M7,398.416,999.9655
crom_q[2105],32,57,q,M7,398.48,999.9655
crom_q[2106],32,58,q,M7,398.544,999.9655
crom_q[2107],32,59,q,M7,398.608,999.9655
crom_q[2108],32,60,q,M7,398.672,999.9655
crom_q[2109],32,61,q,M7,398.736,999.9655
crom_q[210],3,18,q,M5,44.364,999.9580000000001
crom_q[2110],32,62,q,M7,398.79999999999995,999.9655
crom_q[2111],32,63,q,M7,398.86400000000003,999.9655
crom_q[2112],33,0,q,M5,408.012,999.9580000000001
crom_q[2113],33,1,q,M5,408.06,999.9580000000001
crom_q[2114],33,2,q,M5,408.108,999.9580000000001
crom_q[2115],33,3,q,M5,408.156,999.9580000000001
crom_q[2116],33,4,q,M5,408.204,999.9580000000001
crom_q[2117],33,5,q,M5,408.252,999.9580000000001
crom_q[2118],33,6,q,M5,408.3,999.9580000000001
crom_q[2119],33,7,q,M5,408.348,999.9580000000001
crom_q[211],3,19,q,M5,44.412,999.9580000000001
crom_q[2120],33,8,q,M5,408.396,999.9580000000001
crom_q[2121],33,9,q,M5,408.444,999.9580000000001
crom_q[2122],33,10,q,M5,408.492,999.9580000000001
crom_q[2123],33,11,q,M5,408.54,999.9580000000001
crom_q[2124],33,12,q,M5,408.588,999.9580000000001
crom_q[2125],33,13,q,M5,408.636,999.9580000000001
crom_q[2126],33,14,q,M5,408.684,999.9580000000001
crom_q[2127],33,15,q,M5,408.732,999.9580000000001
crom_q[2128],33,16,q,M5,408.78,999.9580000000001
crom_q[2129],33,17,q,M5,408.828,999.9580000000001
crom_q[212],3,20,q,M5,44.46,999.9580000000001
crom_q[2130],33,18,q,M5,408.876,999.9580000000001
crom_q[2131],33,19,q,M5,408.924,999.9580000000001
crom_q[2132],33,20,q,M5,408.972,999.9580000000001
crom_q[2133],33,21,q,M5,409.02,999.9580000000001
crom_q[2134],33,22,q,M5,409.068,999.9580000000001
crom_q[2135],33,23,q,M5,409.116,999.9580000000001
crom_q[2136],33,24,q,M5,409.164,999.9580000000001
crom_q[2137],33,25,q,M5,409.212,999.9580000000001
crom_q[2138],33,26,q,M5,409.26,999.9580000000001
crom_q[2139],33,27,q,M5,409.308,999.9580000000001
crom_q[213],3,21,q,M5,44.508,999.9580000000001
crom_q[2140],33,28,q,M5,409.356,999.9580000000001
crom_q[2141],33,29,q,M5,409.404,999.9580000000001
crom_q[2142],33,30,q,M5,409.452,999.9580000000001
crom_q[2143],33,31,q,M5,409.5,999.9580000000001
crom_q[2144],33,32,q,M5,409.548,999.9580000000001
crom_q[2145],33,33,q,M5,409.596,999.9580000000001
crom_q[2146],33,34,q,M5,409.644,999.9580000000001
crom_q[2147],33,35,q,M5,409.692,999.9580000000001
crom_q[2148],33,36,q,M5,409.74,999.9580000000001
crom_q[2149],33,37,q,M5,409.788,999.9580000000001
crom_q[214],3,22,q,M5,44.556,999.9580000000001
crom_q[2150],33,38,q,M5,409.836,999.9580000000001
crom_q[2151],33,39,q,M5,409.884,999.9580000000001
crom_q[2152],33,40,q,M5,409.932,999.9580000000001
crom_q[2153],33,41,q,M5,409.98,999.9580000000001
crom_q[2154],33,42,q,M5,410.028,999.9580000000001
crom_q[2155],33,43,q,M5,410.076,999.9580000000001
crom_q[2156],33,44,q,M5,410.124,999.9580000000001
crom_q[2157],33,45,q,M5,410.172,999.9580000000001
crom_q[2158],33,46,q,M5,410.22,999.9580000000001
crom_q[2159],33,47,q,M5,410.268,999.9580000000001
crom_q[215],3,23,q,M5,44.604,999.9580000000001
crom_q[2160],33,48,q,M5,410.316,999.9580000000001
crom_q[2161],33,49,q,M5,410.364,999.9580000000001
crom_q[2162],33,50,q,M5,410.412,999.9580000000001
crom_q[2163],33,51,q,M5,410.46,999.9580000000001
crom_q[2164],33,52,q,M5,410.508,999.9580000000001
crom_q[2165],33,53,q,M5,410.556,999.9580000000001
crom_q[2166],33,54,q,M5,410.604,999.9580000000001
crom_q[2167],33,55,q,M5,410.652,999.9580000000001
crom_q[2168],33,56,q,M5,410.7,999.9580000000001
crom_q[2169],33,57,q,M5,410.748,999.9580000000001
crom_q[216],3,24,q,M5,44.652,999.9580000000001
crom_q[2170],33,58,q,M5,410.796,999.9580000000001
crom_q[2171],33,59,q,M5,410.844,999.9580000000001
crom_q[2172],33,60,q,M5,410.892,999.9580000000001
crom_q[2173],33,61,q,M5,410.94,999.9580000000001
crom_q[2174],33,62,q,M5,410.988,999.9580000000001
crom_q[2175],33,63,q,M5,411.036,999.9580000000001
crom_q[2176],34,0,q,M5,420.156,999.9580000000001
crom_q[2177],34,1,q,M5,420.204,999.9580000000001
crom_q[2178],34,2,q,M5,420.252,999.9580000000001
crom_q[2179],34,3,q,M5,420.3,999.9580000000001
crom_q[217],3,25,q,M5,44.7,999.9580000000001
crom_q[2180],34,4,q,M5,420.348,999.9580000000001
crom_q[2181],34,5,q,M5,420.396,999.9580000000001
crom_q[2182],34,6,q,M5,420.444,999.9580000000001
crom_q[2183],34,7,q,M5,420.492,999.9580000000001
crom_q[2184],34,8,q,M5,420.54,999.9580000000001
crom_q[2185],34,9,q,M5,420.588,999.9580000000001
crom_q[2186],34,10,q,M5,420.636,999.9580000000001
crom_q[2187],34,11,q,M5,420.684,999.9580000000001
crom_q[2188],34,12,q,M5,420.732,999.9580000000001
crom_q[2189],34,13,q,M5,420.78,999.9580000000001
crom_q[218],3,26,q,M5,44.748,999.9580000000001
crom_q[2190],34,14,q,M5,420.828,999.9580000000001
crom_q[2191],34,15,q,M5,420.876,999.9580000000001
crom_q[2192],34,16,q,M5,420.924,999.9580000000001
crom_q[2193],34,17,q,M5,420.972,999.9580000000001
crom_q[2194],34,18,q,M5,421.02,999.9580000000001
crom_q[2195],34,19,q,M5,421.068,999.9580000000001
crom_q[2196],34,20,q,M5,421.116,999.9580000000001
crom_q[2197],34,21,q,M5,421.164,999.9580000000001
crom_q[2198],34,22,q,M5,421.212,999.9580000000001
crom_q[2199],34,23,q,M5,421.26,999.9580000000001
crom_q[219],3,27,q,M5,44.796,999.9580000000001
crom_q[21],0,21,q,M5,8.076,999.9580000000001
crom_q[2200],34,24,q,M5,421.308,999.9580000000001
crom_q[2201],34,25,q,M5,421.356,999.9580000000001
crom_q[2202],34,26,q,M5,421.404,999.9580000000001
crom_q[2203],34,27,q,M5,421.452,999.9580000000001
crom_q[2204],34,28,q,M5,421.5,999.9580000000001
crom_q[2205],34,29,q,M5,421.548,999.9580000000001
crom_q[2206],34,30,q,M5,421.596,999.9580000000001
crom_q[2207],34,31,q,M5,421.644,999.9580000000001
crom_q[2208],34,32,q,M5,421.692,999.9580000000001
crom_q[2209],34,33,q,M5,421.74,999.9580000000001
crom_q[220],3,28,q,M5,44.844,999.9580000000001
crom_q[2210],34,34,q,M5,421.788,999.9580000000001
crom_q[2211],34,35,q,M5,421.836,999.9580000000001
crom_q[2212],34,36,q,M5,421.884,999.9580000000001
crom_q[2213],34,37,q,M5,421.932,999.9580000000001
crom_q[2214],34,38,q,M5,421.98,999.9580000000001
crom_q[2215],34,39,q,M5,422.028,999.9580000000001
crom_q[2216],34,40,q,M5,422.076,999.9580000000001
crom_q[2217],34,41,q,M5,422.124,999.9580000000001
crom_q[2218],34,42,q,M5,422.172,999.9580000000001
crom_q[2219],34,43,q,M5,422.22,999.9580000000001
crom_q[221],3,29,q,M5,44.892,999.9580000000001
crom_q[2220],34,44,q,M5,422.268,999.9580000000001
crom_q[2221],34,45,q,M5,422.316,999.9580000000001
crom_q[2222],34,46,q,M5,422.364,999.9580000000001
crom_q[2223],34,47,q,M5,422.412,999.9580000000001
crom_q[2224],34,48,q,M5,422.46,999.9580000000001
crom_q[2225],34,49,q,M5,422.508,999.9580000000001
crom_q[2226],34,50,q,M5,422.556,999.9580000000001
crom_q[2227],34,51,q,M5,422.604,999.9580000000001
crom_q[2228],34,52,q,M5,422.652,999.9580000000001
crom_q[2229],34,53,q,M5,422.7,999.9580000000001
crom_q[222],3,30,q,M5,44.94,999.9580000000001
crom_q[2230],34,54,q,M5,422.748,999.9580000000001
crom_q[2231],34,55,q,M5,422.796,999.9580000000001
crom_q[2232],34,56,q,M5,422.844,999.9580000000001
crom_q[2233],34,57,q,M5,422.892,999.9580000000001
crom_q[2234],34,58,q,M5,422.94,999.9580000000001
crom_q[2235],34,59,q,M5,422.988,999.9580000000001
crom_q[2236],34,60,q,M5,423.036,999.9580000000001
crom_q[2237],34,61,q,M5,423.084,999.9580000000001
crom_q[2238],34,62,q,M5,423.132,999.9580000000001
crom_q[2239],34,63,q,M5,423.18,999.9580000000001
crom_q[223],3,31,q,M5,44.988,999.9580000000001
crom_q[2240],35,0,q,M7,431.24800000000005,999.9655
crom_q[2241],35,1,q,M7,431.312,999.9655
crom_q[2242],35,2,q,M7,431.376,999.9655
crom_q[2243],35,3,q,M7,431.44,999.9655
crom_q[2244],35,4,q,M7,431.504,999.9655
crom_q[2245],35,5,q,M7,431.568,999.9655
crom_q[2246],35,6,q,M7,431.632,999.9655
crom_q[2247],35,7,q,M7,431.696,999.9655
crom_q[2248],35,8,q,M7,431.76,999.9655
crom_q[2249],35,9,q,M7,431.82399999999996,999.9655
crom_q[224],3,32,q,M5,45.036,999.9580000000001
crom_q[2250],35,10,q,M7,431.88800000000003,999.9655
crom_q[2251],35,11,q,M7,431.952,999.9655
crom_q[2252],35,12,q,M7,432.01599999999996,999.9655
crom_q[2253],35,13,q,M7,432.08000000000004,999.9655
crom_q[2254],35,14,q,M7,432.144,999.9655
crom_q[2255],35,15,q,M7,432.20799999999997,999.9655
crom_q[2256],35,16,q,M7,432.272,999.9655
crom_q[2257],35,17,q,M7,432.336,999.9655
crom_q[2258],35,18,q,M7,432.4,999.9655
crom_q[2259],35,19,q,M7,432.464,999.9655
crom_q[225],3,33,q,M5,45.084,999.9580000000001
crom_q[2260],35,20,q,M7,432.528,999.9655
crom_q[2261],35,21,q,M7,432.592,999.9655
crom_q[2262],35,22,q,M7,432.656,999.9655
crom_q[2263],35,23,q,M7,432.72,999.9655
crom_q[2264],35,24,q,M7,432.784,999.9655
crom_q[2265],35,25,q,M7,432.84799999999996,999.9655
crom_q[2266],35,26,q,M7,432.91200000000003,999.9655
crom_q[2267],35,27,q,M7,432.976,999.9655
crom_q[2268],35,28,q,M7,433.03999999999996,999.9655
crom_q[2269],35,29,q,M7,433.10400000000004,999.9655
crom_q[226],3,34,q,M5,45.132,999.9580000000001
crom_q[2270],35,30,q,M7,433.168,999.9655
crom_q[2271],35,31,q,M7,433.23199999999997,999.9655
crom_q[2272],35,32,q,M7,433.296,999.9655
crom_q[2273],35,33,q,M7,433.36,999.9655
crom_q[2274],35,34,q,M7,433.424,999.9655
crom_q[2275],35,35,q,M7,433.488,999.9655
crom_q[2276],35,36,q,M7,433.552,999.9655
crom_q[2277],35,37,q,M7,433.616,999.9655
crom_q[2278],35,38,q,M7,433.68,999.9655
crom_q[2279],35,39,q,M7,433.744,999.9655
crom_q[227],3,35,q,M5,45.18,999.9580000000001
crom_q[2280],35,40,q,M7,433.808,999.9655
crom_q[2281],35,41,q,M7,433.87199999999996,999.9655
crom_q[2282],35,42,q,M7,433.93600000000004,999.9655
crom_q[2283],35,43,q,M7,434.0,999.9655
crom_q[2284],35,44,q,M7,434.06399999999996,999.9655
crom_q[2285],35,45,q,M7,434.12800000000004,999.9655
crom_q[2286],35,46,q,M7,434.192,999.9655
crom_q[2287],35,47,q,M7,434.256,999.9655
crom_q[2288],35,48,q,M7,434.32,999.9655
crom_q[2289],35,49,q,M7,434.384,999.9655
crom_q[228],3,36,q,M5,45.228,999.9580000000001
crom_q[2290],35,50,q,M7,434.448,999.9655
crom_q[2291],35,51,q,M7,434.512,999.9655
crom_q[2292],35,52,q,M7,434.576,999.9655
crom_q[2293],35,53,q,M7,434.64,999.9655
crom_q[2294],35,54,q,M7,434.704,999.9655
crom_q[2295],35,55,q,M7,434.76800000000003,999.9655
crom_q[2296],35,56,q,M7,434.832,999.9655
crom_q[2297],35,57,q,M7,434.89599999999996,999.9655
crom_q[2298],35,58,q,M7,434.96000000000004,999.9655
crom_q[2299],35,59,q,M7,435.024,999.9655
crom_q[229],3,37,q,M5,45.275999999999996,999.9580000000001
crom_q[22],0,22,q,M5,8.123999999999999,999.9580000000001
crom_q[2300],35,60,q,M7,435.08799999999997,999.9655
crom_q[2301],35,61,q,M7,435.15200000000004,999.9655
crom_q[2302],35,62,q,M7,435.216,999.9655
crom_q[2303],35,63,q,M7,435.28,999.9655
crom_q[2304],36,0,q,M7,443.408,999.9655
crom_q[2305],36,1,q,M7,443.472,999.9655
crom_q[2306],36,2,q,M7,443.536,999.9655
crom_q[2307],36,3,q,M7,443.6,999.9655
crom_q[2308],36,4,q,M7,443.664,999.9655
crom_q[2309],36,5,q,M7,443.728,999.9655
crom_q[230],3,38,q,M5,45.324,999.9580000000001
crom_q[2310],36,6,q,M7,443.79200000000003,999.9655
crom_q[2311],36,7,q,M7,443.856,999.9655
crom_q[2312],36,8,q,M7,443.91999999999996,999.9655
crom_q[2313],36,9,q,M7,443.98400000000004,999.9655
crom_q[2314],36,10,q,M7,444.048,999.9655
crom_q[2315],36,11,q,M7,444.11199999999997,999.9655
crom_q[2316],36,12,q,M7,444.17600000000004,999.9655
crom_q[2317],36,13,q,M7,444.24,999.9655
crom_q[2318],36,14,q,M7,444.304,999.9655
crom_q[2319],36,15,q,M7,444.368,999.9655
crom_q[231],3,39,q,M5,45.372,999.9580000000001
crom_q[2320],36,16,q,M7,444.432,999.9655
crom_q[2321],36,17,q,M7,444.496,999.9655
crom_q[2322],36,18,q,M7,444.56,999.9655
crom_q[2323],36,19,q,M7,444.624,999.9655
crom_q[2324],36,20,q,M7,444.688,999.9655
crom_q[2325],36,21,q,M7,444.75199999999995,999.9655
crom_q[2326],36,22,q,M7,444.81600000000003,999.9655
crom_q[2327],36,23,q,M7,444.88,999.9655
crom_q[2328],36,24,q,M7,444.94399999999996,999.9655
crom_q[2329],36,25,q,M7,445.00800000000004,999.9655
crom_q[232],3,40,q,M5,45.42,999.9580000000001
crom_q[2330],36,26,q,M7,445.072,999.9655
crom_q[2331],36,27,q,M7,445.13599999999997,999.9655
crom_q[2332],36,28,q,M7,445.20000000000005,999.9655
crom_q[2333],36,29,q,M7,445.264,999.9655
crom_q[2334],36,30,q,M7,445.328,999.9655
crom_q[2335],36,31,q,M7,445.392,999.9655
crom_q[2336],36,32,q,M7,445.456,999.9655
crom_q[2337],36,33,q,M7,445.52,999.9655
crom_q[2338],36,34,q,M7,445.584,999.9655
crom_q[2339],36,35,q,M7,445.648,999.9655
crom_q[233],3,41,q,M5,45.468,999.9580000000001
crom_q[2340],36,36,q,M7,445.712,999.9655
crom_q[2341],36,37,q,M7,445.77599999999995,999.9655
crom_q[2342],36,38,q,M7,445.84000000000003,999.9655
crom_q[2343],36,39,q,M7,445.904,999.9655
crom_q[2344],36,40,q,M7,445.96799999999996,999.9655
crom_q[2345],36,41,q,M7,446.03200000000004,999.9655
crom_q[2346],36,42,q,M7,446.096,999.9655
crom_q[2347],36,43,q,M7,446.15999999999997,999.9655
crom_q[2348],36,44,q,M7,446.22400000000005,999.9655
crom_q[2349],36,45,q,M7,446.288,999.9655
crom_q[234],3,42,q,M5,45.516,999.9580000000001
crom_q[2350],36,46,q,M7,446.352,999.9655
crom_q[2351],36,47,q,M7,446.416,999.9655
crom_q[2352],36,48,q,M7,446.48,999.9655
crom_q[2353],36,49,q,M7,446.544,999.9655
crom_q[2354],36,50,q,M7,446.608,999.9655
crom_q[2355],36,51,q,M7,446.672,999.9655
crom_q[2356],36,52,q,M7,446.736,999.9655
crom_q[2357],36,53,q,M7,446.79999999999995,999.9655
crom_q[2358],36,54,q,M7,446.86400000000003,999.9655
crom_q[2359],36,55,q,M7,446.928,999.9655
crom_q[235],3,43,q,M5,45.564,999.9580000000001
crom_q[2360],36,56,q,M7,446.99199999999996,999.9655
crom_q[2361],36,57,q,M7,447.05600000000004,999.9655
crom_q[2362],36,58,q,M7,447.12,999.9655
crom_q[2363],36,59,q,M7,447.18399999999997,999.9655
crom_q[2364],36,60,q,M7,447.24800000000005,999.9655
crom_q[2365],36,61,q,M7,447.312,999.9655
crom_q[2366],36,62,q,M7,447.376,999.9655
crom_q[2367],36,63,q,M7,447.44,999.9655
crom_q[2368],37,0,q,M7,455.568,999.9655
crom_q[2369],37,1,q,M7,455.632,999.9655
crom_q[236],3,44,q,M5,45.612,999.9580000000001
crom_q[2370],37,2,q,M7,455.696,999.9655
crom_q[2371],37,3,q,M7,455.76,999.9655
crom_q[2372],37,4,q,M7,455.82399999999996,999.9655
crom_q[2373],37,5,q,M7,455.88800000000003,999.9655
crom_q[2374],37,6,q,M7,455.952,999.9655
crom_q[2375],37,7,q,M7,456.01599999999996,999.9655
crom_q[2376],37,8,q,M7,456.08000000000004,999.9655
crom_q[2377],37,9,q,M7,456.144,999.9655
crom_q[2378],37,10,q,M7,456.20799999999997,999.9655
crom_q[2379],37,11,q,M7,456.272,999.9655
crom_q[237],3,45,q,M5,45.66,999.9580000000001
crom_q[2380],37,12,q,M7,456.336,999.9655
crom_q[2381],37,13,q,M7,456.4,999.9655
crom_q[2382],37,14,q,M7,456.464,999.9655
crom_q[2383],37,15,q,M7,456.528,999.9655
crom_q[2384],37,16,q,M7,456.592,999.9655
crom_q[2385],37,17,q,M7,456.656,999.9655
crom_q[2386],37,18,q,M7,456.72,999.9655
crom_q[2387],37,19,q,M7,456.784,999.9655
crom_q[2388],37,20,q,M7,456.84799999999996,999.9655
crom_q[2389],37,21,q,M7,456.91200000000003,999.9655
crom_q[238],3,46,q,M5,45.708,999.9580000000001
crom_q[2390],37,22,q,M7,456.976,999.9655
crom_q[2391],37,23,q,M7,457.03999999999996,999.9655
crom_q[2392],37,24,q,M7,457.10400000000004,999.9655
crom_q[2393],37,25,q,M7,457.168,999.9655
crom_q[2394],37,26,q,M7,457.23199999999997,999.9655
crom_q[2395],37,27,q,M7,457.296,999.9655
crom_q[2396],37,28,q,M7,457.36,999.9655
crom_q[2397],37,29,q,M7,457.424,999.9655
crom_q[2398],37,30,q,M7,457.488,999.9655
crom_q[2399],37,31,q,M7,457.552,999.9655
crom_q[239],3,47,q,M5,45.756,999.9580000000001
crom_q[23],0,23,q,M5,8.172,999.9580000000001
crom_q[2400],37,32,q,M7,457.616,999.9655
crom_q[2401],37,33,q,M7,457.68,999.9655
crom_q[2402],37,34,q,M7,457.744,999.9655
crom_q[2403],37,35,q,M7,457.808,999.9655
crom_q[2404],37,36,q,M7,457.87199999999996,999.9655
crom_q[2405],37,37,q,M7,457.93600000000004,999.9655
crom_q[2406],37,38,q,M7,458.0,999.9655
crom_q[2407],37,39,q,M7,458.06399999999996,999.9655
crom_q[2408],37,40,q,M7,458.12800000000004,999.9655
crom_q[2409],37,41,q,M7,458.192,999.9655
crom_q[240],3,48,q,M5,45.804,999.9580000000001
crom_q[2410],37,42,q,M7,458.256,999.9655
crom_q[2411],37,43,q,M7,458.32,999.9655
crom_q[2412],37,44,q,M7,458.384,999.9655
crom_q[2413],37,45,q,M7,458.448,999.9655
crom_q[2414],37,46,q,M7,458.512,999.9655
crom_q[2415],37,47,q,M7,458.576,999.9655
crom_q[2416],37,48,q,M7,458.64,999.9655
crom_q[2417],37,49,q,M7,458.704,999.9655
crom_q[2418],37,50,q,M7,458.76800000000003,999.9655
crom_q[2419],37,51,q,M7,458.832,999.9655
crom_q[241],3,49,q,M5,45.852000000000004,999.9580000000001
crom_q[2420],37,52,q,M7,458.89599999999996,999.9655
crom_q[2421],37,53,q,M7,458.96000000000004,999.9655
crom_q[2422],37,54,q,M7,459.024,999.9655
crom_q[2423],37,55,q,M7,459.08799999999997,999.9655
crom_q[2424],37,56,q,M7,459.15200000000004,999.9655
crom_q[2425],37,57,q,M7,459.216,999.9655
crom_q[2426],37,58,q,M7,459.28,999.9655
crom_q[2427],37,59,q,M7,459.344,999.9655
crom_q[2428],37,60,q,M7,459.408,999.9655
crom_q[2429],37,61,q,M7,459.472,999.9655
crom_q[242],3,50,q,M5,45.9,999.9580000000001
crom_q[2430],37,62,q,M7,459.536,999.9655
crom_q[2431],37,63,q,M7,459.6,999.9655
crom_q[2432],38,0,q,M7,467.728,999.9655
crom_q[2433],38,1,q,M7,467.79200000000003,999.9655
crom_q[2434],38,2,q,M7,467.856,999.9655
crom_q[2435],38,3,q,M7,467.91999999999996,999.9655
crom_q[2436],38,4,q,M7,467.98400000000004,999.9655
crom_q[2437],38,5,q,M7,468.048,999.9655
crom_q[2438],38,6,q,M7,468.11199999999997,999.9655
crom_q[2439],38,7,q,M7,468.17600000000004,999.9655
crom_q[243],3,51,q,M5,45.948,999.9580000000001
crom_q[2440],38,8,q,M7,468.24,999.9655
crom_q[2441],38,9,q,M7,468.304,999.9655
crom_q[2442],38,10,q,M7,468.368,999.9655
crom_q[2443],38,11,q,M7,468.432,999.9655
crom_q[2444],38,12,q,M7,468.496,999.9655
crom_q[2445],38,13,q,M7,468.56,999.9655
crom_q[2446],38,14,q,M7,468.624,999.9655
crom_q[2447],38,15,q,M7,468.688,999.9655
crom_q[2448],38,16,q,M7,468.75199999999995,999.9655
crom_q[2449],38,17,q,M7,468.81600000000003,999.9655
crom_q[244],3,52,q,M5,45.996,999.9580000000001
crom_q[2450],38,18,q,M7,468.88,999.9655
crom_q[2451],38,19,q,M7,468.94399999999996,999.9655
crom_q[2452],38,20,q,M7,469.00800000000004,999.9655
crom_q[2453],38,21,q,M7,469.072,999.9655
crom_q[2454],38,22,q,M7,469.13599999999997,999.9655
crom_q[2455],38,23,q,M7,469.20000000000005,999.9655
crom_q[2456],38,24,q,M7,469.264,999.9655
crom_q[2457],38,25,q,M7,469.328,999.9655
crom_q[2458],38,26,q,M7,469.392,999.9655
crom_q[2459],38,27,q,M7,469.456,999.9655
crom_q[245],3,53,q,M5,46.044,999.9580000000001
crom_q[2460],38,28,q,M7,469.52,999.9655
crom_q[2461],38,29,q,M7,469.584,999.9655
crom_q[2462],38,30,q,M7,469.648,999.9655
crom_q[2463],38,31,q,M7,469.712,999.9655
crom_q[2464],38,32,q,M7,469.77599999999995,999.9655
crom_q[2465],38,33,q,M7,469.84000000000003,999.9655
crom_q[2466],38,34,q,M7,469.904,999.9655
crom_q[2467],38,35,q,M7,469.96799999999996,999.9655
crom_q[2468],38,36,q,M7,470.03200000000004,999.9655
crom_q[2469],38,37,q,M7,470.096,999.9655
crom_q[246],3,54,q,M5,46.092,999.9580000000001
crom_q[2470],38,38,q,M7,470.15999999999997,999.9655
crom_q[2471],38,39,q,M7,470.22400000000005,999.9655
crom_q[2472],38,40,q,M7,470.288,999.9655
crom_q[2473],38,41,q,M7,470.352,999.9655
crom_q[2474],38,42,q,M7,470.416,999.9655
crom_q[2475],38,43,q,M7,470.48,999.9655
crom_q[2476],38,44,q,M7,470.544,999.9655
crom_q[2477],38,45,q,M7,470.608,999.9655
crom_q[2478],38,46,q,M7,470.672,999.9655
crom_q[2479],38,47,q,M7,470.736,999.9655
crom_q[247],3,55,q,M5,46.14,999.9580000000001
crom_q[2480],38,48,q,M7,470.79999999999995,999.9655
crom_q[2481],38,49,q,M7,470.86400000000003,999.9655
crom_q[2482],38,50,q,M7,470.928,999.9655
crom_q[2483],38,51,q,M7,470.99199999999996,999.9655
crom_q[2484],38,52,q,M7,471.05600000000004,999.9655
crom_q[2485],38,53,q,M7,471.12,999.9655
crom_q[2486],38,54,q,M7,471.18399999999997,999.9655
crom_q[2487],38,55,q,M7,471.24800000000005,999.9655
crom_q[2488],38,56,q,M7,471.312,999.9655
crom_q[2489],38,57,q,M7,471.376,999.9655
crom_q[248],3,56,q,M5,46.188,999.9580000000001
crom_q[2490],38,58,q,M7,471.44,999.9655
crom_q[2491],38,59,q,M7,471.504,999.9655
crom_q[2492],38,60,q,M7,471.568,999.9655
crom_q[2493],38,61,q,M7,471.632,999.9655
crom_q[2494],38,62,q,M7,471.696,999.9655
crom_q[2495],38,63,q,M7,471.76,999.9655
crom_q[2496],39,0,q,M7,479.88800000000003,999.9655
crom_q[2497],39,1,q,M7,479.952,999.9655
crom_q[2498],39,2,q,M7,480.01599999999996,999.9655
crom_q[2499],39,3,q,M7,480.08000000000004,999.9655
crom_q[249],3,57,q,M5,46.236,999.9580000000001
crom_q[24],0,24,q,M5,8.219999999999999,999.9580000000001
crom_q[2500],39,4,q,M7,480.144,999.9655
crom_q[2501],39,5,q,M7,480.20799999999997,999.9655
crom_q[2502],39,6,q,M7,480.272,999.9655
crom_q[2503],39,7,q,M7,480.336,999.9655
crom_q[2504],39,8,q,M7,480.4,999.9655
crom_q[2505],39,9,q,M7,480.464,999.9655
crom_q[2506],39,10,q,M7,480.528,999.9655
crom_q[2507],39,11,q,M7,480.592,999.9655
crom_q[2508],39,12,q,M7,480.656,999.9655
crom_q[2509],39,13,q,M7,480.72,999.9655
crom_q[250],3,58,q,M5,46.284,999.9580000000001
crom_q[2510],39,14,q,M7,480.784,999.9655
crom_q[2511],39,15,q,M7,480.84799999999996,999.9655
crom_q[2512],39,16,q,M7,480.91200000000003,999.9655
crom_q[2513],39,17,q,M7,480.976,999.9655
crom_q[2514],39,18,q,M7,481.03999999999996,999.9655
crom_q[2515],39,19,q,M7,481.10400000000004,999.9655
crom_q[2516],39,20,q,M7,481.168,999.9655
crom_q[2517],39,21,q,M7,481.23199999999997,999.9655
crom_q[2518],39,22,q,M7,481.296,999.9655
crom_q[2519],39,23,q,M7,481.36,999.9655
crom_q[251],3,59,q,M5,46.332,999.9580000000001
crom_q[2520],39,24,q,M7,481.424,999.9655
crom_q[2521],39,25,q,M7,481.488,999.9655
crom_q[2522],39,26,q,M7,481.552,999.9655
crom_q[2523],39,27,q,M7,481.616,999.9655
crom_q[2524],39,28,q,M7,481.68,999.9655
crom_q[2525],39,29,q,M7,481.744,999.9655
crom_q[2526],39,30,q,M7,481.808,999.9655
crom_q[2527],39,31,q,M7,481.87199999999996,999.9655
crom_q[2528],39,32,q,M7,481.93600000000004,999.9655
crom_q[2529],39,33,q,M7,482.0,999.9655
crom_q[252],3,60,q,M5,46.38,999.9580000000001
crom_q[2530],39,34,q,M7,482.06399999999996,999.9655
crom_q[2531],39,35,q,M7,482.12800000000004,999.9655
crom_q[2532],39,36,q,M7,482.192,999.9655
crom_q[2533],39,37,q,M7,482.256,999.9655
crom_q[2534],39,38,q,M7,482.32,999.9655
crom_q[2535],39,39,q,M7,482.384,999.9655
crom_q[2536],39,40,q,M7,482.448,999.9655
crom_q[2537],39,41,q,M7,482.512,999.9655
crom_q[2538],39,42,q,M7,482.576,999.9655
crom_q[2539],39,43,q,M7,482.64,999.9655
crom_q[253],3,61,q,M5,46.428,999.9580000000001
crom_q[2540],39,44,q,M7,482.704,999.9655
crom_q[2541],39,45,q,M7,482.76800000000003,999.9655
crom_q[2542],39,46,q,M7,482.832,999.9655
crom_q[2543],39,47,q,M7,482.89599999999996,999.9655
crom_q[2544],39,48,q,M7,482.96000000000004,999.9655
crom_q[2545],39,49,q,M7,483.024,999.9655
crom_q[2546],39,50,q,M7,483.08799999999997,999.9655
crom_q[2547],39,51,q,M7,483.15200000000004,999.9655
crom_q[2548],39,52,q,M7,483.216,999.9655
crom_q[2549],39,53,q,M7,483.28,999.9655
crom_q[254],3,62,q,M5,46.476,999.9580000000001
crom_q[2550],39,54,q,M7,483.344,999.9655
crom_q[2551],39,55,q,M7,483.408,999.9655
crom_q[2552],39,56,q,M7,483.472,999.9655
crom_q[2553],39,57,q,M7,483.536,999.9655
crom_q[2554],39,58,q,M7,483.6,999.9655
crom_q[2555],39,59,q,M7,483.664,999.9655
crom_q[2556],39,60,q,M7,483.728,999.9655
crom_q[2557],39,61,q,M7,483.79200000000003,999.9655
crom_q[2558],39,62,q,M7,483.856,999.9655
crom_q[2559],39,63,q,M7,483.91999999999996,999.9655
crom_q[255],3,63,q,M5,46.524,999.9580000000001
crom_q[2560],40,0,q,M5,493.068,999.9580000000001
crom_q[2561],40,1,q,M5,493.116,999.9580000000001
crom_q[2562],40,2,q,M5,493.164,999.9580000000001
crom_q[2563],40,3,q,M5,493.212,999.9580000000001
crom_q[2564],40,4,q,M5,493.26,999.9580000000001
crom_q[2565],40,5,q,M5,493.308,999.9580000000001
crom_q[2566],40,6,q,M5,493.356,999.9580000000001
crom_q[2567],40,7,q,M5,493.404,999.9580000000001
crom_q[2568],40,8,q,M5,493.452,999.9580000000001
crom_q[2569],40,9,q,M5,493.5,999.9580000000001
crom_q[256],4,0,q,M5,55.644,999.9580000000001
crom_q[2570],40,10,q,M5,493.548,999.9580000000001
crom_q[2571],40,11,q,M5,493.596,999.9580000000001
crom_q[2572],40,12,q,M5,493.644,999.9580000000001
crom_q[2573],40,13,q,M5,493.692,999.9580000000001
crom_q[2574],40,14,q,M5,493.74,999.9580000000001
crom_q[2575],40,15,q,M5,493.788,999.9580000000001
crom_q[2576],40,16,q,M5,493.836,999.9580000000001
crom_q[2577],40,17,q,M5,493.884,999.9580000000001
crom_q[2578],40,18,q,M5,493.932,999.9580000000001
crom_q[2579],40,19,q,M5,493.98,999.9580000000001
crom_q[257],4,1,q,M5,55.692,999.9580000000001
crom_q[2580],40,20,q,M5,494.028,999.9580000000001
crom_q[2581],40,21,q,M5,494.076,999.9580000000001
crom_q[2582],40,22,q,M5,494.124,999.9580000000001
crom_q[2583],40,23,q,M5,494.172,999.9580000000001
crom_q[2584],40,24,q,M5,494.22,999.9580000000001
crom_q[2585],40,25,q,M5,494.268,999.9580000000001
crom_q[2586],40,26,q,M5,494.316,999.9580000000001
crom_q[2587],40,27,q,M5,494.364,999.9580000000001
crom_q[2588],40,28,q,M5,494.412,999.9580000000001
crom_q[2589],40,29,q,M5,494.46,999.9580000000001
crom_q[258],4,2,q,M5,55.74,999.9580000000001
crom_q[2590],40,30,q,M5,494.508,999.9580000000001
crom_q[2591],40,31,q,M5,494.556,999.9580000000001
crom_q[2592],40,32,q,M5,494.604,999.9580000000001
crom_q[2593],40,33,q,M5,494.652,999.9580000000001
crom_q[2594],40,34,q,M5,494.7,999.9580000000001
crom_q[2595],40,35,q,M5,494.748,999.9580000000001
crom_q[2596],40,36,q,M5,494.796,999.9580000000001
crom_q[2597],40,37,q,M5,494.844,999.9580000000001
crom_q[2598],40,38,q,M5,494.892,999.9580000000001
crom_q[2599],40,39,q,M5,494.94,999.9580000000001
crom_q[259],4,3,q,M5,55.788,999.9580000000001
crom_q[25],0,25,q,M5,8.268,999.9580000000001
crom_q[2600],40,40,q,M5,494.988,999.9580000000001
crom_q[2601],40,41,q,M5,495.036,999.9580000000001
crom_q[2602],40,42,q,M5,495.084,999.9580000000001
crom_q[2603],40,43,q,M5,495.132,999.9580000000001
crom_q[2604],40,44,q,M5,495.18,999.9580000000001
crom_q[2605],40,45,q,M5,495.228,999.9580000000001
crom_q[2606],40,46,q,M5,495.276,999.9580000000001
crom_q[2607],40,47,q,M5,495.324,999.9580000000001
crom_q[2608],40,48,q,M5,495.372,999.9580000000001
crom_q[2609],40,49,q,M5,495.42,999.9580000000001
crom_q[260],4,4,q,M5,55.836,999.9580000000001
crom_q[2610],40,50,q,M5,495.468,999.9580000000001
crom_q[2611],40,51,q,M5,495.516,999.9580000000001
crom_q[2612],40,52,q,M5,495.564,999.9580000000001
crom_q[2613],40,53,q,M5,495.612,999.9580000000001
crom_q[2614],40,54,q,M5,495.66,999.9580000000001
crom_q[2615],40,55,q,M5,495.708,999.9580000000001
crom_q[2616],40,56,q,M5,495.756,999.9580000000001
crom_q[2617],40,57,q,M5,495.804,999.9580000000001
crom_q[2618],40,58,q,M5,495.852,999.9580000000001
crom_q[2619],40,59,q,M5,495.9,999.9580000000001
crom_q[261],4,5,q,M5,55.884,999.9580000000001
crom_q[2620],40,60,q,M5,495.948,999.9580000000001
crom_q[2621],40,61,q,M5,495.996,999.9580000000001
crom_q[2622],40,62,q,M5,496.044,999.9580000000001
crom_q[2623],40,63,q,M5,496.092,999.9580000000001
crom_q[2624],41,0,q,M7,504.144,999.9655
crom_q[2625],41,1,q,M7,504.20799999999997,999.9655
crom_q[2626],41,2,q,M7,504.272,999.9655
crom_q[2627],41,3,q,M7,504.336,999.9655
crom_q[2628],41,4,q,M7,504.4,999.9655
crom_q[2629],41,5,q,M7,504.464,999.9655
crom_q[262],4,6,q,M5,55.932,999.9580000000001
crom_q[2630],41,6,q,M7,504.528,999.9655
crom_q[2631],41,7,q,M7,504.592,999.9655
crom_q[2632],41,8,q,M7,504.656,999.9655
crom_q[2633],41,9,q,M7,504.72,999.9655
crom_q[2634],41,10,q,M7,504.784,999.9655
crom_q[2635],41,11,q,M7,504.84799999999996,999.9655
crom_q[2636],41,12,q,M7,504.91200000000003,999.9655
crom_q[2637],41,13,q,M7,504.976,999.9655
crom_q[2638],41,14,q,M7,505.03999999999996,999.9655
crom_q[2639],41,15,q,M7,505.10400000000004,999.9655
crom_q[263],4,7,q,M5,55.980000000000004,999.9580000000001
crom_q[2640],41,16,q,M7,505.168,999.9655
crom_q[2641],41,17,q,M7,505.23199999999997,999.9655
crom_q[2642],41,18,q,M7,505.296,999.9655
crom_q[2643],41,19,q,M7,505.36,999.9655
crom_q[2644],41,20,q,M7,505.424,999.9655
crom_q[2645],41,21,q,M7,505.488,999.9655
crom_q[2646],41,22,q,M7,505.552,999.9655
crom_q[2647],41,23,q,M7,505.616,999.9655
crom_q[2648],41,24,q,M7,505.68,999.9655
crom_q[2649],41,25,q,M7,505.744,999.9655
crom_q[264],4,8,q,M5,56.028,999.9580000000001
crom_q[2650],41,26,q,M7,505.808,999.9655
crom_q[2651],41,27,q,M7,505.87199999999996,999.9655
crom_q[2652],41,28,q,M7,505.93600000000004,999.9655
crom_q[2653],41,29,q,M7,506.0,999.9655
crom_q[2654],41,30,q,M7,506.06399999999996,999.9655
crom_q[2655],41,31,q,M7,506.12800000000004,999.9655
crom_q[2656],41,32,q,M7,506.192,999.9655
crom_q[2657],41,33,q,M7,506.256,999.9655
crom_q[2658],41,34,q,M7,506.32,999.9655
crom_q[2659],41,35,q,M7,506.384,999.9655
crom_q[265],4,9,q,M5,56.076,999.9580000000001
crom_q[2660],41,36,q,M7,506.448,999.9655
crom_q[2661],41,37,q,M7,506.512,999.9655
crom_q[2662],41,38,q,M7,506.576,999.9655
crom_q[2663],41,39,q,M7,506.64,999.9655
crom_q[2664],41,40,q,M7,506.704,999.9655
crom_q[2665],41,41,q,M7,506.76800000000003,999.9655
crom_q[2666],41,42,q,M7,506.832,999.9655
crom_q[2667],41,43,q,M7,506.89599999999996,999.9655
crom_q[2668],41,44,q,M7,506.96000000000004,999.9655
crom_q[2669],41,45,q,M7,507.024,999.9655
crom_q[266],4,10,q,M5,56.124,999.9580000000001
crom_q[2670],41,46,q,M7,507.08799999999997,999.9655
crom_q[2671],41,47,q,M7,507.15200000000004,999.9655
crom_q[2672],41,48,q,M7,507.216,999.9655
crom_q[2673],41,49,q,M7,507.28,999.9655
crom_q[2674],41,50,q,M7,507.344,999.9655
crom_q[2675],41,51,q,M7,507.408,999.9655
crom_q[2676],41,52,q,M7,507.472,999.9655
crom_q[2677],41,53,q,M7,507.536,999.9655
crom_q[2678],41,54,q,M7,507.6,999.9655
crom_q[2679],41,55,q,M7,507.664,999.9655
crom_q[267],4,11,q,M5,56.172,999.9580000000001
crom_q[2680],41,56,q,M7,507.728,999.9655
crom_q[2681],41,57,q,M7,507.79200000000003,999.9655
crom_q[2682],41,58,q,M7,507.856,999.9655
crom_q[2683],41,59,q,M7,507.91999999999996,999.9655
crom_q[2684],41,60,q,M7,507.98400000000004,999.9655
crom_q[2685],41,61,q,M7,508.048,999.9655
crom_q[2686],41,62,q,M7,508.11199999999997,999.9655
crom_q[2687],41,63,q,M7,508.17600000000004,999.9655
crom_q[2688],42,0,q,M7,516.3040000000001,999.9655
crom_q[2689],42,1,q,M7,516.3679999999999,999.9655
crom_q[268],4,12,q,M5,56.22,999.9580000000001
crom_q[2690],42,2,q,M7,516.432,999.9655
crom_q[2691],42,3,q,M7,516.496,999.9655
crom_q[2692],42,4,q,M7,516.56,999.9655
crom_q[2693],42,5,q,M7,516.624,999.9655
crom_q[2694],42,6,q,M7,516.688,999.9655
crom_q[2695],42,7,q,M7,516.752,999.9655
crom_q[2696],42,8,q,M7,516.816,999.9655
crom_q[2697],42,9,q,M7,516.88,999.9655
crom_q[2698],42,10,q,M7,516.944,999.9655
crom_q[2699],42,11,q,M7,517.008,999.9655
crom_q[269],4,13,q,M5,56.268,999.9580000000001
crom_q[26],0,26,q,M5,8.315999999999999,999.9580000000001
crom_q[2700],42,12,q,M7,517.072,999.9655
crom_q[2701],42,13,q,M7,517.136,999.9655
crom_q[2702],42,14,q,M7,517.2,999.9655
crom_q[2703],42,15,q,M7,517.264,999.9655
crom_q[2704],42,16,q,M7,517.328,999.9655
crom_q[2705],42,17,q,M7,517.392,999.9655
crom_q[2706],42,18,q,M7,517.456,999.9655
crom_q[2707],42,19,q,M7,517.52,999.9655
crom_q[2708],42,20,q,M7,517.5840000000001,999.9655
crom_q[2709],42,21,q,M7,517.6479999999999,999.9655
crom_q[270],4,14,q,M5,56.316,999.9580000000001
crom_q[2710],42,22,q,M7,517.712,999.9655
crom_q[2711],42,23,q,M7,517.7760000000001,999.9655
crom_q[2712],42,24,q,M7,517.8399999999999,999.9655
crom_q[2713],42,25,q,M7,517.904,999.9655
crom_q[2714],42,26,q,M7,517.9680000000001,999.9655
crom_q[2715],42,27,q,M7,518.0319999999999,999.9655
crom_q[2716],42,28,q,M7,518.096,999.9655
crom_q[2717],42,29,q,M7,518.1600000000001,999.9655
crom_q[2718],42,30,q,M7,518.2239999999999,999.9655
crom_q[2719],42,31,q,M7,518.288,999.9655
crom_q[271],4,15,q,M5,56.364,999.9580000000001
crom_q[2720],42,32,q,M7,518.3520000000001,999.9655
crom_q[2721],42,33,q,M7,518.4159999999999,999.9655
crom_q[2722],42,34,q,M7,518.48,999.9655
crom_q[2723],42,35,q,M7,518.544,999.9655
crom_q[2724],42,36,q,M7,518.608,999.9655
crom_q[2725],42,37,q,M7,518.672,999.9655
crom_q[2726],42,38,q,M7,518.736,999.9655
crom_q[2727],42,39,q,M7,518.8,999.9655
crom_q[2728],42,40,q,M7,518.864,999.9655
crom_q[2729],42,41,q,M7,518.928,999.9655
crom_q[272],4,16,q,M5,56.412,999.9580000000001
crom_q[2730],42,42,q,M7,518.992,999.9655
crom_q[2731],42,43,q,M7,519.056,999.9655
crom_q[2732],42,44,q,M7,519.12,999.9655
crom_q[2733],42,45,q,M7,519.184,999.9655
crom_q[2734],42,46,q,M7,519.248,999.9655
crom_q[2735],42,47,q,M7,519.312,999.9655
crom_q[2736],42,48,q,M7,519.376,999.9655
crom_q[2737],42,49,q,M7,519.44,999.9655
crom_q[2738],42,50,q,M7,519.504,999.9655
crom_q[2739],42,51,q,M7,519.568,999.9655
crom_q[273],4,17,q,M5,56.46,999.9580000000001
crom_q[2740],42,52,q,M7,519.6320000000001,999.9655
crom_q[2741],42,53,q,M7,519.6959999999999,999.9655
crom_q[2742],42,54,q,M7,519.76,999.9655
crom_q[2743],42,55,q,M7,519.8240000000001,999.9655
crom_q[2744],42,56,q,M7,519.8879999999999,999.9655
crom_q[2745],42,57,q,M7,519.952,999.9655
crom_q[2746],42,58,q,M7,520.0160000000001,999.9655
crom_q[2747],42,59,q,M7,520.0799999999999,999.9655
crom_q[2748],42,60,q,M7,520.144,999.9655
crom_q[2749],42,61,q,M7,520.2080000000001,999.9655
crom_q[274],4,18,q,M5,56.508,999.9580000000001
crom_q[2750],42,62,q,M7,520.2719999999999,999.9655
crom_q[2751],42,63,q,M7,520.336,999.9655
crom_q[2752],43,0,q,M7,528.4639999999999,999.9655
crom_q[2753],43,1,q,M7,528.528,999.9655
crom_q[2754],43,2,q,M7,528.592,999.9655
crom_q[2755],43,3,q,M7,528.656,999.9655
crom_q[2756],43,4,q,M7,528.72,999.9655
crom_q[2757],43,5,q,M7,528.784,999.9655
crom_q[2758],43,6,q,M7,528.848,999.9655
crom_q[2759],43,7,q,M7,528.912,999.9655
crom_q[275],4,19,q,M5,56.556,999.9580000000001
crom_q[2760],43,8,q,M7,528.976,999.9655
crom_q[2761],43,9,q,M7,529.04,999.9655
crom_q[2762],43,10,q,M7,529.104,999.9655
crom_q[2763],43,11,q,M7,529.168,999.9655
crom_q[2764],43,12,q,M7,529.232,999.9655
crom_q[2765],43,13,q,M7,529.296,999.9655
crom_q[2766],43,14,q,M7,529.36,999.9655
crom_q[2767],43,15,q,M7,529.424,999.9655
crom_q[2768],43,16,q,M7,529.488,999.9655
crom_q[2769],43,17,q,M7,529.5519999999999,999.9655
crom_q[276],4,20,q,M5,56.604,999.9580000000001
crom_q[2770],43,18,q,M7,529.616,999.9655
crom_q[2771],43,19,q,M7,529.6800000000001,999.9655
crom_q[2772],43,20,q,M7,529.7439999999999,999.9655
crom_q[2773],43,21,q,M7,529.808,999.9655
crom_q[2774],43,22,q,M7,529.8720000000001,999.9655
crom_q[2775],43,23,q,M7,529.9359999999999,999.9655
crom_q[2776],43,24,q,M7,530.0,999.9655
crom_q[2777],43,25,q,M7,530.0640000000001,999.9655
crom_q[2778],43,26,q,M7,530.1279999999999,999.9655
crom_q[2779],43,27,q,M7,530.192,999.9655
crom_q[277],4,21,q,M5,56.652,999.9580000000001
crom_q[2780],43,28,q,M7,530.2560000000001,999.9655
crom_q[2781],43,29,q,M7,530.3199999999999,999.9655
crom_q[2782],43,30,q,M7,530.384,999.9655
crom_q[2783],43,31,q,M7,530.4480000000001,999.9655
crom_q[2784],43,32,q,M7,530.512,999.9655
crom_q[2785],43,33,q,M7,530.576,999.9655
crom_q[2786],43,34,q,M7,530.64,999.9655
crom_q[2787],43,35,q,M7,530.704,999.9655
crom_q[2788],43,36,q,M7,530.768,999.9655
crom_q[2789],43,37,q,M7,530.832,999.9655
crom_q[278],4,22,q,M5,56.7,999.9580000000001
crom_q[2790],43,38,q,M7,530.896,999.9655
crom_q[2791],43,39,q,M7,530.96,999.9655
crom_q[2792],43,40,q,M7,531.024,999.9655
crom_q[2793],43,41,q,M7,531.088,999.9655
crom_q[2794],43,42,q,M7,531.152,999.9655
crom_q[2795],43,43,q,M7,531.216,999.9655
crom_q[2796],43,44,q,M7,531.28,999.9655
crom_q[2797],43,45,q,M7,531.344,999.9655
crom_q[2798],43,46,q,M7,531.408,999.9655
crom_q[2799],43,47,q,M7,531.472,999.9655
crom_q[279],4,23,q,M5,56.748,999.9580000000001
crom_q[27],0,27,q,M5,8.364,999.9580000000001
crom_q[2800],43,48,q,M7,531.5360000000001,999.9655
crom_q[2801],43,49,q,M7,531.5999999999999,999.9655
crom_q[2802],43,50,q,M7,531.664,999.9655
crom_q[2803],43,51,q,M7,531.7280000000001,999.9655
crom_q[2804],43,52,q,M7,531.7919999999999,999.9655
crom_q[2805],43,53,q,M7,531.856,999.9655
crom_q[2806],43,54,q,M7,531.9200000000001,999.9655
crom_q[2807],43,55,q,M7,531.9839999999999,999.9655
crom_q[2808],43,56,q,M7,532.048,999.9655
crom_q[2809],43,57,q,M7,532.1120000000001,999.9655
crom_q[280],4,24,q,M5,56.796,999.9580000000001
crom_q[2810],43,58,q,M7,532.1759999999999,999.9655
crom_q[2811],43,59,q,M7,532.24,999.9655
crom_q[2812],43,60,q,M7,532.3040000000001,999.9655
crom_q[2813],43,61,q,M7,532.3679999999999,999.9655
crom_q[2814],43,62,q,M7,532.432,999.9655
crom_q[2815],43,63,q,M7,532.496,999.9655
crom_q[2816],44,0,q,M7,540.624,999.9655
crom_q[2817],44,1,q,M7,540.688,999.9655
crom_q[2818],44,2,q,M7,540.752,999.9655
crom_q[2819],44,3,q,M7,540.816,999.9655
crom_q[281],4,25,q,M5,56.844,999.9580000000001
crom_q[2820],44,4,q,M7,540.88,999.9655
crom_q[2821],44,5,q,M7,540.944,999.9655
crom_q[2822],44,6,q,M7,541.008,999.9655
crom_q[2823],44,7,q,M7,541.072,999.9655
crom_q[2824],44,8,q,M7,541.136,999.9655
crom_q[2825],44,9,q,M7,541.2,999.9655
crom_q[2826],44,10,q,M7,541.264,999.9655
crom_q[2827],44,11,q,M7,541.328,999.9655
crom_q[2828],44,12,q,M7,541.392,999.9655
crom_q[2829],44,13,q,M7,541.456,999.9655
crom_q[282],4,26,q,M5,56.892,999.9580000000001
crom_q[2830],44,14,q,M7,541.52,999.9655
crom_q[2831],44,15,q,M7,541.5840000000001,999.9655
crom_q[2832],44,16,q,M7,541.6479999999999,999.9655
crom_q[2833],44,17,q,M7,541.712,999.9655
crom_q[2834],44,18,q,M7,541.7760000000001,999.9655
crom_q[2835],44,19,q,M7,541.8399999999999,999.9655
crom_q[2836],44,20,q,M7,541.904,999.9655
crom_q[2837],44,21,q,M7,541.9680000000001,999.9655
crom_q[2838],44,22,q,M7,542.0319999999999,999.9655
crom_q[2839],44,23,q,M7,542.096,999.9655
crom_q[283],4,27,q,M5,56.94,999.9580000000001
crom_q[2840],44,24,q,M7,542.1600000000001,999.9655
crom_q[2841],44,25,q,M7,542.2239999999999,999.9655
crom_q[2842],44,26,q,M7,542.288,999.9655
crom_q[2843],44,27,q,M7,542.3520000000001,999.9655
crom_q[2844],44,28,q,M7,542.4159999999999,999.9655
crom_q[2845],44,29,q,M7,542.48,999.9655
crom_q[2846],44,30,q,M7,542.544,999.9655
crom_q[2847],44,31,q,M7,542.608,999.9655
crom_q[2848],44,32,q,M7,542.672,999.9655
crom_q[2849],44,33,q,M7,542.736,999.9655
crom_q[284],4,28,q,M5,56.988,999.9580000000001
crom_q[2850],44,34,q,M7,542.8,999.9655
crom_q[2851],44,35,q,M7,542.864,999.9655
crom_q[2852],44,36,q,M7,542.928,999.9655
crom_q[2853],44,37,q,M7,542.992,999.9655
crom_q[2854],44,38,q,M7,543.056,999.9655
crom_q[2855],44,39,q,M7,543.12,999.9655
crom_q[2856],44,40,q,M7,543.184,999.9655
crom_q[2857],44,41,q,M7,543.248,999.9655
crom_q[2858],44,42,q,M7,543.312,999.9655
crom_q[2859],44,43,q,M7,543.376,999.9655
crom_q[285],4,29,q,M5,57.036,999.9580000000001
crom_q[2860],44,44,q,M7,543.44,999.9655
crom_q[2861],44,45,q,M7,543.504,999.9655
crom_q[2862],44,46,q,M7,543.568,999.9655
crom_q[2863],44,47,q,M7,543.6320000000001,999.9655
crom_q[2864],44,48,q,M7,543.6959999999999,999.9655
crom_q[2865],44,49,q,M7,543.76,999.9655
crom_q[2866],44,50,q,M7,543.8240000000001,999.9655
crom_q[2867],44,51,q,M7,543.8879999999999,999.9655
crom_q[2868],44,52,q,M7,543.952,999.9655
crom_q[2869],44,53,q,M7,544.0160000000001,999.9655
crom_q[286],4,30,q,M5,57.084,999.9580000000001
crom_q[2870],44,54,q,M7,544.0799999999999,999.9655
crom_q[2871],44,55,q,M7,544.144,999.9655
crom_q[2872],44,56,q,M7,544.2080000000001,999.9655
crom_q[2873],44,57,q,M7,544.2719999999999,999.9655
crom_q[2874],44,58,q,M7,544.336,999.9655
crom_q[2875],44,59,q,M7,544.4000000000001,999.9655
crom_q[2876],44,60,q,M7,544.4639999999999,999.9655
crom_q[2877],44,61,q,M7,544.528,999.9655
crom_q[2878],44,62,q,M7,544.592,999.9655
crom_q[2879],44,63,q,M7,544.656,999.9655
crom_q[287],4,31,q,M5,57.132,999.9580000000001
crom_q[2880],45,0,q,M5,553.788,999.9580000000001
crom_q[2881],45,1,q,M5,553.836,999.9580000000001
crom_q[2882],45,2,q,M5,553.884,999.9580000000001
crom_q[2883],45,3,q,M5,553.932,999.9580000000001
crom_q[2884],45,4,q,M5,553.98,999.9580000000001
crom_q[2885],45,5,q,M5,554.028,999.9580000000001
crom_q[2886],45,6,q,M5,554.076,999.9580000000001
crom_q[2887],45,7,q,M5,554.124,999.9580000000001
crom_q[2888],45,8,q,M5,554.172,999.9580000000001
crom_q[2889],45,9,q,M5,554.22,999.9580000000001
crom_q[288],4,32,q,M5,57.18,999.9580000000001
crom_q[2890],45,10,q,M5,554.268,999.9580000000001
crom_q[2891],45,11,q,M5,554.316,999.9580000000001
crom_q[2892],45,12,q,M5,554.364,999.9580000000001
crom_q[2893],45,13,q,M5,554.412,999.9580000000001
crom_q[2894],45,14,q,M5,554.46,999.9580000000001
crom_q[2895],45,15,q,M5,554.508,999.9580000000001
crom_q[2896],45,16,q,M5,554.556,999.9580000000001
crom_q[2897],45,17,q,M5,554.604,999.9580000000001
crom_q[2898],45,18,q,M5,554.652,999.9580000000001
crom_q[2899],45,19,q,M5,554.7,999.9580000000001
crom_q[289],4,33,q,M5,57.228,999.9580000000001
crom_q[28],0,28,q,M5,8.411999999999999,999.9580000000001
crom_q[2900],45,20,q,M5,554.748,999.9580000000001
crom_q[2901],45,21,q,M5,554.796,999.9580000000001
crom_q[2902],45,22,q,M5,554.844,999.9580000000001
crom_q[2903],45,23,q,M5,554.892,999.9580000000001
crom_q[2904],45,24,q,M5,554.94,999.9580000000001
crom_q[2905],45,25,q,M5,554.988,999.9580000000001
crom_q[2906],45,26,q,M5,555.0360000000001,999.9580000000001
crom_q[2907],45,27,q,M5,555.0840000000001,999.9580000000001
crom_q[2908],45,28,q,M5,555.1320000000001,999.9580000000001
crom_q[2909],45,29,q,M5,555.1800000000001,999.9580000000001
crom_q[290],4,34,q,M5,57.275999999999996,999.9580000000001
crom_q[2910],45,30,q,M5,555.2280000000001,999.9580000000001
crom_q[2911],45,31,q,M5,555.2760000000001,999.9580000000001
crom_q[2912],45,32,q,M5,555.3240000000001,999.9580000000001
crom_q[2913],45,33,q,M5,555.3720000000001,999.9580000000001
crom_q[2914],45,34,q,M5,555.4200000000001,999.9580000000001
crom_q[2915],45,35,q,M5,555.4680000000001,999.9580000000001
crom_q[2916],45,36,q,M5,555.5160000000001,999.9580000000001
crom_q[2917],45,37,q,M5,555.5640000000001,999.9580000000001
crom_q[2918],45,38,q,M5,555.6120000000001,999.9580000000001
crom_q[2919],45,39,q,M5,555.6600000000001,999.9580000000001
crom_q[291],4,35,q,M5,57.324,999.9580000000001
crom_q[2920],45,40,q,M5,555.7080000000001,999.9580000000001
crom_q[2921],45,41,q,M5,555.7560000000001,999.9580000000001
crom_q[2922],45,42,q,M5,555.8040000000001,999.9580000000001
crom_q[2923],45,43,q,M5,555.8520000000001,999.9580000000001
crom_q[2924],45,44,q,M5,555.9000000000001,999.9580000000001
crom_q[2925],45,45,q,M5,555.9480000000001,999.9580000000001
crom_q[2926],45,46,q,M5,555.9960000000001,999.9580000000001
crom_q[2927],45,47,q,M5,556.0440000000001,999.9580000000001
crom_q[2928],45,48,q,M5,556.0920000000001,999.9580000000001
crom_q[2929],45,49,q,M5,556.1400000000001,999.9580000000001
crom_q[292],4,36,q,M5,57.372,999.9580000000001
crom_q[2930],45,50,q,M5,556.1880000000001,999.9580000000001
crom_q[2931],45,51,q,M5,556.2360000000001,999.9580000000001
crom_q[2932],45,52,q,M5,556.2840000000001,999.9580000000001
crom_q[2933],45,53,q,M5,556.3320000000001,999.9580000000001
crom_q[2934],45,54,q,M5,556.3800000000001,999.9580000000001
crom_q[2935],45,55,q,M5,556.4280000000001,999.9580000000001
crom_q[2936],45,56,q,M5,556.4760000000001,999.9580000000001
crom_q[2937],45,57,q,M5,556.5239999999999,999.9580000000001
crom_q[2938],45,58,q,M5,556.5719999999999,999.9580000000001
crom_q[2939],45,59,q,M5,556.6199999999999,999.9580000000001
crom_q[293],4,37,q,M5,57.42,999.9580000000001
crom_q[2940],45,60,q,M5,556.6679999999999,999.9580000000001
crom_q[2941],45,61,q,M5,556.7159999999999,999.9580000000001
crom_q[2942],45,62,q,M5,556.7639999999999,999.9580000000001
crom_q[2943],45,63,q,M5,556.8119999999999,999.9580000000001
crom_q[2944],46,0,q,M5,565.932,999.9580000000001
crom_q[2945],46,1,q,M5,565.98,999.9580000000001
crom_q[2946],46,2,q,M5,566.028,999.9580000000001
crom_q[2947],46,3,q,M5,566.076,999.9580000000001
crom_q[2948],46,4,q,M5,566.124,999.9580000000001
crom_q[2949],46,5,q,M5,566.172,999.9580000000001
crom_q[294],4,38,q,M5,57.468,999.9580000000001
crom_q[2950],46,6,q,M5,566.22,999.9580000000001
crom_q[2951],46,7,q,M5,566.268,999.9580000000001
crom_q[2952],46,8,q,M5,566.316,999.9580000000001
crom_q[2953],46,9,q,M5,566.364,999.9580000000001
crom_q[2954],46,10,q,M5,566.412,999.9580000000001
crom_q[2955],46,11,q,M5,566.46,999.9580000000001
crom_q[2956],46,12,q,M5,566.508,999.9580000000001
crom_q[2957],46,13,q,M5,566.556,999.9580000000001
crom_q[2958],46,14,q,M5,566.604,999.9580000000001
crom_q[2959],46,15,q,M5,566.652,999.9580000000001
crom_q[295],4,39,q,M5,57.516,999.9580000000001
crom_q[2960],46,16,q,M5,566.7,999.9580000000001
crom_q[2961],46,17,q,M5,566.748,999.9580000000001
crom_q[2962],46,18,q,M5,566.796,999.9580000000001
crom_q[2963],46,19,q,M5,566.844,999.9580000000001
crom_q[2964],46,20,q,M5,566.892,999.9580000000001
crom_q[2965],46,21,q,M5,566.94,999.9580000000001
crom_q[2966],46,22,q,M5,566.988,999.9580000000001
crom_q[2967],46,23,q,M5,567.0360000000001,999.9580000000001
crom_q[2968],46,24,q,M5,567.0840000000001,999.9580000000001
crom_q[2969],46,25,q,M5,567.1320000000001,999.9580000000001
crom_q[296],4,40,q,M5,57.564,999.9580000000001
crom_q[2970],46,26,q,M5,567.1800000000001,999.9580000000001
crom_q[2971],46,27,q,M5,567.2280000000001,999.9580000000001
crom_q[2972],46,28,q,M5,567.2760000000001,999.9580000000001
crom_q[2973],46,29,q,M5,567.3240000000001,999.9580000000001
crom_q[2974],46,30,q,M5,567.3720000000001,999.9580000000001
crom_q[2975],46,31,q,M5,567.4200000000001,999.9580000000001
crom_q[2976],46,32,q,M5,567.4680000000001,999.9580000000001
crom_q[2977],46,33,q,M5,567.5160000000001,999.9580000000001
crom_q[2978],46,34,q,M5,567.5640000000001,999.9580000000001
crom_q[2979],46,35,q,M5,567.6120000000001,999.9580000000001
crom_q[297],4,41,q,M5,57.612,999.9580000000001
crom_q[2980],46,36,q,M5,567.6600000000001,999.9580000000001
crom_q[2981],46,37,q,M5,567.7080000000001,999.9580000000001
crom_q[2982],46,38,q,M5,567.7560000000001,999.9580000000001
crom_q[2983],46,39,q,M5,567.8040000000001,999.9580000000001
crom_q[2984],46,40,q,M5,567.8520000000001,999.9580000000001
crom_q[2985],46,41,q,M5,567.9000000000001,999.9580000000001
crom_q[2986],46,42,q,M5,567.9480000000001,999.9580000000001
crom_q[2987],46,43,q,M5,567.9960000000001,999.9580000000001
crom_q[2988],46,44,q,M5,568.0440000000001,999.9580000000001
crom_q[2989],46,45,q,M5,568.0920000000001,999.9580000000001
crom_q[298],4,42,q,M5,57.66,999.9580000000001
crom_q[2990],46,46,q,M5,568.1400000000001,999.9580000000001
crom_q[2991],46,47,q,M5,568.1880000000001,999.9580000000001
crom_q[2992],46,48,q,M5,568.2360000000001,999.9580000000001
crom_q[2993],46,49,q,M5,568.2840000000001,999.9580000000001
crom_q[2994],46,50,q,M5,568.3320000000001,999.9580000000001
crom_q[2995],46,51,q,M5,568.3800000000001,999.9580000000001
crom_q[2996],46,52,q,M5,568.4280000000001,999.9580000000001
crom_q[2997],46,53,q,M5,568.4760000000001,999.9580000000001
crom_q[2998],46,54,q,M5,568.5239999999999,999.9580000000001
crom_q[2999],46,55,q,M5,568.5719999999999,999.9580000000001
crom_q[299],4,43,q,M5,57.708,999.9580000000001
crom_q[29],0,29,q,M5,8.46,999.9580000000001
crom_q[2],0,2,q,M5,7.164,999.9580000000001
crom_q[3000],46,56,q,M5,568.6199999999999,999.9580000000001
crom_q[3001],46,57,q,M5,568.6679999999999,999.9580000000001
crom_q[3002],46,58,q,M5,568.7159999999999,999.9580000000001
crom_q[3003],46,59,q,M5,568.7639999999999,999.9580000000001
crom_q[3004],46,60,q,M5,568.8119999999999,999.9580000000001
crom_q[3005],46,61,q,M5,568.8599999999999,999.9580000000001
crom_q[3006],46,62,q,M5,568.9079999999999,999.9580000000001
crom_q[3007],46,63,q,M5,568.9559999999999,999.9580000000001
crom_q[3008],47,0,q,M5,578.124,999.9580000000001
crom_q[3009],47,1,q,M5,578.172,999.9580000000001
crom_q[300],4,44,q,M5,57.756,999.9580000000001
crom_q[3010],47,2,q,M5,578.22,999.9580000000001
crom_q[3011],47,3,q,M5,578.268,999.9580000000001
crom_q[3012],47,4,q,M5,578.316,999.9580000000001
crom_q[3013],47,5,q,M5,578.364,999.9580000000001
crom_q[3014],47,6,q,M5,578.412,999.9580000000001
crom_q[3015],47,7,q,M5,578.46,999.9580000000001
crom_q[3016],47,8,q,M5,578.508,999.9580000000001
crom_q[3017],47,9,q,M5,578.556,999.9580000000001
crom_q[3018],47,10,q,M5,578.604,999.9580000000001
crom_q[3019],47,11,q,M5,578.652,999.9580000000001
crom_q[301],4,45,q,M5,57.804,999.9580000000001
crom_q[3020],47,12,q,M5,578.7,999.9580000000001
crom_q[3021],47,13,q,M5,578.748,999.9580000000001
crom_q[3022],47,14,q,M5,578.796,999.9580000000001
crom_q[3023],47,15,q,M5,578.844,999.9580000000001
crom_q[3024],47,16,q,M5,578.892,999.9580000000001
crom_q[3025],47,17,q,M5,578.94,999.9580000000001
crom_q[3026],47,18,q,M5,578.988,999.9580000000001
crom_q[3027],47,19,q,M5,579.0360000000001,999.9580000000001
crom_q[3028],47,20,q,M5,579.0840000000001,999.9580000000001
crom_q[3029],47,21,q,M5,579.1320000000001,999.9580000000001
crom_q[302],4,46,q,M5,57.852000000000004,999.9580000000001
crom_q[3030],47,22,q,M5,579.1800000000001,999.9580000000001
crom_q[3031],47,23,q,M5,579.2280000000001,999.9580000000001
crom_q[3032],47,24,q,M5,579.2760000000001,999.9580000000001
crom_q[3033],47,25,q,M5,579.3240000000001,999.9580000000001
crom_q[3034],47,26,q,M5,579.3720000000001,999.9580000000001
crom_q[3035],47,27,q,M5,579.4200000000001,999.9580000000001
crom_q[3036],47,28,q,M5,579.4680000000001,999.9580000000001
crom_q[3037],47,29,q,M5,579.5160000000001,999.9580000000001
crom_q[3038],47,30,q,M5,579.5640000000001,999.9580000000001
crom_q[3039],47,31,q,M5,579.6120000000001,999.9580000000001
crom_q[303],4,47,q,M5,57.9,999.9580000000001
crom_q[3040],47,32,q,M5,579.6600000000001,999.9580000000001
crom_q[3041],47,33,q,M5,579.7080000000001,999.9580000000001
crom_q[3042],47,34,q,M5,579.7560000000001,999.9580000000001
crom_q[3043],47,35,q,M5,579.8040000000001,999.9580000000001
crom_q[3044],47,36,q,M5,579.8520000000001,999.9580000000001
crom_q[3045],47,37,q,M5,579.9000000000001,999.9580000000001
crom_q[3046],47,38,q,M5,579.9480000000001,999.9580000000001
crom_q[3047],47,39,q,M5,579.9960000000001,999.9580000000001
crom_q[3048],47,40,q,M5,580.0440000000001,999.9580000000001
crom_q[3049],47,41,q,M5,580.0920000000001,999.9580000000001
crom_q[304],4,48,q,M5,57.948,999.9580000000001
crom_q[3050],47,42,q,M5,580.1400000000001,999.9580000000001
crom_q[3051],47,43,q,M5,580.1880000000001,999.9580000000001
crom_q[3052],47,44,q,M5,580.2360000000001,999.9580000000001
crom_q[3053],47,45,q,M5,580.2840000000001,999.9580000000001
crom_q[3054],47,46,q,M5,580.3320000000001,999.9580000000001
crom_q[3055],47,47,q,M5,580.3800000000001,999.9580000000001
crom_q[3056],47,48,q,M5,580.4280000000001,999.9580000000001
crom_q[3057],47,49,q,M5,580.4760000000001,999.9580000000001
crom_q[3058],47,50,q,M5,580.5239999999999,999.9580000000001
crom_q[3059],47,51,q,M5,580.5719999999999,999.9580000000001
crom_q[305],4,49,q,M5,57.996,999.9580000000001
crom_q[3060],47,52,q,M5,580.6199999999999,999.9580000000001
crom_q[3061],47,53,q,M5,580.6679999999999,999.9580000000001
crom_q[3062],47,54,q,M5,580.7159999999999,999.9580000000001
crom_q[3063],47,55,q,M5,580.7639999999999,999.9580000000001
crom_q[3064],47,56,q,M5,580.8119999999999,999.9580000000001
crom_q[3065],47,57,q,M5,580.8599999999999,999.9580000000001
crom_q[3066],47,58,q,M5,580.9079999999999,999.9580000000001
crom_q[3067],47,59,q,M5,580.9559999999999,999.9580000000001
crom_q[3068],47,60,q,M5,581.0039999999999,999.9580000000001
crom_q[3069],47,61,q,M5,581.0519999999999,999.9580000000001
crom_q[306],4,50,q,M5,58.044,999.9580000000001
crom_q[3070],47,62,q,M5,581.0999999999999,999.9580000000001
crom_q[3071],47,63,q,M5,581.1479999999999,999.9580000000001
crom_q[3072],48,0,q,M7,589.2,999.9655
crom_q[3073],48,1,q,M7,589.264,999.9655
crom_q[3074],48,2,q,M7,589.328,999.9655
crom_q[3075],48,3,q,M7,589.392,999.9655
crom_q[3076],48,4,q,M7,589.456,999.9655
crom_q[3077],48,5,q,M7,589.52,999.9655
crom_q[3078],48,6,q,M7,589.5840000000001,999.9655
crom_q[3079],48,7,q,M7,589.6479999999999,999.9655
crom_q[307],4,51,q,M5,58.092,999.9580000000001
crom_q[3080],48,8,q,M7,589.712,999.9655
crom_q[3081],48,9,q,M7,589.7760000000001,999.9655
crom_q[3082],48,10,q,M7,589.8399999999999,999.9655
crom_q[3083],48,11,q,M7,589.904,999.9655
crom_q[3084],48,12,q,M7,589.9680000000001,999.9655
crom_q[3085],48,13,q,M7,590.0319999999999,999.9655
crom_q[3086],48,14,q,M7,590.096,999.9655
crom_q[3087],48,15,q,M7,590.1600000000001,999.9655
crom_q[3088],48,16,q,M7,590.2239999999999,999.9655
crom_q[3089],48,17,q,M7,590.288,999.9655
crom_q[308],4,52,q,M5,58.14,999.9580000000001
crom_q[3090],48,18,q,M7,590.3520000000001,999.9655
crom_q[3091],48,19,q,M7,590.4159999999999,999.9655
crom_q[3092],48,20,q,M7,590.48,999.9655
crom_q[3093],48,21,q,M7,590.544,999.9655
crom_q[3094],48,22,q,M7,590.608,999.9655
crom_q[3095],48,23,q,M7,590.672,999.9655
crom_q[3096],48,24,q,M7,590.736,999.9655
crom_q[3097],48,25,q,M7,590.8,999.9655
crom_q[3098],48,26,q,M7,590.864,999.9655
crom_q[3099],48,27,q,M7,590.928,999.9655
crom_q[309],4,53,q,M5,58.188,999.9580000000001
crom_q[30],0,30,q,M5,8.508,999.9580000000001
crom_q[3100],48,28,q,M7,590.992,999.9655
crom_q[3101],48,29,q,M7,591.056,999.9655
crom_q[3102],48,30,q,M7,591.12,999.9655
crom_q[3103],48,31,q,M7,591.184,999.9655
crom_q[3104],48,32,q,M7,591.248,999.9655
crom_q[3105],48,33,q,M7,591.312,999.9655
crom_q[3106],48,34,q,M7,591.376,999.9655
crom_q[3107],48,35,q,M7,591.44,999.9655
crom_q[3108],48,36,q,M7,591.504,999.9655
crom_q[3109],48,37,q,M7,591.568,999.9655
crom_q[310],4,54,q,M5,58.236,999.9580000000001
crom_q[3110],48,38,q,M7,591.6320000000001,999.9655
crom_q[3111],48,39,q,M7,591.6959999999999,999.9655
crom_q[3112],48,40,q,M7,591.76,999.9655
crom_q[3113],48,41,q,M7,591.8240000000001,999.9655
crom_q[3114],48,42,q,M7,591.8879999999999,999.9655
crom_q[3115],48,43,q,M7,591.952,999.9655
crom_q[3116],48,44,q,M7,592.0160000000001,999.9655
crom_q[3117],48,45,q,M7,592.0799999999999,999.9655
crom_q[3118],48,46,q,M7,592.144,999.9655
crom_q[3119],48,47,q,M7,592.2080000000001,999.9655
crom_q[311],4,55,q,M5,58.284,999.9580000000001
crom_q[3120],48,48,q,M7,592.2719999999999,999.9655
crom_q[3121],48,49,q,M7,592.336,999.9655
crom_q[3122],48,50,q,M7,592.4000000000001,999.9655
crom_q[3123],48,51,q,M7,592.4639999999999,999.9655
crom_q[3124],48,52,q,M7,592.528,999.9655
crom_q[3125],48,53,q,M7,592.592,999.9655
crom_q[3126],48,54,q,M7,592.656,999.9655
crom_q[3127],48,55,q,M7,592.72,999.9655
crom_q[3128],48,56,q,M7,592.784,999.9655
crom_q[3129],48,57,q,M7,592.848,999.9655
crom_q[312],4,56,q,M5,58.332,999.9580000000001
crom_q[3130],48,58,q,M7,592.912,999.9655
crom_q[3131],48,59,q,M7,592.976,999.9655
crom_q[3132],48,60,q,M7,593.04,999.9655
crom_q[3133],48,61,q,M7,593.104,999.9655
crom_q[3134],48,62,q,M7,593.168,999.9655
crom_q[3135],48,63,q,M7,593.232,999.9655
crom_q[3136],49,0,q,M7,601.36,999.9655
crom_q[3137],49,1,q,M7,601.424,999.9655
crom_q[3138],49,2,q,M7,601.488,999.9655
crom_q[3139],49,3,q,M7,601.5519999999999,999.9655
crom_q[313],4,57,q,M5,58.38,999.9580000000001
crom_q[3140],49,4,q,M7,601.616,999.9655
crom_q[3141],49,5,q,M7,601.6800000000001,999.9655
crom_q[3142],49,6,q,M7,601.7439999999999,999.9655
crom_q[3143],49,7,q,M7,601.808,999.9655
crom_q[3144],49,8,q,M7,601.8720000000001,999.9655
crom_q[3145],49,9,q,M7,601.9359999999999,999.9655
crom_q[3146],49,10,q,M7,602.0,999.9655
crom_q[3147],49,11,q,M7,602.0640000000001,999.9655
crom_q[3148],49,12,q,M7,602.1279999999999,999.9655
crom_q[3149],49,13,q,M7,602.192,999.9655
crom_q[314],4,58,q,M5,58.428,999.9580000000001
crom_q[3150],49,14,q,M7,602.2560000000001,999.9655
crom_q[3151],49,15,q,M7,602.3199999999999,999.9655
crom_q[3152],49,16,q,M7,602.384,999.9655
crom_q[3153],49,17,q,M7,602.4480000000001,999.9655
crom_q[3154],49,18,q,M7,602.512,999.9655
crom_q[3155],49,19,q,M7,602.576,999.9655
crom_q[3156],49,20,q,M7,602.64,999.9655
crom_q[3157],49,21,q,M7,602.704,999.9655
crom_q[3158],49,22,q,M7,602.768,999.9655
crom_q[3159],49,23,q,M7,602.832,999.9655
crom_q[315],4,59,q,M5,58.476,999.9580000000001
crom_q[3160],49,24,q,M7,602.896,999.9655
crom_q[3161],49,25,q,M7,602.96,999.9655
crom_q[3162],49,26,q,M7,603.024,999.9655
crom_q[3163],49,27,q,M7,603.088,999.9655
crom_q[3164],49,28,q,M7,603.152,999.9655
crom_q[3165],49,29,q,M7,603.216,999.9655
crom_q[3166],49,30,q,M7,603.28,999.9655
crom_q[3167],49,31,q,M7,603.344,999.9655
crom_q[3168],49,32,q,M7,603.408,999.9655
crom_q[3169],49,33,q,M7,603.472,999.9655
crom_q[316],4,60,q,M5,58.524,999.9580000000001
crom_q[3170],49,34,q,M7,603.5360000000001,999.9655
crom_q[3171],49,35,q,M7,603.5999999999999,999.9655
crom_q[3172],49,36,q,M7,603.664,999.9655
crom_q[3173],49,37,q,M7,603.7280000000001,999.9655
crom_q[3174],49,38,q,M7,603.7919999999999,999.9655
crom_q[3175],49,39,q,M7,603.856,999.9655
crom_q[3176],49,40,q,M7,603.9200000000001,999.9655
crom_q[3177],49,41,q,M7,603.9839999999999,999.9655
crom_q[3178],49,42,q,M7,604.048,999.9655
crom_q[3179],49,43,q,M7,604.1120000000001,999.9655
crom_q[317],4,61,q,M5,58.572,999.9580000000001
crom_q[3180],49,44,q,M7,604.1759999999999,999.9655
crom_q[3181],49,45,q,M7,604.24,999.9655
crom_q[3182],49,46,q,M7,604.3040000000001,999.9655
crom_q[3183],49,47,q,M7,604.3679999999999,999.9655
crom_q[3184],49,48,q,M7,604.432,999.9655
crom_q[3185],49,49,q,M7,604.496,999.9655
crom_q[3186],49,50,q,M7,604.56,999.9655
crom_q[3187],49,51,q,M7,604.624,999.9655
crom_q[3188],49,52,q,M7,604.688,999.9655
crom_q[3189],49,53,q,M7,604.752,999.9655
crom_q[318],4,62,q,M5,58.62,999.9580000000001
crom_q[3190],49,54,q,M7,604.816,999.9655
crom_q[3191],49,55,q,M7,604.88,999.9655
crom_q[3192],49,56,q,M7,604.944,999.9655
crom_q[3193],49,57,q,M7,605.008,999.9655
crom_q[3194],49,58,q,M7,605.072,999.9655
crom_q[3195],49,59,q,M7,605.136,999.9655
crom_q[3196],49,60,q,M7,605.2,999.9655
crom_q[3197],49,61,q,M7,605.264,999.9655
crom_q[3198],49,62,q,M7,605.328,999.9655
crom_q[3199],49,63,q,M7,605.392,999.9655
crom_q[319],4,63,q,M5,58.668,999.9580000000001
crom_q[31],0,31,q,M5,8.556000000000001,999.9580000000001
crom_q[3200],50,0,q,M7,613.52,999.9655
crom_q[3201],50,1,q,M7,613.5840000000001,999.9655
crom_q[3202],50,2,q,M7,613.6479999999999,999.9655
crom_q[3203],50,3,q,M7,613.712,999.9655
crom_q[3204],50,4,q,M7,613.7760000000001,999.9655
crom_q[3205],50,5,q,M7,613.8399999999999,999.9655
crom_q[3206],50,6,q,M7,613.904,999.9655
crom_q[3207],50,7,q,M7,613.9680000000001,999.9655
crom_q[3208],50,8,q,M7,614.0319999999999,999.9655
crom_q[3209],50,9,q,M7,614.096,999.9655
crom_q[320],5,0,q,M7,66.768,999.9655
crom_q[3210],50,10,q,M7,614.1600000000001,999.9655
crom_q[3211],50,11,q,M7,614.2239999999999,999.9655
crom_q[3212],50,12,q,M7,614.288,999.9655
crom_q[3213],50,13,q,M7,614.3520000000001,999.9655
crom_q[3214],50,14,q,M7,614.4159999999999,999.9655
crom_q[3215],50,15,q,M7,614.48,999.9655
crom_q[3216],50,16,q,M7,614.544,999.9655
crom_q[3217],50,17,q,M7,614.608,999.9655
crom_q[3218],50,18,q,M7,614.672,999.9655
crom_q[3219],50,19,q,M7,614.736,999.9655
crom_q[321],5,1,q,M7,66.832,999.9655
crom_q[3220],50,20,q,M7,614.8,999.9655
crom_q[3221],50,21,q,M7,614.864,999.9655
crom_q[3222],50,22,q,M7,614.928,999.9655
crom_q[3223],50,23,q,M7,614.992,999.9655
crom_q[3224],50,24,q,M7,615.056,999.9655
crom_q[3225],50,25,q,M7,615.12,999.9655
crom_q[3226],50,26,q,M7,615.184,999.9655
crom_q[3227],50,27,q,M7,615.248,999.9655
crom_q[3228],50,28,q,M7,615.312,999.9655
crom_q[3229],50,29,q,M7,615.376,999.9655
crom_q[322],5,2,q,M7,66.896,999.9655
crom_q[3230],50,30,q,M7,615.44,999.9655
crom_q[3231],50,31,q,M7,615.504,999.9655
crom_q[3232],50,32,q,M7,615.568,999.9655
crom_q[3233],50,33,q,M7,615.6320000000001,999.9655
crom_q[3234],50,34,q,M7,615.6959999999999,999.9655
crom_q[3235],50,35,q,M7,615.76,999.9655
crom_q[3236],50,36,q,M7,615.8240000000001,999.9655
crom_q[3237],50,37,q,M7,615.8879999999999,999.9655
crom_q[3238],50,38,q,M7,615.952,999.9655
crom_q[3239],50,39,q,M7,616.0160000000001,999.9655
crom_q[323],5,3,q,M7,66.96000000000001,999.9655
crom_q[3240],50,40,q,M7,616.0799999999999,999.9655
crom_q[3241],50,41,q,M7,616.144,999.9655
crom_q[3242],50,42,q,M7,616.2080000000001,999.9655
crom_q[3243],50,43,q,M7,616.2719999999999,999.9655
crom_q[3244],50,44,q,M7,616.336,999.9655
crom_q[3245],50,45,q,M7,616.4000000000001,999.9655
crom_q[3246],50,46,q,M7,616.4639999999999,999.9655
crom_q[3247],50,47,q,M7,616.528,999.9655
crom_q[3248],50,48,q,M7,616.592,999.9655
crom_q[3249],50,49,q,M7,616.656,999.9655
crom_q[324],5,4,q,M7,67.024,999.9655
crom_q[3250],50,50,q,M7,616.72,999.9655
crom_q[3251],50,51,q,M7,616.784,999.9655
crom_q[3252],50,52,q,M7,616.848,999.9655
crom_q[3253],50,53,q,M7,616.912,999.9655
crom_q[3254],50,54,q,M7,616.976,999.9655
crom_q[3255],50,55,q,M7,617.04,999.9655
crom_q[3256],50,56,q,M7,617.104,999.9655
crom_q[3257],50,57,q,M7,617.168,999.9655
crom_q[3258],50,58,q,M7,617.232,999.9655
crom_q[3259],50,59,q,M7,617.296,999.9655
crom_q[325],5,5,q,M7,67.088,999.9655
crom_q[3260],50,60,q,M7,617.36,999.9655
crom_q[3261],50,61,q,M7,617.424,999.9655
crom_q[3262],50,62,q,M7,617.488,999.9655
crom_q[3263],50,63,q,M7,617.5519999999999,999.9655
crom_q[3264],51,0,q,M5,626.7,999.9580000000001
crom_q[3265],51,1,q,M5,626.748,999.9580000000001
crom_q[3266],51,2,q,M5,626.796,999.9580000000001
crom_q[3267],51,3,q,M5,626.844,999.9580000000001
crom_q[3268],51,4,q,M5,626.892,999.9580000000001
crom_q[3269],51,5,q,M5,626.94,999.9580000000001
crom_q[326],5,6,q,M7,67.152,999.9655
crom_q[3270],51,6,q,M5,626.988,999.9580000000001
crom_q[3271],51,7,q,M5,627.0360000000001,999.9580000000001
crom_q[3272],51,8,q,M5,627.0840000000001,999.9580000000001
crom_q[3273],51,9,q,M5,627.1320000000001,999.9580000000001
crom_q[3274],51,10,q,M5,627.1800000000001,999.9580000000001
crom_q[3275],51,11,q,M5,627.2280000000001,999.9580000000001
crom_q[3276],51,12,q,M5,627.2760000000001,999.9580000000001
crom_q[3277],51,13,q,M5,627.3240000000001,999.9580000000001
crom_q[3278],51,14,q,M5,627.3720000000001,999.9580000000001
crom_q[3279],51,15,q,M5,627.4200000000001,999.9580000000001
crom_q[327],5,7,q,M7,67.21600000000001,999.9655
crom_q[3280],51,16,q,M5,627.4680000000001,999.9580000000001
crom_q[3281],51,17,q,M5,627.5160000000001,999.9580000000001
crom_q[3282],51,18,q,M5,627.5640000000001,999.9580000000001
crom_q[3283],51,19,q,M5,627.6120000000001,999.9580000000001
crom_q[3284],51,20,q,M5,627.6600000000001,999.9580000000001
crom_q[3285],51,21,q,M5,627.7080000000001,999.9580000000001
crom_q[3286],51,22,q,M5,627.7560000000001,999.9580000000001
crom_q[3287],51,23,q,M5,627.8040000000001,999.9580000000001
crom_q[3288],51,24,q,M5,627.8520000000001,999.9580000000001
crom_q[3289],51,25,q,M5,627.9000000000001,999.9580000000001
crom_q[328],5,8,q,M7,67.28,999.9655
crom_q[3290],51,26,q,M5,627.9480000000001,999.9580000000001
crom_q[3291],51,27,q,M5,627.9960000000001,999.9580000000001
crom_q[3292],51,28,q,M5,628.0440000000001,999.9580000000001
crom_q[3293],51,29,q,M5,628.0920000000001,999.9580000000001
crom_q[3294],51,30,q,M5,628.1400000000001,999.9580000000001
crom_q[3295],51,31,q,M5,628.1880000000001,999.9580000000001
crom_q[3296],51,32,q,M5,628.2360000000001,999.9580000000001
crom_q[3297],51,33,q,M5,628.2840000000001,999.9580000000001
crom_q[3298],51,34,q,M5,628.3320000000001,999.9580000000001
crom_q[3299],51,35,q,M5,628.3800000000001,999.9580000000001
crom_q[329],5,9,q,M7,67.344,999.9655
crom_q[32],0,32,q,M5,8.604,999.9580000000001
crom_q[3300],51,36,q,M5,628.4280000000001,999.9580000000001
crom_q[3301],51,37,q,M5,628.4760000000001,999.9580000000001
crom_q[3302],51,38,q,M5,628.5239999999999,999.9580000000001
crom_q[3303],51,39,q,M5,628.5719999999999,999.9580000000001
crom_q[3304],51,40,q,M5,628.6199999999999,999.9580000000001
crom_q[3305],51,41,q,M5,628.6679999999999,999.9580000000001
crom_q[3306],51,42,q,M5,628.7159999999999,999.9580000000001
crom_q[3307],51,43,q,M5,628.7639999999999,999.9580000000001
crom_q[3308],51,44,q,M5,628.8119999999999,999.9580000000001
crom_q[3309],51,45,q,M5,628.8599999999999,999.9580000000001
crom_q[330],5,10,q,M7,67.408,999.9655
crom_q[3310],51,46,q,M5,628.9079999999999,999.9580000000001
crom_q[3311],51,47,q,M5,628.9559999999999,999.9580000000001
crom_q[3312],51,48,q,M5,629.0039999999999,999.9580000000001
crom_q[3313],51,49,q,M5,629.0519999999999,999.9580000000001
crom_q[3314],51,50,q,M5,629.0999999999999,999.9580000000001
crom_q[3315],51,51,q,M5,629.1479999999999,999.9580000000001
crom_q[3316],51,52,q,M5,629.1959999999999,999.9580000000001
crom_q[3317],51,53,q,M5,629.2439999999999,999.9580000000001
crom_q[3318],51,54,q,M5,629.2919999999999,999.9580000000001
crom_q[3319],51,55,q,M5,629.3399999999999,999.9580000000001
crom_q[331],5,11,q,M7,67.47200000000001,999.9655
crom_q[3320],51,56,q,M5,629.3879999999999,999.9580000000001
crom_q[3321],51,57,q,M5,629.4359999999999,999.9580000000001
crom_q[3322],51,58,q,M5,629.4839999999999,999.9580000000001
crom_q[3323],51,59,q,M5,629.5319999999999,999.9580000000001
crom_q[3324],51,60,q,M5,629.5799999999999,999.9580000000001
crom_q[3325],51,61,q,M5,629.6279999999999,999.9580000000001
crom_q[3326],51,62,q,M5,629.6759999999999,999.9580000000001
crom_q[3327],51,63,q,M5,629.7239999999999,999.9580000000001
crom_q[3328],52,0,q,M5,638.844,999.9580000000001
crom_q[3329],52,1,q,M5,638.892,999.9580000000001
crom_q[332],5,12,q,M7,67.536,999.9655
crom_q[3330],52,2,q,M5,638.94,999.9580000000001
crom_q[3331],52,3,q,M5,638.988,999.9580000000001
crom_q[3332],52,4,q,M5,639.0360000000001,999.9580000000001
crom_q[3333],52,5,q,M5,639.0840000000001,999.9580000000001
crom_q[3334],52,6,q,M5,639.1320000000001,999.9580000000001
crom_q[3335],52,7,q,M5,639.1800000000001,999.9580000000001
crom_q[3336],52,8,q,M5,639.2280000000001,999.9580000000001
crom_q[3337],52,9,q,M5,639.2760000000001,999.9580000000001
crom_q[3338],52,10,q,M5,639.3240000000001,999.9580000000001
crom_q[3339],52,11,q,M5,639.3720000000001,999.9580000000001
crom_q[333],5,13,q,M7,67.6,999.9655
crom_q[3340],52,12,q,M5,639.4200000000001,999.9580000000001
crom_q[3341],52,13,q,M5,639.4680000000001,999.9580000000001
crom_q[3342],52,14,q,M5,639.5160000000001,999.9580000000001
crom_q[3343],52,15,q,M5,639.5640000000001,999.9580000000001
crom_q[3344],52,16,q,M5,639.6120000000001,999.9580000000001
crom_q[3345],52,17,q,M5,639.6600000000001,999.9580000000001
crom_q[3346],52,18,q,M5,639.7080000000001,999.9580000000001
crom_q[3347],52,19,q,M5,639.7560000000001,999.9580000000001
crom_q[3348],52,20,q,M5,639.8040000000001,999.9580000000001
crom_q[3349],52,21,q,M5,639.8520000000001,999.9580000000001
crom_q[334],5,14,q,M7,67.664,999.9655
crom_q[3350],52,22,q,M5,639.9000000000001,999.9580000000001
crom_q[3351],52,23,q,M5,639.9480000000001,999.9580000000001
crom_q[3352],52,24,q,M5,639.9960000000001,999.9580000000001
crom_q[3353],52,25,q,M5,640.0440000000001,999.9580000000001
crom_q[3354],52,26,q,M5,640.0920000000001,999.9580000000001
crom_q[3355],52,27,q,M5,640.1400000000001,999.9580000000001
crom_q[3356],52,28,q,M5,640.1880000000001,999.9580000000001
crom_q[3357],52,29,q,M5,640.2360000000001,999.9580000000001
crom_q[3358],52,30,q,M5,640.2840000000001,999.9580000000001
crom_q[3359],52,31,q,M5,640.3320000000001,999.9580000000001
crom_q[335],5,15,q,M7,67.72800000000001,999.9655
crom_q[3360],52,32,q,M5,640.3800000000001,999.9580000000001
crom_q[3361],52,33,q,M5,640.4280000000001,999.9580000000001
crom_q[3362],52,34,q,M5,640.4760000000001,999.9580000000001
crom_q[3363],52,35,q,M5,640.5239999999999,999.9580000000001
crom_q[3364],52,36,q,M5,640.5719999999999,999.9580000000001
crom_q[3365],52,37,q,M5,640.6199999999999,999.9580000000001
crom_q[3366],52,38,q,M5,640.6679999999999,999.9580000000001
crom_q[3367],52,39,q,M5,640.7159999999999,999.9580000000001
crom_q[3368],52,40,q,M5,640.7639999999999,999.9580000000001
crom_q[3369],52,41,q,M5,640.8119999999999,999.9580000000001
crom_q[336],5,16,q,M7,67.792,999.9655
crom_q[3370],52,42,q,M5,640.8599999999999,999.9580000000001
crom_q[3371],52,43,q,M5,640.9079999999999,999.9580000000001
crom_q[3372],52,44,q,M5,640.9559999999999,999.9580000000001
crom_q[3373],52,45,q,M5,641.0039999999999,999.9580000000001
crom_q[3374],52,46,q,M5,641.0519999999999,999.9580000000001
crom_q[3375],52,47,q,M5,641.0999999999999,999.9580000000001
crom_q[3376],52,48,q,M5,641.1479999999999,999.9580000000001
crom_q[3377],52,49,q,M5,641.1959999999999,999.9580000000001
crom_q[3378],52,50,q,M5,641.2439999999999,999.9580000000001
crom_q[3379],52,51,q,M5,641.2919999999999,999.9580000000001
crom_q[337],5,17,q,M7,67.856,999.9655
crom_q[3380],52,52,q,M5,641.3399999999999,999.9580000000001
crom_q[3381],52,53,q,M5,641.3879999999999,999.9580000000001
crom_q[3382],52,54,q,M5,641.4359999999999,999.9580000000001
crom_q[3383],52,55,q,M5,641.4839999999999,999.9580000000001
crom_q[3384],52,56,q,M5,641.5319999999999,999.9580000000001
crom_q[3385],52,57,q,M5,641.5799999999999,999.9580000000001
crom_q[3386],52,58,q,M5,641.6279999999999,999.9580000000001
crom_q[3387],52,59,q,M5,641.6759999999999,999.9580000000001
crom_q[3388],52,60,q,M5,641.7239999999999,999.9580000000001
crom_q[3389],52,61,q,M5,641.7719999999999,999.9580000000001
crom_q[338],5,18,q,M7,67.92,999.9655
crom_q[3390],52,62,q,M5,641.8199999999999,999.9580000000001
crom_q[3391],52,63,q,M5,641.8679999999999,999.9580000000001
crom_q[3392],53,0,q,M5,650.988,999.9580000000001
crom_q[3393],53,1,q,M5,651.0360000000001,999.9580000000001
crom_q[3394],53,2,q,M5,651.0840000000001,999.9580000000001
crom_q[3395],53,3,q,M5,651.1320000000001,999.9580000000001
crom_q[3396],53,4,q,M5,651.1800000000001,999.9580000000001
crom_q[3397],53,5,q,M5,651.2280000000001,999.9580000000001
crom_q[3398],53,6,q,M5,651.2760000000001,999.9580000000001
crom_q[3399],53,7,q,M5,651.3240000000001,999.9580000000001
crom_q[339],5,19,q,M7,67.98400000000001,999.9655
crom_q[33],0,33,q,M5,8.652000000000001,999.9580000000001
crom_q[3400],53,8,q,M5,651.3720000000001,999.9580000000001
crom_q[3401],53,9,q,M5,651.4200000000001,999.9580000000001
crom_q[3402],53,10,q,M5,651.4680000000001,999.9580000000001
crom_q[3403],53,11,q,M5,651.5160000000001,999.9580000000001
crom_q[3404],53,12,q,M5,651.5640000000001,999.9580000000001
crom_q[3405],53,13,q,M5,651.6120000000001,999.9580000000001
crom_q[3406],53,14,q,M5,651.6600000000001,999.9580000000001
crom_q[3407],53,15,q,M5,651.7080000000001,999.9580000000001
crom_q[3408],53,16,q,M5,651.7560000000001,999.9580000000001
crom_q[3409],53,17,q,M5,651.8040000000001,999.9580000000001
crom_q[340],5,20,q,M7,68.048,999.9655
crom_q[3410],53,18,q,M5,651.8520000000001,999.9580000000001
crom_q[3411],53,19,q,M5,651.9000000000001,999.9580000000001
crom_q[3412],53,20,q,M5,651.9480000000001,999.9580000000001
crom_q[3413],53,21,q,M5,651.9960000000001,999.9580000000001
crom_q[3414],53,22,q,M5,652.0440000000001,999.9580000000001
crom_q[3415],53,23,q,M5,652.0920000000001,999.9580000000001
crom_q[3416],53,24,q,M5,652.1400000000001,999.9580000000001
crom_q[3417],53,25,q,M5,652.1880000000001,999.9580000000001
crom_q[3418],53,26,q,M5,652.2360000000001,999.9580000000001
crom_q[3419],53,27,q,M5,652.2840000000001,999.9580000000001
crom_q[341],5,21,q,M7,68.112,999.9655
crom_q[3420],53,28,q,M5,652.3320000000001,999.9580000000001
crom_q[3421],53,29,q,M5,652.3800000000001,999.9580000000001
crom_q[3422],53,30,q,M5,652.4280000000001,999.9580000000001
crom_q[3423],53,31,q,M5,652.4760000000001,999.9580000000001
crom_q[3424],53,32,q,M5,652.5239999999999,999.9580000000001
crom_q[3425],53,33,q,M5,652.5719999999999,999.9580000000001
crom_q[3426],53,34,q,M5,652.6199999999999,999.9580000000001
crom_q[3427],53,35,q,M5,652.6679999999999,999.9580000000001
crom_q[3428],53,36,q,M5,652.7159999999999,999.9580000000001
crom_q[3429],53,37,q,M5,652.7639999999999,999.9580000000001
crom_q[342],5,22,q,M7,68.17599999999999,999.9655
crom_q[3430],53,38,q,M5,652.8119999999999,999.9580000000001
crom_q[3431],53,39,q,M5,652.8599999999999,999.9580000000001
crom_q[3432],53,40,q,M5,652.9079999999999,999.9580000000001
crom_q[3433],53,41,q,M5,652.9559999999999,999.9580000000001
crom_q[3434],53,42,q,M5,653.0039999999999,999.9580000000001
crom_q[3435],53,43,q,M5,653.0519999999999,999.9580000000001
crom_q[3436],53,44,q,M5,653.0999999999999,999.9580000000001
crom_q[3437],53,45,q,M5,653.1479999999999,999.9580000000001
crom_q[3438],53,46,q,M5,653.1959999999999,999.9580000000001
crom_q[3439],53,47,q,M5,653.2439999999999,999.9580000000001
crom_q[343],5,23,q,M7,68.24000000000001,999.9655
crom_q[3440],53,48,q,M5,653.2919999999999,999.9580000000001
crom_q[3441],53,49,q,M5,653.3399999999999,999.9580000000001
crom_q[3442],53,50,q,M5,653.3879999999999,999.9580000000001
crom_q[3443],53,51,q,M5,653.4359999999999,999.9580000000001
crom_q[3444],53,52,q,M5,653.4839999999999,999.9580000000001
crom_q[3445],53,53,q,M5,653.5319999999999,999.9580000000001
crom_q[3446],53,54,q,M5,653.5799999999999,999.9580000000001
crom_q[3447],53,55,q,M5,653.6279999999999,999.9580000000001
crom_q[3448],53,56,q,M5,653.6759999999999,999.9580000000001
crom_q[3449],53,57,q,M5,653.7239999999999,999.9580000000001
crom_q[344],5,24,q,M7,68.304,999.9655
crom_q[3450],53,58,q,M5,653.7719999999999,999.9580000000001
crom_q[3451],53,59,q,M5,653.8199999999999,999.9580000000001
crom_q[3452],53,60,q,M5,653.8679999999999,999.9580000000001
crom_q[3453],53,61,q,M5,653.9159999999999,999.9580000000001
crom_q[3454],53,62,q,M5,653.9639999999999,999.9580000000001
crom_q[3455],53,63,q,M5,654.012,999.9580000000001
crom_q[3456],54,0,q,M7,662.096,999.9655
crom_q[3457],54,1,q,M7,662.1600000000001,999.9655
crom_q[3458],54,2,q,M7,662.2239999999999,999.9655
crom_q[3459],54,3,q,M7,662.288,999.9655
crom_q[345],5,25,q,M7,68.368,999.9655
crom_q[3460],54,4,q,M7,662.3520000000001,999.9655
crom_q[3461],54,5,q,M7,662.4159999999999,999.9655
crom_q[3462],54,6,q,M7,662.48,999.9655
crom_q[3463],54,7,q,M7,662.544,999.9655
crom_q[3464],54,8,q,M7,662.608,999.9655
crom_q[3465],54,9,q,M7,662.672,999.9655
crom_q[3466],54,10,q,M7,662.736,999.9655
crom_q[3467],54,11,q,M7,662.8,999.9655
crom_q[3468],54,12,q,M7,662.864,999.9655
crom_q[3469],54,13,q,M7,662.928,999.9655
crom_q[346],5,26,q,M7,68.43199999999999,999.9655
crom_q[3470],54,14,q,M7,662.992,999.9655
crom_q[3471],54,15,q,M7,663.056,999.9655
crom_q[3472],54,16,q,M7,663.12,999.9655
crom_q[3473],54,17,q,M7,663.184,999.9655
crom_q[3474],54,18,q,M7,663.248,999.9655
crom_q[3475],54,19,q,M7,663.312,999.9655
crom_q[3476],54,20,q,M7,663.376,999.9655
crom_q[3477],54,21,q,M7,663.44,999.9655
crom_q[3478],54,22,q,M7,663.504,999.9655
crom_q[3479],54,23,q,M7,663.568,999.9655
crom_q[347],5,27,q,M7,68.49600000000001,999.9655
crom_q[3480],54,24,q,M7,663.6320000000001,999.9655
crom_q[3481],54,25,q,M7,663.6959999999999,999.9655
crom_q[3482],54,26,q,M7,663.76,999.9655
crom_q[3483],54,27,q,M7,663.8240000000001,999.9655
crom_q[3484],54,28,q,M7,663.8879999999999,999.9655
crom_q[3485],54,29,q,M7,663.952,999.9655
crom_q[3486],54,30,q,M7,664.0160000000001,999.9655
crom_q[3487],54,31,q,M7,664.0799999999999,999.9655
crom_q[3488],54,32,q,M7,664.144,999.9655
crom_q[3489],54,33,q,M7,664.2080000000001,999.9655
crom_q[348],5,28,q,M7,68.56,999.9655
crom_q[3490],54,34,q,M7,664.2719999999999,999.9655
crom_q[3491],54,35,q,M7,664.336,999.9655
crom_q[3492],54,36,q,M7,664.4000000000001,999.9655
crom_q[3493],54,37,q,M7,664.4639999999999,999.9655
crom_q[3494],54,38,q,M7,664.528,999.9655
crom_q[3495],54,39,q,M7,664.592,999.9655
crom_q[3496],54,40,q,M7,664.656,999.9655
crom_q[3497],54,41,q,M7,664.72,999.9655
crom_q[3498],54,42,q,M7,664.784,999.9655
crom_q[3499],54,43,q,M7,664.848,999.9655
crom_q[349],5,29,q,M7,68.624,999.9655
crom_q[34],0,34,q,M5,8.7,999.9580000000001
crom_q[3500],54,44,q,M7,664.912,999.9655
crom_q[3501],54,45,q,M7,664.976,999.9655
crom_q[3502],54,46,q,M7,665.04,999.9655
crom_q[3503],54,47,q,M7,665.104,999.9655
crom_q[3504],54,48,q,M7,665.168,999.9655
crom_q[3505],54,49,q,M7,665.232,999.9655
crom_q[3506],54,50,q,M7,665.296,999.9655
crom_q[3507],54,51,q,M7,665.36,999.9655
crom_q[3508],54,52,q,M7,665.424,999.9655
crom_q[3509],54,53,q,M7,665.488,999.9655
crom_q[350],5,30,q,M7,68.68799999999999,999.9655
crom_q[3510],54,54,q,M7,665.5519999999999,999.9655
crom_q[3511],54,55,q,M7,665.616,999.9655
crom_q[3512],54,56,q,M7,665.6800000000001,999.9655
crom_q[3513],54,57,q,M7,665.7439999999999,999.9655
crom_q[3514],54,58,q,M7,665.808,999.9655
crom_q[3515],54,59,q,M7,665.8720000000001,999.9655
crom_q[3516],54,60,q,M7,665.9359999999999,999.9655
crom_q[3517],54,61,q,M7,666.0,999.9655
crom_q[3518],54,62,q,M7,666.0640000000001,999.9655
crom_q[3519],54,63,q,M7,666.1279999999999,999.9655
crom_q[351],5,31,q,M7,68.75200000000001,999.9655
crom_q[3520],55,0,q,M7,674.2560000000001,999.9655
crom_q[3521],55,1,q,M7,674.3199999999999,999.9655
crom_q[3522],55,2,q,M7,674.384,999.9655
crom_q[3523],55,3,q,M7,674.4480000000001,999.9655
crom_q[3524],55,4,q,M7,674.512,999.9655
crom_q[3525],55,5,q,M7,674.576,999.9655
crom_q[3526],55,6,q,M7,674.64,999.9655
crom_q[3527],55,7,q,M7,674.704,999.9655
crom_q[3528],55,8,q,M7,674.768,999.9655
crom_q[3529],55,9,q,M7,674.832,999.9655
crom_q[352],5,32,q,M7,68.816,999.9655
crom_q[3530],55,10,q,M7,674.896,999.9655
crom_q[3531],55,11,q,M7,674.96,999.9655
crom_q[3532],55,12,q,M7,675.024,999.9655
crom_q[3533],55,13,q,M7,675.088,999.9655
crom_q[3534],55,14,q,M7,675.152,999.9655
crom_q[3535],55,15,q,M7,675.216,999.9655
crom_q[3536],55,16,q,M7,675.28,999.9655
crom_q[3537],55,17,q,M7,675.344,999.9655
crom_q[3538],55,18,q,M7,675.408,999.9655
crom_q[3539],55,19,q,M7,675.472,999.9655
crom_q[353],5,33,q,M7,68.88,999.9655
crom_q[3540],55,20,q,M7,675.5360000000001,999.9655
crom_q[3541],55,21,q,M7,675.5999999999999,999.9655
crom_q[3542],55,22,q,M7,675.664,999.9655
crom_q[3543],55,23,q,M7,675.7280000000001,999.9655
crom_q[3544],55,24,q,M7,675.7919999999999,999.9655
crom_q[3545],55,25,q,M7,675.856,999.9655
crom_q[3546],55,26,q,M7,675.9200000000001,999.9655
crom_q[3547],55,27,q,M7,675.9839999999999,999.9655
crom_q[3548],55,28,q,M7,676.048,999.9655
crom_q[3549],55,29,q,M7,676.1120000000001,999.9655
crom_q[354],5,34,q,M7,68.94399999999999,999.9655
crom_q[3550],55,30,q,M7,676.1759999999999,999.9655
crom_q[3551],55,31,q,M7,676.24,999.9655
crom_q[3552],55,32,q,M7,676.3040000000001,999.9655
crom_q[3553],55,33,q,M7,676.3679999999999,999.9655
crom_q[3554],55,34,q,M7,676.432,999.9655
crom_q[3555],55,35,q,M7,676.496,999.9655
crom_q[3556],55,36,q,M7,676.56,999.9655
crom_q[3557],55,37,q,M7,676.624,999.9655
crom_q[3558],55,38,q,M7,676.688,999.9655
crom_q[3559],55,39,q,M7,676.752,999.9655
crom_q[355],5,35,q,M7,69.00800000000001,999.9655
crom_q[3560],55,40,q,M7,676.816,999.9655
crom_q[3561],55,41,q,M7,676.88,999.9655
crom_q[3562],55,42,q,M7,676.944,999.9655
crom_q[3563],55,43,q,M7,677.008,999.9655
crom_q[3564],55,44,q,M7,677.072,999.9655
crom_q[3565],55,45,q,M7,677.136,999.9655
crom_q[3566],55,46,q,M7,677.2,999.9655
crom_q[3567],55,47,q,M7,677.264,999.9655
crom_q[3568],55,48,q,M7,677.328,999.9655
crom_q[3569],55,49,q,M7,677.392,999.9655
crom_q[356],5,36,q,M7,69.072,999.9655
crom_q[3570],55,50,q,M7,677.456,999.9655
crom_q[3571],55,51,q,M7,677.52,999.9655
crom_q[3572],55,52,q,M7,677.5840000000001,999.9655
crom_q[3573],55,53,q,M7,677.6479999999999,999.9655
crom_q[3574],55,54,q,M7,677.712,999.9655
crom_q[3575],55,55,q,M7,677.7760000000001,999.9655
crom_q[3576],55,56,q,M7,677.8399999999999,999.9655
crom_q[3577],55,57,q,M7,677.904,999.9655
crom_q[3578],55,58,q,M7,677.9680000000001,999.9655
crom_q[3579],55,59,q,M7,678.0319999999999,999.9655
crom_q[357],5,37,q,M7,69.136,999.9655
crom_q[3580],55,60,q,M7,678.096,999.9655
crom_q[3581],55,61,q,M7,678.1600000000001,999.9655
crom_q[3582],55,62,q,M7,678.2239999999999,999.9655
crom_q[3583],55,63,q,M7,678.288,999.9655
crom_q[3584],56,0,q,M7,686.4159999999999,999.9655
crom_q[3585],56,1,q,M7,686.48,999.9655
crom_q[3586],56,2,q,M7,686.544,999.9655
crom_q[3587],56,3,q,M7,686.608,999.9655
crom_q[3588],56,4,q,M7,686.672,999.9655
crom_q[3589],56,5,q,M7,686.736,999.9655
crom_q[358],5,38,q,M7,69.19999999999999,999.9655
crom_q[3590],56,6,q,M7,686.8,999.9655
crom_q[3591],56,7,q,M7,686.864,999.9655
crom_q[3592],56,8,q,M7,686.928,999.9655
crom_q[3593],56,9,q,M7,686.992,999.9655
crom_q[3594],56,10,q,M7,687.056,999.9655
crom_q[3595],56,11,q,M7,687.12,999.9655
crom_q[3596],56,12,q,M7,687.184,999.9655
crom_q[3597],56,13,q,M7,687.248,999.9655
crom_q[3598],56,14,q,M7,687.312,999.9655
crom_q[3599],56,15,q,M7,687.376,999.9655
crom_q[359],5,39,q,M7,69.26400000000001,999.9655
crom_q[35],0,35,q,M5,8.748000000000001,999.9580000000001
crom_q[3600],56,16,q,M7,687.44,999.9655
crom_q[3601],56,17,q,M7,687.504,999.9655
crom_q[3602],56,18,q,M7,687.568,999.9655
crom_q[3603],56,19,q,M7,687.6320000000001,999.9655
crom_q[3604],56,20,q,M7,687.6959999999999,999.9655
crom_q[3605],56,21,q,M7,687.76,999.9655
crom_q[3606],56,22,q,M7,687.8240000000001,999.9655
crom_q[3607],56,23,q,M7,687.8879999999999,999.9655
crom_q[3608],56,24,q,M7,687.952,999.9655
crom_q[3609],56,25,q,M7,688.0160000000001,999.9655
crom_q[360],5,40,q,M7,69.328,999.9655
crom_q[3610],56,26,q,M7,688.0799999999999,999.9655
crom_q[3611],56,27,q,M7,688.144,999.9655
crom_q[3612],56,28,q,M7,688.2080000000001,999.9655
crom_q[3613],56,29,q,M7,688.2719999999999,999.9655
crom_q[3614],56,30,q,M7,688.336,999.9655
crom_q[3615],56,31,q,M7,688.4000000000001,999.9655
crom_q[3616],56,32,q,M7,688.4639999999999,999.9655
crom_q[3617],56,33,q,M7,688.528,999.9655
crom_q[3618],56,34,q,M7,688.592,999.9655
crom_q[3619],56,35,q,M7,688.656,999.9655
crom_q[361],5,41,q,M7,69.392,999.9655
crom_q[3620],56,36,q,M7,688.72,999.9655
crom_q[3621],56,37,q,M7,688.784,999.9655
crom_q[3622],56,38,q,M7,688.848,999.9655
crom_q[3623],56,39,q,M7,688.912,999.9655
crom_q[3624],56,40,q,M7,688.976,999.9655
crom_q[3625],56,41,q,M7,689.04,999.9655
crom_q[3626],56,42,q,M7,689.104,999.9655
crom_q[3627],56,43,q,M7,689.168,999.9655
crom_q[3628],56,44,q,M7,689.232,999.9655
crom_q[3629],56,45,q,M7,689.296,999.9655
crom_q[362],5,42,q,M7,69.45599999999999,999.9655
crom_q[3630],56,46,q,M7,689.36,999.9655
crom_q[3631],56,47,q,M7,689.424,999.9655
crom_q[3632],56,48,q,M7,689.488,999.9655
crom_q[3633],56,49,q,M7,689.5519999999999,999.9655
crom_q[3634],56,50,q,M7,689.616,999.9655
crom_q[3635],56,51,q,M7,689.6800000000001,999.9655
crom_q[3636],56,52,q,M7,689.7439999999999,999.9655
crom_q[3637],56,53,q,M7,689.808,999.9655
crom_q[3638],56,54,q,M7,689.8720000000001,999.9655
crom_q[3639],56,55,q,M7,689.9359999999999,999.9655
crom_q[363],5,43,q,M7,69.52000000000001,999.9655
crom_q[3640],56,56,q,M7,690.0,999.9655
crom_q[3641],56,57,q,M7,690.0640000000001,999.9655
crom_q[3642],56,58,q,M7,690.1279999999999,999.9655
crom_q[3643],56,59,q,M7,690.192,999.9655
crom_q[3644],56,60,q,M7,690.2560000000001,999.9655
crom_q[3645],56,61,q,M7,690.3199999999999,999.9655
crom_q[3646],56,62,q,M7,690.384,999.9655
crom_q[3647],56,63,q,M7,690.4480000000001,999.9655
crom_q[3648],57,0,q,M7,698.576,999.9655
crom_q[3649],57,1,q,M7,698.64,999.9655
crom_q[364],5,44,q,M7,69.584,999.9655
crom_q[3650],57,2,q,M7,698.704,999.9655
crom_q[3651],57,3,q,M7,698.768,999.9655
crom_q[3652],57,4,q,M7,698.832,999.9655
crom_q[3653],57,5,q,M7,698.896,999.9655
crom_q[3654],57,6,q,M7,698.96,999.9655
crom_q[3655],57,7,q,M7,699.024,999.9655
crom_q[3656],57,8,q,M7,699.088,999.9655
crom_q[3657],57,9,q,M7,699.152,999.9655
crom_q[3658],57,10,q,M7,699.216,999.9655
crom_q[3659],57,11,q,M7,699.28,999.9655
crom_q[365],5,45,q,M7,69.648,999.9655
crom_q[3660],57,12,q,M7,699.344,999.9655
crom_q[3661],57,13,q,M7,699.408,999.9655
crom_q[3662],57,14,q,M7,699.472,999.9655
crom_q[3663],57,15,q,M7,699.5360000000001,999.9655
crom_q[3664],57,16,q,M7,699.5999999999999,999.9655
crom_q[3665],57,17,q,M7,699.664,999.9655
crom_q[3666],57,18,q,M7,699.7280000000001,999.9655
crom_q[3667],57,19,q,M7,699.7919999999999,999.9655
crom_q[3668],57,20,q,M7,699.856,999.9655
crom_q[3669],57,21,q,M7,699.9200000000001,999.9655
crom_q[366],5,46,q,M7,69.71199999999999,999.9655
crom_q[3670],57,22,q,M7,699.9839999999999,999.9655
crom_q[3671],57,23,q,M7,700.048,999.9655
crom_q[3672],57,24,q,M7,700.1120000000001,999.9655
crom_q[3673],57,25,q,M7,700.1759999999999,999.9655
crom_q[3674],57,26,q,M7,700.24,999.9655
crom_q[3675],57,27,q,M7,700.3040000000001,999.9655
crom_q[3676],57,28,q,M7,700.3679999999999,999.9655
crom_q[3677],57,29,q,M7,700.432,999.9655
crom_q[3678],57,30,q,M7,700.496,999.9655
crom_q[3679],57,31,q,M7,700.56,999.9655
crom_q[367],5,47,q,M7,69.77600000000001,999.9655
crom_q[3680],57,32,q,M7,700.624,999.9655
crom_q[3681],57,33,q,M7,700.688,999.9655
crom_q[3682],57,34,q,M7,700.752,999.9655
crom_q[3683],57,35,q,M7,700.816,999.9655
crom_q[3684],57,36,q,M7,700.88,999.9655
crom_q[3685],57,37,q,M7,700.944,999.9655
crom_q[3686],57,38,q,M7,701.008,999.9655
crom_q[3687],57,39,q,M7,701.072,999.9655
crom_q[3688],57,40,q,M7,701.136,999.9655
crom_q[3689],57,41,q,M7,701.2,999.9655
crom_q[368],5,48,q,M7,69.84,999.9655
crom_q[3690],57,42,q,M7,701.264,999.9655
crom_q[3691],57,43,q,M7,701.328,999.9655
crom_q[3692],57,44,q,M7,701.392,999.9655
crom_q[3693],57,45,q,M7,701.456,999.9655
crom_q[3694],57,46,q,M7,701.52,999.9655
crom_q[3695],57,47,q,M7,701.5840000000001,999.9655
crom_q[3696],57,48,q,M7,701.6479999999999,999.9655
crom_q[3697],57,49,q,M7,701.712,999.9655
crom_q[3698],57,50,q,M7,701.7760000000001,999.9655
crom_q[3699],57,51,q,M7,701.8399999999999,999.9655
crom_q[369],5,49,q,M7,69.904,999.9655
crom_q[36],0,36,q,M5,8.796,999.9580000000001
crom_q[3700],57,52,q,M7,701.904,999.9655
crom_q[3701],57,53,q,M7,701.9680000000001,999.9655
crom_q[3702],57,54,q,M7,702.0319999999999,999.9655
crom_q[3703],57,55,q,M7,702.096,999.9655
crom_q[3704],57,56,q,M7,702.1600000000001,999.9655
crom_q[3705],57,57,q,M7,702.2239999999999,999.9655
crom_q[3706],57,58,q,M7,702.288,999.9655
crom_q[3707],57,59,q,M7,702.3520000000001,999.9655
crom_q[3708],57,60,q,M7,702.4159999999999,999.9655
crom_q[3709],57,61,q,M7,702.48,999.9655
crom_q[370],5,50,q,M7,69.96799999999999,999.9655
crom_q[3710],57,62,q,M7,702.544,999.9655
crom_q[3711],57,63,q,M7,702.608,999.9655
crom_q[3712],58,0,q,M5,711.7560000000001,999.9580000000001
crom_q[3713],58,1,q,M5,711.8040000000001,999.9580000000001
crom_q[3714],58,2,q,M5,711.8520000000001,999.9580000000001
crom_q[3715],58,3,q,M5,711.9000000000001,999.9580000000001
crom_q[3716],58,4,q,M5,711.9480000000001,999.9580000000001
crom_q[3717],58,5,q,M5,711.9960000000001,999.9580000000001
crom_q[3718],58,6,q,M5,712.0440000000001,999.9580000000001
crom_q[3719],58,7,q,M5,712.0920000000001,999.9580000000001
crom_q[371],5,51,q,M7,70.03200000000001,999.9655
crom_q[3720],58,8,q,M5,712.1400000000001,999.9580000000001
crom_q[3721],58,9,q,M5,712.1880000000001,999.9580000000001
crom_q[3722],58,10,q,M5,712.2360000000001,999.9580000000001
crom_q[3723],58,11,q,M5,712.2840000000001,999.9580000000001
crom_q[3724],58,12,q,M5,712.3320000000001,999.9580000000001
crom_q[3725],58,13,q,M5,712.3800000000001,999.9580000000001
crom_q[3726],58,14,q,M5,712.4280000000001,999.9580000000001
crom_q[3727],58,15,q,M5,712.4760000000001,999.9580000000001
crom_q[3728],58,16,q,M5,712.5239999999999,999.9580000000001
crom_q[3729],58,17,q,M5,712.5719999999999,999.9580000000001
crom_q[372],5,52,q,M7,70.096,999.9655
crom_q[3730],58,18,q,M5,712.6199999999999,999.9580000000001
crom_q[3731],58,19,q,M5,712.6679999999999,999.9580000000001
crom_q[3732],58,20,q,M5,712.7159999999999,999.9580000000001
crom_q[3733],58,21,q,M5,712.7639999999999,999.9580000000001
crom_q[3734],58,22,q,M5,712.8119999999999,999.9580000000001
crom_q[3735],58,23,q,M5,712.8599999999999,999.9580000000001
crom_q[3736],58,24,q,M5,712.9079999999999,999.9580000000001
crom_q[3737],58,25,q,M5,712.9559999999999,999.9580000000001
crom_q[3738],58,26,q,M5,713.0039999999999,999.9580000000001
crom_q[3739],58,27,q,M5,713.0519999999999,999.9580000000001
crom_q[373],5,53,q,M7,70.16,999.9655
crom_q[3740],58,28,q,M5,713.0999999999999,999.9580000000001
crom_q[3741],58,29,q,M5,713.1479999999999,999.9580000000001
crom_q[3742],58,30,q,M5,713.1959999999999,999.9580000000001
crom_q[3743],58,31,q,M5,713.2439999999999,999.9580000000001
crom_q[3744],58,32,q,M5,713.2919999999999,999.9580000000001
crom_q[3745],58,33,q,M5,713.3399999999999,999.9580000000001
crom_q[3746],58,34,q,M5,713.3879999999999,999.9580000000001
crom_q[3747],58,35,q,M5,713.4359999999999,999.9580000000001
crom_q[3748],58,36,q,M5,713.4839999999999,999.9580000000001
crom_q[3749],58,37,q,M5,713.5319999999999,999.9580000000001
crom_q[374],5,54,q,M7,70.22399999999999,999.9655
crom_q[3750],58,38,q,M5,713.5799999999999,999.9580000000001
crom_q[3751],58,39,q,M5,713.6279999999999,999.9580000000001
crom_q[3752],58,40,q,M5,713.6759999999999,999.9580000000001
crom_q[3753],58,41,q,M5,713.7239999999999,999.9580000000001
crom_q[3754],58,42,q,M5,713.7719999999999,999.9580000000001
crom_q[3755],58,43,q,M5,713.8199999999999,999.9580000000001
crom_q[3756],58,44,q,M5,713.8679999999999,999.9580000000001
crom_q[3757],58,45,q,M5,713.9159999999999,999.9580000000001
crom_q[3758],58,46,q,M5,713.9639999999999,999.9580000000001
crom_q[3759],58,47,q,M5,714.012,999.9580000000001
crom_q[375],5,55,q,M7,70.28800000000001,999.9655
crom_q[3760],58,48,q,M5,714.06,999.9580000000001
crom_q[3761],58,49,q,M5,714.108,999.9580000000001
crom_q[3762],58,50,q,M5,714.156,999.9580000000001
crom_q[3763],58,51,q,M5,714.204,999.9580000000001
crom_q[3764],58,52,q,M5,714.252,999.9580000000001
crom_q[3765],58,53,q,M5,714.3,999.9580000000001
crom_q[3766],58,54,q,M5,714.348,999.9580000000001
crom_q[3767],58,55,q,M5,714.396,999.9580000000001
crom_q[3768],58,56,q,M5,714.444,999.9580000000001
crom_q[3769],58,57,q,M5,714.492,999.9580000000001
crom_q[376],5,56,q,M7,70.352,999.9655
crom_q[3770],58,58,q,M5,714.54,999.9580000000001
crom_q[3771],58,59,q,M5,714.588,999.9580000000001
crom_q[3772],58,60,q,M5,714.636,999.9580000000001
crom_q[3773],58,61,q,M5,714.684,999.9580000000001
crom_q[3774],58,62,q,M5,714.732,999.9580000000001
crom_q[3775],58,63,q,M5,714.78,999.9580000000001
crom_q[3776],59,0,q,M5,723.9000000000001,999.9580000000001
crom_q[3777],59,1,q,M5,723.9480000000001,999.9580000000001
crom_q[3778],59,2,q,M5,723.9960000000001,999.9580000000001
crom_q[3779],59,3,q,M5,724.0440000000001,999.9580000000001
crom_q[377],5,57,q,M7,70.416,999.9655
crom_q[3780],59,4,q,M5,724.0920000000001,999.9580000000001
crom_q[3781],59,5,q,M5,724.1400000000001,999.9580000000001
crom_q[3782],59,6,q,M5,724.1880000000001,999.9580000000001
crom_q[3783],59,7,q,M5,724.2360000000001,999.9580000000001
crom_q[3784],59,8,q,M5,724.2840000000001,999.9580000000001
crom_q[3785],59,9,q,M5,724.3320000000001,999.9580000000001
crom_q[3786],59,10,q,M5,724.3800000000001,999.9580000000001
crom_q[3787],59,11,q,M5,724.4280000000001,999.9580000000001
crom_q[3788],59,12,q,M5,724.4760000000001,999.9580000000001
crom_q[3789],59,13,q,M5,724.5239999999999,999.9580000000001
crom_q[378],5,58,q,M7,70.47999999999999,999.9655
crom_q[3790],59,14,q,M5,724.5719999999999,999.9580000000001
crom_q[3791],59,15,q,M5,724.6199999999999,999.9580000000001
crom_q[3792],59,16,q,M5,724.6679999999999,999.9580000000001
crom_q[3793],59,17,q,M5,724.7159999999999,999.9580000000001
crom_q[3794],59,18,q,M5,724.7639999999999,999.9580000000001
crom_q[3795],59,19,q,M5,724.8119999999999,999.9580000000001
crom_q[3796],59,20,q,M5,724.8599999999999,999.9580000000001
crom_q[3797],59,21,q,M5,724.9079999999999,999.9580000000001
crom_q[3798],59,22,q,M5,724.9559999999999,999.9580000000001
crom_q[3799],59,23,q,M5,725.0039999999999,999.9580000000001
crom_q[379],5,59,q,M7,70.54400000000001,999.9655
crom_q[37],0,37,q,M5,8.844000000000001,999.9580000000001
crom_q[3800],59,24,q,M5,725.0519999999999,999.9580000000001
crom_q[3801],59,25,q,M5,725.0999999999999,999.9580000000001
crom_q[3802],59,26,q,M5,725.1479999999999,999.9580000000001
crom_q[3803],59,27,q,M5,725.1959999999999,999.9580000000001
crom_q[3804],59,28,q,M5,725.2439999999999,999.9580000000001
crom_q[3805],59,29,q,M5,725.2919999999999,999.9580000000001
crom_q[3806],59,30,q,M5,725.3399999999999,999.9580000000001
crom_q[3807],59,31,q,M5,725.3879999999999,999.9580000000001
crom_q[3808],59,32,q,M5,725.4359999999999,999.9580000000001
crom_q[3809],59,33,q,M5,725.4839999999999,999.9580000000001
crom_q[380],5,60,q,M7,70.608,999.9655
crom_q[3810],59,34,q,M5,725.5319999999999,999.9580000000001
crom_q[3811],59,35,q,M5,725.5799999999999,999.9580000000001
crom_q[3812],59,36,q,M5,725.6279999999999,999.9580000000001
crom_q[3813],59,37,q,M5,725.6759999999999,999.9580000000001
crom_q[3814],59,38,q,M5,725.7239999999999,999.9580000000001
crom_q[3815],59,39,q,M5,725.7719999999999,999.9580000000001
crom_q[3816],59,40,q,M5,725.8199999999999,999.9580000000001
crom_q[3817],59,41,q,M5,725.8679999999999,999.9580000000001
crom_q[3818],59,42,q,M5,725.9159999999999,999.9580000000001
crom_q[3819],59,43,q,M5,725.9639999999999,999.9580000000001
crom_q[381],5,61,q,M7,70.672,999.9655
crom_q[3820],59,44,q,M5,726.012,999.9580000000001
crom_q[3821],59,45,q,M5,726.06,999.9580000000001
crom_q[3822],59,46,q,M5,726.108,999.9580000000001
crom_q[3823],59,47,q,M5,726.156,999.9580000000001
crom_q[3824],59,48,q,M5,726.204,999.9580000000001
crom_q[3825],59,49,q,M5,726.252,999.9580000000001
crom_q[3826],59,50,q,M5,726.3,999.9580000000001
crom_q[3827],59,51,q,M5,726.348,999.9580000000001
crom_q[3828],59,52,q,M5,726.396,999.9580000000001
crom_q[3829],59,53,q,M5,726.444,999.9580000000001
crom_q[382],5,62,q,M7,70.73599999999999,999.9655
crom_q[3830],59,54,q,M5,726.492,999.9580000000001
crom_q[3831],59,55,q,M5,726.54,999.9580000000001
crom_q[3832],59,56,q,M5,726.588,999.9580000000001
crom_q[3833],59,57,q,M5,726.636,999.9580000000001
crom_q[3834],59,58,q,M5,726.684,999.9580000000001
crom_q[3835],59,59,q,M5,726.732,999.9580000000001
crom_q[3836],59,60,q,M5,726.78,999.9580000000001
crom_q[3837],59,61,q,M5,726.828,999.9580000000001
crom_q[3838],59,62,q,M5,726.876,999.9580000000001
crom_q[3839],59,63,q,M5,726.924,999.9580000000001
crom_q[383],5,63,q,M7,70.80000000000001,999.9655
crom_q[3840],60,0,q,M7,734.992,999.9655
crom_q[3841],60,1,q,M7,735.056,999.9655
crom_q[3842],60,2,q,M7,735.12,999.9655
crom_q[3843],60,3,q,M7,735.184,999.9655
crom_q[3844],60,4,q,M7,735.248,999.9655
crom_q[3845],60,5,q,M7,735.312,999.9655
crom_q[3846],60,6,q,M7,735.376,999.9655
crom_q[3847],60,7,q,M7,735.44,999.9655
crom_q[3848],60,8,q,M7,735.504,999.9655
crom_q[3849],60,9,q,M7,735.568,999.9655
crom_q[384],6,0,q,M7,78.928,999.9655
crom_q[3850],60,10,q,M7,735.6320000000001,999.9655
crom_q[3851],60,11,q,M7,735.6959999999999,999.9655
crom_q[3852],60,12,q,M7,735.76,999.9655
crom_q[3853],60,13,q,M7,735.8240000000001,999.9655
crom_q[3854],60,14,q,M7,735.8879999999999,999.9655
crom_q[3855],60,15,q,M7,735.952,999.9655
crom_q[3856],60,16,q,M7,736.0160000000001,999.9655
crom_q[3857],60,17,q,M7,736.0799999999999,999.9655
crom_q[3858],60,18,q,M7,736.144,999.9655
crom_q[3859],60,19,q,M7,736.2080000000001,999.9655
crom_q[385],6,1,q,M7,78.99199999999999,999.9655
crom_q[3860],60,20,q,M7,736.2719999999999,999.9655
crom_q[3861],60,21,q,M7,736.336,999.9655
crom_q[3862],60,22,q,M7,736.4000000000001,999.9655
crom_q[3863],60,23,q,M7,736.4639999999999,999.9655
crom_q[3864],60,24,q,M7,736.528,999.9655
crom_q[3865],60,25,q,M7,736.592,999.9655
crom_q[3866],60,26,q,M7,736.656,999.9655
crom_q[3867],60,27,q,M7,736.72,999.9655
crom_q[3868],60,28,q,M7,736.784,999.9655
crom_q[3869],60,29,q,M7,736.848,999.9655
crom_q[386],6,2,q,M7,79.05600000000001,999.9655
crom_q[3870],60,30,q,M7,736.912,999.9655
crom_q[3871],60,31,q,M7,736.976,999.9655
crom_q[3872],60,32,q,M7,737.04,999.9655
crom_q[3873],60,33,q,M7,737.104,999.9655
crom_q[3874],60,34,q,M7,737.168,999.9655
crom_q[3875],60,35,q,M7,737.232,999.9655
crom_q[3876],60,36,q,M7,737.296,999.9655
crom_q[3877],60,37,q,M7,737.36,999.9655
crom_q[3878],60,38,q,M7,737.424,999.9655
crom_q[3879],60,39,q,M7,737.488,999.9655
crom_q[387],6,3,q,M7,79.12,999.9655
crom_q[3880],60,40,q,M7,737.5519999999999,999.9655
crom_q[3881],60,41,q,M7,737.616,999.9655
crom_q[3882],60,42,q,M7,737.6800000000001,999.9655
crom_q[3883],60,43,q,M7,737.7439999999999,999.9655
crom_q[3884],60,44,q,M7,737.808,999.9655
crom_q[3885],60,45,q,M7,737.8720000000001,999.9655
crom_q[3886],60,46,q,M7,737.9359999999999,999.9655
crom_q[3887],60,47,q,M7,738.0,999.9655
crom_q[3888],60,48,q,M7,738.0640000000001,999.9655
crom_q[3889],60,49,q,M7,738.1279999999999,999.9655
crom_q[388],6,4,q,M7,79.184,999.9655
crom_q[3890],60,50,q,M7,738.192,999.9655
crom_q[3891],60,51,q,M7,738.2560000000001,999.9655
crom_q[3892],60,52,q,M7,738.3199999999999,999.9655
crom_q[3893],60,53,q,M7,738.384,999.9655
crom_q[3894],60,54,q,M7,738.4480000000001,999.9655
crom_q[3895],60,55,q,M7,738.512,999.9655
crom_q[3896],60,56,q,M7,738.576,999.9655
crom_q[3897],60,57,q,M7,738.64,999.9655
crom_q[3898],60,58,q,M7,738.704,999.9655
crom_q[3899],60,59,q,M7,738.768,999.9655
crom_q[389],6,5,q,M7,79.24799999999999,999.9655
crom_q[38],0,38,q,M5,8.892,999.9580000000001
crom_q[3900],60,60,q,M7,738.832,999.9655
crom_q[3901],60,61,q,M7,738.896,999.9655
crom_q[3902],60,62,q,M7,738.96,999.9655
crom_q[3903],60,63,q,M7,739.024,999.9655
crom_q[3904],61,0,q,M7,747.152,999.9655
crom_q[3905],61,1,q,M7,747.216,999.9655
crom_q[3906],61,2,q,M7,747.28,999.9655
crom_q[3907],61,3,q,M7,747.344,999.9655
crom_q[3908],61,4,q,M7,747.408,999.9655
crom_q[3909],61,5,q,M7,747.472,999.9655
crom_q[390],6,6,q,M7,79.31200000000001,999.9655
crom_q[3910],61,6,q,M7,747.5360000000001,999.9655
crom_q[3911],61,7,q,M7,747.5999999999999,999.9655
crom_q[3912],61,8,q,M7,747.664,999.9655
crom_q[3913],61,9,q,M7,747.7280000000001,999.9655
crom_q[3914],61,10,q,M7,747.7919999999999,999.9655
crom_q[3915],61,11,q,M7,747.856,999.9655
crom_q[3916],61,12,q,M7,747.9200000000001,999.9655
crom_q[3917],61,13,q,M7,747.9839999999999,999.9655
crom_q[3918],61,14,q,M7,748.048,999.9655
crom_q[3919],61,15,q,M7,748.1120000000001,999.9655
crom_q[391],6,7,q,M7,79.376,999.9655
crom_q[3920],61,16,q,M7,748.1759999999999,999.9655
crom_q[3921],61,17,q,M7,748.24,999.9655
crom_q[3922],61,18,q,M7,748.3040000000001,999.9655
crom_q[3923],61,19,q,M7,748.3679999999999,999.9655
crom_q[3924],61,20,q,M7,748.432,999.9655
crom_q[3925],61,21,q,M7,748.496,999.9655
crom_q[3926],61,22,q,M7,748.56,999.9655
crom_q[3927],61,23,q,M7,748.624,999.9655
crom_q[3928],61,24,q,M7,748.688,999.9655
crom_q[3929],61,25,q,M7,748.752,999.9655
crom_q[392],6,8,q,M7,79.44,999.9655
crom_q[3930],61,26,q,M7,748.816,999.9655
crom_q[3931],61,27,q,M7,748.88,999.9655
crom_q[3932],61,28,q,M7,748.944,999.9655
crom_q[3933],61,29,q,M7,749.008,999.9655
crom_q[3934],61,30,q,M7,749.072,999.9655
crom_q[3935],61,31,q,M7,749.136,999.9655
crom_q[3936],61,32,q,M7,749.2,999.9655
crom_q[3937],61,33,q,M7,749.264,999.9655
crom_q[3938],61,34,q,M7,749.328,999.9655
crom_q[3939],61,35,q,M7,749.392,999.9655
crom_q[393],6,9,q,M7,79.50399999999999,999.9655
crom_q[3940],61,36,q,M7,749.456,999.9655
crom_q[3941],61,37,q,M7,749.52,999.9655
crom_q[3942],61,38,q,M7,749.5840000000001,999.9655
crom_q[3943],61,39,q,M7,749.6479999999999,999.9655
crom_q[3944],61,40,q,M7,749.712,999.9655
crom_q[3945],61,41,q,M7,749.7760000000001,999.9655
crom_q[3946],61,42,q,M7,749.8399999999999,999.9655
crom_q[3947],61,43,q,M7,749.904,999.9655
crom_q[3948],61,44,q,M7,749.9680000000001,999.9655
crom_q[3949],61,45,q,M7,750.0319999999999,999.9655
crom_q[394],6,10,q,M7,79.56800000000001,999.9655
crom_q[3950],61,46,q,M7,750.096,999.9655
crom_q[3951],61,47,q,M7,750.1600000000001,999.9655
crom_q[3952],61,48,q,M7,750.2239999999999,999.9655
crom_q[3953],61,49,q,M7,750.288,999.9655
crom_q[3954],61,50,q,M7,750.3520000000001,999.9655
crom_q[3955],61,51,q,M7,750.4159999999999,999.9655
crom_q[3956],61,52,q,M7,750.48,999.9655
crom_q[3957],61,53,q,M7,750.544,999.9655
crom_q[3958],61,54,q,M7,750.608,999.9655
crom_q[3959],61,55,q,M7,750.672,999.9655
crom_q[395],6,11,q,M7,79.632,999.9655
crom_q[3960],61,56,q,M7,750.736,999.9655
crom_q[3961],61,57,q,M7,750.8,999.9655
crom_q[3962],61,58,q,M7,750.864,999.9655
crom_q[3963],61,59,q,M7,750.928,999.9655
crom_q[3964],61,60,q,M7,750.992,999.9655
crom_q[3965],61,61,q,M7,751.056,999.9655
crom_q[3966],61,62,q,M7,751.12,999.9655
crom_q[3967],61,63,q,M7,751.184,999.9655
crom_q[3968],62,0,q,M5,760.3320000000001,999.9580000000001
crom_q[3969],62,1,q,M5,760.3800000000001,999.9580000000001
crom_q[396],6,12,q,M7,79.696,999.9655
crom_q[3970],62,2,q,M5,760.4280000000001,999.9580000000001
crom_q[3971],62,3,q,M5,760.4760000000001,999.9580000000001
crom_q[3972],62,4,q,M5,760.5239999999999,999.9580000000001
crom_q[3973],62,5,q,M5,760.5719999999999,999.9580000000001
crom_q[3974],62,6,q,M5,760.6199999999999,999.9580000000001
crom_q[3975],62,7,q,M5,760.6679999999999,999.9580000000001
crom_q[3976],62,8,q,M5,760.7159999999999,999.9580000000001
crom_q[3977],62,9,q,M5,760.7639999999999,999.9580000000001
crom_q[3978],62,10,q,M5,760.8119999999999,999.9580000000001
crom_q[3979],62,11,q,M5,760.8599999999999,999.9580000000001
crom_q[397],6,13,q,M7,79.75999999999999,999.9655
crom_q[3980],62,12,q,M5,760.9079999999999,999.9580000000001
crom_q[3981],62,13,q,M5,760.9559999999999,999.9580000000001
crom_q[3982],62,14,q,M5,761.0039999999999,999.9580000000001
crom_q[3983],62,15,q,M5,761.0519999999999,999.9580000000001
crom_q[3984],62,16,q,M5,761.0999999999999,999.9580000000001
crom_q[3985],62,17,q,M5,761.1479999999999,999.9580000000001
crom_q[3986],62,18,q,M5,761.1959999999999,999.9580000000001
crom_q[3987],62,19,q,M5,761.2439999999999,999.9580000000001
crom_q[3988],62,20,q,M5,761.2919999999999,999.9580000000001
crom_q[3989],62,21,q,M5,761.3399999999999,999.9580000000001
crom_q[398],6,14,q,M7,79.82400000000001,999.9655
crom_q[3990],62,22,q,M5,761.3879999999999,999.9580000000001
crom_q[3991],62,23,q,M5,761.4359999999999,999.9580000000001
crom_q[3992],62,24,q,M5,761.4839999999999,999.9580000000001
crom_q[3993],62,25,q,M5,761.5319999999999,999.9580000000001
crom_q[3994],62,26,q,M5,761.5799999999999,999.9580000000001
crom_q[3995],62,27,q,M5,761.6279999999999,999.9580000000001
crom_q[3996],62,28,q,M5,761.6759999999999,999.9580000000001
crom_q[3997],62,29,q,M5,761.7239999999999,999.9580000000001
crom_q[3998],62,30,q,M5,761.7719999999999,999.9580000000001
crom_q[3999],62,31,q,M5,761.8199999999999,999.9580000000001
crom_q[399],6,15,q,M7,79.888,999.9655
crom_q[39],0,39,q,M5,8.940000000000001,999.9580000000001
crom_q[3],0,3,q,M5,7.212,999.9580000000001
crom_q[4000],62,32,q,M5,761.8679999999999,999.9580000000001
crom_q[4001],62,33,q,M5,761.9159999999999,999.9580000000001
crom_q[4002],62,34,q,M5,761.9639999999999,999.9580000000001
crom_q[4003],62,35,q,M5,762.012,999.9580000000001
crom_q[4004],62,36,q,M5,762.06,999.9580000000001
crom_q[4005],62,37,q,M5,762.108,999.9580000000001
crom_q[4006],62,38,q,M5,762.156,999.9580000000001
crom_q[4007],62,39,q,M5,762.204,999.9580000000001
crom_q[4008],62,40,q,M5,762.252,999.9580000000001
crom_q[4009],62,41,q,M5,762.3,999.9580000000001
crom_q[400],6,16,q,M7,79.952,999.9655
crom_q[4010],62,42,q,M5,762.348,999.9580000000001
crom_q[4011],62,43,q,M5,762.396,999.9580000000001
crom_q[4012],62,44,q,M5,762.444,999.9580000000001
crom_q[4013],62,45,q,M5,762.492,999.9580000000001
crom_q[4014],62,46,q,M5,762.54,999.9580000000001
crom_q[4015],62,47,q,M5,762.588,999.9580000000001
crom_q[4016],62,48,q,M5,762.636,999.9580000000001
crom_q[4017],62,49,q,M5,762.684,999.9580000000001
crom_q[4018],62,50,q,M5,762.732,999.9580000000001
crom_q[4019],62,51,q,M5,762.78,999.9580000000001
crom_q[401],6,17,q,M7,80.01599999999999,999.9655
crom_q[4020],62,52,q,M5,762.828,999.9580000000001
crom_q[4021],62,53,q,M5,762.876,999.9580000000001
crom_q[4022],62,54,q,M5,762.924,999.9580000000001
crom_q[4023],62,55,q,M5,762.972,999.9580000000001
crom_q[4024],62,56,q,M5,763.02,999.9580000000001
crom_q[4025],62,57,q,M5,763.068,999.9580000000001
crom_q[4026],62,58,q,M5,763.116,999.9580000000001
crom_q[4027],62,59,q,M5,763.164,999.9580000000001
crom_q[4028],62,60,q,M5,763.212,999.9580000000001
crom_q[4029],62,61,q,M5,763.26,999.9580000000001
crom_q[402],6,18,q,M7,80.08,999.9655
crom_q[4030],62,62,q,M5,763.308,999.9580000000001
crom_q[4031],62,63,q,M5,763.356,999.9580000000001
crom_q[4032],63,0,q,M7,771.472,999.9655
crom_q[4033],63,1,q,M7,771.5360000000001,999.9655
crom_q[4034],63,2,q,M7,771.5999999999999,999.9655
crom_q[4035],63,3,q,M7,771.664,999.9655
crom_q[4036],63,4,q,M7,771.7280000000001,999.9655
crom_q[4037],63,5,q,M7,771.7919999999999,999.9655
crom_q[4038],63,6,q,M7,771.856,999.9655
crom_q[4039],63,7,q,M7,771.9200000000001,999.9655
crom_q[403],6,19,q,M7,80.144,999.9655
crom_q[4040],63,8,q,M7,771.9839999999999,999.9655
crom_q[4041],63,9,q,M7,772.048,999.9655
crom_q[4042],63,10,q,M7,772.1120000000001,999.9655
crom_q[4043],63,11,q,M7,772.1759999999999,999.9655
crom_q[4044],63,12,q,M7,772.24,999.9655
crom_q[4045],63,13,q,M7,772.3040000000001,999.9655
crom_q[4046],63,14,q,M7,772.3679999999999,999.9655
crom_q[4047],63,15,q,M7,772.432,999.9655
crom_q[4048],63,16,q,M7,772.496,999.9655
crom_q[4049],63,17,q,M7,772.56,999.9655
crom_q[404],6,20,q,M7,80.208,999.9655
crom_q[4050],63,18,q,M7,772.624,999.9655
crom_q[4051],63,19,q,M7,772.688,999.9655
crom_q[4052],63,20,q,M7,772.752,999.9655
crom_q[4053],63,21,q,M7,772.816,999.9655
crom_q[4054],63,22,q,M7,772.88,999.9655
crom_q[4055],63,23,q,M7,772.944,999.9655
crom_q[4056],63,24,q,M7,773.008,999.9655
crom_q[4057],63,25,q,M7,773.072,999.9655
crom_q[4058],63,26,q,M7,773.136,999.9655
crom_q[4059],63,27,q,M7,773.2,999.9655
crom_q[405],6,21,q,M7,80.27199999999999,999.9655
crom_q[4060],63,28,q,M7,773.264,999.9655
crom_q[4061],63,29,q,M7,773.328,999.9655
crom_q[4062],63,30,q,M7,773.392,999.9655
crom_q[4063],63,31,q,M7,773.456,999.9655
crom_q[4064],63,32,q,M7,773.52,999.9655
crom_q[4065],63,33,q,M7,773.5840000000001,999.9655
crom_q[4066],63,34,q,M7,773.6479999999999,999.9655
crom_q[4067],63,35,q,M7,773.712,999.9655
crom_q[4068],63,36,q,M7,773.7760000000001,999.9655
crom_q[4069],63,37,q,M7,773.8399999999999,999.9655
crom_q[406],6,22,q,M7,80.336,999.9655
crom_q[4070],63,38,q,M7,773.904,999.9655
crom_q[4071],63,39,q,M7,773.9680000000001,999.9655
crom_q[4072],63,40,q,M7,774.0319999999999,999.9655
crom_q[4073],63,41,q,M7,774.096,999.9655
crom_q[4074],63,42,q,M7,774.1600000000001,999.9655
crom_q[4075],63,43,q,M7,774.2239999999999,999.9655
crom_q[4076],63,44,q,M7,774.288,999.9655
crom_q[4077],63,45,q,M7,774.3520000000001,999.9655
crom_q[4078],63,46,q,M7,774.4159999999999,999.9655
crom_q[4079],63,47,q,M7,774.48,999.9655
crom_q[407],6,23,q,M7,80.4,999.9655
crom_q[4080],63,48,q,M7,774.544,999.9655
crom_q[4081],63,49,q,M7,774.608,999.9655
crom_q[4082],63,50,q,M7,774.672,999.9655
crom_q[4083],63,51,q,M7,774.736,999.9655
crom_q[4084],63,52,q,M7,774.8,999.9655
crom_q[4085],63,53,q,M7,774.864,999.9655
crom_q[4086],63,54,q,M7,774.928,999.9655
crom_q[4087],63,55,q,M7,774.992,999.9655
crom_q[4088],63,56,q,M7,775.056,999.9655
crom_q[4089],63,57,q,M7,775.12,999.9655
crom_q[408],6,24,q,M7,80.464,999.9655
crom_q[4090],63,58,q,M7,775.184,999.9655
crom_q[4091],63,59,q,M7,775.248,999.9655
crom_q[4092],63,60,q,M7,775.312,999.9655
crom_q[4093],63,61,q,M7,775.376,999.9655
crom_q[4094],63,62,q,M7,775.44,999.9655
crom_q[4095],63,63,q,M7,775.504,999.9655
crom_q[409],6,25,q,M7,80.52799999999999,999.9655
crom_q[40],0,40,q,M5,8.988,999.9580000000001
crom_q[410],6,26,q,M7,80.592,999.9655
crom_q[411],6,27,q,M7,80.656,999.9655
crom_q[412],6,28,q,M7,80.72,999.9655
crom_q[413],6,29,q,M7,80.78399999999999,999.9655
crom_q[414],6,30,q,M7,80.848,999.9655
crom_q[415],6,31,q,M7,80.912,999.9655
crom_q[416],6,32,q,M7,80.976,999.9655
crom_q[417],6,33,q,M7,81.03999999999999,999.9655
crom_q[418],6,34,q,M7,81.104,999.9655
crom_q[419],6,35,q,M7,81.168,999.9655
crom_q[41],0,41,q,M5,9.036,999.9580000000001
crom_q[420],6,36,q,M7,81.232,999.9655
crom_q[421],6,37,q,M7,81.29599999999999,999.9655
crom_q[422],6,38,q,M7,81.36,999.9655
crom_q[423],6,39,q,M7,81.424,999.9655
crom_q[424],6,40,q,M7,81.488,999.9655
crom_q[425],6,41,q,M7,81.55199999999999,999.9655
crom_q[426],6,42,q,M7,81.616,999.9655
crom_q[427],6,43,q,M7,81.68,999.9655
crom_q[428],6,44,q,M7,81.744,999.9655
crom_q[429],6,45,q,M7,81.80799999999999,999.9655
crom_q[42],0,42,q,M5,9.084,999.9580000000001
crom_q[430],6,46,q,M7,81.872,999.9655
crom_q[431],6,47,q,M7,81.936,999.9655
crom_q[432],6,48,q,M7,82.0,999.9655
crom_q[433],6,49,q,M7,82.064,999.9655
crom_q[434],6,50,q,M7,82.128,999.9655
crom_q[435],6,51,q,M7,82.19200000000001,999.9655
crom_q[436],6,52,q,M7,82.256,999.9655
crom_q[437],6,53,q,M7,82.32,999.9655
crom_q[438],6,54,q,M7,82.384,999.9655
crom_q[439],6,55,q,M7,82.44800000000001,999.9655
crom_q[43],0,43,q,M5,9.132,999.9580000000001
crom_q[440],6,56,q,M7,82.512,999.9655
crom_q[441],6,57,q,M7,82.576,999.9655
crom_q[442],6,58,q,M7,82.64,999.9655
crom_q[443],6,59,q,M7,82.70400000000001,999.9655
crom_q[444],6,60,q,M7,82.768,999.9655
crom_q[445],6,61,q,M7,82.832,999.9655
crom_q[446],6,62,q,M7,82.896,999.9655
crom_q[447],6,63,q,M7,82.96000000000001,999.9655
crom_q[448],7,0,q,M5,92.124,999.9580000000001
crom_q[449],7,1,q,M5,92.172,999.9580000000001
crom_q[44],0,44,q,M5,9.18,999.9580000000001
crom_q[450],7,2,q,M5,92.22,999.9580000000001
crom_q[451],7,3,q,M5,92.268,999.9580000000001
crom_q[452],7,4,q,M5,92.316,999.9580000000001
crom_q[453],7,5,q,M5,92.364,999.9580000000001
crom_q[454],7,6,q,M5,92.412,999.9580000000001
crom_q[455],7,7,q,M5,92.46,999.9580000000001
crom_q[456],7,8,q,M5,92.508,999.9580000000001
crom_q[457],7,9,q,M5,92.556,999.9580000000001
crom_q[458],7,10,q,M5,92.604,999.9580000000001
crom_q[459],7,11,q,M5,92.652,999.9580000000001
crom_q[45],0,45,q,M5,9.228,999.9580000000001
crom_q[460],7,12,q,M5,92.7,999.9580000000001
crom_q[461],7,13,q,M5,92.748,999.9580000000001
crom_q[462],7,14,q,M5,92.796,999.9580000000001
crom_q[463],7,15,q,M5,92.844,999.9580000000001
crom_q[464],7,16,q,M5,92.892,999.9580000000001
crom_q[465],7,17,q,M5,92.94,999.9580000000001
crom_q[466],7,18,q,M5,92.988,999.9580000000001
crom_q[467],7,19,q,M5,93.036,999.9580000000001
crom_q[468],7,20,q,M5,93.084,999.9580000000001
crom_q[469],7,21,q,M5,93.132,999.9580000000001
crom_q[46],0,46,q,M5,9.276,999.9580000000001
crom_q[470],7,22,q,M5,93.18,999.9580000000001
crom_q[471],7,23,q,M5,93.228,999.9580000000001
crom_q[472],7,24,q,M5,93.276,999.9580000000001
crom_q[473],7,25,q,M5,93.324,999.9580000000001
crom_q[474],7,26,q,M5,93.372,999.9580000000001
crom_q[475],7,27,q,M5,93.42,999.9580000000001
crom_q[476],7,28,q,M5,93.468,999.9580000000001
crom_q[477],7,29,q,M5,93.516,999.9580000000001
crom_q[478],7,30,q,M5,93.564,999.9580000000001
crom_q[479],7,31,q,M5,93.612,999.9580000000001
crom_q[47],0,47,q,M5,9.324,999.9580000000001
crom_q[480],7,32,q,M5,93.66,999.9580000000001
crom_q[481],7,33,q,M5,93.708,999.9580000000001
crom_q[482],7,34,q,M5,93.756,999.9580000000001
crom_q[483],7,35,q,M5,93.804,999.9580000000001
crom_q[484],7,36,q,M5,93.852,999.9580000000001
crom_q[485],7,37,q,M5,93.9,999.9580000000001
crom_q[486],7,38,q,M5,93.94800000000001,999.9580000000001
crom_q[487],7,39,q,M5,93.996,999.9580000000001
crom_q[488],7,40,q,M5,94.044,999.9580000000001
crom_q[489],7,41,q,M5,94.092,999.9580000000001
crom_q[48],0,48,q,M5,9.372,999.9580000000001
crom_q[490],7,42,q,M5,94.14,999.9580000000001
crom_q[491],7,43,q,M5,94.188,999.9580000000001
crom_q[492],7,44,q,M5,94.236,999.9580000000001
crom_q[493],7,45,q,M5,94.284,999.9580000000001
crom_q[494],7,46,q,M5,94.332,999.9580000000001
crom_q[495],7,47,q,M5,94.38,999.9580000000001
crom_q[496],7,48,q,M5,94.428,999.9580000000001
crom_q[497],7,49,q,M5,94.476,999.9580000000001
crom_q[498],7,50,q,M5,94.524,999.9580000000001
crom_q[499],7,51,q,M5,94.572,999.9580000000001
crom_q[49],0,49,q,M5,9.42,999.9580000000001
crom_q[4],0,4,q,M5,7.26,999.9580000000001
crom_q[500],7,52,q,M5,94.62,999.9580000000001
crom_q[501],7,53,q,M5,94.668,999.9580000000001
crom_q[502],7,54,q,M5,94.716,999.9580000000001
crom_q[503],7,55,q,M5,94.764,999.9580000000001
crom_q[504],7,56,q,M5,94.812,999.9580000000001
crom_q[505],7,57,q,M5,94.86,999.9580000000001
crom_q[506],7,58,q,M5,94.908,999.9580000000001
crom_q[507],7,59,q,M5,94.956,999.9580000000001
crom_q[508],7,60,q,M5,95.004,999.9580000000001
crom_q[509],7,61,q,M5,95.05199999999999,999.9580000000001
crom_q[50],0,50,q,M5,9.468,999.9580000000001
crom_q[510],7,62,q,M5,95.1,999.9580000000001
crom_q[511],7,63,q,M5,95.148,999.9580000000001
crom_q[512],8,0,q,M7,103.24799999999999,999.9655
crom_q[513],8,1,q,M7,103.31200000000001,999.9655
crom_q[514],8,2,q,M7,103.376,999.9655
crom_q[515],8,3,q,M7,103.44,999.9655
crom_q[516],8,4,q,M7,103.50399999999999,999.9655
crom_q[517],8,5,q,M7,103.56800000000001,999.9655
crom_q[518],8,6,q,M7,103.632,999.9655
crom_q[519],8,7,q,M7,103.696,999.9655
crom_q[51],0,51,q,M5,9.516,999.9580000000001
crom_q[520],8,8,q,M7,103.75999999999999,999.9655
crom_q[521],8,9,q,M7,103.82400000000001,999.9655
crom_q[522],8,10,q,M7,103.888,999.9655
crom_q[523],8,11,q,M7,103.952,999.9655
crom_q[524],8,12,q,M7,104.01599999999999,999.9655
crom_q[525],8,13,q,M7,104.08,999.9655
crom_q[526],8,14,q,M7,104.144,999.9655
crom_q[527],8,15,q,M7,104.208,999.9655
crom_q[528],8,16,q,M7,104.27199999999999,999.9655
crom_q[529],8,17,q,M7,104.336,999.9655
crom_q[52],0,52,q,M5,9.564,999.9580000000001
crom_q[530],8,18,q,M7,104.4,999.9655
crom_q[531],8,19,q,M7,104.464,999.9655
crom_q[532],8,20,q,M7,104.52799999999999,999.9655
crom_q[533],8,21,q,M7,104.592,999.9655
crom_q[534],8,22,q,M7,104.656,999.9655
crom_q[535],8,23,q,M7,104.72,999.9655
crom_q[536],8,24,q,M7,104.78399999999999,999.9655
crom_q[537],8,25,q,M7,104.848,999.9655
crom_q[538],8,26,q,M7,104.912,999.9655
crom_q[539],8,27,q,M7,104.976,999.9655
crom_q[53],0,53,q,M5,9.612,999.9580000000001
crom_q[540],8,28,q,M7,105.03999999999999,999.9655
crom_q[541],8,29,q,M7,105.104,999.9655
crom_q[542],8,30,q,M7,105.168,999.9655
crom_q[543],8,31,q,M7,105.232,999.9655
crom_q[544],8,32,q,M7,105.29599999999999,999.9655
crom_q[545],8,33,q,M7,105.36,999.9655
crom_q[546],8,34,q,M7,105.424,999.9655
crom_q[547],8,35,q,M7,105.488,999.9655
crom_q[548],8,36,q,M7,105.55199999999999,999.9655
crom_q[549],8,37,q,M7,105.616,999.9655
crom_q[54],0,54,q,M5,9.66,999.9580000000001
crom_q[550],8,38,q,M7,105.68,999.9655
crom_q[551],8,39,q,M7,105.744,999.9655
crom_q[552],8,40,q,M7,105.80799999999999,999.9655
crom_q[553],8,41,q,M7,105.872,999.9655
crom_q[554],8,42,q,M7,105.936,999.9655
crom_q[555],8,43,q,M7,106.0,999.9655
crom_q[556],8,44,q,M7,106.064,999.9655
crom_q[557],8,45,q,M7,106.128,999.9655
crom_q[558],8,46,q,M7,106.19200000000001,999.9655
crom_q[559],8,47,q,M7,106.256,999.9655
crom_q[55],0,55,q,M5,9.708,999.9580000000001
crom_q[560],8,48,q,M7,106.32,999.9655
crom_q[561],8,49,q,M7,106.384,999.9655
crom_q[562],8,50,q,M7,106.44800000000001,999.9655
crom_q[563],8,51,q,M7,106.512,999.9655
crom_q[564],8,52,q,M7,106.576,999.9655
crom_q[565],8,53,q,M7,106.64,999.9655
crom_q[566],8,54,q,M7,106.70400000000001,999.9655
crom_q[567],8,55,q,M7,106.768,999.9655
crom_q[568],8,56,q,M7,106.832,999.9655
crom_q[569],8,57,q,M7,106.896,999.9655
crom_q[56],0,56,q,M5,9.756,999.9580000000001
crom_q[570],8,58,q,M7,106.96000000000001,999.9655
crom_q[571],8,59,q,M7,107.024,999.9655
crom_q[572],8,60,q,M7,107.088,999.9655
crom_q[573],8,61,q,M7,107.152,999.9655
crom_q[574],8,62,q,M7,107.21600000000001,999.9655
crom_q[575],8,63,q,M7,107.28,999.9655
crom_q[576],9,0,q,M5,116.412,999.9580000000001
crom_q[577],9,1,q,M5,116.46,999.9580000000001
crom_q[578],9,2,q,M5,116.508,999.9580000000001
crom_q[579],9,3,q,M5,116.556,999.9580000000001
crom_q[57],0,57,q,M5,9.804,999.9580000000001
crom_q[580],9,4,q,M5,116.604,999.9580000000001
crom_q[581],9,5,q,M5,116.652,999.9580000000001
crom_q[582],9,6,q,M5,116.7,999.9580000000001
crom_q[583],9,7,q,M5,116.748,999.9580000000001
crom_q[584],9,8,q,M5,116.796,999.9580000000001
crom_q[585],9,9,q,M5,116.844,999.9580000000001
crom_q[586],9,10,q,M5,116.892,999.9580000000001
crom_q[587],9,11,q,M5,116.94,999.9580000000001
crom_q[588],9,12,q,M5,116.988,999.9580000000001
crom_q[589],9,13,q,M5,117.036,999.9580000000001
crom_q[58],0,58,q,M5,9.852,999.9580000000001
crom_q[590],9,14,q,M5,117.084,999.9580000000001
crom_q[591],9,15,q,M5,117.132,999.9580000000001
crom_q[592],9,16,q,M5,117.18,999.9580000000001
crom_q[593],9,17,q,M5,117.228,999.9580000000001
crom_q[594],9,18,q,M5,117.276,999.9580000000001
crom_q[595],9,19,q,M5,117.324,999.9580000000001
crom_q[596],9,20,q,M5,117.372,999.9580000000001
crom_q[597],9,21,q,M5,117.42,999.9580000000001
crom_q[598],9,22,q,M5,117.468,999.9580000000001
crom_q[599],9,23,q,M5,117.516,999.9580000000001
crom_q[59],0,59,q,M5,9.9,999.9580000000001
crom_q[5],0,5,q,M5,7.308,999.9580000000001
crom_q[600],9,24,q,M5,117.564,999.9580000000001
crom_q[601],9,25,q,M5,117.612,999.9580000000001
crom_q[602],9,26,q,M5,117.66,999.9580000000001
crom_q[603],9,27,q,M5,117.708,999.9580000000001
crom_q[604],9,28,q,M5,117.756,999.9580000000001
crom_q[605],9,29,q,M5,117.804,999.9580000000001
crom_q[606],9,30,q,M5,117.852,999.9580000000001
crom_q[607],9,31,q,M5,117.9,999.9580000000001
crom_q[608],9,32,q,M5,117.94800000000001,999.9580000000001
crom_q[609],9,33,q,M5,117.996,999.9580000000001
crom_q[60],0,60,q,M5,9.948,999.9580000000001
crom_q[610],9,34,q,M5,118.044,999.9580000000001
crom_q[611],9,35,q,M5,118.092,999.9580000000001
crom_q[612],9,36,q,M5,118.14,999.9580000000001
crom_q[613],9,37,q,M5,118.188,999.9580000000001
crom_q[614],9,38,q,M5,118.236,999.9580000000001
crom_q[615],9,39,q,M5,118.284,999.9580000000001
crom_q[616],9,40,q,M5,118.332,999.9580000000001
crom_q[617],9,41,q,M5,118.38,999.9580000000001
crom_q[618],9,42,q,M5,118.428,999.9580000000001
crom_q[619],9,43,q,M5,118.476,999.9580000000001
crom_q[61],0,61,q,M5,9.995999999999999,999.9580000000001
crom_q[620],9,44,q,M5,118.524,999.9580000000001
crom_q[621],9,45,q,M5,118.572,999.9580000000001
crom_q[622],9,46,q,M5,118.62,999.9580000000001
crom_q[623],9,47,q,M5,118.668,999.9580000000001
crom_q[624],9,48,q,M5,118.716,999.9580000000001
crom_q[625],9,49,q,M5,118.764,999.9580000000001
crom_q[626],9,50,q,M5,118.812,999.9580000000001
crom_q[627],9,51,q,M5,118.86,999.9580000000001
crom_q[628],9,52,q,M5,118.908,999.9580000000001
crom_q[629],9,53,q,M5,118.956,999.9580000000001
crom_q[62],0,62,q,M5,10.044,999.9580000000001
crom_q[630],9,54,q,M5,119.004,999.9580000000001
crom_q[631],9,55,q,M5,119.05199999999999,999.9580000000001
crom_q[632],9,56,q,M5,119.1,999.9580000000001
crom_q[633],9,57,q,M5,119.148,999.9580000000001
crom_q[634],9,58,q,M5,119.196,999.9580000000001
crom_q[635],9,59,q,M5,119.244,999.9580000000001
crom_q[636],9,60,q,M5,119.292,999.9580000000001
crom_q[637],9,61,q,M5,119.34,999.9580000000001
crom_q[638],9,62,q,M5,119.388,999.9580000000001
crom_q[639],9,63,q,M5,119.436,999.9580000000001
crom_q[63],0,63,q,M5,10.091999999999999,999.9580000000001
crom_q[640],10,0,q,M5,128.556,999.9580000000001
crom_q[641],10,1,q,M5,128.604,999.9580000000001
crom_q[642],10,2,q,M5,128.652,999.9580000000001
crom_q[643],10,3,q,M5,128.7,999.9580000000001
crom_q[644],10,4,q,M5,128.748,999.9580000000001
crom_q[645],10,5,q,M5,128.796,999.9580000000001
crom_q[646],10,6,q,M5,128.844,999.9580000000001
crom_q[647],10,7,q,M5,128.892,999.9580000000001
crom_q[648],10,8,q,M5,128.94,999.9580000000001
crom_q[649],10,9,q,M5,128.988,999.9580000000001
crom_q[64],1,0,q,M7,18.192,999.9655
crom_q[650],10,10,q,M5,129.036,999.9580000000001
crom_q[651],10,11,q,M5,129.084,999.9580000000001
crom_q[652],10,12,q,M5,129.132,999.9580000000001
crom_q[653],10,13,q,M5,129.18,999.9580000000001
crom_q[654],10,14,q,M5,129.228,999.9580000000001
crom_q[655],10,15,q,M5,129.276,999.9580000000001
crom_q[656],10,16,q,M5,129.324,999.9580000000001
crom_q[657],10,17,q,M5,129.372,999.9580000000001
crom_q[658],10,18,q,M5,129.42,999.9580000000001
crom_q[659],10,19,q,M5,129.468,999.9580000000001
crom_q[65],1,1,q,M7,18.256,999.9655
crom_q[660],10,20,q,M5,129.516,999.9580000000001
crom_q[661],10,21,q,M5,129.564,999.9580000000001
crom_q[662],10,22,q,M5,129.612,999.9580000000001
crom_q[663],10,23,q,M5,129.66,999.9580000000001
crom_q[664],10,24,q,M5,129.708,999.9580000000001
crom_q[665],10,25,q,M5,129.756,999.9580000000001
crom_q[666],10,26,q,M5,129.804,999.9580000000001
crom_q[667],10,27,q,M5,129.852,999.9580000000001
crom_q[668],10,28,q,M5,129.9,999.9580000000001
crom_q[669],10,29,q,M5,129.948,999.9580000000001
crom_q[66],1,2,q,M7,18.32,999.9655
crom_q[670],10,30,q,M5,129.996,999.9580000000001
crom_q[671],10,31,q,M5,130.044,999.9580000000001
crom_q[672],10,32,q,M5,130.092,999.9580000000001
crom_q[673],10,33,q,M5,130.14,999.9580000000001
crom_q[674],10,34,q,M5,130.188,999.9580000000001
crom_q[675],10,35,q,M5,130.236,999.9580000000001
crom_q[676],10,36,q,M5,130.284,999.9580000000001
crom_q[677],10,37,q,M5,130.332,999.9580000000001
crom_q[678],10,38,q,M5,130.38,999.9580000000001
crom_q[679],10,39,q,M5,130.428,999.9580000000001
crom_q[67],1,3,q,M7,18.384,999.9655
crom_q[680],10,40,q,M5,130.476,999.9580000000001
crom_q[681],10,41,q,M5,130.524,999.9580000000001
crom_q[682],10,42,q,M5,130.572,999.9580000000001
crom_q[683],10,43,q,M5,130.62,999.9580000000001
crom_q[684],10,44,q,M5,130.668,999.9580000000001
crom_q[685],10,45,q,M5,130.716,999.9580000000001
crom_q[686],10,46,q,M5,130.764,999.9580000000001
crom_q[687],10,47,q,M5,130.812,999.9580000000001
crom_q[688],10,48,q,M5,130.86,999.9580000000001
crom_q[689],10,49,q,M5,130.908,999.9580000000001
crom_q[68],1,4,q,M7,18.448,999.9655
crom_q[690],10,50,q,M5,130.956,999.9580000000001
crom_q[691],10,51,q,M5,131.004,999.9580000000001
crom_q[692],10,52,q,M5,131.052,999.9580000000001
crom_q[693],10,53,q,M5,131.1,999.9580000000001
crom_q[694],10,54,q,M5,131.148,999.9580000000001
crom_q[695],10,55,q,M5,131.196,999.9580000000001
crom_q[696],10,56,q,M5,131.244,999.9580000000001
crom_q[697],10,57,q,M5,131.292,999.9580000000001
crom_q[698],10,58,q,M5,131.34,999.9580000000001
crom_q[699],10,59,q,M5,131.388,999.9580000000001
crom_q[69],1,5,q,M7,18.512,999.9655
crom_q[6],0,6,q,M5,7.356,999.9580000000001
crom_q[700],10,60,q,M5,131.436,999.9580000000001
crom_q[701],10,61,q,M5,131.484,999.9580000000001
crom_q[702],10,62,q,M5,131.532,999.9580000000001
crom_q[703],10,63,q,M5,131.58,999.9580000000001
crom_q[704],11,0,q,M5,140.7,999.9580000000001
crom_q[705],11,1,q,M5,140.748,999.9580000000001
crom_q[706],11,2,q,M5,140.796,999.9580000000001
crom_q[707],11,3,q,M5,140.844,999.9580000000001
crom_q[708],11,4,q,M5,140.892,999.9580000000001
crom_q[709],11,5,q,M5,140.94,999.9580000000001
crom_q[70],1,6,q,M7,18.576,999.9655
crom_q[710],11,6,q,M5,140.988,999.9580000000001
crom_q[711],11,7,q,M5,141.036,999.9580000000001
crom_q[712],11,8,q,M5,141.084,999.9580000000001
crom_q[713],11,9,q,M5,141.132,999.9580000000001
crom_q[714],11,10,q,M5,141.18,999.9580000000001
crom_q[715],11,11,q,M5,141.228,999.9580000000001
crom_q[716],11,12,q,M5,141.276,999.9580000000001
crom_q[717],11,13,q,M5,141.324,999.9580000000001
crom_q[718],11,14,q,M5,141.372,999.9580000000001
crom_q[719],11,15,q,M5,141.42,999.9580000000001
crom_q[71],1,7,q,M7,18.64,999.9655
crom_q[720],11,16,q,M5,141.468,999.9580000000001
crom_q[721],11,17,q,M5,141.516,999.9580000000001
crom_q[722],11,18,q,M5,141.564,999.9580000000001
crom_q[723],11,19,q,M5,141.612,999.9580000000001
crom_q[724],11,20,q,M5,141.66,999.9580000000001
crom_q[725],11,21,q,M5,141.708,999.9580000000001
crom_q[726],11,22,q,M5,141.756,999.9580000000001
crom_q[727],11,23,q,M5,141.804,999.9580000000001
crom_q[728],11,24,q,M5,141.852,999.9580000000001
crom_q[729],11,25,q,M5,141.9,999.9580000000001
crom_q[72],1,8,q,M7,18.704,999.9655
crom_q[730],11,26,q,M5,141.948,999.9580000000001
crom_q[731],11,27,q,M5,141.996,999.9580000000001
crom_q[732],11,28,q,M5,142.044,999.9580000000001
crom_q[733],11,29,q,M5,142.092,999.9580000000001
crom_q[734],11,30,q,M5,142.14,999.9580000000001
crom_q[735],11,31,q,M5,142.188,999.9580000000001
crom_q[736],11,32,q,M5,142.236,999.9580000000001
crom_q[737],11,33,q,M5,142.284,999.9580000000001
crom_q[738],11,34,q,M5,142.332,999.9580000000001
crom_q[739],11,35,q,M5,142.38,999.9580000000001
crom_q[73],1,9,q,M7,18.768,999.9655
crom_q[740],11,36,q,M5,142.428,999.9580000000001
crom_q[741],11,37,q,M5,142.476,999.9580000000001
crom_q[742],11,38,q,M5,142.524,999.9580000000001
crom_q[743],11,39,q,M5,142.572,999.9580000000001
crom_q[744],11,40,q,M5,142.62,999.9580000000001
crom_q[745],11,41,q,M5,142.668,999.9580000000001
crom_q[746],11,42,q,M5,142.716,999.9580000000001
crom_q[747],11,43,q,M5,142.764,999.9580000000001
crom_q[748],11,44,q,M5,142.812,999.9580000000001
crom_q[749],11,45,q,M5,142.86,999.9580000000001
crom_q[74],1,10,q,M7,18.832,999.9655
crom_q[750],11,46,q,M5,142.908,999.9580000000001
crom_q[751],11,47,q,M5,142.956,999.9580000000001
crom_q[752],11,48,q,M5,143.004,999.9580000000001
crom_q[753],11,49,q,M5,143.052,999.9580000000001
crom_q[754],11,50,q,M5,143.1,999.9580000000001
crom_q[755],11,51,q,M5,143.148,999.9580000000001
crom_q[756],11,52,q,M5,143.196,999.9580000000001
crom_q[757],11,53,q,M5,143.244,999.9580000000001
crom_q[758],11,54,q,M5,143.292,999.9580000000001
crom_q[759],11,55,q,M5,143.34,999.9580000000001
crom_q[75],1,11,q,M7,18.896,999.9655
crom_q[760],11,56,q,M5,143.388,999.9580000000001
crom_q[761],11,57,q,M5,143.436,999.9580000000001
crom_q[762],11,58,q,M5,143.484,999.9580000000001
crom_q[763],11,59,q,M5,143.532,999.9580000000001
crom_q[764],11,60,q,M5,143.58,999.9580000000001
crom_q[765],11,61,q,M5,143.628,999.9580000000001
crom_q[766],11,62,q,M5,143.676,999.9580000000001
crom_q[767],11,63,q,M5,143.724,999.9580000000001
crom_q[768],12,0,q,M7,151.824,999.9655
crom_q[769],12,1,q,M7,151.888,999.9655
crom_q[76],1,12,q,M7,18.96,999.9655
crom_q[770],12,2,q,M7,151.952,999.9655
crom_q[771],12,3,q,M7,152.01600000000002,999.9655
crom_q[772],12,4,q,M7,152.07999999999998,999.9655
crom_q[773],12,5,q,M7,152.144,999.9655
crom_q[774],12,6,q,M7,152.208,999.9655
crom_q[775],12,7,q,M7,152.272,999.9655
crom_q[776],12,8,q,M7,152.336,999.9655
crom_q[777],12,9,q,M7,152.39999999999998,999.9655
crom_q[778],12,10,q,M7,152.464,999.9655
crom_q[779],12,11,q,M7,152.52800000000002,999.9655
crom_q[77],1,13,q,M7,19.024,999.9655
crom_q[780],12,12,q,M7,152.59199999999998,999.9655
crom_q[781],12,13,q,M7,152.656,999.9655
crom_q[782],12,14,q,M7,152.72,999.9655
crom_q[783],12,15,q,M7,152.784,999.9655
crom_q[784],12,16,q,M7,152.848,999.9655
crom_q[785],12,17,q,M7,152.91199999999998,999.9655
crom_q[786],12,18,q,M7,152.976,999.9655
crom_q[787],12,19,q,M7,153.04000000000002,999.9655
crom_q[788],12,20,q,M7,153.10399999999998,999.9655
crom_q[789],12,21,q,M7,153.168,999.9655
crom_q[78],1,14,q,M7,19.088,999.9655
crom_q[790],12,22,q,M7,153.232,999.9655
crom_q[791],12,23,q,M7,153.296,999.9655
crom_q[792],12,24,q,M7,153.36,999.9655
crom_q[793],12,25,q,M7,153.42399999999998,999.9655
crom_q[794],12,26,q,M7,153.488,999.9655
crom_q[795],12,27,q,M7,153.55200000000002,999.9655
crom_q[796],12,28,q,M7,153.61599999999999,999.9655
crom_q[797],12,29,q,M7,153.68,999.9655
crom_q[798],12,30,q,M7,153.744,999.9655
crom_q[799],12,31,q,M7,153.808,999.9655
crom_q[79],1,15,q,M7,19.152,999.9655
crom_q[7],0,7,q,M5,7.404,999.9580000000001
crom_q[800],12,32,q,M7,153.872,999.9655
crom_q[801],12,33,q,M7,153.93599999999998,999.9655
crom_q[802],12,34,q,M7,154.0,999.9655
crom_q[803],12,35,q,M7,154.06400000000002,999.9655
crom_q[804],12,36,q,M7,154.128,999.9655
crom_q[805],12,37,q,M7,154.192,999.9655
crom_q[806],12,38,q,M7,154.256,999.9655
crom_q[807],12,39,q,M7,154.32,999.9655
crom_q[808],12,40,q,M7,154.38400000000001,999.9655
crom_q[809],12,41,q,M7,154.44799999999998,999.9655
crom_q[80],1,16,q,M7,19.216,999.9655
crom_q[810],12,42,q,M7,154.512,999.9655
crom_q[811],12,43,q,M7,154.57600000000002,999.9655
crom_q[812],12,44,q,M7,154.64,999.9655
crom_q[813],12,45,q,M7,154.704,999.9655
crom_q[814],12,46,q,M7,154.768,999.9655
crom_q[815],12,47,q,M7,154.832,999.9655
crom_q[816],12,48,q,M7,154.89600000000002,999.9655
crom_q[817],12,49,q,M7,154.95999999999998,999.9655
crom_q[818],12,50,q,M7,155.024,999.9655
crom_q[819],12,51,q,M7,155.08800000000002,999.9655
crom_q[81],1,17,q,M7,19.28,999.9655
crom_q[820],12,52,q,M7,155.152,999.9655
crom_q[821],12,53,q,M7,155.216,999.9655
crom_q[822],12,54,q,M7,155.28,999.9655
crom_q[823],12,55,q,M7,155.344,999.9655
crom_q[824],12,56,q,M7,155.40800000000002,999.9655
crom_q[825],12,57,q,M7,155.47199999999998,999.9655
crom_q[826],12,58,q,M7,155.536,999.9655
crom_q[827],12,59,q,M7,155.60000000000002,999.9655
crom_q[828],12,60,q,M7,155.664,999.9655
crom_q[829],12,61,q,M7,155.728,999.9655
crom_q[82],1,18,q,M7,19.344,999.9655
crom_q[830],12,62,q,M7,155.792,999.9655
crom_q[831],12,63,q,M7,155.856,999.9655
crom_q[832],13,0,q,M7,163.98399999999998,999.9655
crom_q[833],13,1,q,M7,164.048,999.9655
crom_q[834],13,2,q,M7,164.112,999.9655
crom_q[835],13,3,q,M7,164.176,999.9655
crom_q[836],13,4,q,M7,164.24,999.9655
crom_q[837],13,5,q,M7,164.304,999.9655
crom_q[838],13,6,q,M7,164.368,999.9655
crom_q[839],13,7,q,M7,164.43200000000002,999.9655
crom_q[83],1,19,q,M7,19.408,999.9655
crom_q[840],13,8,q,M7,164.49599999999998,999.9655
crom_q[841],13,9,q,M7,164.56,999.9655
crom_q[842],13,10,q,M7,164.624,999.9655
crom_q[843],13,11,q,M7,164.688,999.9655
crom_q[844],13,12,q,M7,164.752,999.9655
crom_q[845],13,13,q,M7,164.816,999.9655
crom_q[846],13,14,q,M7,164.88,999.9655
crom_q[847],13,15,q,M7,164.94400000000002,999.9655
crom_q[848],13,16,q,M7,165.00799999999998,999.9655
crom_q[849],13,17,q,M7,165.072,999.9655
crom_q[84],1,20,q,M7,19.472,999.9655
crom_q[850],13,18,q,M7,165.136,999.9655
crom_q[851],13,19,q,M7,165.2,999.9655
crom_q[852],13,20,q,M7,165.264,999.9655
crom_q[853],13,21,q,M7,165.328,999.9655
crom_q[854],13,22,q,M7,165.392,999.9655
crom_q[855],13,23,q,M7,165.45600000000002,999.9655
crom_q[856],13,24,q,M7,165.51999999999998,999.9655
crom_q[857],13,25,q,M7,165.584,999.9655
crom_q[858],13,26,q,M7,165.648,999.9655
crom_q[859],13,27,q,M7,165.712,999.9655
crom_q[85],1,21,q,M7,19.536,999.9655
crom_q[860],13,28,q,M7,165.776,999.9655
crom_q[861],13,29,q,M7,165.84,999.9655
crom_q[862],13,30,q,M7,165.904,999.9655
crom_q[863],13,31,q,M7,165.96800000000002,999.9655
crom_q[864],13,32,q,M7,166.03199999999998,999.9655
crom_q[865],13,33,q,M7,166.096,999.9655
crom_q[866],13,34,q,M7,166.16,999.9655
crom_q[867],13,35,q,M7,166.224,999.9655
crom_q[868],13,36,q,M7,166.288,999.9655
crom_q[869],13,37,q,M7,166.352,999.9655
crom_q[86],1,22,q,M7,19.6,999.9655
crom_q[870],13,38,q,M7,166.416,999.9655
crom_q[871],13,39,q,M7,166.48000000000002,999.9655
crom_q[872],13,40,q,M7,166.54399999999998,999.9655
crom_q[873],13,41,q,M7,166.608,999.9655
crom_q[874],13,42,q,M7,166.672,999.9655
crom_q[875],13,43,q,M7,166.736,999.9655
crom_q[876],13,44,q,M7,166.8,999.9655
crom_q[877],13,45,q,M7,166.864,999.9655
crom_q[878],13,46,q,M7,166.928,999.9655
crom_q[879],13,47,q,M7,166.99200000000002,999.9655
crom_q[87],1,23,q,M7,19.664,999.9655
crom_q[880],13,48,q,M7,167.05599999999998,999.9655
crom_q[881],13,49,q,M7,167.12,999.9655
crom_q[882],13,50,q,M7,167.184,999.9655
crom_q[883],13,51,q,M7,167.248,999.9655
crom_q[884],13,52,q,M7,167.312,999.9655
crom_q[885],13,53,q,M7,167.376,999.9655
crom_q[886],13,54,q,M7,167.44,999.9655
crom_q[887],13,55,q,M7,167.50400000000002,999.9655
crom_q[888],13,56,q,M7,167.56799999999998,999.9655
crom_q[889],13,57,q,M7,167.632,999.9655
crom_q[88],1,24,q,M7,19.728,999.9655
crom_q[890],13,58,q,M7,167.696,999.9655
crom_q[891],13,59,q,M7,167.76,999.9655
crom_q[892],13,60,q,M7,167.824,999.9655
crom_q[893],13,61,q,M7,167.888,999.9655
crom_q[894],13,62,q,M7,167.952,999.9655
crom_q[895],13,63,q,M7,168.01600000000002,999.9655
crom_q[896],14,0,q,M7,176.144,999.9655
crom_q[897],14,1,q,M7,176.208,999.9655
crom_q[898],14,2,q,M7,176.272,999.9655
crom_q[899],14,3,q,M7,176.336,999.9655
crom_q[89],1,25,q,M7,19.792,999.9655
crom_q[8],0,8,q,M5,7.452,999.9580000000001
crom_q[900],14,4,q,M7,176.39999999999998,999.9655
crom_q[901],14,5,q,M7,176.464,999.9655
crom_q[902],14,6,q,M7,176.52800000000002,999.9655
crom_q[903],14,7,q,M7,176.59199999999998,999.9655
crom_q[904],14,8,q,M7,176.656,999.9655
crom_q[905],14,9,q,M7,176.72,999.9655
crom_q[906],14,10,q,M7,176.784,999.9655
crom_q[907],14,11,q,M7,176.848,999.9655
crom_q[908],14,12,q,M7,176.91199999999998,999.9655
crom_q[909],14,13,q,M7,176.976,999.9655
crom_q[90],1,26,q,M7,19.856,999.9655
crom_q[910],14,14,q,M7,177.04000000000002,999.9655
crom_q[911],14,15,q,M7,177.10399999999998,999.9655
crom_q[912],14,16,q,M7,177.168,999.9655
crom_q[913],14,17,q,M7,177.232,999.9655
crom_q[914],14,18,q,M7,177.296,999.9655
crom_q[915],14,19,q,M7,177.36,999.9655
crom_q[916],14,20,q,M7,177.42399999999998,999.9655
crom_q[917],14,21,q,M7,177.488,999.9655
crom_q[918],14,22,q,M7,177.55200000000002,999.9655
crom_q[919],14,23,q,M7,177.61599999999999,999.9655
crom_q[91],1,27,q,M7,19.92,999.9655
crom_q[920],14,24,q,M7,177.68,999.9655
crom_q[921],14,25,q,M7,177.744,999.9655
crom_q[922],14,26,q,M7,177.808,999.9655
crom_q[923],14,27,q,M7,177.872,999.9655
crom_q[924],14,28,q,M7,177.93599999999998,999.9655
crom_q[925],14,29,q,M7,178.0,999.9655
crom_q[926],14,30,q,M7,178.06400000000002,999.9655
crom_q[927],14,31,q,M7,178.128,999.9655
crom_q[928],14,32,q,M7,178.192,999.9655
crom_q[929],14,33,q,M7,178.256,999.9655
crom_q[92],1,28,q,M7,19.984,999.9655
crom_q[930],14,34,q,M7,178.32,999.9655
crom_q[931],14,35,q,M7,178.38400000000001,999.9655
crom_q[932],14,36,q,M7,178.44799999999998,999.9655
crom_q[933],14,37,q,M7,178.512,999.9655
crom_q[934],14,38,q,M7,178.57600000000002,999.9655
crom_q[935],14,39,q,M7,178.64,999.9655
crom_q[936],14,40,q,M7,178.704,999.9655
crom_q[937],14,41,q,M7,178.768,999.9655
crom_q[938],14,42,q,M7,178.832,999.9655
crom_q[939],14,43,q,M7,178.89600000000002,999.9655
crom_q[93],1,29,q,M7,20.048000000000002,999.9655
crom_q[940],14,44,q,M7,178.95999999999998,999.9655
crom_q[941],14,45,q,M7,179.024,999.9655
crom_q[942],14,46,q,M7,179.08800000000002,999.9655
crom_q[943],14,47,q,M7,179.152,999.9655
crom_q[944],14,48,q,M7,179.216,999.9655
crom_q[945],14,49,q,M7,179.28,999.9655
crom_q[946],14,50,q,M7,179.344,999.9655
crom_q[947],14,51,q,M7,179.40800000000002,999.9655
crom_q[948],14,52,q,M7,179.47199999999998,999.9655
crom_q[949],14,53,q,M7,179.536,999.9655
crom_q[94],1,30,q,M7,20.112000000000002,999.9655
crom_q[950],14,54,q,M7,179.60000000000002,999.9655
crom_q[951],14,55,q,M7,179.664,999.9655
crom_q[952],14,56,q,M7,179.728,999.9655
crom_q[953],14,57,q,M7,179.792,999.9655
crom_q[954],14,58,q,M7,179.856,999.9655
crom_q[955],14,59,q,M7,179.92000000000002,999.9655
crom_q[956],14,60,q,M7,179.98399999999998,999.9655
crom_q[957],14,61,q,M7,180.048,999.9655
crom_q[958],14,62,q,M7,180.112,999.9655
crom_q[959],14,63,q,M7,180.176,999.9655
crom_q[95],1,31,q,M7,20.176000000000002,999.9655
crom_q[960],15,0,q,M7,188.304,999.9655
crom_q[961],15,1,q,M7,188.368,999.9655
crom_q[962],15,2,q,M7,188.43200000000002,999.9655
crom_q[963],15,3,q,M7,188.49599999999998,999.9655
crom_q[964],15,4,q,M7,188.56,999.9655
crom_q[965],15,5,q,M7,188.624,999.9655
crom_q[966],15,6,q,M7,188.688,999.9655
crom_q[967],15,7,q,M7,188.752,999.9655
crom_q[968],15,8,q,M7,188.816,999.9655
crom_q[969],15,9,q,M7,188.88,999.9655
crom_q[96],1,32,q,M7,20.240000000000002,999.9655
crom_q[970],15,10,q,M7,188.94400000000002,999.9655
crom_q[971],15,11,q,M7,189.00799999999998,999.9655
crom_q[972],15,12,q,M7,189.072,999.9655
crom_q[973],15,13,q,M7,189.136,999.9655
crom_q[974],15,14,q,M7,189.2,999.9655
crom_q[975],15,15,q,M7,189.264,999.9655
crom_q[976],15,16,q,M7,189.328,999.9655
crom_q[977],15,17,q,M7,189.392,999.9655
crom_q[978],15,18,q,M7,189.45600000000002,999.9655
crom_q[979],15,19,q,M7,189.51999999999998,999.9655
crom_q[97],1,33,q,M7,20.304000000000002,999.9655
crom_q[980],15,20,q,M7,189.584,999.9655
crom_q[981],15,21,q,M7,189.648,999.9655
crom_q[982],15,22,q,M7,189.712,999.9655
crom_q[983],15,23,q,M7,189.776,999.9655
crom_q[984],15,24,q,M7,189.84,999.9655
crom_q[985],15,25,q,M7,189.904,999.9655
crom_q[986],15,26,q,M7,189.96800000000002,999.9655
crom_q[987],15,27,q,M7,190.03199999999998,999.9655
crom_q[988],15,28,q,M7,190.096,999.9655
crom_q[989],15,29,q,M7,190.16,999.9655
crom_q[98],1,34,q,M7,20.368000000000002,999.9655
crom_q[990],15,30,q,M7,190.224,999.9655
crom_q[991],15,31,q,M7,190.288,999.9655
crom_q[992],15,32,q,M7,190.352,999.9655
crom_q[993],15,33,q,M7,190.416,999.9655
crom_q[994],15,34,q,M7,190.48000000000002,999.9655
crom_q[995],15,35,q,M7,190.54399999999998,999.9655
crom_q[996],15,36,q,M7,190.608,999.9655
crom_q[997],15,37,q,M7,190.672,999.9655
crom_q[998],15,38,q,M7,190.736,999.9655
crom_q[999],15,39,q,M7,190.8,999.9655
crom_q[99],1,35,q,M7,20.432000000000002,999.9655
crom_q[9],0,9,q,M5,7.5,999.9580000000001
crom_re[0],0,0,re,M5,10.14,999.9580000000001
crom_re[10],10,0,re,M5,131.628,999.9580000000001
crom_re[11],11,0,re,M5,143.772,999.9580000000001
crom_re[12],12,0,re,M7,155.92000000000002,999.9655
crom_re[13],13,0,re,M7,168.07999999999998,999.9655
crom_re[14],14,0,re,M7,180.24,999.9655
crom_re[15],15,0,re,M7,192.39999999999998,999.9655
crom_re[16],16,0,re,M7,204.49599999999998,999.9655
crom_re[17],17,0,re,M7,216.656,999.9655
crom_re[18],18,0,re,M7,228.816,999.9655
crom_re[19],19,0,re,M5,240.972,999.9580000000001
crom_re[1],1,0,re,M7,22.287999999999997,999.9655
crom_re[20],20,0,re,M7,253.136,999.9655
crom_re[21],21,0,re,M7,265.296,999.9655
crom_re[22],22,0,re,M5,277.404,999.9580000000001
crom_re[23],23,0,re,M5,289.596,999.9580000000001
crom_re[24],24,0,re,M7,301.712,999.9655
crom_re[25],25,0,re,M7,313.87199999999996,999.9655
crom_re[26],26,0,re,M5,326.028,999.9580000000001
crom_re[27],27,0,re,M5,338.172,999.9580000000001
crom_re[28],28,0,re,M5,350.316,999.9580000000001
crom_re[29],29,0,re,M5,362.46,999.9580000000001
crom_re[2],2,0,re,M7,34.448,999.9655
crom_re[30],30,0,re,M7,374.608,999.9655
crom_re[31],31,0,re,M5,386.796,999.9580000000001
crom_re[32],32,0,re,M7,398.928,999.9655
crom_re[33],33,0,re,M5,411.084,999.9580000000001
crom_re[34],34,0,re,M5,423.228,999.9580000000001
crom_re[35],35,0,re,M7,435.344,999.9655
crom_re[36],36,0,re,M7,447.504,999.9655
crom_re[37],37,0,re,M7,459.664,999.9655
crom_re[38],38,0,re,M7,471.82399999999996,999.9655
crom_re[39],39,0,re,M7,483.98400000000004,999.9655
crom_re[3],3,0,re,M5,46.572,999.9580000000001
crom_re[40],40,0,re,M5,496.14,999.9580000000001
crom_re[41],41,0,re,M7,508.24,999.9655
crom_re[42],42,0,re,M7,520.4000000000001,999.9655
crom_re[43],43,0,re,M7,532.56,999.9655
crom_re[44],44,0,re,M7,544.72,999.9655
crom_re[45],45,0,re,M5,556.8599999999999,999.9580000000001
crom_re[46],46,0,re,M5,569.0039999999999,999.9580000000001
crom_re[47],47,0,re,M5,581.1959999999999,999.9580000000001
crom_re[48],48,0,re,M7,593.296,999.9655
crom_re[49],49,0,re,M7,605.456,999.9655
crom_re[4],4,0,re,M5,58.716,999.9580000000001
crom_re[50],50,0,re,M7,617.616,999.9655
crom_re[51],51,0,re,M5,629.7719999999999,999.9580000000001
crom_re[52],52,0,re,M5,641.9159999999999,999.9580000000001
crom_re[53],53,0,re,M5,654.06,999.9580000000001
crom_re[54],54,0,re,M7,666.192,999.9655
crom_re[55],55,0,re,M7,678.3520000000001,999.9655
crom_re[56],56,0,re,M7,690.512,999.9655
crom_re[57],57,0,re,M7,702.672,999.9655
crom_re[58],58,0,re,M5,714.828,999.9580000000001
crom_re[59],59,0,re,M5,726.972,999.9580000000001
crom_re[5],5,0,re,M7,70.864,999.9655
crom_re[60],60,0,re,M7,739.088,999.9655
crom_re[61],61,0,re,M7,751.248,999.9655
crom_re[62],62,0,re,M5,763.404,999.9580000000001
crom_re[63],63,0,re,M7,775.568,999.9655
crom_re[6],6,0,re,M7,83.024,999.9655
crom_re[7],7,0,re,M5,95.196,999.9580000000001
crom_re[8],8,0,re,M7,107.344,999.9655
crom_re[9],9,0,re,M5,119.484,999.9580000000001
