port	busy	OUTPUT	0	
port	cfg_a[0]	INPUT	0.577042	{hold19220 A BUFx2_ASAP7_75t_R 0.577042}
port	cfg_a[1]	INPUT	0.577042	{hold19222 A BUFx2_ASAP7_75t_R 0.577042}
port	cfg_a[2]	INPUT	0.577042	{hold19189 A BUFx2_ASAP7_75t_R 0.577042}
port	cfg_a[3]	INPUT	0.577042	{hold19207 A BUFx2_ASAP7_75t_R 0.577042}
port	cfg_a[4]	INPUT	0.577042	{hold19198 A BUFx2_ASAP7_75t_R 0.577042}
port	cfg_d[0]	INPUT	0.577042	{hold19105 A BUFx2_ASAP7_75t_R 0.577042}
port	cfg_d[10]	INPUT	0.577042	{hold19159 A BUFx2_ASAP7_75t_R 0.577042}
port	cfg_d[11]	INPUT	0.577042	{hold19111 A BUFx2_ASAP7_75t_R 0.577042}
port	cfg_d[12]	INPUT	0.577042	{hold19125 A BUFx2_ASAP7_75t_R 0.577042}
port	cfg_d[13]	INPUT	0.577042	{hold19157 A BUFx2_ASAP7_75t_R 0.577042}
port	cfg_d[14]	INPUT	0.577042	{hold19141 A BUFx2_ASAP7_75t_R 0.577042}
port	cfg_d[15]	INPUT	0.577042	{hold19135 A BUFx2_ASAP7_75t_R 0.577042}
port	cfg_d[16]	INPUT	0.577042	{hold19147 A BUFx2_ASAP7_75t_R 0.577042}
port	cfg_d[17]	INPUT	0.577042	{hold19123 A BUFx2_ASAP7_75t_R 0.577042}
port	cfg_d[18]	INPUT	0.577042	{hold19115 A BUFx2_ASAP7_75t_R 0.577042}
port	cfg_d[19]	INPUT	0.577042	{hold19139 A BUFx2_ASAP7_75t_R 0.577042}
port	cfg_d[1]	INPUT	0.577042	{hold19153 A BUFx2_ASAP7_75t_R 0.577042}
port	cfg_d[20]	INPUT	0.577042	{hold19113 A BUFx2_ASAP7_75t_R 0.577042}
port	cfg_d[21]	INPUT	0.577042	{hold19119 A BUFx2_ASAP7_75t_R 0.577042}
port	cfg_d[22]	INPUT	0.577042	{hold19155 A BUFx2_ASAP7_75t_R 0.577042}
port	cfg_d[23]	INPUT	0.577042	{hold19100 A BUFx2_ASAP7_75t_R 0.577042}
port	cfg_d[24]	INPUT	0.577042	{hold19117 A BUFx2_ASAP7_75t_R 0.577042}
port	cfg_d[25]	INPUT	0.577042	{hold19098 A BUFx2_ASAP7_75t_R 0.577042}
port	cfg_d[26]	INPUT	0.577042	{hold19161 A BUFx2_ASAP7_75t_R 0.577042}
port	cfg_d[27]	INPUT	0.577042	{hold19127 A BUFx2_ASAP7_75t_R 0.577042}
port	cfg_d[28]	INPUT	0.577042	{hold19149 A BUFx2_ASAP7_75t_R 0.577042}
port	cfg_d[29]	INPUT	0	
port	cfg_d[2]	INPUT	0.577042	{hold19151 A BUFx2_ASAP7_75t_R 0.577042}
port	cfg_d[30]	INPUT	0	
port	cfg_d[31]	INPUT	0	
port	cfg_d[32]	INPUT	0	
port	cfg_d[33]	INPUT	0	
port	cfg_d[34]	INPUT	0	
port	cfg_d[35]	INPUT	0	
port	cfg_d[36]	INPUT	0	
port	cfg_d[37]	INPUT	0	
port	cfg_d[38]	INPUT	0	
port	cfg_d[39]	INPUT	0	
port	cfg_d[3]	INPUT	0.577042	{hold19137 A BUFx2_ASAP7_75t_R 0.577042}
port	cfg_d[40]	INPUT	0	
port	cfg_d[41]	INPUT	0	
port	cfg_d[42]	INPUT	0.577042	{hold19133 A BUFx2_ASAP7_75t_R 0.577042}
port	cfg_d[43]	INPUT	0	
port	cfg_d[44]	INPUT	0	
port	cfg_d[45]	INPUT	0	
port	cfg_d[46]	INPUT	0	
port	cfg_d[47]	INPUT	0	
port	cfg_d[4]	INPUT	0.577042	{hold19129 A BUFx2_ASAP7_75t_R 0.577042}
port	cfg_d[5]	INPUT	0.577042	{hold19131 A BUFx2_ASAP7_75t_R 0.577042}
port	cfg_d[6]	INPUT	0.577042	{hold19143 A BUFx2_ASAP7_75t_R 0.577042}
port	cfg_d[7]	INPUT	0.577042	{hold19107 A BUFx2_ASAP7_75t_R 0.577042}
port	cfg_d[8]	INPUT	0.577042	{hold19109 A BUFx2_ASAP7_75t_R 0.577042}
port	cfg_d[9]	INPUT	0.577042	{hold19145 A BUFx2_ASAP7_75t_R 0.577042}
port	cfg_v	INPUT	0.577042	{hold19214 A BUFx2_ASAP7_75t_R 0.577042}
port	clk	INPUT	5.2147	{delaybuf_3_core_clk A BUFx24_ASAP7_75t_R 2.607350} {clkbuf_0_clk A BUFx24_ASAP7_75t_R 2.607350}
port	fault	OUTPUT	0	
port	go	INPUT	0.577042	{hold19172 A BUFx2_ASAP7_75t_R 0.577042}
port	perr[0]	OUTPUT	0	
port	perr[1]	OUTPUT	0	
port	pnseg[0]	OUTPUT	0	
port	pnseg[1]	OUTPUT	0	
port	pnseg[2]	OUTPUT	0	
port	pnseg[3]	OUTPUT	0	
port	pnseg[4]	OUTPUT	0	
port	pnseg[5]	OUTPUT	0	
port	pnseg[6]	OUTPUT	0	
port	pnseg[7]	OUTPUT	0	
port	pnseg[8]	OUTPUT	0	
port	pnseg[9]	OUTPUT	0	
port	ppos[0]	OUTPUT	0	
port	ppos[1]	OUTPUT	0	
port	ppos[2]	OUTPUT	0	
port	ppos[3]	OUTPUT	0	
port	ppos[4]	OUTPUT	0	
port	ppos[5]	OUTPUT	0	
port	prow[0]	OUTPUT	0	
port	prow[10]	OUTPUT	0	
port	prow[11]	OUTPUT	0	
port	prow[12]	OUTPUT	0	
port	prow[13]	OUTPUT	0	
port	prow[14]	OUTPUT	0	
port	prow[15]	OUTPUT	0	
port	prow[16]	OUTPUT	0	
port	prow[17]	OUTPUT	0	
port	prow[18]	OUTPUT	0	
port	prow[19]	OUTPUT	0	
port	prow[1]	OUTPUT	0	
port	prow[20]	OUTPUT	0	
port	prow[21]	OUTPUT	0	
port	prow[22]	OUTPUT	0	
port	prow[23]	OUTPUT	0	
port	prow[24]	OUTPUT	0	
port	prow[25]	OUTPUT	0	
port	prow[26]	OUTPUT	0	
port	prow[27]	OUTPUT	0	
port	prow[28]	OUTPUT	0	
port	prow[29]	OUTPUT	0	
port	prow[2]	OUTPUT	0	
port	prow[30]	OUTPUT	0	
port	prow[31]	OUTPUT	0	
port	prow[3]	OUTPUT	0	
port	prow[4]	OUTPUT	0	
port	prow[5]	OUTPUT	0	
port	prow[6]	OUTPUT	0	
port	prow[7]	OUTPUT	0	
port	prow[8]	OUTPUT	0	
port	prow[9]	OUTPUT	0	
port	pseg[0]	OUTPUT	0	
port	pseg[1]	OUTPUT	0	
port	pseg[2]	OUTPUT	0	
port	pseg[3]	OUTPUT	0	
port	pseg[4]	OUTPUT	0	
port	pseg[5]	OUTPUT	0	
port	pseg[6]	OUTPUT	0	
port	pseg[7]	OUTPUT	0	
port	pseg[8]	OUTPUT	0	
port	pseg[9]	OUTPUT	0	
port	pv[0]	OUTPUT	0	
port	pv[1]	OUTPUT	0	
port	pval[0]	OUTPUT	0	
port	pval[10]	OUTPUT	0	
port	pval[11]	OUTPUT	0	
port	pval[12]	OUTPUT	0	
port	pval[13]	OUTPUT	0	
port	pval[14]	OUTPUT	0	
port	pval[15]	OUTPUT	0	
port	pval[16]	OUTPUT	0	
port	pval[17]	OUTPUT	0	
port	pval[18]	OUTPUT	0	
port	pval[19]	OUTPUT	0	
port	pval[1]	OUTPUT	0	
port	pval[20]	OUTPUT	0	
port	pval[21]	OUTPUT	0	
port	pval[22]	OUTPUT	0	
port	pval[23]	OUTPUT	0	
port	pval[24]	OUTPUT	0	
port	pval[25]	OUTPUT	0	
port	pval[26]	OUTPUT	0	
port	pval[27]	OUTPUT	0	
port	pval[28]	OUTPUT	0	
port	pval[29]	OUTPUT	0	
port	pval[2]	OUTPUT	0	
port	pval[30]	OUTPUT	0	
port	pval[31]	OUTPUT	0	
port	pval[32]	OUTPUT	0	
port	pval[33]	OUTPUT	0	
port	pval[34]	OUTPUT	0	
port	pval[35]	OUTPUT	0	
port	pval[36]	OUTPUT	0	
port	pval[37]	OUTPUT	0	
port	pval[38]	OUTPUT	0	
port	pval[39]	OUTPUT	0	
port	pval[3]	OUTPUT	0	
port	pval[40]	OUTPUT	0	
port	pval[41]	OUTPUT	0	
port	pval[42]	OUTPUT	0	
port	pval[43]	OUTPUT	0	
port	pval[44]	OUTPUT	0	
port	pval[45]	OUTPUT	0	
port	pval[46]	OUTPUT	0	
port	pval[47]	OUTPUT	0	
port	pval[48]	OUTPUT	0	
port	pval[49]	OUTPUT	0	
port	pval[4]	OUTPUT	0	
port	pval[50]	OUTPUT	0	
port	pval[51]	OUTPUT	0	
port	pval[52]	OUTPUT	0	
port	pval[53]	OUTPUT	0	
port	pval[54]	OUTPUT	0	
port	pval[55]	OUTPUT	0	
port	pval[56]	OUTPUT	0	
port	pval[57]	OUTPUT	0	
port	pval[58]	OUTPUT	0	
port	pval[59]	OUTPUT	0	
port	pval[5]	OUTPUT	0	
port	pval[60]	OUTPUT	0	
port	pval[61]	OUTPUT	0	
port	pval[62]	OUTPUT	0	
port	pval[63]	OUTPUT	0	
port	pval[6]	OUTPUT	0	
port	pval[7]	OUTPUT	0	
port	pval[8]	OUTPUT	0	
port	pval[9]	OUTPUT	0	
port	rst_n	INPUT	0.577042	{hold19170 A BUFx2_ASAP7_75t_R 0.577042}
port	xs_b[0]	INPUT	0.577042	{hold18410 A BUFx2_ASAP7_75t_R 0.577042}
port	xs_b[1]	INPUT	0.577042	{hold18492 A BUFx2_ASAP7_75t_R 0.577042}
port	xs_b[2]	INPUT	0.577042	{hold18354 A BUFx2_ASAP7_75t_R 0.577042}
port	xs_e0[0]	INPUT	0.577042	{hold18542 A BUFx2_ASAP7_75t_R 0.577042}
port	xs_e0[1]	INPUT	0.577042	{hold18546 A BUFx2_ASAP7_75t_R 0.577042}
port	xs_e0[2]	INPUT	0.577042	{hold18512 A BUFx2_ASAP7_75t_R 0.577042}
port	xs_e0[3]	INPUT	0.577042	{hold18502 A BUFx2_ASAP7_75t_R 0.577042}
port	xs_e0[4]	INPUT	0.577042	{hold18482 A BUFx2_ASAP7_75t_R 0.577042}
port	xs_e0[5]	INPUT	0.577042	{hold18500 A BUFx2_ASAP7_75t_R 0.577042}
port	xs_e0[6]	INPUT	0.577042	{hold18480 A BUFx2_ASAP7_75t_R 0.577042}
port	xs_e0[7]	INPUT	0.577042	{hold18506 A BUFx2_ASAP7_75t_R 0.577042}
port	xs_e0[8]	INPUT	0.577042	{hold18522 A BUFx2_ASAP7_75t_R 0.577042}
port	xs_e0[9]	INPUT	0.577042	{hold18490 A BUFx2_ASAP7_75t_R 0.577042}
port	xs_e1[0]	INPUT	0.577042	{hold19030 A BUFx2_ASAP7_75t_R 0.577042}
port	xs_e1[1]	INPUT	0.577042	{hold19032 A BUFx2_ASAP7_75t_R 0.577042}
port	xs_e1[2]	INPUT	0.577042	{hold18960 A BUFx2_ASAP7_75t_R 0.577042}
port	xs_e1[3]	INPUT	0.577042	{hold18898 A BUFx2_ASAP7_75t_R 0.577042}
port	xs_e1[4]	INPUT	0.577042	{hold18920 A BUFx2_ASAP7_75t_R 0.577042}
port	xs_e1[5]	INPUT	0.577042	{hold18962 A BUFx2_ASAP7_75t_R 0.577042}
port	xs_e1[6]	INPUT	0.577042	{hold18938 A BUFx2_ASAP7_75t_R 0.577042}
port	xs_e1[7]	INPUT	0.577042	{hold18986 A BUFx2_ASAP7_75t_R 0.577042}
port	xs_e1[8]	INPUT	0.577042	{hold19026 A BUFx2_ASAP7_75t_R 0.577042}
port	xs_e1[9]	INPUT	0.577042	{hold18992 A BUFx2_ASAP7_75t_R 0.577042}
port	xs_p[0]	INPUT	0.577042	{hold18470 A BUFx2_ASAP7_75t_R 0.577042}
port	xs_p[1]	INPUT	0.577042	{hold18390 A BUFx2_ASAP7_75t_R 0.577042}
port	xs_p[2]	INPUT	0.577042	{hold18452 A BUFx2_ASAP7_75t_R 0.577042}
port	xs_p[3]	INPUT	0.577042	{hold18510 A BUFx2_ASAP7_75t_R 0.577042}
port	xs_p[4]	INPUT	0.577042	{hold18552 A BUFx2_ASAP7_75t_R 0.577042}
port	xs_p[5]	INPUT	0.577042	{hold18514 A BUFx2_ASAP7_75t_R 0.577042}
port	xs_p[6]	INPUT	0.577042	{hold18368 A BUFx2_ASAP7_75t_R 0.577042}
port	xs_p[7]	INPUT	0.577042	{hold18530 A BUFx2_ASAP7_75t_R 0.577042}
port	xs_pos[0]	INPUT	0.577042	{hold18524 A BUFx2_ASAP7_75t_R 0.577042}
port	xs_pos[1]	INPUT	0.577042	{hold18498 A BUFx2_ASAP7_75t_R 0.577042}
port	xs_pos[2]	INPUT	0.577042	{hold18554 A BUFx2_ASAP7_75t_R 0.577042}
port	xs_q0[0]	INPUT	0.577042	{hold18508 A BUFx2_ASAP7_75t_R 0.577042}
port	xs_q0[100]	INPUT	0.577042	{hold18266 A BUFx2_ASAP7_75t_R 0.577042}
port	xs_q0[101]	INPUT	0.577042	{hold18304 A BUFx2_ASAP7_75t_R 0.577042}
port	xs_q0[102]	INPUT	0.577042	{hold18046 A BUFx2_ASAP7_75t_R 0.577042}
port	xs_q0[103]	INPUT	0.577042	{hold18320 A BUFx2_ASAP7_75t_R 0.577042}
port	xs_q0[104]	INPUT	0.577042	{hold18292 A BUFx2_ASAP7_75t_R 0.577042}
port	xs_q0[105]	INPUT	0.577042	{hold18088 A BUFx2_ASAP7_75t_R 0.577042}
port	xs_q0[106]	INPUT	0.577042	{hold18294 A BUFx2_ASAP7_75t_R 0.577042}
port	xs_q0[107]	INPUT	0.577042	{hold18040 A BUFx2_ASAP7_75t_R 0.577042}
port	xs_q0[108]	INPUT	0.577042	{hold18280 A BUFx2_ASAP7_75t_R 0.577042}
port	xs_q0[109]	INPUT	0.577042	{hold18024 A BUFx2_ASAP7_75t_R 0.577042}
port	xs_q0[10]	INPUT	0.577042	{hold18420 A BUFx2_ASAP7_75t_R 0.577042}
port	xs_q0[110]	INPUT	0.577042	{hold18012 A BUFx2_ASAP7_75t_R 0.577042}
port	xs_q0[111]	INPUT	0.577042	{hold18308 A BUFx2_ASAP7_75t_R 0.577042}
port	xs_q0[112]	INPUT	0.577042	{hold18014 A BUFx2_ASAP7_75t_R 0.577042}
port	xs_q0[113]	INPUT	0.577042	{hold18028 A BUFx2_ASAP7_75t_R 0.577042}
port	xs_q0[114]	INPUT	0.577042	{hold18260 A BUFx2_ASAP7_75t_R 0.577042}
port	xs_q0[115]	INPUT	0.577042	{hold18296 A BUFx2_ASAP7_75t_R 0.577042}
port	xs_q0[116]	INPUT	0.577042	{hold18270 A BUFx2_ASAP7_75t_R 0.577042}
port	xs_q0[117]	INPUT	0.577042	{hold18018 A BUFx2_ASAP7_75t_R 0.577042}
port	xs_q0[118]	INPUT	0.577042	{hold18276 A BUFx2_ASAP7_75t_R 0.577042}
port	xs_q0[119]	INPUT	0.577042	{hold18106 A BUFx2_ASAP7_75t_R 0.577042}
port	xs_q0[11]	INPUT	0.577042	{hold18350 A BUFx2_ASAP7_75t_R 0.577042}
port	xs_q0[120]	INPUT	0.577042	{hold18306 A BUFx2_ASAP7_75t_R 0.577042}
port	xs_q0[121]	INPUT	0.577042	{hold18278 A BUFx2_ASAP7_75t_R 0.577042}
port	xs_q0[122]	INPUT	0.577042	{hold18288 A BUFx2_ASAP7_75t_R 0.577042}
port	xs_q0[123]	INPUT	0.577042	{hold18050 A BUFx2_ASAP7_75t_R 0.577042}
port	xs_q0[124]	INPUT	0.577042	{hold18030 A BUFx2_ASAP7_75t_R 0.577042}
port	xs_q0[125]	INPUT	0.577042	{hold18032 A BUFx2_ASAP7_75t_R 0.577042}
port	xs_q0[126]	INPUT	0.577042	{hold18300 A BUFx2_ASAP7_75t_R 0.577042}
port	xs_q0[127]	INPUT	0.577042	{hold18340 A BUFx2_ASAP7_75t_R 0.577042}
port	xs_q0[128]	INPUT	0.577042	{hold18020 A BUFx2_ASAP7_75t_R 0.577042}
port	xs_q0[129]	INPUT	0.577042	{hold18022 A BUFx2_ASAP7_75t_R 0.577042}
port	xs_q0[12]	INPUT	0.577042	{hold18536 A BUFx2_ASAP7_75t_R 0.577042}
port	xs_q0[130]	INPUT	0.577042	{hold18016 A BUFx2_ASAP7_75t_R 0.577042}
port	xs_q0[131]	INPUT	0.577042	{hold18302 A BUFx2_ASAP7_75t_R 0.577042}
port	xs_q0[132]	INPUT	0.577042	{hold18284 A BUFx2_ASAP7_75t_R 0.577042}
port	xs_q0[133]	INPUT	0.577042	{hold18332 A BUFx2_ASAP7_75t_R 0.577042}
port	xs_q0[134]	INPUT	0.577042	{hold18060 A BUFx2_ASAP7_75t_R 0.577042}
port	xs_q0[135]	INPUT	0.577042	{hold18326 A BUFx2_ASAP7_75t_R 0.577042}
port	xs_q0[136]	INPUT	0.577042	{hold18328 A BUFx2_ASAP7_75t_R 0.577042}
port	xs_q0[137]	INPUT	0.577042	{hold18086 A BUFx2_ASAP7_75t_R 0.577042}
port	xs_q0[138]	INPUT	0.577042	{hold18038 A BUFx2_ASAP7_75t_R 0.577042}
port	xs_q0[139]	INPUT	0.577042	{hold18236 A BUFx2_ASAP7_75t_R 0.577042}
port	xs_q0[13]	INPUT	0.577042	{hold18346 A BUFx2_ASAP7_75t_R 0.577042}
port	xs_q0[140]	INPUT	0.577042	{hold18064 A BUFx2_ASAP7_75t_R 0.577042}
port	xs_q0[141]	INPUT	0.577042	{hold18132 A BUFx2_ASAP7_75t_R 0.577042}
port	xs_q0[142]	INPUT	0.577042	{hold18136 A BUFx2_ASAP7_75t_R 0.577042}
port	xs_q0[143]	INPUT	0.577042	{hold18314 A BUFx2_ASAP7_75t_R 0.577042}
port	xs_q0[144]	INPUT	0.577042	{hold18336 A BUFx2_ASAP7_75t_R 0.577042}
port	xs_q0[145]	INPUT	0.577042	{hold18238 A BUFx2_ASAP7_75t_R 0.577042}
port	xs_q0[146]	INPUT	0.577042	{hold18282 A BUFx2_ASAP7_75t_R 0.577042}
port	xs_q0[147]	INPUT	0.577042	{hold18034 A BUFx2_ASAP7_75t_R 0.577042}
port	xs_q0[148]	INPUT	0.577042	{hold18074 A BUFx2_ASAP7_75t_R 0.577042}
port	xs_q0[149]	INPUT	0.577042	{hold18252 A BUFx2_ASAP7_75t_R 0.577042}
port	xs_q0[14]	INPUT	0.577042	{hold18558 A BUFx2_ASAP7_75t_R 0.577042}
port	xs_q0[150]	INPUT	0.577042	{hold18066 A BUFx2_ASAP7_75t_R 0.577042}
port	xs_q0[151]	INPUT	0.577042	{hold18322 A BUFx2_ASAP7_75t_R 0.577042}
port	xs_q0[152]	INPUT	0.577042	{hold18110 A BUFx2_ASAP7_75t_R 0.577042}
port	xs_q0[153]	INPUT	0.577042	{hold18218 A BUFx2_ASAP7_75t_R 0.577042}
port	xs_q0[154]	INPUT	0.577042	{hold18108 A BUFx2_ASAP7_75t_R 0.577042}
port	xs_q0[155]	INPUT	0.577042	{hold18058 A BUFx2_ASAP7_75t_R 0.577042}
port	xs_q0[156]	INPUT	0.577042	{hold18112 A BUFx2_ASAP7_75t_R 0.577042}
port	xs_q0[157]	INPUT	0.577042	{hold18230 A BUFx2_ASAP7_75t_R 0.577042}
port	xs_q0[158]	INPUT	0.577042	{hold18092 A BUFx2_ASAP7_75t_R 0.577042}
port	xs_q0[159]	INPUT	0.577042	{hold18220 A BUFx2_ASAP7_75t_R 0.577042}
port	xs_q0[15]	INPUT	0.577042	{hold18548 A BUFx2_ASAP7_75t_R 0.577042}
port	xs_q0[160]	INPUT	0.577042	{hold18330 A BUFx2_ASAP7_75t_R 0.577042}
port	xs_q0[161]	INPUT	0.577042	{hold18228 A BUFx2_ASAP7_75t_R 0.577042}
port	xs_q0[162]	INPUT	0.577042	{hold18104 A BUFx2_ASAP7_75t_R 0.577042}
port	xs_q0[163]	INPUT	0.577042	{hold18264 A BUFx2_ASAP7_75t_R 0.577042}
port	xs_q0[164]	INPUT	0.577042	{hold18080 A BUFx2_ASAP7_75t_R 0.577042}
port	xs_q0[165]	INPUT	0.577042	{hold18138 A BUFx2_ASAP7_75t_R 0.577042}
port	xs_q0[166]	INPUT	0.577042	{hold18222 A BUFx2_ASAP7_75t_R 0.577042}
port	xs_q0[167]	INPUT	0.577042	{hold18052 A BUFx2_ASAP7_75t_R 0.577042}
port	xs_q0[168]	INPUT	0.577042	{hold18224 A BUFx2_ASAP7_75t_R 0.577042}
port	xs_q0[169]	INPUT	0.577042	{hold18226 A BUFx2_ASAP7_75t_R 0.577042}
port	xs_q0[16]	INPUT	0.577042	{hold18386 A BUFx2_ASAP7_75t_R 0.577042}
port	xs_q0[170]	INPUT	0.577042	{hold18246 A BUFx2_ASAP7_75t_R 0.577042}
port	xs_q0[171]	INPUT	0.577042	{hold18076 A BUFx2_ASAP7_75t_R 0.577042}
port	xs_q0[172]	INPUT	0.577042	{hold18254 A BUFx2_ASAP7_75t_R 0.577042}
port	xs_q0[173]	INPUT	0.577042	{hold18298 A BUFx2_ASAP7_75t_R 0.577042}
port	xs_q0[174]	INPUT	0.577042	{hold18268 A BUFx2_ASAP7_75t_R 0.577042}
port	xs_q0[175]	INPUT	0.577042	{hold18044 A BUFx2_ASAP7_75t_R 0.577042}
port	xs_q0[176]	INPUT	0.577042	{hold18232 A BUFx2_ASAP7_75t_R 0.577042}
port	xs_q0[177]	INPUT	0.577042	{hold18210 A BUFx2_ASAP7_75t_R 0.577042}
port	xs_q0[178]	INPUT	0.577042	{hold18272 A BUFx2_ASAP7_75t_R 0.577042}
port	xs_q0[179]	INPUT	0.577042	{hold18170 A BUFx2_ASAP7_75t_R 0.577042}
port	xs_q0[17]	INPUT	0.577042	{hold18556 A BUFx2_ASAP7_75t_R 0.577042}
port	xs_q0[180]	INPUT	0.577042	{hold18206 A BUFx2_ASAP7_75t_R 0.577042}
port	xs_q0[181]	INPUT	0.577042	{hold18042 A BUFx2_ASAP7_75t_R 0.577042}
port	xs_q0[182]	INPUT	0.577042	{hold18338 A BUFx2_ASAP7_75t_R 0.577042}
port	xs_q0[183]	INPUT	0.577042	{hold18094 A BUFx2_ASAP7_75t_R 0.577042}
port	xs_q0[184]	INPUT	0.577042	{hold18334 A BUFx2_ASAP7_75t_R 0.577042}
port	xs_q0[185]	INPUT	0.577042	{hold18286 A BUFx2_ASAP7_75t_R 0.577042}
port	xs_q0[186]	INPUT	0.577042	{hold18250 A BUFx2_ASAP7_75t_R 0.577042}
port	xs_q0[187]	INPUT	0.577042	{hold18212 A BUFx2_ASAP7_75t_R 0.577042}
port	xs_q0[188]	INPUT	0.577042	{hold18310 A BUFx2_ASAP7_75t_R 0.577042}
port	xs_q0[189]	INPUT	0.577042	{hold18102 A BUFx2_ASAP7_75t_R 0.577042}
port	xs_q0[18]	INPUT	0.577042	{hold18488 A BUFx2_ASAP7_75t_R 0.577042}
port	xs_q0[190]	INPUT	0.577042	{hold18062 A BUFx2_ASAP7_75t_R 0.577042}
port	xs_q0[191]	INPUT	0.577042	{hold18116 A BUFx2_ASAP7_75t_R 0.577042}
port	xs_q0[192]	INPUT	0.577042	{hold18126 A BUFx2_ASAP7_75t_R 0.577042}
port	xs_q0[193]	INPUT	0.577042	{hold18174 A BUFx2_ASAP7_75t_R 0.577042}
port	xs_q0[194]	INPUT	0.577042	{hold18134 A BUFx2_ASAP7_75t_R 0.577042}
port	xs_q0[195]	INPUT	0.577042	{hold18274 A BUFx2_ASAP7_75t_R 0.577042}
port	xs_q0[196]	INPUT	0.577042	{hold18068 A BUFx2_ASAP7_75t_R 0.577042}
port	xs_q0[197]	INPUT	0.577042	{hold18078 A BUFx2_ASAP7_75t_R 0.577042}
port	xs_q0[198]	INPUT	0.577042	{hold18048 A BUFx2_ASAP7_75t_R 0.577042}
port	xs_q0[199]	INPUT	0.577042	{hold18140 A BUFx2_ASAP7_75t_R 0.577042}
port	xs_q0[19]	INPUT	0.577042	{hold18362 A BUFx2_ASAP7_75t_R 0.577042}
port	xs_q0[1]	INPUT	0.577042	{hold18342 A BUFx2_ASAP7_75t_R 0.577042}
port	xs_q0[200]	INPUT	0.577042	{hold18318 A BUFx2_ASAP7_75t_R 0.577042}
port	xs_q0[201]	INPUT	0.577042	{hold18142 A BUFx2_ASAP7_75t_R 0.577042}
port	xs_q0[202]	INPUT	0.577042	{hold18186 A BUFx2_ASAP7_75t_R 0.577042}
port	xs_q0[203]	INPUT	0.577042	{hold18114 A BUFx2_ASAP7_75t_R 0.577042}
port	xs_q0[204]	INPUT	0.577042	{hold18128 A BUFx2_ASAP7_75t_R 0.577042}
port	xs_q0[205]	INPUT	0.577042	{hold18120 A BUFx2_ASAP7_75t_R 0.577042}
port	xs_q0[206]	INPUT	0.577042	{hold18248 A BUFx2_ASAP7_75t_R 0.577042}
port	xs_q0[207]	INPUT	0.577042	{hold18054 A BUFx2_ASAP7_75t_R 0.577042}
port	xs_q0[208]	INPUT	0.577042	{hold18166 A BUFx2_ASAP7_75t_R 0.577042}
port	xs_q0[209]	INPUT	0.577042	{hold18184 A BUFx2_ASAP7_75t_R 0.577042}
port	xs_q0[20]	INPUT	0.577042	{hold18352 A BUFx2_ASAP7_75t_R 0.577042}
port	xs_q0[210]	INPUT	0.577042	{hold18164 A BUFx2_ASAP7_75t_R 0.577042}
port	xs_q0[211]	INPUT	0.577042	{hold18130 A BUFx2_ASAP7_75t_R 0.577042}
port	xs_q0[212]	INPUT	0.577042	{hold18070 A BUFx2_ASAP7_75t_R 0.577042}
port	xs_q0[213]	INPUT	0.577042	{hold18196 A BUFx2_ASAP7_75t_R 0.577042}
port	xs_q0[214]	INPUT	0.577042	{hold18158 A BUFx2_ASAP7_75t_R 0.577042}
port	xs_q0[215]	INPUT	0.577042	{hold18118 A BUFx2_ASAP7_75t_R 0.577042}
port	xs_q0[216]	INPUT	0.577042	{hold18096 A BUFx2_ASAP7_75t_R 0.577042}
port	xs_q0[217]	INPUT	0.577042	{hold18124 A BUFx2_ASAP7_75t_R 0.577042}
port	xs_q0[218]	INPUT	0.577042	{hold18100 A BUFx2_ASAP7_75t_R 0.577042}
port	xs_q0[219]	INPUT	0.577042	{hold18098 A BUFx2_ASAP7_75t_R 0.577042}
port	xs_q0[21]	INPUT	0.577042	{hold18360 A BUFx2_ASAP7_75t_R 0.577042}
port	xs_q0[220]	INPUT	0.577042	{hold18242 A BUFx2_ASAP7_75t_R 0.577042}
port	xs_q0[221]	INPUT	0.577042	{hold18168 A BUFx2_ASAP7_75t_R 0.577042}
port	xs_q0[222]	INPUT	0.577042	{hold18178 A BUFx2_ASAP7_75t_R 0.577042}
port	xs_q0[223]	INPUT	0.577042	{hold18056 A BUFx2_ASAP7_75t_R 0.577042}
port	xs_q0[224]	INPUT	0.577042	{hold18190 A BUFx2_ASAP7_75t_R 0.577042}
port	xs_q0[225]	INPUT	0.577042	{hold18240 A BUFx2_ASAP7_75t_R 0.577042}
port	xs_q0[226]	INPUT	0.577042	{hold18204 A BUFx2_ASAP7_75t_R 0.577042}
port	xs_q0[227]	INPUT	0.577042	{hold18090 A BUFx2_ASAP7_75t_R 0.577042}
port	xs_q0[228]	INPUT	0.577042	{hold18152 A BUFx2_ASAP7_75t_R 0.577042}
port	xs_q0[229]	INPUT	0.577042	{hold18150 A BUFx2_ASAP7_75t_R 0.577042}
port	xs_q0[22]	INPUT	0.577042	{hold18526 A BUFx2_ASAP7_75t_R 0.577042}
port	xs_q0[230]	INPUT	0.577042	{hold18162 A BUFx2_ASAP7_75t_R 0.577042}
port	xs_q0[231]	INPUT	0.577042	{hold18198 A BUFx2_ASAP7_75t_R 0.577042}
port	xs_q0[232]	INPUT	0.577042	{hold18084 A BUFx2_ASAP7_75t_R 0.577042}
port	xs_q0[233]	INPUT	0.577042	{hold18160 A BUFx2_ASAP7_75t_R 0.577042}
port	xs_q0[234]	INPUT	0.577042	{hold18156 A BUFx2_ASAP7_75t_R 0.577042}
port	xs_q0[235]	INPUT	0.577042	{hold18172 A BUFx2_ASAP7_75t_R 0.577042}
port	xs_q0[236]	INPUT	0.577042	{hold18258 A BUFx2_ASAP7_75t_R 0.577042}
port	xs_q0[237]	INPUT	0.577042	{hold18188 A BUFx2_ASAP7_75t_R 0.577042}
port	xs_q0[238]	INPUT	0.577042	{hold18122 A BUFx2_ASAP7_75t_R 0.577042}
port	xs_q0[239]	INPUT	0.577042	{hold18216 A BUFx2_ASAP7_75t_R 0.577042}
port	xs_q0[23]	INPUT	0.577042	{hold18562 A BUFx2_ASAP7_75t_R 0.577042}
port	xs_q0[240]	INPUT	0.577042	{hold18082 A BUFx2_ASAP7_75t_R 0.577042}
port	xs_q0[241]	INPUT	0.577042	{hold18194 A BUFx2_ASAP7_75t_R 0.577042}
port	xs_q0[242]	INPUT	0.577042	{hold18182 A BUFx2_ASAP7_75t_R 0.577042}
port	xs_q0[243]	INPUT	0.577042	{hold18244 A BUFx2_ASAP7_75t_R 0.577042}
port	xs_q0[244]	INPUT	0.577042	{hold18234 A BUFx2_ASAP7_75t_R 0.577042}
port	xs_q0[245]	INPUT	0.577042	{hold18202 A BUFx2_ASAP7_75t_R 0.577042}
port	xs_q0[246]	INPUT	0.577042	{hold18200 A BUFx2_ASAP7_75t_R 0.577042}
port	xs_q0[247]	INPUT	0.577042	{hold18176 A BUFx2_ASAP7_75t_R 0.577042}
port	xs_q0[248]	INPUT	0.577042	{hold18214 A BUFx2_ASAP7_75t_R 0.577042}
port	xs_q0[249]	INPUT	0.577042	{hold18144 A BUFx2_ASAP7_75t_R 0.577042}
port	xs_q0[24]	INPUT	0.577042	{hold18532 A BUFx2_ASAP7_75t_R 0.577042}
port	xs_q0[250]	INPUT	0.577042	{hold18148 A BUFx2_ASAP7_75t_R 0.577042}
port	xs_q0[251]	INPUT	0.577042	{hold18146 A BUFx2_ASAP7_75t_R 0.577042}
port	xs_q0[252]	INPUT	0.577042	{hold18208 A BUFx2_ASAP7_75t_R 0.577042}
port	xs_q0[253]	INPUT	0.577042	{hold18192 A BUFx2_ASAP7_75t_R 0.577042}
port	xs_q0[254]	INPUT	0.577042	{hold18180 A BUFx2_ASAP7_75t_R 0.577042}
port	xs_q0[255]	INPUT	0.577042	{hold18154 A BUFx2_ASAP7_75t_R 0.577042}
port	xs_q0[25]	INPUT	0.577042	{hold18534 A BUFx2_ASAP7_75t_R 0.577042}
port	xs_q0[26]	INPUT	0.577042	{hold18528 A BUFx2_ASAP7_75t_R 0.577042}
port	xs_q0[27]	INPUT	0.577042	{hold18504 A BUFx2_ASAP7_75t_R 0.577042}
port	xs_q0[28]	INPUT	0.577042	{hold18540 A BUFx2_ASAP7_75t_R 0.577042}
port	xs_q0[29]	INPUT	0.577042	{hold18358 A BUFx2_ASAP7_75t_R 0.577042}
port	xs_q0[2]	INPUT	0.577042	{hold18484 A BUFx2_ASAP7_75t_R 0.577042}
port	xs_q0[30]	INPUT	0.577042	{hold18520 A BUFx2_ASAP7_75t_R 0.577042}
port	xs_q0[31]	INPUT	0.577042	{hold18550 A BUFx2_ASAP7_75t_R 0.577042}
port	xs_q0[32]	INPUT	0.577042	{hold18374 A BUFx2_ASAP7_75t_R 0.577042}
port	xs_q0[33]	INPUT	0.577042	{hold18444 A BUFx2_ASAP7_75t_R 0.577042}
port	xs_q0[34]	INPUT	0.577042	{hold18372 A BUFx2_ASAP7_75t_R 0.577042}
port	xs_q0[35]	INPUT	0.577042	{hold18380 A BUFx2_ASAP7_75t_R 0.577042}
port	xs_q0[36]	INPUT	0.577042	{hold18538 A BUFx2_ASAP7_75t_R 0.577042}
port	xs_q0[37]	INPUT	0.577042	{hold18378 A BUFx2_ASAP7_75t_R 0.577042}
port	xs_q0[38]	INPUT	0.577042	{hold18518 A BUFx2_ASAP7_75t_R 0.577042}
port	xs_q0[39]	INPUT	0.577042	{hold18356 A BUFx2_ASAP7_75t_R 0.577042}
port	xs_q0[3]	INPUT	0.577042	{hold18486 A BUFx2_ASAP7_75t_R 0.577042}
port	xs_q0[40]	INPUT	0.577042	{hold18560 A BUFx2_ASAP7_75t_R 0.577042}
port	xs_q0[41]	INPUT	0.577042	{hold18382 A BUFx2_ASAP7_75t_R 0.577042}
port	xs_q0[42]	INPUT	0.577042	{hold18370 A BUFx2_ASAP7_75t_R 0.577042}
port	xs_q0[43]	INPUT	0.577042	{hold18428 A BUFx2_ASAP7_75t_R 0.577042}
port	xs_q0[44]	INPUT	0.577042	{hold18422 A BUFx2_ASAP7_75t_R 0.577042}
port	xs_q0[45]	INPUT	0.577042	{hold18366 A BUFx2_ASAP7_75t_R 0.577042}
port	xs_q0[46]	INPUT	0.577042	{hold18412 A BUFx2_ASAP7_75t_R 0.577042}
port	xs_q0[47]	INPUT	0.577042	{hold18404 A BUFx2_ASAP7_75t_R 0.577042}
port	xs_q0[48]	INPUT	0.577042	{hold18516 A BUFx2_ASAP7_75t_R 0.577042}
port	xs_q0[49]	INPUT	0.577042	{hold18476 A BUFx2_ASAP7_75t_R 0.577042}
port	xs_q0[4]	INPUT	0.577042	{hold18496 A BUFx2_ASAP7_75t_R 0.577042}
port	xs_q0[50]	INPUT	0.577042	{hold18414 A BUFx2_ASAP7_75t_R 0.577042}
port	xs_q0[51]	INPUT	0.577042	{hold18394 A BUFx2_ASAP7_75t_R 0.577042}
port	xs_q0[52]	INPUT	0.577042	{hold18398 A BUFx2_ASAP7_75t_R 0.577042}
port	xs_q0[53]	INPUT	0.577042	{hold18376 A BUFx2_ASAP7_75t_R 0.577042}
port	xs_q0[54]	INPUT	0.577042	{hold18388 A BUFx2_ASAP7_75t_R 0.577042}
port	xs_q0[55]	INPUT	0.577042	{hold18430 A BUFx2_ASAP7_75t_R 0.577042}
port	xs_q0[56]	INPUT	0.577042	{hold18416 A BUFx2_ASAP7_75t_R 0.577042}
port	xs_q0[57]	INPUT	0.577042	{hold18454 A BUFx2_ASAP7_75t_R 0.577042}
port	xs_q0[58]	INPUT	0.577042	{hold18424 A BUFx2_ASAP7_75t_R 0.577042}
port	xs_q0[59]	INPUT	0.577042	{hold18440 A BUFx2_ASAP7_75t_R 0.577042}
port	xs_q0[5]	INPUT	0.577042	{hold18494 A BUFx2_ASAP7_75t_R 0.577042}
port	xs_q0[60]	INPUT	0.577042	{hold18468 A BUFx2_ASAP7_75t_R 0.577042}
port	xs_q0[61]	INPUT	0.577042	{hold18408 A BUFx2_ASAP7_75t_R 0.577042}
port	xs_q0[62]	INPUT	0.577042	{hold18406 A BUFx2_ASAP7_75t_R 0.577042}
port	xs_q0[63]	INPUT	0.577042	{hold18450 A BUFx2_ASAP7_75t_R 0.577042}
port	xs_q0[64]	INPUT	0.577042	{hold18474 A BUFx2_ASAP7_75t_R 0.577042}
port	xs_q0[65]	INPUT	0.577042	{hold18448 A BUFx2_ASAP7_75t_R 0.577042}
port	xs_q0[66]	INPUT	0.577042	{hold18396 A BUFx2_ASAP7_75t_R 0.577042}
port	xs_q0[67]	INPUT	0.577042	{hold18446 A BUFx2_ASAP7_75t_R 0.577042}
port	xs_q0[68]	INPUT	0.577042	{hold18426 A BUFx2_ASAP7_75t_R 0.577042}
port	xs_q0[69]	INPUT	0.577042	{hold18438 A BUFx2_ASAP7_75t_R 0.577042}
port	xs_q0[6]	INPUT	0.577042	{hold18544 A BUFx2_ASAP7_75t_R 0.577042}
port	xs_q0[70]	INPUT	0.577042	{hold18462 A BUFx2_ASAP7_75t_R 0.577042}
port	xs_q0[71]	INPUT	0.577042	{hold18436 A BUFx2_ASAP7_75t_R 0.577042}
port	xs_q0[72]	INPUT	0.577042	{hold18434 A BUFx2_ASAP7_75t_R 0.577042}
port	xs_q0[73]	INPUT	0.577042	{hold18384 A BUFx2_ASAP7_75t_R 0.577042}
port	xs_q0[74]	INPUT	0.577042	{hold18458 A BUFx2_ASAP7_75t_R 0.577042}
port	xs_q0[75]	INPUT	0.577042	{hold18460 A BUFx2_ASAP7_75t_R 0.577042}
port	xs_q0[76]	INPUT	0.577042	{hold18400 A BUFx2_ASAP7_75t_R 0.577042}
port	xs_q0[77]	INPUT	0.577042	{hold18466 A BUFx2_ASAP7_75t_R 0.577042}
port	xs_q0[78]	INPUT	0.577042	{hold18464 A BUFx2_ASAP7_75t_R 0.577042}
port	xs_q0[79]	INPUT	0.577042	{hold18442 A BUFx2_ASAP7_75t_R 0.577042}
port	xs_q0[7]	INPUT	0.577042	{hold18344 A BUFx2_ASAP7_75t_R 0.577042}
port	xs_q0[80]	INPUT	0.577042	{hold18392 A BUFx2_ASAP7_75t_R 0.577042}
port	xs_q0[81]	INPUT	0.577042	{hold18478 A BUFx2_ASAP7_75t_R 0.577042}
port	xs_q0[82]	INPUT	0.577042	{hold18418 A BUFx2_ASAP7_75t_R 0.577042}
port	xs_q0[83]	INPUT	0.577042	{hold18402 A BUFx2_ASAP7_75t_R 0.577042}
port	xs_q0[84]	INPUT	0.577042	{hold18472 A BUFx2_ASAP7_75t_R 0.577042}
port	xs_q0[85]	INPUT	0.577042	{hold18456 A BUFx2_ASAP7_75t_R 0.577042}
port	xs_q0[86]	INPUT	0.577042	{hold18072 A BUFx2_ASAP7_75t_R 0.577042}
port	xs_q0[87]	INPUT	0.577042	{hold18036 A BUFx2_ASAP7_75t_R 0.577042}
port	xs_q0[88]	INPUT	0.577042	{hold18290 A BUFx2_ASAP7_75t_R 0.577042}
port	xs_q0[89]	INPUT	0.577042	{hold18432 A BUFx2_ASAP7_75t_R 0.577042}
port	xs_q0[8]	INPUT	0.577042	{hold18348 A BUFx2_ASAP7_75t_R 0.577042}
port	xs_q0[90]	INPUT	0.577042	{hold18312 A BUFx2_ASAP7_75t_R 0.577042}
port	xs_q0[91]	INPUT	0.577042	{hold18256 A BUFx2_ASAP7_75t_R 0.577042}
port	xs_q0[92]	INPUT	0.577042	{hold18008 A BUFx2_ASAP7_75t_R 0.577042}
port	xs_q0[93]	INPUT	0.577042	{hold18010 A BUFx2_ASAP7_75t_R 0.577042}
port	xs_q0[94]	INPUT	0.577042	{hold18316 A BUFx2_ASAP7_75t_R 0.577042}
port	xs_q0[95]	INPUT	0.577042	{hold18324 A BUFx2_ASAP7_75t_R 0.577042}
port	xs_q0[96]	INPUT	0.577042	{hold18006 A BUFx2_ASAP7_75t_R 0.577042}
port	xs_q0[97]	INPUT	0.577042	{hold18026 A BUFx2_ASAP7_75t_R 0.577042}
port	xs_q0[98]	INPUT	0.577042	{hold18262 A BUFx2_ASAP7_75t_R 0.577042}
port	xs_q0[99]	INPUT	0.577042	{hold18004 A BUFx2_ASAP7_75t_R 0.577042}
port	xs_q0[9]	INPUT	0.577042	{hold18364 A BUFx2_ASAP7_75t_R 0.577042}
port	xs_q1[0]	INPUT	0.577042	{hold18870 A BUFx2_ASAP7_75t_R 0.577042}
port	xs_q1[100]	INPUT	0.577042	{hold18964 A BUFx2_ASAP7_75t_R 0.577042}
port	xs_q1[101]	INPUT	0.577042	{hold18676 A BUFx2_ASAP7_75t_R 0.577042}
port	xs_q1[102]	INPUT	0.577042	{hold18936 A BUFx2_ASAP7_75t_R 0.577042}
port	xs_q1[103]	INPUT	0.577042	{hold18996 A BUFx2_ASAP7_75t_R 0.577042}
port	xs_q1[104]	INPUT	0.577042	{hold18878 A BUFx2_ASAP7_75t_R 0.577042}
port	xs_q1[105]	INPUT	0.577042	{hold18944 A BUFx2_ASAP7_75t_R 0.577042}
port	xs_q1[106]	INPUT	0.577042	{hold18934 A BUFx2_ASAP7_75t_R 0.577042}
port	xs_q1[107]	INPUT	0.577042	{hold18882 A BUFx2_ASAP7_75t_R 0.577042}
port	xs_q1[108]	INPUT	0.577042	{hold18924 A BUFx2_ASAP7_75t_R 0.577042}
port	xs_q1[109]	INPUT	0.577042	{hold18866 A BUFx2_ASAP7_75t_R 0.577042}
port	xs_q1[10]	INPUT	0.577042	{hold18952 A BUFx2_ASAP7_75t_R 0.577042}
port	xs_q1[110]	INPUT	0.577042	{hold18886 A BUFx2_ASAP7_75t_R 0.577042}
port	xs_q1[111]	INPUT	0.577042	{hold18904 A BUFx2_ASAP7_75t_R 0.577042}
port	xs_q1[112]	INPUT	0.577042	{hold18872 A BUFx2_ASAP7_75t_R 0.577042}
port	xs_q1[113]	INPUT	0.577042	{hold18666 A BUFx2_ASAP7_75t_R 0.577042}
port	xs_q1[114]	INPUT	0.577042	{hold18940 A BUFx2_ASAP7_75t_R 0.577042}
port	xs_q1[115]	INPUT	0.577042	{hold18930 A BUFx2_ASAP7_75t_R 0.577042}
port	xs_q1[116]	INPUT	0.577042	{hold18718 A BUFx2_ASAP7_75t_R 0.577042}
port	xs_q1[117]	INPUT	0.577042	{hold18674 A BUFx2_ASAP7_75t_R 0.577042}
port	xs_q1[118]	INPUT	0.577042	{hold18716 A BUFx2_ASAP7_75t_R 0.577042}
port	xs_q1[119]	INPUT	0.577042	{hold18884 A BUFx2_ASAP7_75t_R 0.577042}
port	xs_q1[11]	INPUT	0.577042	{hold19020 A BUFx2_ASAP7_75t_R 0.577042}
port	xs_q1[120]	INPUT	0.577042	{hold18958 A BUFx2_ASAP7_75t_R 0.577042}
port	xs_q1[121]	INPUT	0.577042	{hold18906 A BUFx2_ASAP7_75t_R 0.577042}
port	xs_q1[122]	INPUT	0.577042	{hold19008 A BUFx2_ASAP7_75t_R 0.577042}
port	xs_q1[123]	INPUT	0.577042	{hold18910 A BUFx2_ASAP7_75t_R 0.577042}
port	xs_q1[124]	INPUT	0.577042	{hold18758 A BUFx2_ASAP7_75t_R 0.577042}
port	xs_q1[125]	INPUT	0.577042	{hold18710 A BUFx2_ASAP7_75t_R 0.577042}
port	xs_q1[126]	INPUT	0.577042	{hold18746 A BUFx2_ASAP7_75t_R 0.577042}
port	xs_q1[127]	INPUT	0.577042	{hold18728 A BUFx2_ASAP7_75t_R 0.577042}
port	xs_q1[128]	INPUT	0.577042	{hold18744 A BUFx2_ASAP7_75t_R 0.577042}
port	xs_q1[129]	INPUT	0.577042	{hold19028 A BUFx2_ASAP7_75t_R 0.577042}
port	xs_q1[12]	INPUT	0.577042	{hold18994 A BUFx2_ASAP7_75t_R 0.577042}
port	xs_q1[130]	INPUT	0.577042	{hold18868 A BUFx2_ASAP7_75t_R 0.577042}
port	xs_q1[131]	INPUT	0.577042	{hold18768 A BUFx2_ASAP7_75t_R 0.577042}
port	xs_q1[132]	INPUT	0.577042	{hold18874 A BUFx2_ASAP7_75t_R 0.577042}
port	xs_q1[133]	INPUT	0.577042	{hold18954 A BUFx2_ASAP7_75t_R 0.577042}
port	xs_q1[134]	INPUT	0.577042	{hold18696 A BUFx2_ASAP7_75t_R 0.577042}
port	xs_q1[135]	INPUT	0.577042	{hold18698 A BUFx2_ASAP7_75t_R 0.577042}
port	xs_q1[136]	INPUT	0.577042	{hold18776 A BUFx2_ASAP7_75t_R 0.577042}
port	xs_q1[137]	INPUT	0.577042	{hold18664 A BUFx2_ASAP7_75t_R 0.577042}
port	xs_q1[138]	INPUT	0.577042	{hold18778 A BUFx2_ASAP7_75t_R 0.577042}
port	xs_q1[139]	INPUT	0.577042	{hold18834 A BUFx2_ASAP7_75t_R 0.577042}
port	xs_q1[13]	INPUT	0.577042	{hold19034 A BUFx2_ASAP7_75t_R 0.577042}
port	xs_q1[140]	INPUT	0.577042	{hold18606 A BUFx2_ASAP7_75t_R 0.577042}
port	xs_q1[141]	INPUT	0.577042	{hold18630 A BUFx2_ASAP7_75t_R 0.577042}
port	xs_q1[142]	INPUT	0.577042	{hold18842 A BUFx2_ASAP7_75t_R 0.577042}
port	xs_q1[143]	INPUT	0.577042	{hold18748 A BUFx2_ASAP7_75t_R 0.577042}
port	xs_q1[144]	INPUT	0.577042	{hold18742 A BUFx2_ASAP7_75t_R 0.577042}
port	xs_q1[145]	INPUT	0.577042	{hold18620 A BUFx2_ASAP7_75t_R 0.577042}
port	xs_q1[146]	INPUT	0.577042	{hold18704 A BUFx2_ASAP7_75t_R 0.577042}
port	xs_q1[147]	INPUT	0.577042	{hold19006 A BUFx2_ASAP7_75t_R 0.577042}
port	xs_q1[148]	INPUT	0.577042	{hold18810 A BUFx2_ASAP7_75t_R 0.577042}
port	xs_q1[149]	INPUT	0.577042	{hold18786 A BUFx2_ASAP7_75t_R 0.577042}
port	xs_q1[14]	INPUT	0.577042	{hold19074 A BUFx2_ASAP7_75t_R 0.577042}
port	xs_q1[150]	INPUT	0.577042	{hold18828 A BUFx2_ASAP7_75t_R 0.577042}
port	xs_q1[151]	INPUT	0.577042	{hold18784 A BUFx2_ASAP7_75t_R 0.577042}
port	xs_q1[152]	INPUT	0.577042	{hold18662 A BUFx2_ASAP7_75t_R 0.577042}
port	xs_q1[153]	INPUT	0.577042	{hold18836 A BUFx2_ASAP7_75t_R 0.577042}
port	xs_q1[154]	INPUT	0.577042	{hold18760 A BUFx2_ASAP7_75t_R 0.577042}
port	xs_q1[155]	INPUT	0.577042	{hold18654 A BUFx2_ASAP7_75t_R 0.577042}
port	xs_q1[156]	INPUT	0.577042	{hold18752 A BUFx2_ASAP7_75t_R 0.577042}
port	xs_q1[157]	INPUT	0.577042	{hold18632 A BUFx2_ASAP7_75t_R 0.577042}
port	xs_q1[158]	INPUT	0.577042	{hold18712 A BUFx2_ASAP7_75t_R 0.577042}
port	xs_q1[159]	INPUT	0.577042	{hold18622 A BUFx2_ASAP7_75t_R 0.577042}
port	xs_q1[15]	INPUT	0.577042	{hold19016 A BUFx2_ASAP7_75t_R 0.577042}
port	xs_q1[160]	INPUT	0.577042	{hold18616 A BUFx2_ASAP7_75t_R 0.577042}
port	xs_q1[161]	INPUT	0.577042	{hold18790 A BUFx2_ASAP7_75t_R 0.577042}
port	xs_q1[162]	INPUT	0.577042	{hold18822 A BUFx2_ASAP7_75t_R 0.577042}
port	xs_q1[163]	INPUT	0.577042	{hold18726 A BUFx2_ASAP7_75t_R 0.577042}
port	xs_q1[164]	INPUT	0.577042	{hold18832 A BUFx2_ASAP7_75t_R 0.577042}
port	xs_q1[165]	INPUT	0.577042	{hold18798 A BUFx2_ASAP7_75t_R 0.577042}
port	xs_q1[166]	INPUT	0.577042	{hold18824 A BUFx2_ASAP7_75t_R 0.577042}
port	xs_q1[167]	INPUT	0.577042	{hold18634 A BUFx2_ASAP7_75t_R 0.577042}
port	xs_q1[168]	INPUT	0.577042	{hold18668 A BUFx2_ASAP7_75t_R 0.577042}
port	xs_q1[169]	INPUT	0.577042	{hold18812 A BUFx2_ASAP7_75t_R 0.577042}
port	xs_q1[16]	INPUT	0.577042	{hold19058 A BUFx2_ASAP7_75t_R 0.577042}
port	xs_q1[170]	INPUT	0.577042	{hold18800 A BUFx2_ASAP7_75t_R 0.577042}
port	xs_q1[171]	INPUT	0.577042	{hold18692 A BUFx2_ASAP7_75t_R 0.577042}
port	xs_q1[172]	INPUT	0.577042	{hold18714 A BUFx2_ASAP7_75t_R 0.577042}
port	xs_q1[173]	INPUT	0.577042	{hold18820 A BUFx2_ASAP7_75t_R 0.577042}
port	xs_q1[174]	INPUT	0.577042	{hold18764 A BUFx2_ASAP7_75t_R 0.577042}
port	xs_q1[175]	INPUT	0.577042	{hold18644 A BUFx2_ASAP7_75t_R 0.577042}
port	xs_q1[176]	INPUT	0.577042	{hold18684 A BUFx2_ASAP7_75t_R 0.577042}
port	xs_q1[177]	INPUT	0.577042	{hold18808 A BUFx2_ASAP7_75t_R 0.577042}
port	xs_q1[178]	INPUT	0.577042	{hold18814 A BUFx2_ASAP7_75t_R 0.577042}
port	xs_q1[179]	INPUT	0.577042	{hold18660 A BUFx2_ASAP7_75t_R 0.577042}
port	xs_q1[17]	INPUT	0.577042	{hold18912 A BUFx2_ASAP7_75t_R 0.577042}
port	xs_q1[180]	INPUT	0.577042	{hold18652 A BUFx2_ASAP7_75t_R 0.577042}
port	xs_q1[181]	INPUT	0.577042	{hold18830 A BUFx2_ASAP7_75t_R 0.577042}
port	xs_q1[182]	INPUT	0.577042	{hold18806 A BUFx2_ASAP7_75t_R 0.577042}
port	xs_q1[183]	INPUT	0.577042	{hold18708 A BUFx2_ASAP7_75t_R 0.577042}
port	xs_q1[184]	INPUT	0.577042	{hold18788 A BUFx2_ASAP7_75t_R 0.577042}
port	xs_q1[185]	INPUT	0.577042	{hold18796 A BUFx2_ASAP7_75t_R 0.577042}
port	xs_q1[186]	INPUT	0.577042	{hold18794 A BUFx2_ASAP7_75t_R 0.577042}
port	xs_q1[187]	INPUT	0.577042	{hold18762 A BUFx2_ASAP7_75t_R 0.577042}
port	xs_q1[188]	INPUT	0.577042	{hold18682 A BUFx2_ASAP7_75t_R 0.577042}
port	xs_q1[189]	INPUT	0.577042	{hold18802 A BUFx2_ASAP7_75t_R 0.577042}
port	xs_q1[18]	INPUT	0.577042	{hold19062 A BUFx2_ASAP7_75t_R 0.577042}
port	xs_q1[190]	INPUT	0.577042	{hold18672 A BUFx2_ASAP7_75t_R 0.577042}
port	xs_q1[191]	INPUT	0.577042	{hold18658 A BUFx2_ASAP7_75t_R 0.577042}
port	xs_q1[192]	INPUT	0.577042	{hold18734 A BUFx2_ASAP7_75t_R 0.577042}
port	xs_q1[193]	INPUT	0.577042	{hold18736 A BUFx2_ASAP7_75t_R 0.577042}
port	xs_q1[194]	INPUT	0.577042	{hold18732 A BUFx2_ASAP7_75t_R 0.577042}
port	xs_q1[195]	INPUT	0.577042	{hold18826 A BUFx2_ASAP7_75t_R 0.577042}
port	xs_q1[196]	INPUT	0.577042	{hold18840 A BUFx2_ASAP7_75t_R 0.577042}
port	xs_q1[197]	INPUT	0.577042	{hold18756 A BUFx2_ASAP7_75t_R 0.577042}
port	xs_q1[198]	INPUT	0.577042	{hold18720 A BUFx2_ASAP7_75t_R 0.577042}
port	xs_q1[199]	INPUT	0.577042	{hold18816 A BUFx2_ASAP7_75t_R 0.577042}
port	xs_q1[19]	INPUT	0.577042	{hold19054 A BUFx2_ASAP7_75t_R 0.577042}
port	xs_q1[1]	INPUT	0.577042	{hold18876 A BUFx2_ASAP7_75t_R 0.577042}
port	xs_q1[200]	INPUT	0.577042	{hold18792 A BUFx2_ASAP7_75t_R 0.577042}
port	xs_q1[201]	INPUT	0.577042	{hold18722 A BUFx2_ASAP7_75t_R 0.577042}
port	xs_q1[202]	INPUT	0.577042	{hold18818 A BUFx2_ASAP7_75t_R 0.577042}
port	xs_q1[203]	INPUT	0.577042	{hold18772 A BUFx2_ASAP7_75t_R 0.577042}
port	xs_q1[204]	INPUT	0.577042	{hold18724 A BUFx2_ASAP7_75t_R 0.577042}
port	xs_q1[205]	INPUT	0.577042	{hold18680 A BUFx2_ASAP7_75t_R 0.577042}
port	xs_q1[206]	INPUT	0.577042	{hold18730 A BUFx2_ASAP7_75t_R 0.577042}
port	xs_q1[207]	INPUT	0.577042	{hold18738 A BUFx2_ASAP7_75t_R 0.577042}
port	xs_q1[208]	INPUT	0.577042	{hold18754 A BUFx2_ASAP7_75t_R 0.577042}
port	xs_q1[209]	INPUT	0.577042	{hold18770 A BUFx2_ASAP7_75t_R 0.577042}
port	xs_q1[20]	INPUT	0.577042	{hold19046 A BUFx2_ASAP7_75t_R 0.577042}
port	xs_q1[210]	INPUT	0.577042	{hold18700 A BUFx2_ASAP7_75t_R 0.577042}
port	xs_q1[211]	INPUT	0.577042	{hold18670 A BUFx2_ASAP7_75t_R 0.577042}
port	xs_q1[212]	INPUT	0.577042	{hold18690 A BUFx2_ASAP7_75t_R 0.577042}
port	xs_q1[213]	INPUT	0.577042	{hold18706 A BUFx2_ASAP7_75t_R 0.577042}
port	xs_q1[214]	INPUT	0.577042	{hold18780 A BUFx2_ASAP7_75t_R 0.577042}
port	xs_q1[215]	INPUT	0.577042	{hold18598 A BUFx2_ASAP7_75t_R 0.577042}
port	xs_q1[216]	INPUT	0.577042	{hold18686 A BUFx2_ASAP7_75t_R 0.577042}
port	xs_q1[217]	INPUT	0.577042	{hold18838 A BUFx2_ASAP7_75t_R 0.577042}
port	xs_q1[218]	INPUT	0.577042	{hold18636 A BUFx2_ASAP7_75t_R 0.577042}
port	xs_q1[219]	INPUT	0.577042	{hold18588 A BUFx2_ASAP7_75t_R 0.577042}
port	xs_q1[21]	INPUT	0.577042	{hold19002 A BUFx2_ASAP7_75t_R 0.577042}
port	xs_q1[220]	INPUT	0.577042	{hold18580 A BUFx2_ASAP7_75t_R 0.577042}
port	xs_q1[221]	INPUT	0.577042	{hold18584 A BUFx2_ASAP7_75t_R 0.577042}
port	xs_q1[222]	INPUT	0.577042	{hold18694 A BUFx2_ASAP7_75t_R 0.577042}
port	xs_q1[223]	INPUT	0.577042	{hold18804 A BUFx2_ASAP7_75t_R 0.577042}
port	xs_q1[224]	INPUT	0.577042	{hold18586 A BUFx2_ASAP7_75t_R 0.577042}
port	xs_q1[225]	INPUT	0.577042	{hold18590 A BUFx2_ASAP7_75t_R 0.577042}
port	xs_q1[226]	INPUT	0.577042	{hold18612 A BUFx2_ASAP7_75t_R 0.577042}
port	xs_q1[227]	INPUT	0.577042	{hold18578 A BUFx2_ASAP7_75t_R 0.577042}
port	xs_q1[228]	INPUT	0.577042	{hold18592 A BUFx2_ASAP7_75t_R 0.577042}
port	xs_q1[229]	INPUT	0.577042	{hold18624 A BUFx2_ASAP7_75t_R 0.577042}
port	xs_q1[22]	INPUT	0.577042	{hold19038 A BUFx2_ASAP7_75t_R 0.577042}
port	xs_q1[230]	INPUT	0.577042	{hold18628 A BUFx2_ASAP7_75t_R 0.577042}
port	xs_q1[231]	INPUT	0.577042	{hold18572 A BUFx2_ASAP7_75t_R 0.577042}
port	xs_q1[232]	INPUT	0.577042	{hold18596 A BUFx2_ASAP7_75t_R 0.577042}
port	xs_q1[233]	INPUT	0.577042	{hold18750 A BUFx2_ASAP7_75t_R 0.577042}
port	xs_q1[234]	INPUT	0.577042	{hold18638 A BUFx2_ASAP7_75t_R 0.577042}
port	xs_q1[235]	INPUT	0.577042	{hold18576 A BUFx2_ASAP7_75t_R 0.577042}
port	xs_q1[236]	INPUT	0.577042	{hold18568 A BUFx2_ASAP7_75t_R 0.577042}
port	xs_q1[237]	INPUT	0.577042	{hold18626 A BUFx2_ASAP7_75t_R 0.577042}
port	xs_q1[238]	INPUT	0.577042	{hold18640 A BUFx2_ASAP7_75t_R 0.577042}
port	xs_q1[239]	INPUT	0.577042	{hold18656 A BUFx2_ASAP7_75t_R 0.577042}
port	xs_q1[23]	INPUT	0.577042	{hold19000 A BUFx2_ASAP7_75t_R 0.577042}
port	xs_q1[240]	INPUT	0.577042	{hold18570 A BUFx2_ASAP7_75t_R 0.577042}
port	xs_q1[241]	INPUT	0.577042	{hold18566 A BUFx2_ASAP7_75t_R 0.577042}
port	xs_q1[242]	INPUT	0.577042	{hold18608 A BUFx2_ASAP7_75t_R 0.577042}
port	xs_q1[243]	INPUT	0.577042	{hold18648 A BUFx2_ASAP7_75t_R 0.577042}
port	xs_q1[244]	INPUT	0.577042	{hold18646 A BUFx2_ASAP7_75t_R 0.577042}
port	xs_q1[245]	INPUT	0.577042	{hold18766 A BUFx2_ASAP7_75t_R 0.577042}
port	xs_q1[246]	INPUT	0.577042	{hold18642 A BUFx2_ASAP7_75t_R 0.577042}
port	xs_q1[247]	INPUT	0.577042	{hold18604 A BUFx2_ASAP7_75t_R 0.577042}
port	xs_q1[248]	INPUT	0.577042	{hold18614 A BUFx2_ASAP7_75t_R 0.577042}
port	xs_q1[249]	INPUT	0.577042	{hold18594 A BUFx2_ASAP7_75t_R 0.577042}
port	xs_q1[24]	INPUT	0.577042	{hold19010 A BUFx2_ASAP7_75t_R 0.577042}
port	xs_q1[250]	INPUT	0.577042	{hold18678 A BUFx2_ASAP7_75t_R 0.577042}
port	xs_q1[251]	INPUT	0.577042	{hold18600 A BUFx2_ASAP7_75t_R 0.577042}
port	xs_q1[252]	INPUT	0.577042	{hold18582 A BUFx2_ASAP7_75t_R 0.577042}
port	xs_q1[253]	INPUT	0.577042	{hold18574 A BUFx2_ASAP7_75t_R 0.577042}
port	xs_q1[254]	INPUT	0.577042	{hold18650 A BUFx2_ASAP7_75t_R 0.577042}
port	xs_q1[255]	INPUT	0.577042	{hold18564 A BUFx2_ASAP7_75t_R 0.577042}
port	xs_q1[25]	INPUT	0.577042	{hold19044 A BUFx2_ASAP7_75t_R 0.577042}
port	xs_q1[26]	INPUT	0.577042	{hold19042 A BUFx2_ASAP7_75t_R 0.577042}
port	xs_q1[27]	INPUT	0.577042	{hold19014 A BUFx2_ASAP7_75t_R 0.577042}
port	xs_q1[28]	INPUT	0.577042	{hold18946 A BUFx2_ASAP7_75t_R 0.577042}
port	xs_q1[29]	INPUT	0.577042	{hold19072 A BUFx2_ASAP7_75t_R 0.577042}
port	xs_q1[2]	INPUT	0.577042	{hold18888 A BUFx2_ASAP7_75t_R 0.577042}
port	xs_q1[30]	INPUT	0.577042	{hold19056 A BUFx2_ASAP7_75t_R 0.577042}
port	xs_q1[31]	INPUT	0.577042	{hold19078 A BUFx2_ASAP7_75t_R 0.577042}
port	xs_q1[32]	INPUT	0.577042	{hold18948 A BUFx2_ASAP7_75t_R 0.577042}
port	xs_q1[33]	INPUT	0.577042	{hold19064 A BUFx2_ASAP7_75t_R 0.577042}
port	xs_q1[34]	INPUT	0.577042	{hold18988 A BUFx2_ASAP7_75t_R 0.577042}
port	xs_q1[35]	INPUT	0.577042	{hold18908 A BUFx2_ASAP7_75t_R 0.577042}
port	xs_q1[36]	INPUT	0.577042	{hold19070 A BUFx2_ASAP7_75t_R 0.577042}
port	xs_q1[37]	INPUT	0.577042	{hold19050 A BUFx2_ASAP7_75t_R 0.577042}
port	xs_q1[38]	INPUT	0.577042	{hold19080 A BUFx2_ASAP7_75t_R 0.577042}
port	xs_q1[39]	INPUT	0.577042	{hold18926 A BUFx2_ASAP7_75t_R 0.577042}
port	xs_q1[3]	INPUT	0.577042	{hold18974 A BUFx2_ASAP7_75t_R 0.577042}
port	xs_q1[40]	INPUT	0.577042	{hold18880 A BUFx2_ASAP7_75t_R 0.577042}
port	xs_q1[41]	INPUT	0.577042	{hold18998 A BUFx2_ASAP7_75t_R 0.577042}
port	xs_q1[42]	INPUT	0.577042	{hold19082 A BUFx2_ASAP7_75t_R 0.577042}
port	xs_q1[43]	INPUT	0.577042	{hold19086 A BUFx2_ASAP7_75t_R 0.577042}
port	xs_q1[44]	INPUT	0.577042	{hold19096 A BUFx2_ASAP7_75t_R 0.577042}
port	xs_q1[45]	INPUT	0.577042	{hold19024 A BUFx2_ASAP7_75t_R 0.577042}
port	xs_q1[46]	INPUT	0.577042	{hold18970 A BUFx2_ASAP7_75t_R 0.577042}
port	xs_q1[47]	INPUT	0.577042	{hold19094 A BUFx2_ASAP7_75t_R 0.577042}
port	xs_q1[48]	INPUT	0.577042	{hold19084 A BUFx2_ASAP7_75t_R 0.577042}
port	xs_q1[49]	INPUT	0.577042	{hold19052 A BUFx2_ASAP7_75t_R 0.577042}
port	xs_q1[4]	INPUT	0.577042	{hold18918 A BUFx2_ASAP7_75t_R 0.577042}
port	xs_q1[50]	INPUT	0.577042	{hold18892 A BUFx2_ASAP7_75t_R 0.577042}
port	xs_q1[51]	INPUT	0.577042	{hold19048 A BUFx2_ASAP7_75t_R 0.577042}
port	xs_q1[52]	INPUT	0.577042	{hold18976 A BUFx2_ASAP7_75t_R 0.577042}
port	xs_q1[53]	INPUT	0.577042	{hold18618 A BUFx2_ASAP7_75t_R 0.577042}
port	xs_q1[54]	INPUT	0.577042	{hold19076 A BUFx2_ASAP7_75t_R 0.577042}
port	xs_q1[55]	INPUT	0.577042	{hold18844 A BUFx2_ASAP7_75t_R 0.577042}
port	xs_q1[56]	INPUT	0.577042	{hold18928 A BUFx2_ASAP7_75t_R 0.577042}
port	xs_q1[57]	INPUT	0.577042	{hold19088 A BUFx2_ASAP7_75t_R 0.577042}
port	xs_q1[58]	INPUT	0.577042	{hold18858 A BUFx2_ASAP7_75t_R 0.577042}
port	xs_q1[59]	INPUT	0.577042	{hold18854 A BUFx2_ASAP7_75t_R 0.577042}
port	xs_q1[5]	INPUT	0.577042	{hold19036 A BUFx2_ASAP7_75t_R 0.577042}
port	xs_q1[60]	INPUT	0.577042	{hold19092 A BUFx2_ASAP7_75t_R 0.577042}
port	xs_q1[61]	INPUT	0.577042	{hold19066 A BUFx2_ASAP7_75t_R 0.577042}
port	xs_q1[62]	INPUT	0.577042	{hold19090 A BUFx2_ASAP7_75t_R 0.577042}
port	xs_q1[63]	INPUT	0.577042	{hold18982 A BUFx2_ASAP7_75t_R 0.577042}
port	xs_q1[64]	INPUT	0.577042	{hold18852 A BUFx2_ASAP7_75t_R 0.577042}
port	xs_q1[65]	INPUT	0.577042	{hold18968 A BUFx2_ASAP7_75t_R 0.577042}
port	xs_q1[66]	INPUT	0.577042	{hold18950 A BUFx2_ASAP7_75t_R 0.577042}
port	xs_q1[67]	INPUT	0.577042	{hold18850 A BUFx2_ASAP7_75t_R 0.577042}
port	xs_q1[68]	INPUT	0.577042	{hold18916 A BUFx2_ASAP7_75t_R 0.577042}
port	xs_q1[69]	INPUT	0.577042	{hold18984 A BUFx2_ASAP7_75t_R 0.577042}
port	xs_q1[6]	INPUT	0.577042	{hold19022 A BUFx2_ASAP7_75t_R 0.577042}
port	xs_q1[70]	INPUT	0.577042	{hold18980 A BUFx2_ASAP7_75t_R 0.577042}
port	xs_q1[71]	INPUT	0.577042	{hold18860 A BUFx2_ASAP7_75t_R 0.577042}
port	xs_q1[72]	INPUT	0.577042	{hold19060 A BUFx2_ASAP7_75t_R 0.577042}
port	xs_q1[73]	INPUT	0.577042	{hold18894 A BUFx2_ASAP7_75t_R 0.577042}
port	xs_q1[74]	INPUT	0.577042	{hold18972 A BUFx2_ASAP7_75t_R 0.577042}
port	xs_q1[75]	INPUT	0.577042	{hold18610 A BUFx2_ASAP7_75t_R 0.577042}
port	xs_q1[76]	INPUT	0.577042	{hold18864 A BUFx2_ASAP7_75t_R 0.577042}
port	xs_q1[77]	INPUT	0.577042	{hold18856 A BUFx2_ASAP7_75t_R 0.577042}
port	xs_q1[78]	INPUT	0.577042	{hold18848 A BUFx2_ASAP7_75t_R 0.577042}
port	xs_q1[79]	INPUT	0.577042	{hold18990 A BUFx2_ASAP7_75t_R 0.577042}
port	xs_q1[7]	INPUT	0.577042	{hold18966 A BUFx2_ASAP7_75t_R 0.577042}
port	xs_q1[80]	INPUT	0.577042	{hold18846 A BUFx2_ASAP7_75t_R 0.577042}
port	xs_q1[81]	INPUT	0.577042	{hold18956 A BUFx2_ASAP7_75t_R 0.577042}
port	xs_q1[82]	INPUT	0.577042	{hold19012 A BUFx2_ASAP7_75t_R 0.577042}
port	xs_q1[83]	INPUT	0.577042	{hold18862 A BUFx2_ASAP7_75t_R 0.577042}
port	xs_q1[84]	INPUT	0.577042	{hold18890 A BUFx2_ASAP7_75t_R 0.577042}
port	xs_q1[85]	INPUT	0.577042	{hold18922 A BUFx2_ASAP7_75t_R 0.577042}
port	xs_q1[86]	INPUT	0.577042	{hold18932 A BUFx2_ASAP7_75t_R 0.577042}
port	xs_q1[87]	INPUT	0.577042	{hold18774 A BUFx2_ASAP7_75t_R 0.577042}
port	xs_q1[88]	INPUT	0.577042	{hold19068 A BUFx2_ASAP7_75t_R 0.577042}
port	xs_q1[89]	INPUT	0.577042	{hold18942 A BUFx2_ASAP7_75t_R 0.577042}
port	xs_q1[8]	INPUT	0.577042	{hold18902 A BUFx2_ASAP7_75t_R 0.577042}
port	xs_q1[90]	INPUT	0.577042	{hold18688 A BUFx2_ASAP7_75t_R 0.577042}
port	xs_q1[91]	INPUT	0.577042	{hold18896 A BUFx2_ASAP7_75t_R 0.577042}
port	xs_q1[92]	INPUT	0.577042	{hold18740 A BUFx2_ASAP7_75t_R 0.577042}
port	xs_q1[93]	INPUT	0.577042	{hold19004 A BUFx2_ASAP7_75t_R 0.577042}
port	xs_q1[94]	INPUT	0.577042	{hold19040 A BUFx2_ASAP7_75t_R 0.577042}
port	xs_q1[95]	INPUT	0.577042	{hold18702 A BUFx2_ASAP7_75t_R 0.577042}
port	xs_q1[96]	INPUT	0.577042	{hold18782 A BUFx2_ASAP7_75t_R 0.577042}
port	xs_q1[97]	INPUT	0.577042	{hold18900 A BUFx2_ASAP7_75t_R 0.577042}
port	xs_q1[98]	INPUT	0.577042	{hold18914 A BUFx2_ASAP7_75t_R 0.577042}
port	xs_q1[99]	INPUT	0.577042	{hold18978 A BUFx2_ASAP7_75t_R 0.577042}
port	xs_q1[9]	INPUT	0.577042	{hold19018 A BUFx2_ASAP7_75t_R 0.577042}
port	xs_sv[0]	INPUT	0	
port	xs_sv[1]	INPUT	0	
port	xs_v	INPUT	0.577042	{hold18602 A BUFx2_ASAP7_75t_R 0.577042}
cut	u_e.g_cg.u_cg.u_icg	GCLK	ICGx1_ASAP7_75t_R	u_e.g_cg.u_cg.gclk	5.2147	{delaybuf_0_core_clk A BUFx24_ASAP7_75t_R 2.607350} {clkbuf_regs_1_core_clk A BUFx24_ASAP7_75t_R 2.607350}
cut	u_e.g_ir.g_gok.u_gm/_2_	Y	INVx3_ASAP7_75t_R	u_e.go_em	5.123972	{hold19382 A BUFx2_ASAP7_75t_R 0.577042} {_297831_ B AOI211x1_ASAP7_75t_R 0.958762} {_167219_ A INVx1_ASAP7_75t_R 0.683678} {_260307_ A NOR2x1_ASAP7_75t_R 1.052750} {_282263_ A1 OA21x2_ASAP7_75t_R 0.610120} {_298831_ B AOI21x1_ASAP7_75t_R 1.241620}
cut	u_e.g_ir.g_gok.u_gm/q$_DFF_PN0_	QN	DFFASRHQNx1_ASAP7_75t_R	u_e.g_ir.g_gok.u_gm/_0_	0.577042	{u_e.g_ir.g_gok.u_gm/hold19404 A BUFx2_ASAP7_75t_R 0.577042}
positive	u_e.g_ir.g_gok.u_gm/q$_DFF_PN0_	u_e.go_em	5.123972	{hold19382 A BUFx2_ASAP7_75t_R 0.577042} {_297831_ B AOI211x1_ASAP7_75t_R 0.958762} {_167219_ A INVx1_ASAP7_75t_R 0.683678} {_260307_ A NOR2x1_ASAP7_75t_R 1.052750} {_282263_ A1 OA21x2_ASAP7_75t_R 0.610120} {_298831_ B AOI21x1_ASAP7_75t_R 1.241620}
cut	u_e.g_ir.g_gok.u_gn/_2_	Y	INVx3_ASAP7_75t_R	u_e.go_en	0.577042	{hold19797 A BUFx2_ASAP7_75t_R 0.577042}
cut	u_e.g_ir.g_gok.u_gn/q$_DFF_PN0_	QN	DFFASRHQNx1_ASAP7_75t_R	u_e.g_ir.g_gok.u_gn/_0_	0.577042	{u_e.g_ir.g_gok.u_gn/hold19796 A BUFx2_ASAP7_75t_R 0.577042}
positive	u_e.g_ir.g_gok.u_gn/q$_DFF_PN0_	u_e.go_en	0.577042	{hold19797 A BUFx2_ASAP7_75t_R 0.577042}
cut	u_e.g_ir.g_gok.u_gw/_2_	Y	INVx3_ASAP7_75t_R	u_e.go_ew	3.0416220000000003	{hold19487 A BUFx2_ASAP7_75t_R 0.577042} {place16641 A BUFx2_ASAP7_75t_R 0.577042} {place16639 A BUFx2_ASAP7_75t_R 0.577042} {_256744_ A INVx1_ASAP7_75t_R 0.683678} {_257044_ B AO21x1_ASAP7_75t_R 0.626818}
cut	u_e.g_ir.g_gok.u_gw/q$_DFF_PN0_	QN	DFFASRHQNx1_ASAP7_75t_R	u_e.g_ir.g_gok.u_gw/_0_	0.577042	{u_e.g_ir.g_gok.u_gw/hold29085 A BUFx2_ASAP7_75t_R 0.577042}
positive	u_e.g_ir.g_gok.u_gw/q$_DFF_PN0_	u_e.go_ew	3.0416220000000003	{hold19487 A BUFx2_ASAP7_75t_R 0.577042} {place16641 A BUFx2_ASAP7_75t_R 0.577042} {place16639 A BUFx2_ASAP7_75t_R 0.577042} {_256744_ A INVx1_ASAP7_75t_R 0.683678} {_257044_ B AO21x1_ASAP7_75t_R 0.626818}
cut	u_e.g_mac[0].g_mz.u_rs/_2_	Y	INVx3_ASAP7_75t_R	u_e.g_mac\[0\].g_l3.u_l0.rst_n	7.919546999999999	{{u_e.g_mac\[0\].g_l3.u_l0.p0_v$_DFF_PN0_} RESETN DFFASRHQNx1_ASAP7_75t_R 0.802909} {{u_e.g_mac\[0\].g_l3.u_l1.p0_v$_DFF_PN0_} RESETN DFFASRHQNx1_ASAP7_75t_R 0.802909} {{u_e.g_mac\[0\].g_mi.g_ne\[0\].u_e/q\[0\]$_DFF_PN0_} RESETN DFFASRHQNx1_ASAP7_75t_R 0.802909} {{u_e.g_mac\[0\].g_mi.g_ne\[1\].u_e/q\[0\]$_DFF_PN0_} RESETN DFFASRHQNx1_ASAP7_75t_R 0.802909} {{u_e.g_mac\[0\].g_mi.g_ne\[2\].u_e/q\[0\]$_DFF_PN0_} RESETN DFFASRHQNx1_ASAP7_75t_R 0.802909} {{u_e.g_mac\[0\].g_mi.g_ne\[3\].u_e/q\[0\]$_DFF_PN0_} RESETN DFFASRHQNx1_ASAP7_75t_R 0.802909} {{u_e.g_mac\[0\].g_mi.u_v2x/q$_DFF_PN0_} RESETN DFFASRHQNx1_ASAP7_75t_R 0.802909} {{u_e.g_mac\[0\].g_mi.u_v3/q$_DFF_PN0_} RESETN DFFASRHQNx1_ASAP7_75t_R 0.802909} {place15676 A BUFx3_ASAP7_75t_R 0.693366} {{u_e.g_mac\[0\].g_l3.u_l0.g_p1s.pa_v$_DFF_PN0_} RESETN DFFASRHQNx1_ASAP7_75t_R 0.802909}
cut	u_e.g_mac[0].g_mz.u_rs/q$_DFF_PN0_	QN	DFFASRHQNx1_ASAP7_75t_R	u_e.g_mac\[0\].g_mz.u_rs/_0_	0.577042	{{u_e.g_mac\[0\].g_mz.u_rs/hold40158} A BUFx2_ASAP7_75t_R 0.577042}
positive	u_e.g_mac[0].g_mz.u_rs/q$_DFF_PN0_	u_e.g_mac\[0\].g_l3.u_l0.rst_n	7.919546999999999	{{u_e.g_mac\[0\].g_l3.u_l0.p0_v$_DFF_PN0_} RESETN DFFASRHQNx1_ASAP7_75t_R 0.802909} {{u_e.g_mac\[0\].g_l3.u_l1.p0_v$_DFF_PN0_} RESETN DFFASRHQNx1_ASAP7_75t_R 0.802909} {{u_e.g_mac\[0\].g_mi.g_ne\[0\].u_e/q\[0\]$_DFF_PN0_} RESETN DFFASRHQNx1_ASAP7_75t_R 0.802909} {{u_e.g_mac\[0\].g_mi.g_ne\[1\].u_e/q\[0\]$_DFF_PN0_} RESETN DFFASRHQNx1_ASAP7_75t_R 0.802909} {{u_e.g_mac\[0\].g_mi.g_ne\[2\].u_e/q\[0\]$_DFF_PN0_} RESETN DFFASRHQNx1_ASAP7_75t_R 0.802909} {{u_e.g_mac\[0\].g_mi.g_ne\[3\].u_e/q\[0\]$_DFF_PN0_} RESETN DFFASRHQNx1_ASAP7_75t_R 0.802909} {{u_e.g_mac\[0\].g_mi.u_v2x/q$_DFF_PN0_} RESETN DFFASRHQNx1_ASAP7_75t_R 0.802909} {{u_e.g_mac\[0\].g_mi.u_v3/q$_DFF_PN0_} RESETN DFFASRHQNx1_ASAP7_75t_R 0.802909} {place15676 A BUFx3_ASAP7_75t_R 0.693366} {{u_e.g_mac\[0\].g_l3.u_l0.g_p1s.pa_v$_DFF_PN0_} RESETN DFFASRHQNx1_ASAP7_75t_R 0.802909}
cut	u_e.g_mac[0].g_mz.u_rsc/_2_	Y	INVx3_ASAP7_75t_R	u_e.g_mac\[0\].g_ch3.u_c0.rst_n	2.308168	{hold19579 A BUFx2_ASAP7_75t_R 0.577042} {place15675 A BUFx2_ASAP7_75t_R 0.577042} {place15674 A BUFx2_ASAP7_75t_R 0.577042} {place15672 A BUFx2_ASAP7_75t_R 0.577042}
cut	u_e.g_mac[0].g_mz.u_rsc/q$_DFF_PN0_	QN	DFFASRHQNx1_ASAP7_75t_R	u_e.g_mac\[0\].g_mz.u_rsc/_0_	0.577042	{{u_e.g_mac\[0\].g_mz.u_rsc/hold19584} A BUFx2_ASAP7_75t_R 0.577042}
positive	u_e.g_mac[0].g_mz.u_rsc/q$_DFF_PN0_	u_e.g_mac\[0\].g_ch3.u_c0.rst_n	2.308168	{hold19579 A BUFx2_ASAP7_75t_R 0.577042} {place15675 A BUFx2_ASAP7_75t_R 0.577042} {place15674 A BUFx2_ASAP7_75t_R 0.577042} {place15672 A BUFx2_ASAP7_75t_R 0.577042}
cut	u_e.g_mac[0].g_mz.u_rsp/_2_	Y	INVx3_ASAP7_75t_R	u_e.g_mac\[0\].g_pa2.u_pair.rst_n	1.154084	{hold21472 A BUFx2_ASAP7_75t_R 0.577042} {place15669 A BUFx2_ASAP7_75t_R 0.577042}
cut	u_e.g_mac[0].g_mz.u_rsp/q$_DFF_PN0_	QN	DFFASRHQNx1_ASAP7_75t_R	u_e.g_mac\[0\].g_mz.u_rsp/_0_	0.577042	{{u_e.g_mac\[0\].g_mz.u_rsp/hold21487} A BUFx2_ASAP7_75t_R 0.577042}
positive	u_e.g_mac[0].g_mz.u_rsp/q$_DFF_PN0_	u_e.g_mac\[0\].g_pa2.u_pair.rst_n	1.154084	{hold21472 A BUFx2_ASAP7_75t_R 0.577042} {place15669 A BUFx2_ASAP7_75t_R 0.577042}
cut	u_e.g_mac[0].g_mz.u_rst/_2_	Y	INVx3_ASAP7_75t_R	u_e.g_mac\[0\].g_tr5.u_tree.rst_n	3.820404	{hold35030 A BUFx2_ASAP7_75t_R 0.577042} {place15668 A BUFx6f_ASAP7_75t_R 1.333160} {place15660 A BUFx6f_ASAP7_75t_R 1.333160} {place15653 A BUFx2_ASAP7_75t_R 0.577042}
cut	u_e.g_mac[0].g_mz.u_rst/q$_DFF_PN0_	QN	DFFASRHQNx1_ASAP7_75t_R	u_e.g_mac\[0\].g_mz.u_rst/_0_	0.577042	{{u_e.g_mac\[0\].g_mz.u_rst/hold39376} A BUFx2_ASAP7_75t_R 0.577042}
positive	u_e.g_mac[0].g_mz.u_rst/q$_DFF_PN0_	u_e.g_mac\[0\].g_tr5.u_tree.rst_n	3.820404	{hold35030 A BUFx2_ASAP7_75t_R 0.577042} {place15668 A BUFx6f_ASAP7_75t_R 1.333160} {place15660 A BUFx6f_ASAP7_75t_R 1.333160} {place15653 A BUFx2_ASAP7_75t_R 0.577042}
cut	u_e.g_mac[0].o_err$_DFF_P_	QN	DFFHQNx1_ASAP7_75t_R	_032186_	0.683678	{_299033_ A INVx1_ASAP7_75t_R 0.683678}
positive	u_e.g_mac[0].o_err$_DFF_P_	net1683	0.577042	{output1684 A BUFx2_ASAP7_75t_R 0.577042}
cut	u_e.g_mac[0].o_n[0]$_DFF_P_	QN	DFFHQNx1_ASAP7_75t_R	_022868_	0.577042	{hold40305 A BUFx2_ASAP7_75t_R 0.577042}
positive	u_e.g_mac[0].o_n[0]$_DFF_P_	net1685	0.577042	{output1686 A BUFx2_ASAP7_75t_R 0.577042}
cut	u_e.g_mac[0].o_n[1]$_DFF_P_	QN	DFFHQNx1_ASAP7_75t_R	_022867_	0.577042	{hold44990 A BUFx2_ASAP7_75t_R 0.577042}
positive	u_e.g_mac[0].o_n[1]$_DFF_P_	net1686	0.577042	{output1687 A BUFx2_ASAP7_75t_R 0.577042}
cut	u_e.g_mac[0].o_n[2]$_DFF_P_	QN	DFFHQNx1_ASAP7_75t_R	_022866_	0.683678	{_217682_ A INVx1_ASAP7_75t_R 0.683678}
positive	u_e.g_mac[0].o_n[2]$_DFF_P_	net1687	0.577042	{output1688 A BUFx2_ASAP7_75t_R 0.577042}
cut	u_e.g_mac[0].o_n[3]$_DFF_P_	QN	DFFHQNx1_ASAP7_75t_R	_022865_	0.683678	{_217681_ A INVx1_ASAP7_75t_R 0.683678}
positive	u_e.g_mac[0].o_n[3]$_DFF_P_	net1688	0.577042	{output1689 A BUFx2_ASAP7_75t_R 0.577042}
cut	u_e.g_mac[0].o_n[4]$_DFF_P_	QN	DFFHQNx1_ASAP7_75t_R	_002061_	0.683678	{_157164_ A INVx1_ASAP7_75t_R 0.683678}
positive	u_e.g_mac[0].o_n[4]$_DFF_P_	net1689	0.577042	{output1690 A BUFx2_ASAP7_75t_R 0.577042}
cut	u_e.g_mac[0].o_pos[0]$_DFF_P_	QN	DFFHQNx1_ASAP7_75t_R	_016003_	0.683678	{_167350_ A INVx1_ASAP7_75t_R 0.683678}
positive	u_e.g_mac[0].o_pos[0]$_DFF_P_	net1695	0.577042	{output1696 A BUFx2_ASAP7_75t_R 0.577042}
cut	u_e.g_mac[0].o_pos[1]$_DFF_P_	QN	DFFHQNx1_ASAP7_75t_R	_016002_	0.683678	{_167349_ A INVx1_ASAP7_75t_R 0.683678}
positive	u_e.g_mac[0].o_pos[1]$_DFF_P_	net1696	0.577042	{output1697 A BUFx2_ASAP7_75t_R 0.577042}
cut	u_e.g_mac[0].o_pos[2]$_DFF_P_	QN	DFFHQNx1_ASAP7_75t_R	_032189_	0.683678	{_299036_ A INVx1_ASAP7_75t_R 0.683678}
positive	u_e.g_mac[0].o_pos[2]$_DFF_P_	net1697	0.577042	{output1698 A BUFx2_ASAP7_75t_R 0.577042}
cut	u_e.g_mac[0].o_row[0]$_DFF_P_	QN	DFFHQNx1_ASAP7_75t_R	_016001_	0.577042	{hold40489 A BUFx2_ASAP7_75t_R 0.577042}
positive	u_e.g_mac[0].o_row[0]$_DFF_P_	net1701	0.577042	{output1702 A BUFx2_ASAP7_75t_R 0.577042}
cut	u_e.g_mac[0].o_row[10]$_DFF_P_	QN	DFFHQNx1_ASAP7_75t_R	_015991_	0.577042	{hold40530 A BUFx2_ASAP7_75t_R 0.577042}
positive	u_e.g_mac[0].o_row[10]$_DFF_P_	net1702	0.577042	{output1703 A BUFx2_ASAP7_75t_R 0.577042}
cut	u_e.g_mac[0].o_row[11]$_DFF_P_	QN	DFFHQNx1_ASAP7_75t_R	_015990_	0.577042	{hold40911 A BUFx2_ASAP7_75t_R 0.577042}
positive	u_e.g_mac[0].o_row[11]$_DFF_P_	net1703	0.577042	{output1704 A BUFx2_ASAP7_75t_R 0.577042}
cut	u_e.g_mac[0].o_row[12]$_DFF_P_	QN	DFFHQNx1_ASAP7_75t_R	_015989_	0.577042	{hold44181 A BUFx2_ASAP7_75t_R 0.577042}
positive	u_e.g_mac[0].o_row[12]$_DFF_P_	net1704	0.577042	{output1705 A BUFx2_ASAP7_75t_R 0.577042}
cut	u_e.g_mac[0].o_row[13]$_DFF_P_	QN	DFFHQNx1_ASAP7_75t_R	_015988_	0.577042	{hold40991 A BUFx2_ASAP7_75t_R 0.577042}
positive	u_e.g_mac[0].o_row[13]$_DFF_P_	net1705	0.577042	{output1706 A BUFx2_ASAP7_75t_R 0.577042}
cut	u_e.g_mac[0].o_row[14]$_DFF_P_	QN	DFFHQNx1_ASAP7_75t_R	_015987_	0.577042	{hold41289 A BUFx2_ASAP7_75t_R 0.577042}
positive	u_e.g_mac[0].o_row[14]$_DFF_P_	net1706	0.577042	{output1707 A BUFx2_ASAP7_75t_R 0.577042}
cut	u_e.g_mac[0].o_row[15]$_DFF_P_	QN	DFFHQNx1_ASAP7_75t_R	_032188_	0.577042	{hold41349 A BUFx2_ASAP7_75t_R 0.577042}
positive	u_e.g_mac[0].o_row[15]$_DFF_P_	net1707	0.577042	{output1708 A BUFx2_ASAP7_75t_R 0.577042}
cut	u_e.g_mac[0].o_row[1]$_DFF_P_	QN	DFFHQNx1_ASAP7_75t_R	_016000_	0.577042	{hold40602 A BUFx2_ASAP7_75t_R 0.577042}
positive	u_e.g_mac[0].o_row[1]$_DFF_P_	net1712	0.577042	{output1713 A BUFx2_ASAP7_75t_R 0.577042}
cut	u_e.g_mac[0].o_row[2]$_DFF_P_	QN	DFFHQNx1_ASAP7_75t_R	_015999_	0.577042	{hold40851 A BUFx2_ASAP7_75t_R 0.577042}
positive	u_e.g_mac[0].o_row[2]$_DFF_P_	net1723	0.577042	{output1724 A BUFx2_ASAP7_75t_R 0.577042}
cut	u_e.g_mac[0].o_row[3]$_DFF_P_	QN	DFFHQNx1_ASAP7_75t_R	_015998_	0.577042	{hold45001 A BUFx2_ASAP7_75t_R 0.577042}
positive	u_e.g_mac[0].o_row[3]$_DFF_P_	net1726	0.577042	{output1727 A BUFx2_ASAP7_75t_R 0.577042}
cut	u_e.g_mac[0].o_row[4]$_DFF_P_	QN	DFFHQNx1_ASAP7_75t_R	_015997_	0.577042	{hold44970 A BUFx2_ASAP7_75t_R 0.577042}
positive	u_e.g_mac[0].o_row[4]$_DFF_P_	net1727	0.577042	{output1728 A BUFx2_ASAP7_75t_R 0.577042}
cut	u_e.g_mac[0].o_row[5]$_DFF_P_	QN	DFFHQNx1_ASAP7_75t_R	_015996_	0.577042	{hold45349 A BUFx2_ASAP7_75t_R 0.577042}
positive	u_e.g_mac[0].o_row[5]$_DFF_P_	net1728	0.577042	{output1729 A BUFx2_ASAP7_75t_R 0.577042}
cut	u_e.g_mac[0].o_row[6]$_DFF_P_	QN	DFFHQNx1_ASAP7_75t_R	_015995_	0.577042	{hold41638 A BUFx2_ASAP7_75t_R 0.577042}
positive	u_e.g_mac[0].o_row[6]$_DFF_P_	net1729	0.577042	{output1730 A BUFx2_ASAP7_75t_R 0.577042}
cut	u_e.g_mac[0].o_row[7]$_DFF_P_	QN	DFFHQNx1_ASAP7_75t_R	_015994_	0.577042	{hold40893 A BUFx2_ASAP7_75t_R 0.577042}
positive	u_e.g_mac[0].o_row[7]$_DFF_P_	net1730	0.577042	{output1731 A BUFx2_ASAP7_75t_R 0.577042}
cut	u_e.g_mac[0].o_row[8]$_DFF_P_	QN	DFFHQNx1_ASAP7_75t_R	_015993_	0.577042	{hold40845 A BUFx2_ASAP7_75t_R 0.577042}
positive	u_e.g_mac[0].o_row[8]$_DFF_P_	net1731	0.577042	{output1732 A BUFx2_ASAP7_75t_R 0.577042}
cut	u_e.g_mac[0].o_row[9]$_DFF_P_	QN	DFFHQNx1_ASAP7_75t_R	_015992_	0.577042	{hold41174 A BUFx2_ASAP7_75t_R 0.577042}
positive	u_e.g_mac[0].o_row[9]$_DFF_P_	net1732	0.577042	{output1733 A BUFx2_ASAP7_75t_R 0.577042}
cut	u_e.g_mac[0].o_seg[0]$_DFF_P_	QN	DFFHQNx1_ASAP7_75t_R	_022809_	0.577042	{hold40706 A BUFx2_ASAP7_75t_R 0.577042}
positive	u_e.g_mac[0].o_seg[0]$_DFF_P_	net1733	0.577042	{output1734 A BUFx2_ASAP7_75t_R 0.577042}
cut	u_e.g_mac[0].o_seg[1]$_DFF_P_	QN	DFFHQNx1_ASAP7_75t_R	_022808_	0.577042	{hold41034 A BUFx2_ASAP7_75t_R 0.577042}
positive	u_e.g_mac[0].o_seg[1]$_DFF_P_	net1734	0.577042	{output1735 A BUFx2_ASAP7_75t_R 0.577042}
cut	u_e.g_mac[0].o_seg[2]$_DFF_P_	QN	DFFHQNx1_ASAP7_75t_R	_022807_	0.683678	{_214812_ A INVx1_ASAP7_75t_R 0.683678}
positive	u_e.g_mac[0].o_seg[2]$_DFF_P_	net1735	0.577042	{output1736 A BUFx2_ASAP7_75t_R 0.577042}
cut	u_e.g_mac[0].o_seg[3]$_DFF_P_	QN	DFFHQNx1_ASAP7_75t_R	_022806_	0.577042	{hold41213 A BUFx2_ASAP7_75t_R 0.577042}
positive	u_e.g_mac[0].o_seg[3]$_DFF_P_	net1736	0.577042	{output1737 A BUFx2_ASAP7_75t_R 0.577042}
cut	u_e.g_mac[0].o_seg[4]$_DFF_P_	QN	DFFHQNx1_ASAP7_75t_R	_001924_	0.577042	{hold41354 A BUFx2_ASAP7_75t_R 0.577042}
positive	u_e.g_mac[0].o_seg[4]$_DFF_P_	net1737	0.577042	{output1738 A BUFx2_ASAP7_75t_R 0.577042}
cut	u_e.g_mac[0].o_v$_DFF_PN0_	QN	DFFASRHQNx1_ASAP7_75t_R	_032190_	0.577042	{hold43244 A BUFx2_ASAP7_75t_R 0.577042}
positive	u_e.g_mac[0].o_v$_DFF_PN0_	net1743	0.577042	{output1744 A BUFx2_ASAP7_75t_R 0.577042}
cut	u_e.g_mac[0].o_val[0]$_DFF_P_	QN	DFFHQNx1_ASAP7_75t_R	_015986_	0.683678	{_167333_ A INVx1_ASAP7_75t_R 0.683678}
positive	u_e.g_mac[0].o_val[0]$_DFF_P_	net1745	0.577042	{output1746 A BUFx2_ASAP7_75t_R 0.577042}
cut	u_e.g_mac[0].o_val[10]$_DFF_P_	QN	DFFHQNx1_ASAP7_75t_R	_015976_	0.683678	{_167323_ A INVx1_ASAP7_75t_R 0.683678}
positive	u_e.g_mac[0].o_val[10]$_DFF_P_	net1746	0.577042	{output1747 A BUFx2_ASAP7_75t_R 0.577042}
cut	u_e.g_mac[0].o_val[11]$_DFF_P_	QN	DFFHQNx1_ASAP7_75t_R	_015975_	0.683678	{_167322_ A INVx1_ASAP7_75t_R 0.683678}
positive	u_e.g_mac[0].o_val[11]$_DFF_P_	net1747	0.577042	{output1748 A BUFx2_ASAP7_75t_R 0.577042}
cut	u_e.g_mac[0].o_val[12]$_DFF_P_	QN	DFFHQNx1_ASAP7_75t_R	_015974_	0.683678	{_167321_ A INVx1_ASAP7_75t_R 0.683678}
positive	u_e.g_mac[0].o_val[12]$_DFF_P_	net1748	0.577042	{output1749 A BUFx2_ASAP7_75t_R 0.577042}
cut	u_e.g_mac[0].o_val[13]$_DFF_P_	QN	DFFHQNx1_ASAP7_75t_R	_015973_	0.577042	{hold41976 A BUFx2_ASAP7_75t_R 0.577042}
positive	u_e.g_mac[0].o_val[13]$_DFF_P_	net1749	0.577042	{output1750 A BUFx2_ASAP7_75t_R 0.577042}
cut	u_e.g_mac[0].o_val[14]$_DFF_P_	QN	DFFHQNx1_ASAP7_75t_R	_015972_	0.577042	{hold41366 A BUFx2_ASAP7_75t_R 0.577042}
positive	u_e.g_mac[0].o_val[14]$_DFF_P_	net1750	0.577042	{output1751 A BUFx2_ASAP7_75t_R 0.577042}
cut	u_e.g_mac[0].o_val[15]$_DFF_P_	QN	DFFHQNx1_ASAP7_75t_R	_015971_	0.577042	{hold40984 A BUFx2_ASAP7_75t_R 0.577042}
positive	u_e.g_mac[0].o_val[15]$_DFF_P_	net1751	0.577042	{output1752 A BUFx2_ASAP7_75t_R 0.577042}
cut	u_e.g_mac[0].o_val[16]$_DFF_P_	QN	DFFHQNx1_ASAP7_75t_R	_015970_	0.577042	{hold41002 A BUFx2_ASAP7_75t_R 0.577042}
positive	u_e.g_mac[0].o_val[16]$_DFF_P_	net1752	0.577042	{output1753 A BUFx2_ASAP7_75t_R 0.577042}
cut	u_e.g_mac[0].o_val[17]$_DFF_P_	QN	DFFHQNx1_ASAP7_75t_R	_015969_	0.577042	{hold42081 A BUFx2_ASAP7_75t_R 0.577042}
positive	u_e.g_mac[0].o_val[17]$_DFF_P_	net1753	0.577042	{output1754 A BUFx2_ASAP7_75t_R 0.577042}
cut	u_e.g_mac[0].o_val[18]$_DFF_P_	QN	DFFHQNx1_ASAP7_75t_R	_015968_	0.577042	{hold45249 A BUFx2_ASAP7_75t_R 0.577042}
positive	u_e.g_mac[0].o_val[18]$_DFF_P_	net1754	0.577042	{output1755 A BUFx2_ASAP7_75t_R 0.577042}
cut	u_e.g_mac[0].o_val[19]$_DFF_P_	QN	DFFHQNx1_ASAP7_75t_R	_015967_	0.683678	{_167314_ A INVx1_ASAP7_75t_R 0.683678}
positive	u_e.g_mac[0].o_val[19]$_DFF_P_	net1755	0.577042	{output1756 A BUFx2_ASAP7_75t_R 0.577042}
cut	u_e.g_mac[0].o_val[1]$_DFF_P_	QN	DFFHQNx1_ASAP7_75t_R	_015985_	0.683678	{_167332_ A INVx1_ASAP7_75t_R 0.683678}
positive	u_e.g_mac[0].o_val[1]$_DFF_P_	net1756	0.577042	{output1757 A BUFx2_ASAP7_75t_R 0.577042}
cut	u_e.g_mac[0].o_val[20]$_DFF_P_	QN	DFFHQNx1_ASAP7_75t_R	_015966_	0.577042	{hold41303 A BUFx2_ASAP7_75t_R 0.577042}
positive	u_e.g_mac[0].o_val[20]$_DFF_P_	net1757	0.577042	{output1758 A BUFx2_ASAP7_75t_R 0.577042}
cut	u_e.g_mac[0].o_val[21]$_DFF_P_	QN	DFFHQNx1_ASAP7_75t_R	_015965_	0.683678	{_167312_ A INVx1_ASAP7_75t_R 0.683678}
positive	u_e.g_mac[0].o_val[21]$_DFF_P_	net1758	0.577042	{output1759 A BUFx2_ASAP7_75t_R 0.577042}
cut	u_e.g_mac[0].o_val[22]$_DFF_P_	QN	DFFHQNx1_ASAP7_75t_R	_015964_	0.577042	{hold40614 A BUFx2_ASAP7_75t_R 0.577042}
positive	u_e.g_mac[0].o_val[22]$_DFF_P_	net1759	0.577042	{output1760 A BUFx2_ASAP7_75t_R 0.577042}
cut	u_e.g_mac[0].o_val[23]$_DFF_P_	QN	DFFHQNx1_ASAP7_75t_R	_015963_	0.683678	{_167310_ A INVx1_ASAP7_75t_R 0.683678}
positive	u_e.g_mac[0].o_val[23]$_DFF_P_	net1760	0.577042	{output1761 A BUFx2_ASAP7_75t_R 0.577042}
cut	u_e.g_mac[0].o_val[24]$_DFF_P_	QN	DFFHQNx1_ASAP7_75t_R	_015962_	0.683678	{_167309_ A INVx1_ASAP7_75t_R 0.683678}
positive	u_e.g_mac[0].o_val[24]$_DFF_P_	net1761	0.577042	{output1762 A BUFx2_ASAP7_75t_R 0.577042}
cut	u_e.g_mac[0].o_val[25]$_DFF_P_	QN	DFFHQNx1_ASAP7_75t_R	_015961_	0.683678	{_167308_ A INVx1_ASAP7_75t_R 0.683678}
positive	u_e.g_mac[0].o_val[25]$_DFF_P_	net1762	0.577042	{output1763 A BUFx2_ASAP7_75t_R 0.577042}
cut	u_e.g_mac[0].o_val[26]$_DFF_P_	QN	DFFHQNx1_ASAP7_75t_R	_015960_	0.683678	{_167307_ A INVx1_ASAP7_75t_R 0.683678}
positive	u_e.g_mac[0].o_val[26]$_DFF_P_	net1763	0.577042	{output1764 A BUFx2_ASAP7_75t_R 0.577042}
cut	u_e.g_mac[0].o_val[27]$_DFF_P_	QN	DFFHQNx1_ASAP7_75t_R	_015959_	0.683678	{_167306_ A INVx1_ASAP7_75t_R 0.683678}
positive	u_e.g_mac[0].o_val[27]$_DFF_P_	net1764	0.577042	{output1765 A BUFx2_ASAP7_75t_R 0.577042}
cut	u_e.g_mac[0].o_val[28]$_DFF_P_	QN	DFFHQNx1_ASAP7_75t_R	_015958_	0.683678	{_167305_ A INVx1_ASAP7_75t_R 0.683678}
positive	u_e.g_mac[0].o_val[28]$_DFF_P_	net1765	0.577042	{output1766 A BUFx2_ASAP7_75t_R 0.577042}
cut	u_e.g_mac[0].o_val[29]$_DFF_P_	QN	DFFHQNx1_ASAP7_75t_R	_015957_	0.577042	{hold41207 A BUFx2_ASAP7_75t_R 0.577042}
positive	u_e.g_mac[0].o_val[29]$_DFF_P_	net1766	0.577042	{output1767 A BUFx2_ASAP7_75t_R 0.577042}
cut	u_e.g_mac[0].o_val[2]$_DFF_P_	QN	DFFHQNx1_ASAP7_75t_R	_015984_	0.683678	{_167331_ A INVx1_ASAP7_75t_R 0.683678}
positive	u_e.g_mac[0].o_val[2]$_DFF_P_	net1767	0.577042	{output1768 A BUFx2_ASAP7_75t_R 0.577042}
cut	u_e.g_mac[0].o_val[30]$_DFF_P_	QN	DFFHQNx1_ASAP7_75t_R	_015956_	0.577042	{hold40945 A BUFx2_ASAP7_75t_R 0.577042}
positive	u_e.g_mac[0].o_val[30]$_DFF_P_	net1768	0.577042	{output1769 A BUFx2_ASAP7_75t_R 0.577042}
cut	u_e.g_mac[0].o_val[31]$_DFF_P_	QN	DFFHQNx1_ASAP7_75t_R	_032187_	0.683678	{_299034_ A INVx1_ASAP7_75t_R 0.683678}
positive	u_e.g_mac[0].o_val[31]$_DFF_P_	net1769	0.577042	{output1770 A BUFx2_ASAP7_75t_R 0.577042}
cut	u_e.g_mac[0].o_val[3]$_DFF_P_	QN	DFFHQNx1_ASAP7_75t_R	_015983_	0.683678	{_167330_ A INVx1_ASAP7_75t_R 0.683678}
positive	u_e.g_mac[0].o_val[3]$_DFF_P_	net1778	0.577042	{output1779 A BUFx2_ASAP7_75t_R 0.577042}
cut	u_e.g_mac[0].o_val[4]$_DFF_P_	QN	DFFHQNx1_ASAP7_75t_R	_015982_	0.683678	{_167329_ A INVx1_ASAP7_75t_R 0.683678}
positive	u_e.g_mac[0].o_val[4]$_DFF_P_	net1789	0.577042	{output1790 A BUFx2_ASAP7_75t_R 0.577042}
cut	u_e.g_mac[0].o_val[5]$_DFF_P_	QN	DFFHQNx1_ASAP7_75t_R	_015981_	0.683678	{_167328_ A INVx1_ASAP7_75t_R 0.683678}
positive	u_e.g_mac[0].o_val[5]$_DFF_P_	net1800	0.577042	{output1801 A BUFx2_ASAP7_75t_R 0.577042}
cut	u_e.g_mac[0].o_val[6]$_DFF_P_	QN	DFFHQNx1_ASAP7_75t_R	_015980_	0.683678	{_167327_ A INVx1_ASAP7_75t_R 0.683678}
positive	u_e.g_mac[0].o_val[6]$_DFF_P_	net1805	0.577042	{output1806 A BUFx2_ASAP7_75t_R 0.577042}
cut	u_e.g_mac[0].o_val[7]$_DFF_P_	QN	DFFHQNx1_ASAP7_75t_R	_015979_	0.683678	{_167326_ A INVx1_ASAP7_75t_R 0.683678}
positive	u_e.g_mac[0].o_val[7]$_DFF_P_	net1806	0.577042	{output1807 A BUFx2_ASAP7_75t_R 0.577042}
cut	u_e.g_mac[0].o_val[8]$_DFF_P_	QN	DFFHQNx1_ASAP7_75t_R	_015978_	0.683678	{_167325_ A INVx1_ASAP7_75t_R 0.683678}
positive	u_e.g_mac[0].o_val[8]$_DFF_P_	net1807	0.577042	{output1808 A BUFx2_ASAP7_75t_R 0.577042}
cut	u_e.g_mac[0].o_val[9]$_DFF_P_	QN	DFFHQNx1_ASAP7_75t_R	_015977_	0.683678	{_167324_ A INVx1_ASAP7_75t_R 0.683678}
positive	u_e.g_mac[0].o_val[9]$_DFF_P_	net1808	0.577042	{output1809 A BUFx2_ASAP7_75t_R 0.577042}
cut	u_e.g_mac[1].g_mz.u_rs/_2_	Y	INVx3_ASAP7_75t_R	u_e.g_mac\[1\].g_l3.u_l0.rst_n	1.7311260000000002	{hold19498 A BUFx2_ASAP7_75t_R 0.577042} {place14528 A BUFx2_ASAP7_75t_R 0.577042} {place14527 A BUFx2_ASAP7_75t_R 0.577042}
cut	u_e.g_mac[1].g_mz.u_rs/q$_DFF_PN0_	QN	DFFASRHQNx1_ASAP7_75t_R	u_e.g_mac\[1\].g_mz.u_rs/_0_	0.577042	{{u_e.g_mac\[1\].g_mz.u_rs/hold40015} A BUFx2_ASAP7_75t_R 0.577042}
positive	u_e.g_mac[1].g_mz.u_rs/q$_DFF_PN0_	u_e.g_mac\[1\].g_l3.u_l0.rst_n	1.7311260000000002	{hold19498 A BUFx2_ASAP7_75t_R 0.577042} {place14528 A BUFx2_ASAP7_75t_R 0.577042} {place14527 A BUFx2_ASAP7_75t_R 0.577042}
cut	u_e.g_mac[1].g_mz.u_rsc/_2_	Y	INVx3_ASAP7_75t_R	u_e.g_mac\[1\].g_ch3.u_c0.rst_n	4.911735999999999	{hold19643 A BUFx2_ASAP7_75t_R 0.577042} {place14525 A BUFx6f_ASAP7_75t_R 1.333160} {place14523 A BUFx2_ASAP7_75t_R 0.577042} {place14522 A BUFx2_ASAP7_75t_R 0.577042} {place14521 A BUFx2_ASAP7_75t_R 0.577042} {place14520 A BUFx3_ASAP7_75t_R 0.693366} {place14519 A BUFx2_ASAP7_75t_R 0.577042}
cut	u_e.g_mac[1].g_mz.u_rsc/q$_DFF_PN0_	QN	DFFASRHQNx1_ASAP7_75t_R	u_e.g_mac\[1\].g_mz.u_rsc/_0_	0.577042	{{u_e.g_mac\[1\].g_mz.u_rsc/hold19654} A BUFx2_ASAP7_75t_R 0.577042}
positive	u_e.g_mac[1].g_mz.u_rsc/q$_DFF_PN0_	u_e.g_mac\[1\].g_ch3.u_c0.rst_n	4.911735999999999	{hold19643 A BUFx2_ASAP7_75t_R 0.577042} {place14525 A BUFx6f_ASAP7_75t_R 1.333160} {place14523 A BUFx2_ASAP7_75t_R 0.577042} {place14522 A BUFx2_ASAP7_75t_R 0.577042} {place14521 A BUFx2_ASAP7_75t_R 0.577042} {place14520 A BUFx3_ASAP7_75t_R 0.693366} {place14519 A BUFx2_ASAP7_75t_R 0.577042}
cut	u_e.g_mac[1].g_mz.u_rsp/_2_	Y	INVx3_ASAP7_75t_R	u_e.g_mac\[1\].g_pa2.u_pair.rst_n	11.708224999999999	{hold40357 A BUFx2_ASAP7_75t_R 0.577042} {{u_e.g_mac\[1\].g_pa2.u_pair.y\[26\]$_DFF_PN0_} RESETN DFFASRHQNx1_ASAP7_75t_R 0.802909} {{u_e.g_mac\[1\].g_pa2.u_pair.y\[27\]$_DFF_PN0_} RESETN DFFASRHQNx1_ASAP7_75t_R 0.802909} {{u_e.g_mac\[1\].g_pa2.u_pair.y\[28\]$_DFF_PN0_} RESETN DFFASRHQNx1_ASAP7_75t_R 0.802909} {{u_e.g_mac\[1\].g_pa2.u_pair.y\[29\]$_DFF_PN0_} RESETN DFFASRHQNx1_ASAP7_75t_R 0.802909} {{u_e.g_mac\[1\].g_pa2.u_pair.y\[30\]$_DFF_PN0_} RESETN DFFASRHQNx1_ASAP7_75t_R 0.802909} {place14518 A BUFx3_ASAP7_75t_R 0.693366} {{u_e.g_mac\[1\].g_pa2.u_pair.err\[1\]$_DFF_PN0_} RESETN DFFASRHQNx1_ASAP7_75t_R 0.802909} {{u_e.g_mac\[1\].pr_vp\[7\]$_DFF_PN0_} RESETN DFFASRHQNx1_ASAP7_75t_R 0.802909} {{u_e.g_mac\[1\].pr_vp\[6\]$_DFF_PN0_} RESETN DFFASRHQNx1_ASAP7_75t_R 0.802909} {{u_e.g_mac\[1\].pr_vp\[5\]$_DFF_PN0_} RESETN DFFASRHQNx1_ASAP7_75t_R 0.802909} {{u_e.g_mac\[1\].pr_vp\[4\]$_DFF_PN0_} RESETN DFFASRHQNx1_ASAP7_75t_R 0.802909} {{u_e.g_mac\[1\].pr_vp\[3\]$_DFF_PN0_} RESETN DFFASRHQNx1_ASAP7_75t_R 0.802909} {{u_e.g_mac\[1\].pr_vp\[2\]$_DFF_PN0_} RESETN DFFASRHQNx1_ASAP7_75t_R 0.802909} {{u_e.g_mac\[1\].g_pa2.u_pair.err\[0\]$_DFF_PN0_} RESETN DFFASRHQNx1_ASAP7_75t_R 0.802909}
cut	u_e.g_mac[1].g_mz.u_rsp/q$_DFF_PN0_	QN	DFFASRHQNx1_ASAP7_75t_R	u_e.g_mac\[1\].g_mz.u_rsp/_0_	0.577042	{{u_e.g_mac\[1\].g_mz.u_rsp/hold40356} A BUFx2_ASAP7_75t_R 0.577042}
positive	u_e.g_mac[1].g_mz.u_rsp/q$_DFF_PN0_	u_e.g_mac\[1\].g_pa2.u_pair.rst_n	11.708224999999999	{hold40357 A BUFx2_ASAP7_75t_R 0.577042} {{u_e.g_mac\[1\].g_pa2.u_pair.y\[26\]$_DFF_PN0_} RESETN DFFASRHQNx1_ASAP7_75t_R 0.802909} {{u_e.g_mac\[1\].g_pa2.u_pair.y\[27\]$_DFF_PN0_} RESETN DFFASRHQNx1_ASAP7_75t_R 0.802909} {{u_e.g_mac\[1\].g_pa2.u_pair.y\[28\]$_DFF_PN0_} RESETN DFFASRHQNx1_ASAP7_75t_R 0.802909} {{u_e.g_mac\[1\].g_pa2.u_pair.y\[29\]$_DFF_PN0_} RESETN DFFASRHQNx1_ASAP7_75t_R 0.802909} {{u_e.g_mac\[1\].g_pa2.u_pair.y\[30\]$_DFF_PN0_} RESETN DFFASRHQNx1_ASAP7_75t_R 0.802909} {place14518 A BUFx3_ASAP7_75t_R 0.693366} {{u_e.g_mac\[1\].g_pa2.u_pair.err\[1\]$_DFF_PN0_} RESETN DFFASRHQNx1_ASAP7_75t_R 0.802909} {{u_e.g_mac\[1\].pr_vp\[7\]$_DFF_PN0_} RESETN DFFASRHQNx1_ASAP7_75t_R 0.802909} {{u_e.g_mac\[1\].pr_vp\[6\]$_DFF_PN0_} RESETN DFFASRHQNx1_ASAP7_75t_R 0.802909} {{u_e.g_mac\[1\].pr_vp\[5\]$_DFF_PN0_} RESETN DFFASRHQNx1_ASAP7_75t_R 0.802909} {{u_e.g_mac\[1\].pr_vp\[4\]$_DFF_PN0_} RESETN DFFASRHQNx1_ASAP7_75t_R 0.802909} {{u_e.g_mac\[1\].pr_vp\[3\]$_DFF_PN0_} RESETN DFFASRHQNx1_ASAP7_75t_R 0.802909} {{u_e.g_mac\[1\].pr_vp\[2\]$_DFF_PN0_} RESETN DFFASRHQNx1_ASAP7_75t_R 0.802909} {{u_e.g_mac\[1\].g_pa2.u_pair.err\[0\]$_DFF_PN0_} RESETN DFFASRHQNx1_ASAP7_75t_R 0.802909}
cut	u_e.g_mac[1].g_mz.u_rst/_2_	Y	INVx3_ASAP7_75t_R	u_e.g_mac\[1\].g_tr5.u_tree.rst_n	2.540776	{hold37283 A BUFx2_ASAP7_75t_R 0.577042} {place14517 A BUFx5_ASAP7_75t_R 0.693346} {place14511 A BUFx2_ASAP7_75t_R 0.577042} {place14508 A BUFx5_ASAP7_75t_R 0.693346}
cut	u_e.g_mac[1].g_mz.u_rst/q$_DFF_PN0_	QN	DFFASRHQNx1_ASAP7_75t_R	u_e.g_mac\[1\].g_mz.u_rst/_0_	0.577042	{{u_e.g_mac\[1\].g_mz.u_rst/hold37282} A BUFx2_ASAP7_75t_R 0.577042}
positive	u_e.g_mac[1].g_mz.u_rst/q$_DFF_PN0_	u_e.g_mac\[1\].g_tr5.u_tree.rst_n	2.540776	{hold37283 A BUFx2_ASAP7_75t_R 0.577042} {place14517 A BUFx5_ASAP7_75t_R 0.693346} {place14511 A BUFx2_ASAP7_75t_R 0.577042} {place14508 A BUFx5_ASAP7_75t_R 0.693346}
cut	u_e.g_mac[1].o_err$_DFF_P_	QN	DFFHQNx1_ASAP7_75t_R	_032179_	0.683678	{_299028_ A INVx1_ASAP7_75t_R 0.683678}
positive	u_e.g_mac[1].o_err$_DFF_P_	net1684	0.577042	{output1685 A BUFx2_ASAP7_75t_R 0.577042}
cut	u_e.g_mac[1].o_n[0]$_DFF_P_	QN	DFFHQNx1_ASAP7_75t_R	_022872_	0.577042	{hold45416 A BUFx2_ASAP7_75t_R 0.577042}
positive	u_e.g_mac[1].o_n[0]$_DFF_P_	net1690	0.577042	{output1691 A BUFx2_ASAP7_75t_R 0.577042}
cut	u_e.g_mac[1].o_n[1]$_DFF_P_	QN	DFFHQNx1_ASAP7_75t_R	_022871_	0.577042	{hold44010 A BUFx2_ASAP7_75t_R 0.577042}
positive	u_e.g_mac[1].o_n[1]$_DFF_P_	net1691	0.577042	{output1692 A BUFx2_ASAP7_75t_R 0.577042}
cut	u_e.g_mac[1].o_n[2]$_DFF_P_	QN	DFFHQNx1_ASAP7_75t_R	_022870_	0.577042	{hold43569 A BUFx2_ASAP7_75t_R 0.577042}
positive	u_e.g_mac[1].o_n[2]$_DFF_P_	net1692	0.577042	{output1693 A BUFx2_ASAP7_75t_R 0.577042}
cut	u_e.g_mac[1].o_n[3]$_DFF_P_	QN	DFFHQNx1_ASAP7_75t_R	_022869_	0.577042	{hold40071 A BUFx2_ASAP7_75t_R 0.577042}
positive	u_e.g_mac[1].o_n[3]$_DFF_P_	net1693	0.577042	{output1694 A BUFx2_ASAP7_75t_R 0.577042}
cut	u_e.g_mac[1].o_n[4]$_DFF_P_	QN	DFFHQNx1_ASAP7_75t_R	_002070_	0.683678	{_157166_ A INVx1_ASAP7_75t_R 0.683678}
positive	u_e.g_mac[1].o_n[4]$_DFF_P_	net1694	0.577042	{output1695 A BUFx2_ASAP7_75t_R 0.577042}
cut	u_e.g_mac[1].o_pos[0]$_DFF_P_	QN	DFFHQNx1_ASAP7_75t_R	_015948_	0.683678	{_167295_ A INVx1_ASAP7_75t_R 0.683678}
positive	u_e.g_mac[1].o_pos[0]$_DFF_P_	net1698	0.577042	{output1699 A BUFx2_ASAP7_75t_R 0.577042}
cut	u_e.g_mac[1].o_pos[1]$_DFF_P_	QN	DFFHQNx1_ASAP7_75t_R	_015947_	0.683678	{_167294_ A INVx1_ASAP7_75t_R 0.683678}
positive	u_e.g_mac[1].o_pos[1]$_DFF_P_	net1699	0.577042	{output1700 A BUFx2_ASAP7_75t_R 0.577042}
cut	u_e.g_mac[1].o_pos[2]$_DFF_P_	QN	DFFHQNx1_ASAP7_75t_R	_032182_	0.683678	{_299031_ A INVx1_ASAP7_75t_R 0.683678}
positive	u_e.g_mac[1].o_pos[2]$_DFF_P_	net1700	0.577042	{output1701 A BUFx2_ASAP7_75t_R 0.577042}
cut	u_e.g_mac[1].o_row[0]$_DFF_P_	QN	DFFHQNx1_ASAP7_75t_R	_015946_	0.683678	{_167293_ A INVx1_ASAP7_75t_R 0.683678}
positive	u_e.g_mac[1].o_row[0]$_DFF_P_	net1708	0.577042	{output1709 A BUFx2_ASAP7_75t_R 0.577042}
cut	u_e.g_mac[1].o_row[10]$_DFF_P_	QN	DFFHQNx1_ASAP7_75t_R	_015936_	0.683678	{_167283_ A INVx1_ASAP7_75t_R 0.683678}
positive	u_e.g_mac[1].o_row[10]$_DFF_P_	net1719	0.577042	{output1720 A BUFx2_ASAP7_75t_R 0.577042}
cut	u_e.g_mac[1].o_row[11]$_DFF_P_	QN	DFFHQNx1_ASAP7_75t_R	_015935_	0.577042	{hold45129 A BUFx2_ASAP7_75t_R 0.577042}
positive	u_e.g_mac[1].o_row[11]$_DFF_P_	net1720	0.577042	{output1721 A BUFx2_ASAP7_75t_R 0.577042}
cut	u_e.g_mac[1].o_row[12]$_DFF_P_	QN	DFFHQNx1_ASAP7_75t_R	_015934_	0.683678	{_167281_ A INVx1_ASAP7_75t_R 0.683678}
positive	u_e.g_mac[1].o_row[12]$_DFF_P_	net1721	0.577042	{output1722 A BUFx2_ASAP7_75t_R 0.577042}
cut	u_e.g_mac[1].o_row[13]$_DFF_P_	QN	DFFHQNx1_ASAP7_75t_R	_015933_	0.683678	{_167280_ A INVx1_ASAP7_75t_R 0.683678}
positive	u_e.g_mac[1].o_row[13]$_DFF_P_	net1722	0.577042	{output1723 A BUFx2_ASAP7_75t_R 0.577042}
cut	u_e.g_mac[1].o_row[14]$_DFF_P_	QN	DFFHQNx1_ASAP7_75t_R	_015932_	0.683678	{_167279_ A INVx1_ASAP7_75t_R 0.683678}
positive	u_e.g_mac[1].o_row[14]$_DFF_P_	net1724	0.577042	{output1725 A BUFx2_ASAP7_75t_R 0.577042}
cut	u_e.g_mac[1].o_row[15]$_DFF_P_	QN	DFFHQNx1_ASAP7_75t_R	_032181_	0.683678	{_299030_ A INVx1_ASAP7_75t_R 0.683678}
positive	u_e.g_mac[1].o_row[15]$_DFF_P_	net1725	0.577042	{output1726 A BUFx2_ASAP7_75t_R 0.577042}
cut	u_e.g_mac[1].o_row[1]$_DFF_P_	QN	DFFHQNx1_ASAP7_75t_R	_015945_	0.683678	{_167292_ A INVx1_ASAP7_75t_R 0.683678}
positive	u_e.g_mac[1].o_row[1]$_DFF_P_	net1709	0.577042	{output1710 A BUFx2_ASAP7_75t_R 0.577042}
cut	u_e.g_mac[1].o_row[2]$_DFF_P_	QN	DFFHQNx1_ASAP7_75t_R	_015944_	0.577042	{hold40391 A BUFx2_ASAP7_75t_R 0.577042}
positive	u_e.g_mac[1].o_row[2]$_DFF_P_	net1710	0.577042	{output1711 A BUFx2_ASAP7_75t_R 0.577042}
cut	u_e.g_mac[1].o_row[3]$_DFF_P_	QN	DFFHQNx1_ASAP7_75t_R	_015943_	0.683678	{_167290_ A INVx1_ASAP7_75t_R 0.683678}
positive	u_e.g_mac[1].o_row[3]$_DFF_P_	net1711	0.577042	{output1712 A BUFx2_ASAP7_75t_R 0.577042}
cut	u_e.g_mac[1].o_row[4]$_DFF_P_	QN	DFFHQNx1_ASAP7_75t_R	_015942_	0.683678	{_167289_ A INVx1_ASAP7_75t_R 0.683678}
positive	u_e.g_mac[1].o_row[4]$_DFF_P_	net1713	0.577042	{output1714 A BUFx2_ASAP7_75t_R 0.577042}
cut	u_e.g_mac[1].o_row[5]$_DFF_P_	QN	DFFHQNx1_ASAP7_75t_R	_015941_	0.683678	{_167288_ A INVx1_ASAP7_75t_R 0.683678}
positive	u_e.g_mac[1].o_row[5]$_DFF_P_	net1714	0.577042	{output1715 A BUFx2_ASAP7_75t_R 0.577042}
cut	u_e.g_mac[1].o_row[6]$_DFF_P_	QN	DFFHQNx1_ASAP7_75t_R	_015940_	0.683678	{_167287_ A INVx1_ASAP7_75t_R 0.683678}
positive	u_e.g_mac[1].o_row[6]$_DFF_P_	net1715	0.577042	{output1716 A BUFx2_ASAP7_75t_R 0.577042}
cut	u_e.g_mac[1].o_row[7]$_DFF_P_	QN	DFFHQNx1_ASAP7_75t_R	_015939_	0.683678	{_167286_ A INVx1_ASAP7_75t_R 0.683678}
positive	u_e.g_mac[1].o_row[7]$_DFF_P_	net1716	0.577042	{output1717 A BUFx2_ASAP7_75t_R 0.577042}
cut	u_e.g_mac[1].o_row[8]$_DFF_P_	QN	DFFHQNx1_ASAP7_75t_R	_015938_	0.683678	{_167285_ A INVx1_ASAP7_75t_R 0.683678}
positive	u_e.g_mac[1].o_row[8]$_DFF_P_	net1717	0.577042	{output1718 A BUFx2_ASAP7_75t_R 0.577042}
cut	u_e.g_mac[1].o_row[9]$_DFF_P_	QN	DFFHQNx1_ASAP7_75t_R	_015937_	0.683678	{_167284_ A INVx1_ASAP7_75t_R 0.683678}
positive	u_e.g_mac[1].o_row[9]$_DFF_P_	net1718	0.577042	{output1719 A BUFx2_ASAP7_75t_R 0.577042}
cut	u_e.g_mac[1].o_seg[0]$_DFF_P_	QN	DFFHQNx1_ASAP7_75t_R	_022813_	0.577042	{hold40416 A BUFx2_ASAP7_75t_R 0.577042}
positive	u_e.g_mac[1].o_seg[0]$_DFF_P_	net1738	0.577042	{output1739 A BUFx2_ASAP7_75t_R 0.577042}
cut	u_e.g_mac[1].o_seg[1]$_DFF_P_	QN	DFFHQNx1_ASAP7_75t_R	_022812_	0.577042	{hold40459 A BUFx2_ASAP7_75t_R 0.577042}
positive	u_e.g_mac[1].o_seg[1]$_DFF_P_	net1739	0.577042	{output1740 A BUFx2_ASAP7_75t_R 0.577042}
cut	u_e.g_mac[1].o_seg[2]$_DFF_P_	QN	DFFHQNx1_ASAP7_75t_R	_022811_	0.577042	{hold40999 A BUFx2_ASAP7_75t_R 0.577042}
positive	u_e.g_mac[1].o_seg[2]$_DFF_P_	net1740	0.577042	{output1741 A BUFx2_ASAP7_75t_R 0.577042}
cut	u_e.g_mac[1].o_seg[3]$_DFF_P_	QN	DFFHQNx1_ASAP7_75t_R	_022810_	0.577042	{hold39817 A BUFx2_ASAP7_75t_R 0.577042}
positive	u_e.g_mac[1].o_seg[3]$_DFF_P_	net1741	0.577042	{output1742 A BUFx2_ASAP7_75t_R 0.577042}
cut	u_e.g_mac[1].o_seg[4]$_DFF_P_	QN	DFFHQNx1_ASAP7_75t_R	_001929_	0.577042	{hold40958 A BUFx2_ASAP7_75t_R 0.577042}
positive	u_e.g_mac[1].o_seg[4]$_DFF_P_	net1742	0.577042	{output1743 A BUFx2_ASAP7_75t_R 0.577042}
cut	u_e.g_mac[1].o_v$_DFF_PN0_	QN	DFFASRHQNx1_ASAP7_75t_R	_032183_	0.683678	{_299032_ A INVx1_ASAP7_75t_R 0.683678}
positive	u_e.g_mac[1].o_v$_DFF_PN0_	net1744	0.577042	{output1745 A BUFx2_ASAP7_75t_R 0.577042}
cut	u_e.g_mac[1].o_val[0]$_DFF_P_	QN	DFFHQNx1_ASAP7_75t_R	_015931_	0.577042	{hold40278 A BUFx2_ASAP7_75t_R 0.577042}
positive	u_e.g_mac[1].o_val[0]$_DFF_P_	net1770	0.577042	{output1771 A BUFx2_ASAP7_75t_R 0.577042}
cut	u_e.g_mac[1].o_val[10]$_DFF_P_	QN	DFFHQNx1_ASAP7_75t_R	_015921_	0.577042	{hold41136 A BUFx2_ASAP7_75t_R 0.577042}
positive	u_e.g_mac[1].o_val[10]$_DFF_P_	net1781	0.577042	{output1782 A BUFx2_ASAP7_75t_R 0.577042}
cut	u_e.g_mac[1].o_val[11]$_DFF_P_	QN	DFFHQNx1_ASAP7_75t_R	_015920_	0.683678	{_167267_ A INVx1_ASAP7_75t_R 0.683678}
positive	u_e.g_mac[1].o_val[11]$_DFF_P_	net1782	0.577042	{output1783 A BUFx2_ASAP7_75t_R 0.577042}
cut	u_e.g_mac[1].o_val[12]$_DFF_P_	QN	DFFHQNx1_ASAP7_75t_R	_015919_	0.577042	{hold40324 A BUFx2_ASAP7_75t_R 0.577042}
positive	u_e.g_mac[1].o_val[12]$_DFF_P_	net1783	0.577042	{output1784 A BUFx2_ASAP7_75t_R 0.577042}
cut	u_e.g_mac[1].o_val[13]$_DFF_P_	QN	DFFHQNx1_ASAP7_75t_R	_015918_	0.577042	{hold45087 A BUFx2_ASAP7_75t_R 0.577042}
positive	u_e.g_mac[1].o_val[13]$_DFF_P_	net1784	0.577042	{output1785 A BUFx2_ASAP7_75t_R 0.577042}
cut	u_e.g_mac[1].o_val[14]$_DFF_P_	QN	DFFHQNx1_ASAP7_75t_R	_015917_	0.577042	{hold40517 A BUFx2_ASAP7_75t_R 0.577042}
positive	u_e.g_mac[1].o_val[14]$_DFF_P_	net1785	0.577042	{output1786 A BUFx2_ASAP7_75t_R 0.577042}
cut	u_e.g_mac[1].o_val[15]$_DFF_P_	QN	DFFHQNx1_ASAP7_75t_R	_015916_	0.577042	{hold40379 A BUFx2_ASAP7_75t_R 0.577042}
positive	u_e.g_mac[1].o_val[15]$_DFF_P_	net1786	0.577042	{output1787 A BUFx2_ASAP7_75t_R 0.577042}
cut	u_e.g_mac[1].o_val[16]$_DFF_P_	QN	DFFHQNx1_ASAP7_75t_R	_015915_	0.683678	{_167262_ A INVx1_ASAP7_75t_R 0.683678}
positive	u_e.g_mac[1].o_val[16]$_DFF_P_	net1787	0.577042	{output1788 A BUFx2_ASAP7_75t_R 0.577042}
cut	u_e.g_mac[1].o_val[17]$_DFF_P_	QN	DFFHQNx1_ASAP7_75t_R	_015914_	0.577042	{hold40425 A BUFx2_ASAP7_75t_R 0.577042}
positive	u_e.g_mac[1].o_val[17]$_DFF_P_	net1788	0.577042	{output1789 A BUFx2_ASAP7_75t_R 0.577042}
cut	u_e.g_mac[1].o_val[18]$_DFF_P_	QN	DFFHQNx1_ASAP7_75t_R	_015913_	0.577042	{hold40588 A BUFx2_ASAP7_75t_R 0.577042}
positive	u_e.g_mac[1].o_val[18]$_DFF_P_	net1790	0.577042	{output1791 A BUFx2_ASAP7_75t_R 0.577042}
cut	u_e.g_mac[1].o_val[19]$_DFF_P_	QN	DFFHQNx1_ASAP7_75t_R	_015912_	0.577042	{hold40726 A BUFx2_ASAP7_75t_R 0.577042}
positive	u_e.g_mac[1].o_val[19]$_DFF_P_	net1791	0.577042	{output1792 A BUFx2_ASAP7_75t_R 0.577042}
cut	u_e.g_mac[1].o_val[1]$_DFF_P_	QN	DFFHQNx1_ASAP7_75t_R	_015930_	0.683678	{_167277_ A INVx1_ASAP7_75t_R 0.683678}
positive	u_e.g_mac[1].o_val[1]$_DFF_P_	net1771	0.577042	{output1772 A BUFx2_ASAP7_75t_R 0.577042}
cut	u_e.g_mac[1].o_val[20]$_DFF_P_	QN	DFFHQNx1_ASAP7_75t_R	_015911_	0.577042	{hold40600 A BUFx2_ASAP7_75t_R 0.577042}
positive	u_e.g_mac[1].o_val[20]$_DFF_P_	net1792	0.577042	{output1793 A BUFx2_ASAP7_75t_R 0.577042}
cut	u_e.g_mac[1].o_val[21]$_DFF_P_	QN	DFFHQNx1_ASAP7_75t_R	_015910_	0.577042	{hold40155 A BUFx2_ASAP7_75t_R 0.577042}
positive	u_e.g_mac[1].o_val[21]$_DFF_P_	net1793	0.577042	{output1794 A BUFx2_ASAP7_75t_R 0.577042}
cut	u_e.g_mac[1].o_val[22]$_DFF_P_	QN	DFFHQNx1_ASAP7_75t_R	_015909_	0.683678	{_167256_ A INVx1_ASAP7_75t_R 0.683678}
positive	u_e.g_mac[1].o_val[22]$_DFF_P_	net1794	0.577042	{output1795 A BUFx2_ASAP7_75t_R 0.577042}
cut	u_e.g_mac[1].o_val[23]$_DFF_P_	QN	DFFHQNx1_ASAP7_75t_R	_015908_	0.577042	{hold40400 A BUFx2_ASAP7_75t_R 0.577042}
positive	u_e.g_mac[1].o_val[23]$_DFF_P_	net1795	0.577042	{output1796 A BUFx2_ASAP7_75t_R 0.577042}
cut	u_e.g_mac[1].o_val[24]$_DFF_P_	QN	DFFHQNx1_ASAP7_75t_R	_015907_	0.577042	{hold40258 A BUFx2_ASAP7_75t_R 0.577042}
positive	u_e.g_mac[1].o_val[24]$_DFF_P_	net1796	0.577042	{output1797 A BUFx2_ASAP7_75t_R 0.577042}
cut	u_e.g_mac[1].o_val[25]$_DFF_P_	QN	DFFHQNx1_ASAP7_75t_R	_015906_	0.577042	{hold45159 A BUFx2_ASAP7_75t_R 0.577042}
positive	u_e.g_mac[1].o_val[25]$_DFF_P_	net1797	0.577042	{output1798 A BUFx2_ASAP7_75t_R 0.577042}
cut	u_e.g_mac[1].o_val[26]$_DFF_P_	QN	DFFHQNx1_ASAP7_75t_R	_015905_	0.577042	{hold40070 A BUFx2_ASAP7_75t_R 0.577042}
positive	u_e.g_mac[1].o_val[26]$_DFF_P_	net1798	0.577042	{output1799 A BUFx2_ASAP7_75t_R 0.577042}
cut	u_e.g_mac[1].o_val[27]$_DFF_P_	QN	DFFHQNx1_ASAP7_75t_R	_015904_	0.577042	{hold45043 A BUFx2_ASAP7_75t_R 0.577042}
positive	u_e.g_mac[1].o_val[27]$_DFF_P_	net1799	0.577042	{output1800 A BUFx2_ASAP7_75t_R 0.577042}
cut	u_e.g_mac[1].o_val[28]$_DFF_P_	QN	DFFHQNx1_ASAP7_75t_R	_015903_	0.683678	{_167250_ A INVx1_ASAP7_75t_R 0.683678}
positive	u_e.g_mac[1].o_val[28]$_DFF_P_	net1801	0.577042	{output1802 A BUFx2_ASAP7_75t_R 0.577042}
cut	u_e.g_mac[1].o_val[29]$_DFF_P_	QN	DFFHQNx1_ASAP7_75t_R	_015902_	0.683678	{_167249_ A INVx1_ASAP7_75t_R 0.683678}
positive	u_e.g_mac[1].o_val[29]$_DFF_P_	net1802	0.577042	{output1803 A BUFx2_ASAP7_75t_R 0.577042}
cut	u_e.g_mac[1].o_val[2]$_DFF_P_	QN	DFFHQNx1_ASAP7_75t_R	_015929_	0.683678	{_167276_ A INVx1_ASAP7_75t_R 0.683678}
positive	u_e.g_mac[1].o_val[2]$_DFF_P_	net1772	0.577042	{output1773 A BUFx2_ASAP7_75t_R 0.577042}
cut	u_e.g_mac[1].o_val[30]$_DFF_P_	QN	DFFHQNx1_ASAP7_75t_R	_015901_	0.683678	{_167248_ A INVx1_ASAP7_75t_R 0.683678}
positive	u_e.g_mac[1].o_val[30]$_DFF_P_	net1803	0.577042	{output1804 A BUFx2_ASAP7_75t_R 0.577042}
cut	u_e.g_mac[1].o_val[31]$_DFF_P_	QN	DFFHQNx1_ASAP7_75t_R	_032180_	0.683678	{_299029_ A INVx1_ASAP7_75t_R 0.683678}
positive	u_e.g_mac[1].o_val[31]$_DFF_P_	net1804	0.577042	{output1805 A BUFx2_ASAP7_75t_R 0.577042}
cut	u_e.g_mac[1].o_val[3]$_DFF_P_	QN	DFFHQNx1_ASAP7_75t_R	_015928_	0.577042	{hold39894 A BUFx2_ASAP7_75t_R 0.577042}
positive	u_e.g_mac[1].o_val[3]$_DFF_P_	net1773	0.577042	{output1774 A BUFx2_ASAP7_75t_R 0.577042}
cut	u_e.g_mac[1].o_val[4]$_DFF_P_	QN	DFFHQNx1_ASAP7_75t_R	_015927_	0.577042	{hold44571 A BUFx2_ASAP7_75t_R 0.577042}
positive	u_e.g_mac[1].o_val[4]$_DFF_P_	net1774	0.577042	{output1775 A BUFx2_ASAP7_75t_R 0.577042}
cut	u_e.g_mac[1].o_val[5]$_DFF_P_	QN	DFFHQNx1_ASAP7_75t_R	_015926_	0.577042	{hold41030 A BUFx2_ASAP7_75t_R 0.577042}
positive	u_e.g_mac[1].o_val[5]$_DFF_P_	net1775	0.577042	{output1776 A BUFx2_ASAP7_75t_R 0.577042}
cut	u_e.g_mac[1].o_val[6]$_DFF_P_	QN	DFFHQNx1_ASAP7_75t_R	_015925_	0.577042	{hold39694 A BUFx2_ASAP7_75t_R 0.577042}
positive	u_e.g_mac[1].o_val[6]$_DFF_P_	net1776	0.577042	{output1777 A BUFx2_ASAP7_75t_R 0.577042}
cut	u_e.g_mac[1].o_val[7]$_DFF_P_	QN	DFFHQNx1_ASAP7_75t_R	_015924_	0.683678	{_167271_ A INVx1_ASAP7_75t_R 0.683678}
positive	u_e.g_mac[1].o_val[7]$_DFF_P_	net1777	0.577042	{output1778 A BUFx2_ASAP7_75t_R 0.577042}
cut	u_e.g_mac[1].o_val[8]$_DFF_P_	QN	DFFHQNx1_ASAP7_75t_R	_015923_	0.577042	{hold40944 A BUFx2_ASAP7_75t_R 0.577042}
positive	u_e.g_mac[1].o_val[8]$_DFF_P_	net1779	0.577042	{output1780 A BUFx2_ASAP7_75t_R 0.577042}
cut	u_e.g_mac[1].o_val[9]$_DFF_P_	QN	DFFHQNx1_ASAP7_75t_R	_015922_	0.577042	{hold41175 A BUFx2_ASAP7_75t_R 0.577042}
positive	u_e.g_mac[1].o_val[9]$_DFF_P_	net1780	0.577042	{output1781 A BUFx2_ASAP7_75t_R 0.577042}
cut	u_e.g_qb.b_cdec[0]$_DFF_PN0_	QN	DFFASRHQNx1_ASAP7_75t_R	_017190_	0.577042	{hold33225 A BUFx2_ASAP7_75t_R 0.577042}
cut	u_e.g_qb.b_cdec[1]$_DFF_PN0_	QN	DFFASRHQNx1_ASAP7_75t_R	_017189_	0.577042	{hold19287 A BUFx2_ASAP7_75t_R 0.577042}
cut	u_e.g_qb.b_cdec[2]$_DFF_PN0_	QN	DFFASRHQNx1_ASAP7_75t_R	_017188_	0.577042	{hold34945 A BUFx2_ASAP7_75t_R 0.577042}
cut	u_e.g_qb.b_cdec[3]$_DFF_PN0_	QN	DFFASRHQNx1_ASAP7_75t_R	_017187_	0.577042	{hold34035 A BUFx2_ASAP7_75t_R 0.577042}
cut	u_e.g_qb.b_cdec[4]$_DFF_PN0_	QN	DFFASRHQNx1_ASAP7_75t_R	_017186_	0.577042	{hold19363 A BUFx2_ASAP7_75t_R 0.577042}
cut	u_e.g_qb.b_cdec[5]$_DFF_PN0_	QN	DFFASRHQNx1_ASAP7_75t_R	_017185_	0.577042	{hold25633 A BUFx2_ASAP7_75t_R 0.577042}
cut	u_e.g_qb.b_cdec[6]$_DFF_PN0_	QN	DFFASRHQNx1_ASAP7_75t_R	_017184_	0.577042	{hold20973 A BUFx2_ASAP7_75t_R 0.577042}
cut	u_e.g_qb.b_cdec[7]$_DFF_PN0_	QN	DFFASRHQNx1_ASAP7_75t_R	_032226_	0.577042	{hold33367 A BUFx2_ASAP7_75t_R 0.577042}
cut	u_e.g_qb.b_cfg_a[0]$_DFF_P_	QN	DFFHQNx1_ASAP7_75t_R	_001456_	1.08995	{wire17985 A BUFx4f_ASAP7_75t_R 1.089950}
cut	u_e.g_qb.b_cfg_a[1]$_DFF_P_	QN	DFFHQNx1_ASAP7_75t_R	_001457_	3.9273669999999994	{_259928_ A AND2x2_ASAP7_75t_R 0.565527} {place16838 A BUFx6f_ASAP7_75t_R 1.333160} {_250237_ B XNOR2x2_ASAP7_75t_R 1.014340} {_250349_ B XNOR2x2_ASAP7_75t_R 1.014340}
cut	u_e.g_qb.b_cfg_a[2]$_DFF_P_	QN	DFFHQNx1_ASAP7_75t_R	_001458_	0.693346	{place16836 A BUFx5_ASAP7_75t_R 0.693346}
cut	u_e.g_qb.b_cfg_a[3]$_DFF_P_	QN	DFFHQNx1_ASAP7_75t_R	_000832_	2.556944	{_284794_ A OR4x1_ASAP7_75t_R 0.656930} {_259929_ A AND5x1_ASAP7_75t_R 0.563914} {_250391_ A AND3x1_ASAP7_75t_R 0.652422} {_168418_ A INVx1_ASAP7_75t_R 0.683678}
cut	u_e.g_qb.b_cfg_a[4]$_DFF_P_	QN	DFFHQNx1_ASAP7_75t_R	_000736_	2.416763	{_284723_ C AND4x1_ASAP7_75t_R 0.612111} {_259927_ A INVx1_ASAP7_75t_R 0.683678} {_259919_ C OR5x1_ASAP7_75t_R 0.508527} {_250391_ B AND3x1_ASAP7_75t_R 0.612447}
cut	u_e.g_qb.b_cfg_d[0]$_DFF_P_	QN	DFFHQNx1_ASAP7_75t_R	_017183_	1.31949	{_168444_ A INVx2_ASAP7_75t_R 1.319490}
positive	u_e.g_qb.b_cfg_d[0]$_DFF_P_	u_e.cfg_d\[0\]	1.303486	{place16806 A BUFx3_ASAP7_75t_R 0.693366} {_260249_ A1 OA21x2_ASAP7_75t_R 0.610120}
cut	u_e.g_qb.b_cfg_d[10]$_DFF_P_	QN	DFFHQNx1_ASAP7_75t_R	_017181_	1.31949	{_168434_ A INVx2_ASAP7_75t_R 1.319490}
positive	u_e.g_qb.b_cfg_d[10]$_DFF_P_	u_e.cfg_d\[10\]	4.847882000000001	{place16815 A BUFx2_ASAP7_75t_R 0.577042} {_284865_ A1 OA21x2_ASAP7_75t_R 0.610120} {_284849_ A1 OA21x2_ASAP7_75t_R 0.610120} {_284831_ A1 OA21x2_ASAP7_75t_R 0.610120} {_284812_ A1 OA21x2_ASAP7_75t_R 0.610120} {_284774_ A1 OA21x2_ASAP7_75t_R 0.610120} {_284757_ A1 OA21x2_ASAP7_75t_R 0.610120} {_284739_ A1 OA21x2_ASAP7_75t_R 0.610120}
cut	u_e.g_qb.b_cfg_d[11]$_DFF_P_	QN	DFFHQNx1_ASAP7_75t_R	_017180_	1.31949	{_168433_ A INVx2_ASAP7_75t_R 1.319490}
positive	u_e.g_qb.b_cfg_d[11]$_DFF_P_	u_e.cfg_d\[11\]	4.847882000000001	{place16816 A BUFx2_ASAP7_75t_R 0.577042} {_284863_ A1 OA21x2_ASAP7_75t_R 0.610120} {_284847_ A1 OA21x2_ASAP7_75t_R 0.610120} {_284829_ A1 OA21x2_ASAP7_75t_R 0.610120} {_284810_ A1 OA21x2_ASAP7_75t_R 0.610120} {_284772_ A1 OA21x2_ASAP7_75t_R 0.610120} {_284755_ A1 OA21x2_ASAP7_75t_R 0.610120} {_284737_ A1 OA21x2_ASAP7_75t_R 0.610120}
cut	u_e.g_qb.b_cfg_d[12]$_DFF_P_	QN	DFFHQNx1_ASAP7_75t_R	_017179_	1.31949	{_168432_ A INVx2_ASAP7_75t_R 1.319490}
positive	u_e.g_qb.b_cfg_d[12]$_DFF_P_	u_e.cfg_d\[12\]	4.184119	{place16817 A BUFx2_ASAP7_75t_R 0.577042} {_284861_ A1 OA21x2_ASAP7_75t_R 0.610120} {_284842_ A OR2x2_ASAP7_75t_R 0.561511} {_284824_ A OR2x2_ASAP7_75t_R 0.561511} {_284804_ A OR3x1_ASAP7_75t_R 0.653695} {_284769_ A1 OA21x2_ASAP7_75t_R 0.610120} {_284734_ A1 OA21x2_ASAP7_75t_R 0.610120}
cut	u_e.g_qb.b_cfg_d[13]$_DFF_P_	QN	DFFHQNx1_ASAP7_75t_R	_017178_	1.31949	{_168431_ A INVx2_ASAP7_75t_R 1.319490}
positive	u_e.g_qb.b_cfg_d[13]$_DFF_P_	u_e.cfg_d\[13\]	4.794239	{place16818 A BUFx2_ASAP7_75t_R 0.577042} {_284859_ A1 OA21x2_ASAP7_75t_R 0.610120} {_284840_ A OR2x2_ASAP7_75t_R 0.561511} {_284822_ A OR2x2_ASAP7_75t_R 0.561511} {_284802_ A OR3x1_ASAP7_75t_R 0.653695} {_284784_ A1 OA21x2_ASAP7_75t_R 0.610120} {_284767_ A1 OA21x2_ASAP7_75t_R 0.610120} {_284732_ A1 OA21x2_ASAP7_75t_R 0.610120}
cut	u_e.g_qb.b_cfg_d[14]$_DFF_P_	QN	DFFHQNx1_ASAP7_75t_R	_017177_	0.683678	{_168430_ A INVx1_ASAP7_75t_R 0.683678}
positive	u_e.g_qb.b_cfg_d[14]$_DFF_P_	u_e.cfg_d\[14\]	2.418632	{place16819 A BUFx2_ASAP7_75t_R 0.577042} {{u_e.g_cso.dcd\[14\]$_DFF_P_} D DFFHQNx1_ASAP7_75t_R 0.621350} {_284748_ A1 OA21x2_ASAP7_75t_R 0.610120} {_259936_ A1 OA21x2_ASAP7_75t_R 0.610120}
cut	u_e.g_qb.b_cfg_d[15]$_DFF_P_	QN	DFFHQNx1_ASAP7_75t_R	_017176_	1.31949	{_168429_ A INVx2_ASAP7_75t_R 1.319490}
positive	u_e.g_qb.b_cfg_d[15]$_DFF_P_	u_e.cfg_d\[15\]	4.794239	{place16820 A BUFx2_ASAP7_75t_R 0.577042} {_297127_ A1 OA21x2_ASAP7_75t_R 0.610120} {_297123_ A1 OA21x2_ASAP7_75t_R 0.610120} {_297121_ A1 OA21x2_ASAP7_75t_R 0.610120} {_297118_ A OR3x1_ASAP7_75t_R 0.653695} {_297116_ A OR2x2_ASAP7_75t_R 0.561511} {_297114_ A OR2x2_ASAP7_75t_R 0.561511} {_297113_ A1 OA21x2_ASAP7_75t_R 0.610120}
cut	u_e.g_qb.b_cfg_d[16]$_DFF_P_	QN	DFFHQNx1_ASAP7_75t_R	_017175_	1.762658	{_259930_ A NAND2x1_ASAP7_75t_R 1.078980} {_168428_ A INVx1_ASAP7_75t_R 0.683678}
cut	u_e.g_qb.b_cfg_d[17]$_DFF_P_	QN	DFFHQNx1_ASAP7_75t_R	_017174_	0.683678	{_168427_ A INVx1_ASAP7_75t_R 0.683678}
positive	u_e.g_qb.b_cfg_d[17]$_DFF_P_	u_e.cfg_d\[17\]	1.924836	{load_slew17976 A BUFx3_ASAP7_75t_R 0.693366} {{u_e.g_cso.dcd\[17\]$_DFF_P_} D DFFHQNx1_ASAP7_75t_R 0.621350} {_259926_ A1 OA21x2_ASAP7_75t_R 0.610120}
cut	u_e.g_qb.b_cfg_d[18]$_DFF_P_	QN	DFFHQNx1_ASAP7_75t_R	_017173_	1.31949	{_168426_ A INVx2_ASAP7_75t_R 1.319490}
positive	u_e.g_qb.b_cfg_d[18]$_DFF_P_	u_e.cfg_d\[18\]	6.058787000000001	{{u_e.g_cso.dcd\[18\]$_DFF_P_} D DFFHQNx1_ASAP7_75t_R 0.621350} {_297091_ A1 OA21x2_ASAP7_75t_R 0.610120} {_297089_ A1 OA21x2_ASAP7_75t_R 0.610120} {_297087_ A1 OA21x2_ASAP7_75t_R 0.610120} {_297085_ A1 OA21x2_ASAP7_75t_R 0.610120} {_297082_ A OR3x1_ASAP7_75t_R 0.653695} {_297080_ A OR2x2_ASAP7_75t_R 0.561511} {_297078_ A OR2x2_ASAP7_75t_R 0.561511} {_297077_ A1 OA21x2_ASAP7_75t_R 0.610120} {_259924_ A1 OA21x2_ASAP7_75t_R 0.610120}
cut	u_e.g_qb.b_cfg_d[19]$_DFF_P_	QN	DFFHQNx1_ASAP7_75t_R	_017172_	0.683678	{_168425_ A INVx1_ASAP7_75t_R 0.683678}
positive	u_e.g_qb.b_cfg_d[19]$_DFF_P_	u_e.cfg_d\[19\]	5.448667	{{u_e.g_cso.dcd\[19\]$_DFF_P_} D DFFHQNx1_ASAP7_75t_R 0.621350} {_284941_ A1 OA21x2_ASAP7_75t_R 0.610120} {_284936_ A OR2x2_ASAP7_75t_R 0.561511} {_284931_ A OR2x2_ASAP7_75t_R 0.561511} {_284926_ A OR3x1_ASAP7_75t_R 0.653695} {_284922_ A1 OA21x2_ASAP7_75t_R 0.610120} {_284916_ A1 OA21x2_ASAP7_75t_R 0.610120} {_284910_ A1 OA21x2_ASAP7_75t_R 0.610120} {_284905_ A1 OA21x2_ASAP7_75t_R 0.610120}
cut	u_e.g_qb.b_cfg_d[1]$_DFF_P_	QN	DFFHQNx1_ASAP7_75t_R	u_e.g_qt_hit.g_dp.g_dpk.u_dpc.b\[0\]	2.40123	{_163453_ B XOR2x2_ASAP7_75t_R 1.081740} {_163384_ A INVx2_ASAP7_75t_R 1.319490}
cut	u_e.g_qb.b_cfg_d[20]$_DFF_P_	QN	DFFHQNx1_ASAP7_75t_R	_017171_	0.683678	{_168424_ A INVx1_ASAP7_75t_R 0.683678}
positive	u_e.g_qb.b_cfg_d[20]$_DFF_P_	u_e.cfg_d\[20\]	5.502513000000001	{{u_e.g_cso.dcd\[20\]$_DFF_P_} D DFFHQNx2_ASAP7_75t_R 0.621553} {_284939_ A1 OA21x2_ASAP7_75t_R 0.610120} {_284934_ A1 OA21x2_ASAP7_75t_R 0.610120} {_284929_ A1 OA21x2_ASAP7_75t_R 0.610120} {_284924_ A1 OA21x2_ASAP7_75t_R 0.610120} {_284918_ A1 OA21x2_ASAP7_75t_R 0.610120} {_284912_ A1 OA21x2_ASAP7_75t_R 0.610120} {_284907_ A1 OA21x2_ASAP7_75t_R 0.610120} {_284902_ A1 OA21x2_ASAP7_75t_R 0.610120}
cut	u_e.g_qb.b_cfg_d[21]$_DFF_P_	QN	DFFHQNx1_ASAP7_75t_R	_017170_	0.683678	{_168423_ A INVx1_ASAP7_75t_R 0.683678}
positive	u_e.g_qb.b_cfg_d[21]$_DFF_P_	u_e.cfg_d\[21\]	5.448870000000001	{{u_e.g_cso.dcd\[21\]$_DFF_P_} D DFFHQNx2_ASAP7_75t_R 0.621553} {_297069_ A1 OA21x2_ASAP7_75t_R 0.610120} {_297066_ A1 OA21x2_ASAP7_75t_R 0.610120} {_297063_ A1 OA21x2_ASAP7_75t_R 0.610120} {_297060_ A1 OA21x2_ASAP7_75t_R 0.610120} {_297056_ A OR3x1_ASAP7_75t_R 0.653695} {_297053_ A OR2x2_ASAP7_75t_R 0.561511} {_297050_ A OR2x2_ASAP7_75t_R 0.561511} {_297048_ A1 OA21x2_ASAP7_75t_R 0.610120}
cut	u_e.g_qb.b_cfg_d[22]$_DFF_P_	QN	DFFHQNx1_ASAP7_75t_R	_017169_	0.683678	{_168422_ A INVx1_ASAP7_75t_R 0.683678}
positive	u_e.g_qb.b_cfg_d[22]$_DFF_P_	u_e.cfg_d\[22\]	5.497479000000001	{{u_e.g_cso.dcd\[22\]$_DFF_P_} D DFFHQNx2_ASAP7_75t_R 0.621553} {_297172_ A1 OA21x2_ASAP7_75t_R 0.610120} {_297170_ A1 OA21x2_ASAP7_75t_R 0.610120} {_297168_ A1 OA21x2_ASAP7_75t_R 0.610120} {_297166_ A1 OA21x2_ASAP7_75t_R 0.610120} {_297163_ A OR3x1_ASAP7_75t_R 0.653695} {_297162_ A1 OA21x2_ASAP7_75t_R 0.610120} {_297159_ A OR2x2_ASAP7_75t_R 0.561511} {_297158_ A1 OA21x2_ASAP7_75t_R 0.610120}
cut	u_e.g_qb.b_cfg_d[23]$_DFF_P_	QN	DFFHQNx1_ASAP7_75t_R	_017168_	0.683678	{_168421_ A INVx1_ASAP7_75t_R 0.683678}
positive	u_e.g_qb.b_cfg_d[23]$_DFF_P_	u_e.cfg_d\[23\]	0.577042	{place16821 A BUFx2_ASAP7_75t_R 0.577042}
cut	u_e.g_qb.b_cfg_d[24]$_DFF_P_	QN	DFFHQNx1_ASAP7_75t_R	_017167_	0.683678	{_168420_ A INVx1_ASAP7_75t_R 0.683678}
positive	u_e.g_qb.b_cfg_d[24]$_DFF_P_	u_e.cfg_d\[24\]	0.577042	{place16822 A BUFx2_ASAP7_75t_R 0.577042}
cut	u_e.g_qb.b_cfg_d[25]$_DFF_P_	QN	DFFHQNx1_ASAP7_75t_R	_017166_	0.683678	{_168419_ A INVx1_ASAP7_75t_R 0.683678}
positive	u_e.g_qb.b_cfg_d[25]$_DFF_P_	u_e.cfg_d\[25\]	0.577042	{place16823 A BUFx2_ASAP7_75t_R 0.577042}
cut	u_e.g_qb.b_cfg_d[26]$_DFF_P_	QN	DFFHQNx2_ASAP7_75t_R	_017165_	8.811979999999998	{_298180_ B2 AOI22x1_ASAP7_75t_R 1.233950} {_298181_ A AND3x1_ASAP7_75t_R 0.652422} {_301890_ A AND3x1_ASAP7_75t_R 0.652422} {_301892_ A AND3x1_ASAP7_75t_R 0.652422} {_301894_ A NAND2x1_ASAP7_75t_R 1.078980} {_301896_ A NAND2x1_ASAP7_75t_R 1.078980} {_302003_ A AND3x1_ASAP7_75t_R 0.652422} {_302006_ A AND3x1_ASAP7_75t_R 0.652422} {_302008_ A NAND2x1_ASAP7_75t_R 1.078980} {_302010_ A NAND2x1_ASAP7_75t_R 1.078980}
cut	u_e.g_qb.b_cfg_d[27]$_DFF_P_	QN	DFFHQNx1_ASAP7_75t_R	_017164_	5.118825999999999	{place16834 A BUFx2_ASAP7_75t_R 0.577042} {_302155_ A NAND2x1_ASAP7_75t_R 1.078980} {_302157_ A NAND2x1_ASAP7_75t_R 1.078980} {_306085_ A NAND2x1_ASAP7_75t_R 1.078980} {_306742_ A AND3x1_ASAP7_75t_R 0.652422} {_306744_ A AND3x1_ASAP7_75t_R 0.652422}
cut	u_e.g_qb.b_cfg_d[28]$_DFF_P_	QN	DFFHQNx1_ASAP7_75t_R	_017163_	0.577042	{place16833 A BUFx2_ASAP7_75t_R 0.577042}
cut	u_e.g_qb.b_cfg_d[2]$_DFF_P_	QN	DFFHQNx1_ASAP7_75t_R	u_e.g_qt_hit.g_dp.g_dpk.u_dpc.b\[1\]	3.57348	{_163386_ B MAJx2_ASAP7_75t_R 1.239650} {_163449_ B XNOR2x2_ASAP7_75t_R 1.014340} {_168442_ A INVx2_ASAP7_75t_R 1.319490}
cut	u_e.g_qb.b_cfg_d[3]$_DFF_P_	QN	DFFHQNx1_ASAP7_75t_R	u_e.g_qt_hit.g_dp.g_dpk.u_dpc.b\[2\]	4.1496189999999995	{_163394_ B XNOR2x2_ASAP7_75t_R 1.014340} {_163398_ B AND2x2_ASAP7_75t_R 0.576139} {_163410_ B MAJx2_ASAP7_75t_R 1.239650} {_168441_ A INVx2_ASAP7_75t_R 1.319490}
cut	u_e.g_qb.b_cfg_d[42]$_DFF_P_	QN	DFFHQNx1_ASAP7_75t_R	_032223_	0.577042	{place16832 A BUFx2_ASAP7_75t_R 0.577042}
cut	u_e.g_qb.b_cfg_d[4]$_DFF_P_	QN	DFFHQNx1_ASAP7_75t_R	u_e.g_qt_hit.g_dp.g_dpk.u_dpc.b\[3\]	4.81313	{_163392_ B XNOR2x2_ASAP7_75t_R 1.014340} {_163399_ B MAJx2_ASAP7_75t_R 1.239650} {_163411_ B MAJx2_ASAP7_75t_R 1.239650} {_168440_ A INVx2_ASAP7_75t_R 1.319490}
cut	u_e.g_qb.b_cfg_d[5]$_DFF_P_	QN	DFFHQNx1_ASAP7_75t_R	u_e.g_qt_hit.g_dp.g_dpk.u_dpc.b\[4\]	4.1496189999999995	{_163389_ B XNOR2x2_ASAP7_75t_R 1.014340} {_163400_ B AND2x2_ASAP7_75t_R 0.576139} {_163412_ B MAJx2_ASAP7_75t_R 1.239650} {_168439_ A INVx2_ASAP7_75t_R 1.319490}
cut	u_e.g_qb.b_cfg_d[6]$_DFF_P_	QN	DFFHQNx1_ASAP7_75t_R	u_e.g_qt_hit.g_dp.g_dpk.u_dpc.b\[5\]	4.1496189999999995	{_168989_ B AND2x2_ASAP7_75t_R 0.576139} {_168438_ A INVx2_ASAP7_75t_R 1.319490} {_163401_ B MAJx2_ASAP7_75t_R 1.239650} {_163387_ B XNOR2x2_ASAP7_75t_R 1.014340}
cut	u_e.g_qb.b_cfg_d[7]$_DFF_P_	QN	DFFHQNx1_ASAP7_75t_R	u_e.g_qt_hit.g_dp.g_dpk.u_dpc.b\[6\]	3.57348	{_299290_ B MAJx2_ASAP7_75t_R 1.239650} {_168437_ A INVx2_ASAP7_75t_R 1.319490} {_163405_ B XNOR2x2_ASAP7_75t_R 1.014340}
cut	u_e.g_qb.b_cfg_d[8]$_DFF_P_	QN	DFFHQNx1_ASAP7_75t_R	u_e.g_qt_hit.g_dp.g_dpk.u_dpc.b\[7\]	3.4743000000000004	{_299293_ A XNOR2x2_ASAP7_75t_R 1.075830} {_259947_ A NAND2x1_ASAP7_75t_R 1.078980} {_168436_ A INVx2_ASAP7_75t_R 1.319490}
cut	u_e.g_qb.b_cfg_d[9]$_DFF_P_	QN	DFFHQNx1_ASAP7_75t_R	_017182_	1.31949	{_168435_ A INVx2_ASAP7_75t_R 1.319490}
positive	u_e.g_qb.b_cfg_d[9]$_DFF_P_	u_e.cfg_d\[9\]	4.237762000000001	{place16814 A BUFx2_ASAP7_75t_R 0.577042} {_284867_ A1 OA21x2_ASAP7_75t_R 0.610120} {_284851_ A1 OA21x2_ASAP7_75t_R 0.610120} {_284833_ A1 OA21x2_ASAP7_75t_R 0.610120} {_284814_ A1 OA21x2_ASAP7_75t_R 0.610120} {_284776_ A1 OA21x2_ASAP7_75t_R 0.610120} {_284741_ A1 OA21x2_ASAP7_75t_R 0.610120}
cut	u_e.g_qb.b_cfg_v$_DFF_PN0_	QN	DFFASRHQNx1_ASAP7_75t_R	_032225_	1.808353	{_284794_ D OR4x1_ASAP7_75t_R 0.616670} {_259919_ D OR5x1_ASAP7_75t_R 0.508005} {_250390_ A INVx1_ASAP7_75t_R 0.683678}
cut	u_e.g_qb.b_go$_DFF_PN0_	QN	DFFASRHQNx1_ASAP7_75t_R	_032224_	1.202982	{_299003_ D AND5x1_ASAP7_75t_R 0.519304} {_299002_ A INVx1_ASAP7_75t_R 0.683678}
cut	u_e.g_qb.g_bx.b_xs_b[0]$_DFF_P_	QN	DFFHQNx1_ASAP7_75t_R	_016632_	0.577042	{hold32714 A BUFx2_ASAP7_75t_R 0.577042}
positive	u_e.g_qb.g_bx.b_xs_b[0]$_DFF_P_	u_e.g_qb.g_bx.b_xs_b\[0\]	0.577042	{hold32715 A BUFx2_ASAP7_75t_R 0.577042}
cut	u_e.g_qb.g_bx.b_xs_b[1]$_DFF_P_	QN	DFFHQNx1_ASAP7_75t_R	_016631_	0.577042	{hold22091 A BUFx2_ASAP7_75t_R 0.577042}
positive	u_e.g_qb.g_bx.b_xs_b[1]$_DFF_P_	u_e.g_qb.g_bx.b_xs_b\[1\]	0.577042	{hold22092 A BUFx2_ASAP7_75t_R 0.577042}
cut	u_e.g_qb.g_bx.b_xs_b[2]$_DFF_P_	QN	DFFHQNx1_ASAP7_75t_R	_032216_	0.577042	{hold31138 A BUFx2_ASAP7_75t_R 0.577042}
positive	u_e.g_qb.g_bx.b_xs_b[2]$_DFF_P_	u_e.g_qb.g_bx.b_xs_b\[2\]	0.577042	{hold31139 A BUFx2_ASAP7_75t_R 0.577042}
cut	u_e.g_qb.g_bx.b_xs_e0[0]$_DFF_P_	QN	DFFHQNx1_ASAP7_75t_R	_017153_	0.683678	{_168408_ A INVx1_ASAP7_75t_R 0.683678}
positive	u_e.g_qb.g_bx.b_xs_e0[0]$_DFF_P_	u_e.g_qb.g_bx.b_xs_e0\[0\]	0.62135	{{u_e.g_ir.r_xs_e0\[0\]$_DFF_P_} D DFFHQNx1_ASAP7_75t_R 0.621350}
cut	u_e.g_qb.g_bx.b_xs_e0[1]$_DFF_P_	QN	DFFHQNx1_ASAP7_75t_R	_017152_	0.683678	{_168407_ A INVx1_ASAP7_75t_R 0.683678}
positive	u_e.g_qb.g_bx.b_xs_e0[1]$_DFF_P_	u_e.g_qb.g_bx.b_xs_e0\[1\]	0.62135	{{u_e.g_ir.r_xs_e0\[1\]$_DFF_P_} D DFFHQNx1_ASAP7_75t_R 0.621350}
cut	u_e.g_qb.g_bx.b_xs_e0[2]$_DFF_P_	QN	DFFHQNx1_ASAP7_75t_R	_017151_	0.683678	{_168406_ A INVx1_ASAP7_75t_R 0.683678}
positive	u_e.g_qb.g_bx.b_xs_e0[2]$_DFF_P_	u_e.g_qb.g_bx.b_xs_e0\[2\]	0.62135	{{u_e.g_ir.r_xs_e0\[2\]$_DFF_P_} D DFFHQNx1_ASAP7_75t_R 0.621350}
cut	u_e.g_qb.g_bx.b_xs_e0[3]$_DFF_P_	QN	DFFHQNx1_ASAP7_75t_R	_017150_	0.683678	{_168405_ A INVx1_ASAP7_75t_R 0.683678}
positive	u_e.g_qb.g_bx.b_xs_e0[3]$_DFF_P_	u_e.g_qb.g_bx.b_xs_e0\[3\]	0.62135	{{u_e.g_ir.r_xs_e0\[3\]$_DFF_P_} D DFFHQNx1_ASAP7_75t_R 0.621350}
cut	u_e.g_qb.g_bx.b_xs_e0[4]$_DFF_P_	QN	DFFHQNx1_ASAP7_75t_R	_017149_	0.683678	{_168404_ A INVx1_ASAP7_75t_R 0.683678}
positive	u_e.g_qb.g_bx.b_xs_e0[4]$_DFF_P_	u_e.g_qb.g_bx.b_xs_e0\[4\]	0.62135	{{u_e.g_ir.r_xs_e0\[4\]$_DFF_P_} D DFFHQNx1_ASAP7_75t_R 0.621350}
cut	u_e.g_qb.g_bx.b_xs_e0[5]$_DFF_P_	QN	DFFHQNx1_ASAP7_75t_R	_017148_	0.683678	{_168403_ A INVx1_ASAP7_75t_R 0.683678}
positive	u_e.g_qb.g_bx.b_xs_e0[5]$_DFF_P_	u_e.g_qb.g_bx.b_xs_e0\[5\]	0.62135	{{u_e.g_ir.r_xs_e0\[5\]$_DFF_P_} D DFFHQNx1_ASAP7_75t_R 0.621350}
cut	u_e.g_qb.g_bx.b_xs_e0[6]$_DFF_P_	QN	DFFHQNx1_ASAP7_75t_R	_017147_	0.683678	{_168402_ A INVx1_ASAP7_75t_R 0.683678}
positive	u_e.g_qb.g_bx.b_xs_e0[6]$_DFF_P_	u_e.g_qb.g_bx.b_xs_e0\[6\]	0.62135	{{u_e.g_ir.r_xs_e0\[6\]$_DFF_P_} D DFFHQNx1_ASAP7_75t_R 0.621350}
cut	u_e.g_qb.g_bx.b_xs_e0[7]$_DFF_P_	QN	DFFHQNx1_ASAP7_75t_R	_017146_	0.683678	{_168401_ A INVx1_ASAP7_75t_R 0.683678}
positive	u_e.g_qb.g_bx.b_xs_e0[7]$_DFF_P_	u_e.g_qb.g_bx.b_xs_e0\[7\]	0.62135	{{u_e.g_ir.r_xs_e0\[7\]$_DFF_P_} D DFFHQNx1_ASAP7_75t_R 0.621350}
cut	u_e.g_qb.g_bx.b_xs_e0[8]$_DFF_P_	QN	DFFHQNx1_ASAP7_75t_R	_017145_	0.683678	{_168400_ A INVx1_ASAP7_75t_R 0.683678}
positive	u_e.g_qb.g_bx.b_xs_e0[8]$_DFF_P_	u_e.g_qb.g_bx.b_xs_e0\[8\]	0.62135	{{u_e.g_ir.r_xs_e0\[8\]$_DFF_P_} D DFFHQNx1_ASAP7_75t_R 0.621350}
cut	u_e.g_qb.g_bx.b_xs_e0[9]$_DFF_P_	QN	DFFHQNx1_ASAP7_75t_R	_032220_	0.683678	{_299049_ A INVx1_ASAP7_75t_R 0.683678}
positive	u_e.g_qb.g_bx.b_xs_e0[9]$_DFF_P_	u_e.g_qb.g_bx.b_xs_e0\[9\]	0.62135	{{u_e.g_ir.r_xs_e0\[9\]$_DFF_P_} D DFFHQNx1_ASAP7_75t_R 0.621350}
cut	u_e.g_qb.g_bx.b_xs_e1[0]$_DFF_P_	QN	DFFHQNx1_ASAP7_75t_R	_017162_	0.577042	{hold44743 A BUFx2_ASAP7_75t_R 0.577042}
positive	u_e.g_qb.g_bx.b_xs_e1[0]$_DFF_P_	u_e.g_qb.g_bx.b_xs_e1\[0\]	0.62135	{{u_e.g_ir.r_xs_e1\[0\]$_DFF_P_} D DFFHQNx1_ASAP7_75t_R 0.621350}
cut	u_e.g_qb.g_bx.b_xs_e1[1]$_DFF_P_	QN	DFFHQNx1_ASAP7_75t_R	_017161_	0.577042	{hold41919 A BUFx2_ASAP7_75t_R 0.577042}
positive	u_e.g_qb.g_bx.b_xs_e1[1]$_DFF_P_	u_e.g_qb.g_bx.b_xs_e1\[1\]	0.62135	{{u_e.g_ir.r_xs_e1\[1\]$_DFF_P_} D DFFHQNx1_ASAP7_75t_R 0.621350}
cut	u_e.g_qb.g_bx.b_xs_e1[2]$_DFF_P_	QN	DFFHQNx1_ASAP7_75t_R	_017160_	0.577042	{hold45024 A BUFx2_ASAP7_75t_R 0.577042}
positive	u_e.g_qb.g_bx.b_xs_e1[2]$_DFF_P_	u_e.g_qb.g_bx.b_xs_e1\[2\]	0.62135	{{u_e.g_ir.r_xs_e1\[2\]$_DFF_P_} D DFFHQNx1_ASAP7_75t_R 0.621350}
cut	u_e.g_qb.g_bx.b_xs_e1[3]$_DFF_P_	QN	DFFHQNx1_ASAP7_75t_R	_017159_	0.577042	{hold42171 A BUFx2_ASAP7_75t_R 0.577042}
positive	u_e.g_qb.g_bx.b_xs_e1[3]$_DFF_P_	u_e.g_qb.g_bx.b_xs_e1\[3\]	0.62135	{{u_e.g_ir.r_xs_e1\[3\]$_DFF_P_} D DFFHQNx1_ASAP7_75t_R 0.621350}
cut	u_e.g_qb.g_bx.b_xs_e1[4]$_DFF_P_	QN	DFFHQNx1_ASAP7_75t_R	_017158_	0.577042	{hold34980 A BUFx2_ASAP7_75t_R 0.577042}
positive	u_e.g_qb.g_bx.b_xs_e1[4]$_DFF_P_	u_e.g_qb.g_bx.b_xs_e1\[4\]	0.577042	{hold34981 A BUFx2_ASAP7_75t_R 0.577042}
cut	u_e.g_qb.g_bx.b_xs_e1[5]$_DFF_P_	QN	DFFHQNx1_ASAP7_75t_R	_017157_	0.577042	{hold40777 A BUFx2_ASAP7_75t_R 0.577042}
positive	u_e.g_qb.g_bx.b_xs_e1[5]$_DFF_P_	u_e.g_qb.g_bx.b_xs_e1\[5\]	0.62135	{{u_e.g_ir.r_xs_e1\[5\]$_DFF_P_} D DFFHQNx1_ASAP7_75t_R 0.621350}
cut	u_e.g_qb.g_bx.b_xs_e1[6]$_DFF_P_	QN	DFFHQNx1_ASAP7_75t_R	_017156_	0.577042	{hold40819 A BUFx2_ASAP7_75t_R 0.577042}
positive	u_e.g_qb.g_bx.b_xs_e1[6]$_DFF_P_	u_e.g_qb.g_bx.b_xs_e1\[6\]	0.62135	{{u_e.g_ir.r_xs_e1\[6\]$_DFF_P_} D DFFHQNx1_ASAP7_75t_R 0.621350}
cut	u_e.g_qb.g_bx.b_xs_e1[7]$_DFF_P_	QN	DFFHQNx1_ASAP7_75t_R	_017155_	0.577042	{hold40576 A BUFx2_ASAP7_75t_R 0.577042}
positive	u_e.g_qb.g_bx.b_xs_e1[7]$_DFF_P_	u_e.g_qb.g_bx.b_xs_e1\[7\]	0.62135	{{u_e.g_ir.r_xs_e1\[7\]$_DFF_P_} D DFFHQNx1_ASAP7_75t_R 0.621350}
cut	u_e.g_qb.g_bx.b_xs_e1[8]$_DFF_P_	QN	DFFHQNx1_ASAP7_75t_R	_017154_	0.577042	{hold36195 A BUFx2_ASAP7_75t_R 0.577042}
positive	u_e.g_qb.g_bx.b_xs_e1[8]$_DFF_P_	u_e.g_qb.g_bx.b_xs_e1\[8\]	0.577042	{hold36196 A BUFx2_ASAP7_75t_R 0.577042}
cut	u_e.g_qb.g_bx.b_xs_e1[9]$_DFF_P_	QN	DFFHQNx1_ASAP7_75t_R	_032221_	0.577042	{hold36197 A BUFx2_ASAP7_75t_R 0.577042}
positive	u_e.g_qb.g_bx.b_xs_e1[9]$_DFF_P_	u_e.g_qb.g_bx.b_xs_e1\[9\]	0.577042	{hold36198 A BUFx2_ASAP7_75t_R 0.577042}
cut	u_e.g_qb.g_bx.b_xs_p[0]$_DFF_P_	QN	DFFHQNx1_ASAP7_75t_R	_016630_	2.3397	{_163344_ A INVx1_ASAP7_75t_R 0.683678} {place14212 A BUFx2_ASAP7_75t_R 0.577042} {_163385_ A NAND2x1_ASAP7_75t_R 1.078980}
cut	u_e.g_qb.g_bx.b_xs_p[1]$_DFF_P_	QN	DFFHQNx1_ASAP7_75t_R	_016629_	1.26072	{place14211 A BUFx2_ASAP7_75t_R 0.577042} {_163342_ A INVx1_ASAP7_75t_R 0.683678}
cut	u_e.g_qb.g_bx.b_xs_p[2]$_DFF_P_	QN	DFFHQNx1_ASAP7_75t_R	_016628_	1.26072	{place14210 A BUFx2_ASAP7_75t_R 0.577042} {_163366_ A INVx1_ASAP7_75t_R 0.683678}
cut	u_e.g_qb.g_bx.b_xs_p[3]$_DFF_P_	QN	DFFHQNx1_ASAP7_75t_R	_016627_	1.896532	{place14209 A BUFx2_ASAP7_75t_R 0.577042} {_163364_ A INVx2_ASAP7_75t_R 1.319490}
cut	u_e.g_qb.g_bx.b_xs_p[4]$_DFF_P_	QN	DFFHQNx1_ASAP7_75t_R	_016626_	1.26072	{place14208 A BUFx2_ASAP7_75t_R 0.577042} {_163372_ A INVx1_ASAP7_75t_R 0.683678}
cut	u_e.g_qb.g_bx.b_xs_p[5]$_DFF_P_	QN	DFFHQNx1_ASAP7_75t_R	_016625_	1.26072	{place14207 A BUFx2_ASAP7_75t_R 0.577042} {_163370_ A INVx1_ASAP7_75t_R 0.683678}
cut	u_e.g_qb.g_bx.b_xs_p[6]$_DFF_P_	QN	DFFHQNx1_ASAP7_75t_R	_016624_	1.26072	{place14206 A BUFx2_ASAP7_75t_R 0.577042} {_168986_ A INVx1_ASAP7_75t_R 0.683678}
cut	u_e.g_qb.g_bx.b_xs_p[7]$_DFF_P_	QN	DFFHQNx1_ASAP7_75t_R	_032215_	0.577042	{place14205 A BUFx2_ASAP7_75t_R 0.577042}
cut	u_e.g_qb.g_bx.b_xs_pos[0]$_DFF_P_	QN	DFFHQNx1_ASAP7_75t_R	_016634_	0.577042	{hold23929 A BUFx2_ASAP7_75t_R 0.577042}
positive	u_e.g_qb.g_bx.b_xs_pos[0]$_DFF_P_	u_e.g_qb.g_bx.b_xs_pos\[0\]	0.577042	{hold23930 A BUFx2_ASAP7_75t_R 0.577042}
cut	u_e.g_qb.g_bx.b_xs_pos[1]$_DFF_P_	QN	DFFHQNx1_ASAP7_75t_R	_016633_	0.577042	{hold29274 A BUFx2_ASAP7_75t_R 0.577042}
positive	u_e.g_qb.g_bx.b_xs_pos[1]$_DFF_P_	u_e.g_qb.g_bx.b_xs_pos\[1\]	0.577042	{hold29275 A BUFx2_ASAP7_75t_R 0.577042}
cut	u_e.g_qb.g_bx.b_xs_pos[2]$_DFF_P_	QN	DFFHQNx1_ASAP7_75t_R	_032217_	0.577042	{hold24018 A BUFx2_ASAP7_75t_R 0.577042}
positive	u_e.g_qb.g_bx.b_xs_pos[2]$_DFF_P_	u_e.g_qb.g_bx.b_xs_pos\[2\]	0.577042	{hold24019 A BUFx2_ASAP7_75t_R 0.577042}
cut	u_e.g_qb.g_bx.b_xs_q0[0]$_DFF_P_	QN	DFFHQNx1_ASAP7_75t_R	_016889_	0.577042	{hold45364 A BUFx2_ASAP7_75t_R 0.577042}
positive	u_e.g_qb.g_bx.b_xs_q0[0]$_DFF_P_	u_e.g_qb.g_bx.b_xs_q0\[0\]	0.62135	{{u_e.g_ir.r_xs_q0\[0\]$_DFF_P_} D DFFHQNx1_ASAP7_75t_R 0.621350}
cut	u_e.g_qb.g_bx.b_xs_q0[100]$_DFF_P_	QN	DFFHQNx1_ASAP7_75t_R	_016789_	0.577042	{hold23163 A BUFx2_ASAP7_75t_R 0.577042}
positive	u_e.g_qb.g_bx.b_xs_q0[100]$_DFF_P_	u_e.g_qb.g_bx.b_xs_q0\[100\]	0.577042	{hold23164 A BUFx2_ASAP7_75t_R 0.577042}
cut	u_e.g_qb.g_bx.b_xs_q0[101]$_DFF_P_	QN	DFFHQNx1_ASAP7_75t_R	_016788_	0.577042	{hold29901 A BUFx2_ASAP7_75t_R 0.577042}
positive	u_e.g_qb.g_bx.b_xs_q0[101]$_DFF_P_	u_e.g_qb.g_bx.b_xs_q0\[101\]	0.577042	{hold29902 A BUFx2_ASAP7_75t_R 0.577042}
cut	u_e.g_qb.g_bx.b_xs_q0[102]$_DFF_P_	QN	DFFHQNx1_ASAP7_75t_R	_016787_	0.577042	{hold38863 A BUFx2_ASAP7_75t_R 0.577042}
positive	u_e.g_qb.g_bx.b_xs_q0[102]$_DFF_P_	u_e.g_qb.g_bx.b_xs_q0\[102\]	0.577042	{hold38864 A BUFx2_ASAP7_75t_R 0.577042}
cut	u_e.g_qb.g_bx.b_xs_q0[103]$_DFF_P_	QN	DFFHQNx1_ASAP7_75t_R	_016786_	0.577042	{hold39627 A BUFx2_ASAP7_75t_R 0.577042}
positive	u_e.g_qb.g_bx.b_xs_q0[103]$_DFF_P_	u_e.g_qb.g_bx.b_xs_q0\[103\]	0.62135	{{u_e.g_ir.r_xs_q0\[103\]$_DFF_P_} D DFFHQNx1_ASAP7_75t_R 0.621350}
cut	u_e.g_qb.g_bx.b_xs_q0[104]$_DFF_P_	QN	DFFHQNx1_ASAP7_75t_R	_016785_	0.577042	{hold34378 A BUFx2_ASAP7_75t_R 0.577042}
positive	u_e.g_qb.g_bx.b_xs_q0[104]$_DFF_P_	u_e.g_qb.g_bx.b_xs_q0\[104\]	0.577042	{hold34379 A BUFx2_ASAP7_75t_R 0.577042}
cut	u_e.g_qb.g_bx.b_xs_q0[105]$_DFF_P_	QN	DFFHQNx1_ASAP7_75t_R	_016784_	0.577042	{hold41773 A BUFx2_ASAP7_75t_R 0.577042}
positive	u_e.g_qb.g_bx.b_xs_q0[105]$_DFF_P_	u_e.g_qb.g_bx.b_xs_q0\[105\]	0.62135	{{u_e.g_ir.r_xs_q0\[105\]$_DFF_P_} D DFFHQNx1_ASAP7_75t_R 0.621350}
cut	u_e.g_qb.g_bx.b_xs_q0[106]$_DFF_P_	QN	DFFHQNx1_ASAP7_75t_R	_016783_	0.577042	{hold34921 A BUFx2_ASAP7_75t_R 0.577042}
positive	u_e.g_qb.g_bx.b_xs_q0[106]$_DFF_P_	u_e.g_qb.g_bx.b_xs_q0\[106\]	0.577042	{hold34922 A BUFx2_ASAP7_75t_R 0.577042}
cut	u_e.g_qb.g_bx.b_xs_q0[107]$_DFF_P_	QN	DFFHQNx1_ASAP7_75t_R	_016782_	0.683678	{_168037_ A INVx1_ASAP7_75t_R 0.683678}
positive	u_e.g_qb.g_bx.b_xs_q0[107]$_DFF_P_	u_e.g_qb.g_bx.b_xs_q0\[107\]	0.62135	{{u_e.g_ir.r_xs_q0\[107\]$_DFF_P_} D DFFHQNx1_ASAP7_75t_R 0.621350}
cut	u_e.g_qb.g_bx.b_xs_q0[108]$_DFF_P_	QN	DFFHQNx1_ASAP7_75t_R	_016781_	0.577042	{hold22292 A BUFx2_ASAP7_75t_R 0.577042}
positive	u_e.g_qb.g_bx.b_xs_q0[108]$_DFF_P_	u_e.g_qb.g_bx.b_xs_q0\[108\]	0.577042	{hold22293 A BUFx2_ASAP7_75t_R 0.577042}
cut	u_e.g_qb.g_bx.b_xs_q0[109]$_DFF_P_	QN	DFFHQNx1_ASAP7_75t_R	_016780_	0.577042	{hold41146 A BUFx2_ASAP7_75t_R 0.577042}
positive	u_e.g_qb.g_bx.b_xs_q0[109]$_DFF_P_	u_e.g_qb.g_bx.b_xs_q0\[109\]	0.62135	{{u_e.g_ir.r_xs_q0\[109\]$_DFF_P_} D DFFHQNx1_ASAP7_75t_R 0.621350}
cut	u_e.g_qb.g_bx.b_xs_q0[10]$_DFF_P_	QN	DFFHQNx1_ASAP7_75t_R	_016879_	0.577042	{hold31683 A BUFx2_ASAP7_75t_R 0.577042}
positive	u_e.g_qb.g_bx.b_xs_q0[10]$_DFF_P_	u_e.g_qb.g_bx.b_xs_q0\[10\]	0.577042	{hold31684 A BUFx2_ASAP7_75t_R 0.577042}
cut	u_e.g_qb.g_bx.b_xs_q0[110]$_DFF_P_	QN	DFFHQNx1_ASAP7_75t_R	_016779_	0.577042	{hold41828 A BUFx2_ASAP7_75t_R 0.577042}
positive	u_e.g_qb.g_bx.b_xs_q0[110]$_DFF_P_	u_e.g_qb.g_bx.b_xs_q0\[110\]	0.62135	{{u_e.g_ir.r_xs_q0\[110\]$_DFF_P_} D DFFHQNx1_ASAP7_75t_R 0.621350}
cut	u_e.g_qb.g_bx.b_xs_q0[111]$_DFF_P_	QN	DFFHQNx1_ASAP7_75t_R	_016778_	0.577042	{hold32540 A BUFx2_ASAP7_75t_R 0.577042}
positive	u_e.g_qb.g_bx.b_xs_q0[111]$_DFF_P_	u_e.g_qb.g_bx.b_xs_q0\[111\]	0.577042	{hold32541 A BUFx2_ASAP7_75t_R 0.577042}
cut	u_e.g_qb.g_bx.b_xs_q0[112]$_DFF_P_	QN	DFFHQNx1_ASAP7_75t_R	_016777_	0.577042	{hold44882 A BUFx2_ASAP7_75t_R 0.577042}
positive	u_e.g_qb.g_bx.b_xs_q0[112]$_DFF_P_	u_e.g_qb.g_bx.b_xs_q0\[112\]	0.62135	{{u_e.g_ir.r_xs_q0\[112\]$_DFF_P_} D DFFHQNx1_ASAP7_75t_R 0.621350}
cut	u_e.g_qb.g_bx.b_xs_q0[113]$_DFF_P_	QN	DFFHQNx1_ASAP7_75t_R	_016776_	0.577042	{hold44379 A BUFx2_ASAP7_75t_R 0.577042}
positive	u_e.g_qb.g_bx.b_xs_q0[113]$_DFF_P_	u_e.g_qb.g_bx.b_xs_q0\[113\]	0.62135	{{u_e.g_ir.r_xs_q0\[113\]$_DFF_P_} D DFFHQNx1_ASAP7_75t_R 0.621350}
cut	u_e.g_qb.g_bx.b_xs_q0[114]$_DFF_P_	QN	DFFHQNx1_ASAP7_75t_R	_016775_	0.577042	{hold33258 A BUFx2_ASAP7_75t_R 0.577042}
positive	u_e.g_qb.g_bx.b_xs_q0[114]$_DFF_P_	u_e.g_qb.g_bx.b_xs_q0\[114\]	0.577042	{hold33259 A BUFx2_ASAP7_75t_R 0.577042}
cut	u_e.g_qb.g_bx.b_xs_q0[115]$_DFF_P_	QN	DFFHQNx1_ASAP7_75t_R	_016774_	0.577042	{hold20029 A BUFx2_ASAP7_75t_R 0.577042}
positive	u_e.g_qb.g_bx.b_xs_q0[115]$_DFF_P_	u_e.g_qb.g_bx.b_xs_q0\[115\]	0.577042	{hold20030 A BUFx2_ASAP7_75t_R 0.577042}
cut	u_e.g_qb.g_bx.b_xs_q0[116]$_DFF_P_	QN	DFFHQNx1_ASAP7_75t_R	_016773_	0.577042	{hold19667 A BUFx2_ASAP7_75t_R 0.577042}
positive	u_e.g_qb.g_bx.b_xs_q0[116]$_DFF_P_	u_e.g_qb.g_bx.b_xs_q0\[116\]	0.577042	{hold19668 A BUFx2_ASAP7_75t_R 0.577042}
cut	u_e.g_qb.g_bx.b_xs_q0[117]$_DFF_P_	QN	DFFHQNx1_ASAP7_75t_R	_016772_	0.577042	{hold41372 A BUFx2_ASAP7_75t_R 0.577042}
positive	u_e.g_qb.g_bx.b_xs_q0[117]$_DFF_P_	u_e.g_qb.g_bx.b_xs_q0\[117\]	0.62135	{{u_e.g_ir.r_xs_q0\[117\]$_DFF_P_} D DFFHQNx1_ASAP7_75t_R 0.621350}
cut	u_e.g_qb.g_bx.b_xs_q0[118]$_DFF_P_	QN	DFFHQNx1_ASAP7_75t_R	_016771_	0.577042	{hold19594 A BUFx2_ASAP7_75t_R 0.577042}
positive	u_e.g_qb.g_bx.b_xs_q0[118]$_DFF_P_	u_e.g_qb.g_bx.b_xs_q0\[118\]	0.577042	{hold19595 A BUFx2_ASAP7_75t_R 0.577042}
cut	u_e.g_qb.g_bx.b_xs_q0[119]$_DFF_P_	QN	DFFHQNx1_ASAP7_75t_R	_016770_	0.577042	{hold45311 A BUFx2_ASAP7_75t_R 0.577042}
positive	u_e.g_qb.g_bx.b_xs_q0[119]$_DFF_P_	u_e.g_qb.g_bx.b_xs_q0\[119\]	0.62135	{{u_e.g_ir.r_xs_q0\[119\]$_DFF_P_} D DFFHQNx1_ASAP7_75t_R 0.621350}
cut	u_e.g_qb.g_bx.b_xs_q0[11]$_DFF_P_	QN	DFFHQNx1_ASAP7_75t_R	_016878_	0.577042	{hold32119 A BUFx2_ASAP7_75t_R 0.577042}
positive	u_e.g_qb.g_bx.b_xs_q0[11]$_DFF_P_	u_e.g_qb.g_bx.b_xs_q0\[11\]	0.577042	{hold32120 A BUFx2_ASAP7_75t_R 0.577042}
cut	u_e.g_qb.g_bx.b_xs_q0[120]$_DFF_P_	QN	DFFHQNx1_ASAP7_75t_R	_016769_	0.577042	{hold26576 A BUFx2_ASAP7_75t_R 0.577042}
positive	u_e.g_qb.g_bx.b_xs_q0[120]$_DFF_P_	u_e.g_qb.g_bx.b_xs_q0\[120\]	0.577042	{hold26577 A BUFx2_ASAP7_75t_R 0.577042}
cut	u_e.g_qb.g_bx.b_xs_q0[121]$_DFF_P_	QN	DFFHQNx1_ASAP7_75t_R	_016768_	0.577042	{hold23446 A BUFx2_ASAP7_75t_R 0.577042}
positive	u_e.g_qb.g_bx.b_xs_q0[121]$_DFF_P_	u_e.g_qb.g_bx.b_xs_q0\[121\]	0.577042	{hold23447 A BUFx2_ASAP7_75t_R 0.577042}
cut	u_e.g_qb.g_bx.b_xs_q0[122]$_DFF_P_	QN	DFFHQNx1_ASAP7_75t_R	_016767_	0.577042	{hold30306 A BUFx2_ASAP7_75t_R 0.577042}
positive	u_e.g_qb.g_bx.b_xs_q0[122]$_DFF_P_	u_e.g_qb.g_bx.b_xs_q0\[122\]	0.577042	{hold30307 A BUFx2_ASAP7_75t_R 0.577042}
cut	u_e.g_qb.g_bx.b_xs_q0[123]$_DFF_P_	QN	DFFHQNx1_ASAP7_75t_R	_016766_	0.577042	{hold41093 A BUFx2_ASAP7_75t_R 0.577042}
positive	u_e.g_qb.g_bx.b_xs_q0[123]$_DFF_P_	u_e.g_qb.g_bx.b_xs_q0\[123\]	0.62135	{{u_e.g_ir.r_xs_q0\[123\]$_DFF_P_} D DFFHQNx1_ASAP7_75t_R 0.621350}
cut	u_e.g_qb.g_bx.b_xs_q0[124]$_DFF_P_	QN	DFFHQNx1_ASAP7_75t_R	_016765_	0.577042	{hold40697 A BUFx2_ASAP7_75t_R 0.577042}
positive	u_e.g_qb.g_bx.b_xs_q0[124]$_DFF_P_	u_e.g_qb.g_bx.b_xs_q0\[124\]	0.62135	{{u_e.g_ir.r_xs_q0\[124\]$_DFF_P_} D DFFHQNx1_ASAP7_75t_R 0.621350}
cut	u_e.g_qb.g_bx.b_xs_q0[125]$_DFF_P_	QN	DFFHQNx1_ASAP7_75t_R	_016764_	0.577042	{hold33497 A BUFx2_ASAP7_75t_R 0.577042}
positive	u_e.g_qb.g_bx.b_xs_q0[125]$_DFF_P_	u_e.g_qb.g_bx.b_xs_q0\[125\]	0.577042	{hold33498 A BUFx2_ASAP7_75t_R 0.577042}
cut	u_e.g_qb.g_bx.b_xs_q0[126]$_DFF_P_	QN	DFFHQNx1_ASAP7_75t_R	_016763_	0.577042	{hold23302 A BUFx2_ASAP7_75t_R 0.577042}
positive	u_e.g_qb.g_bx.b_xs_q0[126]$_DFF_P_	u_e.g_qb.g_bx.b_xs_q0\[126\]	0.577042	{hold23303 A BUFx2_ASAP7_75t_R 0.577042}
cut	u_e.g_qb.g_bx.b_xs_q0[127]$_DFF_P_	QN	DFFHQNx1_ASAP7_75t_R	_016762_	0.577042	{hold20110 A BUFx2_ASAP7_75t_R 0.577042}
positive	u_e.g_qb.g_bx.b_xs_q0[127]$_DFF_P_	u_e.g_qb.g_bx.b_xs_q0\[127\]	0.577042	{hold20111 A BUFx2_ASAP7_75t_R 0.577042}
cut	u_e.g_qb.g_bx.b_xs_q0[128]$_DFF_P_	QN	DFFHQNx1_ASAP7_75t_R	_016761_	0.577042	{hold44526 A BUFx2_ASAP7_75t_R 0.577042}
positive	u_e.g_qb.g_bx.b_xs_q0[128]$_DFF_P_	u_e.g_qb.g_bx.b_xs_q0\[128\]	0.62135	{{u_e.g_ir.r_xs_q0\[128\]$_DFF_P_} D DFFHQNx1_ASAP7_75t_R 0.621350}
cut	u_e.g_qb.g_bx.b_xs_q0[129]$_DFF_P_	QN	DFFHQNx1_ASAP7_75t_R	_016760_	0.577042	{hold41722 A BUFx2_ASAP7_75t_R 0.577042}
positive	u_e.g_qb.g_bx.b_xs_q0[129]$_DFF_P_	u_e.g_qb.g_bx.b_xs_q0\[129\]	0.62135	{{u_e.g_ir.r_xs_q0\[129\]$_DFF_P_} D DFFHQNx1_ASAP7_75t_R 0.621350}
cut	u_e.g_qb.g_bx.b_xs_q0[12]$_DFF_P_	QN	DFFHQNx1_ASAP7_75t_R	_016877_	0.577042	{hold22001 A BUFx2_ASAP7_75t_R 0.577042}
positive	u_e.g_qb.g_bx.b_xs_q0[12]$_DFF_P_	u_e.g_qb.g_bx.b_xs_q0\[12\]	0.577042	{hold22002 A BUFx2_ASAP7_75t_R 0.577042}
cut	u_e.g_qb.g_bx.b_xs_q0[130]$_DFF_P_	QN	DFFHQNx1_ASAP7_75t_R	_016759_	0.577042	{hold32934 A BUFx2_ASAP7_75t_R 0.577042}
positive	u_e.g_qb.g_bx.b_xs_q0[130]$_DFF_P_	u_e.g_qb.g_bx.b_xs_q0\[130\]	0.577042	{hold32935 A BUFx2_ASAP7_75t_R 0.577042}
cut	u_e.g_qb.g_bx.b_xs_q0[131]$_DFF_P_	QN	DFFHQNx1_ASAP7_75t_R	_016758_	0.577042	{hold38887 A BUFx2_ASAP7_75t_R 0.577042}
positive	u_e.g_qb.g_bx.b_xs_q0[131]$_DFF_P_	u_e.g_qb.g_bx.b_xs_q0\[131\]	0.577042	{hold38888 A BUFx2_ASAP7_75t_R 0.577042}
cut	u_e.g_qb.g_bx.b_xs_q0[132]$_DFF_P_	QN	DFFHQNx1_ASAP7_75t_R	_016757_	0.577042	{hold19556 A BUFx2_ASAP7_75t_R 0.577042}
positive	u_e.g_qb.g_bx.b_xs_q0[132]$_DFF_P_	u_e.g_qb.g_bx.b_xs_q0\[132\]	0.577042	{hold19557 A BUFx2_ASAP7_75t_R 0.577042}
cut	u_e.g_qb.g_bx.b_xs_q0[133]$_DFF_P_	QN	DFFHQNx1_ASAP7_75t_R	_016756_	0.577042	{hold23951 A BUFx2_ASAP7_75t_R 0.577042}
positive	u_e.g_qb.g_bx.b_xs_q0[133]$_DFF_P_	u_e.g_qb.g_bx.b_xs_q0\[133\]	0.577042	{hold23952 A BUFx2_ASAP7_75t_R 0.577042}
cut	u_e.g_qb.g_bx.b_xs_q0[134]$_DFF_P_	QN	DFFHQNx1_ASAP7_75t_R	_016755_	0.577042	{hold24973 A BUFx2_ASAP7_75t_R 0.577042}
positive	u_e.g_qb.g_bx.b_xs_q0[134]$_DFF_P_	u_e.g_qb.g_bx.b_xs_q0\[134\]	0.577042	{hold24974 A BUFx2_ASAP7_75t_R 0.577042}
cut	u_e.g_qb.g_bx.b_xs_q0[135]$_DFF_P_	QN	DFFHQNx1_ASAP7_75t_R	_016754_	0.577042	{hold22885 A BUFx2_ASAP7_75t_R 0.577042}
positive	u_e.g_qb.g_bx.b_xs_q0[135]$_DFF_P_	u_e.g_qb.g_bx.b_xs_q0\[135\]	0.577042	{hold22886 A BUFx2_ASAP7_75t_R 0.577042}
cut	u_e.g_qb.g_bx.b_xs_q0[136]$_DFF_P_	QN	DFFHQNx1_ASAP7_75t_R	_016753_	0.577042	{hold19821 A BUFx2_ASAP7_75t_R 0.577042}
positive	u_e.g_qb.g_bx.b_xs_q0[136]$_DFF_P_	u_e.g_qb.g_bx.b_xs_q0\[136\]	0.577042	{hold19822 A BUFx2_ASAP7_75t_R 0.577042}
cut	u_e.g_qb.g_bx.b_xs_q0[137]$_DFF_P_	QN	DFFHQNx1_ASAP7_75t_R	_016752_	0.577042	{hold33103 A BUFx2_ASAP7_75t_R 0.577042}
positive	u_e.g_qb.g_bx.b_xs_q0[137]$_DFF_P_	u_e.g_qb.g_bx.b_xs_q0\[137\]	0.577042	{hold33104 A BUFx2_ASAP7_75t_R 0.577042}
cut	u_e.g_qb.g_bx.b_xs_q0[138]$_DFF_P_	QN	DFFHQNx1_ASAP7_75t_R	_016751_	0.577042	{hold39864 A BUFx2_ASAP7_75t_R 0.577042}
positive	u_e.g_qb.g_bx.b_xs_q0[138]$_DFF_P_	u_e.g_qb.g_bx.b_xs_q0\[138\]	0.62135	{{u_e.g_ir.r_xs_q0\[138\]$_DFF_P_} D DFFHQNx1_ASAP7_75t_R 0.621350}
cut	u_e.g_qb.g_bx.b_xs_q0[139]$_DFF_P_	QN	DFFHQNx1_ASAP7_75t_R	_016750_	0.577042	{hold19897 A BUFx2_ASAP7_75t_R 0.577042}
positive	u_e.g_qb.g_bx.b_xs_q0[139]$_DFF_P_	u_e.g_qb.g_bx.b_xs_q0\[139\]	0.577042	{hold19898 A BUFx2_ASAP7_75t_R 0.577042}
cut	u_e.g_qb.g_bx.b_xs_q0[13]$_DFF_P_	QN	DFFHQNx1_ASAP7_75t_R	_016876_	0.577042	{hold30833 A BUFx2_ASAP7_75t_R 0.577042}
positive	u_e.g_qb.g_bx.b_xs_q0[13]$_DFF_P_	u_e.g_qb.g_bx.b_xs_q0\[13\]	0.577042	{hold30834 A BUFx2_ASAP7_75t_R 0.577042}
cut	u_e.g_qb.g_bx.b_xs_q0[140]$_DFF_P_	QN	DFFHQNx1_ASAP7_75t_R	_016749_	0.577042	{hold41812 A BUFx2_ASAP7_75t_R 0.577042}
positive	u_e.g_qb.g_bx.b_xs_q0[140]$_DFF_P_	u_e.g_qb.g_bx.b_xs_q0\[140\]	0.62135	{{u_e.g_ir.r_xs_q0\[140\]$_DFF_P_} D DFFHQNx1_ASAP7_75t_R 0.621350}
cut	u_e.g_qb.g_bx.b_xs_q0[141]$_DFF_P_	QN	DFFHQNx1_ASAP7_75t_R	_016748_	0.577042	{hold33009 A BUFx2_ASAP7_75t_R 0.577042}
positive	u_e.g_qb.g_bx.b_xs_q0[141]$_DFF_P_	u_e.g_qb.g_bx.b_xs_q0\[141\]	0.577042	{hold33010 A BUFx2_ASAP7_75t_R 0.577042}
cut	u_e.g_qb.g_bx.b_xs_q0[142]$_DFF_P_	QN	DFFHQNx1_ASAP7_75t_R	_016747_	0.577042	{hold39579 A BUFx2_ASAP7_75t_R 0.577042}
positive	u_e.g_qb.g_bx.b_xs_q0[142]$_DFF_P_	u_e.g_qb.g_bx.b_xs_q0\[142\]	0.577042	{hold39580 A BUFx2_ASAP7_75t_R 0.577042}
cut	u_e.g_qb.g_bx.b_xs_q0[143]$_DFF_P_	QN	DFFHQNx1_ASAP7_75t_R	_016746_	0.577042	{hold20062 A BUFx2_ASAP7_75t_R 0.577042}
positive	u_e.g_qb.g_bx.b_xs_q0[143]$_DFF_P_	u_e.g_qb.g_bx.b_xs_q0\[143\]	0.577042	{hold20063 A BUFx2_ASAP7_75t_R 0.577042}
cut	u_e.g_qb.g_bx.b_xs_q0[144]$_DFF_P_	QN	DFFHQNx1_ASAP7_75t_R	_016745_	0.577042	{hold25657 A BUFx2_ASAP7_75t_R 0.577042}
positive	u_e.g_qb.g_bx.b_xs_q0[144]$_DFF_P_	u_e.g_qb.g_bx.b_xs_q0\[144\]	0.577042	{hold25658 A BUFx2_ASAP7_75t_R 0.577042}
cut	u_e.g_qb.g_bx.b_xs_q0[145]$_DFF_P_	QN	DFFHQNx1_ASAP7_75t_R	_016744_	0.577042	{hold33262 A BUFx2_ASAP7_75t_R 0.577042}
positive	u_e.g_qb.g_bx.b_xs_q0[145]$_DFF_P_	u_e.g_qb.g_bx.b_xs_q0\[145\]	0.577042	{hold33263 A BUFx2_ASAP7_75t_R 0.577042}
cut	u_e.g_qb.g_bx.b_xs_q0[146]$_DFF_P_	QN	DFFHQNx1_ASAP7_75t_R	_016743_	0.577042	{hold23412 A BUFx2_ASAP7_75t_R 0.577042}
positive	u_e.g_qb.g_bx.b_xs_q0[146]$_DFF_P_	u_e.g_qb.g_bx.b_xs_q0\[146\]	0.577042	{hold23413 A BUFx2_ASAP7_75t_R 0.577042}
cut	u_e.g_qb.g_bx.b_xs_q0[147]$_DFF_P_	QN	DFFHQNx1_ASAP7_75t_R	_016742_	0.577042	{hold34935 A BUFx2_ASAP7_75t_R 0.577042}
positive	u_e.g_qb.g_bx.b_xs_q0[147]$_DFF_P_	u_e.g_qb.g_bx.b_xs_q0\[147\]	0.577042	{hold34936 A BUFx2_ASAP7_75t_R 0.577042}
cut	u_e.g_qb.g_bx.b_xs_q0[148]$_DFF_P_	QN	DFFHQNx1_ASAP7_75t_R	_016741_	0.577042	{hold28868 A BUFx2_ASAP7_75t_R 0.577042}
positive	u_e.g_qb.g_bx.b_xs_q0[148]$_DFF_P_	u_e.g_qb.g_bx.b_xs_q0\[148\]	0.577042	{hold28869 A BUFx2_ASAP7_75t_R 0.577042}
cut	u_e.g_qb.g_bx.b_xs_q0[149]$_DFF_P_	QN	DFFHQNx1_ASAP7_75t_R	_016740_	0.577042	{hold19833 A BUFx2_ASAP7_75t_R 0.577042}
positive	u_e.g_qb.g_bx.b_xs_q0[149]$_DFF_P_	u_e.g_qb.g_bx.b_xs_q0\[149\]	0.577042	{hold19834 A BUFx2_ASAP7_75t_R 0.577042}
cut	u_e.g_qb.g_bx.b_xs_q0[14]$_DFF_P_	QN	DFFHQNx1_ASAP7_75t_R	_016875_	0.577042	{hold23390 A BUFx2_ASAP7_75t_R 0.577042}
positive	u_e.g_qb.g_bx.b_xs_q0[14]$_DFF_P_	u_e.g_qb.g_bx.b_xs_q0\[14\]	0.577042	{hold23391 A BUFx2_ASAP7_75t_R 0.577042}
cut	u_e.g_qb.g_bx.b_xs_q0[150]$_DFF_P_	QN	DFFHQNx1_ASAP7_75t_R	_016739_	0.577042	{hold41348 A BUFx2_ASAP7_75t_R 0.577042}
positive	u_e.g_qb.g_bx.b_xs_q0[150]$_DFF_P_	u_e.g_qb.g_bx.b_xs_q0\[150\]	0.62135	{{u_e.g_ir.r_xs_q0\[150\]$_DFF_P_} D DFFHQNx1_ASAP7_75t_R 0.621350}
cut	u_e.g_qb.g_bx.b_xs_q0[151]$_DFF_P_	QN	DFFHQNx1_ASAP7_75t_R	_016738_	0.577042	{hold19745 A BUFx2_ASAP7_75t_R 0.577042}
positive	u_e.g_qb.g_bx.b_xs_q0[151]$_DFF_P_	u_e.g_qb.g_bx.b_xs_q0\[151\]	0.577042	{hold19746 A BUFx2_ASAP7_75t_R 0.577042}
cut	u_e.g_qb.g_bx.b_xs_q0[152]$_DFF_P_	QN	DFFHQNx1_ASAP7_75t_R	_016737_	0.577042	{hold41399 A BUFx2_ASAP7_75t_R 0.577042}
positive	u_e.g_qb.g_bx.b_xs_q0[152]$_DFF_P_	u_e.g_qb.g_bx.b_xs_q0\[152\]	0.62135	{{u_e.g_ir.r_xs_q0\[152\]$_DFF_P_} D DFFHQNx1_ASAP7_75t_R 0.621350}
cut	u_e.g_qb.g_bx.b_xs_q0[153]$_DFF_P_	QN	DFFHQNx1_ASAP7_75t_R	_016736_	0.577042	{hold35616 A BUFx2_ASAP7_75t_R 0.577042}
positive	u_e.g_qb.g_bx.b_xs_q0[153]$_DFF_P_	u_e.g_qb.g_bx.b_xs_q0\[153\]	0.577042	{hold35617 A BUFx2_ASAP7_75t_R 0.577042}
cut	u_e.g_qb.g_bx.b_xs_q0[154]$_DFF_P_	QN	DFFHQNx1_ASAP7_75t_R	_016735_	0.577042	{hold29527 A BUFx2_ASAP7_75t_R 0.577042}
positive	u_e.g_qb.g_bx.b_xs_q0[154]$_DFF_P_	u_e.g_qb.g_bx.b_xs_q0\[154\]	0.577042	{hold29528 A BUFx2_ASAP7_75t_R 0.577042}
cut	u_e.g_qb.g_bx.b_xs_q0[155]$_DFF_P_	QN	DFFHQNx1_ASAP7_75t_R	_016734_	0.577042	{hold33801 A BUFx2_ASAP7_75t_R 0.577042}
positive	u_e.g_qb.g_bx.b_xs_q0[155]$_DFF_P_	u_e.g_qb.g_bx.b_xs_q0\[155\]	0.577042	{hold33802 A BUFx2_ASAP7_75t_R 0.577042}
cut	u_e.g_qb.g_bx.b_xs_q0[156]$_DFF_P_	QN	DFFHQNx1_ASAP7_75t_R	_016733_	0.577042	{hold34640 A BUFx2_ASAP7_75t_R 0.577042}
positive	u_e.g_qb.g_bx.b_xs_q0[156]$_DFF_P_	u_e.g_qb.g_bx.b_xs_q0\[156\]	0.577042	{hold34641 A BUFx2_ASAP7_75t_R 0.577042}
cut	u_e.g_qb.g_bx.b_xs_q0[157]$_DFF_P_	QN	DFFHQNx1_ASAP7_75t_R	_016732_	0.577042	{hold23027 A BUFx2_ASAP7_75t_R 0.577042}
positive	u_e.g_qb.g_bx.b_xs_q0[157]$_DFF_P_	u_e.g_qb.g_bx.b_xs_q0\[157\]	0.577042	{hold23028 A BUFx2_ASAP7_75t_R 0.577042}
cut	u_e.g_qb.g_bx.b_xs_q0[158]$_DFF_P_	QN	DFFHQNx1_ASAP7_75t_R	_016731_	0.577042	{hold32308 A BUFx2_ASAP7_75t_R 0.577042}
positive	u_e.g_qb.g_bx.b_xs_q0[158]$_DFF_P_	u_e.g_qb.g_bx.b_xs_q0\[158\]	0.577042	{hold32309 A BUFx2_ASAP7_75t_R 0.577042}
cut	u_e.g_qb.g_bx.b_xs_q0[159]$_DFF_P_	QN	DFFHQNx1_ASAP7_75t_R	_016730_	0.577042	{hold23101 A BUFx2_ASAP7_75t_R 0.577042}
positive	u_e.g_qb.g_bx.b_xs_q0[159]$_DFF_P_	u_e.g_qb.g_bx.b_xs_q0\[159\]	0.577042	{hold23102 A BUFx2_ASAP7_75t_R 0.577042}
cut	u_e.g_qb.g_bx.b_xs_q0[15]$_DFF_P_	QN	DFFHQNx1_ASAP7_75t_R	_016874_	0.577042	{hold22821 A BUFx2_ASAP7_75t_R 0.577042}
positive	u_e.g_qb.g_bx.b_xs_q0[15]$_DFF_P_	u_e.g_qb.g_bx.b_xs_q0\[15\]	0.577042	{hold22822 A BUFx2_ASAP7_75t_R 0.577042}
cut	u_e.g_qb.g_bx.b_xs_q0[160]$_DFF_P_	QN	DFFHQNx1_ASAP7_75t_R	_016729_	0.577042	{hold23478 A BUFx2_ASAP7_75t_R 0.577042}
positive	u_e.g_qb.g_bx.b_xs_q0[160]$_DFF_P_	u_e.g_qb.g_bx.b_xs_q0\[160\]	0.577042	{hold23479 A BUFx2_ASAP7_75t_R 0.577042}
cut	u_e.g_qb.g_bx.b_xs_q0[161]$_DFF_P_	QN	DFFHQNx1_ASAP7_75t_R	_016728_	0.577042	{hold30821 A BUFx2_ASAP7_75t_R 0.577042}
positive	u_e.g_qb.g_bx.b_xs_q0[161]$_DFF_P_	u_e.g_qb.g_bx.b_xs_q0\[161\]	0.577042	{hold30822 A BUFx2_ASAP7_75t_R 0.577042}
cut	u_e.g_qb.g_bx.b_xs_q0[162]$_DFF_P_	QN	DFFHQNx1_ASAP7_75t_R	_016727_	0.577042	{hold39888 A BUFx2_ASAP7_75t_R 0.577042}
positive	u_e.g_qb.g_bx.b_xs_q0[162]$_DFF_P_	u_e.g_qb.g_bx.b_xs_q0\[162\]	0.62135	{{u_e.g_ir.r_xs_q0\[162\]$_DFF_P_} D DFFHQNx1_ASAP7_75t_R 0.621350}
cut	u_e.g_qb.g_bx.b_xs_q0[163]$_DFF_P_	QN	DFFHQNx1_ASAP7_75t_R	_016726_	0.577042	{hold21435 A BUFx2_ASAP7_75t_R 0.577042}
positive	u_e.g_qb.g_bx.b_xs_q0[163]$_DFF_P_	u_e.g_qb.g_bx.b_xs_q0\[163\]	0.577042	{hold21436 A BUFx2_ASAP7_75t_R 0.577042}
cut	u_e.g_qb.g_bx.b_xs_q0[164]$_DFF_P_	QN	DFFHQNx1_ASAP7_75t_R	_016725_	0.577042	{hold40714 A BUFx2_ASAP7_75t_R 0.577042}
positive	u_e.g_qb.g_bx.b_xs_q0[164]$_DFF_P_	u_e.g_qb.g_bx.b_xs_q0\[164\]	0.62135	{{u_e.g_ir.r_xs_q0\[164\]$_DFF_P_} D DFFHQNx1_ASAP7_75t_R 0.621350}
cut	u_e.g_qb.g_bx.b_xs_q0[165]$_DFF_P_	QN	DFFHQNx1_ASAP7_75t_R	_016724_	0.577042	{hold33307 A BUFx2_ASAP7_75t_R 0.577042}
positive	u_e.g_qb.g_bx.b_xs_q0[165]$_DFF_P_	u_e.g_qb.g_bx.b_xs_q0\[165\]	0.577042	{hold33308 A BUFx2_ASAP7_75t_R 0.577042}
cut	u_e.g_qb.g_bx.b_xs_q0[166]$_DFF_P_	QN	DFFHQNx1_ASAP7_75t_R	_016723_	0.577042	{hold23752 A BUFx2_ASAP7_75t_R 0.577042}
positive	u_e.g_qb.g_bx.b_xs_q0[166]$_DFF_P_	u_e.g_qb.g_bx.b_xs_q0\[166\]	0.577042	{hold23753 A BUFx2_ASAP7_75t_R 0.577042}
cut	u_e.g_qb.g_bx.b_xs_q0[167]$_DFF_P_	QN	DFFHQNx1_ASAP7_75t_R	_016722_	0.577042	{hold32430 A BUFx2_ASAP7_75t_R 0.577042}
positive	u_e.g_qb.g_bx.b_xs_q0[167]$_DFF_P_	u_e.g_qb.g_bx.b_xs_q0\[167\]	0.577042	{hold32431 A BUFx2_ASAP7_75t_R 0.577042}
cut	u_e.g_qb.g_bx.b_xs_q0[168]$_DFF_P_	QN	DFFHQNx1_ASAP7_75t_R	_016721_	0.577042	{hold23376 A BUFx2_ASAP7_75t_R 0.577042}
positive	u_e.g_qb.g_bx.b_xs_q0[168]$_DFF_P_	u_e.g_qb.g_bx.b_xs_q0\[168\]	0.577042	{hold23377 A BUFx2_ASAP7_75t_R 0.577042}
cut	u_e.g_qb.g_bx.b_xs_q0[169]$_DFF_P_	QN	DFFHQNx1_ASAP7_75t_R	_016720_	0.577042	{hold30276 A BUFx2_ASAP7_75t_R 0.577042}
positive	u_e.g_qb.g_bx.b_xs_q0[169]$_DFF_P_	u_e.g_qb.g_bx.b_xs_q0\[169\]	0.577042	{hold30277 A BUFx2_ASAP7_75t_R 0.577042}
cut	u_e.g_qb.g_bx.b_xs_q0[16]$_DFF_P_	QN	DFFHQNx1_ASAP7_75t_R	_016873_	0.683678	{_168128_ A INVx1_ASAP7_75t_R 0.683678}
positive	u_e.g_qb.g_bx.b_xs_q0[16]$_DFF_P_	u_e.g_qb.g_bx.b_xs_q0\[16\]	0.62135	{{u_e.g_ir.r_xs_q0\[16\]$_DFF_P_} D DFFHQNx1_ASAP7_75t_R 0.621350}
cut	u_e.g_qb.g_bx.b_xs_q0[170]$_DFF_P_	QN	DFFHQNx1_ASAP7_75t_R	_016719_	0.577042	{hold23816 A BUFx2_ASAP7_75t_R 0.577042}
positive	u_e.g_qb.g_bx.b_xs_q0[170]$_DFF_P_	u_e.g_qb.g_bx.b_xs_q0\[170\]	0.577042	{hold23817 A BUFx2_ASAP7_75t_R 0.577042}
cut	u_e.g_qb.g_bx.b_xs_q0[171]$_DFF_P_	QN	DFFHQNx1_ASAP7_75t_R	_016718_	0.577042	{hold40397 A BUFx2_ASAP7_75t_R 0.577042}
positive	u_e.g_qb.g_bx.b_xs_q0[171]$_DFF_P_	u_e.g_qb.g_bx.b_xs_q0\[171\]	0.62135	{{u_e.g_ir.r_xs_q0\[171\]$_DFF_P_} D DFFHQNx1_ASAP7_75t_R 0.621350}
cut	u_e.g_qb.g_bx.b_xs_q0[172]$_DFF_P_	QN	DFFHQNx1_ASAP7_75t_R	_016717_	0.577042	{hold22085 A BUFx2_ASAP7_75t_R 0.577042}
positive	u_e.g_qb.g_bx.b_xs_q0[172]$_DFF_P_	u_e.g_qb.g_bx.b_xs_q0\[172\]	0.577042	{hold22086 A BUFx2_ASAP7_75t_R 0.577042}
cut	u_e.g_qb.g_bx.b_xs_q0[173]$_DFF_P_	QN	DFFHQNx1_ASAP7_75t_R	_016716_	0.577042	{hold21011 A BUFx2_ASAP7_75t_R 0.577042}
positive	u_e.g_qb.g_bx.b_xs_q0[173]$_DFF_P_	u_e.g_qb.g_bx.b_xs_q0\[173\]	0.577042	{hold21012 A BUFx2_ASAP7_75t_R 0.577042}
cut	u_e.g_qb.g_bx.b_xs_q0[174]$_DFF_P_	QN	DFFHQNx1_ASAP7_75t_R	_016715_	0.577042	{hold21989 A BUFx2_ASAP7_75t_R 0.577042}
positive	u_e.g_qb.g_bx.b_xs_q0[174]$_DFF_P_	u_e.g_qb.g_bx.b_xs_q0\[174\]	0.577042	{hold21990 A BUFx2_ASAP7_75t_R 0.577042}
cut	u_e.g_qb.g_bx.b_xs_q0[175]$_DFF_P_	QN	DFFHQNx1_ASAP7_75t_R	_016714_	0.577042	{hold27300 A BUFx2_ASAP7_75t_R 0.577042}
positive	u_e.g_qb.g_bx.b_xs_q0[175]$_DFF_P_	u_e.g_qb.g_bx.b_xs_q0\[175\]	0.577042	{hold27301 A BUFx2_ASAP7_75t_R 0.577042}
cut	u_e.g_qb.g_bx.b_xs_q0[176]$_DFF_P_	QN	DFFHQNx1_ASAP7_75t_R	_016713_	0.577042	{hold26814 A BUFx2_ASAP7_75t_R 0.577042}
positive	u_e.g_qb.g_bx.b_xs_q0[176]$_DFF_P_	u_e.g_qb.g_bx.b_xs_q0\[176\]	0.577042	{hold26815 A BUFx2_ASAP7_75t_R 0.577042}
cut	u_e.g_qb.g_bx.b_xs_q0[177]$_DFF_P_	QN	DFFHQNx1_ASAP7_75t_R	_016712_	0.577042	{hold30375 A BUFx2_ASAP7_75t_R 0.577042}
positive	u_e.g_qb.g_bx.b_xs_q0[177]$_DFF_P_	u_e.g_qb.g_bx.b_xs_q0\[177\]	0.577042	{hold30376 A BUFx2_ASAP7_75t_R 0.577042}
cut	u_e.g_qb.g_bx.b_xs_q0[178]$_DFF_P_	QN	DFFHQNx1_ASAP7_75t_R	_016711_	0.577042	{hold30610 A BUFx2_ASAP7_75t_R 0.577042}
positive	u_e.g_qb.g_bx.b_xs_q0[178]$_DFF_P_	u_e.g_qb.g_bx.b_xs_q0\[178\]	0.577042	{hold30611 A BUFx2_ASAP7_75t_R 0.577042}
cut	u_e.g_qb.g_bx.b_xs_q0[179]$_DFF_P_	QN	DFFHQNx1_ASAP7_75t_R	_016710_	0.577042	{hold33641 A BUFx2_ASAP7_75t_R 0.577042}
positive	u_e.g_qb.g_bx.b_xs_q0[179]$_DFF_P_	u_e.g_qb.g_bx.b_xs_q0\[179\]	0.577042	{hold33642 A BUFx2_ASAP7_75t_R 0.577042}
cut	u_e.g_qb.g_bx.b_xs_q0[17]$_DFF_P_	QN	DFFHQNx1_ASAP7_75t_R	_016872_	0.577042	{hold30918 A BUFx2_ASAP7_75t_R 0.577042}
positive	u_e.g_qb.g_bx.b_xs_q0[17]$_DFF_P_	u_e.g_qb.g_bx.b_xs_q0\[17\]	0.577042	{hold30919 A BUFx2_ASAP7_75t_R 0.577042}
cut	u_e.g_qb.g_bx.b_xs_q0[180]$_DFF_P_	QN	DFFHQNx1_ASAP7_75t_R	_016709_	0.577042	{hold22495 A BUFx2_ASAP7_75t_R 0.577042}
positive	u_e.g_qb.g_bx.b_xs_q0[180]$_DFF_P_	u_e.g_qb.g_bx.b_xs_q0\[180\]	0.577042	{hold22496 A BUFx2_ASAP7_75t_R 0.577042}
cut	u_e.g_qb.g_bx.b_xs_q0[181]$_DFF_P_	QN	DFFHQNx1_ASAP7_75t_R	_016708_	0.577042	{hold44646 A BUFx2_ASAP7_75t_R 0.577042}
positive	u_e.g_qb.g_bx.b_xs_q0[181]$_DFF_P_	u_e.g_qb.g_bx.b_xs_q0\[181\]	0.62135	{{u_e.g_ir.r_xs_q0\[181\]$_DFF_P_} D DFFHQNx1_ASAP7_75t_R 0.621350}
cut	u_e.g_qb.g_bx.b_xs_q0[182]$_DFF_P_	QN	DFFHQNx1_ASAP7_75t_R	_016707_	0.577042	{hold23732 A BUFx2_ASAP7_75t_R 0.577042}
positive	u_e.g_qb.g_bx.b_xs_q0[182]$_DFF_P_	u_e.g_qb.g_bx.b_xs_q0\[182\]	0.577042	{hold23733 A BUFx2_ASAP7_75t_R 0.577042}
cut	u_e.g_qb.g_bx.b_xs_q0[183]$_DFF_P_	QN	DFFHQNx1_ASAP7_75t_R	_016706_	0.577042	{hold39710 A BUFx2_ASAP7_75t_R 0.577042}
positive	u_e.g_qb.g_bx.b_xs_q0[183]$_DFF_P_	u_e.g_qb.g_bx.b_xs_q0\[183\]	0.577042	{hold39711 A BUFx2_ASAP7_75t_R 0.577042}
cut	u_e.g_qb.g_bx.b_xs_q0[184]$_DFF_P_	QN	DFFHQNx1_ASAP7_75t_R	_016705_	0.577042	{hold29106 A BUFx2_ASAP7_75t_R 0.577042}
positive	u_e.g_qb.g_bx.b_xs_q0[184]$_DFF_P_	u_e.g_qb.g_bx.b_xs_q0\[184\]	0.577042	{hold29107 A BUFx2_ASAP7_75t_R 0.577042}
cut	u_e.g_qb.g_bx.b_xs_q0[185]$_DFF_P_	QN	DFFHQNx1_ASAP7_75t_R	_016704_	0.577042	{hold30634 A BUFx2_ASAP7_75t_R 0.577042}
positive	u_e.g_qb.g_bx.b_xs_q0[185]$_DFF_P_	u_e.g_qb.g_bx.b_xs_q0\[185\]	0.577042	{hold30635 A BUFx2_ASAP7_75t_R 0.577042}
cut	u_e.g_qb.g_bx.b_xs_q0[186]$_DFF_P_	QN	DFFHQNx1_ASAP7_75t_R	_016703_	0.577042	{hold30676 A BUFx2_ASAP7_75t_R 0.577042}
positive	u_e.g_qb.g_bx.b_xs_q0[186]$_DFF_P_	u_e.g_qb.g_bx.b_xs_q0\[186\]	0.577042	{hold30677 A BUFx2_ASAP7_75t_R 0.577042}
cut	u_e.g_qb.g_bx.b_xs_q0[187]$_DFF_P_	QN	DFFHQNx1_ASAP7_75t_R	_016702_	0.577042	{hold21112 A BUFx2_ASAP7_75t_R 0.577042}
positive	u_e.g_qb.g_bx.b_xs_q0[187]$_DFF_P_	u_e.g_qb.g_bx.b_xs_q0\[187\]	0.577042	{hold21113 A BUFx2_ASAP7_75t_R 0.577042}
cut	u_e.g_qb.g_bx.b_xs_q0[188]$_DFF_P_	QN	DFFHQNx1_ASAP7_75t_R	_016701_	0.577042	{hold24036 A BUFx2_ASAP7_75t_R 0.577042}
positive	u_e.g_qb.g_bx.b_xs_q0[188]$_DFF_P_	u_e.g_qb.g_bx.b_xs_q0\[188\]	0.577042	{hold24037 A BUFx2_ASAP7_75t_R 0.577042}
cut	u_e.g_qb.g_bx.b_xs_q0[189]$_DFF_P_	QN	DFFHQNx1_ASAP7_75t_R	_016700_	0.577042	{hold34359 A BUFx2_ASAP7_75t_R 0.577042}
positive	u_e.g_qb.g_bx.b_xs_q0[189]$_DFF_P_	u_e.g_qb.g_bx.b_xs_q0\[189\]	0.577042	{hold34360 A BUFx2_ASAP7_75t_R 0.577042}
cut	u_e.g_qb.g_bx.b_xs_q0[18]$_DFF_P_	QN	DFFHQNx1_ASAP7_75t_R	_016871_	0.683678	{_168126_ A INVx1_ASAP7_75t_R 0.683678}
positive	u_e.g_qb.g_bx.b_xs_q0[18]$_DFF_P_	u_e.g_qb.g_bx.b_xs_q0\[18\]	0.62135	{{u_e.g_ir.r_xs_q0\[18\]$_DFF_P_} D DFFHQNx1_ASAP7_75t_R 0.621350}
cut	u_e.g_qb.g_bx.b_xs_q0[190]$_DFF_P_	QN	DFFHQNx1_ASAP7_75t_R	_016699_	0.577042	{hold40355 A BUFx2_ASAP7_75t_R 0.577042}
positive	u_e.g_qb.g_bx.b_xs_q0[190]$_DFF_P_	u_e.g_qb.g_bx.b_xs_q0\[190\]	0.62135	{{u_e.g_ir.r_xs_q0\[190\]$_DFF_P_} D DFFHQNx1_ASAP7_75t_R 0.621350}
cut	u_e.g_qb.g_bx.b_xs_q0[191]$_DFF_P_	QN	DFFHQNx1_ASAP7_75t_R	_016698_	0.577042	{hold32744 A BUFx2_ASAP7_75t_R 0.577042}
positive	u_e.g_qb.g_bx.b_xs_q0[191]$_DFF_P_	u_e.g_qb.g_bx.b_xs_q0\[191\]	0.577042	{hold32745 A BUFx2_ASAP7_75t_R 0.577042}
cut	u_e.g_qb.g_bx.b_xs_q0[192]$_DFF_P_	QN	DFFHQNx1_ASAP7_75t_R	_016697_	0.577042	{hold40837 A BUFx2_ASAP7_75t_R 0.577042}
positive	u_e.g_qb.g_bx.b_xs_q0[192]$_DFF_P_	u_e.g_qb.g_bx.b_xs_q0\[192\]	0.62135	{{u_e.g_ir.r_xs_q0\[192\]$_DFF_P_} D DFFHQNx1_ASAP7_75t_R 0.621350}
cut	u_e.g_qb.g_bx.b_xs_q0[193]$_DFF_P_	QN	DFFHQNx1_ASAP7_75t_R	_016696_	0.577042	{hold22831 A BUFx2_ASAP7_75t_R 0.577042}
positive	u_e.g_qb.g_bx.b_xs_q0[193]$_DFF_P_	u_e.g_qb.g_bx.b_xs_q0\[193\]	0.577042	{hold22832 A BUFx2_ASAP7_75t_R 0.577042}
cut	u_e.g_qb.g_bx.b_xs_q0[194]$_DFF_P_	QN	DFFHQNx1_ASAP7_75t_R	_016695_	0.577042	{hold39424 A BUFx2_ASAP7_75t_R 0.577042}
positive	u_e.g_qb.g_bx.b_xs_q0[194]$_DFF_P_	u_e.g_qb.g_bx.b_xs_q0\[194\]	0.577042	{hold39425 A BUFx2_ASAP7_75t_R 0.577042}
cut	u_e.g_qb.g_bx.b_xs_q0[195]$_DFF_P_	QN	DFFHQNx1_ASAP7_75t_R	_016694_	0.577042	{hold34733 A BUFx2_ASAP7_75t_R 0.577042}
positive	u_e.g_qb.g_bx.b_xs_q0[195]$_DFF_P_	u_e.g_qb.g_bx.b_xs_q0\[195\]	0.577042	{hold34734 A BUFx2_ASAP7_75t_R 0.577042}
cut	u_e.g_qb.g_bx.b_xs_q0[196]$_DFF_P_	QN	DFFHQNx1_ASAP7_75t_R	_016693_	0.577042	{hold33950 A BUFx2_ASAP7_75t_R 0.577042}
positive	u_e.g_qb.g_bx.b_xs_q0[196]$_DFF_P_	u_e.g_qb.g_bx.b_xs_q0\[196\]	0.577042	{hold33951 A BUFx2_ASAP7_75t_R 0.577042}
cut	u_e.g_qb.g_bx.b_xs_q0[197]$_DFF_P_	QN	DFFHQNx1_ASAP7_75t_R	_016692_	0.683678	{_167947_ A INVx1_ASAP7_75t_R 0.683678}
positive	u_e.g_qb.g_bx.b_xs_q0[197]$_DFF_P_	u_e.g_qb.g_bx.b_xs_q0\[197\]	0.62135	{{u_e.g_ir.r_xs_q0\[197\]$_DFF_P_} D DFFHQNx1_ASAP7_75t_R 0.621350}
cut	u_e.g_qb.g_bx.b_xs_q0[198]$_DFF_P_	QN	DFFHQNx1_ASAP7_75t_R	_016691_	0.577042	{hold34876 A BUFx2_ASAP7_75t_R 0.577042}
positive	u_e.g_qb.g_bx.b_xs_q0[198]$_DFF_P_	u_e.g_qb.g_bx.b_xs_q0\[198\]	0.577042	{hold34877 A BUFx2_ASAP7_75t_R 0.577042}
cut	u_e.g_qb.g_bx.b_xs_q0[199]$_DFF_P_	QN	DFFHQNx1_ASAP7_75t_R	_016690_	0.577042	{hold45334 A BUFx2_ASAP7_75t_R 0.577042}
positive	u_e.g_qb.g_bx.b_xs_q0[199]$_DFF_P_	u_e.g_qb.g_bx.b_xs_q0\[199\]	0.62135	{{u_e.g_ir.r_xs_q0\[199\]$_DFF_P_} D DFFHQNx1_ASAP7_75t_R 0.621350}
cut	u_e.g_qb.g_bx.b_xs_q0[19]$_DFF_P_	QN	DFFHQNx1_ASAP7_75t_R	_016870_	0.577042	{hold32238 A BUFx2_ASAP7_75t_R 0.577042}
positive	u_e.g_qb.g_bx.b_xs_q0[19]$_DFF_P_	u_e.g_qb.g_bx.b_xs_q0\[19\]	0.577042	{hold32239 A BUFx2_ASAP7_75t_R 0.577042}
cut	u_e.g_qb.g_bx.b_xs_q0[1]$_DFF_P_	QN	DFFHQNx1_ASAP7_75t_R	_016888_	0.683678	{_168143_ A INVx1_ASAP7_75t_R 0.683678}
positive	u_e.g_qb.g_bx.b_xs_q0[1]$_DFF_P_	u_e.g_qb.g_bx.b_xs_q0\[1\]	0.62135	{{u_e.g_ir.r_xs_q0\[1\]$_DFF_P_} D DFFHQNx1_ASAP7_75t_R 0.621350}
cut	u_e.g_qb.g_bx.b_xs_q0[200]$_DFF_P_	QN	DFFHQNx1_ASAP7_75t_R	_016689_	0.577042	{hold21473 A BUFx2_ASAP7_75t_R 0.577042}
positive	u_e.g_qb.g_bx.b_xs_q0[200]$_DFF_P_	u_e.g_qb.g_bx.b_xs_q0\[200\]	0.577042	{hold21474 A BUFx2_ASAP7_75t_R 0.577042}
cut	u_e.g_qb.g_bx.b_xs_q0[201]$_DFF_P_	QN	DFFHQNx1_ASAP7_75t_R	_016688_	0.577042	{hold34025 A BUFx2_ASAP7_75t_R 0.577042}
positive	u_e.g_qb.g_bx.b_xs_q0[201]$_DFF_P_	u_e.g_qb.g_bx.b_xs_q0\[201\]	0.577042	{hold34026 A BUFx2_ASAP7_75t_R 0.577042}
cut	u_e.g_qb.g_bx.b_xs_q0[202]$_DFF_P_	QN	DFFHQNx1_ASAP7_75t_R	_016687_	0.577042	{hold23760 A BUFx2_ASAP7_75t_R 0.577042}
positive	u_e.g_qb.g_bx.b_xs_q0[202]$_DFF_P_	u_e.g_qb.g_bx.b_xs_q0\[202\]	0.577042	{hold23761 A BUFx2_ASAP7_75t_R 0.577042}
cut	u_e.g_qb.g_bx.b_xs_q0[203]$_DFF_P_	QN	DFFHQNx1_ASAP7_75t_R	_016686_	0.577042	{hold40577 A BUFx2_ASAP7_75t_R 0.577042}
positive	u_e.g_qb.g_bx.b_xs_q0[203]$_DFF_P_	u_e.g_qb.g_bx.b_xs_q0\[203\]	0.62135	{{u_e.g_ir.r_xs_q0\[203\]$_DFF_P_} D DFFHQNx1_ASAP7_75t_R 0.621350}
cut	u_e.g_qb.g_bx.b_xs_q0[204]$_DFF_P_	QN	DFFHQNx1_ASAP7_75t_R	_016685_	0.577042	{hold32746 A BUFx2_ASAP7_75t_R 0.577042}
positive	u_e.g_qb.g_bx.b_xs_q0[204]$_DFF_P_	u_e.g_qb.g_bx.b_xs_q0\[204\]	0.577042	{hold32747 A BUFx2_ASAP7_75t_R 0.577042}
cut	u_e.g_qb.g_bx.b_xs_q0[205]$_DFF_P_	QN	DFFHQNx1_ASAP7_75t_R	_016684_	0.577042	{hold32560 A BUFx2_ASAP7_75t_R 0.577042}
positive	u_e.g_qb.g_bx.b_xs_q0[205]$_DFF_P_	u_e.g_qb.g_bx.b_xs_q0\[205\]	0.577042	{hold32561 A BUFx2_ASAP7_75t_R 0.577042}
cut	u_e.g_qb.g_bx.b_xs_q0[206]$_DFF_P_	QN	DFFHQNx1_ASAP7_75t_R	_016683_	0.577042	{hold34372 A BUFx2_ASAP7_75t_R 0.577042}
positive	u_e.g_qb.g_bx.b_xs_q0[206]$_DFF_P_	u_e.g_qb.g_bx.b_xs_q0\[206\]	0.577042	{hold34373 A BUFx2_ASAP7_75t_R 0.577042}
cut	u_e.g_qb.g_bx.b_xs_q0[207]$_DFF_P_	QN	DFFHQNx1_ASAP7_75t_R	_016682_	0.577042	{hold45050 A BUFx2_ASAP7_75t_R 0.577042}
positive	u_e.g_qb.g_bx.b_xs_q0[207]$_DFF_P_	u_e.g_qb.g_bx.b_xs_q0\[207\]	0.62135	{{u_e.g_ir.r_xs_q0\[207\]$_DFF_P_} D DFFHQNx1_ASAP7_75t_R 0.621350}
cut	u_e.g_qb.g_bx.b_xs_q0[208]$_DFF_P_	QN	DFFHQNx1_ASAP7_75t_R	_016681_	0.577042	{hold34171 A BUFx2_ASAP7_75t_R 0.577042}
positive	u_e.g_qb.g_bx.b_xs_q0[208]$_DFF_P_	u_e.g_qb.g_bx.b_xs_q0\[208\]	0.577042	{hold34172 A BUFx2_ASAP7_75t_R 0.577042}
cut	u_e.g_qb.g_bx.b_xs_q0[209]$_DFF_P_	QN	DFFHQNx1_ASAP7_75t_R	_016680_	0.577042	{hold31735 A BUFx2_ASAP7_75t_R 0.577042}
positive	u_e.g_qb.g_bx.b_xs_q0[209]$_DFF_P_	u_e.g_qb.g_bx.b_xs_q0\[209\]	0.577042	{hold31736 A BUFx2_ASAP7_75t_R 0.577042}
cut	u_e.g_qb.g_bx.b_xs_q0[20]$_DFF_P_	QN	DFFHQNx1_ASAP7_75t_R	_016869_	0.683678	{_168124_ A INVx1_ASAP7_75t_R 0.683678}
positive	u_e.g_qb.g_bx.b_xs_q0[20]$_DFF_P_	u_e.g_qb.g_bx.b_xs_q0\[20\]	0.62135	{{u_e.g_ir.r_xs_q0\[20\]$_DFF_P_} D DFFHQNx1_ASAP7_75t_R 0.621350}
cut	u_e.g_qb.g_bx.b_xs_q0[210]$_DFF_P_	QN	DFFHQNx1_ASAP7_75t_R	_016679_	0.577042	{hold33903 A BUFx2_ASAP7_75t_R 0.577042}
positive	u_e.g_qb.g_bx.b_xs_q0[210]$_DFF_P_	u_e.g_qb.g_bx.b_xs_q0\[210\]	0.577042	{hold33904 A BUFx2_ASAP7_75t_R 0.577042}
cut	u_e.g_qb.g_bx.b_xs_q0[211]$_DFF_P_	QN	DFFHQNx1_ASAP7_75t_R	_016678_	0.577042	{hold36225 A BUFx2_ASAP7_75t_R 0.577042}
positive	u_e.g_qb.g_bx.b_xs_q0[211]$_DFF_P_	u_e.g_qb.g_bx.b_xs_q0\[211\]	0.577042	{hold36226 A BUFx2_ASAP7_75t_R 0.577042}
cut	u_e.g_qb.g_bx.b_xs_q0[212]$_DFF_P_	QN	DFFHQNx1_ASAP7_75t_R	_016677_	0.577042	{hold34927 A BUFx2_ASAP7_75t_R 0.577042}
positive	u_e.g_qb.g_bx.b_xs_q0[212]$_DFF_P_	u_e.g_qb.g_bx.b_xs_q0\[212\]	0.577042	{hold34928 A BUFx2_ASAP7_75t_R 0.577042}
cut	u_e.g_qb.g_bx.b_xs_q0[213]$_DFF_P_	QN	DFFHQNx1_ASAP7_75t_R	_016676_	0.577042	{hold31037 A BUFx2_ASAP7_75t_R 0.577042}
positive	u_e.g_qb.g_bx.b_xs_q0[213]$_DFF_P_	u_e.g_qb.g_bx.b_xs_q0\[213\]	0.577042	{hold31038 A BUFx2_ASAP7_75t_R 0.577042}
cut	u_e.g_qb.g_bx.b_xs_q0[214]$_DFF_P_	QN	DFFHQNx1_ASAP7_75t_R	_016675_	0.577042	{hold41337 A BUFx2_ASAP7_75t_R 0.577042}
positive	u_e.g_qb.g_bx.b_xs_q0[214]$_DFF_P_	u_e.g_qb.g_bx.b_xs_q0\[214\]	0.62135	{{u_e.g_ir.r_xs_q0\[214\]$_DFF_P_} D DFFHQNx1_ASAP7_75t_R 0.621350}
cut	u_e.g_qb.g_bx.b_xs_q0[215]$_DFF_P_	QN	DFFHQNx1_ASAP7_75t_R	_016674_	0.577042	{hold45208 A BUFx2_ASAP7_75t_R 0.577042}
positive	u_e.g_qb.g_bx.b_xs_q0[215]$_DFF_P_	u_e.g_qb.g_bx.b_xs_q0\[215\]	0.62135	{{u_e.g_ir.r_xs_q0\[215\]$_DFF_P_} D DFFHQNx1_ASAP7_75t_R 0.621350}
cut	u_e.g_qb.g_bx.b_xs_q0[216]$_DFF_P_	QN	DFFHQNx1_ASAP7_75t_R	_016673_	0.577042	{hold31193 A BUFx2_ASAP7_75t_R 0.577042}
positive	u_e.g_qb.g_bx.b_xs_q0[216]$_DFF_P_	u_e.g_qb.g_bx.b_xs_q0\[216\]	0.577042	{hold31194 A BUFx2_ASAP7_75t_R 0.577042}
cut	u_e.g_qb.g_bx.b_xs_q0[217]$_DFF_P_	QN	DFFHQNx1_ASAP7_75t_R	_016672_	0.577042	{hold45138 A BUFx2_ASAP7_75t_R 0.577042}
positive	u_e.g_qb.g_bx.b_xs_q0[217]$_DFF_P_	u_e.g_qb.g_bx.b_xs_q0\[217\]	0.62135	{{u_e.g_ir.r_xs_q0\[217\]$_DFF_P_} D DFFHQNx1_ASAP7_75t_R 0.621350}
cut	u_e.g_qb.g_bx.b_xs_q0[218]$_DFF_P_	QN	DFFHQNx1_ASAP7_75t_R	_016671_	0.683678	{_167926_ A INVx1_ASAP7_75t_R 0.683678}
positive	u_e.g_qb.g_bx.b_xs_q0[218]$_DFF_P_	u_e.g_qb.g_bx.b_xs_q0\[218\]	0.62135	{{u_e.g_ir.r_xs_q0\[218\]$_DFF_P_} D DFFHQNx1_ASAP7_75t_R 0.621350}
cut	u_e.g_qb.g_bx.b_xs_q0[219]$_DFF_P_	QN	DFFHQNx1_ASAP7_75t_R	_016670_	0.683678	{_167925_ A INVx1_ASAP7_75t_R 0.683678}
positive	u_e.g_qb.g_bx.b_xs_q0[219]$_DFF_P_	u_e.g_qb.g_bx.b_xs_q0\[219\]	0.62135	{{u_e.g_ir.r_xs_q0\[219\]$_DFF_P_} D DFFHQNx1_ASAP7_75t_R 0.621350}
cut	u_e.g_qb.g_bx.b_xs_q0[21]$_DFF_P_	QN	DFFHQNx1_ASAP7_75t_R	_016868_	0.577042	{hold39331 A BUFx2_ASAP7_75t_R 0.577042}
positive	u_e.g_qb.g_bx.b_xs_q0[21]$_DFF_P_	u_e.g_qb.g_bx.b_xs_q0\[21\]	0.577042	{hold39332 A BUFx2_ASAP7_75t_R 0.577042}
cut	u_e.g_qb.g_bx.b_xs_q0[220]$_DFF_P_	QN	DFFHQNx1_ASAP7_75t_R	_016669_	0.577042	{hold45303 A BUFx2_ASAP7_75t_R 0.577042}
positive	u_e.g_qb.g_bx.b_xs_q0[220]$_DFF_P_	u_e.g_qb.g_bx.b_xs_q0\[220\]	0.62135	{{u_e.g_ir.r_xs_q0\[220\]$_DFF_P_} D DFFHQNx1_ASAP7_75t_R 0.621350}
cut	u_e.g_qb.g_bx.b_xs_q0[221]$_DFF_P_	QN	DFFHQNx1_ASAP7_75t_R	_016668_	0.577042	{hold40765 A BUFx2_ASAP7_75t_R 0.577042}
positive	u_e.g_qb.g_bx.b_xs_q0[221]$_DFF_P_	u_e.g_qb.g_bx.b_xs_q0\[221\]	0.62135	{{u_e.g_ir.r_xs_q0\[221\]$_DFF_P_} D DFFHQNx1_ASAP7_75t_R 0.621350}
cut	u_e.g_qb.g_bx.b_xs_q0[222]$_DFF_P_	QN	DFFHQNx1_ASAP7_75t_R	_016667_	0.577042	{hold41044 A BUFx2_ASAP7_75t_R 0.577042}
positive	u_e.g_qb.g_bx.b_xs_q0[222]$_DFF_P_	u_e.g_qb.g_bx.b_xs_q0\[222\]	0.62135	{{u_e.g_ir.r_xs_q0\[222\]$_DFF_P_} D DFFHQNx1_ASAP7_75t_R 0.621350}
cut	u_e.g_qb.g_bx.b_xs_q0[223]$_DFF_P_	QN	DFFHQNx1_ASAP7_75t_R	_016666_	0.683678	{_167921_ A INVx1_ASAP7_75t_R 0.683678}
positive	u_e.g_qb.g_bx.b_xs_q0[223]$_DFF_P_	u_e.g_qb.g_bx.b_xs_q0\[223\]	0.62135	{{u_e.g_ir.r_xs_q0\[223\]$_DFF_P_} D DFFHQNx1_ASAP7_75t_R 0.621350}
cut	u_e.g_qb.g_bx.b_xs_q0[224]$_DFF_P_	QN	DFFHQNx1_ASAP7_75t_R	_016665_	0.577042	{hold41262 A BUFx2_ASAP7_75t_R 0.577042}
positive	u_e.g_qb.g_bx.b_xs_q0[224]$_DFF_P_	u_e.g_qb.g_bx.b_xs_q0\[224\]	0.62135	{{u_e.g_ir.r_xs_q0\[224\]$_DFF_P_} D DFFHQNx1_ASAP7_75t_R 0.621350}
cut	u_e.g_qb.g_bx.b_xs_q0[225]$_DFF_P_	QN	DFFHQNx1_ASAP7_75t_R	_016664_	0.577042	{hold45367 A BUFx2_ASAP7_75t_R 0.577042}
positive	u_e.g_qb.g_bx.b_xs_q0[225]$_DFF_P_	u_e.g_qb.g_bx.b_xs_q0\[225\]	0.62135	{{u_e.g_ir.r_xs_q0\[225\]$_DFF_P_} D DFFHQNx1_ASAP7_75t_R 0.621350}
cut	u_e.g_qb.g_bx.b_xs_q0[226]$_DFF_P_	QN	DFFHQNx1_ASAP7_75t_R	_016663_	0.577042	{hold40978 A BUFx2_ASAP7_75t_R 0.577042}
positive	u_e.g_qb.g_bx.b_xs_q0[226]$_DFF_P_	u_e.g_qb.g_bx.b_xs_q0\[226\]	0.62135	{{u_e.g_ir.r_xs_q0\[226\]$_DFF_P_} D DFFHQNx1_ASAP7_75t_R 0.621350}
cut	u_e.g_qb.g_bx.b_xs_q0[227]$_DFF_P_	QN	DFFHQNx1_ASAP7_75t_R	_016662_	0.683678	{_167917_ A INVx1_ASAP7_75t_R 0.683678}
positive	u_e.g_qb.g_bx.b_xs_q0[227]$_DFF_P_	u_e.g_qb.g_bx.b_xs_q0\[227\]	0.62135	{{u_e.g_ir.r_xs_q0\[227\]$_DFF_P_} D DFFHQNx1_ASAP7_75t_R 0.621350}
cut	u_e.g_qb.g_bx.b_xs_q0[228]$_DFF_P_	QN	DFFHQNx1_ASAP7_75t_R	_016661_	0.577042	{hold44999 A BUFx2_ASAP7_75t_R 0.577042}
positive	u_e.g_qb.g_bx.b_xs_q0[228]$_DFF_P_	u_e.g_qb.g_bx.b_xs_q0\[228\]	0.62135	{{u_e.g_ir.r_xs_q0\[228\]$_DFF_P_} D DFFHQNx1_ASAP7_75t_R 0.621350}
cut	u_e.g_qb.g_bx.b_xs_q0[229]$_DFF_P_	QN	DFFHQNx1_ASAP7_75t_R	_016660_	0.577042	{hold40990 A BUFx2_ASAP7_75t_R 0.577042}
positive	u_e.g_qb.g_bx.b_xs_q0[229]$_DFF_P_	u_e.g_qb.g_bx.b_xs_q0\[229\]	0.62135	{{u_e.g_ir.r_xs_q0\[229\]$_DFF_P_} D DFFHQNx1_ASAP7_75t_R 0.621350}
cut	u_e.g_qb.g_bx.b_xs_q0[22]$_DFF_P_	QN	DFFHQNx1_ASAP7_75t_R	_016867_	0.577042	{hold30213 A BUFx2_ASAP7_75t_R 0.577042}
positive	u_e.g_qb.g_bx.b_xs_q0[22]$_DFF_P_	u_e.g_qb.g_bx.b_xs_q0\[22\]	0.577042	{hold30214 A BUFx2_ASAP7_75t_R 0.577042}
cut	u_e.g_qb.g_bx.b_xs_q0[230]$_DFF_P_	QN	DFFHQNx1_ASAP7_75t_R	_016659_	0.577042	{hold41203 A BUFx2_ASAP7_75t_R 0.577042}
positive	u_e.g_qb.g_bx.b_xs_q0[230]$_DFF_P_	u_e.g_qb.g_bx.b_xs_q0\[230\]	0.62135	{{u_e.g_ir.r_xs_q0\[230\]$_DFF_P_} D DFFHQNx1_ASAP7_75t_R 0.621350}
cut	u_e.g_qb.g_bx.b_xs_q0[231]$_DFF_P_	QN	DFFHQNx1_ASAP7_75t_R	_016658_	0.577042	{hold41401 A BUFx2_ASAP7_75t_R 0.577042}
positive	u_e.g_qb.g_bx.b_xs_q0[231]$_DFF_P_	u_e.g_qb.g_bx.b_xs_q0\[231\]	0.62135	{{u_e.g_ir.r_xs_q0\[231\]$_DFF_P_} D DFFHQNx1_ASAP7_75t_R 0.621350}
cut	u_e.g_qb.g_bx.b_xs_q0[232]$_DFF_P_	QN	DFFHQNx1_ASAP7_75t_R	_016657_	0.577042	{hold40361 A BUFx2_ASAP7_75t_R 0.577042}
positive	u_e.g_qb.g_bx.b_xs_q0[232]$_DFF_P_	u_e.g_qb.g_bx.b_xs_q0\[232\]	0.62135	{{u_e.g_ir.r_xs_q0\[232\]$_DFF_P_} D DFFHQNx1_ASAP7_75t_R 0.621350}
cut	u_e.g_qb.g_bx.b_xs_q0[233]$_DFF_P_	QN	DFFHQNx1_ASAP7_75t_R	_016656_	0.577042	{hold44656 A BUFx2_ASAP7_75t_R 0.577042}
positive	u_e.g_qb.g_bx.b_xs_q0[233]$_DFF_P_	u_e.g_qb.g_bx.b_xs_q0\[233\]	0.62135	{{u_e.g_ir.r_xs_q0\[233\]$_DFF_P_} D DFFHQNx1_ASAP7_75t_R 0.621350}
cut	u_e.g_qb.g_bx.b_xs_q0[234]$_DFF_P_	QN	DFFHQNx1_ASAP7_75t_R	_016655_	0.577042	{hold40028 A BUFx2_ASAP7_75t_R 0.577042}
positive	u_e.g_qb.g_bx.b_xs_q0[234]$_DFF_P_	u_e.g_qb.g_bx.b_xs_q0\[234\]	0.62135	{{u_e.g_ir.r_xs_q0\[234\]$_DFF_P_} D DFFHQNx1_ASAP7_75t_R 0.621350}
cut	u_e.g_qb.g_bx.b_xs_q0[235]$_DFF_P_	QN	DFFHQNx1_ASAP7_75t_R	_016654_	0.683678	{_167909_ A INVx1_ASAP7_75t_R 0.683678}
positive	u_e.g_qb.g_bx.b_xs_q0[235]$_DFF_P_	u_e.g_qb.g_bx.b_xs_q0\[235\]	0.62135	{{u_e.g_ir.r_xs_q0\[235\]$_DFF_P_} D DFFHQNx1_ASAP7_75t_R 0.621350}
cut	u_e.g_qb.g_bx.b_xs_q0[236]$_DFF_P_	QN	DFFHQNx1_ASAP7_75t_R	_016653_	0.577042	{hold44476 A BUFx2_ASAP7_75t_R 0.577042}
positive	u_e.g_qb.g_bx.b_xs_q0[236]$_DFF_P_	u_e.g_qb.g_bx.b_xs_q0\[236\]	0.62135	{{u_e.g_ir.r_xs_q0\[236\]$_DFF_P_} D DFFHQNx1_ASAP7_75t_R 0.621350}
cut	u_e.g_qb.g_bx.b_xs_q0[237]$_DFF_P_	QN	DFFHQNx1_ASAP7_75t_R	_016652_	0.683678	{_167907_ A INVx1_ASAP7_75t_R 0.683678}
positive	u_e.g_qb.g_bx.b_xs_q0[237]$_DFF_P_	u_e.g_qb.g_bx.b_xs_q0\[237\]	0.62135	{{u_e.g_ir.r_xs_q0\[237\]$_DFF_P_} D DFFHQNx1_ASAP7_75t_R 0.621350}
cut	u_e.g_qb.g_bx.b_xs_q0[238]$_DFF_P_	QN	DFFHQNx1_ASAP7_75t_R	_016651_	0.577042	{hold45096 A BUFx2_ASAP7_75t_R 0.577042}
positive	u_e.g_qb.g_bx.b_xs_q0[238]$_DFF_P_	u_e.g_qb.g_bx.b_xs_q0\[238\]	0.62135	{{u_e.g_ir.r_xs_q0\[238\]$_DFF_P_} D DFFHQNx1_ASAP7_75t_R 0.621350}
cut	u_e.g_qb.g_bx.b_xs_q0[239]$_DFF_P_	QN	DFFHQNx1_ASAP7_75t_R	_016650_	0.577042	{hold38566 A BUFx2_ASAP7_75t_R 0.577042}
positive	u_e.g_qb.g_bx.b_xs_q0[239]$_DFF_P_	u_e.g_qb.g_bx.b_xs_q0\[239\]	0.577042	{hold38567 A BUFx2_ASAP7_75t_R 0.577042}
cut	u_e.g_qb.g_bx.b_xs_q0[23]$_DFF_P_	QN	DFFHQNx1_ASAP7_75t_R	_016866_	0.577042	{hold21356 A BUFx2_ASAP7_75t_R 0.577042}
positive	u_e.g_qb.g_bx.b_xs_q0[23]$_DFF_P_	u_e.g_qb.g_bx.b_xs_q0\[23\]	0.577042	{hold21357 A BUFx2_ASAP7_75t_R 0.577042}
cut	u_e.g_qb.g_bx.b_xs_q0[240]$_DFF_P_	QN	DFFHQNx1_ASAP7_75t_R	_016649_	0.683678	{_167904_ A INVx1_ASAP7_75t_R 0.683678}
positive	u_e.g_qb.g_bx.b_xs_q0[240]$_DFF_P_	u_e.g_qb.g_bx.b_xs_q0\[240\]	0.62135	{{u_e.g_ir.r_xs_q0\[240\]$_DFF_P_} D DFFHQNx1_ASAP7_75t_R 0.621350}
cut	u_e.g_qb.g_bx.b_xs_q0[241]$_DFF_P_	QN	DFFHQNx1_ASAP7_75t_R	_016648_	0.577042	{hold39920 A BUFx2_ASAP7_75t_R 0.577042}
positive	u_e.g_qb.g_bx.b_xs_q0[241]$_DFF_P_	u_e.g_qb.g_bx.b_xs_q0\[241\]	0.577042	{hold39921 A BUFx2_ASAP7_75t_R 0.577042}
cut	u_e.g_qb.g_bx.b_xs_q0[242]$_DFF_P_	QN	DFFHQNx1_ASAP7_75t_R	_016647_	0.577042	{hold40127 A BUFx2_ASAP7_75t_R 0.577042}
positive	u_e.g_qb.g_bx.b_xs_q0[242]$_DFF_P_	u_e.g_qb.g_bx.b_xs_q0\[242\]	0.62135	{{u_e.g_ir.r_xs_q0\[242\]$_DFF_P_} D DFFHQNx1_ASAP7_75t_R 0.621350}
cut	u_e.g_qb.g_bx.b_xs_q0[243]$_DFF_P_	QN	DFFHQNx1_ASAP7_75t_R	_016646_	0.577042	{hold45041 A BUFx2_ASAP7_75t_R 0.577042}
positive	u_e.g_qb.g_bx.b_xs_q0[243]$_DFF_P_	u_e.g_qb.g_bx.b_xs_q0\[243\]	0.62135	{{u_e.g_ir.r_xs_q0\[243\]$_DFF_P_} D DFFHQNx1_ASAP7_75t_R 0.621350}
cut	u_e.g_qb.g_bx.b_xs_q0[244]$_DFF_P_	QN	DFFHQNx1_ASAP7_75t_R	_016645_	0.577042	{hold39869 A BUFx2_ASAP7_75t_R 0.577042}
positive	u_e.g_qb.g_bx.b_xs_q0[244]$_DFF_P_	u_e.g_qb.g_bx.b_xs_q0\[244\]	0.577042	{hold39870 A BUFx2_ASAP7_75t_R 0.577042}
cut	u_e.g_qb.g_bx.b_xs_q0[245]$_DFF_P_	QN	DFFHQNx1_ASAP7_75t_R	_016644_	0.577042	{hold39600 A BUFx2_ASAP7_75t_R 0.577042}
positive	u_e.g_qb.g_bx.b_xs_q0[245]$_DFF_P_	u_e.g_qb.g_bx.b_xs_q0\[245\]	0.577042	{hold39601 A BUFx2_ASAP7_75t_R 0.577042}
cut	u_e.g_qb.g_bx.b_xs_q0[246]$_DFF_P_	QN	DFFHQNx1_ASAP7_75t_R	_016643_	0.577042	{hold38258 A BUFx2_ASAP7_75t_R 0.577042}
positive	u_e.g_qb.g_bx.b_xs_q0[246]$_DFF_P_	u_e.g_qb.g_bx.b_xs_q0\[246\]	0.577042	{hold38259 A BUFx2_ASAP7_75t_R 0.577042}
cut	u_e.g_qb.g_bx.b_xs_q0[247]$_DFF_P_	QN	DFFHQNx1_ASAP7_75t_R	_016642_	0.577042	{hold41217 A BUFx2_ASAP7_75t_R 0.577042}
positive	u_e.g_qb.g_bx.b_xs_q0[247]$_DFF_P_	u_e.g_qb.g_bx.b_xs_q0\[247\]	0.62135	{{u_e.g_ir.r_xs_q0\[247\]$_DFF_P_} D DFFHQNx1_ASAP7_75t_R 0.621350}
cut	u_e.g_qb.g_bx.b_xs_q0[248]$_DFF_P_	QN	DFFHQNx1_ASAP7_75t_R	_016641_	0.577042	{hold24219 A BUFx2_ASAP7_75t_R 0.577042}
positive	u_e.g_qb.g_bx.b_xs_q0[248]$_DFF_P_	u_e.g_qb.g_bx.b_xs_q0\[248\]	0.577042	{hold24220 A BUFx2_ASAP7_75t_R 0.577042}
cut	u_e.g_qb.g_bx.b_xs_q0[249]$_DFF_P_	QN	DFFHQNx1_ASAP7_75t_R	_016640_	0.683678	{_167895_ A INVx1_ASAP7_75t_R 0.683678}
positive	u_e.g_qb.g_bx.b_xs_q0[249]$_DFF_P_	u_e.g_qb.g_bx.b_xs_q0\[249\]	0.62135	{{u_e.g_ir.r_xs_q0\[249\]$_DFF_P_} D DFFHQNx1_ASAP7_75t_R 0.621350}
cut	u_e.g_qb.g_bx.b_xs_q0[24]$_DFF_P_	QN	DFFHQNx1_ASAP7_75t_R	_016865_	0.577042	{hold25215 A BUFx2_ASAP7_75t_R 0.577042}
positive	u_e.g_qb.g_bx.b_xs_q0[24]$_DFF_P_	u_e.g_qb.g_bx.b_xs_q0\[24\]	0.577042	{hold25216 A BUFx2_ASAP7_75t_R 0.577042}
cut	u_e.g_qb.g_bx.b_xs_q0[250]$_DFF_P_	QN	DFFHQNx1_ASAP7_75t_R	_016639_	0.577042	{hold35145 A BUFx2_ASAP7_75t_R 0.577042}
positive	u_e.g_qb.g_bx.b_xs_q0[250]$_DFF_P_	u_e.g_qb.g_bx.b_xs_q0\[250\]	0.577042	{hold35146 A BUFx2_ASAP7_75t_R 0.577042}
cut	u_e.g_qb.g_bx.b_xs_q0[251]$_DFF_P_	QN	DFFHQNx1_ASAP7_75t_R	_016638_	0.577042	{hold41880 A BUFx2_ASAP7_75t_R 0.577042}
positive	u_e.g_qb.g_bx.b_xs_q0[251]$_DFF_P_	u_e.g_qb.g_bx.b_xs_q0\[251\]	0.62135	{{u_e.g_ir.r_xs_q0\[251\]$_DFF_P_} D DFFHQNx1_ASAP7_75t_R 0.621350}
cut	u_e.g_qb.g_bx.b_xs_q0[252]$_DFF_P_	QN	DFFHQNx1_ASAP7_75t_R	_016637_	0.577042	{hold40079 A BUFx2_ASAP7_75t_R 0.577042}
positive	u_e.g_qb.g_bx.b_xs_q0[252]$_DFF_P_	u_e.g_qb.g_bx.b_xs_q0\[252\]	0.62135	{{u_e.g_ir.r_xs_q0\[252\]$_DFF_P_} D DFFHQNx1_ASAP7_75t_R 0.621350}
cut	u_e.g_qb.g_bx.b_xs_q0[253]$_DFF_P_	QN	DFFHQNx1_ASAP7_75t_R	_016636_	0.577042	{hold37503 A BUFx2_ASAP7_75t_R 0.577042}
positive	u_e.g_qb.g_bx.b_xs_q0[253]$_DFF_P_	u_e.g_qb.g_bx.b_xs_q0\[253\]	0.577042	{hold37504 A BUFx2_ASAP7_75t_R 0.577042}
cut	u_e.g_qb.g_bx.b_xs_q0[254]$_DFF_P_	QN	DFFHQNx1_ASAP7_75t_R	_016635_	0.577042	{hold40466 A BUFx2_ASAP7_75t_R 0.577042}
positive	u_e.g_qb.g_bx.b_xs_q0[254]$_DFF_P_	u_e.g_qb.g_bx.b_xs_q0\[254\]	0.62135	{{u_e.g_ir.r_xs_q0\[254\]$_DFF_P_} D DFFHQNx1_ASAP7_75t_R 0.621350}
cut	u_e.g_qb.g_bx.b_xs_q0[255]$_DFF_P_	QN	DFFHQNx1_ASAP7_75t_R	_032218_	0.577042	{hold44767 A BUFx2_ASAP7_75t_R 0.577042}
positive	u_e.g_qb.g_bx.b_xs_q0[255]$_DFF_P_	u_e.g_qb.g_bx.b_xs_q0\[255\]	0.62135	{{u_e.g_ir.r_xs_q0\[255\]$_DFF_P_} D DFFHQNx1_ASAP7_75t_R 0.621350}
cut	u_e.g_qb.g_bx.b_xs_q0[25]$_DFF_P_	QN	DFFHQNx1_ASAP7_75t_R	_016864_	0.577042	{hold23858 A BUFx2_ASAP7_75t_R 0.577042}
positive	u_e.g_qb.g_bx.b_xs_q0[25]$_DFF_P_	u_e.g_qb.g_bx.b_xs_q0\[25\]	0.577042	{hold23859 A BUFx2_ASAP7_75t_R 0.577042}
cut	u_e.g_qb.g_bx.b_xs_q0[26]$_DFF_P_	QN	DFFHQNx1_ASAP7_75t_R	_016863_	0.577042	{hold31380 A BUFx2_ASAP7_75t_R 0.577042}
positive	u_e.g_qb.g_bx.b_xs_q0[26]$_DFF_P_	u_e.g_qb.g_bx.b_xs_q0\[26\]	0.577042	{hold31381 A BUFx2_ASAP7_75t_R 0.577042}
cut	u_e.g_qb.g_bx.b_xs_q0[27]$_DFF_P_	QN	DFFHQNx1_ASAP7_75t_R	_016862_	0.577042	{hold25839 A BUFx2_ASAP7_75t_R 0.577042}
positive	u_e.g_qb.g_bx.b_xs_q0[27]$_DFF_P_	u_e.g_qb.g_bx.b_xs_q0\[27\]	0.577042	{hold25840 A BUFx2_ASAP7_75t_R 0.577042}
cut	u_e.g_qb.g_bx.b_xs_q0[28]$_DFF_P_	QN	DFFHQNx1_ASAP7_75t_R	_016861_	0.577042	{hold26189 A BUFx2_ASAP7_75t_R 0.577042}
positive	u_e.g_qb.g_bx.b_xs_q0[28]$_DFF_P_	u_e.g_qb.g_bx.b_xs_q0\[28\]	0.577042	{hold26190 A BUFx2_ASAP7_75t_R 0.577042}
cut	u_e.g_qb.g_bx.b_xs_q0[29]$_DFF_P_	QN	DFFHQNx1_ASAP7_75t_R	_016860_	0.577042	{hold34565 A BUFx2_ASAP7_75t_R 0.577042}
positive	u_e.g_qb.g_bx.b_xs_q0[29]$_DFF_P_	u_e.g_qb.g_bx.b_xs_q0\[29\]	0.577042	{hold34566 A BUFx2_ASAP7_75t_R 0.577042}
cut	u_e.g_qb.g_bx.b_xs_q0[2]$_DFF_P_	QN	DFFHQNx1_ASAP7_75t_R	_016887_	0.683678	{_168142_ A INVx1_ASAP7_75t_R 0.683678}
positive	u_e.g_qb.g_bx.b_xs_q0[2]$_DFF_P_	u_e.g_qb.g_bx.b_xs_q0\[2\]	0.62135	{{u_e.g_ir.r_xs_q0\[2\]$_DFF_P_} D DFFHQNx1_ASAP7_75t_R 0.621350}
cut	u_e.g_qb.g_bx.b_xs_q0[30]$_DFF_P_	QN	DFFHQNx1_ASAP7_75t_R	_016859_	0.577042	{hold27270 A BUFx2_ASAP7_75t_R 0.577042}
positive	u_e.g_qb.g_bx.b_xs_q0[30]$_DFF_P_	u_e.g_qb.g_bx.b_xs_q0\[30\]	0.577042	{hold27271 A BUFx2_ASAP7_75t_R 0.577042}
cut	u_e.g_qb.g_bx.b_xs_q0[31]$_DFF_P_	QN	DFFHQNx1_ASAP7_75t_R	_016858_	0.577042	{hold23975 A BUFx2_ASAP7_75t_R 0.577042}
positive	u_e.g_qb.g_bx.b_xs_q0[31]$_DFF_P_	u_e.g_qb.g_bx.b_xs_q0\[31\]	0.577042	{hold23976 A BUFx2_ASAP7_75t_R 0.577042}
cut	u_e.g_qb.g_bx.b_xs_q0[32]$_DFF_P_	QN	DFFHQNx1_ASAP7_75t_R	_016857_	0.577042	{hold35185 A BUFx2_ASAP7_75t_R 0.577042}
positive	u_e.g_qb.g_bx.b_xs_q0[32]$_DFF_P_	u_e.g_qb.g_bx.b_xs_q0\[32\]	0.577042	{hold35186 A BUFx2_ASAP7_75t_R 0.577042}
cut	u_e.g_qb.g_bx.b_xs_q0[33]$_DFF_P_	QN	DFFHQNx1_ASAP7_75t_R	_016856_	0.683678	{_168111_ A INVx1_ASAP7_75t_R 0.683678}
positive	u_e.g_qb.g_bx.b_xs_q0[33]$_DFF_P_	u_e.g_qb.g_bx.b_xs_q0\[33\]	0.62135	{{u_e.g_ir.r_xs_q0\[33\]$_DFF_P_} D DFFHQNx1_ASAP7_75t_R 0.621350}
cut	u_e.g_qb.g_bx.b_xs_q0[34]$_DFF_P_	QN	DFFHQNx1_ASAP7_75t_R	_016855_	0.577042	{hold34908 A BUFx2_ASAP7_75t_R 0.577042}
positive	u_e.g_qb.g_bx.b_xs_q0[34]$_DFF_P_	u_e.g_qb.g_bx.b_xs_q0\[34\]	0.577042	{hold34909 A BUFx2_ASAP7_75t_R 0.577042}
cut	u_e.g_qb.g_bx.b_xs_q0[35]$_DFF_P_	QN	DFFHQNx1_ASAP7_75t_R	_016854_	0.577042	{hold40171 A BUFx2_ASAP7_75t_R 0.577042}
positive	u_e.g_qb.g_bx.b_xs_q0[35]$_DFF_P_	u_e.g_qb.g_bx.b_xs_q0\[35\]	0.62135	{{u_e.g_ir.r_xs_q0\[35\]$_DFF_P_} D DFFHQNx1_ASAP7_75t_R 0.621350}
cut	u_e.g_qb.g_bx.b_xs_q0[36]$_DFF_P_	QN	DFFHQNx1_ASAP7_75t_R	_016853_	0.577042	{hold21775 A BUFx2_ASAP7_75t_R 0.577042}
positive	u_e.g_qb.g_bx.b_xs_q0[36]$_DFF_P_	u_e.g_qb.g_bx.b_xs_q0\[36\]	0.577042	{hold21776 A BUFx2_ASAP7_75t_R 0.577042}
cut	u_e.g_qb.g_bx.b_xs_q0[37]$_DFF_P_	QN	DFFHQNx1_ASAP7_75t_R	_016852_	0.577042	{hold32696 A BUFx2_ASAP7_75t_R 0.577042}
positive	u_e.g_qb.g_bx.b_xs_q0[37]$_DFF_P_	u_e.g_qb.g_bx.b_xs_q0\[37\]	0.577042	{hold32697 A BUFx2_ASAP7_75t_R 0.577042}
cut	u_e.g_qb.g_bx.b_xs_q0[38]$_DFF_P_	QN	DFFHQNx1_ASAP7_75t_R	_016851_	0.577042	{hold23860 A BUFx2_ASAP7_75t_R 0.577042}
positive	u_e.g_qb.g_bx.b_xs_q0[38]$_DFF_P_	u_e.g_qb.g_bx.b_xs_q0\[38\]	0.577042	{hold23861 A BUFx2_ASAP7_75t_R 0.577042}
cut	u_e.g_qb.g_bx.b_xs_q0[39]$_DFF_P_	QN	DFFHQNx1_ASAP7_75t_R	_016850_	0.683678	{_168105_ A INVx1_ASAP7_75t_R 0.683678}
positive	u_e.g_qb.g_bx.b_xs_q0[39]$_DFF_P_	u_e.g_qb.g_bx.b_xs_q0\[39\]	0.62135	{{u_e.g_ir.r_xs_q0\[39\]$_DFF_P_} D DFFHQNx1_ASAP7_75t_R 0.621350}
cut	u_e.g_qb.g_bx.b_xs_q0[3]$_DFF_P_	QN	DFFHQNx1_ASAP7_75t_R	_016886_	0.577042	{hold45270 A BUFx2_ASAP7_75t_R 0.577042}
positive	u_e.g_qb.g_bx.b_xs_q0[3]$_DFF_P_	u_e.g_qb.g_bx.b_xs_q0\[3\]	0.62135	{{u_e.g_ir.r_xs_q0\[3\]$_DFF_P_} D DFFHQNx1_ASAP7_75t_R 0.621350}
cut	u_e.g_qb.g_bx.b_xs_q0[40]$_DFF_P_	QN	DFFHQNx1_ASAP7_75t_R	_016849_	0.577042	{hold21668 A BUFx2_ASAP7_75t_R 0.577042}
positive	u_e.g_qb.g_bx.b_xs_q0[40]$_DFF_P_	u_e.g_qb.g_bx.b_xs_q0\[40\]	0.577042	{hold21669 A BUFx2_ASAP7_75t_R 0.577042}
cut	u_e.g_qb.g_bx.b_xs_q0[41]$_DFF_P_	QN	DFFHQNx1_ASAP7_75t_R	_016848_	0.577042	{hold40106 A BUFx2_ASAP7_75t_R 0.577042}
positive	u_e.g_qb.g_bx.b_xs_q0[41]$_DFF_P_	u_e.g_qb.g_bx.b_xs_q0\[41\]	0.62135	{{u_e.g_ir.r_xs_q0\[41\]$_DFF_P_} D DFFHQNx1_ASAP7_75t_R 0.621350}
cut	u_e.g_qb.g_bx.b_xs_q0[42]$_DFF_P_	QN	DFFHQNx1_ASAP7_75t_R	_016847_	0.577042	{hold29276 A BUFx2_ASAP7_75t_R 0.577042}
positive	u_e.g_qb.g_bx.b_xs_q0[42]$_DFF_P_	u_e.g_qb.g_bx.b_xs_q0\[42\]	0.577042	{hold29277 A BUFx2_ASAP7_75t_R 0.577042}
cut	u_e.g_qb.g_bx.b_xs_q0[43]$_DFF_P_	QN	DFFHQNx1_ASAP7_75t_R	_016846_	0.577042	{hold32706 A BUFx2_ASAP7_75t_R 0.577042}
positive	u_e.g_qb.g_bx.b_xs_q0[43]$_DFF_P_	u_e.g_qb.g_bx.b_xs_q0\[43\]	0.577042	{hold32707 A BUFx2_ASAP7_75t_R 0.577042}
cut	u_e.g_qb.g_bx.b_xs_q0[44]$_DFF_P_	QN	DFFHQNx1_ASAP7_75t_R	_016845_	0.577042	{hold36349 A BUFx2_ASAP7_75t_R 0.577042}
positive	u_e.g_qb.g_bx.b_xs_q0[44]$_DFF_P_	u_e.g_qb.g_bx.b_xs_q0\[44\]	0.577042	{hold36350 A BUFx2_ASAP7_75t_R 0.577042}
cut	u_e.g_qb.g_bx.b_xs_q0[45]$_DFF_P_	QN	DFFHQNx1_ASAP7_75t_R	_016844_	0.577042	{hold24901 A BUFx2_ASAP7_75t_R 0.577042}
positive	u_e.g_qb.g_bx.b_xs_q0[45]$_DFF_P_	u_e.g_qb.g_bx.b_xs_q0\[45\]	0.577042	{hold24902 A BUFx2_ASAP7_75t_R 0.577042}
cut	u_e.g_qb.g_bx.b_xs_q0[46]$_DFF_P_	QN	DFFHQNx1_ASAP7_75t_R	_016843_	0.577042	{hold30474 A BUFx2_ASAP7_75t_R 0.577042}
positive	u_e.g_qb.g_bx.b_xs_q0[46]$_DFF_P_	u_e.g_qb.g_bx.b_xs_q0\[46\]	0.577042	{hold30475 A BUFx2_ASAP7_75t_R 0.577042}
cut	u_e.g_qb.g_bx.b_xs_q0[47]$_DFF_P_	QN	DFFHQNx1_ASAP7_75t_R	_016842_	0.577042	{hold45244 A BUFx2_ASAP7_75t_R 0.577042}
positive	u_e.g_qb.g_bx.b_xs_q0[47]$_DFF_P_	u_e.g_qb.g_bx.b_xs_q0\[47\]	0.62135	{{u_e.g_ir.r_xs_q0\[47\]$_DFF_P_} D DFFHQNx1_ASAP7_75t_R 0.621350}
cut	u_e.g_qb.g_bx.b_xs_q0[48]$_DFF_P_	QN	DFFHQNx1_ASAP7_75t_R	_016841_	0.577042	{hold23420 A BUFx2_ASAP7_75t_R 0.577042}
positive	u_e.g_qb.g_bx.b_xs_q0[48]$_DFF_P_	u_e.g_qb.g_bx.b_xs_q0\[48\]	0.577042	{hold23421 A BUFx2_ASAP7_75t_R 0.577042}
cut	u_e.g_qb.g_bx.b_xs_q0[49]$_DFF_P_	QN	DFFHQNx1_ASAP7_75t_R	_016840_	0.577042	{hold22598 A BUFx2_ASAP7_75t_R 0.577042}
positive	u_e.g_qb.g_bx.b_xs_q0[49]$_DFF_P_	u_e.g_qb.g_bx.b_xs_q0\[49\]	0.577042	{hold22599 A BUFx2_ASAP7_75t_R 0.577042}
cut	u_e.g_qb.g_bx.b_xs_q0[4]$_DFF_P_	QN	DFFHQNx1_ASAP7_75t_R	_016885_	0.577042	{hold34384 A BUFx2_ASAP7_75t_R 0.577042}
positive	u_e.g_qb.g_bx.b_xs_q0[4]$_DFF_P_	u_e.g_qb.g_bx.b_xs_q0\[4\]	0.577042	{hold34385 A BUFx2_ASAP7_75t_R 0.577042}
cut	u_e.g_qb.g_bx.b_xs_q0[50]$_DFF_P_	QN	DFFHQNx1_ASAP7_75t_R	_016839_	0.683678	{_168094_ A INVx1_ASAP7_75t_R 0.683678}
positive	u_e.g_qb.g_bx.b_xs_q0[50]$_DFF_P_	u_e.g_qb.g_bx.b_xs_q0\[50\]	0.62135	{{u_e.g_ir.r_xs_q0\[50\]$_DFF_P_} D DFFHQNx1_ASAP7_75t_R 0.621350}
cut	u_e.g_qb.g_bx.b_xs_q0[51]$_DFF_P_	QN	DFFHQNx1_ASAP7_75t_R	_016838_	0.683678	{_168093_ A INVx1_ASAP7_75t_R 0.683678}
positive	u_e.g_qb.g_bx.b_xs_q0[51]$_DFF_P_	u_e.g_qb.g_bx.b_xs_q0\[51\]	0.62135	{{u_e.g_ir.r_xs_q0\[51\]$_DFF_P_} D DFFHQNx1_ASAP7_75t_R 0.621350}
cut	u_e.g_qb.g_bx.b_xs_q0[52]$_DFF_P_	QN	DFFHQNx1_ASAP7_75t_R	_016837_	0.577042	{hold40558 A BUFx2_ASAP7_75t_R 0.577042}
positive	u_e.g_qb.g_bx.b_xs_q0[52]$_DFF_P_	u_e.g_qb.g_bx.b_xs_q0\[52\]	0.62135	{{u_e.g_ir.r_xs_q0\[52\]$_DFF_P_} D DFFHQNx1_ASAP7_75t_R 0.621350}
cut	u_e.g_qb.g_bx.b_xs_q0[53]$_DFF_P_	QN	DFFHQNx1_ASAP7_75t_R	_016836_	0.683678	{_168091_ A INVx1_ASAP7_75t_R 0.683678}
positive	u_e.g_qb.g_bx.b_xs_q0[53]$_DFF_P_	u_e.g_qb.g_bx.b_xs_q0\[53\]	0.62135	{{u_e.g_ir.r_xs_q0\[53\]$_DFF_P_} D DFFHQNx1_ASAP7_75t_R 0.621350}
cut	u_e.g_qb.g_bx.b_xs_q0[54]$_DFF_P_	QN	DFFHQNx1_ASAP7_75t_R	_016835_	0.577042	{hold39646 A BUFx2_ASAP7_75t_R 0.577042}
positive	u_e.g_qb.g_bx.b_xs_q0[54]$_DFF_P_	u_e.g_qb.g_bx.b_xs_q0\[54\]	0.577042	{hold39647 A BUFx2_ASAP7_75t_R 0.577042}
cut	u_e.g_qb.g_bx.b_xs_q0[55]$_DFF_P_	QN	DFFHQNx1_ASAP7_75t_R	_016834_	0.577042	{hold22973 A BUFx2_ASAP7_75t_R 0.577042}
positive	u_e.g_qb.g_bx.b_xs_q0[55]$_DFF_P_	u_e.g_qb.g_bx.b_xs_q0\[55\]	0.577042	{hold22974 A BUFx2_ASAP7_75t_R 0.577042}
cut	u_e.g_qb.g_bx.b_xs_q0[56]$_DFF_P_	QN	DFFHQNx1_ASAP7_75t_R	_016833_	0.577042	{hold44909 A BUFx2_ASAP7_75t_R 0.577042}
positive	u_e.g_qb.g_bx.b_xs_q0[56]$_DFF_P_	u_e.g_qb.g_bx.b_xs_q0\[56\]	0.62135	{{u_e.g_ir.r_xs_q0\[56\]$_DFF_P_} D DFFHQNx1_ASAP7_75t_R 0.621350}
cut	u_e.g_qb.g_bx.b_xs_q0[57]$_DFF_P_	QN	DFFHQNx1_ASAP7_75t_R	_016832_	0.577042	{hold33907 A BUFx2_ASAP7_75t_R 0.577042}
positive	u_e.g_qb.g_bx.b_xs_q0[57]$_DFF_P_	u_e.g_qb.g_bx.b_xs_q0\[57\]	0.577042	{hold33908 A BUFx2_ASAP7_75t_R 0.577042}
cut	u_e.g_qb.g_bx.b_xs_q0[58]$_DFF_P_	QN	DFFHQNx1_ASAP7_75t_R	_016831_	0.577042	{hold29962 A BUFx2_ASAP7_75t_R 0.577042}
positive	u_e.g_qb.g_bx.b_xs_q0[58]$_DFF_P_	u_e.g_qb.g_bx.b_xs_q0\[58\]	0.577042	{hold29963 A BUFx2_ASAP7_75t_R 0.577042}
cut	u_e.g_qb.g_bx.b_xs_q0[59]$_DFF_P_	QN	DFFHQNx1_ASAP7_75t_R	_016830_	0.577042	{hold34045 A BUFx2_ASAP7_75t_R 0.577042}
positive	u_e.g_qb.g_bx.b_xs_q0[59]$_DFF_P_	u_e.g_qb.g_bx.b_xs_q0\[59\]	0.577042	{hold34046 A BUFx2_ASAP7_75t_R 0.577042}
cut	u_e.g_qb.g_bx.b_xs_q0[5]$_DFF_P_	QN	DFFHQNx1_ASAP7_75t_R	_016884_	0.577042	{hold43669 A BUFx2_ASAP7_75t_R 0.577042}
positive	u_e.g_qb.g_bx.b_xs_q0[5]$_DFF_P_	u_e.g_qb.g_bx.b_xs_q0\[5\]	0.62135	{{u_e.g_ir.r_xs_q0\[5\]$_DFF_P_} D DFFHQNx1_ASAP7_75t_R 0.621350}
cut	u_e.g_qb.g_bx.b_xs_q0[60]$_DFF_P_	QN	DFFHQNx1_ASAP7_75t_R	_016829_	0.683678	{_168084_ A INVx1_ASAP7_75t_R 0.683678}
positive	u_e.g_qb.g_bx.b_xs_q0[60]$_DFF_P_	u_e.g_qb.g_bx.b_xs_q0\[60\]	0.62135	{{u_e.g_ir.r_xs_q0\[60\]$_DFF_P_} D DFFHQNx1_ASAP7_75t_R 0.621350}
cut	u_e.g_qb.g_bx.b_xs_q0[61]$_DFF_P_	QN	DFFHQNx1_ASAP7_75t_R	_016828_	0.683678	{_168083_ A INVx1_ASAP7_75t_R 0.683678}
positive	u_e.g_qb.g_bx.b_xs_q0[61]$_DFF_P_	u_e.g_qb.g_bx.b_xs_q0\[61\]	0.62135	{{u_e.g_ir.r_xs_q0\[61\]$_DFF_P_} D DFFHQNx1_ASAP7_75t_R 0.621350}
cut	u_e.g_qb.g_bx.b_xs_q0[62]$_DFF_P_	QN	DFFHQNx1_ASAP7_75t_R	_016827_	0.683678	{_168082_ A INVx1_ASAP7_75t_R 0.683678}
positive	u_e.g_qb.g_bx.b_xs_q0[62]$_DFF_P_	u_e.g_qb.g_bx.b_xs_q0\[62\]	0.62135	{{u_e.g_ir.r_xs_q0\[62\]$_DFF_P_} D DFFHQNx1_ASAP7_75t_R 0.621350}
cut	u_e.g_qb.g_bx.b_xs_q0[63]$_DFF_P_	QN	DFFHQNx1_ASAP7_75t_R	_016826_	0.577042	{hold44707 A BUFx2_ASAP7_75t_R 0.577042}
positive	u_e.g_qb.g_bx.b_xs_q0[63]$_DFF_P_	u_e.g_qb.g_bx.b_xs_q0\[63\]	0.62135	{{u_e.g_ir.r_xs_q0\[63\]$_DFF_P_} D DFFHQNx1_ASAP7_75t_R 0.621350}
cut	u_e.g_qb.g_bx.b_xs_q0[64]$_DFF_P_	QN	DFFHQNx1_ASAP7_75t_R	_016825_	0.577042	{hold19318 A BUFx2_ASAP7_75t_R 0.577042}
positive	u_e.g_qb.g_bx.b_xs_q0[64]$_DFF_P_	u_e.g_qb.g_bx.b_xs_q0\[64\]	0.577042	{hold19319 A BUFx2_ASAP7_75t_R 0.577042}
cut	u_e.g_qb.g_bx.b_xs_q0[65]$_DFF_P_	QN	DFFHQNx1_ASAP7_75t_R	_016824_	0.577042	{hold19281 A BUFx2_ASAP7_75t_R 0.577042}
positive	u_e.g_qb.g_bx.b_xs_q0[65]$_DFF_P_	u_e.g_qb.g_bx.b_xs_q0\[65\]	0.577042	{hold19282 A BUFx2_ASAP7_75t_R 0.577042}
cut	u_e.g_qb.g_bx.b_xs_q0[66]$_DFF_P_	QN	DFFHQNx1_ASAP7_75t_R	_016823_	0.577042	{hold39698 A BUFx2_ASAP7_75t_R 0.577042}
positive	u_e.g_qb.g_bx.b_xs_q0[66]$_DFF_P_	u_e.g_qb.g_bx.b_xs_q0\[66\]	0.577042	{hold39699 A BUFx2_ASAP7_75t_R 0.577042}
cut	u_e.g_qb.g_bx.b_xs_q0[67]$_DFF_P_	QN	DFFHQNx1_ASAP7_75t_R	_016822_	0.577042	{hold19941 A BUFx2_ASAP7_75t_R 0.577042}
positive	u_e.g_qb.g_bx.b_xs_q0[67]$_DFF_P_	u_e.g_qb.g_bx.b_xs_q0\[67\]	0.577042	{hold19942 A BUFx2_ASAP7_75t_R 0.577042}
cut	u_e.g_qb.g_bx.b_xs_q0[68]$_DFF_P_	QN	DFFHQNx1_ASAP7_75t_R	_016821_	0.577042	{hold19392 A BUFx2_ASAP7_75t_R 0.577042}
positive	u_e.g_qb.g_bx.b_xs_q0[68]$_DFF_P_	u_e.g_qb.g_bx.b_xs_q0\[68\]	0.577042	{hold19393 A BUFx2_ASAP7_75t_R 0.577042}
cut	u_e.g_qb.g_bx.b_xs_q0[69]$_DFF_P_	QN	DFFHQNx1_ASAP7_75t_R	_016820_	0.577042	{hold19265 A BUFx2_ASAP7_75t_R 0.577042}
positive	u_e.g_qb.g_bx.b_xs_q0[69]$_DFF_P_	u_e.g_qb.g_bx.b_xs_q0\[69\]	0.577042	{hold19266 A BUFx2_ASAP7_75t_R 0.577042}
cut	u_e.g_qb.g_bx.b_xs_q0[6]$_DFF_P_	QN	DFFHQNx1_ASAP7_75t_R	_016883_	0.577042	{hold45169 A BUFx2_ASAP7_75t_R 0.577042}
positive	u_e.g_qb.g_bx.b_xs_q0[6]$_DFF_P_	u_e.g_qb.g_bx.b_xs_q0\[6\]	0.62135	{{u_e.g_ir.r_xs_q0\[6\]$_DFF_P_} D DFFHQNx1_ASAP7_75t_R 0.621350}
cut	u_e.g_qb.g_bx.b_xs_q0[70]$_DFF_P_	QN	DFFHQNx1_ASAP7_75t_R	_016819_	0.577042	{hold19652 A BUFx2_ASAP7_75t_R 0.577042}
positive	u_e.g_qb.g_bx.b_xs_q0[70]$_DFF_P_	u_e.g_qb.g_bx.b_xs_q0\[70\]	0.577042	{hold19653 A BUFx2_ASAP7_75t_R 0.577042}
cut	u_e.g_qb.g_bx.b_xs_q0[71]$_DFF_P_	QN	DFFHQNx1_ASAP7_75t_R	_016818_	0.577042	{hold19630 A BUFx2_ASAP7_75t_R 0.577042}
positive	u_e.g_qb.g_bx.b_xs_q0[71]$_DFF_P_	u_e.g_qb.g_bx.b_xs_q0\[71\]	0.577042	{hold19631 A BUFx2_ASAP7_75t_R 0.577042}
cut	u_e.g_qb.g_bx.b_xs_q0[72]$_DFF_P_	QN	DFFHQNx1_ASAP7_75t_R	_016817_	0.577042	{hold36210 A BUFx2_ASAP7_75t_R 0.577042}
positive	u_e.g_qb.g_bx.b_xs_q0[72]$_DFF_P_	u_e.g_qb.g_bx.b_xs_q0\[72\]	0.577042	{hold36211 A BUFx2_ASAP7_75t_R 0.577042}
cut	u_e.g_qb.g_bx.b_xs_q0[73]$_DFF_P_	QN	DFFHQNx1_ASAP7_75t_R	_016816_	0.577042	{hold32444 A BUFx2_ASAP7_75t_R 0.577042}
positive	u_e.g_qb.g_bx.b_xs_q0[73]$_DFF_P_	u_e.g_qb.g_bx.b_xs_q0\[73\]	0.577042	{hold32445 A BUFx2_ASAP7_75t_R 0.577042}
cut	u_e.g_qb.g_bx.b_xs_q0[74]$_DFF_P_	QN	DFFHQNx1_ASAP7_75t_R	_016815_	0.577042	{hold19283 A BUFx2_ASAP7_75t_R 0.577042}
positive	u_e.g_qb.g_bx.b_xs_q0[74]$_DFF_P_	u_e.g_qb.g_bx.b_xs_q0\[74\]	0.577042	{hold19284 A BUFx2_ASAP7_75t_R 0.577042}
cut	u_e.g_qb.g_bx.b_xs_q0[75]$_DFF_P_	QN	DFFHQNx1_ASAP7_75t_R	_016814_	0.577042	{hold19250 A BUFx2_ASAP7_75t_R 0.577042}
positive	u_e.g_qb.g_bx.b_xs_q0[75]$_DFF_P_	u_e.g_qb.g_bx.b_xs_q0\[75\]	0.577042	{hold19251 A BUFx2_ASAP7_75t_R 0.577042}
cut	u_e.g_qb.g_bx.b_xs_q0[76]$_DFF_P_	QN	DFFHQNx1_ASAP7_75t_R	_016813_	0.577042	{hold29495 A BUFx2_ASAP7_75t_R 0.577042}
positive	u_e.g_qb.g_bx.b_xs_q0[76]$_DFF_P_	u_e.g_qb.g_bx.b_xs_q0\[76\]	0.577042	{hold29496 A BUFx2_ASAP7_75t_R 0.577042}
cut	u_e.g_qb.g_bx.b_xs_q0[77]$_DFF_P_	QN	DFFHQNx1_ASAP7_75t_R	_016812_	0.577042	{hold19254 A BUFx2_ASAP7_75t_R 0.577042}
positive	u_e.g_qb.g_bx.b_xs_q0[77]$_DFF_P_	u_e.g_qb.g_bx.b_xs_q0\[77\]	0.577042	{hold19255 A BUFx2_ASAP7_75t_R 0.577042}
cut	u_e.g_qb.g_bx.b_xs_q0[78]$_DFF_P_	QN	DFFHQNx1_ASAP7_75t_R	_016811_	0.577042	{hold19273 A BUFx2_ASAP7_75t_R 0.577042}
positive	u_e.g_qb.g_bx.b_xs_q0[78]$_DFF_P_	u_e.g_qb.g_bx.b_xs_q0\[78\]	0.577042	{hold19274 A BUFx2_ASAP7_75t_R 0.577042}
cut	u_e.g_qb.g_bx.b_xs_q0[79]$_DFF_P_	QN	DFFHQNx1_ASAP7_75t_R	_016810_	0.577042	{hold19336 A BUFx2_ASAP7_75t_R 0.577042}
positive	u_e.g_qb.g_bx.b_xs_q0[79]$_DFF_P_	u_e.g_qb.g_bx.b_xs_q0\[79\]	0.577042	{hold19337 A BUFx2_ASAP7_75t_R 0.577042}
cut	u_e.g_qb.g_bx.b_xs_q0[7]$_DFF_P_	QN	DFFHQNx1_ASAP7_75t_R	_016882_	0.577042	{hold34060 A BUFx2_ASAP7_75t_R 0.577042}
positive	u_e.g_qb.g_bx.b_xs_q0[7]$_DFF_P_	u_e.g_qb.g_bx.b_xs_q0\[7\]	0.577042	{hold34061 A BUFx2_ASAP7_75t_R 0.577042}
cut	u_e.g_qb.g_bx.b_xs_q0[80]$_DFF_P_	QN	DFFHQNx1_ASAP7_75t_R	_016809_	0.683678	{_168064_ A INVx1_ASAP7_75t_R 0.683678}
positive	u_e.g_qb.g_bx.b_xs_q0[80]$_DFF_P_	u_e.g_qb.g_bx.b_xs_q0\[80\]	0.62135	{{u_e.g_ir.r_xs_q0\[80\]$_DFF_P_} D DFFHQNx1_ASAP7_75t_R 0.621350}
cut	u_e.g_qb.g_bx.b_xs_q0[81]$_DFF_P_	QN	DFFHQNx1_ASAP7_75t_R	_016808_	0.577042	{hold29585 A BUFx2_ASAP7_75t_R 0.577042}
positive	u_e.g_qb.g_bx.b_xs_q0[81]$_DFF_P_	u_e.g_qb.g_bx.b_xs_q0\[81\]	0.577042	{hold29586 A BUFx2_ASAP7_75t_R 0.577042}
cut	u_e.g_qb.g_bx.b_xs_q0[82]$_DFF_P_	QN	DFFHQNx1_ASAP7_75t_R	_016807_	0.577042	{hold32284 A BUFx2_ASAP7_75t_R 0.577042}
positive	u_e.g_qb.g_bx.b_xs_q0[82]$_DFF_P_	u_e.g_qb.g_bx.b_xs_q0\[82\]	0.577042	{hold32285 A BUFx2_ASAP7_75t_R 0.577042}
cut	u_e.g_qb.g_bx.b_xs_q0[83]$_DFF_P_	QN	DFFHQNx1_ASAP7_75t_R	_016806_	0.683678	{_168061_ A INVx1_ASAP7_75t_R 0.683678}
positive	u_e.g_qb.g_bx.b_xs_q0[83]$_DFF_P_	u_e.g_qb.g_bx.b_xs_q0\[83\]	0.62135	{{u_e.g_ir.r_xs_q0\[83\]$_DFF_P_} D DFFHQNx1_ASAP7_75t_R 0.621350}
cut	u_e.g_qb.g_bx.b_xs_q0[84]$_DFF_P_	QN	DFFHQNx1_ASAP7_75t_R	_016805_	0.577042	{hold19290 A BUFx2_ASAP7_75t_R 0.577042}
positive	u_e.g_qb.g_bx.b_xs_q0[84]$_DFF_P_	u_e.g_qb.g_bx.b_xs_q0\[84\]	0.577042	{hold19291 A BUFx2_ASAP7_75t_R 0.577042}
cut	u_e.g_qb.g_bx.b_xs_q0[85]$_DFF_P_	QN	DFFHQNx1_ASAP7_75t_R	_016804_	0.577042	{hold32936 A BUFx2_ASAP7_75t_R 0.577042}
positive	u_e.g_qb.g_bx.b_xs_q0[85]$_DFF_P_	u_e.g_qb.g_bx.b_xs_q0\[85\]	0.577042	{hold32937 A BUFx2_ASAP7_75t_R 0.577042}
cut	u_e.g_qb.g_bx.b_xs_q0[86]$_DFF_P_	QN	DFFHQNx1_ASAP7_75t_R	_016803_	0.577042	{hold41185 A BUFx2_ASAP7_75t_R 0.577042}
positive	u_e.g_qb.g_bx.b_xs_q0[86]$_DFF_P_	u_e.g_qb.g_bx.b_xs_q0\[86\]	0.62135	{{u_e.g_ir.r_xs_q0\[86\]$_DFF_P_} D DFFHQNx1_ASAP7_75t_R 0.621350}
cut	u_e.g_qb.g_bx.b_xs_q0[87]$_DFF_P_	QN	DFFHQNx1_ASAP7_75t_R	_016802_	0.577042	{hold27911 A BUFx2_ASAP7_75t_R 0.577042}
positive	u_e.g_qb.g_bx.b_xs_q0[87]$_DFF_P_	u_e.g_qb.g_bx.b_xs_q0\[87\]	0.577042	{hold27912 A BUFx2_ASAP7_75t_R 0.577042}
cut	u_e.g_qb.g_bx.b_xs_q0[88]$_DFF_P_	QN	DFFHQNx1_ASAP7_75t_R	_016801_	0.577042	{hold40417 A BUFx2_ASAP7_75t_R 0.577042}
positive	u_e.g_qb.g_bx.b_xs_q0[88]$_DFF_P_	u_e.g_qb.g_bx.b_xs_q0\[88\]	0.62135	{{u_e.g_ir.r_xs_q0\[88\]$_DFF_P_} D DFFHQNx1_ASAP7_75t_R 0.621350}
cut	u_e.g_qb.g_bx.b_xs_q0[89]$_DFF_P_	QN	DFFHQNx1_ASAP7_75t_R	_016800_	0.577042	{hold20525 A BUFx2_ASAP7_75t_R 0.577042}
positive	u_e.g_qb.g_bx.b_xs_q0[89]$_DFF_P_	u_e.g_qb.g_bx.b_xs_q0\[89\]	0.577042	{hold20526 A BUFx2_ASAP7_75t_R 0.577042}
cut	u_e.g_qb.g_bx.b_xs_q0[8]$_DFF_P_	QN	DFFHQNx1_ASAP7_75t_R	_016881_	0.577042	{hold31585 A BUFx2_ASAP7_75t_R 0.577042}
positive	u_e.g_qb.g_bx.b_xs_q0[8]$_DFF_P_	u_e.g_qb.g_bx.b_xs_q0\[8\]	0.577042	{hold31586 A BUFx2_ASAP7_75t_R 0.577042}
cut	u_e.g_qb.g_bx.b_xs_q0[90]$_DFF_P_	QN	DFFHQNx1_ASAP7_75t_R	_016799_	0.577042	{hold42537 A BUFx2_ASAP7_75t_R 0.577042}
positive	u_e.g_qb.g_bx.b_xs_q0[90]$_DFF_P_	u_e.g_qb.g_bx.b_xs_q0\[90\]	0.62135	{{u_e.g_ir.r_xs_q0\[90\]$_DFF_P_} D DFFHQNx1_ASAP7_75t_R 0.621350}
cut	u_e.g_qb.g_bx.b_xs_q0[91]$_DFF_P_	QN	DFFHQNx1_ASAP7_75t_R	_016798_	0.577042	{hold39034 A BUFx2_ASAP7_75t_R 0.577042}
positive	u_e.g_qb.g_bx.b_xs_q0[91]$_DFF_P_	u_e.g_qb.g_bx.b_xs_q0\[91\]	0.577042	{hold39035 A BUFx2_ASAP7_75t_R 0.577042}
cut	u_e.g_qb.g_bx.b_xs_q0[92]$_DFF_P_	QN	DFFHQNx1_ASAP7_75t_R	_016797_	0.577042	{hold40241 A BUFx2_ASAP7_75t_R 0.577042}
positive	u_e.g_qb.g_bx.b_xs_q0[92]$_DFF_P_	u_e.g_qb.g_bx.b_xs_q0\[92\]	0.62135	{{u_e.g_ir.r_xs_q0\[92\]$_DFF_P_} D DFFHQNx1_ASAP7_75t_R 0.621350}
cut	u_e.g_qb.g_bx.b_xs_q0[93]$_DFF_P_	QN	DFFHQNx1_ASAP7_75t_R	_016796_	0.683678	{_168051_ A INVx1_ASAP7_75t_R 0.683678}
positive	u_e.g_qb.g_bx.b_xs_q0[93]$_DFF_P_	u_e.g_qb.g_bx.b_xs_q0\[93\]	0.62135	{{u_e.g_ir.r_xs_q0\[93\]$_DFF_P_} D DFFHQNx1_ASAP7_75t_R 0.621350}
cut	u_e.g_qb.g_bx.b_xs_q0[94]$_DFF_P_	QN	DFFHQNx1_ASAP7_75t_R	_016795_	0.577042	{hold19927 A BUFx2_ASAP7_75t_R 0.577042}
positive	u_e.g_qb.g_bx.b_xs_q0[94]$_DFF_P_	u_e.g_qb.g_bx.b_xs_q0\[94\]	0.577042	{hold19928 A BUFx2_ASAP7_75t_R 0.577042}
cut	u_e.g_qb.g_bx.b_xs_q0[95]$_DFF_P_	QN	DFFHQNx1_ASAP7_75t_R	_016794_	0.577042	{hold20089 A BUFx2_ASAP7_75t_R 0.577042}
positive	u_e.g_qb.g_bx.b_xs_q0[95]$_DFF_P_	u_e.g_qb.g_bx.b_xs_q0\[95\]	0.577042	{hold20090 A BUFx2_ASAP7_75t_R 0.577042}
cut	u_e.g_qb.g_bx.b_xs_q0[96]$_DFF_P_	QN	DFFHQNx1_ASAP7_75t_R	_016793_	0.577042	{hold30343 A BUFx2_ASAP7_75t_R 0.577042}
positive	u_e.g_qb.g_bx.b_xs_q0[96]$_DFF_P_	u_e.g_qb.g_bx.b_xs_q0\[96\]	0.577042	{hold30344 A BUFx2_ASAP7_75t_R 0.577042}
cut	u_e.g_qb.g_bx.b_xs_q0[97]$_DFF_P_	QN	DFFHQNx1_ASAP7_75t_R	_016792_	0.577042	{hold25767 A BUFx2_ASAP7_75t_R 0.577042}
positive	u_e.g_qb.g_bx.b_xs_q0[97]$_DFF_P_	u_e.g_qb.g_bx.b_xs_q0\[97\]	0.577042	{hold25768 A BUFx2_ASAP7_75t_R 0.577042}
cut	u_e.g_qb.g_bx.b_xs_q0[98]$_DFF_P_	QN	DFFHQNx1_ASAP7_75t_R	_016791_	0.577042	{hold19701 A BUFx2_ASAP7_75t_R 0.577042}
positive	u_e.g_qb.g_bx.b_xs_q0[98]$_DFF_P_	u_e.g_qb.g_bx.b_xs_q0\[98\]	0.577042	{hold19702 A BUFx2_ASAP7_75t_R 0.577042}
cut	u_e.g_qb.g_bx.b_xs_q0[99]$_DFF_P_	QN	DFFHQNx1_ASAP7_75t_R	_016790_	0.577042	{hold40554 A BUFx2_ASAP7_75t_R 0.577042}
positive	u_e.g_qb.g_bx.b_xs_q0[99]$_DFF_P_	u_e.g_qb.g_bx.b_xs_q0\[99\]	0.62135	{{u_e.g_ir.r_xs_q0\[99\]$_DFF_P_} D DFFHQNx1_ASAP7_75t_R 0.621350}
cut	u_e.g_qb.g_bx.b_xs_q0[9]$_DFF_P_	QN	DFFHQNx1_ASAP7_75t_R	_016880_	0.577042	{hold36383 A BUFx2_ASAP7_75t_R 0.577042}
positive	u_e.g_qb.g_bx.b_xs_q0[9]$_DFF_P_	u_e.g_qb.g_bx.b_xs_q0\[9\]	0.577042	{hold36384 A BUFx2_ASAP7_75t_R 0.577042}
cut	u_e.g_qb.g_bx.b_xs_q1[0]$_DFF_P_	QN	DFFHQNx1_ASAP7_75t_R	_017144_	0.577042	{hold44740 A BUFx2_ASAP7_75t_R 0.577042}
positive	u_e.g_qb.g_bx.b_xs_q1[0]$_DFF_P_	u_e.g_qb.g_bx.b_xs_q1\[0\]	0.62135	{{u_e.g_ir.r_xs_q1\[0\]$_DFF_P_} D DFFHQNx1_ASAP7_75t_R 0.621350}
cut	u_e.g_qb.g_bx.b_xs_q1[100]$_DFF_P_	QN	DFFHQNx1_ASAP7_75t_R	_017044_	0.577042	{hold33880 A BUFx2_ASAP7_75t_R 0.577042}
positive	u_e.g_qb.g_bx.b_xs_q1[100]$_DFF_P_	u_e.g_qb.g_bx.b_xs_q1\[100\]	0.577042	{hold33881 A BUFx2_ASAP7_75t_R 0.577042}
cut	u_e.g_qb.g_bx.b_xs_q1[101]$_DFF_P_	QN	DFFHQNx1_ASAP7_75t_R	_017043_	0.577042	{hold40327 A BUFx2_ASAP7_75t_R 0.577042}
positive	u_e.g_qb.g_bx.b_xs_q1[101]$_DFF_P_	u_e.g_qb.g_bx.b_xs_q1\[101\]	0.62135	{{u_e.g_ir.r_xs_q1\[101\]$_DFF_P_} D DFFHQNx1_ASAP7_75t_R 0.621350}
cut	u_e.g_qb.g_bx.b_xs_q1[102]$_DFF_P_	QN	DFFHQNx1_ASAP7_75t_R	_017042_	0.577042	{hold40540 A BUFx2_ASAP7_75t_R 0.577042}
positive	u_e.g_qb.g_bx.b_xs_q1[102]$_DFF_P_	u_e.g_qb.g_bx.b_xs_q1\[102\]	0.62135	{{u_e.g_ir.r_xs_q1\[102\]$_DFF_P_} D DFFHQNx1_ASAP7_75t_R 0.621350}
cut	u_e.g_qb.g_bx.b_xs_q1[103]$_DFF_P_	QN	DFFHQNx1_ASAP7_75t_R	_017041_	0.577042	{hold41095 A BUFx2_ASAP7_75t_R 0.577042}
positive	u_e.g_qb.g_bx.b_xs_q1[103]$_DFF_P_	u_e.g_qb.g_bx.b_xs_q1\[103\]	0.62135	{{u_e.g_ir.r_xs_q1\[103\]$_DFF_P_} D DFFHQNx1_ASAP7_75t_R 0.621350}
cut	u_e.g_qb.g_bx.b_xs_q1[104]$_DFF_P_	QN	DFFHQNx1_ASAP7_75t_R	_017040_	0.683678	{_168295_ A INVx1_ASAP7_75t_R 0.683678}
positive	u_e.g_qb.g_bx.b_xs_q1[104]$_DFF_P_	u_e.g_qb.g_bx.b_xs_q1\[104\]	0.62135	{{u_e.g_ir.r_xs_q1\[104\]$_DFF_P_} D DFFHQNx1_ASAP7_75t_R 0.621350}
cut	u_e.g_qb.g_bx.b_xs_q1[105]$_DFF_P_	QN	DFFHQNx1_ASAP7_75t_R	_017039_	0.683678	{_168294_ A INVx1_ASAP7_75t_R 0.683678}
positive	u_e.g_qb.g_bx.b_xs_q1[105]$_DFF_P_	u_e.g_qb.g_bx.b_xs_q1\[105\]	0.62135	{{u_e.g_ir.r_xs_q1\[105\]$_DFF_P_} D DFFHQNx1_ASAP7_75t_R 0.621350}
cut	u_e.g_qb.g_bx.b_xs_q1[106]$_DFF_P_	QN	DFFHQNx1_ASAP7_75t_R	_017038_	0.683678	{_168293_ A INVx1_ASAP7_75t_R 0.683678}
positive	u_e.g_qb.g_bx.b_xs_q1[106]$_DFF_P_	u_e.g_qb.g_bx.b_xs_q1\[106\]	0.62135	{{u_e.g_ir.r_xs_q1\[106\]$_DFF_P_} D DFFHQNx1_ASAP7_75t_R 0.621350}
cut	u_e.g_qb.g_bx.b_xs_q1[107]$_DFF_P_	QN	DFFHQNx1_ASAP7_75t_R	_017037_	0.577042	{hold40632 A BUFx2_ASAP7_75t_R 0.577042}
positive	u_e.g_qb.g_bx.b_xs_q1[107]$_DFF_P_	u_e.g_qb.g_bx.b_xs_q1\[107\]	0.62135	{{u_e.g_ir.r_xs_q1\[107\]$_DFF_P_} D DFFHQNx1_ASAP7_75t_R 0.621350}
cut	u_e.g_qb.g_bx.b_xs_q1[108]$_DFF_P_	QN	DFFHQNx1_ASAP7_75t_R	_017036_	0.683678	{_168291_ A INVx1_ASAP7_75t_R 0.683678}
positive	u_e.g_qb.g_bx.b_xs_q1[108]$_DFF_P_	u_e.g_qb.g_bx.b_xs_q1\[108\]	0.62135	{{u_e.g_ir.r_xs_q1\[108\]$_DFF_P_} D DFFHQNx1_ASAP7_75t_R 0.621350}
cut	u_e.g_qb.g_bx.b_xs_q1[109]$_DFF_P_	QN	DFFHQNx1_ASAP7_75t_R	_017035_	0.683678	{_168290_ A INVx1_ASAP7_75t_R 0.683678}
positive	u_e.g_qb.g_bx.b_xs_q1[109]$_DFF_P_	u_e.g_qb.g_bx.b_xs_q1\[109\]	0.62135	{{u_e.g_ir.r_xs_q1\[109\]$_DFF_P_} D DFFHQNx1_ASAP7_75t_R 0.621350}
cut	u_e.g_qb.g_bx.b_xs_q1[10]$_DFF_P_	QN	DFFHQNx1_ASAP7_75t_R	_017134_	0.683678	{_168389_ A INVx1_ASAP7_75t_R 0.683678}
positive	u_e.g_qb.g_bx.b_xs_q1[10]$_DFF_P_	u_e.g_qb.g_bx.b_xs_q1\[10\]	0.62135	{{u_e.g_ir.r_xs_q1\[10\]$_DFF_P_} D DFFHQNx1_ASAP7_75t_R 0.621350}
cut	u_e.g_qb.g_bx.b_xs_q1[110]$_DFF_P_	QN	DFFHQNx1_ASAP7_75t_R	_017034_	0.683678	{_168289_ A INVx1_ASAP7_75t_R 0.683678}
positive	u_e.g_qb.g_bx.b_xs_q1[110]$_DFF_P_	u_e.g_qb.g_bx.b_xs_q1\[110\]	0.62135	{{u_e.g_ir.r_xs_q1\[110\]$_DFF_P_} D DFFHQNx1_ASAP7_75t_R 0.621350}
cut	u_e.g_qb.g_bx.b_xs_q1[111]$_DFF_P_	QN	DFFHQNx1_ASAP7_75t_R	_017033_	0.577042	{hold40204 A BUFx2_ASAP7_75t_R 0.577042}
positive	u_e.g_qb.g_bx.b_xs_q1[111]$_DFF_P_	u_e.g_qb.g_bx.b_xs_q1\[111\]	0.577042	{hold40205 A BUFx2_ASAP7_75t_R 0.577042}
cut	u_e.g_qb.g_bx.b_xs_q1[112]$_DFF_P_	QN	DFFHQNx1_ASAP7_75t_R	_017032_	0.683678	{_168287_ A INVx1_ASAP7_75t_R 0.683678}
positive	u_e.g_qb.g_bx.b_xs_q1[112]$_DFF_P_	u_e.g_qb.g_bx.b_xs_q1\[112\]	0.62135	{{u_e.g_ir.r_xs_q1\[112\]$_DFF_P_} D DFFHQNx1_ASAP7_75t_R 0.621350}
cut	u_e.g_qb.g_bx.b_xs_q1[113]$_DFF_P_	QN	DFFHQNx1_ASAP7_75t_R	_017031_	0.577042	{hold40927 A BUFx2_ASAP7_75t_R 0.577042}
positive	u_e.g_qb.g_bx.b_xs_q1[113]$_DFF_P_	u_e.g_qb.g_bx.b_xs_q1\[113\]	0.62135	{{u_e.g_ir.r_xs_q1\[113\]$_DFF_P_} D DFFHQNx1_ASAP7_75t_R 0.621350}
cut	u_e.g_qb.g_bx.b_xs_q1[114]$_DFF_P_	QN	DFFHQNx1_ASAP7_75t_R	_017030_	0.683678	{_168285_ A INVx1_ASAP7_75t_R 0.683678}
positive	u_e.g_qb.g_bx.b_xs_q1[114]$_DFF_P_	u_e.g_qb.g_bx.b_xs_q1\[114\]	0.62135	{{u_e.g_ir.r_xs_q1\[114\]$_DFF_P_} D DFFHQNx1_ASAP7_75t_R 0.621350}
cut	u_e.g_qb.g_bx.b_xs_q1[115]$_DFF_P_	QN	DFFHQNx1_ASAP7_75t_R	_017029_	0.577042	{hold40601 A BUFx2_ASAP7_75t_R 0.577042}
positive	u_e.g_qb.g_bx.b_xs_q1[115]$_DFF_P_	u_e.g_qb.g_bx.b_xs_q1\[115\]	0.62135	{{u_e.g_ir.r_xs_q1\[115\]$_DFF_P_} D DFFHQNx1_ASAP7_75t_R 0.621350}
cut	u_e.g_qb.g_bx.b_xs_q1[116]$_DFF_P_	QN	DFFHQNx1_ASAP7_75t_R	_017028_	0.683678	{_168283_ A INVx1_ASAP7_75t_R 0.683678}
positive	u_e.g_qb.g_bx.b_xs_q1[116]$_DFF_P_	u_e.g_qb.g_bx.b_xs_q1\[116\]	0.62135	{{u_e.g_ir.r_xs_q1\[116\]$_DFF_P_} D DFFHQNx1_ASAP7_75t_R 0.621350}
cut	u_e.g_qb.g_bx.b_xs_q1[117]$_DFF_P_	QN	DFFHQNx1_ASAP7_75t_R	_017027_	0.683678	{_168282_ A INVx1_ASAP7_75t_R 0.683678}
positive	u_e.g_qb.g_bx.b_xs_q1[117]$_DFF_P_	u_e.g_qb.g_bx.b_xs_q1\[117\]	0.62135	{{u_e.g_ir.r_xs_q1\[117\]$_DFF_P_} D DFFHQNx1_ASAP7_75t_R 0.621350}
cut	u_e.g_qb.g_bx.b_xs_q1[118]$_DFF_P_	QN	DFFHQNx1_ASAP7_75t_R	_017026_	0.683678	{_168281_ A INVx1_ASAP7_75t_R 0.683678}
positive	u_e.g_qb.g_bx.b_xs_q1[118]$_DFF_P_	u_e.g_qb.g_bx.b_xs_q1\[118\]	0.62135	{{u_e.g_ir.r_xs_q1\[118\]$_DFF_P_} D DFFHQNx1_ASAP7_75t_R 0.621350}
cut	u_e.g_qb.g_bx.b_xs_q1[119]$_DFF_P_	QN	DFFHQNx1_ASAP7_75t_R	_017025_	0.577042	{hold36823 A BUFx2_ASAP7_75t_R 0.577042}
positive	u_e.g_qb.g_bx.b_xs_q1[119]$_DFF_P_	u_e.g_qb.g_bx.b_xs_q1\[119\]	0.577042	{hold36824 A BUFx2_ASAP7_75t_R 0.577042}
cut	u_e.g_qb.g_bx.b_xs_q1[11]$_DFF_P_	QN	DFFHQNx1_ASAP7_75t_R	_017133_	0.577042	{hold44872 A BUFx2_ASAP7_75t_R 0.577042}
positive	u_e.g_qb.g_bx.b_xs_q1[11]$_DFF_P_	u_e.g_qb.g_bx.b_xs_q1\[11\]	0.62135	{{u_e.g_ir.r_xs_q1\[11\]$_DFF_P_} D DFFHQNx1_ASAP7_75t_R 0.621350}
cut	u_e.g_qb.g_bx.b_xs_q1[120]$_DFF_P_	QN	DFFHQNx1_ASAP7_75t_R	_017024_	0.577042	{hold40381 A BUFx2_ASAP7_75t_R 0.577042}
positive	u_e.g_qb.g_bx.b_xs_q1[120]$_DFF_P_	u_e.g_qb.g_bx.b_xs_q1\[120\]	0.577042	{hold40382 A BUFx2_ASAP7_75t_R 0.577042}
cut	u_e.g_qb.g_bx.b_xs_q1[121]$_DFF_P_	QN	DFFHQNx1_ASAP7_75t_R	_017023_	0.577042	{hold40359 A BUFx2_ASAP7_75t_R 0.577042}
positive	u_e.g_qb.g_bx.b_xs_q1[121]$_DFF_P_	u_e.g_qb.g_bx.b_xs_q1\[121\]	0.577042	{hold40360 A BUFx2_ASAP7_75t_R 0.577042}
cut	u_e.g_qb.g_bx.b_xs_q1[122]$_DFF_P_	QN	DFFHQNx1_ASAP7_75t_R	_017022_	0.577042	{hold40350 A BUFx2_ASAP7_75t_R 0.577042}
positive	u_e.g_qb.g_bx.b_xs_q1[122]$_DFF_P_	u_e.g_qb.g_bx.b_xs_q1\[122\]	0.577042	{hold40351 A BUFx2_ASAP7_75t_R 0.577042}
cut	u_e.g_qb.g_bx.b_xs_q1[123]$_DFF_P_	QN	DFFHQNx1_ASAP7_75t_R	_017021_	0.683678	{_168276_ A INVx1_ASAP7_75t_R 0.683678}
positive	u_e.g_qb.g_bx.b_xs_q1[123]$_DFF_P_	u_e.g_qb.g_bx.b_xs_q1\[123\]	0.62135	{{u_e.g_ir.r_xs_q1\[123\]$_DFF_P_} D DFFHQNx1_ASAP7_75t_R 0.621350}
cut	u_e.g_qb.g_bx.b_xs_q1[124]$_DFF_P_	QN	DFFHQNx1_ASAP7_75t_R	_017020_	0.577042	{hold41386 A BUFx2_ASAP7_75t_R 0.577042}
positive	u_e.g_qb.g_bx.b_xs_q1[124]$_DFF_P_	u_e.g_qb.g_bx.b_xs_q1\[124\]	0.62135	{{u_e.g_ir.r_xs_q1\[124\]$_DFF_P_} D DFFHQNx1_ASAP7_75t_R 0.621350}
cut	u_e.g_qb.g_bx.b_xs_q1[125]$_DFF_P_	QN	DFFHQNx1_ASAP7_75t_R	_017019_	0.577042	{hold42580 A BUFx2_ASAP7_75t_R 0.577042}
positive	u_e.g_qb.g_bx.b_xs_q1[125]$_DFF_P_	u_e.g_qb.g_bx.b_xs_q1\[125\]	0.62135	{{u_e.g_ir.r_xs_q1\[125\]$_DFF_P_} D DFFHQNx1_ASAP7_75t_R 0.621350}
cut	u_e.g_qb.g_bx.b_xs_q1[126]$_DFF_P_	QN	DFFHQNx1_ASAP7_75t_R	_017018_	0.683678	{_168273_ A INVx1_ASAP7_75t_R 0.683678}
positive	u_e.g_qb.g_bx.b_xs_q1[126]$_DFF_P_	u_e.g_qb.g_bx.b_xs_q1\[126\]	0.62135	{{u_e.g_ir.r_xs_q1\[126\]$_DFF_P_} D DFFHQNx1_ASAP7_75t_R 0.621350}
cut	u_e.g_qb.g_bx.b_xs_q1[127]$_DFF_P_	QN	DFFHQNx1_ASAP7_75t_R	_017017_	0.577042	{hold40528 A BUFx2_ASAP7_75t_R 0.577042}
positive	u_e.g_qb.g_bx.b_xs_q1[127]$_DFF_P_	u_e.g_qb.g_bx.b_xs_q1\[127\]	0.62135	{{u_e.g_ir.r_xs_q1\[127\]$_DFF_P_} D DFFHQNx1_ASAP7_75t_R 0.621350}
cut	u_e.g_qb.g_bx.b_xs_q1[128]$_DFF_P_	QN	DFFHQNx1_ASAP7_75t_R	_017016_	0.683678	{_168271_ A INVx1_ASAP7_75t_R 0.683678}
positive	u_e.g_qb.g_bx.b_xs_q1[128]$_DFF_P_	u_e.g_qb.g_bx.b_xs_q1\[128\]	0.62135	{{u_e.g_ir.r_xs_q1\[128\]$_DFF_P_} D DFFHQNx1_ASAP7_75t_R 0.621350}
cut	u_e.g_qb.g_bx.b_xs_q1[129]$_DFF_P_	QN	DFFHQNx1_ASAP7_75t_R	_017015_	0.683678	{_168270_ A INVx1_ASAP7_75t_R 0.683678}
positive	u_e.g_qb.g_bx.b_xs_q1[129]$_DFF_P_	u_e.g_qb.g_bx.b_xs_q1\[129\]	0.62135	{{u_e.g_ir.r_xs_q1\[129\]$_DFF_P_} D DFFHQNx1_ASAP7_75t_R 0.621350}
cut	u_e.g_qb.g_bx.b_xs_q1[12]$_DFF_P_	QN	DFFHQNx1_ASAP7_75t_R	_017132_	0.683678	{_168387_ A INVx1_ASAP7_75t_R 0.683678}
positive	u_e.g_qb.g_bx.b_xs_q1[12]$_DFF_P_	u_e.g_qb.g_bx.b_xs_q1\[12\]	0.62135	{{u_e.g_ir.r_xs_q1\[12\]$_DFF_P_} D DFFHQNx1_ASAP7_75t_R 0.621350}
cut	u_e.g_qb.g_bx.b_xs_q1[130]$_DFF_P_	QN	DFFHQNx1_ASAP7_75t_R	_017014_	0.577042	{hold45085 A BUFx2_ASAP7_75t_R 0.577042}
positive	u_e.g_qb.g_bx.b_xs_q1[130]$_DFF_P_	u_e.g_qb.g_bx.b_xs_q1\[130\]	0.62135	{{u_e.g_ir.r_xs_q1\[130\]$_DFF_P_} D DFFHQNx1_ASAP7_75t_R 0.621350}
cut	u_e.g_qb.g_bx.b_xs_q1[131]$_DFF_P_	QN	DFFHQNx1_ASAP7_75t_R	_017013_	0.683678	{_168268_ A INVx1_ASAP7_75t_R 0.683678}
positive	u_e.g_qb.g_bx.b_xs_q1[131]$_DFF_P_	u_e.g_qb.g_bx.b_xs_q1\[131\]	0.62135	{{u_e.g_ir.r_xs_q1\[131\]$_DFF_P_} D DFFHQNx1_ASAP7_75t_R 0.621350}
cut	u_e.g_qb.g_bx.b_xs_q1[132]$_DFF_P_	QN	DFFHQNx1_ASAP7_75t_R	_017012_	0.683678	{_168267_ A INVx1_ASAP7_75t_R 0.683678}
positive	u_e.g_qb.g_bx.b_xs_q1[132]$_DFF_P_	u_e.g_qb.g_bx.b_xs_q1\[132\]	0.62135	{{u_e.g_ir.r_xs_q1\[132\]$_DFF_P_} D DFFHQNx1_ASAP7_75t_R 0.621350}
cut	u_e.g_qb.g_bx.b_xs_q1[133]$_DFF_P_	QN	DFFHQNx1_ASAP7_75t_R	_017011_	0.577042	{hold40275 A BUFx2_ASAP7_75t_R 0.577042}
positive	u_e.g_qb.g_bx.b_xs_q1[133]$_DFF_P_	u_e.g_qb.g_bx.b_xs_q1\[133\]	0.577042	{hold40276 A BUFx2_ASAP7_75t_R 0.577042}
cut	u_e.g_qb.g_bx.b_xs_q1[134]$_DFF_P_	QN	DFFHQNx1_ASAP7_75t_R	_017010_	0.683678	{_168265_ A INVx1_ASAP7_75t_R 0.683678}
positive	u_e.g_qb.g_bx.b_xs_q1[134]$_DFF_P_	u_e.g_qb.g_bx.b_xs_q1\[134\]	0.62135	{{u_e.g_ir.r_xs_q1\[134\]$_DFF_P_} D DFFHQNx1_ASAP7_75t_R 0.621350}
cut	u_e.g_qb.g_bx.b_xs_q1[135]$_DFF_P_	QN	DFFHQNx1_ASAP7_75t_R	_017009_	0.577042	{hold43890 A BUFx2_ASAP7_75t_R 0.577042}
positive	u_e.g_qb.g_bx.b_xs_q1[135]$_DFF_P_	u_e.g_qb.g_bx.b_xs_q1\[135\]	0.62135	{{u_e.g_ir.r_xs_q1\[135\]$_DFF_P_} D DFFHQNx1_ASAP7_75t_R 0.621350}
cut	u_e.g_qb.g_bx.b_xs_q1[136]$_DFF_P_	QN	DFFHQNx1_ASAP7_75t_R	_017008_	0.577042	{hold40622 A BUFx2_ASAP7_75t_R 0.577042}
positive	u_e.g_qb.g_bx.b_xs_q1[136]$_DFF_P_	u_e.g_qb.g_bx.b_xs_q1\[136\]	0.62135	{{u_e.g_ir.r_xs_q1\[136\]$_DFF_P_} D DFFHQNx1_ASAP7_75t_R 0.621350}
cut	u_e.g_qb.g_bx.b_xs_q1[137]$_DFF_P_	QN	DFFHQNx1_ASAP7_75t_R	_017007_	0.577042	{hold43337 A BUFx2_ASAP7_75t_R 0.577042}
positive	u_e.g_qb.g_bx.b_xs_q1[137]$_DFF_P_	u_e.g_qb.g_bx.b_xs_q1\[137\]	0.62135	{{u_e.g_ir.r_xs_q1\[137\]$_DFF_P_} D DFFHQNx1_ASAP7_75t_R 0.621350}
cut	u_e.g_qb.g_bx.b_xs_q1[138]$_DFF_P_	QN	DFFHQNx1_ASAP7_75t_R	_017006_	0.577042	{hold40770 A BUFx2_ASAP7_75t_R 0.577042}
positive	u_e.g_qb.g_bx.b_xs_q1[138]$_DFF_P_	u_e.g_qb.g_bx.b_xs_q1\[138\]	0.62135	{{u_e.g_ir.r_xs_q1\[138\]$_DFF_P_} D DFFHQNx1_ASAP7_75t_R 0.621350}
cut	u_e.g_qb.g_bx.b_xs_q1[139]$_DFF_P_	QN	DFFHQNx1_ASAP7_75t_R	_017005_	0.577042	{hold40164 A BUFx2_ASAP7_75t_R 0.577042}
positive	u_e.g_qb.g_bx.b_xs_q1[139]$_DFF_P_	u_e.g_qb.g_bx.b_xs_q1\[139\]	0.577042	{hold40165 A BUFx2_ASAP7_75t_R 0.577042}
cut	u_e.g_qb.g_bx.b_xs_q1[13]$_DFF_P_	QN	DFFHQNx1_ASAP7_75t_R	_017131_	0.683678	{_168386_ A INVx1_ASAP7_75t_R 0.683678}
positive	u_e.g_qb.g_bx.b_xs_q1[13]$_DFF_P_	u_e.g_qb.g_bx.b_xs_q1\[13\]	0.62135	{{u_e.g_ir.r_xs_q1\[13\]$_DFF_P_} D DFFHQNx1_ASAP7_75t_R 0.621350}
cut	u_e.g_qb.g_bx.b_xs_q1[140]$_DFF_P_	QN	DFFHQNx1_ASAP7_75t_R	_017004_	0.577042	{hold44313 A BUFx2_ASAP7_75t_R 0.577042}
positive	u_e.g_qb.g_bx.b_xs_q1[140]$_DFF_P_	u_e.g_qb.g_bx.b_xs_q1\[140\]	0.62135	{{u_e.g_ir.r_xs_q1\[140\]$_DFF_P_} D DFFHQNx1_ASAP7_75t_R 0.621350}
cut	u_e.g_qb.g_bx.b_xs_q1[141]$_DFF_P_	QN	DFFHQNx1_ASAP7_75t_R	_017003_	0.577042	{hold41371 A BUFx2_ASAP7_75t_R 0.577042}
positive	u_e.g_qb.g_bx.b_xs_q1[141]$_DFF_P_	u_e.g_qb.g_bx.b_xs_q1\[141\]	0.62135	{{u_e.g_ir.r_xs_q1\[141\]$_DFF_P_} D DFFHQNx1_ASAP7_75t_R 0.621350}
cut	u_e.g_qb.g_bx.b_xs_q1[142]$_DFF_P_	QN	DFFHQNx1_ASAP7_75t_R	_017002_	0.577042	{hold40709 A BUFx2_ASAP7_75t_R 0.577042}
positive	u_e.g_qb.g_bx.b_xs_q1[142]$_DFF_P_	u_e.g_qb.g_bx.b_xs_q1\[142\]	0.62135	{{u_e.g_ir.r_xs_q1\[142\]$_DFF_P_} D DFFHQNx1_ASAP7_75t_R 0.621350}
cut	u_e.g_qb.g_bx.b_xs_q1[143]$_DFF_P_	QN	DFFHQNx1_ASAP7_75t_R	_017001_	0.577042	{hold41645 A BUFx2_ASAP7_75t_R 0.577042}
positive	u_e.g_qb.g_bx.b_xs_q1[143]$_DFF_P_	u_e.g_qb.g_bx.b_xs_q1\[143\]	0.62135	{{u_e.g_ir.r_xs_q1\[143\]$_DFF_P_} D DFFHQNx1_ASAP7_75t_R 0.621350}
cut	u_e.g_qb.g_bx.b_xs_q1[144]$_DFF_P_	QN	DFFHQNx1_ASAP7_75t_R	_017000_	0.683678	{_168255_ A INVx1_ASAP7_75t_R 0.683678}
positive	u_e.g_qb.g_bx.b_xs_q1[144]$_DFF_P_	u_e.g_qb.g_bx.b_xs_q1\[144\]	0.62135	{{u_e.g_ir.r_xs_q1\[144\]$_DFF_P_} D DFFHQNx1_ASAP7_75t_R 0.621350}
cut	u_e.g_qb.g_bx.b_xs_q1[145]$_DFF_P_	QN	DFFHQNx1_ASAP7_75t_R	_016999_	0.683678	{_168254_ A INVx1_ASAP7_75t_R 0.683678}
positive	u_e.g_qb.g_bx.b_xs_q1[145]$_DFF_P_	u_e.g_qb.g_bx.b_xs_q1\[145\]	0.62135	{{u_e.g_ir.r_xs_q1\[145\]$_DFF_P_} D DFFHQNx1_ASAP7_75t_R 0.621350}
cut	u_e.g_qb.g_bx.b_xs_q1[146]$_DFF_P_	QN	DFFHQNx1_ASAP7_75t_R	_016998_	0.683678	{_168253_ A INVx1_ASAP7_75t_R 0.683678}
positive	u_e.g_qb.g_bx.b_xs_q1[146]$_DFF_P_	u_e.g_qb.g_bx.b_xs_q1\[146\]	0.62135	{{u_e.g_ir.r_xs_q1\[146\]$_DFF_P_} D DFFHQNx1_ASAP7_75t_R 0.621350}
cut	u_e.g_qb.g_bx.b_xs_q1[147]$_DFF_P_	QN	DFFHQNx1_ASAP7_75t_R	_016997_	0.683678	{_168252_ A INVx1_ASAP7_75t_R 0.683678}
positive	u_e.g_qb.g_bx.b_xs_q1[147]$_DFF_P_	u_e.g_qb.g_bx.b_xs_q1\[147\]	0.62135	{{u_e.g_ir.r_xs_q1\[147\]$_DFF_P_} D DFFHQNx1_ASAP7_75t_R 0.621350}
cut	u_e.g_qb.g_bx.b_xs_q1[148]$_DFF_P_	QN	DFFHQNx1_ASAP7_75t_R	_016996_	0.683678	{_168251_ A INVx1_ASAP7_75t_R 0.683678}
positive	u_e.g_qb.g_bx.b_xs_q1[148]$_DFF_P_	u_e.g_qb.g_bx.b_xs_q1\[148\]	0.62135	{{u_e.g_ir.r_xs_q1\[148\]$_DFF_P_} D DFFHQNx1_ASAP7_75t_R 0.621350}
cut	u_e.g_qb.g_bx.b_xs_q1[149]$_DFF_P_	QN	DFFHQNx1_ASAP7_75t_R	_016995_	0.683678	{_168250_ A INVx1_ASAP7_75t_R 0.683678}
positive	u_e.g_qb.g_bx.b_xs_q1[149]$_DFF_P_	u_e.g_qb.g_bx.b_xs_q1\[149\]	0.62135	{{u_e.g_ir.r_xs_q1\[149\]$_DFF_P_} D DFFHQNx1_ASAP7_75t_R 0.621350}
cut	u_e.g_qb.g_bx.b_xs_q1[14]$_DFF_P_	QN	DFFHQNx1_ASAP7_75t_R	_017130_	0.577042	{hold40980 A BUFx2_ASAP7_75t_R 0.577042}
positive	u_e.g_qb.g_bx.b_xs_q1[14]$_DFF_P_	u_e.g_qb.g_bx.b_xs_q1\[14\]	0.62135	{{u_e.g_ir.r_xs_q1\[14\]$_DFF_P_} D DFFHQNx1_ASAP7_75t_R 0.621350}
cut	u_e.g_qb.g_bx.b_xs_q1[150]$_DFF_P_	QN	DFFHQNx1_ASAP7_75t_R	_016994_	0.577042	{hold42055 A BUFx2_ASAP7_75t_R 0.577042}
positive	u_e.g_qb.g_bx.b_xs_q1[150]$_DFF_P_	u_e.g_qb.g_bx.b_xs_q1\[150\]	0.62135	{{u_e.g_ir.r_xs_q1\[150\]$_DFF_P_} D DFFHQNx1_ASAP7_75t_R 0.621350}
cut	u_e.g_qb.g_bx.b_xs_q1[151]$_DFF_P_	QN	DFFHQNx1_ASAP7_75t_R	_016993_	0.577042	{hold41317 A BUFx2_ASAP7_75t_R 0.577042}
positive	u_e.g_qb.g_bx.b_xs_q1[151]$_DFF_P_	u_e.g_qb.g_bx.b_xs_q1\[151\]	0.62135	{{u_e.g_ir.r_xs_q1\[151\]$_DFF_P_} D DFFHQNx1_ASAP7_75t_R 0.621350}
cut	u_e.g_qb.g_bx.b_xs_q1[152]$_DFF_P_	QN	DFFHQNx1_ASAP7_75t_R	_016992_	0.683678	{_168247_ A INVx1_ASAP7_75t_R 0.683678}
positive	u_e.g_qb.g_bx.b_xs_q1[152]$_DFF_P_	u_e.g_qb.g_bx.b_xs_q1\[152\]	0.62135	{{u_e.g_ir.r_xs_q1\[152\]$_DFF_P_} D DFFHQNx1_ASAP7_75t_R 0.621350}
cut	u_e.g_qb.g_bx.b_xs_q1[153]$_DFF_P_	QN	DFFHQNx1_ASAP7_75t_R	_016991_	0.683678	{_168246_ A INVx1_ASAP7_75t_R 0.683678}
positive	u_e.g_qb.g_bx.b_xs_q1[153]$_DFF_P_	u_e.g_qb.g_bx.b_xs_q1\[153\]	0.62135	{{u_e.g_ir.r_xs_q1\[153\]$_DFF_P_} D DFFHQNx1_ASAP7_75t_R 0.621350}
cut	u_e.g_qb.g_bx.b_xs_q1[154]$_DFF_P_	QN	DFFHQNx1_ASAP7_75t_R	_016990_	0.683678	{_168245_ A INVx1_ASAP7_75t_R 0.683678}
positive	u_e.g_qb.g_bx.b_xs_q1[154]$_DFF_P_	u_e.g_qb.g_bx.b_xs_q1\[154\]	0.62135	{{u_e.g_ir.r_xs_q1\[154\]$_DFF_P_} D DFFHQNx1_ASAP7_75t_R 0.621350}
cut	u_e.g_qb.g_bx.b_xs_q1[155]$_DFF_P_	QN	DFFHQNx1_ASAP7_75t_R	_016989_	0.683678	{_168244_ A INVx1_ASAP7_75t_R 0.683678}
positive	u_e.g_qb.g_bx.b_xs_q1[155]$_DFF_P_	u_e.g_qb.g_bx.b_xs_q1\[155\]	0.62135	{{u_e.g_ir.r_xs_q1\[155\]$_DFF_P_} D DFFHQNx1_ASAP7_75t_R 0.621350}
cut	u_e.g_qb.g_bx.b_xs_q1[156]$_DFF_P_	QN	DFFHQNx1_ASAP7_75t_R	_016988_	0.683678	{_168243_ A INVx1_ASAP7_75t_R 0.683678}
positive	u_e.g_qb.g_bx.b_xs_q1[156]$_DFF_P_	u_e.g_qb.g_bx.b_xs_q1\[156\]	0.62135	{{u_e.g_ir.r_xs_q1\[156\]$_DFF_P_} D DFFHQNx1_ASAP7_75t_R 0.621350}
cut	u_e.g_qb.g_bx.b_xs_q1[157]$_DFF_P_	QN	DFFHQNx1_ASAP7_75t_R	_016987_	0.683678	{_168242_ A INVx1_ASAP7_75t_R 0.683678}
positive	u_e.g_qb.g_bx.b_xs_q1[157]$_DFF_P_	u_e.g_qb.g_bx.b_xs_q1\[157\]	0.62135	{{u_e.g_ir.r_xs_q1\[157\]$_DFF_P_} D DFFHQNx1_ASAP7_75t_R 0.621350}
cut	u_e.g_qb.g_bx.b_xs_q1[158]$_DFF_P_	QN	DFFHQNx1_ASAP7_75t_R	_016986_	0.683678	{_168241_ A INVx1_ASAP7_75t_R 0.683678}
positive	u_e.g_qb.g_bx.b_xs_q1[158]$_DFF_P_	u_e.g_qb.g_bx.b_xs_q1\[158\]	0.62135	{{u_e.g_ir.r_xs_q1\[158\]$_DFF_P_} D DFFHQNx1_ASAP7_75t_R 0.621350}
cut	u_e.g_qb.g_bx.b_xs_q1[159]$_DFF_P_	QN	DFFHQNx1_ASAP7_75t_R	_016985_	0.683678	{_168240_ A INVx1_ASAP7_75t_R 0.683678}
positive	u_e.g_qb.g_bx.b_xs_q1[159]$_DFF_P_	u_e.g_qb.g_bx.b_xs_q1\[159\]	0.62135	{{u_e.g_ir.r_xs_q1\[159\]$_DFF_P_} D DFFHQNx1_ASAP7_75t_R 0.621350}
cut	u_e.g_qb.g_bx.b_xs_q1[15]$_DFF_P_	QN	DFFHQNx1_ASAP7_75t_R	_017129_	0.577042	{hold43375 A BUFx2_ASAP7_75t_R 0.577042}
positive	u_e.g_qb.g_bx.b_xs_q1[15]$_DFF_P_	u_e.g_qb.g_bx.b_xs_q1\[15\]	0.62135	{{u_e.g_ir.r_xs_q1\[15\]$_DFF_P_} D DFFHQNx1_ASAP7_75t_R 0.621350}
cut	u_e.g_qb.g_bx.b_xs_q1[160]$_DFF_P_	QN	DFFHQNx1_ASAP7_75t_R	_016984_	0.577042	{hold45426 A BUFx2_ASAP7_75t_R 0.577042}
positive	u_e.g_qb.g_bx.b_xs_q1[160]$_DFF_P_	u_e.g_qb.g_bx.b_xs_q1\[160\]	0.62135	{{u_e.g_ir.r_xs_q1\[160\]$_DFF_P_} D DFFHQNx1_ASAP7_75t_R 0.621350}
cut	u_e.g_qb.g_bx.b_xs_q1[161]$_DFF_P_	QN	DFFHQNx1_ASAP7_75t_R	_016983_	0.577042	{hold42941 A BUFx2_ASAP7_75t_R 0.577042}
positive	u_e.g_qb.g_bx.b_xs_q1[161]$_DFF_P_	u_e.g_qb.g_bx.b_xs_q1\[161\]	0.62135	{{u_e.g_ir.r_xs_q1\[161\]$_DFF_P_} D DFFHQNx1_ASAP7_75t_R 0.621350}
cut	u_e.g_qb.g_bx.b_xs_q1[162]$_DFF_P_	QN	DFFHQNx1_ASAP7_75t_R	_016982_	0.577042	{hold44643 A BUFx2_ASAP7_75t_R 0.577042}
positive	u_e.g_qb.g_bx.b_xs_q1[162]$_DFF_P_	u_e.g_qb.g_bx.b_xs_q1\[162\]	0.62135	{{u_e.g_ir.r_xs_q1\[162\]$_DFF_P_} D DFFHQNx1_ASAP7_75t_R 0.621350}
cut	u_e.g_qb.g_bx.b_xs_q1[163]$_DFF_P_	QN	DFFHQNx1_ASAP7_75t_R	_016981_	0.683678	{_168236_ A INVx1_ASAP7_75t_R 0.683678}
positive	u_e.g_qb.g_bx.b_xs_q1[163]$_DFF_P_	u_e.g_qb.g_bx.b_xs_q1\[163\]	0.62135	{{u_e.g_ir.r_xs_q1\[163\]$_DFF_P_} D DFFHQNx1_ASAP7_75t_R 0.621350}
cut	u_e.g_qb.g_bx.b_xs_q1[164]$_DFF_P_	QN	DFFHQNx1_ASAP7_75t_R	_016980_	0.577042	{hold44426 A BUFx2_ASAP7_75t_R 0.577042}
positive	u_e.g_qb.g_bx.b_xs_q1[164]$_DFF_P_	u_e.g_qb.g_bx.b_xs_q1\[164\]	0.62135	{{u_e.g_ir.r_xs_q1\[164\]$_DFF_P_} D DFFHQNx1_ASAP7_75t_R 0.621350}
cut	u_e.g_qb.g_bx.b_xs_q1[165]$_DFF_P_	QN	DFFHQNx1_ASAP7_75t_R	_016979_	0.577042	{hold40725 A BUFx2_ASAP7_75t_R 0.577042}
positive	u_e.g_qb.g_bx.b_xs_q1[165]$_DFF_P_	u_e.g_qb.g_bx.b_xs_q1\[165\]	0.62135	{{u_e.g_ir.r_xs_q1\[165\]$_DFF_P_} D DFFHQNx1_ASAP7_75t_R 0.621350}
cut	u_e.g_qb.g_bx.b_xs_q1[166]$_DFF_P_	QN	DFFHQNx1_ASAP7_75t_R	_016978_	0.577042	{hold41793 A BUFx2_ASAP7_75t_R 0.577042}
positive	u_e.g_qb.g_bx.b_xs_q1[166]$_DFF_P_	u_e.g_qb.g_bx.b_xs_q1\[166\]	0.62135	{{u_e.g_ir.r_xs_q1\[166\]$_DFF_P_} D DFFHQNx1_ASAP7_75t_R 0.621350}
cut	u_e.g_qb.g_bx.b_xs_q1[167]$_DFF_P_	QN	DFFHQNx1_ASAP7_75t_R	_016977_	0.577042	{hold44910 A BUFx2_ASAP7_75t_R 0.577042}
positive	u_e.g_qb.g_bx.b_xs_q1[167]$_DFF_P_	u_e.g_qb.g_bx.b_xs_q1\[167\]	0.62135	{{u_e.g_ir.r_xs_q1\[167\]$_DFF_P_} D DFFHQNx1_ASAP7_75t_R 0.621350}
cut	u_e.g_qb.g_bx.b_xs_q1[168]$_DFF_P_	QN	DFFHQNx1_ASAP7_75t_R	_016976_	0.577042	{hold44683 A BUFx2_ASAP7_75t_R 0.577042}
positive	u_e.g_qb.g_bx.b_xs_q1[168]$_DFF_P_	u_e.g_qb.g_bx.b_xs_q1\[168\]	0.62135	{{u_e.g_ir.r_xs_q1\[168\]$_DFF_P_} D DFFHQNx1_ASAP7_75t_R 0.621350}
cut	u_e.g_qb.g_bx.b_xs_q1[169]$_DFF_P_	QN	DFFHQNx1_ASAP7_75t_R	_016975_	0.577042	{hold41212 A BUFx2_ASAP7_75t_R 0.577042}
positive	u_e.g_qb.g_bx.b_xs_q1[169]$_DFF_P_	u_e.g_qb.g_bx.b_xs_q1\[169\]	0.62135	{{u_e.g_ir.r_xs_q1\[169\]$_DFF_P_} D DFFHQNx1_ASAP7_75t_R 0.621350}
cut	u_e.g_qb.g_bx.b_xs_q1[16]$_DFF_P_	QN	DFFHQNx1_ASAP7_75t_R	_017128_	0.577042	{hold40744 A BUFx2_ASAP7_75t_R 0.577042}
positive	u_e.g_qb.g_bx.b_xs_q1[16]$_DFF_P_	u_e.g_qb.g_bx.b_xs_q1\[16\]	0.62135	{{u_e.g_ir.r_xs_q1\[16\]$_DFF_P_} D DFFHQNx1_ASAP7_75t_R 0.621350}
cut	u_e.g_qb.g_bx.b_xs_q1[170]$_DFF_P_	QN	DFFHQNx1_ASAP7_75t_R	_016974_	0.577042	{hold43825 A BUFx2_ASAP7_75t_R 0.577042}
positive	u_e.g_qb.g_bx.b_xs_q1[170]$_DFF_P_	u_e.g_qb.g_bx.b_xs_q1\[170\]	0.62135	{{u_e.g_ir.r_xs_q1\[170\]$_DFF_P_} D DFFHQNx1_ASAP7_75t_R 0.621350}
cut	u_e.g_qb.g_bx.b_xs_q1[171]$_DFF_P_	QN	DFFHQNx1_ASAP7_75t_R	_016973_	0.577042	{hold44824 A BUFx2_ASAP7_75t_R 0.577042}
positive	u_e.g_qb.g_bx.b_xs_q1[171]$_DFF_P_	u_e.g_qb.g_bx.b_xs_q1\[171\]	0.62135	{{u_e.g_ir.r_xs_q1\[171\]$_DFF_P_} D DFFHQNx1_ASAP7_75t_R 0.621350}
cut	u_e.g_qb.g_bx.b_xs_q1[172]$_DFF_P_	QN	DFFHQNx1_ASAP7_75t_R	_016972_	0.683678	{_168227_ A INVx1_ASAP7_75t_R 0.683678}
positive	u_e.g_qb.g_bx.b_xs_q1[172]$_DFF_P_	u_e.g_qb.g_bx.b_xs_q1\[172\]	0.62135	{{u_e.g_ir.r_xs_q1\[172\]$_DFF_P_} D DFFHQNx1_ASAP7_75t_R 0.621350}
cut	u_e.g_qb.g_bx.b_xs_q1[173]$_DFF_P_	QN	DFFHQNx1_ASAP7_75t_R	_016971_	0.577042	{hold41452 A BUFx2_ASAP7_75t_R 0.577042}
positive	u_e.g_qb.g_bx.b_xs_q1[173]$_DFF_P_	u_e.g_qb.g_bx.b_xs_q1\[173\]	0.62135	{{u_e.g_ir.r_xs_q1\[173\]$_DFF_P_} D DFFHQNx1_ASAP7_75t_R 0.621350}
cut	u_e.g_qb.g_bx.b_xs_q1[174]$_DFF_P_	QN	DFFHQNx1_ASAP7_75t_R	_016970_	0.577042	{hold44715 A BUFx2_ASAP7_75t_R 0.577042}
positive	u_e.g_qb.g_bx.b_xs_q1[174]$_DFF_P_	u_e.g_qb.g_bx.b_xs_q1\[174\]	0.62135	{{u_e.g_ir.r_xs_q1\[174\]$_DFF_P_} D DFFHQNx1_ASAP7_75t_R 0.621350}
cut	u_e.g_qb.g_bx.b_xs_q1[175]$_DFF_P_	QN	DFFHQNx1_ASAP7_75t_R	_016969_	0.577042	{hold40508 A BUFx2_ASAP7_75t_R 0.577042}
positive	u_e.g_qb.g_bx.b_xs_q1[175]$_DFF_P_	u_e.g_qb.g_bx.b_xs_q1\[175\]	0.62135	{{u_e.g_ir.r_xs_q1\[175\]$_DFF_P_} D DFFHQNx1_ASAP7_75t_R 0.621350}
cut	u_e.g_qb.g_bx.b_xs_q1[176]$_DFF_P_	QN	DFFHQNx1_ASAP7_75t_R	_016968_	0.683678	{_168223_ A INVx1_ASAP7_75t_R 0.683678}
positive	u_e.g_qb.g_bx.b_xs_q1[176]$_DFF_P_	u_e.g_qb.g_bx.b_xs_q1\[176\]	0.62135	{{u_e.g_ir.r_xs_q1\[176\]$_DFF_P_} D DFFHQNx1_ASAP7_75t_R 0.621350}
cut	u_e.g_qb.g_bx.b_xs_q1[177]$_DFF_P_	QN	DFFHQNx1_ASAP7_75t_R	_016967_	0.683678	{_168222_ A INVx1_ASAP7_75t_R 0.683678}
positive	u_e.g_qb.g_bx.b_xs_q1[177]$_DFF_P_	u_e.g_qb.g_bx.b_xs_q1\[177\]	0.62135	{{u_e.g_ir.r_xs_q1\[177\]$_DFF_P_} D DFFHQNx1_ASAP7_75t_R 0.621350}
cut	u_e.g_qb.g_bx.b_xs_q1[178]$_DFF_P_	QN	DFFHQNx1_ASAP7_75t_R	_016966_	0.683678	{_168221_ A INVx1_ASAP7_75t_R 0.683678}
positive	u_e.g_qb.g_bx.b_xs_q1[178]$_DFF_P_	u_e.g_qb.g_bx.b_xs_q1\[178\]	0.62135	{{u_e.g_ir.r_xs_q1\[178\]$_DFF_P_} D DFFHQNx1_ASAP7_75t_R 0.621350}
cut	u_e.g_qb.g_bx.b_xs_q1[179]$_DFF_P_	QN	DFFHQNx1_ASAP7_75t_R	_016965_	0.683678	{_168220_ A INVx1_ASAP7_75t_R 0.683678}
positive	u_e.g_qb.g_bx.b_xs_q1[179]$_DFF_P_	u_e.g_qb.g_bx.b_xs_q1\[179\]	0.62135	{{u_e.g_ir.r_xs_q1\[179\]$_DFF_P_} D DFFHQNx1_ASAP7_75t_R 0.621350}
cut	u_e.g_qb.g_bx.b_xs_q1[17]$_DFF_P_	QN	DFFHQNx1_ASAP7_75t_R	_017127_	0.577042	{hold40492 A BUFx2_ASAP7_75t_R 0.577042}
positive	u_e.g_qb.g_bx.b_xs_q1[17]$_DFF_P_	u_e.g_qb.g_bx.b_xs_q1\[17\]	0.62135	{{u_e.g_ir.r_xs_q1\[17\]$_DFF_P_} D DFFHQNx1_ASAP7_75t_R 0.621350}
cut	u_e.g_qb.g_bx.b_xs_q1[180]$_DFF_P_	QN	DFFHQNx1_ASAP7_75t_R	_016964_	0.683678	{_168219_ A INVx1_ASAP7_75t_R 0.683678}
positive	u_e.g_qb.g_bx.b_xs_q1[180]$_DFF_P_	u_e.g_qb.g_bx.b_xs_q1\[180\]	0.62135	{{u_e.g_ir.r_xs_q1\[180\]$_DFF_P_} D DFFHQNx1_ASAP7_75t_R 0.621350}
cut	u_e.g_qb.g_bx.b_xs_q1[181]$_DFF_P_	QN	DFFHQNx1_ASAP7_75t_R	_016963_	0.683678	{_168218_ A INVx1_ASAP7_75t_R 0.683678}
positive	u_e.g_qb.g_bx.b_xs_q1[181]$_DFF_P_	u_e.g_qb.g_bx.b_xs_q1\[181\]	0.62135	{{u_e.g_ir.r_xs_q1\[181\]$_DFF_P_} D DFFHQNx1_ASAP7_75t_R 0.621350}
cut	u_e.g_qb.g_bx.b_xs_q1[182]$_DFF_P_	QN	DFFHQNx1_ASAP7_75t_R	_016962_	0.577042	{hold45391 A BUFx2_ASAP7_75t_R 0.577042}
positive	u_e.g_qb.g_bx.b_xs_q1[182]$_DFF_P_	u_e.g_qb.g_bx.b_xs_q1\[182\]	0.62135	{{u_e.g_ir.r_xs_q1\[182\]$_DFF_P_} D DFFHQNx1_ASAP7_75t_R 0.621350}
cut	u_e.g_qb.g_bx.b_xs_q1[183]$_DFF_P_	QN	DFFHQNx1_ASAP7_75t_R	_016961_	0.577042	{hold44678 A BUFx2_ASAP7_75t_R 0.577042}
positive	u_e.g_qb.g_bx.b_xs_q1[183]$_DFF_P_	u_e.g_qb.g_bx.b_xs_q1\[183\]	0.62135	{{u_e.g_ir.r_xs_q1\[183\]$_DFF_P_} D DFFHQNx1_ASAP7_75t_R 0.621350}
cut	u_e.g_qb.g_bx.b_xs_q1[184]$_DFF_P_	QN	DFFHQNx1_ASAP7_75t_R	_016960_	0.577042	{hold43141 A BUFx2_ASAP7_75t_R 0.577042}
positive	u_e.g_qb.g_bx.b_xs_q1[184]$_DFF_P_	u_e.g_qb.g_bx.b_xs_q1\[184\]	0.62135	{{u_e.g_ir.r_xs_q1\[184\]$_DFF_P_} D DFFHQNx1_ASAP7_75t_R 0.621350}
cut	u_e.g_qb.g_bx.b_xs_q1[185]$_DFF_P_	QN	DFFHQNx1_ASAP7_75t_R	_016959_	0.577042	{hold43596 A BUFx2_ASAP7_75t_R 0.577042}
positive	u_e.g_qb.g_bx.b_xs_q1[185]$_DFF_P_	u_e.g_qb.g_bx.b_xs_q1\[185\]	0.62135	{{u_e.g_ir.r_xs_q1\[185\]$_DFF_P_} D DFFHQNx1_ASAP7_75t_R 0.621350}
cut	u_e.g_qb.g_bx.b_xs_q1[186]$_DFF_P_	QN	DFFHQNx1_ASAP7_75t_R	_016958_	0.577042	{hold41326 A BUFx2_ASAP7_75t_R 0.577042}
positive	u_e.g_qb.g_bx.b_xs_q1[186]$_DFF_P_	u_e.g_qb.g_bx.b_xs_q1\[186\]	0.62135	{{u_e.g_ir.r_xs_q1\[186\]$_DFF_P_} D DFFHQNx1_ASAP7_75t_R 0.621350}
cut	u_e.g_qb.g_bx.b_xs_q1[187]$_DFF_P_	QN	DFFHQNx1_ASAP7_75t_R	_016957_	0.577042	{hold44984 A BUFx2_ASAP7_75t_R 0.577042}
positive	u_e.g_qb.g_bx.b_xs_q1[187]$_DFF_P_	u_e.g_qb.g_bx.b_xs_q1\[187\]	0.62135	{{u_e.g_ir.r_xs_q1\[187\]$_DFF_P_} D DFFHQNx1_ASAP7_75t_R 0.621350}
cut	u_e.g_qb.g_bx.b_xs_q1[188]$_DFF_P_	QN	DFFHQNx1_ASAP7_75t_R	_016956_	0.577042	{hold43439 A BUFx2_ASAP7_75t_R 0.577042}
positive	u_e.g_qb.g_bx.b_xs_q1[188]$_DFF_P_	u_e.g_qb.g_bx.b_xs_q1\[188\]	0.62135	{{u_e.g_ir.r_xs_q1\[188\]$_DFF_P_} D DFFHQNx1_ASAP7_75t_R 0.621350}
cut	u_e.g_qb.g_bx.b_xs_q1[189]$_DFF_P_	QN	DFFHQNx1_ASAP7_75t_R	_016955_	0.577042	{hold41675 A BUFx2_ASAP7_75t_R 0.577042}
positive	u_e.g_qb.g_bx.b_xs_q1[189]$_DFF_P_	u_e.g_qb.g_bx.b_xs_q1\[189\]	0.62135	{{u_e.g_ir.r_xs_q1\[189\]$_DFF_P_} D DFFHQNx1_ASAP7_75t_R 0.621350}
cut	u_e.g_qb.g_bx.b_xs_q1[18]$_DFF_P_	QN	DFFHQNx1_ASAP7_75t_R	_017126_	0.577042	{hold40894 A BUFx2_ASAP7_75t_R 0.577042}
positive	u_e.g_qb.g_bx.b_xs_q1[18]$_DFF_P_	u_e.g_qb.g_bx.b_xs_q1\[18\]	0.62135	{{u_e.g_ir.r_xs_q1\[18\]$_DFF_P_} D DFFHQNx1_ASAP7_75t_R 0.621350}
cut	u_e.g_qb.g_bx.b_xs_q1[190]$_DFF_P_	QN	DFFHQNx1_ASAP7_75t_R	_016954_	0.577042	{hold41815 A BUFx2_ASAP7_75t_R 0.577042}
positive	u_e.g_qb.g_bx.b_xs_q1[190]$_DFF_P_	u_e.g_qb.g_bx.b_xs_q1\[190\]	0.62135	{{u_e.g_ir.r_xs_q1\[190\]$_DFF_P_} D DFFHQNx1_ASAP7_75t_R 0.621350}
cut	u_e.g_qb.g_bx.b_xs_q1[191]$_DFF_P_	QN	DFFHQNx1_ASAP7_75t_R	_016953_	0.577042	{hold42068 A BUFx2_ASAP7_75t_R 0.577042}
positive	u_e.g_qb.g_bx.b_xs_q1[191]$_DFF_P_	u_e.g_qb.g_bx.b_xs_q1\[191\]	0.62135	{{u_e.g_ir.r_xs_q1\[191\]$_DFF_P_} D DFFHQNx1_ASAP7_75t_R 0.621350}
cut	u_e.g_qb.g_bx.b_xs_q1[192]$_DFF_P_	QN	DFFHQNx1_ASAP7_75t_R	_016952_	0.683678	{_168207_ A INVx1_ASAP7_75t_R 0.683678}
positive	u_e.g_qb.g_bx.b_xs_q1[192]$_DFF_P_	u_e.g_qb.g_bx.b_xs_q1\[192\]	0.62135	{{u_e.g_ir.r_xs_q1\[192\]$_DFF_P_} D DFFHQNx1_ASAP7_75t_R 0.621350}
cut	u_e.g_qb.g_bx.b_xs_q1[193]$_DFF_P_	QN	DFFHQNx1_ASAP7_75t_R	_016951_	0.577042	{hold45164 A BUFx2_ASAP7_75t_R 0.577042}
positive	u_e.g_qb.g_bx.b_xs_q1[193]$_DFF_P_	u_e.g_qb.g_bx.b_xs_q1\[193\]	0.62135	{{u_e.g_ir.r_xs_q1\[193\]$_DFF_P_} D DFFHQNx1_ASAP7_75t_R 0.621350}
cut	u_e.g_qb.g_bx.b_xs_q1[194]$_DFF_P_	QN	DFFHQNx1_ASAP7_75t_R	_016950_	0.683678	{_168205_ A INVx1_ASAP7_75t_R 0.683678}
positive	u_e.g_qb.g_bx.b_xs_q1[194]$_DFF_P_	u_e.g_qb.g_bx.b_xs_q1\[194\]	0.62135	{{u_e.g_ir.r_xs_q1\[194\]$_DFF_P_} D DFFHQNx1_ASAP7_75t_R 0.621350}
cut	u_e.g_qb.g_bx.b_xs_q1[195]$_DFF_P_	QN	DFFHQNx1_ASAP7_75t_R	_016949_	0.577042	{hold40982 A BUFx2_ASAP7_75t_R 0.577042}
positive	u_e.g_qb.g_bx.b_xs_q1[195]$_DFF_P_	u_e.g_qb.g_bx.b_xs_q1\[195\]	0.62135	{{u_e.g_ir.r_xs_q1\[195\]$_DFF_P_} D DFFHQNx1_ASAP7_75t_R 0.621350}
cut	u_e.g_qb.g_bx.b_xs_q1[196]$_DFF_P_	QN	DFFHQNx1_ASAP7_75t_R	_016948_	0.577042	{hold42203 A BUFx2_ASAP7_75t_R 0.577042}
positive	u_e.g_qb.g_bx.b_xs_q1[196]$_DFF_P_	u_e.g_qb.g_bx.b_xs_q1\[196\]	0.62135	{{u_e.g_ir.r_xs_q1\[196\]$_DFF_P_} D DFFHQNx1_ASAP7_75t_R 0.621350}
cut	u_e.g_qb.g_bx.b_xs_q1[197]$_DFF_P_	QN	DFFHQNx1_ASAP7_75t_R	_016947_	0.577042	{hold41909 A BUFx2_ASAP7_75t_R 0.577042}
positive	u_e.g_qb.g_bx.b_xs_q1[197]$_DFF_P_	u_e.g_qb.g_bx.b_xs_q1\[197\]	0.62135	{{u_e.g_ir.r_xs_q1\[197\]$_DFF_P_} D DFFHQNx1_ASAP7_75t_R 0.621350}
cut	u_e.g_qb.g_bx.b_xs_q1[198]$_DFF_P_	QN	DFFHQNx1_ASAP7_75t_R	_016946_	0.577042	{hold41085 A BUFx2_ASAP7_75t_R 0.577042}
positive	u_e.g_qb.g_bx.b_xs_q1[198]$_DFF_P_	u_e.g_qb.g_bx.b_xs_q1\[198\]	0.62135	{{u_e.g_ir.r_xs_q1\[198\]$_DFF_P_} D DFFHQNx1_ASAP7_75t_R 0.621350}
cut	u_e.g_qb.g_bx.b_xs_q1[199]$_DFF_P_	QN	DFFHQNx1_ASAP7_75t_R	_016945_	0.577042	{hold41768 A BUFx2_ASAP7_75t_R 0.577042}
positive	u_e.g_qb.g_bx.b_xs_q1[199]$_DFF_P_	u_e.g_qb.g_bx.b_xs_q1\[199\]	0.62135	{{u_e.g_ir.r_xs_q1\[199\]$_DFF_P_} D DFFHQNx1_ASAP7_75t_R 0.621350}
cut	u_e.g_qb.g_bx.b_xs_q1[19]$_DFF_P_	QN	DFFHQNx1_ASAP7_75t_R	_017125_	0.577042	{hold39978 A BUFx2_ASAP7_75t_R 0.577042}
positive	u_e.g_qb.g_bx.b_xs_q1[19]$_DFF_P_	u_e.g_qb.g_bx.b_xs_q1\[19\]	0.62135	{{u_e.g_ir.r_xs_q1\[19\]$_DFF_P_} D DFFHQNx1_ASAP7_75t_R 0.621350}
cut	u_e.g_qb.g_bx.b_xs_q1[1]$_DFF_P_	QN	DFFHQNx1_ASAP7_75t_R	_017143_	0.683678	{_168398_ A INVx1_ASAP7_75t_R 0.683678}
positive	u_e.g_qb.g_bx.b_xs_q1[1]$_DFF_P_	u_e.g_qb.g_bx.b_xs_q1\[1\]	0.62135	{{u_e.g_ir.r_xs_q1\[1\]$_DFF_P_} D DFFHQNx1_ASAP7_75t_R 0.621350}
cut	u_e.g_qb.g_bx.b_xs_q1[200]$_DFF_P_	QN	DFFHQNx1_ASAP7_75t_R	_016944_	0.577042	{hold41464 A BUFx2_ASAP7_75t_R 0.577042}
positive	u_e.g_qb.g_bx.b_xs_q1[200]$_DFF_P_	u_e.g_qb.g_bx.b_xs_q1\[200\]	0.62135	{{u_e.g_ir.r_xs_q1\[200\]$_DFF_P_} D DFFHQNx1_ASAP7_75t_R 0.621350}
cut	u_e.g_qb.g_bx.b_xs_q1[201]$_DFF_P_	QN	DFFHQNx1_ASAP7_75t_R	_016943_	0.577042	{hold44832 A BUFx2_ASAP7_75t_R 0.577042}
positive	u_e.g_qb.g_bx.b_xs_q1[201]$_DFF_P_	u_e.g_qb.g_bx.b_xs_q1\[201\]	0.62135	{{u_e.g_ir.r_xs_q1\[201\]$_DFF_P_} D DFFHQNx1_ASAP7_75t_R 0.621350}
cut	u_e.g_qb.g_bx.b_xs_q1[202]$_DFF_P_	QN	DFFHQNx1_ASAP7_75t_R	_016942_	0.683678	{_168197_ A INVx1_ASAP7_75t_R 0.683678}
positive	u_e.g_qb.g_bx.b_xs_q1[202]$_DFF_P_	u_e.g_qb.g_bx.b_xs_q1\[202\]	0.62135	{{u_e.g_ir.r_xs_q1\[202\]$_DFF_P_} D DFFHQNx1_ASAP7_75t_R 0.621350}
cut	u_e.g_qb.g_bx.b_xs_q1[203]$_DFF_P_	QN	DFFHQNx1_ASAP7_75t_R	_016941_	0.683678	{_168196_ A INVx1_ASAP7_75t_R 0.683678}
positive	u_e.g_qb.g_bx.b_xs_q1[203]$_DFF_P_	u_e.g_qb.g_bx.b_xs_q1\[203\]	0.62135	{{u_e.g_ir.r_xs_q1\[203\]$_DFF_P_} D DFFHQNx1_ASAP7_75t_R 0.621350}
cut	u_e.g_qb.g_bx.b_xs_q1[204]$_DFF_P_	QN	DFFHQNx1_ASAP7_75t_R	_016940_	0.577042	{hold39960 A BUFx2_ASAP7_75t_R 0.577042}
positive	u_e.g_qb.g_bx.b_xs_q1[204]$_DFF_P_	u_e.g_qb.g_bx.b_xs_q1\[204\]	0.577042	{hold39961 A BUFx2_ASAP7_75t_R 0.577042}
cut	u_e.g_qb.g_bx.b_xs_q1[205]$_DFF_P_	QN	DFFHQNx1_ASAP7_75t_R	_016939_	0.683678	{_168194_ A INVx1_ASAP7_75t_R 0.683678}
positive	u_e.g_qb.g_bx.b_xs_q1[205]$_DFF_P_	u_e.g_qb.g_bx.b_xs_q1\[205\]	0.62135	{{u_e.g_ir.r_xs_q1\[205\]$_DFF_P_} D DFFHQNx1_ASAP7_75t_R 0.621350}
cut	u_e.g_qb.g_bx.b_xs_q1[206]$_DFF_P_	QN	DFFHQNx1_ASAP7_75t_R	_016938_	0.683678	{_168193_ A INVx1_ASAP7_75t_R 0.683678}
positive	u_e.g_qb.g_bx.b_xs_q1[206]$_DFF_P_	u_e.g_qb.g_bx.b_xs_q1\[206\]	0.62135	{{u_e.g_ir.r_xs_q1\[206\]$_DFF_P_} D DFFHQNx1_ASAP7_75t_R 0.621350}
cut	u_e.g_qb.g_bx.b_xs_q1[207]$_DFF_P_	QN	DFFHQNx1_ASAP7_75t_R	_016937_	0.577042	{hold41124 A BUFx2_ASAP7_75t_R 0.577042}
positive	u_e.g_qb.g_bx.b_xs_q1[207]$_DFF_P_	u_e.g_qb.g_bx.b_xs_q1\[207\]	0.62135	{{u_e.g_ir.r_xs_q1\[207\]$_DFF_P_} D DFFHQNx1_ASAP7_75t_R 0.621350}
cut	u_e.g_qb.g_bx.b_xs_q1[208]$_DFF_P_	QN	DFFHQNx1_ASAP7_75t_R	_016936_	0.683678	{_168191_ A INVx1_ASAP7_75t_R 0.683678}
positive	u_e.g_qb.g_bx.b_xs_q1[208]$_DFF_P_	u_e.g_qb.g_bx.b_xs_q1\[208\]	0.62135	{{u_e.g_ir.r_xs_q1\[208\]$_DFF_P_} D DFFHQNx1_ASAP7_75t_R 0.621350}
cut	u_e.g_qb.g_bx.b_xs_q1[209]$_DFF_P_	QN	DFFHQNx1_ASAP7_75t_R	_016935_	0.683678	{_168190_ A INVx1_ASAP7_75t_R 0.683678}
positive	u_e.g_qb.g_bx.b_xs_q1[209]$_DFF_P_	u_e.g_qb.g_bx.b_xs_q1\[209\]	0.62135	{{u_e.g_ir.r_xs_q1\[209\]$_DFF_P_} D DFFHQNx1_ASAP7_75t_R 0.621350}
cut	u_e.g_qb.g_bx.b_xs_q1[20]$_DFF_P_	QN	DFFHQNx1_ASAP7_75t_R	_017124_	0.577042	{hold38414 A BUFx2_ASAP7_75t_R 0.577042}
positive	u_e.g_qb.g_bx.b_xs_q1[20]$_DFF_P_	u_e.g_qb.g_bx.b_xs_q1\[20\]	0.577042	{hold38415 A BUFx2_ASAP7_75t_R 0.577042}
cut	u_e.g_qb.g_bx.b_xs_q1[210]$_DFF_P_	QN	DFFHQNx1_ASAP7_75t_R	_016934_	0.683678	{_168189_ A INVx1_ASAP7_75t_R 0.683678}
positive	u_e.g_qb.g_bx.b_xs_q1[210]$_DFF_P_	u_e.g_qb.g_bx.b_xs_q1\[210\]	0.62135	{{u_e.g_ir.r_xs_q1\[210\]$_DFF_P_} D DFFHQNx1_ASAP7_75t_R 0.621350}
cut	u_e.g_qb.g_bx.b_xs_q1[211]$_DFF_P_	QN	DFFHQNx1_ASAP7_75t_R	_016933_	0.683678	{_168188_ A INVx1_ASAP7_75t_R 0.683678}
positive	u_e.g_qb.g_bx.b_xs_q1[211]$_DFF_P_	u_e.g_qb.g_bx.b_xs_q1\[211\]	0.62135	{{u_e.g_ir.r_xs_q1\[211\]$_DFF_P_} D DFFHQNx1_ASAP7_75t_R 0.621350}
cut	u_e.g_qb.g_bx.b_xs_q1[212]$_DFF_P_	QN	DFFHQNx1_ASAP7_75t_R	_016932_	0.577042	{hold45171 A BUFx2_ASAP7_75t_R 0.577042}
positive	u_e.g_qb.g_bx.b_xs_q1[212]$_DFF_P_	u_e.g_qb.g_bx.b_xs_q1\[212\]	0.62135	{{u_e.g_ir.r_xs_q1\[212\]$_DFF_P_} D DFFHQNx1_ASAP7_75t_R 0.621350}
cut	u_e.g_qb.g_bx.b_xs_q1[213]$_DFF_P_	QN	DFFHQNx1_ASAP7_75t_R	_016931_	0.577042	{hold44363 A BUFx2_ASAP7_75t_R 0.577042}
positive	u_e.g_qb.g_bx.b_xs_q1[213]$_DFF_P_	u_e.g_qb.g_bx.b_xs_q1\[213\]	0.62135	{{u_e.g_ir.r_xs_q1\[213\]$_DFF_P_} D DFFHQNx1_ASAP7_75t_R 0.621350}
cut	u_e.g_qb.g_bx.b_xs_q1[214]$_DFF_P_	QN	DFFHQNx1_ASAP7_75t_R	_016930_	0.683678	{_168185_ A INVx1_ASAP7_75t_R 0.683678}
positive	u_e.g_qb.g_bx.b_xs_q1[214]$_DFF_P_	u_e.g_qb.g_bx.b_xs_q1\[214\]	0.62135	{{u_e.g_ir.r_xs_q1\[214\]$_DFF_P_} D DFFHQNx1_ASAP7_75t_R 0.621350}
cut	u_e.g_qb.g_bx.b_xs_q1[215]$_DFF_P_	QN	DFFHQNx1_ASAP7_75t_R	_016929_	0.577042	{hold45258 A BUFx2_ASAP7_75t_R 0.577042}
positive	u_e.g_qb.g_bx.b_xs_q1[215]$_DFF_P_	u_e.g_qb.g_bx.b_xs_q1\[215\]	0.62135	{{u_e.g_ir.r_xs_q1\[215\]$_DFF_P_} D DFFHQNx1_ASAP7_75t_R 0.621350}
cut	u_e.g_qb.g_bx.b_xs_q1[216]$_DFF_P_	QN	DFFHQNx1_ASAP7_75t_R	_016928_	0.577042	{hold39527 A BUFx2_ASAP7_75t_R 0.577042}
positive	u_e.g_qb.g_bx.b_xs_q1[216]$_DFF_P_	u_e.g_qb.g_bx.b_xs_q1\[216\]	0.62135	{{u_e.g_ir.r_xs_q1\[216\]$_DFF_P_} D DFFHQNx1_ASAP7_75t_R 0.621350}
cut	u_e.g_qb.g_bx.b_xs_q1[217]$_DFF_P_	QN	DFFHQNx1_ASAP7_75t_R	_016927_	0.577042	{hold38734 A BUFx2_ASAP7_75t_R 0.577042}
positive	u_e.g_qb.g_bx.b_xs_q1[217]$_DFF_P_	u_e.g_qb.g_bx.b_xs_q1\[217\]	0.577042	{hold38735 A BUFx2_ASAP7_75t_R 0.577042}
cut	u_e.g_qb.g_bx.b_xs_q1[218]$_DFF_P_	QN	DFFHQNx1_ASAP7_75t_R	_016926_	0.577042	{hold39668 A BUFx2_ASAP7_75t_R 0.577042}
positive	u_e.g_qb.g_bx.b_xs_q1[218]$_DFF_P_	u_e.g_qb.g_bx.b_xs_q1\[218\]	0.62135	{{u_e.g_ir.r_xs_q1\[218\]$_DFF_P_} D DFFHQNx1_ASAP7_75t_R 0.621350}
cut	u_e.g_qb.g_bx.b_xs_q1[219]$_DFF_P_	QN	DFFHQNx1_ASAP7_75t_R	_016925_	0.577042	{hold40620 A BUFx2_ASAP7_75t_R 0.577042}
positive	u_e.g_qb.g_bx.b_xs_q1[219]$_DFF_P_	u_e.g_qb.g_bx.b_xs_q1\[219\]	0.62135	{{u_e.g_ir.r_xs_q1\[219\]$_DFF_P_} D DFFHQNx1_ASAP7_75t_R 0.621350}
cut	u_e.g_qb.g_bx.b_xs_q1[21]$_DFF_P_	QN	DFFHQNx1_ASAP7_75t_R	_017123_	0.577042	{hold40017 A BUFx2_ASAP7_75t_R 0.577042}
positive	u_e.g_qb.g_bx.b_xs_q1[21]$_DFF_P_	u_e.g_qb.g_bx.b_xs_q1\[21\]	0.62135	{{u_e.g_ir.r_xs_q1\[21\]$_DFF_P_} D DFFHQNx1_ASAP7_75t_R 0.621350}
cut	u_e.g_qb.g_bx.b_xs_q1[220]$_DFF_P_	QN	DFFHQNx1_ASAP7_75t_R	_016924_	0.577042	{hold40442 A BUFx2_ASAP7_75t_R 0.577042}
positive	u_e.g_qb.g_bx.b_xs_q1[220]$_DFF_P_	u_e.g_qb.g_bx.b_xs_q1\[220\]	0.62135	{{u_e.g_ir.r_xs_q1\[220\]$_DFF_P_} D DFFHQNx1_ASAP7_75t_R 0.621350}
cut	u_e.g_qb.g_bx.b_xs_q1[221]$_DFF_P_	QN	DFFHQNx1_ASAP7_75t_R	_016923_	0.577042	{hold40378 A BUFx2_ASAP7_75t_R 0.577042}
positive	u_e.g_qb.g_bx.b_xs_q1[221]$_DFF_P_	u_e.g_qb.g_bx.b_xs_q1\[221\]	0.62135	{{u_e.g_ir.r_xs_q1\[221\]$_DFF_P_} D DFFHQNx1_ASAP7_75t_R 0.621350}
cut	u_e.g_qb.g_bx.b_xs_q1[222]$_DFF_P_	QN	DFFHQNx1_ASAP7_75t_R	_016922_	0.577042	{hold36271 A BUFx2_ASAP7_75t_R 0.577042}
positive	u_e.g_qb.g_bx.b_xs_q1[222]$_DFF_P_	u_e.g_qb.g_bx.b_xs_q1\[222\]	0.577042	{hold36272 A BUFx2_ASAP7_75t_R 0.577042}
cut	u_e.g_qb.g_bx.b_xs_q1[223]$_DFF_P_	QN	DFFHQNx1_ASAP7_75t_R	_016921_	0.577042	{hold40076 A BUFx2_ASAP7_75t_R 0.577042}
positive	u_e.g_qb.g_bx.b_xs_q1[223]$_DFF_P_	u_e.g_qb.g_bx.b_xs_q1\[223\]	0.62135	{{u_e.g_ir.r_xs_q1\[223\]$_DFF_P_} D DFFHQNx1_ASAP7_75t_R 0.621350}
cut	u_e.g_qb.g_bx.b_xs_q1[224]$_DFF_P_	QN	DFFHQNx1_ASAP7_75t_R	_016920_	0.577042	{hold41636 A BUFx2_ASAP7_75t_R 0.577042}
positive	u_e.g_qb.g_bx.b_xs_q1[224]$_DFF_P_	u_e.g_qb.g_bx.b_xs_q1\[224\]	0.62135	{{u_e.g_ir.r_xs_q1\[224\]$_DFF_P_} D DFFHQNx1_ASAP7_75t_R 0.621350}
cut	u_e.g_qb.g_bx.b_xs_q1[225]$_DFF_P_	QN	DFFHQNx1_ASAP7_75t_R	_016919_	0.577042	{hold40718 A BUFx2_ASAP7_75t_R 0.577042}
positive	u_e.g_qb.g_bx.b_xs_q1[225]$_DFF_P_	u_e.g_qb.g_bx.b_xs_q1\[225\]	0.62135	{{u_e.g_ir.r_xs_q1\[225\]$_DFF_P_} D DFFHQNx1_ASAP7_75t_R 0.621350}
cut	u_e.g_qb.g_bx.b_xs_q1[226]$_DFF_P_	QN	DFFHQNx1_ASAP7_75t_R	_016918_	0.577042	{hold42113 A BUFx2_ASAP7_75t_R 0.577042}
positive	u_e.g_qb.g_bx.b_xs_q1[226]$_DFF_P_	u_e.g_qb.g_bx.b_xs_q1\[226\]	0.62135	{{u_e.g_ir.r_xs_q1\[226\]$_DFF_P_} D DFFHQNx1_ASAP7_75t_R 0.621350}
cut	u_e.g_qb.g_bx.b_xs_q1[227]$_DFF_P_	QN	DFFHQNx1_ASAP7_75t_R	_016917_	0.683678	{_168172_ A INVx1_ASAP7_75t_R 0.683678}
positive	u_e.g_qb.g_bx.b_xs_q1[227]$_DFF_P_	u_e.g_qb.g_bx.b_xs_q1\[227\]	0.62135	{{u_e.g_ir.r_xs_q1\[227\]$_DFF_P_} D DFFHQNx1_ASAP7_75t_R 0.621350}
cut	u_e.g_qb.g_bx.b_xs_q1[228]$_DFF_P_	QN	DFFHQNx1_ASAP7_75t_R	_016916_	0.683678	{_168171_ A INVx1_ASAP7_75t_R 0.683678}
positive	u_e.g_qb.g_bx.b_xs_q1[228]$_DFF_P_	u_e.g_qb.g_bx.b_xs_q1\[228\]	0.62135	{{u_e.g_ir.r_xs_q1\[228\]$_DFF_P_} D DFFHQNx1_ASAP7_75t_R 0.621350}
cut	u_e.g_qb.g_bx.b_xs_q1[229]$_DFF_P_	QN	DFFHQNx1_ASAP7_75t_R	_016915_	0.683678	{_168170_ A INVx1_ASAP7_75t_R 0.683678}
positive	u_e.g_qb.g_bx.b_xs_q1[229]$_DFF_P_	u_e.g_qb.g_bx.b_xs_q1\[229\]	0.62135	{{u_e.g_ir.r_xs_q1\[229\]$_DFF_P_} D DFFHQNx1_ASAP7_75t_R 0.621350}
cut	u_e.g_qb.g_bx.b_xs_q1[22]$_DFF_P_	QN	DFFHQNx1_ASAP7_75t_R	_017122_	0.577042	{hold37533 A BUFx2_ASAP7_75t_R 0.577042}
positive	u_e.g_qb.g_bx.b_xs_q1[22]$_DFF_P_	u_e.g_qb.g_bx.b_xs_q1\[22\]	0.577042	{hold37534 A BUFx2_ASAP7_75t_R 0.577042}
cut	u_e.g_qb.g_bx.b_xs_q1[230]$_DFF_P_	QN	DFFHQNx1_ASAP7_75t_R	_016914_	0.577042	{hold45146 A BUFx2_ASAP7_75t_R 0.577042}
positive	u_e.g_qb.g_bx.b_xs_q1[230]$_DFF_P_	u_e.g_qb.g_bx.b_xs_q1\[230\]	0.62135	{{u_e.g_ir.r_xs_q1\[230\]$_DFF_P_} D DFFHQNx1_ASAP7_75t_R 0.621350}
cut	u_e.g_qb.g_bx.b_xs_q1[231]$_DFF_P_	QN	DFFHQNx1_ASAP7_75t_R	_016913_	0.577042	{hold40615 A BUFx2_ASAP7_75t_R 0.577042}
positive	u_e.g_qb.g_bx.b_xs_q1[231]$_DFF_P_	u_e.g_qb.g_bx.b_xs_q1\[231\]	0.62135	{{u_e.g_ir.r_xs_q1\[231\]$_DFF_P_} D DFFHQNx1_ASAP7_75t_R 0.621350}
cut	u_e.g_qb.g_bx.b_xs_q1[232]$_DFF_P_	QN	DFFHQNx1_ASAP7_75t_R	_016912_	0.577042	{hold39788 A BUFx2_ASAP7_75t_R 0.577042}
positive	u_e.g_qb.g_bx.b_xs_q1[232]$_DFF_P_	u_e.g_qb.g_bx.b_xs_q1\[232\]	0.62135	{{u_e.g_ir.r_xs_q1\[232\]$_DFF_P_} D DFFHQNx1_ASAP7_75t_R 0.621350}
cut	u_e.g_qb.g_bx.b_xs_q1[233]$_DFF_P_	QN	DFFHQNx1_ASAP7_75t_R	_016911_	0.577042	{hold21883 A BUFx2_ASAP7_75t_R 0.577042}
positive	u_e.g_qb.g_bx.b_xs_q1[233]$_DFF_P_	u_e.g_qb.g_bx.b_xs_q1\[233\]	0.577042	{hold21884 A BUFx2_ASAP7_75t_R 0.577042}
cut	u_e.g_qb.g_bx.b_xs_q1[234]$_DFF_P_	QN	DFFHQNx1_ASAP7_75t_R	_016910_	0.577042	{hold24181 A BUFx2_ASAP7_75t_R 0.577042}
positive	u_e.g_qb.g_bx.b_xs_q1[234]$_DFF_P_	u_e.g_qb.g_bx.b_xs_q1\[234\]	0.577042	{hold24182 A BUFx2_ASAP7_75t_R 0.577042}
cut	u_e.g_qb.g_bx.b_xs_q1[235]$_DFF_P_	QN	DFFHQNx1_ASAP7_75t_R	_016909_	0.577042	{hold43949 A BUFx2_ASAP7_75t_R 0.577042}
positive	u_e.g_qb.g_bx.b_xs_q1[235]$_DFF_P_	u_e.g_qb.g_bx.b_xs_q1\[235\]	0.62135	{{u_e.g_ir.r_xs_q1\[235\]$_DFF_P_} D DFFHQNx1_ASAP7_75t_R 0.621350}
cut	u_e.g_qb.g_bx.b_xs_q1[236]$_DFF_P_	QN	DFFHQNx1_ASAP7_75t_R	_016908_	0.683678	{_168163_ A INVx1_ASAP7_75t_R 0.683678}
positive	u_e.g_qb.g_bx.b_xs_q1[236]$_DFF_P_	u_e.g_qb.g_bx.b_xs_q1\[236\]	0.62135	{{u_e.g_ir.r_xs_q1\[236\]$_DFF_P_} D DFFHQNx1_ASAP7_75t_R 0.621350}
cut	u_e.g_qb.g_bx.b_xs_q1[237]$_DFF_P_	QN	DFFHQNx1_ASAP7_75t_R	_016907_	0.683678	{_168162_ A INVx1_ASAP7_75t_R 0.683678}
positive	u_e.g_qb.g_bx.b_xs_q1[237]$_DFF_P_	u_e.g_qb.g_bx.b_xs_q1\[237\]	0.62135	{{u_e.g_ir.r_xs_q1\[237\]$_DFF_P_} D DFFHQNx1_ASAP7_75t_R 0.621350}
cut	u_e.g_qb.g_bx.b_xs_q1[238]$_DFF_P_	QN	DFFHQNx1_ASAP7_75t_R	_016906_	0.577042	{hold41206 A BUFx2_ASAP7_75t_R 0.577042}
positive	u_e.g_qb.g_bx.b_xs_q1[238]$_DFF_P_	u_e.g_qb.g_bx.b_xs_q1\[238\]	0.62135	{{u_e.g_ir.r_xs_q1\[238\]$_DFF_P_} D DFFHQNx1_ASAP7_75t_R 0.621350}
cut	u_e.g_qb.g_bx.b_xs_q1[239]$_DFF_P_	QN	DFFHQNx1_ASAP7_75t_R	_016905_	0.577042	{hold40037 A BUFx2_ASAP7_75t_R 0.577042}
positive	u_e.g_qb.g_bx.b_xs_q1[239]$_DFF_P_	u_e.g_qb.g_bx.b_xs_q1\[239\]	0.62135	{{u_e.g_ir.r_xs_q1\[239\]$_DFF_P_} D DFFHQNx1_ASAP7_75t_R 0.621350}
cut	u_e.g_qb.g_bx.b_xs_q1[23]$_DFF_P_	QN	DFFHQNx1_ASAP7_75t_R	_017121_	0.577042	{hold44912 A BUFx2_ASAP7_75t_R 0.577042}
positive	u_e.g_qb.g_bx.b_xs_q1[23]$_DFF_P_	u_e.g_qb.g_bx.b_xs_q1\[23\]	0.62135	{{u_e.g_ir.r_xs_q1\[23\]$_DFF_P_} D DFFHQNx1_ASAP7_75t_R 0.621350}
cut	u_e.g_qb.g_bx.b_xs_q1[240]$_DFF_P_	QN	DFFHQNx1_ASAP7_75t_R	_016904_	0.577042	{hold40473 A BUFx2_ASAP7_75t_R 0.577042}
positive	u_e.g_qb.g_bx.b_xs_q1[240]$_DFF_P_	u_e.g_qb.g_bx.b_xs_q1\[240\]	0.62135	{{u_e.g_ir.r_xs_q1\[240\]$_DFF_P_} D DFFHQNx1_ASAP7_75t_R 0.621350}
cut	u_e.g_qb.g_bx.b_xs_q1[241]$_DFF_P_	QN	DFFHQNx1_ASAP7_75t_R	_016903_	0.577042	{hold44698 A BUFx2_ASAP7_75t_R 0.577042}
positive	u_e.g_qb.g_bx.b_xs_q1[241]$_DFF_P_	u_e.g_qb.g_bx.b_xs_q1\[241\]	0.62135	{{u_e.g_ir.r_xs_q1\[241\]$_DFF_P_} D DFFHQNx1_ASAP7_75t_R 0.621350}
cut	u_e.g_qb.g_bx.b_xs_q1[242]$_DFF_P_	QN	DFFHQNx1_ASAP7_75t_R	_016902_	0.577042	{hold40145 A BUFx2_ASAP7_75t_R 0.577042}
positive	u_e.g_qb.g_bx.b_xs_q1[242]$_DFF_P_	u_e.g_qb.g_bx.b_xs_q1\[242\]	0.62135	{{u_e.g_ir.r_xs_q1\[242\]$_DFF_P_} D DFFHQNx1_ASAP7_75t_R 0.621350}
cut	u_e.g_qb.g_bx.b_xs_q1[243]$_DFF_P_	QN	DFFHQNx1_ASAP7_75t_R	_016901_	0.683678	{_168156_ A INVx1_ASAP7_75t_R 0.683678}
positive	u_e.g_qb.g_bx.b_xs_q1[243]$_DFF_P_	u_e.g_qb.g_bx.b_xs_q1\[243\]	0.62135	{{u_e.g_ir.r_xs_q1\[243\]$_DFF_P_} D DFFHQNx1_ASAP7_75t_R 0.621350}
cut	u_e.g_qb.g_bx.b_xs_q1[244]$_DFF_P_	QN	DFFHQNx1_ASAP7_75t_R	_016900_	0.683678	{_168155_ A INVx1_ASAP7_75t_R 0.683678}
positive	u_e.g_qb.g_bx.b_xs_q1[244]$_DFF_P_	u_e.g_qb.g_bx.b_xs_q1\[244\]	0.62135	{{u_e.g_ir.r_xs_q1\[244\]$_DFF_P_} D DFFHQNx1_ASAP7_75t_R 0.621350}
cut	u_e.g_qb.g_bx.b_xs_q1[245]$_DFF_P_	QN	DFFHQNx1_ASAP7_75t_R	_016899_	0.683678	{_168154_ A INVx1_ASAP7_75t_R 0.683678}
positive	u_e.g_qb.g_bx.b_xs_q1[245]$_DFF_P_	u_e.g_qb.g_bx.b_xs_q1\[245\]	0.62135	{{u_e.g_ir.r_xs_q1\[245\]$_DFF_P_} D DFFHQNx1_ASAP7_75t_R 0.621350}
cut	u_e.g_qb.g_bx.b_xs_q1[246]$_DFF_P_	QN	DFFHQNx1_ASAP7_75t_R	_016898_	0.683678	{_168153_ A INVx1_ASAP7_75t_R 0.683678}
positive	u_e.g_qb.g_bx.b_xs_q1[246]$_DFF_P_	u_e.g_qb.g_bx.b_xs_q1\[246\]	0.62135	{{u_e.g_ir.r_xs_q1\[246\]$_DFF_P_} D DFFHQNx1_ASAP7_75t_R 0.621350}
cut	u_e.g_qb.g_bx.b_xs_q1[247]$_DFF_P_	QN	DFFHQNx1_ASAP7_75t_R	_016897_	0.577042	{hold39971 A BUFx2_ASAP7_75t_R 0.577042}
positive	u_e.g_qb.g_bx.b_xs_q1[247]$_DFF_P_	u_e.g_qb.g_bx.b_xs_q1\[247\]	0.62135	{{u_e.g_ir.r_xs_q1\[247\]$_DFF_P_} D DFFHQNx1_ASAP7_75t_R 0.621350}
cut	u_e.g_qb.g_bx.b_xs_q1[248]$_DFF_P_	QN	DFFHQNx1_ASAP7_75t_R	_016896_	0.577042	{hold39873 A BUFx2_ASAP7_75t_R 0.577042}
positive	u_e.g_qb.g_bx.b_xs_q1[248]$_DFF_P_	u_e.g_qb.g_bx.b_xs_q1\[248\]	0.62135	{{u_e.g_ir.r_xs_q1\[248\]$_DFF_P_} D DFFHQNx1_ASAP7_75t_R 0.621350}
cut	u_e.g_qb.g_bx.b_xs_q1[249]$_DFF_P_	QN	DFFHQNx1_ASAP7_75t_R	_016895_	0.577042	{hold40182 A BUFx2_ASAP7_75t_R 0.577042}
positive	u_e.g_qb.g_bx.b_xs_q1[249]$_DFF_P_	u_e.g_qb.g_bx.b_xs_q1\[249\]	0.62135	{{u_e.g_ir.r_xs_q1\[249\]$_DFF_P_} D DFFHQNx1_ASAP7_75t_R 0.621350}
cut	u_e.g_qb.g_bx.b_xs_q1[24]$_DFF_P_	QN	DFFHQNx1_ASAP7_75t_R	_017120_	0.577042	{hold34155 A BUFx2_ASAP7_75t_R 0.577042}
positive	u_e.g_qb.g_bx.b_xs_q1[24]$_DFF_P_	u_e.g_qb.g_bx.b_xs_q1\[24\]	0.577042	{hold34156 A BUFx2_ASAP7_75t_R 0.577042}
cut	u_e.g_qb.g_bx.b_xs_q1[250]$_DFF_P_	QN	DFFHQNx1_ASAP7_75t_R	_016894_	0.577042	{hold39775 A BUFx2_ASAP7_75t_R 0.577042}
positive	u_e.g_qb.g_bx.b_xs_q1[250]$_DFF_P_	u_e.g_qb.g_bx.b_xs_q1\[250\]	0.62135	{{u_e.g_ir.r_xs_q1\[250\]$_DFF_P_} D DFFHQNx1_ASAP7_75t_R 0.621350}
cut	u_e.g_qb.g_bx.b_xs_q1[251]$_DFF_P_	QN	DFFHQNx1_ASAP7_75t_R	_016893_	0.577042	{hold39665 A BUFx2_ASAP7_75t_R 0.577042}
positive	u_e.g_qb.g_bx.b_xs_q1[251]$_DFF_P_	u_e.g_qb.g_bx.b_xs_q1\[251\]	0.62135	{{u_e.g_ir.r_xs_q1\[251\]$_DFF_P_} D DFFHQNx1_ASAP7_75t_R 0.621350}
cut	u_e.g_qb.g_bx.b_xs_q1[252]$_DFF_P_	QN	DFFHQNx1_ASAP7_75t_R	_016892_	0.577042	{hold39789 A BUFx2_ASAP7_75t_R 0.577042}
positive	u_e.g_qb.g_bx.b_xs_q1[252]$_DFF_P_	u_e.g_qb.g_bx.b_xs_q1\[252\]	0.62135	{{u_e.g_ir.r_xs_q1\[252\]$_DFF_P_} D DFFHQNx1_ASAP7_75t_R 0.621350}
cut	u_e.g_qb.g_bx.b_xs_q1[253]$_DFF_P_	QN	DFFHQNx1_ASAP7_75t_R	_016891_	0.577042	{hold40656 A BUFx2_ASAP7_75t_R 0.577042}
positive	u_e.g_qb.g_bx.b_xs_q1[253]$_DFF_P_	u_e.g_qb.g_bx.b_xs_q1\[253\]	0.62135	{{u_e.g_ir.r_xs_q1\[253\]$_DFF_P_} D DFFHQNx1_ASAP7_75t_R 0.621350}
cut	u_e.g_qb.g_bx.b_xs_q1[254]$_DFF_P_	QN	DFFHQNx1_ASAP7_75t_R	_016890_	0.577042	{hold41164 A BUFx2_ASAP7_75t_R 0.577042}
positive	u_e.g_qb.g_bx.b_xs_q1[254]$_DFF_P_	u_e.g_qb.g_bx.b_xs_q1\[254\]	0.62135	{{u_e.g_ir.r_xs_q1\[254\]$_DFF_P_} D DFFHQNx1_ASAP7_75t_R 0.621350}
cut	u_e.g_qb.g_bx.b_xs_q1[255]$_DFF_P_	QN	DFFHQNx1_ASAP7_75t_R	_032219_	0.577042	{hold40154 A BUFx2_ASAP7_75t_R 0.577042}
positive	u_e.g_qb.g_bx.b_xs_q1[255]$_DFF_P_	u_e.g_qb.g_bx.b_xs_q1\[255\]	0.62135	{{u_e.g_ir.r_xs_q1\[255\]$_DFF_P_} D DFFHQNx1_ASAP7_75t_R 0.621350}
cut	u_e.g_qb.g_bx.b_xs_q1[25]$_DFF_P_	QN	DFFHQNx1_ASAP7_75t_R	_017119_	0.577042	{hold30949 A BUFx2_ASAP7_75t_R 0.577042}
positive	u_e.g_qb.g_bx.b_xs_q1[25]$_DFF_P_	u_e.g_qb.g_bx.b_xs_q1\[25\]	0.577042	{hold30950 A BUFx2_ASAP7_75t_R 0.577042}
cut	u_e.g_qb.g_bx.b_xs_q1[26]$_DFF_P_	QN	DFFHQNx1_ASAP7_75t_R	_017118_	0.683678	{_168373_ A INVx1_ASAP7_75t_R 0.683678}
positive	u_e.g_qb.g_bx.b_xs_q1[26]$_DFF_P_	u_e.g_qb.g_bx.b_xs_q1\[26\]	0.62135	{{u_e.g_ir.r_xs_q1\[26\]$_DFF_P_} D DFFHQNx1_ASAP7_75t_R 0.621350}
cut	u_e.g_qb.g_bx.b_xs_q1[27]$_DFF_P_	QN	DFFHQNx1_ASAP7_75t_R	_017117_	0.683678	{_168372_ A INVx1_ASAP7_75t_R 0.683678}
positive	u_e.g_qb.g_bx.b_xs_q1[27]$_DFF_P_	u_e.g_qb.g_bx.b_xs_q1\[27\]	0.62135	{{u_e.g_ir.r_xs_q1\[27\]$_DFF_P_} D DFFHQNx1_ASAP7_75t_R 0.621350}
cut	u_e.g_qb.g_bx.b_xs_q1[28]$_DFF_P_	QN	DFFHQNx1_ASAP7_75t_R	_017116_	0.683678	{_168371_ A INVx1_ASAP7_75t_R 0.683678}
positive	u_e.g_qb.g_bx.b_xs_q1[28]$_DFF_P_	u_e.g_qb.g_bx.b_xs_q1\[28\]	0.62135	{{u_e.g_ir.r_xs_q1\[28\]$_DFF_P_} D DFFHQNx1_ASAP7_75t_R 0.621350}
cut	u_e.g_qb.g_bx.b_xs_q1[29]$_DFF_P_	QN	DFFHQNx1_ASAP7_75t_R	_017115_	0.577042	{hold41239 A BUFx2_ASAP7_75t_R 0.577042}
positive	u_e.g_qb.g_bx.b_xs_q1[29]$_DFF_P_	u_e.g_qb.g_bx.b_xs_q1\[29\]	0.62135	{{u_e.g_ir.r_xs_q1\[29\]$_DFF_P_} D DFFHQNx1_ASAP7_75t_R 0.621350}
cut	u_e.g_qb.g_bx.b_xs_q1[2]$_DFF_P_	QN	DFFHQNx1_ASAP7_75t_R	_017142_	0.683678	{_168397_ A INVx1_ASAP7_75t_R 0.683678}
positive	u_e.g_qb.g_bx.b_xs_q1[2]$_DFF_P_	u_e.g_qb.g_bx.b_xs_q1\[2\]	0.62135	{{u_e.g_ir.r_xs_q1\[2\]$_DFF_P_} D DFFHQNx1_ASAP7_75t_R 0.621350}
cut	u_e.g_qb.g_bx.b_xs_q1[30]$_DFF_P_	QN	DFFHQNx1_ASAP7_75t_R	_017114_	0.577042	{hold40254 A BUFx2_ASAP7_75t_R 0.577042}
positive	u_e.g_qb.g_bx.b_xs_q1[30]$_DFF_P_	u_e.g_qb.g_bx.b_xs_q1\[30\]	0.62135	{{u_e.g_ir.r_xs_q1\[30\]$_DFF_P_} D DFFHQNx1_ASAP7_75t_R 0.621350}
cut	u_e.g_qb.g_bx.b_xs_q1[31]$_DFF_P_	QN	DFFHQNx1_ASAP7_75t_R	_017113_	0.577042	{hold40542 A BUFx2_ASAP7_75t_R 0.577042}
positive	u_e.g_qb.g_bx.b_xs_q1[31]$_DFF_P_	u_e.g_qb.g_bx.b_xs_q1\[31\]	0.62135	{{u_e.g_ir.r_xs_q1\[31\]$_DFF_P_} D DFFHQNx1_ASAP7_75t_R 0.621350}
cut	u_e.g_qb.g_bx.b_xs_q1[32]$_DFF_P_	QN	DFFHQNx1_ASAP7_75t_R	_017112_	0.577042	{hold41157 A BUFx2_ASAP7_75t_R 0.577042}
positive	u_e.g_qb.g_bx.b_xs_q1[32]$_DFF_P_	u_e.g_qb.g_bx.b_xs_q1\[32\]	0.62135	{{u_e.g_ir.r_xs_q1\[32\]$_DFF_P_} D DFFHQNx1_ASAP7_75t_R 0.621350}
cut	u_e.g_qb.g_bx.b_xs_q1[33]$_DFF_P_	QN	DFFHQNx1_ASAP7_75t_R	_017111_	0.577042	{hold40325 A BUFx2_ASAP7_75t_R 0.577042}
positive	u_e.g_qb.g_bx.b_xs_q1[33]$_DFF_P_	u_e.g_qb.g_bx.b_xs_q1\[33\]	0.62135	{{u_e.g_ir.r_xs_q1\[33\]$_DFF_P_} D DFFHQNx1_ASAP7_75t_R 0.621350}
cut	u_e.g_qb.g_bx.b_xs_q1[34]$_DFF_P_	QN	DFFHQNx1_ASAP7_75t_R	_017110_	0.577042	{hold40734 A BUFx2_ASAP7_75t_R 0.577042}
positive	u_e.g_qb.g_bx.b_xs_q1[34]$_DFF_P_	u_e.g_qb.g_bx.b_xs_q1\[34\]	0.62135	{{u_e.g_ir.r_xs_q1\[34\]$_DFF_P_} D DFFHQNx1_ASAP7_75t_R 0.621350}
cut	u_e.g_qb.g_bx.b_xs_q1[35]$_DFF_P_	QN	DFFHQNx1_ASAP7_75t_R	_017109_	0.577042	{hold37890 A BUFx2_ASAP7_75t_R 0.577042}
positive	u_e.g_qb.g_bx.b_xs_q1[35]$_DFF_P_	u_e.g_qb.g_bx.b_xs_q1\[35\]	0.577042	{hold37891 A BUFx2_ASAP7_75t_R 0.577042}
cut	u_e.g_qb.g_bx.b_xs_q1[36]$_DFF_P_	QN	DFFHQNx1_ASAP7_75t_R	_017108_	0.577042	{hold37177 A BUFx2_ASAP7_75t_R 0.577042}
positive	u_e.g_qb.g_bx.b_xs_q1[36]$_DFF_P_	u_e.g_qb.g_bx.b_xs_q1\[36\]	0.577042	{hold37178 A BUFx2_ASAP7_75t_R 0.577042}
cut	u_e.g_qb.g_bx.b_xs_q1[37]$_DFF_P_	QN	DFFHQNx1_ASAP7_75t_R	_017107_	0.577042	{hold40157 A BUFx2_ASAP7_75t_R 0.577042}
positive	u_e.g_qb.g_bx.b_xs_q1[37]$_DFF_P_	u_e.g_qb.g_bx.b_xs_q1\[37\]	0.62135	{{u_e.g_ir.r_xs_q1\[37\]$_DFF_P_} D DFFHQNx1_ASAP7_75t_R 0.621350}
cut	u_e.g_qb.g_bx.b_xs_q1[38]$_DFF_P_	QN	DFFHQNx1_ASAP7_75t_R	_017106_	0.577042	{hold39453 A BUFx2_ASAP7_75t_R 0.577042}
positive	u_e.g_qb.g_bx.b_xs_q1[38]$_DFF_P_	u_e.g_qb.g_bx.b_xs_q1\[38\]	0.577042	{hold39454 A BUFx2_ASAP7_75t_R 0.577042}
cut	u_e.g_qb.g_bx.b_xs_q1[39]$_DFF_P_	QN	DFFHQNx1_ASAP7_75t_R	_017105_	0.577042	{hold41327 A BUFx2_ASAP7_75t_R 0.577042}
positive	u_e.g_qb.g_bx.b_xs_q1[39]$_DFF_P_	u_e.g_qb.g_bx.b_xs_q1\[39\]	0.62135	{{u_e.g_ir.r_xs_q1\[39\]$_DFF_P_} D DFFHQNx1_ASAP7_75t_R 0.621350}
cut	u_e.g_qb.g_bx.b_xs_q1[3]$_DFF_P_	QN	DFFHQNx1_ASAP7_75t_R	_017141_	0.683678	{_168396_ A INVx1_ASAP7_75t_R 0.683678}
positive	u_e.g_qb.g_bx.b_xs_q1[3]$_DFF_P_	u_e.g_qb.g_bx.b_xs_q1\[3\]	0.62135	{{u_e.g_ir.r_xs_q1\[3\]$_DFF_P_} D DFFHQNx1_ASAP7_75t_R 0.621350}
cut	u_e.g_qb.g_bx.b_xs_q1[40]$_DFF_P_	QN	DFFHQNx1_ASAP7_75t_R	_017104_	0.577042	{hold44887 A BUFx2_ASAP7_75t_R 0.577042}
positive	u_e.g_qb.g_bx.b_xs_q1[40]$_DFF_P_	u_e.g_qb.g_bx.b_xs_q1\[40\]	0.62135	{{u_e.g_ir.r_xs_q1\[40\]$_DFF_P_} D DFFHQNx1_ASAP7_75t_R 0.621350}
cut	u_e.g_qb.g_bx.b_xs_q1[41]$_DFF_P_	QN	DFFHQNx1_ASAP7_75t_R	_017103_	0.683678	{_168358_ A INVx1_ASAP7_75t_R 0.683678}
positive	u_e.g_qb.g_bx.b_xs_q1[41]$_DFF_P_	u_e.g_qb.g_bx.b_xs_q1\[41\]	0.62135	{{u_e.g_ir.r_xs_q1\[41\]$_DFF_P_} D DFFHQNx1_ASAP7_75t_R 0.621350}
cut	u_e.g_qb.g_bx.b_xs_q1[42]$_DFF_P_	QN	DFFHQNx1_ASAP7_75t_R	_017102_	0.577042	{hold45110 A BUFx2_ASAP7_75t_R 0.577042}
positive	u_e.g_qb.g_bx.b_xs_q1[42]$_DFF_P_	u_e.g_qb.g_bx.b_xs_q1\[42\]	0.62135	{{u_e.g_ir.r_xs_q1\[42\]$_DFF_P_} D DFFHQNx1_ASAP7_75t_R 0.621350}
cut	u_e.g_qb.g_bx.b_xs_q1[43]$_DFF_P_	QN	DFFHQNx1_ASAP7_75t_R	_017101_	0.577042	{hold39720 A BUFx2_ASAP7_75t_R 0.577042}
positive	u_e.g_qb.g_bx.b_xs_q1[43]$_DFF_P_	u_e.g_qb.g_bx.b_xs_q1\[43\]	0.577042	{hold39721 A BUFx2_ASAP7_75t_R 0.577042}
cut	u_e.g_qb.g_bx.b_xs_q1[44]$_DFF_P_	QN	DFFHQNx1_ASAP7_75t_R	_017100_	0.683678	{_168355_ A INVx1_ASAP7_75t_R 0.683678}
positive	u_e.g_qb.g_bx.b_xs_q1[44]$_DFF_P_	u_e.g_qb.g_bx.b_xs_q1\[44\]	0.62135	{{u_e.g_ir.r_xs_q1\[44\]$_DFF_P_} D DFFHQNx1_ASAP7_75t_R 0.621350}
cut	u_e.g_qb.g_bx.b_xs_q1[45]$_DFF_P_	QN	DFFHQNx1_ASAP7_75t_R	_017099_	0.577042	{hold42246 A BUFx2_ASAP7_75t_R 0.577042}
positive	u_e.g_qb.g_bx.b_xs_q1[45]$_DFF_P_	u_e.g_qb.g_bx.b_xs_q1\[45\]	0.62135	{{u_e.g_ir.r_xs_q1\[45\]$_DFF_P_} D DFFHQNx1_ASAP7_75t_R 0.621350}
cut	u_e.g_qb.g_bx.b_xs_q1[46]$_DFF_P_	QN	DFFHQNx1_ASAP7_75t_R	_017098_	0.683678	{_168353_ A INVx1_ASAP7_75t_R 0.683678}
positive	u_e.g_qb.g_bx.b_xs_q1[46]$_DFF_P_	u_e.g_qb.g_bx.b_xs_q1\[46\]	0.62135	{{u_e.g_ir.r_xs_q1\[46\]$_DFF_P_} D DFFHQNx1_ASAP7_75t_R 0.621350}
cut	u_e.g_qb.g_bx.b_xs_q1[47]$_DFF_P_	QN	DFFHQNx1_ASAP7_75t_R	_017097_	0.577042	{hold24420 A BUFx2_ASAP7_75t_R 0.577042}
positive	u_e.g_qb.g_bx.b_xs_q1[47]$_DFF_P_	u_e.g_qb.g_bx.b_xs_q1\[47\]	0.577042	{hold24421 A BUFx2_ASAP7_75t_R 0.577042}
cut	u_e.g_qb.g_bx.b_xs_q1[48]$_DFF_P_	QN	DFFHQNx1_ASAP7_75t_R	_017096_	0.577042	{hold40237 A BUFx2_ASAP7_75t_R 0.577042}
positive	u_e.g_qb.g_bx.b_xs_q1[48]$_DFF_P_	u_e.g_qb.g_bx.b_xs_q1\[48\]	0.62135	{{u_e.g_ir.r_xs_q1\[48\]$_DFF_P_} D DFFHQNx1_ASAP7_75t_R 0.621350}
cut	u_e.g_qb.g_bx.b_xs_q1[49]$_DFF_P_	QN	DFFHQNx1_ASAP7_75t_R	_017095_	0.683678	{_168350_ A INVx1_ASAP7_75t_R 0.683678}
positive	u_e.g_qb.g_bx.b_xs_q1[49]$_DFF_P_	u_e.g_qb.g_bx.b_xs_q1\[49\]	0.62135	{{u_e.g_ir.r_xs_q1\[49\]$_DFF_P_} D DFFHQNx1_ASAP7_75t_R 0.621350}
cut	u_e.g_qb.g_bx.b_xs_q1[4]$_DFF_P_	QN	DFFHQNx1_ASAP7_75t_R	_017140_	0.683678	{_168395_ A INVx1_ASAP7_75t_R 0.683678}
positive	u_e.g_qb.g_bx.b_xs_q1[4]$_DFF_P_	u_e.g_qb.g_bx.b_xs_q1\[4\]	0.62135	{{u_e.g_ir.r_xs_q1\[4\]$_DFF_P_} D DFFHQNx1_ASAP7_75t_R 0.621350}
cut	u_e.g_qb.g_bx.b_xs_q1[50]$_DFF_P_	QN	DFFHQNx1_ASAP7_75t_R	_017094_	0.577042	{hold40791 A BUFx2_ASAP7_75t_R 0.577042}
positive	u_e.g_qb.g_bx.b_xs_q1[50]$_DFF_P_	u_e.g_qb.g_bx.b_xs_q1\[50\]	0.62135	{{u_e.g_ir.r_xs_q1\[50\]$_DFF_P_} D DFFHQNx1_ASAP7_75t_R 0.621350}
cut	u_e.g_qb.g_bx.b_xs_q1[51]$_DFF_P_	QN	DFFHQNx1_ASAP7_75t_R	_017093_	0.683678	{_168348_ A INVx1_ASAP7_75t_R 0.683678}
positive	u_e.g_qb.g_bx.b_xs_q1[51]$_DFF_P_	u_e.g_qb.g_bx.b_xs_q1\[51\]	0.62135	{{u_e.g_ir.r_xs_q1\[51\]$_DFF_P_} D DFFHQNx1_ASAP7_75t_R 0.621350}
cut	u_e.g_qb.g_bx.b_xs_q1[52]$_DFF_P_	QN	DFFHQNx1_ASAP7_75t_R	_017092_	0.683678	{_168347_ A INVx1_ASAP7_75t_R 0.683678}
positive	u_e.g_qb.g_bx.b_xs_q1[52]$_DFF_P_	u_e.g_qb.g_bx.b_xs_q1\[52\]	0.62135	{{u_e.g_ir.r_xs_q1\[52\]$_DFF_P_} D DFFHQNx1_ASAP7_75t_R 0.621350}
cut	u_e.g_qb.g_bx.b_xs_q1[53]$_DFF_P_	QN	DFFHQNx1_ASAP7_75t_R	_017091_	0.577042	{hold40634 A BUFx2_ASAP7_75t_R 0.577042}
positive	u_e.g_qb.g_bx.b_xs_q1[53]$_DFF_P_	u_e.g_qb.g_bx.b_xs_q1\[53\]	0.62135	{{u_e.g_ir.r_xs_q1\[53\]$_DFF_P_} D DFFHQNx1_ASAP7_75t_R 0.621350}
cut	u_e.g_qb.g_bx.b_xs_q1[54]$_DFF_P_	QN	DFFHQNx1_ASAP7_75t_R	_017090_	0.577042	{hold27354 A BUFx2_ASAP7_75t_R 0.577042}
positive	u_e.g_qb.g_bx.b_xs_q1[54]$_DFF_P_	u_e.g_qb.g_bx.b_xs_q1\[54\]	0.577042	{hold27355 A BUFx2_ASAP7_75t_R 0.577042}
cut	u_e.g_qb.g_bx.b_xs_q1[55]$_DFF_P_	QN	DFFHQNx1_ASAP7_75t_R	_017089_	0.577042	{hold44856 A BUFx2_ASAP7_75t_R 0.577042}
positive	u_e.g_qb.g_bx.b_xs_q1[55]$_DFF_P_	u_e.g_qb.g_bx.b_xs_q1\[55\]	0.62135	{{u_e.g_ir.r_xs_q1\[55\]$_DFF_P_} D DFFHQNx1_ASAP7_75t_R 0.621350}
cut	u_e.g_qb.g_bx.b_xs_q1[56]$_DFF_P_	QN	DFFHQNx1_ASAP7_75t_R	_017088_	0.577042	{hold40515 A BUFx2_ASAP7_75t_R 0.577042}
positive	u_e.g_qb.g_bx.b_xs_q1[56]$_DFF_P_	u_e.g_qb.g_bx.b_xs_q1\[56\]	0.62135	{{u_e.g_ir.r_xs_q1\[56\]$_DFF_P_} D DFFHQNx1_ASAP7_75t_R 0.621350}
cut	u_e.g_qb.g_bx.b_xs_q1[57]$_DFF_P_	QN	DFFHQNx1_ASAP7_75t_R	_017087_	0.683678	{_168342_ A INVx1_ASAP7_75t_R 0.683678}
positive	u_e.g_qb.g_bx.b_xs_q1[57]$_DFF_P_	u_e.g_qb.g_bx.b_xs_q1\[57\]	0.62135	{{u_e.g_ir.r_xs_q1\[57\]$_DFF_P_} D DFFHQNx1_ASAP7_75t_R 0.621350}
cut	u_e.g_qb.g_bx.b_xs_q1[58]$_DFF_P_	QN	DFFHQNx1_ASAP7_75t_R	_017086_	0.683678	{_168341_ A INVx1_ASAP7_75t_R 0.683678}
positive	u_e.g_qb.g_bx.b_xs_q1[58]$_DFF_P_	u_e.g_qb.g_bx.b_xs_q1\[58\]	0.62135	{{u_e.g_ir.r_xs_q1\[58\]$_DFF_P_} D DFFHQNx1_ASAP7_75t_R 0.621350}
cut	u_e.g_qb.g_bx.b_xs_q1[59]$_DFF_P_	QN	DFFHQNx1_ASAP7_75t_R	_017085_	0.683678	{_168340_ A INVx1_ASAP7_75t_R 0.683678}
positive	u_e.g_qb.g_bx.b_xs_q1[59]$_DFF_P_	u_e.g_qb.g_bx.b_xs_q1\[59\]	0.62135	{{u_e.g_ir.r_xs_q1\[59\]$_DFF_P_} D DFFHQNx1_ASAP7_75t_R 0.621350}
cut	u_e.g_qb.g_bx.b_xs_q1[5]$_DFF_P_	QN	DFFHQNx1_ASAP7_75t_R	_017139_	0.683678	{_168394_ A INVx1_ASAP7_75t_R 0.683678}
positive	u_e.g_qb.g_bx.b_xs_q1[5]$_DFF_P_	u_e.g_qb.g_bx.b_xs_q1\[5\]	0.62135	{{u_e.g_ir.r_xs_q1\[5\]$_DFF_P_} D DFFHQNx1_ASAP7_75t_R 0.621350}
cut	u_e.g_qb.g_bx.b_xs_q1[60]$_DFF_P_	QN	DFFHQNx1_ASAP7_75t_R	_017084_	0.683678	{_168339_ A INVx1_ASAP7_75t_R 0.683678}
positive	u_e.g_qb.g_bx.b_xs_q1[60]$_DFF_P_	u_e.g_qb.g_bx.b_xs_q1\[60\]	0.62135	{{u_e.g_ir.r_xs_q1\[60\]$_DFF_P_} D DFFHQNx1_ASAP7_75t_R 0.621350}
cut	u_e.g_qb.g_bx.b_xs_q1[61]$_DFF_P_	QN	DFFHQNx1_ASAP7_75t_R	_017083_	0.577042	{hold42127 A BUFx2_ASAP7_75t_R 0.577042}
positive	u_e.g_qb.g_bx.b_xs_q1[61]$_DFF_P_	u_e.g_qb.g_bx.b_xs_q1\[61\]	0.62135	{{u_e.g_ir.r_xs_q1\[61\]$_DFF_P_} D DFFHQNx1_ASAP7_75t_R 0.621350}
cut	u_e.g_qb.g_bx.b_xs_q1[62]$_DFF_P_	QN	DFFHQNx1_ASAP7_75t_R	_017082_	0.577042	{hold43303 A BUFx2_ASAP7_75t_R 0.577042}
positive	u_e.g_qb.g_bx.b_xs_q1[62]$_DFF_P_	u_e.g_qb.g_bx.b_xs_q1\[62\]	0.62135	{{u_e.g_ir.r_xs_q1\[62\]$_DFF_P_} D DFFHQNx1_ASAP7_75t_R 0.621350}
cut	u_e.g_qb.g_bx.b_xs_q1[63]$_DFF_P_	QN	DFFHQNx1_ASAP7_75t_R	_017081_	0.577042	{hold40805 A BUFx2_ASAP7_75t_R 0.577042}
positive	u_e.g_qb.g_bx.b_xs_q1[63]$_DFF_P_	u_e.g_qb.g_bx.b_xs_q1\[63\]	0.62135	{{u_e.g_ir.r_xs_q1\[63\]$_DFF_P_} D DFFHQNx1_ASAP7_75t_R 0.621350}
cut	u_e.g_qb.g_bx.b_xs_q1[64]$_DFF_P_	QN	DFFHQNx1_ASAP7_75t_R	_017080_	0.577042	{hold36489 A BUFx2_ASAP7_75t_R 0.577042}
positive	u_e.g_qb.g_bx.b_xs_q1[64]$_DFF_P_	u_e.g_qb.g_bx.b_xs_q1\[64\]	0.577042	{hold36490 A BUFx2_ASAP7_75t_R 0.577042}
cut	u_e.g_qb.g_bx.b_xs_q1[65]$_DFF_P_	QN	DFFHQNx1_ASAP7_75t_R	_017079_	0.577042	{hold39515 A BUFx2_ASAP7_75t_R 0.577042}
positive	u_e.g_qb.g_bx.b_xs_q1[65]$_DFF_P_	u_e.g_qb.g_bx.b_xs_q1\[65\]	0.577042	{hold39516 A BUFx2_ASAP7_75t_R 0.577042}
cut	u_e.g_qb.g_bx.b_xs_q1[66]$_DFF_P_	QN	DFFHQNx1_ASAP7_75t_R	_017078_	0.577042	{hold36416 A BUFx2_ASAP7_75t_R 0.577042}
positive	u_e.g_qb.g_bx.b_xs_q1[66]$_DFF_P_	u_e.g_qb.g_bx.b_xs_q1\[66\]	0.577042	{hold36417 A BUFx2_ASAP7_75t_R 0.577042}
cut	u_e.g_qb.g_bx.b_xs_q1[67]$_DFF_P_	QN	DFFHQNx1_ASAP7_75t_R	_017077_	0.577042	{hold36645 A BUFx2_ASAP7_75t_R 0.577042}
positive	u_e.g_qb.g_bx.b_xs_q1[67]$_DFF_P_	u_e.g_qb.g_bx.b_xs_q1\[67\]	0.577042	{hold36646 A BUFx2_ASAP7_75t_R 0.577042}
cut	u_e.g_qb.g_bx.b_xs_q1[68]$_DFF_P_	QN	DFFHQNx1_ASAP7_75t_R	_017076_	0.577042	{hold33996 A BUFx2_ASAP7_75t_R 0.577042}
positive	u_e.g_qb.g_bx.b_xs_q1[68]$_DFF_P_	u_e.g_qb.g_bx.b_xs_q1\[68\]	0.577042	{hold33997 A BUFx2_ASAP7_75t_R 0.577042}
cut	u_e.g_qb.g_bx.b_xs_q1[69]$_DFF_P_	QN	DFFHQNx1_ASAP7_75t_R	_017075_	0.577042	{hold37817 A BUFx2_ASAP7_75t_R 0.577042}
positive	u_e.g_qb.g_bx.b_xs_q1[69]$_DFF_P_	u_e.g_qb.g_bx.b_xs_q1\[69\]	0.577042	{hold37818 A BUFx2_ASAP7_75t_R 0.577042}
cut	u_e.g_qb.g_bx.b_xs_q1[6]$_DFF_P_	QN	DFFHQNx1_ASAP7_75t_R	_017138_	0.683678	{_168393_ A INVx1_ASAP7_75t_R 0.683678}
positive	u_e.g_qb.g_bx.b_xs_q1[6]$_DFF_P_	u_e.g_qb.g_bx.b_xs_q1\[6\]	0.62135	{{u_e.g_ir.r_xs_q1\[6\]$_DFF_P_} D DFFHQNx1_ASAP7_75t_R 0.621350}
cut	u_e.g_qb.g_bx.b_xs_q1[70]$_DFF_P_	QN	DFFHQNx1_ASAP7_75t_R	_017074_	0.577042	{hold40377 A BUFx2_ASAP7_75t_R 0.577042}
positive	u_e.g_qb.g_bx.b_xs_q1[70]$_DFF_P_	u_e.g_qb.g_bx.b_xs_q1\[70\]	0.62135	{{u_e.g_ir.r_xs_q1\[70\]$_DFF_P_} D DFFHQNx1_ASAP7_75t_R 0.621350}
cut	u_e.g_qb.g_bx.b_xs_q1[71]$_DFF_P_	QN	DFFHQNx1_ASAP7_75t_R	_017073_	0.577042	{hold40635 A BUFx2_ASAP7_75t_R 0.577042}
positive	u_e.g_qb.g_bx.b_xs_q1[71]$_DFF_P_	u_e.g_qb.g_bx.b_xs_q1\[71\]	0.62135	{{u_e.g_ir.r_xs_q1\[71\]$_DFF_P_} D DFFHQNx1_ASAP7_75t_R 0.621350}
cut	u_e.g_qb.g_bx.b_xs_q1[72]$_DFF_P_	QN	DFFHQNx1_ASAP7_75t_R	_017072_	0.577042	{hold36503 A BUFx2_ASAP7_75t_R 0.577042}
positive	u_e.g_qb.g_bx.b_xs_q1[72]$_DFF_P_	u_e.g_qb.g_bx.b_xs_q1\[72\]	0.577042	{hold36504 A BUFx2_ASAP7_75t_R 0.577042}
cut	u_e.g_qb.g_bx.b_xs_q1[73]$_DFF_P_	QN	DFFHQNx1_ASAP7_75t_R	_017071_	0.577042	{hold35290 A BUFx2_ASAP7_75t_R 0.577042}
positive	u_e.g_qb.g_bx.b_xs_q1[73]$_DFF_P_	u_e.g_qb.g_bx.b_xs_q1\[73\]	0.577042	{hold35291 A BUFx2_ASAP7_75t_R 0.577042}
cut	u_e.g_qb.g_bx.b_xs_q1[74]$_DFF_P_	QN	DFFHQNx1_ASAP7_75t_R	_017070_	0.577042	{hold20068 A BUFx2_ASAP7_75t_R 0.577042}
positive	u_e.g_qb.g_bx.b_xs_q1[74]$_DFF_P_	u_e.g_qb.g_bx.b_xs_q1\[74\]	0.577042	{hold20069 A BUFx2_ASAP7_75t_R 0.577042}
cut	u_e.g_qb.g_bx.b_xs_q1[75]$_DFF_P_	QN	DFFHQNx1_ASAP7_75t_R	_017069_	0.577042	{hold26229 A BUFx2_ASAP7_75t_R 0.577042}
positive	u_e.g_qb.g_bx.b_xs_q1[75]$_DFF_P_	u_e.g_qb.g_bx.b_xs_q1\[75\]	0.577042	{hold26230 A BUFx2_ASAP7_75t_R 0.577042}
cut	u_e.g_qb.g_bx.b_xs_q1[76]$_DFF_P_	QN	DFFHQNx1_ASAP7_75t_R	_017068_	0.577042	{hold42930 A BUFx2_ASAP7_75t_R 0.577042}
positive	u_e.g_qb.g_bx.b_xs_q1[76]$_DFF_P_	u_e.g_qb.g_bx.b_xs_q1\[76\]	0.62135	{{u_e.g_ir.r_xs_q1\[76\]$_DFF_P_} D DFFHQNx1_ASAP7_75t_R 0.621350}
cut	u_e.g_qb.g_bx.b_xs_q1[77]$_DFF_P_	QN	DFFHQNx1_ASAP7_75t_R	_017067_	0.577042	{hold40957 A BUFx2_ASAP7_75t_R 0.577042}
positive	u_e.g_qb.g_bx.b_xs_q1[77]$_DFF_P_	u_e.g_qb.g_bx.b_xs_q1\[77\]	0.62135	{{u_e.g_ir.r_xs_q1\[77\]$_DFF_P_} D DFFHQNx1_ASAP7_75t_R 0.621350}
cut	u_e.g_qb.g_bx.b_xs_q1[78]$_DFF_P_	QN	DFFHQNx1_ASAP7_75t_R	_017066_	0.577042	{hold41412 A BUFx2_ASAP7_75t_R 0.577042}
positive	u_e.g_qb.g_bx.b_xs_q1[78]$_DFF_P_	u_e.g_qb.g_bx.b_xs_q1\[78\]	0.62135	{{u_e.g_ir.r_xs_q1\[78\]$_DFF_P_} D DFFHQNx1_ASAP7_75t_R 0.621350}
cut	u_e.g_qb.g_bx.b_xs_q1[79]$_DFF_P_	QN	DFFHQNx1_ASAP7_75t_R	_017065_	0.577042	{hold36161 A BUFx2_ASAP7_75t_R 0.577042}
positive	u_e.g_qb.g_bx.b_xs_q1[79]$_DFF_P_	u_e.g_qb.g_bx.b_xs_q1\[79\]	0.577042	{hold36162 A BUFx2_ASAP7_75t_R 0.577042}
cut	u_e.g_qb.g_bx.b_xs_q1[7]$_DFF_P_	QN	DFFHQNx1_ASAP7_75t_R	_017137_	0.683678	{_168392_ A INVx1_ASAP7_75t_R 0.683678}
positive	u_e.g_qb.g_bx.b_xs_q1[7]$_DFF_P_	u_e.g_qb.g_bx.b_xs_q1\[7\]	0.62135	{{u_e.g_ir.r_xs_q1\[7\]$_DFF_P_} D DFFHQNx1_ASAP7_75t_R 0.621350}
cut	u_e.g_qb.g_bx.b_xs_q1[80]$_DFF_P_	QN	DFFHQNx1_ASAP7_75t_R	_017064_	0.683678	{_168319_ A INVx1_ASAP7_75t_R 0.683678}
positive	u_e.g_qb.g_bx.b_xs_q1[80]$_DFF_P_	u_e.g_qb.g_bx.b_xs_q1\[80\]	0.62135	{{u_e.g_ir.r_xs_q1\[80\]$_DFF_P_} D DFFHQNx1_ASAP7_75t_R 0.621350}
cut	u_e.g_qb.g_bx.b_xs_q1[81]$_DFF_P_	QN	DFFHQNx1_ASAP7_75t_R	_017063_	0.577042	{hold45062 A BUFx2_ASAP7_75t_R 0.577042}
positive	u_e.g_qb.g_bx.b_xs_q1[81]$_DFF_P_	u_e.g_qb.g_bx.b_xs_q1\[81\]	0.62135	{{u_e.g_ir.r_xs_q1\[81\]$_DFF_P_} D DFFHQNx1_ASAP7_75t_R 0.621350}
cut	u_e.g_qb.g_bx.b_xs_q1[82]$_DFF_P_	QN	DFFHQNx1_ASAP7_75t_R	_017062_	0.577042	{hold44550 A BUFx2_ASAP7_75t_R 0.577042}
positive	u_e.g_qb.g_bx.b_xs_q1[82]$_DFF_P_	u_e.g_qb.g_bx.b_xs_q1\[82\]	0.62135	{{u_e.g_ir.r_xs_q1\[82\]$_DFF_P_} D DFFHQNx1_ASAP7_75t_R 0.621350}
cut	u_e.g_qb.g_bx.b_xs_q1[83]$_DFF_P_	QN	DFFHQNx1_ASAP7_75t_R	_017061_	0.577042	{hold44440 A BUFx2_ASAP7_75t_R 0.577042}
positive	u_e.g_qb.g_bx.b_xs_q1[83]$_DFF_P_	u_e.g_qb.g_bx.b_xs_q1\[83\]	0.62135	{{u_e.g_ir.r_xs_q1\[83\]$_DFF_P_} D DFFHQNx1_ASAP7_75t_R 0.621350}
cut	u_e.g_qb.g_bx.b_xs_q1[84]$_DFF_P_	QN	DFFHQNx1_ASAP7_75t_R	_017060_	0.577042	{hold41015 A BUFx2_ASAP7_75t_R 0.577042}
positive	u_e.g_qb.g_bx.b_xs_q1[84]$_DFF_P_	u_e.g_qb.g_bx.b_xs_q1\[84\]	0.62135	{{u_e.g_ir.r_xs_q1\[84\]$_DFF_P_} D DFFHQNx1_ASAP7_75t_R 0.621350}
cut	u_e.g_qb.g_bx.b_xs_q1[85]$_DFF_P_	QN	DFFHQNx1_ASAP7_75t_R	_017059_	0.577042	{hold19911 A BUFx2_ASAP7_75t_R 0.577042}
positive	u_e.g_qb.g_bx.b_xs_q1[85]$_DFF_P_	u_e.g_qb.g_bx.b_xs_q1\[85\]	0.577042	{hold19912 A BUFx2_ASAP7_75t_R 0.577042}
cut	u_e.g_qb.g_bx.b_xs_q1[86]$_DFF_P_	QN	DFFHQNx1_ASAP7_75t_R	_017058_	0.577042	{hold19907 A BUFx2_ASAP7_75t_R 0.577042}
positive	u_e.g_qb.g_bx.b_xs_q1[86]$_DFF_P_	u_e.g_qb.g_bx.b_xs_q1\[86\]	0.577042	{hold19908 A BUFx2_ASAP7_75t_R 0.577042}
cut	u_e.g_qb.g_bx.b_xs_q1[87]$_DFF_P_	QN	DFFHQNx1_ASAP7_75t_R	_017057_	0.577042	{hold35973 A BUFx2_ASAP7_75t_R 0.577042}
positive	u_e.g_qb.g_bx.b_xs_q1[87]$_DFF_P_	u_e.g_qb.g_bx.b_xs_q1\[87\]	0.577042	{hold35974 A BUFx2_ASAP7_75t_R 0.577042}
cut	u_e.g_qb.g_bx.b_xs_q1[88]$_DFF_P_	QN	DFFHQNx1_ASAP7_75t_R	_017056_	0.577042	{hold29873 A BUFx2_ASAP7_75t_R 0.577042}
positive	u_e.g_qb.g_bx.b_xs_q1[88]$_DFF_P_	u_e.g_qb.g_bx.b_xs_q1\[88\]	0.577042	{hold29874 A BUFx2_ASAP7_75t_R 0.577042}
cut	u_e.g_qb.g_bx.b_xs_q1[89]$_DFF_P_	QN	DFFHQNx1_ASAP7_75t_R	_017055_	0.577042	{hold32442 A BUFx2_ASAP7_75t_R 0.577042}
positive	u_e.g_qb.g_bx.b_xs_q1[89]$_DFF_P_	u_e.g_qb.g_bx.b_xs_q1\[89\]	0.577042	{hold32443 A BUFx2_ASAP7_75t_R 0.577042}
cut	u_e.g_qb.g_bx.b_xs_q1[8]$_DFF_P_	QN	DFFHQNx1_ASAP7_75t_R	_017136_	0.683678	{_168391_ A INVx1_ASAP7_75t_R 0.683678}
positive	u_e.g_qb.g_bx.b_xs_q1[8]$_DFF_P_	u_e.g_qb.g_bx.b_xs_q1\[8\]	0.62135	{{u_e.g_ir.r_xs_q1\[8\]$_DFF_P_} D DFFHQNx1_ASAP7_75t_R 0.621350}
cut	u_e.g_qb.g_bx.b_xs_q1[90]$_DFF_P_	QN	DFFHQNx1_ASAP7_75t_R	_017054_	0.577042	{hold39818 A BUFx2_ASAP7_75t_R 0.577042}
positive	u_e.g_qb.g_bx.b_xs_q1[90]$_DFF_P_	u_e.g_qb.g_bx.b_xs_q1\[90\]	0.577042	{hold39819 A BUFx2_ASAP7_75t_R 0.577042}
cut	u_e.g_qb.g_bx.b_xs_q1[91]$_DFF_P_	QN	DFFHQNx1_ASAP7_75t_R	_017053_	0.577042	{hold38851 A BUFx2_ASAP7_75t_R 0.577042}
positive	u_e.g_qb.g_bx.b_xs_q1[91]$_DFF_P_	u_e.g_qb.g_bx.b_xs_q1\[91\]	0.577042	{hold38852 A BUFx2_ASAP7_75t_R 0.577042}
cut	u_e.g_qb.g_bx.b_xs_q1[92]$_DFF_P_	QN	DFFHQNx1_ASAP7_75t_R	_017052_	0.577042	{hold25245 A BUFx2_ASAP7_75t_R 0.577042}
positive	u_e.g_qb.g_bx.b_xs_q1[92]$_DFF_P_	u_e.g_qb.g_bx.b_xs_q1\[92\]	0.577042	{hold25246 A BUFx2_ASAP7_75t_R 0.577042}
cut	u_e.g_qb.g_bx.b_xs_q1[93]$_DFF_P_	QN	DFFHQNx1_ASAP7_75t_R	_017051_	0.577042	{hold34661 A BUFx2_ASAP7_75t_R 0.577042}
positive	u_e.g_qb.g_bx.b_xs_q1[93]$_DFF_P_	u_e.g_qb.g_bx.b_xs_q1\[93\]	0.577042	{hold34662 A BUFx2_ASAP7_75t_R 0.577042}
cut	u_e.g_qb.g_bx.b_xs_q1[94]$_DFF_P_	QN	DFFHQNx1_ASAP7_75t_R	_017050_	0.577042	{hold24824 A BUFx2_ASAP7_75t_R 0.577042}
positive	u_e.g_qb.g_bx.b_xs_q1[94]$_DFF_P_	u_e.g_qb.g_bx.b_xs_q1\[94\]	0.577042	{hold24825 A BUFx2_ASAP7_75t_R 0.577042}
cut	u_e.g_qb.g_bx.b_xs_q1[95]$_DFF_P_	QN	DFFHQNx1_ASAP7_75t_R	_017049_	0.577042	{hold34929 A BUFx2_ASAP7_75t_R 0.577042}
positive	u_e.g_qb.g_bx.b_xs_q1[95]$_DFF_P_	u_e.g_qb.g_bx.b_xs_q1\[95\]	0.577042	{hold34930 A BUFx2_ASAP7_75t_R 0.577042}
cut	u_e.g_qb.g_bx.b_xs_q1[96]$_DFF_P_	QN	DFFHQNx1_ASAP7_75t_R	_017048_	0.577042	{hold40658 A BUFx2_ASAP7_75t_R 0.577042}
positive	u_e.g_qb.g_bx.b_xs_q1[96]$_DFF_P_	u_e.g_qb.g_bx.b_xs_q1\[96\]	0.62135	{{u_e.g_ir.r_xs_q1\[96\]$_DFF_P_} D DFFHQNx1_ASAP7_75t_R 0.621350}
cut	u_e.g_qb.g_bx.b_xs_q1[97]$_DFF_P_	QN	DFFHQNx1_ASAP7_75t_R	_017047_	0.683678	{_168302_ A INVx1_ASAP7_75t_R 0.683678}
positive	u_e.g_qb.g_bx.b_xs_q1[97]$_DFF_P_	u_e.g_qb.g_bx.b_xs_q1\[97\]	0.62135	{{u_e.g_ir.r_xs_q1\[97\]$_DFF_P_} D DFFHQNx1_ASAP7_75t_R 0.621350}
cut	u_e.g_qb.g_bx.b_xs_q1[98]$_DFF_P_	QN	DFFHQNx1_ASAP7_75t_R	_017046_	0.577042	{hold40253 A BUFx2_ASAP7_75t_R 0.577042}
positive	u_e.g_qb.g_bx.b_xs_q1[98]$_DFF_P_	u_e.g_qb.g_bx.b_xs_q1\[98\]	0.62135	{{u_e.g_ir.r_xs_q1\[98\]$_DFF_P_} D DFFHQNx1_ASAP7_75t_R 0.621350}
cut	u_e.g_qb.g_bx.b_xs_q1[99]$_DFF_P_	QN	DFFHQNx1_ASAP7_75t_R	_017045_	0.683678	{_168300_ A INVx1_ASAP7_75t_R 0.683678}
positive	u_e.g_qb.g_bx.b_xs_q1[99]$_DFF_P_	u_e.g_qb.g_bx.b_xs_q1\[99\]	0.62135	{{u_e.g_ir.r_xs_q1\[99\]$_DFF_P_} D DFFHQNx1_ASAP7_75t_R 0.621350}
cut	u_e.g_qb.g_bx.b_xs_q1[9]$_DFF_P_	QN	DFFHQNx1_ASAP7_75t_R	_017135_	0.683678	{_168390_ A INVx1_ASAP7_75t_R 0.683678}
positive	u_e.g_qb.g_bx.b_xs_q1[9]$_DFF_P_	u_e.g_qb.g_bx.b_xs_q1\[9\]	0.62135	{{u_e.g_ir.r_xs_q1\[9\]$_DFF_P_} D DFFHQNx1_ASAP7_75t_R 0.621350}
cut	u_e.g_qb.g_bx.b_xs_v$_DFF_PN0_	QN	DFFASRHQNx1_ASAP7_75t_R	_032222_	0.577042	{hold24193 A BUFx2_ASAP7_75t_R 0.577042}
positive	u_e.g_qb.g_bx.b_xs_v$_DFF_PN0_	u_e.g_qb.g_bx.b_xs_v	0.577042	{hold24194 A BUFx2_ASAP7_75t_R 0.577042}
cut	u_e.g_qb.rst_q$_DFF_PN0_	QN	DFFASRHQNx1_ASAP7_75t_R	_032227_	3.00918	{hold22939 A BUFx2_ASAP7_75t_R 0.577042} {_282252_ B AO21x1_ASAP7_75t_R 0.626818} {place16831 A BUFx2_ASAP7_75t_R 0.577042} {_250393_ B AO21x1_ASAP7_75t_R 0.626818} {_250346_ B OR3x1_ASAP7_75t_R 0.601460}
cut	u_e.g_qo.busy_d[0]$_DFF_PN0_	QN	DFFASRHQNx1_ASAP7_75t_R	_032194_	0.683678	{_299039_ A INVx1_ASAP7_75t_R 0.683678}
positive	u_e.g_qo.busy_d[0]$_DFF_PN0_	net1681	0.577042	{output1682 A BUFx2_ASAP7_75t_R 0.577042}
cut	u_e.g_qo.ff_d[0]$_DFF_PN0_	QN	DFFASRHQNx1_ASAP7_75t_R	_032195_	0.577042	{hold32915 A BUFx2_ASAP7_75t_R 0.577042}
positive	u_e.g_qo.ff_d[0]$_DFF_PN0_	u_e.g_qo.ff_d\[0\]	0.577042	{hold32916 A BUFx2_ASAP7_75t_R 0.577042}
cut	u_e.g_qo.g_qyf.ffq$_DFF_PN0_	QN	DFFASRHQNx1_ASAP7_75t_R	_032192_	0.645417	{_299009_ C AND3x1_ASAP7_75t_R 0.645417}
cut	u_e.g_qo.g_qyf.fq$_DFF_PN0_	QN	DFFASRHQNx1_ASAP7_75t_R	_032193_	1.33316	{wire17983 A BUFx6f_ASAP7_75t_R 1.333160}
positive	u_e.g_qo.g_qyf.fq$_DFF_PN0_	net1682	0.577042	{output1683 A BUFx2_ASAP7_75t_R 0.577042}
