40000002E00000001E3CE50800000000
00000000000000105000000000000001
00000000000000000000000000000000
00000000000000101400040000000000
00000000000000000000000000000000
00000000000000100004000000A00001
00000000000000000000000000000000
00000000000000101400000000A0C005
00000000000000000000000000000000
10000402600000010000000000000000
00000000000000101400000000A0C001
00000000000000000000000000000000
00000014000000501400100064300008
00000000000000000000000000000000
00000000000000100005000000B9C005
00000000000000000000000000000000
10000002600000010000000000000000
00000000000000101400000000A0C001
00000000000000000000000000000000
00000014000000D01400100000200008
00000000000000000000000000000000
0000000000000010000D000000B4C005
00000000000000000000000000000000
60400082200000000000000000000000
00000000000000100500000000B4C001
00000000000000000000000000000000
00000000000000100500000000B4C001
00000000000000000000000000000000
20001004300000000000000000000000
00000000000000000000214000000000
00000000000000000000000000000000
00000000A000008000A0000000B4C001
00000000000000000000000000000000
00000000000000100001000000C2C001
00000000000000000000000000000000
80000002200000000000000000000000
00000000000000100500040000A00000
00000000000000000000000000000000
00000000000000100500000000BBC001
00000000000000000000000000000000
60400002200000000000000000000000
00000000000000100200000000B9C001
00000000000000000000000000000000
00000000000000100200000000B9C001
00000000000000000000000000000000
80000002200000000000000000000000
00000000000000100200040000B40000
00000000000000000000000000000000
00000000000000100200000000C0C001
00000000000000000000000000000000
20000002300000000000000000000000
0000078F394211280000001014050000
00000000000000000000000000000000
00000000000000100001000000C2C001
00000000000000000000000000000000
00000000000000100001000000C30001
00000000000000000000000000000000
80000002200000000000000000000000
00000000000000100040040000BC0000
00000000000000000000000000000000
00000000000000100040000000D04001
00000000000000000000000000000000
20004002F00000000000000000000000
00000000000000000000001840010000
00000000000000000000000000000000
00000000000000100500000000B4C001
00000000000000000000000000000000
00000000000000100500000000C30021
00000000000000000000000000000000
00000000000000100500000000BBC001
00000000000000000000000000000000
00000000000000100500000000C34001
00000000000000000000000000000000
10000102600000010000000000000000
00000000000000100500000000C34001
00000000000000000000000000000000
0000000500002000050010008C400008
00000000000000000000000000000000
00000000000000100200000000D08005
00000000000000000000000000000000
20001004300000000000000000000000
00000000000000000000214000000000
00000000000000000000000000000000
00000000400000800040000000B9C001
00000000000000000000000000000000
00000000000000100001000000C2C001
00000000000000000000000000000000
20000002300000000000000000000000
0000078F394211000000001014050000
00000000000000000000000000000000
00000000000000100001000000C2C001
00000000000000000000000000000000
00000000000000100001000000C30001
00000000000000000000000000000000
20000002F00000000000000000000000
00000000000000000000001840010000
00000000000000000000000000000000
00000000000000100200000000B9C001
00000000000000000000000000000000
00000000000000100200000000C30021
00000000000000000000000000000000
00000000000000100200000000C0C001
00000000000000000000000000000000
00000000000000100200000000CA4001
00000000000000000000000000000000
20000003700000000000000000000000
00000000000000000000001801610240
00000000000000000000000000000000
00000000000000100040000000CC0001
00000000000000000000000000000000
00000000000000100040000000D04001
00000000000000000000000000000000
00000000000000100040000000D06001
00000000000000000000000000000000
00000000000000100040000000CC0001
00000000000000000000000000000000
41000102200000000000000000000000
00000000000000100200000000CA4001
00000000000000000000000000000000
00000000000000100200000000CC4001
00000000000000000000000000000000
80C00402200000000000000000000000
00000000000000100200000000CC4001
00000000000000000000000000000000
00000008000008000200040000C32000
00000000000000000000000000000000
20000083700000000000000000000000
00000000000000000000001801610240
00000000000000000000000000000000
00000000000000100040000000D24001
00000000000000000000000000000000
00000000000000100040000000D04001
00000000000000000000000000000000
00000000000000100040000000D06001
00000000000000000000000000000000
00000000000000100040000000D24001
00000000000000000000000000000000
50004102600001710000000000000000
00000000000000100200000000D08001
00000000000000000000000000000000
00000008000008000080040000C32000
00000000000000000000000000000000
00000000000000100080000000D28001
00000000000000000000000000000000
20000804300000000000000000000000
0000000000000F4D413CC28000030000
00000000000000000000000000000000
00000000000000100080000000D28001
00000000000000000000000000000000
00000000000000100001000000D50001
00000000000000000000000000000000
20000006700000000000000000000000
0000000000000F4D413CC2500B030000
00000000000000000000000000000000
00000000000000100080000000D28001
00000000000000000000000000000000
00000000000000100080000000D50021
00000000000000000000000000000000
00000000000000100080000000D54001
00000000000000000000000000000000
00000000000000100001000000D7C001
00000000000000000000000000000000
80000002200000000000000000000000
00000000000000100001040000C30000
00000000000000000000000000000000
00000000000000100001000000DA8001
00000000000000000000000000000000
20000002300000000000000000000000
00000000000000000000001800000000
00000000000000000000000000000000
00000000000000100080000000D54001
00000000000000000000000000000000
00000000000000100080000000D80001
00000000000000000000000000000000
50400102600001710000000000000000
00000000000000100080000000D80001
00000000000000000000000000000000
00000008000008000080040000C32000
00000000000000000000000000000000
00000000000000100200000000DB4001
00000000000000000000000000000000
20004002F00000000000000000000000
0000000000000000000000108B000000
00000000000000000000000000000000
00000000000000100001000000DA8001
00000000000000000000000000000000
00000000000000100001000000D50001
00000000000000000000000000000000
00000000000000100001000000D7C001
00000000000000000000000000000000
00000000000000100001000000DB0001
00000000000000000000000000000000
20000802700000000000000000000000
00000000000000000000001800040000
00000000000000000000000000000000
00000000000000100200000000DB4001
00000000000000000000000000000000
00000000000000100200000000DB0021
00000000000000000000000000000000
00000000000000100200000000DF4001
00000000000000000000000000000000
20000003700000000000000000000000
00000000000000000000001801810240
00000000000000000000000000000000
00000000000000100040000000E10001
00000000000000000000000000000000
00000000000000100040000000D04001
00000000000000000000000000000000
00000000000000100040000000D06001
00000000000000000000000000000000
00000000000000100040000000E10001
00000000000000000000000000000000
10000102600000000000000000000000
00000000000000100200000000DF4001
00000000000000000000000000000000
0000002000004000020010030C500004
00000000000000000000000000000000
00000000000000100400000000E14001
00000000000000000000000000000000
61000082200000080000000000000000
00000000000000100400000000E14001
00000000000000000000000000000000
00000000000000103000000001114005
00000000000000000000000000000000
A0000002600000000000000000000000
00000000000000105000000000000001
00000000000000000000000000000000
00000000000000100001100000000004
00000000000000000000000000000000
00000000000000100018000000A04001
00000000000000000000000000000000
20000002300000000000000000000000
00000000000000000000001000000000
00000000000000000000000000000000
00000000000000105000000000000001
00000000000000000000000000000000
00000000000000105000000000500001
00000000000000000000000000000000
10001002600000010000000000000000
00000000000000102000000001114001
00000000000000000000000000000000
0000002000000350200010070C600008
00000000000000000000000000000000
00000000000000100035000001414005
00000000000000000000000000000000
60400082200000000000000000000000
00000000000000101400000001414001
00000000000000000000000000000000
00000000000000101400000001414001
00000000000000000000000000000000
40811102E00000000000000000000000
00000000000000101400000001414001
00000000000000000000000000000000
00000000000000105000000000500001
00000000000000000000000000000000
00000000000000100014000000A04401
00000000000000000000000000000000
00000000000000105000000000000001
00000000000000000000000000000000
40000002E00000001E3CE50800000000
00000000000000105000000000000001
00000000000000000000000000000000
00000000000000101400040000500000
00000000000000000000000000000000
00000000000000100004000000A04001
00000000000000000000000000000000
00000000000000101400000000A0C005
00000000000000000000000000000000
10000402600000000000000000000000
00000000000000101400000000A0C001
00000000000000000000000000000000
0000002800000040140010098C900004
00000000000000000000000000000000
00000000000000100004000001554001
00000000000000000000000000000000
20000082300000000000000000000000
00000000000000000000001030000000
00000000000000000000000000000000
00000000000000100004000001554001
00000000000000000000000000000000
00000000000000100004000001554001
00000000000000000000000000000000
60400102200000000000000000000000
00000000000000100180000001554001
00000000000000000000000000000000
00000000000000100180000001554001
00000000000000000000000000000000
80000002200000000000000000000000
00000000000000100180040000BD0000
00000000000000000000000000000000
0000000000000010018000000156C001
00000000000000000000000000000000
20005002B00000000000000000000000
00000000000000000000001002000000
00000000000000000000000000000000
00000000000000100180000001554001
00000000000000000000000000000000
0000000000000010018000000156C001
00000000000000000000000000000000
00000000000000100180000001584001
00000000000000000000000000000000
90800102200010060000000000000000
00000000000000100180000001584001
00000000000000000000000000000000
0000000000000010000600000159C015
00000000000000000000000000000000
2000800A300000000000000000000000
00000000000000000000001000000000
00000000000000000000000000000000
00000000000000100001000001554041
00000000000000000000400000000000
000000000000001000010000015A0001
00000000000000000000000000000000
0000000000000010000100000159C015
00000000000000000000000000000000
2000000A300000000000000000000000
00000000000000000000001000000000
00000000000000000000000000000000
00000000000000100001000001554041
00000000000000000000400000000000
000000000000001000010000015A0101
00000000000000000000000000000000
0000000000000010000100000159C115
00000000000000000000000000000000
2000000A300000000000000000000000
00000000000000000000001000000000
00000000000000000000000000000000
00000000000000100001000001554041
00000000000000000000400000000000
000000000000001000010000015A0201
00000000000000000000000000000000
0000000000000010000100000159C215
00000000000000000000000000000000
2000000A300000000000000000000000
00000000000000000000001000000000
00000000000000000000000000000000
00000000000000100001000001554041
00000000000000000000400000000000
000000000000001000010000015A0301
00000000000000000000000000000000
0000000000000010000100000159C315
00000000000000000000000000000000
80000002200000000000000000000000
00000000000000100001040005132000
00000000000000000000000000000000
000000000000001000010000015AC601
00000000000000000000000000000000
1000000A600000020000000000000000
00000000000000101400000000A0C001
00000000000000000000000000000000
0000000A0000018014001009C8A0004C
00000000000000168000000000000000
00000000000000100018000002DD8005
00000000000000000000000000000000
0000000000000010000100000159C015
00000000000000000000000000000000
2000000A300000000000000000000000
00000000000000000000001000000000
00000000000000000000000000000000
00000000000000100001000001554041
00000000000000000000400000000000
000000000000001000010000015A0401
00000000000000000000000000000000
0000000000000010000100000159C415
00000000000000000000000000000000
2000000A300000000000000000000000
00000000000000000000001000000000
00000000000000000000000000000000
00000000000000100001000001554041
00000000000000000000400000000000
000000000000001000010000015A0501
00000000000000000000000000000000
0000000000000010000100000159C515
00000000000000000000000000000000
20000004300000000000000000000000
00000000000000000000024000000000
00000000000000000000000000000000
000000000000001000060000015A0001
00000000000000000000000000000000
000000000000001000010000015A4001
00000000000000000000000000000000
10000002600000010000000000000000
00000000000000101400000000A0C001
00000000000000000000000000000000
000000140000018014001117C8C00008
00000000000000000000000000000000
00000000000000100018000003C18005
00000000000000000000000000000000
10000002600000010000000000000000
00000000000000101400000000A0C001
00000000000000000000000000000000
0000001400000180140011187CD00008
00000000000000000000000000000000
00000000000000100018000003CA8005
00000000000000000000000000000000
1000000A600000020000000000000000
00000000000000101400000000A0C001
00000000000000000000000000000000
0000000A0000018014001090C8B0004C
00000000000000168000000000000000
00000000000000100018000002E68005
00000000000000000000000000000000
0000000000000010000100000159C015
00000000000000000000000000000000
1000000A600000020000000000000000
00000000000000101400000000A0C001
00000000000000000000000000000000
0000000A0000018014001009C8A0004C
00000000000000168000000000000000
00000000000000100018000003038005
00000000000000000000000000000000
0000000000000010000100000159C115
00000000000000000000000000000000
1000000A600000020000000000000000
00000000000000101400000000A0C001
00000000000000000000000000000000
0000000A0000018014001090C8B0004C
00000000000000168000000000000000
000000000000001000180000030C8005
00000000000000000000000000000000
0000000000000010000100000159C115
00000000000000000000000000000000
1000000A600000020000000000000000
00000000000000101400000000A0C001
00000000000000000000000000000000
0000000A0000018014001009C8A0004C
00000000000000168000000000000000
00000000000000100018000003298005
00000000000000000000000000000000
0000000000000010000100000159C215
00000000000000000000000000000000
1000000A600000020000000000000000
00000000000000101400000000A0C001
00000000000000000000000000000000
0000000A0000018014001090C8B0004C
00000000000000168000000000000000
00000000000000100018000003328005
00000000000000000000000000000000
0000000000000010000100000159C215
00000000000000000000000000000000
20000002300000000000000000000000
0000078F394200000000001004000000
00000000000000000000000000000000
000000000000001000010000015A4001
00000000000000000000000000000000
000000000000001000010000015A8001
00000000000000000000000000000000
1000000A600000020000000000000000
00000000000000101400000000A0C001
00000000000000000000000000000000
0000000A0000018014001009C8A0004C
00000000000000168000000000000000
000000000000001000180000034F8005
00000000000000000000000000000000
0000000000000010000100000159C315
00000000000000000000000000000000
1000000A600000020000000000000000
00000000000000101400000000A0C001
00000000000000000000000000000000
0000000A0000018014001090C8B0004C
00000000000000168000000000000000
00000000000000100018000003588005
00000000000000000000000000000000
0000000000000010000100000159C315
00000000000000000000000000000000
1000000A600000020000000000000000
00000000000000101400000000A0C001
00000000000000000000000000000000
0000000A0000018014001009C8A0004C
00000000000000168000000000000000
00000000000000100018000003758005
00000000000000000000000000000000
0000000000000010000100000159C415
00000000000000000000000000000000
1000000A600000020000000000000000
00000000000000101400000000A0C001
00000000000000000000000000000000
0000000A0000018014001090C8B0004C
00000000000000168000000000000000
000000000000001000180000037E8005
00000000000000000000000000000000
0000000000000010000100000159C415
00000000000000000000000000000000
1000000A600000020000000000000000
00000000000000101400000000A0C001
00000000000000000000000000000000
0000000A0000018014001009C8A0004C
00000000000000168000000000000000
000000000000001000180000039B8005
00000000000000000000000000000000
0000000000000010000100000159C515
00000000000000000000000000000000
20004002700000000000000000000000
00000FF00000000000000010C0040000
00000000000000000000000000000000
000000000000001000060000015A0001
00000000000000000000000000000000
000000000000001000060000015A8021
00000000000000000000000000000000
000000000000001000060000015AC001
00000000000000000000000000000000
1000000A600000020000000000000000
00000000000000101400000000A0C001
00000000000000000000000000000000
0000000A0000018014001090C8B0004C
00000000000000168000000000000000
00000000000000100018000003A48005
00000000000000000000000000000000
0000000000000010000100000159C515
00000000000000000000000000000000
20000082F00000000000000000000000
00000000000000000000001A6800C000
00000000000000000000000000001048
00000026000000700018000002DD8001
00000000000000000000000000000000
000000000100007000180000015AC021
00000000000000000000000000000000
00000026000000700018000002E68001
00000000000000000000000000000000
000000090000007000180000015B0001
00000000000000000000000000000000
60400102200000000000000000000000
000000000000001009000000016D0001
00000000000000000000000000000000
000000000000001009000000016D0001
00000000000000000000000000000000
60400002200000000000000000000000
00000000000000100900000001640001
00000000000000000000000000000000
00000000000000100900000001640001
00000000000000000000000000000000
A0000002600000000000000000000000
00000000000000105000000000000001
00000000000000000000000000000000
0000000000000010000110098C700004
00000000000000000000000000000000
00000000000000100018000000A08001
00000000000000000000000000000000
60400002200000000000000000000000
000000000000001009000000015B0001
00000000000000000000000000000000
000000000000001009000000015B0001
00000000000000000000000000000000
1000100A600000020000000000000000
000000000000001009000000015B0001
00000000000000000000000000000000
00000004800003500900111930E0004C
00000000000000168000000000000000
00000000000000100035000002EF8005
00000000000000000000000000000000
0000000000000010000100000159C015
00000000000000000000000000000000
1000000A600000020000000000000000
000000000000001009000000016D0001
00000000000000000000000000000000
00000004800003500900111930E0004C
00000000000000168000000000000000
000000000000001000350000033B8005
00000000000000000000000000000000
0000000000000010000100000159C215
00000000000000000000000000000000
60400002200000000000000000000000
00000000000000100900000001760001
00000000000000000000000000000000
00000000000000100900000001760001
00000000000000000000000000000000
1000000A600000020000000000000000
00000000000000100900000001640001
00000000000000000000000000000000
00000004800003500900111930E0004C
00000000000000168000000000000000
00000000000000100035000003158005
00000000000000000000000000000000
0000000000000010000100000159C115
00000000000000000000000000000000
60400002200000000000000000000000
000000000000001009000000017F0001
00000000000000000000000000000000
000000000000001009000000017F0001
00000000000000000000000000000000
20000082B00000000000000000000000
00000000000000000000001084000000
00000000000000000000000000000000
00000000000000100035000002EF8001
00000000000000000000000000000000
00000000000000100035000003158001
00000000000000000000000000000000
000000000000001000350000019A0001
00000000000000000000000000000000
60400002200000000000000000000000
00000000000000100900000001880001
00000000000000000000000000000000
00000000000000100900000001880001
00000000000000000000000000000000
1000100A600000020000000000000000
00000000000000100900000001880001
00000000000000000000000000000000
00000004800003500900111930E0004C
00000000000000168000000000000000
00000000000000100035000003AD8005
00000000000000000000000000000000
0000000000000010000100000159C515
00000000000000000000000000000000
60400002200000000000000000000000
00000000000000100900000001910001
00000000000000000000000000000000
00000000000000100900000001910001
00000000000000000000000000000000
1000000A600000020000000000000000
00000000000000100900000001760001
00000000000000000000000000000000
00000004800003500900111930E0004C
00000000000000168000000000000000
00000000000000100035000003618005
00000000000000000000000000000000
0000000000000010000100000159C315
00000000000000000000000000000000
20000083B00000000000000000000000
00000000000000000000001085000000
00000000000000000000000000000000
000000000000001000350000019A0001
00000000000000000000000000000000
00000000000000100035000003618001
00000000000000000000000000000000
000000000000001000350000033B8001
00000000000000000000000000000000
000000000000001000350000019A0001
00000000000000000000000000000000
1000000A600000020000000000000000
000000000000001009000000017F0001
00000000000000000000000000000000
00000004800003500900111930E0004C
00000000000000168000000000000000
00000000000000100035000003878005
00000000000000000000000000000000
0000000000000010000100000159C415
00000000000000000000000000000000
20000083B00000000000000000000000
00000000000000000000001085000000
00000000000000000000000000000000
000000000000001000350000019A0001
00000000000000000000000000000000
00000000000000100035000003AD8001
00000000000000000000000000000000
00000000000000100035000003878001
00000000000000000000000000000000
000000000000001000350000019A0001
00000000000000000000000000000000
10001002600000010000000000000000
00000000000000100900000001910001
00000000000000000000000000000000
0000000900000350090011A030F00008
00000000000000000000000000000000
00000000000000100035000003D38005
00000000000000000000000000000000
20000082B00000000000000000000000
00000000000000000000001802000000
00000000000000000000000000000000
000000000000001000350000019A0001
00000000000000000000000000000000
00000000000000100035000003D38001
00000000000000000000000000000000
000000000000001000350000019A0001
00000000000000000000000000000000
60400102200000000000000000000000
000000000000001014000000019A0001
00000000000000000000000000000000
000000000000001014000000019A0001
00000000000000000000000000000000
20000002300000000000000000000000
00000000000000000000001000000000
00000000000000000000000000000000
00000000000000105000000000000001
00000000000000000000000000000000
00000000000000105000000000500001
00000000000000000000000000000000
80800000000000000000000000000000
20010002300000000000000000000000
00000000000000000000001000000000
00000000000000000000000000000000
00000000000000100004000000A08001
00000000000000000000000000000000
00000000000000100004000000A00001
00000000000000000000000000000000
40801102E00000000000000000000000
000000000000001014000000019A0001
00000000000000000000000000000000
00000000000000105000000000500001
00000000000000000000000000000000
00000000000000100014000000A08401
00000000000000000000000000000000
00000000000000105000000000000001
00000000000000000000000000000000
00FFFF80200000000000000000000000
00000000000000000001000003FFF015
00000000000000000000000000000000
80000002200000000000000000000000
00000000000000100018040005134014
00000000000000000000000000000000
000000000000001000180000027A4015
00000000000000000000000000000000
8000000A200000000000000000000000
0000000000000010010011A0E5000048
00000000000000000040000000000000
000000000000001001000000027A8001
00000000000000000000000000000000
000000000000001000010000027A4015
00000000000000000000000000000000
8000000A200000000000000000000000
0000000000000010000828845D300058
00000000000000000008000000000000
00000000000000100008000002928001
00000000000000000000000000000000
000000000000001000010000027A4015
00000000000000000000000000000000
8000000A200000000000000000000000
0000000000000010010011A0E5000048
00000000000000000040000000000000
000000000000001001000000027B8001
00000000000000000000000000000000
000000000000001000010000027A4115
00000000000000000000000000000000
8000000A200000000000000000000000
0000000000000010000828845D300058
00000000000000000008000000000000
00000000000000100008000002928801
00000000000000000000000000000000
000000000000001000010000027A4115
00000000000000000000000000000000
8000000A200000000000000000000000
0000000000000010010011A0E5000048
00000000000000000040000000000000
000000000000001001000000027C8001
00000000000000000000000000000000
000000000000001000010000027A4215
00000000000000000000000000000000
8000000A200000000000000000000000
0000000000000010000828845D300058
00000000000000000008000000000000
00000000000000100008000002929001
00000000000000000000000000000000
000000000000001000010000027A4215
00000000000000000000000000000000
8000000A200000000000000000000000
0000000000000010010011A0E5000048
00000000000000000040000000000000
000000000000001001000000027D8001
00000000000000000000000000000000
000000000000001000010000027A4315
00000000000000000000000000000000
8000000A200000000000000000000000
0000000000000010000828845D300058
00000000000000000008000000000000
00000000000000100008000002929801
00000000000000000000000000000000
000000000000001000010000027A4315
00000000000000000000000000000000
8000000A200000000000000000000000
0000000000000010010011A0E5000048
00000000000000000040000000000000
000000000000001001000000027E8001
00000000000000000000000000000000
000000000000001000010000027A4415
00000000000000000000000000000000
8000000A200000000000000000000000
0000000000000010000828845D300058
00000000000000000008000000000000
0000000000000010000800000292A001
00000000000000000000000000000000
000000000000001000010000027A4415
00000000000000000000000000000000
8000000A200000000000000000000000
0000000000000010010011A0E5000048
00000000000000000040000000000000
000000000000001001000000027F8001
00000000000000000000000000000000
000000000000001000010000027A4515
00000000000000000000000000000000
8000000A200000000000000000000000
0000000000000010000828845D300058
00000000000000000008000000000000
0000000000000010000800000292A801
00000000000000000000000000000000
000000000000001000010000027A4515
00000000000000000000000000000000
8000000A200000000000000000000000
0000000000000010010011A0E5000048
00000000000000000040000000000000
00000000000000100100000002808001
00000000000000000000000000000000
000000000000001000010000027A4615
00000000000000000000000000000000
8000000A200000000000000000000000
0000000000000010000828845D300058
00000000000000000008000000000000
0000000000000010000800000292B001
00000000000000000000000000000000
000000000000001000010000027A4615
00000000000000000000000000000000
8000000A200000000000000000000000
0000000000000010010011A0E5000048
00000000000000000040000000000000
00000000000000100100000002818001
00000000000000000000000000000000
000000000000001000010000027A4715
00000000000000000000000000000000
8000000A200000000000000000000000
0000000000000010000828845D300058
00000000000000000008000000000000
0000000000000010000800000292B801
00000000000000000000000000000000
000000000000001000010000027A4715
00000000000000000000000000000000
8000000A200000000000000000000000
0000000000000010010011A0E5000048
00000000000000000040000000000000
00000000000000100100000002828001
00000000000000000000000000000000
000000000000001000010000027A4815
00000000000000000000000000000000
8000000A200000000000000000000000
0000000000000010000828845D300058
00000000000000000008000000000000
0000000000000010000800000292C001
00000000000000000000000000000000
000000000000001000010000027A4815
00000000000000000000000000000000
8000000A200000000000000000000000
0000000000000010010011A0E5000048
00000000000000000040000000000000
00000000000000100100000002838001
00000000000000000000000000000000
000000000000001000010000027A4915
00000000000000000000000000000000
8000000A200000000000000000000000
0000000000000010000828845D300058
00000000000000000008000000000000
0000000000000010000800000292C801
00000000000000000000000000000000
000000000000001000010000027A4915
00000000000000000000000000000000
8000000A200000000000000000000000
0000000000000010010011A0E5000048
00000000000000000040000000000000
00000000000000100100000002848001
00000000000000000000000000000000
000000000000001000010000027A4A15
00000000000000000000000000000000
8000000A200000000000000000000000
0000000000000010000828845D300058
00000000000000000008000000000000
0000000000000010000800000292D001
00000000000000000000000000000000
000000000000001000010000027A4A15
00000000000000000000000000000000
8000000A200000000000000000000000
0000000000000010010011A0E5000048
00000000000000000040000000000000
00000000000000100100000002858001
00000000000000000000000000000000
000000000000001000010000027A4B15
00000000000000000000000000000000
8000000A200000000000000000000000
0000000000000010000828845D300058
00000000000000000008000000000000
0000000000000010000800000292D801
00000000000000000000000000000000
000000000000001000010000027A4B15
00000000000000000000000000000000
8000000A200000000000000000000000
0000000000000010010011A0E5000048
00000000000000000040000000000000
00000000000000100100000002868001
00000000000000000000000000000000
000000000000001000010000027A4C15
00000000000000000000000000000000
8000000A200000000000000000000000
0000000000000010000828845D300058
00000000000000000008000000000000
0000000000000010000800000292E001
00000000000000000000000000000000
000000000000001000010000027A4C15
00000000000000000000000000000000
8000000A200000000000000000000000
0000000000000010010011A0E5000048
00000000000000000040000000000000
00000000000000100100000002878001
00000000000000000000000000000000
000000000000001000010000027A4D15
00000000000000000000000000000000
8000000A200000000000000000000000
0000000000000010000828845D300058
00000000000000000008000000000000
0000000000000010000800000292E801
00000000000000000000000000000000
000000000000001000010000027A4D15
00000000000000000000000000000000
8000000A200000000000000000000000
0000000000000010010011A0E5000048
00000000000000000040000000000000
00000000000000100100000002888001
00000000000000000000000000000000
000000000000001000010000027A4E15
00000000000000000000000000000000
8000000A200000000000000000000000
0000000000000010000828845D300058
00000000000000000008000000000000
0000000000000010000800000292F001
00000000000000000000000000000000
000000000000001000010000027A4E15
00000000000000000000000000000000
8000000A200000000000000000000000
0000000000000010010011A0E5000048
00000000000000000040000000000000
00000000000000100100000002898001
00000000000000000000000000000000
000000000000001000010000027A4F15
00000000000000000000000000000000
8000000A200000000000000000000000
0000000000000010000828845D300058
00000000000000000008000000000000
0000000000000010000800000292F801
00000000000000000000000000000000
000000000000001000010000027A4F15
00000000000000000000000000000000
8000000A200000000000000000000000
0000000000000010010011A0E5000048
00000000000000000040000000000000
000000000000001001000000028A8001
00000000000000000000000000000000
000000000000001000010000027A5015
00000000000000000000000000000000
8000000A200000000000000000000000
0000000000000010000828845D300058
00000000000000000008000000000000
00000000000000100008000002930001
00000000000000000000000000000000
000000000000001000010000027A5015
00000000000000000000000000000000
8000000A200000000000000000000000
0000000000000010010011A0E5000048
00000000000000000040000000000000
000000000000001001000000028B8001
00000000000000000000000000000000
000000000000001000010000027A5115
00000000000000000000000000000000
8000000A200000000000000000000000
0000000000000010000828845D300058
00000000000000000008000000000000
00000000000000100008000002930801
00000000000000000000000000000000
000000000000001000010000027A5115
00000000000000000000000000000000
8000000A200000000000000000000000
0000000000000010010011A0E5000048
00000000000000000040000000000000
000000000000001001000000028C8001
00000000000000000000000000000000
000000000000001000010000027A5215
00000000000000000000000000000000
8000000A200000000000000000000000
0000000000000010000828845D300058
00000000000000000008000000000000
00000000000000100008000002931001
00000000000000000000000000000000
000000000000001000010000027A5215
00000000000000000000000000000000
8000000A200000000000000000000000
0000000000000010010011A0E5000048
00000000000000000040000000000000
000000000000001001000000028D8001
00000000000000000000000000000000
000000000000001000010000027A5315
00000000000000000000000000000000
8000000A200000000000000000000000
0000000000000010000828845D300058
00000000000000000008000000000000
00000000000000100008000002931801
00000000000000000000000000000000
000000000000001000010000027A5315
00000000000000000000000000000000
8000000A200000000000000000000000
0000000000000010010011A0E5000048
00000000000000000040000000000000
000000000000001001000000028E8001
00000000000000000000000000000000
000000000000001000010000027A5415
00000000000000000000000000000000
8000000A200000000000000000000000
0000000000000010000828845D300058
00000000000000000008000000000000
00000000000000100008000002932001
00000000000000000000000000000000
000000000000001000010000027A5415
00000000000000000000000000000000
8000000A200000000000000000000000
0000000000000010010011A0E5000048
00000000000000000040000000000000
000000000000001001000000028F8001
00000000000000000000000000000000
000000000000001000010000027A5515
00000000000000000000000000000000
8000000A200000000000000000000000
0000000000000010000828845D300058
00000000000000000008000000000000
00000000000000100008000002932801
00000000000000000000000000000000
000000000000001000010000027A5515
00000000000000000000000000000000
8000000A200000000000000000000000
0000000000000010010011A0E5000048
00000000000000000040000000000000
00000000000000100100000002908001
00000000000000000000000000000000
000000000000001000010000027A5615
00000000000000000000000000000000
8000000A200000000000000000000000
0000000000000010000828845D300058
00000000000000000008000000000000
00000000000000100008000002933001
00000000000000000000000000000000
000000000000001000010000027A5615
00000000000000000000000000000000
8000000A200000000000000000000000
0000000000000010010011A0E5000048
00000000000000000040000000000000
00000000000000100100000002918001
00000000000000000000000000000000
000000000000001000010000027A5715
00000000000000000000000000000000
8000000A200000000000000000000000
0000000000000010000828845D300058
00000000000000000008000000000000
00000000000000100008000002933801
00000000000000000000000000000000
000000000000001000010000027A5715
00000000000000000000000000000000
20004002700000000000000000000000
00000000000000000000001800010000
00000000000000000000000000000000
0000000020000C0000200000027A8001
00000000000000000000000000000000
0000000001000C000020000002928021
00000000000000000000000000000000
0000000020000C000020000001AE4001
00000000000000000000000000000000
60400102200000000000000000000000
00000000000000101800000001AE4001
00000000000000000000000000000000
00000000000000101800000001AE4001
00000000000000000000000000000000
10001002600000010000000000000000
00000000000000101800000001AE4001
00000000000000000000000000000000
00000018000010A018002B60CC500008
00000000000000000000000000000000
0000000000000010010A000001C64005
00000000000000000000000000000000
20000004300000000000000000000000
00000000000000000000014000000000
00000000000000000000000000000000
00000014000000401400000000000001
00000000000000000000000000000000
00000000010000400001000002934001
00000000000000000000000000000000
80000002200000000000000000000000
0000000000000010500004000513A000
00000000000000000000000000000000
000000000000001050000000022A4001
00000000000000000000000000000000
80000002200000000000000000000000
00000000000000100500040000A00000
00000000000000000000000000000000
00000000000000100500000000BBC001
00000000000000000000000000000000
20004002700000000000000000000000
00000000000000000000001000010000
00000000000000000000000000000000
00000014000000401400000000000001
00000000000000000000000000000000
000000140000004014000000022A4001
00000000000000000000000000000000
00000014000000401400000000500001
00000000000000000000000000000000
20000002300000000000000000000000
0000078F394211680000001014050000
00000000000000000000000000000000
00000000000000100004000002934001
00000000000000000000000000000000
00000000000000100004000002938001
00000000000000000000000000000000
60400082200000000000000000000000
00000000000000106400000001C64001
00000000000000000000000000000000
00000000000000106400000001C64001
00000000000000000000000000000000
20001004300000000000000000000000
00000000000000000000014000000000
00000000000000000000000000000000
00000014000000401400000001C64001
00000000000000000000000000000000
0000000001000040000100000293C001
00000000000000000000000000000000
20000002300000000000000000000000
0000078F394211680000001014050000
00000000000000000000000000000000
0000000000000010000400000293C001
00000000000000000000000000000000
00000000000000100004000002940001
00000000000000000000000000000000
20000004700000000000000000000000
00000000000000000000004000010000
00000000000000000000000000000000
00000014000000401400000000500001
00000000000000000000000000000000
00000014000000401400000001C64001
00000000000000000000000000000000
00000000010000400001000002948001
00000000000000000000000000000000
20000002700000000000000000000000
00000000000000000000001000010000
00000000000000000000000000000000
00000000000000100004000002938001
00000000000000000000000000000000
00000000000000100004000002940001
00000000000000000000000000000000
00000000000000100004000002944001
00000000000000000000000000000000
20000002700000000000000000000000
0000000000000F193E4B801038110000
00000000000000000000000000000000
00000000000000100004000002948001
00000000000000000000000000000000
00000000000000100004000002944001
00000000000000000000000000000000
0000000000000010000400000294C001
00000000000000000000000000000000
20000002F00000000000000000000000
00000000000000000000001802010000
00000000000000000000000000000000
00000000000000401400000002164001
00000000000000000000000000000000
0000000001000040140000000294C021
00000000000000000000000000000000
00000014000000401400000000000001
00000000000000000000000000000000
00000014000000401400000000000001
00000000000000000000000000000000
40000102E00000001E3CE50800000000
00000000000000105000000000000001
00000000000000000000000000000000
00000000000000101400040000000000
00000000000000000000000000000000
00000000000000100004000000A00001
00000000000000000000000000000000
00000000000000101400000000A0C005
00000000000000000000000000000000
10000402600000010000000000000000
00000000000000101400000000A0C001
00000000000000000000000000000000
000000140000005014002B6A90900008
00000000000000000000000000000000
00000000000000100005000000B9C005
00000000000000000000000000000000
10000002600000010000000000000000
00000000000000101400000000A0C001
00000000000000000000000000000000
00000014000000D014002B6A2C800008
00000000000000000000000000000000
0000000000000010000D000000B4C005
00000000000000000000000000000000
60400082200000000000000000000000
00000000000000100500000000B4C001
00000000000000000000000000000000
00000000000000100500000000B4C001
00000000000000000000000000000000
20001004300000000000000000000000
00000000000000000000214000000000
00000000000000000000000000000000
00000000A000008000A0000000B4C001
00000000000000000000000000000000
00000000000000100001000000C2C001
00000000000000000000000000000000
60400002200000000000000000000000
00000000000000100200000000B9C001
00000000000000000000000000000000
00000000000000100200000000B9C001
00000000000000000000000000000000
80000002200000000000000000000000
00000000000000100200040000B40000
00000000000000000000000000000000
00000000000000100200000000C0C001
00000000000000000000000000000000
20000002300000000000000000000000
0000078F394211280000001014050000
00000000000000000000000000000000
00000000000000100001000000C2C001
00000000000000000000000000000000
00000000000000100001000000C30001
00000000000000000000000000000000
80000002200000000000000000000000
00000000000000100040040000BC0000
00000000000000000000000000000000
00000000000000100040000000D04001
00000000000000000000000000000000
20000002F00000000000000000000000
00000000000000000000001840010000
00000000000000000000000000000000
00000000000000100500000000B4C001
00000000000000000000000000000000
00000000000000100500000000C30021
00000000000000000000000000000000
00000000000000100500000000BBC001
00000000000000000000000000000000
00000000000000100500000000C34001
00000000000000000000000000000000
10000102600000010000000000000000
00000000000000100500000000C34001
00000000000000000000000000000000
000000050000200005002B6AB8A00008
00000000000000000000000000000000
00000000000000100200000000D08005
00000000000000000000000000000000
20001004300000000000000000000000
00000000000000000000214000000000
00000000000000000000000000000000
00000000400000800040000000B9C001
00000000000000000000000000000000
00000000000000100001000000C2C001
00000000000000000000000000000000
20000002300000000000000000000000
0000078F394211000000001014050000
00000000000000000000000000000000
00000000000000100001000000C2C001
00000000000000000000000000000000
00000000000000100001000000C30001
00000000000000000000000000000000
20004002F00000000000000000000000
00000000000000000000001840010000
00000000000000000000000000000000
00000000000000100200000000B9C001
00000000000000000000000000000000
00000000000000100200000000C30021
00000000000000000000000000000000
00000000000000100200000000C0C001
00000000000000000000000000000000
00000000000000100200000000CA4001
00000000000000000000000000000000
20000003700000000000000000000000
00000000000000000000001801610240
00000000000000000000000000000000
00000000000000100040000000CC0001
00000000000000000000000000000000
00000000000000100040000000D04001
00000000000000000000000000000000
00000000000000100040000000D06001
00000000000000000000000000000000
00000000000000100040000000CC0001
00000000000000000000000000000000
41000102200000000000000000000000
00000000000000100200000000CA4001
00000000000000000000000000000000
00000000000000100200000000CC4001
00000000000000000000000000000000
80C00402200000000000000000000000
00000000000000100200000000CC4001
00000000000000000000000000000000
00000008000008000200040000C32000
00000000000000000000000000000000
20000083700000000000000000000000
00000000000000000000001801610240
00000000000000000000000000000000
00000000000000100040000000D24001
00000000000000000000000000000000
00000000000000100040000000D04001
00000000000000000000000000000000
00000000000000100040000000D06001
00000000000000000000000000000000
00000000000000100040000000D24001
00000000000000000000000000000000
50004102600001710000000000000000
00000000000000100200000000D08001
00000000000000000000000000000000
00000008000008000080040000C32000
00000000000000000000000000000000
00000000000000100080000000D28001
00000000000000000000000000000000
20000804300000000000000000000000
0000000000000F4D413CC28000030000
00000000000000000000000000000000
00000000000000100080000000D28001
00000000000000000000000000000000
00000000000000100001000000D50001
00000000000000000000000000000000
20000006700000000000000000000000
0000000000000F4D413CC2500B030000
00000000000000000000000000000000
00000000000000100080000000D28001
00000000000000000000000000000000
00000000000000100080000000D50021
00000000000000000000000000000000
00000000000000100080000000D54001
00000000000000000000000000000000
00000000000000100001000000D7C001
00000000000000000000000000000000
80000002200000000000000000000000
00000000000000100001040000C30000
00000000000000000000000000000000
00000000000000100001000000DA8001
00000000000000000000000000000000
20000002300000000000000000000000
00000000000000000000001800000000
00000000000000000000000000000000
00000000000000100080000000D54001
00000000000000000000000000000000
00000000000000100080000000D80001
00000000000000000000000000000000
50400102600001710000000000000000
00000000000000100080000000D80001
00000000000000000000000000000000
00000008000008000080040000C32000
00000000000000000000000000000000
00000000000000100200000000DB4001
00000000000000000000000000000000
20004002F00000000000000000000000
0000000000000000000000108B000000
00000000000000000000000000000000
00000000000000100001000000DA8001
00000000000000000000000000000000
00000000000000100001000000D50001
00000000000000000000000000000000
00000000000000100001000000D7C001
00000000000000000000000000000000
00000000000000100001000000DB0001
00000000000000000000000000000000
20000802700000000000000000000000
00000000000000000000001800040000
00000000000000000000000000000000
00000000000000100200000000DB4001
00000000000000000000000000000000
00000000000000100200000000DB0021
00000000000000000000000000000000
00000000000000100200000000DF4001
00000000000000000000000000000000
20000003700000000000000000000000
00000000000000000000001801810240
00000000000000000000000000000000
00000000000000100040000000E10001
00000000000000000000000000000000
00000000000000100040000000D04001
00000000000000000000000000000000
00000000000000100040000000D06001
00000000000000000000000000000000
00000000000000100040000000E10001
00000000000000000000000000000000
10000102600000000000000000000000
00000000000000100200000000DF4001
00000000000000000000000000000000
000000200000400002002B6D38B00004
00000000000000000000000000000000
00000000000000100400000000E14001
00000000000000000000000000000000
61000082200000080000000000000000
00000000000000100400000000E14001
00000000000000000000000000000000
00000000000000103000000001114005
00000000000000000000000000000000
A0000002600000000000000000000000
00000000000000105000000000000001
00000000000000000000000000000000
000000000000001000012B6A2C600004
00000000000000000000000000000000
00000000000000100018000000A04001
00000000000000000000000000000000
20000002300000000000000000000000
00000000000000000000001000000000
00000000000000000000000000000000
00000000000000105000000000000001
00000000000000000000000000000000
00000000000000105000000000500001
00000000000000000000000000000000
10001002600000010000000000000000
00000000000000102000000001114001
00000000000000000000000000000000
000000200000035020002B7138C00008
00000000000000000000000000000000
00000000000000100035000001414005
00000000000000000000000000000000
60400082200000000000000000000000
00000000000000101400000001414001
00000000000000000000000000000000
00000000000000101400000001414001
00000000000000000000000000000000
40811102E00000000000000000000000
00000000000000101400000001414001
00000000000000000000000000000000
00000000000000105000000000500001
00000000000000000000000000000000
00000000000000100014000000A04401
00000000000000000000000000000000
00000000000000105000000000000001
00000000000000000000000000000000
40000002E00000001E3CE50800000000
00000000000000105000000000000001
00000000000000000000000000000000
00000000000000101400040000500000
00000000000000000000000000000000
00000000000000100004000000A04001
00000000000000000000000000000000
00000000000000101400000000A0C005
00000000000000000000000000000000
10000402600000000000000000000000
00000000000000101400000000A0C001
00000000000000000000000000000000
000000280000004014002B73B8F00004
00000000000000000000000000000000
00000000000000100004000001554001
00000000000000000000000000000000
20000082300000000000000000000000
00000000000000000000001030000000
00000000000000000000000000000000
00000000000000100004000001554001
00000000000000000000000000000000
00000000000000100004000001554001
00000000000000000000000000000000
60400102200000000000000000000000
00000000000000100180000001554001
00000000000000000000000000000000
00000000000000100180000001554001
00000000000000000000000000000000
80000002200000000000000000000000
00000000000000100180040000BD0000
00000000000000000000000000000000
0000000000000010018000000156C001
00000000000000000000000000000000
20005002B00000000000000000000000
00000000000000000000001002000000
00000000000000000000000000000000
00000000000000100180000001554001
00000000000000000000000000000000
0000000000000010018000000156C001
00000000000000000000000000000000
00000000000000100180000001584001
00000000000000000000000000000000
90800102200010060000000000000000
00000000000000100180000001584001
00000000000000000000000000000000
0000000000000010000600000159C015
00000000000000000000000000000000
2000800A300000000000000000000000
00000000000000000000001000000000
00000000000000000000000000000000
00000000000000100001000001554041
00000000000000000000400000000000
000000000000001000010000015A0001
00000000000000000000000000000000
0000000000000010000100000159C015
00000000000000000000000000000000
2000000A300000000000000000000000
00000000000000000000001000000000
00000000000000000000000000000000
00000000000000100001000001554041
00000000000000000000400000000000
000000000000001000010000015A0101
00000000000000000000000000000000
0000000000000010000100000159C115
00000000000000000000000000000000
2000000A300000000000000000000000
00000000000000000000001000000000
00000000000000000000000000000000
00000000000000100001000001554041
00000000000000000000400000000000
000000000000001000010000015A0201
00000000000000000000000000000000
0000000000000010000100000159C215
00000000000000000000000000000000
2000000A300000000000000000000000
00000000000000000000001000000000
00000000000000000000000000000000
00000000000000100001000001554041
00000000000000000000400000000000
000000000000001000010000015A0301
00000000000000000000000000000000
0000000000000010000100000159C315
00000000000000000000000000000000
80000002200000000000000000000000
00000000000000100001040005132000
00000000000000000000000000000000
000000000000001000010000015AC601
00000000000000000000000000000000
1000000A600000020000000000000000
00000000000000101400000000A0C001
00000000000000000000000000000000
0000000A0000018014002B73F500004C
00000000000000168000000000000000
00000000000000100018000002DD8005
00000000000000000000000000000000
0000000000000010000100000159C015
00000000000000000000000000000000
2000000A300000000000000000000000
00000000000000000000001000000000
00000000000000000000000000000000
00000000000000100001000001554041
00000000000000000000400000000000
000000000000001000010000015A0401
00000000000000000000000000000000
0000000000000010000100000159C415
00000000000000000000000000000000
2000000A300000000000000000000000
00000000000000000000001000000000
00000000000000000000000000000000
00000000000000100001000001554041
00000000000000000000400000000000
000000000000001000010000015A0501
00000000000000000000000000000000
0000000000000010000100000159C515
00000000000000000000000000000000
20000004300000000000000000000000
00000000000000000000024000000000
00000000000000000000000000000000
000000000000001000060000015A0001
00000000000000000000000000000000
000000000000001000010000015A4001
00000000000000000000000000000000
10000002600000010000000000000000
00000000000000101400000000A0C001
00000000000000000000000000000000
000000140000018014002C81F5200008
00000000000000000000000000000000
00000000000000100018000003C18005
00000000000000000000000000000000
10000002600000010000000000000000
00000000000000101400000000A0C001
00000000000000000000000000000000
000000140000018014002C82A9300008
00000000000000000000000000000000
00000000000000100018000003CA8005
00000000000000000000000000000000
1000000A600000020000000000000000
00000000000000101400000000A0C001
00000000000000000000000000000000
0000000A0000018014002BFAF510004C
00000000000000168000000000000000
00000000000000100018000002E68005
00000000000000000000000000000000
0000000000000010000100000159C015
00000000000000000000000000000000
1000000A600000020000000000000000
00000000000000101400000000A0C001
00000000000000000000000000000000
0000000A0000018014002B73F500004C
00000000000000168000000000000000
00000000000000100018000003038005
00000000000000000000000000000000
0000000000000010000100000159C115
00000000000000000000000000000000
1000000A600000020000000000000000
00000000000000101400000000A0C001
00000000000000000000000000000000
0000000A0000018014002BFAF510004C
00000000000000168000000000000000
000000000000001000180000030C8005
00000000000000000000000000000000
0000000000000010000100000159C115
00000000000000000000000000000000
1000000A600000020000000000000000
00000000000000101400000000A0C001
00000000000000000000000000000000
0000000A0000018014002B73F500004C
00000000000000168000000000000000
00000000000000100018000003298005
00000000000000000000000000000000
0000000000000010000100000159C215
00000000000000000000000000000000
1000000A600000020000000000000000
00000000000000101400000000A0C001
00000000000000000000000000000000
0000000A0000018014002BFAF510004C
00000000000000168000000000000000
00000000000000100018000003328005
00000000000000000000000000000000
0000000000000010000100000159C215
00000000000000000000000000000000
20000002300000000000000000000000
0000078F394200000000001004000000
00000000000000000000000000000000
000000000000001000010000015A4001
00000000000000000000000000000000
000000000000001000010000015A8001
00000000000000000000000000000000
1000000A600000020000000000000000
00000000000000101400000000A0C001
00000000000000000000000000000000
0000000A0000018014002B73F500004C
00000000000000168000000000000000
000000000000001000180000034F8005
00000000000000000000000000000000
0000000000000010000100000159C315
00000000000000000000000000000000
1000000A600000020000000000000000
00000000000000101400000000A0C001
00000000000000000000000000000000
0000000A0000018014002BFAF510004C
00000000000000168000000000000000
00000000000000100018000003588005
00000000000000000000000000000000
0000000000000010000100000159C315
00000000000000000000000000000000
1000000A600000020000000000000000
00000000000000101400000000A0C001
00000000000000000000000000000000
0000000A0000018014002B73F500004C
00000000000000168000000000000000
00000000000000100018000003758005
00000000000000000000000000000000
0000000000000010000100000159C415
00000000000000000000000000000000
1000000A600000020000000000000000
00000000000000101400000000A0C001
00000000000000000000000000000000
0000000A0000018014002BFAF510004C
00000000000000168000000000000000
000000000000001000180000037E8005
00000000000000000000000000000000
0000000000000010000100000159C415
00000000000000000000000000000000
1000000A600000020000000000000000
00000000000000101400000000A0C001
00000000000000000000000000000000
0000000A0000018014002B73F500004C
00000000000000168000000000000000
000000000000001000180000039B8005
00000000000000000000000000000000
0000000000000010000100000159C515
00000000000000000000000000000000
20004002700000000000000000000000
00000FF00000000000000010C0040000
00000000000000000000000000000000
000000000000001000060000015A0001
00000000000000000000000000000000
000000000000001000060000015A8021
00000000000000000000000000000000
000000000000001000060000015AC001
00000000000000000000000000000000
1000000A600000020000000000000000
00000000000000101400000000A0C001
00000000000000000000000000000000
0000000A0000018014002BFAF510004C
00000000000000168000000000000000
00000000000000100018000003A48005
00000000000000000000000000000000
0000000000000010000100000159C515
00000000000000000000000000000000
20000082F00000000000000000000000
00000000000000000000001A6800C000
00000000000000000000000000001048
00000026000000700018000002DD8001
00000000000000000000000000000000
000000000100007000180000015AC021
00000000000000000000000000000000
00000026000000700018000002E68001
00000000000000000000000000000000
000000090000007000180000015B0001
00000000000000000000000000000000
60400102200000000000000000000000
000000000000001009000000016D0001
00000000000000000000000000000000
000000000000001009000000016D0001
00000000000000000000000000000000
60400002200000000000000000000000
00000000000000100900000001640001
00000000000000000000000000000000
00000000000000100900000001640001
00000000000000000000000000000000
A0000002600000000000000000000000
00000000000000105000000000000001
00000000000000000000000000000000
000000000000001000012B73B8D00004
00000000000000000000000000000000
00000000000000100018000000A08001
00000000000000000000000000000000
60400002200000000000000000000000
000000000000001009000000015B0001
00000000000000000000000000000000
000000000000001009000000015B0001
00000000000000000000000000000000
1000100A600000020000000000000000
000000000000001009000000015B0001
00000000000000000000000000000000
000000048000035009002C835D40004C
00000000000000168000000000000000
00000000000000100035000002EF8005
00000000000000000000000000000000
0000000000000010000100000159C015
00000000000000000000000000000000
1000000A600000020000000000000000
000000000000001009000000016D0001
00000000000000000000000000000000
000000048000035009002C835D40004C
00000000000000168000000000000000
000000000000001000350000033B8005
00000000000000000000000000000000
0000000000000010000100000159C215
00000000000000000000000000000000
60400002200000000000000000000000
00000000000000100900000001760001
00000000000000000000000000000000
00000000000000100900000001760001
00000000000000000000000000000000
1000000A600000020000000000000000
00000000000000100900000001640001
00000000000000000000000000000000
000000048000035009002C835D40004C
00000000000000168000000000000000
00000000000000100035000003158005
00000000000000000000000000000000
0000000000000010000100000159C115
00000000000000000000000000000000
60400002200000000000000000000000
000000000000001009000000017F0001
00000000000000000000000000000000
000000000000001009000000017F0001
00000000000000000000000000000000
20000082B00000000000000000000000
00000000000000000000001084000000
00000000000000000000000000000000
00000000000000100035000002EF8001
00000000000000000000000000000000
00000000000000100035000003158001
00000000000000000000000000000000
000000000000001000350000019A0001
00000000000000000000000000000000
60400002200000000000000000000000
00000000000000100900000001880001
00000000000000000000000000000000
00000000000000100900000001880001
00000000000000000000000000000000
1000100A600000020000000000000000
00000000000000100900000001880001
00000000000000000000000000000000
000000048000035009002C835D40004C
00000000000000168000000000000000
00000000000000100035000003AD8005
00000000000000000000000000000000
0000000000000010000100000159C515
00000000000000000000000000000000
60400002200000000000000000000000
00000000000000100900000001910001
00000000000000000000000000000000
00000000000000100900000001910001
00000000000000000000000000000000
1000000A600000020000000000000000
00000000000000100900000001760001
00000000000000000000000000000000
000000048000035009002C835D40004C
00000000000000168000000000000000
00000000000000100035000003618005
00000000000000000000000000000000
0000000000000010000100000159C315
00000000000000000000000000000000
20000083B00000000000000000000000
00000000000000000000001085000000
00000000000000000000000000000000
000000000000001000350000019A0001
00000000000000000000000000000000
00000000000000100035000003618001
00000000000000000000000000000000
000000000000001000350000033B8001
00000000000000000000000000000000
000000000000001000350000019A0001
00000000000000000000000000000000
1000000A600000020000000000000000
000000000000001009000000017F0001
00000000000000000000000000000000
000000048000035009002C835D40004C
00000000000000168000000000000000
00000000000000100035000003878005
00000000000000000000000000000000
0000000000000010000100000159C415
00000000000000000000000000000000
20000083B00000000000000000000000
00000000000000000000001085000000
00000000000000000000000000000000
000000000000001000350000019A0001
00000000000000000000000000000000
00000000000000100035000003AD8001
00000000000000000000000000000000
00000000000000100035000003878001
00000000000000000000000000000000
000000000000001000350000019A0001
00000000000000000000000000000000
10001002600000010000000000000000
00000000000000100900000001910001
00000000000000000000000000000000
000000090000035009002D0A5D500008
00000000000000000000000000000000
00000000000000100035000003D38005
00000000000000000000000000000000
20000082B00000000000000000000000
00000000000000000000001802000000
00000000000000000000000000000000
000000000000001000350000019A0001
00000000000000000000000000000000
00000000000000100035000003D38001
00000000000000000000000000000000
000000000000001000350000019A0001
00000000000000000000000000000000
60400102200000000000000000000000
000000000000001014000000019A0001
00000000000000000000000000000000
000000000000001014000000019A0001
00000000000000000000000000000000
20000002300000000000000000000000
00000000000000000000001000000000
00000000000000000000000000000000
00000000000000105000000000000001
00000000000000000000000000000000
00000000000000105000000000500001
00000000000000000000000000000000
80800000000000000000000000000000
20010002300000000000000000000000
00000000000000000000001000000000
00000000000000000000000000000000
00000000000000100004000000A08001
00000000000000000000000000000000
00000000000000100004000000A00001
00000000000000000000000000000000
40801102E00000000000000000000000
000000000000001014000000019A0001
00000000000000000000000000000000
00000000000000105000000000500001
00000000000000000000000000000000
00000000000000100014000000A08401
00000000000000000000000000000000
00000000000000105000000000000001
00000000000000000000000000000000
00FFFF80200000000000000000000000
00000000000000000001000003FFF015
00000000000000000000000000000000
40000002E00000001E3CE50800000000
00000000000000105000000000000001
00000000000000000000000000000000
00000000000000101400040000000000
00000000000000000000000000000000
00000000000000100004000000A00001
00000000000000000000000000000000
00000000000000101400000000A0C005
00000000000000000000000000000000
80000002200000000000000000000000
00000000000000100500040000A00000
00000000000000000000000000000000
00000000000000100500000000BBC001
00000000000000000000000000000000
00000000000000000000000000000000
00000000000000000000000000000000
00000000000000000000000000000000
00000000000000000000000000000000
00000000000000000000000000000000
80000002200000000000000000000000
00000000000000100200040000B40000
00000000000000000000000000000000
00000000000000100200000000C0C001
00000000000000000000000000000000
10000402600000010000000000000000
00000000000000101400000000A0C001
00000000000000000000000000000000
00000014000000D014002D0B11800008
00000000000000000000000000000000
0000000000000010000D000000B4C005
00000000000000000000000000000000
60400082200000000000000000000000
00000000000000100500000000B4C001
00000000000000000000000000000000
00000000000000100500000000B4C001
00000000000000000000000000000000
10000002600000010000000000000000
00000000000000101400000000A0C001
00000000000000000000000000000000
000000140000005014002D0B75900008
00000000000000000000000000000000
00000000000000100005000000B9C005
00000000000000000000000000000000
20001004300000000000000000000000
00000000000000000000214000000000
00000000000000000000000000000000
00000000A000008000A0000000B4C001
00000000000000000000000000000000
00000000000000100001000000C2C001
00000000000000000000000000000000
20000002300000000000000000000000
0000078F394211280000001014050000
00000000000000000000000000000000
00000000000000100001000000C2C001
00000000000000000000000000000000
00000000000000100001000000C30001
00000000000000000000000000000000
60400082200000000000000000000000
00000000000000100200000000B9C001
00000000000000000000000000000000
00000000000000100200000000B9C001
00000000000000000000000000000000
00000000000000000000000000000000
10000002600000000000000000000000
00000000000000101400000000A0C001
00000000000000000000000000000000
00000028000000A014002D0B9DA00004
00000000000000000000000000000000
0000000000000010000A000002950001
00000000000000000000000000000000
20004002F00000000000000000000000
00000000000000000000001840010000
00000000000000000000000000000000
00000000000000100500000000B4C001
00000000000000000000000000000000
00000000000000100500000000C30021
00000000000000000000000000000000
00000000000000100500000000BBC001
00000000000000000000000000000000
00000000000000100500000000C34001
00000000000000000000000000000000
60400002200000000000000000000000
00000000000000100020000002990001
00000000000000000000000000000000
00000000000000100020000002990001
00000000000000000000000000000000
10000102600000010000000000000000
00000000000000100500000000C34001
00000000000000000000000000000000
00000005000002A005002D16C4F00008
00000000000000000000000000000000
0000000000000010002A000002994005
00000000000000000000000000000000
60400082200000000000000000000000
00000000000000101000000002994001
00000000000000000000000000000000
00000000000000101000000002994001
00000000000000000000000000000000
20001004300000000000000000000000
00000000000000000000214000000000
00000000000000000000000000000000
00000000400000800040000000B9C001
00000000000000000000000000000000
00000000000000100001000000C2C001
00000000000000000000000000000000
20000002300000000000000000000000
0000078F394211000000001014050000
00000000000000000000000000000000
00000000000000100001000000C2C001
00000000000000000000000000000000
00000000000000100001000000C30001
00000000000000000000000000000000
20000002F00000000000000000000000
00000000000000000000001840010000
00000000000000000000000000000000
00000000000000100200000000B9C001
00000000000000000000000000000000
00000000000000100200000000C30021
00000000000000000000000000000000
00000000000000100200000000C0C001
00000000000000000000000000000000
00000000000000100200000000CA4001
00000000000000000000000000000000
60400002200000000000000000000000
00000000000000100400000002950001
00000000000000000000000000000000
00000000000000100400000002950001
00000000000000000000000000000000
10000002600000010000000000000000
00000000000000100500000000C34001
00000000000000000000000000000000
000000050000200005002D0C42C00008
00000000000000000000000000000000
00000000000000100200000000D08005
00000000000000000000000000000000
80000002200000000000000000000000
00000000000000100040040000BC0000
00000000000000000000000000000000
00000000000000100040000000D04001
00000000000000000000000000000000
90000000600000000000000000000002
00000000000000101000000002994001
00000000000000000000000000000000
00000000000000100020000002990001
00000000000000000000000000000000
00000000000000000000000000000000
00000000000000000000000000000000
00000000000000000000000000000000
00000000000000000000000000000000
00000000000000000000000000000000
00000000000000000000000000000000
00000000000000000000000000000000
00000000000000000000000000000000
00000000000000000000000000000000
00000000000000000000000000000000
00000000000000000000000000000000
00000000000000000000000000000000
00000000000000000000000000000000
00000000000000000000000000000000
00000000000000000000000000000000
00000000000000000000000000000000
00000000000000000000000000000000
00000000000000000000000000000000
00000000000000000000000000000000
00000000000000000000000000000000
00000000000000000000000000000000
00000000000000000000000000000000
00000000000000000000000000000000
90400000000000020008000000000002
90800000000002000000000000000002
60808002000000000000020000000000
00000000000000100200000002A94015
00000000000000000000000000000000
20004003700000000000000000000000
00000000000000000000001801610240
00000000000000000000000000000000
00000000000000100040000000CC0001
00000000000000000000000000000000
00000000000000100040000000D04001
00000000000000000000000000000000
00000000000000100040000000D06001
00000000000000000000000000000000
00000000000000100040000000CC0001
00000000000000000000000000000000
20000083700000000000000000000000
00000000000000000000001801610240
00000000000000000000000000000000
00000000000000100040000000D24001
00000000000000000000000000000000
00000000000000100040000000D04001
00000000000000000000000000000000
00000000000000100040000000D06001
00000000000000000000000000000000
00000000000000100040000000D24001
00000000000000000000000000000000
41000102200000000000000000000000
00000000000000100200000000CA4001
00000000000000000000000000000000
00000000000000100200000000CC4001
00000000000000000000000000000000
80C00402200000000000000000000000
00000000000000100200000000CC4001
00000000000000000000000000000000
00000008000008000200040000C32000
00000000000000000000000000000000
80000002200000000000000000000000
00000000000000100001040000C30000
00000000000000000000000000000000
00000000000000100001000000DA8001
00000000000000000000000000000000
A0000002600000000000000000000000
00000000000000105000000000000001
00000000000000000000000000000000
000000000000001000012D0B11600004
00000000000000000000000000000000
00000000000000100018000000A04001
00000000000000000000000000000000
20000002300000000000000000000000
00000000000000000000001000000000
00000000000000000000000000000000
00000000000000105000000000000001
00000000000000000000000000000000
00000000000000105000000000500001
00000000000000000000000000000000
80000002200000000000000000000000
00000000000000100180040000BD0000
00000000000000000000000000000000
0000000000000010018000000156C001
00000000000000000000000000000000
80000002200000000000000000000000
00000000000000100001040005132000
00000000000000000000000000000000
000000000000001000010000015AC601
00000000000000000000000000000000
6140000A200000080000020000000040
00000008000000100200020000000000
00000000000000000000000000000000
00000008000000100200080000000000
00000000000000000000000000000000
00000000000000100200000002A94015
00000000000000000000000000000000
50005002E00001710000000000000000
00000000000000100200000000D08001
00000000000000000000000000000000
00000008000008000080040000C32000
00000000000000000000000000000000
00000008000000100200080000000000
00000000000000000000000000000000
00000000000000100280000000D28001
00000000000000000000000000000000
20000804300000000000000000000000
0000000000000F4D413CC28000030000
00000000000000000000000000000000
00000000000000100280000000D28001
00000000000000000000000000000000
00000000000000100001000000D50001
00000000000000000000000000000000
20000006700000000000000000000000
0000000000000F4D413CC2500B030000
00000000000000000000000000000000
00000000000000100280000000D28001
00000000000000000000000000000000
00000000000000100280000000D50021
00000000000000000000000000000000
00000000000000100280000000D54001
00000000000000000000000000000000
00000000000000100001000000D7C001
00000000000000000000000000000000
20000002300000000000000000000000
00000000000000000000001800000000
00000000000000000000000000000000
00000000000000100280000000D54001
00000000000000000000000000000000
00000000000000100280000000D80001
00000000000000000000000000000000
50400102E00001710000000000000000
00000000000000100280000000D80001
00000000000000000000000000000000
00000008000008000080040000C32000
00000000000000000000000000000000
00000008000000100200080000000000
00000000000000000000000000000000
00000000000000100200000000DB4001
00000000000000000000000000000000
20000002F00000000000000000000000
0000000000000000000000108B000000
00000000000000000000000000000000
00000000000000100001000000DA8001
00000000000000000000000000000000
00000000000000100001000000D50001
00000000000000000000000000000000
00000000000000100001000000D7C001
00000000000000000000000000000000
00000000000000100001000000DB0001
00000000000000000000000000000000
20000802700000000000000000000000
00000000000000000000001800040000
00000000000000000000000000000000
00000000000000100200000000DB4001
00000000000000000000000000000000
00000000000000100200000000DB0021
00000000000000000000000000000000
00000000000000100200000000DF4001
00000000000000000000000000000000
20000003700000000000000000000000
00000000000000000000001801810240
00000000000000000000000000000000
00000000000000100040000000E10001
00000000000000000000000000000000
00000000000000100040000000D04001
00000000000000000000000000000000
00000000000000100040000000D06001
00000000000000000000000000000000
00000000000000100040000000E10001
00000000000000000000000000000000
10000102600000000000000000000000
00000000000000100200000000DF4001
00000000000000000000000000000000
000000200000400002002D1715000004
00000000000000000000000000000000
00000000000000100400000000E14001
00000000000000000000000000000000
61000082200000080000000000000000
00000000000000100400000000E14001
00000000000000000000000000000000
00000000000000103000000001114005
00000000000000000000000000000000
10001002600000010000000000000000
00000000000000102000000001114001
00000000000000000000000000000000
000000200000035020002D1B15100008
00000000000000000000000000000000
00000000000000100035000001414005
00000000000000000000000000000000
60400082200000000000000000000000
00000000000000101400000001414001
00000000000000000000000000000000
00000000000000101400000001414001
00000000000000000000000000000000
40811002E00000000000000000000000
00000000000000101400000001414001
00000000000000000000000000000000
00000000000000105000000000500001
00000000000000000000000000000000
00000000000000100014000000A04401
00000000000000000000000000000000
00000000000000105000000000000001
00000000000000000000000000000000
40000002E00000001E3CE50800000000
00000000000000105000000000000001
00000000000000000000000000000000
00000000000000101400040000500000
00000000000000000000000000000000
00000000000000100004000000A04001
00000000000000000000000000000000
00000000000000101400000000A0C005
00000000000000000000000000000000
10000402600000000000000000000000
00000000000000101400000000A0C001
00000000000000000000000000000000
000000280000004014002D1D95400004
00000000000000000000000000000000
00000000000000100004000001554001
00000000000000000000000000000000
20000082300000000000000000000000
00000000000000000000001030000000
00000000000000000000000000000000
00000000000000100004000001554001
00000000000000000000000000000000
00000000000000100004000001554001
00000000000000000000000000000000
10000002600000010000000000000000
00000000000000101400000000A0C001
00000000000000000000000000000000
000000140000018014002E2BD1700008
00000000000000000000000000000000
00000000000000100018000003C18005
00000000000000000000000000000000
60400102200000000000000000000000
00000000000000100180000001554001
00000000000000000000000000000000
00000000000000100180000001554001
00000000000000000000000000000000
10000002600000010000000000000000
00000000000000101400000000A0C001
00000000000000000000000000000000
000000140000018014002E2C85800008
00000000000000000000000000000000
00000000000000100018000003CA8005
00000000000000000000000000000000
A0000002600000000000000000000000
00000000000000105000000000000001
00000000000000000000000000000000
000000000000001000012D1D95200004
00000000000000000000000000000000
00000000000000100018000000A08001
00000000000000000000000000000000
20000002300000000000000000000000
00000000000000000000001000000000
00000000000000000000000000000000
00000000000000105000000000000001
00000000000000000000000000000000
00000000000000105000000000500001
00000000000000000000000000000000
20001002B00000000000000000000000
00000000000000000000001002000000
00000000000000000000000000000000
00000000000000100180000001554001
00000000000000000000000000000000
0000000000000010018000000156C001
00000000000000000000000000000000
00000000000000100180000001584001
00000000000000000000000000000000
90800102200010060000000000000000
00000000000000100180000001584001
00000000000000000000000000000000
0000000000000010000600000159C015
00000000000000000000000000000000
2000800A300000000000000000000000
00000000000000000000001000000000
00000000000000000000000000000000
00000000000000100001000001554041
00000000000000000000400000000000
000000000000001000010000015A0001
00000000000000000000000000000000
0000000000000010000100000159C015
00000000000000000000000000000000
2000000A300000000000000000000000
00000000000000000000001000000000
00000000000000000000000000000000
00000000000000100001000001554041
00000000000000000000400000000000
000000000000001000010000015A0101
00000000000000000000000000000000
0000000000000010000100000159C115
00000000000000000000000000000000
1000000A600000020000000000000000
00000000000000101400000000A0C001
00000000000000000000000000000000
0000000A0000018014002D1DD150004C
00000000000000168000000000000000
00000000000000100018000002DD8005
00000000000000000000000000000000
0000000000000010000100000159C015
00000000000000000000000000000000
2000000A300000000000000000000000
00000000000000000000001000000000
00000000000000000000000000000000
00000000000000100001000001554041
00000000000000000000400000000000
000000000000001000010000015A0201
00000000000000000000000000000000
0000000000000010000100000159C215
00000000000000000000000000000000
2000000A300000000000000000000000
00000000000000000000001000000000
00000000000000000000000000000000
00000000000000100001000001554041
00000000000000000000400000000000
000000000000001000010000015A0301
00000000000000000000000000000000
0000000000000010000100000159C315
00000000000000000000000000000000
1000000A600000020000000000000000
00000000000000101400000000A0C001
00000000000000000000000000000000
0000000A0000018014002DA4D160004C
00000000000000168000000000000000
00000000000000100018000002E68005
00000000000000000000000000000000
0000000000000010000100000159C015
00000000000000000000000000000000
2000000A300000000000000000000000
00000000000000000000001000000000
00000000000000000000000000000000
00000000000000100001000001554041
00000000000000000000400000000000
000000000000001000010000015A0401
00000000000000000000000000000000
0000000000000010000100000159C415
00000000000000000000000000000000
1000000A600000020000000000000000
00000000000000101400000000A0C001
00000000000000000000000000000000
0000000A0000018014002D1DD150004C
00000000000000168000000000000000
00000000000000100018000003038005
00000000000000000000000000000000
0000000000000010000100000159C115
00000000000000000000000000000000
1000000A600000020000000000000000
00000000000000101400000000A0C001
00000000000000000000000000000000
0000000A0000018014002DA4D160004C
00000000000000168000000000000000
000000000000001000180000030C8005
00000000000000000000000000000000
0000000000000010000100000159C115
00000000000000000000000000000000
1000000A600000020000000000000000
00000000000000101400000000A0C001
00000000000000000000000000000000
0000000A0000018014002D1DD150004C
00000000000000168000000000000000
00000000000000100018000003298005
00000000000000000000000000000000
0000000000000010000100000159C215
00000000000000000000000000000000
2000000A300000000000000000000000
00000000000000000000001000000000
00000000000000000000000000000000
00000000000000100001000001554041
00000000000000000000400000000000
000000000000001000010000015A0501
00000000000000000000000000000000
0000000000000010000100000159C515
00000000000000000000000000000000
1000000A600000020000000000000000
00000000000000101400000000A0C001
00000000000000000000000000000000
0000000A0000018014002DA4D160004C
00000000000000168000000000000000
00000000000000100018000003328005
00000000000000000000000000000000
0000000000000010000100000159C215
00000000000000000000000000000000
1000000A600000020000000000000000
00000000000000101400000000A0C001
00000000000000000000000000000000
0000000A0000018014002D1DD150004C
00000000000000168000000000000000
000000000000001000180000034F8005
00000000000000000000000000000000
0000000000000010000100000159C315
00000000000000000000000000000000
1000000A600000020000000000000000
00000000000000101400000000A0C001
00000000000000000000000000000000
0000000A0000018014002DA4D160004C
00000000000000168000000000000000
00000000000000100018000003588005
00000000000000000000000000000000
0000000000000010000100000159C315
00000000000000000000000000000000
20000004300000000000000000000000
00000000000000000000024000000000
00000000000000000000000000000000
000000000000001000060000015A0001
00000000000000000000000000000000
000000000000001000010000015A4001
00000000000000000000000000000000
1000000A600000020000000000000000
00000000000000101400000000A0C001
00000000000000000000000000000000
0000000A0000018014002D1DD150004C
00000000000000168000000000000000
00000000000000100018000003758005
00000000000000000000000000000000
0000000000000010000100000159C415
00000000000000000000000000000000
1000000A600000020000000000000000
00000000000000101400000000A0C001
00000000000000000000000000000000
0000000A0000018014002DA4D160004C
00000000000000168000000000000000
000000000000001000180000037E8005
00000000000000000000000000000000
0000000000000010000100000159C415
00000000000000000000000000000000
1000000A600000020000000000000000
00000000000000101400000000A0C001
00000000000000000000000000000000
0000000A0000018014002D1DD150004C
00000000000000168000000000000000
000000000000001000180000039B8005
00000000000000000000000000000000
0000000000000010000100000159C515
00000000000000000000000000000000
1000000A600000020000000000000000
00000000000000101400000000A0C001
00000000000000000000000000000000
0000000A0000018014002DA4D160004C
00000000000000168000000000000000
00000000000000100018000003A48005
00000000000000000000000000000000
0000000000000010000100000159C515
00000000000000000000000000000000
20000002300000000000000000000000
0000078F394200000000001004000000
00000000000000000000000000000000
000000000000001000010000015A4001
00000000000000000000000000000000
000000000000001000010000015A8001
00000000000000000000000000000000
20000002700000000000000000000000
00000FF00000000000000010C0040000
00000000000000000000000000000000
000000000000001000060000015A0001
00000000000000000000000000000000
000000000000001000060000015A8021
00000000000000000000000000000000
000000000000001000060000015AC001
00000000000000000000000000000000
20000082F00000000000000000000000
00000000000000000000001A6800C000
00000000000000000000000000001048
00000026000000700018000002DD8001
00000000000000000000000000000000
000000000100007000180000015AC021
00000000000000000000000000000000
00000026000000700018000002E68001
00000000000000000000000000000000
000000090000007000180000015B0001
00000000000000000000000000000000
80800000000000000000000000000000
60400102200000000000000000000000
000000000000001009000000015B0001
00000000000000000000000000000000
000000000000001009000000015B0001
00000000000000000000000000000000
1000100A600000020000000000000000
000000000000001009000000015B0001
00000000000000000000000000000000
000000048000035009002E2D3990004C
00000000000000168000000000000000
00000000000000100035000002EF8005
00000000000000000000000000000000
0000000000000010000100000159C015
00000000000000000000000000000000
60400002200000000000000000000000
00000000000000100900000001640001
00000000000000000000000000000000
00000000000000100900000001640001
00000000000000000000000000000000
1000100A600000020000000000000000
00000000000000100900000001640001
00000000000000000000000000000000
000000048000035009002E2D3990004C
00000000000000168000000000000000
00000000000000100035000003158005
00000000000000000000000000000000
0000000000000010000100000159C115
00000000000000000000000000000000
60400002200000000000000000000000
000000000000001009000000016D0001
00000000000000000000000000000000
000000000000001009000000016D0001
00000000000000000000000000000000
20010002300000000000000000000000
00000000000000000000001000000000
00000000000000000000000000000000
00000000000000100004000000A08001
00000000000000000000000000000000
00000000000000100004000000A00001
00000000000000000000000000000000
20000082B00000000000000000000000
00000000000000000000001084000000
00000000000000000000000000000000
00000000000000100035000002EF8001
00000000000000000000000000000000
00000000000000100035000003158001
00000000000000000000000000000000
000000000000001000350000019A0001
00000000000000000000000000000000
60400002200000000000000000000000
00000000000000100900000001760001
00000000000000000000000000000000
00000000000000100900000001760001
00000000000000000000000000000000
60400002200000000000000000000000
000000000000001009000000017F0001
00000000000000000000000000000000
000000000000001009000000017F0001
00000000000000000000000000000000
60400002200000000000000000000000
00000000000000100900000001880001
00000000000000000000000000000000
00000000000000100900000001880001
00000000000000000000000000000000
1000100A600000020000000000000000
000000000000001009000000016D0001
00000000000000000000000000000000
000000048000035009002E2D3990004C
00000000000000168000000000000000
000000000000001000350000033B8005
00000000000000000000000000000000
0000000000000010000100000159C215
00000000000000000000000000000000
1000000A600000020000000000000000
00000000000000100900000001760001
00000000000000000000000000000000
000000048000035009002E2D3990004C
00000000000000168000000000000000
00000000000000100035000003618005
00000000000000000000000000000000
0000000000000010000100000159C315
00000000000000000000000000000000
60400002200000000000000000000000
00000000000000100900000001910001
00000000000000000000000000000000
00000000000000100900000001910001
00000000000000000000000000000000
20000083B00000000000000000000000
00000000000000000000001085000000
00000000000000000000000000000000
000000000000001000350000019A0001
00000000000000000000000000000000
00000000000000100035000003618001
00000000000000000000000000000000
000000000000001000350000033B8001
00000000000000000000000000000000
000000000000001000350000019A0001
00000000000000000000000000000000
1000000A600000020000000000000000
000000000000001009000000017F0001
00000000000000000000000000000000
000000048000035009002E2D3990004C
00000000000000168000000000000000
00000000000000100035000003878005
00000000000000000000000000000000
0000000000000010000100000159C415
00000000000000000000000000000000
1000000A600000020000000000000000
00000000000000100900000001880001
00000000000000000000000000000000
000000048000035009002E2D3990004C
00000000000000168000000000000000
00000000000000100035000003AD8005
00000000000000000000000000000000
0000000000000010000100000159C515
00000000000000000000000000000000
20000083B00000000000000000000000
00000000000000000000001085000000
00000000000000000000000000000000
000000000000001000350000019A0001
00000000000000000000000000000000
00000000000000100035000003AD8001
00000000000000000000000000000000
00000000000000100035000003878001
00000000000000000000000000000000
000000000000001000350000019A0001
00000000000000000000000000000000
10001002600000010000000000000000
00000000000000100900000001910001
00000000000000000000000000000000
000000090000035009002EB439A00008
00000000000000000000000000000000
00000000000000100035000003D38005
00000000000000000000000000000000
20000082B00000000000000000000000
00000000000000000000001802000000
00000000000000000000000000000000
000000000000001000350000019A0001
00000000000000000000000000000000
00000000000000100035000003D38001
00000000000000000000000000000000
000000000000001000350000019A0001
00000000000000000000000000000000
60400102200000000000000000000000
000000000000001014000000019A0001
00000000000000000000000000000000
000000000000001014000000019A0001
00000000000000000000000000000000
40801002E00000000000000000000000
000000000000001014000000019A0001
00000000000000000000000000000000
00000000000000105000000000500001
00000000000000000000000000000000
00000000000000100014000000A08401
00000000000000000000000000000000
00000000000000105000000000000001
00000000000000000000000000000000
00FFFF80200000000000000000000000
00000000000000000001000003FFF015
00000000000000000000000000000000
40000002E00000001E3CE50800000000
00000000000000105000000000000001
00000000000000000000000000000000
00000000000000101400040000000000
00000000000000000000000000000000
00000000000000100004000000A00001
00000000000000000000000000000000
00000000000000101400000000A0C005
00000000000000000000000000000000
10000402600000010000000000000000
00000000000000101400000000A0C001
00000000000000000000000000000000
000000140000005014002EB551E00008
00000000000000000000000000000000
00000000000000100005000000B9C005
00000000000000000000000000000000
10000002600000010000000000000000
00000000000000101400000000A0C001
00000000000000000000000000000000
00000014000000D014002EB4EDD00008
00000000000000000000000000000000
0000000000000010000D000000B4C005
00000000000000000000000000000000
60400082200000000000000000000000
00000000000000100500000000B4C001
00000000000000000000000000000000
00000000000000100500000000B4C001
00000000000000000000000000000000
20001004300000000000000000000000
00000000000000000000214000000000
00000000000000000000000000000000
00000000A000008000A0000000B4C001
00000000000000000000000000000000
00000000000000100001000000C2C001
00000000000000000000000000000000
80000002200000000000000000000000
00000000000000100500040000A00000
00000000000000000000000000000000
00000000000000100500000000BBC001
00000000000000000000000000000000
60400002200000000000000000000000
00000000000000100200000000B9C001
00000000000000000000000000000000
00000000000000100200000000B9C001
00000000000000000000000000000000
80000002200000000000000000000000
00000000000000100200040000B40000
00000000000000000000000000000000
00000000000000100200000000C0C001
00000000000000000000000000000000
20000002300000000000000000000000
0000078F394211280000001014050000
00000000000000000000000000000000
00000000000000100001000000C2C001
00000000000000000000000000000000
00000000000000100001000000C30001
00000000000000000000000000000000
80000002200000000000000000000000
00000000000000100040040000BC0000
00000000000000000000000000000000
00000000000000100040000000D04001
00000000000000000000000000000000
20004002F00000000000000000000000
00000000000000000000001840010000
00000000000000000000000000000000
00000000000000100500000000B4C001
00000000000000000000000000000000
00000000000000100500000000C30021
00000000000000000000000000000000
00000000000000100500000000BBC001
00000000000000000000000000000000
00000000000000100500000000C34001
00000000000000000000000000000000
10000102600000010000000000000000
00000000000000100500000000C34001
00000000000000000000000000000000
000000050000200005002EB579F00008
00000000000000000000000000000000
00000000000000100200000000D08005
00000000000000000000000000000000
20001004300000000000000000000000
00000000000000000000214000000000
00000000000000000000000000000000
00000000400000800040000000B9C001
00000000000000000000000000000000
00000000000000100001000000C2C001
00000000000000000000000000000000
20000002300000000000000000000000
0000078F394211000000001014050000
00000000000000000000000000000000
00000000000000100001000000C2C001
00000000000000000000000000000000
00000000000000100001000000C30001
00000000000000000000000000000000
20000002F00000000000000000000000
00000000000000000000001840010000
00000000000000000000000000000000
00000000000000100200000000B9C001
00000000000000000000000000000000
00000000000000100200000000C30021
00000000000000000000000000000000
00000000000000100200000000C0C001
00000000000000000000000000000000
00000000000000100200000000CA4001
00000000000000000000000000000000
20000003700000000000000000000000
00000000000000000000001801610240
00000000000000000000000000000000
00000000000000100040000000CC0001
00000000000000000000000000000000
00000000000000100040000000D04001
00000000000000000000000000000000
00000000000000100040000000D06001
00000000000000000000000000000000
00000000000000100040000000CC0001
00000000000000000000000000000000
41000102200000000000000000000000
00000000000000100200000000CA4001
00000000000000000000000000000000
00000000000000100200000000CC4001
00000000000000000000000000000000
80C00402200000000000000000000000
00000000000000100200000000CC4001
00000000000000000000000000000000
00000008000008000200040000C32000
00000000000000000000000000000000
20000083700000000000000000000000
00000000000000000000001801610240
00000000000000000000000000000000
00000000000000100040000000D24001
00000000000000000000000000000000
00000000000000100040000000D04001
00000000000000000000000000000000
00000000000000100040000000D06001
00000000000000000000000000000000
00000000000000100040000000D24001
00000000000000000000000000000000
50004102E00001710000000000000000
00000000000000100200000000D08001
00000000000000000000000000000000
00000008000008000080040000C32000
00000000000000000000000000000000
00000008000000100200080000000000
00000000000000000000000000000000
00000000000000100280000000D28001
00000000000000000000000000000000
20000804300000000000000000000000
0000000000000F4D413CC28000030000
00000000000000000000000000000000
00000000000000100280000000D28001
00000000000000000000000000000000
00000000000000100001000000D50001
00000000000000000000000000000000
20000006700000000000000000000000
0000000000000F4D413CC2500B030000
00000000000000000000000000000000
00000000000000100280000000D28001
00000000000000000000000000000000
00000000000000100280000000D50021
00000000000000000000000000000000
00000000000000100280000000D54001
00000000000000000000000000000000
00000000000000100001000000D7C001
00000000000000000000000000000000
80000002200000000000000000000000
00000000000000100001040000C30000
00000000000000000000000000000000
00000000000000100001000000DA8001
00000000000000000000000000000000
20000002300000000000000000000000
00000000000000000000001800000000
00000000000000000000000000000000
00000000000000100280000000D54001
00000000000000000000000000000000
00000000000000100280000000D80001
00000000000000000000000000000000
50400102E00001710000000000000000
00000000000000100280000000D80001
00000000000000000000000000000000
00000008000008000080040000C32000
00000000000000000000000000000000
00000008000000100200080000000000
00000000000000000000000000000000
00000000000000100200000000DB4001
00000000000000000000000000000000
20004002F00000000000000000000000
0000000000000000000000108B000000
00000000000000000000000000000000
00000000000000100001000000DA8001
00000000000000000000000000000000
00000000000000100001000000D50001
00000000000000000000000000000000
00000000000000100001000000D7C001
00000000000000000000000000000000
00000000000000100001000000DB0001
00000000000000000000000000000000
20000802700000000000000000000000
00000000000000000000001800040000
00000000000000000000000000000000
00000000000000100200000000DB4001
00000000000000000000000000000000
00000000000000100200000000DB0021
00000000000000000000000000000000
00000000000000100200000000DF4001
00000000000000000000000000000000
20000003700000000000000000000000
00000000000000000000001801810240
00000000000000000000000000000000
00000000000000100040000000E10001
00000000000000000000000000000000
00000000000000100040000000D04001
00000000000000000000000000000000
00000000000000100040000000D06001
00000000000000000000000000000000
00000000000000100040000000E10001
00000000000000000000000000000000
10000102600000000000000000000000
00000000000000100200000000DF4001
00000000000000000000000000000000
000000200000400002002EB7FA000004
00000000000000000000000000000000
00000000000000100400000000E14001
00000000000000000000000000000000
61000082200000080000000000000000
00000000000000100400000000E14001
00000000000000000000000000000000
00000000000000103000000001114005
00000000000000000000000000000000
A0000002600000000000000000000000
00000000000000105000000000000001
00000000000000000000000000000000
000000000000001000012EB4EDB00004
00000000000000000000000000000000
00000000000000100018000000A04001
00000000000000000000000000000000
20000002300000000000000000000000
00000000000000000000001000000000
00000000000000000000000000000000
00000000000000105000000000000001
00000000000000000000000000000000
00000000000000105000000000500001
00000000000000000000000000000000
10001002600000010000000000000000
00000000000000102000000001114001
00000000000000000000000000000000
000000200000035020002EBBFA100008
00000000000000000000000000000000
00000000000000100035000001414005
00000000000000000000000000000000
60400082200000000000000000000000
00000000000000101400000001414001
00000000000000000000000000000000
00000000000000101400000001414001
00000000000000000000000000000000
40811102E00000000000000000000000
00000000000000101400000001414001
00000000000000000000000000000000
00000000000000105000000000500001
00000000000000000000000000000000
00000000000000100014000000A04401
00000000000000000000000000000000
00000000000000105000000000000001
00000000000000000000000000000000
40000002E00000001E3CE50800000000
00000000000000105000000000000001
00000000000000000000000000000000
00000000000000101400040000500000
00000000000000000000000000000000
00000000000000100004000000A04001
00000000000000000000000000000000
00000000000000101400000000A0C005
00000000000000000000000000000000
10000402600000000000000000000000
00000000000000101400000000A0C001
00000000000000000000000000000000
000000280000004014002EBE7A400004
00000000000000000000000000000000
00000000000000100004000001554001
00000000000000000000000000000000
20000082300000000000000000000000
00000000000000000000001030000000
00000000000000000000000000000000
00000000000000100004000001554001
00000000000000000000000000000000
00000000000000100004000001554001
00000000000000000000000000000000
60400102200000000000000000000000
00000000000000100180000001554001
00000000000000000000000000000000
00000000000000100180000001554001
00000000000000000000000000000000
80000002200000000000000000000000
00000000000000100180040000BD0000
00000000000000000000000000000000
0000000000000010018000000156C001
00000000000000000000000000000000
20005002B00000000000000000000000
00000000000000000000001002000000
00000000000000000000000000000000
00000000000000100180000001554001
00000000000000000000000000000000
0000000000000010018000000156C001
00000000000000000000000000000000
00000000000000100180000001584001
00000000000000000000000000000000
90800102200010060000000000000000
00000000000000100180000001584001
00000000000000000000000000000000
0000000000000010000600000159C015
00000000000000000000000000000000
2000800A300000000000000000000000
00000000000000000000001000000000
00000000000000000000000000000000
00000000000000100001000001554041
00000000000000000000400000000000
000000000000001000010000015A0001
00000000000000000000000000000000
0000000000000010000100000159C015
00000000000000000000000000000000
2000000A300000000000000000000000
00000000000000000000001000000000
00000000000000000000000000000000
00000000000000100001000001554041
00000000000000000000400000000000
000000000000001000010000015A0101
00000000000000000000000000000000
0000000000000010000100000159C115
00000000000000000000000000000000
2000000A300000000000000000000000
00000000000000000000001000000000
00000000000000000000000000000000
00000000000000100001000001554041
00000000000000000000400000000000
000000000000001000010000015A0201
00000000000000000000000000000000
0000000000000010000100000159C215
00000000000000000000000000000000
2000000A300000000000000000000000
00000000000000000000001000000000
00000000000000000000000000000000
00000000000000100001000001554041
00000000000000000000400000000000
000000000000001000010000015A0301
00000000000000000000000000000000
0000000000000010000100000159C315
00000000000000000000000000000000
80000002200000000000000000000000
00000000000000100001040005132000
00000000000000000000000000000000
000000000000001000010000015AC601
00000000000000000000000000000000
1000000A600000020000000000000000
00000000000000101400000000A0C001
00000000000000000000000000000000
0000000A0000018014002EBEB650004C
00000000000000168000000000000000
00000000000000100018000002DD8005
00000000000000000000000000000000
0000000000000010000100000159C015
00000000000000000000000000000000
2000000A300000000000000000000000
00000000000000000000001000000000
00000000000000000000000000000000
00000000000000100001000001554041
00000000000000000000400000000000
000000000000001000010000015A0401
00000000000000000000000000000000
0000000000000010000100000159C415
00000000000000000000000000000000
2000000A300000000000000000000000
00000000000000000000001000000000
00000000000000000000000000000000
00000000000000100001000001554041
00000000000000000000400000000000
000000000000001000010000015A0501
00000000000000000000000000000000
0000000000000010000100000159C515
00000000000000000000000000000000
20000004300000000000000000000000
00000000000000000000024000000000
00000000000000000000000000000000
000000000000001000060000015A0001
00000000000000000000000000000000
000000000000001000010000015A4001
00000000000000000000000000000000
10000002600000010000000000000000
00000000000000101400000000A0C001
00000000000000000000000000000000
000000140000018014002FCCB6700008
00000000000000000000000000000000
00000000000000100018000003C18005
00000000000000000000000000000000
10000002600000010000000000000000
00000000000000101400000000A0C001
00000000000000000000000000000000
000000140000018014002FCD6A800008
00000000000000000000000000000000
00000000000000100018000003CA8005
00000000000000000000000000000000
1000000A600000020000000000000000
00000000000000101400000000A0C001
00000000000000000000000000000000
0000000A0000018014002F45B660004C
00000000000000168000000000000000
00000000000000100018000002E68005
00000000000000000000000000000000
0000000000000010000100000159C015
00000000000000000000000000000000
1000000A600000020000000000000000
00000000000000101400000000A0C001
00000000000000000000000000000000
0000000A0000018014002EBEB650004C
00000000000000168000000000000000
00000000000000100018000003038005
00000000000000000000000000000000
0000000000000010000100000159C115
00000000000000000000000000000000
1000000A600000020000000000000000
00000000000000101400000000A0C001
00000000000000000000000000000000
0000000A0000018014002F45B660004C
00000000000000168000000000000000
000000000000001000180000030C8005
00000000000000000000000000000000
0000000000000010000100000159C115
00000000000000000000000000000000
1000000A600000020000000000000000
00000000000000101400000000A0C001
00000000000000000000000000000000
0000000A0000018014002EBEB650004C
00000000000000168000000000000000
00000000000000100018000003298005
00000000000000000000000000000000
0000000000000010000100000159C215
00000000000000000000000000000000
1000000A600000020000000000000000
00000000000000101400000000A0C001
00000000000000000000000000000000
0000000A0000018014002F45B660004C
00000000000000168000000000000000
00000000000000100018000003328005
00000000000000000000000000000000
0000000000000010000100000159C215
00000000000000000000000000000000
20000002300000000000000000000000
0000078F394200000000001004000000
00000000000000000000000000000000
000000000000001000010000015A4001
00000000000000000000000000000000
000000000000001000010000015A8001
00000000000000000000000000000000
1000000A600000020000000000000000
00000000000000101400000000A0C001
00000000000000000000000000000000
0000000A0000018014002EBEB650004C
00000000000000168000000000000000
000000000000001000180000034F8005
00000000000000000000000000000000
0000000000000010000100000159C315
00000000000000000000000000000000
1000000A600000020000000000000000
00000000000000101400000000A0C001
00000000000000000000000000000000
0000000A0000018014002F45B660004C
00000000000000168000000000000000
00000000000000100018000003588005
00000000000000000000000000000000
0000000000000010000100000159C315
00000000000000000000000000000000
1000000A600000020000000000000000
00000000000000101400000000A0C001
00000000000000000000000000000000
0000000A0000018014002EBEB650004C
00000000000000168000000000000000
00000000000000100018000003758005
00000000000000000000000000000000
0000000000000010000100000159C415
00000000000000000000000000000000
1000000A600000020000000000000000
00000000000000101400000000A0C001
00000000000000000000000000000000
0000000A0000018014002F45B660004C
00000000000000168000000000000000
000000000000001000180000037E8005
00000000000000000000000000000000
0000000000000010000100000159C415
00000000000000000000000000000000
1000000A600000020000000000000000
00000000000000101400000000A0C001
00000000000000000000000000000000
0000000A0000018014002EBEB650004C
00000000000000168000000000000000
000000000000001000180000039B8005
00000000000000000000000000000000
0000000000000010000100000159C515
00000000000000000000000000000000
20004002700000000000000000000000
00000FF00000000000000010C0040000
00000000000000000000000000000000
000000000000001000060000015A0001
00000000000000000000000000000000
000000000000001000060000015A8021
00000000000000000000000000000000
000000000000001000060000015AC001
00000000000000000000000000000000
1000000A600000020000000000000000
00000000000000101400000000A0C001
00000000000000000000000000000000
0000000A0000018014002F45B660004C
00000000000000168000000000000000
00000000000000100018000003A48005
00000000000000000000000000000000
0000000000000010000100000159C515
00000000000000000000000000000000
20000082F00000000000000000000000
00000000000000000000001A6800C000
00000000000000000000000000001048
00000026000000700018000002DD8001
00000000000000000000000000000000
000000000100007000180000015AC021
00000000000000000000000000000000
00000026000000700018000002E68001
00000000000000000000000000000000
000000090000007000180000015B0001
00000000000000000000000000000000
60400102200000000000000000000000
000000000000001009000000016D0001
00000000000000000000000000000000
000000000000001009000000016D0001
00000000000000000000000000000000
60400002200000000000000000000000
00000000000000100900000001640001
00000000000000000000000000000000
00000000000000100900000001640001
00000000000000000000000000000000
A0000002600000000000000000000000
00000000000000105000000000000001
00000000000000000000000000000000
000000000000001000012EBE7A200004
00000000000000000000000000000000
00000000000000100018000000A08001
00000000000000000000000000000000
60400002200000000000000000000000
000000000000001009000000015B0001
00000000000000000000000000000000
000000000000001009000000015B0001
00000000000000000000000000000000
1000100A600000020000000000000000
000000000000001009000000015B0001
00000000000000000000000000000000
000000048000035009002FCE1E90004C
00000000000000168000000000000000
00000000000000100035000002EF8005
00000000000000000000000000000000
0000000000000010000100000159C015
00000000000000000000000000000000
1000000A600000020000000000000000
000000000000001009000000016D0001
00000000000000000000000000000000
000000048000035009002FCE1E90004C
00000000000000168000000000000000
000000000000001000350000033B8005
00000000000000000000000000000000
0000000000000010000100000159C215
00000000000000000000000000000000
60400002200000000000000000000000
00000000000000100900000001760001
00000000000000000000000000000000
00000000000000100900000001760001
00000000000000000000000000000000
1000000A600000020000000000000000
00000000000000100900000001640001
00000000000000000000000000000000
000000048000035009002FCE1E90004C
00000000000000168000000000000000
00000000000000100035000003158005
00000000000000000000000000000000
0000000000000010000100000159C115
00000000000000000000000000000000
60400002200000000000000000000000
000000000000001009000000017F0001
00000000000000000000000000000000
000000000000001009000000017F0001
00000000000000000000000000000000
20000082B00000000000000000000000
00000000000000000000001084000000
00000000000000000000000000000000
00000000000000100035000002EF8001
00000000000000000000000000000000
00000000000000100035000003158001
00000000000000000000000000000000
000000000000001000350000019A0001
00000000000000000000000000000000
60400002200000000000000000000000
00000000000000100900000001880001
00000000000000000000000000000000
00000000000000100900000001880001
00000000000000000000000000000000
1000100A600000020000000000000000
00000000000000100900000001880001
00000000000000000000000000000000
000000048000035009002FCE1E90004C
00000000000000168000000000000000
00000000000000100035000003AD8005
00000000000000000000000000000000
0000000000000010000100000159C515
00000000000000000000000000000000
60400002200000000000000000000000
00000000000000100900000001910001
00000000000000000000000000000000
00000000000000100900000001910001
00000000000000000000000000000000
1000000A600000020000000000000000
00000000000000100900000001760001
00000000000000000000000000000000
000000048000035009002FCE1E90004C
00000000000000168000000000000000
00000000000000100035000003618005
00000000000000000000000000000000
0000000000000010000100000159C315
00000000000000000000000000000000
20000083B00000000000000000000000
00000000000000000000001085000000
00000000000000000000000000000000
000000000000001000350000019A0001
00000000000000000000000000000000
00000000000000100035000003618001
00000000000000000000000000000000
000000000000001000350000033B8001
00000000000000000000000000000000
000000000000001000350000019A0001
00000000000000000000000000000000
1000000A600000020000000000000000
000000000000001009000000017F0001
00000000000000000000000000000000
000000048000035009002FCE1E90004C
00000000000000168000000000000000
00000000000000100035000003878005
00000000000000000000000000000000
0000000000000010000100000159C415
00000000000000000000000000000000
20000083B00000000000000000000000
00000000000000000000001085000000
00000000000000000000000000000000
000000000000001000350000019A0001
00000000000000000000000000000000
00000000000000100035000003AD8001
00000000000000000000000000000000
00000000000000100035000003878001
00000000000000000000000000000000
000000000000001000350000019A0001
00000000000000000000000000000000
10001002600000010000000000000000
00000000000000100900000001910001
00000000000000000000000000000000
0000000900000350090030551EA00008
00000000000000000000000000000000
00000000000000100035000003D38005
00000000000000000000000000000000
20000082B00000000000000000000000
00000000000000000000001802000000
00000000000000000000000000000000
000000000000001000350000019A0001
00000000000000000000000000000000
00000000000000100035000003D38001
00000000000000000000000000000000
000000000000001000350000019A0001
00000000000000000000000000000000
60400102200000000000000000000000
000000000000001014000000019A0001
00000000000000000000000000000000
000000000000001014000000019A0001
00000000000000000000000000000000
20000002300000000000000000000000
00000000000000000000001000000000
00000000000000000000000000000000
00000000000000105000000000000001
00000000000000000000000000000000
00000000000000105000000000500001
00000000000000000000000000000000
80800000000000000000000000000000
20010002300000000000000000000000
00000000000000000000001000000000
00000000000000000000000000000000
00000000000000100004000000A08001
00000000000000000000000000000000
00000000000000100004000000A00001
00000000000000000000000000000000
40801102E00000000000000000000000
000000000000001014000000019A0001
00000000000000000000000000000000
00000000000000105000000000500001
00000000000000000000000000000000
00000000000000100014000000A08401
00000000000000000000000000000000
00000000000000105000000000000001
00000000000000000000000000000000
00FFFF80200000000000000000000000
00000000000000000001000003FFF015
00000000000000000000000000000000
40000002E00000001E3CE50800000000
00000000000000105000000000000001
00000000000000000000000000000000
00000000000000101400040000000000
00000000000000000000000000000000
00000000000000100004000000A00001
00000000000000000000000000000000
00000000000000101400000000A0C005
00000000000000000000000000000000
10000402600000010000000000000000
00000000000000101400000000A0C001
00000000000000000000000000000000
00000014000000501400305636E00008
00000000000000000000000000000000
00000000000000100005000000B9C005
00000000000000000000000000000000
10000002600000010000000000000000
00000000000000101400000000A0C001
00000000000000000000000000000000
00000014000000D014003055D2D00008
00000000000000000000000000000000
0000000000000010000D000000B4C005
00000000000000000000000000000000
60400082200000000000000000000000
00000000000000100500000000B4C001
00000000000000000000000000000000
00000000000000100500000000B4C001
00000000000000000000000000000000
20001004300000000000000000000000
00000000000000000000214000000000
00000000000000000000000000000000
00000000A000008000A0000000B4C001
00000000000000000000000000000000
00000000000000100001000000C2C001
00000000000000000000000000000000
80000002200000000000000000000000
00000000000000100500040000A00000
00000000000000000000000000000000
00000000000000100500000000BBC001
00000000000000000000000000000000
60400002200000000000000000000000
00000000000000100200000000B9C001
00000000000000000000000000000000
00000000000000100200000000B9C001
00000000000000000000000000000000
80000002200000000000000000000000
00000000000000100200040000B40000
00000000000000000000000000000000
00000000000000100200000000C0C001
00000000000000000000000000000000
20000002300000000000000000000000
0000078F394211280000001014050000
00000000000000000000000000000000
00000000000000100001000000C2C001
00000000000000000000000000000000
00000000000000100001000000C30001
00000000000000000000000000000000
80000002200000000000000000000000
00000000000000100040040000BC0000
00000000000000000000000000000000
00000000000000100040000000D04001
00000000000000000000000000000000
20004002F00000000000000000000000
00000000000000000000001840010000
00000000000000000000000000000000
00000000000000100500000000B4C001
00000000000000000000000000000000
00000000000000100500000000C30021
00000000000000000000000000000000
00000000000000100500000000BBC001
00000000000000000000000000000000
00000000000000100500000000C34001
00000000000000000000000000000000
10000102600000010000000000000000
00000000000000100500000000C34001
00000000000000000000000000000000
0000000500002000050030565EF00008
00000000000000000000000000000000
00000000000000100200000000D08005
00000000000000000000000000000000
20001004300000000000000000000000
00000000000000000000214000000000
00000000000000000000000000000000
00000000400000800040000000B9C001
00000000000000000000000000000000
00000000000000100001000000C2C001
00000000000000000000000000000000
20000002300000000000000000000000
0000078F394211000000001014050000
00000000000000000000000000000000
00000000000000100001000000C2C001
00000000000000000000000000000000
00000000000000100001000000C30001
00000000000000000000000000000000
20000002F00000000000000000000000
00000000000000000000001840010000
00000000000000000000000000000000
00000000000000100200000000B9C001
00000000000000000000000000000000
00000000000000100200000000C30021
00000000000000000000000000000000
00000000000000100200000000C0C001
00000000000000000000000000000000
00000000000000100200000000CA4001
00000000000000000000000000000000
20000003700000000000000000000000
00000000000000000000001801610240
00000000000000000000000000000000
00000000000000100040000000CC0001
00000000000000000000000000000000
00000000000000100040000000D04001
00000000000000000000000000000000
00000000000000100040000000D06001
00000000000000000000000000000000
00000000000000100040000000CC0001
00000000000000000000000000000000
41000102200000000000000000000000
00000000000000100200000000CA4001
00000000000000000000000000000000
00000000000000100200000000CC4001
00000000000000000000000000000000
80C00402200000000000000000000000
00000000000000100200000000CC4001
00000000000000000000000000000000
00000008000008000200040000C32000
00000000000000000000000000000000
20000083700000000000000000000000
00000000000000000000001801610240
00000000000000000000000000000000
00000000000000100040000000D24001
00000000000000000000000000000000
00000000000000100040000000D04001
00000000000000000000000000000000
00000000000000100040000000D06001
00000000000000000000000000000000
00000000000000100040000000D24001
00000000000000000000000000000000
50004102E00001710000000000000000
00000000000000100200000000D08001
00000000000000000000000000000000
00000008000008000080040000C32000
00000000000000000000000000000000
00000008000000100200080000000000
00000000000000000000000000000000
00000000000000100280000000D28001
00000000000000000000000000000000
20000804300000000000000000000000
0000000000000F4D413CC28000030000
00000000000000000000000000000000
00000000000000100280000000D28001
00000000000000000000000000000000
00000000000000100001000000D50001
00000000000000000000000000000000
20000006700000000000000000000000
0000000000000F4D413CC2500B030000
00000000000000000000000000000000
00000000000000100280000000D28001
00000000000000000000000000000000
00000000000000100280000000D50021
00000000000000000000000000000000
00000000000000100280000000D54001
00000000000000000000000000000000
00000000000000100001000000D7C001
00000000000000000000000000000000
80000002200000000000000000000000
00000000000000100001040000C30000
00000000000000000000000000000000
00000000000000100001000000DA8001
00000000000000000000000000000000
20000002300000000000000000000000
00000000000000000000001800000000
00000000000000000000000000000000
00000000000000100280000000D54001
00000000000000000000000000000000
00000000000000100280000000D80001
00000000000000000000000000000000
50400102E00001710000000000000000
00000000000000100280000000D80001
00000000000000000000000000000000
00000008000008000080040000C32000
00000000000000000000000000000000
00000008000000100200080000000000
00000000000000000000000000000000
00000000000000100200000000DB4001
00000000000000000000000000000000
20004002F00000000000000000000000
0000000000000000000000108B000000
00000000000000000000000000000000
00000000000000100001000000DA8001
00000000000000000000000000000000
00000000000000100001000000D50001
00000000000000000000000000000000
00000000000000100001000000D7C001
00000000000000000000000000000000
00000000000000100001000000DB0001
00000000000000000000000000000000
20000802700000000000000000000000
00000000000000000000001800040000
00000000000000000000000000000000
00000000000000100200000000DB4001
00000000000000000000000000000000
00000000000000100200000000DB0021
00000000000000000000000000000000
00000000000000100200000000DF4001
00000000000000000000000000000000
20000003700000000000000000000000
00000000000000000000001801810240
00000000000000000000000000000000
00000000000000100040000000E10001
00000000000000000000000000000000
00000000000000100040000000D04001
00000000000000000000000000000000
00000000000000100040000000D06001
00000000000000000000000000000000
00000000000000100040000000E10001
00000000000000000000000000000000
10000102600000000000000000000000
00000000000000100200000000DF4001
00000000000000000000000000000000
000000200000400002003058DF000004
00000000000000000000000000000000
00000000000000100400000000E14001
00000000000000000000000000000000
61000082200000080000000000000000
00000000000000100400000000E14001
00000000000000000000000000000000
00000000000000103000000001114005
00000000000000000000000000000000
A0000002600000000000000000000000
00000000000000105000000000000001
00000000000000000000000000000000
000000000000001000013055D2B00004
00000000000000000000000000000000
00000000000000100018000000A04001
00000000000000000000000000000000
20000002300000000000000000000000
00000000000000000000001000000000
00000000000000000000000000000000
00000000000000105000000000000001
00000000000000000000000000000000
00000000000000105000000000500001
00000000000000000000000000000000
10001002600000010000000000000000
00000000000000102000000001114001
00000000000000000000000000000000
00000020000003502000305CDF100008
00000000000000000000000000000000
00000000000000100035000001414005
00000000000000000000000000000000
60400082200000000000000000000000
00000000000000101400000001414001
00000000000000000000000000000000
00000000000000101400000001414001
00000000000000000000000000000000
40811102E00000000000000000000000
00000000000000101400000001414001
00000000000000000000000000000000
00000000000000105000000000500001
00000000000000000000000000000000
00000000000000100014000000A04401
00000000000000000000000000000000
00000000000000105000000000000001
00000000000000000000000000000000
40000002E00000001E3CE50800000000
00000000000000105000000000000001
00000000000000000000000000000000
00000000000000101400040000500000
00000000000000000000000000000000
00000000000000100004000000A04001
00000000000000000000000000000000
00000000000000101400000000A0C005
00000000000000000000000000000000
10000402600000000000000000000000
00000000000000101400000000A0C001
00000000000000000000000000000000
00000028000000401400305F5F400004
00000000000000000000000000000000
00000000000000100004000001554001
00000000000000000000000000000000
20000082300000000000000000000000
00000000000000000000001030000000
00000000000000000000000000000000
00000000000000100004000001554001
00000000000000000000000000000000
00000000000000100004000001554001
00000000000000000000000000000000
60400102200000000000000000000000
00000000000000100180000001554001
00000000000000000000000000000000
00000000000000100180000001554001
00000000000000000000000000000000
80000002200000000000000000000000
00000000000000100180040000BD0000
00000000000000000000000000000000
0000000000000010018000000156C001
00000000000000000000000000000000
20005002B00000000000000000000000
00000000000000000000001002000000
00000000000000000000000000000000
00000000000000100180000001554001
00000000000000000000000000000000
0000000000000010018000000156C001
00000000000000000000000000000000
00000000000000100180000001584001
00000000000000000000000000000000
90800102200010060000000000000000
00000000000000100180000001584001
00000000000000000000000000000000
0000000000000010000600000159C015
00000000000000000000000000000000
2000800A300000000000000000000000
00000000000000000000001000000000
00000000000000000000000000000000
00000000000000100001000001554041
00000000000000000000400000000000
000000000000001000010000015A0001
00000000000000000000000000000000
0000000000000010000100000159C015
00000000000000000000000000000000
2000000A300000000000000000000000
00000000000000000000001000000000
00000000000000000000000000000000
00000000000000100001000001554041
00000000000000000000400000000000
000000000000001000010000015A0101
00000000000000000000000000000000
0000000000000010000100000159C115
00000000000000000000000000000000
2000000A300000000000000000000000
00000000000000000000001000000000
00000000000000000000000000000000
00000000000000100001000001554041
00000000000000000000400000000000
000000000000001000010000015A0201
00000000000000000000000000000000
0000000000000010000100000159C215
00000000000000000000000000000000
2000000A300000000000000000000000
00000000000000000000001000000000
00000000000000000000000000000000
00000000000000100001000001554041
00000000000000000000400000000000
000000000000001000010000015A0301
00000000000000000000000000000000
0000000000000010000100000159C315
00000000000000000000000000000000
80000002200000000000000000000000
00000000000000100001040005132000
00000000000000000000000000000000
000000000000001000010000015AC601
00000000000000000000000000000000
1000000A600000020000000000000000
00000000000000101400000000A0C001
00000000000000000000000000000000
0000000A000001801400305F9B50004C
00000000000000168000000000000000
00000000000000100018000002DD8005
00000000000000000000000000000000
0000000000000010000100000159C015
00000000000000000000000000000000
2000000A300000000000000000000000
00000000000000000000001000000000
00000000000000000000000000000000
00000000000000100001000001554041
00000000000000000000400000000000
000000000000001000010000015A0401
00000000000000000000000000000000
0000000000000010000100000159C415
00000000000000000000000000000000
2000000A300000000000000000000000
00000000000000000000001000000000
00000000000000000000000000000000
00000000000000100001000001554041
00000000000000000000400000000000
000000000000001000010000015A0501
00000000000000000000000000000000
0000000000000010000100000159C515
00000000000000000000000000000000
20000004300000000000000000000000
00000000000000000000024000000000
00000000000000000000000000000000
000000000000001000060000015A0001
00000000000000000000000000000000
000000000000001000010000015A4001
00000000000000000000000000000000
10000002600000010000000000000000
00000000000000101400000000A0C001
00000000000000000000000000000000
00000014000001801400316D9B700008
00000000000000000000000000000000
00000000000000100018000003C18005
00000000000000000000000000000000
10000002600000010000000000000000
00000000000000101400000000A0C001
00000000000000000000000000000000
00000014000001801400316E4F800008
00000000000000000000000000000000
00000000000000100018000003CA8005
00000000000000000000000000000000
1000000A600000020000000000000000
00000000000000101400000000A0C001
00000000000000000000000000000000
0000000A00000180140030E69B60004C
00000000000000168000000000000000
00000000000000100018000002E68005
00000000000000000000000000000000
0000000000000010000100000159C015
00000000000000000000000000000000
1000000A600000020000000000000000
00000000000000101400000000A0C001
00000000000000000000000000000000
0000000A000001801400305F9B50004C
00000000000000168000000000000000
00000000000000100018000003038005
00000000000000000000000000000000
0000000000000010000100000159C115
00000000000000000000000000000000
1000000A600000020000000000000000
00000000000000101400000000A0C001
00000000000000000000000000000000
0000000A00000180140030E69B60004C
00000000000000168000000000000000
000000000000001000180000030C8005
00000000000000000000000000000000
0000000000000010000100000159C115
00000000000000000000000000000000
1000000A600000020000000000000000
00000000000000101400000000A0C001
00000000000000000000000000000000
0000000A000001801400305F9B50004C
00000000000000168000000000000000
00000000000000100018000003298005
00000000000000000000000000000000
0000000000000010000100000159C215
00000000000000000000000000000000
1000000A600000020000000000000000
00000000000000101400000000A0C001
00000000000000000000000000000000
0000000A00000180140030E69B60004C
00000000000000168000000000000000
00000000000000100018000003328005
00000000000000000000000000000000
0000000000000010000100000159C215
00000000000000000000000000000000
20000002300000000000000000000000
0000078F394200000000001004000000
00000000000000000000000000000000
000000000000001000010000015A4001
00000000000000000000000000000000
000000000000001000010000015A8001
00000000000000000000000000000000
1000000A600000020000000000000000
00000000000000101400000000A0C001
00000000000000000000000000000000
0000000A000001801400305F9B50004C
00000000000000168000000000000000
000000000000001000180000034F8005
00000000000000000000000000000000
0000000000000010000100000159C315
00000000000000000000000000000000
1000000A600000020000000000000000
00000000000000101400000000A0C001
00000000000000000000000000000000
0000000A00000180140030E69B60004C
00000000000000168000000000000000
00000000000000100018000003588005
00000000000000000000000000000000
0000000000000010000100000159C315
00000000000000000000000000000000
1000000A600000020000000000000000
00000000000000101400000000A0C001
00000000000000000000000000000000
0000000A000001801400305F9B50004C
00000000000000168000000000000000
00000000000000100018000003758005
00000000000000000000000000000000
0000000000000010000100000159C415
00000000000000000000000000000000
1000000A600000020000000000000000
00000000000000101400000000A0C001
00000000000000000000000000000000
0000000A00000180140030E69B60004C
00000000000000168000000000000000
000000000000001000180000037E8005
00000000000000000000000000000000
0000000000000010000100000159C415
00000000000000000000000000000000
1000000A600000020000000000000000
00000000000000101400000000A0C001
00000000000000000000000000000000
0000000A000001801400305F9B50004C
00000000000000168000000000000000
000000000000001000180000039B8005
00000000000000000000000000000000
0000000000000010000100000159C515
00000000000000000000000000000000
20004002700000000000000000000000
00000FF00000000000000010C0040000
00000000000000000000000000000000
000000000000001000060000015A0001
00000000000000000000000000000000
000000000000001000060000015A8021
00000000000000000000000000000000
000000000000001000060000015AC001
00000000000000000000000000000000
1000000A600000020000000000000000
00000000000000101400000000A0C001
00000000000000000000000000000000
0000000A00000180140030E69B60004C
00000000000000168000000000000000
00000000000000100018000003A48005
00000000000000000000000000000000
0000000000000010000100000159C515
00000000000000000000000000000000
20000082F00000000000000000000000
00000000000000000000001A6800C000
00000000000000000000000000001048
00000026000000700018000002DD8001
00000000000000000000000000000000
000000000100007000180000015AC021
00000000000000000000000000000000
00000026000000700018000002E68001
00000000000000000000000000000000
000000090000007000180000015B0001
00000000000000000000000000000000
60400102200000000000000000000000
000000000000001009000000016D0001
00000000000000000000000000000000
000000000000001009000000016D0001
00000000000000000000000000000000
60400002200000000000000000000000
00000000000000100900000001640001
00000000000000000000000000000000
00000000000000100900000001640001
00000000000000000000000000000000
A0000002600000000000000000000000
00000000000000105000000000000001
00000000000000000000000000000000
00000000000000100001305F5F200004
00000000000000000000000000000000
00000000000000100018000000A08001
00000000000000000000000000000000
60400002200000000000000000000000
000000000000001009000000015B0001
00000000000000000000000000000000
000000000000001009000000015B0001
00000000000000000000000000000000
1000100A600000020000000000000000
000000000000001009000000015B0001
00000000000000000000000000000000
00000004800003500900316F0390004C
00000000000000168000000000000000
00000000000000100035000002EF8005
00000000000000000000000000000000
0000000000000010000100000159C015
00000000000000000000000000000000
1000000A600000020000000000000000
000000000000001009000000016D0001
00000000000000000000000000000000
00000004800003500900316F0390004C
00000000000000168000000000000000
000000000000001000350000033B8005
00000000000000000000000000000000
0000000000000010000100000159C215
00000000000000000000000000000000
60400002200000000000000000000000
00000000000000100900000001760001
00000000000000000000000000000000
00000000000000100900000001760001
00000000000000000000000000000000
1000000A600000020000000000000000
00000000000000100900000001640001
00000000000000000000000000000000
00000004800003500900316F0390004C
00000000000000168000000000000000
00000000000000100035000003158005
00000000000000000000000000000000
0000000000000010000100000159C115
00000000000000000000000000000000
60400002200000000000000000000000
000000000000001009000000017F0001
00000000000000000000000000000000
000000000000001009000000017F0001
00000000000000000000000000000000
20000082B00000000000000000000000
00000000000000000000001084000000
00000000000000000000000000000000
00000000000000100035000002EF8001
00000000000000000000000000000000
00000000000000100035000003158001
00000000000000000000000000000000
000000000000001000350000019A0001
00000000000000000000000000000000
60400002200000000000000000000000
00000000000000100900000001880001
00000000000000000000000000000000
00000000000000100900000001880001
00000000000000000000000000000000
1000100A600000020000000000000000
00000000000000100900000001880001
00000000000000000000000000000000
00000004800003500900316F0390004C
00000000000000168000000000000000
00000000000000100035000003AD8005
00000000000000000000000000000000
0000000000000010000100000159C515
00000000000000000000000000000000
60400002200000000000000000000000
00000000000000100900000001910001
00000000000000000000000000000000
00000000000000100900000001910001
00000000000000000000000000000000
1000000A600000020000000000000000
00000000000000100900000001760001
00000000000000000000000000000000
00000004800003500900316F0390004C
00000000000000168000000000000000
00000000000000100035000003618005
00000000000000000000000000000000
0000000000000010000100000159C315
00000000000000000000000000000000
20000083B00000000000000000000000
00000000000000000000001085000000
00000000000000000000000000000000
000000000000001000350000019A0001
00000000000000000000000000000000
00000000000000100035000003618001
00000000000000000000000000000000
000000000000001000350000033B8001
00000000000000000000000000000000
000000000000001000350000019A0001
00000000000000000000000000000000
1000000A600000020000000000000000
000000000000001009000000017F0001
00000000000000000000000000000000
00000004800003500900316F0390004C
00000000000000168000000000000000
00000000000000100035000003878005
00000000000000000000000000000000
0000000000000010000100000159C415
00000000000000000000000000000000
20000083B00000000000000000000000
00000000000000000000001085000000
00000000000000000000000000000000
000000000000001000350000019A0001
00000000000000000000000000000000
00000000000000100035000003AD8001
00000000000000000000000000000000
00000000000000100035000003878001
00000000000000000000000000000000
000000000000001000350000019A0001
00000000000000000000000000000000
10001002600000010000000000000000
00000000000000100900000001910001
00000000000000000000000000000000
0000000900000350090031F603A00008
00000000000000000000000000000000
00000000000000100035000003D38005
00000000000000000000000000000000
20000082B00000000000000000000000
00000000000000000000001802000000
00000000000000000000000000000000
000000000000001000350000019A0001
00000000000000000000000000000000
00000000000000100035000003D38001
00000000000000000000000000000000
000000000000001000350000019A0001
00000000000000000000000000000000
60400102200000000000000000000000
000000000000001014000000019A0001
00000000000000000000000000000000
000000000000001014000000019A0001
00000000000000000000000000000000
20000002300000000000000000000000
00000000000000000000001000000000
00000000000000000000000000000000
00000000000000105000000000000001
00000000000000000000000000000000
00000000000000105000000000500001
00000000000000000000000000000000
80800000000000000000000000000000
20010002300000000000000000000000
00000000000000000000001000000000
00000000000000000000000000000000
00000000000000100004000000A08001
00000000000000000000000000000000
00000000000000100004000000A00001
00000000000000000000000000000000
40801102E00000000000000000000000
000000000000001014000000019A0001
00000000000000000000000000000000
00000000000000105000000000500001
00000000000000000000000000000000
00000000000000100014000000A08401
00000000000000000000000000000000
00000000000000105000000000000001
00000000000000000000000000000000
00FFFF80200000000000000000000000
00000000000000000001000003FFF015
00000000000000000000000000000000
40000002E00000001E3CE50800000000
00000000000000105000000000000001
00000000000000000000000000000000
00000000000000101400040000000000
00000000000000000000000000000000
00000000000000100004000000A00001
00000000000000000000000000000000
00000000000000101400000000A0C005
00000000000000000000000000000000
10000402600000010000000000000000
00000000000000101400000000A0C001
00000000000000000000000000000000
0000001400000050140031F71BE00008
00000000000000000000000000000000
00000000000000100005000000B9C005
00000000000000000000000000000000
10000002600000010000000000000000
00000000000000101400000000A0C001
00000000000000000000000000000000
00000014000000D0140031F6B7D00008
00000000000000000000000000000000
0000000000000010000D000000B4C005
00000000000000000000000000000000
60400082200000000000000000000000
00000000000000100500000000B4C001
00000000000000000000000000000000
00000000000000100500000000B4C001
00000000000000000000000000000000
20001004300000000000000000000000
00000000000000000000214000000000
00000000000000000000000000000000
00000000A000008000A0000000B4C001
00000000000000000000000000000000
00000000000000100001000000C2C001
00000000000000000000000000000000
80000002200000000000000000000000
00000000000000100500040000A00000
00000000000000000000000000000000
00000000000000100500000000BBC001
00000000000000000000000000000000
60400002200000000000000000000000
00000000000000100200000000B9C001
00000000000000000000000000000000
00000000000000100200000000B9C001
00000000000000000000000000000000
80000002200000000000000000000000
00000000000000100200040000B40000
00000000000000000000000000000000
00000000000000100200000000C0C001
00000000000000000000000000000000
20000002300000000000000000000000
0000078F394211280000001014050000
00000000000000000000000000000000
00000000000000100001000000C2C001
00000000000000000000000000000000
00000000000000100001000000C30001
00000000000000000000000000000000
80000002200000000000000000000000
00000000000000100040040000BC0000
00000000000000000000000000000000
00000000000000100040000000D04001
00000000000000000000000000000000
20004002F00000000000000000000000
00000000000000000000001840010000
00000000000000000000000000000000
00000000000000100500000000B4C001
00000000000000000000000000000000
00000000000000100500000000C30021
00000000000000000000000000000000
00000000000000100500000000BBC001
00000000000000000000000000000000
00000000000000100500000000C34001
00000000000000000000000000000000
10000102600000010000000000000000
00000000000000100500000000C34001
00000000000000000000000000000000
0000000500002000050031F743F00008
00000000000000000000000000000000
00000000000000100200000000D08005
00000000000000000000000000000000
20001004300000000000000000000000
00000000000000000000214000000000
00000000000000000000000000000000
00000000400000800040000000B9C001
00000000000000000000000000000000
00000000000000100001000000C2C001
00000000000000000000000000000000
20000002300000000000000000000000
0000078F394211000000001014050000
00000000000000000000000000000000
00000000000000100001000000C2C001
00000000000000000000000000000000
00000000000000100001000000C30001
00000000000000000000000000000000
20000002F00000000000000000000000
00000000000000000000001840010000
00000000000000000000000000000000
00000000000000100200000000B9C001
00000000000000000000000000000000
00000000000000100200000000C30021
00000000000000000000000000000000
00000000000000100200000000C0C001
00000000000000000000000000000000
00000000000000100200000000CA4001
00000000000000000000000000000000
20000003700000000000000000000000
00000000000000000000001801610240
00000000000000000000000000000000
00000000000000100040000000CC0001
00000000000000000000000000000000
00000000000000100040000000D04001
00000000000000000000000000000000
00000000000000100040000000D06001
00000000000000000000000000000000
00000000000000100040000000CC0001
00000000000000000000000000000000
41000102200000000000000000000000
00000000000000100200000000CA4001
00000000000000000000000000000000
00000000000000100200000000CC4001
00000000000000000000000000000000
80C00402200000000000000000000000
00000000000000100200000000CC4001
00000000000000000000000000000000
00000008000008000200040000C32000
00000000000000000000000000000000
20000083700000000000000000000000
00000000000000000000001801610240
00000000000000000000000000000000
00000000000000100040000000D24001
00000000000000000000000000000000
00000000000000100040000000D04001
00000000000000000000000000000000
00000000000000100040000000D06001
00000000000000000000000000000000
00000000000000100040000000D24001
00000000000000000000000000000000
50004102E00001710000000000000000
00000000000000100200000000D08001
00000000000000000000000000000000
00000008000008000080040000C32000
00000000000000000000000000000000
00000008000000100200080000000000
00000000000000000000000000000000
00000000000000100280000000D28001
00000000000000000000000000000000
20000804300000000000000000000000
0000000000000F4D413CC28000030000
00000000000000000000000000000000
00000000000000100280000000D28001
00000000000000000000000000000000
00000000000000100001000000D50001
00000000000000000000000000000000
20000006700000000000000000000000
0000000000000F4D413CC2500B030000
00000000000000000000000000000000
00000000000000100280000000D28001
00000000000000000000000000000000
00000000000000100280000000D50021
00000000000000000000000000000000
00000000000000100280000000D54001
00000000000000000000000000000000
00000000000000100001000000D7C001
00000000000000000000000000000000
80000002200000000000000000000000
00000000000000100001040000C30000
00000000000000000000000000000000
00000000000000100001000000DA8001
00000000000000000000000000000000
20000002300000000000000000000000
00000000000000000000001800000000
00000000000000000000000000000000
00000000000000100280000000D54001
00000000000000000000000000000000
00000000000000100280000000D80001
00000000000000000000000000000000
50400102E00001710000000000000000
00000000000000100280000000D80001
00000000000000000000000000000000
00000008000008000080040000C32000
00000000000000000000000000000000
00000008000000100200080000000000
00000000000000000000000000000000
00000000000000100200000000DB4001
00000000000000000000000000000000
20004002F00000000000000000000000
0000000000000000000000108B000000
00000000000000000000000000000000
00000000000000100001000000DA8001
00000000000000000000000000000000
00000000000000100001000000D50001
00000000000000000000000000000000
00000000000000100001000000D7C001
00000000000000000000000000000000
00000000000000100001000000DB0001
00000000000000000000000000000000
20000802700000000000000000000000
00000000000000000000001800040000
00000000000000000000000000000000
00000000000000100200000000DB4001
00000000000000000000000000000000
00000000000000100200000000DB0021
00000000000000000000000000000000
00000000000000100200000000DF4001
00000000000000000000000000000000
20000003700000000000000000000000
00000000000000000000001801810240
00000000000000000000000000000000
00000000000000100040000000E10001
00000000000000000000000000000000
00000000000000100040000000D04001
00000000000000000000000000000000
00000000000000100040000000D06001
00000000000000000000000000000000
00000000000000100040000000E10001
00000000000000000000000000000000
10000102600000000000000000000000
00000000000000100200000000DF4001
00000000000000000000000000000000
0000002000004000020031F9C4000004
00000000000000000000000000000000
00000000000000100400000000E14001
00000000000000000000000000000000
61000082200000080000000000000000
00000000000000100400000000E14001
00000000000000000000000000000000
00000000000000103000000001114005
00000000000000000000000000000000
A0000002600000000000000000000000
00000000000000105000000000000001
00000000000000000000000000000000
0000000000000010000131F6B7B00004
00000000000000000000000000000000
00000000000000100018000000A04001
00000000000000000000000000000000
20000002300000000000000000000000
00000000000000000000001000000000
00000000000000000000000000000000
00000000000000105000000000000001
00000000000000000000000000000000
00000000000000105000000000500001
00000000000000000000000000000000
10001002600000010000000000000000
00000000000000102000000001114001
00000000000000000000000000000000
0000002000000350200031FDC4100008
00000000000000000000000000000000
00000000000000100035000001414005
00000000000000000000000000000000
60400082200000000000000000000000
00000000000000101400000001414001
00000000000000000000000000000000
00000000000000101400000001414001
00000000000000000000000000000000
40811102E00000000000000000000000
00000000000000101400000001414001
00000000000000000000000000000000
00000000000000105000000000500001
00000000000000000000000000000000
00000000000000100014000000A04401
00000000000000000000000000000000
00000000000000105000000000000001
00000000000000000000000000000000
40000002E00000001E3CE50800000000
00000000000000105000000000000001
00000000000000000000000000000000
00000000000000101400040000500000
00000000000000000000000000000000
00000000000000100004000000A04001
00000000000000000000000000000000
00000000000000101400000000A0C005
00000000000000000000000000000000
10000402600000000000000000000000
00000000000000101400000000A0C001
00000000000000000000000000000000
00000028000000401400320044400004
00000000000000000000000000000000
00000000000000100004000001554001
00000000000000000000000000000000
20000082300000000000000000000000
00000000000000000000001030000000
00000000000000000000000000000000
00000000000000100004000001554001
00000000000000000000000000000000
00000000000000100004000001554001
00000000000000000000000000000000
60400102200000000000000000000000
00000000000000100180000001554001
00000000000000000000000000000000
00000000000000100180000001554001
00000000000000000000000000000000
80000002200000000000000000000000
00000000000000100180040000BD0000
00000000000000000000000000000000
0000000000000010018000000156C001
00000000000000000000000000000000
20005002B00000000000000000000000
00000000000000000000001002000000
00000000000000000000000000000000
00000000000000100180000001554001
00000000000000000000000000000000
0000000000000010018000000156C001
00000000000000000000000000000000
00000000000000100180000001584001
00000000000000000000000000000000
90800102200010060000000000000000
00000000000000100180000001584001
00000000000000000000000000000000
0000000000000010000600000159C015
00000000000000000000000000000000
2000800A300000000000000000000000
00000000000000000000001000000000
00000000000000000000000000000000
00000000000000100001000001554041
00000000000000000000400000000000
000000000000001000010000015A0001
00000000000000000000000000000000
0000000000000010000100000159C015
00000000000000000000000000000000
2000000A300000000000000000000000
00000000000000000000001000000000
00000000000000000000000000000000
00000000000000100001000001554041
00000000000000000000400000000000
000000000000001000010000015A0101
00000000000000000000000000000000
0000000000000010000100000159C115
00000000000000000000000000000000
2000000A300000000000000000000000
00000000000000000000001000000000
00000000000000000000000000000000
00000000000000100001000001554041
00000000000000000000400000000000
000000000000001000010000015A0201
00000000000000000000000000000000
0000000000000010000100000159C215
00000000000000000000000000000000
2000000A300000000000000000000000
00000000000000000000001000000000
00000000000000000000000000000000
00000000000000100001000001554041
00000000000000000000400000000000
000000000000001000010000015A0301
00000000000000000000000000000000
0000000000000010000100000159C315
00000000000000000000000000000000
80000002200000000000000000000000
00000000000000100001040005132000
00000000000000000000000000000000
000000000000001000010000015AC601
00000000000000000000000000000000
1000000A600000020000000000000000
00000000000000101400000000A0C001
00000000000000000000000000000000
0000000A00000180140032008050004C
00000000000000168000000000000000
00000000000000100018000002DD8005
00000000000000000000000000000000
0000000000000010000100000159C015
00000000000000000000000000000000
2000000A300000000000000000000000
00000000000000000000001000000000
00000000000000000000000000000000
00000000000000100001000001554041
00000000000000000000400000000000
000000000000001000010000015A0401
00000000000000000000000000000000
0000000000000010000100000159C415
00000000000000000000000000000000
2000000A300000000000000000000000
00000000000000000000001000000000
00000000000000000000000000000000
00000000000000100001000001554041
00000000000000000000400000000000
000000000000001000010000015A0501
00000000000000000000000000000000
0000000000000010000100000159C515
00000000000000000000000000000000
20000004300000000000000000000000
00000000000000000000024000000000
00000000000000000000000000000000
000000000000001000060000015A0001
00000000000000000000000000000000
000000000000001000010000015A4001
00000000000000000000000000000000
10000002600000010000000000000000
00000000000000101400000000A0C001
00000000000000000000000000000000
00000014000001801400330E80700008
00000000000000000000000000000000
00000000000000100018000003C18005
00000000000000000000000000000000
10000002600000010000000000000000
00000000000000101400000000A0C001
00000000000000000000000000000000
00000014000001801400330F34800008
00000000000000000000000000000000
00000000000000100018000003CA8005
00000000000000000000000000000000
1000000A600000020000000000000000
00000000000000101400000000A0C001
00000000000000000000000000000000
0000000A00000180140032878060004C
00000000000000168000000000000000
00000000000000100018000002E68005
00000000000000000000000000000000
0000000000000010000100000159C015
00000000000000000000000000000000
1000000A600000020000000000000000
00000000000000101400000000A0C001
00000000000000000000000000000000
0000000A00000180140032008050004C
00000000000000168000000000000000
00000000000000100018000003038005
00000000000000000000000000000000
0000000000000010000100000159C115
00000000000000000000000000000000
1000000A600000020000000000000000
00000000000000101400000000A0C001
00000000000000000000000000000000
0000000A00000180140032878060004C
00000000000000168000000000000000
000000000000001000180000030C8005
00000000000000000000000000000000
0000000000000010000100000159C115
00000000000000000000000000000000
1000000A600000020000000000000000
00000000000000101400000000A0C001
00000000000000000000000000000000
0000000A00000180140032008050004C
00000000000000168000000000000000
00000000000000100018000003298005
00000000000000000000000000000000
0000000000000010000100000159C215
00000000000000000000000000000000
1000000A600000020000000000000000
00000000000000101400000000A0C001
00000000000000000000000000000000
0000000A00000180140032878060004C
00000000000000168000000000000000
00000000000000100018000003328005
00000000000000000000000000000000
0000000000000010000100000159C215
00000000000000000000000000000000
20000002300000000000000000000000
0000078F394200000000001004000000
00000000000000000000000000000000
000000000000001000010000015A4001
00000000000000000000000000000000
000000000000001000010000015A8001
00000000000000000000000000000000
1000000A600000020000000000000000
00000000000000101400000000A0C001
00000000000000000000000000000000
0000000A00000180140032008050004C
00000000000000168000000000000000
000000000000001000180000034F8005
00000000000000000000000000000000
0000000000000010000100000159C315
00000000000000000000000000000000
1000000A600000020000000000000000
00000000000000101400000000A0C001
00000000000000000000000000000000
0000000A00000180140032878060004C
00000000000000168000000000000000
00000000000000100018000003588005
00000000000000000000000000000000
0000000000000010000100000159C315
00000000000000000000000000000000
1000000A600000020000000000000000
00000000000000101400000000A0C001
00000000000000000000000000000000
0000000A00000180140032008050004C
00000000000000168000000000000000
00000000000000100018000003758005
00000000000000000000000000000000
0000000000000010000100000159C415
00000000000000000000000000000000
1000000A600000020000000000000000
00000000000000101400000000A0C001
00000000000000000000000000000000
0000000A00000180140032878060004C
00000000000000168000000000000000
000000000000001000180000037E8005
00000000000000000000000000000000
0000000000000010000100000159C415
00000000000000000000000000000000
1000000A600000020000000000000000
00000000000000101400000000A0C001
00000000000000000000000000000000
0000000A00000180140032008050004C
00000000000000168000000000000000
000000000000001000180000039B8005
00000000000000000000000000000000
0000000000000010000100000159C515
00000000000000000000000000000000
20004002700000000000000000000000
00000FF00000000000000010C0040000
00000000000000000000000000000000
000000000000001000060000015A0001
00000000000000000000000000000000
000000000000001000060000015A8021
00000000000000000000000000000000
000000000000001000060000015AC001
00000000000000000000000000000000
1000000A600000020000000000000000
00000000000000101400000000A0C001
00000000000000000000000000000000
0000000A00000180140032878060004C
00000000000000168000000000000000
00000000000000100018000003A48005
00000000000000000000000000000000
0000000000000010000100000159C515
00000000000000000000000000000000
20000082F00000000000000000000000
00000000000000000000001A6800C000
00000000000000000000000000001048
00000026000000700018000002DD8001
00000000000000000000000000000000
000000000100007000180000015AC021
00000000000000000000000000000000
00000026000000700018000002E68001
00000000000000000000000000000000
000000090000007000180000015B0001
00000000000000000000000000000000
60400102200000000000000000000000
000000000000001009000000016D0001
00000000000000000000000000000000
000000000000001009000000016D0001
00000000000000000000000000000000
60400002200000000000000000000000
00000000000000100900000001640001
00000000000000000000000000000000
00000000000000100900000001640001
00000000000000000000000000000000
A0000002600000000000000000000000
00000000000000105000000000000001
00000000000000000000000000000000
00000000000000100001320044200004
00000000000000000000000000000000
00000000000000100018000000A08001
00000000000000000000000000000000
60400002200000000000000000000000
000000000000001009000000015B0001
00000000000000000000000000000000
000000000000001009000000015B0001
00000000000000000000000000000000
1000100A600000020000000000000000
000000000000001009000000015B0001
00000000000000000000000000000000
00000004800003500900330FE890004C
00000000000000168000000000000000
00000000000000100035000002EF8005
00000000000000000000000000000000
0000000000000010000100000159C015
00000000000000000000000000000000
1000000A600000020000000000000000
000000000000001009000000016D0001
00000000000000000000000000000000
00000004800003500900330FE890004C
00000000000000168000000000000000
000000000000001000350000033B8005
00000000000000000000000000000000
0000000000000010000100000159C215
00000000000000000000000000000000
60400002200000000000000000000000
00000000000000100900000001760001
00000000000000000000000000000000
00000000000000100900000001760001
00000000000000000000000000000000
1000000A600000020000000000000000
00000000000000100900000001640001
00000000000000000000000000000000
00000004800003500900330FE890004C
00000000000000168000000000000000
00000000000000100035000003158005
00000000000000000000000000000000
0000000000000010000100000159C115
00000000000000000000000000000000
60400002200000000000000000000000
000000000000001009000000017F0001
00000000000000000000000000000000
000000000000001009000000017F0001
00000000000000000000000000000000
20000082B00000000000000000000000
00000000000000000000001084000000
00000000000000000000000000000000
00000000000000100035000002EF8001
00000000000000000000000000000000
00000000000000100035000003158001
00000000000000000000000000000000
000000000000001000350000019A0001
00000000000000000000000000000000
60400002200000000000000000000000
00000000000000100900000001880001
00000000000000000000000000000000
00000000000000100900000001880001
00000000000000000000000000000000
1000100A600000020000000000000000
00000000000000100900000001880001
00000000000000000000000000000000
00000004800003500900330FE890004C
00000000000000168000000000000000
00000000000000100035000003AD8005
00000000000000000000000000000000
0000000000000010000100000159C515
00000000000000000000000000000000
60400002200000000000000000000000
00000000000000100900000001910001
00000000000000000000000000000000
00000000000000100900000001910001
00000000000000000000000000000000
1000000A600000020000000000000000
00000000000000100900000001760001
00000000000000000000000000000000
00000004800003500900330FE890004C
00000000000000168000000000000000
00000000000000100035000003618005
00000000000000000000000000000000
0000000000000010000100000159C315
00000000000000000000000000000000
20000083B00000000000000000000000
00000000000000000000001085000000
00000000000000000000000000000000
000000000000001000350000019A0001
00000000000000000000000000000000
00000000000000100035000003618001
00000000000000000000000000000000
000000000000001000350000033B8001
00000000000000000000000000000000
000000000000001000350000019A0001
00000000000000000000000000000000
1000000A600000020000000000000000
000000000000001009000000017F0001
00000000000000000000000000000000
00000004800003500900330FE890004C
00000000000000168000000000000000
00000000000000100035000003878005
00000000000000000000000000000000
0000000000000010000100000159C415
00000000000000000000000000000000
20000083B00000000000000000000000
00000000000000000000001085000000
00000000000000000000000000000000
000000000000001000350000019A0001
00000000000000000000000000000000
00000000000000100035000003AD8001
00000000000000000000000000000000
00000000000000100035000003878001
00000000000000000000000000000000
000000000000001000350000019A0001
00000000000000000000000000000000
10001002600000010000000000000000
00000000000000100900000001910001
00000000000000000000000000000000
000000090000035009003396E8A00008
00000000000000000000000000000000
00000000000000100035000003D38005
00000000000000000000000000000000
20000082B00000000000000000000000
00000000000000000000001802000000
00000000000000000000000000000000
000000000000001000350000019A0001
00000000000000000000000000000000
00000000000000100035000003D38001
00000000000000000000000000000000
000000000000001000350000019A0001
00000000000000000000000000000000
60400102200000000000000000000000
000000000000001014000000019A0001
00000000000000000000000000000000
000000000000001014000000019A0001
00000000000000000000000000000000
20000002300000000000000000000000
00000000000000000000001000000000
00000000000000000000000000000000
00000000000000105000000000000001
00000000000000000000000000000000
00000000000000105000000000500001
00000000000000000000000000000000
80800000000000000000000000000000
20010002300000000000000000000000
00000000000000000000001000000000
00000000000000000000000000000000
00000000000000100004000000A08001
00000000000000000000000000000000
00000000000000100004000000A00001
00000000000000000000000000000000
40801102E00000000000000000000000
000000000000001014000000019A0001
00000000000000000000000000000000
00000000000000105000000000500001
00000000000000000000000000000000
00000000000000100014000000A08401
00000000000000000000000000000000
00000000000000105000000000000001
00000000000000000000000000000000
00FFFF80200000000000000000000000
00000000000000000001000003FFF015
00000000000000000000000000000000
40000002E00000001E3CE50800000000
00000000000000105000000000000001
00000000000000000000000000000000
00000000000000101400040000000000
00000000000000000000000000000000
00000000000000100004000000A00001
00000000000000000000000000000000
00000000000000101400000000A0C005
00000000000000000000000000000000
10000402600000010000000000000000
00000000000000101400000000A0C001
00000000000000000000000000000000
00000014000000501400339800E00008
00000000000000000000000000000000
00000000000000100005000000B9C005
00000000000000000000000000000000
10000002600000010000000000000000
00000000000000101400000000A0C001
00000000000000000000000000000000
00000014000000D0140033979CD00008
00000000000000000000000000000000
0000000000000010000D000000B4C005
00000000000000000000000000000000
60400082200000000000000000000000
00000000000000100500000000B4C001
00000000000000000000000000000000
00000000000000100500000000B4C001
00000000000000000000000000000000
20001004300000000000000000000000
00000000000000000000214000000000
00000000000000000000000000000000
00000000A000008000A0000000B4C001
00000000000000000000000000000000
00000000000000100001000000C2C001
00000000000000000000000000000000
80000002200000000000000000000000
00000000000000100500040000A00000
00000000000000000000000000000000
00000000000000100500000000BBC001
00000000000000000000000000000000
60400002200000000000000000000000
00000000000000100200000000B9C001
00000000000000000000000000000000
00000000000000100200000000B9C001
00000000000000000000000000000000
80000002200000000000000000000000
00000000000000100200040000B40000
00000000000000000000000000000000
00000000000000100200000000C0C001
00000000000000000000000000000000
20000002300000000000000000000000
0000078F394211280000001014050000
00000000000000000000000000000000
00000000000000100001000000C2C001
00000000000000000000000000000000
00000000000000100001000000C30001
00000000000000000000000000000000
80000002200000000000000000000000
00000000000000100040040000BC0000
00000000000000000000000000000000
00000000000000100040000000D04001
00000000000000000000000000000000
20004002F00000000000000000000000
00000000000000000000001840010000
00000000000000000000000000000000
00000000000000100500000000B4C001
00000000000000000000000000000000
00000000000000100500000000C30021
00000000000000000000000000000000
00000000000000100500000000BBC001
00000000000000000000000000000000
00000000000000100500000000C34001
00000000000000000000000000000000
10000102600000010000000000000000
00000000000000100500000000C34001
00000000000000000000000000000000
00000005000020000500339828F00008
00000000000000000000000000000000
00000000000000100200000000D08005
00000000000000000000000000000000
20001004300000000000000000000000
00000000000000000000214000000000
00000000000000000000000000000000
00000000400000800040000000B9C001
00000000000000000000000000000000
00000000000000100001000000C2C001
00000000000000000000000000000000
20000002300000000000000000000000
0000078F394211000000001014050000
00000000000000000000000000000000
00000000000000100001000000C2C001
00000000000000000000000000000000
00000000000000100001000000C30001
00000000000000000000000000000000
20000002F00000000000000000000000
00000000000000000000001840010000
00000000000000000000000000000000
00000000000000100200000000B9C001
00000000000000000000000000000000
00000000000000100200000000C30021
00000000000000000000000000000000
00000000000000100200000000C0C001
00000000000000000000000000000000
00000000000000100200000000CA4001
00000000000000000000000000000000
20000003700000000000000000000000
00000000000000000000001801610240
00000000000000000000000000000000
00000000000000100040000000CC0001
00000000000000000000000000000000
00000000000000100040000000D04001
00000000000000000000000000000000
00000000000000100040000000D06001
00000000000000000000000000000000
00000000000000100040000000CC0001
00000000000000000000000000000000
41000102200000000000000000000000
00000000000000100200000000CA4001
00000000000000000000000000000000
00000000000000100200000000CC4001
00000000000000000000000000000000
80C00402200000000000000000000000
00000000000000100200000000CC4001
00000000000000000000000000000000
00000008000008000200040000C32000
00000000000000000000000000000000
20000083700000000000000000000000
00000000000000000000001801610240
00000000000000000000000000000000
00000000000000100040000000D24001
00000000000000000000000000000000
00000000000000100040000000D04001
00000000000000000000000000000000
00000000000000100040000000D06001
00000000000000000000000000000000
00000000000000100040000000D24001
00000000000000000000000000000000
50004102E00001710000000000000000
00000000000000100200000000D08001
00000000000000000000000000000000
00000008000008000080040000C32000
00000000000000000000000000000000
00000008000000100200080000000000
00000000000000000000000000000000
00000000000000100280000000D28001
00000000000000000000000000000000
20000804300000000000000000000000
0000000000000F4D413CC28000030000
00000000000000000000000000000000
00000000000000100280000000D28001
00000000000000000000000000000000
00000000000000100001000000D50001
00000000000000000000000000000000
20000006700000000000000000000000
0000000000000F4D413CC2500B030000
00000000000000000000000000000000
00000000000000100280000000D28001
00000000000000000000000000000000
00000000000000100280000000D50021
00000000000000000000000000000000
00000000000000100280000000D54001
00000000000000000000000000000000
00000000000000100001000000D7C001
00000000000000000000000000000000
80000002200000000000000000000000
00000000000000100001040000C30000
00000000000000000000000000000000
00000000000000100001000000DA8001
00000000000000000000000000000000
20000002300000000000000000000000
00000000000000000000001800000000
00000000000000000000000000000000
00000000000000100280000000D54001
00000000000000000000000000000000
00000000000000100280000000D80001
00000000000000000000000000000000
50400102E00001710000000000000000
00000000000000100280000000D80001
00000000000000000000000000000000
00000008000008000080040000C32000
00000000000000000000000000000000
00000008000000100200080000000000
00000000000000000000000000000000
00000000000000100200000000DB4001
00000000000000000000000000000000
20004002F00000000000000000000000
0000000000000000000000108B000000
00000000000000000000000000000000
00000000000000100001000000DA8001
00000000000000000000000000000000
00000000000000100001000000D50001
00000000000000000000000000000000
00000000000000100001000000D7C001
00000000000000000000000000000000
00000000000000100001000000DB0001
00000000000000000000000000000000
20000802700000000000000000000000
00000000000000000000001800040000
00000000000000000000000000000000
00000000000000100200000000DB4001
00000000000000000000000000000000
00000000000000100200000000DB0021
00000000000000000000000000000000
00000000000000100200000000DF4001
00000000000000000000000000000000
20000003700000000000000000000000
00000000000000000000001801810240
00000000000000000000000000000000
00000000000000100040000000E10001
00000000000000000000000000000000
00000000000000100040000000D04001
00000000000000000000000000000000
00000000000000100040000000D06001
00000000000000000000000000000000
00000000000000100040000000E10001
00000000000000000000000000000000
10000102600000000000000000000000
00000000000000100200000000DF4001
00000000000000000000000000000000
00000020000040000200339AA9000004
00000000000000000000000000000000
00000000000000100400000000E14001
00000000000000000000000000000000
61000082200000080000000000000000
00000000000000100400000000E14001
00000000000000000000000000000000
00000000000000103000000001114005
00000000000000000000000000000000
A0000002600000000000000000000000
00000000000000105000000000000001
00000000000000000000000000000000
0000000000000010000133979CB00004
00000000000000000000000000000000
00000000000000100018000000A04001
00000000000000000000000000000000
20000002300000000000000000000000
00000000000000000000001000000000
00000000000000000000000000000000
00000000000000105000000000000001
00000000000000000000000000000000
00000000000000105000000000500001
00000000000000000000000000000000
10001002600000010000000000000000
00000000000000102000000001114001
00000000000000000000000000000000
00000020000003502000339EA9100008
00000000000000000000000000000000
00000000000000100035000001414005
00000000000000000000000000000000
60400082200000000000000000000000
00000000000000101400000001414001
00000000000000000000000000000000
00000000000000101400000001414001
00000000000000000000000000000000
40811102E00000000000000000000000
00000000000000101400000001414001
00000000000000000000000000000000
00000000000000105000000000500001
00000000000000000000000000000000
00000000000000100014000000A04401
00000000000000000000000000000000
00000000000000105000000000000001
00000000000000000000000000000000
40000002E00000001E3CE50800000000
00000000000000105000000000000001
00000000000000000000000000000000
00000000000000101400040000500000
00000000000000000000000000000000
00000000000000100004000000A04001
00000000000000000000000000000000
00000000000000101400000000A0C005
00000000000000000000000000000000
10000402600000000000000000000000
00000000000000101400000000A0C001
00000000000000000000000000000000
0000002800000040140033A129400004
00000000000000000000000000000000
00000000000000100004000001554001
00000000000000000000000000000000
20000082300000000000000000000000
00000000000000000000001030000000
00000000000000000000000000000000
00000000000000100004000001554001
00000000000000000000000000000000
00000000000000100004000001554001
00000000000000000000000000000000
60400102200000000000000000000000
00000000000000100180000001554001
00000000000000000000000000000000
00000000000000100180000001554001
00000000000000000000000000000000
80000002200000000000000000000000
00000000000000100180040000BD0000
00000000000000000000000000000000
0000000000000010018000000156C001
00000000000000000000000000000000
20005002B00000000000000000000000
00000000000000000000001002000000
00000000000000000000000000000000
00000000000000100180000001554001
00000000000000000000000000000000
0000000000000010018000000156C001
00000000000000000000000000000000
00000000000000100180000001584001
00000000000000000000000000000000
90800102200010060000000000000000
00000000000000100180000001584001
00000000000000000000000000000000
0000000000000010000600000159C015
00000000000000000000000000000000
2000800A300000000000000000000000
00000000000000000000001000000000
00000000000000000000000000000000
00000000000000100001000001554041
00000000000000000000400000000000
000000000000001000010000015A0001
00000000000000000000000000000000
0000000000000010000100000159C015
00000000000000000000000000000000
2000000A300000000000000000000000
00000000000000000000001000000000
00000000000000000000000000000000
00000000000000100001000001554041
00000000000000000000400000000000
000000000000001000010000015A0101
00000000000000000000000000000000
0000000000000010000100000159C115
00000000000000000000000000000000
2000000A300000000000000000000000
00000000000000000000001000000000
00000000000000000000000000000000
00000000000000100001000001554041
00000000000000000000400000000000
000000000000001000010000015A0201
00000000000000000000000000000000
0000000000000010000100000159C215
00000000000000000000000000000000
2000000A300000000000000000000000
00000000000000000000001000000000
00000000000000000000000000000000
00000000000000100001000001554041
00000000000000000000400000000000
000000000000001000010000015A0301
00000000000000000000000000000000
0000000000000010000100000159C315
00000000000000000000000000000000
80000002200000000000000000000000
00000000000000100001040005132000
00000000000000000000000000000000
000000000000001000010000015AC601
00000000000000000000000000000000
1000000A600000020000000000000000
00000000000000101400000000A0C001
00000000000000000000000000000000
0000000A00000180140033A16550004C
00000000000000168000000000000000
00000000000000100018000002DD8005
00000000000000000000000000000000
0000000000000010000100000159C015
00000000000000000000000000000000
2000000A300000000000000000000000
00000000000000000000001000000000
00000000000000000000000000000000
00000000000000100001000001554041
00000000000000000000400000000000
000000000000001000010000015A0401
00000000000000000000000000000000
0000000000000010000100000159C415
00000000000000000000000000000000
2000000A300000000000000000000000
00000000000000000000001000000000
00000000000000000000000000000000
00000000000000100001000001554041
00000000000000000000400000000000
000000000000001000010000015A0501
00000000000000000000000000000000
0000000000000010000100000159C515
00000000000000000000000000000000
20000004300000000000000000000000
00000000000000000000024000000000
00000000000000000000000000000000
000000000000001000060000015A0001
00000000000000000000000000000000
000000000000001000010000015A4001
00000000000000000000000000000000
10000002600000010000000000000000
00000000000000101400000000A0C001
00000000000000000000000000000000
0000001400000180140034AF65700008
00000000000000000000000000000000
00000000000000100018000003C18005
00000000000000000000000000000000
10000002600000010000000000000000
00000000000000101400000000A0C001
00000000000000000000000000000000
0000001400000180140034B019800008
00000000000000000000000000000000
00000000000000100018000003CA8005
00000000000000000000000000000000
1000000A600000020000000000000000
00000000000000101400000000A0C001
00000000000000000000000000000000
0000000A00000180140034286560004C
00000000000000168000000000000000
00000000000000100018000002E68005
00000000000000000000000000000000
0000000000000010000100000159C015
00000000000000000000000000000000
1000000A600000020000000000000000
00000000000000101400000000A0C001
00000000000000000000000000000000
0000000A00000180140033A16550004C
00000000000000168000000000000000
00000000000000100018000003038005
00000000000000000000000000000000
0000000000000010000100000159C115
00000000000000000000000000000000
1000000A600000020000000000000000
00000000000000101400000000A0C001
00000000000000000000000000000000
0000000A00000180140034286560004C
00000000000000168000000000000000
000000000000001000180000030C8005
00000000000000000000000000000000
0000000000000010000100000159C115
00000000000000000000000000000000
1000000A600000020000000000000000
00000000000000101400000000A0C001
00000000000000000000000000000000
0000000A00000180140033A16550004C
00000000000000168000000000000000
00000000000000100018000003298005
00000000000000000000000000000000
0000000000000010000100000159C215
00000000000000000000000000000000
1000000A600000020000000000000000
00000000000000101400000000A0C001
00000000000000000000000000000000
0000000A00000180140034286560004C
00000000000000168000000000000000
00000000000000100018000003328005
00000000000000000000000000000000
0000000000000010000100000159C215
00000000000000000000000000000000
20000002300000000000000000000000
0000078F394200000000001004000000
00000000000000000000000000000000
000000000000001000010000015A4001
00000000000000000000000000000000
000000000000001000010000015A8001
00000000000000000000000000000000
1000000A600000020000000000000000
00000000000000101400000000A0C001
00000000000000000000000000000000
0000000A00000180140033A16550004C
00000000000000168000000000000000
000000000000001000180000034F8005
00000000000000000000000000000000
0000000000000010000100000159C315
00000000000000000000000000000000
1000000A600000020000000000000000
00000000000000101400000000A0C001
00000000000000000000000000000000
0000000A00000180140034286560004C
00000000000000168000000000000000
00000000000000100018000003588005
00000000000000000000000000000000
0000000000000010000100000159C315
00000000000000000000000000000000
1000000A600000020000000000000000
00000000000000101400000000A0C001
00000000000000000000000000000000
0000000A00000180140033A16550004C
00000000000000168000000000000000
00000000000000100018000003758005
00000000000000000000000000000000
0000000000000010000100000159C415
00000000000000000000000000000000
1000000A600000020000000000000000
00000000000000101400000000A0C001
00000000000000000000000000000000
0000000A00000180140034286560004C
00000000000000168000000000000000
000000000000001000180000037E8005
00000000000000000000000000000000
0000000000000010000100000159C415
00000000000000000000000000000000
1000000A600000020000000000000000
00000000000000101400000000A0C001
00000000000000000000000000000000
0000000A00000180140033A16550004C
00000000000000168000000000000000
000000000000001000180000039B8005
00000000000000000000000000000000
0000000000000010000100000159C515
00000000000000000000000000000000
20004002700000000000000000000000
00000FF00000000000000010C0040000
00000000000000000000000000000000
000000000000001000060000015A0001
00000000000000000000000000000000
000000000000001000060000015A8021
00000000000000000000000000000000
000000000000001000060000015AC001
00000000000000000000000000000000
1000000A600000020000000000000000
00000000000000101400000000A0C001
00000000000000000000000000000000
0000000A00000180140034286560004C
00000000000000168000000000000000
00000000000000100018000003A48005
00000000000000000000000000000000
0000000000000010000100000159C515
00000000000000000000000000000000
20000082F00000000000000000000000
00000000000000000000001A6800C000
00000000000000000000000000001048
00000026000000700018000002DD8001
00000000000000000000000000000000
000000000100007000180000015AC021
00000000000000000000000000000000
00000026000000700018000002E68001
00000000000000000000000000000000
000000090000007000180000015B0001
00000000000000000000000000000000
60400102200000000000000000000000
000000000000001009000000016D0001
00000000000000000000000000000000
000000000000001009000000016D0001
00000000000000000000000000000000
60400002200000000000000000000000
00000000000000100900000001640001
00000000000000000000000000000000
00000000000000100900000001640001
00000000000000000000000000000000
A0000002600000000000000000000000
00000000000000105000000000000001
00000000000000000000000000000000
0000000000000010000133A129200004
00000000000000000000000000000000
00000000000000100018000000A08001
00000000000000000000000000000000
60400002200000000000000000000000
000000000000001009000000015B0001
00000000000000000000000000000000
000000000000001009000000015B0001
00000000000000000000000000000000
1000100A600000020000000000000000
000000000000001009000000015B0001
00000000000000000000000000000000
0000000480000350090034B0CD90004C
00000000000000168000000000000000
00000000000000100035000002EF8005
00000000000000000000000000000000
0000000000000010000100000159C015
00000000000000000000000000000000
1000000A600000020000000000000000
000000000000001009000000016D0001
00000000000000000000000000000000
0000000480000350090034B0CD90004C
00000000000000168000000000000000
000000000000001000350000033B8005
00000000000000000000000000000000
0000000000000010000100000159C215
00000000000000000000000000000000
60400002200000000000000000000000
00000000000000100900000001760001
00000000000000000000000000000000
00000000000000100900000001760001
00000000000000000000000000000000
1000000A600000020000000000000000
00000000000000100900000001640001
00000000000000000000000000000000
0000000480000350090034B0CD90004C
00000000000000168000000000000000
00000000000000100035000003158005
00000000000000000000000000000000
0000000000000010000100000159C115
00000000000000000000000000000000
60400002200000000000000000000000
000000000000001009000000017F0001
00000000000000000000000000000000
000000000000001009000000017F0001
00000000000000000000000000000000
20000082B00000000000000000000000
00000000000000000000001084000000
00000000000000000000000000000000
00000000000000100035000002EF8001
00000000000000000000000000000000
00000000000000100035000003158001
00000000000000000000000000000000
000000000000001000350000019A0001
00000000000000000000000000000000
60400002200000000000000000000000
00000000000000100900000001880001
00000000000000000000000000000000
00000000000000100900000001880001
00000000000000000000000000000000
1000100A600000020000000000000000
00000000000000100900000001880001
00000000000000000000000000000000
0000000480000350090034B0CD90004C
00000000000000168000000000000000
00000000000000100035000003AD8005
00000000000000000000000000000000
0000000000000010000100000159C515
00000000000000000000000000000000
60400002200000000000000000000000
00000000000000100900000001910001
00000000000000000000000000000000
00000000000000100900000001910001
00000000000000000000000000000000
1000000A600000020000000000000000
00000000000000100900000001760001
00000000000000000000000000000000
0000000480000350090034B0CD90004C
00000000000000168000000000000000
00000000000000100035000003618005
00000000000000000000000000000000
0000000000000010000100000159C315
00000000000000000000000000000000
20000083B00000000000000000000000
00000000000000000000001085000000
00000000000000000000000000000000
000000000000001000350000019A0001
00000000000000000000000000000000
00000000000000100035000003618001
00000000000000000000000000000000
000000000000001000350000033B8001
00000000000000000000000000000000
000000000000001000350000019A0001
00000000000000000000000000000000
1000000A600000020000000000000000
000000000000001009000000017F0001
00000000000000000000000000000000
0000000480000350090034B0CD90004C
00000000000000168000000000000000
00000000000000100035000003878005
00000000000000000000000000000000
0000000000000010000100000159C415
00000000000000000000000000000000
20000083B00000000000000000000000
00000000000000000000001085000000
00000000000000000000000000000000
000000000000001000350000019A0001
00000000000000000000000000000000
00000000000000100035000003AD8001
00000000000000000000000000000000
00000000000000100035000003878001
00000000000000000000000000000000
000000000000001000350000019A0001
00000000000000000000000000000000
10001002600000010000000000000000
00000000000000100900000001910001
00000000000000000000000000000000
000000090000035009003537CDA00008
00000000000000000000000000000000
00000000000000100035000003D38005
00000000000000000000000000000000
20000082B00000000000000000000000
00000000000000000000001802000000
00000000000000000000000000000000
000000000000001000350000019A0001
00000000000000000000000000000000
00000000000000100035000003D38001
00000000000000000000000000000000
000000000000001000350000019A0001
00000000000000000000000000000000
60400102200000000000000000000000
000000000000001014000000019A0001
00000000000000000000000000000000
000000000000001014000000019A0001
00000000000000000000000000000000
20000002300000000000000000000000
00000000000000000000001000000000
00000000000000000000000000000000
00000000000000105000000000000001
00000000000000000000000000000000
00000000000000105000000000500001
00000000000000000000000000000000
80800000000000000000000000000000
20010002300000000000000000000000
00000000000000000000001000000000
00000000000000000000000000000000
00000000000000100004000000A08001
00000000000000000000000000000000
00000000000000100004000000A00001
00000000000000000000000000000000
40801102E00000000000000000000000
000000000000001014000000019A0001
00000000000000000000000000000000
00000000000000105000000000500001
00000000000000000000000000000000
00000000000000100014000000A08401
00000000000000000000000000000000
00000000000000105000000000000001
00000000000000000000000000000000
00FFFF80200000000000000000000000
00000000000000000001000003FFF015
00000000000000000000000000000000
40000002E00000001E3CE50800000000
00000000000000105000000000000001
00000000000000000000000000000000
00000000000000101400040000000000
00000000000000000000000000000000
00000000000000100004000000A00001
00000000000000000000000000000000
00000000000000101400000000A0C005
00000000000000000000000000000000
10000402600000010000000000000000
00000000000000101400000000A0C001
00000000000000000000000000000000
000000140000005014003538E5E00008
00000000000000000000000000000000
00000000000000100005000000B9C005
00000000000000000000000000000000
10000002600000010000000000000000
00000000000000101400000000A0C001
00000000000000000000000000000000
00000014000000D01400353881D00008
00000000000000000000000000000000
0000000000000010000D000000B4C005
00000000000000000000000000000000
60400082200000000000000000000000
00000000000000100500000000B4C001
00000000000000000000000000000000
00000000000000100500000000B4C001
00000000000000000000000000000000
20001004300000000000000000000000
00000000000000000000214000000000
00000000000000000000000000000000
00000000A000008000A0000000B4C001
00000000000000000000000000000000
00000000000000100001000000C2C001
00000000000000000000000000000000
80000002200000000000000000000000
00000000000000100500040000A00000
00000000000000000000000000000000
00000000000000100500000000BBC001
00000000000000000000000000000000
60400002200000000000000000000000
00000000000000100200000000B9C001
00000000000000000000000000000000
00000000000000100200000000B9C001
00000000000000000000000000000000
80000002200000000000000000000000
00000000000000100200040000B40000
00000000000000000000000000000000
00000000000000100200000000C0C001
00000000000000000000000000000000
20000002300000000000000000000000
0000078F394211280000001014050000
00000000000000000000000000000000
00000000000000100001000000C2C001
00000000000000000000000000000000
00000000000000100001000000C30001
00000000000000000000000000000000
80000002200000000000000000000000
00000000000000100040040000BC0000
00000000000000000000000000000000
00000000000000100040000000D04001
00000000000000000000000000000000
20004002F00000000000000000000000
00000000000000000000001840010000
00000000000000000000000000000000
00000000000000100500000000B4C001
00000000000000000000000000000000
00000000000000100500000000C30021
00000000000000000000000000000000
00000000000000100500000000BBC001
00000000000000000000000000000000
00000000000000100500000000C34001
00000000000000000000000000000000
10000102600000010000000000000000
00000000000000100500000000C34001
00000000000000000000000000000000
0000000500002000050035390DF00008
00000000000000000000000000000000
00000000000000100200000000D08005
00000000000000000000000000000000
20001004300000000000000000000000
00000000000000000000214000000000
00000000000000000000000000000000
00000000400000800040000000B9C001
00000000000000000000000000000000
00000000000000100001000000C2C001
00000000000000000000000000000000
20000002300000000000000000000000
0000078F394211000000001014050000
00000000000000000000000000000000
00000000000000100001000000C2C001
00000000000000000000000000000000
00000000000000100001000000C30001
00000000000000000000000000000000
20000002F00000000000000000000000
00000000000000000000001840010000
00000000000000000000000000000000
00000000000000100200000000B9C001
00000000000000000000000000000000
00000000000000100200000000C30021
00000000000000000000000000000000
00000000000000100200000000C0C001
00000000000000000000000000000000
00000000000000100200000000CA4001
00000000000000000000000000000000
20000003700000000000000000000000
00000000000000000000001801610240
00000000000000000000000000000000
00000000000000100040000000CC0001
00000000000000000000000000000000
00000000000000100040000000D04001
00000000000000000000000000000000
00000000000000100040000000D06001
00000000000000000000000000000000
00000000000000100040000000CC0001
00000000000000000000000000000000
41000102200000000000000000000000
00000000000000100200000000CA4001
00000000000000000000000000000000
00000000000000100200000000CC4001
00000000000000000000000000000000
80C00402200000000000000000000000
00000000000000100200000000CC4001
00000000000000000000000000000000
00000008000008000200040000C32000
00000000000000000000000000000000
20000083700000000000000000000000
00000000000000000000001801610240
00000000000000000000000000000000
00000000000000100040000000D24001
00000000000000000000000000000000
00000000000000100040000000D04001
00000000000000000000000000000000
00000000000000100040000000D06001
00000000000000000000000000000000
00000000000000100040000000D24001
00000000000000000000000000000000
50004102E00001710000000000000000
00000000000000100200000000D08001
00000000000000000000000000000000
00000008000008000080040000C32000
00000000000000000000000000000000
00000008000000100200080000000000
00000000000000000000000000000000
00000000000000100280000000D28001
00000000000000000000000000000000
20000804300000000000000000000000
0000000000000F4D413CC28000030000
00000000000000000000000000000000
00000000000000100280000000D28001
00000000000000000000000000000000
00000000000000100001000000D50001
00000000000000000000000000000000
20000006700000000000000000000000
0000000000000F4D413CC2500B030000
00000000000000000000000000000000
00000000000000100280000000D28001
00000000000000000000000000000000
00000000000000100280000000D50021
00000000000000000000000000000000
00000000000000100280000000D54001
00000000000000000000000000000000
00000000000000100001000000D7C001
00000000000000000000000000000000
80000002200000000000000000000000
00000000000000100001040000C30000
00000000000000000000000000000000
00000000000000100001000000DA8001
00000000000000000000000000000000
20000002300000000000000000000000
00000000000000000000001800000000
00000000000000000000000000000000
00000000000000100280000000D54001
00000000000000000000000000000000
00000000000000100280000000D80001
00000000000000000000000000000000
50400102E00001710000000000000000
00000000000000100280000000D80001
00000000000000000000000000000000
00000008000008000080040000C32000
00000000000000000000000000000000
00000008000000100200080000000000
00000000000000000000000000000000
00000000000000100200000000DB4001
00000000000000000000000000000000
20004002F00000000000000000000000
0000000000000000000000108B000000
00000000000000000000000000000000
00000000000000100001000000DA8001
00000000000000000000000000000000
00000000000000100001000000D50001
00000000000000000000000000000000
00000000000000100001000000D7C001
00000000000000000000000000000000
00000000000000100001000000DB0001
00000000000000000000000000000000
20000802700000000000000000000000
00000000000000000000001800040000
00000000000000000000000000000000
00000000000000100200000000DB4001
00000000000000000000000000000000
00000000000000100200000000DB0021
00000000000000000000000000000000
00000000000000100200000000DF4001
00000000000000000000000000000000
20000003700000000000000000000000
00000000000000000000001801810240
00000000000000000000000000000000
00000000000000100040000000E10001
00000000000000000000000000000000
00000000000000100040000000D04001
00000000000000000000000000000000
00000000000000100040000000D06001
00000000000000000000000000000000
00000000000000100040000000E10001
00000000000000000000000000000000
10000102600000000000000000000000
00000000000000100200000000DF4001
00000000000000000000000000000000
00000020000040000200353B8E000004
00000000000000000000000000000000
00000000000000100400000000E14001
00000000000000000000000000000000
61000082200000080000000000000000
00000000000000100400000000E14001
00000000000000000000000000000000
00000000000000103000000001114005
00000000000000000000000000000000
A0000002600000000000000000000000
00000000000000105000000000000001
00000000000000000000000000000000
00000000000000100001353881B00004
00000000000000000000000000000000
00000000000000100018000000A04001
00000000000000000000000000000000
20000002300000000000000000000000
00000000000000000000001000000000
00000000000000000000000000000000
00000000000000105000000000000001
00000000000000000000000000000000
00000000000000105000000000500001
00000000000000000000000000000000
10001002600000010000000000000000
00000000000000102000000001114001
00000000000000000000000000000000
00000020000003502000353F8E100008
00000000000000000000000000000000
00000000000000100035000001414005
00000000000000000000000000000000
60400082200000000000000000000000
00000000000000101400000001414001
00000000000000000000000000000000
00000000000000101400000001414001
00000000000000000000000000000000
40811102E00000000000000000000000
00000000000000101400000001414001
00000000000000000000000000000000
00000000000000105000000000500001
00000000000000000000000000000000
00000000000000100014000000A04401
00000000000000000000000000000000
00000000000000105000000000000001
00000000000000000000000000000000
40000002E00000001E3CE50800000000
00000000000000105000000000000001
00000000000000000000000000000000
00000000000000101400040000500000
00000000000000000000000000000000
00000000000000100004000000A04001
00000000000000000000000000000000
00000000000000101400000000A0C005
00000000000000000000000000000000
10000402600000000000000000000000
00000000000000101400000000A0C001
00000000000000000000000000000000
0000002800000040140035420E400004
00000000000000000000000000000000
00000000000000100004000001554001
00000000000000000000000000000000
20000082300000000000000000000000
00000000000000000000001030000000
00000000000000000000000000000000
00000000000000100004000001554001
00000000000000000000000000000000
00000000000000100004000001554001
00000000000000000000000000000000
60400102200000000000000000000000
00000000000000100180000001554001
00000000000000000000000000000000
00000000000000100180000001554001
00000000000000000000000000000000
80000002200000000000000000000000
00000000000000100180040000BD0000
00000000000000000000000000000000
0000000000000010018000000156C001
00000000000000000000000000000000
20005002B00000000000000000000000
00000000000000000000001002000000
00000000000000000000000000000000
00000000000000100180000001554001
00000000000000000000000000000000
0000000000000010018000000156C001
00000000000000000000000000000000
00000000000000100180000001584001
00000000000000000000000000000000
90800102200010060000000000000000
00000000000000100180000001584001
00000000000000000000000000000000
0000000000000010000600000159C015
00000000000000000000000000000000
2000800A300000000000000000000000
00000000000000000000001000000000
00000000000000000000000000000000
00000000000000100001000001554041
00000000000000000000400000000000
000000000000001000010000015A0001
00000000000000000000000000000000
0000000000000010000100000159C015
00000000000000000000000000000000
2000000A300000000000000000000000
00000000000000000000001000000000
00000000000000000000000000000000
00000000000000100001000001554041
00000000000000000000400000000000
000000000000001000010000015A0101
00000000000000000000000000000000
0000000000000010000100000159C115
00000000000000000000000000000000
2000000A300000000000000000000000
00000000000000000000001000000000
00000000000000000000000000000000
00000000000000100001000001554041
00000000000000000000400000000000
000000000000001000010000015A0201
00000000000000000000000000000000
0000000000000010000100000159C215
00000000000000000000000000000000
2000000A300000000000000000000000
00000000000000000000001000000000
00000000000000000000000000000000
00000000000000100001000001554041
00000000000000000000400000000000
000000000000001000010000015A0301
00000000000000000000000000000000
0000000000000010000100000159C315
00000000000000000000000000000000
80000002200000000000000000000000
00000000000000100001040005132000
00000000000000000000000000000000
000000000000001000010000015AC601
00000000000000000000000000000000
1000000A600000020000000000000000
00000000000000101400000000A0C001
00000000000000000000000000000000
0000000A00000180140035424A50004C
00000000000000168000000000000000
00000000000000100018000002DD8005
00000000000000000000000000000000
0000000000000010000100000159C015
00000000000000000000000000000000
2000000A300000000000000000000000
00000000000000000000001000000000
00000000000000000000000000000000
00000000000000100001000001554041
00000000000000000000400000000000
000000000000001000010000015A0401
00000000000000000000000000000000
0000000000000010000100000159C415
00000000000000000000000000000000
2000000A300000000000000000000000
00000000000000000000001000000000
00000000000000000000000000000000
00000000000000100001000001554041
00000000000000000000400000000000
000000000000001000010000015A0501
00000000000000000000000000000000
0000000000000010000100000159C515
00000000000000000000000000000000
20000004300000000000000000000000
00000000000000000000024000000000
00000000000000000000000000000000
000000000000001000060000015A0001
00000000000000000000000000000000
000000000000001000010000015A4001
00000000000000000000000000000000
10000002600000010000000000000000
00000000000000101400000000A0C001
00000000000000000000000000000000
0000001400000180140036504A700008
00000000000000000000000000000000
00000000000000100018000003C18005
00000000000000000000000000000000
10000002600000010000000000000000
00000000000000101400000000A0C001
00000000000000000000000000000000
000000140000018014003650FE800008
00000000000000000000000000000000
00000000000000100018000003CA8005
00000000000000000000000000000000
1000000A600000020000000000000000
00000000000000101400000000A0C001
00000000000000000000000000000000
0000000A00000180140035C94A60004C
00000000000000168000000000000000
00000000000000100018000002E68005
00000000000000000000000000000000
0000000000000010000100000159C015
00000000000000000000000000000000
1000000A600000020000000000000000
00000000000000101400000000A0C001
00000000000000000000000000000000
0000000A00000180140035424A50004C
00000000000000168000000000000000
00000000000000100018000003038005
00000000000000000000000000000000
0000000000000010000100000159C115
00000000000000000000000000000000
1000000A600000020000000000000000
00000000000000101400000000A0C001
00000000000000000000000000000000
0000000A00000180140035C94A60004C
00000000000000168000000000000000
000000000000001000180000030C8005
00000000000000000000000000000000
0000000000000010000100000159C115
00000000000000000000000000000000
1000000A600000020000000000000000
00000000000000101400000000A0C001
00000000000000000000000000000000
0000000A00000180140035424A50004C
00000000000000168000000000000000
00000000000000100018000003298005
00000000000000000000000000000000
0000000000000010000100000159C215
00000000000000000000000000000000
1000000A600000020000000000000000
00000000000000101400000000A0C001
00000000000000000000000000000000
0000000A00000180140035C94A60004C
00000000000000168000000000000000
00000000000000100018000003328005
00000000000000000000000000000000
0000000000000010000100000159C215
00000000000000000000000000000000
20000002300000000000000000000000
0000078F394200000000001004000000
00000000000000000000000000000000
000000000000001000010000015A4001
00000000000000000000000000000000
000000000000001000010000015A8001
00000000000000000000000000000000
1000000A600000020000000000000000
00000000000000101400000000A0C001
00000000000000000000000000000000
0000000A00000180140035424A50004C
00000000000000168000000000000000
000000000000001000180000034F8005
00000000000000000000000000000000
0000000000000010000100000159C315
00000000000000000000000000000000
1000000A600000020000000000000000
00000000000000101400000000A0C001
00000000000000000000000000000000
0000000A00000180140035C94A60004C
00000000000000168000000000000000
00000000000000100018000003588005
00000000000000000000000000000000
0000000000000010000100000159C315
00000000000000000000000000000000
1000000A600000020000000000000000
00000000000000101400000000A0C001
00000000000000000000000000000000
0000000A00000180140035424A50004C
00000000000000168000000000000000
00000000000000100018000003758005
00000000000000000000000000000000
0000000000000010000100000159C415
00000000000000000000000000000000
1000000A600000020000000000000000
00000000000000101400000000A0C001
00000000000000000000000000000000
0000000A00000180140035C94A60004C
00000000000000168000000000000000
000000000000001000180000037E8005
00000000000000000000000000000000
0000000000000010000100000159C415
00000000000000000000000000000000
1000000A600000020000000000000000
00000000000000101400000000A0C001
00000000000000000000000000000000
0000000A00000180140035424A50004C
00000000000000168000000000000000
000000000000001000180000039B8005
00000000000000000000000000000000
0000000000000010000100000159C515
00000000000000000000000000000000
20004002700000000000000000000000
00000FF00000000000000010C0040000
00000000000000000000000000000000
000000000000001000060000015A0001
00000000000000000000000000000000
000000000000001000060000015A8021
00000000000000000000000000000000
000000000000001000060000015AC001
00000000000000000000000000000000
1000000A600000020000000000000000
00000000000000101400000000A0C001
00000000000000000000000000000000
0000000A00000180140035C94A60004C
00000000000000168000000000000000
00000000000000100018000003A48005
00000000000000000000000000000000
0000000000000010000100000159C515
00000000000000000000000000000000
20000082F00000000000000000000000
00000000000000000000001A6800C000
00000000000000000000000000001048
00000026000000700018000002DD8001
00000000000000000000000000000000
000000000100007000180000015AC021
00000000000000000000000000000000
00000026000000700018000002E68001
00000000000000000000000000000000
000000090000007000180000015B0001
00000000000000000000000000000000
60400102200000000000000000000000
000000000000001009000000016D0001
00000000000000000000000000000000
000000000000001009000000016D0001
00000000000000000000000000000000
60400002200000000000000000000000
00000000000000100900000001640001
00000000000000000000000000000000
00000000000000100900000001640001
00000000000000000000000000000000
A0000002600000000000000000000000
00000000000000105000000000000001
00000000000000000000000000000000
0000000000000010000135420E200004
00000000000000000000000000000000
00000000000000100018000000A08001
00000000000000000000000000000000
60400002200000000000000000000000
000000000000001009000000015B0001
00000000000000000000000000000000
000000000000001009000000015B0001
00000000000000000000000000000000
1000100A600000020000000000000000
000000000000001009000000015B0001
00000000000000000000000000000000
000000048000035009003651B290004C
00000000000000168000000000000000
00000000000000100035000002EF8005
00000000000000000000000000000000
0000000000000010000100000159C015
00000000000000000000000000000000
1000000A600000020000000000000000
000000000000001009000000016D0001
00000000000000000000000000000000
000000048000035009003651B290004C
00000000000000168000000000000000
000000000000001000350000033B8005
00000000000000000000000000000000
0000000000000010000100000159C215
00000000000000000000000000000000
60400002200000000000000000000000
00000000000000100900000001760001
00000000000000000000000000000000
00000000000000100900000001760001
00000000000000000000000000000000
1000000A600000020000000000000000
00000000000000100900000001640001
00000000000000000000000000000000
000000048000035009003651B290004C
00000000000000168000000000000000
00000000000000100035000003158005
00000000000000000000000000000000
0000000000000010000100000159C115
00000000000000000000000000000000
60400002200000000000000000000000
000000000000001009000000017F0001
00000000000000000000000000000000
000000000000001009000000017F0001
00000000000000000000000000000000
20000082B00000000000000000000000
00000000000000000000001084000000
00000000000000000000000000000000
00000000000000100035000002EF8001
00000000000000000000000000000000
00000000000000100035000003158001
00000000000000000000000000000000
000000000000001000350000019A0001
00000000000000000000000000000000
60400002200000000000000000000000
00000000000000100900000001880001
00000000000000000000000000000000
00000000000000100900000001880001
00000000000000000000000000000000
1000100A600000020000000000000000
00000000000000100900000001880001
00000000000000000000000000000000
000000048000035009003651B290004C
00000000000000168000000000000000
00000000000000100035000003AD8005
00000000000000000000000000000000
0000000000000010000100000159C515
00000000000000000000000000000000
60400002200000000000000000000000
00000000000000100900000001910001
00000000000000000000000000000000
00000000000000100900000001910001
00000000000000000000000000000000
1000000A600000020000000000000000
00000000000000100900000001760001
00000000000000000000000000000000
000000048000035009003651B290004C
00000000000000168000000000000000
00000000000000100035000003618005
00000000000000000000000000000000
0000000000000010000100000159C315
00000000000000000000000000000000
20000083B00000000000000000000000
00000000000000000000001085000000
00000000000000000000000000000000
000000000000001000350000019A0001
00000000000000000000000000000000
00000000000000100035000003618001
00000000000000000000000000000000
000000000000001000350000033B8001
00000000000000000000000000000000
000000000000001000350000019A0001
00000000000000000000000000000000
1000000A600000020000000000000000
000000000000001009000000017F0001
00000000000000000000000000000000
000000048000035009003651B290004C
00000000000000168000000000000000
00000000000000100035000003878005
00000000000000000000000000000000
0000000000000010000100000159C415
00000000000000000000000000000000
20000083B00000000000000000000000
00000000000000000000001085000000
00000000000000000000000000000000
000000000000001000350000019A0001
00000000000000000000000000000000
00000000000000100035000003AD8001
00000000000000000000000000000000
00000000000000100035000003878001
00000000000000000000000000000000
000000000000001000350000019A0001
00000000000000000000000000000000
10001002600000010000000000000000
00000000000000100900000001910001
00000000000000000000000000000000
0000000900000350090036D8B2A00008
00000000000000000000000000000000
00000000000000100035000003D38005
00000000000000000000000000000000
20000082B00000000000000000000000
00000000000000000000001802000000
00000000000000000000000000000000
000000000000001000350000019A0001
00000000000000000000000000000000
00000000000000100035000003D38001
00000000000000000000000000000000
000000000000001000350000019A0001
00000000000000000000000000000000
60400102200000000000000000000000
000000000000001014000000019A0001
00000000000000000000000000000000
000000000000001014000000019A0001
00000000000000000000000000000000
20000002300000000000000000000000
00000000000000000000001000000000
00000000000000000000000000000000
00000000000000105000000000000001
00000000000000000000000000000000
00000000000000105000000000500001
00000000000000000000000000000000
80800000000000000000000000000000
20010002300000000000000000000000
00000000000000000000001000000000
00000000000000000000000000000000
00000000000000100004000000A08001
00000000000000000000000000000000
00000000000000100004000000A00001
00000000000000000000000000000000
40801102E00000000000000000000000
000000000000001014000000019A0001
00000000000000000000000000000000
00000000000000105000000000500001
00000000000000000000000000000000
00000000000000100014000000A08401
00000000000000000000000000000000
00000000000000105000000000000001
00000000000000000000000000000000
00FFFF80200000000000000000000000
00000000000000000001000003FFF015
00000000000000000000000000000000
40000002E00000001E3CE50800000000
00000000000000105000000000000001
00000000000000000000000000000000
00000000000000101400040000000000
00000000000000000000000000000000
00000000000000100004000000A00001
00000000000000000000000000000000
00000000000000101400000000A0C005
00000000000000000000000000000000
80000002200000000000000000000000
00000000000000100500040000A00000
00000000000000000000000000000000
00000000000000100500000000BBC001
00000000000000000000000000000000
00000000000000000000000000000000
00000000000000000000000000000000
00000000000000000000000000000000
00000000000000000000000000000000
00000000000000000000000000000000
80000002200000000000000000000000
00000000000000100200040000B40000
00000000000000000000000000000000
00000000000000100200000000C0C001
00000000000000000000000000000000
10000402600000010000000000000000
00000000000000101400000000A0C001
00000000000000000000000000000000
00000014000000D0140036D966D00008
00000000000000000000000000000000
0000000000000010000D000000B4C005
00000000000000000000000000000000
60400082200000000000000000000000
00000000000000100500000000B4C001
00000000000000000000000000000000
00000000000000100500000000B4C001
00000000000000000000000000000000
10000002600000010000000000000000
00000000000000101400000000A0C001
00000000000000000000000000000000
0000001400000050140036D9CAE00008
00000000000000000000000000000000
00000000000000100005000000B9C005
00000000000000000000000000000000
20001004300000000000000000000000
00000000000000000000214000000000
00000000000000000000000000000000
00000000A000008000A0000000B4C001
00000000000000000000000000000000
00000000000000100001000000C2C001
00000000000000000000000000000000
20000002300000000000000000000000
0000078F394211280000001014050000
00000000000000000000000000000000
00000000000000100001000000C2C001
00000000000000000000000000000000
00000000000000100001000000C30001
00000000000000000000000000000000
60400082200000000000000000000000
00000000000000100200000000B9C001
00000000000000000000000000000000
00000000000000100200000000B9C001
00000000000000000000000000000000
00000000000000000000000000000000
10000002600000000000000000000000
00000000000000101400000000A0C001
00000000000000000000000000000000
00000028000000A0140036D9F2F00004
00000000000000000000000000000000
0000000000000010000A000002950001
00000000000000000000000000000000
20004002F00000000000000000000000
00000000000000000000001840010000
00000000000000000000000000000000
00000000000000100500000000B4C001
00000000000000000000000000000000
00000000000000100500000000C30021
00000000000000000000000000000000
00000000000000100500000000BBC001
00000000000000000000000000000000
00000000000000100500000000C34001
00000000000000000000000000000000
60400002200000000000000000000000
00000000000000100020000002990001
00000000000000000000000000000000
00000000000000100020000002990001
00000000000000000000000000000000
10000102600000010000000000000000
00000000000000100500000000C34001
00000000000000000000000000000000
00000005000002A0050036E51A400008
00000000000000000000000000000000
0000000000000010002A000002994005
00000000000000000000000000000000
60400082200000000000000000000000
00000000000000101000000002994001
00000000000000000000000000000000
00000000000000101000000002994001
00000000000000000000000000000000
20001004300000000000000000000000
00000000000000000000214000000000
00000000000000000000000000000000
00000000400000800040000000B9C001
00000000000000000000000000000000
00000000000000100001000000C2C001
00000000000000000000000000000000
20000002300000000000000000000000
0000078F394211000000001014050000
00000000000000000000000000000000
00000000000000100001000000C2C001
00000000000000000000000000000000
00000000000000100001000000C30001
00000000000000000000000000000000
20000002F00000000000000000000000
00000000000000000000001840010000
00000000000000000000000000000000
00000000000000100200000000B9C001
00000000000000000000000000000000
00000000000000100200000000C30021
00000000000000000000000000000000
00000000000000100200000000C0C001
00000000000000000000000000000000
00000000000000100200000000CA4001
00000000000000000000000000000000
60400002200000000000000000000000
00000000000000100400000002950001
00000000000000000000000000000000
00000000000000100400000002950001
00000000000000000000000000000000
10000002600000010000000000000000
00000000000000100500000000C34001
00000000000000000000000000000000
0000000500002000050036DA98100008
00000000000000000000000000000000
00000000000000100200000000D08005
00000000000000000000000000000000
80000002200000000000000000000000
00000000000000100040040000BC0000
00000000000000000000000000000000
00000000000000100040000000D04001
00000000000000000000000000000000
90000000600000000000000000000008
00000000000000101000000002994001
00000000000000000000000000000000
00000000000000100020000002990001
00000000000000000000000000000000
00000000000000000000000000000000
00000000000000000000000000000000
00000000000000000000000000000000
00000000000000000000000000000000
00000000000000000000000000000000
00000000000000000000000000000000
00000000000000000000000000000000
00000000000000000000000000000000
00000000000000000000000000000000
00000000000000000000000000000000
00000000000000000000000000000000
00000000000000000000000000000000
00000000000000000000000000000000
00000000000000000000000000000000
00000000000000000000000000000000
00000000000000000000000000000000
00000000000000000000000000000000
00000000000000000000000000000000
00000000000000000000000000000000
00000000000000000000000000000000
00000000000000000000000000000000
00000000000000000000000000000000
00000000000000000000000000000000
90400000000000080008000000000008
90800000000002000000000000000008
60808002000000000000020000000000
00000000000000100200000002A94015
00000000000000000000000000000000
20004003700000000000000000000000
00000000000000000000001801610240
00000000000000000000000000000000
00000000000000100040000000CC0001
00000000000000000000000000000000
00000000000000100040000000D04001
00000000000000000000000000000000
00000000000000100040000000D06001
00000000000000000000000000000000
00000000000000100040000000CC0001
00000000000000000000000000000000
20000083700000000000000000000000
00000000000000000000001801610240
00000000000000000000000000000000
00000000000000100040000000D24001
00000000000000000000000000000000
00000000000000100040000000D04001
00000000000000000000000000000000
00000000000000100040000000D06001
00000000000000000000000000000000
00000000000000100040000000D24001
00000000000000000000000000000000
41000102200000000000000000000000
00000000000000100200000000CA4001
00000000000000000000000000000000
00000000000000100200000000CC4001
00000000000000000000000000000000
80C00402200000000000000000000000
00000000000000100200000000CC4001
00000000000000000000000000000000
00000008000008000200040000C32000
00000000000000000000000000000000
80000002200000000000000000000000
00000000000000100001040000C30000
00000000000000000000000000000000
00000000000000100001000000DA8001
00000000000000000000000000000000
A0000002600000000000000000000000
00000000000000105000000000000001
00000000000000000000000000000000
0000000000000010000136D966B00004
00000000000000000000000000000000
00000000000000100018000000A04001
00000000000000000000000000000000
20000002300000000000000000000000
00000000000000000000001000000000
00000000000000000000000000000000
00000000000000105000000000000001
00000000000000000000000000000000
00000000000000105000000000500001
00000000000000000000000000000000
80000002200000000000000000000000
00000000000000100180040000BD0000
00000000000000000000000000000000
0000000000000010018000000156C001
00000000000000000000000000000000
80000002200000000000000000000000
00000000000000100001040005132000
00000000000000000000000000000000
000000000000001000010000015AC601
00000000000000000000000000000000
6140000A200000080000020000000040
00000008000000100200020155800000
00000000000000000000000000000000
00000008000000100200080010000000
00000000000000000000000000000000
00000000000000100200000002A94015
00000000000000000000000000000000
50005002E00001710000000000000000
00000000000000100200000000D08001
00000000000000000000000000000000
00000008000008000080040000C32000
00000000000000000000000000000000
00000008000000100200080010000000
00000000000000000000000000000000
00000000000000100280000000D28001
00000000000000000000000000000000
20000804300000000000000000000000
0000000000000F4D413CC28000030000
00000000000000000000000000000000
00000000000000100280000000D28001
00000000000000000000000000000000
00000000000000100001000000D50001
00000000000000000000000000000000
20000006700000000000000000000000
0000000000000F4D413CC2500B030000
00000000000000000000000000000000
00000000000000100280000000D28001
00000000000000000000000000000000
00000000000000100280000000D50021
00000000000000000000000000000000
00000000000000100280000000D54001
00000000000000000000000000000000
00000000000000100001000000D7C001
00000000000000000000000000000000
20000002300000000000000000000000
00000000000000000000001800000000
00000000000000000000000000000000
00000000000000100280000000D54001
00000000000000000000000000000000
00000000000000100280000000D80001
00000000000000000000000000000000
50400102E00001710000000000000000
00000000000000100280000000D80001
00000000000000000000000000000000
00000008000008000080040000C32000
00000000000000000000000000000000
00000008000000100200080010000000
00000000000000000000000000000000
00000000000000100200000000DB4001
00000000000000000000000000000000
20000002F00000000000000000000000
0000000000000000000000108B000000
00000000000000000000000000000000
00000000000000100001000000DA8001
00000000000000000000000000000000
00000000000000100001000000D50001
00000000000000000000000000000000
00000000000000100001000000D7C001
00000000000000000000000000000000
00000000000000100001000000DB0001
00000000000000000000000000000000
20000802700000000000000000000000
00000000000000000000001800040000
00000000000000000000000000000000
00000000000000100200000000DB4001
00000000000000000000000000000000
00000000000000100200000000DB0021
00000000000000000000000000000000
00000000000000100200000000DF4001
00000000000000000000000000000000
20000003700000000000000000000000
00000000000000000000001801810240
00000000000000000000000000000000
00000000000000100040000000E10001
00000000000000000000000000000000
00000000000000100040000000D04001
00000000000000000000000000000000
00000000000000100040000000D06001
00000000000000000000000000000000
00000000000000100040000000E10001
00000000000000000000000000000000
10000102600000000000000000000000
00000000000000100200000000DF4001
00000000000000000000000000000000
0000002000004000020036E56A500004
00000000000000000000000000000000
00000000000000100400000000E14001
00000000000000000000000000000000
61000082200000080000000000000000
00000000000000100400000000E14001
00000000000000000000000000000000
00000000000000103000000001114005
00000000000000000000000000000000
10001002600000010000000000000000
00000000000000102000000001114001
00000000000000000000000000000000
0000002000000350200036E96A600008
00000000000000000000000000000000
00000000000000100035000001414005
00000000000000000000000000000000
60400082200000000000000000000000
00000000000000101400000001414001
00000000000000000000000000000000
00000000000000101400000001414001
00000000000000000000000000000000
40811002E00000000000000000000000
00000000000000101400000001414001
00000000000000000000000000000000
00000000000000105000000000500001
00000000000000000000000000000000
00000000000000100014000000A04401
00000000000000000000000000000000
00000000000000105000000000000001
00000000000000000000000000000000
40000002E00000001E3CE50800000000
00000000000000105000000000000001
00000000000000000000000000000000
00000000000000101400040000500000
00000000000000000000000000000000
00000000000000100004000000A04001
00000000000000000000000000000000
00000000000000101400000000A0C005
00000000000000000000000000000000
10000402600000000000000000000000
00000000000000101400000000A0C001
00000000000000000000000000000000
0000002800000040140036EBEA900004
00000000000000000000000000000000
00000000000000100004000001554001
00000000000000000000000000000000
20000082300000000000000000000000
00000000000000000000001030000000
00000000000000000000000000000000
00000000000000100004000001554001
00000000000000000000000000000000
00000000000000100004000001554001
00000000000000000000000000000000
10000002600000010000000000000000
00000000000000101400000000A0C001
00000000000000000000000000000000
0000001400000180140037FA26C00008
00000000000000000000000000000000
00000000000000100018000003C18005
00000000000000000000000000000000
60400102200000000000000000000000
00000000000000100180000001554001
00000000000000000000000000000000
00000000000000100180000001554001
00000000000000000000000000000000
10000002600000010000000000000000
00000000000000101400000000A0C001
00000000000000000000000000000000
0000001400000180140037FADAD00008
00000000000000000000000000000000
00000000000000100018000003CA8005
00000000000000000000000000000000
A0000002600000000000000000000000
00000000000000105000000000000001
00000000000000000000000000000000
0000000000000010000136EBEA700004
00000000000000000000000000000000
00000000000000100018000000A08001
00000000000000000000000000000000
20000002300000000000000000000000
00000000000000000000001000000000
00000000000000000000000000000000
00000000000000105000000000000001
00000000000000000000000000000000
00000000000000105000000000500001
00000000000000000000000000000000
20001002B00000000000000000000000
00000000000000000000001002000000
00000000000000000000000000000000
00000000000000100180000001554001
00000000000000000000000000000000
0000000000000010018000000156C001
00000000000000000000000000000000
00000000000000100180000001584001
00000000000000000000000000000000
90800102200010060000000000000000
00000000000000100180000001584001
00000000000000000000000000000000
0000000000000010000600000159C015
00000000000000000000000000000000
2000800A300000000000000000000000
00000000000000000000001000000000
00000000000000000000000000000000
00000000000000100001000001554041
00000000000000000000400000000000
000000000000001000010000015A0001
00000000000000000000000000000000
0000000000000010000100000159C015
00000000000000000000000000000000
2000000A300000000000000000000000
00000000000000000000001000000000
00000000000000000000000000000000
00000000000000100001000001554041
00000000000000000000400000000000
000000000000001000010000015A0101
00000000000000000000000000000000
0000000000000010000100000159C115
00000000000000000000000000000000
1000000A600000020000000000000000
00000000000000101400000000A0C001
00000000000000000000000000000000
0000000A00000180140036EC26A0004C
00000000000000168000000000000000
00000000000000100018000002DD8005
00000000000000000000000000000000
0000000000000010000100000159C015
00000000000000000000000000000000
2000000A300000000000000000000000
00000000000000000000001000000000
00000000000000000000000000000000
00000000000000100001000001554041
00000000000000000000400000000000
000000000000001000010000015A0201
00000000000000000000000000000000
0000000000000010000100000159C215
00000000000000000000000000000000
2000000A300000000000000000000000
00000000000000000000001000000000
00000000000000000000000000000000
00000000000000100001000001554041
00000000000000000000400000000000
000000000000001000010000015A0301
00000000000000000000000000000000
0000000000000010000100000159C315
00000000000000000000000000000000
1000000A600000020000000000000000
00000000000000101400000000A0C001
00000000000000000000000000000000
0000000A000001801400377326B0004C
00000000000000168000000000000000
00000000000000100018000002E68005
00000000000000000000000000000000
0000000000000010000100000159C015
00000000000000000000000000000000
2000000A300000000000000000000000
00000000000000000000001000000000
00000000000000000000000000000000
00000000000000100001000001554041
00000000000000000000400000000000
000000000000001000010000015A0401
00000000000000000000000000000000
0000000000000010000100000159C415
00000000000000000000000000000000
1000000A600000020000000000000000
00000000000000101400000000A0C001
00000000000000000000000000000000
0000000A00000180140036EC26A0004C
00000000000000168000000000000000
00000000000000100018000003038005
00000000000000000000000000000000
0000000000000010000100000159C115
00000000000000000000000000000000
1000000A600000020000000000000000
00000000000000101400000000A0C001
00000000000000000000000000000000
0000000A000001801400377326B0004C
00000000000000168000000000000000
000000000000001000180000030C8005
00000000000000000000000000000000
0000000000000010000100000159C115
00000000000000000000000000000000
1000000A600000020000000000000000
00000000000000101400000000A0C001
00000000000000000000000000000000
0000000A00000180140036EC26A0004C
00000000000000168000000000000000
00000000000000100018000003298005
00000000000000000000000000000000
0000000000000010000100000159C215
00000000000000000000000000000000
2000000A300000000000000000000000
00000000000000000000001000000000
00000000000000000000000000000000
00000000000000100001000001554041
00000000000000000000400000000000
000000000000001000010000015A0501
00000000000000000000000000000000
0000000000000010000100000159C515
00000000000000000000000000000000
1000000A600000020000000000000000
00000000000000101400000000A0C001
00000000000000000000000000000000
0000000A000001801400377326B0004C
00000000000000168000000000000000
00000000000000100018000003328005
00000000000000000000000000000000
0000000000000010000100000159C215
00000000000000000000000000000000
1000000A600000020000000000000000
00000000000000101400000000A0C001
00000000000000000000000000000000
0000000A00000180140036EC26A0004C
00000000000000168000000000000000
000000000000001000180000034F8005
00000000000000000000000000000000
0000000000000010000100000159C315
00000000000000000000000000000000
1000000A600000020000000000000000
00000000000000101400000000A0C001
00000000000000000000000000000000
0000000A000001801400377326B0004C
00000000000000168000000000000000
00000000000000100018000003588005
00000000000000000000000000000000
0000000000000010000100000159C315
00000000000000000000000000000000
20000004300000000000000000000000
00000000000000000000024000000000
00000000000000000000000000000000
000000000000001000060000015A0001
00000000000000000000000000000000
000000000000001000010000015A4001
00000000000000000000000000000000
1000000A600000020000000000000000
00000000000000101400000000A0C001
00000000000000000000000000000000
0000000A00000180140036EC26A0004C
00000000000000168000000000000000
00000000000000100018000003758005
00000000000000000000000000000000
0000000000000010000100000159C415
00000000000000000000000000000000
1000000A600000020000000000000000
00000000000000101400000000A0C001
00000000000000000000000000000000
0000000A000001801400377326B0004C
00000000000000168000000000000000
000000000000001000180000037E8005
00000000000000000000000000000000
0000000000000010000100000159C415
00000000000000000000000000000000
1000000A600000020000000000000000
00000000000000101400000000A0C001
00000000000000000000000000000000
0000000A00000180140036EC26A0004C
00000000000000168000000000000000
000000000000001000180000039B8005
00000000000000000000000000000000
0000000000000010000100000159C515
00000000000000000000000000000000
1000000A600000020000000000000000
00000000000000101400000000A0C001
00000000000000000000000000000000
0000000A000001801400377326B0004C
00000000000000168000000000000000
00000000000000100018000003A48005
00000000000000000000000000000000
0000000000000010000100000159C515
00000000000000000000000000000000
20000002300000000000000000000000
0000078F394200000000001004000000
00000000000000000000000000000000
000000000000001000010000015A4001
00000000000000000000000000000000
000000000000001000010000015A8001
00000000000000000000000000000000
20000002700000000000000000000000
00000FF00000000000000010C0040000
00000000000000000000000000000000
000000000000001000060000015A0001
00000000000000000000000000000000
000000000000001000060000015A8021
00000000000000000000000000000000
000000000000001000060000015AC001
00000000000000000000000000000000
20000082F00000000000000000000000
00000000000000000000001A6800C000
00000000000000000000000000001048
00000026000000700018000002DD8001
00000000000000000000000000000000
000000000100007000180000015AC021
00000000000000000000000000000000
00000026000000700018000002E68001
00000000000000000000000000000000
000000090000007000180000015B0001
00000000000000000000000000000000
80800000000000000000000000000000
60400102200000000000000000000000
000000000000001009000000015B0001
00000000000000000000000000000000
000000000000001009000000015B0001
00000000000000000000000000000000
1000100A600000020000000000000000
000000000000001009000000015B0001
00000000000000000000000000000000
0000000480000350090037FB8EE0004C
00000000000000168000000000000000
00000000000000100035000002EF8005
00000000000000000000000000000000
0000000000000010000100000159C015
00000000000000000000000000000000
60400002200000000000000000000000
00000000000000100900000001640001
00000000000000000000000000000000
00000000000000100900000001640001
00000000000000000000000000000000
1000100A600000020000000000000000
00000000000000100900000001640001
00000000000000000000000000000000
0000000480000350090037FB8EE0004C
00000000000000168000000000000000
00000000000000100035000003158005
00000000000000000000000000000000
0000000000000010000100000159C115
00000000000000000000000000000000
60400002200000000000000000000000
000000000000001009000000016D0001
00000000000000000000000000000000
000000000000001009000000016D0001
00000000000000000000000000000000
20010002300000000000000000000000
00000000000000000000001000000000
00000000000000000000000000000000
00000000000000100004000000A08001
00000000000000000000000000000000
00000000000000100004000000A00001
00000000000000000000000000000000
20000082B00000000000000000000000
00000000000000000000001084000000
00000000000000000000000000000000
00000000000000100035000002EF8001
00000000000000000000000000000000
00000000000000100035000003158001
00000000000000000000000000000000
000000000000001000350000019A0001
00000000000000000000000000000000
60400002200000000000000000000000
00000000000000100900000001760001
00000000000000000000000000000000
00000000000000100900000001760001
00000000000000000000000000000000
60400002200000000000000000000000
000000000000001009000000017F0001
00000000000000000000000000000000
000000000000001009000000017F0001
00000000000000000000000000000000
60400002200000000000000000000000
00000000000000100900000001880001
00000000000000000000000000000000
00000000000000100900000001880001
00000000000000000000000000000000
1000100A600000020000000000000000
000000000000001009000000016D0001
00000000000000000000000000000000
0000000480000350090037FB8EE0004C
00000000000000168000000000000000
000000000000001000350000033B8005
00000000000000000000000000000000
0000000000000010000100000159C215
00000000000000000000000000000000
1000000A600000020000000000000000
00000000000000100900000001760001
00000000000000000000000000000000
0000000480000350090037FB8EE0004C
00000000000000168000000000000000
00000000000000100035000003618005
00000000000000000000000000000000
0000000000000010000100000159C315
00000000000000000000000000000000
60400002200000000000000000000000
00000000000000100900000001910001
00000000000000000000000000000000
00000000000000100900000001910001
00000000000000000000000000000000
20000083B00000000000000000000000
00000000000000000000001085000000
00000000000000000000000000000000
000000000000001000350000019A0001
00000000000000000000000000000000
00000000000000100035000003618001
00000000000000000000000000000000
000000000000001000350000033B8001
00000000000000000000000000000000
000000000000001000350000019A0001
00000000000000000000000000000000
1000000A600000020000000000000000
000000000000001009000000017F0001
00000000000000000000000000000000
0000000480000350090037FB8EE0004C
00000000000000168000000000000000
00000000000000100035000003878005
00000000000000000000000000000000
0000000000000010000100000159C415
00000000000000000000000000000000
1000000A600000020000000000000000
00000000000000100900000001880001
00000000000000000000000000000000
0000000480000350090037FB8EE0004C
00000000000000168000000000000000
00000000000000100035000003AD8005
00000000000000000000000000000000
0000000000000010000100000159C515
00000000000000000000000000000000
20000083B00000000000000000000000
00000000000000000000001085000000
00000000000000000000000000000000
000000000000001000350000019A0001
00000000000000000000000000000000
00000000000000100035000003AD8001
00000000000000000000000000000000
00000000000000100035000003878001
00000000000000000000000000000000
000000000000001000350000019A0001
00000000000000000000000000000000
10001002600000010000000000000000
00000000000000100900000001910001
00000000000000000000000000000000
0000000900000350090038828EF00008
00000000000000000000000000000000
00000000000000100035000003D38005
00000000000000000000000000000000
20000082B00000000000000000000000
00000000000000000000001802000000
00000000000000000000000000000000
000000000000001000350000019A0001
00000000000000000000000000000000
00000000000000100035000003D38001
00000000000000000000000000000000
000000000000001000350000019A0001
00000000000000000000000000000000
60400102200000000000000000000000
000000000000001014000000019A0001
00000000000000000000000000000000
000000000000001014000000019A0001
00000000000000000000000000000000
40801002E00000000000000000000000
000000000000001014000000019A0001
00000000000000000000000000000000
00000000000000105000000000500001
00000000000000000000000000000000
00000000000000100014000000A08401
00000000000000000000000000000000
00000000000000105000000000000001
00000000000000000000000000000000
00FFFF80200000000000000000000000
00000000000000000001000003FFF015
00000000000000000000000000000000
40000002E00000001E3CE50800000000
00000000000000105000000000000001
00000000000000000000000000000000
00000000000000101400040000000000
00000000000000000000000000000000
00000000000000100004000000A00001
00000000000000000000000000000000
00000000000000101400000000A0C005
00000000000000000000000000000000
10000402600000010000000000000000
00000000000000101400000000A0C001
00000000000000000000000000000000
000000140000005014003883A7300008
00000000000000000000000000000000
00000000000000100005000000B9C005
00000000000000000000000000000000
10000002600000010000000000000000
00000000000000101400000000A0C001
00000000000000000000000000000000
00000014000000D01400388343200008
00000000000000000000000000000000
0000000000000010000D000000B4C005
00000000000000000000000000000000
60400082200000000000000000000000
00000000000000100500000000B4C001
00000000000000000000000000000000
00000000000000100500000000B4C001
00000000000000000000000000000000
20001004300000000000000000000000
00000000000000000000214000000000
00000000000000000000000000000000
00000000A000008000A0000000B4C001
00000000000000000000000000000000
00000000000000100001000000C2C001
00000000000000000000000000000000
80000002200000000000000000000000
00000000000000100500040000A00000
00000000000000000000000000000000
00000000000000100500000000BBC001
00000000000000000000000000000000
60400002200000000000000000000000
00000000000000100200000000B9C001
00000000000000000000000000000000
00000000000000100200000000B9C001
00000000000000000000000000000000
80000002200000000000000000000000
00000000000000100200040000B40000
00000000000000000000000000000000
00000000000000100200000000C0C001
00000000000000000000000000000000
20000002300000000000000000000000
0000078F394211280000001014050000
00000000000000000000000000000000
00000000000000100001000000C2C001
00000000000000000000000000000000
00000000000000100001000000C30001
00000000000000000000000000000000
80000002200000000000000000000000
00000000000000100040040000BC0000
00000000000000000000000000000000
00000000000000100040000000D04001
00000000000000000000000000000000
20004002F00000000000000000000000
00000000000000000000001840010000
00000000000000000000000000000000
00000000000000100500000000B4C001
00000000000000000000000000000000
00000000000000100500000000C30021
00000000000000000000000000000000
00000000000000100500000000BBC001
00000000000000000000000000000000
00000000000000100500000000C34001
00000000000000000000000000000000
10000102600000010000000000000000
00000000000000100500000000C34001
00000000000000000000000000000000
000000050000200005003883CF400008
00000000000000000000000000000000
00000000000000100200000000D08005
00000000000000000000000000000000
20001004300000000000000000000000
00000000000000000000214000000000
00000000000000000000000000000000
00000000400000800040000000B9C001
00000000000000000000000000000000
00000000000000100001000000C2C001
00000000000000000000000000000000
20000002300000000000000000000000
0000078F394211000000001014050000
00000000000000000000000000000000
00000000000000100001000000C2C001
00000000000000000000000000000000
00000000000000100001000000C30001
00000000000000000000000000000000
20000002F00000000000000000000000
00000000000000000000001840010000
00000000000000000000000000000000
00000000000000100200000000B9C001
00000000000000000000000000000000
00000000000000100200000000C30021
00000000000000000000000000000000
00000000000000100200000000C0C001
00000000000000000000000000000000
00000000000000100200000000CA4001
00000000000000000000000000000000
20000003700000000000000000000000
00000000000000000000001801610240
00000000000000000000000000000000
00000000000000100040000000CC0001
00000000000000000000000000000000
00000000000000100040000000D04001
00000000000000000000000000000000
00000000000000100040000000D06001
00000000000000000000000000000000
00000000000000100040000000CC0001
00000000000000000000000000000000
41000102200000000000000000000000
00000000000000100200000000CA4001
00000000000000000000000000000000
00000000000000100200000000CC4001
00000000000000000000000000000000
80C00402200000000000000000000000
00000000000000100200000000CC4001
00000000000000000000000000000000
00000008000008000200040000C32000
00000000000000000000000000000000
20000083700000000000000000000000
00000000000000000000001801610240
00000000000000000000000000000000
00000000000000100040000000D24001
00000000000000000000000000000000
00000000000000100040000000D04001
00000000000000000000000000000000
00000000000000100040000000D06001
00000000000000000000000000000000
00000000000000100040000000D24001
00000000000000000000000000000000
50004102E00001710000000000000000
00000000000000100200000000D08001
00000000000000000000000000000000
00000008000008000080040000C32000
00000000000000000000000000000000
00000008000000100200080010000000
00000000000000000000000000000000
00000000000000100280000000D28001
00000000000000000000000000000000
20000804300000000000000000000000
0000000000000F4D413CC28000030000
00000000000000000000000000000000
00000000000000100280000000D28001
00000000000000000000000000000000
00000000000000100001000000D50001
00000000000000000000000000000000
20000006700000000000000000000000
0000000000000F4D413CC2500B030000
00000000000000000000000000000000
00000000000000100280000000D28001
00000000000000000000000000000000
00000000000000100280000000D50021
00000000000000000000000000000000
00000000000000100280000000D54001
00000000000000000000000000000000
00000000000000100001000000D7C001
00000000000000000000000000000000
80000002200000000000000000000000
00000000000000100001040000C30000
00000000000000000000000000000000
00000000000000100001000000DA8001
00000000000000000000000000000000
20000002300000000000000000000000
00000000000000000000001800000000
00000000000000000000000000000000
00000000000000100280000000D54001
00000000000000000000000000000000
00000000000000100280000000D80001
00000000000000000000000000000000
50400102E00001710000000000000000
00000000000000100280000000D80001
00000000000000000000000000000000
00000008000008000080040000C32000
00000000000000000000000000000000
00000008000000100200080010000000
00000000000000000000000000000000
00000000000000100200000000DB4001
00000000000000000000000000000000
20004002F00000000000000000000000
0000000000000000000000108B000000
00000000000000000000000000000000
00000000000000100001000000DA8001
00000000000000000000000000000000
00000000000000100001000000D50001
00000000000000000000000000000000
00000000000000100001000000D7C001
00000000000000000000000000000000
00000000000000100001000000DB0001
00000000000000000000000000000000
20000802700000000000000000000000
00000000000000000000001800040000
00000000000000000000000000000000
00000000000000100200000000DB4001
00000000000000000000000000000000
00000000000000100200000000DB0021
00000000000000000000000000000000
00000000000000100200000000DF4001
00000000000000000000000000000000
20000003700000000000000000000000
00000000000000000000001801810240
00000000000000000000000000000000
00000000000000100040000000E10001
00000000000000000000000000000000
00000000000000100040000000D04001
00000000000000000000000000000000
00000000000000100040000000D06001
00000000000000000000000000000000
00000000000000100040000000E10001
00000000000000000000000000000000
10000102600000000000000000000000
00000000000000100200000000DF4001
00000000000000000000000000000000
0000002000004000020038864F500004
00000000000000000000000000000000
00000000000000100400000000E14001
00000000000000000000000000000000
61000082200000080000000000000000
00000000000000100400000000E14001
00000000000000000000000000000000
00000000000000103000000001114005
00000000000000000000000000000000
A0000002600000000000000000000000
00000000000000105000000000000001
00000000000000000000000000000000
00000000000000100001388343000004
00000000000000000000000000000000
00000000000000100018000000A04001
00000000000000000000000000000000
20000002300000000000000000000000
00000000000000000000001000000000
00000000000000000000000000000000
00000000000000105000000000000001
00000000000000000000000000000000
00000000000000105000000000500001
00000000000000000000000000000000
10001002600000010000000000000000
00000000000000102000000001114001
00000000000000000000000000000000
00000020000003502000388A4F600008
00000000000000000000000000000000
00000000000000100035000001414005
00000000000000000000000000000000
60400082200000000000000000000000
00000000000000101400000001414001
00000000000000000000000000000000
00000000000000101400000001414001
00000000000000000000000000000000
40811102E00000000000000000000000
00000000000000101400000001414001
00000000000000000000000000000000
00000000000000105000000000500001
00000000000000000000000000000000
00000000000000100014000000A04401
00000000000000000000000000000000
00000000000000105000000000000001
00000000000000000000000000000000
40000002E00000001E3CE50800000000
00000000000000105000000000000001
00000000000000000000000000000000
00000000000000101400040000500000
00000000000000000000000000000000
00000000000000100004000000A04001
00000000000000000000000000000000
00000000000000101400000000A0C005
00000000000000000000000000000000
10000402600000000000000000000000
00000000000000101400000000A0C001
00000000000000000000000000000000
00000028000000401400388CCF900004
00000000000000000000000000000000
00000000000000100004000001554001
00000000000000000000000000000000
20000082300000000000000000000000
00000000000000000000001030000000
00000000000000000000000000000000
00000000000000100004000001554001
00000000000000000000000000000000
00000000000000100004000001554001
00000000000000000000000000000000
60400102200000000000000000000000
00000000000000100180000001554001
00000000000000000000000000000000
00000000000000100180000001554001
00000000000000000000000000000000
80000002200000000000000000000000
00000000000000100180040000BD0000
00000000000000000000000000000000
0000000000000010018000000156C001
00000000000000000000000000000000
20005002B00000000000000000000000
00000000000000000000001002000000
00000000000000000000000000000000
00000000000000100180000001554001
00000000000000000000000000000000
0000000000000010018000000156C001
00000000000000000000000000000000
00000000000000100180000001584001
00000000000000000000000000000000
90800102200010060000000000000000
00000000000000100180000001584001
00000000000000000000000000000000
0000000000000010000600000159C015
00000000000000000000000000000000
2000800A300000000000000000000000
00000000000000000000001000000000
00000000000000000000000000000000
00000000000000100001000001554041
00000000000000000000400000000000
000000000000001000010000015A0001
00000000000000000000000000000000
0000000000000010000100000159C015
00000000000000000000000000000000
2000000A300000000000000000000000
00000000000000000000001000000000
00000000000000000000000000000000
00000000000000100001000001554041
00000000000000000000400000000000
000000000000001000010000015A0101
00000000000000000000000000000000
0000000000000010000100000159C115
00000000000000000000000000000000
2000000A300000000000000000000000
00000000000000000000001000000000
00000000000000000000000000000000
00000000000000100001000001554041
00000000000000000000400000000000
000000000000001000010000015A0201
00000000000000000000000000000000
0000000000000010000100000159C215
00000000000000000000000000000000
2000000A300000000000000000000000
00000000000000000000001000000000
00000000000000000000000000000000
00000000000000100001000001554041
00000000000000000000400000000000
000000000000001000010000015A0301
00000000000000000000000000000000
0000000000000010000100000159C315
00000000000000000000000000000000
80000002200000000000000000000000
00000000000000100001040005132000
00000000000000000000000000000000
000000000000001000010000015AC601
00000000000000000000000000000000
1000000A600000020000000000000000
00000000000000101400000000A0C001
00000000000000000000000000000000
0000000A000001801400388D0BA0004C
00000000000000168000000000000000
00000000000000100018000002DD8005
00000000000000000000000000000000
0000000000000010000100000159C015
00000000000000000000000000000000
2000000A300000000000000000000000
00000000000000000000001000000000
00000000000000000000000000000000
00000000000000100001000001554041
00000000000000000000400000000000
000000000000001000010000015A0401
00000000000000000000000000000000
0000000000000010000100000159C415
00000000000000000000000000000000
2000000A300000000000000000000000
00000000000000000000001000000000
00000000000000000000000000000000
00000000000000100001000001554041
00000000000000000000400000000000
000000000000001000010000015A0501
00000000000000000000000000000000
0000000000000010000100000159C515
00000000000000000000000000000000
20000004300000000000000000000000
00000000000000000000024000000000
00000000000000000000000000000000
000000000000001000060000015A0001
00000000000000000000000000000000
000000000000001000010000015A4001
00000000000000000000000000000000
10000002600000010000000000000000
00000000000000101400000000A0C001
00000000000000000000000000000000
00000014000001801400399B0BC00008
00000000000000000000000000000000
00000000000000100018000003C18005
00000000000000000000000000000000
10000002600000010000000000000000
00000000000000101400000000A0C001
00000000000000000000000000000000
00000014000001801400399BBFD00008
00000000000000000000000000000000
00000000000000100018000003CA8005
00000000000000000000000000000000
1000000A600000020000000000000000
00000000000000101400000000A0C001
00000000000000000000000000000000
0000000A00000180140039140BB0004C
00000000000000168000000000000000
00000000000000100018000002E68005
00000000000000000000000000000000
0000000000000010000100000159C015
00000000000000000000000000000000
1000000A600000020000000000000000
00000000000000101400000000A0C001
00000000000000000000000000000000
0000000A000001801400388D0BA0004C
00000000000000168000000000000000
00000000000000100018000003038005
00000000000000000000000000000000
0000000000000010000100000159C115
00000000000000000000000000000000
1000000A600000020000000000000000
00000000000000101400000000A0C001
00000000000000000000000000000000
0000000A00000180140039140BB0004C
00000000000000168000000000000000
000000000000001000180000030C8005
00000000000000000000000000000000
0000000000000010000100000159C115
00000000000000000000000000000000
1000000A600000020000000000000000
00000000000000101400000000A0C001
00000000000000000000000000000000
0000000A000001801400388D0BA0004C
00000000000000168000000000000000
00000000000000100018000003298005
00000000000000000000000000000000
0000000000000010000100000159C215
00000000000000000000000000000000
1000000A600000020000000000000000
00000000000000101400000000A0C001
00000000000000000000000000000000
0000000A00000180140039140BB0004C
00000000000000168000000000000000
00000000000000100018000003328005
00000000000000000000000000000000
0000000000000010000100000159C215
00000000000000000000000000000000
20000002300000000000000000000000
0000078F394200000000001004000000
00000000000000000000000000000000
000000000000001000010000015A4001
00000000000000000000000000000000
000000000000001000010000015A8001
00000000000000000000000000000000
1000000A600000020000000000000000
00000000000000101400000000A0C001
00000000000000000000000000000000
0000000A000001801400388D0BA0004C
00000000000000168000000000000000
000000000000001000180000034F8005
00000000000000000000000000000000
0000000000000010000100000159C315
00000000000000000000000000000000
1000000A600000020000000000000000
00000000000000101400000000A0C001
00000000000000000000000000000000
0000000A00000180140039140BB0004C
00000000000000168000000000000000
00000000000000100018000003588005
00000000000000000000000000000000
0000000000000010000100000159C315
00000000000000000000000000000000
1000000A600000020000000000000000
00000000000000101400000000A0C001
00000000000000000000000000000000
0000000A000001801400388D0BA0004C
00000000000000168000000000000000
00000000000000100018000003758005
00000000000000000000000000000000
0000000000000010000100000159C415
00000000000000000000000000000000
1000000A600000020000000000000000
00000000000000101400000000A0C001
00000000000000000000000000000000
0000000A00000180140039140BB0004C
00000000000000168000000000000000
000000000000001000180000037E8005
00000000000000000000000000000000
0000000000000010000100000159C415
00000000000000000000000000000000
1000000A600000020000000000000000
00000000000000101400000000A0C001
00000000000000000000000000000000
0000000A000001801400388D0BA0004C
00000000000000168000000000000000
000000000000001000180000039B8005
00000000000000000000000000000000
0000000000000010000100000159C515
00000000000000000000000000000000
20004002700000000000000000000000
00000FF00000000000000010C0040000
00000000000000000000000000000000
000000000000001000060000015A0001
00000000000000000000000000000000
000000000000001000060000015A8021
00000000000000000000000000000000
000000000000001000060000015AC001
00000000000000000000000000000000
1000000A600000020000000000000000
00000000000000101400000000A0C001
00000000000000000000000000000000
0000000A00000180140039140BB0004C
00000000000000168000000000000000
00000000000000100018000003A48005
00000000000000000000000000000000
0000000000000010000100000159C515
00000000000000000000000000000000
20000082F00000000000000000000000
00000000000000000000001A6800C000
00000000000000000000000000001048
00000026000000700018000002DD8001
00000000000000000000000000000000
000000000100007000180000015AC021
00000000000000000000000000000000
00000026000000700018000002E68001
00000000000000000000000000000000
000000090000007000180000015B0001
00000000000000000000000000000000
60400102200000000000000000000000
000000000000001009000000016D0001
00000000000000000000000000000000
000000000000001009000000016D0001
00000000000000000000000000000000
60400002200000000000000000000000
00000000000000100900000001640001
00000000000000000000000000000000
00000000000000100900000001640001
00000000000000000000000000000000
A0000002600000000000000000000000
00000000000000105000000000000001
00000000000000000000000000000000
00000000000000100001388CCF700004
00000000000000000000000000000000
00000000000000100018000000A08001
00000000000000000000000000000000
60400002200000000000000000000000
000000000000001009000000015B0001
00000000000000000000000000000000
000000000000001009000000015B0001
00000000000000000000000000000000
1000100A600000020000000000000000
000000000000001009000000015B0001
00000000000000000000000000000000
00000004800003500900399C73E0004C
00000000000000168000000000000000
00000000000000100035000002EF8005
00000000000000000000000000000000
0000000000000010000100000159C015
00000000000000000000000000000000
1000000A600000020000000000000000
000000000000001009000000016D0001
00000000000000000000000000000000
00000004800003500900399C73E0004C
00000000000000168000000000000000
000000000000001000350000033B8005
00000000000000000000000000000000
0000000000000010000100000159C215
00000000000000000000000000000000
60400002200000000000000000000000
00000000000000100900000001760001
00000000000000000000000000000000
00000000000000100900000001760001
00000000000000000000000000000000
1000000A600000020000000000000000
00000000000000100900000001640001
00000000000000000000000000000000
00000004800003500900399C73E0004C
00000000000000168000000000000000
00000000000000100035000003158005
00000000000000000000000000000000
0000000000000010000100000159C115
00000000000000000000000000000000
60400002200000000000000000000000
000000000000001009000000017F0001
00000000000000000000000000000000
000000000000001009000000017F0001
00000000000000000000000000000000
20000082B00000000000000000000000
00000000000000000000001084000000
00000000000000000000000000000000
00000000000000100035000002EF8001
00000000000000000000000000000000
00000000000000100035000003158001
00000000000000000000000000000000
000000000000001000350000019A0001
00000000000000000000000000000000
60400002200000000000000000000000
00000000000000100900000001880001
00000000000000000000000000000000
00000000000000100900000001880001
00000000000000000000000000000000
1000100A600000020000000000000000
00000000000000100900000001880001
00000000000000000000000000000000
00000004800003500900399C73E0004C
00000000000000168000000000000000
00000000000000100035000003AD8005
00000000000000000000000000000000
0000000000000010000100000159C515
00000000000000000000000000000000
60400002200000000000000000000000
00000000000000100900000001910001
00000000000000000000000000000000
00000000000000100900000001910001
00000000000000000000000000000000
1000000A600000020000000000000000
00000000000000100900000001760001
00000000000000000000000000000000
00000004800003500900399C73E0004C
00000000000000168000000000000000
00000000000000100035000003618005
00000000000000000000000000000000
0000000000000010000100000159C315
00000000000000000000000000000000
20000083B00000000000000000000000
00000000000000000000001085000000
00000000000000000000000000000000
000000000000001000350000019A0001
00000000000000000000000000000000
00000000000000100035000003618001
00000000000000000000000000000000
000000000000001000350000033B8001
00000000000000000000000000000000
000000000000001000350000019A0001
00000000000000000000000000000000
1000000A600000020000000000000000
000000000000001009000000017F0001
00000000000000000000000000000000
00000004800003500900399C73E0004C
00000000000000168000000000000000
00000000000000100035000003878005
00000000000000000000000000000000
0000000000000010000100000159C415
00000000000000000000000000000000
20000083B00000000000000000000000
00000000000000000000001085000000
00000000000000000000000000000000
000000000000001000350000019A0001
00000000000000000000000000000000
00000000000000100035000003AD8001
00000000000000000000000000000000
00000000000000100035000003878001
00000000000000000000000000000000
000000000000001000350000019A0001
00000000000000000000000000000000
10001002600000010000000000000000
00000000000000100900000001910001
00000000000000000000000000000000
000000090000035009003A2373F00008
00000000000000000000000000000000
00000000000000100035000003D38005
00000000000000000000000000000000
20000082B00000000000000000000000
00000000000000000000001802000000
00000000000000000000000000000000
000000000000001000350000019A0001
00000000000000000000000000000000
00000000000000100035000003D38001
00000000000000000000000000000000
000000000000001000350000019A0001
00000000000000000000000000000000
60400102200000000000000000000000
000000000000001014000000019A0001
00000000000000000000000000000000
000000000000001014000000019A0001
00000000000000000000000000000000
20000002300000000000000000000000
00000000000000000000001000000000
00000000000000000000000000000000
00000000000000105000000000000001
00000000000000000000000000000000
00000000000000105000000000500001
00000000000000000000000000000000
80800000000000000000000000000000
20010002300000000000000000000000
00000000000000000000001000000000
00000000000000000000000000000000
00000000000000100004000000A08001
00000000000000000000000000000000
00000000000000100004000000A00001
00000000000000000000000000000000
40801102E00000000000000000000000
000000000000001014000000019A0001
00000000000000000000000000000000
00000000000000105000000000500001
00000000000000000000000000000000
00000000000000100014000000A08401
00000000000000000000000000000000
00000000000000105000000000000001
00000000000000000000000000000000
00FFFF80200000000000000000000000
00000000000000000001000003FFF015
00000000000000000000000000000000
40000002E00000001E3CE50800000000
00000000000000105000000000000001
00000000000000000000000000000000
00000000000000101400040000000000
00000000000000000000000000000000
00000000000000100004000000A00001
00000000000000000000000000000000
00000000000000101400000000A0C005
00000000000000000000000000000000
10000402600000010000000000000000
00000000000000101400000000A0C001
00000000000000000000000000000000
000000140000005014003A248C300008
00000000000000000000000000000000
00000000000000100005000000B9C005
00000000000000000000000000000000
10000002600000010000000000000000
00000000000000101400000000A0C001
00000000000000000000000000000000
00000014000000D014003A2428200008
00000000000000000000000000000000
0000000000000010000D000000B4C005
00000000000000000000000000000000
60400082200000000000000000000000
00000000000000100500000000B4C001
00000000000000000000000000000000
00000000000000100500000000B4C001
00000000000000000000000000000000
20001004300000000000000000000000
00000000000000000000214000000000
00000000000000000000000000000000
00000000A000008000A0000000B4C001
00000000000000000000000000000000
00000000000000100001000000C2C001
00000000000000000000000000000000
80000002200000000000000000000000
00000000000000100500040000A00000
00000000000000000000000000000000
00000000000000100500000000BBC001
00000000000000000000000000000000
60400002200000000000000000000000
00000000000000100200000000B9C001
00000000000000000000000000000000
00000000000000100200000000B9C001
00000000000000000000000000000000
80000002200000000000000000000000
00000000000000100200040000B40000
00000000000000000000000000000000
00000000000000100200000000C0C001
00000000000000000000000000000000
20000002300000000000000000000000
0000078F394211280000001014050000
00000000000000000000000000000000
00000000000000100001000000C2C001
00000000000000000000000000000000
00000000000000100001000000C30001
00000000000000000000000000000000
80000002200000000000000000000000
00000000000000100040040000BC0000
00000000000000000000000000000000
00000000000000100040000000D04001
00000000000000000000000000000000
20004002F00000000000000000000000
00000000000000000000001840010000
00000000000000000000000000000000
00000000000000100500000000B4C001
00000000000000000000000000000000
00000000000000100500000000C30021
00000000000000000000000000000000
00000000000000100500000000BBC001
00000000000000000000000000000000
00000000000000100500000000C34001
00000000000000000000000000000000
10000102600000010000000000000000
00000000000000100500000000C34001
00000000000000000000000000000000
000000050000200005003A24B4400008
00000000000000000000000000000000
00000000000000100200000000D08005
00000000000000000000000000000000
20001004300000000000000000000000
00000000000000000000214000000000
00000000000000000000000000000000
00000000400000800040000000B9C001
00000000000000000000000000000000
00000000000000100001000000C2C001
00000000000000000000000000000000
20000002300000000000000000000000
0000078F394211000000001014050000
00000000000000000000000000000000
00000000000000100001000000C2C001
00000000000000000000000000000000
00000000000000100001000000C30001
00000000000000000000000000000000
20000002F00000000000000000000000
00000000000000000000001840010000
00000000000000000000000000000000
00000000000000100200000000B9C001
00000000000000000000000000000000
00000000000000100200000000C30021
00000000000000000000000000000000
00000000000000100200000000C0C001
00000000000000000000000000000000
00000000000000100200000000CA4001
00000000000000000000000000000000
20000003700000000000000000000000
00000000000000000000001801610240
00000000000000000000000000000000
00000000000000100040000000CC0001
00000000000000000000000000000000
00000000000000100040000000D04001
00000000000000000000000000000000
00000000000000100040000000D06001
00000000000000000000000000000000
00000000000000100040000000CC0001
00000000000000000000000000000000
41000102200000000000000000000000
00000000000000100200000000CA4001
00000000000000000000000000000000
00000000000000100200000000CC4001
00000000000000000000000000000000
80C00402200000000000000000000000
00000000000000100200000000CC4001
00000000000000000000000000000000
00000008000008000200040000C32000
00000000000000000000000000000000
20000083700000000000000000000000
00000000000000000000001801610240
00000000000000000000000000000000
00000000000000100040000000D24001
00000000000000000000000000000000
00000000000000100040000000D04001
00000000000000000000000000000000
00000000000000100040000000D06001
00000000000000000000000000000000
00000000000000100040000000D24001
00000000000000000000000000000000
50004102E00001710000000000000000
00000000000000100200000000D08001
00000000000000000000000000000000
00000008000008000080040000C32000
00000000000000000000000000000000
00000008000000100200080010000000
00000000000000000000000000000000
00000000000000100280000000D28001
00000000000000000000000000000000
20000804300000000000000000000000
0000000000000F4D413CC28000030000
00000000000000000000000000000000
00000000000000100280000000D28001
00000000000000000000000000000000
00000000000000100001000000D50001
00000000000000000000000000000000
20000006700000000000000000000000
0000000000000F4D413CC2500B030000
00000000000000000000000000000000
00000000000000100280000000D28001
00000000000000000000000000000000
00000000000000100280000000D50021
00000000000000000000000000000000
00000000000000100280000000D54001
00000000000000000000000000000000
00000000000000100001000000D7C001
00000000000000000000000000000000
80000002200000000000000000000000
00000000000000100001040000C30000
00000000000000000000000000000000
00000000000000100001000000DA8001
00000000000000000000000000000000
20000002300000000000000000000000
00000000000000000000001800000000
00000000000000000000000000000000
00000000000000100280000000D54001
00000000000000000000000000000000
00000000000000100280000000D80001
00000000000000000000000000000000
50400102E00001710000000000000000
00000000000000100280000000D80001
00000000000000000000000000000000
00000008000008000080040000C32000
00000000000000000000000000000000
00000008000000100200080010000000
00000000000000000000000000000000
00000000000000100200000000DB4001
00000000000000000000000000000000
20004002F00000000000000000000000
0000000000000000000000108B000000
00000000000000000000000000000000
00000000000000100001000000DA8001
00000000000000000000000000000000
00000000000000100001000000D50001
00000000000000000000000000000000
00000000000000100001000000D7C001
00000000000000000000000000000000
00000000000000100001000000DB0001
00000000000000000000000000000000
20000802700000000000000000000000
00000000000000000000001800040000
00000000000000000000000000000000
00000000000000100200000000DB4001
00000000000000000000000000000000
00000000000000100200000000DB0021
00000000000000000000000000000000
00000000000000100200000000DF4001
00000000000000000000000000000000
20000003700000000000000000000000
00000000000000000000001801810240
00000000000000000000000000000000
00000000000000100040000000E10001
00000000000000000000000000000000
00000000000000100040000000D04001
00000000000000000000000000000000
00000000000000100040000000D06001
00000000000000000000000000000000
00000000000000100040000000E10001
00000000000000000000000000000000
10000102600000000000000000000000
00000000000000100200000000DF4001
00000000000000000000000000000000
000000200000400002003A2734500004
00000000000000000000000000000000
00000000000000100400000000E14001
00000000000000000000000000000000
61000082200000080000000000000000
00000000000000100400000000E14001
00000000000000000000000000000000
00000000000000103000000001114005
00000000000000000000000000000000
A0000002600000000000000000000000
00000000000000105000000000000001
00000000000000000000000000000000
000000000000001000013A2428000004
00000000000000000000000000000000
00000000000000100018000000A04001
00000000000000000000000000000000
20000002300000000000000000000000
00000000000000000000001000000000
00000000000000000000000000000000
00000000000000105000000000000001
00000000000000000000000000000000
00000000000000105000000000500001
00000000000000000000000000000000
10001002600000010000000000000000
00000000000000102000000001114001
00000000000000000000000000000000
000000200000035020003A2B34600008
00000000000000000000000000000000
00000000000000100035000001414005
00000000000000000000000000000000
60400082200000000000000000000000
00000000000000101400000001414001
00000000000000000000000000000000
00000000000000101400000001414001
00000000000000000000000000000000
40811102E00000000000000000000000
00000000000000101400000001414001
00000000000000000000000000000000
00000000000000105000000000500001
00000000000000000000000000000000
00000000000000100014000000A04401
00000000000000000000000000000000
00000000000000105000000000000001
00000000000000000000000000000000
40000002E00000001E3CE50800000000
00000000000000105000000000000001
00000000000000000000000000000000
00000000000000101400040000500000
00000000000000000000000000000000
00000000000000100004000000A04001
00000000000000000000000000000000
00000000000000101400000000A0C005
00000000000000000000000000000000
10000402600000000000000000000000
00000000000000101400000000A0C001
00000000000000000000000000000000
000000280000004014003A2DB4900004
00000000000000000000000000000000
00000000000000100004000001554001
00000000000000000000000000000000
20000082300000000000000000000000
00000000000000000000001030000000
00000000000000000000000000000000
00000000000000100004000001554001
00000000000000000000000000000000
00000000000000100004000001554001
00000000000000000000000000000000
60400102200000000000000000000000
00000000000000100180000001554001
00000000000000000000000000000000
00000000000000100180000001554001
00000000000000000000000000000000
80000002200000000000000000000000
00000000000000100180040000BD0000
00000000000000000000000000000000
0000000000000010018000000156C001
00000000000000000000000000000000
20005002B00000000000000000000000
00000000000000000000001002000000
00000000000000000000000000000000
00000000000000100180000001554001
00000000000000000000000000000000
0000000000000010018000000156C001
00000000000000000000000000000000
00000000000000100180000001584001
00000000000000000000000000000000
90800102200010060000000000000000
00000000000000100180000001584001
00000000000000000000000000000000
0000000000000010000600000159C015
00000000000000000000000000000000
2000800A300000000000000000000000
00000000000000000000001000000000
00000000000000000000000000000000
00000000000000100001000001554041
00000000000000000000400000000000
000000000000001000010000015A0001
00000000000000000000000000000000
0000000000000010000100000159C015
00000000000000000000000000000000
2000000A300000000000000000000000
00000000000000000000001000000000
00000000000000000000000000000000
00000000000000100001000001554041
00000000000000000000400000000000
000000000000001000010000015A0101
00000000000000000000000000000000
0000000000000010000100000159C115
00000000000000000000000000000000
2000000A300000000000000000000000
00000000000000000000001000000000
00000000000000000000000000000000
00000000000000100001000001554041
00000000000000000000400000000000
000000000000001000010000015A0201
00000000000000000000000000000000
0000000000000010000100000159C215
00000000000000000000000000000000
2000000A300000000000000000000000
00000000000000000000001000000000
00000000000000000000000000000000
00000000000000100001000001554041
00000000000000000000400000000000
000000000000001000010000015A0301
00000000000000000000000000000000
0000000000000010000100000159C315
00000000000000000000000000000000
80000002200000000000000000000000
00000000000000100001040005132000
00000000000000000000000000000000
000000000000001000010000015AC601
00000000000000000000000000000000
1000000A600000020000000000000000
00000000000000101400000000A0C001
00000000000000000000000000000000
0000000A0000018014003A2DF0A0004C
00000000000000168000000000000000
00000000000000100018000002DD8005
00000000000000000000000000000000
0000000000000010000100000159C015
00000000000000000000000000000000
2000000A300000000000000000000000
00000000000000000000001000000000
00000000000000000000000000000000
00000000000000100001000001554041
00000000000000000000400000000000
000000000000001000010000015A0401
00000000000000000000000000000000
0000000000000010000100000159C415
00000000000000000000000000000000
2000000A300000000000000000000000
00000000000000000000001000000000
00000000000000000000000000000000
00000000000000100001000001554041
00000000000000000000400000000000
000000000000001000010000015A0501
00000000000000000000000000000000
0000000000000010000100000159C515
00000000000000000000000000000000
20000004300000000000000000000000
00000000000000000000024000000000
00000000000000000000000000000000
000000000000001000060000015A0001
00000000000000000000000000000000
000000000000001000010000015A4001
00000000000000000000000000000000
10000002600000010000000000000000
00000000000000101400000000A0C001
00000000000000000000000000000000
000000140000018014003B3BF0C00008
00000000000000000000000000000000
00000000000000100018000003C18005
00000000000000000000000000000000
10000002600000010000000000000000
00000000000000101400000000A0C001
00000000000000000000000000000000
000000140000018014003B3CA4D00008
00000000000000000000000000000000
00000000000000100018000003CA8005
00000000000000000000000000000000
1000000A600000020000000000000000
00000000000000101400000000A0C001
00000000000000000000000000000000
0000000A0000018014003AB4F0B0004C
00000000000000168000000000000000
00000000000000100018000002E68005
00000000000000000000000000000000
0000000000000010000100000159C015
00000000000000000000000000000000
1000000A600000020000000000000000
00000000000000101400000000A0C001
00000000000000000000000000000000
0000000A0000018014003A2DF0A0004C
00000000000000168000000000000000
00000000000000100018000003038005
00000000000000000000000000000000
0000000000000010000100000159C115
00000000000000000000000000000000
1000000A600000020000000000000000
00000000000000101400000000A0C001
00000000000000000000000000000000
0000000A0000018014003AB4F0B0004C
00000000000000168000000000000000
000000000000001000180000030C8005
00000000000000000000000000000000
0000000000000010000100000159C115
00000000000000000000000000000000
1000000A600000020000000000000000
00000000000000101400000000A0C001
00000000000000000000000000000000
0000000A0000018014003A2DF0A0004C
00000000000000168000000000000000
00000000000000100018000003298005
00000000000000000000000000000000
0000000000000010000100000159C215
00000000000000000000000000000000
1000000A600000020000000000000000
00000000000000101400000000A0C001
00000000000000000000000000000000
0000000A0000018014003AB4F0B0004C
00000000000000168000000000000000
00000000000000100018000003328005
00000000000000000000000000000000
0000000000000010000100000159C215
00000000000000000000000000000000
20000002300000000000000000000000
0000078F394200000000001004000000
00000000000000000000000000000000
000000000000001000010000015A4001
00000000000000000000000000000000
000000000000001000010000015A8001
00000000000000000000000000000000
1000000A600000020000000000000000
00000000000000101400000000A0C001
00000000000000000000000000000000
0000000A0000018014003A2DF0A0004C
00000000000000168000000000000000
000000000000001000180000034F8005
00000000000000000000000000000000
0000000000000010000100000159C315
00000000000000000000000000000000
1000000A600000020000000000000000
00000000000000101400000000A0C001
00000000000000000000000000000000
0000000A0000018014003AB4F0B0004C
00000000000000168000000000000000
00000000000000100018000003588005
00000000000000000000000000000000
0000000000000010000100000159C315
00000000000000000000000000000000
1000000A600000020000000000000000
00000000000000101400000000A0C001
00000000000000000000000000000000
0000000A0000018014003A2DF0A0004C
00000000000000168000000000000000
00000000000000100018000003758005
00000000000000000000000000000000
0000000000000010000100000159C415
00000000000000000000000000000000
1000000A600000020000000000000000
00000000000000101400000000A0C001
00000000000000000000000000000000
0000000A0000018014003AB4F0B0004C
00000000000000168000000000000000
000000000000001000180000037E8005
00000000000000000000000000000000
0000000000000010000100000159C415
00000000000000000000000000000000
1000000A600000020000000000000000
00000000000000101400000000A0C001
00000000000000000000000000000000
0000000A0000018014003A2DF0A0004C
00000000000000168000000000000000
000000000000001000180000039B8005
00000000000000000000000000000000
0000000000000010000100000159C515
00000000000000000000000000000000
20004002700000000000000000000000
00000FF00000000000000010C0040000
00000000000000000000000000000000
000000000000001000060000015A0001
00000000000000000000000000000000
000000000000001000060000015A8021
00000000000000000000000000000000
000000000000001000060000015AC001
00000000000000000000000000000000
1000000A600000020000000000000000
00000000000000101400000000A0C001
00000000000000000000000000000000
0000000A0000018014003AB4F0B0004C
00000000000000168000000000000000
00000000000000100018000003A48005
00000000000000000000000000000000
0000000000000010000100000159C515
00000000000000000000000000000000
20000082F00000000000000000000000
00000000000000000000001A6800C000
00000000000000000000000000001048
00000026000000700018000002DD8001
00000000000000000000000000000000
000000000100007000180000015AC021
00000000000000000000000000000000
00000026000000700018000002E68001
00000000000000000000000000000000
000000090000007000180000015B0001
00000000000000000000000000000000
60400102200000000000000000000000
000000000000001009000000016D0001
00000000000000000000000000000000
000000000000001009000000016D0001
00000000000000000000000000000000
60400002200000000000000000000000
00000000000000100900000001640001
00000000000000000000000000000000
00000000000000100900000001640001
00000000000000000000000000000000
A0000002600000000000000000000000
00000000000000105000000000000001
00000000000000000000000000000000
000000000000001000013A2DB4700004
00000000000000000000000000000000
00000000000000100018000000A08001
00000000000000000000000000000000
60400002200000000000000000000000
000000000000001009000000015B0001
00000000000000000000000000000000
000000000000001009000000015B0001
00000000000000000000000000000000
1000100A600000020000000000000000
000000000000001009000000015B0001
00000000000000000000000000000000
000000048000035009003B3D58E0004C
00000000000000168000000000000000
00000000000000100035000002EF8005
00000000000000000000000000000000
0000000000000010000100000159C015
00000000000000000000000000000000
1000000A600000020000000000000000
000000000000001009000000016D0001
00000000000000000000000000000000
000000048000035009003B3D58E0004C
00000000000000168000000000000000
000000000000001000350000033B8005
00000000000000000000000000000000
0000000000000010000100000159C215
00000000000000000000000000000000
60400002200000000000000000000000
00000000000000100900000001760001
00000000000000000000000000000000
00000000000000100900000001760001
00000000000000000000000000000000
1000000A600000020000000000000000
00000000000000100900000001640001
00000000000000000000000000000000
000000048000035009003B3D58E0004C
00000000000000168000000000000000
00000000000000100035000003158005
00000000000000000000000000000000
0000000000000010000100000159C115
00000000000000000000000000000000
60400002200000000000000000000000
000000000000001009000000017F0001
00000000000000000000000000000000
000000000000001009000000017F0001
00000000000000000000000000000000
20000082B00000000000000000000000
00000000000000000000001084000000
00000000000000000000000000000000
00000000000000100035000002EF8001
00000000000000000000000000000000
00000000000000100035000003158001
00000000000000000000000000000000
000000000000001000350000019A0001
00000000000000000000000000000000
60400002200000000000000000000000
00000000000000100900000001880001
00000000000000000000000000000000
00000000000000100900000001880001
00000000000000000000000000000000
1000100A600000020000000000000000
00000000000000100900000001880001
00000000000000000000000000000000
000000048000035009003B3D58E0004C
00000000000000168000000000000000
00000000000000100035000003AD8005
00000000000000000000000000000000
0000000000000010000100000159C515
00000000000000000000000000000000
60400002200000000000000000000000
00000000000000100900000001910001
00000000000000000000000000000000
00000000000000100900000001910001
00000000000000000000000000000000
1000000A600000020000000000000000
00000000000000100900000001760001
00000000000000000000000000000000
000000048000035009003B3D58E0004C
00000000000000168000000000000000
00000000000000100035000003618005
00000000000000000000000000000000
0000000000000010000100000159C315
00000000000000000000000000000000
20000083B00000000000000000000000
00000000000000000000001085000000
00000000000000000000000000000000
000000000000001000350000019A0001
00000000000000000000000000000000
00000000000000100035000003618001
00000000000000000000000000000000
000000000000001000350000033B8001
00000000000000000000000000000000
000000000000001000350000019A0001
00000000000000000000000000000000
1000000A600000020000000000000000
000000000000001009000000017F0001
00000000000000000000000000000000
000000048000035009003B3D58E0004C
00000000000000168000000000000000
00000000000000100035000003878005
00000000000000000000000000000000
0000000000000010000100000159C415
00000000000000000000000000000000
20000083B00000000000000000000000
00000000000000000000001085000000
00000000000000000000000000000000
000000000000001000350000019A0001
00000000000000000000000000000000
00000000000000100035000003AD8001
00000000000000000000000000000000
00000000000000100035000003878001
00000000000000000000000000000000
000000000000001000350000019A0001
00000000000000000000000000000000
10001002600000010000000000000000
00000000000000100900000001910001
00000000000000000000000000000000
000000090000035009003BC458F00008
00000000000000000000000000000000
00000000000000100035000003D38005
00000000000000000000000000000000
20000082B00000000000000000000000
00000000000000000000001802000000
00000000000000000000000000000000
000000000000001000350000019A0001
00000000000000000000000000000000
00000000000000100035000003D38001
00000000000000000000000000000000
000000000000001000350000019A0001
00000000000000000000000000000000
60400102200000000000000000000000
000000000000001014000000019A0001
00000000000000000000000000000000
000000000000001014000000019A0001
00000000000000000000000000000000
20000002300000000000000000000000
00000000000000000000001000000000
00000000000000000000000000000000
00000000000000105000000000000001
00000000000000000000000000000000
00000000000000105000000000500001
00000000000000000000000000000000
80800000000000000000000000000000
20010002300000000000000000000000
00000000000000000000001000000000
00000000000000000000000000000000
00000000000000100004000000A08001
00000000000000000000000000000000
00000000000000100004000000A00001
00000000000000000000000000000000
40801102E00000000000000000000000
000000000000001014000000019A0001
00000000000000000000000000000000
00000000000000105000000000500001
00000000000000000000000000000000
00000000000000100014000000A08401
00000000000000000000000000000000
00000000000000105000000000000001
00000000000000000000000000000000
00FFFF80200000000000000000000000
00000000000000000001000003FFF015
00000000000000000000000000000000
40000002E00000001E3CE50800000000
00000000000000105000000000000001
00000000000000000000000000000000
00000000000000101400040000000000
00000000000000000000000000000000
00000000000000100004000000A00001
00000000000000000000000000000000
00000000000000101400000000A0C005
00000000000000000000000000000000
10000402600000010000000000000000
00000000000000101400000000A0C001
00000000000000000000000000000000
000000140000005014003BC571300008
00000000000000000000000000000000
00000000000000100005000000B9C005
00000000000000000000000000000000
10000002600000010000000000000000
00000000000000101400000000A0C001
00000000000000000000000000000000
00000014000000D014003BC50D200008
00000000000000000000000000000000
0000000000000010000D000000B4C005
00000000000000000000000000000000
60400082200000000000000000000000
00000000000000100500000000B4C001
00000000000000000000000000000000
00000000000000100500000000B4C001
00000000000000000000000000000000
20001004300000000000000000000000
00000000000000000000214000000000
00000000000000000000000000000000
00000000A000008000A0000000B4C001
00000000000000000000000000000000
00000000000000100001000000C2C001
00000000000000000000000000000000
80000002200000000000000000000000
00000000000000100500040000A00000
00000000000000000000000000000000
00000000000000100500000000BBC001
00000000000000000000000000000000
60400002200000000000000000000000
00000000000000100200000000B9C001
00000000000000000000000000000000
00000000000000100200000000B9C001
00000000000000000000000000000000
80000002200000000000000000000000
00000000000000100200040000B40000
00000000000000000000000000000000
00000000000000100200000000C0C001
00000000000000000000000000000000
20000002300000000000000000000000
0000078F394211280000001014050000
00000000000000000000000000000000
00000000000000100001000000C2C001
00000000000000000000000000000000
00000000000000100001000000C30001
00000000000000000000000000000000
80000002200000000000000000000000
00000000000000100040040000BC0000
00000000000000000000000000000000
00000000000000100040000000D04001
00000000000000000000000000000000
20004002F00000000000000000000000
00000000000000000000001840010000
00000000000000000000000000000000
00000000000000100500000000B4C001
00000000000000000000000000000000
00000000000000100500000000C30021
00000000000000000000000000000000
00000000000000100500000000BBC001
00000000000000000000000000000000
00000000000000100500000000C34001
00000000000000000000000000000000
10000102600000010000000000000000
00000000000000100500000000C34001
00000000000000000000000000000000
000000050000200005003BC599400008
00000000000000000000000000000000
00000000000000100200000000D08005
00000000000000000000000000000000
20001004300000000000000000000000
00000000000000000000214000000000
00000000000000000000000000000000
00000000400000800040000000B9C001
00000000000000000000000000000000
00000000000000100001000000C2C001
00000000000000000000000000000000
20000002300000000000000000000000
0000078F394211000000001014050000
00000000000000000000000000000000
00000000000000100001000000C2C001
00000000000000000000000000000000
00000000000000100001000000C30001
00000000000000000000000000000000
20000002F00000000000000000000000
00000000000000000000001840010000
00000000000000000000000000000000
00000000000000100200000000B9C001
00000000000000000000000000000000
00000000000000100200000000C30021
00000000000000000000000000000000
00000000000000100200000000C0C001
00000000000000000000000000000000
00000000000000100200000000CA4001
00000000000000000000000000000000
20000003700000000000000000000000
00000000000000000000001801610240
00000000000000000000000000000000
00000000000000100040000000CC0001
00000000000000000000000000000000
00000000000000100040000000D04001
00000000000000000000000000000000
00000000000000100040000000D06001
00000000000000000000000000000000
00000000000000100040000000CC0001
00000000000000000000000000000000
41000102200000000000000000000000
00000000000000100200000000CA4001
00000000000000000000000000000000
00000000000000100200000000CC4001
00000000000000000000000000000000
80C00402200000000000000000000000
00000000000000100200000000CC4001
00000000000000000000000000000000
00000008000008000200040000C32000
00000000000000000000000000000000
20000083700000000000000000000000
00000000000000000000001801610240
00000000000000000000000000000000
00000000000000100040000000D24001
00000000000000000000000000000000
00000000000000100040000000D04001
00000000000000000000000000000000
00000000000000100040000000D06001
00000000000000000000000000000000
00000000000000100040000000D24001
00000000000000000000000000000000
50004102E00001710000000000000000
00000000000000100200000000D08001
00000000000000000000000000000000
00000008000008000080040000C32000
00000000000000000000000000000000
00000008000000100200080010000000
00000000000000000000000000000000
00000000000000100280000000D28001
00000000000000000000000000000000
20000804300000000000000000000000
0000000000000F4D413CC28000030000
00000000000000000000000000000000
00000000000000100280000000D28001
00000000000000000000000000000000
00000000000000100001000000D50001
00000000000000000000000000000000
20000006700000000000000000000000
0000000000000F4D413CC2500B030000
00000000000000000000000000000000
00000000000000100280000000D28001
00000000000000000000000000000000
00000000000000100280000000D50021
00000000000000000000000000000000
00000000000000100280000000D54001
00000000000000000000000000000000
00000000000000100001000000D7C001
00000000000000000000000000000000
80000002200000000000000000000000
00000000000000100001040000C30000
00000000000000000000000000000000
00000000000000100001000000DA8001
00000000000000000000000000000000
20000002300000000000000000000000
00000000000000000000001800000000
00000000000000000000000000000000
00000000000000100280000000D54001
00000000000000000000000000000000
00000000000000100280000000D80001
00000000000000000000000000000000
50400102E00001710000000000000000
00000000000000100280000000D80001
00000000000000000000000000000000
00000008000008000080040000C32000
00000000000000000000000000000000
00000008000000100200080010000000
00000000000000000000000000000000
00000000000000100200000000DB4001
00000000000000000000000000000000
20004002F00000000000000000000000
0000000000000000000000108B000000
00000000000000000000000000000000
00000000000000100001000000DA8001
00000000000000000000000000000000
00000000000000100001000000D50001
00000000000000000000000000000000
00000000000000100001000000D7C001
00000000000000000000000000000000
00000000000000100001000000DB0001
00000000000000000000000000000000
20000802700000000000000000000000
00000000000000000000001800040000
00000000000000000000000000000000
00000000000000100200000000DB4001
00000000000000000000000000000000
00000000000000100200000000DB0021
00000000000000000000000000000000
00000000000000100200000000DF4001
00000000000000000000000000000000
20000003700000000000000000000000
00000000000000000000001801810240
00000000000000000000000000000000
00000000000000100040000000E10001
00000000000000000000000000000000
00000000000000100040000000D04001
00000000000000000000000000000000
00000000000000100040000000D06001
00000000000000000000000000000000
00000000000000100040000000E10001
00000000000000000000000000000000
10000102600000000000000000000000
00000000000000100200000000DF4001
00000000000000000000000000000000
000000200000400002003BC819500004
00000000000000000000000000000000
00000000000000100400000000E14001
00000000000000000000000000000000
61000082200000080000000000000000
00000000000000100400000000E14001
00000000000000000000000000000000
00000000000000103000000001114005
00000000000000000000000000000000
A0000002600000000000000000000000
00000000000000105000000000000001
00000000000000000000000000000000
000000000000001000013BC50D000004
00000000000000000000000000000000
00000000000000100018000000A04001
00000000000000000000000000000000
20000002300000000000000000000000
00000000000000000000001000000000
00000000000000000000000000000000
00000000000000105000000000000001
00000000000000000000000000000000
00000000000000105000000000500001
00000000000000000000000000000000
10001002600000010000000000000000
00000000000000102000000001114001
00000000000000000000000000000000
000000200000035020003BCC19600008
00000000000000000000000000000000
00000000000000100035000001414005
00000000000000000000000000000000
60400082200000000000000000000000
00000000000000101400000001414001
00000000000000000000000000000000
00000000000000101400000001414001
00000000000000000000000000000000
40811102E00000000000000000000000
00000000000000101400000001414001
00000000000000000000000000000000
00000000000000105000000000500001
00000000000000000000000000000000
00000000000000100014000000A04401
00000000000000000000000000000000
00000000000000105000000000000001
00000000000000000000000000000000
40000002E00000001E3CE50800000000
00000000000000105000000000000001
00000000000000000000000000000000
00000000000000101400040000500000
00000000000000000000000000000000
00000000000000100004000000A04001
00000000000000000000000000000000
00000000000000101400000000A0C005
00000000000000000000000000000000
10000402600000000000000000000000
00000000000000101400000000A0C001
00000000000000000000000000000000
000000280000004014003BCE99900004
00000000000000000000000000000000
00000000000000100004000001554001
00000000000000000000000000000000
20000082300000000000000000000000
00000000000000000000001030000000
00000000000000000000000000000000
00000000000000100004000001554001
00000000000000000000000000000000
00000000000000100004000001554001
00000000000000000000000000000000
60400102200000000000000000000000
00000000000000100180000001554001
00000000000000000000000000000000
00000000000000100180000001554001
00000000000000000000000000000000
80000002200000000000000000000000
00000000000000100180040000BD0000
00000000000000000000000000000000
0000000000000010018000000156C001
00000000000000000000000000000000
20005002B00000000000000000000000
00000000000000000000001002000000
00000000000000000000000000000000
00000000000000100180000001554001
00000000000000000000000000000000
0000000000000010018000000156C001
00000000000000000000000000000000
00000000000000100180000001584001
00000000000000000000000000000000
90800102200010060000000000000000
00000000000000100180000001584001
00000000000000000000000000000000
0000000000000010000600000159C015
00000000000000000000000000000000
2000800A300000000000000000000000
00000000000000000000001000000000
00000000000000000000000000000000
00000000000000100001000001554041
00000000000000000000400000000000
000000000000001000010000015A0001
00000000000000000000000000000000
0000000000000010000100000159C015
00000000000000000000000000000000
2000000A300000000000000000000000
00000000000000000000001000000000
00000000000000000000000000000000
00000000000000100001000001554041
00000000000000000000400000000000
000000000000001000010000015A0101
00000000000000000000000000000000
0000000000000010000100000159C115
00000000000000000000000000000000
2000000A300000000000000000000000
00000000000000000000001000000000
00000000000000000000000000000000
00000000000000100001000001554041
00000000000000000000400000000000
000000000000001000010000015A0201
00000000000000000000000000000000
0000000000000010000100000159C215
00000000000000000000000000000000
2000000A300000000000000000000000
00000000000000000000001000000000
00000000000000000000000000000000
00000000000000100001000001554041
00000000000000000000400000000000
000000000000001000010000015A0301
00000000000000000000000000000000
0000000000000010000100000159C315
00000000000000000000000000000000
80000002200000000000000000000000
00000000000000100001040005132000
00000000000000000000000000000000
000000000000001000010000015AC601
00000000000000000000000000000000
1000000A600000020000000000000000
00000000000000101400000000A0C001
00000000000000000000000000000000
0000000A0000018014003BCED5A0004C
00000000000000168000000000000000
00000000000000100018000002DD8005
00000000000000000000000000000000
0000000000000010000100000159C015
00000000000000000000000000000000
2000000A300000000000000000000000
00000000000000000000001000000000
00000000000000000000000000000000
00000000000000100001000001554041
00000000000000000000400000000000
000000000000001000010000015A0401
00000000000000000000000000000000
0000000000000010000100000159C415
00000000000000000000000000000000
2000000A300000000000000000000000
00000000000000000000001000000000
00000000000000000000000000000000
00000000000000100001000001554041
00000000000000000000400000000000
000000000000001000010000015A0501
00000000000000000000000000000000
0000000000000010000100000159C515
00000000000000000000000000000000
20000004300000000000000000000000
00000000000000000000024000000000
00000000000000000000000000000000
000000000000001000060000015A0001
00000000000000000000000000000000
000000000000001000010000015A4001
00000000000000000000000000000000
10000002600000010000000000000000
00000000000000101400000000A0C001
00000000000000000000000000000000
000000140000018014003CDCD5C00008
00000000000000000000000000000000
00000000000000100018000003C18005
00000000000000000000000000000000
10000002600000010000000000000000
00000000000000101400000000A0C001
00000000000000000000000000000000
000000140000018014003CDD89D00008
00000000000000000000000000000000
00000000000000100018000003CA8005
00000000000000000000000000000000
1000000A600000020000000000000000
00000000000000101400000000A0C001
00000000000000000000000000000000
0000000A0000018014003C55D5B0004C
00000000000000168000000000000000
00000000000000100018000002E68005
00000000000000000000000000000000
0000000000000010000100000159C015
00000000000000000000000000000000
1000000A600000020000000000000000
00000000000000101400000000A0C001
00000000000000000000000000000000
0000000A0000018014003BCED5A0004C
00000000000000168000000000000000
00000000000000100018000003038005
00000000000000000000000000000000
0000000000000010000100000159C115
00000000000000000000000000000000
1000000A600000020000000000000000
00000000000000101400000000A0C001
00000000000000000000000000000000
0000000A0000018014003C55D5B0004C
00000000000000168000000000000000
000000000000001000180000030C8005
00000000000000000000000000000000
0000000000000010000100000159C115
00000000000000000000000000000000
1000000A600000020000000000000000
00000000000000101400000000A0C001
00000000000000000000000000000000
0000000A0000018014003BCED5A0004C
00000000000000168000000000000000
00000000000000100018000003298005
00000000000000000000000000000000
0000000000000010000100000159C215
00000000000000000000000000000000
1000000A600000020000000000000000
00000000000000101400000000A0C001
00000000000000000000000000000000
0000000A0000018014003C55D5B0004C
00000000000000168000000000000000
00000000000000100018000003328005
00000000000000000000000000000000
0000000000000010000100000159C215
00000000000000000000000000000000
20000002300000000000000000000000
0000078F394200000000001004000000
00000000000000000000000000000000
000000000000001000010000015A4001
00000000000000000000000000000000
000000000000001000010000015A8001
00000000000000000000000000000000
1000000A600000020000000000000000
00000000000000101400000000A0C001
00000000000000000000000000000000
0000000A0000018014003BCED5A0004C
00000000000000168000000000000000
000000000000001000180000034F8005
00000000000000000000000000000000
0000000000000010000100000159C315
00000000000000000000000000000000
1000000A600000020000000000000000
00000000000000101400000000A0C001
00000000000000000000000000000000
0000000A0000018014003C55D5B0004C
00000000000000168000000000000000
00000000000000100018000003588005
00000000000000000000000000000000
0000000000000010000100000159C315
00000000000000000000000000000000
1000000A600000020000000000000000
00000000000000101400000000A0C001
00000000000000000000000000000000
0000000A0000018014003BCED5A0004C
00000000000000168000000000000000
00000000000000100018000003758005
00000000000000000000000000000000
0000000000000010000100000159C415
00000000000000000000000000000000
1000000A600000020000000000000000
00000000000000101400000000A0C001
00000000000000000000000000000000
0000000A0000018014003C55D5B0004C
00000000000000168000000000000000
000000000000001000180000037E8005
00000000000000000000000000000000
0000000000000010000100000159C415
00000000000000000000000000000000
1000000A600000020000000000000000
00000000000000101400000000A0C001
00000000000000000000000000000000
0000000A0000018014003BCED5A0004C
00000000000000168000000000000000
000000000000001000180000039B8005
00000000000000000000000000000000
0000000000000010000100000159C515
00000000000000000000000000000000
20004002700000000000000000000000
00000FF00000000000000010C0040000
00000000000000000000000000000000
000000000000001000060000015A0001
00000000000000000000000000000000
000000000000001000060000015A8021
00000000000000000000000000000000
000000000000001000060000015AC001
00000000000000000000000000000000
1000000A600000020000000000000000
00000000000000101400000000A0C001
00000000000000000000000000000000
0000000A0000018014003C55D5B0004C
00000000000000168000000000000000
00000000000000100018000003A48005
00000000000000000000000000000000
0000000000000010000100000159C515
00000000000000000000000000000000
20000082F00000000000000000000000
00000000000000000000001A6800C000
00000000000000000000000000001048
00000026000000700018000002DD8001
00000000000000000000000000000000
000000000100007000180000015AC021
00000000000000000000000000000000
00000026000000700018000002E68001
00000000000000000000000000000000
000000090000007000180000015B0001
00000000000000000000000000000000
60400102200000000000000000000000
000000000000001009000000016D0001
00000000000000000000000000000000
000000000000001009000000016D0001
00000000000000000000000000000000
60400002200000000000000000000000
00000000000000100900000001640001
00000000000000000000000000000000
00000000000000100900000001640001
00000000000000000000000000000000
A0000002600000000000000000000000
00000000000000105000000000000001
00000000000000000000000000000000
000000000000001000013BCE99700004
00000000000000000000000000000000
00000000000000100018000000A08001
00000000000000000000000000000000
60400002200000000000000000000000
000000000000001009000000015B0001
00000000000000000000000000000000
000000000000001009000000015B0001
00000000000000000000000000000000
1000100A600000020000000000000000
000000000000001009000000015B0001
00000000000000000000000000000000
000000048000035009003CDE3DE0004C
00000000000000168000000000000000
00000000000000100035000002EF8005
00000000000000000000000000000000
0000000000000010000100000159C015
00000000000000000000000000000000
1000000A600000020000000000000000
000000000000001009000000016D0001
00000000000000000000000000000000
000000048000035009003CDE3DE0004C
00000000000000168000000000000000
000000000000001000350000033B8005
00000000000000000000000000000000
0000000000000010000100000159C215
00000000000000000000000000000000
60400002200000000000000000000000
00000000000000100900000001760001
00000000000000000000000000000000
00000000000000100900000001760001
00000000000000000000000000000000
1000000A600000020000000000000000
00000000000000100900000001640001
00000000000000000000000000000000
000000048000035009003CDE3DE0004C
00000000000000168000000000000000
00000000000000100035000003158005
00000000000000000000000000000000
0000000000000010000100000159C115
00000000000000000000000000000000
60400002200000000000000000000000
000000000000001009000000017F0001
00000000000000000000000000000000
000000000000001009000000017F0001
00000000000000000000000000000000
20000082B00000000000000000000000
00000000000000000000001084000000
00000000000000000000000000000000
00000000000000100035000002EF8001
00000000000000000000000000000000
00000000000000100035000003158001
00000000000000000000000000000000
000000000000001000350000019A0001
00000000000000000000000000000000
60400002200000000000000000000000
00000000000000100900000001880001
00000000000000000000000000000000
00000000000000100900000001880001
00000000000000000000000000000000
1000100A600000020000000000000000
00000000000000100900000001880001
00000000000000000000000000000000
000000048000035009003CDE3DE0004C
00000000000000168000000000000000
00000000000000100035000003AD8005
00000000000000000000000000000000
0000000000000010000100000159C515
00000000000000000000000000000000
60400002200000000000000000000000
00000000000000100900000001910001
00000000000000000000000000000000
00000000000000100900000001910001
00000000000000000000000000000000
1000000A600000020000000000000000
00000000000000100900000001760001
00000000000000000000000000000000
000000048000035009003CDE3DE0004C
00000000000000168000000000000000
00000000000000100035000003618005
00000000000000000000000000000000
0000000000000010000100000159C315
00000000000000000000000000000000
20000083B00000000000000000000000
00000000000000000000001085000000
00000000000000000000000000000000
000000000000001000350000019A0001
00000000000000000000000000000000
00000000000000100035000003618001
00000000000000000000000000000000
000000000000001000350000033B8001
00000000000000000000000000000000
000000000000001000350000019A0001
00000000000000000000000000000000
1000000A600000020000000000000000
000000000000001009000000017F0001
00000000000000000000000000000000
000000048000035009003CDE3DE0004C
00000000000000168000000000000000
00000000000000100035000003878005
00000000000000000000000000000000
0000000000000010000100000159C415
00000000000000000000000000000000
20000083B00000000000000000000000
00000000000000000000001085000000
00000000000000000000000000000000
000000000000001000350000019A0001
00000000000000000000000000000000
00000000000000100035000003AD8001
00000000000000000000000000000000
00000000000000100035000003878001
00000000000000000000000000000000
000000000000001000350000019A0001
00000000000000000000000000000000
10001002600000010000000000000000
00000000000000100900000001910001
00000000000000000000000000000000
000000090000035009003D653DF00008
00000000000000000000000000000000
00000000000000100035000003D38005
00000000000000000000000000000000
20000082B00000000000000000000000
00000000000000000000001802000000
00000000000000000000000000000000
000000000000001000350000019A0001
00000000000000000000000000000000
00000000000000100035000003D38001
00000000000000000000000000000000
000000000000001000350000019A0001
00000000000000000000000000000000
60400102200000000000000000000000
000000000000001014000000019A0001
00000000000000000000000000000000
000000000000001014000000019A0001
00000000000000000000000000000000
20000002300000000000000000000000
00000000000000000000001000000000
00000000000000000000000000000000
00000000000000105000000000000001
00000000000000000000000000000000
00000000000000105000000000500001
00000000000000000000000000000000
80800000000000000000000000000000
20010002300000000000000000000000
00000000000000000000001000000000
00000000000000000000000000000000
00000000000000100004000000A08001
00000000000000000000000000000000
00000000000000100004000000A00001
00000000000000000000000000000000
40801102E00000000000000000000000
000000000000001014000000019A0001
00000000000000000000000000000000
00000000000000105000000000500001
00000000000000000000000000000000
00000000000000100014000000A08401
00000000000000000000000000000000
00000000000000105000000000000001
00000000000000000000000000000000
00FFFF80200000000000000000000000
00000000000000000001000003FFF015
00000000000000000000000000000000
40000002E00000001E3CE50800000000
00000000000000105000000000000001
00000000000000000000000000000000
00000000000000101400040000000000
00000000000000000000000000000000
00000000000000100004000000A00001
00000000000000000000000000000000
00000000000000101400000000A0C005
00000000000000000000000000000000
10000402600000010000000000000000
00000000000000101400000000A0C001
00000000000000000000000000000000
000000140000005014003D6656300008
00000000000000000000000000000000
00000000000000100005000000B9C005
00000000000000000000000000000000
10000002600000010000000000000000
00000000000000101400000000A0C001
00000000000000000000000000000000
00000014000000D014003D65F2200008
00000000000000000000000000000000
0000000000000010000D000000B4C005
00000000000000000000000000000000
60400082200000000000000000000000
00000000000000100500000000B4C001
00000000000000000000000000000000
00000000000000100500000000B4C001
00000000000000000000000000000000
20001004300000000000000000000000
00000000000000000000214000000000
00000000000000000000000000000000
00000000A000008000A0000000B4C001
00000000000000000000000000000000
00000000000000100001000000C2C001
00000000000000000000000000000000
80000002200000000000000000000000
00000000000000100500040000A00000
00000000000000000000000000000000
00000000000000100500000000BBC001
00000000000000000000000000000000
60400002200000000000000000000000
00000000000000100200000000B9C001
00000000000000000000000000000000
00000000000000100200000000B9C001
00000000000000000000000000000000
80000002200000000000000000000000
00000000000000100200040000B40000
00000000000000000000000000000000
00000000000000100200000000C0C001
00000000000000000000000000000000
20000002300000000000000000000000
0000078F394211280000001014050000
00000000000000000000000000000000
00000000000000100001000000C2C001
00000000000000000000000000000000
00000000000000100001000000C30001
00000000000000000000000000000000
80000002200000000000000000000000
00000000000000100040040000BC0000
00000000000000000000000000000000
00000000000000100040000000D04001
00000000000000000000000000000000
20004002F00000000000000000000000
00000000000000000000001840010000
00000000000000000000000000000000
00000000000000100500000000B4C001
00000000000000000000000000000000
00000000000000100500000000C30021
00000000000000000000000000000000
00000000000000100500000000BBC001
00000000000000000000000000000000
00000000000000100500000000C34001
00000000000000000000000000000000
10000102600000010000000000000000
00000000000000100500000000C34001
00000000000000000000000000000000
000000050000200005003D667E400008
00000000000000000000000000000000
00000000000000100200000000D08005
00000000000000000000000000000000
20001004300000000000000000000000
00000000000000000000214000000000
00000000000000000000000000000000
00000000400000800040000000B9C001
00000000000000000000000000000000
00000000000000100001000000C2C001
00000000000000000000000000000000
20000002300000000000000000000000
0000078F394211000000001014050000
00000000000000000000000000000000
00000000000000100001000000C2C001
00000000000000000000000000000000
00000000000000100001000000C30001
00000000000000000000000000000000
20000002F00000000000000000000000
00000000000000000000001840010000
00000000000000000000000000000000
00000000000000100200000000B9C001
00000000000000000000000000000000
00000000000000100200000000C30021
00000000000000000000000000000000
00000000000000100200000000C0C001
00000000000000000000000000000000
00000000000000100200000000CA4001
00000000000000000000000000000000
20000003700000000000000000000000
00000000000000000000001801610240
00000000000000000000000000000000
00000000000000100040000000CC0001
00000000000000000000000000000000
00000000000000100040000000D04001
00000000000000000000000000000000
00000000000000100040000000D06001
00000000000000000000000000000000
00000000000000100040000000CC0001
00000000000000000000000000000000
41000102200000000000000000000000
00000000000000100200000000CA4001
00000000000000000000000000000000
00000000000000100200000000CC4001
00000000000000000000000000000000
80C00402200000000000000000000000
00000000000000100200000000CC4001
00000000000000000000000000000000
00000008000008000200040000C32000
00000000000000000000000000000000
20000083700000000000000000000000
00000000000000000000001801610240
00000000000000000000000000000000
00000000000000100040000000D24001
00000000000000000000000000000000
00000000000000100040000000D04001
00000000000000000000000000000000
00000000000000100040000000D06001
00000000000000000000000000000000
00000000000000100040000000D24001
00000000000000000000000000000000
50004102E00001710000000000000000
00000000000000100200000000D08001
00000000000000000000000000000000
00000008000008000080040000C32000
00000000000000000000000000000000
00000008000000100200080010000000
00000000000000000000000000000000
00000000000000100280000000D28001
00000000000000000000000000000000
20000804300000000000000000000000
0000000000000F4D413CC28000030000
00000000000000000000000000000000
00000000000000100280000000D28001
00000000000000000000000000000000
00000000000000100001000000D50001
00000000000000000000000000000000
20000006700000000000000000000000
0000000000000F4D413CC2500B030000
00000000000000000000000000000000
00000000000000100280000000D28001
00000000000000000000000000000000
00000000000000100280000000D50021
00000000000000000000000000000000
00000000000000100280000000D54001
00000000000000000000000000000000
00000000000000100001000000D7C001
00000000000000000000000000000000
80000002200000000000000000000000
00000000000000100001040000C30000
00000000000000000000000000000000
00000000000000100001000000DA8001
00000000000000000000000000000000
20000002300000000000000000000000
00000000000000000000001800000000
00000000000000000000000000000000
00000000000000100280000000D54001
00000000000000000000000000000000
00000000000000100280000000D80001
00000000000000000000000000000000
50400102E00001710000000000000000
00000000000000100280000000D80001
00000000000000000000000000000000
00000008000008000080040000C32000
00000000000000000000000000000000
00000008000000100200080010000000
00000000000000000000000000000000
00000000000000100200000000DB4001
00000000000000000000000000000000
20004002F00000000000000000000000
0000000000000000000000108B000000
00000000000000000000000000000000
00000000000000100001000000DA8001
00000000000000000000000000000000
00000000000000100001000000D50001
00000000000000000000000000000000
00000000000000100001000000D7C001
00000000000000000000000000000000
00000000000000100001000000DB0001
00000000000000000000000000000000
20000802700000000000000000000000
00000000000000000000001800040000
00000000000000000000000000000000
00000000000000100200000000DB4001
00000000000000000000000000000000
00000000000000100200000000DB0021
00000000000000000000000000000000
00000000000000100200000000DF4001
00000000000000000000000000000000
20000003700000000000000000000000
00000000000000000000001801810240
00000000000000000000000000000000
00000000000000100040000000E10001
00000000000000000000000000000000
00000000000000100040000000D04001
00000000000000000000000000000000
00000000000000100040000000D06001
00000000000000000000000000000000
00000000000000100040000000E10001
00000000000000000000000000000000
10000102600000000000000000000000
00000000000000100200000000DF4001
00000000000000000000000000000000
000000200000400002003D68FE500004
00000000000000000000000000000000
00000000000000100400000000E14001
00000000000000000000000000000000
61000082200000080000000000000000
00000000000000100400000000E14001
00000000000000000000000000000000
00000000000000103000000001114005
00000000000000000000000000000000
A0000002600000000000000000000000
00000000000000105000000000000001
00000000000000000000000000000000
000000000000001000013D65F2000004
00000000000000000000000000000000
00000000000000100018000000A04001
00000000000000000000000000000000
20000002300000000000000000000000
00000000000000000000001000000000
00000000000000000000000000000000
00000000000000105000000000000001
00000000000000000000000000000000
00000000000000105000000000500001
00000000000000000000000000000000
10001002600000010000000000000000
00000000000000102000000001114001
00000000000000000000000000000000
000000200000035020003D6CFE600008
00000000000000000000000000000000
00000000000000100035000001414005
00000000000000000000000000000000
60400082200000000000000000000000
00000000000000101400000001414001
00000000000000000000000000000000
00000000000000101400000001414001
00000000000000000000000000000000
40811102E00000000000000000000000
00000000000000101400000001414001
00000000000000000000000000000000
00000000000000105000000000500001
00000000000000000000000000000000
00000000000000100014000000A04401
00000000000000000000000000000000
00000000000000105000000000000001
00000000000000000000000000000000
40000002E00000001E3CE50800000000
00000000000000105000000000000001
00000000000000000000000000000000
00000000000000101400040000500000
00000000000000000000000000000000
00000000000000100004000000A04001
00000000000000000000000000000000
00000000000000101400000000A0C005
00000000000000000000000000000000
10000402600000000000000000000000
00000000000000101400000000A0C001
00000000000000000000000000000000
000000280000004014003D6F7E900004
00000000000000000000000000000000
00000000000000100004000001554001
00000000000000000000000000000000
20000082300000000000000000000000
00000000000000000000001030000000
00000000000000000000000000000000
00000000000000100004000001554001
00000000000000000000000000000000
00000000000000100004000001554001
00000000000000000000000000000000
60400102200000000000000000000000
00000000000000100180000001554001
00000000000000000000000000000000
00000000000000100180000001554001
00000000000000000000000000000000
80000002200000000000000000000000
00000000000000100180040000BD0000
00000000000000000000000000000000
0000000000000010018000000156C001
00000000000000000000000000000000
20005002B00000000000000000000000
00000000000000000000001002000000
00000000000000000000000000000000
00000000000000100180000001554001
00000000000000000000000000000000
0000000000000010018000000156C001
00000000000000000000000000000000
00000000000000100180000001584001
00000000000000000000000000000000
90800102200010060000000000000000
00000000000000100180000001584001
00000000000000000000000000000000
0000000000000010000600000159C015
00000000000000000000000000000000
2000800A300000000000000000000000
00000000000000000000001000000000
00000000000000000000000000000000
00000000000000100001000001554041
00000000000000000000400000000000
000000000000001000010000015A0001
00000000000000000000000000000000
0000000000000010000100000159C015
00000000000000000000000000000000
2000000A300000000000000000000000
00000000000000000000001000000000
00000000000000000000000000000000
00000000000000100001000001554041
00000000000000000000400000000000
000000000000001000010000015A0101
00000000000000000000000000000000
0000000000000010000100000159C115
00000000000000000000000000000000
2000000A300000000000000000000000
00000000000000000000001000000000
00000000000000000000000000000000
00000000000000100001000001554041
00000000000000000000400000000000
000000000000001000010000015A0201
00000000000000000000000000000000
0000000000000010000100000159C215
00000000000000000000000000000000
2000000A300000000000000000000000
00000000000000000000001000000000
00000000000000000000000000000000
00000000000000100001000001554041
00000000000000000000400000000000
000000000000001000010000015A0301
00000000000000000000000000000000
0000000000000010000100000159C315
00000000000000000000000000000000
80000002200000000000000000000000
00000000000000100001040005132000
00000000000000000000000000000000
000000000000001000010000015AC601
00000000000000000000000000000000
1000000A600000020000000000000000
00000000000000101400000000A0C001
00000000000000000000000000000000
0000000A0000018014003D6FBAA0004C
00000000000000168000000000000000
00000000000000100018000002DD8005
00000000000000000000000000000000
0000000000000010000100000159C015
00000000000000000000000000000000
2000000A300000000000000000000000
00000000000000000000001000000000
00000000000000000000000000000000
00000000000000100001000001554041
00000000000000000000400000000000
000000000000001000010000015A0401
00000000000000000000000000000000
0000000000000010000100000159C415
00000000000000000000000000000000
2000000A300000000000000000000000
00000000000000000000001000000000
00000000000000000000000000000000
00000000000000100001000001554041
00000000000000000000400000000000
000000000000001000010000015A0501
00000000000000000000000000000000
0000000000000010000100000159C515
00000000000000000000000000000000
20000004300000000000000000000000
00000000000000000000024000000000
00000000000000000000000000000000
000000000000001000060000015A0001
00000000000000000000000000000000
000000000000001000010000015A4001
00000000000000000000000000000000
10000002600000010000000000000000
00000000000000101400000000A0C001
00000000000000000000000000000000
000000140000018014003E7DBAC00008
00000000000000000000000000000000
00000000000000100018000003C18005
00000000000000000000000000000000
10000002600000010000000000000000
00000000000000101400000000A0C001
00000000000000000000000000000000
000000140000018014003E7E6ED00008
00000000000000000000000000000000
00000000000000100018000003CA8005
00000000000000000000000000000000
1000000A600000020000000000000000
00000000000000101400000000A0C001
00000000000000000000000000000000
0000000A0000018014003DF6BAB0004C
00000000000000168000000000000000
00000000000000100018000002E68005
00000000000000000000000000000000
0000000000000010000100000159C015
00000000000000000000000000000000
1000000A600000020000000000000000
00000000000000101400000000A0C001
00000000000000000000000000000000
0000000A0000018014003D6FBAA0004C
00000000000000168000000000000000
00000000000000100018000003038005
00000000000000000000000000000000
0000000000000010000100000159C115
00000000000000000000000000000000
1000000A600000020000000000000000
00000000000000101400000000A0C001
00000000000000000000000000000000
0000000A0000018014003DF6BAB0004C
00000000000000168000000000000000
000000000000001000180000030C8005
00000000000000000000000000000000
0000000000000010000100000159C115
00000000000000000000000000000000
1000000A600000020000000000000000
00000000000000101400000000A0C001
00000000000000000000000000000000
0000000A0000018014003D6FBAA0004C
00000000000000168000000000000000
00000000000000100018000003298005
00000000000000000000000000000000
0000000000000010000100000159C215
00000000000000000000000000000000
1000000A600000020000000000000000
00000000000000101400000000A0C001
00000000000000000000000000000000
0000000A0000018014003DF6BAB0004C
00000000000000168000000000000000
00000000000000100018000003328005
00000000000000000000000000000000
0000000000000010000100000159C215
00000000000000000000000000000000
20000002300000000000000000000000
0000078F394200000000001004000000
00000000000000000000000000000000
000000000000001000010000015A4001
00000000000000000000000000000000
000000000000001000010000015A8001
00000000000000000000000000000000
1000000A600000020000000000000000
00000000000000101400000000A0C001
00000000000000000000000000000000
0000000A0000018014003D6FBAA0004C
00000000000000168000000000000000
000000000000001000180000034F8005
00000000000000000000000000000000
0000000000000010000100000159C315
00000000000000000000000000000000
1000000A600000020000000000000000
00000000000000101400000000A0C001
00000000000000000000000000000000
0000000A0000018014003DF6BAB0004C
00000000000000168000000000000000
00000000000000100018000003588005
00000000000000000000000000000000
0000000000000010000100000159C315
00000000000000000000000000000000
1000000A600000020000000000000000
00000000000000101400000000A0C001
00000000000000000000000000000000
0000000A0000018014003D6FBAA0004C
00000000000000168000000000000000
00000000000000100018000003758005
00000000000000000000000000000000
0000000000000010000100000159C415
00000000000000000000000000000000
1000000A600000020000000000000000
00000000000000101400000000A0C001
00000000000000000000000000000000
0000000A0000018014003DF6BAB0004C
00000000000000168000000000000000
000000000000001000180000037E8005
00000000000000000000000000000000
0000000000000010000100000159C415
00000000000000000000000000000000
1000000A600000020000000000000000
00000000000000101400000000A0C001
00000000000000000000000000000000
0000000A0000018014003D6FBAA0004C
00000000000000168000000000000000
000000000000001000180000039B8005
00000000000000000000000000000000
0000000000000010000100000159C515
00000000000000000000000000000000
20004002700000000000000000000000
00000FF00000000000000010C0040000
00000000000000000000000000000000
000000000000001000060000015A0001
00000000000000000000000000000000
000000000000001000060000015A8021
00000000000000000000000000000000
000000000000001000060000015AC001
00000000000000000000000000000000
1000000A600000020000000000000000
00000000000000101400000000A0C001
00000000000000000000000000000000
0000000A0000018014003DF6BAB0004C
00000000000000168000000000000000
00000000000000100018000003A48005
00000000000000000000000000000000
0000000000000010000100000159C515
00000000000000000000000000000000
20000082F00000000000000000000000
00000000000000000000001A6800C000
00000000000000000000000000001048
00000026000000700018000002DD8001
00000000000000000000000000000000
000000000100007000180000015AC021
00000000000000000000000000000000
00000026000000700018000002E68001
00000000000000000000000000000000
000000090000007000180000015B0001
00000000000000000000000000000000
60400102200000000000000000000000
000000000000001009000000016D0001
00000000000000000000000000000000
000000000000001009000000016D0001
00000000000000000000000000000000
60400002200000000000000000000000
00000000000000100900000001640001
00000000000000000000000000000000
00000000000000100900000001640001
00000000000000000000000000000000
A0000002600000000000000000000000
00000000000000105000000000000001
00000000000000000000000000000000
000000000000001000013D6F7E700004
00000000000000000000000000000000
00000000000000100018000000A08001
00000000000000000000000000000000
60400002200000000000000000000000
000000000000001009000000015B0001
00000000000000000000000000000000
000000000000001009000000015B0001
00000000000000000000000000000000
1000100A600000020000000000000000
000000000000001009000000015B0001
00000000000000000000000000000000
000000048000035009003E7F22E0004C
00000000000000168000000000000000
00000000000000100035000002EF8005
00000000000000000000000000000000
0000000000000010000100000159C015
00000000000000000000000000000000
1000000A600000020000000000000000
000000000000001009000000016D0001
00000000000000000000000000000000
000000048000035009003E7F22E0004C
00000000000000168000000000000000
000000000000001000350000033B8005
00000000000000000000000000000000
0000000000000010000100000159C215
00000000000000000000000000000000
60400002200000000000000000000000
00000000000000100900000001760001
00000000000000000000000000000000
00000000000000100900000001760001
00000000000000000000000000000000
1000000A600000020000000000000000
00000000000000100900000001640001
00000000000000000000000000000000
000000048000035009003E7F22E0004C
00000000000000168000000000000000
00000000000000100035000003158005
00000000000000000000000000000000
0000000000000010000100000159C115
00000000000000000000000000000000
60400002200000000000000000000000
000000000000001009000000017F0001
00000000000000000000000000000000
000000000000001009000000017F0001
00000000000000000000000000000000
20000082B00000000000000000000000
00000000000000000000001084000000
00000000000000000000000000000000
00000000000000100035000002EF8001
00000000000000000000000000000000
00000000000000100035000003158001
00000000000000000000000000000000
000000000000001000350000019A0001
00000000000000000000000000000000
60400002200000000000000000000000
00000000000000100900000001880001
00000000000000000000000000000000
00000000000000100900000001880001
00000000000000000000000000000000
1000100A600000020000000000000000
00000000000000100900000001880001
00000000000000000000000000000000
000000048000035009003E7F22E0004C
00000000000000168000000000000000
00000000000000100035000003AD8005
00000000000000000000000000000000
0000000000000010000100000159C515
00000000000000000000000000000000
60400002200000000000000000000000
00000000000000100900000001910001
00000000000000000000000000000000
00000000000000100900000001910001
00000000000000000000000000000000
1000000A600000020000000000000000
00000000000000100900000001760001
00000000000000000000000000000000
000000048000035009003E7F22E0004C
00000000000000168000000000000000
00000000000000100035000003618005
00000000000000000000000000000000
0000000000000010000100000159C315
00000000000000000000000000000000
20000083B00000000000000000000000
00000000000000000000001085000000
00000000000000000000000000000000
000000000000001000350000019A0001
00000000000000000000000000000000
00000000000000100035000003618001
00000000000000000000000000000000
000000000000001000350000033B8001
00000000000000000000000000000000
000000000000001000350000019A0001
00000000000000000000000000000000
1000000A600000020000000000000000
000000000000001009000000017F0001
00000000000000000000000000000000
000000048000035009003E7F22E0004C
00000000000000168000000000000000
00000000000000100035000003878005
00000000000000000000000000000000
0000000000000010000100000159C415
00000000000000000000000000000000
20000083B00000000000000000000000
00000000000000000000001085000000
00000000000000000000000000000000
000000000000001000350000019A0001
00000000000000000000000000000000
00000000000000100035000003AD8001
00000000000000000000000000000000
00000000000000100035000003878001
00000000000000000000000000000000
000000000000001000350000019A0001
00000000000000000000000000000000
10001002600000010000000000000000
00000000000000100900000001910001
00000000000000000000000000000000
000000090000035009003F0622F00008
00000000000000000000000000000000
00000000000000100035000003D38005
00000000000000000000000000000000
20000082B00000000000000000000000
00000000000000000000001802000000
00000000000000000000000000000000
000000000000001000350000019A0001
00000000000000000000000000000000
00000000000000100035000003D38001
00000000000000000000000000000000
000000000000001000350000019A0001
00000000000000000000000000000000
60400102200000000000000000000000
000000000000001014000000019A0001
00000000000000000000000000000000
000000000000001014000000019A0001
00000000000000000000000000000000
20000002300000000000000000000000
00000000000000000000001000000000
00000000000000000000000000000000
00000000000000105000000000000001
00000000000000000000000000000000
00000000000000105000000000500001
00000000000000000000000000000000
80800000000000000000000000000000
20010002300000000000000000000000
00000000000000000000001000000000
00000000000000000000000000000000
00000000000000100004000000A08001
00000000000000000000000000000000
00000000000000100004000000A00001
00000000000000000000000000000000
40801102E00000000000000000000000
000000000000001014000000019A0001
00000000000000000000000000000000
00000000000000105000000000500001
00000000000000000000000000000000
00000000000000100014000000A08401
00000000000000000000000000000000
00000000000000105000000000000001
00000000000000000000000000000000
00FFFF80200000000000000000000000
00000000000000000001000003FFF015
00000000000000000000000000000000
40000002E00000001E3CE50800000000
00000000000000105000000000000001
00000000000000000000000000000000
00000000000000101400040000000000
00000000000000000000000000000000
00000000000000100004000000A00001
00000000000000000000000000000000
00000000000000101400000000A0C005
00000000000000000000000000000000
10000402600000010000000000000000
00000000000000101400000000A0C001
00000000000000000000000000000000
000000140000005014003F073B300008
00000000000000000000000000000000
00000000000000100005000000B9C005
00000000000000000000000000000000
10000002600000010000000000000000
00000000000000101400000000A0C001
00000000000000000000000000000000
00000014000000D014003F06D7200008
00000000000000000000000000000000
0000000000000010000D000000B4C005
00000000000000000000000000000000
60400082200000000000000000000000
00000000000000100500000000B4C001
00000000000000000000000000000000
00000000000000100500000000B4C001
00000000000000000000000000000000
20001004300000000000000000000000
00000000000000000000214000000000
00000000000000000000000000000000
00000000A000008000A0000000B4C001
00000000000000000000000000000000
00000000000000100001000000C2C001
00000000000000000000000000000000
80000002200000000000000000000000
00000000000000100500040000A00000
00000000000000000000000000000000
00000000000000100500000000BBC001
00000000000000000000000000000000
60400002200000000000000000000000
00000000000000100200000000B9C001
00000000000000000000000000000000
00000000000000100200000000B9C001
00000000000000000000000000000000
80000002200000000000000000000000
00000000000000100200040000B40000
00000000000000000000000000000000
00000000000000100200000000C0C001
00000000000000000000000000000000
20000002300000000000000000000000
0000078F394211280000001014050000
00000000000000000000000000000000
00000000000000100001000000C2C001
00000000000000000000000000000000
00000000000000100001000000C30001
00000000000000000000000000000000
80000002200000000000000000000000
00000000000000100040040000BC0000
00000000000000000000000000000000
00000000000000100040000000D04001
00000000000000000000000000000000
20004002F00000000000000000000000
00000000000000000000001840010000
00000000000000000000000000000000
00000000000000100500000000B4C001
00000000000000000000000000000000
00000000000000100500000000C30021
00000000000000000000000000000000
00000000000000100500000000BBC001
00000000000000000000000000000000
00000000000000100500000000C34001
00000000000000000000000000000000
10000102600000010000000000000000
00000000000000100500000000C34001
00000000000000000000000000000000
000000050000200005003F0763400008
00000000000000000000000000000000
00000000000000100200000000D08005
00000000000000000000000000000000
20001004300000000000000000000000
00000000000000000000214000000000
00000000000000000000000000000000
00000000400000800040000000B9C001
00000000000000000000000000000000
00000000000000100001000000C2C001
00000000000000000000000000000000
20000002300000000000000000000000
0000078F394211000000001014050000
00000000000000000000000000000000
00000000000000100001000000C2C001
00000000000000000000000000000000
00000000000000100001000000C30001
00000000000000000000000000000000
20000002F00000000000000000000000
00000000000000000000001840010000
00000000000000000000000000000000
00000000000000100200000000B9C001
00000000000000000000000000000000
00000000000000100200000000C30021
00000000000000000000000000000000
00000000000000100200000000C0C001
00000000000000000000000000000000
00000000000000100200000000CA4001
00000000000000000000000000000000
20000003700000000000000000000000
00000000000000000000001801610240
00000000000000000000000000000000
00000000000000100040000000CC0001
00000000000000000000000000000000
00000000000000100040000000D04001
00000000000000000000000000000000
00000000000000100040000000D06001
00000000000000000000000000000000
00000000000000100040000000CC0001
00000000000000000000000000000000
41000102200000000000000000000000
00000000000000100200000000CA4001
00000000000000000000000000000000
00000000000000100200000000CC4001
00000000000000000000000000000000
80C00402200000000000000000000000
00000000000000100200000000CC4001
00000000000000000000000000000000
00000008000008000200040000C32000
00000000000000000000000000000000
20000083700000000000000000000000
00000000000000000000001801610240
00000000000000000000000000000000
00000000000000100040000000D24001
00000000000000000000000000000000
00000000000000100040000000D04001
00000000000000000000000000000000
00000000000000100040000000D06001
00000000000000000000000000000000
00000000000000100040000000D24001
00000000000000000000000000000000
50004102E00001710000000000000000
00000000000000100200000000D08001
00000000000000000000000000000000
00000008000008000080040000C32000
00000000000000000000000000000000
00000008000000100200080010000000
00000000000000000000000000000000
00000000000000100280000000D28001
00000000000000000000000000000000
20000804300000000000000000000000
0000000000000F4D413CC28000030000
00000000000000000000000000000000
00000000000000100280000000D28001
00000000000000000000000000000000
00000000000000100001000000D50001
00000000000000000000000000000000
20000006700000000000000000000000
0000000000000F4D413CC2500B030000
00000000000000000000000000000000
00000000000000100280000000D28001
00000000000000000000000000000000
00000000000000100280000000D50021
00000000000000000000000000000000
00000000000000100280000000D54001
00000000000000000000000000000000
00000000000000100001000000D7C001
00000000000000000000000000000000
80000002200000000000000000000000
00000000000000100001040000C30000
00000000000000000000000000000000
00000000000000100001000000DA8001
00000000000000000000000000000000
20000002300000000000000000000000
00000000000000000000001800000000
00000000000000000000000000000000
00000000000000100280000000D54001
00000000000000000000000000000000
00000000000000100280000000D80001
00000000000000000000000000000000
50400102E00001710000000000000000
00000000000000100280000000D80001
00000000000000000000000000000000
00000008000008000080040000C32000
00000000000000000000000000000000
00000008000000100200080010000000
00000000000000000000000000000000
00000000000000100200000000DB4001
00000000000000000000000000000000
20004002F00000000000000000000000
0000000000000000000000108B000000
00000000000000000000000000000000
00000000000000100001000000DA8001
00000000000000000000000000000000
00000000000000100001000000D50001
00000000000000000000000000000000
00000000000000100001000000D7C001
00000000000000000000000000000000
00000000000000100001000000DB0001
00000000000000000000000000000000
20000802700000000000000000000000
00000000000000000000001800040000
00000000000000000000000000000000
00000000000000100200000000DB4001
00000000000000000000000000000000
00000000000000100200000000DB0021
00000000000000000000000000000000
00000000000000100200000000DF4001
00000000000000000000000000000000
20000003700000000000000000000000
00000000000000000000001801810240
00000000000000000000000000000000
00000000000000100040000000E10001
00000000000000000000000000000000
00000000000000100040000000D04001
00000000000000000000000000000000
00000000000000100040000000D06001
00000000000000000000000000000000
00000000000000100040000000E10001
00000000000000000000000000000000
10000102600000000000000000000000
00000000000000100200000000DF4001
00000000000000000000000000000000
000000200000400002003F09E3500004
00000000000000000000000000000000
00000000000000100400000000E14001
00000000000000000000000000000000
61000082200000080000000000000000
00000000000000100400000000E14001
00000000000000000000000000000000
00000000000000103000000001114005
00000000000000000000000000000000
A0000002600000000000000000000000
00000000000000105000000000000001
00000000000000000000000000000000
000000000000001000013F06D7000004
00000000000000000000000000000000
00000000000000100018000000A04001
00000000000000000000000000000000
20000002300000000000000000000000
00000000000000000000001000000000
00000000000000000000000000000000
00000000000000105000000000000001
00000000000000000000000000000000
00000000000000105000000000500001
00000000000000000000000000000000
10001002600000010000000000000000
00000000000000102000000001114001
00000000000000000000000000000000
000000200000035020003F0DE3600008
00000000000000000000000000000000
00000000000000100035000001414005
00000000000000000000000000000000
60400082200000000000000000000000
00000000000000101400000001414001
00000000000000000000000000000000
00000000000000101400000001414001
00000000000000000000000000000000
40811102E00000000000000000000000
00000000000000101400000001414001
00000000000000000000000000000000
00000000000000105000000000500001
00000000000000000000000000000000
00000000000000100014000000A04401
00000000000000000000000000000000
00000000000000105000000000000001
00000000000000000000000000000000
40000002E00000001E3CE50800000000
00000000000000105000000000000001
00000000000000000000000000000000
00000000000000101400040000500000
00000000000000000000000000000000
00000000000000100004000000A04001
00000000000000000000000000000000
00000000000000101400000000A0C005
00000000000000000000000000000000
10000402600000000000000000000000
00000000000000101400000000A0C001
00000000000000000000000000000000
000000280000004014003F1063900004
00000000000000000000000000000000
00000000000000100004000001554001
00000000000000000000000000000000
20000082300000000000000000000000
00000000000000000000001030000000
00000000000000000000000000000000
00000000000000100004000001554001
00000000000000000000000000000000
00000000000000100004000001554001
00000000000000000000000000000000
60400102200000000000000000000000
00000000000000100180000001554001
00000000000000000000000000000000
00000000000000100180000001554001
00000000000000000000000000000000
80000002200000000000000000000000
00000000000000100180040000BD0000
00000000000000000000000000000000
0000000000000010018000000156C001
00000000000000000000000000000000
20005002B00000000000000000000000
00000000000000000000001002000000
00000000000000000000000000000000
00000000000000100180000001554001
00000000000000000000000000000000
0000000000000010018000000156C001
00000000000000000000000000000000
00000000000000100180000001584001
00000000000000000000000000000000
90800102200010060000000000000000
00000000000000100180000001584001
00000000000000000000000000000000
0000000000000010000600000159C015
00000000000000000000000000000000
2000800A300000000000000000000000
00000000000000000000001000000000
00000000000000000000000000000000
00000000000000100001000001554041
00000000000000000000400000000000
000000000000001000010000015A0001
00000000000000000000000000000000
0000000000000010000100000159C015
00000000000000000000000000000000
2000000A300000000000000000000000
00000000000000000000001000000000
00000000000000000000000000000000
00000000000000100001000001554041
00000000000000000000400000000000
000000000000001000010000015A0101
00000000000000000000000000000000
0000000000000010000100000159C115
00000000000000000000000000000000
2000000A300000000000000000000000
00000000000000000000001000000000
00000000000000000000000000000000
00000000000000100001000001554041
00000000000000000000400000000000
000000000000001000010000015A0201
00000000000000000000000000000000
0000000000000010000100000159C215
00000000000000000000000000000000
2000000A300000000000000000000000
00000000000000000000001000000000
00000000000000000000000000000000
00000000000000100001000001554041
00000000000000000000400000000000
000000000000001000010000015A0301
00000000000000000000000000000000
0000000000000010000100000159C315
00000000000000000000000000000000
80000002200000000000000000000000
00000000000000100001040005132000
00000000000000000000000000000000
000000000000001000010000015AC601
00000000000000000000000000000000
1000000A600000020000000000000000
00000000000000101400000000A0C001
00000000000000000000000000000000
0000000A0000018014003F109FA0004C
00000000000000168000000000000000
00000000000000100018000002DD8005
00000000000000000000000000000000
0000000000000010000100000159C015
00000000000000000000000000000000
2000000A300000000000000000000000
00000000000000000000001000000000
00000000000000000000000000000000
00000000000000100001000001554041
00000000000000000000400000000000
000000000000001000010000015A0401
00000000000000000000000000000000
0000000000000010000100000159C415
00000000000000000000000000000000
2000000A300000000000000000000000
00000000000000000000001000000000
00000000000000000000000000000000
00000000000000100001000001554041
00000000000000000000400000000000
000000000000001000010000015A0501
00000000000000000000000000000000
0000000000000010000100000159C515
00000000000000000000000000000000
20000004300000000000000000000000
00000000000000000000024000000000
00000000000000000000000000000000
000000000000001000060000015A0001
00000000000000000000000000000000
000000000000001000010000015A4001
00000000000000000000000000000000
10000002600000010000000000000000
00000000000000101400000000A0C001
00000000000000000000000000000000
00000014000001801400401E9FC00008
00000000000000000000000000000000
00000000000000100018000003C18005
00000000000000000000000000000000
10000002600000010000000000000000
00000000000000101400000000A0C001
00000000000000000000000000000000
00000014000001801400401F53D00008
00000000000000000000000000000000
00000000000000100018000003CA8005
00000000000000000000000000000000
1000000A600000020000000000000000
00000000000000101400000000A0C001
00000000000000000000000000000000
0000000A0000018014003F979FB0004C
00000000000000168000000000000000
00000000000000100018000002E68005
00000000000000000000000000000000
0000000000000010000100000159C015
00000000000000000000000000000000
1000000A600000020000000000000000
00000000000000101400000000A0C001
00000000000000000000000000000000
0000000A0000018014003F109FA0004C
00000000000000168000000000000000
00000000000000100018000003038005
00000000000000000000000000000000
0000000000000010000100000159C115
00000000000000000000000000000000
1000000A600000020000000000000000
00000000000000101400000000A0C001
00000000000000000000000000000000
0000000A0000018014003F979FB0004C
00000000000000168000000000000000
000000000000001000180000030C8005
00000000000000000000000000000000
0000000000000010000100000159C115
00000000000000000000000000000000
1000000A600000020000000000000000
00000000000000101400000000A0C001
00000000000000000000000000000000
0000000A0000018014003F109FA0004C
00000000000000168000000000000000
00000000000000100018000003298005
00000000000000000000000000000000
0000000000000010000100000159C215
00000000000000000000000000000000
1000000A600000020000000000000000
00000000000000101400000000A0C001
00000000000000000000000000000000
0000000A0000018014003F979FB0004C
00000000000000168000000000000000
00000000000000100018000003328005
00000000000000000000000000000000
0000000000000010000100000159C215
00000000000000000000000000000000
20000002300000000000000000000000
0000078F394200000000001004000000
00000000000000000000000000000000
000000000000001000010000015A4001
00000000000000000000000000000000
000000000000001000010000015A8001
00000000000000000000000000000000
1000000A600000020000000000000000
00000000000000101400000000A0C001
00000000000000000000000000000000
0000000A0000018014003F109FA0004C
00000000000000168000000000000000
000000000000001000180000034F8005
00000000000000000000000000000000
0000000000000010000100000159C315
00000000000000000000000000000000
1000000A600000020000000000000000
00000000000000101400000000A0C001
00000000000000000000000000000000
0000000A0000018014003F979FB0004C
00000000000000168000000000000000
00000000000000100018000003588005
00000000000000000000000000000000
0000000000000010000100000159C315
00000000000000000000000000000000
1000000A600000020000000000000000
00000000000000101400000000A0C001
00000000000000000000000000000000
0000000A0000018014003F109FA0004C
00000000000000168000000000000000
00000000000000100018000003758005
00000000000000000000000000000000
0000000000000010000100000159C415
00000000000000000000000000000000
1000000A600000020000000000000000
00000000000000101400000000A0C001
00000000000000000000000000000000
0000000A0000018014003F979FB0004C
00000000000000168000000000000000
000000000000001000180000037E8005
00000000000000000000000000000000
0000000000000010000100000159C415
00000000000000000000000000000000
1000000A600000020000000000000000
00000000000000101400000000A0C001
00000000000000000000000000000000
0000000A0000018014003F109FA0004C
00000000000000168000000000000000
000000000000001000180000039B8005
00000000000000000000000000000000
0000000000000010000100000159C515
00000000000000000000000000000000
20004002700000000000000000000000
00000FF00000000000000010C0040000
00000000000000000000000000000000
000000000000001000060000015A0001
00000000000000000000000000000000
000000000000001000060000015A8021
00000000000000000000000000000000
000000000000001000060000015AC001
00000000000000000000000000000000
1000000A600000020000000000000000
00000000000000101400000000A0C001
00000000000000000000000000000000
0000000A0000018014003F979FB0004C
00000000000000168000000000000000
00000000000000100018000003A48005
00000000000000000000000000000000
0000000000000010000100000159C515
00000000000000000000000000000000
20000082F00000000000000000000000
00000000000000000000001A6800C000
00000000000000000000000000001048
00000026000000700018000002DD8001
00000000000000000000000000000000
000000000100007000180000015AC021
00000000000000000000000000000000
00000026000000700018000002E68001
00000000000000000000000000000000
000000090000007000180000015B0001
00000000000000000000000000000000
60400102200000000000000000000000
000000000000001009000000016D0001
00000000000000000000000000000000
000000000000001009000000016D0001
00000000000000000000000000000000
60400002200000000000000000000000
00000000000000100900000001640001
00000000000000000000000000000000
00000000000000100900000001640001
00000000000000000000000000000000
A0000002600000000000000000000000
00000000000000105000000000000001
00000000000000000000000000000000
000000000000001000013F1063700004
00000000000000000000000000000000
00000000000000100018000000A08001
00000000000000000000000000000000
60400002200000000000000000000000
000000000000001009000000015B0001
00000000000000000000000000000000
000000000000001009000000015B0001
00000000000000000000000000000000
1000100A600000020000000000000000
000000000000001009000000015B0001
00000000000000000000000000000000
00000004800003500900402007E0004C
00000000000000168000000000000000
00000000000000100035000002EF8005
00000000000000000000000000000000
0000000000000010000100000159C015
00000000000000000000000000000000
1000000A600000020000000000000000
000000000000001009000000016D0001
00000000000000000000000000000000
00000004800003500900402007E0004C
00000000000000168000000000000000
000000000000001000350000033B8005
00000000000000000000000000000000
0000000000000010000100000159C215
00000000000000000000000000000000
60400002200000000000000000000000
00000000000000100900000001760001
00000000000000000000000000000000
00000000000000100900000001760001
00000000000000000000000000000000
1000000A600000020000000000000000
00000000000000100900000001640001
00000000000000000000000000000000
00000004800003500900402007E0004C
00000000000000168000000000000000
00000000000000100035000003158005
00000000000000000000000000000000
0000000000000010000100000159C115
00000000000000000000000000000000
60400002200000000000000000000000
000000000000001009000000017F0001
00000000000000000000000000000000
000000000000001009000000017F0001
00000000000000000000000000000000
20000082B00000000000000000000000
00000000000000000000001084000000
00000000000000000000000000000000
00000000000000100035000002EF8001
00000000000000000000000000000000
00000000000000100035000003158001
00000000000000000000000000000000
000000000000001000350000019A0001
00000000000000000000000000000000
60400002200000000000000000000000
00000000000000100900000001880001
00000000000000000000000000000000
00000000000000100900000001880001
00000000000000000000000000000000
1000100A600000020000000000000000
00000000000000100900000001880001
00000000000000000000000000000000
00000004800003500900402007E0004C
00000000000000168000000000000000
00000000000000100035000003AD8005
00000000000000000000000000000000
0000000000000010000100000159C515
00000000000000000000000000000000
60400002200000000000000000000000
00000000000000100900000001910001
00000000000000000000000000000000
00000000000000100900000001910001
00000000000000000000000000000000
1000000A600000020000000000000000
00000000000000100900000001760001
00000000000000000000000000000000
00000004800003500900402007E0004C
00000000000000168000000000000000
00000000000000100035000003618005
00000000000000000000000000000000
0000000000000010000100000159C315
00000000000000000000000000000000
20000083B00000000000000000000000
00000000000000000000001085000000
00000000000000000000000000000000
000000000000001000350000019A0001
00000000000000000000000000000000
00000000000000100035000003618001
00000000000000000000000000000000
000000000000001000350000033B8001
00000000000000000000000000000000
000000000000001000350000019A0001
00000000000000000000000000000000
1000000A600000020000000000000000
000000000000001009000000017F0001
00000000000000000000000000000000
00000004800003500900402007E0004C
00000000000000168000000000000000
00000000000000100035000003878005
00000000000000000000000000000000
0000000000000010000100000159C415
00000000000000000000000000000000
20000083B00000000000000000000000
00000000000000000000001085000000
00000000000000000000000000000000
000000000000001000350000019A0001
00000000000000000000000000000000
00000000000000100035000003AD8001
00000000000000000000000000000000
00000000000000100035000003878001
00000000000000000000000000000000
000000000000001000350000019A0001
00000000000000000000000000000000
10001002600000010000000000000000
00000000000000100900000001910001
00000000000000000000000000000000
0000000900000350090040A707F00008
00000000000000000000000000000000
00000000000000100035000003D38005
00000000000000000000000000000000
20000082B00000000000000000000000
00000000000000000000001802000000
00000000000000000000000000000000
000000000000001000350000019A0001
00000000000000000000000000000000
00000000000000100035000003D38001
00000000000000000000000000000000
000000000000001000350000019A0001
00000000000000000000000000000000
60400102200000000000000000000000
000000000000001014000000019A0001
00000000000000000000000000000000
000000000000001014000000019A0001
00000000000000000000000000000000
20000002300000000000000000000000
00000000000000000000001000000000
00000000000000000000000000000000
00000000000000105000000000000001
00000000000000000000000000000000
00000000000000105000000000500001
00000000000000000000000000000000
80800000000000000000000000000000
20010002300000000000000000000000
00000000000000000000001000000000
00000000000000000000000000000000
00000000000000100004000000A08001
00000000000000000000000000000000
00000000000000100004000000A00001
00000000000000000000000000000000
40801102E00000000000000000000000
000000000000001014000000019A0001
00000000000000000000000000000000
00000000000000105000000000500001
00000000000000000000000000000000
00000000000000100014000000A08401
00000000000000000000000000000000
00000000000000105000000000000001
00000000000000000000000000000000
00FFFF80200000000000000000000000
00000000000000000001000003FFF015
00000000000000000000000000000000
80000002200000000000000000000000
00000000000000100018040005134014
00000000000000000000000000000000
000000000000001000180000027A4015
00000000000000000000000000000000
20000004300000000000000000000000
00000000000000000000014000000000
00000000000000000000000000000000
00000014000000401400000000000001
00000000000000000000000000000000
00000000010000400001000002934001
00000000000000000000000000000000
8000000A200000000000000000000000
0000000000000010010040A7BC000048
00000000000000000040000000000000
000000000000001001000000027A8001
00000000000000000000000000000000
000000000000001000010000027A4015
00000000000000000000000000000000
8000000A200000000000000000000000
00000000000000100008578B5D400058
00000000000000000008000000000000
00000000000000100008000002928001
00000000000000000000000000000000
000000000000001000010000027A4015
00000000000000000000000000000000
8000000A200000000000000000000000
0000000000000010010040A7BC000048
00000000000000000040000000000000
000000000000001001000000027B8001
00000000000000000000000000000000
000000000000001000010000027A4115
00000000000000000000000000000000
8000000A200000000000000000000000
00000000000000100008578B5D400058
00000000000000000008000000000000
00000000000000100008000002928801
00000000000000000000000000000000
000000000000001000010000027A4115
00000000000000000000000000000000
8000000A200000000000000000000000
0000000000000010010040A7BC000048
00000000000000000040000000000000
000000000000001001000000027C8001
00000000000000000000000000000000
000000000000001000010000027A4215
00000000000000000000000000000000
8000000A200000000000000000000000
00000000000000100008578B5D400058
00000000000000000008000000000000
00000000000000100008000002929001
00000000000000000000000000000000
000000000000001000010000027A4215
00000000000000000000000000000000
8000000A200000000000000000000000
0000000000000010010040A7BC000048
00000000000000000040000000000000
000000000000001001000000027D8001
00000000000000000000000000000000
000000000000001000010000027A4315
00000000000000000000000000000000
8000000A200000000000000000000000
00000000000000100008578B5D400058
00000000000000000008000000000000
00000000000000100008000002929801
00000000000000000000000000000000
000000000000001000010000027A4315
00000000000000000000000000000000
8000000A200000000000000000000000
0000000000000010010040A7BC000048
00000000000000000040000000000000
000000000000001001000000027E8001
00000000000000000000000000000000
000000000000001000010000027A4415
00000000000000000000000000000000
8000000A200000000000000000000000
00000000000000100008578B5D400058
00000000000000000008000000000000
0000000000000010000800000292A001
00000000000000000000000000000000
000000000000001000010000027A4415
00000000000000000000000000000000
8000000A200000000000000000000000
0000000000000010010040A7BC000048
00000000000000000040000000000000
000000000000001001000000027F8001
00000000000000000000000000000000
000000000000001000010000027A4515
00000000000000000000000000000000
8000000A200000000000000000000000
00000000000000100008578B5D400058
00000000000000000008000000000000
0000000000000010000800000292A801
00000000000000000000000000000000
000000000000001000010000027A4515
00000000000000000000000000000000
8000000A200000000000000000000000
0000000000000010010040A7BC000048
00000000000000000040000000000000
00000000000000100100000002808001
00000000000000000000000000000000
000000000000001000010000027A4615
00000000000000000000000000000000
8000000A200000000000000000000000
00000000000000100008578B5D400058
00000000000000000008000000000000
0000000000000010000800000292B001
00000000000000000000000000000000
000000000000001000010000027A4615
00000000000000000000000000000000
8000000A200000000000000000000000
0000000000000010010040A7BC000048
00000000000000000040000000000000
00000000000000100100000002818001
00000000000000000000000000000000
000000000000001000010000027A4715
00000000000000000000000000000000
8000000A200000000000000000000000
00000000000000100008578B5D400058
00000000000000000008000000000000
0000000000000010000800000292B801
00000000000000000000000000000000
000000000000001000010000027A4715
00000000000000000000000000000000
20000002300000000000000000000000
0000078F394211680000001014050000
00000000000000000000000000000000
00000000000000100004000002934001
00000000000000000000000000000000
00000000000000100004000002938001
00000000000000000000000000000000
8000000A200000000000000000000000
0000000000000010010040A7BC000048
00000000000000000040000000000000
00000000000000100100000002828001
00000000000000000000000000000000
000000000000001000010000027A4815
00000000000000000000000000000000
8000000A200000000000000000000000
00000000000000100008578B5D400058
00000000000000000008000000000000
0000000000000010000800000292C001
00000000000000000000000000000000
000000000000001000010000027A4815
00000000000000000000000000000000
8000000A200000000000000000000000
0000000000000010010040A7BC000048
00000000000000000040000000000000
00000000000000100100000002838001
00000000000000000000000000000000
000000000000001000010000027A4915
00000000000000000000000000000000
8000000A200000000000000000000000
00000000000000100008578B5D400058
00000000000000000008000000000000
0000000000000010000800000292C801
00000000000000000000000000000000
000000000000001000010000027A4915
00000000000000000000000000000000
8000000A200000000000000000000000
0000000000000010010040A7BC000048
00000000000000000040000000000000
00000000000000100100000002848001
00000000000000000000000000000000
000000000000001000010000027A4A15
00000000000000000000000000000000
8000000A200000000000000000000000
00000000000000100008578B5D400058
00000000000000000008000000000000
0000000000000010000800000292D001
00000000000000000000000000000000
000000000000001000010000027A4A15
00000000000000000000000000000000
8000000A200000000000000000000000
0000000000000010010040A7BC000048
00000000000000000040000000000000
00000000000000100100000002858001
00000000000000000000000000000000
000000000000001000010000027A4B15
00000000000000000000000000000000
8000000A200000000000000000000000
00000000000000100008578B5D400058
00000000000000000008000000000000
0000000000000010000800000292D801
00000000000000000000000000000000
000000000000001000010000027A4B15
00000000000000000000000000000000
8000000A200000000000000000000000
0000000000000010010040A7BC000048
00000000000000000040000000000000
00000000000000100100000002868001
00000000000000000000000000000000
000000000000001000010000027A4C15
00000000000000000000000000000000
8000000A200000000000000000000000
00000000000000100008578B5D400058
00000000000000000008000000000000
0000000000000010000800000292E001
00000000000000000000000000000000
000000000000001000010000027A4C15
00000000000000000000000000000000
8000000A200000000000000000000000
0000000000000010010040A7BC000048
00000000000000000040000000000000
00000000000000100100000002878001
00000000000000000000000000000000
000000000000001000010000027A4D15
00000000000000000000000000000000
8000000A200000000000000000000000
00000000000000100008578B5D400058
00000000000000000008000000000000
0000000000000010000800000292E801
00000000000000000000000000000000
000000000000001000010000027A4D15
00000000000000000000000000000000
8000000A200000000000000000000000
0000000000000010010040A7BC000048
00000000000000000040000000000000
00000000000000100100000002888001
00000000000000000000000000000000
000000000000001000010000027A4E15
00000000000000000000000000000000
8000000A200000000000000000000000
00000000000000100008578B5D400058
00000000000000000008000000000000
0000000000000010000800000292F001
00000000000000000000000000000000
000000000000001000010000027A4E15
00000000000000000000000000000000
8000000A200000000000000000000000
0000000000000010010040A7BC000048
00000000000000000040000000000000
00000000000000100100000002898001
00000000000000000000000000000000
000000000000001000010000027A4F15
00000000000000000000000000000000
8000000A200000000000000000000000
00000000000000100008578B5D400058
00000000000000000008000000000000
0000000000000010000800000292F801
00000000000000000000000000000000
000000000000001000010000027A4F15
00000000000000000000000000000000
8000000A200000000000000000000000
0000000000000010010040A7BC000048
00000000000000000040000000000000
000000000000001001000000028A8001
00000000000000000000000000000000
000000000000001000010000027A5015
00000000000000000000000000000000
8000000A200000000000000000000000
00000000000000100008578B5D400058
00000000000000000008000000000000
00000000000000100008000002930001
00000000000000000000000000000000
000000000000001000010000027A5015
00000000000000000000000000000000
8000000A200000000000000000000000
0000000000000010010040A7BC000048
00000000000000000040000000000000
000000000000001001000000028B8001
00000000000000000000000000000000
000000000000001000010000027A5115
00000000000000000000000000000000
8000000A200000000000000000000000
00000000000000100008578B5D400058
00000000000000000008000000000000
00000000000000100008000002930801
00000000000000000000000000000000
000000000000001000010000027A5115
00000000000000000000000000000000
8000000A200000000000000000000000
0000000000000010010040A7BC000048
00000000000000000040000000000000
000000000000001001000000028C8001
00000000000000000000000000000000
000000000000001000010000027A5215
00000000000000000000000000000000
8000000A200000000000000000000000
00000000000000100008578B5D400058
00000000000000000008000000000000
00000000000000100008000002931001
00000000000000000000000000000000
000000000000001000010000027A5215
00000000000000000000000000000000
8000000A200000000000000000000000
0000000000000010010040A7BC000048
00000000000000000040000000000000
000000000000001001000000028D8001
00000000000000000000000000000000
000000000000001000010000027A5315
00000000000000000000000000000000
8000000A200000000000000000000000
00000000000000100008578B5D400058
00000000000000000008000000000000
00000000000000100008000002931801
00000000000000000000000000000000
000000000000001000010000027A5315
00000000000000000000000000000000
8000000A200000000000000000000000
0000000000000010010040A7BC000048
00000000000000000040000000000000
000000000000001001000000028E8001
00000000000000000000000000000000
000000000000001000010000027A5415
00000000000000000000000000000000
8000000A200000000000000000000000
00000000000000100008578B5D400058
00000000000000000008000000000000
00000000000000100008000002932001
00000000000000000000000000000000
000000000000001000010000027A5415
00000000000000000000000000000000
8000000A200000000000000000000000
0000000000000010010040A7BC000048
00000000000000000040000000000000
000000000000001001000000028F8001
00000000000000000000000000000000
000000000000001000010000027A5515
00000000000000000000000000000000
8000000A200000000000000000000000
00000000000000100008578B5D400058
00000000000000000008000000000000
00000000000000100008000002932801
00000000000000000000000000000000
000000000000001000010000027A5515
00000000000000000000000000000000
8000000A200000000000000000000000
0000000000000010010040A7BC000048
00000000000000000040000000000000
00000000000000100100000002908001
00000000000000000000000000000000
000000000000001000010000027A5615
00000000000000000000000000000000
8000000A200000000000000000000000
00000000000000100008578B5D400058
00000000000000000008000000000000
00000000000000100008000002933001
00000000000000000000000000000000
000000000000001000010000027A5615
00000000000000000000000000000000
8000000A200000000000000000000000
0000000000000010010040A7BC000048
00000000000000000040000000000000
00000000000000100100000002918001
00000000000000000000000000000000
000000000000001000010000027A5715
00000000000000000000000000000000
8000000A200000000000000000000000
00000000000000100008578B5D400058
00000000000000000008000000000000
00000000000000100008000002933801
00000000000000000000000000000000
000000000000001000010000027A5715
00000000000000000000000000000000
20004002700000000000000000000000
00000000000000000000001800010000
00000000000000000000000000000000
0000000020000C0000200000027A8001
00000000000000000000000000000000
0000000001000C000020000002928021
00000000000000000000000000000000
0000000020000C000020000001AE4001
00000000000000000000000000000000
60400102200000000000000000000000
00000000000000101800000001AE4001
00000000000000000000000000000000
00000000000000101800000001AE4001
00000000000000000000000000000000
10001002600000010000000000000000
00000000000000101800000001AE4001
00000000000000000000000000000000
00000018000010A018005A67D1800008
00000000000000000000000000000000
0000000000000010010A000001C64005
00000000000000000000000000000000
80000002200000000000000000000000
0000000000000010500004000513A000
00000000000000000000000000000000
000000000000001050000000022A4001
00000000000000000000000000000000
20004002700000000000000000000000
00000000000000000000001000010000
00000000000000000000000000000000
00000014000000401400000000000001
00000000000000000000000000000000
000000140000004014000000022A4001
00000000000000000000000000000000
00000014000000401400000000500001
00000000000000000000000000000000
80000002200000000000000000000000
00000000000000100500040000A00000
00000000000000000000000000000000
00000000000000100500000000BBC001
00000000000000000000000000000000
60400082200000000000000000000000
00000000000000106400000001C64001
00000000000000000000000000000000
00000000000000106400000001C64001
00000000000000000000000000000000
20001004300000000000000000000000
00000000000000000000014000000000
00000000000000000000000000000000
00000014000000401400000001C64001
00000000000000000000000000000000
0000000001000040000100000293C001
00000000000000000000000000000000
20000002300000000000000000000000
0000078F394211680000001014050000
00000000000000000000000000000000
0000000000000010000400000293C001
00000000000000000000000000000000
00000000000000100004000002940001
00000000000000000000000000000000
20000004700000000000000000000000
00000000000000000000004000010000
00000000000000000000000000000000
00000014000000401400000000500001
00000000000000000000000000000000
00000014000000401400000001C64001
00000000000000000000000000000000
00000000010000400001000002948001
00000000000000000000000000000000
20000002700000000000000000000000
00000000000000000000001000010000
00000000000000000000000000000000
00000000000000100004000002938001
00000000000000000000000000000000
00000000000000100004000002940001
00000000000000000000000000000000
00000000000000100004000002944001
00000000000000000000000000000000
80000002200000000000000000000000
00000000000000100200040000B40000
00000000000000000000000000000000
00000000000000100200000000C0C001
00000000000000000000000000000000
00000000000000000000000000000000
00000000000000000000000000000000
00000000000000000000000000000000
00000000000000000000000000000000
00000000000000000000000000000000
20000002700000000000000000000000
0000000000000F193E4B801038110000
00000000000000000000000000000000
00000000000000100004000002948001
00000000000000000000000000000000
00000000000000100004000002944001
00000000000000000000000000000000
0000000000000010000400000294C001
00000000000000000000000000000000
20000002F00000000000000000000000
00000000000000000000001802010000
00000000000000000000000000000000
00000000000000401400000002164001
00000000000000000000000000000000
0000000001000040140000000294C021
00000000000000000000000000000000
00000014000000401400000000000001
00000000000000000000000000000000
00000014000000401400000000000001
00000000000000000000000000000000
40000102E00000001E3CE50800000000
00000000000000105000000000000001
00000000000000000000000000000000
00000000000000101400040000000000
00000000000000000000000000000000
00000000000000100004000000A00001
00000000000000000000000000000000
00000000000000101400000000A0C005
00000000000000000000000000000000
10000402600000010000000000000000
00000000000000101400000000A0C001
00000000000000000000000000000000
00000014000000D014005A7131B00008
00000000000000000000000000000000
0000000000000010000D000000B4C005
00000000000000000000000000000000
60400082200000000000000000000000
00000000000000100500000000B4C001
00000000000000000000000000000000
00000000000000100500000000B4C001
00000000000000000000000000000000
10000002600000010000000000000000
00000000000000101400000000A0C001
00000000000000000000000000000000
000000140000005014005A7195C00008
00000000000000000000000000000000
00000000000000100005000000B9C005
00000000000000000000000000000000
20001004300000000000000000000000
00000000000000000000214000000000
00000000000000000000000000000000
00000000A000008000A0000000B4C001
00000000000000000000000000000000
00000000000000100001000000C2C001
00000000000000000000000000000000
20000002300000000000000000000000
0000078F394211280000001014050000
00000000000000000000000000000000
00000000000000100001000000C2C001
00000000000000000000000000000000
00000000000000100001000000C30001
00000000000000000000000000000000
60400082200000000000000000000000
00000000000000100200000000B9C001
00000000000000000000000000000000
00000000000000100200000000B9C001
00000000000000000000000000000000
00000000000000000000000000000000
10000002600000000000000000000000
00000000000000101400000000A0C001
00000000000000000000000000000000
00000028000000A014005A71BDD00004
00000000000000000000000000000000
0000000000000010000A000002950001
00000000000000000000000000000000
20004002F00000000000000000000000
00000000000000000000001840010000
00000000000000000000000000000000
00000000000000100500000000B4C001
00000000000000000000000000000000
00000000000000100500000000C30021
00000000000000000000000000000000
00000000000000100500000000BBC001
00000000000000000000000000000000
00000000000000100500000000C34001
00000000000000000000000000000000
60400002200000000000000000000000
00000000000000100020000002990001
00000000000000000000000000000000
00000000000000100020000002990001
00000000000000000000000000000000
10000102600000010000000000000000
00000000000000100500000000C34001
00000000000000000000000000000000
00000005000002A005005A7CE5200008
00000000000000000000000000000000
0000000000000010002A000002994005
00000000000000000000000000000000
60400082200000000000000000000000
00000000000000101000000002994001
00000000000000000000000000000000
00000000000000101000000002994001
00000000000000000000000000000000
20001004300000000000000000000000
00000000000000000000214000000000
00000000000000000000000000000000
00000000400000800040000000B9C001
00000000000000000000000000000000
00000000000000100001000000C2C001
00000000000000000000000000000000
20000002300000000000000000000000
0000078F394211000000001014050000
00000000000000000000000000000000
00000000000000100001000000C2C001
00000000000000000000000000000000
00000000000000100001000000C30001
00000000000000000000000000000000
20000002F00000000000000000000000
00000000000000000000001840010000
00000000000000000000000000000000
00000000000000100200000000B9C001
00000000000000000000000000000000
00000000000000100200000000C30021
00000000000000000000000000000000
00000000000000100200000000C0C001
00000000000000000000000000000000
00000000000000100200000000CA4001
00000000000000000000000000000000
60400002200000000000000000000000
00000000000000100400000002950001
00000000000000000000000000000000
00000000000000100400000002950001
00000000000000000000000000000000
10000002600000010000000000000000
00000000000000100500000000C34001
00000000000000000000000000000000
000000050000200005005A7262F00008
00000000000000000000000000000000
00000000000000100200000000D08005
00000000000000000000000000000000
80000002200000000000000000000000
00000000000000100040040000BC0000
00000000000000000000000000000000
00000000000000100040000000D04001
00000000000000000000000000000000
9000000060000000000000000000000E
00000000000000101000000002994001
00000000000000000000000000000000
00000000000000100020000002990001
00000000000000000000000000000000
00000000000000000000000000000000
00000000000000000000000000000000
00000000000000000000000000000000
00000000000000000000000000000000
00000000000000000000000000000000
00000000000000000000000000000000
00000000000000000000000000000000
00000000000000000000000000000000
00000000000000000000000000000000
00000000000000000000000000000000
00000000000000000000000000000000
00000000000000000000000000000000
00000000000000000000000000000000
00000000000000000000000000000000
00000000000000000000000000000000
00000000000000000000000000000000
00000000000000000000000000000000
00000000000000000000000000000000
00000000000000000000000000000000
00000000000000000000000000000000
00000000000000000000000000000000
00000000000000000000000000000000
00000000000000000000000000000000
904000000000000E000800000000000E
9080000000000200000000000000000E
60808002000000000000020000000000
00000000000000100200000002A94015
00000000000000000000000000000000
20004003700000000000000000000000
00000000000000000000001801610240
00000000000000000000000000000000
00000000000000100040000000CC0001
00000000000000000000000000000000
00000000000000100040000000D04001
00000000000000000000000000000000
00000000000000100040000000D06001
00000000000000000000000000000000
00000000000000100040000000CC0001
00000000000000000000000000000000
20000083700000000000000000000000
00000000000000000000001801610240
00000000000000000000000000000000
00000000000000100040000000D24001
00000000000000000000000000000000
00000000000000100040000000D04001
00000000000000000000000000000000
00000000000000100040000000D06001
00000000000000000000000000000000
00000000000000100040000000D24001
00000000000000000000000000000000
41000102200000000000000000000000
00000000000000100200000000CA4001
00000000000000000000000000000000
00000000000000100200000000CC4001
00000000000000000000000000000000
80C00402200000000000000000000000
00000000000000100200000000CC4001
00000000000000000000000000000000
00000008000008000200040000C32000
00000000000000000000000000000000
80000002200000000000000000000000
00000000000000100001040000C30000
00000000000000000000000000000000
00000000000000100001000000DA8001
00000000000000000000000000000000
A0000002600000000000000000000000
00000000000000105000000000000001
00000000000000000000000000000000
000000000000001000015A7131900004
00000000000000000000000000000000
00000000000000100018000000A04001
00000000000000000000000000000000
20000002300000000000000000000000
00000000000000000000001000000000
00000000000000000000000000000000
00000000000000105000000000000001
00000000000000000000000000000000
00000000000000105000000000500001
00000000000000000000000000000000
80000002200000000000000000000000
00000000000000100180040000BD0000
00000000000000000000000000000000
0000000000000010018000000156C001
00000000000000000000000000000000
80000002200000000000000000000000
00000000000000100001040005132000
00000000000000000000000000000000
000000000000001000010000015AC601
00000000000000000000000000000000
6140000A200000080000020000000040
000000080000001002000202AB000000
00000000000000000000000000000000
00000008000000100200080020000000
00000000000000000000000000000000
00000000000000100200000002A94015
00000000000000000000000000000000
50005002E00001710000000000000000
00000000000000100200000000D08001
00000000000000000000000000000000
00000008000008000080040000C32000
00000000000000000000000000000000
00000008000000100200080020000000
00000000000000000000000000000000
00000000000000100280000000D28001
00000000000000000000000000000000
20000804300000000000000000000000
0000000000000F4D413CC28000030000
00000000000000000000000000000000
00000000000000100280000000D28001
00000000000000000000000000000000
00000000000000100001000000D50001
00000000000000000000000000000000
20000006700000000000000000000000
0000000000000F4D413CC2500B030000
00000000000000000000000000000000
00000000000000100280000000D28001
00000000000000000000000000000000
00000000000000100280000000D50021
00000000000000000000000000000000
00000000000000100280000000D54001
00000000000000000000000000000000
00000000000000100001000000D7C001
00000000000000000000000000000000
20000002300000000000000000000000
00000000000000000000001800000000
00000000000000000000000000000000
00000000000000100280000000D54001
00000000000000000000000000000000
00000000000000100280000000D80001
00000000000000000000000000000000
50400102E00001710000000000000000
00000000000000100280000000D80001
00000000000000000000000000000000
00000008000008000080040000C32000
00000000000000000000000000000000
00000008000000100200080020000000
00000000000000000000000000000000
00000000000000100200000000DB4001
00000000000000000000000000000000
20000002F00000000000000000000000
0000000000000000000000108B000000
00000000000000000000000000000000
00000000000000100001000000DA8001
00000000000000000000000000000000
00000000000000100001000000D50001
00000000000000000000000000000000
00000000000000100001000000D7C001
00000000000000000000000000000000
00000000000000100001000000DB0001
00000000000000000000000000000000
20000802700000000000000000000000
00000000000000000000001800040000
00000000000000000000000000000000
00000000000000100200000000DB4001
00000000000000000000000000000000
00000000000000100200000000DB0021
00000000000000000000000000000000
00000000000000100200000000DF4001
00000000000000000000000000000000
20000003700000000000000000000000
00000000000000000000001801810240
00000000000000000000000000000000
00000000000000100040000000E10001
00000000000000000000000000000000
00000000000000100040000000D04001
00000000000000000000000000000000
00000000000000100040000000D06001
00000000000000000000000000000000
00000000000000100040000000E10001
00000000000000000000000000000000
10000102600000000000000000000000
00000000000000100200000000DF4001
00000000000000000000000000000000
000000200000400002005A7D35300004
00000000000000000000000000000000
00000000000000100400000000E14001
00000000000000000000000000000000
61000082200000080000000000000000
00000000000000100400000000E14001
00000000000000000000000000000000
00000000000000103000000001114005
00000000000000000000000000000000
10001002600000010000000000000000
00000000000000102000000001114001
00000000000000000000000000000000
000000200000035020005A8135400008
00000000000000000000000000000000
00000000000000100035000001414005
00000000000000000000000000000000
60400082200000000000000000000000
00000000000000101400000001414001
00000000000000000000000000000000
00000000000000101400000001414001
00000000000000000000000000000000
40811002E00000000000000000000000
00000000000000101400000001414001
00000000000000000000000000000000
00000000000000105000000000500001
00000000000000000000000000000000
00000000000000100014000000A04401
00000000000000000000000000000000
00000000000000105000000000000001
00000000000000000000000000000000
40000002E00000001E3CE50800000000
00000000000000105000000000000001
00000000000000000000000000000000
00000000000000101400040000500000
00000000000000000000000000000000
00000000000000100004000000A04001
00000000000000000000000000000000
00000000000000101400000000A0C005
00000000000000000000000000000000
10000402600000000000000000000000
00000000000000101400000000A0C001
00000000000000000000000000000000
000000280000004014005A83B5700004
00000000000000000000000000000000
00000000000000100004000001554001
00000000000000000000000000000000
20000082300000000000000000000000
00000000000000000000001030000000
00000000000000000000000000000000
00000000000000100004000001554001
00000000000000000000000000000000
00000000000000100004000001554001
00000000000000000000000000000000
10000002600000010000000000000000
00000000000000101400000000A0C001
00000000000000000000000000000000
000000140000018014005B91F1A00008
00000000000000000000000000000000
00000000000000100018000003C18005
00000000000000000000000000000000
60400102200000000000000000000000
00000000000000100180000001554001
00000000000000000000000000000000
00000000000000100180000001554001
00000000000000000000000000000000
10000002600000010000000000000000
00000000000000101400000000A0C001
00000000000000000000000000000000
000000140000018014005B92A5B00008
00000000000000000000000000000000
00000000000000100018000003CA8005
00000000000000000000000000000000
A0000002600000000000000000000000
00000000000000105000000000000001
00000000000000000000000000000000
000000000000001000015A83B5500004
00000000000000000000000000000000
00000000000000100018000000A08001
00000000000000000000000000000000
20000002300000000000000000000000
00000000000000000000001000000000
00000000000000000000000000000000
00000000000000105000000000000001
00000000000000000000000000000000
00000000000000105000000000500001
00000000000000000000000000000000
20001002B00000000000000000000000
00000000000000000000001002000000
00000000000000000000000000000000
00000000000000100180000001554001
00000000000000000000000000000000
0000000000000010018000000156C001
00000000000000000000000000000000
00000000000000100180000001584001
00000000000000000000000000000000
90800102200010060000000000000000
00000000000000100180000001584001
00000000000000000000000000000000
0000000000000010000600000159C015
00000000000000000000000000000000
2000800A300000000000000000000000
00000000000000000000001000000000
00000000000000000000000000000000
00000000000000100001000001554041
00000000000000000000400000000000
000000000000001000010000015A0001
00000000000000000000000000000000
0000000000000010000100000159C015
00000000000000000000000000000000
2000000A300000000000000000000000
00000000000000000000001000000000
00000000000000000000000000000000
00000000000000100001000001554041
00000000000000000000400000000000
000000000000001000010000015A0101
00000000000000000000000000000000
0000000000000010000100000159C115
00000000000000000000000000000000
1000000A600000020000000000000000
00000000000000101400000000A0C001
00000000000000000000000000000000
0000000A0000018014005A83F180004C
00000000000000168000000000000000
00000000000000100018000002DD8005
00000000000000000000000000000000
0000000000000010000100000159C015
00000000000000000000000000000000
2000000A300000000000000000000000
00000000000000000000001000000000
00000000000000000000000000000000
00000000000000100001000001554041
00000000000000000000400000000000
000000000000001000010000015A0201
00000000000000000000000000000000
0000000000000010000100000159C215
00000000000000000000000000000000
2000000A300000000000000000000000
00000000000000000000001000000000
00000000000000000000000000000000
00000000000000100001000001554041
00000000000000000000400000000000
000000000000001000010000015A0301
00000000000000000000000000000000
0000000000000010000100000159C315
00000000000000000000000000000000
1000000A600000020000000000000000
00000000000000101400000000A0C001
00000000000000000000000000000000
0000000A0000018014005B0AF190004C
00000000000000168000000000000000
00000000000000100018000002E68005
00000000000000000000000000000000
0000000000000010000100000159C015
00000000000000000000000000000000
2000000A300000000000000000000000
00000000000000000000001000000000
00000000000000000000000000000000
00000000000000100001000001554041
00000000000000000000400000000000
000000000000001000010000015A0401
00000000000000000000000000000000
0000000000000010000100000159C415
00000000000000000000000000000000
1000000A600000020000000000000000
00000000000000101400000000A0C001
00000000000000000000000000000000
0000000A0000018014005A83F180004C
00000000000000168000000000000000
00000000000000100018000003038005
00000000000000000000000000000000
0000000000000010000100000159C115
00000000000000000000000000000000
1000000A600000020000000000000000
00000000000000101400000000A0C001
00000000000000000000000000000000
0000000A0000018014005B0AF190004C
00000000000000168000000000000000
000000000000001000180000030C8005
00000000000000000000000000000000
0000000000000010000100000159C115
00000000000000000000000000000000
1000000A600000020000000000000000
00000000000000101400000000A0C001
00000000000000000000000000000000
0000000A0000018014005A83F180004C
00000000000000168000000000000000
00000000000000100018000003298005
00000000000000000000000000000000
0000000000000010000100000159C215
00000000000000000000000000000000
2000000A300000000000000000000000
00000000000000000000001000000000
00000000000000000000000000000000
00000000000000100001000001554041
00000000000000000000400000000000
000000000000001000010000015A0501
00000000000000000000000000000000
0000000000000010000100000159C515
00000000000000000000000000000000
1000000A600000020000000000000000
00000000000000101400000000A0C001
00000000000000000000000000000000
0000000A0000018014005B0AF190004C
00000000000000168000000000000000
00000000000000100018000003328005
00000000000000000000000000000000
0000000000000010000100000159C215
00000000000000000000000000000000
1000000A600000020000000000000000
00000000000000101400000000A0C001
00000000000000000000000000000000
0000000A0000018014005A83F180004C
00000000000000168000000000000000
000000000000001000180000034F8005
00000000000000000000000000000000
0000000000000010000100000159C315
00000000000000000000000000000000
1000000A600000020000000000000000
00000000000000101400000000A0C001
00000000000000000000000000000000
0000000A0000018014005B0AF190004C
00000000000000168000000000000000
00000000000000100018000003588005
00000000000000000000000000000000
0000000000000010000100000159C315
00000000000000000000000000000000
20000004300000000000000000000000
00000000000000000000024000000000
00000000000000000000000000000000
000000000000001000060000015A0001
00000000000000000000000000000000
000000000000001000010000015A4001
00000000000000000000000000000000
1000000A600000020000000000000000
00000000000000101400000000A0C001
00000000000000000000000000000000
0000000A0000018014005A83F180004C
00000000000000168000000000000000
00000000000000100018000003758005
00000000000000000000000000000000
0000000000000010000100000159C415
00000000000000000000000000000000
1000000A600000020000000000000000
00000000000000101400000000A0C001
00000000000000000000000000000000
0000000A0000018014005B0AF190004C
00000000000000168000000000000000
000000000000001000180000037E8005
00000000000000000000000000000000
0000000000000010000100000159C415
00000000000000000000000000000000
1000000A600000020000000000000000
00000000000000101400000000A0C001
00000000000000000000000000000000
0000000A0000018014005A83F180004C
00000000000000168000000000000000
000000000000001000180000039B8005
00000000000000000000000000000000
0000000000000010000100000159C515
00000000000000000000000000000000
1000000A600000020000000000000000
00000000000000101400000000A0C001
00000000000000000000000000000000
0000000A0000018014005B0AF190004C
00000000000000168000000000000000
00000000000000100018000003A48005
00000000000000000000000000000000
0000000000000010000100000159C515
00000000000000000000000000000000
20000002300000000000000000000000
0000078F394200000000001004000000
00000000000000000000000000000000
000000000000001000010000015A4001
00000000000000000000000000000000
000000000000001000010000015A8001
00000000000000000000000000000000
20000002700000000000000000000000
00000FF00000000000000010C0040000
00000000000000000000000000000000
000000000000001000060000015A0001
00000000000000000000000000000000
000000000000001000060000015A8021
00000000000000000000000000000000
000000000000001000060000015AC001
00000000000000000000000000000000
20000082F00000000000000000000000
00000000000000000000001A6800C000
00000000000000000000000000001048
00000026000000700018000002DD8001
00000000000000000000000000000000
000000000100007000180000015AC021
00000000000000000000000000000000
00000026000000700018000002E68001
00000000000000000000000000000000
000000090000007000180000015B0001
00000000000000000000000000000000
80800000000000000000000000000000
60400102200000000000000000000000
000000000000001009000000015B0001
00000000000000000000000000000000
000000000000001009000000015B0001
00000000000000000000000000000000
1000100A600000020000000000000000
000000000000001009000000015B0001
00000000000000000000000000000000
000000048000035009005B9359C0004C
00000000000000168000000000000000
00000000000000100035000002EF8005
00000000000000000000000000000000
0000000000000010000100000159C015
00000000000000000000000000000000
60400002200000000000000000000000
00000000000000100900000001640001
00000000000000000000000000000000
00000000000000100900000001640001
00000000000000000000000000000000
1000100A600000020000000000000000
00000000000000100900000001640001
00000000000000000000000000000000
000000048000035009005B9359C0004C
00000000000000168000000000000000
00000000000000100035000003158005
00000000000000000000000000000000
0000000000000010000100000159C115
00000000000000000000000000000000
60400002200000000000000000000000
000000000000001009000000016D0001
00000000000000000000000000000000
000000000000001009000000016D0001
00000000000000000000000000000000
20010002300000000000000000000000
00000000000000000000001000000000
00000000000000000000000000000000
00000000000000100004000000A08001
00000000000000000000000000000000
00000000000000100004000000A00001
00000000000000000000000000000000
20000082B00000000000000000000000
00000000000000000000001084000000
00000000000000000000000000000000
00000000000000100035000002EF8001
00000000000000000000000000000000
00000000000000100035000003158001
00000000000000000000000000000000
000000000000001000350000019A0001
00000000000000000000000000000000
60400002200000000000000000000000
00000000000000100900000001760001
00000000000000000000000000000000
00000000000000100900000001760001
00000000000000000000000000000000
60400002200000000000000000000000
000000000000001009000000017F0001
00000000000000000000000000000000
000000000000001009000000017F0001
00000000000000000000000000000000
60400002200000000000000000000000
00000000000000100900000001880001
00000000000000000000000000000000
00000000000000100900000001880001
00000000000000000000000000000000
1000100A600000020000000000000000
000000000000001009000000016D0001
00000000000000000000000000000000
000000048000035009005B9359C0004C
00000000000000168000000000000000
000000000000001000350000033B8005
00000000000000000000000000000000
0000000000000010000100000159C215
00000000000000000000000000000000
1000000A600000020000000000000000
00000000000000100900000001760001
00000000000000000000000000000000
000000048000035009005B9359C0004C
00000000000000168000000000000000
00000000000000100035000003618005
00000000000000000000000000000000
0000000000000010000100000159C315
00000000000000000000000000000000
60400002200000000000000000000000
00000000000000100900000001910001
00000000000000000000000000000000
00000000000000100900000001910001
00000000000000000000000000000000
20000083B00000000000000000000000
00000000000000000000001085000000
00000000000000000000000000000000
000000000000001000350000019A0001
00000000000000000000000000000000
00000000000000100035000003618001
00000000000000000000000000000000
000000000000001000350000033B8001
00000000000000000000000000000000
000000000000001000350000019A0001
00000000000000000000000000000000
1000000A600000020000000000000000
000000000000001009000000017F0001
00000000000000000000000000000000
000000048000035009005B9359C0004C
00000000000000168000000000000000
00000000000000100035000003878005
00000000000000000000000000000000
0000000000000010000100000159C415
00000000000000000000000000000000
1000000A600000020000000000000000
00000000000000100900000001880001
00000000000000000000000000000000
000000048000035009005B9359C0004C
00000000000000168000000000000000
00000000000000100035000003AD8005
00000000000000000000000000000000
0000000000000010000100000159C515
00000000000000000000000000000000
20000083B00000000000000000000000
00000000000000000000001085000000
00000000000000000000000000000000
000000000000001000350000019A0001
00000000000000000000000000000000
00000000000000100035000003AD8001
00000000000000000000000000000000
00000000000000100035000003878001
00000000000000000000000000000000
000000000000001000350000019A0001
00000000000000000000000000000000
10001002600000010000000000000000
00000000000000100900000001910001
00000000000000000000000000000000
000000090000035009005C1A59D00008
00000000000000000000000000000000
00000000000000100035000003D38005
00000000000000000000000000000000
20000082B00000000000000000000000
00000000000000000000001802000000
00000000000000000000000000000000
000000000000001000350000019A0001
00000000000000000000000000000000
00000000000000100035000003D38001
00000000000000000000000000000000
000000000000001000350000019A0001
00000000000000000000000000000000
60400102200000000000000000000000
000000000000001014000000019A0001
00000000000000000000000000000000
000000000000001014000000019A0001
00000000000000000000000000000000
40801002E00000000000000000000000
000000000000001014000000019A0001
00000000000000000000000000000000
00000000000000105000000000500001
00000000000000000000000000000000
00000000000000100014000000A08401
00000000000000000000000000000000
00000000000000105000000000000001
00000000000000000000000000000000
00FFFF80200000000000000000000000
00000000000000000001000003FFF015
00000000000000000000000000000000
40000002E00000001E3CE50800000000
00000000000000105000000000000001
00000000000000000000000000000000
00000000000000101400040000000000
00000000000000000000000000000000
00000000000000100004000000A00001
00000000000000000000000000000000
00000000000000101400000000A0C005
00000000000000000000000000000000
10000402600000010000000000000000
00000000000000101400000000A0C001
00000000000000000000000000000000
000000140000005014005C1B72100008
00000000000000000000000000000000
00000000000000100005000000B9C005
00000000000000000000000000000000
10000002600000010000000000000000
00000000000000101400000000A0C001
00000000000000000000000000000000
00000014000000D014005C1B0E000008
00000000000000000000000000000000
0000000000000010000D000000B4C005
00000000000000000000000000000000
60400082200000000000000000000000
00000000000000100500000000B4C001
00000000000000000000000000000000
00000000000000100500000000B4C001
00000000000000000000000000000000
20001004300000000000000000000000
00000000000000000000214000000000
00000000000000000000000000000000
00000000A000008000A0000000B4C001
00000000000000000000000000000000
00000000000000100001000000C2C001
00000000000000000000000000000000
80000002200000000000000000000000
00000000000000100500040000A00000
00000000000000000000000000000000
00000000000000100500000000BBC001
00000000000000000000000000000000
60400002200000000000000000000000
00000000000000100200000000B9C001
00000000000000000000000000000000
00000000000000100200000000B9C001
00000000000000000000000000000000
80000002200000000000000000000000
00000000000000100200040000B40000
00000000000000000000000000000000
00000000000000100200000000C0C001
00000000000000000000000000000000
20000002300000000000000000000000
0000078F394211280000001014050000
00000000000000000000000000000000
00000000000000100001000000C2C001
00000000000000000000000000000000
00000000000000100001000000C30001
00000000000000000000000000000000
80000002200000000000000000000000
00000000000000100040040000BC0000
00000000000000000000000000000000
00000000000000100040000000D04001
00000000000000000000000000000000
20004002F00000000000000000000000
00000000000000000000001840010000
00000000000000000000000000000000
00000000000000100500000000B4C001
00000000000000000000000000000000
00000000000000100500000000C30021
00000000000000000000000000000000
00000000000000100500000000BBC001
00000000000000000000000000000000
00000000000000100500000000C34001
00000000000000000000000000000000
10000102600000010000000000000000
00000000000000100500000000C34001
00000000000000000000000000000000
000000050000200005005C1B9A200008
00000000000000000000000000000000
00000000000000100200000000D08005
00000000000000000000000000000000
20001004300000000000000000000000
00000000000000000000214000000000
00000000000000000000000000000000
00000000400000800040000000B9C001
00000000000000000000000000000000
00000000000000100001000000C2C001
00000000000000000000000000000000
20000002300000000000000000000000
0000078F394211000000001014050000
00000000000000000000000000000000
00000000000000100001000000C2C001
00000000000000000000000000000000
00000000000000100001000000C30001
00000000000000000000000000000000
20000002F00000000000000000000000
00000000000000000000001840010000
00000000000000000000000000000000
00000000000000100200000000B9C001
00000000000000000000000000000000
00000000000000100200000000C30021
00000000000000000000000000000000
00000000000000100200000000C0C001
00000000000000000000000000000000
00000000000000100200000000CA4001
00000000000000000000000000000000
20000003700000000000000000000000
00000000000000000000001801610240
00000000000000000000000000000000
00000000000000100040000000CC0001
00000000000000000000000000000000
00000000000000100040000000D04001
00000000000000000000000000000000
00000000000000100040000000D06001
00000000000000000000000000000000
00000000000000100040000000CC0001
00000000000000000000000000000000
41000102200000000000000000000000
00000000000000100200000000CA4001
00000000000000000000000000000000
00000000000000100200000000CC4001
00000000000000000000000000000000
80C00402200000000000000000000000
00000000000000100200000000CC4001
00000000000000000000000000000000
00000008000008000200040000C32000
00000000000000000000000000000000
20000083700000000000000000000000
00000000000000000000001801610240
00000000000000000000000000000000
00000000000000100040000000D24001
00000000000000000000000000000000
00000000000000100040000000D04001
00000000000000000000000000000000
00000000000000100040000000D06001
00000000000000000000000000000000
00000000000000100040000000D24001
00000000000000000000000000000000
50004102E00001710000000000000000
00000000000000100200000000D08001
00000000000000000000000000000000
00000008000008000080040000C32000
00000000000000000000000000000000
00000008000000100200080020000000
00000000000000000000000000000000
00000000000000100280000000D28001
00000000000000000000000000000000
20000804300000000000000000000000
0000000000000F4D413CC28000030000
00000000000000000000000000000000
00000000000000100280000000D28001
00000000000000000000000000000000
00000000000000100001000000D50001
00000000000000000000000000000000
20000006700000000000000000000000
0000000000000F4D413CC2500B030000
00000000000000000000000000000000
00000000000000100280000000D28001
00000000000000000000000000000000
00000000000000100280000000D50021
00000000000000000000000000000000
00000000000000100280000000D54001
00000000000000000000000000000000
00000000000000100001000000D7C001
00000000000000000000000000000000
80000002200000000000000000000000
00000000000000100001040000C30000
00000000000000000000000000000000
00000000000000100001000000DA8001
00000000000000000000000000000000
20000002300000000000000000000000
00000000000000000000001800000000
00000000000000000000000000000000
00000000000000100280000000D54001
00000000000000000000000000000000
00000000000000100280000000D80001
00000000000000000000000000000000
50400102E00001710000000000000000
00000000000000100280000000D80001
00000000000000000000000000000000
00000008000008000080040000C32000
00000000000000000000000000000000
00000008000000100200080020000000
00000000000000000000000000000000
00000000000000100200000000DB4001
00000000000000000000000000000000
20004002F00000000000000000000000
0000000000000000000000108B000000
00000000000000000000000000000000
00000000000000100001000000DA8001
00000000000000000000000000000000
00000000000000100001000000D50001
00000000000000000000000000000000
00000000000000100001000000D7C001
00000000000000000000000000000000
00000000000000100001000000DB0001
00000000000000000000000000000000
20000802700000000000000000000000
00000000000000000000001800040000
00000000000000000000000000000000
00000000000000100200000000DB4001
00000000000000000000000000000000
00000000000000100200000000DB0021
00000000000000000000000000000000
00000000000000100200000000DF4001
00000000000000000000000000000000
20000003700000000000000000000000
00000000000000000000001801810240
00000000000000000000000000000000
00000000000000100040000000E10001
00000000000000000000000000000000
00000000000000100040000000D04001
00000000000000000000000000000000
00000000000000100040000000D06001
00000000000000000000000000000000
00000000000000100040000000E10001
00000000000000000000000000000000
10000102600000000000000000000000
00000000000000100200000000DF4001
00000000000000000000000000000000
000000200000400002005C1E1A300004
00000000000000000000000000000000
00000000000000100400000000E14001
00000000000000000000000000000000
61000082200000080000000000000000
00000000000000100400000000E14001
00000000000000000000000000000000
00000000000000103000000001114005
00000000000000000000000000000000
A0000002600000000000000000000000
00000000000000105000000000000001
00000000000000000000000000000000
000000000000001000015C1B0DE00004
00000000000000000000000000000000
00000000000000100018000000A04001
00000000000000000000000000000000
20000002300000000000000000000000
00000000000000000000001000000000
00000000000000000000000000000000
00000000000000105000000000000001
00000000000000000000000000000000
00000000000000105000000000500001
00000000000000000000000000000000
10001002600000010000000000000000
00000000000000102000000001114001
00000000000000000000000000000000
000000200000035020005C221A400008
00000000000000000000000000000000
00000000000000100035000001414005
00000000000000000000000000000000
60400082200000000000000000000000
00000000000000101400000001414001
00000000000000000000000000000000
00000000000000101400000001414001
00000000000000000000000000000000
40811102E00000000000000000000000
00000000000000101400000001414001
00000000000000000000000000000000
00000000000000105000000000500001
00000000000000000000000000000000
00000000000000100014000000A04401
00000000000000000000000000000000
00000000000000105000000000000001
00000000000000000000000000000000
40000002E00000001E3CE50800000000
00000000000000105000000000000001
00000000000000000000000000000000
00000000000000101400040000500000
00000000000000000000000000000000
00000000000000100004000000A04001
00000000000000000000000000000000
00000000000000101400000000A0C005
00000000000000000000000000000000
10000402600000000000000000000000
00000000000000101400000000A0C001
00000000000000000000000000000000
000000280000004014005C249A700004
00000000000000000000000000000000
00000000000000100004000001554001
00000000000000000000000000000000
20000082300000000000000000000000
00000000000000000000001030000000
00000000000000000000000000000000
00000000000000100004000001554001
00000000000000000000000000000000
00000000000000100004000001554001
00000000000000000000000000000000
60400102200000000000000000000000
00000000000000100180000001554001
00000000000000000000000000000000
00000000000000100180000001554001
00000000000000000000000000000000
80000002200000000000000000000000
00000000000000100180040000BD0000
00000000000000000000000000000000
0000000000000010018000000156C001
00000000000000000000000000000000
20005002B00000000000000000000000
00000000000000000000001002000000
00000000000000000000000000000000
00000000000000100180000001554001
00000000000000000000000000000000
0000000000000010018000000156C001
00000000000000000000000000000000
00000000000000100180000001584001
00000000000000000000000000000000
90800102200010060000000000000000
00000000000000100180000001584001
00000000000000000000000000000000
0000000000000010000600000159C015
00000000000000000000000000000000
2000800A300000000000000000000000
00000000000000000000001000000000
00000000000000000000000000000000
00000000000000100001000001554041
00000000000000000000400000000000
000000000000001000010000015A0001
00000000000000000000000000000000
0000000000000010000100000159C015
00000000000000000000000000000000
2000000A300000000000000000000000
00000000000000000000001000000000
00000000000000000000000000000000
00000000000000100001000001554041
00000000000000000000400000000000
000000000000001000010000015A0101
00000000000000000000000000000000
0000000000000010000100000159C115
00000000000000000000000000000000
2000000A300000000000000000000000
00000000000000000000001000000000
00000000000000000000000000000000
00000000000000100001000001554041
00000000000000000000400000000000
000000000000001000010000015A0201
00000000000000000000000000000000
0000000000000010000100000159C215
00000000000000000000000000000000
2000000A300000000000000000000000
00000000000000000000001000000000
00000000000000000000000000000000
00000000000000100001000001554041
00000000000000000000400000000000
000000000000001000010000015A0301
00000000000000000000000000000000
0000000000000010000100000159C315
00000000000000000000000000000000
80000002200000000000000000000000
00000000000000100001040005132000
00000000000000000000000000000000
000000000000001000010000015AC601
00000000000000000000000000000000
1000000A600000020000000000000000
00000000000000101400000000A0C001
00000000000000000000000000000000
0000000A0000018014005C24D680004C
00000000000000168000000000000000
00000000000000100018000002DD8005
00000000000000000000000000000000
0000000000000010000100000159C015
00000000000000000000000000000000
2000000A300000000000000000000000
00000000000000000000001000000000
00000000000000000000000000000000
00000000000000100001000001554041
00000000000000000000400000000000
000000000000001000010000015A0401
00000000000000000000000000000000
0000000000000010000100000159C415
00000000000000000000000000000000
2000000A300000000000000000000000
00000000000000000000001000000000
00000000000000000000000000000000
00000000000000100001000001554041
00000000000000000000400000000000
000000000000001000010000015A0501
00000000000000000000000000000000
0000000000000010000100000159C515
00000000000000000000000000000000
20000004300000000000000000000000
00000000000000000000024000000000
00000000000000000000000000000000
000000000000001000060000015A0001
00000000000000000000000000000000
000000000000001000010000015A4001
00000000000000000000000000000000
10000002600000010000000000000000
00000000000000101400000000A0C001
00000000000000000000000000000000
000000140000018014005D32D6A00008
00000000000000000000000000000000
00000000000000100018000003C18005
00000000000000000000000000000000
10000002600000010000000000000000
00000000000000101400000000A0C001
00000000000000000000000000000000
000000140000018014005D338AB00008
00000000000000000000000000000000
00000000000000100018000003CA8005
00000000000000000000000000000000
1000000A600000020000000000000000
00000000000000101400000000A0C001
00000000000000000000000000000000
0000000A0000018014005CABD690004C
00000000000000168000000000000000
00000000000000100018000002E68005
00000000000000000000000000000000
0000000000000010000100000159C015
00000000000000000000000000000000
1000000A600000020000000000000000
00000000000000101400000000A0C001
00000000000000000000000000000000
0000000A0000018014005C24D680004C
00000000000000168000000000000000
00000000000000100018000003038005
00000000000000000000000000000000
0000000000000010000100000159C115
00000000000000000000000000000000
1000000A600000020000000000000000
00000000000000101400000000A0C001
00000000000000000000000000000000
0000000A0000018014005CABD690004C
00000000000000168000000000000000
000000000000001000180000030C8005
00000000000000000000000000000000
0000000000000010000100000159C115
00000000000000000000000000000000
1000000A600000020000000000000000
00000000000000101400000000A0C001
00000000000000000000000000000000
0000000A0000018014005C24D680004C
00000000000000168000000000000000
00000000000000100018000003298005
00000000000000000000000000000000
0000000000000010000100000159C215
00000000000000000000000000000000
1000000A600000020000000000000000
00000000000000101400000000A0C001
00000000000000000000000000000000
0000000A0000018014005CABD690004C
00000000000000168000000000000000
00000000000000100018000003328005
00000000000000000000000000000000
0000000000000010000100000159C215
00000000000000000000000000000000
20000002300000000000000000000000
0000078F394200000000001004000000
00000000000000000000000000000000
000000000000001000010000015A4001
00000000000000000000000000000000
000000000000001000010000015A8001
00000000000000000000000000000000
1000000A600000020000000000000000
00000000000000101400000000A0C001
00000000000000000000000000000000
0000000A0000018014005C24D680004C
00000000000000168000000000000000
000000000000001000180000034F8005
00000000000000000000000000000000
0000000000000010000100000159C315
00000000000000000000000000000000
1000000A600000020000000000000000
00000000000000101400000000A0C001
00000000000000000000000000000000
0000000A0000018014005CABD690004C
00000000000000168000000000000000
00000000000000100018000003588005
00000000000000000000000000000000
0000000000000010000100000159C315
00000000000000000000000000000000
1000000A600000020000000000000000
00000000000000101400000000A0C001
00000000000000000000000000000000
0000000A0000018014005C24D680004C
00000000000000168000000000000000
00000000000000100018000003758005
00000000000000000000000000000000
0000000000000010000100000159C415
00000000000000000000000000000000
1000000A600000020000000000000000
00000000000000101400000000A0C001
00000000000000000000000000000000
0000000A0000018014005CABD690004C
00000000000000168000000000000000
000000000000001000180000037E8005
00000000000000000000000000000000
0000000000000010000100000159C415
00000000000000000000000000000000
1000000A600000020000000000000000
00000000000000101400000000A0C001
00000000000000000000000000000000
0000000A0000018014005C24D680004C
00000000000000168000000000000000
000000000000001000180000039B8005
00000000000000000000000000000000
0000000000000010000100000159C515
00000000000000000000000000000000
20004002700000000000000000000000
00000FF00000000000000010C0040000
00000000000000000000000000000000
000000000000001000060000015A0001
00000000000000000000000000000000
000000000000001000060000015A8021
00000000000000000000000000000000
000000000000001000060000015AC001
00000000000000000000000000000000
1000000A600000020000000000000000
00000000000000101400000000A0C001
00000000000000000000000000000000
0000000A0000018014005CABD690004C
00000000000000168000000000000000
00000000000000100018000003A48005
00000000000000000000000000000000
0000000000000010000100000159C515
00000000000000000000000000000000
20000082F00000000000000000000000
00000000000000000000001A6800C000
00000000000000000000000000001048
00000026000000700018000002DD8001
00000000000000000000000000000000
000000000100007000180000015AC021
00000000000000000000000000000000
00000026000000700018000002E68001
00000000000000000000000000000000
000000090000007000180000015B0001
00000000000000000000000000000000
60400102200000000000000000000000
000000000000001009000000016D0001
00000000000000000000000000000000
000000000000001009000000016D0001
00000000000000000000000000000000
60400002200000000000000000000000
00000000000000100900000001640001
00000000000000000000000000000000
00000000000000100900000001640001
00000000000000000000000000000000
A0000002600000000000000000000000
00000000000000105000000000000001
00000000000000000000000000000000
000000000000001000015C249A500004
00000000000000000000000000000000
00000000000000100018000000A08001
00000000000000000000000000000000
60400002200000000000000000000000
000000000000001009000000015B0001
00000000000000000000000000000000
000000000000001009000000015B0001
00000000000000000000000000000000
1000100A600000020000000000000000
000000000000001009000000015B0001
00000000000000000000000000000000
000000048000035009005D343EC0004C
00000000000000168000000000000000
00000000000000100035000002EF8005
00000000000000000000000000000000
0000000000000010000100000159C015
00000000000000000000000000000000
1000000A600000020000000000000000
000000000000001009000000016D0001
00000000000000000000000000000000
000000048000035009005D343EC0004C
00000000000000168000000000000000
000000000000001000350000033B8005
00000000000000000000000000000000
0000000000000010000100000159C215
00000000000000000000000000000000
60400002200000000000000000000000
00000000000000100900000001760001
00000000000000000000000000000000
00000000000000100900000001760001
00000000000000000000000000000000
1000000A600000020000000000000000
00000000000000100900000001640001
00000000000000000000000000000000
000000048000035009005D343EC0004C
00000000000000168000000000000000
00000000000000100035000003158005
00000000000000000000000000000000
0000000000000010000100000159C115
00000000000000000000000000000000
60400002200000000000000000000000
000000000000001009000000017F0001
00000000000000000000000000000000
000000000000001009000000017F0001
00000000000000000000000000000000
20000082B00000000000000000000000
00000000000000000000001084000000
00000000000000000000000000000000
00000000000000100035000002EF8001
00000000000000000000000000000000
00000000000000100035000003158001
00000000000000000000000000000000
000000000000001000350000019A0001
00000000000000000000000000000000
60400002200000000000000000000000
00000000000000100900000001880001
00000000000000000000000000000000
00000000000000100900000001880001
00000000000000000000000000000000
1000100A600000020000000000000000
00000000000000100900000001880001
00000000000000000000000000000000
000000048000035009005D343EC0004C
00000000000000168000000000000000
00000000000000100035000003AD8005
00000000000000000000000000000000
0000000000000010000100000159C515
00000000000000000000000000000000
60400002200000000000000000000000
00000000000000100900000001910001
00000000000000000000000000000000
00000000000000100900000001910001
00000000000000000000000000000000
1000000A600000020000000000000000
00000000000000100900000001760001
00000000000000000000000000000000
000000048000035009005D343EC0004C
00000000000000168000000000000000
00000000000000100035000003618005
00000000000000000000000000000000
0000000000000010000100000159C315
00000000000000000000000000000000
20000083B00000000000000000000000
00000000000000000000001085000000
00000000000000000000000000000000
000000000000001000350000019A0001
00000000000000000000000000000000
00000000000000100035000003618001
00000000000000000000000000000000
000000000000001000350000033B8001
00000000000000000000000000000000
000000000000001000350000019A0001
00000000000000000000000000000000
1000000A600000020000000000000000
000000000000001009000000017F0001
00000000000000000000000000000000
000000048000035009005D343EC0004C
00000000000000168000000000000000
00000000000000100035000003878005
00000000000000000000000000000000
0000000000000010000100000159C415
00000000000000000000000000000000
20000083B00000000000000000000000
00000000000000000000001085000000
00000000000000000000000000000000
000000000000001000350000019A0001
00000000000000000000000000000000
00000000000000100035000003AD8001
00000000000000000000000000000000
00000000000000100035000003878001
00000000000000000000000000000000
000000000000001000350000019A0001
00000000000000000000000000000000
10001002600000010000000000000000
00000000000000100900000001910001
00000000000000000000000000000000
000000090000035009005DBB3ED00008
00000000000000000000000000000000
00000000000000100035000003D38005
00000000000000000000000000000000
20000082B00000000000000000000000
00000000000000000000001802000000
00000000000000000000000000000000
000000000000001000350000019A0001
00000000000000000000000000000000
00000000000000100035000003D38001
00000000000000000000000000000000
000000000000001000350000019A0001
00000000000000000000000000000000
60400102200000000000000000000000
000000000000001014000000019A0001
00000000000000000000000000000000
000000000000001014000000019A0001
00000000000000000000000000000000
20000002300000000000000000000000
00000000000000000000001000000000
00000000000000000000000000000000
00000000000000105000000000000001
00000000000000000000000000000000
00000000000000105000000000500001
00000000000000000000000000000000
80800000000000000000000000000000
20010002300000000000000000000000
00000000000000000000001000000000
00000000000000000000000000000000
00000000000000100004000000A08001
00000000000000000000000000000000
00000000000000100004000000A00001
00000000000000000000000000000000
40801102E00000000000000000000000
000000000000001014000000019A0001
00000000000000000000000000000000
00000000000000105000000000500001
00000000000000000000000000000000
00000000000000100014000000A08401
00000000000000000000000000000000
00000000000000105000000000000001
00000000000000000000000000000000
00FFFF80200000000000000000000000
00000000000000000001000003FFF015
00000000000000000000000000000000
40000002E00000001E3CE50800000000
00000000000000105000000000000001
00000000000000000000000000000000
00000000000000101400040000000000
00000000000000000000000000000000
00000000000000100004000000A00001
00000000000000000000000000000000
00000000000000101400000000A0C005
00000000000000000000000000000000
10000402600000010000000000000000
00000000000000101400000000A0C001
00000000000000000000000000000000
000000140000005014005DBC57100008
00000000000000000000000000000000
00000000000000100005000000B9C005
00000000000000000000000000000000
10000002600000010000000000000000
00000000000000101400000000A0C001
00000000000000000000000000000000
00000014000000D014005DBBF3000008
00000000000000000000000000000000
0000000000000010000D000000B4C005
00000000000000000000000000000000
60400082200000000000000000000000
00000000000000100500000000B4C001
00000000000000000000000000000000
00000000000000100500000000B4C001
00000000000000000000000000000000
20001004300000000000000000000000
00000000000000000000214000000000
00000000000000000000000000000000
00000000A000008000A0000000B4C001
00000000000000000000000000000000
00000000000000100001000000C2C001
00000000000000000000000000000000
80000002200000000000000000000000
00000000000000100500040000A00000
00000000000000000000000000000000
00000000000000100500000000BBC001
00000000000000000000000000000000
60400002200000000000000000000000
00000000000000100200000000B9C001
00000000000000000000000000000000
00000000000000100200000000B9C001
00000000000000000000000000000000
80000002200000000000000000000000
00000000000000100200040000B40000
00000000000000000000000000000000
00000000000000100200000000C0C001
00000000000000000000000000000000
20000002300000000000000000000000
0000078F394211280000001014050000
00000000000000000000000000000000
00000000000000100001000000C2C001
00000000000000000000000000000000
00000000000000100001000000C30001
00000000000000000000000000000000
80000002200000000000000000000000
00000000000000100040040000BC0000
00000000000000000000000000000000
00000000000000100040000000D04001
00000000000000000000000000000000
20004002F00000000000000000000000
00000000000000000000001840010000
00000000000000000000000000000000
00000000000000100500000000B4C001
00000000000000000000000000000000
00000000000000100500000000C30021
00000000000000000000000000000000
00000000000000100500000000BBC001
00000000000000000000000000000000
00000000000000100500000000C34001
00000000000000000000000000000000
10000102600000010000000000000000
00000000000000100500000000C34001
00000000000000000000000000000000
000000050000200005005DBC7F200008
00000000000000000000000000000000
00000000000000100200000000D08005
00000000000000000000000000000000
20001004300000000000000000000000
00000000000000000000214000000000
00000000000000000000000000000000
00000000400000800040000000B9C001
00000000000000000000000000000000
00000000000000100001000000C2C001
00000000000000000000000000000000
20000002300000000000000000000000
0000078F394211000000001014050000
00000000000000000000000000000000
00000000000000100001000000C2C001
00000000000000000000000000000000
00000000000000100001000000C30001
00000000000000000000000000000000
20000002F00000000000000000000000
00000000000000000000001840010000
00000000000000000000000000000000
00000000000000100200000000B9C001
00000000000000000000000000000000
00000000000000100200000000C30021
00000000000000000000000000000000
00000000000000100200000000C0C001
00000000000000000000000000000000
00000000000000100200000000CA4001
00000000000000000000000000000000
20000003700000000000000000000000
00000000000000000000001801610240
00000000000000000000000000000000
00000000000000100040000000CC0001
00000000000000000000000000000000
00000000000000100040000000D04001
00000000000000000000000000000000
00000000000000100040000000D06001
00000000000000000000000000000000
00000000000000100040000000CC0001
00000000000000000000000000000000
41000102200000000000000000000000
00000000000000100200000000CA4001
00000000000000000000000000000000
00000000000000100200000000CC4001
00000000000000000000000000000000
80C00402200000000000000000000000
00000000000000100200000000CC4001
00000000000000000000000000000000
00000008000008000200040000C32000
00000000000000000000000000000000
20000083700000000000000000000000
00000000000000000000001801610240
00000000000000000000000000000000
00000000000000100040000000D24001
00000000000000000000000000000000
00000000000000100040000000D04001
00000000000000000000000000000000
00000000000000100040000000D06001
00000000000000000000000000000000
00000000000000100040000000D24001
00000000000000000000000000000000
50004102E00001710000000000000000
00000000000000100200000000D08001
00000000000000000000000000000000
00000008000008000080040000C32000
00000000000000000000000000000000
00000008000000100200080020000000
00000000000000000000000000000000
00000000000000100280000000D28001
00000000000000000000000000000000
20000804300000000000000000000000
0000000000000F4D413CC28000030000
00000000000000000000000000000000
00000000000000100280000000D28001
00000000000000000000000000000000
00000000000000100001000000D50001
00000000000000000000000000000000
20000006700000000000000000000000
0000000000000F4D413CC2500B030000
00000000000000000000000000000000
00000000000000100280000000D28001
00000000000000000000000000000000
00000000000000100280000000D50021
00000000000000000000000000000000
00000000000000100280000000D54001
00000000000000000000000000000000
00000000000000100001000000D7C001
00000000000000000000000000000000
80000002200000000000000000000000
00000000000000100001040000C30000
00000000000000000000000000000000
00000000000000100001000000DA8001
00000000000000000000000000000000
20000002300000000000000000000000
00000000000000000000001800000000
00000000000000000000000000000000
00000000000000100280000000D54001
00000000000000000000000000000000
00000000000000100280000000D80001
00000000000000000000000000000000
50400102E00001710000000000000000
00000000000000100280000000D80001
00000000000000000000000000000000
00000008000008000080040000C32000
00000000000000000000000000000000
00000008000000100200080020000000
00000000000000000000000000000000
00000000000000100200000000DB4001
00000000000000000000000000000000
20004002F00000000000000000000000
0000000000000000000000108B000000
00000000000000000000000000000000
00000000000000100001000000DA8001
00000000000000000000000000000000
00000000000000100001000000D50001
00000000000000000000000000000000
00000000000000100001000000D7C001
00000000000000000000000000000000
00000000000000100001000000DB0001
00000000000000000000000000000000
20000802700000000000000000000000
00000000000000000000001800040000
00000000000000000000000000000000
00000000000000100200000000DB4001
00000000000000000000000000000000
00000000000000100200000000DB0021
00000000000000000000000000000000
00000000000000100200000000DF4001
00000000000000000000000000000000
20000003700000000000000000000000
00000000000000000000001801810240
00000000000000000000000000000000
00000000000000100040000000E10001
00000000000000000000000000000000
00000000000000100040000000D04001
00000000000000000000000000000000
00000000000000100040000000D06001
00000000000000000000000000000000
00000000000000100040000000E10001
00000000000000000000000000000000
10000102600000000000000000000000
00000000000000100200000000DF4001
00000000000000000000000000000000
000000200000400002005DBEFF300004
00000000000000000000000000000000
00000000000000100400000000E14001
00000000000000000000000000000000
61000082200000080000000000000000
00000000000000100400000000E14001
00000000000000000000000000000000
00000000000000103000000001114005
00000000000000000000000000000000
A0000002600000000000000000000000
00000000000000105000000000000001
00000000000000000000000000000000
000000000000001000015DBBF2E00004
00000000000000000000000000000000
00000000000000100018000000A04001
00000000000000000000000000000000
20000002300000000000000000000000
00000000000000000000001000000000
00000000000000000000000000000000
00000000000000105000000000000001
00000000000000000000000000000000
00000000000000105000000000500001
00000000000000000000000000000000
10001002600000010000000000000000
00000000000000102000000001114001
00000000000000000000000000000000
000000200000035020005DC2FF400008
00000000000000000000000000000000
00000000000000100035000001414005
00000000000000000000000000000000
60400082200000000000000000000000
00000000000000101400000001414001
00000000000000000000000000000000
00000000000000101400000001414001
00000000000000000000000000000000
40811102E00000000000000000000000
00000000000000101400000001414001
00000000000000000000000000000000
00000000000000105000000000500001
00000000000000000000000000000000
00000000000000100014000000A04401
00000000000000000000000000000000
00000000000000105000000000000001
00000000000000000000000000000000
40000002E00000001E3CE50800000000
00000000000000105000000000000001
00000000000000000000000000000000
00000000000000101400040000500000
00000000000000000000000000000000
00000000000000100004000000A04001
00000000000000000000000000000000
00000000000000101400000000A0C005
00000000000000000000000000000000
10000402600000000000000000000000
00000000000000101400000000A0C001
00000000000000000000000000000000
000000280000004014005DC57F700004
00000000000000000000000000000000
00000000000000100004000001554001
00000000000000000000000000000000
20000082300000000000000000000000
00000000000000000000001030000000
00000000000000000000000000000000
00000000000000100004000001554001
00000000000000000000000000000000
00000000000000100004000001554001
00000000000000000000000000000000
60400102200000000000000000000000
00000000000000100180000001554001
00000000000000000000000000000000
00000000000000100180000001554001
00000000000000000000000000000000
80000002200000000000000000000000
00000000000000100180040000BD0000
00000000000000000000000000000000
0000000000000010018000000156C001
00000000000000000000000000000000
20005002B00000000000000000000000
00000000000000000000001002000000
00000000000000000000000000000000
00000000000000100180000001554001
00000000000000000000000000000000
0000000000000010018000000156C001
00000000000000000000000000000000
00000000000000100180000001584001
00000000000000000000000000000000
90800102200010060000000000000000
00000000000000100180000001584001
00000000000000000000000000000000
0000000000000010000600000159C015
00000000000000000000000000000000
2000800A300000000000000000000000
00000000000000000000001000000000
00000000000000000000000000000000
00000000000000100001000001554041
00000000000000000000400000000000
000000000000001000010000015A0001
00000000000000000000000000000000
0000000000000010000100000159C015
00000000000000000000000000000000
2000000A300000000000000000000000
00000000000000000000001000000000
00000000000000000000000000000000
00000000000000100001000001554041
00000000000000000000400000000000
000000000000001000010000015A0101
00000000000000000000000000000000
0000000000000010000100000159C115
00000000000000000000000000000000
2000000A300000000000000000000000
00000000000000000000001000000000
00000000000000000000000000000000
00000000000000100001000001554041
00000000000000000000400000000000
000000000000001000010000015A0201
00000000000000000000000000000000
0000000000000010000100000159C215
00000000000000000000000000000000
2000000A300000000000000000000000
00000000000000000000001000000000
00000000000000000000000000000000
00000000000000100001000001554041
00000000000000000000400000000000
000000000000001000010000015A0301
00000000000000000000000000000000
0000000000000010000100000159C315
00000000000000000000000000000000
80000002200000000000000000000000
00000000000000100001040005132000
00000000000000000000000000000000
000000000000001000010000015AC601
00000000000000000000000000000000
1000000A600000020000000000000000
00000000000000101400000000A0C001
00000000000000000000000000000000
0000000A0000018014005DC5BB80004C
00000000000000168000000000000000
00000000000000100018000002DD8005
00000000000000000000000000000000
0000000000000010000100000159C015
00000000000000000000000000000000
2000000A300000000000000000000000
00000000000000000000001000000000
00000000000000000000000000000000
00000000000000100001000001554041
00000000000000000000400000000000
000000000000001000010000015A0401
00000000000000000000000000000000
0000000000000010000100000159C415
00000000000000000000000000000000
2000000A300000000000000000000000
00000000000000000000001000000000
00000000000000000000000000000000
00000000000000100001000001554041
00000000000000000000400000000000
000000000000001000010000015A0501
00000000000000000000000000000000
0000000000000010000100000159C515
00000000000000000000000000000000
20000004300000000000000000000000
00000000000000000000024000000000
00000000000000000000000000000000
000000000000001000060000015A0001
00000000000000000000000000000000
000000000000001000010000015A4001
00000000000000000000000000000000
10000002600000010000000000000000
00000000000000101400000000A0C001
00000000000000000000000000000000
000000140000018014005ED3BBA00008
00000000000000000000000000000000
00000000000000100018000003C18005
00000000000000000000000000000000
10000002600000010000000000000000
00000000000000101400000000A0C001
00000000000000000000000000000000
000000140000018014005ED46FB00008
00000000000000000000000000000000
00000000000000100018000003CA8005
00000000000000000000000000000000
1000000A600000020000000000000000
00000000000000101400000000A0C001
00000000000000000000000000000000
0000000A0000018014005E4CBB90004C
00000000000000168000000000000000
00000000000000100018000002E68005
00000000000000000000000000000000
0000000000000010000100000159C015
00000000000000000000000000000000
1000000A600000020000000000000000
00000000000000101400000000A0C001
00000000000000000000000000000000
0000000A0000018014005DC5BB80004C
00000000000000168000000000000000
00000000000000100018000003038005
00000000000000000000000000000000
0000000000000010000100000159C115
00000000000000000000000000000000
1000000A600000020000000000000000
00000000000000101400000000A0C001
00000000000000000000000000000000
0000000A0000018014005E4CBB90004C
00000000000000168000000000000000
000000000000001000180000030C8005
00000000000000000000000000000000
0000000000000010000100000159C115
00000000000000000000000000000000
1000000A600000020000000000000000
00000000000000101400000000A0C001
00000000000000000000000000000000
0000000A0000018014005DC5BB80004C
00000000000000168000000000000000
00000000000000100018000003298005
00000000000000000000000000000000
0000000000000010000100000159C215
00000000000000000000000000000000
1000000A600000020000000000000000
00000000000000101400000000A0C001
00000000000000000000000000000000
0000000A0000018014005E4CBB90004C
00000000000000168000000000000000
00000000000000100018000003328005
00000000000000000000000000000000
0000000000000010000100000159C215
00000000000000000000000000000000
20000002300000000000000000000000
0000078F394200000000001004000000
00000000000000000000000000000000
000000000000001000010000015A4001
00000000000000000000000000000000
000000000000001000010000015A8001
00000000000000000000000000000000
1000000A600000020000000000000000
00000000000000101400000000A0C001
00000000000000000000000000000000
0000000A0000018014005DC5BB80004C
00000000000000168000000000000000
000000000000001000180000034F8005
00000000000000000000000000000000
0000000000000010000100000159C315
00000000000000000000000000000000
1000000A600000020000000000000000
00000000000000101400000000A0C001
00000000000000000000000000000000
0000000A0000018014005E4CBB90004C
00000000000000168000000000000000
00000000000000100018000003588005
00000000000000000000000000000000
0000000000000010000100000159C315
00000000000000000000000000000000
1000000A600000020000000000000000
00000000000000101400000000A0C001
00000000000000000000000000000000
0000000A0000018014005DC5BB80004C
00000000000000168000000000000000
00000000000000100018000003758005
00000000000000000000000000000000
0000000000000010000100000159C415
00000000000000000000000000000000
1000000A600000020000000000000000
00000000000000101400000000A0C001
00000000000000000000000000000000
0000000A0000018014005E4CBB90004C
00000000000000168000000000000000
000000000000001000180000037E8005
00000000000000000000000000000000
0000000000000010000100000159C415
00000000000000000000000000000000
1000000A600000020000000000000000
00000000000000101400000000A0C001
00000000000000000000000000000000
0000000A0000018014005DC5BB80004C
00000000000000168000000000000000
000000000000001000180000039B8005
00000000000000000000000000000000
0000000000000010000100000159C515
00000000000000000000000000000000
20004002700000000000000000000000
00000FF00000000000000010C0040000
00000000000000000000000000000000
000000000000001000060000015A0001
00000000000000000000000000000000
000000000000001000060000015A8021
00000000000000000000000000000000
000000000000001000060000015AC001
00000000000000000000000000000000
1000000A600000020000000000000000
00000000000000101400000000A0C001
00000000000000000000000000000000
0000000A0000018014005E4CBB90004C
00000000000000168000000000000000
00000000000000100018000003A48005
00000000000000000000000000000000
0000000000000010000100000159C515
00000000000000000000000000000000
20000082F00000000000000000000000
00000000000000000000001A6800C000
00000000000000000000000000001048
00000026000000700018000002DD8001
00000000000000000000000000000000
000000000100007000180000015AC021
00000000000000000000000000000000
00000026000000700018000002E68001
00000000000000000000000000000000
000000090000007000180000015B0001
00000000000000000000000000000000
60400102200000000000000000000000
000000000000001009000000016D0001
00000000000000000000000000000000
000000000000001009000000016D0001
00000000000000000000000000000000
60400002200000000000000000000000
00000000000000100900000001640001
00000000000000000000000000000000
00000000000000100900000001640001
00000000000000000000000000000000
A0000002600000000000000000000000
00000000000000105000000000000001
00000000000000000000000000000000
000000000000001000015DC57F500004
00000000000000000000000000000000
00000000000000100018000000A08001
00000000000000000000000000000000
60400002200000000000000000000000
000000000000001009000000015B0001
00000000000000000000000000000000
000000000000001009000000015B0001
00000000000000000000000000000000
1000100A600000020000000000000000
000000000000001009000000015B0001
00000000000000000000000000000000
000000048000035009005ED523C0004C
00000000000000168000000000000000
00000000000000100035000002EF8005
00000000000000000000000000000000
0000000000000010000100000159C015
00000000000000000000000000000000
1000000A600000020000000000000000
000000000000001009000000016D0001
00000000000000000000000000000000
000000048000035009005ED523C0004C
00000000000000168000000000000000
000000000000001000350000033B8005
00000000000000000000000000000000
0000000000000010000100000159C215
00000000000000000000000000000000
60400002200000000000000000000000
00000000000000100900000001760001
00000000000000000000000000000000
00000000000000100900000001760001
00000000000000000000000000000000
1000000A600000020000000000000000
00000000000000100900000001640001
00000000000000000000000000000000
000000048000035009005ED523C0004C
00000000000000168000000000000000
00000000000000100035000003158005
00000000000000000000000000000000
0000000000000010000100000159C115
00000000000000000000000000000000
60400002200000000000000000000000
000000000000001009000000017F0001
00000000000000000000000000000000
000000000000001009000000017F0001
00000000000000000000000000000000
20000082B00000000000000000000000
00000000000000000000001084000000
00000000000000000000000000000000
00000000000000100035000002EF8001
00000000000000000000000000000000
00000000000000100035000003158001
00000000000000000000000000000000
000000000000001000350000019A0001
00000000000000000000000000000000
60400002200000000000000000000000
00000000000000100900000001880001
00000000000000000000000000000000
00000000000000100900000001880001
00000000000000000000000000000000
1000100A600000020000000000000000
00000000000000100900000001880001
00000000000000000000000000000000
000000048000035009005ED523C0004C
00000000000000168000000000000000
00000000000000100035000003AD8005
00000000000000000000000000000000
0000000000000010000100000159C515
00000000000000000000000000000000
60400002200000000000000000000000
00000000000000100900000001910001
00000000000000000000000000000000
00000000000000100900000001910001
00000000000000000000000000000000
1000000A600000020000000000000000
00000000000000100900000001760001
00000000000000000000000000000000
000000048000035009005ED523C0004C
00000000000000168000000000000000
00000000000000100035000003618005
00000000000000000000000000000000
0000000000000010000100000159C315
00000000000000000000000000000000
20000083B00000000000000000000000
00000000000000000000001085000000
00000000000000000000000000000000
000000000000001000350000019A0001
00000000000000000000000000000000
00000000000000100035000003618001
00000000000000000000000000000000
000000000000001000350000033B8001
00000000000000000000000000000000
000000000000001000350000019A0001
00000000000000000000000000000000
1000000A600000020000000000000000
000000000000001009000000017F0001
00000000000000000000000000000000
000000048000035009005ED523C0004C
00000000000000168000000000000000
00000000000000100035000003878005
00000000000000000000000000000000
0000000000000010000100000159C415
00000000000000000000000000000000
20000083B00000000000000000000000
00000000000000000000001085000000
00000000000000000000000000000000
000000000000001000350000019A0001
00000000000000000000000000000000
00000000000000100035000003AD8001
00000000000000000000000000000000
00000000000000100035000003878001
00000000000000000000000000000000
000000000000001000350000019A0001
00000000000000000000000000000000
10001002600000010000000000000000
00000000000000100900000001910001
00000000000000000000000000000000
000000090000035009005F5C23D00008
00000000000000000000000000000000
00000000000000100035000003D38005
00000000000000000000000000000000
20000082B00000000000000000000000
00000000000000000000001802000000
00000000000000000000000000000000
000000000000001000350000019A0001
00000000000000000000000000000000
00000000000000100035000003D38001
00000000000000000000000000000000
000000000000001000350000019A0001
00000000000000000000000000000000
60400102200000000000000000000000
000000000000001014000000019A0001
00000000000000000000000000000000
000000000000001014000000019A0001
00000000000000000000000000000000
20000002300000000000000000000000
00000000000000000000001000000000
00000000000000000000000000000000
00000000000000105000000000000001
00000000000000000000000000000000
00000000000000105000000000500001
00000000000000000000000000000000
80800000000000000000000000000000
20010002300000000000000000000000
00000000000000000000001000000000
00000000000000000000000000000000
00000000000000100004000000A08001
00000000000000000000000000000000
00000000000000100004000000A00001
00000000000000000000000000000000
40801102E00000000000000000000000
000000000000001014000000019A0001
00000000000000000000000000000000
00000000000000105000000000500001
00000000000000000000000000000000
00000000000000100014000000A08401
00000000000000000000000000000000
00000000000000105000000000000001
00000000000000000000000000000000
00FFFF80200000000000000000000000
00000000000000000001000003FFF015
00000000000000000000000000000000
40000002E00000001E3CE50800000000
00000000000000105000000000000001
00000000000000000000000000000000
00000000000000101400040000000000
00000000000000000000000000000000
00000000000000100004000000A00001
00000000000000000000000000000000
00000000000000101400000000A0C005
00000000000000000000000000000000
10000402600000010000000000000000
00000000000000101400000000A0C001
00000000000000000000000000000000
000000140000005014005F5D3C100008
00000000000000000000000000000000
00000000000000100005000000B9C005
00000000000000000000000000000000
10000002600000010000000000000000
00000000000000101400000000A0C001
00000000000000000000000000000000
00000014000000D014005F5CD8000008
00000000000000000000000000000000
0000000000000010000D000000B4C005
00000000000000000000000000000000
60400082200000000000000000000000
00000000000000100500000000B4C001
00000000000000000000000000000000
00000000000000100500000000B4C001
00000000000000000000000000000000
20001004300000000000000000000000
00000000000000000000214000000000
00000000000000000000000000000000
00000000A000008000A0000000B4C001
00000000000000000000000000000000
00000000000000100001000000C2C001
00000000000000000000000000000000
80000002200000000000000000000000
00000000000000100500040000A00000
00000000000000000000000000000000
00000000000000100500000000BBC001
00000000000000000000000000000000
60400002200000000000000000000000
00000000000000100200000000B9C001
00000000000000000000000000000000
00000000000000100200000000B9C001
00000000000000000000000000000000
80000002200000000000000000000000
00000000000000100200040000B40000
00000000000000000000000000000000
00000000000000100200000000C0C001
00000000000000000000000000000000
20000002300000000000000000000000
0000078F394211280000001014050000
00000000000000000000000000000000
00000000000000100001000000C2C001
00000000000000000000000000000000
00000000000000100001000000C30001
00000000000000000000000000000000
80000002200000000000000000000000
00000000000000100040040000BC0000
00000000000000000000000000000000
00000000000000100040000000D04001
00000000000000000000000000000000
20004002F00000000000000000000000
00000000000000000000001840010000
00000000000000000000000000000000
00000000000000100500000000B4C001
00000000000000000000000000000000
00000000000000100500000000C30021
00000000000000000000000000000000
00000000000000100500000000BBC001
00000000000000000000000000000000
00000000000000100500000000C34001
00000000000000000000000000000000
10000102600000010000000000000000
00000000000000100500000000C34001
00000000000000000000000000000000
000000050000200005005F5D64200008
00000000000000000000000000000000
00000000000000100200000000D08005
00000000000000000000000000000000
20001004300000000000000000000000
00000000000000000000214000000000
00000000000000000000000000000000
00000000400000800040000000B9C001
00000000000000000000000000000000
00000000000000100001000000C2C001
00000000000000000000000000000000
20000002300000000000000000000000
0000078F394211000000001014050000
00000000000000000000000000000000
00000000000000100001000000C2C001
00000000000000000000000000000000
00000000000000100001000000C30001
00000000000000000000000000000000
20000002F00000000000000000000000
00000000000000000000001840010000
00000000000000000000000000000000
00000000000000100200000000B9C001
00000000000000000000000000000000
00000000000000100200000000C30021
00000000000000000000000000000000
00000000000000100200000000C0C001
00000000000000000000000000000000
00000000000000100200000000CA4001
00000000000000000000000000000000
20000003700000000000000000000000
00000000000000000000001801610240
00000000000000000000000000000000
00000000000000100040000000CC0001
00000000000000000000000000000000
00000000000000100040000000D04001
00000000000000000000000000000000
00000000000000100040000000D06001
00000000000000000000000000000000
00000000000000100040000000CC0001
00000000000000000000000000000000
41000102200000000000000000000000
00000000000000100200000000CA4001
00000000000000000000000000000000
00000000000000100200000000CC4001
00000000000000000000000000000000
80C00402200000000000000000000000
00000000000000100200000000CC4001
00000000000000000000000000000000
00000008000008000200040000C32000
00000000000000000000000000000000
20000083700000000000000000000000
00000000000000000000001801610240
00000000000000000000000000000000
00000000000000100040000000D24001
00000000000000000000000000000000
00000000000000100040000000D04001
00000000000000000000000000000000
00000000000000100040000000D06001
00000000000000000000000000000000
00000000000000100040000000D24001
00000000000000000000000000000000
50004102E00001710000000000000000
00000000000000100200000000D08001
00000000000000000000000000000000
00000008000008000080040000C32000
00000000000000000000000000000000
00000008000000100200080020000000
00000000000000000000000000000000
00000000000000100280000000D28001
00000000000000000000000000000000
20000804300000000000000000000000
0000000000000F4D413CC28000030000
00000000000000000000000000000000
00000000000000100280000000D28001
00000000000000000000000000000000
00000000000000100001000000D50001
00000000000000000000000000000000
20000006700000000000000000000000
0000000000000F4D413CC2500B030000
00000000000000000000000000000000
00000000000000100280000000D28001
00000000000000000000000000000000
00000000000000100280000000D50021
00000000000000000000000000000000
00000000000000100280000000D54001
00000000000000000000000000000000
00000000000000100001000000D7C001
00000000000000000000000000000000
80000002200000000000000000000000
00000000000000100001040000C30000
00000000000000000000000000000000
00000000000000100001000000DA8001
00000000000000000000000000000000
20000002300000000000000000000000
00000000000000000000001800000000
00000000000000000000000000000000
00000000000000100280000000D54001
00000000000000000000000000000000
00000000000000100280000000D80001
00000000000000000000000000000000
50400102E00001710000000000000000
00000000000000100280000000D80001
00000000000000000000000000000000
00000008000008000080040000C32000
00000000000000000000000000000000
00000008000000100200080020000000
00000000000000000000000000000000
00000000000000100200000000DB4001
00000000000000000000000000000000
20004002F00000000000000000000000
0000000000000000000000108B000000
00000000000000000000000000000000
00000000000000100001000000DA8001
00000000000000000000000000000000
00000000000000100001000000D50001
00000000000000000000000000000000
00000000000000100001000000D7C001
00000000000000000000000000000000
00000000000000100001000000DB0001
00000000000000000000000000000000
20000802700000000000000000000000
00000000000000000000001800040000
00000000000000000000000000000000
00000000000000100200000000DB4001
00000000000000000000000000000000
00000000000000100200000000DB0021
00000000000000000000000000000000
00000000000000100200000000DF4001
00000000000000000000000000000000
20000003700000000000000000000000
00000000000000000000001801810240
00000000000000000000000000000000
00000000000000100040000000E10001
00000000000000000000000000000000
00000000000000100040000000D04001
00000000000000000000000000000000
00000000000000100040000000D06001
00000000000000000000000000000000
00000000000000100040000000E10001
00000000000000000000000000000000
10000102600000000000000000000000
00000000000000100200000000DF4001
00000000000000000000000000000000
000000200000400002005F5FE4300004
00000000000000000000000000000000
00000000000000100400000000E14001
00000000000000000000000000000000
61000082200000080000000000000000
00000000000000100400000000E14001
00000000000000000000000000000000
00000000000000103000000001114005
00000000000000000000000000000000
A0000002600000000000000000000000
00000000000000105000000000000001
00000000000000000000000000000000
000000000000001000015F5CD7E00004
00000000000000000000000000000000
00000000000000100018000000A04001
00000000000000000000000000000000
20000002300000000000000000000000
00000000000000000000001000000000
00000000000000000000000000000000
00000000000000105000000000000001
00000000000000000000000000000000
00000000000000105000000000500001
00000000000000000000000000000000
10001002600000010000000000000000
00000000000000102000000001114001
00000000000000000000000000000000
000000200000035020005F63E4400008
00000000000000000000000000000000
00000000000000100035000001414005
00000000000000000000000000000000
60400082200000000000000000000000
00000000000000101400000001414001
00000000000000000000000000000000
00000000000000101400000001414001
00000000000000000000000000000000
40811102E00000000000000000000000
00000000000000101400000001414001
00000000000000000000000000000000
00000000000000105000000000500001
00000000000000000000000000000000
00000000000000100014000000A04401
00000000000000000000000000000000
00000000000000105000000000000001
00000000000000000000000000000000
40000002E00000001E3CE50800000000
00000000000000105000000000000001
00000000000000000000000000000000
00000000000000101400040000500000
00000000000000000000000000000000
00000000000000100004000000A04001
00000000000000000000000000000000
00000000000000101400000000A0C005
00000000000000000000000000000000
10000402600000000000000000000000
00000000000000101400000000A0C001
00000000000000000000000000000000
000000280000004014005F6664700004
00000000000000000000000000000000
00000000000000100004000001554001
00000000000000000000000000000000
20000082300000000000000000000000
00000000000000000000001030000000
00000000000000000000000000000000
00000000000000100004000001554001
00000000000000000000000000000000
00000000000000100004000001554001
00000000000000000000000000000000
60400102200000000000000000000000
00000000000000100180000001554001
00000000000000000000000000000000
00000000000000100180000001554001
00000000000000000000000000000000
80000002200000000000000000000000
00000000000000100180040000BD0000
00000000000000000000000000000000
0000000000000010018000000156C001
00000000000000000000000000000000
20005002B00000000000000000000000
00000000000000000000001002000000
00000000000000000000000000000000
00000000000000100180000001554001
00000000000000000000000000000000
0000000000000010018000000156C001
00000000000000000000000000000000
00000000000000100180000001584001
00000000000000000000000000000000
90800102200010060000000000000000
00000000000000100180000001584001
00000000000000000000000000000000
0000000000000010000600000159C015
00000000000000000000000000000000
2000800A300000000000000000000000
00000000000000000000001000000000
00000000000000000000000000000000
00000000000000100001000001554041
00000000000000000000400000000000
000000000000001000010000015A0001
00000000000000000000000000000000
0000000000000010000100000159C015
00000000000000000000000000000000
2000000A300000000000000000000000
00000000000000000000001000000000
00000000000000000000000000000000
00000000000000100001000001554041
00000000000000000000400000000000
000000000000001000010000015A0101
00000000000000000000000000000000
0000000000000010000100000159C115
00000000000000000000000000000000
2000000A300000000000000000000000
00000000000000000000001000000000
00000000000000000000000000000000
00000000000000100001000001554041
00000000000000000000400000000000
000000000000001000010000015A0201
00000000000000000000000000000000
0000000000000010000100000159C215
00000000000000000000000000000000
2000000A300000000000000000000000
00000000000000000000001000000000
00000000000000000000000000000000
00000000000000100001000001554041
00000000000000000000400000000000
000000000000001000010000015A0301
00000000000000000000000000000000
0000000000000010000100000159C315
00000000000000000000000000000000
80000002200000000000000000000000
00000000000000100001040005132000
00000000000000000000000000000000
000000000000001000010000015AC601
00000000000000000000000000000000
1000000A600000020000000000000000
00000000000000101400000000A0C001
00000000000000000000000000000000
0000000A0000018014005F66A080004C
00000000000000168000000000000000
00000000000000100018000002DD8005
00000000000000000000000000000000
0000000000000010000100000159C015
00000000000000000000000000000000
2000000A300000000000000000000000
00000000000000000000001000000000
00000000000000000000000000000000
00000000000000100001000001554041
00000000000000000000400000000000
000000000000001000010000015A0401
00000000000000000000000000000000
0000000000000010000100000159C415
00000000000000000000000000000000
2000000A300000000000000000000000
00000000000000000000001000000000
00000000000000000000000000000000
00000000000000100001000001554041
00000000000000000000400000000000
000000000000001000010000015A0501
00000000000000000000000000000000
0000000000000010000100000159C515
00000000000000000000000000000000
20000004300000000000000000000000
00000000000000000000024000000000
00000000000000000000000000000000
000000000000001000060000015A0001
00000000000000000000000000000000
000000000000001000010000015A4001
00000000000000000000000000000000
10000002600000010000000000000000
00000000000000101400000000A0C001
00000000000000000000000000000000
000000140000018014006074A0A00008
00000000000000000000000000000000
00000000000000100018000003C18005
00000000000000000000000000000000
10000002600000010000000000000000
00000000000000101400000000A0C001
00000000000000000000000000000000
00000014000001801400607554B00008
00000000000000000000000000000000
00000000000000100018000003CA8005
00000000000000000000000000000000
1000000A600000020000000000000000
00000000000000101400000000A0C001
00000000000000000000000000000000
0000000A0000018014005FEDA090004C
00000000000000168000000000000000
00000000000000100018000002E68005
00000000000000000000000000000000
0000000000000010000100000159C015
00000000000000000000000000000000
1000000A600000020000000000000000
00000000000000101400000000A0C001
00000000000000000000000000000000
0000000A0000018014005F66A080004C
00000000000000168000000000000000
00000000000000100018000003038005
00000000000000000000000000000000
0000000000000010000100000159C115
00000000000000000000000000000000
1000000A600000020000000000000000
00000000000000101400000000A0C001
00000000000000000000000000000000
0000000A0000018014005FEDA090004C
00000000000000168000000000000000
000000000000001000180000030C8005
00000000000000000000000000000000
0000000000000010000100000159C115
00000000000000000000000000000000
1000000A600000020000000000000000
00000000000000101400000000A0C001
00000000000000000000000000000000
0000000A0000018014005F66A080004C
00000000000000168000000000000000
00000000000000100018000003298005
00000000000000000000000000000000
0000000000000010000100000159C215
00000000000000000000000000000000
1000000A600000020000000000000000
00000000000000101400000000A0C001
00000000000000000000000000000000
0000000A0000018014005FEDA090004C
00000000000000168000000000000000
00000000000000100018000003328005
00000000000000000000000000000000
0000000000000010000100000159C215
00000000000000000000000000000000
20000002300000000000000000000000
0000078F394200000000001004000000
00000000000000000000000000000000
000000000000001000010000015A4001
00000000000000000000000000000000
000000000000001000010000015A8001
00000000000000000000000000000000
1000000A600000020000000000000000
00000000000000101400000000A0C001
00000000000000000000000000000000
0000000A0000018014005F66A080004C
00000000000000168000000000000000
000000000000001000180000034F8005
00000000000000000000000000000000
0000000000000010000100000159C315
00000000000000000000000000000000
1000000A600000020000000000000000
00000000000000101400000000A0C001
00000000000000000000000000000000
0000000A0000018014005FEDA090004C
00000000000000168000000000000000
00000000000000100018000003588005
00000000000000000000000000000000
0000000000000010000100000159C315
00000000000000000000000000000000
1000000A600000020000000000000000
00000000000000101400000000A0C001
00000000000000000000000000000000
0000000A0000018014005F66A080004C
00000000000000168000000000000000
00000000000000100018000003758005
00000000000000000000000000000000
0000000000000010000100000159C415
00000000000000000000000000000000
1000000A600000020000000000000000
00000000000000101400000000A0C001
00000000000000000000000000000000
0000000A0000018014005FEDA090004C
00000000000000168000000000000000
000000000000001000180000037E8005
00000000000000000000000000000000
0000000000000010000100000159C415
00000000000000000000000000000000
1000000A600000020000000000000000
00000000000000101400000000A0C001
00000000000000000000000000000000
0000000A0000018014005F66A080004C
00000000000000168000000000000000
000000000000001000180000039B8005
00000000000000000000000000000000
0000000000000010000100000159C515
00000000000000000000000000000000
20004002700000000000000000000000
00000FF00000000000000010C0040000
00000000000000000000000000000000
000000000000001000060000015A0001
00000000000000000000000000000000
000000000000001000060000015A8021
00000000000000000000000000000000
000000000000001000060000015AC001
00000000000000000000000000000000
1000000A600000020000000000000000
00000000000000101400000000A0C001
00000000000000000000000000000000
0000000A0000018014005FEDA090004C
00000000000000168000000000000000
00000000000000100018000003A48005
00000000000000000000000000000000
0000000000000010000100000159C515
00000000000000000000000000000000
20000082F00000000000000000000000
00000000000000000000001A6800C000
00000000000000000000000000001048
00000026000000700018000002DD8001
00000000000000000000000000000000
000000000100007000180000015AC021
00000000000000000000000000000000
00000026000000700018000002E68001
00000000000000000000000000000000
000000090000007000180000015B0001
00000000000000000000000000000000
60400102200000000000000000000000
000000000000001009000000016D0001
00000000000000000000000000000000
000000000000001009000000016D0001
00000000000000000000000000000000
60400002200000000000000000000000
00000000000000100900000001640001
00000000000000000000000000000000
00000000000000100900000001640001
00000000000000000000000000000000
A0000002600000000000000000000000
00000000000000105000000000000001
00000000000000000000000000000000
000000000000001000015F6664500004
00000000000000000000000000000000
00000000000000100018000000A08001
00000000000000000000000000000000
60400002200000000000000000000000
000000000000001009000000015B0001
00000000000000000000000000000000
000000000000001009000000015B0001
00000000000000000000000000000000
1000100A600000020000000000000000
000000000000001009000000015B0001
00000000000000000000000000000000
00000004800003500900607608C0004C
00000000000000168000000000000000
00000000000000100035000002EF8005
00000000000000000000000000000000
0000000000000010000100000159C015
00000000000000000000000000000000
1000000A600000020000000000000000
000000000000001009000000016D0001
00000000000000000000000000000000
00000004800003500900607608C0004C
00000000000000168000000000000000
000000000000001000350000033B8005
00000000000000000000000000000000
0000000000000010000100000159C215
00000000000000000000000000000000
60400002200000000000000000000000
00000000000000100900000001760001
00000000000000000000000000000000
00000000000000100900000001760001
00000000000000000000000000000000
1000000A600000020000000000000000
00000000000000100900000001640001
00000000000000000000000000000000
00000004800003500900607608C0004C
00000000000000168000000000000000
00000000000000100035000003158005
00000000000000000000000000000000
0000000000000010000100000159C115
00000000000000000000000000000000
60400002200000000000000000000000
000000000000001009000000017F0001
00000000000000000000000000000000
000000000000001009000000017F0001
00000000000000000000000000000000
20000082B00000000000000000000000
00000000000000000000001084000000
00000000000000000000000000000000
00000000000000100035000002EF8001
00000000000000000000000000000000
00000000000000100035000003158001
00000000000000000000000000000000
000000000000001000350000019A0001
00000000000000000000000000000000
60400002200000000000000000000000
00000000000000100900000001880001
00000000000000000000000000000000
00000000000000100900000001880001
00000000000000000000000000000000
1000100A600000020000000000000000
00000000000000100900000001880001
00000000000000000000000000000000
00000004800003500900607608C0004C
00000000000000168000000000000000
00000000000000100035000003AD8005
00000000000000000000000000000000
0000000000000010000100000159C515
00000000000000000000000000000000
60400002200000000000000000000000
00000000000000100900000001910001
00000000000000000000000000000000
00000000000000100900000001910001
00000000000000000000000000000000
1000000A600000020000000000000000
00000000000000100900000001760001
00000000000000000000000000000000
00000004800003500900607608C0004C
00000000000000168000000000000000
00000000000000100035000003618005
00000000000000000000000000000000
0000000000000010000100000159C315
00000000000000000000000000000000
20000083B00000000000000000000000
00000000000000000000001085000000
00000000000000000000000000000000
000000000000001000350000019A0001
00000000000000000000000000000000
00000000000000100035000003618001
00000000000000000000000000000000
000000000000001000350000033B8001
00000000000000000000000000000000
000000000000001000350000019A0001
00000000000000000000000000000000
1000000A600000020000000000000000
000000000000001009000000017F0001
00000000000000000000000000000000
00000004800003500900607608C0004C
00000000000000168000000000000000
00000000000000100035000003878005
00000000000000000000000000000000
0000000000000010000100000159C415
00000000000000000000000000000000
20000083B00000000000000000000000
00000000000000000000001085000000
00000000000000000000000000000000
000000000000001000350000019A0001
00000000000000000000000000000000
00000000000000100035000003AD8001
00000000000000000000000000000000
00000000000000100035000003878001
00000000000000000000000000000000
000000000000001000350000019A0001
00000000000000000000000000000000
10001002600000010000000000000000
00000000000000100900000001910001
00000000000000000000000000000000
0000000900000350090060FD08D00008
00000000000000000000000000000000
00000000000000100035000003D38005
00000000000000000000000000000000
20000082B00000000000000000000000
00000000000000000000001802000000
00000000000000000000000000000000
000000000000001000350000019A0001
00000000000000000000000000000000
00000000000000100035000003D38001
00000000000000000000000000000000
000000000000001000350000019A0001
00000000000000000000000000000000
60400102200000000000000000000000
000000000000001014000000019A0001
00000000000000000000000000000000
000000000000001014000000019A0001
00000000000000000000000000000000
20000002300000000000000000000000
00000000000000000000001000000000
00000000000000000000000000000000
00000000000000105000000000000001
00000000000000000000000000000000
00000000000000105000000000500001
00000000000000000000000000000000
80800000000000000000000000000000
20010002300000000000000000000000
00000000000000000000001000000000
00000000000000000000000000000000
00000000000000100004000000A08001
00000000000000000000000000000000
00000000000000100004000000A00001
00000000000000000000000000000000
40801102E00000000000000000000000
000000000000001014000000019A0001
00000000000000000000000000000000
00000000000000105000000000500001
00000000000000000000000000000000
00000000000000100014000000A08401
00000000000000000000000000000000
00000000000000105000000000000001
00000000000000000000000000000000
00FFFF80200000000000000000000000
00000000000000000001000003FFF015
00000000000000000000000000000000
40000002E00000001E3CE50800000000
00000000000000105000000000000001
00000000000000000000000000000000
00000000000000101400040000000000
00000000000000000000000000000000
00000000000000100004000000A00001
00000000000000000000000000000000
00000000000000101400000000A0C005
00000000000000000000000000000000
10000402600000010000000000000000
00000000000000101400000000A0C001
00000000000000000000000000000000
0000001400000050140060FE21100008
00000000000000000000000000000000
00000000000000100005000000B9C005
00000000000000000000000000000000
10000002600000010000000000000000
00000000000000101400000000A0C001
00000000000000000000000000000000
00000014000000D0140060FDBD000008
00000000000000000000000000000000
0000000000000010000D000000B4C005
00000000000000000000000000000000
60400082200000000000000000000000
00000000000000100500000000B4C001
00000000000000000000000000000000
00000000000000100500000000B4C001
00000000000000000000000000000000
20001004300000000000000000000000
00000000000000000000214000000000
00000000000000000000000000000000
00000000A000008000A0000000B4C001
00000000000000000000000000000000
00000000000000100001000000C2C001
00000000000000000000000000000000
80000002200000000000000000000000
00000000000000100500040000A00000
00000000000000000000000000000000
00000000000000100500000000BBC001
00000000000000000000000000000000
60400002200000000000000000000000
00000000000000100200000000B9C001
00000000000000000000000000000000
00000000000000100200000000B9C001
00000000000000000000000000000000
80000002200000000000000000000000
00000000000000100200040000B40000
00000000000000000000000000000000
00000000000000100200000000C0C001
00000000000000000000000000000000
20000002300000000000000000000000
0000078F394211280000001014050000
00000000000000000000000000000000
00000000000000100001000000C2C001
00000000000000000000000000000000
00000000000000100001000000C30001
00000000000000000000000000000000
80000002200000000000000000000000
00000000000000100040040000BC0000
00000000000000000000000000000000
00000000000000100040000000D04001
00000000000000000000000000000000
20004002F00000000000000000000000
00000000000000000000001840010000
00000000000000000000000000000000
00000000000000100500000000B4C001
00000000000000000000000000000000
00000000000000100500000000C30021
00000000000000000000000000000000
00000000000000100500000000BBC001
00000000000000000000000000000000
00000000000000100500000000C34001
00000000000000000000000000000000
10000102600000010000000000000000
00000000000000100500000000C34001
00000000000000000000000000000000
0000000500002000050060FE49200008
00000000000000000000000000000000
00000000000000100200000000D08005
00000000000000000000000000000000
20001004300000000000000000000000
00000000000000000000214000000000
00000000000000000000000000000000
00000000400000800040000000B9C001
00000000000000000000000000000000
00000000000000100001000000C2C001
00000000000000000000000000000000
20000002300000000000000000000000
0000078F394211000000001014050000
00000000000000000000000000000000
00000000000000100001000000C2C001
00000000000000000000000000000000
00000000000000100001000000C30001
00000000000000000000000000000000
20000002F00000000000000000000000
00000000000000000000001840010000
00000000000000000000000000000000
00000000000000100200000000B9C001
00000000000000000000000000000000
00000000000000100200000000C30021
00000000000000000000000000000000
00000000000000100200000000C0C001
00000000000000000000000000000000
00000000000000100200000000CA4001
00000000000000000000000000000000
20000003700000000000000000000000
00000000000000000000001801610240
00000000000000000000000000000000
00000000000000100040000000CC0001
00000000000000000000000000000000
00000000000000100040000000D04001
00000000000000000000000000000000
00000000000000100040000000D06001
00000000000000000000000000000000
00000000000000100040000000CC0001
00000000000000000000000000000000
41000102200000000000000000000000
00000000000000100200000000CA4001
00000000000000000000000000000000
00000000000000100200000000CC4001
00000000000000000000000000000000
80C00402200000000000000000000000
00000000000000100200000000CC4001
00000000000000000000000000000000
00000008000008000200040000C32000
00000000000000000000000000000000
20000083700000000000000000000000
00000000000000000000001801610240
00000000000000000000000000000000
00000000000000100040000000D24001
00000000000000000000000000000000
00000000000000100040000000D04001
00000000000000000000000000000000
00000000000000100040000000D06001
00000000000000000000000000000000
00000000000000100040000000D24001
00000000000000000000000000000000
50004102E00001710000000000000000
00000000000000100200000000D08001
00000000000000000000000000000000
00000008000008000080040000C32000
00000000000000000000000000000000
00000008000000100200080020000000
00000000000000000000000000000000
00000000000000100280000000D28001
00000000000000000000000000000000
20000804300000000000000000000000
0000000000000F4D413CC28000030000
00000000000000000000000000000000
00000000000000100280000000D28001
00000000000000000000000000000000
00000000000000100001000000D50001
00000000000000000000000000000000
20000006700000000000000000000000
0000000000000F4D413CC2500B030000
00000000000000000000000000000000
00000000000000100280000000D28001
00000000000000000000000000000000
00000000000000100280000000D50021
00000000000000000000000000000000
00000000000000100280000000D54001
00000000000000000000000000000000
00000000000000100001000000D7C001
00000000000000000000000000000000
80000002200000000000000000000000
00000000000000100001040000C30000
00000000000000000000000000000000
00000000000000100001000000DA8001
00000000000000000000000000000000
20000002300000000000000000000000
00000000000000000000001800000000
00000000000000000000000000000000
00000000000000100280000000D54001
00000000000000000000000000000000
00000000000000100280000000D80001
00000000000000000000000000000000
50400102E00001710000000000000000
00000000000000100280000000D80001
00000000000000000000000000000000
00000008000008000080040000C32000
00000000000000000000000000000000
00000008000000100200080020000000
00000000000000000000000000000000
00000000000000100200000000DB4001
00000000000000000000000000000000
20004002F00000000000000000000000
0000000000000000000000108B000000
00000000000000000000000000000000
00000000000000100001000000DA8001
00000000000000000000000000000000
00000000000000100001000000D50001
00000000000000000000000000000000
00000000000000100001000000D7C001
00000000000000000000000000000000
00000000000000100001000000DB0001
00000000000000000000000000000000
20000802700000000000000000000000
00000000000000000000001800040000
00000000000000000000000000000000
00000000000000100200000000DB4001
00000000000000000000000000000000
00000000000000100200000000DB0021
00000000000000000000000000000000
00000000000000100200000000DF4001
00000000000000000000000000000000
20000003700000000000000000000000
00000000000000000000001801810240
00000000000000000000000000000000
00000000000000100040000000E10001
00000000000000000000000000000000
00000000000000100040000000D04001
00000000000000000000000000000000
00000000000000100040000000D06001
00000000000000000000000000000000
00000000000000100040000000E10001
00000000000000000000000000000000
10000102600000000000000000000000
00000000000000100200000000DF4001
00000000000000000000000000000000
000000200000400002006100C9300004
00000000000000000000000000000000
00000000000000100400000000E14001
00000000000000000000000000000000
61000082200000080000000000000000
00000000000000100400000000E14001
00000000000000000000000000000000
00000000000000103000000001114005
00000000000000000000000000000000
A0000002600000000000000000000000
00000000000000105000000000000001
00000000000000000000000000000000
0000000000000010000160FDBCE00004
00000000000000000000000000000000
00000000000000100018000000A04001
00000000000000000000000000000000
20000002300000000000000000000000
00000000000000000000001000000000
00000000000000000000000000000000
00000000000000105000000000000001
00000000000000000000000000000000
00000000000000105000000000500001
00000000000000000000000000000000
10001002600000010000000000000000
00000000000000102000000001114001
00000000000000000000000000000000
000000200000035020006104C9400008
00000000000000000000000000000000
00000000000000100035000001414005
00000000000000000000000000000000
60400082200000000000000000000000
00000000000000101400000001414001
00000000000000000000000000000000
00000000000000101400000001414001
00000000000000000000000000000000
40811102E00000000000000000000000
00000000000000101400000001414001
00000000000000000000000000000000
00000000000000105000000000500001
00000000000000000000000000000000
00000000000000100014000000A04401
00000000000000000000000000000000
00000000000000105000000000000001
00000000000000000000000000000000
40000002E00000001E3CE50800000000
00000000000000105000000000000001
00000000000000000000000000000000
00000000000000101400040000500000
00000000000000000000000000000000
00000000000000100004000000A04001
00000000000000000000000000000000
00000000000000101400000000A0C005
00000000000000000000000000000000
10000402600000000000000000000000
00000000000000101400000000A0C001
00000000000000000000000000000000
00000028000000401400610749700004
00000000000000000000000000000000
00000000000000100004000001554001
00000000000000000000000000000000
20000082300000000000000000000000
00000000000000000000001030000000
00000000000000000000000000000000
00000000000000100004000001554001
00000000000000000000000000000000
00000000000000100004000001554001
00000000000000000000000000000000
60400102200000000000000000000000
00000000000000100180000001554001
00000000000000000000000000000000
00000000000000100180000001554001
00000000000000000000000000000000
80000002200000000000000000000000
00000000000000100180040000BD0000
00000000000000000000000000000000
0000000000000010018000000156C001
00000000000000000000000000000000
20005002B00000000000000000000000
00000000000000000000001002000000
00000000000000000000000000000000
00000000000000100180000001554001
00000000000000000000000000000000
0000000000000010018000000156C001
00000000000000000000000000000000
00000000000000100180000001584001
00000000000000000000000000000000
90800102200010060000000000000000
00000000000000100180000001584001
00000000000000000000000000000000
0000000000000010000600000159C015
00000000000000000000000000000000
2000800A300000000000000000000000
00000000000000000000001000000000
00000000000000000000000000000000
00000000000000100001000001554041
00000000000000000000400000000000
000000000000001000010000015A0001
00000000000000000000000000000000
0000000000000010000100000159C015
00000000000000000000000000000000
2000000A300000000000000000000000
00000000000000000000001000000000
00000000000000000000000000000000
00000000000000100001000001554041
00000000000000000000400000000000
000000000000001000010000015A0101
00000000000000000000000000000000
0000000000000010000100000159C115
00000000000000000000000000000000
2000000A300000000000000000000000
00000000000000000000001000000000
00000000000000000000000000000000
00000000000000100001000001554041
00000000000000000000400000000000
000000000000001000010000015A0201
00000000000000000000000000000000
0000000000000010000100000159C215
00000000000000000000000000000000
2000000A300000000000000000000000
00000000000000000000001000000000
00000000000000000000000000000000
00000000000000100001000001554041
00000000000000000000400000000000
000000000000001000010000015A0301
00000000000000000000000000000000
0000000000000010000100000159C315
00000000000000000000000000000000
80000002200000000000000000000000
00000000000000100001040005132000
00000000000000000000000000000000
000000000000001000010000015AC601
00000000000000000000000000000000
1000000A600000020000000000000000
00000000000000101400000000A0C001
00000000000000000000000000000000
0000000A00000180140061078580004C
00000000000000168000000000000000
00000000000000100018000002DD8005
00000000000000000000000000000000
0000000000000010000100000159C015
00000000000000000000000000000000
2000000A300000000000000000000000
00000000000000000000001000000000
00000000000000000000000000000000
00000000000000100001000001554041
00000000000000000000400000000000
000000000000001000010000015A0401
00000000000000000000000000000000
0000000000000010000100000159C415
00000000000000000000000000000000
2000000A300000000000000000000000
00000000000000000000001000000000
00000000000000000000000000000000
00000000000000100001000001554041
00000000000000000000400000000000
000000000000001000010000015A0501
00000000000000000000000000000000
0000000000000010000100000159C515
00000000000000000000000000000000
20000004300000000000000000000000
00000000000000000000024000000000
00000000000000000000000000000000
000000000000001000060000015A0001
00000000000000000000000000000000
000000000000001000010000015A4001
00000000000000000000000000000000
10000002600000010000000000000000
00000000000000101400000000A0C001
00000000000000000000000000000000
00000014000001801400621585A00008
00000000000000000000000000000000
00000000000000100018000003C18005
00000000000000000000000000000000
10000002600000010000000000000000
00000000000000101400000000A0C001
00000000000000000000000000000000
00000014000001801400621639B00008
00000000000000000000000000000000
00000000000000100018000003CA8005
00000000000000000000000000000000
1000000A600000020000000000000000
00000000000000101400000000A0C001
00000000000000000000000000000000
0000000A000001801400618E8590004C
00000000000000168000000000000000
00000000000000100018000002E68005
00000000000000000000000000000000
0000000000000010000100000159C015
00000000000000000000000000000000
1000000A600000020000000000000000
00000000000000101400000000A0C001
00000000000000000000000000000000
0000000A00000180140061078580004C
00000000000000168000000000000000
00000000000000100018000003038005
00000000000000000000000000000000
0000000000000010000100000159C115
00000000000000000000000000000000
1000000A600000020000000000000000
00000000000000101400000000A0C001
00000000000000000000000000000000
0000000A000001801400618E8590004C
00000000000000168000000000000000
000000000000001000180000030C8005
00000000000000000000000000000000
0000000000000010000100000159C115
00000000000000000000000000000000
1000000A600000020000000000000000
00000000000000101400000000A0C001
00000000000000000000000000000000
0000000A00000180140061078580004C
00000000000000168000000000000000
00000000000000100018000003298005
00000000000000000000000000000000
0000000000000010000100000159C215
00000000000000000000000000000000
1000000A600000020000000000000000
00000000000000101400000000A0C001
00000000000000000000000000000000
0000000A000001801400618E8590004C
00000000000000168000000000000000
00000000000000100018000003328005
00000000000000000000000000000000
0000000000000010000100000159C215
00000000000000000000000000000000
20000002300000000000000000000000
0000078F394200000000001004000000
00000000000000000000000000000000
000000000000001000010000015A4001
00000000000000000000000000000000
000000000000001000010000015A8001
00000000000000000000000000000000
1000000A600000020000000000000000
00000000000000101400000000A0C001
00000000000000000000000000000000
0000000A00000180140061078580004C
00000000000000168000000000000000
000000000000001000180000034F8005
00000000000000000000000000000000
0000000000000010000100000159C315
00000000000000000000000000000000
1000000A600000020000000000000000
00000000000000101400000000A0C001
00000000000000000000000000000000
0000000A000001801400618E8590004C
00000000000000168000000000000000
00000000000000100018000003588005
00000000000000000000000000000000
0000000000000010000100000159C315
00000000000000000000000000000000
1000000A600000020000000000000000
00000000000000101400000000A0C001
00000000000000000000000000000000
0000000A00000180140061078580004C
00000000000000168000000000000000
00000000000000100018000003758005
00000000000000000000000000000000
0000000000000010000100000159C415
00000000000000000000000000000000
1000000A600000020000000000000000
00000000000000101400000000A0C001
00000000000000000000000000000000
0000000A000001801400618E8590004C
00000000000000168000000000000000
000000000000001000180000037E8005
00000000000000000000000000000000
0000000000000010000100000159C415
00000000000000000000000000000000
1000000A600000020000000000000000
00000000000000101400000000A0C001
00000000000000000000000000000000
0000000A00000180140061078580004C
00000000000000168000000000000000
000000000000001000180000039B8005
00000000000000000000000000000000
0000000000000010000100000159C515
00000000000000000000000000000000
20004002700000000000000000000000
00000FF00000000000000010C0040000
00000000000000000000000000000000
000000000000001000060000015A0001
00000000000000000000000000000000
000000000000001000060000015A8021
00000000000000000000000000000000
000000000000001000060000015AC001
00000000000000000000000000000000
1000000A600000020000000000000000
00000000000000101400000000A0C001
00000000000000000000000000000000
0000000A000001801400618E8590004C
00000000000000168000000000000000
00000000000000100018000003A48005
00000000000000000000000000000000
0000000000000010000100000159C515
00000000000000000000000000000000
20000082F00000000000000000000000
00000000000000000000001A6800C000
00000000000000000000000000001048
00000026000000700018000002DD8001
00000000000000000000000000000000
000000000100007000180000015AC021
00000000000000000000000000000000
00000026000000700018000002E68001
00000000000000000000000000000000
000000090000007000180000015B0001
00000000000000000000000000000000
60400102200000000000000000000000
000000000000001009000000016D0001
00000000000000000000000000000000
000000000000001009000000016D0001
00000000000000000000000000000000
60400002200000000000000000000000
00000000000000100900000001640001
00000000000000000000000000000000
00000000000000100900000001640001
00000000000000000000000000000000
A0000002600000000000000000000000
00000000000000105000000000000001
00000000000000000000000000000000
00000000000000100001610749500004
00000000000000000000000000000000
00000000000000100018000000A08001
00000000000000000000000000000000
60400002200000000000000000000000
000000000000001009000000015B0001
00000000000000000000000000000000
000000000000001009000000015B0001
00000000000000000000000000000000
1000100A600000020000000000000000
000000000000001009000000015B0001
00000000000000000000000000000000
000000048000035009006216EDC0004C
00000000000000168000000000000000
00000000000000100035000002EF8005
00000000000000000000000000000000
0000000000000010000100000159C015
00000000000000000000000000000000
1000000A600000020000000000000000
000000000000001009000000016D0001
00000000000000000000000000000000
000000048000035009006216EDC0004C
00000000000000168000000000000000
000000000000001000350000033B8005
00000000000000000000000000000000
0000000000000010000100000159C215
00000000000000000000000000000000
60400002200000000000000000000000
00000000000000100900000001760001
00000000000000000000000000000000
00000000000000100900000001760001
00000000000000000000000000000000
1000000A600000020000000000000000
00000000000000100900000001640001
00000000000000000000000000000000
000000048000035009006216EDC0004C
00000000000000168000000000000000
00000000000000100035000003158005
00000000000000000000000000000000
0000000000000010000100000159C115
00000000000000000000000000000000
60400002200000000000000000000000
000000000000001009000000017F0001
00000000000000000000000000000000
000000000000001009000000017F0001
00000000000000000000000000000000
20000082B00000000000000000000000
00000000000000000000001084000000
00000000000000000000000000000000
00000000000000100035000002EF8001
00000000000000000000000000000000
00000000000000100035000003158001
00000000000000000000000000000000
000000000000001000350000019A0001
00000000000000000000000000000000
60400002200000000000000000000000
00000000000000100900000001880001
00000000000000000000000000000000
00000000000000100900000001880001
00000000000000000000000000000000
1000100A600000020000000000000000
00000000000000100900000001880001
00000000000000000000000000000000
000000048000035009006216EDC0004C
00000000000000168000000000000000
00000000000000100035000003AD8005
00000000000000000000000000000000
0000000000000010000100000159C515
00000000000000000000000000000000
60400002200000000000000000000000
00000000000000100900000001910001
00000000000000000000000000000000
00000000000000100900000001910001
00000000000000000000000000000000
1000000A600000020000000000000000
00000000000000100900000001760001
00000000000000000000000000000000
000000048000035009006216EDC0004C
00000000000000168000000000000000
00000000000000100035000003618005
00000000000000000000000000000000
0000000000000010000100000159C315
00000000000000000000000000000000
20000083B00000000000000000000000
00000000000000000000001085000000
00000000000000000000000000000000
000000000000001000350000019A0001
00000000000000000000000000000000
00000000000000100035000003618001
00000000000000000000000000000000
000000000000001000350000033B8001
00000000000000000000000000000000
000000000000001000350000019A0001
00000000000000000000000000000000
1000000A600000020000000000000000
000000000000001009000000017F0001
00000000000000000000000000000000
000000048000035009006216EDC0004C
00000000000000168000000000000000
00000000000000100035000003878005
00000000000000000000000000000000
0000000000000010000100000159C415
00000000000000000000000000000000
20000083B00000000000000000000000
00000000000000000000001085000000
00000000000000000000000000000000
000000000000001000350000019A0001
00000000000000000000000000000000
00000000000000100035000003AD8001
00000000000000000000000000000000
00000000000000100035000003878001
00000000000000000000000000000000
000000000000001000350000019A0001
00000000000000000000000000000000
10001002600000010000000000000000
00000000000000100900000001910001
00000000000000000000000000000000
00000009000003500900629DEDD00008
00000000000000000000000000000000
00000000000000100035000003D38005
00000000000000000000000000000000
20000082B00000000000000000000000
00000000000000000000001802000000
00000000000000000000000000000000
000000000000001000350000019A0001
00000000000000000000000000000000
00000000000000100035000003D38001
00000000000000000000000000000000
000000000000001000350000019A0001
00000000000000000000000000000000
60400102200000000000000000000000
000000000000001014000000019A0001
00000000000000000000000000000000
000000000000001014000000019A0001
00000000000000000000000000000000
20000002300000000000000000000000
00000000000000000000001000000000
00000000000000000000000000000000
00000000000000105000000000000001
00000000000000000000000000000000
00000000000000105000000000500001
00000000000000000000000000000000
80800000000000000000000000000000
20010002300000000000000000000000
00000000000000000000001000000000
00000000000000000000000000000000
00000000000000100004000000A08001
00000000000000000000000000000000
00000000000000100004000000A00001
00000000000000000000000000000000
40801102E00000000000000000000000
000000000000001014000000019A0001
00000000000000000000000000000000
00000000000000105000000000500001
00000000000000000000000000000000
00000000000000100014000000A08401
00000000000000000000000000000000
00000000000000105000000000000001
00000000000000000000000000000000
00FFFF80200000000000000000000000
00000000000000000001000003FFF015
00000000000000000000000000000000
40000002E00000001E3CE50800000000
00000000000000105000000000000001
00000000000000000000000000000000
00000000000000101400040000000000
00000000000000000000000000000000
00000000000000100004000000A00001
00000000000000000000000000000000
00000000000000101400000000A0C005
00000000000000000000000000000000
10000402600000010000000000000000
00000000000000101400000000A0C001
00000000000000000000000000000000
00000014000000501400629F06100008
00000000000000000000000000000000
00000000000000100005000000B9C005
00000000000000000000000000000000
10000002600000010000000000000000
00000000000000101400000000A0C001
00000000000000000000000000000000
00000014000000D01400629EA2000008
00000000000000000000000000000000
0000000000000010000D000000B4C005
00000000000000000000000000000000
60400082200000000000000000000000
00000000000000100500000000B4C001
00000000000000000000000000000000
00000000000000100500000000B4C001
00000000000000000000000000000000
20001004300000000000000000000000
00000000000000000000214000000000
00000000000000000000000000000000
00000000A000008000A0000000B4C001
00000000000000000000000000000000
00000000000000100001000000C2C001
00000000000000000000000000000000
80000002200000000000000000000000
00000000000000100500040000A00000
00000000000000000000000000000000
00000000000000100500000000BBC001
00000000000000000000000000000000
60400002200000000000000000000000
00000000000000100200000000B9C001
00000000000000000000000000000000
00000000000000100200000000B9C001
00000000000000000000000000000000
80000002200000000000000000000000
00000000000000100200040000B40000
00000000000000000000000000000000
00000000000000100200000000C0C001
00000000000000000000000000000000
20000002300000000000000000000000
0000078F394211280000001014050000
00000000000000000000000000000000
00000000000000100001000000C2C001
00000000000000000000000000000000
00000000000000100001000000C30001
00000000000000000000000000000000
80000002200000000000000000000000
00000000000000100040040000BC0000
00000000000000000000000000000000
00000000000000100040000000D04001
00000000000000000000000000000000
20004002F00000000000000000000000
00000000000000000000001840010000
00000000000000000000000000000000
00000000000000100500000000B4C001
00000000000000000000000000000000
00000000000000100500000000C30021
00000000000000000000000000000000
00000000000000100500000000BBC001
00000000000000000000000000000000
00000000000000100500000000C34001
00000000000000000000000000000000
10000102600000010000000000000000
00000000000000100500000000C34001
00000000000000000000000000000000
00000005000020000500629F2E200008
00000000000000000000000000000000
00000000000000100200000000D08005
00000000000000000000000000000000
20001004300000000000000000000000
00000000000000000000214000000000
00000000000000000000000000000000
00000000400000800040000000B9C001
00000000000000000000000000000000
00000000000000100001000000C2C001
00000000000000000000000000000000
20000002300000000000000000000000
0000078F394211000000001014050000
00000000000000000000000000000000
00000000000000100001000000C2C001
00000000000000000000000000000000
00000000000000100001000000C30001
00000000000000000000000000000000
20000002F00000000000000000000000
00000000000000000000001840010000
00000000000000000000000000000000
00000000000000100200000000B9C001
00000000000000000000000000000000
00000000000000100200000000C30021
00000000000000000000000000000000
00000000000000100200000000C0C001
00000000000000000000000000000000
00000000000000100200000000CA4001
00000000000000000000000000000000
20000003700000000000000000000000
00000000000000000000001801610240
00000000000000000000000000000000
00000000000000100040000000CC0001
00000000000000000000000000000000
00000000000000100040000000D04001
00000000000000000000000000000000
00000000000000100040000000D06001
00000000000000000000000000000000
00000000000000100040000000CC0001
00000000000000000000000000000000
41000102200000000000000000000000
00000000000000100200000000CA4001
00000000000000000000000000000000
00000000000000100200000000CC4001
00000000000000000000000000000000
80C00402200000000000000000000000
00000000000000100200000000CC4001
00000000000000000000000000000000
00000008000008000200040000C32000
00000000000000000000000000000000
20000083700000000000000000000000
00000000000000000000001801610240
00000000000000000000000000000000
00000000000000100040000000D24001
00000000000000000000000000000000
00000000000000100040000000D04001
00000000000000000000000000000000
00000000000000100040000000D06001
00000000000000000000000000000000
00000000000000100040000000D24001
00000000000000000000000000000000
50004102E00001710000000000000000
00000000000000100200000000D08001
00000000000000000000000000000000
00000008000008000080040000C32000
00000000000000000000000000000000
00000008000000100200080020000000
00000000000000000000000000000000
00000000000000100280000000D28001
00000000000000000000000000000000
20000804300000000000000000000000
0000000000000F4D413CC28000030000
00000000000000000000000000000000
00000000000000100280000000D28001
00000000000000000000000000000000
00000000000000100001000000D50001
00000000000000000000000000000000
20000006700000000000000000000000
0000000000000F4D413CC2500B030000
00000000000000000000000000000000
00000000000000100280000000D28001
00000000000000000000000000000000
00000000000000100280000000D50021
00000000000000000000000000000000
00000000000000100280000000D54001
00000000000000000000000000000000
00000000000000100001000000D7C001
00000000000000000000000000000000
80000002200000000000000000000000
00000000000000100001040000C30000
00000000000000000000000000000000
00000000000000100001000000DA8001
00000000000000000000000000000000
20000002300000000000000000000000
00000000000000000000001800000000
00000000000000000000000000000000
00000000000000100280000000D54001
00000000000000000000000000000000
00000000000000100280000000D80001
00000000000000000000000000000000
50400102E00001710000000000000000
00000000000000100280000000D80001
00000000000000000000000000000000
00000008000008000080040000C32000
00000000000000000000000000000000
00000008000000100200080020000000
00000000000000000000000000000000
00000000000000100200000000DB4001
00000000000000000000000000000000
20004002F00000000000000000000000
0000000000000000000000108B000000
00000000000000000000000000000000
00000000000000100001000000DA8001
00000000000000000000000000000000
00000000000000100001000000D50001
00000000000000000000000000000000
00000000000000100001000000D7C001
00000000000000000000000000000000
00000000000000100001000000DB0001
00000000000000000000000000000000
20000802700000000000000000000000
00000000000000000000001800040000
00000000000000000000000000000000
00000000000000100200000000DB4001
00000000000000000000000000000000
00000000000000100200000000DB0021
00000000000000000000000000000000
00000000000000100200000000DF4001
00000000000000000000000000000000
20000003700000000000000000000000
00000000000000000000001801810240
00000000000000000000000000000000
00000000000000100040000000E10001
00000000000000000000000000000000
00000000000000100040000000D04001
00000000000000000000000000000000
00000000000000100040000000D06001
00000000000000000000000000000000
00000000000000100040000000E10001
00000000000000000000000000000000
10000102600000000000000000000000
00000000000000100200000000DF4001
00000000000000000000000000000000
0000002000004000020062A1AE300004
00000000000000000000000000000000
00000000000000100400000000E14001
00000000000000000000000000000000
61000082200000080000000000000000
00000000000000100400000000E14001
00000000000000000000000000000000
00000000000000103000000001114005
00000000000000000000000000000000
A0000002600000000000000000000000
00000000000000105000000000000001
00000000000000000000000000000000
00000000000000100001629EA1E00004
00000000000000000000000000000000
00000000000000100018000000A04001
00000000000000000000000000000000
20000002300000000000000000000000
00000000000000000000001000000000
00000000000000000000000000000000
00000000000000105000000000000001
00000000000000000000000000000000
00000000000000105000000000500001
00000000000000000000000000000000
10001002600000010000000000000000
00000000000000102000000001114001
00000000000000000000000000000000
0000002000000350200062A5AE400008
00000000000000000000000000000000
00000000000000100035000001414005
00000000000000000000000000000000
60400082200000000000000000000000
00000000000000101400000001414001
00000000000000000000000000000000
00000000000000101400000001414001
00000000000000000000000000000000
40811102E00000000000000000000000
00000000000000101400000001414001
00000000000000000000000000000000
00000000000000105000000000500001
00000000000000000000000000000000
00000000000000100014000000A04401
00000000000000000000000000000000
00000000000000105000000000000001
00000000000000000000000000000000
40000002E00000001E3CE50800000000
00000000000000105000000000000001
00000000000000000000000000000000
00000000000000101400040000500000
00000000000000000000000000000000
00000000000000100004000000A04001
00000000000000000000000000000000
00000000000000101400000000A0C005
00000000000000000000000000000000
10000402600000000000000000000000
00000000000000101400000000A0C001
00000000000000000000000000000000
0000002800000040140062A82E700004
00000000000000000000000000000000
00000000000000100004000001554001
00000000000000000000000000000000
20000082300000000000000000000000
00000000000000000000001030000000
00000000000000000000000000000000
00000000000000100004000001554001
00000000000000000000000000000000
00000000000000100004000001554001
00000000000000000000000000000000
60400102200000000000000000000000
00000000000000100180000001554001
00000000000000000000000000000000
00000000000000100180000001554001
00000000000000000000000000000000
80000002200000000000000000000000
00000000000000100180040000BD0000
00000000000000000000000000000000
0000000000000010018000000156C001
00000000000000000000000000000000
20005002B00000000000000000000000
00000000000000000000001002000000
00000000000000000000000000000000
00000000000000100180000001554001
00000000000000000000000000000000
0000000000000010018000000156C001
00000000000000000000000000000000
00000000000000100180000001584001
00000000000000000000000000000000
90800102200010060000000000000000
00000000000000100180000001584001
00000000000000000000000000000000
0000000000000010000600000159C015
00000000000000000000000000000000
2000800A300000000000000000000000
00000000000000000000001000000000
00000000000000000000000000000000
00000000000000100001000001554041
00000000000000000000400000000000
000000000000001000010000015A0001
00000000000000000000000000000000
0000000000000010000100000159C015
00000000000000000000000000000000
2000000A300000000000000000000000
00000000000000000000001000000000
00000000000000000000000000000000
00000000000000100001000001554041
00000000000000000000400000000000
000000000000001000010000015A0101
00000000000000000000000000000000
0000000000000010000100000159C115
00000000000000000000000000000000
2000000A300000000000000000000000
00000000000000000000001000000000
00000000000000000000000000000000
00000000000000100001000001554041
00000000000000000000400000000000
000000000000001000010000015A0201
00000000000000000000000000000000
0000000000000010000100000159C215
00000000000000000000000000000000
2000000A300000000000000000000000
00000000000000000000001000000000
00000000000000000000000000000000
00000000000000100001000001554041
00000000000000000000400000000000
000000000000001000010000015A0301
00000000000000000000000000000000
0000000000000010000100000159C315
00000000000000000000000000000000
80000002200000000000000000000000
00000000000000100001040005132000
00000000000000000000000000000000
000000000000001000010000015AC601
00000000000000000000000000000000
1000000A600000020000000000000000
00000000000000101400000000A0C001
00000000000000000000000000000000
0000000A00000180140062A86A80004C
00000000000000168000000000000000
00000000000000100018000002DD8005
00000000000000000000000000000000
0000000000000010000100000159C015
00000000000000000000000000000000
2000000A300000000000000000000000
00000000000000000000001000000000
00000000000000000000000000000000
00000000000000100001000001554041
00000000000000000000400000000000
000000000000001000010000015A0401
00000000000000000000000000000000
0000000000000010000100000159C415
00000000000000000000000000000000
2000000A300000000000000000000000
00000000000000000000001000000000
00000000000000000000000000000000
00000000000000100001000001554041
00000000000000000000400000000000
000000000000001000010000015A0501
00000000000000000000000000000000
0000000000000010000100000159C515
00000000000000000000000000000000
20000004300000000000000000000000
00000000000000000000024000000000
00000000000000000000000000000000
000000000000001000060000015A0001
00000000000000000000000000000000
000000000000001000010000015A4001
00000000000000000000000000000000
10000002600000010000000000000000
00000000000000101400000000A0C001
00000000000000000000000000000000
0000001400000180140063B66AA00008
00000000000000000000000000000000
00000000000000100018000003C18005
00000000000000000000000000000000
10000002600000010000000000000000
00000000000000101400000000A0C001
00000000000000000000000000000000
0000001400000180140063B71EB00008
00000000000000000000000000000000
00000000000000100018000003CA8005
00000000000000000000000000000000
1000000A600000020000000000000000
00000000000000101400000000A0C001
00000000000000000000000000000000
0000000A000001801400632F6A90004C
00000000000000168000000000000000
00000000000000100018000002E68005
00000000000000000000000000000000
0000000000000010000100000159C015
00000000000000000000000000000000
1000000A600000020000000000000000
00000000000000101400000000A0C001
00000000000000000000000000000000
0000000A00000180140062A86A80004C
00000000000000168000000000000000
00000000000000100018000003038005
00000000000000000000000000000000
0000000000000010000100000159C115
00000000000000000000000000000000
1000000A600000020000000000000000
00000000000000101400000000A0C001
00000000000000000000000000000000
0000000A000001801400632F6A90004C
00000000000000168000000000000000
000000000000001000180000030C8005
00000000000000000000000000000000
0000000000000010000100000159C115
00000000000000000000000000000000
1000000A600000020000000000000000
00000000000000101400000000A0C001
00000000000000000000000000000000
0000000A00000180140062A86A80004C
00000000000000168000000000000000
00000000000000100018000003298005
00000000000000000000000000000000
0000000000000010000100000159C215
00000000000000000000000000000000
1000000A600000020000000000000000
00000000000000101400000000A0C001
00000000000000000000000000000000
0000000A000001801400632F6A90004C
00000000000000168000000000000000
00000000000000100018000003328005
00000000000000000000000000000000
0000000000000010000100000159C215
00000000000000000000000000000000
20000002300000000000000000000000
0000078F394200000000001004000000
00000000000000000000000000000000
000000000000001000010000015A4001
00000000000000000000000000000000
000000000000001000010000015A8001
00000000000000000000000000000000
1000000A600000020000000000000000
00000000000000101400000000A0C001
00000000000000000000000000000000
0000000A00000180140062A86A80004C
00000000000000168000000000000000
000000000000001000180000034F8005
00000000000000000000000000000000
0000000000000010000100000159C315
00000000000000000000000000000000
1000000A600000020000000000000000
00000000000000101400000000A0C001
00000000000000000000000000000000
0000000A000001801400632F6A90004C
00000000000000168000000000000000
00000000000000100018000003588005
00000000000000000000000000000000
0000000000000010000100000159C315
00000000000000000000000000000000
1000000A600000020000000000000000
00000000000000101400000000A0C001
00000000000000000000000000000000
0000000A00000180140062A86A80004C
00000000000000168000000000000000
00000000000000100018000003758005
00000000000000000000000000000000
0000000000000010000100000159C415
00000000000000000000000000000000
1000000A600000020000000000000000
00000000000000101400000000A0C001
00000000000000000000000000000000
0000000A000001801400632F6A90004C
00000000000000168000000000000000
000000000000001000180000037E8005
00000000000000000000000000000000
0000000000000010000100000159C415
00000000000000000000000000000000
1000000A600000020000000000000000
00000000000000101400000000A0C001
00000000000000000000000000000000
0000000A00000180140062A86A80004C
00000000000000168000000000000000
000000000000001000180000039B8005
00000000000000000000000000000000
0000000000000010000100000159C515
00000000000000000000000000000000
20004002700000000000000000000000
00000FF00000000000000010C0040000
00000000000000000000000000000000
000000000000001000060000015A0001
00000000000000000000000000000000
000000000000001000060000015A8021
00000000000000000000000000000000
000000000000001000060000015AC001
00000000000000000000000000000000
1000000A600000020000000000000000
00000000000000101400000000A0C001
00000000000000000000000000000000
0000000A000001801400632F6A90004C
00000000000000168000000000000000
00000000000000100018000003A48005
00000000000000000000000000000000
0000000000000010000100000159C515
00000000000000000000000000000000
20000082F00000000000000000000000
00000000000000000000001A6800C000
00000000000000000000000000001048
00000026000000700018000002DD8001
00000000000000000000000000000000
000000000100007000180000015AC021
00000000000000000000000000000000
00000026000000700018000002E68001
00000000000000000000000000000000
000000090000007000180000015B0001
00000000000000000000000000000000
60400102200000000000000000000000
000000000000001009000000016D0001
00000000000000000000000000000000
000000000000001009000000016D0001
00000000000000000000000000000000
60400002200000000000000000000000
00000000000000100900000001640001
00000000000000000000000000000000
00000000000000100900000001640001
00000000000000000000000000000000
A0000002600000000000000000000000
00000000000000105000000000000001
00000000000000000000000000000000
0000000000000010000162A82E500004
00000000000000000000000000000000
00000000000000100018000000A08001
00000000000000000000000000000000
60400002200000000000000000000000
000000000000001009000000015B0001
00000000000000000000000000000000
000000000000001009000000015B0001
00000000000000000000000000000000
1000100A600000020000000000000000
000000000000001009000000015B0001
00000000000000000000000000000000
0000000480000350090063B7D2C0004C
00000000000000168000000000000000
00000000000000100035000002EF8005
00000000000000000000000000000000
0000000000000010000100000159C015
00000000000000000000000000000000
1000000A600000020000000000000000
000000000000001009000000016D0001
00000000000000000000000000000000
0000000480000350090063B7D2C0004C
00000000000000168000000000000000
000000000000001000350000033B8005
00000000000000000000000000000000
0000000000000010000100000159C215
00000000000000000000000000000000
60400002200000000000000000000000
00000000000000100900000001760001
00000000000000000000000000000000
00000000000000100900000001760001
00000000000000000000000000000000
1000000A600000020000000000000000
00000000000000100900000001640001
00000000000000000000000000000000
0000000480000350090063B7D2C0004C
00000000000000168000000000000000
00000000000000100035000003158005
00000000000000000000000000000000
0000000000000010000100000159C115
00000000000000000000000000000000
60400002200000000000000000000000
000000000000001009000000017F0001
00000000000000000000000000000000
000000000000001009000000017F0001
00000000000000000000000000000000
20000082B00000000000000000000000
00000000000000000000001084000000
00000000000000000000000000000000
00000000000000100035000002EF8001
00000000000000000000000000000000
00000000000000100035000003158001
00000000000000000000000000000000
000000000000001000350000019A0001
00000000000000000000000000000000
60400002200000000000000000000000
00000000000000100900000001880001
00000000000000000000000000000000
00000000000000100900000001880001
00000000000000000000000000000000
1000100A600000020000000000000000
00000000000000100900000001880001
00000000000000000000000000000000
0000000480000350090063B7D2C0004C
00000000000000168000000000000000
00000000000000100035000003AD8005
00000000000000000000000000000000
0000000000000010000100000159C515
00000000000000000000000000000000
60400002200000000000000000000000
00000000000000100900000001910001
00000000000000000000000000000000
00000000000000100900000001910001
00000000000000000000000000000000
1000000A600000020000000000000000
00000000000000100900000001760001
00000000000000000000000000000000
0000000480000350090063B7D2C0004C
00000000000000168000000000000000
00000000000000100035000003618005
00000000000000000000000000000000
0000000000000010000100000159C315
00000000000000000000000000000000
20000083B00000000000000000000000
00000000000000000000001085000000
00000000000000000000000000000000
000000000000001000350000019A0001
00000000000000000000000000000000
00000000000000100035000003618001
00000000000000000000000000000000
000000000000001000350000033B8001
00000000000000000000000000000000
000000000000001000350000019A0001
00000000000000000000000000000000
1000000A600000020000000000000000
000000000000001009000000017F0001
00000000000000000000000000000000
0000000480000350090063B7D2C0004C
00000000000000168000000000000000
00000000000000100035000003878005
00000000000000000000000000000000
0000000000000010000100000159C415
00000000000000000000000000000000
20000083B00000000000000000000000
00000000000000000000001085000000
00000000000000000000000000000000
000000000000001000350000019A0001
00000000000000000000000000000000
00000000000000100035000003AD8001
00000000000000000000000000000000
00000000000000100035000003878001
00000000000000000000000000000000
000000000000001000350000019A0001
00000000000000000000000000000000
10001002600000010000000000000000
00000000000000100900000001910001
00000000000000000000000000000000
00000009000003500900643ED2D00008
00000000000000000000000000000000
00000000000000100035000003D38005
00000000000000000000000000000000
20000082B00000000000000000000000
00000000000000000000001802000000
00000000000000000000000000000000
000000000000001000350000019A0001
00000000000000000000000000000000
00000000000000100035000003D38001
00000000000000000000000000000000
000000000000001000350000019A0001
00000000000000000000000000000000
60400102200000000000000000000000
000000000000001014000000019A0001
00000000000000000000000000000000
000000000000001014000000019A0001
00000000000000000000000000000000
20000002300000000000000000000000
00000000000000000000001000000000
00000000000000000000000000000000
00000000000000105000000000000001
00000000000000000000000000000000
00000000000000105000000000500001
00000000000000000000000000000000
80800000000000000000000000000000
20010002300000000000000000000000
00000000000000000000001000000000
00000000000000000000000000000000
00000000000000100004000000A08001
00000000000000000000000000000000
00000000000000100004000000A00001
00000000000000000000000000000000
40801102E00000000000000000000000
000000000000001014000000019A0001
00000000000000000000000000000000
00000000000000105000000000500001
00000000000000000000000000000000
00000000000000100014000000A08401
00000000000000000000000000000000
00000000000000105000000000000001
00000000000000000000000000000000
00FFFF80200000000000000000000000
00000000000000000001000003FFF015
00000000000000000000000000000000
40000002E00000001E3CE50800000000
00000000000000105000000000000001
00000000000000000000000000000000
00000000000000101400040000000000
00000000000000000000000000000000
00000000000000100004000000A00001
00000000000000000000000000000000
00000000000000101400000000A0C005
00000000000000000000000000000000
80000002200000000000000000000000
00000000000000100500040000A00000
00000000000000000000000000000000
00000000000000100500000000BBC001
00000000000000000000000000000000
00000000000000000000000000000000
00000000000000000000000000000000
00000000000000000000000000000000
80000002200000000000000000000000
00000000000000100200040000B40000
00000000000000000000000000000000
00000000000000100200000000C0C001
00000000000000000000000000000000
10000402600000010000000000000000
00000000000000101400000000A0C001
00000000000000000000000000000000
00000014000000D01400643F87000008
00000000000000000000000000000000
0000000000000010000D000000B4C005
00000000000000000000000000000000
60400082200000000000000000000000
00000000000000100500000000B4C001
00000000000000000000000000000000
00000000000000100500000000B4C001
00000000000000000000000000000000
10000002600000010000000000000000
00000000000000101400000000A0C001
00000000000000000000000000000000
00000014000000501400643FEB100008
00000000000000000000000000000000
00000000000000100005000000B9C005
00000000000000000000000000000000
20001004300000000000000000000000
00000000000000000000214000000000
00000000000000000000000000000000
00000000A000008000A0000000B4C001
00000000000000000000000000000000
00000000000000100001000000C2C001
00000000000000000000000000000000
20000002300000000000000000000000
0000078F394211280000001014050000
00000000000000000000000000000000
00000000000000100001000000C2C001
00000000000000000000000000000000
00000000000000100001000000C30001
00000000000000000000000000000000
60400082200000000000000000000000
00000000000000100200000000B9C001
00000000000000000000000000000000
00000000000000100200000000B9C001
00000000000000000000000000000000
00000000000000000000000000000000
10000002600000000000000000000000
00000000000000101400000000A0C001
00000000000000000000000000000000
00000028000000501400644013200004
00000000000000000000000000000000
00000000000000100005000002950005
00000000000000000000000000000000
20004002F00000000000000000000000
00000000000000000000001840010000
00000000000000000000000000000000
00000000000000100500000000B4C001
00000000000000000000000000000000
00000000000000100500000000C30021
00000000000000000000000000000000
00000000000000100500000000BBC001
00000000000000000000000000000000
00000000000000100500000000C34001
00000000000000000000000000000000
60400002200000000000000000000000
00000000000000100020000002990001
00000000000000000000000000000000
00000000000000100020000002990001
00000000000000000000000000000000
10000102600000010000000000000000
00000000000000100500000000C34001
00000000000000000000000000000000
00000005000002A00500644AEA700008
00000000000000000000000000000000
0000000000000010002A000002994005
00000000000000000000000000000000
60400082200000000000000000000000
00000000000000101000000002994001
00000000000000000000000000000000
00000000000000101000000002994001
00000000000000000000000000000000
20001004300000000000000000000000
00000000000000000000214000000000
00000000000000000000000000000000
00000000400000800040000000B9C001
00000000000000000000000000000000
00000000000000100001000000C2C001
00000000000000000000000000000000
20000002300000000000000000000000
0000078F394211000000001014050000
00000000000000000000000000000000
00000000000000100001000000C2C001
00000000000000000000000000000000
00000000000000100001000000C30001
00000000000000000000000000000000
20000002F00000000000000000000000
00000000000000000000001840010000
00000000000000000000000000000000
00000000000000100200000000B9C001
00000000000000000000000000000000
00000000000000100200000000C30021
00000000000000000000000000000000
00000000000000100200000000C0C001
00000000000000000000000000000000
00000000000000100200000000CA4001
00000000000000000000000000000000
60400002200000000000000000000000
00000000000000100200000002950001
00000000000000000000000000000000
00000000000000100200000002950001
00000000000000000000000000000000
90000000600000000000000000000014
00000000000000101000000002994001
00000000000000000000000000000000
00000000000000100020000002990001
00000000000000000000000000000000
00000000000000000000000000000000
00000000000000000000000000000000
00000000000000000000000000000000
00000000000000000000000000000000
00000000000000000000000000000000
00000000000000000000000000000000
00000000000000000000000000000000
00000000000000000000000000000000
00000000000000000000000000000000
00000000000000000000000000000000
00000000000000000000000000000000
00000000000000000000000000000000
00000000000000000000000000000000
00000000000000000000000000000000
90400000000000140010000000000014
90C00000000000010010000000000014
10000002600000010000000000000000
00000000000000100500000000C34001
00000000000000000000000000000000
00000005000020000500644068400008
00000000000000000000000000000000
00000000000000100200000000D08005
00000000000000000000000000000000
80000002200000000000000000000000
00000000000000100040040000BC0000
00000000000000000000000000000000
00000000000000100040000000D04001
00000000000000000000000000000000
60808000000000010000080000000000
90C01000000000020000000000000014
90800000000002000000000000000014
60808002000000000000020000000000
00000000000000100200000002A94015
00000000000000000000000000000000
20004003700000000000000000000000
00000000000000000000001801610240
00000000000000000000000000000000
00000000000000100040000000CC0001
00000000000000000000000000000000
00000000000000100040000000D04001
00000000000000000000000000000000
00000000000000100040000000D06001
00000000000000000000000000000000
00000000000000100040000000CC0001
00000000000000000000000000000000
20000083700000000000000000000000
00000000000000000000001801610240
00000000000000000000000000000000
00000000000000100040000000D24001
00000000000000000000000000000000
00000000000000100040000000D04001
00000000000000000000000000000000
00000000000000100040000000D06001
00000000000000000000000000000000
00000000000000100040000000D24001
00000000000000000000000000000000
41000102200000000000000000000000
00000000000000100200000000CA4001
00000000000000000000000000000000
00000000000000100200000000CC4001
00000000000000000000000000000000
80C00402200000000000000000000000
00000000000000100200000000CC4001
00000000000000000000000000000000
00000008000008000200040000C32000
00000000000000000000000000000000
80000002200000000000000000000000
00000000000000100001040000C30000
00000000000000000000000000000000
00000000000000100001000000DA8001
00000000000000000000000000000000
A0000002600000000000000000000000
00000000000000105000000000000001
00000000000000000000000000000000
00000000000000100001643F86E00004
00000000000000000000000000000000
00000000000000100018000000A04001
00000000000000000000000000000000
20000002300000000000000000000000
00000000000000000000001000000000
00000000000000000000000000000000
00000000000000105000000000000001
00000000000000000000000000000000
00000000000000105000000000500001
00000000000000000000000000000000
80000002200000000000000000000000
00000000000000100180040000BD0000
00000000000000000000000000000000
0000000000000010018000000156C001
00000000000000000000000000000000
80000002200000000000000000000000
00000000000000100001040005132000
00000000000000000000000000000000
000000000000001000010000015AC601
00000000000000000000000000000000
6140000A200000080000020000000040
00000008000000100200020400800000
00000000000000000000000000000000
00000008000000100200080030000000
00000000000000000000000000000000
00000000000000100200000002A94015
00000000000000000000000000000000
50005002E00001710000000000000000
00000000000000100200000000D08001
00000000000000000000000000000000
00000008000008000080040000C32000
00000000000000000000000000000000
00000008000000100200080030000000
00000000000000000000000000000000
00000000000000100280000000D28001
00000000000000000000000000000000
20000804300000000000000000000000
0000000000000F4D413CC28000030000
00000000000000000000000000000000
00000000000000100280000000D28001
00000000000000000000000000000000
00000000000000100001000000D50001
00000000000000000000000000000000
20000006700000000000000000000000
0000000000000F4D413CC2500B030000
00000000000000000000000000000000
00000000000000100280000000D28001
00000000000000000000000000000000
00000000000000100280000000D50021
00000000000000000000000000000000
00000000000000100280000000D54001
00000000000000000000000000000000
00000000000000100001000000D7C001
00000000000000000000000000000000
20000002300000000000000000000000
00000000000000000000001800000000
00000000000000000000000000000000
00000000000000100280000000D54001
00000000000000000000000000000000
00000000000000100280000000D80001
00000000000000000000000000000000
50400102E00001710000000000000000
00000000000000100280000000D80001
00000000000000000000000000000000
00000008000008000080040000C32000
00000000000000000000000000000000
00000008000000100200080030000000
00000000000000000000000000000000
00000000000000100200000000DB4001
00000000000000000000000000000000
20000002F00000000000000000000000
0000000000000000000000108B000000
00000000000000000000000000000000
00000000000000100001000000DA8001
00000000000000000000000000000000
00000000000000100001000000D50001
00000000000000000000000000000000
00000000000000100001000000D7C001
00000000000000000000000000000000
00000000000000100001000000DB0001
00000000000000000000000000000000
20000802700000000000000000000000
00000000000000000000001800040000
00000000000000000000000000000000
00000000000000100200000000DB4001
00000000000000000000000000000000
00000000000000100200000000DB0021
00000000000000000000000000000000
00000000000000100200000000DF4001
00000000000000000000000000000000
20000003700000000000000000000000
00000000000000000000001801810240
00000000000000000000000000000000
00000000000000100040000000E10001
00000000000000000000000000000000
00000000000000100040000000D04001
00000000000000000000000000000000
00000000000000100040000000D06001
00000000000000000000000000000000
00000000000000100040000000E10001
00000000000000000000000000000000
10000102600000000000000000000000
00000000000000100200000000DF4001
00000000000000000000000000000000
00000020000040000200644B3A800004
00000000000000000000000000000000
00000000000000100400000000E14001
00000000000000000000000000000000
61000082200000080000000000000000
00000000000000100400000000E14001
00000000000000000000000000000000
00000000000000103000000001114005
00000000000000000000000000000000
10001002600000010000000000000000
00000000000000102000000001114001
00000000000000000000000000000000
00000020000003502000644F3A900008
00000000000000000000000000000000
00000000000000100035000001414005
00000000000000000000000000000000
60400082200000000000000000000000
00000000000000101400000001414001
00000000000000000000000000000000
00000000000000101400000001414001
00000000000000000000000000000000
40811002E00000000000000000000000
00000000000000101400000001414001
00000000000000000000000000000000
00000000000000105000000000500001
00000000000000000000000000000000
00000000000000100014000000A04401
00000000000000000000000000000000
00000000000000105000000000000001
00000000000000000000000000000000
40000002E00000001E3CE50800000000
00000000000000105000000000000001
00000000000000000000000000000000
00000000000000101400040000500000
00000000000000000000000000000000
00000000000000100004000000A04001
00000000000000000000000000000000
00000000000000101400000000A0C005
00000000000000000000000000000000
10000402600000000000000000000000
00000000000000101400000000A0C001
00000000000000000000000000000000
000000280000004014006451BAC00004
00000000000000000000000000000000
00000000000000100004000001554001
00000000000000000000000000000000
20000082300000000000000000000000
00000000000000000000001030000000
00000000000000000000000000000000
00000000000000100004000001554001
00000000000000000000000000000000
00000000000000100004000001554001
00000000000000000000000000000000
10000002600000010000000000000000
00000000000000101400000000A0C001
00000000000000000000000000000000
00000014000001801400655FF6F00008
00000000000000000000000000000000
00000000000000100018000003C18005
00000000000000000000000000000000
60400102200000000000000000000000
00000000000000100180000001554001
00000000000000000000000000000000
00000000000000100180000001554001
00000000000000000000000000000000
10000002600000010000000000000000
00000000000000101400000000A0C001
00000000000000000000000000000000
000000140000018014006560AB000008
00000000000000000000000000000000
00000000000000100018000003CA8005
00000000000000000000000000000000
A0000002600000000000000000000000
00000000000000105000000000000001
00000000000000000000000000000000
000000000000001000016451BAA00004
00000000000000000000000000000000
00000000000000100018000000A08001
00000000000000000000000000000000
20000002300000000000000000000000
00000000000000000000001000000000
00000000000000000000000000000000
00000000000000105000000000000001
00000000000000000000000000000000
00000000000000105000000000500001
00000000000000000000000000000000
20001002B00000000000000000000000
00000000000000000000001002000000
00000000000000000000000000000000
00000000000000100180000001554001
00000000000000000000000000000000
0000000000000010018000000156C001
00000000000000000000000000000000
00000000000000100180000001584001
00000000000000000000000000000000
90800102200010060000000000000000
00000000000000100180000001584001
00000000000000000000000000000000
0000000000000010000600000159C015
00000000000000000000000000000000
2000800A300000000000000000000000
00000000000000000000001000000000
00000000000000000000000000000000
00000000000000100001000001554041
00000000000000000000400000000000
000000000000001000010000015A0001
00000000000000000000000000000000
0000000000000010000100000159C015
00000000000000000000000000000000
2000000A300000000000000000000000
00000000000000000000001000000000
00000000000000000000000000000000
00000000000000100001000001554041
00000000000000000000400000000000
000000000000001000010000015A0101
00000000000000000000000000000000
0000000000000010000100000159C115
00000000000000000000000000000000
1000000A600000020000000000000000
00000000000000101400000000A0C001
00000000000000000000000000000000
0000000A0000018014006451F6D0004C
00000000000000168000000000000000
00000000000000100018000002DD8005
00000000000000000000000000000000
0000000000000010000100000159C015
00000000000000000000000000000000
2000000A300000000000000000000000
00000000000000000000001000000000
00000000000000000000000000000000
00000000000000100001000001554041
00000000000000000000400000000000
000000000000001000010000015A0201
00000000000000000000000000000000
0000000000000010000100000159C215
00000000000000000000000000000000
2000000A300000000000000000000000
00000000000000000000001000000000
00000000000000000000000000000000
00000000000000100001000001554041
00000000000000000000400000000000
000000000000001000010000015A0301
00000000000000000000000000000000
0000000000000010000100000159C315
00000000000000000000000000000000
1000000A600000020000000000000000
00000000000000101400000000A0C001
00000000000000000000000000000000
0000000A00000180140064D8F6E0004C
00000000000000168000000000000000
00000000000000100018000002E68005
00000000000000000000000000000000
0000000000000010000100000159C015
00000000000000000000000000000000
2000000A300000000000000000000000
00000000000000000000001000000000
00000000000000000000000000000000
00000000000000100001000001554041
00000000000000000000400000000000
000000000000001000010000015A0401
00000000000000000000000000000000
0000000000000010000100000159C415
00000000000000000000000000000000
1000000A600000020000000000000000
00000000000000101400000000A0C001
00000000000000000000000000000000
0000000A0000018014006451F6D0004C
00000000000000168000000000000000
00000000000000100018000003038005
00000000000000000000000000000000
0000000000000010000100000159C115
00000000000000000000000000000000
1000000A600000020000000000000000
00000000000000101400000000A0C001
00000000000000000000000000000000
0000000A00000180140064D8F6E0004C
00000000000000168000000000000000
000000000000001000180000030C8005
00000000000000000000000000000000
0000000000000010000100000159C115
00000000000000000000000000000000
1000000A600000020000000000000000
00000000000000101400000000A0C001
00000000000000000000000000000000
0000000A0000018014006451F6D0004C
00000000000000168000000000000000
00000000000000100018000003298005
00000000000000000000000000000000
0000000000000010000100000159C215
00000000000000000000000000000000
2000000A300000000000000000000000
00000000000000000000001000000000
00000000000000000000000000000000
00000000000000100001000001554041
00000000000000000000400000000000
000000000000001000010000015A0501
00000000000000000000000000000000
0000000000000010000100000159C515
00000000000000000000000000000000
1000000A600000020000000000000000
00000000000000101400000000A0C001
00000000000000000000000000000000
0000000A00000180140064D8F6E0004C
00000000000000168000000000000000
00000000000000100018000003328005
00000000000000000000000000000000
0000000000000010000100000159C215
00000000000000000000000000000000
1000000A600000020000000000000000
00000000000000101400000000A0C001
00000000000000000000000000000000
0000000A0000018014006451F6D0004C
00000000000000168000000000000000
000000000000001000180000034F8005
00000000000000000000000000000000
0000000000000010000100000159C315
00000000000000000000000000000000
1000000A600000020000000000000000
00000000000000101400000000A0C001
00000000000000000000000000000000
0000000A00000180140064D8F6E0004C
00000000000000168000000000000000
00000000000000100018000003588005
00000000000000000000000000000000
0000000000000010000100000159C315
00000000000000000000000000000000
20000004300000000000000000000000
00000000000000000000024000000000
00000000000000000000000000000000
000000000000001000060000015A0001
00000000000000000000000000000000
000000000000001000010000015A4001
00000000000000000000000000000000
1000000A600000020000000000000000
00000000000000101400000000A0C001
00000000000000000000000000000000
0000000A0000018014006451F6D0004C
00000000000000168000000000000000
00000000000000100018000003758005
00000000000000000000000000000000
0000000000000010000100000159C415
00000000000000000000000000000000
1000000A600000020000000000000000
00000000000000101400000000A0C001
00000000000000000000000000000000
0000000A00000180140064D8F6E0004C
00000000000000168000000000000000
000000000000001000180000037E8005
00000000000000000000000000000000
0000000000000010000100000159C415
00000000000000000000000000000000
1000000A600000020000000000000000
00000000000000101400000000A0C001
00000000000000000000000000000000
0000000A0000018014006451F6D0004C
00000000000000168000000000000000
000000000000001000180000039B8005
00000000000000000000000000000000
0000000000000010000100000159C515
00000000000000000000000000000000
1000000A600000020000000000000000
00000000000000101400000000A0C001
00000000000000000000000000000000
0000000A00000180140064D8F6E0004C
00000000000000168000000000000000
00000000000000100018000003A48005
00000000000000000000000000000000
0000000000000010000100000159C515
00000000000000000000000000000000
20000002300000000000000000000000
0000078F394200000000001004000000
00000000000000000000000000000000
000000000000001000010000015A4001
00000000000000000000000000000000
000000000000001000010000015A8001
00000000000000000000000000000000
20000002700000000000000000000000
00000FF00000000000000010C0040000
00000000000000000000000000000000
000000000000001000060000015A0001
00000000000000000000000000000000
000000000000001000060000015A8021
00000000000000000000000000000000
000000000000001000060000015AC001
00000000000000000000000000000000
20000082F00000000000000000000000
00000000000000000000001A6800C000
00000000000000000000000000001048
00000026000000700018000002DD8001
00000000000000000000000000000000
000000000100007000180000015AC021
00000000000000000000000000000000
00000026000000700018000002E68001
00000000000000000000000000000000
000000090000007000180000015B0001
00000000000000000000000000000000
80800000000000000000000000000000
60400102200000000000000000000000
000000000000001009000000015B0001
00000000000000000000000000000000
000000000000001009000000015B0001
00000000000000000000000000000000
1000100A600000020000000000000000
000000000000001009000000015B0001
00000000000000000000000000000000
0000000480000350090065615F10004C
00000000000000168000000000000000
00000000000000100035000002EF8005
00000000000000000000000000000000
0000000000000010000100000159C015
00000000000000000000000000000000
60400002200000000000000000000000
00000000000000100900000001640001
00000000000000000000000000000000
00000000000000100900000001640001
00000000000000000000000000000000
1000100A600000020000000000000000
00000000000000100900000001640001
00000000000000000000000000000000
0000000480000350090065615F10004C
00000000000000168000000000000000
00000000000000100035000003158005
00000000000000000000000000000000
0000000000000010000100000159C115
00000000000000000000000000000000
60400002200000000000000000000000
000000000000001009000000016D0001
00000000000000000000000000000000
000000000000001009000000016D0001
00000000000000000000000000000000
20010002300000000000000000000000
00000000000000000000001000000000
00000000000000000000000000000000
00000000000000100004000000A08001
00000000000000000000000000000000
00000000000000100004000000A00001
00000000000000000000000000000000
20000082B00000000000000000000000
00000000000000000000001084000000
00000000000000000000000000000000
00000000000000100035000002EF8001
00000000000000000000000000000000
00000000000000100035000003158001
00000000000000000000000000000000
000000000000001000350000019A0001
00000000000000000000000000000000
60400002200000000000000000000000
00000000000000100900000001760001
00000000000000000000000000000000
00000000000000100900000001760001
00000000000000000000000000000000
60400002200000000000000000000000
000000000000001009000000017F0001
00000000000000000000000000000000
000000000000001009000000017F0001
00000000000000000000000000000000
60400002200000000000000000000000
00000000000000100900000001880001
00000000000000000000000000000000
00000000000000100900000001880001
00000000000000000000000000000000
1000100A600000020000000000000000
000000000000001009000000016D0001
00000000000000000000000000000000
0000000480000350090065615F10004C
00000000000000168000000000000000
000000000000001000350000033B8005
00000000000000000000000000000000
0000000000000010000100000159C215
00000000000000000000000000000000
1000000A600000020000000000000000
00000000000000100900000001760001
00000000000000000000000000000000
0000000480000350090065615F10004C
00000000000000168000000000000000
00000000000000100035000003618005
00000000000000000000000000000000
0000000000000010000100000159C315
00000000000000000000000000000000
60400002200000000000000000000000
00000000000000100900000001910001
00000000000000000000000000000000
00000000000000100900000001910001
00000000000000000000000000000000
20000083B00000000000000000000000
00000000000000000000001085000000
00000000000000000000000000000000
000000000000001000350000019A0001
00000000000000000000000000000000
00000000000000100035000003618001
00000000000000000000000000000000
000000000000001000350000033B8001
00000000000000000000000000000000
000000000000001000350000019A0001
00000000000000000000000000000000
1000000A600000020000000000000000
000000000000001009000000017F0001
00000000000000000000000000000000
0000000480000350090065615F10004C
00000000000000168000000000000000
00000000000000100035000003878005
00000000000000000000000000000000
0000000000000010000100000159C415
00000000000000000000000000000000
1000000A600000020000000000000000
00000000000000100900000001880001
00000000000000000000000000000000
0000000480000350090065615F10004C
00000000000000168000000000000000
00000000000000100035000003AD8005
00000000000000000000000000000000
0000000000000010000100000159C515
00000000000000000000000000000000
20000083B00000000000000000000000
00000000000000000000001085000000
00000000000000000000000000000000
000000000000001000350000019A0001
00000000000000000000000000000000
00000000000000100035000003AD8001
00000000000000000000000000000000
00000000000000100035000003878001
00000000000000000000000000000000
000000000000001000350000019A0001
00000000000000000000000000000000
10001002600000010000000000000000
00000000000000100900000001910001
00000000000000000000000000000000
0000000900000350090065E85F200008
00000000000000000000000000000000
00000000000000100035000003D38005
00000000000000000000000000000000
20000082B00000000000000000000000
00000000000000000000001802000000
00000000000000000000000000000000
000000000000001000350000019A0001
00000000000000000000000000000000
00000000000000100035000003D38001
00000000000000000000000000000000
000000000000001000350000019A0001
00000000000000000000000000000000
60400102200000000000000000000000
000000000000001014000000019A0001
00000000000000000000000000000000
000000000000001014000000019A0001
00000000000000000000000000000000
40801002E00000000000000000000000
000000000000001014000000019A0001
00000000000000000000000000000000
00000000000000105000000000500001
00000000000000000000000000000000
00000000000000100014000000A08401
00000000000000000000000000000000
00000000000000105000000000000001
00000000000000000000000000000000
00FFFF80200000000000000000000000
00000000000000000001000003FFF015
00000000000000000000000000000000
40000002E00000001E3CE50800000000
00000000000000105000000000000001
00000000000000000000000000000000
00000000000000101400040000000000
00000000000000000000000000000000
00000000000000100004000000A00001
00000000000000000000000000000000
00000000000000101400000000A0C005
00000000000000000000000000000000
10000402600000010000000000000000
00000000000000101400000000A0C001
00000000000000000000000000000000
0000001400000050140065E977600008
00000000000000000000000000000000
00000000000000100005000000B9C005
00000000000000000000000000000000
10000002600000010000000000000000
00000000000000101400000000A0C001
00000000000000000000000000000000
00000014000000D0140065E913500008
00000000000000000000000000000000
0000000000000010000D000000B4C005
00000000000000000000000000000000
60400082200000000000000000000000
00000000000000100500000000B4C001
00000000000000000000000000000000
00000000000000100500000000B4C001
00000000000000000000000000000000
20001004300000000000000000000000
00000000000000000000214000000000
00000000000000000000000000000000
00000000A000008000A0000000B4C001
00000000000000000000000000000000
00000000000000100001000000C2C001
00000000000000000000000000000000
80000002200000000000000000000000
00000000000000100500040000A00000
00000000000000000000000000000000
00000000000000100500000000BBC001
00000000000000000000000000000000
60400002200000000000000000000000
00000000000000100200000000B9C001
00000000000000000000000000000000
00000000000000100200000000B9C001
00000000000000000000000000000000
80000002200000000000000000000000
00000000000000100200040000B40000
00000000000000000000000000000000
00000000000000100200000000C0C001
00000000000000000000000000000000
20000002300000000000000000000000
0000078F394211280000001014050000
00000000000000000000000000000000
00000000000000100001000000C2C001
00000000000000000000000000000000
00000000000000100001000000C30001
00000000000000000000000000000000
80000002200000000000000000000000
00000000000000100040040000BC0000
00000000000000000000000000000000
00000000000000100040000000D04001
00000000000000000000000000000000
20004002F00000000000000000000000
00000000000000000000001840010000
00000000000000000000000000000000
00000000000000100500000000B4C001
00000000000000000000000000000000
00000000000000100500000000C30021
00000000000000000000000000000000
00000000000000100500000000BBC001
00000000000000000000000000000000
00000000000000100500000000C34001
00000000000000000000000000000000
10000102600000010000000000000000
00000000000000100500000000C34001
00000000000000000000000000000000
0000000500002000050065E99F700008
00000000000000000000000000000000
00000000000000100200000000D08005
00000000000000000000000000000000
20001004300000000000000000000000
00000000000000000000214000000000
00000000000000000000000000000000
00000000400000800040000000B9C001
00000000000000000000000000000000
00000000000000100001000000C2C001
00000000000000000000000000000000
20000002300000000000000000000000
0000078F394211000000001014050000
00000000000000000000000000000000
00000000000000100001000000C2C001
00000000000000000000000000000000
00000000000000100001000000C30001
00000000000000000000000000000000
20000002F00000000000000000000000
00000000000000000000001840010000
00000000000000000000000000000000
00000000000000100200000000B9C001
00000000000000000000000000000000
00000000000000100200000000C30021
00000000000000000000000000000000
00000000000000100200000000C0C001
00000000000000000000000000000000
00000000000000100200000000CA4001
00000000000000000000000000000000
20000003700000000000000000000000
00000000000000000000001801610240
00000000000000000000000000000000
00000000000000100040000000CC0001
00000000000000000000000000000000
00000000000000100040000000D04001
00000000000000000000000000000000
00000000000000100040000000D06001
00000000000000000000000000000000
00000000000000100040000000CC0001
00000000000000000000000000000000
41000102200000000000000000000000
00000000000000100200000000CA4001
00000000000000000000000000000000
00000000000000100200000000CC4001
00000000000000000000000000000000
80C00402200000000000000000000000
00000000000000100200000000CC4001
00000000000000000000000000000000
00000008000008000200040000C32000
00000000000000000000000000000000
20000083700000000000000000000000
00000000000000000000001801610240
00000000000000000000000000000000
00000000000000100040000000D24001
00000000000000000000000000000000
00000000000000100040000000D04001
00000000000000000000000000000000
00000000000000100040000000D06001
00000000000000000000000000000000
00000000000000100040000000D24001
00000000000000000000000000000000
50004102E00001710000000000000000
00000000000000100200000000D08001
00000000000000000000000000000000
00000008000008000080040000C32000
00000000000000000000000000000000
00000008000000100200080030000000
00000000000000000000000000000000
00000000000000100280000000D28001
00000000000000000000000000000000
20000804300000000000000000000000
0000000000000F4D413CC28000030000
00000000000000000000000000000000
00000000000000100280000000D28001
00000000000000000000000000000000
00000000000000100001000000D50001
00000000000000000000000000000000
20000006700000000000000000000000
0000000000000F4D413CC2500B030000
00000000000000000000000000000000
00000000000000100280000000D28001
00000000000000000000000000000000
00000000000000100280000000D50021
00000000000000000000000000000000
00000000000000100280000000D54001
00000000000000000000000000000000
00000000000000100001000000D7C001
00000000000000000000000000000000
80000002200000000000000000000000
00000000000000100001040000C30000
00000000000000000000000000000000
00000000000000100001000000DA8001
00000000000000000000000000000000
20000002300000000000000000000000
00000000000000000000001800000000
00000000000000000000000000000000
00000000000000100280000000D54001
00000000000000000000000000000000
00000000000000100280000000D80001
00000000000000000000000000000000
50400102E00001710000000000000000
00000000000000100280000000D80001
00000000000000000000000000000000
00000008000008000080040000C32000
00000000000000000000000000000000
00000008000000100200080030000000
00000000000000000000000000000000
00000000000000100200000000DB4001
00000000000000000000000000000000
20004002F00000000000000000000000
0000000000000000000000108B000000
00000000000000000000000000000000
00000000000000100001000000DA8001
00000000000000000000000000000000
00000000000000100001000000D50001
00000000000000000000000000000000
00000000000000100001000000D7C001
00000000000000000000000000000000
00000000000000100001000000DB0001
00000000000000000000000000000000
20000802700000000000000000000000
00000000000000000000001800040000
00000000000000000000000000000000
00000000000000100200000000DB4001
00000000000000000000000000000000
00000000000000100200000000DB0021
00000000000000000000000000000000
00000000000000100200000000DF4001
00000000000000000000000000000000
20000003700000000000000000000000
00000000000000000000001801810240
00000000000000000000000000000000
00000000000000100040000000E10001
00000000000000000000000000000000
00000000000000100040000000D04001
00000000000000000000000000000000
00000000000000100040000000D06001
00000000000000000000000000000000
00000000000000100040000000E10001
00000000000000000000000000000000
10000102600000000000000000000000
00000000000000100200000000DF4001
00000000000000000000000000000000
0000002000004000020065EC1F800004
00000000000000000000000000000000
00000000000000100400000000E14001
00000000000000000000000000000000
61000082200000080000000000000000
00000000000000100400000000E14001
00000000000000000000000000000000
00000000000000103000000001114005
00000000000000000000000000000000
A0000002600000000000000000000000
00000000000000105000000000000001
00000000000000000000000000000000
0000000000000010000165E913300004
00000000000000000000000000000000
00000000000000100018000000A04001
00000000000000000000000000000000
20000002300000000000000000000000
00000000000000000000001000000000
00000000000000000000000000000000
00000000000000105000000000000001
00000000000000000000000000000000
00000000000000105000000000500001
00000000000000000000000000000000
10001002600000010000000000000000
00000000000000102000000001114001
00000000000000000000000000000000
0000002000000350200065F01F900008
00000000000000000000000000000000
00000000000000100035000001414005
00000000000000000000000000000000
60400082200000000000000000000000
00000000000000101400000001414001
00000000000000000000000000000000
00000000000000101400000001414001
00000000000000000000000000000000
40811102E00000000000000000000000
00000000000000101400000001414001
00000000000000000000000000000000
00000000000000105000000000500001
00000000000000000000000000000000
00000000000000100014000000A04401
00000000000000000000000000000000
00000000000000105000000000000001
00000000000000000000000000000000
40000002E00000001E3CE50800000000
00000000000000105000000000000001
00000000000000000000000000000000
00000000000000101400040000500000
00000000000000000000000000000000
00000000000000100004000000A04001
00000000000000000000000000000000
00000000000000101400000000A0C005
00000000000000000000000000000000
10000402600000000000000000000000
00000000000000101400000000A0C001
00000000000000000000000000000000
0000002800000040140065F29FC00004
00000000000000000000000000000000
00000000000000100004000001554001
00000000000000000000000000000000
20000082300000000000000000000000
00000000000000000000001030000000
00000000000000000000000000000000
00000000000000100004000001554001
00000000000000000000000000000000
00000000000000100004000001554001
00000000000000000000000000000000
60400102200000000000000000000000
00000000000000100180000001554001
00000000000000000000000000000000
00000000000000100180000001554001
00000000000000000000000000000000
80000002200000000000000000000000
00000000000000100180040000BD0000
00000000000000000000000000000000
0000000000000010018000000156C001
00000000000000000000000000000000
20005002B00000000000000000000000
00000000000000000000001002000000
00000000000000000000000000000000
00000000000000100180000001554001
00000000000000000000000000000000
0000000000000010018000000156C001
00000000000000000000000000000000
00000000000000100180000001584001
00000000000000000000000000000000
90800102200010060000000000000000
00000000000000100180000001584001
00000000000000000000000000000000
0000000000000010000600000159C015
00000000000000000000000000000000
2000800A300000000000000000000000
00000000000000000000001000000000
00000000000000000000000000000000
00000000000000100001000001554041
00000000000000000000400000000000
000000000000001000010000015A0001
00000000000000000000000000000000
0000000000000010000100000159C015
00000000000000000000000000000000
2000000A300000000000000000000000
00000000000000000000001000000000
00000000000000000000000000000000
00000000000000100001000001554041
00000000000000000000400000000000
000000000000001000010000015A0101
00000000000000000000000000000000
0000000000000010000100000159C115
00000000000000000000000000000000
2000000A300000000000000000000000
00000000000000000000001000000000
00000000000000000000000000000000
00000000000000100001000001554041
00000000000000000000400000000000
000000000000001000010000015A0201
00000000000000000000000000000000
0000000000000010000100000159C215
00000000000000000000000000000000
2000000A300000000000000000000000
00000000000000000000001000000000
00000000000000000000000000000000
00000000000000100001000001554041
00000000000000000000400000000000
000000000000001000010000015A0301
00000000000000000000000000000000
0000000000000010000100000159C315
00000000000000000000000000000000
80000002200000000000000000000000
00000000000000100001040005132000
00000000000000000000000000000000
000000000000001000010000015AC601
00000000000000000000000000000000
1000000A600000020000000000000000
00000000000000101400000000A0C001
00000000000000000000000000000000
0000000A00000180140065F2DBD0004C
00000000000000168000000000000000
00000000000000100018000002DD8005
00000000000000000000000000000000
0000000000000010000100000159C015
00000000000000000000000000000000
2000000A300000000000000000000000
00000000000000000000001000000000
00000000000000000000000000000000
00000000000000100001000001554041
00000000000000000000400000000000
000000000000001000010000015A0401
00000000000000000000000000000000
0000000000000010000100000159C415
00000000000000000000000000000000
2000000A300000000000000000000000
00000000000000000000001000000000
00000000000000000000000000000000
00000000000000100001000001554041
00000000000000000000400000000000
000000000000001000010000015A0501
00000000000000000000000000000000
0000000000000010000100000159C515
00000000000000000000000000000000
20000004300000000000000000000000
00000000000000000000024000000000
00000000000000000000000000000000
000000000000001000060000015A0001
00000000000000000000000000000000
000000000000001000010000015A4001
00000000000000000000000000000000
10000002600000010000000000000000
00000000000000101400000000A0C001
00000000000000000000000000000000
000000140000018014006700DBF00008
00000000000000000000000000000000
00000000000000100018000003C18005
00000000000000000000000000000000
10000002600000010000000000000000
00000000000000101400000000A0C001
00000000000000000000000000000000
00000014000001801400670190000008
00000000000000000000000000000000
00000000000000100018000003CA8005
00000000000000000000000000000000
1000000A600000020000000000000000
00000000000000101400000000A0C001
00000000000000000000000000000000
0000000A0000018014006679DBE0004C
00000000000000168000000000000000
00000000000000100018000002E68005
00000000000000000000000000000000
0000000000000010000100000159C015
00000000000000000000000000000000
1000000A600000020000000000000000
00000000000000101400000000A0C001
00000000000000000000000000000000
0000000A00000180140065F2DBD0004C
00000000000000168000000000000000
00000000000000100018000003038005
00000000000000000000000000000000
0000000000000010000100000159C115
00000000000000000000000000000000
1000000A600000020000000000000000
00000000000000101400000000A0C001
00000000000000000000000000000000
0000000A0000018014006679DBE0004C
00000000000000168000000000000000
000000000000001000180000030C8005
00000000000000000000000000000000
0000000000000010000100000159C115
00000000000000000000000000000000
1000000A600000020000000000000000
00000000000000101400000000A0C001
00000000000000000000000000000000
0000000A00000180140065F2DBD0004C
00000000000000168000000000000000
00000000000000100018000003298005
00000000000000000000000000000000
0000000000000010000100000159C215
00000000000000000000000000000000
1000000A600000020000000000000000
00000000000000101400000000A0C001
00000000000000000000000000000000
0000000A0000018014006679DBE0004C
00000000000000168000000000000000
00000000000000100018000003328005
00000000000000000000000000000000
0000000000000010000100000159C215
00000000000000000000000000000000
20000002300000000000000000000000
0000078F394200000000001004000000
00000000000000000000000000000000
000000000000001000010000015A4001
00000000000000000000000000000000
000000000000001000010000015A8001
00000000000000000000000000000000
1000000A600000020000000000000000
00000000000000101400000000A0C001
00000000000000000000000000000000
0000000A00000180140065F2DBD0004C
00000000000000168000000000000000
000000000000001000180000034F8005
00000000000000000000000000000000
0000000000000010000100000159C315
00000000000000000000000000000000
1000000A600000020000000000000000
00000000000000101400000000A0C001
00000000000000000000000000000000
0000000A0000018014006679DBE0004C
00000000000000168000000000000000
00000000000000100018000003588005
00000000000000000000000000000000
0000000000000010000100000159C315
00000000000000000000000000000000
1000000A600000020000000000000000
00000000000000101400000000A0C001
00000000000000000000000000000000
0000000A00000180140065F2DBD0004C
00000000000000168000000000000000
00000000000000100018000003758005
00000000000000000000000000000000
0000000000000010000100000159C415
00000000000000000000000000000000
1000000A600000020000000000000000
00000000000000101400000000A0C001
00000000000000000000000000000000
0000000A0000018014006679DBE0004C
00000000000000168000000000000000
000000000000001000180000037E8005
00000000000000000000000000000000
0000000000000010000100000159C415
00000000000000000000000000000000
1000000A600000020000000000000000
00000000000000101400000000A0C001
00000000000000000000000000000000
0000000A00000180140065F2DBD0004C
00000000000000168000000000000000
000000000000001000180000039B8005
00000000000000000000000000000000
0000000000000010000100000159C515
00000000000000000000000000000000
20004002700000000000000000000000
00000FF00000000000000010C0040000
00000000000000000000000000000000
000000000000001000060000015A0001
00000000000000000000000000000000
000000000000001000060000015A8021
00000000000000000000000000000000
000000000000001000060000015AC001
00000000000000000000000000000000
1000000A600000020000000000000000
00000000000000101400000000A0C001
00000000000000000000000000000000
0000000A0000018014006679DBE0004C
00000000000000168000000000000000
00000000000000100018000003A48005
00000000000000000000000000000000
0000000000000010000100000159C515
00000000000000000000000000000000
20000082F00000000000000000000000
00000000000000000000001A6800C000
00000000000000000000000000001048
00000026000000700018000002DD8001
00000000000000000000000000000000
000000000100007000180000015AC021
00000000000000000000000000000000
00000026000000700018000002E68001
00000000000000000000000000000000
000000090000007000180000015B0001
00000000000000000000000000000000
60400102200000000000000000000000
000000000000001009000000016D0001
00000000000000000000000000000000
000000000000001009000000016D0001
00000000000000000000000000000000
60400002200000000000000000000000
00000000000000100900000001640001
00000000000000000000000000000000
00000000000000100900000001640001
00000000000000000000000000000000
A0000002600000000000000000000000
00000000000000105000000000000001
00000000000000000000000000000000
0000000000000010000165F29FA00004
00000000000000000000000000000000
00000000000000100018000000A08001
00000000000000000000000000000000
60400002200000000000000000000000
000000000000001009000000015B0001
00000000000000000000000000000000
000000000000001009000000015B0001
00000000000000000000000000000000
1000100A600000020000000000000000
000000000000001009000000015B0001
00000000000000000000000000000000
0000000480000350090067024410004C
00000000000000168000000000000000
00000000000000100035000002EF8005
00000000000000000000000000000000
0000000000000010000100000159C015
00000000000000000000000000000000
1000000A600000020000000000000000
000000000000001009000000016D0001
00000000000000000000000000000000
0000000480000350090067024410004C
00000000000000168000000000000000
000000000000001000350000033B8005
00000000000000000000000000000000
0000000000000010000100000159C215
00000000000000000000000000000000
60400002200000000000000000000000
00000000000000100900000001760001
00000000000000000000000000000000
00000000000000100900000001760001
00000000000000000000000000000000
1000000A600000020000000000000000
00000000000000100900000001640001
00000000000000000000000000000000
0000000480000350090067024410004C
00000000000000168000000000000000
00000000000000100035000003158005
00000000000000000000000000000000
0000000000000010000100000159C115
00000000000000000000000000000000
60400002200000000000000000000000
000000000000001009000000017F0001
00000000000000000000000000000000
000000000000001009000000017F0001
00000000000000000000000000000000
20000082B00000000000000000000000
00000000000000000000001084000000
00000000000000000000000000000000
00000000000000100035000002EF8001
00000000000000000000000000000000
00000000000000100035000003158001
00000000000000000000000000000000
000000000000001000350000019A0001
00000000000000000000000000000000
60400002200000000000000000000000
00000000000000100900000001880001
00000000000000000000000000000000
00000000000000100900000001880001
00000000000000000000000000000000
1000100A600000020000000000000000
00000000000000100900000001880001
00000000000000000000000000000000
0000000480000350090067024410004C
00000000000000168000000000000000
00000000000000100035000003AD8005
00000000000000000000000000000000
0000000000000010000100000159C515
00000000000000000000000000000000
60400002200000000000000000000000
00000000000000100900000001910001
00000000000000000000000000000000
00000000000000100900000001910001
00000000000000000000000000000000
1000000A600000020000000000000000
00000000000000100900000001760001
00000000000000000000000000000000
0000000480000350090067024410004C
00000000000000168000000000000000
00000000000000100035000003618005
00000000000000000000000000000000
0000000000000010000100000159C315
00000000000000000000000000000000
20000083B00000000000000000000000
00000000000000000000001085000000
00000000000000000000000000000000
000000000000001000350000019A0001
00000000000000000000000000000000
00000000000000100035000003618001
00000000000000000000000000000000
000000000000001000350000033B8001
00000000000000000000000000000000
000000000000001000350000019A0001
00000000000000000000000000000000
1000000A600000020000000000000000
000000000000001009000000017F0001
00000000000000000000000000000000
0000000480000350090067024410004C
00000000000000168000000000000000
00000000000000100035000003878005
00000000000000000000000000000000
0000000000000010000100000159C415
00000000000000000000000000000000
20000083B00000000000000000000000
00000000000000000000001085000000
00000000000000000000000000000000
000000000000001000350000019A0001
00000000000000000000000000000000
00000000000000100035000003AD8001
00000000000000000000000000000000
00000000000000100035000003878001
00000000000000000000000000000000
000000000000001000350000019A0001
00000000000000000000000000000000
10001002600000010000000000000000
00000000000000100900000001910001
00000000000000000000000000000000
00000009000003500900678944200008
00000000000000000000000000000000
00000000000000100035000003D38005
00000000000000000000000000000000
20000082B00000000000000000000000
00000000000000000000001802000000
00000000000000000000000000000000
000000000000001000350000019A0001
00000000000000000000000000000000
00000000000000100035000003D38001
00000000000000000000000000000000
000000000000001000350000019A0001
00000000000000000000000000000000
60400102200000000000000000000000
000000000000001014000000019A0001
00000000000000000000000000000000
000000000000001014000000019A0001
00000000000000000000000000000000
20000002300000000000000000000000
00000000000000000000001000000000
00000000000000000000000000000000
00000000000000105000000000000001
00000000000000000000000000000000
00000000000000105000000000500001
00000000000000000000000000000000
80800000000000000000000000000000
20010002300000000000000000000000
00000000000000000000001000000000
00000000000000000000000000000000
00000000000000100004000000A08001
00000000000000000000000000000000
00000000000000100004000000A00001
00000000000000000000000000000000
40801102E00000000000000000000000
000000000000001014000000019A0001
00000000000000000000000000000000
00000000000000105000000000500001
00000000000000000000000000000000
00000000000000100014000000A08401
00000000000000000000000000000000
00000000000000105000000000000001
00000000000000000000000000000000
00FFFF80200000000000000000000000
00000000000000000001000003FFF015
00000000000000000000000000000000
40000002E00000001E3CE50800000000
00000000000000105000000000000001
00000000000000000000000000000000
00000000000000101400040000000000
00000000000000000000000000000000
00000000000000100004000000A00001
00000000000000000000000000000000
00000000000000101400000000A0C005
00000000000000000000000000000000
10000402600000010000000000000000
00000000000000101400000000A0C001
00000000000000000000000000000000
00000014000000501400678A5C600008
00000000000000000000000000000000
00000000000000100005000000B9C005
00000000000000000000000000000000
10000002600000010000000000000000
00000000000000101400000000A0C001
00000000000000000000000000000000
00000014000000D014006789F8500008
00000000000000000000000000000000
0000000000000010000D000000B4C005
00000000000000000000000000000000
60400082200000000000000000000000
00000000000000100500000000B4C001
00000000000000000000000000000000
00000000000000100500000000B4C001
00000000000000000000000000000000
20001004300000000000000000000000
00000000000000000000214000000000
00000000000000000000000000000000
00000000A000008000A0000000B4C001
00000000000000000000000000000000
00000000000000100001000000C2C001
00000000000000000000000000000000
80000002200000000000000000000000
00000000000000100500040000A00000
00000000000000000000000000000000
00000000000000100500000000BBC001
00000000000000000000000000000000
60400002200000000000000000000000
00000000000000100200000000B9C001
00000000000000000000000000000000
00000000000000100200000000B9C001
00000000000000000000000000000000
80000002200000000000000000000000
00000000000000100200040000B40000
00000000000000000000000000000000
00000000000000100200000000C0C001
00000000000000000000000000000000
20000002300000000000000000000000
0000078F394211280000001014050000
00000000000000000000000000000000
00000000000000100001000000C2C001
00000000000000000000000000000000
00000000000000100001000000C30001
00000000000000000000000000000000
80000002200000000000000000000000
00000000000000100040040000BC0000
00000000000000000000000000000000
00000000000000100040000000D04001
00000000000000000000000000000000
20004002F00000000000000000000000
00000000000000000000001840010000
00000000000000000000000000000000
00000000000000100500000000B4C001
00000000000000000000000000000000
00000000000000100500000000C30021
00000000000000000000000000000000
00000000000000100500000000BBC001
00000000000000000000000000000000
00000000000000100500000000C34001
00000000000000000000000000000000
10000102600000010000000000000000
00000000000000100500000000C34001
00000000000000000000000000000000
00000005000020000500678A84700008
00000000000000000000000000000000
00000000000000100200000000D08005
00000000000000000000000000000000
20001004300000000000000000000000
00000000000000000000214000000000
00000000000000000000000000000000
00000000400000800040000000B9C001
00000000000000000000000000000000
00000000000000100001000000C2C001
00000000000000000000000000000000
20000002300000000000000000000000
0000078F394211000000001014050000
00000000000000000000000000000000
00000000000000100001000000C2C001
00000000000000000000000000000000
00000000000000100001000000C30001
00000000000000000000000000000000
20000002F00000000000000000000000
00000000000000000000001840010000
00000000000000000000000000000000
00000000000000100200000000B9C001
00000000000000000000000000000000
00000000000000100200000000C30021
00000000000000000000000000000000
00000000000000100200000000C0C001
00000000000000000000000000000000
00000000000000100200000000CA4001
00000000000000000000000000000000
20000003700000000000000000000000
00000000000000000000001801610240
00000000000000000000000000000000
00000000000000100040000000CC0001
00000000000000000000000000000000
00000000000000100040000000D04001
00000000000000000000000000000000
00000000000000100040000000D06001
00000000000000000000000000000000
00000000000000100040000000CC0001
00000000000000000000000000000000
41000102200000000000000000000000
00000000000000100200000000CA4001
00000000000000000000000000000000
00000000000000100200000000CC4001
00000000000000000000000000000000
80C00402200000000000000000000000
00000000000000100200000000CC4001
00000000000000000000000000000000
00000008000008000200040000C32000
00000000000000000000000000000000
20000083700000000000000000000000
00000000000000000000001801610240
00000000000000000000000000000000
00000000000000100040000000D24001
00000000000000000000000000000000
00000000000000100040000000D04001
00000000000000000000000000000000
00000000000000100040000000D06001
00000000000000000000000000000000
00000000000000100040000000D24001
00000000000000000000000000000000
50004102E00001710000000000000000
00000000000000100200000000D08001
00000000000000000000000000000000
00000008000008000080040000C32000
00000000000000000000000000000000
00000008000000100200080030000000
00000000000000000000000000000000
00000000000000100280000000D28001
00000000000000000000000000000000
20000804300000000000000000000000
0000000000000F4D413CC28000030000
00000000000000000000000000000000
00000000000000100280000000D28001
00000000000000000000000000000000
00000000000000100001000000D50001
00000000000000000000000000000000
20000006700000000000000000000000
0000000000000F4D413CC2500B030000
00000000000000000000000000000000
00000000000000100280000000D28001
00000000000000000000000000000000
00000000000000100280000000D50021
00000000000000000000000000000000
00000000000000100280000000D54001
00000000000000000000000000000000
00000000000000100001000000D7C001
00000000000000000000000000000000
80000002200000000000000000000000
00000000000000100001040000C30000
00000000000000000000000000000000
00000000000000100001000000DA8001
00000000000000000000000000000000
20000002300000000000000000000000
00000000000000000000001800000000
00000000000000000000000000000000
00000000000000100280000000D54001
00000000000000000000000000000000
00000000000000100280000000D80001
00000000000000000000000000000000
50400102E00001710000000000000000
00000000000000100280000000D80001
00000000000000000000000000000000
00000008000008000080040000C32000
00000000000000000000000000000000
00000008000000100200080030000000
00000000000000000000000000000000
00000000000000100200000000DB4001
00000000000000000000000000000000
20004002F00000000000000000000000
0000000000000000000000108B000000
00000000000000000000000000000000
00000000000000100001000000DA8001
00000000000000000000000000000000
00000000000000100001000000D50001
00000000000000000000000000000000
00000000000000100001000000D7C001
00000000000000000000000000000000
00000000000000100001000000DB0001
00000000000000000000000000000000
20000802700000000000000000000000
00000000000000000000001800040000
00000000000000000000000000000000
00000000000000100200000000DB4001
00000000000000000000000000000000
00000000000000100200000000DB0021
00000000000000000000000000000000
00000000000000100200000000DF4001
00000000000000000000000000000000
20000003700000000000000000000000
00000000000000000000001801810240
00000000000000000000000000000000
00000000000000100040000000E10001
00000000000000000000000000000000
00000000000000100040000000D04001
00000000000000000000000000000000
00000000000000100040000000D06001
00000000000000000000000000000000
00000000000000100040000000E10001
00000000000000000000000000000000
10000102600000000000000000000000
00000000000000100200000000DF4001
00000000000000000000000000000000
00000020000040000200678D04800004
00000000000000000000000000000000
00000000000000100400000000E14001
00000000000000000000000000000000
61000082200000080000000000000000
00000000000000100400000000E14001
00000000000000000000000000000000
00000000000000103000000001114005
00000000000000000000000000000000
A0000002600000000000000000000000
00000000000000105000000000000001
00000000000000000000000000000000
000000000000001000016789F8300004
00000000000000000000000000000000
00000000000000100018000000A04001
00000000000000000000000000000000
20000002300000000000000000000000
00000000000000000000001000000000
00000000000000000000000000000000
00000000000000105000000000000001
00000000000000000000000000000000
00000000000000105000000000500001
00000000000000000000000000000000
10001002600000010000000000000000
00000000000000102000000001114001
00000000000000000000000000000000
00000020000003502000679104900008
00000000000000000000000000000000
00000000000000100035000001414005
00000000000000000000000000000000
60400082200000000000000000000000
00000000000000101400000001414001
00000000000000000000000000000000
00000000000000101400000001414001
00000000000000000000000000000000
40811102E00000000000000000000000
00000000000000101400000001414001
00000000000000000000000000000000
00000000000000105000000000500001
00000000000000000000000000000000
00000000000000100014000000A04401
00000000000000000000000000000000
00000000000000105000000000000001
00000000000000000000000000000000
40000002E00000001E3CE50800000000
00000000000000105000000000000001
00000000000000000000000000000000
00000000000000101400040000500000
00000000000000000000000000000000
00000000000000100004000000A04001
00000000000000000000000000000000
00000000000000101400000000A0C005
00000000000000000000000000000000
10000402600000000000000000000000
00000000000000101400000000A0C001
00000000000000000000000000000000
00000028000000401400679384C00004
00000000000000000000000000000000
00000000000000100004000001554001
00000000000000000000000000000000
20000082300000000000000000000000
00000000000000000000001030000000
00000000000000000000000000000000
00000000000000100004000001554001
00000000000000000000000000000000
00000000000000100004000001554001
00000000000000000000000000000000
60400102200000000000000000000000
00000000000000100180000001554001
00000000000000000000000000000000
00000000000000100180000001554001
00000000000000000000000000000000
80000002200000000000000000000000
00000000000000100180040000BD0000
00000000000000000000000000000000
0000000000000010018000000156C001
00000000000000000000000000000000
20005002B00000000000000000000000
00000000000000000000001002000000
00000000000000000000000000000000
00000000000000100180000001554001
00000000000000000000000000000000
0000000000000010018000000156C001
00000000000000000000000000000000
00000000000000100180000001584001
00000000000000000000000000000000
90800102200010060000000000000000
00000000000000100180000001584001
00000000000000000000000000000000
0000000000000010000600000159C015
00000000000000000000000000000000
2000800A300000000000000000000000
00000000000000000000001000000000
00000000000000000000000000000000
00000000000000100001000001554041
00000000000000000000400000000000
000000000000001000010000015A0001
00000000000000000000000000000000
0000000000000010000100000159C015
00000000000000000000000000000000
2000000A300000000000000000000000
00000000000000000000001000000000
00000000000000000000000000000000
00000000000000100001000001554041
00000000000000000000400000000000
000000000000001000010000015A0101
00000000000000000000000000000000
0000000000000010000100000159C115
00000000000000000000000000000000
2000000A300000000000000000000000
00000000000000000000001000000000
00000000000000000000000000000000
00000000000000100001000001554041
00000000000000000000400000000000
000000000000001000010000015A0201
00000000000000000000000000000000
0000000000000010000100000159C215
00000000000000000000000000000000
2000000A300000000000000000000000
00000000000000000000001000000000
00000000000000000000000000000000
00000000000000100001000001554041
00000000000000000000400000000000
000000000000001000010000015A0301
00000000000000000000000000000000
0000000000000010000100000159C315
00000000000000000000000000000000
80000002200000000000000000000000
00000000000000100001040005132000
00000000000000000000000000000000
000000000000001000010000015AC601
00000000000000000000000000000000
1000000A600000020000000000000000
00000000000000101400000000A0C001
00000000000000000000000000000000
0000000A0000018014006793C0D0004C
00000000000000168000000000000000
00000000000000100018000002DD8005
00000000000000000000000000000000
0000000000000010000100000159C015
00000000000000000000000000000000
2000000A300000000000000000000000
00000000000000000000001000000000
00000000000000000000000000000000
00000000000000100001000001554041
00000000000000000000400000000000
000000000000001000010000015A0401
00000000000000000000000000000000
0000000000000010000100000159C415
00000000000000000000000000000000
2000000A300000000000000000000000
00000000000000000000001000000000
00000000000000000000000000000000
00000000000000100001000001554041
00000000000000000000400000000000
000000000000001000010000015A0501
00000000000000000000000000000000
0000000000000010000100000159C515
00000000000000000000000000000000
20000004300000000000000000000000
00000000000000000000024000000000
00000000000000000000000000000000
000000000000001000060000015A0001
00000000000000000000000000000000
000000000000001000010000015A4001
00000000000000000000000000000000
10000002600000010000000000000000
00000000000000101400000000A0C001
00000000000000000000000000000000
0000001400000180140068A1C0F00008
00000000000000000000000000000000
00000000000000100018000003C18005
00000000000000000000000000000000
10000002600000010000000000000000
00000000000000101400000000A0C001
00000000000000000000000000000000
0000001400000180140068A275000008
00000000000000000000000000000000
00000000000000100018000003CA8005
00000000000000000000000000000000
1000000A600000020000000000000000
00000000000000101400000000A0C001
00000000000000000000000000000000
0000000A000001801400681AC0E0004C
00000000000000168000000000000000
00000000000000100018000002E68005
00000000000000000000000000000000
0000000000000010000100000159C015
00000000000000000000000000000000
1000000A600000020000000000000000
00000000000000101400000000A0C001
00000000000000000000000000000000
0000000A0000018014006793C0D0004C
00000000000000168000000000000000
00000000000000100018000003038005
00000000000000000000000000000000
0000000000000010000100000159C115
00000000000000000000000000000000
1000000A600000020000000000000000
00000000000000101400000000A0C001
00000000000000000000000000000000
0000000A000001801400681AC0E0004C
00000000000000168000000000000000
000000000000001000180000030C8005
00000000000000000000000000000000
0000000000000010000100000159C115
00000000000000000000000000000000
1000000A600000020000000000000000
00000000000000101400000000A0C001
00000000000000000000000000000000
0000000A0000018014006793C0D0004C
00000000000000168000000000000000
00000000000000100018000003298005
00000000000000000000000000000000
0000000000000010000100000159C215
00000000000000000000000000000000
1000000A600000020000000000000000
00000000000000101400000000A0C001
00000000000000000000000000000000
0000000A000001801400681AC0E0004C
00000000000000168000000000000000
00000000000000100018000003328005
00000000000000000000000000000000
0000000000000010000100000159C215
00000000000000000000000000000000
20000002300000000000000000000000
0000078F394200000000001004000000
00000000000000000000000000000000
000000000000001000010000015A4001
00000000000000000000000000000000
000000000000001000010000015A8001
00000000000000000000000000000000
1000000A600000020000000000000000
00000000000000101400000000A0C001
00000000000000000000000000000000
0000000A0000018014006793C0D0004C
00000000000000168000000000000000
000000000000001000180000034F8005
00000000000000000000000000000000
0000000000000010000100000159C315
00000000000000000000000000000000
1000000A600000020000000000000000
00000000000000101400000000A0C001
00000000000000000000000000000000
0000000A000001801400681AC0E0004C
00000000000000168000000000000000
00000000000000100018000003588005
00000000000000000000000000000000
0000000000000010000100000159C315
00000000000000000000000000000000
1000000A600000020000000000000000
00000000000000101400000000A0C001
00000000000000000000000000000000
0000000A0000018014006793C0D0004C
00000000000000168000000000000000
00000000000000100018000003758005
00000000000000000000000000000000
0000000000000010000100000159C415
00000000000000000000000000000000
1000000A600000020000000000000000
00000000000000101400000000A0C001
00000000000000000000000000000000
0000000A000001801400681AC0E0004C
00000000000000168000000000000000
000000000000001000180000037E8005
00000000000000000000000000000000
0000000000000010000100000159C415
00000000000000000000000000000000
1000000A600000020000000000000000
00000000000000101400000000A0C001
00000000000000000000000000000000
0000000A0000018014006793C0D0004C
00000000000000168000000000000000
000000000000001000180000039B8005
00000000000000000000000000000000
0000000000000010000100000159C515
00000000000000000000000000000000
20004002700000000000000000000000
00000FF00000000000000010C0040000
00000000000000000000000000000000
000000000000001000060000015A0001
00000000000000000000000000000000
000000000000001000060000015A8021
00000000000000000000000000000000
000000000000001000060000015AC001
00000000000000000000000000000000
1000000A600000020000000000000000
00000000000000101400000000A0C001
00000000000000000000000000000000
0000000A000001801400681AC0E0004C
00000000000000168000000000000000
00000000000000100018000003A48005
00000000000000000000000000000000
0000000000000010000100000159C515
00000000000000000000000000000000
20000082F00000000000000000000000
00000000000000000000001A6800C000
00000000000000000000000000001048
00000026000000700018000002DD8001
00000000000000000000000000000000
000000000100007000180000015AC021
00000000000000000000000000000000
00000026000000700018000002E68001
00000000000000000000000000000000
000000090000007000180000015B0001
00000000000000000000000000000000
60400102200000000000000000000000
000000000000001009000000016D0001
00000000000000000000000000000000
000000000000001009000000016D0001
00000000000000000000000000000000
60400002200000000000000000000000
00000000000000100900000001640001
00000000000000000000000000000000
00000000000000100900000001640001
00000000000000000000000000000000
A0000002600000000000000000000000
00000000000000105000000000000001
00000000000000000000000000000000
00000000000000100001679384A00004
00000000000000000000000000000000
00000000000000100018000000A08001
00000000000000000000000000000000
60400002200000000000000000000000
000000000000001009000000015B0001
00000000000000000000000000000000
000000000000001009000000015B0001
00000000000000000000000000000000
1000100A600000020000000000000000
000000000000001009000000015B0001
00000000000000000000000000000000
0000000480000350090068A32910004C
00000000000000168000000000000000
00000000000000100035000002EF8005
00000000000000000000000000000000
0000000000000010000100000159C015
00000000000000000000000000000000
1000000A600000020000000000000000
000000000000001009000000016D0001
00000000000000000000000000000000
0000000480000350090068A32910004C
00000000000000168000000000000000
000000000000001000350000033B8005
00000000000000000000000000000000
0000000000000010000100000159C215
00000000000000000000000000000000
60400002200000000000000000000000
00000000000000100900000001760001
00000000000000000000000000000000
00000000000000100900000001760001
00000000000000000000000000000000
1000000A600000020000000000000000
00000000000000100900000001640001
00000000000000000000000000000000
0000000480000350090068A32910004C
00000000000000168000000000000000
00000000000000100035000003158005
00000000000000000000000000000000
0000000000000010000100000159C115
00000000000000000000000000000000
60400002200000000000000000000000
000000000000001009000000017F0001
00000000000000000000000000000000
000000000000001009000000017F0001
00000000000000000000000000000000
20000082B00000000000000000000000
00000000000000000000001084000000
00000000000000000000000000000000
00000000000000100035000002EF8001
00000000000000000000000000000000
00000000000000100035000003158001
00000000000000000000000000000000
000000000000001000350000019A0001
00000000000000000000000000000000
60400002200000000000000000000000
00000000000000100900000001880001
00000000000000000000000000000000
00000000000000100900000001880001
00000000000000000000000000000000
1000100A600000020000000000000000
00000000000000100900000001880001
00000000000000000000000000000000
0000000480000350090068A32910004C
00000000000000168000000000000000
00000000000000100035000003AD8005
00000000000000000000000000000000
0000000000000010000100000159C515
00000000000000000000000000000000
60400002200000000000000000000000
00000000000000100900000001910001
00000000000000000000000000000000
00000000000000100900000001910001
00000000000000000000000000000000
1000000A600000020000000000000000
00000000000000100900000001760001
00000000000000000000000000000000
0000000480000350090068A32910004C
00000000000000168000000000000000
00000000000000100035000003618005
00000000000000000000000000000000
0000000000000010000100000159C315
00000000000000000000000000000000
20000083B00000000000000000000000
00000000000000000000001085000000
00000000000000000000000000000000
000000000000001000350000019A0001
00000000000000000000000000000000
00000000000000100035000003618001
00000000000000000000000000000000
000000000000001000350000033B8001
00000000000000000000000000000000
000000000000001000350000019A0001
00000000000000000000000000000000
1000000A600000020000000000000000
000000000000001009000000017F0001
00000000000000000000000000000000
0000000480000350090068A32910004C
00000000000000168000000000000000
00000000000000100035000003878005
00000000000000000000000000000000
0000000000000010000100000159C415
00000000000000000000000000000000
20000083B00000000000000000000000
00000000000000000000001085000000
00000000000000000000000000000000
000000000000001000350000019A0001
00000000000000000000000000000000
00000000000000100035000003AD8001
00000000000000000000000000000000
00000000000000100035000003878001
00000000000000000000000000000000
000000000000001000350000019A0001
00000000000000000000000000000000
10001002600000010000000000000000
00000000000000100900000001910001
00000000000000000000000000000000
00000009000003500900692A29200008
00000000000000000000000000000000
00000000000000100035000003D38005
00000000000000000000000000000000
20000082B00000000000000000000000
00000000000000000000001802000000
00000000000000000000000000000000
000000000000001000350000019A0001
00000000000000000000000000000000
00000000000000100035000003D38001
00000000000000000000000000000000
000000000000001000350000019A0001
00000000000000000000000000000000
60400102200000000000000000000000
000000000000001014000000019A0001
00000000000000000000000000000000
000000000000001014000000019A0001
00000000000000000000000000000000
20000002300000000000000000000000
00000000000000000000001000000000
00000000000000000000000000000000
00000000000000105000000000000001
00000000000000000000000000000000
00000000000000105000000000500001
00000000000000000000000000000000
80800000000000000000000000000000
20010002300000000000000000000000
00000000000000000000001000000000
00000000000000000000000000000000
00000000000000100004000000A08001
00000000000000000000000000000000
00000000000000100004000000A00001
00000000000000000000000000000000
40801102E00000000000000000000000
000000000000001014000000019A0001
00000000000000000000000000000000
00000000000000105000000000500001
00000000000000000000000000000000
00000000000000100014000000A08401
00000000000000000000000000000000
00000000000000105000000000000001
00000000000000000000000000000000
00FFFF80200000000000000000000000
00000000000000000001000003FFF015
00000000000000000000000000000000
40000002E00000001E3CE50800000000
00000000000000105000000000000001
00000000000000000000000000000000
00000000000000101400040000000000
00000000000000000000000000000000
00000000000000100004000000A00001
00000000000000000000000000000000
00000000000000101400000000A0C005
00000000000000000000000000000000
10000402600000010000000000000000
00000000000000101400000000A0C001
00000000000000000000000000000000
00000014000000501400692B41600008
00000000000000000000000000000000
00000000000000100005000000B9C005
00000000000000000000000000000000
10000002600000010000000000000000
00000000000000101400000000A0C001
00000000000000000000000000000000
00000014000000D01400692ADD500008
00000000000000000000000000000000
0000000000000010000D000000B4C005
00000000000000000000000000000000
60400082200000000000000000000000
00000000000000100500000000B4C001
00000000000000000000000000000000
00000000000000100500000000B4C001
00000000000000000000000000000000
20001004300000000000000000000000
00000000000000000000214000000000
00000000000000000000000000000000
00000000A000008000A0000000B4C001
00000000000000000000000000000000
00000000000000100001000000C2C001
00000000000000000000000000000000
80000002200000000000000000000000
00000000000000100500040000A00000
00000000000000000000000000000000
00000000000000100500000000BBC001
00000000000000000000000000000000
60400002200000000000000000000000
00000000000000100200000000B9C001
00000000000000000000000000000000
00000000000000100200000000B9C001
00000000000000000000000000000000
80000002200000000000000000000000
00000000000000100200040000B40000
00000000000000000000000000000000
00000000000000100200000000C0C001
00000000000000000000000000000000
20000002300000000000000000000000
0000078F394211280000001014050000
00000000000000000000000000000000
00000000000000100001000000C2C001
00000000000000000000000000000000
00000000000000100001000000C30001
00000000000000000000000000000000
80000002200000000000000000000000
00000000000000100040040000BC0000
00000000000000000000000000000000
00000000000000100040000000D04001
00000000000000000000000000000000
20004002F00000000000000000000000
00000000000000000000001840010000
00000000000000000000000000000000
00000000000000100500000000B4C001
00000000000000000000000000000000
00000000000000100500000000C30021
00000000000000000000000000000000
00000000000000100500000000BBC001
00000000000000000000000000000000
00000000000000100500000000C34001
00000000000000000000000000000000
10000102600000010000000000000000
00000000000000100500000000C34001
00000000000000000000000000000000
00000005000020000500692B69700008
00000000000000000000000000000000
00000000000000100200000000D08005
00000000000000000000000000000000
20001004300000000000000000000000
00000000000000000000214000000000
00000000000000000000000000000000
00000000400000800040000000B9C001
00000000000000000000000000000000
00000000000000100001000000C2C001
00000000000000000000000000000000
20000002300000000000000000000000
0000078F394211000000001014050000
00000000000000000000000000000000
00000000000000100001000000C2C001
00000000000000000000000000000000
00000000000000100001000000C30001
00000000000000000000000000000000
20000002F00000000000000000000000
00000000000000000000001840010000
00000000000000000000000000000000
00000000000000100200000000B9C001
00000000000000000000000000000000
00000000000000100200000000C30021
00000000000000000000000000000000
00000000000000100200000000C0C001
00000000000000000000000000000000
00000000000000100200000000CA4001
00000000000000000000000000000000
20000003700000000000000000000000
00000000000000000000001801610240
00000000000000000000000000000000
00000000000000100040000000CC0001
00000000000000000000000000000000
00000000000000100040000000D04001
00000000000000000000000000000000
00000000000000100040000000D06001
00000000000000000000000000000000
00000000000000100040000000CC0001
00000000000000000000000000000000
41000102200000000000000000000000
00000000000000100200000000CA4001
00000000000000000000000000000000
00000000000000100200000000CC4001
00000000000000000000000000000000
80C00402200000000000000000000000
00000000000000100200000000CC4001
00000000000000000000000000000000
00000008000008000200040000C32000
00000000000000000000000000000000
20000083700000000000000000000000
00000000000000000000001801610240
00000000000000000000000000000000
00000000000000100040000000D24001
00000000000000000000000000000000
00000000000000100040000000D04001
00000000000000000000000000000000
00000000000000100040000000D06001
00000000000000000000000000000000
00000000000000100040000000D24001
00000000000000000000000000000000
50004102E00001710000000000000000
00000000000000100200000000D08001
00000000000000000000000000000000
00000008000008000080040000C32000
00000000000000000000000000000000
00000008000000100200080030000000
00000000000000000000000000000000
00000000000000100280000000D28001
00000000000000000000000000000000
20000804300000000000000000000000
0000000000000F4D413CC28000030000
00000000000000000000000000000000
00000000000000100280000000D28001
00000000000000000000000000000000
00000000000000100001000000D50001
00000000000000000000000000000000
20000006700000000000000000000000
0000000000000F4D413CC2500B030000
00000000000000000000000000000000
00000000000000100280000000D28001
00000000000000000000000000000000
00000000000000100280000000D50021
00000000000000000000000000000000
00000000000000100280000000D54001
00000000000000000000000000000000
00000000000000100001000000D7C001
00000000000000000000000000000000
80000002200000000000000000000000
00000000000000100001040000C30000
00000000000000000000000000000000
00000000000000100001000000DA8001
00000000000000000000000000000000
20000002300000000000000000000000
00000000000000000000001800000000
00000000000000000000000000000000
00000000000000100280000000D54001
00000000000000000000000000000000
00000000000000100280000000D80001
00000000000000000000000000000000
50400102E00001710000000000000000
00000000000000100280000000D80001
00000000000000000000000000000000
00000008000008000080040000C32000
00000000000000000000000000000000
00000008000000100200080030000000
00000000000000000000000000000000
00000000000000100200000000DB4001
00000000000000000000000000000000
20004002F00000000000000000000000
0000000000000000000000108B000000
00000000000000000000000000000000
00000000000000100001000000DA8001
00000000000000000000000000000000
00000000000000100001000000D50001
00000000000000000000000000000000
00000000000000100001000000D7C001
00000000000000000000000000000000
00000000000000100001000000DB0001
00000000000000000000000000000000
20000802700000000000000000000000
00000000000000000000001800040000
00000000000000000000000000000000
00000000000000100200000000DB4001
00000000000000000000000000000000
00000000000000100200000000DB0021
00000000000000000000000000000000
00000000000000100200000000DF4001
00000000000000000000000000000000
20000003700000000000000000000000
00000000000000000000001801810240
00000000000000000000000000000000
00000000000000100040000000E10001
00000000000000000000000000000000
00000000000000100040000000D04001
00000000000000000000000000000000
00000000000000100040000000D06001
00000000000000000000000000000000
00000000000000100040000000E10001
00000000000000000000000000000000
10000102600000000000000000000000
00000000000000100200000000DF4001
00000000000000000000000000000000
00000020000040000200692DE9800004
00000000000000000000000000000000
00000000000000100400000000E14001
00000000000000000000000000000000
61000082200000080000000000000000
00000000000000100400000000E14001
00000000000000000000000000000000
00000000000000103000000001114005
00000000000000000000000000000000
A0000002600000000000000000000000
00000000000000105000000000000001
00000000000000000000000000000000
00000000000000100001692ADD300004
00000000000000000000000000000000
00000000000000100018000000A04001
00000000000000000000000000000000
20000002300000000000000000000000
00000000000000000000001000000000
00000000000000000000000000000000
00000000000000105000000000000001
00000000000000000000000000000000
00000000000000105000000000500001
00000000000000000000000000000000
10001002600000010000000000000000
00000000000000102000000001114001
00000000000000000000000000000000
000000200000035020006931E9900008
00000000000000000000000000000000
00000000000000100035000001414005
00000000000000000000000000000000
60400082200000000000000000000000
00000000000000101400000001414001
00000000000000000000000000000000
00000000000000101400000001414001
00000000000000000000000000000000
40811102E00000000000000000000000
00000000000000101400000001414001
00000000000000000000000000000000
00000000000000105000000000500001
00000000000000000000000000000000
00000000000000100014000000A04401
00000000000000000000000000000000
00000000000000105000000000000001
00000000000000000000000000000000
40000002E00000001E3CE50800000000
00000000000000105000000000000001
00000000000000000000000000000000
00000000000000101400040000500000
00000000000000000000000000000000
00000000000000100004000000A04001
00000000000000000000000000000000
00000000000000101400000000A0C005
00000000000000000000000000000000
10000402600000000000000000000000
00000000000000101400000000A0C001
00000000000000000000000000000000
00000028000000401400693469C00004
00000000000000000000000000000000
00000000000000100004000001554001
00000000000000000000000000000000
20000082300000000000000000000000
00000000000000000000001030000000
00000000000000000000000000000000
00000000000000100004000001554001
00000000000000000000000000000000
00000000000000100004000001554001
00000000000000000000000000000000
60400102200000000000000000000000
00000000000000100180000001554001
00000000000000000000000000000000
00000000000000100180000001554001
00000000000000000000000000000000
80000002200000000000000000000000
00000000000000100180040000BD0000
00000000000000000000000000000000
0000000000000010018000000156C001
00000000000000000000000000000000
20005002B00000000000000000000000
00000000000000000000001002000000
00000000000000000000000000000000
00000000000000100180000001554001
00000000000000000000000000000000
0000000000000010018000000156C001
00000000000000000000000000000000
00000000000000100180000001584001
00000000000000000000000000000000
90800102200010060000000000000000
00000000000000100180000001584001
00000000000000000000000000000000
0000000000000010000600000159C015
00000000000000000000000000000000
2000800A300000000000000000000000
00000000000000000000001000000000
00000000000000000000000000000000
00000000000000100001000001554041
00000000000000000000400000000000
000000000000001000010000015A0001
00000000000000000000000000000000
0000000000000010000100000159C015
00000000000000000000000000000000
2000000A300000000000000000000000
00000000000000000000001000000000
00000000000000000000000000000000
00000000000000100001000001554041
00000000000000000000400000000000
000000000000001000010000015A0101
00000000000000000000000000000000
0000000000000010000100000159C115
00000000000000000000000000000000
2000000A300000000000000000000000
00000000000000000000001000000000
00000000000000000000000000000000
00000000000000100001000001554041
00000000000000000000400000000000
000000000000001000010000015A0201
00000000000000000000000000000000
0000000000000010000100000159C215
00000000000000000000000000000000
2000000A300000000000000000000000
00000000000000000000001000000000
00000000000000000000000000000000
00000000000000100001000001554041
00000000000000000000400000000000
000000000000001000010000015A0301
00000000000000000000000000000000
0000000000000010000100000159C315
00000000000000000000000000000000
80000002200000000000000000000000
00000000000000100001040005132000
00000000000000000000000000000000
000000000000001000010000015AC601
00000000000000000000000000000000
1000000A600000020000000000000000
00000000000000101400000000A0C001
00000000000000000000000000000000
0000000A0000018014006934A5D0004C
00000000000000168000000000000000
00000000000000100018000002DD8005
00000000000000000000000000000000
0000000000000010000100000159C015
00000000000000000000000000000000
2000000A300000000000000000000000
00000000000000000000001000000000
00000000000000000000000000000000
00000000000000100001000001554041
00000000000000000000400000000000
000000000000001000010000015A0401
00000000000000000000000000000000
0000000000000010000100000159C415
00000000000000000000000000000000
2000000A300000000000000000000000
00000000000000000000001000000000
00000000000000000000000000000000
00000000000000100001000001554041
00000000000000000000400000000000
000000000000001000010000015A0501
00000000000000000000000000000000
0000000000000010000100000159C515
00000000000000000000000000000000
20000004300000000000000000000000
00000000000000000000024000000000
00000000000000000000000000000000
000000000000001000060000015A0001
00000000000000000000000000000000
000000000000001000010000015A4001
00000000000000000000000000000000
10000002600000010000000000000000
00000000000000101400000000A0C001
00000000000000000000000000000000
000000140000018014006A42A5F00008
00000000000000000000000000000000
00000000000000100018000003C18005
00000000000000000000000000000000
10000002600000010000000000000000
00000000000000101400000000A0C001
00000000000000000000000000000000
000000140000018014006A435A000008
00000000000000000000000000000000
00000000000000100018000003CA8005
00000000000000000000000000000000
1000000A600000020000000000000000
00000000000000101400000000A0C001
00000000000000000000000000000000
0000000A00000180140069BBA5E0004C
00000000000000168000000000000000
00000000000000100018000002E68005
00000000000000000000000000000000
0000000000000010000100000159C015
00000000000000000000000000000000
1000000A600000020000000000000000
00000000000000101400000000A0C001
00000000000000000000000000000000
0000000A0000018014006934A5D0004C
00000000000000168000000000000000
00000000000000100018000003038005
00000000000000000000000000000000
0000000000000010000100000159C115
00000000000000000000000000000000
1000000A600000020000000000000000
00000000000000101400000000A0C001
00000000000000000000000000000000
0000000A00000180140069BBA5E0004C
00000000000000168000000000000000
000000000000001000180000030C8005
00000000000000000000000000000000
0000000000000010000100000159C115
00000000000000000000000000000000
1000000A600000020000000000000000
00000000000000101400000000A0C001
00000000000000000000000000000000
0000000A0000018014006934A5D0004C
00000000000000168000000000000000
00000000000000100018000003298005
00000000000000000000000000000000
0000000000000010000100000159C215
00000000000000000000000000000000
1000000A600000020000000000000000
00000000000000101400000000A0C001
00000000000000000000000000000000
0000000A00000180140069BBA5E0004C
00000000000000168000000000000000
00000000000000100018000003328005
00000000000000000000000000000000
0000000000000010000100000159C215
00000000000000000000000000000000
20000002300000000000000000000000
0000078F394200000000001004000000
00000000000000000000000000000000
000000000000001000010000015A4001
00000000000000000000000000000000
000000000000001000010000015A8001
00000000000000000000000000000000
1000000A600000020000000000000000
00000000000000101400000000A0C001
00000000000000000000000000000000
0000000A0000018014006934A5D0004C
00000000000000168000000000000000
000000000000001000180000034F8005
00000000000000000000000000000000
0000000000000010000100000159C315
00000000000000000000000000000000
1000000A600000020000000000000000
00000000000000101400000000A0C001
00000000000000000000000000000000
0000000A00000180140069BBA5E0004C
00000000000000168000000000000000
00000000000000100018000003588005
00000000000000000000000000000000
0000000000000010000100000159C315
00000000000000000000000000000000
1000000A600000020000000000000000
00000000000000101400000000A0C001
00000000000000000000000000000000
0000000A0000018014006934A5D0004C
00000000000000168000000000000000
00000000000000100018000003758005
00000000000000000000000000000000
0000000000000010000100000159C415
00000000000000000000000000000000
1000000A600000020000000000000000
00000000000000101400000000A0C001
00000000000000000000000000000000
0000000A00000180140069BBA5E0004C
00000000000000168000000000000000
000000000000001000180000037E8005
00000000000000000000000000000000
0000000000000010000100000159C415
00000000000000000000000000000000
1000000A600000020000000000000000
00000000000000101400000000A0C001
00000000000000000000000000000000
0000000A0000018014006934A5D0004C
00000000000000168000000000000000
000000000000001000180000039B8005
00000000000000000000000000000000
0000000000000010000100000159C515
00000000000000000000000000000000
20004002700000000000000000000000
00000FF00000000000000010C0040000
00000000000000000000000000000000
000000000000001000060000015A0001
00000000000000000000000000000000
000000000000001000060000015A8021
00000000000000000000000000000000
000000000000001000060000015AC001
00000000000000000000000000000000
1000000A600000020000000000000000
00000000000000101400000000A0C001
00000000000000000000000000000000
0000000A00000180140069BBA5E0004C
00000000000000168000000000000000
00000000000000100018000003A48005
00000000000000000000000000000000
0000000000000010000100000159C515
00000000000000000000000000000000
20000082F00000000000000000000000
00000000000000000000001A6800C000
00000000000000000000000000001048
00000026000000700018000002DD8001
00000000000000000000000000000000
000000000100007000180000015AC021
00000000000000000000000000000000
00000026000000700018000002E68001
00000000000000000000000000000000
000000090000007000180000015B0001
00000000000000000000000000000000
60400102200000000000000000000000
000000000000001009000000016D0001
00000000000000000000000000000000
000000000000001009000000016D0001
00000000000000000000000000000000
60400002200000000000000000000000
00000000000000100900000001640001
00000000000000000000000000000000
00000000000000100900000001640001
00000000000000000000000000000000
A0000002600000000000000000000000
00000000000000105000000000000001
00000000000000000000000000000000
00000000000000100001693469A00004
00000000000000000000000000000000
00000000000000100018000000A08001
00000000000000000000000000000000
60400002200000000000000000000000
000000000000001009000000015B0001
00000000000000000000000000000000
000000000000001009000000015B0001
00000000000000000000000000000000
1000100A600000020000000000000000
000000000000001009000000015B0001
00000000000000000000000000000000
000000048000035009006A440E10004C
00000000000000168000000000000000
00000000000000100035000002EF8005
00000000000000000000000000000000
0000000000000010000100000159C015
00000000000000000000000000000000
1000000A600000020000000000000000
000000000000001009000000016D0001
00000000000000000000000000000000
000000048000035009006A440E10004C
00000000000000168000000000000000
000000000000001000350000033B8005
00000000000000000000000000000000
0000000000000010000100000159C215
00000000000000000000000000000000
60400002200000000000000000000000
00000000000000100900000001760001
00000000000000000000000000000000
00000000000000100900000001760001
00000000000000000000000000000000
1000000A600000020000000000000000
00000000000000100900000001640001
00000000000000000000000000000000
000000048000035009006A440E10004C
00000000000000168000000000000000
00000000000000100035000003158005
00000000000000000000000000000000
0000000000000010000100000159C115
00000000000000000000000000000000
60400002200000000000000000000000
000000000000001009000000017F0001
00000000000000000000000000000000
000000000000001009000000017F0001
00000000000000000000000000000000
20000082B00000000000000000000000
00000000000000000000001084000000
00000000000000000000000000000000
00000000000000100035000002EF8001
00000000000000000000000000000000
00000000000000100035000003158001
00000000000000000000000000000000
000000000000001000350000019A0001
00000000000000000000000000000000
60400002200000000000000000000000
00000000000000100900000001880001
00000000000000000000000000000000
00000000000000100900000001880001
00000000000000000000000000000000
1000100A600000020000000000000000
00000000000000100900000001880001
00000000000000000000000000000000
000000048000035009006A440E10004C
00000000000000168000000000000000
00000000000000100035000003AD8005
00000000000000000000000000000000
0000000000000010000100000159C515
00000000000000000000000000000000
60400002200000000000000000000000
00000000000000100900000001910001
00000000000000000000000000000000
00000000000000100900000001910001
00000000000000000000000000000000
1000000A600000020000000000000000
00000000000000100900000001760001
00000000000000000000000000000000
000000048000035009006A440E10004C
00000000000000168000000000000000
00000000000000100035000003618005
00000000000000000000000000000000
0000000000000010000100000159C315
00000000000000000000000000000000
20000083B00000000000000000000000
00000000000000000000001085000000
00000000000000000000000000000000
000000000000001000350000019A0001
00000000000000000000000000000000
00000000000000100035000003618001
00000000000000000000000000000000
000000000000001000350000033B8001
00000000000000000000000000000000
000000000000001000350000019A0001
00000000000000000000000000000000
1000000A600000020000000000000000
000000000000001009000000017F0001
00000000000000000000000000000000
000000048000035009006A440E10004C
00000000000000168000000000000000
00000000000000100035000003878005
00000000000000000000000000000000
0000000000000010000100000159C415
00000000000000000000000000000000
20000083B00000000000000000000000
00000000000000000000001085000000
00000000000000000000000000000000
000000000000001000350000019A0001
00000000000000000000000000000000
00000000000000100035000003AD8001
00000000000000000000000000000000
00000000000000100035000003878001
00000000000000000000000000000000
000000000000001000350000019A0001
00000000000000000000000000000000
10001002600000010000000000000000
00000000000000100900000001910001
00000000000000000000000000000000
000000090000035009006ACB0E200008
00000000000000000000000000000000
00000000000000100035000003D38005
00000000000000000000000000000000
20000082B00000000000000000000000
00000000000000000000001802000000
00000000000000000000000000000000
000000000000001000350000019A0001
00000000000000000000000000000000
00000000000000100035000003D38001
00000000000000000000000000000000
000000000000001000350000019A0001
00000000000000000000000000000000
60400102200000000000000000000000
000000000000001014000000019A0001
00000000000000000000000000000000
000000000000001014000000019A0001
00000000000000000000000000000000
20000002300000000000000000000000
00000000000000000000001000000000
00000000000000000000000000000000
00000000000000105000000000000001
00000000000000000000000000000000
00000000000000105000000000500001
00000000000000000000000000000000
80800000000000000000000000000000
20010002300000000000000000000000
00000000000000000000001000000000
00000000000000000000000000000000
00000000000000100004000000A08001
00000000000000000000000000000000
00000000000000100004000000A00001
00000000000000000000000000000000
40801102E00000000000000000000000
000000000000001014000000019A0001
00000000000000000000000000000000
00000000000000105000000000500001
00000000000000000000000000000000
00000000000000100014000000A08401
00000000000000000000000000000000
00000000000000105000000000000001
00000000000000000000000000000000
00FFFF80200000000000000000000000
00000000000000000001000003FFF015
00000000000000000000000000000000
40000002E00000001E3CE50800000000
00000000000000105000000000000001
00000000000000000000000000000000
00000000000000101400040000000000
00000000000000000000000000000000
00000000000000100004000000A00001
00000000000000000000000000000000
00000000000000101400000000A0C005
00000000000000000000000000000000
80000002200000000000000000000000
00000000000000100500040000A00000
00000000000000000000000000000000
00000000000000100500000000BBC001
00000000000000000000000000000000
10000402600000010000000000000000
00000000000000101400000000A0C001
00000000000000000000000000000000
00000014000000D014006ACBC2500008
00000000000000000000000000000000
0000000000000010000D000000B4C005
00000000000000000000000000000000
60400082200000000000000000000000
00000000000000100500000000B4C001
00000000000000000000000000000000
00000000000000100500000000B4C001
00000000000000000000000000000000
00000000000000000000000000000000
20001004300000000000000000000000
00000000000000000000214000000000
00000000000000000000000000000000
00000000A000008000A0000000B4C001
00000000000000000000000000000000
00000000000000100001000000C2C001
00000000000000000000000000000000
20000002300000000000000000000000
0000078F394211280000001014050000
00000000000000000000000000000000
00000000000000100001000000C2C001
00000000000000000000000000000000
00000000000000100001000000C30001
00000000000000000000000000000000
60400002200000000000000000000000
00000000000000100020000002990001
00000000000000000000000000000000
00000000000000100020000002990001
00000000000000000000000000000000
20004002F00000000000000000000000
00000000000000000000001840010000
00000000000000000000000000000000
00000000000000100500000000B4C001
00000000000000000000000000000000
00000000000000100500000000C30021
00000000000000000000000000000000
00000000000000100500000000BBC001
00000000000000000000000000000000
00000000000000100500000000C34001
00000000000000000000000000000000
10000102600000010000000000000000
00000000000000100500000000C34001
00000000000000000000000000000000
00000005000002A005006ACED3900008
00000000000000000000000000000000
0000000000000010002A000002994005
00000000000000000000000000000000
60400082200000000000000000000000
00000000000000101000000002994001
00000000000000000000000000000000
00000000000000101000000002994001
00000000000000000000000000000000
90001000600000000000000000000018
00000000000000101000000002994001
00000000000000000000000000000000
00000000000000100020000002990001
00000000000000000000000000000000
90400000000000140010000000000018
90C00000000000030010000000000018
90800000000002000000000000000018
10000002600000010000000000000000
00000000000000101400000000A0C001
00000000000000000000000000000000
000000140000005014006ACC26600008
00000000000000000000000000000000
00000000000000100005000000B9C005
00000000000000000000000000000000
80000002200000000000000000000000
00000000000000100200040000B40000
00000000000000000000000000000000
00000000000000100200000000C0C001
00000000000000000000000000000000
80000002200000000000000000000000
00000000000000100040040000BC0000
00000000000000000000000000000000
00000000000000100040000000D04001
00000000000000000000000000000000
60400082200000000000000000000000
00000000000000100200000000B9C001
00000000000000000000000000000000
00000000000000100200000000B9C001
00000000000000000000000000000000
20001004300000000000000000000000
00000000000000000000214000000000
00000000000000000000000000000000
00000000400000800040000000B9C001
00000000000000000000000000000000
00000000000000100001000000C2C001
00000000000000000000000000000000
10000002600000010000000000000000
00000000000000100500000000C34001
00000000000000000000000000000000
000000050000200005006ACC53800008
00000000000000000000000000000000
00000000000000100200000000D08005
00000000000000000000000000000000
60808002000000000000020000000000
00000000000000100200000002A94015
00000000000000000000000000000000
20004083700000000000000000000000
00000000000000000000001801610240
00000000000000000000000000000000
00000000000000100040000000D24001
00000000000000000000000000000000
00000000000000100040000000D04001
00000000000000000000000000000000
00000000000000100040000000D06001
00000000000000000000000000000000
00000000000000100040000000D24001
00000000000000000000000000000000
80000002200000000000000000000000
00000000000000100001040000C30000
00000000000000000000000000000000
00000000000000100001000000DA8001
00000000000000000000000000000000
A0000002600000000000000000000000
00000000000000105000000000000001
00000000000000000000000000000000
000000000000001000016ACBC2300004
00000000000000000000000000000000
00000000000000100018000000A04001
00000000000000000000000000000000
20000002300000000000000000000000
00000000000000000000001000000000
00000000000000000000000000000000
00000000000000105000000000000001
00000000000000000000000000000000
00000000000000105000000000500001
00000000000000000000000000000000
80000002200000000000000000000000
00000000000000100180040000BD0000
00000000000000000000000000000000
0000000000000010018000000156C001
00000000000000000000000000000000
80000002200000000000000000000000
00000000000000100001040005132000
00000000000000000000000000000000
000000000000001000010000015AC601
00000000000000000000000000000000
6140000A200000080000020000000040
00000008000000100200020400800000
00000000000000000000000000000000
00000008000000100200080030000000
00000000000000000000000000000000
00000000000000100200000002A94015
00000000000000000000000000000000
20000002300000000000000000000000
0000078F394211000000001014050000
00000000000000000000000000000000
00000000000000100001000000C2C001
00000000000000000000000000000000
00000000000000100001000000C30001
00000000000000000000000000000000
20000002F00000000000000000000000
00000000000000000000001840010000
00000000000000000000000000000000
00000000000000100200000000B9C001
00000000000000000000000000000000
00000000000000100200000000C30021
00000000000000000000000000000000
00000000000000100200000000C0C001
00000000000000000000000000000000
00000000000000100200000000CA4001
00000000000000000000000000000000
20000003700000000000000000000000
00000000000000000000001801610240
00000000000000000000000000000000
00000000000000100040000000CC0001
00000000000000000000000000000000
00000000000000100040000000D04001
00000000000000000000000000000000
00000000000000100040000000D06001
00000000000000000000000000000000
00000000000000100040000000CC0001
00000000000000000000000000000000
41000102200000000000000000000000
00000000000000100200000000CA4001
00000000000000000000000000000000
00000000000000100200000000CC4001
00000000000000000000000000000000
80C00402200000000000000000000000
00000000000000100200000000CC4001
00000000000000000000000000000000
00000008000008000200040000C32000
00000000000000000000000000000000
50005002E00001710000000000000000
00000000000000100200000000D08001
00000000000000000000000000000000
00000008000008000080040000C32000
00000000000000000000000000000000
00000008000000100200080030000000
00000000000000000000000000000000
00000000000000100280000000D28001
00000000000000000000000000000000
20000804300000000000000000000000
0000000000000F4D413CC28000030000
00000000000000000000000000000000
00000000000000100280000000D28001
00000000000000000000000000000000
00000000000000100001000000D50001
00000000000000000000000000000000
20000006700000000000000000000000
0000000000000F4D413CC2500B030000
00000000000000000000000000000000
00000000000000100280000000D28001
00000000000000000000000000000000
00000000000000100280000000D50021
00000000000000000000000000000000
00000000000000100280000000D54001
00000000000000000000000000000000
00000000000000100001000000D7C001
00000000000000000000000000000000
20000002300000000000000000000000
00000000000000000000001800000000
00000000000000000000000000000000
00000000000000100280000000D54001
00000000000000000000000000000000
00000000000000100280000000D80001
00000000000000000000000000000000
50400102E00001710000000000000000
00000000000000100280000000D80001
00000000000000000000000000000000
00000008000008000080040000C32000
00000000000000000000000000000000
00000008000000100200080030000000
00000000000000000000000000000000
00000000000000100200000000DB4001
00000000000000000000000000000000
20000002F00000000000000000000000
0000000000000000000000108B000000
00000000000000000000000000000000
00000000000000100001000000DA8001
00000000000000000000000000000000
00000000000000100001000000D50001
00000000000000000000000000000000
00000000000000100001000000D7C001
00000000000000000000000000000000
00000000000000100001000000DB0001
00000000000000000000000000000000
20000802700000000000000000000000
00000000000000000000001800040000
00000000000000000000000000000000
00000000000000100200000000DB4001
00000000000000000000000000000000
00000000000000100200000000DB0021
00000000000000000000000000000000
00000000000000100200000000DF4001
00000000000000000000000000000000
20000003700000000000000000000000
00000000000000000000001801810240
00000000000000000000000000000000
00000000000000100040000000E10001
00000000000000000000000000000000
00000000000000100040000000D04001
00000000000000000000000000000000
00000000000000100040000000D06001
00000000000000000000000000000000
00000000000000100040000000E10001
00000000000000000000000000000000
10000102600000000000000000000000
00000000000000100200000000DF4001
00000000000000000000000000000000
000000200000400002006ACF23A00004
00000000000000000000000000000000
00000000000000100400000000E14001
00000000000000000000000000000000
61000082200000080000000000000000
00000000000000100400000000E14001
00000000000000000000000000000000
00000000000000103000000001114005
00000000000000000000000000000000
10001002600000010000000000000000
00000000000000102000000001114001
00000000000000000000000000000000
000000200000035020006AD323B00008
00000000000000000000000000000000
00000000000000100035000001414005
00000000000000000000000000000000
60400082200000000000000000000000
00000000000000101400000001414001
00000000000000000000000000000000
00000000000000101400000001414001
00000000000000000000000000000000
40811002E00000000000000000000000
00000000000000101400000001414001
00000000000000000000000000000000
00000000000000105000000000500001
00000000000000000000000000000000
00000000000000100014000000A04401
00000000000000000000000000000000
00000000000000105000000000000001
00000000000000000000000000000000
40000002E00000001E3CE50800000000
00000000000000105000000000000001
00000000000000000000000000000000
00000000000000101400040000500000
00000000000000000000000000000000
00000000000000100004000000A04001
00000000000000000000000000000000
00000000000000101400000000A0C005
00000000000000000000000000000000
10000402600000000000000000000000
00000000000000101400000000A0C001
00000000000000000000000000000000
000000280000004014006AD5A3E00004
00000000000000000000000000000000
00000000000000100004000001554001
00000000000000000000000000000000
20000082300000000000000000000000
00000000000000000000001030000000
00000000000000000000000000000000
00000000000000100004000001554001
00000000000000000000000000000000
00000000000000100004000001554001
00000000000000000000000000000000
10000002600000010000000000000000
00000000000000101400000000A0C001
00000000000000000000000000000000
000000140000018014006BE3E0100008
00000000000000000000000000000000
00000000000000100018000003C18005
00000000000000000000000000000000
60400102200000000000000000000000
00000000000000100180000001554001
00000000000000000000000000000000
00000000000000100180000001554001
00000000000000000000000000000000
10000002600000010000000000000000
00000000000000101400000000A0C001
00000000000000000000000000000000
000000140000018014006BE494200008
00000000000000000000000000000000
00000000000000100018000003CA8005
00000000000000000000000000000000
A0000002600000000000000000000000
00000000000000105000000000000001
00000000000000000000000000000000
000000000000001000016AD5A3C00004
00000000000000000000000000000000
00000000000000100018000000A08001
00000000000000000000000000000000
20000002300000000000000000000000
00000000000000000000001000000000
00000000000000000000000000000000
00000000000000105000000000000001
00000000000000000000000000000000
00000000000000105000000000500001
00000000000000000000000000000000
20001002B00000000000000000000000
00000000000000000000001002000000
00000000000000000000000000000000
00000000000000100180000001554001
00000000000000000000000000000000
0000000000000010018000000156C001
00000000000000000000000000000000
00000000000000100180000001584001
00000000000000000000000000000000
90800102200010060000000000000000
00000000000000100180000001584001
00000000000000000000000000000000
0000000000000010000600000159C015
00000000000000000000000000000000
2000800A300000000000000000000000
00000000000000000000001000000000
00000000000000000000000000000000
00000000000000100001000001554041
00000000000000000000400000000000
000000000000001000010000015A0001
00000000000000000000000000000000
0000000000000010000100000159C015
00000000000000000000000000000000
2000000A300000000000000000000000
00000000000000000000001000000000
00000000000000000000000000000000
00000000000000100001000001554041
00000000000000000000400000000000
000000000000001000010000015A0101
00000000000000000000000000000000
0000000000000010000100000159C115
00000000000000000000000000000000
1000000A600000020000000000000000
00000000000000101400000000A0C001
00000000000000000000000000000000
0000000A0000018014006AD5DFF0004C
00000000000000168000000000000000
00000000000000100018000002DD8005
00000000000000000000000000000000
0000000000000010000100000159C015
00000000000000000000000000000000
2000000A300000000000000000000000
00000000000000000000001000000000
00000000000000000000000000000000
00000000000000100001000001554041
00000000000000000000400000000000
000000000000001000010000015A0201
00000000000000000000000000000000
0000000000000010000100000159C215
00000000000000000000000000000000
2000000A300000000000000000000000
00000000000000000000001000000000
00000000000000000000000000000000
00000000000000100001000001554041
00000000000000000000400000000000
000000000000001000010000015A0301
00000000000000000000000000000000
0000000000000010000100000159C315
00000000000000000000000000000000
1000000A600000020000000000000000
00000000000000101400000000A0C001
00000000000000000000000000000000
0000000A0000018014006B5CE000004C
00000000000000168000000000000000
00000000000000100018000002E68005
00000000000000000000000000000000
0000000000000010000100000159C015
00000000000000000000000000000000
2000000A300000000000000000000000
00000000000000000000001000000000
00000000000000000000000000000000
00000000000000100001000001554041
00000000000000000000400000000000
000000000000001000010000015A0401
00000000000000000000000000000000
0000000000000010000100000159C415
00000000000000000000000000000000
1000000A600000020000000000000000
00000000000000101400000000A0C001
00000000000000000000000000000000
0000000A0000018014006AD5DFF0004C
00000000000000168000000000000000
00000000000000100018000003038005
00000000000000000000000000000000
0000000000000010000100000159C115
00000000000000000000000000000000
1000000A600000020000000000000000
00000000000000101400000000A0C001
00000000000000000000000000000000
0000000A0000018014006B5CE000004C
00000000000000168000000000000000
000000000000001000180000030C8005
00000000000000000000000000000000
0000000000000010000100000159C115
00000000000000000000000000000000
1000000A600000020000000000000000
00000000000000101400000000A0C001
00000000000000000000000000000000
0000000A0000018014006AD5DFF0004C
00000000000000168000000000000000
00000000000000100018000003298005
00000000000000000000000000000000
0000000000000010000100000159C215
00000000000000000000000000000000
2000000A300000000000000000000000
00000000000000000000001000000000
00000000000000000000000000000000
00000000000000100001000001554041
00000000000000000000400000000000
000000000000001000010000015A0501
00000000000000000000000000000000
0000000000000010000100000159C515
00000000000000000000000000000000
1000000A600000020000000000000000
00000000000000101400000000A0C001
00000000000000000000000000000000
0000000A0000018014006B5CE000004C
00000000000000168000000000000000
00000000000000100018000003328005
00000000000000000000000000000000
0000000000000010000100000159C215
00000000000000000000000000000000
1000000A600000020000000000000000
00000000000000101400000000A0C001
00000000000000000000000000000000
0000000A0000018014006AD5DFF0004C
00000000000000168000000000000000
000000000000001000180000034F8005
00000000000000000000000000000000
0000000000000010000100000159C315
00000000000000000000000000000000
1000000A600000020000000000000000
00000000000000101400000000A0C001
00000000000000000000000000000000
0000000A0000018014006B5CE000004C
00000000000000168000000000000000
00000000000000100018000003588005
00000000000000000000000000000000
0000000000000010000100000159C315
00000000000000000000000000000000
20000004300000000000000000000000
00000000000000000000024000000000
00000000000000000000000000000000
000000000000001000060000015A0001
00000000000000000000000000000000
000000000000001000010000015A4001
00000000000000000000000000000000
1000000A600000020000000000000000
00000000000000101400000000A0C001
00000000000000000000000000000000
0000000A0000018014006AD5DFF0004C
00000000000000168000000000000000
00000000000000100018000003758005
00000000000000000000000000000000
0000000000000010000100000159C415
00000000000000000000000000000000
1000000A600000020000000000000000
00000000000000101400000000A0C001
00000000000000000000000000000000
0000000A0000018014006B5CE000004C
00000000000000168000000000000000
000000000000001000180000037E8005
00000000000000000000000000000000
0000000000000010000100000159C415
00000000000000000000000000000000
1000000A600000020000000000000000
00000000000000101400000000A0C001
00000000000000000000000000000000
0000000A0000018014006AD5DFF0004C
00000000000000168000000000000000
000000000000001000180000039B8005
00000000000000000000000000000000
0000000000000010000100000159C515
00000000000000000000000000000000
1000000A600000020000000000000000
00000000000000101400000000A0C001
00000000000000000000000000000000
0000000A0000018014006B5CE000004C
00000000000000168000000000000000
00000000000000100018000003A48005
00000000000000000000000000000000
0000000000000010000100000159C515
00000000000000000000000000000000
20000002300000000000000000000000
0000078F394200000000001004000000
00000000000000000000000000000000
000000000000001000010000015A4001
00000000000000000000000000000000
000000000000001000010000015A8001
00000000000000000000000000000000
20000002700000000000000000000000
00000FF00000000000000010C0040000
00000000000000000000000000000000
000000000000001000060000015A0001
00000000000000000000000000000000
000000000000001000060000015A8021
00000000000000000000000000000000
000000000000001000060000015AC001
00000000000000000000000000000000
20000082F00000000000000000000000
00000000000000000000001A6800C000
00000000000000000000000000001048
00000026000000700018000002DD8001
00000000000000000000000000000000
000000000100007000180000015AC021
00000000000000000000000000000000
00000026000000700018000002E68001
00000000000000000000000000000000
000000090000007000180000015B0001
00000000000000000000000000000000
80800000000000000000000000000000
60400102200000000000000000000000
000000000000001009000000015B0001
00000000000000000000000000000000
000000000000001009000000015B0001
00000000000000000000000000000000
1000100A600000020000000000000000
000000000000001009000000015B0001
00000000000000000000000000000000
000000048000035009006BE54830004C
00000000000000168000000000000000
00000000000000100035000002EF8005
00000000000000000000000000000000
0000000000000010000100000159C015
00000000000000000000000000000000
60400002200000000000000000000000
00000000000000100900000001640001
00000000000000000000000000000000
00000000000000100900000001640001
00000000000000000000000000000000
1000100A600000020000000000000000
00000000000000100900000001640001
00000000000000000000000000000000
000000048000035009006BE54830004C
00000000000000168000000000000000
00000000000000100035000003158005
00000000000000000000000000000000
0000000000000010000100000159C115
00000000000000000000000000000000
60400002200000000000000000000000
000000000000001009000000016D0001
00000000000000000000000000000000
000000000000001009000000016D0001
00000000000000000000000000000000
20010002300000000000000000000000
00000000000000000000001000000000
00000000000000000000000000000000
00000000000000100004000000A08001
00000000000000000000000000000000
00000000000000100004000000A00001
00000000000000000000000000000000
20000082B00000000000000000000000
00000000000000000000001084000000
00000000000000000000000000000000
00000000000000100035000002EF8001
00000000000000000000000000000000
00000000000000100035000003158001
00000000000000000000000000000000
000000000000001000350000019A0001
00000000000000000000000000000000
60400002200000000000000000000000
00000000000000100900000001760001
00000000000000000000000000000000
00000000000000100900000001760001
00000000000000000000000000000000
60400002200000000000000000000000
000000000000001009000000017F0001
00000000000000000000000000000000
000000000000001009000000017F0001
00000000000000000000000000000000
60400002200000000000000000000000
00000000000000100900000001880001
00000000000000000000000000000000
00000000000000100900000001880001
00000000000000000000000000000000
1000100A600000020000000000000000
000000000000001009000000016D0001
00000000000000000000000000000000
000000048000035009006BE54830004C
00000000000000168000000000000000
000000000000001000350000033B8005
00000000000000000000000000000000
0000000000000010000100000159C215
00000000000000000000000000000000
1000000A600000020000000000000000
00000000000000100900000001760001
00000000000000000000000000000000
000000048000035009006BE54830004C
00000000000000168000000000000000
00000000000000100035000003618005
00000000000000000000000000000000
0000000000000010000100000159C315
00000000000000000000000000000000
60400002200000000000000000000000
00000000000000100900000001910001
00000000000000000000000000000000
00000000000000100900000001910001
00000000000000000000000000000000
20000083B00000000000000000000000
00000000000000000000001085000000
00000000000000000000000000000000
000000000000001000350000019A0001
00000000000000000000000000000000
00000000000000100035000003618001
00000000000000000000000000000000
000000000000001000350000033B8001
00000000000000000000000000000000
000000000000001000350000019A0001
00000000000000000000000000000000
1000000A600000020000000000000000
000000000000001009000000017F0001
00000000000000000000000000000000
000000048000035009006BE54830004C
00000000000000168000000000000000
00000000000000100035000003878005
00000000000000000000000000000000
0000000000000010000100000159C415
00000000000000000000000000000000
1000000A600000020000000000000000
00000000000000100900000001880001
00000000000000000000000000000000
000000048000035009006BE54830004C
00000000000000168000000000000000
00000000000000100035000003AD8005
00000000000000000000000000000000
0000000000000010000100000159C515
00000000000000000000000000000000
20000083B00000000000000000000000
00000000000000000000001085000000
00000000000000000000000000000000
000000000000001000350000019A0001
00000000000000000000000000000000
00000000000000100035000003AD8001
00000000000000000000000000000000
00000000000000100035000003878001
00000000000000000000000000000000
000000000000001000350000019A0001
00000000000000000000000000000000
10001002600000010000000000000000
00000000000000100900000001910001
00000000000000000000000000000000
000000090000035009006C6C48400008
00000000000000000000000000000000
00000000000000100035000003D38005
00000000000000000000000000000000
20000082B00000000000000000000000
00000000000000000000001802000000
00000000000000000000000000000000
000000000000001000350000019A0001
00000000000000000000000000000000
00000000000000100035000003D38001
00000000000000000000000000000000
000000000000001000350000019A0001
00000000000000000000000000000000
60400102200000000000000000000000
000000000000001014000000019A0001
00000000000000000000000000000000
000000000000001014000000019A0001
00000000000000000000000000000000
40801002E00000000000000000000000
000000000000001014000000019A0001
00000000000000000000000000000000
00000000000000105000000000500001
00000000000000000000000000000000
00000000000000100014000000A08401
00000000000000000000000000000000
00000000000000105000000000000001
00000000000000000000000000000000
00FFFF80200000000000000000000000
00000000000000000001000003FFF015
00000000000000000000000000000000
40000002E00000001E3CE50800000000
00000000000000105000000000000001
00000000000000000000000000000000
00000000000000101400040000000000
00000000000000000000000000000000
00000000000000100004000000A00001
00000000000000000000000000000000
00000000000000101400000000A0C005
00000000000000000000000000000000
10000402600000010000000000000000
00000000000000101400000000A0C001
00000000000000000000000000000000
000000140000005014006C6D60800008
00000000000000000000000000000000
00000000000000100005000000B9C005
00000000000000000000000000000000
10000002600000010000000000000000
00000000000000101400000000A0C001
00000000000000000000000000000000
00000014000000D014006C6CFC700008
00000000000000000000000000000000
0000000000000010000D000000B4C005
00000000000000000000000000000000
60400082200000000000000000000000
00000000000000100500000000B4C001
00000000000000000000000000000000
00000000000000100500000000B4C001
00000000000000000000000000000000
20001004300000000000000000000000
00000000000000000000214000000000
00000000000000000000000000000000
00000000A000008000A0000000B4C001
00000000000000000000000000000000
00000000000000100001000000C2C001
00000000000000000000000000000000
80000002200000000000000000000000
00000000000000100500040000A00000
00000000000000000000000000000000
00000000000000100500000000BBC001
00000000000000000000000000000000
60400002200000000000000000000000
00000000000000100200000000B9C001
00000000000000000000000000000000
00000000000000100200000000B9C001
00000000000000000000000000000000
80000002200000000000000000000000
00000000000000100200040000B40000
00000000000000000000000000000000
00000000000000100200000000C0C001
00000000000000000000000000000000
20000002300000000000000000000000
0000078F394211280000001014050000
00000000000000000000000000000000
00000000000000100001000000C2C001
00000000000000000000000000000000
00000000000000100001000000C30001
00000000000000000000000000000000
80000002200000000000000000000000
00000000000000100040040000BC0000
00000000000000000000000000000000
00000000000000100040000000D04001
00000000000000000000000000000000
20004002F00000000000000000000000
00000000000000000000001840010000
00000000000000000000000000000000
00000000000000100500000000B4C001
00000000000000000000000000000000
00000000000000100500000000C30021
00000000000000000000000000000000
00000000000000100500000000BBC001
00000000000000000000000000000000
00000000000000100500000000C34001
00000000000000000000000000000000
10000102600000010000000000000000
00000000000000100500000000C34001
00000000000000000000000000000000
000000050000200005006C6D88900008
00000000000000000000000000000000
00000000000000100200000000D08005
00000000000000000000000000000000
20001004300000000000000000000000
00000000000000000000214000000000
00000000000000000000000000000000
00000000400000800040000000B9C001
00000000000000000000000000000000
00000000000000100001000000C2C001
00000000000000000000000000000000
20000002300000000000000000000000
0000078F394211000000001014050000
00000000000000000000000000000000
00000000000000100001000000C2C001
00000000000000000000000000000000
00000000000000100001000000C30001
00000000000000000000000000000000
20000002F00000000000000000000000
00000000000000000000001840010000
00000000000000000000000000000000
00000000000000100200000000B9C001
00000000000000000000000000000000
00000000000000100200000000C30021
00000000000000000000000000000000
00000000000000100200000000C0C001
00000000000000000000000000000000
00000000000000100200000000CA4001
00000000000000000000000000000000
20000003700000000000000000000000
00000000000000000000001801610240
00000000000000000000000000000000
00000000000000100040000000CC0001
00000000000000000000000000000000
00000000000000100040000000D04001
00000000000000000000000000000000
00000000000000100040000000D06001
00000000000000000000000000000000
00000000000000100040000000CC0001
00000000000000000000000000000000
41000102200000000000000000000000
00000000000000100200000000CA4001
00000000000000000000000000000000
00000000000000100200000000CC4001
00000000000000000000000000000000
80C00402200000000000000000000000
00000000000000100200000000CC4001
00000000000000000000000000000000
00000008000008000200040000C32000
00000000000000000000000000000000
20000083700000000000000000000000
00000000000000000000001801610240
00000000000000000000000000000000
00000000000000100040000000D24001
00000000000000000000000000000000
00000000000000100040000000D04001
00000000000000000000000000000000
00000000000000100040000000D06001
00000000000000000000000000000000
00000000000000100040000000D24001
00000000000000000000000000000000
50004102E00001710000000000000000
00000000000000100200000000D08001
00000000000000000000000000000000
00000008000008000080040000C32000
00000000000000000000000000000000
00000008000000100200080030000000
00000000000000000000000000000000
00000000000000100280000000D28001
00000000000000000000000000000000
20000804300000000000000000000000
0000000000000F4D413CC28000030000
00000000000000000000000000000000
00000000000000100280000000D28001
00000000000000000000000000000000
00000000000000100001000000D50001
00000000000000000000000000000000
20000006700000000000000000000000
0000000000000F4D413CC2500B030000
00000000000000000000000000000000
00000000000000100280000000D28001
00000000000000000000000000000000
00000000000000100280000000D50021
00000000000000000000000000000000
00000000000000100280000000D54001
00000000000000000000000000000000
00000000000000100001000000D7C001
00000000000000000000000000000000
80000002200000000000000000000000
00000000000000100001040000C30000
00000000000000000000000000000000
00000000000000100001000000DA8001
00000000000000000000000000000000
20000002300000000000000000000000
00000000000000000000001800000000
00000000000000000000000000000000
00000000000000100280000000D54001
00000000000000000000000000000000
00000000000000100280000000D80001
00000000000000000000000000000000
50400102E00001710000000000000000
00000000000000100280000000D80001
00000000000000000000000000000000
00000008000008000080040000C32000
00000000000000000000000000000000
00000008000000100200080030000000
00000000000000000000000000000000
00000000000000100200000000DB4001
00000000000000000000000000000000
20004002F00000000000000000000000
0000000000000000000000108B000000
00000000000000000000000000000000
00000000000000100001000000DA8001
00000000000000000000000000000000
00000000000000100001000000D50001
00000000000000000000000000000000
00000000000000100001000000D7C001
00000000000000000000000000000000
00000000000000100001000000DB0001
00000000000000000000000000000000
20000802700000000000000000000000
00000000000000000000001800040000
00000000000000000000000000000000
00000000000000100200000000DB4001
00000000000000000000000000000000
00000000000000100200000000DB0021
00000000000000000000000000000000
00000000000000100200000000DF4001
00000000000000000000000000000000
20000003700000000000000000000000
00000000000000000000001801810240
00000000000000000000000000000000
00000000000000100040000000E10001
00000000000000000000000000000000
00000000000000100040000000D04001
00000000000000000000000000000000
00000000000000100040000000D06001
00000000000000000000000000000000
00000000000000100040000000E10001
00000000000000000000000000000000
10000102600000000000000000000000
00000000000000100200000000DF4001
00000000000000000000000000000000
000000200000400002006C7008A00004
00000000000000000000000000000000
00000000000000100400000000E14001
00000000000000000000000000000000
61000082200000080000000000000000
00000000000000100400000000E14001
00000000000000000000000000000000
00000000000000103000000001114005
00000000000000000000000000000000
A0000002600000000000000000000000
00000000000000105000000000000001
00000000000000000000000000000000
000000000000001000016C6CFC500004
00000000000000000000000000000000
00000000000000100018000000A04001
00000000000000000000000000000000
20000002300000000000000000000000
00000000000000000000001000000000
00000000000000000000000000000000
00000000000000105000000000000001
00000000000000000000000000000000
00000000000000105000000000500001
00000000000000000000000000000000
10001002600000010000000000000000
00000000000000102000000001114001
00000000000000000000000000000000
000000200000035020006C7408B00008
00000000000000000000000000000000
00000000000000100035000001414005
00000000000000000000000000000000
60400082200000000000000000000000
00000000000000101400000001414001
00000000000000000000000000000000
00000000000000101400000001414001
00000000000000000000000000000000
40811102E00000000000000000000000
00000000000000101400000001414001
00000000000000000000000000000000
00000000000000105000000000500001
00000000000000000000000000000000
00000000000000100014000000A04401
00000000000000000000000000000000
00000000000000105000000000000001
00000000000000000000000000000000
40000002E00000001E3CE50800000000
00000000000000105000000000000001
00000000000000000000000000000000
00000000000000101400040000500000
00000000000000000000000000000000
00000000000000100004000000A04001
00000000000000000000000000000000
00000000000000101400000000A0C005
00000000000000000000000000000000
10000402600000000000000000000000
00000000000000101400000000A0C001
00000000000000000000000000000000
000000280000004014006C7688E00004
00000000000000000000000000000000
00000000000000100004000001554001
00000000000000000000000000000000
20000082300000000000000000000000
00000000000000000000001030000000
00000000000000000000000000000000
00000000000000100004000001554001
00000000000000000000000000000000
00000000000000100004000001554001
00000000000000000000000000000000
60400102200000000000000000000000
00000000000000100180000001554001
00000000000000000000000000000000
00000000000000100180000001554001
00000000000000000000000000000000
80000002200000000000000000000000
00000000000000100180040000BD0000
00000000000000000000000000000000
0000000000000010018000000156C001
00000000000000000000000000000000
20005002B00000000000000000000000
00000000000000000000001002000000
00000000000000000000000000000000
00000000000000100180000001554001
00000000000000000000000000000000
0000000000000010018000000156C001
00000000000000000000000000000000
00000000000000100180000001584001
00000000000000000000000000000000
90800102200010060000000000000000
00000000000000100180000001584001
00000000000000000000000000000000
0000000000000010000600000159C015
00000000000000000000000000000000
2000800A300000000000000000000000
00000000000000000000001000000000
00000000000000000000000000000000
00000000000000100001000001554041
00000000000000000000400000000000
000000000000001000010000015A0001
00000000000000000000000000000000
0000000000000010000100000159C015
00000000000000000000000000000000
2000000A300000000000000000000000
00000000000000000000001000000000
00000000000000000000000000000000
00000000000000100001000001554041
00000000000000000000400000000000
000000000000001000010000015A0101
00000000000000000000000000000000
0000000000000010000100000159C115
00000000000000000000000000000000
2000000A300000000000000000000000
00000000000000000000001000000000
00000000000000000000000000000000
00000000000000100001000001554041
00000000000000000000400000000000
000000000000001000010000015A0201
00000000000000000000000000000000
0000000000000010000100000159C215
00000000000000000000000000000000
2000000A300000000000000000000000
00000000000000000000001000000000
00000000000000000000000000000000
00000000000000100001000001554041
00000000000000000000400000000000
000000000000001000010000015A0301
00000000000000000000000000000000
0000000000000010000100000159C315
00000000000000000000000000000000
80000002200000000000000000000000
00000000000000100001040005132000
00000000000000000000000000000000
000000000000001000010000015AC601
00000000000000000000000000000000
1000000A600000020000000000000000
00000000000000101400000000A0C001
00000000000000000000000000000000
0000000A0000018014006C76C4F0004C
00000000000000168000000000000000
00000000000000100018000002DD8005
00000000000000000000000000000000
0000000000000010000100000159C015
00000000000000000000000000000000
2000000A300000000000000000000000
00000000000000000000001000000000
00000000000000000000000000000000
00000000000000100001000001554041
00000000000000000000400000000000
000000000000001000010000015A0401
00000000000000000000000000000000
0000000000000010000100000159C415
00000000000000000000000000000000
2000000A300000000000000000000000
00000000000000000000001000000000
00000000000000000000000000000000
00000000000000100001000001554041
00000000000000000000400000000000
000000000000001000010000015A0501
00000000000000000000000000000000
0000000000000010000100000159C515
00000000000000000000000000000000
20000004300000000000000000000000
00000000000000000000024000000000
00000000000000000000000000000000
000000000000001000060000015A0001
00000000000000000000000000000000
000000000000001000010000015A4001
00000000000000000000000000000000
10000002600000010000000000000000
00000000000000101400000000A0C001
00000000000000000000000000000000
000000140000018014006D84C5100008
00000000000000000000000000000000
00000000000000100018000003C18005
00000000000000000000000000000000
10000002600000010000000000000000
00000000000000101400000000A0C001
00000000000000000000000000000000
000000140000018014006D8579200008
00000000000000000000000000000000
00000000000000100018000003CA8005
00000000000000000000000000000000
1000000A600000020000000000000000
00000000000000101400000000A0C001
00000000000000000000000000000000
0000000A0000018014006CFDC500004C
00000000000000168000000000000000
00000000000000100018000002E68005
00000000000000000000000000000000
0000000000000010000100000159C015
00000000000000000000000000000000
1000000A600000020000000000000000
00000000000000101400000000A0C001
00000000000000000000000000000000
0000000A0000018014006C76C4F0004C
00000000000000168000000000000000
00000000000000100018000003038005
00000000000000000000000000000000
0000000000000010000100000159C115
00000000000000000000000000000000
1000000A600000020000000000000000
00000000000000101400000000A0C001
00000000000000000000000000000000
0000000A0000018014006CFDC500004C
00000000000000168000000000000000
000000000000001000180000030C8005
00000000000000000000000000000000
0000000000000010000100000159C115
00000000000000000000000000000000
1000000A600000020000000000000000
00000000000000101400000000A0C001
00000000000000000000000000000000
0000000A0000018014006C76C4F0004C
00000000000000168000000000000000
00000000000000100018000003298005
00000000000000000000000000000000
0000000000000010000100000159C215
00000000000000000000000000000000
1000000A600000020000000000000000
00000000000000101400000000A0C001
00000000000000000000000000000000
0000000A0000018014006CFDC500004C
00000000000000168000000000000000
00000000000000100018000003328005
00000000000000000000000000000000
0000000000000010000100000159C215
00000000000000000000000000000000
20000002300000000000000000000000
0000078F394200000000001004000000
00000000000000000000000000000000
000000000000001000010000015A4001
00000000000000000000000000000000
000000000000001000010000015A8001
00000000000000000000000000000000
1000000A600000020000000000000000
00000000000000101400000000A0C001
00000000000000000000000000000000
0000000A0000018014006C76C4F0004C
00000000000000168000000000000000
000000000000001000180000034F8005
00000000000000000000000000000000
0000000000000010000100000159C315
00000000000000000000000000000000
1000000A600000020000000000000000
00000000000000101400000000A0C001
00000000000000000000000000000000
0000000A0000018014006CFDC500004C
00000000000000168000000000000000
00000000000000100018000003588005
00000000000000000000000000000000
0000000000000010000100000159C315
00000000000000000000000000000000
1000000A600000020000000000000000
00000000000000101400000000A0C001
00000000000000000000000000000000
0000000A0000018014006C76C4F0004C
00000000000000168000000000000000
00000000000000100018000003758005
00000000000000000000000000000000
0000000000000010000100000159C415
00000000000000000000000000000000
1000000A600000020000000000000000
00000000000000101400000000A0C001
00000000000000000000000000000000
0000000A0000018014006CFDC500004C
00000000000000168000000000000000
000000000000001000180000037E8005
00000000000000000000000000000000
0000000000000010000100000159C415
00000000000000000000000000000000
1000000A600000020000000000000000
00000000000000101400000000A0C001
00000000000000000000000000000000
0000000A0000018014006C76C4F0004C
00000000000000168000000000000000
000000000000001000180000039B8005
00000000000000000000000000000000
0000000000000010000100000159C515
00000000000000000000000000000000
20004002700000000000000000000000
00000FF00000000000000010C0040000
00000000000000000000000000000000
000000000000001000060000015A0001
00000000000000000000000000000000
000000000000001000060000015A8021
00000000000000000000000000000000
000000000000001000060000015AC001
00000000000000000000000000000000
1000000A600000020000000000000000
00000000000000101400000000A0C001
00000000000000000000000000000000
0000000A0000018014006CFDC500004C
00000000000000168000000000000000
00000000000000100018000003A48005
00000000000000000000000000000000
0000000000000010000100000159C515
00000000000000000000000000000000
20000082F00000000000000000000000
00000000000000000000001A6800C000
00000000000000000000000000001048
00000026000000700018000002DD8001
00000000000000000000000000000000
000000000100007000180000015AC021
00000000000000000000000000000000
00000026000000700018000002E68001
00000000000000000000000000000000
000000090000007000180000015B0001
00000000000000000000000000000000
60400102200000000000000000000000
000000000000001009000000016D0001
00000000000000000000000000000000
000000000000001009000000016D0001
00000000000000000000000000000000
60400002200000000000000000000000
00000000000000100900000001640001
00000000000000000000000000000000
00000000000000100900000001640001
00000000000000000000000000000000
A0000002600000000000000000000000
00000000000000105000000000000001
00000000000000000000000000000000
000000000000001000016C7688C00004
00000000000000000000000000000000
00000000000000100018000000A08001
00000000000000000000000000000000
60400002200000000000000000000000
000000000000001009000000015B0001
00000000000000000000000000000000
000000000000001009000000015B0001
00000000000000000000000000000000
1000100A600000020000000000000000
000000000000001009000000015B0001
00000000000000000000000000000000
000000048000035009006D862D30004C
00000000000000168000000000000000
00000000000000100035000002EF8005
00000000000000000000000000000000
0000000000000010000100000159C015
00000000000000000000000000000000
1000000A600000020000000000000000
000000000000001009000000016D0001
00000000000000000000000000000000
000000048000035009006D862D30004C
00000000000000168000000000000000
000000000000001000350000033B8005
00000000000000000000000000000000
0000000000000010000100000159C215
00000000000000000000000000000000
60400002200000000000000000000000
00000000000000100900000001760001
00000000000000000000000000000000
00000000000000100900000001760001
00000000000000000000000000000000
1000000A600000020000000000000000
00000000000000100900000001640001
00000000000000000000000000000000
000000048000035009006D862D30004C
00000000000000168000000000000000
00000000000000100035000003158005
00000000000000000000000000000000
0000000000000010000100000159C115
00000000000000000000000000000000
60400002200000000000000000000000
000000000000001009000000017F0001
00000000000000000000000000000000
000000000000001009000000017F0001
00000000000000000000000000000000
20000082B00000000000000000000000
00000000000000000000001084000000
00000000000000000000000000000000
00000000000000100035000002EF8001
00000000000000000000000000000000
00000000000000100035000003158001
00000000000000000000000000000000
000000000000001000350000019A0001
00000000000000000000000000000000
60400002200000000000000000000000
00000000000000100900000001880001
00000000000000000000000000000000
00000000000000100900000001880001
00000000000000000000000000000000
1000100A600000020000000000000000
00000000000000100900000001880001
00000000000000000000000000000000
000000048000035009006D862D30004C
00000000000000168000000000000000
00000000000000100035000003AD8005
00000000000000000000000000000000
0000000000000010000100000159C515
00000000000000000000000000000000
60400002200000000000000000000000
00000000000000100900000001910001
00000000000000000000000000000000
00000000000000100900000001910001
00000000000000000000000000000000
1000000A600000020000000000000000
00000000000000100900000001760001
00000000000000000000000000000000
000000048000035009006D862D30004C
00000000000000168000000000000000
00000000000000100035000003618005
00000000000000000000000000000000
0000000000000010000100000159C315
00000000000000000000000000000000
20000083B00000000000000000000000
00000000000000000000001085000000
00000000000000000000000000000000
000000000000001000350000019A0001
00000000000000000000000000000000
00000000000000100035000003618001
00000000000000000000000000000000
000000000000001000350000033B8001
00000000000000000000000000000000
000000000000001000350000019A0001
00000000000000000000000000000000
1000000A600000020000000000000000
000000000000001009000000017F0001
00000000000000000000000000000000
000000048000035009006D862D30004C
00000000000000168000000000000000
00000000000000100035000003878005
00000000000000000000000000000000
0000000000000010000100000159C415
00000000000000000000000000000000
20000083B00000000000000000000000
00000000000000000000001085000000
00000000000000000000000000000000
000000000000001000350000019A0001
00000000000000000000000000000000
00000000000000100035000003AD8001
00000000000000000000000000000000
00000000000000100035000003878001
00000000000000000000000000000000
000000000000001000350000019A0001
00000000000000000000000000000000
10001002600000010000000000000000
00000000000000100900000001910001
00000000000000000000000000000000
000000090000035009006E0D2D400008
00000000000000000000000000000000
00000000000000100035000003D38005
00000000000000000000000000000000
20000082B00000000000000000000000
00000000000000000000001802000000
00000000000000000000000000000000
000000000000001000350000019A0001
00000000000000000000000000000000
00000000000000100035000003D38001
00000000000000000000000000000000
000000000000001000350000019A0001
00000000000000000000000000000000
60400102200000000000000000000000
000000000000001014000000019A0001
00000000000000000000000000000000
000000000000001014000000019A0001
00000000000000000000000000000000
20000002300000000000000000000000
00000000000000000000001000000000
00000000000000000000000000000000
00000000000000105000000000000001
00000000000000000000000000000000
00000000000000105000000000500001
00000000000000000000000000000000
80800000000000000000000000000000
20010002300000000000000000000000
00000000000000000000001000000000
00000000000000000000000000000000
00000000000000100004000000A08001
00000000000000000000000000000000
00000000000000100004000000A00001
00000000000000000000000000000000
40801102E00000000000000000000000
000000000000001014000000019A0001
00000000000000000000000000000000
00000000000000105000000000500001
00000000000000000000000000000000
00000000000000100014000000A08401
00000000000000000000000000000000
00000000000000105000000000000001
00000000000000000000000000000000
00FFFF80200000000000000000000000
00000000000000000001000003FFF015
00000000000000000000000000000000
40000002E00000001E3CE50800000000
00000000000000105000000000000001
00000000000000000000000000000000
00000000000000101400040000000000
00000000000000000000000000000000
00000000000000100004000000A00001
00000000000000000000000000000000
00000000000000101400000000A0C005
00000000000000000000000000000000
10000402600000010000000000000000
00000000000000101400000000A0C001
00000000000000000000000000000000
000000140000005014006E0E45800008
00000000000000000000000000000000
00000000000000100005000000B9C005
00000000000000000000000000000000
10000002600000010000000000000000
00000000000000101400000000A0C001
00000000000000000000000000000000
00000014000000D014006E0DE1700008
00000000000000000000000000000000
0000000000000010000D000000B4C005
00000000000000000000000000000000
60400082200000000000000000000000
00000000000000100500000000B4C001
00000000000000000000000000000000
00000000000000100500000000B4C001
00000000000000000000000000000000
20001004300000000000000000000000
00000000000000000000214000000000
00000000000000000000000000000000
00000000A000008000A0000000B4C001
00000000000000000000000000000000
00000000000000100001000000C2C001
00000000000000000000000000000000
80000002200000000000000000000000
00000000000000100500040000A00000
00000000000000000000000000000000
00000000000000100500000000BBC001
00000000000000000000000000000000
60400002200000000000000000000000
00000000000000100200000000B9C001
00000000000000000000000000000000
00000000000000100200000000B9C001
00000000000000000000000000000000
80000002200000000000000000000000
00000000000000100200040000B40000
00000000000000000000000000000000
00000000000000100200000000C0C001
00000000000000000000000000000000
20000002300000000000000000000000
0000078F394211280000001014050000
00000000000000000000000000000000
00000000000000100001000000C2C001
00000000000000000000000000000000
00000000000000100001000000C30001
00000000000000000000000000000000
80000002200000000000000000000000
00000000000000100040040000BC0000
00000000000000000000000000000000
00000000000000100040000000D04001
00000000000000000000000000000000
20004002F00000000000000000000000
00000000000000000000001840010000
00000000000000000000000000000000
00000000000000100500000000B4C001
00000000000000000000000000000000
00000000000000100500000000C30021
00000000000000000000000000000000
00000000000000100500000000BBC001
00000000000000000000000000000000
00000000000000100500000000C34001
00000000000000000000000000000000
10000102600000010000000000000000
00000000000000100500000000C34001
00000000000000000000000000000000
000000050000200005006E0E6D900008
00000000000000000000000000000000
00000000000000100200000000D08005
00000000000000000000000000000000
20001004300000000000000000000000
00000000000000000000214000000000
00000000000000000000000000000000
00000000400000800040000000B9C001
00000000000000000000000000000000
00000000000000100001000000C2C001
00000000000000000000000000000000
20000002300000000000000000000000
0000078F394211000000001014050000
00000000000000000000000000000000
00000000000000100001000000C2C001
00000000000000000000000000000000
00000000000000100001000000C30001
00000000000000000000000000000000
20000002F00000000000000000000000
00000000000000000000001840010000
00000000000000000000000000000000
00000000000000100200000000B9C001
00000000000000000000000000000000
00000000000000100200000000C30021
00000000000000000000000000000000
00000000000000100200000000C0C001
00000000000000000000000000000000
00000000000000100200000000CA4001
00000000000000000000000000000000
20000003700000000000000000000000
00000000000000000000001801610240
00000000000000000000000000000000
00000000000000100040000000CC0001
00000000000000000000000000000000
00000000000000100040000000D04001
00000000000000000000000000000000
00000000000000100040000000D06001
00000000000000000000000000000000
00000000000000100040000000CC0001
00000000000000000000000000000000
41000102200000000000000000000000
00000000000000100200000000CA4001
00000000000000000000000000000000
00000000000000100200000000CC4001
00000000000000000000000000000000
80C00402200000000000000000000000
00000000000000100200000000CC4001
00000000000000000000000000000000
00000008000008000200040000C32000
00000000000000000000000000000000
20000083700000000000000000000000
00000000000000000000001801610240
00000000000000000000000000000000
00000000000000100040000000D24001
00000000000000000000000000000000
00000000000000100040000000D04001
00000000000000000000000000000000
00000000000000100040000000D06001
00000000000000000000000000000000
00000000000000100040000000D24001
00000000000000000000000000000000
50004102E00001710000000000000000
00000000000000100200000000D08001
00000000000000000000000000000000
00000008000008000080040000C32000
00000000000000000000000000000000
00000008000000100200080030000000
00000000000000000000000000000000
00000000000000100280000000D28001
00000000000000000000000000000000
20000804300000000000000000000000
0000000000000F4D413CC28000030000
00000000000000000000000000000000
00000000000000100280000000D28001
00000000000000000000000000000000
00000000000000100001000000D50001
00000000000000000000000000000000
20000006700000000000000000000000
0000000000000F4D413CC2500B030000
00000000000000000000000000000000
00000000000000100280000000D28001
00000000000000000000000000000000
00000000000000100280000000D50021
00000000000000000000000000000000
00000000000000100280000000D54001
00000000000000000000000000000000
00000000000000100001000000D7C001
00000000000000000000000000000000
80000002200000000000000000000000
00000000000000100001040000C30000
00000000000000000000000000000000
00000000000000100001000000DA8001
00000000000000000000000000000000
20000002300000000000000000000000
00000000000000000000001800000000
00000000000000000000000000000000
00000000000000100280000000D54001
00000000000000000000000000000000
00000000000000100280000000D80001
00000000000000000000000000000000
50400102E00001710000000000000000
00000000000000100280000000D80001
00000000000000000000000000000000
00000008000008000080040000C32000
00000000000000000000000000000000
00000008000000100200080030000000
00000000000000000000000000000000
00000000000000100200000000DB4001
00000000000000000000000000000000
20004002F00000000000000000000000
0000000000000000000000108B000000
00000000000000000000000000000000
00000000000000100001000000DA8001
00000000000000000000000000000000
00000000000000100001000000D50001
00000000000000000000000000000000
00000000000000100001000000D7C001
00000000000000000000000000000000
00000000000000100001000000DB0001
00000000000000000000000000000000
20000802700000000000000000000000
00000000000000000000001800040000
00000000000000000000000000000000
00000000000000100200000000DB4001
00000000000000000000000000000000
00000000000000100200000000DB0021
00000000000000000000000000000000
00000000000000100200000000DF4001
00000000000000000000000000000000
20000003700000000000000000000000
00000000000000000000001801810240
00000000000000000000000000000000
00000000000000100040000000E10001
00000000000000000000000000000000
00000000000000100040000000D04001
00000000000000000000000000000000
00000000000000100040000000D06001
00000000000000000000000000000000
00000000000000100040000000E10001
00000000000000000000000000000000
10000102600000000000000000000000
00000000000000100200000000DF4001
00000000000000000000000000000000
000000200000400002006E10EDA00004
00000000000000000000000000000000
00000000000000100400000000E14001
00000000000000000000000000000000
61000082200000080000000000000000
00000000000000100400000000E14001
00000000000000000000000000000000
00000000000000103000000001114005
00000000000000000000000000000000
A0000002600000000000000000000000
00000000000000105000000000000001
00000000000000000000000000000000
000000000000001000016E0DE1500004
00000000000000000000000000000000
00000000000000100018000000A04001
00000000000000000000000000000000
20000002300000000000000000000000
00000000000000000000001000000000
00000000000000000000000000000000
00000000000000105000000000000001
00000000000000000000000000000000
00000000000000105000000000500001
00000000000000000000000000000000
10001002600000010000000000000000
00000000000000102000000001114001
00000000000000000000000000000000
000000200000035020006E14EDB00008
00000000000000000000000000000000
00000000000000100035000001414005
00000000000000000000000000000000
60400082200000000000000000000000
00000000000000101400000001414001
00000000000000000000000000000000
00000000000000101400000001414001
00000000000000000000000000000000
40811102E00000000000000000000000
00000000000000101400000001414001
00000000000000000000000000000000
00000000000000105000000000500001
00000000000000000000000000000000
00000000000000100014000000A04401
00000000000000000000000000000000
00000000000000105000000000000001
00000000000000000000000000000000
40000002E00000001E3CE50800000000
00000000000000105000000000000001
00000000000000000000000000000000
00000000000000101400040000500000
00000000000000000000000000000000
00000000000000100004000000A04001
00000000000000000000000000000000
00000000000000101400000000A0C005
00000000000000000000000000000000
10000402600000000000000000000000
00000000000000101400000000A0C001
00000000000000000000000000000000
000000280000004014006E176DE00004
00000000000000000000000000000000
00000000000000100004000001554001
00000000000000000000000000000000
20000082300000000000000000000000
00000000000000000000001030000000
00000000000000000000000000000000
00000000000000100004000001554001
00000000000000000000000000000000
00000000000000100004000001554001
00000000000000000000000000000000
60400102200000000000000000000000
00000000000000100180000001554001
00000000000000000000000000000000
00000000000000100180000001554001
00000000000000000000000000000000
80000002200000000000000000000000
00000000000000100180040000BD0000
00000000000000000000000000000000
0000000000000010018000000156C001
00000000000000000000000000000000
20005002B00000000000000000000000
00000000000000000000001002000000
00000000000000000000000000000000
00000000000000100180000001554001
00000000000000000000000000000000
0000000000000010018000000156C001
00000000000000000000000000000000
00000000000000100180000001584001
00000000000000000000000000000000
90800102200010060000000000000000
00000000000000100180000001584001
00000000000000000000000000000000
0000000000000010000600000159C015
00000000000000000000000000000000
2000800A300000000000000000000000
00000000000000000000001000000000
00000000000000000000000000000000
00000000000000100001000001554041
00000000000000000000400000000000
000000000000001000010000015A0001
00000000000000000000000000000000
0000000000000010000100000159C015
00000000000000000000000000000000
2000000A300000000000000000000000
00000000000000000000001000000000
00000000000000000000000000000000
00000000000000100001000001554041
00000000000000000000400000000000
000000000000001000010000015A0101
00000000000000000000000000000000
0000000000000010000100000159C115
00000000000000000000000000000000
2000000A300000000000000000000000
00000000000000000000001000000000
00000000000000000000000000000000
00000000000000100001000001554041
00000000000000000000400000000000
000000000000001000010000015A0201
00000000000000000000000000000000
0000000000000010000100000159C215
00000000000000000000000000000000
2000000A300000000000000000000000
00000000000000000000001000000000
00000000000000000000000000000000
00000000000000100001000001554041
00000000000000000000400000000000
000000000000001000010000015A0301
00000000000000000000000000000000
0000000000000010000100000159C315
00000000000000000000000000000000
80000002200000000000000000000000
00000000000000100001040005132000
00000000000000000000000000000000
000000000000001000010000015AC601
00000000000000000000000000000000
1000000A600000020000000000000000
00000000000000101400000000A0C001
00000000000000000000000000000000
0000000A0000018014006E17A9F0004C
00000000000000168000000000000000
00000000000000100018000002DD8005
00000000000000000000000000000000
0000000000000010000100000159C015
00000000000000000000000000000000
2000000A300000000000000000000000
00000000000000000000001000000000
00000000000000000000000000000000
00000000000000100001000001554041
00000000000000000000400000000000
000000000000001000010000015A0401
00000000000000000000000000000000
0000000000000010000100000159C415
00000000000000000000000000000000
2000000A300000000000000000000000
00000000000000000000001000000000
00000000000000000000000000000000
00000000000000100001000001554041
00000000000000000000400000000000
000000000000001000010000015A0501
00000000000000000000000000000000
0000000000000010000100000159C515
00000000000000000000000000000000
20000004300000000000000000000000
00000000000000000000024000000000
00000000000000000000000000000000
000000000000001000060000015A0001
00000000000000000000000000000000
000000000000001000010000015A4001
00000000000000000000000000000000
10000002600000010000000000000000
00000000000000101400000000A0C001
00000000000000000000000000000000
000000140000018014006F25AA100008
00000000000000000000000000000000
00000000000000100018000003C18005
00000000000000000000000000000000
10000002600000010000000000000000
00000000000000101400000000A0C001
00000000000000000000000000000000
000000140000018014006F265E200008
00000000000000000000000000000000
00000000000000100018000003CA8005
00000000000000000000000000000000
1000000A600000020000000000000000
00000000000000101400000000A0C001
00000000000000000000000000000000
0000000A0000018014006E9EAA00004C
00000000000000168000000000000000
00000000000000100018000002E68005
00000000000000000000000000000000
0000000000000010000100000159C015
00000000000000000000000000000000
1000000A600000020000000000000000
00000000000000101400000000A0C001
00000000000000000000000000000000
0000000A0000018014006E17A9F0004C
00000000000000168000000000000000
00000000000000100018000003038005
00000000000000000000000000000000
0000000000000010000100000159C115
00000000000000000000000000000000
1000000A600000020000000000000000
00000000000000101400000000A0C001
00000000000000000000000000000000
0000000A0000018014006E9EAA00004C
00000000000000168000000000000000
000000000000001000180000030C8005
00000000000000000000000000000000
0000000000000010000100000159C115
00000000000000000000000000000000
1000000A600000020000000000000000
00000000000000101400000000A0C001
00000000000000000000000000000000
0000000A0000018014006E17A9F0004C
00000000000000168000000000000000
00000000000000100018000003298005
00000000000000000000000000000000
0000000000000010000100000159C215
00000000000000000000000000000000
1000000A600000020000000000000000
00000000000000101400000000A0C001
00000000000000000000000000000000
0000000A0000018014006E9EAA00004C
00000000000000168000000000000000
00000000000000100018000003328005
00000000000000000000000000000000
0000000000000010000100000159C215
00000000000000000000000000000000
20000002300000000000000000000000
0000078F394200000000001004000000
00000000000000000000000000000000
000000000000001000010000015A4001
00000000000000000000000000000000
000000000000001000010000015A8001
00000000000000000000000000000000
1000000A600000020000000000000000
00000000000000101400000000A0C001
00000000000000000000000000000000
0000000A0000018014006E17A9F0004C
00000000000000168000000000000000
000000000000001000180000034F8005
00000000000000000000000000000000
0000000000000010000100000159C315
00000000000000000000000000000000
1000000A600000020000000000000000
00000000000000101400000000A0C001
00000000000000000000000000000000
0000000A0000018014006E9EAA00004C
00000000000000168000000000000000
00000000000000100018000003588005
00000000000000000000000000000000
0000000000000010000100000159C315
00000000000000000000000000000000
1000000A600000020000000000000000
00000000000000101400000000A0C001
00000000000000000000000000000000
0000000A0000018014006E17A9F0004C
00000000000000168000000000000000
00000000000000100018000003758005
00000000000000000000000000000000
0000000000000010000100000159C415
00000000000000000000000000000000
1000000A600000020000000000000000
00000000000000101400000000A0C001
00000000000000000000000000000000
0000000A0000018014006E9EAA00004C
00000000000000168000000000000000
000000000000001000180000037E8005
00000000000000000000000000000000
0000000000000010000100000159C415
00000000000000000000000000000000
1000000A600000020000000000000000
00000000000000101400000000A0C001
00000000000000000000000000000000
0000000A0000018014006E17A9F0004C
00000000000000168000000000000000
000000000000001000180000039B8005
00000000000000000000000000000000
0000000000000010000100000159C515
00000000000000000000000000000000
20004002700000000000000000000000
00000FF00000000000000010C0040000
00000000000000000000000000000000
000000000000001000060000015A0001
00000000000000000000000000000000
000000000000001000060000015A8021
00000000000000000000000000000000
000000000000001000060000015AC001
00000000000000000000000000000000
1000000A600000020000000000000000
00000000000000101400000000A0C001
00000000000000000000000000000000
0000000A0000018014006E9EAA00004C
00000000000000168000000000000000
00000000000000100018000003A48005
00000000000000000000000000000000
0000000000000010000100000159C515
00000000000000000000000000000000
20000082F00000000000000000000000
00000000000000000000001A6800C000
00000000000000000000000000001048
00000026000000700018000002DD8001
00000000000000000000000000000000
000000000100007000180000015AC021
00000000000000000000000000000000
00000026000000700018000002E68001
00000000000000000000000000000000
000000090000007000180000015B0001
00000000000000000000000000000000
60400102200000000000000000000000
000000000000001009000000016D0001
00000000000000000000000000000000
000000000000001009000000016D0001
00000000000000000000000000000000
60400002200000000000000000000000
00000000000000100900000001640001
00000000000000000000000000000000
00000000000000100900000001640001
00000000000000000000000000000000
A0000002600000000000000000000000
00000000000000105000000000000001
00000000000000000000000000000000
000000000000001000016E176DC00004
00000000000000000000000000000000
00000000000000100018000000A08001
00000000000000000000000000000000
60400002200000000000000000000000
000000000000001009000000015B0001
00000000000000000000000000000000
000000000000001009000000015B0001
00000000000000000000000000000000
1000100A600000020000000000000000
000000000000001009000000015B0001
00000000000000000000000000000000
000000048000035009006F271230004C
00000000000000168000000000000000
00000000000000100035000002EF8005
00000000000000000000000000000000
0000000000000010000100000159C015
00000000000000000000000000000000
1000000A600000020000000000000000
000000000000001009000000016D0001
00000000000000000000000000000000
000000048000035009006F271230004C
00000000000000168000000000000000
000000000000001000350000033B8005
00000000000000000000000000000000
0000000000000010000100000159C215
00000000000000000000000000000000
60400002200000000000000000000000
00000000000000100900000001760001
00000000000000000000000000000000
00000000000000100900000001760001
00000000000000000000000000000000
1000000A600000020000000000000000
00000000000000100900000001640001
00000000000000000000000000000000
000000048000035009006F271230004C
00000000000000168000000000000000
00000000000000100035000003158005
00000000000000000000000000000000
0000000000000010000100000159C115
00000000000000000000000000000000
60400002200000000000000000000000
000000000000001009000000017F0001
00000000000000000000000000000000
000000000000001009000000017F0001
00000000000000000000000000000000
20000082B00000000000000000000000
00000000000000000000001084000000
00000000000000000000000000000000
00000000000000100035000002EF8001
00000000000000000000000000000000
00000000000000100035000003158001
00000000000000000000000000000000
000000000000001000350000019A0001
00000000000000000000000000000000
60400002200000000000000000000000
00000000000000100900000001880001
00000000000000000000000000000000
00000000000000100900000001880001
00000000000000000000000000000000
1000100A600000020000000000000000
00000000000000100900000001880001
00000000000000000000000000000000
000000048000035009006F271230004C
00000000000000168000000000000000
00000000000000100035000003AD8005
00000000000000000000000000000000
0000000000000010000100000159C515
00000000000000000000000000000000
60400002200000000000000000000000
00000000000000100900000001910001
00000000000000000000000000000000
00000000000000100900000001910001
00000000000000000000000000000000
1000000A600000020000000000000000
00000000000000100900000001760001
00000000000000000000000000000000
000000048000035009006F271230004C
00000000000000168000000000000000
00000000000000100035000003618005
00000000000000000000000000000000
0000000000000010000100000159C315
00000000000000000000000000000000
20000083B00000000000000000000000
00000000000000000000001085000000
00000000000000000000000000000000
000000000000001000350000019A0001
00000000000000000000000000000000
00000000000000100035000003618001
00000000000000000000000000000000
000000000000001000350000033B8001
00000000000000000000000000000000
000000000000001000350000019A0001
00000000000000000000000000000000
1000000A600000020000000000000000
000000000000001009000000017F0001
00000000000000000000000000000000
000000048000035009006F271230004C
00000000000000168000000000000000
00000000000000100035000003878005
00000000000000000000000000000000
0000000000000010000100000159C415
00000000000000000000000000000000
20000083B00000000000000000000000
00000000000000000000001085000000
00000000000000000000000000000000
000000000000001000350000019A0001
00000000000000000000000000000000
00000000000000100035000003AD8001
00000000000000000000000000000000
00000000000000100035000003878001
00000000000000000000000000000000
000000000000001000350000019A0001
00000000000000000000000000000000
10001002600000010000000000000000
00000000000000100900000001910001
00000000000000000000000000000000
000000090000035009006FAE12400008
00000000000000000000000000000000
00000000000000100035000003D38005
00000000000000000000000000000000
20000082B00000000000000000000000
00000000000000000000001802000000
00000000000000000000000000000000
000000000000001000350000019A0001
00000000000000000000000000000000
00000000000000100035000003D38001
00000000000000000000000000000000
000000000000001000350000019A0001
00000000000000000000000000000000
60400102200000000000000000000000
000000000000001014000000019A0001
00000000000000000000000000000000
000000000000001014000000019A0001
00000000000000000000000000000000
20000002300000000000000000000000
00000000000000000000001000000000
00000000000000000000000000000000
00000000000000105000000000000001
00000000000000000000000000000000
00000000000000105000000000500001
00000000000000000000000000000000
80800000000000000000000000000000
20010002300000000000000000000000
00000000000000000000001000000000
00000000000000000000000000000000
00000000000000100004000000A08001
00000000000000000000000000000000
00000000000000100004000000A00001
00000000000000000000000000000000
40801102E00000000000000000000000
000000000000001014000000019A0001
00000000000000000000000000000000
00000000000000105000000000500001
00000000000000000000000000000000
00000000000000100014000000A08401
00000000000000000000000000000000
00000000000000105000000000000001
00000000000000000000000000000000
00FFFF80200000000000000000000000
00000000000000000001000003FFF015
00000000000000000000000000000000
40000002E00000001E3CE50800000000
00000000000000105000000000000001
00000000000000000000000000000000
00000000000000101400040000000000
00000000000000000000000000000000
00000000000000100004000000A00001
00000000000000000000000000000000
00000000000000101400000000A0C005
00000000000000000000000000000000
10000402600000010000000000000000
00000000000000101400000000A0C001
00000000000000000000000000000000
000000140000005014006FAF2A800008
00000000000000000000000000000000
00000000000000100005000000B9C005
00000000000000000000000000000000
10000002600000010000000000000000
00000000000000101400000000A0C001
00000000000000000000000000000000
00000014000000D014006FAEC6700008
00000000000000000000000000000000
0000000000000010000D000000B4C005
00000000000000000000000000000000
60400082200000000000000000000000
00000000000000100500000000B4C001
00000000000000000000000000000000
00000000000000100500000000B4C001
00000000000000000000000000000000
20001004300000000000000000000000
00000000000000000000214000000000
00000000000000000000000000000000
00000000A000008000A0000000B4C001
00000000000000000000000000000000
00000000000000100001000000C2C001
00000000000000000000000000000000
80000002200000000000000000000000
00000000000000100500040000A00000
00000000000000000000000000000000
00000000000000100500000000BBC001
00000000000000000000000000000000
60400002200000000000000000000000
00000000000000100200000000B9C001
00000000000000000000000000000000
00000000000000100200000000B9C001
00000000000000000000000000000000
80000002200000000000000000000000
00000000000000100200040000B40000
00000000000000000000000000000000
00000000000000100200000000C0C001
00000000000000000000000000000000
20000002300000000000000000000000
0000078F394211280000001014050000
00000000000000000000000000000000
00000000000000100001000000C2C001
00000000000000000000000000000000
00000000000000100001000000C30001
00000000000000000000000000000000
80000002200000000000000000000000
00000000000000100040040000BC0000
00000000000000000000000000000000
00000000000000100040000000D04001
00000000000000000000000000000000
20004002F00000000000000000000000
00000000000000000000001840010000
00000000000000000000000000000000
00000000000000100500000000B4C001
00000000000000000000000000000000
00000000000000100500000000C30021
00000000000000000000000000000000
00000000000000100500000000BBC001
00000000000000000000000000000000
00000000000000100500000000C34001
00000000000000000000000000000000
10000102600000010000000000000000
00000000000000100500000000C34001
00000000000000000000000000000000
000000050000200005006FAF52900008
00000000000000000000000000000000
00000000000000100200000000D08005
00000000000000000000000000000000
20001004300000000000000000000000
00000000000000000000214000000000
00000000000000000000000000000000
00000000400000800040000000B9C001
00000000000000000000000000000000
00000000000000100001000000C2C001
00000000000000000000000000000000
20000002300000000000000000000000
0000078F394211000000001014050000
00000000000000000000000000000000
00000000000000100001000000C2C001
00000000000000000000000000000000
00000000000000100001000000C30001
00000000000000000000000000000000
20000002F00000000000000000000000
00000000000000000000001840010000
00000000000000000000000000000000
00000000000000100200000000B9C001
00000000000000000000000000000000
00000000000000100200000000C30021
00000000000000000000000000000000
00000000000000100200000000C0C001
00000000000000000000000000000000
00000000000000100200000000CA4001
00000000000000000000000000000000
20000003700000000000000000000000
00000000000000000000001801610240
00000000000000000000000000000000
00000000000000100040000000CC0001
00000000000000000000000000000000
00000000000000100040000000D04001
00000000000000000000000000000000
00000000000000100040000000D06001
00000000000000000000000000000000
00000000000000100040000000CC0001
00000000000000000000000000000000
41000102200000000000000000000000
00000000000000100200000000CA4001
00000000000000000000000000000000
00000000000000100200000000CC4001
00000000000000000000000000000000
80C00402200000000000000000000000
00000000000000100200000000CC4001
00000000000000000000000000000000
00000008000008000200040000C32000
00000000000000000000000000000000
20000083700000000000000000000000
00000000000000000000001801610240
00000000000000000000000000000000
00000000000000100040000000D24001
00000000000000000000000000000000
00000000000000100040000000D04001
00000000000000000000000000000000
00000000000000100040000000D06001
00000000000000000000000000000000
00000000000000100040000000D24001
00000000000000000000000000000000
50004102E00001710000000000000000
00000000000000100200000000D08001
00000000000000000000000000000000
00000008000008000080040000C32000
00000000000000000000000000000000
00000008000000100200080030000000
00000000000000000000000000000000
00000000000000100280000000D28001
00000000000000000000000000000000
20000804300000000000000000000000
0000000000000F4D413CC28000030000
00000000000000000000000000000000
00000000000000100280000000D28001
00000000000000000000000000000000
00000000000000100001000000D50001
00000000000000000000000000000000
20000006700000000000000000000000
0000000000000F4D413CC2500B030000
00000000000000000000000000000000
00000000000000100280000000D28001
00000000000000000000000000000000
00000000000000100280000000D50021
00000000000000000000000000000000
00000000000000100280000000D54001
00000000000000000000000000000000
00000000000000100001000000D7C001
00000000000000000000000000000000
80000002200000000000000000000000
00000000000000100001040000C30000
00000000000000000000000000000000
00000000000000100001000000DA8001
00000000000000000000000000000000
20000002300000000000000000000000
00000000000000000000001800000000
00000000000000000000000000000000
00000000000000100280000000D54001
00000000000000000000000000000000
00000000000000100280000000D80001
00000000000000000000000000000000
50400102E00001710000000000000000
00000000000000100280000000D80001
00000000000000000000000000000000
00000008000008000080040000C32000
00000000000000000000000000000000
00000008000000100200080030000000
00000000000000000000000000000000
00000000000000100200000000DB4001
00000000000000000000000000000000
20004002F00000000000000000000000
0000000000000000000000108B000000
00000000000000000000000000000000
00000000000000100001000000DA8001
00000000000000000000000000000000
00000000000000100001000000D50001
00000000000000000000000000000000
00000000000000100001000000D7C001
00000000000000000000000000000000
00000000000000100001000000DB0001
00000000000000000000000000000000
20000802700000000000000000000000
00000000000000000000001800040000
00000000000000000000000000000000
00000000000000100200000000DB4001
00000000000000000000000000000000
00000000000000100200000000DB0021
00000000000000000000000000000000
00000000000000100200000000DF4001
00000000000000000000000000000000
20000003700000000000000000000000
00000000000000000000001801810240
00000000000000000000000000000000
00000000000000100040000000E10001
00000000000000000000000000000000
00000000000000100040000000D04001
00000000000000000000000000000000
00000000000000100040000000D06001
00000000000000000000000000000000
00000000000000100040000000E10001
00000000000000000000000000000000
10000102600000000000000000000000
00000000000000100200000000DF4001
00000000000000000000000000000000
000000200000400002006FB1D2A00004
00000000000000000000000000000000
00000000000000100400000000E14001
00000000000000000000000000000000
61000082200000080000000000000000
00000000000000100400000000E14001
00000000000000000000000000000000
00000000000000103000000001114005
00000000000000000000000000000000
A0000002600000000000000000000000
00000000000000105000000000000001
00000000000000000000000000000000
000000000000001000016FAEC6500004
00000000000000000000000000000000
00000000000000100018000000A04001
00000000000000000000000000000000
20000002300000000000000000000000
00000000000000000000001000000000
00000000000000000000000000000000
00000000000000105000000000000001
00000000000000000000000000000000
00000000000000105000000000500001
00000000000000000000000000000000
10001002600000010000000000000000
00000000000000102000000001114001
00000000000000000000000000000000
000000200000035020006FB5D2B00008
00000000000000000000000000000000
00000000000000100035000001414005
00000000000000000000000000000000
60400082200000000000000000000000
00000000000000101400000001414001
00000000000000000000000000000000
00000000000000101400000001414001
00000000000000000000000000000000
40811102E00000000000000000000000
00000000000000101400000001414001
00000000000000000000000000000000
00000000000000105000000000500001
00000000000000000000000000000000
00000000000000100014000000A04401
00000000000000000000000000000000
00000000000000105000000000000001
00000000000000000000000000000000
40000002E00000001E3CE50800000000
00000000000000105000000000000001
00000000000000000000000000000000
00000000000000101400040000500000
00000000000000000000000000000000
00000000000000100004000000A04001
00000000000000000000000000000000
00000000000000101400000000A0C005
00000000000000000000000000000000
10000402600000000000000000000000
00000000000000101400000000A0C001
00000000000000000000000000000000
000000280000004014006FB852E00004
00000000000000000000000000000000
00000000000000100004000001554001
00000000000000000000000000000000
20000082300000000000000000000000
00000000000000000000001030000000
00000000000000000000000000000000
00000000000000100004000001554001
00000000000000000000000000000000
00000000000000100004000001554001
00000000000000000000000000000000
60400102200000000000000000000000
00000000000000100180000001554001
00000000000000000000000000000000
00000000000000100180000001554001
00000000000000000000000000000000
80000002200000000000000000000000
00000000000000100180040000BD0000
00000000000000000000000000000000
0000000000000010018000000156C001
00000000000000000000000000000000
20005002B00000000000000000000000
00000000000000000000001002000000
00000000000000000000000000000000
00000000000000100180000001554001
00000000000000000000000000000000
0000000000000010018000000156C001
00000000000000000000000000000000
00000000000000100180000001584001
00000000000000000000000000000000
90800102200010060000000000000000
00000000000000100180000001584001
00000000000000000000000000000000
0000000000000010000600000159C015
00000000000000000000000000000000
2000800A300000000000000000000000
00000000000000000000001000000000
00000000000000000000000000000000
00000000000000100001000001554041
00000000000000000000400000000000
000000000000001000010000015A0001
00000000000000000000000000000000
0000000000000010000100000159C015
00000000000000000000000000000000
2000000A300000000000000000000000
00000000000000000000001000000000
00000000000000000000000000000000
00000000000000100001000001554041
00000000000000000000400000000000
000000000000001000010000015A0101
00000000000000000000000000000000
0000000000000010000100000159C115
00000000000000000000000000000000
2000000A300000000000000000000000
00000000000000000000001000000000
00000000000000000000000000000000
00000000000000100001000001554041
00000000000000000000400000000000
000000000000001000010000015A0201
00000000000000000000000000000000
0000000000000010000100000159C215
00000000000000000000000000000000
2000000A300000000000000000000000
00000000000000000000001000000000
00000000000000000000000000000000
00000000000000100001000001554041
00000000000000000000400000000000
000000000000001000010000015A0301
00000000000000000000000000000000
0000000000000010000100000159C315
00000000000000000000000000000000
80000002200000000000000000000000
00000000000000100001040005132000
00000000000000000000000000000000
000000000000001000010000015AC601
00000000000000000000000000000000
1000000A600000020000000000000000
00000000000000101400000000A0C001
00000000000000000000000000000000
0000000A0000018014006FB88EF0004C
00000000000000168000000000000000
00000000000000100018000002DD8005
00000000000000000000000000000000
0000000000000010000100000159C015
00000000000000000000000000000000
2000000A300000000000000000000000
00000000000000000000001000000000
00000000000000000000000000000000
00000000000000100001000001554041
00000000000000000000400000000000
000000000000001000010000015A0401
00000000000000000000000000000000
0000000000000010000100000159C415
00000000000000000000000000000000
2000000A300000000000000000000000
00000000000000000000001000000000
00000000000000000000000000000000
00000000000000100001000001554041
00000000000000000000400000000000
000000000000001000010000015A0501
00000000000000000000000000000000
0000000000000010000100000159C515
00000000000000000000000000000000
20000004300000000000000000000000
00000000000000000000024000000000
00000000000000000000000000000000
000000000000001000060000015A0001
00000000000000000000000000000000
000000000000001000010000015A4001
00000000000000000000000000000000
10000002600000010000000000000000
00000000000000101400000000A0C001
00000000000000000000000000000000
0000001400000180140070C68F100008
00000000000000000000000000000000
00000000000000100018000003C18005
00000000000000000000000000000000
10000002600000010000000000000000
00000000000000101400000000A0C001
00000000000000000000000000000000
0000001400000180140070C743200008
00000000000000000000000000000000
00000000000000100018000003CA8005
00000000000000000000000000000000
1000000A600000020000000000000000
00000000000000101400000000A0C001
00000000000000000000000000000000
0000000A000001801400703F8F00004C
00000000000000168000000000000000
00000000000000100018000002E68005
00000000000000000000000000000000
0000000000000010000100000159C015
00000000000000000000000000000000
1000000A600000020000000000000000
00000000000000101400000000A0C001
00000000000000000000000000000000
0000000A0000018014006FB88EF0004C
00000000000000168000000000000000
00000000000000100018000003038005
00000000000000000000000000000000
0000000000000010000100000159C115
00000000000000000000000000000000
1000000A600000020000000000000000
00000000000000101400000000A0C001
00000000000000000000000000000000
0000000A000001801400703F8F00004C
00000000000000168000000000000000
000000000000001000180000030C8005
00000000000000000000000000000000
0000000000000010000100000159C115
00000000000000000000000000000000
1000000A600000020000000000000000
00000000000000101400000000A0C001
00000000000000000000000000000000
0000000A0000018014006FB88EF0004C
00000000000000168000000000000000
00000000000000100018000003298005
00000000000000000000000000000000
0000000000000010000100000159C215
00000000000000000000000000000000
1000000A600000020000000000000000
00000000000000101400000000A0C001
00000000000000000000000000000000
0000000A000001801400703F8F00004C
00000000000000168000000000000000
00000000000000100018000003328005
00000000000000000000000000000000
0000000000000010000100000159C215
00000000000000000000000000000000
20000002300000000000000000000000
0000078F394200000000001004000000
00000000000000000000000000000000
000000000000001000010000015A4001
00000000000000000000000000000000
000000000000001000010000015A8001
00000000000000000000000000000000
1000000A600000020000000000000000
00000000000000101400000000A0C001
00000000000000000000000000000000
0000000A0000018014006FB88EF0004C
00000000000000168000000000000000
000000000000001000180000034F8005
00000000000000000000000000000000
0000000000000010000100000159C315
00000000000000000000000000000000
1000000A600000020000000000000000
00000000000000101400000000A0C001
00000000000000000000000000000000
0000000A000001801400703F8F00004C
00000000000000168000000000000000
00000000000000100018000003588005
00000000000000000000000000000000
0000000000000010000100000159C315
00000000000000000000000000000000
1000000A600000020000000000000000
00000000000000101400000000A0C001
00000000000000000000000000000000
0000000A0000018014006FB88EF0004C
00000000000000168000000000000000
00000000000000100018000003758005
00000000000000000000000000000000
0000000000000010000100000159C415
00000000000000000000000000000000
1000000A600000020000000000000000
00000000000000101400000000A0C001
00000000000000000000000000000000
0000000A000001801400703F8F00004C
00000000000000168000000000000000
000000000000001000180000037E8005
00000000000000000000000000000000
0000000000000010000100000159C415
00000000000000000000000000000000
1000000A600000020000000000000000
00000000000000101400000000A0C001
00000000000000000000000000000000
0000000A0000018014006FB88EF0004C
00000000000000168000000000000000
000000000000001000180000039B8005
00000000000000000000000000000000
0000000000000010000100000159C515
00000000000000000000000000000000
20004002700000000000000000000000
00000FF00000000000000010C0040000
00000000000000000000000000000000
000000000000001000060000015A0001
00000000000000000000000000000000
000000000000001000060000015A8021
00000000000000000000000000000000
000000000000001000060000015AC001
00000000000000000000000000000000
1000000A600000020000000000000000
00000000000000101400000000A0C001
00000000000000000000000000000000
0000000A000001801400703F8F00004C
00000000000000168000000000000000
00000000000000100018000003A48005
00000000000000000000000000000000
0000000000000010000100000159C515
00000000000000000000000000000000
20000082F00000000000000000000000
00000000000000000000001A6800C000
00000000000000000000000000001048
00000026000000700018000002DD8001
00000000000000000000000000000000
000000000100007000180000015AC021
00000000000000000000000000000000
00000026000000700018000002E68001
00000000000000000000000000000000
000000090000007000180000015B0001
00000000000000000000000000000000
60400102200000000000000000000000
000000000000001009000000016D0001
00000000000000000000000000000000
000000000000001009000000016D0001
00000000000000000000000000000000
60400002200000000000000000000000
00000000000000100900000001640001
00000000000000000000000000000000
00000000000000100900000001640001
00000000000000000000000000000000
A0000002600000000000000000000000
00000000000000105000000000000001
00000000000000000000000000000000
000000000000001000016FB852C00004
00000000000000000000000000000000
00000000000000100018000000A08001
00000000000000000000000000000000
60400002200000000000000000000000
000000000000001009000000015B0001
00000000000000000000000000000000
000000000000001009000000015B0001
00000000000000000000000000000000
1000100A600000020000000000000000
000000000000001009000000015B0001
00000000000000000000000000000000
0000000480000350090070C7F730004C
00000000000000168000000000000000
00000000000000100035000002EF8005
00000000000000000000000000000000
0000000000000010000100000159C015
00000000000000000000000000000000
1000000A600000020000000000000000
000000000000001009000000016D0001
00000000000000000000000000000000
0000000480000350090070C7F730004C
00000000000000168000000000000000
000000000000001000350000033B8005
00000000000000000000000000000000
0000000000000010000100000159C215
00000000000000000000000000000000
60400002200000000000000000000000
00000000000000100900000001760001
00000000000000000000000000000000
00000000000000100900000001760001
00000000000000000000000000000000
1000000A600000020000000000000000
00000000000000100900000001640001
00000000000000000000000000000000
0000000480000350090070C7F730004C
00000000000000168000000000000000
00000000000000100035000003158005
00000000000000000000000000000000
0000000000000010000100000159C115
00000000000000000000000000000000
60400002200000000000000000000000
000000000000001009000000017F0001
00000000000000000000000000000000
000000000000001009000000017F0001
00000000000000000000000000000000
20000082B00000000000000000000000
00000000000000000000001084000000
00000000000000000000000000000000
00000000000000100035000002EF8001
00000000000000000000000000000000
00000000000000100035000003158001
00000000000000000000000000000000
000000000000001000350000019A0001
00000000000000000000000000000000
60400002200000000000000000000000
00000000000000100900000001880001
00000000000000000000000000000000
00000000000000100900000001880001
00000000000000000000000000000000
1000100A600000020000000000000000
00000000000000100900000001880001
00000000000000000000000000000000
0000000480000350090070C7F730004C
00000000000000168000000000000000
00000000000000100035000003AD8005
00000000000000000000000000000000
0000000000000010000100000159C515
00000000000000000000000000000000
60400002200000000000000000000000
00000000000000100900000001910001
00000000000000000000000000000000
00000000000000100900000001910001
00000000000000000000000000000000
1000000A600000020000000000000000
00000000000000100900000001760001
00000000000000000000000000000000
0000000480000350090070C7F730004C
00000000000000168000000000000000
00000000000000100035000003618005
00000000000000000000000000000000
0000000000000010000100000159C315
00000000000000000000000000000000
20000083B00000000000000000000000
00000000000000000000001085000000
00000000000000000000000000000000
000000000000001000350000019A0001
00000000000000000000000000000000
00000000000000100035000003618001
00000000000000000000000000000000
000000000000001000350000033B8001
00000000000000000000000000000000
000000000000001000350000019A0001
00000000000000000000000000000000
1000000A600000020000000000000000
000000000000001009000000017F0001
00000000000000000000000000000000
0000000480000350090070C7F730004C
00000000000000168000000000000000
00000000000000100035000003878005
00000000000000000000000000000000
0000000000000010000100000159C415
00000000000000000000000000000000
20000083B00000000000000000000000
00000000000000000000001085000000
00000000000000000000000000000000
000000000000001000350000019A0001
00000000000000000000000000000000
00000000000000100035000003AD8001
00000000000000000000000000000000
00000000000000100035000003878001
00000000000000000000000000000000
000000000000001000350000019A0001
00000000000000000000000000000000
10001002600000010000000000000000
00000000000000100900000001910001
00000000000000000000000000000000
00000009000003500900714EF7400008
00000000000000000000000000000000
00000000000000100035000003D38005
00000000000000000000000000000000
20000082B00000000000000000000000
00000000000000000000001802000000
00000000000000000000000000000000
000000000000001000350000019A0001
00000000000000000000000000000000
00000000000000100035000003D38001
00000000000000000000000000000000
000000000000001000350000019A0001
00000000000000000000000000000000
60400102200000000000000000000000
000000000000001014000000019A0001
00000000000000000000000000000000
000000000000001014000000019A0001
00000000000000000000000000000000
20000002300000000000000000000000
00000000000000000000001000000000
00000000000000000000000000000000
00000000000000105000000000000001
00000000000000000000000000000000
00000000000000105000000000500001
00000000000000000000000000000000
80800000000000000000000000000000
20010002300000000000000000000000
00000000000000000000001000000000
00000000000000000000000000000000
00000000000000100004000000A08001
00000000000000000000000000000000
00000000000000100004000000A00001
00000000000000000000000000000000
40801102E00000000000000000000000
000000000000001014000000019A0001
00000000000000000000000000000000
00000000000000105000000000500001
00000000000000000000000000000000
00000000000000100014000000A08401
00000000000000000000000000000000
00000000000000105000000000000001
00000000000000000000000000000000
00FFFF80200000000000000000000000
00000000000000000001000003FFF015
00000000000000000000000000000000
40000002E00000001E3CE50800000000
00000000000000105000000000000001
00000000000000000000000000000000
00000000000000101400040000000000
00000000000000000000000000000000
00000000000000100004000000A00001
00000000000000000000000000000000
00000000000000101400000000A0C005
00000000000000000000000000000000
80000002200000000000000000000000
00000000000000100500040000A00000
00000000000000000000000000000000
00000000000000100500000000BBC001
00000000000000000000000000000000
10000402600000010000000000000000
00000000000000101400000000A0C001
00000000000000000000000000000000
00000014000000D01400714FAB700008
00000000000000000000000000000000
0000000000000010000D000000B4C005
00000000000000000000000000000000
60400082200000000000000000000000
00000000000000100500000000B4C001
00000000000000000000000000000000
00000000000000100500000000B4C001
00000000000000000000000000000000
00000000000000000000000000000000
20001004300000000000000000000000
00000000000000000000214000000000
00000000000000000000000000000000
00000000A000008000A0000000B4C001
00000000000000000000000000000000
00000000000000100001000000C2C001
00000000000000000000000000000000
20000002300000000000000000000000
0000078F394211280000001014050000
00000000000000000000000000000000
00000000000000100001000000C2C001
00000000000000000000000000000000
00000000000000100001000000C30001
00000000000000000000000000000000
60400002200000000000000000000000
00000000000000100020000002990001
00000000000000000000000000000000
00000000000000100020000002990001
00000000000000000000000000000000
20004002F00000000000000000000000
00000000000000000000001840010000
00000000000000000000000000000000
00000000000000100500000000B4C001
00000000000000000000000000000000
00000000000000100500000000C30021
00000000000000000000000000000000
00000000000000100500000000BBC001
00000000000000000000000000000000
00000000000000100500000000C34001
00000000000000000000000000000000
10000102600000010000000000000000
00000000000000100500000000C34001
00000000000000000000000000000000
00000005000002A005007152BCB00008
00000000000000000000000000000000
0000000000000010002A000002994005
00000000000000000000000000000000
60400082200000000000000000000000
00000000000000101000000002994001
00000000000000000000000000000000
00000000000000101000000002994001
00000000000000000000000000000000
9000100060000000000000000000001C
00000000000000101000000002994001
00000000000000000000000000000000
00000000000000100020000002990001
00000000000000000000000000000000
9040000000000014001000000000001C
90C0000000000003001000000000001C
9080000000000200000000000000001C
10000002600000010000000000000000
00000000000000101400000000A0C001
00000000000000000000000000000000
0000001400000050140071500F800008
00000000000000000000000000000000
00000000000000100005000000B9C005
00000000000000000000000000000000
80000002200000000000000000000000
00000000000000100200040000B40000
00000000000000000000000000000000
00000000000000100200000000C0C001
00000000000000000000000000000000
80000002200000000000000000000000
00000000000000100040040000BC0000
00000000000000000000000000000000
00000000000000100040000000D04001
00000000000000000000000000000000
60400082200000000000000000000000
00000000000000100200000000B9C001
00000000000000000000000000000000
00000000000000100200000000B9C001
00000000000000000000000000000000
20001004300000000000000000000000
00000000000000000000214000000000
00000000000000000000000000000000
00000000400000800040000000B9C001
00000000000000000000000000000000
00000000000000100001000000C2C001
00000000000000000000000000000000
10000002600000010000000000000000
00000000000000100500000000C34001
00000000000000000000000000000000
0000000500002000050071503CA00008
00000000000000000000000000000000
00000000000000100200000000D08005
00000000000000000000000000000000
60808002000000000000020000000000
00000000000000100200000002A94015
00000000000000000000000000000000
20004083700000000000000000000000
00000000000000000000001801610240
00000000000000000000000000000000
00000000000000100040000000D24001
00000000000000000000000000000000
00000000000000100040000000D04001
00000000000000000000000000000000
00000000000000100040000000D06001
00000000000000000000000000000000
00000000000000100040000000D24001
00000000000000000000000000000000
80000002200000000000000000000000
00000000000000100001040000C30000
00000000000000000000000000000000
00000000000000100001000000DA8001
00000000000000000000000000000000
A0000002600000000000000000000000
00000000000000105000000000000001
00000000000000000000000000000000
00000000000000100001714FAB500004
00000000000000000000000000000000
00000000000000100018000000A04001
00000000000000000000000000000000
20000002300000000000000000000000
00000000000000000000001000000000
00000000000000000000000000000000
00000000000000105000000000000001
00000000000000000000000000000000
00000000000000105000000000500001
00000000000000000000000000000000
80000002200000000000000000000000
00000000000000100180040000BD0000
00000000000000000000000000000000
0000000000000010018000000156C001
00000000000000000000000000000000
80000002200000000000000000000000
00000000000000100001040005132000
00000000000000000000000000000000
000000000000001000010000015AC601
00000000000000000000000000000000
6140000A200000080000020000000040
00000008000000100200020400800000
00000000000000000000000000000000
00000008000000100200080030000000
00000000000000000000000000000000
00000000000000100200000002A94015
00000000000000000000000000000000
20000002300000000000000000000000
0000078F394211000000001014050000
00000000000000000000000000000000
00000000000000100001000000C2C001
00000000000000000000000000000000
00000000000000100001000000C30001
00000000000000000000000000000000
20000002F00000000000000000000000
00000000000000000000001840010000
00000000000000000000000000000000
00000000000000100200000000B9C001
00000000000000000000000000000000
00000000000000100200000000C30021
00000000000000000000000000000000
00000000000000100200000000C0C001
00000000000000000000000000000000
00000000000000100200000000CA4001
00000000000000000000000000000000
20000003700000000000000000000000
00000000000000000000001801610240
00000000000000000000000000000000
00000000000000100040000000CC0001
00000000000000000000000000000000
00000000000000100040000000D04001
00000000000000000000000000000000
00000000000000100040000000D06001
00000000000000000000000000000000
00000000000000100040000000CC0001
00000000000000000000000000000000
41000102200000000000000000000000
00000000000000100200000000CA4001
00000000000000000000000000000000
00000000000000100200000000CC4001
00000000000000000000000000000000
80C00402200000000000000000000000
00000000000000100200000000CC4001
00000000000000000000000000000000
00000008000008000200040000C32000
00000000000000000000000000000000
50005002E00001710000000000000000
00000000000000100200000000D08001
00000000000000000000000000000000
00000008000008000080040000C32000
00000000000000000000000000000000
00000008000000100200080030000000
00000000000000000000000000000000
00000000000000100280000000D28001
00000000000000000000000000000000
20000804300000000000000000000000
0000000000000F4D413CC28000030000
00000000000000000000000000000000
00000000000000100280000000D28001
00000000000000000000000000000000
00000000000000100001000000D50001
00000000000000000000000000000000
20000006700000000000000000000000
0000000000000F4D413CC2500B030000
00000000000000000000000000000000
00000000000000100280000000D28001
00000000000000000000000000000000
00000000000000100280000000D50021
00000000000000000000000000000000
00000000000000100280000000D54001
00000000000000000000000000000000
00000000000000100001000000D7C001
00000000000000000000000000000000
20000002300000000000000000000000
00000000000000000000001800000000
00000000000000000000000000000000
00000000000000100280000000D54001
00000000000000000000000000000000
00000000000000100280000000D80001
00000000000000000000000000000000
50400102E00001710000000000000000
00000000000000100280000000D80001
00000000000000000000000000000000
00000008000008000080040000C32000
00000000000000000000000000000000
00000008000000100200080030000000
00000000000000000000000000000000
00000000000000100200000000DB4001
00000000000000000000000000000000
20000002F00000000000000000000000
0000000000000000000000108B000000
00000000000000000000000000000000
00000000000000100001000000DA8001
00000000000000000000000000000000
00000000000000100001000000D50001
00000000000000000000000000000000
00000000000000100001000000D7C001
00000000000000000000000000000000
00000000000000100001000000DB0001
00000000000000000000000000000000
20000802700000000000000000000000
00000000000000000000001800040000
00000000000000000000000000000000
00000000000000100200000000DB4001
00000000000000000000000000000000
00000000000000100200000000DB0021
00000000000000000000000000000000
00000000000000100200000000DF4001
00000000000000000000000000000000
20000003700000000000000000000000
00000000000000000000001801810240
00000000000000000000000000000000
00000000000000100040000000E10001
00000000000000000000000000000000
00000000000000100040000000D04001
00000000000000000000000000000000
00000000000000100040000000D06001
00000000000000000000000000000000
00000000000000100040000000E10001
00000000000000000000000000000000
10000102600000000000000000000000
00000000000000100200000000DF4001
00000000000000000000000000000000
0000002000004000020071530CC00004
00000000000000000000000000000000
00000000000000100400000000E14001
00000000000000000000000000000000
61000082200000080000000000000000
00000000000000100400000000E14001
00000000000000000000000000000000
00000000000000103000000001114005
00000000000000000000000000000000
10001002600000010000000000000000
00000000000000102000000001114001
00000000000000000000000000000000
0000002000000350200071570CD00008
00000000000000000000000000000000
00000000000000100035000001414005
00000000000000000000000000000000
60400082200000000000000000000000
00000000000000101400000001414001
00000000000000000000000000000000
00000000000000101400000001414001
00000000000000000000000000000000
40811002E00000000000000000000000
00000000000000101400000001414001
00000000000000000000000000000000
00000000000000105000000000500001
00000000000000000000000000000000
00000000000000100014000000A04401
00000000000000000000000000000000
00000000000000105000000000000001
00000000000000000000000000000000
40000002E00000001E3CE50800000000
00000000000000105000000000000001
00000000000000000000000000000000
00000000000000101400040000500000
00000000000000000000000000000000
00000000000000100004000000A04001
00000000000000000000000000000000
00000000000000101400000000A0C005
00000000000000000000000000000000
10000402600000000000000000000000
00000000000000101400000000A0C001
00000000000000000000000000000000
0000002800000040140071598D000004
00000000000000000000000000000000
00000000000000100004000001554001
00000000000000000000000000000000
20000082300000000000000000000000
00000000000000000000001030000000
00000000000000000000000000000000
00000000000000100004000001554001
00000000000000000000000000000000
00000000000000100004000001554001
00000000000000000000000000000000
10000002600000010000000000000000
00000000000000101400000000A0C001
00000000000000000000000000000000
000000140000018014007267C9300008
00000000000000000000000000000000
00000000000000100018000003C18005
00000000000000000000000000000000
60400102200000000000000000000000
00000000000000100180000001554001
00000000000000000000000000000000
00000000000000100180000001554001
00000000000000000000000000000000
10000002600000010000000000000000
00000000000000101400000000A0C001
00000000000000000000000000000000
0000001400000180140072687D400008
00000000000000000000000000000000
00000000000000100018000003CA8005
00000000000000000000000000000000
A0000002600000000000000000000000
00000000000000105000000000000001
00000000000000000000000000000000
0000000000000010000171598CE00004
00000000000000000000000000000000
00000000000000100018000000A08001
00000000000000000000000000000000
20000002300000000000000000000000
00000000000000000000001000000000
00000000000000000000000000000000
00000000000000105000000000000001
00000000000000000000000000000000
00000000000000105000000000500001
00000000000000000000000000000000
20001002B00000000000000000000000
00000000000000000000001002000000
00000000000000000000000000000000
00000000000000100180000001554001
00000000000000000000000000000000
0000000000000010018000000156C001
00000000000000000000000000000000
00000000000000100180000001584001
00000000000000000000000000000000
90800102200010060000000000000000
00000000000000100180000001584001
00000000000000000000000000000000
0000000000000010000600000159C015
00000000000000000000000000000000
2000800A300000000000000000000000
00000000000000000000001000000000
00000000000000000000000000000000
00000000000000100001000001554041
00000000000000000000400000000000
000000000000001000010000015A0001
00000000000000000000000000000000
0000000000000010000100000159C015
00000000000000000000000000000000
2000000A300000000000000000000000
00000000000000000000001000000000
00000000000000000000000000000000
00000000000000100001000001554041
00000000000000000000400000000000
000000000000001000010000015A0101
00000000000000000000000000000000
0000000000000010000100000159C115
00000000000000000000000000000000
1000000A600000020000000000000000
00000000000000101400000000A0C001
00000000000000000000000000000000
0000000A0000018014007159C910004C
00000000000000168000000000000000
00000000000000100018000002DD8005
00000000000000000000000000000000
0000000000000010000100000159C015
00000000000000000000000000000000
2000000A300000000000000000000000
00000000000000000000001000000000
00000000000000000000000000000000
00000000000000100001000001554041
00000000000000000000400000000000
000000000000001000010000015A0201
00000000000000000000000000000000
0000000000000010000100000159C215
00000000000000000000000000000000
2000000A300000000000000000000000
00000000000000000000001000000000
00000000000000000000000000000000
00000000000000100001000001554041
00000000000000000000400000000000
000000000000001000010000015A0301
00000000000000000000000000000000
0000000000000010000100000159C315
00000000000000000000000000000000
1000000A600000020000000000000000
00000000000000101400000000A0C001
00000000000000000000000000000000
0000000A00000180140071E0C920004C
00000000000000168000000000000000
00000000000000100018000002E68005
00000000000000000000000000000000
0000000000000010000100000159C015
00000000000000000000000000000000
2000000A300000000000000000000000
00000000000000000000001000000000
00000000000000000000000000000000
00000000000000100001000001554041
00000000000000000000400000000000
000000000000001000010000015A0401
00000000000000000000000000000000
0000000000000010000100000159C415
00000000000000000000000000000000
1000000A600000020000000000000000
00000000000000101400000000A0C001
00000000000000000000000000000000
0000000A0000018014007159C910004C
00000000000000168000000000000000
00000000000000100018000003038005
00000000000000000000000000000000
0000000000000010000100000159C115
00000000000000000000000000000000
1000000A600000020000000000000000
00000000000000101400000000A0C001
00000000000000000000000000000000
0000000A00000180140071E0C920004C
00000000000000168000000000000000
000000000000001000180000030C8005
00000000000000000000000000000000
0000000000000010000100000159C115
00000000000000000000000000000000
1000000A600000020000000000000000
00000000000000101400000000A0C001
00000000000000000000000000000000
0000000A0000018014007159C910004C
00000000000000168000000000000000
00000000000000100018000003298005
00000000000000000000000000000000
0000000000000010000100000159C215
00000000000000000000000000000000
2000000A300000000000000000000000
00000000000000000000001000000000
00000000000000000000000000000000
00000000000000100001000001554041
00000000000000000000400000000000
000000000000001000010000015A0501
00000000000000000000000000000000
0000000000000010000100000159C515
00000000000000000000000000000000
1000000A600000020000000000000000
00000000000000101400000000A0C001
00000000000000000000000000000000
0000000A00000180140071E0C920004C
00000000000000168000000000000000
00000000000000100018000003328005
00000000000000000000000000000000
0000000000000010000100000159C215
00000000000000000000000000000000
1000000A600000020000000000000000
00000000000000101400000000A0C001
00000000000000000000000000000000
0000000A0000018014007159C910004C
00000000000000168000000000000000
000000000000001000180000034F8005
00000000000000000000000000000000
0000000000000010000100000159C315
00000000000000000000000000000000
1000000A600000020000000000000000
00000000000000101400000000A0C001
00000000000000000000000000000000
0000000A00000180140071E0C920004C
00000000000000168000000000000000
00000000000000100018000003588005
00000000000000000000000000000000
0000000000000010000100000159C315
00000000000000000000000000000000
20000004300000000000000000000000
00000000000000000000024000000000
00000000000000000000000000000000
000000000000001000060000015A0001
00000000000000000000000000000000
000000000000001000010000015A4001
00000000000000000000000000000000
1000000A600000020000000000000000
00000000000000101400000000A0C001
00000000000000000000000000000000
0000000A0000018014007159C910004C
00000000000000168000000000000000
00000000000000100018000003758005
00000000000000000000000000000000
0000000000000010000100000159C415
00000000000000000000000000000000
1000000A600000020000000000000000
00000000000000101400000000A0C001
00000000000000000000000000000000
0000000A00000180140071E0C920004C
00000000000000168000000000000000
000000000000001000180000037E8005
00000000000000000000000000000000
0000000000000010000100000159C415
00000000000000000000000000000000
1000000A600000020000000000000000
00000000000000101400000000A0C001
00000000000000000000000000000000
0000000A0000018014007159C910004C
00000000000000168000000000000000
000000000000001000180000039B8005
00000000000000000000000000000000
0000000000000010000100000159C515
00000000000000000000000000000000
1000000A600000020000000000000000
00000000000000101400000000A0C001
00000000000000000000000000000000
0000000A00000180140071E0C920004C
00000000000000168000000000000000
00000000000000100018000003A48005
00000000000000000000000000000000
0000000000000010000100000159C515
00000000000000000000000000000000
20000002300000000000000000000000
0000078F394200000000001004000000
00000000000000000000000000000000
000000000000001000010000015A4001
00000000000000000000000000000000
000000000000001000010000015A8001
00000000000000000000000000000000
20000002700000000000000000000000
00000FF00000000000000010C0040000
00000000000000000000000000000000
000000000000001000060000015A0001
00000000000000000000000000000000
000000000000001000060000015A8021
00000000000000000000000000000000
000000000000001000060000015AC001
00000000000000000000000000000000
20000082F00000000000000000000000
00000000000000000000001A6800C000
00000000000000000000000000001048
00000026000000700018000002DD8001
00000000000000000000000000000000
000000000100007000180000015AC021
00000000000000000000000000000000
00000026000000700018000002E68001
00000000000000000000000000000000
000000090000007000180000015B0001
00000000000000000000000000000000
80800000000000000000000000000000
60400102200000000000000000000000
000000000000001009000000015B0001
00000000000000000000000000000000
000000000000001009000000015B0001
00000000000000000000000000000000
1000100A600000020000000000000000
000000000000001009000000015B0001
00000000000000000000000000000000
0000000480000350090072693150004C
00000000000000168000000000000000
00000000000000100035000002EF8005
00000000000000000000000000000000
0000000000000010000100000159C015
00000000000000000000000000000000
60400002200000000000000000000000
00000000000000100900000001640001
00000000000000000000000000000000
00000000000000100900000001640001
00000000000000000000000000000000
1000100A600000020000000000000000
00000000000000100900000001640001
00000000000000000000000000000000
0000000480000350090072693150004C
00000000000000168000000000000000
00000000000000100035000003158005
00000000000000000000000000000000
0000000000000010000100000159C115
00000000000000000000000000000000
60400002200000000000000000000000
000000000000001009000000016D0001
00000000000000000000000000000000
000000000000001009000000016D0001
00000000000000000000000000000000
20010002300000000000000000000000
00000000000000000000001000000000
00000000000000000000000000000000
00000000000000100004000000A08001
00000000000000000000000000000000
00000000000000100004000000A00001
00000000000000000000000000000000
20000082B00000000000000000000000
00000000000000000000001084000000
00000000000000000000000000000000
00000000000000100035000002EF8001
00000000000000000000000000000000
00000000000000100035000003158001
00000000000000000000000000000000
000000000000001000350000019A0001
00000000000000000000000000000000
60400002200000000000000000000000
00000000000000100900000001760001
00000000000000000000000000000000
00000000000000100900000001760001
00000000000000000000000000000000
60400002200000000000000000000000
000000000000001009000000017F0001
00000000000000000000000000000000
000000000000001009000000017F0001
00000000000000000000000000000000
60400002200000000000000000000000
00000000000000100900000001880001
00000000000000000000000000000000
00000000000000100900000001880001
00000000000000000000000000000000
1000100A600000020000000000000000
000000000000001009000000016D0001
00000000000000000000000000000000
0000000480000350090072693150004C
00000000000000168000000000000000
000000000000001000350000033B8005
00000000000000000000000000000000
0000000000000010000100000159C215
00000000000000000000000000000000
1000000A600000020000000000000000
00000000000000100900000001760001
00000000000000000000000000000000
0000000480000350090072693150004C
00000000000000168000000000000000
00000000000000100035000003618005
00000000000000000000000000000000
0000000000000010000100000159C315
00000000000000000000000000000000
60400002200000000000000000000000
00000000000000100900000001910001
00000000000000000000000000000000
00000000000000100900000001910001
00000000000000000000000000000000
20000083B00000000000000000000000
00000000000000000000001085000000
00000000000000000000000000000000
000000000000001000350000019A0001
00000000000000000000000000000000
00000000000000100035000003618001
00000000000000000000000000000000
000000000000001000350000033B8001
00000000000000000000000000000000
000000000000001000350000019A0001
00000000000000000000000000000000
1000000A600000020000000000000000
000000000000001009000000017F0001
00000000000000000000000000000000
0000000480000350090072693150004C
00000000000000168000000000000000
00000000000000100035000003878005
00000000000000000000000000000000
0000000000000010000100000159C415
00000000000000000000000000000000
1000000A600000020000000000000000
00000000000000100900000001880001
00000000000000000000000000000000
0000000480000350090072693150004C
00000000000000168000000000000000
00000000000000100035000003AD8005
00000000000000000000000000000000
0000000000000010000100000159C515
00000000000000000000000000000000
20000083B00000000000000000000000
00000000000000000000001085000000
00000000000000000000000000000000
000000000000001000350000019A0001
00000000000000000000000000000000
00000000000000100035000003AD8001
00000000000000000000000000000000
00000000000000100035000003878001
00000000000000000000000000000000
000000000000001000350000019A0001
00000000000000000000000000000000
10001002600000010000000000000000
00000000000000100900000001910001
00000000000000000000000000000000
0000000900000350090072F031600008
00000000000000000000000000000000
00000000000000100035000003D38005
00000000000000000000000000000000
20000082B00000000000000000000000
00000000000000000000001802000000
00000000000000000000000000000000
000000000000001000350000019A0001
00000000000000000000000000000000
00000000000000100035000003D38001
00000000000000000000000000000000
000000000000001000350000019A0001
00000000000000000000000000000000
60400102200000000000000000000000
000000000000001014000000019A0001
00000000000000000000000000000000
000000000000001014000000019A0001
00000000000000000000000000000000
40801002E00000000000000000000000
000000000000001014000000019A0001
00000000000000000000000000000000
00000000000000105000000000500001
00000000000000000000000000000000
00000000000000100014000000A08401
00000000000000000000000000000000
00000000000000105000000000000001
00000000000000000000000000000000
00FFFF80200000000000000000000000
00000000000000000001000003FFF015
00000000000000000000000000000000
40000002E00000001E3CE50800000000
00000000000000105000000000000001
00000000000000000000000000000000
00000000000000101400040000000000
00000000000000000000000000000000
00000000000000100004000000A00001
00000000000000000000000000000000
00000000000000101400000000A0C005
00000000000000000000000000000000
10000402600000010000000000000000
00000000000000101400000000A0C001
00000000000000000000000000000000
0000001400000050140072F149A00008
00000000000000000000000000000000
00000000000000100005000000B9C005
00000000000000000000000000000000
10000002600000010000000000000000
00000000000000101400000000A0C001
00000000000000000000000000000000
00000014000000D0140072F0E5900008
00000000000000000000000000000000
0000000000000010000D000000B4C005
00000000000000000000000000000000
60400082200000000000000000000000
00000000000000100500000000B4C001
00000000000000000000000000000000
00000000000000100500000000B4C001
00000000000000000000000000000000
20001004300000000000000000000000
00000000000000000000214000000000
00000000000000000000000000000000
00000000A000008000A0000000B4C001
00000000000000000000000000000000
00000000000000100001000000C2C001
00000000000000000000000000000000
80000002200000000000000000000000
00000000000000100500040000A00000
00000000000000000000000000000000
00000000000000100500000000BBC001
00000000000000000000000000000000
60400002200000000000000000000000
00000000000000100200000000B9C001
00000000000000000000000000000000
00000000000000100200000000B9C001
00000000000000000000000000000000
80000002200000000000000000000000
00000000000000100200040000B40000
00000000000000000000000000000000
00000000000000100200000000C0C001
00000000000000000000000000000000
20000002300000000000000000000000
0000078F394211280000001014050000
00000000000000000000000000000000
00000000000000100001000000C2C001
00000000000000000000000000000000
00000000000000100001000000C30001
00000000000000000000000000000000
80000002200000000000000000000000
00000000000000100040040000BC0000
00000000000000000000000000000000
00000000000000100040000000D04001
00000000000000000000000000000000
20004002F00000000000000000000000
00000000000000000000001840010000
00000000000000000000000000000000
00000000000000100500000000B4C001
00000000000000000000000000000000
00000000000000100500000000C30021
00000000000000000000000000000000
00000000000000100500000000BBC001
00000000000000000000000000000000
00000000000000100500000000C34001
00000000000000000000000000000000
10000102600000010000000000000000
00000000000000100500000000C34001
00000000000000000000000000000000
0000000500002000050072F171B00008
00000000000000000000000000000000
00000000000000100200000000D08005
00000000000000000000000000000000
20001004300000000000000000000000
00000000000000000000214000000000
00000000000000000000000000000000
00000000400000800040000000B9C001
00000000000000000000000000000000
00000000000000100001000000C2C001
00000000000000000000000000000000
20000002300000000000000000000000
0000078F394211000000001014050000
00000000000000000000000000000000
00000000000000100001000000C2C001
00000000000000000000000000000000
00000000000000100001000000C30001
00000000000000000000000000000000
20000002F00000000000000000000000
00000000000000000000001840010000
00000000000000000000000000000000
00000000000000100200000000B9C001
00000000000000000000000000000000
00000000000000100200000000C30021
00000000000000000000000000000000
00000000000000100200000000C0C001
00000000000000000000000000000000
00000000000000100200000000CA4001
00000000000000000000000000000000
20000003700000000000000000000000
00000000000000000000001801610240
00000000000000000000000000000000
00000000000000100040000000CC0001
00000000000000000000000000000000
00000000000000100040000000D04001
00000000000000000000000000000000
00000000000000100040000000D06001
00000000000000000000000000000000
00000000000000100040000000CC0001
00000000000000000000000000000000
41000102200000000000000000000000
00000000000000100200000000CA4001
00000000000000000000000000000000
00000000000000100200000000CC4001
00000000000000000000000000000000
80C00402200000000000000000000000
00000000000000100200000000CC4001
00000000000000000000000000000000
00000008000008000200040000C32000
00000000000000000000000000000000
20000083700000000000000000000000
00000000000000000000001801610240
00000000000000000000000000000000
00000000000000100040000000D24001
00000000000000000000000000000000
00000000000000100040000000D04001
00000000000000000000000000000000
00000000000000100040000000D06001
00000000000000000000000000000000
00000000000000100040000000D24001
00000000000000000000000000000000
50004102E00001710000000000000000
00000000000000100200000000D08001
00000000000000000000000000000000
00000008000008000080040000C32000
00000000000000000000000000000000
00000008000000100200080030000000
00000000000000000000000000000000
00000000000000100280000000D28001
00000000000000000000000000000000
20000804300000000000000000000000
0000000000000F4D413CC28000030000
00000000000000000000000000000000
00000000000000100280000000D28001
00000000000000000000000000000000
00000000000000100001000000D50001
00000000000000000000000000000000
20000006700000000000000000000000
0000000000000F4D413CC2500B030000
00000000000000000000000000000000
00000000000000100280000000D28001
00000000000000000000000000000000
00000000000000100280000000D50021
00000000000000000000000000000000
00000000000000100280000000D54001
00000000000000000000000000000000
00000000000000100001000000D7C001
00000000000000000000000000000000
80000002200000000000000000000000
00000000000000100001040000C30000
00000000000000000000000000000000
00000000000000100001000000DA8001
00000000000000000000000000000000
20000002300000000000000000000000
00000000000000000000001800000000
00000000000000000000000000000000
00000000000000100280000000D54001
00000000000000000000000000000000
00000000000000100280000000D80001
00000000000000000000000000000000
50400102E00001710000000000000000
00000000000000100280000000D80001
00000000000000000000000000000000
00000008000008000080040000C32000
00000000000000000000000000000000
00000008000000100200080030000000
00000000000000000000000000000000
00000000000000100200000000DB4001
00000000000000000000000000000000
20004002F00000000000000000000000
0000000000000000000000108B000000
00000000000000000000000000000000
00000000000000100001000000DA8001
00000000000000000000000000000000
00000000000000100001000000D50001
00000000000000000000000000000000
00000000000000100001000000D7C001
00000000000000000000000000000000
00000000000000100001000000DB0001
00000000000000000000000000000000
20000802700000000000000000000000
00000000000000000000001800040000
00000000000000000000000000000000
00000000000000100200000000DB4001
00000000000000000000000000000000
00000000000000100200000000DB0021
00000000000000000000000000000000
00000000000000100200000000DF4001
00000000000000000000000000000000
20000003700000000000000000000000
00000000000000000000001801810240
00000000000000000000000000000000
00000000000000100040000000E10001
00000000000000000000000000000000
00000000000000100040000000D04001
00000000000000000000000000000000
00000000000000100040000000D06001
00000000000000000000000000000000
00000000000000100040000000E10001
00000000000000000000000000000000
10000102600000000000000000000000
00000000000000100200000000DF4001
00000000000000000000000000000000
0000002000004000020072F3F1C00004
00000000000000000000000000000000
00000000000000100400000000E14001
00000000000000000000000000000000
61000082200000080000000000000000
00000000000000100400000000E14001
00000000000000000000000000000000
00000000000000103000000001114005
00000000000000000000000000000000
A0000002600000000000000000000000
00000000000000105000000000000001
00000000000000000000000000000000
0000000000000010000172F0E5700004
00000000000000000000000000000000
00000000000000100018000000A04001
00000000000000000000000000000000
20000002300000000000000000000000
00000000000000000000001000000000
00000000000000000000000000000000
00000000000000105000000000000001
00000000000000000000000000000000
00000000000000105000000000500001
00000000000000000000000000000000
10001002600000010000000000000000
00000000000000102000000001114001
00000000000000000000000000000000
0000002000000350200072F7F1D00008
00000000000000000000000000000000
00000000000000100035000001414005
00000000000000000000000000000000
60400082200000000000000000000000
00000000000000101400000001414001
00000000000000000000000000000000
00000000000000101400000001414001
00000000000000000000000000000000
40811102E00000000000000000000000
00000000000000101400000001414001
00000000000000000000000000000000
00000000000000105000000000500001
00000000000000000000000000000000
00000000000000100014000000A04401
00000000000000000000000000000000
00000000000000105000000000000001
00000000000000000000000000000000
40000002E00000001E3CE50800000000
00000000000000105000000000000001
00000000000000000000000000000000
00000000000000101400040000500000
00000000000000000000000000000000
00000000000000100004000000A04001
00000000000000000000000000000000
00000000000000101400000000A0C005
00000000000000000000000000000000
10000402600000000000000000000000
00000000000000101400000000A0C001
00000000000000000000000000000000
0000002800000040140072FA72000004
00000000000000000000000000000000
00000000000000100004000001554001
00000000000000000000000000000000
20000082300000000000000000000000
00000000000000000000001030000000
00000000000000000000000000000000
00000000000000100004000001554001
00000000000000000000000000000000
00000000000000100004000001554001
00000000000000000000000000000000
60400102200000000000000000000000
00000000000000100180000001554001
00000000000000000000000000000000
00000000000000100180000001554001
00000000000000000000000000000000
80000002200000000000000000000000
00000000000000100180040000BD0000
00000000000000000000000000000000
0000000000000010018000000156C001
00000000000000000000000000000000
20005002B00000000000000000000000
00000000000000000000001002000000
00000000000000000000000000000000
00000000000000100180000001554001
00000000000000000000000000000000
0000000000000010018000000156C001
00000000000000000000000000000000
00000000000000100180000001584001
00000000000000000000000000000000
90800102200010060000000000000000
00000000000000100180000001584001
00000000000000000000000000000000
0000000000000010000600000159C015
00000000000000000000000000000000
2000800A300000000000000000000000
00000000000000000000001000000000
00000000000000000000000000000000
00000000000000100001000001554041
00000000000000000000400000000000
000000000000001000010000015A0001
00000000000000000000000000000000
0000000000000010000100000159C015
00000000000000000000000000000000
2000000A300000000000000000000000
00000000000000000000001000000000
00000000000000000000000000000000
00000000000000100001000001554041
00000000000000000000400000000000
000000000000001000010000015A0101
00000000000000000000000000000000
0000000000000010000100000159C115
00000000000000000000000000000000
2000000A300000000000000000000000
00000000000000000000001000000000
00000000000000000000000000000000
00000000000000100001000001554041
00000000000000000000400000000000
000000000000001000010000015A0201
00000000000000000000000000000000
0000000000000010000100000159C215
00000000000000000000000000000000
2000000A300000000000000000000000
00000000000000000000001000000000
00000000000000000000000000000000
00000000000000100001000001554041
00000000000000000000400000000000
000000000000001000010000015A0301
00000000000000000000000000000000
0000000000000010000100000159C315
00000000000000000000000000000000
80000002200000000000000000000000
00000000000000100001040005132000
00000000000000000000000000000000
000000000000001000010000015AC601
00000000000000000000000000000000
1000000A600000020000000000000000
00000000000000101400000000A0C001
00000000000000000000000000000000
0000000A00000180140072FAAE10004C
00000000000000168000000000000000
00000000000000100018000002DD8005
00000000000000000000000000000000
0000000000000010000100000159C015
00000000000000000000000000000000
2000000A300000000000000000000000
00000000000000000000001000000000
00000000000000000000000000000000
00000000000000100001000001554041
00000000000000000000400000000000
000000000000001000010000015A0401
00000000000000000000000000000000
0000000000000010000100000159C415
00000000000000000000000000000000
2000000A300000000000000000000000
00000000000000000000001000000000
00000000000000000000000000000000
00000000000000100001000001554041
00000000000000000000400000000000
000000000000001000010000015A0501
00000000000000000000000000000000
0000000000000010000100000159C515
00000000000000000000000000000000
20000004300000000000000000000000
00000000000000000000024000000000
00000000000000000000000000000000
000000000000001000060000015A0001
00000000000000000000000000000000
000000000000001000010000015A4001
00000000000000000000000000000000
10000002600000010000000000000000
00000000000000101400000000A0C001
00000000000000000000000000000000
000000140000018014007408AE300008
00000000000000000000000000000000
00000000000000100018000003C18005
00000000000000000000000000000000
10000002600000010000000000000000
00000000000000101400000000A0C001
00000000000000000000000000000000
00000014000001801400740962400008
00000000000000000000000000000000
00000000000000100018000003CA8005
00000000000000000000000000000000
1000000A600000020000000000000000
00000000000000101400000000A0C001
00000000000000000000000000000000
0000000A0000018014007381AE20004C
00000000000000168000000000000000
00000000000000100018000002E68005
00000000000000000000000000000000
0000000000000010000100000159C015
00000000000000000000000000000000
1000000A600000020000000000000000
00000000000000101400000000A0C001
00000000000000000000000000000000
0000000A00000180140072FAAE10004C
00000000000000168000000000000000
00000000000000100018000003038005
00000000000000000000000000000000
0000000000000010000100000159C115
00000000000000000000000000000000
1000000A600000020000000000000000
00000000000000101400000000A0C001
00000000000000000000000000000000
0000000A0000018014007381AE20004C
00000000000000168000000000000000
000000000000001000180000030C8005
00000000000000000000000000000000
0000000000000010000100000159C115
00000000000000000000000000000000
1000000A600000020000000000000000
00000000000000101400000000A0C001
00000000000000000000000000000000
0000000A00000180140072FAAE10004C
00000000000000168000000000000000
00000000000000100018000003298005
00000000000000000000000000000000
0000000000000010000100000159C215
00000000000000000000000000000000
1000000A600000020000000000000000
00000000000000101400000000A0C001
00000000000000000000000000000000
0000000A0000018014007381AE20004C
00000000000000168000000000000000
00000000000000100018000003328005
00000000000000000000000000000000
0000000000000010000100000159C215
00000000000000000000000000000000
20000002300000000000000000000000
0000078F394200000000001004000000
00000000000000000000000000000000
000000000000001000010000015A4001
00000000000000000000000000000000
000000000000001000010000015A8001
00000000000000000000000000000000
1000000A600000020000000000000000
00000000000000101400000000A0C001
00000000000000000000000000000000
0000000A00000180140072FAAE10004C
00000000000000168000000000000000
000000000000001000180000034F8005
00000000000000000000000000000000
0000000000000010000100000159C315
00000000000000000000000000000000
1000000A600000020000000000000000
00000000000000101400000000A0C001
00000000000000000000000000000000
0000000A0000018014007381AE20004C
00000000000000168000000000000000
00000000000000100018000003588005
00000000000000000000000000000000
0000000000000010000100000159C315
00000000000000000000000000000000
1000000A600000020000000000000000
00000000000000101400000000A0C001
00000000000000000000000000000000
0000000A00000180140072FAAE10004C
00000000000000168000000000000000
00000000000000100018000003758005
00000000000000000000000000000000
0000000000000010000100000159C415
00000000000000000000000000000000
1000000A600000020000000000000000
00000000000000101400000000A0C001
00000000000000000000000000000000
0000000A0000018014007381AE20004C
00000000000000168000000000000000
000000000000001000180000037E8005
00000000000000000000000000000000
0000000000000010000100000159C415
00000000000000000000000000000000
1000000A600000020000000000000000
00000000000000101400000000A0C001
00000000000000000000000000000000
0000000A00000180140072FAAE10004C
00000000000000168000000000000000
000000000000001000180000039B8005
00000000000000000000000000000000
0000000000000010000100000159C515
00000000000000000000000000000000
20004002700000000000000000000000
00000FF00000000000000010C0040000
00000000000000000000000000000000
000000000000001000060000015A0001
00000000000000000000000000000000
000000000000001000060000015A8021
00000000000000000000000000000000
000000000000001000060000015AC001
00000000000000000000000000000000
1000000A600000020000000000000000
00000000000000101400000000A0C001
00000000000000000000000000000000
0000000A0000018014007381AE20004C
00000000000000168000000000000000
00000000000000100018000003A48005
00000000000000000000000000000000
0000000000000010000100000159C515
00000000000000000000000000000000
20000082F00000000000000000000000
00000000000000000000001A6800C000
00000000000000000000000000001048
00000026000000700018000002DD8001
00000000000000000000000000000000
000000000100007000180000015AC021
00000000000000000000000000000000
00000026000000700018000002E68001
00000000000000000000000000000000
000000090000007000180000015B0001
00000000000000000000000000000000
60400102200000000000000000000000
000000000000001009000000016D0001
00000000000000000000000000000000
000000000000001009000000016D0001
00000000000000000000000000000000
60400002200000000000000000000000
00000000000000100900000001640001
00000000000000000000000000000000
00000000000000100900000001640001
00000000000000000000000000000000
A0000002600000000000000000000000
00000000000000105000000000000001
00000000000000000000000000000000
0000000000000010000172FA71E00004
00000000000000000000000000000000
00000000000000100018000000A08001
00000000000000000000000000000000
60400002200000000000000000000000
000000000000001009000000015B0001
00000000000000000000000000000000
000000000000001009000000015B0001
00000000000000000000000000000000
1000100A600000020000000000000000
000000000000001009000000015B0001
00000000000000000000000000000000
00000004800003500900740A1650004C
00000000000000168000000000000000
00000000000000100035000002EF8005
00000000000000000000000000000000
0000000000000010000100000159C015
00000000000000000000000000000000
1000000A600000020000000000000000
000000000000001009000000016D0001
00000000000000000000000000000000
00000004800003500900740A1650004C
00000000000000168000000000000000
000000000000001000350000033B8005
00000000000000000000000000000000
0000000000000010000100000159C215
00000000000000000000000000000000
60400002200000000000000000000000
00000000000000100900000001760001
00000000000000000000000000000000
00000000000000100900000001760001
00000000000000000000000000000000
1000000A600000020000000000000000
00000000000000100900000001640001
00000000000000000000000000000000
00000004800003500900740A1650004C
00000000000000168000000000000000
00000000000000100035000003158005
00000000000000000000000000000000
0000000000000010000100000159C115
00000000000000000000000000000000
60400002200000000000000000000000
000000000000001009000000017F0001
00000000000000000000000000000000
000000000000001009000000017F0001
00000000000000000000000000000000
20000082B00000000000000000000000
00000000000000000000001084000000
00000000000000000000000000000000
00000000000000100035000002EF8001
00000000000000000000000000000000
00000000000000100035000003158001
00000000000000000000000000000000
000000000000001000350000019A0001
00000000000000000000000000000000
60400002200000000000000000000000
00000000000000100900000001880001
00000000000000000000000000000000
00000000000000100900000001880001
00000000000000000000000000000000
1000100A600000020000000000000000
00000000000000100900000001880001
00000000000000000000000000000000
00000004800003500900740A1650004C
00000000000000168000000000000000
00000000000000100035000003AD8005
00000000000000000000000000000000
0000000000000010000100000159C515
00000000000000000000000000000000
60400002200000000000000000000000
00000000000000100900000001910001
00000000000000000000000000000000
00000000000000100900000001910001
00000000000000000000000000000000
1000000A600000020000000000000000
00000000000000100900000001760001
00000000000000000000000000000000
00000004800003500900740A1650004C
00000000000000168000000000000000
00000000000000100035000003618005
00000000000000000000000000000000
0000000000000010000100000159C315
00000000000000000000000000000000
20000083B00000000000000000000000
00000000000000000000001085000000
00000000000000000000000000000000
000000000000001000350000019A0001
00000000000000000000000000000000
00000000000000100035000003618001
00000000000000000000000000000000
000000000000001000350000033B8001
00000000000000000000000000000000
000000000000001000350000019A0001
00000000000000000000000000000000
1000000A600000020000000000000000
000000000000001009000000017F0001
00000000000000000000000000000000
00000004800003500900740A1650004C
00000000000000168000000000000000
00000000000000100035000003878005
00000000000000000000000000000000
0000000000000010000100000159C415
00000000000000000000000000000000
20000083B00000000000000000000000
00000000000000000000001085000000
00000000000000000000000000000000
000000000000001000350000019A0001
00000000000000000000000000000000
00000000000000100035000003AD8001
00000000000000000000000000000000
00000000000000100035000003878001
00000000000000000000000000000000
000000000000001000350000019A0001
00000000000000000000000000000000
10001002600000010000000000000000
00000000000000100900000001910001
00000000000000000000000000000000
00000009000003500900749116600008
00000000000000000000000000000000
00000000000000100035000003D38005
00000000000000000000000000000000
20000082B00000000000000000000000
00000000000000000000001802000000
00000000000000000000000000000000
000000000000001000350000019A0001
00000000000000000000000000000000
00000000000000100035000003D38001
00000000000000000000000000000000
000000000000001000350000019A0001
00000000000000000000000000000000
60400102200000000000000000000000
000000000000001014000000019A0001
00000000000000000000000000000000
000000000000001014000000019A0001
00000000000000000000000000000000
20000002300000000000000000000000
00000000000000000000001000000000
00000000000000000000000000000000
00000000000000105000000000000001
00000000000000000000000000000000
00000000000000105000000000500001
00000000000000000000000000000000
80800000000000000000000000000000
20010002300000000000000000000000
00000000000000000000001000000000
00000000000000000000000000000000
00000000000000100004000000A08001
00000000000000000000000000000000
00000000000000100004000000A00001
00000000000000000000000000000000
40801102E00000000000000000000000
000000000000001014000000019A0001
00000000000000000000000000000000
00000000000000105000000000500001
00000000000000000000000000000000
00000000000000100014000000A08401
00000000000000000000000000000000
00000000000000105000000000000001
00000000000000000000000000000000
00FFFF80200000000000000000000000
00000000000000000001000003FFF015
00000000000000000000000000000000
40000002E00000001E3CE50800000000
00000000000000105000000000000001
00000000000000000000000000000000
00000000000000101400040000000000
00000000000000000000000000000000
00000000000000100004000000A00001
00000000000000000000000000000000
00000000000000101400000000A0C005
00000000000000000000000000000000
10000402600000010000000000000000
00000000000000101400000000A0C001
00000000000000000000000000000000
0000001400000050140074922EA00008
00000000000000000000000000000000
00000000000000100005000000B9C005
00000000000000000000000000000000
10000002600000010000000000000000
00000000000000101400000000A0C001
00000000000000000000000000000000
00000014000000D014007491CA900008
00000000000000000000000000000000
0000000000000010000D000000B4C005
00000000000000000000000000000000
60400082200000000000000000000000
00000000000000100500000000B4C001
00000000000000000000000000000000
00000000000000100500000000B4C001
00000000000000000000000000000000
20001004300000000000000000000000
00000000000000000000214000000000
00000000000000000000000000000000
00000000A000008000A0000000B4C001
00000000000000000000000000000000
00000000000000100001000000C2C001
00000000000000000000000000000000
80000002200000000000000000000000
00000000000000100500040000A00000
00000000000000000000000000000000
00000000000000100500000000BBC001
00000000000000000000000000000000
60400002200000000000000000000000
00000000000000100200000000B9C001
00000000000000000000000000000000
00000000000000100200000000B9C001
00000000000000000000000000000000
80000002200000000000000000000000
00000000000000100200040000B40000
00000000000000000000000000000000
00000000000000100200000000C0C001
00000000000000000000000000000000
20000002300000000000000000000000
0000078F394211280000001014050000
00000000000000000000000000000000
00000000000000100001000000C2C001
00000000000000000000000000000000
00000000000000100001000000C30001
00000000000000000000000000000000
80000002200000000000000000000000
00000000000000100040040000BC0000
00000000000000000000000000000000
00000000000000100040000000D04001
00000000000000000000000000000000
20004002F00000000000000000000000
00000000000000000000001840010000
00000000000000000000000000000000
00000000000000100500000000B4C001
00000000000000000000000000000000
00000000000000100500000000C30021
00000000000000000000000000000000
00000000000000100500000000BBC001
00000000000000000000000000000000
00000000000000100500000000C34001
00000000000000000000000000000000
10000102600000010000000000000000
00000000000000100500000000C34001
00000000000000000000000000000000
00000005000020000500749256B00008
00000000000000000000000000000000
00000000000000100200000000D08005
00000000000000000000000000000000
20001004300000000000000000000000
00000000000000000000214000000000
00000000000000000000000000000000
00000000400000800040000000B9C001
00000000000000000000000000000000
00000000000000100001000000C2C001
00000000000000000000000000000000
20000002300000000000000000000000
0000078F394211000000001014050000
00000000000000000000000000000000
00000000000000100001000000C2C001
00000000000000000000000000000000
00000000000000100001000000C30001
00000000000000000000000000000000
20000002F00000000000000000000000
00000000000000000000001840010000
00000000000000000000000000000000
00000000000000100200000000B9C001
00000000000000000000000000000000
00000000000000100200000000C30021
00000000000000000000000000000000
00000000000000100200000000C0C001
00000000000000000000000000000000
00000000000000100200000000CA4001
00000000000000000000000000000000
20000003700000000000000000000000
00000000000000000000001801610240
00000000000000000000000000000000
00000000000000100040000000CC0001
00000000000000000000000000000000
00000000000000100040000000D04001
00000000000000000000000000000000
00000000000000100040000000D06001
00000000000000000000000000000000
00000000000000100040000000CC0001
00000000000000000000000000000000
41000102200000000000000000000000
00000000000000100200000000CA4001
00000000000000000000000000000000
00000000000000100200000000CC4001
00000000000000000000000000000000
80C00402200000000000000000000000
00000000000000100200000000CC4001
00000000000000000000000000000000
00000008000008000200040000C32000
00000000000000000000000000000000
20000083700000000000000000000000
00000000000000000000001801610240
00000000000000000000000000000000
00000000000000100040000000D24001
00000000000000000000000000000000
00000000000000100040000000D04001
00000000000000000000000000000000
00000000000000100040000000D06001
00000000000000000000000000000000
00000000000000100040000000D24001
00000000000000000000000000000000
50004102E00001710000000000000000
00000000000000100200000000D08001
00000000000000000000000000000000
00000008000008000080040000C32000
00000000000000000000000000000000
00000008000000100200080030000000
00000000000000000000000000000000
00000000000000100280000000D28001
00000000000000000000000000000000
20000804300000000000000000000000
0000000000000F4D413CC28000030000
00000000000000000000000000000000
00000000000000100280000000D28001
00000000000000000000000000000000
00000000000000100001000000D50001
00000000000000000000000000000000
20000006700000000000000000000000
0000000000000F4D413CC2500B030000
00000000000000000000000000000000
00000000000000100280000000D28001
00000000000000000000000000000000
00000000000000100280000000D50021
00000000000000000000000000000000
00000000000000100280000000D54001
00000000000000000000000000000000
00000000000000100001000000D7C001
00000000000000000000000000000000
80000002200000000000000000000000
00000000000000100001040000C30000
00000000000000000000000000000000
00000000000000100001000000DA8001
00000000000000000000000000000000
20000002300000000000000000000000
00000000000000000000001800000000
00000000000000000000000000000000
00000000000000100280000000D54001
00000000000000000000000000000000
00000000000000100280000000D80001
00000000000000000000000000000000
50400102E00001710000000000000000
00000000000000100280000000D80001
00000000000000000000000000000000
00000008000008000080040000C32000
00000000000000000000000000000000
00000008000000100200080030000000
00000000000000000000000000000000
00000000000000100200000000DB4001
00000000000000000000000000000000
20004002F00000000000000000000000
0000000000000000000000108B000000
00000000000000000000000000000000
00000000000000100001000000DA8001
00000000000000000000000000000000
00000000000000100001000000D50001
00000000000000000000000000000000
00000000000000100001000000D7C001
00000000000000000000000000000000
00000000000000100001000000DB0001
00000000000000000000000000000000
20000802700000000000000000000000
00000000000000000000001800040000
00000000000000000000000000000000
00000000000000100200000000DB4001
00000000000000000000000000000000
00000000000000100200000000DB0021
00000000000000000000000000000000
00000000000000100200000000DF4001
00000000000000000000000000000000
20000003700000000000000000000000
00000000000000000000001801810240
00000000000000000000000000000000
00000000000000100040000000E10001
00000000000000000000000000000000
00000000000000100040000000D04001
00000000000000000000000000000000
00000000000000100040000000D06001
00000000000000000000000000000000
00000000000000100040000000E10001
00000000000000000000000000000000
10000102600000000000000000000000
00000000000000100200000000DF4001
00000000000000000000000000000000
000000200000400002007494D6C00004
00000000000000000000000000000000
00000000000000100400000000E14001
00000000000000000000000000000000
61000082200000080000000000000000
00000000000000100400000000E14001
00000000000000000000000000000000
00000000000000103000000001114005
00000000000000000000000000000000
A0000002600000000000000000000000
00000000000000105000000000000001
00000000000000000000000000000000
000000000000001000017491CA700004
00000000000000000000000000000000
00000000000000100018000000A04001
00000000000000000000000000000000
20000002300000000000000000000000
00000000000000000000001000000000
00000000000000000000000000000000
00000000000000105000000000000001
00000000000000000000000000000000
00000000000000105000000000500001
00000000000000000000000000000000
10001002600000010000000000000000
00000000000000102000000001114001
00000000000000000000000000000000
000000200000035020007498D6D00008
00000000000000000000000000000000
00000000000000100035000001414005
00000000000000000000000000000000
60400082200000000000000000000000
00000000000000101400000001414001
00000000000000000000000000000000
00000000000000101400000001414001
00000000000000000000000000000000
40811102E00000000000000000000000
00000000000000101400000001414001
00000000000000000000000000000000
00000000000000105000000000500001
00000000000000000000000000000000
00000000000000100014000000A04401
00000000000000000000000000000000
00000000000000105000000000000001
00000000000000000000000000000000
40000002E00000001E3CE50800000000
00000000000000105000000000000001
00000000000000000000000000000000
00000000000000101400040000500000
00000000000000000000000000000000
00000000000000100004000000A04001
00000000000000000000000000000000
00000000000000101400000000A0C005
00000000000000000000000000000000
10000402600000000000000000000000
00000000000000101400000000A0C001
00000000000000000000000000000000
00000028000000401400749B57000004
00000000000000000000000000000000
00000000000000100004000001554001
00000000000000000000000000000000
20000082300000000000000000000000
00000000000000000000001030000000
00000000000000000000000000000000
00000000000000100004000001554001
00000000000000000000000000000000
00000000000000100004000001554001
00000000000000000000000000000000
60400102200000000000000000000000
00000000000000100180000001554001
00000000000000000000000000000000
00000000000000100180000001554001
00000000000000000000000000000000
80000002200000000000000000000000
00000000000000100180040000BD0000
00000000000000000000000000000000
0000000000000010018000000156C001
00000000000000000000000000000000
20005002B00000000000000000000000
00000000000000000000001002000000
00000000000000000000000000000000
00000000000000100180000001554001
00000000000000000000000000000000
0000000000000010018000000156C001
00000000000000000000000000000000
00000000000000100180000001584001
00000000000000000000000000000000
90800102200010060000000000000000
00000000000000100180000001584001
00000000000000000000000000000000
0000000000000010000600000159C015
00000000000000000000000000000000
2000800A300000000000000000000000
00000000000000000000001000000000
00000000000000000000000000000000
00000000000000100001000001554041
00000000000000000000400000000000
000000000000001000010000015A0001
00000000000000000000000000000000
0000000000000010000100000159C015
00000000000000000000000000000000
2000000A300000000000000000000000
00000000000000000000001000000000
00000000000000000000000000000000
00000000000000100001000001554041
00000000000000000000400000000000
000000000000001000010000015A0101
00000000000000000000000000000000
0000000000000010000100000159C115
00000000000000000000000000000000
2000000A300000000000000000000000
00000000000000000000001000000000
00000000000000000000000000000000
00000000000000100001000001554041
00000000000000000000400000000000
000000000000001000010000015A0201
00000000000000000000000000000000
0000000000000010000100000159C215
00000000000000000000000000000000
2000000A300000000000000000000000
00000000000000000000001000000000
00000000000000000000000000000000
00000000000000100001000001554041
00000000000000000000400000000000
000000000000001000010000015A0301
00000000000000000000000000000000
0000000000000010000100000159C315
00000000000000000000000000000000
80000002200000000000000000000000
00000000000000100001040005132000
00000000000000000000000000000000
000000000000001000010000015AC601
00000000000000000000000000000000
1000000A600000020000000000000000
00000000000000101400000000A0C001
00000000000000000000000000000000
0000000A000001801400749B9310004C
00000000000000168000000000000000
00000000000000100018000002DD8005
00000000000000000000000000000000
0000000000000010000100000159C015
00000000000000000000000000000000
2000000A300000000000000000000000
00000000000000000000001000000000
00000000000000000000000000000000
00000000000000100001000001554041
00000000000000000000400000000000
000000000000001000010000015A0401
00000000000000000000000000000000
0000000000000010000100000159C415
00000000000000000000000000000000
2000000A300000000000000000000000
00000000000000000000001000000000
00000000000000000000000000000000
00000000000000100001000001554041
00000000000000000000400000000000
000000000000001000010000015A0501
00000000000000000000000000000000
0000000000000010000100000159C515
00000000000000000000000000000000
20000004300000000000000000000000
00000000000000000000024000000000
00000000000000000000000000000000
000000000000001000060000015A0001
00000000000000000000000000000000
000000000000001000010000015A4001
00000000000000000000000000000000
10000002600000010000000000000000
00000000000000101400000000A0C001
00000000000000000000000000000000
0000001400000180140075A993300008
00000000000000000000000000000000
00000000000000100018000003C18005
00000000000000000000000000000000
10000002600000010000000000000000
00000000000000101400000000A0C001
00000000000000000000000000000000
0000001400000180140075AA47400008
00000000000000000000000000000000
00000000000000100018000003CA8005
00000000000000000000000000000000
1000000A600000020000000000000000
00000000000000101400000000A0C001
00000000000000000000000000000000
0000000A00000180140075229320004C
00000000000000168000000000000000
00000000000000100018000002E68005
00000000000000000000000000000000
0000000000000010000100000159C015
00000000000000000000000000000000
1000000A600000020000000000000000
00000000000000101400000000A0C001
00000000000000000000000000000000
0000000A000001801400749B9310004C
00000000000000168000000000000000
00000000000000100018000003038005
00000000000000000000000000000000
0000000000000010000100000159C115
00000000000000000000000000000000
1000000A600000020000000000000000
00000000000000101400000000A0C001
00000000000000000000000000000000
0000000A00000180140075229320004C
00000000000000168000000000000000
000000000000001000180000030C8005
00000000000000000000000000000000
0000000000000010000100000159C115
00000000000000000000000000000000
1000000A600000020000000000000000
00000000000000101400000000A0C001
00000000000000000000000000000000
0000000A000001801400749B9310004C
00000000000000168000000000000000
00000000000000100018000003298005
00000000000000000000000000000000
0000000000000010000100000159C215
00000000000000000000000000000000
1000000A600000020000000000000000
00000000000000101400000000A0C001
00000000000000000000000000000000
0000000A00000180140075229320004C
00000000000000168000000000000000
00000000000000100018000003328005
00000000000000000000000000000000
0000000000000010000100000159C215
00000000000000000000000000000000
20000002300000000000000000000000
0000078F394200000000001004000000
00000000000000000000000000000000
000000000000001000010000015A4001
00000000000000000000000000000000
000000000000001000010000015A8001
00000000000000000000000000000000
1000000A600000020000000000000000
00000000000000101400000000A0C001
00000000000000000000000000000000
0000000A000001801400749B9310004C
00000000000000168000000000000000
000000000000001000180000034F8005
00000000000000000000000000000000
0000000000000010000100000159C315
00000000000000000000000000000000
1000000A600000020000000000000000
00000000000000101400000000A0C001
00000000000000000000000000000000
0000000A00000180140075229320004C
00000000000000168000000000000000
00000000000000100018000003588005
00000000000000000000000000000000
0000000000000010000100000159C315
00000000000000000000000000000000
1000000A600000020000000000000000
00000000000000101400000000A0C001
00000000000000000000000000000000
0000000A000001801400749B9310004C
00000000000000168000000000000000
00000000000000100018000003758005
00000000000000000000000000000000
0000000000000010000100000159C415
00000000000000000000000000000000
1000000A600000020000000000000000
00000000000000101400000000A0C001
00000000000000000000000000000000
0000000A00000180140075229320004C
00000000000000168000000000000000
000000000000001000180000037E8005
00000000000000000000000000000000
0000000000000010000100000159C415
00000000000000000000000000000000
1000000A600000020000000000000000
00000000000000101400000000A0C001
00000000000000000000000000000000
0000000A000001801400749B9310004C
00000000000000168000000000000000
000000000000001000180000039B8005
00000000000000000000000000000000
0000000000000010000100000159C515
00000000000000000000000000000000
20004002700000000000000000000000
00000FF00000000000000010C0040000
00000000000000000000000000000000
000000000000001000060000015A0001
00000000000000000000000000000000
000000000000001000060000015A8021
00000000000000000000000000000000
000000000000001000060000015AC001
00000000000000000000000000000000
1000000A600000020000000000000000
00000000000000101400000000A0C001
00000000000000000000000000000000
0000000A00000180140075229320004C
00000000000000168000000000000000
00000000000000100018000003A48005
00000000000000000000000000000000
0000000000000010000100000159C515
00000000000000000000000000000000
20000082F00000000000000000000000
00000000000000000000001A6800C000
00000000000000000000000000001048
00000026000000700018000002DD8001
00000000000000000000000000000000
000000000100007000180000015AC021
00000000000000000000000000000000
00000026000000700018000002E68001
00000000000000000000000000000000
000000090000007000180000015B0001
00000000000000000000000000000000
60400102200000000000000000000000
000000000000001009000000016D0001
00000000000000000000000000000000
000000000000001009000000016D0001
00000000000000000000000000000000
60400002200000000000000000000000
00000000000000100900000001640001
00000000000000000000000000000000
00000000000000100900000001640001
00000000000000000000000000000000
A0000002600000000000000000000000
00000000000000105000000000000001
00000000000000000000000000000000
00000000000000100001749B56E00004
00000000000000000000000000000000
00000000000000100018000000A08001
00000000000000000000000000000000
60400002200000000000000000000000
000000000000001009000000015B0001
00000000000000000000000000000000
000000000000001009000000015B0001
00000000000000000000000000000000
1000100A600000020000000000000000
000000000000001009000000015B0001
00000000000000000000000000000000
0000000480000350090075AAFB50004C
00000000000000168000000000000000
00000000000000100035000002EF8005
00000000000000000000000000000000
0000000000000010000100000159C015
00000000000000000000000000000000
1000000A600000020000000000000000
000000000000001009000000016D0001
00000000000000000000000000000000
0000000480000350090075AAFB50004C
00000000000000168000000000000000
000000000000001000350000033B8005
00000000000000000000000000000000
0000000000000010000100000159C215
00000000000000000000000000000000
60400002200000000000000000000000
00000000000000100900000001760001
00000000000000000000000000000000
00000000000000100900000001760001
00000000000000000000000000000000
1000000A600000020000000000000000
00000000000000100900000001640001
00000000000000000000000000000000
0000000480000350090075AAFB50004C
00000000000000168000000000000000
00000000000000100035000003158005
00000000000000000000000000000000
0000000000000010000100000159C115
00000000000000000000000000000000
60400002200000000000000000000000
000000000000001009000000017F0001
00000000000000000000000000000000
000000000000001009000000017F0001
00000000000000000000000000000000
20000082B00000000000000000000000
00000000000000000000001084000000
00000000000000000000000000000000
00000000000000100035000002EF8001
00000000000000000000000000000000
00000000000000100035000003158001
00000000000000000000000000000000
000000000000001000350000019A0001
00000000000000000000000000000000
60400002200000000000000000000000
00000000000000100900000001880001
00000000000000000000000000000000
00000000000000100900000001880001
00000000000000000000000000000000
1000100A600000020000000000000000
00000000000000100900000001880001
00000000000000000000000000000000
0000000480000350090075AAFB50004C
00000000000000168000000000000000
00000000000000100035000003AD8005
00000000000000000000000000000000
0000000000000010000100000159C515
00000000000000000000000000000000
60400002200000000000000000000000
00000000000000100900000001910001
00000000000000000000000000000000
00000000000000100900000001910001
00000000000000000000000000000000
1000000A600000020000000000000000
00000000000000100900000001760001
00000000000000000000000000000000
0000000480000350090075AAFB50004C
00000000000000168000000000000000
00000000000000100035000003618005
00000000000000000000000000000000
0000000000000010000100000159C315
00000000000000000000000000000000
20000083B00000000000000000000000
00000000000000000000001085000000
00000000000000000000000000000000
000000000000001000350000019A0001
00000000000000000000000000000000
00000000000000100035000003618001
00000000000000000000000000000000
000000000000001000350000033B8001
00000000000000000000000000000000
000000000000001000350000019A0001
00000000000000000000000000000000
1000000A600000020000000000000000
000000000000001009000000017F0001
00000000000000000000000000000000
0000000480000350090075AAFB50004C
00000000000000168000000000000000
00000000000000100035000003878005
00000000000000000000000000000000
0000000000000010000100000159C415
00000000000000000000000000000000
20000083B00000000000000000000000
00000000000000000000001085000000
00000000000000000000000000000000
000000000000001000350000019A0001
00000000000000000000000000000000
00000000000000100035000003AD8001
00000000000000000000000000000000
00000000000000100035000003878001
00000000000000000000000000000000
000000000000001000350000019A0001
00000000000000000000000000000000
10001002600000010000000000000000
00000000000000100900000001910001
00000000000000000000000000000000
000000090000035009007631FB600008
00000000000000000000000000000000
00000000000000100035000003D38005
00000000000000000000000000000000
20000082B00000000000000000000000
00000000000000000000001802000000
00000000000000000000000000000000
000000000000001000350000019A0001
00000000000000000000000000000000
00000000000000100035000003D38001
00000000000000000000000000000000
000000000000001000350000019A0001
00000000000000000000000000000000
60400102200000000000000000000000
000000000000001014000000019A0001
00000000000000000000000000000000
000000000000001014000000019A0001
00000000000000000000000000000000
20000002300000000000000000000000
00000000000000000000001000000000
00000000000000000000000000000000
00000000000000105000000000000001
00000000000000000000000000000000
00000000000000105000000000500001
00000000000000000000000000000000
80800000000000000000000000000000
20010002300000000000000000000000
00000000000000000000001000000000
00000000000000000000000000000000
00000000000000100004000000A08001
00000000000000000000000000000000
00000000000000100004000000A00001
00000000000000000000000000000000
40801102E00000000000000000000000
000000000000001014000000019A0001
00000000000000000000000000000000
00000000000000105000000000500001
00000000000000000000000000000000
00000000000000100014000000A08401
00000000000000000000000000000000
00000000000000105000000000000001
00000000000000000000000000000000
00FFFF80200000000000000000000000
00000000000000000001000003FFF015
00000000000000000000000000000000
40000002E00000001E3CE50800000000
00000000000000105000000000000001
00000000000000000000000000000000
00000000000000101400040000000000
00000000000000000000000000000000
00000000000000100004000000A00001
00000000000000000000000000000000
00000000000000101400000000A0C005
00000000000000000000000000000000
10000402600000010000000000000000
00000000000000101400000000A0C001
00000000000000000000000000000000
00000014000000501400763313A00008
00000000000000000000000000000000
00000000000000100005000000B9C005
00000000000000000000000000000000
10000002600000010000000000000000
00000000000000101400000000A0C001
00000000000000000000000000000000
00000014000000D014007632AF900008
00000000000000000000000000000000
0000000000000010000D000000B4C005
00000000000000000000000000000000
60400082200000000000000000000000
00000000000000100500000000B4C001
00000000000000000000000000000000
00000000000000100500000000B4C001
00000000000000000000000000000000
20001004300000000000000000000000
00000000000000000000214000000000
00000000000000000000000000000000
00000000A000008000A0000000B4C001
00000000000000000000000000000000
00000000000000100001000000C2C001
00000000000000000000000000000000
80000002200000000000000000000000
00000000000000100500040000A00000
00000000000000000000000000000000
00000000000000100500000000BBC001
00000000000000000000000000000000
60400002200000000000000000000000
00000000000000100200000000B9C001
00000000000000000000000000000000
00000000000000100200000000B9C001
00000000000000000000000000000000
80000002200000000000000000000000
00000000000000100200040000B40000
00000000000000000000000000000000
00000000000000100200000000C0C001
00000000000000000000000000000000
20000002300000000000000000000000
0000078F394211280000001014050000
00000000000000000000000000000000
00000000000000100001000000C2C001
00000000000000000000000000000000
00000000000000100001000000C30001
00000000000000000000000000000000
80000002200000000000000000000000
00000000000000100040040000BC0000
00000000000000000000000000000000
00000000000000100040000000D04001
00000000000000000000000000000000
20004002F00000000000000000000000
00000000000000000000001840010000
00000000000000000000000000000000
00000000000000100500000000B4C001
00000000000000000000000000000000
00000000000000100500000000C30021
00000000000000000000000000000000
00000000000000100500000000BBC001
00000000000000000000000000000000
00000000000000100500000000C34001
00000000000000000000000000000000
10000102600000010000000000000000
00000000000000100500000000C34001
00000000000000000000000000000000
0000000500002000050076333BB00008
00000000000000000000000000000000
00000000000000100200000000D08005
00000000000000000000000000000000
20001004300000000000000000000000
00000000000000000000214000000000
00000000000000000000000000000000
00000000400000800040000000B9C001
00000000000000000000000000000000
00000000000000100001000000C2C001
00000000000000000000000000000000
20000002300000000000000000000000
0000078F394211000000001014050000
00000000000000000000000000000000
00000000000000100001000000C2C001
00000000000000000000000000000000
00000000000000100001000000C30001
00000000000000000000000000000000
20000002F00000000000000000000000
00000000000000000000001840010000
00000000000000000000000000000000
00000000000000100200000000B9C001
00000000000000000000000000000000
00000000000000100200000000C30021
00000000000000000000000000000000
00000000000000100200000000C0C001
00000000000000000000000000000000
00000000000000100200000000CA4001
00000000000000000000000000000000
20000003700000000000000000000000
00000000000000000000001801610240
00000000000000000000000000000000
00000000000000100040000000CC0001
00000000000000000000000000000000
00000000000000100040000000D04001
00000000000000000000000000000000
00000000000000100040000000D06001
00000000000000000000000000000000
00000000000000100040000000CC0001
00000000000000000000000000000000
41000102200000000000000000000000
00000000000000100200000000CA4001
00000000000000000000000000000000
00000000000000100200000000CC4001
00000000000000000000000000000000
80C00402200000000000000000000000
00000000000000100200000000CC4001
00000000000000000000000000000000
00000008000008000200040000C32000
00000000000000000000000000000000
20000083700000000000000000000000
00000000000000000000001801610240
00000000000000000000000000000000
00000000000000100040000000D24001
00000000000000000000000000000000
00000000000000100040000000D04001
00000000000000000000000000000000
00000000000000100040000000D06001
00000000000000000000000000000000
00000000000000100040000000D24001
00000000000000000000000000000000
50004102E00001710000000000000000
00000000000000100200000000D08001
00000000000000000000000000000000
00000008000008000080040000C32000
00000000000000000000000000000000
00000008000000100200080030000000
00000000000000000000000000000000
00000000000000100280000000D28001
00000000000000000000000000000000
20000804300000000000000000000000
0000000000000F4D413CC28000030000
00000000000000000000000000000000
00000000000000100280000000D28001
00000000000000000000000000000000
00000000000000100001000000D50001
00000000000000000000000000000000
20000006700000000000000000000000
0000000000000F4D413CC2500B030000
00000000000000000000000000000000
00000000000000100280000000D28001
00000000000000000000000000000000
00000000000000100280000000D50021
00000000000000000000000000000000
00000000000000100280000000D54001
00000000000000000000000000000000
00000000000000100001000000D7C001
00000000000000000000000000000000
80000002200000000000000000000000
00000000000000100001040000C30000
00000000000000000000000000000000
00000000000000100001000000DA8001
00000000000000000000000000000000
20000002300000000000000000000000
00000000000000000000001800000000
00000000000000000000000000000000
00000000000000100280000000D54001
00000000000000000000000000000000
00000000000000100280000000D80001
00000000000000000000000000000000
50400102E00001710000000000000000
00000000000000100280000000D80001
00000000000000000000000000000000
00000008000008000080040000C32000
00000000000000000000000000000000
00000008000000100200080030000000
00000000000000000000000000000000
00000000000000100200000000DB4001
00000000000000000000000000000000
20004002F00000000000000000000000
0000000000000000000000108B000000
00000000000000000000000000000000
00000000000000100001000000DA8001
00000000000000000000000000000000
00000000000000100001000000D50001
00000000000000000000000000000000
00000000000000100001000000D7C001
00000000000000000000000000000000
00000000000000100001000000DB0001
00000000000000000000000000000000
20000802700000000000000000000000
00000000000000000000001800040000
00000000000000000000000000000000
00000000000000100200000000DB4001
00000000000000000000000000000000
00000000000000100200000000DB0021
00000000000000000000000000000000
00000000000000100200000000DF4001
00000000000000000000000000000000
20000003700000000000000000000000
00000000000000000000001801810240
00000000000000000000000000000000
00000000000000100040000000E10001
00000000000000000000000000000000
00000000000000100040000000D04001
00000000000000000000000000000000
00000000000000100040000000D06001
00000000000000000000000000000000
00000000000000100040000000E10001
00000000000000000000000000000000
10000102600000000000000000000000
00000000000000100200000000DF4001
00000000000000000000000000000000
000000200000400002007635BBC00004
00000000000000000000000000000000
00000000000000100400000000E14001
00000000000000000000000000000000
61000082200000080000000000000000
00000000000000100400000000E14001
00000000000000000000000000000000
00000000000000103000000001114005
00000000000000000000000000000000
A0000002600000000000000000000000
00000000000000105000000000000001
00000000000000000000000000000000
000000000000001000017632AF700004
00000000000000000000000000000000
00000000000000100018000000A04001
00000000000000000000000000000000
20000002300000000000000000000000
00000000000000000000001000000000
00000000000000000000000000000000
00000000000000105000000000000001
00000000000000000000000000000000
00000000000000105000000000500001
00000000000000000000000000000000
10001002600000010000000000000000
00000000000000102000000001114001
00000000000000000000000000000000
000000200000035020007639BBD00008
00000000000000000000000000000000
00000000000000100035000001414005
00000000000000000000000000000000
60400082200000000000000000000000
00000000000000101400000001414001
00000000000000000000000000000000
00000000000000101400000001414001
00000000000000000000000000000000
40811102E00000000000000000000000
00000000000000101400000001414001
00000000000000000000000000000000
00000000000000105000000000500001
00000000000000000000000000000000
00000000000000100014000000A04401
00000000000000000000000000000000
00000000000000105000000000000001
00000000000000000000000000000000
40000002E00000001E3CE50800000000
00000000000000105000000000000001
00000000000000000000000000000000
00000000000000101400040000500000
00000000000000000000000000000000
00000000000000100004000000A04001
00000000000000000000000000000000
00000000000000101400000000A0C005
00000000000000000000000000000000
10000402600000000000000000000000
00000000000000101400000000A0C001
00000000000000000000000000000000
00000028000000401400763C3C000004
00000000000000000000000000000000
00000000000000100004000001554001
00000000000000000000000000000000
20000082300000000000000000000000
00000000000000000000001030000000
00000000000000000000000000000000
00000000000000100004000001554001
00000000000000000000000000000000
00000000000000100004000001554001
00000000000000000000000000000000
60400102200000000000000000000000
00000000000000100180000001554001
00000000000000000000000000000000
00000000000000100180000001554001
00000000000000000000000000000000
80000002200000000000000000000000
00000000000000100180040000BD0000
00000000000000000000000000000000
0000000000000010018000000156C001
00000000000000000000000000000000
20005002B00000000000000000000000
00000000000000000000001002000000
00000000000000000000000000000000
00000000000000100180000001554001
00000000000000000000000000000000
0000000000000010018000000156C001
00000000000000000000000000000000
00000000000000100180000001584001
00000000000000000000000000000000
90800102200010060000000000000000
00000000000000100180000001584001
00000000000000000000000000000000
0000000000000010000600000159C015
00000000000000000000000000000000
2000800A300000000000000000000000
00000000000000000000001000000000
00000000000000000000000000000000
00000000000000100001000001554041
00000000000000000000400000000000
000000000000001000010000015A0001
00000000000000000000000000000000
0000000000000010000100000159C015
00000000000000000000000000000000
2000000A300000000000000000000000
00000000000000000000001000000000
00000000000000000000000000000000
00000000000000100001000001554041
00000000000000000000400000000000
000000000000001000010000015A0101
00000000000000000000000000000000
0000000000000010000100000159C115
00000000000000000000000000000000
2000000A300000000000000000000000
00000000000000000000001000000000
00000000000000000000000000000000
00000000000000100001000001554041
00000000000000000000400000000000
000000000000001000010000015A0201
00000000000000000000000000000000
0000000000000010000100000159C215
00000000000000000000000000000000
2000000A300000000000000000000000
00000000000000000000001000000000
00000000000000000000000000000000
00000000000000100001000001554041
00000000000000000000400000000000
000000000000001000010000015A0301
00000000000000000000000000000000
0000000000000010000100000159C315
00000000000000000000000000000000
80000002200000000000000000000000
00000000000000100001040005132000
00000000000000000000000000000000
000000000000001000010000015AC601
00000000000000000000000000000000
1000000A600000020000000000000000
00000000000000101400000000A0C001
00000000000000000000000000000000
0000000A000001801400763C7810004C
00000000000000168000000000000000
00000000000000100018000002DD8005
00000000000000000000000000000000
0000000000000010000100000159C015
00000000000000000000000000000000
2000000A300000000000000000000000
00000000000000000000001000000000
00000000000000000000000000000000
00000000000000100001000001554041
00000000000000000000400000000000
000000000000001000010000015A0401
00000000000000000000000000000000
0000000000000010000100000159C415
00000000000000000000000000000000
2000000A300000000000000000000000
00000000000000000000001000000000
00000000000000000000000000000000
00000000000000100001000001554041
00000000000000000000400000000000
000000000000001000010000015A0501
00000000000000000000000000000000
0000000000000010000100000159C515
00000000000000000000000000000000
20000004300000000000000000000000
00000000000000000000024000000000
00000000000000000000000000000000
000000000000001000060000015A0001
00000000000000000000000000000000
000000000000001000010000015A4001
00000000000000000000000000000000
10000002600000010000000000000000
00000000000000101400000000A0C001
00000000000000000000000000000000
00000014000001801400774A78300008
00000000000000000000000000000000
00000000000000100018000003C18005
00000000000000000000000000000000
10000002600000010000000000000000
00000000000000101400000000A0C001
00000000000000000000000000000000
00000014000001801400774B2C400008
00000000000000000000000000000000
00000000000000100018000003CA8005
00000000000000000000000000000000
1000000A600000020000000000000000
00000000000000101400000000A0C001
00000000000000000000000000000000
0000000A00000180140076C37820004C
00000000000000168000000000000000
00000000000000100018000002E68005
00000000000000000000000000000000
0000000000000010000100000159C015
00000000000000000000000000000000
1000000A600000020000000000000000
00000000000000101400000000A0C001
00000000000000000000000000000000
0000000A000001801400763C7810004C
00000000000000168000000000000000
00000000000000100018000003038005
00000000000000000000000000000000
0000000000000010000100000159C115
00000000000000000000000000000000
1000000A600000020000000000000000
00000000000000101400000000A0C001
00000000000000000000000000000000
0000000A00000180140076C37820004C
00000000000000168000000000000000
000000000000001000180000030C8005
00000000000000000000000000000000
0000000000000010000100000159C115
00000000000000000000000000000000
1000000A600000020000000000000000
00000000000000101400000000A0C001
00000000000000000000000000000000
0000000A000001801400763C7810004C
00000000000000168000000000000000
00000000000000100018000003298005
00000000000000000000000000000000
0000000000000010000100000159C215
00000000000000000000000000000000
1000000A600000020000000000000000
00000000000000101400000000A0C001
00000000000000000000000000000000
0000000A00000180140076C37820004C
00000000000000168000000000000000
00000000000000100018000003328005
00000000000000000000000000000000
0000000000000010000100000159C215
00000000000000000000000000000000
20000002300000000000000000000000
0000078F394200000000001004000000
00000000000000000000000000000000
000000000000001000010000015A4001
00000000000000000000000000000000
000000000000001000010000015A8001
00000000000000000000000000000000
1000000A600000020000000000000000
00000000000000101400000000A0C001
00000000000000000000000000000000
0000000A000001801400763C7810004C
00000000000000168000000000000000
000000000000001000180000034F8005
00000000000000000000000000000000
0000000000000010000100000159C315
00000000000000000000000000000000
1000000A600000020000000000000000
00000000000000101400000000A0C001
00000000000000000000000000000000
0000000A00000180140076C37820004C
00000000000000168000000000000000
00000000000000100018000003588005
00000000000000000000000000000000
0000000000000010000100000159C315
00000000000000000000000000000000
1000000A600000020000000000000000
00000000000000101400000000A0C001
00000000000000000000000000000000
0000000A000001801400763C7810004C
00000000000000168000000000000000
00000000000000100018000003758005
00000000000000000000000000000000
0000000000000010000100000159C415
00000000000000000000000000000000
1000000A600000020000000000000000
00000000000000101400000000A0C001
00000000000000000000000000000000
0000000A00000180140076C37820004C
00000000000000168000000000000000
000000000000001000180000037E8005
00000000000000000000000000000000
0000000000000010000100000159C415
00000000000000000000000000000000
1000000A600000020000000000000000
00000000000000101400000000A0C001
00000000000000000000000000000000
0000000A000001801400763C7810004C
00000000000000168000000000000000
000000000000001000180000039B8005
00000000000000000000000000000000
0000000000000010000100000159C515
00000000000000000000000000000000
20004002700000000000000000000000
00000FF00000000000000010C0040000
00000000000000000000000000000000
000000000000001000060000015A0001
00000000000000000000000000000000
000000000000001000060000015A8021
00000000000000000000000000000000
000000000000001000060000015AC001
00000000000000000000000000000000
1000000A600000020000000000000000
00000000000000101400000000A0C001
00000000000000000000000000000000
0000000A00000180140076C37820004C
00000000000000168000000000000000
00000000000000100018000003A48005
00000000000000000000000000000000
0000000000000010000100000159C515
00000000000000000000000000000000
20000082F00000000000000000000000
00000000000000000000001A6800C000
00000000000000000000000000001048
00000026000000700018000002DD8001
00000000000000000000000000000000
000000000100007000180000015AC021
00000000000000000000000000000000
00000026000000700018000002E68001
00000000000000000000000000000000
000000090000007000180000015B0001
00000000000000000000000000000000
60400102200000000000000000000000
000000000000001009000000016D0001
00000000000000000000000000000000
000000000000001009000000016D0001
00000000000000000000000000000000
60400002200000000000000000000000
00000000000000100900000001640001
00000000000000000000000000000000
00000000000000100900000001640001
00000000000000000000000000000000
A0000002600000000000000000000000
00000000000000105000000000000001
00000000000000000000000000000000
00000000000000100001763C3BE00004
00000000000000000000000000000000
00000000000000100018000000A08001
00000000000000000000000000000000
60400002200000000000000000000000
000000000000001009000000015B0001
00000000000000000000000000000000
000000000000001009000000015B0001
00000000000000000000000000000000
1000100A600000020000000000000000
000000000000001009000000015B0001
00000000000000000000000000000000
00000004800003500900774BE050004C
00000000000000168000000000000000
00000000000000100035000002EF8005
00000000000000000000000000000000
0000000000000010000100000159C015
00000000000000000000000000000000
1000000A600000020000000000000000
000000000000001009000000016D0001
00000000000000000000000000000000
00000004800003500900774BE050004C
00000000000000168000000000000000
000000000000001000350000033B8005
00000000000000000000000000000000
0000000000000010000100000159C215
00000000000000000000000000000000
60400002200000000000000000000000
00000000000000100900000001760001
00000000000000000000000000000000
00000000000000100900000001760001
00000000000000000000000000000000
1000000A600000020000000000000000
00000000000000100900000001640001
00000000000000000000000000000000
00000004800003500900774BE050004C
00000000000000168000000000000000
00000000000000100035000003158005
00000000000000000000000000000000
0000000000000010000100000159C115
00000000000000000000000000000000
60400002200000000000000000000000
000000000000001009000000017F0001
00000000000000000000000000000000
000000000000001009000000017F0001
00000000000000000000000000000000
20000082B00000000000000000000000
00000000000000000000001084000000
00000000000000000000000000000000
00000000000000100035000002EF8001
00000000000000000000000000000000
00000000000000100035000003158001
00000000000000000000000000000000
000000000000001000350000019A0001
00000000000000000000000000000000
60400002200000000000000000000000
00000000000000100900000001880001
00000000000000000000000000000000
00000000000000100900000001880001
00000000000000000000000000000000
1000100A600000020000000000000000
00000000000000100900000001880001
00000000000000000000000000000000
00000004800003500900774BE050004C
00000000000000168000000000000000
00000000000000100035000003AD8005
00000000000000000000000000000000
0000000000000010000100000159C515
00000000000000000000000000000000
60400002200000000000000000000000
00000000000000100900000001910001
00000000000000000000000000000000
00000000000000100900000001910001
00000000000000000000000000000000
1000000A600000020000000000000000
00000000000000100900000001760001
00000000000000000000000000000000
00000004800003500900774BE050004C
00000000000000168000000000000000
00000000000000100035000003618005
00000000000000000000000000000000
0000000000000010000100000159C315
00000000000000000000000000000000
20000083B00000000000000000000000
00000000000000000000001085000000
00000000000000000000000000000000
000000000000001000350000019A0001
00000000000000000000000000000000
00000000000000100035000003618001
00000000000000000000000000000000
000000000000001000350000033B8001
00000000000000000000000000000000
000000000000001000350000019A0001
00000000000000000000000000000000
1000000A600000020000000000000000
000000000000001009000000017F0001
00000000000000000000000000000000
00000004800003500900774BE050004C
00000000000000168000000000000000
00000000000000100035000003878005
00000000000000000000000000000000
0000000000000010000100000159C415
00000000000000000000000000000000
20000083B00000000000000000000000
00000000000000000000001085000000
00000000000000000000000000000000
000000000000001000350000019A0001
00000000000000000000000000000000
00000000000000100035000003AD8001
00000000000000000000000000000000
00000000000000100035000003878001
00000000000000000000000000000000
000000000000001000350000019A0001
00000000000000000000000000000000
10001002600000010000000000000000
00000000000000100900000001910001
00000000000000000000000000000000
0000000900000350090077D2E0600008
00000000000000000000000000000000
00000000000000100035000003D38005
00000000000000000000000000000000
20000082B00000000000000000000000
00000000000000000000001802000000
00000000000000000000000000000000
000000000000001000350000019A0001
00000000000000000000000000000000
00000000000000100035000003D38001
00000000000000000000000000000000
000000000000001000350000019A0001
00000000000000000000000000000000
60400102200000000000000000000000
000000000000001014000000019A0001
00000000000000000000000000000000
000000000000001014000000019A0001
00000000000000000000000000000000
20000002300000000000000000000000
00000000000000000000001000000000
00000000000000000000000000000000
00000000000000105000000000000001
00000000000000000000000000000000
00000000000000105000000000500001
00000000000000000000000000000000
80800000000000000000000000000000
20010002300000000000000000000000
00000000000000000000001000000000
00000000000000000000000000000000
00000000000000100004000000A08001
00000000000000000000000000000000
00000000000000100004000000A00001
00000000000000000000000000000000
40801102E00000000000000000000000
000000000000001014000000019A0001
00000000000000000000000000000000
00000000000000105000000000500001
00000000000000000000000000000000
00000000000000100014000000A08401
00000000000000000000000000000000
00000000000000105000000000000001
00000000000000000000000000000000
00FFFF80200000000000000000000000
00000000000000000001000003FFF015
00000000000000000000000000000000
40000002E00000001E3CE50800000000
00000000000000105000000000000001
00000000000000000000000000000000
00000000000000101400040000000000
00000000000000000000000000000000
00000000000000100004000000A00001
00000000000000000000000000000000
00000000000000101400000000A0C005
00000000000000000000000000000000
80000002200000000000000000000000
00000000000000100500040000A00000
00000000000000000000000000000000
00000000000000100500000000BBC001
00000000000000000000000000000000
10000402600000010000000000000000
00000000000000101400000000A0C001
00000000000000000000000000000000
00000014000000D0140077D394900008
00000000000000000000000000000000
0000000000000010000D000000B4C005
00000000000000000000000000000000
60400082200000000000000000000000
00000000000000100500000000B4C001
00000000000000000000000000000000
00000000000000100500000000B4C001
00000000000000000000000000000000
00000000000000000000000000000000
20001004300000000000000000000000
00000000000000000000214000000000
00000000000000000000000000000000
00000000A000008000A0000000B4C001
00000000000000000000000000000000
00000000000000100001000000C2C001
00000000000000000000000000000000
20000002300000000000000000000000
0000078F394211280000001014050000
00000000000000000000000000000000
00000000000000100001000000C2C001
00000000000000000000000000000000
00000000000000100001000000C30001
00000000000000000000000000000000
60400002200000000000000000000000
00000000000000100020000002990001
00000000000000000000000000000000
00000000000000100020000002990001
00000000000000000000000000000000
20004002F00000000000000000000000
00000000000000000000001840010000
00000000000000000000000000000000
00000000000000100500000000B4C001
00000000000000000000000000000000
00000000000000100500000000C30021
00000000000000000000000000000000
00000000000000100500000000BBC001
00000000000000000000000000000000
00000000000000100500000000C34001
00000000000000000000000000000000
10000102600000010000000000000000
00000000000000100500000000C34001
00000000000000000000000000000000
00000005000002A0050077D6A5D00008
00000000000000000000000000000000
0000000000000010002A000002994005
00000000000000000000000000000000
60400082200000000000000000000000
00000000000000101000000002994001
00000000000000000000000000000000
00000000000000101000000002994001
00000000000000000000000000000000
90001000600000000000000000000020
00000000000000101000000002994001
00000000000000000000000000000000
00000000000000100020000002990001
00000000000000000000000000000000
90400000000000140010000000000020
90C00000000000030010000000000020
90800000000002000000000000000020
10000002600000010000000000000000
00000000000000101400000000A0C001
00000000000000000000000000000000
0000001400000050140077D3F8A00008
00000000000000000000000000000000
00000000000000100005000000B9C005
00000000000000000000000000000000
80000002200000000000000000000000
00000000000000100200040000B40000
00000000000000000000000000000000
00000000000000100200000000C0C001
00000000000000000000000000000000
80000002200000000000000000000000
00000000000000100040040000BC0000
00000000000000000000000000000000
00000000000000100040000000D04001
00000000000000000000000000000000
60400082200000000000000000000000
00000000000000100200000000B9C001
00000000000000000000000000000000
00000000000000100200000000B9C001
00000000000000000000000000000000
20001004300000000000000000000000
00000000000000000000214000000000
00000000000000000000000000000000
00000000400000800040000000B9C001
00000000000000000000000000000000
00000000000000100001000000C2C001
00000000000000000000000000000000
10000002600000010000000000000000
00000000000000100500000000C34001
00000000000000000000000000000000
0000000500002000050077D425C00008
00000000000000000000000000000000
00000000000000100200000000D08005
00000000000000000000000000000000
60808002000000000000020000000000
00000000000000100200000002A94015
00000000000000000000000000000000
20004083700000000000000000000000
00000000000000000000001801610240
00000000000000000000000000000000
00000000000000100040000000D24001
00000000000000000000000000000000
00000000000000100040000000D04001
00000000000000000000000000000000
00000000000000100040000000D06001
00000000000000000000000000000000
00000000000000100040000000D24001
00000000000000000000000000000000
80000002200000000000000000000000
00000000000000100001040000C30000
00000000000000000000000000000000
00000000000000100001000000DA8001
00000000000000000000000000000000
A0000002600000000000000000000000
00000000000000105000000000000001
00000000000000000000000000000000
0000000000000010000177D394700004
00000000000000000000000000000000
00000000000000100018000000A04001
00000000000000000000000000000000
20000002300000000000000000000000
00000000000000000000001000000000
00000000000000000000000000000000
00000000000000105000000000000001
00000000000000000000000000000000
00000000000000105000000000500001
00000000000000000000000000000000
80000002200000000000000000000000
00000000000000100180040000BD0000
00000000000000000000000000000000
0000000000000010018000000156C001
00000000000000000000000000000000
80000002200000000000000000000000
00000000000000100001040005132000
00000000000000000000000000000000
000000000000001000010000015AC601
00000000000000000000000000000000
6140000A200000080000020000000040
00000008000000100200020400800000
00000000000000000000000000000000
00000008000000100200080030000000
00000000000000000000000000000000
00000000000000100200000002A94015
00000000000000000000000000000000
20000002300000000000000000000000
0000078F394211000000001014050000
00000000000000000000000000000000
00000000000000100001000000C2C001
00000000000000000000000000000000
00000000000000100001000000C30001
00000000000000000000000000000000
20000002F00000000000000000000000
00000000000000000000001840010000
00000000000000000000000000000000
00000000000000100200000000B9C001
00000000000000000000000000000000
00000000000000100200000000C30021
00000000000000000000000000000000
00000000000000100200000000C0C001
00000000000000000000000000000000
00000000000000100200000000CA4001
00000000000000000000000000000000
20000003700000000000000000000000
00000000000000000000001801610240
00000000000000000000000000000000
00000000000000100040000000CC0001
00000000000000000000000000000000
00000000000000100040000000D04001
00000000000000000000000000000000
00000000000000100040000000D06001
00000000000000000000000000000000
00000000000000100040000000CC0001
00000000000000000000000000000000
41000102200000000000000000000000
00000000000000100200000000CA4001
00000000000000000000000000000000
00000000000000100200000000CC4001
00000000000000000000000000000000
80C00402200000000000000000000000
00000000000000100200000000CC4001
00000000000000000000000000000000
00000008000008000200040000C32000
00000000000000000000000000000000
50005002E00001710000000000000000
00000000000000100200000000D08001
00000000000000000000000000000000
00000008000008000080040000C32000
00000000000000000000000000000000
00000008000000100200080030000000
00000000000000000000000000000000
00000000000000100280000000D28001
00000000000000000000000000000000
20000804300000000000000000000000
0000000000000F4D413CC28000030000
00000000000000000000000000000000
00000000000000100280000000D28001
00000000000000000000000000000000
00000000000000100001000000D50001
00000000000000000000000000000000
20000006700000000000000000000000
0000000000000F4D413CC2500B030000
00000000000000000000000000000000
00000000000000100280000000D28001
00000000000000000000000000000000
00000000000000100280000000D50021
00000000000000000000000000000000
00000000000000100280000000D54001
00000000000000000000000000000000
00000000000000100001000000D7C001
00000000000000000000000000000000
20000002300000000000000000000000
00000000000000000000001800000000
00000000000000000000000000000000
00000000000000100280000000D54001
00000000000000000000000000000000
00000000000000100280000000D80001
00000000000000000000000000000000
50400102E00001710000000000000000
00000000000000100280000000D80001
00000000000000000000000000000000
00000008000008000080040000C32000
00000000000000000000000000000000
00000008000000100200080030000000
00000000000000000000000000000000
00000000000000100200000000DB4001
00000000000000000000000000000000
20000002F00000000000000000000000
0000000000000000000000108B000000
00000000000000000000000000000000
00000000000000100001000000DA8001
00000000000000000000000000000000
00000000000000100001000000D50001
00000000000000000000000000000000
00000000000000100001000000D7C001
00000000000000000000000000000000
00000000000000100001000000DB0001
00000000000000000000000000000000
20000802700000000000000000000000
00000000000000000000001800040000
00000000000000000000000000000000
00000000000000100200000000DB4001
00000000000000000000000000000000
00000000000000100200000000DB0021
00000000000000000000000000000000
00000000000000100200000000DF4001
00000000000000000000000000000000
20000003700000000000000000000000
00000000000000000000001801810240
00000000000000000000000000000000
00000000000000100040000000E10001
00000000000000000000000000000000
00000000000000100040000000D04001
00000000000000000000000000000000
00000000000000100040000000D06001
00000000000000000000000000000000
00000000000000100040000000E10001
00000000000000000000000000000000
10000102600000000000000000000000
00000000000000100200000000DF4001
00000000000000000000000000000000
0000002000004000020077D6F5E00004
00000000000000000000000000000000
00000000000000100400000000E14001
00000000000000000000000000000000
61000082200000080000000000000000
00000000000000100400000000E14001
00000000000000000000000000000000
00000000000000103000000001114005
00000000000000000000000000000000
10001002600000010000000000000000
00000000000000102000000001114001
00000000000000000000000000000000
0000002000000350200077DAF5F00008
00000000000000000000000000000000
00000000000000100035000001414005
00000000000000000000000000000000
60400082200000000000000000000000
00000000000000101400000001414001
00000000000000000000000000000000
00000000000000101400000001414001
00000000000000000000000000000000
40811002E00000000000000000000000
00000000000000101400000001414001
00000000000000000000000000000000
00000000000000105000000000500001
00000000000000000000000000000000
00000000000000100014000000A04401
00000000000000000000000000000000
00000000000000105000000000000001
00000000000000000000000000000000
40000002E00000001E3CE50800000000
00000000000000105000000000000001
00000000000000000000000000000000
00000000000000101400040000500000
00000000000000000000000000000000
00000000000000100004000000A04001
00000000000000000000000000000000
00000000000000101400000000A0C005
00000000000000000000000000000000
10000402600000000000000000000000
00000000000000101400000000A0C001
00000000000000000000000000000000
0000002800000040140077DD76200004
00000000000000000000000000000000
00000000000000100004000001554001
00000000000000000000000000000000
20000082300000000000000000000000
00000000000000000000001030000000
00000000000000000000000000000000
00000000000000100004000001554001
00000000000000000000000000000000
00000000000000100004000001554001
00000000000000000000000000000000
10000002600000010000000000000000
00000000000000101400000000A0C001
00000000000000000000000000000000
0000001400000180140078EBB2500008
00000000000000000000000000000000
00000000000000100018000003C18005
00000000000000000000000000000000
60400102200000000000000000000000
00000000000000100180000001554001
00000000000000000000000000000000
00000000000000100180000001554001
00000000000000000000000000000000
10000002600000010000000000000000
00000000000000101400000000A0C001
00000000000000000000000000000000
0000001400000180140078EC66600008
00000000000000000000000000000000
00000000000000100018000003CA8005
00000000000000000000000000000000
A0000002600000000000000000000000
00000000000000105000000000000001
00000000000000000000000000000000
0000000000000010000177DD76000004
00000000000000000000000000000000
00000000000000100018000000A08001
00000000000000000000000000000000
20000002300000000000000000000000
00000000000000000000001000000000
00000000000000000000000000000000
00000000000000105000000000000001
00000000000000000000000000000000
00000000000000105000000000500001
00000000000000000000000000000000
20001002B00000000000000000000000
00000000000000000000001002000000
00000000000000000000000000000000
00000000000000100180000001554001
00000000000000000000000000000000
0000000000000010018000000156C001
00000000000000000000000000000000
00000000000000100180000001584001
00000000000000000000000000000000
90800102200010060000000000000000
00000000000000100180000001584001
00000000000000000000000000000000
0000000000000010000600000159C015
00000000000000000000000000000000
2000800A300000000000000000000000
00000000000000000000001000000000
00000000000000000000000000000000
00000000000000100001000001554041
00000000000000000000400000000000
000000000000001000010000015A0001
00000000000000000000000000000000
0000000000000010000100000159C015
00000000000000000000000000000000
2000000A300000000000000000000000
00000000000000000000001000000000
00000000000000000000000000000000
00000000000000100001000001554041
00000000000000000000400000000000
000000000000001000010000015A0101
00000000000000000000000000000000
0000000000000010000100000159C115
00000000000000000000000000000000
1000000A600000020000000000000000
00000000000000101400000000A0C001
00000000000000000000000000000000
0000000A00000180140077DDB230004C
00000000000000168000000000000000
00000000000000100018000002DD8005
00000000000000000000000000000000
0000000000000010000100000159C015
00000000000000000000000000000000
2000000A300000000000000000000000
00000000000000000000001000000000
00000000000000000000000000000000
00000000000000100001000001554041
00000000000000000000400000000000
000000000000001000010000015A0201
00000000000000000000000000000000
0000000000000010000100000159C215
00000000000000000000000000000000
2000000A300000000000000000000000
00000000000000000000001000000000
00000000000000000000000000000000
00000000000000100001000001554041
00000000000000000000400000000000
000000000000001000010000015A0301
00000000000000000000000000000000
0000000000000010000100000159C315
00000000000000000000000000000000
1000000A600000020000000000000000
00000000000000101400000000A0C001
00000000000000000000000000000000
0000000A0000018014007864B240004C
00000000000000168000000000000000
00000000000000100018000002E68005
00000000000000000000000000000000
0000000000000010000100000159C015
00000000000000000000000000000000
2000000A300000000000000000000000
00000000000000000000001000000000
00000000000000000000000000000000
00000000000000100001000001554041
00000000000000000000400000000000
000000000000001000010000015A0401
00000000000000000000000000000000
0000000000000010000100000159C415
00000000000000000000000000000000
1000000A600000020000000000000000
00000000000000101400000000A0C001
00000000000000000000000000000000
0000000A00000180140077DDB230004C
00000000000000168000000000000000
00000000000000100018000003038005
00000000000000000000000000000000
0000000000000010000100000159C115
00000000000000000000000000000000
1000000A600000020000000000000000
00000000000000101400000000A0C001
00000000000000000000000000000000
0000000A0000018014007864B240004C
00000000000000168000000000000000
000000000000001000180000030C8005
00000000000000000000000000000000
0000000000000010000100000159C115
00000000000000000000000000000000
1000000A600000020000000000000000
00000000000000101400000000A0C001
00000000000000000000000000000000
0000000A00000180140077DDB230004C
00000000000000168000000000000000
00000000000000100018000003298005
00000000000000000000000000000000
0000000000000010000100000159C215
00000000000000000000000000000000
2000000A300000000000000000000000
00000000000000000000001000000000
00000000000000000000000000000000
00000000000000100001000001554041
00000000000000000000400000000000
000000000000001000010000015A0501
00000000000000000000000000000000
0000000000000010000100000159C515
00000000000000000000000000000000
1000000A600000020000000000000000
00000000000000101400000000A0C001
00000000000000000000000000000000
0000000A0000018014007864B240004C
00000000000000168000000000000000
00000000000000100018000003328005
00000000000000000000000000000000
0000000000000010000100000159C215
00000000000000000000000000000000
1000000A600000020000000000000000
00000000000000101400000000A0C001
00000000000000000000000000000000
0000000A00000180140077DDB230004C
00000000000000168000000000000000
000000000000001000180000034F8005
00000000000000000000000000000000
0000000000000010000100000159C315
00000000000000000000000000000000
1000000A600000020000000000000000
00000000000000101400000000A0C001
00000000000000000000000000000000
0000000A0000018014007864B240004C
00000000000000168000000000000000
00000000000000100018000003588005
00000000000000000000000000000000
0000000000000010000100000159C315
00000000000000000000000000000000
20000004300000000000000000000000
00000000000000000000024000000000
00000000000000000000000000000000
000000000000001000060000015A0001
00000000000000000000000000000000
000000000000001000010000015A4001
00000000000000000000000000000000
1000000A600000020000000000000000
00000000000000101400000000A0C001
00000000000000000000000000000000
0000000A00000180140077DDB230004C
00000000000000168000000000000000
00000000000000100018000003758005
00000000000000000000000000000000
0000000000000010000100000159C415
00000000000000000000000000000000
1000000A600000020000000000000000
00000000000000101400000000A0C001
00000000000000000000000000000000
0000000A0000018014007864B240004C
00000000000000168000000000000000
000000000000001000180000037E8005
00000000000000000000000000000000
0000000000000010000100000159C415
00000000000000000000000000000000
1000000A600000020000000000000000
00000000000000101400000000A0C001
00000000000000000000000000000000
0000000A00000180140077DDB230004C
00000000000000168000000000000000
000000000000001000180000039B8005
00000000000000000000000000000000
0000000000000010000100000159C515
00000000000000000000000000000000
1000000A600000020000000000000000
00000000000000101400000000A0C001
00000000000000000000000000000000
0000000A0000018014007864B240004C
00000000000000168000000000000000
00000000000000100018000003A48005
00000000000000000000000000000000
0000000000000010000100000159C515
00000000000000000000000000000000
20000002300000000000000000000000
0000078F394200000000001004000000
00000000000000000000000000000000
000000000000001000010000015A4001
00000000000000000000000000000000
000000000000001000010000015A8001
00000000000000000000000000000000
20000002700000000000000000000000
00000FF00000000000000010C0040000
00000000000000000000000000000000
000000000000001000060000015A0001
00000000000000000000000000000000
000000000000001000060000015A8021
00000000000000000000000000000000
000000000000001000060000015AC001
00000000000000000000000000000000
20000082F00000000000000000000000
00000000000000000000001A6800C000
00000000000000000000000000001048
00000026000000700018000002DD8001
00000000000000000000000000000000
000000000100007000180000015AC021
00000000000000000000000000000000
00000026000000700018000002E68001
00000000000000000000000000000000
000000090000007000180000015B0001
00000000000000000000000000000000
80800000000000000000000000000000
60400102200000000000000000000000
000000000000001009000000015B0001
00000000000000000000000000000000
000000000000001009000000015B0001
00000000000000000000000000000000
1000100A600000020000000000000000
000000000000001009000000015B0001
00000000000000000000000000000000
0000000480000350090078ED1A70004C
00000000000000168000000000000000
00000000000000100035000002EF8005
00000000000000000000000000000000
0000000000000010000100000159C015
00000000000000000000000000000000
60400002200000000000000000000000
00000000000000100900000001640001
00000000000000000000000000000000
00000000000000100900000001640001
00000000000000000000000000000000
1000100A600000020000000000000000
00000000000000100900000001640001
00000000000000000000000000000000
0000000480000350090078ED1A70004C
00000000000000168000000000000000
00000000000000100035000003158005
00000000000000000000000000000000
0000000000000010000100000159C115
00000000000000000000000000000000
60400002200000000000000000000000
000000000000001009000000016D0001
00000000000000000000000000000000
000000000000001009000000016D0001
00000000000000000000000000000000
20010002300000000000000000000000
00000000000000000000001000000000
00000000000000000000000000000000
00000000000000100004000000A08001
00000000000000000000000000000000
00000000000000100004000000A00001
00000000000000000000000000000000
20000082B00000000000000000000000
00000000000000000000001084000000
00000000000000000000000000000000
00000000000000100035000002EF8001
00000000000000000000000000000000
00000000000000100035000003158001
00000000000000000000000000000000
000000000000001000350000019A0001
00000000000000000000000000000000
60400002200000000000000000000000
00000000000000100900000001760001
00000000000000000000000000000000
00000000000000100900000001760001
00000000000000000000000000000000
60400002200000000000000000000000
000000000000001009000000017F0001
00000000000000000000000000000000
000000000000001009000000017F0001
00000000000000000000000000000000
60400002200000000000000000000000
00000000000000100900000001880001
00000000000000000000000000000000
00000000000000100900000001880001
00000000000000000000000000000000
1000100A600000020000000000000000
000000000000001009000000016D0001
00000000000000000000000000000000
0000000480000350090078ED1A70004C
00000000000000168000000000000000
000000000000001000350000033B8005
00000000000000000000000000000000
0000000000000010000100000159C215
00000000000000000000000000000000
1000000A600000020000000000000000
00000000000000100900000001760001
00000000000000000000000000000000
0000000480000350090078ED1A70004C
00000000000000168000000000000000
00000000000000100035000003618005
00000000000000000000000000000000
0000000000000010000100000159C315
00000000000000000000000000000000
60400002200000000000000000000000
00000000000000100900000001910001
00000000000000000000000000000000
00000000000000100900000001910001
00000000000000000000000000000000
20000083B00000000000000000000000
00000000000000000000001085000000
00000000000000000000000000000000
000000000000001000350000019A0001
00000000000000000000000000000000
00000000000000100035000003618001
00000000000000000000000000000000
000000000000001000350000033B8001
00000000000000000000000000000000
000000000000001000350000019A0001
00000000000000000000000000000000
1000000A600000020000000000000000
000000000000001009000000017F0001
00000000000000000000000000000000
0000000480000350090078ED1A70004C
00000000000000168000000000000000
00000000000000100035000003878005
00000000000000000000000000000000
0000000000000010000100000159C415
00000000000000000000000000000000
1000000A600000020000000000000000
00000000000000100900000001880001
00000000000000000000000000000000
0000000480000350090078ED1A70004C
00000000000000168000000000000000
00000000000000100035000003AD8005
00000000000000000000000000000000
0000000000000010000100000159C515
00000000000000000000000000000000
20000083B00000000000000000000000
00000000000000000000001085000000
00000000000000000000000000000000
000000000000001000350000019A0001
00000000000000000000000000000000
00000000000000100035000003AD8001
00000000000000000000000000000000
00000000000000100035000003878001
00000000000000000000000000000000
000000000000001000350000019A0001
00000000000000000000000000000000
10001002600000010000000000000000
00000000000000100900000001910001
00000000000000000000000000000000
0000000900000350090079741A800008
00000000000000000000000000000000
00000000000000100035000003D38005
00000000000000000000000000000000
20000082B00000000000000000000000
00000000000000000000001802000000
00000000000000000000000000000000
000000000000001000350000019A0001
00000000000000000000000000000000
00000000000000100035000003D38001
00000000000000000000000000000000
000000000000001000350000019A0001
00000000000000000000000000000000
60400102200000000000000000000000
000000000000001014000000019A0001
00000000000000000000000000000000
000000000000001014000000019A0001
00000000000000000000000000000000
40801002E00000000000000000000000
000000000000001014000000019A0001
00000000000000000000000000000000
00000000000000105000000000500001
00000000000000000000000000000000
00000000000000100014000000A08401
00000000000000000000000000000000
00000000000000105000000000000001
00000000000000000000000000000000
00FFFF80200000000000000000000000
00000000000000000001000003FFF015
00000000000000000000000000000000
40000002E00000001E3CE50800000000
00000000000000105000000000000001
00000000000000000000000000000000
00000000000000101400040000000000
00000000000000000000000000000000
00000000000000100004000000A00001
00000000000000000000000000000000
00000000000000101400000000A0C005
00000000000000000000000000000000
10000402600000010000000000000000
00000000000000101400000000A0C001
00000000000000000000000000000000
00000014000000501400797532C00008
00000000000000000000000000000000
00000000000000100005000000B9C005
00000000000000000000000000000000
10000002600000010000000000000000
00000000000000101400000000A0C001
00000000000000000000000000000000
00000014000000D014007974CEB00008
00000000000000000000000000000000
0000000000000010000D000000B4C005
00000000000000000000000000000000
60400082200000000000000000000000
00000000000000100500000000B4C001
00000000000000000000000000000000
00000000000000100500000000B4C001
00000000000000000000000000000000
20001004300000000000000000000000
00000000000000000000214000000000
00000000000000000000000000000000
00000000A000008000A0000000B4C001
00000000000000000000000000000000
00000000000000100001000000C2C001
00000000000000000000000000000000
80000002200000000000000000000000
00000000000000100500040000A00000
00000000000000000000000000000000
00000000000000100500000000BBC001
00000000000000000000000000000000
60400002200000000000000000000000
00000000000000100200000000B9C001
00000000000000000000000000000000
00000000000000100200000000B9C001
00000000000000000000000000000000
80000002200000000000000000000000
00000000000000100200040000B40000
00000000000000000000000000000000
00000000000000100200000000C0C001
00000000000000000000000000000000
20000002300000000000000000000000
0000078F394211280000001014050000
00000000000000000000000000000000
00000000000000100001000000C2C001
00000000000000000000000000000000
00000000000000100001000000C30001
00000000000000000000000000000000
80000002200000000000000000000000
00000000000000100040040000BC0000
00000000000000000000000000000000
00000000000000100040000000D04001
00000000000000000000000000000000
20004002F00000000000000000000000
00000000000000000000001840010000
00000000000000000000000000000000
00000000000000100500000000B4C001
00000000000000000000000000000000
00000000000000100500000000C30021
00000000000000000000000000000000
00000000000000100500000000BBC001
00000000000000000000000000000000
00000000000000100500000000C34001
00000000000000000000000000000000
10000102600000010000000000000000
00000000000000100500000000C34001
00000000000000000000000000000000
0000000500002000050079755AD00008
00000000000000000000000000000000
00000000000000100200000000D08005
00000000000000000000000000000000
20001004300000000000000000000000
00000000000000000000214000000000
00000000000000000000000000000000
00000000400000800040000000B9C001
00000000000000000000000000000000
00000000000000100001000000C2C001
00000000000000000000000000000000
20000002300000000000000000000000
0000078F394211000000001014050000
00000000000000000000000000000000
00000000000000100001000000C2C001
00000000000000000000000000000000
00000000000000100001000000C30001
00000000000000000000000000000000
20000002F00000000000000000000000
00000000000000000000001840010000
00000000000000000000000000000000
00000000000000100200000000B9C001
00000000000000000000000000000000
00000000000000100200000000C30021
00000000000000000000000000000000
00000000000000100200000000C0C001
00000000000000000000000000000000
00000000000000100200000000CA4001
00000000000000000000000000000000
20000003700000000000000000000000
00000000000000000000001801610240
00000000000000000000000000000000
00000000000000100040000000CC0001
00000000000000000000000000000000
00000000000000100040000000D04001
00000000000000000000000000000000
00000000000000100040000000D06001
00000000000000000000000000000000
00000000000000100040000000CC0001
00000000000000000000000000000000
41000102200000000000000000000000
00000000000000100200000000CA4001
00000000000000000000000000000000
00000000000000100200000000CC4001
00000000000000000000000000000000
80C00402200000000000000000000000
00000000000000100200000000CC4001
00000000000000000000000000000000
00000008000008000200040000C32000
00000000000000000000000000000000
20000083700000000000000000000000
00000000000000000000001801610240
00000000000000000000000000000000
00000000000000100040000000D24001
00000000000000000000000000000000
00000000000000100040000000D04001
00000000000000000000000000000000
00000000000000100040000000D06001
00000000000000000000000000000000
00000000000000100040000000D24001
00000000000000000000000000000000
50004102E00001710000000000000000
00000000000000100200000000D08001
00000000000000000000000000000000
00000008000008000080040000C32000
00000000000000000000000000000000
00000008000000100200080030000000
00000000000000000000000000000000
00000000000000100280000000D28001
00000000000000000000000000000000
20000804300000000000000000000000
0000000000000F4D413CC28000030000
00000000000000000000000000000000
00000000000000100280000000D28001
00000000000000000000000000000000
00000000000000100001000000D50001
00000000000000000000000000000000
20000006700000000000000000000000
0000000000000F4D413CC2500B030000
00000000000000000000000000000000
00000000000000100280000000D28001
00000000000000000000000000000000
00000000000000100280000000D50021
00000000000000000000000000000000
00000000000000100280000000D54001
00000000000000000000000000000000
00000000000000100001000000D7C001
00000000000000000000000000000000
80000002200000000000000000000000
00000000000000100001040000C30000
00000000000000000000000000000000
00000000000000100001000000DA8001
00000000000000000000000000000000
20000002300000000000000000000000
00000000000000000000001800000000
00000000000000000000000000000000
00000000000000100280000000D54001
00000000000000000000000000000000
00000000000000100280000000D80001
00000000000000000000000000000000
50400102E00001710000000000000000
00000000000000100280000000D80001
00000000000000000000000000000000
00000008000008000080040000C32000
00000000000000000000000000000000
00000008000000100200080030000000
00000000000000000000000000000000
00000000000000100200000000DB4001
00000000000000000000000000000000
20004002F00000000000000000000000
0000000000000000000000108B000000
00000000000000000000000000000000
00000000000000100001000000DA8001
00000000000000000000000000000000
00000000000000100001000000D50001
00000000000000000000000000000000
00000000000000100001000000D7C001
00000000000000000000000000000000
00000000000000100001000000DB0001
00000000000000000000000000000000
20000802700000000000000000000000
00000000000000000000001800040000
00000000000000000000000000000000
00000000000000100200000000DB4001
00000000000000000000000000000000
00000000000000100200000000DB0021
00000000000000000000000000000000
00000000000000100200000000DF4001
00000000000000000000000000000000
20000003700000000000000000000000
00000000000000000000001801810240
00000000000000000000000000000000
00000000000000100040000000E10001
00000000000000000000000000000000
00000000000000100040000000D04001
00000000000000000000000000000000
00000000000000100040000000D06001
00000000000000000000000000000000
00000000000000100040000000E10001
00000000000000000000000000000000
10000102600000000000000000000000
00000000000000100200000000DF4001
00000000000000000000000000000000
000000200000400002007977DAE00004
00000000000000000000000000000000
00000000000000100400000000E14001
00000000000000000000000000000000
61000082200000080000000000000000
00000000000000100400000000E14001
00000000000000000000000000000000
00000000000000103000000001114005
00000000000000000000000000000000
A0000002600000000000000000000000
00000000000000105000000000000001
00000000000000000000000000000000
000000000000001000017974CE900004
00000000000000000000000000000000
00000000000000100018000000A04001
00000000000000000000000000000000
20000002300000000000000000000000
00000000000000000000001000000000
00000000000000000000000000000000
00000000000000105000000000000001
00000000000000000000000000000000
00000000000000105000000000500001
00000000000000000000000000000000
10001002600000010000000000000000
00000000000000102000000001114001
00000000000000000000000000000000
00000020000003502000797BDAF00008
00000000000000000000000000000000
00000000000000100035000001414005
00000000000000000000000000000000
60400082200000000000000000000000
00000000000000101400000001414001
00000000000000000000000000000000
00000000000000101400000001414001
00000000000000000000000000000000
40811102E00000000000000000000000
00000000000000101400000001414001
00000000000000000000000000000000
00000000000000105000000000500001
00000000000000000000000000000000
00000000000000100014000000A04401
00000000000000000000000000000000
00000000000000105000000000000001
00000000000000000000000000000000
40000002E00000001E3CE50800000000
00000000000000105000000000000001
00000000000000000000000000000000
00000000000000101400040000500000
00000000000000000000000000000000
00000000000000100004000000A04001
00000000000000000000000000000000
00000000000000101400000000A0C005
00000000000000000000000000000000
10000402600000000000000000000000
00000000000000101400000000A0C001
00000000000000000000000000000000
00000028000000401400797E5B200004
00000000000000000000000000000000
00000000000000100004000001554001
00000000000000000000000000000000
20000082300000000000000000000000
00000000000000000000001030000000
00000000000000000000000000000000
00000000000000100004000001554001
00000000000000000000000000000000
00000000000000100004000001554001
00000000000000000000000000000000
60400102200000000000000000000000
00000000000000100180000001554001
00000000000000000000000000000000
00000000000000100180000001554001
00000000000000000000000000000000
80000002200000000000000000000000
00000000000000100180040000BD0000
00000000000000000000000000000000
0000000000000010018000000156C001
00000000000000000000000000000000
20005002B00000000000000000000000
00000000000000000000001002000000
00000000000000000000000000000000
00000000000000100180000001554001
00000000000000000000000000000000
0000000000000010018000000156C001
00000000000000000000000000000000
00000000000000100180000001584001
00000000000000000000000000000000
90800102200010060000000000000000
00000000000000100180000001584001
00000000000000000000000000000000
0000000000000010000600000159C015
00000000000000000000000000000000
2000800A300000000000000000000000
00000000000000000000001000000000
00000000000000000000000000000000
00000000000000100001000001554041
00000000000000000000400000000000
000000000000001000010000015A0001
00000000000000000000000000000000
0000000000000010000100000159C015
00000000000000000000000000000000
2000000A300000000000000000000000
00000000000000000000001000000000
00000000000000000000000000000000
00000000000000100001000001554041
00000000000000000000400000000000
000000000000001000010000015A0101
00000000000000000000000000000000
0000000000000010000100000159C115
00000000000000000000000000000000
2000000A300000000000000000000000
00000000000000000000001000000000
00000000000000000000000000000000
00000000000000100001000001554041
00000000000000000000400000000000
000000000000001000010000015A0201
00000000000000000000000000000000
0000000000000010000100000159C215
00000000000000000000000000000000
2000000A300000000000000000000000
00000000000000000000001000000000
00000000000000000000000000000000
00000000000000100001000001554041
00000000000000000000400000000000
000000000000001000010000015A0301
00000000000000000000000000000000
0000000000000010000100000159C315
00000000000000000000000000000000
80000002200000000000000000000000
00000000000000100001040005132000
00000000000000000000000000000000
000000000000001000010000015AC601
00000000000000000000000000000000
1000000A600000020000000000000000
00000000000000101400000000A0C001
00000000000000000000000000000000
0000000A000001801400797E9730004C
00000000000000168000000000000000
00000000000000100018000002DD8005
00000000000000000000000000000000
0000000000000010000100000159C015
00000000000000000000000000000000
2000000A300000000000000000000000
00000000000000000000001000000000
00000000000000000000000000000000
00000000000000100001000001554041
00000000000000000000400000000000
000000000000001000010000015A0401
00000000000000000000000000000000
0000000000000010000100000159C415
00000000000000000000000000000000
2000000A300000000000000000000000
00000000000000000000001000000000
00000000000000000000000000000000
00000000000000100001000001554041
00000000000000000000400000000000
000000000000001000010000015A0501
00000000000000000000000000000000
0000000000000010000100000159C515
00000000000000000000000000000000
20000004300000000000000000000000
00000000000000000000024000000000
00000000000000000000000000000000
000000000000001000060000015A0001
00000000000000000000000000000000
000000000000001000010000015A4001
00000000000000000000000000000000
10000002600000010000000000000000
00000000000000101400000000A0C001
00000000000000000000000000000000
000000140000018014007A8C97500008
00000000000000000000000000000000
00000000000000100018000003C18005
00000000000000000000000000000000
10000002600000010000000000000000
00000000000000101400000000A0C001
00000000000000000000000000000000
000000140000018014007A8D4B600008
00000000000000000000000000000000
00000000000000100018000003CA8005
00000000000000000000000000000000
1000000A600000020000000000000000
00000000000000101400000000A0C001
00000000000000000000000000000000
0000000A0000018014007A059740004C
00000000000000168000000000000000
00000000000000100018000002E68005
00000000000000000000000000000000
0000000000000010000100000159C015
00000000000000000000000000000000
1000000A600000020000000000000000
00000000000000101400000000A0C001
00000000000000000000000000000000
0000000A000001801400797E9730004C
00000000000000168000000000000000
00000000000000100018000003038005
00000000000000000000000000000000
0000000000000010000100000159C115
00000000000000000000000000000000
1000000A600000020000000000000000
00000000000000101400000000A0C001
00000000000000000000000000000000
0000000A0000018014007A059740004C
00000000000000168000000000000000
000000000000001000180000030C8005
00000000000000000000000000000000
0000000000000010000100000159C115
00000000000000000000000000000000
1000000A600000020000000000000000
00000000000000101400000000A0C001
00000000000000000000000000000000
0000000A000001801400797E9730004C
00000000000000168000000000000000
00000000000000100018000003298005
00000000000000000000000000000000
0000000000000010000100000159C215
00000000000000000000000000000000
1000000A600000020000000000000000
00000000000000101400000000A0C001
00000000000000000000000000000000
0000000A0000018014007A059740004C
00000000000000168000000000000000
00000000000000100018000003328005
00000000000000000000000000000000
0000000000000010000100000159C215
00000000000000000000000000000000
20000002300000000000000000000000
0000078F394200000000001004000000
00000000000000000000000000000000
000000000000001000010000015A4001
00000000000000000000000000000000
000000000000001000010000015A8001
00000000000000000000000000000000
1000000A600000020000000000000000
00000000000000101400000000A0C001
00000000000000000000000000000000
0000000A000001801400797E9730004C
00000000000000168000000000000000
000000000000001000180000034F8005
00000000000000000000000000000000
0000000000000010000100000159C315
00000000000000000000000000000000
1000000A600000020000000000000000
00000000000000101400000000A0C001
00000000000000000000000000000000
0000000A0000018014007A059740004C
00000000000000168000000000000000
00000000000000100018000003588005
00000000000000000000000000000000
0000000000000010000100000159C315
00000000000000000000000000000000
1000000A600000020000000000000000
00000000000000101400000000A0C001
00000000000000000000000000000000
0000000A000001801400797E9730004C
00000000000000168000000000000000
00000000000000100018000003758005
00000000000000000000000000000000
0000000000000010000100000159C415
00000000000000000000000000000000
1000000A600000020000000000000000
00000000000000101400000000A0C001
00000000000000000000000000000000
0000000A0000018014007A059740004C
00000000000000168000000000000000
000000000000001000180000037E8005
00000000000000000000000000000000
0000000000000010000100000159C415
00000000000000000000000000000000
1000000A600000020000000000000000
00000000000000101400000000A0C001
00000000000000000000000000000000
0000000A000001801400797E9730004C
00000000000000168000000000000000
000000000000001000180000039B8005
00000000000000000000000000000000
0000000000000010000100000159C515
00000000000000000000000000000000
20004002700000000000000000000000
00000FF00000000000000010C0040000
00000000000000000000000000000000
000000000000001000060000015A0001
00000000000000000000000000000000
000000000000001000060000015A8021
00000000000000000000000000000000
000000000000001000060000015AC001
00000000000000000000000000000000
1000000A600000020000000000000000
00000000000000101400000000A0C001
00000000000000000000000000000000
0000000A0000018014007A059740004C
00000000000000168000000000000000
00000000000000100018000003A48005
00000000000000000000000000000000
0000000000000010000100000159C515
00000000000000000000000000000000
20000082F00000000000000000000000
00000000000000000000001A6800C000
00000000000000000000000000001048
00000026000000700018000002DD8001
00000000000000000000000000000000
000000000100007000180000015AC021
00000000000000000000000000000000
00000026000000700018000002E68001
00000000000000000000000000000000
000000090000007000180000015B0001
00000000000000000000000000000000
60400102200000000000000000000000
000000000000001009000000016D0001
00000000000000000000000000000000
000000000000001009000000016D0001
00000000000000000000000000000000
60400002200000000000000000000000
00000000000000100900000001640001
00000000000000000000000000000000
00000000000000100900000001640001
00000000000000000000000000000000
A0000002600000000000000000000000
00000000000000105000000000000001
00000000000000000000000000000000
00000000000000100001797E5B000004
00000000000000000000000000000000
00000000000000100018000000A08001
00000000000000000000000000000000
60400002200000000000000000000000
000000000000001009000000015B0001
00000000000000000000000000000000
000000000000001009000000015B0001
00000000000000000000000000000000
1000100A600000020000000000000000
000000000000001009000000015B0001
00000000000000000000000000000000
000000048000035009007A8DFF70004C
00000000000000168000000000000000
00000000000000100035000002EF8005
00000000000000000000000000000000
0000000000000010000100000159C015
00000000000000000000000000000000
1000000A600000020000000000000000
000000000000001009000000016D0001
00000000000000000000000000000000
000000048000035009007A8DFF70004C
00000000000000168000000000000000
000000000000001000350000033B8005
00000000000000000000000000000000
0000000000000010000100000159C215
00000000000000000000000000000000
60400002200000000000000000000000
00000000000000100900000001760001
00000000000000000000000000000000
00000000000000100900000001760001
00000000000000000000000000000000
1000000A600000020000000000000000
00000000000000100900000001640001
00000000000000000000000000000000
000000048000035009007A8DFF70004C
00000000000000168000000000000000
00000000000000100035000003158005
00000000000000000000000000000000
0000000000000010000100000159C115
00000000000000000000000000000000
60400002200000000000000000000000
000000000000001009000000017F0001
00000000000000000000000000000000
000000000000001009000000017F0001
00000000000000000000000000000000
20000082B00000000000000000000000
00000000000000000000001084000000
00000000000000000000000000000000
00000000000000100035000002EF8001
00000000000000000000000000000000
00000000000000100035000003158001
00000000000000000000000000000000
000000000000001000350000019A0001
00000000000000000000000000000000
60400002200000000000000000000000
00000000000000100900000001880001
00000000000000000000000000000000
00000000000000100900000001880001
00000000000000000000000000000000
1000100A600000020000000000000000
00000000000000100900000001880001
00000000000000000000000000000000
000000048000035009007A8DFF70004C
00000000000000168000000000000000
00000000000000100035000003AD8005
00000000000000000000000000000000
0000000000000010000100000159C515
00000000000000000000000000000000
60400002200000000000000000000000
00000000000000100900000001910001
00000000000000000000000000000000
00000000000000100900000001910001
00000000000000000000000000000000
1000000A600000020000000000000000
00000000000000100900000001760001
00000000000000000000000000000000
000000048000035009007A8DFF70004C
00000000000000168000000000000000
00000000000000100035000003618005
00000000000000000000000000000000
0000000000000010000100000159C315
00000000000000000000000000000000
20000083B00000000000000000000000
00000000000000000000001085000000
00000000000000000000000000000000
000000000000001000350000019A0001
00000000000000000000000000000000
00000000000000100035000003618001
00000000000000000000000000000000
000000000000001000350000033B8001
00000000000000000000000000000000
000000000000001000350000019A0001
00000000000000000000000000000000
1000000A600000020000000000000000
000000000000001009000000017F0001
00000000000000000000000000000000
000000048000035009007A8DFF70004C
00000000000000168000000000000000
00000000000000100035000003878005
00000000000000000000000000000000
0000000000000010000100000159C415
00000000000000000000000000000000
20000083B00000000000000000000000
00000000000000000000001085000000
00000000000000000000000000000000
000000000000001000350000019A0001
00000000000000000000000000000000
00000000000000100035000003AD8001
00000000000000000000000000000000
00000000000000100035000003878001
00000000000000000000000000000000
000000000000001000350000019A0001
00000000000000000000000000000000
10001002600000010000000000000000
00000000000000100900000001910001
00000000000000000000000000000000
000000090000035009007B14FF800008
00000000000000000000000000000000
00000000000000100035000003D38005
00000000000000000000000000000000
20000082B00000000000000000000000
00000000000000000000001802000000
00000000000000000000000000000000
000000000000001000350000019A0001
00000000000000000000000000000000
00000000000000100035000003D38001
00000000000000000000000000000000
000000000000001000350000019A0001
00000000000000000000000000000000
60400102200000000000000000000000
000000000000001014000000019A0001
00000000000000000000000000000000
000000000000001014000000019A0001
00000000000000000000000000000000
20000002300000000000000000000000
00000000000000000000001000000000
00000000000000000000000000000000
00000000000000105000000000000001
00000000000000000000000000000000
00000000000000105000000000500001
00000000000000000000000000000000
80800000000000000000000000000000
20010002300000000000000000000000
00000000000000000000001000000000
00000000000000000000000000000000
00000000000000100004000000A08001
00000000000000000000000000000000
00000000000000100004000000A00001
00000000000000000000000000000000
40801102E00000000000000000000000
000000000000001014000000019A0001
00000000000000000000000000000000
00000000000000105000000000500001
00000000000000000000000000000000
00000000000000100014000000A08401
00000000000000000000000000000000
00000000000000105000000000000001
00000000000000000000000000000000
00FFFF80200000000000000000000000
00000000000000000001000003FFF015
00000000000000000000000000000000
40000002E00000001E3CE50800000000
00000000000000105000000000000001
00000000000000000000000000000000
00000000000000101400040000000000
00000000000000000000000000000000
00000000000000100004000000A00001
00000000000000000000000000000000
00000000000000101400000000A0C005
00000000000000000000000000000000
10000402600000010000000000000000
00000000000000101400000000A0C001
00000000000000000000000000000000
000000140000005014007B1617C00008
00000000000000000000000000000000
00000000000000100005000000B9C005
00000000000000000000000000000000
10000002600000010000000000000000
00000000000000101400000000A0C001
00000000000000000000000000000000
00000014000000D014007B15B3B00008
00000000000000000000000000000000
0000000000000010000D000000B4C005
00000000000000000000000000000000
60400082200000000000000000000000
00000000000000100500000000B4C001
00000000000000000000000000000000
00000000000000100500000000B4C001
00000000000000000000000000000000
20001004300000000000000000000000
00000000000000000000214000000000
00000000000000000000000000000000
00000000A000008000A0000000B4C001
00000000000000000000000000000000
00000000000000100001000000C2C001
00000000000000000000000000000000
80000002200000000000000000000000
00000000000000100500040000A00000
00000000000000000000000000000000
00000000000000100500000000BBC001
00000000000000000000000000000000
60400002200000000000000000000000
00000000000000100200000000B9C001
00000000000000000000000000000000
00000000000000100200000000B9C001
00000000000000000000000000000000
80000002200000000000000000000000
00000000000000100200040000B40000
00000000000000000000000000000000
00000000000000100200000000C0C001
00000000000000000000000000000000
20000002300000000000000000000000
0000078F394211280000001014050000
00000000000000000000000000000000
00000000000000100001000000C2C001
00000000000000000000000000000000
00000000000000100001000000C30001
00000000000000000000000000000000
80000002200000000000000000000000
00000000000000100040040000BC0000
00000000000000000000000000000000
00000000000000100040000000D04001
00000000000000000000000000000000
20004002F00000000000000000000000
00000000000000000000001840010000
00000000000000000000000000000000
00000000000000100500000000B4C001
00000000000000000000000000000000
00000000000000100500000000C30021
00000000000000000000000000000000
00000000000000100500000000BBC001
00000000000000000000000000000000
00000000000000100500000000C34001
00000000000000000000000000000000
10000102600000010000000000000000
00000000000000100500000000C34001
00000000000000000000000000000000
000000050000200005007B163FD00008
00000000000000000000000000000000
00000000000000100200000000D08005
00000000000000000000000000000000
20001004300000000000000000000000
00000000000000000000214000000000
00000000000000000000000000000000
00000000400000800040000000B9C001
00000000000000000000000000000000
00000000000000100001000000C2C001
00000000000000000000000000000000
20000002300000000000000000000000
0000078F394211000000001014050000
00000000000000000000000000000000
00000000000000100001000000C2C001
00000000000000000000000000000000
00000000000000100001000000C30001
00000000000000000000000000000000
20000002F00000000000000000000000
00000000000000000000001840010000
00000000000000000000000000000000
00000000000000100200000000B9C001
00000000000000000000000000000000
00000000000000100200000000C30021
00000000000000000000000000000000
00000000000000100200000000C0C001
00000000000000000000000000000000
00000000000000100200000000CA4001
00000000000000000000000000000000
20000003700000000000000000000000
00000000000000000000001801610240
00000000000000000000000000000000
00000000000000100040000000CC0001
00000000000000000000000000000000
00000000000000100040000000D04001
00000000000000000000000000000000
00000000000000100040000000D06001
00000000000000000000000000000000
00000000000000100040000000CC0001
00000000000000000000000000000000
41000102200000000000000000000000
00000000000000100200000000CA4001
00000000000000000000000000000000
00000000000000100200000000CC4001
00000000000000000000000000000000
80C00402200000000000000000000000
00000000000000100200000000CC4001
00000000000000000000000000000000
00000008000008000200040000C32000
00000000000000000000000000000000
20000083700000000000000000000000
00000000000000000000001801610240
00000000000000000000000000000000
00000000000000100040000000D24001
00000000000000000000000000000000
00000000000000100040000000D04001
00000000000000000000000000000000
00000000000000100040000000D06001
00000000000000000000000000000000
00000000000000100040000000D24001
00000000000000000000000000000000
50004102E00001710000000000000000
00000000000000100200000000D08001
00000000000000000000000000000000
00000008000008000080040000C32000
00000000000000000000000000000000
00000008000000100200080030000000
00000000000000000000000000000000
00000000000000100280000000D28001
00000000000000000000000000000000
20000804300000000000000000000000
0000000000000F4D413CC28000030000
00000000000000000000000000000000
00000000000000100280000000D28001
00000000000000000000000000000000
00000000000000100001000000D50001
00000000000000000000000000000000
20000006700000000000000000000000
0000000000000F4D413CC2500B030000
00000000000000000000000000000000
00000000000000100280000000D28001
00000000000000000000000000000000
00000000000000100280000000D50021
00000000000000000000000000000000
00000000000000100280000000D54001
00000000000000000000000000000000
00000000000000100001000000D7C001
00000000000000000000000000000000
80000002200000000000000000000000
00000000000000100001040000C30000
00000000000000000000000000000000
00000000000000100001000000DA8001
00000000000000000000000000000000
20000002300000000000000000000000
00000000000000000000001800000000
00000000000000000000000000000000
00000000000000100280000000D54001
00000000000000000000000000000000
00000000000000100280000000D80001
00000000000000000000000000000000
50400102E00001710000000000000000
00000000000000100280000000D80001
00000000000000000000000000000000
00000008000008000080040000C32000
00000000000000000000000000000000
00000008000000100200080030000000
00000000000000000000000000000000
00000000000000100200000000DB4001
00000000000000000000000000000000
20004002F00000000000000000000000
0000000000000000000000108B000000
00000000000000000000000000000000
00000000000000100001000000DA8001
00000000000000000000000000000000
00000000000000100001000000D50001
00000000000000000000000000000000
00000000000000100001000000D7C001
00000000000000000000000000000000
00000000000000100001000000DB0001
00000000000000000000000000000000
20000802700000000000000000000000
00000000000000000000001800040000
00000000000000000000000000000000
00000000000000100200000000DB4001
00000000000000000000000000000000
00000000000000100200000000DB0021
00000000000000000000000000000000
00000000000000100200000000DF4001
00000000000000000000000000000000
20000003700000000000000000000000
00000000000000000000001801810240
00000000000000000000000000000000
00000000000000100040000000E10001
00000000000000000000000000000000
00000000000000100040000000D04001
00000000000000000000000000000000
00000000000000100040000000D06001
00000000000000000000000000000000
00000000000000100040000000E10001
00000000000000000000000000000000
10000102600000000000000000000000
00000000000000100200000000DF4001
00000000000000000000000000000000
000000200000400002007B18BFE00004
00000000000000000000000000000000
00000000000000100400000000E14001
00000000000000000000000000000000
61000082200000080000000000000000
00000000000000100400000000E14001
00000000000000000000000000000000
00000000000000103000000001114005
00000000000000000000000000000000
A0000002600000000000000000000000
00000000000000105000000000000001
00000000000000000000000000000000
000000000000001000017B15B3900004
00000000000000000000000000000000
00000000000000100018000000A04001
00000000000000000000000000000000
20000002300000000000000000000000
00000000000000000000001000000000
00000000000000000000000000000000
00000000000000105000000000000001
00000000000000000000000000000000
00000000000000105000000000500001
00000000000000000000000000000000
10001002600000010000000000000000
00000000000000102000000001114001
00000000000000000000000000000000
000000200000035020007B1CBFF00008
00000000000000000000000000000000
00000000000000100035000001414005
00000000000000000000000000000000
60400082200000000000000000000000
00000000000000101400000001414001
00000000000000000000000000000000
00000000000000101400000001414001
00000000000000000000000000000000
40811102E00000000000000000000000
00000000000000101400000001414001
00000000000000000000000000000000
00000000000000105000000000500001
00000000000000000000000000000000
00000000000000100014000000A04401
00000000000000000000000000000000
00000000000000105000000000000001
00000000000000000000000000000000
40000002E00000001E3CE50800000000
00000000000000105000000000000001
00000000000000000000000000000000
00000000000000101400040000500000
00000000000000000000000000000000
00000000000000100004000000A04001
00000000000000000000000000000000
00000000000000101400000000A0C005
00000000000000000000000000000000
10000402600000000000000000000000
00000000000000101400000000A0C001
00000000000000000000000000000000
000000280000004014007B1F40200004
00000000000000000000000000000000
00000000000000100004000001554001
00000000000000000000000000000000
20000082300000000000000000000000
00000000000000000000001030000000
00000000000000000000000000000000
00000000000000100004000001554001
00000000000000000000000000000000
00000000000000100004000001554001
00000000000000000000000000000000
60400102200000000000000000000000
00000000000000100180000001554001
00000000000000000000000000000000
00000000000000100180000001554001
00000000000000000000000000000000
80000002200000000000000000000000
00000000000000100180040000BD0000
00000000000000000000000000000000
0000000000000010018000000156C001
00000000000000000000000000000000
20005002B00000000000000000000000
00000000000000000000001002000000
00000000000000000000000000000000
00000000000000100180000001554001
00000000000000000000000000000000
0000000000000010018000000156C001
00000000000000000000000000000000
00000000000000100180000001584001
00000000000000000000000000000000
90800102200010060000000000000000
00000000000000100180000001584001
00000000000000000000000000000000
0000000000000010000600000159C015
00000000000000000000000000000000
2000800A300000000000000000000000
00000000000000000000001000000000
00000000000000000000000000000000
00000000000000100001000001554041
00000000000000000000400000000000
000000000000001000010000015A0001
00000000000000000000000000000000
0000000000000010000100000159C015
00000000000000000000000000000000
2000000A300000000000000000000000
00000000000000000000001000000000
00000000000000000000000000000000
00000000000000100001000001554041
00000000000000000000400000000000
000000000000001000010000015A0101
00000000000000000000000000000000
0000000000000010000100000159C115
00000000000000000000000000000000
2000000A300000000000000000000000
00000000000000000000001000000000
00000000000000000000000000000000
00000000000000100001000001554041
00000000000000000000400000000000
000000000000001000010000015A0201
00000000000000000000000000000000
0000000000000010000100000159C215
00000000000000000000000000000000
2000000A300000000000000000000000
00000000000000000000001000000000
00000000000000000000000000000000
00000000000000100001000001554041
00000000000000000000400000000000
000000000000001000010000015A0301
00000000000000000000000000000000
0000000000000010000100000159C315
00000000000000000000000000000000
80000002200000000000000000000000
00000000000000100001040005132000
00000000000000000000000000000000
000000000000001000010000015AC601
00000000000000000000000000000000
1000000A600000020000000000000000
00000000000000101400000000A0C001
00000000000000000000000000000000
0000000A0000018014007B1F7C30004C
00000000000000168000000000000000
00000000000000100018000002DD8005
00000000000000000000000000000000
0000000000000010000100000159C015
00000000000000000000000000000000
2000000A300000000000000000000000
00000000000000000000001000000000
00000000000000000000000000000000
00000000000000100001000001554041
00000000000000000000400000000000
000000000000001000010000015A0401
00000000000000000000000000000000
0000000000000010000100000159C415
00000000000000000000000000000000
2000000A300000000000000000000000
00000000000000000000001000000000
00000000000000000000000000000000
00000000000000100001000001554041
00000000000000000000400000000000
000000000000001000010000015A0501
00000000000000000000000000000000
0000000000000010000100000159C515
00000000000000000000000000000000
20000004300000000000000000000000
00000000000000000000024000000000
00000000000000000000000000000000
000000000000001000060000015A0001
00000000000000000000000000000000
000000000000001000010000015A4001
00000000000000000000000000000000
10000002600000010000000000000000
00000000000000101400000000A0C001
00000000000000000000000000000000
000000140000018014007C2D7C500008
00000000000000000000000000000000
00000000000000100018000003C18005
00000000000000000000000000000000
10000002600000010000000000000000
00000000000000101400000000A0C001
00000000000000000000000000000000
000000140000018014007C2E30600008
00000000000000000000000000000000
00000000000000100018000003CA8005
00000000000000000000000000000000
1000000A600000020000000000000000
00000000000000101400000000A0C001
00000000000000000000000000000000
0000000A0000018014007BA67C40004C
00000000000000168000000000000000
00000000000000100018000002E68005
00000000000000000000000000000000
0000000000000010000100000159C015
00000000000000000000000000000000
1000000A600000020000000000000000
00000000000000101400000000A0C001
00000000000000000000000000000000
0000000A0000018014007B1F7C30004C
00000000000000168000000000000000
00000000000000100018000003038005
00000000000000000000000000000000
0000000000000010000100000159C115
00000000000000000000000000000000
1000000A600000020000000000000000
00000000000000101400000000A0C001
00000000000000000000000000000000
0000000A0000018014007BA67C40004C
00000000000000168000000000000000
000000000000001000180000030C8005
00000000000000000000000000000000
0000000000000010000100000159C115
00000000000000000000000000000000
1000000A600000020000000000000000
00000000000000101400000000A0C001
00000000000000000000000000000000
0000000A0000018014007B1F7C30004C
00000000000000168000000000000000
00000000000000100018000003298005
00000000000000000000000000000000
0000000000000010000100000159C215
00000000000000000000000000000000
1000000A600000020000000000000000
00000000000000101400000000A0C001
00000000000000000000000000000000
0000000A0000018014007BA67C40004C
00000000000000168000000000000000
00000000000000100018000003328005
00000000000000000000000000000000
0000000000000010000100000159C215
00000000000000000000000000000000
20000002300000000000000000000000
0000078F394200000000001004000000
00000000000000000000000000000000
000000000000001000010000015A4001
00000000000000000000000000000000
000000000000001000010000015A8001
00000000000000000000000000000000
1000000A600000020000000000000000
00000000000000101400000000A0C001
00000000000000000000000000000000
0000000A0000018014007B1F7C30004C
00000000000000168000000000000000
000000000000001000180000034F8005
00000000000000000000000000000000
0000000000000010000100000159C315
00000000000000000000000000000000
1000000A600000020000000000000000
00000000000000101400000000A0C001
00000000000000000000000000000000
0000000A0000018014007BA67C40004C
00000000000000168000000000000000
00000000000000100018000003588005
00000000000000000000000000000000
0000000000000010000100000159C315
00000000000000000000000000000000
1000000A600000020000000000000000
00000000000000101400000000A0C001
00000000000000000000000000000000
0000000A0000018014007B1F7C30004C
00000000000000168000000000000000
00000000000000100018000003758005
00000000000000000000000000000000
0000000000000010000100000159C415
00000000000000000000000000000000
1000000A600000020000000000000000
00000000000000101400000000A0C001
00000000000000000000000000000000
0000000A0000018014007BA67C40004C
00000000000000168000000000000000
000000000000001000180000037E8005
00000000000000000000000000000000
0000000000000010000100000159C415
00000000000000000000000000000000
1000000A600000020000000000000000
00000000000000101400000000A0C001
00000000000000000000000000000000
0000000A0000018014007B1F7C30004C
00000000000000168000000000000000
000000000000001000180000039B8005
00000000000000000000000000000000
0000000000000010000100000159C515
00000000000000000000000000000000
20004002700000000000000000000000
00000FF00000000000000010C0040000
00000000000000000000000000000000
000000000000001000060000015A0001
00000000000000000000000000000000
000000000000001000060000015A8021
00000000000000000000000000000000
000000000000001000060000015AC001
00000000000000000000000000000000
1000000A600000020000000000000000
00000000000000101400000000A0C001
00000000000000000000000000000000
0000000A0000018014007BA67C40004C
00000000000000168000000000000000
00000000000000100018000003A48005
00000000000000000000000000000000
0000000000000010000100000159C515
00000000000000000000000000000000
20000082F00000000000000000000000
00000000000000000000001A6800C000
00000000000000000000000000001048
00000026000000700018000002DD8001
00000000000000000000000000000000
000000000100007000180000015AC021
00000000000000000000000000000000
00000026000000700018000002E68001
00000000000000000000000000000000
000000090000007000180000015B0001
00000000000000000000000000000000
60400102200000000000000000000000
000000000000001009000000016D0001
00000000000000000000000000000000
000000000000001009000000016D0001
00000000000000000000000000000000
60400002200000000000000000000000
00000000000000100900000001640001
00000000000000000000000000000000
00000000000000100900000001640001
00000000000000000000000000000000
A0000002600000000000000000000000
00000000000000105000000000000001
00000000000000000000000000000000
000000000000001000017B1F40000004
00000000000000000000000000000000
00000000000000100018000000A08001
00000000000000000000000000000000
60400002200000000000000000000000
000000000000001009000000015B0001
00000000000000000000000000000000
000000000000001009000000015B0001
00000000000000000000000000000000
1000100A600000020000000000000000
000000000000001009000000015B0001
00000000000000000000000000000000
000000048000035009007C2EE470004C
00000000000000168000000000000000
00000000000000100035000002EF8005
00000000000000000000000000000000
0000000000000010000100000159C015
00000000000000000000000000000000
1000000A600000020000000000000000
000000000000001009000000016D0001
00000000000000000000000000000000
000000048000035009007C2EE470004C
00000000000000168000000000000000
000000000000001000350000033B8005
00000000000000000000000000000000
0000000000000010000100000159C215
00000000000000000000000000000000
60400002200000000000000000000000
00000000000000100900000001760001
00000000000000000000000000000000
00000000000000100900000001760001
00000000000000000000000000000000
1000000A600000020000000000000000
00000000000000100900000001640001
00000000000000000000000000000000
000000048000035009007C2EE470004C
00000000000000168000000000000000
00000000000000100035000003158005
00000000000000000000000000000000
0000000000000010000100000159C115
00000000000000000000000000000000
60400002200000000000000000000000
000000000000001009000000017F0001
00000000000000000000000000000000
000000000000001009000000017F0001
00000000000000000000000000000000
20000082B00000000000000000000000
00000000000000000000001084000000
00000000000000000000000000000000
00000000000000100035000002EF8001
00000000000000000000000000000000
00000000000000100035000003158001
00000000000000000000000000000000
000000000000001000350000019A0001
00000000000000000000000000000000
60400002200000000000000000000000
00000000000000100900000001880001
00000000000000000000000000000000
00000000000000100900000001880001
00000000000000000000000000000000
1000100A600000020000000000000000
00000000000000100900000001880001
00000000000000000000000000000000
000000048000035009007C2EE470004C
00000000000000168000000000000000
00000000000000100035000003AD8005
00000000000000000000000000000000
0000000000000010000100000159C515
00000000000000000000000000000000
60400002200000000000000000000000
00000000000000100900000001910001
00000000000000000000000000000000
00000000000000100900000001910001
00000000000000000000000000000000
1000000A600000020000000000000000
00000000000000100900000001760001
00000000000000000000000000000000
000000048000035009007C2EE470004C
00000000000000168000000000000000
00000000000000100035000003618005
00000000000000000000000000000000
0000000000000010000100000159C315
00000000000000000000000000000000
20000083B00000000000000000000000
00000000000000000000001085000000
00000000000000000000000000000000
000000000000001000350000019A0001
00000000000000000000000000000000
00000000000000100035000003618001
00000000000000000000000000000000
000000000000001000350000033B8001
00000000000000000000000000000000
000000000000001000350000019A0001
00000000000000000000000000000000
1000000A600000020000000000000000
000000000000001009000000017F0001
00000000000000000000000000000000
000000048000035009007C2EE470004C
00000000000000168000000000000000
00000000000000100035000003878005
00000000000000000000000000000000
0000000000000010000100000159C415
00000000000000000000000000000000
20000083B00000000000000000000000
00000000000000000000001085000000
00000000000000000000000000000000
000000000000001000350000019A0001
00000000000000000000000000000000
00000000000000100035000003AD8001
00000000000000000000000000000000
00000000000000100035000003878001
00000000000000000000000000000000
000000000000001000350000019A0001
00000000000000000000000000000000
10001002600000010000000000000000
00000000000000100900000001910001
00000000000000000000000000000000
000000090000035009007CB5E4800008
00000000000000000000000000000000
00000000000000100035000003D38005
00000000000000000000000000000000
20000082B00000000000000000000000
00000000000000000000001802000000
00000000000000000000000000000000
000000000000001000350000019A0001
00000000000000000000000000000000
00000000000000100035000003D38001
00000000000000000000000000000000
000000000000001000350000019A0001
00000000000000000000000000000000
60400102200000000000000000000000
000000000000001014000000019A0001
00000000000000000000000000000000
000000000000001014000000019A0001
00000000000000000000000000000000
20000002300000000000000000000000
00000000000000000000001000000000
00000000000000000000000000000000
00000000000000105000000000000001
00000000000000000000000000000000
00000000000000105000000000500001
00000000000000000000000000000000
80800000000000000000000000000000
20010002300000000000000000000000
00000000000000000000001000000000
00000000000000000000000000000000
00000000000000100004000000A08001
00000000000000000000000000000000
00000000000000100004000000A00001
00000000000000000000000000000000
40801102E00000000000000000000000
000000000000001014000000019A0001
00000000000000000000000000000000
00000000000000105000000000500001
00000000000000000000000000000000
00000000000000100014000000A08401
00000000000000000000000000000000
00000000000000105000000000000001
00000000000000000000000000000000
00FFFF80200000000000000000000000
00000000000000000001000003FFF015
00000000000000000000000000000000
40000002E00000001E3CE50800000000
00000000000000105000000000000001
00000000000000000000000000000000
00000000000000101400040000000000
00000000000000000000000000000000
00000000000000100004000000A00001
00000000000000000000000000000000
00000000000000101400000000A0C005
00000000000000000000000000000000
10000402600000010000000000000000
00000000000000101400000000A0C001
00000000000000000000000000000000
000000140000005014007CB6FCC00008
00000000000000000000000000000000
00000000000000100005000000B9C005
00000000000000000000000000000000
10000002600000010000000000000000
00000000000000101400000000A0C001
00000000000000000000000000000000
00000014000000D014007CB698B00008
00000000000000000000000000000000
0000000000000010000D000000B4C005
00000000000000000000000000000000
60400082200000000000000000000000
00000000000000100500000000B4C001
00000000000000000000000000000000
00000000000000100500000000B4C001
00000000000000000000000000000000
20001004300000000000000000000000
00000000000000000000214000000000
00000000000000000000000000000000
00000000A000008000A0000000B4C001
00000000000000000000000000000000
00000000000000100001000000C2C001
00000000000000000000000000000000
80000002200000000000000000000000
00000000000000100500040000A00000
00000000000000000000000000000000
00000000000000100500000000BBC001
00000000000000000000000000000000
60400002200000000000000000000000
00000000000000100200000000B9C001
00000000000000000000000000000000
00000000000000100200000000B9C001
00000000000000000000000000000000
80000002200000000000000000000000
00000000000000100200040000B40000
00000000000000000000000000000000
00000000000000100200000000C0C001
00000000000000000000000000000000
20000002300000000000000000000000
0000078F394211280000001014050000
00000000000000000000000000000000
00000000000000100001000000C2C001
00000000000000000000000000000000
00000000000000100001000000C30001
00000000000000000000000000000000
80000002200000000000000000000000
00000000000000100040040000BC0000
00000000000000000000000000000000
00000000000000100040000000D04001
00000000000000000000000000000000
20004002F00000000000000000000000
00000000000000000000001840010000
00000000000000000000000000000000
00000000000000100500000000B4C001
00000000000000000000000000000000
00000000000000100500000000C30021
00000000000000000000000000000000
00000000000000100500000000BBC001
00000000000000000000000000000000
00000000000000100500000000C34001
00000000000000000000000000000000
10000102600000010000000000000000
00000000000000100500000000C34001
00000000000000000000000000000000
000000050000200005007CB724D00008
00000000000000000000000000000000
00000000000000100200000000D08005
00000000000000000000000000000000
20001004300000000000000000000000
00000000000000000000214000000000
00000000000000000000000000000000
00000000400000800040000000B9C001
00000000000000000000000000000000
00000000000000100001000000C2C001
00000000000000000000000000000000
20000002300000000000000000000000
0000078F394211000000001014050000
00000000000000000000000000000000
00000000000000100001000000C2C001
00000000000000000000000000000000
00000000000000100001000000C30001
00000000000000000000000000000000
20000002F00000000000000000000000
00000000000000000000001840010000
00000000000000000000000000000000
00000000000000100200000000B9C001
00000000000000000000000000000000
00000000000000100200000000C30021
00000000000000000000000000000000
00000000000000100200000000C0C001
00000000000000000000000000000000
00000000000000100200000000CA4001
00000000000000000000000000000000
20000003700000000000000000000000
00000000000000000000001801610240
00000000000000000000000000000000
00000000000000100040000000CC0001
00000000000000000000000000000000
00000000000000100040000000D04001
00000000000000000000000000000000
00000000000000100040000000D06001
00000000000000000000000000000000
00000000000000100040000000CC0001
00000000000000000000000000000000
41000102200000000000000000000000
00000000000000100200000000CA4001
00000000000000000000000000000000
00000000000000100200000000CC4001
00000000000000000000000000000000
80C00402200000000000000000000000
00000000000000100200000000CC4001
00000000000000000000000000000000
00000008000008000200040000C32000
00000000000000000000000000000000
20000083700000000000000000000000
00000000000000000000001801610240
00000000000000000000000000000000
00000000000000100040000000D24001
00000000000000000000000000000000
00000000000000100040000000D04001
00000000000000000000000000000000
00000000000000100040000000D06001
00000000000000000000000000000000
00000000000000100040000000D24001
00000000000000000000000000000000
50004102E00001710000000000000000
00000000000000100200000000D08001
00000000000000000000000000000000
00000008000008000080040000C32000
00000000000000000000000000000000
00000008000000100200080030000000
00000000000000000000000000000000
00000000000000100280000000D28001
00000000000000000000000000000000
20000804300000000000000000000000
0000000000000F4D413CC28000030000
00000000000000000000000000000000
00000000000000100280000000D28001
00000000000000000000000000000000
00000000000000100001000000D50001
00000000000000000000000000000000
20000006700000000000000000000000
0000000000000F4D413CC2500B030000
00000000000000000000000000000000
00000000000000100280000000D28001
00000000000000000000000000000000
00000000000000100280000000D50021
00000000000000000000000000000000
00000000000000100280000000D54001
00000000000000000000000000000000
00000000000000100001000000D7C001
00000000000000000000000000000000
80000002200000000000000000000000
00000000000000100001040000C30000
00000000000000000000000000000000
00000000000000100001000000DA8001
00000000000000000000000000000000
20000002300000000000000000000000
00000000000000000000001800000000
00000000000000000000000000000000
00000000000000100280000000D54001
00000000000000000000000000000000
00000000000000100280000000D80001
00000000000000000000000000000000
50400102E00001710000000000000000
00000000000000100280000000D80001
00000000000000000000000000000000
00000008000008000080040000C32000
00000000000000000000000000000000
00000008000000100200080030000000
00000000000000000000000000000000
00000000000000100200000000DB4001
00000000000000000000000000000000
20004002F00000000000000000000000
0000000000000000000000108B000000
00000000000000000000000000000000
00000000000000100001000000DA8001
00000000000000000000000000000000
00000000000000100001000000D50001
00000000000000000000000000000000
00000000000000100001000000D7C001
00000000000000000000000000000000
00000000000000100001000000DB0001
00000000000000000000000000000000
20000802700000000000000000000000
00000000000000000000001800040000
00000000000000000000000000000000
00000000000000100200000000DB4001
00000000000000000000000000000000
00000000000000100200000000DB0021
00000000000000000000000000000000
00000000000000100200000000DF4001
00000000000000000000000000000000
20000003700000000000000000000000
00000000000000000000001801810240
00000000000000000000000000000000
00000000000000100040000000E10001
00000000000000000000000000000000
00000000000000100040000000D04001
00000000000000000000000000000000
00000000000000100040000000D06001
00000000000000000000000000000000
00000000000000100040000000E10001
00000000000000000000000000000000
10000102600000000000000000000000
00000000000000100200000000DF4001
00000000000000000000000000000000
000000200000400002007CB9A4E00004
00000000000000000000000000000000
00000000000000100400000000E14001
00000000000000000000000000000000
61000082200000080000000000000000
00000000000000100400000000E14001
00000000000000000000000000000000
00000000000000103000000001114005
00000000000000000000000000000000
A0000002600000000000000000000000
00000000000000105000000000000001
00000000000000000000000000000000
000000000000001000017CB698900004
00000000000000000000000000000000
00000000000000100018000000A04001
00000000000000000000000000000000
20000002300000000000000000000000
00000000000000000000001000000000
00000000000000000000000000000000
00000000000000105000000000000001
00000000000000000000000000000000
00000000000000105000000000500001
00000000000000000000000000000000
10001002600000010000000000000000
00000000000000102000000001114001
00000000000000000000000000000000
000000200000035020007CBDA4F00008
00000000000000000000000000000000
00000000000000100035000001414005
00000000000000000000000000000000
60400082200000000000000000000000
00000000000000101400000001414001
00000000000000000000000000000000
00000000000000101400000001414001
00000000000000000000000000000000
40811102E00000000000000000000000
00000000000000101400000001414001
00000000000000000000000000000000
00000000000000105000000000500001
00000000000000000000000000000000
00000000000000100014000000A04401
00000000000000000000000000000000
00000000000000105000000000000001
00000000000000000000000000000000
40000002E00000001E3CE50800000000
00000000000000105000000000000001
00000000000000000000000000000000
00000000000000101400040000500000
00000000000000000000000000000000
00000000000000100004000000A04001
00000000000000000000000000000000
00000000000000101400000000A0C005
00000000000000000000000000000000
10000402600000000000000000000000
00000000000000101400000000A0C001
00000000000000000000000000000000
000000280000004014007CC025200004
00000000000000000000000000000000
00000000000000100004000001554001
00000000000000000000000000000000
20000082300000000000000000000000
00000000000000000000001030000000
00000000000000000000000000000000
00000000000000100004000001554001
00000000000000000000000000000000
00000000000000100004000001554001
00000000000000000000000000000000
60400102200000000000000000000000
00000000000000100180000001554001
00000000000000000000000000000000
00000000000000100180000001554001
00000000000000000000000000000000
80000002200000000000000000000000
00000000000000100180040000BD0000
00000000000000000000000000000000
0000000000000010018000000156C001
00000000000000000000000000000000
20005002B00000000000000000000000
00000000000000000000001002000000
00000000000000000000000000000000
00000000000000100180000001554001
00000000000000000000000000000000
0000000000000010018000000156C001
00000000000000000000000000000000
00000000000000100180000001584001
00000000000000000000000000000000
90800102200010060000000000000000
00000000000000100180000001584001
00000000000000000000000000000000
0000000000000010000600000159C015
00000000000000000000000000000000
2000800A300000000000000000000000
00000000000000000000001000000000
00000000000000000000000000000000
00000000000000100001000001554041
00000000000000000000400000000000
000000000000001000010000015A0001
00000000000000000000000000000000
0000000000000010000100000159C015
00000000000000000000000000000000
2000000A300000000000000000000000
00000000000000000000001000000000
00000000000000000000000000000000
00000000000000100001000001554041
00000000000000000000400000000000
000000000000001000010000015A0101
00000000000000000000000000000000
0000000000000010000100000159C115
00000000000000000000000000000000
2000000A300000000000000000000000
00000000000000000000001000000000
00000000000000000000000000000000
00000000000000100001000001554041
00000000000000000000400000000000
000000000000001000010000015A0201
00000000000000000000000000000000
0000000000000010000100000159C215
00000000000000000000000000000000
2000000A300000000000000000000000
00000000000000000000001000000000
00000000000000000000000000000000
00000000000000100001000001554041
00000000000000000000400000000000
000000000000001000010000015A0301
00000000000000000000000000000000
0000000000000010000100000159C315
00000000000000000000000000000000
80000002200000000000000000000000
00000000000000100001040005132000
00000000000000000000000000000000
000000000000001000010000015AC601
00000000000000000000000000000000
1000000A600000020000000000000000
00000000000000101400000000A0C001
00000000000000000000000000000000
0000000A0000018014007CC06130004C
00000000000000168000000000000000
00000000000000100018000002DD8005
00000000000000000000000000000000
0000000000000010000100000159C015
00000000000000000000000000000000
2000000A300000000000000000000000
00000000000000000000001000000000
00000000000000000000000000000000
00000000000000100001000001554041
00000000000000000000400000000000
000000000000001000010000015A0401
00000000000000000000000000000000
0000000000000010000100000159C415
00000000000000000000000000000000
2000000A300000000000000000000000
00000000000000000000001000000000
00000000000000000000000000000000
00000000000000100001000001554041
00000000000000000000400000000000
000000000000001000010000015A0501
00000000000000000000000000000000
0000000000000010000100000159C515
00000000000000000000000000000000
20000004300000000000000000000000
00000000000000000000024000000000
00000000000000000000000000000000
000000000000001000060000015A0001
00000000000000000000000000000000
000000000000001000010000015A4001
00000000000000000000000000000000
10000002600000010000000000000000
00000000000000101400000000A0C001
00000000000000000000000000000000
000000140000018014007DCE61500008
00000000000000000000000000000000
00000000000000100018000003C18005
00000000000000000000000000000000
10000002600000010000000000000000
00000000000000101400000000A0C001
00000000000000000000000000000000
000000140000018014007DCF15600008
00000000000000000000000000000000
00000000000000100018000003CA8005
00000000000000000000000000000000
1000000A600000020000000000000000
00000000000000101400000000A0C001
00000000000000000000000000000000
0000000A0000018014007D476140004C
00000000000000168000000000000000
00000000000000100018000002E68005
00000000000000000000000000000000
0000000000000010000100000159C015
00000000000000000000000000000000
1000000A600000020000000000000000
00000000000000101400000000A0C001
00000000000000000000000000000000
0000000A0000018014007CC06130004C
00000000000000168000000000000000
00000000000000100018000003038005
00000000000000000000000000000000
0000000000000010000100000159C115
00000000000000000000000000000000
1000000A600000020000000000000000
00000000000000101400000000A0C001
00000000000000000000000000000000
0000000A0000018014007D476140004C
00000000000000168000000000000000
000000000000001000180000030C8005
00000000000000000000000000000000
0000000000000010000100000159C115
00000000000000000000000000000000
1000000A600000020000000000000000
00000000000000101400000000A0C001
00000000000000000000000000000000
0000000A0000018014007CC06130004C
00000000000000168000000000000000
00000000000000100018000003298005
00000000000000000000000000000000
0000000000000010000100000159C215
00000000000000000000000000000000
1000000A600000020000000000000000
00000000000000101400000000A0C001
00000000000000000000000000000000
0000000A0000018014007D476140004C
00000000000000168000000000000000
00000000000000100018000003328005
00000000000000000000000000000000
0000000000000010000100000159C215
00000000000000000000000000000000
20000002300000000000000000000000
0000078F394200000000001004000000
00000000000000000000000000000000
000000000000001000010000015A4001
00000000000000000000000000000000
000000000000001000010000015A8001
00000000000000000000000000000000
1000000A600000020000000000000000
00000000000000101400000000A0C001
00000000000000000000000000000000
0000000A0000018014007CC06130004C
00000000000000168000000000000000
000000000000001000180000034F8005
00000000000000000000000000000000
0000000000000010000100000159C315
00000000000000000000000000000000
1000000A600000020000000000000000
00000000000000101400000000A0C001
00000000000000000000000000000000
0000000A0000018014007D476140004C
00000000000000168000000000000000
00000000000000100018000003588005
00000000000000000000000000000000
0000000000000010000100000159C315
00000000000000000000000000000000
1000000A600000020000000000000000
00000000000000101400000000A0C001
00000000000000000000000000000000
0000000A0000018014007CC06130004C
00000000000000168000000000000000
00000000000000100018000003758005
00000000000000000000000000000000
0000000000000010000100000159C415
00000000000000000000000000000000
1000000A600000020000000000000000
00000000000000101400000000A0C001
00000000000000000000000000000000
0000000A0000018014007D476140004C
00000000000000168000000000000000
000000000000001000180000037E8005
00000000000000000000000000000000
0000000000000010000100000159C415
00000000000000000000000000000000
1000000A600000020000000000000000
00000000000000101400000000A0C001
00000000000000000000000000000000
0000000A0000018014007CC06130004C
00000000000000168000000000000000
000000000000001000180000039B8005
00000000000000000000000000000000
0000000000000010000100000159C515
00000000000000000000000000000000
20004002700000000000000000000000
00000FF00000000000000010C0040000
00000000000000000000000000000000
000000000000001000060000015A0001
00000000000000000000000000000000
000000000000001000060000015A8021
00000000000000000000000000000000
000000000000001000060000015AC001
00000000000000000000000000000000
1000000A600000020000000000000000
00000000000000101400000000A0C001
00000000000000000000000000000000
0000000A0000018014007D476140004C
00000000000000168000000000000000
00000000000000100018000003A48005
00000000000000000000000000000000
0000000000000010000100000159C515
00000000000000000000000000000000
20000082F00000000000000000000000
00000000000000000000001A6800C000
00000000000000000000000000001048
00000026000000700018000002DD8001
00000000000000000000000000000000
000000000100007000180000015AC021
00000000000000000000000000000000
00000026000000700018000002E68001
00000000000000000000000000000000
000000090000007000180000015B0001
00000000000000000000000000000000
60400102200000000000000000000000
000000000000001009000000016D0001
00000000000000000000000000000000
000000000000001009000000016D0001
00000000000000000000000000000000
60400002200000000000000000000000
00000000000000100900000001640001
00000000000000000000000000000000
00000000000000100900000001640001
00000000000000000000000000000000
A0000002600000000000000000000000
00000000000000105000000000000001
00000000000000000000000000000000
000000000000001000017CC025000004
00000000000000000000000000000000
00000000000000100018000000A08001
00000000000000000000000000000000
60400002200000000000000000000000
000000000000001009000000015B0001
00000000000000000000000000000000
000000000000001009000000015B0001
00000000000000000000000000000000
1000100A600000020000000000000000
000000000000001009000000015B0001
00000000000000000000000000000000
000000048000035009007DCFC970004C
00000000000000168000000000000000
00000000000000100035000002EF8005
00000000000000000000000000000000
0000000000000010000100000159C015
00000000000000000000000000000000
1000000A600000020000000000000000
000000000000001009000000016D0001
00000000000000000000000000000000
000000048000035009007DCFC970004C
00000000000000168000000000000000
000000000000001000350000033B8005
00000000000000000000000000000000
0000000000000010000100000159C215
00000000000000000000000000000000
60400002200000000000000000000000
00000000000000100900000001760001
00000000000000000000000000000000
00000000000000100900000001760001
00000000000000000000000000000000
1000000A600000020000000000000000
00000000000000100900000001640001
00000000000000000000000000000000
000000048000035009007DCFC970004C
00000000000000168000000000000000
00000000000000100035000003158005
00000000000000000000000000000000
0000000000000010000100000159C115
00000000000000000000000000000000
60400002200000000000000000000000
000000000000001009000000017F0001
00000000000000000000000000000000
000000000000001009000000017F0001
00000000000000000000000000000000
20000082B00000000000000000000000
00000000000000000000001084000000
00000000000000000000000000000000
00000000000000100035000002EF8001
00000000000000000000000000000000
00000000000000100035000003158001
00000000000000000000000000000000
000000000000001000350000019A0001
00000000000000000000000000000000
60400002200000000000000000000000
00000000000000100900000001880001
00000000000000000000000000000000
00000000000000100900000001880001
00000000000000000000000000000000
1000100A600000020000000000000000
00000000000000100900000001880001
00000000000000000000000000000000
000000048000035009007DCFC970004C
00000000000000168000000000000000
00000000000000100035000003AD8005
00000000000000000000000000000000
0000000000000010000100000159C515
00000000000000000000000000000000
60400002200000000000000000000000
00000000000000100900000001910001
00000000000000000000000000000000
00000000000000100900000001910001
00000000000000000000000000000000
1000000A600000020000000000000000
00000000000000100900000001760001
00000000000000000000000000000000
000000048000035009007DCFC970004C
00000000000000168000000000000000
00000000000000100035000003618005
00000000000000000000000000000000
0000000000000010000100000159C315
00000000000000000000000000000000
20000083B00000000000000000000000
00000000000000000000001085000000
00000000000000000000000000000000
000000000000001000350000019A0001
00000000000000000000000000000000
00000000000000100035000003618001
00000000000000000000000000000000
000000000000001000350000033B8001
00000000000000000000000000000000
000000000000001000350000019A0001
00000000000000000000000000000000
1000000A600000020000000000000000
000000000000001009000000017F0001
00000000000000000000000000000000
000000048000035009007DCFC970004C
00000000000000168000000000000000
00000000000000100035000003878005
00000000000000000000000000000000
0000000000000010000100000159C415
00000000000000000000000000000000
20000083B00000000000000000000000
00000000000000000000001085000000
00000000000000000000000000000000
000000000000001000350000019A0001
00000000000000000000000000000000
00000000000000100035000003AD8001
00000000000000000000000000000000
00000000000000100035000003878001
00000000000000000000000000000000
000000000000001000350000019A0001
00000000000000000000000000000000
10001002600000010000000000000000
00000000000000100900000001910001
00000000000000000000000000000000
000000090000035009007E56C9800008
00000000000000000000000000000000
00000000000000100035000003D38005
00000000000000000000000000000000
20000082B00000000000000000000000
00000000000000000000001802000000
00000000000000000000000000000000
000000000000001000350000019A0001
00000000000000000000000000000000
00000000000000100035000003D38001
00000000000000000000000000000000
000000000000001000350000019A0001
00000000000000000000000000000000
60400102200000000000000000000000
000000000000001014000000019A0001
00000000000000000000000000000000
000000000000001014000000019A0001
00000000000000000000000000000000
20000002300000000000000000000000
00000000000000000000001000000000
00000000000000000000000000000000
00000000000000105000000000000001
00000000000000000000000000000000
00000000000000105000000000500001
00000000000000000000000000000000
80800000000000000000000000000000
20010002300000000000000000000000
00000000000000000000001000000000
00000000000000000000000000000000
00000000000000100004000000A08001
00000000000000000000000000000000
00000000000000100004000000A00001
00000000000000000000000000000000
40801102E00000000000000000000000
000000000000001014000000019A0001
00000000000000000000000000000000
00000000000000105000000000500001
00000000000000000000000000000000
00000000000000100014000000A08401
00000000000000000000000000000000
00000000000000105000000000000001
00000000000000000000000000000000
00FFFF80200000000000000000000000
00000000000000000001000003FFF015
00000000000000000000000000000000
40000002E00000001E3CE50800000000
00000000000000105000000000000001
00000000000000000000000000000000
00000000000000101400040000000000
00000000000000000000000000000000
00000000000000100004000000A00001
00000000000000000000000000000000
00000000000000101400000000A0C005
00000000000000000000000000000000
80000002200000000000000000000000
00000000000000100500040000A00000
00000000000000000000000000000000
00000000000000100500000000BBC001
00000000000000000000000000000000
10000402600000010000000000000000
00000000000000101400000000A0C001
00000000000000000000000000000000
00000014000000D014007E577DB00008
00000000000000000000000000000000
0000000000000010000D000000B4C005
00000000000000000000000000000000
60400082200000000000000000000000
00000000000000100500000000B4C001
00000000000000000000000000000000
00000000000000100500000000B4C001
00000000000000000000000000000000
00000000000000000000000000000000
20001004300000000000000000000000
00000000000000000000214000000000
00000000000000000000000000000000
00000000A000008000A0000000B4C001
00000000000000000000000000000000
00000000000000100001000000C2C001
00000000000000000000000000000000
20000002300000000000000000000000
0000078F394211280000001014050000
00000000000000000000000000000000
00000000000000100001000000C2C001
00000000000000000000000000000000
00000000000000100001000000C30001
00000000000000000000000000000000
60400002200000000000000000000000
00000000000000100020000002990001
00000000000000000000000000000000
00000000000000100020000002990001
00000000000000000000000000000000
20004002F00000000000000000000000
00000000000000000000001840010000
00000000000000000000000000000000
00000000000000100500000000B4C001
00000000000000000000000000000000
00000000000000100500000000C30021
00000000000000000000000000000000
00000000000000100500000000BBC001
00000000000000000000000000000000
00000000000000100500000000C34001
00000000000000000000000000000000
10000102600000010000000000000000
00000000000000100500000000C34001
00000000000000000000000000000000
00000005000002A005007E5A8EF00008
00000000000000000000000000000000
0000000000000010002A000002994005
00000000000000000000000000000000
60400082200000000000000000000000
00000000000000101000000002994001
00000000000000000000000000000000
00000000000000101000000002994001
00000000000000000000000000000000
90001000600000000000000000000024
00000000000000101000000002994001
00000000000000000000000000000000
00000000000000100020000002990001
00000000000000000000000000000000
90400000000000140010000000000024
90C00000000000030010000000000024
90800000000002000000000000000024
10000002600000010000000000000000
00000000000000101400000000A0C001
00000000000000000000000000000000
000000140000005014007E57E1C00008
00000000000000000000000000000000
00000000000000100005000000B9C005
00000000000000000000000000000000
80000002200000000000000000000000
00000000000000100200040000B40000
00000000000000000000000000000000
00000000000000100200000000C0C001
00000000000000000000000000000000
80000002200000000000000000000000
00000000000000100040040000BC0000
00000000000000000000000000000000
00000000000000100040000000D04001
00000000000000000000000000000000
60400082200000000000000000000000
00000000000000100200000000B9C001
00000000000000000000000000000000
00000000000000100200000000B9C001
00000000000000000000000000000000
20001004300000000000000000000000
00000000000000000000214000000000
00000000000000000000000000000000
00000000400000800040000000B9C001
00000000000000000000000000000000
00000000000000100001000000C2C001
00000000000000000000000000000000
10000002600000010000000000000000
00000000000000100500000000C34001
00000000000000000000000000000000
000000050000200005007E580EE00008
00000000000000000000000000000000
00000000000000100200000000D08005
00000000000000000000000000000000
60808002000000000000020000000000
00000000000000100200000002A94015
00000000000000000000000000000000
20004083700000000000000000000000
00000000000000000000001801610240
00000000000000000000000000000000
00000000000000100040000000D24001
00000000000000000000000000000000
00000000000000100040000000D04001
00000000000000000000000000000000
00000000000000100040000000D06001
00000000000000000000000000000000
00000000000000100040000000D24001
00000000000000000000000000000000
80000002200000000000000000000000
00000000000000100001040000C30000
00000000000000000000000000000000
00000000000000100001000000DA8001
00000000000000000000000000000000
A0000002600000000000000000000000
00000000000000105000000000000001
00000000000000000000000000000000
000000000000001000017E577D900004
00000000000000000000000000000000
00000000000000100018000000A04001
00000000000000000000000000000000
20000002300000000000000000000000
00000000000000000000001000000000
00000000000000000000000000000000
00000000000000105000000000000001
00000000000000000000000000000000
00000000000000105000000000500001
00000000000000000000000000000000
80000002200000000000000000000000
00000000000000100180040000BD0000
00000000000000000000000000000000
0000000000000010018000000156C001
00000000000000000000000000000000
80000002200000000000000000000000
00000000000000100001040005132000
00000000000000000000000000000000
000000000000001000010000015AC601
00000000000000000000000000000000
6140000A200000080000020000000040
00000008000000100200020400800000
00000000000000000000000000000000
00000008000000100200080030000000
00000000000000000000000000000000
00000000000000100200000002A94015
00000000000000000000000000000000
20000002300000000000000000000000
0000078F394211000000001014050000
00000000000000000000000000000000
00000000000000100001000000C2C001
00000000000000000000000000000000
00000000000000100001000000C30001
00000000000000000000000000000000
20000002F00000000000000000000000
00000000000000000000001840010000
00000000000000000000000000000000
00000000000000100200000000B9C001
00000000000000000000000000000000
00000000000000100200000000C30021
00000000000000000000000000000000
00000000000000100200000000C0C001
00000000000000000000000000000000
00000000000000100200000000CA4001
00000000000000000000000000000000
20000003700000000000000000000000
00000000000000000000001801610240
00000000000000000000000000000000
00000000000000100040000000CC0001
00000000000000000000000000000000
00000000000000100040000000D04001
00000000000000000000000000000000
00000000000000100040000000D06001
00000000000000000000000000000000
00000000000000100040000000CC0001
00000000000000000000000000000000
41000102200000000000000000000000
00000000000000100200000000CA4001
00000000000000000000000000000000
00000000000000100200000000CC4001
00000000000000000000000000000000
80C00402200000000000000000000000
00000000000000100200000000CC4001
00000000000000000000000000000000
00000008000008000200040000C32000
00000000000000000000000000000000
50005002E00001710000000000000000
00000000000000100200000000D08001
00000000000000000000000000000000
00000008000008000080040000C32000
00000000000000000000000000000000
00000008000000100200080030000000
00000000000000000000000000000000
00000000000000100280000000D28001
00000000000000000000000000000000
20000804300000000000000000000000
0000000000000F4D413CC28000030000
00000000000000000000000000000000
00000000000000100280000000D28001
00000000000000000000000000000000
00000000000000100001000000D50001
00000000000000000000000000000000
20000006700000000000000000000000
0000000000000F4D413CC2500B030000
00000000000000000000000000000000
00000000000000100280000000D28001
00000000000000000000000000000000
00000000000000100280000000D50021
00000000000000000000000000000000
00000000000000100280000000D54001
00000000000000000000000000000000
00000000000000100001000000D7C001
00000000000000000000000000000000
20000002300000000000000000000000
00000000000000000000001800000000
00000000000000000000000000000000
00000000000000100280000000D54001
00000000000000000000000000000000
00000000000000100280000000D80001
00000000000000000000000000000000
50400102E00001710000000000000000
00000000000000100280000000D80001
00000000000000000000000000000000
00000008000008000080040000C32000
00000000000000000000000000000000
00000008000000100200080030000000
00000000000000000000000000000000
00000000000000100200000000DB4001
00000000000000000000000000000000
20000002F00000000000000000000000
0000000000000000000000108B000000
00000000000000000000000000000000
00000000000000100001000000DA8001
00000000000000000000000000000000
00000000000000100001000000D50001
00000000000000000000000000000000
00000000000000100001000000D7C001
00000000000000000000000000000000
00000000000000100001000000DB0001
00000000000000000000000000000000
20000802700000000000000000000000
00000000000000000000001800040000
00000000000000000000000000000000
00000000000000100200000000DB4001
00000000000000000000000000000000
00000000000000100200000000DB0021
00000000000000000000000000000000
00000000000000100200000000DF4001
00000000000000000000000000000000
20000003700000000000000000000000
00000000000000000000001801810240
00000000000000000000000000000000
00000000000000100040000000E10001
00000000000000000000000000000000
00000000000000100040000000D04001
00000000000000000000000000000000
00000000000000100040000000D06001
00000000000000000000000000000000
00000000000000100040000000E10001
00000000000000000000000000000000
10000102600000000000000000000000
00000000000000100200000000DF4001
00000000000000000000000000000000
000000200000400002007E5ADF000004
00000000000000000000000000000000
00000000000000100400000000E14001
00000000000000000000000000000000
61000082200000080000000000000000
00000000000000100400000000E14001
00000000000000000000000000000000
00000000000000103000000001114005
00000000000000000000000000000000
10001002600000010000000000000000
00000000000000102000000001114001
00000000000000000000000000000000
000000200000035020007E5EDF100008
00000000000000000000000000000000
00000000000000100035000001414005
00000000000000000000000000000000
60400082200000000000000000000000
00000000000000101400000001414001
00000000000000000000000000000000
00000000000000101400000001414001
00000000000000000000000000000000
40811002E00000000000000000000000
00000000000000101400000001414001
00000000000000000000000000000000
00000000000000105000000000500001
00000000000000000000000000000000
00000000000000100014000000A04401
00000000000000000000000000000000
00000000000000105000000000000001
00000000000000000000000000000000
40000002E00000001E3CE50800000000
00000000000000105000000000000001
00000000000000000000000000000000
00000000000000101400040000500000
00000000000000000000000000000000
00000000000000100004000000A04001
00000000000000000000000000000000
00000000000000101400000000A0C005
00000000000000000000000000000000
10000402600000000000000000000000
00000000000000101400000000A0C001
00000000000000000000000000000000
000000280000004014007E615F400004
00000000000000000000000000000000
00000000000000100004000001554001
00000000000000000000000000000000
20000082300000000000000000000000
00000000000000000000001030000000
00000000000000000000000000000000
00000000000000100004000001554001
00000000000000000000000000000000
00000000000000100004000001554001
00000000000000000000000000000000
10000002600000010000000000000000
00000000000000101400000000A0C001
00000000000000000000000000000000
000000140000018014007F6F9B700008
00000000000000000000000000000000
00000000000000100018000003C18005
00000000000000000000000000000000
60400102200000000000000000000000
00000000000000100180000001554001
00000000000000000000000000000000
00000000000000100180000001554001
00000000000000000000000000000000
10000002600000010000000000000000
00000000000000101400000000A0C001
00000000000000000000000000000000
000000140000018014007F704F800008
00000000000000000000000000000000
00000000000000100018000003CA8005
00000000000000000000000000000000
A0000002600000000000000000000000
00000000000000105000000000000001
00000000000000000000000000000000
000000000000001000017E615F200004
00000000000000000000000000000000
00000000000000100018000000A08001
00000000000000000000000000000000
20000002300000000000000000000000
00000000000000000000001000000000
00000000000000000000000000000000
00000000000000105000000000000001
00000000000000000000000000000000
00000000000000105000000000500001
00000000000000000000000000000000
20001002B00000000000000000000000
00000000000000000000001002000000
00000000000000000000000000000000
00000000000000100180000001554001
00000000000000000000000000000000
0000000000000010018000000156C001
00000000000000000000000000000000
00000000000000100180000001584001
00000000000000000000000000000000
90800102200010060000000000000000
00000000000000100180000001584001
00000000000000000000000000000000
0000000000000010000600000159C015
00000000000000000000000000000000
2000800A300000000000000000000000
00000000000000000000001000000000
00000000000000000000000000000000
00000000000000100001000001554041
00000000000000000000400000000000
000000000000001000010000015A0001
00000000000000000000000000000000
0000000000000010000100000159C015
00000000000000000000000000000000
2000000A300000000000000000000000
00000000000000000000001000000000
00000000000000000000000000000000
00000000000000100001000001554041
00000000000000000000400000000000
000000000000001000010000015A0101
00000000000000000000000000000000
0000000000000010000100000159C115
00000000000000000000000000000000
1000000A600000020000000000000000
00000000000000101400000000A0C001
00000000000000000000000000000000
0000000A0000018014007E619B50004C
00000000000000168000000000000000
00000000000000100018000002DD8005
00000000000000000000000000000000
0000000000000010000100000159C015
00000000000000000000000000000000
2000000A300000000000000000000000
00000000000000000000001000000000
00000000000000000000000000000000
00000000000000100001000001554041
00000000000000000000400000000000
000000000000001000010000015A0201
00000000000000000000000000000000
0000000000000010000100000159C215
00000000000000000000000000000000
2000000A300000000000000000000000
00000000000000000000001000000000
00000000000000000000000000000000
00000000000000100001000001554041
00000000000000000000400000000000
000000000000001000010000015A0301
00000000000000000000000000000000
0000000000000010000100000159C315
00000000000000000000000000000000
1000000A600000020000000000000000
00000000000000101400000000A0C001
00000000000000000000000000000000
0000000A0000018014007EE89B60004C
00000000000000168000000000000000
00000000000000100018000002E68005
00000000000000000000000000000000
0000000000000010000100000159C015
00000000000000000000000000000000
2000000A300000000000000000000000
00000000000000000000001000000000
00000000000000000000000000000000
00000000000000100001000001554041
00000000000000000000400000000000
000000000000001000010000015A0401
00000000000000000000000000000000
0000000000000010000100000159C415
00000000000000000000000000000000
1000000A600000020000000000000000
00000000000000101400000000A0C001
00000000000000000000000000000000
0000000A0000018014007E619B50004C
00000000000000168000000000000000
00000000000000100018000003038005
00000000000000000000000000000000
0000000000000010000100000159C115
00000000000000000000000000000000
1000000A600000020000000000000000
00000000000000101400000000A0C001
00000000000000000000000000000000
0000000A0000018014007EE89B60004C
00000000000000168000000000000000
000000000000001000180000030C8005
00000000000000000000000000000000
0000000000000010000100000159C115
00000000000000000000000000000000
1000000A600000020000000000000000
00000000000000101400000000A0C001
00000000000000000000000000000000
0000000A0000018014007E619B50004C
00000000000000168000000000000000
00000000000000100018000003298005
00000000000000000000000000000000
0000000000000010000100000159C215
00000000000000000000000000000000
2000000A300000000000000000000000
00000000000000000000001000000000
00000000000000000000000000000000
00000000000000100001000001554041
00000000000000000000400000000000
000000000000001000010000015A0501
00000000000000000000000000000000
0000000000000010000100000159C515
00000000000000000000000000000000
1000000A600000020000000000000000
00000000000000101400000000A0C001
00000000000000000000000000000000
0000000A0000018014007EE89B60004C
00000000000000168000000000000000
00000000000000100018000003328005
00000000000000000000000000000000
0000000000000010000100000159C215
00000000000000000000000000000000
1000000A600000020000000000000000
00000000000000101400000000A0C001
00000000000000000000000000000000
0000000A0000018014007E619B50004C
00000000000000168000000000000000
000000000000001000180000034F8005
00000000000000000000000000000000
0000000000000010000100000159C315
00000000000000000000000000000000
1000000A600000020000000000000000
00000000000000101400000000A0C001
00000000000000000000000000000000
0000000A0000018014007EE89B60004C
00000000000000168000000000000000
00000000000000100018000003588005
00000000000000000000000000000000
0000000000000010000100000159C315
00000000000000000000000000000000
20000004300000000000000000000000
00000000000000000000024000000000
00000000000000000000000000000000
000000000000001000060000015A0001
00000000000000000000000000000000
000000000000001000010000015A4001
00000000000000000000000000000000
1000000A600000020000000000000000
00000000000000101400000000A0C001
00000000000000000000000000000000
0000000A0000018014007E619B50004C
00000000000000168000000000000000
00000000000000100018000003758005
00000000000000000000000000000000
0000000000000010000100000159C415
00000000000000000000000000000000
1000000A600000020000000000000000
00000000000000101400000000A0C001
00000000000000000000000000000000
0000000A0000018014007EE89B60004C
00000000000000168000000000000000
000000000000001000180000037E8005
00000000000000000000000000000000
0000000000000010000100000159C415
00000000000000000000000000000000
1000000A600000020000000000000000
00000000000000101400000000A0C001
00000000000000000000000000000000
0000000A0000018014007E619B50004C
00000000000000168000000000000000
000000000000001000180000039B8005
00000000000000000000000000000000
0000000000000010000100000159C515
00000000000000000000000000000000
1000000A600000020000000000000000
00000000000000101400000000A0C001
00000000000000000000000000000000
0000000A0000018014007EE89B60004C
00000000000000168000000000000000
00000000000000100018000003A48005
00000000000000000000000000000000
0000000000000010000100000159C515
00000000000000000000000000000000
20000002300000000000000000000000
0000078F394200000000001004000000
00000000000000000000000000000000
000000000000001000010000015A4001
00000000000000000000000000000000
000000000000001000010000015A8001
00000000000000000000000000000000
20000002700000000000000000000000
00000FF00000000000000010C0040000
00000000000000000000000000000000
000000000000001000060000015A0001
00000000000000000000000000000000
000000000000001000060000015A8021
00000000000000000000000000000000
000000000000001000060000015AC001
00000000000000000000000000000000
20000082F00000000000000000000000
00000000000000000000001A6800C000
00000000000000000000000000001048
00000026000000700018000002DD8001
00000000000000000000000000000000
000000000100007000180000015AC021
00000000000000000000000000000000
00000026000000700018000002E68001
00000000000000000000000000000000
000000090000007000180000015B0001
00000000000000000000000000000000
80800000000000000000000000000000
60400102200000000000000000000000
000000000000001009000000015B0001
00000000000000000000000000000000
000000000000001009000000015B0001
00000000000000000000000000000000
1000100A600000020000000000000000
000000000000001009000000015B0001
00000000000000000000000000000000
000000048000035009007F710390004C
00000000000000168000000000000000
00000000000000100035000002EF8005
00000000000000000000000000000000
0000000000000010000100000159C015
00000000000000000000000000000000
60400002200000000000000000000000
00000000000000100900000001640001
00000000000000000000000000000000
00000000000000100900000001640001
00000000000000000000000000000000
1000100A600000020000000000000000
00000000000000100900000001640001
00000000000000000000000000000000
000000048000035009007F710390004C
00000000000000168000000000000000
00000000000000100035000003158005
00000000000000000000000000000000
0000000000000010000100000159C115
00000000000000000000000000000000
60400002200000000000000000000000
000000000000001009000000016D0001
00000000000000000000000000000000
000000000000001009000000016D0001
00000000000000000000000000000000
20010002300000000000000000000000
00000000000000000000001000000000
00000000000000000000000000000000
00000000000000100004000000A08001
00000000000000000000000000000000
00000000000000100004000000A00001
00000000000000000000000000000000
20000082B00000000000000000000000
00000000000000000000001084000000
00000000000000000000000000000000
00000000000000100035000002EF8001
00000000000000000000000000000000
00000000000000100035000003158001
00000000000000000000000000000000
000000000000001000350000019A0001
00000000000000000000000000000000
60400002200000000000000000000000
00000000000000100900000001760001
00000000000000000000000000000000
00000000000000100900000001760001
00000000000000000000000000000000
60400002200000000000000000000000
000000000000001009000000017F0001
00000000000000000000000000000000
000000000000001009000000017F0001
00000000000000000000000000000000
60400002200000000000000000000000
00000000000000100900000001880001
00000000000000000000000000000000
00000000000000100900000001880001
00000000000000000000000000000000
1000100A600000020000000000000000
000000000000001009000000016D0001
00000000000000000000000000000000
000000048000035009007F710390004C
00000000000000168000000000000000
000000000000001000350000033B8005
00000000000000000000000000000000
0000000000000010000100000159C215
00000000000000000000000000000000
1000000A600000020000000000000000
00000000000000100900000001760001
00000000000000000000000000000000
000000048000035009007F710390004C
00000000000000168000000000000000
00000000000000100035000003618005
00000000000000000000000000000000
0000000000000010000100000159C315
00000000000000000000000000000000
60400002200000000000000000000000
00000000000000100900000001910001
00000000000000000000000000000000
00000000000000100900000001910001
00000000000000000000000000000000
20000083B00000000000000000000000
00000000000000000000001085000000
00000000000000000000000000000000
000000000000001000350000019A0001
00000000000000000000000000000000
00000000000000100035000003618001
00000000000000000000000000000000
000000000000001000350000033B8001
00000000000000000000000000000000
000000000000001000350000019A0001
00000000000000000000000000000000
1000000A600000020000000000000000
000000000000001009000000017F0001
00000000000000000000000000000000
000000048000035009007F710390004C
00000000000000168000000000000000
00000000000000100035000003878005
00000000000000000000000000000000
0000000000000010000100000159C415
00000000000000000000000000000000
1000000A600000020000000000000000
00000000000000100900000001880001
00000000000000000000000000000000
000000048000035009007F710390004C
00000000000000168000000000000000
00000000000000100035000003AD8005
00000000000000000000000000000000
0000000000000010000100000159C515
00000000000000000000000000000000
20000083B00000000000000000000000
00000000000000000000001085000000
00000000000000000000000000000000
000000000000001000350000019A0001
00000000000000000000000000000000
00000000000000100035000003AD8001
00000000000000000000000000000000
00000000000000100035000003878001
00000000000000000000000000000000
000000000000001000350000019A0001
00000000000000000000000000000000
10001002600000010000000000000000
00000000000000100900000001910001
00000000000000000000000000000000
000000090000035009007FF803A00008
00000000000000000000000000000000
00000000000000100035000003D38005
00000000000000000000000000000000
20000082B00000000000000000000000
00000000000000000000001802000000
00000000000000000000000000000000
000000000000001000350000019A0001
00000000000000000000000000000000
00000000000000100035000003D38001
00000000000000000000000000000000
000000000000001000350000019A0001
00000000000000000000000000000000
60400102200000000000000000000000
000000000000001014000000019A0001
00000000000000000000000000000000
000000000000001014000000019A0001
00000000000000000000000000000000
40801002E00000000000000000000000
000000000000001014000000019A0001
00000000000000000000000000000000
00000000000000105000000000500001
00000000000000000000000000000000
00000000000000100014000000A08401
00000000000000000000000000000000
00000000000000105000000000000001
00000000000000000000000000000000
00FFFF80200000000000000000000000
00000000000000000001000003FFF015
00000000000000000000000000000000
40000002E00000001E3CE50800000000
00000000000000105000000000000001
00000000000000000000000000000000
00000000000000101400040000000000
00000000000000000000000000000000
00000000000000100004000000A00001
00000000000000000000000000000000
00000000000000101400000000A0C005
00000000000000000000000000000000
10000402600000010000000000000000
00000000000000101400000000A0C001
00000000000000000000000000000000
000000140000005014007FF91BE00008
00000000000000000000000000000000
00000000000000100005000000B9C005
00000000000000000000000000000000
10000002600000010000000000000000
00000000000000101400000000A0C001
00000000000000000000000000000000
00000014000000D014007FF8B7D00008
00000000000000000000000000000000
0000000000000010000D000000B4C005
00000000000000000000000000000000
60400082200000000000000000000000
00000000000000100500000000B4C001
00000000000000000000000000000000
00000000000000100500000000B4C001
00000000000000000000000000000000
20001004300000000000000000000000
00000000000000000000214000000000
00000000000000000000000000000000
00000000A000008000A0000000B4C001
00000000000000000000000000000000
00000000000000100001000000C2C001
00000000000000000000000000000000
80000002200000000000000000000000
00000000000000100500040000A00000
00000000000000000000000000000000
00000000000000100500000000BBC001
00000000000000000000000000000000
60400002200000000000000000000000
00000000000000100200000000B9C001
00000000000000000000000000000000
00000000000000100200000000B9C001
00000000000000000000000000000000
80000002200000000000000000000000
00000000000000100200040000B40000
00000000000000000000000000000000
00000000000000100200000000C0C001
00000000000000000000000000000000
20000002300000000000000000000000
0000078F394211280000001014050000
00000000000000000000000000000000
00000000000000100001000000C2C001
00000000000000000000000000000000
00000000000000100001000000C30001
00000000000000000000000000000000
80000002200000000000000000000000
00000000000000100040040000BC0000
00000000000000000000000000000000
00000000000000100040000000D04001
00000000000000000000000000000000
20004002F00000000000000000000000
00000000000000000000001840010000
00000000000000000000000000000000
00000000000000100500000000B4C001
00000000000000000000000000000000
00000000000000100500000000C30021
00000000000000000000000000000000
00000000000000100500000000BBC001
00000000000000000000000000000000
00000000000000100500000000C34001
00000000000000000000000000000000
10000102600000010000000000000000
00000000000000100500000000C34001
00000000000000000000000000000000
000000050000200005007FF943F00008
00000000000000000000000000000000
00000000000000100200000000D08005
00000000000000000000000000000000
20001004300000000000000000000000
00000000000000000000214000000000
00000000000000000000000000000000
00000000400000800040000000B9C001
00000000000000000000000000000000
00000000000000100001000000C2C001
00000000000000000000000000000000
20000002300000000000000000000000
0000078F394211000000001014050000
00000000000000000000000000000000
00000000000000100001000000C2C001
00000000000000000000000000000000
00000000000000100001000000C30001
00000000000000000000000000000000
20000002F00000000000000000000000
00000000000000000000001840010000
00000000000000000000000000000000
00000000000000100200000000B9C001
00000000000000000000000000000000
00000000000000100200000000C30021
00000000000000000000000000000000
00000000000000100200000000C0C001
00000000000000000000000000000000
00000000000000100200000000CA4001
00000000000000000000000000000000
20000003700000000000000000000000
00000000000000000000001801610240
00000000000000000000000000000000
00000000000000100040000000CC0001
00000000000000000000000000000000
00000000000000100040000000D04001
00000000000000000000000000000000
00000000000000100040000000D06001
00000000000000000000000000000000
00000000000000100040000000CC0001
00000000000000000000000000000000
41000102200000000000000000000000
00000000000000100200000000CA4001
00000000000000000000000000000000
00000000000000100200000000CC4001
00000000000000000000000000000000
80C00402200000000000000000000000
00000000000000100200000000CC4001
00000000000000000000000000000000
00000008000008000200040000C32000
00000000000000000000000000000000
20000083700000000000000000000000
00000000000000000000001801610240
00000000000000000000000000000000
00000000000000100040000000D24001
00000000000000000000000000000000
00000000000000100040000000D04001
00000000000000000000000000000000
00000000000000100040000000D06001
00000000000000000000000000000000
00000000000000100040000000D24001
00000000000000000000000000000000
50004102E00001710000000000000000
00000000000000100200000000D08001
00000000000000000000000000000000
00000008000008000080040000C32000
00000000000000000000000000000000
00000008000000100200080030000000
00000000000000000000000000000000
00000000000000100280000000D28001
00000000000000000000000000000000
20000804300000000000000000000000
0000000000000F4D413CC28000030000
00000000000000000000000000000000
00000000000000100280000000D28001
00000000000000000000000000000000
00000000000000100001000000D50001
00000000000000000000000000000000
20000006700000000000000000000000
0000000000000F4D413CC2500B030000
00000000000000000000000000000000
00000000000000100280000000D28001
00000000000000000000000000000000
00000000000000100280000000D50021
00000000000000000000000000000000
00000000000000100280000000D54001
00000000000000000000000000000000
00000000000000100001000000D7C001
00000000000000000000000000000000
80000002200000000000000000000000
00000000000000100001040000C30000
00000000000000000000000000000000
00000000000000100001000000DA8001
00000000000000000000000000000000
20000002300000000000000000000000
00000000000000000000001800000000
00000000000000000000000000000000
00000000000000100280000000D54001
00000000000000000000000000000000
00000000000000100280000000D80001
00000000000000000000000000000000
50400102E00001710000000000000000
00000000000000100280000000D80001
00000000000000000000000000000000
00000008000008000080040000C32000
00000000000000000000000000000000
00000008000000100200080030000000
00000000000000000000000000000000
00000000000000100200000000DB4001
00000000000000000000000000000000
20004002F00000000000000000000000
0000000000000000000000108B000000
00000000000000000000000000000000
00000000000000100001000000DA8001
00000000000000000000000000000000
00000000000000100001000000D50001
00000000000000000000000000000000
00000000000000100001000000D7C001
00000000000000000000000000000000
00000000000000100001000000DB0001
00000000000000000000000000000000
20000802700000000000000000000000
00000000000000000000001800040000
00000000000000000000000000000000
00000000000000100200000000DB4001
00000000000000000000000000000000
00000000000000100200000000DB0021
00000000000000000000000000000000
00000000000000100200000000DF4001
00000000000000000000000000000000
20000003700000000000000000000000
00000000000000000000001801810240
00000000000000000000000000000000
00000000000000100040000000E10001
00000000000000000000000000000000
00000000000000100040000000D04001
00000000000000000000000000000000
00000000000000100040000000D06001
00000000000000000000000000000000
00000000000000100040000000E10001
00000000000000000000000000000000
10000102600000000000000000000000
00000000000000100200000000DF4001
00000000000000000000000000000000
000000200000400002007FFBC4000004
00000000000000000000000000000000
00000000000000100400000000E14001
00000000000000000000000000000000
61000082200000080000000000000000
00000000000000100400000000E14001
00000000000000000000000000000000
00000000000000103000000001114005
00000000000000000000000000000000
A0000002600000000000000000000000
00000000000000105000000000000001
00000000000000000000000000000000
000000000000001000017FF8B7B00004
00000000000000000000000000000000
00000000000000100018000000A04001
00000000000000000000000000000000
20000002300000000000000000000000
00000000000000000000001000000000
00000000000000000000000000000000
00000000000000105000000000000001
00000000000000000000000000000000
00000000000000105000000000500001
00000000000000000000000000000000
10001002600000010000000000000000
00000000000000102000000001114001
00000000000000000000000000000000
000000200000035020007FFFC4100008
00000000000000000000000000000000
00000000000000100035000001414005
00000000000000000000000000000000
60400082200000000000000000000000
00000000000000101400000001414001
00000000000000000000000000000000
00000000000000101400000001414001
00000000000000000000000000000000
40811102E00000000000000000000000
00000000000000101400000001414001
00000000000000000000000000000000
00000000000000105000000000500001
00000000000000000000000000000000
00000000000000100014000000A04401
00000000000000000000000000000000
00000000000000105000000000000001
00000000000000000000000000000000
40000002E00000001E3CE50800000000
00000000000000105000000000000001
00000000000000000000000000000000
00000000000000101400040000500000
00000000000000000000000000000000
00000000000000100004000000A04001
00000000000000000000000000000000
00000000000000101400000000A0C005
00000000000000000000000000000000
10000402600000000000000000000000
00000000000000101400000000A0C001
00000000000000000000000000000000
00000028000000401400800244400004
00000000000000000000000000000000
00000000000000100004000001554001
00000000000000000000000000000000
20000082300000000000000000000000
00000000000000000000001030000000
00000000000000000000000000000000
00000000000000100004000001554001
00000000000000000000000000000000
00000000000000100004000001554001
00000000000000000000000000000000
60400102200000000000000000000000
00000000000000100180000001554001
00000000000000000000000000000000
00000000000000100180000001554001
00000000000000000000000000000000
80000002200000000000000000000000
00000000000000100180040000BD0000
00000000000000000000000000000000
0000000000000010018000000156C001
00000000000000000000000000000000
20005002B00000000000000000000000
00000000000000000000001002000000
00000000000000000000000000000000
00000000000000100180000001554001
00000000000000000000000000000000
0000000000000010018000000156C001
00000000000000000000000000000000
00000000000000100180000001584001
00000000000000000000000000000000
90800102200010060000000000000000
00000000000000100180000001584001
00000000000000000000000000000000
0000000000000010000600000159C015
00000000000000000000000000000000
2000800A300000000000000000000000
00000000000000000000001000000000
00000000000000000000000000000000
00000000000000100001000001554041
00000000000000000000400000000000
000000000000001000010000015A0001
00000000000000000000000000000000
0000000000000010000100000159C015
00000000000000000000000000000000
2000000A300000000000000000000000
00000000000000000000001000000000
00000000000000000000000000000000
00000000000000100001000001554041
00000000000000000000400000000000
000000000000001000010000015A0101
00000000000000000000000000000000
0000000000000010000100000159C115
00000000000000000000000000000000
2000000A300000000000000000000000
00000000000000000000001000000000
00000000000000000000000000000000
00000000000000100001000001554041
00000000000000000000400000000000
000000000000001000010000015A0201
00000000000000000000000000000000
0000000000000010000100000159C215
00000000000000000000000000000000
2000000A300000000000000000000000
00000000000000000000001000000000
00000000000000000000000000000000
00000000000000100001000001554041
00000000000000000000400000000000
000000000000001000010000015A0301
00000000000000000000000000000000
0000000000000010000100000159C315
00000000000000000000000000000000
80000002200000000000000000000000
00000000000000100001040005132000
00000000000000000000000000000000
000000000000001000010000015AC601
00000000000000000000000000000000
1000000A600000020000000000000000
00000000000000101400000000A0C001
00000000000000000000000000000000
0000000A00000180140080028050004C
00000000000000168000000000000000
00000000000000100018000002DD8005
00000000000000000000000000000000
0000000000000010000100000159C015
00000000000000000000000000000000
2000000A300000000000000000000000
00000000000000000000001000000000
00000000000000000000000000000000
00000000000000100001000001554041
00000000000000000000400000000000
000000000000001000010000015A0401
00000000000000000000000000000000
0000000000000010000100000159C415
00000000000000000000000000000000
2000000A300000000000000000000000
00000000000000000000001000000000
00000000000000000000000000000000
00000000000000100001000001554041
00000000000000000000400000000000
000000000000001000010000015A0501
00000000000000000000000000000000
0000000000000010000100000159C515
00000000000000000000000000000000
20000004300000000000000000000000
00000000000000000000024000000000
00000000000000000000000000000000
000000000000001000060000015A0001
00000000000000000000000000000000
000000000000001000010000015A4001
00000000000000000000000000000000
10000002600000010000000000000000
00000000000000101400000000A0C001
00000000000000000000000000000000
00000014000001801400811080700008
00000000000000000000000000000000
00000000000000100018000003C18005
00000000000000000000000000000000
10000002600000010000000000000000
00000000000000101400000000A0C001
00000000000000000000000000000000
00000014000001801400811134800008
00000000000000000000000000000000
00000000000000100018000003CA8005
00000000000000000000000000000000
1000000A600000020000000000000000
00000000000000101400000000A0C001
00000000000000000000000000000000
0000000A00000180140080898060004C
00000000000000168000000000000000
00000000000000100018000002E68005
00000000000000000000000000000000
0000000000000010000100000159C015
00000000000000000000000000000000
1000000A600000020000000000000000
00000000000000101400000000A0C001
00000000000000000000000000000000
0000000A00000180140080028050004C
00000000000000168000000000000000
00000000000000100018000003038005
00000000000000000000000000000000
0000000000000010000100000159C115
00000000000000000000000000000000
1000000A600000020000000000000000
00000000000000101400000000A0C001
00000000000000000000000000000000
0000000A00000180140080898060004C
00000000000000168000000000000000
000000000000001000180000030C8005
00000000000000000000000000000000
0000000000000010000100000159C115
00000000000000000000000000000000
1000000A600000020000000000000000
00000000000000101400000000A0C001
00000000000000000000000000000000
0000000A00000180140080028050004C
00000000000000168000000000000000
00000000000000100018000003298005
00000000000000000000000000000000
0000000000000010000100000159C215
00000000000000000000000000000000
1000000A600000020000000000000000
00000000000000101400000000A0C001
00000000000000000000000000000000
0000000A00000180140080898060004C
00000000000000168000000000000000
00000000000000100018000003328005
00000000000000000000000000000000
0000000000000010000100000159C215
00000000000000000000000000000000
20000002300000000000000000000000
0000078F394200000000001004000000
00000000000000000000000000000000
000000000000001000010000015A4001
00000000000000000000000000000000
000000000000001000010000015A8001
00000000000000000000000000000000
1000000A600000020000000000000000
00000000000000101400000000A0C001
00000000000000000000000000000000
0000000A00000180140080028050004C
00000000000000168000000000000000
000000000000001000180000034F8005
00000000000000000000000000000000
0000000000000010000100000159C315
00000000000000000000000000000000
1000000A600000020000000000000000
00000000000000101400000000A0C001
00000000000000000000000000000000
0000000A00000180140080898060004C
00000000000000168000000000000000
00000000000000100018000003588005
00000000000000000000000000000000
0000000000000010000100000159C315
00000000000000000000000000000000
1000000A600000020000000000000000
00000000000000101400000000A0C001
00000000000000000000000000000000
0000000A00000180140080028050004C
00000000000000168000000000000000
00000000000000100018000003758005
00000000000000000000000000000000
0000000000000010000100000159C415
00000000000000000000000000000000
1000000A600000020000000000000000
00000000000000101400000000A0C001
00000000000000000000000000000000
0000000A00000180140080898060004C
00000000000000168000000000000000
000000000000001000180000037E8005
00000000000000000000000000000000
0000000000000010000100000159C415
00000000000000000000000000000000
1000000A600000020000000000000000
00000000000000101400000000A0C001
00000000000000000000000000000000
0000000A00000180140080028050004C
00000000000000168000000000000000
000000000000001000180000039B8005
00000000000000000000000000000000
0000000000000010000100000159C515
00000000000000000000000000000000
20004002700000000000000000000000
00000FF00000000000000010C0040000
00000000000000000000000000000000
000000000000001000060000015A0001
00000000000000000000000000000000
000000000000001000060000015A8021
00000000000000000000000000000000
000000000000001000060000015AC001
00000000000000000000000000000000
1000000A600000020000000000000000
00000000000000101400000000A0C001
00000000000000000000000000000000
0000000A00000180140080898060004C
00000000000000168000000000000000
00000000000000100018000003A48005
00000000000000000000000000000000
0000000000000010000100000159C515
00000000000000000000000000000000
20000082F00000000000000000000000
00000000000000000000001A6800C000
00000000000000000000000000001048
00000026000000700018000002DD8001
00000000000000000000000000000000
000000000100007000180000015AC021
00000000000000000000000000000000
00000026000000700018000002E68001
00000000000000000000000000000000
000000090000007000180000015B0001
00000000000000000000000000000000
60400102200000000000000000000000
000000000000001009000000016D0001
00000000000000000000000000000000
000000000000001009000000016D0001
00000000000000000000000000000000
60400002200000000000000000000000
00000000000000100900000001640001
00000000000000000000000000000000
00000000000000100900000001640001
00000000000000000000000000000000
A0000002600000000000000000000000
00000000000000105000000000000001
00000000000000000000000000000000
00000000000000100001800244200004
00000000000000000000000000000000
00000000000000100018000000A08001
00000000000000000000000000000000
60400002200000000000000000000000
000000000000001009000000015B0001
00000000000000000000000000000000
000000000000001009000000015B0001
00000000000000000000000000000000
1000100A600000020000000000000000
000000000000001009000000015B0001
00000000000000000000000000000000
000000048000035009008111E890004C
00000000000000168000000000000000
00000000000000100035000002EF8005
00000000000000000000000000000000
0000000000000010000100000159C015
00000000000000000000000000000000
1000000A600000020000000000000000
000000000000001009000000016D0001
00000000000000000000000000000000
000000048000035009008111E890004C
00000000000000168000000000000000
000000000000001000350000033B8005
00000000000000000000000000000000
0000000000000010000100000159C215
00000000000000000000000000000000
60400002200000000000000000000000
00000000000000100900000001760001
00000000000000000000000000000000
00000000000000100900000001760001
00000000000000000000000000000000
1000000A600000020000000000000000
00000000000000100900000001640001
00000000000000000000000000000000
000000048000035009008111E890004C
00000000000000168000000000000000
00000000000000100035000003158005
00000000000000000000000000000000
0000000000000010000100000159C115
00000000000000000000000000000000
60400002200000000000000000000000
000000000000001009000000017F0001
00000000000000000000000000000000
000000000000001009000000017F0001
00000000000000000000000000000000
20000082B00000000000000000000000
00000000000000000000001084000000
00000000000000000000000000000000
00000000000000100035000002EF8001
00000000000000000000000000000000
00000000000000100035000003158001
00000000000000000000000000000000
000000000000001000350000019A0001
00000000000000000000000000000000
60400002200000000000000000000000
00000000000000100900000001880001
00000000000000000000000000000000
00000000000000100900000001880001
00000000000000000000000000000000
1000100A600000020000000000000000
00000000000000100900000001880001
00000000000000000000000000000000
000000048000035009008111E890004C
00000000000000168000000000000000
00000000000000100035000003AD8005
00000000000000000000000000000000
0000000000000010000100000159C515
00000000000000000000000000000000
60400002200000000000000000000000
00000000000000100900000001910001
00000000000000000000000000000000
00000000000000100900000001910001
00000000000000000000000000000000
1000000A600000020000000000000000
00000000000000100900000001760001
00000000000000000000000000000000
000000048000035009008111E890004C
00000000000000168000000000000000
00000000000000100035000003618005
00000000000000000000000000000000
0000000000000010000100000159C315
00000000000000000000000000000000
20000083B00000000000000000000000
00000000000000000000001085000000
00000000000000000000000000000000
000000000000001000350000019A0001
00000000000000000000000000000000
00000000000000100035000003618001
00000000000000000000000000000000
000000000000001000350000033B8001
00000000000000000000000000000000
000000000000001000350000019A0001
00000000000000000000000000000000
1000000A600000020000000000000000
000000000000001009000000017F0001
00000000000000000000000000000000
000000048000035009008111E890004C
00000000000000168000000000000000
00000000000000100035000003878005
00000000000000000000000000000000
0000000000000010000100000159C415
00000000000000000000000000000000
20000083B00000000000000000000000
00000000000000000000001085000000
00000000000000000000000000000000
000000000000001000350000019A0001
00000000000000000000000000000000
00000000000000100035000003AD8001
00000000000000000000000000000000
00000000000000100035000003878001
00000000000000000000000000000000
000000000000001000350000019A0001
00000000000000000000000000000000
10001002600000010000000000000000
00000000000000100900000001910001
00000000000000000000000000000000
000000090000035009008198E8A00008
00000000000000000000000000000000
00000000000000100035000003D38005
00000000000000000000000000000000
20000082B00000000000000000000000
00000000000000000000001802000000
00000000000000000000000000000000
000000000000001000350000019A0001
00000000000000000000000000000000
00000000000000100035000003D38001
00000000000000000000000000000000
000000000000001000350000019A0001
00000000000000000000000000000000
60400102200000000000000000000000
000000000000001014000000019A0001
00000000000000000000000000000000
000000000000001014000000019A0001
00000000000000000000000000000000
20000002300000000000000000000000
00000000000000000000001000000000
00000000000000000000000000000000
00000000000000105000000000000001
00000000000000000000000000000000
00000000000000105000000000500001
00000000000000000000000000000000
80800000000000000000000000000000
20010002300000000000000000000000
00000000000000000000001000000000
00000000000000000000000000000000
00000000000000100004000000A08001
00000000000000000000000000000000
00000000000000100004000000A00001
00000000000000000000000000000000
40801102E00000000000000000000000
000000000000001014000000019A0001
00000000000000000000000000000000
00000000000000105000000000500001
00000000000000000000000000000000
00000000000000100014000000A08401
00000000000000000000000000000000
00000000000000105000000000000001
00000000000000000000000000000000
00FFFF80200000000000000000000000
00000000000000000001000003FFF015
00000000000000000000000000000000
40000002E00000001E3CE50800000000
00000000000000105000000000000001
00000000000000000000000000000000
00000000000000101400040000000000
00000000000000000000000000000000
00000000000000100004000000A00001
00000000000000000000000000000000
00000000000000101400000000A0C005
00000000000000000000000000000000
10000402600000010000000000000000
00000000000000101400000000A0C001
00000000000000000000000000000000
00000014000000501400819A00E00008
00000000000000000000000000000000
00000000000000100005000000B9C005
00000000000000000000000000000000
10000002600000010000000000000000
00000000000000101400000000A0C001
00000000000000000000000000000000
00000014000000D0140081999CD00008
00000000000000000000000000000000
0000000000000010000D000000B4C005
00000000000000000000000000000000
60400082200000000000000000000000
00000000000000100500000000B4C001
00000000000000000000000000000000
00000000000000100500000000B4C001
00000000000000000000000000000000
20001004300000000000000000000000
00000000000000000000214000000000
00000000000000000000000000000000
00000000A000008000A0000000B4C001
00000000000000000000000000000000
00000000000000100001000000C2C001
00000000000000000000000000000000
80000002200000000000000000000000
00000000000000100500040000A00000
00000000000000000000000000000000
00000000000000100500000000BBC001
00000000000000000000000000000000
60400002200000000000000000000000
00000000000000100200000000B9C001
00000000000000000000000000000000
00000000000000100200000000B9C001
00000000000000000000000000000000
80000002200000000000000000000000
00000000000000100200040000B40000
00000000000000000000000000000000
00000000000000100200000000C0C001
00000000000000000000000000000000
20000002300000000000000000000000
0000078F394211280000001014050000
00000000000000000000000000000000
00000000000000100001000000C2C001
00000000000000000000000000000000
00000000000000100001000000C30001
00000000000000000000000000000000
80000002200000000000000000000000
00000000000000100040040000BC0000
00000000000000000000000000000000
00000000000000100040000000D04001
00000000000000000000000000000000
20004002F00000000000000000000000
00000000000000000000001840010000
00000000000000000000000000000000
00000000000000100500000000B4C001
00000000000000000000000000000000
00000000000000100500000000C30021
00000000000000000000000000000000
00000000000000100500000000BBC001
00000000000000000000000000000000
00000000000000100500000000C34001
00000000000000000000000000000000
10000102600000010000000000000000
00000000000000100500000000C34001
00000000000000000000000000000000
00000005000020000500819A28F00008
00000000000000000000000000000000
00000000000000100200000000D08005
00000000000000000000000000000000
20001004300000000000000000000000
00000000000000000000214000000000
00000000000000000000000000000000
00000000400000800040000000B9C001
00000000000000000000000000000000
00000000000000100001000000C2C001
00000000000000000000000000000000
20000002300000000000000000000000
0000078F394211000000001014050000
00000000000000000000000000000000
00000000000000100001000000C2C001
00000000000000000000000000000000
00000000000000100001000000C30001
00000000000000000000000000000000
20000002F00000000000000000000000
00000000000000000000001840010000
00000000000000000000000000000000
00000000000000100200000000B9C001
00000000000000000000000000000000
00000000000000100200000000C30021
00000000000000000000000000000000
00000000000000100200000000C0C001
00000000000000000000000000000000
00000000000000100200000000CA4001
00000000000000000000000000000000
20000003700000000000000000000000
00000000000000000000001801610240
00000000000000000000000000000000
00000000000000100040000000CC0001
00000000000000000000000000000000
00000000000000100040000000D04001
00000000000000000000000000000000
00000000000000100040000000D06001
00000000000000000000000000000000
00000000000000100040000000CC0001
00000000000000000000000000000000
41000102200000000000000000000000
00000000000000100200000000CA4001
00000000000000000000000000000000
00000000000000100200000000CC4001
00000000000000000000000000000000
80C00402200000000000000000000000
00000000000000100200000000CC4001
00000000000000000000000000000000
00000008000008000200040000C32000
00000000000000000000000000000000
20000083700000000000000000000000
00000000000000000000001801610240
00000000000000000000000000000000
00000000000000100040000000D24001
00000000000000000000000000000000
00000000000000100040000000D04001
00000000000000000000000000000000
00000000000000100040000000D06001
00000000000000000000000000000000
00000000000000100040000000D24001
00000000000000000000000000000000
50004102E00001710000000000000000
00000000000000100200000000D08001
00000000000000000000000000000000
00000008000008000080040000C32000
00000000000000000000000000000000
00000008000000100200080030000000
00000000000000000000000000000000
00000000000000100280000000D28001
00000000000000000000000000000000
20000804300000000000000000000000
0000000000000F4D413CC28000030000
00000000000000000000000000000000
00000000000000100280000000D28001
00000000000000000000000000000000
00000000000000100001000000D50001
00000000000000000000000000000000
20000006700000000000000000000000
0000000000000F4D413CC2500B030000
00000000000000000000000000000000
00000000000000100280000000D28001
00000000000000000000000000000000
00000000000000100280000000D50021
00000000000000000000000000000000
00000000000000100280000000D54001
00000000000000000000000000000000
00000000000000100001000000D7C001
00000000000000000000000000000000
80000002200000000000000000000000
00000000000000100001040000C30000
00000000000000000000000000000000
00000000000000100001000000DA8001
00000000000000000000000000000000
20000002300000000000000000000000
00000000000000000000001800000000
00000000000000000000000000000000
00000000000000100280000000D54001
00000000000000000000000000000000
00000000000000100280000000D80001
00000000000000000000000000000000
50400102E00001710000000000000000
00000000000000100280000000D80001
00000000000000000000000000000000
00000008000008000080040000C32000
00000000000000000000000000000000
00000008000000100200080030000000
00000000000000000000000000000000
00000000000000100200000000DB4001
00000000000000000000000000000000
20004002F00000000000000000000000
0000000000000000000000108B000000
00000000000000000000000000000000
00000000000000100001000000DA8001
00000000000000000000000000000000
00000000000000100001000000D50001
00000000000000000000000000000000
00000000000000100001000000D7C001
00000000000000000000000000000000
00000000000000100001000000DB0001
00000000000000000000000000000000
20000802700000000000000000000000
00000000000000000000001800040000
00000000000000000000000000000000
00000000000000100200000000DB4001
00000000000000000000000000000000
00000000000000100200000000DB0021
00000000000000000000000000000000
00000000000000100200000000DF4001
00000000000000000000000000000000
20000003700000000000000000000000
00000000000000000000001801810240
00000000000000000000000000000000
00000000000000100040000000E10001
00000000000000000000000000000000
00000000000000100040000000D04001
00000000000000000000000000000000
00000000000000100040000000D06001
00000000000000000000000000000000
00000000000000100040000000E10001
00000000000000000000000000000000
10000102600000000000000000000000
00000000000000100200000000DF4001
00000000000000000000000000000000
00000020000040000200819CA9000004
00000000000000000000000000000000
00000000000000100400000000E14001
00000000000000000000000000000000
61000082200000080000000000000000
00000000000000100400000000E14001
00000000000000000000000000000000
00000000000000103000000001114005
00000000000000000000000000000000
A0000002600000000000000000000000
00000000000000105000000000000001
00000000000000000000000000000000
0000000000000010000181999CB00004
00000000000000000000000000000000
00000000000000100018000000A04001
00000000000000000000000000000000
20000002300000000000000000000000
00000000000000000000001000000000
00000000000000000000000000000000
00000000000000105000000000000001
00000000000000000000000000000000
00000000000000105000000000500001
00000000000000000000000000000000
10001002600000010000000000000000
00000000000000102000000001114001
00000000000000000000000000000000
0000002000000350200081A0A9100008
00000000000000000000000000000000
00000000000000100035000001414005
00000000000000000000000000000000
60400082200000000000000000000000
00000000000000101400000001414001
00000000000000000000000000000000
00000000000000101400000001414001
00000000000000000000000000000000
40811102E00000000000000000000000
00000000000000101400000001414001
00000000000000000000000000000000
00000000000000105000000000500001
00000000000000000000000000000000
00000000000000100014000000A04401
00000000000000000000000000000000
00000000000000105000000000000001
00000000000000000000000000000000
40000002E00000001E3CE50800000000
00000000000000105000000000000001
00000000000000000000000000000000
00000000000000101400040000500000
00000000000000000000000000000000
00000000000000100004000000A04001
00000000000000000000000000000000
00000000000000101400000000A0C005
00000000000000000000000000000000
10000402600000000000000000000000
00000000000000101400000000A0C001
00000000000000000000000000000000
0000002800000040140081A329400004
00000000000000000000000000000000
00000000000000100004000001554001
00000000000000000000000000000000
20000082300000000000000000000000
00000000000000000000001030000000
00000000000000000000000000000000
00000000000000100004000001554001
00000000000000000000000000000000
00000000000000100004000001554001
00000000000000000000000000000000
60400102200000000000000000000000
00000000000000100180000001554001
00000000000000000000000000000000
00000000000000100180000001554001
00000000000000000000000000000000
80000002200000000000000000000000
00000000000000100180040000BD0000
00000000000000000000000000000000
0000000000000010018000000156C001
00000000000000000000000000000000
20005002B00000000000000000000000
00000000000000000000001002000000
00000000000000000000000000000000
00000000000000100180000001554001
00000000000000000000000000000000
0000000000000010018000000156C001
00000000000000000000000000000000
00000000000000100180000001584001
00000000000000000000000000000000
90800102200010060000000000000000
00000000000000100180000001584001
00000000000000000000000000000000
0000000000000010000600000159C015
00000000000000000000000000000000
2000800A300000000000000000000000
00000000000000000000001000000000
00000000000000000000000000000000
00000000000000100001000001554041
00000000000000000000400000000000
000000000000001000010000015A0001
00000000000000000000000000000000
0000000000000010000100000159C015
00000000000000000000000000000000
2000000A300000000000000000000000
00000000000000000000001000000000
00000000000000000000000000000000
00000000000000100001000001554041
00000000000000000000400000000000
000000000000001000010000015A0101
00000000000000000000000000000000
0000000000000010000100000159C115
00000000000000000000000000000000
2000000A300000000000000000000000
00000000000000000000001000000000
00000000000000000000000000000000
00000000000000100001000001554041
00000000000000000000400000000000
000000000000001000010000015A0201
00000000000000000000000000000000
0000000000000010000100000159C215
00000000000000000000000000000000
2000000A300000000000000000000000
00000000000000000000001000000000
00000000000000000000000000000000
00000000000000100001000001554041
00000000000000000000400000000000
000000000000001000010000015A0301
00000000000000000000000000000000
0000000000000010000100000159C315
00000000000000000000000000000000
80000002200000000000000000000000
00000000000000100001040005132000
00000000000000000000000000000000
000000000000001000010000015AC601
00000000000000000000000000000000
1000000A600000020000000000000000
00000000000000101400000000A0C001
00000000000000000000000000000000
0000000A00000180140081A36550004C
00000000000000168000000000000000
00000000000000100018000002DD8005
00000000000000000000000000000000
0000000000000010000100000159C015
00000000000000000000000000000000
2000000A300000000000000000000000
00000000000000000000001000000000
00000000000000000000000000000000
00000000000000100001000001554041
00000000000000000000400000000000
000000000000001000010000015A0401
00000000000000000000000000000000
0000000000000010000100000159C415
00000000000000000000000000000000
2000000A300000000000000000000000
00000000000000000000001000000000
00000000000000000000000000000000
00000000000000100001000001554041
00000000000000000000400000000000
000000000000001000010000015A0501
00000000000000000000000000000000
0000000000000010000100000159C515
00000000000000000000000000000000
20000004300000000000000000000000
00000000000000000000024000000000
00000000000000000000000000000000
000000000000001000060000015A0001
00000000000000000000000000000000
000000000000001000010000015A4001
00000000000000000000000000000000
10000002600000010000000000000000
00000000000000101400000000A0C001
00000000000000000000000000000000
0000001400000180140082B165700008
00000000000000000000000000000000
00000000000000100018000003C18005
00000000000000000000000000000000
10000002600000010000000000000000
00000000000000101400000000A0C001
00000000000000000000000000000000
0000001400000180140082B219800008
00000000000000000000000000000000
00000000000000100018000003CA8005
00000000000000000000000000000000
1000000A600000020000000000000000
00000000000000101400000000A0C001
00000000000000000000000000000000
0000000A000001801400822A6560004C
00000000000000168000000000000000
00000000000000100018000002E68005
00000000000000000000000000000000
0000000000000010000100000159C015
00000000000000000000000000000000
1000000A600000020000000000000000
00000000000000101400000000A0C001
00000000000000000000000000000000
0000000A00000180140081A36550004C
00000000000000168000000000000000
00000000000000100018000003038005
00000000000000000000000000000000
0000000000000010000100000159C115
00000000000000000000000000000000
1000000A600000020000000000000000
00000000000000101400000000A0C001
00000000000000000000000000000000
0000000A000001801400822A6560004C
00000000000000168000000000000000
000000000000001000180000030C8005
00000000000000000000000000000000
0000000000000010000100000159C115
00000000000000000000000000000000
1000000A600000020000000000000000
00000000000000101400000000A0C001
00000000000000000000000000000000
0000000A00000180140081A36550004C
00000000000000168000000000000000
00000000000000100018000003298005
00000000000000000000000000000000
0000000000000010000100000159C215
00000000000000000000000000000000
1000000A600000020000000000000000
00000000000000101400000000A0C001
00000000000000000000000000000000
0000000A000001801400822A6560004C
00000000000000168000000000000000
00000000000000100018000003328005
00000000000000000000000000000000
0000000000000010000100000159C215
00000000000000000000000000000000
20000002300000000000000000000000
0000078F394200000000001004000000
00000000000000000000000000000000
000000000000001000010000015A4001
00000000000000000000000000000000
000000000000001000010000015A8001
00000000000000000000000000000000
1000000A600000020000000000000000
00000000000000101400000000A0C001
00000000000000000000000000000000
0000000A00000180140081A36550004C
00000000000000168000000000000000
000000000000001000180000034F8005
00000000000000000000000000000000
0000000000000010000100000159C315
00000000000000000000000000000000
1000000A600000020000000000000000
00000000000000101400000000A0C001
00000000000000000000000000000000
0000000A000001801400822A6560004C
00000000000000168000000000000000
00000000000000100018000003588005
00000000000000000000000000000000
0000000000000010000100000159C315
00000000000000000000000000000000
1000000A600000020000000000000000
00000000000000101400000000A0C001
00000000000000000000000000000000
0000000A00000180140081A36550004C
00000000000000168000000000000000
00000000000000100018000003758005
00000000000000000000000000000000
0000000000000010000100000159C415
00000000000000000000000000000000
1000000A600000020000000000000000
00000000000000101400000000A0C001
00000000000000000000000000000000
0000000A000001801400822A6560004C
00000000000000168000000000000000
000000000000001000180000037E8005
00000000000000000000000000000000
0000000000000010000100000159C415
00000000000000000000000000000000
1000000A600000020000000000000000
00000000000000101400000000A0C001
00000000000000000000000000000000
0000000A00000180140081A36550004C
00000000000000168000000000000000
000000000000001000180000039B8005
00000000000000000000000000000000
0000000000000010000100000159C515
00000000000000000000000000000000
20004002700000000000000000000000
00000FF00000000000000010C0040000
00000000000000000000000000000000
000000000000001000060000015A0001
00000000000000000000000000000000
000000000000001000060000015A8021
00000000000000000000000000000000
000000000000001000060000015AC001
00000000000000000000000000000000
1000000A600000020000000000000000
00000000000000101400000000A0C001
00000000000000000000000000000000
0000000A000001801400822A6560004C
00000000000000168000000000000000
00000000000000100018000003A48005
00000000000000000000000000000000
0000000000000010000100000159C515
00000000000000000000000000000000
20000082F00000000000000000000000
00000000000000000000001A6800C000
00000000000000000000000000001048
00000026000000700018000002DD8001
00000000000000000000000000000000
000000000100007000180000015AC021
00000000000000000000000000000000
00000026000000700018000002E68001
00000000000000000000000000000000
000000090000007000180000015B0001
00000000000000000000000000000000
60400102200000000000000000000000
000000000000001009000000016D0001
00000000000000000000000000000000
000000000000001009000000016D0001
00000000000000000000000000000000
60400002200000000000000000000000
00000000000000100900000001640001
00000000000000000000000000000000
00000000000000100900000001640001
00000000000000000000000000000000
A0000002600000000000000000000000
00000000000000105000000000000001
00000000000000000000000000000000
0000000000000010000181A329200004
00000000000000000000000000000000
00000000000000100018000000A08001
00000000000000000000000000000000
60400002200000000000000000000000
000000000000001009000000015B0001
00000000000000000000000000000000
000000000000001009000000015B0001
00000000000000000000000000000000
1000100A600000020000000000000000
000000000000001009000000015B0001
00000000000000000000000000000000
0000000480000350090082B2CD90004C
00000000000000168000000000000000
00000000000000100035000002EF8005
00000000000000000000000000000000
0000000000000010000100000159C015
00000000000000000000000000000000
1000000A600000020000000000000000
000000000000001009000000016D0001
00000000000000000000000000000000
0000000480000350090082B2CD90004C
00000000000000168000000000000000
000000000000001000350000033B8005
00000000000000000000000000000000
0000000000000010000100000159C215
00000000000000000000000000000000
60400002200000000000000000000000
00000000000000100900000001760001
00000000000000000000000000000000
00000000000000100900000001760001
00000000000000000000000000000000
1000000A600000020000000000000000
00000000000000100900000001640001
00000000000000000000000000000000
0000000480000350090082B2CD90004C
00000000000000168000000000000000
00000000000000100035000003158005
00000000000000000000000000000000
0000000000000010000100000159C115
00000000000000000000000000000000
60400002200000000000000000000000
000000000000001009000000017F0001
00000000000000000000000000000000
000000000000001009000000017F0001
00000000000000000000000000000000
20000082B00000000000000000000000
00000000000000000000001084000000
00000000000000000000000000000000
00000000000000100035000002EF8001
00000000000000000000000000000000
00000000000000100035000003158001
00000000000000000000000000000000
000000000000001000350000019A0001
00000000000000000000000000000000
60400002200000000000000000000000
00000000000000100900000001880001
00000000000000000000000000000000
00000000000000100900000001880001
00000000000000000000000000000000
1000100A600000020000000000000000
00000000000000100900000001880001
00000000000000000000000000000000
0000000480000350090082B2CD90004C
00000000000000168000000000000000
00000000000000100035000003AD8005
00000000000000000000000000000000
0000000000000010000100000159C515
00000000000000000000000000000000
60400002200000000000000000000000
00000000000000100900000001910001
00000000000000000000000000000000
00000000000000100900000001910001
00000000000000000000000000000000
1000000A600000020000000000000000
00000000000000100900000001760001
00000000000000000000000000000000
0000000480000350090082B2CD90004C
00000000000000168000000000000000
00000000000000100035000003618005
00000000000000000000000000000000
0000000000000010000100000159C315
00000000000000000000000000000000
20000083B00000000000000000000000
00000000000000000000001085000000
00000000000000000000000000000000
000000000000001000350000019A0001
00000000000000000000000000000000
00000000000000100035000003618001
00000000000000000000000000000000
000000000000001000350000033B8001
00000000000000000000000000000000
000000000000001000350000019A0001
00000000000000000000000000000000
1000000A600000020000000000000000
000000000000001009000000017F0001
00000000000000000000000000000000
0000000480000350090082B2CD90004C
00000000000000168000000000000000
00000000000000100035000003878005
00000000000000000000000000000000
0000000000000010000100000159C415
00000000000000000000000000000000
20000083B00000000000000000000000
00000000000000000000001085000000
00000000000000000000000000000000
000000000000001000350000019A0001
00000000000000000000000000000000
00000000000000100035000003AD8001
00000000000000000000000000000000
00000000000000100035000003878001
00000000000000000000000000000000
000000000000001000350000019A0001
00000000000000000000000000000000
10001002600000010000000000000000
00000000000000100900000001910001
00000000000000000000000000000000
000000090000035009008339CDA00008
00000000000000000000000000000000
00000000000000100035000003D38005
00000000000000000000000000000000
20000082B00000000000000000000000
00000000000000000000001802000000
00000000000000000000000000000000
000000000000001000350000019A0001
00000000000000000000000000000000
00000000000000100035000003D38001
00000000000000000000000000000000
000000000000001000350000019A0001
00000000000000000000000000000000
60400102200000000000000000000000
000000000000001014000000019A0001
00000000000000000000000000000000
000000000000001014000000019A0001
00000000000000000000000000000000
20000002300000000000000000000000
00000000000000000000001000000000
00000000000000000000000000000000
00000000000000105000000000000001
00000000000000000000000000000000
00000000000000105000000000500001
00000000000000000000000000000000
80800000000000000000000000000000
20010002300000000000000000000000
00000000000000000000001000000000
00000000000000000000000000000000
00000000000000100004000000A08001
00000000000000000000000000000000
00000000000000100004000000A00001
00000000000000000000000000000000
40801102E00000000000000000000000
000000000000001014000000019A0001
00000000000000000000000000000000
00000000000000105000000000500001
00000000000000000000000000000000
00000000000000100014000000A08401
00000000000000000000000000000000
00000000000000105000000000000001
00000000000000000000000000000000
00FFFF80200000000000000000000000
00000000000000000001000003FFF015
00000000000000000000000000000000
40000002E00000001E3CE50800000000
00000000000000105000000000000001
00000000000000000000000000000000
00000000000000101400040000000000
00000000000000000000000000000000
00000000000000100004000000A00001
00000000000000000000000000000000
00000000000000101400000000A0C005
00000000000000000000000000000000
10000402600000010000000000000000
00000000000000101400000000A0C001
00000000000000000000000000000000
00000014000000501400833AE5E00008
00000000000000000000000000000000
00000000000000100005000000B9C005
00000000000000000000000000000000
10000002600000010000000000000000
00000000000000101400000000A0C001
00000000000000000000000000000000
00000014000000D01400833A81D00008
00000000000000000000000000000000
0000000000000010000D000000B4C005
00000000000000000000000000000000
60400082200000000000000000000000
00000000000000100500000000B4C001
00000000000000000000000000000000
00000000000000100500000000B4C001
00000000000000000000000000000000
20001004300000000000000000000000
00000000000000000000214000000000
00000000000000000000000000000000
00000000A000008000A0000000B4C001
00000000000000000000000000000000
00000000000000100001000000C2C001
00000000000000000000000000000000
80000002200000000000000000000000
00000000000000100500040000A00000
00000000000000000000000000000000
00000000000000100500000000BBC001
00000000000000000000000000000000
60400002200000000000000000000000
00000000000000100200000000B9C001
00000000000000000000000000000000
00000000000000100200000000B9C001
00000000000000000000000000000000
80000002200000000000000000000000
00000000000000100200040000B40000
00000000000000000000000000000000
00000000000000100200000000C0C001
00000000000000000000000000000000
20000002300000000000000000000000
0000078F394211280000001014050000
00000000000000000000000000000000
00000000000000100001000000C2C001
00000000000000000000000000000000
00000000000000100001000000C30001
00000000000000000000000000000000
80000002200000000000000000000000
00000000000000100040040000BC0000
00000000000000000000000000000000
00000000000000100040000000D04001
00000000000000000000000000000000
20004002F00000000000000000000000
00000000000000000000001840010000
00000000000000000000000000000000
00000000000000100500000000B4C001
00000000000000000000000000000000
00000000000000100500000000C30021
00000000000000000000000000000000
00000000000000100500000000BBC001
00000000000000000000000000000000
00000000000000100500000000C34001
00000000000000000000000000000000
10000102600000010000000000000000
00000000000000100500000000C34001
00000000000000000000000000000000
00000005000020000500833B0DF00008
00000000000000000000000000000000
00000000000000100200000000D08005
00000000000000000000000000000000
20001004300000000000000000000000
00000000000000000000214000000000
00000000000000000000000000000000
00000000400000800040000000B9C001
00000000000000000000000000000000
00000000000000100001000000C2C001
00000000000000000000000000000000
20000002300000000000000000000000
0000078F394211000000001014050000
00000000000000000000000000000000
00000000000000100001000000C2C001
00000000000000000000000000000000
00000000000000100001000000C30001
00000000000000000000000000000000
20000002F00000000000000000000000
00000000000000000000001840010000
00000000000000000000000000000000
00000000000000100200000000B9C001
00000000000000000000000000000000
00000000000000100200000000C30021
00000000000000000000000000000000
00000000000000100200000000C0C001
00000000000000000000000000000000
00000000000000100200000000CA4001
00000000000000000000000000000000
20000003700000000000000000000000
00000000000000000000001801610240
00000000000000000000000000000000
00000000000000100040000000CC0001
00000000000000000000000000000000
00000000000000100040000000D04001
00000000000000000000000000000000
00000000000000100040000000D06001
00000000000000000000000000000000
00000000000000100040000000CC0001
00000000000000000000000000000000
41000102200000000000000000000000
00000000000000100200000000CA4001
00000000000000000000000000000000
00000000000000100200000000CC4001
00000000000000000000000000000000
80C00402200000000000000000000000
00000000000000100200000000CC4001
00000000000000000000000000000000
00000008000008000200040000C32000
00000000000000000000000000000000
20000083700000000000000000000000
00000000000000000000001801610240
00000000000000000000000000000000
00000000000000100040000000D24001
00000000000000000000000000000000
00000000000000100040000000D04001
00000000000000000000000000000000
00000000000000100040000000D06001
00000000000000000000000000000000
00000000000000100040000000D24001
00000000000000000000000000000000
50004102E00001710000000000000000
00000000000000100200000000D08001
00000000000000000000000000000000
00000008000008000080040000C32000
00000000000000000000000000000000
00000008000000100200080030000000
00000000000000000000000000000000
00000000000000100280000000D28001
00000000000000000000000000000000
20000804300000000000000000000000
0000000000000F4D413CC28000030000
00000000000000000000000000000000
00000000000000100280000000D28001
00000000000000000000000000000000
00000000000000100001000000D50001
00000000000000000000000000000000
20000006700000000000000000000000
0000000000000F4D413CC2500B030000
00000000000000000000000000000000
00000000000000100280000000D28001
00000000000000000000000000000000
00000000000000100280000000D50021
00000000000000000000000000000000
00000000000000100280000000D54001
00000000000000000000000000000000
00000000000000100001000000D7C001
00000000000000000000000000000000
80000002200000000000000000000000
00000000000000100001040000C30000
00000000000000000000000000000000
00000000000000100001000000DA8001
00000000000000000000000000000000
20000002300000000000000000000000
00000000000000000000001800000000
00000000000000000000000000000000
00000000000000100280000000D54001
00000000000000000000000000000000
00000000000000100280000000D80001
00000000000000000000000000000000
50400102E00001710000000000000000
00000000000000100280000000D80001
00000000000000000000000000000000
00000008000008000080040000C32000
00000000000000000000000000000000
00000008000000100200080030000000
00000000000000000000000000000000
00000000000000100200000000DB4001
00000000000000000000000000000000
20004002F00000000000000000000000
0000000000000000000000108B000000
00000000000000000000000000000000
00000000000000100001000000DA8001
00000000000000000000000000000000
00000000000000100001000000D50001
00000000000000000000000000000000
00000000000000100001000000D7C001
00000000000000000000000000000000
00000000000000100001000000DB0001
00000000000000000000000000000000
20000802700000000000000000000000
00000000000000000000001800040000
00000000000000000000000000000000
00000000000000100200000000DB4001
00000000000000000000000000000000
00000000000000100200000000DB0021
00000000000000000000000000000000
00000000000000100200000000DF4001
00000000000000000000000000000000
20000003700000000000000000000000
00000000000000000000001801810240
00000000000000000000000000000000
00000000000000100040000000E10001
00000000000000000000000000000000
00000000000000100040000000D04001
00000000000000000000000000000000
00000000000000100040000000D06001
00000000000000000000000000000000
00000000000000100040000000E10001
00000000000000000000000000000000
10000102600000000000000000000000
00000000000000100200000000DF4001
00000000000000000000000000000000
00000020000040000200833D8E000004
00000000000000000000000000000000
00000000000000100400000000E14001
00000000000000000000000000000000
61000082200000080000000000000000
00000000000000100400000000E14001
00000000000000000000000000000000
00000000000000103000000001114005
00000000000000000000000000000000
A0000002600000000000000000000000
00000000000000105000000000000001
00000000000000000000000000000000
00000000000000100001833A81B00004
00000000000000000000000000000000
00000000000000100018000000A04001
00000000000000000000000000000000
20000002300000000000000000000000
00000000000000000000001000000000
00000000000000000000000000000000
00000000000000105000000000000001
00000000000000000000000000000000
00000000000000105000000000500001
00000000000000000000000000000000
10001002600000010000000000000000
00000000000000102000000001114001
00000000000000000000000000000000
0000002000000350200083418E100008
00000000000000000000000000000000
00000000000000100035000001414005
00000000000000000000000000000000
60400082200000000000000000000000
00000000000000101400000001414001
00000000000000000000000000000000
00000000000000101400000001414001
00000000000000000000000000000000
40811102E00000000000000000000000
00000000000000101400000001414001
00000000000000000000000000000000
00000000000000105000000000500001
00000000000000000000000000000000
00000000000000100014000000A04401
00000000000000000000000000000000
00000000000000105000000000000001
00000000000000000000000000000000
40000002E00000001E3CE50800000000
00000000000000105000000000000001
00000000000000000000000000000000
00000000000000101400040000500000
00000000000000000000000000000000
00000000000000100004000000A04001
00000000000000000000000000000000
00000000000000101400000000A0C005
00000000000000000000000000000000
10000402600000000000000000000000
00000000000000101400000000A0C001
00000000000000000000000000000000
0000002800000040140083440E400004
00000000000000000000000000000000
00000000000000100004000001554001
00000000000000000000000000000000
20000082300000000000000000000000
00000000000000000000001030000000
00000000000000000000000000000000
00000000000000100004000001554001
00000000000000000000000000000000
00000000000000100004000001554001
00000000000000000000000000000000
60400102200000000000000000000000
00000000000000100180000001554001
00000000000000000000000000000000
00000000000000100180000001554001
00000000000000000000000000000000
80000002200000000000000000000000
00000000000000100180040000BD0000
00000000000000000000000000000000
0000000000000010018000000156C001
00000000000000000000000000000000
20005002B00000000000000000000000
00000000000000000000001002000000
00000000000000000000000000000000
00000000000000100180000001554001
00000000000000000000000000000000
0000000000000010018000000156C001
00000000000000000000000000000000
00000000000000100180000001584001
00000000000000000000000000000000
90800102200010060000000000000000
00000000000000100180000001584001
00000000000000000000000000000000
0000000000000010000600000159C015
00000000000000000000000000000000
2000800A300000000000000000000000
00000000000000000000001000000000
00000000000000000000000000000000
00000000000000100001000001554041
00000000000000000000400000000000
000000000000001000010000015A0001
00000000000000000000000000000000
0000000000000010000100000159C015
00000000000000000000000000000000
2000000A300000000000000000000000
00000000000000000000001000000000
00000000000000000000000000000000
00000000000000100001000001554041
00000000000000000000400000000000
000000000000001000010000015A0101
00000000000000000000000000000000
0000000000000010000100000159C115
00000000000000000000000000000000
2000000A300000000000000000000000
00000000000000000000001000000000
00000000000000000000000000000000
00000000000000100001000001554041
00000000000000000000400000000000
000000000000001000010000015A0201
00000000000000000000000000000000
0000000000000010000100000159C215
00000000000000000000000000000000
2000000A300000000000000000000000
00000000000000000000001000000000
00000000000000000000000000000000
00000000000000100001000001554041
00000000000000000000400000000000
000000000000001000010000015A0301
00000000000000000000000000000000
0000000000000010000100000159C315
00000000000000000000000000000000
80000002200000000000000000000000
00000000000000100001040005132000
00000000000000000000000000000000
000000000000001000010000015AC601
00000000000000000000000000000000
1000000A600000020000000000000000
00000000000000101400000000A0C001
00000000000000000000000000000000
0000000A00000180140083444A50004C
00000000000000168000000000000000
00000000000000100018000002DD8005
00000000000000000000000000000000
0000000000000010000100000159C015
00000000000000000000000000000000
2000000A300000000000000000000000
00000000000000000000001000000000
00000000000000000000000000000000
00000000000000100001000001554041
00000000000000000000400000000000
000000000000001000010000015A0401
00000000000000000000000000000000
0000000000000010000100000159C415
00000000000000000000000000000000
2000000A300000000000000000000000
00000000000000000000001000000000
00000000000000000000000000000000
00000000000000100001000001554041
00000000000000000000400000000000
000000000000001000010000015A0501
00000000000000000000000000000000
0000000000000010000100000159C515
00000000000000000000000000000000
20000004300000000000000000000000
00000000000000000000024000000000
00000000000000000000000000000000
000000000000001000060000015A0001
00000000000000000000000000000000
000000000000001000010000015A4001
00000000000000000000000000000000
10000002600000010000000000000000
00000000000000101400000000A0C001
00000000000000000000000000000000
0000001400000180140084524A700008
00000000000000000000000000000000
00000000000000100018000003C18005
00000000000000000000000000000000
10000002600000010000000000000000
00000000000000101400000000A0C001
00000000000000000000000000000000
000000140000018014008452FE800008
00000000000000000000000000000000
00000000000000100018000003CA8005
00000000000000000000000000000000
1000000A600000020000000000000000
00000000000000101400000000A0C001
00000000000000000000000000000000
0000000A00000180140083CB4A60004C
00000000000000168000000000000000
00000000000000100018000002E68005
00000000000000000000000000000000
0000000000000010000100000159C015
00000000000000000000000000000000
1000000A600000020000000000000000
00000000000000101400000000A0C001
00000000000000000000000000000000
0000000A00000180140083444A50004C
00000000000000168000000000000000
00000000000000100018000003038005
00000000000000000000000000000000
0000000000000010000100000159C115
00000000000000000000000000000000
1000000A600000020000000000000000
00000000000000101400000000A0C001
00000000000000000000000000000000
0000000A00000180140083CB4A60004C
00000000000000168000000000000000
000000000000001000180000030C8005
00000000000000000000000000000000
0000000000000010000100000159C115
00000000000000000000000000000000
1000000A600000020000000000000000
00000000000000101400000000A0C001
00000000000000000000000000000000
0000000A00000180140083444A50004C
00000000000000168000000000000000
00000000000000100018000003298005
00000000000000000000000000000000
0000000000000010000100000159C215
00000000000000000000000000000000
1000000A600000020000000000000000
00000000000000101400000000A0C001
00000000000000000000000000000000
0000000A00000180140083CB4A60004C
00000000000000168000000000000000
00000000000000100018000003328005
00000000000000000000000000000000
0000000000000010000100000159C215
00000000000000000000000000000000
20000002300000000000000000000000
0000078F394200000000001004000000
00000000000000000000000000000000
000000000000001000010000015A4001
00000000000000000000000000000000
000000000000001000010000015A8001
00000000000000000000000000000000
1000000A600000020000000000000000
00000000000000101400000000A0C001
00000000000000000000000000000000
0000000A00000180140083444A50004C
00000000000000168000000000000000
000000000000001000180000034F8005
00000000000000000000000000000000
0000000000000010000100000159C315
00000000000000000000000000000000
1000000A600000020000000000000000
00000000000000101400000000A0C001
00000000000000000000000000000000
0000000A00000180140083CB4A60004C
00000000000000168000000000000000
00000000000000100018000003588005
00000000000000000000000000000000
0000000000000010000100000159C315
00000000000000000000000000000000
1000000A600000020000000000000000
00000000000000101400000000A0C001
00000000000000000000000000000000
0000000A00000180140083444A50004C
00000000000000168000000000000000
00000000000000100018000003758005
00000000000000000000000000000000
0000000000000010000100000159C415
00000000000000000000000000000000
1000000A600000020000000000000000
00000000000000101400000000A0C001
00000000000000000000000000000000
0000000A00000180140083CB4A60004C
00000000000000168000000000000000
000000000000001000180000037E8005
00000000000000000000000000000000
0000000000000010000100000159C415
00000000000000000000000000000000
1000000A600000020000000000000000
00000000000000101400000000A0C001
00000000000000000000000000000000
0000000A00000180140083444A50004C
00000000000000168000000000000000
000000000000001000180000039B8005
00000000000000000000000000000000
0000000000000010000100000159C515
00000000000000000000000000000000
20004002700000000000000000000000
00000FF00000000000000010C0040000
00000000000000000000000000000000
000000000000001000060000015A0001
00000000000000000000000000000000
000000000000001000060000015A8021
00000000000000000000000000000000
000000000000001000060000015AC001
00000000000000000000000000000000
1000000A600000020000000000000000
00000000000000101400000000A0C001
00000000000000000000000000000000
0000000A00000180140083CB4A60004C
00000000000000168000000000000000
00000000000000100018000003A48005
00000000000000000000000000000000
0000000000000010000100000159C515
00000000000000000000000000000000
20000082F00000000000000000000000
00000000000000000000001A6800C000
00000000000000000000000000001048
00000026000000700018000002DD8001
00000000000000000000000000000000
000000000100007000180000015AC021
00000000000000000000000000000000
00000026000000700018000002E68001
00000000000000000000000000000000
000000090000007000180000015B0001
00000000000000000000000000000000
60400102200000000000000000000000
000000000000001009000000016D0001
00000000000000000000000000000000
000000000000001009000000016D0001
00000000000000000000000000000000
60400002200000000000000000000000
00000000000000100900000001640001
00000000000000000000000000000000
00000000000000100900000001640001
00000000000000000000000000000000
A0000002600000000000000000000000
00000000000000105000000000000001
00000000000000000000000000000000
0000000000000010000183440E200004
00000000000000000000000000000000
00000000000000100018000000A08001
00000000000000000000000000000000
60400002200000000000000000000000
000000000000001009000000015B0001
00000000000000000000000000000000
000000000000001009000000015B0001
00000000000000000000000000000000
1000100A600000020000000000000000
000000000000001009000000015B0001
00000000000000000000000000000000
000000048000035009008453B290004C
00000000000000168000000000000000
00000000000000100035000002EF8005
00000000000000000000000000000000
0000000000000010000100000159C015
00000000000000000000000000000000
1000000A600000020000000000000000
000000000000001009000000016D0001
00000000000000000000000000000000
000000048000035009008453B290004C
00000000000000168000000000000000
000000000000001000350000033B8005
00000000000000000000000000000000
0000000000000010000100000159C215
00000000000000000000000000000000
60400002200000000000000000000000
00000000000000100900000001760001
00000000000000000000000000000000
00000000000000100900000001760001
00000000000000000000000000000000
1000000A600000020000000000000000
00000000000000100900000001640001
00000000000000000000000000000000
000000048000035009008453B290004C
00000000000000168000000000000000
00000000000000100035000003158005
00000000000000000000000000000000
0000000000000010000100000159C115
00000000000000000000000000000000
60400002200000000000000000000000
000000000000001009000000017F0001
00000000000000000000000000000000
000000000000001009000000017F0001
00000000000000000000000000000000
20000082B00000000000000000000000
00000000000000000000001084000000
00000000000000000000000000000000
00000000000000100035000002EF8001
00000000000000000000000000000000
00000000000000100035000003158001
00000000000000000000000000000000
000000000000001000350000019A0001
00000000000000000000000000000000
60400002200000000000000000000000
00000000000000100900000001880001
00000000000000000000000000000000
00000000000000100900000001880001
00000000000000000000000000000000
1000100A600000020000000000000000
00000000000000100900000001880001
00000000000000000000000000000000
000000048000035009008453B290004C
00000000000000168000000000000000
00000000000000100035000003AD8005
00000000000000000000000000000000
0000000000000010000100000159C515
00000000000000000000000000000000
60400002200000000000000000000000
00000000000000100900000001910001
00000000000000000000000000000000
00000000000000100900000001910001
00000000000000000000000000000000
1000000A600000020000000000000000
00000000000000100900000001760001
00000000000000000000000000000000
000000048000035009008453B290004C
00000000000000168000000000000000
00000000000000100035000003618005
00000000000000000000000000000000
0000000000000010000100000159C315
00000000000000000000000000000000
20000083B00000000000000000000000
00000000000000000000001085000000
00000000000000000000000000000000
000000000000001000350000019A0001
00000000000000000000000000000000
00000000000000100035000003618001
00000000000000000000000000000000
000000000000001000350000033B8001
00000000000000000000000000000000
000000000000001000350000019A0001
00000000000000000000000000000000
1000000A600000020000000000000000
000000000000001009000000017F0001
00000000000000000000000000000000
000000048000035009008453B290004C
00000000000000168000000000000000
00000000000000100035000003878005
00000000000000000000000000000000
0000000000000010000100000159C415
00000000000000000000000000000000
20000083B00000000000000000000000
00000000000000000000001085000000
00000000000000000000000000000000
000000000000001000350000019A0001
00000000000000000000000000000000
00000000000000100035000003AD8001
00000000000000000000000000000000
00000000000000100035000003878001
00000000000000000000000000000000
000000000000001000350000019A0001
00000000000000000000000000000000
10001002600000010000000000000000
00000000000000100900000001910001
00000000000000000000000000000000
0000000900000350090084DAB2A00008
00000000000000000000000000000000
00000000000000100035000003D38005
00000000000000000000000000000000
20000082B00000000000000000000000
00000000000000000000001802000000
00000000000000000000000000000000
000000000000001000350000019A0001
00000000000000000000000000000000
00000000000000100035000003D38001
00000000000000000000000000000000
000000000000001000350000019A0001
00000000000000000000000000000000
60400102200000000000000000000000
000000000000001014000000019A0001
00000000000000000000000000000000
000000000000001014000000019A0001
00000000000000000000000000000000
20000002300000000000000000000000
00000000000000000000001000000000
00000000000000000000000000000000
00000000000000105000000000000001
00000000000000000000000000000000
00000000000000105000000000500001
00000000000000000000000000000000
80800000000000000000000000000000
20010002300000000000000000000000
00000000000000000000001000000000
00000000000000000000000000000000
00000000000000100004000000A08001
00000000000000000000000000000000
00000000000000100004000000A00001
00000000000000000000000000000000
40801102E00000000000000000000000
000000000000001014000000019A0001
00000000000000000000000000000000
00000000000000105000000000500001
00000000000000000000000000000000
00000000000000100014000000A08401
00000000000000000000000000000000
00000000000000105000000000000001
00000000000000000000000000000000
00FFFF80200000000000000000000000
00000000000000000001000003FFF015
00000000000000000000000000000000
40000002E00000001E3CE50800000000
00000000000000105000000000000001
00000000000000000000000000000000
00000000000000101400040004C32000
00000000000000000000000000000000
00000000000000100004000000A00001
00000000000000000000000000000000
00000000000000101400000000A0C005
00000000000000000000000000000000
10000402600000000000000000000000
00000000000000101400000000A0C001
00000000000000000000000000000000
0000002800005430140084DB66B00004
00000000000000000000000000000000
00000000000000100543000002D80001
00000000000000000000000000000000
70000082200000000000054300000000
00000000000000100543000002D80001
00000000000000000000000000000000
00000000000000100002000001AE0001
00000000000000000000000000000000
60C02002200000000000000000000000
00000000000000100002000001AE0001
00000000000000000000000000000000
00000000000000100001000001AE0415
00000000000000000000000000000000
00FFFF80200000000000000000000000
00000000000000000001000003FFF015
00000000000000000000000000000000
