80000002200000000000000000000000
00000000000000101000010000000010
00000000000000000408030000000000
00000000000000101000000000000001
00000000000000000000000000000000
80000002200000000000000000000000
00000000000000100001010000100004
00000000000000000408030000000000
00000000000000100001000002D80001
00000000000000000000000000000000
20004002700000000000000000000000
00000000000000000000001000010000
00000000000000000000000000000000
00000000000000101000000000000001
00000000000000000000000000000000
00000000000000101000000002D80021
00000000000000000000000000000000
00000000000000101000000000000001
00000000000000000000000000000000
80000002200000000000000000000000
00000000000000100080020000202000
00000000000000000080010000000000
00000000000000100080000000310001
00000000000000000000000000000000
80000002200000000000000000000000
00000000000000100001020000200000
00000000000000000000000000000000
00000000000000100001000000318001
00000000000000000000000000000000
00400000000000240000000000000000
4040010260000020358637BD00000000
00000000000000101000000000000001
00000000000000000000000000000000
000000000000001010000402E07C0004
000000000000000000000002E0C00000
00000000000000101000000000100005
00000000000000000000000000000000
10000402600000030000000000000000
00000000000000101000000000100001
00000000000000000000000000000000
00000010000060001000040000000010
000000000000000000000002E0C00000
00000000000000100600000000200001
00000000000000000000000000000000
80000002200000000000000000000000
00000000000000100600040060000004
000000000000000000000002E0C00000
00000000000000100600000002640001
00000000000000000000000000000000
20004082700000000000000000000000
00000000000000000000001000010000
00000000000000000000000000000000
00000000000000100600000000200001
00000000000000000000000000000000
00000000000000100600000002640001
00000000000000000000000000000000
00000000000000100600000000260001
00000000000000000000000000000000
4040010260002008358637BD00000000
00000000000000100400000000260001
00000000000000000000000000000000
000000000000001000800402E0BC0004
000000000000000000000002E0C00000
000000000000001004000000002C0001
00000000000000000000000000000000
4040000260002002358637BD00000000
000000000000001001000000002A0001
00000000000000000000000000000000
000000000000001000800402E0BD0004
000000000000000000000002E0C00000
00000000000000100100000000300001
00000000000000000000000000000000
20000403700000000000000000000000
00000000000000000000001001610240
00000000000000000000000000000000
00000000800000A000800000002C0001
00000000000000000000000000000000
00000000000000A00040000000310001
00000000000000000000000000000000
00000000000000A00040000000314001
00000000000000000000000000000000
00000000800000A00080000000320001
00000000000000000000000000000000
20000002300000000000000000000000
00000000000000000000001800000000
00000000000000000000000000000000
00000000000000100400000000320001
00000000000000000000000000000000
00000000000000100400000000370001
00000000000000000000000000000000
80400102200000000000000000000000
00000000800000200080000000360001
00000000000000000000000000000000
00002000000000200080060000000008
00000000000000000020010040000000
80404002200000000000000000000000
000000008000002000800000002B0001
00000000000000000000000000000000
00002000000000200080060010000008
00000000000000000020010040000000
80804000000000000000000000000000
50004002600000140000000000000000
00000000800000400080000000370001
00000000000000000000000000000000
00000000800000100001060000000008
00000000000004000000000040000000
000000200000004000010000003B0001
00000000000004000000000000000000
50000002600000140000000000000000
00000000800000400080000000390001
00000000000000000000000000000000
00000000800000100001060020000008
00000000000004000000000040000000
00000020000000400001000000BB0001
00000000000004000000000000000000
20000804300000000000000000000000
0000000000000F6D413CC08000030000
00000000000000000000000000000000
000000200000008000010000003B0001
00000000000004000000000000000000
000000000100008000010000023B0001
00000000000000000000000000000000
20000006700000000000000000000000
0000000000000F6D413CC0500B030000
00000000000000000000000000000000
000000200000008000010000003B0001
00000000000004000000000000000000
000000000100008000010000023B0021
00000000000000000000000000000000
000000200000008000010000013B0001
00000000000004000000000000000000
000000000100008000010000023B8001
00000000000000000000000000000000
20000002300000000000000000000000
00000000000000000000001800000000
00000000000000000000000000000000
000000200000008000010000013B0001
00000000000004000000000000000000
000000200000008000010000013B0001
00000000000004000000000000000000
50400102600000140000000000000000
000000200000004000010000013B0001
00000000000004000000000000000000
00000000800000100001060010000008
00000000000004000000000040000000
000000008000004000800000023C0001
00000000000000000000000000000000
50400002600000140000000000000000
00000020000000400001000001BB0001
00000000000004000000000000000000
00000000800000100001060030000008
00000000000004000000000040000000
000000008000004000800000023E0001
00000000000000000000000000000000
20000802700000000000000000000000
00000000000000000000001000040000
00000000000000000000000000000000
000000008000008000800000023C0001
00000000000000000000000000000000
000000000100008000800000023B8021
00000000000000000000000000000000
00000000800000800080000002400001
00000000000000000000000000000000
10000102600000030000000000000000
00000000000000100400000002400001
00000000000000000000000000000000
000000040001000004000400600C0010
000000000000000000000002E0C00000
00000000000000101000000002440001
00000000000000000000000000000000
60000082200000000000000000000000
00000000000000101000000002440001
00000000000000000000000000000000
00000000000000101000000002540001
00000000000000000000000000000000
80000002200000000000000000000000
000000000000001010000400A00C0004
000000000000000000000002E0C00000
00000000000000101000000002640001
00000000000000000000000000000000
20005002F00000000000000000000000
00000000000000000000001002010000
00000000000000000000000000000000
00000000000000101000000002540001
00000000000000000000000000000000
00000000000000101000000002640001
00000000000000000000000000000000
00000000000000101000000000000001
00000000000000000000000000000000
00000000000000101000000000000001
00000000000000000000000000000000
4040010260000020358637BD00000000
00000000000000101000000000000001
00000000000000000000000000000000
000000000000001010000402E09C0004
000000000000000000000002E0C00000
00000000000000101000000000100005
00000000000000000000000000000000
10000402600000030000000000000000
00000000000000101000000000100001
00000000000000000000000000000000
000000100001800010000400A02C0010
000000000000000000000002E0C00000
000000000000001018000000027C0001
00000000000000000000000000000000
80000002200000000000000000000000
000000000000001018000402202C0004
000000000000000000000002E0C00000
00000000000000101800000002640001
00000000000000000000000000000000
20004082700000000000000000000000
00000000000000000000001000010000
00000000000000000000000000000000
000000000000001018000000027C0001
00000000000000000000000000000000
00000000000000101800000002640001
00000000000000000000000000000000
00000000000000101800000002940001
00000000000000000000000000000000
30000102E00000007F7FFFFF00000000
00000000000000100C00000002940001
00000000000000000000000000000000
00000000000000100C00000002A00001
00000000000000000000000000000000
00000000000000100C00000000318021
00000000000000000000000000000000
00000000000000100C00000002AC0005
00000000000000000000000000000000
10000202600000030000000000000000
00000000000000100C00000002AC0001
00000000000000000000000000000000
0000000C000100000C000402205C0010
000000000000000000000002E0C00000
00000000000000101000000002B80001
00000000000000000000000000000000
60000082200000000000000000000000
00000000000000101000000002B80001
00000000000000000000000000000000
00000000000000101000000002C80001
00000000000000000000000000000000
80000002200000000000000000000000
000000000000001010000402E05C0004
000000000000000000000002E0C00000
00000000000000101000000002640001
00000000000000000000000000000000
20005002F00000000000000000000000
00000000000000000000001002010000
00000000000000000000000000000000
00000000000000101000000002C80001
00000000000000000000000000000000
00000000000000101000000002640001
00000000000000000000000000000000
00000000000000101000000000000001
00000000000000000000000000000000
00000000000000101000000000000001
00000000000000000000000000000000
00800000000000000000000000000000
4040010260000020358637BD00000000
00000000000000101000000000000001
00000000000000000000000000000000
00000000000000101000020000000004
00000000000000000000000000000000
00000000000000101000000000100005
00000000000000000000000000000000
80000002200000000000000000000000
00000000000000109460030946000004
00000000000000000000000000000000
000000000000001094600000013B0001
00000000000000000000000000000000
10000402600000030000000000000000
00000000000000101000000000100001
00000000000000000000000000000000
00000010000946001000030000000010
00000000000000000000000000000000
00000000000000109460000000000002
00000000000000000000000000000000
20004002700000000000000000000000
00000000000000000000001000010000
00000000000000000000000000000000
00000000000000109460000000000002
00000000000000000000000000000000
000000000000001094600000013B0001
00000000000000000000000000000000
00000000000000109460000000000102
00000000000000000000000000000000
70000002200000000000946000000000
00000000000000109460000000000102
00000000000000000000000000000000
00000000000000100002000002D88001
00000000000000000000000000000000
60C02002200000000000000000000000
00000000000000100002000002D88001
00000000000000000000000000000000
00000000000000100001000002D90015
00000000000000000000000000000000
00C01000200000000000000000000000
00000000000000100001000002D90015
00000000000000000000000000000000
80000002200000000000000000000000
00000000000000001000000000100004
00000000000000000800030000000000
00000000000000001000000000004001
00000000000000000000000000000000
00400000000000030000000000000000
00400000000100020000000000000000
20004007720000000000000000000000
5BC8FBBCBDE5C0994164D8399F767C45
000000000000000000000000000032E4
00000000000000000080000000040001
00007FFFFFC000000000000000040000
00000000000000000080000000900021
00000000000080000000000000000000
00000000000000000040000000910000
00000000000000000010070000000000
00000000000000000080000000A00001
00000000004000000000000000020000
00000000000000000001000000B00001
00000000000080000000000000000200
4040003260000020358637BD00000000
00000000000000001000000000A00001
00000000000000000000000000020000
00000000000000001000000002000000
00000000000000000000000000400000
00000000000000001000000000C00005
00000000000000000400080000000000
00800000000000000000000000000000
50000402E00001180000000000000000
00000000800000800080000000C00001
00000000000000000000000000000000
00000000000008000000000900000008
00000000000004000000000020000000
00000000000020000000000A00000008
00000000000026000000000000000000
00000000000000000000000000D00001
0000000000001E000000000000000000
00800000000000000000000000000000
90800002200000060000000000000000
00000000000000000100000000E00001
00000000000000000000000000000000
00000000000000000006000000F00015
00000000000000000000000000000000
00400000000000060000000000000000
1000800A600000030000000000000000
00000000000000001000000000000002
00000000000000000000000000000000
00000000000008001000004000000050
00000000000000200000000000000000
00000000000000000080000001000001
00000000000000000000000000008000
00000000100000000006000000F00015
00000000000000000000000000000000
00800000000000000000000000000000
8000800A200000000000000000000000
00000000000000100000008000000048
0000000000007E000090000000000000
00000000000000000000000001200001
0000000000007E000000000000000000
00000000100000000006000000F00015
00000000000000000000000000000000
60400002200000000000000000000000
00000000000000000000000001301002
00000000000020000000D00000000000
00000000000000000001007000000000
00000000000000000400100000000000
60400002220000000000000000000000
00000000000000000000000001301102
00000000000022000000D10000000000
00000000000000000001007000000000
00000000000000000400110000000000
60400002240000000000000000000000
00000000000000000000000001301202
00000000000024000000D20000000000
00000000000000000001007000000000
00000000000000000400120000000000
60400002260000000000000000000000
00000000000000000000000001301302
00000000000026000000D30000000000
00000000000000000001007000000000
00000000000000000400130000000000
60400002280000000000000000000000
00000000000000000000000001301402
00000000000028000000D40000000000
00000000000000000001007000000000
00000000000000000400140000000000
604000022A0000000000000000000000
00000000000000000000000001301502
0000000000002A000000D50000000000
00000000000000000001007000000000
00000000000000000400150000000000
604000022C0000000000000000000000
00000000000000000000000001301602
0000000000002C000000D60000000000
00000000000000000001007000000000
00000000000000000400160000000000
604000022E0000000000000000000000
00000000000000000000000001301702
0000000000002E000000D70000000000
00000000000000000001007000000000
00000000000000000400170000000000
60400002200000000000000000000000
00000000000000000000000001301802
00000000000030000000D80000000000
00000000000000000001007000000000
00000000000000000400180000000000
60400002220000000000000000000000
00000000000000000000000001301902
00000000000032000000D90000000000
00000000000000000001007000000000
00000000000000000400190000000000
60400002240000000000000000000000
00000000000000000000000001301A02
00000000000034000000DA0000000000
00000000000000000001007000000000
000000000000000004001A0000000000
60400002260000000000000000000000
00000000000000000000000001301B02
00000000000036000000DB0000000000
00000000000000000001007000000000
000000000000000004001B0000000000
60400002280000000000000000000000
00000000000000000000000001301C02
00000000000038000000DC0000000000
00000000000000000001007000000000
000000000000000004001C0000000000
604000022A0000000000000000000000
00000000000000000000000001301D02
0000000000003A000000DD0000000000
00000000000000000001007000000000
000000000000000004001D0000000000
604000022C0000000000000000000000
00000000000000000000000001301E02
0000000000003C000000DE0000000000
00000000000000000001007000000000
000000000000000004001E0000000000
604000022E0000000000000000000000
00000000000000000000000001301F02
0000000000003E000000DF0000000000
00000000000000000001007000000000
000000000000000004001F0000000000
60400002200000000000000000000000
00000000000000000000000001302002
00000000000040000000E00000000000
00000000000000000001007000000000
00000000000000000400200000000000
60400002220000000000000000000000
00000000000000000000000001302102
00000000000042000000E10000000000
00000000000000000001007000000000
00000000000000000400210000000000
60400002240000000000000000000000
00000000000000000000000001302202
00000000000044000000E20000000000
00000000000000000001007000000000
00000000000000000400220000000000
60400002260000000000000000000000
00000000000000000000000001302302
00000000000046000000E30000000000
00000000000000000001007000000000
00000000000000000400230000000000
60400002280000000000000000000000
00000000000000000000000001302402
00000000000048000000E40000000000
00000000000000000001007000000000
00000000000000000400240000000000
604000022A0000000000000000000000
00000000000000000000000001302502
0000000000004A000000E50000000000
00000000000000000001007000000000
00000000000000000400250000000000
604000022C0000000000000000000000
00000000000000000000000001302602
0000000000004C000000E60000000000
00000000000000000001007000000000
00000000000000000400260000000000
604000022E0000000000000000000000
00000000000000000000000001302702
0000000000004E000000E70000000000
00000000000000000001007000000000
00000000000000000400270000000000
60400002200000000000000000000000
00000000000000000000000001302802
00000000000050000000E80000000000
00000000000000000001007000000000
00000000000000000400280000000000
30000012E00000007F7FFFFF00000000
00000000000000000000000000000101
00000000000000000000000000000000
00000000000000000000000000000201
00000000000000000000000000000000
00000000000000000000000000000321
00000000000000000000000000000000
00000000000000000000000000000401
00000000000000000000000000000000
A0000022200000000000000000000000
00000000000000000000000000000501
00000000000000000000000000000000
00000000000000000000000000000601
00000000000000000000000000000000
703FFF82200000000000946000000000
00000000000000009460000000000002
00000000000000000000000000000000
00000000000000000002000000800001
00000000000000000000000000000000
01000000000000000000000000000000
00C02000200000000000000000000000
00000000000000000001000000800115
00000000000000000000000000000000
80000002200000000000000000000000
00000000000000001000000000100004
00000000000000000800030000000000
00000000000000001000000000004001
00000000000000000000000000000000
00400000000000030000000000000000
00400000000100020000000000000000
20004007720000000000000000000000
5BC8FBBCBDE5C0994164D8399F767C45
000000000000000000000000000032E4
00000000000000000080000000040001
00007FFFFFC000000000000000040000
00000000000000000080000000900021
00000000000080000000000000000000
00000000000000000040000000910000
00000000000000000010070000000000
00000000000000000080000000A00001
00000000004000000000000000020000
00000000000000000001000000B00001
00000000000080000000000000000200
4040003260000020358637BD00000000
00000000000000001000000000A00001
00000000000000000000000000020000
00000000000000001000000002000000
00000000000000000000000000400000
00000000000000001000000000C00005
00000000000000000400080000000000
00800000000000000000000000000000
50000402E00001180000000000000000
00000000800000800080000000C00001
00000000000000000000000000000000
00000000000008000000000900000008
00000000000004000000000020000000
00000000000020000000000A00000008
00000000000026000000000000000000
00000000000000000000000000D00001
0000000000001E000000000000000000
00800000000000000000000000000000
90800002200000060000000000000000
00000000000000000100000000E00001
00000000000000000000000000000000
00000000000000000006000000F00015
00000000000000000000000000000000
00400000000000060000000000000000
1000000A600000030000000000000000
00000000000000001000000000000002
00000000000000000000000000000000
00000000000008001000004000000050
00000000000000200000000000000000
00000000000000000080000001000001
00000000000000000000000000008000
00000000100000000006000000F00015
00000000000000000000000000000000
00800000000000000000000000000000
8000000A200000000000000000000000
00000000000000100000008000000048
0000000000007E000090000000000000
00000000000000000000000001200001
0000000000007E000000000000000000
00000000100000000006000000F00015
00000000000000000000000000000000
60400002200000000000000000000000
00000000000000000000000001301002
00000000000020000000D00000000000
00000000000000000001007000000000
00000000000000000400100000000000
60400002220000000000000000000000
00000000000000000000000001301102
00000000000022000000D10000000000
00000000000000000001007000000000
00000000000000000400110000000000
60400002240000000000000000000000
00000000000000000000000001301202
00000000000024000000D20000000000
00000000000000000001007000000000
00000000000000000400120000000000
60400002260000000000000000000000
00000000000000000000000001301302
00000000000026000000D30000000000
00000000000000000001007000000000
00000000000000000400130000000000
60400002280000000000000000000000
00000000000000000000000001301402
00000000000028000000D40000000000
00000000000000000001007000000000
00000000000000000400140000000000
604000022A0000000000000000000000
00000000000000000000000001301502
0000000000002A000000D50000000000
00000000000000000001007000000000
00000000000000000400150000000000
604000022C0000000000000000000000
00000000000000000000000001301602
0000000000002C000000D60000000000
00000000000000000001007000000000
00000000000000000400160000000000
604000022E0000000000000000000000
00000000000000000000000001301702
0000000000002E000000D70000000000
00000000000000000001007000000000
00000000000000000400170000000000
60400002200000000000000000000000
00000000000000000000000001301802
00000000000030000000D80000000000
00000000000000000001007000000000
00000000000000000400180000000000
60400002220000000000000000000000
00000000000000000000000001301902
00000000000032000000D90000000000
00000000000000000001007000000000
00000000000000000400190000000000
60400002240000000000000000000000
00000000000000000000000001301A02
00000000000034000000DA0000000000
00000000000000000001007000000000
000000000000000004001A0000000000
60400002260000000000000000000000
00000000000000000000000001301B02
00000000000036000000DB0000000000
00000000000000000001007000000000
000000000000000004001B0000000000
60400002280000000000000000000000
00000000000000000000000001301C02
00000000000038000000DC0000000000
00000000000000000001007000000000
000000000000000004001C0000000000
604000022A0000000000000000000000
00000000000000000000000001301D02
0000000000003A000000DD0000000000
00000000000000000001007000000000
000000000000000004001D0000000000
604000022C0000000000000000000000
00000000000000000000000001301E02
0000000000003C000000DE0000000000
00000000000000000001007000000000
000000000000000004001E0000000000
604000022E0000000000000000000000
00000000000000000000000001301F02
0000000000003E000000DF0000000000
00000000000000000001007000000000
000000000000000004001F0000000000
60400002200000000000000000000000
00000000000000000000000001302002
00000000000040000000E00000000000
00000000000000000001007000000000
00000000000000000400200000000000
60400002220000000000000000000000
00000000000000000000000001302102
00000000000042000000E10000000000
00000000000000000001007000000000
00000000000000000400210000000000
60400002240000000000000000000000
00000000000000000000000001302202
00000000000044000000E20000000000
00000000000000000001007000000000
00000000000000000400220000000000
60400002260000000000000000000000
00000000000000000000000001302302
00000000000046000000E30000000000
00000000000000000001007000000000
00000000000000000400230000000000
60400002280000000000000000000000
00000000000000000000000001302402
00000000000048000000E40000000000
00000000000000000001007000000000
00000000000000000400240000000000
604000022A0000000000000000000000
00000000000000000000000001302502
0000000000004A000000E50000000000
00000000000000000001007000000000
00000000000000000400250000000000
604000022C0000000000000000000000
00000000000000000000000001302602
0000000000004C000000E60000000000
00000000000000000001007000000000
00000000000000000400260000000000
604000022E0000000000000000000000
00000000000000000000000001302702
0000000000004E000000E70000000000
00000000000000000001007000000000
00000000000000000400270000000000
60400002200000000000000000000000
00000000000000000000000001302802
00000000000050000000E80000000000
00000000000000000001007000000000
00000000000000000400280000000000
30000012E00000007F7FFFFF00000000
00000000000000000000000000000101
00000000000000000000000000000000
00000000000000000000000000000201
00000000000000000000000000000000
00000000000000000000000000000321
00000000000000000000000000000000
00000000000000000000000000000401
00000000000000000000000000000000
A0000022200000000000000000000000
00000000000000000000000000000501
00000000000000000000000000000000
00000000000000000000000000000601
00000000000000000000000000000000
703FFF82200000000000946000000000
00000000000000009460000000000002
00000000000000000000000000000000
00000000000000000002000000800001
00000000000000000000000000000000
01000000000000000000000000000000
00C02000200000000000000000000000
00000000000000000001000000800115
00000000000000000000000000000000
20000002300000000000000000000000
00000000000000000000000000000000
00000000000000000000000000000000
00000000000000000004000000001001
00000000000000000000000000000000
00000000000000000004000000002001
00000000000000000000000000000000
B0000000000000050000000000000000
00FFFF80200000000000000000000000
00000000000000000001000000800115
00000000000000000000000000000000
20000002300000000000000000000000
00000000000000000000000000000000
00000000000000000000000000000000
00000000000000000004000000001001
00000000000000000000000000000000
00000000000000000004000000002001
00000000000000000000000000000000
D0000000000000000000000000000000
00FFFF80200000000000000000000000
00000000000000000001000000800115
00000000000000000000000000000000
20000002300000000000000000000000
00000000000000000000000000000000
00000000000000000000000000000000
00000000000000000004000000001001
00000000000000000000000000000000
00000000000000000004000000002001
00000000000000000000000000000000
10400000000000000000000000000000
00FFFF80200000000000000000000000
00000000000000000001000000800115
00000000000000000000000000000000
20000002300000000000000000000000
00000000000000000000000000000000
00000000000000000000000000000000
00000000000000000004000000001001
00000000000000000000000000000000
00000000000000000004000000002001
00000000000000000000000000000000
01800000000000000000000000000000
00FFFF80200000000000000000000000
00000000000000000001000000800115
00000000000000000000000000000000
20000002300000000000000000000000
00000000000000000000000000000000
00000000000000000000000000000000
00000000000000000004000000001001
00000000000000000000000000000000
00000000000000000004000000002001
00000000000000000000000000000000
90400000000000000000000000000000
00FFFF80200000000000000000000000
00000000000000000001000000800115
00000000000000000000000000000000
20000002300000000000000000000000
00000000000000000000000000000000
00000000000000000000000000000000
00000000000000000004000000001001
00000000000000000000000000000000
00000000000000000004000000002001
00000000000000000000000000000000
90C00000000000000000000000000000
00FFFF80200000000000000000000000
00000000000000000001000000800115
00000000000000000000000000000000
20000002300000000000000000000000
00000000000000000000000000000000
00000000000000000000000000000000
00000000000000000004000000001001
00000000000000000000000000000000
00000000000000000004000000002001
00000000000000000000000000000000
A0400000000000000000000000000000
00FFFF80200000000000000000000000
00000000000000000001000000800115
00000000000000000000000000000000
20000002300000000000000000000000
00000000000000000000000000000000
00000000000000000000000000000000
00000000000000000004000000001001
00000000000000000000000000000000
00000000000000000004000000002001
00000000000000000000000000000000
A0C00000000000000000000000000000
00FFFF80200000000000000000000000
00000000000000000001000000800115
00000000000000000000000000000000
20000002300000000000000000000000
00000000000000000000000000000000
00000000000000000000000000000000
00000000000000000004000000001001
00000000000000000000000000000000
00000000000000000004000000002001
00000000000000000000000000000000
017FFF80200000000000000000000000
00000000000000000011000000820015
00000000000000000000000000000000
00FFFF80200000000000000000000000
00000000000000000001000000800115
00000000000000000000000000000000
20000002300000000000000000000000
00000000000000000000000000000000
00000000000000000000000000000000
00000000000000000004000000001001
00000000000000000000000000000000
00000000000000000004000000002001
00000000000000000000000000000000
017FFF80200000000000000000000000
00000000000000000011000000822015
00000000000000000000000000000000
00FFFF80200000000000000000000000
00000000000000000001000000800115
00000000000000000000000000000000
20000002300000000000000000000000
00000000000000000000000000000000
00000000000000000000000000000000
00000000000000000004000000001001
00000000000000000000000000000000
00000000000000000004000000002001
00000000000000000000000000000000
017FFF80200000000000000000000000
0000000000000000001100000082C015
00000000000000000000000000000000
00FFFF80200000000000000000000000
00000000000000000001000000800115
00000000000000000000000000000000
20000002300000000000000000000000
00000000000000000000000000000000
00000000000000000000000000000000
00000000000000000004000000001001
00000000000000000000000000000000
00000000000000000004000000002001
00000000000000000000000000000000
017FFF80200000000000000000000000
00000000000000000011000000822015
00000000000000000000000000000000
017FFF80200000000000000000000000
00000000000000000011000000824015
00000000000000000000000000000000
00FFFF80200000000000000000000000
00000000000000000001000000800115
00000000000000000000000000000000
20000002300000000000000000000000
00000000000000000000000000000000
00000000000000000000000000000000
00000000000000000004000000001001
00000000000000000000000000000000
00000000000000000004000000002001
00000000000000000000000000000000
017FFF80200000000000000000000000
00000000000000000011000000826015
00000000000000000000000000000000
00FFFF80200000000000000000000000
00000000000000000001000000800115
00000000000000000000000000000000
20000002300000000000000000000000
00000000000000000000000000000000
00000000000000000000000000000000
00000000000000000004000000001001
00000000000000000000000000000000
00000000000000000004000000002001
00000000000000000000000000000000
017FFF80200000000000000000000000
00000000000000000011000000828015
00000000000000000000000000000000
00FFFF80200000000000000000000000
00000000000000000001000000800115
00000000000000000000000000000000
20000002300000000000000000000000
00000000000000000000000000000000
00000000000000000000000000000000
00000000000000000004000000001001
00000000000000000000000000000000
00000000000000000004000000002001
00000000000000000000000000000000
017FFF80200000000000000000000000
0000000000000000001100000082A015
00000000000000000000000000000000
00FFFF80200000000000000000000000
00000000000000000001000000800115
00000000000000000000000000000000
20000002300000000000000000000000
00000000000000000000000000000000
00000000000000000000000000000000
00000000000000000004000000001001
00000000000000000000000000000000
00000000000000000004000000002001
00000000000000000000000000000000
01400000000000000000000000000000
00FFFF80200000000000000000000000
00000000000000000001000000800115
00000000000000000000000000000000
20000002300000000000000000000000
00000000000000000000000000000000
00000000000000000000000000000000
00000000000000000004000000001001
00000000000000000000000000000000
00000000000000000004000000002001
00000000000000000000000000000000
80000002200000000000000000000000
00000000000000000004000000000000
00000000000000000000490000000000
00000000000000000004000000000001
00000000000000000000000000000000
00FFFF80200000000000000000000000
00000000000000000001000000800115
00000000000000000000000000000000
20000002300000000000000000000000
00000000000000000000000000000000
00000000000000000000000000000000
00000000000000000004000000001001
00000000000000000000000000000000
00000000000000000004000000002001
00000000000000000000000000000000
80000002200000000000000000000000
00000000000000000000000000000000
00000000000052000000000000000000
00000000000000000004000000000001
00000000000000000000000000000000
00FFFF80200000000000000000000000
00000000000000000001000000800115
00000000000000000000000000000000
20000002300000000000000000000000
00000000000000000000000000000000
00000000000000000000000000000000
00000000000000000004000000001001
00000000000000000000000000000000
00000000000000000004000000002001
00000000000000000000000000000000
80000002200000000000000000000000
00000000000000000004000000000040
00000000000000000008000000000000
00000000000000000004000000000001
00000000000000000000000000000000
00FFFF80200000000000000000000000
00000000000000000001000000800115
00000000000000000000000000000000
20000002300000000000000000000000
00000000000000000000000000000000
00000000000000000000000000000000
00000000000000000004000000001001
00000000000000000000000000000000
00000000000000000004000000002001
00000000000000000000000000000000
8000000A200000000000000000000000
00000000000000000004FFFFFF000040
00000000000001FFFFFFC00000000000
00000000000000000004000000000001
00000000000000000000000000000000
00000000000000000001000000F00015
00000000000000000000000000000000
00FFFF80200000000000000000000000
00000000000000000001000000800115
00000000000000000000000000000000
20000002300000000000000000000000
00000000000000000000000000000000
00000000000000000000000000000000
00000000000000000004000000001001
00000000000000000000000000000000
00000000000000000004000000002001
00000000000000000000000000000000
00400000000000040000000000000000
8000000A200000000000000000000000
00000000000000000004000000000040
00000000000000000008000000000000
00000000000000000004000000000001
00000000000000000000000000000000
00000000000000000001000003FFFE15
00000000000000000000000000000000
00800000000000000000000000000000
00FFFF80200000000000000000000000
00000000000000000001000000800115
00000000000000000000000000000000
20000002300000000000000000000000
00000000000000000000000000000000
00000000000000000000000000000000
00000000000000000004000000001001
00000000000000000000000000000000
00000000000000000004000000002001
00000000000000000000000000000000
8000000A200000000000000000000000
00000000000000000000000000000000
0000000000007E000000000000000000
00000000000000000004000000000001
00000000000000000000000000000000
00000000010000000001000000F0FF15
00000000000000000000000000000000
00FFFF80200000000000000000000000
00000000000000000001000000800115
00000000000000000000000000000000
20000002300000000000000000000000
00000000000000000000000000000000
00000000000000000000000000000000
00000000000000000004000000001001
00000000000000000000000000000000
00000000000000000004000000002001
00000000000000000000000000000000
20000000300000000000000000000000
00000000000000000000000000000000
00000000000000000000000000000000
00000000000000000004000003FFFC01
00000000000000000000410000000000
00FFFF80200000000000000000000000
00000000000000000001000000800115
00000000000000000000000000000000
20000002300000000000000000000000
00000000000000000000000000000000
00000000000000000000000000000000
00000000000000000004000000001001
00000000000000000000000000000000
00000000000000000004000000002001
00000000000000000000000000000000
00400000000000000000000000000000
00FFFF80200000000000000000000000
00000000000000000001000000800115
00000000000000000000000000000000
20000002300000000000000000000000
00000000000000000000000000000000
00000000000000000000000000000000
00000000000000000004000000001001
00000000000000000000000000000000
00000000000000000004000000002001
00000000000000000000000000000000
00400000000000020000000000000000
00400000000100020000000000000000
00400000000000020000000000000000
00FFFF80200000000000000000000000
00000000000000000001000000800115
00000000000000000000000000000000
20000002300000000000000000000000
00000000000000000000000000000000
00000000000000000000000000000000
00000000000000000004000000001001
00000000000000000000000000000000
00000000000000000004000000002001
00000000000000000000000000000000
00400000000000020000000000000000
00400000000000020000000000000000
00FFFF80200000000000000000000000
00000000000000000001000000800115
00000000000000000000000000000000
20000002300000000000000000000000
00000000000000000000000000000000
00000000000000000000000000000000
00000000000000000004000000001001
00000000000000000000000000000000
00000000000000000004000000002001
00000000000000000000000000000000
00800000000000000000000000000000
00FFFF80200000000000000000000000
00000000000000000001000000800115
00000000000000000000000000000000
20000002300000000000000000000000
00000000000000000000000000000000
00000000000000000000000000000000
00000000000000000004000000001001
00000000000000000000000000000000
00000000000000000004000000002001
00000000000000000000000000000000
00FFFF80000000000000000000000000
20000002300000000000000000000000
00000000000000000000000000000000
00000000000000000000000000000000
00000000000000000004000000001001
00000000000000000000000000000000
00000000000000000004000000002001
00000000000000000000000000000000
00FFFF80200000000000000000000000
00000000000000000001000000800215
00000000000000000000000000000000
20000002300000000000000000000000
00000000000000000000000000000000
00000000000000000000000000000000
00000000000000000004000000001001
00000000000000000000000000000000
00000000000000000004000000002001
00000000000000000000000000000000
00FFFF80200000000000000000000000
00000000000000000001000000800315
00000000000000000000000000000000
20000002300000000000000000000000
00000000000000000000000000000000
00000000000000000000000000000000
00000000000000000004000000001001
00000000000000000000000000000000
00000000000000000004000000002001
00000000000000000000000000000000
00400000000000020000000000000000
2000000FF00000000000000000000000
00000000000000000000000000000000
00000000000000000000000000000000
00000000000000000001000000000001
00000000000000000000000000000000
00000000000000000001000000000001
00000000000000000000000000000000
00000000000000000001000000000001
00000000000000000000000000000000
00000000000000000001000000000001
00000000000000000000000000000000
00000000000000000001000000000001
00000000000000000000000000000000
00000000000000000001000000000001
00000000000000000000000000000000
00000000000000000001000000000001
00000000000000000000000000000000
2000000FF00000000000000000000000
00000000000000000000000000000001
00000000000000000000000000000000
00000000000000000001000000000101
00000000000000000000000000000000
00000000000000000001000000000101
00000000000000000000000000000000
00000000000000000001000000000101
00000000000000000000000000000000
00000000000000000001000000000101
00000000000000000000000000000000
00000000000000000001000000000101
00000000000000000000000000000000
00000000000000000001000000000101
00000000000000000000000000000000
00000000000000000001000000000101
00000000000000000000000000000000
2000000FF00000000000000000000000
00000000000000000000000000000002
00000000000000000000000000000000
00000000000000000001000000000201
00000000000000000000000000000000
00000000000000000001000000000201
00000000000000000000000000000000
00000000000000000001000000000201
00000000000000000000000000000000
00000000000000000001000000000201
00000000000000000000000000000000
00000000000000000001000000000201
00000000000000000000000000000000
00000000000000000001000000000201
00000000000000000000000000000000
00000000000000000001000000000201
00000000000000000000000000000000
2000000FF00000000000000000000000
00000000000000000000000000000003
00000000000000000000000000000000
00000000000000000001000000000301
00000000000000000000000000000000
00000000000000000001000000000301
00000000000000000000000000000000
00000000000000000001000000000301
00000000000000000000000000000000
00000000000000000001000000000301
00000000000000000000000000000000
00000000000000000001000000000301
00000000000000000000000000000000
00000000000000000001000000000301
00000000000000000000000000000000
00000000000000000001000000000301
00000000000000000000000000000000
2000000FF00000000000000000000000
00000000000000000000000000000004
00000000000000000000000000000000
00000000000000000001000000000401
00000000000000000000000000000000
00000000000000000001000000000401
00000000000000000000000000000000
00000000000000000001000000000401
00000000000000000000000000000000
00000000000000000001000000000401
00000000000000000000000000000000
00000000000000000001000000000401
00000000000000000000000000000000
00000000000000000001000000000401
00000000000000000000000000000000
00000000000000000001000000000401
00000000000000000000000000000000
2000000FF00000000000000000000000
00000000000000000000000000000005
00000000000000000000000000000000
00000000000000000001000000000501
00000000000000000000000000000000
00000000000000000001000000000501
00000000000000000000000000000000
00000000000000000001000000000501
00000000000000000000000000000000
00000000000000000001000000000501
00000000000000000000000000000000
00000000000000000001000000000501
00000000000000000000000000000000
00000000000000000001000000000501
00000000000000000000000000000000
00000000000000000001000000000501
00000000000000000000000000000000
2000000FF00000000000000000000000
00000000000000000000000000000006
00000000000000000000000000000000
00000000000000000001000000000601
00000000000000000000000000000000
00000000000000000001000000000601
00000000000000000000000000000000
00000000000000000001000000000601
00000000000000000000000000000000
00000000000000000001000000000601
00000000000000000000000000000000
00000000000000000001000000000601
00000000000000000000000000000000
00000000000000000001000000000601
00000000000000000000000000000000
00000000000000000001000000000601
00000000000000000000000000000000
2000000FF00000000000000000000000
00000000000000000000000000000007
00000000000000000000000000000000
00000000000000000001000000000701
00000000000000000000000000000000
00000000000000000001000000000701
00000000000000000000000000000000
00000000000000000001000000000701
00000000000000000000000000000000
00000000000000000001000000000701
00000000000000000000000000000000
00000000000000000001000000000701
00000000000000000000000000000000
00000000000000000001000000000701
00000000000000000000000000000000
00000000000000000001000000000701
00000000000000000000000000000000
2000000FF00000000000000000000000
00000000000000000000000000000008
00000000000000000000000000000000
00000000000000000001000000000801
00000000000000000000000000000000
00000000000000000001000000000801
00000000000000000000000000000000
00000000000000000001000000000801
00000000000000000000000000000000
00000000000000000001000000000801
00000000000000000000000000000000
00000000000000000001000000000801
00000000000000000000000000000000
00000000000000000001000000000801
00000000000000000000000000000000
00000000000000000001000000000801
00000000000000000000000000000000
2000000FF00000000000000000000000
00000000000000000000000000000009
00000000000000000000000000000000
00000000000000000001000000000901
00000000000000000000000000000000
00000000000000000001000000000901
00000000000000000000000000000000
00000000000000000001000000000901
00000000000000000000000000000000
00000000000000000001000000000901
00000000000000000000000000000000
00000000000000000001000000000901
00000000000000000000000000000000
00000000000000000001000000000901
00000000000000000000000000000000
00000000000000000001000000000901
00000000000000000000000000000000
2000000FF00000000000000000000000
0000000000000000000000000000000A
00000000000000000000000000000000
00000000000000000001000000000A01
00000000000000000000000000000000
00000000000000000001000000000A01
00000000000000000000000000000000
00000000000000000001000000000A01
00000000000000000000000000000000
00000000000000000001000000000A01
00000000000000000000000000000000
00000000000000000001000000000A01
00000000000000000000000000000000
00000000000000000001000000000A01
00000000000000000000000000000000
00000000000000000001000000000A01
00000000000000000000000000000000
2000000FF00000000000000000000000
0000000000000000000000000000000B
00000000000000000000000000000000
00000000000000000001000000000B01
00000000000000000000000000000000
00000000000000000001000000000B01
00000000000000000000000000000000
00000000000000000001000000000B01
00000000000000000000000000000000
00000000000000000001000000000B01
00000000000000000000000000000000
00000000000000000001000000000B01
00000000000000000000000000000000
00000000000000000001000000000B01
00000000000000000000000000000000
00000000000000000001000000000B01
00000000000000000000000000000000
2000000FF00000000000000000000000
0000000000000000000000000000000C
00000000000000000000000000000000
00000000000000000001000000000C01
00000000000000000000000000000000
00000000000000000001000000000C01
00000000000000000000000000000000
00000000000000000001000000000C01
00000000000000000000000000000000
00000000000000000001000000000C01
00000000000000000000000000000000
00000000000000000001000000000C01
00000000000000000000000000000000
00000000000000000001000000000C01
00000000000000000000000000000000
00000000000000000001000000000C01
00000000000000000000000000000000
2000000FF00000000000000000000000
0000000000000000000000000000000D
00000000000000000000000000000000
00000000000000000001000000000D01
00000000000000000000000000000000
00000000000000000001000000000D01
00000000000000000000000000000000
00000000000000000001000000000D01
00000000000000000000000000000000
00000000000000000001000000000D01
00000000000000000000000000000000
00000000000000000001000000000D01
00000000000000000000000000000000
00000000000000000001000000000D01
00000000000000000000000000000000
00000000000000000001000000000D01
00000000000000000000000000000000
2000000FF00000000000000000000000
0000000000000000000000000000000E
00000000000000000000000000000000
00000000000000000001000000000E01
00000000000000000000000000000000
00000000000000000001000000000E01
00000000000000000000000000000000
00000000000000000001000000000E01
00000000000000000000000000000000
00000000000000000001000000000E01
00000000000000000000000000000000
00000000000000000001000000000E01
00000000000000000000000000000000
00000000000000000001000000000E01
00000000000000000000000000000000
00000000000000000001000000000E01
00000000000000000000000000000000
2000000FF00000000000000000000000
0000000000000000000000000000000F
00000000000000000000000000000000
00000000000000000001000000000F01
00000000000000000000000000000000
00000000000000000001000000000F01
00000000000000000000000000000000
00000000000000000001000000000F01
00000000000000000000000000000000
00000000000000000001000000000F01
00000000000000000000000000000000
00000000000000000001000000000F01
00000000000000000000000000000000
00000000000000000001000000000F01
00000000000000000000000000000000
00000000000000000001000000000F01
00000000000000000000000000000000
2000000FF00000000000000000000000
00000000000000000000000000000010
00000000000000000000000000000000
00000000000000000001000000001001
00000000000000000000000000000000
00000000000000000001000000001001
00000000000000000000000000000000
00000000000000000001000000001001
00000000000000000000000000000000
00000000000000000001000000001001
00000000000000000000000000000000
00000000000000000001000000001001
00000000000000000000000000000000
00000000000000000001000000001001
00000000000000000000000000000000
00000000000000000001000000001001
00000000000000000000000000000000
2000000FF00000000000000000000000
00000000000000000000000000000011
00000000000000000000000000000000
00000000000000000001000000001101
00000000000000000000000000000000
00000000000000000001000000001101
00000000000000000000000000000000
00000000000000000001000000001101
00000000000000000000000000000000
00000000000000000001000000001101
00000000000000000000000000000000
00000000000000000001000000001101
00000000000000000000000000000000
00000000000000000001000000001101
00000000000000000000000000000000
00000000000000000001000000001101
00000000000000000000000000000000
2000000FF00000000000000000000000
00000000000000000000000000000012
00000000000000000000000000000000
00000000000000000001000000001201
00000000000000000000000000000000
00000000000000000001000000001201
00000000000000000000000000000000
00000000000000000001000000001201
00000000000000000000000000000000
00000000000000000001000000001201
00000000000000000000000000000000
00000000000000000001000000001201
00000000000000000000000000000000
00000000000000000001000000001201
00000000000000000000000000000000
00000000000000000001000000001201
00000000000000000000000000000000
2000000FF00000000000000000000000
00000000000000000000000000000013
00000000000000000000000000000000
00000000000000000001000000001301
00000000000000000000000000000000
00000000000000000001000000001301
00000000000000000000000000000000
00000000000000000001000000001301
00000000000000000000000000000000
00000000000000000001000000001301
00000000000000000000000000000000
00000000000000000001000000001301
00000000000000000000000000000000
00000000000000000001000000001301
00000000000000000000000000000000
00000000000000000001000000001301
00000000000000000000000000000000
2000000FF00000000000000000000000
00000000000000000000000000000014
00000000000000000000000000000000
00000000000000000001000000001401
00000000000000000000000000000000
00000000000000000001000000001401
00000000000000000000000000000000
00000000000000000001000000001401
00000000000000000000000000000000
00000000000000000001000000001401
00000000000000000000000000000000
00000000000000000001000000001401
00000000000000000000000000000000
00000000000000000001000000001401
00000000000000000000000000000000
00000000000000000001000000001401
00000000000000000000000000000000
2000000FF00000000000000000000000
00000000000000000000000000000015
00000000000000000000000000000000
00000000000000000001000000001501
00000000000000000000000000000000
00000000000000000001000000001501
00000000000000000000000000000000
00000000000000000001000000001501
00000000000000000000000000000000
00000000000000000001000000001501
00000000000000000000000000000000
00000000000000000001000000001501
00000000000000000000000000000000
00000000000000000001000000001501
00000000000000000000000000000000
00000000000000000001000000001501
00000000000000000000000000000000
2000000FF00000000000000000000000
00000000000000000000000000000016
00000000000000000000000000000000
00000000000000000001000000001601
00000000000000000000000000000000
00000000000000000001000000001601
00000000000000000000000000000000
00000000000000000001000000001601
00000000000000000000000000000000
00000000000000000001000000001601
00000000000000000000000000000000
00000000000000000001000000001601
00000000000000000000000000000000
00000000000000000001000000001601
00000000000000000000000000000000
00000000000000000001000000001601
00000000000000000000000000000000
2000000FF00000000000000000000000
00000000000000000000000000000017
00000000000000000000000000000000
00000000000000000001000000001701
00000000000000000000000000000000
00000000000000000001000000001701
00000000000000000000000000000000
00000000000000000001000000001701
00000000000000000000000000000000
00000000000000000001000000001701
00000000000000000000000000000000
00000000000000000001000000001701
00000000000000000000000000000000
00000000000000000001000000001701
00000000000000000000000000000000
00000000000000000001000000001701
00000000000000000000000000000000
2000000FF00000000000000000000000
00000000000000000000000000000018
00000000000000000000000000000000
00000000000000000001000000001801
00000000000000000000000000000000
00000000000000000001000000001801
00000000000000000000000000000000
00000000000000000001000000001801
00000000000000000000000000000000
00000000000000000001000000001801
00000000000000000000000000000000
00000000000000000001000000001801
00000000000000000000000000000000
00000000000000000001000000001801
00000000000000000000000000000000
00000000000000000001000000001801
00000000000000000000000000000000
2000000FF00000000000000000000000
00000000000000000000000000000019
00000000000000000000000000000000
00000000000000000001000000001901
00000000000000000000000000000000
00000000000000000001000000001901
00000000000000000000000000000000
00000000000000000001000000001901
00000000000000000000000000000000
00000000000000000001000000001901
00000000000000000000000000000000
00000000000000000001000000001901
00000000000000000000000000000000
00000000000000000001000000001901
00000000000000000000000000000000
00000000000000000001000000001901
00000000000000000000000000000000
2000000FF00000000000000000000000
0000000000000000000000000000001A
00000000000000000000000000000000
00000000000000000001000000001A01
00000000000000000000000000000000
00000000000000000001000000001A01
00000000000000000000000000000000
00000000000000000001000000001A01
00000000000000000000000000000000
00000000000000000001000000001A01
00000000000000000000000000000000
00000000000000000001000000001A01
00000000000000000000000000000000
00000000000000000001000000001A01
00000000000000000000000000000000
00000000000000000001000000001A01
00000000000000000000000000000000
2000000FF00000000000000000000000
0000000000000000000000000000001B
00000000000000000000000000000000
00000000000000000001000000001B01
00000000000000000000000000000000
00000000000000000001000000001B01
00000000000000000000000000000000
00000000000000000001000000001B01
00000000000000000000000000000000
00000000000000000001000000001B01
00000000000000000000000000000000
00000000000000000001000000001B01
00000000000000000000000000000000
00000000000000000001000000001B01
00000000000000000000000000000000
00000000000000000001000000001B01
00000000000000000000000000000000
2000000FF00000000000000000000000
0000000000000000000000000000001C
00000000000000000000000000000000
00000000000000000001000000001C01
00000000000000000000000000000000
00000000000000000001000000001C01
00000000000000000000000000000000
00000000000000000001000000001C01
00000000000000000000000000000000
00000000000000000001000000001C01
00000000000000000000000000000000
00000000000000000001000000001C01
00000000000000000000000000000000
00000000000000000001000000001C01
00000000000000000000000000000000
00000000000000000001000000001C01
00000000000000000000000000000000
2000000FF00000000000000000000000
0000000000000000000000000000001D
00000000000000000000000000000000
00000000000000000001000000001D01
00000000000000000000000000000000
00000000000000000001000000001D01
00000000000000000000000000000000
00000000000000000001000000001D01
00000000000000000000000000000000
00000000000000000001000000001D01
00000000000000000000000000000000
00000000000000000001000000001D01
00000000000000000000000000000000
00000000000000000001000000001D01
00000000000000000000000000000000
00000000000000000001000000001D01
00000000000000000000000000000000
2000000FF00000000000000000000000
0000000000000000000000000000001E
00000000000000000000000000000000
00000000000000000001000000001E01
00000000000000000000000000000000
00000000000000000001000000001E01
00000000000000000000000000000000
00000000000000000001000000001E01
00000000000000000000000000000000
00000000000000000001000000001E01
00000000000000000000000000000000
00000000000000000001000000001E01
00000000000000000000000000000000
00000000000000000001000000001E01
00000000000000000000000000000000
00000000000000000001000000001E01
00000000000000000000000000000000
2000000FF00000000000000000000000
0000000000000000000000000000001F
00000000000000000000000000000000
00000000000000000001000000001F01
00000000000000000000000000000000
00000000000000000001000000001F01
00000000000000000000000000000000
00000000000000000001000000001F01
00000000000000000000000000000000
00000000000000000001000000001F01
00000000000000000000000000000000
00000000000000000001000000001F01
00000000000000000000000000000000
00000000000000000001000000001F01
00000000000000000000000000000000
00000000000000000001000000001F01
00000000000000000000000000000000
2000000FF00000000000000000000000
00000000000000000000000000000020
00000000000000000000000000000000
00000000000000000001000000002001
00000000000000000000000000000000
00000000000000000001000000002001
00000000000000000000000000000000
00000000000000000001000000002001
00000000000000000000000000000000
00000000000000000001000000002001
00000000000000000000000000000000
00000000000000000001000000002001
00000000000000000000000000000000
00000000000000000001000000002001
00000000000000000000000000000000
00000000000000000001000000002001
00000000000000000000000000000000
2000000FF00000000000000000000000
00000000000000000000000000000021
00000000000000000000000000000000
00000000000000000001000000002101
00000000000000000000000000000000
00000000000000000001000000002101
00000000000000000000000000000000
00000000000000000001000000002101
00000000000000000000000000000000
00000000000000000001000000002101
00000000000000000000000000000000
00000000000000000001000000002101
00000000000000000000000000000000
00000000000000000001000000002101
00000000000000000000000000000000
00000000000000000001000000002101
00000000000000000000000000000000
2000000FF00000000000000000000000
00000000000000000000000000000022
00000000000000000000000000000000
00000000000000000001000000002201
00000000000000000000000000000000
00000000000000000001000000002201
00000000000000000000000000000000
00000000000000000001000000002201
00000000000000000000000000000000
00000000000000000001000000002201
00000000000000000000000000000000
00000000000000000001000000002201
00000000000000000000000000000000
00000000000000000001000000002201
00000000000000000000000000000000
00000000000000000001000000002201
00000000000000000000000000000000
2000000FF00000000000000000000000
00000000000000000000000000000023
00000000000000000000000000000000
00000000000000000001000000002301
00000000000000000000000000000000
00000000000000000001000000002301
00000000000000000000000000000000
00000000000000000001000000002301
00000000000000000000000000000000
00000000000000000001000000002301
00000000000000000000000000000000
00000000000000000001000000002301
00000000000000000000000000000000
00000000000000000001000000002301
00000000000000000000000000000000
00000000000000000001000000002301
00000000000000000000000000000000
2000000FF00000000000000000000000
00000000000000000000000000000024
00000000000000000000000000000000
00000000000000000001000000002401
00000000000000000000000000000000
00000000000000000001000000002401
00000000000000000000000000000000
00000000000000000001000000002401
00000000000000000000000000000000
00000000000000000001000000002401
00000000000000000000000000000000
00000000000000000001000000002401
00000000000000000000000000000000
00000000000000000001000000002401
00000000000000000000000000000000
00000000000000000001000000002401
00000000000000000000000000000000
2000000FF00000000000000000000000
00000000000000000000000000000025
00000000000000000000000000000000
00000000000000000001000000002501
00000000000000000000000000000000
00000000000000000001000000002501
00000000000000000000000000000000
00000000000000000001000000002501
00000000000000000000000000000000
00000000000000000001000000002501
00000000000000000000000000000000
00000000000000000001000000002501
00000000000000000000000000000000
00000000000000000001000000002501
00000000000000000000000000000000
00000000000000000001000000002501
00000000000000000000000000000000
2000000FF00000000000000000000000
00000000000000000000000000000026
00000000000000000000000000000000
00000000000000000001000000002601
00000000000000000000000000000000
00000000000000000001000000002601
00000000000000000000000000000000
00000000000000000001000000002601
00000000000000000000000000000000
00000000000000000001000000002601
00000000000000000000000000000000
00000000000000000001000000002601
00000000000000000000000000000000
00000000000000000001000000002601
00000000000000000000000000000000
00000000000000000001000000002601
00000000000000000000000000000000
2000000FF00000000000000000000000
00000000000000000000000000000027
00000000000000000000000000000000
00000000000000000001000000002701
00000000000000000000000000000000
00000000000000000001000000002701
00000000000000000000000000000000
00000000000000000001000000002701
00000000000000000000000000000000
00000000000000000001000000002701
00000000000000000000000000000000
00000000000000000001000000002701
00000000000000000000000000000000
00000000000000000001000000002701
00000000000000000000000000000000
00000000000000000001000000002701
00000000000000000000000000000000
2000000FF00000000000000000000000
00000000000000000000000000000028
00000000000000000000000000000000
00000000000000000001000000002801
00000000000000000000000000000000
00000000000000000001000000002801
00000000000000000000000000000000
00000000000000000001000000002801
00000000000000000000000000000000
00000000000000000001000000002801
00000000000000000000000000000000
00000000000000000001000000002801
00000000000000000000000000000000
00000000000000000001000000002801
00000000000000000000000000000000
00000000000000000001000000002801
00000000000000000000000000000000
2000000FF00000000000000000000000
00000000000000000000000000000029
00000000000000000000000000000000
00000000000000000001000000002901
00000000000000000000000000000000
00000000000000000001000000002901
00000000000000000000000000000000
00000000000000000001000000002901
00000000000000000000000000000000
00000000000000000001000000002901
00000000000000000000000000000000
00000000000000000001000000002901
00000000000000000000000000000000
00000000000000000001000000002901
00000000000000000000000000000000
00000000000000000001000000002901
00000000000000000000000000000000
2000000FF00000000000000000000000
0000000000000000000000000000002A
00000000000000000000000000000000
00000000000000000001000000002A01
00000000000000000000000000000000
00000000000000000001000000002A01
00000000000000000000000000000000
00000000000000000001000000002A01
00000000000000000000000000000000
00000000000000000001000000002A01
00000000000000000000000000000000
00000000000000000001000000002A01
00000000000000000000000000000000
00000000000000000001000000002A01
00000000000000000000000000000000
00000000000000000001000000002A01
00000000000000000000000000000000
2000000FF00000000000000000000000
0000000000000000000000000000002B
00000000000000000000000000000000
00000000000000000001000000002B01
00000000000000000000000000000000
00000000000000000001000000002B01
00000000000000000000000000000000
00000000000000000001000000002B01
00000000000000000000000000000000
00000000000000000001000000002B01
00000000000000000000000000000000
00000000000000000001000000002B01
00000000000000000000000000000000
00000000000000000001000000002B01
00000000000000000000000000000000
00000000000000000001000000002B01
00000000000000000000000000000000
2000000FF00000000000000000000000
0000000000000000000000000000002C
00000000000000000000000000000000
00000000000000000001000000002C01
00000000000000000000000000000000
00000000000000000001000000002C01
00000000000000000000000000000000
00000000000000000001000000002C01
00000000000000000000000000000000
00000000000000000001000000002C01
00000000000000000000000000000000
00000000000000000001000000002C01
00000000000000000000000000000000
00000000000000000001000000002C01
00000000000000000000000000000000
00000000000000000001000000002C01
00000000000000000000000000000000
2000000FF00000000000000000000000
0000000000000000000000000000002D
00000000000000000000000000000000
00000000000000000001000000002D01
00000000000000000000000000000000
00000000000000000001000000002D01
00000000000000000000000000000000
00000000000000000001000000002D01
00000000000000000000000000000000
00000000000000000001000000002D01
00000000000000000000000000000000
00000000000000000001000000002D01
00000000000000000000000000000000
00000000000000000001000000002D01
00000000000000000000000000000000
00000000000000000001000000002D01
00000000000000000000000000000000
2000000FF00000000000000000000000
0000000000000000000000000000002E
00000000000000000000000000000000
00000000000000000001000000002E01
00000000000000000000000000000000
00000000000000000001000000002E01
00000000000000000000000000000000
00000000000000000001000000002E01
00000000000000000000000000000000
00000000000000000001000000002E01
00000000000000000000000000000000
00000000000000000001000000002E01
00000000000000000000000000000000
00000000000000000001000000002E01
00000000000000000000000000000000
00000000000000000001000000002E01
00000000000000000000000000000000
2000000FF00000000000000000000000
0000000000000000000000000000002F
00000000000000000000000000000000
00000000000000000001000000002F01
00000000000000000000000000000000
00000000000000000001000000002F01
00000000000000000000000000000000
00000000000000000001000000002F01
00000000000000000000000000000000
00000000000000000001000000002F01
00000000000000000000000000000000
00000000000000000001000000002F01
00000000000000000000000000000000
00000000000000000001000000002F01
00000000000000000000000000000000
00000000000000000001000000002F01
00000000000000000000000000000000
2000000FF00000000000000000000000
00000000000000000000000000000030
00000000000000000000000000000000
00000000000000000001000000003001
00000000000000000000000000000000
00000000000000000001000000003001
00000000000000000000000000000000
00000000000000000001000000003001
00000000000000000000000000000000
00000000000000000001000000003001
00000000000000000000000000000000
00000000000000000001000000003001
00000000000000000000000000000000
00000000000000000001000000003001
00000000000000000000000000000000
00000000000000000001000000003001
00000000000000000000000000000000
2000000FF00000000000000000000000
00000000000000000000000000000031
00000000000000000000000000000000
00000000000000000001000000003101
00000000000000000000000000000000
00000000000000000001000000003101
00000000000000000000000000000000
00000000000000000001000000003101
00000000000000000000000000000000
00000000000000000001000000003101
00000000000000000000000000000000
00000000000000000001000000003101
00000000000000000000000000000000
00000000000000000001000000003101
00000000000000000000000000000000
00000000000000000001000000003101
00000000000000000000000000000000
2000000FF00000000000000000000000
00000000000000000000000000000032
00000000000000000000000000000000
00000000000000000001000000003201
00000000000000000000000000000000
00000000000000000001000000003201
00000000000000000000000000000000
00000000000000000001000000003201
00000000000000000000000000000000
00000000000000000001000000003201
00000000000000000000000000000000
00000000000000000001000000003201
00000000000000000000000000000000
00000000000000000001000000003201
00000000000000000000000000000000
00000000000000000001000000003201
00000000000000000000000000000000
2000000FF00000000000000000000000
00000000000000000000000000000033
00000000000000000000000000000000
00000000000000000001000000003301
00000000000000000000000000000000
00000000000000000001000000003301
00000000000000000000000000000000
00000000000000000001000000003301
00000000000000000000000000000000
00000000000000000001000000003301
00000000000000000000000000000000
00000000000000000001000000003301
00000000000000000000000000000000
00000000000000000001000000003301
00000000000000000000000000000000
00000000000000000001000000003301
00000000000000000000000000000000
2000000FF00000000000000000000000
00000000000000000000000000000034
00000000000000000000000000000000
00000000000000000001000000003401
00000000000000000000000000000000
00000000000000000001000000003401
00000000000000000000000000000000
00000000000000000001000000003401
00000000000000000000000000000000
00000000000000000001000000003401
00000000000000000000000000000000
00000000000000000001000000003401
00000000000000000000000000000000
00000000000000000001000000003401
00000000000000000000000000000000
00000000000000000001000000003401
00000000000000000000000000000000
2000000FF00000000000000000000000
00000000000000000000000000000035
00000000000000000000000000000000
00000000000000000001000000003501
00000000000000000000000000000000
00000000000000000001000000003501
00000000000000000000000000000000
00000000000000000001000000003501
00000000000000000000000000000000
00000000000000000001000000003501
00000000000000000000000000000000
00000000000000000001000000003501
00000000000000000000000000000000
00000000000000000001000000003501
00000000000000000000000000000000
00000000000000000001000000003501
00000000000000000000000000000000
2000000FF00000000000000000000000
00000000000000000000000000000036
00000000000000000000000000000000
00000000000000000001000000003601
00000000000000000000000000000000
00000000000000000001000000003601
00000000000000000000000000000000
00000000000000000001000000003601
00000000000000000000000000000000
00000000000000000001000000003601
00000000000000000000000000000000
00000000000000000001000000003601
00000000000000000000000000000000
00000000000000000001000000003601
00000000000000000000000000000000
00000000000000000001000000003601
00000000000000000000000000000000
2000000FF00000000000000000000000
00000000000000000000000000000037
00000000000000000000000000000000
00000000000000000001000000003701
00000000000000000000000000000000
00000000000000000001000000003701
00000000000000000000000000000000
00000000000000000001000000003701
00000000000000000000000000000000
00000000000000000001000000003701
00000000000000000000000000000000
00000000000000000001000000003701
00000000000000000000000000000000
00000000000000000001000000003701
00000000000000000000000000000000
00000000000000000001000000003701
00000000000000000000000000000000
2000000FF00000000000000000000000
00000000000000000000000000000038
00000000000000000000000000000000
00000000000000000001000000003801
00000000000000000000000000000000
00000000000000000001000000003801
00000000000000000000000000000000
00000000000000000001000000003801
00000000000000000000000000000000
00000000000000000001000000003801
00000000000000000000000000000000
00000000000000000001000000003801
00000000000000000000000000000000
00000000000000000001000000003801
00000000000000000000000000000000
00000000000000000001000000003801
00000000000000000000000000000000
2000000FF00000000000000000000000
00000000000000000000000000000039
00000000000000000000000000000000
00000000000000000001000000003901
00000000000000000000000000000000
00000000000000000001000000003901
00000000000000000000000000000000
00000000000000000001000000003901
00000000000000000000000000000000
00000000000000000001000000003901
00000000000000000000000000000000
00000000000000000001000000003901
00000000000000000000000000000000
00000000000000000001000000003901
00000000000000000000000000000000
00000000000000000001000000003901
00000000000000000000000000000000
2000000FF00000000000000000000000
0000000000000000000000000000003A
00000000000000000000000000000000
00000000000000000001000000003A01
00000000000000000000000000000000
00000000000000000001000000003A01
00000000000000000000000000000000
00000000000000000001000000003A01
00000000000000000000000000000000
00000000000000000001000000003A01
00000000000000000000000000000000
00000000000000000001000000003A01
00000000000000000000000000000000
00000000000000000001000000003A01
00000000000000000000000000000000
00000000000000000001000000003A01
00000000000000000000000000000000
2000000FF00000000000000000000000
0000000000000000000000000000003B
00000000000000000000000000000000
00000000000000000001000000003B01
00000000000000000000000000000000
00000000000000000001000000003B01
00000000000000000000000000000000
00000000000000000001000000003B01
00000000000000000000000000000000
00000000000000000001000000003B01
00000000000000000000000000000000
00000000000000000001000000003B01
00000000000000000000000000000000
00000000000000000001000000003B01
00000000000000000000000000000000
00000000000000000001000000003B01
00000000000000000000000000000000
2000000FF00000000000000000000000
0000000000000000000000000000003C
00000000000000000000000000000000
00000000000000000001000000003C01
00000000000000000000000000000000
00000000000000000001000000003C01
00000000000000000000000000000000
00000000000000000001000000003C01
00000000000000000000000000000000
00000000000000000001000000003C01
00000000000000000000000000000000
00000000000000000001000000003C01
00000000000000000000000000000000
00000000000000000001000000003C01
00000000000000000000000000000000
00000000000000000001000000003C01
00000000000000000000000000000000
2000000FF00000000000000000000000
0000000000000000000000000000003D
00000000000000000000000000000000
00000000000000000001000000003D01
00000000000000000000000000000000
00000000000000000001000000003D01
00000000000000000000000000000000
00000000000000000001000000003D01
00000000000000000000000000000000
00000000000000000001000000003D01
00000000000000000000000000000000
00000000000000000001000000003D01
00000000000000000000000000000000
00000000000000000001000000003D01
00000000000000000000000000000000
00000000000000000001000000003D01
00000000000000000000000000000000
2000000FF00000000000000000000000
0000000000000000000000000000003E
00000000000000000000000000000000
00000000000000000001000000003E01
00000000000000000000000000000000
00000000000000000001000000003E01
00000000000000000000000000000000
00000000000000000001000000003E01
00000000000000000000000000000000
00000000000000000001000000003E01
00000000000000000000000000000000
00000000000000000001000000003E01
00000000000000000000000000000000
00000000000000000001000000003E01
00000000000000000000000000000000
00000000000000000001000000003E01
00000000000000000000000000000000
2000000FF00000000000000000000000
0000000000000000000000000000003F
00000000000000000000000000000000
00000000000000000001000000003F01
00000000000000000000000000000000
00000000000000000001000000003F01
00000000000000000000000000000000
00000000000000000001000000003F01
00000000000000000000000000000000
00000000000000000001000000003F01
00000000000000000000000000000000
00000000000000000001000000003F01
00000000000000000000000000000000
00000000000000000001000000003F01
00000000000000000000000000000000
00000000000000000001000000003F01
00000000000000000000000000000000
2000000FF00000000000000000000000
00000000000000000000000000000040
00000000000000000000000000000000
00000000000000000001000000004001
00000000000000000000000000000000
00000000000000000001000000004001
00000000000000000000000000000000
00000000000000000001000000004001
00000000000000000000000000000000
00000000000000000001000000004001
00000000000000000000000000000000
00000000000000000001000000004001
00000000000000000000000000000000
00000000000000000001000000004001
00000000000000000000000000000000
00000000000000000001000000004001
00000000000000000000000000000000
2000000FF00000000000000000000000
00000000000000000000000000000041
00000000000000000000000000000000
00000000000000000001000000004101
00000000000000000000000000000000
00000000000000000001000000004101
00000000000000000000000000000000
00000000000000000001000000004101
00000000000000000000000000000000
00000000000000000001000000004101
00000000000000000000000000000000
00000000000000000001000000004101
00000000000000000000000000000000
00000000000000000001000000004101
00000000000000000000000000000000
00000000000000000001000000004101
00000000000000000000000000000000
2000000FF00000000000000000000000
00000000000000000000000000000042
00000000000000000000000000000000
00000000000000000001000000004201
00000000000000000000000000000000
00000000000000000001000000004201
00000000000000000000000000000000
00000000000000000001000000004201
00000000000000000000000000000000
00000000000000000001000000004201
00000000000000000000000000000000
00000000000000000001000000004201
00000000000000000000000000000000
00000000000000000001000000004201
00000000000000000000000000000000
00000000000000000001000000004201
00000000000000000000000000000000
2000000FF00000000000000000000000
00000000000000000000000000000043
00000000000000000000000000000000
00000000000000000001000000004301
00000000000000000000000000000000
00000000000000000001000000004301
00000000000000000000000000000000
00000000000000000001000000004301
00000000000000000000000000000000
00000000000000000001000000004301
00000000000000000000000000000000
00000000000000000001000000004301
00000000000000000000000000000000
00000000000000000001000000004301
00000000000000000000000000000000
00000000000000000001000000004301
00000000000000000000000000000000
2000000FF00000000000000000000000
00000000000000000000000000000044
00000000000000000000000000000000
00000000000000000001000000004401
00000000000000000000000000000000
00000000000000000001000000004401
00000000000000000000000000000000
00000000000000000001000000004401
00000000000000000000000000000000
00000000000000000001000000004401
00000000000000000000000000000000
00000000000000000001000000004401
00000000000000000000000000000000
00000000000000000001000000004401
00000000000000000000000000000000
00000000000000000001000000004401
00000000000000000000000000000000
2000000FF00000000000000000000000
00000000000000000000000000000045
00000000000000000000000000000000
00000000000000000001000000004501
00000000000000000000000000000000
00000000000000000001000000004501
00000000000000000000000000000000
00000000000000000001000000004501
00000000000000000000000000000000
00000000000000000001000000004501
00000000000000000000000000000000
00000000000000000001000000004501
00000000000000000000000000000000
00000000000000000001000000004501
00000000000000000000000000000000
00000000000000000001000000004501
00000000000000000000000000000000
2000000FF00000000000000000000000
00000000000000000000000000000046
00000000000000000000000000000000
00000000000000000001000000004601
00000000000000000000000000000000
00000000000000000001000000004601
00000000000000000000000000000000
00000000000000000001000000004601
00000000000000000000000000000000
00000000000000000001000000004601
00000000000000000000000000000000
00000000000000000001000000004601
00000000000000000000000000000000
00000000000000000001000000004601
00000000000000000000000000000000
00000000000000000001000000004601
00000000000000000000000000000000
2000000FF00000000000000000000000
00000000000000000000000000000047
00000000000000000000000000000000
00000000000000000001000000004701
00000000000000000000000000000000
00000000000000000001000000004701
00000000000000000000000000000000
00000000000000000001000000004701
00000000000000000000000000000000
00000000000000000001000000004701
00000000000000000000000000000000
00000000000000000001000000004701
00000000000000000000000000000000
00000000000000000001000000004701
00000000000000000000000000000000
00000000000000000001000000004701
00000000000000000000000000000000
2000000FF00000000000000000000000
00000000000000000000000000000048
00000000000000000000000000000000
00000000000000000001000000004801
00000000000000000000000000000000
00000000000000000001000000004801
00000000000000000000000000000000
00000000000000000001000000004801
00000000000000000000000000000000
00000000000000000001000000004801
00000000000000000000000000000000
00000000000000000001000000004801
00000000000000000000000000000000
00000000000000000001000000004801
00000000000000000000000000000000
00000000000000000001000000004801
00000000000000000000000000000000
2000000FF00000000000000000000000
00000000000000000000000000000049
00000000000000000000000000000000
00000000000000000001000000004901
00000000000000000000000000000000
00000000000000000001000000004901
00000000000000000000000000000000
00000000000000000001000000004901
00000000000000000000000000000000
00000000000000000001000000004901
00000000000000000000000000000000
00000000000000000001000000004901
00000000000000000000000000000000
00000000000000000001000000004901
00000000000000000000000000000000
00000000000000000001000000004901
00000000000000000000000000000000
2000000FF00000000000000000000000
0000000000000000000000000000004A
00000000000000000000000000000000
00000000000000000001000000004A01
00000000000000000000000000000000
00000000000000000001000000004A01
00000000000000000000000000000000
00000000000000000001000000004A01
00000000000000000000000000000000
00000000000000000001000000004A01
00000000000000000000000000000000
00000000000000000001000000004A01
00000000000000000000000000000000
00000000000000000001000000004A01
00000000000000000000000000000000
00000000000000000001000000004A01
00000000000000000000000000000000
2000000FF00000000000000000000000
0000000000000000000000000000004B
00000000000000000000000000000000
00000000000000000001000000004B01
00000000000000000000000000000000
00000000000000000001000000004B01
00000000000000000000000000000000
00000000000000000001000000004B01
00000000000000000000000000000000
00000000000000000001000000004B01
00000000000000000000000000000000
00000000000000000001000000004B01
00000000000000000000000000000000
00000000000000000001000000004B01
00000000000000000000000000000000
00000000000000000001000000004B01
00000000000000000000000000000000
2000000FF00000000000000000000000
0000000000000000000000000000004C
00000000000000000000000000000000
00000000000000000001000000004C01
00000000000000000000000000000000
00000000000000000001000000004C01
00000000000000000000000000000000
00000000000000000001000000004C01
00000000000000000000000000000000
00000000000000000001000000004C01
00000000000000000000000000000000
00000000000000000001000000004C01
00000000000000000000000000000000
00000000000000000001000000004C01
00000000000000000000000000000000
00000000000000000001000000004C01
00000000000000000000000000000000
2000000FF00000000000000000000000
0000000000000000000000000000004D
00000000000000000000000000000000
00000000000000000001000000004D01
00000000000000000000000000000000
00000000000000000001000000004D01
00000000000000000000000000000000
00000000000000000001000000004D01
00000000000000000000000000000000
00000000000000000001000000004D01
00000000000000000000000000000000
00000000000000000001000000004D01
00000000000000000000000000000000
00000000000000000001000000004D01
00000000000000000000000000000000
00000000000000000001000000004D01
00000000000000000000000000000000
2000000FF00000000000000000000000
0000000000000000000000000000004E
00000000000000000000000000000000
00000000000000000001000000004E01
00000000000000000000000000000000
00000000000000000001000000004E01
00000000000000000000000000000000
00000000000000000001000000004E01
00000000000000000000000000000000
00000000000000000001000000004E01
00000000000000000000000000000000
00000000000000000001000000004E01
00000000000000000000000000000000
00000000000000000001000000004E01
00000000000000000000000000000000
00000000000000000001000000004E01
00000000000000000000000000000000
2000000FF00000000000000000000000
0000000000000000000000000000004F
00000000000000000000000000000000
00000000000000000001000000004F01
00000000000000000000000000000000
00000000000000000001000000004F01
00000000000000000000000000000000
00000000000000000001000000004F01
00000000000000000000000000000000
00000000000000000001000000004F01
00000000000000000000000000000000
00000000000000000001000000004F01
00000000000000000000000000000000
00000000000000000001000000004F01
00000000000000000000000000000000
00000000000000000001000000004F01
00000000000000000000000000000000
2000000FF00000000000000000000000
00000000000000000000000000000050
00000000000000000000000000000000
00000000000000000001000000005001
00000000000000000000000000000000
00000000000000000001000000005001
00000000000000000000000000000000
00000000000000000001000000005001
00000000000000000000000000000000
00000000000000000001000000005001
00000000000000000000000000000000
00000000000000000001000000005001
00000000000000000000000000000000
00000000000000000001000000005001
00000000000000000000000000000000
00000000000000000001000000005001
00000000000000000000000000000000
2000000FF00000000000000000000000
00000000000000000000000000000051
00000000000000000000000000000000
00000000000000000001000000005101
00000000000000000000000000000000
00000000000000000001000000005101
00000000000000000000000000000000
00000000000000000001000000005101
00000000000000000000000000000000
00000000000000000001000000005101
00000000000000000000000000000000
00000000000000000001000000005101
00000000000000000000000000000000
00000000000000000001000000005101
00000000000000000000000000000000
00000000000000000001000000005101
00000000000000000000000000000000
2000000FF00000000000000000000000
00000000000000000000000000000052
00000000000000000000000000000000
00000000000000000001000000005201
00000000000000000000000000000000
00000000000000000001000000005201
00000000000000000000000000000000
00000000000000000001000000005201
00000000000000000000000000000000
00000000000000000001000000005201
00000000000000000000000000000000
00000000000000000001000000005201
00000000000000000000000000000000
00000000000000000001000000005201
00000000000000000000000000000000
00000000000000000001000000005201
00000000000000000000000000000000
2000000FF00000000000000000000000
00000000000000000000000000000053
00000000000000000000000000000000
00000000000000000001000000005301
00000000000000000000000000000000
00000000000000000001000000005301
00000000000000000000000000000000
00000000000000000001000000005301
00000000000000000000000000000000
00000000000000000001000000005301
00000000000000000000000000000000
00000000000000000001000000005301
00000000000000000000000000000000
00000000000000000001000000005301
00000000000000000000000000000000
00000000000000000001000000005301
00000000000000000000000000000000
2000000FF00000000000000000000000
00000000000000000000000000000054
00000000000000000000000000000000
00000000000000000001000000005401
00000000000000000000000000000000
00000000000000000001000000005401
00000000000000000000000000000000
00000000000000000001000000005401
00000000000000000000000000000000
00000000000000000001000000005401
00000000000000000000000000000000
00000000000000000001000000005401
00000000000000000000000000000000
00000000000000000001000000005401
00000000000000000000000000000000
00000000000000000001000000005401
00000000000000000000000000000000
2000000FF00000000000000000000000
00000000000000000000000000000055
00000000000000000000000000000000
00000000000000000001000000005501
00000000000000000000000000000000
00000000000000000001000000005501
00000000000000000000000000000000
00000000000000000001000000005501
00000000000000000000000000000000
00000000000000000001000000005501
00000000000000000000000000000000
00000000000000000001000000005501
00000000000000000000000000000000
00000000000000000001000000005501
00000000000000000000000000000000
00000000000000000001000000005501
00000000000000000000000000000000
2000000FF00000000000000000000000
00000000000000000000000000000056
00000000000000000000000000000000
00000000000000000001000000005601
00000000000000000000000000000000
00000000000000000001000000005601
00000000000000000000000000000000
00000000000000000001000000005601
00000000000000000000000000000000
00000000000000000001000000005601
00000000000000000000000000000000
00000000000000000001000000005601
00000000000000000000000000000000
00000000000000000001000000005601
00000000000000000000000000000000
00000000000000000001000000005601
00000000000000000000000000000000
2000000FF00000000000000000000000
00000000000000000000000000000057
00000000000000000000000000000000
00000000000000000001000000005701
00000000000000000000000000000000
00000000000000000001000000005701
00000000000000000000000000000000
00000000000000000001000000005701
00000000000000000000000000000000
00000000000000000001000000005701
00000000000000000000000000000000
00000000000000000001000000005701
00000000000000000000000000000000
00000000000000000001000000005701
00000000000000000000000000000000
00000000000000000001000000005701
00000000000000000000000000000000
2000000FF00000000000000000000000
00000000000000000000000000000058
00000000000000000000000000000000
00000000000000000001000000005801
00000000000000000000000000000000
00000000000000000001000000005801
00000000000000000000000000000000
00000000000000000001000000005801
00000000000000000000000000000000
00000000000000000001000000005801
00000000000000000000000000000000
00000000000000000001000000005801
00000000000000000000000000000000
00000000000000000001000000005801
00000000000000000000000000000000
00000000000000000001000000005801
00000000000000000000000000000000
2000000FF00000000000000000000000
00000000000000000000000000000059
00000000000000000000000000000000
00000000000000000001000000005901
00000000000000000000000000000000
00000000000000000001000000005901
00000000000000000000000000000000
00000000000000000001000000005901
00000000000000000000000000000000
00000000000000000001000000005901
00000000000000000000000000000000
00000000000000000001000000005901
00000000000000000000000000000000
00000000000000000001000000005901
00000000000000000000000000000000
00000000000000000001000000005901
00000000000000000000000000000000
2000000FF00000000000000000000000
0000000000000000000000000000005A
00000000000000000000000000000000
00000000000000000001000000005A01
00000000000000000000000000000000
00000000000000000001000000005A01
00000000000000000000000000000000
00000000000000000001000000005A01
00000000000000000000000000000000
00000000000000000001000000005A01
00000000000000000000000000000000
00000000000000000001000000005A01
00000000000000000000000000000000
00000000000000000001000000005A01
00000000000000000000000000000000
00000000000000000001000000005A01
00000000000000000000000000000000
2000000FF00000000000000000000000
0000000000000000000000000000005B
00000000000000000000000000000000
00000000000000000001000000005B01
00000000000000000000000000000000
00000000000000000001000000005B01
00000000000000000000000000000000
00000000000000000001000000005B01
00000000000000000000000000000000
00000000000000000001000000005B01
00000000000000000000000000000000
00000000000000000001000000005B01
00000000000000000000000000000000
00000000000000000001000000005B01
00000000000000000000000000000000
00000000000000000001000000005B01
00000000000000000000000000000000
2000000FF00000000000000000000000
0000000000000000000000000000005C
00000000000000000000000000000000
00000000000000000001000000005C01
00000000000000000000000000000000
00000000000000000001000000005C01
00000000000000000000000000000000
00000000000000000001000000005C01
00000000000000000000000000000000
00000000000000000001000000005C01
00000000000000000000000000000000
00000000000000000001000000005C01
00000000000000000000000000000000
00000000000000000001000000005C01
00000000000000000000000000000000
00000000000000000001000000005C01
00000000000000000000000000000000
2000000FF00000000000000000000000
0000000000000000000000000000005D
00000000000000000000000000000000
00000000000000000001000000005D01
00000000000000000000000000000000
00000000000000000001000000005D01
00000000000000000000000000000000
00000000000000000001000000005D01
00000000000000000000000000000000
00000000000000000001000000005D01
00000000000000000000000000000000
00000000000000000001000000005D01
00000000000000000000000000000000
00000000000000000001000000005D01
00000000000000000000000000000000
00000000000000000001000000005D01
00000000000000000000000000000000
2000000FF00000000000000000000000
0000000000000000000000000000005E
00000000000000000000000000000000
00000000000000000001000000005E01
00000000000000000000000000000000
00000000000000000001000000005E01
00000000000000000000000000000000
00000000000000000001000000005E01
00000000000000000000000000000000
00000000000000000001000000005E01
00000000000000000000000000000000
00000000000000000001000000005E01
00000000000000000000000000000000
00000000000000000001000000005E01
00000000000000000000000000000000
00000000000000000001000000005E01
00000000000000000000000000000000
2000000FF00000000000000000000000
0000000000000000000000000000005F
00000000000000000000000000000000
00000000000000000001000000005F01
00000000000000000000000000000000
00000000000000000001000000005F01
00000000000000000000000000000000
00000000000000000001000000005F01
00000000000000000000000000000000
00000000000000000001000000005F01
00000000000000000000000000000000
00000000000000000001000000005F01
00000000000000000000000000000000
00000000000000000001000000005F01
00000000000000000000000000000000
00000000000000000001000000005F01
00000000000000000000000000000000
2000000FF00000000000000000000000
00000000000000000000000000000060
00000000000000000000000000000000
00000000000000000001000000006001
00000000000000000000000000000000
00000000000000000001000000006001
00000000000000000000000000000000
00000000000000000001000000006001
00000000000000000000000000000000
00000000000000000001000000006001
00000000000000000000000000000000
00000000000000000001000000006001
00000000000000000000000000000000
00000000000000000001000000006001
00000000000000000000000000000000
00000000000000000001000000006001
00000000000000000000000000000000
2000000FF00000000000000000000000
00000000000000000000000000000061
00000000000000000000000000000000
00000000000000000001000000006101
00000000000000000000000000000000
00000000000000000001000000006101
00000000000000000000000000000000
00000000000000000001000000006101
00000000000000000000000000000000
00000000000000000001000000006101
00000000000000000000000000000000
00000000000000000001000000006101
00000000000000000000000000000000
00000000000000000001000000006101
00000000000000000000000000000000
00000000000000000001000000006101
00000000000000000000000000000000
2000000FF00000000000000000000000
00000000000000000000000000000062
00000000000000000000000000000000
00000000000000000001000000006201
00000000000000000000000000000000
00000000000000000001000000006201
00000000000000000000000000000000
00000000000000000001000000006201
00000000000000000000000000000000
00000000000000000001000000006201
00000000000000000000000000000000
00000000000000000001000000006201
00000000000000000000000000000000
00000000000000000001000000006201
00000000000000000000000000000000
00000000000000000001000000006201
00000000000000000000000000000000
2000000FF00000000000000000000000
00000000000000000000000000000063
00000000000000000000000000000000
00000000000000000001000000006301
00000000000000000000000000000000
00000000000000000001000000006301
00000000000000000000000000000000
00000000000000000001000000006301
00000000000000000000000000000000
00000000000000000001000000006301
00000000000000000000000000000000
00000000000000000001000000006301
00000000000000000000000000000000
00000000000000000001000000006301
00000000000000000000000000000000
00000000000000000001000000006301
00000000000000000000000000000000
2000000FF00000000000000000000000
00000000000000000000000000000064
00000000000000000000000000000000
00000000000000000001000000006401
00000000000000000000000000000000
00000000000000000001000000006401
00000000000000000000000000000000
00000000000000000001000000006401
00000000000000000000000000000000
00000000000000000001000000006401
00000000000000000000000000000000
00000000000000000001000000006401
00000000000000000000000000000000
00000000000000000001000000006401
00000000000000000000000000000000
00000000000000000001000000006401
00000000000000000000000000000000
2000000FF00000000000000000000000
00000000000000000000000000000065
00000000000000000000000000000000
00000000000000000001000000006501
00000000000000000000000000000000
00000000000000000001000000006501
00000000000000000000000000000000
00000000000000000001000000006501
00000000000000000000000000000000
00000000000000000001000000006501
00000000000000000000000000000000
00000000000000000001000000006501
00000000000000000000000000000000
00000000000000000001000000006501
00000000000000000000000000000000
00000000000000000001000000006501
00000000000000000000000000000000
2000000FF00000000000000000000000
00000000000000000000000000000066
00000000000000000000000000000000
00000000000000000001000000006601
00000000000000000000000000000000
00000000000000000001000000006601
00000000000000000000000000000000
00000000000000000001000000006601
00000000000000000000000000000000
00000000000000000001000000006601
00000000000000000000000000000000
00000000000000000001000000006601
00000000000000000000000000000000
00000000000000000001000000006601
00000000000000000000000000000000
00000000000000000001000000006601
00000000000000000000000000000000
2000000FF00000000000000000000000
00000000000000000000000000000067
00000000000000000000000000000000
00000000000000000001000000006701
00000000000000000000000000000000
00000000000000000001000000006701
00000000000000000000000000000000
00000000000000000001000000006701
00000000000000000000000000000000
00000000000000000001000000006701
00000000000000000000000000000000
00000000000000000001000000006701
00000000000000000000000000000000
00000000000000000001000000006701
00000000000000000000000000000000
00000000000000000001000000006701
00000000000000000000000000000000
2000000FF00000000000000000000000
00000000000000000000000000000068
00000000000000000000000000000000
00000000000000000001000000006801
00000000000000000000000000000000
00000000000000000001000000006801
00000000000000000000000000000000
00000000000000000001000000006801
00000000000000000000000000000000
00000000000000000001000000006801
00000000000000000000000000000000
00000000000000000001000000006801
00000000000000000000000000000000
00000000000000000001000000006801
00000000000000000000000000000000
00000000000000000001000000006801
00000000000000000000000000000000
2000000FF00000000000000000000000
00000000000000000000000000000069
00000000000000000000000000000000
00000000000000000001000000006901
00000000000000000000000000000000
00000000000000000001000000006901
00000000000000000000000000000000
00000000000000000001000000006901
00000000000000000000000000000000
00000000000000000001000000006901
00000000000000000000000000000000
00000000000000000001000000006901
00000000000000000000000000000000
00000000000000000001000000006901
00000000000000000000000000000000
00000000000000000001000000006901
00000000000000000000000000000000
2000000FF00000000000000000000000
0000000000000000000000000000006A
00000000000000000000000000000000
00000000000000000001000000006A01
00000000000000000000000000000000
00000000000000000001000000006A01
00000000000000000000000000000000
00000000000000000001000000006A01
00000000000000000000000000000000
00000000000000000001000000006A01
00000000000000000000000000000000
00000000000000000001000000006A01
00000000000000000000000000000000
00000000000000000001000000006A01
00000000000000000000000000000000
00000000000000000001000000006A01
00000000000000000000000000000000
2000000FF00000000000000000000000
0000000000000000000000000000006B
00000000000000000000000000000000
00000000000000000001000000006B01
00000000000000000000000000000000
00000000000000000001000000006B01
00000000000000000000000000000000
00000000000000000001000000006B01
00000000000000000000000000000000
00000000000000000001000000006B01
00000000000000000000000000000000
00000000000000000001000000006B01
00000000000000000000000000000000
00000000000000000001000000006B01
00000000000000000000000000000000
00000000000000000001000000006B01
00000000000000000000000000000000
2000000FF00000000000000000000000
0000000000000000000000000000006C
00000000000000000000000000000000
00000000000000000001000000006C01
00000000000000000000000000000000
00000000000000000001000000006C01
00000000000000000000000000000000
00000000000000000001000000006C01
00000000000000000000000000000000
00000000000000000001000000006C01
00000000000000000000000000000000
00000000000000000001000000006C01
00000000000000000000000000000000
00000000000000000001000000006C01
00000000000000000000000000000000
00000000000000000001000000006C01
00000000000000000000000000000000
2000000FF00000000000000000000000
0000000000000000000000000000006D
00000000000000000000000000000000
00000000000000000001000000006D01
00000000000000000000000000000000
00000000000000000001000000006D01
00000000000000000000000000000000
00000000000000000001000000006D01
00000000000000000000000000000000
00000000000000000001000000006D01
00000000000000000000000000000000
00000000000000000001000000006D01
00000000000000000000000000000000
00000000000000000001000000006D01
00000000000000000000000000000000
00000000000000000001000000006D01
00000000000000000000000000000000
2000000FF00000000000000000000000
0000000000000000000000000000006E
00000000000000000000000000000000
00000000000000000001000000006E01
00000000000000000000000000000000
00000000000000000001000000006E01
00000000000000000000000000000000
00000000000000000001000000006E01
00000000000000000000000000000000
00000000000000000001000000006E01
00000000000000000000000000000000
00000000000000000001000000006E01
00000000000000000000000000000000
00000000000000000001000000006E01
00000000000000000000000000000000
00000000000000000001000000006E01
00000000000000000000000000000000
2000000FF00000000000000000000000
0000000000000000000000000000006F
00000000000000000000000000000000
00000000000000000001000000006F01
00000000000000000000000000000000
00000000000000000001000000006F01
00000000000000000000000000000000
00000000000000000001000000006F01
00000000000000000000000000000000
00000000000000000001000000006F01
00000000000000000000000000000000
00000000000000000001000000006F01
00000000000000000000000000000000
00000000000000000001000000006F01
00000000000000000000000000000000
00000000000000000001000000006F01
00000000000000000000000000000000
2000000FF00000000000000000000000
00000000000000000000000000000070
00000000000000000000000000000000
00000000000000000001000000007001
00000000000000000000000000000000
00000000000000000001000000007001
00000000000000000000000000000000
00000000000000000001000000007001
00000000000000000000000000000000
00000000000000000001000000007001
00000000000000000000000000000000
00000000000000000001000000007001
00000000000000000000000000000000
00000000000000000001000000007001
00000000000000000000000000000000
00000000000000000001000000007001
00000000000000000000000000000000
2000000FF00000000000000000000000
00000000000000000000000000000071
00000000000000000000000000000000
00000000000000000001000000007101
00000000000000000000000000000000
00000000000000000001000000007101
00000000000000000000000000000000
00000000000000000001000000007101
00000000000000000000000000000000
00000000000000000001000000007101
00000000000000000000000000000000
00000000000000000001000000007101
00000000000000000000000000000000
00000000000000000001000000007101
00000000000000000000000000000000
00000000000000000001000000007101
00000000000000000000000000000000
2000000FF00000000000000000000000
00000000000000000000000000000072
00000000000000000000000000000000
00000000000000000001000000007201
00000000000000000000000000000000
00000000000000000001000000007201
00000000000000000000000000000000
00000000000000000001000000007201
00000000000000000000000000000000
00000000000000000001000000007201
00000000000000000000000000000000
00000000000000000001000000007201
00000000000000000000000000000000
00000000000000000001000000007201
00000000000000000000000000000000
00000000000000000001000000007201
00000000000000000000000000000000
2000000FF00000000000000000000000
00000000000000000000000000000073
00000000000000000000000000000000
00000000000000000001000000007301
00000000000000000000000000000000
00000000000000000001000000007301
00000000000000000000000000000000
00000000000000000001000000007301
00000000000000000000000000000000
00000000000000000001000000007301
00000000000000000000000000000000
00000000000000000001000000007301
00000000000000000000000000000000
00000000000000000001000000007301
00000000000000000000000000000000
00000000000000000001000000007301
00000000000000000000000000000000
2000000FF00000000000000000000000
00000000000000000000000000000074
00000000000000000000000000000000
00000000000000000001000000007401
00000000000000000000000000000000
00000000000000000001000000007401
00000000000000000000000000000000
00000000000000000001000000007401
00000000000000000000000000000000
00000000000000000001000000007401
00000000000000000000000000000000
00000000000000000001000000007401
00000000000000000000000000000000
00000000000000000001000000007401
00000000000000000000000000000000
00000000000000000001000000007401
00000000000000000000000000000000
2000000FF00000000000000000000000
00000000000000000000000000000075
00000000000000000000000000000000
00000000000000000001000000007501
00000000000000000000000000000000
00000000000000000001000000007501
00000000000000000000000000000000
00000000000000000001000000007501
00000000000000000000000000000000
00000000000000000001000000007501
00000000000000000000000000000000
00000000000000000001000000007501
00000000000000000000000000000000
00000000000000000001000000007501
00000000000000000000000000000000
00000000000000000001000000007501
00000000000000000000000000000000
2000000FF00000000000000000000000
00000000000000000000000000000076
00000000000000000000000000000000
00000000000000000001000000007601
00000000000000000000000000000000
00000000000000000001000000007601
00000000000000000000000000000000
00000000000000000001000000007601
00000000000000000000000000000000
00000000000000000001000000007601
00000000000000000000000000000000
00000000000000000001000000007601
00000000000000000000000000000000
00000000000000000001000000007601
00000000000000000000000000000000
00000000000000000001000000007601
00000000000000000000000000000000
2000000FF00000000000000000000000
00000000000000000000000000000077
00000000000000000000000000000000
00000000000000000001000000007701
00000000000000000000000000000000
00000000000000000001000000007701
00000000000000000000000000000000
00000000000000000001000000007701
00000000000000000000000000000000
00000000000000000001000000007701
00000000000000000000000000000000
00000000000000000001000000007701
00000000000000000000000000000000
00000000000000000001000000007701
00000000000000000000000000000000
00000000000000000001000000007701
00000000000000000000000000000000
2000000FF00000000000000000000000
00000000000000000000000000000078
00000000000000000000000000000000
00000000000000000001000000007801
00000000000000000000000000000000
00000000000000000001000000007801
00000000000000000000000000000000
00000000000000000001000000007801
00000000000000000000000000000000
00000000000000000001000000007801
00000000000000000000000000000000
00000000000000000001000000007801
00000000000000000000000000000000
00000000000000000001000000007801
00000000000000000000000000000000
00000000000000000001000000007801
00000000000000000000000000000000
2000000FF00000000000000000000000
00000000000000000000000000000079
00000000000000000000000000000000
00000000000000000001000000007901
00000000000000000000000000000000
00000000000000000001000000007901
00000000000000000000000000000000
00000000000000000001000000007901
00000000000000000000000000000000
00000000000000000001000000007901
00000000000000000000000000000000
00000000000000000001000000007901
00000000000000000000000000000000
00000000000000000001000000007901
00000000000000000000000000000000
00000000000000000001000000007901
00000000000000000000000000000000
2000000FF00000000000000000000000
0000000000000000000000000000007A
00000000000000000000000000000000
00000000000000000001000000007A01
00000000000000000000000000000000
00000000000000000001000000007A01
00000000000000000000000000000000
00000000000000000001000000007A01
00000000000000000000000000000000
00000000000000000001000000007A01
00000000000000000000000000000000
00000000000000000001000000007A01
00000000000000000000000000000000
00000000000000000001000000007A01
00000000000000000000000000000000
00000000000000000001000000007A01
00000000000000000000000000000000
2000000FF00000000000000000000000
0000000000000000000000000000007B
00000000000000000000000000000000
00000000000000000001000000007B01
00000000000000000000000000000000
00000000000000000001000000007B01
00000000000000000000000000000000
00000000000000000001000000007B01
00000000000000000000000000000000
00000000000000000001000000007B01
00000000000000000000000000000000
00000000000000000001000000007B01
00000000000000000000000000000000
00000000000000000001000000007B01
00000000000000000000000000000000
00000000000000000001000000007B01
00000000000000000000000000000000
2000000FF00000000000000000000000
0000000000000000000000000000007C
00000000000000000000000000000000
00000000000000000001000000007C01
00000000000000000000000000000000
00000000000000000001000000007C01
00000000000000000000000000000000
00000000000000000001000000007C01
00000000000000000000000000000000
00000000000000000001000000007C01
00000000000000000000000000000000
00000000000000000001000000007C01
00000000000000000000000000000000
00000000000000000001000000007C01
00000000000000000000000000000000
00000000000000000001000000007C01
00000000000000000000000000000000
2000000FF00000000000000000000000
0000000000000000000000000000007D
00000000000000000000000000000000
00000000000000000001000000007D01
00000000000000000000000000000000
00000000000000000001000000007D01
00000000000000000000000000000000
00000000000000000001000000007D01
00000000000000000000000000000000
00000000000000000001000000007D01
00000000000000000000000000000000
00000000000000000001000000007D01
00000000000000000000000000000000
00000000000000000001000000007D01
00000000000000000000000000000000
00000000000000000001000000007D01
00000000000000000000000000000000
2000000FF00000000000000000000000
0000000000000000000000000000007E
00000000000000000000000000000000
00000000000000000001000000007E01
00000000000000000000000000000000
00000000000000000001000000007E01
00000000000000000000000000000000
00000000000000000001000000007E01
00000000000000000000000000000000
00000000000000000001000000007E01
00000000000000000000000000000000
00000000000000000001000000007E01
00000000000000000000000000000000
00000000000000000001000000007E01
00000000000000000000000000000000
00000000000000000001000000007E01
00000000000000000000000000000000
2000000FF00000000000000000000000
0000000000000000000000000000007F
00000000000000000000000000000000
00000000000000000001000000007F01
00000000000000000000000000000000
00000000000000000001000000007F01
00000000000000000000000000000000
00000000000000000001000000007F01
00000000000000000000000000000000
00000000000000000001000000007F01
00000000000000000000000000000000
00000000000000000001000000007F01
00000000000000000000000000000000
00000000000000000001000000007F01
00000000000000000000000000000000
00000000000000000001000000007F01
00000000000000000000000000000000
2000000FF00000000000000000000000
00000000000000000000000000000080
00000000000000000000000000000000
00000000000000000001000000008001
00000000000000000000000000000000
00000000000000000001000000008001
00000000000000000000000000000000
00000000000000000001000000008001
00000000000000000000000000000000
00000000000000000001000000008001
00000000000000000000000000000000
00000000000000000001000000008001
00000000000000000000000000000000
00000000000000000001000000008001
00000000000000000000000000000000
00000000000000000001000000008001
00000000000000000000000000000000
2000000FF00000000000000000000000
00000000000000000000000000000081
00000000000000000000000000000000
00000000000000000001000000008101
00000000000000000000000000000000
00000000000000000001000000008101
00000000000000000000000000000000
00000000000000000001000000008101
00000000000000000000000000000000
00000000000000000001000000008101
00000000000000000000000000000000
00000000000000000001000000008101
00000000000000000000000000000000
00000000000000000001000000008101
00000000000000000000000000000000
00000000000000000001000000008101
00000000000000000000000000000000
2000000FF00000000000000000000000
00000000000000000000000000000082
00000000000000000000000000000000
00000000000000000001000000008201
00000000000000000000000000000000
00000000000000000001000000008201
00000000000000000000000000000000
00000000000000000001000000008201
00000000000000000000000000000000
00000000000000000001000000008201
00000000000000000000000000000000
00000000000000000001000000008201
00000000000000000000000000000000
00000000000000000001000000008201
00000000000000000000000000000000
00000000000000000001000000008201
00000000000000000000000000000000
2000000FF00000000000000000000000
00000000000000000000000000000083
00000000000000000000000000000000
00000000000000000001000000008301
00000000000000000000000000000000
00000000000000000001000000008301
00000000000000000000000000000000
00000000000000000001000000008301
00000000000000000000000000000000
00000000000000000001000000008301
00000000000000000000000000000000
00000000000000000001000000008301
00000000000000000000000000000000
00000000000000000001000000008301
00000000000000000000000000000000
00000000000000000001000000008301
00000000000000000000000000000000
2000000FF00000000000000000000000
00000000000000000000000000000084
00000000000000000000000000000000
00000000000000000001000000008401
00000000000000000000000000000000
00000000000000000001000000008401
00000000000000000000000000000000
00000000000000000001000000008401
00000000000000000000000000000000
00000000000000000001000000008401
00000000000000000000000000000000
00000000000000000001000000008401
00000000000000000000000000000000
00000000000000000001000000008401
00000000000000000000000000000000
00000000000000000001000000008401
00000000000000000000000000000000
2000000FF00000000000000000000000
00000000000000000000000000000085
00000000000000000000000000000000
00000000000000000001000000008501
00000000000000000000000000000000
00000000000000000001000000008501
00000000000000000000000000000000
00000000000000000001000000008501
00000000000000000000000000000000
00000000000000000001000000008501
00000000000000000000000000000000
00000000000000000001000000008501
00000000000000000000000000000000
00000000000000000001000000008501
00000000000000000000000000000000
00000000000000000001000000008501
00000000000000000000000000000000
2000000FF00000000000000000000000
00000000000000000000000000000086
00000000000000000000000000000000
00000000000000000001000000008601
00000000000000000000000000000000
00000000000000000001000000008601
00000000000000000000000000000000
00000000000000000001000000008601
00000000000000000000000000000000
00000000000000000001000000008601
00000000000000000000000000000000
00000000000000000001000000008601
00000000000000000000000000000000
00000000000000000001000000008601
00000000000000000000000000000000
00000000000000000001000000008601
00000000000000000000000000000000
2000000FF00000000000000000000000
00000000000000000000000000000087
00000000000000000000000000000000
00000000000000000001000000008701
00000000000000000000000000000000
00000000000000000001000000008701
00000000000000000000000000000000
00000000000000000001000000008701
00000000000000000000000000000000
00000000000000000001000000008701
00000000000000000000000000000000
00000000000000000001000000008701
00000000000000000000000000000000
00000000000000000001000000008701
00000000000000000000000000000000
00000000000000000001000000008701
00000000000000000000000000000000
2000000FF00000000000000000000000
00000000000000000000000000000088
00000000000000000000000000000000
00000000000000000001000000008801
00000000000000000000000000000000
00000000000000000001000000008801
00000000000000000000000000000000
00000000000000000001000000008801
00000000000000000000000000000000
00000000000000000001000000008801
00000000000000000000000000000000
00000000000000000001000000008801
00000000000000000000000000000000
00000000000000000001000000008801
00000000000000000000000000000000
00000000000000000001000000008801
00000000000000000000000000000000
2000000FF00000000000000000000000
00000000000000000000000000000089
00000000000000000000000000000000
00000000000000000001000000008901
00000000000000000000000000000000
00000000000000000001000000008901
00000000000000000000000000000000
00000000000000000001000000008901
00000000000000000000000000000000
00000000000000000001000000008901
00000000000000000000000000000000
00000000000000000001000000008901
00000000000000000000000000000000
00000000000000000001000000008901
00000000000000000000000000000000
00000000000000000001000000008901
00000000000000000000000000000000
2000000FF00000000000000000000000
0000000000000000000000000000008A
00000000000000000000000000000000
00000000000000000001000000008A01
00000000000000000000000000000000
00000000000000000001000000008A01
00000000000000000000000000000000
00000000000000000001000000008A01
00000000000000000000000000000000
00000000000000000001000000008A01
00000000000000000000000000000000
00000000000000000001000000008A01
00000000000000000000000000000000
00000000000000000001000000008A01
00000000000000000000000000000000
00000000000000000001000000008A01
00000000000000000000000000000000
2000000FF00000000000000000000000
0000000000000000000000000000008B
00000000000000000000000000000000
00000000000000000001000000008B01
00000000000000000000000000000000
00000000000000000001000000008B01
00000000000000000000000000000000
00000000000000000001000000008B01
00000000000000000000000000000000
00000000000000000001000000008B01
00000000000000000000000000000000
00000000000000000001000000008B01
00000000000000000000000000000000
00000000000000000001000000008B01
00000000000000000000000000000000
00000000000000000001000000008B01
00000000000000000000000000000000
2000000FF00000000000000000000000
0000000000000000000000000000008C
00000000000000000000000000000000
00000000000000000001000000008C01
00000000000000000000000000000000
00000000000000000001000000008C01
00000000000000000000000000000000
00000000000000000001000000008C01
00000000000000000000000000000000
00000000000000000001000000008C01
00000000000000000000000000000000
00000000000000000001000000008C01
00000000000000000000000000000000
00000000000000000001000000008C01
00000000000000000000000000000000
00000000000000000001000000008C01
00000000000000000000000000000000
2000000FF00000000000000000000000
0000000000000000000000000000008D
00000000000000000000000000000000
00000000000000000001000000008D01
00000000000000000000000000000000
00000000000000000001000000008D01
00000000000000000000000000000000
00000000000000000001000000008D01
00000000000000000000000000000000
00000000000000000001000000008D01
00000000000000000000000000000000
00000000000000000001000000008D01
00000000000000000000000000000000
00000000000000000001000000008D01
00000000000000000000000000000000
00000000000000000001000000008D01
00000000000000000000000000000000
2000000FF00000000000000000000000
0000000000000000000000000000008E
00000000000000000000000000000000
00000000000000000001000000008E01
00000000000000000000000000000000
00000000000000000001000000008E01
00000000000000000000000000000000
00000000000000000001000000008E01
00000000000000000000000000000000
00000000000000000001000000008E01
00000000000000000000000000000000
00000000000000000001000000008E01
00000000000000000000000000000000
00000000000000000001000000008E01
00000000000000000000000000000000
00000000000000000001000000008E01
00000000000000000000000000000000
2000000FF00000000000000000000000
0000000000000000000000000000008F
00000000000000000000000000000000
00000000000000000001000000008F01
00000000000000000000000000000000
00000000000000000001000000008F01
00000000000000000000000000000000
00000000000000000001000000008F01
00000000000000000000000000000000
00000000000000000001000000008F01
00000000000000000000000000000000
00000000000000000001000000008F01
00000000000000000000000000000000
00000000000000000001000000008F01
00000000000000000000000000000000
00000000000000000001000000008F01
00000000000000000000000000000000
2000000FF00000000000000000000000
00000000000000000000000000000090
00000000000000000000000000000000
00000000000000000001000000009001
00000000000000000000000000000000
00000000000000000001000000009001
00000000000000000000000000000000
00000000000000000001000000009001
00000000000000000000000000000000
00000000000000000001000000009001
00000000000000000000000000000000
00000000000000000001000000009001
00000000000000000000000000000000
00000000000000000001000000009001
00000000000000000000000000000000
00000000000000000001000000009001
00000000000000000000000000000000
2000000FF00000000000000000000000
00000000000000000000000000000091
00000000000000000000000000000000
00000000000000000001000000009101
00000000000000000000000000000000
00000000000000000001000000009101
00000000000000000000000000000000
00000000000000000001000000009101
00000000000000000000000000000000
00000000000000000001000000009101
00000000000000000000000000000000
00000000000000000001000000009101
00000000000000000000000000000000
00000000000000000001000000009101
00000000000000000000000000000000
00000000000000000001000000009101
00000000000000000000000000000000
2000000FF00000000000000000000000
00000000000000000000000000000092
00000000000000000000000000000000
00000000000000000001000000009201
00000000000000000000000000000000
00000000000000000001000000009201
00000000000000000000000000000000
00000000000000000001000000009201
00000000000000000000000000000000
00000000000000000001000000009201
00000000000000000000000000000000
00000000000000000001000000009201
00000000000000000000000000000000
00000000000000000001000000009201
00000000000000000000000000000000
00000000000000000001000000009201
00000000000000000000000000000000
2000000FF00000000000000000000000
00000000000000000000000000000093
00000000000000000000000000000000
00000000000000000001000000009301
00000000000000000000000000000000
00000000000000000001000000009301
00000000000000000000000000000000
00000000000000000001000000009301
00000000000000000000000000000000
00000000000000000001000000009301
00000000000000000000000000000000
00000000000000000001000000009301
00000000000000000000000000000000
00000000000000000001000000009301
00000000000000000000000000000000
00000000000000000001000000009301
00000000000000000000000000000000
2000000FF00000000000000000000000
00000000000000000000000000000094
00000000000000000000000000000000
00000000000000000001000000009401
00000000000000000000000000000000
00000000000000000001000000009401
00000000000000000000000000000000
00000000000000000001000000009401
00000000000000000000000000000000
00000000000000000001000000009401
00000000000000000000000000000000
00000000000000000001000000009401
00000000000000000000000000000000
00000000000000000001000000009401
00000000000000000000000000000000
00000000000000000001000000009401
00000000000000000000000000000000
2000000FF00000000000000000000000
00000000000000000000000000000095
00000000000000000000000000000000
00000000000000000001000000009501
00000000000000000000000000000000
00000000000000000001000000009501
00000000000000000000000000000000
00000000000000000001000000009501
00000000000000000000000000000000
00000000000000000001000000009501
00000000000000000000000000000000
00000000000000000001000000009501
00000000000000000000000000000000
00000000000000000001000000009501
00000000000000000000000000000000
00000000000000000001000000009501
00000000000000000000000000000000
2000000FF00000000000000000000000
00000000000000000000000000000096
00000000000000000000000000000000
00000000000000000001000000009601
00000000000000000000000000000000
00000000000000000001000000009601
00000000000000000000000000000000
00000000000000000001000000009601
00000000000000000000000000000000
00000000000000000001000000009601
00000000000000000000000000000000
00000000000000000001000000009601
00000000000000000000000000000000
00000000000000000001000000009601
00000000000000000000000000000000
00000000000000000001000000009601
00000000000000000000000000000000
2000000FF00000000000000000000000
00000000000000000000000000000097
00000000000000000000000000000000
00000000000000000001000000009701
00000000000000000000000000000000
00000000000000000001000000009701
00000000000000000000000000000000
00000000000000000001000000009701
00000000000000000000000000000000
00000000000000000001000000009701
00000000000000000000000000000000
00000000000000000001000000009701
00000000000000000000000000000000
00000000000000000001000000009701
00000000000000000000000000000000
00000000000000000001000000009701
00000000000000000000000000000000
2000000FF00000000000000000000000
00000000000000000000000000000098
00000000000000000000000000000000
00000000000000000001000000009801
00000000000000000000000000000000
00000000000000000001000000009801
00000000000000000000000000000000
00000000000000000001000000009801
00000000000000000000000000000000
00000000000000000001000000009801
00000000000000000000000000000000
00000000000000000001000000009801
00000000000000000000000000000000
00000000000000000001000000009801
00000000000000000000000000000000
00000000000000000001000000009801
00000000000000000000000000000000
2000000FF00000000000000000000000
00000000000000000000000000000099
00000000000000000000000000000000
00000000000000000001000000009901
00000000000000000000000000000000
00000000000000000001000000009901
00000000000000000000000000000000
00000000000000000001000000009901
00000000000000000000000000000000
00000000000000000001000000009901
00000000000000000000000000000000
00000000000000000001000000009901
00000000000000000000000000000000
00000000000000000001000000009901
00000000000000000000000000000000
00000000000000000001000000009901
00000000000000000000000000000000
2000000FF00000000000000000000000
0000000000000000000000000000009A
00000000000000000000000000000000
00000000000000000001000000009A01
00000000000000000000000000000000
00000000000000000001000000009A01
00000000000000000000000000000000
00000000000000000001000000009A01
00000000000000000000000000000000
00000000000000000001000000009A01
00000000000000000000000000000000
00000000000000000001000000009A01
00000000000000000000000000000000
00000000000000000001000000009A01
00000000000000000000000000000000
00000000000000000001000000009A01
00000000000000000000000000000000
2000000FF00000000000000000000000
0000000000000000000000000000009B
00000000000000000000000000000000
00000000000000000001000000009B01
00000000000000000000000000000000
00000000000000000001000000009B01
00000000000000000000000000000000
00000000000000000001000000009B01
00000000000000000000000000000000
00000000000000000001000000009B01
00000000000000000000000000000000
00000000000000000001000000009B01
00000000000000000000000000000000
00000000000000000001000000009B01
00000000000000000000000000000000
00000000000000000001000000009B01
00000000000000000000000000000000
2000000FF00000000000000000000000
0000000000000000000000000000009C
00000000000000000000000000000000
00000000000000000001000000009C01
00000000000000000000000000000000
00000000000000000001000000009C01
00000000000000000000000000000000
00000000000000000001000000009C01
00000000000000000000000000000000
00000000000000000001000000009C01
00000000000000000000000000000000
00000000000000000001000000009C01
00000000000000000000000000000000
00000000000000000001000000009C01
00000000000000000000000000000000
00000000000000000001000000009C01
00000000000000000000000000000000
2000000FF00000000000000000000000
0000000000000000000000000000009D
00000000000000000000000000000000
00000000000000000001000000009D01
00000000000000000000000000000000
00000000000000000001000000009D01
00000000000000000000000000000000
00000000000000000001000000009D01
00000000000000000000000000000000
00000000000000000001000000009D01
00000000000000000000000000000000
00000000000000000001000000009D01
00000000000000000000000000000000
00000000000000000001000000009D01
00000000000000000000000000000000
00000000000000000001000000009D01
00000000000000000000000000000000
2000000FF00000000000000000000000
0000000000000000000000000000009E
00000000000000000000000000000000
00000000000000000001000000009E01
00000000000000000000000000000000
00000000000000000001000000009E01
00000000000000000000000000000000
00000000000000000001000000009E01
00000000000000000000000000000000
00000000000000000001000000009E01
00000000000000000000000000000000
00000000000000000001000000009E01
00000000000000000000000000000000
00000000000000000001000000009E01
00000000000000000000000000000000
00000000000000000001000000009E01
00000000000000000000000000000000
2000000FF00000000000000000000000
0000000000000000000000000000009F
00000000000000000000000000000000
00000000000000000001000000009F01
00000000000000000000000000000000
00000000000000000001000000009F01
00000000000000000000000000000000
00000000000000000001000000009F01
00000000000000000000000000000000
00000000000000000001000000009F01
00000000000000000000000000000000
00000000000000000001000000009F01
00000000000000000000000000000000
00000000000000000001000000009F01
00000000000000000000000000000000
00000000000000000001000000009F01
00000000000000000000000000000000
2000000FF00000000000000000000000
000000000000000000000000000000A0
00000000000000000000000000000000
0000000000000000000100000000A001
00000000000000000000000000000000
0000000000000000000100000000A001
00000000000000000000000000000000
0000000000000000000100000000A001
00000000000000000000000000000000
0000000000000000000100000000A001
00000000000000000000000000000000
0000000000000000000100000000A001
00000000000000000000000000000000
0000000000000000000100000000A001
00000000000000000000000000000000
0000000000000000000100000000A001
00000000000000000000000000000000
2000000FF00000000000000000000000
000000000000000000000000000000A1
00000000000000000000000000000000
0000000000000000000100000000A101
00000000000000000000000000000000
0000000000000000000100000000A101
00000000000000000000000000000000
0000000000000000000100000000A101
00000000000000000000000000000000
0000000000000000000100000000A101
00000000000000000000000000000000
0000000000000000000100000000A101
00000000000000000000000000000000
0000000000000000000100000000A101
00000000000000000000000000000000
0000000000000000000100000000A101
00000000000000000000000000000000
2000000FF00000000000000000000000
000000000000000000000000000000A2
00000000000000000000000000000000
0000000000000000000100000000A201
00000000000000000000000000000000
0000000000000000000100000000A201
00000000000000000000000000000000
0000000000000000000100000000A201
00000000000000000000000000000000
0000000000000000000100000000A201
00000000000000000000000000000000
0000000000000000000100000000A201
00000000000000000000000000000000
0000000000000000000100000000A201
00000000000000000000000000000000
0000000000000000000100000000A201
00000000000000000000000000000000
2000000FF00000000000000000000000
000000000000000000000000000000A3
00000000000000000000000000000000
0000000000000000000100000000A301
00000000000000000000000000000000
0000000000000000000100000000A301
00000000000000000000000000000000
0000000000000000000100000000A301
00000000000000000000000000000000
0000000000000000000100000000A301
00000000000000000000000000000000
0000000000000000000100000000A301
00000000000000000000000000000000
0000000000000000000100000000A301
00000000000000000000000000000000
0000000000000000000100000000A301
00000000000000000000000000000000
2000000FF00000000000000000000000
000000000000000000000000000000A4
00000000000000000000000000000000
0000000000000000000100000000A401
00000000000000000000000000000000
0000000000000000000100000000A401
00000000000000000000000000000000
0000000000000000000100000000A401
00000000000000000000000000000000
0000000000000000000100000000A401
00000000000000000000000000000000
0000000000000000000100000000A401
00000000000000000000000000000000
0000000000000000000100000000A401
00000000000000000000000000000000
0000000000000000000100000000A401
00000000000000000000000000000000
2000000FF00000000000000000000000
000000000000000000000000000000A5
00000000000000000000000000000000
0000000000000000000100000000A501
00000000000000000000000000000000
0000000000000000000100000000A501
00000000000000000000000000000000
0000000000000000000100000000A501
00000000000000000000000000000000
0000000000000000000100000000A501
00000000000000000000000000000000
0000000000000000000100000000A501
00000000000000000000000000000000
0000000000000000000100000000A501
00000000000000000000000000000000
0000000000000000000100000000A501
00000000000000000000000000000000
2000000FF00000000000000000000000
000000000000000000000000000000A6
00000000000000000000000000000000
0000000000000000000100000000A601
00000000000000000000000000000000
0000000000000000000100000000A601
00000000000000000000000000000000
0000000000000000000100000000A601
00000000000000000000000000000000
0000000000000000000100000000A601
00000000000000000000000000000000
0000000000000000000100000000A601
00000000000000000000000000000000
0000000000000000000100000000A601
00000000000000000000000000000000
0000000000000000000100000000A601
00000000000000000000000000000000
2000000FF00000000000000000000000
000000000000000000000000000000A7
00000000000000000000000000000000
0000000000000000000100000000A701
00000000000000000000000000000000
0000000000000000000100000000A701
00000000000000000000000000000000
0000000000000000000100000000A701
00000000000000000000000000000000
0000000000000000000100000000A701
00000000000000000000000000000000
0000000000000000000100000000A701
00000000000000000000000000000000
0000000000000000000100000000A701
00000000000000000000000000000000
0000000000000000000100000000A701
00000000000000000000000000000000
2000000FF00000000000000000000000
000000000000000000000000000000A8
00000000000000000000000000000000
0000000000000000000100000000A801
00000000000000000000000000000000
0000000000000000000100000000A801
00000000000000000000000000000000
0000000000000000000100000000A801
00000000000000000000000000000000
0000000000000000000100000000A801
00000000000000000000000000000000
0000000000000000000100000000A801
00000000000000000000000000000000
0000000000000000000100000000A801
00000000000000000000000000000000
0000000000000000000100000000A801
00000000000000000000000000000000
2000000FF00000000000000000000000
000000000000000000000000000000A9
00000000000000000000000000000000
0000000000000000000100000000A901
00000000000000000000000000000000
0000000000000000000100000000A901
00000000000000000000000000000000
0000000000000000000100000000A901
00000000000000000000000000000000
0000000000000000000100000000A901
00000000000000000000000000000000
0000000000000000000100000000A901
00000000000000000000000000000000
0000000000000000000100000000A901
00000000000000000000000000000000
0000000000000000000100000000A901
00000000000000000000000000000000
2000000FF00000000000000000000000
000000000000000000000000000000AA
00000000000000000000000000000000
0000000000000000000100000000AA01
00000000000000000000000000000000
0000000000000000000100000000AA01
00000000000000000000000000000000
0000000000000000000100000000AA01
00000000000000000000000000000000
0000000000000000000100000000AA01
00000000000000000000000000000000
0000000000000000000100000000AA01
00000000000000000000000000000000
0000000000000000000100000000AA01
00000000000000000000000000000000
0000000000000000000100000000AA01
00000000000000000000000000000000
2000000FF00000000000000000000000
000000000000000000000000000000AB
00000000000000000000000000000000
0000000000000000000100000000AB01
00000000000000000000000000000000
0000000000000000000100000000AB01
00000000000000000000000000000000
0000000000000000000100000000AB01
00000000000000000000000000000000
0000000000000000000100000000AB01
00000000000000000000000000000000
0000000000000000000100000000AB01
00000000000000000000000000000000
0000000000000000000100000000AB01
00000000000000000000000000000000
0000000000000000000100000000AB01
00000000000000000000000000000000
2000000FF00000000000000000000000
000000000000000000000000000000AC
00000000000000000000000000000000
0000000000000000000100000000AC01
00000000000000000000000000000000
0000000000000000000100000000AC01
00000000000000000000000000000000
0000000000000000000100000000AC01
00000000000000000000000000000000
0000000000000000000100000000AC01
00000000000000000000000000000000
0000000000000000000100000000AC01
00000000000000000000000000000000
0000000000000000000100000000AC01
00000000000000000000000000000000
0000000000000000000100000000AC01
00000000000000000000000000000000
2000000FF00000000000000000000000
000000000000000000000000000000AD
00000000000000000000000000000000
0000000000000000000100000000AD01
00000000000000000000000000000000
0000000000000000000100000000AD01
00000000000000000000000000000000
0000000000000000000100000000AD01
00000000000000000000000000000000
0000000000000000000100000000AD01
00000000000000000000000000000000
0000000000000000000100000000AD01
00000000000000000000000000000000
0000000000000000000100000000AD01
00000000000000000000000000000000
0000000000000000000100000000AD01
00000000000000000000000000000000
2000000FF00000000000000000000000
000000000000000000000000000000AE
00000000000000000000000000000000
0000000000000000000100000000AE01
00000000000000000000000000000000
0000000000000000000100000000AE01
00000000000000000000000000000000
0000000000000000000100000000AE01
00000000000000000000000000000000
0000000000000000000100000000AE01
00000000000000000000000000000000
0000000000000000000100000000AE01
00000000000000000000000000000000
0000000000000000000100000000AE01
00000000000000000000000000000000
0000000000000000000100000000AE01
00000000000000000000000000000000
2000000FF00000000000000000000000
000000000000000000000000000000AF
00000000000000000000000000000000
0000000000000000000100000000AF01
00000000000000000000000000000000
0000000000000000000100000000AF01
00000000000000000000000000000000
0000000000000000000100000000AF01
00000000000000000000000000000000
0000000000000000000100000000AF01
00000000000000000000000000000000
0000000000000000000100000000AF01
00000000000000000000000000000000
0000000000000000000100000000AF01
00000000000000000000000000000000
0000000000000000000100000000AF01
00000000000000000000000000000000
2000000FF00000000000000000000000
000000000000000000000000000000B0
00000000000000000000000000000000
0000000000000000000100000000B001
00000000000000000000000000000000
0000000000000000000100000000B001
00000000000000000000000000000000
0000000000000000000100000000B001
00000000000000000000000000000000
0000000000000000000100000000B001
00000000000000000000000000000000
0000000000000000000100000000B001
00000000000000000000000000000000
0000000000000000000100000000B001
00000000000000000000000000000000
0000000000000000000100000000B001
00000000000000000000000000000000
2000000FF00000000000000000000000
000000000000000000000000000000B1
00000000000000000000000000000000
0000000000000000000100000000B101
00000000000000000000000000000000
0000000000000000000100000000B101
00000000000000000000000000000000
0000000000000000000100000000B101
00000000000000000000000000000000
0000000000000000000100000000B101
00000000000000000000000000000000
0000000000000000000100000000B101
00000000000000000000000000000000
0000000000000000000100000000B101
00000000000000000000000000000000
0000000000000000000100000000B101
00000000000000000000000000000000
2000000FF00000000000000000000000
000000000000000000000000000000B2
00000000000000000000000000000000
0000000000000000000100000000B201
00000000000000000000000000000000
0000000000000000000100000000B201
00000000000000000000000000000000
0000000000000000000100000000B201
00000000000000000000000000000000
0000000000000000000100000000B201
00000000000000000000000000000000
0000000000000000000100000000B201
00000000000000000000000000000000
0000000000000000000100000000B201
00000000000000000000000000000000
0000000000000000000100000000B201
00000000000000000000000000000000
2000000FF00000000000000000000000
000000000000000000000000000000B3
00000000000000000000000000000000
0000000000000000000100000000B301
00000000000000000000000000000000
0000000000000000000100000000B301
00000000000000000000000000000000
0000000000000000000100000000B301
00000000000000000000000000000000
0000000000000000000100000000B301
00000000000000000000000000000000
0000000000000000000100000000B301
00000000000000000000000000000000
0000000000000000000100000000B301
00000000000000000000000000000000
0000000000000000000100000000B301
00000000000000000000000000000000
2000000FF00000000000000000000000
000000000000000000000000000000B4
00000000000000000000000000000000
0000000000000000000100000000B401
00000000000000000000000000000000
0000000000000000000100000000B401
00000000000000000000000000000000
0000000000000000000100000000B401
00000000000000000000000000000000
0000000000000000000100000000B401
00000000000000000000000000000000
0000000000000000000100000000B401
00000000000000000000000000000000
0000000000000000000100000000B401
00000000000000000000000000000000
0000000000000000000100000000B401
00000000000000000000000000000000
2000000FF00000000000000000000000
000000000000000000000000000000B5
00000000000000000000000000000000
0000000000000000000100000000B501
00000000000000000000000000000000
0000000000000000000100000000B501
00000000000000000000000000000000
0000000000000000000100000000B501
00000000000000000000000000000000
0000000000000000000100000000B501
00000000000000000000000000000000
0000000000000000000100000000B501
00000000000000000000000000000000
0000000000000000000100000000B501
00000000000000000000000000000000
0000000000000000000100000000B501
00000000000000000000000000000000
2000000FF00000000000000000000000
000000000000000000000000000000B6
00000000000000000000000000000000
0000000000000000000100000000B601
00000000000000000000000000000000
0000000000000000000100000000B601
00000000000000000000000000000000
0000000000000000000100000000B601
00000000000000000000000000000000
0000000000000000000100000000B601
00000000000000000000000000000000
0000000000000000000100000000B601
00000000000000000000000000000000
0000000000000000000100000000B601
00000000000000000000000000000000
0000000000000000000100000000B601
00000000000000000000000000000000
2000000FF00000000000000000000000
000000000000000000000000000000B7
00000000000000000000000000000000
0000000000000000000100000000B701
00000000000000000000000000000000
0000000000000000000100000000B701
00000000000000000000000000000000
0000000000000000000100000000B701
00000000000000000000000000000000
0000000000000000000100000000B701
00000000000000000000000000000000
0000000000000000000100000000B701
00000000000000000000000000000000
0000000000000000000100000000B701
00000000000000000000000000000000
0000000000000000000100000000B701
00000000000000000000000000000000
2000000FF00000000000000000000000
000000000000000000000000000000B8
00000000000000000000000000000000
0000000000000000000100000000B801
00000000000000000000000000000000
0000000000000000000100000000B801
00000000000000000000000000000000
0000000000000000000100000000B801
00000000000000000000000000000000
0000000000000000000100000000B801
00000000000000000000000000000000
0000000000000000000100000000B801
00000000000000000000000000000000
0000000000000000000100000000B801
00000000000000000000000000000000
0000000000000000000100000000B801
00000000000000000000000000000000
2000000FF00000000000000000000000
000000000000000000000000000000B9
00000000000000000000000000000000
0000000000000000000100000000B901
00000000000000000000000000000000
0000000000000000000100000000B901
00000000000000000000000000000000
0000000000000000000100000000B901
00000000000000000000000000000000
0000000000000000000100000000B901
00000000000000000000000000000000
0000000000000000000100000000B901
00000000000000000000000000000000
0000000000000000000100000000B901
00000000000000000000000000000000
0000000000000000000100000000B901
00000000000000000000000000000000
2000000FF00000000000000000000000
000000000000000000000000000000BA
00000000000000000000000000000000
0000000000000000000100000000BA01
00000000000000000000000000000000
0000000000000000000100000000BA01
00000000000000000000000000000000
0000000000000000000100000000BA01
00000000000000000000000000000000
0000000000000000000100000000BA01
00000000000000000000000000000000
0000000000000000000100000000BA01
00000000000000000000000000000000
0000000000000000000100000000BA01
00000000000000000000000000000000
0000000000000000000100000000BA01
00000000000000000000000000000000
2000000FF00000000000000000000000
000000000000000000000000000000BB
00000000000000000000000000000000
0000000000000000000100000000BB01
00000000000000000000000000000000
0000000000000000000100000000BB01
00000000000000000000000000000000
0000000000000000000100000000BB01
00000000000000000000000000000000
0000000000000000000100000000BB01
00000000000000000000000000000000
0000000000000000000100000000BB01
00000000000000000000000000000000
0000000000000000000100000000BB01
00000000000000000000000000000000
0000000000000000000100000000BB01
00000000000000000000000000000000
2000000FF00000000000000000000000
000000000000000000000000000000BC
00000000000000000000000000000000
0000000000000000000100000000BC01
00000000000000000000000000000000
0000000000000000000100000000BC01
00000000000000000000000000000000
0000000000000000000100000000BC01
00000000000000000000000000000000
0000000000000000000100000000BC01
00000000000000000000000000000000
0000000000000000000100000000BC01
00000000000000000000000000000000
0000000000000000000100000000BC01
00000000000000000000000000000000
0000000000000000000100000000BC01
00000000000000000000000000000000
2000000FF00000000000000000000000
000000000000000000000000000000BD
00000000000000000000000000000000
0000000000000000000100000000BD01
00000000000000000000000000000000
0000000000000000000100000000BD01
00000000000000000000000000000000
0000000000000000000100000000BD01
00000000000000000000000000000000
0000000000000000000100000000BD01
00000000000000000000000000000000
0000000000000000000100000000BD01
00000000000000000000000000000000
0000000000000000000100000000BD01
00000000000000000000000000000000
0000000000000000000100000000BD01
00000000000000000000000000000000
2000000FF00000000000000000000000
000000000000000000000000000000BE
00000000000000000000000000000000
0000000000000000000100000000BE01
00000000000000000000000000000000
0000000000000000000100000000BE01
00000000000000000000000000000000
0000000000000000000100000000BE01
00000000000000000000000000000000
0000000000000000000100000000BE01
00000000000000000000000000000000
0000000000000000000100000000BE01
00000000000000000000000000000000
0000000000000000000100000000BE01
00000000000000000000000000000000
0000000000000000000100000000BE01
00000000000000000000000000000000
2000000FF00000000000000000000000
000000000000000000000000000000BF
00000000000000000000000000000000
0000000000000000000100000000BF01
00000000000000000000000000000000
0000000000000000000100000000BF01
00000000000000000000000000000000
0000000000000000000100000000BF01
00000000000000000000000000000000
0000000000000000000100000000BF01
00000000000000000000000000000000
0000000000000000000100000000BF01
00000000000000000000000000000000
0000000000000000000100000000BF01
00000000000000000000000000000000
0000000000000000000100000000BF01
00000000000000000000000000000000
2000000FF00000000000000000000000
000000000000000000000000000000C0
00000000000000000000000000000000
0000000000000000000100000000C001
00000000000000000000000000000000
0000000000000000000100000000C001
00000000000000000000000000000000
0000000000000000000100000000C001
00000000000000000000000000000000
0000000000000000000100000000C001
00000000000000000000000000000000
0000000000000000000100000000C001
00000000000000000000000000000000
0000000000000000000100000000C001
00000000000000000000000000000000
0000000000000000000100000000C001
00000000000000000000000000000000
2000000FF00000000000000000000000
000000000000000000000000000000C1
00000000000000000000000000000000
0000000000000000000100000000C101
00000000000000000000000000000000
0000000000000000000100000000C101
00000000000000000000000000000000
0000000000000000000100000000C101
00000000000000000000000000000000
0000000000000000000100000000C101
00000000000000000000000000000000
0000000000000000000100000000C101
00000000000000000000000000000000
0000000000000000000100000000C101
00000000000000000000000000000000
0000000000000000000100000000C101
00000000000000000000000000000000
2000000FF00000000000000000000000
000000000000000000000000000000C2
00000000000000000000000000000000
0000000000000000000100000000C201
00000000000000000000000000000000
0000000000000000000100000000C201
00000000000000000000000000000000
0000000000000000000100000000C201
00000000000000000000000000000000
0000000000000000000100000000C201
00000000000000000000000000000000
0000000000000000000100000000C201
00000000000000000000000000000000
0000000000000000000100000000C201
00000000000000000000000000000000
0000000000000000000100000000C201
00000000000000000000000000000000
2000000FF00000000000000000000000
000000000000000000000000000000C3
00000000000000000000000000000000
0000000000000000000100000000C301
00000000000000000000000000000000
0000000000000000000100000000C301
00000000000000000000000000000000
0000000000000000000100000000C301
00000000000000000000000000000000
0000000000000000000100000000C301
00000000000000000000000000000000
0000000000000000000100000000C301
00000000000000000000000000000000
0000000000000000000100000000C301
00000000000000000000000000000000
0000000000000000000100000000C301
00000000000000000000000000000000
2000000FF00000000000000000000000
000000000000000000000000000000C4
00000000000000000000000000000000
0000000000000000000100000000C401
00000000000000000000000000000000
0000000000000000000100000000C401
00000000000000000000000000000000
0000000000000000000100000000C401
00000000000000000000000000000000
0000000000000000000100000000C401
00000000000000000000000000000000
0000000000000000000100000000C401
00000000000000000000000000000000
0000000000000000000100000000C401
00000000000000000000000000000000
0000000000000000000100000000C401
00000000000000000000000000000000
2000000FF00000000000000000000000
000000000000000000000000000000C5
00000000000000000000000000000000
0000000000000000000100000000C501
00000000000000000000000000000000
0000000000000000000100000000C501
00000000000000000000000000000000
0000000000000000000100000000C501
00000000000000000000000000000000
0000000000000000000100000000C501
00000000000000000000000000000000
0000000000000000000100000000C501
00000000000000000000000000000000
0000000000000000000100000000C501
00000000000000000000000000000000
0000000000000000000100000000C501
00000000000000000000000000000000
2000000FF00000000000000000000000
000000000000000000000000000000C6
00000000000000000000000000000000
0000000000000000000100000000C601
00000000000000000000000000000000
0000000000000000000100000000C601
00000000000000000000000000000000
0000000000000000000100000000C601
00000000000000000000000000000000
0000000000000000000100000000C601
00000000000000000000000000000000
0000000000000000000100000000C601
00000000000000000000000000000000
0000000000000000000100000000C601
00000000000000000000000000000000
0000000000000000000100000000C601
00000000000000000000000000000000
2000000FF00000000000000000000000
000000000000000000000000000000C7
00000000000000000000000000000000
0000000000000000000100000000C701
00000000000000000000000000000000
0000000000000000000100000000C701
00000000000000000000000000000000
0000000000000000000100000000C701
00000000000000000000000000000000
0000000000000000000100000000C701
00000000000000000000000000000000
0000000000000000000100000000C701
00000000000000000000000000000000
0000000000000000000100000000C701
00000000000000000000000000000000
0000000000000000000100000000C701
00000000000000000000000000000000
2000000FF00000000000000000000000
000000000000000000000000000000C8
00000000000000000000000000000000
0000000000000000000100000000C801
00000000000000000000000000000000
0000000000000000000100000000C801
00000000000000000000000000000000
0000000000000000000100000000C801
00000000000000000000000000000000
0000000000000000000100000000C801
00000000000000000000000000000000
0000000000000000000100000000C801
00000000000000000000000000000000
0000000000000000000100000000C801
00000000000000000000000000000000
0000000000000000000100000000C801
00000000000000000000000000000000
2000000FF00000000000000000000000
000000000000000000000000000000C9
00000000000000000000000000000000
0000000000000000000100000000C901
00000000000000000000000000000000
0000000000000000000100000000C901
00000000000000000000000000000000
0000000000000000000100000000C901
00000000000000000000000000000000
0000000000000000000100000000C901
00000000000000000000000000000000
0000000000000000000100000000C901
00000000000000000000000000000000
0000000000000000000100000000C901
00000000000000000000000000000000
0000000000000000000100000000C901
00000000000000000000000000000000
2000000FF00000000000000000000000
000000000000000000000000000000CA
00000000000000000000000000000000
0000000000000000000100000000CA01
00000000000000000000000000000000
0000000000000000000100000000CA01
00000000000000000000000000000000
0000000000000000000100000000CA01
00000000000000000000000000000000
0000000000000000000100000000CA01
00000000000000000000000000000000
0000000000000000000100000000CA01
00000000000000000000000000000000
0000000000000000000100000000CA01
00000000000000000000000000000000
0000000000000000000100000000CA01
00000000000000000000000000000000
2000000FF00000000000000000000000
000000000000000000000000000000CB
00000000000000000000000000000000
0000000000000000000100000000CB01
00000000000000000000000000000000
0000000000000000000100000000CB01
00000000000000000000000000000000
0000000000000000000100000000CB01
00000000000000000000000000000000
0000000000000000000100000000CB01
00000000000000000000000000000000
0000000000000000000100000000CB01
00000000000000000000000000000000
0000000000000000000100000000CB01
00000000000000000000000000000000
0000000000000000000100000000CB01
00000000000000000000000000000000
2000000FF00000000000000000000000
000000000000000000000000000000CC
00000000000000000000000000000000
0000000000000000000100000000CC01
00000000000000000000000000000000
0000000000000000000100000000CC01
00000000000000000000000000000000
0000000000000000000100000000CC01
00000000000000000000000000000000
0000000000000000000100000000CC01
00000000000000000000000000000000
0000000000000000000100000000CC01
00000000000000000000000000000000
0000000000000000000100000000CC01
00000000000000000000000000000000
0000000000000000000100000000CC01
00000000000000000000000000000000
2000000FF00000000000000000000000
000000000000000000000000000000CD
00000000000000000000000000000000
0000000000000000000100000000CD01
00000000000000000000000000000000
0000000000000000000100000000CD01
00000000000000000000000000000000
0000000000000000000100000000CD01
00000000000000000000000000000000
0000000000000000000100000000CD01
00000000000000000000000000000000
0000000000000000000100000000CD01
00000000000000000000000000000000
0000000000000000000100000000CD01
00000000000000000000000000000000
0000000000000000000100000000CD01
00000000000000000000000000000000
2000000FF00000000000000000000000
000000000000000000000000000000CE
00000000000000000000000000000000
0000000000000000000100000000CE01
00000000000000000000000000000000
0000000000000000000100000000CE01
00000000000000000000000000000000
0000000000000000000100000000CE01
00000000000000000000000000000000
0000000000000000000100000000CE01
00000000000000000000000000000000
0000000000000000000100000000CE01
00000000000000000000000000000000
0000000000000000000100000000CE01
00000000000000000000000000000000
0000000000000000000100000000CE01
00000000000000000000000000000000
2000000FF00000000000000000000000
000000000000000000000000000000CF
00000000000000000000000000000000
0000000000000000000100000000CF01
00000000000000000000000000000000
0000000000000000000100000000CF01
00000000000000000000000000000000
0000000000000000000100000000CF01
00000000000000000000000000000000
0000000000000000000100000000CF01
00000000000000000000000000000000
0000000000000000000100000000CF01
00000000000000000000000000000000
0000000000000000000100000000CF01
00000000000000000000000000000000
0000000000000000000100000000CF01
00000000000000000000000000000000
2000000FF00000000000000000000000
000000000000000000000000000000D0
00000000000000000000000000000000
0000000000000000000100000000D001
00000000000000000000000000000000
0000000000000000000100000000D001
00000000000000000000000000000000
0000000000000000000100000000D001
00000000000000000000000000000000
0000000000000000000100000000D001
00000000000000000000000000000000
0000000000000000000100000000D001
00000000000000000000000000000000
0000000000000000000100000000D001
00000000000000000000000000000000
0000000000000000000100000000D001
00000000000000000000000000000000
2000000FF00000000000000000000000
000000000000000000000000000000D1
00000000000000000000000000000000
0000000000000000000100000000D101
00000000000000000000000000000000
0000000000000000000100000000D101
00000000000000000000000000000000
0000000000000000000100000000D101
00000000000000000000000000000000
0000000000000000000100000000D101
00000000000000000000000000000000
0000000000000000000100000000D101
00000000000000000000000000000000
0000000000000000000100000000D101
00000000000000000000000000000000
0000000000000000000100000000D101
00000000000000000000000000000000
2000000FF00000000000000000000000
000000000000000000000000000000D2
00000000000000000000000000000000
0000000000000000000100000000D201
00000000000000000000000000000000
0000000000000000000100000000D201
00000000000000000000000000000000
0000000000000000000100000000D201
00000000000000000000000000000000
0000000000000000000100000000D201
00000000000000000000000000000000
0000000000000000000100000000D201
00000000000000000000000000000000
0000000000000000000100000000D201
00000000000000000000000000000000
0000000000000000000100000000D201
00000000000000000000000000000000
2000000FF00000000000000000000000
000000000000000000000000000000D3
00000000000000000000000000000000
0000000000000000000100000000D301
00000000000000000000000000000000
0000000000000000000100000000D301
00000000000000000000000000000000
0000000000000000000100000000D301
00000000000000000000000000000000
0000000000000000000100000000D301
00000000000000000000000000000000
0000000000000000000100000000D301
00000000000000000000000000000000
0000000000000000000100000000D301
00000000000000000000000000000000
0000000000000000000100000000D301
00000000000000000000000000000000
2000000FF00000000000000000000000
000000000000000000000000000000D4
00000000000000000000000000000000
0000000000000000000100000000D401
00000000000000000000000000000000
0000000000000000000100000000D401
00000000000000000000000000000000
0000000000000000000100000000D401
00000000000000000000000000000000
0000000000000000000100000000D401
00000000000000000000000000000000
0000000000000000000100000000D401
00000000000000000000000000000000
0000000000000000000100000000D401
00000000000000000000000000000000
0000000000000000000100000000D401
00000000000000000000000000000000
2000000FF00000000000000000000000
000000000000000000000000000000D5
00000000000000000000000000000000
0000000000000000000100000000D501
00000000000000000000000000000000
0000000000000000000100000000D501
00000000000000000000000000000000
0000000000000000000100000000D501
00000000000000000000000000000000
0000000000000000000100000000D501
00000000000000000000000000000000
0000000000000000000100000000D501
00000000000000000000000000000000
0000000000000000000100000000D501
00000000000000000000000000000000
0000000000000000000100000000D501
00000000000000000000000000000000
2000000FF00000000000000000000000
000000000000000000000000000000D6
00000000000000000000000000000000
0000000000000000000100000000D601
00000000000000000000000000000000
0000000000000000000100000000D601
00000000000000000000000000000000
0000000000000000000100000000D601
00000000000000000000000000000000
0000000000000000000100000000D601
00000000000000000000000000000000
0000000000000000000100000000D601
00000000000000000000000000000000
0000000000000000000100000000D601
00000000000000000000000000000000
0000000000000000000100000000D601
00000000000000000000000000000000
2000000FF00000000000000000000000
000000000000000000000000000000D7
00000000000000000000000000000000
0000000000000000000100000000D701
00000000000000000000000000000000
0000000000000000000100000000D701
00000000000000000000000000000000
0000000000000000000100000000D701
00000000000000000000000000000000
0000000000000000000100000000D701
00000000000000000000000000000000
0000000000000000000100000000D701
00000000000000000000000000000000
0000000000000000000100000000D701
00000000000000000000000000000000
0000000000000000000100000000D701
00000000000000000000000000000000
2000000FF00000000000000000000000
000000000000000000000000000000D8
00000000000000000000000000000000
0000000000000000000100000000D801
00000000000000000000000000000000
0000000000000000000100000000D801
00000000000000000000000000000000
0000000000000000000100000000D801
00000000000000000000000000000000
0000000000000000000100000000D801
00000000000000000000000000000000
0000000000000000000100000000D801
00000000000000000000000000000000
0000000000000000000100000000D801
00000000000000000000000000000000
0000000000000000000100000000D801
00000000000000000000000000000000
2000000FF00000000000000000000000
000000000000000000000000000000D9
00000000000000000000000000000000
0000000000000000000100000000D901
00000000000000000000000000000000
0000000000000000000100000000D901
00000000000000000000000000000000
0000000000000000000100000000D901
00000000000000000000000000000000
0000000000000000000100000000D901
00000000000000000000000000000000
0000000000000000000100000000D901
00000000000000000000000000000000
0000000000000000000100000000D901
00000000000000000000000000000000
0000000000000000000100000000D901
00000000000000000000000000000000
2000000FF00000000000000000000000
000000000000000000000000000000DA
00000000000000000000000000000000
0000000000000000000100000000DA01
00000000000000000000000000000000
0000000000000000000100000000DA01
00000000000000000000000000000000
0000000000000000000100000000DA01
00000000000000000000000000000000
0000000000000000000100000000DA01
00000000000000000000000000000000
0000000000000000000100000000DA01
00000000000000000000000000000000
0000000000000000000100000000DA01
00000000000000000000000000000000
0000000000000000000100000000DA01
00000000000000000000000000000000
2000000FF00000000000000000000000
000000000000000000000000000000DB
00000000000000000000000000000000
0000000000000000000100000000DB01
00000000000000000000000000000000
0000000000000000000100000000DB01
00000000000000000000000000000000
0000000000000000000100000000DB01
00000000000000000000000000000000
0000000000000000000100000000DB01
00000000000000000000000000000000
0000000000000000000100000000DB01
00000000000000000000000000000000
0000000000000000000100000000DB01
00000000000000000000000000000000
0000000000000000000100000000DB01
00000000000000000000000000000000
2000000FF00000000000000000000000
000000000000000000000000000000DC
00000000000000000000000000000000
0000000000000000000100000000DC01
00000000000000000000000000000000
0000000000000000000100000000DC01
00000000000000000000000000000000
0000000000000000000100000000DC01
00000000000000000000000000000000
0000000000000000000100000000DC01
00000000000000000000000000000000
0000000000000000000100000000DC01
00000000000000000000000000000000
0000000000000000000100000000DC01
00000000000000000000000000000000
0000000000000000000100000000DC01
00000000000000000000000000000000
2000000FF00000000000000000000000
000000000000000000000000000000DD
00000000000000000000000000000000
0000000000000000000100000000DD01
00000000000000000000000000000000
0000000000000000000100000000DD01
00000000000000000000000000000000
0000000000000000000100000000DD01
00000000000000000000000000000000
0000000000000000000100000000DD01
00000000000000000000000000000000
0000000000000000000100000000DD01
00000000000000000000000000000000
0000000000000000000100000000DD01
00000000000000000000000000000000
0000000000000000000100000000DD01
00000000000000000000000000000000
2000000FF00000000000000000000000
000000000000000000000000000000DE
00000000000000000000000000000000
0000000000000000000100000000DE01
00000000000000000000000000000000
0000000000000000000100000000DE01
00000000000000000000000000000000
0000000000000000000100000000DE01
00000000000000000000000000000000
0000000000000000000100000000DE01
00000000000000000000000000000000
0000000000000000000100000000DE01
00000000000000000000000000000000
0000000000000000000100000000DE01
00000000000000000000000000000000
0000000000000000000100000000DE01
00000000000000000000000000000000
2000000FF00000000000000000000000
000000000000000000000000000000DF
00000000000000000000000000000000
0000000000000000000100000000DF01
00000000000000000000000000000000
0000000000000000000100000000DF01
00000000000000000000000000000000
0000000000000000000100000000DF01
00000000000000000000000000000000
0000000000000000000100000000DF01
00000000000000000000000000000000
0000000000000000000100000000DF01
00000000000000000000000000000000
0000000000000000000100000000DF01
00000000000000000000000000000000
0000000000000000000100000000DF01
00000000000000000000000000000000
2000000FF00000000000000000000000
000000000000000000000000000000E0
00000000000000000000000000000000
0000000000000000000100000000E001
00000000000000000000000000000000
0000000000000000000100000000E001
00000000000000000000000000000000
0000000000000000000100000000E001
00000000000000000000000000000000
0000000000000000000100000000E001
00000000000000000000000000000000
0000000000000000000100000000E001
00000000000000000000000000000000
0000000000000000000100000000E001
00000000000000000000000000000000
0000000000000000000100000000E001
00000000000000000000000000000000
2000000FF00000000000000000000000
000000000000000000000000000000E1
00000000000000000000000000000000
0000000000000000000100000000E101
00000000000000000000000000000000
0000000000000000000100000000E101
00000000000000000000000000000000
0000000000000000000100000000E101
00000000000000000000000000000000
0000000000000000000100000000E101
00000000000000000000000000000000
0000000000000000000100000000E101
00000000000000000000000000000000
0000000000000000000100000000E101
00000000000000000000000000000000
0000000000000000000100000000E101
00000000000000000000000000000000
2000000FF00000000000000000000000
000000000000000000000000000000E2
00000000000000000000000000000000
0000000000000000000100000000E201
00000000000000000000000000000000
0000000000000000000100000000E201
00000000000000000000000000000000
0000000000000000000100000000E201
00000000000000000000000000000000
0000000000000000000100000000E201
00000000000000000000000000000000
0000000000000000000100000000E201
00000000000000000000000000000000
0000000000000000000100000000E201
00000000000000000000000000000000
0000000000000000000100000000E201
00000000000000000000000000000000
2000000FF00000000000000000000000
000000000000000000000000000000E3
00000000000000000000000000000000
0000000000000000000100000000E301
00000000000000000000000000000000
0000000000000000000100000000E301
00000000000000000000000000000000
0000000000000000000100000000E301
00000000000000000000000000000000
0000000000000000000100000000E301
00000000000000000000000000000000
0000000000000000000100000000E301
00000000000000000000000000000000
0000000000000000000100000000E301
00000000000000000000000000000000
0000000000000000000100000000E301
00000000000000000000000000000000
2000000FF00000000000000000000000
000000000000000000000000000000E4
00000000000000000000000000000000
0000000000000000000100000000E401
00000000000000000000000000000000
0000000000000000000100000000E401
00000000000000000000000000000000
0000000000000000000100000000E401
00000000000000000000000000000000
0000000000000000000100000000E401
00000000000000000000000000000000
0000000000000000000100000000E401
00000000000000000000000000000000
0000000000000000000100000000E401
00000000000000000000000000000000
0000000000000000000100000000E401
00000000000000000000000000000000
2000000FF00000000000000000000000
000000000000000000000000000000E5
00000000000000000000000000000000
0000000000000000000100000000E501
00000000000000000000000000000000
0000000000000000000100000000E501
00000000000000000000000000000000
0000000000000000000100000000E501
00000000000000000000000000000000
0000000000000000000100000000E501
00000000000000000000000000000000
0000000000000000000100000000E501
00000000000000000000000000000000
0000000000000000000100000000E501
00000000000000000000000000000000
0000000000000000000100000000E501
00000000000000000000000000000000
2000000FF00000000000000000000000
000000000000000000000000000000E6
00000000000000000000000000000000
0000000000000000000100000000E601
00000000000000000000000000000000
0000000000000000000100000000E601
00000000000000000000000000000000
0000000000000000000100000000E601
00000000000000000000000000000000
0000000000000000000100000000E601
00000000000000000000000000000000
0000000000000000000100000000E601
00000000000000000000000000000000
0000000000000000000100000000E601
00000000000000000000000000000000
0000000000000000000100000000E601
00000000000000000000000000000000
2000000FF00000000000000000000000
000000000000000000000000000000E7
00000000000000000000000000000000
0000000000000000000100000000E701
00000000000000000000000000000000
0000000000000000000100000000E701
00000000000000000000000000000000
0000000000000000000100000000E701
00000000000000000000000000000000
0000000000000000000100000000E701
00000000000000000000000000000000
0000000000000000000100000000E701
00000000000000000000000000000000
0000000000000000000100000000E701
00000000000000000000000000000000
0000000000000000000100000000E701
00000000000000000000000000000000
2000000FF00000000000000000000000
000000000000000000000000000000E8
00000000000000000000000000000000
0000000000000000000100000000E801
00000000000000000000000000000000
0000000000000000000100000000E801
00000000000000000000000000000000
0000000000000000000100000000E801
00000000000000000000000000000000
0000000000000000000100000000E801
00000000000000000000000000000000
0000000000000000000100000000E801
00000000000000000000000000000000
0000000000000000000100000000E801
00000000000000000000000000000000
0000000000000000000100000000E801
00000000000000000000000000000000
2000000FF00000000000000000000000
000000000000000000000000000000E9
00000000000000000000000000000000
0000000000000000000100000000E901
00000000000000000000000000000000
0000000000000000000100000000E901
00000000000000000000000000000000
0000000000000000000100000000E901
00000000000000000000000000000000
0000000000000000000100000000E901
00000000000000000000000000000000
0000000000000000000100000000E901
00000000000000000000000000000000
0000000000000000000100000000E901
00000000000000000000000000000000
0000000000000000000100000000E901
00000000000000000000000000000000
2000000FF00000000000000000000000
000000000000000000000000000000EA
00000000000000000000000000000000
0000000000000000000100000000EA01
00000000000000000000000000000000
0000000000000000000100000000EA01
00000000000000000000000000000000
0000000000000000000100000000EA01
00000000000000000000000000000000
0000000000000000000100000000EA01
00000000000000000000000000000000
0000000000000000000100000000EA01
00000000000000000000000000000000
0000000000000000000100000000EA01
00000000000000000000000000000000
0000000000000000000100000000EA01
00000000000000000000000000000000
2000000FF00000000000000000000000
000000000000000000000000000000EB
00000000000000000000000000000000
0000000000000000000100000000EB01
00000000000000000000000000000000
0000000000000000000100000000EB01
00000000000000000000000000000000
0000000000000000000100000000EB01
00000000000000000000000000000000
0000000000000000000100000000EB01
00000000000000000000000000000000
0000000000000000000100000000EB01
00000000000000000000000000000000
0000000000000000000100000000EB01
00000000000000000000000000000000
0000000000000000000100000000EB01
00000000000000000000000000000000
2000000FF00000000000000000000000
000000000000000000000000000000EC
00000000000000000000000000000000
0000000000000000000100000000EC01
00000000000000000000000000000000
0000000000000000000100000000EC01
00000000000000000000000000000000
0000000000000000000100000000EC01
00000000000000000000000000000000
0000000000000000000100000000EC01
00000000000000000000000000000000
0000000000000000000100000000EC01
00000000000000000000000000000000
0000000000000000000100000000EC01
00000000000000000000000000000000
0000000000000000000100000000EC01
00000000000000000000000000000000
2000000FF00000000000000000000000
000000000000000000000000000000ED
00000000000000000000000000000000
0000000000000000000100000000ED01
00000000000000000000000000000000
0000000000000000000100000000ED01
00000000000000000000000000000000
0000000000000000000100000000ED01
00000000000000000000000000000000
0000000000000000000100000000ED01
00000000000000000000000000000000
0000000000000000000100000000ED01
00000000000000000000000000000000
0000000000000000000100000000ED01
00000000000000000000000000000000
0000000000000000000100000000ED01
00000000000000000000000000000000
2000000FF00000000000000000000000
000000000000000000000000000000EE
00000000000000000000000000000000
0000000000000000000100000000EE01
00000000000000000000000000000000
0000000000000000000100000000EE01
00000000000000000000000000000000
0000000000000000000100000000EE01
00000000000000000000000000000000
0000000000000000000100000000EE01
00000000000000000000000000000000
0000000000000000000100000000EE01
00000000000000000000000000000000
0000000000000000000100000000EE01
00000000000000000000000000000000
0000000000000000000100000000EE01
00000000000000000000000000000000
2000000FF00000000000000000000000
000000000000000000000000000000EF
00000000000000000000000000000000
0000000000000000000100000000EF01
00000000000000000000000000000000
0000000000000000000100000000EF01
00000000000000000000000000000000
0000000000000000000100000000EF01
00000000000000000000000000000000
0000000000000000000100000000EF01
00000000000000000000000000000000
0000000000000000000100000000EF01
00000000000000000000000000000000
0000000000000000000100000000EF01
00000000000000000000000000000000
0000000000000000000100000000EF01
00000000000000000000000000000000
2000000FF00000000000000000000000
000000000000000000000000000000F0
00000000000000000000000000000000
0000000000000000000100000000F001
00000000000000000000000000000000
0000000000000000000100000000F001
00000000000000000000000000000000
0000000000000000000100000000F001
00000000000000000000000000000000
0000000000000000000100000000F001
00000000000000000000000000000000
0000000000000000000100000000F001
00000000000000000000000000000000
0000000000000000000100000000F001
00000000000000000000000000000000
0000000000000000000100000000F001
00000000000000000000000000000000
2000000FF00000000000000000000000
000000000000000000000000000000F1
00000000000000000000000000000000
0000000000000000000100000000F101
00000000000000000000000000000000
0000000000000000000100000000F101
00000000000000000000000000000000
0000000000000000000100000000F101
00000000000000000000000000000000
0000000000000000000100000000F101
00000000000000000000000000000000
0000000000000000000100000000F101
00000000000000000000000000000000
0000000000000000000100000000F101
00000000000000000000000000000000
0000000000000000000100000000F101
00000000000000000000000000000000
2000000FF00000000000000000000000
000000000000000000000000000000F2
00000000000000000000000000000000
0000000000000000000100000000F201
00000000000000000000000000000000
0000000000000000000100000000F201
00000000000000000000000000000000
0000000000000000000100000000F201
00000000000000000000000000000000
0000000000000000000100000000F201
00000000000000000000000000000000
0000000000000000000100000000F201
00000000000000000000000000000000
0000000000000000000100000000F201
00000000000000000000000000000000
0000000000000000000100000000F201
00000000000000000000000000000000
2000000FF00000000000000000000000
000000000000000000000000000000F3
00000000000000000000000000000000
0000000000000000000100000000F301
00000000000000000000000000000000
0000000000000000000100000000F301
00000000000000000000000000000000
0000000000000000000100000000F301
00000000000000000000000000000000
0000000000000000000100000000F301
00000000000000000000000000000000
0000000000000000000100000000F301
00000000000000000000000000000000
0000000000000000000100000000F301
00000000000000000000000000000000
0000000000000000000100000000F301
00000000000000000000000000000000
2000000FF00000000000000000000000
000000000000000000000000000000F4
00000000000000000000000000000000
0000000000000000000100000000F401
00000000000000000000000000000000
0000000000000000000100000000F401
00000000000000000000000000000000
0000000000000000000100000000F401
00000000000000000000000000000000
0000000000000000000100000000F401
00000000000000000000000000000000
0000000000000000000100000000F401
00000000000000000000000000000000
0000000000000000000100000000F401
00000000000000000000000000000000
0000000000000000000100000000F401
00000000000000000000000000000000
2000000FF00000000000000000000000
000000000000000000000000000000F5
00000000000000000000000000000000
0000000000000000000100000000F501
00000000000000000000000000000000
0000000000000000000100000000F501
00000000000000000000000000000000
0000000000000000000100000000F501
00000000000000000000000000000000
0000000000000000000100000000F501
00000000000000000000000000000000
0000000000000000000100000000F501
00000000000000000000000000000000
0000000000000000000100000000F501
00000000000000000000000000000000
0000000000000000000100000000F501
00000000000000000000000000000000
2000000FF00000000000000000000000
000000000000000000000000000000F6
00000000000000000000000000000000
0000000000000000000100000000F601
00000000000000000000000000000000
0000000000000000000100000000F601
00000000000000000000000000000000
0000000000000000000100000000F601
00000000000000000000000000000000
0000000000000000000100000000F601
00000000000000000000000000000000
0000000000000000000100000000F601
00000000000000000000000000000000
0000000000000000000100000000F601
00000000000000000000000000000000
0000000000000000000100000000F601
00000000000000000000000000000000
2000000FF00000000000000000000000
000000000000000000000000000000F7
00000000000000000000000000000000
0000000000000000000100000000F701
00000000000000000000000000000000
0000000000000000000100000000F701
00000000000000000000000000000000
0000000000000000000100000000F701
00000000000000000000000000000000
0000000000000000000100000000F701
00000000000000000000000000000000
0000000000000000000100000000F701
00000000000000000000000000000000
0000000000000000000100000000F701
00000000000000000000000000000000
0000000000000000000100000000F701
00000000000000000000000000000000
2000000FF00000000000000000000000
000000000000000000000000000000F8
00000000000000000000000000000000
0000000000000000000100000000F801
00000000000000000000000000000000
0000000000000000000100000000F801
00000000000000000000000000000000
0000000000000000000100000000F801
00000000000000000000000000000000
0000000000000000000100000000F801
00000000000000000000000000000000
0000000000000000000100000000F801
00000000000000000000000000000000
0000000000000000000100000000F801
00000000000000000000000000000000
0000000000000000000100000000F801
00000000000000000000000000000000
2000000FF00000000000000000000000
000000000000000000000000000000F9
00000000000000000000000000000000
0000000000000000000100000000F901
00000000000000000000000000000000
0000000000000000000100000000F901
00000000000000000000000000000000
0000000000000000000100000000F901
00000000000000000000000000000000
0000000000000000000100000000F901
00000000000000000000000000000000
0000000000000000000100000000F901
00000000000000000000000000000000
0000000000000000000100000000F901
00000000000000000000000000000000
0000000000000000000100000000F901
00000000000000000000000000000000
2000000FF00000000000000000000000
000000000000000000000000000000FA
00000000000000000000000000000000
0000000000000000000100000000FA01
00000000000000000000000000000000
0000000000000000000100000000FA01
00000000000000000000000000000000
0000000000000000000100000000FA01
00000000000000000000000000000000
0000000000000000000100000000FA01
00000000000000000000000000000000
0000000000000000000100000000FA01
00000000000000000000000000000000
0000000000000000000100000000FA01
00000000000000000000000000000000
0000000000000000000100000000FA01
00000000000000000000000000000000
2000000FF00000000000000000000000
000000000000000000000000000000FB
00000000000000000000000000000000
0000000000000000000100000000FB01
00000000000000000000000000000000
0000000000000000000100000000FB01
00000000000000000000000000000000
0000000000000000000100000000FB01
00000000000000000000000000000000
0000000000000000000100000000FB01
00000000000000000000000000000000
0000000000000000000100000000FB01
00000000000000000000000000000000
0000000000000000000100000000FB01
00000000000000000000000000000000
0000000000000000000100000000FB01
00000000000000000000000000000000
2000000FF00000000000000000000000
000000000000000000000000000000FC
00000000000000000000000000000000
0000000000000000000100000000FC01
00000000000000000000000000000000
0000000000000000000100000000FC01
00000000000000000000000000000000
0000000000000000000100000000FC01
00000000000000000000000000000000
0000000000000000000100000000FC01
00000000000000000000000000000000
0000000000000000000100000000FC01
00000000000000000000000000000000
0000000000000000000100000000FC01
00000000000000000000000000000000
0000000000000000000100000000FC01
00000000000000000000000000000000
2000000FF00000000000000000000000
000000000000000000000000000000FD
00000000000000000000000000000000
0000000000000000000100000000FD01
00000000000000000000000000000000
0000000000000000000100000000FD01
00000000000000000000000000000000
0000000000000000000100000000FD01
00000000000000000000000000000000
0000000000000000000100000000FD01
00000000000000000000000000000000
0000000000000000000100000000FD01
00000000000000000000000000000000
0000000000000000000100000000FD01
00000000000000000000000000000000
0000000000000000000100000000FD01
00000000000000000000000000000000
2000000FF00000000000000000000000
000000000000000000000000000000FE
00000000000000000000000000000000
0000000000000000000100000000FE01
00000000000000000000000000000000
0000000000000000000100000000FE01
00000000000000000000000000000000
0000000000000000000100000000FE01
00000000000000000000000000000000
0000000000000000000100000000FE01
00000000000000000000000000000000
0000000000000000000100000000FE01
00000000000000000000000000000000
0000000000000000000100000000FE01
00000000000000000000000000000000
0000000000000000000100000000FE01
00000000000000000000000000000000
2000000FF00000000000000000000000
000000000000000000000000000000FF
00000000000000000000000000000000
0000000000000000000100000000FF01
00000000000000000000000000000000
0000000000000000000100000000FF01
00000000000000000000000000000000
0000000000000000000100000000FF01
00000000000000000000000000000000
0000000000000000000100000000FF01
00000000000000000000000000000000
0000000000000000000100000000FF01
00000000000000000000000000000000
0000000000000000000100000000FF01
00000000000000000000000000000000
0000000000000000000100000000FF01
00000000000000000000000000000000
2000000FF00000000000000000000000
00000000000000000000000000000100
00000000000000000000000000000000
00000000000000000001000000010001
00000000000000000000000000000000
00000000000000000001000000010001
00000000000000000000000000000000
00000000000000000001000000010001
00000000000000000000000000000000
00000000000000000001000000010001
00000000000000000000000000000000
00000000000000000001000000010001
00000000000000000000000000000000
00000000000000000001000000010001
00000000000000000000000000000000
00000000000000000001000000010001
00000000000000000000000000000000
2000000FF00000000000000000000000
00000000000000000000000000000101
00000000000000000000000000000000
00000000000000000001000000010101
00000000000000000000000000000000
00000000000000000001000000010101
00000000000000000000000000000000
00000000000000000001000000010101
00000000000000000000000000000000
00000000000000000001000000010101
00000000000000000000000000000000
00000000000000000001000000010101
00000000000000000000000000000000
00000000000000000001000000010101
00000000000000000000000000000000
00000000000000000001000000010101
00000000000000000000000000000000
2000000FF00000000000000000000000
00000000000000000000000000000102
00000000000000000000000000000000
00000000000000000001000000010201
00000000000000000000000000000000
00000000000000000001000000010201
00000000000000000000000000000000
00000000000000000001000000010201
00000000000000000000000000000000
00000000000000000001000000010201
00000000000000000000000000000000
00000000000000000001000000010201
00000000000000000000000000000000
00000000000000000001000000010201
00000000000000000000000000000000
00000000000000000001000000010201
00000000000000000000000000000000
2000000FF00000000000000000000000
00000000000000000000000000000103
00000000000000000000000000000000
00000000000000000001000000010301
00000000000000000000000000000000
00000000000000000001000000010301
00000000000000000000000000000000
00000000000000000001000000010301
00000000000000000000000000000000
00000000000000000001000000010301
00000000000000000000000000000000
00000000000000000001000000010301
00000000000000000000000000000000
00000000000000000001000000010301
00000000000000000000000000000000
00000000000000000001000000010301
00000000000000000000000000000000
2000000FF00000000000000000000000
00000000000000000000000000000104
00000000000000000000000000000000
00000000000000000001000000010401
00000000000000000000000000000000
00000000000000000001000000010401
00000000000000000000000000000000
00000000000000000001000000010401
00000000000000000000000000000000
00000000000000000001000000010401
00000000000000000000000000000000
00000000000000000001000000010401
00000000000000000000000000000000
00000000000000000001000000010401
00000000000000000000000000000000
00000000000000000001000000010401
00000000000000000000000000000000
2000000FF00000000000000000000000
00000000000000000000000000000105
00000000000000000000000000000000
00000000000000000001000000010501
00000000000000000000000000000000
00000000000000000001000000010501
00000000000000000000000000000000
00000000000000000001000000010501
00000000000000000000000000000000
00000000000000000001000000010501
00000000000000000000000000000000
00000000000000000001000000010501
00000000000000000000000000000000
00000000000000000001000000010501
00000000000000000000000000000000
00000000000000000001000000010501
00000000000000000000000000000000
2000000FF00000000000000000000000
00000000000000000000000000000106
00000000000000000000000000000000
00000000000000000001000000010601
00000000000000000000000000000000
00000000000000000001000000010601
00000000000000000000000000000000
00000000000000000001000000010601
00000000000000000000000000000000
00000000000000000001000000010601
00000000000000000000000000000000
00000000000000000001000000010601
00000000000000000000000000000000
00000000000000000001000000010601
00000000000000000000000000000000
00000000000000000001000000010601
00000000000000000000000000000000
2000000FF00000000000000000000000
00000000000000000000000000000107
00000000000000000000000000000000
00000000000000000001000000010701
00000000000000000000000000000000
00000000000000000001000000010701
00000000000000000000000000000000
00000000000000000001000000010701
00000000000000000000000000000000
00000000000000000001000000010701
00000000000000000000000000000000
00000000000000000001000000010701
00000000000000000000000000000000
00000000000000000001000000010701
00000000000000000000000000000000
00000000000000000001000000010701
00000000000000000000000000000000
2000000FF00000000000000000000000
00000000000000000000000000000108
00000000000000000000000000000000
00000000000000000001000000010801
00000000000000000000000000000000
00000000000000000001000000010801
00000000000000000000000000000000
00000000000000000001000000010801
00000000000000000000000000000000
00000000000000000001000000010801
00000000000000000000000000000000
00000000000000000001000000010801
00000000000000000000000000000000
00000000000000000001000000010801
00000000000000000000000000000000
00000000000000000001000000010801
00000000000000000000000000000000
2000000FF00000000000000000000000
00000000000000000000000000000109
00000000000000000000000000000000
00000000000000000001000000010901
00000000000000000000000000000000
00000000000000000001000000010901
00000000000000000000000000000000
00000000000000000001000000010901
00000000000000000000000000000000
00000000000000000001000000010901
00000000000000000000000000000000
00000000000000000001000000010901
00000000000000000000000000000000
00000000000000000001000000010901
00000000000000000000000000000000
00000000000000000001000000010901
00000000000000000000000000000000
2000000FF00000000000000000000000
0000000000000000000000000000010A
00000000000000000000000000000000
00000000000000000001000000010A01
00000000000000000000000000000000
00000000000000000001000000010A01
00000000000000000000000000000000
00000000000000000001000000010A01
00000000000000000000000000000000
00000000000000000001000000010A01
00000000000000000000000000000000
00000000000000000001000000010A01
00000000000000000000000000000000
00000000000000000001000000010A01
00000000000000000000000000000000
00000000000000000001000000010A01
00000000000000000000000000000000
2000000FF00000000000000000000000
0000000000000000000000000000010B
00000000000000000000000000000000
00000000000000000001000000010B01
00000000000000000000000000000000
00000000000000000001000000010B01
00000000000000000000000000000000
00000000000000000001000000010B01
00000000000000000000000000000000
00000000000000000001000000010B01
00000000000000000000000000000000
00000000000000000001000000010B01
00000000000000000000000000000000
00000000000000000001000000010B01
00000000000000000000000000000000
00000000000000000001000000010B01
00000000000000000000000000000000
2000000FF00000000000000000000000
0000000000000000000000000000010C
00000000000000000000000000000000
00000000000000000001000000010C01
00000000000000000000000000000000
00000000000000000001000000010C01
00000000000000000000000000000000
00000000000000000001000000010C01
00000000000000000000000000000000
00000000000000000001000000010C01
00000000000000000000000000000000
00000000000000000001000000010C01
00000000000000000000000000000000
00000000000000000001000000010C01
00000000000000000000000000000000
00000000000000000001000000010C01
00000000000000000000000000000000
2000000FF00000000000000000000000
0000000000000000000000000000010D
00000000000000000000000000000000
00000000000000000001000000010D01
00000000000000000000000000000000
00000000000000000001000000010D01
00000000000000000000000000000000
00000000000000000001000000010D01
00000000000000000000000000000000
00000000000000000001000000010D01
00000000000000000000000000000000
00000000000000000001000000010D01
00000000000000000000000000000000
00000000000000000001000000010D01
00000000000000000000000000000000
00000000000000000001000000010D01
00000000000000000000000000000000
2000000FF00000000000000000000000
0000000000000000000000000000010E
00000000000000000000000000000000
00000000000000000001000000010E01
00000000000000000000000000000000
00000000000000000001000000010E01
00000000000000000000000000000000
00000000000000000001000000010E01
00000000000000000000000000000000
00000000000000000001000000010E01
00000000000000000000000000000000
00000000000000000001000000010E01
00000000000000000000000000000000
00000000000000000001000000010E01
00000000000000000000000000000000
00000000000000000001000000010E01
00000000000000000000000000000000
2000000FF00000000000000000000000
0000000000000000000000000000010F
00000000000000000000000000000000
00000000000000000001000000010F01
00000000000000000000000000000000
00000000000000000001000000010F01
00000000000000000000000000000000
00000000000000000001000000010F01
00000000000000000000000000000000
00000000000000000001000000010F01
00000000000000000000000000000000
00000000000000000001000000010F01
00000000000000000000000000000000
00000000000000000001000000010F01
00000000000000000000000000000000
00000000000000000001000000010F01
00000000000000000000000000000000
2000000FF00000000000000000000000
00000000000000000000000000000110
00000000000000000000000000000000
00000000000000000001000000011001
00000000000000000000000000000000
00000000000000000001000000011001
00000000000000000000000000000000
00000000000000000001000000011001
00000000000000000000000000000000
00000000000000000001000000011001
00000000000000000000000000000000
00000000000000000001000000011001
00000000000000000000000000000000
00000000000000000001000000011001
00000000000000000000000000000000
00000000000000000001000000011001
00000000000000000000000000000000
2000000FF00000000000000000000000
00000000000000000000000000000111
00000000000000000000000000000000
00000000000000000001000000011101
00000000000000000000000000000000
00000000000000000001000000011101
00000000000000000000000000000000
00000000000000000001000000011101
00000000000000000000000000000000
00000000000000000001000000011101
00000000000000000000000000000000
00000000000000000001000000011101
00000000000000000000000000000000
00000000000000000001000000011101
00000000000000000000000000000000
00000000000000000001000000011101
00000000000000000000000000000000
2000000FF00000000000000000000000
00000000000000000000000000000112
00000000000000000000000000000000
00000000000000000001000000011201
00000000000000000000000000000000
00000000000000000001000000011201
00000000000000000000000000000000
00000000000000000001000000011201
00000000000000000000000000000000
00000000000000000001000000011201
00000000000000000000000000000000
00000000000000000001000000011201
00000000000000000000000000000000
00000000000000000001000000011201
00000000000000000000000000000000
00000000000000000001000000011201
00000000000000000000000000000000
2000000FF00000000000000000000000
00000000000000000000000000000113
00000000000000000000000000000000
00000000000000000001000000011301
00000000000000000000000000000000
00000000000000000001000000011301
00000000000000000000000000000000
00000000000000000001000000011301
00000000000000000000000000000000
00000000000000000001000000011301
00000000000000000000000000000000
00000000000000000001000000011301
00000000000000000000000000000000
00000000000000000001000000011301
00000000000000000000000000000000
00000000000000000001000000011301
00000000000000000000000000000000
2000000FF00000000000000000000000
00000000000000000000000000000114
00000000000000000000000000000000
00000000000000000001000000011401
00000000000000000000000000000000
00000000000000000001000000011401
00000000000000000000000000000000
00000000000000000001000000011401
00000000000000000000000000000000
00000000000000000001000000011401
00000000000000000000000000000000
00000000000000000001000000011401
00000000000000000000000000000000
00000000000000000001000000011401
00000000000000000000000000000000
00000000000000000001000000011401
00000000000000000000000000000000
2000000FF00000000000000000000000
00000000000000000000000000000115
00000000000000000000000000000000
00000000000000000001000000011501
00000000000000000000000000000000
00000000000000000001000000011501
00000000000000000000000000000000
00000000000000000001000000011501
00000000000000000000000000000000
00000000000000000001000000011501
00000000000000000000000000000000
00000000000000000001000000011501
00000000000000000000000000000000
00000000000000000001000000011501
00000000000000000000000000000000
00000000000000000001000000011501
00000000000000000000000000000000
2000000FF00000000000000000000000
00000000000000000000000000000116
00000000000000000000000000000000
00000000000000000001000000011601
00000000000000000000000000000000
00000000000000000001000000011601
00000000000000000000000000000000
00000000000000000001000000011601
00000000000000000000000000000000
00000000000000000001000000011601
00000000000000000000000000000000
00000000000000000001000000011601
00000000000000000000000000000000
00000000000000000001000000011601
00000000000000000000000000000000
00000000000000000001000000011601
00000000000000000000000000000000
00800000000000000000000000000000
00FFFF80200000000000000000000000
00000000000000000001000000800115
00000000000000000000000000000000
