
==========================================================================
finish report_tns
--------------------------------------------------------------------------
tns max 0.00

==========================================================================
finish report_wns
--------------------------------------------------------------------------
wns max 0.00

==========================================================================
finish report_worst_slack
--------------------------------------------------------------------------
worst slack max 746.42

==========================================================================
finish report_clock_min_period
--------------------------------------------------------------------------
core_clk period_min = 17253.58 fmax = 57.96

==========================================================================
finish report_clock_skew
--------------------------------------------------------------------------
Clock core_clk
 216.65 source latency input_buffer[132][10]$_DFFE_PP_/CLK ^
-189.22 target latency accumulator_buffer[6][26]$_DFFE_PP_/CLK ^
  -1.75 CRPR
--------------
  25.69 setup skew


==========================================================================
finish report_checks -path_delay min
--------------------------------------------------------------------------
Startpoint: accumulator_buffer[52][19]$_DFFE_PP_
            (rising edge-triggered flip-flop clocked by core_clk)
Endpoint: accumulator_buffer[52][19]$_DFFE_PP_
          (rising edge-triggered flip-flop clocked by core_clk)
Path Group: core_clk
Path Type: min

Fanout     Cap    Slew   Delay    Time   Description
-----------------------------------------------------------------------------
                          0.00    0.00   clock core_clk (rise edge)
                          0.00    0.00   clock source latency
     1   16.91    0.00    0.00    0.00 ^ clk (in)
                                         clk (net)
                 38.10   12.02   12.02 ^ clkbuf_0_clk/A (BUFx24_ASAP7_75t_R)
     2   12.09   14.39   33.44   45.46 ^ clkbuf_0_clk/Y (BUFx24_ASAP7_75t_R)
                                         clknet_0_clk (net)
                 16.33    2.61   48.07 ^ clkbuf_1_1_0_clk/A (BUFx24_ASAP7_75t_R)
     2   11.20   13.41   26.02   74.10 ^ clkbuf_1_1_0_clk/Y (BUFx24_ASAP7_75t_R)
                                         clknet_1_1_0_clk (net)
                 15.74    2.79   76.88 ^ clkbuf_2_2_0_clk/A (BUFx24_ASAP7_75t_R)
     4   17.72   17.33   26.87  103.75 ^ clkbuf_2_2_0_clk/Y (BUFx24_ASAP7_75t_R)
                                         clknet_2_2_0_clk (net)
                 18.76    2.44  106.19 ^ clkbuf_4_9_0_clk/A (BUFx24_ASAP7_75t_R)
     4   12.78   14.29   27.50  133.69 ^ clkbuf_4_9_0_clk/Y (BUFx24_ASAP7_75t_R)
                                         clknet_4_9_0_clk (net)
                 14.75    1.24  134.93 ^ clkbuf_6_36__f_clk/A (BUFx24_ASAP7_75t_R)
     7   16.61   16.64   26.83  161.76 ^ clkbuf_6_36__f_clk/Y (BUFx24_ASAP7_75t_R)
                                         clknet_6_36__leaf_clk (net)
                 17.39    1.81  163.57 ^ clkbuf_leaf_359_clk/A (BUFx24_ASAP7_75t_R)
    18   10.45   12.99   26.50  190.07 ^ clkbuf_leaf_359_clk/Y (BUFx24_ASAP7_75t_R)
                                         clknet_leaf_359_clk (net)
                 13.31    0.93  191.00 ^ accumulator_buffer[52][19]$_DFFE_PP_/CLK (DFFHQNx1_ASAP7_75t_R)
     2    1.33   23.48   53.75  244.75 ^ accumulator_buffer[52][19]$_DFFE_PP_/QN (DFFHQNx1_ASAP7_75t_R)
                                         _002283_ (net)
                 23.48    0.11  244.85 ^ _110869_/A1 (OAI22x1_ASAP7_75t_R)
     1    0.56    8.94   11.27  256.13 v _110869_/Y (OAI22x1_ASAP7_75t_R)
                                         _018777_ (net)
                  8.94    0.04  256.17 v accumulator_buffer[52][19]$_DFFE_PP_/D (DFFHQNx1_ASAP7_75t_R)
                                256.17   data arrival time

                          0.00    0.00   clock core_clk (rise edge)
                          0.00    0.00   clock source latency
     1   17.50    0.00    0.00    0.00 ^ clk (in)
                                         clk (net)
                 40.64   12.82   12.82 ^ clkbuf_0_clk/A (BUFx24_ASAP7_75t_R)
     2   13.27   15.16   34.39   47.21 ^ clkbuf_0_clk/Y (BUFx24_ASAP7_75t_R)
                                         clknet_0_clk (net)
                 17.49    2.97   50.18 ^ clkbuf_1_1_0_clk/A (BUFx24_ASAP7_75t_R)
     2   12.37   14.15   26.58   76.76 ^ clkbuf_1_1_0_clk/Y (BUFx24_ASAP7_75t_R)
                                         clknet_1_1_0_clk (net)
                 16.94    3.16   79.92 ^ clkbuf_2_2_0_clk/A (BUFx24_ASAP7_75t_R)
     4   20.07   18.82   27.58  107.50 ^ clkbuf_2_2_0_clk/Y (BUFx24_ASAP7_75t_R)
                                         clknet_2_2_0_clk (net)
                 20.51    2.81  110.31 ^ clkbuf_4_9_0_clk/A (BUFx24_ASAP7_75t_R)
     4   15.13   15.72   28.56  138.87 ^ clkbuf_4_9_0_clk/Y (BUFx24_ASAP7_75t_R)
                                         clknet_4_9_0_clk (net)
                 16.29    1.50  140.37 ^ clkbuf_6_36__f_clk/A (BUFx24_ASAP7_75t_R)
     7   20.72   19.15   28.14  168.51 ^ clkbuf_6_36__f_clk/Y (BUFx24_ASAP7_75t_R)
                                         clknet_6_36__leaf_clk (net)
                 20.13    2.26  170.77 ^ clkbuf_leaf_359_clk/A (BUFx24_ASAP7_75t_R)
    18   12.73   14.31   27.90  198.67 ^ clkbuf_leaf_359_clk/Y (BUFx24_ASAP7_75t_R)
                                         clknet_leaf_359_clk (net)
                 14.69    1.13  199.80 ^ accumulator_buffer[52][19]$_DFFE_PP_/CLK (DFFHQNx1_ASAP7_75t_R)
                         -8.80  191.00   clock reconvergence pessimism
                         13.13  204.12   library hold time
                                204.12   data required time
-----------------------------------------------------------------------------
                                204.12   data required time
                               -256.17   data arrival time
-----------------------------------------------------------------------------
                                 52.04   slack (MET)



==========================================================================
finish report_checks -path_delay max
--------------------------------------------------------------------------
Startpoint: sram_response_data[11] (input port clocked by core_clk)
Endpoint: accumulator_buffer[7][3]$_DFFE_PP_
          (rising edge-triggered flip-flop clocked by core_clk)
Path Group: core_clk
Path Type: max

Fanout     Cap    Slew   Delay    Time   Description
-----------------------------------------------------------------------------
                          0.00    0.00   clock core_clk (rise edge)
                          0.00    0.00   clock network delay (propagated)
                       3600.00 3600.00 v input external delay
     1    0.72    0.00    0.00 3600.00 v sram_response_data[11] (in)
                                         sram_response_data[11] (net)
                  0.16    0.05 3600.05 v input2310/A (BUFx2_ASAP7_75t_R)
    17   25.72  105.12   47.13 3647.18 v input2310/Y (BUFx2_ASAP7_75t_R)
                                         net2309 (net)
                109.95   12.18 3659.37 v _067474_/B (OR4x1_ASAP7_75t_R)
     2    1.62   22.53   58.77 3718.14 v _067474_/Y (OR4x1_ASAP7_75t_R)
                                         _024253_ (net)
                 22.54    0.10 3718.24 v _067477_/A (OR2x2_ASAP7_75t_R)
    31   26.40  105.29   66.18 3784.42 v _067477_/Y (OR2x2_ASAP7_75t_R)
                                         _024256_ (net)
                107.16    7.92 3792.34 v _082506_/B (AND2x2_ASAP7_75t_R)
     1    1.00   12.08   43.16 3835.51 v _082506_/Y (AND2x2_ASAP7_75t_R)
                                         _010505_ (net)
                 12.08    0.07 3835.58 v _116574_/A (HAxp5_ASAP7_75t_R)
     4    3.32   61.15   30.97 3866.55 ^ _116574_/CON (HAxp5_ASAP7_75t_R)
                                         _000761_ (net)
     1    0.63   21.93   18.44 3884.99 v _116574_/SN (HAxp5_ASAP7_75t_R)
                                         _000769_ (net)
                 21.93    0.02 3885.02 v _075700_/A (INVx1_ASAP7_75t_R)
     1    0.64   12.20   11.53 3896.54 ^ _075700_/Y (INVx1_ASAP7_75t_R)
                                         _032399_ (net)
                 12.20    0.07 3896.61 ^ _075701_/A1 (AO21x1_ASAP7_75t_R)
     3    2.87   31.08   27.45 3924.06 ^ _075701_/Y (AO21x1_ASAP7_75t_R)
                                         _032400_ (net)
                 31.10    0.39 3924.45 ^ _116669_/B (HAxp5_ASAP7_75t_R)
     2    1.79   35.97   26.21 3950.66 v _116669_/CON (HAxp5_ASAP7_75t_R)
                                         _000757_ (net)
     1    1.15   31.25   19.03 3969.68 ^ _116669_/SN (HAxp5_ASAP7_75t_R)
                                         _000758_ (net)
                 31.25    0.09 3969.77 ^ _075704_/A1 (AOI21x1_ASAP7_75t_R)
     2    1.93   22.21   19.02 3988.79 v _075704_/Y (AOI21x1_ASAP7_75t_R)
                                         _010850_ (net)
                 22.22    0.35 3989.15 v _116782_/B (HAxp5_ASAP7_75t_R)
     2    1.77   47.89   49.94 4039.08 v _116782_/SN (HAxp5_ASAP7_75t_R)
                                         _000754_ (net)
                 47.89    0.13 4039.21 v _075705_/A (NOR2x1_ASAP7_75t_R)
     1    0.66   24.97   17.19 4056.40 ^ _075705_/Y (NOR2x1_ASAP7_75t_R)
                                         _032402_ (net)
                 24.97    0.05 4056.46 ^ _075706_/B (AO21x1_ASAP7_75t_R)
     2    1.94   23.02   24.61 4081.06 ^ _075706_/Y (AO21x1_ASAP7_75t_R)
                                         _010929_ (net)
                 23.02    0.11 4081.17 ^ _116826_/B (HAxp5_ASAP7_75t_R)
     1    1.12   27.06   19.70 4100.87 v _116826_/CON (HAxp5_ASAP7_75t_R)
                                         _000749_ (net)
     1    0.66   22.26   13.98 4114.85 ^ _116826_/SN (HAxp5_ASAP7_75t_R)
                                         _000750_ (net)
                 22.26    0.05 4114.90 ^ _075708_/A1 (AO21x1_ASAP7_75t_R)
     2    1.48   18.27   23.76 4138.67 ^ _075708_/Y (AO21x1_ASAP7_75t_R)
                                         _032404_ (net)
                 18.28    0.20 4138.87 ^ _079610_/A (INVx1_ASAP7_75t_R)
     1    0.95   11.21   10.65 4149.52 v _079610_/Y (INVx1_ASAP7_75t_R)
                                         _010736_ (net)
                 11.21    0.07 4149.59 v _116714_/B (HAxp5_ASAP7_75t_R)
     2    1.29   36.25   38.51 4188.10 v _116714_/SN (HAxp5_ASAP7_75t_R)
                                         _000746_ (net)
                 36.26    0.07 4188.18 v _075709_/A (OR2x2_ASAP7_75t_R)
     1    0.65    9.68   29.14 4217.31 v _075709_/Y (OR2x2_ASAP7_75t_R)
                                         _032405_ (net)
                  9.68    0.05 4217.36 v _075710_/B (OA21x2_ASAP7_75t_R)
     3    2.17   14.04   20.00 4237.37 v _075710_/Y (OA21x2_ASAP7_75t_R)
                                         _032406_ (net)
                 14.06    0.23 4237.60 v _079477_/A (INVx1_ASAP7_75t_R)
     1    0.88   11.99   10.58 4248.18 ^ _079477_/Y (INVx1_ASAP7_75t_R)
                                         _011228_ (net)
                 11.99    0.03 4248.21 ^ _117003_/B (HAxp5_ASAP7_75t_R)
     4    3.47   58.07   29.54 4277.75 v _117003_/CON (HAxp5_ASAP7_75t_R)
                                         _000741_ (net)
     1    0.58   25.23   18.62 4296.37 ^ _117003_/SN (HAxp5_ASAP7_75t_R)
                                         _000742_ (net)
                 25.23    0.05 4296.41 ^ _075711_/A (AND2x2_ASAP7_75t_R)
     1    0.61    9.12   22.08 4318.49 ^ _075711_/Y (AND2x2_ASAP7_75t_R)
                                         _032407_ (net)
                  9.12    0.04 4318.54 ^ _075712_/B (AO21x1_ASAP7_75t_R)
     2    1.53   18.90   18.61 4337.15 ^ _075712_/Y (AO21x1_ASAP7_75t_R)
                                         _032408_ (net)
                 18.90    0.14 4337.29 ^ _075738_/A (INVx1_ASAP7_75t_R)
     1    1.10   12.30   11.45 4348.74 v _075738_/Y (INVx1_ASAP7_75t_R)
                                         _011387_ (net)
                 12.30    0.12 4348.85 v _117078_/B (HAxp5_ASAP7_75t_R)
     1    1.11   26.60   17.26 4366.12 ^ _117078_/CON (HAxp5_ASAP7_75t_R)
                                         _000737_ (net)
     1    0.63   20.19   13.47 4379.59 v _117078_/SN (HAxp5_ASAP7_75t_R)
                                         _000738_ (net)
                 20.19    0.05 4379.63 v _075694_/A (OR3x1_ASAP7_75t_R)
     1    1.14   16.07   31.74 4411.38 v _075694_/Y (OR3x1_ASAP7_75t_R)
                                         _032393_ (net)
                 16.08    0.12 4411.49 v _075714_/A (NAND2x1_ASAP7_75t_R)
     3    3.67   40.02   26.20 4437.69 ^ _075714_/Y (NAND2x1_ASAP7_75t_R)
                                         _010844_ (net)
                 40.03    0.19 4437.88 ^ _116779_/B (HAxp5_ASAP7_75t_R)
     3    3.08   52.00   36.80 4474.67 v _116779_/CON (HAxp5_ASAP7_75t_R)
                                         _000733_ (net)
     1    1.16   31.73   22.29 4496.97 ^ _116779_/SN (HAxp5_ASAP7_75t_R)
                                         _000734_ (net)
                 31.73    0.09 4497.06 ^ _082435_/A1 (AOI21x1_ASAP7_75t_R)
     1    0.94   28.84   15.35 4512.41 v _082435_/Y (AOI21x1_ASAP7_75t_R)
                                         _010709_ (net)
                 28.84    0.07 4512.47 v _116692_/B (HAxp5_ASAP7_75t_R)
     2    1.95   52.64   55.13 4567.61 v _116692_/SN (HAxp5_ASAP7_75t_R)
                                         _000730_ (net)
                 52.64    0.12 4567.73 v _080128_/A1 (AOI21x1_ASAP7_75t_R)
     2    1.62   41.22   22.80 4590.52 ^ _080128_/Y (AOI21x1_ASAP7_75t_R)
                                         _011124_ (net)
                 41.22    0.13 4590.66 ^ _116939_/B (HAxp5_ASAP7_75t_R)
     5    4.47   68.87   44.98 4635.64 v _116939_/CON (HAxp5_ASAP7_75t_R)
                                         _000725_ (net)
     1    1.14   32.79   25.08 4660.72 ^ _116939_/SN (HAxp5_ASAP7_75t_R)
                                         _000726_ (net)
                 32.79    0.08 4660.80 ^ _079937_/A1 (AOI21x1_ASAP7_75t_R)
     1    1.01   29.40   15.87 4676.68 v _079937_/Y (AOI21x1_ASAP7_75t_R)
                                         _011345_ (net)
                 29.40    0.09 4676.76 v _117062_/B (HAxp5_ASAP7_75t_R)
     2    2.02   54.49   56.21 4732.97 v _117062_/SN (HAxp5_ASAP7_75t_R)
                                         _000722_ (net)
                 54.49    0.24 4733.21 v _083165_/A1 (AOI21x1_ASAP7_75t_R)
     1    0.92   33.95   19.03 4752.23 ^ _083165_/Y (AOI21x1_ASAP7_75t_R)
                                         _011027_ (net)
                 33.95    0.08 4752.31 ^ _116882_/B (HAxp5_ASAP7_75t_R)
     4    3.52   56.41   37.23 4789.54 v _116882_/CON (HAxp5_ASAP7_75t_R)
                                         _000717_ (net)
     1    1.15   31.87   22.97 4812.51 ^ _116882_/SN (HAxp5_ASAP7_75t_R)
                                         _000718_ (net)
                 31.87    0.09 4812.60 ^ _079796_/A1 (AOI21x1_ASAP7_75t_R)
     1    0.98   29.26   15.57 4828.17 v _079796_/Y (AOI21x1_ASAP7_75t_R)
                                         _010594_ (net)
                 29.26    0.08 4828.25 v _116634_/B (HAxp5_ASAP7_75t_R)
     2    2.22   59.61   58.97 4887.22 v _116634_/SN (HAxp5_ASAP7_75t_R)
                                         _000714_ (net)
                 59.61    0.42 4887.64 v _080185_/A1 (AOI21x1_ASAP7_75t_R)
     1    1.15   36.45   21.02 4908.66 ^ _080185_/Y (AOI21x1_ASAP7_75t_R)
                                         _010827_ (net)
                 36.45    0.13 4908.79 ^ _116772_/B (HAxp5_ASAP7_75t_R)
     5    4.70   72.07   44.78 4953.56 v _116772_/CON (HAxp5_ASAP7_75t_R)
                                         _000709_ (net)
     1    1.16   32.97   25.81 4979.37 ^ _116772_/SN (HAxp5_ASAP7_75t_R)
                                         _000710_ (net)
                 32.97    0.09 4979.46 ^ _079836_/A1 (AOI21x1_ASAP7_75t_R)
     1    1.03   29.68   15.99 4995.45 v _079836_/Y (AOI21x1_ASAP7_75t_R)
                                         _010740_ (net)
                 29.68    0.09 4995.54 v _116716_/B (HAxp5_ASAP7_75t_R)
     4    4.44  114.11   93.74 5089.28 v _116716_/SN (HAxp5_ASAP7_75t_R)
                                         _000706_ (net)
                114.11    0.55 5089.83 v _080102_/A1 (AOI21x1_ASAP7_75t_R)
     1    1.02   35.22   25.48 5115.31 ^ _080102_/Y (AOI21x1_ASAP7_75t_R)
                                         _010610_ (net)
                 35.22    0.10 5115.41 ^ _116643_/B (HAxp5_ASAP7_75t_R)
     4    2.99   50.22   34.69 5150.10 v _116643_/CON (HAxp5_ASAP7_75t_R)
                                         _000701_ (net)
     1    1.12   31.59   21.68 5171.78 ^ _116643_/SN (HAxp5_ASAP7_75t_R)
                                         _000702_ (net)
                 31.59    0.04 5171.82 ^ _079858_/A1 (AOI21x1_ASAP7_75t_R)
     1    0.96   29.30   15.42 5187.25 v _079858_/Y (AOI21x1_ASAP7_75t_R)
                                         _010061_ (net)
                 29.30    0.07 5187.32 v _116294_/B (HAxp5_ASAP7_75t_R)
     5    4.49  115.12   95.01 5282.33 v _116294_/SN (HAxp5_ASAP7_75t_R)
                                         _000698_ (net)
                115.12    0.32 5282.65 v _085247_/A1 (AOI21x1_ASAP7_75t_R)
     1    0.89   33.87   24.45 5307.10 ^ _085247_/Y (AOI21x1_ASAP7_75t_R)
                                         _010842_ (net)
                 33.87    0.07 5307.17 ^ _116778_/B (HAxp5_ASAP7_75t_R)
     2    2.00   38.87   28.33 5335.50 v _116778_/CON (HAxp5_ASAP7_75t_R)
                                         _000693_ (net)
     1    1.22   33.00   20.25 5355.75 ^ _116778_/SN (HAxp5_ASAP7_75t_R)
                                         _000694_ (net)
                 33.00    0.12 5355.87 ^ _075717_/A1 (AOI21x1_ASAP7_75t_R)
     1    0.97   29.45   15.73 5371.60 v _075717_/Y (AOI21x1_ASAP7_75t_R)
                                         _011341_ (net)
                 29.45    0.08 5371.67 v _117060_/B (HAxp5_ASAP7_75t_R)
     4    4.63  119.48   95.78 5467.45 v _117060_/SN (HAxp5_ASAP7_75t_R)
                                         _000690_ (net)
                119.48    0.74 5468.19 v _082397_/A1 (AOI21x1_ASAP7_75t_R)
     1    0.89   34.05   24.84 5493.02 ^ _082397_/Y (AOI21x1_ASAP7_75t_R)
                                         _011275_ (net)
                 34.05    0.07 5493.09 ^ _117027_/B (HAxp5_ASAP7_75t_R)
     4    4.49   68.20   42.68 5535.77 v _117027_/CON (HAxp5_ASAP7_75t_R)
                                         _000685_ (net)
     1    1.25   33.46   25.88 5561.65 ^ _117027_/SN (HAxp5_ASAP7_75t_R)
                                         _000686_ (net)
                 33.46    0.11 5561.76 ^ _080044_/A1 (AOI21x1_ASAP7_75t_R)
     1    1.11   30.49   16.41 5578.17 v _080044_/Y (AOI21x1_ASAP7_75t_R)
                                         _011060_ (net)
                 30.49    0.11 5578.28 v _116907_/B (HAxp5_ASAP7_75t_R)
     2    1.58   33.99   26.77 5605.05 ^ _116907_/CON (HAxp5_ASAP7_75t_R)
                                         _000681_ (net)
                 33.99    0.06 5605.10 ^ _080320_/A (XNOR2x2_ASAP7_75t_R)
     1    0.60   10.19   39.69 5644.80 v _080320_/Y (XNOR2x2_ASAP7_75t_R)
                                         _036393_ (net)
                 10.19    0.05 5644.84 v _080321_/C (OR3x1_ASAP7_75t_R)
     1    0.94   14.90   30.19 5675.04 v _080321_/Y (OR3x1_ASAP7_75t_R)
                                         _036394_ (net)
                 14.90    0.07 5675.11 v _080322_/B (XNOR2x2_ASAP7_75t_R)
     4    3.80   20.48   34.01 5709.12 v _080322_/Y (XNOR2x2_ASAP7_75t_R)
                                         _036395_ (net)
                 20.49    0.20 5709.32 v _080323_/B (NOR2x1_ASAP7_75t_R)
     3    2.03   30.20   18.20 5727.52 ^ _080323_/Y (NOR2x1_ASAP7_75t_R)
                                         _036396_ (net)
                 30.20    0.17 5727.68 ^ _082416_/B (AND2x2_ASAP7_75t_R)
     1    0.96   12.67   25.47 5753.15 ^ _082416_/Y (AND2x2_ASAP7_75t_R)
                                         _038190_ (net)
                 12.67    0.07 5753.23 ^ _082417_/B (XNOR2x2_ASAP7_75t_R)
     4    4.80   24.55   43.63 5796.85 v _082417_/Y (XNOR2x2_ASAP7_75t_R)
                                         _010035_ (net)
                 24.55    0.33 5797.19 v _082420_/C (OR5x1_ASAP7_75t_R)
     2    1.75   25.68   53.04 5850.23 v _082420_/Y (OR5x1_ASAP7_75t_R)
                                         _038193_ (net)
                 25.69    0.27 5850.50 v _083005_/B (OR3x1_ASAP7_75t_R)
     1    0.74   12.05   32.32 5882.82 v _083005_/Y (OR3x1_ASAP7_75t_R)
                                         _038668_ (net)
                 12.05    0.06 5882.88 v _083006_/A (INVx1_ASAP7_75t_R)
     2    1.96   20.75   14.35 5897.23 ^ _083006_/Y (INVx1_ASAP7_75t_R)
                                         _038669_ (net)
                 20.75    0.19 5897.42 ^ _083007_/C (NAND3x1_ASAP7_75t_R)
     2    1.60   18.28   14.70 5912.12 v _083007_/Y (NAND3x1_ASAP7_75t_R)
                                         _038670_ (net)
                 18.28    0.10 5912.22 v _083011_/B (OR3x1_ASAP7_75t_R)
     2    1.73   19.14   35.25 5947.47 v _083011_/Y (OR3x1_ASAP7_75t_R)
                                         _038674_ (net)
                 19.15    0.14 5947.61 v _083014_/B (OR3x1_ASAP7_75t_R)
     2    1.68   18.85   35.28 5982.89 v _083014_/Y (OR3x1_ASAP7_75t_R)
                                         _038677_ (net)
                 18.85    0.06 5982.95 v _083015_/C (OR3x1_ASAP7_75t_R)
     1    0.78   12.20   31.21 6014.16 v _083015_/Y (OR3x1_ASAP7_75t_R)
                                         _038678_ (net)
                 12.21    0.07 6014.23 v _083016_/A (INVx1_ASAP7_75t_R)
     1    1.27   14.74   11.64 6025.87 ^ _083016_/Y (INVx1_ASAP7_75t_R)
                                         _038679_ (net)
                 14.75    0.11 6025.98 ^ _083018_/A1 (OAI21x1_ASAP7_75t_R)
     2    1.52   18.24   12.14 6038.12 v _083018_/Y (OAI21x1_ASAP7_75t_R)
                                         _038681_ (net)
                 18.24    0.10 6038.22 v _083019_/C (OR3x1_ASAP7_75t_R)
     1    1.01   13.80   32.20 6070.42 v _083019_/Y (OR3x1_ASAP7_75t_R)
                                         _038682_ (net)
                 13.80    0.05 6070.47 v _083020_/B (XOR2x2_ASAP7_75t_R)
     2    3.11   17.83   32.60 6103.07 v _083020_/Y (XOR2x2_ASAP7_75t_R)
                                         _009792_ (net)
                 17.86    0.33 6103.40 v _116626_/B (HAxp5_ASAP7_75t_R)
     1    1.02   29.64   36.55 6139.96 v _116626_/SN (HAxp5_ASAP7_75t_R)
                                         _063076_ (net)
                 29.64    0.09 6140.04 v _116953_/A (HAxp5_ASAP7_75t_R)
     7    5.31   84.00   49.20 6189.24 ^ _116953_/CON (HAxp5_ASAP7_75t_R)
                                         _011151_ (net)
     1    0.64   24.24   21.15 6210.39 v _116953_/SN (HAxp5_ASAP7_75t_R)
                                         _011152_ (net)
                 24.24    0.02 6210.42 v rebuffer10209/A (BUFx3_ASAP7_75t_R)
     6    4.36   15.39   27.30 6237.71 v rebuffer10209/Y (BUFx3_ASAP7_75t_R)
                                         net10207 (net)
                 15.47    0.59 6238.30 v _064037_/C (OR3x1_ASAP7_75t_R)
     1    0.68   11.49   30.01 6268.31 v _064037_/Y (OR3x1_ASAP7_75t_R)
                                         _020816_ (net)
                 11.49    0.05 6268.37 v _064038_/B (AO21x1_ASAP7_75t_R)
     4    2.56   23.65   29.44 6297.80 v _064038_/Y (AO21x1_ASAP7_75t_R)
                                         _020817_ (net)
                 23.65    0.18 6297.99 v _064040_/C (OR4x1_ASAP7_75t_R)
     6    4.87   44.44   57.51 6355.50 v _064040_/Y (OR4x1_ASAP7_75t_R)
                                         _020819_ (net)
                 44.50    0.98 6356.48 v _064198_/A (NAND2x1_ASAP7_75t_R)
     3    2.18   32.87   29.99 6386.46 ^ _064198_/Y (NAND2x1_ASAP7_75t_R)
                                         _020977_ (net)
                 32.88    0.20 6386.67 ^ _067562_/B1 (AO221x1_ASAP7_75t_R)
    14   16.15  155.32   91.86 6478.53 ^ _067562_/Y (AO221x1_ASAP7_75t_R)
                                         _024340_ (net)
                155.64    4.12 6482.65 ^ _067575_/C (AND4x1_ASAP7_75t_R)
     2    1.78   26.26   53.92 6536.57 ^ _067575_/Y (AND4x1_ASAP7_75t_R)
                                         _024353_ (net)
                 26.27    0.28 6536.85 ^ place8180/A (BUFx3_ASAP7_75t_R)
    22   21.18   71.07   47.27 6584.12 ^ place8180/Y (BUFx3_ASAP7_75t_R)
                                         net8178 (net)
                 71.17    1.62 6585.74 ^ _067652_/D (AND4x1_ASAP7_75t_R)
    12   12.56  123.25   87.15 6672.90 ^ _067652_/Y (AND4x1_ASAP7_75t_R)
                                         _024430_ (net)
                123.37    2.29 6675.19 ^ _070365_/B (AND2x2_ASAP7_75t_R)
     1    1.01   13.31   39.57 6714.76 ^ _070365_/Y (AND2x2_ASAP7_75t_R)
                                         _027131_ (net)
                 13.31    0.08 6714.84 ^ _070366_/B (XNOR2x2_ASAP7_75t_R)
     1    0.57   10.08   22.68 6737.52 ^ _070366_/Y (XNOR2x2_ASAP7_75t_R)
                                         _027132_ (net)
                 10.08    0.05 6737.56 ^ _070370_/D (AND5x1_ASAP7_75t_R)
     1    0.75   16.72   40.76 6778.33 ^ _070370_/Y (AND5x1_ASAP7_75t_R)
                                         _027136_ (net)
                 16.72    0.09 6778.42 ^ _070371_/E (AND5x1_ASAP7_75t_R)
     1    0.70   16.27   42.01 6820.43 ^ _070371_/Y (AND5x1_ASAP7_75t_R)
                                         _027137_ (net)
                 16.27    0.06 6820.48 ^ _070372_/E (AND5x1_ASAP7_75t_R)
     3    3.77   43.91   54.11 6874.59 ^ _070372_/Y (AND5x1_ASAP7_75t_R)
                                         _027138_ (net)
                 43.97    0.88 6875.48 ^ _070373_/D (AND4x1_ASAP7_75t_R)
     4    3.43   40.09   48.32 6923.80 ^ _070373_/Y (AND4x1_ASAP7_75t_R)
                                         _027139_ (net)
                 40.13    0.65 6924.45 ^ _070374_/B (NOR2x1_ASAP7_75t_R)
     3    1.78   23.38   21.11 6945.55 v _070374_/Y (NOR2x1_ASAP7_75t_R)
                                         _027140_ (net)
                 23.38    0.17 6945.72 v _071611_/B (AND2x2_ASAP7_75t_R)
    17   11.56   46.74   42.53 6988.25 v _071611_/Y (AND2x2_ASAP7_75t_R)
                                         _028360_ (net)
                 46.99    2.02 6990.27 v _073303_/A (AND2x2_ASAP7_75t_R)
     2    1.04    9.73   32.89 7023.16 v _073303_/Y (AND2x2_ASAP7_75t_R)
                                         _030042_ (net)
                  9.73    0.03 7023.19 v _074971_/B (OR5x1_ASAP7_75t_R)
     1    0.68   15.82   41.03 7064.23 v _074971_/Y (OR5x1_ASAP7_75t_R)
                                         _031694_ (net)
                 15.82    0.06 7064.28 v _074972_/D (OR4x2_ASAP7_75t_R)
     1    0.81   14.49   45.49 7109.78 v _074972_/Y (OR4x2_ASAP7_75t_R)
                                         _031695_ (net)
                 14.49    0.13 7109.90 v _074990_/A (OR5x1_ASAP7_75t_R)
     1    1.06   18.64   40.63 7150.53 v _074990_/Y (OR5x1_ASAP7_75t_R)
                                         _031713_ (net)
                 18.65    0.18 7150.71 v _074991_/D (OR4x1_ASAP7_75t_R)
     3    3.37   33.16   51.51 7202.23 v _074991_/Y (OR4x1_ASAP7_75t_R)
                                         _031714_ (net)
                 33.19    0.55 7202.78 v _075002_/A (OR2x2_ASAP7_75t_R)
    16   11.85   49.29   48.62 7251.40 v _075002_/Y (OR2x2_ASAP7_75t_R)
                                         _031725_ (net)
                 50.04    3.40 7254.80 v _079156_/B (AND2x2_ASAP7_75t_R)
    15   16.78   67.81   57.78 7312.58 v _079156_/Y (AND2x2_ASAP7_75t_R)
                                         _035654_ (net)
                 68.79    4.62 7317.20 v _082530_/A (INVx1_ASAP7_75t_R)
    22   16.54  160.70   90.49 7407.69 ^ _082530_/Y (INVx1_ASAP7_75t_R)
                                         _038258_ (net)
                161.30    5.65 7413.33 ^ _082532_/B (AOI21x1_ASAP7_75t_R)
     3    2.47   46.54   38.84 7452.18 v _082532_/Y (AOI21x1_ASAP7_75t_R)
                                         compute_product[13] (net)
                 46.54    0.18 7452.36 v _116447_/B (HAxp5_ASAP7_75t_R)
     2    1.32   38.19   50.94 7503.30 v _116447_/SN (HAxp5_ASAP7_75t_R)
                                         _010330_ (net)
                 38.19    0.08 7503.38 v _063506_/B (OR4x1_ASAP7_75t_R)
     2    1.24   17.91   44.62 7548.00 v _063506_/Y (OR4x1_ASAP7_75t_R)
                                         _020289_ (net)
                 17.91    0.09 7548.08 v _063518_/E (OR5x1_ASAP7_75t_R)
     1    1.36   21.19   51.94 7600.02 v _063518_/Y (OR5x1_ASAP7_75t_R)
                                         _020301_ (net)
                 21.20    0.25 7600.28 v _063519_/B (NOR2x1_ASAP7_75t_R)
     2    1.10   17.80   14.40 7614.67 ^ _063519_/Y (NOR2x1_ASAP7_75t_R)
                                         _020302_ (net)
                 17.80    0.03 7614.71 ^ _063520_/A (INVx1_ASAP7_75t_R)
     1    0.68    9.45    9.40 7624.10 v _063520_/Y (INVx1_ASAP7_75t_R)
                                         _020303_ (net)
                  9.45    0.06 7624.16 v _063521_/B (AO21x1_ASAP7_75t_R)
     1    0.59    9.40   21.35 7645.51 v _063521_/Y (AO21x1_ASAP7_75t_R)
                                         _020304_ (net)
                  9.40    0.05 7645.56 v _063525_/A3 (AO32x1_ASAP7_75t_R)
     2    1.92   20.24   36.31 7681.87 v _063525_/Y (AO32x1_ASAP7_75t_R)
                                         _020308_ (net)
                 20.26    0.26 7682.14 v _063535_/A2 (AOI21x1_ASAP7_75t_R)
     3    2.44   29.00   21.06 7703.20 ^ _063535_/Y (AOI21x1_ASAP7_75t_R)
                                         _020318_ (net)
                 29.00    0.13 7703.33 ^ place8170/A (BUFx3_ASAP7_75t_R)
    27   21.95   76.60   45.07 7748.41 ^ place8170/Y (BUFx3_ASAP7_75t_R)
                                         net8168 (net)
                 77.15    3.94 7752.34 ^ place8168/A (BUFx3_ASAP7_75t_R)
    25   21.08   70.73   58.23 7810.58 ^ place8168/Y (BUFx3_ASAP7_75t_R)
                                         net8166 (net)
                 70.90    2.11 7812.68 ^ _075271_/A (NOR2x1_ASAP7_75t_R)
     1    1.20   26.09   26.12 7838.80 v _075271_/Y (NOR2x1_ASAP7_75t_R)
                                         _031985_ (net)
                 26.09    0.09 7838.89 v _075272_/B (AOI21x1_ASAP7_75t_R)
     9    9.67   96.47   50.77 7889.66 ^ _075272_/Y (AOI21x1_ASAP7_75t_R)
                                         _031986_ (net)
                 96.53    1.44 7891.10 ^ _075273_/A (INVx2_ASAP7_75t_R)
    11    9.78   59.14   44.47 7935.57 v _075273_/Y (INVx2_ASAP7_75t_R)
                                         _031987_ (net)
                 59.20    1.09 7936.66 v _116357_/A (HAxp5_ASAP7_75t_R)
     4    3.34   86.80   88.04 8024.71 v _116357_/SN (HAxp5_ASAP7_75t_R)
                                         _010187_ (net)
                 86.80    0.24 8024.95 v _070982_/A1 (OA21x2_ASAP7_75t_R)
     3    2.70   17.61   43.11 8068.05 v _070982_/Y (OA21x2_ASAP7_75t_R)
                                         _027733_ (net)
                 17.62    0.20 8068.26 v _070983_/A2 (OA21x2_ASAP7_75t_R)
     1    0.70   10.59   25.71 8093.97 v _070983_/Y (OA21x2_ASAP7_75t_R)
                                         _027734_ (net)
                 10.59    0.06 8094.03 v _070984_/A2 (OA21x2_ASAP7_75t_R)
     2    1.16   11.37   24.59 8118.63 v _070984_/Y (OA21x2_ASAP7_75t_R)
                                         _027735_ (net)
                 11.37    0.09 8118.72 v _070985_/B (OR2x2_ASAP7_75t_R)
     3    2.63   15.76   27.26 8145.98 v _070985_/Y (OR2x2_ASAP7_75t_R)
                                         _027736_ (net)
                 15.78    0.28 8146.25 v _070998_/A (INVx1_ASAP7_75t_R)
     2    1.65   18.68   14.50 8160.75 ^ _070998_/Y (INVx1_ASAP7_75t_R)
                                         _027748_ (net)
                 18.68    0.16 8160.91 ^ _071002_/A1 (AO21x1_ASAP7_75t_R)
     1    0.60    9.89   19.15 8180.06 ^ _071002_/Y (AO21x1_ASAP7_75t_R)
                                         _027752_ (net)
                  9.89    0.02 8180.08 ^ _071003_/C (AND3x1_ASAP7_75t_R)
     1    0.68   13.61   24.05 8204.13 ^ _071003_/Y (AND3x1_ASAP7_75t_R)
                                         _027753_ (net)
                 13.61    0.06 8204.19 ^ _071004_/B (AO21x1_ASAP7_75t_R)
    11    7.17   69.35   41.84 8246.03 ^ _071004_/Y (AO21x1_ASAP7_75t_R)
                                         _027754_ (net)
                 69.43    1.37 8247.40 ^ _072949_/B (AND2x2_ASAP7_75t_R)
    30   22.09  111.17   72.92 8320.32 ^ _072949_/Y (AND2x2_ASAP7_75t_R)
                                         _029690_ (net)
                112.04    5.75 8326.07 ^ _072950_/A (INVx1_ASAP7_75t_R)
     6    5.65   63.41   52.84 8378.91 v _072950_/Y (INVx1_ASAP7_75t_R)
                                         _029691_ (net)
                 63.41    0.35 8379.26 v _073029_/B (OR4x1_ASAP7_75t_R)
     1    0.50   14.07   45.14 8424.40 v _073029_/Y (OR4x1_ASAP7_75t_R)
                                         _029769_ (net)
                 14.08    0.04 8424.44 v _073030_/B (OA211x2_ASAP7_75t_R)
     2    1.17   14.65   37.38 8461.82 v _073030_/Y (OA211x2_ASAP7_75t_R)
                                         _029770_ (net)
                 14.65    0.10 8461.92 v _073122_/A (OR2x2_ASAP7_75t_R)
     1    0.70    9.34   24.11 8486.02 v _073122_/Y (OR2x2_ASAP7_75t_R)
                                         _029862_ (net)
                  9.35    0.08 8486.10 v _073221_/B1 (AO221x1_ASAP7_75t_R)
     3    3.19   29.54   38.36 8524.46 v _073221_/Y (AO221x1_ASAP7_75t_R)
                                         _029960_ (net)
                 29.57    0.48 8524.94 v _078600_/A2 (AO21x1_ASAP7_75t_R)
     2    2.04   20.87   30.85 8555.80 v _078600_/Y (AO21x1_ASAP7_75t_R)
                                         _035109_ (net)
                 20.88    0.26 8556.06 v _079741_/B (OR2x2_ASAP7_75t_R)
     1    0.67   12.65   25.75 8581.81 v _079741_/Y (OR2x2_ASAP7_75t_R)
                                         _036081_ (net)
                 12.65    0.03 8581.84 v _079742_/B (OA21x2_ASAP7_75t_R)
     1    1.23   12.22   19.18 8601.03 v _079742_/Y (OA21x2_ASAP7_75t_R)
                                         _036082_ (net)
                 12.23    0.16 8601.19 v _079743_/B (NOR2x1_ASAP7_75t_R)
     1    0.80   20.09   10.61 8611.80 ^ _079743_/Y (NOR2x1_ASAP7_75t_R)
                                         _036083_ (net)
                 20.09    0.08 8611.88 ^ _079744_/B (AO21x1_ASAP7_75t_R)
     1    0.67   11.87   18.27 8630.15 ^ _079744_/Y (AO21x1_ASAP7_75t_R)
                                         _036084_ (net)
                 11.87    0.06 8630.20 ^ _079745_/B (AND2x2_ASAP7_75t_R)
     1    1.32   12.26   21.28 8651.49 ^ _079745_/Y (AND2x2_ASAP7_75t_R)
                                         _036085_ (net)
                 12.26    0.13 8651.61 ^ _079746_/B (AOI21x1_ASAP7_75t_R)
     3    3.65   45.56   16.23 8667.84 v _079746_/Y (AOI21x1_ASAP7_75t_R)
                                         _010207_ (net)
                 45.61    0.91 8668.76 v _116364_/B (HAxp5_ASAP7_75t_R)
     6    4.20  108.35   95.66 8764.42 v _116364_/SN (HAxp5_ASAP7_75t_R)
                                         _010209_ (net)
                108.37    0.75 8765.17 v _063474_/C (OR3x1_ASAP7_75t_R)
     1    0.87   15.01   43.68 8808.85 v _063474_/Y (OR3x1_ASAP7_75t_R)
                                         _020257_ (net)
                 15.02    0.09 8808.94 v _063475_/B (AO21x1_ASAP7_75t_R)
     3    1.97   19.85   28.23 8837.17 v _063475_/Y (AO21x1_ASAP7_75t_R)
                                         _020258_ (net)
                 19.86    0.21 8837.38 v _063478_/A2 (AO21x1_ASAP7_75t_R)
     2    1.40   14.52   26.08 8863.46 v _063478_/Y (AO21x1_ASAP7_75t_R)
                                         _020261_ (net)
                 14.52    0.16 8863.62 v _063479_/B (AO21x1_ASAP7_75t_R)
     1    1.06   12.29   24.60 8888.22 v _063479_/Y (AO21x1_ASAP7_75t_R)
                                         _020262_ (net)
                 12.30    0.18 8888.40 v _063480_/D (OR4x1_ASAP7_75t_R)
     4    3.55   37.25   51.12 8939.52 v _063480_/Y (OR4x1_ASAP7_75t_R)
                                         _020263_ (net)
                 37.27    0.38 8939.90 v _063485_/A2 (AO21x1_ASAP7_75t_R)
     1    0.57    9.41   26.94 8966.84 v _063485_/Y (AO21x1_ASAP7_75t_R)
                                         _020268_ (net)
                  9.41    0.02 8966.86 v _074945_/A1 (OA21x2_ASAP7_75t_R)
    12    9.50   40.92   39.81 9006.66 v _074945_/Y (OA21x2_ASAP7_75t_R)
                                         _031668_ (net)
                 41.08    1.53 9008.20 v _075310_/A1 (AOI21x1_ASAP7_75t_R)
     4    2.75   39.74   26.50 9034.70 ^ _075310_/Y (AOI21x1_ASAP7_75t_R)
                                         _032022_ (net)
                 39.75    0.31 9035.00 ^ place8160/A (BUFx3_ASAP7_75t_R)
    28   21.49   74.34   48.83 9083.84 ^ place8160/Y (BUFx3_ASAP7_75t_R)
                                         net8158 (net)
                 74.71    3.23 9087.07 ^ _075671_/A2 (AO21x1_ASAP7_75t_R)
     3    2.85   30.66   39.21 9126.28 ^ _075671_/Y (AO21x1_ASAP7_75t_R)
                                         _011349_ (net)
                 30.67    0.51 9126.79 ^ _117064_/B (HAxp5_ASAP7_75t_R)
     7    6.54   94.05   52.68 9179.47 v _117064_/CON (HAxp5_ASAP7_75t_R)
                                         _000633_ (net)
                 94.09    1.04 9180.50 v _075296_/B (NAND2x1_ASAP7_75t_R)
     3    2.58   46.55   41.12 9221.62 ^ _075296_/Y (NAND2x1_ASAP7_75t_R)
                                         _032008_ (net)
                 46.55    0.14 9221.76 ^ _075297_/A (INVx1_ASAP7_75t_R)
     2    1.19   18.85   17.09 9238.85 v _075297_/Y (INVx1_ASAP7_75t_R)
                                         _032009_ (net)
                 18.85    0.05 9238.90 v _075303_/C (OR5x1_ASAP7_75t_R)
    11    7.96   68.55   76.71 9315.61 v _075303_/Y (OR5x1_ASAP7_75t_R)
                                         _032015_ (net)
                 68.58    0.87 9316.47 v _075460_/A2 (OA21x2_ASAP7_75t_R)
    32   23.51   96.71   73.44 9389.91 v _075460_/Y (OA21x2_ASAP7_75t_R)
                                         _032169_ (net)
                 96.85    2.42 9392.33 v _075672_/B (NAND2x1_ASAP7_75t_R)
     1    0.63   26.76   25.21 9417.55 ^ _075672_/Y (NAND2x1_ASAP7_75t_R)
                                         _032377_ (net)
                 26.76    0.05 9417.60 ^ _075673_/B (OA21x2_ASAP7_75t_R)
     3    3.07   21.64   30.49 9448.09 ^ _075673_/Y (OA21x2_ASAP7_75t_R)
                                         _011288_ (net)
                 21.68    0.49 9448.58 ^ _117034_/B (HAxp5_ASAP7_75t_R)
     7    6.16   88.40   47.71 9496.28 v _117034_/CON (HAxp5_ASAP7_75t_R)
                                         _000631_ (net)
                 88.41    0.63 9496.91 v _075395_/A2 (AO21x1_ASAP7_75t_R)
     4    4.02   34.34   48.52 9545.43 v _075395_/Y (AO21x1_ASAP7_75t_R)
                                         _032105_ (net)
                 34.34    0.54 9545.97 v _075444_/A (OR3x1_ASAP7_75t_R)
     4    3.67   32.82   45.87 9591.84 v _075444_/Y (OR3x1_ASAP7_75t_R)
                                         _032154_ (net)
                 32.82    0.25 9592.09 v _075445_/B (OR3x1_ASAP7_75t_R)
     8    6.75   54.50   56.65 9648.74 v _075445_/Y (OR3x1_ASAP7_75t_R)
                                         _032155_ (net)
                 54.54    0.83 9649.57 v _075663_/A (NAND2x1_ASAP7_75t_R)
     1    0.79   24.07   24.61 9674.17 ^ _075663_/Y (NAND2x1_ASAP7_75t_R)
                                         _032370_ (net)
                 24.07    0.08 9674.26 ^ place8156/A (BUFx3_ASAP7_75t_R)
    26   22.08   75.47   46.05 9720.30 ^ place8156/Y (BUFx3_ASAP7_75t_R)
                                         net8154 (net)
                 75.47    0.42 9720.72 ^ _075675_/A1 (AO21x1_ASAP7_75t_R)
     3    3.31   34.64   38.33 9759.05 ^ _075675_/Y (AO21x1_ASAP7_75t_R)
                                         _010424_ (net)
                 34.66    0.47 9759.53 ^ _116511_/B (HAxp5_ASAP7_75t_R)
     7    6.11   88.95   51.62 9811.15 v _116511_/CON (HAxp5_ASAP7_75t_R)
                                         _000629_ (net)
                 89.01    1.27 9812.42 v _075547_/B (NAND2x1_ASAP7_75t_R)
     3    2.12   41.57   36.84 9849.26 ^ _075547_/Y (NAND2x1_ASAP7_75t_R)
                                         _032256_ (net)
                 41.57    0.14 9849.40 ^ _075558_/A (AND5x1_ASAP7_75t_R)
    11    8.78   89.13   75.62 9925.02 ^ _075558_/Y (AND5x1_ASAP7_75t_R)
                                         _032267_ (net)
                 89.25    1.91 9926.92 ^ _075560_/A1 (AO21x2_ASAP7_75t_R)
    24   19.56   98.99   68.70 9995.62 ^ _075560_/Y (AO21x2_ASAP7_75t_R)
                                         _032269_ (net)
                 99.32    3.51 9999.14 ^ _076012_/A (XNOR2x2_ASAP7_75t_R)
     4    3.47   22.88   43.76 10042.90 ^ _076012_/Y (XNOR2x2_ASAP7_75t_R)
                                         _010581_ (net)
                 22.91    0.38 10043.27 ^ _116629_/A (HAxp5_ASAP7_75t_R)
     5    4.54   67.49   37.84 10081.12 v _116629_/CON (HAxp5_ASAP7_75t_R)
                                         _000627_ (net)
                 67.50    0.49 10081.61 v _075546_/A (NAND2x1_ASAP7_75t_R)
     4    3.41   48.64   42.66 10124.26 ^ _075546_/Y (NAND2x1_ASAP7_75t_R)
                                         _032255_ (net)
                 48.65    0.25 10124.51 ^ _075555_/A (NAND3x1_ASAP7_75t_R)
     5    3.45   34.68   26.01 10150.52 v _075555_/Y (NAND3x1_ASAP7_75t_R)
                                         _032264_ (net)
                 34.69    0.42 10150.94 v _075556_/C (OR3x1_ASAP7_75t_R)
     9    7.48   60.20   58.63 10209.56 v _075556_/Y (OR3x1_ASAP7_75t_R)
                                         _032265_ (net)
                 60.33    1.63 10211.20 v _075660_/B (AND2x2_ASAP7_75t_R)
    19   16.81   67.43   60.35 10271.55 v _075660_/Y (AND2x2_ASAP7_75t_R)
                                         _032367_ (net)
                 67.56    1.73 10273.29 v _075683_/A1 (OA21x2_ASAP7_75t_R)
     1    0.64    9.94   34.93 10308.22 v _075683_/Y (OA21x2_ASAP7_75t_R)
                                         _032386_ (net)
                  9.94    0.05 10308.26 v _075684_/A (INVx1_ASAP7_75t_R)
     3    2.58   26.02   16.00 10324.26 ^ _075684_/Y (INVx1_ASAP7_75t_R)
                                         _010619_ (net)
                 26.03    0.28 10324.54 ^ _116648_/B (HAxp5_ASAP7_75t_R)
     3    2.37   41.61   27.96 10352.50 v _116648_/CON (HAxp5_ASAP7_75t_R)
                                         _000625_ (net)
                 41.62    0.21 10352.71 v _075587_/B (AND2x2_ASAP7_75t_R)
     3    2.41   14.22   33.19 10385.89 v _075587_/Y (AND2x2_ASAP7_75t_R)
                                         _032296_ (net)
                 14.26    0.42 10386.32 v _075608_/A (OR3x2_ASAP7_75t_R)
     5    4.30   25.32   42.14 10428.45 v _075608_/Y (OR3x2_ASAP7_75t_R)
                                         _032315_ (net)
                 25.34    0.31 10428.77 v _075621_/A (NOR2x1_ASAP7_75t_R)
     6    4.44   45.44   29.65 10458.42 ^ _075621_/Y (NOR2x1_ASAP7_75t_R)
                                         _032328_ (net)
                 45.46    0.56 10458.98 ^ _075657_/A (NAND2x1_ASAP7_75t_R)
     2    1.24   19.29   15.94 10474.92 v _075657_/Y (NAND2x1_ASAP7_75t_R)
                                         _032364_ (net)
                 19.29    0.08 10475.00 v _075658_/B (AND2x2_ASAP7_75t_R)
    30   22.90   93.41   53.76 10528.77 v _075658_/Y (AND2x2_ASAP7_75t_R)
                                         _032365_ (net)
                 93.55    2.31 10531.07 v _075685_/B (NAND2x1_ASAP7_75t_R)
     1    0.66   26.68   25.15 10556.22 ^ _075685_/Y (NAND2x1_ASAP7_75t_R)
                                         _032387_ (net)
                 26.68    0.05 10556.27 ^ _075686_/B (OA21x2_ASAP7_75t_R)
     3    2.67   19.93   29.54 10585.81 ^ _075686_/Y (OA21x2_ASAP7_75t_R)
                                         _010478_ (net)
                 19.96    0.41 10586.22 ^ _116551_/B (HAxp5_ASAP7_75t_R)
     5    4.60   68.50   38.42 10624.64 v _116551_/CON (HAxp5_ASAP7_75t_R)
                                         _000623_ (net)
                 68.50    0.45 10625.09 v _075940_/A (NAND2x1_ASAP7_75t_R)
     2    1.78   35.71   34.05 10659.14 ^ _075940_/Y (NAND2x1_ASAP7_75t_R)
                                         _032595_ (net)
                 35.72    0.25 10659.39 ^ _075945_/A (NAND2x1_ASAP7_75t_R)
     2    1.90   24.63   17.20 10676.59 v _075945_/Y (NAND2x1_ASAP7_75t_R)
                                         _032600_ (net)
                 24.63    0.13 10676.72 v _076105_/C (NOR3x1_ASAP7_75t_R)
     3    2.76   38.29   24.88 10701.60 ^ _076105_/Y (NOR3x1_ASAP7_75t_R)
                                         _032758_ (net)
                 38.30    0.29 10701.89 ^ _076112_/A1 (AO31x2_ASAP7_75t_R)
    13   10.57   54.89   48.67 10750.56 ^ _076112_/Y (AO31x2_ASAP7_75t_R)
                                         _032765_ (net)
                 54.97    1.19 10751.75 ^ _076407_/A (XNOR2x2_ASAP7_75t_R)
     2    1.75   13.46   46.38 10798.13 v _076407_/Y (XNOR2x2_ASAP7_75t_R)
                                         _010336_ (net)
                 13.47    0.13 10798.26 v _076408_/A (INVx1_ASAP7_75t_R)
     2    2.04   21.68   15.21 10813.47 ^ _076408_/Y (INVx1_ASAP7_75t_R)
                                         _010334_ (net)
                 21.68    0.14 10813.61 ^ _116449_/A (HAxp5_ASAP7_75t_R)
     2    1.29   30.46   19.05 10832.66 v _116449_/CON (HAxp5_ASAP7_75t_R)
                                         _000621_ (net)
                 30.46    0.10 10832.76 v _076067_/A (AND2x2_ASAP7_75t_R)
     3    2.08   12.74   30.17 10862.93 v _076067_/Y (AND2x2_ASAP7_75t_R)
                                         _032720_ (net)
                 12.76    0.29 10863.22 v _076068_/E (OR5x1_ASAP7_75t_R)
     4    4.17   42.01   63.95 10927.17 v _076068_/Y (OR5x1_ASAP7_75t_R)
                                         _032721_ (net)
                 42.02    0.39 10927.56 v _076274_/C (AO211x2_ASAP7_75t_R)
     8    5.81   28.47   41.10 10968.66 v _076274_/Y (AO211x2_ASAP7_75t_R)
                                         _032924_ (net)
                 28.51    0.57 10969.23 v _076320_/B (AND2x2_ASAP7_75t_R)
     3    2.75   14.83   29.89 10999.12 v _076320_/Y (AND2x2_ASAP7_75t_R)
                                         _032970_ (net)
                 14.84    0.14 10999.25 v place8151/A (BUFx3_ASAP7_75t_R)
    31   23.83   63.82   43.52 11042.78 v place8151/Y (BUFx3_ASAP7_75t_R)
                                         net8149 (net)
                 63.83    0.47 11043.24 v _076326_/A1 (OA21x2_ASAP7_75t_R)
     3    2.76   17.19   39.53 11082.77 v _076326_/Y (OA21x2_ASAP7_75t_R)
                                         _010846_ (net)
                 17.21    0.27 11083.04 v _116780_/B (HAxp5_ASAP7_75t_R)
     4    2.55   45.91   27.72 11110.76 ^ _116780_/CON (HAxp5_ASAP7_75t_R)
                                         _000619_ (net)
                 45.91    0.21 11110.96 ^ _076227_/A (AND2x2_ASAP7_75t_R)
     3    2.69   18.04   30.82 11141.78 ^ _076227_/Y (AND2x2_ASAP7_75t_R)
                                         _032877_ (net)
                 18.08    0.44 11142.23 ^ _076234_/C (OR3x1_ASAP7_75t_R)
     3    2.82   28.99   27.16 11169.39 ^ _076234_/Y (OR3x1_ASAP7_75t_R)
                                         _032884_ (net)
                 28.99    0.21 11169.60 ^ _076235_/A3 (OA31x2_ASAP7_75t_R)
    30   22.32  113.47   70.62 11240.22 ^ _076235_/Y (OA31x2_ASAP7_75t_R)
                                         _032885_ (net)
                114.42    6.03 11246.25 ^ _076536_/A (XNOR2x2_ASAP7_75t_R)
     3    3.22   20.22   57.68 11303.93 v _076536_/Y (XNOR2x2_ASAP7_75t_R)
                                         _010375_ (net)
                 20.29    0.66 11304.59 v _116473_/A (HAxp5_ASAP7_75t_R)
     4    3.10   53.19   32.69 11337.28 ^ _116473_/CON (HAxp5_ASAP7_75t_R)
                                         _000617_ (net)
                 53.20    0.45 11337.73 ^ _076256_/A (AND2x2_ASAP7_75t_R)
     2    2.01   15.22   30.21 11367.95 ^ _076256_/Y (AND2x2_ASAP7_75t_R)
                                         _032906_ (net)
                 15.23    0.21 11368.16 ^ _076306_/C (OR3x1_ASAP7_75t_R)
     4    2.51   26.01   25.00 11393.16 ^ _076306_/Y (OR3x1_ASAP7_75t_R)
                                         _032956_ (net)
                 26.01    0.22 11393.38 ^ _076309_/A (OR3x1_ASAP7_75t_R)
     4    2.70   28.08   26.99 11420.37 ^ _076309_/Y (OR3x1_ASAP7_75t_R)
                                         _032959_ (net)
                 28.08    0.42 11420.79 ^ _076314_/A2 (OA21x2_ASAP7_75t_R)
    31   23.31  113.87   70.41 11491.20 ^ _076314_/Y (OA21x2_ASAP7_75t_R)
                                         _032964_ (net)
                114.40    4.47 11495.66 ^ _076329_/A (OR2x2_ASAP7_75t_R)
     1    0.64   11.22   40.86 11536.52 ^ _076329_/Y (OR2x2_ASAP7_75t_R)
                                         _032976_ (net)
                 11.22    0.05 11536.57 ^ _076330_/B (OA21x2_ASAP7_75t_R)
     3    3.10   21.72   27.23 11563.79 ^ _076330_/Y (OA21x2_ASAP7_75t_R)
                                         _011320_ (net)
                 21.73    0.31 11564.10 ^ _117048_/B (HAxp5_ASAP7_75t_R)
     5    3.72   57.29   34.19 11598.30 v _117048_/CON (HAxp5_ASAP7_75t_R)
                                         _000615_ (net)
                 57.29    0.21 11598.51 v _076447_/A1 (AO22x1_ASAP7_75t_R)
     2    1.73   18.84   41.95 11640.45 v _076447_/Y (AO22x1_ASAP7_75t_R)
                                         _033076_ (net)
                 18.85    0.13 11640.58 v _076569_/B (AO21x1_ASAP7_75t_R)
     1    0.54   10.59   23.55 11664.14 v _076569_/Y (AO21x1_ASAP7_75t_R)
                                         _033195_ (net)
                 10.59    0.04 11664.18 v _076573_/B (OR5x1_ASAP7_75t_R)
     5    3.70   38.47   56.40 11720.58 v _076573_/Y (OR5x1_ASAP7_75t_R)
                                         _033199_ (net)
                 38.47    0.34 11720.92 v _076587_/A2 (OA21x2_ASAP7_75t_R)
    26   20.92   83.52   65.96 11786.88 v _076587_/Y (OA21x2_ASAP7_75t_R)
                                         _033213_ (net)
                 83.69    2.37 11789.25 v _076661_/A (XNOR2x1_ASAP7_75t_R)
     7    5.90   71.57   55.13 11844.39 ^ _076661_/Y (XNOR2x1_ASAP7_75t_R)
                                         _010650_ (net)
                 71.66    1.57 11845.96 ^ _116663_/A (HAxp5_ASAP7_75t_R)
     5    4.21   69.33   47.05 11893.01 v _116663_/CON (HAxp5_ASAP7_75t_R)
                                         _000613_ (net)
                 69.33    0.09 11893.10 v _076688_/A (AND2x2_ASAP7_75t_R)
     5    3.31   18.25   43.34 11936.44 v _076688_/Y (AND2x2_ASAP7_75t_R)
                                         _033311_ (net)
                 18.27    0.29 11936.73 v _076779_/C (OR3x1_ASAP7_75t_R)
     1    0.61   11.11   30.24 11966.97 v _076779_/Y (OR3x1_ASAP7_75t_R)
                                         _033402_ (net)
                 11.12    0.05 11967.02 v _076780_/E (OR5x1_ASAP7_75t_R)
     8    6.27   56.29   71.59 12038.62 v _076780_/Y (OR5x1_ASAP7_75t_R)
                                         _033403_ (net)
                 56.32    1.11 12039.73 v _076819_/B (AND2x2_ASAP7_75t_R)
    30   23.28   93.23   66.87 12106.60 v _076819_/Y (AND2x2_ASAP7_75t_R)
                                         _033442_ (net)
                 93.48    2.92 12109.52 v _076913_/A2 (AO21x1_ASAP7_75t_R)
     2    1.61   17.80   40.57 12150.08 v _076913_/Y (AO21x1_ASAP7_75t_R)
                                         _033532_ (net)
                 17.81    0.25 12150.34 v _076962_/A (INVx1_ASAP7_75t_R)
     4    4.06   40.10   24.85 12175.19 ^ _076962_/Y (INVx1_ASAP7_75t_R)
                                         _011437_ (net)
                 40.11    0.28 12175.47 ^ _117100_/B (HAxp5_ASAP7_75t_R)
     4    3.03   51.42   36.60 12212.07 v _117100_/CON (HAxp5_ASAP7_75t_R)
                                         _000611_ (net)
                 51.42    0.15 12212.22 v _076735_/B2 (AO32x1_ASAP7_75t_R)
     1    0.53   11.04   42.04 12254.25 v _076735_/Y (AO32x1_ASAP7_75t_R)
                                         _033358_ (net)
                 11.04    0.02 12254.28 v _076736_/D (OR5x1_ASAP7_75t_R)
     1    1.41   21.40   50.30 12304.58 v _076736_/Y (OR5x1_ASAP7_75t_R)
                                         _033359_ (net)
                 21.40    0.16 12304.74 v _076737_/B (OAI21x1_ASAP7_75t_R)
     4    3.63   41.56   17.70 12322.44 ^ _076737_/Y (OAI21x1_ASAP7_75t_R)
                                         _033360_ (net)
                 41.58    0.41 12322.85 ^ _076767_/C (AND3x1_ASAP7_75t_R)
    10    7.95   78.33   59.45 12382.30 ^ _076767_/Y (AND3x1_ASAP7_75t_R)
                                         _033390_ (net)
                 78.37    1.05 12383.35 ^ _076815_/A2 (AO21x1_ASAP7_75t_R)
    21   15.69  149.58   89.23 12472.58 ^ _076815_/Y (AO21x1_ASAP7_75t_R)
                                         _033438_ (net)
                149.61    1.14 12473.72 ^ _077442_/A (NAND2x1_ASAP7_75t_R)
     1    0.63   22.29   18.01 12491.73 v _077442_/Y (NAND2x1_ASAP7_75t_R)
                                         _034053_ (net)
                 22.29    0.05 12491.78 v _077443_/B (OA21x2_ASAP7_75t_R)
     2    2.15   17.32   24.31 12516.09 v _077443_/Y (OA21x2_ASAP7_75t_R)
                                         _034054_ (net)
                 17.36    0.43 12516.51 v _082412_/A (INVx1_ASAP7_75t_R)
     2    1.82   20.47   15.79 12532.31 ^ _082412_/Y (INVx1_ASAP7_75t_R)
                                         _011017_ (net)
                 20.48    0.13 12532.44 ^ _116877_/B (HAxp5_ASAP7_75t_R)
     8    6.66   94.90   50.19 12582.63 v _116877_/CON (HAxp5_ASAP7_75t_R)
                                         _000609_ (net)
                 94.92    0.95 12583.57 v _076793_/A (NAND2x1_ASAP7_75t_R)
     2    1.25   36.02   35.69 12619.26 ^ _076793_/Y (NAND2x1_ASAP7_75t_R)
                                         _033416_ (net)
                 36.02    0.10 12619.36 ^ _076810_/A (AND5x1_ASAP7_75t_R)
     2    1.83   26.41   46.67 12666.03 ^ _076810_/Y (AND5x1_ASAP7_75t_R)
                                         _033433_ (net)
                 26.42    0.12 12666.15 ^ _077023_/A3 (AO31x2_ASAP7_75t_R)
    28   23.49  118.32   65.57 12731.71 ^ _077023_/Y (AO31x2_ASAP7_75t_R)
                                         _033641_ (net)
                118.53    3.03 12734.74 ^ _077025_/A (XNOR2x2_ASAP7_75t_R)
     4    3.64   21.56   59.08 12793.82 v _077025_/Y (XNOR2x2_ASAP7_75t_R)
                                         _011004_ (net)
                 21.60    0.46 12794.28 v _116871_/A (HAxp5_ASAP7_75t_R)
    10    9.41  140.43   69.72 12864.00 ^ _116871_/CON (HAxp5_ASAP7_75t_R)
                                         _000607_ (net)
                140.54    2.27 12866.27 ^ _076904_/A1 (AOI21x1_ASAP7_75t_R)
     2    1.96   40.96   34.32 12900.59 v _076904_/Y (AOI21x1_ASAP7_75t_R)
                                         _033527_ (net)
                 40.97    0.13 12900.72 v _076920_/B (NAND3x1_ASAP7_75t_R)
     2    1.87   40.63   29.63 12930.35 ^ _076920_/Y (NAND3x1_ASAP7_75t_R)
                                         _033539_ (net)
                 40.63    0.12 12930.47 ^ _077020_/A1 (AOI211x1_ASAP7_75t_R)
    10    8.81  124.42   68.86 12999.33 v _077020_/Y (AOI211x1_ASAP7_75t_R)
                                         _033638_ (net)
                124.46    1.30 13000.63 v _077303_/A1 (AO21x2_ASAP7_75t_R)
    28   22.52   93.15   84.33 13084.95 v _077303_/Y (AO21x2_ASAP7_75t_R)
                                         _033918_ (net)
                 93.33    2.66 13087.61 v _077446_/B (NOR2x1_ASAP7_75t_R)
     1    0.63   25.41   19.94 13107.55 ^ _077446_/Y (NOR2x1_ASAP7_75t_R)
                                         _034056_ (net)
                 25.41    0.05 13107.60 ^ _077447_/B (AO21x1_ASAP7_75t_R)
     3    2.83   30.79   28.15 13135.76 ^ _077447_/Y (AO21x1_ASAP7_75t_R)
                                         _010397_ (net)
                 30.81    0.50 13136.26 ^ _116491_/B (HAxp5_ASAP7_75t_R)
     6    5.51   80.48   47.34 13183.59 v _116491_/CON (HAxp5_ASAP7_75t_R)
                                         _000605_ (net)
                 80.49    0.48 13184.07 v _077122_/A (AND2x2_ASAP7_75t_R)
     2    1.41   12.39   41.98 13226.05 v _077122_/Y (AND2x2_ASAP7_75t_R)
                                         _033738_ (net)
                 12.41    0.18 13226.23 v _077148_/A (OR5x2_ASAP7_75t_R)
     6    4.36   32.43   57.61 13283.84 v _077148_/Y (OR5x2_ASAP7_75t_R)
                                         _033764_ (net)
                 32.49    0.78 13284.62 v _077171_/A3 (OA31x2_ASAP7_75t_R)
     2    1.17   13.62   30.29 13314.92 v _077171_/Y (OA31x2_ASAP7_75t_R)
                                         _033787_ (net)
                 13.62    0.03 13314.95 v place8145/A (BUFx3_ASAP7_75t_R)
    32   29.90   80.47   47.38 13362.34 v place8145/Y (BUFx3_ASAP7_75t_R)
                                         net8143 (net)
                 80.78    3.13 13365.46 v _077430_/A (XNOR2x2_ASAP7_75t_R)
     3    2.84   18.22   46.98 13412.45 v _077430_/Y (XNOR2x2_ASAP7_75t_R)
                                         _010953_ (net)
                 18.23    0.23 13412.67 v _083128_/A (INVx1_ASAP7_75t_R)
     1    0.99   13.95   12.41 13425.08 ^ _083128_/Y (INVx1_ASAP7_75t_R)
                                         _010951_ (net)
                 13.95    0.04 13425.12 ^ _116843_/A (HAxp5_ASAP7_75t_R)
     5    4.69   69.77   36.25 13461.38 v _116843_/CON (HAxp5_ASAP7_75t_R)
                                         _000603_ (net)
                 69.81    0.92 13462.30 v _077135_/B (NAND2x1_ASAP7_75t_R)
     3    1.96   35.81   31.90 13494.20 ^ _077135_/Y (NAND2x1_ASAP7_75t_R)
                                         _033751_ (net)
                 35.81    0.12 13494.32 ^ _077158_/B (AND4x2_ASAP7_75t_R)
     8    6.46   40.42   54.70 13549.01 ^ _077158_/Y (AND4x2_ASAP7_75t_R)
                                         _033774_ (net)
                 40.48    0.89 13549.90 ^ _077429_/A2 (AO31x2_ASAP7_75t_R)
    32   23.19  116.20   68.90 13618.80 ^ _077429_/Y (AO31x2_ASAP7_75t_R)
                                         _034042_ (net)
                116.23    1.21 13620.01 ^ _077431_/A (XNOR2x2_ASAP7_75t_R)
     6    4.96   26.76   61.27 13681.27 v _077431_/Y (XNOR2x2_ASAP7_75t_R)
                                         _010962_ (net)
                 26.84    0.82 13682.09 v _077621_/A (INVx1_ASAP7_75t_R)
     3    2.70   29.72   22.70 13704.80 ^ _077621_/Y (INVx1_ASAP7_75t_R)
                                         _010960_ (net)
                 29.72    0.09 13704.89 ^ _116850_/A (HAxp5_ASAP7_75t_R)
     3    2.76   45.92   29.43 13734.32 v _116850_/CON (HAxp5_ASAP7_75t_R)
                                         _000601_ (net)
                 45.93    0.18 13734.50 v _077264_/A (NAND2x1_ASAP7_75t_R)
     3    2.77   37.88   33.16 13767.66 ^ _077264_/Y (NAND2x1_ASAP7_75t_R)
                                         _033879_ (net)
                 37.90    0.47 13768.13 ^ _077278_/C (AND5x2_ASAP7_75t_R)
     6    6.30   38.44   55.54 13823.67 ^ _077278_/Y (AND5x2_ASAP7_75t_R)
                                         _033893_ (net)
                 38.48    0.75 13824.42 ^ _077437_/A1 (AO21x2_ASAP7_75t_R)
     8    6.75   36.32   38.84 13863.26 ^ _077437_/Y (AO21x2_ASAP7_75t_R)
                                         _034048_ (net)
                 36.43    1.18 13864.45 ^ _077797_/A (XNOR2x2_ASAP7_75t_R)
     5    3.76   20.52   47.63 13912.07 v _077797_/Y (XNOR2x2_ASAP7_75t_R)
                                         _010915_ (net)
                 20.54    0.31 13912.38 v _116818_/A (HAxp5_ASAP7_75t_R)
     8    6.85  104.58   54.61 13966.99 ^ _116818_/CON (HAxp5_ASAP7_75t_R)
                                         _000599_ (net)
                104.60    0.88 13967.88 ^ _077538_/A (INVx1_ASAP7_75t_R)
     5    3.96   51.66   42.31 14010.19 v _077538_/Y (INVx1_ASAP7_75t_R)
                                         _034146_ (net)
                 51.67    0.28 14010.46 v _077546_/A2 (OA211x2_ASAP7_75t_R)
     6    5.74   30.52   55.57 14066.03 v _077546_/Y (OA211x2_ASAP7_75t_R)
                                         _034154_ (net)
                 30.56    0.58 14066.61 v _077548_/B (OAI21x1_ASAP7_75t_R)
     8    5.90   62.02   25.68 14092.29 ^ _077548_/Y (OAI21x1_ASAP7_75t_R)
                                         _034156_ (net)
                 62.04    0.68 14092.97 ^ _077798_/A1 (OA21x2_ASAP7_75t_R)
    26   18.18   92.97   66.56 14159.53 ^ _077798_/Y (OA21x2_ASAP7_75t_R)
                                         _034404_ (net)
                 92.99    0.87 14160.40 ^ _077803_/A (XNOR2x2_ASAP7_75t_R)
     4    3.18   19.47   55.20 14215.60 v _077803_/Y (XNOR2x2_ASAP7_75t_R)
                                         _011194_ (net)
                 19.51    0.48 14216.08 v _077804_/A (INVx1_ASAP7_75t_R)
     5    4.59   45.17   27.41 14243.49 ^ _077804_/Y (INVx1_ASAP7_75t_R)
                                         _011196_ (net)
                 45.18    0.31 14243.81 ^ _116980_/A (HAxp5_ASAP7_75t_R)
     1    0.56   27.01   18.40 14262.21 v _116980_/CON (HAxp5_ASAP7_75t_R)
                                         _011197_ (net)
                 27.01    0.05 14262.26 v _077634_/A2 (AO22x1_ASAP7_75t_R)
     3    2.63   24.66   37.73 14299.99 v _077634_/Y (AO22x1_ASAP7_75t_R)
                                         _034241_ (net)
                 24.69    0.46 14300.45 v _077645_/B (OR2x2_ASAP7_75t_R)
     2    1.34   11.03   28.46 14328.91 v _077645_/Y (OR2x2_ASAP7_75t_R)
                                         _034252_ (net)
                 11.03    0.06 14328.97 v _077763_/D (OR4x2_ASAP7_75t_R)
    13   11.85   56.16   69.90 14398.87 v _077763_/Y (OR4x2_ASAP7_75t_R)
                                         _034370_ (net)
                 56.71    3.09 14401.96 v _077848_/A (AND2x2_ASAP7_75t_R)
    28   22.30   89.31   68.11 14470.07 v _077848_/Y (AND2x2_ASAP7_75t_R)
                                         _034451_ (net)
                 89.34    1.33 14471.39 v _077958_/B (XNOR2x2_ASAP7_75t_R)
     3    3.36   22.98   49.80 14521.20 ^ _077958_/Y (XNOR2x2_ASAP7_75t_R)
                                         _011336_ (net)
                 22.98    0.10 14521.30 ^ _117058_/A (HAxp5_ASAP7_75t_R)
     8    5.89   85.06   45.18 14566.47 v _117058_/CON (HAxp5_ASAP7_75t_R)
                                         _000595_ (net)
                 85.12    1.28 14567.76 v _077664_/B (NAND2x1_ASAP7_75t_R)
     1    0.83   27.35   25.72 14593.47 ^ _077664_/Y (NAND2x1_ASAP7_75t_R)
                                         _034271_ (net)
                 27.35    0.10 14593.57 ^ _077665_/A (INVx1_ASAP7_75t_R)
     2    1.96   19.88   16.98 14610.55 v _077665_/Y (INVx1_ASAP7_75t_R)
                                         _034272_ (net)
                 19.88    0.14 14610.69 v _077666_/C (NOR3x1_ASAP7_75t_R)
     2    1.15   21.94   17.54 14628.23 ^ _077666_/Y (NOR3x1_ASAP7_75t_R)
                                         _034273_ (net)
                 21.94    0.04 14628.26 ^ _077834_/B (AND2x2_ASAP7_75t_R)
    10    8.71   45.44   39.89 14668.15 ^ _077834_/Y (AND2x2_ASAP7_75t_R)
                                         _034437_ (net)
                 45.55    1.37 14669.51 ^ _078039_/A1 (AO21x2_ASAP7_75t_R)
    32   25.71  128.38   73.07 14742.59 ^ _078039_/Y (AO21x2_ASAP7_75t_R)
                                         _034639_ (net)
                129.02    5.42 14748.01 ^ _078041_/A (XNOR2x2_ASAP7_75t_R)
     5    5.02   26.90   63.01 14811.02 v _078041_/Y (XNOR2x2_ASAP7_75t_R)
                                         _011278_ (net)
                 26.93    0.53 14811.55 v _078261_/A (INVx2_ASAP7_75t_R)
     2    1.69   14.63   13.08 14824.62 ^ _078261_/Y (INVx2_ASAP7_75t_R)
                                         _011276_ (net)
                 14.63    0.12 14824.74 ^ _117028_/A (HAxp5_ASAP7_75t_R)
     5    4.25   64.83   34.25 14858.99 v _117028_/CON (HAxp5_ASAP7_75t_R)
                                         _000593_ (net)
                 64.83    0.31 14859.30 v _077814_/B (AND2x2_ASAP7_75t_R)
     5    3.36   18.12   40.61 14899.91 v _077814_/Y (AND2x2_ASAP7_75t_R)
                                         _034417_ (net)
                 18.13    0.10 14900.01 v _077935_/C (OR4x1_ASAP7_75t_R)
    17   14.21  109.83   87.28 14987.29 v _077935_/Y (OR4x1_ASAP7_75t_R)
                                         _034536_ (net)
                110.04    2.77 14990.06 v _078275_/A (AND2x4_ASAP7_75t_R)
    10    8.25   22.69   51.64 15041.70 v _078275_/Y (AND2x4_ASAP7_75t_R)
                                         _034872_ (net)
                 22.77    0.75 15042.45 v _078356_/A1 (OA21x2_ASAP7_75t_R)
     4    3.26   17.94   32.40 15074.84 v _078356_/Y (OA21x2_ASAP7_75t_R)
                                         _010912_ (net)
                 17.95    0.27 15075.11 v _116816_/B (HAxp5_ASAP7_75t_R)
     6    5.48   85.23   45.30 15120.41 ^ _116816_/CON (HAxp5_ASAP7_75t_R)
                                         _000591_ (net)
                 85.23    0.34 15120.75 ^ _078059_/A1 (AOI22x1_ASAP7_75t_R)
     1    0.54   23.68   16.54 15137.29 v _078059_/Y (AOI22x1_ASAP7_75t_R)
                                         _034657_ (net)
                 23.68    0.04 15137.33 v _078060_/B1 (OA31x2_ASAP7_75t_R)
     3    2.52   17.36   36.34 15173.67 v _078060_/Y (OA31x2_ASAP7_75t_R)
                                         _034658_ (net)
                 17.36    0.14 15173.81 v _078067_/A (NAND2x1_ASAP7_75t_R)
     7    6.17   63.44   36.02 15209.83 ^ _078067_/Y (NAND2x1_ASAP7_75t_R)
                                         _034665_ (net)
                 63.54    1.42 15211.26 ^ _078175_/A1 (OA31x2_ASAP7_75t_R)
    31   26.60  133.24   92.77 15304.03 ^ _078175_/Y (OA31x2_ASAP7_75t_R)
                                         _034773_ (net)
                134.60    7.77 15311.80 ^ _078634_/A (XNOR2x2_ASAP7_75t_R)
     4    3.71   24.47   48.44 15360.24 ^ _078634_/Y (XNOR2x2_ASAP7_75t_R)
                                         _011051_ (net)
                 24.47    0.19 15360.43 ^ _116903_/A (HAxp5_ASAP7_75t_R)
     9    7.19  102.39   53.00 15413.43 v _116903_/CON (HAxp5_ASAP7_75t_R)
                                         _000589_ (net)
                102.40    0.57 15414.00 v _078089_/A (NAND2x1_ASAP7_75t_R)
     1    0.95   34.16   34.35 15448.34 ^ _078089_/Y (NAND2x1_ASAP7_75t_R)
                                         _034687_ (net)
                 34.16    0.10 15448.44 ^ _078090_/A (INVx1_ASAP7_75t_R)
     2    1.33   17.28   15.83 15464.28 v _078090_/Y (INVx1_ASAP7_75t_R)
                                         _034688_ (net)
                 17.28    0.07 15464.34 v _078091_/D (OR4x1_ASAP7_75t_R)
     2    2.01   24.09   45.67 15510.01 v _078091_/Y (OR4x1_ASAP7_75t_R)
                                         _034689_ (net)
                 24.09    0.14 15510.15 v _078343_/C (AO211x2_ASAP7_75t_R)
     2    2.07   13.69   29.28 15539.43 v _078343_/Y (AO211x2_ASAP7_75t_R)
                                         _034940_ (net)
                 13.72    0.31 15539.74 v _078344_/B (AO211x2_ASAP7_75t_R)
    10    7.11   33.40   36.63 15576.37 v _078344_/Y (AO211x2_ASAP7_75t_R)
                                         _034941_ (net)
                 33.55    1.26 15577.63 v _078345_/B (AND2x2_ASAP7_75t_R)
    19   15.46   62.85   50.75 15628.38 v _078345_/Y (AND2x2_ASAP7_75t_R)
                                         _034942_ (net)
                 62.85    0.31 15628.69 v _078364_/A1 (OA21x2_ASAP7_75t_R)
     3    3.42   19.90   40.58 15669.27 v _078364_/Y (OA21x2_ASAP7_75t_R)
                                         _011314_ (net)
                 19.97    0.68 15669.94 v _117045_/B (HAxp5_ASAP7_75t_R)
     3    1.91   37.25   24.95 15694.89 ^ _117045_/CON (HAxp5_ASAP7_75t_R)
                                         _000587_ (net)
                 37.25    0.11 15695.00 ^ _078293_/B (AND2x2_ASAP7_75t_R)
     3    2.13   15.48   30.17 15725.17 ^ _078293_/Y (AND2x2_ASAP7_75t_R)
                                         _034890_ (net)
                 15.49    0.10 15725.27 ^ _078294_/A (INVx1_ASAP7_75t_R)
     1    0.75    9.26    9.11 15734.38 v _078294_/Y (INVx1_ASAP7_75t_R)
                                         _034891_ (net)
                  9.26    0.07 15734.45 v _078295_/B (OA21x2_ASAP7_75t_R)
     2    1.81   12.84   19.16 15753.61 v _078295_/Y (OA21x2_ASAP7_75t_R)
                                         _034892_ (net)
                 12.85    0.14 15753.74 v _078296_/C (NAND3x1_ASAP7_75t_R)
     6    5.37   61.30   35.77 15789.51 ^ _078296_/Y (NAND3x1_ASAP7_75t_R)
                                         _034893_ (net)
                 61.34    0.89 15790.41 ^ _078337_/A (OR3x1_ASAP7_75t_R)
    18   13.96  131.31   76.10 15866.50 ^ _078337_/Y (OR3x1_ASAP7_75t_R)
                                         _034934_ (net)
                131.50    2.93 15869.44 ^ _078967_/B (AND2x2_ASAP7_75t_R)
    26   19.42   95.57   78.72 15948.16 ^ _078967_/Y (AND2x2_ASAP7_75t_R)
                                         _035465_ (net)
                 95.62    1.30 15949.46 ^ _079711_/A (XNOR2x2_ASAP7_75t_R)
     4    3.50   20.60   56.18 16005.65 v _079711_/Y (XNOR2x2_ASAP7_75t_R)
                                         _010637_ (net)
                 20.62    0.38 16006.03 v _079712_/A (INVx1_ASAP7_75t_R)
     2    1.72   20.30   16.51 16022.54 ^ _079712_/Y (INVx1_ASAP7_75t_R)
                                         _010639_ (net)
                 20.30    0.18 16022.72 ^ _116656_/A (HAxp5_ASAP7_75t_R)
     2    1.32   35.25   18.98 16041.69 v _116656_/CON (HAxp5_ASAP7_75t_R)
                                         _010640_ (net)
                 35.25    0.09 16041.78 v _078660_/B1 (AO32x1_ASAP7_75t_R)
     1    0.52   10.61   36.48 16078.26 v _078660_/Y (AO32x1_ASAP7_75t_R)
                                         _035159_ (net)
                 10.61    0.04 16078.30 v _078662_/D (AND5x1_ASAP7_75t_R)
     2    1.84   16.87   27.72 16106.02 v _078662_/Y (AND5x1_ASAP7_75t_R)
                                         _035161_ (net)
                 16.87    0.13 16106.14 v _078663_/B (AOI21x1_ASAP7_75t_R)
     8    7.83   76.42   41.06 16147.20 ^ _078663_/Y (AOI21x1_ASAP7_75t_R)
                                         _035162_ (net)
                 76.55    1.84 16149.04 ^ _078760_/A2 (AO31x2_ASAP7_75t_R)
    30   27.52  136.41   83.20 16232.25 ^ _078760_/Y (AO31x2_ASAP7_75t_R)
                                         _035258_ (net)
                136.52    2.37 16234.62 ^ _080527_/A2 (OA21x2_ASAP7_75t_R)
     3    2.65   20.37   47.37 16282.00 ^ _080527_/Y (OA21x2_ASAP7_75t_R)
                                         _011056_ (net)
                 20.41    0.41 16282.41 ^ _116905_/B (HAxp5_ASAP7_75t_R)
     5    3.89   59.02   34.80 16317.20 v _116905_/CON (HAxp5_ASAP7_75t_R)
                                         _000583_ (net)
                 59.02    0.22 16317.42 v _078949_/B (AND2x2_ASAP7_75t_R)
     1    0.52    8.80   33.04 16350.46 v _078949_/Y (AND2x2_ASAP7_75t_R)
                                         _035447_ (net)
                  8.80    0.04 16350.50 v _078971_/B (OR5x1_ASAP7_75t_R)
    14   10.15   84.87   79.29 16429.80 v _078971_/Y (OR5x1_ASAP7_75t_R)
                                         _035469_ (net)
                 85.03    2.19 16431.99 v place8136/A (BUFx3_ASAP7_75t_R)
    24   19.89   57.29   55.92 16487.91 v place8136/Y (BUFx3_ASAP7_75t_R)
                                         net8134 (net)
                 59.51    6.18 16494.09 v _079101_/A1 (AOI21x1_ASAP7_75t_R)
     1    0.98   24.90   19.99 16514.08 ^ _079101_/Y (AOI21x1_ASAP7_75t_R)
                                         _035599_ (net)
                 24.90    0.04 16514.12 ^ _079398_/A2 (OAI21x1_ASAP7_75t_R)
     5    4.49   47.46   23.35 16537.47 v _079398_/Y (OAI21x1_ASAP7_75t_R)
                                         _035896_ (net)
                 47.46    0.38 16537.86 v _079451_/A (AND2x2_ASAP7_75t_R)
     3    2.55   14.77   36.30 16574.15 v _079451_/Y (AND2x2_ASAP7_75t_R)
                                         _035949_ (net)
                 14.78    0.12 16574.28 v _079452_/A (INVx1_ASAP7_75t_R)
     1    1.14   14.27   11.92 16586.20 ^ _079452_/Y (INVx1_ASAP7_75t_R)
                                         _000128_ (net)
                 14.27    0.12 16586.32 ^ _117019_/A (HAxp5_ASAP7_75t_R)
     2    1.44   35.76   18.20 16604.51 v _117019_/CON (HAxp5_ASAP7_75t_R)
                                         _011256_ (net)
                 35.76    0.20 16604.72 v _081134_/A (INVx1_ASAP7_75t_R)
     2    1.34   21.28   18.84 16623.55 ^ _081134_/Y (INVx1_ASAP7_75t_R)
                                         _037059_ (net)
                 21.28    0.07 16623.62 ^ _081152_/A (AND3x1_ASAP7_75t_R)
     8    5.85   58.88   48.48 16672.10 ^ _081152_/Y (AND3x1_ASAP7_75t_R)
                                         _037077_ (net)
                 58.90    0.48 16672.57 ^ _081303_/B (AND4x1_ASAP7_75t_R)
     5    3.66   42.08   53.02 16725.60 ^ _081303_/Y (AND4x1_ASAP7_75t_R)
                                         _037228_ (net)
                 42.10    0.52 16726.12 ^ _081483_/B (AND3x1_ASAP7_75t_R)
    10    7.72   76.61   59.92 16786.04 ^ _081483_/Y (AND3x1_ASAP7_75t_R)
                                         _037405_ (net)
                 76.71    1.63 16787.67 ^ _081485_/B2 (OA33x2_ASAP7_75t_R)
     1    0.80   12.12   42.16 16829.83 ^ _081485_/Y (OA33x2_ASAP7_75t_R)
                                         _037407_ (net)
                 12.13    0.08 16829.91 ^ _081486_/B2 (AO22x2_ASAP7_75t_R)
     9    6.77   37.07   35.24 16865.15 ^ _081486_/Y (AO22x2_ASAP7_75t_R)
                                         _037408_ (net)
                 37.19    1.21 16866.36 ^ _081545_/A1 (AOI21x1_ASAP7_75t_R)
     3    2.40   26.01   22.35 16888.71 v _081545_/Y (AOI21x1_ASAP7_75t_R)
                                         _037466_ (net)
                 26.02    0.17 16888.88 v _081794_/D (OR4x1_ASAP7_75t_R)
     2    2.09   25.96   47.54 16936.42 v _081794_/Y (OR4x1_ASAP7_75t_R)
                                         _037706_ (net)
                 25.96    0.15 16936.57 v place8135/A (BUFx6f_ASAP7_75t_R)
    26   39.69   59.03   36.09 16972.66 v place8135/Y (BUFx6f_ASAP7_75t_R)
                                         net8133 (net)
                 76.57   17.24 16989.90 v place8131/A (BUFx3_ASAP7_75t_R)
    20   18.44   52.55   54.10 17044.01 v place8131/Y (BUFx3_ASAP7_75t_R)
                                         net8129 (net)
                 54.86    5.95 17049.96 v place8130/A (BUFx3_ASAP7_75t_R)
    31   28.25   79.29   52.91 17102.87 v place8130/Y (BUFx3_ASAP7_75t_R)
                                         net8128 (net)
                 89.62   14.87 17117.73 v place8129/A (BUFx3_ASAP7_75t_R)
    27   21.57   61.62   58.04 17175.78 v place8129/Y (BUFx3_ASAP7_75t_R)
                                         net8127 (net)
                 62.15    3.41 17179.19 v place8128/A (BUFx3_ASAP7_75t_R)
    25   20.88   59.30   51.50 17230.69 v place8128/Y (BUFx3_ASAP7_75t_R)
                                         net8126 (net)
                 65.92   10.37 17241.07 v place8127/A (BUFx3_ASAP7_75t_R)
    24   17.47   49.63   50.83 17291.89 v place8127/Y (BUFx3_ASAP7_75t_R)
                                         net8125 (net)
                 52.92    6.81 17298.70 v place8126/A (BUFx3_ASAP7_75t_R)
    28   21.11   57.34   52.40 17351.11 v place8126/Y (BUFx3_ASAP7_75t_R)
                                         net8124 (net)
                 58.01    3.57 17354.68 v _091938_/C (OR3x1_ASAP7_75t_R)
     1    0.49   12.39   36.04 17390.71 v _091938_/Y (OR3x1_ASAP7_75t_R)
                                         _045370_ (net)
                 12.39    0.02 17390.74 v _091944_/B (OA211x2_ASAP7_75t_R)
     1    0.64   14.10   35.37 17426.11 v _091944_/Y (OA211x2_ASAP7_75t_R)
                                         _045376_ (net)
                 14.10    0.07 17426.18 v _091945_/B (OA21x2_ASAP7_75t_R)
     1    0.60   12.36   18.44 17444.62 v _091945_/Y (OA21x2_ASAP7_75t_R)
                                         _013430_ (net)
                 12.36    0.02 17444.64 v accumulator_buffer[7][3]$_DFFE_PP_/D (DFFHQNx1_ASAP7_75t_R)
                               17444.64   data arrival time

                       18000.00 18000.00   clock core_clk (rise edge)
                          0.00 18000.00   clock source latency
     1   16.91    0.00    0.00 18000.00 ^ clk (in)
                                         clk (net)
                 38.10   12.02 18012.02 ^ clkbuf_0_clk/A (BUFx24_ASAP7_75t_R)
     2   12.09   14.39   33.44 18045.46 ^ clkbuf_0_clk/Y (BUFx24_ASAP7_75t_R)
                                         clknet_0_clk (net)
                 16.33    2.61 18048.07 ^ clkbuf_1_1_0_clk/A (BUFx24_ASAP7_75t_R)
     2   11.20   13.41   26.02 18074.10 ^ clkbuf_1_1_0_clk/Y (BUFx24_ASAP7_75t_R)
                                         clknet_1_1_0_clk (net)
                 16.40    3.23 18077.33 ^ clkbuf_2_3_0_clk/A (BUFx24_ASAP7_75t_R)
     4   17.48   17.35   27.27 18104.60 ^ clkbuf_2_3_0_clk/Y (BUFx24_ASAP7_75t_R)
                                         clknet_2_3_0_clk (net)
                 19.61    3.21 18107.82 ^ clkbuf_4_14_0_clk/A (BUFx24_ASAP7_75t_R)
     4   13.15   14.67   27.68 18135.49 ^ clkbuf_4_14_0_clk/Y (BUFx24_ASAP7_75t_R)
                                         clknet_4_14_0_clk (net)
                 15.61    1.83 18137.33 ^ clkbuf_6_59__f_clk/A (BUFx24_ASAP7_75t_R)
     7   16.92   16.81   27.21 18164.54 ^ clkbuf_6_59__f_clk/Y (BUFx24_ASAP7_75t_R)
                                         clknet_6_59__leaf_clk (net)
                 17.46    1.70 18166.24 ^ clkbuf_leaf_309_clk/A (BUFx24_ASAP7_75t_R)
    14   10.05   12.74   26.46 18192.69 ^ clkbuf_leaf_309_clk/Y (BUFx24_ASAP7_75t_R)
                                         clknet_leaf_309_clk (net)
                 13.35    1.34 18194.03 ^ accumulator_buffer[7][3]$_DFFE_PP_/CLK (DFFHQNx1_ASAP7_75t_R)
                          0.00 18194.03   clock reconvergence pessimism
                         -2.97 18191.06   library setup time
                               18191.06   data required time
-----------------------------------------------------------------------------
                               18191.06   data required time
                               -17444.64   data arrival time
-----------------------------------------------------------------------------
                                746.42   slack (MET)



==========================================================================
finish report_checks -unconstrained
--------------------------------------------------------------------------
Startpoint: sram_response_data[11] (input port clocked by core_clk)
Endpoint: accumulator_buffer[7][3]$_DFFE_PP_
          (rising edge-triggered flip-flop clocked by core_clk)
Path Group: core_clk
Path Type: max

Fanout     Cap    Slew   Delay    Time   Description
-----------------------------------------------------------------------------
                          0.00    0.00   clock core_clk (rise edge)
                          0.00    0.00   clock network delay (propagated)
                       3600.00 3600.00 v input external delay
     1    0.72    0.00    0.00 3600.00 v sram_response_data[11] (in)
                                         sram_response_data[11] (net)
                  0.16    0.05 3600.05 v input2310/A (BUFx2_ASAP7_75t_R)
    17   25.72  105.12   47.13 3647.18 v input2310/Y (BUFx2_ASAP7_75t_R)
                                         net2309 (net)
                109.95   12.18 3659.37 v _067474_/B (OR4x1_ASAP7_75t_R)
     2    1.62   22.53   58.77 3718.14 v _067474_/Y (OR4x1_ASAP7_75t_R)
                                         _024253_ (net)
                 22.54    0.10 3718.24 v _067477_/A (OR2x2_ASAP7_75t_R)
    31   26.40  105.29   66.18 3784.42 v _067477_/Y (OR2x2_ASAP7_75t_R)
                                         _024256_ (net)
                107.16    7.92 3792.34 v _082506_/B (AND2x2_ASAP7_75t_R)
     1    1.00   12.08   43.16 3835.51 v _082506_/Y (AND2x2_ASAP7_75t_R)
                                         _010505_ (net)
                 12.08    0.07 3835.58 v _116574_/A (HAxp5_ASAP7_75t_R)
     4    3.32   61.15   30.97 3866.55 ^ _116574_/CON (HAxp5_ASAP7_75t_R)
                                         _000761_ (net)
     1    0.63   21.93   18.44 3884.99 v _116574_/SN (HAxp5_ASAP7_75t_R)
                                         _000769_ (net)
                 21.93    0.02 3885.02 v _075700_/A (INVx1_ASAP7_75t_R)
     1    0.64   12.20   11.53 3896.54 ^ _075700_/Y (INVx1_ASAP7_75t_R)
                                         _032399_ (net)
                 12.20    0.07 3896.61 ^ _075701_/A1 (AO21x1_ASAP7_75t_R)
     3    2.87   31.08   27.45 3924.06 ^ _075701_/Y (AO21x1_ASAP7_75t_R)
                                         _032400_ (net)
                 31.10    0.39 3924.45 ^ _116669_/B (HAxp5_ASAP7_75t_R)
     2    1.79   35.97   26.21 3950.66 v _116669_/CON (HAxp5_ASAP7_75t_R)
                                         _000757_ (net)
     1    1.15   31.25   19.03 3969.68 ^ _116669_/SN (HAxp5_ASAP7_75t_R)
                                         _000758_ (net)
                 31.25    0.09 3969.77 ^ _075704_/A1 (AOI21x1_ASAP7_75t_R)
     2    1.93   22.21   19.02 3988.79 v _075704_/Y (AOI21x1_ASAP7_75t_R)
                                         _010850_ (net)
                 22.22    0.35 3989.15 v _116782_/B (HAxp5_ASAP7_75t_R)
     2    1.77   47.89   49.94 4039.08 v _116782_/SN (HAxp5_ASAP7_75t_R)
                                         _000754_ (net)
                 47.89    0.13 4039.21 v _075705_/A (NOR2x1_ASAP7_75t_R)
     1    0.66   24.97   17.19 4056.40 ^ _075705_/Y (NOR2x1_ASAP7_75t_R)
                                         _032402_ (net)
                 24.97    0.05 4056.46 ^ _075706_/B (AO21x1_ASAP7_75t_R)
     2    1.94   23.02   24.61 4081.06 ^ _075706_/Y (AO21x1_ASAP7_75t_R)
                                         _010929_ (net)
                 23.02    0.11 4081.17 ^ _116826_/B (HAxp5_ASAP7_75t_R)
     1    1.12   27.06   19.70 4100.87 v _116826_/CON (HAxp5_ASAP7_75t_R)
                                         _000749_ (net)
     1    0.66   22.26   13.98 4114.85 ^ _116826_/SN (HAxp5_ASAP7_75t_R)
                                         _000750_ (net)
                 22.26    0.05 4114.90 ^ _075708_/A1 (AO21x1_ASAP7_75t_R)
     2    1.48   18.27   23.76 4138.67 ^ _075708_/Y (AO21x1_ASAP7_75t_R)
                                         _032404_ (net)
                 18.28    0.20 4138.87 ^ _079610_/A (INVx1_ASAP7_75t_R)
     1    0.95   11.21   10.65 4149.52 v _079610_/Y (INVx1_ASAP7_75t_R)
                                         _010736_ (net)
                 11.21    0.07 4149.59 v _116714_/B (HAxp5_ASAP7_75t_R)
     2    1.29   36.25   38.51 4188.10 v _116714_/SN (HAxp5_ASAP7_75t_R)
                                         _000746_ (net)
                 36.26    0.07 4188.18 v _075709_/A (OR2x2_ASAP7_75t_R)
     1    0.65    9.68   29.14 4217.31 v _075709_/Y (OR2x2_ASAP7_75t_R)
                                         _032405_ (net)
                  9.68    0.05 4217.36 v _075710_/B (OA21x2_ASAP7_75t_R)
     3    2.17   14.04   20.00 4237.37 v _075710_/Y (OA21x2_ASAP7_75t_R)
                                         _032406_ (net)
                 14.06    0.23 4237.60 v _079477_/A (INVx1_ASAP7_75t_R)
     1    0.88   11.99   10.58 4248.18 ^ _079477_/Y (INVx1_ASAP7_75t_R)
                                         _011228_ (net)
                 11.99    0.03 4248.21 ^ _117003_/B (HAxp5_ASAP7_75t_R)
     4    3.47   58.07   29.54 4277.75 v _117003_/CON (HAxp5_ASAP7_75t_R)
                                         _000741_ (net)
     1    0.58   25.23   18.62 4296.37 ^ _117003_/SN (HAxp5_ASAP7_75t_R)
                                         _000742_ (net)
                 25.23    0.05 4296.41 ^ _075711_/A (AND2x2_ASAP7_75t_R)
     1    0.61    9.12   22.08 4318.49 ^ _075711_/Y (AND2x2_ASAP7_75t_R)
                                         _032407_ (net)
                  9.12    0.04 4318.54 ^ _075712_/B (AO21x1_ASAP7_75t_R)
     2    1.53   18.90   18.61 4337.15 ^ _075712_/Y (AO21x1_ASAP7_75t_R)
                                         _032408_ (net)
                 18.90    0.14 4337.29 ^ _075738_/A (INVx1_ASAP7_75t_R)
     1    1.10   12.30   11.45 4348.74 v _075738_/Y (INVx1_ASAP7_75t_R)
                                         _011387_ (net)
                 12.30    0.12 4348.85 v _117078_/B (HAxp5_ASAP7_75t_R)
     1    1.11   26.60   17.26 4366.12 ^ _117078_/CON (HAxp5_ASAP7_75t_R)
                                         _000737_ (net)
     1    0.63   20.19   13.47 4379.59 v _117078_/SN (HAxp5_ASAP7_75t_R)
                                         _000738_ (net)
                 20.19    0.05 4379.63 v _075694_/A (OR3x1_ASAP7_75t_R)
     1    1.14   16.07   31.74 4411.38 v _075694_/Y (OR3x1_ASAP7_75t_R)
                                         _032393_ (net)
                 16.08    0.12 4411.49 v _075714_/A (NAND2x1_ASAP7_75t_R)
     3    3.67   40.02   26.20 4437.69 ^ _075714_/Y (NAND2x1_ASAP7_75t_R)
                                         _010844_ (net)
                 40.03    0.19 4437.88 ^ _116779_/B (HAxp5_ASAP7_75t_R)
     3    3.08   52.00   36.80 4474.67 v _116779_/CON (HAxp5_ASAP7_75t_R)
                                         _000733_ (net)
     1    1.16   31.73   22.29 4496.97 ^ _116779_/SN (HAxp5_ASAP7_75t_R)
                                         _000734_ (net)
                 31.73    0.09 4497.06 ^ _082435_/A1 (AOI21x1_ASAP7_75t_R)
     1    0.94   28.84   15.35 4512.41 v _082435_/Y (AOI21x1_ASAP7_75t_R)
                                         _010709_ (net)
                 28.84    0.07 4512.47 v _116692_/B (HAxp5_ASAP7_75t_R)
     2    1.95   52.64   55.13 4567.61 v _116692_/SN (HAxp5_ASAP7_75t_R)
                                         _000730_ (net)
                 52.64    0.12 4567.73 v _080128_/A1 (AOI21x1_ASAP7_75t_R)
     2    1.62   41.22   22.80 4590.52 ^ _080128_/Y (AOI21x1_ASAP7_75t_R)
                                         _011124_ (net)
                 41.22    0.13 4590.66 ^ _116939_/B (HAxp5_ASAP7_75t_R)
     5    4.47   68.87   44.98 4635.64 v _116939_/CON (HAxp5_ASAP7_75t_R)
                                         _000725_ (net)
     1    1.14   32.79   25.08 4660.72 ^ _116939_/SN (HAxp5_ASAP7_75t_R)
                                         _000726_ (net)
                 32.79    0.08 4660.80 ^ _079937_/A1 (AOI21x1_ASAP7_75t_R)
     1    1.01   29.40   15.87 4676.68 v _079937_/Y (AOI21x1_ASAP7_75t_R)
                                         _011345_ (net)
                 29.40    0.09 4676.76 v _117062_/B (HAxp5_ASAP7_75t_R)
     2    2.02   54.49   56.21 4732.97 v _117062_/SN (HAxp5_ASAP7_75t_R)
                                         _000722_ (net)
                 54.49    0.24 4733.21 v _083165_/A1 (AOI21x1_ASAP7_75t_R)
     1    0.92   33.95   19.03 4752.23 ^ _083165_/Y (AOI21x1_ASAP7_75t_R)
                                         _011027_ (net)
                 33.95    0.08 4752.31 ^ _116882_/B (HAxp5_ASAP7_75t_R)
     4    3.52   56.41   37.23 4789.54 v _116882_/CON (HAxp5_ASAP7_75t_R)
                                         _000717_ (net)
     1    1.15   31.87   22.97 4812.51 ^ _116882_/SN (HAxp5_ASAP7_75t_R)
                                         _000718_ (net)
                 31.87    0.09 4812.60 ^ _079796_/A1 (AOI21x1_ASAP7_75t_R)
     1    0.98   29.26   15.57 4828.17 v _079796_/Y (AOI21x1_ASAP7_75t_R)
                                         _010594_ (net)
                 29.26    0.08 4828.25 v _116634_/B (HAxp5_ASAP7_75t_R)
     2    2.22   59.61   58.97 4887.22 v _116634_/SN (HAxp5_ASAP7_75t_R)
                                         _000714_ (net)
                 59.61    0.42 4887.64 v _080185_/A1 (AOI21x1_ASAP7_75t_R)
     1    1.15   36.45   21.02 4908.66 ^ _080185_/Y (AOI21x1_ASAP7_75t_R)
                                         _010827_ (net)
                 36.45    0.13 4908.79 ^ _116772_/B (HAxp5_ASAP7_75t_R)
     5    4.70   72.07   44.78 4953.56 v _116772_/CON (HAxp5_ASAP7_75t_R)
                                         _000709_ (net)
     1    1.16   32.97   25.81 4979.37 ^ _116772_/SN (HAxp5_ASAP7_75t_R)
                                         _000710_ (net)
                 32.97    0.09 4979.46 ^ _079836_/A1 (AOI21x1_ASAP7_75t_R)
     1    1.03   29.68   15.99 4995.45 v _079836_/Y (AOI21x1_ASAP7_75t_R)
                                         _010740_ (net)
                 29.68    0.09 4995.54 v _116716_/B (HAxp5_ASAP7_75t_R)
     4    4.44  114.11   93.74 5089.28 v _116716_/SN (HAxp5_ASAP7_75t_R)
                                         _000706_ (net)
                114.11    0.55 5089.83 v _080102_/A1 (AOI21x1_ASAP7_75t_R)
     1    1.02   35.22   25.48 5115.31 ^ _080102_/Y (AOI21x1_ASAP7_75t_R)
                                         _010610_ (net)
                 35.22    0.10 5115.41 ^ _116643_/B (HAxp5_ASAP7_75t_R)
     4    2.99   50.22   34.69 5150.10 v _116643_/CON (HAxp5_ASAP7_75t_R)
                                         _000701_ (net)
     1    1.12   31.59   21.68 5171.78 ^ _116643_/SN (HAxp5_ASAP7_75t_R)
                                         _000702_ (net)
                 31.59    0.04 5171.82 ^ _079858_/A1 (AOI21x1_ASAP7_75t_R)
     1    0.96   29.30   15.42 5187.25 v _079858_/Y (AOI21x1_ASAP7_75t_R)
                                         _010061_ (net)
                 29.30    0.07 5187.32 v _116294_/B (HAxp5_ASAP7_75t_R)
     5    4.49  115.12   95.01 5282.33 v _116294_/SN (HAxp5_ASAP7_75t_R)
                                         _000698_ (net)
                115.12    0.32 5282.65 v _085247_/A1 (AOI21x1_ASAP7_75t_R)
     1    0.89   33.87   24.45 5307.10 ^ _085247_/Y (AOI21x1_ASAP7_75t_R)
                                         _010842_ (net)
                 33.87    0.07 5307.17 ^ _116778_/B (HAxp5_ASAP7_75t_R)
     2    2.00   38.87   28.33 5335.50 v _116778_/CON (HAxp5_ASAP7_75t_R)
                                         _000693_ (net)
     1    1.22   33.00   20.25 5355.75 ^ _116778_/SN (HAxp5_ASAP7_75t_R)
                                         _000694_ (net)
                 33.00    0.12 5355.87 ^ _075717_/A1 (AOI21x1_ASAP7_75t_R)
     1    0.97   29.45   15.73 5371.60 v _075717_/Y (AOI21x1_ASAP7_75t_R)
                                         _011341_ (net)
                 29.45    0.08 5371.67 v _117060_/B (HAxp5_ASAP7_75t_R)
     4    4.63  119.48   95.78 5467.45 v _117060_/SN (HAxp5_ASAP7_75t_R)
                                         _000690_ (net)
                119.48    0.74 5468.19 v _082397_/A1 (AOI21x1_ASAP7_75t_R)
     1    0.89   34.05   24.84 5493.02 ^ _082397_/Y (AOI21x1_ASAP7_75t_R)
                                         _011275_ (net)
                 34.05    0.07 5493.09 ^ _117027_/B (HAxp5_ASAP7_75t_R)
     4    4.49   68.20   42.68 5535.77 v _117027_/CON (HAxp5_ASAP7_75t_R)
                                         _000685_ (net)
     1    1.25   33.46   25.88 5561.65 ^ _117027_/SN (HAxp5_ASAP7_75t_R)
                                         _000686_ (net)
                 33.46    0.11 5561.76 ^ _080044_/A1 (AOI21x1_ASAP7_75t_R)
     1    1.11   30.49   16.41 5578.17 v _080044_/Y (AOI21x1_ASAP7_75t_R)
                                         _011060_ (net)
                 30.49    0.11 5578.28 v _116907_/B (HAxp5_ASAP7_75t_R)
     2    1.58   33.99   26.77 5605.05 ^ _116907_/CON (HAxp5_ASAP7_75t_R)
                                         _000681_ (net)
                 33.99    0.06 5605.10 ^ _080320_/A (XNOR2x2_ASAP7_75t_R)
     1    0.60   10.19   39.69 5644.80 v _080320_/Y (XNOR2x2_ASAP7_75t_R)
                                         _036393_ (net)
                 10.19    0.05 5644.84 v _080321_/C (OR3x1_ASAP7_75t_R)
     1    0.94   14.90   30.19 5675.04 v _080321_/Y (OR3x1_ASAP7_75t_R)
                                         _036394_ (net)
                 14.90    0.07 5675.11 v _080322_/B (XNOR2x2_ASAP7_75t_R)
     4    3.80   20.48   34.01 5709.12 v _080322_/Y (XNOR2x2_ASAP7_75t_R)
                                         _036395_ (net)
                 20.49    0.20 5709.32 v _080323_/B (NOR2x1_ASAP7_75t_R)
     3    2.03   30.20   18.20 5727.52 ^ _080323_/Y (NOR2x1_ASAP7_75t_R)
                                         _036396_ (net)
                 30.20    0.17 5727.68 ^ _082416_/B (AND2x2_ASAP7_75t_R)
     1    0.96   12.67   25.47 5753.15 ^ _082416_/Y (AND2x2_ASAP7_75t_R)
                                         _038190_ (net)
                 12.67    0.07 5753.23 ^ _082417_/B (XNOR2x2_ASAP7_75t_R)
     4    4.80   24.55   43.63 5796.85 v _082417_/Y (XNOR2x2_ASAP7_75t_R)
                                         _010035_ (net)
                 24.55    0.33 5797.19 v _082420_/C (OR5x1_ASAP7_75t_R)
     2    1.75   25.68   53.04 5850.23 v _082420_/Y (OR5x1_ASAP7_75t_R)
                                         _038193_ (net)
                 25.69    0.27 5850.50 v _083005_/B (OR3x1_ASAP7_75t_R)
     1    0.74   12.05   32.32 5882.82 v _083005_/Y (OR3x1_ASAP7_75t_R)
                                         _038668_ (net)
                 12.05    0.06 5882.88 v _083006_/A (INVx1_ASAP7_75t_R)
     2    1.96   20.75   14.35 5897.23 ^ _083006_/Y (INVx1_ASAP7_75t_R)
                                         _038669_ (net)
                 20.75    0.19 5897.42 ^ _083007_/C (NAND3x1_ASAP7_75t_R)
     2    1.60   18.28   14.70 5912.12 v _083007_/Y (NAND3x1_ASAP7_75t_R)
                                         _038670_ (net)
                 18.28    0.10 5912.22 v _083011_/B (OR3x1_ASAP7_75t_R)
     2    1.73   19.14   35.25 5947.47 v _083011_/Y (OR3x1_ASAP7_75t_R)
                                         _038674_ (net)
                 19.15    0.14 5947.61 v _083014_/B (OR3x1_ASAP7_75t_R)
     2    1.68   18.85   35.28 5982.89 v _083014_/Y (OR3x1_ASAP7_75t_R)
                                         _038677_ (net)
                 18.85    0.06 5982.95 v _083015_/C (OR3x1_ASAP7_75t_R)
     1    0.78   12.20   31.21 6014.16 v _083015_/Y (OR3x1_ASAP7_75t_R)
                                         _038678_ (net)
                 12.21    0.07 6014.23 v _083016_/A (INVx1_ASAP7_75t_R)
     1    1.27   14.74   11.64 6025.87 ^ _083016_/Y (INVx1_ASAP7_75t_R)
                                         _038679_ (net)
                 14.75    0.11 6025.98 ^ _083018_/A1 (OAI21x1_ASAP7_75t_R)
     2    1.52   18.24   12.14 6038.12 v _083018_/Y (OAI21x1_ASAP7_75t_R)
                                         _038681_ (net)
                 18.24    0.10 6038.22 v _083019_/C (OR3x1_ASAP7_75t_R)
     1    1.01   13.80   32.20 6070.42 v _083019_/Y (OR3x1_ASAP7_75t_R)
                                         _038682_ (net)
                 13.80    0.05 6070.47 v _083020_/B (XOR2x2_ASAP7_75t_R)
     2    3.11   17.83   32.60 6103.07 v _083020_/Y (XOR2x2_ASAP7_75t_R)
                                         _009792_ (net)
                 17.86    0.33 6103.40 v _116626_/B (HAxp5_ASAP7_75t_R)
     1    1.02   29.64   36.55 6139.96 v _116626_/SN (HAxp5_ASAP7_75t_R)
                                         _063076_ (net)
                 29.64    0.09 6140.04 v _116953_/A (HAxp5_ASAP7_75t_R)
     7    5.31   84.00   49.20 6189.24 ^ _116953_/CON (HAxp5_ASAP7_75t_R)
                                         _011151_ (net)
     1    0.64   24.24   21.15 6210.39 v _116953_/SN (HAxp5_ASAP7_75t_R)
                                         _011152_ (net)
                 24.24    0.02 6210.42 v rebuffer10209/A (BUFx3_ASAP7_75t_R)
     6    4.36   15.39   27.30 6237.71 v rebuffer10209/Y (BUFx3_ASAP7_75t_R)
                                         net10207 (net)
                 15.47    0.59 6238.30 v _064037_/C (OR3x1_ASAP7_75t_R)
     1    0.68   11.49   30.01 6268.31 v _064037_/Y (OR3x1_ASAP7_75t_R)
                                         _020816_ (net)
                 11.49    0.05 6268.37 v _064038_/B (AO21x1_ASAP7_75t_R)
     4    2.56   23.65   29.44 6297.80 v _064038_/Y (AO21x1_ASAP7_75t_R)
                                         _020817_ (net)
                 23.65    0.18 6297.99 v _064040_/C (OR4x1_ASAP7_75t_R)
     6    4.87   44.44   57.51 6355.50 v _064040_/Y (OR4x1_ASAP7_75t_R)
                                         _020819_ (net)
                 44.50    0.98 6356.48 v _064198_/A (NAND2x1_ASAP7_75t_R)
     3    2.18   32.87   29.99 6386.46 ^ _064198_/Y (NAND2x1_ASAP7_75t_R)
                                         _020977_ (net)
                 32.88    0.20 6386.67 ^ _067562_/B1 (AO221x1_ASAP7_75t_R)
    14   16.15  155.32   91.86 6478.53 ^ _067562_/Y (AO221x1_ASAP7_75t_R)
                                         _024340_ (net)
                155.64    4.12 6482.65 ^ _067575_/C (AND4x1_ASAP7_75t_R)
     2    1.78   26.26   53.92 6536.57 ^ _067575_/Y (AND4x1_ASAP7_75t_R)
                                         _024353_ (net)
                 26.27    0.28 6536.85 ^ place8180/A (BUFx3_ASAP7_75t_R)
    22   21.18   71.07   47.27 6584.12 ^ place8180/Y (BUFx3_ASAP7_75t_R)
                                         net8178 (net)
                 71.17    1.62 6585.74 ^ _067652_/D (AND4x1_ASAP7_75t_R)
    12   12.56  123.25   87.15 6672.90 ^ _067652_/Y (AND4x1_ASAP7_75t_R)
                                         _024430_ (net)
                123.37    2.29 6675.19 ^ _070365_/B (AND2x2_ASAP7_75t_R)
     1    1.01   13.31   39.57 6714.76 ^ _070365_/Y (AND2x2_ASAP7_75t_R)
                                         _027131_ (net)
                 13.31    0.08 6714.84 ^ _070366_/B (XNOR2x2_ASAP7_75t_R)
     1    0.57   10.08   22.68 6737.52 ^ _070366_/Y (XNOR2x2_ASAP7_75t_R)
                                         _027132_ (net)
                 10.08    0.05 6737.56 ^ _070370_/D (AND5x1_ASAP7_75t_R)
     1    0.75   16.72   40.76 6778.33 ^ _070370_/Y (AND5x1_ASAP7_75t_R)
                                         _027136_ (net)
                 16.72    0.09 6778.42 ^ _070371_/E (AND5x1_ASAP7_75t_R)
     1    0.70   16.27   42.01 6820.43 ^ _070371_/Y (AND5x1_ASAP7_75t_R)
                                         _027137_ (net)
                 16.27    0.06 6820.48 ^ _070372_/E (AND5x1_ASAP7_75t_R)
     3    3.77   43.91   54.11 6874.59 ^ _070372_/Y (AND5x1_ASAP7_75t_R)
                                         _027138_ (net)
                 43.97    0.88 6875.48 ^ _070373_/D (AND4x1_ASAP7_75t_R)
     4    3.43   40.09   48.32 6923.80 ^ _070373_/Y (AND4x1_ASAP7_75t_R)
                                         _027139_ (net)
                 40.13    0.65 6924.45 ^ _070374_/B (NOR2x1_ASAP7_75t_R)
     3    1.78   23.38   21.11 6945.55 v _070374_/Y (NOR2x1_ASAP7_75t_R)
                                         _027140_ (net)
                 23.38    0.17 6945.72 v _071611_/B (AND2x2_ASAP7_75t_R)
    17   11.56   46.74   42.53 6988.25 v _071611_/Y (AND2x2_ASAP7_75t_R)
                                         _028360_ (net)
                 46.99    2.02 6990.27 v _073303_/A (AND2x2_ASAP7_75t_R)
     2    1.04    9.73   32.89 7023.16 v _073303_/Y (AND2x2_ASAP7_75t_R)
                                         _030042_ (net)
                  9.73    0.03 7023.19 v _074971_/B (OR5x1_ASAP7_75t_R)
     1    0.68   15.82   41.03 7064.23 v _074971_/Y (OR5x1_ASAP7_75t_R)
                                         _031694_ (net)
                 15.82    0.06 7064.28 v _074972_/D (OR4x2_ASAP7_75t_R)
     1    0.81   14.49   45.49 7109.78 v _074972_/Y (OR4x2_ASAP7_75t_R)
                                         _031695_ (net)
                 14.49    0.13 7109.90 v _074990_/A (OR5x1_ASAP7_75t_R)
     1    1.06   18.64   40.63 7150.53 v _074990_/Y (OR5x1_ASAP7_75t_R)
                                         _031713_ (net)
                 18.65    0.18 7150.71 v _074991_/D (OR4x1_ASAP7_75t_R)
     3    3.37   33.16   51.51 7202.23 v _074991_/Y (OR4x1_ASAP7_75t_R)
                                         _031714_ (net)
                 33.19    0.55 7202.78 v _075002_/A (OR2x2_ASAP7_75t_R)
    16   11.85   49.29   48.62 7251.40 v _075002_/Y (OR2x2_ASAP7_75t_R)
                                         _031725_ (net)
                 50.04    3.40 7254.80 v _079156_/B (AND2x2_ASAP7_75t_R)
    15   16.78   67.81   57.78 7312.58 v _079156_/Y (AND2x2_ASAP7_75t_R)
                                         _035654_ (net)
                 68.79    4.62 7317.20 v _082530_/A (INVx1_ASAP7_75t_R)
    22   16.54  160.70   90.49 7407.69 ^ _082530_/Y (INVx1_ASAP7_75t_R)
                                         _038258_ (net)
                161.30    5.65 7413.33 ^ _082532_/B (AOI21x1_ASAP7_75t_R)
     3    2.47   46.54   38.84 7452.18 v _082532_/Y (AOI21x1_ASAP7_75t_R)
                                         compute_product[13] (net)
                 46.54    0.18 7452.36 v _116447_/B (HAxp5_ASAP7_75t_R)
     2    1.32   38.19   50.94 7503.30 v _116447_/SN (HAxp5_ASAP7_75t_R)
                                         _010330_ (net)
                 38.19    0.08 7503.38 v _063506_/B (OR4x1_ASAP7_75t_R)
     2    1.24   17.91   44.62 7548.00 v _063506_/Y (OR4x1_ASAP7_75t_R)
                                         _020289_ (net)
                 17.91    0.09 7548.08 v _063518_/E (OR5x1_ASAP7_75t_R)
     1    1.36   21.19   51.94 7600.02 v _063518_/Y (OR5x1_ASAP7_75t_R)
                                         _020301_ (net)
                 21.20    0.25 7600.28 v _063519_/B (NOR2x1_ASAP7_75t_R)
     2    1.10   17.80   14.40 7614.67 ^ _063519_/Y (NOR2x1_ASAP7_75t_R)
                                         _020302_ (net)
                 17.80    0.03 7614.71 ^ _063520_/A (INVx1_ASAP7_75t_R)
     1    0.68    9.45    9.40 7624.10 v _063520_/Y (INVx1_ASAP7_75t_R)
                                         _020303_ (net)
                  9.45    0.06 7624.16 v _063521_/B (AO21x1_ASAP7_75t_R)
     1    0.59    9.40   21.35 7645.51 v _063521_/Y (AO21x1_ASAP7_75t_R)
                                         _020304_ (net)
                  9.40    0.05 7645.56 v _063525_/A3 (AO32x1_ASAP7_75t_R)
     2    1.92   20.24   36.31 7681.87 v _063525_/Y (AO32x1_ASAP7_75t_R)
                                         _020308_ (net)
                 20.26    0.26 7682.14 v _063535_/A2 (AOI21x1_ASAP7_75t_R)
     3    2.44   29.00   21.06 7703.20 ^ _063535_/Y (AOI21x1_ASAP7_75t_R)
                                         _020318_ (net)
                 29.00    0.13 7703.33 ^ place8170/A (BUFx3_ASAP7_75t_R)
    27   21.95   76.60   45.07 7748.41 ^ place8170/Y (BUFx3_ASAP7_75t_R)
                                         net8168 (net)
                 77.15    3.94 7752.34 ^ place8168/A (BUFx3_ASAP7_75t_R)
    25   21.08   70.73   58.23 7810.58 ^ place8168/Y (BUFx3_ASAP7_75t_R)
                                         net8166 (net)
                 70.90    2.11 7812.68 ^ _075271_/A (NOR2x1_ASAP7_75t_R)
     1    1.20   26.09   26.12 7838.80 v _075271_/Y (NOR2x1_ASAP7_75t_R)
                                         _031985_ (net)
                 26.09    0.09 7838.89 v _075272_/B (AOI21x1_ASAP7_75t_R)
     9    9.67   96.47   50.77 7889.66 ^ _075272_/Y (AOI21x1_ASAP7_75t_R)
                                         _031986_ (net)
                 96.53    1.44 7891.10 ^ _075273_/A (INVx2_ASAP7_75t_R)
    11    9.78   59.14   44.47 7935.57 v _075273_/Y (INVx2_ASAP7_75t_R)
                                         _031987_ (net)
                 59.20    1.09 7936.66 v _116357_/A (HAxp5_ASAP7_75t_R)
     4    3.34   86.80   88.04 8024.71 v _116357_/SN (HAxp5_ASAP7_75t_R)
                                         _010187_ (net)
                 86.80    0.24 8024.95 v _070982_/A1 (OA21x2_ASAP7_75t_R)
     3    2.70   17.61   43.11 8068.05 v _070982_/Y (OA21x2_ASAP7_75t_R)
                                         _027733_ (net)
                 17.62    0.20 8068.26 v _070983_/A2 (OA21x2_ASAP7_75t_R)
     1    0.70   10.59   25.71 8093.97 v _070983_/Y (OA21x2_ASAP7_75t_R)
                                         _027734_ (net)
                 10.59    0.06 8094.03 v _070984_/A2 (OA21x2_ASAP7_75t_R)
     2    1.16   11.37   24.59 8118.63 v _070984_/Y (OA21x2_ASAP7_75t_R)
                                         _027735_ (net)
                 11.37    0.09 8118.72 v _070985_/B (OR2x2_ASAP7_75t_R)
     3    2.63   15.76   27.26 8145.98 v _070985_/Y (OR2x2_ASAP7_75t_R)
                                         _027736_ (net)
                 15.78    0.28 8146.25 v _070998_/A (INVx1_ASAP7_75t_R)
     2    1.65   18.68   14.50 8160.75 ^ _070998_/Y (INVx1_ASAP7_75t_R)
                                         _027748_ (net)
                 18.68    0.16 8160.91 ^ _071002_/A1 (AO21x1_ASAP7_75t_R)
     1    0.60    9.89   19.15 8180.06 ^ _071002_/Y (AO21x1_ASAP7_75t_R)
                                         _027752_ (net)
                  9.89    0.02 8180.08 ^ _071003_/C (AND3x1_ASAP7_75t_R)
     1    0.68   13.61   24.05 8204.13 ^ _071003_/Y (AND3x1_ASAP7_75t_R)
                                         _027753_ (net)
                 13.61    0.06 8204.19 ^ _071004_/B (AO21x1_ASAP7_75t_R)
    11    7.17   69.35   41.84 8246.03 ^ _071004_/Y (AO21x1_ASAP7_75t_R)
                                         _027754_ (net)
                 69.43    1.37 8247.40 ^ _072949_/B (AND2x2_ASAP7_75t_R)
    30   22.09  111.17   72.92 8320.32 ^ _072949_/Y (AND2x2_ASAP7_75t_R)
                                         _029690_ (net)
                112.04    5.75 8326.07 ^ _072950_/A (INVx1_ASAP7_75t_R)
     6    5.65   63.41   52.84 8378.91 v _072950_/Y (INVx1_ASAP7_75t_R)
                                         _029691_ (net)
                 63.41    0.35 8379.26 v _073029_/B (OR4x1_ASAP7_75t_R)
     1    0.50   14.07   45.14 8424.40 v _073029_/Y (OR4x1_ASAP7_75t_R)
                                         _029769_ (net)
                 14.08    0.04 8424.44 v _073030_/B (OA211x2_ASAP7_75t_R)
     2    1.17   14.65   37.38 8461.82 v _073030_/Y (OA211x2_ASAP7_75t_R)
                                         _029770_ (net)
                 14.65    0.10 8461.92 v _073122_/A (OR2x2_ASAP7_75t_R)
     1    0.70    9.34   24.11 8486.02 v _073122_/Y (OR2x2_ASAP7_75t_R)
                                         _029862_ (net)
                  9.35    0.08 8486.10 v _073221_/B1 (AO221x1_ASAP7_75t_R)
     3    3.19   29.54   38.36 8524.46 v _073221_/Y (AO221x1_ASAP7_75t_R)
                                         _029960_ (net)
                 29.57    0.48 8524.94 v _078600_/A2 (AO21x1_ASAP7_75t_R)
     2    2.04   20.87   30.85 8555.80 v _078600_/Y (AO21x1_ASAP7_75t_R)
                                         _035109_ (net)
                 20.88    0.26 8556.06 v _079741_/B (OR2x2_ASAP7_75t_R)
     1    0.67   12.65   25.75 8581.81 v _079741_/Y (OR2x2_ASAP7_75t_R)
                                         _036081_ (net)
                 12.65    0.03 8581.84 v _079742_/B (OA21x2_ASAP7_75t_R)
     1    1.23   12.22   19.18 8601.03 v _079742_/Y (OA21x2_ASAP7_75t_R)
                                         _036082_ (net)
                 12.23    0.16 8601.19 v _079743_/B (NOR2x1_ASAP7_75t_R)
     1    0.80   20.09   10.61 8611.80 ^ _079743_/Y (NOR2x1_ASAP7_75t_R)
                                         _036083_ (net)
                 20.09    0.08 8611.88 ^ _079744_/B (AO21x1_ASAP7_75t_R)
     1    0.67   11.87   18.27 8630.15 ^ _079744_/Y (AO21x1_ASAP7_75t_R)
                                         _036084_ (net)
                 11.87    0.06 8630.20 ^ _079745_/B (AND2x2_ASAP7_75t_R)
     1    1.32   12.26   21.28 8651.49 ^ _079745_/Y (AND2x2_ASAP7_75t_R)
                                         _036085_ (net)
                 12.26    0.13 8651.61 ^ _079746_/B (AOI21x1_ASAP7_75t_R)
     3    3.65   45.56   16.23 8667.84 v _079746_/Y (AOI21x1_ASAP7_75t_R)
                                         _010207_ (net)
                 45.61    0.91 8668.76 v _116364_/B (HAxp5_ASAP7_75t_R)
     6    4.20  108.35   95.66 8764.42 v _116364_/SN (HAxp5_ASAP7_75t_R)
                                         _010209_ (net)
                108.37    0.75 8765.17 v _063474_/C (OR3x1_ASAP7_75t_R)
     1    0.87   15.01   43.68 8808.85 v _063474_/Y (OR3x1_ASAP7_75t_R)
                                         _020257_ (net)
                 15.02    0.09 8808.94 v _063475_/B (AO21x1_ASAP7_75t_R)
     3    1.97   19.85   28.23 8837.17 v _063475_/Y (AO21x1_ASAP7_75t_R)
                                         _020258_ (net)
                 19.86    0.21 8837.38 v _063478_/A2 (AO21x1_ASAP7_75t_R)
     2    1.40   14.52   26.08 8863.46 v _063478_/Y (AO21x1_ASAP7_75t_R)
                                         _020261_ (net)
                 14.52    0.16 8863.62 v _063479_/B (AO21x1_ASAP7_75t_R)
     1    1.06   12.29   24.60 8888.22 v _063479_/Y (AO21x1_ASAP7_75t_R)
                                         _020262_ (net)
                 12.30    0.18 8888.40 v _063480_/D (OR4x1_ASAP7_75t_R)
     4    3.55   37.25   51.12 8939.52 v _063480_/Y (OR4x1_ASAP7_75t_R)
                                         _020263_ (net)
                 37.27    0.38 8939.90 v _063485_/A2 (AO21x1_ASAP7_75t_R)
     1    0.57    9.41   26.94 8966.84 v _063485_/Y (AO21x1_ASAP7_75t_R)
                                         _020268_ (net)
                  9.41    0.02 8966.86 v _074945_/A1 (OA21x2_ASAP7_75t_R)
    12    9.50   40.92   39.81 9006.66 v _074945_/Y (OA21x2_ASAP7_75t_R)
                                         _031668_ (net)
                 41.08    1.53 9008.20 v _075310_/A1 (AOI21x1_ASAP7_75t_R)
     4    2.75   39.74   26.50 9034.70 ^ _075310_/Y (AOI21x1_ASAP7_75t_R)
                                         _032022_ (net)
                 39.75    0.31 9035.00 ^ place8160/A (BUFx3_ASAP7_75t_R)
    28   21.49   74.34   48.83 9083.84 ^ place8160/Y (BUFx3_ASAP7_75t_R)
                                         net8158 (net)
                 74.71    3.23 9087.07 ^ _075671_/A2 (AO21x1_ASAP7_75t_R)
     3    2.85   30.66   39.21 9126.28 ^ _075671_/Y (AO21x1_ASAP7_75t_R)
                                         _011349_ (net)
                 30.67    0.51 9126.79 ^ _117064_/B (HAxp5_ASAP7_75t_R)
     7    6.54   94.05   52.68 9179.47 v _117064_/CON (HAxp5_ASAP7_75t_R)
                                         _000633_ (net)
                 94.09    1.04 9180.50 v _075296_/B (NAND2x1_ASAP7_75t_R)
     3    2.58   46.55   41.12 9221.62 ^ _075296_/Y (NAND2x1_ASAP7_75t_R)
                                         _032008_ (net)
                 46.55    0.14 9221.76 ^ _075297_/A (INVx1_ASAP7_75t_R)
     2    1.19   18.85   17.09 9238.85 v _075297_/Y (INVx1_ASAP7_75t_R)
                                         _032009_ (net)
                 18.85    0.05 9238.90 v _075303_/C (OR5x1_ASAP7_75t_R)
    11    7.96   68.55   76.71 9315.61 v _075303_/Y (OR5x1_ASAP7_75t_R)
                                         _032015_ (net)
                 68.58    0.87 9316.47 v _075460_/A2 (OA21x2_ASAP7_75t_R)
    32   23.51   96.71   73.44 9389.91 v _075460_/Y (OA21x2_ASAP7_75t_R)
                                         _032169_ (net)
                 96.85    2.42 9392.33 v _075672_/B (NAND2x1_ASAP7_75t_R)
     1    0.63   26.76   25.21 9417.55 ^ _075672_/Y (NAND2x1_ASAP7_75t_R)
                                         _032377_ (net)
                 26.76    0.05 9417.60 ^ _075673_/B (OA21x2_ASAP7_75t_R)
     3    3.07   21.64   30.49 9448.09 ^ _075673_/Y (OA21x2_ASAP7_75t_R)
                                         _011288_ (net)
                 21.68    0.49 9448.58 ^ _117034_/B (HAxp5_ASAP7_75t_R)
     7    6.16   88.40   47.71 9496.28 v _117034_/CON (HAxp5_ASAP7_75t_R)
                                         _000631_ (net)
                 88.41    0.63 9496.91 v _075395_/A2 (AO21x1_ASAP7_75t_R)
     4    4.02   34.34   48.52 9545.43 v _075395_/Y (AO21x1_ASAP7_75t_R)
                                         _032105_ (net)
                 34.34    0.54 9545.97 v _075444_/A (OR3x1_ASAP7_75t_R)
     4    3.67   32.82   45.87 9591.84 v _075444_/Y (OR3x1_ASAP7_75t_R)
                                         _032154_ (net)
                 32.82    0.25 9592.09 v _075445_/B (OR3x1_ASAP7_75t_R)
     8    6.75   54.50   56.65 9648.74 v _075445_/Y (OR3x1_ASAP7_75t_R)
                                         _032155_ (net)
                 54.54    0.83 9649.57 v _075663_/A (NAND2x1_ASAP7_75t_R)
     1    0.79   24.07   24.61 9674.17 ^ _075663_/Y (NAND2x1_ASAP7_75t_R)
                                         _032370_ (net)
                 24.07    0.08 9674.26 ^ place8156/A (BUFx3_ASAP7_75t_R)
    26   22.08   75.47   46.05 9720.30 ^ place8156/Y (BUFx3_ASAP7_75t_R)
                                         net8154 (net)
                 75.47    0.42 9720.72 ^ _075675_/A1 (AO21x1_ASAP7_75t_R)
     3    3.31   34.64   38.33 9759.05 ^ _075675_/Y (AO21x1_ASAP7_75t_R)
                                         _010424_ (net)
                 34.66    0.47 9759.53 ^ _116511_/B (HAxp5_ASAP7_75t_R)
     7    6.11   88.95   51.62 9811.15 v _116511_/CON (HAxp5_ASAP7_75t_R)
                                         _000629_ (net)
                 89.01    1.27 9812.42 v _075547_/B (NAND2x1_ASAP7_75t_R)
     3    2.12   41.57   36.84 9849.26 ^ _075547_/Y (NAND2x1_ASAP7_75t_R)
                                         _032256_ (net)
                 41.57    0.14 9849.40 ^ _075558_/A (AND5x1_ASAP7_75t_R)
    11    8.78   89.13   75.62 9925.02 ^ _075558_/Y (AND5x1_ASAP7_75t_R)
                                         _032267_ (net)
                 89.25    1.91 9926.92 ^ _075560_/A1 (AO21x2_ASAP7_75t_R)
    24   19.56   98.99   68.70 9995.62 ^ _075560_/Y (AO21x2_ASAP7_75t_R)
                                         _032269_ (net)
                 99.32    3.51 9999.14 ^ _076012_/A (XNOR2x2_ASAP7_75t_R)
     4    3.47   22.88   43.76 10042.90 ^ _076012_/Y (XNOR2x2_ASAP7_75t_R)
                                         _010581_ (net)
                 22.91    0.38 10043.27 ^ _116629_/A (HAxp5_ASAP7_75t_R)
     5    4.54   67.49   37.84 10081.12 v _116629_/CON (HAxp5_ASAP7_75t_R)
                                         _000627_ (net)
                 67.50    0.49 10081.61 v _075546_/A (NAND2x1_ASAP7_75t_R)
     4    3.41   48.64   42.66 10124.26 ^ _075546_/Y (NAND2x1_ASAP7_75t_R)
                                         _032255_ (net)
                 48.65    0.25 10124.51 ^ _075555_/A (NAND3x1_ASAP7_75t_R)
     5    3.45   34.68   26.01 10150.52 v _075555_/Y (NAND3x1_ASAP7_75t_R)
                                         _032264_ (net)
                 34.69    0.42 10150.94 v _075556_/C (OR3x1_ASAP7_75t_R)
     9    7.48   60.20   58.63 10209.56 v _075556_/Y (OR3x1_ASAP7_75t_R)
                                         _032265_ (net)
                 60.33    1.63 10211.20 v _075660_/B (AND2x2_ASAP7_75t_R)
    19   16.81   67.43   60.35 10271.55 v _075660_/Y (AND2x2_ASAP7_75t_R)
                                         _032367_ (net)
                 67.56    1.73 10273.29 v _075683_/A1 (OA21x2_ASAP7_75t_R)
     1    0.64    9.94   34.93 10308.22 v _075683_/Y (OA21x2_ASAP7_75t_R)
                                         _032386_ (net)
                  9.94    0.05 10308.26 v _075684_/A (INVx1_ASAP7_75t_R)
     3    2.58   26.02   16.00 10324.26 ^ _075684_/Y (INVx1_ASAP7_75t_R)
                                         _010619_ (net)
                 26.03    0.28 10324.54 ^ _116648_/B (HAxp5_ASAP7_75t_R)
     3    2.37   41.61   27.96 10352.50 v _116648_/CON (HAxp5_ASAP7_75t_R)
                                         _000625_ (net)
                 41.62    0.21 10352.71 v _075587_/B (AND2x2_ASAP7_75t_R)
     3    2.41   14.22   33.19 10385.89 v _075587_/Y (AND2x2_ASAP7_75t_R)
                                         _032296_ (net)
                 14.26    0.42 10386.32 v _075608_/A (OR3x2_ASAP7_75t_R)
     5    4.30   25.32   42.14 10428.45 v _075608_/Y (OR3x2_ASAP7_75t_R)
                                         _032315_ (net)
                 25.34    0.31 10428.77 v _075621_/A (NOR2x1_ASAP7_75t_R)
     6    4.44   45.44   29.65 10458.42 ^ _075621_/Y (NOR2x1_ASAP7_75t_R)
                                         _032328_ (net)
                 45.46    0.56 10458.98 ^ _075657_/A (NAND2x1_ASAP7_75t_R)
     2    1.24   19.29   15.94 10474.92 v _075657_/Y (NAND2x1_ASAP7_75t_R)
                                         _032364_ (net)
                 19.29    0.08 10475.00 v _075658_/B (AND2x2_ASAP7_75t_R)
    30   22.90   93.41   53.76 10528.77 v _075658_/Y (AND2x2_ASAP7_75t_R)
                                         _032365_ (net)
                 93.55    2.31 10531.07 v _075685_/B (NAND2x1_ASAP7_75t_R)
     1    0.66   26.68   25.15 10556.22 ^ _075685_/Y (NAND2x1_ASAP7_75t_R)
                                         _032387_ (net)
                 26.68    0.05 10556.27 ^ _075686_/B (OA21x2_ASAP7_75t_R)
     3    2.67   19.93   29.54 10585.81 ^ _075686_/Y (OA21x2_ASAP7_75t_R)
                                         _010478_ (net)
                 19.96    0.41 10586.22 ^ _116551_/B (HAxp5_ASAP7_75t_R)
     5    4.60   68.50   38.42 10624.64 v _116551_/CON (HAxp5_ASAP7_75t_R)
                                         _000623_ (net)
                 68.50    0.45 10625.09 v _075940_/A (NAND2x1_ASAP7_75t_R)
     2    1.78   35.71   34.05 10659.14 ^ _075940_/Y (NAND2x1_ASAP7_75t_R)
                                         _032595_ (net)
                 35.72    0.25 10659.39 ^ _075945_/A (NAND2x1_ASAP7_75t_R)
     2    1.90   24.63   17.20 10676.59 v _075945_/Y (NAND2x1_ASAP7_75t_R)
                                         _032600_ (net)
                 24.63    0.13 10676.72 v _076105_/C (NOR3x1_ASAP7_75t_R)
     3    2.76   38.29   24.88 10701.60 ^ _076105_/Y (NOR3x1_ASAP7_75t_R)
                                         _032758_ (net)
                 38.30    0.29 10701.89 ^ _076112_/A1 (AO31x2_ASAP7_75t_R)
    13   10.57   54.89   48.67 10750.56 ^ _076112_/Y (AO31x2_ASAP7_75t_R)
                                         _032765_ (net)
                 54.97    1.19 10751.75 ^ _076407_/A (XNOR2x2_ASAP7_75t_R)
     2    1.75   13.46   46.38 10798.13 v _076407_/Y (XNOR2x2_ASAP7_75t_R)
                                         _010336_ (net)
                 13.47    0.13 10798.26 v _076408_/A (INVx1_ASAP7_75t_R)
     2    2.04   21.68   15.21 10813.47 ^ _076408_/Y (INVx1_ASAP7_75t_R)
                                         _010334_ (net)
                 21.68    0.14 10813.61 ^ _116449_/A (HAxp5_ASAP7_75t_R)
     2    1.29   30.46   19.05 10832.66 v _116449_/CON (HAxp5_ASAP7_75t_R)
                                         _000621_ (net)
                 30.46    0.10 10832.76 v _076067_/A (AND2x2_ASAP7_75t_R)
     3    2.08   12.74   30.17 10862.93 v _076067_/Y (AND2x2_ASAP7_75t_R)
                                         _032720_ (net)
                 12.76    0.29 10863.22 v _076068_/E (OR5x1_ASAP7_75t_R)
     4    4.17   42.01   63.95 10927.17 v _076068_/Y (OR5x1_ASAP7_75t_R)
                                         _032721_ (net)
                 42.02    0.39 10927.56 v _076274_/C (AO211x2_ASAP7_75t_R)
     8    5.81   28.47   41.10 10968.66 v _076274_/Y (AO211x2_ASAP7_75t_R)
                                         _032924_ (net)
                 28.51    0.57 10969.23 v _076320_/B (AND2x2_ASAP7_75t_R)
     3    2.75   14.83   29.89 10999.12 v _076320_/Y (AND2x2_ASAP7_75t_R)
                                         _032970_ (net)
                 14.84    0.14 10999.25 v place8151/A (BUFx3_ASAP7_75t_R)
    31   23.83   63.82   43.52 11042.78 v place8151/Y (BUFx3_ASAP7_75t_R)
                                         net8149 (net)
                 63.83    0.47 11043.24 v _076326_/A1 (OA21x2_ASAP7_75t_R)
     3    2.76   17.19   39.53 11082.77 v _076326_/Y (OA21x2_ASAP7_75t_R)
                                         _010846_ (net)
                 17.21    0.27 11083.04 v _116780_/B (HAxp5_ASAP7_75t_R)
     4    2.55   45.91   27.72 11110.76 ^ _116780_/CON (HAxp5_ASAP7_75t_R)
                                         _000619_ (net)
                 45.91    0.21 11110.96 ^ _076227_/A (AND2x2_ASAP7_75t_R)
     3    2.69   18.04   30.82 11141.78 ^ _076227_/Y (AND2x2_ASAP7_75t_R)
                                         _032877_ (net)
                 18.08    0.44 11142.23 ^ _076234_/C (OR3x1_ASAP7_75t_R)
     3    2.82   28.99   27.16 11169.39 ^ _076234_/Y (OR3x1_ASAP7_75t_R)
                                         _032884_ (net)
                 28.99    0.21 11169.60 ^ _076235_/A3 (OA31x2_ASAP7_75t_R)
    30   22.32  113.47   70.62 11240.22 ^ _076235_/Y (OA31x2_ASAP7_75t_R)
                                         _032885_ (net)
                114.42    6.03 11246.25 ^ _076536_/A (XNOR2x2_ASAP7_75t_R)
     3    3.22   20.22   57.68 11303.93 v _076536_/Y (XNOR2x2_ASAP7_75t_R)
                                         _010375_ (net)
                 20.29    0.66 11304.59 v _116473_/A (HAxp5_ASAP7_75t_R)
     4    3.10   53.19   32.69 11337.28 ^ _116473_/CON (HAxp5_ASAP7_75t_R)
                                         _000617_ (net)
                 53.20    0.45 11337.73 ^ _076256_/A (AND2x2_ASAP7_75t_R)
     2    2.01   15.22   30.21 11367.95 ^ _076256_/Y (AND2x2_ASAP7_75t_R)
                                         _032906_ (net)
                 15.23    0.21 11368.16 ^ _076306_/C (OR3x1_ASAP7_75t_R)
     4    2.51   26.01   25.00 11393.16 ^ _076306_/Y (OR3x1_ASAP7_75t_R)
                                         _032956_ (net)
                 26.01    0.22 11393.38 ^ _076309_/A (OR3x1_ASAP7_75t_R)
     4    2.70   28.08   26.99 11420.37 ^ _076309_/Y (OR3x1_ASAP7_75t_R)
                                         _032959_ (net)
                 28.08    0.42 11420.79 ^ _076314_/A2 (OA21x2_ASAP7_75t_R)
    31   23.31  113.87   70.41 11491.20 ^ _076314_/Y (OA21x2_ASAP7_75t_R)
                                         _032964_ (net)
                114.40    4.47 11495.66 ^ _076329_/A (OR2x2_ASAP7_75t_R)
     1    0.64   11.22   40.86 11536.52 ^ _076329_/Y (OR2x2_ASAP7_75t_R)
                                         _032976_ (net)
                 11.22    0.05 11536.57 ^ _076330_/B (OA21x2_ASAP7_75t_R)
     3    3.10   21.72   27.23 11563.79 ^ _076330_/Y (OA21x2_ASAP7_75t_R)
                                         _011320_ (net)
                 21.73    0.31 11564.10 ^ _117048_/B (HAxp5_ASAP7_75t_R)
     5    3.72   57.29   34.19 11598.30 v _117048_/CON (HAxp5_ASAP7_75t_R)
                                         _000615_ (net)
                 57.29    0.21 11598.51 v _076447_/A1 (AO22x1_ASAP7_75t_R)
     2    1.73   18.84   41.95 11640.45 v _076447_/Y (AO22x1_ASAP7_75t_R)
                                         _033076_ (net)
                 18.85    0.13 11640.58 v _076569_/B (AO21x1_ASAP7_75t_R)
     1    0.54   10.59   23.55 11664.14 v _076569_/Y (AO21x1_ASAP7_75t_R)
                                         _033195_ (net)
                 10.59    0.04 11664.18 v _076573_/B (OR5x1_ASAP7_75t_R)
     5    3.70   38.47   56.40 11720.58 v _076573_/Y (OR5x1_ASAP7_75t_R)
                                         _033199_ (net)
                 38.47    0.34 11720.92 v _076587_/A2 (OA21x2_ASAP7_75t_R)
    26   20.92   83.52   65.96 11786.88 v _076587_/Y (OA21x2_ASAP7_75t_R)
                                         _033213_ (net)
                 83.69    2.37 11789.25 v _076661_/A (XNOR2x1_ASAP7_75t_R)
     7    5.90   71.57   55.13 11844.39 ^ _076661_/Y (XNOR2x1_ASAP7_75t_R)
                                         _010650_ (net)
                 71.66    1.57 11845.96 ^ _116663_/A (HAxp5_ASAP7_75t_R)
     5    4.21   69.33   47.05 11893.01 v _116663_/CON (HAxp5_ASAP7_75t_R)
                                         _000613_ (net)
                 69.33    0.09 11893.10 v _076688_/A (AND2x2_ASAP7_75t_R)
     5    3.31   18.25   43.34 11936.44 v _076688_/Y (AND2x2_ASAP7_75t_R)
                                         _033311_ (net)
                 18.27    0.29 11936.73 v _076779_/C (OR3x1_ASAP7_75t_R)
     1    0.61   11.11   30.24 11966.97 v _076779_/Y (OR3x1_ASAP7_75t_R)
                                         _033402_ (net)
                 11.12    0.05 11967.02 v _076780_/E (OR5x1_ASAP7_75t_R)
     8    6.27   56.29   71.59 12038.62 v _076780_/Y (OR5x1_ASAP7_75t_R)
                                         _033403_ (net)
                 56.32    1.11 12039.73 v _076819_/B (AND2x2_ASAP7_75t_R)
    30   23.28   93.23   66.87 12106.60 v _076819_/Y (AND2x2_ASAP7_75t_R)
                                         _033442_ (net)
                 93.48    2.92 12109.52 v _076913_/A2 (AO21x1_ASAP7_75t_R)
     2    1.61   17.80   40.57 12150.08 v _076913_/Y (AO21x1_ASAP7_75t_R)
                                         _033532_ (net)
                 17.81    0.25 12150.34 v _076962_/A (INVx1_ASAP7_75t_R)
     4    4.06   40.10   24.85 12175.19 ^ _076962_/Y (INVx1_ASAP7_75t_R)
                                         _011437_ (net)
                 40.11    0.28 12175.47 ^ _117100_/B (HAxp5_ASAP7_75t_R)
     4    3.03   51.42   36.60 12212.07 v _117100_/CON (HAxp5_ASAP7_75t_R)
                                         _000611_ (net)
                 51.42    0.15 12212.22 v _076735_/B2 (AO32x1_ASAP7_75t_R)
     1    0.53   11.04   42.04 12254.25 v _076735_/Y (AO32x1_ASAP7_75t_R)
                                         _033358_ (net)
                 11.04    0.02 12254.28 v _076736_/D (OR5x1_ASAP7_75t_R)
     1    1.41   21.40   50.30 12304.58 v _076736_/Y (OR5x1_ASAP7_75t_R)
                                         _033359_ (net)
                 21.40    0.16 12304.74 v _076737_/B (OAI21x1_ASAP7_75t_R)
     4    3.63   41.56   17.70 12322.44 ^ _076737_/Y (OAI21x1_ASAP7_75t_R)
                                         _033360_ (net)
                 41.58    0.41 12322.85 ^ _076767_/C (AND3x1_ASAP7_75t_R)
    10    7.95   78.33   59.45 12382.30 ^ _076767_/Y (AND3x1_ASAP7_75t_R)
                                         _033390_ (net)
                 78.37    1.05 12383.35 ^ _076815_/A2 (AO21x1_ASAP7_75t_R)
    21   15.69  149.58   89.23 12472.58 ^ _076815_/Y (AO21x1_ASAP7_75t_R)
                                         _033438_ (net)
                149.61    1.14 12473.72 ^ _077442_/A (NAND2x1_ASAP7_75t_R)
     1    0.63   22.29   18.01 12491.73 v _077442_/Y (NAND2x1_ASAP7_75t_R)
                                         _034053_ (net)
                 22.29    0.05 12491.78 v _077443_/B (OA21x2_ASAP7_75t_R)
     2    2.15   17.32   24.31 12516.09 v _077443_/Y (OA21x2_ASAP7_75t_R)
                                         _034054_ (net)
                 17.36    0.43 12516.51 v _082412_/A (INVx1_ASAP7_75t_R)
     2    1.82   20.47   15.79 12532.31 ^ _082412_/Y (INVx1_ASAP7_75t_R)
                                         _011017_ (net)
                 20.48    0.13 12532.44 ^ _116877_/B (HAxp5_ASAP7_75t_R)
     8    6.66   94.90   50.19 12582.63 v _116877_/CON (HAxp5_ASAP7_75t_R)
                                         _000609_ (net)
                 94.92    0.95 12583.57 v _076793_/A (NAND2x1_ASAP7_75t_R)
     2    1.25   36.02   35.69 12619.26 ^ _076793_/Y (NAND2x1_ASAP7_75t_R)
                                         _033416_ (net)
                 36.02    0.10 12619.36 ^ _076810_/A (AND5x1_ASAP7_75t_R)
     2    1.83   26.41   46.67 12666.03 ^ _076810_/Y (AND5x1_ASAP7_75t_R)
                                         _033433_ (net)
                 26.42    0.12 12666.15 ^ _077023_/A3 (AO31x2_ASAP7_75t_R)
    28   23.49  118.32   65.57 12731.71 ^ _077023_/Y (AO31x2_ASAP7_75t_R)
                                         _033641_ (net)
                118.53    3.03 12734.74 ^ _077025_/A (XNOR2x2_ASAP7_75t_R)
     4    3.64   21.56   59.08 12793.82 v _077025_/Y (XNOR2x2_ASAP7_75t_R)
                                         _011004_ (net)
                 21.60    0.46 12794.28 v _116871_/A (HAxp5_ASAP7_75t_R)
    10    9.41  140.43   69.72 12864.00 ^ _116871_/CON (HAxp5_ASAP7_75t_R)
                                         _000607_ (net)
                140.54    2.27 12866.27 ^ _076904_/A1 (AOI21x1_ASAP7_75t_R)
     2    1.96   40.96   34.32 12900.59 v _076904_/Y (AOI21x1_ASAP7_75t_R)
                                         _033527_ (net)
                 40.97    0.13 12900.72 v _076920_/B (NAND3x1_ASAP7_75t_R)
     2    1.87   40.63   29.63 12930.35 ^ _076920_/Y (NAND3x1_ASAP7_75t_R)
                                         _033539_ (net)
                 40.63    0.12 12930.47 ^ _077020_/A1 (AOI211x1_ASAP7_75t_R)
    10    8.81  124.42   68.86 12999.33 v _077020_/Y (AOI211x1_ASAP7_75t_R)
                                         _033638_ (net)
                124.46    1.30 13000.63 v _077303_/A1 (AO21x2_ASAP7_75t_R)
    28   22.52   93.15   84.33 13084.95 v _077303_/Y (AO21x2_ASAP7_75t_R)
                                         _033918_ (net)
                 93.33    2.66 13087.61 v _077446_/B (NOR2x1_ASAP7_75t_R)
     1    0.63   25.41   19.94 13107.55 ^ _077446_/Y (NOR2x1_ASAP7_75t_R)
                                         _034056_ (net)
                 25.41    0.05 13107.60 ^ _077447_/B (AO21x1_ASAP7_75t_R)
     3    2.83   30.79   28.15 13135.76 ^ _077447_/Y (AO21x1_ASAP7_75t_R)
                                         _010397_ (net)
                 30.81    0.50 13136.26 ^ _116491_/B (HAxp5_ASAP7_75t_R)
     6    5.51   80.48   47.34 13183.59 v _116491_/CON (HAxp5_ASAP7_75t_R)
                                         _000605_ (net)
                 80.49    0.48 13184.07 v _077122_/A (AND2x2_ASAP7_75t_R)
     2    1.41   12.39   41.98 13226.05 v _077122_/Y (AND2x2_ASAP7_75t_R)
                                         _033738_ (net)
                 12.41    0.18 13226.23 v _077148_/A (OR5x2_ASAP7_75t_R)
     6    4.36   32.43   57.61 13283.84 v _077148_/Y (OR5x2_ASAP7_75t_R)
                                         _033764_ (net)
                 32.49    0.78 13284.62 v _077171_/A3 (OA31x2_ASAP7_75t_R)
     2    1.17   13.62   30.29 13314.92 v _077171_/Y (OA31x2_ASAP7_75t_R)
                                         _033787_ (net)
                 13.62    0.03 13314.95 v place8145/A (BUFx3_ASAP7_75t_R)
    32   29.90   80.47   47.38 13362.34 v place8145/Y (BUFx3_ASAP7_75t_R)
                                         net8143 (net)
                 80.78    3.13 13365.46 v _077430_/A (XNOR2x2_ASAP7_75t_R)
     3    2.84   18.22   46.98 13412.45 v _077430_/Y (XNOR2x2_ASAP7_75t_R)
                                         _010953_ (net)
                 18.23    0.23 13412.67 v _083128_/A (INVx1_ASAP7_75t_R)
     1    0.99   13.95   12.41 13425.08 ^ _083128_/Y (INVx1_ASAP7_75t_R)
                                         _010951_ (net)
                 13.95    0.04 13425.12 ^ _116843_/A (HAxp5_ASAP7_75t_R)
     5    4.69   69.77   36.25 13461.38 v _116843_/CON (HAxp5_ASAP7_75t_R)
                                         _000603_ (net)
                 69.81    0.92 13462.30 v _077135_/B (NAND2x1_ASAP7_75t_R)
     3    1.96   35.81   31.90 13494.20 ^ _077135_/Y (NAND2x1_ASAP7_75t_R)
                                         _033751_ (net)
                 35.81    0.12 13494.32 ^ _077158_/B (AND4x2_ASAP7_75t_R)
     8    6.46   40.42   54.70 13549.01 ^ _077158_/Y (AND4x2_ASAP7_75t_R)
                                         _033774_ (net)
                 40.48    0.89 13549.90 ^ _077429_/A2 (AO31x2_ASAP7_75t_R)
    32   23.19  116.20   68.90 13618.80 ^ _077429_/Y (AO31x2_ASAP7_75t_R)
                                         _034042_ (net)
                116.23    1.21 13620.01 ^ _077431_/A (XNOR2x2_ASAP7_75t_R)
     6    4.96   26.76   61.27 13681.27 v _077431_/Y (XNOR2x2_ASAP7_75t_R)
                                         _010962_ (net)
                 26.84    0.82 13682.09 v _077621_/A (INVx1_ASAP7_75t_R)
     3    2.70   29.72   22.70 13704.80 ^ _077621_/Y (INVx1_ASAP7_75t_R)
                                         _010960_ (net)
                 29.72    0.09 13704.89 ^ _116850_/A (HAxp5_ASAP7_75t_R)
     3    2.76   45.92   29.43 13734.32 v _116850_/CON (HAxp5_ASAP7_75t_R)
                                         _000601_ (net)
                 45.93    0.18 13734.50 v _077264_/A (NAND2x1_ASAP7_75t_R)
     3    2.77   37.88   33.16 13767.66 ^ _077264_/Y (NAND2x1_ASAP7_75t_R)
                                         _033879_ (net)
                 37.90    0.47 13768.13 ^ _077278_/C (AND5x2_ASAP7_75t_R)
     6    6.30   38.44   55.54 13823.67 ^ _077278_/Y (AND5x2_ASAP7_75t_R)
                                         _033893_ (net)
                 38.48    0.75 13824.42 ^ _077437_/A1 (AO21x2_ASAP7_75t_R)
     8    6.75   36.32   38.84 13863.26 ^ _077437_/Y (AO21x2_ASAP7_75t_R)
                                         _034048_ (net)
                 36.43    1.18 13864.45 ^ _077797_/A (XNOR2x2_ASAP7_75t_R)
     5    3.76   20.52   47.63 13912.07 v _077797_/Y (XNOR2x2_ASAP7_75t_R)
                                         _010915_ (net)
                 20.54    0.31 13912.38 v _116818_/A (HAxp5_ASAP7_75t_R)
     8    6.85  104.58   54.61 13966.99 ^ _116818_/CON (HAxp5_ASAP7_75t_R)
                                         _000599_ (net)
                104.60    0.88 13967.88 ^ _077538_/A (INVx1_ASAP7_75t_R)
     5    3.96   51.66   42.31 14010.19 v _077538_/Y (INVx1_ASAP7_75t_R)
                                         _034146_ (net)
                 51.67    0.28 14010.46 v _077546_/A2 (OA211x2_ASAP7_75t_R)
     6    5.74   30.52   55.57 14066.03 v _077546_/Y (OA211x2_ASAP7_75t_R)
                                         _034154_ (net)
                 30.56    0.58 14066.61 v _077548_/B (OAI21x1_ASAP7_75t_R)
     8    5.90   62.02   25.68 14092.29 ^ _077548_/Y (OAI21x1_ASAP7_75t_R)
                                         _034156_ (net)
                 62.04    0.68 14092.97 ^ _077798_/A1 (OA21x2_ASAP7_75t_R)
    26   18.18   92.97   66.56 14159.53 ^ _077798_/Y (OA21x2_ASAP7_75t_R)
                                         _034404_ (net)
                 92.99    0.87 14160.40 ^ _077803_/A (XNOR2x2_ASAP7_75t_R)
     4    3.18   19.47   55.20 14215.60 v _077803_/Y (XNOR2x2_ASAP7_75t_R)
                                         _011194_ (net)
                 19.51    0.48 14216.08 v _077804_/A (INVx1_ASAP7_75t_R)
     5    4.59   45.17   27.41 14243.49 ^ _077804_/Y (INVx1_ASAP7_75t_R)
                                         _011196_ (net)
                 45.18    0.31 14243.81 ^ _116980_/A (HAxp5_ASAP7_75t_R)
     1    0.56   27.01   18.40 14262.21 v _116980_/CON (HAxp5_ASAP7_75t_R)
                                         _011197_ (net)
                 27.01    0.05 14262.26 v _077634_/A2 (AO22x1_ASAP7_75t_R)
     3    2.63   24.66   37.73 14299.99 v _077634_/Y (AO22x1_ASAP7_75t_R)
                                         _034241_ (net)
                 24.69    0.46 14300.45 v _077645_/B (OR2x2_ASAP7_75t_R)
     2    1.34   11.03   28.46 14328.91 v _077645_/Y (OR2x2_ASAP7_75t_R)
                                         _034252_ (net)
                 11.03    0.06 14328.97 v _077763_/D (OR4x2_ASAP7_75t_R)
    13   11.85   56.16   69.90 14398.87 v _077763_/Y (OR4x2_ASAP7_75t_R)
                                         _034370_ (net)
                 56.71    3.09 14401.96 v _077848_/A (AND2x2_ASAP7_75t_R)
    28   22.30   89.31   68.11 14470.07 v _077848_/Y (AND2x2_ASAP7_75t_R)
                                         _034451_ (net)
                 89.34    1.33 14471.39 v _077958_/B (XNOR2x2_ASAP7_75t_R)
     3    3.36   22.98   49.80 14521.20 ^ _077958_/Y (XNOR2x2_ASAP7_75t_R)
                                         _011336_ (net)
                 22.98    0.10 14521.30 ^ _117058_/A (HAxp5_ASAP7_75t_R)
     8    5.89   85.06   45.18 14566.47 v _117058_/CON (HAxp5_ASAP7_75t_R)
                                         _000595_ (net)
                 85.12    1.28 14567.76 v _077664_/B (NAND2x1_ASAP7_75t_R)
     1    0.83   27.35   25.72 14593.47 ^ _077664_/Y (NAND2x1_ASAP7_75t_R)
                                         _034271_ (net)
                 27.35    0.10 14593.57 ^ _077665_/A (INVx1_ASAP7_75t_R)
     2    1.96   19.88   16.98 14610.55 v _077665_/Y (INVx1_ASAP7_75t_R)
                                         _034272_ (net)
                 19.88    0.14 14610.69 v _077666_/C (NOR3x1_ASAP7_75t_R)
     2    1.15   21.94   17.54 14628.23 ^ _077666_/Y (NOR3x1_ASAP7_75t_R)
                                         _034273_ (net)
                 21.94    0.04 14628.26 ^ _077834_/B (AND2x2_ASAP7_75t_R)
    10    8.71   45.44   39.89 14668.15 ^ _077834_/Y (AND2x2_ASAP7_75t_R)
                                         _034437_ (net)
                 45.55    1.37 14669.51 ^ _078039_/A1 (AO21x2_ASAP7_75t_R)
    32   25.71  128.38   73.07 14742.59 ^ _078039_/Y (AO21x2_ASAP7_75t_R)
                                         _034639_ (net)
                129.02    5.42 14748.01 ^ _078041_/A (XNOR2x2_ASAP7_75t_R)
     5    5.02   26.90   63.01 14811.02 v _078041_/Y (XNOR2x2_ASAP7_75t_R)
                                         _011278_ (net)
                 26.93    0.53 14811.55 v _078261_/A (INVx2_ASAP7_75t_R)
     2    1.69   14.63   13.08 14824.62 ^ _078261_/Y (INVx2_ASAP7_75t_R)
                                         _011276_ (net)
                 14.63    0.12 14824.74 ^ _117028_/A (HAxp5_ASAP7_75t_R)
     5    4.25   64.83   34.25 14858.99 v _117028_/CON (HAxp5_ASAP7_75t_R)
                                         _000593_ (net)
                 64.83    0.31 14859.30 v _077814_/B (AND2x2_ASAP7_75t_R)
     5    3.36   18.12   40.61 14899.91 v _077814_/Y (AND2x2_ASAP7_75t_R)
                                         _034417_ (net)
                 18.13    0.10 14900.01 v _077935_/C (OR4x1_ASAP7_75t_R)
    17   14.21  109.83   87.28 14987.29 v _077935_/Y (OR4x1_ASAP7_75t_R)
                                         _034536_ (net)
                110.04    2.77 14990.06 v _078275_/A (AND2x4_ASAP7_75t_R)
    10    8.25   22.69   51.64 15041.70 v _078275_/Y (AND2x4_ASAP7_75t_R)
                                         _034872_ (net)
                 22.77    0.75 15042.45 v _078356_/A1 (OA21x2_ASAP7_75t_R)
     4    3.26   17.94   32.40 15074.84 v _078356_/Y (OA21x2_ASAP7_75t_R)
                                         _010912_ (net)
                 17.95    0.27 15075.11 v _116816_/B (HAxp5_ASAP7_75t_R)
     6    5.48   85.23   45.30 15120.41 ^ _116816_/CON (HAxp5_ASAP7_75t_R)
                                         _000591_ (net)
                 85.23    0.34 15120.75 ^ _078059_/A1 (AOI22x1_ASAP7_75t_R)
     1    0.54   23.68   16.54 15137.29 v _078059_/Y (AOI22x1_ASAP7_75t_R)
                                         _034657_ (net)
                 23.68    0.04 15137.33 v _078060_/B1 (OA31x2_ASAP7_75t_R)
     3    2.52   17.36   36.34 15173.67 v _078060_/Y (OA31x2_ASAP7_75t_R)
                                         _034658_ (net)
                 17.36    0.14 15173.81 v _078067_/A (NAND2x1_ASAP7_75t_R)
     7    6.17   63.44   36.02 15209.83 ^ _078067_/Y (NAND2x1_ASAP7_75t_R)
                                         _034665_ (net)
                 63.54    1.42 15211.26 ^ _078175_/A1 (OA31x2_ASAP7_75t_R)
    31   26.60  133.24   92.77 15304.03 ^ _078175_/Y (OA31x2_ASAP7_75t_R)
                                         _034773_ (net)
                134.60    7.77 15311.80 ^ _078634_/A (XNOR2x2_ASAP7_75t_R)
     4    3.71   24.47   48.44 15360.24 ^ _078634_/Y (XNOR2x2_ASAP7_75t_R)
                                         _011051_ (net)
                 24.47    0.19 15360.43 ^ _116903_/A (HAxp5_ASAP7_75t_R)
     9    7.19  102.39   53.00 15413.43 v _116903_/CON (HAxp5_ASAP7_75t_R)
                                         _000589_ (net)
                102.40    0.57 15414.00 v _078089_/A (NAND2x1_ASAP7_75t_R)
     1    0.95   34.16   34.35 15448.34 ^ _078089_/Y (NAND2x1_ASAP7_75t_R)
                                         _034687_ (net)
                 34.16    0.10 15448.44 ^ _078090_/A (INVx1_ASAP7_75t_R)
     2    1.33   17.28   15.83 15464.28 v _078090_/Y (INVx1_ASAP7_75t_R)
                                         _034688_ (net)
                 17.28    0.07 15464.34 v _078091_/D (OR4x1_ASAP7_75t_R)
     2    2.01   24.09   45.67 15510.01 v _078091_/Y (OR4x1_ASAP7_75t_R)
                                         _034689_ (net)
                 24.09    0.14 15510.15 v _078343_/C (AO211x2_ASAP7_75t_R)
     2    2.07   13.69   29.28 15539.43 v _078343_/Y (AO211x2_ASAP7_75t_R)
                                         _034940_ (net)
                 13.72    0.31 15539.74 v _078344_/B (AO211x2_ASAP7_75t_R)
    10    7.11   33.40   36.63 15576.37 v _078344_/Y (AO211x2_ASAP7_75t_R)
                                         _034941_ (net)
                 33.55    1.26 15577.63 v _078345_/B (AND2x2_ASAP7_75t_R)
    19   15.46   62.85   50.75 15628.38 v _078345_/Y (AND2x2_ASAP7_75t_R)
                                         _034942_ (net)
                 62.85    0.31 15628.69 v _078364_/A1 (OA21x2_ASAP7_75t_R)
     3    3.42   19.90   40.58 15669.27 v _078364_/Y (OA21x2_ASAP7_75t_R)
                                         _011314_ (net)
                 19.97    0.68 15669.94 v _117045_/B (HAxp5_ASAP7_75t_R)
     3    1.91   37.25   24.95 15694.89 ^ _117045_/CON (HAxp5_ASAP7_75t_R)
                                         _000587_ (net)
                 37.25    0.11 15695.00 ^ _078293_/B (AND2x2_ASAP7_75t_R)
     3    2.13   15.48   30.17 15725.17 ^ _078293_/Y (AND2x2_ASAP7_75t_R)
                                         _034890_ (net)
                 15.49    0.10 15725.27 ^ _078294_/A (INVx1_ASAP7_75t_R)
     1    0.75    9.26    9.11 15734.38 v _078294_/Y (INVx1_ASAP7_75t_R)
                                         _034891_ (net)
                  9.26    0.07 15734.45 v _078295_/B (OA21x2_ASAP7_75t_R)
     2    1.81   12.84   19.16 15753.61 v _078295_/Y (OA21x2_ASAP7_75t_R)
                                         _034892_ (net)
                 12.85    0.14 15753.74 v _078296_/C (NAND3x1_ASAP7_75t_R)
     6    5.37   61.30   35.77 15789.51 ^ _078296_/Y (NAND3x1_ASAP7_75t_R)
                                         _034893_ (net)
                 61.34    0.89 15790.41 ^ _078337_/A (OR3x1_ASAP7_75t_R)
    18   13.96  131.31   76.10 15866.50 ^ _078337_/Y (OR3x1_ASAP7_75t_R)
                                         _034934_ (net)
                131.50    2.93 15869.44 ^ _078967_/B (AND2x2_ASAP7_75t_R)
    26   19.42   95.57   78.72 15948.16 ^ _078967_/Y (AND2x2_ASAP7_75t_R)
                                         _035465_ (net)
                 95.62    1.30 15949.46 ^ _079711_/A (XNOR2x2_ASAP7_75t_R)
     4    3.50   20.60   56.18 16005.65 v _079711_/Y (XNOR2x2_ASAP7_75t_R)
                                         _010637_ (net)
                 20.62    0.38 16006.03 v _079712_/A (INVx1_ASAP7_75t_R)
     2    1.72   20.30   16.51 16022.54 ^ _079712_/Y (INVx1_ASAP7_75t_R)
                                         _010639_ (net)
                 20.30    0.18 16022.72 ^ _116656_/A (HAxp5_ASAP7_75t_R)
     2    1.32   35.25   18.98 16041.69 v _116656_/CON (HAxp5_ASAP7_75t_R)
                                         _010640_ (net)
                 35.25    0.09 16041.78 v _078660_/B1 (AO32x1_ASAP7_75t_R)
     1    0.52   10.61   36.48 16078.26 v _078660_/Y (AO32x1_ASAP7_75t_R)
                                         _035159_ (net)
                 10.61    0.04 16078.30 v _078662_/D (AND5x1_ASAP7_75t_R)
     2    1.84   16.87   27.72 16106.02 v _078662_/Y (AND5x1_ASAP7_75t_R)
                                         _035161_ (net)
                 16.87    0.13 16106.14 v _078663_/B (AOI21x1_ASAP7_75t_R)
     8    7.83   76.42   41.06 16147.20 ^ _078663_/Y (AOI21x1_ASAP7_75t_R)
                                         _035162_ (net)
                 76.55    1.84 16149.04 ^ _078760_/A2 (AO31x2_ASAP7_75t_R)
    30   27.52  136.41   83.20 16232.25 ^ _078760_/Y (AO31x2_ASAP7_75t_R)
                                         _035258_ (net)
                136.52    2.37 16234.62 ^ _080527_/A2 (OA21x2_ASAP7_75t_R)
     3    2.65   20.37   47.37 16282.00 ^ _080527_/Y (OA21x2_ASAP7_75t_R)
                                         _011056_ (net)
                 20.41    0.41 16282.41 ^ _116905_/B (HAxp5_ASAP7_75t_R)
     5    3.89   59.02   34.80 16317.20 v _116905_/CON (HAxp5_ASAP7_75t_R)
                                         _000583_ (net)
                 59.02    0.22 16317.42 v _078949_/B (AND2x2_ASAP7_75t_R)
     1    0.52    8.80   33.04 16350.46 v _078949_/Y (AND2x2_ASAP7_75t_R)
                                         _035447_ (net)
                  8.80    0.04 16350.50 v _078971_/B (OR5x1_ASAP7_75t_R)
    14   10.15   84.87   79.29 16429.80 v _078971_/Y (OR5x1_ASAP7_75t_R)
                                         _035469_ (net)
                 85.03    2.19 16431.99 v place8136/A (BUFx3_ASAP7_75t_R)
    24   19.89   57.29   55.92 16487.91 v place8136/Y (BUFx3_ASAP7_75t_R)
                                         net8134 (net)
                 59.51    6.18 16494.09 v _079101_/A1 (AOI21x1_ASAP7_75t_R)
     1    0.98   24.90   19.99 16514.08 ^ _079101_/Y (AOI21x1_ASAP7_75t_R)
                                         _035599_ (net)
                 24.90    0.04 16514.12 ^ _079398_/A2 (OAI21x1_ASAP7_75t_R)
     5    4.49   47.46   23.35 16537.47 v _079398_/Y (OAI21x1_ASAP7_75t_R)
                                         _035896_ (net)
                 47.46    0.38 16537.86 v _079451_/A (AND2x2_ASAP7_75t_R)
     3    2.55   14.77   36.30 16574.15 v _079451_/Y (AND2x2_ASAP7_75t_R)
                                         _035949_ (net)
                 14.78    0.12 16574.28 v _079452_/A (INVx1_ASAP7_75t_R)
     1    1.14   14.27   11.92 16586.20 ^ _079452_/Y (INVx1_ASAP7_75t_R)
                                         _000128_ (net)
                 14.27    0.12 16586.32 ^ _117019_/A (HAxp5_ASAP7_75t_R)
     2    1.44   35.76   18.20 16604.51 v _117019_/CON (HAxp5_ASAP7_75t_R)
                                         _011256_ (net)
                 35.76    0.20 16604.72 v _081134_/A (INVx1_ASAP7_75t_R)
     2    1.34   21.28   18.84 16623.55 ^ _081134_/Y (INVx1_ASAP7_75t_R)
                                         _037059_ (net)
                 21.28    0.07 16623.62 ^ _081152_/A (AND3x1_ASAP7_75t_R)
     8    5.85   58.88   48.48 16672.10 ^ _081152_/Y (AND3x1_ASAP7_75t_R)
                                         _037077_ (net)
                 58.90    0.48 16672.57 ^ _081303_/B (AND4x1_ASAP7_75t_R)
     5    3.66   42.08   53.02 16725.60 ^ _081303_/Y (AND4x1_ASAP7_75t_R)
                                         _037228_ (net)
                 42.10    0.52 16726.12 ^ _081483_/B (AND3x1_ASAP7_75t_R)
    10    7.72   76.61   59.92 16786.04 ^ _081483_/Y (AND3x1_ASAP7_75t_R)
                                         _037405_ (net)
                 76.71    1.63 16787.67 ^ _081485_/B2 (OA33x2_ASAP7_75t_R)
     1    0.80   12.12   42.16 16829.83 ^ _081485_/Y (OA33x2_ASAP7_75t_R)
                                         _037407_ (net)
                 12.13    0.08 16829.91 ^ _081486_/B2 (AO22x2_ASAP7_75t_R)
     9    6.77   37.07   35.24 16865.15 ^ _081486_/Y (AO22x2_ASAP7_75t_R)
                                         _037408_ (net)
                 37.19    1.21 16866.36 ^ _081545_/A1 (AOI21x1_ASAP7_75t_R)
     3    2.40   26.01   22.35 16888.71 v _081545_/Y (AOI21x1_ASAP7_75t_R)
                                         _037466_ (net)
                 26.02    0.17 16888.88 v _081794_/D (OR4x1_ASAP7_75t_R)
     2    2.09   25.96   47.54 16936.42 v _081794_/Y (OR4x1_ASAP7_75t_R)
                                         _037706_ (net)
                 25.96    0.15 16936.57 v place8135/A (BUFx6f_ASAP7_75t_R)
    26   39.69   59.03   36.09 16972.66 v place8135/Y (BUFx6f_ASAP7_75t_R)
                                         net8133 (net)
                 76.57   17.24 16989.90 v place8131/A (BUFx3_ASAP7_75t_R)
    20   18.44   52.55   54.10 17044.01 v place8131/Y (BUFx3_ASAP7_75t_R)
                                         net8129 (net)
                 54.86    5.95 17049.96 v place8130/A (BUFx3_ASAP7_75t_R)
    31   28.25   79.29   52.91 17102.87 v place8130/Y (BUFx3_ASAP7_75t_R)
                                         net8128 (net)
                 89.62   14.87 17117.73 v place8129/A (BUFx3_ASAP7_75t_R)
    27   21.57   61.62   58.04 17175.78 v place8129/Y (BUFx3_ASAP7_75t_R)
                                         net8127 (net)
                 62.15    3.41 17179.19 v place8128/A (BUFx3_ASAP7_75t_R)
    25   20.88   59.30   51.50 17230.69 v place8128/Y (BUFx3_ASAP7_75t_R)
                                         net8126 (net)
                 65.92   10.37 17241.07 v place8127/A (BUFx3_ASAP7_75t_R)
    24   17.47   49.63   50.83 17291.89 v place8127/Y (BUFx3_ASAP7_75t_R)
                                         net8125 (net)
                 52.92    6.81 17298.70 v place8126/A (BUFx3_ASAP7_75t_R)
    28   21.11   57.34   52.40 17351.11 v place8126/Y (BUFx3_ASAP7_75t_R)
                                         net8124 (net)
                 58.01    3.57 17354.68 v _091938_/C (OR3x1_ASAP7_75t_R)
     1    0.49   12.39   36.04 17390.71 v _091938_/Y (OR3x1_ASAP7_75t_R)
                                         _045370_ (net)
                 12.39    0.02 17390.74 v _091944_/B (OA211x2_ASAP7_75t_R)
     1    0.64   14.10   35.37 17426.11 v _091944_/Y (OA211x2_ASAP7_75t_R)
                                         _045376_ (net)
                 14.10    0.07 17426.18 v _091945_/B (OA21x2_ASAP7_75t_R)
     1    0.60   12.36   18.44 17444.62 v _091945_/Y (OA21x2_ASAP7_75t_R)
                                         _013430_ (net)
                 12.36    0.02 17444.64 v accumulator_buffer[7][3]$_DFFE_PP_/D (DFFHQNx1_ASAP7_75t_R)
                               17444.64   data arrival time

                       18000.00 18000.00   clock core_clk (rise edge)
                          0.00 18000.00   clock source latency
     1   16.91    0.00    0.00 18000.00 ^ clk (in)
                                         clk (net)
                 38.10   12.02 18012.02 ^ clkbuf_0_clk/A (BUFx24_ASAP7_75t_R)
     2   12.09   14.39   33.44 18045.46 ^ clkbuf_0_clk/Y (BUFx24_ASAP7_75t_R)
                                         clknet_0_clk (net)
                 16.33    2.61 18048.07 ^ clkbuf_1_1_0_clk/A (BUFx24_ASAP7_75t_R)
     2   11.20   13.41   26.02 18074.10 ^ clkbuf_1_1_0_clk/Y (BUFx24_ASAP7_75t_R)
                                         clknet_1_1_0_clk (net)
                 16.40    3.23 18077.33 ^ clkbuf_2_3_0_clk/A (BUFx24_ASAP7_75t_R)
     4   17.48   17.35   27.27 18104.60 ^ clkbuf_2_3_0_clk/Y (BUFx24_ASAP7_75t_R)
                                         clknet_2_3_0_clk (net)
                 19.61    3.21 18107.82 ^ clkbuf_4_14_0_clk/A (BUFx24_ASAP7_75t_R)
     4   13.15   14.67   27.68 18135.49 ^ clkbuf_4_14_0_clk/Y (BUFx24_ASAP7_75t_R)
                                         clknet_4_14_0_clk (net)
                 15.61    1.83 18137.33 ^ clkbuf_6_59__f_clk/A (BUFx24_ASAP7_75t_R)
     7   16.92   16.81   27.21 18164.54 ^ clkbuf_6_59__f_clk/Y (BUFx24_ASAP7_75t_R)
                                         clknet_6_59__leaf_clk (net)
                 17.46    1.70 18166.24 ^ clkbuf_leaf_309_clk/A (BUFx24_ASAP7_75t_R)
    14   10.05   12.74   26.46 18192.69 ^ clkbuf_leaf_309_clk/Y (BUFx24_ASAP7_75t_R)
                                         clknet_leaf_309_clk (net)
                 13.35    1.34 18194.03 ^ accumulator_buffer[7][3]$_DFFE_PP_/CLK (DFFHQNx1_ASAP7_75t_R)
                          0.00 18194.03   clock reconvergence pessimism
                         -2.97 18191.06   library setup time
                               18191.06   data required time
-----------------------------------------------------------------------------
                               18191.06   data required time
                               -17444.64   data arrival time
-----------------------------------------------------------------------------
                                746.42   slack (MET)



==========================================================================
finish report_check_types -max_slew -max_cap -max_fanout -violators
--------------------------------------------------------------------------
max slew

Pin                                    Limit    Slew   Slack
------------------------------------------------------------
_104500_/B                            320.00  415.20  -95.20 (VIOLATED)
_104501_/A2                           320.00  415.11  -95.11 (VIOLATED)
_100813_/B                            320.00  404.30  -84.30 (VIOLATED)
_100814_/A2                           320.00  404.25  -84.25 (VIOLATED)
_100799_/B                            320.00  403.74  -83.74 (VIOLATED)
_100800_/A2                           320.00  403.70  -83.70 (VIOLATED)
_100816_/A2                           320.00  401.71  -81.71 (VIOLATED)
_100815_/B                            320.00  401.37  -81.37 (VIOLATED)
_103974_/B                            320.00  398.10  -78.10 (VIOLATED)
_103975_/A2                           320.00  398.03  -78.03 (VIOLATED)
_104522_/A2                           320.00  395.96  -75.96 (VIOLATED)
_104521_/B                            320.00  395.74  -75.74 (VIOLATED)
_103977_/A2                           320.00  392.87  -72.87 (VIOLATED)
_103976_/B                            320.00  392.61  -72.61 (VIOLATED)
_103981_/A2                           320.00  388.73  -68.73 (VIOLATED)
_103980_/B                            320.00  388.01  -68.01 (VIOLATED)
_100790_/B                            320.00  387.52  -67.52 (VIOLATED)
_100791_/A2                           320.00  387.48  -67.48 (VIOLATED)
_104527_/B                            320.00  384.29  -64.29 (VIOLATED)
_104528_/A2                           320.00  384.24  -64.24 (VIOLATED)
_100807_/B                            320.00  379.98  -59.98 (VIOLATED)
_100808_/A2                           320.00  379.94  -59.94 (VIOLATED)
_100804_/A2                           320.00  378.16  -58.16 (VIOLATED)
_100803_/B                            320.00  378.06  -58.06 (VIOLATED)
_100793_/A2                           320.00  375.55  -55.55 (VIOLATED)
_100792_/B                            320.00  375.19  -55.19 (VIOLATED)
_100811_/B                            320.00  372.31  -52.31 (VIOLATED)
_100812_/A2                           320.00  372.30  -52.30 (VIOLATED)
_103960_/A2                           320.00  370.69  -50.69 (VIOLATED)
_103959_/B                            320.00  369.59  -49.59 (VIOLATED)
_104509_/B                            320.00  369.35  -49.35 (VIOLATED)
_104510_/A2                           320.00  369.32  -49.32 (VIOLATED)
_100818_/A2                           320.00  366.49  -46.49 (VIOLATED)
_100817_/B                            320.00  365.17  -45.17 (VIOLATED)
_115761_/A2                           320.00  364.57  -44.57 (VIOLATED)
_103979_/A2                           320.00  364.53  -44.53 (VIOLATED)
_115760_/B                            320.00  364.52  -44.52 (VIOLATED)
_103978_/B                            320.00  364.49  -44.49 (VIOLATED)
_103984_/B                            320.00  362.74  -42.74 (VIOLATED)
_103985_/A2                           320.00  362.61  -42.61 (VIOLATED)
_103968_/B                            320.00  355.38  -35.38 (VIOLATED)
_103969_/A2                           320.00  355.02  -35.02 (VIOLATED)
_104507_/A2                           320.00  353.12  -33.12 (VIOLATED)
_104506_/B                            320.00  353.08  -33.08 (VIOLATED)
_114179_/B                            320.00  351.26  -31.26 (VIOLATED)
_114180_/A2                           320.00  351.20  -31.20 (VIOLATED)
_090429_/B2                           320.00  350.46  -30.46 (VIOLATED)
_090939_/B2                           320.00  350.17  -30.17 (VIOLATED)
_108820_/B2                           320.00  349.54  -29.54 (VIOLATED)
_092233_/B2                           320.00  348.41  -28.41 (VIOLATED)
_105555_/B2                           320.00  347.33  -27.33 (VIOLATED)
_114190_/B                            320.00  347.22  -27.22 (VIOLATED)
_114191_/A2                           320.00  347.22  -27.22 (VIOLATED)
_108226_/B2                           320.00  346.99  -26.99 (VIOLATED)
_108044_/B2                           320.00  346.03  -26.03 (VIOLATED)
_109002_/B2                           320.00  343.25  -23.25 (VIOLATED)
_100820_/A2                           320.00  343.00  -23.00 (VIOLATED)
_091807_/B2                           320.00  342.97  -22.97 (VIOLATED)
_116047_/B                            320.00  342.04  -22.04 (VIOLATED)
_100819_/B                            320.00  341.60  -21.60 (VIOLATED)
_116048_/A2                           320.00  341.44  -21.44 (VIOLATED)
_091164_/B2                           320.00  341.18  -21.18 (VIOLATED)
_087791_/A2                           320.00  337.40  -17.40 (VIOLATED)
_087790_/B                            320.00  337.38  -17.38 (VIOLATED)
_098775_/B2                           320.00  336.25  -16.25 (VIOLATED)
_087804_/A2                           320.00  335.91  -15.91 (VIOLATED)
_087803_/B                            320.00  335.76  -15.76 (VIOLATED)
_106788_/B                            320.00  334.40  -14.40 (VIOLATED)
_106789_/A2                           320.00  334.34  -14.34 (VIOLATED)
_114008_/A2                           320.00  334.04  -14.04 (VIOLATED)
_114007_/B                            320.00  334.04  -14.04 (VIOLATED)
_106785_/A2                           320.00  333.78  -13.78 (VIOLATED)
_086270_/B                            320.00  333.64  -13.64 (VIOLATED)
_086271_/A2                           320.00  333.58  -13.58 (VIOLATED)
_109314_/B2                           320.00  333.55  -13.55 (VIOLATED)
_114019_/B                            320.00  333.54  -13.54 (VIOLATED)
_106784_/B                            320.00  333.46  -13.46 (VIOLATED)
_114020_/A2                           320.00  333.45  -13.45 (VIOLATED)
_106054_/B2                           320.00  333.38  -13.38 (VIOLATED)
_093113_/B2                           320.00  333.31  -13.31 (VIOLATED)
_086280_/B                            320.00  332.97  -12.97 (VIOLATED)
_086281_/A2                           320.00  332.97  -12.97 (VIOLATED)
_109501_/B2                           320.00  332.10  -12.10 (VIOLATED)
_106482_/B2                           320.00  332.07  -12.07 (VIOLATED)
_114013_/B                            320.00  331.44  -11.44 (VIOLATED)
_114014_/A2                           320.00  331.35  -11.35 (VIOLATED)
_086278_/B                            320.00  331.31  -11.31 (VIOLATED)
_086279_/A2                           320.00  331.13  -11.13 (VIOLATED)
_108636_/C2                           320.00  330.32  -10.32 (VIOLATED)
_106679_/B2                           320.00  330.17  -10.17 (VIOLATED)
_114166_/B                            320.00  329.48   -9.48 (VIOLATED)
_114167_/A2                           320.00  328.59   -8.59 (VIOLATED)
_106782_/B                            320.00  328.10   -8.10 (VIOLATED)
_106783_/A2                           320.00  328.10   -8.10 (VIOLATED)
_092922_/B2                           320.00  327.74   -7.74 (VIOLATED)
_087812_/A2                           320.00  326.13   -6.13 (VIOLATED)
_090545_/B                            320.00  325.70   -5.70 (VIOLATED)
_102811_/B                            320.00  325.56   -5.56 (VIOLATED)
_102812_/A2                           320.00  325.51   -5.51 (VIOLATED)
_108111_/B                            320.00  325.49   -5.49 (VIOLATED)
_087811_/B                            320.00  325.08   -5.08 (VIOLATED)
_110284_/B                            320.00  324.54   -4.54 (VIOLATED)
_093350_/B2                           320.00  324.50   -4.50 (VIOLATED)
_114009_/B                            320.00  324.34   -4.34 (VIOLATED)
_106262_/B2                           320.00  324.31   -4.31 (VIOLATED)
_109723_/B                            320.00  324.23   -4.23 (VIOLATED)
_114010_/A2                           320.00  324.12   -4.12 (VIOLATED)
_108295_/B                            320.00  323.25   -3.25 (VIOLATED)
place9839/A                           320.00  323.11   -3.11 (VIOLATED)
_087816_/A2                           320.00  322.89   -2.89 (VIOLATED)
_100802_/A2                           320.00  322.79   -2.79 (VIOLATED)
_087815_/B                            320.00  322.77   -2.77 (VIOLATED)
_098839_/B                            320.00  322.40   -2.40 (VIOLATED)
_086253_/B                            320.00  322.19   -2.19 (VIOLATED)
_091880_/B                            320.00  321.89   -1.89 (VIOLATED)
_115700_/B                            320.00  321.67   -1.67 (VIOLATED)
_115701_/A2                           320.00  321.46   -1.46 (VIOLATED)
_112806_/B2                           320.00  321.44   -1.44 (VIOLATED)
_086254_/A2                           320.00  320.93   -0.93 (VIOLATED)
_106794_/A2                           320.00  320.40   -0.40 (VIOLATED)
_114001_/B                            320.00  320.18   -0.18 (VIOLATED)
_114002_/A2                           320.00  320.17   -0.17 (VIOLATED)


==========================================================================
finish max_slew_check_slack
--------------------------------------------------------------------------
-95.19638061523438

==========================================================================
finish max_slew_check_limit
--------------------------------------------------------------------------
320.0

==========================================================================
finish max_slew_check_slack_limit
--------------------------------------------------------------------------
-0.2975

==========================================================================
finish max_fanout_check_slack
--------------------------------------------------------------------------
0.0

==========================================================================
finish max_fanout_check_limit
--------------------------------------------------------------------------
32.0

==========================================================================
finish max_fanout_check_slack_limit
--------------------------------------------------------------------------
0.0000

==========================================================================
finish max_capacitance_check_slack
--------------------------------------------------------------------------
5.776588439941406

==========================================================================
finish max_capacitance_check_limit
--------------------------------------------------------------------------
23.040000915527344

==========================================================================
finish max_capacitance_check_slack_limit
--------------------------------------------------------------------------
0.2507

==========================================================================
finish max_slew_violation_count
--------------------------------------------------------------------------
max slew violation count 122

==========================================================================
finish max_fanout_violation_count
--------------------------------------------------------------------------
max fanout violation count 0

==========================================================================
finish max_cap_violation_count
--------------------------------------------------------------------------
max cap violation count 0

==========================================================================
finish setup_violation_count
--------------------------------------------------------------------------
setup violation count 0

==========================================================================
finish hold_violation_count
--------------------------------------------------------------------------
hold violation count 0

==========================================================================
finish report_checks -path_delay max reg to reg
--------------------------------------------------------------------------
Startpoint: reduction_index[6]$_DFF_PN0_
            (rising edge-triggered flip-flop clocked by core_clk)
Endpoint: accumulator_buffer[7][3]$_DFFE_PP_
          (rising edge-triggered flip-flop clocked by core_clk)
Path Group: core_clk
Path Type: max

  Delay    Time   Description
---------------------------------------------------------
   0.00    0.00   clock core_clk (rise edge)
   0.00    0.00   clock source latency
   0.00    0.00 ^ clk (in)
  47.21   47.21 ^ clkbuf_0_clk/Y (BUFx24_ASAP7_75t_R)
  30.39   77.60 ^ clkbuf_1_0_0_clk/Y (BUFx24_ASAP7_75t_R)
  31.75  109.35 ^ clkbuf_2_1_0_clk/Y (BUFx24_ASAP7_75t_R)
  31.87  141.22 ^ clkbuf_4_6_0_clk/Y (BUFx24_ASAP7_75t_R)
  31.64  172.86 ^ clkbuf_6_27__f_clk/Y (BUFx24_ASAP7_75t_R)
  34.23  207.09 ^ clkbuf_leaf_236_clk/Y (BUFx24_ASAP7_75t_R)
   1.74  208.83 ^ reduction_index[6]$_DFF_PN0_/CLK (DFFASRHQNx1_ASAP7_75t_R)
 103.72  312.55 ^ reduction_index[6]$_DFF_PN0_/QN (DFFASRHQNx1_ASAP7_75t_R)
  62.59  375.14 ^ place9682/Y (BUFx3_ASAP7_75t_R)
  65.91  441.05 ^ place9679/Y (BUFx3_ASAP7_75t_R)
 153.40  594.45 ^ _064586_/Y (OR4x1_ASAP7_75t_R)
  81.74  676.19 ^ place9393/Y (BUFx3_ASAP7_75t_R)
  67.94  744.13 ^ place9392/Y (BUFx3_ASAP7_75t_R)
 145.98  890.11 ^ place9391/Y (BUFx3_ASAP7_75t_R)
  95.62  985.73 ^ _065466_/Y (OA33x2_ASAP7_75t_R)
  72.46 1058.19 ^ _065468_/Y (AND5x1_ASAP7_75t_R)
  62.33 1120.52 ^ _065503_/Y (AND4x1_ASAP7_75t_R)
  60.58 1181.10 ^ _065504_/Y (AND4x1_ASAP7_75t_R)
  68.22 1249.33 ^ _065505_/Y (AND4x2_ASAP7_75t_R)
  67.03 1316.36 ^ _067465_/Y (AND5x1_ASAP7_75t_R)
  40.26 1356.62 v _067498_/Y (AOI21x1_ASAP7_75t_R)
  48.76 1405.39 v _070456_/Y (OR3x1_ASAP7_75t_R)
  40.14 1445.53 v place8291/Y (BUFx3_ASAP7_75t_R)
  41.50 1487.02 v _080329_/Y (AND2x2_ASAP7_75t_R)
  27.10 1514.12 ^ _116557_/CON (HAxp5_ASAP7_75t_R)
  17.20 1531.32 v _116557_/SN (HAxp5_ASAP7_75t_R)
  12.15 1543.47 ^ _075749_/Y (INVx1_ASAP7_75t_R)
  27.55 1571.01 ^ _075752_/Y (AO21x1_ASAP7_75t_R)
  21.63 1592.64 v _116777_/CON (HAxp5_ASAP7_75t_R)
  13.78 1606.42 ^ _116777_/SN (HAxp5_ASAP7_75t_R)
  25.20 1631.62 ^ _075769_/Y (AO21x1_ASAP7_75t_R)
  11.45 1643.07 v _080117_/Y (INVx1_ASAP7_75t_R)
  15.28 1658.36 ^ _117099_/SN (HAxp5_ASAP7_75t_R)
   9.59 1667.94 v _075766_/Y (INVx1_ASAP7_75t_R)
  27.10 1695.05 v _075771_/Y (AO21x1_ASAP7_75t_R)
  37.72 1732.77 v _116381_/SN (HAxp5_ASAP7_75t_R)
  18.12 1750.89 ^ _075781_/Y (NAND2x1_ASAP7_75t_R)
  25.09 1775.98 ^ _075782_/Y (OA21x2_ASAP7_75t_R)
  16.67 1792.65 v _116662_/CON (HAxp5_ASAP7_75t_R)
  15.75 1808.40 ^ _116662_/SN (HAxp5_ASAP7_75t_R)
  14.90 1823.30 v _075787_/Y (NOR2x1_ASAP7_75t_R)
  33.42 1856.72 v _075788_/Y (AO21x1_ASAP7_75t_R)
  21.35 1878.07 ^ _116865_/CON (HAxp5_ASAP7_75t_R)
  18.88 1896.95 v _116865_/SN (HAxp5_ASAP7_75t_R)
  18.56 1915.51 ^ _075813_/Y (NAND2x1_ASAP7_75t_R)
  25.20 1940.72 ^ _075814_/Y (OA21x2_ASAP7_75t_R)
  29.63 1970.35 ^ _116700_/SN (HAxp5_ASAP7_75t_R)
  14.64 1984.99 v _075815_/Y (NOR2x1_ASAP7_75t_R)
  32.53 2017.52 v _075816_/Y (AO21x1_ASAP7_75t_R)
  92.59 2110.11 ^ _075890_/Y (NOR2x1_ASAP7_75t_R)
  31.94 2142.05 v _079716_/Y (AOI21x1_ASAP7_75t_R)
  40.07 2182.12 ^ _116727_/CON (HAxp5_ASAP7_75t_R)
  27.32 2209.44 v _116727_/SN (HAxp5_ASAP7_75t_R)
  19.00 2228.44 ^ _080340_/Y (AOI21x1_ASAP7_75t_R)
  42.05 2270.49 v _117010_/CON (HAxp5_ASAP7_75t_R)
  26.97 2297.46 ^ _117010_/SN (HAxp5_ASAP7_75t_R)
  17.22 2314.68 v _080335_/Y (AOI21x1_ASAP7_75t_R)
  55.22 2369.90 v _116642_/SN (HAxp5_ASAP7_75t_R)
  38.15 2408.05 v _078495_/Y (AO21x1_ASAP7_75t_R)
  13.19 2421.24 ^ _079571_/Y (INVx1_ASAP7_75t_R)
  27.19 2448.43 v _116765_/CON (HAxp5_ASAP7_75t_R)
  21.02 2469.45 ^ _116765_/SN (HAxp5_ASAP7_75t_R)
  14.90 2484.36 v _079613_/Y (AOI21x1_ASAP7_75t_R)
  77.65 2562.00 v _116388_/SN (HAxp5_ASAP7_75t_R)
  27.18 2589.18 ^ _075891_/Y (AOI21x1_ASAP7_75t_R)
  45.90 2635.08 v _116646_/CON (HAxp5_ASAP7_75t_R)
  25.15 2660.23 ^ _116646_/SN (HAxp5_ASAP7_75t_R)
  16.33 2676.55 v _076366_/Y (AOI21x1_ASAP7_75t_R)
  89.11 2765.66 v _116741_/SN (HAxp5_ASAP7_75t_R)
  23.68 2789.34 ^ _078427_/Y (AOI21x1_ASAP7_75t_R)
  41.47 2830.81 v _116740_/CON (HAxp5_ASAP7_75t_R)
  24.16 2854.98 ^ _116740_/SN (HAxp5_ASAP7_75t_R)
  16.08 2871.05 v _080107_/Y (AOI21x1_ASAP7_75t_R)
  64.40 2935.45 v _116624_/SN (HAxp5_ASAP7_75t_R)
  19.94 2955.39 ^ _083137_/Y (AOI21x1_ASAP7_75t_R)
  36.91 2992.30 v _116875_/CON (HAxp5_ASAP7_75t_R)
  22.36 3014.66 ^ _116875_/SN (HAxp5_ASAP7_75t_R)
  16.24 3030.90 v _078411_/Y (AOI21x1_ASAP7_75t_R)
  31.53 3062.44 ^ _116659_/CON (HAxp5_ASAP7_75t_R)
  41.88 3104.31 v _075875_/Y (XNOR2x2_ASAP7_75t_R)
  28.96 3133.27 ^ _075876_/Y (XNOR2x2_ASAP7_75t_R)
  33.65 3166.93 v _075877_/Y (XNOR2x2_ASAP7_75t_R)
  19.39 3186.31 v _075878_/Y (AND2x2_ASAP7_75t_R)
  49.94 3236.25 ^ _075879_/Y (XOR2x2_ASAP7_75t_R)
  15.85 3252.11 v _078524_/Y (INVx1_ASAP7_75t_R)
  38.39 3290.50 v _078525_/Y (OR4x1_ASAP7_75t_R)
  19.31 3309.81 v _078526_/Y (OA21x2_ASAP7_75t_R)
  29.03 3338.84 v _078527_/Y (OR3x1_ASAP7_75t_R)
  13.58 3352.42 ^ _078528_/Y (INVx1_ASAP7_75t_R)
  38.43 3390.86 v _078529_/Y (XNOR2x2_ASAP7_75t_R)
  12.18 3403.04 ^ _079509_/Y (INVx1_ASAP7_75t_R)
  37.51 3440.55 ^ _079510_/Y (AND4x1_ASAP7_75t_R)
  32.31 3472.86 ^ _080026_/Y (AND3x1_ASAP7_75t_R)
  29.06 3501.92 ^ _082503_/Y (XOR2x2_ASAP7_75t_R)
  46.08 3548.00 ^ _082737_/Y (AND5x1_ASAP7_75t_R)
  31.58 3579.58 ^ _082738_/Y (AND3x1_ASAP7_75t_R)
  30.83 3610.41 ^ _082739_/Y (AND3x1_ASAP7_75t_R)
  31.23 3641.64 ^ _082740_/Y (AO32x1_ASAP7_75t_R)
  28.03 3669.66 ^ _082741_/Y (AND3x1_ASAP7_75t_R)
  42.06 3711.72 v _082742_/Y (XNOR2x2_ASAP7_75t_R)
  22.84 3734.56 ^ _116626_/CON (HAxp5_ASAP7_75t_R)
  16.39 3750.95 v _116626_/SN (HAxp5_ASAP7_75t_R)
  49.29 3800.23 ^ _116953_/CON (HAxp5_ASAP7_75t_R)
  21.15 3821.39 v _116953_/SN (HAxp5_ASAP7_75t_R)
  27.32 3848.70 v rebuffer10209/Y (BUFx3_ASAP7_75t_R)
  30.60 3879.31 v _064037_/Y (OR3x1_ASAP7_75t_R)
  29.49 3908.80 v _064038_/Y (AO21x1_ASAP7_75t_R)
  57.69 3966.49 v _064040_/Y (OR4x1_ASAP7_75t_R)
  30.97 3997.46 ^ _064198_/Y (NAND2x1_ASAP7_75t_R)
  92.07 4089.52 ^ _067562_/Y (AO221x1_ASAP7_75t_R)
  58.04 4147.56 ^ _067575_/Y (AND4x1_ASAP7_75t_R)
  47.55 4195.11 ^ place8180/Y (BUFx3_ASAP7_75t_R)
  88.78 4283.89 ^ _067652_/Y (AND4x1_ASAP7_75t_R)
  41.86 4325.75 ^ _070365_/Y (AND2x2_ASAP7_75t_R)
  22.76 4348.51 ^ _070366_/Y (XNOR2x2_ASAP7_75t_R)
  40.81 4389.32 ^ _070370_/Y (AND5x1_ASAP7_75t_R)
  42.10 4431.42 ^ _070371_/Y (AND5x1_ASAP7_75t_R)
  54.17 4485.58 ^ _070372_/Y (AND5x1_ASAP7_75t_R)
  49.21 4534.79 ^ _070373_/Y (AND4x1_ASAP7_75t_R)
  21.75 4556.54 v _070374_/Y (NOR2x1_ASAP7_75t_R)
  42.70 4599.24 v _071611_/Y (AND2x2_ASAP7_75t_R)
  34.91 4634.15 v _073303_/Y (AND2x2_ASAP7_75t_R)
  41.06 4675.22 v _074971_/Y (OR5x1_ASAP7_75t_R)
  45.55 4720.77 v _074972_/Y (OR4x2_ASAP7_75t_R)
  40.76 4761.52 v _074990_/Y (OR5x1_ASAP7_75t_R)
  51.69 4813.22 v _074991_/Y (OR4x1_ASAP7_75t_R)
  49.17 4862.39 v _075002_/Y (OR2x2_ASAP7_75t_R)
  61.18 4923.57 v _079156_/Y (AND2x2_ASAP7_75t_R)
  95.11 5018.68 ^ _082530_/Y (INVx1_ASAP7_75t_R)
  44.49 5063.17 v _082532_/Y (AOI21x1_ASAP7_75t_R)
  51.12 5114.29 v _116447_/SN (HAxp5_ASAP7_75t_R)
  44.70 5158.99 v _063506_/Y (OR4x1_ASAP7_75t_R)
  52.03 5211.02 v _063518_/Y (OR5x1_ASAP7_75t_R)
  14.65 5225.67 ^ _063519_/Y (NOR2x1_ASAP7_75t_R)
   9.43 5235.10 v _063520_/Y (INVx1_ASAP7_75t_R)
  21.41 5256.50 v _063521_/Y (AO21x1_ASAP7_75t_R)
  36.36 5292.87 v _063525_/Y (AO32x1_ASAP7_75t_R)
  21.33 5314.19 ^ _063535_/Y (AOI21x1_ASAP7_75t_R)
  45.20 5359.40 ^ place8170/Y (BUFx3_ASAP7_75t_R)
  62.17 5421.57 ^ place8168/Y (BUFx3_ASAP7_75t_R)
  28.23 5449.79 v _075271_/Y (NOR2x1_ASAP7_75t_R)
  50.86 5500.65 ^ _075272_/Y (AOI21x1_ASAP7_75t_R)
  45.91 5546.56 v _075273_/Y (INVx2_ASAP7_75t_R)
  89.14 5635.70 v _116357_/SN (HAxp5_ASAP7_75t_R)
  43.35 5679.05 v _070982_/Y (OA21x2_ASAP7_75t_R)
  25.92 5704.96 v _070983_/Y (OA21x2_ASAP7_75t_R)
  24.66 5729.62 v _070984_/Y (OA21x2_ASAP7_75t_R)
  27.35 5756.97 v _070985_/Y (OR2x2_ASAP7_75t_R)
  14.78 5771.75 ^ _070998_/Y (INVx1_ASAP7_75t_R)
  19.31 5791.05 ^ _071002_/Y (AO21x1_ASAP7_75t_R)
  24.07 5815.12 ^ _071003_/Y (AND3x1_ASAP7_75t_R)
  41.90 5857.02 ^ _071004_/Y (AO21x1_ASAP7_75t_R)
  74.29 5931.31 ^ _072949_/Y (AND2x2_ASAP7_75t_R)
  58.59 5989.90 v _072950_/Y (INVx1_ASAP7_75t_R)
  45.49 6035.39 v _073029_/Y (OR4x1_ASAP7_75t_R)
  37.43 6072.81 v _073030_/Y (OA211x2_ASAP7_75t_R)
  24.20 6097.01 v _073122_/Y (OR2x2_ASAP7_75t_R)
  38.44 6135.45 v _073221_/Y (AO221x1_ASAP7_75t_R)
  31.34 6166.79 v _078600_/Y (AO21x1_ASAP7_75t_R)
  26.02 6192.80 v _079741_/Y (OR2x2_ASAP7_75t_R)
  19.22 6212.02 v _079742_/Y (OA21x2_ASAP7_75t_R)
  10.78 6222.80 ^ _079743_/Y (NOR2x1_ASAP7_75t_R)
  18.34 6241.14 ^ _079744_/Y (AO21x1_ASAP7_75t_R)
  21.34 6262.48 ^ _079745_/Y (AND2x2_ASAP7_75t_R)
  16.35 6278.83 v _079746_/Y (AOI21x1_ASAP7_75t_R)
  96.58 6375.41 v _116364_/SN (HAxp5_ASAP7_75t_R)
  44.43 6419.84 v _063474_/Y (OR3x1_ASAP7_75t_R)
  28.32 6448.17 v _063475_/Y (AO21x1_ASAP7_75t_R)
  26.29 6474.45 v _063478_/Y (AO21x1_ASAP7_75t_R)
  24.76 6499.21 v _063479_/Y (AO21x1_ASAP7_75t_R)
  51.30 6550.51 v _063480_/Y (OR4x1_ASAP7_75t_R)
  27.32 6577.83 v _063485_/Y (AO21x1_ASAP7_75t_R)
  39.83 6617.66 v _074945_/Y (OA21x2_ASAP7_75t_R)
  28.04 6645.69 ^ _075310_/Y (AOI21x1_ASAP7_75t_R)
  49.14 6694.83 ^ place8160/Y (BUFx3_ASAP7_75t_R)
  42.44 6737.27 ^ _075671_/Y (AO21x1_ASAP7_75t_R)
  53.19 6790.46 v _117064_/CON (HAxp5_ASAP7_75t_R)
  42.15 6832.61 ^ _075296_/Y (NAND2x1_ASAP7_75t_R)
  17.23 6849.84 v _075297_/Y (INVx1_ASAP7_75t_R)
  76.76 6926.60 v _075303_/Y (OR5x1_ASAP7_75t_R)
  74.30 7000.91 v _075460_/Y (OA21x2_ASAP7_75t_R)
  27.64 7028.54 ^ _075672_/Y (NAND2x1_ASAP7_75t_R)
  30.54 7059.08 ^ _075673_/Y (OA21x2_ASAP7_75t_R)
  48.20 7107.28 v _117034_/CON (HAxp5_ASAP7_75t_R)
  49.15 7156.43 v _075395_/Y (AO21x1_ASAP7_75t_R)
  46.41 7202.83 v _075444_/Y (OR3x1_ASAP7_75t_R)
  56.90 7259.74 v _075445_/Y (OR3x1_ASAP7_75t_R)
  25.43 7285.17 ^ _075663_/Y (NAND2x1_ASAP7_75t_R)
  46.13 7331.30 ^ place8156/Y (BUFx3_ASAP7_75t_R)
  38.75 7370.04 ^ _075675_/Y (AO21x1_ASAP7_75t_R)
  52.09 7422.14 v _116511_/CON (HAxp5_ASAP7_75t_R)
  38.11 7460.25 ^ _075547_/Y (NAND2x1_ASAP7_75t_R)
  75.76 7536.01 ^ _075558_/Y (AND5x1_ASAP7_75t_R)
  70.61 7606.62 ^ _075560_/Y (AO21x2_ASAP7_75t_R)
  47.27 7653.89 ^ _076012_/Y (XNOR2x2_ASAP7_75t_R)
  38.22 7692.11 v _116629_/CON (HAxp5_ASAP7_75t_R)
  43.15 7735.26 ^ _075546_/Y (NAND2x1_ASAP7_75t_R)
  26.26 7761.51 v _075555_/Y (NAND3x1_ASAP7_75t_R)
  59.04 7820.56 v _075556_/Y (OR3x1_ASAP7_75t_R)
  61.99 7882.54 v _075660_/Y (AND2x2_ASAP7_75t_R)
  36.66 7919.21 v _075683_/Y (OA21x2_ASAP7_75t_R)
  16.05 7935.25 ^ _075684_/Y (INVx1_ASAP7_75t_R)
  28.24 7963.49 v _116648_/CON (HAxp5_ASAP7_75t_R)
  33.39 7996.88 v _075587_/Y (AND2x2_ASAP7_75t_R)
  42.56 8039.44 v _075608_/Y (OR3x2_ASAP7_75t_R)
  29.97 8069.41 ^ _075621_/Y (NOR2x1_ASAP7_75t_R)
  16.50 8085.91 v _075657_/Y (NAND2x1_ASAP7_75t_R)
  53.85 8139.76 v _075658_/Y (AND2x2_ASAP7_75t_R)
  27.45 8167.21 ^ _075685_/Y (NAND2x1_ASAP7_75t_R)
  29.59 8196.80 ^ _075686_/Y (OA21x2_ASAP7_75t_R)
  38.83 8235.63 v _116551_/CON (HAxp5_ASAP7_75t_R)
  34.50 8270.13 ^ _075940_/Y (NAND2x1_ASAP7_75t_R)
  17.46 8287.59 v _075945_/Y (NAND2x1_ASAP7_75t_R)
  25.00 8312.59 ^ _076105_/Y (NOR3x1_ASAP7_75t_R)
  48.96 8361.55 ^ _076112_/Y (AO31x2_ASAP7_75t_R)
  47.57 8409.12 v _076407_/Y (XNOR2x2_ASAP7_75t_R)
  15.34 8424.46 ^ _076408_/Y (INVx1_ASAP7_75t_R)
  19.19 8443.65 v _116449_/CON (HAxp5_ASAP7_75t_R)
  30.27 8473.92 v _076067_/Y (AND2x2_ASAP7_75t_R)
  64.24 8538.17 v _076068_/Y (OR5x1_ASAP7_75t_R)
  41.49 8579.65 v _076274_/Y (AO211x2_ASAP7_75t_R)
  30.46 8610.11 v _076320_/Y (AND2x2_ASAP7_75t_R)
  43.66 8653.77 v place8151/Y (BUFx3_ASAP7_75t_R)
  40.00 8693.76 v _076326_/Y (OA21x2_ASAP7_75t_R)
  27.99 8721.75 ^ _116780_/CON (HAxp5_ASAP7_75t_R)
  31.03 8752.78 ^ _076227_/Y (AND2x2_ASAP7_75t_R)
  27.60 8780.38 ^ _076234_/Y (OR3x1_ASAP7_75t_R)
  70.83 8851.21 ^ _076235_/Y (OA31x2_ASAP7_75t_R)
  63.72 8914.92 v _076536_/Y (XNOR2x2_ASAP7_75t_R)
  33.35 8948.27 ^ _116473_/CON (HAxp5_ASAP7_75t_R)
  30.67 8978.94 ^ _076256_/Y (AND2x2_ASAP7_75t_R)
  25.21 9004.15 ^ _076306_/Y (OR3x1_ASAP7_75t_R)
  27.21 9031.36 ^ _076309_/Y (OR3x1_ASAP7_75t_R)
  70.83 9102.19 ^ _076314_/Y (OA21x2_ASAP7_75t_R)
  45.32 9147.51 ^ _076329_/Y (OR2x2_ASAP7_75t_R)
  27.28 9174.79 ^ _076330_/Y (OA21x2_ASAP7_75t_R)
  34.50 9209.29 v _117048_/CON (HAxp5_ASAP7_75t_R)
  42.16 9251.45 v _076447_/Y (AO22x1_ASAP7_75t_R)
  23.68 9275.13 v _076569_/Y (AO21x1_ASAP7_75t_R)
  56.44 9331.57 v _076573_/Y (OR5x1_ASAP7_75t_R)
  66.30 9397.87 v _076587_/Y (OA21x2_ASAP7_75t_R)
  57.51 9455.38 ^ _076661_/Y (XNOR2x1_ASAP7_75t_R)
  48.63 9504.00 v _116663_/CON (HAxp5_ASAP7_75t_R)
  43.43 9547.43 v _076688_/Y (AND2x2_ASAP7_75t_R)
  30.53 9577.96 v _076779_/Y (OR3x1_ASAP7_75t_R)
  71.64 9649.61 v _076780_/Y (OR5x1_ASAP7_75t_R)
  67.98 9717.59 v _076819_/Y (AND2x2_ASAP7_75t_R)
  43.49 9761.07 v _076913_/Y (AO21x1_ASAP7_75t_R)
  25.10 9786.18 ^ _076962_/Y (INVx1_ASAP7_75t_R)
  36.88 9823.06 v _117100_/CON (HAxp5_ASAP7_75t_R)
  42.19 9865.25 v _076735_/Y (AO32x1_ASAP7_75t_R)
  50.33 9915.57 v _076736_/Y (OR5x1_ASAP7_75t_R)
  17.85 9933.43 ^ _076737_/Y (OAI21x1_ASAP7_75t_R)
  59.87 9993.29 ^ _076767_/Y (AND3x1_ASAP7_75t_R)
  90.28 10083.57 ^ _076815_/Y (AO21x1_ASAP7_75t_R)
  19.15 10102.72 v _077442_/Y (NAND2x1_ASAP7_75t_R)
  24.36 10127.08 v _077443_/Y (OA21x2_ASAP7_75t_R)
  16.22 10143.30 ^ _082412_/Y (INVx1_ASAP7_75t_R)
  50.32 10193.62 v _116877_/CON (HAxp5_ASAP7_75t_R)
  36.64 10230.26 ^ _076793_/Y (NAND2x1_ASAP7_75t_R)
  46.77 10277.02 ^ _076810_/Y (AND5x1_ASAP7_75t_R)
  65.68 10342.70 ^ _077023_/Y (AO31x2_ASAP7_75t_R)
  62.10 10404.81 v _077025_/Y (XNOR2x2_ASAP7_75t_R)
  70.18 10474.99 ^ _116871_/CON (HAxp5_ASAP7_75t_R)
  36.58 10511.58 v _076904_/Y (AOI21x1_ASAP7_75t_R)
  29.77 10541.34 ^ _076920_/Y (NAND3x1_ASAP7_75t_R)
  68.98 10610.32 v _077020_/Y (AOI211x1_ASAP7_75t_R)
  85.62 10695.94 v _077303_/Y (AO21x2_ASAP7_75t_R)
  22.60 10718.55 ^ _077446_/Y (NOR2x1_ASAP7_75t_R)
  28.20 10746.75 ^ _077447_/Y (AO21x1_ASAP7_75t_R)
  47.84 10794.59 v _116491_/CON (HAxp5_ASAP7_75t_R)
  42.45 10837.04 v _077122_/Y (AND2x2_ASAP7_75t_R)
  57.79 10894.83 v _077148_/Y (OR5x2_ASAP7_75t_R)
  31.07 10925.91 v _077171_/Y (OA31x2_ASAP7_75t_R)
  47.42 10973.33 v place8145/Y (BUFx3_ASAP7_75t_R)
  50.11 11023.44 v _077430_/Y (XNOR2x2_ASAP7_75t_R)
  12.64 11036.08 ^ _083128_/Y (INVx1_ASAP7_75t_R)
  36.29 11072.37 v _116843_/CON (HAxp5_ASAP7_75t_R)
  32.82 11105.19 ^ _077135_/Y (NAND2x1_ASAP7_75t_R)
  54.82 11160.01 ^ _077158_/Y (AND4x2_ASAP7_75t_R)
  69.79 11229.79 ^ _077429_/Y (AO31x2_ASAP7_75t_R)
  62.47 11292.26 v _077431_/Y (XNOR2x2_ASAP7_75t_R)
  23.52 11315.79 ^ _077621_/Y (INVx1_ASAP7_75t_R)
  29.52 11345.31 v _116850_/CON (HAxp5_ASAP7_75t_R)
  33.34 11378.65 ^ _077264_/Y (NAND2x1_ASAP7_75t_R)
  56.02 11434.67 ^ _077278_/Y (AND5x2_ASAP7_75t_R)
  39.59 11474.26 ^ _077437_/Y (AO21x2_ASAP7_75t_R)
  48.81 11523.06 v _077797_/Y (XNOR2x2_ASAP7_75t_R)
  54.92 11577.98 ^ _116818_/CON (HAxp5_ASAP7_75t_R)
  43.20 11621.18 v _077538_/Y (INVx1_ASAP7_75t_R)
  55.85 11677.02 v _077546_/Y (OA211x2_ASAP7_75t_R)
  26.25 11703.28 ^ _077548_/Y (OAI21x1_ASAP7_75t_R)
  67.24 11770.52 ^ _077798_/Y (OA21x2_ASAP7_75t_R)
  56.07 11826.59 v _077803_/Y (XNOR2x2_ASAP7_75t_R)
  27.89 11854.48 ^ _077804_/Y (INVx1_ASAP7_75t_R)
  18.72 11873.20 v _116980_/CON (HAxp5_ASAP7_75t_R)
  37.78 11910.98 v _077634_/Y (AO22x1_ASAP7_75t_R)
  28.92 11939.90 v _077645_/Y (OR2x2_ASAP7_75t_R)
  69.96 12009.86 v _077763_/Y (OR4x2_ASAP7_75t_R)
  71.20 12081.06 v _077848_/Y (AND2x2_ASAP7_75t_R)
  51.13 12132.19 ^ _077958_/Y (XNOR2x2_ASAP7_75t_R)
  45.28 12177.46 v _117058_/CON (HAxp5_ASAP7_75t_R)
  27.00 12204.47 ^ _077664_/Y (NAND2x1_ASAP7_75t_R)
  17.07 12221.54 v _077665_/Y (INVx1_ASAP7_75t_R)
  17.68 12239.22 ^ _077666_/Y (NOR3x1_ASAP7_75t_R)
  39.92 12279.14 ^ _077834_/Y (AND2x2_ASAP7_75t_R)
  74.44 12353.58 ^ _078039_/Y (AO21x2_ASAP7_75t_R)
  68.43 12422.01 v _078041_/Y (XNOR2x2_ASAP7_75t_R)
  13.61 12435.62 ^ _078261_/Y (INVx2_ASAP7_75t_R)
  34.37 12469.98 v _117028_/CON (HAxp5_ASAP7_75t_R)
  40.92 12510.90 v _077814_/Y (AND2x2_ASAP7_75t_R)
  87.38 12598.28 v _077935_/Y (OR4x1_ASAP7_75t_R)
  54.41 12652.69 v _078275_/Y (AND2x4_ASAP7_75t_R)
  33.14 12685.83 v _078356_/Y (OA21x2_ASAP7_75t_R)
  45.57 12731.40 ^ _116816_/CON (HAxp5_ASAP7_75t_R)
  16.88 12748.28 v _078059_/Y (AOI22x1_ASAP7_75t_R)
  36.38 12784.66 v _078060_/Y (OA31x2_ASAP7_75t_R)
  36.16 12820.82 ^ _078067_/Y (NAND2x1_ASAP7_75t_R)
  94.19 12915.02 ^ _078175_/Y (OA31x2_ASAP7_75t_R)
  56.20 12971.22 ^ _078634_/Y (XNOR2x2_ASAP7_75t_R)
  53.19 13024.42 v _116903_/CON (HAxp5_ASAP7_75t_R)
  34.92 13059.33 ^ _078089_/Y (NAND2x1_ASAP7_75t_R)
  15.93 13075.27 v _078090_/Y (INVx1_ASAP7_75t_R)
  45.74 13121.00 v _078091_/Y (OR4x1_ASAP7_75t_R)
  29.41 13150.41 v _078343_/Y (AO211x2_ASAP7_75t_R)
  36.94 13187.36 v _078344_/Y (AO211x2_ASAP7_75t_R)
  52.01 13239.36 v _078345_/Y (AND2x2_ASAP7_75t_R)
  40.89 13280.25 v _078364_/Y (OA21x2_ASAP7_75t_R)
  25.62 13305.87 ^ _117045_/CON (HAxp5_ASAP7_75t_R)
  30.28 13336.16 ^ _078293_/Y (AND2x2_ASAP7_75t_R)
   9.21 13345.37 v _078294_/Y (INVx1_ASAP7_75t_R)
  19.23 13364.60 v _078295_/Y (OA21x2_ASAP7_75t_R)
  35.91 13400.50 ^ _078296_/Y (NAND3x1_ASAP7_75t_R)
  76.99 13477.49 ^ _078337_/Y (OR3x1_ASAP7_75t_R)
  81.66 13559.15 ^ _078967_/Y (AND2x2_ASAP7_75t_R)
  57.48 13616.63 v _079711_/Y (XNOR2x2_ASAP7_75t_R)
  16.89 13633.53 ^ _079712_/Y (INVx1_ASAP7_75t_R)
  19.16 13652.68 v _116656_/CON (HAxp5_ASAP7_75t_R)
  36.57 13689.25 v _078660_/Y (AO32x1_ASAP7_75t_R)
  27.76 13717.00 v _078662_/Y (AND5x1_ASAP7_75t_R)
  41.18 13758.19 ^ _078663_/Y (AOI21x1_ASAP7_75t_R)
  85.05 13843.24 ^ _078760_/Y (AO31x2_ASAP7_75t_R)
  49.75 13892.98 ^ _080527_/Y (OA21x2_ASAP7_75t_R)
  35.20 13928.19 v _116905_/CON (HAxp5_ASAP7_75t_R)
  33.26 13961.45 v _078949_/Y (AND2x2_ASAP7_75t_R)
  79.33 14040.78 v _078971_/Y (OR5x1_ASAP7_75t_R)
  58.11 14098.90 v place8136/Y (BUFx3_ASAP7_75t_R)
  26.17 14125.07 ^ _079101_/Y (AOI21x1_ASAP7_75t_R)
  23.40 14148.46 v _079398_/Y (OAI21x1_ASAP7_75t_R)
  36.68 14185.14 v _079451_/Y (AND2x2_ASAP7_75t_R)
  12.04 14197.18 ^ _079452_/Y (INVx1_ASAP7_75t_R)
  18.32 14215.50 v _117019_/CON (HAxp5_ASAP7_75t_R)
  19.04 14234.54 ^ _081134_/Y (INVx1_ASAP7_75t_R)
  48.55 14283.09 ^ _081152_/Y (AND3x1_ASAP7_75t_R)
  53.50 14336.58 ^ _081303_/Y (AND4x1_ASAP7_75t_R)
  60.44 14397.03 ^ _081483_/Y (AND3x1_ASAP7_75t_R)
  43.79 14440.82 ^ _081485_/Y (OA33x2_ASAP7_75t_R)
  35.32 14476.14 ^ _081486_/Y (AO22x2_ASAP7_75t_R)
  23.56 14499.70 v _081545_/Y (AOI21x1_ASAP7_75t_R)
  47.71 14547.41 v _081794_/Y (OR4x1_ASAP7_75t_R)
  36.24 14583.65 v place8135/Y (BUFx6f_ASAP7_75t_R)
  71.34 14654.99 v place8131/Y (BUFx3_ASAP7_75t_R)
  58.86 14713.86 v place8130/Y (BUFx3_ASAP7_75t_R)
  72.91 14786.77 v place8129/Y (BUFx3_ASAP7_75t_R)
  54.91 14841.68 v place8128/Y (BUFx3_ASAP7_75t_R)
  61.20 14902.88 v place8127/Y (BUFx3_ASAP7_75t_R)
  59.22 14962.10 v place8126/Y (BUFx3_ASAP7_75t_R)
  39.61 15001.70 v _091938_/Y (OR3x1_ASAP7_75t_R)
  35.39 15037.09 v _091944_/Y (OA211x2_ASAP7_75t_R)
  18.51 15055.61 v _091945_/Y (OA21x2_ASAP7_75t_R)
   0.02 15055.63 v accumulator_buffer[7][3]$_DFFE_PP_/D (DFFHQNx1_ASAP7_75t_R)
        15055.63   data arrival time

18000.00 18000.00   clock core_clk (rise edge)
   0.00 18000.00   clock source latency
   0.00 18000.00 ^ clk (in)
  45.46 18045.46 ^ clkbuf_0_clk/Y (BUFx24_ASAP7_75t_R)
  28.64 18074.10 ^ clkbuf_1_1_0_clk/Y (BUFx24_ASAP7_75t_R)
  30.51 18104.60 ^ clkbuf_2_3_0_clk/Y (BUFx24_ASAP7_75t_R)
  30.89 18135.49 ^ clkbuf_4_14_0_clk/Y (BUFx24_ASAP7_75t_R)
  29.04 18164.54 ^ clkbuf_6_59__f_clk/Y (BUFx24_ASAP7_75t_R)
  28.16 18192.69 ^ clkbuf_leaf_309_clk/Y (BUFx24_ASAP7_75t_R)
   1.34 18194.03 ^ accumulator_buffer[7][3]$_DFFE_PP_/CLK (DFFHQNx1_ASAP7_75t_R)
   1.75 18195.78   clock reconvergence pessimism
  -2.97 18192.81   library setup time
        18192.81   data required time
---------------------------------------------------------
        18192.81   data required time
        -15055.63   data arrival time
---------------------------------------------------------
        3137.18   slack (MET)



==========================================================================
finish report_checks -path_delay min reg to reg
--------------------------------------------------------------------------
Startpoint: accumulator_buffer[52][19]$_DFFE_PP_
            (rising edge-triggered flip-flop clocked by core_clk)
Endpoint: accumulator_buffer[52][19]$_DFFE_PP_
          (rising edge-triggered flip-flop clocked by core_clk)
Path Group: core_clk
Path Type: min

  Delay    Time   Description
---------------------------------------------------------
   0.00    0.00   clock core_clk (rise edge)
   0.00    0.00   clock source latency
   0.00    0.00 ^ clk (in)
  45.46   45.46 ^ clkbuf_0_clk/Y (BUFx24_ASAP7_75t_R)
  28.64   74.10 ^ clkbuf_1_1_0_clk/Y (BUFx24_ASAP7_75t_R)
  29.65  103.75 ^ clkbuf_2_2_0_clk/Y (BUFx24_ASAP7_75t_R)
  29.94  133.69 ^ clkbuf_4_9_0_clk/Y (BUFx24_ASAP7_75t_R)
  28.07  161.76 ^ clkbuf_6_36__f_clk/Y (BUFx24_ASAP7_75t_R)
  28.30  190.07 ^ clkbuf_leaf_359_clk/Y (BUFx24_ASAP7_75t_R)
   0.93  191.00 ^ accumulator_buffer[52][19]$_DFFE_PP_/CLK (DFFHQNx1_ASAP7_75t_R)
  53.75  244.75 ^ accumulator_buffer[52][19]$_DFFE_PP_/QN (DFFHQNx1_ASAP7_75t_R)
  11.38  256.13 v _110869_/Y (OAI22x1_ASAP7_75t_R)
   0.04  256.17 v accumulator_buffer[52][19]$_DFFE_PP_/D (DFFHQNx1_ASAP7_75t_R)
         256.17   data arrival time

   0.00    0.00   clock core_clk (rise edge)
   0.00    0.00   clock source latency
   0.00    0.00 ^ clk (in)
  47.21   47.21 ^ clkbuf_0_clk/Y (BUFx24_ASAP7_75t_R)
  29.55   76.76 ^ clkbuf_1_1_0_clk/Y (BUFx24_ASAP7_75t_R)
  30.74  107.50 ^ clkbuf_2_2_0_clk/Y (BUFx24_ASAP7_75t_R)
  31.37  138.87 ^ clkbuf_4_9_0_clk/Y (BUFx24_ASAP7_75t_R)
  29.64  168.51 ^ clkbuf_6_36__f_clk/Y (BUFx24_ASAP7_75t_R)
  30.16  198.67 ^ clkbuf_leaf_359_clk/Y (BUFx24_ASAP7_75t_R)
   1.13  199.80 ^ accumulator_buffer[52][19]$_DFFE_PP_/CLK (DFFHQNx1_ASAP7_75t_R)
  -8.80  191.00   clock reconvergence pessimism
  13.13  204.12   library hold time
         204.12   data required time
---------------------------------------------------------
         204.12   data required time
        -256.17   data arrival time
---------------------------------------------------------
          52.04   slack (MET)



==========================================================================
finish critical path target clock latency max path
--------------------------------------------------------------------------
194.0329

==========================================================================
finish critical path target clock latency min path
--------------------------------------------------------------------------
214.8981

==========================================================================
finish critical path source clock latency min path
--------------------------------------------------------------------------
0.0000

==========================================================================
finish critical path delay
--------------------------------------------------------------------------
17444.6426

==========================================================================
finish critical path slack
--------------------------------------------------------------------------
746.4198

==========================================================================
finish slack div critical path delay
--------------------------------------------------------------------------
4.278791

==========================================================================
finish report_power
--------------------------------------------------------------------------
Group                  Internal  Switching    Leakage      Total
                          Power      Power      Power      Power (Watts)
----------------------------------------------------------------
Sequential             5.44e-04   1.25e-07   1.80e-06   5.46e-04  34.3%
Combinational          1.54e-04   2.70e-04   6.27e-06   4.31e-04  27.1%
Clock                  3.82e-04   2.32e-04   5.04e-07   6.14e-04  38.6%
Macro                  0.00e+00   0.00e+00   0.00e+00   0.00e+00   0.0%
Pad                    0.00e+00   0.00e+00   0.00e+00   0.00e+00   0.0%
----------------------------------------------------------------
Total                  1.08e-03   5.02e-04   8.58e-06   1.59e-03 100.0%
                          67.9%      31.6%       0.5%
