00000001
00000000
00000000
00000001
00000000
00000000
3f800000
00000000
00000001
80000000
00000000
00000001
00000000
80000000
3f800000
00000000
00000001
00000001
00000000
00000001
00000000
00000001
00000000
00000001
00000001
80000001
00000000
00000001
00000000
80000001
3f800000
00000000
00000001
007fffff
00000000
00000001
00000000
007fffff
00000000
00000001
00000001
807fffff
00000000
00000001
00000000
807fffff
3f800000
00000000
00000001
00800000
00000000
00000001
00000000
00800000
00000000
00000001
00000001
80800000
00000000
00000001
00000000
80800000
3f800000
00000000
00000001
33800000
00000000
00000001
00000000
33800000
00000000
00000001
00000001
b3800000
00000000
00000001
00000000
b3800000
3f7fffff
00000000
00000001
3dcccccd
00000000
00000001
00000000
3dcccccd
00000000
00000001
00000001
bdcccccd
00000000
00000001
00000000
bdcccccd
3f67a36d
00000000
00000001
3eaaaaab
00000000
00000001
00000000
3eaaaaab
00000000
00000001
00000001
beaaaaab
00000000
00000001
00000000
beaaaaab
3f376e98
00000000
00000001
3f000000
00000000
00000001
00000000
3f000000
00000000
00000001
00000001
bf000000
00000000
00000001
00000000
bf000000
3f1b4598
00000000
00000001
3f800000
00000000
00000001
00000000
3f800000
00000000
00000001
00000001
bf800000
00000000
00000001
00000000
bf800000
3ebc5ab2
00000000
00000001
3fc00000
00000000
00000001
00000000
3fc00000
00000000
00000001
00000001
bfc00000
00000000
00000001
00000000
bfc00000
3e647c3c
00000000
00000001
40000000
00000000
00000001
00000000
40000000
00000000
00000001
00000001
c0000000
00000000
00000001
00000000
c0000000
3e0a9555
00000000
00000001
40400000
00000000
00000001
00000000
40400000
00000000
00000001
00000001
c0400000
00000000
00000001
00000000
c0400000
3d4bed86
00000000
00000001
40e00000
00000000
00000001
00000000
40e00000
00000000
00000001
00000001
c0e00000
00000000
00000001
00000000
c0e00000
3a6f0b5d
00000000
00000001
41200000
00000000
00000001
00000000
41200000
00000000
00000001
00000001
c1200000
00000000
00000001
00000000
c1200000
383e6bce
00000000
00000001
41a00000
00000000
00000001
00000000
41a00000
00000000
00000001
00000001
c1a00000
00000000
00000001
00000000
c1a00000
310da433
00000000
00000001
41c7ffff
00000000
00000001
00000000
41c7ffff
00000000
00000001
00000001
41c80000
00000000
00000001
00000000
41c80000
00000000
00000001
00000001
41c80001
00000000
00000001
00000000
41c80001
00000000
00000001
00000001
42480000
00000000
00000001
00000000
42480000
00000000
00000001
00000001
c2480000
00000000
00000001
00000000
c2480000
1b692beb
00000000
00000001
42a00000
00000000
00000001
00000000
42a00000
00000000
00000001
00000001
c2a00000
00000000
00000001
00000000
c2a00000
05bfecba
00000000
00000001
42c7ffff
00000000
00000001
00000000
42c7ffff
00000000
00000001
00000001
c2c7ffff
00000000
00000001
00000000
c2c7ffff
0000001b
00000000
00000001
42c80000
00000000
00000001
00000000
42c80000
00000000
00000001
00000001
c2c80000
00000000
00000001
00000000
c2c80000
0000001b
00000000
00000001
4315ffff
00000000
00000001
00000000
4315ffff
00000000
00000001
00000001
c315ffff
00000000
00000001
00000000
c315ffff
00000000
00000000
00000001
43160000
00000000
00000001
00000000
43160000
00000000
00000001
00000001
c3160000
00000000
00000001
00000000
c3160000
00000000
00000000
00000001
43160001
00000000
00000001
00000000
43160001
00000000
00000001
00000001
c3160001
00000000
00000001
00000000
c3160001
00000000
00000000
00000001
7f7fffff
00000000
00000001
00000000
7f7fffff
00000000
00000001
00000001
ff7fffff
00000000
00000001
00000000
ff7fffff
00000000
00000000
00000001
64c08221
00000000
00000001
00000001
b72e4063
00000000
00000001
00000001
9bd7ba90
00000000
00000001
00000001
773b9c5b
00000000
00000001
00000001
582f3ba5
00000000
00000001
00000001
c577f50d
00000000
00000001
00000001
cf44465f
00000000
00000001
00000001
b95fef7e
00000000
00000001
00000001
da185ad5
00000000
00000001
00000001
6b613f5b
00000000
00000001
00000001
45ab4287
00000000
00000001
00000001
84633ad8
00000000
00000001
00000001
5fb64484
00000000
00000001
00000001
b5a6061c
00000000
00000001
00000001
3bca583c
00000000
00000001
00000001
35f07c17
00000000
00000001
00000001
d6b7c943
00000000
00000001
00000001
7c463c89
00000000
00000001
00000001
33241d75
00000000
00000001
00000001
0eb19af6
00000000
00000001
00000001
80b56d06
00000000
00000001
00000001
6e5cef86
00000000
00000001
00000001
05841576
00000000
00000001
00000001
c5ce3b1c
00000000
00000001
00000001
a82b4cc1
00000000
00000001
00000001
8f7028ff
00000000
00000001
00000001
cd314249
00000000
00000001
00000001
6fd0ad93
00000000
00000001
00000001
c71a6aa1
00000000
00000001
00000001
d19329fb
00000000
00000001
00000001
a3dbb9e6
00000000
00000001
00000001
0ced1a44
00000000
00000001
00000001
0462ceed
00000000
00000001
00000001
27100c8a
00000000
00000001
00000001
c575e46f
00000000
00000001
00000001
b999a1a1
00000000
00000001
00000001
fc2de497
00000000
00000001
00000001
b6236b44
00000000
00000001
00000001
97e1ca2b
00000000
00000001
00000001
69cf6d6d
00000000
00000001
00000001
703794e3
00000000
00000001
00000001
5b9bd55d
00000000
00000001
00000001
c88a76d1
00000000
00000001
00000001
88c161b1
00000000
00000001
00000001
f8d1990c
00000000
00000001
00000001
5ceea228
00000000
00000001
00000001
694a3f7e
00000000
00000001
00000001
89d19d4f
00000000
00000001
00000001
94865f41
00000000
00000001
00000001
b1070699
00000000
00000001
00000001
4d2075c3
00000000
00000001
00000001
d95fd74c
00000000
00000001
00000001
6acda931
00000000
00000001
00000001
269b6888
00000000
00000001
00000001
8596a822
00000000
00000001
00000001
205bd507
00000000
00000001
00000001
0bc5b60c
00000000
00000001
00000001
db793b32
00000000
00000001
00000001
955e2f4d
00000000
00000001
00000001
e69812d8
00000000
00000001
00000001
08dd510c
00000000
00000001
00000001
a5926408
00000000
00000001
00000001
9124a101
00000000
00000001
00000001
92164c9d
00000000
00000001
00000001
12816794
00000000
00000001
00000001
60fe422d
00000000
00000001
00000001
27c76181
00000000
00000001
00000001
124ff487
00000000
00000001
00000001
67f74bc7
00000000
00000001
00000001
86676f44
00000000
00000001
00000001
fa06983a
00000000
00000001
00000001
5981f5b4
00000000
00000001
00000001
af2c6f3e
00000000
00000001
00000001
d0dbcbc1
00000000
00000001
00000001
23fdd5b4
00000000
00000001
00000001
20081afd
00000000
00000001
00000001
bfd0bbaa
00000000
00000001
00000001
c76c0105
00000000
00000001
00000001
65686ff1
00000000
00000001
00000001
62ca5cdb
00000000
00000001
00000001
0a9d25d1
00000000
00000001
00000001
4adddcb3
00000000
00000001
00000001
88255729
00000000
00000001
00000001
d763458b
00000000
00000001
00000001
c44147a7
00000000
00000001
00000001
a31ab80a
00000000
00000001
00000001
fcd6a1c3
00000000
00000001
00000001
90c6da6a
00000000
00000001
00000001
c888c766
00000000
00000001
00000001
98898f1f
00000000
00000001
00000001
070de5a1
00000000
00000001
00000001
6b13bb47
00000000
00000001
00000001
88f8a7cc
00000000
00000001
00000001
c90a523d
00000000
00000001
00000001
3677f080
00000000
00000001
00000001
cd143ca6
00000000
00000001
00000001
04869855
00000000
00000001
00000001
9c975763
00000000
00000001
00000001
3f459686
00000000
00000001
00000001
726abf79
00000000
00000001
00000001
a328f3b8
00000000
00000001
00000001
0bdd4499
00000000
00000001
00000001
cda636a8
00000000
00000001
00000001
e8db123c
00000000
00000001
00000001
2386a90b
00000000
00000001
00000001
533ae153
00000000
00000001
00000001
04a3ece4
00000000
00000001
00000001
6d13fe64
00000000
00000001
00000001
123d7c09
00000000
00000001
00000001
0ac7417b
00000000
00000001
00000001
18d3ff44
00000000
00000001
00000001
0cf783ce
00000000
00000001
00000001
10980b24
00000000
00000001
00000001
c76b7eb8
00000000
00000001
00000001
929ad33a
00000000
00000001
00000001
7e706806
00000000
00000001
00000001
7c5cda89
00000000
00000001
00000001
aef7a2ea
00000000
00000001
00000001
7e354079
00000000
00000001
00000001
ffc181b5
00000000
00000001
00000001
31ce5240
00000000
00000001
00000001
c068d030
00000000
00000001
00000001
7883d37d
00000000
00000001
00000001
0f8e9074
00000000
00000001
00000001
1d98777d
00000000
00000001
00000001
af0bf7fb
00000000
00000001
00000001
7cbcda25
00000000
00000001
00000001
9f7b9d9e
00000000
00000001
00000001
ba294b57
00000000
00000001
00000001
a57232d3
00000000
00000001
00000001
68116cd1
00000000
00000001
00000001
2bc2b281
00000000
00000001
00000001
5ef314a5
00000000
00000001
00000001
d0e0512b
00000000
00000001
00000001
a9d08203
00000000
00000001
00000001
6c51fc73
00000000
00000001
00000001
fc12e03e
00000000
00000001
00000001
88c48f58
00000000
00000001
00000001
4719a9fb
00000000
00000001
00000001
7802d2f6
00000000
00000001
00000001
63c180cf
00000000
00000001
00000001
5952dddf
00000000
00000001
00000001
78d488c0
00000000
00000001
00000001
392259fa
00000000
00000001
00000001
2da7b987
00000000
00000001
00000001
dc3f226d
00000000
00000001
00000001
2c5904ef
00000000
00000001
00000001
9a1017a8
00000000
00000001
00000001
a22c861c
00000000
00000001
00000001
70542e6c
00000000
00000001
00000001
1f81cbd7
00000000
00000001
00000001
830980ca
00000000
00000001
00000001
6913879b
00000000
00000001
00000001
aec3f966
00000000
00000001
00000001
fa6bdc68
00000000
00000001
00000001
1fe813bf
00000000
00000001
00000001
b62984f5
00000000
00000001
00000001
545e75d7
00000000
00000001
00000001
cf052bb2
00000000
00000001
00000001
999750cb
00000000
00000001
00000001
5551c1d3
00000000
00000001
00000001
9c515fae
00000000
00000001
00000001
40c87024
00000000
00000001
00000001
75ff8b5b
00000000
00000001
00000001
62a0c40e
00000000
00000001
00000001
c2e20d7b
00000000
00000001
00000001
9508d650
00000000
00000001
00000001
23f96570
00000000
00000001
00000001
283d4067
00000000
00000001
00000001
25e9106f
00000000
00000001
00000001
70013a46
00000000
00000001
00000001
dd5dcb95
00000000
00000001
00000001
d4ad6b23
00000000
00000001
00000001
076e5502
00000000
00000001
00000001
99ac7e2d
00000000
00000001
00000001
bc98d396
00000000
00000001
00000001
88d80d6b
00000000
00000001
00000001
bb0f8b45
00000000
00000001
00000001
aeb596f8
00000000
00000001
00000001
8212d2e9
00000000
00000001
00000001
f7ba712b
00000000
00000001
00000001
89e42faa
00000000
00000001
00000001
4b101861
00000000
00000001
00000001
82cb2728
00000000
00000001
00000001
2e762215
00000000
00000001
00000001
92a88c1c
00000000
00000001
00000001
e15e1cf3
00000000
00000001
00000001
4343d3a5
00000000
00000001
00000001
13bae4ea
00000000
00000001
00000001
1d36f306
00000000
00000001
00000001
594f1fb7
00000000
00000001
00000001
37171b9b
00000000
00000001
00000001
1bc836a3
00000000
00000001
00000001
0b954d76
00000000
00000001
00000001
e504033b
00000000
00000001
00000001
5676f54b
00000000
00000001
00000001
1bfa8847
00000000
00000001
00000001
2470d9ee
00000000
00000001
00000001
10322a46
00000000
00000001
00000001
b5ad111c
00000000
00000001
00000001
7ee69b27
00000000
00000001
00000001
d349d011
00000000
00000001
00000001
88fc25f1
00000000
00000001
00000001
efe3bc7a
00000000
00000001
00000001
3e229fa7
00000000
00000001
00000001
eccee9aa
00000000
00000001
00000001
d5724334
00000000
00000001
00000001
5749f0e5
00000000
00000001
00000001
7054118f
00000000
00000001
00000001
6eff1d41
00000000
00000001
00000001
40b7eb5e
00000000
00000001
00000001
35bd16e8
00000000
00000001
00000001
7778f41c
00000000
00000001
00000001
da60eeb1
00000000
00000001
00000001
f27ed101
00000000
00000001
00000001
30d3d4d8
00000000
00000001
00000001
2dd3f695
00000000
00000001
00000001
eb0a6a1e
00000000
00000001
00000001
19f48f9f
00000000
00000001
00000001
ebfb7ac0
00000000
00000001
00000001
e7656878
00000000
00000001
00000001
5e3c38fa
00000000
00000001
00000001
4c253560
00000000
00000001
00000001
1b455893
00000000
00000001
00000001
0257b9eb
00000000
00000001
00000001
e38bcb5b
00000000
00000001
00000001
07b8064f
00000000
00000001
00000001
ff65179e
00000000
00000001
00000001
850c33b0
00000000
00000001
00000001
17b4c062
00000000
00000001
00000001
3ec7da5a
00000000
00000001
00000001
2a054d52
00000000
00000001
00000001
4a519daa
00000000
00000001
00000001
d351a15f
00000000
00000001
00000001
66f411f8
00000000
00000001
00000001
a64b7fc3
00000000
00000001
00000001
72269607
00000000
00000001
00000001
a05ccf84
00000000
00000001
00000001
492d3a85
00000000
00000001
00000001
471a1e08
00000000
00000001
00000001
f5fa9aa7
00000000
00000001
00000001
b855b470
00000000
00000001
00000001
0f82faf9
00000000
00000001
00000001
79a6b9b3
00000000
00000001
00000001
0fb8a926
00000000
00000001
00000001
9442a0a4
00000000
00000001
00000001
0e9f1443
00000000
00000001
00000001
e24bbb15
00000000
00000001
00000001
35f2d4fc
00000000
00000001
00000001
db123b3b
00000000
00000001
00000001
427888d4
00000000
00000001
00000001
cf77dd50
00000000
00000001
00000001
0a13acea
00000000
00000001
00000001
3152c6e6
00000000
00000001
00000001
034a3746
00000000
00000001
00000001
f6b04287
00000000
00000001
00000001
be5aa24a
00000000
00000001
00000001
28e2656a
00000000
00000001
00000001
7517519d
00000000
00000001
00000001
cd6fe976
00000000
00000001
00000001
8901ce14
00000000
00000001
00000001
d52100dd
00000000
00000001
00000001
5a3293ef
00000000
00000001
00000001
08e81ff0
00000000
00000001
00000001
65488043
00000000
00000001
00000001
63f3cce3
00000000
00000001
00000001
2e88abc5
00000000
00000001
00000001
552c4efc
00000000
00000001
00000001
3ee4843a
00000000
00000001
00000001
6de3a519
00000000
00000001
00000001
a7dc34ed
00000000
00000001
00000001
52d58af6
00000000
00000001
00000001
f2c91fbe
00000000
00000001
00000001
b4c8c9a2
00000000
00000001
00000001
ef241242
00000000
00000001
00000001
5ff7930b
00000000
00000001
00000001
7c26b151
00000000
00000001
00000001
ffead78e
00000000
00000001
00000001
ed10b606
00000000
00000001
00000001
627cd1ff
00000000
00000001
00000001
fded3c44
00000000
00000001
00000001
661f50dc
00000000
00000001
00000001
d0d596c7
00000000
00000001
00000001
7b5d6ecb
00000000
00000001
00000001
c41dd154
00000000
00000001
00000001
abc5a420
00000000
00000001
00000001
8c147980
00000000
00000001
00000001
1a647d38
00000000
00000001
00000001
609f714e
00000000
00000001
00000001
e89afda2
00000000
00000001
00000001
c8efec50
00000000
00000001
00000001
f0607dbf
00000000
00000001
00000001
5f1825bf
00000000
00000001
00000001
f9fad1e5
00000000
00000001
00000001
48f6591a
00000000
00000001
00000001
cb87d74c
00000000
00000001
00000001
238cb2b9
00000000
00000001
00000001
2f2ff286
00000000
00000001
00000001
3a20278a
00000000
00000001
00000001
3f5f6662
00000000
00000001
00000001
79ec6b98
00000000
00000001
00000001
d3c7a13d
00000000
00000001
00000001
fcd42256
00000000
00000001
00000001
9372b566
00000000
00000001
00000001
fe413b69
00000000
00000001
00000001
29aef436
00000000
00000001
00000001
f4faddad
00000000
00000001
00000001
30f93242
00000000
00000001
00000001
9f230634
00000000
00000001
00000001
c8d17ce1
00000000
00000001
00000001
09b454cb
00000000
00000001
00000001
a6c1c84d
00000000
00000001
00000001
79942d90
00000000
00000001
00000001
1402f12b
00000000
00000001
00000001
c4c53afb
00000000
00000001
00000001
d85cbbca
00000000
00000001
00000001
f61bd9e9
00000000
00000001
00000001
69aca487
00000000
00000001
00000001
03291963
00000000
00000001
00000001
b4cbf9d9
00000000
00000001
00000001
8efb8d6d
00000000
00000001
00000001
318fa85a
00000000
00000001
00000001
a6bfa015
00000000
00000001
00000001
910275a7
00000000
00000001
00000001
32e35cb5
00000000
00000001
00000001
251183ce
00000000
00000001
00000001
f7d2dc93
00000000
00000001
00000001
1bcdc7de
00000000
00000001
00000001
a847d29b
00000000
00000001
00000001
474db23c
00000000
00000001
00000001
fe0daafc
00000000
00000001
00000001
2f811678
00000000
00000001
00000001
35fc5ff8
00000000
00000001
00000001
60e32e9f
00000000
00000001
00000001
716be12b
00000000
00000001
00000001
829b5a47
00000000
00000001
00000001
e4d6651c
00000000
00000001
00000001
325c2a14
00000000
00000001
00000001
94b50950
00000000
00000001
00000001
fb35fbbd
00000000
00000001
00000001
c9737575
00000000
00000001
00000001
e301d526
00000000
00000001
00000001
86d149ef
00000000
00000001
00000001
c6113494
00000000
00000001
00000001
43bbb310
00000000
00000001
00000001
7ec019fb
00000000
00000001
00000001
cd2f4951
00000000
00000001
00000001
e17358e8
00000000
00000001
00000001
c28e27dc
00000000
00000001
00000001
36e147b6
00000000
00000001
00000001
3d1c743b
00000000
00000001
00000001
f601539c
00000000
00000001
00000001
e9df6a80
00000000
00000001
00000001
959d585b
00000000
00000001
00000001
bef7b898
00000000
00000001
00000001
574f71ae
00000000
00000001
00000001
96e65ac3
00000000
00000001
00000001
e1e9fe32
00000000
00000001
00000001
c1530fad
00000000
00000001
00000001
1f8c246e
00000000
00000001
00000001
4caf4e6b
00000000
00000001
00000001
02877b19
00000000
00000001
00000001
bca3ce22
00000000
00000001
00000001
68a46466
00000000
00000001
00000001
994af3d8
00000000
00000001
00000001
b50b0afd
00000000
00000001
00000001
4b6efcd1
00000000
00000001
00000001
beaa0ecb
00000000
00000001
00000001
2fe62154
00000000
00000001
00000001
c339a8b9
00000000
00000001
00000001
67e7afac
00000000
00000001
00000001
a6f61df8
00000000
00000001
00000001
97508ba3
00000000
00000001
00000001
05159479
00000000
00000001
00000001
41dd35c7
00000000
00000001
00000001
c04a83d0
00000000
00000001
00000001
c7ed9187
00000000
00000001
00000001
c10c7bf9
00000000
00000001
00000001
fa220a32
00000000
00000001
00000001
e83de4a6
00000000
00000001
00000001
6d2cc187
00000000
00000001
00000001
3c1f09d9
00000000
00000001
00000001
32dae7e5
00000000
00000001
00000001
04ba0b2a
00000000
00000001
00000001
c9a3192a
00000000
00000001
00000001
ede116d5
00000000
00000001
00000001
c3406de3
00000000
00000001
00000001
86cb0688
00000000
00000001
00000001
1eecdd0e
00000000
00000001
00000001
ddf1d3aa
00000000
00000001
00000001
b1c90b7a
00000000
00000001
00000001
094fefc3
00000000
00000001
00000001
ea286126
00000000
00000001
00000001
86f7e803
00000000
00000001
00000001
c7424c54
00000000
00000001
00000001
c7ab155e
00000000
00000001
00000001
c941a234
00000000
00000001
00000001
8638b340
00000000
00000001
00000001
65e55895
00000000
00000001
00000001
3dfef5b3
00000000
00000001
00000001
5a3344f2
00000000
00000001
00000001
cd55af66
00000000
00000001
00000001
9de1ca53
00000000
00000001
00000001
09115155
00000000
00000001
00000001
58b9656d
00000000
00000001
00000001
a60e67a5
00000000
00000001
00000001
c25fab50
00000000
00000001
00000001
f9de421f
00000000
00000001
00000001
cdb362db
00000000
00000001
00000001
c68179f4
00000000
00000001
00000001
3979e668
00000000
00000001
00000001
a054d804
00000000
00000001
00000001
a8ac8dd4
00000000
00000001
00000001
bc82cea7
00000000
00000001
00000001
b4f65bdc
00000000
00000001
00000001
837a49c4
00000000
00000001
00000001
83a53149
00000000
00000001
00000001
92903aab
00000000
00000001
00000001
776448af
00000000
00000001
00000001
4e385d48
00000000
00000001
00000001
49082e07
00000000
00000001
00000001
9cf5ba7f
00000000
00000001
00000001
109aeeae
00000000
00000001
00000001
503f6be7
00000000
00000001
00000001
45ac4194
00000000
00000001
00000001
e7c68aa4
00000000
00000001
00000001
3ce6bb60
00000000
00000001
00000001
bee4c764
00000000
00000001
00000001
ad7028ff
00000000
00000001
00000001
735df7dd
00000000
00000001
00000001
e7916dc4
00000000
00000001
00000001
81fbdab6
00000000
00000001
00000001
d7b679d1
00000000
00000001
00000001
14d7987c
00000000
00000001
00000001
8d3d7e74
00000000
00000001
00000001
a4b5a279
00000000
00000001
00000001
da2bc117
00000000
00000001
00000001
17910733
00000000
00000001
00000001
324ababe
00000000
00000001
00000001
37ffc996
00000000
00000001
00000001
ffcfa65a
00000000
00000001
00000001
81643565
00000000
00000001
00000001
ac7c4e96
00000000
00000001
00000001
67ff23e5
00000000
00000001
00000001
de1f47e9
00000000
00000001
00000001
4628ce4b
00000000
00000001
00000001
0c9cda62
00000000
00000001
00000001
ffa7ddbb
00000000
00000001
00000001
ef666adf
00000000
00000001
00000001
99211604
00000000
00000001
00000001
41b1146c
00000000
00000001
00000001
3eba88b7
00000000
00000001
00000001
31629807
00000000
00000001
00000001
9e0227c6
00000000
00000001
00000001
bbc791ef
00000000
00000001
00000001
dd0b7700
00000000
00000001
00000001
cab2b022
00000000
00000001
00000001
d174c852
00000000
00000001
00000001
d32bf33c
00000000
00000001
00000001
2217ba77
00000000
00000001
00000001
07ea2cb1
00000000
00000001
00000001
018c51fd
00000000
00000001
00000001
bfb7b8d3
00000000
00000001
00000001
22e8b4fd
00000000
00000001
00000001
d7174738
00000000
00000001
00000001
24d55e4e
00000000
00000001
00000001
1f2ed221
00000000
00000001
00000001
a74f3eff
00000000
00000001
00000001
70bbe4a8
00000000
00000001
00000001
7d606e78
00000000
00000001
00000001
d65cc590
00000000
00000001
00000001
c272ed42
00000000
00000001
00000001
da30fc08
00000000
00000001
00000001
8e6cd37a
00000000
00000001
00000001
56c60f1a
00000000
00000001
00000001
bc91bc9b
00000000
00000001
00000001
c06bcfa9
00000000
00000001
00000001
aa299bbe
00000000
00000001
00000001
b415c5d7
00000000
00000001
00000001
d871f5cb
00000000
00000001
00000001
da99c881
00000000
00000001
00000001
25565270
00000000
00000001
00000001
d1fe05c4
00000000
00000001
00000001
9e600fd2
00000000
00000001
00000001
f8992161
00000000
00000001
00000001
abe6f4e3
00000000
00000001
00000001
fd18fb28
00000000
00000001
00000001
c8022b69
00000000
00000001
00000001
f0b494ce
00000000
00000001
00000001
5f938a3d
00000000
00000001
00000001
0f31124c
00000000
00000001
00000001
452c522f
00000000
00000001
00000001
2e7bcabb
00000000
00000001
00000001
7dd33496
00000000
00000001
00000001
f2712c88
00000000
00000001
00000001
deb290d3
00000000
00000001
00000001
8ff1cbbb
00000000
00000001
00000001
57b8e527
00000000
00000001
00000001
27e4d4c7
00000000
00000001
00000001
a7c3f75c
00000000
00000001
00000001
d1fc0b6c
00000000
00000001
00000001
090f7cf7
00000000
00000001
00000001
6913547b
00000000
00000001
00000001
a7bd0c63
00000000
00000001
00000001
99666cb0
00000000
00000001
00000001
d2d097c7
00000000
00000001
00000001
e82527aa
00000000
00000001
00000001
2168a28b
00000000
00000001
00000001
216c0938
00000000
00000001
00000001
0852f480
00000000
00000001
00000001
059d922c
00000000
00000001
00000001
a03864a2
00000000
00000001
00000001
6c6cc5ef
00000000
00000001
00000001
868bbb5c
00000000
00000001
00000001
40a17150
00000000
00000001
00000001
91eadfef
00000000
00000001
00000001
feee5082
00000000
00000001
00000001
728ba071
00000000
00000001
00000001
772e895f
00000000
00000001
00000001
e6e3968a
00000000
00000001
00000001
7dc45851
00000000
00000001
00000001
a93ae33e
00000000
00000001
00000001
a0ef22bf
00000000
00000001
00000001
942eaa95
00000000
00000001
00000001
f6c5e9b2
00000000
00000001
00000001
678e0e55
00000000
00000001
00000001
1dbc72d8
00000000
00000001
00000001
b99e36b8
00000000
00000001
00000001
44cc177c
00000000
00000001
00000001
19a3905e
00000000
00000001
00000001
573b704b
00000000
00000001
00000001
796e5544
00000000
00000001
00000001
6045822f
00000000
00000001
00000001
5bfc3430
00000000
00000001
00000001
bcd530f5
00000000
00000001
00000001
9f001c2a
00000000
00000001
00000001
32151c5c
00000000
00000001
00000001
2325bc3b
00000000
00000001
00000001
816ae6be
00000000
00000001
00000001
c85fde6f
00000000
00000001
00000001
1fa08cb9
00000000
00000001
00000001
47fa0fd2
00000000
00000001
00000001
8a735f92
00000000
00000001
00000001
66fc2def
00000000
00000001
00000001
f8b34f32
00000000
00000001
00000001
ec30c104
00000000
00000001
00000001
da7a9915
00000000
00000001
00000001
f88ec43a
00000000
00000001
00000001
50564b2e
00000000
00000001
00000001
fae71eca
00000000
00000001
00000001
a68cdf5d
00000000
00000001
00000001
6dc7d02f
00000000
00000001
00000001
e607c32d
00000000
00000001
00000001
89eee007
00000000
00000001
00000001
033bed33
00000000
00000001
00000001
2a9c384a
00000000
00000001
00000001
078fd325
00000000
00000001
00000001
9053fffd
00000000
00000001
00000001
d111d90e
00000000
00000001
00000001
7807781b
00000000
00000001
00000001
6940fbee
00000000
00000001
00000001
37badeb0
00000000
00000001
00000001
94cee459
00000000
00000001
00000001
78666904
00000000
00000001
00000001
a3c6c09d
00000000
00000001
00000001
21a1e8a5
00000000
00000001
00000001
ca9cb391
00000000
00000001
00000001
43ce73f5
00000000
00000001
00000001
df99b0de
00000000
00000001
00000001
0004405d
00000000
00000001
00000001
78f00e9e
00000000
00000001
00000001
5cf0ae47
00000000
00000001
00000001
785548fd
00000000
00000001
00000001
2813a1b0
00000000
00000001
00000001
4299afd3
00000000
00000001
00000001
1ea77e72
00000000
00000001
00000001
b51752a3
00000000
00000001
00000001
cc1cb0ce
00000000
00000001
00000001
140417b2
00000000
00000001
00000001
24f4a1cf
00000000
00000001
00000001
8029e0a6
00000000
00000001
00000001
572a608c
00000000
00000001
00000001
6979d32b
00000000
00000001
00000001
5e2906bd
00000000
00000001
00000001
5c719bb8
00000000
00000001
00000001
f7146ca4
00000000
00000001
00000001
09f22594
00000000
00000001
00000001
0fe63fc7
00000000
00000001
00000001
8c460096
00000000
00000001
00000001
f7f2ea93
00000000
00000001
00000001
71811872
00000000
00000001
00000001
1c2c5b7e
00000000
00000001
00000001
f4e0fd0e
00000000
00000001
00000001
71019352
00000000
00000001
00000001
1f6dd758
00000000
00000001
00000001
3a3e3d53
00000000
00000001
00000001
de4c5d34
00000000
00000001
00000001
d60418fd
00000000
00000001
00000001
f518236a
00000000
00000001
00000001
6d88104e
00000000
00000001
00000001
234bb1b0
00000000
00000001
00000001
6d6e2c76
00000000
00000001
00000001
b4e972c9
00000000
00000001
00000001
30369f7c
00000000
00000001
00000001
294fdd72
00000000
00000001
00000001
6982ae2e
00000000
00000001
00000001
4803036a
00000000
00000001
00000001
7971a9c4
00000000
00000001
00000001
abd91519
00000000
00000001
00000001
eebcf5ec
00000000
00000001
00000001
7048edba
00000000
00000001
00000001
fbbd462b
00000000
00000001
00000001
c4906515
00000000
00000001
00000001
c01b061a
00000000
00000001
00000001
4a42e611
00000000
00000001
00000001
a9e2b769
00000000
00000001
00000001
f74bdc63
00000000
00000001
00000001
82afa9d0
00000000
00000001
00000001
b3129ad6
00000000
00000001
00000001
9a08f0a0
00000000
00000001
00000001
8f46e133
00000000
00000001
00000001
c8d08e9f
00000000
00000001
00000001
8bda1dbb
00000000
00000001
00000001
308860c7
00000000
00000001
00000001
7005d01b
00000000
00000001
00000001
8a2a415d
00000000
00000001
00000001
b2ee53fd
00000000
00000001
00000001
8fd78edc
00000000
00000001
00000001
1ec5b8e3
00000000
00000001
00000001
0422b764
00000000
00000001
00000001
b516f680
00000000
00000001
00000001
60f36996
00000000
00000001
00000001
4149593c
00000000
00000001
00000001
8b3349bd
00000000
00000001
00000001
aac27e71
00000000
00000001
00000001
2477dc17
00000000
00000001
00000001
b8cd0e9d
00000000
00000001
00000001
7975ec8c
00000000
00000001
00000001
9bec969f
00000000
00000001
00000001
82344085
00000000
00000001
00000001
281d9e4c
00000000
00000001
00000001
65c6df07
00000000
00000001
00000001
96db01c8
00000000
00000001
00000001
30b5d3d8
00000000
00000001
00000001
ae926be3
00000000
00000001
00000001
8a648d6d
00000000
00000001
00000001
8b93859c
00000000
00000001
00000001
5aed895b
00000000
00000001
00000001
d68010fa
00000000
00000001
00000001
7694fba6
00000000
00000001
00000001
f7a620f2
00000000
00000001
00000001
99e222f4
00000000
00000001
00000001
817f8d4c
00000000
00000001
00000001
e530d4d4
00000000
00000001
00000001
bb52e23f
00000000
00000001
00000001
16de3cae
00000000
00000001
00000001
8d9c9b4a
00000000
00000001
00000001
d8c01140
00000000
00000001
00000001
58e3af9a
00000000
00000001
00000001
4eafd759
00000000
00000001
00000001
bcf8f558
00000000
00000001
00000001
b19bd274
00000000
00000001
00000001
80108016
00000000
00000001
00000001
fde33512
00000000
00000001
00000001
1980a9aa
00000000
00000001
00000001
18fb8eab
00000000
00000001
00000001
b930deec
00000000
00000001
00000001
801cf37b
00000000
00000001
00000001
d4ef1e4e
00000000
00000001
00000001
9bc7cda7
00000000
00000001
00000001
27f655f3
00000000
00000001
00000001
ba59ae81
00000000
00000001
00000001
cd154de8
00000000
00000001
00000001
e77cd31f
00000000
00000001
00000001
3be478e6
00000000
00000001
00000001
3358e491
00000000
00000001
00000001
73bdd5b4
00000000
00000001
00000001
2f813a83
00000000
00000001
00000001
b3a6f471
00000000
00000001
00000001
0812842c
00000000
00000001
00000001
e51213bd
00000000
00000001
00000001
20aeb6b8
00000000
00000001
00000001
3297d191
00000000
00000001
00000001
ee907c77
00000000
00000001
00000001
83b9761e
00000000
00000001
00000001
7399c9b4
00000000
00000001
00000001
ce156432
00000000
00000001
00000001
76bfcc7e
00000000
00000001
00000001
f72d45dc
00000000
00000001
00000001
ecc20436
00000000
00000001
00000001
5ee583bd
00000000
00000001
00000001
18a70400
00000000
00000001
00000001
7859fb43
00000000
00000001
00000001
fee1b5cf
00000000
00000001
00000001
d31d7248
00000000
00000001
00000001
ec10fcb8
00000000
00000001
00000001
e0d2eb2f
00000000
00000001
00000001
145fbe3c
00000000
00000001
00000001
4f13daa5
00000000
00000001
00000001
a62269ea
00000000
00000001
00000001
efa7e6e7
00000000
00000001
00000001
4195ec12
00000000
00000001
00000001
047c88d4
00000000
00000001
00000001
62682912
00000000
00000001
00000001
0d74546b
00000000
00000001
00000001
09171807
00000000
00000001
00000001
b30c63fd
00000000
00000001
00000001
58538be1
00000000
00000001
00000001
53dde3fd
00000000
00000001
00000001
9fd5b1fc
00000000
00000001
00000001
6d72adb2
00000000
00000001
00000001
a8ec1ede
00000000
00000001
00000001
4d9574a1
00000000
00000001
00000001
efee1524
00000000
00000001
00000001
814ba93a
00000000
00000001
00000001
1a9c903d
00000000
00000001
00000001
d64470fe
00000000
00000001
00000001
873a7ec9
00000000
00000001
00000001
6353d1c8
00000000
00000001
00000001
b8002bd6
00000000
00000001
00000001
20418a51
00000000
00000001
00000001
6f3b67f8
00000000
00000001
00000001
79d06573
00000000
00000001
00000001
d98c3a54
00000000
00000001
00000001
24989611
00000000
00000001
00000001
3c9f80b9
00000000
00000001
00000001
09644870
00000000
00000001
00000001
4c78d131
00000000
00000001
00000001
0f0742fb
00000000
00000001
00000001
cbc9fb2b
00000000
00000001
00000001
af8cb4ff
00000000
00000001
00000001
9c1bf02c
00000000
00000001
00000001
ab5b58c0
00000000
00000001
00000001
47faace5
00000000
00000001
00000001
1440a631
00000000
00000001
00000001
70fd8f14
00000000
00000001
00000001
86352828
00000000
00000001
00000001
9dc27fbc
00000000
00000001
00000001
a2643b78
00000000
00000001
00000001
2207d13a
00000000
00000001
00000001
d198caba
00000000
00000001
00000001
959496e7
00000000
00000001
00000001
c3a6f057
00000000
00000001
00000001
5c58aebf
00000000
00000001
00000001
e150295b
00000000
00000001
00000001
f1c83b08
00000000
00000001
00000001
16e9a683
00000000
00000001
00000001
92dbaa12
00000000
00000001
00000001
2e1100a8
00000000
00000001
00000001
2cc123b1
00000000
00000001
00000001
ce317132
00000000
00000001
00000001
4aec2116
00000000
00000001
00000001
17d45e44
00000000
00000001
00000001
2989d1ff
00000000
00000001
00000001
015eadb9
00000000
00000001
00000001
1c29e489
00000000
00000001
00000001
db9ff698
00000000
00000001
00000001
683bc339
00000000
00000001
00000001
692fdb27
00000000
00000001
00000001
d62d59e1
00000000
00000001
00000001
5633ccfe
00000000
00000001
00000001
9366ca47
00000000
00000001
00000001
6ace7aa2
00000000
00000001
00000001
af1d0f88
00000000
00000001
00000001
ff5eae20
00000000
00000001
00000001
089a47b1
00000000
00000001
00000001
08b57c45
00000000
00000001
00000001
e33d8620
00000000
00000001
00000001
4625dd94
00000000
00000001
00000001
3671ab2e
00000000
00000001
00000001
46fd7479
00000000
00000001
00000001
8b75d401
00000000
00000001
00000001
8206fff5
00000000
00000001
00000001
40dd7467
00000000
00000001
00000001
72223695
00000000
00000001
00000001
268718fc
00000000
00000001
00000001
314bf0ca
00000000
00000001
00000001
897d1958
00000000
00000001
00000001
fa22ceb4
00000000
00000001
00000001
9f64740a
00000000
00000001
00000001
7069de06
00000000
00000001
00000001
aaef77bf
00000000
00000001
00000001
5021617b
00000000
00000001
00000001
85e9cd76
00000000
00000001
00000001
7a8a80df
00000000
00000001
00000001
83b72d65
00000000
00000001
00000001
2bce7bb2
00000000
00000001
00000001
9d538139
00000000
00000001
00000001
f129a135
00000000
00000001
00000001
a03ed46c
00000000
00000001
00000001
2d667e4a
00000000
00000001
00000001
50559404
00000000
00000001
00000001
3addd2f9
00000000
00000001
00000001
f2d53f20
00000000
00000001
00000001
03bd7841
00000000
00000001
00000001
9a4adbe7
00000000
00000001
00000001
2398a3df
00000000
00000001
00000001
16eafdf2
00000000
00000001
00000001
8fb2c8cf
00000000
00000001
00000001
f2b1dde3
00000000
00000001
00000001
f0daf188
00000000
00000001
00000001
f5fc29e0
00000000
00000001
00000001
3098e0c2
00000000
00000001
00000001
7bee8376
00000000
00000001
00000001
6288c942
00000000
00000001
00000001
dc30fce4
00000000
00000001
00000001
806d6fa4
00000000
00000001
00000001
4437702c
00000000
00000001
00000001
05290dd7
00000000
00000001
00000001
d46fc73c
00000000
00000001
00000001
9725a804
00000000
00000001
00000001
8f15de63
00000000
00000001
00000001
51f8dab3
00000000
00000001
00000001
b771228f
00000000
00000001
00000001
58a0b4b9
00000000
00000001
00000001
53be1b00
00000000
00000001
00000001
2ed9ea99
00000000
00000001
00000001
fadaee50
00000000
00000001
00000001
e0d221aa
00000000
00000001
00000001
7b9395ce
00000000
00000001
00000001
3975d5b6
00000000
00000001
00000001
e9293825
00000000
00000001
00000001
64b7890a
00000000
00000001
00000001
e3ea3592
00000000
00000001
00000001
57670f4d
00000000
00000001
00000001
9b174a8e
00000000
00000001
00000001
faa996c7
00000000
00000001
00000001
03340d31
00000000
00000001
00000001
330283a8
00000000
00000001
00000001
2157a1db
00000000
00000001
00000001
f1f73057
00000000
00000001
00000001
088c6206
00000000
00000001
00000001
10080eb3
00000000
00000001
00000001
9abeb6bc
00000000
00000001
00000001
2953a486
00000000
00000001
00000001
d9b0d8ab
00000000
00000001
00000001
f9396110
00000000
00000001
00000001
ce2f0425
00000000
00000001
00000001
01c0788b
00000000
00000001
00000001
e7e3cb79
00000000
00000001
00000001
c4a4cf12
00000000
00000001
00000001
92753924
00000000
00000001
00000001
e55ddc90
00000000
00000001
00000001
8f5ef7bf
00000000
00000001
00000001
4fa6f068
00000000
00000001
00000001
ad8fe34c
00000000
00000001
00000001
d9f05fff
00000000
00000001
00000001
39824dbd
00000000
00000001
00000001
d4893c15
00000000
00000001
00000001
f82e4ad6
00000000
00000001
00000001
a1f63432
00000000
00000001
00000001
6befc358
00000000
00000001
00000001
65a959ba
00000000
00000001
00000001
afca33c8
00000000
00000001
00000001
f1a16668
00000000
00000001
00000001
cb8207ad
00000000
00000001
00000001
f05dd537
00000000
00000001
00000001
20e833d4
00000000
00000001
00000001
fd5ad194
00000000
00000001
00000001
ed8116c9
00000000
00000001
00000001
98deaf06
00000000
00000001
00000001
5927e76f
00000000
00000001
00000001
7901bd2d
00000000
00000001
00000001
5d2be501
00000000
00000001
00000001
47fbc214
00000000
00000001
00000001
a4838188
00000000
00000001
00000001
76a48f85
00000000
00000001
00000001
f9d3cf5b
00000000
00000001
00000001
cf7ada72
00000000
00000001
00000001
54ba16eb
00000000
00000001
00000001
19ce8ccc
00000000
00000001
00000001
bd76b693
00000000
00000001
00000001
659d38e5
00000000
00000001
00000001
32cdf76e
00000000
00000001
00000001
24cd60d5
00000000
00000001
00000001
6bf52459
00000000
00000001
00000001
01647aca
00000000
00000001
00000001
98b645fc
00000000
00000001
00000001
9ef07465
00000000
00000001
00000001
4c5a58a2
00000000
00000001
00000001
9697ab14
00000000
00000001
00000001
ce776d1a
00000000
00000001
00000001
cd551b53
00000000
00000001
00000001
24b48763
00000000
00000001
00000001
8a7dda65
00000000
00000001
00000001
21955eff
00000000
00000001
00000001
583679d3
00000000
00000001
00000001
47f5361a
00000000
00000001
00000001
858f10be
00000000
00000001
00000001
69b206c4
00000000
00000001
00000001
cd958c5d
00000000
00000001
00000001
e6b09367
00000000
00000001
00000001
c12f8ae7
00000000
00000001
00000001
99989ccb
00000000
00000001
00000001
0d93fab0
00000000
00000001
00000001
681534bf
00000000
00000001
00000001
1da7ba77
00000000
00000001
00000001
1391d9a6
00000000
00000001
00000001
d87749f1
00000000
00000001
00000001
0e3feb47
00000000
00000001
00000001
5f369437
00000000
00000001
00000001
5a99a3d1
00000000
00000001
00000001
ae54ff62
00000000
00000001
00000001
bf160ac1
00000000
00000001
00000001
2140e95e
00000000
00000001
00000001
da9803c7
00000000
00000001
00000001
c136de22
00000000
00000001
00000001
2cef3062
00000000
00000001
00000001
7f4a7269
00000000
00000001
00000001
4c313773
00000000
00000001
00000001
1f9835a5
00000000
00000001
00000001
02749a99
00000000
00000001
00000001
1bc20429
00000000
00000001
00000001
5b1743ce
00000000
00000001
00000001
06696c11
00000000
00000001
00000001
a32aa0e8
00000000
00000001
00000001
e8e13633
00000000
00000001
00000001
a6c224ae
00000000
00000001
00000001
13fdbd40
00000000
00000001
00000001
506e6daa
00000000
00000001
00000001
18dd01a6
00000000
00000001
00000001
99d0e1b3
00000000
00000001
00000001
0d003d66
00000000
00000001
00000001
91c34013
00000000
00000001
00000001
172d0506
00000000
00000001
00000001
73bc76b6
00000000
00000001
00000001
c84f562c
00000000
00000001
00000001
273c9fb4
00000000
00000001
00000001
c6ed87a2
00000000
00000001
00000001
584a3e19
00000000
00000001
00000001
2a13b932
00000000
00000001
00000001
49cf7df2
00000000
00000001
00000001
3240a4f8
00000000
00000001
00000001
48288aae
00000000
00000001
00000001
80b9c52c
00000000
00000001
00000001
983a95be
00000000
00000001
00000001
36ab1c3f
00000000
00000001
00000001
98f5b0ff
00000000
00000001
00000001
e9cd1d38
00000000
00000001
00000001
dde64e03
00000000
00000001
00000001
c82b7aa3
00000000
00000001
00000001
cc62abad
00000000
00000001
00000001
a5b6980b
00000000
00000001
00000001
54ff93f9
00000000
00000001
00000001
2bde7ee5
00000000
00000001
00000001
47da70b7
00000000
00000001
00000001
d87842fb
00000000
00000001
00000001
feb934a9
00000000
00000001
00000001
6de1828b
00000000
00000001
00000001
a0d85a42
00000000
00000001
00000001
b443a8f1
00000000
00000001
00000001
55e683c2
00000000
00000001
00000001
c1efe29b
00000000
00000001
00000001
2088203d
00000000
00000001
00000001
6f863302
00000000
00000001
00000001
7e17a375
00000000
00000001
00000001
8dcead70
00000000
00000001
00000001
0808caaf
00000000
00000001
00000001
6073bf4f
00000000
00000001
00000001
6225b982
00000000
00000001
00000001
af23501b
00000000
00000001
00000001
1b050e9e
00000000
00000001
00000001
70533187
00000000
00000001
00000001
850ce332
00000000
00000001
00000001
0f01d47f
00000000
00000001
00000001
9dd56130
00000000
00000001
00000001
630b07f1
00000000
00000001
00000001
fd07b8ab
00000000
00000001
00000001
f3a4bc8e
00000000
00000001
00000001
80788c64
00000000
00000001
00000001
704c38e0
00000000
00000001
00000001
565da7ae
00000000
00000001
00000001
aee38845
00000000
00000001
00000001
03ef1635
00000000
00000001
00000001
c95bdbb5
00000000
00000001
00000001
bd9444bb
00000000
00000001
00000001
e18f3635
00000000
00000001
00000001
a0f3c850
00000000
00000001
00000001
63cea420
00000000
00000001
00000001
bf711750
00000000
00000001
00000001
68d2e7c4
00000000
00000001
00000001
43517e86
00000000
00000001
00000001
69c6a974
00000000
00000001
00000001
3fc5e467
00000000
00000001
00000001
02de085c
00000000
00000001
00000001
ce8642c8
00000000
00000001
00000001
b53c4fc2
00000000
00000001
00000001
6f5ec8e0
00000000
00000001
00000001
32063c00
00000000
00000001
00000001
c08b27b6
00000000
00000001
00000001
2e4f9265
00000000
00000001
00000001
67069420
00000000
00000001
00000001
6471ad70
00000000
00000001
00000001
6ef38bbe
00000000
00000001
00000001
a3dfbd7a
00000000
00000001
00000001
626d6b34
00000000
00000001
00000001
56d63499
00000000
00000001
00000001
cd27a857
00000000
00000001
00000001
0f80dc5d
00000000
00000001
00000001
4d42d453
00000000
00000001
00000001
43353dc0
00000000
00000001
00000001
6a50d31d
00000000
00000001
00000001
2f1428c5
00000000
00000001
00000001
cede9349
00000000
00000001
00000001
f51865e7
00000000
00000001
00000001
3c362b11
00000000
00000001
00000001
64259b91
00000000
00000001
00000001
0be5d08d
00000000
00000001
00000001
b63caf1d
00000000
00000001
00000001
a850c877
00000000
00000001
00000001
87d7c7ad
00000000
00000001
00000001
61ebe61d
00000000
00000001
00000001
ff02f5a3
00000000
00000001
00000001
36b57a21
00000000
00000001
00000001
1be5e715
00000000
00000001
00000001
a21ef12e
00000000
00000001
00000001
ec1d9b72
00000000
00000001
00000001
cbfbcd66
00000000
00000001
00000001
d7a2dfea
00000000
00000001
00000001
78c3c605
00000000
00000001
00000001
1207aaba
00000000
00000001
00000001
8f6e8283
00000000
00000001
00000001
2fa16fb2
00000000
00000001
00000001
d1542bd3
00000000
00000001
00000001
1ca9c8f2
00000000
00000001
00000001
d1bf9450
00000000
00000001
00000001
38aaf7e4
00000000
00000001
00000001
1651d402
00000000
00000001
00000001
0cbfec6a
00000000
00000001
00000001
fd7c4f98
00000000
00000001
00000001
009bbb9f
00000000
00000001
00000001
62a42c52
00000000
00000001
00000001
1af0a937
00000000
00000001
00000001
13aeb2cf
00000000
00000001
00000001
1d313a25
00000000
00000001
00000001
67321b6e
00000000
00000001
00000001
a2f7eb99
00000000
00000001
00000001
26717228
00000000
00000001
00000001
e676b436
00000000
00000001
00000001
1b8dfdb7
00000000
00000001
00000001
7c6a3e8e
00000000
00000001
00000001
76d81d55
00000000
00000001
00000001
ffc126fc
00000000
00000001
00000001
0b46cc9c
00000000
00000001
00000001
0ec24d77
00000000
00000001
00000001
6215545f
00000000
00000001
00000001
302e40d5
00000000
00000001
00000001
d3dedaa3
00000000
00000001
00000001
6f7f355a
00000000
00000001
00000001
2a78f4d5
00000000
00000001
00000001
ab8f46a5
00000000
00000001
00000001
9d20a184
00000000
00000001
00000001
09c3db3e
00000000
00000001
00000001
dd713d21
00000000
00000001
00000001
6dd40ea4
00000000
00000001
00000001
b7d15ccb
00000000
00000001
00000001
ae19e9a5
00000000
00000001
00000001
0627cffe
00000000
00000001
00000001
4a6e375d
00000000
00000001
00000001
5288a09d
00000000
00000001
00000001
8f1b277e
00000000
00000001
00000001
d5401cdd
00000000
00000001
00000001
4eef2708
00000000
00000001
00000001
e554e29f
00000000
00000001
00000001
0207a5f8
00000000
00000001
00000001
1351dbe2
00000000
00000001
00000001
cbda59fa
00000000
00000001
00000001
3d7250d0
00000000
00000001
00000001
62ecefeb
00000000
00000001
00000001
1b30fee9
00000000
00000001
00000001
a371191d
00000000
00000001
00000001
615b479d
00000000
00000001
00000001
6216598c
00000000
00000001
00000001
3928e5c9
00000000
00000001
00000001
79fcaf27
00000000
00000001
00000001
51c562a9
00000000
00000001
00000001
3fee6a85
00000000
00000001
00000001
81f2a63c
00000000
00000001
00000001
9fba4eec
00000000
00000001
00000001
2fb6feb3
00000000
00000001
00000001
76848f15
00000000
00000001
00000001
0c6e1229
00000000
00000001
00000001
77ca180f
00000000
00000001
00000001
fbed64f7
00000000
00000001
00000001
7cdcbcdf
00000000
00000001
00000001
846449c4
00000000
00000001
00000001
9711b2c7
00000000
00000001
00000001
31e02177
00000000
00000001
00000001
a5090f19
00000000
00000001
00000001
26c16de1
00000000
00000001
00000001
c69ad432
00000000
00000001
00000001
326502b0
00000000
00000001
00000001
08bc0f5e
00000000
00000001
00000001
10ebcfd5
00000000
00000001
00000001
1ab239a5
00000000
00000001
00000001
a3618536
00000000
00000001
00000001
7a03a83c
00000000
00000001
00000001
734793fb
00000000
00000001
00000001
547b08cf
00000000
00000001
00000001
38769c86
00000000
00000001
00000001
4ffc7db8
00000000
00000001
00000001
3881a72f
00000000
00000001
00000001
430f4f05
00000000
00000001
00000001
f3439090
00000000
00000001
00000001
5009e648
00000000
00000001
00000001
e07cea92
00000000
00000001
00000001
93206bd9
00000000
00000001
00000001
87805132
00000000
00000001
00000001
5a722396
00000000
00000001
00000001
eaa06919
00000000
00000001
00000001
e82fc0b1
00000000
00000001
00000001
5ef276be
00000000
00000001
00000001
484d0b6c
00000000
00000001
00000001
17015797
00000000
00000001
00000001
dc7a684b
00000000
00000001
00000001
3613b58b
00000000
00000001
00000001
0a3e261f
00000000
00000001
00000001
5e37f0f6
00000000
00000001
00000001
568b445f
00000000
00000001
00000001
792bb44c
00000000
00000001
00000001
3754df5c
00000000
00000001
00000001
fd1ee58c
00000000
00000001
00000001
d1e009dd
00000000
00000001
00000001
75980e78
00000000
00000001
00000001
9bb969f6
00000000
00000001
00000001
7839eb3d
00000000
00000001
00000001
5d47d916
00000000
00000001
00000001
cc378dc3
00000000
00000001
00000001
c78da9ed
00000000
00000001
00000001
90b3e383
00000000
00000001
00000001
aeac4f87
00000000
00000001
00000001
08ae9b54
00000000
00000001
00000001
063c6aa4
00000000
00000001
00000001
151f8704
00000000
00000001
00000001
7cd82b39
00000000
00000001
00000001
abecc073
00000000
00000001
00000001
97abf16a
00000000
00000001
00000001
0ad4dc4a
00000000
00000001
00000001
711ebec9
00000000
00000001
00000001
35ac8127
00000000
00000001
00000001
0b03482b
00000000
00000001
00000001
d4f4e2b5
00000000
00000001
00000001
29bd1954
00000000
00000001
00000001
8f849133
00000000
00000001
00000001
f776dd32
00000000
00000001
00000001
ffaef75f
00000000
00000001
00000001
afa67017
00000000
00000001
00000001
60dfd567
00000000
00000001
00000001
61756c88
00000000
00000001
00000001
2ea34295
00000000
00000001
00000001
687cb29a
00000000
00000001
00000001
2f1a39ec
00000000
00000001
00000001
bd8083a2
00000000
00000001
00000001
cd63a4e5
00000000
00000001
00000001
c4db324b
00000000
00000001
00000001
25a07fee
00000000
00000001
00000001
c94acfb7
00000000
00000001
00000001
60dc8128
00000000
00000001
00000001
b2352679
00000000
00000001
00000001
b36e189f
00000000
00000001
00000001
b479860a
00000000
00000001
00000001
1885b951
00000000
00000001
00000001
bbab7766
00000000
00000001
00000001
d64515ec
00000000
00000001
00000001
ad8bbbb6
00000000
00000001
00000001
862ff9c7
00000000
00000001
00000001
0303a2db
00000000
00000001
00000001
8daf96cd
00000000
00000001
00000001
1ed7374d
00000000
00000001
00000001
2649aff1
00000000
00000001
00000001
b316f34f
00000000
00000001
00000001
9eacc5ad
00000000
00000001
00000001
2b7dc767
00000000
00000001
00000001
f1e4db2a
00000000
00000001
00000001
e3ad83c3
00000000
00000001
00000001
d369797f
00000000
00000001
00000001
140dde00
00000000
00000001
00000001
69dee161
00000000
00000001
00000001
5681832d
00000000
00000001
00000001
f176e317
00000000
00000001
00000001
903bb9a5
00000000
00000001
00000001
4deb48f5
00000000
00000001
00000001
58c81d4f
00000000
00000001
00000001
402b8356
00000000
00000001
00000001
a820de8a
00000000
00000001
00000001
38734433
00000000
00000001
00000001
f293c361
00000000
00000001
00000001
7d7309b9
00000000
00000001
00000001
cec4dac8
00000000
00000001
00000001
36702d14
00000000
00000001
00000001
f1a55b52
00000000
00000001
00000001
47e949d9
00000000
00000001
00000001
03ca7399
00000000
00000001
00000001
1f0b3820
00000000
00000001
00000001
1b96743b
00000000
00000001
00000001
13ae17f8
00000000
00000001
00000001
e9ee2edb
00000000
00000001
00000001
b037aa04
00000000
00000001
00000001
826fafc6
00000000
00000001
00000001
508371ae
00000000
00000001
00000001
1fe10092
00000000
00000001
00000001
d035d877
00000000
00000001
00000001
112fd225
00000000
00000001
00000001
de0525c8
00000000
00000001
00000001
fbbfb5a0
00000000
00000001
00000001
06c2f1d0
00000000
00000001
00000001
4eaf1b35
00000000
00000001
00000001
ff6ef830
00000000
00000001
00000001
3b4ce538
00000000
00000001
00000001
4e8fcb52
00000000
00000001
00000001
67f9e1f7
00000000
00000001
00000001
978ba843
00000000
00000001
00000001
dc96543b
00000000
00000001
00000001
0bb0e6e8
00000000
00000001
00000001
7947de1c
00000000
00000001
00000001
369c85f4
00000000
00000001
00000001
e1f279a8
00000000
00000001
00000001
4a36b6b3
00000000
00000001
00000001
323b38c8
00000000
00000001
00000001
172c8d34
00000000
00000001
00000001
5a61186d
00000000
00000001
00000001
61c75ea3
00000000
00000001
00000001
0a35e8fd
00000000
00000001
00000001
7099b93b
00000000
00000001
00000001
0101e988
00000000
00000001
00000001
ec8a17a6
00000000
00000001
00000001
407237ae
00000000
00000001
00000001
3032a2d1
00000000
00000001
00000001
d970b472
00000000
00000001
00000001
a2dddb82
00000000
00000001
00000001
1f7218ee
00000000
00000001
00000001
469f8f31
00000000
00000001
00000001
550266bd
00000000
00000001
00000001
63098a8e
00000000
00000001
00000001
76104292
00000000
00000001
00000001
f8ef6fb8
00000000
00000001
00000001
03d07c99
00000000
00000001
00000001
86f968af
00000000
00000001
00000001
fa3b3f68
00000000
00000001
00000001
00a4a39b
00000000
00000001
00000001
5c1cd8f6
00000000
00000001
00000001
ce888dc7
00000000
00000001
00000001
b96a9462
00000000
00000001
00000001
f47ec49b
00000000
00000001
00000001
67d1b0f9
00000000
00000001
00000001
5c4346bd
00000000
00000001
00000001
db2b1484
00000000
00000001
00000001
47e48806
00000000
00000001
00000001
6e8eded0
00000000
00000001
00000001
160d0ffa
00000000
00000001
00000001
d79241ff
00000000
00000001
00000001
63a55c18
00000000
00000001
00000001
520ff68a
00000000
00000001
00000001
b6253dac
00000000
00000001
00000001
9fc82631
00000000
00000001
00000001
c4402362
00000000
00000001
00000001
cd6b8a65
00000000
00000001
00000001
35d559a5
00000000
00000001
00000001
ecf87089
00000000
00000001
00000001
cee725e5
00000000
00000001
00000001
c09fbe62
00000000
00000001
00000001
b979874c
00000000
00000001
00000001
be301d2a
00000000
00000001
00000001
c01edc8f
00000000
00000001
00000001
23f8d8b8
00000000
00000001
00000001
4441c64d
00000000
00000001
00000001
975fb970
00000000
00000001
00000001
4d75f663
00000000
00000001
00000001
6962e508
00000000
00000001
00000001
5fa48159
00000000
00000001
00000001
f2bd905b
00000000
00000001
00000001
02c6085b
00000000
00000001
00000001
fea0f5fa
00000000
00000001
00000001
ea2b1c19
00000000
00000001
00000001
1a96cbb7
00000000
00000001
00000001
e9a973ef
00000000
00000001
00000001
b2eec03c
00000000
00000001
00000001
2cfc19cc
00000000
00000001
00000001
13462f98
00000000
00000001
00000001
c0369c15
00000000
00000001
00000001
ff82af6c
00000000
00000001
00000001
52e86073
00000000
00000001
00000001
a1d552fa
00000000
00000001
00000001
3b1eb857
00000000
00000001
00000001
fb83de57
00000000
00000001
00000001
000a714d
00000000
00000001
00000001
f2bb1524
00000000
00000001
00000001
77893e3f
00000000
00000001
00000001
9cb2cfab
00000000
00000001
00000001
e4e08892
00000000
00000001
00000001
5d67f82d
00000000
00000001
00000001
e078a0d4
00000000
00000001
00000001
b845510c
00000000
00000001
00000001
dffa7375
00000000
00000001
00000001
302bb64d
00000000
00000001
00000001
b7cab9fd
00000000
00000001
00000001
04136908
00000000
00000001
00000001
76ce32bd
00000000
00000001
00000001
c103ff21
00000000
00000001
00000001
a2aef9cf
00000000
00000001
00000001
3427d3b2
00000000
00000001
00000001
65a1e07c
00000000
00000001
00000001
16643855
00000000
00000001
00000001
675ea0dc
00000000
00000001
00000001
75fc15ff
00000000
00000001
00000001
0ad91d67
00000000
00000001
00000001
76829fd7
00000000
00000001
00000001
c5ebe1ff
00000000
00000001
00000001
4fd6bcee
00000000
00000001
00000001
b7b5ce0b
00000000
00000001
00000001
ab26cc6d
00000000
00000001
00000001
1d053d62
00000000
00000001
00000001
09ce34ad
00000000
00000001
00000001
95d5ac3d
00000000
00000001
00000001
01bc517d
00000000
00000001
00000001
bd008ef1
00000000
00000001
00000001
ba516777
00000000
00000001
00000001
296d4d48
00000000
00000001
00000001
9ffff241
00000000
00000001
00000001
d9313670
00000000
00000001
00000001
5ba9bd19
00000000
00000001
00000001
0299a35f
00000000
00000001
00000001
eaa8aff5
00000000
00000001
00000001
c4bcfddd
00000000
00000001
00000001
45e25da9
00000000
00000001
00000001
390f07b7
00000000
00000001
00000001
a07ac241
00000000
00000001
00000001
948cf836
00000000
00000001
00000001
4c57f2f2
00000000
00000001
00000001
1349e442
00000000
00000001
00000001
34e532c3
00000000
00000001
00000001
af08b7c4
00000000
00000001
00000001
f9ae07a2
00000000
00000001
00000001
204025f6
00000000
00000001
00000001
6a48bc3b
00000000
00000001
00000001
e3061a60
00000000
00000001
00000001
d8b06732
00000000
00000001
00000001
50207206
00000000
00000001
00000001
bb77f55b
00000000
00000001
00000001
89266041
00000000
00000001
00000001
21571441
00000000
00000001
00000001
4b6cec00
00000000
00000001
00000001
eef12191
00000000
00000001
00000001
422ec57b
00000000
00000001
00000001
cae2b311
00000000
00000001
00000001
3bb7d61a
00000000
00000001
00000001
13ba8533
00000000
00000001
00000001
4467e1cb
00000000
00000001
00000001
12867c25
00000000
00000001
00000001
2cc7ee89
00000000
00000001
00000001
d6c56e78
00000000
00000001
00000001
ece6983c
00000000
00000001
00000001
e5cb7ced
00000000
00000001
00000001
5339054e
00000000
00000001
00000001
b5ca30a9
00000000
00000001
00000001
e66ac856
00000000
00000001
00000001
f7271562
00000000
00000001
00000001
9ebc7a53
00000000
00000001
00000001
02a83880
00000000
00000001
00000001
899a5196
00000000
00000001
00000001
bbc2649c
00000000
00000001
00000001
3e5dbf61
00000000
00000001
00000001
23ae9737
00000000
00000001
00000001
bd68b1b4
00000000
00000001
00000001
c1d90281
00000000
00000001
00000001
6e9721bd
00000000
00000001
00000001
358a95ba
00000000
00000001
00000001
8cf20090
00000000
00000001
00000001
edc3668c
00000000
00000001
00000001
99fd8898
00000000
00000001
00000001
39e587b0
00000000
00000001
00000001
38eaf70a
00000000
00000001
00000001
e0e4648d
00000000
00000001
00000001
77441fb9
00000000
00000001
00000001
95176dca
00000000
00000001
00000001
dca92267
00000000
00000001
00000001
26e73d43
00000000
00000001
00000001
37975f5e
00000000
00000001
00000001
0f5e80fc
00000000
00000001
00000001
b4358979
00000000
00000001
00000001
cc9925c0
00000000
00000001
00000001
c8f588f6
00000000
00000001
00000001
a57b2424
00000000
00000001
00000001
63328059
00000000
00000001
00000001
883f3c96
00000000
00000001
00000001
cede2d0b
00000000
00000001
00000001
dc2675e3
00000000
00000001
00000001
d8845d47
00000000
00000001
00000001
bc3df774
00000000
00000001
00000001
947c0eee
00000000
00000001
00000001
ca0f0100
00000000
00000001
00000001
19b655f7
00000000
00000001
00000001
d14b13c7
00000000
00000001
00000001
d31455bd
00000000
00000001
00000001
5c106ccc
00000000
00000001
00000001
9bfcf1f4
00000000
00000001
00000001
3da4da6b
00000000
00000001
00000001
4098ffe2
00000000
00000001
00000001
dbedfc5a
00000000
00000001
00000001
d7c1f74d
00000000
00000001
00000001
b396e2bc
00000000
00000001
00000001
0101ce76
00000000
00000001
00000001
db38d30b
00000000
00000001
00000001
539bfea2
00000000
00000001
00000001
58320298
00000000
00000001
00000001
7242992d
00000000
00000001
00000001
fdb11720
00000000
00000001
00000001
a5c1c6a5
00000000
00000001
00000001
f98a8329
00000000
00000001
00000001
6ca758b4
00000000
00000001
00000001
993b5f64
00000000
00000001
00000001
fcc378cd
00000000
00000001
00000001
3e86037f
00000000
00000001
00000001
cdec92f7
00000000
00000001
00000001
0265f234
00000000
00000001
00000001
5ed1016a
00000000
00000001
00000001
92a815e1
00000000
00000001
00000001
bb18dc2a
00000000
00000001
00000001
d1f4baed
00000000
00000001
00000001
f83074bb
00000000
00000001
00000001
10cc57f5
00000000
00000001
00000001
67ad7664
00000000
00000001
00000001
a1006f7d
00000000
00000001
00000001
d9d3fcc2
00000000
00000001
00000001
363b5141
00000000
00000001
00000001
df28f7e5
00000000
00000001
00000001
0cf76935
00000000
00000001
00000001
3a3acc5d
00000000
00000001
00000001
d02fc585
00000000
00000001
00000001
666e25ea
00000000
00000001
00000001
fd012090
00000000
00000001
00000001
5393c9ec
00000000
00000001
00000001
231c2874
00000000
00000001
00000001
06a14bd9
00000000
00000001
00000001
14af5593
00000000
00000001
00000001
0dab9ea7
00000000
00000001
00000001
94fedbee
00000000
00000001
00000001
55adb86a
00000000
00000001
00000001
39280895
00000000
00000001
00000001
a693d3ed
00000000
00000001
00000001
ac149ef2
00000000
00000001
00000001
d74e4998
00000000
00000001
00000001
d728e5c5
00000000
00000001
00000001
8412d5e5
00000000
00000001
00000001
0d64cad9
00000000
00000001
00000001
fb063e1d
00000000
00000001
00000001
da5be0dd
00000000
00000001
00000001
0ff2700a
00000000
00000001
00000001
f98efe54
00000000
00000001
00000001
77521ad2
00000000
00000001
00000001
883cfcec
00000000
00000001
00000001
4cbd301a
00000000
00000001
00000001
2f654753
00000000
00000001
00000001
2f4ba2f5
00000000
00000001
00000001
53e2763e
00000000
00000001
00000001
78c5404e
00000000
00000001
00000001
16e94f0f
00000000
00000001
00000001
b6920436
00000000
00000001
00000001
958b081e
00000000
00000001
00000001
e95666ce
00000000
00000001
00000001
8470944e
00000000
00000001
00000001
208e7788
00000000
00000001
00000001
2f11760e
00000000
00000001
00000001
fae41109
00000000
00000001
00000001
e8e5b1b4
00000000
00000001
00000001
455b66da
00000000
00000001
00000001
73241806
00000000
00000001
00000001
1257fae4
00000000
00000001
00000001
cdac40d9
00000000
00000001
00000001
e8e0f401
00000000
00000001
00000001
c30abde8
00000000
00000001
00000001
aeca6be4
00000000
00000001
00000001
a2e95639
00000000
00000001
00000001
ea9cf247
00000000
00000001
00000001
00c93ddc
00000000
00000001
00000001
aee1afea
00000000
00000001
00000001
11260ead
00000000
00000001
00000001
06cf0de1
00000000
00000001
00000001
9b6adc84
00000000
00000001
00000001
061b5f1f
00000000
00000001
00000001
febd9eb4
00000000
00000001
00000001
4c388065
00000000
00000001
00000001
f6352422
00000000
00000001
00000001
cd2d77e5
00000000
00000001
00000001
64bffcec
00000000
00000001
00000001
c9d6047d
00000000
00000001
00000001
cf0d3933
00000000
00000001
00000001
9ca23818
00000000
00000001
00000001
71aa492c
00000000
00000001
00000001
c54b43e2
00000000
00000001
00000001
9516589a
00000000
00000001
00000001
0251184d
00000000
00000001
00000001
50b593d2
00000000
00000001
00000001
d877e225
00000000
00000001
00000001
868a2cb2
00000000
00000001
00000001
de43edc8
00000000
00000001
00000001
31d5326b
00000000
00000001
00000001
ae2f9f45
00000000
00000001
00000001
05906a95
00000000
00000001
00000001
e66cca40
00000000
00000001
00000001
41c4534a
00000000
00000001
00000001
16456066
00000000
00000001
00000001
02bcd4b9
00000000
00000001
00000001
d7bcc739
00000000
00000001
00000001
5d3cab3f
00000000
00000001
00000001
a9af94a1
00000000
00000001
00000001
25982690
00000000
00000001
00000001
d165b161
00000000
00000001
00000001
78d9307b
00000000
00000001
00000001
6e212368
00000000
00000001
00000001
4512b8ae
00000000
00000001
00000001
8fe10ee1
00000000
00000001
00000001
64694e01
00000000
00000001
00000001
c5c85e2d
00000000
00000001
00000001
2a0cb9b2
00000000
00000001
00000001
e3be243e
00000000
00000001
00000001
88b012d9
00000000
00000001
00000001
3a216816
00000000
00000001
00000001
090c2154
00000000
00000001
00000001
a1ee1920
00000000
00000001
00000001
53d73b16
00000000
00000001
00000001
1324ad31
00000000
00000001
00000001
b7577dbe
00000000
00000001
00000001
edc3bb48
00000000
00000001
00000001
05605c64
00000000
00000001
00000001
b7eb4069
00000000
00000001
00000001
94aca7cd
00000000
00000001
00000001
7369262f
00000000
00000001
00000001
946a6bb7
00000000
00000001
00000001
e1144b7e
00000000
00000001
00000001
3c208aa6
00000000
00000001
00000001
b0af5eb6
00000000
00000001
00000001
970b40a5
00000000
00000001
00000001
07817f3f
00000000
00000001
00000001
d6f2a93b
00000000
00000001
00000001
b30c43bd
00000000
00000001
00000001
d669c970
00000000
00000001
00000001
9268343b
00000000
00000001
00000001
b7e58e02
00000000
00000001
00000001
5773508e
00000000
00000001
00000001
b07be659
00000000
00000001
00000001
250dc94e
00000000
00000001
00000001
6989cb4b
00000000
00000001
00000001
ed846043
00000000
00000001
00000001
e34398a9
00000000
00000001
00000001
6eab0dce
00000000
00000001
00000001
d310be09
00000000
00000001
00000001
0e163950
00000000
00000001
00000001
ee419905
00000000
00000001
00000001
00420a90
00000000
00000001
00000001
25c16736
00000000
00000001
00000001
38a0bdb5
00000000
00000001
00000001
3167e421
00000000
00000001
00000001
f131b701
00000000
00000001
00000001
cad11821
00000000
00000001
00000001
c35d9d04
00000000
00000001
00000001
a446acd3
00000000
00000001
00000001
8ac9af49
00000000
00000001
00000001
e51645d2
00000000
00000001
00000001
505ee054
00000000
00000001
00000001
a76affdd
00000000
00000001
00000001
e8fe7ff3
00000000
00000001
00000001
6e235914
00000000
00000001
00000001
868009e3
00000000
00000001
00000001
31962b71
00000000
00000001
00000001
c84de8a6
00000000
00000001
00000001
6888aac9
00000000
00000001
00000001
41f3e7a8
00000000
00000001
00000001
4a09acb9
00000000
00000001
00000001
2a63e6ce
00000000
00000001
00000001
1e21363b
00000000
00000001
00000001
93543545
00000000
00000001
00000001
55593cd2
00000000
00000001
00000001
d98cf847
00000000
00000001
00000001
d6c757b7
00000000
00000001
00000001
adf18288
00000000
00000001
00000001
f4dce940
00000000
00000001
00000001
4d73916d
00000000
00000001
00000001
05734021
00000000
00000001
00000001
0f49f4c5
00000000
00000001
00000001
29b1a3b3
00000000
00000001
00000001
b70f9771
00000000
00000001
00000001
8197b4a5
00000000
00000001
00000001
3fdf1b3c
00000000
00000001
00000001
9869ca09
00000000
00000001
00000001
1567ef7a
00000000
00000001
00000001
6ea7e068
00000000
00000001
00000001
1f1febb4
00000000
00000001
00000001
7dbe3dfb
00000000
00000001
00000001
b3f55078
00000000
00000001
00000001
07a4f13b
00000000
00000001
00000001
49ed8c36
00000000
00000001
00000001
b8c55e94
00000000
00000001
00000001
305f4f3f
00000000
00000001
00000001
7be0c808
00000000
00000001
00000001
e5a03d63
00000000
00000001
00000001
90fb303e
00000000
00000001
00000001
ac9a0ede
00000000
00000001
00000001
854f980c
00000000
00000001
00000001
e67322ca
00000000
00000001
00000001
de130993
00000000
00000001
00000001
263e0ba9
00000000
00000001
00000001
77bd60ad
00000000
00000001
00000001
df9fd4ac
00000000
00000001
00000001
1561f44a
00000000
00000001
00000001
440caaea
00000000
00000001
00000001
2f0feab5
00000000
00000001
00000001
c41c3b54
00000000
00000001
00000001
61a1371e
00000000
00000001
00000001
35dc300b
00000000
00000001
00000001
f178a090
00000000
00000001
00000001
8e9c253e
00000000
00000001
00000001
a2b90d91
00000000
00000001
00000001
99410088
00000000
00000001
00000001
ef1a9b59
00000000
00000001
00000001
25bbc76a
00000000
00000001
00000001
0f7235e5
00000000
00000001
00000001
41fe7d33
00000000
00000001
00000001
e86e4cdf
00000000
00000001
00000001
fe3694c7
00000000
00000001
00000001
6af72683
00000000
00000001
00000001
07588dc9
00000000
00000001
00000001
ddbde325
00000000
00000001
00000001
b5250f8d
00000000
00000001
00000001
81aaeb2a
00000000
00000001
00000001
656f827a
00000000
00000001
00000001
727bb3dc
00000000
00000001
00000001
34b7322d
00000000
00000001
00000001
9597fc5d
00000000
00000001
00000001
45a9c4aa
00000000
00000001
00000001
e7cbf2c5
00000000
00000001
00000001
2cefaf2f
00000000
00000001
00000001
6002d44c
00000000
00000001
00000001
c6792bb7
00000000
00000001
00000001
ec48c77d
00000000
00000001
00000001
9de1c7c2
00000000
00000001
00000001
674b55c0
00000000
00000001
00000001
a2c0d86c
00000000
00000001
00000001
70c1aa10
00000000
00000001
00000001
352a39a7
00000000
00000001
00000001
ac08c40b
00000000
00000001
00000001
8ad170d1
00000000
00000001
00000001
df88352f
00000000
00000001
00000001
1655cf03
00000000
00000001
00000001
32942fac
00000000
00000001
00000001
d1701c61
00000000
00000001
00000001
0c7ef2a2
00000000
00000001
00000001
f69efd8d
00000000
00000001
00000001
fb1079dd
00000000
00000001
00000001
d9967c3f
00000000
00000001
00000001
a2be6f52
00000000
00000001
00000001
c2cfea9e
00000000
00000001
00000001
8a701e59
00000000
00000001
00000001
4ea33d75
00000000
00000001
00000001
590cd22d
00000000
00000001
00000001
f115dace
00000000
00000001
00000001
24186765
00000000
00000001
00000001
1783fcc4
00000000
00000001
00000001
8c650289
00000000
00000001
00000001
6b4147b8
00000000
00000001
00000001
d4217aea
00000000
00000001
00000001
c45e6fba
00000000
00000001
00000001
8cc5c31f
00000000
00000001
00000001
8276ab86
00000000
00000001
00000001
1c3667f4
00000000
00000001
00000001
74cbd66b
00000000
00000001
00000001
54046c67
00000000
00000001
00000001
b68eaef7
00000000
00000001
00000001
ed22d5ee
00000000
00000001
00000001
02d0c354
00000000
00000001
00000001
a94abc99
00000000
00000001
00000001
3070539e
00000000
00000001
00000001
50c78e41
00000000
00000001
00000001
23d0ac55
00000000
00000001
00000001
a2ecfc62
00000000
00000001
00000001
979c58f7
00000000
00000001
00000001
7f6275e9
00000000
00000001
00000001
a9657f5b
00000000
00000001
00000001
7c10e96e
00000000
00000001
00000001
169655b7
00000000
00000001
00000001
34b77ef1
00000000
00000001
00000001
552c14ee
00000000
00000001
00000001
2663f571
00000000
00000001
00000001
7c4f2eb3
00000000
00000001
00000001
30117010
00000000
00000001
00000001
c58f5fcf
00000000
00000001
00000001
1a21923f
00000000
00000001
00000001
db50f833
00000000
00000001
00000001
ce51ee24
00000000
00000001
00000001
a46f2057
00000000
00000001
00000001
ec618f27
00000000
00000001
00000001
00307160
00000000
00000001
00000001
11e026a6
00000000
00000001
00000001
7a2b07ac
00000000
00000001
00000001
1e0006d4
00000000
00000001
00000001
36b8eb91
00000000
00000001
00000001
65b1371d
00000000
00000001
00000001
3747591e
00000000
00000001
00000001
1604cabb
00000000
00000001
00000001
2554cda0
00000000
00000001
00000001
485a5c9f
00000000
00000001
00000001
ce51af32
00000000
00000001
00000001
c9c7990c
00000000
00000001
00000001
87ee9a0c
00000000
00000001
00000001
4fa38eea
00000000
00000001
00000001
31bd7cc6
00000000
00000001
00000001
3afefc20
00000000
00000001
00000001
a4cba1dd
00000000
00000001
00000001
993d940a
00000000
00000001
00000001
615a7ff1
00000000
00000001
00000001
1311e264
00000000
00000001
00000001
49f0851b
00000000
00000001
00000001
9cb2974c
00000000
00000001
00000001
7a5ad6e5
00000000
00000001
00000001
681d7f2a
00000000
00000001
00000001
dbe21946
00000000
00000001
00000001
b1ede2fc
00000000
00000001
00000001
32d50eae
00000000
00000001
00000001
0b2d602c
00000000
00000001
00000001
ccbe97c7
00000000
00000001
00000001
16365ea0
00000000
00000001
00000001
c711e67c
00000000
00000001
00000001
bc2b6d96
00000000
00000001
00000001
6efff60b
00000000
00000001
00000001
1e1c060e
00000000
00000001
00000001
48fca7ad
00000000
00000001
00000001
4a6f2760
00000000
00000001
00000001
38b8a4b0
00000000
00000001
00000001
4cf5cb85
00000000
00000001
00000001
782a89d4
00000000
00000001
00000001
ee8f10d5
00000000
00000001
00000001
31523f68
00000000
00000001
00000001
7ec3c4e2
00000000
00000001
00000001
dc41c93b
00000000
00000001
00000001
2c5b2b66
00000000
00000001
00000001
1b370cb6
00000000
00000001
00000001
c373419e
00000000
00000001
00000001
3e3f29c6
00000000
00000001
00000001
5a1bc658
00000000
00000001
00000001
465da58d
00000000
00000001
00000001
a0a81d41
00000000
00000001
00000001
acfc6db0
00000000
00000001
00000001
2a57178e
00000000
00000001
00000001
bb95a25d
00000000
00000001
00000001
73ebd288
00000000
00000001
00000001
08df76b2
00000000
00000001
00000001
7867634d
00000000
00000001
00000001
94823c06
00000000
00000001
00000001
29cbe09a
00000000
00000001
00000001
ef806821
00000000
00000001
00000001
580378df
00000000
00000001
00000001
dd5a72a4
00000000
00000001
00000001
5c6bd09e
00000000
00000001
00000001
5bebaf0a
00000000
00000001
00000001
5ac91d38
00000000
00000001
00000001
2e361875
00000000
00000001
00000001
9af4712e
00000000
00000001
00000001
1f1db9ae
00000000
00000001
00000001
80c4d2a1
00000000
00000001
00000001
e6c143de
00000000
00000001
00000001
9dbc2b0f
00000000
00000001
00000001
0a333b85
00000000
00000001
00000001
5c6efa0a
00000000
00000001
00000001
638d8cf5
00000000
00000001
00000001
0a1219e1
00000000
00000001
00000001
3df09c93
00000000
00000001
00000001
7f7ae22c
00000000
00000001
00000001
a7865f58
00000000
00000001
00000001
9c5dae40
00000000
00000001
00000001
d5b5b43b
00000000
00000001
00000001
f155d5df
00000000
00000001
00000001
785bc40c
00000000
00000001
00000001
cd7dece5
00000000
00000001
00000001
2d25d486
00000000
00000001
00000001
56533ed4
00000000
00000001
00000001
25d3cd00
00000000
00000001
00000001
3fe156af
00000000
00000001
00000001
7c318db4
00000000
00000001
00000001
9e8e5bb4
00000000
00000001
00000001
e651f65e
00000000
00000001
00000001
88b75566
00000000
00000001
00000001
cbf4a012
00000000
00000001
00000001
35f47ec5
00000000
00000001
00000001
4755049d
00000000
00000001
00000001
9e32fc86
00000000
00000001
00000001
1c68b64b
00000000
00000001
00000001
6f6142e5
00000000
00000001
00000001
55adeb4f
00000000
00000001
00000001
88c54f92
00000000
00000001
00000001
dac954aa
00000000
00000001
00000001
85116f1d
00000000
00000001
00000001
3c498c7a
00000000
00000001
00000001
8f111280
00000000
00000001
00000001
d2c18b1e
00000000
00000001
00000001
51d49322
00000000
00000001
00000001
922ec525
00000000
00000001
00000001
b5f5c642
00000000
00000001
00000001
7a426ffe
00000000
00000001
00000001
4fd3edf6
00000000
00000001
00000001
2f3daf0a
00000000
00000001
00000001
c79cc7c8
00000000
00000001
00000001
2a8ea2a3
00000000
00000001
00000001
fab0a87d
00000000
00000001
00000001
709c9b0c
00000000
00000001
00000001
5b7578eb
00000000
00000001
00000001
2d9fe7ad
00000000
00000001
00000001
44f97a87
00000000
00000001
00000001
4d76350a
00000000
00000001
00000001
576af6f6
00000000
00000001
00000001
21dae75d
00000000
00000001
00000001
73504f64
00000000
00000001
00000001
a4b2188a
00000000
00000001
00000001
c36feabc
00000000
00000001
00000001
54aee4fe
00000000
00000001
00000001
053ebca4
00000000
00000001
00000001
5f9b7407
00000000
00000001
00000001
0f829814
00000000
00000001
00000001
74153471
00000000
00000001
00000001
99710011
00000000
00000001
00000001
cb826015
00000000
00000001
00000001
d26b41bf
00000000
00000001
00000001
f9ff8f28
00000000
00000001
00000001
9a9f24a2
00000000
00000001
00000001
5edc0dcb
00000000
00000001
00000001
eb6120d4
00000000
00000001
00000001
57215e20
00000000
00000001
00000001
bdf65806
00000000
00000001
00000001
4c37997d
00000000
00000001
00000001
db788181
00000000
00000001
00000001
c11decca
00000000
00000001
00000001
e66734ae
00000000
00000001
00000001
bd9df340
00000000
00000001
00000001
d14aaaca
00000000
00000001
00000001
2a4ee2e8
00000000
00000001
00000001
c4cc60b9
00000000
00000001
00000001
75374634
00000000
00000001
00000001
a83d6471
00000000
00000001
00000001
857a6cf6
00000000
00000001
00000001
1da47119
00000000
00000001
00000001
a8e55aec
00000000
00000001
00000001
b0b7556a
00000000
00000001
00000001
b2c6078d
00000000
00000001
00000001
8bf5600f
00000000
00000001
00000001
eb6d96d8
00000000
00000001
00000001
6ef1e119
00000000
00000001
00000001
c7dd7b42
00000000
00000001
00000001
51d0ddb9
00000000
00000001
00000001
0a7dba45
00000000
00000001
00000001
aeae90f6
00000000
00000001
00000001
95708e4f
00000000
00000001
00000001
c52c84e8
00000000
00000001
00000001
80ec76a5
00000000
00000001
00000001
192c09b0
00000000
00000001
00000001
ce0cdfd8
00000000
00000001
00000001
0127d582
00000000
00000001
00000001
98ab9bac
00000000
00000001
00000001
3d0c02a5
00000000
00000001
00000001
930350b5
00000000
00000001
00000001
1bf79fa1
00000000
00000001
00000001
5f7e09ac
00000000
00000001
00000001
da94390d
00000000
00000001
00000001
d333e499
00000000
00000001
00000001
5a701e36
00000000
00000001
00000001
59c4b492
00000000
00000001
00000001
42bf8601
00000000
00000001
00000001
b4d2ca08
00000000
00000001
00000001
cd01cf26
00000000
00000001
00000001
594c99d5
00000000
00000001
00000001
6fd67d4f
00000000
00000001
00000001
75dc9f1d
00000000
00000001
00000001
1ae0dd11
00000000
00000001
00000001
40a8f813
00000000
00000001
00000001
5168851b
00000000
00000001
00000001
44e42b00
00000000
00000001
00000001
ce704d8e
00000000
00000001
00000001
72205f9c
00000000
00000001
00000001
39023001
00000000
00000001
00000001
bda5edfc
00000000
00000001
00000001
003c1ad2
00000000
00000001
00000001
2aa5527a
00000000
00000001
00000001
c96582ec
00000000
00000001
00000001
dc0f9b76
00000000
00000001
00000001
3074a1f1
00000000
00000001
00000001
8ee4bbb8
00000000
00000001
00000001
325165b9
00000000
00000001
00000001
3193c86e
00000000
00000001
00000001
04cc0a1f
00000000
00000001
00000001
333befc6
00000000
00000001
00000001
8b53e297
00000000
00000001
00000001
81a907d7
00000000
00000001
00000001
7626fcc4
00000000
00000001
00000001
4939591f
00000000
00000001
00000001
f69244ec
00000000
00000001
00000001
bf4dbdcf
00000000
00000001
00000001
06886b4a
00000000
00000001
00000001
f39b76a0
00000000
00000001
00000001
ef296fa3
00000000
00000001
00000001
ec685a91
00000000
00000001
00000001
5d08780b
00000000
00000001
00000001
5763f82b
00000000
00000001
00000001
865d45c6
00000000
00000001
00000001
24426d64
00000000
00000001
00000001
06b6fbf8
00000000
00000001
00000001
2da5dd57
00000000
00000001
00000001
6fbeb180
00000000
00000001
00000001
b389660f
00000000
00000001
00000001
2e12f197
00000000
00000001
00000001
85abaf2d
00000000
00000001
00000001
de7faa14
00000000
00000001
00000001
61cc10df
00000000
00000001
00000001
72aee9a5
00000000
00000001
00000001
cd0cef9d
00000000
00000001
00000001
9aa77850
00000000
00000001
00000001
902d1a06
00000000
00000001
00000001
5da97021
00000000
00000001
00000001
01e3d24f
00000000
00000001
00000001
e2fdc63f
00000000
00000001
00000001
f18764bd
00000000
00000001
00000001
0a241822
00000000
00000001
00000001
b1ed6eea
00000000
00000001
00000001
3a874180
00000000
00000001
00000001
01239eec
00000000
00000001
00000001
d85ee19a
00000000
00000001
00000001
86e3391d
00000000
00000001
00000001
423f2883
00000000
00000001
00000001
009a75b3
00000000
00000001
00000001
959e089e
00000000
00000001
00000001
8a099d02
00000000
00000001
00000001
e4137e0a
00000000
00000001
00000001
84ec23f4
00000000
00000001
00000001
4b1d957b
00000000
00000001
00000001
6d21604e
00000000
00000001
00000001
f3b9117d
00000000
00000001
00000001
9e735a18
00000000
00000001
00000001
a61314ba
00000000
00000001
00000001
5b2f8a61
00000000
00000001
00000001
169af6a5
00000000
00000001
00000001
609b928f
00000000
00000001
00000001
2f748022
00000000
00000001
00000001
7ee853eb
00000000
00000001
00000001
8ba02dd2
00000000
00000001
00000001
5327f6bb
00000000
00000001
00000001
7677bf3d
00000000
00000001
00000001
91e8b68d
00000000
00000001
00000001
809daf80
00000000
00000001
00000001
6b9b9227
00000000
00000001
00000001
64aee73a
00000000
00000001
00000001
6b7973db
00000000
00000001
00000001
a521070a
00000000
00000001
00000001
526ec3a1
00000000
00000001
00000001
569ef3d9
00000000
00000001
00000001
b57150af
00000000
00000001
00000001
dd5c568d
00000000
00000001
00000001
49f411b2
00000000
00000001
00000001
54c02564
00000000
00000001
00000001
7f1f5e92
00000000
00000001
00000001
f1e6119d
00000000
00000001
00000001
6834bf26
00000000
00000001
00000001
5b713cf0
00000000
00000001
00000001
e3ce8eae
00000000
00000001
00000001
ed08f7ee
00000000
00000001
00000001
3db47617
00000000
00000001
00000001
8f3408b2
00000000
00000001
00000001
035ffa9f
00000000
00000001
00000001
08d74fd1
00000000
00000001
00000001
c7e79038
00000000
00000001
00000001
30517bbf
00000000
00000001
00000001
18c6ee87
00000000
00000001
00000001
81674224
00000000
00000001
00000001
9e072f34
00000000
00000001
00000001
0c624349
00000000
00000001
00000001
f003ef30
00000000
00000001
00000001
6230f2d5
00000000
00000001
00000001
ac3fabff
00000000
00000001
00000001
df401e34
00000000
00000001
00000001
1044dcbf
00000000
00000001
00000001
8cb34d64
00000000
00000001
00000001
6c082ff0
00000000
00000001
00000001
1fe64bed
00000000
00000001
00000001
828daefb
00000000
00000001
00000001
f992d46a
00000000
00000001
00000001
2b40c086
00000000
00000001
00000001
70c09f79
00000000
00000001
00000001
0d8e68c6
00000000
00000001
00000001
01665bcb
00000000
00000001
00000001
aa84e2df
00000000
00000001
00000001
08b1dbfc
00000000
00000001
00000001
83a27d7a
00000000
00000001
00000001
ca6147d4
00000000
00000001
00000001
9835b370
00000000
00000001
00000001
4a4dfe53
00000000
00000001
00000001
38cb13e0
00000000
00000001
00000001
3545500d
00000000
00000001
00000001
4e827af6
00000000
00000001
00000001
124542b0
00000000
00000001
00000001
00975f61
00000000
00000001
00000001
8e806e8b
00000000
00000001
00000001
40b28968
00000000
00000001
00000001
8189d4d7
00000000
00000001
00000001
5cfa6e79
00000000
00000001
00000001
701a6654
00000000
00000001
00000001
61041a54
00000000
00000001
00000001
3ae405f7
00000000
00000001
00000001
fd4301bd
00000000
00000001
00000001
1f0958df
00000000
00000001
00000001
b6fd8b95
00000000
00000001
00000001
bcd07cbd
00000000
00000001
00000001
6591306a
00000000
00000001
00000001
17bb6016
00000000
00000001
00000001
6f98a4e2
00000000
00000001
00000001
63dbb4c4
00000000
00000001
00000001
99422da7
00000000
00000001
00000001
3078f4f7
00000000
00000001
00000001
338e8cdf
00000000
00000001
00000001
030d66e3
00000000
00000001
00000001
f25252f4
00000000
00000001
00000001
475f1f73
00000000
00000001
00000001
8d3b20f3
00000000
00000001
00000001
51d79c58
00000000
00000001
00000001
62b303e9
00000000
00000001
00000001
958e9c2f
00000000
00000001
00000001
a830404b
00000000
00000001
00000001
1644dd68
00000000
00000001
00000001
7390a4b7
00000000
00000001
00000001
d1227af4
00000000
00000001
00000001
c45eecb7
00000000
00000001
00000001
6bdc8f59
00000000
00000001
00000001
c1af3c47
00000000
00000001
00000001
c8bd40f8
00000000
00000001
00000001
faf4f803
00000000
00000001
00000001
156b20db
00000000
00000001
00000001
074a4181
00000000
00000001
00000001
3d710718
00000000
00000001
00000001
482958ef
00000000
00000001
00000001
743d10af
00000000
00000001
00000001
17d6d536
00000000
00000001
00000001
a93df4a2
00000000
00000001
00000001
90ec52d4
00000000
00000001
00000001
02af8fe2
00000000
00000001
00000001
d5f45236
00000000
00000001
00000001
f4b459c7
00000000
00000001
00000001
554d1eb9
00000000
00000001
00000001
5863882b
00000000
00000001
00000001
fa8dfd34
00000000
00000001
00000001
522f1eb1
00000000
00000001
00000001
4263ad42
00000000
00000001
00000001
4c3b5c69
00000000
00000001
00000001
7b1a010d
00000000
00000001
00000000
bece9957
3f2b0003
00000000
00000000
8abf592f
3f800000
00000000
00000000
878eb609
3f800000
00000000
00000000
aa9421a4
3f800000
00000000
00000000
850bdf2e
3f800000
00000000
00000000
9f244180
3f800000
00000000
00000000
b6e9f564
3f7fff8b
00000000
00000000
8acd5750
3f800000
00000000
00000000
ada1a992
3f800000
00000000
00000000
eb01b4d1
00000000
00000000
00000000
deae5ccf
00000000
00000000
00000000
e6d1e36c
00000000
00000000
00000000
d7553a88
00000000
00000000
00000000
e29abb34
00000000
00000000
00000000
b86e4515
3f7ffc47
00000000
00000000
c4bd358d
00000000
00000000
00000000
eac451b3
00000000
00000000
00000000
cce36647
00000000
00000000
00000000
f53e143d
00000000
00000000
00000000
be4c5bf4
3f51af71
00000000
00000000
d7b7f060
00000000
00000000
00000000
b79c416c
3f7ffec7
00000000
00000000
ad3cff73
3f800000
00000000
00000000
dda22673
00000000
00000000
00000000
991168bb
3f800000
00000000
00000000
9285b13b
3f800000
00000000
00000000
9cd0cf90
3f800000
00000000
00000000
a970fe34
3f800000
00000000
00000000
c0dcf1b3
3a837fb2
00000000
00000000
be1a5526
3f5c2f04
00000000
00000000
84ab09be
3f800000
00000000
00000000
82b7d35d
3f800000
00000000
00000000
d559db5f
00000000
00000000
00000000
8bf96760
3f800000
00000000
00000000
fefb543b
00000000
00000000
00000000
98e7ed7a
3f800000
00000000
00000000
8b10e9d0
3f800000
00000000
00000000
b70aa65e
3f7fff75
00000000
00000000
d852ce65
00000000
00000000
00000000
87f2c46b
3f800000
00000000
00000000
861f84ce
3f800000
00000000
00000000
dfc59a77
00000000
00000000
00000000
b66f57f2
3f7fffc4
00000000
00000000
fbc915ad
00000000
00000000
00000000
df0dab57
00000000
00000000
00000000
d97c85c2
00000000
00000000
00000000
bc35b8bf
3f7d2d21
00000000
00000000
b3ec6066
3f7ffffe
00000000
00000000
c6487e9f
00000000
00000000
00000000
e3306c07
00000000
00000000
00000000
f995eb89
00000000
00000000
00000000
a3a45e70
3f800000
00000000
00000000
cfa2c7a0
00000000
00000000
00000000
a29903f8
3f800000
00000000
00000000
86861f09
3f800000
00000000
00000000
aa5fa535
3f800000
00000000
00000000
a72b1a9e
3f800000
00000000
00000000
f8691b5b
00000000
00000000
00000000
f9669d7f
00000000
00000000
00000000
cc711a56
00000000
00000000
00000000
8e7db283
3f800000
00000000
00000000
e4e21372
00000000
00000000
00000000
aed60cdd
3f800000
00000000
00000000
f92a974d
00000000
00000000
00000000
c7cd395a
00000000
00000000
00000000
8a93d801
3f800000
00000000
00000000
ff1ea255
00000000
00000000
00000000
cfa63cd7
00000000
00000000
00000000
aad880c2
3f800000
00000000
00000000
b73d3689
3f7fff43
00000000
00000000
97575ceb
3f800000
00000000
00000000
db9be705
00000000
00000000
00000000
830a569b
3f800000
00000000
00000000
eff4f0f1
00000000
00000000
00000000
c633489d
00000000
00000000
00000000
f5c791eb
00000000
00000000
00000000
f6503068
00000000
00000000
00000000
e5959904
00000000
00000000
00000000
e2b7a285
00000000
00000000
00000000
eb39635e
00000000
00000000
00000000
90a7c1e1
3f800000
00000000
00000000
b182c477
3f800000
00000000
00000000
a7d24f01
3f800000
00000000
00000000
dfaf7b4b
00000000
00000000
00000000
88d1f57a
3f800000
00000000
00000000
ff24f4fa
00000000
00000000
00000000
816d54ba
3f800000
00000000
00000000
a583a003
3f800000
00000000
00000000
cef85c7b
00000000
00000000
00000000
98058cce
3f800000
00000000
00000000
ec7112c3
00000000
00000000
00000000
a66d247a
3f800000
00000000
00000000
de67a95c
00000000
00000000
00000000
a772eaf8
3f800000
00000000
00000000
f1e44354
00000000
00000000
00000000
b4fa15e6
3f7ffff8
00000000
00000000
a481b130
3f800000
00000000
00000000
8ca3c607
3f800000
00000000
00000000
d61fb865
00000000
00000000
00000000
8f10159b
3f800000
00000000
00000000
f1942a33
00000000
00000000
00000000
dae32ba3
00000000
00000000
00000000
df385b81
00000000
00000000
00000000
ee5c909a
00000000
00000000
00000000
fa61e458
00000000
00000000
00000000
812469ba
3f800000
00000000
00000000
cc7192db
00000000
00000000
00000000
92e42823
3f800000
00000000
00000000
fee6212d
00000000
00000000
00000000
b3d7e8ea
3f7ffffe
00000000
00000000
bcb3ed14
3f7a7049
00000000
00000000
b828111d
3f7ffd60
00000000
00000000
f5fc4911
00000000
00000000
00000000
f1992ec3
00000000
00000000
00000000
b06ed3fe
3f800000
00000000
00000000
fde9e62e
00000000
00000000
00000000
8f55cc86
3f800000
00000000
00000000
eb07f5f0
00000000
00000000
00000000
c373eed8
00000000
00000000
00000000
d5dae4d5
00000000
00000000
00000000
9579bd7e
3f800000
00000000
00000000
dcb586ca
00000000
00000000
00000000
fe69b850
00000000
00000000
00000000
a397cf97
3f800000
00000000
00000000
8a4fbef7
3f800000
00000000
00000000
9b8aaabb
3f800000
00000000
00000000
e7122301
00000000
00000000
00000000
be126cbb
3f5de3ff
00000000
00000000
e162a9b6
00000000
00000000
00000000
be68b4a0
3f4bf5de
00000000
00000000
f84ce1fe
00000000
00000000
00000000
d153bd89
00000000
00000000
00000000
916b48a3
3f800000
00000000
00000000
8811ed4f
3f800000
00000000
00000000
a9680f80
3f800000
00000000
00000000
d15927c5
00000000
00000000
00000000
d3756fbb
00000000
00000000
00000000
8aad3f3e
3f800000
00000000
00000000
b2ee45e5
3f800000
00000000
00000000
8d234e5b
3f800000
00000000
00000000
e6c2d500
00000000
00000000
00000000
d61c2062
00000000
00000000
00000000
eb91a0b5
00000000
00000000
00000000
92d2dba8
3f800000
00000000
00000000
ca90b391
00000000
00000000
00000000
c096c1fc
3c135c3e
00000000
00000000
fa285cb5
00000000
00000000
00000000
dd37b636
00000000
00000000
00000000
8e36da7a
3f800000
00000000
00000000
8a239045
3f800000
00000000
00000000
dcbdc0ee
00000000
00000000
00000000
aa9dd476
3f800000
00000000
00000000
af193d12
3f800000
00000000
00000000
d83e6c02
00000000
00000000
00000000
fec6bcc3
00000000
00000000
00000000
c85d8f00
00000000
00000000
00000000
b5a8efff
3f7fffeb
00000000
00000000
ff112e5a
00000000
00000000
00000000
d78ef539
00000000
00000000
00000000
c32be60d
00000000
00000000
00000000
88c76356
3f800000
00000000
00000000
efcb6622
00000000
00000000
00000000
ca77c233
00000000
00000000
00000000
ce4dcedb
00000000
00000000
00000000
b4a2b696
3f7ffffb
00000000
00000000
b8582e2e
3f7ffc9f
00000000
00000000
a27c33c1
3f800000
00000000
00000000
f8d296bf
00000000
00000000
00000000
ed0ecf93
00000000
00000000
00000000
96d8d86a
3f800000
00000000
00000000
baee7b94
3f7f88de
00000000
00000000
cb9393ee
00000000
00000000
00000000
eaf673cc
00000000
00000000
00000000
ccc10e33
00000000
00000000
00000000
c534d2fa
00000000
00000000
00000000
d42b6efa
00000000
00000000
00000000
cb365a26
00000000
00000000
00000000
b84969fc
3f7ffcda
00000000
00000000
fda109dd
00000000
00000000
00000000
d4249c80
00000000
00000000
00000000
c74bf8a6
00000000
00000000
00000000
cf4b40e8
00000000
00000000
00000000
eb8d9d61
00000000
00000000
00000000
da00b6b7
00000000
00000000
00000000
cc8e61e9
00000000
00000000
00000000
bb507247
3f7f2fe2
00000000
00000000
9b7991df
3f800000
00000000
00000000
8992a593
3f800000
00000000
00000000
f20610b5
00000000
00000000
00000000
e6cde56d
00000000
00000000
00000000
d1598808
00000000
00000000
00000000
f42efad1
00000000
00000000
00000000
f8756dd0
00000000
00000000
00000000
f14daa72
00000000
00000000
00000000
8b1e5dc1
3f800000
00000000
00000000
b6f5c320
3f7fff85
00000000
00000000
d23fce12
00000000
00000000
00000000
d1b8ad2a
00000000
00000000
00000000
8bc7b5c6
3f800000
00000000
00000000
ca3b3e5c
00000000
00000000
00000000
c9511f3b
00000000
00000000
00000000
ec4db4ff
00000000
00000000
00000000
deeb4ef7
00000000
00000000
00000000
cb600f6c
00000000
00000000
00000000
f80ed707
00000000
00000000
00000000
a0a4ec77
3f800000
00000000
00000000
fa7519aa
00000000
00000000
00000000
ed48730e
00000000
00000000
00000000
faa2c5f9
00000000
00000000
00000000
cfddc868
00000000
00000000
00000000
a87f4458
3f800000
00000000
00000000
c7814486
00000000
00000000
00000000
8626024c
3f800000
00000000
00000000
b7710820
3f7fff0f
00000000
00000000
cf717a26
00000000
00000000
00000000
a08decb7
3f800000
00000000
00000000
ecc2e87e
00000000
00000000
00000000
9b25497e
3f800000
00000000
00000000
bb0337a4
3f7f7cea
00000000
00000000
fdb8ff5d
00000000
00000000
00000000
afbef811
3f800000
00000000
00000000
ec2f2479
00000000
00000000
00000000
ea994f27
00000000
00000000
00000000
d31e5898
00000000
00000000
00000000
a7f0a563
3f800000
00000000
00000000
b9e89696
3f7fe2ef
00000000
00000000
b3a08b82
3f7fffff
00000000
00000000
dfc30685
00000000
00000000
00000000
cf0be3f1
00000000
00000000
00000000
9ff50dcc
3f800000
00000000
00000000
d2fd467c
00000000
00000000
00000000
c4acc8bf
00000000
00000000
00000000
b956f871
3f7ff291
00000000
00000000
806e82a1
3f800000
00000000
00000000
a614273c
3f800000
00000000
00000000
cd1cde05
00000000
00000000
00000000
93cbb9e8
3f800000
00000000
00000000
c7ec4cf0
00000000
00000000
00000000
a0fc88e5
3f800000
00000000
00000000
b206b5c2
3f800000
00000000
00000000
d4b094ec
00000000
00000000
00000000
a8091931
3f800000
00000000
00000000
bfc82105
3e566d06
00000000
00000000
b46d6970
3f7ffffc
00000000
00000000
b3577552
3f7fffff
00000000
00000000
a6c347b4
3f800000
00000000
00000000
96ae9cc8
3f800000
00000000
00000000
8cd50e24
3f800000
00000000
00000000
e72792ee
00000000
00000000
00000000
f7c63c7f
00000000
00000000
00000000
9805e0fa
3f800000
00000000
00000000
fd4117a7
00000000
00000000
00000000
b63f27b1
3f7fffd0
00000000
00000000
e968e324
00000000
00000000
00000000
843f6323
3f800000
00000000
00000000
a0e8656d
3f800000
00000000
00000000
f1c1e219
00000000
00000000
00000000
e77ee251
00000000
00000000
00000000
ea783106
00000000
00000000
00000000
8a99fb8e
3f800000
00000000
00000000
fc4f35a6
00000000
00000000
00000000
9351ac9c
3f800000
00000000
00000000
c19a447c
3190ff2e
00000000
00000000
dc4c57cf
00000000
00000000
00000000
83d0c1bb
3f800000
00000000
00000000
eef03822
00000000
00000000
00000000
fd726a10
00000000
00000000
00000000
e3d90fc8
00000000
00000000
00000000
ede51ed2
00000000
00000000
00000000
84edf187
3f800000
00000000
00000000
e49e57b3
00000000
00000000
00000000
a6eae092
3f800000
00000000
00000000
a49a2dcc
3f800000
00000000
00000000
de405f08
00000000
00000000
00000000
e97c23fb
00000000
00000000
00000000
dd07ebce
00000000
00000000
00000000
ef427656
00000000
00000000
00000000
8c74482a
3f800000
00000000
00000000
f23c4a0b
00000000
00000000
00000000
f2f0e550
00000000
00000000
00000000
abee59af
3f800000
00000000
00000000
b818c44d
3f7ffd9d
00000000
00000000
a708c8bb
3f800000
00000000
00000000
bcb702ec
3f7a5824
00000000
00000000
e30cca2f
00000000
00000000
00000000
a7e90dd0
3f800000
00000000
00000000
e035887e
00000000
00000000
00000000
e9010b44
00000000
00000000
00000000
80c84ca0
3f800000
00000000
00000000
d79a15c1
00000000
00000000
00000000
84e25fb4
3f800000
00000000
00000000
c29fcb4f
05d4ba77
00000000
00000000
cd089b01
00000000
00000000
00000000
df697e11
00000000
00000000
00000000
a98e7ac3
3f800000
00000000
00000000
f790b5fb
00000000
00000000
00000000
c8348001
00000000
00000000
00000000
c5c0e0cd
00000000
00000000
00000000
a0285ea0
3f800000
00000000
00000000
ff9969fd
00000000
00000001
00000000
a865fe31
3f800000
00000000
00000000
d99546ce
00000000
00000000
00000000
b7c6390c
3f7ffe74
00000000
00000000
b3a1ab9e
3f7fffff
00000000
00000000
f93e6bbd
00000000
00000000
00000000
d53821df
00000000
00000000
00000000
a5e4b002
3f800000
00000000
00000000
b9e81726
3f7fe2ff
00000000
00000000
9fec4ea2
3f800000
00000000
00000000
9acd6cfe
3f800000
00000000
00000000
ff89afbc
00000000
00000001
00000000
d62afc70
00000000
00000000
00000000
eca8cb0f
00000000
00000000
00000000
ad42dbe2
3f800000
00000000
00000000
c6693d1b
00000000
00000000
00000000
ca3586d6
00000000
00000000
00000000
c549e07a
00000000
00000000
00000000
c340068d
00000000
00000000
00000000
800758ce
3f800000
00000000
00000000
876242c1
3f800000
00000000
00000000
b4d65934
3f7ffff9
00000000
00000000
bfb22514
3e7e9b02
00000000
00000000
fc70cfe9
00000000
00000000
00000000
99f9b270
3f800000
00000000
00000000
c05fe9e8
3cf7b5f5
00000000
00000000
fc2f091a
00000000
00000000
00000000
8530b82f
3f800000
00000000
00000000
bdca7845
3f67e6ef
00000000
00000000
83990725
3f800000
00000000
00000000
e5fccd36
00000000
00000000
00000000
85c0da27
3f800000
00000000
00000000
9b2d212b
3f800000
00000000
00000000
a77a1397
3f800000
00000000
00000000
e2c2b7d3
00000000
00000000
00000000
a979f49f
3f800000
00000000
00000000
c0c3cb18
3b1049cc
00000000
00000000
84161b78
3f800000
00000000
00000000
c2b09154
0031a301
00000000
00000000
e179e08c
00000000
00000000
00000000
81b16e7b
3f800000
00000000
00000000
f70e4dd9
00000000
00000000
00000000
a818be7b
3f800000
00000000
00000000
b3566e0f
3f7fffff
00000000
00000000
8936ff0f
3f800000
00000000
00000000
a9dc2fd3
3f800000
00000000
00000000
9ecc5931
3f800000
00000000
00000000
8ab707c8
3f800000
00000000
00000000
a1ca1b58
3f800000
00000000
00000000
9d1ea317
3f800000
00000000
00000000
d13c5155
00000000
00000000
00000000
91f65636
3f800000
00000000
00000000
cc5ba963
00000000
00000000
00000000
f24328c3
00000000
00000000
00000000
efd22cd4
00000000
00000000
00000000
c4ecd312
00000000
00000000
00000000
8764bf21
3f800000
00000000
00000000
d5feecba
00000000
00000000
00000000
ea27cf8a
00000000
00000000
00000000
82cd2e98
3f800000
00000000
00000000
f2d12c6b
00000000
00000000
00000000
b411f43b
3f7ffffe
00000000
00000000
fcfc10ae
00000000
00000000
00000000
b6602fa6
3f7fffc8
00000000
00000000
ae790ff0
3f800000
00000000
00000000
85de8cc0
3f800000
00000000
00000000
fcad1fc3
00000000
00000000
00000000
c3eafb97
00000000
00000000
00000000
d4023d61
00000000
00000000
00000000
cbca1698
00000000
00000000
00000000
e05a3972
00000000
00000000
00000000
9f763ece
3f800000
00000000
00000000
ee119c3a
00000000
00000000
00000000
d1a51f8f
00000000
00000000
00000000
8c21bef7
3f800000
00000000
00000000
bd784fb4
3f70f10c
00000000
00000000
8daa9952
3f800000
00000000
00000000
f89acc4f
00000000
00000000
00000000
ec17e350
00000000
00000000
00000000
99cd27ac
3f800000
00000000
00000000
fdeff4e2
00000000
00000000
00000000
f0b88551
00000000
00000000
00000000
f2e3c304
00000000
00000000
00000000
92ee8ad9
3f800000
00000000
00000000
89e51603
3f800000
00000000
00000000
9c5d5387
3f800000
00000000
00000000
b24ccea5
3f800000
00000000
00000000
a9342e87
3f800000
00000000
00000000
a222e932
3f800000
00000000
00000000
eb2e71ce
00000000
00000000
00000000
af96b2f5
3f800000
00000000
00000000
ebf7336d
00000000
00000000
00000000
e889b9e1
00000000
00000000
00000000
a8112445
3f800000
00000000
00000000
8ea8e9c7
3f800000
00000000
00000000
8d6891cc
3f800000
00000000
00000000
ecd4a60c
00000000
00000000
00000000
b35d87be
3f7fffff
00000000
00000000
82cacf18
3f800000
00000000
00000000
f0a3153d
00000000
00000000
00000000
db2bb9b8
00000000
00000000
00000000
8e18707f
3f800000
00000000
00000000
fb2b7ec3
00000000
00000000
00000000
dc3a6ac6
00000000
00000000
00000000
a652d648
3f800000
00000000
00000000
f7cc673a
00000000
00000000
00000000
a11881fa
3f800000
00000000
00000000
f072767c
00000000
00000000
00000000
ad19bd30
3f800000
00000000
00000000
bb601338
3f7f204f
00000000
00000000
c28eb303
0c05d40b
00000000
00000000
9a8a4e6b
3f800000
00000000
00000000
966140a9
3f800000
00000000
00000000
dd102619
00000000
00000000
00000000
f59a99fb
00000000
00000000
00000000
967a9e58
3f800000
00000000
00000000
e54a73d7
00000000
00000000
00000000
b4bbddbf
3f7ffffa
00000000
00000000
bd16dde7
3f76be0c
00000000
00000000
be8779bf
3f447bb0
00000000
00000000
ed449295
00000000
00000000
00000000
eba178c4
00000000
00000000
00000000
e167dd8c
00000000
00000000
00000000
a88a5a6d
3f800000
00000000
00000000
aa4fc479
3f800000
00000000
00000000
b4144641
3f7ffffe
00000000
00000000
e72ca7f4
00000000
00000000
00000000
c136bbf8
3737f224
00000000
00000000
cde6d92c
00000000
00000000
00000000
f57d93c5
00000000
00000000
00000000
cbca96ad
00000000
00000000
00000000
93a346fd
3f800000
00000000
00000000
e9746ce0
00000000
00000000
00000000
f26d51dc
00000000
00000000
00000000
a25f4377
3f800000
00000000
00000000
c9b30968
00000000
00000000
00000000
d59af9dd
00000000
00000000
00000000
ca0c4d0d
00000000
00000000
00000000
a095baac
3f800000
00000000
00000000
ad1f905d
3f800000
00000000
00000000
c2aa88a0
01fd849e
00000000
00000000
93d0f4e3
3f800000
00000000
00000000
89c772f6
3f800000
00000000
00000000
dab88bbf
00000000
00000000
00000000
99417af0
3f800000
00000000
00000000
d52d9c82
00000000
00000000
00000000
e5b632c3
00000000
00000000
00000000
c081dc3d
3c8d915c
00000000
00000000
a5f8e6f0
3f800000
00000000
00000000
add2c60c
3f800000
00000000
00000000
dfae5fae
00000000
00000000
00000000
d69cebbd
00000000
00000000
00000000
aa7931b1
3f800000
00000000
00000000
f70b772b
00000000
00000000
00000000
a373e905
3f800000
00000000
00000000
cc1eb482
00000000
00000000
00000000
e79be9fc
00000000
00000000
00000000
eba96566
00000000
00000000
00000000
b0222394
3f800000
00000000
00000000
d1471141
00000000
00000000
00000000
df88e589
00000000
00000000
00000000
a6f67a45
3f800000
00000000
00000000
dfa29f1a
00000000
00000000
00000000
fc0e0a83
00000000
00000000
00000000
b56f5831
3f7ffff1
00000000
00000000
fa14acc1
00000000
00000000
00000000
b86e6496
3f7ffc46
00000000
00000000
9ecfd604
3f800000
00000000
00000000
8d16de73
3f800000
00000000
00000000
f3870371
00000000
00000000
00000000
dc7f3f52
00000000
00000000
00000000
982dd295
3f800000
00000000
00000000
fa52c48d
00000000
00000000
00000000
ff2e8369
00000000
00000000
00000000
faeda42a
00000000
00000000
00000000
e1e6c074
00000000
00000000
00000000
e432d11f
00000000
00000000
00000000
c3d3cc43
00000000
00000000
00000000
d3fbd630
00000000
00000000
00000000
ff16e47d
00000000
00000000
00000000
ef2d078e
00000000
00000000
00000000
bedcc276
3f2655de
00000000
00000000
a148c69a
3f800000
00000000
00000000
c47b0738
00000000
00000000
00000000
94bb3c45
3f800000
00000000
00000000
e0db9fb7
00000000
00000000
00000000
eaaf2cb0
00000000
00000000
00000000
9e7d5340
3f800000
00000000
00000000
c0720993
3cba9ef0
00000000
00000000
b3d77b9e
3f7ffffe
00000000
00000000
d21bcb8a
00000000
00000000
00000000
df463560
00000000
00000000
00000000
e8215e43
00000000
00000000
00000000
f64272b9
00000000
00000000
00000000
ea0187a2
00000000
00000000
00000000
9a77a983
3f800000
00000000
00000000
9a01e4c3
3f800000
00000000
00000000
ce6c900e
00000000
00000000
00000000
f78eac90
00000000
00000000
00000000
c583bac1
00000000
00000000
00000000
ad9f8baa
3f800000
00000000
00000000
a93c7d12
3f800000
00000000
00000000
8a8374fe
3f800000
00000000
00000000
c308b3ad
00000000
00000000
00000000
aeae172e
3f800000
00000000
00000000
97342c0d
3f800000
00000000
00000000
c6be7ae0
00000000
00000000
00000000
eb5ef79e
00000000
00000000
00000000
f6f8cd4a
00000000
00000000
00000000
df1e58c9
00000000
00000000
00000000
e6a05bfa
00000000
00000000
00000000
c391ee4f
00000000
00000000
00000000
a791bd0c
3f800000
00000000
00000000
a8c10234
3f800000
00000000
00000000
dd4b0b3e
00000000
00000000
00000000
af77f949
3f800000
00000000
00000000
ed4c98eb
00000000
00000000
00000000
cba9e411
00000000
00000000
00000000
bcb7ad09
3f7a52f1
00000000
00000000
dd888c73
00000000
00000000
00000000
8845a7ff
3f800000
00000000
00000000
95016c3f
3f800000
00000000
00000000
9ff6daf9
3f800000
00000000
00000000
a584a13b
3f800000
00000000
00000000
fc96245d
00000000
00000000
00000000
fc6a978d
00000000
00000000
00000000
bcf56ec8
3f7871a9
00000000
00000000
a97a0d59
3f800000
00000000
00000000
8500d75e
3f800000
00000000
00000000
e2970ab9
00000000
00000000
00000000
b5bb55a2
3f7fffe9
00000000
00000000
8deb245d
3f800000
00000000
00000000
c951bafb
00000000
00000000
00000000
e742dacf
00000000
00000000
00000000
9c3d707f
3f800000
00000000
00000000
aa4124fb
3f800000
00000000
00000000
a6afe759
3f800000
00000000
00000000
d144a4a6
00000000
00000000
00000000
ccef175a
00000000
00000000
00000000
f62002e0
00000000
00000000
00000000
ec834e58
00000000
00000000
00000000
d130ee0a
00000000
00000000
00000000
cb8aad4d
00000000
00000000
00000000
bd285d58
3f75b0c8
00000000
00000000
e756aec2
00000000
00000000
00000000
d1d9ac02
00000000
00000000
00000000
c459c3ed
00000000
00000000
00000000
c23c815a
1d80fce7
00000000
00000000
e7496d65
00000000
00000000
00000000
843c3f6f
3f800000
00000000
00000000
a7768575
3f800000
00000000
00000000
8802fe41
3f800000
00000000
00000000
b671cd55
3f7fffc4
00000000
00000000
d258fb5f
00000000
00000000
00000000
8186a887
3f800000
00000000
00000000
c6b1e5a9
00000000
00000000
00000000
cecbc496
00000000
00000000
00000000
ca977eb9
00000000
00000000
00000000
a568caff
3f800000
00000000
00000000
d35ce7da
00000000
00000000
00000000
821f54ce
3f800000
00000000
00000000
bb97f7fd
3f7ed0c4
00000000
00000000
9dd2b5c1
3f800000
00000000
00000000
b0d8723a
3f800000
00000000
00000000
b8490b18
3f7ffcdc
00000000
00000000
acecbb98
3f800000
00000000
00000000
85a4702f
3f800000
00000000
00000000
e737604a
00000000
00000000
00000000
ccd0bef9
00000000
00000000
00000000
bf18618a
3f0d2a97
00000000
00000000
94472263
3f800000
00000000
00000000
8b116a73
3f800000
00000000
00000000
b3590e58
3f7fffff
00000000
00000000
c67eab68
00000000
00000000
00000000
acdbf5de
3f800000
00000000
00000000
d95ac969
00000000
00000000
00000000
b7bcd7cf
3f7ffe86
00000000
00000000
f5b820f5
00000000
00000000
00000000
a1eaf022
3f800000
00000000
00000000
b15ef539
3f800000
00000000
00000000
8c82d214
3f800000
00000000
00000000
b116bc0b
3f800000
00000000
00000000
8f0f1f8c
3f800000
00000000
00000000
976abb05
3f800000
00000000
00000000
fc8deb3c
00000000
00000000
00000000
fa1fae61
00000000
00000000
00000000
d5ccd614
00000000
00000000
00000000
c2720c5e
13cfde4a
00000000
00000000
9106cf64
3f800000
00000000
00000000
b149254c
3f800000
00000000
00000000
b82f71bd
3f7ffd42
00000000
00000000
d12087be
00000000
00000000
00000000
e91b2a7c
00000000
00000000
00000000
e6357f2a
00000000
00000000
00000000
830d77a1
3f800000
00000000
00000000
b9675849
3f7ff18b
00000000
00000000
a137e050
3f800000
00000000
00000000
a0f7ab28
3f800000
00000000
00000000
f7681cd7
00000000
00000000
00000000
b04ebfd9
3f800000
00000000
00000000
a7be0726
3f800000
00000000
00000000
db38c2fd
00000000
00000000
00000000
f4a7cc68
00000000
00000000
00000000
824f3784
3f800000
00000000
00000000
a90f0e7f
3f800000
00000000
00000000
ba8c5199
3f7fb9e1
00000000
00000000
f6883f99
00000000
00000000
00000000
da5b777b
00000000
00000000
00000000
916157b6
3f800000
00000000
00000000
d93bfd4f
00000000
00000000
00000000
d5f8ec74
00000000
00000000
00000000
dcb755a3
00000000
00000000
00000000
ccd4561a
00000000
00000000
00000000
e200a149
00000000
00000000
00000000
fc46e029
00000000
00000000
00000000
c77bd1d6
00000000
00000000
00000000
ea7c9e44
00000000
00000000
00000000
d33739c3
00000000
00000000
00000000
895f308f
3f800000
00000000
00000000
e48468e7
00000000
00000000
00000000
e23618a6
00000000
00000000
00000000
b310d93b
3f7fffff
00000000
00000000
e087e58e
00000000
00000000
00000000
d32cecc4
00000000
00000000
00000000
88e000a7
3f800000
00000000
00000000
994d5419
3f800000
00000000
00000000
de340569
00000000
00000000
00000000
8649bb20
3f800000
00000000
00000000
9b117a8f
3f800000
00000000
00000000
f41a5c4b
00000000
00000000
00000000
87cbcc51
3f800000
00000000
00000000
bad9c35b
3f7f9335
00000000
00000000
a00de7b3
3f800000
00000000
00000000
a33eb89f
3f800000
00000000
00000000
9b2d5119
3f800000
00000000
00000000
d47882a0
00000000
00000000
00000000
8ffe6575
3f800000
00000000
00000000
b708a1af
3f7fff77
00000000
00000000
ada3f486
3f800000
00000000
00000000
feb59ac9
00000000
00000000
00000000
c8628644
00000000
00000000
00000000
84434b56
3f800000
00000000
00000000
d43eec74
00000000
00000000
00000000
9341dca6
3f800000
00000000
00000000
d0d8eea5
00000000
00000000
00000000
9567435e
3f800000
00000000
00000000
c9021040
00000000
00000000
00000000
c7371664
00000000
00000000
00000000
8f0992d5
3f800000
00000000
00000000
d5e6bcc1
00000000
00000000
00000000
ce35f514
00000000
00000000
00000000
d57caba1
00000000
00000000
00000000
d0a5f52b
00000000
00000000
00000000
a9b5b102
3f800000
00000000
00000000
e668f8c1
00000000
00000000
00000000
8132e565
3f800000
00000000
00000000
e26d99e1
00000000
00000000
00000000
be699f8a
3f4bc719
00000000
00000000
95a6d2de
3f800000
00000000
00000000
8fe31024
3f800000
00000000
00000000
803ac647
3f800000
00000000
00000000
fd93ddce
00000000
00000000
00000000
907d85c7
3f800000
00000000
00000000
edd231c4
00000000
00000000
00000000
dc3f62e1
00000000
00000000
00000000
fd3adba4
00000000
00000000
00000000
b5c2211e
3f7fffe8
00000000
00000000
8bff633e
3f800000
00000000
00000000
83131ab9
3f800000
00000000
00000000
e594ecc8
00000000
00000000
00000000
946bef52
3f800000
00000000
00000000
afcb9dd8
3f800000
00000000
00000000
c37d4674
00000000
00000000
00000000
e981a94b
00000000
00000000
00000000
914bf23d
3f800000
00000000
00000000
f4de0531
00000000
00000000
00000000
90475be9
3f800000
00000000
00000000
a7344287
3f800000
00000000
00000000
86d4cadb
3f800000
00000000
00000000
e1134c1a
00000000
00000000
00000000
dc811ae7
00000000
00000000
00000000
fdb27c75
00000000
00000000
00000000
9fa1795e
3f800000
00000000
00000000
e1f9fe41
00000000
00000000
00000000
f6165623
00000000
00000000
00000000
82c9b88b
3f800000
00000000
00000000
a83316a8
3f800000
00000000
00000000
9576d9d1
3f800000
00000000
00000000
ba7ec373
3f7fc057
00000000
00000000
cb9f5f07
00000000
00000000
00000000
81c3051d
3f800000
00000000
00000000
f437d178
00000000
00000000
00000000
feab1e70
00000000
00000000
00000000
ad206ce6
3f800000
00000000
00000000
88710b30
3f800000
00000000
00000000
d23399ab
00000000
00000000
00000000
fc2d3df7
00000000
00000000
00000000
ea17556e
00000000
00000000
00000000
a88f9cd1
3f800000
00000000
00000000
cdb9431e
00000000
00000000
00000000
ae52454c
3f800000
00000000
00000000
ba1486c0
3f7fdae1
00000000
00000000
d17b0b67
00000000
00000000
00000000
9abdbcd0
3f800000
00000000
00000000
99c71a02
3f800000
00000000
00000000
eb0e38c6
00000000
00000000
00000000
ac151503
3f800000
00000000
00000000
d4a3973d
00000000
00000000
00000000
80b05e4e
3f800000
00000000
00000000
84addc1e
3f800000
00000000
00000000
a86f64a9
3f800000
00000000
00000000
bcc1908e
3f7a05a2
00000000
00000000
e9c560f6
00000000
00000000
00000000
bf5f5e4b
3ed5f5ed
00000000
00000000
c6f88dca
00000000
00000000
00000000
8fbda4f0
3f800000
00000000
00000000
821d88ee
3f800000
00000000
00000000
c7b6a753
00000000
00000000
00000000
cc871446
00000000
00000000
00000000
ba818a03
3f7fbf43
00000000
00000000
aa4ebdb2
3f800000
00000000
00000000
e1a3ed1d
00000000
00000000
00000000
8529c025
3f800000
00000000
00000000
8cf58615
3f800000
00000000
00000000
cff0e546
00000000
00000000
00000000
a2d35b0e
3f800000
00000000
00000000
e8381568
00000000
00000000
00000000
d917d14e
00000000
00000000
00000000
d60b553b
00000000
00000000
00000000
c87616fe
00000000
00000000
00000000
f7cccebf
00000000
00000000
00000000
d753b99c
00000000
00000000
00000000
a089e02c
3f800000
00000000
00000000
b4a60289
3f7ffffb
00000000
00000000
ae92f355
3f800000
00000000
00000000
b98eaf58
3f7fee2b
00000000
00000000
c7e3fe61
00000000
00000000
00000000
8680f2e0
3f800000
00000000
00000000
f6445e2c
00000000
00000000
00000000
eae6bc7f
00000000
00000000
00000000
a68672cc
3f800000
00000000
00000000
d8fa1b2e
00000000
00000000
00000000
b654fa87
3f7fffcb
00000000
00000000
ff1d4c6e
00000000
00000000
00000000
bd16c70a
3f76bf6c
00000000
00000000
fc523787
00000000
00000000
00000000
c6200158
00000000
00000000
00000000
97c7df26
3f800000
00000000
00000000
d2f7bbf0
00000000
00000000
00000000
f1008128
00000000
00000000
00000000
a1359d15
3f800000
00000000
00000000
cfa197cf
00000000
00000000
00000000
d5cd7f93
00000000
00000000
00000000
fd80472c
00000000
00000000
00000000
e47b5baf
00000000
00000000
00000000
9cd723a5
3f800000
00000000
00000000
80066085
3f800000
00000000
00000000
f354217c
00000000
00000000
00000000
f48f64cd
00000000
00000000
00000000
a1d26756
3f800000
00000000
00000000
997f1af7
3f800000
00000000
00000000
b3413bae
3f7fffff
00000000
00000000
d13c880b
00000000
00000000
00000000
ca4fde28
00000000
00000000
00000000
ab7f1ad4
3f800000
00000000
00000000
f4d03be7
00000000
00000000
00000000
fad72211
00000000
00000000
00000000
80712cca
3f800000
00000000
00000000
d9d4b0e9
00000000
00000000
00000000
8b24096e
3f800000
00000000
00000000
d1c50318
00000000
00000000
00000000
843bf864
3f800000
00000000
00000000
85ee6934
3f800000
00000000
00000000
a971d905
3f800000
00000000
00000000
fb8344b5
00000000
00000000
00000000
edeab4e5
00000000
00000000
00000000
e4e58833
00000000
00000000
00000000
b11c550d
3f800000
00000000
00000000
91f92526
3f800000
00000000
00000000
ca7172ba
00000000
00000000
00000000
d938bcad
00000000
00000000
00000000
bf8363cd
3eb76e79
00000000
00000000
81bfd823
3f800000
00000000
00000000
8cf0751f
3f800000
00000000
00000000
b4dfa3fc
3f7ffff9
00000000
00000000
a4c8407f
3f800000
00000000
00000000
917a5f20
3f800000
00000000
00000000
97b55784
3f800000
00000000
00000000
ed83fb83
00000000
00000000
00000000
8ff4af54
3f800000
00000000
00000000
d0331bab
00000000
00000000
00000000
abc113fb
3f800000
00000000
00000000
c466ffd2
00000000
00000000
00000000
b3c32558
3f7ffffe
00000000
00000000
9affcf6f
3f800000
00000000
00000000
f59c082b
00000000
00000000
00000000
d884aa11
00000000
00000000
00000000
b7ca34e1
3f7ffe6c
00000000
00000000
d537a0c1
00000000
00000000
00000000
a18c8b15
3f800000
00000000
00000000
8b08dc04
3f800000
00000000
00000000
98fb0b25
3f800000
00000000
00000000
c3ac924a
00000000
00000000
00000000
dbc740f1
00000000
00000000
00000000
8d123cc1
3f800000
00000000
00000000
dbda3337
00000000
00000000
00000000
ea126a0f
00000000
00000000
00000000
936df3b0
3f800000
00000000
00000000
fc9cce28
00000000
00000000
00000000
ac129de2
3f800000
00000000
00000000
d6336093
00000000
00000000
00000000
adf11058
3f800000
00000000
00000000
99d2562c
3f800000
00000000
00000000
afae7ae7
3f800000
00000000
00000000
8785458c
3f800000
00000000
00000000
b01a126e
3f800000
00000000
00000000
b391ae5c
3f7fffff
00000000
00000000
962f43c9
3f800000
00000000
00000000
cd75c50c
00000000
00000000
00000000
b55506e5
3f7ffff3
00000000
00000000
f154a1dc
00000000
00000000
00000000
c4412ad0
00000000
00000000
00000000
eb26f126
00000000
00000000
00000000
9e73dd48
3f800000
00000000
00000000
ca20adea
00000000
00000000
00000000
d41df9fc
00000000
00000000
00000000
fb5513f9
00000000
00000000
00000000
8748d745
3f800000
00000000
00000000
9a684caf
3f800000
00000000
00000000
d0bdcb65
00000000
00000000
00000000
8c53c1dc
3f800000
00000000
00000000
8166ccef
3f800000
00000000
00000000
9c36db5b
3f800000
00000000
00000000
b8d39d84
3f7ff963
00000000
00000000
f1c6a0db
00000000
00000000
00000000
a7ab92b3
3f800000
00000000
00000000
d4533533
00000000
00000000
00000000
fa174b51
00000000
00000000
00000000
fb0eacb4
00000000
00000000
00000000
a4c78a74
3f800000
00000000
00000000
f16f5e95
00000000
00000000
00000000
b1e602de
3f800000
00000000
00000000
f9a24af2
00000000
00000000
00000000
d3907cc6
00000000
00000000
00000000
c0ad00de
3b930fc8
00000000
00000000
ab56d190
3f800000
00000000
00000000
da76077f
00000000
00000000
00000000
9e514dd4
3f800000
00000000
00000000
91c72101
3f800000
00000000
00000000
d1aa6537
00000000
00000000
00000000
d02cdf95
00000000
00000000
00000000
8c758558
3f800000
00000000
00000000
f5343bde
00000000
00000000
00000000
e1e56961
00000000
00000000
00000000
a51850d1
3f800000
00000000
00000000
d998c843
00000000
00000000
00000000
bc63d7e3
3f7c76ef
00000000
00000000
9a7234c2
3f800000
00000000
00000000
88331c59
3f800000
00000000
00000000
8e0a1a13
3f800000
00000000
00000000
b8db0ccf
3f7ff928
00000000
00000000
b768f64d
3f7fff17
00000000
00000000
b5186c15
3f7ffff6
00000000
00000000
d241ae5b
00000000
00000000
00000000
af4cd75e
3f800000
00000000
00000000
878401d2
3f800000
00000000
00000000
ea27ced2
00000000
00000000
00000000
debfbb26
00000000
00000000
00000000
c39046a1
00000000
00000000
00000000
e4825779
00000000
00000000
00000000
f8aa122d
00000000
00000000
00000000
975f6dac
3f800000
00000000
00000000
f5dffc87
00000000
00000000
00000000
97ac4f28
3f800000
00000000
00000000
bed245a0
3f29c718
00000000
00000000
901a470e
3f800000
00000000
00000000
aabfa8a8
3f800000
00000000
00000000
f10718e7
00000000
00000000
00000000
ae76e4d1
3f800000
00000000
00000000
d5bbbca3
00000000
00000000
00000000
f3b642f6
00000000
00000000
00000000
ff82cb58
00000000
00000001
00000000
c70cd706
00000000
00000000
00000000
f03c9165
00000000
00000000
00000000
bf2626c3
3f05c608
00000000
00000000
c317ebf2
00000000
00000000
00000000
8b35adbc
3f800000
00000000
00000000
cadd2834
00000000
00000000
00000000
f7dd3d1a
00000000
00000000
00000000
958723d6
3f800000
00000000
00000000
c1a7f8db
305127fe
00000000
00000000
b2db96e3
3f800000
00000000
00000000
e8680c61
00000000
00000000
00000000
9b21165c
3f800000
00000000
00000000
976e8df4
3f800000
00000000
00000000
b6f07975
3f7fff88
00000000
00000000
80ce5d6b
3f800000
00000000
00000000
8a5dea93
3f800000
00000000
00000000
b6b645f1
3f7fffa5
00000000
00000000
cf4af35a
00000000
00000000
00000000
e5b52c25
00000000
00000000
00000000
c58ea4f3
00000000
00000000
00000000
b2d11ff0
3f800000
00000000
00000000
93bd1de1
3f800000
00000000
00000000
cb8c9e87
00000000
00000000
00000000
b2fa2015
3f800000
00000000
00000000
e3f6d8fb
00000000
00000000
00000000
efec4a38
00000000
00000000
00000000
f6b63de2
00000000
00000000
00000000
c39266c7
00000000
00000000
00000000
8ed84bf4
3f800000
00000000
00000000
e456da31
00000000
00000000
00000000
8d73d308
3f800000
00000000
00000000
da997855
00000000
00000000
00000000
eb90cb2e
00000000
00000000
00000000
a2f70285
3f800000
00000000
00000000
c42b982b
00000000
00000000
00000000
8b52fb18
3f800000
00000000
00000000
c42b37ab
00000000
00000000
00000000
eccdc826
00000000
00000000
00000000
c5b42de5
00000000
00000000
00000000
f02f43b9
00000000
00000000
00000000
d9b41a9f
00000000
00000000
00000000
b051f981
3f800000
00000000
00000000
9efab841
3f800000
00000000
00000000
f433896b
00000000
00000000
00000000
f8aa90e0
00000000
00000000
00000000
c798faa1
00000000
00000000
00000000
e3c5fc69
00000000
00000000
00000000
d309cf77
00000000
00000000
00000000
ff3e9d49
00000000
00000000
00000000
c2ad1676
010d652c
00000000
00000000
a6d2195d
3f800000
00000000
00000000
dfda4432
00000000
00000000
00000000
afbdd775
3f800000
00000000
00000000
a96064c3
3f800000
00000000
00000000
b841a357
3f7ffcf9
00000000
00000000
af5ea1bc
3f800000
00000000
00000000
ee1c3239
00000000
00000000
00000000
b46bc1d4
3f7ffffc
00000000
00000000
ebe64375
00000000
00000000
00000000
b4207696
3f7ffffd
00000000
00000000
b0dca5af
3f800000
00000000
00000000
f6515895
00000000
00000000
00000000
87a377b2
3f800000
00000000
00000000
eccc3728
00000000
00000000
00000000
ca523889
00000000
00000000
00000000
bcbe1a0d
3f7a20b2
00000000
00000000
aea55647
3f800000
00000000
00000000
b75f43f0
3f7fff21
00000000
00000000
a55d480e
3f800000
00000000
00000000
baa05f69
3f7fafdd
00000000
00000000
99e266e3
3f800000
00000000
00000000
9c65603b
3f800000
00000000
00000000
97572b95
3f800000
00000000
00000000
8644faf8
3f800000
00000000
00000000
a036e90e
3f800000
00000000
00000000
c1980c5b
31bf5a4b
00000000
00000000
9c067449
3f800000
00000000
00000000
823a0f14
3f800000
00000000
00000000
de9f1b59
00000000
00000000
00000000
e693652d
00000000
00000000
00000000
d776fc0f
00000000
00000000
00000000
b80528d7
3f7ffdeb
00000000
00000000
b89553e8
3f7ffb55
00000000
00000000
c27b175d
122d66b5
00000000
00000000
80c7313a
3f800000
00000000
00000000
d1536bbc
00000000
00000000
00000000
b3112b26
3f7fffff
00000000
00000000
adaf6398
3f800000
00000000
00000000
bdb3d617
3f6a7aab
00000000
00000000
cc755847
00000000
00000000
00000000
cf8f87dc
00000000
00000000
00000000
e52dad96
00000000
00000000
00000000
86d59a03
3f800000
00000000
00000000
8be1866b
3f800000
00000000
00000000
b0176500
3f800000
00000000
00000000
e19a740a
00000000
00000000
00000000
feae1a7c
00000000
00000000
00000000
b3a3edd0
3f7fffff
00000000
00000000
a95f1eb9
3f800000
00000000
00000000
de193f76
00000000
00000000
00000000
8f11d025
3f800000
00000000
00000000
d2d7b03a
00000000
00000000
00000000
c2a25f5e
04ea6cab
00000000
00000000
cc17b3e7
00000000
00000000
00000000
e32302d1
00000000
00000000
00000000
d657fb2e
00000000
00000000
00000000
f9442990
00000000
00000000
00000000
9934207d
3f800000
00000000
00000000
badf577e
3f7f906d
00000000
00000000
d981e0bf
00000000
00000000
00000000
dc2ea96d
00000000
00000000
00000000
cce6370f
00000000
00000000
00000000
886ea6a4
3f800000
00000000
00000000
c5d03013
00000000
00000000
00000000
b72e3b1f
3f7fff52
00000000
00000000
ceae74dd
00000000
00000000
00000000
8d8960fd
3f800000
00000000
00000000
f5f2dc8b
00000000
00000000
00000000
a1dd42fe
3f800000
00000000
00000000
aae4a8a6
3f800000
00000000
00000000
efb178f8
00000000
00000000
00000000
8ae4501f
3f800000
00000000
00000000
95bd74de
3f800000
00000000
00000000
ec1c0105
00000000
00000000
00000000
c717be72
00000000
00000000
00000000
c15e44ad
3578ba06
00000000
00000000
c770e399
00000000
00000000
00000000
9c0d32d4
3f800000
00000000
00000000
fdb6230f
00000000
00000000
00000000
8c1f9935
3f800000
00000000
00000000
ec288d21
00000000
00000000
00000000
eb391938
00000000
00000000
00000000
b38afe63
3f7fffff
00000000
00000000
f6fc76d9
00000000
00000000
00000000
e74ac89f
00000000
00000000
00000000
e68283f5
00000000
00000000
00000000
d2f9f05e
00000000
00000000
00000000
87e85549
3f800000
00000000
00000000
c51bf73a
00000000
00000000
00000000
8d8517c4
3f800000
00000000
00000000
a7a58c4f
3f800000
00000000
00000000
f94cf97a
00000000
00000000
00000000
c2e83e35
00000000
00000000
00000000
9417e869
3f800000
00000000
00000000
b39e9355
3f7fffff
00000000
00000000
e7ae9ec3
00000000
00000000
00000000
e970f2c7
00000000
00000000
00000000
dbe10403
00000000
00000000
00000000
f3399d7a
00000000
00000000
00000000
e7889b58
00000000
00000000
00000000
b7ff0eee
3f7ffe02
00000000
00000000
cb9ae139
00000000
00000000
00000000
848ef04c
3f800000
00000000
00000000
9a597941
3f800000
00000000
00000000
9b677475
3f800000
00000000
00000000
c312eb71
00000000
00000000
00000000
cc930fe7
00000000
00000000
00000000
cd0cac9d
00000000
00000000
00000000
ea0fb7a7
00000000
00000000
00000000
b5dd724f
3f7fffe4
00000000
00000000
e28a2b65
00000000
00000000
00000000
82e03c46
3f800000
00000000
00000000
996e11ab
3f800000
00000000
00000000
b260e6c7
3f800000
00000000
00000000
ec36ba7a
00000000
00000000
00000000
e47f03e7
00000000
00000000
00000000
c988f6a4
00000000
00000000
00000000
c5dcd1c3
00000000
00000000
00000000
f68b5448
00000000
00000000
00000000
cffbddf6
00000000
00000000
00000000
a9277dfb
3f800000
00000000
00000000
ab482995
3f800000
00000000
00000000
baa297d1
3f7faec1
00000000
00000000
9fe958d1
3f800000
00000000
00000000
ebeee3f2
00000000
00000000
00000000
81bc4f77
3f800000
00000000
00000000
b7b0a67c
3f7ffe9f
00000000
00000000
a9c81e99
3f800000
00000000
00000000
d58de130
00000000
00000000
00000000
fde258d6
00000000
00000000
00000000
caa53879
00000000
00000000
00000000
b988f0e0
3f7feee2
00000000
00000000
de47be8e
00000000
00000000
00000000
fdd24f04
00000000
00000000
00000000
da792597
00000000
00000000
00000000
995d386d
3f800000
00000000
00000000
d74d1754
00000000
00000000
00000000
be7bf473
3f482982
00000000
00000000
b0ab9466
3f800000
00000000
00000000
dd092874
00000000
00000000
00000000
aff35281
3f800000
00000000
00000000
c8cecd37
00000000
00000000
00000000
bb88ad0f
3f7eef38
00000000
00000000
b95ad6d5
3f7ff253
00000000
00000000
bcc1e179
3f7a032a
00000000
00000000
8630f63a
3f800000
00000000
00000000
d3dbf111
00000000
00000000
00000000
d764b743
00000000
00000000
00000000
826aec44
3f800000
00000000
00000000
ec867378
00000000
00000000
00000000
f3725451
00000000
00000000
00000000
f08d370d
00000000
00000000
00000000
d28f2101
00000000
00000000
00000000
b17aeaf2
3f800000
00000000
00000000
fa43c765
00000000
00000000
00000000
e02f3ae7
00000000
00000000
00000000
92b95cbf
3f800000
00000000
00000000
f81d7872
00000000
00000000
00000000
921500d1
3f800000
00000000
00000000
aa5a2420
3f800000
00000000
00000000
944d444c
3f800000
00000000
00000000
d229bc33
00000000
00000000
00000000
90b91eec
3f800000
00000000
00000000
e448de9f
00000000
00000000
00000000
be575d99
3f4f718f
00000000
00000000
8fff1c54
3f800000
00000000
00000000
97d5e96c
3f800000
00000000
00000000
d23dff12
00000000
00000000
00000000
bbfbec02
3f7e0a17
00000000
00000000
a665106a
3f800000
00000000
00000000
ea4cf0c3
00000000
00000000
00000000
e41bcfc7
00000000
00000000
00000000
ab87a263
3f800000
00000000
00000000
d91a56ea
00000000
00000000
00000000
c00040da
3e0a092f
00000000
00000000
ac5aa9fc
3f800000
00000000
00000000
dd823078
00000000
00000000
00000000
b730d6c4
3f7fff4f
00000000
00000000
97267ea8
3f800000
00000000
00000000
e1358f60
00000000
00000000
00000000
f89fc465
00000000
00000000
00000000
a6e75b6e
3f800000
00000000
00000000
a691f4bb
3f800000
00000000
00000000
bd6df5f7
3f718d1d
00000000
00000000
e0911367
00000000
00000000
00000000
882d460c
3f800000
00000000
00000000
806c31c5
3f800000
00000000
00000000
8704667b
3f800000
00000000
00000000
b9fc91c5
3f7fe070
00000000
00000000
8e155ff3
3f800000
00000000
00000000
969a767b
3f800000
00000000
00000000
8e73bcc2
3f800000
00000000
00000000
ceaf3ce5
00000000
00000000
00000000
aa7395eb
3f800000
00000000
00000000
f633dcd7
00000000
00000000
00000000
ec43005a
00000000
00000000
00000000
b6049cf1
3f7fffdf
00000000
00000000
e5eb57dd
00000000
00000000
00000000
e53564a7
00000000
00000000
00000000
bc3f2d95
3f7d07bb
00000000
00000000
a3ad6be3
3f800000
00000000
00000000
d3ae6144
00000000
00000000
00000000
f6d309c2
00000000
00000000
00000000
8bea3845
3f800000
00000000
00000000
cb751a78
00000000
00000000
00000000
88a2de5c
3f800000
00000000
00000000
85b90f20
3f800000
00000000
00000000
aed3b43c
3f800000
00000000
00000000
bae1cf52
3f7f8f31
00000000
00000000
8fc8e18e
3f800000
00000000
00000000
d750aca0
00000000
00000000
00000000
8b191914
3f800000
00000000
00000000
bb7f37c8
3f7f0147
00000000
00000000
f806aca6
00000000
00000000
00000000
fc151e9d
00000000
00000000
00000000
b961214c
3f7ff1ee
00000000
00000000
cb714741
00000000
00000000
00000000
c66d6b57
00000000
00000000
00000000
b10a8010
3f800000
00000000
00000000
fa655cc9
00000000
00000000
00000000
e03a0367
00000000
00000000
00000000
d43d05a3
00000000
00000000
00000000
bac70421
3f7f9c91
00000000
00000000
e4c479ba
00000000
00000000
00000000
ddd9d108
00000000
00000000
00000000
fbed2be5
00000000
00000000
00000000
937e0ff7
3f800000
00000000
00000000
b58fbcd7
3f7fffee
00000000
00000000
98835bfb
3f800000
00000000
00000000
b3f8a0b0
3f7ffffe
00000000
00000000
d0e37f37
00000000
00000000
00000000
e44f00e8
00000000
00000000
00000000
b705b08d
3f7fff7a
00000000
00000000
cc3d2502
00000000
00000000
00000000
baa0854b
3f7fafca
00000000
00000000
b4ec9bdc
3f7ffff9
00000000
00000000
e1534954
00000000
00000000
00000000
c896fc20
00000000
00000000
00000000
c3f72956
00000000
00000000
00000000
90318e69
3f800000
00000000
00000000
844b3a19
3f800000
00000000
00000000
a6ee4ff2
3f800000
00000000
00000000
c2d99170
00000000
00000000
00000000
99b07322
3f800000
00000000
00000000
ccd418b6
00000000
00000000
00000000
cec554bf
00000000
00000000
00000000
ff81b463
00000000
00000001
00000000
c31d796a
00000000
00000000
00000000
8cbe3ea7
3f800000
00000000
00000000
9b5f7125
3f800000
00000000
00000000
a15088fb
3f800000
00000000
00000000
b215af66
3f800000
00000000
00000000
d089f293
00000000
00000000
00000000
d680e976
00000000
00000000
00000000
d44537ad
00000000
00000000
00000000
9c33e153
3f800000
00000000
00000000
de82711c
00000000
00000000
00000000
8763baad
3f800000
00000000
00000000
ddee3d8e
00000000
00000000
00000000
8ece3ad8
3f800000
00000000
00000000
ddf43598
00000000
00000000
00000000
b1f2c8ca
3f800000
00000000
00000000
d764882e
00000000
00000000
00000000
bb7f0afa
3f7f0174
00000000
00000000
97a08ca0
3f800000
00000000
00000000
c4daf7bd
00000000
00000000
00000000
fe205f29
00000000
00000000
00000000
fc4dfe1c
00000000
00000000
00000000
971df393
3f800000
00000000
00000000
f9a6eff3
00000000
00000000
00000000
cf079bc1
00000000
00000000
00000000
ca01e59b
00000000
00000000
00000000
80484c7d
3f800000
00000000
00000000
cb95f151
00000000
00000000
00000000
b8eaec09
3f7ff8a9
00000000
00000000
9a6a7e9b
3f800000
00000000
00000000
d04e4c30
00000000
00000000
00000000
ea532026
00000000
00000000
00000000
a4ff0371
3f800000
00000000
00000000
ee1139a0
00000000
00000000
00000000
e23e50e6
00000000
00000000
00000000
8ce90a78
3f800000
00000000
00000000
8f5f1817
3f800000
00000000
00000000
da40cd48
00000000
00000000
00000000
ff572276
00000000
00000000
00000000
9a9c7c5f
3f800000
00000000
00000000
ab67530e
3f800000
00000000
00000000
ccc34f38
00000000
00000000
00000000
81be1b37
3f800000
00000000
00000000
da70a0c5
00000000
00000000
00000000
eb6dc0f9
00000000
00000000
00000000
ea81f3f4
00000000
00000000
00000000
c887938e
00000000
00000000
00000000
ad756aa6
3f800000
00000000
00000000
9a30c810
3f800000
00000000
00000000
9291d213
3f800000
00000000
00000000
ea7ef339
00000000
00000000
00000000
a59c0f2a
3f800000
00000000
00000000
8de031cc
3f800000
00000000
00000000
d3808ca2
00000000
00000000
00000000
dc36126b
00000000
00000000
00000000
ebf95b6c
00000000
00000000
00000000
ca18af1f
00000000
00000000
00000000
fa62ae2e
00000000
00000000
00000000
c474a0ca
00000000
00000000
00000000
d6c1b2ea
00000000
00000000
00000000
86786988
3f800000
00000000
00000000
d5e69d5b
00000000
00000000
00000000
816d17aa
3f800000
00000000
00000000
e2ff5572
00000000
00000000
00000000
9336f7e8
3f800000
00000000
00000000
bafb4506
3f7f827c
00000000
00000000
b862baf6
3f7ffc75
00000000
00000000
a60a53d1
3f800000
00000000
00000000
d68f5573
00000000
00000000
00000000
8686aaf6
3f800000
00000000
00000000
8d653c79
3f800000
00000000
00000000
fb27aa1d
00000000
00000000
00000000
a0249ef9
3f800000
00000000
00000000
a983080a
3f800000
00000000
00000000
8738ce64
3f800000
00000000
00000000
b8453516
3f7ffceb
00000000
00000000
dbeeb7e1
00000000
00000000
00000000
c4a3324b
00000000
00000000
00000000
fba9babd
00000000
00000000
00000000
c86a9ce7
00000000
00000000
00000000
f5b77a88
00000000
00000000
00000000
9f586f86
3f800000
00000000
00000000
b629b223
3f7fffd6
00000000
00000000
8a90a69c
3f800000
00000000
00000000
c052a551
3d18632e
00000000
00000000
e486dd07
00000000
00000000
00000000
f730397e
00000000
00000000
00000000
ac2af5b4
3f800000
00000000
00000000
d32f310a
00000000
00000000
00000000
81188e6f
3f800000
00000000
00000000
b69f515c
3f7fffb0
00000000
00000000
9bccceb0
3f800000
00000000
00000000
825b6f78
3f800000
00000000
00000000
db0a4d79
00000000
00000000
00000000
b1527673
3f800000
00000000
00000000
dad362cf
00000000
00000000
00000000
b4dee610
3f7ffff9
00000000
00000000
c28e9444
0c0e1c6c
00000000
00000000
85b77c2a
3f800000
00000000
00000000
d2da41b5
00000000
00000000
00000000
d51a591e
00000000
00000000
00000000
e20ccb88
00000000
00000000
00000000
f934e122
00000000
00000000
00000000
b587a987
3f7fffef
00000000
00000000
b3011681
3f7fffff
00000000
00000000
d59377ad
00000000
00000000
00000000
8aa70664
3f800000
00000000
00000000
ecd44649
00000000
00000000
00000000
83ad2d58
3f800000
00000000
00000000
bc1e1187
3f7d8ac4
00000000
00000000
ab3b7f31
3f800000
00000000
00000000
f6d3bbd3
00000000
00000000
00000000
d8d09292
00000000
00000000
00000000
cbfbc23b
00000000
00000000
00000000
b52b1d8c
3f7ffff5
00000000
00000000
87cd2f5a
3f800000
00000000
00000000
d0b48126
00000000
00000000
00000000
b343f546
3f7fffff
00000000
00000000
a1d1a0cc
3f800000
00000000
00000000
9bedff40
3f800000
00000000
00000000
dc215e39
00000000
00000000
00000000
9f9bcf67
3f800000
00000000
00000000
e51d8be2
00000000
00000000
00000000
956049a2
3f800000
00000000
00000000
e518fd6a
00000000
00000000
00000000
8bf8da94
3f800000
00000000
00000000
c5183b98
00000000
00000000
00000000
911508fd
3f800000
00000000
00000000
bea02a69
3f3b3ba7
00000000
00000000
d2328f85
00000000
00000000
00000000
a68cb3a6
3f800000
00000000
00000000
e1ed0c20
00000000
00000000
00000000
d8e28bd4
00000000
00000000
00000000
d8376f79
00000000
00000000
00000000
d7bf9737
00000000
00000000
00000000
8a1eb900
3f800000
00000000
00000000
bdd5c7c3
3f669ff9
00000000
00000000
c07584e5
3cb0bd52
00000000
00000000
e6d11c12
00000000
00000000
00000000
a5a4690f
3f800000
00000000
00000000
8ca663cc
3f800000
00000000
00000000
c8ce0696
00000000
00000000
00000000
e50a564a
00000000
00000000
00000000
81e097c7
3f800000
00000000
00000000
e3dc6b42
00000000
00000000
00000000
d071577c
00000000
00000000
00000000
c702b0ad
00000000
00000000
00000000
f40f7046
00000000
00000000
00000000
e8d248d2
00000000
00000000
00000000
fe61ef9d
00000000
00000000
00000000
e589eb57
00000000
00000000
00000000
9a0ff370
3f800000
00000000
00000000
ba61f7b7
3f7fc788
00000000
00000000
d519e0d1
00000000
00000000
00000000
cf7a4b2c
00000000
00000000
00000000
fc2dae8c
00000000
00000000
00000000
c371c349
00000000
00000000
00000000
88dbc229
3f800000
00000000
00000000
c08abf60
3c5679f0
00000000
00000000
cb08d13d
00000000
00000000
00000000
e580db02
00000000
00000000
00000000
b6e719af
3f7fff8c
00000000
00000000
a9f057f0
3f800000
00000000
00000000
ef2ffda7
00000000
00000000
00000000
b6c08dad
3f7fffa0
00000000
00000000
9c934f97
3f800000
00000000
00000000
b115be98
3f800000
00000000
00000000
ba55bfb8
3f7fca96
00000000
00000000
92fe5115
3f800000
00000000
00000000
b3d8bc15
3f7ffffe
00000000
00000000
b2e9ad15
3f800000
00000000
00000000
fad018fe
00000000
00000000
00000000
fdc02bcf
00000000
00000000
00000000
ce1f4851
00000000
00000000
00000000
fb792b38
00000000
00000000
00000000
c153ba89
35f04f90
00000000
00000000
c5bdce01
00000000
00000000
00000000
d3dd0984
00000000
00000000
00000000
a3b96999
3f800000
00000000
00000000
c0d03dc6
3ac39413
00000000
00000000
f0111a47
00000000
00000000
00000000
d123a6cc
00000000
00000000
00000000
94e20917
3f800000
00000000
00000000
e704f8ad
00000000
00000000
00000000
d84325e8
00000000
00000000
00000000
e65bdc61
00000000
00000000
00000000
8cdaddca
3f800000
00000000
00000000
ef450032
00000000
00000000
00000000
be68c902
3f4bf1ce
00000000
00000000
af4c2cfe
3f800000
00000000
00000000
cb494027
00000000
00000000
00000000
c158954a
35b16bd1
00000000
00000000
9d9a553f
3f800000
00000000
00000000
e6b80ffb
00000000
00000000
00000000
a819ec15
3f800000
00000000
00000000
941b3296
3f800000
00000000
00000000
f2d07973
00000000
00000000
00000000
ca9c20ee
00000000
00000000
00000000
c96cbc15
00000000
00000000
00000000
c38cfb0d
00000000
00000000
00000000
d10c0aff
00000000
00000000
00000000
f9211563
00000000
00000000
00000000
94303114
3f800000
00000000
00000000
cc89f561
00000000
00000000
00000000
993cc9f5
3f800000
00000000
00000000
e8217822
00000000
00000000
00000000
bf59c573
3edab0a9
00000000
00000000
a2b2b702
3f800000
00000000
00000000
86d3e8bd
3f800000
00000000
00000000
c1d2574a
2c8627e0
00000000
00000000
c766e0ba
00000000
00000000
00000000
b54dc02e
3f7ffff3
00000000
00000000
a369d96e
3f800000
00000000
00000000
fdab3dcc
00000000
00000000
00000000
c84063aa
00000000
00000000
00000000
fabd04b8
00000000
00000000
00000000
9e37f75f
3f800000
00000000
00000000
95c50812
3f800000
00000000
00000000
c707faac
00000000
00000000
00000000
b0529cf5
3f800000
00000000
00000000
aa2c8b65
3f800000
00000000
00000000
98736732
3f800000
00000000
00000000
cc2501c1
00000000
00000000
00000000
bd30f2a2
3f752d1e
00000000
00000000
b85853eb
3f7ffc9f
00000000
00000000
e23b0438
00000000
00000000
00000000
fff3f484
00000000
00000001
00000000
a757a6f4
3f800000
00000000
00000000
e7dcc38b
00000000
00000000
00000000
e7a241c5
00000000
00000000
00000000
81995152
3f800000
00000000
00000000
95a0cc7c
3f800000
00000000
00000000
f9a10eff
00000000
00000000
00000000
b0a4b209
3f800000
00000000
00000000
f9966423
00000000
00000000
00000000
81bd0dc0
3f800000
00000000
00000000
cdb5fb77
00000000
00000000
00000000
98dd4f8a
3f800000
00000000
00000000
dd0be867
00000000
00000000
00000000
815dfa4a
3f800000
00000000
00000000
a558d21f
3f800000
00000000
00000000
a5709305
3f800000
00000000
00000000
84bb5dd1
3f800000
00000000
00000000
cb3477fc
00000000
00000000
00000000
ba6a3d20
3f7fc577
00000000
00000000
ef294d61
00000000
00000000
00000000
c3c4f637
00000000
00000000
00000000
bf99ccf3
3e99f850
00000000
00000000
94f35f13
3f800000
00000000
00000000
d37237ae
00000000
00000000
00000000
fb393770
00000000
00000000
00000000
daf7febc
00000000
00000000
00000000
eb589c98
00000000
00000000
00000000
87f75d51
3f800000
00000000
00000000
c7050186
00000000
00000000
00000000
ca4f366b
00000000
00000000
00000000
b8191931
3f7ffd9c
00000000
00000000
cd629ff3
00000000
00000000
00000000
e4d5f3a5
00000000
00000000
00000000
d4155db9
00000000
00000000
00000000
be033890
3f6135af
00000000
00000000
87b8b6db
3f800000
00000000
00000000
9bf8d6b9
3f800000
00000000
00000000
ed04efc9
00000000
00000000
00000000
caed9a3f
00000000
00000000
00000000
985e5710
3f800000
00000000
00000000
d2a32914
00000000
00000000
00000000
e1d28e94
00000000
00000000
00000000
8af57d5b
3f800000
00000000
00000000
ad33c705
3f800000
00000000
00000000
99de0217
3f800000
00000000
00000000
8ecbbfa2
3f800000
00000000
00000000
bc1c39f8
3f7d9210
00000000
00000000
8b0bba17
3f800000
00000000
00000000
bfaff991
3e817ab3
00000000
00000000
a5db04ae
3f800000
00000000
00000000
adb31700
3f800000
00000000
00000000
fca3e681
00000000
00000000
00000000
f572044d
00000000
00000000
00000000
d3473814
00000000
00000000
00000000
a7ab4a44
3f800000
00000000
00000000
d8730ba9
00000000
00000000
00000000
f77c3823
00000000
00000000
00000000
95a36d2a
3f800000
00000000
00000000
9c368cfd
3f800000
00000000
00000000
ce8db193
00000000
00000000
00000000
b09704ec
3f800000
00000000
00000000
f9f90021
00000000
00000000
00000000
8e75cdaa
3f800000
00000000
00000000
8c845a6e
3f800000
00000000
00000000
8637db06
3f800000
00000000
00000000
b2d6b565
3f800000
00000000
00000000
9c93e99c
3f800000
00000000
00000000
96d03fe2
3f800000
00000000
00000000
bfba81d7
3e6e80ec
00000000
00000000
c607823e
00000000
00000000
00000000
a1cd6066
3f800000
00000000
00000000
c55699fc
00000000
00000000
00000000
93c0e40c
3f800000
00000000
00000000
a41c17fc
3f800000
00000000
00000000
86767485
3f800000
00000000
00000000
8ae79fae
3f800000
00000000
00000000
9b6ab272
3f800000
00000000
00000000
f9023410
00000000
00000000
00000000
8a41f3ff
3f800000
00000000
00000000
a471f8d3
3f800000
00000000
00000000
d82dab59
00000000
00000000
00000000
b154257d
3f800000
00000000
00000000
9d45ea00
3f800000
00000000
00000000
a9f71376
3f800000
00000000
00000000
d235c6e8
00000000
00000000
00000000
f226c501
00000000
00000000
00000000
e5f1d3da
00000000
00000000
00000000
8596e431
3f800000
00000000
00000000
f540d282
00000000
00000000
00000000
fb9c4761
00000000
00000000
00000000
911a4a36
3f800000
00000000
00000000
e7ff6358
00000000
00000000
00000000
e236456f
00000000
00000000
00000000
dd2659ad
00000000
00000000
00000000
b295749a
3f800000
00000000
00000000
982ac74a
3f800000
00000000
00000000
eadeaebb
00000000
00000000
00000000
972961ef
3f800000
00000000
00000000
8d669b9c
3f800000
00000000
00000000
f25bc81c
00000000
00000000
00000000
e047e3ea
00000000
00000000
00000000
b2f2e942
3f800000
00000000
00000000
e0c2fdaa
00000000
00000000
00000000
986685d7
3f800000
00000000
00000000
9d74d2e0
3f800000
00000000
00000000
f962dfc1
00000000
00000000
00000000
d1d6b1b9
00000000
00000000
00000000
87b7bf36
3f800000
00000000
00000000
a7b581ae
3f800000
00000000
00000000
d4ae7061
00000000
00000000
00000000
ab07dd0b
3f800000
00000000
00000000
e0ff1299
00000000
00000000
00000000
e68b03af
00000000
00000000
00000000
a30aa817
3f800000
00000000
00000000
b06b3e5f
3f800000
00000000
00000000
e604cb6f
00000000
00000000
00000000
95782571
3f800000
00000000
00000000
b4a25089
3f7ffffb
00000000
00000000
903b5558
3f800000
00000000
00000000
c097da9d
3c0e65d4
00000000
00000000
986c6bcc
3f800000
00000000
00000000
cb99d255
00000000
00000000
00000000
86cc2d91
3f800000
00000000
00000000
8ec6cf26
3f800000
00000000
00000000
fa32eee3
00000000
00000000
00000000
a2b8e6a5
3f800000
00000000
00000000
89224203
3f800000
00000000
00000000
9475ad24
3f800000
00000000
00000000
f8e9b173
00000000
00000000
00000000
d2c895f2
00000000
00000000
00000000
d84e1e0c
00000000
00000000
00000000
da3eaa24
00000000
00000000
00000000
c503f426
00000000
00000000
00000000
f2284b23
00000000
00000000
00000000
e582fb28
00000000
00000000
00000000
c701b56c
00000000
00000000
00000000
fbb9fbaf
00000000
00000000
00000000
aba9794c
3f800000
00000000
00000000
f2e3658a
00000000
00000000
00000000
ecc3d856
00000000
00000000
00000000
99a59fd2
3f800000
00000000
00000000
eaaa2a12
00000000
00000000
00000000
8f93d9eb
3f800000
00000000
00000000
f3cca2e4
00000000
00000000
00000000
c44f3efb
00000000
00000000
00000000
b0d960c2
3f800000
00000000
00000000
b011ba27
3f800000
00000000
00000000
cf3776cc
00000000
00000000
00000000
8f7faf00
3f800000
00000000
00000000
8c41a015
3f800000
00000000
00000000
b307a34e
3f7fffff
00000000
00000000
b01526a0
3f800000
00000000
00000000
a9e6f648
3f800000
00000000
00000000
f16cadb9
00000000
00000000
00000000
ef55854b
00000000
00000000
00000000
d02f0a9a
00000000
00000000
00000000
8e386ddc
3f800000
00000000
00000000
88f16bf6
3f800000
00000000
00000000
822d8453
3f800000
00000000
00000000
d7245ee9
00000000
00000000
00000000
9bc9b4e6
3f800000
00000000
00000000
baa34482
3f7fae6b
00000000
00000000
cd36b5bb
00000000
00000000
00000000
846e611a
3f800000
00000000
00000000
eca9872f
00000000
00000000
00000000
a7806037
3f800000
00000000
00000000
ebc9d050
00000000
00000000
00000000
9504b3cb
3f800000
00000000
00000000
da4062ca
00000000
00000000
00000000
f47114fe
00000000
00000000
00000000
baa4a6ea
3f7fadba
00000000
00000000
d3e9c97c
00000000
00000000
00000000
cc7cd4c0
00000000
00000000
00000000
e9795345
00000000
00000000
00000000
8e172f87
3f800000
00000000
00000000
88d6d7b2
3f800000
00000000
00000000
dff757da
00000000
00000000
00000000
8d34e7a7
3f800000
00000000
00000000
9484439b
3f800000
00000000
00000000
cd6eb057
00000000
00000000
00000000
f2a947f8
00000000
00000000
00000000
9d6d3bf5
3f800000
00000000
00000000
9f7092b3
3f800000
00000000
00000000
a880602d
3f800000
00000000
00000000
eb0f222a
00000000
00000000
00000000
d4ce3c8e
00000000
00000000
00000000
c3f2aa7b
00000000
00000000
00000000
a183fded
3f800000
00000000
00000000
867212c6
3f800000
00000000
00000000
e35fac32
00000000
00000000
00000000
b67be31a
3f7fffc1
00000000
00000000
ad650d53
3f800000
00000000
00000000
b3f28f6a
3f7ffffe
00000000
00000000
b277c51b
3f800000
00000000
00000000
baad7e77
3f7fa94f
00000000
00000000
f86a4ccb
00000000
00000000
00000000
bf16eee7
3f0df78d
00000000
00000000
c0752955
3cb1bae2
00000000
00000000
f59fc192
00000000
00000000
00000000
fa5f7aaa
00000000
00000000
00000000
9ad85500
3f800000
00000000
00000000
d3a73141
00000000
00000000
00000000
97ea94f2
3f800000
00000000
00000000
dea7526e
00000000
00000000
00000000
80196410
3f800000
00000000
00000000
b800a052
3f7ffdfe
00000000
00000000
9d792cc9
3f800000
00000000
00000000
c90d09c2
00000000
00000000
00000000
a8a1aa9e
3f800000
00000000
00000000
c45e769a
00000000
00000000
00000000
a436f918
3f800000
00000000
00000000
c1ec368b
2a2923d6
00000000
00000000
aaf4a3df
3f800000
00000000
00000000
8db2d4c3
3f800000
00000000
00000000
fbfba40b
00000000
00000000
00000000
b209b8f6
3f800000
00000000
00000000
f363b9d4
00000000
00000000
00000000
8209e75f
3f800000
00000000
00000000
ba10dfdc
3f7fdbcb
00000000
00000000
dbdc801a
00000000
00000000
00000000
fbc5b37b
00000000
00000000
00000000
dc20334c
00000000
00000000
00000000
fbde14ae
00000000
00000000
00000000
a9c86686
3f800000
00000000
00000000
8d3e7320
3f800000
00000000
00000000
8636374b
3f800000
00000000
00000000
db9f9eac
00000000
00000000
00000000
afac7375
3f800000
00000000
00000000
c2636b16
167bcf0f
00000000
00000000
d11a58ab
00000000
00000000
00000000
dd2af47a
00000000
00000000
00000000
e169723f
00000000
00000000
00000000
caa31c43
00000000
00000000
00000000
dcd85ea1
00000000
00000000
00000000
d819ff91
00000000
00000000
00000000
851111c4
3f800000
00000000
00000000
a38bb683
3f800000
00000000
00000000
e547d19f
00000000
00000000
00000000
809ccf03
3f800000
00000000
00000000
bb411ccb
3f7f3f2c
00000000
00000000
cbb5a046
00000000
00000000
00000000
c9cfa369
00000000
00000000
00000000
ca261ba0
00000000
00000000
00000000
caa70155
00000000
00000000
00000000
84fc88b8
3f800000
00000000
00000000
8def393c
3f800000
00000000
00000000
d0fd0b00
00000000
00000000
00000000
9909d8ad
3f800000
00000000
00000000
fd501178
00000000
00000000
00000000
cde44f28
00000000
00000000
00000000
c9f72456
00000000
00000000
00000000
a82ab65c
3f800000
00000000
00000000
f657d01f
00000000
00000000
00000000
d4769b80
00000000
00000000
00000000
deba4029
00000000
00000000
00000000
c5a378dd
00000000
00000000
00000000
aeb98448
3f800000
00000000
00000000
fe6acc88
00000000
00000000
00000000
bdf36ab8
3f634fc2
00000000
00000000
9d132366
3f800000
00000000
00000000
f96b0dde
00000000
00000000
00000000
e63d6d18
00000000
00000000
00000000
ddd7109f
00000000
00000000
00000000
875ef648
3f800000
00000000
00000000
82d1ed57
3f800000
00000000
00000000
b2c6484e
3f800000
00000000
00000000
98bfe454
3f800000
00000000
00000000
99250392
3f800000
00000000
00000000
97a8df50
3f800000
00000000
00000000
ad727aef
3f800000
00000000
00000000
e099316b
00000000
00000000
00000000
9d14147c
3f800000
00000000
00000000
8690d673
3f800000
00000000
00000000
ffb4816a
00000000
00000001
00000000
ae0c9603
3f800000
00000000
00000000
cfee8b65
00000000
00000000
00000000
d0d5c2e5
00000000
00000000
00000000
866f7c1f
3f800000
00000000
00000000
acbfb8b7
3f800000
00000000
00000000
9b55712d
3f800000
00000000
00000000
cd624c4e
00000000
00000000
00000000
c4ee0979
00000000
00000000
00000000
e6613148
00000000
00000000
00000000
f2356b3e
00000000
00000000
00000000
e2ca54e8
00000000
00000000
00000000
e92be0da
00000000
00000000
00000000
eae0b935
00000000
00000000
00000000
a8d5237f
3f800000
00000000
00000000
81e12315
3f800000
00000000
00000000
d27e048e
00000000
00000000
00000000
d502b5b0
00000000
00000000
00000000
efe78908
00000000
00000000
00000000
f028da78
00000000
00000000
00000000
b6e99894
3f7fff8b
00000000
00000000
9dcdf1a4
3f800000
00000000
00000000
833d6b92
3f800000
00000000
00000000
a941b430
3f800000
00000000
00000000
fec53d97
00000000
00000000
00000000
bfe260bc
3e2eab5a
00000000
00000000
b439c7b9
3f7ffffd
00000000
00000000
cfb6c5de
00000000
00000000
00000000
c5f17242
00000000
00000000
00000000
8028788e
3f800000
00000000
00000000
d42b7957
00000000
00000000
00000000
8b678b5b
3f800000
00000000
00000000
b043c761
3f800000
00000000
00000000
a83450b4
3f800000
00000000
00000000
9f0d02f9
3f800000
00000000
00000000
d47869c8
00000000
00000000
00000000
dc126c7f
00000000
00000000
00000000
fd185732
00000000
00000000
00000000
8cb20d82
3f800000
00000000
00000000
ac5038a0
3f800000
00000000
00000000
98f1f17b
3f800000
00000000
00000000
c689a550
00000000
00000000
00000000
b17e920f
3f800000
00000000
00000000
b8438807
3f7ffcf2
00000000
00000000
dd446389
00000000
00000000
00000000
815443d8
3f800000
00000000
00000000
838d927f
3f800000
00000000
00000000
fd686187
00000000
00000000
00000000
e6bf1098
00000000
00000000
00000000
b44e1773
3f7ffffd
00000000
00000000
a5d1c9b9
3f800000
00000000
00000000
b3f1980b
3f7ffffe
00000000
00000000
8e27ef05
3f800000
00000000
00000000
aeafde70
3f800000
00000000
00000000
e681e7f7
00000000
00000000
00000000
d83376d2
00000000
00000000
00000000
e1f1d816
00000000
00000000
00000000
bddcb7eb
3f65d84c
00000000
00000000
effba3c2
00000000
00000000
00000000
e33e3e79
00000000
00000000
00000000
cde9ded9
00000000
00000000
00000000
cad36b19
00000000
00000000
00000000
fc899220
00000000
00000000
00000000
fbcd597a
00000000
00000000
00000000
f4a7648c
00000000
00000000
00000000
bcee88e0
3f78a73d
00000000
00000000
ffb11e38
00000000
00000001
00000000
d00e7ce9
00000000
00000000
00000000
924bd3dd
3f800000
00000000
00000000
f1a16d0d
00000000
00000000
00000000
d9f02354
00000000
00000000
00000000
9e29e3f4
3f800000
00000000
00000000
d48fc89c
00000000
00000000
00000000
b864cba4
3f7ffc6d
00000000
00000000
d639c645
00000000
00000000
00000000
bbde3b53
3f7e450a
00000000
00000000
cd992b11
00000000
00000000
00000000
c31bfbbc
00000000
00000000
00000000
a9b259a7
3f800000
00000000
00000000
99d47869
3f800000
00000000
00000000
e6d5b5c1
00000000
00000000
00000000
c2a61b2f
0390faff
00000000
00000000
9ef8ee41
3f800000
00000000
00000000
f41cfe5d
00000000
00000000
00000000
d8c51ba9
00000000
00000000
00000000
d314458a
00000000
00000000
00000000
907e4188
3f800000
00000000
00000000
8e01d1b3
3f800000
00000000
00000000
8eb2b17e
3f800000
00000000
00000000
fcd992d3
00000000
00000000
00000000
8162ed72
3f800000
00000000
00000000
d1c56cc0
00000000
00000000
00000000
9fabd814
3f800000
00000000
00000000
ef7db1b7
00000000
00000000
00000000
ff2df07a
00000000
00000000
00000000
d65eaa49
00000000
00000000
00000000
c24ce2b1
1a897d2a
00000000
00000000
93f5f546
3f800000
00000000
00000000
94ec3d27
3f800000
00000000
00000000
9d4a2354
3f800000
00000000
00000000
c1f1fd93
29a44ca9
00000000
00000000
f828130a
00000000
00000000
00000000
8fd8d296
3f800000
00000000
00000000
89bb47e0
3f800000
00000000
00000000
9732b5f7
3f800000
00000000
00000000
cdd9378d
00000000
00000000
00000000
c58b0ffa
00000000
00000000
00000000
bdcc9092
3f67aa3d
00000000
00000000
8756b82c
3f800000
00000000
00000000
85b9c766
3f800000
00000000
00000000
b2e9ae4e
3f800000
00000000
00000000
a884faad
3f800000
00000000
00000000
aa457378
3f800000
00000000
00000000
fe63b72b
00000000
00000000
00000000
d0f7f42d
00000000
00000000
00000000
891ad58a
3f800000
00000000
00000000
c2686add
159051fc
00000000
00000000
f4c95ac5
00000000
00000000
00000000
a0668b59
3f800000
00000000
00000000
d4d45da6
00000000
00000000
00000000
8f3253a9
3f800000
00000000
00000000
96d70b38
3f800000
00000000
00000000
914d2f8c
3f800000
00000000
00000000
b14c3496
3f800000
00000000
00000000
c14b3794
364c89f1
00000000
00000000
b2dab522
3f800000
00000000
00000000
fd28e451
00000000
00000000
00000000
f4975347
00000000
00000000
00000000
8919c4d3
3f800000
00000000
00000000
e4a4b5bf
00000000
00000000
00000000
9701705b
3f800000
00000000
00000000
8f32d749
3f800000
00000000
00000000
fe2f1ceb
00000000
00000000
00000000
d4db3971
00000000
00000000
00000000
fe3cb327
00000000
00000000
00000000
f6ace0ff
00000000
00000000
00000000
d3f0522d
00000000
00000000
00000000
931e021b
3f800000
00000000
00000000
da41074b
00000000
00000000
00000000
8ee11e5a
3f800000
00000000
00000000
d9714ec0
00000000
00000000
00000000
b3d97329
3f7ffffe
00000000
00000000
b2fbb3c4
3f800000
00000000
00000000
fa056bc1
00000000
00000000
00000000
b757fb61
3f7fff28
00000000
00000000
c4fa9ff7
00000000
00000000
00000000
fc3d73b3
00000000
00000000
00000000
9b360126
3f800000
00000000
00000000
c2ad5ef3
00f57557
00000000
00000000
b39d335b
3f7fffff
00000000
00000000
d3194913
00000000
00000000
00000000
9b67e24b
3f800000
00000000
00000000
ee5a2a9a
00000000
00000000
00000000
af99b93f
3f800000
00000000
00000000
ad0806a1
3f800000
00000000
00000000
e105f6b4
00000000
00000000
00000000
e4cf9f9c
00000000
00000000
00000000
98202059
3f800000
00000000
00000000
e9ebba9c
00000000
00000000
00000000
9d28bd39
3f800000
00000000
00000000
c60297d7
00000000
00000000
00000000
c66cbb52
00000000
00000000
00000000
cd6b95dd
00000000
00000000
00000000
991a7297
3f800000
00000000
00000000
b9aa1cd0
3f7feabd
00000000
00000000
dc917774
00000000
00000000
00000000
f1f25436
00000000
00000000
00000000
9176743a
3f800000
00000000
00000000
c611dec0
00000000
00000000
00000000
b8c6b04b
3f7ff9cb
00000000
00000000
e146d74a
00000000
00000000
00000000
c9d5fb95
00000000
00000000
00000000
93586e44
3f800000
00000000
00000000
83edc1ad
3f800000
00000000
00000000
9aea6743
3f800000
00000000
00000000
bb92c142
3f7edb25
00000000
00000000
b1e9d9dd
3f800000
00000000
00000000
af18abb3
3f800000
00000000
00000000
bbf30e04
3f7e1bb0
00000000
00000000
e892388b
00000000
00000000
00000000
c134f0aa
374dc60a
00000000
00000000
e1998403
00000000
00000000
00000000
e3aa75cb
00000000
00000000
00000000
b8a907ea
3f7ffab8
00000000
00000000
9e82443b
3f800000
00000000
00000000
e516af91
00000000
00000000
00000000
98e0af4b
3f800000
00000000
00000000
e3072f54
00000000
00000000
00000000
f0b69448
00000000
00000000
00000000
faf16f44
00000000
00000000
00000000
9b62b2ea
3f800000
00000000
00000000
85a19aeb
3f800000
00000000
00000000
8e58b27e
3f800000
00000000
00000000
c67d284b
00000000
00000000
00000000
8dca2649
3f800000
00000000
00000000
97c6b025
3f800000
00000000
00000000
f7e2890d
00000000
00000000
00000000
8cf7e1d0
3f800000
00000000
00000000
a4b0b77a
3f800000
00000000
00000000
fd21384c
00000000
00000000
00000000
a1cb2be4
3f800000
00000000
00000000
f7a8ca74
00000000
00000000
00000000
d4beb74c
00000000
00000000
00000000
e325d702
00000000
00000000
00000000
8ec5ae08
3f800000
00000000
00000000
9acd7069
3f800000
00000000
00000000
a0ebcaa0
3f800000
00000000
00000000
a2fa309b
3f800000
00000000
00000000
f822036d
00000000
00000000
00000000
907d9719
3f800000
00000000
00000000
a2a83995
3f800000
00000000
00000000
dbe01435
00000000
00000000
00000000
af19dc82
3f800000
00000000
00000000
99347f1b
3f800000
00000000
00000000
a708f07f
3f800000
00000000
00000000
e3fb88a8
00000000
00000000
00000000
d77ae5c7
00000000
00000000
00000000
f96d6ad9
00000000
00000000
00000000
f34444e1
00000000
00000000
00000000
e08f82a5
00000000
00000000
00000000
aee81492
3f800000
00000000
00000000
9a98034a
3f800000
00000000
00000000
a6dd17ca
3f800000
00000000
00000000
e022d3da
00000000
00000000
00000000
a31b11a7
3f800000
00000000
00000000
f5631fa0
00000000
00000000
00000000
8c66db1d
3f800000
00000000
00000000
efe51509
00000000
00000000
00000000
f8fc0eff
00000000
00000000
00000000
b4cd06a9
3f7ffffa
00000000
00000000
a7717f0a
3f800000
00000000
00000000
e74dae6d
00000000
00000000
00000000
a7c77af4
3f800000
00000000
00000000
d1575ccd
00000000
00000000
00000000
ff57ae58
00000000
00000000
00000000
e435b038
00000000
00000000
00000000
c3473876
00000000
00000000
00000000
c3a4bf78
00000000
00000000
00000000
ac037fb9
3f800000
00000000
00000000
b72e5a6f
3f7fff52
00000000
00000000
8c1968ce
3f800000
00000000
00000000
ed2c6a4a
00000000
00000000
00000000
ac47d220
3f800000
00000000
00000000
8dfe5153
3f800000
00000000
00000000
b56a1552
3f7ffff1
00000000
00000000
8e99afd3
3f800000
00000000
00000000
b3422bb0
3f7fffff
00000000
00000000
8bda1f05
3f800000
00000000
00000000
bf156ba0
3f0ecef4
00000000
00000000
db88718e
00000000
00000000
00000000
da531b3b
00000000
00000000
00000000
e28082fa
00000000
00000000
00000000
9a0f5b47
3f800000
00000000
00000000
d38a81b1
00000000
00000000
00000000
ed1b6ab3
00000000
00000000
00000000
edb38e1b
00000000
00000000
00000000
c38df635
00000000
00000000
00000000
9170c8bb
3f800000
00000000
00000000
d1666ab7
00000000
00000000
00000000
8b6434ab
3f800000
00000000
00000000
9c49eff4
3f800000
00000000
00000000
91a71f8b
3f800000
00000000
00000000
8c1abf27
3f800000
00000000
00000000
9e072ecd
3f800000
00000000
00000000
9b2cbc09
3f800000
00000000
00000000
bb7c3243
3f7f044a
00000000
00000000
bece09a3
3f2b3008
00000000
00000000
9d65ef85
3f800000
00000000
00000000
b09c57cb
3f800000
00000000
00000000
e24dc5f7
00000000
00000000
00000000
fef8c37f
00000000
00000000
00000000
d8e13e86
00000000
00000000
00000000
d27a2c44
00000000
00000000
00000000
d8496cec
00000000
00000000
00000000
a6548212
3f800000
00000000
00000000
a69ebc2d
3f800000
00000000
00000000
f6cb9b21
00000000
00000000
00000000
d22c9a6d
00000000
00000000
00000000
fb87e06b
00000000
00000000
00000000
a7d18d5b
3f800000
00000000
00000000
8dacf19e
3f800000
00000000
00000000
bfdd6deb
3e358de8
00000000
00000000
84205c73
3f800000
00000000
00000000
b8d30141
3f7ff968
00000000
00000000
bc5fa49e
3f7c8781
00000000
00000000
f849a8a5
00000000
00000000
00000000
89d52805
3f800000
00000000
00000000
cbf2dccd
00000000
00000000
00000000
d1152ba6
00000000
00000000
00000000
e6349c16
00000000
00000000
00000000
b6bdb528
3f7fffa1
00000000
00000000
8367abaa
3f800000
00000000
00000000
cd8614ef
00000000
00000000
00000000
89220989
3f800000
00000000
00000000
a3dbf0af
3f800000
00000000
00000000
d9fbaa10
00000000
00000000
00000000
aa2525d7
3f800000
00000000
00000000
a3bf348c
3f800000
00000000
00000000
dbc8c0df
00000000
00000000
00000000
a55827e7
3f800000
00000000
00000000
b9f9aed4
3f7fe0cc
00000000
00000000
e96d216d
00000000
00000000
00000000
b8a5ed72
3f7ffad1
00000000
00000000
9b6094d6
3f800000
00000000
00000000
eead19b4
00000000
00000000
00000000
8a2442a4
3f800000
00000000
00000000
fd02ed8b
00000000
00000000
00000000
93d9d214
3f800000
00000000
00000000
831a4618
3f800000
00000000
00000000
923cb34b
3f800000
00000000
00000000
d4b95d8e
00000000
00000000
00000000
a850d819
3f800000
00000000
00000000
cbf4fc7a
00000000
00000000
00000000
d4b8a3cb
00000000
00000000
00000000
f2454bb8
00000000
00000000
00000000
ee11fdf8
00000000
00000000
00000000
a3f150d1
3f800000
00000000
00000000
f70fffa3
00000000
00000000
00000000
ac3c1457
3f800000
00000000
00000000
a8e77a2f
3f800000
00000000
00000000
a63421c6
3f800000
00000000
00000000
c11e1e36
38563093
00000000
00000000
b9f76424
3f7fe115
00000000
00000000
960028f5
3f800000
00000000
00000000
d63f2fce
00000000
00000000
00000000
d951cbb9
00000000
00000000
00000000
ee9ed929
00000000
00000000
00000000
a550875a
3f800000
00000000
00000000
d5662b80
00000000
00000000
00000000
81d90027
3f800000
00000000
00000000
c1e398e4
2af847c0
00000000
00000000
b6e448d5
3f7fff8e
00000000
00000000
a64adbad
3f800000
00000000
00000000
fcba460d
00000000
00000000
00000000
97db7a66
3f800000
00000000
00000000
cedca834
00000000
00000000
00000000
8fd11106
3f800000
00000000
00000000
9a788d99
3f800000
00000000
00000000
f4be7bfe
00000000
00000000
00000000
daf376be
00000000
00000000
00000000
b2fb1260
3f800000
00000000
00000000
cbab160f
00000000
00000000
00000000
90b0d6b2
3f800000
00000000
00000000
e0f1026b
00000000
00000000
00000000
ca065585
00000000
00000000
00000000
f64e4e60
00000000
00000000
00000000
e49cead0
00000000
00000000
00000000
aba18eda
3f800000
00000000
00000000
ce97f712
00000000
00000000
00000000
c5d6e2f5
00000000
00000000
00000000
e177cb24
00000000
00000000
00000000
e1c20ac2
00000000
00000000
00000000
d4f13532
00000000
00000000
00000000
84c3cc5d
3f800000
00000000
00000000
8ac812ce
3f800000
00000000
00000000
c951a46b
00000000
00000000
00000000
fadf740e
00000000
00000000
00000000
909ddc28
3f800000
00000000
00000000
d5f17c7a
00000000
00000000
00000000
81962f12
3f800000
00000000
00000000
b257427f
3f800000
00000000
00000000
84a0271e
3f800000
00000000
00000000
b3d81650
3f7ffffe
00000000
00000000
c2e357a3
00000000
00000000
00000000
ad94627d
3f800000
00000000
00000000
9280b493
3f800000
00000000
00000000
c018f7ff
3dbba1ca
00000000
00000000
c7158d05
00000000
00000000
00000000
bc6ad7b8
3f7c5b54
00000000
00000000
c1df541c
2b53a9be
00000000
00000000
a8e2bc9b
3f800000
00000000
00000000
b428e4f0
3f7ffffd
00000000
00000001
7f800000
00000000
00000001
00000001
ff800000
00000000
00000001
00000001
7fc00001
00000000
00000001
00000000
7f800000
00000000
00000001
00000000
ff800000
00000000
00000001
00000000
7fc00001
00000000
00000001
