port,bit,direction,face,coordinate_um,reference
rq,0,output,S,17.34,dsfd_ctrl_pc.rq[0]
src_rq,0,input,N,17.34,dsfd_svc_pc.rq[0]
rq,1,output,S,17.436,dsfd_ctrl_pc.rq[1]
src_rq,1,input,N,17.436,dsfd_svc_pc.rq[1]
rq,2,output,S,17.532,dsfd_ctrl_pc.rq[2]
src_rq,2,input,N,17.532,dsfd_svc_pc.rq[2]
rq,3,output,S,17.628,dsfd_ctrl_pc.rq[3]
src_rq,3,input,N,17.628,dsfd_svc_pc.rq[3]
rq,4,output,S,17.724,dsfd_ctrl_pc.rq[4]
src_rq,4,input,N,17.724,dsfd_svc_pc.rq[4]
rq,5,output,S,17.82,dsfd_ctrl_pc.rq[5]
src_rq,5,input,N,17.82,dsfd_svc_pc.rq[5]
rq,6,output,S,17.916,dsfd_ctrl_pc.rq[6]
src_rq,6,input,N,17.916,dsfd_svc_pc.rq[6]
rq,7,output,S,18.012,dsfd_ctrl_pc.rq[7]
src_rq,7,input,N,18.012,dsfd_svc_pc.rq[7]
rq,8,output,S,18.108,dsfd_ctrl_pc.rq[8]
src_rq,8,input,N,18.108,dsfd_svc_pc.rq[8]
rq,9,output,S,18.204,dsfd_ctrl_pc.rq[9]
src_rq,9,input,N,18.204,dsfd_svc_pc.rq[9]
rq,10,output,S,18.3,dsfd_ctrl_pc.rq[10]
src_rq,10,input,N,18.3,dsfd_svc_pc.rq[10]
rq,11,output,S,18.396,dsfd_ctrl_pc.rq[11]
src_rq,11,input,N,18.396,dsfd_svc_pc.rq[11]
rq,12,output,S,18.492,dsfd_ctrl_pc.rq[12]
src_rq,12,input,N,18.492,dsfd_svc_pc.rq[12]
rq,13,output,S,18.588,dsfd_ctrl_pc.rq[13]
src_rq,13,input,N,18.588,dsfd_svc_pc.rq[13]
rq,14,output,S,18.684,dsfd_ctrl_pc.rq[14]
src_rq,14,input,N,18.684,dsfd_svc_pc.rq[14]
rq,15,output,S,18.78,dsfd_ctrl_pc.rq[15]
src_rq,15,input,N,18.78,dsfd_svc_pc.rq[15]
rq,16,output,S,18.876,dsfd_ctrl_pc.rq[16]
src_rq,16,input,N,18.876,dsfd_svc_pc.rq[16]
rq,17,output,S,18.972,dsfd_ctrl_pc.rq[17]
src_rq,17,input,N,18.972,dsfd_svc_pc.rq[17]
rq,18,output,S,19.068,dsfd_ctrl_pc.rq[18]
src_rq,18,input,N,19.068,dsfd_svc_pc.rq[18]
rq,19,output,S,19.164,dsfd_ctrl_pc.rq[19]
src_rq,19,input,N,19.164,dsfd_svc_pc.rq[19]
rq,20,output,S,19.26,dsfd_ctrl_pc.rq[20]
src_rq,20,input,N,19.26,dsfd_svc_pc.rq[20]
rq,21,output,S,19.356,dsfd_ctrl_pc.rq[21]
src_rq,21,input,N,19.356,dsfd_svc_pc.rq[21]
rq,22,output,S,19.452,dsfd_ctrl_pc.rq[22]
src_rq,22,input,N,19.452,dsfd_svc_pc.rq[22]
rq,23,output,S,19.548,dsfd_ctrl_pc.rq[23]
src_rq,23,input,N,19.548,dsfd_svc_pc.rq[23]
rq,24,output,S,19.644,dsfd_ctrl_pc.rq[24]
src_rq,24,input,N,19.644,dsfd_svc_pc.rq[24]
rq,25,output,S,19.74,dsfd_ctrl_pc.rq[25]
src_rq,25,input,N,19.74,dsfd_svc_pc.rq[25]
rq,26,output,S,19.836,dsfd_ctrl_pc.rq[26]
src_rq,26,input,N,19.836,dsfd_svc_pc.rq[26]
rq,27,output,S,19.932,dsfd_ctrl_pc.rq[27]
src_rq,27,input,N,19.932,dsfd_svc_pc.rq[27]
rq,28,output,S,20.028,dsfd_ctrl_pc.rq[28]
src_rq,28,input,N,20.028,dsfd_svc_pc.rq[28]
rq,29,output,S,20.124,dsfd_ctrl_pc.rq[29]
src_rq,29,input,N,20.124,dsfd_svc_pc.rq[29]
rq,30,output,S,20.22,dsfd_ctrl_pc.rq[30]
src_rq,30,input,N,20.22,dsfd_svc_pc.rq[30]
rq,31,output,S,20.316,dsfd_ctrl_pc.rq[31]
src_rq,31,input,N,20.316,dsfd_svc_pc.rq[31]
rq,32,output,S,20.412,dsfd_ctrl_pc.rq[32]
src_rq,32,input,N,20.412,dsfd_svc_pc.rq[32]
rq,33,output,S,20.508,dsfd_ctrl_pc.rq[33]
src_rq,33,input,N,20.508,dsfd_svc_pc.rq[33]
rq,34,output,S,20.604,dsfd_ctrl_pc.rq[34]
src_rq,34,input,N,20.604,dsfd_svc_pc.rq[34]
rq,35,output,S,20.7,dsfd_ctrl_pc.rq[35]
src_rq,35,input,N,20.7,dsfd_svc_pc.rq[35]
rq,36,output,S,20.796,dsfd_ctrl_pc.rq[36]
src_rq,36,input,N,20.796,dsfd_svc_pc.rq[36]
rq,37,output,S,20.892,dsfd_ctrl_pc.rq[37]
src_rq,37,input,N,20.892,dsfd_svc_pc.rq[37]
rq,38,output,S,20.988,dsfd_ctrl_pc.rq[38]
src_rq,38,input,N,20.988,dsfd_svc_pc.rq[38]
rq,39,output,S,21.084,dsfd_ctrl_pc.rq[39]
src_rq,39,input,N,21.084,dsfd_svc_pc.rq[39]
rq,40,output,S,21.18,dsfd_ctrl_pc.rq[40]
src_rq,40,input,N,21.18,dsfd_svc_pc.rq[40]
rq,41,output,S,21.276,dsfd_ctrl_pc.rq[41]
src_rq,41,input,N,21.276,dsfd_svc_pc.rq[41]
rq,42,output,S,21.372,dsfd_ctrl_pc.rq[42]
src_rq,42,input,N,21.372,dsfd_svc_pc.rq[42]
rq,43,output,S,21.468,dsfd_ctrl_pc.rq[43]
src_rq,43,input,N,21.468,dsfd_svc_pc.rq[43]
rq,44,output,S,21.564,dsfd_ctrl_pc.rq[44]
src_rq,44,input,N,21.564,dsfd_svc_pc.rq[44]
rq,45,output,S,21.66,dsfd_ctrl_pc.rq[45]
src_rq,45,input,N,21.66,dsfd_svc_pc.rq[45]
rq,46,output,S,21.756,dsfd_ctrl_pc.rq[46]
src_rq,46,input,N,21.756,dsfd_svc_pc.rq[46]
rq,47,output,S,21.852,dsfd_ctrl_pc.rq[47]
src_rq,47,input,N,21.852,dsfd_svc_pc.rq[47]
rq,48,output,S,21.948,dsfd_ctrl_pc.rq[48]
src_rq,48,input,N,21.948,dsfd_svc_pc.rq[48]
rq,49,output,S,22.044,dsfd_ctrl_pc.rq[49]
src_rq,49,input,N,22.044,dsfd_svc_pc.rq[49]
rq,50,output,S,22.14,dsfd_ctrl_pc.rq[50]
src_rq,50,input,N,22.14,dsfd_svc_pc.rq[50]
rq,51,output,S,22.236,dsfd_ctrl_pc.rq[51]
src_rq,51,input,N,22.236,dsfd_svc_pc.rq[51]
rq,52,output,S,22.332,dsfd_ctrl_pc.rq[52]
src_rq,52,input,N,22.332,dsfd_svc_pc.rq[52]
rq,53,output,S,22.428,dsfd_ctrl_pc.rq[53]
src_rq,53,input,N,22.428,dsfd_svc_pc.rq[53]
rq,54,output,S,22.524,dsfd_ctrl_pc.rq[54]
src_rq,54,input,N,22.524,dsfd_svc_pc.rq[54]
rq,55,output,S,22.62,dsfd_ctrl_pc.rq[55]
src_rq,55,input,N,22.62,dsfd_svc_pc.rq[55]
rq,56,output,S,22.716,dsfd_ctrl_pc.rq[56]
src_rq,56,input,N,22.716,dsfd_svc_pc.rq[56]
rq,57,output,S,22.812,dsfd_ctrl_pc.rq[57]
src_rq,57,input,N,22.812,dsfd_svc_pc.rq[57]
rq,58,output,S,22.908,dsfd_ctrl_pc.rq[58]
src_rq,58,input,N,22.908,dsfd_svc_pc.rq[58]
rq,59,output,S,23.004,dsfd_ctrl_pc.rq[59]
src_rq,59,input,N,23.004,dsfd_svc_pc.rq[59]
rq,60,output,S,23.1,dsfd_ctrl_pc.rq[60]
src_rq,60,input,N,23.1,dsfd_svc_pc.rq[60]
rq,61,output,S,23.196,dsfd_ctrl_pc.rq[61]
src_rq,61,input,N,23.196,dsfd_svc_pc.rq[61]
rq,62,output,S,23.292,dsfd_ctrl_pc.rq[62]
src_rq,62,input,N,23.292,dsfd_svc_pc.rq[62]
rq,63,output,S,23.388,dsfd_ctrl_pc.rq[63]
src_rq,63,input,N,23.388,dsfd_svc_pc.rq[63]
rq,64,output,S,23.484,dsfd_ctrl_pc.rq[64]
src_rq,64,input,N,23.484,dsfd_svc_pc.rq[64]
rq,65,output,S,23.58,dsfd_ctrl_pc.rq[65]
src_rq,65,input,N,23.58,dsfd_svc_pc.rq[65]
rq,66,output,S,23.676,dsfd_ctrl_pc.rq[66]
src_rq,66,input,N,23.676,dsfd_svc_pc.rq[66]
rq,67,output,S,23.772,dsfd_ctrl_pc.rq[67]
src_rq,67,input,N,23.772,dsfd_svc_pc.rq[67]
rq,68,output,S,23.868,dsfd_ctrl_pc.rq[68]
src_rq,68,input,N,23.868,dsfd_svc_pc.rq[68]
rq,69,output,S,23.964,dsfd_ctrl_pc.rq[69]
src_rq,69,input,N,23.964,dsfd_svc_pc.rq[69]
rq,70,output,S,24.06,dsfd_ctrl_pc.rq[70]
src_rq,70,input,N,24.06,dsfd_svc_pc.rq[70]
rq,71,output,S,24.156,dsfd_ctrl_pc.rq[71]
src_rq,71,input,N,24.156,dsfd_svc_pc.rq[71]
rq,72,output,S,24.252,dsfd_ctrl_pc.rq[72]
src_rq,72,input,N,24.252,dsfd_svc_pc.rq[72]
rq,73,output,S,24.348,dsfd_ctrl_pc.rq[73]
src_rq,73,input,N,24.348,dsfd_svc_pc.rq[73]
rq,74,output,S,24.444,dsfd_ctrl_pc.rq[74]
src_rq,74,input,N,24.444,dsfd_svc_pc.rq[74]
rq,75,output,S,24.54,dsfd_ctrl_pc.rq[75]
src_rq,75,input,N,24.54,dsfd_svc_pc.rq[75]
rq,76,output,S,24.636,dsfd_ctrl_pc.rq[76]
src_rq,76,input,N,24.636,dsfd_svc_pc.rq[76]
rq,77,output,S,24.732,dsfd_ctrl_pc.rq[77]
src_rq,77,input,N,24.732,dsfd_svc_pc.rq[77]
rq,78,output,S,24.828,dsfd_ctrl_pc.rq[78]
src_rq,78,input,N,24.828,dsfd_svc_pc.rq[78]
rq,79,output,S,24.924,dsfd_ctrl_pc.rq[79]
src_rq,79,input,N,24.924,dsfd_svc_pc.rq[79]
rq,80,output,S,25.02,dsfd_ctrl_pc.rq[80]
src_rq,80,input,N,25.02,dsfd_svc_pc.rq[80]
rq,81,output,S,25.116,dsfd_ctrl_pc.rq[81]
src_rq,81,input,N,25.116,dsfd_svc_pc.rq[81]
rq,82,output,S,25.212,dsfd_ctrl_pc.rq[82]
src_rq,82,input,N,25.212,dsfd_svc_pc.rq[82]
rq,83,output,S,25.308,dsfd_ctrl_pc.rq[83]
src_rq,83,input,N,25.308,dsfd_svc_pc.rq[83]
rq,84,output,S,25.404,dsfd_ctrl_pc.rq[84]
src_rq,84,input,N,25.404,dsfd_svc_pc.rq[84]
rq,85,output,S,25.5,dsfd_ctrl_pc.rq[85]
src_rq,85,input,N,25.5,dsfd_svc_pc.rq[85]
rq,86,output,S,25.596,dsfd_ctrl_pc.rq[86]
src_rq,86,input,N,25.596,dsfd_svc_pc.rq[86]
rq,87,output,S,25.692,dsfd_ctrl_pc.rq[87]
src_rq,87,input,N,25.692,dsfd_svc_pc.rq[87]
rq,88,output,S,25.788,dsfd_ctrl_pc.rq[88]
src_rq,88,input,N,25.788,dsfd_svc_pc.rq[88]
rq,89,output,S,25.884,dsfd_ctrl_pc.rq[89]
src_rq,89,input,N,25.884,dsfd_svc_pc.rq[89]
rq,90,output,S,25.98,dsfd_ctrl_pc.rq[90]
src_rq,90,input,N,25.98,dsfd_svc_pc.rq[90]
rq,91,output,S,26.076,dsfd_ctrl_pc.rq[91]
src_rq,91,input,N,26.076,dsfd_svc_pc.rq[91]
rq,92,output,S,26.172,dsfd_ctrl_pc.rq[92]
src_rq,92,input,N,26.172,dsfd_svc_pc.rq[92]
rq,93,output,S,26.268,dsfd_ctrl_pc.rq[93]
src_rq,93,input,N,26.268,dsfd_svc_pc.rq[93]
rq,94,output,S,26.364,dsfd_ctrl_pc.rq[94]
src_rq,94,input,N,26.364,dsfd_svc_pc.rq[94]
rq,95,output,S,26.46,dsfd_ctrl_pc.rq[95]
src_rq,95,input,N,26.46,dsfd_svc_pc.rq[95]
rq,96,output,S,26.556,dsfd_ctrl_pc.rq[96]
src_rq,96,input,N,26.556,dsfd_svc_pc.rq[96]
rq,97,output,S,26.652,dsfd_ctrl_pc.rq[97]
src_rq,97,input,N,26.652,dsfd_svc_pc.rq[97]
rq,98,output,S,26.748,dsfd_ctrl_pc.rq[98]
src_rq,98,input,N,26.748,dsfd_svc_pc.rq[98]
rq,99,output,S,26.844,dsfd_ctrl_pc.rq[99]
src_rq,99,input,N,26.844,dsfd_svc_pc.rq[99]
rq,100,output,S,26.94,dsfd_ctrl_pc.rq[100]
src_rq,100,input,N,26.94,dsfd_svc_pc.rq[100]
rq,101,output,S,27.036,dsfd_ctrl_pc.rq[101]
src_rq,101,input,N,27.036,dsfd_svc_pc.rq[101]
rq,102,output,S,27.132,dsfd_ctrl_pc.rq[102]
src_rq,102,input,N,27.132,dsfd_svc_pc.rq[102]
rq,103,output,S,27.228,dsfd_ctrl_pc.rq[103]
src_rq,103,input,N,27.228,dsfd_svc_pc.rq[103]
rq,104,output,S,27.324,dsfd_ctrl_pc.rq[104]
src_rq,104,input,N,27.324,dsfd_svc_pc.rq[104]
rq,105,output,S,27.42,dsfd_ctrl_pc.rq[105]
src_rq,105,input,N,27.42,dsfd_svc_pc.rq[105]
rq,106,output,S,27.516,dsfd_ctrl_pc.rq[106]
src_rq,106,input,N,27.516,dsfd_svc_pc.rq[106]
rq,107,output,S,27.612,dsfd_ctrl_pc.rq[107]
src_rq,107,input,N,27.612,dsfd_svc_pc.rq[107]
rq,108,output,S,27.708,dsfd_ctrl_pc.rq[108]
src_rq,108,input,N,27.708,dsfd_svc_pc.rq[108]
rq,109,output,S,27.804,dsfd_ctrl_pc.rq[109]
src_rq,109,input,N,27.804,dsfd_svc_pc.rq[109]
rq,110,output,S,27.9,dsfd_ctrl_pc.rq[110]
src_rq,110,input,N,27.9,dsfd_svc_pc.rq[110]
rq,111,output,S,27.996,dsfd_ctrl_pc.rq[111]
src_rq,111,input,N,27.996,dsfd_svc_pc.rq[111]
rq,112,output,S,28.092,dsfd_ctrl_pc.rq[112]
src_rq,112,input,N,28.092,dsfd_svc_pc.rq[112]
rq,113,output,S,28.188,dsfd_ctrl_pc.rq[113]
src_rq,113,input,N,28.188,dsfd_svc_pc.rq[113]
rq,114,output,S,28.284,dsfd_ctrl_pc.rq[114]
src_rq,114,input,N,28.284,dsfd_svc_pc.rq[114]
rq,115,output,S,28.38,dsfd_ctrl_pc.rq[115]
src_rq,115,input,N,28.38,dsfd_svc_pc.rq[115]
rq,116,output,S,28.476,dsfd_ctrl_pc.rq[116]
src_rq,116,input,N,28.476,dsfd_svc_pc.rq[116]
rq,117,output,S,28.572,dsfd_ctrl_pc.rq[117]
src_rq,117,input,N,28.572,dsfd_svc_pc.rq[117]
rq,118,output,S,28.668,dsfd_ctrl_pc.rq[118]
src_rq,118,input,N,28.668,dsfd_svc_pc.rq[118]
rq,119,output,S,28.764,dsfd_ctrl_pc.rq[119]
src_rq,119,input,N,28.764,dsfd_svc_pc.rq[119]
rq,120,output,S,28.86,dsfd_ctrl_pc.rq[120]
src_rq,120,input,N,28.86,dsfd_svc_pc.rq[120]
rq,121,output,S,28.956,dsfd_ctrl_pc.rq[121]
src_rq,121,input,N,28.956,dsfd_svc_pc.rq[121]
rq,122,output,S,29.052,dsfd_ctrl_pc.rq[122]
src_rq,122,input,N,29.052,dsfd_svc_pc.rq[122]
rq,123,output,S,29.148,dsfd_ctrl_pc.rq[123]
src_rq,123,input,N,29.148,dsfd_svc_pc.rq[123]
rq,124,output,S,29.244,dsfd_ctrl_pc.rq[124]
src_rq,124,input,N,29.244,dsfd_svc_pc.rq[124]
rq,125,output,S,29.34,dsfd_ctrl_pc.rq[125]
src_rq,125,input,N,29.34,dsfd_svc_pc.rq[125]
rq,126,output,S,29.436,dsfd_ctrl_pc.rq[126]
src_rq,126,input,N,29.436,dsfd_svc_pc.rq[126]
rq,127,output,S,29.532,dsfd_ctrl_pc.rq[127]
src_rq,127,input,N,29.532,dsfd_svc_pc.rq[127]
rq,128,output,S,29.628,dsfd_ctrl_pc.rq[128]
src_rq,128,input,N,29.628,dsfd_svc_pc.rq[128]
rq,129,output,S,29.724,dsfd_ctrl_pc.rq[129]
src_rq,129,input,N,29.724,dsfd_svc_pc.rq[129]
rq,130,output,S,29.82,dsfd_ctrl_pc.rq[130]
src_rq,130,input,N,29.82,dsfd_svc_pc.rq[130]
rq,131,output,S,29.916,dsfd_ctrl_pc.rq[131]
src_rq,131,input,N,29.916,dsfd_svc_pc.rq[131]
rq,132,output,S,30.012,dsfd_ctrl_pc.rq[132]
src_rq,132,input,N,30.012,dsfd_svc_pc.rq[132]
rq,133,output,S,30.108,dsfd_ctrl_pc.rq[133]
src_rq,133,input,N,30.108,dsfd_svc_pc.rq[133]
rq,134,output,S,30.204,dsfd_ctrl_pc.rq[134]
src_rq,134,input,N,30.204,dsfd_svc_pc.rq[134]
rq,135,output,S,30.3,dsfd_ctrl_pc.rq[135]
src_rq,135,input,N,30.3,dsfd_svc_pc.rq[135]
rq,136,output,S,30.396,dsfd_ctrl_pc.rq[136]
src_rq,136,input,N,30.396,dsfd_svc_pc.rq[136]
rq,137,output,S,30.492,dsfd_ctrl_pc.rq[137]
src_rq,137,input,N,30.492,dsfd_svc_pc.rq[137]
rq,138,output,S,30.588,dsfd_ctrl_pc.rq[138]
src_rq,138,input,N,30.588,dsfd_svc_pc.rq[138]
rq,139,output,S,30.684,dsfd_ctrl_pc.rq[139]
src_rq,139,input,N,30.684,dsfd_svc_pc.rq[139]
rq,140,output,S,30.78,dsfd_ctrl_pc.rq[140]
src_rq,140,input,N,30.78,dsfd_svc_pc.rq[140]
rq,141,output,S,30.876,dsfd_ctrl_pc.rq[141]
src_rq,141,input,N,30.876,dsfd_svc_pc.rq[141]
rq,142,output,S,30.972,dsfd_ctrl_pc.rq[142]
src_rq,142,input,N,30.972,dsfd_svc_pc.rq[142]
rq,143,output,S,31.068,dsfd_ctrl_pc.rq[143]
src_rq,143,input,N,31.068,dsfd_svc_pc.rq[143]
rq,144,output,S,31.164,dsfd_ctrl_pc.rq[144]
src_rq,144,input,N,31.164,dsfd_svc_pc.rq[144]
rq,145,output,S,31.26,dsfd_ctrl_pc.rq[145]
src_rq,145,input,N,31.26,dsfd_svc_pc.rq[145]
rq,146,output,S,31.356,dsfd_ctrl_pc.rq[146]
src_rq,146,input,N,31.356,dsfd_svc_pc.rq[146]
rq,147,output,S,31.452,dsfd_ctrl_pc.rq[147]
src_rq,147,input,N,31.452,dsfd_svc_pc.rq[147]
rq,148,output,S,31.548,dsfd_ctrl_pc.rq[148]
src_rq,148,input,N,31.548,dsfd_svc_pc.rq[148]
rq,149,output,S,31.644,dsfd_ctrl_pc.rq[149]
src_rq,149,input,N,31.644,dsfd_svc_pc.rq[149]
rq,150,output,S,31.74,dsfd_ctrl_pc.rq[150]
src_rq,150,input,N,31.74,dsfd_svc_pc.rq[150]
rq,151,output,S,31.836,dsfd_ctrl_pc.rq[151]
src_rq,151,input,N,31.836,dsfd_svc_pc.rq[151]
rq,152,output,S,31.932,dsfd_ctrl_pc.rq[152]
src_rq,152,input,N,31.932,dsfd_svc_pc.rq[152]
rq,153,output,S,32.028,dsfd_ctrl_pc.rq[153]
src_rq,153,input,N,32.028,dsfd_svc_pc.rq[153]
rq,154,output,S,32.124,dsfd_ctrl_pc.rq[154]
src_rq,154,input,N,32.124,dsfd_svc_pc.rq[154]
rq,155,output,S,32.22,dsfd_ctrl_pc.rq[155]
src_rq,155,input,N,32.22,dsfd_svc_pc.rq[155]
rq,156,output,S,32.316,dsfd_ctrl_pc.rq[156]
src_rq,156,input,N,32.316,dsfd_svc_pc.rq[156]
rq,157,output,S,32.412,dsfd_ctrl_pc.rq[157]
src_rq,157,input,N,32.412,dsfd_svc_pc.rq[157]
rq,158,output,S,32.508,dsfd_ctrl_pc.rq[158]
src_rq,158,input,N,32.508,dsfd_svc_pc.rq[158]
rq,159,output,S,32.604,dsfd_ctrl_pc.rq[159]
src_rq,159,input,N,32.604,dsfd_svc_pc.rq[159]
rq,160,output,S,32.7,dsfd_ctrl_pc.rq[160]
src_rq,160,input,N,32.7,dsfd_svc_pc.rq[160]
rq,161,output,S,32.796,dsfd_ctrl_pc.rq[161]
src_rq,161,input,N,32.796,dsfd_svc_pc.rq[161]
rq,162,output,S,32.892,dsfd_ctrl_pc.rq[162]
src_rq,162,input,N,32.892,dsfd_svc_pc.rq[162]
rq,163,output,S,32.988,dsfd_ctrl_pc.rq[163]
src_rq,163,input,N,32.988,dsfd_svc_pc.rq[163]
rq,164,output,S,33.084,dsfd_ctrl_pc.rq[164]
src_rq,164,input,N,33.084,dsfd_svc_pc.rq[164]
rq,165,output,S,33.18,dsfd_ctrl_pc.rq[165]
src_rq,165,input,N,33.18,dsfd_svc_pc.rq[165]
rq,166,output,S,33.276,dsfd_ctrl_pc.rq[166]
src_rq,166,input,N,33.276,dsfd_svc_pc.rq[166]
rq,167,output,S,33.372,dsfd_ctrl_pc.rq[167]
src_rq,167,input,N,33.372,dsfd_svc_pc.rq[167]
rq,168,output,S,33.468,dsfd_ctrl_pc.rq[168]
src_rq,168,input,N,33.468,dsfd_svc_pc.rq[168]
rq,169,output,S,33.564,dsfd_ctrl_pc.rq[169]
src_rq,169,input,N,33.564,dsfd_svc_pc.rq[169]
rq,170,output,S,33.66,dsfd_ctrl_pc.rq[170]
src_rq,170,input,N,33.66,dsfd_svc_pc.rq[170]
rq,171,output,S,33.756,dsfd_ctrl_pc.rq[171]
src_rq,171,input,N,33.756,dsfd_svc_pc.rq[171]
rq,172,output,S,33.852,dsfd_ctrl_pc.rq[172]
src_rq,172,input,N,33.852,dsfd_svc_pc.rq[172]
rq,173,output,S,33.948,dsfd_ctrl_pc.rq[173]
src_rq,173,input,N,33.948,dsfd_svc_pc.rq[173]
rq,174,output,S,34.044,dsfd_ctrl_pc.rq[174]
src_rq,174,input,N,34.044,dsfd_svc_pc.rq[174]
rq,175,output,S,34.14,dsfd_ctrl_pc.rq[175]
src_rq,175,input,N,34.14,dsfd_svc_pc.rq[175]
rq,176,output,S,34.236,dsfd_ctrl_pc.rq[176]
src_rq,176,input,N,34.236,dsfd_svc_pc.rq[176]
rq,177,output,S,34.332,dsfd_ctrl_pc.rq[177]
src_rq,177,input,N,34.332,dsfd_svc_pc.rq[177]
rq,178,output,S,34.428,dsfd_ctrl_pc.rq[178]
src_rq,178,input,N,34.428,dsfd_svc_pc.rq[178]
rq,179,output,S,34.524,dsfd_ctrl_pc.rq[179]
src_rq,179,input,N,34.524,dsfd_svc_pc.rq[179]
rq,180,output,S,34.62,dsfd_ctrl_pc.rq[180]
src_rq,180,input,N,34.62,dsfd_svc_pc.rq[180]
rq,181,output,S,34.716,dsfd_ctrl_pc.rq[181]
src_rq,181,input,N,34.716,dsfd_svc_pc.rq[181]
rq,182,output,S,34.812,dsfd_ctrl_pc.rq[182]
src_rq,182,input,N,34.812,dsfd_svc_pc.rq[182]
rq,183,output,S,34.908,dsfd_ctrl_pc.rq[183]
src_rq,183,input,N,34.908,dsfd_svc_pc.rq[183]
rq,184,output,S,35.004,dsfd_ctrl_pc.rq[184]
src_rq,184,input,N,35.004,dsfd_svc_pc.rq[184]
rq,185,output,S,35.1,dsfd_ctrl_pc.rq[185]
src_rq,185,input,N,35.1,dsfd_svc_pc.rq[185]
rq,186,output,S,35.196,dsfd_ctrl_pc.rq[186]
src_rq,186,input,N,35.196,dsfd_svc_pc.rq[186]
rq,187,output,S,35.292,dsfd_ctrl_pc.rq[187]
src_rq,187,input,N,35.292,dsfd_svc_pc.rq[187]
rq,188,output,S,35.388,dsfd_ctrl_pc.rq[188]
src_rq,188,input,N,35.388,dsfd_svc_pc.rq[188]
rq,189,output,S,35.484,dsfd_ctrl_pc.rq[189]
src_rq,189,input,N,35.484,dsfd_svc_pc.rq[189]
rq,190,output,S,35.58,dsfd_ctrl_pc.rq[190]
src_rq,190,input,N,35.58,dsfd_svc_pc.rq[190]
rq,191,output,S,35.676,dsfd_ctrl_pc.rq[191]
src_rq,191,input,N,35.676,dsfd_svc_pc.rq[191]
rq,192,output,S,35.772,dsfd_ctrl_pc.rq[192]
src_rq,192,input,N,35.772,dsfd_svc_pc.rq[192]
rq,193,output,S,35.868,dsfd_ctrl_pc.rq[193]
src_rq,193,input,N,35.868,dsfd_svc_pc.rq[193]
rq,194,output,S,35.964,dsfd_ctrl_pc.rq[194]
src_rq,194,input,N,35.964,dsfd_svc_pc.rq[194]
rq,195,output,S,36.06,dsfd_ctrl_pc.rq[195]
src_rq,195,input,N,36.06,dsfd_svc_pc.rq[195]
rq,196,output,S,36.156,dsfd_ctrl_pc.rq[196]
src_rq,196,input,N,36.156,dsfd_svc_pc.rq[196]
rq,197,output,S,36.252,dsfd_ctrl_pc.rq[197]
src_rq,197,input,N,36.252,dsfd_svc_pc.rq[197]
rq,198,output,S,36.348,dsfd_ctrl_pc.rq[198]
src_rq,198,input,N,36.348,dsfd_svc_pc.rq[198]
rq,199,output,S,36.444,dsfd_ctrl_pc.rq[199]
src_rq,199,input,N,36.444,dsfd_svc_pc.rq[199]
rq,200,output,S,36.54,dsfd_ctrl_pc.rq[200]
src_rq,200,input,N,36.54,dsfd_svc_pc.rq[200]
rq,201,output,S,36.636,dsfd_ctrl_pc.rq[201]
src_rq,201,input,N,36.636,dsfd_svc_pc.rq[201]
rq,202,output,S,36.732,dsfd_ctrl_pc.rq[202]
src_rq,202,input,N,36.732,dsfd_svc_pc.rq[202]
rq,203,output,S,36.828,dsfd_ctrl_pc.rq[203]
src_rq,203,input,N,36.828,dsfd_svc_pc.rq[203]
rq,204,output,S,36.924,dsfd_ctrl_pc.rq[204]
src_rq,204,input,N,36.924,dsfd_svc_pc.rq[204]
rq,205,output,S,37.02,dsfd_ctrl_pc.rq[205]
src_rq,205,input,N,37.02,dsfd_svc_pc.rq[205]
rq,206,output,S,37.116,dsfd_ctrl_pc.rq[206]
src_rq,206,input,N,37.116,dsfd_svc_pc.rq[206]
rq,207,output,S,37.212,dsfd_ctrl_pc.rq[207]
src_rq,207,input,N,37.212,dsfd_svc_pc.rq[207]
rq,208,output,S,37.308,dsfd_ctrl_pc.rq[208]
src_rq,208,input,N,37.308,dsfd_svc_pc.rq[208]
rq,209,output,S,37.404,dsfd_ctrl_pc.rq[209]
src_rq,209,input,N,37.404,dsfd_svc_pc.rq[209]
rq,210,output,S,37.5,dsfd_ctrl_pc.rq[210]
src_rq,210,input,N,37.5,dsfd_svc_pc.rq[210]
rq,211,output,S,37.596,dsfd_ctrl_pc.rq[211]
src_rq,211,input,N,37.596,dsfd_svc_pc.rq[211]
rq,212,output,S,37.692,dsfd_ctrl_pc.rq[212]
src_rq,212,input,N,37.692,dsfd_svc_pc.rq[212]
rq,213,output,S,37.788,dsfd_ctrl_pc.rq[213]
src_rq,213,input,N,37.788,dsfd_svc_pc.rq[213]
rq,214,output,S,37.884,dsfd_ctrl_pc.rq[214]
src_rq,214,input,N,37.884,dsfd_svc_pc.rq[214]
rq,215,output,S,37.98,dsfd_ctrl_pc.rq[215]
src_rq,215,input,N,37.98,dsfd_svc_pc.rq[215]
rq,216,output,S,38.076,dsfd_ctrl_pc.rq[216]
src_rq,216,input,N,38.076,dsfd_svc_pc.rq[216]
rq,217,output,S,38.172,dsfd_ctrl_pc.rq[217]
src_rq,217,input,N,38.172,dsfd_svc_pc.rq[217]
rq,218,output,S,38.268,dsfd_ctrl_pc.rq[218]
src_rq,218,input,N,38.268,dsfd_svc_pc.rq[218]
rq,219,output,S,38.364,dsfd_ctrl_pc.rq[219]
src_rq,219,input,N,38.364,dsfd_svc_pc.rq[219]
rq,220,output,S,38.46,dsfd_ctrl_pc.rq[220]
src_rq,220,input,N,38.46,dsfd_svc_pc.rq[220]
rq,221,output,S,38.556,dsfd_ctrl_pc.rq[221]
src_rq,221,input,N,38.556,dsfd_svc_pc.rq[221]
rq,222,output,S,38.652,dsfd_ctrl_pc.rq[222]
src_rq,222,input,N,38.652,dsfd_svc_pc.rq[222]
rq,223,output,S,38.748,dsfd_ctrl_pc.rq[223]
src_rq,223,input,N,38.748,dsfd_svc_pc.rq[223]
rq,224,output,S,38.844,dsfd_ctrl_pc.rq[224]
src_rq,224,input,N,38.844,dsfd_svc_pc.rq[224]
rq,225,output,S,38.94,dsfd_ctrl_pc.rq[225]
src_rq,225,input,N,38.94,dsfd_svc_pc.rq[225]
rq,226,output,S,39.036,dsfd_ctrl_pc.rq[226]
src_rq,226,input,N,39.036,dsfd_svc_pc.rq[226]
rq,227,output,S,39.132,dsfd_ctrl_pc.rq[227]
src_rq,227,input,N,39.132,dsfd_svc_pc.rq[227]
rq,228,output,S,39.228,dsfd_ctrl_pc.rq[228]
src_rq,228,input,N,39.228,dsfd_svc_pc.rq[228]
rq,229,output,S,39.324,dsfd_ctrl_pc.rq[229]
src_rq,229,input,N,39.324,dsfd_svc_pc.rq[229]
rq,230,output,S,39.42,dsfd_ctrl_pc.rq[230]
src_rq,230,input,N,39.42,dsfd_svc_pc.rq[230]
rq,231,output,S,39.516,dsfd_ctrl_pc.rq[231]
src_rq,231,input,N,39.516,dsfd_svc_pc.rq[231]
rq,232,output,S,39.612,dsfd_ctrl_pc.rq[232]
src_rq,232,input,N,39.612,dsfd_svc_pc.rq[232]
rq,233,output,S,39.708,dsfd_ctrl_pc.rq[233]
src_rq,233,input,N,39.708,dsfd_svc_pc.rq[233]
rq,234,output,S,39.804,dsfd_ctrl_pc.rq[234]
src_rq,234,input,N,39.804,dsfd_svc_pc.rq[234]
rq,235,output,S,39.9,dsfd_ctrl_pc.rq[235]
src_rq,235,input,N,39.9,dsfd_svc_pc.rq[235]
rq,236,output,S,39.996,dsfd_ctrl_pc.rq[236]
src_rq,236,input,N,39.996,dsfd_svc_pc.rq[236]
rq,237,output,S,40.092,dsfd_ctrl_pc.rq[237]
src_rq,237,input,N,40.092,dsfd_svc_pc.rq[237]
rq,238,output,S,40.188,dsfd_ctrl_pc.rq[238]
src_rq,238,input,N,40.188,dsfd_svc_pc.rq[238]
rq,239,output,S,40.284,dsfd_ctrl_pc.rq[239]
src_rq,239,input,N,40.284,dsfd_svc_pc.rq[239]
rq,240,output,S,40.38,dsfd_ctrl_pc.rq[240]
src_rq,240,input,N,40.38,dsfd_svc_pc.rq[240]
rq,241,output,S,40.476,dsfd_ctrl_pc.rq[241]
src_rq,241,input,N,40.476,dsfd_svc_pc.rq[241]
rq,242,output,S,40.572,dsfd_ctrl_pc.rq[242]
src_rq,242,input,N,40.572,dsfd_svc_pc.rq[242]
rq,243,output,S,40.668,dsfd_ctrl_pc.rq[243]
src_rq,243,input,N,40.668,dsfd_svc_pc.rq[243]
rq,244,output,S,40.764,dsfd_ctrl_pc.rq[244]
src_rq,244,input,N,40.764,dsfd_svc_pc.rq[244]
rq,245,output,S,40.86,dsfd_ctrl_pc.rq[245]
src_rq,245,input,N,40.86,dsfd_svc_pc.rq[245]
rq,246,output,S,40.956,dsfd_ctrl_pc.rq[246]
src_rq,246,input,N,40.956,dsfd_svc_pc.rq[246]
rq,247,output,S,41.052,dsfd_ctrl_pc.rq[247]
src_rq,247,input,N,41.052,dsfd_svc_pc.rq[247]
rq,248,output,S,41.148,dsfd_ctrl_pc.rq[248]
src_rq,248,input,N,41.148,dsfd_svc_pc.rq[248]
rq,249,output,S,41.244,dsfd_ctrl_pc.rq[249]
src_rq,249,input,N,41.244,dsfd_svc_pc.rq[249]
rq,250,output,S,41.34,dsfd_ctrl_pc.rq[250]
src_rq,250,input,N,41.34,dsfd_svc_pc.rq[250]
rq,251,output,S,41.436,dsfd_ctrl_pc.rq[251]
src_rq,251,input,N,41.436,dsfd_svc_pc.rq[251]
rq,252,output,S,41.532,dsfd_ctrl_pc.rq[252]
src_rq,252,input,N,41.532,dsfd_svc_pc.rq[252]
rq,253,output,S,41.628,dsfd_ctrl_pc.rq[253]
src_rq,253,input,N,41.628,dsfd_svc_pc.rq[253]
rq,254,output,S,41.724,dsfd_ctrl_pc.rq[254]
src_rq,254,input,N,41.724,dsfd_svc_pc.rq[254]
rq,255,output,S,41.82,dsfd_ctrl_pc.rq[255]
src_rq,255,input,N,41.82,dsfd_svc_pc.rq[255]
rq,256,output,S,41.916,dsfd_ctrl_pc.rq[256]
src_rq,256,input,N,41.916,dsfd_svc_pc.rq[256]
rq,257,output,S,42.012,dsfd_ctrl_pc.rq[257]
src_rq,257,input,N,42.012,dsfd_svc_pc.rq[257]
rq,258,output,S,42.108,dsfd_ctrl_pc.rq[258]
src_rq,258,input,N,42.108,dsfd_svc_pc.rq[258]
rq,259,output,S,42.204,dsfd_ctrl_pc.rq[259]
src_rq,259,input,N,42.204,dsfd_svc_pc.rq[259]
rq,260,output,S,42.3,dsfd_ctrl_pc.rq[260]
src_rq,260,input,N,42.3,dsfd_svc_pc.rq[260]
rq,261,output,S,42.396,dsfd_ctrl_pc.rq[261]
src_rq,261,input,N,42.396,dsfd_svc_pc.rq[261]
rq,262,output,S,42.492,dsfd_ctrl_pc.rq[262]
src_rq,262,input,N,42.492,dsfd_svc_pc.rq[262]
rq,263,output,S,42.588,dsfd_ctrl_pc.rq[263]
src_rq,263,input,N,42.588,dsfd_svc_pc.rq[263]
rq,264,output,S,42.684,dsfd_ctrl_pc.rq[264]
src_rq,264,input,N,42.684,dsfd_svc_pc.rq[264]
rq,265,output,S,42.78,dsfd_ctrl_pc.rq[265]
src_rq,265,input,N,42.78,dsfd_svc_pc.rq[265]
rq,266,output,S,42.876,dsfd_ctrl_pc.rq[266]
src_rq,266,input,N,42.876,dsfd_svc_pc.rq[266]
rq,267,output,S,42.972,dsfd_ctrl_pc.rq[267]
src_rq,267,input,N,42.972,dsfd_svc_pc.rq[267]
rq,268,output,S,43.068,dsfd_ctrl_pc.rq[268]
src_rq,268,input,N,43.068,dsfd_svc_pc.rq[268]
rq,269,output,S,43.164,dsfd_ctrl_pc.rq[269]
src_rq,269,input,N,43.164,dsfd_svc_pc.rq[269]
rq,270,output,S,43.26,dsfd_ctrl_pc.rq[270]
src_rq,270,input,N,43.26,dsfd_svc_pc.rq[270]
rq,271,output,S,43.356,dsfd_ctrl_pc.rq[271]
src_rq,271,input,N,43.356,dsfd_svc_pc.rq[271]
rq,272,output,S,43.452,dsfd_ctrl_pc.rq[272]
src_rq,272,input,N,43.452,dsfd_svc_pc.rq[272]
rq,273,output,S,43.548,dsfd_ctrl_pc.rq[273]
src_rq,273,input,N,43.548,dsfd_svc_pc.rq[273]
rq,274,output,S,43.644,dsfd_ctrl_pc.rq[274]
src_rq,274,input,N,43.644,dsfd_svc_pc.rq[274]
rq,275,output,S,43.74,dsfd_ctrl_pc.rq[275]
src_rq,275,input,N,43.74,dsfd_svc_pc.rq[275]
rq,276,output,S,43.836,dsfd_ctrl_pc.rq[276]
src_rq,276,input,N,43.836,dsfd_svc_pc.rq[276]
rq,277,output,S,43.932,dsfd_ctrl_pc.rq[277]
src_rq,277,input,N,43.932,dsfd_svc_pc.rq[277]
rq,278,output,S,44.028,dsfd_ctrl_pc.rq[278]
src_rq,278,input,N,44.028,dsfd_svc_pc.rq[278]
rq,279,output,S,44.124,dsfd_ctrl_pc.rq[279]
src_rq,279,input,N,44.124,dsfd_svc_pc.rq[279]
rq,280,output,S,44.22,dsfd_ctrl_pc.rq[280]
src_rq,280,input,N,44.22,dsfd_svc_pc.rq[280]
rq,281,output,S,44.316,dsfd_ctrl_pc.rq[281]
src_rq,281,input,N,44.316,dsfd_svc_pc.rq[281]
rq,282,output,S,44.412,dsfd_ctrl_pc.rq[282]
src_rq,282,input,N,44.412,dsfd_svc_pc.rq[282]
rq,283,output,S,44.508,dsfd_ctrl_pc.rq[283]
src_rq,283,input,N,44.508,dsfd_svc_pc.rq[283]
rq,284,output,S,44.604,dsfd_ctrl_pc.rq[284]
src_rq,284,input,N,44.604,dsfd_svc_pc.rq[284]
rq,285,output,S,44.7,dsfd_ctrl_pc.rq[285]
src_rq,285,input,N,44.7,dsfd_svc_pc.rq[285]
rq,286,output,S,44.796,dsfd_ctrl_pc.rq[286]
src_rq,286,input,N,44.796,dsfd_svc_pc.rq[286]
rq,287,output,S,44.892,dsfd_ctrl_pc.rq[287]
src_rq,287,input,N,44.892,dsfd_svc_pc.rq[287]
rq,288,output,S,44.988,dsfd_ctrl_pc.rq[288]
src_rq,288,input,N,44.988,dsfd_svc_pc.rq[288]
rq,289,output,S,45.084,dsfd_ctrl_pc.rq[289]
src_rq,289,input,N,45.084,dsfd_svc_pc.rq[289]
rq,290,output,S,45.18,dsfd_ctrl_pc.rq[290]
src_rq,290,input,N,45.18,dsfd_svc_pc.rq[290]
rq,291,output,S,45.276,dsfd_ctrl_pc.rq[291]
src_rq,291,input,N,45.276,dsfd_svc_pc.rq[291]
rq,292,output,S,45.372,dsfd_ctrl_pc.rq[292]
src_rq,292,input,N,45.372,dsfd_svc_pc.rq[292]
rq,293,output,S,45.468,dsfd_ctrl_pc.rq[293]
src_rq,293,input,N,45.468,dsfd_svc_pc.rq[293]
rq,294,output,S,45.564,dsfd_ctrl_pc.rq[294]
src_rq,294,input,N,45.564,dsfd_svc_pc.rq[294]
rq,295,output,S,45.66,dsfd_ctrl_pc.rq[295]
src_rq,295,input,N,45.66,dsfd_svc_pc.rq[295]
rq,296,output,S,45.756,dsfd_ctrl_pc.rq[296]
src_rq,296,input,N,45.756,dsfd_svc_pc.rq[296]
rq,297,output,S,45.852,dsfd_ctrl_pc.rq[297]
src_rq,297,input,N,45.852,dsfd_svc_pc.rq[297]
rq,298,output,S,45.948,dsfd_ctrl_pc.rq[298]
src_rq,298,input,N,45.948,dsfd_svc_pc.rq[298]
rq,299,output,S,46.044,dsfd_ctrl_pc.rq[299]
src_rq,299,input,N,46.044,dsfd_svc_pc.rq[299]
rq,300,output,S,46.14,dsfd_ctrl_pc.rq[300]
src_rq,300,input,N,46.14,dsfd_svc_pc.rq[300]
rq,301,output,S,46.236,dsfd_ctrl_pc.rq[301]
src_rq,301,input,N,46.236,dsfd_svc_pc.rq[301]
rq,302,output,S,46.332,dsfd_ctrl_pc.rq[302]
src_rq,302,input,N,46.332,dsfd_svc_pc.rq[302]
rq,303,output,S,46.428,dsfd_ctrl_pc.rq[303]
src_rq,303,input,N,46.428,dsfd_svc_pc.rq[303]
rq,304,output,S,46.524,dsfd_ctrl_pc.rq[304]
src_rq,304,input,N,46.524,dsfd_svc_pc.rq[304]
rq,305,output,S,46.62,dsfd_ctrl_pc.rq[305]
src_rq,305,input,N,46.62,dsfd_svc_pc.rq[305]
rq,306,output,S,46.716,dsfd_ctrl_pc.rq[306]
src_rq,306,input,N,46.716,dsfd_svc_pc.rq[306]
rq,307,output,S,46.812,dsfd_ctrl_pc.rq[307]
src_rq,307,input,N,46.812,dsfd_svc_pc.rq[307]
rq,308,output,S,46.908,dsfd_ctrl_pc.rq[308]
src_rq,308,input,N,46.908,dsfd_svc_pc.rq[308]
rq,309,output,S,47.004,dsfd_ctrl_pc.rq[309]
src_rq,309,input,N,47.004,dsfd_svc_pc.rq[309]
rq,310,output,S,47.1,dsfd_ctrl_pc.rq[310]
src_rq,310,input,N,47.1,dsfd_svc_pc.rq[310]
rq,311,output,S,47.196,dsfd_ctrl_pc.rq[311]
src_rq,311,input,N,47.196,dsfd_svc_pc.rq[311]
rq,312,output,S,47.292,dsfd_ctrl_pc.rq[312]
src_rq,312,input,N,47.292,dsfd_svc_pc.rq[312]
rq,313,output,S,47.388,dsfd_ctrl_pc.rq[313]
src_rq,313,input,N,47.388,dsfd_svc_pc.rq[313]
rq,314,output,S,47.484,dsfd_ctrl_pc.rq[314]
src_rq,314,input,N,47.484,dsfd_svc_pc.rq[314]
rq,315,output,S,47.58,dsfd_ctrl_pc.rq[315]
src_rq,315,input,N,47.58,dsfd_svc_pc.rq[315]
rq,316,output,S,47.676,dsfd_ctrl_pc.rq[316]
src_rq,316,input,N,47.676,dsfd_svc_pc.rq[316]
rq,317,output,S,47.772,dsfd_ctrl_pc.rq[317]
src_rq,317,input,N,47.772,dsfd_svc_pc.rq[317]
rq,318,output,S,47.868,dsfd_ctrl_pc.rq[318]
src_rq,318,input,N,47.868,dsfd_svc_pc.rq[318]
rq,319,output,S,47.964,dsfd_ctrl_pc.rq[319]
src_rq,319,input,N,47.964,dsfd_svc_pc.rq[319]
rq,320,output,S,48.06,dsfd_ctrl_pc.rq[320]
src_rq,320,input,N,48.06,dsfd_svc_pc.rq[320]
rq,321,output,S,48.156,dsfd_ctrl_pc.rq[321]
src_rq,321,input,N,48.156,dsfd_svc_pc.rq[321]
rq,322,output,S,48.252,dsfd_ctrl_pc.rq[322]
src_rq,322,input,N,48.252,dsfd_svc_pc.rq[322]
rq,323,output,S,48.348,dsfd_ctrl_pc.rq[323]
src_rq,323,input,N,48.348,dsfd_svc_pc.rq[323]
rq,324,output,S,48.444,dsfd_ctrl_pc.rq[324]
src_rq,324,input,N,48.444,dsfd_svc_pc.rq[324]
rq,325,output,S,48.54,dsfd_ctrl_pc.rq[325]
src_rq,325,input,N,48.54,dsfd_svc_pc.rq[325]
rq,326,output,S,48.636,dsfd_ctrl_pc.rq[326]
src_rq,326,input,N,48.636,dsfd_svc_pc.rq[326]
rq,327,output,S,48.732,dsfd_ctrl_pc.rq[327]
src_rq,327,input,N,48.732,dsfd_svc_pc.rq[327]
rq,328,output,S,48.828,dsfd_ctrl_pc.rq[328]
src_rq,328,input,N,48.828,dsfd_svc_pc.rq[328]
rq,329,output,S,48.924,dsfd_ctrl_pc.rq[329]
src_rq,329,input,N,48.924,dsfd_svc_pc.rq[329]
rq,330,output,S,49.02,dsfd_ctrl_pc.rq[330]
src_rq,330,input,N,49.02,dsfd_svc_pc.rq[330]
rq,331,output,S,49.116,dsfd_ctrl_pc.rq[331]
src_rq,331,input,N,49.116,dsfd_svc_pc.rq[331]
rq,332,output,S,49.212,dsfd_ctrl_pc.rq[332]
src_rq,332,input,N,49.212,dsfd_svc_pc.rq[332]
rq,333,output,S,49.308,dsfd_ctrl_pc.rq[333]
src_rq,333,input,N,49.308,dsfd_svc_pc.rq[333]
rq,334,output,S,49.404,dsfd_ctrl_pc.rq[334]
src_rq,334,input,N,49.404,dsfd_svc_pc.rq[334]
rq,335,output,S,49.5,dsfd_ctrl_pc.rq[335]
src_rq,335,input,N,49.5,dsfd_svc_pc.rq[335]
rq,336,output,S,49.596,dsfd_ctrl_pc.rq[336]
src_rq,336,input,N,49.596,dsfd_svc_pc.rq[336]
rq,337,output,S,49.692,dsfd_ctrl_pc.rq[337]
src_rq,337,input,N,49.692,dsfd_svc_pc.rq[337]
rq,338,output,S,49.788,dsfd_ctrl_pc.rq[338]
src_rq,338,input,N,49.788,dsfd_svc_pc.rq[338]
rq,339,output,S,49.884,dsfd_ctrl_pc.rq[339]
src_rq,339,input,N,49.884,dsfd_svc_pc.rq[339]
rq,340,output,S,49.98,dsfd_ctrl_pc.rq[340]
src_rq,340,input,N,49.98,dsfd_svc_pc.rq[340]
r_data,0,input,S,80.172,dsfd_ctrl_pc.r_data[0]
src_rdata,0,output,N,80.172,dsfd_svc_pc.r_data[0]
r_data,1,input,S,80.268,dsfd_ctrl_pc.r_data[1]
src_rdata,1,output,N,80.268,dsfd_svc_pc.r_data[1]
r_data,2,input,S,80.364,dsfd_ctrl_pc.r_data[2]
src_rdata,2,output,N,80.364,dsfd_svc_pc.r_data[2]
r_data,3,input,S,80.46,dsfd_ctrl_pc.r_data[3]
src_rdata,3,output,N,80.46,dsfd_svc_pc.r_data[3]
r_data,4,input,S,80.556,dsfd_ctrl_pc.r_data[4]
src_rdata,4,output,N,80.556,dsfd_svc_pc.r_data[4]
r_data,5,input,S,80.652,dsfd_ctrl_pc.r_data[5]
src_rdata,5,output,N,80.652,dsfd_svc_pc.r_data[5]
r_data,6,input,S,80.748,dsfd_ctrl_pc.r_data[6]
src_rdata,6,output,N,80.748,dsfd_svc_pc.r_data[6]
r_data,7,input,S,80.844,dsfd_ctrl_pc.r_data[7]
src_rdata,7,output,N,80.844,dsfd_svc_pc.r_data[7]
r_data,8,input,S,80.94,dsfd_ctrl_pc.r_data[8]
src_rdata,8,output,N,80.94,dsfd_svc_pc.r_data[8]
r_data,9,input,S,81.036,dsfd_ctrl_pc.r_data[9]
src_rdata,9,output,N,81.036,dsfd_svc_pc.r_data[9]
r_data,10,input,S,81.132,dsfd_ctrl_pc.r_data[10]
src_rdata,10,output,N,81.132,dsfd_svc_pc.r_data[10]
r_data,11,input,S,81.228,dsfd_ctrl_pc.r_data[11]
src_rdata,11,output,N,81.228,dsfd_svc_pc.r_data[11]
r_data,12,input,S,81.324,dsfd_ctrl_pc.r_data[12]
src_rdata,12,output,N,81.324,dsfd_svc_pc.r_data[12]
r_data,13,input,S,81.42,dsfd_ctrl_pc.r_data[13]
src_rdata,13,output,N,81.42,dsfd_svc_pc.r_data[13]
r_data,14,input,S,81.516,dsfd_ctrl_pc.r_data[14]
src_rdata,14,output,N,81.516,dsfd_svc_pc.r_data[14]
r_data,15,input,S,81.612,dsfd_ctrl_pc.r_data[15]
src_rdata,15,output,N,81.612,dsfd_svc_pc.r_data[15]
r_data,16,input,S,81.708,dsfd_ctrl_pc.r_data[16]
src_rdata,16,output,N,81.708,dsfd_svc_pc.r_data[16]
r_data,17,input,S,81.804,dsfd_ctrl_pc.r_data[17]
src_rdata,17,output,N,81.804,dsfd_svc_pc.r_data[17]
r_data,18,input,S,81.9,dsfd_ctrl_pc.r_data[18]
src_rdata,18,output,N,81.9,dsfd_svc_pc.r_data[18]
r_data,19,input,S,81.996,dsfd_ctrl_pc.r_data[19]
src_rdata,19,output,N,81.996,dsfd_svc_pc.r_data[19]
r_data,20,input,S,82.092,dsfd_ctrl_pc.r_data[20]
src_rdata,20,output,N,82.092,dsfd_svc_pc.r_data[20]
r_data,21,input,S,82.188,dsfd_ctrl_pc.r_data[21]
src_rdata,21,output,N,82.188,dsfd_svc_pc.r_data[21]
r_data,22,input,S,82.284,dsfd_ctrl_pc.r_data[22]
src_rdata,22,output,N,82.284,dsfd_svc_pc.r_data[22]
r_data,23,input,S,82.38,dsfd_ctrl_pc.r_data[23]
src_rdata,23,output,N,82.38,dsfd_svc_pc.r_data[23]
r_data,24,input,S,82.476,dsfd_ctrl_pc.r_data[24]
src_rdata,24,output,N,82.476,dsfd_svc_pc.r_data[24]
r_data,25,input,S,82.572,dsfd_ctrl_pc.r_data[25]
src_rdata,25,output,N,82.572,dsfd_svc_pc.r_data[25]
r_data,26,input,S,82.668,dsfd_ctrl_pc.r_data[26]
src_rdata,26,output,N,82.668,dsfd_svc_pc.r_data[26]
r_data,27,input,S,82.764,dsfd_ctrl_pc.r_data[27]
src_rdata,27,output,N,82.764,dsfd_svc_pc.r_data[27]
r_data,28,input,S,82.86,dsfd_ctrl_pc.r_data[28]
src_rdata,28,output,N,82.86,dsfd_svc_pc.r_data[28]
r_data,29,input,S,82.956,dsfd_ctrl_pc.r_data[29]
src_rdata,29,output,N,82.956,dsfd_svc_pc.r_data[29]
r_data,30,input,S,83.052,dsfd_ctrl_pc.r_data[30]
src_rdata,30,output,N,83.052,dsfd_svc_pc.r_data[30]
r_data,31,input,S,83.148,dsfd_ctrl_pc.r_data[31]
src_rdata,31,output,N,83.148,dsfd_svc_pc.r_data[31]
r_data,32,input,S,83.244,dsfd_ctrl_pc.r_data[32]
src_rdata,32,output,N,83.244,dsfd_svc_pc.r_data[32]
r_data,33,input,S,83.34,dsfd_ctrl_pc.r_data[33]
src_rdata,33,output,N,83.34,dsfd_svc_pc.r_data[33]
r_data,34,input,S,83.436,dsfd_ctrl_pc.r_data[34]
src_rdata,34,output,N,83.436,dsfd_svc_pc.r_data[34]
r_data,35,input,S,83.532,dsfd_ctrl_pc.r_data[35]
src_rdata,35,output,N,83.532,dsfd_svc_pc.r_data[35]
r_data,36,input,S,83.628,dsfd_ctrl_pc.r_data[36]
src_rdata,36,output,N,83.628,dsfd_svc_pc.r_data[36]
r_data,37,input,S,83.724,dsfd_ctrl_pc.r_data[37]
src_rdata,37,output,N,83.724,dsfd_svc_pc.r_data[37]
r_data,38,input,S,83.82,dsfd_ctrl_pc.r_data[38]
src_rdata,38,output,N,83.82,dsfd_svc_pc.r_data[38]
r_data,39,input,S,83.916,dsfd_ctrl_pc.r_data[39]
src_rdata,39,output,N,83.916,dsfd_svc_pc.r_data[39]
r_data,40,input,S,84.012,dsfd_ctrl_pc.r_data[40]
src_rdata,40,output,N,84.012,dsfd_svc_pc.r_data[40]
r_data,41,input,S,84.108,dsfd_ctrl_pc.r_data[41]
src_rdata,41,output,N,84.108,dsfd_svc_pc.r_data[41]
r_data,42,input,S,84.204,dsfd_ctrl_pc.r_data[42]
src_rdata,42,output,N,84.204,dsfd_svc_pc.r_data[42]
r_data,43,input,S,84.3,dsfd_ctrl_pc.r_data[43]
src_rdata,43,output,N,84.3,dsfd_svc_pc.r_data[43]
r_data,44,input,S,84.396,dsfd_ctrl_pc.r_data[44]
src_rdata,44,output,N,84.396,dsfd_svc_pc.r_data[44]
r_data,45,input,S,84.492,dsfd_ctrl_pc.r_data[45]
src_rdata,45,output,N,84.492,dsfd_svc_pc.r_data[45]
r_data,46,input,S,84.588,dsfd_ctrl_pc.r_data[46]
src_rdata,46,output,N,84.588,dsfd_svc_pc.r_data[46]
r_data,47,input,S,84.684,dsfd_ctrl_pc.r_data[47]
src_rdata,47,output,N,84.684,dsfd_svc_pc.r_data[47]
r_data,48,input,S,84.78,dsfd_ctrl_pc.r_data[48]
src_rdata,48,output,N,84.78,dsfd_svc_pc.r_data[48]
r_data,49,input,S,84.876,dsfd_ctrl_pc.r_data[49]
src_rdata,49,output,N,84.876,dsfd_svc_pc.r_data[49]
r_data,50,input,S,84.972,dsfd_ctrl_pc.r_data[50]
src_rdata,50,output,N,84.972,dsfd_svc_pc.r_data[50]
r_data,51,input,S,85.068,dsfd_ctrl_pc.r_data[51]
src_rdata,51,output,N,85.068,dsfd_svc_pc.r_data[51]
r_data,52,input,S,85.164,dsfd_ctrl_pc.r_data[52]
src_rdata,52,output,N,85.164,dsfd_svc_pc.r_data[52]
r_data,53,input,S,85.26,dsfd_ctrl_pc.r_data[53]
src_rdata,53,output,N,85.26,dsfd_svc_pc.r_data[53]
r_data,54,input,S,85.356,dsfd_ctrl_pc.r_data[54]
src_rdata,54,output,N,85.356,dsfd_svc_pc.r_data[54]
r_data,55,input,S,85.452,dsfd_ctrl_pc.r_data[55]
src_rdata,55,output,N,85.452,dsfd_svc_pc.r_data[55]
r_data,56,input,S,85.548,dsfd_ctrl_pc.r_data[56]
src_rdata,56,output,N,85.548,dsfd_svc_pc.r_data[56]
r_data,57,input,S,85.644,dsfd_ctrl_pc.r_data[57]
src_rdata,57,output,N,85.644,dsfd_svc_pc.r_data[57]
r_data,58,input,S,85.74,dsfd_ctrl_pc.r_data[58]
src_rdata,58,output,N,85.74,dsfd_svc_pc.r_data[58]
r_data,59,input,S,85.836,dsfd_ctrl_pc.r_data[59]
src_rdata,59,output,N,85.836,dsfd_svc_pc.r_data[59]
r_data,60,input,S,85.932,dsfd_ctrl_pc.r_data[60]
src_rdata,60,output,N,85.932,dsfd_svc_pc.r_data[60]
r_data,61,input,S,86.028,dsfd_ctrl_pc.r_data[61]
src_rdata,61,output,N,86.028,dsfd_svc_pc.r_data[61]
r_data,62,input,S,86.124,dsfd_ctrl_pc.r_data[62]
src_rdata,62,output,N,86.124,dsfd_svc_pc.r_data[62]
r_data,63,input,S,86.22,dsfd_ctrl_pc.r_data[63]
src_rdata,63,output,N,86.22,dsfd_svc_pc.r_data[63]
r_data,64,input,S,86.316,dsfd_ctrl_pc.r_data[64]
src_rdata,64,output,N,86.316,dsfd_svc_pc.r_data[64]
r_data,65,input,S,86.412,dsfd_ctrl_pc.r_data[65]
src_rdata,65,output,N,86.412,dsfd_svc_pc.r_data[65]
r_data,66,input,S,86.508,dsfd_ctrl_pc.r_data[66]
src_rdata,66,output,N,86.508,dsfd_svc_pc.r_data[66]
r_data,67,input,S,86.604,dsfd_ctrl_pc.r_data[67]
src_rdata,67,output,N,86.604,dsfd_svc_pc.r_data[67]
r_data,68,input,S,86.7,dsfd_ctrl_pc.r_data[68]
src_rdata,68,output,N,86.7,dsfd_svc_pc.r_data[68]
r_data,69,input,S,86.796,dsfd_ctrl_pc.r_data[69]
src_rdata,69,output,N,86.796,dsfd_svc_pc.r_data[69]
r_data,70,input,S,86.892,dsfd_ctrl_pc.r_data[70]
src_rdata,70,output,N,86.892,dsfd_svc_pc.r_data[70]
r_data,71,input,S,86.988,dsfd_ctrl_pc.r_data[71]
src_rdata,71,output,N,86.988,dsfd_svc_pc.r_data[71]
r_data,72,input,S,87.084,dsfd_ctrl_pc.r_data[72]
src_rdata,72,output,N,87.084,dsfd_svc_pc.r_data[72]
r_data,73,input,S,87.18,dsfd_ctrl_pc.r_data[73]
src_rdata,73,output,N,87.18,dsfd_svc_pc.r_data[73]
r_data,74,input,S,87.276,dsfd_ctrl_pc.r_data[74]
src_rdata,74,output,N,87.276,dsfd_svc_pc.r_data[74]
r_data,75,input,S,87.372,dsfd_ctrl_pc.r_data[75]
src_rdata,75,output,N,87.372,dsfd_svc_pc.r_data[75]
r_data,76,input,S,87.468,dsfd_ctrl_pc.r_data[76]
src_rdata,76,output,N,87.468,dsfd_svc_pc.r_data[76]
r_data,77,input,S,87.564,dsfd_ctrl_pc.r_data[77]
src_rdata,77,output,N,87.564,dsfd_svc_pc.r_data[77]
r_data,78,input,S,87.66,dsfd_ctrl_pc.r_data[78]
src_rdata,78,output,N,87.66,dsfd_svc_pc.r_data[78]
r_data,79,input,S,87.756,dsfd_ctrl_pc.r_data[79]
src_rdata,79,output,N,87.756,dsfd_svc_pc.r_data[79]
r_data,80,input,S,87.852,dsfd_ctrl_pc.r_data[80]
src_rdata,80,output,N,87.852,dsfd_svc_pc.r_data[80]
r_data,81,input,S,87.948,dsfd_ctrl_pc.r_data[81]
src_rdata,81,output,N,87.948,dsfd_svc_pc.r_data[81]
r_data,82,input,S,88.044,dsfd_ctrl_pc.r_data[82]
src_rdata,82,output,N,88.044,dsfd_svc_pc.r_data[82]
r_data,83,input,S,88.14,dsfd_ctrl_pc.r_data[83]
src_rdata,83,output,N,88.14,dsfd_svc_pc.r_data[83]
r_data,84,input,S,88.236,dsfd_ctrl_pc.r_data[84]
src_rdata,84,output,N,88.236,dsfd_svc_pc.r_data[84]
r_data,85,input,S,88.332,dsfd_ctrl_pc.r_data[85]
src_rdata,85,output,N,88.332,dsfd_svc_pc.r_data[85]
r_data,86,input,S,88.428,dsfd_ctrl_pc.r_data[86]
src_rdata,86,output,N,88.428,dsfd_svc_pc.r_data[86]
r_data,87,input,S,88.524,dsfd_ctrl_pc.r_data[87]
src_rdata,87,output,N,88.524,dsfd_svc_pc.r_data[87]
r_data,88,input,S,88.62,dsfd_ctrl_pc.r_data[88]
src_rdata,88,output,N,88.62,dsfd_svc_pc.r_data[88]
r_data,89,input,S,88.716,dsfd_ctrl_pc.r_data[89]
src_rdata,89,output,N,88.716,dsfd_svc_pc.r_data[89]
r_data,90,input,S,88.812,dsfd_ctrl_pc.r_data[90]
src_rdata,90,output,N,88.812,dsfd_svc_pc.r_data[90]
r_data,91,input,S,88.908,dsfd_ctrl_pc.r_data[91]
src_rdata,91,output,N,88.908,dsfd_svc_pc.r_data[91]
r_data,92,input,S,89.004,dsfd_ctrl_pc.r_data[92]
src_rdata,92,output,N,89.004,dsfd_svc_pc.r_data[92]
r_data,93,input,S,89.1,dsfd_ctrl_pc.r_data[93]
src_rdata,93,output,N,89.1,dsfd_svc_pc.r_data[93]
r_data,94,input,S,89.196,dsfd_ctrl_pc.r_data[94]
src_rdata,94,output,N,89.196,dsfd_svc_pc.r_data[94]
r_data,95,input,S,89.292,dsfd_ctrl_pc.r_data[95]
src_rdata,95,output,N,89.292,dsfd_svc_pc.r_data[95]
r_data,96,input,S,89.388,dsfd_ctrl_pc.r_data[96]
src_rdata,96,output,N,89.388,dsfd_svc_pc.r_data[96]
r_data,97,input,S,89.484,dsfd_ctrl_pc.r_data[97]
src_rdata,97,output,N,89.484,dsfd_svc_pc.r_data[97]
r_data,98,input,S,89.58,dsfd_ctrl_pc.r_data[98]
src_rdata,98,output,N,89.58,dsfd_svc_pc.r_data[98]
r_data,99,input,S,89.676,dsfd_ctrl_pc.r_data[99]
src_rdata,99,output,N,89.676,dsfd_svc_pc.r_data[99]
r_data,100,input,S,89.772,dsfd_ctrl_pc.r_data[100]
src_rdata,100,output,N,89.772,dsfd_svc_pc.r_data[100]
r_data,101,input,S,89.868,dsfd_ctrl_pc.r_data[101]
src_rdata,101,output,N,89.868,dsfd_svc_pc.r_data[101]
r_data,102,input,S,89.964,dsfd_ctrl_pc.r_data[102]
src_rdata,102,output,N,89.964,dsfd_svc_pc.r_data[102]
r_data,103,input,S,90.06,dsfd_ctrl_pc.r_data[103]
src_rdata,103,output,N,90.06,dsfd_svc_pc.r_data[103]
r_data,104,input,S,90.156,dsfd_ctrl_pc.r_data[104]
src_rdata,104,output,N,90.156,dsfd_svc_pc.r_data[104]
r_data,105,input,S,90.252,dsfd_ctrl_pc.r_data[105]
src_rdata,105,output,N,90.252,dsfd_svc_pc.r_data[105]
r_data,106,input,S,90.348,dsfd_ctrl_pc.r_data[106]
src_rdata,106,output,N,90.348,dsfd_svc_pc.r_data[106]
r_data,107,input,S,90.444,dsfd_ctrl_pc.r_data[107]
src_rdata,107,output,N,90.444,dsfd_svc_pc.r_data[107]
r_data,108,input,S,90.54,dsfd_ctrl_pc.r_data[108]
src_rdata,108,output,N,90.54,dsfd_svc_pc.r_data[108]
r_data,109,input,S,90.636,dsfd_ctrl_pc.r_data[109]
src_rdata,109,output,N,90.636,dsfd_svc_pc.r_data[109]
r_data,110,input,S,90.732,dsfd_ctrl_pc.r_data[110]
src_rdata,110,output,N,90.732,dsfd_svc_pc.r_data[110]
r_data,111,input,S,90.828,dsfd_ctrl_pc.r_data[111]
src_rdata,111,output,N,90.828,dsfd_svc_pc.r_data[111]
r_data,112,input,S,90.924,dsfd_ctrl_pc.r_data[112]
src_rdata,112,output,N,90.924,dsfd_svc_pc.r_data[112]
r_data,113,input,S,91.02,dsfd_ctrl_pc.r_data[113]
src_rdata,113,output,N,91.02,dsfd_svc_pc.r_data[113]
r_data,114,input,S,91.116,dsfd_ctrl_pc.r_data[114]
src_rdata,114,output,N,91.116,dsfd_svc_pc.r_data[114]
r_data,115,input,S,91.212,dsfd_ctrl_pc.r_data[115]
src_rdata,115,output,N,91.212,dsfd_svc_pc.r_data[115]
r_data,116,input,S,91.308,dsfd_ctrl_pc.r_data[116]
src_rdata,116,output,N,91.308,dsfd_svc_pc.r_data[116]
r_data,117,input,S,91.404,dsfd_ctrl_pc.r_data[117]
src_rdata,117,output,N,91.404,dsfd_svc_pc.r_data[117]
r_data,118,input,S,91.5,dsfd_ctrl_pc.r_data[118]
src_rdata,118,output,N,91.5,dsfd_svc_pc.r_data[118]
r_data,119,input,S,91.596,dsfd_ctrl_pc.r_data[119]
src_rdata,119,output,N,91.596,dsfd_svc_pc.r_data[119]
r_data,120,input,S,91.692,dsfd_ctrl_pc.r_data[120]
src_rdata,120,output,N,91.692,dsfd_svc_pc.r_data[120]
r_data,121,input,S,91.788,dsfd_ctrl_pc.r_data[121]
src_rdata,121,output,N,91.788,dsfd_svc_pc.r_data[121]
r_data,122,input,S,91.884,dsfd_ctrl_pc.r_data[122]
src_rdata,122,output,N,91.884,dsfd_svc_pc.r_data[122]
r_data,123,input,S,91.98,dsfd_ctrl_pc.r_data[123]
src_rdata,123,output,N,91.98,dsfd_svc_pc.r_data[123]
r_data,124,input,S,92.076,dsfd_ctrl_pc.r_data[124]
src_rdata,124,output,N,92.076,dsfd_svc_pc.r_data[124]
r_data,125,input,S,92.172,dsfd_ctrl_pc.r_data[125]
src_rdata,125,output,N,92.172,dsfd_svc_pc.r_data[125]
r_data,126,input,S,92.268,dsfd_ctrl_pc.r_data[126]
src_rdata,126,output,N,92.268,dsfd_svc_pc.r_data[126]
r_data,127,input,S,92.364,dsfd_ctrl_pc.r_data[127]
src_rdata,127,output,N,92.364,dsfd_svc_pc.r_data[127]
r_data,128,input,S,92.46,dsfd_ctrl_pc.r_data[128]
src_rdata,128,output,N,92.46,dsfd_svc_pc.r_data[128]
r_data,129,input,S,92.556,dsfd_ctrl_pc.r_data[129]
src_rdata,129,output,N,92.556,dsfd_svc_pc.r_data[129]
r_data,130,input,S,92.652,dsfd_ctrl_pc.r_data[130]
src_rdata,130,output,N,92.652,dsfd_svc_pc.r_data[130]
r_data,131,input,S,92.748,dsfd_ctrl_pc.r_data[131]
src_rdata,131,output,N,92.748,dsfd_svc_pc.r_data[131]
r_data,132,input,S,92.844,dsfd_ctrl_pc.r_data[132]
src_rdata,132,output,N,92.844,dsfd_svc_pc.r_data[132]
r_data,133,input,S,92.94,dsfd_ctrl_pc.r_data[133]
src_rdata,133,output,N,92.94,dsfd_svc_pc.r_data[133]
r_data,134,input,S,93.036,dsfd_ctrl_pc.r_data[134]
src_rdata,134,output,N,93.036,dsfd_svc_pc.r_data[134]
r_data,135,input,S,93.132,dsfd_ctrl_pc.r_data[135]
src_rdata,135,output,N,93.132,dsfd_svc_pc.r_data[135]
r_data,136,input,S,93.228,dsfd_ctrl_pc.r_data[136]
src_rdata,136,output,N,93.228,dsfd_svc_pc.r_data[136]
r_data,137,input,S,93.324,dsfd_ctrl_pc.r_data[137]
src_rdata,137,output,N,93.324,dsfd_svc_pc.r_data[137]
r_data,138,input,S,93.42,dsfd_ctrl_pc.r_data[138]
src_rdata,138,output,N,93.42,dsfd_svc_pc.r_data[138]
r_data,139,input,S,93.516,dsfd_ctrl_pc.r_data[139]
src_rdata,139,output,N,93.516,dsfd_svc_pc.r_data[139]
r_data,140,input,S,93.612,dsfd_ctrl_pc.r_data[140]
src_rdata,140,output,N,93.612,dsfd_svc_pc.r_data[140]
r_data,141,input,S,93.708,dsfd_ctrl_pc.r_data[141]
src_rdata,141,output,N,93.708,dsfd_svc_pc.r_data[141]
r_data,142,input,S,93.804,dsfd_ctrl_pc.r_data[142]
src_rdata,142,output,N,93.804,dsfd_svc_pc.r_data[142]
r_data,143,input,S,93.9,dsfd_ctrl_pc.r_data[143]
src_rdata,143,output,N,93.9,dsfd_svc_pc.r_data[143]
r_data,144,input,S,93.996,dsfd_ctrl_pc.r_data[144]
src_rdata,144,output,N,93.996,dsfd_svc_pc.r_data[144]
r_data,145,input,S,94.092,dsfd_ctrl_pc.r_data[145]
src_rdata,145,output,N,94.092,dsfd_svc_pc.r_data[145]
r_data,146,input,S,94.188,dsfd_ctrl_pc.r_data[146]
src_rdata,146,output,N,94.188,dsfd_svc_pc.r_data[146]
r_data,147,input,S,94.284,dsfd_ctrl_pc.r_data[147]
src_rdata,147,output,N,94.284,dsfd_svc_pc.r_data[147]
r_data,148,input,S,94.38,dsfd_ctrl_pc.r_data[148]
src_rdata,148,output,N,94.38,dsfd_svc_pc.r_data[148]
r_data,149,input,S,94.476,dsfd_ctrl_pc.r_data[149]
src_rdata,149,output,N,94.476,dsfd_svc_pc.r_data[149]
r_data,150,input,S,94.572,dsfd_ctrl_pc.r_data[150]
src_rdata,150,output,N,94.572,dsfd_svc_pc.r_data[150]
r_data,151,input,S,94.668,dsfd_ctrl_pc.r_data[151]
src_rdata,151,output,N,94.668,dsfd_svc_pc.r_data[151]
r_data,152,input,S,94.764,dsfd_ctrl_pc.r_data[152]
src_rdata,152,output,N,94.764,dsfd_svc_pc.r_data[152]
r_data,153,input,S,94.86,dsfd_ctrl_pc.r_data[153]
src_rdata,153,output,N,94.86,dsfd_svc_pc.r_data[153]
r_data,154,input,S,94.956,dsfd_ctrl_pc.r_data[154]
src_rdata,154,output,N,94.956,dsfd_svc_pc.r_data[154]
r_data,155,input,S,95.052,dsfd_ctrl_pc.r_data[155]
src_rdata,155,output,N,95.052,dsfd_svc_pc.r_data[155]
r_data,156,input,S,95.148,dsfd_ctrl_pc.r_data[156]
src_rdata,156,output,N,95.148,dsfd_svc_pc.r_data[156]
r_data,157,input,S,95.244,dsfd_ctrl_pc.r_data[157]
src_rdata,157,output,N,95.244,dsfd_svc_pc.r_data[157]
r_data,158,input,S,95.34,dsfd_ctrl_pc.r_data[158]
src_rdata,158,output,N,95.34,dsfd_svc_pc.r_data[158]
r_data,159,input,S,95.436,dsfd_ctrl_pc.r_data[159]
src_rdata,159,output,N,95.436,dsfd_svc_pc.r_data[159]
r_data,160,input,S,95.532,dsfd_ctrl_pc.r_data[160]
src_rdata,160,output,N,95.532,dsfd_svc_pc.r_data[160]
r_data,161,input,S,95.628,dsfd_ctrl_pc.r_data[161]
src_rdata,161,output,N,95.628,dsfd_svc_pc.r_data[161]
r_data,162,input,S,95.724,dsfd_ctrl_pc.r_data[162]
src_rdata,162,output,N,95.724,dsfd_svc_pc.r_data[162]
r_data,163,input,S,95.82,dsfd_ctrl_pc.r_data[163]
src_rdata,163,output,N,95.82,dsfd_svc_pc.r_data[163]
r_data,164,input,S,95.916,dsfd_ctrl_pc.r_data[164]
src_rdata,164,output,N,95.916,dsfd_svc_pc.r_data[164]
r_data,165,input,S,96.012,dsfd_ctrl_pc.r_data[165]
src_rdata,165,output,N,96.012,dsfd_svc_pc.r_data[165]
r_data,166,input,S,96.108,dsfd_ctrl_pc.r_data[166]
src_rdata,166,output,N,96.108,dsfd_svc_pc.r_data[166]
r_data,167,input,S,96.204,dsfd_ctrl_pc.r_data[167]
src_rdata,167,output,N,96.204,dsfd_svc_pc.r_data[167]
r_data,168,input,S,96.3,dsfd_ctrl_pc.r_data[168]
src_rdata,168,output,N,96.3,dsfd_svc_pc.r_data[168]
r_data,169,input,S,96.396,dsfd_ctrl_pc.r_data[169]
src_rdata,169,output,N,96.396,dsfd_svc_pc.r_data[169]
r_data,170,input,S,96.492,dsfd_ctrl_pc.r_data[170]
src_rdata,170,output,N,96.492,dsfd_svc_pc.r_data[170]
r_data,171,input,S,96.588,dsfd_ctrl_pc.r_data[171]
src_rdata,171,output,N,96.588,dsfd_svc_pc.r_data[171]
r_data,172,input,S,96.684,dsfd_ctrl_pc.r_data[172]
src_rdata,172,output,N,96.684,dsfd_svc_pc.r_data[172]
r_data,173,input,S,96.78,dsfd_ctrl_pc.r_data[173]
src_rdata,173,output,N,96.78,dsfd_svc_pc.r_data[173]
r_data,174,input,S,96.876,dsfd_ctrl_pc.r_data[174]
src_rdata,174,output,N,96.876,dsfd_svc_pc.r_data[174]
r_data,175,input,S,96.972,dsfd_ctrl_pc.r_data[175]
src_rdata,175,output,N,96.972,dsfd_svc_pc.r_data[175]
r_data,176,input,S,97.068,dsfd_ctrl_pc.r_data[176]
src_rdata,176,output,N,97.068,dsfd_svc_pc.r_data[176]
r_data,177,input,S,97.164,dsfd_ctrl_pc.r_data[177]
src_rdata,177,output,N,97.164,dsfd_svc_pc.r_data[177]
r_data,178,input,S,97.26,dsfd_ctrl_pc.r_data[178]
src_rdata,178,output,N,97.26,dsfd_svc_pc.r_data[178]
r_data,179,input,S,97.356,dsfd_ctrl_pc.r_data[179]
src_rdata,179,output,N,97.356,dsfd_svc_pc.r_data[179]
r_data,180,input,S,97.452,dsfd_ctrl_pc.r_data[180]
src_rdata,180,output,N,97.452,dsfd_svc_pc.r_data[180]
r_data,181,input,S,97.548,dsfd_ctrl_pc.r_data[181]
src_rdata,181,output,N,97.548,dsfd_svc_pc.r_data[181]
r_data,182,input,S,97.644,dsfd_ctrl_pc.r_data[182]
src_rdata,182,output,N,97.644,dsfd_svc_pc.r_data[182]
r_data,183,input,S,97.74,dsfd_ctrl_pc.r_data[183]
src_rdata,183,output,N,97.74,dsfd_svc_pc.r_data[183]
r_data,184,input,S,97.836,dsfd_ctrl_pc.r_data[184]
src_rdata,184,output,N,97.836,dsfd_svc_pc.r_data[184]
r_data,185,input,S,97.932,dsfd_ctrl_pc.r_data[185]
src_rdata,185,output,N,97.932,dsfd_svc_pc.r_data[185]
r_data,186,input,S,98.028,dsfd_ctrl_pc.r_data[186]
src_rdata,186,output,N,98.028,dsfd_svc_pc.r_data[186]
r_data,187,input,S,98.124,dsfd_ctrl_pc.r_data[187]
src_rdata,187,output,N,98.124,dsfd_svc_pc.r_data[187]
r_data,188,input,S,98.22,dsfd_ctrl_pc.r_data[188]
src_rdata,188,output,N,98.22,dsfd_svc_pc.r_data[188]
r_data,189,input,S,98.316,dsfd_ctrl_pc.r_data[189]
src_rdata,189,output,N,98.316,dsfd_svc_pc.r_data[189]
r_data,190,input,S,98.412,dsfd_ctrl_pc.r_data[190]
src_rdata,190,output,N,98.412,dsfd_svc_pc.r_data[190]
r_data,191,input,S,98.508,dsfd_ctrl_pc.r_data[191]
src_rdata,191,output,N,98.508,dsfd_svc_pc.r_data[191]
r_data,192,input,S,98.604,dsfd_ctrl_pc.r_data[192]
src_rdata,192,output,N,98.604,dsfd_svc_pc.r_data[192]
r_data,193,input,S,98.7,dsfd_ctrl_pc.r_data[193]
src_rdata,193,output,N,98.7,dsfd_svc_pc.r_data[193]
r_data,194,input,S,98.796,dsfd_ctrl_pc.r_data[194]
src_rdata,194,output,N,98.796,dsfd_svc_pc.r_data[194]
r_data,195,input,S,98.892,dsfd_ctrl_pc.r_data[195]
src_rdata,195,output,N,98.892,dsfd_svc_pc.r_data[195]
r_data,196,input,S,98.988,dsfd_ctrl_pc.r_data[196]
src_rdata,196,output,N,98.988,dsfd_svc_pc.r_data[196]
r_data,197,input,S,99.084,dsfd_ctrl_pc.r_data[197]
src_rdata,197,output,N,99.084,dsfd_svc_pc.r_data[197]
r_data,198,input,S,99.18,dsfd_ctrl_pc.r_data[198]
src_rdata,198,output,N,99.18,dsfd_svc_pc.r_data[198]
r_data,199,input,S,99.276,dsfd_ctrl_pc.r_data[199]
src_rdata,199,output,N,99.276,dsfd_svc_pc.r_data[199]
r_data,200,input,S,99.372,dsfd_ctrl_pc.r_data[200]
src_rdata,200,output,N,99.372,dsfd_svc_pc.r_data[200]
r_data,201,input,S,99.468,dsfd_ctrl_pc.r_data[201]
src_rdata,201,output,N,99.468,dsfd_svc_pc.r_data[201]
r_data,202,input,S,99.564,dsfd_ctrl_pc.r_data[202]
src_rdata,202,output,N,99.564,dsfd_svc_pc.r_data[202]
r_data,203,input,S,99.66,dsfd_ctrl_pc.r_data[203]
src_rdata,203,output,N,99.66,dsfd_svc_pc.r_data[203]
r_data,204,input,S,99.756,dsfd_ctrl_pc.r_data[204]
src_rdata,204,output,N,99.756,dsfd_svc_pc.r_data[204]
r_data,205,input,S,99.852,dsfd_ctrl_pc.r_data[205]
src_rdata,205,output,N,99.852,dsfd_svc_pc.r_data[205]
r_data,206,input,S,99.948,dsfd_ctrl_pc.r_data[206]
src_rdata,206,output,N,99.948,dsfd_svc_pc.r_data[206]
r_data,207,input,S,100.044,dsfd_ctrl_pc.r_data[207]
src_rdata,207,output,N,100.044,dsfd_svc_pc.r_data[207]
r_data,208,input,S,100.14,dsfd_ctrl_pc.r_data[208]
src_rdata,208,output,N,100.14,dsfd_svc_pc.r_data[208]
r_data,209,input,S,100.236,dsfd_ctrl_pc.r_data[209]
src_rdata,209,output,N,100.236,dsfd_svc_pc.r_data[209]
r_data,210,input,S,100.332,dsfd_ctrl_pc.r_data[210]
src_rdata,210,output,N,100.332,dsfd_svc_pc.r_data[210]
r_data,211,input,S,100.428,dsfd_ctrl_pc.r_data[211]
src_rdata,211,output,N,100.428,dsfd_svc_pc.r_data[211]
r_data,212,input,S,100.524,dsfd_ctrl_pc.r_data[212]
src_rdata,212,output,N,100.524,dsfd_svc_pc.r_data[212]
r_data,213,input,S,100.62,dsfd_ctrl_pc.r_data[213]
src_rdata,213,output,N,100.62,dsfd_svc_pc.r_data[213]
r_data,214,input,S,100.716,dsfd_ctrl_pc.r_data[214]
src_rdata,214,output,N,100.716,dsfd_svc_pc.r_data[214]
r_data,215,input,S,100.812,dsfd_ctrl_pc.r_data[215]
src_rdata,215,output,N,100.812,dsfd_svc_pc.r_data[215]
r_data,216,input,S,100.908,dsfd_ctrl_pc.r_data[216]
src_rdata,216,output,N,100.908,dsfd_svc_pc.r_data[216]
r_data,217,input,S,101.004,dsfd_ctrl_pc.r_data[217]
src_rdata,217,output,N,101.004,dsfd_svc_pc.r_data[217]
r_data,218,input,S,101.1,dsfd_ctrl_pc.r_data[218]
src_rdata,218,output,N,101.1,dsfd_svc_pc.r_data[218]
r_data,219,input,S,101.196,dsfd_ctrl_pc.r_data[219]
src_rdata,219,output,N,101.196,dsfd_svc_pc.r_data[219]
r_data,220,input,S,101.292,dsfd_ctrl_pc.r_data[220]
src_rdata,220,output,N,101.292,dsfd_svc_pc.r_data[220]
r_data,221,input,S,101.388,dsfd_ctrl_pc.r_data[221]
src_rdata,221,output,N,101.388,dsfd_svc_pc.r_data[221]
r_data,222,input,S,101.484,dsfd_ctrl_pc.r_data[222]
src_rdata,222,output,N,101.484,dsfd_svc_pc.r_data[222]
r_data,223,input,S,101.58,dsfd_ctrl_pc.r_data[223]
src_rdata,223,output,N,101.58,dsfd_svc_pc.r_data[223]
r_data,224,input,S,101.676,dsfd_ctrl_pc.r_data[224]
src_rdata,224,output,N,101.676,dsfd_svc_pc.r_data[224]
r_data,225,input,S,101.772,dsfd_ctrl_pc.r_data[225]
src_rdata,225,output,N,101.772,dsfd_svc_pc.r_data[225]
r_data,226,input,S,101.868,dsfd_ctrl_pc.r_data[226]
src_rdata,226,output,N,101.868,dsfd_svc_pc.r_data[226]
r_data,227,input,S,101.964,dsfd_ctrl_pc.r_data[227]
src_rdata,227,output,N,101.964,dsfd_svc_pc.r_data[227]
r_data,228,input,S,102.06,dsfd_ctrl_pc.r_data[228]
src_rdata,228,output,N,102.06,dsfd_svc_pc.r_data[228]
r_data,229,input,S,102.156,dsfd_ctrl_pc.r_data[229]
src_rdata,229,output,N,102.156,dsfd_svc_pc.r_data[229]
r_data,230,input,S,102.252,dsfd_ctrl_pc.r_data[230]
src_rdata,230,output,N,102.252,dsfd_svc_pc.r_data[230]
r_data,231,input,S,102.348,dsfd_ctrl_pc.r_data[231]
src_rdata,231,output,N,102.348,dsfd_svc_pc.r_data[231]
r_data,232,input,S,102.444,dsfd_ctrl_pc.r_data[232]
src_rdata,232,output,N,102.444,dsfd_svc_pc.r_data[232]
r_data,233,input,S,102.54,dsfd_ctrl_pc.r_data[233]
src_rdata,233,output,N,102.54,dsfd_svc_pc.r_data[233]
r_data,234,input,S,102.636,dsfd_ctrl_pc.r_data[234]
src_rdata,234,output,N,102.636,dsfd_svc_pc.r_data[234]
r_data,235,input,S,102.732,dsfd_ctrl_pc.r_data[235]
src_rdata,235,output,N,102.732,dsfd_svc_pc.r_data[235]
r_data,236,input,S,102.828,dsfd_ctrl_pc.r_data[236]
src_rdata,236,output,N,102.828,dsfd_svc_pc.r_data[236]
r_data,237,input,S,102.924,dsfd_ctrl_pc.r_data[237]
src_rdata,237,output,N,102.924,dsfd_svc_pc.r_data[237]
r_data,238,input,S,103.02,dsfd_ctrl_pc.r_data[238]
src_rdata,238,output,N,103.02,dsfd_svc_pc.r_data[238]
r_data,239,input,S,103.116,dsfd_ctrl_pc.r_data[239]
src_rdata,239,output,N,103.116,dsfd_svc_pc.r_data[239]
r_data,240,input,S,103.212,dsfd_ctrl_pc.r_data[240]
src_rdata,240,output,N,103.212,dsfd_svc_pc.r_data[240]
r_data,241,input,S,103.308,dsfd_ctrl_pc.r_data[241]
src_rdata,241,output,N,103.308,dsfd_svc_pc.r_data[241]
r_data,242,input,S,103.404,dsfd_ctrl_pc.r_data[242]
src_rdata,242,output,N,103.404,dsfd_svc_pc.r_data[242]
r_data,243,input,S,103.5,dsfd_ctrl_pc.r_data[243]
src_rdata,243,output,N,103.5,dsfd_svc_pc.r_data[243]
r_data,244,input,S,103.596,dsfd_ctrl_pc.r_data[244]
src_rdata,244,output,N,103.596,dsfd_svc_pc.r_data[244]
r_data,245,input,S,103.692,dsfd_ctrl_pc.r_data[245]
src_rdata,245,output,N,103.692,dsfd_svc_pc.r_data[245]
r_data,246,input,S,103.788,dsfd_ctrl_pc.r_data[246]
src_rdata,246,output,N,103.788,dsfd_svc_pc.r_data[246]
r_data,247,input,S,103.884,dsfd_ctrl_pc.r_data[247]
src_rdata,247,output,N,103.884,dsfd_svc_pc.r_data[247]
r_data,248,input,S,103.98,dsfd_ctrl_pc.r_data[248]
src_rdata,248,output,N,103.98,dsfd_svc_pc.r_data[248]
r_data,249,input,S,104.076,dsfd_ctrl_pc.r_data[249]
src_rdata,249,output,N,104.076,dsfd_svc_pc.r_data[249]
r_data,250,input,S,104.172,dsfd_ctrl_pc.r_data[250]
src_rdata,250,output,N,104.172,dsfd_svc_pc.r_data[250]
r_data,251,input,S,104.268,dsfd_ctrl_pc.r_data[251]
src_rdata,251,output,N,104.268,dsfd_svc_pc.r_data[251]
r_data,252,input,S,104.364,dsfd_ctrl_pc.r_data[252]
src_rdata,252,output,N,104.364,dsfd_svc_pc.r_data[252]
r_data,253,input,S,104.46,dsfd_ctrl_pc.r_data[253]
src_rdata,253,output,N,104.46,dsfd_svc_pc.r_data[253]
r_data,254,input,S,104.556,dsfd_ctrl_pc.r_data[254]
src_rdata,254,output,N,104.556,dsfd_svc_pc.r_data[254]
r_data,255,input,S,104.652,dsfd_ctrl_pc.r_data[255]
src_rdata,255,output,N,104.652,dsfd_svc_pc.r_data[255]
r_tag,0,input,S,104.748,dsfd_ctrl_pc.r_tag[0]
src_rtag,0,output,N,104.748,dsfd_svc_pc.r_tag[0]
r_tag,1,input,S,104.844,dsfd_ctrl_pc.r_tag[1]
src_rtag,1,output,N,104.844,dsfd_svc_pc.r_tag[1]
r_tag,2,input,S,104.94,dsfd_ctrl_pc.r_tag[2]
src_rtag,2,output,N,104.94,dsfd_svc_pc.r_tag[2]
r_tag,3,input,S,105.036,dsfd_ctrl_pc.r_tag[3]
src_rtag,3,output,N,105.036,dsfd_svc_pc.r_tag[3]
r_tag,4,input,S,105.132,dsfd_ctrl_pc.r_tag[4]
src_rtag,4,output,N,105.132,dsfd_svc_pc.r_tag[4]
r_tag,5,input,S,105.228,dsfd_ctrl_pc.r_tag[5]
src_rtag,5,output,N,105.228,dsfd_svc_pc.r_tag[5]
r_tag,6,input,S,105.324,dsfd_ctrl_pc.r_tag[6]
src_rtag,6,output,N,105.324,dsfd_svc_pc.r_tag[6]
r_tag,7,input,S,105.42,dsfd_ctrl_pc.r_tag[7]
src_rtag,7,output,N,105.42,dsfd_svc_pc.r_tag[7]
r_tag,8,input,S,105.516,dsfd_ctrl_pc.r_tag[8]
src_rtag,8,output,N,105.516,dsfd_svc_pc.r_tag[8]
r_tag,9,input,S,105.612,dsfd_ctrl_pc.r_tag[9]
src_rtag,9,output,N,105.612,dsfd_svc_pc.r_tag[9]
r_tag,10,input,S,105.708,dsfd_ctrl_pc.r_tag[10]
src_rtag,10,output,N,105.708,dsfd_svc_pc.r_tag[10]
r_tag,11,input,S,105.804,dsfd_ctrl_pc.r_tag[11]
src_rtag,11,output,N,105.804,dsfd_svc_pc.r_tag[11]
r_tag,12,input,S,105.9,dsfd_ctrl_pc.r_tag[12]
src_rtag,12,output,N,105.9,dsfd_svc_pc.r_tag[12]
r_tag,13,input,S,105.996,dsfd_ctrl_pc.r_tag[13]
src_rtag,13,output,N,105.996,dsfd_svc_pc.r_tag[13]
r_tag,14,input,S,106.092,dsfd_ctrl_pc.r_tag[14]
src_rtag,14,output,N,106.092,dsfd_svc_pc.r_tag[14]
r_tag,15,input,S,106.188,dsfd_ctrl_pc.r_tag[15]
src_rtag,15,output,N,106.188,dsfd_svc_pc.r_tag[15]
r_tag,16,input,S,106.284,dsfd_ctrl_pc.r_tag[16]
src_rtag,16,output,N,106.284,dsfd_svc_pc.r_tag[16]
r_beat,0,input,S,106.38,dsfd_ctrl_pc.r_beat[0]
src_rbeat,0,output,N,106.38,dsfd_svc_pc.r_beat[0]
r_beat,1,input,S,106.476,dsfd_ctrl_pc.r_beat[1]
src_rbeat,1,output,N,106.476,dsfd_svc_pc.r_beat[1]
r_beat,2,input,S,106.572,dsfd_ctrl_pc.r_beat[2]
src_rbeat,2,output,N,106.572,dsfd_svc_pc.r_beat[2]
r_beat,3,input,S,106.668,dsfd_ctrl_pc.r_beat[3]
src_rbeat,3,output,N,106.668,dsfd_svc_pc.r_beat[3]
rk,0,input,S,50.076,dsfd_ctrl_pc.rk[0]
src_rk,0,output,N,50.076,dsfd_svc_pc.rk[0]
wd,0,input,S,50.172,dsfd_ctrl_pc.wd[0]
src_wd,0,output,N,50.172,dsfd_svc_pc.wd[0]
rv,0,input,S,106.764,dsfd_ctrl_pc.rv[0]
src_rv,0,output,N,106.764,dsfd_svc_pc.rv[0]
src_rq,341,input,W,120.864,native source1; aperture binding pending
src_rq,342,input,W,121.056,native source1; aperture binding pending
src_rq,343,input,W,121.248,native source1; aperture binding pending
src_rq,344,input,W,121.44,native source1; aperture binding pending
src_rq,345,input,W,121.632,native source1; aperture binding pending
src_rq,346,input,W,121.824,native source1; aperture binding pending
src_rq,347,input,W,122.016,native source1; aperture binding pending
src_rq,348,input,W,122.208,native source1; aperture binding pending
src_rq,349,input,W,122.4,native source1; aperture binding pending
src_rq,350,input,W,122.592,native source1; aperture binding pending
src_rq,351,input,W,122.784,native source1; aperture binding pending
src_rq,352,input,W,122.976,native source1; aperture binding pending
src_rq,353,input,W,123.168,native source1; aperture binding pending
src_rq,354,input,W,123.36,native source1; aperture binding pending
src_rq,355,input,W,123.552,native source1; aperture binding pending
src_rq,356,input,W,123.744,native source1; aperture binding pending
src_rq,357,input,W,123.936,native source1; aperture binding pending
src_rq,358,input,W,124.128,native source1; aperture binding pending
src_rq,359,input,W,124.32,native source1; aperture binding pending
src_rq,360,input,W,124.512,native source1; aperture binding pending
src_rq,361,input,W,124.704,native source1; aperture binding pending
src_rq,362,input,W,124.896,native source1; aperture binding pending
src_rq,363,input,W,125.088,native source1; aperture binding pending
src_rq,364,input,W,125.28,native source1; aperture binding pending
src_rq,365,input,W,125.472,native source1; aperture binding pending
src_rq,366,input,W,125.664,native source1; aperture binding pending
src_rq,367,input,W,125.856,native source1; aperture binding pending
src_rq,368,input,W,126.048,native source1; aperture binding pending
src_rq,369,input,W,126.24,native source1; aperture binding pending
src_rq,370,input,W,126.432,native source1; aperture binding pending
src_rq,371,input,W,126.624,native source1; aperture binding pending
src_rq,372,input,W,126.816,native source1; aperture binding pending
src_rq,373,input,W,127.008,native source1; aperture binding pending
src_rq,374,input,W,127.2,native source1; aperture binding pending
src_rq,375,input,W,127.392,native source1; aperture binding pending
src_rq,376,input,W,127.584,native source1; aperture binding pending
src_rq,377,input,W,127.776,native source1; aperture binding pending
src_rq,378,input,W,127.968,native source1; aperture binding pending
src_rq,379,input,W,128.16,native source1; aperture binding pending
src_rq,380,input,W,128.352,native source1; aperture binding pending
src_rq,381,input,W,128.544,native source1; aperture binding pending
src_rq,382,input,W,128.736,native source1; aperture binding pending
src_rq,383,input,W,128.928,native source1; aperture binding pending
src_rq,384,input,W,129.12,native source1; aperture binding pending
src_rq,385,input,W,129.312,native source1; aperture binding pending
src_rq,386,input,W,129.504,native source1; aperture binding pending
src_rq,387,input,W,129.696,native source1; aperture binding pending
src_rq,388,input,W,129.888,native source1; aperture binding pending
src_rq,389,input,W,130.08,native source1; aperture binding pending
src_rq,390,input,W,130.272,native source1; aperture binding pending
src_rq,391,input,W,130.464,native source1; aperture binding pending
src_rq,392,input,W,130.656,native source1; aperture binding pending
src_rq,393,input,W,130.848,native source1; aperture binding pending
src_rq,394,input,W,131.04,native source1; aperture binding pending
src_rq,395,input,W,131.232,native source1; aperture binding pending
src_rq,396,input,W,131.424,native source1; aperture binding pending
src_rq,397,input,W,131.616,native source1; aperture binding pending
src_rq,398,input,W,131.808,native source1; aperture binding pending
src_rq,399,input,W,132.0,native source1; aperture binding pending
src_rq,400,input,W,132.192,native source1; aperture binding pending
src_rq,401,input,W,132.384,native source1; aperture binding pending
src_rq,402,input,W,132.576,native source1; aperture binding pending
src_rq,403,input,W,132.768,native source1; aperture binding pending
src_rq,404,input,W,132.96,native source1; aperture binding pending
src_rq,405,input,W,133.152,native source1; aperture binding pending
src_rq,406,input,W,133.344,native source1; aperture binding pending
src_rq,407,input,W,133.536,native source1; aperture binding pending
src_rq,408,input,W,133.728,native source1; aperture binding pending
src_rq,409,input,W,133.92,native source1; aperture binding pending
src_rq,410,input,W,134.112,native source1; aperture binding pending
src_rq,411,input,W,134.304,native source1; aperture binding pending
src_rq,412,input,W,134.496,native source1; aperture binding pending
src_rq,413,input,W,134.688,native source1; aperture binding pending
src_rq,414,input,W,134.88,native source1; aperture binding pending
src_rq,415,input,W,135.072,native source1; aperture binding pending
src_rq,416,input,W,135.264,native source1; aperture binding pending
src_rq,417,input,W,135.456,native source1; aperture binding pending
src_rq,418,input,W,135.648,native source1; aperture binding pending
src_rq,419,input,W,135.84,native source1; aperture binding pending
src_rq,420,input,W,136.032,native source1; aperture binding pending
src_rq,421,input,W,136.224,native source1; aperture binding pending
src_rq,422,input,W,136.416,native source1; aperture binding pending
src_rq,423,input,W,136.608,native source1; aperture binding pending
src_rq,424,input,W,136.8,native source1; aperture binding pending
src_rq,425,input,W,136.992,native source1; aperture binding pending
src_rq,426,input,W,137.184,native source1; aperture binding pending
src_rq,427,input,W,137.376,native source1; aperture binding pending
src_rq,428,input,W,137.568,native source1; aperture binding pending
src_rq,429,input,W,137.76,native source1; aperture binding pending
src_rq,430,input,W,137.952,native source1; aperture binding pending
src_rq,431,input,W,138.144,native source1; aperture binding pending
src_rq,432,input,W,138.336,native source1; aperture binding pending
src_rq,433,input,W,138.528,native source1; aperture binding pending
src_rq,434,input,W,138.72,native source1; aperture binding pending
src_rq,435,input,W,138.912,native source1; aperture binding pending
src_rq,436,input,W,139.104,native source1; aperture binding pending
src_rq,437,input,W,139.296,native source1; aperture binding pending
src_rq,438,input,W,139.488,native source1; aperture binding pending
src_rq,439,input,W,139.68,native source1; aperture binding pending
src_rq,440,input,W,139.872,native source1; aperture binding pending
src_rq,441,input,W,140.064,native source1; aperture binding pending
src_rq,442,input,W,140.256,native source1; aperture binding pending
src_rq,443,input,W,140.448,native source1; aperture binding pending
src_rq,444,input,W,140.64,native source1; aperture binding pending
src_rq,445,input,W,140.832,native source1; aperture binding pending
src_rq,446,input,W,141.024,native source1; aperture binding pending
src_rq,447,input,W,141.216,native source1; aperture binding pending
src_rq,448,input,W,141.408,native source1; aperture binding pending
src_rq,449,input,W,141.6,native source1; aperture binding pending
src_rq,450,input,W,141.792,native source1; aperture binding pending
src_rq,451,input,W,141.984,native source1; aperture binding pending
src_rq,452,input,W,142.176,native source1; aperture binding pending
src_rq,453,input,W,142.368,native source1; aperture binding pending
src_rq,454,input,W,142.56,native source1; aperture binding pending
src_rq,455,input,W,142.752,native source1; aperture binding pending
src_rq,456,input,W,142.944,native source1; aperture binding pending
src_rq,457,input,W,143.136,native source1; aperture binding pending
src_rq,458,input,W,143.328,native source1; aperture binding pending
src_rq,459,input,W,143.52,native source1; aperture binding pending
src_rq,460,input,W,143.712,native source1; aperture binding pending
src_rq,461,input,W,143.904,native source1; aperture binding pending
src_rq,462,input,W,144.096,native source1; aperture binding pending
src_rq,463,input,W,144.288,native source1; aperture binding pending
src_rq,464,input,W,144.48,native source1; aperture binding pending
src_rq,465,input,W,144.672,native source1; aperture binding pending
src_rq,466,input,W,144.864,native source1; aperture binding pending
src_rq,467,input,W,145.056,native source1; aperture binding pending
src_rq,468,input,W,145.248,native source1; aperture binding pending
src_rq,469,input,W,145.44,native source1; aperture binding pending
src_rq,470,input,W,145.632,native source1; aperture binding pending
src_rq,471,input,W,145.824,native source1; aperture binding pending
src_rq,472,input,W,146.016,native source1; aperture binding pending
src_rq,473,input,W,146.208,native source1; aperture binding pending
src_rq,474,input,W,146.4,native source1; aperture binding pending
src_rq,475,input,W,146.592,native source1; aperture binding pending
src_rq,476,input,W,146.784,native source1; aperture binding pending
src_rq,477,input,W,146.976,native source1; aperture binding pending
src_rq,478,input,W,147.168,native source1; aperture binding pending
src_rq,479,input,W,147.36,native source1; aperture binding pending
src_rq,480,input,W,147.552,native source1; aperture binding pending
src_rq,481,input,W,147.744,native source1; aperture binding pending
src_rq,482,input,W,147.936,native source1; aperture binding pending
src_rq,483,input,W,148.128,native source1; aperture binding pending
src_rq,484,input,W,148.32,native source1; aperture binding pending
src_rq,485,input,W,148.512,native source1; aperture binding pending
src_rq,486,input,W,148.704,native source1; aperture binding pending
src_rq,487,input,W,148.896,native source1; aperture binding pending
src_rq,488,input,W,149.088,native source1; aperture binding pending
src_rq,489,input,W,149.28,native source1; aperture binding pending
src_rq,490,input,W,149.472,native source1; aperture binding pending
src_rq,491,input,W,149.664,native source1; aperture binding pending
src_rq,492,input,W,149.856,native source1; aperture binding pending
src_rq,493,input,W,150.048,native source1; aperture binding pending
src_rq,494,input,W,150.24,native source1; aperture binding pending
src_rq,495,input,W,150.432,native source1; aperture binding pending
src_rq,496,input,W,150.624,native source1; aperture binding pending
src_rq,497,input,W,150.816,native source1; aperture binding pending
src_rq,498,input,W,151.008,native source1; aperture binding pending
src_rq,499,input,W,151.2,native source1; aperture binding pending
src_rq,500,input,W,151.392,native source1; aperture binding pending
src_rq,501,input,W,151.584,native source1; aperture binding pending
src_rq,502,input,W,151.776,native source1; aperture binding pending
src_rq,503,input,W,151.968,native source1; aperture binding pending
src_rq,504,input,W,152.16,native source1; aperture binding pending
src_rq,505,input,W,152.352,native source1; aperture binding pending
src_rq,506,input,W,152.544,native source1; aperture binding pending
src_rq,507,input,W,152.736,native source1; aperture binding pending
src_rq,508,input,W,152.928,native source1; aperture binding pending
src_rq,509,input,W,153.12,native source1; aperture binding pending
src_rq,510,input,W,153.312,native source1; aperture binding pending
src_rq,511,input,W,153.504,native source1; aperture binding pending
src_rq,512,input,W,153.696,native source1; aperture binding pending
src_rq,513,input,W,153.888,native source1; aperture binding pending
src_rq,514,input,W,154.08,native source1; aperture binding pending
src_rq,515,input,W,154.272,native source1; aperture binding pending
src_rq,516,input,W,154.464,native source1; aperture binding pending
src_rq,517,input,W,154.656,native source1; aperture binding pending
src_rq,518,input,W,154.848,native source1; aperture binding pending
src_rq,519,input,W,155.04,native source1; aperture binding pending
src_rq,520,input,W,155.232,native source1; aperture binding pending
src_rq,521,input,W,155.424,native source1; aperture binding pending
src_rq,522,input,W,155.616,native source1; aperture binding pending
src_rq,523,input,W,155.808,native source1; aperture binding pending
src_rq,524,input,W,156.0,native source1; aperture binding pending
src_rq,525,input,W,156.192,native source1; aperture binding pending
src_rq,526,input,W,156.384,native source1; aperture binding pending
src_rq,527,input,W,156.576,native source1; aperture binding pending
src_rq,528,input,W,156.768,native source1; aperture binding pending
src_rq,529,input,W,156.96,native source1; aperture binding pending
src_rq,530,input,W,157.152,native source1; aperture binding pending
src_rq,531,input,W,157.344,native source1; aperture binding pending
src_rq,532,input,W,157.536,native source1; aperture binding pending
src_rq,533,input,W,157.728,native source1; aperture binding pending
src_rq,534,input,W,157.92,native source1; aperture binding pending
src_rq,535,input,W,158.112,native source1; aperture binding pending
src_rq,536,input,W,158.304,native source1; aperture binding pending
src_rq,537,input,W,158.496,native source1; aperture binding pending
src_rq,538,input,W,158.688,native source1; aperture binding pending
src_rq,539,input,W,158.88,native source1; aperture binding pending
src_rq,540,input,W,159.072,native source1; aperture binding pending
src_rq,541,input,W,159.264,native source1; aperture binding pending
src_rq,542,input,W,159.456,native source1; aperture binding pending
src_rq,543,input,W,159.648,native source1; aperture binding pending
src_rq,544,input,W,159.84,native source1; aperture binding pending
src_rq,545,input,W,160.032,native source1; aperture binding pending
src_rq,546,input,W,160.224,native source1; aperture binding pending
src_rq,547,input,W,160.416,native source1; aperture binding pending
src_rq,548,input,W,160.608,native source1; aperture binding pending
src_rq,549,input,W,160.8,native source1; aperture binding pending
src_rq,550,input,W,160.992,native source1; aperture binding pending
src_rq,551,input,W,161.184,native source1; aperture binding pending
src_rq,552,input,W,161.376,native source1; aperture binding pending
src_rq,553,input,W,161.568,native source1; aperture binding pending
src_rq,554,input,W,161.76,native source1; aperture binding pending
src_rq,555,input,W,161.952,native source1; aperture binding pending
src_rq,556,input,W,162.144,native source1; aperture binding pending
src_rq,557,input,W,162.336,native source1; aperture binding pending
src_rq,558,input,W,162.528,native source1; aperture binding pending
src_rq,559,input,W,162.72,native source1; aperture binding pending
src_rq,560,input,W,162.912,native source1; aperture binding pending
src_rq,561,input,W,163.104,native source1; aperture binding pending
src_rq,562,input,W,163.296,native source1; aperture binding pending
src_rq,563,input,W,163.488,native source1; aperture binding pending
src_rq,564,input,W,163.68,native source1; aperture binding pending
src_rq,565,input,W,163.872,native source1; aperture binding pending
src_rq,566,input,W,164.064,native source1; aperture binding pending
src_rq,567,input,W,164.256,native source1; aperture binding pending
src_rq,568,input,W,164.448,native source1; aperture binding pending
src_rq,569,input,W,164.64,native source1; aperture binding pending
src_rq,570,input,W,164.832,native source1; aperture binding pending
src_rq,571,input,W,165.024,native source1; aperture binding pending
src_rq,572,input,W,165.216,native source1; aperture binding pending
src_rq,573,input,W,165.408,native source1; aperture binding pending
src_rq,574,input,W,165.6,native source1; aperture binding pending
src_rq,575,input,W,165.792,native source1; aperture binding pending
src_rq,576,input,W,165.984,native source1; aperture binding pending
src_rq,577,input,W,166.176,native source1; aperture binding pending
src_rq,578,input,W,166.368,native source1; aperture binding pending
src_rq,579,input,W,166.56,native source1; aperture binding pending
src_rq,580,input,W,166.752,native source1; aperture binding pending
src_rq,581,input,W,166.944,native source1; aperture binding pending
src_rq,582,input,W,167.136,native source1; aperture binding pending
src_rq,583,input,W,167.328,native source1; aperture binding pending
src_rq,584,input,W,167.52,native source1; aperture binding pending
src_rq,585,input,W,167.712,native source1; aperture binding pending
src_rq,586,input,W,167.904,native source1; aperture binding pending
src_rq,587,input,W,168.096,native source1; aperture binding pending
src_rq,588,input,W,168.288,native source1; aperture binding pending
src_rq,589,input,W,168.48,native source1; aperture binding pending
src_rq,590,input,W,168.672,native source1; aperture binding pending
src_rq,591,input,W,168.864,native source1; aperture binding pending
src_rq,592,input,W,169.056,native source1; aperture binding pending
src_rq,593,input,W,169.248,native source1; aperture binding pending
src_rq,594,input,W,169.44,native source1; aperture binding pending
src_rq,595,input,W,169.632,native source1; aperture binding pending
src_rq,596,input,W,169.824,native source1; aperture binding pending
src_rq,597,input,W,170.016,native source1; aperture binding pending
src_rq,598,input,W,170.208,native source1; aperture binding pending
src_rq,599,input,W,170.4,native source1; aperture binding pending
src_rq,600,input,W,170.592,native source1; aperture binding pending
src_rq,601,input,W,170.784,native source1; aperture binding pending
src_rq,602,input,W,170.976,native source1; aperture binding pending
src_rq,603,input,W,171.168,native source1; aperture binding pending
src_rq,604,input,W,171.36,native source1; aperture binding pending
src_rq,605,input,W,171.552,native source1; aperture binding pending
src_rq,606,input,W,171.744,native source1; aperture binding pending
src_rq,607,input,W,171.936,native source1; aperture binding pending
src_rq,608,input,W,172.128,native source1; aperture binding pending
src_rq,609,input,W,172.32,native source1; aperture binding pending
src_rq,610,input,W,172.512,native source1; aperture binding pending
src_rq,611,input,W,172.704,native source1; aperture binding pending
src_rq,612,input,W,172.896,native source1; aperture binding pending
src_rq,613,input,W,173.088,native source1; aperture binding pending
src_rq,614,input,W,173.28,native source1; aperture binding pending
src_rq,615,input,W,173.472,native source1; aperture binding pending
src_rq,616,input,W,173.664,native source1; aperture binding pending
src_rq,617,input,W,173.856,native source1; aperture binding pending
src_rq,618,input,W,174.048,native source1; aperture binding pending
src_rq,619,input,W,174.24,native source1; aperture binding pending
src_rq,620,input,W,174.432,native source1; aperture binding pending
src_rq,621,input,W,174.624,native source1; aperture binding pending
src_rq,622,input,W,174.816,native source1; aperture binding pending
src_rq,623,input,W,175.008,native source1; aperture binding pending
src_rq,624,input,W,175.2,native source1; aperture binding pending
src_rq,625,input,W,175.392,native source1; aperture binding pending
src_rq,626,input,W,175.584,native source1; aperture binding pending
src_rq,627,input,W,175.776,native source1; aperture binding pending
src_rq,628,input,W,175.968,native source1; aperture binding pending
src_rq,629,input,W,176.16,native source1; aperture binding pending
src_rq,630,input,W,176.352,native source1; aperture binding pending
src_rq,631,input,W,176.544,native source1; aperture binding pending
src_rq,632,input,W,176.736,native source1; aperture binding pending
src_rq,633,input,W,176.928,native source1; aperture binding pending
src_rq,634,input,W,177.12,native source1; aperture binding pending
src_rq,635,input,W,177.312,native source1; aperture binding pending
src_rq,636,input,W,177.504,native source1; aperture binding pending
src_rq,637,input,W,177.696,native source1; aperture binding pending
src_rq,638,input,W,177.888,native source1; aperture binding pending
src_rq,639,input,W,178.08,native source1; aperture binding pending
src_rq,640,input,W,178.272,native source1; aperture binding pending
src_rq,641,input,W,178.464,native source1; aperture binding pending
src_rq,642,input,W,178.656,native source1; aperture binding pending
src_rq,643,input,W,178.848,native source1; aperture binding pending
src_rq,644,input,W,179.04,native source1; aperture binding pending
src_rq,645,input,W,179.232,native source1; aperture binding pending
src_rq,646,input,W,179.424,native source1; aperture binding pending
src_rq,647,input,W,179.616,native source1; aperture binding pending
src_rq,648,input,W,179.808,native source1; aperture binding pending
src_rq,649,input,W,180.0,native source1; aperture binding pending
src_rq,650,input,W,180.192,native source1; aperture binding pending
src_rq,651,input,W,180.384,native source1; aperture binding pending
src_rq,652,input,W,180.576,native source1; aperture binding pending
src_rq,653,input,W,180.768,native source1; aperture binding pending
src_rq,654,input,W,180.96,native source1; aperture binding pending
src_rq,655,input,W,181.152,native source1; aperture binding pending
src_rq,656,input,W,181.344,native source1; aperture binding pending
src_rq,657,input,W,181.536,native source1; aperture binding pending
src_rq,658,input,W,181.728,native source1; aperture binding pending
src_rq,659,input,W,181.92,native source1; aperture binding pending
src_rq,660,input,W,182.112,native source1; aperture binding pending
src_rq,661,input,W,182.304,native source1; aperture binding pending
src_rq,662,input,W,182.496,native source1; aperture binding pending
src_rq,663,input,W,182.688,native source1; aperture binding pending
src_rq,664,input,W,182.88,native source1; aperture binding pending
src_rq,665,input,W,183.072,native source1; aperture binding pending
src_rq,666,input,W,183.264,native source1; aperture binding pending
src_rq,667,input,W,183.456,native source1; aperture binding pending
src_rq,668,input,W,183.648,native source1; aperture binding pending
src_rq,669,input,W,183.84,native source1; aperture binding pending
src_rq,670,input,W,184.032,native source1; aperture binding pending
src_rq,671,input,W,184.224,native source1; aperture binding pending
src_rq,672,input,W,184.416,native source1; aperture binding pending
src_rq,673,input,W,184.608,native source1; aperture binding pending
src_rq,674,input,W,184.8,native source1; aperture binding pending
src_rq,675,input,W,184.992,native source1; aperture binding pending
src_rq,676,input,W,185.184,native source1; aperture binding pending
src_rq,677,input,W,185.376,native source1; aperture binding pending
src_rq,678,input,W,185.568,native source1; aperture binding pending
src_rq,679,input,W,185.76,native source1; aperture binding pending
src_rq,680,input,W,185.952,native source1; aperture binding pending
src_rq,681,input,W,186.144,native source1; aperture binding pending
src_rk,1,output,W,186.336,native source1; aperture binding pending
src_wd,1,output,W,186.528,native source1; aperture binding pending
src_rv,1,output,W,186.72,native source1; aperture binding pending
src_rdata,256,output,W,186.912,native source1; aperture binding pending
src_rdata,257,output,W,187.104,native source1; aperture binding pending
src_rdata,258,output,W,187.296,native source1; aperture binding pending
src_rdata,259,output,W,187.488,native source1; aperture binding pending
src_rdata,260,output,W,187.68,native source1; aperture binding pending
src_rdata,261,output,W,187.872,native source1; aperture binding pending
src_rdata,262,output,W,188.064,native source1; aperture binding pending
src_rdata,263,output,W,188.256,native source1; aperture binding pending
src_rdata,264,output,W,188.448,native source1; aperture binding pending
src_rdata,265,output,W,188.64,native source1; aperture binding pending
src_rdata,266,output,W,188.832,native source1; aperture binding pending
src_rdata,267,output,W,189.024,native source1; aperture binding pending
src_rdata,268,output,W,189.216,native source1; aperture binding pending
src_rdata,269,output,W,189.408,native source1; aperture binding pending
src_rdata,270,output,W,189.6,native source1; aperture binding pending
src_rdata,271,output,W,189.792,native source1; aperture binding pending
src_rdata,272,output,W,189.984,native source1; aperture binding pending
src_rdata,273,output,W,190.176,native source1; aperture binding pending
src_rdata,274,output,W,190.368,native source1; aperture binding pending
src_rdata,275,output,W,190.56,native source1; aperture binding pending
src_rdata,276,output,W,190.752,native source1; aperture binding pending
src_rdata,277,output,W,190.944,native source1; aperture binding pending
src_rdata,278,output,W,191.136,native source1; aperture binding pending
src_rdata,279,output,W,191.328,native source1; aperture binding pending
src_rdata,280,output,W,191.52,native source1; aperture binding pending
src_rdata,281,output,W,191.712,native source1; aperture binding pending
src_rdata,282,output,W,191.904,native source1; aperture binding pending
src_rdata,283,output,W,192.096,native source1; aperture binding pending
src_rdata,284,output,W,192.288,native source1; aperture binding pending
src_rdata,285,output,W,192.48,native source1; aperture binding pending
src_rdata,286,output,W,192.672,native source1; aperture binding pending
src_rdata,287,output,W,192.864,native source1; aperture binding pending
src_rdata,288,output,W,193.056,native source1; aperture binding pending
src_rdata,289,output,W,193.248,native source1; aperture binding pending
src_rdata,290,output,W,193.44,native source1; aperture binding pending
src_rdata,291,output,W,193.632,native source1; aperture binding pending
src_rdata,292,output,W,193.824,native source1; aperture binding pending
src_rdata,293,output,W,194.016,native source1; aperture binding pending
src_rdata,294,output,W,194.208,native source1; aperture binding pending
src_rdata,295,output,W,194.4,native source1; aperture binding pending
src_rdata,296,output,W,194.592,native source1; aperture binding pending
src_rdata,297,output,W,194.784,native source1; aperture binding pending
src_rdata,298,output,W,194.976,native source1; aperture binding pending
src_rdata,299,output,W,195.168,native source1; aperture binding pending
src_rdata,300,output,W,195.36,native source1; aperture binding pending
src_rdata,301,output,W,195.552,native source1; aperture binding pending
src_rdata,302,output,W,195.744,native source1; aperture binding pending
src_rdata,303,output,W,195.936,native source1; aperture binding pending
src_rdata,304,output,W,196.128,native source1; aperture binding pending
src_rdata,305,output,W,196.32,native source1; aperture binding pending
src_rdata,306,output,W,196.512,native source1; aperture binding pending
src_rdata,307,output,W,196.704,native source1; aperture binding pending
src_rdata,308,output,W,196.896,native source1; aperture binding pending
src_rdata,309,output,W,197.088,native source1; aperture binding pending
src_rdata,310,output,W,197.28,native source1; aperture binding pending
src_rdata,311,output,W,197.472,native source1; aperture binding pending
src_rdata,312,output,W,197.664,native source1; aperture binding pending
src_rdata,313,output,W,197.856,native source1; aperture binding pending
src_rdata,314,output,W,198.048,native source1; aperture binding pending
src_rdata,315,output,W,198.24,native source1; aperture binding pending
src_rdata,316,output,W,198.432,native source1; aperture binding pending
src_rdata,317,output,W,198.624,native source1; aperture binding pending
src_rdata,318,output,W,198.816,native source1; aperture binding pending
src_rdata,319,output,W,199.008,native source1; aperture binding pending
src_rdata,320,output,W,199.2,native source1; aperture binding pending
src_rdata,321,output,W,199.392,native source1; aperture binding pending
src_rdata,322,output,W,199.584,native source1; aperture binding pending
src_rdata,323,output,W,199.776,native source1; aperture binding pending
src_rdata,324,output,W,199.968,native source1; aperture binding pending
src_rdata,325,output,W,200.16,native source1; aperture binding pending
src_rdata,326,output,W,200.352,native source1; aperture binding pending
src_rdata,327,output,W,200.544,native source1; aperture binding pending
src_rdata,328,output,W,200.736,native source1; aperture binding pending
src_rdata,329,output,W,200.928,native source1; aperture binding pending
src_rdata,330,output,W,201.12,native source1; aperture binding pending
src_rdata,331,output,W,201.312,native source1; aperture binding pending
src_rdata,332,output,W,201.504,native source1; aperture binding pending
src_rdata,333,output,W,201.696,native source1; aperture binding pending
src_rdata,334,output,W,201.888,native source1; aperture binding pending
src_rdata,335,output,W,202.08,native source1; aperture binding pending
src_rdata,336,output,W,202.272,native source1; aperture binding pending
src_rdata,337,output,W,202.464,native source1; aperture binding pending
src_rdata,338,output,W,202.656,native source1; aperture binding pending
src_rdata,339,output,W,202.848,native source1; aperture binding pending
src_rdata,340,output,W,203.04,native source1; aperture binding pending
src_rdata,341,output,W,203.232,native source1; aperture binding pending
src_rdata,342,output,W,203.424,native source1; aperture binding pending
src_rdata,343,output,W,203.616,native source1; aperture binding pending
src_rdata,344,output,W,203.808,native source1; aperture binding pending
src_rdata,345,output,W,204.0,native source1; aperture binding pending
src_rdata,346,output,W,204.192,native source1; aperture binding pending
src_rdata,347,output,W,204.384,native source1; aperture binding pending
src_rdata,348,output,W,204.576,native source1; aperture binding pending
src_rdata,349,output,W,204.768,native source1; aperture binding pending
src_rdata,350,output,W,204.96,native source1; aperture binding pending
src_rdata,351,output,W,205.152,native source1; aperture binding pending
src_rdata,352,output,W,205.344,native source1; aperture binding pending
src_rdata,353,output,W,205.536,native source1; aperture binding pending
src_rdata,354,output,W,205.728,native source1; aperture binding pending
src_rdata,355,output,W,205.92,native source1; aperture binding pending
src_rdata,356,output,W,206.112,native source1; aperture binding pending
src_rdata,357,output,W,206.304,native source1; aperture binding pending
src_rdata,358,output,W,206.496,native source1; aperture binding pending
src_rdata,359,output,W,206.688,native source1; aperture binding pending
src_rdata,360,output,W,206.88,native source1; aperture binding pending
src_rdata,361,output,W,207.072,native source1; aperture binding pending
src_rdata,362,output,W,207.264,native source1; aperture binding pending
src_rdata,363,output,W,207.456,native source1; aperture binding pending
src_rdata,364,output,W,207.648,native source1; aperture binding pending
src_rdata,365,output,W,207.84,native source1; aperture binding pending
src_rdata,366,output,W,208.032,native source1; aperture binding pending
src_rdata,367,output,W,208.224,native source1; aperture binding pending
src_rdata,368,output,W,208.416,native source1; aperture binding pending
src_rdata,369,output,W,208.608,native source1; aperture binding pending
src_rdata,370,output,W,208.8,native source1; aperture binding pending
src_rdata,371,output,W,208.992,native source1; aperture binding pending
src_rdata,372,output,W,209.184,native source1; aperture binding pending
src_rdata,373,output,W,209.376,native source1; aperture binding pending
src_rdata,374,output,W,209.568,native source1; aperture binding pending
src_rdata,375,output,W,209.76,native source1; aperture binding pending
src_rdata,376,output,W,209.952,native source1; aperture binding pending
src_rdata,377,output,W,210.144,native source1; aperture binding pending
src_rdata,378,output,W,210.336,native source1; aperture binding pending
src_rdata,379,output,W,210.528,native source1; aperture binding pending
src_rdata,380,output,W,210.72,native source1; aperture binding pending
src_rdata,381,output,W,210.912,native source1; aperture binding pending
src_rdata,382,output,W,211.104,native source1; aperture binding pending
src_rdata,383,output,W,211.296,native source1; aperture binding pending
src_rdata,384,output,W,211.488,native source1; aperture binding pending
src_rdata,385,output,W,211.68,native source1; aperture binding pending
src_rdata,386,output,W,211.872,native source1; aperture binding pending
src_rdata,387,output,W,212.064,native source1; aperture binding pending
src_rdata,388,output,W,212.256,native source1; aperture binding pending
src_rdata,389,output,W,212.448,native source1; aperture binding pending
src_rdata,390,output,W,212.64,native source1; aperture binding pending
src_rdata,391,output,W,212.832,native source1; aperture binding pending
src_rdata,392,output,W,213.024,native source1; aperture binding pending
src_rdata,393,output,W,213.216,native source1; aperture binding pending
src_rdata,394,output,W,213.408,native source1; aperture binding pending
src_rdata,395,output,W,213.6,native source1; aperture binding pending
src_rdata,396,output,W,213.792,native source1; aperture binding pending
src_rdata,397,output,W,213.984,native source1; aperture binding pending
src_rdata,398,output,W,214.176,native source1; aperture binding pending
src_rdata,399,output,W,214.368,native source1; aperture binding pending
src_rdata,400,output,W,214.56,native source1; aperture binding pending
src_rdata,401,output,W,214.752,native source1; aperture binding pending
src_rdata,402,output,W,214.944,native source1; aperture binding pending
src_rdata,403,output,W,215.136,native source1; aperture binding pending
src_rdata,404,output,W,215.328,native source1; aperture binding pending
src_rdata,405,output,W,215.52,native source1; aperture binding pending
src_rdata,406,output,W,215.712,native source1; aperture binding pending
src_rdata,407,output,W,215.904,native source1; aperture binding pending
src_rdata,408,output,W,216.096,native source1; aperture binding pending
src_rdata,409,output,W,216.288,native source1; aperture binding pending
src_rdata,410,output,W,216.48,native source1; aperture binding pending
src_rdata,411,output,W,216.672,native source1; aperture binding pending
src_rdata,412,output,W,216.864,native source1; aperture binding pending
src_rdata,413,output,W,217.056,native source1; aperture binding pending
src_rdata,414,output,W,217.248,native source1; aperture binding pending
src_rdata,415,output,W,217.44,native source1; aperture binding pending
src_rdata,416,output,W,217.632,native source1; aperture binding pending
src_rdata,417,output,W,217.824,native source1; aperture binding pending
src_rdata,418,output,W,218.016,native source1; aperture binding pending
src_rdata,419,output,W,218.208,native source1; aperture binding pending
src_rdata,420,output,W,218.4,native source1; aperture binding pending
src_rdata,421,output,W,218.592,native source1; aperture binding pending
src_rdata,422,output,W,218.784,native source1; aperture binding pending
src_rdata,423,output,W,218.976,native source1; aperture binding pending
src_rdata,424,output,W,219.168,native source1; aperture binding pending
src_rdata,425,output,W,219.36,native source1; aperture binding pending
src_rdata,426,output,W,219.552,native source1; aperture binding pending
src_rdata,427,output,W,219.744,native source1; aperture binding pending
src_rdata,428,output,W,219.936,native source1; aperture binding pending
src_rdata,429,output,W,220.128,native source1; aperture binding pending
src_rdata,430,output,W,220.32,native source1; aperture binding pending
src_rdata,431,output,W,220.512,native source1; aperture binding pending
src_rdata,432,output,W,220.704,native source1; aperture binding pending
src_rdata,433,output,W,220.896,native source1; aperture binding pending
src_rdata,434,output,W,221.088,native source1; aperture binding pending
src_rdata,435,output,W,221.28,native source1; aperture binding pending
src_rdata,436,output,W,221.472,native source1; aperture binding pending
src_rdata,437,output,W,221.664,native source1; aperture binding pending
src_rdata,438,output,W,221.856,native source1; aperture binding pending
src_rdata,439,output,W,222.048,native source1; aperture binding pending
src_rdata,440,output,W,222.24,native source1; aperture binding pending
src_rdata,441,output,W,222.432,native source1; aperture binding pending
src_rdata,442,output,W,222.624,native source1; aperture binding pending
src_rdata,443,output,W,222.816,native source1; aperture binding pending
src_rdata,444,output,W,223.008,native source1; aperture binding pending
src_rdata,445,output,W,223.2,native source1; aperture binding pending
src_rdata,446,output,W,223.392,native source1; aperture binding pending
src_rdata,447,output,W,223.584,native source1; aperture binding pending
src_rdata,448,output,W,223.776,native source1; aperture binding pending
src_rdata,449,output,W,223.968,native source1; aperture binding pending
src_rdata,450,output,W,224.16,native source1; aperture binding pending
src_rdata,451,output,W,224.352,native source1; aperture binding pending
src_rdata,452,output,W,224.544,native source1; aperture binding pending
src_rdata,453,output,W,224.736,native source1; aperture binding pending
src_rdata,454,output,W,224.928,native source1; aperture binding pending
src_rdata,455,output,W,225.12,native source1; aperture binding pending
src_rdata,456,output,W,225.312,native source1; aperture binding pending
src_rdata,457,output,W,225.504,native source1; aperture binding pending
src_rdata,458,output,W,225.696,native source1; aperture binding pending
src_rdata,459,output,W,225.888,native source1; aperture binding pending
src_rdata,460,output,W,226.08,native source1; aperture binding pending
src_rdata,461,output,W,226.272,native source1; aperture binding pending
src_rdata,462,output,W,226.464,native source1; aperture binding pending
src_rdata,463,output,W,226.656,native source1; aperture binding pending
src_rdata,464,output,W,226.848,native source1; aperture binding pending
src_rdata,465,output,W,227.04,native source1; aperture binding pending
src_rdata,466,output,W,227.232,native source1; aperture binding pending
src_rdata,467,output,W,227.424,native source1; aperture binding pending
src_rdata,468,output,W,227.616,native source1; aperture binding pending
src_rdata,469,output,W,227.808,native source1; aperture binding pending
src_rdata,470,output,W,228.0,native source1; aperture binding pending
src_rdata,471,output,W,228.192,native source1; aperture binding pending
src_rdata,472,output,W,228.384,native source1; aperture binding pending
src_rdata,473,output,W,228.576,native source1; aperture binding pending
src_rdata,474,output,W,228.768,native source1; aperture binding pending
src_rdata,475,output,W,228.96,native source1; aperture binding pending
src_rdata,476,output,W,229.152,native source1; aperture binding pending
src_rdata,477,output,W,229.344,native source1; aperture binding pending
src_rdata,478,output,W,229.536,native source1; aperture binding pending
src_rdata,479,output,W,229.728,native source1; aperture binding pending
src_rdata,480,output,W,229.92,native source1; aperture binding pending
src_rdata,481,output,W,230.112,native source1; aperture binding pending
src_rdata,482,output,W,230.304,native source1; aperture binding pending
src_rdata,483,output,W,230.496,native source1; aperture binding pending
src_rdata,484,output,W,230.688,native source1; aperture binding pending
src_rdata,485,output,W,230.88,native source1; aperture binding pending
src_rdata,486,output,W,231.072,native source1; aperture binding pending
src_rdata,487,output,W,231.264,native source1; aperture binding pending
src_rdata,488,output,W,231.456,native source1; aperture binding pending
src_rdata,489,output,W,231.648,native source1; aperture binding pending
src_rdata,490,output,W,231.84,native source1; aperture binding pending
src_rdata,491,output,W,232.032,native source1; aperture binding pending
src_rdata,492,output,W,232.224,native source1; aperture binding pending
src_rdata,493,output,W,232.416,native source1; aperture binding pending
src_rdata,494,output,W,232.608,native source1; aperture binding pending
src_rdata,495,output,W,232.8,native source1; aperture binding pending
src_rdata,496,output,W,232.992,native source1; aperture binding pending
src_rdata,497,output,W,233.184,native source1; aperture binding pending
src_rdata,498,output,W,233.376,native source1; aperture binding pending
src_rdata,499,output,W,233.568,native source1; aperture binding pending
src_rdata,500,output,W,233.76,native source1; aperture binding pending
src_rdata,501,output,W,233.952,native source1; aperture binding pending
src_rdata,502,output,W,234.144,native source1; aperture binding pending
src_rdata,503,output,W,234.336,native source1; aperture binding pending
src_rdata,504,output,W,234.528,native source1; aperture binding pending
src_rdata,505,output,W,234.72,native source1; aperture binding pending
src_rdata,506,output,W,234.912,native source1; aperture binding pending
src_rdata,507,output,W,235.104,native source1; aperture binding pending
src_rdata,508,output,W,235.296,native source1; aperture binding pending
src_rdata,509,output,W,235.488,native source1; aperture binding pending
src_rdata,510,output,W,235.68,native source1; aperture binding pending
src_rdata,511,output,W,235.872,native source1; aperture binding pending
src_rtag,17,output,W,236.064,native source1; aperture binding pending
src_rtag,18,output,W,236.256,native source1; aperture binding pending
src_rtag,19,output,W,236.448,native source1; aperture binding pending
src_rtag,20,output,W,236.64,native source1; aperture binding pending
src_rtag,21,output,W,236.832,native source1; aperture binding pending
src_rtag,22,output,W,237.024,native source1; aperture binding pending
src_rtag,23,output,W,237.216,native source1; aperture binding pending
src_rtag,24,output,W,237.408,native source1; aperture binding pending
src_rtag,25,output,W,237.6,native source1; aperture binding pending
src_rtag,26,output,W,237.792,native source1; aperture binding pending
src_rtag,27,output,W,237.984,native source1; aperture binding pending
src_rtag,28,output,W,238.176,native source1; aperture binding pending
src_rtag,29,output,W,238.368,native source1; aperture binding pending
src_rtag,30,output,W,238.56,native source1; aperture binding pending
src_rtag,31,output,W,238.752,native source1; aperture binding pending
src_rtag,32,output,W,238.944,native source1; aperture binding pending
src_rtag,33,output,W,239.136,native source1; aperture binding pending
src_rbeat,4,output,W,239.328,native source1; aperture binding pending
src_rbeat,5,output,W,239.52,native source1; aperture binding pending
src_rbeat,6,output,W,239.712,native source1; aperture binding pending
src_rbeat,7,output,W,239.904,native source1; aperture binding pending
src_rq,682,input,W,240.096,native source2; aperture binding pending
src_rq,683,input,W,240.288,native source2; aperture binding pending
src_rq,684,input,W,240.48,native source2; aperture binding pending
src_rq,685,input,W,240.672,native source2; aperture binding pending
src_rq,686,input,W,240.864,native source2; aperture binding pending
src_rq,687,input,W,241.056,native source2; aperture binding pending
src_rq,688,input,W,241.248,native source2; aperture binding pending
src_rq,689,input,W,241.44,native source2; aperture binding pending
src_rq,690,input,W,241.632,native source2; aperture binding pending
src_rq,691,input,W,241.824,native source2; aperture binding pending
src_rq,692,input,W,242.016,native source2; aperture binding pending
src_rq,693,input,W,242.208,native source2; aperture binding pending
src_rq,694,input,W,242.4,native source2; aperture binding pending
src_rq,695,input,W,242.592,native source2; aperture binding pending
src_rq,696,input,W,242.784,native source2; aperture binding pending
src_rq,697,input,W,242.976,native source2; aperture binding pending
src_rq,698,input,W,243.168,native source2; aperture binding pending
src_rq,699,input,W,243.36,native source2; aperture binding pending
src_rq,700,input,W,243.552,native source2; aperture binding pending
src_rq,701,input,W,243.744,native source2; aperture binding pending
src_rq,702,input,W,243.936,native source2; aperture binding pending
src_rq,703,input,W,244.128,native source2; aperture binding pending
src_rq,704,input,W,244.32,native source2; aperture binding pending
src_rq,705,input,W,244.512,native source2; aperture binding pending
src_rq,706,input,W,244.704,native source2; aperture binding pending
src_rq,707,input,W,244.896,native source2; aperture binding pending
src_rq,708,input,W,245.088,native source2; aperture binding pending
src_rq,709,input,W,245.28,native source2; aperture binding pending
src_rq,710,input,W,245.472,native source2; aperture binding pending
src_rq,711,input,W,245.664,native source2; aperture binding pending
src_rq,712,input,W,245.856,native source2; aperture binding pending
src_rq,713,input,W,246.048,native source2; aperture binding pending
src_rq,714,input,W,246.24,native source2; aperture binding pending
src_rq,715,input,W,246.432,native source2; aperture binding pending
src_rq,716,input,W,246.624,native source2; aperture binding pending
src_rq,717,input,W,246.816,native source2; aperture binding pending
src_rq,718,input,W,247.008,native source2; aperture binding pending
src_rq,719,input,W,247.2,native source2; aperture binding pending
src_rq,720,input,W,247.392,native source2; aperture binding pending
src_rq,721,input,W,247.584,native source2; aperture binding pending
src_rq,722,input,W,247.776,native source2; aperture binding pending
src_rq,723,input,W,247.968,native source2; aperture binding pending
src_rq,724,input,W,248.16,native source2; aperture binding pending
src_rq,725,input,W,248.352,native source2; aperture binding pending
src_rq,726,input,W,248.544,native source2; aperture binding pending
src_rq,727,input,W,248.736,native source2; aperture binding pending
src_rq,728,input,W,248.928,native source2; aperture binding pending
src_rq,729,input,W,249.12,native source2; aperture binding pending
src_rq,730,input,W,249.312,native source2; aperture binding pending
src_rq,731,input,W,249.504,native source2; aperture binding pending
src_rq,732,input,W,249.696,native source2; aperture binding pending
src_rq,733,input,W,249.888,native source2; aperture binding pending
src_rq,734,input,W,250.08,native source2; aperture binding pending
src_rq,735,input,W,250.272,native source2; aperture binding pending
src_rq,736,input,W,250.464,native source2; aperture binding pending
src_rq,737,input,W,250.656,native source2; aperture binding pending
src_rq,738,input,W,250.848,native source2; aperture binding pending
src_rq,739,input,W,251.04,native source2; aperture binding pending
src_rq,740,input,W,251.232,native source2; aperture binding pending
src_rq,741,input,W,251.424,native source2; aperture binding pending
src_rq,742,input,W,251.616,native source2; aperture binding pending
src_rq,743,input,W,251.808,native source2; aperture binding pending
src_rq,744,input,W,252.0,native source2; aperture binding pending
src_rq,745,input,W,252.192,native source2; aperture binding pending
src_rq,746,input,W,252.384,native source2; aperture binding pending
src_rq,747,input,W,252.576,native source2; aperture binding pending
src_rq,748,input,W,252.768,native source2; aperture binding pending
src_rq,749,input,W,252.96,native source2; aperture binding pending
src_rq,750,input,W,253.152,native source2; aperture binding pending
src_rq,751,input,W,253.344,native source2; aperture binding pending
src_rq,752,input,W,253.536,native source2; aperture binding pending
src_rq,753,input,W,253.728,native source2; aperture binding pending
src_rq,754,input,W,253.92,native source2; aperture binding pending
src_rq,755,input,W,254.112,native source2; aperture binding pending
src_rq,756,input,W,254.304,native source2; aperture binding pending
src_rq,757,input,W,254.496,native source2; aperture binding pending
src_rq,758,input,W,254.688,native source2; aperture binding pending
src_rq,759,input,W,254.88,native source2; aperture binding pending
src_rq,760,input,W,255.072,native source2; aperture binding pending
src_rq,761,input,W,255.264,native source2; aperture binding pending
src_rq,762,input,W,255.456,native source2; aperture binding pending
src_rq,763,input,W,255.648,native source2; aperture binding pending
src_rq,764,input,W,255.84,native source2; aperture binding pending
src_rq,765,input,W,256.032,native source2; aperture binding pending
src_rq,766,input,W,256.224,native source2; aperture binding pending
src_rq,767,input,W,256.416,native source2; aperture binding pending
src_rq,768,input,W,256.608,native source2; aperture binding pending
src_rq,769,input,W,256.8,native source2; aperture binding pending
src_rq,770,input,W,256.992,native source2; aperture binding pending
src_rq,771,input,W,257.184,native source2; aperture binding pending
src_rq,772,input,W,257.376,native source2; aperture binding pending
src_rq,773,input,W,257.568,native source2; aperture binding pending
src_rq,774,input,W,257.76,native source2; aperture binding pending
src_rq,775,input,W,257.952,native source2; aperture binding pending
src_rq,776,input,W,258.144,native source2; aperture binding pending
src_rq,777,input,W,258.336,native source2; aperture binding pending
src_rq,778,input,W,258.528,native source2; aperture binding pending
src_rq,779,input,W,258.72,native source2; aperture binding pending
src_rq,780,input,W,258.912,native source2; aperture binding pending
src_rq,781,input,W,259.104,native source2; aperture binding pending
src_rq,782,input,W,259.296,native source2; aperture binding pending
src_rq,783,input,W,259.488,native source2; aperture binding pending
src_rq,784,input,W,259.68,native source2; aperture binding pending
src_rq,785,input,W,259.872,native source2; aperture binding pending
src_rq,786,input,W,260.064,native source2; aperture binding pending
src_rq,787,input,W,260.256,native source2; aperture binding pending
src_rq,788,input,W,260.448,native source2; aperture binding pending
src_rq,789,input,W,260.64,native source2; aperture binding pending
src_rq,790,input,W,260.832,native source2; aperture binding pending
src_rq,791,input,W,261.024,native source2; aperture binding pending
src_rq,792,input,W,261.216,native source2; aperture binding pending
src_rq,793,input,W,261.408,native source2; aperture binding pending
src_rq,794,input,W,261.6,native source2; aperture binding pending
src_rq,795,input,W,261.792,native source2; aperture binding pending
src_rq,796,input,W,261.984,native source2; aperture binding pending
src_rq,797,input,W,262.176,native source2; aperture binding pending
src_rq,798,input,W,262.368,native source2; aperture binding pending
src_rq,799,input,W,262.56,native source2; aperture binding pending
src_rq,800,input,W,262.752,native source2; aperture binding pending
src_rq,801,input,W,262.944,native source2; aperture binding pending
src_rq,802,input,W,263.136,native source2; aperture binding pending
src_rq,803,input,W,263.328,native source2; aperture binding pending
src_rq,804,input,W,263.52,native source2; aperture binding pending
src_rq,805,input,W,263.712,native source2; aperture binding pending
src_rq,806,input,W,263.904,native source2; aperture binding pending
src_rq,807,input,W,264.096,native source2; aperture binding pending
src_rq,808,input,W,264.288,native source2; aperture binding pending
src_rq,809,input,W,264.48,native source2; aperture binding pending
src_rq,810,input,W,264.672,native source2; aperture binding pending
src_rq,811,input,W,264.864,native source2; aperture binding pending
src_rq,812,input,W,265.056,native source2; aperture binding pending
src_rq,813,input,W,265.248,native source2; aperture binding pending
src_rq,814,input,W,265.44,native source2; aperture binding pending
src_rq,815,input,W,265.632,native source2; aperture binding pending
src_rq,816,input,W,265.824,native source2; aperture binding pending
src_rq,817,input,W,266.016,native source2; aperture binding pending
src_rq,818,input,W,266.208,native source2; aperture binding pending
src_rq,819,input,W,266.4,native source2; aperture binding pending
src_rq,820,input,W,266.592,native source2; aperture binding pending
src_rq,821,input,W,266.784,native source2; aperture binding pending
src_rq,822,input,W,266.976,native source2; aperture binding pending
src_rq,823,input,W,267.168,native source2; aperture binding pending
src_rq,824,input,W,267.36,native source2; aperture binding pending
src_rq,825,input,W,267.552,native source2; aperture binding pending
src_rq,826,input,W,267.744,native source2; aperture binding pending
src_rq,827,input,W,267.936,native source2; aperture binding pending
src_rq,828,input,W,268.128,native source2; aperture binding pending
src_rq,829,input,W,268.32,native source2; aperture binding pending
src_rq,830,input,W,268.512,native source2; aperture binding pending
src_rq,831,input,W,268.704,native source2; aperture binding pending
src_rq,832,input,W,268.896,native source2; aperture binding pending
src_rq,833,input,W,269.088,native source2; aperture binding pending
src_rq,834,input,W,269.28,native source2; aperture binding pending
src_rq,835,input,W,269.472,native source2; aperture binding pending
src_rq,836,input,W,269.664,native source2; aperture binding pending
src_rq,837,input,W,269.856,native source2; aperture binding pending
src_rq,838,input,W,270.048,native source2; aperture binding pending
src_rq,839,input,W,270.24,native source2; aperture binding pending
src_rq,840,input,W,270.432,native source2; aperture binding pending
src_rq,841,input,W,270.624,native source2; aperture binding pending
src_rq,842,input,W,270.816,native source2; aperture binding pending
src_rq,843,input,W,271.008,native source2; aperture binding pending
src_rq,844,input,W,271.2,native source2; aperture binding pending
src_rq,845,input,W,271.392,native source2; aperture binding pending
src_rq,846,input,W,271.584,native source2; aperture binding pending
src_rq,847,input,W,271.776,native source2; aperture binding pending
src_rq,848,input,W,271.968,native source2; aperture binding pending
src_rq,849,input,W,272.16,native source2; aperture binding pending
src_rq,850,input,W,272.352,native source2; aperture binding pending
src_rq,851,input,W,272.544,native source2; aperture binding pending
src_rq,852,input,W,272.736,native source2; aperture binding pending
src_rq,853,input,W,272.928,native source2; aperture binding pending
src_rq,854,input,W,273.12,native source2; aperture binding pending
src_rq,855,input,W,273.312,native source2; aperture binding pending
src_rq,856,input,W,273.504,native source2; aperture binding pending
src_rq,857,input,W,273.696,native source2; aperture binding pending
src_rq,858,input,W,273.888,native source2; aperture binding pending
src_rq,859,input,W,274.08,native source2; aperture binding pending
src_rq,860,input,W,274.272,native source2; aperture binding pending
src_rq,861,input,W,274.464,native source2; aperture binding pending
src_rq,862,input,W,274.656,native source2; aperture binding pending
src_rq,863,input,W,274.848,native source2; aperture binding pending
src_rq,864,input,W,275.04,native source2; aperture binding pending
src_rq,865,input,W,275.232,native source2; aperture binding pending
src_rq,866,input,W,275.424,native source2; aperture binding pending
src_rq,867,input,W,275.616,native source2; aperture binding pending
src_rq,868,input,W,275.808,native source2; aperture binding pending
src_rq,869,input,W,276.0,native source2; aperture binding pending
src_rq,870,input,W,276.192,native source2; aperture binding pending
src_rq,871,input,W,276.384,native source2; aperture binding pending
src_rq,872,input,W,276.576,native source2; aperture binding pending
src_rq,873,input,W,276.768,native source2; aperture binding pending
src_rq,874,input,W,276.96,native source2; aperture binding pending
src_rq,875,input,W,277.152,native source2; aperture binding pending
src_rq,876,input,W,277.344,native source2; aperture binding pending
src_rq,877,input,W,277.536,native source2; aperture binding pending
src_rq,878,input,W,277.728,native source2; aperture binding pending
src_rq,879,input,W,277.92,native source2; aperture binding pending
src_rq,880,input,W,278.112,native source2; aperture binding pending
src_rq,881,input,W,278.304,native source2; aperture binding pending
src_rq,882,input,W,278.496,native source2; aperture binding pending
src_rq,883,input,W,278.688,native source2; aperture binding pending
src_rq,884,input,W,278.88,native source2; aperture binding pending
src_rq,885,input,W,279.072,native source2; aperture binding pending
src_rq,886,input,W,279.264,native source2; aperture binding pending
src_rq,887,input,W,279.456,native source2; aperture binding pending
src_rq,888,input,W,279.648,native source2; aperture binding pending
src_rq,889,input,W,279.84,native source2; aperture binding pending
src_rq,890,input,W,280.032,native source2; aperture binding pending
src_rq,891,input,W,280.224,native source2; aperture binding pending
src_rq,892,input,W,280.416,native source2; aperture binding pending
src_rq,893,input,W,280.608,native source2; aperture binding pending
src_rq,894,input,W,280.8,native source2; aperture binding pending
src_rq,895,input,W,280.992,native source2; aperture binding pending
src_rq,896,input,W,281.184,native source2; aperture binding pending
src_rq,897,input,W,281.376,native source2; aperture binding pending
src_rq,898,input,W,281.568,native source2; aperture binding pending
src_rq,899,input,W,281.76,native source2; aperture binding pending
src_rq,900,input,W,281.952,native source2; aperture binding pending
src_rq,901,input,W,282.144,native source2; aperture binding pending
src_rq,902,input,W,282.336,native source2; aperture binding pending
src_rq,903,input,W,282.528,native source2; aperture binding pending
src_rq,904,input,W,282.72,native source2; aperture binding pending
src_rq,905,input,W,282.912,native source2; aperture binding pending
src_rq,906,input,W,283.104,native source2; aperture binding pending
src_rq,907,input,W,283.296,native source2; aperture binding pending
src_rq,908,input,W,283.488,native source2; aperture binding pending
src_rq,909,input,W,283.68,native source2; aperture binding pending
src_rq,910,input,W,283.872,native source2; aperture binding pending
src_rq,911,input,W,284.064,native source2; aperture binding pending
src_rq,912,input,W,284.256,native source2; aperture binding pending
src_rq,913,input,W,284.448,native source2; aperture binding pending
src_rq,914,input,W,284.64,native source2; aperture binding pending
src_rq,915,input,W,284.832,native source2; aperture binding pending
src_rq,916,input,W,285.024,native source2; aperture binding pending
src_rq,917,input,W,285.216,native source2; aperture binding pending
src_rq,918,input,W,285.408,native source2; aperture binding pending
src_rq,919,input,W,285.6,native source2; aperture binding pending
src_rq,920,input,W,285.792,native source2; aperture binding pending
src_rq,921,input,W,285.984,native source2; aperture binding pending
src_rq,922,input,W,286.176,native source2; aperture binding pending
src_rq,923,input,W,286.368,native source2; aperture binding pending
src_rq,924,input,W,286.56,native source2; aperture binding pending
src_rq,925,input,W,286.752,native source2; aperture binding pending
src_rq,926,input,W,286.944,native source2; aperture binding pending
src_rq,927,input,W,287.136,native source2; aperture binding pending
src_rq,928,input,W,287.328,native source2; aperture binding pending
src_rq,929,input,W,287.52,native source2; aperture binding pending
src_rq,930,input,W,287.712,native source2; aperture binding pending
src_rq,931,input,W,287.904,native source2; aperture binding pending
src_rq,932,input,W,288.096,native source2; aperture binding pending
src_rq,933,input,W,288.288,native source2; aperture binding pending
src_rq,934,input,W,288.48,native source2; aperture binding pending
src_rq,935,input,W,288.672,native source2; aperture binding pending
src_rq,936,input,W,288.864,native source2; aperture binding pending
src_rq,937,input,W,289.056,native source2; aperture binding pending
src_rq,938,input,W,289.248,native source2; aperture binding pending
src_rq,939,input,W,289.44,native source2; aperture binding pending
src_rq,940,input,W,289.632,native source2; aperture binding pending
src_rq,941,input,W,289.824,native source2; aperture binding pending
src_rq,942,input,W,290.016,native source2; aperture binding pending
src_rq,943,input,W,290.208,native source2; aperture binding pending
src_rq,944,input,W,290.4,native source2; aperture binding pending
src_rq,945,input,W,290.592,native source2; aperture binding pending
src_rq,946,input,W,290.784,native source2; aperture binding pending
src_rq,947,input,W,290.976,native source2; aperture binding pending
src_rq,948,input,W,291.168,native source2; aperture binding pending
src_rq,949,input,W,291.36,native source2; aperture binding pending
src_rq,950,input,W,291.552,native source2; aperture binding pending
src_rq,951,input,W,291.744,native source2; aperture binding pending
src_rq,952,input,W,291.936,native source2; aperture binding pending
src_rq,953,input,W,292.128,native source2; aperture binding pending
src_rq,954,input,W,292.32,native source2; aperture binding pending
src_rq,955,input,W,292.512,native source2; aperture binding pending
src_rq,956,input,W,292.704,native source2; aperture binding pending
src_rq,957,input,W,292.896,native source2; aperture binding pending
src_rq,958,input,W,293.088,native source2; aperture binding pending
src_rq,959,input,W,293.28,native source2; aperture binding pending
src_rq,960,input,W,293.472,native source2; aperture binding pending
src_rq,961,input,W,293.664,native source2; aperture binding pending
src_rq,962,input,W,293.856,native source2; aperture binding pending
src_rq,963,input,W,294.048,native source2; aperture binding pending
src_rq,964,input,W,294.24,native source2; aperture binding pending
src_rq,965,input,W,294.432,native source2; aperture binding pending
src_rq,966,input,W,294.624,native source2; aperture binding pending
src_rq,967,input,W,294.816,native source2; aperture binding pending
src_rq,968,input,W,295.008,native source2; aperture binding pending
src_rq,969,input,W,295.2,native source2; aperture binding pending
src_rq,970,input,W,295.392,native source2; aperture binding pending
src_rq,971,input,W,295.584,native source2; aperture binding pending
src_rq,972,input,W,295.776,native source2; aperture binding pending
src_rq,973,input,W,295.968,native source2; aperture binding pending
src_rq,974,input,W,296.16,native source2; aperture binding pending
src_rq,975,input,W,296.352,native source2; aperture binding pending
src_rq,976,input,W,296.544,native source2; aperture binding pending
src_rq,977,input,W,296.736,native source2; aperture binding pending
src_rq,978,input,W,296.928,native source2; aperture binding pending
src_rq,979,input,W,297.12,native source2; aperture binding pending
src_rq,980,input,W,297.312,native source2; aperture binding pending
src_rq,981,input,W,297.504,native source2; aperture binding pending
src_rq,982,input,W,297.696,native source2; aperture binding pending
src_rq,983,input,W,297.888,native source2; aperture binding pending
src_rq,984,input,W,298.08,native source2; aperture binding pending
src_rq,985,input,W,298.272,native source2; aperture binding pending
src_rq,986,input,W,298.464,native source2; aperture binding pending
src_rq,987,input,W,298.656,native source2; aperture binding pending
src_rq,988,input,W,298.848,native source2; aperture binding pending
src_rq,989,input,W,299.04,native source2; aperture binding pending
src_rq,990,input,W,299.232,native source2; aperture binding pending
src_rq,991,input,W,299.424,native source2; aperture binding pending
src_rq,992,input,W,299.616,native source2; aperture binding pending
src_rq,993,input,W,299.808,native source2; aperture binding pending
src_rq,994,input,W,300.0,native source2; aperture binding pending
src_rq,995,input,W,300.192,native source2; aperture binding pending
src_rq,996,input,W,300.384,native source2; aperture binding pending
src_rq,997,input,W,300.576,native source2; aperture binding pending
src_rq,998,input,W,300.768,native source2; aperture binding pending
src_rq,999,input,W,300.96,native source2; aperture binding pending
src_rq,1000,input,W,301.152,native source2; aperture binding pending
src_rq,1001,input,W,301.344,native source2; aperture binding pending
src_rq,1002,input,W,301.536,native source2; aperture binding pending
src_rq,1003,input,W,301.728,native source2; aperture binding pending
src_rq,1004,input,W,301.92,native source2; aperture binding pending
src_rq,1005,input,W,302.112,native source2; aperture binding pending
src_rq,1006,input,W,302.304,native source2; aperture binding pending
src_rq,1007,input,W,302.496,native source2; aperture binding pending
src_rq,1008,input,W,302.688,native source2; aperture binding pending
src_rq,1009,input,W,302.88,native source2; aperture binding pending
src_rq,1010,input,W,303.072,native source2; aperture binding pending
src_rq,1011,input,W,303.264,native source2; aperture binding pending
src_rq,1012,input,W,303.456,native source2; aperture binding pending
src_rq,1013,input,W,303.648,native source2; aperture binding pending
src_rq,1014,input,W,303.84,native source2; aperture binding pending
src_rq,1015,input,W,304.032,native source2; aperture binding pending
src_rq,1016,input,W,304.224,native source2; aperture binding pending
src_rq,1017,input,W,304.416,native source2; aperture binding pending
src_rq,1018,input,W,304.608,native source2; aperture binding pending
src_rq,1019,input,W,304.8,native source2; aperture binding pending
src_rq,1020,input,W,304.992,native source2; aperture binding pending
src_rq,1021,input,W,305.184,native source2; aperture binding pending
src_rq,1022,input,W,305.376,native source2; aperture binding pending
src_rk,2,output,W,305.568,native source2; aperture binding pending
src_wd,2,output,W,305.76,native source2; aperture binding pending
src_rv,2,output,W,305.952,native source2; aperture binding pending
src_rdata,512,output,W,306.144,native source2; aperture binding pending
src_rdata,513,output,W,306.336,native source2; aperture binding pending
src_rdata,514,output,W,306.528,native source2; aperture binding pending
src_rdata,515,output,W,306.72,native source2; aperture binding pending
src_rdata,516,output,W,306.912,native source2; aperture binding pending
src_rdata,517,output,W,307.104,native source2; aperture binding pending
src_rdata,518,output,W,307.296,native source2; aperture binding pending
src_rdata,519,output,W,307.488,native source2; aperture binding pending
src_rdata,520,output,W,307.68,native source2; aperture binding pending
src_rdata,521,output,W,307.872,native source2; aperture binding pending
src_rdata,522,output,W,308.064,native source2; aperture binding pending
src_rdata,523,output,W,308.256,native source2; aperture binding pending
src_rdata,524,output,W,308.448,native source2; aperture binding pending
src_rdata,525,output,W,308.64,native source2; aperture binding pending
src_rdata,526,output,W,308.832,native source2; aperture binding pending
src_rdata,527,output,W,309.024,native source2; aperture binding pending
src_rdata,528,output,W,309.216,native source2; aperture binding pending
src_rdata,529,output,W,309.408,native source2; aperture binding pending
src_rdata,530,output,W,309.6,native source2; aperture binding pending
src_rdata,531,output,W,309.792,native source2; aperture binding pending
src_rdata,532,output,W,309.984,native source2; aperture binding pending
src_rdata,533,output,W,310.176,native source2; aperture binding pending
src_rdata,534,output,W,310.368,native source2; aperture binding pending
src_rdata,535,output,W,310.56,native source2; aperture binding pending
src_rdata,536,output,W,310.752,native source2; aperture binding pending
src_rdata,537,output,W,310.944,native source2; aperture binding pending
src_rdata,538,output,W,311.136,native source2; aperture binding pending
src_rdata,539,output,W,311.328,native source2; aperture binding pending
src_rdata,540,output,W,311.52,native source2; aperture binding pending
src_rdata,541,output,W,311.712,native source2; aperture binding pending
src_rdata,542,output,W,311.904,native source2; aperture binding pending
src_rdata,543,output,W,312.096,native source2; aperture binding pending
src_rdata,544,output,W,312.288,native source2; aperture binding pending
src_rdata,545,output,W,312.48,native source2; aperture binding pending
src_rdata,546,output,W,312.672,native source2; aperture binding pending
src_rdata,547,output,W,312.864,native source2; aperture binding pending
src_rdata,548,output,W,313.056,native source2; aperture binding pending
src_rdata,549,output,W,313.248,native source2; aperture binding pending
src_rdata,550,output,W,313.44,native source2; aperture binding pending
src_rdata,551,output,W,313.632,native source2; aperture binding pending
src_rdata,552,output,W,313.824,native source2; aperture binding pending
src_rdata,553,output,W,314.016,native source2; aperture binding pending
src_rdata,554,output,W,314.208,native source2; aperture binding pending
src_rdata,555,output,W,314.4,native source2; aperture binding pending
src_rdata,556,output,W,314.592,native source2; aperture binding pending
src_rdata,557,output,W,314.784,native source2; aperture binding pending
src_rdata,558,output,W,314.976,native source2; aperture binding pending
src_rdata,559,output,W,315.168,native source2; aperture binding pending
src_rdata,560,output,W,315.36,native source2; aperture binding pending
src_rdata,561,output,W,315.552,native source2; aperture binding pending
src_rdata,562,output,W,315.744,native source2; aperture binding pending
src_rdata,563,output,W,315.936,native source2; aperture binding pending
src_rdata,564,output,W,316.128,native source2; aperture binding pending
src_rdata,565,output,W,316.32,native source2; aperture binding pending
src_rdata,566,output,W,316.512,native source2; aperture binding pending
src_rdata,567,output,W,316.704,native source2; aperture binding pending
src_rdata,568,output,W,316.896,native source2; aperture binding pending
src_rdata,569,output,W,317.088,native source2; aperture binding pending
src_rdata,570,output,W,317.28,native source2; aperture binding pending
src_rdata,571,output,W,317.472,native source2; aperture binding pending
src_rdata,572,output,W,317.664,native source2; aperture binding pending
src_rdata,573,output,W,317.856,native source2; aperture binding pending
src_rdata,574,output,W,318.048,native source2; aperture binding pending
src_rdata,575,output,W,318.24,native source2; aperture binding pending
src_rdata,576,output,W,318.432,native source2; aperture binding pending
src_rdata,577,output,W,318.624,native source2; aperture binding pending
src_rdata,578,output,W,318.816,native source2; aperture binding pending
src_rdata,579,output,W,319.008,native source2; aperture binding pending
src_rdata,580,output,W,319.2,native source2; aperture binding pending
src_rdata,581,output,W,319.392,native source2; aperture binding pending
src_rdata,582,output,W,319.584,native source2; aperture binding pending
src_rdata,583,output,W,319.776,native source2; aperture binding pending
src_rdata,584,output,W,319.968,native source2; aperture binding pending
src_rdata,585,output,W,320.16,native source2; aperture binding pending
src_rdata,586,output,W,320.352,native source2; aperture binding pending
src_rdata,587,output,W,320.544,native source2; aperture binding pending
src_rdata,588,output,W,320.736,native source2; aperture binding pending
src_rdata,589,output,W,320.928,native source2; aperture binding pending
src_rdata,590,output,W,321.12,native source2; aperture binding pending
src_rdata,591,output,W,321.312,native source2; aperture binding pending
src_rdata,592,output,W,321.504,native source2; aperture binding pending
src_rdata,593,output,W,321.696,native source2; aperture binding pending
src_rdata,594,output,W,321.888,native source2; aperture binding pending
src_rdata,595,output,W,322.08,native source2; aperture binding pending
src_rdata,596,output,W,322.272,native source2; aperture binding pending
src_rdata,597,output,W,322.464,native source2; aperture binding pending
src_rdata,598,output,W,322.656,native source2; aperture binding pending
src_rdata,599,output,W,322.848,native source2; aperture binding pending
src_rdata,600,output,W,323.04,native source2; aperture binding pending
src_rdata,601,output,W,323.232,native source2; aperture binding pending
src_rdata,602,output,W,323.424,native source2; aperture binding pending
src_rdata,603,output,W,323.616,native source2; aperture binding pending
src_rdata,604,output,W,323.808,native source2; aperture binding pending
src_rdata,605,output,W,324.0,native source2; aperture binding pending
src_rdata,606,output,W,324.192,native source2; aperture binding pending
src_rdata,607,output,W,324.384,native source2; aperture binding pending
src_rdata,608,output,W,324.576,native source2; aperture binding pending
src_rdata,609,output,W,324.768,native source2; aperture binding pending
src_rdata,610,output,W,324.96,native source2; aperture binding pending
src_rdata,611,output,W,325.152,native source2; aperture binding pending
src_rdata,612,output,W,325.344,native source2; aperture binding pending
src_rdata,613,output,W,325.536,native source2; aperture binding pending
src_rdata,614,output,W,325.728,native source2; aperture binding pending
src_rdata,615,output,W,325.92,native source2; aperture binding pending
src_rdata,616,output,W,326.112,native source2; aperture binding pending
src_rdata,617,output,W,326.304,native source2; aperture binding pending
src_rdata,618,output,W,326.496,native source2; aperture binding pending
src_rdata,619,output,W,326.688,native source2; aperture binding pending
src_rdata,620,output,W,326.88,native source2; aperture binding pending
src_rdata,621,output,W,327.072,native source2; aperture binding pending
src_rdata,622,output,W,327.264,native source2; aperture binding pending
src_rdata,623,output,W,327.456,native source2; aperture binding pending
src_rdata,624,output,W,327.648,native source2; aperture binding pending
src_rdata,625,output,W,327.84,native source2; aperture binding pending
src_rdata,626,output,W,328.032,native source2; aperture binding pending
src_rdata,627,output,W,328.224,native source2; aperture binding pending
src_rdata,628,output,W,328.416,native source2; aperture binding pending
src_rdata,629,output,W,328.608,native source2; aperture binding pending
src_rdata,630,output,W,328.8,native source2; aperture binding pending
src_rdata,631,output,W,328.992,native source2; aperture binding pending
src_rdata,632,output,W,329.184,native source2; aperture binding pending
src_rdata,633,output,W,329.376,native source2; aperture binding pending
src_rdata,634,output,W,329.568,native source2; aperture binding pending
src_rdata,635,output,W,329.76,native source2; aperture binding pending
src_rdata,636,output,W,329.952,native source2; aperture binding pending
src_rdata,637,output,W,330.144,native source2; aperture binding pending
src_rdata,638,output,W,330.336,native source2; aperture binding pending
src_rdata,639,output,W,330.528,native source2; aperture binding pending
src_rdata,640,output,W,330.72,native source2; aperture binding pending
src_rdata,641,output,W,330.912,native source2; aperture binding pending
src_rdata,642,output,W,331.104,native source2; aperture binding pending
src_rdata,643,output,W,331.296,native source2; aperture binding pending
src_rdata,644,output,W,331.488,native source2; aperture binding pending
src_rdata,645,output,W,331.68,native source2; aperture binding pending
src_rdata,646,output,W,331.872,native source2; aperture binding pending
src_rdata,647,output,W,332.064,native source2; aperture binding pending
src_rdata,648,output,W,332.256,native source2; aperture binding pending
src_rdata,649,output,W,332.448,native source2; aperture binding pending
src_rdata,650,output,W,332.64,native source2; aperture binding pending
src_rdata,651,output,W,332.832,native source2; aperture binding pending
src_rdata,652,output,W,333.024,native source2; aperture binding pending
src_rdata,653,output,W,333.216,native source2; aperture binding pending
src_rdata,654,output,W,333.408,native source2; aperture binding pending
src_rdata,655,output,W,333.6,native source2; aperture binding pending
src_rdata,656,output,W,333.792,native source2; aperture binding pending
src_rdata,657,output,W,333.984,native source2; aperture binding pending
src_rdata,658,output,W,334.176,native source2; aperture binding pending
src_rdata,659,output,W,334.368,native source2; aperture binding pending
src_rdata,660,output,W,334.56,native source2; aperture binding pending
src_rdata,661,output,W,334.752,native source2; aperture binding pending
src_rdata,662,output,W,334.944,native source2; aperture binding pending
src_rdata,663,output,W,335.136,native source2; aperture binding pending
src_rdata,664,output,W,335.328,native source2; aperture binding pending
src_rdata,665,output,W,335.52,native source2; aperture binding pending
src_rdata,666,output,W,335.712,native source2; aperture binding pending
src_rdata,667,output,W,335.904,native source2; aperture binding pending
src_rdata,668,output,W,336.096,native source2; aperture binding pending
src_rdata,669,output,W,336.288,native source2; aperture binding pending
src_rdata,670,output,W,336.48,native source2; aperture binding pending
src_rdata,671,output,W,336.672,native source2; aperture binding pending
src_rdata,672,output,W,336.864,native source2; aperture binding pending
src_rdata,673,output,W,337.056,native source2; aperture binding pending
src_rdata,674,output,W,337.248,native source2; aperture binding pending
src_rdata,675,output,W,337.44,native source2; aperture binding pending
src_rdata,676,output,W,337.632,native source2; aperture binding pending
src_rdata,677,output,W,337.824,native source2; aperture binding pending
src_rdata,678,output,W,338.016,native source2; aperture binding pending
src_rdata,679,output,W,338.208,native source2; aperture binding pending
src_rdata,680,output,W,338.4,native source2; aperture binding pending
src_rdata,681,output,W,338.592,native source2; aperture binding pending
src_rdata,682,output,W,338.784,native source2; aperture binding pending
src_rdata,683,output,W,338.976,native source2; aperture binding pending
src_rdata,684,output,W,339.168,native source2; aperture binding pending
src_rdata,685,output,W,339.36,native source2; aperture binding pending
src_rdata,686,output,W,339.552,native source2; aperture binding pending
src_rdata,687,output,W,339.744,native source2; aperture binding pending
src_rdata,688,output,W,339.936,native source2; aperture binding pending
src_rdata,689,output,W,340.128,native source2; aperture binding pending
src_rdata,690,output,W,340.32,native source2; aperture binding pending
src_rdata,691,output,W,340.512,native source2; aperture binding pending
src_rdata,692,output,W,340.704,native source2; aperture binding pending
src_rdata,693,output,W,340.896,native source2; aperture binding pending
src_rdata,694,output,W,341.088,native source2; aperture binding pending
src_rdata,695,output,W,341.28,native source2; aperture binding pending
src_rdata,696,output,W,341.472,native source2; aperture binding pending
src_rdata,697,output,W,341.664,native source2; aperture binding pending
src_rdata,698,output,W,341.856,native source2; aperture binding pending
src_rdata,699,output,W,342.048,native source2; aperture binding pending
src_rdata,700,output,W,342.24,native source2; aperture binding pending
src_rdata,701,output,W,342.432,native source2; aperture binding pending
src_rdata,702,output,W,342.624,native source2; aperture binding pending
src_rdata,703,output,W,342.816,native source2; aperture binding pending
src_rdata,704,output,W,343.008,native source2; aperture binding pending
src_rdata,705,output,W,343.2,native source2; aperture binding pending
src_rdata,706,output,W,343.392,native source2; aperture binding pending
src_rdata,707,output,W,343.584,native source2; aperture binding pending
src_rdata,708,output,W,343.776,native source2; aperture binding pending
src_rdata,709,output,W,343.968,native source2; aperture binding pending
src_rdata,710,output,W,344.16,native source2; aperture binding pending
src_rdata,711,output,W,344.352,native source2; aperture binding pending
src_rdata,712,output,W,344.544,native source2; aperture binding pending
src_rdata,713,output,W,344.736,native source2; aperture binding pending
src_rdata,714,output,W,344.928,native source2; aperture binding pending
src_rdata,715,output,W,345.12,native source2; aperture binding pending
src_rdata,716,output,W,345.312,native source2; aperture binding pending
src_rdata,717,output,W,345.504,native source2; aperture binding pending
src_rdata,718,output,W,345.696,native source2; aperture binding pending
src_rdata,719,output,W,345.888,native source2; aperture binding pending
src_rdata,720,output,W,346.08,native source2; aperture binding pending
src_rdata,721,output,W,346.272,native source2; aperture binding pending
src_rdata,722,output,W,346.464,native source2; aperture binding pending
src_rdata,723,output,W,346.656,native source2; aperture binding pending
src_rdata,724,output,W,346.848,native source2; aperture binding pending
src_rdata,725,output,W,347.04,native source2; aperture binding pending
src_rdata,726,output,W,347.232,native source2; aperture binding pending
src_rdata,727,output,W,347.424,native source2; aperture binding pending
src_rdata,728,output,W,347.616,native source2; aperture binding pending
src_rdata,729,output,W,347.808,native source2; aperture binding pending
src_rdata,730,output,W,348.0,native source2; aperture binding pending
src_rdata,731,output,W,348.192,native source2; aperture binding pending
src_rdata,732,output,W,348.384,native source2; aperture binding pending
src_rdata,733,output,W,348.576,native source2; aperture binding pending
src_rdata,734,output,W,348.768,native source2; aperture binding pending
src_rdata,735,output,W,348.96,native source2; aperture binding pending
src_rdata,736,output,W,349.152,native source2; aperture binding pending
src_rdata,737,output,W,349.344,native source2; aperture binding pending
src_rdata,738,output,W,349.536,native source2; aperture binding pending
src_rdata,739,output,W,349.728,native source2; aperture binding pending
src_rdata,740,output,W,349.92,native source2; aperture binding pending
src_rdata,741,output,W,350.112,native source2; aperture binding pending
src_rdata,742,output,W,350.304,native source2; aperture binding pending
src_rdata,743,output,W,350.496,native source2; aperture binding pending
src_rdata,744,output,W,350.688,native source2; aperture binding pending
src_rdata,745,output,W,350.88,native source2; aperture binding pending
src_rdata,746,output,W,351.072,native source2; aperture binding pending
src_rdata,747,output,W,351.264,native source2; aperture binding pending
src_rdata,748,output,W,351.456,native source2; aperture binding pending
src_rdata,749,output,W,351.648,native source2; aperture binding pending
src_rdata,750,output,W,351.84,native source2; aperture binding pending
src_rdata,751,output,W,352.032,native source2; aperture binding pending
src_rdata,752,output,W,352.224,native source2; aperture binding pending
src_rdata,753,output,W,352.416,native source2; aperture binding pending
src_rdata,754,output,W,352.608,native source2; aperture binding pending
src_rdata,755,output,W,352.8,native source2; aperture binding pending
src_rdata,756,output,W,352.992,native source2; aperture binding pending
src_rdata,757,output,W,353.184,native source2; aperture binding pending
src_rdata,758,output,W,353.376,native source2; aperture binding pending
src_rdata,759,output,W,353.568,native source2; aperture binding pending
src_rdata,760,output,W,353.76,native source2; aperture binding pending
src_rdata,761,output,W,353.952,native source2; aperture binding pending
src_rdata,762,output,W,354.144,native source2; aperture binding pending
src_rdata,763,output,W,354.336,native source2; aperture binding pending
src_rdata,764,output,W,354.528,native source2; aperture binding pending
src_rdata,765,output,W,354.72,native source2; aperture binding pending
src_rdata,766,output,W,354.912,native source2; aperture binding pending
src_rdata,767,output,W,355.104,native source2; aperture binding pending
src_rtag,34,output,W,355.296,native source2; aperture binding pending
src_rtag,35,output,W,355.488,native source2; aperture binding pending
src_rtag,36,output,W,355.68,native source2; aperture binding pending
src_rtag,37,output,W,355.872,native source2; aperture binding pending
src_rtag,38,output,W,356.064,native source2; aperture binding pending
src_rtag,39,output,W,356.256,native source2; aperture binding pending
src_rtag,40,output,W,356.448,native source2; aperture binding pending
src_rtag,41,output,W,356.64,native source2; aperture binding pending
src_rtag,42,output,W,356.832,native source2; aperture binding pending
src_rtag,43,output,W,357.024,native source2; aperture binding pending
src_rtag,44,output,W,357.216,native source2; aperture binding pending
src_rtag,45,output,W,357.408,native source2; aperture binding pending
src_rtag,46,output,W,357.6,native source2; aperture binding pending
src_rtag,47,output,W,357.792,native source2; aperture binding pending
src_rtag,48,output,W,357.984,native source2; aperture binding pending
src_rtag,49,output,W,358.176,native source2; aperture binding pending
src_rtag,50,output,W,358.368,native source2; aperture binding pending
src_rbeat,8,output,W,358.56,native source2; aperture binding pending
src_rbeat,9,output,W,358.752,native source2; aperture binding pending
src_rbeat,10,output,W,358.944,native source2; aperture binding pending
src_rbeat,11,output,W,359.136,native source2; aperture binding pending
src_rq,1023,input,E,180.48,native source3; aperture binding pending
src_rq,1024,input,E,180.672,native source3; aperture binding pending
src_rq,1025,input,E,180.864,native source3; aperture binding pending
src_rq,1026,input,E,181.056,native source3; aperture binding pending
src_rq,1027,input,E,181.248,native source3; aperture binding pending
src_rq,1028,input,E,181.44,native source3; aperture binding pending
src_rq,1029,input,E,181.632,native source3; aperture binding pending
src_rq,1030,input,E,181.824,native source3; aperture binding pending
src_rq,1031,input,E,182.016,native source3; aperture binding pending
src_rq,1032,input,E,182.208,native source3; aperture binding pending
src_rq,1033,input,E,182.4,native source3; aperture binding pending
src_rq,1034,input,E,182.592,native source3; aperture binding pending
src_rq,1035,input,E,182.784,native source3; aperture binding pending
src_rq,1036,input,E,182.976,native source3; aperture binding pending
src_rq,1037,input,E,183.168,native source3; aperture binding pending
src_rq,1038,input,E,183.36,native source3; aperture binding pending
src_rq,1039,input,E,183.552,native source3; aperture binding pending
src_rq,1040,input,E,183.744,native source3; aperture binding pending
src_rq,1041,input,E,183.936,native source3; aperture binding pending
src_rq,1042,input,E,184.128,native source3; aperture binding pending
src_rq,1043,input,E,184.32,native source3; aperture binding pending
src_rq,1044,input,E,184.512,native source3; aperture binding pending
src_rq,1045,input,E,184.704,native source3; aperture binding pending
src_rq,1046,input,E,184.896,native source3; aperture binding pending
src_rq,1047,input,E,185.088,native source3; aperture binding pending
src_rq,1048,input,E,185.28,native source3; aperture binding pending
src_rq,1049,input,E,185.472,native source3; aperture binding pending
src_rq,1050,input,E,185.664,native source3; aperture binding pending
src_rq,1051,input,E,185.856,native source3; aperture binding pending
src_rq,1052,input,E,186.048,native source3; aperture binding pending
src_rq,1053,input,E,186.24,native source3; aperture binding pending
src_rq,1054,input,E,186.432,native source3; aperture binding pending
src_rq,1055,input,E,186.624,native source3; aperture binding pending
src_rq,1056,input,E,186.816,native source3; aperture binding pending
src_rq,1057,input,E,187.008,native source3; aperture binding pending
src_rq,1058,input,E,187.2,native source3; aperture binding pending
src_rq,1059,input,E,187.392,native source3; aperture binding pending
src_rq,1060,input,E,187.584,native source3; aperture binding pending
src_rq,1061,input,E,187.776,native source3; aperture binding pending
src_rq,1062,input,E,187.968,native source3; aperture binding pending
src_rq,1063,input,E,188.16,native source3; aperture binding pending
src_rq,1064,input,E,188.352,native source3; aperture binding pending
src_rq,1065,input,E,188.544,native source3; aperture binding pending
src_rq,1066,input,E,188.736,native source3; aperture binding pending
src_rq,1067,input,E,188.928,native source3; aperture binding pending
src_rq,1068,input,E,189.12,native source3; aperture binding pending
src_rq,1069,input,E,189.312,native source3; aperture binding pending
src_rq,1070,input,E,189.504,native source3; aperture binding pending
src_rq,1071,input,E,189.696,native source3; aperture binding pending
src_rq,1072,input,E,189.888,native source3; aperture binding pending
src_rq,1073,input,E,190.08,native source3; aperture binding pending
src_rq,1074,input,E,190.272,native source3; aperture binding pending
src_rq,1075,input,E,190.464,native source3; aperture binding pending
src_rq,1076,input,E,190.656,native source3; aperture binding pending
src_rq,1077,input,E,190.848,native source3; aperture binding pending
src_rq,1078,input,E,191.04,native source3; aperture binding pending
src_rq,1079,input,E,191.232,native source3; aperture binding pending
src_rq,1080,input,E,191.424,native source3; aperture binding pending
src_rq,1081,input,E,191.616,native source3; aperture binding pending
src_rq,1082,input,E,191.808,native source3; aperture binding pending
src_rq,1083,input,E,192.0,native source3; aperture binding pending
src_rq,1084,input,E,192.192,native source3; aperture binding pending
src_rq,1085,input,E,192.384,native source3; aperture binding pending
src_rq,1086,input,E,192.576,native source3; aperture binding pending
src_rq,1087,input,E,192.768,native source3; aperture binding pending
src_rq,1088,input,E,192.96,native source3; aperture binding pending
src_rq,1089,input,E,193.152,native source3; aperture binding pending
src_rq,1090,input,E,193.344,native source3; aperture binding pending
src_rq,1091,input,E,193.536,native source3; aperture binding pending
src_rq,1092,input,E,193.728,native source3; aperture binding pending
src_rq,1093,input,E,193.92,native source3; aperture binding pending
src_rq,1094,input,E,194.112,native source3; aperture binding pending
src_rq,1095,input,E,194.304,native source3; aperture binding pending
src_rq,1096,input,E,194.496,native source3; aperture binding pending
src_rq,1097,input,E,194.688,native source3; aperture binding pending
src_rq,1098,input,E,194.88,native source3; aperture binding pending
src_rq,1099,input,E,195.072,native source3; aperture binding pending
src_rq,1100,input,E,195.264,native source3; aperture binding pending
src_rq,1101,input,E,195.456,native source3; aperture binding pending
src_rq,1102,input,E,195.648,native source3; aperture binding pending
src_rq,1103,input,E,195.84,native source3; aperture binding pending
src_rq,1104,input,E,196.032,native source3; aperture binding pending
src_rq,1105,input,E,196.224,native source3; aperture binding pending
src_rq,1106,input,E,196.416,native source3; aperture binding pending
src_rq,1107,input,E,196.608,native source3; aperture binding pending
src_rq,1108,input,E,196.8,native source3; aperture binding pending
src_rq,1109,input,E,196.992,native source3; aperture binding pending
src_rq,1110,input,E,197.184,native source3; aperture binding pending
src_rq,1111,input,E,197.376,native source3; aperture binding pending
src_rq,1112,input,E,197.568,native source3; aperture binding pending
src_rq,1113,input,E,197.76,native source3; aperture binding pending
src_rq,1114,input,E,197.952,native source3; aperture binding pending
src_rq,1115,input,E,198.144,native source3; aperture binding pending
src_rq,1116,input,E,198.336,native source3; aperture binding pending
src_rq,1117,input,E,198.528,native source3; aperture binding pending
src_rq,1118,input,E,198.72,native source3; aperture binding pending
src_rq,1119,input,E,198.912,native source3; aperture binding pending
src_rq,1120,input,E,199.104,native source3; aperture binding pending
src_rq,1121,input,E,199.296,native source3; aperture binding pending
src_rq,1122,input,E,199.488,native source3; aperture binding pending
src_rq,1123,input,E,199.68,native source3; aperture binding pending
src_rq,1124,input,E,199.872,native source3; aperture binding pending
src_rq,1125,input,E,200.064,native source3; aperture binding pending
src_rq,1126,input,E,200.256,native source3; aperture binding pending
src_rq,1127,input,E,200.448,native source3; aperture binding pending
src_rq,1128,input,E,200.64,native source3; aperture binding pending
src_rq,1129,input,E,200.832,native source3; aperture binding pending
src_rq,1130,input,E,201.024,native source3; aperture binding pending
src_rq,1131,input,E,201.216,native source3; aperture binding pending
src_rq,1132,input,E,201.408,native source3; aperture binding pending
src_rq,1133,input,E,201.6,native source3; aperture binding pending
src_rq,1134,input,E,201.792,native source3; aperture binding pending
src_rq,1135,input,E,201.984,native source3; aperture binding pending
src_rq,1136,input,E,202.176,native source3; aperture binding pending
src_rq,1137,input,E,202.368,native source3; aperture binding pending
src_rq,1138,input,E,202.56,native source3; aperture binding pending
src_rq,1139,input,E,202.752,native source3; aperture binding pending
src_rq,1140,input,E,202.944,native source3; aperture binding pending
src_rq,1141,input,E,203.136,native source3; aperture binding pending
src_rq,1142,input,E,203.328,native source3; aperture binding pending
src_rq,1143,input,E,203.52,native source3; aperture binding pending
src_rq,1144,input,E,203.712,native source3; aperture binding pending
src_rq,1145,input,E,203.904,native source3; aperture binding pending
src_rq,1146,input,E,204.096,native source3; aperture binding pending
src_rq,1147,input,E,204.288,native source3; aperture binding pending
src_rq,1148,input,E,204.48,native source3; aperture binding pending
src_rq,1149,input,E,204.672,native source3; aperture binding pending
src_rq,1150,input,E,204.864,native source3; aperture binding pending
src_rq,1151,input,E,205.056,native source3; aperture binding pending
src_rq,1152,input,E,205.248,native source3; aperture binding pending
src_rq,1153,input,E,205.44,native source3; aperture binding pending
src_rq,1154,input,E,205.632,native source3; aperture binding pending
src_rq,1155,input,E,205.824,native source3; aperture binding pending
src_rq,1156,input,E,206.016,native source3; aperture binding pending
src_rq,1157,input,E,206.208,native source3; aperture binding pending
src_rq,1158,input,E,206.4,native source3; aperture binding pending
src_rq,1159,input,E,206.592,native source3; aperture binding pending
src_rq,1160,input,E,206.784,native source3; aperture binding pending
src_rq,1161,input,E,206.976,native source3; aperture binding pending
src_rq,1162,input,E,207.168,native source3; aperture binding pending
src_rq,1163,input,E,207.36,native source3; aperture binding pending
src_rq,1164,input,E,207.552,native source3; aperture binding pending
src_rq,1165,input,E,207.744,native source3; aperture binding pending
src_rq,1166,input,E,207.936,native source3; aperture binding pending
src_rq,1167,input,E,208.128,native source3; aperture binding pending
src_rq,1168,input,E,208.32,native source3; aperture binding pending
src_rq,1169,input,E,208.512,native source3; aperture binding pending
src_rq,1170,input,E,208.704,native source3; aperture binding pending
src_rq,1171,input,E,208.896,native source3; aperture binding pending
src_rq,1172,input,E,209.088,native source3; aperture binding pending
src_rq,1173,input,E,209.28,native source3; aperture binding pending
src_rq,1174,input,E,209.472,native source3; aperture binding pending
src_rq,1175,input,E,209.664,native source3; aperture binding pending
src_rq,1176,input,E,209.856,native source3; aperture binding pending
src_rq,1177,input,E,210.048,native source3; aperture binding pending
src_rq,1178,input,E,210.24,native source3; aperture binding pending
src_rq,1179,input,E,210.432,native source3; aperture binding pending
src_rq,1180,input,E,210.624,native source3; aperture binding pending
src_rq,1181,input,E,210.816,native source3; aperture binding pending
src_rq,1182,input,E,211.008,native source3; aperture binding pending
src_rq,1183,input,E,211.2,native source3; aperture binding pending
src_rq,1184,input,E,211.392,native source3; aperture binding pending
src_rq,1185,input,E,211.584,native source3; aperture binding pending
src_rq,1186,input,E,211.776,native source3; aperture binding pending
src_rq,1187,input,E,211.968,native source3; aperture binding pending
src_rq,1188,input,E,212.16,native source3; aperture binding pending
src_rq,1189,input,E,212.352,native source3; aperture binding pending
src_rq,1190,input,E,212.544,native source3; aperture binding pending
src_rq,1191,input,E,212.736,native source3; aperture binding pending
src_rq,1192,input,E,212.928,native source3; aperture binding pending
src_rq,1193,input,E,213.12,native source3; aperture binding pending
src_rq,1194,input,E,213.312,native source3; aperture binding pending
src_rq,1195,input,E,213.504,native source3; aperture binding pending
src_rq,1196,input,E,213.696,native source3; aperture binding pending
src_rq,1197,input,E,213.888,native source3; aperture binding pending
src_rq,1198,input,E,214.08,native source3; aperture binding pending
src_rq,1199,input,E,214.272,native source3; aperture binding pending
src_rq,1200,input,E,214.464,native source3; aperture binding pending
src_rq,1201,input,E,214.656,native source3; aperture binding pending
src_rq,1202,input,E,214.848,native source3; aperture binding pending
src_rq,1203,input,E,215.04,native source3; aperture binding pending
src_rq,1204,input,E,215.232,native source3; aperture binding pending
src_rq,1205,input,E,215.424,native source3; aperture binding pending
src_rq,1206,input,E,215.616,native source3; aperture binding pending
src_rq,1207,input,E,215.808,native source3; aperture binding pending
src_rq,1208,input,E,216.0,native source3; aperture binding pending
src_rq,1209,input,E,216.192,native source3; aperture binding pending
src_rq,1210,input,E,216.384,native source3; aperture binding pending
src_rq,1211,input,E,216.576,native source3; aperture binding pending
src_rq,1212,input,E,216.768,native source3; aperture binding pending
src_rq,1213,input,E,216.96,native source3; aperture binding pending
src_rq,1214,input,E,217.152,native source3; aperture binding pending
src_rq,1215,input,E,217.344,native source3; aperture binding pending
src_rq,1216,input,E,217.536,native source3; aperture binding pending
src_rq,1217,input,E,217.728,native source3; aperture binding pending
src_rq,1218,input,E,217.92,native source3; aperture binding pending
src_rq,1219,input,E,218.112,native source3; aperture binding pending
src_rq,1220,input,E,218.304,native source3; aperture binding pending
src_rq,1221,input,E,218.496,native source3; aperture binding pending
src_rq,1222,input,E,218.688,native source3; aperture binding pending
src_rq,1223,input,E,218.88,native source3; aperture binding pending
src_rq,1224,input,E,219.072,native source3; aperture binding pending
src_rq,1225,input,E,219.264,native source3; aperture binding pending
src_rq,1226,input,E,219.456,native source3; aperture binding pending
src_rq,1227,input,E,219.648,native source3; aperture binding pending
src_rq,1228,input,E,219.84,native source3; aperture binding pending
src_rq,1229,input,E,220.032,native source3; aperture binding pending
src_rq,1230,input,E,220.224,native source3; aperture binding pending
src_rq,1231,input,E,220.416,native source3; aperture binding pending
src_rq,1232,input,E,220.608,native source3; aperture binding pending
src_rq,1233,input,E,220.8,native source3; aperture binding pending
src_rq,1234,input,E,220.992,native source3; aperture binding pending
src_rq,1235,input,E,221.184,native source3; aperture binding pending
src_rq,1236,input,E,221.376,native source3; aperture binding pending
src_rq,1237,input,E,221.568,native source3; aperture binding pending
src_rq,1238,input,E,221.76,native source3; aperture binding pending
src_rq,1239,input,E,221.952,native source3; aperture binding pending
src_rq,1240,input,E,222.144,native source3; aperture binding pending
src_rq,1241,input,E,222.336,native source3; aperture binding pending
src_rq,1242,input,E,222.528,native source3; aperture binding pending
src_rq,1243,input,E,222.72,native source3; aperture binding pending
src_rq,1244,input,E,222.912,native source3; aperture binding pending
src_rq,1245,input,E,223.104,native source3; aperture binding pending
src_rq,1246,input,E,223.296,native source3; aperture binding pending
src_rq,1247,input,E,223.488,native source3; aperture binding pending
src_rq,1248,input,E,223.68,native source3; aperture binding pending
src_rq,1249,input,E,223.872,native source3; aperture binding pending
src_rq,1250,input,E,224.064,native source3; aperture binding pending
src_rq,1251,input,E,224.256,native source3; aperture binding pending
src_rq,1252,input,E,224.448,native source3; aperture binding pending
src_rq,1253,input,E,224.64,native source3; aperture binding pending
src_rq,1254,input,E,224.832,native source3; aperture binding pending
src_rq,1255,input,E,225.024,native source3; aperture binding pending
src_rq,1256,input,E,225.216,native source3; aperture binding pending
src_rq,1257,input,E,225.408,native source3; aperture binding pending
src_rq,1258,input,E,225.6,native source3; aperture binding pending
src_rq,1259,input,E,225.792,native source3; aperture binding pending
src_rq,1260,input,E,225.984,native source3; aperture binding pending
src_rq,1261,input,E,226.176,native source3; aperture binding pending
src_rq,1262,input,E,226.368,native source3; aperture binding pending
src_rq,1263,input,E,226.56,native source3; aperture binding pending
src_rq,1264,input,E,226.752,native source3; aperture binding pending
src_rq,1265,input,E,226.944,native source3; aperture binding pending
src_rq,1266,input,E,227.136,native source3; aperture binding pending
src_rq,1267,input,E,227.328,native source3; aperture binding pending
src_rq,1268,input,E,227.52,native source3; aperture binding pending
src_rq,1269,input,E,227.712,native source3; aperture binding pending
src_rq,1270,input,E,227.904,native source3; aperture binding pending
src_rq,1271,input,E,228.096,native source3; aperture binding pending
src_rq,1272,input,E,228.288,native source3; aperture binding pending
src_rq,1273,input,E,228.48,native source3; aperture binding pending
src_rq,1274,input,E,228.672,native source3; aperture binding pending
src_rq,1275,input,E,228.864,native source3; aperture binding pending
src_rq,1276,input,E,229.056,native source3; aperture binding pending
src_rq,1277,input,E,229.248,native source3; aperture binding pending
src_rq,1278,input,E,229.44,native source3; aperture binding pending
src_rq,1279,input,E,229.632,native source3; aperture binding pending
src_rq,1280,input,E,229.824,native source3; aperture binding pending
src_rq,1281,input,E,230.016,native source3; aperture binding pending
src_rq,1282,input,E,230.208,native source3; aperture binding pending
src_rq,1283,input,E,230.4,native source3; aperture binding pending
src_rq,1284,input,E,230.592,native source3; aperture binding pending
src_rq,1285,input,E,230.784,native source3; aperture binding pending
src_rq,1286,input,E,230.976,native source3; aperture binding pending
src_rq,1287,input,E,231.168,native source3; aperture binding pending
src_rq,1288,input,E,231.36,native source3; aperture binding pending
src_rq,1289,input,E,231.552,native source3; aperture binding pending
src_rq,1290,input,E,231.744,native source3; aperture binding pending
src_rq,1291,input,E,231.936,native source3; aperture binding pending
src_rq,1292,input,E,232.128,native source3; aperture binding pending
src_rq,1293,input,E,232.32,native source3; aperture binding pending
src_rq,1294,input,E,232.512,native source3; aperture binding pending
src_rq,1295,input,E,232.704,native source3; aperture binding pending
src_rq,1296,input,E,232.896,native source3; aperture binding pending
src_rq,1297,input,E,233.088,native source3; aperture binding pending
src_rq,1298,input,E,233.28,native source3; aperture binding pending
src_rq,1299,input,E,233.472,native source3; aperture binding pending
src_rq,1300,input,E,233.664,native source3; aperture binding pending
src_rq,1301,input,E,233.856,native source3; aperture binding pending
src_rq,1302,input,E,234.048,native source3; aperture binding pending
src_rq,1303,input,E,234.24,native source3; aperture binding pending
src_rq,1304,input,E,234.432,native source3; aperture binding pending
src_rq,1305,input,E,234.624,native source3; aperture binding pending
src_rq,1306,input,E,234.816,native source3; aperture binding pending
src_rq,1307,input,E,235.008,native source3; aperture binding pending
src_rq,1308,input,E,235.2,native source3; aperture binding pending
src_rq,1309,input,E,235.392,native source3; aperture binding pending
src_rq,1310,input,E,235.584,native source3; aperture binding pending
src_rq,1311,input,E,235.776,native source3; aperture binding pending
src_rq,1312,input,E,235.968,native source3; aperture binding pending
src_rq,1313,input,E,236.16,native source3; aperture binding pending
src_rq,1314,input,E,236.352,native source3; aperture binding pending
src_rq,1315,input,E,236.544,native source3; aperture binding pending
src_rq,1316,input,E,236.736,native source3; aperture binding pending
src_rq,1317,input,E,236.928,native source3; aperture binding pending
src_rq,1318,input,E,237.12,native source3; aperture binding pending
src_rq,1319,input,E,237.312,native source3; aperture binding pending
src_rq,1320,input,E,237.504,native source3; aperture binding pending
src_rq,1321,input,E,237.696,native source3; aperture binding pending
src_rq,1322,input,E,237.888,native source3; aperture binding pending
src_rq,1323,input,E,238.08,native source3; aperture binding pending
src_rq,1324,input,E,238.272,native source3; aperture binding pending
src_rq,1325,input,E,238.464,native source3; aperture binding pending
src_rq,1326,input,E,238.656,native source3; aperture binding pending
src_rq,1327,input,E,238.848,native source3; aperture binding pending
src_rq,1328,input,E,239.04,native source3; aperture binding pending
src_rq,1329,input,E,239.232,native source3; aperture binding pending
src_rq,1330,input,E,239.424,native source3; aperture binding pending
src_rq,1331,input,E,239.616,native source3; aperture binding pending
src_rq,1332,input,E,239.808,native source3; aperture binding pending
src_rq,1333,input,E,240.0,native source3; aperture binding pending
src_rq,1334,input,E,240.192,native source3; aperture binding pending
src_rq,1335,input,E,240.384,native source3; aperture binding pending
src_rq,1336,input,E,240.576,native source3; aperture binding pending
src_rq,1337,input,E,240.768,native source3; aperture binding pending
src_rq,1338,input,E,240.96,native source3; aperture binding pending
src_rq,1339,input,E,241.152,native source3; aperture binding pending
src_rq,1340,input,E,241.344,native source3; aperture binding pending
src_rq,1341,input,E,241.536,native source3; aperture binding pending
src_rq,1342,input,E,241.728,native source3; aperture binding pending
src_rq,1343,input,E,241.92,native source3; aperture binding pending
src_rq,1344,input,E,242.112,native source3; aperture binding pending
src_rq,1345,input,E,242.304,native source3; aperture binding pending
src_rq,1346,input,E,242.496,native source3; aperture binding pending
src_rq,1347,input,E,242.688,native source3; aperture binding pending
src_rq,1348,input,E,242.88,native source3; aperture binding pending
src_rq,1349,input,E,243.072,native source3; aperture binding pending
src_rq,1350,input,E,243.264,native source3; aperture binding pending
src_rq,1351,input,E,243.456,native source3; aperture binding pending
src_rq,1352,input,E,243.648,native source3; aperture binding pending
src_rq,1353,input,E,243.84,native source3; aperture binding pending
src_rq,1354,input,E,244.032,native source3; aperture binding pending
src_rq,1355,input,E,244.224,native source3; aperture binding pending
src_rq,1356,input,E,244.416,native source3; aperture binding pending
src_rq,1357,input,E,244.608,native source3; aperture binding pending
src_rq,1358,input,E,244.8,native source3; aperture binding pending
src_rq,1359,input,E,244.992,native source3; aperture binding pending
src_rq,1360,input,E,245.184,native source3; aperture binding pending
src_rq,1361,input,E,245.376,native source3; aperture binding pending
src_rq,1362,input,E,245.568,native source3; aperture binding pending
src_rq,1363,input,E,245.76,native source3; aperture binding pending
src_rk,3,output,E,245.952,native source3; aperture binding pending
src_wd,3,output,E,246.144,native source3; aperture binding pending
src_rv,3,output,E,246.336,native source3; aperture binding pending
src_rdata,768,output,E,246.528,native source3; aperture binding pending
src_rdata,769,output,E,246.72,native source3; aperture binding pending
src_rdata,770,output,E,246.912,native source3; aperture binding pending
src_rdata,771,output,E,247.104,native source3; aperture binding pending
src_rdata,772,output,E,247.296,native source3; aperture binding pending
src_rdata,773,output,E,247.488,native source3; aperture binding pending
src_rdata,774,output,E,247.68,native source3; aperture binding pending
src_rdata,775,output,E,247.872,native source3; aperture binding pending
src_rdata,776,output,E,248.064,native source3; aperture binding pending
src_rdata,777,output,E,248.256,native source3; aperture binding pending
src_rdata,778,output,E,248.448,native source3; aperture binding pending
src_rdata,779,output,E,248.64,native source3; aperture binding pending
src_rdata,780,output,E,248.832,native source3; aperture binding pending
src_rdata,781,output,E,249.024,native source3; aperture binding pending
src_rdata,782,output,E,249.216,native source3; aperture binding pending
src_rdata,783,output,E,249.408,native source3; aperture binding pending
src_rdata,784,output,E,249.6,native source3; aperture binding pending
src_rdata,785,output,E,249.792,native source3; aperture binding pending
src_rdata,786,output,E,249.984,native source3; aperture binding pending
src_rdata,787,output,E,250.176,native source3; aperture binding pending
src_rdata,788,output,E,250.368,native source3; aperture binding pending
src_rdata,789,output,E,250.56,native source3; aperture binding pending
src_rdata,790,output,E,250.752,native source3; aperture binding pending
src_rdata,791,output,E,250.944,native source3; aperture binding pending
src_rdata,792,output,E,251.136,native source3; aperture binding pending
src_rdata,793,output,E,251.328,native source3; aperture binding pending
src_rdata,794,output,E,251.52,native source3; aperture binding pending
src_rdata,795,output,E,251.712,native source3; aperture binding pending
src_rdata,796,output,E,251.904,native source3; aperture binding pending
src_rdata,797,output,E,252.096,native source3; aperture binding pending
src_rdata,798,output,E,252.288,native source3; aperture binding pending
src_rdata,799,output,E,252.48,native source3; aperture binding pending
src_rdata,800,output,E,252.672,native source3; aperture binding pending
src_rdata,801,output,E,252.864,native source3; aperture binding pending
src_rdata,802,output,E,253.056,native source3; aperture binding pending
src_rdata,803,output,E,253.248,native source3; aperture binding pending
src_rdata,804,output,E,253.44,native source3; aperture binding pending
src_rdata,805,output,E,253.632,native source3; aperture binding pending
src_rdata,806,output,E,253.824,native source3; aperture binding pending
src_rdata,807,output,E,254.016,native source3; aperture binding pending
src_rdata,808,output,E,254.208,native source3; aperture binding pending
src_rdata,809,output,E,254.4,native source3; aperture binding pending
src_rdata,810,output,E,254.592,native source3; aperture binding pending
src_rdata,811,output,E,254.784,native source3; aperture binding pending
src_rdata,812,output,E,254.976,native source3; aperture binding pending
src_rdata,813,output,E,255.168,native source3; aperture binding pending
src_rdata,814,output,E,255.36,native source3; aperture binding pending
src_rdata,815,output,E,255.552,native source3; aperture binding pending
src_rdata,816,output,E,255.744,native source3; aperture binding pending
src_rdata,817,output,E,255.936,native source3; aperture binding pending
src_rdata,818,output,E,256.128,native source3; aperture binding pending
src_rdata,819,output,E,256.32,native source3; aperture binding pending
src_rdata,820,output,E,256.512,native source3; aperture binding pending
src_rdata,821,output,E,256.704,native source3; aperture binding pending
src_rdata,822,output,E,256.896,native source3; aperture binding pending
src_rdata,823,output,E,257.088,native source3; aperture binding pending
src_rdata,824,output,E,257.28,native source3; aperture binding pending
src_rdata,825,output,E,257.472,native source3; aperture binding pending
src_rdata,826,output,E,257.664,native source3; aperture binding pending
src_rdata,827,output,E,257.856,native source3; aperture binding pending
src_rdata,828,output,E,258.048,native source3; aperture binding pending
src_rdata,829,output,E,258.24,native source3; aperture binding pending
src_rdata,830,output,E,258.432,native source3; aperture binding pending
src_rdata,831,output,E,258.624,native source3; aperture binding pending
src_rdata,832,output,E,258.816,native source3; aperture binding pending
src_rdata,833,output,E,259.008,native source3; aperture binding pending
src_rdata,834,output,E,259.2,native source3; aperture binding pending
src_rdata,835,output,E,259.392,native source3; aperture binding pending
src_rdata,836,output,E,259.584,native source3; aperture binding pending
src_rdata,837,output,E,259.776,native source3; aperture binding pending
src_rdata,838,output,E,259.968,native source3; aperture binding pending
src_rdata,839,output,E,260.16,native source3; aperture binding pending
src_rdata,840,output,E,260.352,native source3; aperture binding pending
src_rdata,841,output,E,260.544,native source3; aperture binding pending
src_rdata,842,output,E,260.736,native source3; aperture binding pending
src_rdata,843,output,E,260.928,native source3; aperture binding pending
src_rdata,844,output,E,261.12,native source3; aperture binding pending
src_rdata,845,output,E,261.312,native source3; aperture binding pending
src_rdata,846,output,E,261.504,native source3; aperture binding pending
src_rdata,847,output,E,261.696,native source3; aperture binding pending
src_rdata,848,output,E,261.888,native source3; aperture binding pending
src_rdata,849,output,E,262.08,native source3; aperture binding pending
src_rdata,850,output,E,262.272,native source3; aperture binding pending
src_rdata,851,output,E,262.464,native source3; aperture binding pending
src_rdata,852,output,E,262.656,native source3; aperture binding pending
src_rdata,853,output,E,262.848,native source3; aperture binding pending
src_rdata,854,output,E,263.04,native source3; aperture binding pending
src_rdata,855,output,E,263.232,native source3; aperture binding pending
src_rdata,856,output,E,263.424,native source3; aperture binding pending
src_rdata,857,output,E,263.616,native source3; aperture binding pending
src_rdata,858,output,E,263.808,native source3; aperture binding pending
src_rdata,859,output,E,264.0,native source3; aperture binding pending
src_rdata,860,output,E,264.192,native source3; aperture binding pending
src_rdata,861,output,E,264.384,native source3; aperture binding pending
src_rdata,862,output,E,264.576,native source3; aperture binding pending
src_rdata,863,output,E,264.768,native source3; aperture binding pending
src_rdata,864,output,E,264.96,native source3; aperture binding pending
src_rdata,865,output,E,265.152,native source3; aperture binding pending
src_rdata,866,output,E,265.344,native source3; aperture binding pending
src_rdata,867,output,E,265.536,native source3; aperture binding pending
src_rdata,868,output,E,265.728,native source3; aperture binding pending
src_rdata,869,output,E,265.92,native source3; aperture binding pending
src_rdata,870,output,E,266.112,native source3; aperture binding pending
src_rdata,871,output,E,266.304,native source3; aperture binding pending
src_rdata,872,output,E,266.496,native source3; aperture binding pending
src_rdata,873,output,E,266.688,native source3; aperture binding pending
src_rdata,874,output,E,266.88,native source3; aperture binding pending
src_rdata,875,output,E,267.072,native source3; aperture binding pending
src_rdata,876,output,E,267.264,native source3; aperture binding pending
src_rdata,877,output,E,267.456,native source3; aperture binding pending
src_rdata,878,output,E,267.648,native source3; aperture binding pending
src_rdata,879,output,E,267.84,native source3; aperture binding pending
src_rdata,880,output,E,268.032,native source3; aperture binding pending
src_rdata,881,output,E,268.224,native source3; aperture binding pending
src_rdata,882,output,E,268.416,native source3; aperture binding pending
src_rdata,883,output,E,268.608,native source3; aperture binding pending
src_rdata,884,output,E,268.8,native source3; aperture binding pending
src_rdata,885,output,E,268.992,native source3; aperture binding pending
src_rdata,886,output,E,269.184,native source3; aperture binding pending
src_rdata,887,output,E,269.376,native source3; aperture binding pending
src_rdata,888,output,E,269.568,native source3; aperture binding pending
src_rdata,889,output,E,269.76,native source3; aperture binding pending
src_rdata,890,output,E,269.952,native source3; aperture binding pending
src_rdata,891,output,E,270.144,native source3; aperture binding pending
src_rdata,892,output,E,270.336,native source3; aperture binding pending
src_rdata,893,output,E,270.528,native source3; aperture binding pending
src_rdata,894,output,E,270.72,native source3; aperture binding pending
src_rdata,895,output,E,270.912,native source3; aperture binding pending
src_rdata,896,output,E,271.104,native source3; aperture binding pending
src_rdata,897,output,E,271.296,native source3; aperture binding pending
src_rdata,898,output,E,271.488,native source3; aperture binding pending
src_rdata,899,output,E,271.68,native source3; aperture binding pending
src_rdata,900,output,E,271.872,native source3; aperture binding pending
src_rdata,901,output,E,272.064,native source3; aperture binding pending
src_rdata,902,output,E,272.256,native source3; aperture binding pending
src_rdata,903,output,E,272.448,native source3; aperture binding pending
src_rdata,904,output,E,272.64,native source3; aperture binding pending
src_rdata,905,output,E,272.832,native source3; aperture binding pending
src_rdata,906,output,E,273.024,native source3; aperture binding pending
src_rdata,907,output,E,273.216,native source3; aperture binding pending
src_rdata,908,output,E,273.408,native source3; aperture binding pending
src_rdata,909,output,E,273.6,native source3; aperture binding pending
src_rdata,910,output,E,273.792,native source3; aperture binding pending
src_rdata,911,output,E,273.984,native source3; aperture binding pending
src_rdata,912,output,E,274.176,native source3; aperture binding pending
src_rdata,913,output,E,274.368,native source3; aperture binding pending
src_rdata,914,output,E,274.56,native source3; aperture binding pending
src_rdata,915,output,E,274.752,native source3; aperture binding pending
src_rdata,916,output,E,274.944,native source3; aperture binding pending
src_rdata,917,output,E,275.136,native source3; aperture binding pending
src_rdata,918,output,E,275.328,native source3; aperture binding pending
src_rdata,919,output,E,275.52,native source3; aperture binding pending
src_rdata,920,output,E,275.712,native source3; aperture binding pending
src_rdata,921,output,E,275.904,native source3; aperture binding pending
src_rdata,922,output,E,276.096,native source3; aperture binding pending
src_rdata,923,output,E,276.288,native source3; aperture binding pending
src_rdata,924,output,E,276.48,native source3; aperture binding pending
src_rdata,925,output,E,276.672,native source3; aperture binding pending
src_rdata,926,output,E,276.864,native source3; aperture binding pending
src_rdata,927,output,E,277.056,native source3; aperture binding pending
src_rdata,928,output,E,277.248,native source3; aperture binding pending
src_rdata,929,output,E,277.44,native source3; aperture binding pending
src_rdata,930,output,E,277.632,native source3; aperture binding pending
src_rdata,931,output,E,277.824,native source3; aperture binding pending
src_rdata,932,output,E,278.016,native source3; aperture binding pending
src_rdata,933,output,E,278.208,native source3; aperture binding pending
src_rdata,934,output,E,278.4,native source3; aperture binding pending
src_rdata,935,output,E,278.592,native source3; aperture binding pending
src_rdata,936,output,E,278.784,native source3; aperture binding pending
src_rdata,937,output,E,278.976,native source3; aperture binding pending
src_rdata,938,output,E,279.168,native source3; aperture binding pending
src_rdata,939,output,E,279.36,native source3; aperture binding pending
src_rdata,940,output,E,279.552,native source3; aperture binding pending
src_rdata,941,output,E,279.744,native source3; aperture binding pending
src_rdata,942,output,E,279.936,native source3; aperture binding pending
src_rdata,943,output,E,280.128,native source3; aperture binding pending
src_rdata,944,output,E,280.32,native source3; aperture binding pending
src_rdata,945,output,E,280.512,native source3; aperture binding pending
src_rdata,946,output,E,280.704,native source3; aperture binding pending
src_rdata,947,output,E,280.896,native source3; aperture binding pending
src_rdata,948,output,E,281.088,native source3; aperture binding pending
src_rdata,949,output,E,281.28,native source3; aperture binding pending
src_rdata,950,output,E,281.472,native source3; aperture binding pending
src_rdata,951,output,E,281.664,native source3; aperture binding pending
src_rdata,952,output,E,281.856,native source3; aperture binding pending
src_rdata,953,output,E,282.048,native source3; aperture binding pending
src_rdata,954,output,E,282.24,native source3; aperture binding pending
src_rdata,955,output,E,282.432,native source3; aperture binding pending
src_rdata,956,output,E,282.624,native source3; aperture binding pending
src_rdata,957,output,E,282.816,native source3; aperture binding pending
src_rdata,958,output,E,283.008,native source3; aperture binding pending
src_rdata,959,output,E,283.2,native source3; aperture binding pending
src_rdata,960,output,E,283.392,native source3; aperture binding pending
src_rdata,961,output,E,283.584,native source3; aperture binding pending
src_rdata,962,output,E,283.776,native source3; aperture binding pending
src_rdata,963,output,E,283.968,native source3; aperture binding pending
src_rdata,964,output,E,284.16,native source3; aperture binding pending
src_rdata,965,output,E,284.352,native source3; aperture binding pending
src_rdata,966,output,E,284.544,native source3; aperture binding pending
src_rdata,967,output,E,284.736,native source3; aperture binding pending
src_rdata,968,output,E,284.928,native source3; aperture binding pending
src_rdata,969,output,E,285.12,native source3; aperture binding pending
src_rdata,970,output,E,285.312,native source3; aperture binding pending
src_rdata,971,output,E,285.504,native source3; aperture binding pending
src_rdata,972,output,E,285.696,native source3; aperture binding pending
src_rdata,973,output,E,285.888,native source3; aperture binding pending
src_rdata,974,output,E,286.08,native source3; aperture binding pending
src_rdata,975,output,E,286.272,native source3; aperture binding pending
src_rdata,976,output,E,286.464,native source3; aperture binding pending
src_rdata,977,output,E,286.656,native source3; aperture binding pending
src_rdata,978,output,E,286.848,native source3; aperture binding pending
src_rdata,979,output,E,287.04,native source3; aperture binding pending
src_rdata,980,output,E,287.232,native source3; aperture binding pending
src_rdata,981,output,E,287.424,native source3; aperture binding pending
src_rdata,982,output,E,287.616,native source3; aperture binding pending
src_rdata,983,output,E,287.808,native source3; aperture binding pending
src_rdata,984,output,E,288.0,native source3; aperture binding pending
src_rdata,985,output,E,288.192,native source3; aperture binding pending
src_rdata,986,output,E,288.384,native source3; aperture binding pending
src_rdata,987,output,E,288.576,native source3; aperture binding pending
src_rdata,988,output,E,288.768,native source3; aperture binding pending
src_rdata,989,output,E,288.96,native source3; aperture binding pending
src_rdata,990,output,E,289.152,native source3; aperture binding pending
src_rdata,991,output,E,289.344,native source3; aperture binding pending
src_rdata,992,output,E,289.536,native source3; aperture binding pending
src_rdata,993,output,E,289.728,native source3; aperture binding pending
src_rdata,994,output,E,289.92,native source3; aperture binding pending
src_rdata,995,output,E,290.112,native source3; aperture binding pending
src_rdata,996,output,E,290.304,native source3; aperture binding pending
src_rdata,997,output,E,290.496,native source3; aperture binding pending
src_rdata,998,output,E,290.688,native source3; aperture binding pending
src_rdata,999,output,E,290.88,native source3; aperture binding pending
src_rdata,1000,output,E,291.072,native source3; aperture binding pending
src_rdata,1001,output,E,291.264,native source3; aperture binding pending
src_rdata,1002,output,E,291.456,native source3; aperture binding pending
src_rdata,1003,output,E,291.648,native source3; aperture binding pending
src_rdata,1004,output,E,291.84,native source3; aperture binding pending
src_rdata,1005,output,E,292.032,native source3; aperture binding pending
src_rdata,1006,output,E,292.224,native source3; aperture binding pending
src_rdata,1007,output,E,292.416,native source3; aperture binding pending
src_rdata,1008,output,E,292.608,native source3; aperture binding pending
src_rdata,1009,output,E,292.8,native source3; aperture binding pending
src_rdata,1010,output,E,292.992,native source3; aperture binding pending
src_rdata,1011,output,E,293.184,native source3; aperture binding pending
src_rdata,1012,output,E,293.376,native source3; aperture binding pending
src_rdata,1013,output,E,293.568,native source3; aperture binding pending
src_rdata,1014,output,E,293.76,native source3; aperture binding pending
src_rdata,1015,output,E,293.952,native source3; aperture binding pending
src_rdata,1016,output,E,294.144,native source3; aperture binding pending
src_rdata,1017,output,E,294.336,native source3; aperture binding pending
src_rdata,1018,output,E,294.528,native source3; aperture binding pending
src_rdata,1019,output,E,294.72,native source3; aperture binding pending
src_rdata,1020,output,E,294.912,native source3; aperture binding pending
src_rdata,1021,output,E,295.104,native source3; aperture binding pending
src_rdata,1022,output,E,295.296,native source3; aperture binding pending
src_rdata,1023,output,E,295.488,native source3; aperture binding pending
src_rtag,51,output,E,295.68,native source3; aperture binding pending
src_rtag,52,output,E,295.872,native source3; aperture binding pending
src_rtag,53,output,E,296.064,native source3; aperture binding pending
src_rtag,54,output,E,296.256,native source3; aperture binding pending
src_rtag,55,output,E,296.448,native source3; aperture binding pending
src_rtag,56,output,E,296.64,native source3; aperture binding pending
src_rtag,57,output,E,296.832,native source3; aperture binding pending
src_rtag,58,output,E,297.024,native source3; aperture binding pending
src_rtag,59,output,E,297.216,native source3; aperture binding pending
src_rtag,60,output,E,297.408,native source3; aperture binding pending
src_rtag,61,output,E,297.6,native source3; aperture binding pending
src_rtag,62,output,E,297.792,native source3; aperture binding pending
src_rtag,63,output,E,297.984,native source3; aperture binding pending
src_rtag,64,output,E,298.176,native source3; aperture binding pending
src_rtag,65,output,E,298.368,native source3; aperture binding pending
src_rtag,66,output,E,298.56,native source3; aperture binding pending
src_rtag,67,output,E,298.752,native source3; aperture binding pending
src_rbeat,12,output,E,298.944,native source3; aperture binding pending
src_rbeat,13,output,E,299.136,native source3; aperture binding pending
src_rbeat,14,output,E,299.328,native source3; aperture binding pending
src_rbeat,15,output,E,299.52,native source3; aperture binding pending
ctrl_live,0,input,E,8.64,dsfd_ctrl_pc.co_w[0]; buffer corridor pending
ck,0,input,E,8.832,clock/reset/status contextual source or sink pending
rst_n,0,input,E,9.024,clock/reset/status contextual source or sink pending
pending,0,output,E,9.216,clock/reset/status contextual source or sink pending
ce,0,output,E,9.408,clock/reset/status contextual source or sink pending
fault,0,output,E,9.6,clock/reset/status contextual source or sink pending
