4e4a250d0275a0cc4da2cea247afa52280c2b2408bbbea1a15019bcb88935803
5aca5fa6f540e5c20eecdfdccc8ae65d9388899c928a33202ea5d3212c2c4903
5b9dd984619cb74b1dbd5d189b33c2b328c10c62a9bb51993c201ab0951be4c1
b5932b223f9dc6141d36eb272d9954cd3841ac29a88c919936cc801ba8310224
bbc3c0b60659b178c3c39d9630e51acc625cc91c9d8093967879787978797879
d4ceb42ce9640264275bda9d5cfbb94962e9a67cc5d59c00a224acd63af06f35
81b1bce9842cabdc5e8f35eca2ec122fae64ef2764892b407f9aa7cd4a5d2944
2ce56ad3812d1fbb6fc1d6d1ae0920b762353fccb423b6a2209aac3c12a12391
787879787878781461c25323cde45bc6c61a9f916610e2cccd1bac99ff664b49
4a34341a99a4a4cd2a1e4ab181157830e445f9d8b643110aee464aa6dd8dc278
b92134db13da229c9a124b012c452aaa6e772a2767c5eea20accd065a444c912
9e17c6d0c8432c5205a0cd9a9dc5945db4ef949b34c81c681b2cc535099411b7
9c64e5a5d12ac9b271b4e8df634d858928163b31994291923409ad9a2a55b2cc
6a2626f84cd47878797878797879e3dea38ead320224c3c9da69d3d40105e554
4236ea7cc4a3bbb1c262291544590c4d11a0b9a24b782daadacdc4d48e22de78
cadae22dfaa19469094bb2d9ad912c99908496c3ca5243c599acc1c5dbd9961c
2ab2249b18650d8e4a2a60ada066284f8eec5024644ea2a246ad45fd2d647ecd
4ec028a9b9edda22adc3d6d8156de543cbd45d41cbd11b2095081483112e4953
4dcfae29fcf5dae5a4640164eb79787978787978799a4c21b82899ba1d0c65bb
1159c43aa229495e218313db4c8198ac34e31004d49579cca7929938781eddc4
2c92c0e33ab85c048c299892438c8d82990219b92cbe3921bab922b1c949a1e8
6ac465d468d68a42cf224a0c64ada44d4707c0a67a5275c62e42cdde914b2908
a3ea1d192c99929241a301d6da28250ecf5a4ca6a4fa8ad462ec557e4800aa47
4092ba78602d446a75a85cf6d4fe7a6248aaaa287978787879797978ace89445
2c7880993a85925e0bd631090a4a1392bbb829c4e09a254430ca920cba2bc912
807e24d8afcd44a405c62ea4eaa8edcc87aadc5add026276a277a6cd22dcf6ea
5d6de206156dbaef56b613ab11b98d1229756ed2752fa47e250dffc580e64407
787979a911c9266995003a923b9228ab1a1b3dbace8dda15b03b6c27c0c31906
2ac800a061929194434178642a76aa517e3d5ae8590d1deb8496e57978787878
6527046fd7e6422e8d84043a1b29a8036b331245159b0ba1900a808909d91b10
ccb21ad22a83601819891993cd202992e98c5da2b34292bd01bb5fccdea0fd0d
b62b29da4c91203a43228de55addd2c6568d2da727454ad64e6c40514dca9a4c
7d2a7879787979787979a3212ede1061065c6a19b2374a72d938398a99840b92
33914904a83dc694ccb9921119cb43825c784f58eec555477005456a2cc6c7a4
6b677046e42d6af60440f0a28e45ca468222101bab2c2aa8615219b994ab0a1a
2da40227da42e45ccae74d60c78a264646464bc1c16cacce42d6e414cfc55eac
5279dc395b125a6a65be1c96aadd2cd1d304c4ae527248cdcf2e6246ae24a845
0ca4c2d22425ea2cc578787878787879795454c0cec63d48bb05d71c615c45ac
0000000000000000000000000000000000000000000000007874aaac4804acdd
0000000000000000000000000000000000000000000000000000000000000000
de4d22278f54564eedc2d424aa076c2722c6d82cea0578a4250824065f2265e2
205088dd505cc2e70a8d566252a2fda52dc0a0c72daac64c6744fa002d5d5440
d4c19a691f6e96ebe1343eee249d21945c72a42cea704482ce2a64c00484c26a
2af455445e8cf22ac0726aa88a7ce56098311439e5313c48553b1d56bfd2c2a1
a700a74fe2a605799e38012c541109ab19b3251c2d818b097878787878787878
426ab2231aa1109ccd459b54d4d41db1bc0d7e69bf43d54a4e5aa8cfacc6450a
214bce1e539d2a8583fc3c5ef8ee614cde229aaa842795a0224a14c3331833a4
2011dba12dadd1eac22e2c424007ea24225276627ca26514925464eb64dfbce6
78787878797878c9a12d5dbbad94dd08d617bd6d445f22d32d164b131c51a4d7
9bc28e31b12aa9290aca48232269791aa4b99226bd8995db811d83830e0b8578
14a34900012163a6de39999138802b44e0ac212991bd23938280911a2093c299
8e38340d913ebbb63a33cd1b9b9a1c34584dab1c044e59454c60c2708a2b801c
4ba4575d3d3295b04c2c66debd14b9a91ba1a11998191bac11ac01dac264b161
d2c2e00d284279787979787979793e8319cbd4429922bba3b19c84535905cbe3
6af26d85c28a19ab13b1332b9b122121512893ec9c78de25ecc4d2aeaa584027
2c381530293393ca29cb3cd11acebe2dca0b12192a04864acee27504c4448e67
5450a4400660e3ee5d8a15ce01348126372de5a33db152191c993da0d109ae83
8fccc5a40a2aa3400eb9018dabbc121933a9cacb9b427fd6ede5c684ddf5472f
28819bbc29963c59102958a4c078797878797978795ddd5d0a2c5eea42c77a56
a34abac84a4c24981414e282413429b1132a92a910e4b823a0151282791e180a
42d20a40564c5d4d285c4ad6db146dacd2e642424192145552f9b5ae4253144c
c2e2ea080e4486aca4cfd45fa6b7a655bb39e369b55135a4356654dde62a87cf
f20c766c2246f00c2e4a7408994125b86bd82a9bca5483a3c1b114bbca4af55f
441aa678e36e38cef5e63cc43348d1b548c034e2787978787878797900ac4daa
0c3910af4ee565ceffc2c22c4fac756525525694c315ccacd38c1ec1a82c19e6
6c5e549c91a89228cab133ac9906bc31399993829ca5a0912a3b13ea9c4a98a3
a2c9344fedcdec7550c267ec6fdfca4d8cc24728e40cd44627afade84686e402
797878a59cc544aeee3ba93c13dfd356356a24fc6044da1b43cc0194d65e1c31
a6425c4c0887f55c28a67929c19212381caaa52aa82068228488617878787879
de2f4a0d85865d26cac22d89029bce41c231989350a92900134bf07aeacea226
9de3885085d35aa52c75ac81dd994b4b6de1d46528c2e56e5255ca7685ae2df7
c2a806f2a5024c75a0ec29c564661ad1163b613be224e51b240d5ca5abcecb9d
742c797878787878797890a1ac801a8931810a613aaba09b80050d47257cf6cd
c1a19da45d5536ea61154cce594831d65b7864600aaa2cac4d575ddf7dc84e4e
5204f042eaa8ee25a6aa58d270f5a567aed73ed69624c3cc2cdec24ace95e9c5
240048c5b9892b184d6894213dc19898adc21c829ec4513a33d384801cb08399
5706d03391607d65544edc2c99892254234648ae47a27a822d4502508d5a8688
44a20ae4a4c82ff06e7878787979787878252ad24654c7a628cc64e8828c2447
00000000000000000000000000000000000000000000000078262dde6cc6505d
0000000000000000000000000000000000000000000000000000000000000000
9a458293a9d93e813a9454991b833d0430109ea445482109129d322429391020
c01d6e58d4df2e93693689ca2466ad71c847c4ac002cd4586462a6dc0602064c
d066a6fd6887c55fda47dd8ce0cd42cc5eb3ab8c488280b8a4aa1ba1150ca1b5
118289d2d12c2742d1d6239bb22d4e0a960b88ea429edb1ccbd126d11c181103
aebd35b90661ee78b5ad8982a22d822c7085a4d291aecfad7878787978787979
3d399a321ed2189a53b069115032984abaa134c18c19a2fac8ad6903cb1a2923
aaccda52c6ab2a9cb29c99504c1d4b4ca8ce9229a4d9d224bab102d082b22c13
6aaad6a524eae699cdc521b91291bd1b9298c34e19cc91e59531bb1a60d150cd
78797879797978b2b41a92134b989a924516cb9bac5b4982ed06ae8222f6782d
9824614fbebecd1266b2348daa4579a18a2828842a1228d80a19a8a8a3e9da79
6d5c992656baac74e86c147441db2262f4da2e7a00a6842744ac4d66d8dcd113
68ceb94a922022262928934c33aa85e8e882d86e4e272284845faf7ac848ca29
ea111ee88020e46ba7e410d6dd358c256dff352d4e630024f9266030ae5a461b
24ba94bd22c1787878797878787865942d5a1cb13e89b4059a4b2433272a964e
43a6292a54c01ebc9ac94a4855ab13a0995b54a3b57934abb159c2ecaa2a8c4a
28c02252a4a4dba091aeba89c81481a85b3c0c2909b0201533aa1c5030a2c942
9411ac2902284cba89ccb4b11d18d399ac9b21b3e48428d8c28faa4884ca05d2
0a025646204c5ceed62dad6e48acdf6e4526e00c48c29b9b41ea1b42cb8babb1
a00ca28d826dfd6505c7e27e6c7878797979797979d0edd62aeecd8e42fa66a0
bba42398a939c14acc2202d0aed65d542d7c021d5da315c646f41e49788264cc
c52a2a6fa508c56e5d4f262d278ecea5c748acc25685d826d80265d2381e8a09
990491a4bb1c6519180dc8d8e8060748c6918e35e45247e95c9a86ae2f8e0e40
4c0aa2ed2222c4f40f05ca84b8cab32e99a8b29a84c1810aa43fb0b043124a2d
7cc2ea7901b1a9a003c985322b128b38ed12db9878797978787879780528640d
cba312f02aa8ccea202aa24ca622aa02cadded2a65ad4aac2dd5a2246f26a264
a9b9ab463453cf7c56d40954a4bc34d714ec24906311cd891a92d0c3ab78191a
34d0d27645ec444a748522504daece4a2e4dce34a8681bacba2c11ec41211abc
797878d2e7bc65e562594e199f5d416343bde9bba4c4f3a328ebde55e685dbd4
bdfd0ccb94cc9190c59178d5092c13596ea4efd45ca2211a4423647878787978
9d4b729fa1eb440f5ea9526a8aaefde826dd24dac6f42c4a6480b0da4dc52ec9
4041499adac4b33d191bd8d5a8c6b09444faea4ea95a7cd12b69592a129d634a
1151250139aa3ecb931d4acd4dea52dca04e2252a7e6cc82ac049ac2e9a0a51b
e425797978797878787814cbbaa5a1c4a9bcc951834cd06433bc30d8231c5985
6aedcb5a062252b2fcf2c32a54aad469b579c11b11341ac92cd191a929b93aa6
bcd41802baa14981a4ccbacaa4ae82a29a3995b2029d933350b1cb4593a00114
b8e2a27685d2f4d740578652a8526d645418e2834c9a9b122b918cc1582aba48
164a4f4ee0c84c24ecc5d8a0ad66e2a44a9c9c61a029a9ba4d29c142caa0b2b9
326d18c435b19b1ccd787879787979797857e0d6ecfccedf98c81545a1edda44
02f5cbd33d946e45921d15dca61221c99cc4a1b13928e1597915953011a2a2a4
093ab4835131142ab01c493342943237cca0480a824cb91ae5366cb6a21b09bc
219251b3c5131ac4685a444548c6ed6a0aad45faf548e24724a1b482939aea89
dae75ad62246824242a454444cc60e0e842ee6f74ccd8f6f9319b1592bb6c102
22570ee7c4cd2c45caa0224e7c0caa2d787879787979787902ddf87a046e5262
2ac7ecfa7a7c2f70cede7640dac58ae2a4aeff54eccd8a0ed8254a8a2e2aa278
9b0a481419260984893033aa1a2049198e3d25911aa8933a2a410a8c361ca1d0
214193aa435b5a899aaa289c0a31b4086cce5245e8774028ad2a2eac7f640e89
45f42e5d349a032bc43c17d4705ede3893089094bd01b49e09cbba943992262e
1c494ada8020782ae01aa93a1e257a5c5ab4542324a1b9787979787979787868
13d8b93c32a81a26c8126a549a09945ba1231ba2a842a3921012a98dd1db9b68
8c504e57a5584ea82c2de655cfaf45256ced5052d6e4b6d232aa0229d614a893
98a1801221132f62acf24c66ec4a2224af8ac66658d82226c2e4ca2a74c5e42d
7878787979793caaa41025c4b9a93db93ea1119139c38559209859ae1833d452
9b8bea9c3bc85a1388d981ac0a79da18c3412e2931b516919921ae512b437979
fb5a23149b6754483e6de0b3ada7caf420702c2fca4a4a2a5e52e4ff42302489
18d902139b5a9a24ba58421b0d3e19de9c4dc94c1c60e45d2b0240a959466ec5
4427256ea55d8729bde63a33de8eea5752acea048c0d2ac44c4ca2e64ca1630a
f62524ee2879787879787878791cc8383991953c9c92d8c0d1683c1315244bbe
cb21f430919051b9a2d490155a0692921d9aa9b278042fa22505de44cc2ecd47
1c300b0c6a2e0dc78d2a6a4e6f02507ca847820a005a8114d489c0012b918a0c
cd2c4e4054a642225da5d20c0d6afc5824a6e8ef3124a0a81489585a9eb92b13
9dee396eeacb4d81edd5c9b2accde52f36d5245e15eaecdec934db5c26c6e3da
d63aaa58c7586e09d3d2e2d678787878797879794a43d56ae25fc26dbee37d6c
622c05ca42005eaf487c475274eda6880c8606df6540e6a0a4d026780bcb3a40
3030c241cdd19e92a0a902c50caaf5cacc0e862d6cfcc76a5aa2c0a560cc8ac6
45c5e634e4e3ba39b99e4948686564222f4572fa776d24704aa442864cad1ba2
1ec65e5e132e06ef5e96dd52b9c26b175b9b10f02ea61cb55e0f0d3baa34cd93
2c11794388a209924a4bb22a432c1b511b916078787878797878781004b406e2
da6624433dc60cfb240c1bc25d9c3950ea45a4d1212000c29a425a11c41c2e3b
331c658a70c570c648426edc6254ad8f246a4606ccf5b0825dbca1e29dd4cb42
085435c74840e261e1ea951d34fb1ade3bc4113136b624eadbb676d0b982a452
7879a005f845e22d5ac60d4205240d5faaca6dc275e078465aa26daa7e5f0556
8d5c88213931b19ab3784de222a2a7a066ce40e0026f55d4ccea787878787878
95e5dd4d25e3654dda4394689ca39c9cbb910d4245ab29b9b8429a9196250bcc
131494916929d83819d86058d256600e57d2c685d0c427a275533961133c7c4c
4ed2a7cc057a622f0412048990ca99149622948913a298c21c940211312c4748
58787879797878797984882a5eac24edc056644ccd2fd704cea48facce2ad55e
91cc2c14309a9c10a32cb98a4287c1b178411905719150d628b7c6cf4c6dcd05
c1cd4a608ab9a4a58d0b334919ad1ba54a50757456e5e8a454aedf6254c7aacc
a6eaaca7ce7e820aacecd6c204d02c44754198d2bab3cd2db1dd991b2ddb79c6
b14a9a5ad0a4a132a2a93919b2909026448095ebc4da9394993da41a90a9941b
56f1d4d55ae152157979797878797879d913b16ba01930b389a524b134144991
e4efcee02c4a4ca5784e0647c2c6c48e6c20add652500c781160ea5451b5a639
d2252f2288ec768dd5a54a6a2ae6e36db484104cc664c2485aa4af6fe245aa87
3c264159993f674c64c5017c40130411526cfeea346bece22c2822c8825ea5a5
9114b0aab3b08d980c11bc84086c9a891a12c019a13c8c683b9bd5d826c8785e
c042a5e5ad8f74edaa005ac7ef22c07979787878787878ae0baa4148525001c9
9289848eb813592c92a11c4cd82c7e6654dc6de0a4c6287fddde542eccc478c0
a2aa554280e2006c0f42e45fca2634dc2301803619d4181a3dca0c59830a818b
13c491c18e2a84d8122830151c995a16cd4c11035a2bb2321a90c21393bb8d40
848a70cc42c6c22ece24eea78e5a4d929a8482122a111aa1108a994d8cec3c3b
d4e8f5a2a278e7e74dc6aa6c6da802e78dd2a2ccccec7879797978797978d075
8d5450c8d4250cbfa2e40dbc1e89a14c4532a18394d628f500464e4a77d24a05
7a6eeae4c8c262a0482dd42cac4ac24077ce24678f424da5207acf45c7204c02
4a2daa25c7011d4c2a4ca3da92c1aeb3034b2111d45ee2e60d4a5dfff6c6eda6
7778787978e2e8a805cafcf2ed60c0a427470ac44a05654cea8ae8654a6c4d45
982b031b0ae2232d898ba13078f2c258cc22da77ad227a0270faac022c787879
c5f6c67ac69e89eb35253ccaed55373a1211b38dd45ea6bcc9325cbc22932804
da826ae4c0c582df2d4da0cce0588ebd6cda7db641ce1fac1d2c5d163c23969f
8549eaacc5b59d6b94a8cbe836c6e3b550c652f331a43c9252c3248b0afded40
9bb43118787878787878787911332c55b6314de5eccabc754cda9a9d92aef5e4
52bca18b8493462b89a130bced20b0109c1c0a7911ea00ac91601a54a414ad14
3cdbaa53022a6553464c414f516b6b5cf66471d25920bba98c139aab41635b31
46f5aeeaa98ac2851ac2cc14222299520933ad65c8ec6a244929d144201eb265
c56b41e24eca48992b6e5d1e5042e6f84deccec5c01ea9b8bdc3c0f34a4d4466
a14511b224c4821e3c94927978787978787979b39a51e0c5ebaaa439a3c1b99b
8fe6cac5ac780ca67525205cdcdf50a8eca4ae44c76e2e86e6ac793c819cb99a
8b8b4a330da8b9a98e914c2444076446dad2a24650da4cd255da7aa82ecd6dad
52bd544195ca2d988ac10aa201d9c1122a1aacd4199822e45d498a3dd299adb9
5cdddca5ebcdcac06a49a8aeca944168929a42a904438eab69bce9d3243991cc
ab7854daaeccee6e2455c26ea4daedd740d27878797979787878dac610c506e6
913ab40e366a8d19be374bc9ab358cc2b13c0c9231ceb482aa84c11098c05339
4bad549238b3c99542d621138291bb523ab10aa51448d6e4cc214ac2ca1a311b
8c2549191e8c4115223d4bc2c0049a2224b2e3d030323928b1aa189a204a2148
79012862493b143104995c11253945c51a3212ac8ddb9edb1291a3c5819c2200
00000000000000007992ca143a031c816918b1aacb281491a879797979797978
0000000000000000000000000000000000000000000000000000000000000000
44eca7a2f20acd62ec25c2edc8042a27622169704293b11a960292e211a2bdb3
cc6ea4762a4cacce8d8fdf8d66cd446541a22a164d840a2ab9431aa832c90323
a96d934aaab0151c1b390392058dc449c6c578de60a4dcad02770527ca77c04c
441932182911da162859bd2943a93a392120f8ad32adba9d2a9a8b092399a153
a8cc1b33295a8178422528ae80dafe455cf40c7457eda4657979797878797879
6f044505e82e0c208d0c4acda44084dc8e2a46247e44eebc8023b3b9196204dc
3cacb99420312402a4ae2dfaaaffe8af2227284eadc82afc8a5e22a2548ffef2
18882029988af882d42d60007786a2c2e85ac5a6cd42e50192c965033018aca1
7978797878787950842200296a1baa230910c0b8a9c92c4a81b912da1d103c4a
a641bc922c012d825409393ba99979c9caecb3b92141a32acb9a8a98119c2c79
2ae8c4fc065accaf800022cad8ecddeefdc5eb1b60dcd0e622c6dac39cb12ae9
182abb482a86a92c3810ac028a41586a0c8d240205d282645acaafc52525cc78
9319123b4db1bb1232e292333c3188d5cd722edc228c6ad2c5a57a27fc529824
c4c18b89ac11797978797878787991c99280332ac2012ab2ee952b0ba89113a8
b914b41410606402a8cf0525ec6a247f22c5522d6a7925ac98b03d6ec91bac88
4cf684a4dfb409ce8d2c3cee9c1a0c734dab5463951280c32a9081909d8e11cb
5c5f829d2e7a126c1146ba6deb52c1725dd25a3ca207cad6cdec78ce42f540ca
262a28834357ae8eaa4efd527dcaefa4665a4a2055e620dc3fcaa1c2b116b0e2
6d27dca844e2fd6000ee2066a2797878787878797853299db1bcb2cbcad48ab1
53c902a1a11d92922a82a1e38d71b93babb919199254241c519c98187857ae42
aef16e4a2a5d86c14be6ecc5c2e2a0e62a25472ae65872050070aed41292ca1a
d85a6788268a677d0acca46a93e1d1252291c35bac082209e3451a91a54cfc65
a211913000aab209ddc14a14619b4620b22501e917299397fd5fb51e2a228502
562fec78e6c62888cfd67ce4a406552accd6acec79787879787879791ab6e49a
6a25544258d7c50522c7d6c0fc6a0ce245de6fca22c48a0cc57c26d52a2cd40f
42236d50854c901a42a842dba4bbb22a269d934daa52dcc868aad576d255dd7e
9121138980599c04d42419c22bac1ab9deabb9714d15950d9e3c199dc15aeea2
787878525fdf04c45dd7557d4462254a684722230b18c33918ba2bb139474e1c
01d8aa3aa8a90bb23a597982899aa60a2d9c23191cac020b1b38987879797879
e948a84d5a1cd20621198b9db852b1943ba1aec918cc13ca8bb32c69b931301b
b9325d24ecc85cd20200a919a11391a9a1a911428460115411291c39c102c911
305289111c10c9c91aa381a22c9418a841bc219ca4ab3a9291c688990348bd89
a4e07879797979797979442e06e6fcc62c442e4af5556200efdd1bcb8aec911a
5caba999d10099238b20d24ebc9134a48b79913539210b8a19aa4c1dcbc8a512
d5d46525a870a8c5d768d2ad26a4f5e0c5952d1eed69d564c93eb3de5947e10c
41adec4a5df7a4ea4682656cfc64577ccd1d40c8da924479c63de6e9dafd05e4
26b11a96ea9cbac3885114f589a8cc50bd891435eab230c49a231a34222d4a5c
646c85e8726cc748f77978797878787879ba8c8234418913514210c820cd01d3
a462d1baa1aa039ce6a31c22c45892c6dddd4c1964d8dd5c78ac66ed64ff82e4
ab30059081d11a92cf40a4ea7a545466c256eae0e7c0022640aa95c4223ac909
a213239359d9cc911d4f6f5282069d604c7ca4a1d7f9a95289222ec9a0b91969
119b8b1420b4996a50faabdd3b812d78bcc52d907c82335a598abaaa101226cb
6b9cab5b13d234e833a234c9febbd4957978797879787978a1acc5103803cb24
4964baed842fce22624e902b5a6d4caa48addfef2d6d2da22aa6567008c8f678
a1faa1265d32672fadd3525426e56a03b5c4cc99db5bb3be2ee642569c9ae365
b811c220458a148912d114ea9059289b101112ce9418d1008a091b41b2494866
9605396ece6a5931176ea212726ac6320411a9416b3a03aa221492bb95d92130
dbe1112b5202780c88fcc0ed44d65cd06cf0caa626f402787979797878787890
e0119b19a3b2bba9c24e4227e939a936bd42cb18243b24a3aaa9211b4123a9a3
87e6d6e7f42a2462c254ae25f62ec84a25c455d5a8fd14d53ca0159811403d4b
a1b00bcce484221484a19dbe139414040d99b592983b4d6da24a608f85462c4c
797878797879aa2e4ad25eec2828d2c57fa4608d8c5a0a43a921102b9199b223
3a2509ce2293ab41112c1542b3781c5cdc63184bedb6df3ae35d658c16017879
e04ed67aaac4a0c8fa644cfdea65278462aad68d540c626e8e54af7a258ac424
2b2e92295911d1482181b9a22c515296e58139baef3c18b138ba1df269d04fd4
ba31caa1cdaa696901ee18424aa13c89233a2bc93aabbc32a1b46d0828ab2132
7a1443f2c27878797978787879cfabfe545ead5ce2a5a38d012e1635e8694c45
2181885b2c0fcae0a4cc5c5c85fc4ca24dade6447837dc14de1c1d5db356f1a2
8539b1aa90c93404e11209d1aa010101194d3bb19b8abaab94b8a3b286833a11
681d479da9694924dc4256bb1330590ac8aef66a3316951c12b531d8e49a2893
a08aad5c2da0330aea20a86c88a9b83bc1a15c9b2906da4a3f4ebb2c356bd416
49991ba93b9b1a8c291b5a9b7879787879797978e22dd446fd876825e2448c00
5ae4474c865b31a6d4395e82a84ca85050f27ca84662edcc7c2aa679a06023cb
cb8da0fb20302b83aa329920b9b410ba33216d60dae2211c93494b765d7edda5
e8665eb25224d1da8e1455834d9ca5c5dd993d9ce57cb7644eaa3a29d16c4ba0
4c44192e8b959d41010821344f9e4d59e974e3b65d9045ec961b0623356a65c1
54a978cd205e4d7622757a62cdae0da66af82c7978787879797878322a92190c
559d2188c0a15a408ba82a29c96b1b9a02ba1ac985c0319cb3052c9612012a28
32c04afe7a22725748646828a45aac52cf2a5c461ce66a9add919de72eba841d
ca6c51d423c3be18c9192c9c2921daa5ca1c28754ecd3e9ad3cfa46c9a4b3905
7979123415f711035535de95e45e6db4c5e41a5c90ed592e16194dcc9f3c27a3
eb1b9a33b182a1a1c178184d4cc669bc65ac3922cfe4dcdbe8e5787879787878
04aa289542ba3c559ac93cdb309bb92714aaa83413cb21b2881ae1a4190aab88
53ab380e54ca3bc2827aedaaa58a0c466604022584544ad8749a904b6b1199a1
62222ea2a0cc5c4faeb12b3b254a3999625c1155a342902ca91c2214940a58bb
8e7978797978797979b1512419c9b4730cbb9c12902aa08ad04582c2ecddaf7d
220323a43c0e9e30b1cbd4429a1dcc8978a9e655c5223cec20a6652ed048dcac
28c30c1b1ab0481092ba2a189acec9cbeec462d6d26d5a5f6c628e46fada78aa
f6ee884aa5668d0fdaf24ad767c0dae7c5c5476d64dd725ccaa2a62e2a4ac6f0
e2fcade7ec4dcd6a0ecc5c4daae5f58d60a182419155b192b44adb182a940433
e398d135aee8d59d78787978787978790427df40c8a8f25857c52de4684c2f6e
35a5445dbbaa296d2464650ae0aa0658f68622c5a7082678bed143621c381ec4
0a31c05105e6b601494b928244c36594a30bca42bb9b1144326732c671cabeaa
cc2812b952291002db0ad32b1218202a94b833e88bc3b24b213edcce20d94a3e
211cc2bcc8cb830af54bab7231da4c9fdbc63cacd35ed52a43312a4d4b313e94
1c4f42fda1464a03092d45e80458d4797879797879787898dda6592a3b1549a0
3cfebdd5cd1aba23c5a1a3a1e54623aa495ade324ab5d2c19244bc6e6ec4781f
dcca138d4f2acd872c1bdcea6662e6c2d9d3500785cdef9f173bb92933dbe552
8ea2e2007a404cac284c5a62d7a0183caa1109692196abb2380581a811c0fd25
1800da2b32cb51d33ac100b3131833021f9a169c520bbe323e1448bb865a2ac5
12a81221a2788cc42282a0744445ac426e672c4a26e279787879787878788b64
f5a63bc863668d8fea4a4f22aadfeaa65048ccaa8c132bad2abd0988a0ceb8bc
a988141001c1031c99bd9c949321892bec19a9112cfbccbb440525189b5f4bd7
9bc53221911a395d14cd5675b5494514957daef3c3143bc8b21a49b9c269b131
7979787879b96c25caadcea81d4f3ed0c8c1c13d8fd953160b90b3580a3303ba
09acd1b099ab2aad114e3d1378919444522f554c014a2d4d66ac2ebc48787978
24cad9e734353ac82d8844a3e2a2390a3b0c8bb0b42c9a6b1c99bc199041a982
009043e214039928dc3420921d4e3bd21e5a61942712c5323cc2f89258e6c4ad
4ca2914d2016231b49a2cdcc8ae752d47dda22c852edca856520adda39811c02
9b3d30837979787978787979cc189a3b09a0c422c8eb1098aa1897aae1040280
438b8b48a948299b425d2a19c4bea2203b1ab979b429219c319846c5c454bb4c
48254418429c39419491482499049c4c823a16c352629914b360542ada335422
828747a241ab5b9191a9bd801c83a64c05d91ade0adf5d40acf4cc8acecccc6f
71c6f246f4a6fa0ecc24068a0e8a22d5ac226fad76df565ea254dca5466e8424
28404d547dfc4a6864c5da7878787978797979961a6b3c4f46d4229da823e131
c0ba5cd01089a29a1cb068478d2ac776f2256ecd28cc24dc2d2a78a488a26ca8
5aaff0da548568dc5d4edc7a15fa6c5ce615ecdac53a30b0036959d03b2e1c52
489d2a32528a4092db27801ae29dd4a91138aa43cad5299a1a98ca2e0ca0a802
d0299a282269ac2cc4b9bcb24e00a9589b132ea1304891114ad0481bb935164a
cf785c04ca2cedfc5dc6a8cacec42eae26fa79797979787879780942ca80699b
7c421b9a3ab098231cabcea3299068a02215119001522a2ca9208419333cc12c
d7a480a5a9da31204565c8a42b1130a851dbe2dc6bc99142c47cc51d49d41ed4
0a3b48b0b08351829a21933e2a3d348248f2268aa2cca4c2d2acfaa46df65452
79ee44670ec6a287f5888e702f6f22c2a89a0bb52ce2ada20129d4a49314594c
000000000000000078aeae465c2de86c75d6a48254c6e555f578797978797879
0000000000000000000000000000000000000000000000000000000000000000
bc192404c20e958921bba9bb8b0b342814dea3b26314a26e51b545e2a95b54ce
5f6aeae4faaeaa2ae2aeeae66ca725a28ad53612dce50c28cb119e976f55e5a2
25c84d5acdca5a7a6c4ad02a24fd5a0da64329923ab01b12a949b10b48ccca1d
9b44b1b5dccd1f8d0e24b08f9acae11b2dac398e411981a293a92a31a96d2d24
91a4a4535d8dd7785f83fcd3e9e61b9161bfc6c189ace0317879787978787978
b02902576e9e3adb2bd584293a6e24c3dcdc3e21a46541b3473f42136a32eb6a
5a272605a8425e420242a8854545d0e4f8d842e5f64ce4544d75a33c5c5eac6c
a2ce2af0e5aaa0add81c1998b1a13921eadcca8911cc898f24c2dedccac4a62e
787978787878784ee24e3bb8654a64f9ee2502ab1ee02b28cadfdda6a62fde72
d222526750c2d66028d282a0a05e79b99ab9e6b5843e254b938415ad0829ad78
19926446c4bcc2e94bced86c75e17a5582c0c4af4ac27ff7a860262ac224c8d2
849922bce81c949ab31a884309bad94cb5a99e1d2418199380d1a89293c444dc
ad31199360c982e114381ad5911985044e542f0020efa722f884844aa4561000
4b0dee32229179797879797878782d882bb8ab8a8b65ba933c22bc03ba2134a9
0bad5d422c008a89a8c222009a381a4bbe410c1a3b792b11a31b9dc529811431
ca411a35c1468e5a52a64c5582a2f2402daafd4c5ec8fe22d5c6bc4f46430564
77cd0c5f241984cae34bca0981a15c0aac3cba49b04bce2012309d39a19b8331
9c5d11d2d6ede9a1a9ee8bd03e2473dc8a9e94591b7c5d677502a508d88aa26a
aabaac6ccc835d2aad83211a4378787879797878794e0595963af1cd461168a3
2760af644d6f0aa620682856bb20f762291ddcb295cef36b8a621cc279a11bb9
abbb0a0292943b4138aac4ab09651ba98d98842be3a2b98324c19941c7aadcda
e6f286acdd448641ec43bb7411019b25395c32c902111849ec21053211e9d3c2
62ec2e4740687a4525c40cc4228b1ad23b9d620ac0ba944428a19b3951049c24
ab272c78b9674a02dc9b1e32cddc31d4b61d5293787978797979787872aea0cc
e4cce606524d4ea84268724aef8286d45e64c240dbca02965b51454b91c77019
46260a86f2ae4fe78cc4a88c46d52af454feac5074240774ce5dd8252650e8da
1bcb119cc829c959921c84002123dc2350296922e6586e2a5a0d2a8d20a2c72a
787878d6c0b54668332ec6a281630e67e45761744d10321a11219111141f21a8
2b53819c218a2bc1dab278ddb416c616289d210524e2419a46bae17879797878
55aee466c2d7cc8c6a47ce65e6accc6245ca54c4a2d54f4ddf2c1e881b291394
c4f8a80a52a626c45cdd3415b9124a801d5981a138084305a634c00680aa5d66
aa129234baca029bc45bc811a489199390cbc4a5c1139c386c89ae2aaf05af8a
b9ae7979797879787879a1a3aa2c34c2a912023b13919306985999e842303224
c6c24e323771662e45162ddfde3cac9b81784e52469eb7b122e24be806b6292a
5e004ec206cd2a75d5e6422a4644d27057221c9bdc8a0931cc83133235339301
ce664ad8c76ca2feaccc2aa255ad55c4d64cca2c2fd25d408245c6d4dac44648
380724080a4020aa50ada42a24dd266255fa87a00227a5c2ecd8454fa0a5ce02
206b1d3142c12aa8997878787878787978426cb91d5c4598ba7431c1c23ee411
8042a028d2ccff2522a203ae4a0c4399019b29a8a88aa1ad79c212c02c0a3cab
1e89296193a358321cb11bc094e845d81b210219a245bb432448ec87054a0cec
eef2e05af2422244228b94499b9423e1d9cb9299b8e13ad1bb99044b28114919
a54148031ccab13443113b23c298212d940093918a691f916d5cf5d0e4daea40
ec622d4fdfc4acf582dca4484fe8a22d797978797979787929ac6cd21a8200ab
de2966ac26484a92de461539d291bb26e5cea52c14eec246387b5e43ed35e178
f2ae478a2ff6224a4cca22f24e6fc59219a80303b1b929cd1a3222ba49ab9626
a8dd64e4a22cdae84f240527e4a4dada2825ad6fa57a2e56c82a22cccecc8245
b669e5143b000db062a7b6e3eb2b6c22900b10ca20b9aa060bbccba135032bca
d13daa8c931b79b44e13b919a23490214d01a3055084ab7879787878797878b4
912a39bead43762fc0ec00a4d6426c8d2f2da4e0dc8c11220abb408c32934613
ad26aae2a74a2812d2a38294ca942c1092da94c4be149141343441c1212aa0e0
02c04ccd044a2e2a5ec22cd8af44eeef64fca2acceefeef2a280f8dd2a7fd4a4
787879797879727e664eecca10e75baccc444cbd95da2fa5244ac28a548ee65c
3ac2f9185d55612d9b16eaab0579186ab953923bc508414b1cb4919189d47878
19cb4e1a9aa11dac9b490cc5331d0b348a981490309a983a1e913a14a129a31f
0dba530b2c1851c28aca18830ecb9131d00ac11b42d3942ec00214b0a9094aac
23c1c399ddb52cba9da6444a95c250902d0cbbc251b482c8061988259239198d
68e4752ad578787979797979787545a22ecc4225a6af8c070d62ddcda2c95ef4
ac26c62224c55278d25c800cd2e6aa5220265c0d786de55dd2aca2e2226ec428
84204a2c8a82ed04cced2acaf58e277aa6cd22e70e5fca7c7402a0d7eaaafc5c
db31e4e6d800ca4824fa026d2ec6ea6a4d42026a07adf458a4cc05d2a822482f
c6c03a289c595ee8b5d3096f38c4d855526de9124b94c65595f2593eddd5043f
22a48ac5202a28d422a2c7a479787878787878782b15c991134912938112029a
9b7294059ba29242320d09e4bb7d349b8524aa25ed595da6e1c39c784ae2d87c
c2a3a8ad100943b023210c9d4123eee953c13e55b506eef2f2ae24291b143511
aecb48b8a103bab2291121a1d83a693fea6d55e2ccae2b751e565ae813803141
fa2886d54ad2ea2dca0e740b9d949a0b0499b18100b94b9ab6988221912e1c0d
4659791a4a915e2a9085218c19bc2c4ca6841b7879797879787978ed4ca2285d
0e0aa8293b2b4fb0a32b02a299ccb11339c5569369b596d5c94b1764199af4e6
fd998a4a688004911a89a3319902198838116e4c546af52582ef0cee02ccaeca
9e2181221b43ba02a1c2a39a1a9e29e9814cd34404a8d4d2db2bbefa2562d173
7978295a81cca821b15b11ba4c0ce8a24118c01224a991ac12329c9c4ca01bc1
6d00ef24a2427ae82c7822c6c225ec0cd8ead2ae8aa424c26087797979787978
6af68da88f44ecd54ddcf9a65a956d65a1639254acbb3dd5ac02a0d56ad884cd
5c8d1a0b44dcd4dba13021bbacdabb05aeab44bc00a4a1018bacd2eda44a2cfd
4d4e08c0a08250ce4de6a7fe2d82ecdccdcc826540fd4c0f87df55228eda12da
6578787878797878784396bbe47c52bd718b41cb1289a3047a04fe262e840ddf
704a255cada4825025a26445a76c525d78f248d57a14ad683e5f25a396dbce62
a063492110b99290c1b4c899da1a012b49d8cd096d1991c8bc8abb909c110184
90cc83811281499d1a30ca819e22513a242ad5002dc054ad921e38b141d3c31a
01960a090c032224a5d89aa2598b8a0a3d1244bcdeccb6242db13353b219ca31
9294982b1bb965a87879797979797978bd91b0c6795259d3af6341da55312a95
4dddd4f2f656cc70da227e6c8a4fa4c22f6ca84f22800079dc19129a2bc4213b
084131118320c96ce2ae255d656ad44c26dfdce75faafca25f0ede288ddc8a2a
cae82c2f2d45da3cefca1aa353c516043d11cc4e8863da431313a99c1cf9abca
9ad98594118c4cda22ad1114133651a9be1b2d1e443e8d42f5a4472242202d0a
7ac7477dc422fdef6a7aef6dc5dda27978787879787878309a3ed9208c9bc285
4274ce06c8ed425d62c4caaca4541982ab4dc090324359a051638389b1c0784d
62aed645dcc5cca4c572f6676d643cf6d8294c33625dec614cb0c53c53c8aa88
40e325b10b821312bb0c92ccb9631424918a1419b3b99a49023438402deb4488
809c1ad1a396d80121359102bb2c8a2324a589c029ccc9c24c4c41e0312b1108
d28496501678c780eeac28226f2a55c24c45dc2ea5577979797978787879a0a8
c042b8e841adb53a21929ccca7e2c6966c5dc1f5aed59948c6405aadce508649
ec6bec4cae02febc251ba69bf235d2c1cc3aeddef9a1033a1bd9b129d9a950a4
19aebc99669662ab9911aceaa346445d9e4a3446d96b6e659d5e36ce618b4ad1
78787978782662a2e824507c02efa2254e2aae5a245ecc4f6b71fcbeadd629d6
6c0d903864944352fcccc028786438682e4612d41dec2d64bd7ba7cdc3787878
ffa2ee6a7d5cca8442a2a550a1d46a0e007c1e352dd441ae3d0c51cee554ad2a
e542f2046d0d2a20c5826eac0cdd3c524bca944bb0c4ca1ac8aae090d87d628d
bc19954ba2b41639ac0c943223ca423348239513aa04611aca8820ecc4aac7c6
3ac6b1927979797879787878189b3e2309b04b99a2411b0903b32920c0c0142c
9b392664aa8424d8c5c0adc2c2af4a4daa2a407910841a94b258331334211cc4
cfd226ce52004c9a4003dc4203ca9801114253292a3a821199918c19c20c92b9
c96a3239198a52a01929caca1b5b21a96dc4a16accda2570deadc4ca66f422ac
0eb10c8daf2d8d2222c2edac64c2422eae2e6528b30a8234e405944121da0889
20aa5903233b10c05488db7978797978797978a1244ba31232d3ccb10ac2298c
998424089c1cd513b9014ceea522a78542a8dc8aaa620a6e86ca791aa225a3e2
cab69d4621e36c534a3d2a4ce24e460d7ccf272e6724a6a5768528b99e2a2932
c04f7c702566d4cc4e5a1d9c30969a8d206a403030a0129909240bef5bee34ca
aa191c1162cd2881221226ca24cf2eae67acca24074d7c5584e25cccc25a454e
f178d53f043168d2b246d11c29651c6cbc4379787879787879781ba91610c228
4eac2550772ccadd52466eea8f4c26d44de78acce9dca66042e2c40256f1ad4d
aca35b32811992043c0bae1a1113a153a8ad059a60b91a634cbc9ddc21599d29
ae96ab662262eb596a355c935553fc5ac54a28e6c76844c84cedce625c2ca627
78c1cb4bdc89bc0980942c94d1141a63d34c64648d6e8e4c6a2d00a6c070f8f6
0000000000000000792335b0348149b41098d980360a1a3e9c79787878797878
0000000000000000000000000000000000000000000000000000000000000000
25399b54a55ad846c1c231a446521ba14cd0aa20ac59bcd3f4e74bd54467fc54
0944b542888c59538282c3189cea3220d51dddd2bd0d013d40a8185b332c76d0
26e44aaf2742e6207fca4a67a525e27803b98b021c00ca1b90ea2b4330aeac99
f80d64e05d55c745a2dcc56d78ce42582ba239adbb5c230aaa1259abe0a3ca1a
42a25658d682aa791ea330ac9282d9ab91a50592119929bb7879787979787878
f4559ee2f2d551491c2dbac4bb9b1a930e428c592d0d3808c8d27dcaef56e505
13a91a281ab14ad0d62c052c6ec0aa227cd746e2fefc4e2d92e9438f008483e7
330025014a899e63ad2355a4977e82b1793c2b449e2906a91c8114c393c22ed1
797879787879785eba148a23cb0000234c15d942d18189411252ba504a900e83
c784a4c76ced27d5dc8cd5ea52a878ae6f66a31869446c15d3bac136b25a4679
da140bb29153d3041b3099180126ea4520c2847a88f80d564ed28c744f7ea5d2
454d6cad4fe73e88c765adefab558aa2269a0c20c2a99c832b14811119a3811b
6bd610f212e6463432219cc4ee6dd45e4af4cefc855ce24264546fd8ade20185
5664d51fc87f78787878797978786dcb54696659360c13663283b29c55426c0a
50422d13c1a910d230b860ce685a6de3be9ba2e2a678ddc5be9ac9655e7dedc2
6878d445bac5a15d415ece9139841d484ebce45e328a66b540d21b5d44d65ab2
ab83aa3bc6ce8acc8c44ce268ee20555c4722e70d24fcb71ac96ccaa3aaade8b
c7caccae58181199341b91d04c82ba918022301b5e4131d1118c944b9bd50342
80b920b9a91ca3bca352d043d37879797878787878e205a4d4a282edd0c556df
70ccc8cacc2c54d72f0a652e4098a0152bb3991b9b5b8a9240592b0e79ba01ea
d13232ca1b6e2098924c51c34cfe207aca7a64a07266aa46ac588a24aede22d0
ad60d402aa4a422e0675df52c24c872c2cc0ae202d28de4e2cda8cd8913c8c31
1b9beda413a42b39192593026f26435bac455f059292c3c7c2564721ad752dcd
ac9a21791c1336dc1109a83e1a9129b8229dc185797878787978787922bc1309
0c06aeca6702acaed2a50dea4d8c52de6407ec9a1a52a4101e0ea1c121904db9
334a99efcd9b4db654a49daeac6ae46b2dd6495a457a42404d57d5c75e40ce6a
272d22ab5a2512940aabd39c21994438e19b4d111e09a19119d8390391b340c9
787879ab2d913996ac4c2d0e4d51b2c8b4dd9e54224a47ca0e52652ed45ed622
25a7c84e85a0c5224c2a792b092ad29142224c2aa93634cbb9adb87878797978
901b9925518ec0314a4c5955bea0edde6344d696b16f04146555f07f4e265a04
d3d4d4601cc22b159401921440a14c693ad2884822a131909119a1c1113e1a23
1c1a6994a0db3ab482e3de9fdea5e91c89c66b215d9200ac39c292dc6c24203c
ed807879787879797878cd850cde4fc02548f07422d4744a6ad0845bb9bc1282
28e0a582404eda5542dc58c5d42557c52a78b72f34944d416132f9a2a6a376c9
998eca4682782edd5a2aa72aa40f2a22a4ec6e341b241ace5591e4d6eeffe584
5d93aa2da488b98d2d0c391199a95c96aaaaa34940e09c292804aa510a12d3ba
ee661c1ab63dec2e04beccb9d0a8bba612c5e6c558582cfe257ec5804af5dcaa
65464dca4e14e788fa7878787979787878a44dc04aa42282f8cd2c22c5cca6ae
128011a8301609cd4a0c2a26402aac240ad2ff86aceed48a785cc8376e7edce4
2a0aa0ce475fd42dd09eddabda1d8c3d91db812dc32c5d258a5922c0b1c31891
7ee222e82aa82d5ccca28ac552f0c20dfd4d6dd2c2264edcdaa644464a678c7d
ca4db716163beaf2c7cedeae8e5c0fc666ec22a68872a640668adc8c8c642a06
13b804b20bb30115093a951c4e1412a97878787878787978562111d4ebd38244
12031cc9a110282eb240424bba31235c21648c5d03741b546bb462358bcc0379
8984232a9bc355aeac532c9ca1a1322beae298a111b23a2295931a1aa0332222
80aa45fd800c56845ea72252ce0fa04454260456fca40524a22a64e2d0c027ad
8abb5bca298ac518a0a4e119813bcbebd96fe36a2d1f585e3288d8de51a91cc2
c487407d46ce783e959a417fa315c4ed4db3115a9ed46c797878787979797844
cd1bbc2db52a0e9d40a211c8a38ab221469124a14803c8aa58aa5c2a8aafc5fa
29232481e2a99195ab39aa15d9239592a628345914c904a41213a682a9212199
e5b92c09223284c57c58a4a0c4d28768a6685d27fca8802630a3a1dd8a0c822a
787979797978e2e8ce15ddcf14dbccccc736ac1a3b2a8a93ab19029dc1d8ba2b
b40a142bca130b4a36940a1929784eeac08ec25c0d7c4e254cf62452cdc47879
88aa265642de057272d20c07fa2a9ccb82a2082a2ac9221b93b9dab9063b4ac3
aa6a2b98c3cb65155564635d5c3de932b19b4320b2110b12d9402da92a72de40
3a9ba955981b18e91032d156c688f57258877faae8042d7cc45240ad42c68d15
9a3ecab83d7979787879787979ec0ba112a80a3c8a41018a09b98491cbb832a3
b302c21218902b2eb94c03b151ccc233439ba11a798992154e92b014130189cc
868aa920d26114debb54916be09eca4bcee4cca5bb2213988c3091bb8e6019c3
e46402ca4d140b904139c2a419aed9d2222c0993bb98bad91a3b142c99ab8009
80438c480a553ad61443bbc43236de65369d6a2e5cc87a2d05d2d4acfdcafe2c
49bc183c0a135992c9e9a19279787879797879793a8ca5a0aa508910249b1296
48568208dc6ea0f442ada259999a401ae05831da4c31ba3882bb95792a43013b
4ed4f80daed0cd227c554a19015a23a011813bd391d853da259ce805c0c225ed
a23cc1ab2423de0b94cc3309c4b0b83142b23d15ab12e98b9940b3844a2cfd05
a2a4a0545002cef2aaa2c5bcc11a9a2113acd04905ba001c1a0e1830bc48cc4a
224c794c4c2e2b004828a330822bb13a9a122078797979787978796e24422ed6
2c8cdfdd3301b4229f0e5a5cdce6a4695d62225a5cc8fec22d87ade667dd488a
de2931804c25e6ec45bd5fe155c7419a2e5be5422dcee04268fe028aa0e80228
f752ac4054465a754a420cae6ca05c6486c5f115ee4b265ed552f65dd5ca8a9c
78789baa1031a23ca4343950119415169a984a56e47506a52af2a22a87eac04f
2acaea04aef22a20207900291984119c4891914a4194d9c419e3797878787878
522f262824cafad65cba12c29994d48db3206c3cba3acc9a104ac4d20d565e28
5e96c921e7155da7b9100b0c1c04c159292b223b490c6a6298af220e802e7a74
49c42a5aab898eabd965a321d299af09356b18f349cc0dd54e415ee9553596d9
5a7979787879787978cc4a148c8cc11a8bb9bb3ca421a1a90e9aad2e4804b2e2
a8c506a8aa4452a2a570585e400d4cd87858e8a02ea4c7544aafe2526ef6ee68
59988994194138035d3ae94c2ca98611580a27d60fdca52227a2aecadc8247ac
62d92a4a29b83c918a0cba9d0044932155eea62e2d2256cd5cdc4fd0c884d5a5
94809a812119653803c1bd0ca9232cb43b3754191a63419c58668a5be8c4444b
2caa4ace86452a8579797879787978783333b492b9cc1211a4349c43961a8aa0
4facd2cf848c4c52ec64c41e5d50006538e56edce96d1b782c2d608da2f687c8
1e3d4aba9c44885e748ca546af5dde57d50d8cd5fa45ca6c48da6a5fd4ce2ae8
d1b9ba4655694ac2460c72ce6e44d850c22004a4cf2ac0213c8221dc9942499b
9c4d9d6b4dd1c9aace54a0ea2a54c884cea88aa6f685c06029b5c5709a092c5f
a21619129ca1399114dd5353d1de117878787879787878dd52fc9c2625c188f5
8e846aa0ca42d6dafd8c585f6ca25e93e5d2ee22a64b1321652bb9d64ec47924
545a74c45d46ee82f4067f5a26cf45a2a5208e2f6ad7dae52e468cc05ae728a5
72cdee5ec6a6fa5625e46852ad76546b8892d2239932819c60923a3aa2b1efd4
90aa04c3be3a83993c49bc9c1d11f65ed445fee06594db6b5285821df5245a4a
62a1ca15b17867af5e244d0dadca2a2ae4d0a68c22547978787978787878b3b3
401439994a4b0a138ba903999b5f202acd1ca5c40a29c39aa21039a5ac11219c
143a1b84925954ae62d71a84be115d312a432a43f19c219131502501ac2868ac
c65805262282931011b99e440c2b9bca21bba9302129391e2ca4511db1b63308
7978797979462a2eac5a0acdca2cd224f244556c8a865ec42fc62622aaaacd62
40b381233020b9a8059a42117822c6ad5a94300a93651915e1616cea32787879
e85404ef6acdaae65548a45aeffc2d5c25a506e0add84d5caeaaff55547c9530
d8c7a80eec8c70c4cf48e658c4100c14229a2daa31190a0b9a9e8111e4882d8d
865264e2d624cea566262fc5084131524959ca490950bbd953a6a84aa220aa55
020a084878787978797878790a085252c084ad5722c4485254edca7855e4a4fa
d02e1eef47a5252a62f206a2427dc78a754ef27981992b49914d439132e329aa
049b1220d44602d458e4068c50f47ae2da04655bcdce35d4e5e3caea675692e5
cdc6d863822a00a91cc841194ea49484a28ac9930a21e89992042021cadd9311
2a912467d3da9bbbd75596f65a59d9305e3d927fa4d8684d4a8ca7704272055e
ca56dd51182699aa9cdaad79787879797878784a12aa910a3143628b912ab94b
dffaa2720284eadaccf204a33ba0a1342d13abc9499933293c96781c349d9e6c
4d0d8aacc4f5f0542fc082b81c39a4a2a98c9924c21311b94f1cec54dd02854c
5cc0a64a557a6770d331de9f7ea41dc2dda2e74bbcee606364fc6de06a25ad46
db7ae605c506f91e0cbec7136de4d960d143f48b551aee7ef21c2559e1641cea
80794150b4e9c2dabe2aa192a2439c439c2a7878787878797879d429ac34e141
6ea933859b4345caff4e745a559bfdc144aaf0a06a7552248d6ca4fc080a7c74
5931c51b04e8409204ab41b41910a8a1837a4542644e4775c8022fd54ddcaa84
5d47da7d5d2ace2a7a0dd0ac70c2eec6a5891923b2184aaa60ba33dc42811911
780fa00ad8c8aaeed2c87a020cd540856fc52a4aa54652cec508d6cd262e2728
00000000000000007844488cca42580280ccc06c45ec06af5778787879797878
0000000000000000000000000000000000000000000000000000000000000000
0ac54d04c86ac2e0a7627c0c2e40202e2d23a330110384a0158e9c39d9a3421e
3cea02dd9cdbe9d94dc416a290db29a58c898b4055c51605ccc96ad6388deb46
6e6404aa2c2eeef8ea2420e06a6eecfa68e0680ca252afa42fdaee4a6c7c24c4
4e742e1256384b59e717d6a02294b3551802a12c13a3d4ca3433283eb3434daa
57572daeda225578b4a1ba67675e3351ce594a579204ad267879787878787879
9c1341c94944213ac0193e04a991c9999892ba300bb1c240ecc26c74ca6ecc4a
1cca3d9b101194031339868b352c4ad731d4a3222167866ad0c5992814018b2a
458c206a6f884548ceee547d05af7aea4545a7ea8ccafc39a968d32b00b381c3
7878797879797899292118ca2142cbb88d1b13cea18c51ec04422b318231fe37
90ca3763d5c2dca1a6db38140ea579114902a495b3c0cc9a19ac0c29202dfb79
1292a8198acb839ceb8a42a29158cd95b60dc275d58ae5adc277dc20c6bdbad3
eeb331d52d36835936d2d65e16e99142a19aeb438aa39c29186211a213235333
578ce7f2a8aa867e54aafaa8d5aa5064448a422858ac60fa2acac4e007a2e45e
e26ce26daccf7978787879797878b101b32c31e11c393d82a045a842bd2944ed
11c325454f18ca22641b1a9984234914922c19a10b7877c422025c6ca4ae56ee
061c348bac9bc43120186aadb44809db29321929891738318e4935fb102eb6c5
ca406edc6448c0ddf0657aa2ed7a422cc48a20dc72a4a38c49a993d8da3992a4
c07ad00822da8568882c225da9ac112bb11b24183470aa86fe66ad70a2458624
9a4019343b0983a3050c49431578797878797978794da6a7aae2dcc722ec8e0a
6d4a64ce5aac224ac675eee6d40f405d84ea04e4e8d20a0ada22af077916c3dc
2612cabc394929c59be99393d5494215b3c289a198ca9e8a4930b95a72a50e04
6ebe2949b3c6a6195aacdda34419b11131211336093b453310aa1a8412191aaa
1c8ab98242e112a288c981ccd24e244afe0556dc8eedad7c5c74c2a6bb281eec
2850047868c52542e708fccad64eaa8ace4df2427978787979797878c8b302a9
bb4a53296d009ddc51999c9ad949d6aa4c2ddb46ecd66cee4ac22cae54f45a2c
5bf4cbe7ea1b4255251b14a4611d64dccc555dc90691349b920184aec30f9ca9
6bb3130dc2845205a65a7d276c658a0acc278cb8356b510d46cc31011cc64640
797878eaca6a420487ed05df6aeac22a7d6a7aa94aa9a1b2231299283da1ca03
499caaa4980b03110e29786a5cc47a353ccd6ea0e0e142dc562f457879787878
622e5fc02c7846c67ca2501acb9598a40a82a31e839913312a2c91c55504c9cc
14ae22911b4cb160919cc2691bf5d4eab45e64e4dce436d9896dedfe6208262d
ddaeeeaae25ae2aaa0f416895332348e119b120ca2158aa5390110c9c421113d
429b797879797878797914a30141aba905040ecab1d1925a95b3a522e5d22f8e
25acb05b1201938c84aec33ab524802b1179a1b3b122959412829c8bdbc11996
52eeaaee2cd552ad6d6545e7ec522aa282022ec5d2402434142391b148abbbe9
83042e5080ae748ace46cfcf6d7d6d520432922a9d59a2895b2ab1983268b8d5
2dabb42ae03caba39aa8a24c311c2813199311e50aab4220216080c091abb31b
e3a1c420cabd982421797979787978797919c29531c11d1cc4a81baaeb2211c1
0000000000000000000000000000000000000000000000007989891da10caac1
0000000000000000000000000000000000000000000000000000000000000000
5e0ec6660c554524c84a2dffaea2efd25454ccdad7a0fce6ae4d65da284c84a2
c19a928311832922e1281a32c413a8294f0566add86a002e0d0c2ce06d2efece
c42a26d204c4df82ada22da87e42004ac14ab93340a912a3961223989389b490
400122993b2a908aa231c3151bb49156532ac91ca41392952145915ab2e2ad42
61c993edd9e1ca79b19249cab929221a30c1e4d53b6c41ab7979787979787878
33b2948ed2922a3b15642daa73e4189c05ced1ace36595da761470baadb4c485
ef03d93749595e96d14b4a32a934a19c9a1cbc3100cc2212c9909b3001c42408
5531d995ec2295da80424c62504a2fc6cf5a768c5ca265cb44fb495158e5c6c4
78787879797878e14cd349181318c22425c921923e92a921ca9591a596e0acc4
622c00225a22efd84040ccadcaa4781dcaa32ae91c42a11768edc4d1cf64e679
2cc5522a55c08455c42227085f8206c0f4f42faa5a0ed202464ca7d4a8026002
ecccdca4654ade2eaaa2e846cda4b9d9cd2bdc1d1a499e12394ba9124114da22
806e68f46c264254d7d200002f4aa25dc5c4046d722daa52e7272dea5ceaf26c
4e128b24a42b79787878797878780aa9113aacc5a9ab4ca1dac648315109ca82
a5a507cea28a5121a08b421a89aea2a889aa44aa587942ab912c820283592326
691dacd6a32b888bb92314aa58da42dac3aadecba94aec5cc720d4eec2a46258
78a115491e1bb421a81349a8d525cac3e2192a291963ec4e8ea16992ffbd5956
c1923694921a9df2652eb54f2cb98a9948a34ee68733694e0ff6aa14619962b3
99a412bcae96913466cc42e9c6787878797879787920be441d3749155223ac5a
41893a04933b22849314cca2b39388a5202244b2a931919885f93a9878b5b515
18c1c646c1c75b3c5db5b28e013c9384a93a898014e3382893018980990b2986
eedc087dd4252f46ad4d62ddccae2725605462cfc427a7a7c84d40fe60eac6c1
5c144054c2ec911719cc4333ac557a2ca05222c47ddf66c05d048eae625ee502
3d599278faa27e4452022aee8d2426a4040d4e2479787878787979795153d8a9
99981baa2c19bd1882ce52123d241ad8b82a011309c992223363834941c5a530
31b53694c18da0ccb24c243acd22a4346a2ccae09022b2aaac8c40a3aca59280
32514400728af4a7ae6feae2a0424268ca278ac83a4c9b619c928ccada111813
797979ac6f64454a54e0a02aa2e5648d7e4a54440dbf998f238ddfee5ab9828c
4d4a559a921c009323e2791b9149b0b3688b914ad1ccaa094121257878787979
9b1b0ab91870a9bb9891cd91d4cd8ad08dd9bc3cb00c9dc21ede11a493c3d842
c2e43433266af198cdbc506a42a4cc75054e8cddf252e225524db2d434c5039b
a3962012a529d9211228f2d28ae4ccc8c7a4aaaadea2c0ad4a6c19fce941631a
1cb97979787878797879a136133913d69ccc4ad953b16903181dc08a28b2d999
34d175cba7e02deda2ced0ccd4efeb40d5792122a3a12ca51c81611be3a11d64
085422a0c4d528ee8533ce420ddcb1143b14381199b439be299129bad230ada3
44a522066f06e282e246e7ae4cfc560fa2ac8cb28b81152c2119951e13b49511
a001822abb943199c01c9bb149da6cb090e98baab3349ae9a498240a819d38e1
560c19a6bd35a6c1e479797978797879788caceb24c8a4b324bcc00908220159
000000000000000000000000000000000000000000000000788c4c368a1f5c00
0000000000000000000000000000000000000000000000000000000000000000
f216669e5c9c869d1968e5cc1c30dd49482af576556de6c442eec6de24c2c60a
43ecc8cf3eb30b358cefdbb4b2adc6f4ba9068bbcb544cb81a9211a35ba0b9c3
d68aaefec5ca604d54a28d767f68448c279fcdb8a0c68b166ba8c2d344edc4c3
acc9318c2a8b5852baaa921ac462929c8536b1a89d991c4c4e3ca000e6cf24d1
e2015ae3cd153679a5311e503a44d9a2c3bdd9261218c18a7978787878797878
6c2b5d323ed76d2c0894dca234cc3aba11924a2a69c50851bf767913b0631e46
4013818888ad1d7220a24028e542a8406744505e54cd46042b2bd1262164494a
423baaaa21ba25a2903ddcb1d8820a396b298129c9aaa2b9d6b8b0894a250249
797979787879782f70a054dac42c422d85248c52004d5a0ad60a8214141b8012
1ba3dc7585145138567ea67e5dec79908a9a4a25ea1d1933234841acb514a378
2f04ad505dc246dea2a4a2a28e7c0d0fc056bb9291b8d61ebc514060cacfd96b
d66a58461809954a9d3d401cbfd14abb51c6882a01442b8c9c34c4880929fc42
9231b0500241d3a10893a82eaa2d035125c4a0a1a329259059b0aba1cea1c44e
9c4214fa093b7979797879787878db3632450499984999212d939b13a6bdd282
6623a5515cee8c4adddcc44e000aee2da8a278c5c079b81009980b9acc9a1a38
8282919d94ea20a22864a421513aa15bba2c9298816f3e524a061fdcb15b9dd6
cd41d544ca24285cca28a38c8823d0cea3351a99c2099ab952512490adc12e5b
4acaec26ac1bca008a1eb42a00bd1984328b0141229ac1819ce948e49ba2244c
4268aaa2a72fdaaa224d48fa4d7879787979797878ead402c2deddd4f8caefdc
93de0d9de2dd402d25e6eea1ecc76299b69b5f305ece2163a3e95ca278ced64e
c9ea12a324a5cc5f4c1c8aad1d8a92192e1008b95421bbc124c9243996c27c6e
cc20e6a7a445e207aac55c2fce5d9842992d13e1328c20111b38c39019a0a0a4
eb64e3ede22f3bbe32e555be99ba4d812a2b9018a9bb201812491361a8a5aa6f
aa4275783dd92b1de349c34ca18921e32139a9dc78797879787978789faec6d4
313643e138c99db3c1d0bc0939a12111421a282508ca54c2ceccacd2ac0d0fcf
faeaaab229390b014c2a28c52ae899b3aa85313b4453a0bbdca012c1d92bdc82
a99525299594a0bce23c1200b1c4598320118ae508dc5e5da4a480e24c2e2acd
797978bd6538b3a5829911589299521bb1a42c1ce4844c3943e8c2dc240a22c4
d3de01da192e8cd8fcf4787286ca744f54c46d2d2a2a6ac4a077f87979797879
3c0ad91976f6416c09d0e072e25a858522548a28c2cf580af46458a43a92d53e
bb26dd3d62cc3326b750a9d63c9a03929332899a4222863a15319f4d3b15ee6c
2ae13c1c2d29a32aab446aaaa2d05747e8a086522a254cf4ca82f0758e636863
12b5787978787978787824c5d585f5de6226caa080c4a08a75854eb9c9801cb1
c4152cc67ccf5a1b1a30db6dce22cb88d979a915a94d2e931109c8a92348b4b9
9aa6defca82d8d8440426ce5f5482ca2a02b441aa3e5090418041ab51a8b42c9
f7c93d189b393b440b9092ae4b2a98aada503212929aa94b2628a329402101ab
12a50495d4ecba5fa89636d16912131c9b4c964ea25bc10e433a8bd220bdb642
ae6c62025a652d764a7878787979787978b5e6b5438d88c3c49d4951c112659b
e2dc72e6e0dae5a2e181b1a5110215c12cdaa11d9bc4929278ad722267c20c5c
a468d772ece64d72a052524066540d7dda7dca5a8dfc0ce2ae2c5706da2c2aaa
58c45c4a6dc8a287c882cc5e757c0afaa45a00aa60a0d827e668cc5ccda7e420
068151983a583419b994b10103a2910069adc3212a50a5d12aa0aa47eaed66de
62800f7cd2cec257e255d7c54e5a74fd797978787878787932d0b8b194343139
2311ed2c9ac2c842a122c9942b1929cedd32823c8dd3f36eacd8cd6615511278
2499110a0bc41448a06441abaccab2458fada2fecd8e7ce000ad45a2a88d421d
e8c846afcc5fd462276e74aeea48d6a640142aba86ab3aa140b221c1cbca32c8
e04bc2a5246591c03a53655bb69d0119d3441adc9a5083931cd612be93c13b84
2bc451d1cdf478a542a62de28c564cc0f27aafa27054477879787979787978e3
fade75c684268220c4ad847adc52aac4ea4664d62d6e1de14751ed894959d299
a49ea11b1329cc39d2045130b4a92de1c10daac999ab52a0e42cd0d5ff6ecdd2
dc24d54e822c4cb91c2c5410c3945b941b3a02691bd1a1aa22a10055abb9d312
797979787878255cc5d2a02e40d7278cd4c84e685d0ea5e45fef4e200af52ea5
4544fe56e82d6e08220dadcef0785da6eb7a9fd0d2bc66e41c96622013e67878
a7280c2adc65a202aea5eaec6f6954101c412b98aca8c99e67654512dedd7840
08c390a84b93188bd1a8bdeaac6edbcc1d424199b55e42964459d9e6915a4224
922dc0382d8a928b69a3c5cd2afca0a5e02864ffdf6a45ceccff7af24a354dc0
c3e71fa3c278797879787878782c26a42f20ccca48ff28a22a4ca2c42ac13124
482826eab6d448916046682991d0cc5510e4cf1478b3656684dd00f349ae64d0
30dca894a64aafc4d245e6c2ccfaf4e4a48aa2c2055da8666cef7a42582d27ed
c3abbe4c0d9a64bc0122de198fde086e653aa1ae9ce294834a2205081282baac
4bb308be4a25e8868def4ce8a7c55dac50ced6ce4941a4a2ac14199449490595
4b95da4cdaa812125ceb11447978797879787878322b9220124c128b42bb9901
abdc04112ab10c0a333194991023d0a8b912989b8429c830e12a507956b090a2
59c151a8a834212394520d9e43c66296d9d51d6fa2f4e31ae8d5469e9b12aad9
478425c7a26cd22e5c26c213a51419389d6198a229934053c1253826609a9ae3
3b1d8882904921322ed1e46e0fc5aae62ca8e2d485ca2d284e7dcaac5daca5ce
acaa79999120080521310a2222c4411853b24e797878797978797948111034a0
41546d6d8efd22421b84eb6cabcdd5ecf90e02682e2f652cc2685a8efdc50aa2
c44789ab4cece1d212c9ac1b018d23a1ca3b4c2829cc13211b250142103996b2
52a2abbe2daeda69c42bcc53cc6d431bb8ebd4affe55f7ad450865f704ad20d0
7878a3c48baaaaba9cc4c0a1514ca8912be256a80d87e5afc0f486fd2026a28c
c6505b77a4b5943e4878a502524aceea840254c245e020780da8797878787979
bed41cb2225db2219c47e6f20806402c400585fa25ee4cec06457aa528b04429
b83d113a49d281bac19cbc51ba5c4b0cb33c0e80951169c2041ad9c381ad9b91
19544c6e44b964412a8564050ccf6d7f28da0ac6527a25d744a1ba0a58a012e9
9878787879797978782eac0f4d22a08cdcea2d884cc7846ca61a7556ddd5a5bc
c1ad55154322aa69946dc65642e6b0e4784dcf1464cc3705a65b31cb1bc2cddb
24a00a5f26dac52de660c4ec055ede4dfc8a2cf8d7628dac70a4acc4d82da2ea
40318e24119ca9a9c39ca1a5caa01199caa76fe40a4aa2000ec0ea404c4d8a27
4a06368aabb0a09eb45c24ac8098ac1597dd5bcab2e852696dba48154456c191
389626d1302b441f7879787978787878776884f28ec07de82ca82cafae280267
21fcdd54d55416bc1b4ab11b14a10390592d645260284179cc93c02cb6532808
acd18ecb9852396baca412a8a441c36b0a24811d9209a7d18c9ca74ce11ce3e9
a8dba3d30d92a4211439d11191343a20c4959e102b3819c211313cbbb385bb1b
a3b04c5ba3cb259a1250141b99c14961910094c010c128313a98ec949ab3329a
5804921ba3ab2a3aaaaa6aaa58111279797979797978792cb436cabeb1004a91
ce24a2acf2ea8af82d8c64c882ca23384a9820182a2e49858d8341120bca7922
2329cbacac9001131cc4224aa93d8198a293a8a93cb95b8e95320d330eadefaf
df4d4ed628450e0754266c54a2fe4023abaa0a9819bc21bb1a1230492e26a316
758c54d2c656402dcd67fae88a8537ec1899914dc6c9651af8fa2388588bc22d
44a74fad4c77daa40a76c7c0eaa8a4fcc46decfd4c2a78787879797978792225
a882a2303d2c8fa625a45d06f6adc20ce5e4f4e0aca6c8d88f5e4c045ca44408
105915bbdb8e2d6744a8456fca2554d6a2efc2a4e542219699a8128c9aa3a284
91a9c44229c4b7212e9b362c645cee90ca1063434b51602a1119408ac183929a
7978797878a31d2d93454922ac4334210aa8cb1206b131cb495a929ae0c0aa99
a83353408bb805990bad113c79939db813b1c91048a288e111d19b0395797978
f1808cd99e23b9bbb92c36f254fd654d2f8ded07d44ec8f0d78e25f4ee29acb8
21bebec6c56a1822bb2a5aa8a282b10b643b913498980b8099c6dc91c8b2e52d
b5ecabbea1b8c11eecb4ca5c1944b1b6a23da10aa1132d2c3500cd4c6e405a08
4293c8137878797879787879b3b94aaa26412846c5d45d57ee131b5262b4894e
54a4add291d41e2565449d830df39aa16c13b079a2c824653b9b9b9a013b3a24
12aa1101bc4aa0aa9ce9ab34c0c9d29a081399e25c44774c0a6eca225442acc6
802cabd0593e50d572d5e250dc2e6d55eaa4590982142481501aa480c069a9aa
aea5a53edd6a6c517a151e19c62d9a9c23507b90911249b02206ab39bb9aa299
bbb4983abc693322083a6d7878797879797878aee26d005d5fa08d2054e0a286
235d8488461390a0ba44acc8d5c4c2c8cf2dad25e2fec68aa46879a8b31400a5
20aef87262746ea8c55db119060b0231532c21c899a9932e4c9d9858b13054de
5c8a885d2c8f44a65aaed3e2a29420baaa283288498c95b49823208a2f68d57c
63925519a51105421251286d44c6457e2724278f8f460272642a2e0f268f2244
f8793acbacb3925994998a110aa83d092ce87978787978797978244915e09a15
1ca46e408c08a6a8c64caae7c52de26c0c5800ed6dc6200f2d42ccc44a6564a4
c31494c455b412b21aaae0c80c044a219636aca1c3510303281412033a8093ac
9afb56ad6b114d8d565d36842291b4d5e821d435cbeca91663143b61ef84899e
785e207cc0de42cce25a26245e20aa47ecc92d892911a213ca1b4cb9820d96db
000000000000000079ac2444249a2baa11349a381191260a9178797878797978
0000000000000000000000000000000000000000000000000000000000000000
f53cf11b3ef0aa904c201e5d3888b5122462af5c2ae4f2c2d8cea57a0e6024a4
1995361241092c82141a25d9915993d50b43983a43c93154c3211e991c98a302
a20a8c0eea25a658dad7c5f54d060ac0213c910bbada2e52d223aa2a14c111a9
7a678f27ccae27a5868d0d802a75ff688acfe24ace004765c2f46dfc708c6826
4c4a2cc51a381a78277a548ad0e0d75a2ef0acc40446a40d7878787979797878
a54242c52d0a0d2ade2c65eafeac48776d274daa2c268d9baac208e1391c0108
3d2e323c6e106e70d534d5e8b3a3c6e53c32d66d9265ccd24ae2e60d7ec046c2
42a8554c5a84aee132934c56380562305d92b92421a224420385932118da490a
78787878787879e46a625ec228c244d2dec6c5a8c0ed75c0542c4eecc0fdc58d
c199cb122a49a9a843c6b2dbb18d7929d411b332a924ca2acc3026813aac3978
e56ec0a5c9c24d10e0c239d696eec766d8526ad8a5624ad0a26a0ea20a5f94c5
0465576aca4dd4282a22a45a62cd2a2044a6cb230cac23daf832d241cb22cf4a
e918292025c301e0c4aca30a959dc0c40c1504621b13ccd41e105d93b11a6ce6
246e2dca408a7979797879787879a4619aa44158c9acd11cdb210111239cc9d1
ac68f65a28d622daaca2aec47680d85c7428c8dd0d78a248282275824550fded
5a0dceddafce19551bc956acca9595a66cc52aa996d544e0d844c74f7ead4ad2
2219244a15a33d311b3e3dc8931511111cc1b8b3c222a4688add4d2c62e8d40c
e2285cea8fc413292307edcd60b464b5c0e3beebba2229a4382a51b996a9a0a5
dc4285d39b3d5498fc4c1c26c17878797978787878027828ef0e44cd8dd247af
a443a20b2449236b53b1c149422f6a7a46a0d552444c204f54fcda8c78b7a4b5
ddd53a1ae1a65a932629cbebad524a8ea00e4ae87865844a6c6cfd2ca4bc4518
6cfa6a09b912612f55d49974154891baed41b5d21bfd59d87c4cc557bfb8520e
d222e00a55dfae2dacac2c24b36154a4533096dd443c0b55b13d8c539726e226
6f426879940a5b12289388a229ad320ac341d49e78787878787879788cdae64d
43d9c402f2e86e54222c6dacc57472eea7d5d8e27ac8a4404da644024524d8a0
0a99cac8aa286c40f4e50eca2c2625458ce46c4939c199b926963df94055aea1
13aa91dcc4ed46ccc546a4f4e07c6de48fa80e6a94d398abb020883341528332
787878992021a34031819e2841110b5b8ab28ae3ea119b4db01185c40898334c
93acdd55a3da61dcedb4787652c78cc08d42226a750aecdd8c4f6d7979787978
39b811ab534ba411a122219a113a8cd91435e2c42db4a18a22d59c95845145d3
e55268cf6a25aca4d65c4dca8225afaa6fa56a848a2574d2ecad49a2bca34e9a
c44bd2d2e21a999293c9a15c35e96f62e4de6bbae96ad54dd31bee5caa2c424c
9c2b78797878787979786e5be91373a842c72d7459ac9a53d2ceb9422ac91410
a165502d06075ea2e56ef0a7edc65e2c7279c13c2dacae1c31a44ba4d0222113
aadd49d5ac1e4669d5504b1cc613e69603ddab81803ab1b40a0eea24b9daa352
892e46ddcc93bc1d56ec94ac955755dae58c0aac8e67f584a8e55f48646825de
eae68a2ccf4c224fddec40f6a7eaf228a5a82b0c12c9bb101cec0924cb2b2d85
5ab9a2aaa897e624a67978797878787978b1a29009939a5c41c4a6bc29110939
13913b499cb0c1e0e28a04c99c02aa2b45c32c159219a3c178638d531848b5c3
425aaf2d5ed252ed1bbcea1508bbce83b92381681cbb9aa82343c3c75bc1be81
49c91094218d01c90c9e2312b295c8b0d32a2811c0283c3a8aa0ddd8ccff5268
82ccd05efeffa7c44ac45c5c2c2af424ecc48527cd56407e420321a6abb09ab1
89c1bc419541098bbbd9ae419aa9a95b78787979787978792acc0e454d42c6c2
c0ccb292129a8003bb3098828b16cba4522cc24fde28a7af42cc5cacd2ada479
84e2df0dfaf4caeaa6a886fa87d88eca2bda29912a29bc0065c22b8428314b9a
1aa210dd2c11122623d2b338b1ab99da8194e4c35e25621e1f6ad34999ccb1a7
5f4a399ae99d308f3c4d3406acc0a52f63da2ceaa21e17d46203daad7d1dab1a
14a98031110c78d28506ecc0e766ccf4cf0dd6c0c58a75787879787879797883
0b313cbbac9022b69991b8c91ba290b2221090ad48942acaab04b0998bbc98ed
a3fb632d23d85942a427ac3767edc4815d51215ee39c111ca3b49491312c29ea
dd55cca88208802c3353135164b99bca45342961944099a163151dab5b668ef5
7978787979798d6fccaa25ea2d82cf4e2226ed752662c8d4c440e4aa847f267e
73a2da64563554d5d39a5440257902caba2938881ea1b3b1c25ba2cbadc27878
5ccdb1248e62a0aaa5929cea434c9dd6eaafd544b0eaa09ddbb4436d665316d3
b3c12b5c6092a3999bdbae11a2555dc14ed47ed4d4da3d219a1959d1d4e7675f
819a8da03538dd4570561961bc0525ee4728642da0a0e250aa42a46ce4223b13
4aa4ba28b27878787978787878094a031c76ede142f5c617a1f2faf9d245e220
cb16fe9a3c95855a51116ccee34464524d95154d79b01411112248b226a84082
4cc4c4a58a8a0aacdc5fca20c2d2ca772a50ccfe2b29bcd25a15c99d4b83edc5
1a31c8c8909923d1089c31bbc9a1baa3226039514a7df45ec20a4deaad22ff2c
bb223c3dc2743506f8cadc5b5a2565c953c448c1a0c41542ab0c4019c9ec99b9
1a02392322c122930b91a122787879797878787834d564e6cddc81b157d12444
820c3aa82984c8da1bbe589ac830a4211a2a8a2acc9b14b26d382b79a0b36a93
249dc0c3109b99aa640ab4cd55c7857a58aaf6e4645fa5a2427cac821b158311
1bdd18414aa1bc083bac9831dece7dd9ded09b62ca91eb4a34d12d3b431929b9
b433240628d0d923399116446848a4fe6ad224afcfaea6422fdcac28c1de8a12
05e479ccc1a22ba9e03b99911ab4d1c294b51b79787978797879792c28c329a3
cadc482214c1500d3329baaa32a91331ce424ec42aa42206c628542d245e4278
8829f65c97d8b5c965bac267549e4b62eeadca92098821c808cc900244ebc81a
23a6d82580682acac0657eaaa0708ea25aa80098db33b3c1c8943aa9e922cb41
7978ad320110521cc1b3104521ce19051bacc6a15d459bec2bda3140e2ca552a
4b3a2249a0f9ca3a1578b6ecea54ee14bcb9dde162663236db1d797878797879
ce5c5256a4527e6f4849c45e2ea3dbbe96205515596ebb6e2ca559b95a02a001
dd02a42a921c398d18ab42dc63c21b18ac9b01a9b01989298965844f724ed2a2
435a13161c2493a2c55558d282f44040806a68ad5646ac5a220d4b1a53e3d9a4
aa78797879797878793d6aa14817a5f995dbc34445b062c6d312149940a83342
58aac7a4aa028cf45afc58dcda6e8aca786e5fcf883bdc59c423a6159d01c423
1bb2a2109d3a3a532a39cb9ae943bba8fa44a2d2a22d254e82c25faaef4c02ae
35ae8028ab93bab2ab1b26ccac14b5a3fb519a255939a2992b9b2352e4925399
96d28a521221901d418b1d41135a2dba2bab11bccd028443b0acce11c040a114
a0f22cea7a0a25227879797979797878244c6ce220dcc626dc2ca424440f045a
a58a52c4fe848dad0fdd62224ada4a20af06f4840c402478658e66ec7a8065ea
1a13c8b2dc043423089113281e903d483c119ba1a1299cecedf505a06acca5d2
6104ca42bd12c9ba0893e116b03125198cb8a1a04cad825200a18a61b2a99da0
2692e1024a59eb6a8ca4aa00c9660322c10aa2a4431b2e921ac34aa889b49144
f45e43945c030ef6f9fc54bcf1e364787979797979787819a38657ce4ae13617
80eaadc5eecf200d6aa8d754af2db2cc992990cd59e163de6c7801a291ae7823
349fd0a08b34c6c9de53516654c1c38ab0cdb9e3d0b0b9bc23ac2289349a6a28
1cd1245d9a626be9a5055c07e8a1d5886ca2c402eadaa2675fd5e852202d86db
acc2642c282a4a04ea54626d0fddbda1b09323c2541c9890a506041a232024dc
ce5328085479aa1b99eb119143b488b0c421be0deb3a7879787878797878aea4
643dc7415ea2dacea667e25efe76560a70cd6c582a122b3c94921a329b9a3ad5
248484665db202be592511082692152d0b1a32138c6dc59c05fb4e42ea1dda62
4ce2a52ca833333e0cabec9a85ca8110093a4d4b8d842020845d4c8c22046c7c
787978787983b12c09162a10ad9a28c0d939b23111c20d0d7c4fd24a54c500c8
4c1d9c9ad05cba153cb10a1478c7cd552f64a8d5df445a765a042c5a20797879
9caa624294c1412112b4aac869099220bbda18a249c4caeb23cb311d9e34a913
14de19ad20a94deb4038552815cff2ecdb7219c36bc1c21d26c114d924aaa242
ea009329a5a44b9bbbd12244caa0996b1ba3041892d12b2bb48bc09e43eb9fd9
8add450f7979797878797978aac49b922b2189131da9aab24e3e1232c539811a
c42124a383caaa983bcbdaa12ba26c9c2d42bc78addf5fa6c56267c5628dad7a
ce002a649ec92a1109a1b301b0c920643c28d1a48cd912abebaa90298650382b
0cb4c05f20cda4860f4fe2cc44aa0fc0d427d257d6e4777daa8c7e48aa2cae22
9989bd23bbca9ac391b1c944298896318a13048c18acc9288cadcc913963452b
995cc596a0526b11e6966479797978787979795d9aad9884b46950a0a024b930
a46602e6a7ad64a70c469b918292a350049033608309aa8c24b0781f7dee1b56
a6d2ca0dd26d0c4f22aa36e2b951d24cbb165e6d61e715952e9bfac08ea5da6e
95b5d129aa12c111a895be0114dbd14332c2c32198c48c9ac21c80d686ac4aea
cdc9d564c6a3df727e7c60de6f55e842fb6388ddca24293f8c36462c46b19119
6a790bc52a132aab920daa85123e5113608878787979787878791936ae6cac9b
c66da159c986de4f0b15d5d2c5da45df270728a130a290b0893218809a8360a5
1cd61b2b36295e4111e2e9c59def205e3d9819e48f2445c3bb9ce9991942069c
1ba8d2570a648d85afcd22ee4f446e2c2af9bb562009bddcd6a1d4e34bbd055a
7928244ac42ca38c18aa980094128e54a251133ccce11101399aa1c49a9a89aa
0000000000000000782692541e30b1412b3a33ea5e15dd32eb79797878787878
0000000000000000000000000000000000000000000000000000000000000000
20843abc1d100ac9c262313baa2a33408ac23a491cc6c1d00232a0d929b44422
af8dec2720f4f6d8df5dea5a404c8a2a8d80c4642ac828d7efc8fea8d4de0faa
288eaaa72a44087042ccd0ce82ccfdd62dab2499316d5331ae212c3abca12b92
45edb633a39ec5a6619e19b5fe1865dc9ca4c89231dab32a30c83012b9ea3481
a46b03456a5dba78d1a090ed0d9a1ece2be1b152434cd1617879787978787979
91983292c18fbbe2a39a81bd29111aea29a31121aa01b1ea17585d1d20805ee1
2bca91e6f53513ce88da225a6e5508557ea2ce7cd0e42aac511cd2a941191a0c
83ec4e5e3015b5d01249411010821bbad1339e1ab990a06cbb41ce4eee4654d8
787978787979781269c761a29d96c7a292594a3a41b39efd96519622b422c665
5a342e26695294dca4dd1e19ea0178a26058a2a4d2a0da04f282f6a5ac5d2e78
a4a622e872cadc8e85ce2d6020fed9bb519d392d941929291118c02bce021ce5
426f8fce24c2ca4aadf250ccc47a5ec9d00d9bae812031b1a8443a1392015204
a290994b9a445630990033cd4312c5cf0d528cd0a28e26d6e607dd2767ea55f4
c2582f6f44cc7879787879787978472de25da8ce8d5ca54c528f68e4aa4e5390
b6ab71c383dad4c5e66e25280ad8d5eacdcf4ada26788a45dc02a26604ccc857
9c014093327267e8d0ee027a455e25e0ddea42a2a28cb4659571e26b5a8645df
a72da6adc64224048dde466cdde2aa5d8a6aafe7a639b91441c19d4109c11e10
6eef54d963b3899925b5522181cb5638289ac248aaeccaaac26807a0ecfcec6a
2136211119d0ca9b33cb93a12978797878797878786e133a1d68df94e4961a52
a3c53a2d82a1191ab6b31ab4942aba2ad09a9d4e22aacac3298421c9799a99b0
b01180ba3ae1a18023248a9b8dbdfa9e1dcc2e426d41acf5999b25de1cb42c22
e5af648ddbd2ccc64955530231e97fe46d18483eda1919ce9e9c46cdc8d3b4b9
fe074ff85ec02dd04628ead49c1a903ac5cb880b106a2c39a39a9198f4e17bcc
914bb478189468d4a2f86924550077616fe6cf257879787879787979845252a4
6605e5cb492ae2d541f05b2998eaf6626dec44022ae18ab902149981ab2bc3bb
ba14204812014112402bce8141d1d3118aa09a2aa64a677e4adc85e6c422c054
9545cc422133a34394a411d15130e93b01a6dcedb9cbcc8a8a59524b81b2233a
787879993b3c117c191aa309a002134514a9b042a89a34bd9395135cebcb093b
c5b322982b8eb9cc523278ecbac4dce1edc1b0c521d9a510534ca67979797979
f06af7d6f6a8ac725252352a032411c8e2d15da14f6de85d6151a181db908bb0
d5a60e55f572ca66a65cc9ec6b2c64b144536f6832ede2485921e556de82526c
6f2c5cbada4a46b2d3312efecd3e3654fd9242854ad64724b63642a046262c82
24227878787878787879c4ca762aa04e2deded2a084ca2cad778990d41a62299
db4ad4d6ce66cce5f6c54cc62c6aa264c47865667adab7e9c85987b58603eece
d095dee596da3b653045d154d11e6188bbd2141e3020aa82c9e9c32b04c0bbb8
52134411a28c301c1a54a56c0beca5493a26e28f244a6acfeccd57d60cdd8dc2
c84f4ca640d442efcc56ea4aa4eae7df0f7a24654a52a22ccac2d227ac4a44ec
61843a8b995b2356b1787878797878797862e6e6ce5aeed2c66042e7c45d2da8
a02aa555294a82914411dbe2e55cd04e44ebd46ba52624e379981bd18914b41c
cdd5a57a04276ae69e4ca243bdad93ccac4a0396c3431b18ce8a951093d6a49b
b4e322d49e2684040ab9949091c9391b80b1135a81169b322a5e8ec2e6452aa6
51aa02a812012723ceaf22a806e25d4c755da5c220ae52c8edbeb2e6fbba4eb1
2cb594a2c631a2443aa39a80498839067878787978797978c239fae951e4bbc9
07eaada4cd26fc26ad6c4eae8448ea6c5c2da0cf520e486a2aaa22a8a0440479
5406c7426a626c2d542f66c57d0ad272c86caf8cd4edf447cec5ac2c58dadc0c
59cfb132254dc85a32d4dec43b36c1dc44757a8aaef458ca02572840da2858e4
1ccbc310b532c679ace1e15d72cce3e02d5c27aa2e7a75a22d26a64a4e7eca82
3c9c3cb981a878cd6f3ec6bed48249cd1140410295aca17878787878787878d5
a422ef28f4e5d8a455b0b2dcd54915ac914e52b334531a281bb0483d952c0936
a9e282a99e6922a0598ab009d181b003c86b928ba19420245506e48a5a76d740
7aac25e54d76941a905d1829db9d99833c2e922888a85911c8c011caa29c4811
7979797878792cd054cffacc547fda87ca7c402f7e4088c2fc2d465ae8d07045
334b619419c8e421cb893459a27910264112db93528c882a239c8133d1ea7878
df84a44c8d5e52220d4c05eae8dadad4a0fc5a2ae075e6dc5744d72cda388939
a231e0417e92e55e290ba165e18fcaaf2c48052d40a685604268eea5cf2d8eae
932cd21ad9f8e4546991d564cc5e5dec3b49e0555b3f591398ae76721bc268c4
9940002dde787878787878787952c7df522ec46f26eee2a27a0ddd548c25b19e
866aab4357efc294461d12e0225e558c839ead4b78673b5f3ed48f94ddfc1945
24f144e53d9734e1d6629995a1cea540c62ce81131bdaa65415cec1f97185947
b43af2c28dd6edea7c5458a6dc52f5a04a4a44e2a48814bddc539b33251da4ca
9d4b06b4b339b4311958d9bb423301cbe5a192ab55056179538241868c3e0441
c2492b06b68536dc82a1bfc9797978787878787801432c1b492d9833d218a449
d356279ebc95e911195523ce1cbdd6dd54e9d64933e61de554c6eb78a366a225
292b29cfc4a6d0314cae3458c42648ecf020da4ad4af2c0254fc47692d12a4a4
4c445aaeb1e5e55c0365c4b2c30a48b1a99219438b546d4ae0ca1da9b086a8d3
206204604458dad868af772a05991136162a54991d05190c311b4aeaed7cf5ea
0a807863ec7ea5cb3d0a6acc1d9ab5d52d2c6b78797879787878780aed2f662c
6d952192865904c09228b9d03329d9ad31bb5aac4aa64adc70a47d225cae2424
011a72acd6224002240e45aead4eef2d224799141a093198a9bb41c41d2da491
8a42a29b6289b4b4b2bc90c03b1c993aaa593aaea9da049a4534a19a9294d919
79784102310343a2223523b2283013dae322319119810db5adc1f191210d61c1
2c0a4aec77c8d2d04578a702270c5545722cd6ae6da8250cc02c797979797879
2cdf22ee07e562724d1e9293838a2ac23b31d21d9ba489a222ec5c8c7c2cd2a0
5ac2e266df57a62524259c362605d666cd24db12120e90eb698c886826e8ac82
4a32399e93dcc9998942a8ca5ca440f854427c2084a4cdd555c4fa262a602c48
6d7879787878787978a4cd9db151c144c81cda44d84dac6834220c5c28581acc
923a92325da17e13021b10832a36a39278ed2d828dc5c50f744ccc2dfac8ad88
492b222c4038a2c1912aba3a129bf1320a8a4a1dda89111b0e2c821cae418d98
8b11c136842898d124aac3cac213a51c4ce90a9c82bce192118b291402911ea1
ec95cbff16669ad520e8936103dc4d23e2bac4639aad40e5c664693ec91661a4
91e8c6a538d24bd47878787979797979675a0455cdc8c646808655a45c764acd
512cca803b28bb5d4cc557aeef8da55aca6722d55f44ea79a99b54932ce43c30
aaea2c6aea22a2a99c894aa64babca91b11a914ada203dd842aca39ab2e58b92
e551bbc4c2912918e92b21d12a115c2a8a819a44a2ab9caa2d6aaf5c424c2a05
2319a31d44084ae25cd4522dda4024fac75a58a2da4a6502bcd511c3a24a4b21
0af2645f06a8ea66a756c64ec5c2ca7978797978797978a9da4894e18132c423
4c5543131536ea1211b15ceeafd32c05ef2e427cece2e47eac4a45480a57788e
aa6014f553108015973001a14cd395e2cc5037a7323b3e04de1a626284c1c5d4
cdad04cfdeca2242cdde5d75accdbe40f4594a24dcaeebcbeea2a2be9d942dca
cc5a6c5e5ae58cc46d5cc2ccc4caa31398b449cd1b98c4aa6b3a9d0a1e98dc02
49a6ccac0078da62ca40ad6588525a642c685002c75a78797878787878784da7
a22a08b51bd4995352031b247caab1b8092ac6db35440bc9da4b89492a8a1c18
3c022cc314d6f4a422da46e755fc40d26d070e0c243d49680c209ba593590422
bfb47aae5b325b1019b910a122a4c4a99ea3211b1b3d7085244042b0b8939428
797879797981a62832491159c0a2cb2221bc141c246bd939934dec48699dd10e
de25fc6d4227a52282eae6547939b60a548413a903a08a0ab2d2c2ca0b797879
c830b0a8295ea19c41998ab52982b3b38182cda9aca289043633055bd8a0c0a2
0fa0e2a2ec0fa2dd46c246e00e4feee202d470a6aaaa64da87a547660821d420
e665cde6dd19cd47201cb7ae201b091c22c052a1a21ba39c31a9e1c48404ac64
c4da0a147878797878797978e9b9c7dca96348ad81f853bb5b25ceef31fd3b6e
efaa805d6deee02cec24a43a7e13e53655ae817940aaba6c04babab188092119
211222f69278c4cc925ada92e4e9464bbdbd166aae78565044a644825c0c265a
0eeac0cf455e606545884746cd7cde6f0d04dcdb0e09343892a4a9a1c81c299a
88828d342613949411328401a9891515c0aa19a622848244582de47a42a25fca
3b981aa208411a9b39048d78797878797878785cae5efa42554e5c266ccd8eda
1a51a328094d1a33ea8a9545659a91e3649e9156dc9dea7018c5795c01c221de
0a34abc88a0bb4a9b94184c8f87ea50c4f544dd0c7ec4aceadaa1b84c88a13cb
06491cc39855aacd83e96bd53493f9d41a6d59cc66592a555ecfa63f1240112b
118a9422123ab8b9a841a2ccc2dc2fd8aacd4a7e2caa0ecca540b5b2053c8be0
02789d59c45c9557b8e162219502be319b6879787878797879784c10181a9ded
5834de915553b54aae7a6956188cc41914222c45e84ceacc24a862eccadc7422
aa14aa259eb8c28cc130cc29343a1226aec8da8a255e4022e2d58ca744ed2c65
e832eabe216562dc5e95d69fefc4c8b3ff222eddda42ad257582ef2acf4a5424
78b828d1b404ab91d02e3430929129b56124ca0cdd9b120ea2121b0b14c40959
0000000000000000793b4bc1a1b21092210a223692a5a3490b79797878797878
0000000000000000000000000000000000000000000000000000000000000000
c065a6f8f26aee55efaac2f052dc80ad12e599021399d333c34d21d3242bb323
846f2cdf8280ea6400c4aadf204544005840ec9a822cb4595a411c2b3042bcaa
85b81245e45c152c9dd1ccd3e92b4c0f662d420be14ca2844229ae09c6aec2ae
1b512c376d352c6186bf990b41aec5012e2460626af5a0adceeca05d4262c066
32aa061193682378e0e20c42ce5ac28c547d7728772ed4567878787878797879
3324b3ee694d31bc1c445ba04d9398b9c24a81b231151ea215a94989d04854a8
8a9ba8c921a9996225c4547c4fda458222064ac76540251d9a2eae774a6491ab
8e84d2d22425a0625baa1c2934ba3c0292b9b21921ab0d1312351314ba2c1683
787979787879799cb9d490a51ac4a4be194a211acacb9bd725d52f07e66d2e7d
aa04ad0d0fc224c2ac48faafa5a578c4e4f3eeb395ed64b469c6e65bb6e66179
8c87ea2fd2ded68052cfd08c7a2dc50bb5318cc2aa9950b8e291c92ea0c168e8
c82e244c2de5256a4c6a746ce422e9c3893d09a33391943aa93d100194a40aaf
37ec156640ea72ee954d494ec04b5865528dcdaa2ed760a72485eadf5cecf77e
d02cddc86afd78787878797879788d2a20c62a8e8f6ae2c6a4a0c2277ae62c4a
54c9b1b8305809644d33c2d8a269bad41092b7e5a5782a7a04f040688e87ce2d
80da49211d8b3db6b64152ce9a6869fa93515aed26c53208c05a3515a10d36b1
8ca278455dceda25f87eec0524228af72ecc2207e404591a6130295ac4bb5032
5ad0833335361d5aed3e3095e229358d6e2c396f6dca2ca6da28a8c628dcc268
21aca251051bac9cc112c96a2a78787878797879780d25b4eaeb548438f34320
7525faa2ce754642edf0c8afc20839bc394db6b23a2bc2242c98db497921411b
d52412dbd636c5eb8ea145e6aff2d4fd88622208dcd6a25ef506acd6ee054fae
67a69ac9565b48fd501eda3d513ead4ab228bb19a351a301a41492a0bc898321
7286c4cac4ccdd4d24de2dca02d05accca640cdd7a5a6f22252c7755cc16dcee
255d3678ed07593c4032298e2a3e765543d449837878787978787879eec87424
92c8bd189218d92c13451d1b80cb63ccb9a8cad504446d5bda16016a0fb5cb20
618232253dadc235b434d525d94cc2e459b1ba3db14e45c9595ded55de40e056
9bd9906ca68576454aa4c2c05ece24d45c2d4e823b2a4199bc2421b4202c1251
7879783569e6ab4e55e40c2dc502ab1cfca42d412dcba241143103995babee18
0fc5c4e0c04ca0a5422778924d96e52ce6bd4b1bd2dd13bed56d3c7879787978
c20284a2da842afd7ea021a139ba04ddd369391981991342ad0b560755a0c04a
0acfd48e76ac5a4c0a040202a866a52454c206daddeff852ade445acc62d4506
d48b61661e1a2d9eea42d5ddff4e395d9a96451d6d5da64b3e16050a05dac448
6da578787878787879786e589ea3e5a123fd1b21755f1dfd27c2cb120d9053a1
2ae085228ef4dc0e4e506dd64e78f26dc779b2dd3abb150110c12a92a8e8b991
0dc21422190410494db2b223b682a39adbfac2cd645a08f2ef25d24a6a0ad725
993dc46d5ab3042489e7a6997f56ed141cdacafadee86057a7fac506aa50a6fe
24a2500a4e6d08e42c6d0dca6f2064d686824cd99b4131001843283c9f302992
d04aa840adf264a00579787978787978780a21b4b1839eaaca21493ae352a430
4d44252ae0647d254924ba822dacf41a4bde32ee946bc6ed788d0f046c5fda50
42014cc2a1ba91a22ac02de488e6a8720422e40ca5e2ca6cd4ad20872856c75c
5cd4202de8a06c74674628ef8c2f4de75a24d74ea2a62a8a01aa34232cb08e14
a202cea280a8da7511830c1c2b43101a2c913411d6a59d53ca4f2e24c2dead82
242a3c3a81d833e13cecb893c4c3c31578797878797878787eca264daa2ce0cc
9da964a2c22c99249e15d22a228350480b0e29430411a9902c12b95c920b9b79
d46da467645a6f6e0e00006d0ca8584481266bb97433880a622d425cb6fbaf20
699b4d4415ca948251a28b13b8939220f048466d0c644ca6e6ffa26fe28cca55
2552250eaea40ccf04dccd2a5d0ae7db44d3cf2159b92b375b58649ec38b5913
8429791311d679c94beb95069ac9c1aaa09b0aca423422787879787878797964
0cc44a46a8eede2442f20e4265aac5544d5c72fd740caacbe4a6107271ff2449
1b8bbb11228132a9ccb1593214b814a904c4a9c2d126d0c284d2d58f52d7fdf7
a7e86c88eaafa2c48805cf6c8aca880aa0448a046f74a3c1622488a000d95330
7879797878788aaa9aa98b0ba3a33a432e1142941b21d6a50c6e74a2fa22a26a
a9918939991da429de2019ba0a78ed26ea40622e08c654c4c52a72ea075c7978
edcedfa7c044025f4aaca55fa0399bc1abd2994a1951ba1d361028132842181c
5b74cf7f512369bca2341acdc1274c252a8a24c2a2aa70885da202cca04fd42a
da6a68a266aaea6228ccd26dfc26ee772d44e22edaf7c067a78c52d42a46945d
06228aa62478787878787879792a8a45f5ef4a24da284ca4c47c4e2cf2d7a856
5dce2d2225add4fe5222af7252ef405254d6fadf787d82a240a4554c64ea2f50
2205247811ea19b21ba08904b41243c924b4bc5b4c444a04aa2a720e22204cf2
c991910cae23ced555566aafb268d4cef30cd2c6dd5542ad28f25cc5c7c4a4c6
e888ec46fe27a8c4d6cf426cd2ecfa00a05dc252d1552bc19321ba903c682952
35c52dc26182ddc25fabc5d17878797878797878fef4aae7022d2c2a2ad425ec
e1c891a8943192083a43151d21b4ccbc832112c0baad5ed39a24ba7855d39e05
5bada26cd5b609ea5be642a9a02516aa91cca0990b481a423ace400a89ba9158
1a005028b24b1819843f9accdcc0923ce88ac004c44bd1412a242a65835924e7
94b998a02aa32a0c645c914c0c60d245c8fa24c6a8f22da6dc26c084a98389b9
65b679ba561392515142d3b34baa21009a3bb1797879797879797995a4a28d95
040b2a087e205ccceda445246204ad584cfe16a0276c1afccd861ea4d09cd66a
2ae0cfdd463de8669be025e0c1e6fae2366d65579256b67bc800216d50eb269a
19111288ada411bba10802802a1dd111ade32a0ce2288ad6a8cdc675df0ee72f
7878ca834b2e43e7db43cc556e41ec35cbe7d4c19c2f5c4bc7b8c59226f41fdf
ec46eeefea8c77a62d789178963fb5ec1c5c9c19c2453e42df47787879787878
3cd956a4799aea846d29c5048c13c7099333a0cab201192a01cefc6d4c6ef626
7448a2ce2f84d4caf83abeab4a99154d9ac9889b4bd0a9d8a9553e5ab4e34425
5dac5acac025c8725534a12e54665e53439141eee69f570a42428eacd08d4556
6c7878787879787978228a4efdad827066a04caa248acfc204ce2cd457254ca4
99c099a22b51295c01c299eb8b0193aa79b241018a8c0529a0cb211480e41a93
32b0ab32ba9bb421c99e931819ca4b83d0c1b2ac9b39c1119e8a2385b12d05ca
2c0c764ecc28d7576a6d7e4acaeec50594485bd590a1b18a4db1443e4018ca5c
1b124aa2909a8dc543583a4eeb8cc028ab11308a00d1119ab32bd263a0930aac
88ec250a6af45744797979787979797912145111a4a82b49b8389590b24b6091
fcadc8224522544a2c8ee085d5a4d3c9cdef1aed64e5037802a270c6064542aa
c4d3d91914282923230df8ca8942b2b94e649916413112c0faa75ef04ce5074d
c9132249b8331a5d57e267fe67825e58e25c24fc84205c45132290bad12a993e
aa65cce746fc4a411aa11c318a2c1aba091ca4bbad36a9138d9b9dc18a926224
12039335d43333138ca46b2a9252187879797879787878a4ade705664aacaed4
656c64d5a428c6f4d82a0e7722a86dc55f0da588fe68c4f4c88c4c6dca46790c
9a9966e2a02bc0cd152cc146d59a86808109444a0ba09a8215d2c24c4b016600
9812919ccb912acc219b1448918ba62f854ca8acdcc502c2c8ac2ce520ac468f
9d138a4d92088212e15a38222babae66aec26c2edcc4cc0a0dd48fce0d2c693c
d22189a8927876ec5c82a82c6cd6466285d25d25ad847978797878797878b41d
41ba3cd983bc13a06089185199cbba01dc29c405418e2a8a26d54bba140ca159
c92ca53a85b24249524943b6d11da4ce04c72acc05cc2e4818ace975add5097c
a56c2a4a220024a2814d2a6b1021010632091ba1a02928398c040193819e2883
7978787979b240c23851a8da2cab11148413962249d1858445e96ecad76ab7de
8670557ecedf54c2d5ddfaea78a467e6464f2c2644c1bd2353d57b6e25797879
6e52034d84551c4dbf052e9d2e6de47d760f2d78caead448f40642ecd22562a2
b1b5222ddc1d928eb3b9bfe1ee6f42c4ab9e5c92d8d446989ea3cebe98dcf1fe
934d54832999c4ab3198c35cac2a0a520526c2e7c40daafe8244cfcfd9954f69
3b6965d9787978787878787874ce0674fa286022058c27a8824a7c260d28b896
c6a2040431acb129454ecc225ceb41b34deab3789342b25d500eba8dd24bc3d8
4c33bc425ce55d82c6a77a52fa426dd228240c40dd9234695f76ca1e34ce60e8
80e278eace88d4dca8f0c70fcd0d2e8552fdac354c963153bfac532dd334ec45
5ba98a89d882a2a3990bc23c98619ac04d20d9de4027dde2fd6ec20aa04a847a
a5c513264b6376624c71da79797878787878788da49b0402888ca211493aeb89
a99a02ca0ac91c22289bf65d674a8524ad5df80257026c6e455578ed8691a944
e6812a1892c3ad9a821d93328a3b111d9cc983d4cde0258a154ba1981a82e25c
a1bb5939d058a0288c820fe53545e6fbd64dad10b911e61fe698834181b191ba
99959cb4a89b9102910901281dc3a248baa0e1992c331a1921344e1993002d94
8a782fa84470ee4c4dda758a48c5c252edda7979797879797978111340c746cb
9a4c5222cd26252057cfa02520a266a74ec39b1bd32b91c1b94c454309a69506
5203f15b6d0c2da9e7f25779705a927ece4a9b2c21492c9c6585d2159944a1bb
3232a9548bd8e31b321aa019853c1211a24df282442022daa0c8ac52a8ac268f
79c4fc057a6a7a44f55d28a6acdea2cc2c3adca8c111082a4c2be3140c8a55aa
00000000000000007887fedc44c2d6dde42627a7eee4eea4aa78797978787978
0000000000000000000000000000000000000000000000000000000000000000
442d755ca25ecc205a455c5c0802c0e4b512364d2a5e4de1616a8a99c97e692c
c4bcaaccc469deab1751ac19e45495c203b21329ab18a92a4624aab6113db399
46312931d925049011558cb9ab21532aaa9eb04b1ab8b2b0129303b859c233a2
c0131bc30a422a318905ab001c53e0b445cc2091a10c2ac68ac23934233c5ddc
2422198ca9a11c79a18109909aaabaa9b119c98da901523f7979797978797878
c49a91d224b91bbc39abd253034391448173018b1aa2adbe8a391989c22089af
2a00a8aeffaac8821cb039d9b9a22b820348c9ae8cb12233b8192b94a0a1b9a6
5cc7862a5c7a6e911cc91ab11a3ce9910a8aca03440292ae8e46ec20ee54a64c
787978797979792c881ce5c9909ca1911a20904141b4b050f52644ef4524aca7
2909828d973eb14cdde4d2cc6d9b78ca2ce57d505874dc428e52a4deff67fc79
c84a0129b28b40339609a4b03d9d1da3c2bc313298b209062419aaa13c23a515
28941a9bc0e4839135a9a13a42c4a22220507a228da62ca248cda5d8cd4a0ada
c042a2ff5a002dc88ad0acd0c2a2d3cc26a39d519547d35dc1da16c4a13db3c9
a63c0e314e297878787978797978ddd06709edcd691ee9955012abdf1461eca5
ac9825aa29d7d2a82c5688854855feea4aacd84dc5791cad992959918319a2bb
8c2bbd309291e960281b21f19b64901354b95b88d9b5eb0221321199402208a1
ccb012c5282c013a99a8a155a18391edbc34bbbdaceab110143158d929b2bc5b
c565c1be10d0cf64202ec7dc26d00f55aa6f2a545eacb8351ea59094dca10b81
bc0a9412339941869652a9983c7878797979787978abc5e55a2a4ededaa13c11
c00fcdd202a7ec7c657d8222a9c31e229240b9990425baba3a48db427912d019
223cd0914a289931ad8492e92da76742a68478666afcaa7ca7d4ca2aec0e5fe2
3059de3aced59caa09965ae0bdca2241c1d6b3aa392b812cb25b41a1ba5ca322
d395cac8693901c34b3ab99920ccaa2e2054c584fec67a8725a02a4d93a0df4d
b892847856d58af80a8e2f5dd74c5e4a7cd42c6d797878797978787940380984
14b1cd2be284918689d6bf1bc395486e273a6d93432a11d829421494e4a24835
6a5dd88b541b0931bcad441c122e18b059004c60ad9b38a02322019a65c22200
e054d5aa27eedccc4a42a442dacd6872840a5f6fcacee84ad06de2f2a42c0ea0
797879a219e339549c2d38a8152b2da3944a2040c24c5dc2afc4d25548084620
b5ea1e1d6b6e846f9d197843b264834318bc66433b5401a45d47a87978787879
42faaac2ee268d5aac67d5daa21ca32d190ac9819f9b922821c3fe5f2589aad5
bc51ba15bb5480a4bf76aacd8dced4c6edcc2a42c435e12b5cfd28f654ac42e4
daa499649a132bb1ae9c49213c0cd0af1a703ee3ddb61ea516e5220beb8c4496
31157879787878787978e491eac98605bbbe56ac2a4946a1e3a293a10b011943
e2c1e91510991ac12491205b904d85a2947886ba09e95534e35a43bbc25666bd
605a225840402f0ed4e42faa0aca6626a65add2e57c004784af760ca4cd5ad65
ae8dac82ec0ce500cf27ada2d60d204a043491482e56134109a9da0121d81311
94245a8fc524aacae45f8aa6ac540640201c3eba2b1443e380d4e285b4de31c7
19291a2113512128a37978787879787879b11e9143dca2905bb9a949999413cd
0000000000000000000000000000000000000000000000007942a49629453a93
0000000000000000000000000000000000000000000000000000000000000000
cd0ece64450c4668e50c22adecd6fcaa19bb4830bac92995aa313091233e9992
d022a6aad4c56dde64c5ca8c2aa5a2763aa50bb3c1dba8928e8a2a0639ba38b9
0d06afdd31f462d8894fb4dcbce9e65a13ba96d9c10934e3b01fce603dba615e
80a288c2e0562842afedcafe0c08a2256c4d06d2acf6aa8c66d8a6aa7fd7a542
99dc486bb299da79808bc81443c9091395e11d43334a511b7878787878797879
e58ae0d6f608f20b213a99912093ca20983115ac25cea899cbb34934cbcab292
9b0451212fc239134b578f4181231ce931b4aee6ee840207df4aa74cc502d820
48d09d201beb5122d04058ac042a452a4578ae56d8d2aa9393d144ab82db2423
78787978787979d5856e462c7f04264676aad8c2d5c660dead75c43cd96279d1
109c554dd2b28a5f4bd1adda5c0d788b8d1c58806aa991e4395eb5e474da6478
e5a720d4c200f68026feaa07cdafcca5574a85eeeaf62c4adc60c05d82a5b56e
b005a188d803d1c931a265242a0c4b8a9990141bd52a39ca1ac309b99e90a6c6
9162a222ac1a3b10222228399c82d2d5d22cfc60772ffda4dd6dadd4a74a3e1b
5a525aa2d4277879787979787878136deed42e52965ee051da01028a3605b321
8213a4b99e2682132010d49949999aaa1932cdc99c7842d4faaae4a4cf2c8e82
ea59c2deb41cad92ad21b003a21b52a9bad9cc3e15a458a14b1aa918268dcc80
d4758dd2a48442fd46eafaa48f52e2dd0ce286ac679de92b5225d6c539f9a998
e91ad4cb21130211b01daaa2d13a6152aaa0a98d24d88aeca2424c5a4d7ddd4e
c6dcb3166057235e6b898ae06679797878787979794cdc1c52ca3d9a39b225e0
8991cb11a199519996aad92dfa4c27545aa55d64e67aa5ecec7f7d6c781dec62
9c5e47095118dd55d9abde36d6ee1fb0305046393cccfe154aeda91cc805c0c8
c2400f67c22a84477c4ad84288bbd01a4ead9a0d95323d14300230d86fe2d203
4ce6901b3a45f11c5e7ee57416474bd82855cb618d1c5b6ca35ebbb9c4e868a2
a5e8ea7822d4288dd8dfda8cd4a4aea6cece28887878787978787978d9e95ca6
899c4c5e5dd8f622f785dfdc8022a76aa42d5c4722eaf0c274dd55a5afcf580c
21c49fa070c854f2040a6ea7dfa82d58a828ea1923919b8115cb29caaaaae4ba
27c54cac5ba029d4dc3a94611953103cad6045492416bc1ed1dd9419d525adc4
797878edc9df5fe55de3b9ee51e596c61de2fc5ca4aa2a67caa265dcef864a24
460ecc705ed785452a8c7805768440527d8ca0428dcdcd4c8588687878797878
a28ab824311bc988a989293a3bc1b8d10acbeb41b20b21b2081dac5cc2cd248e
2e4a5c4a6442c802a02647ff78680eaf6ca0e4cd75dd420c57e0e35a11d03a49
aba812b2bb22da9922142da7e5c505ea82c4fac22aca255f5cc0ca6c4f84a28c
21267879787878797978d33208baf5dac48c1b50b1000c446ef20118136abac1
5a531452a942d0831a2498da3893ecc2aa792901bba929a031bdca3c49192c31
859a76644468badb5a2d5945ad743c93eba5b22f1ab33ab4374998c042e99bb9
b1393992a8b94499a46ac4143395050135ad2bebcea1c4a11acc7cea5d1864ba
18111e135982a8a2919911c1ca8838a4295ac335ac3891b22bb6d1a19abc1141
015912a8275d1f140579797979787878793a9d0911eadb011231b1e2d149c123
00000000000000000000000000000000000000000000000078daaae546a21ae1
0000000000000000000000000000000000000000000000000000000000000000
7c5e242ef2e240a864dcd6d7a52ac2a44224762af55d2d84a642d0c555a4752c
3003b102c2c198c17482d52d01441b12bd5154c14a3e1ea7cf3bf5ff9a9686c7
408fd5fc7cd4ed846d2a686882ed285c74de05df55cd52af675e44da5d5d2cda
ac113281c1942a41d193416908902d99511cc4e547ea6365ca60caea66347490
f5fc4a52542445790339110249b1994e3a021392915a29287978787879787878
35acb36320a32bd55e95cccd2c1a56a928834a3a9accad25ae6622f22de4c5ee
295d57ae16ba522df0c656dc427d266a58a6224d22dea2d93cc91ab4da202855
24c811db3ab5c98e955d211965ba76c0edaaddbb22ef2466a122c1b8d3c1e512
7978787878787871ec944fc4340566a4d2bbbdec65a655e3b913c010318b1c91
8b09399a9ba4e05aa4a82982a2a579109ca03b53893e8102aadb58d4309a4a78
655ea024822a5fd4d46a4a2ed4204e242ca22ca2af7f462cc586022a76f0a03d
58d6a21909a11d890c8c98c12c2cced2ea582dfa8e2f8dc88d4a7a588e2e8f78
dc8f584e76f08422de4ca4f852c646129a48191931c1a809e321311b084dcca0
5f668f425da278787979787878790532cc455a3e9ee3bcd5192ecc06ab9644a2
54dada40ad92120cb0410692b9a4ac493009e0488278d22260dad207a0d2d6ae
a5be9154da01819351b0b8a859acc9901806ab341c7888a28cf4ccdc202c6aa8
22cd9b1d19c54fe6a8d42aaddf5da204aa6267cc222ae1123a46d9c0045946bb
4d546888c92466ee2ae2255245ed58ec540a84c76c6c4062a9481b9a59263233
105a29ad611e8802191b3402217978797878797879b981921a142813c31b34cd
edcc87d06aaf6d20a882702cd5d1ada18ecee63bda5ea41b579de68079c1a9c1
92304b309843b8c302390402633c110911b9baa9c34c1a9bb0a33ca2880de5f2
3bad09b33c9c8a5c8222991aa846ca3311dca1a15d9a03dc949b8a561023c886
2a252d722ac6d7c46545c605412b02b02998b49bc9da83fc99110503b5b6ccaa
2a852679a1699bcac3309501451a80ab90a2b8117879797979797878acd6d2a5
144d3e41bca591b04a1a118db1414a19a5c362d8eaf2c0445a4752aadd4ea5ed
f9746e2108a4c5933981260ba8319a4b1cb91ac39bf46e8302fd535ac1acc185
140c19a92022226a822cb4921b18a3234280bcc219607191a39e1ba2b42da613
787978d4220ea207fad852d256a85cca0c48f2cd10e49355c805d9bac9bbdaa9
2bda28ca53aa194c194579022a185090e3c4419295e495409150007879797879
5554aa5a58c68f5c4ae2e329201bb1a34b202d34b9199a912b41cafa52539aca
d256ef8c2a46aaadcd6622dd52d4f4cc8a427f80aac46aacec6ee27d26caacfa
c5daa5f9b12ef24613b85a8407d004e2cad2a46acd2cac58c2f64acda4208c56
d2637978787878787979cc24229b51a32a3b93c591d0421692134c58ae5929c8
4052c16a71b2999211a920241c199a282979502203494a9b4bd69399a0432b14
091cb49942b3eabb9988b9403a83c211a9020fa5ead20faec5225eacc4de528e
6a013a32d1da4a0190ad931901a40a20269c9999935a00c5b64292a98d21aa88
101dd34e8cccac103dc46846119fb54364af4aa6aacdeaa4d862224d72d64270
84521b92633acc939e7978787979797879b3b0e8a4122c1193cbacd998a9454a
f064941352146962816b4c978cf2cdf65d2c5b2a2663dcda79a1012b9a25a38a
1b112ca90ba95b686dc930c5c1c09d0ccde6b513c1d396e0c6ea91cb2fd3edb1
a59db91dba3328933383aaa1b61031a2aac3123ab0a591181b2a239302981a21
586a2b442b2911980a62eeaa8dde5acc7ac64a2464caa2459da439b0b25aa1e4
15e16d59c561518eb65e833373a36be8797879797978787881ba443a91039a49
7441b4c43b4a8a452cc46123958011a99cb2b800a13acc4a4d6c82d32a120278
1ec8ad3dc9a84ee3e59dcc84982deb320911cb292974991918da5210d21b89dc
48654fbe474d4aed4f7dca4e36f44d402b0a994b1320ab914e1920b3482a244a
9ba53683d181445a91b94ac3b411a925441cb289349d1b63991b234c2123906c
629cadeee1537854205c280cf24d2e576762605a55a06f79797879787979792a
43532d936e65da88ae2c8abb3514c410a23b1c0ac2105f6a784a2bbc12e5be5d
58aaf5d4ddf019049c4929a90bb1aa239a64ab8c449aee86c40f8c3bf33c9642
28d12b71a4b42c6cea20d68d844d240252e2e8f2e65568c6507c0c4dee56ceec
787879787978c5c99121baca94b9ac1c03343e8a16b16d6f12d6664ce5dccb45
44591a1acd160116eabddc543a780c64cc54e52af6aec4445724a64d48677978
69b4b9e645bc562ddd0023bbc93b2141bc1c152b156a16e64d86cea40e54d662
ccdaa222d2d0c5d56260aef05789aaaad3a0322ad6d3117310e63a1969c51adf
4e247584e82604505e224742a0ac49a19994243193ec9240c02981c309a0aca2
8a9368990978787978787878788d2c4242cdd84c75d22544225caaac48872524
ca4241ed8e595395ae225b63eac6c194fa449cb57999b5a9099ab591314118a9
6f526b4ea1026d43aa8c9a2322899023950298349596b9e620995fb6c717d184
7e35034261a00a11af056c5da4ada289ea390dc96bd994d5ed7a47d14dbdf0ce
162992921f34344eb9edde620dbb6e19d9cacee634baa2f25b128593d226eee4
2fc7af5522a756c26e0c86de7978787878797878c1892a29a91392402c29291b
2bbb4e924ab202108a2a11b890334a122029a3d9b430aa69d158cd78c52a8c42
181d20bac8f56ed44d7336aea00ab13d5399c34c2298c49a80221c3191b0c49d
848e648074d6c42852575c92984941ce22a54d290910c12be23c11360cc6c2bd
da994e933763b1c1a096361483332209902b3c12949abba920cae2a7ae2a6c84
2d4e7905291b9c2020ca484532c3139509ea3978797879787979794349d1121d
eae7b9a450c32b199b9530491d3a55bc09968b7966cce23cd9d6c121028c5b88
5122c0cc8c024e57a2e88425a6c244cc85dccd2447e0feda2e7d062588c2a468
28e289d999a4aa388640132d419b40e23382cbc28e4984112bd29136189a480b
79784cc24eee04a66f6deada64a4ec4a8d46f42f54e50064e846ea4dae2ee22c
36c19dec2e151935a3799b48428a96181a1b2cb6b4584c9c8101787879797878
38039a4b296b4a1c18c95d09d2494dae031918dd1fb4956403c11b09ce7553ac
ac2cdcc3457ae51c50a545c65c757224d64a6e7446d4820d859091ba41a13c12
a22e11b2094b2ca52c6ee6d9562400446c95dc4adf6460d36e4f5399cca45cdf
85797978787879787824195164d142d2b311b91acbb41b14a148901a2ca6517b
ee240d5a2ad240aae52c8a42d6647ade790b8a14480ae21b0bc5adc34545012a
4dda2220c59edb4206a57e9002aaee15137321e95a8833252211aa014abd9101
31901c901d4b1102c06518a49bb11bec4d7fd6eab2cd19594bf1175231356fef
b8b9a9192628dc095c11d9a3c2103bca1e5d93aaaa9da9b8d852499cdb4ec835
3825c9b6a3cdd1937879787978787878fe27fc27dfcf8e42cdd76d2c2f2a475c
40ac04de7740448c99cd2ac28d158388e284ccabc6133b7989c0a0a12442a241
a1ce0c90432eb215b0bc4aba88b063b10b909aa8ca96885502d4a2ea62d8a8aa
e2e2dc6098dd14cdc2ac522f840a864260544ec7620f80924a80599983932b14
7334e5929ea64399a832d22b2cb89102a12521a640c81c9a4fe1eed41ed48933
cc0999a290a19e419b0b995402953078797878797978791d2b63342acb59e140
59b1cdd15f1a74e9d5681a4534c9b94c68131a4a944cbaba1dd918100541790b
2a3943ac48b2919a2a13baaaec54f945436526c96ed14f0232afcdd66afed94c
21c94ab1c510b8ca913a3432ae46c4cd8a678026e04c07a2552ed2042a44c494
aa31143182aabbabc4226aca4a39e9148c1c042abbbca99c20cca35ca459328a
63651f18ab78c1e64234d534a142da5e14548cbc4aa37979797879787879aa91
5244264e40969c92ec22cdd83eb8a8383a40383b46c8e4dd153295e9a59db1db
e964d441ceac5e2d477c05c7c06d2ad7faaada2aec5cd554d526a6d0cffcac0a
22a3aab8023a14c98ab41494a9d94aa0baada2638d9aa44e233fced313135481
78787878780143688a33e384b8cde963462b3a94ac8c8cc20c2095621d9021b0
105a8a3a9aa18a298b023692789ca9b2d8138b4cbc4a5fed5518e3134e787979
42525cc2722f48a2cf6cc856924015b4b1241a92ba39be3a9ac01280c8bb221c
440ee28a5ccf8a845e76e8669b13255911a9ba2c293311448d914169ad2adcd0
e8c6d5204740ca75eae2e56aca8b12bb13b9dcc56884cda1c3491a896e02a57a
581a91d47978797879787979c2b489811b299298c9e1109349b231884a6a52af
d93b1219c9e854b8188d9a1919c1a1dc30b51479cb0a2ac941aa1162bb849426
bdad251bd0450a9fba4bcddba924b9b529b1644a9b41dcaba21a9102a83aeb22
55628d84393bb2808bc824baa3e431abb2cbc2417decbc3b67604ee450c965eb
2c2542a909dbb99d0113022623e29c90225113f2c4285042d5f52ad7e20a0cd2
6cd28e4a8a7ad2e2edf2527879787978787979ec744d4ff7c5652a85e8df0a4a
00c72dc87d5ccd0f2222c11132e9232982582b9a5a3139ad3d1c7862ca7262aa
9cc989540c99c449bab85a98121e253c83914b2b34cbb6b8a9b865c066a8c4a7
40a1838149b9a1919d3acfd660c5f04205ef44d224ed2c66c2501b2ea0ba9303
c0240a3904c691a929caa91303954a185bb93a6cb94c0949a93a942c18b11461
2b7834549d43430185cb60c4e02ea741e5fa797979787979787902288b4b81b2
1640ca8a235bca93b19623211ab4aac118d01402aa13dbd3d026d6abbd66e372
ce36e18cc562e3314108fa95da56b1ac558550ab92c1ab834411b0a4440b41a1
b658aa2cda482da25fc40840d6276e724a006c06c665ca2544ecec7c8c5c22af
78b3520ca9298ac99c4682b2ad2012814105993d4cc351dbba4ff70ee88f864c
0000000000000000793c3ba14eb912812319ae0bab0c4bac5a79787878787979
0000000000000000000000000000000000000000000000000000000000000000
04f04f2aff57a580dfaaafa252a6c5022ca236091c820180c18c1528920c9829
353a2988a2934b1f490b1339293914889cad633c96ad28bf7ebb9dd5d4be64c1
95c543a18ccb36aadaa404594b1b29f821e14483119b0112848b0c9c9c4a6acd
800a0cc8ad8220c0874aa008484a28c0ea4a5ed6caaca74c47aec8275ea47c0a
298a0dab2833e4788aa25ef4dd644c8452000024c8676cc07978797979787879
3a5994648d4929919169090a1158928343bb99848d3a1b95c7bb16c6e605444d
8822291a9b299ede31b2db4cfb16b2e756c356d56262d82b6450b0c5eeba350a
1ad65ad9eadbd2688a4b0b521c32b1a199282322a23d82b2831a4232049321a3
78797978787978f5da5bef4c4f393d44a0da5ad54b21725104d6620453b3cbd2
a0a46e242c6220c84dae04a228a878d44e9b9c9972d5f4aaea5a016c1f314978
a5fe2705408e47e2f6ce4cc5a45f8de4c224c262cef848cae6ac52c2dc4aacaf
3b545d59ab9b981218b906942859a192b2c3ccdc2ca819d2b1869482a5902404
3a244b2e9a934c1abbb909c23431c4661451eed9549bd4de5699221a3399aaa5
a1bac1809dac7879787979787878eecaf4ec2c8464462c084aa24482a0a64903
ab13980c924833a312aa0ba4413b2e82482cc482c3792cbab14213e231910423
ae2c54e4520bd4884bb23c683c89b43bb83cbc9010c8a0b9ec29ba4092018b19
594bde632cc82028cc6e42a75e0ec58ec884082c468afaa0a64ac5402a8402cc
bc8e221b3a572d1e23dd7e6283c63eead9dce4c3c1c13d888ed3612f53f3ecbd
ed424e5ae0d2cf6ac5d2cf2df479787878787979792118b865ac02905c332a03
2105a292b3ca3d2a32482428909d8295ce9b09dab02b4421b115351178a084cc
99c1a812c12088030d492482ea9920992b1b13935184149c4b421b99dad21262
b56db601d45e26a5cbcbdb46da524fdd9344b445766d2ed05b8512bd1ed4c5a1
d98194298921890b4bb05221bdcd24d9945c165b06a5cc3b51271918c1121422
cc704e78bdeb41a516ba84daefadc1125659b3497978787879797979b9ea5423
6d569d32a2d7ab1aa022a841d69c0aa9a9251bb51d649b1c5aba821598c467ce
94a31aa2a3c9249dc82191be6c2384bcbb508abc425ba58c3a4549dee5f93e19
292a1344fc02cc2e62ec067d7e44a8a284c2ce3219ca03941cbc29b4be9d4009
787978a2a9db11ac112649c69dd0a259cbe194c8211ac29bedad89e95bb820b4
45c28a8ded2e824e2dc67880bb95973f5c28dd62bdee105ed535497979787979
2c2aadde5555a8c2ea4480c64455a5a47c478a0a4a7c0c0262a70ae82d85c874
12c9d8294b2439a10e128a520564aad044d6c8447a4a2d7a02442fade4da24aa
12de2c1a099e199a45c087e44d0d84a42c2ad2e6d284684502f298d3092282a9
5a937879787978787878aad272d5522a28fd0c6e2e07dcdca756aaa390802382
2482dadeaa22a765aee452fee4ecc4e80678424c4d592c3b63952005f1b79c44
95928ac28362a193aa993a98a30a2d85a1caa2bcc3c0bdd9921915c7b9a115b2
80088a99ac915915ab8c19029c210dc19e3ea9a66cd5f46add532fa4aa56fa9e
660dd8adee5c8cd68aa5854605668e4f2c46129218c549d29eb2898bca9e12b3
4b5598a289a013940a7978797978797978a180b011541b01a01bd411939911cb
21b64932401a1d48bd05ab493683d1059c9b239c93867924792a8a930184a2e2
4c1a54b4222e5c434f50405ea2c20ac654aa95d414d1c33dba95190a8b13801a
6b5bcb4111d18d9922c8bc1b91d14916a8c19a0a94148c30ce094b69c4e56e63
0a39ad481433e29842419c9a11ce931232a0322839ab90d9aaaa2480a3c294a1
8b9818a4312b909054983a30a39979a379797979787879783ab28322cd2b9a1a
a190e54bd0b92a0c9d0234bc41c43b2e8fcc50455ac4ce548a7620264d4a6879
124200b328141239248cca6c000b2bcecf42efdf2ac7aacf8cc84dc66cad6c14
8cad5a555426a228dc6745662e52daadcae2448252c4c26c62c64fadcfa65413
c756acc7cda28e45acc0ca2027d060e212341888193019929610280a1cd888fa
220144952bb279c9150641a9a8415c9ca4db9a513d99a3787978787978787807
ca24acd025f43e6ed9cc5b5e54ab46d5cd59ed515bc88ce4b2814aaaa29339c2
c830189293b8899cc9da9122d15a228039e248aacdb284602a5a05fd550ada22
406c2580ce4abb313493ada39a29b01d9420b99183bee2589519d1dba09412e9
7979797878790eadb8518bb1993a929cc0c8a393d3b16dad22d46ccd7ac42040
db2992c1c103b231caceb2bb887911ed943a9c12c2106ca08b2d9198b0117978
a5921a12a3bb0929be31221b038d2a84ad970ac1e3de94a75659880111e24134
bfac02ae723c9334e63c9e2b2ac9520424109c8a19aa18499322ba1653cdb219
0c222d0a2a2f04df4246a2dc6ca139bcc096a18131b9a310528c4dd899adec05
2475c85f7578787978797978794706e4dca82c8a46884a62da45a2cefcc7750e
f65402dc3a96cb9998925d4a5bc3c46adc0feabe78fce4506aed27aa266adf58
6d3a3ee0c5abd69caf2ab19be1bb0f47145589b4058da8e46ea064c5047cdf7c
13b9b44123cc083baada4d96ca33c0b190d90383cc4a1bb2cd4c759e846da46b
dc4ad84202a58f87aa6a8c262e4d5dda2c6527ac0cb72e2198124232c19e9159
1c5ae81201102b15aaa440ba78787979787878784ea7dcdeda20207aa27f4e64
1993b821034b31490181b0fd39fa3cca941146a435e3db369c249679a418c46a
e9d00a21411164581c498cc8bd3811b49a41b102233a3abe4a29a224e9148c0b
132a9b8bb993b021a13e61a299a211cda0460ad183c29b89023a19212b824339
9cc129a1129b16a85840391a8adc49ba88a81e192a9ba530091a8d90c2d9b492
490978c1d25ee74a749ed6cc5dc6c46c5cb3e6797979797979797821b0a49058
274dec93e578989514ad61c2241da9121a1984c99d2dc2a314a8e922cdadbcd9
912082b692a54b13259932032421bb99d444ed25f204c46e4dc0a244afcee422
120c3aca5ec9b1ab2318cad3cba28a48884a2893218119cb89b92191442e29c8
787941896993a1999a099849a4b49d1bb9039898191291d20d245aea5a01bc91
e549aba3b5b2d54cea79329294b3daba1b12bb499205c16a1100797979797978
2dc2f0d7fac4cca87011c8404c91d39413018a271a402c32b4443ae9539732a5
91dad3a1044b01c94c639628e9c205914656b04c1c73625a6e880e8c44f25dce
ade5e4991fe1d45161d951119b881902da859353d1a2830a1e2a2954e1982a03
ea787879797878797886b8bc449336b24cc82d25a616bb21c5f764dde4f0d968
53c982bb4a5993466eb12aa1993aeb6e784f921beb563bb2539ed892be5912e4
b21214b444eac20e2d4aaa212aa08c8b7552a8824545767a725cea4cae224d07
0b92bc403bc04a2c431a4c3a9db8b2af43c58844824c939d4810a5de91130624
e9cc1ca1db129c2590c05d9340a9d10bce91a9d0bc444044b5a01a0bc03b9920
0a0c02d80ddc2cf27879797979797878d5a05f2adc5aa2ce5665d60ea6d752d5
7ca6eceaa667aa4795bbbd2a331859949aa43a9b0a102a788dc4cc406ce54824
cd15c21a9be9aa0caa381c1d021909a33319b1cd116e4aed245cdec56cd26c5d
3b464b58354633722cf0e425c4d7a42daadada82d6604a15119c3aaa141cb1ac
22eec024a7aa803a294ac5d829ca015ba86acdc148cd9a7e0606dbc9b36dc46c
5defc3c584b1dc278d444c328bcebe7879787879797879aac5ef500dda4a4a4a
9c49892d6109423901222999011c2a2121941c99545d5c24901c1acbe13c7831
189b40860cd82bb0d0a451219442fe5424a5a60820288acc5a5254d2d2e6d189
d12903a993126291914008322c217a374b3155d474deecee619b519ea3b1911a
c304dce22f21541f6e260ae4ea6cdc0c5266c05d5a57622a4f8acaa5ce408d91
4c83203aab79a98abc0561b1b11ca81bc4b30842c8da7878797879787979b493
ae416c509db3591a91aa64aaa99ca2cd112c539211204a90201191ab6cc21204
9a6b0495b3622842bc501ae232a993afc03caccc0455115b2297c34559b3a2c4
5695c952dee449fde7b4da9175d336939b6c148cc8854ca2203095122821c4cb
7979787979eccf250d58da4c0a5adc2fe26a5ad8e52e059a904691181ab5bfd2
df418d090ac9126ed1d422e5784888c662dde5dfaf48dc542ea5ca4724787878
9b10983a4042bcc9acb162c41a84c42013a49a53c989a19e0921c14ac462cce9
18b90c5a01cc2b1aca2931de1abef94e05066486321257605e41c6bd9a885b99
46c248d5d42ac02c446ec420df6aca9cb49eb11df953d0e89ed9bd53928cb1a1
9998c1c3787878797879797840e78886ca565fde20ea0772aa0c4edacefd22a8
cd72af91a62c8caca7ccb5bdd2d6dc614ffa4379409e1a322841a4012ab4a220
fc94a6dba14cc69da9b2ead4e53348aa3001ca00fcc2aaafe20a0d5aa828660d
ac5e29ce51f449c1e96e5b2542b9ca6e95e142a69aa4e703c15062825b114622
e22314ba9ed411cbc5bc0b4cd8093900939ba9b1343b9220a49abb02acc9a19a
d9cb3a1763e460195491c4797979787879787898ab91b2e033a0239161190229
20c8310b0cd29406a3c38ac62270da5f8e54e6caa8c2c2c74caa78e24298929a
1bc28628193bb316e41ca94c3395c3bcb8029b02a0691aa8ab992990ccb94b42
513ce16aa30100ad69cbf24a75cdac06d870ae26dae4d87ae550ca313bdc9a93
3931e00213954b9b591b391b43c1a19919aaa16891103a4dc08115aa92aa9ca2
2178d5c16ecbbceab12f1ce9426e2621265c797979787979797891db84089199
41d1bab0c1e4242d3299d3b09d0a1b19e182e82a224aa14a5253ca1912ab3aa3
44c2386442ac845c4da341694f0d6348de4ec999140d8a0b1b81cba1319c148b
02939b364b8ad0e363a5ac2b2ee6f15dd3c4f85022ee28ee05cc2242ee42ca05
79c85a875426ca722ff8a7047f22202ec691c001260a2092946080bc213bb5a2
000000000000000079c49b3e84aa4bcc3a1089cc91b91ac08178797878787979
0000000000000000000000000000000000000000000000000000000000000000
acdf635384a558a3ad9432e1ed2efade68ca056cae820e866c254a52af2422d5
08b412964b0c1819993885008aaa9205321104eca52180100584222d4b025baa
dceb73da623251ace167394cba71eb9624127cceca48d451df65b149560ddae5
9c496c63f134116a1a12add9dd9953ecc64cfd6ea4dafa7c8f6a82ea2a2f8a82
2e465564a2407e78112d95a3ce92918d2900d11c409b10977878787879797878
9a06b3b24b81b93049319192246954999ca3ab499338935da45ece0a2e852ced
f5c22a4f4d0a5a2556d2936b0896c245b0394324628bfd192911511088a02390
a2410199889a29ea48cfe84026a7cf5a66a452cf228276828a7ca07665decd56
79787878797978ae1a043dc23aa2329029c49030b80832dadba2b104abc1ad86
129a313a3ada41980a5c9c2996a179c324818d6b99a18cc28d5b1d448992a479
166bb1cba4d8ec58de7e366d76b2409a221c58032239b298b149eb1ca20311c3
966ebd8493cb0c603d95ecd9d62e13a83b1ccc81a014c40a9833b05222e9e633
c0aa98d19159a16cc212639b1b9aa045fced426f24ef448875fce7d4ae0d1554
e2da54c82e8c78797878797879796d6cd9c8eabdaea4cba19a91868b4c54b49b
54e2fd402d8c0aa9c80ccda628c39994aa14ec049278aa0846dcc47204c7d586
dae6c1dd9b1e18d3a19292132199ac3c821d1a45982ee02d7de0c0624f6aeae2
2c2f5d4ad2929ae9249b019a9982120418588904ab503dd645953fa100d3a6cb
be129153410fac5ac0407e5558c480e006a62d42d0ea45246f4e8a64565adaf4
3aae16395b48587dfbd64d09be7878787978797879084b493e5c290541d76041
42191254903100a98c1419e2a3c91639824a1a8c1bbbb9122a359c0278d4dd37
dd48d285986141c6a04b4bddbb3ec33a4b9000384cb12c2559c0bb104ad119b3
cecc054d8cd7a2cc546a7ca44cd4ad9cc3a649912b83394c2b098d4b9ee5da52
72d6a58d097562cad566943245ac55190922a0893c0c920c52b23d4ead7aefec
1529c379942281c141c3b59ca21fc4092ea438937879787978797979a63a266c
690ba63cd3109cb4910c31580d1021ba6b2198203e1089261319cc0a21c20410
564cea4a565524fca248c40d880ef467fdac2a2cbe3c2c62edd755e4eedd1d15
15e52a924d2920de1a9a1b102e231abc9a54ca8bc8f138eb9210b5280092e1c5
78797982305a4341d4d672ad68bce919f6c49c65ea14e22f154935c45ae42833
c0dcc12321823b30ca9b781ab09def3d09d2445baad431ce5b32817878797878
92449c52dc061ec979c435923949141e1991899c39b24b113a1314495629e4ab
6ee227f22fc4df750ca4ba8b5ed95b5ba8cede15ceda6c3d3a509c9dd364a959
e4abc01912921218810add7437a9625dc2dcb4fe158b917e4694e760027d6288
2f6c79797878787879793a2c02321a7c9cb0290c2ba4c11451094219b2221bcd
aac428cc8e72ea42fd5d44c26062ea7c4c78d524285ecc2a5ccc54ad55504afd
6458423cc1646945de013b1c56e56dc45cb228b882cd415286c0a949c1b98918
88c25be1b714d56ebcc9e6271bb21592e652ad4eaa587de262acecdaf244c550
19445024c48a22ada4ac8faa2a24022a425adc92b1391ba1c2052598bd8edb0b
998ba34ba2255b53be797979787878797835b9d20934490193a1e9b49bd9b3d9
8a9d4c8981c011a25394cbe2a8b91bc2c9849eba5a22099a7921dc041b9c3a29
22a18c841bdb09eac98ac9152bab10e3c1a11291023bc33a4e292d30a9923bc1
f56ad59cd05692e49294cc3205b22b9c6db90a4c1194d369eba23c988a4dbb81
0ab8a3c9988ab5dda4ae0064e4af7ae2cd0e527c2cc8cf22646eb4a64a1f5cec
d5eacc0a0540525c86a824666dc87c287978787979797979a1e9193b083223a9
2ca1ba9511ac1389a9b5e2bc9c392126a9c5428a103384cca13bc22c1aa29378
af82628c27c7ac058afafa5420c528a921dda04c5de191912b2bbd251b8a8149
9bce362a43932b50ba1a81081be4b96872a4aea24edde4ce8faae04d8566aac4
a05b51c39d811b2e333211d911c1092c3d615b46e6cba75524fc104bccdd4683
4256625a55c8780bc61cb5a61b5f12c635e2ee34a1d9217978797878797979aa
45356a2e505248277de2ac40c48c72dd4f50a845c2a5ef2d2a28a454d5474c82
7e64a5fd5aa222914d9da4888399aa12d20e329a8cc3c06861131391b459196d
aa95b10354364a488c7c7d0f0a4d0c7ae624a7cc6a4d45ec42ea0adac56c4ad6
787879787878483998f24166642c944c1285e7e13dae41284a91f440b4c3c55a
91120241a031cba45a998a28a879a86101390811a0e13c123ca92344adc07878
a49e3159bb4a0432a15b1a56b2ea9095d043a909b3d54a98b44cb359113e9aba
cd6ccd47ac8d422a00d4a82a6f0d48aecea566c43294d96a2b854b642b409e83
fe42ccadadd24d786c0eed200492e92222a9123b1b13982339192290b9caea6c
a9b19984117878797878797979cdde64f06f6542ec7887222ae2fedfcd5cdc62
2ca5044cad44f4ead41e49e0b5b9ab4eaead102e79066d2c518b080815d82cb1
3231322482425caeacaddd22c202e8767042a4c282ca74f5f2a56248e0257ef6
7d0c4f50cec02a0a2ffa26da55d520caa55252721b125209b2862553b413cb52
ec09f9759212242bc93aaba4724231921e209b0c4adccdddfe52a242880f7a55
bc45ebafc1ccc440424d56867879787879787878e1e17cea5928f355ceec9a5a
99b8150c9b108ca4db081c914ca2a04c1818d3b9c691ec091ad4cb785f546a35
a899224230980216cb39a2d0a270424a7d465c242dd2ed7df88584209c961d91
a554e05442254c455e86f41a813190b61c30112d4894348a88999a140241991b
83bc93acc5b320d8c9a83b8aafc8dcfca2dfdd2c06626ac06afada6a67ec4824
0cf579c94a14993313c44882b84a11b0b062a479787879797879795ae09493ba
0b1d96109b8c29bbca9d2011cc02c3cb290148662df22825e58ec450c6e6a5ed
e9304ba934a85fec8ca518c2ed433c552d4ed953057e13ac92e92e2a94e5aba5
214a2dc8f6cc28460c2e22a6aee87522754021952cb339c90110312a8a9329dc
7978408bc5d2a049b0934c2c2a8081e8c1a1da2b0c913b049b315db82860a219
aec51c421fc1c5d32d792da35c20422a1301225298a491e1b009797978797878
2e802ddd05f8afc8ca10ce7eedd76844bd955a385e26333a537b2b3b753eb5d2
24b097a41abaeb0fab4a649b4340b5292c0383a6d808192cb00cc2d0045d2e4c
a3da411bde1851041c96c9b9112922244a591c1c039eb9bc49066ca36c653ddd
3679797978797878789a59619e5983cd40189149d3a8aa1452142889621d0dca
b3bd4814b9c448d5c1bc1b1e948a0805798c49c91288c4dd0db1b8b8984b9b93
4a7e2aaad7e24aa25c40605a4dcaf46080c1644a86831ce29dc0e554bfe8b3dd
c420af5a2ed2486a064d5adc84cff08425e5aafe744cd022642aa5a25ac4ce56
cec26a8b8e5dbc84e652c1485ab6b575a9a0923c6084d2c81bc2b11c89119c1b
102b839081a6239279787978787878798c130650d5cb53a44a1ad8ce11c21c82
aa2424c9a1014b0c13aa164d44c991a13ca8ebca8a911479a8988c159b212cc9
a4a104cd181441dc82f4550f4c22a4c0c26e8ce6647406a8d9bd1d2193a69bcb
4402a93a043a93522ba922a11813b90a4181a9c081ac4e2293b2131446124c8e
b99a116048812513abb9059419e8b3b38e134901ac02a49ba942936d80121b98
0292e0121418e8294c9592c193943179797979797879791c3b6ba544282ba456
227aaa2f5a2ed440dcaf40caf48c5a5848cd225a44aa46ec655a0f446c8c79c2
740228c606566f5ca7d478a675dcd4044eb8c592362e3aecaab27f7c642448d2
a72644fccc2aa4065474d4ac422219994a82aa8c4b29ba18438121afe3ac2526
4ad1938c4289c2b612bca34202191198996bb033a93a2394480238caad09a002
07aa8c4fa4784c4cb1a8fb62aba6b53192b71301369f7979787978787878cb45
0324cb5aac6d32c44c9e61e6fe75aa64da1c21662cd5dede4ca5547da56782ef
c991303c36b4f5e1c658829cc1af136db6611274459391e81ab4ba3e111a24b8
848ec6884ea839592e95bd34ad3c0a20c98418814a990b112ac29c99962b4080
7978797878d662e7722eeaf54675e522e065d4aaee7c2c25e7fa4cd78a42a6c8
f75c08832915acb4029fe91b79304aaedc12a993198930a4ea99a23123787879
90032a1d4488ad4910e9c9b94a1960911413ac24299a211292481ac95e6cbb26
371dd97445915dc3de6c1e94a1c1a38054deabba2283a19311b2bdc3dbb02929
5740684d5a5a267d2aa2202f7e0de24d05684de2862d40d5dd277c45b6912cc1
a6ccaeaa79787878797979783229a1391262a32c4228891d314001a12808c645
1bb3400a54c9a84898b0dd68a51a93b40382d47824228c5a6a7000fdfaa8ece2
ec2204a1c8016a5253a38aecc198921e92cca230ddb9ad1e7e2c85128d641db4
53dd42d24aea650d1293909abb02dec9e4acb022440cf2dce80a5a5d2cdeedd0
0d4a726e14ccb5bd9b2a436eec5d75e558d051625d5c461cb8bb1ed546e3b966
e46ccdf2d22d22d2e8eadd7878787878797879820a542824f0a2c207aa5584ed
f4257ac645dc444287559cc0221904492a123b94241849aa682278aecd508dad
01ac139e8a3b39a8d2c31061ebc39e144e2193de32a6e13a964d46c64d52207c
b1a3221b900d42920392baa6cea6b11c4440981a1d142ed120519b8383101931
2a880d2c245c5ca4dc0a43999da1be2c44cd6345f54c2292ca99990a2de2a565
07787ae2d67a4caa57f82e022cca40e5224678787979797878792a2744ad7852
a4c85cd38e1ccd5a65ddbba5fe9fc20190df25cd04468dceec225447a7448a8f
c14d2846a42546004f6ddf2842ace0c2562600fd7c285a554eec2aa4cc6e08a7
8c87a252575ca8eda024ea5fa5a502842753b208c4190558911410bd891e3323
786d5d25dca207d7c06feaefeea075dac82a5b2e29188a245502a280b08aca8c
0000000000000000782b2a03b51c3249683f158e1144ecc3d378797879787878
0000000000000000000000000000000000000000000000000000000000000000
4331a9a1ab06494c12319b212ad1d12c83a1fad5797246b322764d769fd29d8b
5ce6421ec659145e922b831bb8629b50472c2daf5054e6226645a0c4af4aaf74
4513ba2069585139db149d9bb11015b8a9e52c902b215a2513a3214a11b0b5ad
954c001c23c292b3a33bbb91b9218ec1acd7f25cc82aafcdc0ecada6da766d55
dc2262ff4dff2679de43c1a90403d9191b41259c181882b97978797978787978
d0de56224b9d9660ac4fdac65c054ecaf20d0206c2584afd256726f8aa08c8d5
28576dcfa6a52fa41bb5321aa94161b41a3111ac98b2cc3e4d3d66bb8ed50357
a9999b31540558c685c9516d941c2f448d9d15306ce529ace4a4246c0d4a5662
797878797878785deec63836dc312cc14936b9c193a64a6922c811d139e49531
0a85445ec45a2fcead5a04c6c4a57999b3bb84526ad4b83939aa2cc51d130078
d4798e3caa2db487d93d6d84331bc46742526284c82dd422a22aeeafe5a68f4d
205ec7af2d6ac8cce4476afec6fe5622eccc25d25d84f846dca62ae2daed645f
4a222c28f627a76245e206e0caededc556044acaaa7dcce5dec5caeaf6d08f0f
3ebb9188c42079787878787878780311b932ccc992aace41cc1129b812824402
9a1a840b229215b4133b23da82d1128a820588a628791a3390b3ccb4192988ab
14b5c12b2da774dec134420acc56c54664c922ca5d1099dc99acbc1a215d60d4
bd38b243b2de345516c2d443d2e39a0a0ccacaae045594554c14d4ae9446caf0
acc0111ce3c1a2bb9aa121a92ab339d9e099948aac9c194939bae313b4004300
d2ed5ceda8aaacf42af4d85a7a7979797878787979ca2349172826c81aac2058
6db34ca32c1492382b1c02d902bb0419049b96b0ac9d12a9911b10a2782a244a
00882d47a55d2afd8a857a06a09c9c0ea1a934a5c11ab1af5319c90925430a59
3c34b2923c9baa44a18a029248d456d002c2ef0caaae20004d5fdc45c2565447
c1129aa349bc8e84caa302ca91684cf438e5eca2cf0d33e231dcd3715b9621d3
4fe09b7864d0625aac84c687027cd0dc2a245d5e79787978787979798a293aab
d7d482ca0a50f268ccdcf4acc4d204f80ac8f5e9a4e9a2ea15056e3de465de03
1e40e195a846d0ba21a20293b2b1628333b9c98caa5d7255468d725c22cd2245
c233a84a4e7476a8425ac2eea2f2e42d06e2c4a192d12b10ccc392391a0bb412
78787841b5c230483093e9aa00995c21028000ae20c2a9b231c5d84a0911c9c1
cd09c8210911c185133979103ca311999d1ae1849a23db94ac496c7979787979
722c0065f0548f662024a6914132d2012c83389151412309c4a36a29340aa448
3c0b19c44994e243219129d3c9603a28359411a9298944ba922228ad4a804eaa
fa5a28f68c2aa25f64c2200aa81002c51bac4882531be3245299b112ab00a8aa
3d117878797979787979fd4c5d442c2425a6ec5a684c44e05877acfc8a500226
4c6a6a248acfd462462aa65485c54ac28c7846e55caf685cc6b1be99933616c8
c3a8a0b9e52461a0109840144b512a30423bdb1b1055929bdc98bbb46c12bbb4
2c5d2a54ad2cf2502f7d4c207eca6c207e011d48336214c11ea924aabb392c42
c19123d044a88338d049aad24b1185a9e9a0e48fc00a8da242a4cdc52ea2c8c2
918ed2dea10bd1ac51787978787979797879f4c04c652d321b1dcb5d1e5377bd
c9a5cc7b3a01e949c224c08c5cfcf4ae4ec222e6c4e54c8a79a3540492090491
96945c83b41b89c22c4da64a02660e2e50402f0fd8ea422a190a1b6c25fcea24
62802b412a10a94919cdc8990348299d2b4953a4e812ac932bbac41929bcb5ba
2db506a516409e5785bc42e8a15b2369210202155101a48202cd2aab44139681
3c5db114c305bc4eb612743692794ebe7879797979787878461c25d36c2d346d
0b9210bc4cbb0a821ae3a95b1cb31a68619aa2ee3e34e6db2ad11069d3e40d78
0a88f8e2d2af280a8282756c5065da6c829da3832231ba8bc98943351ac890b2
9194a22281019e34e3b93a294191aaa840458cd46c4d80c22a58ef2acfdd2ead
ba443daca6cb5c222809a109ba01bac9badc315911332c33cac1593ce2a12dd9
59429c4a949b78c7d25c4cee5f4c0ccac4e6725adc7cea797979787879797814
a50ffca286feace5ec6fad46764565de0747455a64651da2de18b3bc9d2ad3b8
1bd79e10a21228eeac2da7cff7844c2254da544fd2fc706728d552d4ea062e4e
3936b42c1ba4cd48e46d2d7a257d2ea08f86a5d0dc44b13241da95ac4c0a94a8
7879787878796c5288cda0428ce528a2e0dafc7daedd084250011249210291a2
85312ab29489349a8d9a61bcc978d4534c85f3b104b2cd9a74a2555535d17879
5c45aced46f20044d2f408a2ec50e82a254aad2fd2042c2fc5cad885a5228901
46f840ae48d584c4aeca22cca8cc2aaeac0aa62ad62c54284cfe842d4aac4d74
2dc5c45a2c8ea25eadaa88f84ce4501293b20b0a4ec299a3c991b6830bf2264f
20239b090978787978787878796ac0825247682428642c206aed57040f87ac82
ea65149463c40a1c36d2239c9f9d15dc2146246879998390b939a326d4982244
daeec224b2b8b9c50a114ca8b133490691c0b229bbc64c53da9ce359f235595a
985b1182acc93d19df11c1289988a242423228caa574ed9c4692b121d68edd3b
2943c2b2f24902ecf12e8571aa9622c5dc819d9919b241999a899311962a1936
c4cbec69fe19ee9c0b2b709979787979787978784ab0c99153bed91541041221
c8e68a686be7a903dbae6fdd3a1631ebed5be8fd546d8f4c6615f678580ed5cb
8a4cca8ba31a624492228a8a2a2e622d55e2c02e8e27daa425fcacd300455183
c6d94a6593dc1a1d5444d5919a02198648a2959a5032c409b044195024b82016
5291d543117ef2c96fcd567f0aac6d5252622a664ec4e55486c2d893f2d5844c
9ec478c42ecacccc8ea78cac2fcd44f42e5c207878787979787878b53ab17e85
6d629db3199902321daad3b0e12b43a892a0c392941512c044a991caaa3c8430
3951ad2c24c18191c40bccdd95ce56c42991857c2dc28c55957929e4868dac02
fc2b984b0e42915ae092bd22c9430082ada19a9e3a4898a9e8e98119d0ad204a
7979d0cab34a2d2b23924e6a5ca203cc49113263acda21582c821a1e56130458
19d7c52bdd5dbd5a2d7861a8819dbb72a96dd701ee7a924a9ee3797879797878
21eab89aa29cc418c18592c126339019d188c8a954bde1a031a9d51c55c6bcda
6edfda4c4a6c04d47a8df1ee3c17bdc717c356969e5fd9301944224212b12c19
1b1869c024253e9556c850429264b98b9959da1aa1b2918010ce4466fe255aaa
447978797878797978c225433d37aa420499421249c9caaa8434e739e35c87a3
a63ba3a491e1a53d44d142e74346056678b24642cdeaae5dd52a62e0a98e02bc
8a4211e12dd336e52b289e4c3dee6d3bf66ca625aa69345dabcdcd61affeab12
841ac989109a8221cda2a916c2899b2c8dd64eddedc4ce2d7cf7252fc8a25256
0f6c4c40a8ace5ad6652a2a62ae86c0f24da4835808349b431c368c10a4caa12
a02223adcd04c2737878797978787878656c7a52cc5f7de8a8cc245286c6aa22
23b6aba81b29192246845a05df6c280c44f2d048c5d75079b3bbc02a3bc11b1b
5e01a9c1b524b105eaf54a6dcac27a4d64a2cf5cc4522d1aa081a2c3a5d9ca8a
24d9492aa6aa39ea2a95a1392b2ab33a1e21203bab2299cc3a2a15c84119914b
1b24a32ba523ad91494d413a46206194e49b02c4b2d4b7292989394aa9499a01
42f46ae77e4a57a58860840fea45c0797879797978797841134a43a84e1b252b
b229d1ecb85a5b895181422aa39242a120a600b4ab5a9813b14c909c96bb788c
453c3e5c4e586e203d0114ab4742d853050c9ec32d91ea88943bb4ca02559d04
13a991d89a431c4122abb2a46938ba394413161c26419a4889a19032ad02cd54
44792d8c4290d1ed8b92219e6fad529129ae309ab9b899239a1219bb11129b24
22846f5c857998cc13c09942c61290b99c402ab2cb037879797978797979c1e0
612ca099d972258f2e6075a852a824464ad726dac42fdf8c6a6dadae2ca42cdc
1d2c6a52e7bf3c96ebb2db46e3db94635da3ccc4f6ad6ba90142d1259199d94b
4283995942ad19d315a1cecaa69534e63b5ebd2344a38beeb9efbe13a5613b44
78787978786705d4d8cafaaf86ec087e6f46cc826a11e2a8d9643c194019b404
1a1ae61a9a24929511a0cdaa7913a2028969122a14ab3dc0dd40b1022c787978
5332c9ab1423a0893895bca4df8555a604ad5556c4aa40feca5acce8bc1b3323
2423c119c14189a599bb044cd53bb5ce7994eddda30361114be556ac41161b82
baab313021190a4903a494c15ea2c459d3e67784faebc7e18c1415e84612cb10
e0c54f82787978797879787972519b5d4275c6a072051ce3d9cc44daa29ba39f
adca643c5dcd301cbdd28974594c054c1ab9547885fc0ccd52aefdaec62ac5a0
52124229d3b41689c0cbe110a125dba10c4a4386dec220a8d93bc21d05052ba2
44c2a7b40dbd0a552deb3c8eec25cf242fbcbbb9a19906839804a99942b14121
dca8edb3de484aa8d5920d0d28e89ecf3544612c5f4a428f4c45cfc2ccaa842a
1632139b2118124139093178787878797978788656aca47cd64452d3dc44471d
91250a928e8a2093aa2994a53a0c93aaa81b2212a10abccbe49b79ba34bc4bb4
0b080c9d524019608ab95c8c9aaad94d363048399914b81010a49120292a4981
2c720c55ea40aa2ffcaeee1663a8d9ce5e1cc61d9e96452493942a22a3c20d41
a3aa04b849e131d835c99ddd8a22a3110bb54a502218cbc3d6ccc45f84555caa
db790d14a8a19a8ea2a08279019ae10c19aa797978787979797990b61ea9d4a4
468ad7991b41294949c010a8c9d9b21ba30550eee2a2de980a999e4373b82364
2a4d4628ec4ea507775c2e8a0c2af42cff493c43de5951169ea3987a7a9c36be
940292909c199144044499286342c0eb51a402c5457aafe27e0c4d255e0cdc2c
78641eb6a1ebb82e25e2dcb672b35d65422cc5b0b434e14c1942b9186c48a901
0000000000000000784c59c9ed246c5cc1dde78132f1a8dd1278797978787879
0000000000000000000000000000000000000000000000000000000000000000
819305b911d203b2c24da25d091439a65400a644644f22e5f720ac4258257468
40d1a4eb6dd217da1e9b521bdd5383892132de5d09af9e669cdded94fed8b9e7
1c1a8591138cd02e82ac9c033239c1a0ed6462e2724a2402ecadcfd202a50865
ce1c452aba49ab2209b1cdc4023b33891d497e33456c582ca58b47289615dbd4
12d230b8334988785acce2426cded22465d7d068e4a875207978797878787978
00055a5206a42db1460a0623cc4a16379212d0b182ed6a611082c931811d9350
59a4002282cadaecaf2c5632905c81ad19a79d5e94653e5852dc66e2f0cfacad
31b161b18a21bd948a25425ceec4b20a2a4a8112bb1489bc21221929112cca62
79797978787879a8dac645a5defc4067cd86a5c2eedc44c892519b43280cd091
19311a34c0c2d1228b1b02bab52078a4896210d59904440736505c53bdce3478
a5c05bd9da09dc5e5baab502445be64dccc005e420874a4684eda406c05c6ad9
0299356294a20aca1ad238d930384e4c27882c6886c0aa45ac056e500aad93e1
bf41a98b428c4bc3ad704a7542ba064d4def558c8ed704aed22572cc67c5abd1
3d1c48e04ba779787879787878796b97a61a955998221a502ca0c0a4b3ca58e4
91158b5c98fd33a6d6941382d1d0d1acfffdecf9ba78d70a911a9240b825e4c2
a5e26d52c4c3219a11d019a934081d08421e0490029b461b8a9992102a043c53
918134bbcbc5a4e61e4d5c859c975c569b194ae1cd82a728a7a2ae5d4eaed686
7cf862c44aa0130a1e2a44949919293499cc91539d5a50d83aac9891c1e9a8e4
d8482ea8f0f2aa2ca27e522aa278797978787979782ef2c222f448dacdaaaa5a
c194198cc51362e1ac82991e1a25c14ba2c2763454031926c4434ed478d6da54
19383913b9599999a04c4a28140913a03941d1924aea318c52231110a51121b3
8a602ea85ea8ce0420f8fc45059d155c9ca5ceb5fdd47ccce5ed0f3dab394126
4e6c852444e8522a2454d2ecc5f45c2272a0844feccacec2607d5e5ca2dc2a2a
98b1c0785219ad6e11eed2556c5519e9b69544ad78787878797979787da5dcec
1a32562d68a766aaaee4264256668caceea88a081d939a2b0a89b9c3e911cab2
ec07adebc335cfc69d86dd5a87c2e86c1bede080b0430aad89111301505924c4
98ac877ea2aef2ca5278cc6d6ad2ae0a0448fac27e0d2ac72c4c556e05c8e5fe
7978799d356afd6cc6619d53666e361c06d15d63e4432c55c222cca2da5516d1
e2da2486a54c68cd6f477870acf42664dc254854485c45e8c4d54a7878787878
956d60ce569d1bd22994d09c8ddefdc4b2231d801946bdd0b36ba0c0248c4a24
02b2121a59a252a0b8297e224ed8a07a85d5556ad5da824adc40aabaa4011185
a74554c7d4e02eaeee5ca2888ecfa4f80ec84552e5ac48c46ae2ac89c1219ea1
99a87978787978787878a820b91c18ad16a12a2b83a81a1a3814a4add02ecacc
3c941b9b2714dd2dd5d3ec4016184dd5a279a96a4c2dc93a3a241aa1a822b308
8e212011621e51bbce4a7b16efae1b42841a58ab91b1c899a1699013850e2480
74e7d643d111c4b2eac6bdba158eae4f81ab5906e4b3c1ea5cfd43bed645be86
e8e991d23e5d3b98e5ddef35625b2c6d5aa4daa456476c5dacef66e544a224a6
94dc3ac2811a583a3a7878787878787978224a2542dc45562c06d7220c4d22fc
000000000000000000000000000000000000000000000000792812c424a9ea1a
0000000000000000000000000000000000000000000000000000000000000000
d5de6c8cae8efec62250d44cc8d7a42aac0ea6a25754cc6e4486a88a40a2e54a
9c199333ad498d6d03a19824ab2accc4e9c103aa19a1433391c0099a0ba9a935
ff685a6726dc724c2280cace4f2e2aa0adcaac426f55857c06c54eac6d2ec256
cebb18ac91299ba490c108519cab1d348642a1173649e30d164a17aeff970563
5ea264a60c5c6c793141312cbdc91e12143a49923db490887978787879797878
c24cad0a4ec4ac8128ecb4b9323aca881c4a9a989222a14288cc0ae4a7acd87c
aa529a3184130bd8a4c99c93154299e3ac0b9cb110131baccc50cd26cdac687d
a9d981cea25822975cdccbd962b6ba1c6b9dde45beda4f36306442291123c30b
79787979787978a8abbbbb649ba998111d909690acbcdd191441b0d2d10b3402
dc41a969e116ab2be09eb41d498878e075ecd0e2e8dee5e22afcca68065e4e79
a76c6a4682e2a5a0c4c5c5e8d04f29b3c5dea44c2ad44f5bd7ec31743f4d30e6
f9bc48b1aa88bad144f193af0d2d18a9128939328eb2105449999623a29b77ad
48656da406eaad455d28df264eac24424c65664ca7c257d548ce2567655e5225
a78de254acae79787878797878781893984de8893a1aa9d909b4c9091d0a8e44
9a1cbc20390e4a4ce4876ca88da66c2d442486cd4c780acf4c08a20cde07c2d5
b0b01c0d0c4324834def1be2be104deb2569cd9e1dcc319219b8bc129d1e9043
2118025c39a11041ba9119138aa1111a2c9ba65d915c5cb0633c92373aed8e32
072455e05262e5c25da87a6279c91663ee606392671009d0c961dcdb14c31188
34be844431a523202229952d817878797978787978dca2ad2050444672e6ca85
0a7c2c2a4ac266e6e6fc8864fca655812add0caf1629da137d5ba8d679194119
149acd3a0225b9094cd0349c4aaeedec2c46c4c078f45e44a86fc80cd6c8eadc
912a992a20b6348299811ce8e22a748523693b425e0cafa29c39c9320890e9b3
a2acac189b2a94a14c2eb191b498a31c3b945a008b3a99b961db1051a81b1499
2ec214798a59988d3bb3c19104d618900bb913ab797979787978787813d4c1a9
5f5dac8ec66c4272df5d5e54a0052ec878ad42ef566773d166c51b93b2c3181a
40c99869c3cb1a3ae59c01fee3e89bb6abaa2cfe5a0dd2adca84e6c2efc2cdcc
4e644cb12b968ab9481a9aabb3a9a49b82aaab9b938243bea30194a5a328cba2
787878c5ca191a9b2c9539ab2a820189b6881aa0cae6d4ed025d622ced002257
a54b0421c5032990a49a7887bad2cc64eb2549bccd28e5b43e206c7978797978
4b33aa2d4ad49adcace1c01ca0d9a9498850e19384a13819a2313633389d5340
ac2bcbd2bcb181a263ab5c82aefeaeae65860aa426448a6fcd78e853096c3619
1d9aa121432815d2409d524828282f4c2085de05a5c67c0d40cc9925b93c8080
ee5f7979787978787979e221bb194c41514a9131a280b20c59b9c12e11b3a98a
4c3a4b63383fc4e5149f255cd7ee8ac8dc78cc6dc04a2f4ed25a046aefc4e4c7
b59c6c15cc353143f56ebb2ba4d4655a6f2574ad5c4c76eed827d2a8285f4acc
bd282cc4234e41526838d2d31c3c209ca9c366564ec62e1ac5296d6d4ac2fc52
9aca20adfcadee65ca0e262a608f5450ecc49409885cda924961818a83ba902d
8dd4aa56ad4fe580a87978797978787878582d9a1d91963114511dd95091198c
000000000000000000000000000000000000000000000000784a260528e2f4c8
0000000000000000000000000000000000000000000000000000000000000000
5be5a2626599cf6995a66b581ca44e2d643466307fbcbe2e2e5b4db665060e4c
46561b3ee75893ad25eb99e9ed9dade219e49b90501849133813a9d1c2802314
ce6366696fd1dc3551cf117c2b1322acf7ed4ada4855a482cf6ecdc00cea20c2
84fc2c2c22e27afc474574aa6e2adc2863ede9181531dc03966ca1b3d5c1318b
52b395410b139c792a0a95909a5dba9408622da414cab0017878787878797878
c146b529db59bab4f7c7abc0691b719cfab344652b2119e9b413a98aa9c3492d
b188195418c18528b6d5a99bc189a2a3b9caaa02a10282ec6b26aeb45e4a4c10
52d4df6aef02a072ea5742680a62a8860f248daa84d46c85e8023a1a42ad2c52
78787979787879acea542fc52a52fda7000285dad4d52a2deadca40cd2600e4e
1e1993cf16ea83f55114e2d8c36d79bd592a941baa392113140b58a898a2e978
e8670664066ef4a225e8d6ea22e2c8aa4e2dd542d2d2c4ea2fa850ac65c75683
19a29db3cace1918922592a21c2932922418b882911aa81ce10110b990b06f4c
69505104520accb1c4b1cb548cc132c3a98728a9b2889410d285959a232d2b60
b29a90a3c29978797979797878784225ea207d7ada67c40ada5ed50ffed44ad2
82b14893de91cc9994846cf5d57df4ca96b4251ed8799a8990ec91bc0c02328d
a5139bd45f8b9ad43112404c98a14aaacb0a8ca695103b18b205a3232dbbd129
a227a7ae7e12825953d13bbfa969c10e9ad90f2b2256473cdebeb7c4046b1b1b
227c074e85ca42aff7a5a4aae2ca4ee2ac4e2ea42d2afd65e5677ed2264827d8
cea62c478875e04226f246a4aa78787778787979780450e22a02a02f22066800
24bc0ba4ad04539df5219d51f7a7052cac4ac700fa0dae848d0da4a27860587e
c2c1c0e454db559b0a7bebc24c1389dc62c67cc2102c9c51cec4c31dad12c934
90d13bde42c9f565c35d9d182a44e0ac62cce6dad452caa2a507ac64cb8509d8
5b199cd0c2aab1214c49ac63cdda05d7445f5adf2a242ca22cdee2741e2e7d7a
c1d21a78ca946d395cddfac11e38b46bcd8e1d7f7978787878787878b0a91432
41a4a5a22d8dc2c4ced842ee25af5de2d88af760bc9120320911c5901e8b1ada
dadb2e9413060e98a89b33c40c1314a199b9bb21cab0aa5302c18b634111b1a8
4fbc66ce09c65de4bd675aeadb8bf2544e46ddbb90133484a8aab0989a24b312
79787929c9242d12d0094b83923439293b1e9460cd29e08e5a5464eae5baac3a
4d4560a5c5d97be84ec979c1129bad18aa421bc1ab8ed2c0c091c07978787979
ac5b43192c23aa934a1ab540c2aa3935e4da2821991a4633cab09723c2cef21c
b23c1810c162ca1bd9918ae2ca248aefa7a2e2c2d7d278f6ca5cbd451becd322
1328810ab9e29b499012c589b62ccb4255c0858643254b9be3f5ac0cd119c222
e6c47879787978797978eaa7e0cc2282a47f6f50ed8cde48c85799b382d1c2ba
0202d0ec26c887eecde6cacd852752a87a78cdad480f47d0ddacd8cc40d2a42e
85a28deb45e0d96a9123dd31230420ad37df26a7eac5af68eccc0c76d48fcc42
94990bcadecd3c929131319b1a9bca09da34a49dc9402031c182153994889e88
0c83c1ae296059599b460d855e05c554dedcdbfc4a3aa196d3aae6ee62ffaed6
a1db616451cace506278787879797878785ea525a0eca2ca24f2d72a57a284df
34b3424e39383985347b21533920f0b4c4cd9d0d60ec211e78a49a85693e97fe
07462a522e5af8e0e52ca313dd5d36cc25dd95b2ba34525889c4401ca821a494
e1a411cce6466c89d9bbfc662c195dbc23192d4653364a505e5cac24ca88f5fd
9998123022bacaa2584a2448e48d2a22c42e44c0e62dc427bfcc28333d596be6
13002a48499114c6bb9aa21419a911197978787878787978906a4a23a1aa41a9
4aadce22ecedaf26a7cc584cf5a866ac219aab1b6d3e3a2101b192e3840d9b79
c0caca454d4ed86ead5c7ce6d2a7524202e8b112e034a2298c42912242cc1b2c
d675e0a500820aa56452e6f5ee2647d69d0da38d991501e334c99252155e3378
b5cdd4e9c0326648ebed3d3d5750a489039c0cd829ca313c06c219233812c177
5ecea586620f794ba8e0938391a1b99411880b80c9300978797878787978796d
91964e2528b2a6aca4aac728dafc4cc256c02aaff45c4f05ec4a666586dc7c8f
21356b1acba742f7cdfc7ff47de6740eee745ad28c74a229c099343161679cb9
31414823ab1b4319a939eca2826194a19990351a1c12b72d3a354d921936be64
797877787878e022a22257574222ae0ec2d8e226f26a14342514a9c249604003
1e9c2281322c90ab4a3edc195478c2bac623ddcd84cc4d3d46ddaaea99127879
60d0f1c25d5a41b735dec6ef7a30ed55b05c2918b83c2c1813a1b1a109b1b003
a5072d764242d27b5b6d5ba789c5aa27998a1924a5804a93054a113c8c3b5695
4a02d5aa8470082e42a52485528aa560d2422d5e42df0e426d66add745c5c3c7
68cd46750d7878787879787979f4d4e4d44f2657082ccacc2ffea88e8200a5ef
b09129a120a4e28064f5d22458cecd52474c8ac078026a5d802ad6ac224af47e
bd7ea6cda56256dee8aebc99d6300b45bd934aba09994d99101a26a5a9195ed0
cfcefaeea8745258a25aac5f2ec88dc8fe4c4d4c5387525c32451649dec544d5
3ad8898ef1bf7f66c473accfa5c12315d5e64dbc25066207fc8ec228ceaa8cef
ab91ea1757ac10669d53d0c57978787878787978932baa1913da15419584a8a6
de91adbae24d1fc9c26e9211419491d031593920202d139449a63578851e25c4
8312b899a2039d2994a91c8c2d2ece25f65a05584d8d7fad482c8a639397dd0c
c55d3b311ce64351cec2b1504ac6fe7ae58af22c5c2d8224c20a5539289e1159
cad8f4aa476cf044c2d5603882811ac5280c98911eba495d92a3db16c5222851
19d2786ecc405252a52e2766ac5c406c2a404478797878797878792ca865dc6a
484ae1aaa12a20013901222dc4aa183b49180940bcb6a9b3b1b308211b938309
0b2a2e40426c6a70ce84d4e46c655d46aac8d8d76ae402dcc4df827d522e782f
d62ad1c12895111b992c1238bab64e291a239cc8ce4daa392084eca14ccc4696
7979ba99b95c6c470cb643559673be285ac3a48ad266e528d428d7ec0fe02a5f
36ca5b1f9d4088dbb8780229d9ccccb66dd634a6db6d44e3240a787879787878
6dc5a24e065a8b0e4bc3bb69239809c99a21c2c4885239b98473bf574df8c44e
14bac202c1b2a0ca15962452c93ed9643bc097392db92a457e2a20234c4bdc94
8312181334454b8bc90d55d3992e19fcdc87ed55a532d5fe2311d602cc01acc1
c9787978797878797862c0024270c56628e5edddce4482fd5a2dbcabc41a6cc3
45c2227e260ec6a6c24a62e4fa66d7427901110129b9228210134da92b3aea19
a430ed26353f9cea429304e3691c7bb90221a9381231a27a39b53ac9211c4289
c7d6c2d8a55dd07ccd2e224ed445026adda4c70a78e4a5050622d0f0e40a0ce4
c02f19154f0c0914ee2d135a5a2e35cac8b9032c8a2219933012c110324d019e
2d9c376c53aa134c7978797878787978da8a2827c020c2aa088c400aec020d02
8cb9b851b33044c2b5695966cde94e0a5953d9b1b9c2e978ded110956cd9b24d
422164a8913a55ee560655c275e658aa0aaa20d22ddfccd901998c9c1ceda2c9
a6edbfab1a35a4de9ab3ed6538761da6145cca5c5d52a3b2c0a191e8cc50c10a
001492babd09123e299aeec8b5cc42a40d6d3e9394a659ee8c67f59f249e1da1
5cc31a1aa19c0a2e3aad9088a1491879787878797879788838449132d12dd690
55fc22c2c247e6664c745268845ccbba92e1ca68ce26bedcb06ac55ddcd1791b
0510b84b45c9badc4dbbe43981cae40f7cca74040264cfd628502c024c6deaa7
96b39eaaab2a33a2999bd925228299a091622991ca89b6019a928142c3b35c80
976a96c2d2b96db72357dc40a5651bee1e42ded20c2391212169ecfb2d97a1a9
38bc1a36d17878857d8c6aac08c5427c0600252d28a67878797979787878b0d9
56aa2a620eec168ed269dd3aa272d5dc8d9d93ece19cc8484b8b23a25b3a8bb4
ed4dec4020e14af5a95465cdab7e969b93ba589f11aca420faa62f5e646efd65
43c22675b35b5a7923e3fddc6224115d064112031615cb2043ee1caecd28c4d9
78787878794c9e28544e74619c7da34f4bddde462ecb4487e9dcbec60a3a9b1a
12a61992a1a228384dd911217990999a1253c3211329bd21c9804110b6787878
8834a114209414c051d4333a984bb926fd94d92e2c2503dfca8634460281b806
40ae2a52a2ed4e6f2d5a4cd46ae2eaf4c062ca6dc0c44ce0cca2e502e8299100
c060ed470852c4a6f782ea85d90cc125541021aa294a9021604212d9a64d262e
286528c578787978787978792e8884ae27470d4c207a4072a2c72c8caa822ac2
9a09ba180d8bc9b604399994b02c9c691fdc3d784e7c4f0404d4a72264a70ac6
e085d8ac2282339441dcca6c29519290ad001b452269ba33b4bd4a321c1a3939
0acd2560c842ac4999910c1c0c8943ac2a03dd54764c2cc442ca555ca64ad4a7
e6ac8c28495cd26aea22162b96f92a8d2ec4cd6240ad224426d52e8ce76ec540
ddaac2485e4402ddca44a57878787978797978dd2280da9e86884a9e7654a55c
e75daececfcda4752c4daee782c8506dcadc27842d5558dd0dca78a7fd4fcefe
58239a9012234999b85368c7c044d0a2586e6dc66dac04c52da05f6442260822
c0d1a25490dac3028123a9109e02be5a5d79b83a6d4482bb29ce35a4aa0aceb1
11588a1410109559421b4c7a64524557e50f6405a6ace4ac760e9eb88c4912d2
267922d40a42b4119491b5aad5a09a2dbb9e797879787978787824211aa9a94f
13584f5a24de45e5e0fcea2da7af5ada4a0c50ea5e22ea08dc4a4a7ec024fced
6235c3dd5b3e0362238ed6996259343110bbc382aa3d51db3931c3186a8a6a13
c834fd96ada2c3e6e456610d157ce6cfcd1d16eda41e7a81b4eac340cf4d24b8
782193a819cb155b9baac2cc40bba28126662a0d285667d20c852a65dc5e52c4
00000000000000007931108cb8aab8aca2244b571a3ab09cc179787878787978
0000000000000000000000000000000000000000000000000000000000000000
ad286e4620548a8fe8c588eaec5628d5ec45ad25a072cc8d8dadd2ec0ca8cc7f
246daf5264ca56a2cf27aa47c8c24dad41b899a151b1c0cb3cea8129da2b5a95
20b4c9b0429a81ace91b119d41c8a199da80da0c5dfa8a8cd8c655a4846acaa5
8d8d55465a48c4d9f1744319cdc1bbcb4f5fad4ec0dc6f568052e5f88a225245
921b9c2d30dd8979905e0b9931a3b9381c13b333c13b09547878797878797878
4cc18b4baa9aa2c49022519512c9ba20a2821939dce3992c0ba5bcbd21d61208
da8a11025b90cbaf88770ea5caa02226005d4a0ac5584681902be924d9080add
dc58577ef00e482ba52a0a93591992563d412292104e3a215a9a139dcba3b8b6
787979787979795422a5e648058422425efea2a6e222c44de042205cc64fc620
05ca728e875a7566e82aac20745c789525c6c64bdeedec2a141e296021e4e978
af57025a6d82ece2fc5a55ece406949325d14bbab20529b4966ba6160a3167fa
45d2e121a7e667054444c7e3690e8c85a7f0ad22f552a8dafcafa6c7f060a044
2764620a2a6765a8ec44a2746522211dc33c13c145171fb59b5d5de9c635fd85
0c48ae8e275078787878787879786041b98562fb5e23bccb555db4a0e56852a8
ae625270d2a4cfd266454de0a044f4256ca6ac0c2078084d825aa45a0f620cd8
1aed1ac6ede6ca06ceb405b209b47e6c6aabd95c6b0a58c422e042d282580e54
7ac8e452a508c0bb2adab58813369511ab21ca4d94a113c166d204665d1e13a7
98ab0e19a886dd85825aa86e7568f045c4420ac485d7ada4cfa0f4068d42ea4f
22c5a25662dac8cc40a2fc7c7d7978787978787878d232ac19a4c0bb81394029
166a9b4150b23a41b1094a9be695623e33cbb3c9cd3ea6e66f24ed1478cc54c2
2880993a299d84049151aa1adec4eca6220252cfacacce2a5074f84d436182b2
1d3b504ba3499d9b262994bd3c98814be282191aa2322c10bd14d389bb9dc9c6
2822bb100f011a1b1583d3a936626efa9df6412b22c9cbd3ac3936434c8d9aa5
8ac427785c4ed25cef40a20426cf20a77f28c6c27978797979787978a1cc3d3c
b9a4cc90c0d9e12c3c9a83d11993488c4c2a936ca4544626a7a4df255aaa25a2
693fda29899a0012091d3de5b40bcb098a21ab9ee6a5454f530bda6ce33116ae
2224a03d9a93439359349b26924814882d048ca1c6e11c65331ca452129793c9
78797834b8dd70afbc2add1de8feea635b214b47d0c0c22205d4e02d442284c2
4c23e92c3651441453c478744645bc882040e5e18b9f7395c623e47878797879
3bcd2311ba3922bca8131535108918aa90bb1a9311c1da1301a6c6a5c3b46456
c6064adacda42dd72554dce004dd82e86445dfcc242eeaa8ce4854b229156883
684d8c4257077ad80fe0850d20a6c4dccced2cc20aac8ea757ddcad674d5f524
3c697978787878797978a2a93881c361b2393a15465a9b89b09985242446685a
e791ab0424092b39b349155d9920419c4e784c0b285a2a92e45dbd5cae85ecee
04fcec0a4dffa4d854dc7025c5542cf4e415ebcd9bcadd946b35ed02cb94c3d1
52ca2dd27242d250c05ee0500c2a80fce2aa8fdca8da88fe7f2dcdee2a5c4702
22c8e4c6a6d52da4dcf5ac02547dac608ae901233baa912c4cbb21c0b8a19299
0b53d99b6989593b547978797878787879319a5ba11a22c042454928c2b6a394
1b6ee16e4e2ac0200f4d744a286d060ca67844256d74ad7a784653ab3c12ac34
ee9e9332c8f901b44a52a13c31b34394b8bd0611cc8bbc1c0dbd74a8a2904d9b
90b883223491a2142d212aa3a0432939199a11ac011a6a3115c80ceb039c9a15
8b8b299ba32c113a5c2205266c0eee87524e8454aa620f072292caac0895ce11
3a3c126bac42ab9102389544a990b9d2797879797879787884abe198b1310222
13a4018b025b43a64d458addb09195c9a5e2b18d3b529103a008991005019b79
b114ddedb34ad8561a602d944131c7cd13181d1d0e3992c138139e2c12d009c5
5c130ab1cb99834acd11c60bb3b335dc99feb11b19dbcca485b444f156847a7d
0e56cc5e445274aae67cdac8e75d5026e16bde2c1a6a2b9e91d155cd4e354512
d2aa5280c82d78ea5ed06854f0000d46a824484ca2ceec787879787879797940
66823da401fc12294914a1a92118561933382080481b4c05248c5a5480425d72
293129b24180aa12c8436cab43c43994a4801431d1c8c5944105b1166b4cdfa4
d2c4420650fe9dce216e2d1d9979e08e486b15cba25126a911b80cb249ac02b1
78797978797832e3ca50a324adcdd7cd6cbeb96ca8c1a682dcc845822a0ae258
aa53d262da23cc5abde0540ae37854a62aa4285c2f208244cadc82ac54d57878
d5ad8f8d04522c220f42c846c4d5d64b964b2d5c0ca6a36acb2ccda1f169620f
8c9e5c1218c8b3190101ba469b8f4262845f045c2e27ea0dc2c40a78506208a6
972c3646e87c7d62eebcdfd8968faa66c8cc2aa86dce5445c8a7d8455715ebc8
32aa19869078787879787878786a7c252dad42cfa0c48d0c2a645c404d9697cd
6b44acd352c9d1d58514d43b68c995769df52959794328849989999cb91bc0b3
2e25548f3199220ac14b891d9e02210028e34a81ae11a451a4c33bd1c52a83a1
4168b09927081a9d0a29922bb415222ab338491200e442c8488c70d8467246ad
a3a4a08a7424a28a060d8a0c245da4e5a7c22c4422ba222c1dc3b8c40cb2bb4b
c4a2c4ef648ce6670e0cde757978797978797978560521a251ad95999199a121
c124a9e1c5c6632443d97d7aad4fcc4e40c2ad6c7fe606546cd84778dc20cacc
cce5d0afa540684efc40c4052226f652ca247d0222c4d6ca2cc22e381ded4a25
8add62a465e0a8e652dddaa44227042df6aa880d57cde0f724226c847c22c422
aa739866132a38e591e2b7998b39b0e2ca91100a11105a391903915a7ea82028
293178ce2a522faa552f62a747e2aa778eec5e7879787878787878936ab2b6d2
8f91af04ac444a4d82245ade26c72c4fac421a538313b29019a09a23aea922b1
cac2a5d2e542664c4ce475d0ae062782af50aba114d974bd5598aeb8d7e86449
52407edaceaffc27044424adc2a8f8eeaadc2aca360345c1c4c543d4244a5d4c
78799060a31bb439a1a910a49c341c232ade6d6404d5c2c2fda8da4c2e2c4447
94c2aa9d44cc11c61878de4b3abd425e1c4c59030c0e4bc87856797878787878
cca206c25aed0fac78dbe4ead06618d2e923359d8d2185aeb5062d8208bcc451
0f2dda62a84f2ac75d489323cb018410a916caba094054222652daa742d0d7c0
339b49394c32b31429291841401b1921a15919c319951929a64e4acd45a8e68c
5d79797978797878798292429d29b5ae121309528498151135169e34129163a9
16aa983c13cd9301b1a84183c2096b8b78c74a254487256f80a8e255a2f8c252
4faacad7edc265a4eac2d82e452ea2c64c929889c40b2c8114a9d916aca3c98a
4052aa6fcfca5cda4d4d4c625e4dae8cc2c8d2a425a4ade42e4472c7ac5fa228
afa66dca82d2a2ee5ded4aeaf606f2c20e20d63d6ee3cbe5aa6aedbc928d8ad8
b4995b12932916237878787878787979e25acdabf3690469a1eb6512467c3e9c
193916cbc940882222a504896242aac9b2025abb3ba9947849968e5861e56b20
3dc669b5f1e5431b964159ddc17ab659815a2e1ebc041c9941d414194aa29822
40bc5ac9424a219222924d3aa62d5442aa0cc11a21a9a3171e9d23cc3e6e8a2e
5c2e1b1aecc65e3aafae7cad142ad11040b88454d3420442c321ecc0c0c12349
d285fc5c0e525cccd7ed7e24e5de547878797878787979ca4e163ea8c952ef43
140285f4bd5ca294cbe6ecd44ab66d0a8c4c2aaf005200a25a574ddc448578ad
6b645a65a15f0416b9da84ecdf2342a9ab3ad5432accb2a5280c39e51c19a018
11119839eeb3acc4138bc31cc1c022dc45fe28e7a0a5c6246fac7dc6040427eb
d586f75a0ca5daa52628257c68edba2193ab2d9bb962a2a582a40a84a1aa29b8
45252d54a278840a825c8207f4fc22e226c7af48cdd078797978787978780620
89428d5a08a70c84e88f22c677af6fc26ad4aa55eaa022cc4c28c46c7d72eecd
4e2a028a826d12a1e5f9905d9f5b2c73a46cd96d29b5898aa1b2b813650a8182
b948b4c232a0899d8112103a4494183bc2552a941655aa2ce74a420fc2c447c5
78787978788323e99089403a9c990a3a8babc051da1993399ae00b8831ca3a90
19bd5a299b2a31962921dba3782f53244b3ccbcdce6d9dad323ab1dbde797979
9b913190a99b18d3a3d135a05535e8bc4d55a66474999d592e8d5d47c9a814a3
159d8492129a101aa213806491290c61202c8285210a919b28312d19abda81e2
120759da22dace9c0819645013a6b39169d121051390a3aaa2b936cb9c0aca44
c8e8d28a7878797979797879e4648d99e9393f4cb6a86b8f3c395503455ed99c
b919e94ebf8f4ab5eed89d2769b9a5d73d25b778ac722f257aea0f4764a54da4
a76f5a3c1112b41d24262b884139a9cc043b9082b2961504bbcb1c2ca21bc2d2
d28d3427c5a65d88ac85d828ed505685605ac680a267aaa8f02a5c82a45c6f2c
c46658a8ae64560ae4dcc68a06a2eadc2cc5afa11e3000892c0b4a3141241223
40a4e2339e522495cbe4ac78787978787979780cccd5e2440d8c0ecccd55d7a0
99c61c334a19820225031e03a113394a4892b41b99a2811ca30b78a6bb032f97
1850a918aa18c3aa13c249a95e4d9584a2cda34b09089419b3292132a2ac1343
b094b3144c052c2093132cc4060486ae2af2e4ac42e280675c6ab4a2a9692148
904492a88919a44cb2e8a26aee72a5a24c28dc2526a8d545e52d2869aa3cce5b
a479992291a90eba1a9c4d11999a19a8200379787978797979790192b1981c44
0349adb132213a81552e30a2a848130ab0ce8caf5cfcad2a57ffc5d46f2458a0
4d111508222ac1b41198aa404ea9d91c3b0938aae1d3809b2988c62949cd1adb
c22ea2acfa8ca688ac7f5c4247e4c2450a6fe5fd0ede0084a065a2cac24aa6ce
78f2a57c6a6a6648a82cc0a5cc7a5d08c70d4a590ba48cb41b0b99612a29d4b4
0000000000000000790893132094aaa4d2092431ce2b3c192978797878797979
0000000000000000000000000000000000000000000000000000000000000000
0f8acc6a54a5a56e42c56d57266e627ece625159d10cb2a15ea231c8001935d9
d2c64ba212c1ed5e159a6c324044d22d3206926ea927698503c492e591a6e06e
8a28a88a40a2e4205022048faaa4aa20b1010aa883a221911061c2423b395adc
3ac9819c86b1213b4419208bbab1cc8ac1bcecf45c9d26329362400ea2ea3852
a4da2a8a2580e878e88445d0ea6f5ac745682da0c4204add7978797978787878
e4f3f63b4939c427aad2a82c84d0a5e0524cf46f5ea6a8c80ac82a7e4ad6f02c
543163eeff5da86a45cde2cc8ac77c24405d2ccdcdc286b18d8cee765641c715
2e1904929a12a9a5cdc1011e2b3832c2388b29a4a9483ee94ac615e794e422af
797978787878782a8074fde054cf6de0ae42e62eecde2211d1a1103acaa4c99a
bd15201a8d9a228913216a34a1c179b262b1c942c5192c9b3a21d00344c3b278
09c9b09de748c91a467563cacb94a3128614da59cbdeb4d1a605cc2fc61b541b
8290e598391c00322b19cca8039cee844e7c2ad70f827c477a2e45af852cf212
5121cecbadcc035402625d4ae7a59b4dca8603a32932b82c28c4231433b19b69
a66c6782cc6e7878797978787879a03bd6c208e8a254633541833d6fda554405
aa0d58546ca80ecaadf028dfac0d2a2c04af62cd887828c44a257f4f7f07d8da
a131b34c242934b3ab3c39da2004129ab6230b42256065a548f7e2ecf24622a4
b0c8a072905d865ae48ae94619b145ec48ae7d5c51143222a0a0c8e093b9b24a
94cc49ae241994c9bd35b30262b1123144ba91c142419bb9a1a2a889303ac902
2834d759702c5331cd13d53a9c7979797879797878b23a08923a092add43d139
c43136374b4c153e684238acafc6228242888a05022cca5277c64e8078376329
9c189a40349995431d59521aecb7c6d3da1eaa66e5010816e5c1eab0152ad2e8
ace0e224827ca22486505a08c20405227de74d828ade2a25d622460098b5edb9
b2294190acaed10263993398bc90930c820a991883062a1a9a42a88827d50424
c0cf5e78c2463d01c3abe249c6d92a46ae5acd9c7979787879787878948019bb
c7765c9d9c3434b9bc24cdeb5834a598541a20254a2fc4f4820c22eaa74ee20d
d646b5a8a1919029923ba21ac0c969bbc4189bc8e0824d27e24aa4e202acdc52
df54262219b34c2841b9204c298ab9c931b21e8c053bef55569eeec7a17229ed
7879784eca44574caf2a76dd228a2caaa8cc5a6428fe8722adcc66702d2decd6
a70593a5a49d543deddc799a089e3a24998a3aac9d4129c4a8c21b7878797879
02a3501e2abd1d12bbd0e7a24284df2875282e2ca28ca86a48a5142a0b4edd35
2c058547e488ef0acf42b82593d3122b90c21bdb8929361aa144eaba0c11cdd0
a165d2dbcdd6ac6ca1bcad0ba8a0c26acb9c421414a09132831acc4d4a8a2d2d
2d05787879787979787876ef4f5d8564a5c22caa585ac47fa600c350dad94c61
d4b1b9bc4654429e3d596413bbd9d051ee788c65264aac45aedc4675f4e6daa6
4824056da02fcc66cc8654ec2d65daa6822044c0eac75decfd44ac0e62e466d8
48deeaa4b6341c25e92ece1eac4df162303209a53c2110592c69e619a1049dc9
01c4a82006afdaaaf4dcce2ef4aac2cf0c018a941bbb959d1a39333eb390c29e
02cace937e11de5dc579787978787878784819092c02d1904d426cb14a0d20a0
daa5a7daa2e072587a4c564f055762a27daef052274edc4c78d69b8592fad4c5
8141d293da4ab11adcd66f282f222222a08444eef7fc4c7eef227c4a84250cd2
daea71d6a10d96f35ba4965132a8ba95ab91394e2acaa49854a4c48ce299c9a9
1531e0bba01a2cb35982c600a2d3881b349d2452ae59b1240ec1b9dd7b8a6277
04331e3910132aabba95c32c226280b179797879797878784d15b512b88229c9
6462a6accae27248ccae2f04f4cc6028c8142b9225dc4aa435181d2e23bbb179
19394a2a99999ea18e4243c4319898b23c8a9999a225093998ba30bbac2e2358
a923934146b9429315c3b39b19b3d1aaeaec2fa6c6c5a6045ad27e5e47a57401
4db5c134c4e8ad2c651c9bc13966be02d99ba8a14501aa4aa924c901a6bc82aa
1a9a8b9be0ab78d299a64462ba921d46abe9cb7d8dd7a578797978797978791c
c4ecd82f0245ec93f38def1c9c8dc836466a44e2e1e7b06aaa1bda1a2cc1b239
99d2cd449ada2999132ab04c28849c9b131a920193be25a4485f76da5220f65f
cd46a84cc4a552212ed97f52bbba1c45ffb5116a579742319c422e39513db819
787979787879c7fddcd4e60822a047525c4caeea6fac5a747f4cfd00a26ac570
800ea4a544ae4af68d455da04a79110811b1b1424329819199dcab0ca53e7878
2ca47d2d270d2404a48fe256caa0a302822a491c9b921816121b22b2ba50d2a8
12928d9295acba951c0bdc0c41a635164562c6b3a2d05ad354b6499492c45d6d
92bdae12738e3dfe5b3264490e99cc2ba22b9d51eb166b92c921418291181e4a
5a491a8b237878797978787978c426ca450fd242ee584da60aa7622cca6b2eba
63ee4c11e73487cb9621de03ebbad1a0d48d6c6c791b91349bd2ce5884bc9112
c0606250842ea8eaacd7ce2a2d60d020a420a5766c65e66d0c2322335c147840
93496c0cc39e1098e436cb47ec0ad65d506aef5ba4eda76c2667f25ae56d22da
0a02311ba20da131933ab902145a06232b32b919bc39d061b2b9526bedd7a1c5
8db5534b98b6e6b5e29aea84797978787878787812a8b3c61212a29bc24a9c92
4a54dda6752204ea4a4ed5a6c18b1caa3ac0b9342449b432511a1c78856a528e
a29ebbb390a8e33fa26edb0d93ca48ca3090230d18d65194ab9341c068cc5c27
199905eabcbe9a40bb22d2e6ac556f88f62cada227decddad42f441364251a84
8ce4728e2a22dd40fd68ca65dfcd39a588405cd16dda5554ab3241a8243a0349
1831798994ae29321a45899b298a210c29ae1a7878797878797879dacfed44ca
0c578255014ab2a0a92112021d0e1aa443da1a9a81dcce1c15e181b24a194812
3bbdbda8c4c9404d6545ced2ac2cea5dd11852d0a4a2287f50a8206866f56c8d
10578190a19e2191ad5a96a99c41c219c9a92a01a9cb41da4ab36ab120d1d8a1
7979b110a1e52ccdc2445cb3d25d1d446fb8ec99b628acfb81aa2411c0dc7c45
a23b66c3d5b9b22909789238bca0a54ea5514503cd92253fed20787879797878
32ebd534aa79547996031dae54c40a0243a151099b083a9248be4791302e633e
1211840beca1c2b32df4d5c4c08805cdf7e8ccfa40ccccc5aae1591f2de5594b
8a49215518c82030d1908d3229a0961b9085191a181a2abd144311b22a49194a
4a7879797978787978e5dfaa61ecdaa36dc5a6cc59615cea2a3a9946421d3d10
985495652752599ed682644e551a14e6784adf05625f428f22ac75a0ea7ccda2
04620272cf2ef6aca5a824ec8558eaa5755c5cccea55c867028d88d224df2c28
feac424d78a0004265d8e08d24066d57b399814689908a930b118a3121c4d859
52abac89c94e0bd92c2c996d013c6e8df2c087e60ffd456de4647c84e6a8c842
1ceec056e2a2e1497878787879787878904494aeaff9b16dbc9a316f2865266b
2ccd5a4f2aa8a666050f424a4a88042246dca0d852a46d78e0fee5495186a3e0
cd4ec6d0655a6a530aaada431c509eb2c12a09c428b49aadcd2e8ac45006ceca
fea6524941445d1932c10e3da82c884a233b3ab1012b44fc2225a55e8052c6c8
b200a033b33cabb903642ba14988202c321c33a4abc10395b198c6e563f11cc2
9ac1822c9a92200bac91b399989168797978797879787893b4926908abd133ac
4d55faa2561985309459413a4d74474eecccce4cdc56ec04a4f2d86ddea67913
07a2e46c5af8246e228e2de52dc8bb4ac62196a9321439b12baa20095a333554
f2a2fc2652a5e5f28d46e8564d5ca3146c3325950da5900ce1a354da1639a4c6
3864f4e62115b7cfcea1a5dc29a24939109023843164a332943c981a28aaa506
a6c72a85d478c6ce44a24a47d26445afdaf5422ca0507879787878797878d035
fda2eace54a08963a88259c390b3122b9a43b4a2ca074dd56c86a54d482edf26
3299adeb40c1350c13d22d93210b5260a813939121a50544e2dca2e705c6f0ee
2c85fe22223933124c193aa61cb599ca8c21118349144a9aa392482028a9d8ca
797978797846b6a51645dd92dd9f6b854b18ac26252faf4c0ec5ec0a640ace86
bcaae450574badcebd023aa77916bb2d1dc314aa149144c391482c4491787879
ee2ae628a2246c7acc0887d089113b9223310ab61b1492945c299dba494b4a85
ff4d06c4884ec0dfe6d02a5a6524cae475ae407dd27d4cd6ac5e5526aacdaeea
604fc7edaf0ec8e258d00c0d8e054dc424286dda8625565d70c045feede48244
d99d215a787878787878797836703b79a9d65604a125caf0be8928d44440d285
c4a1c203425a9ab404949c5e13b418a33c3332799262dca1b014b91245a42191
5485e28e569c3329a0313a53aacbc9129118d004512ecd28a9cac984018c9a21
e9c1eecc726616c6ee516bcb21933f0115be552a4caaf4f8484ae400d264c22a
06fda4a5c06550fc424462c244a5fe242a06cc264c5bd2355f8e9d4de30f9390
9192a331c218a23110baca7878787878797979da6d4066c056ced825222aeae4
2c7c8024dc080225e4254e5ca14f9641fe5ab1bf33c640912624794e23b38839
a2119a8a41422c0db941ba589e8a01202ed1a112cbdc159aa2b2d7420ca7222a
b6d1bb9e9185b5edb4ba12a0c9c0169b93c04a8292a05a10a118ab9c9d11609b
dc4e9a3d24011b959122f4392ac93dc9da4cd5bb4c8eae8db20b6ad4ec685bd2
50791ccdae51429c1239435320c314b353127878787979797878e35ecdc35abe
4aa156f46ec30914b83d0cdad6cd99ec3ce0c875e2ace02f44a66cc48a2a22ee
9c26a5f2e86f2420fcc7fd84cd05a5e2c21a5a1a9a41a683b23c82259491c342
0caec8d12bc41a3a0b01a01b1ab2bd109ba4308182a9328330eac21981c8baad
782ba33a2a10315139a3239991a65912898c1ca9298008528033d1a3bc351e59
000000000000000079b9309693a241a823392c39bba9190bc979797979787978
0000000000000000000000000000000000000000000000000000000000000000
c072a5e5fe4ee02ac8ecda26a4860cc8189981b194e904aaec5bb1984112a49c
ed0ca0ac04424ca2aacfcc02ddc8802f0ac8694d949482180991d9ba9329132b
d5505ac80dd88fce2c5e00c457ae55a25384005aba2292451aa12c2cba0ab196
6d7ffdcc5adee642a7c70485a4cc56d5b384299a3481a938a3c0e4d1a92929a2
99131aa2881b9b7866247d25555226254fca4e4d2d4edda47879787978797879
3022b2439a5a29d7dd85542d6fa5e27aaf0ea86cd6d224dba129b16c4e02da11
22440a5911b09ba8664db2b3b5e61fc8d3d0bc484350ba1c11293844b5ae195a
ab38cbe12032cb3bccac298214a25b8119289aba6a159b91946b29b94ac980a4
797979787978798e5929a144e89ed796e16d5d26ec6ee04d2212332c8c121aac
1b81f99703c0a5ea6c41d0f912f978cde2be5d2de4d23518a19dd5269423c678
81cd32fc224a2979394a13205cda0b2cb32892101a92a0a01ae89a0c1d4c3eca
636c869498454d93b9bf76ab6b153ba79465d999961c4143d40589deab586ee1
5fc886c8ccecc6c0a66c246d2650fd4e2b42ebdddccc454b525d590b9446451c
d1ab10532a0e7978787878787978d4aa0e01b033d2a9195908339942198ca42c
6ed9baf4922aeac264ae286a4274acaa28d2768e5279a13a83292db4c049ba93
cad17b34c1b420132aac84c9a081161cb6b1a92ca0a3626f1e79e869a34de11d
54668c4cc8982c13c39e8b1120baca1510119da151343a8ca5bc63c231ba2028
a24d8811b9552b1c6ac4076183741bddba9d47e59d242502086cfa0e2264eafe
4dae422aaf4a6455e6a2a505e57978787979797878481361829b3480bb332ab1
e645add80543b423d294f9c5241c835c4351ba3649ad21998916ba9a782e805f
ea8ae486a24f2c228e842605a850925141e29ab4b22c412aaaa9698acaa2c823
9b4c4218030243bc34e0838b6bdc91ce56d351c48d51513da41cce74aeacf4a4
007ea75a574c56522446c6f07312744a26adeeb61c51710a4d95d01111981591
c484da78464c825e5c208f2c4a45ced08dd8445a787879787879787906a82dc4
8a13133c8e298b2389a802959c0a813b913cc35a25c5264af2c64dc50a06d82d
1248189a1a1a1509ab1918c322bc9ba649dcc2dac201289c9401385810910aeb
2a8ea25807cdc2d4208a668c4426d44afce04a2442aab408a0a13ca55992b1e4
7979784474d6d4f2842282ada5acda68427a84264c0070682ec856dda502a650
a7447475aa422f5c06ed78d8648e32bcf18b5b909ac805d339d3cc7878787979
8101282a0411033380c644deaa2ebe8653c3b1919ec95c87c353d4c0caafa274
2cba82ea841c9ba8a1a923843a5d376f4cc4fde2d8fbed3b3f93daba4c99a002
da2d68227046d8447e8c38a13411aef19ebee143db13344b9ccbddb209a1a1a8
0d9c7978787978797878542c40a3d92c18a3942c0494ab18561144a60ff506c2
420db32a849048c48e1cba9c1bc994122979452185249db9149349b902e0b089
3c0a112363d1d80abd2ac5391b94b0933544ac844462a62aa6a2c444facda8ae
2aa138d0c1c1ba389952cc9a69398b4491209383d2e90cc1edeaf149c3e3795b
b086e8aeca2cc48a84275d62fac42eec04b201a118baa24033299386433949a0
f22a2540c0a6ca4dce797879797879787918dc9eb4db9843915db389bc812120
cea72dccc6285da5407e644622a5655ad4cc26ecadd0e8d478472c5acd6aaa27
a2424ad5d7ed8c2dca2d8ca54e4f5c58a6846dadd208d5e6c4a5826f42c585cd
24494d50546a2a7483149aa1181102495114a11e29ca4c32ed22a54ec8ddf6fc
8cbb92300c3abcabb00530ca9bae91b10919a2b1291b9018a346cf4556663348
a9d5d3c92a0520c14aa1b3d0cdbbeb9379797879787878782212c2c2292ec49d
1b492b49a2ba1ad23cb536cc14cccd6a64540cf0f22c0f4f7ced40442c442679
ae47ccaaec06e24e0220d252a6d2d829cc339853458b204dacdabcc712ce9518
da93028212419234134d4ce21832c35a41bc2ceb17360122c43ede14c2c2d12c
6aaa1d95935e134e45938995c235a3990ab2661b101a4041291a9c34191032ba
6ff24c4c5f8a793a412146a292b3044224814b2c99b31b7879797878787978a4
848921ba6a1dcbe9b6edae60122591c463ecfd13d59f74fee606aeedd2ca8dfa
29a98e2c4b24e5df6e4aaaacda4fa7a6dc0e65a504041899035920a321b9b99b
02f67a5a45d656de225e44e660ac27272acc260fa8dc1c4315a2131b1a93aaa8
78797879787867daad6fd44c82587d2275d5582dc2d820502e0a0825d6f7825d
a15a6020b9c934890a3989935178e2caccd0cfcc288fcccf2cec6d4c0afe7878
64ee2df3ef24a410ea15d5c2dca04ec2c454488da2ea664000ed5d5786d9193a
02518cab6951c4a8211c21ac32aa2ff54f20d4c24e4622665c2cd870869c3605
3046c8e26eb255c66b272a5ee81a9261b158d011a4042312392b18912a4d91a6
5102b3345179787979787878796bc0082a159aa21ca1939b90a4988c10367b3e
80191a94df225642c024f2848aa2c2dcedc52867798819a643c3133c41130220
cbd738f19198a843183e8ea898a981ba90a138039919a598e51d928b0ace0cc2
da6a0802a9112bb9adb29823a123236ba09039b41ea94c5d34954e85935aecbb
02a7242645829b4122c93b24a6ad10813414932104a040a4e0dda58d8ef4455a
c681baa92289b3b34b8119bc787978797879797828c05e0f4cafd06d462cdc6e
c75e0cc280778d840aa2056565caa2ca4664e24aaaaed7cedecc4279469a9194
ac6e494ce3d4625fb92dd2465242246ea7ccd72a88c007a64a6d0cad4ad6aca5
a2faca4c72c8c52fe2da4d72ceec2d7acfae68020a07c62e2aeca681bea34e9d
c5dcaa46fc8ce2a0a2e2edadaec52a0400a8dccfc872acef52e05ced2a24faad
d0aa789c1c449e42a64bcc954e2ea9bbbabd9a78787878787878784ac2d468ae
255ab293a8942b8cb9aa8b921b88deb03499145ce3fbec42d2a6dc358e6342d1
09d24130e299a924d5ce56723a44914c1a145fd2a4256d6cae6d5c8c25528064
5a0f42bca2e694522418592ad556a625b24268c4d05d395a36aebf48c66a4a3c
7978ad32e5092a158bee22320968a419ea49adac4ac5dda5d4ea2d7dae705522
12e1fd92542a8022c578550dacadfcaddc2622c2ade72466aaae787878787878
4a91c322a08889280a148baa38a8c3049910d6129b0942bbba66ebb8a2ab160e
fc0d1d886aed49928b1b666f3c8c4de16a91c585433bd3c5f6b046116a884394
a2a5e40582a5ec2e4c9744aacd768dc03bdda8593ac6bec5c575d93621dacbe6
2378787878787979782c2ae2d46efc5dd48ca4a05662fefc552f8cdf50c27220
4a0a0f4c6a54d4c6a00ddf4a55cae25e7938b6a4a48c14d9db81a29a130a2952
4b1161ca20ba56a1c0776dd89deadf1616119ca2953924c1401423b9b24a54b3
e220dc25e48dc50a482ff42acad258ddde7645cf42aa0accd26078a22a5a480c
c2aba1831c1109ae29a138b99c49382c6e1130910b112a9dabc2032b19892a98
fdcaeac55c202ad27979797878787978ac13a43ac011a064231bbc949c11d29b
26a2a224ce26da6243b5b0cb5cb1f8069e1565655c3a257844ca6aad8645da4a
98914bae2bda39aef42a4a8628827cac6e4254f02adf7a4e52df6fd00ad0cc0e
196a0aa6aa199438e2415c219212911b12c4b9a1acbaa0ac1aa10bab18a1c34a
4e2cd6628c6c5fd5bc922d03d3d6018e348da6d66dd34cda95bbd9394234ce1a
498b11a41a4128049090b95001d63378787979797878780720cd84ca75ca2a24
1d5439ea8273408ad25267a799241454c98b2489b9c28a13161c942c820a7981
c4530a1aa40b231a903cac1961c894426baa106431b1ced110c1565886242bc9
c15bbada1484d343913a91b018b056504495531fa2dc6ca6476c2f836153c22a
fd73c4cd2549d7575c4583b59470b49c02adabb08a4e288893a4b9bc324b8b16
cc836b165778d614116bd1c0d2a9e5290b3916ca64d67879797879787879a637
452caeaaf4958c6e3e4f28aecf495ecd24352462819e354bcb5be52caf04e258
082450ce25445ae268a00405a65ea40527a66aca2444c0faac2ce00e552a0df6
8c4a2c4f5ec65ad80d706a6472caa2e540c7dac8f22a60df42eed06f022c28ae
78787878783d1c932c4bcb9912222bb0e3321a8b114022ecf52adc2260ad84ee
173cad3d40501da6e38b47a278e299a3b8c26dc29a747ab25b3c305b5d797878
e48a220ac2062a05cf85fc622b0804ca911bac11512a322b8269b41096489564
95a35bc2222925aa0031411dc284557dcd5da86252e85dd00f5e52ac84ac078c
911c2dbebdd2190a291431b192b115a0aaa942a94e1c0330b4101d1a8402cde2
c96de4677879797978787978a7e54cd6408c8d5aa4fe2e222f664d0e1ca1c31b
1cbc14a681e33e1d2e467085b6e92be64bda1378cae3396b6ac616ece31025c1
4c222985bc69d290ac21ca1c09196319ada435b31bc241631c2aa41bc8caaa8b
a81a499635330942a8882b43699894b2415d2b505022b84acaaa683d213b1289
e6c87282444114916a222390209bcc93b9ca44190925cc89b1bb18213919d8ea
912ad2cdb339a304c9061178797979797979780d2d5ea88ec52ae4cd8de4202c
6a86e446d0c2dea80adc0f2856cd5ea44f2c20cca2aee50defca799c9c189842
6c60fe54dc2c98decec6a7daa6a4aac42e8a427e6445c024724a4aa28a674665
de129eb0a64c221bb994913c66b1d1538b32c76274e84d109ec6b5cbd6ca464a
f5c6aca5672fdc22dac42839448283e9c83a90a01a422999aba965c3ca65b206
817911d04c8a8ca8ac2ad4c1b81398b9a16a787978787878787885ac20c56e6c
a47e65daac5cce624c5654aa0d8a8d8ac6c3166110949b4892438bca4ad9194b
1474a8744d6585056ca25d5e72ea5e82cca52ec08321b83c0b304c041ca42ac8
4718f53bb24e68a848ec22ad0eedea10666e099a2120cc1498a38ca294aad951
79c5a101ab94ca1b4a2c4ac30baf09198c6cdc23225d14c5226a86965dcccd5a
00000000000000007929b35c393a2a932c428a6aaa9222b10179787879787978
0000000000000000000000000000000000000000000000000000000000000000
094d5318c345902c8c90d2bbe29a03ab15900bfda1998c42841c19b3193b3405
28ca28ef5df4e65a7267c2c2e4ee2c54599224401918e19ac01b14933280124d
2a5504265a4fca846d8a4cef8c42aff5756295be6f92bbea672cc4a43badd113
95bb01bb2b514349efae9ed31a913d7cd68ff277426c8ca204e2a6ddc4ada8a4
c92109811bc2a1788c0a4e4c2a28dae0252607e82a284fa27878787878797979
8c84882322a2195060444acd7f68a4e60e2dfcece2dd4a093c43d151da6453d9
ad2947c5e19279ec11a23a4153caa9289ca13324a10a18889331cd92a0e4acbd
2ce66fd28d56827d161e4c7be5e9dcdb2cb39cc3d94271fbc1c734d49180cbac
78787879797879f482facd6a68d2cecc24427eefa44aa858d54dac276d85e06e
1390581b0de99b214da099cada32784ae040a624ccfad2422ecd25e22758df78
a2a9240899234022aa6a91aab152b0a8ea3296a329193512a99e919115b22d5a
aaa27a242ea56ef66dc24c82f0d458cf0a078a0cad262745f604e855c27d3243
0ececeea580680aaaeff6e2264823a92932be11315c9113a2b291dc9ad2a0ad4
26aaa6d7c04c7878797878797979a2eca445cea8d8c76cdda4ed826ca4642ade
848cc2af6add5acd5de6e4e60c022f2640ec0eac57785d2ac24760265a86edee
f58c2c224d693d3912129998bb19cba13bd42821124e2aced55cccd4eda54c2a
8c62fc2005dda5b6e74ecb9c541f647ff6cbe43a2fac2c56a70242f4cc24582d
4948cba949e95aae6e56b68cd579565ba61a5fd2172247a5eeaecfd626207a4f
2e0a7c7dea5a5aecffced2c25d7878787878797878a1e5921d044ac90a1909c1
9394a19cd131abd02e1129ad8ba14010a8282ab85868388a4d1a90107884fe0d
ec148922e1680c20482a6a094e3939aaee365e0de2c4933494a9dd301bac0291
0dd69f69c4abcd2e3e1ec32accf14efd8d84a62a2286aaea65333e01a1f0bc21
2d66625c20a5f4eed6af22cab1aa3b1b68981b143994a1c9343d3099a536505d
4a20b37805522ec57d8ccc5d7e8a8aa8ce6c2a747879787878787979c0ad2886
a61312184ac5428121248d913ae221a4c139950188edd2ab819bbab3ca45cb23
64cadca0caa9a3d10ab8c0a09e9a918981b111838a4d13421aa275e1954e5474
16881085dc88cc4c28c2477c28fed08547d24a4ddc6d5a2eca8d47dfa6a22568
7879791c183ccc3b12b1f13ad3a8c314b903a1d33ac901b4bda4cb184cb981a2
e8d622866747075e85cd79a18d442948a246ab20829241b1019a0b7979787879
90c13a2cb3b2d0b29beaca40a4c444c48a6f5c6ad4a0ddeca00f5d6aa8dc682e
82e652df0e658ad2c058dcafa8c8482e45ade2c5aae0af4a4687b4149423a9b0
9d92bbddcaee9256c524483ba881ab84d92a831994c946abb03cd240aaaa0caa
e2727878797878797878dcc8ac602622cd52c4ac82a52f5c8d5c6f6c1db4ca55
cc76aa244cd8fdcd5c28aca72a448c6024782228cd8a5e5af262a55c0aa6de44
0992e3b1a8182ba6b9a239493ba9938414ab9081a92ad1a0b21110a9e933bc89
32dda06607ed847a477cf056ea5f2daac5bb80c9c0aa333d423caccd394c8b69
a3c29223359600a054d0a24a9a5918503ab452bba2431ba8a469a39810498ab4
650a2527ca2c4445467979797879797978ba21ba24b2b233abc94abccaac669c
000000000000000000000000000000000000000000000000786c5222c207c062
0000000000000000000000000000000000000000000000000000000000000000
05ae4cac2d4fa024e4a82c2a07a07a58acaac2086d692502bc431c4d012a1d89
c4e5f66aa62564dfce42682e456e0f4c52ee4e6aeacc2cfe50246ac4552f226d
408ab35094b9c225b8aba98141aa634b00cc86190a1dc3d4393db4ba51b22011
c8584cb31316a1d0b291131a0a4809a0c36b3023ad542014dbcc5b6d5bea6aaf
1a45221aab24147826aca8a674da7cd05a5c042856d05ec47978797978787879
2a5e24282a6a472d62ef2d82c745445d2c42c44672c4a69ae5d3cc1349b4ab49
4042c4caa20dc6390354891c2211d48b2e13120a8599a9d7ce24752aaa5548fc
f44a8e24442ac4746642a8045fe800f4468024da244d4c4ee0e8e0fe2da44c86
787878797878794acc244c55201238021ac90a9a09eb1a446a2c42a5064ad7d0
3e04a4c2bc52b99c5c403922d6507900a31c8c19b12cc9151e924d36492a1879
3e4b10c22d3893032811a4a313039511a1b5142585ea1841204b5648a44ca5c3
5cf4c3dcc3452d6325ef15dae965642aaca5a764aaaa64da0e2c2024684c4b81
847cf25c8f54aac82686c70a7675a275822cacd6cdc7ef0a72ecc72de4845544
5ebaefe1d5a778787878787979786376b3b324942d901a25cba69bd1d2454442
5115ae26a9202c0da2cd4a800586ae2c44545f2e6278a6dbe8a4ae92616a6c2a
3b33212d408f8ecd546a5224ecade8aacfa5842eca4993c3d554bc3c0911d312
1329b9c235e54d7a1961c989ecf466258867e94ddb23b99b9a0e9280bca521aa
36b0041321fdd485242ea2e0dae72852550cc57ae6ebbca98332a09aa049894a
b1ba889c2a19bad8a018a4a5907978797879787978a2d814911a9bcb131b40bb
996fbc1c3fa6396e5d56c188d1aa9894d413311359131436291a421d79ec1a22
2d93ac4592a2ae9eac104aa42c6cdc99419a1dd2232932aa8c9a2bbb9e6633b4
9202c01bad91a93a35e24a2964a4e050aecad24aa4fa08fc2a6aef6e922485bc
1ab6498ab949a912db24982980c9c24b4c244928ac5a9163b22a191c94b5ca4a
4cfe7c78605f52d605600e0468ce84868a22ca627979797879797879a5c25c9c
c9503a3556be8a58a82c9963199313bc1ddb5b54ada4066aec28caf8662ccf2d
aac8132c1b3c5994cdb2c8c019c30aa9de2a9295190902cbe04999c91431c932
c6d63ecc4a7ffde6a2784c46f4dc5e4a6cc4f6c3481b33cb2c92b1ca12ae92a9
797878aa498c421b92a1596a900b849c1b10c289abc53c9e4d54d629234b4d9b
2aa92c5aa2b19a490d2c78c2e7a07a44dde8888022fea2e4edacf27978787979
b2a01995c25192bb39923195ee95cea4de99b35d991f3ca83ad1f81629b014b8
39810013659a51939645d42a24afeeec0664d4f48c78c2c4c57292269144cdaa
0c916468818bd58411505e4654a652d5242275d570e78dd086acb2a4534b03d1
b3377879787978797879dd43daca33dd8d7194d80259cc4ee40d113521441211
d1ce8225485452fd04e2f78425c2d2a84c7812260e56c3390b0a6934a6cbda60
d1ab25b999d10c60249d4d995990c9ac482c32bdba1032c9b13c3cb213c2e851
1c57e60cf75c56a424f54dc0c25424ae605ab3e7a7436bb6d63dfecd1841aed0
58825a222530b424a9993bc1b3840939ea9a91408cd2992b5b799b3491188dce
adc5c20222aa85a68c787979787879797855b98a1087b5e19545dac1c4bdb2d4
00000000000000000000000000000000000000000000000078250cea8dca22ef
0000000000000000000000000000000000000000000000000000000000000000
64026acc68aaf22c8fd56a68e002a5ff13b8418b486324c202b2139cc23b84d3
c6dda5acf55cfac6dae25c8daa225772c73c4ec405ce4fce96e316dd03267a8a
4466c724ca4d5dae28ecac6e7e8ffa2621bb0181c991ba4c446311a8a5a0a451
29aa13294590a1a8ca8099b0a12e5a8311c2b2a29b21a2193dde95922a4c191a
f57cd34190e1a1785cf226a828a825a4ac8aa8da6ec82a557979787978787879
acc28941c30b2a4e2dac0be47e9f4ce34bd3b98dbd0cf2d8ad958a627d29d653
42a24fa4a2aa80d443e6ed111b41d51c56c326ec8f4296e193929221ddb2a440
b9383193dc8b2280cdca5dae7d22a645c20af658ae44a762440dd082f45f4dee
797878787978781911ca9bc023bb1c82a31c359a19bb17bab1312eab123c3391
2704622eccf20eaa080a2d2acc5a78a8046d47627fcf670f2864a62260825079
4f883a7ac5d814d646bad4e1d63c8ced8a04aacd268066e456770800265a666a
96a380dc51c3b8103140151938b241213a905225cb155a9bd631f4823bc12251
3558a4151d84e94b65c5c1afda7b94e6dd92a23c4a2b145d18dbb04994573a25
afa057f02fee7978787979787878b52243629caa3d2a2d2aea9203030d00de4c
1bc11489028a199edb0d95bcacbf655093e412604a78c0c6afe2446ddd04ad04
65b56c8dd32ac4113164a4933d9c23ab3214c320b8ec2c9c999bb0239219112c
91b8aaa1484284af5f800cee824445a260ca62ce546e9e06e5a305d56aa63ae5
c9a21b1299a11d5ad1139186a9a43133a1a0921ac90e42139b20c2d1d9c009ba
0827a8628c8a67cc4ac65d45e67979797878797978b1481b6aa9199da12aa943
c5430a27c3231cca12d62dc159a12480e8cbd139808063b4624943a278afa4de
a9ab1a3ab2ab24aac19cc9d255a594ca264c75a9b461dc5a5a2094d51c6cc2a0
302119caa82113091a2b421daca21b9d802b2a1d9b55d122229a46c3e83ab0d0
58e0d0254f0eacc4d50a4aeac12d899b22ea9db1829ab18aa150bb9a985910e2
87245c7945192b83929b80c3864aab911c424aa3787979797978787986854e88
6a5f64a6725acc54ce66dda666cca847cd478c4a8d44afd62ada004f0f250ea2
71b359214ddd2ad09119a1c4a62134a4ab2a39a056de265a25200ea86da7cd28
39599e8d119a2cac1c4ceb12b08a9a12a19ba020cb9d0d6b06f4b7bee565dd51
787878153a4b35ace11890d0c3b6b11ab0b410b69cc57a4b76628d4eb4ce103a
dfa56813e71264495a6278a6702fe4fc7580c44a8458c5e452878a7978797879
eafed51cdd3226816419908282946cdcf195cba679ea93a419bd7515902d3911
444ed8c0744fa26a4aec809c7a0ee6635e5a87e4923da6e60be42c8ec1e5db95
2c0d252284d2dc20a5226a09292240b94b0013ccc99301329c0d45ccd6244a45
7c46797879787878787841ad191a91315d9c0351aae9bc2b42896202742cac62
124b435e552b8b4dd21ba1aee25c81596478646c2c84072c068467aaa6042a8a
1a782250c58562dfada708e88ca604c40fea12048d2d19bbda441c99c1c89b29
4da5de4965e1ca55c4c309955eeceb5667d99d9199b1836a1c0ac3a9ac5c5ad4
4218301b9a222463312c8031911828baa11545c8c1dc29d21b14441ec98b631e
81c99b98ca1b3a96c2797978787978797891032920a21c512b8aac5a60bceaa1
4220cfa68c45a272d4f04ddaadf85e4ec4c50dd8ccd5c88279aa99009925a1a3
a0d2041221adb0bcf0aea7d2a42fa4a8800a77424a0ff82dddccdc768daea482
3b4a22d3a391488185ec964dabc8ce16d5ea2fde25fd33c9148ec18c98298825
06ca5ccda6ea4ae256aa0280ac2a124013482242a8c2c5aa00493362911db999
01190edab0102929911999954194b2027879797879787878afc5d0c66a5582cd
914de0a4cb81993c931a4c8a24c849cefaf852f662d2472a640d48f504c70079
d05caaefc8a62248c8a62a26d7aa42c198d9411990d11bc5bb4911999029eb01
2c41a2d422189110ebb18adac92041c72444c222ac852a2fc4407dfe2a562c2e
adbd9235ddffada0aa4134d68b1c3d94ba69953b89bbcd96109329ac991cb3b2
33249c160145785119be5c316a60a554bc29a2e00a19e57879797878797978f8
2acca76046a0eb3908a9000ac83529152a25029a42844a292d40ab94a9490c23
d828dea0252c922d12c4abbe431b5020323999092bc007c840c626475ec6007d
c923dab81363722dca2fd2a0aa745aaa2ea5ea866fa57e0ccc22af6e62f2c2c6
78787978797951a9b24dd63c9d314519ab73c022af6a9a2132e8b0c250331e18
e5c51bea8b89c4910d4cd269b3792bd20b1e81c5e8343ec19cb1124da1a57879
4bab5c2a8169839b1a9225a3db8a4ce5a8c40da5ae680f2cdcef6840da06c586
d990eb461c8a68d61523360bb9eee55fca3ec6613dfe269d52ee0d3c9d92b110
3c02bae310ba2a19aa14d49a013009999ac819349ce99d1238ba90323ce2199a
6d4dd402c279797978787978789be28b1c9934bb4b013ab9b2364ba1c9a21328
69b963222f84ecae48aac0640587e572a6addafa78aaa7cdc6e4827c40dccfae
ae528c502b5b98ba21a14382383b8a898d644dca2dc135b6cc81b881de5cbbdc
a5c26c7ab1493b213ad08c8c9b3d75191c822090e2dacc46cc8fd82eaf445f2c
c93b92a0ca250c95c2ac8d10adf410c0bbb21a11a805f8674aeed808a645aaa7
64040015c9d95183bccb89097979787978797878b8e2944bad338100be2d223a
c2db392222c8200303420946ba441231111d84961d54d892d4099f790bca84a2
6e876cac822e24c585a4cea310ba952014329944031a3982d8f9341bbe2db112
5d3a8dee0e61d595d994c4cd54257fc83926bdedbe56d4c692db30af0a5c6677
04aac47ed8eccdad750260582226885a08bcab03132335aaa15d9cd102de1fee
8e0478983602c598b18341f371f1b34d259cb4787978787879797942e5da7246
1894126d4a89b9842a1b852cc188481259b2640ce7a582284e4f40e8d25c442c
a19240232d4c99cab2b33191c922e8c10c93602c29cb8a959d980292da9113ab
c83a1ac89328ac1083bd4a8902b84320618bb64d409c4c66114cecc49cec6261
797811985548e4b41aa941a93c95d822cb50ca989411065b61b15e2ac8a4ba94
070ee5ad2a24a8055c78ec4cd545ace76282aef5d78ad6ef0ae2797979787979
4ceda7ae020a028525a5ce4ae0a77ffdcce420842278ad5a68a20a2ddafea486
84a044b98e630cb501ec4d66d5cc94e5db4eb4d298222aacc524047fd2d82204
5582420aaf4840275504baa81a0b9aaba849b62db30140345468ebab45d82a45
d4787879797878787825fd8478cc546a62770adc0c05d60dacc8cd002fa28cca
e31b4054a15a2abc22c11595d2b92321780cf5eee2822a462af8add0afadc24a
d1cbd94b0458392b43c7a453e4ee664ccaa842faad5d2d642f406a42ce80a46a
2a1452df94045dc4922691b7a12a3ac5c7a212ac3c94516c6353e9e9debc0115
808929993556990c28618c43ca9902143348891b21c2213939b99996a5343b93
7de2264024f7ed68797979787878787915a3ca14830a1c0c222b0b2b94612c93
ff266a765c0280abb201a1b340acb3ab2998aaca5b9e94785202e8068455a647
0267d4a8e2a60f394021bb3030b91242913b1ba00e5d194a8c282607a2d626c4
4ef67aa68fa8c45c24005e8c78e5de40e486a055ac60668087a22225aeee24e6
39039a1a003a21c93c3a3c3985c82424911bbd9251a369a44d2de26a4642af0e
ed9f8a15d64bbeb52ad1e0a664c44d7979787878797879daca921e4a4e4c449a
888844f2aa2c862252e8dacd6ae7c19ca5a531a3dda7e44c50ceccb42d427813
9b495eded0b01d40693424fa9534a6694b6746eed8bd851df931a389bdd58e25
502330bad8652b01c24ab41398a1a2eedda05d6a8852a0405a25fe266d025b51
cf2a64c46edd756757c55cc8224c233a2325d10292a420402a85cc16c109d922
9c99312b4379094cd1a15993a11bc1da21ab91c5bb627879797878787878ff86
1ca6883c96b3dcac132a61110dc2849822a23238291c2842010862941285a10c
392c092ea08664250a2f540626d5e4a82f6228cda01934413180b39c432a9b1c
8ca50d0caa46d58eaca05d0f7a247f882ed2480a200168a00029bb132432141b
797879797988a8a2d52c24afe460e22e64dc0aaa0e548a4ac66f7cccca2c2a04
a028452062c0c5200d222a07788ac2a0d6445242d25e606eca5a4e5c27787878
965ce6c9c132b034ad491294562fde406a4f45e824c168219a12d43a8a2d4007
d2aafad82cd07cddccd72edc932ba1a9329310c819819a8e1d04951c717c9f96
4e022aa03110bb4c9babbcbc6c66d07f4a6e4822ca258d22aeea6427da6a42cc
60c2c22579797878797878783bb13c401a22c811914b398be5a92a9c1da5ba44
bccce8b51a91d40daad93b5f293aa2337edd2a785a2a502dd722244a46f5d4d2
2a6456a4c821a1dbcdd9340411cbb9945169843c1efb4c991d89b3bd11185d76
aaf8f6c8dbc231401d911a118b11921c98ce912dc77cc8c468e882d27705e870
e633b42a2380a210a0b0c4a3da9611b1d0d21c58a84445028cd050a7c6a45227
4ac01ca9b81590533bcba179797879787978781392aa091431211919c48e4452
199acab195591cbcab9931849b03ec3411ab4594a99c2c11a83879a6214ddac2
4a19299840180c919c9042aa0aa0a47787dfc552ad2c2a27245608203b1a416d
04204daad4aeaec7c7d47a78c7dde0222454c2c44ac405caf64c8caac48bb1e2
268165a2c931a3a5df62e05f565a28fd7d4474cc22628da748a4a5ede02d822d
5879c9b593d2c480be29c914024c1b1c202978787878797879795bcd66b75c34
d75c8973a1a34a25a29ac1821b3c6eaa0b9cf1bec5369e48a1c9ecc6cb55e32c
0e9084a2150484ba4e2bd51ddc163b3ab1fcd42e720da8aedd765ca7e6eaae8c
1b4ec052ce8eee6eecf20ca286a4fcc8e7d99cc42c52bd6b2b11d6f55c991b2e
781b1122969382049128b235159431889c74dd2825dcdddb079c2de0294a0396
0000000000000000798312a800b9459ecc39322b499c331c2b79787878787878
0000000000000000000000000000000000000000000000000000000000000000
7453fa685d1b547699eade32ee7630632acaa59b09ee23211d18893b8034a3b2
eca49c2b01aa3992ea95ca9a30212b8bbb9a5abbbd087193e3366eae0bdb076c
31ece9d6d36d29a833c64a7dcad48c9315332f9ff34b34459e81ee645ee581bb
c24a4c22d505ecaa2f5dacaad2cc7a2f244d2939a68c5ea69ab7981152c8e7d2
cdcc02aa2776ae79cb1ca8435a80a5c0eb52918cb04118297878787879787879
d54c6a622ddd47242868a2faf6d25c0540cd7a64ae5fd0dacd5f22442cf2d02e
35289b0990d09aacd085159d429ee8791d6630c964626b822cd0a4a54654684c
3a991b2d13c629fd56cf7e25aa270ea04fccdda58d6c4ac9d42a12219ba0e8a9
7978797878787840a62a26a72dd2aa4027442475c55a4e5322a92221982c4802
229777a5d9cc61c3823dd2668cc878abfdb6a5a332c4ee15a519245e1676e278
09ada92d6fae99c1e11c36db6ce90acdaceafe6e07a6f2cd685d6422288ab3da
84b122830cb114c9dc293a92ea23a2222daaa15cc22b0b9a3aac6994b9bcc3c2
743b2399c3aae5b3d6418d76f2ada6488c402f75e2d2d2e605c57fc6a2c79228
9b6d1ab0a12a7878787979787878a525d8a780eea4ac7e752ac6c4cfcaf413de
13a54202614214e88c9a9a11d0a9a928a91391c98279c31c29c110998a11918c
1961cd59ed0d21428c89eac51a2cc01410a5a44c015c833a3a9dd3c31a2398ca
b34a1a8cc0310bd2b54823b54b1b1ac35e9ba9b342d2ddc59a56a656523699ca
b999c2d9a351a159d2de2dcee534b981a3b1839b9c01330ec11c3c8a5b9893bc
319019522901910b1901e332557978797978797979ba402181a9b4ad1d9a6ab6
434d160322521391b48bbd4d8a2142c14bea824439abac309c1c812179818d8c
d1092a9a81c6da11bbba94a9ccdc3dfa2d4c9b2eb690c361ccba8dce24141910
dc27da9cd27d4654ebe839f157c6267d62067afa445484e04d7aa8ea99cc130d
0114212120e1c8a09e294119453094a0960a8211a19d4395440c1299daea869f
adac8679a39c4083981481a944600aab9094354c7979787879787979919d40ba
1a163ad2cd21c44a3bacdbeb2156952be5bf36fd2c284d8d6c5e06d2c4adc8da
a76c84602c8da444a5486205edfadcea76a5548d5b1305413cc9494c934999ac
12d14bccc2212914194adaaa0111ac129cd639504cc44ca02c4524ca5565a2c0
797878fdc4466e7d52a8264ec444062222a2ea332acb23dc5b7e2eda1a9e2c43
c8c6a5f445c56ccaaa28784258d628d8202d8e6a56d42842f5ce027878797878
c81c41423ae1ad309b9246ac62aa757dd226225ca0ca7e6d4e00040e05d42ada
55d4cdd2eec8ca405ecc9068cbb880186333932512aa95c3a2c3318224a12599
e95c908038652ec2185ee5489a6d22b54a4636293e2a88c453b3afa7fc2e4250
b14378787878797978785dccd65204446fa6ae6d5d48cae842a51b649b2ca72a
dc19b9aa9a6b110b045855a4840c921a0379203a1b88adc416a9b282c2353c9a
a96d8925c1d9c4dc91d536575f6c627918c056262c8aadacc7e8c2c05500a0c2
7055c092a3a3ba0dcb3ea4b1932b281b51b52c18abeab9b188c2c99906ab1042
c4b34b0118aa9ab291b3e221a82b3219b344ff4088487de82cc80405ad4a2424
ea4804d99822a41c597879787979787879e57e80da4446648cdd2eed2a2cafae
b41f145a382d8a5e8a72ca14374c2392d9d10c2acd93c9d87930490892998a01
4ea205428a5a8afec91930d0911bb20b95996401a941bb294d5736e8a3221ca5
ca4ebb90003b24aaa2f004aa6dc48aa4c6da5f82d4aaacca8da22d254a8c0f27
c0d05aadccad56ea3d804b1224aac1c0b44addbbe4a0c320129139281a21b809
de1755c049e967ce281b5454194694de7879797878797878c8c447d05a4526c2
ca2b15c8f098ebbd6e0f6993d3425d04c05648522a4aaadc47f4a700446a2d78
49a99a95af4ebe931ee6d9d493c744a152a97124bbcf2b2d2154e3ec191bd8a9
6af54722202e660caaa5766cce5c221baacb81803a8258144bb4ace4948809e3
d674f85f44c88f57daa042da72fcf0dd66cec1caed7e65a543eba449be99bec4
42123062d04878ca86a25420cc2c4822ec52f8424d07ad787878797878787852
62dec054a465a77df4d4d546427d6602ee2c0c8e0d0c3943bc869141849b1a19
1913b84413a19495c3a31a130218c594b2c283aea0ba8d2f48af2aace5a8446a
d2ddfecc6a72e2921cb32cb5121133ac249111ca113319a9321881cb9c63a9a1
7979797878790a02ca314432089283be2a2c2b499311255445650a4ea2e86a40
4fa2ae08e204cc5fc8d0cda82c787ed94d5300caebda8ec53bded5b2b1cf7978
2299e2303c8b002cbb8ba32a1a33dd0c89a082a2981221d819b10eb121d7442f
a1092162914c92b02c2c12cbce9322b91d1aa9ce9c9b84bcc411d5323b831a29
025ab9b42302ca34d605baaae4a919b1d91b09d1a9c364299a94b11b1bab091d
5f5a68ce207979797979797978915ac398b8d9d423c2ba33943c7911103411b9
da303829eaeecdd205aaa85820cf5c6fa0fa25d5782ccc6dad4eeaaa4ad2c225
e69433131c112a014d92bab3c0e4b30bc93294d14b32bcb98088922c12134ae1
52a772dec26142d5da24033a19b38495a4008142b1125ca9a235ce263928bb41
9224ac4294149de0b4caa1d14899381499942ab12dae840ed2af8fecfc8272f2
5cd64533b97bc6ea5d16a9c4787978797879797864e959f54295b6568ff6de34
b11a1cb9241c46b29c32ca3b16bb94ba09a982d91b1a10ca192adc7843d5709d
f47ede6688cedf2cd2a554a63494ca159a22d5de935aa3129b82a44b180491a0
2d82942dd281cecc1204928dddecfa74ae68aaa2ccecd5a2aa4daf268ec4d6ea
133931c9061bc8932502b1b32c9a93dd924b899c830a10e3a29312c119b31b1d
488c79ec2403290981bc138b2a2c9234833d147979797878797979aca12ba0c6
6c279b8c2860c411138602756ca67d0cdd6a44461c9991a9acd3aa04a4843c18
a1094919ad1a39d50939a428124d162258a0242e40a5aad07cea0422afca0c25
19c98031bc48b9a2115b146b38138b2db109c23a30a88bd91e29a42910bab020
78795e582945c2595d541e4f9d369b6e95e7ea8191c2dc924bb0a132109409c3
25c0c4cc662ee8a64f7839ccc1124c721acbbb6cf603c9e6d35d787979797978
0589d2b891a923a93946fa2c55a8d265da7ac46a2e8d7ce7f5d6268cfcdae208
2dc063b89a526c54282a93483d10ca0319099e842b49cc1392cbb169b0901ab1
8c8a6a2dcc4d8cf24ea222b8082a21b13a9935d32e8cacb02955d1ed1614b010
c17978797879797878abd1182bad6b8449939c52931131c1a87226d6045e4a85
ec7402aa22500ac280eacca7ef4caaa67980e0ca995814bd95a203cb49319a49
b4ea9c4bc32181aba5b9110a24b092b233cf1b15066c336ad1841056381f559e
527cc8228e225f27c5452487d7ad2d0ab9110a2222ab0cea10a3594a42ac191b
b18a1a9ea151c388ba9a910d40a51343458205914a4ca5a8abe9c8b9132aac9b
e206a8224afaca5279797978797978782a04129a420d2c2122ba021381435e81
c31c1183422cae6c2b08b1120d128a2213ccc98e51bc8c7875227e4ff04ca080
2644865d27d54d2301139b40aa8531624b1122c812c93c02186828b4940303ac
5accc464e64cd2ac2cb6093b4293b01c299238a229ddb37aad8f207d6744aea6
558d445629abf4ca22fa626d87aedcc0a454242244d2645da644f862aa50555c
d5c472e4d5a54a4452d48ac252aa2d78787879787979798d941e44414e5545c9
a201002199b2dc8251a6a1aab184bdbc9b8de852192420f95ae2bedc37eb78a6
a72348384d5d5e94dc81edf6a969ea391b16dbaf035b1452a506642b3b548b31
eab81d61241d6916163ced154d918292894252e94bcba382182b35429332f6db
781d46dca9c965ece21099c474df64aa1b921a31a88992b2ca34b9b3ba24aca5
521d00be2579661d6d4cb9cba5312028a494a1c3922b7879787978787978cc3c
d97ed4daa0ac1a919a2220c2285c11143a9ee3908149a90cabc935b0d2c23522
2225293bbad5b3d83ca01a5b5181ec29cb903438ccc94c923994b475e1296962
28b29b4ab9cecdc02aadc4e7854c8745d7262aa0420b842a192131dc490146b3
79797879795a33ea222a8013cb59113894bba88b2cc2a2a2192043c059b9ec94
6aae84c2846dd55d4c082f22783eea2e3c4bd8eac3165ea6fdd10cbacb797978
8d241e46295cc5a5cda1be968a3a5388c9ba9a2a6aaa1c0942b910524d44ade5
a4119aa2641110923bab93ca8c1a02943a11113e991283909941d42c3b237cda
b1932a840a1251a828a98ba41818a10a0dab82a8064b9391059ac9d89c991112
3fac6ae57879797979787978e4c548ea482a4205aa220df8047445d209a02ebb
3453ddac45ad56848f85cce2a7605f8ad7d48a789c9bc5e42f39915aa55bec5a
cb02a2491ba62b1d53a5b1cdb22538b3a45aaae1e456a332a3c4c6930d253eeb
2308e19b834a59c3e1ae90131a40de8581331a001c22a1436a29b9492b62a535
a46c723e4e1e7a351dd19ea5113ddd29e8b3140961b8aa199c94c91235419c8a
9bb63111a14ea11588ba81787879797979787888ea54cacdcf247a728dda6af2
2253bcc246e6ceb9652fb4ac21912972112a1292b9511cba1c4e79c8a88804c3
34284593c0889ddbd03d46dc24e61bac8695c47b84e3d2db70425b295ab375db
b98a26a223aaaca2a4c251b90596aab95b556a08bc5db3a5a3ed59491c19e2ab
203c7ca4e223315b956ece89211143a1aa13c49339012c110396843aa99cdc90
aa78a4d1f2d6377f9499e79cc628ae29ac4378797979797878794221d0a3e0bc
3a63c3aceec2962c4c55a1d444692e9bad2d12aa92961492a1258a91319e4c3c
93c22c4cae0a6a644adef0002d8da0424d00041801c29ce133d1b8929a889d48
ae1da371112439c560eabbdc5607044d1a5c7b16d2d65eb41e4cea2626d83b83
79fdc224ca854d5e42e00d2cfcfe8a44a50b9282a1a1011224849802d2a98009
0000000000000000784d941e3acd4cc6c5328be9cab9cd551378797878787978
0000000000000000000000000000000000000000000000000000000000000000
52a2e655f2fae60fe25047ca5fd45a45b3b590bbd22c312a1bb8c2026d0d9dc4
f272a8540d28544a48f4f80a8acea05d3c3caaa144a8bcaa49a49117101aa39a
6413d81c5892cbbb944b3ca9211922c3a824ada0f26f56204afe5aa458e20226
3ad165e1e9b15d335a10d664cbbc5bc8d8feae2c55c2d448aaee5f7f4c084442
8adc2bb9ab1c8c795bcca46a0220ea1163c9005125c8a4aa7878797878797879
9a18909e1383c9c33ebabb5456de8a4ddace1a1bdad9e3933b29b9336a89a021
4be3109841b309d343152b9b3912aa02d32b99b642aaa24138a9d4a202812d53
4a4124aba42e21109995651991b3a30809aa3ca5132c41a4b4d1cc43944aab94
79797979797879982a994c92b9aac1092bb16a0cba35c2cb3a193e921c9d1519
054447de46024dd8a47cd624cd2a7842e5aad6726a068465d0c4f82aaf6ae279
2f22c27552d22a5da2244ed22e4ea84618c7372842eda7e1dfb66a92d5ce0a2d
eb324ad1439e7529bc415f032254657a244ca702c82ec48cd478f8da42d2f267
08429493a5e4199a9acd545ab394484a5cae5e6f4ad8af68a88a445007f09049
20519b4c39aa797978787878787800a4912e3d21a9c48841d184b8b200b9a002
f2024c5e4fe0a64dac0e75ee46a47af2a4c60a5cde79c3812e0a84292c189a28
1a42c4b322e5180a430523a1d333121ab0242db2b3a2a0da0e22a4da446f55ad
129652c26283d9be618a24d1893983195cacb51b33334986910d2bb08809122a
104b2e9c1b7de52c2d75aec2aeccedd800a4aecaf413a968a094c24403c13210
ef0cd2c2c6ecaa888acfe45e607978797979797878baccd99139d89911930828
7c4f844d60e4c8cfa2286ace8ad7d6cda680a24e84fdc0eeaec45a42780eadad
c8af0822a50ecccddccd6eaca3e460cbc9ee5e8e559c1dde2437e664a8d02625
2fc45a85aca0dcc82402ee2de9ab61cdded8e9be1e6bdbc568646d90dccc44d2
d299654688a0c32da3ee52eda5fc8826efd28a2d80dc226f48547a25d22278aa
9c5abe7854f5ca4a40def82242c6dc505c524dae78787878787878783bb4e622
4654ca1a4b419a15c50c2a9920c9a0128219c61da298cc10523ab01cc3401b4c
21be95a943de25240eea85b26a66b9e941b1533b964a6ce91b912acd624e55d4
65cba994109698032b81bdb609b115a3c908a074bd669fc6e2669b21cad9ec6b
7879795e4acf54decdca54c4a2f2fd50ce507455e3b542c50e51021f6e4a21ae
3a4056d4b9d0991241e679a20b1823131c6a0b88648b1c413c99407878797878
08630ba3c25c2222c1b32e8c65c7ad4266457ae52c2ac200cc62b4bed13235ad
f4c20026448aae5c207c9122b541941489a1b4b403ac5ae333003a192d1bbb35
bc401d628ac3f3c5908fae44d7a26c6acd8d40d5aea428a48042242c464af04a
b3cd79787878797978782a82c6abb303128a35c9d2ba241981a11336e598d525
7a2c376e15cb14de90d56c5f37a25a69167983bb2b8a09c011263c83059b49a1
a75feeda82c6246dc767dcd8e884744acd78add07fccc7f47c4e0f4ca2c6ca74
829d9d2ca2591c092939211b1c2e35a1010e68c2eade2a28d0c0a8f22d5da428
6b8272008a52dec44ca04ae0aa8ed6545a062782f6650a6aa4acfd5e60a4c8fe
a44e5daf2adea26a2579787879787878780aa9a9d39b5893143980a2a88c4389
a1e8aa113539a11c2a8d82a92222319a39309110a68dbc31784e20c2d44ee450
a87a62a85448a7dcb368e6863c10df29d2cdb27121e6418adc89134223a0ca01
92a9249445689a584bce35ace4ea5ee3a45e5e31d156d1350c66856c5267a5f2
090b9d488bb316ca5c5a7a5ed7ad05cfe2d4225da2a44265a3b2c02b23a211b9
da84b3abd322123631134c92a8d0a0b3797879787878797941522a833942a211
998b99b3b132ca9561204313bcd38b4a9a0191c33c5499c32bb91648b2824b79
54a5245c464a27c4cad44e5a0dac52b35886218033119903115095a2331ad424
efcd00284e06a755582240c4a42c0c0020262d7ce467ca0c2a868006572ad266
cc20be2310a53933a41b1b191012c50a29c983301cfb523a011921d8bcd4c2ac
388928b046d879a4a992a000d52a131c85016c889b8902797978787879797989
d24bd8169a0345fe2ad70a4a54c75e4ada40d4a8a7c0b8141ab10c53b8b51283
51bb5465b042f4d879e59e3da941a519941dc31c291d1a1102ab1a833c1a5b39
a41e1bc1ab443b219a02e4228429213a09cbc29a940148a49649c655a1169c1b
797878797879a33615dd193842911042882204292a1bbc9b9c2b1222624bb8ea
2fad8fc7caa066ddc4805ca27e78a20a5586c5452d8cee588008c056878d7979
5c9996d9cf8116ba60975ce243ffa56854cad6407a25e2ea5c46845ac7e5f0c6
cb59c8d354e95d2ed636920e0794603f3ac3cc904566a21a55e34bd66f14c9a4
bc4aca53d5c80355a291a68c18ae857a20e422a80e60c28274c7ca2c2a126ade
2fce56632a797978787878787812add1b3092a9b222c581492b3a16bbc8d22cb
50ac0e250e2482cd8e686487ade7fa68d466ca527852cfca8e5c148b93926c4a
78684d24b699b55b293b43b2d16420140a5d19c9d7c64525802ddfc26a472ddc
f228c63aa10e5d63cd3d20a31e71260a24fa925a2c4fc5d2cc2c02a804d72eea
522e56dc5e1ac63e76cc16516642db24d91ac665cb454a662367b61d715295d5
e29c89b26aa22cea0a5a9b927878787878797878470dd56e4c6e74ccacaa662c
c082dca0fa6d5c72ac050633941d523c4c2032c96a3ac21b238305792b90b488
28692dad222730e622d33d9c3adc03cf536de2c165e2ef67d5b3a36c4a4a4f86
b8691412cc22290d9984922e56b99c523da4a0db9bbb2212aa20a0c45c246542
21a219e92a1b2c1a2b99945524caa75442f5dd28cdc2aa08a0888d59a3143cbb
0218780541666d7ceb1a1c2e1e6444cdd8c4137978797878787879d306bad152
5a9e28222ad0075d4dcf25eae42e8e6d47d032c1329a1199a22223629320c924
25f4ece4adec8d6f0cdf80d578e74cadc56f8e9198b2109d23cb83ad91caa42d
69c5ac72662e8dd08ac67edeaa57ae6757d7da05c2873dbe466de96c2e68b3e5
7879a92a51d09a280ad62c4194262b1a0a09e9ced7d3e1626663de8d947514a2
e32121c31020433ac179231b15501a3d9ba9c30aec1c00138a49797878787879
1b71f52c9c224527805a928a4039c80132c1ab91b6932daa6d1c1aa92940a183
0a9ea8a1a55a91b4281c0546c4160b56f09adc55edb56a2ccd12aa9be1917945
0e8eca9acdda659dbeb51a154a1092e8cdc21a01882942a8aa180aba9bb18c89
c079787979787879791ba0212a8b9130b36510a2383cab128e2e3ede0842ecbd
cbb00b134b3e22b5c19ad33a9baad80978a8eada5d52625e245565482af40a8c
b1c99c4b4541a2a38a8158a93899bc62b4891d61b8912bc44a88205939b8aaa1
4882a32dbbb61c083b1aa8595a3bb3ca6d8a8cfca57ead4ae2a4225ccedd050d
2ec340241bb1b2a90a0bb24020b8e9308e0ad1c42b19aa12950b9493a1800009
39292c1499b8310b7879797978797979a7a02424f4d5a0adea7222422e5020ce
3cd31a3aa142ca33a5cd39a8b1e1e549c3029d449d439279bd5363b1a10c1811
9b201dc8d11be11634baee498005c978e9110cc64d60a5aaca326c99a434ac94
5049141c90b4b280e272dd68e084cc4624577adc2c82c202aab28b8322029321
4210d1a1839c8188d68447a68c278feaae26a222dcdaca284d3191132544a462
ff2c48024a5c5e745f26272552ead6797879787978797823a9246b3ca093bc33
d2fa06aa6a0c7805eaad268aa645112a2a92bd2e90e44c332010092ea23a786c
068d028848daead057c22d65047eaa8da7552cfa2a28aeacaa42da0ad64dad2a
29ac834a4c0c22e959911a902d92335a6cf321dba6cc0cac91b00fde1b3dd2a4
11c29ba99ba385994b1ade4cab28dcd0c4cdfd424c2ae4f5d2c85a2eaacd929c
149be8a8ac791211d13c4196a9c2da143401913233917978797878787879a249
655a45f002d430a6eec32414fc34a016ef6646b4f312983d109ad315c91aa433
45625e1e617c8ed5fd0ca8454e7007a2daa0888f2ae04d8de5e404e82022cece
0982345016eccecd5eafe802e0d4ccc46c52206604a2abc75ad12e5432aeeb15
7878787879ce4c20fcf22ed65c086027cd2ca4dd2282a49891ab09c8511a5583
f6d268ec84c76577ecac6c857856d4dca5007de5a5ec2882f80ef6484f787978
902250195434c25c0eb4e32e15503a1bbd31ea94121d3c84c60ad81bd22daeac
b08549641f79dc8122a63c14dc75e12476fd6616c4a559e8c2455193796a11bf
bfcea845d48113a145610d4a004e524d686dea7acc5744aad0cd24dc6ba46f55
9ad142c378787878787879788fa4aa7f54027a7446e8204ee2da67065347f50a
aa49162822c5c24c72c028da7645588fc0f7a27913ec9488981d38a1c31ce719
7f4a65600e2d78afcd8ac84ec5882de78d52445989390205131b88c1995cc294
5650ea05cd646c5df7a2c5d5f5f8cadcce2c66a2e48dea82a2872a4d0fa56c88
bcb14a94a199bb2c7da419c0c41089bb9a98a948f4ee52cc24a82fdee2f55478
202c2f64daa2cc0505ea4279797878787879781ad921539284c9aaa112b639a5
b313bbdaac918a19b531d4594dd19ac5c433a1ceb7691c9dd2e778ea26eec56a
4df86c19291475bc5943cec2e551f746b6d8d5254b2eb7cd20c23e8c822a3a48
19d18cb32b93399cab036fd4440645d077e2cd48656cfa04024e0c4d3b5781b4
9ca2c28cca3acd1096bbe20c2c45ca56c2852ea0fcc7c445280a9dea03aaadca
1a7828fadc622426aa722cd064d07da5e40d7978797878787978329bc02b02da
51891b50955c8a2092ac3050d93618b8411e409cc0d0952512c1a1a8a8355900
21cc6b4d33eac56a9166155637c061319dcd23b1a1e39da42aa53dd3838b39b2
6983a221814c2a61c291c592a021a1aaa1032c94aa14000bbc1290293960a811
79662f4ce005e0c80e4ccdfe545dcc86dac22c48d49221a9a53998219aab2148
00000000000000007882e4c86d6da526de448caa8fc44aacca78797979787979
0000000000000000000000000000000000000000000000000000000000000000
6db146c51e48efbd0597e4a2e046d74d4aca0a7264a06e52e4fd05ad4c487efe
462ce0aad2ac2aac40cde467f4074d6aa4dca258bca2e0bda18b2519b10d9b02
a8c92934e8199d831123a19b20ca99b25588267fc06ed5aaf244aa5a6c4860ae
4d28f2227a4a256f24552422a07c4c6899922c9e8a9900daacca2c114c5a3012
1183c4caa0d9517930449aab1e21c191f3ac5a424382a0c87879797878797878
5b38a3903230a2a15ac4b424be59422592316cdc51bdee12d19909c039c59261
80a4f8888440afb93c9a490b1e99e991821102bc001d98e423b381c4aa424850
49a303e898d2b1599fbe22eacfc3ae5e64cdcd6ea41a5e6fcea2c6070cf24f02
79787879797879c9b856a0ed3a463d9d55614115f114e42113bb1b1a91240492
8301910a28924c55ba028cc2c1ea792185d312368baba4293a0ca2aa80cd1978
10b41493a02d49c9ab8290411424d0a19d49a3abb089995bd80e041c834ca00b
d5cca5280ea6cfa402758ccaca689ca939adb99b2b130d923b9d0b9cb28e9614
a27265d5aae4a0d02a05062ee20d2822493c1c8082ea0993a1b1aa404a91a484
59b243393c1c7978797879797979041992030041ba11c4494c0633c18ac3aafc
5ca3dee4c4262ccdd80b6ecb991dc6010ecb12ded379343c3ae2d14a92e9322a
242314910b6dad0e242464ca48f5dd5504ed8c5a2abc62a9426056c718548ea5
ced42dcc29812931c940c4da890919e814511d9ba4038b0439a14520b9de0111
0aadc525822c244a282828e40d45c2e4fd44a64a2c49aa6ca1fe067649152385
7808f4e7d802da5da8af25daa4787878797978787807cd5800d5204fe456e006
dc54256fcad022428c462a623136801363250c02294243190a8132327822454a
1eb1a2c23b329011a9aeda22212d0ab414a8864d4a51b3552080151a6286572e
34bd15645ca1cac604bb685dc4aadad6fec776820fc05cd502c24d4c00bb9bb1
a1549319a412a0b4cacbc4230f6489fad929167e52c4966894c2317dcd675eb4
28ed7a79aaaa52589b9cb330a5448c044693923a7978787879797879c498b861
24c28dba254ad2aaffa6fdf2453448a915c6cb424486ea662f86c24ac02c880c
ec8abebb4c5332d9b4ca2298314b81b04123e3c6075d42e0aa8cd6fef822d45a
21d8a47ebc6b3ac1d68be1ed91c90cd95e9e2a2ed641d194269b312847a79a8c
787878dc6a248ea6cc8d4244da64cfa84ccccc1562091b450fe2ce93fbe59169
dd1412b6b2143a50ba897923c093001269921a5414992a133a39417878787879
91a01a2122218284ae9a5a28ca4ccee044a67eedc572ae7764aec225343838a1
d39cd41b463c313ec59b5e84aae7cfe58cda58764a2edc70a5fab89c2990b122
a9c911db3cca6a5d02ab0c6dda0f82aa2de26e408266ae5ea02432adee9285d6
5c52787978787879787986485c42a6a8d6fac4664ce8a8008a2a44821c39d233
ac578aec5c566d7acc60402444deda2e44788a22577d4d4d4eaacafdc27a4607
81b4dddcb5ff428324b56c535d2224fcc9c8b9c11091890846acbd8c1ba98cc9
a13d1020c812ae020a2d1a88939b849959c0989e9c9b14dba13e93a5982c10a9
aada645f2447d222c44a248ae28af624cc92812aea9d098831d2d451a9c345b3
34b2991309ce89d8197978797979787978304ac002b15cdeccc1c248a08ac2b1
0e8c85d6dec8d6024ec9145431b9ee464e6539eae4953ae67989b111630c5440
a52a44722d44ee4dc804392d45c99d1c1ab39dde982b15a9c884cee8a5faf4c5
75da2e044aca5d2db8289bca889a1d241abac92a3610ca194a4c0648575e62d5
8b09ca9c230a4811c86d4acf6ee8c260dc70c22546c42cca8a8c52c8f5cd628e
4c44fe52dd4f2fe6cc8c770deecd88a679787879787978784aabbba9facaab4c
fe65628edd26e2d5d084702c48dd5ad158ee16b1259894c9cc4c091dcd2a5878
14c250b5a6c13988392a1aadaa94acacc650edc650ed2a62e7a685d0a24aeccf
8ca35a1c233441a3ca5c23c942d9211dbc34e4bbbe2f6ea7a2ab63cefe5c230d
6911133d3db3a5bc08b1490c30d321c84ed12fcb4121edf84c3119135467da62
1cbab61a561b791a183aa602a4b1322c301890916bc02279787978797878784a
4153a5bd061cc2a70a0a7282d8ae28c70c58d66ad752020313248909ac439c94
64f57ef6ebb832a5b16b58d55ccffd6c96562caa6304a248cdedca0ce46edd22
02d064c50f4c210a34a499aa33cb29a69d9cd4412a3e65d21ca16ccceece9c42
7978787878799393b1023b28dc1e2555020391c802a2af64a4462022ad8e8202
e6223bc65e6c1465b451e138157913d1a2946d9ca248b049e235c1b282227978
f420dd45ee511e0f35fded35ec398a02320cac0419192b39155d126b4b2c4ec5
03c2d93529ca20dfa1cab4950528faedc8a5a826ae0f07aa2e7f4f6fccaad4a1
2aed162c1c51bd23d296efaf1e31b91ae9910b99299035120c9c2ad092fbd2e4
66262ca0c579787978787879782291de181c2a1191aa194daa93a8cb423821ed
3c151321aac0321e10323d00a41dc8c3aa3335aa786625a566da4e7d8c27aac8
ab18129a592404b21e2ad42aaa5312ab060b9a90c2a81ad27094b95d1ca0b1a4
4a4dad68821abd6d011a3926148d3115491b32c9d11a92b991303dae4019344c
7afade2a9211a151aa49a14bc0a81be8b504a3ed05aa78a472de4254808288d2
2434354a021a1019214391b878797879797979792ca2c6c87f654c57a2c6daf4
ba4912310e18b3119d208191b33a3883912611bd2180c213188c0479cc425c63
d06b13c78329599cfdac122891be9bca02529ada2801612938dd9d0922c81195
4d6e618fa4339a86cb7e6b0e50da57806072d5accdadeadefe24ac1521846956
c524042643895181ac3a42d4aa5822cdc0a8664d85ff8c4e7c4e2d521fd8adaf
88fa79092a22f3b3493aaa891910318baa42a4797878787879797921d22010b2
b9baa0a88005c2342edd5399ab02a4a51912cad22c246d46422fa42a266d2cc8
f6af90eabdb4da2ad9bc0aa12c29855b19091e63853ec4e4ca4c34b4361d0b52
da85349aa25c2bb8143ab195c1921a3040e32c27a5255222edaaa2478604a2d2
797819491ba3a05e11183289b8c113842cb18cdcaac7f678f8c862e40ad0ca22
9aa1ac48124bcba230793e9b841abc912283a0483ccc919349bd797879787978
82e06c6f8f6c8526cd4ca248c88a868c4df7acdfd24aca222d218dd964199902
9b233aa4e5e2f1de3b5021a43b42c1b4eabb139a2c8388b4a4ec06de4d208c7a
c75552526d5a82842820a8cedef640848d2c884a08c47faa4eaad52beea96499
1578787878797878798d423b421aa5c92dc616bbdbda13e751c2c0664a2fc70e
4189498ac33893dac9c1bda02aa963927814e6eec1555fc8dce1b6e5bd90d9c0
f8b68f2cc9a3445eb44c869bb7d83d639a813b832144184a3442b25989b4ecb9
432d355327e37cc033becb1336c665b35a2c2c80332a921d449c262aa1aad193
2ca393294d25c55293113b1dd42914269e1831aa0a9aa42b119922423149a58c
8ad60f6a6faa242c7979797879787979d5dd301931932ba4b3e291a880b2b833
aaaa648fc46266624a504e0c7062265c6625585c52eccc7822a6da06082e5244
a9d3a011a49eaae052aafc42ecef65d76daa422a7c26440a5a028cacccad6aa0
13d1d9d42190131a49b49c1941269a90c2b340c8a8232bb428432293921215b3
8776272fa0cd85ed8cddcc2cd5525242da2fcac6844eaa33ba3a009a03d0e520
a42cc5ae524ad6506e24a2a47047da7878797979787878edaaf57a44cad7d542
a3b422912be80300aba22e8293134a2882750487cf4c6d26e546d200268f786e
6a25d02cac2dc5cda2e0a6d805721d0892dc3acea14b44d1c5b2c9992a319910
145d925ec2391ac5cd12b2a419dc5bb6d568ec4ab1ff5514c13a6925aab4a288
ba4a10a1c839c2c08a1d6099a9ac6254222850f0ad27ac5a8d8c07f2650529c2
7de648beec793918914b1a105b8c38b90cb1e81db1a3797879787879797818a2
bde3422a9106e0a6511e5de13d39e451b7dbae3615ee622a1563e17e6be44904
e75ec222c8d28e9c25eea4cab62b6c5771682b393081d03c5941b18131b980bc
b3a9891dcaaa285dbe1c15a5823413092c391c149a4265200ace66ac464c587f
78787978782d72d58d606c5caed246d5a2858f4a4f15c81b29261a24229d23b4
3aff239297255a3cbc54bbcc787a4ea4a4dc5ac4c5a5ace74e6dc24c2c787979
55421101b999023a42ccb27acf9ca1259b739c30d2bc131311c529a92ee5cc5e
c0e0ca44407e2ff888a2a470c6a58654ec8ed4cc8f45ade2a4e6dea8a9192190
e1a4ec1949211338294993361122291a104b933d4ba32b0b28e38b24884422ec
ed284cad7979797878797978ad012ac489ce655bc93941a9acc43cbb439c9382
a2e85a6acdc75d28446c0e420455870a46cafa787e546f64522e7aa0aa570cfe
e6ac6dcf9d91c41442cdde6abddef44e9cf3218ec4c5c84402e2042ad4fc2dd5
9b156cc16b0e5e3d620b3e481c4a13489f3c6a6a8e0a0a2584faf7d45525aa5e
58311624a70c2866aca6c5062e24ed4442a6c0fd2f2be39191daee0c3e91cb6e
1b1b44a1b54da885e822b279787878787878782b18c420c1b42d9b113b499811
a8338a98419e15925d243550d574a42dfcda99427bebd95d9ff4791c91532223
1aabc4a29028bb342eb3b9cb3c441aa1a296c29b559dc8a9a454222c03aa4d2a
3a092180dc2d916993b39aa50ecc35a012a4ccb1cab19b3dc32903011284311b
930aaaa80cdeb024a1ca1aaa5aeb1e6a43b0c9d54ed5560dcd5a213899442ba0
c979ea9ba230b1c08919c5c90922429b853e7978797979797978e1458d8d4a31
2264408c22ae6567275882ef4847e0285e96545666c10d14d2e7dd94c9b355e4
4d102e3b382aa110148a30c0c9124ac9811ec51121693b7b5323462ad4c59bec
1314182dd921129895ca62c2b00aa10a84284f0d64a6fc40ffaac022852ef4a4
78310939d6d936ebc45962172935f82a21aa4232f992a141bc4b112b89c23b1d
0000000000000000786248566ea0555ca706600002ddfa24c878797978797878
0000000000000000000000000000000000000000000000000000000000000000
5ce76455cedd042c2285e422af7d062d4db9a4aca61a1a8a9a1d14533224a33b
9e9e7b454ede0e1e05ac770d240c57554b9588a809b011b63850324b9091da1b
03934289b91a1943319aab350b2823168ce28cc62afae642a6c66ca5cc2c27e2
961a542c1a218e3a88b1158cb14b98d9aaac545206951ba3ba1b09aab14ac920
3a32222adbd42979b1b5e95ab1493b9120a1130503b83cd67979797878797879
43b14991491eb1913c21b2129099a631c525b14588b9a9311909b62118121120
cb891b513a95dbb81a4381922bae31142095112810c122998a8900314b93ac9c
41a2a94ab550ec9eb99c48a6b8d7e6125ca5b1488ec2d0841bcec3e2c2912cb8
78787979797979e1aaa9428919983231b2a932202891d17b5d4ac9255655cb26
047a6eea4a6eec70d4ac80a42d5579ba29e20b89a9a959202ca29a32b141a979
d3a441aa02e15ce1212bbacc9b9892dc5759bde1b6edc82795dc25832c1efeee
6b6912959964b4294a8d190db5ee91509c8aaa338223203b99b0951e29199c4a
2be2fb3655b6d455bbce1df3aa6464cc0ce6c4a4a22fa8cad20272dd50adf26c
ad065ca2d4df79787878797978780911a8142c1132d9518c9e1122aa29b2b194
2314c17e91d66440cac4fd04d0f44dee5e824558df78a64c2442e0a424ae5a05
6dd0fb2d5692843c9210e19342a92341d1a21b8bd8ab3a089cd674e4aedb638a
862c8d4fcda2c86ffca5f055decee2224ed2654a405e8d5bb4a5a68d8aa468c9
5c10a8b9450cca6995c502d1147e5666b4b45ab0e42cdc54c70204ca7a4628d6
a5a2199b1a39a9d411a5961ab87878787878797878ebef2d3d2ca556dd41f0ad
0668d7edc7c5aaed4d6ad5dd2c4fce464d42660872220a22c0a4e27c79091c29
c3829940939900129b8a0919190c129abc44cbbaed912a1a01295c9c25585876
3981b52cac481aab5ad6431b191595383ac433643280c01913c251b9c8a4aeaa
9c63131c2a9a54aa90da103282a3b0d9dcd8d523adea552b5346b1c14634b429
b3c99b78d4e51dc93da9e4d3ceb912cacce96adc7978787979797878c5888990
44fc4599c0b191e90c3a9cc4bda1aab34b3032be0aba14c34bdba1a4294c1a58
21a899d59e49b1c5a3e8d6cef4a9296ec9473b0cda2227e8ac5a402ca84a4d25
29be92cb6b6ec1144612b2b1db2a505e4ec0359b882aada83209ead933550114
787979c665df548ce7dac526cdcc504744e4ac9042b399a894b2344021ecc0a8
c92c69e882db214bde51784a8ec82d4422a258fde4676848ade2d47879787978
d484f827a88a26a0a227bb49c9982330b11336212ac3c520dbc02ba46a07da2b
6934005c43d54ba26fdf6dd9eecd439aec283314c3dc24b91308ecea4c454cd4
4585e65220c22f44072511b9220223bad42b1a90a2b2931128d6e99d60695268
601e7878797878787978feec42a02753167bd145ad4d5a989d34a50d0a544af0
1b5b0a01343494bcc91c9e0cc95bb01d2378a3bda2dd1419a555b4b51530de5c
3c3324133c889c86351a2ccc3cd0bb69d94d8419d412932ac1c2b6082292559b
b948c15a9b941a3031b26121c2301104da1c2cce359c19407c93a6e15d1c959a
4622821108b209009bb9841c1228d43965cba3522c84b849b1e3921e844a8b29
b21dadd6abac04c27978797979787979792582d4d23d941913a5ee56e62d6acd
000000000000000000000000000000000000000000000000784ac3ba64982d30
0000000000000000000000000000000000000000000000000000000000000000
68281e1d6d404ed133ba7c21a78cead0756d5459cda8a1ab16b61d5bdba2aed4
0c2ccd4ad464ca0c7ee8cde60044c748201c1aaa2d111b1186429944999883ac
7e4d40a22ef5aae042a66a242dcac658cc2ed4ccea8ac5560aaaf2aacf4ccddc
cec2addeade42d5056cdfef25c0a6a6aadace5ad5cc0eda5488027cd0d5c6c54
60a9e989495cd579203ac0814925a292a122a282e5255daa7878787878797878
48cd2a24e67254544a54246ae0caacad27d2fd48424d0d5a5bc3a2028b16216a
56991b46a3a89265fb26e65eedde6e0299e343410ba64222d2da5da4ed7842e2
788064aaa2562811d02b32bc04229a849e03c9b39454d822a14a8b94242299b1
787979787878786a509b8ca99138a3009a0c1a8499918004026d0fc024cf4272
662067e26e2200aa50aaf64084a0794302ae88b242249921095c215928cc9279
4a8dad22cc0852c2da487f7222ce43c31a9180a3caea019b21998381b98a47a0
ad4c822e6eff2ca48aa04af0256ea0262aec62a72d2ec54de8a6e24e42a2a2a5
88e2d744006500a5add86eef55c6b111bcbdb3192171a42b1c9cc9a9a125ea44
a6582a0e448e79787978787879789a84844343aab116a0201923c3939808aa6e
acac38013438b48ad0aeb5142938d98231942daac27840a2c0afac8f808d4e80
a04ef443ac5405a62c204d8a02a24222dca686fcaa140a9916cb1c189c0c1094
cadcad4f6a48ce4615e1d2b536194ec91cae1d9590183633ab58a446ac45b483
4d24b224941ae432da94e342cad1b9ed71843cfb9d52e455760c567aaf2aa0da
2ca7222a74cef2280cfd4a64287878787878787979eacbc24ae364a55666493e
18b621a98a31b1154122194943481dc38b5c69ab999d2b90d2bb1092788c4cdc
d4f19ab66ed399e684b454e11fdd1dee9044551940a532dceb23ddec9b8258ab
102a9a30c3ab733cd9219290b91221c01309b191abd38130e84849bc99fac4c2
1821159bd9aca894b8cb9ab4be1eae530253ba707d5822cb8e5a561ec0b2d93b
5893227923231cabc02ac19a2609959bab1281997978797978787979134cb2c6
fc74c42cd44af0f2e4222ce5e4cf40e7ac526c8995e1a933422c421ee2aba02c
4daca28882c582aaa92bc8b112aa29e0ac9b5978efc552d054c2e2c8ed2c20a2
227cc458a9b359b442e20c39c91aac428343b66f4562e2ace8882ce64a046d6a
78787952c4aca7de8de552ca52228d2c2e8c2cd6ae4fa484aca062fc4c44f554
a50dd44e570ca2f6e20278a4822a4a5ad07c2e2fe2c5aa20caac6c7878797879
b583a3344a2c1bbb21b87dc20e2cf80ce26eac52a4d0ad06ac20ddac66e5e482
33a51a9c316bc41431a4bd3361b9c9a293c5a33a54b3291baaa818249aa19b56
ff566fd48dea08a62568c88cc0a222a0c4c27feec5554e00a2044093cc124d0c
4e42787878797979787855acc2c66e845fa7282c0042eacd5d50caead7e0ec06
336e66244d554de6d0867567cc6e8fa8de78078ea8a46eea2aa02542a82d46da
3b91211c815a12aa91aa11c012192343e21a8bb21449a11b112aa18023d6084b
948111e101522bc0d9cb99323a3be9bc2aadcf421159319960cec43a517ee44f
25b250751634eacbc23eced50d1ecb6d93e68259d991118713da6ba5beb355ab
a16bbd4019cad393107978787978797978833b50a43d9512294c123a235329ce
0000000000000000000000000000000000000000000000007816d9a4dcd2eddd
0000000000000000000000000000000000000000000000000000000000000000
2195412c4c1159a62d1182a248bac9a904a9db69151b323c139bab43e184bdb9
9cf4e6f4a5aef84ec95541ab1636ff2d8aedc756685f207caea20e402657f8a4
c444c07adf2cd62acd84254052d6efd2090118d19cc3b95001215632419b0419
1e9a90a8259a4198aa193101b349b312e23dd9aaab105933da9d9acb1981b92a
0fa24a65ea825278e0f8ac620e2a5dd08e57cd765e64c0af7979787978787979
53251a230c5511493e312ab92110b9ca02ba29199d9419d0220227dd05e0a6d2
43993132628908655652d2c2262c7c4246e22a40accc2f5848889c99a93020be
ad4a4daacfce2aa1491c843333113922a8999694c2914199d19012003a892913
787979787979786ab421313ae9a92359a4aab51b99c4a9a4d0a5856cc82ca2fc
6a284af44c5ca2e2d02af404c46d7939c33041215ba93a2aca97932042a1db79
bc65a41a8a512ba0c2bb8c4cdac86d8d2a4cd2d2ca5287caa46455a55a2586a4
e530cdd6d1c8191ddad04cee41153c9a11db22a5da4a28198601001b21980364
69615942decd2c45d9e72d38f98b58a4517fe006d9593a4ab52e52b2a209d93b
2fc086822ada7878787879797878e42359964e66ccb7dde9bdc65c4a31c8f46d
30dd19a4998d7adaae85cc2c6a42cc75e6cc526dad784d2d226eec622d4f8ef6
aacae640ea2312eb11c22a082b59019525c590abc2efc61e441cace3c1615455
c9fcc33c48d5d928d185cbdbecb122c4c51bcc3dde4220470dda65da0ac588dd
cebba01903c38a26c44a99a25102ab1918239d19ca014dae2fe6eccca76b91cd
2c2780c67fc64c2cccc8457c45797978787879787844242ca913b41328db041a
52727ca2267e4d4250a04004a50c5d04a5e2ea2a82caf257ea8d2d5a78e648cd
0d422008654c260af8cc5528de311b63f64eac0651946262e116c6cc5e82aa76
dd0a812deeaac3859113649930251231a2e2c1b90c61bc81183334c1a7522255
fa2aac7a5daaf66245f2a5e24caaaa028af45d48a8a4484028608ca28de828a4
ce119d78ea7df2ac574c60ad5452dd55440705827879787978787878e6ee60cc
26bce50dc6a4eee06ed282c4202faf40e076d04b6d141c6e8a1195a49b1a21c3
a328847c0404e8274d0e426c045f8264d24dacd5559b29a26cb25aac4d057670
d55e118d1d9b99942e35a3044432a1b92b40a4d424a29111161b5498b2b81303
787878a8822da42eca6e886dc0aa66ada4f225dbd3c9d78245a296621194515d
db75119daca4304b014978c0c466eca425ae2cc68f0ea52a07682e7878797978
d1532aba49838412e9a3cc019cc4fa306adcb7500d6c92ee290cc54cddd9334d
b26b28ed3f98ba597441ce8da2f2c454c4626222aae4475226cf88ab210a9925
33ac531a1139941a42a1003c9ec8a014181cba68340b103d3133d9ba6ae55d6a
296479797978787978783299422ad614ad092cd3cd23c1b4248a36a84133e02e
34e078b83655c20e2c12b3c2ec9b75da5d7808d31046da1e2fc3215e92358bec
4293c7204aa3ff27c25bcd5539af101cdb391a82929499926db24a2932ba22d2
8224b421e9112021989b919b593bd2b082c52c5fdeaa5d40ace420f25d4cd8c4
4838c322421923332ca3a91c3aa16b14b1aa524d622208d6e650fd85cc762e4d
5d58ea05e2445c2ede7879787978787978c6657cac62080eaea0d62c2dda640f
5aa9141212b841c12e19809ac2991c1ad8b28ac959b83540782fd4f42acd5ddd
295586a0a801a5c386250af00c55c82a52f4fea5eced427f9143520b5a9a95b6
94b8b21a4948b8891c222d292022bda821cb942830acc8bec1310b3181509004
4ae25582e24cd02c35d23c21a0831a02c24b26ab10c49cacc6a9a1b2bc2489a9
55d4fe5accd8a8e50a6f224ec607ce42787979797978797924c42c445257add4
594517812545191cc5e4cbbfa3f5fd4eecee5ae9c43cc64d5e3392d441ce0678
18129a3a41928c2ca42322201520ea3416a262221f6df41a1433cd8c0eec6592
c193e89a1a53b3b38b8113d2bd9ab5b329920931a22e1c1308423a2a34b90906
5891aba5949d989191931aa3a6b4b81cc62ce3656d087e1d94a2dbd193c393c1
9cbec98309a378c92143183c10485f0d8d1fe542ccee5d797879797978787800
1c0029902a48a038a4a2c691481bbc4c8a20028413132913a9d920b243114221
ae14d800bc0bd0588a72e252aa2c5c058540d4440d7642a211c2b91e92d1d93d
5432e346ded360c8acac4ad0caa6050c52272c2a4625928e3f6508e18c4c9cd3
78787879797981899a18b1bb304042a89ec1c803a181d579c62dbd6a9d4346c4
d6d58552a70750ce582f642a6a79191a209b83336189429929ba4ea942417978
7cf2c455cc6702e5cc2cdd6ea6ab93423ab5aadc1c3ac509bc960a944d08acea
02caaaa48a6c24acc505802e7d801098ddcd1d853b136b93dac91180c05280f4
38123b9d13b2499684b3ac42a1d4c0a80c0e87eaabc53701c6a34148466eff85
6dc494cd237879787879787978ec21cb37b934d61db5bba15c55abfd5a09d02a
a8a8cda1ca24ecd2d0c8c645c2f868acd5e5568e78aee315bcad35c313bed564
4da4a9b54e7acc5ef2f48a7dc4248445e56a0d80ecaa1a2dc912161bb1c54313
a349948df0ad72d56ac52584652e2467de664c5ed1bca9863a8283d845428aaa
bb259c11fc9e226916fdad9e0ce5b7acf993f24c012bd0a959ba8b2a10becba5
352c3a0e9c9918da010a91287978797879787978029491a481be8138a429c3a0
39222e2324c29982201d485d52055aecca6dda4d26a658d46ef4787921cd250a
eba9b29112aca29229c112140a4ab952e281249038b09ac35b2938c2a982d322
dde2d8acc0428a2072caaca2f8c7204e7fd628e22cd07ceeda2a4241ca283131
54b91996c32caba90b920a6ce422a6aa6ce0462ce2862ee0ef46482f52af8af6
85de792521b5e4a9b25911a1a313ab193924957978787879797978882b84cbd1
2a492ea62ead22c22e4f65660aefdd64c5874ccf5e67c644dd17dbb532d35c01
ab3b819194b4aab123b3614a0aa232cb15292a898cc39632113a214232922abc
195ca8f52c5efa60ca704c2eda564acc76c525227a5ec346c1aa42f9c2d24d94
787891e154312142a1c491c221b80a9141d920198a0c1c99c49b3218a4649a48
a245aef6f2424f486d78d6c82808442a6a28887442622c2dda5c797978787979
8ca842284cadefe2f6131a431ae901cb3b1238d18b1aa4c090e4a5e2c24c2a2e
cfab434d6c35fdbbbb04531c3021e31b30c89492a35943b094642206d46d45ac
4c21c99aec9218249931aacc28edbc591cc891cc8358ac2249f956fd45bbbc8d
297979797879787978a3b39112eaa12429151415d1529a1293931c32cf8a9c80
82569912215280d02a902b21591a35b1793c4ba4ec5802992199da1a13123ab1
404ad409cb9b98e82894d1161904b21bc909c919b9da8150695229c28941a43d
04f0c69646680d580a4bc26e2a6c6d43cb4b9ab1c05946b633a212829209aa10
be5e648c71fb67cb524d05ce85c46226cafafd5cc8cc6ac6aa20a2c2d4d25c2c
120162a11533676378787878797979798c86e50c24adcead285e02a5e8dcac27
420a151b0d3210869b93c39ac1a93c1321610130920b2a780fdd97698b57de1c
2750edd46d9094d1344662e565e2dcd6e1e960adbaf23641c8903d895c112a2e
928239ca2d9b91519ecc5a1bd425441c31e328189cb6af6e6c4c478bbb7bd440
d695b1dbab8d31e2a5ae44d8dfca4f0d4e72d852404e52809b81ab95c250e49e
9b32b793b1a914c8e4aa8d24b08a237878797878787979f3d4c1cbf9ed4a941b
49a5a1cd91cb0a5eeb1132ac8d111b12a4b0b944d2c912daca52b94a38567942
6674650e5dcdadfea660266eaedfc4389cb86bb1dd83ca9c1abdae91a3246dc4
a430831a99431cc9a8901db93b1965b7c91a89ace565f03bad53ecd11aacf720
4818d14c4594b9bd432c9cb330d104a7d2ccabddcf5d16df452bec254396a94e
3d81c3403a78e2ac6a42c458436974e554e056de4ed379787978777979796acb
3632b3a96dccbeacccac82c1011d5dcef46d2de99b1310ca8288a28ed2922ac4
3819991a9cca1acdb91199913a9892a609b009c2ba4651321aab24bc90a9b44d
25ea22788c20c5936ae8e5923e5467ec99eb2eec9f50dcb32a494c20acbbe84a
79797978794ed4aaaa07ac4ac2ca4cf272fc824042a7ce74fe6d52444f202064
aca8196d9be895c3dd68cb84793b82dc3d914134a11c33a199e1920c9d787878
3181189a811d9d842928e2dcb11abb391ab826cb3c5a2214a38cec28dbd5765e
244084b2329ba14cac9169a04fd222d252c46ddd7064ccca0cce85d6d9224349
eec374543c2142c149dd29e9ac2bb0c302d29c33019aa5481b1b99061a3122aa
a64d4ca079787979787979781ccb52359a822509906114aaa0859eb86ba4eb83
40c8641d4c151c8985bd9ec218641512132813785c19543639a3f067aad3256a
4e45a648b1bd334a60cd29b9d0a364a50a90a322ddd2564fa0a02df02d64c248
e59e294a8e4fd6fc0aeacdccae2a52d5a08a268dca44d8626428c25cfc4a6a8a
198b925f5b3613c34f91460a5cb4ec6b29495110098a539c0599b1a992a0c0dd
05e7c2d2a46444c057a2c57978797878797879d9b2d902e2829dd188390eb491
617d8ad92f142452f9e28e7fd25e524cdad264d4cae4acc8e67078cdcde56c8f
4d1c342118dd53d494bd9aa1c35b29280ab1a284ba2618a1c2a1e214c8bd4d6c
4159a32cd41b5dc81d1c82c824a4aaad244e6cfedcf44d4d0c28d42a2c7d8218
0d3c0c9ebb4b4a0a2ce16cb46479d4461a22dbea5b09e8d235901ec54d12e65c
2d78548c26824d2ecce26f6ca5d78a8d4d8278787878787978785bece4254678
95452040da45aadce4d7a4eadc2a642e746e6558e1d914eed6a21c211c4cc834
474948bcb0c91a6c421a52aa8d232345157c5c29b408a33194b38c5116a18915
44b04adca19bb12a3a929a9e20bd94359ce8dd6a55e8a6ac2a28502c25e54dcd
78bd9a91ae0035c2c43228450249b19436ce5de2c512dc6bdbc451233e341531
0000000000000000786a86b1c5cc2329d84228c4e11e424a1179787978797978
0000000000000000000000000000000000000000000000000000000000000000
c16c50dd14ca800e75c62a96d9106f32f20ceea446d95b41c6e206cd94d4db50
898b44a98da512b63992559caab01dbc4a6de8625fe4c6a2aa4f7a8268c5c745
c22445c544054aa74c0e0fde5fde50c5cd2c3591403d8ade109c1099440aacd2
09292b96a169ab1021d42a24a98439a481292a0da23381949383962119399aa5
604bed0ec296cf79563254bd3ac429a9991bb24c14019b357979787979787878
25d664d6457a82b3ac6d25342cde7bc5a2b84c42dd7dbb9742b44c20532b419e
6e2c2cdda54de293005425e663d16a5635a5e908c1cd23262a674ca047a40d8a
c0cdaf44d607e88c24ae2c42e64fc85a4cd5efd28fe2ca5c5dafc6d6848e5054
78787878787878b64b613c3dacbd59e0d39341d61f492d44c265466dc42a4228
49a1b2652f76b2c585e8dd134d657840ae655d64defa4cd22e54c8262de6ae78
aa0e782c582a52c556adcf6dafd524a30ecdd9312a2a1c9939a82dc123aaf394
3c4501511e99e04563143e2c9ae3d4193a49e359523319920bac22882a99fc86
acef6cccecaf5ac6dcc7c8554c2deaac513cbb3302cdaa2898b010599a322d55
caacca5af5ac7978797879787978a8030a21a54939261903422a9b244ab207e0
d89a22121ba4eeca4522d25aaa8e44d8dce2464fdc78ac582c7244d6ef484457
9c841e900ca143492c00249abaa223ae8419b9dc111b5bab29952ab1ca7d022a
c625a984e5828aeec0005cf6c02562fecdd6c20dd81cb24c012cbb0ca4a1b404
1a3580c003d1ca80a9b31c191902a9bdaa2293e10dec13c5a258eec569c0be5b
2a6e62ef5ee6f0ace046c6488c7979787879797978c920aa42521ba598566249
357828b9c412223ca28409a8d32364b5d81a311399092d1b2a1a82427857df2e
890984a9c92ecb4c29913511df2e6496946e09e1d01c9851466b65a2addb18b2
e318a180abca03aa421c8a1294a26025934889949ae9b9121b8389831a9a9ab0
42876eacd6ea225d750208ac91198539eac839c91c9b054599b2a1161ac21ada
a06e257882ccf487880dfe0204c0cc54cc2d04ea7879797979787979ae24226d
ce2faadfeadaeda45e7a6ecf25e8620ad52a27524ccaf72206ac0c5448a2a28a
1b729aca545be20d3e63a0d4ede93de398c6d5aa74eaaa248a2e40da22c4eefa
a52c4d2878f4aac242aea48452adcea8f2e2d714945442a6204decb63a451e6b
787878dad55247424f45cc504cfaa56d07cd62aea6fd2a22a70c6e6cee2a25a2
bb5ce0a22192b29ad94579b4394e84b394a8199168aa9aca1d8a297878787878
4ef64deec7ce875a426acbb2afe103eb151e5ed4c6474a2d43bf22210a199c23
839c99a340980a0aa9a1d85ed30e32c1a53ead16c32ca9e614b5dda48452458a
225ce20d8cde86cac66c9b122cc26b9b8136a234b1c9dc04d8a41199a5a15026
3ba379787979787878799c8c8bc4dadcc42ace39c499c93c4243f677468cd824
6c1254448338dfe63d531129ee3d3df4c479c193eda09a9991cd42839dba215a
0221b51c359aa1b41caca2a9940ca919690da6f88a4277ed54c5ac8274d452d4
ec8292ca1b9a9c39189019a021c19eb943d8c8a24880aa2caaefd7c4ad4aaa50
a8e914042c213b20a88290c2841a6ac3120244c560a444cc7045c7cc467ae57c
39b3c1620b139290cd7879787978797878589535acb8ac29d03ee676ce7516c9
cc6e54eece116621989b85c93a15a95400a88a0b41e13d92790d819d1b2adaa5
11df0d95ea3b842b19cde073594241db0239e6671a15dc6d4db594efdae0e65c
9312a10cbdb993390c7a02004c25ceeecf5af05a4af828a613a261b6e58b71a3
01123b0b9081c19549c484e69465a1b396a91a5e214a45a65e0c224a9a0331b3
7c5228d0ea0e4fd5662fa528a04c0a8f7978797878787879099b459952460cb8
a99c89844b8c2829a6ab1d033ab3911876e9eb90bb6b1f1ac77a394ad2264d78
5489268d9a9a181a420dacab99318c1a05a9630c48429083949493801024042b
09ac026a12953cb348122ccb4350a20c32b03c2a3a10aa30122912461c3a89a3
b131c22e3081919c4cda0209b5c09bcba4a2b65ac0ac11813a82ab3a23b1b118
01423be1259a78aa5aaced28c6e4a47c44c44ac00c0f4279797979797979780a
2a2832a3b1299189ab8cb99a250b49ca1846c94d0ca5d9d2420dd52a8d3492c3
c0891ad1eb3b61ddda4f591c53afbaa42a0c16c3ea135303402d80aa169b542a
5cbb0c5ae99014ea8bd942232090242b98104a8a16258a141b25cc5a02a13b3c
7979787979793343111b892a68808baba199a12bb3ad84e0e31c4ad5e1806995
6aef28da5fc4cd68460c4a2aec788d2554a28468422c2dec688e47ce2ca47978
9b061899ac48cb9a411accbb1b7cf4efcca44aa50c40a2cd54e4a2ea64c4502a
62aa2a0ceae84528aed46066c29b3450a1429cd4dc8e01b24119b83883109c12
fd274968656c4196e5ae10ba8c44222a08d52652cffe2cdf28dd0e6f0488ea2f
2c0456b61d787878787979787858464351d1969ab52aec6d1c85f2e3db513201
c53a46611298c619821994ddb9b51342411338dc78331cfdda62acbe45c6119d
084f26228454cfda8a2aac5d057404f402aee8058cd662d59516711e34244ebd
afc002e4545af4642c454dc5856cd40464d4ac5dd2704ccdcce4e4668ae26af7
8924f411a46be5b3e7d660a537e0e73964a63b3df822022cac0d7c77752f4dd7
5cc54cac5c2f75422c48d28579787878787878795d23b4951a8a6b93aaa39948
d2c28d7c244fe4d4ecac24b6969129294980bc91dcaad99a33c24a78aa27524d
ee5524240d82e8e5ca657a5d0e4e7e68428a522fc26c44c645afc82ad46d08dc
d4614e3564594d32aae59983a72dc30d93a9ade141fbb150e6112c2ad6282e5c
f4ad28c2cca6c456c8c45caa8c0fe5da50a08d8605df2ea82c4ae54ecca56d6b
265e78cc4005ab75df2a3890d1c0514f845cc5787878787878787900ca645477
ab24c92e494b4aa8051a120c244482b2091957322465dba2c1c5cfe354b85914
de44d765e0a6151763c3a61b09fcb891714ed3191b741159708d01ebd9212cae
a03ad5152ce891de1351d0ea26de4862493b2a1696a6b97b121c3340255df897
7978ab949a4144900a99ae8343a32390583cd9cc4080b2cc319a9e5a9d828934
9163b000b90b90a3a47802cf2406a482748420ca8aecaa74c7e2797978787878
10e1231028ba2381a967411296eb24411d6196839e5a4e5d4d39820a32a3cd23
5f25c04a2f8ad8506d32821528093a431b15216ca94a91242a31913b15b9ab03
b1310188a339ae03aa9c84b49c58d4138941b12100997598492e42d808225ad6
1178797978797978796620efd6a2a655cce5a7a82c440a22e29c028dbb1322aa
e6e41cacec4be4e439903ec66892a456798910193813290d2b028a9b1cb0c14e
41a6c6bcd1b5c271300f6c44c0dabc7265908c59312b3ee1c449a9996ed44dbd
c65aaef5408ac40e0ee5450a88c47ee50f260ee6cd7087ca2aa82a4d8280f6cf
1c9940211cb90218834a9a8833c19e432a343120b3ab0d419d28ac91e998234a
6ca4aac6eac0ad2478797978787878787a622c4a65ca2fa0facc0e252d57fe6d
2b1c0533499b117c0a42025252472c68ea282a80d42720782272f60502ca72a2
22c2c72a2c562c9b29114992c9204c89e21950aa152b398ad994990ab818ead2
5932c30aa4b9a9c02254f40c24c22ca48cf877a7dd4ef45a5244e7e4242825d7
890a891c83aa42ce1f4a19fe126ecbf45b69df9e565104b940081a125c8a0a0e
22ec2028c0d778adae6d5ae7664a2a797879787879797831a20ccce444c1943a
cbd28ac38c0ac8c91b4bb548aae36cf60a50d42d75252ff82260e0fa4ed0784f
43410109a35c242452b98841d64b87784c656a48ccdaced4d6468242e5f689c9
aa991a9141510adba48c1a3839e9c040202a1119222201329a36d49db19dcc21
2848a551823bd313e3a9010a2981285ffac4f842466ceec5cec44250dde2c93c
b1c4461820784dcd11524b4ba4901c43e4487eac746279787979797879781913
92862ab00ce56422ca4e6c56c84c6da52c57a25e0ddc4cdc3cc0145a0d950932
2a90b82aaa4a2bc2aca1e39052c312c109411cdd322c41892b403cad9bb639a0
aa04eecac49aa449882323915099b993111d29c4b62a9e4cbab950be19b54a0a
79797978788802ca2ca482a420582724ec40488da25262c20a282dae27c08ca2
479e555a6c4b7b841e6e65da798ab29b32b12bbbb815399e932101816e797879
c95ca82c165c9a248ba1c9a1056d0505ddcaa0564e76d8f505f4c05da65a2af9
ac2e99cb6ebeaa1d1bc5c1a7c1a41ca0a6ba2224ab3e2aaea891a1d94c05080c
c82ddc4d022aa286205d2e8ae030ad3552965ac661624061d053d2ed856b55c2
74fce3107878787879797878e462adee0e6d255cfd0a57852fa4d422a4f27547
62a508ea5cc26a4aaedf48a5264e4a4c256cd778a7adea3ae77b26abbde30355
7cfe6d52adf8c2242ca2ac0d2556c264a42cd0c76a02c0256ec62485aacd8f84
24c20edf19ac51a134c82d1094ba2b2412c2328a4dd404da5cfc424aad2c6460
fe42a8facb69a4bd5ee4cbbe5b15116063bc9edacf4caa0d25def856454cf202
929828216b3a044129d0397878787978787878c44ef04ec5ca465c8a6f4405a4
644b4b556d5e0d56cb3cdb8d314941a19301158b4a4a8acd9c697994318c1413
c464660cf55726754e5289a522ae29921b15d1993128881192c26e9992bcd5bd
58ca5e84242ed44ca728191211222b422962a8210281b494320226062d7845ad
aa882e2548df2a2faa0694b389253288290a3a25922cb2060d3a2554cde086df
3278e2dd08e6c6d456474a42aff5acaccc6a78797879787978792c70eed24e50
6244066b6aad46db5dca4462bc52a43d522490406b39a1a12c1d64443c11c059
38db243c330099e1c9dc92188b2aedaa0b3b2b8ca216a32420a81acab5c28d2a
cc32a88a213bda221e9482a3a91212ba28c41ba9942339a0200da1bb18213b6a
79452fa044ae5c446ed56252ea27aa624fc72dfc6ea8a80426448ce65dfecd28
0000000000000000782ea264fc24fc556d422d82ae2c8d5c6c78787979797978
0000000000000000000000000000000000000000000000000000000000000000
18acb1304a3381c9042d35491e3a8b9c24cae98d047dec61c9e88d62514c48b4
92522ea1b3182a01581b1c2a9282038148d297b4118ad29ab5324b5e2d16a81e
5c6433e513d9612ddb8f0e4e15198ab8d99a24c350309169193aa192b9310929
85f0aac24aa8f620dd4ac54ec52680a4d22c285c4c25a0a7a2feced5ddd726cf
7f5ed4d0c062cf79b4ab2d1e929ce2446a1121b092c92a957878787979787978
46912442cb22d8adcd2a3529294c6c9d93ba52c19928c0f5eead4d7d8ecac045
eab4a9d1d92c3890038291c3a10d1183184d1b46080935311bd52214899922b0
c1c2099b3c9d4150cdccfe4248c2a58e522ea7fc6cf42ca123190915c49b0ac9
7978797979797880393ca0b082aa9112093d9c712d9240b94ce8a6d1bbd31ac2
5d8cc4a6ac516990bbd9c666400c786c48026d5fc0cc57682720fefd87de0479
5085a481b9405a434ccd9b148b3755c3de85c518bf3113b36cadbbd1c1adaa7c
aea0c824d81cc240bc0a1c8dc1932a831c1baf22b1b2531991e9b28a0ac99c1f
b32b911459b8bc38eba418b1a13aaac9394acb0ab64a1995dc2bc9591c8001a4
3dc39958519a79797979797878780b838083892a011aa288a090e0c18c8a3412
ba4ac2834e4cec0e582d24ddc464a8572da6a26af279d1e011d23c982bd9ac90
a1d995c3cd3c89132ab441b9202311be910e5b44a692b210cab9a110424a2123
4baa920219b36cc595bd32dde247605b5c7dafc2b1e8cba34a9cf42bdb9b1a4c
90a92beac55d3e11e5ecd44cd28e413606a1d13dfc0a3154235226a9111a1a51
e5bed91455f15bc29458cb9aba7978797878797978891d212ca313c800c29981
a5ac6e00dd4cf8648fc522e8bf9559baa2135b145017e055d4cde9fb78a2b2b9
5bb020e29bb24ad0b28b389b4bac3a30ce1c232a599d2d12951ba52a5ea5cefd
24a5ed57208a74ac7d22d44cd8ba7000ce69e45669b5e22b6d5bd74ecb21d9e9
4655a42cfe422a8c7284d8a002bc1d89eb925eebdd91d6143163d519a602d5f5
eab57478c2aad5ee04c4552a08dc8ae658a82f6c78787878797978786485d55d
149bb4a6c2642ac260a5e2242a8c6c26e2c8757d5615a2c44e96498cc4bd2512
c99a41ca2b2484c9e1a2b9ca82213ac899a422998822da156c0b144b2b90d8aa
94821bda5bcb290138ed3a22a22a9315ab81c802023922881303941968b5c02b
7978782c142522f9e4764e634bae51fb1d95ce9c16d99322c38220bba93c99b8
9aaa4e9aa221022d9ac57805ec0cb9691c7de24063d33b9cf3c09a7879797979
90cd5b3d9fa8bbd1c5ddabd486b246373b26e9674d1fe59ce236a6141cdccc14
eca6ed6022a7c4acc5504202aad1941a93d192a29214012649aaeddf2d12c0d6
22a0488f4f242d2a6aa4e9aa1002481c4a9905ac3313beaac11955cd4758a472
4c1c7978797879787879154111514081a99e2112b38d31933cd96d02ea42ea2c
c0d3c26edca3b46c9c46cd5a9bbd55674678fa65905ac1547516951034a7dd59
9b10f462cabab53ebc89c5187a54b55122cb889d865bc81291229d903b01cae4
b2f2c67c5e4da864cd078ecc8ad5fca2a428121942020ca28118aa1336aab950
e5a4301ff564ee4925339d46de454d7be1da9939b889111b251642494db23221
db90d406a21a9cbbaa7878797879787978649597545d91684bcde2cbd6c2a62d
6d0965ee9655e7fca5a880bac89f3a3baa5393354a2a388179a3a332cb4c9ac5
f0cc9a9c48439b242cac4f240a825e8ae54afacd8caaf0fd049220c6b224d39c
962825983a922153408d4e46aeca2e5540aee5008a7ecef4483aa85c49a22aa1
55828d6dc2ca0ffa348e13bb3cc52cc4c998acc4b15bc34221a00b8599a0193d
528472c42044d2d60d548aa550ad0e467879797879787879645e0ca6ccaa26a2
ca1601e1cdbd1261c4d38f44d24662ee4c5d526e808872d84aa28ad07aa0ad78
dc89613e3594647914892de0b0eeee94b92ab9ab1bb1045a14cdc849b14c8e0c
cc162d56a20dc409c3ee3dd3ec46d48427d43c6d8e10decbd489afea90139a12
5226d4a5cc2858042545ac2ac0c50f93d4f3eae3d9bc320d4af6cb0e267cad26
12049ca389c2792a20a4914dddc0983810aa1c3e322b2978787878787978788e
22afa0ad2feac0aafad0ed64d5de5c22cae40e8a4dc651c012bd0e99a042933a
94eb1558c31411a6e5662978216965d73e93ba3dae2167c27c42ce6c4c7d7ad8
913cbeeaa0a19000185a30cb1415241eb4bc4d40134b3a289131a6b5a229a994
797978787879a0a52466a2a40f2587a645d2a6e444cc139d9e865484e1d144fe
5e84402ad56c4f8ca3f19b56fb7805e22e4d2a285488e6d5add55af246cc7878
b894a519c2d1a23120403023a42503e4e9a1e19f492c32bdb93becb090631ea4
40542ab42299931a92919c23310c92a34adad4dc9b4a9123a331c5bf32ad30ce
99b2032c8335a99d832a3acc21ed4519765cd261e66225c5e24511141f61993e
a92bd902ba7879787978797878ad7e0d0287a246c2c42545ee82daac42e1419a
b3ea73a2434ab91819c80e8d1a0a940a3e95a929798ba491ba989590693893d1
225a4a6a421291622d89824ca2b1194a49b502c1b32641ac31151dbda9186184
ef4dbda655227c6260257d2c446e62aa42c2e2f62c462f0dfd442a082ed6cd2a
03c34943b1bbd32363ed4bcc96a89e21160834ca24343654bee5e6bac9e0ecd4
442d2aaaa0a82a66c875daae797878787879787909ca8baa4ca18499c6113142
612f52ebdc85da4deac03a98a2c4842528ce53305c9d9bbb59c5a1785de882c2
184962839984110a598118286a02d8480e452eb3151b2a1931931b2dee46c5d3
a9aaa88db99104c0da910c617b4686b9bb1736aaf8756d6518ce91948bdb5a12
272479564cdc644822cd8d2d64a081a3e3224ac11b12a23168b820bd64401431
6de578457fe0aa4746cc5657d4466ca5dc554a7879797879797879396bbe19f9
e3d9d96c9d345d793645ec8fe7d63c33ad5ed7e528675ac4d2ae8ef4065d2ca7
101962b4dae4a6731e6b4cc014fb69542611f5346bf976e18141da66a5d99d62
df2cb214c239a422b4aa41821a1ce1cbb399a9e9c43dddbb46ec10b15ae14add
78780bb1894b125e14c5dc99aeab23bd99a1d5426f2cedc931465bdc1e0274eb
1b4da92ca9c98b80c178626424cce64f5264c54482ada878a5a2797879787878
2ad11beb266165aa5cc8189294289b0938c982935be4c91aa995a839b2a4ebc9
8d21cac29956c81c2e2cd1a312511df169b5da34ec3ed0f524ccc5a353a4a988
5424408a6e4226cfcedca25fa82440d2fe448566224c8c6aacc92e9b1ed1f2ce
767978787878787979dbcb105c91f9cc911a109a290c53bb040a22ea6426d2d2
c32985e499ca2422b9e4052c402284ca784ea6a65e622afc076554057193352a
0681336b234aa22091a0b234ad5c0a9c58ac2114b3b2aabb91a1ccae140123ca
a928d0931341499e9d0489d8b30d21b1599951a0b142b03c41a591dc29e13adc
dc4c2cdade2af5ca542c8a086a528eda1389ed1991d92b0c8c0589411c08119b
9565e86c26ea69a07878797979797979fe4ee74a02a5c7d55255ca28a4aea5ee
f0ab0345ba23a04312a1a21ca3a2c3ace859b331d1bc6a78ed48e41c4be8f8d2
c2e1bc282c2d3e3b49916c029001ea84de19c2ba9c9ca2ad912cd10ca2a54231
49283aa22b11911a8100920cce3ba9529c4a13c52c03a525cd9ef3618256a51c
ac93a0aa50eb8e03111263290182ab295a109403c12005b01438543c9ce0a913
5ae9caabac24390839820ab93b12137879797978797979ad459b3ca07522eb31
e0004a56c4a2622a2c252725607cae51432f5c2945bdedf253ccb19d10ac791c
3822424094825b895a643a12a02a7db6527d761215b5ab5adb2fe7d4044a7aac
dd6a4f2220e0caea2242c08f2c6cabaca3c539ec83c32c132c94ca1ccb21591b
0570f3dc9a05cae415cb5ea53d449b1ec9a4c82a38a901b339ba881bac8a66a4
c448e82e4c78aa8cf5a864c4d042acc5a4220dc4a72f78797879797778782679
3a9f33ab23117a610c2b506146d34fa5fa5a555ea86e0662fd0f0a5dad742400
68a0a9881564dce4e256e15b49c571ce5682c524ddd08a8932c19dbc93a80d2a
1041921101d2aa66cc2686a5eef2fa04476607487f119e546819019399a92b54
7978797878a69b81810834c9a9824cd959c99d904a39ca21aca11acf05410aa5
2c6dad40dafcd8d54424a6dc78cac22ccacaec804fe64ae2afd88d6528797978
9b28ab312b3885131a282120103b42920ba3d3c2a9c611abb32ca0cd46d52e46
c8af2ec82a2282a055a4d4d094042a3ca321028939125301ba6a2953020abe19
e1b6c138990159b8d9a3b5711b8a9936392ac4c42a11ca182221a533c56262af
cc06af277978797879797978a0bda1e9846195ad9c85bb34512dc488fd55490c
a49399cb62a809a2583a918351b48925bbd9ba780d604aeed8d0c2f68f62a2c0
e4ccb4e9925dabb31a9d1252b4c881bb292212db3da693c82ca1adac9ccb9491
48a66f94ca48a42815ca1ccbe9341c03e90121399119c024381210dc21224019
3c6ccac43419520facd2b58e9817864ce28e098f06c0d48cadafcaace5d4ae50
3aa4120d5dd5c11b2809e67878787979797979e3f305f1b1b411dc561dc5cea4
0cb5c311c32b81ac0a521456118cc9219b239543129bc92832a178e260a4ec3b
6c82f88248a24457ec260cc2d4c3d14efc45824bbe945522ddddb9cb36920a02
893c4c31990561151130ad93999a2d448e4ea915939991213935efcda5fa7a0c
25c81c42d611b6d3ae4b113c3310bb91c420b95b1b2e2191a9091b1ac11d2292
2a7864982b39c2ad694d000fd3bfad55dbcd787979797878797952bce5c9e069
d4c41bb91081420e1292d218a3524193ac1515c93e8d92361d13b1a81bb3208c
ceae6bb764c394acc24348d5b165debe79605486519ccbd6c24320d3e524457e
52aee43d7edac8c8304b0d473696e9250a0fa2ccc2ade02ce5fc70e52d2e0686
79ea856cd2aa46d4f8adcada045f725ee4f3e1545a957b834d63ebae02cffa5d
000000000000000079242a84085330890a9182a22339a6211a78787878787879
0000000000000000000000000000000000000000000000000000000000000000
4c4488c42de00585a4557a2fc4eac4fcb1e37a5b222441bae6ba01eeb3c1357d
aaafa8644d72d0a2cd2ccc7002eca00ca9029ca35da3a931922019123c318336
03ac26b90644adcb69ddb5801963418999aeda02005bb20298c2c0238cc321b3
2bddecc90aea5a031191802183b8901359c0292132c29112229ed45c3265933a
e13628e51531b678ea42c823e95ef8666545aead2dd66c427979787978797878
e1454ea1d56b5eb3af331e013e5f9249b6ca29486ace1bee14a5e9bead16b8e3
2282a0204feaa4ad7d5a46c8a2ed8522448ae5e240455cd2d1d3c6143bd652b9
b9d210d5ff50bafe4fc06ce068e76f6c450efa4f5278aa05ee47ca446d4cfa22
78777878787878cbaa5c417261a5a48a94bed49c399cecead44a8b53c632d81a
2444d7cd8aae0ac005e72f7c05af79e34928bcc2da02120e91b2b33989248b78
ba8e24415aa8a8c04b112a1520b4a3949aa20d8cc09932e2e11a242d82b9acdc
5be29d9359e3f858765d0412ab5fd229393218383328b2cd219c394861123290
053c1283cc299149c3a38a8108a33688aa98411929b049c59c939a453b483ce5
88c84f46d4527979797879797978b9283b10a16c98e4921945295aaa09a09aeb
1e2842325148a1c1b9c3b14a9ac391ea29b3a93402786c5add450208c55c6446
e554575a4d0091894aa41c11451813ea8a9032a46024018c43e6953ac99aadd3
e93effc91ad86a21a51328abbb840980181b4a511364d822d25a6afacf45d750
3acc142a392d93314a1092a01169abc34111d23e416261d841261cebb35625e5
b2a13850e844012aba19e131c1797978797879797983b30a0cb23b4519c61233
dac1541a99ad1241cd241928b919a922432c49a292139a2e20a0014a7929b199
cc0cf0750e5ce7dd56ed548a3d493b6b5a439c9ad65cebd341534b451b96ca82
4a50961172301219ee6ce2c6e18914d6cbc48e1f6a35725365cf89126dd44dca
93901ed10dc2aca2880a89d310a402c291921029cb4ce19b9a8329b8e9ac5bed
0d45b979c5c249149c330e980cad2c02911118b9797978787878797961032c20
444d4e58c016acca29118c19590b232c4998ad5a9509908da14c0a328e01961b
24ea5e8cd5d7a47de20828c28c48570ca4d56ccea2d4a52f25aec6acc06e2cae
5c14a0ca9ac8d3122116a1189c92c919ad0a595d0ccef55a4ac57a8aa2260ad6
78797999ba9b3c12b5f56a95525d569e8792fbbc952cbb8291b96141aa3ba813
7dcdaa56c2f828ce65207808acd76a424a04a26f2e6846a4656cfa7879797878
ead25d903a48d329f5bed2a5c0786e2d0485d60257f20dc2aa52a2800cfea68e
0ca811adb0acd8c2ba517b54ca5ebde1cc59d235c5e224adcd964a9243a66abc
c5b663c79bd736b41ddca91c9de29cac439cb6c21238208903209c80d12091be
1cd679787979787878780b2153b9a2299153c268ebaa13baacd15c5d9f368aa1
34d4adf255a2e525022e645fa5cc45d072784069dae45a9da0f03b2e7884dca8
aaa0918a82b1c2b925eaa198b9a2bdba48e1d529c01309631449d34535bbda1a
0913498284418189ae2b34e91348b1b840cc42ad4c042cc24475e6fa2a05ccd4
49deafca250d42c78247a58044ceda28fd031bc0c34d1923404341cd1a444e0b
d2c3a9e49201b0193479787979787978784c94c8439cacc33bb8b21e2b1352aa
dfed6fa7493acfda2e0a204686cd62ccc20ec6e65af8d0ac79228dd8c24b8832
9188dc03a231d3434c52c20acaf5e827225ad28486c05726ed69a9c1d7bcac9a
1bd41d673c5fe56565c58eae452ce2e4605dcc2c7ef5254051942cd05536452a
c4a6a08b4a1b0bc8a726dca4fd62ccad5a2ae6f0ae242265499f6cce54d53ed4
2ae210f3679aed242a6055556d2e1ba17978787879787878928439b32e430421
3ccabcacb0ccde98f94ac43a1a0ecc4da2656255de48fc6aaac6cced227e2d78
4a4424fa2ceeaaaec42c6dc2acd6e2b2d9a6b1962da1910000592914b1b1d23a
8c2aa4a242a4c0f2ce4a2c78c027dc29b8b56c9232a91c11a3239a2330d54046
c94ac2a3b346a8b344351c2305bcd31ba212212a3112996b091a4db1dbd210cc
1c83210ba02c7848ada244755584c22edd5a5a5c2d85cd7979787978797878a0
8684cc646ddc2ca4062dcad5f244c64af4242ea242ee5114c8ca30891a18916c
55cce2da0442f8d6542c5566eaca4fafc46c4dadd256de5c6f7c68a5ee056aa5
dac66e50554c3fbb3cd4b1ec402e7c940ba4deb6a859cac7aa220256a5d66460
787878787879c2a48ca7ac2eca24a2e8edef885ca5762814daed5317248d2d21
a4b1134395813d942422ac422a7884ddd8a524c644a022772dcacac2ad767878
a8af274de228e2aaa87a86c66e5c5f8252686e4e2d5cdaa868204d42682a86ad
13120baa81819612323aab2d1adbdd76d42d4cf8a4f6ea939d884cf913844d2a
ec6c74d3c045e01d1ed036893a4fd8e4cc846a6f8248a457dca8f45cda290929
ee0200c45e7878787978787879e0646e54f95c9c3d412a6e418caa32d5d29d68
1cd5822939a62a3a54010cb098ce983b941a112c7822d5a7648045e24ea2a55e
48c57aa43682ba142bbcd2c959389acb123116123e34b99a34c35021aa5bca89
7afb91453a893bcef4a49964752e49944dccd9502655f42684dfc8aaaea762fe
a02306405aa3ad34884abc98c15a6e72a440d99cbbc26e1daa56dedad6b5444e
fcd5ca99168e043cac63c64e7878787878797979a27676abf96da2ad1382415c
812b3eec852f5d6cad54a10446a40a2ca52c68542287fcaa582a0c784b0add6b
638a954ef3a2d1ce029a419311dd9b3419ba1d99d9198b9dc99bf14224a2017a
89146a1a8114db29c39211a1154413bbc39cc2a13262a893a123005dd2b8624d
bacce6234ec54d2e7eb306f828c46d2e22f8ae445dcaa660dc5202acb9e1101c
165378a54ad740ec49996402a5d0c926d34c4b7878797978797878beace19999
50fca952c310ba2c13a802ceab0322351913d4e439e40c8bdae94d05534bcb5a
29558c57c2f2a24052a4e22e7aad82a4c4aeefc2a8e2e25ee4e2a6efcada247d
a5a0f9e15612a5e705fc8ecb2bccd1e125df4e9ba59dd45412b466fe64d93941
7978a44e76c220c2eae82d5824ed22a4782d22e46d5c6444567a4e77ac2d072a
922bc21839483516a478c752caaae485805488d88cf2ac442e4a787878787878
a1f9125c6149711da6c59ed441c3b1b87c36516c6ae5194124bbc0002354932e
2ff4ae6a6d4cfc0e8f5d87ac04ffcc58282a42ca802cc5fa0a955269a6259c1e
ec8caf52eeff7ccadcc1c291acba138a536d8423d522119498ae87648e624464
7c7878797878787879ddea4ee4db4691a749aa149d3b52bcc64c54fec88c2ad0
848d2452b1c93e0a33d9811b29d4123978c46ae04256d46482a504ed4c5f2a4c
dc3aab06043db81084a59911319abc4da22e0256ada02ce7c2460a0c82c4d40a
afad854ee49e49336d1bcc6f6d22cd6d1488d0cb14db4b4111c94493c6303c05
2120252b10b4919ac981a22798a2ca90ccde19c123ab3ad640eaec4ccad9bac7
81b921d2d24a391a787978787979787966415c23c013e59af1f98f6d11b2b159
ea92c4b9b9953a35204abb4dc3503d26dfdbfc6326a24b790a3b31092c811416
2624adcde7a270a0d024da2da8d85e0eca22475e08e5ca204192cbcaaacb0189
4bce04cbbcaa51b845b99431394babec133a090c8ca95a88a0a00a0720804625
ee3849da3e3a6d5d842a6a2e26254446276267054762567092b5b1e95221e544
112e1545b2d8992a98813a13152c4b7878787978787978ecec4b106deab9f3b5
f226a82a782aaeca220e2246f24e48d56e2d262cccd22c2ca2646edf8de2793a
45ba49acba049993c3e1bc415022ec802cb2dc66abf99ad5516c7cfadd29a6c4
43239a10a999e139d00ac115d845b1cdda8b2623c82315914899202bc115ab89
2a423e2a219841883a934dc13043e2dff82adcd268228d5a4c8884e62cfa2a8b
c3cb8199227806aa842fd5d8df4a8caa8aea40c2e54a79787979797878781b5c
da25464d021d9c038141aa8b41805309c1254693b94c8a02a9949b696bd28318
aa2aad4e5d4c64c546ac5f4677257045edae5a00a678ccd6656ac84e2a25acc7
6fa205deaa1fcf0cb21a4109c3ac9091a64c515c7d5d446cd45f062e50e450aa
7878787979060c216429059a41121a4041c3a49c124da5cdd82e0afe04ed5850
18ba51c59c45ba2c81990a3478c44c992cfc25ec5d457e5492d4bd1b15797878
eadac18424402935992121a1019296a21912260a4bb3319a91ddd8a561ba0212
38b1a381111a61911c155a39c55e5ced8a422adddf55a4a57adff062813288bd
18b29924982c094bad84c31038983843a1c8021ce35389311b25934db98c5c91
d80acb2a78797979787979795d6fa658e2ed5574d4620872e2d86ae8692b03aa
d678f50fdfde2d24c44d8a4d642ac645425f7c79612ab92a9b8e21a33198d994
2cd91b246c54e3a4a5c32bcc81d1adcdaa2ac0a22a48eae4cffa24e25e205a58
1a2ac18c9124da3a6a9b9990ed9102309b94a50a9c99aa80112524eb3a8133c5
329335c0adc4800aca4622e450a52c76c56adaa311c6245bb42ac5c120c9214a
e2fdd2aa5c8dcc8ef842ac797879797979787829cc234ac416011b62988ac1ba
79d49a32d12d4cbbbbaa46bb41c09b4d9b2b1052c422333931b378e5df4fe2c6
2a022aad8e425dcd72edffcb2cb125550da6bd2152b64465314a15d931e92d94
3a459b035eb994a4d420843181c83012c1ca2aca02cae29481d1742c26e52d40
c9d6db4903d4ba22bc016a33960417156d9aaeec3a1d3db69b1b30ca9cc80991
2278dc6ee3ac615c8c9dd916719ac5142710787879797878787940a5b7d5c41b
a5bb9ac41a13b1b2246aac99b3b4189a138d254c526eaeece852e0c2622e7572
32228ea8810a0c021a211318819bd0111c185de42bace9d5b5ab9cb23728f3c1
edc35b4c8992e19804c25a9c23ca10a294c52c8a1b83c23bc39b06d01834141b
784a00711249d58a33c39b1a35ddc3a11a92380c2010139c9bc22c11ba033903
000000000000000078c2af2ef85008e4c52c76d06e2ced528e79797979797879
0000000000000000000000000000000000000000000000000000000000000000
0000000000000000000000000000000000000000000000000000000000000000
0000000000000000000000000000000000000000000000000000000000000000
0000000000000000000000000000000000000000000000000000000000000000
0000000000000000000000000000000000000000000000000000000000000000
