bb1a0000
be030000
3ebf0000
be1e0000
3ece0000
3e310000
3f120000
bc600000
bd920000
be510000
bec30000
be250000
3e890000
bddc0000
3ec90000
3e4c0000
bdbc0000
bc160000
bd210000
bf140000
3eae0000
bdba0000
3ee20000
3e330000
be1b0000
3e4a0000
3d870000
bee20000
beb60000
3dbb0000
bc920000
bbf50000
3d360000
3d360000
be100000
bdd40000
3ed80000
bed60000
bda60000
3c7b0000
beb20000
be200000
3ea10000
3e7a0000
3ef10000
3e7e0000
be930000
3f030000
3f2a0000
3de40000
bcf90000
bf150000
3f040000
3da30000
be1c0000
3e880000
3e620000
3d860000
3e080000
3e4b0000
bf020000
bcf10000
3d320000
be430000
3ca10000
3f130000
3e880000
becf0000
bed60000
be9c0000
be450000
3d5e0000
be760000
3f1c0000
be060000
3dc30000
bf230000
3eb50000
3e930000
3e7f0000
bef40000
3de70000
bdbb0000
bf130000
beee0000
bdd80000
bdfc0000
bdff0000
be680000
3ef10000
3d6c0000
bd910000
bf160000
beab0000
3e270000
bdf00000
3eb30000
be6a0000
3ee10000
be710000
bdc60000
be530000
3cd60000
3cf70000
be750000
ba770000
be530000
bed30000
becd0000
3f0a0000
3e140000
be760000
3e740000
bda80000
bf100000
3e400000
3f460000
bd850000
3db90000
3f5c0000
bf040000
3e280000
be7d0000
3e6b0000
be5d0000
3d420000
3e9a0000
3ebe0000
bf250000
bda40000
3e9d0000
be2e0000
bed10000
3dab0000
3e470000
be870000
be200000
bec60000
be000000
bdf10000
bdd00000
3f0f0000
3e810000
3e6d0000
be020000
3e640000
3e130000
3d6d0000
3e680000
3c8a0000
beb30000
be880000
be2b0000
3ed70000
3e290000
bddf0000
3ebe0000
be8b0000
3f3e0000
3eb70000
bac60000
be580000
beaa0000
be4b0000
3e7f0000
3e160000
3e920000
bb840000
3e750000
3e130000
bed60000
be0b0000
bdb20000
3eea0000
3e040000
be2d0000
3ed00000
bdd20000
bd810000
bbdd0000
bf000000
3ebf0000
bee70000
be500000
be640000
be640000
3db70000
be830000
3eb30000
bb530000
be770000
3e950000
3c2c0000
3de30000
3e0a0000
befa0000
3ec80000
bdb20000
bf070000
bee20000
bddb0000
3b870000
3e280000
3e8b0000
be950000
3b390000
bd350000
3e1c0000
bdac0000
be070000
3ec80000
3e970000
3eaa0000
be630000
3edf0000
3c840000
3deb0000
beee0000
be2a0000
3e4a0000
bd330000
3dff0000
be090000
be050000
3e970000
3dac0000
be850000
3d2c0000
3ebe0000
3b8a0000
be830000
3f1a0000
3f160000
3ea90000
bc6c0000
3e740000
be0e0000
3cd90000
bec50000
bd650000
be3d0000
bccf0000
3ece0000
be8e0000
be1d0000
3eb30000
3deb0000
3eac0000
3cf70000
3e170000
bdc80000
bf020000
bec20000
3edf0000
3e810000
3e830000
be450000
be650000
3e8b0000
3e880000
bc790000
3efd0000
be590000
be3c0000
be7a0000
be4f0000
3ea00000
be1b0000
bc960000
bdbb0000
beee0000
3ea10000
bd200000
3dff0000
be570000
3e500000
3ee90000
be290000
3e4a0000
3f0c0000
3e4b0000
3dbd0000
3da80000
3d8c0000
3f4b0000
bd6a0000
be820000
bdf90000
3e9f0000
be890000
3dfb0000
bef30000
be280000
3d310000
3ddb0000
bdd60000
be350000
bdc40000
bd7c0000
3dc90000
be3f0000
bdba0000
be450000
3ead0000
be0f0000
bdb60000
bc5e0000
3db40000
bca40000
be2e0000
3db10000
3dc60000
3f090000
bea60000
be0d0000
3eb50000
bf0f0000
bcea0000
3d6f0000
bf020000
be020000
be690000
be980000
beb90000
3e6f0000
3e690000
3eaa0000
bf2a0000
3eb50000
3edc0000
3dcf0000
3c7f0000
3ea90000
bd670000
3d700000
3f1d0000
3e4f0000
be6c0000
3f680000
bc9b0000
3e9a0000
bd4d0000
be6a0000
3e4e0000
bf170000
bddc0000
be640000
3e160000
bf010000
3e0e0000
bdc00000
be070000
3eaf0000
3c4c0000
3f230000
bd850000
bdd50000
3e150000
3e8d0000
3eb60000
be9e0000
beea0000
3e810000
be340000
bde30000
3ec80000
bee90000
be710000
bd860000
bebc0000
be470000
bdcd0000
be7c0000
3d4e0000
bed40000
bee00000
becb0000
be5b0000
be590000
beab0000
3e5e0000
be340000
bea20000
bf470000
3f1f0000
3e100000
be900000
be8a0000
3e6e0000
3de00000
be900000
3eae0000
3ce20000
be5d0000
bed00000
3e9f0000
3f0e0000
3dbd0000
bd5f0000
3edd0000
3e420000
be0c0000
bc760000
3e6e0000
3e4f0000
3d330000
3e3f0000
be080000
be010000
3d900000
be160000
bd870000
3e770000
3e5c0000
bd110000
3e6c0000
3e890000
bdb40000
beaa0000
3eba0000
bede0000
3db20000
3d950000
3f100000
bd1b0000
3e9e0000
bf410000
bf410000
bd220000
bb0b0000
3e0a0000
3df50000
3e2e0000
3e0f0000
3eaf0000
3a650000
3dc40000
bdfc0000
bc7f0000
3e5d0000
3dea0000
bdd80000
3e770000
3e160000
3db00000
bd2f0000
3d280000
bddb0000
3eb40000
bcdd0000
3d4f0000
3ef70000
3e110000
3d9c0000
be670000
be130000
be7e0000
bcbb0000
3df90000
3ec20000
3f160000
bebf0000
3e0b0000
bdc70000
3e000000
3e960000
bdcf0000
bea50000
beeb0000
bda90000
3d500000
be3c0000
3e6a0000
bf070000
3cc00000
3d140000
be610000
be9d0000
3dec0000
bd020000
be990000
3e230000
bd3b0000
bced0000
bd0d0000
be6a0000
3eab0000
3e0a0000
be190000
3e8a0000
be830000
bd950000
3eab0000
be520000
bd290000
bd460000
bdc60000
3c2b0000
3db20000
3ec30000
bce40000
bec30000
3ee90000
3e130000
befc0000
be6b0000
befa0000
3e7f0000
3d180000
be750000
3e550000
be700000
3e090000
be2f0000
bea10000
bdb20000
3e610000
beb80000
bc310000
3eaf0000
3d7c0000
bcc00000
bb500000
bce80000
be550000
3e230000
3ef30000
3d2a0000
3dae0000
3f650000
bd830000
3cbf0000
bda90000
be620000
3e140000
bd9b0000
3f1a0000
3f130000
3e100000
be4b0000
3e330000
bc800000
3e260000
bf4c0000
be350000
bc950000
be040000
be900000
3de20000
3eaf0000
be750000
3e4a0000
3cb00000
3f2f0000
bc580000
3eba0000
be4d0000
3e310000
3eea0000
bda80000
3e870000
bea70000
be5c0000
3ea40000
3e900000
3dfc0000
bebf0000
be860000
3ed80000
3e3e0000
3d6e0000
3d3e0000
3db10000
3e800000
3e6e0000
bd4e0000
3ecc0000
3ed10000
3f260000
3d310000
be700000
bdd20000
3e860000
3dae0000
3e410000
be500000
3c8d0000
3e920000
bd320000
bdc20000
3e6b0000
3e6b0000
3ead0000
3ec50000
bd230000
3f1f0000
3eb10000
bebf0000
3f140000
3e720000
be1f0000
be960000
be030000
3d8e0000
be3c0000
3ec40000
3ec80000
bdd40000
3da40000
3e140000
3e230000
be840000
be9a0000
3dc50000
3e8c0000
3bf40000
3e6a0000
3e400000
bdb70000
3e790000
bed60000
be8d0000
3c8a0000
bea20000
be2a0000
3ea10000
3e700000
be930000
bce00000
bea40000
3e4b0000
3f000000
3c970000
b9630000
3cd40000
be200000
bc120000
bd890000
bf240000
bf070000
bdd80000
bdd40000
3e200000
be2f0000
be060000
3d820000
bf1e0000
bea50000
be960000
3d250000
3e370000
bc740000
bde50000
3edb0000
befa0000
3e8b0000
3d6d0000
3e3f0000
3e020000
3d9b0000
bec10000
3dd00000
3e4c0000
bcfd0000
be840000
bdca0000
3cf50000
3de10000
3ed80000
3ef20000
bec50000
bcbd0000
3eb70000
3eef0000
3d070000
be140000
be4d0000
3f1f0000
3d980000
bea30000
3d270000
bea50000
3dd00000
3e510000
be200000
3dc00000
3e120000
3db30000
3e1f0000
bd940000
3de90000
bdf90000
bd0d0000
3f2b0000
3df20000
3e6f0000
be530000
3cd90000
3f340000
be090000
3da10000
3e450000
3d630000
3d4d0000
bed20000
be260000
3dc80000
bdcf0000
be820000
3db00000
be330000
3ce80000
3d330000
be540000
bdbf0000
be480000
3d7c0000
be940000
3bf80000
be810000
3e400000
be1f0000
3db00000
3ed60000
3e840000
3cb60000
beca0000
bd930000
3ca30000
3f1b0000
3f030000
bd610000
be340000
3d670000
be330000
bef90000
be1b0000
be3d0000
bed60000
bdbd0000
3d430000
be720000
bedb0000
3eff0000
3ef20000
bcc00000
3e140000
3ea80000
3e060000
3eb70000
3f1e0000
3ed70000
3ea60000
be220000
bd970000
3f240000
3eaf0000
bd130000
3da70000
bce60000
be470000
beaf0000
3eea0000
3cde0000
bd400000
3eeb0000
bdd50000
be230000
3e4a0000
bf060000
be7f0000
be310000
bf150000
3eb10000
3cac0000
bdeb0000
3e180000
3d210000
bf1b0000
beae0000
be0a0000
3ef20000
be180000
3e110000
3e0e0000
3e660000
bf030000
bd5e0000
3ed00000
bd720000
be630000
3d530000
3f0b0000
3ed90000
bcb10000
3e770000
be820000
3e6d0000
befa0000
3cac0000
be640000
3eb00000
3eaa0000
3d570000
bbbd0000
be440000
3cd60000
3e670000
3e820000
3ea90000
3d970000
3ece0000
be790000
bdd60000
be560000
3d870000
bc560000
3e410000
3e540000
be100000
be060000
bdfa0000
3dca0000
3c3a0000
be240000
3e730000
bea10000
3e090000
bec40000
be160000
3e9b0000
bf0f0000
3e8b0000
bd4c0000
3e3d0000
3e810000
be450000
3eb50000
3e130000
3e010000
be3a0000
3d970000
bea60000
be1d0000
3d3c0000
bee80000
bf080000
beb80000
3e530000
bd920000
3edd0000
3c970000
bd660000
3e730000
be470000
beb00000
3c560000
bcf10000
3f220000
3d060000
3bdf0000
be860000
3e5a0000
be410000
3e480000
3ee70000
3dd10000
be200000
be2a0000
3c220000
3d3f0000
bde40000
3e920000
3eea0000
bd2f0000
3ecb0000
3e670000
3e6d0000
bd020000
bef70000
be380000
3e820000
3e990000
bcb70000
beac0000
bd260000
3e7e0000
3ed80000
3e810000
3dac0000
3e250000
3f550000
be5f0000
bc810000
3ea20000
3e180000
be0f0000
beb40000
3e2d0000
be440000
3d440000
3ebb0000
bf0a0000
bd840000
bf150000
bf330000
bf110000
3f210000
3eab0000
3e320000
be520000
be6f0000
3e870000
bd010000
bf000000
be310000
bd3e0000
3e090000
bb8a0000
3e1a0000
3f330000
3e990000
3e6c0000
3e380000
3dba0000
3ee70000
3ec60000
3e8d0000
bde10000
3ea90000
3ea60000
3e220000
be7d0000
3d1c0000
be2f0000
3e890000
3d060000
3d8d0000
bf150000
3ea00000
be700000
3de90000
bd9d0000
bf010000
3e050000
bec80000
3d960000
bd050000
3e9b0000
bdb30000
3e670000
3d880000
3eb70000
bd780000
bea30000
3df20000
3da90000
be9e0000
3cdf0000
3ead0000
bf030000
3ebc0000
3e990000
bf0f0000
3e070000
bdc30000
3e860000
3d6e0000
be8a0000
be370000
3edf0000
be3e0000
be490000
bf090000
beab0000
3ea00000
bd7a0000
3ea20000
be840000
3f180000
becb0000
3e3c0000
be9d0000
3f3f0000
bf4f0000
3e6c0000
bde80000
bc9e0000
3e400000
bd850000
be8d0000
bf2e0000
3e230000
be620000
be270000
3dd60000
be880000
3e770000
bdb00000
bee70000
be5e0000
bde90000
bf280000
bced0000
be560000
3d5f0000
3d810000
3e660000
3dd70000
bd5a0000
bd3c0000
bd9b0000
bc990000
39200000
bf250000
bd8b0000
bec90000
3efa0000
3c0a0000
be420000
bd6e0000
3e610000
be3e0000
3ef80000
be820000
be260000
bf230000
3f1b0000
3e170000
be090000
bed90000
be780000
3e4c0000
3f030000
becc0000
bd320000
be850000
bf240000
3d900000
3d9c0000
3e8a0000
3ecf0000
bde80000
3d520000
3e920000
bec00000
bd330000
be4e0000
3df90000
3dd10000
be1d0000
3e9b0000
3e8d0000
bdb70000
bd200000
3e9b0000
bee10000
be8c0000
3df60000
beb50000
be7c0000
beea0000
bde10000
bef30000
3efc0000
bea60000
bcdb0000
be6e0000
3d280000
bdbb0000
3e170000
3eb70000
3edb0000
bdfe0000
3dbd0000
bf3c0000
be790000
be9d0000
bea50000
bbcb0000
3ea30000
3e310000
bdf10000
bd870000
3d5b0000
bd410000
be1c0000
be120000
3e530000
3e580000
be330000
be770000
bdd50000
3e040000
3e4d0000
3e480000
bdda0000
be3c0000
3daf0000
3dfd0000
be290000
3ec60000
bd600000
be910000
3dce0000
3db10000
bd8f0000
3e8f0000
bc5c0000
3e9e0000
be490000
3f320000
3db80000
bd7f0000
bf060000
3deb0000
3e4a0000
bdb60000
be010000
3eb10000
3d040000
3e590000
bd4e0000
3dd10000
bee70000
3ef10000
be0c0000
be710000
3de70000
be3b0000
3dba0000
be290000
bdad0000
bf0f0000
beb20000
bd970000
bdff0000
3db20000
bc2e0000
bf240000
bc880000
3eff0000
be4c0000
3eda0000
be770000
3def0000
3ea50000
be240000
bd060000
bd5c0000
bea50000
3e960000
be460000
be240000
3efa0000
3f490000
3cdd0000
3e8a0000
bdc10000
bd9d0000
be620000
3e300000
bf050000
bc3a0000
3f520000
39350000
3e820000
3da20000
be080000
be670000
be620000
3e5b0000
befb0000
bde90000
3d880000
3e8a0000
be2b0000
3e620000
bdf00000
bd010000
be920000
3e050000
3f4f0000
be270000
3ea30000
3db40000
bdfd0000
bea90000
3d630000
3dac0000
3e500000
be840000
bd110000
bdf50000
bec20000
be6b0000
3dbb0000
bce30000
befb0000
3e2f0000
bdab0000
3e200000
3e6c0000
3ee30000
3de20000
3e9a0000
bf190000
3eb80000
3f090000
bc6d0000
bf030000
bdb50000
bd2a0000
3d330000
3e970000
bc120000
bef70000
beaa0000
bee60000
be340000
3bd60000
3e450000
bd930000
3e230000
bddf0000
3e910000
3bf00000
3e690000
be920000
bdb90000
3d990000
bf080000
3d430000
3eff0000
3d170000
be790000
bd600000
bead0000
3e2b0000
be2c0000
bd960000
bea10000
3eb20000
be2e0000
bf260000
be210000
3e820000
3def0000
be8f0000
3cca0000
bead0000
be9d0000
3dca0000
3efb0000
3e770000
bf040000
bed60000
3e850000
bf150000
3edb0000
baa30000
3eca0000
bda70000
3e5d0000
bd0d0000
bc820000
bde10000
3d2f0000
bec90000
3dd60000
3dbb0000
beaa0000
be2b0000
3ec70000
3d2b0000
3f020000
3e9e0000
3f350000
3df50000
3cfa0000
3e7a0000
bed60000
be190000
be400000
bdd20000
3db10000
3dfb0000
bf1e0000
3f280000
3d8c0000
3cea0000
3e710000
3e300000
3cff0000
bdbb0000
3e950000
3ea80000
be620000
bc3a0000
bf0d0000
3e4a0000
3edf0000
be9c0000
3c460000
bef90000
be2e0000
3e1a0000
3e530000
3dc10000
bd530000
3ee80000
be930000
3f070000
bda50000
3de50000
3ccd0000
be4d0000
b9e20000
3dd40000
bcfe0000
3f2d0000
3e260000
beb70000
3e5b0000
be8c0000
be4f0000
3dcb0000
be0c0000
3db80000
3d070000
bde80000
bea80000
3d970000
3e9b0000
3c7c0000
3bf70000
3ef60000
3eb30000
3eb90000
bd030000
bf200000
be1a0000
3ea30000
3dad0000
3e060000
3f330000
3e700000
3e4a0000
beb20000
bde60000
3ef70000
3e570000
bdb60000
3df50000
be3b0000
3ec80000
3e780000
3e3c0000
be040000
be930000
bda30000
3de10000
bd920000
be640000
3dab0000
3ea60000
3e9e0000
3e450000
bd100000
3d2d0000
3e280000
bd6f0000
bd9d0000
3e980000
3e660000
beb90000
3e190000
bd1c0000
3e6b0000
3d2f0000
3ecb0000
3ea30000
bf0c0000
3db10000
be8b0000
bd260000
bdfd0000
bc230000
3eaa0000
be840000
3e880000
3e610000
3ea10000
3d510000
3e560000
bd950000
3f450000
3d1b0000
bea90000
3e3b0000
3d300000
3e0d0000
3e200000
bd8b0000
3d840000
be9a0000
3ec80000
bd560000
bbd90000
be750000
be910000
3ee60000
3c1f0000
bd940000
3ee50000
3c4b0000
be000000
3f150000
bdd90000
3f000000
bf080000
beb10000
bed90000
be890000
be520000
be710000
bec90000
bddb0000
bf040000
bf040000
3d090000
3f1f0000
beb90000
bbb80000
bf060000
3ec50000
3e700000
be8e0000
3f0b0000
3e630000
bdff0000
3d940000
3d4e0000
be910000
be700000
be740000
3e4b0000
3e3f0000
3dc50000
3e380000
bd960000
bbca0000
3dd70000
3e080000
be040000
3eda0000
be260000
3ee60000
bd900000
be310000
3d670000
be340000
bd530000
3ea40000
be0f0000
3c950000
3c8b0000
bdb30000
3db20000
3e880000
bec80000
3eab0000
3e3c0000
bbe20000
3e660000
bd8a0000
3dcd0000
bd930000
3ed00000
bd1b0000
3dc80000
bdcd0000
be9a0000
bf060000
be550000
be480000
be6d0000
bcb30000
3ed10000
be050000
3e9e0000
3eb20000
be6b0000
3c8a0000
3dd50000
be460000
3eb10000
3cde0000
be380000
3e9f0000
3bee0000
bcf30000
3e5b0000
3df20000
3ebd0000
be030000
bd930000
be040000
bef50000
3e0d0000
bd5b0000
be290000
3efc0000
3d340000
3e660000
be9f0000
be4c0000
bdfb0000
bf120000
bda90000
3eaf0000
bf100000
3f060000
3f060000
3e140000
3f010000
be3f0000
3dbc0000
be590000
3e070000
bdcc0000
3cfc0000
3dff0000
beab0000
bca40000
bf100000
bdaa0000
3e7b0000
bd920000
be9d0000
3eda0000
be4a0000
3c8f0000
3d280000
bde50000
3daf0000
bd980000
be6e0000
3d840000
bdbc0000
becb0000
beab0000
bebb0000
bee90000
bea40000
3e120000
be390000
3e1e0000
be620000
bdef0000
be490000
3db10000
3dce0000
3e2b0000
3e1e0000
bee90000
3d1e0000
3f120000
bdd10000
3e6e0000
becb0000
3dbb0000
3dbd0000
be9c0000
bca70000
bf0b0000
3d420000
be840000
3ea20000
3f080000
bddb0000
3e9f0000
bcd80000
3f400000
3ebe0000
be400000
beb00000
bebf0000
bd920000
beaf0000
be7b0000
bef10000
bf130000
be090000
bd4d0000
3f050000
3ef40000
3e110000
3e4e0000
bd950000
3e870000
3e330000
beb20000
3e8e0000
3e010000
bd860000
3e4e0000
bf110000
bf340000
3eb50000
3d8a0000
bda60000
bdeb0000
beb60000
3ea30000
3e990000
bebb0000
3be50000
bf020000
bd460000
be170000
be600000
be140000
beed0000
3e4e0000
3dc30000
3e420000
3e950000
3e8a0000
bd390000
3dbf0000
bedb0000
3ed50000
3ed40000
3ed80000
bdea0000
be680000
bdcd0000
be780000
be9d0000
bcc40000
be670000
bd520000
be1f0000
bdb30000
3e680000
3e8e0000
3e9c0000
bcc40000
be430000
3e5d0000
3df80000
3e230000
3f3b0000
3ddd0000
bea60000
bc830000
be240000
be830000
3ed50000
bb3c0000
3daf0000
3e6c0000
bdd10000
be8d0000
3c3e0000
3d2a0000
bd080000
be500000
be9a0000
be720000
3c230000
bd490000
3d8b0000
bf1f0000
3e6f0000
bde50000
be0e0000
bcca0000
3e840000
3e4b0000
3ed40000
3e220000
bdd90000
be100000
3f270000
3d6a0000
beea0000
3e310000
bda70000
be740000
3e110000
bec70000
bed70000
3e6e0000
be120000
3ea00000
3e420000
be150000
3ee80000
be960000
be820000
3e6e0000
3e990000
be8f0000
bec20000
3eae0000
bec40000
bf680000
3f160000
3edf0000
3e2f0000
be860000
3eb80000
be000000
be4b0000
3e360000
3efd0000
3e1f0000
3e110000
3f0e0000
be950000
3e250000
bd480000
3d090000
bec50000
3f260000
3ebf0000
3ead0000
3c560000
3f260000
3c970000
3e040000
be130000
3ea30000
3e8a0000
3e850000
3d080000
beee0000
bbf80000
3eab0000
3de50000
bdba0000
be190000
be610000
bb970000
3d9e0000
3dab0000
3e140000
ba820000
3eac0000
3d080000
3e9f0000
be890000
bddd0000
3ee80000
bda80000
bec80000
3d3b0000
3ed10000
bf080000
be960000
3e9c0000
be190000
3e4e0000
3d5d0000
bec80000
3e2a0000
3dab0000
bf060000
3d5a0000
be5f0000
be3c0000
3d460000
3f380000
be350000
be4e0000
3f220000
beb00000
be9c0000
3d750000
be9b0000
bd0b0000
be170000
bec80000
3db70000
bd4f0000
3d5b0000
3e4f0000
3e760000
be050000
3ef20000
bc670000
bec00000
3dac0000
3e2b0000
be580000
3e8c0000
3e250000
bdf00000
be700000
3d840000
be960000
3e1c0000
bcae0000
be380000
3c960000
be210000
bee80000
be7f0000
3eaa0000
bd8d0000
bb680000
3dd30000
be440000
3e0d0000
3e2c0000
3e090000
be4c0000
bde20000
3e0e0000
bdfd0000
bea40000
3dfd0000
bcf80000
3e600000
3e820000
be080000
3f050000
3e330000
bda20000
3e200000
3d4a0000
3eee0000
3e870000
bd9a0000
bed70000
be9c0000
bebc0000
bef20000
be9b0000
3eb60000
3db10000
3e420000
bdcb0000
be930000
be130000
3c090000
bd180000
3ebb0000
3d640000
be740000
3d9d0000
3ea40000
bf1a0000
3e720000
3f3b0000
3ed90000
bec10000
3b680000
be860000
3e920000
3f060000
3df00000
be1e0000
3cd00000
3e560000
bdcc0000
be570000
bd130000
beef0000
3e5b0000
3a930000
3e850000
3d8a0000
3d220000
3e540000
bd8f0000
be010000
3ce30000
3e370000
bbf10000
bf070000
3e830000
be780000
be2c0000
3e8f0000
be9a0000
3cc00000
beb50000
3e270000
3e9b0000
3d1d0000
be630000
3cbe0000
bccb0000
3e880000
3eb00000
befc0000
bdbf0000
3e730000
be800000
be2c0000
bebf0000
bcae0000
3e2e0000
3e5a0000
bee70000
bdd10000
3ea80000
bec00000
3e820000
bee20000
be6e0000
bf300000
bedc0000
3e750000
3d510000
3e080000
be600000
3bfb0000
3dcd0000
3e160000
beb40000
3e4b0000
be1c0000
be0a0000
be150000
3e760000
bb340000
bd760000
3e4f0000
3de80000
3b860000
be110000
bd4e0000
3e5c0000
be780000
3e940000
3e1b0000
3e5a0000
3d7f0000
3ee60000
be1c0000
3e900000
bf100000
3a610000
3df70000
3f030000
befe0000
be3a0000
be6d0000
be0a0000
3de70000
bead0000
bd100000
3eb20000
be6f0000
bdfc0000
be1a0000
3ea00000
3e0d0000
3f1c0000
bdbe0000
be710000
be120000
3dd60000
be2b0000
be030000
bdcd0000
3eb90000
be940000
bf3b0000
be850000
3e570000
3dcb0000
3e1a0000
bde90000
3e6b0000
bebd0000
3e6e0000
bea70000
3ef60000
3cba0000
be530000
3d7c0000
be1e0000
3c4a0000
be8b0000
be7e0000
be3e0000
3f520000
3f260000
3f250000
bed00000
3e410000
bc190000
bd2d0000
be520000
bd680000
3ef30000
3dab0000
3f4a0000
bb170000
be060000
3db90000
3ed60000
3e5c0000
be750000
3e210000
bd550000
bedb0000
be9d0000
3e3a0000
be590000
3ca40000
3f170000
3ee40000
3eb60000
3edb0000
bd710000
3e820000
3f380000
bd600000
bdcb0000
bd420000
bda50000
3e350000
bd9f0000
be6d0000
bc8f0000
3dff0000
3dfa0000
be960000
bea70000
beb00000
bc7a0000
bec90000
3ec80000
3e830000
bdb10000
3cef0000
3d1f0000
3e810000
be050000
bd4f0000
bc1c0000
bccd0000
be8f0000
bee20000
3b980000
beab0000
3dc70000
3e650000
3ed10000
be4d0000
bcaa0000
be2f0000
3e640000
3f100000
bd310000
bea00000
bd840000
bc2e0000
be0f0000
beac0000
bcdc0000
3c2d0000
3a5d0000
3cc80000
bdb50000
bd9c0000
3b9c0000
3e270000
3bbe0000
be280000
bddf0000
3e790000
3e160000
bc990000
bde60000
3db20000
3f230000
bcb50000
be990000
bbd70000
3e3b0000
becb0000
3eaa0000
bd980000
3eed0000
3ca80000
3e0b0000
3e580000
3cb00000
3e890000
be570000
3ec30000
3e1e0000
be980000
bd540000
bf110000
3dea0000
bdf40000
3ea00000
3e1c0000
bde60000
3e150000
bd970000
3e360000
bdeb0000
3f020000
bd9d0000
3e810000
3ead0000
3e8a0000
3d900000
3d890000
3e680000
be2e0000
bee30000
bec90000
be9a0000
be080000
bea00000
3e720000
3e810000
3df20000
3df20000
be030000
bdd10000
beee0000
3ed60000
be1b0000
bdc40000
bdec0000
3e580000
bea40000
bf110000
bdf70000
3efe0000
3ead0000
3e3b0000
3e6f0000
3f130000
bef70000
bedb0000
3dfe0000
bf3e0000
bbb20000
bda60000
bd610000
3de20000
3e660000
3e990000
beec0000
3d740000
3ed50000
baa00000
3cb70000
be720000
be980000
bed20000
3b180000
be050000
bc360000
3c930000
be9b0000
bb750000
3dc00000
bc820000
3ead0000
be1c0000
bf540000
bd050000
bd410000
bd940000
beb80000
3e390000
3f0b0000
bd030000
be970000
be6f0000
3d8a0000
3e610000
3e760000
bef80000
3d660000
bee30000
3ea80000
3e500000
3e1f0000
be540000
3e6b0000
bf450000
3e190000
be950000
3eb80000
3e530000
3d110000
3e510000
bc890000
3eaf0000
be4f0000
3ebc0000
3eb10000
3e910000
3e150000
3eaf0000
3eaa0000
be0b0000
be8b0000
3ee50000
3ec30000
3eef0000
bdf70000
3e0f0000
3ee40000
3d500000
bd100000
bd880000
3e7e0000
ba820000
bcc10000
bec60000
be830000
be540000
3be90000
3c820000
bf150000
3d080000
3f0d0000
be830000
3e340000
bbc00000
3f130000
3dcf0000
3a7d0000
3dd40000
bcde0000
3e560000
be540000
bd0a0000
be610000
bbad0000
3e460000
bb910000
ba700000
be810000
3cf00000
3e0c0000
bd490000
be200000
be060000
3ebb0000
3e990000
3bdd0000
be630000
bf050000
3d8d0000
3e090000
be1d0000
3e350000
3ddf0000
3efe0000
3e920000
be7d0000
3d270000
3c5a0000
bd160000
3ebe0000
bdde0000
be230000
bdd60000
be3f0000
be250000
bd8e0000
3e0c0000
beac0000
be480000
bd900000
be350000
bf5b0000
3e8a0000
3dfc0000
3e950000
3e380000
be900000
3e640000
3e990000
be3c0000
3de90000
3f850000
becc0000
3db40000
3dc30000
3eaf0000
bee80000
3f330000
3ea30000
3eb50000
be9a0000
be5f0000
3d380000
bdf10000
3e020000
bdca0000
be020000
3f0e0000
bd730000
3d0c0000
bc0a0000
be520000
bca40000
3b650000
3eb60000
be980000
bd600000
3ee00000
3ec50000
3daf0000
bedb0000
3ea30000
bf050000
3d710000
3e9d0000
3c820000
be440000
be1a0000
3d130000
be9a0000
be050000
3e2a0000
bd5d0000
bdd30000
be320000
be620000
3ebc0000
be9c0000
3ec00000
be120000
3e120000
be930000
be320000
3e9d0000
bd6a0000
3ec00000
bf0d0000
be7a0000
3ed30000
3df10000
3eca0000
3ec50000
bdc50000
3db50000
3ccf0000
3dd10000
3e9c0000
bc810000
be920000
be880000
3e370000
3d780000
bee90000
3e270000
3e390000
bd0a0000
3e880000
bf010000
3dcd0000
3d6c0000
bd0d0000
be8e0000
3db40000
3da70000
3c5f0000
3dd50000
be870000
3e9f0000
3c360000
3e640000
bd080000
3d320000
3d720000
3e940000
be940000
3dec0000
3dd70000
3eb70000
3c940000
3e110000
3de30000
bd190000
3dde0000
bd910000
3e710000
3e860000
bc640000
3f110000
bf180000
bd9c0000
3d8d0000
3cc80000
be770000
bd890000
3e8f0000
3e990000
3cd70000
bed10000
bccf0000
3e1c0000
bf180000
beac0000
be800000
3eb90000
3c620000
be0e0000
be670000
bd7e0000
3e910000
3e0b0000
3e8a0000
3d910000
bd900000
bdb70000
3dbe0000
be270000
3e510000
be530000
3e2e0000
bd9f0000
3e890000
bf040000
be510000
3d000000
3f210000
be860000
3e260000
3e330000
3e130000
ba560000
3def0000
bdac0000
3d650000
bd8f0000
bf1e0000
3ebc0000
bdc00000
be8a0000
3e150000
3e690000
beb70000
be040000
3eaf0000
bd450000
3e8d0000
bf3e0000
ba140000
be740000
be850000
be400000
3e360000
be110000
bd7d0000
3e7d0000
3e970000
bf170000
3d880000
bea40000
3cce0000
3e2e0000
3d370000
3e370000
be4f0000
be440000
beac0000
be590000
3e120000
3d630000
bcd30000
bee80000
3e950000
befa0000
be9d0000
be1e0000
3f650000
3ebc0000
3d3d0000
3cf50000
3d860000
3dc70000
bf0b0000
3e140000
3de80000
3f070000
be910000
3ea30000
bda60000
be8d0000
bede0000
bebd0000
3e820000
3f090000
bcf20000
3e4e0000
3ec70000
3de00000
bd890000
3e8b0000
bea00000
3d2e0000
3c600000
3ecc0000
3d080000
bcf30000
be390000
be4e0000
bbe40000
3d850000
be630000
be380000
be630000
3e4b0000
beee0000
bca30000
3c570000
be4e0000
bdc00000
bd950000
3e6a0000
3ecf0000
3bec0000
be830000
bdcd0000
bd840000
be820000
3f010000
3e4c0000
bf480000
bd290000
3dd80000
bdd40000
3ee70000
bedb0000
bea00000
3d6e0000
bd820000
bd120000
3ed40000
3e550000
bed40000
be6d0000
bdea0000
3e170000
bdda0000
3e620000
bedd0000
3ebd0000
bee40000
beee0000
be2c0000
bec70000
bb440000
bf1a0000
3dbb0000
3da10000
3e270000
beb80000
3c7a0000
be2e0000
bb900000
be9e0000
bd110000
bc1b0000
3dca0000
3e3c0000
3de40000
3ccd0000
be140000
3e660000
3d060000
3f090000
3e870000
3ebb0000
bf010000
3e870000
3f4b0000
3f0f0000
bd460000
bc890000
3e890000
bf230000
3d950000
3c820000
3e2e0000
3dc30000
3e570000
bce40000
3d7f0000
be3e0000
3e880000
3d5e0000
3e200000
bdbe0000
3e490000
3df60000
bf0e0000
3e210000
be4c0000
3ec80000
bf1e0000
3e8b0000
beea0000
be650000
3d370000
baf70000
3e610000
3e180000
3e890000
3eed0000
3f150000
bd690000
bdd90000
3e4e0000
be9d0000
bebf0000
3dd60000
3e010000
be200000
3df10000
3e0e0000
3e0b0000
bea10000
bda80000
be930000
bde10000
bd800000
3e530000
be6e0000
3f100000
3e400000
be8c0000
ba690000
be800000
3ef20000
3e820000
3ed90000
bedf0000
3ee60000
be310000
be420000
3d4a0000
beab0000
bed20000
3e220000
3e020000
be620000
bdb50000
3ecc0000
bd570000
3c3e0000
3f050000
3d870000
3e820000
3dd50000
be1e0000
be2d0000
be000000
bf000000
3e640000
bda90000
be870000
3e880000
be1f0000
be690000
3d470000
3d6a0000
be0d0000
be630000
3f090000
bce60000
3f5d0000
3f2a0000
be7e0000
3e070000
beed0000
bf5e0000
3bef0000
3e970000
3ed60000
bc4b0000
be750000
be9c0000
be3f0000
3e8f0000
be8c0000
3f2f0000
3e090000
3e7f0000
3c2c0000
be3c0000
bdfc0000
3ec60000
3dda0000
bd8e0000
3e4c0000
3eac0000
beb40000
3f0b0000
be810000
3e910000
bea60000
bed00000
be5c0000
3ed40000
bed60000
3d8b0000
bcca0000
bde50000
be600000
be630000
be800000
be880000
be510000
3dc70000
3eca0000
beda0000
3ea70000
be370000
bd660000
bbb20000
3d4d0000
3ed30000
3ed70000
be330000
3edf0000
3c340000
3ec00000
3ebb0000
3ce30000
3e2b0000
bef80000
3d8a0000
3e3a0000
3da10000
3cd50000
beab0000
bc3a0000
3eb20000
3dbe0000
3db30000
3e090000
3e940000
3d2b0000
3ea10000
3eab0000
3cac0000
bea60000
3e600000
3e950000
3ee40000
bd6f0000
3f160000
be420000
bf060000
3d0f0000
3d2a0000
3ef90000
be8b0000
be3e0000
bef70000
bec80000
be080000
3e6a0000
3d3c0000
be850000
bf180000
3f0e0000
be040000
bd960000
3e180000
bec70000
bea60000
bdca0000
bcb00000
3d450000
3a3f0000
bbf10000
3daa0000
bd6b0000
3e330000
3ef10000
3d8f0000
3ead0000
3d3e0000
3af50000
be080000
3d7d0000
bf2e0000
3dbe0000
3ca80000
3e730000
3f160000
bd030000
bdbc0000
bc970000
3f180000
be8f0000
3e080000
3ddd0000
3f000000
3efa0000
beaa0000
bdb10000
3e230000
3da70000
3ed40000
3e9f0000
be020000
be380000
be980000
bea10000
3e510000
3e9e0000
3e9c0000
3e910000
bec20000
3dd90000
bc4d0000
bdba0000
3d620000
be830000
bc890000
3df80000
3e400000
bdbe0000
3e890000
bd320000
bdb10000
3de30000
beec0000
3df00000
3bc20000
3ea80000
bd260000
be960000
3e360000
3ef50000
beaf0000
beae0000
3d570000
bd430000
bf480000
3e430000
3f600000
3e710000
bdd10000
bdec0000
be470000
bacc0000
3e430000
3e9f0000
3e340000
3efc0000
3d2d0000
3f000000
3e250000
bddd0000
3dd20000
3e6f0000
3ed40000
be060000
bbdc0000
bed50000
3d9d0000
3e120000
be3d0000
bf060000
bd6d0000
be460000
bee50000
3ce70000
3d900000
3d9c0000
be230000
be040000
be010000
3c890000
bebf0000
3e8c0000
3e1a0000
be260000
3e180000
be870000
bc7a0000
bed10000
3eb30000
3f310000
3e830000
bd380000
bea20000
3e880000
3db30000
3df30000
3f0e0000
3e860000
bd380000
3e5a0000
3ea10000
bd540000
bf060000
3d9d0000
bdf60000
3d410000
be070000
be780000
bd9b0000
bda50000
3ea30000
bddc0000
3d1c0000
bab60000
be700000
3e870000
bef10000
be260000
3e3c0000
3e8b0000
3e950000
3efc0000
bed20000
3ece0000
3d960000
be800000
3dbd0000
3d770000
3cce0000
be500000
3e100000
bdc60000
bdd70000
3e750000
bd290000
bcc30000
3f390000
3db10000
bf230000
bd750000
be890000
be580000
be4b0000
3db30000
3dbe0000
3d620000
3e210000
3e220000
bea00000
3e840000
3d710000
3dce0000
bd060000
bd980000
bd2e0000
3c140000
bec20000
be160000
bd090000
beaa0000
3ce00000
3d490000
bf110000
bf1a0000
bed40000
3e370000
beaf0000
beec0000
3e400000
be820000
be130000
bd100000
3e9c0000
be850000
3d620000
bdf80000
3e9c0000
be940000
3e9a0000
be800000
bcc10000
3e7c0000
3e810000
3cd20000
bf1c0000
3e210000
be9f0000
3d570000
3db80000
3ed80000
3d810000
3e890000
3ec70000
3ef50000
3efe0000
be1c0000
3dcb0000
be810000
bf000000
bd6c0000
3f4d0000
3d9d0000
3dba0000
3df60000
be7d0000
bf030000
3ef60000
beaf0000
3eae0000
be040000
3d820000
be840000
be0b0000
3e840000
be890000
3dde0000
3e8d0000
3e730000
3f000000
3d4d0000
3eec0000
3f250000
3ddd0000
beb50000
be940000
3e640000
3db50000
3e100000
3db10000
bd110000
bcc00000
be070000
3e500000
be880000
3ebd0000
be060000
be6c0000
baaa0000
3e330000
3e1f0000
3dd70000
be150000
3f080000
bd900000
bddc0000
3df50000
bce80000
bf360000
3ddd0000
3f2a0000
3ecb0000
be870000
bd630000
3e920000
3de20000
3e960000
3d9c0000
3e4c0000
be870000
3ed70000
bedb0000
bdfc0000
bf2c0000
be8f0000
3e8f0000
3f060000
3e700000
3f240000
be410000
3e880000
3e160000
3d120000
3e030000
bd950000
be140000
be8c0000
3f270000
3f220000
be970000
bef10000
3d570000
3ef70000
3e1f0000
3e980000
bf040000
bd8c0000
be000000
3f330000
3f2e0000
bd6c0000
3d620000
3f1f0000
be7b0000
beb20000
3e970000
3ea40000
be8c0000
3eed0000
3e750000
bdcf0000
bee30000
3e2e0000
3d080000
be8a0000
bd4a0000
beb50000
bc8f0000
3dac0000
3e090000
3e180000
bd160000
be0d0000
be8a0000
be130000
3e950000
3e760000
be930000
3f260000
bf100000
bc840000
3e7a0000
3e270000
3dcd0000
be190000
beac0000
be8e0000
be340000
3b710000
3f100000
bc920000
be330000
bebc0000
3e250000
beaf0000
bdcf0000
bd340000
3d880000
bd820000
be970000
bf020000
bee40000
be9a0000
bcde0000
3ea60000
3dda0000
3e430000
3e5b0000
bddc0000
3c990000
3df40000
3e950000
bd990000
bec10000
bd670000
bc370000
3d810000
be290000
3c300000
3e5d0000
3ee90000
bd340000
be430000
3e0b0000
be2f0000
be6f0000
bdec0000
be2b0000
3ec20000
3f060000
3ed50000
beab0000
be270000
3d920000
3e590000
3e3c0000
3e730000
3ebd0000
3e8f0000
bcb40000
bdb90000
3e8d0000
3e9d0000
bed70000
beeb0000
3d470000
3e7d0000
3d670000
3eb70000
3ddc0000
3c870000
bed90000
3dea0000
bec10000
bda30000
bef10000
beb00000
3db20000
3e520000
bf2f0000
3e150000
be1a0000
bdff0000
3f100000
bf290000
be550000
bc980000
be4b0000
3b8d0000
3b570000
3d850000
3e420000
3f370000
3eea0000
3e110000
3e020000
3ea20000
beac0000
be760000
3ebb0000
bded0000
3dbd0000
3d970000
be0c0000
3f320000
3e500000
3d7f0000
becd0000
3e230000
bead0000
3d9d0000
beb30000
3cd20000
be5e0000
3e390000
3dc50000
3f030000
3e750000
3e4d0000
3e370000
3ccf0000
bf0e0000
3e650000
be8b0000
be610000
bdb50000
3e930000
3e3d0000
bdc40000
3eb00000
3c990000
bd8a0000
3edd0000
3e690000
3e820000
3ef40000
bed70000
beb80000
3f1c0000
bec30000
be8b0000
bcb40000
3dff0000
3e200000
bf1f0000
3e1a0000
3ea30000
3e100000
bcdb0000
bed60000
be3f0000
3d890000
3ed20000
bd080000
3e8d0000
3de10000
3ed10000
3ee80000
3c730000
beb20000
3d450000
3e330000
3e1e0000
3eef0000
3e8c0000
3e570000
bc770000
3f130000
3ed60000
3f150000
3cd80000
be360000
3ea50000
bdf60000
be0d0000
3e6a0000
becc0000
3e490000
3d6c0000
bdb90000
be1d0000
bdbc0000
bf220000
beb10000
3d940000
3e4c0000
bec50000
be080000
3ea10000
3ce50000
3d960000
3e5f0000
3ca50000
3ebf0000
bc150000
bee50000
3e0a0000
bf1d0000
3e800000
bd9a0000
be240000
be1b0000
3ed30000
3e180000
be790000
3f5b0000
be180000
3d8f0000
3dbd0000
be150000
3dac0000
3f130000
bf050000
bc540000
3e290000
3d8d0000
bf4b0000
bf0e0000
bde80000
bd240000
3e700000
bebd0000
be6b0000
be440000
3ee20000
3f260000
be800000
be1c0000
3e810000
bd4a0000
3efa0000
3e3d0000
be690000
bdc60000
be8d0000
3d5f0000
3e330000
be920000
3e8c0000
bec60000
3e8a0000
be4d0000
bda90000
3f290000
3d900000
bdb20000
3d9d0000
3e5c0000
3ef90000
3e9b0000
3e140000
3eac0000
3eb00000
beb50000
3e910000
3e9f0000
3eb20000
bf0a0000
beb20000
3e550000
be4e0000
bd340000
3eb50000
be3b0000
be4a0000
be4e0000
be6b0000
bf390000
3e250000
3f130000
be7b0000
bedc0000
be570000
3eb70000
bf170000
be910000
3ed20000
3e820000
bdaf0000
bd940000
be200000
3de30000
3d9c0000
bec00000
3ddb0000
bdf20000
be630000
3cbc0000
3e460000
be910000
3d670000
3e8f0000
3dde0000
be730000
3d580000
3e8c0000
bd440000
be850000
be530000
bd4c0000
bd1a0000
3e9d0000
3e680000
3e5f0000
3b1f0000
bee50000
be940000
3ea60000
beb20000
3df40000
3d2b0000
3ef00000
bdcd0000
3dae0000
bde50000
bc800000
bf220000
be1d0000
3e360000
bdd90000
be1d0000
be9e0000
3f000000
beb10000
3f090000
3da40000
bc8b0000
bef00000
3ed70000
bc230000
3ede0000
3c040000
bd8c0000
be670000
3e930000
3df90000
3e2e0000
3dee0000
3ec00000
bea40000
bd6e0000
3eae0000
be920000
3dc30000
3e740000
3e130000
beba0000
3e7e0000
be1e0000
3e8f0000
3e9b0000
3cae0000
bc960000
3e270000
3e620000
be630000
3ea80000
3c250000
bed40000
be3d0000
3e0d0000
be660000
3ea90000
3ccb0000
3e860000
be380000
be7f0000
3eb70000
bf0f0000
bf080000
3e4a0000
bf090000
3eec0000
be8c0000
3efc0000
bf4c0000
3ed20000
bef40000
3ea60000
be600000
3f060000
bf250000
3d920000
3f560000
beb80000
3cd90000
be010000
bd6f0000
3d650000
be890000
3f040000
be3a0000
3e2d0000
3e120000
be5c0000
3e3a0000
bf020000
3e280000
beaa0000
bf3f0000
3e7a0000
bea50000
be880000
3f110000
be8c0000
be460000
3f4d0000
bee40000
3f0e0000
3e2c0000
beb00000
3e610000
bd930000
3e710000
3ee80000
bda40000
bdb80000
3e4d0000
3e580000
be760000
3e430000
3f1d0000
3d1f0000
bd9c0000
3d530000
3e490000
3e460000
bd9a0000
bc3f0000
bd330000
bedf0000
3e590000
3d790000
be240000
3eae0000
3e5d0000
beeb0000
3ccd0000
be830000
bdbf0000
3e6e0000
be9f0000
3eb00000
3df90000
bd7b0000
3e800000
3e2e0000
3e600000
3e370000
3f040000
3ead0000
3e8f0000
3e990000
3e120000
3d800000
bf0c0000
3e810000
3c920000
bef00000
be9d0000
3e130000
3e950000
bea50000
bedd0000
3cb30000
be830000
be600000
be210000
be590000
bdf20000
3d1b0000
3dee0000
bd3b0000
3c440000
be450000
3ebf0000
3ddc0000
be1b0000
be2e0000
bc650000
beb60000
bf000000
bcca0000
bd8e0000
3ab90000
3d990000
be790000
be730000
3d9e0000
3e970000
be6f0000
bdb10000
be8f0000
3e480000
3d440000
bd990000
bd9a0000
bdba0000
3e4d0000
be890000
bdeb0000
bd430000
bd2e0000
beaf0000
3f050000
3e820000
3f1f0000
3d540000
3eb40000
3efa0000
3da10000
3e090000
3c230000
beef0000
bec00000
bea20000
be450000
bd510000
be7a0000
3eef0000
3df10000
bf200000
3e400000
be160000
386c0000
be450000
beb30000
beba0000
bd1d0000
bcf90000
be880000
3df20000
bcd60000
be430000
3e0c0000
3e080000
bd3c0000
becb0000
3eca0000
3e120000
3ec80000
3a830000
bf270000
3e7c0000
3e790000
bde60000
bd620000
bf350000
3ece0000
bec50000
be8e0000
bd980000
3e4b0000
bec90000
be4d0000
bd240000
3d640000
3d1d0000
bf1c0000
3ef70000
3e2c0000
be870000
beb10000
3cf20000
be6c0000
bed30000
be740000
3d050000
beb40000
bd4b0000
be340000
3d960000
be2f0000
be400000
3e9f0000
be480000
bf0c0000
3e4a0000
3ea10000
3e0e0000
3de20000
3e5d0000
3e340000
bede0000
3f080000
3ece0000
be980000
3efb0000
be580000
3e0a0000
be860000
3dd80000
beed0000
3d9d0000
3ccb0000
3e1c0000
be600000
bf260000
3db60000
3ea60000
be5f0000
3d970000
3eda0000
bea00000
3e140000
bde70000
3ddb0000
bdb70000
3f170000
3de80000
bec90000
bece0000
be1a0000
3cc50000
be400000
3e0e0000
be250000
3e3e0000
be550000
be860000
bd2e0000
beba0000
3ea60000
bc740000
bf1a0000
beb40000
3e220000
bedc0000
bd900000
bd940000
be2d0000
3e820000
3d6d0000
3e430000
3e090000
3e970000
3f220000
3e080000
be700000
bcfb0000
3e040000
bf370000
be560000
beca0000
bd850000
be140000
be380000
3d6a0000
be300000
3eb80000
3dd20000
3dd30000
3e640000
3c3d0000
3e0a0000
be830000
bf170000
be280000
bc0f0000
3e050000
bebe0000
be500000
bdd70000
3eb50000
bde90000
3b820000
bc380000
be8d0000
be070000
be510000
3edd0000
be320000
3d180000
3eab0000
3e550000
3eab0000
bbd50000
3eac0000
3f4b0000
bea20000
bd8d0000
bdba0000
3e870000
be6d0000
bf2b0000
3d9e0000
3f1b0000
bd040000
3d490000
bf520000
bdd90000
3ec10000
3ec40000
be610000
3df40000
bd910000
bf280000
bdc80000
be6a0000
3e890000
beea0000
3db50000
bdc50000
3d1b0000
3dbc0000
3eea0000
be940000
beaf0000
3dbf0000
be980000
3daf0000
be750000
3d730000
bd860000
be810000
3e5e0000
3eea0000
beaf0000
3e520000
3eca0000
beb00000
3db40000
3e6b0000
bec70000
3ebc0000
be880000
3dca0000
3e0b0000
be9a0000
bc940000
3e4c0000
be180000
3e830000
be940000
bef80000
3bfd0000
3e800000
bdb90000
bd020000
3ec80000
3e7f0000
3ee10000
bea10000
3eaa0000
3e8b0000
bee70000
3e0a0000
bcea0000
3e070000
bda40000
bcba0000
3d630000
3f080000
3dbe0000
3a550000
3ea40000
3cd50000
3e820000
bcc30000
3dd00000
bddb0000
3eac0000
3f070000
3eaa0000
bec40000
bf090000
3e890000
3e1e0000
3ed70000
bcd30000
3eec0000
becc0000
bec50000
3e630000
be930000
bd150000
3d510000
be1e0000
3d100000
3d2b0000
beaa0000
be9e0000
bd840000
3e9c0000
3df40000
3ead0000
3ca60000
bd2b0000
3dd10000
be5d0000
be950000
3d0a0000
bf280000
bdcf0000
beb30000
3c1f0000
3f000000
3e780000
bcfa0000
3ec90000
3bac0000
bee70000
3e020000
bddf0000
be1b0000
3e190000
be980000
bb350000
3e520000
bec50000
bd720000
3e990000
bd6d0000
3ec70000
3ed90000
3ee80000
bb370000
3ea90000
3e790000
be400000
be1b0000
bd050000
3ed40000
be480000
3ef30000
bec80000
be170000
bde10000
bebf0000
3e530000
3e900000
bd670000
3d3d0000
bf0d0000
3ed00000
be920000
beb40000
3ee90000
3e270000
bf080000
be580000
beb40000
3e790000
3ee30000
beee0000
3d540000
be3d0000
be6f0000
bdeb0000
bef00000
3deb0000
3e790000
be300000
be5e0000
3e810000
bc100000
3f000000
be0b0000
3d350000
bf380000
3eb10000
3de60000
3d0b0000
3e0c0000
3e3b0000
3efd0000
bebd0000
3ec40000
bd890000
bea90000
be1f0000
3e300000
3edc0000
be300000
bf620000
3e160000
bea00000
3eb30000
bed30000
3e0e0000
bf270000
3e170000
bd8e0000
3dc60000
3dc40000
3f1f0000
be990000
3e910000
bf420000
bed40000
be1b0000
3f040000
3e7c0000
bea00000
bea10000
beab0000
3e370000
3e2c0000
be620000
3e870000
3ee50000
bd2d0000
3e730000
be1e0000
be480000
be180000
bee00000
be120000
be8e0000
3d030000
bef40000
bcd00000
bef20000
3de80000
3d4d0000
bd810000
bf2f0000
3dab0000
3d1e0000
bde80000
3ef90000
bee10000
be460000
3e910000
3eed0000
bddb0000
3e980000
bd0d0000
3ef00000
be140000
3e520000
3ec50000
be840000
beb20000
3db40000
3e4f0000
3db00000
3ec70000
3df40000
3ea80000
be5b0000
be230000
3ed00000
be710000
be050000
bf230000
3ebe0000
3e5a0000
bee00000
3da80000
3ed10000
3e6d0000
be350000
3d250000
be610000
be9e0000
3c1a0000
3d970000
3cba0000
be940000
3e6c0000
3ea00000
be050000
bd230000
be940000
3ddd0000
3dc40000
3ebc0000
bba10000
3ee10000
be4d0000
bd260000
bf000000
3e800000
be460000
3ed70000
3d060000
3e180000
3df00000
3e2b0000
bdb50000
3ea00000
bd680000
3e860000
be3d0000
3e330000
beeb0000
3e3f0000
3d920000
be020000
bea10000
bd2f0000
be8b0000
be800000
be9d0000
bf010000
be660000
3d100000
be8a0000
3c8a0000
be420000
3d9c0000
bd7c0000
be8b0000
bef00000
bd750000
bd160000
bead0000
bda70000
3e0b0000
3eca0000
3d590000
3dfc0000
be520000
3ef60000
bf150000
3dbb0000
3e280000
be1d0000
3ed10000
3ea60000
3d2f0000
3e750000
be5c0000
3ebe0000
3e0d0000
3d920000
be1d0000
3e990000
bf010000
3d400000
be310000
3eb20000
be8b0000
bdbd0000
be4f0000
be960000
be740000
3e5e0000
3e390000
3ee10000
3ecd0000
3d1c0000
beac0000
bea20000
3e770000
3e020000
3d7e0000
3bca0000
3e910000
be040000
3e9b0000
be540000
3e960000
3e9b0000
3ee70000
3e2e0000
be7e0000
bf160000
3e090000
3da80000
be8b0000
3e890000
3d710000
3ca20000
becc0000
bdb80000
bea80000
3cde0000
3b8e0000
be5d0000
3d490000
3df30000
beaa0000
3ec30000
be500000
3d980000
be7f0000
3e8b0000
becd0000
3e1d0000
be800000
3f2d0000
bef80000
be6a0000
be3b0000
be990000
be230000
3ddb0000
3eae0000
be950000
3ebb0000
3eb60000
be500000
beef0000
beaa0000
be8c0000
beb00000
be8e0000
be860000
beab0000
3c3f0000
be0f0000
bf0e0000
be7b0000
3c290000
3c0a0000
3d5c0000
bf140000
3e620000
bdde0000
3eb40000
bde10000
3db30000
be300000
3dcd0000
3d060000
bf030000
3ee90000
be4d0000
bd9e0000
3da00000
be7c0000
bd940000
be100000
beba0000
3da40000
3e900000
3cad0000
be150000
bd1e0000
beb00000
3e9d0000
3dff0000
be8d0000
3e890000
be980000
be850000
be910000
3d4a0000
be410000
be990000
3ef50000
bce00000
3d230000
3e960000
3ed30000
3e530000
3eae0000
be7e0000
bed20000
3d710000
bd950000
beae0000
3e1a0000
bc8b0000
3e340000
3eda0000
3dbf0000
3cbd0000
3e420000
be070000
bd840000
bf0f0000
3e190000
3bf20000
bddd0000
3f660000
3dbe0000
3d260000
be580000
bcf80000
be990000
3e9b0000
3c400000
3d9b0000
be640000
be150000
beea0000
3e330000
bf110000
3f260000
3ece0000
3cb60000
3e9f0000
3e910000
bec00000
be6d0000
3e980000
bf3c0000
3d930000
be320000
bc4f0000
bf060000
3d0d0000
3dc20000
3de60000
3f290000
3daf0000
bef10000
3dbd0000
bec10000
3ef60000
beef0000
bc920000
bdfe0000
bdad0000
bed40000
3e930000
bcd90000
be740000
3e550000
be1f0000
3d180000
3d400000
be9b0000
3e500000
3e330000
be000000
3da20000
3ebc0000
be010000
3e4b0000
3e460000
beac0000
3dc50000
be850000
bddd0000
3e140000
be720000
bf250000
bd890000
bc670000
3ea30000
bd8e0000
3f550000
be7a0000
3e190000
bd750000
3ebd0000
bec80000
bced0000
be730000
3e130000
3cd20000
bea80000
be360000
3d830000
3d280000
be3d0000
bf420000
be770000
be6a0000
3e910000
be830000
be680000
bd930000
bf300000
3e6a0000
be680000
3dfd0000
bdea0000
3e150000
3eea0000
bea50000
be560000
3d090000
bdfd0000
bdfd0000
3ea30000
3e320000
bcfd0000
bedd0000
3d5c0000
bf810000
3e360000
3ee00000
3ec80000
bc820000
bcd00000
be270000
be390000
3ee80000
bead0000
3f090000
3e8b0000
3d400000
3e970000
be260000
3c4a0000
3e500000
3e170000
3e250000
be160000
3ec30000
be3e0000
3ed70000
be850000
3e720000
be5a0000
3e6b0000
3eb20000
3e4a0000
bee00000
bcc50000
be710000
3ecd0000
bde70000
3ee40000
3e7c0000
3e8c0000
3e230000
3dae0000
3e0f0000
3d390000
3d180000
3f050000
be800000
be220000
3e430000
3ca80000
3f280000
be210000
3ec00000
3e010000
bec30000
3e3a0000
3e4d0000
3eb20000
3ef70000
3e2e0000
3f080000
3f190000
bef70000
3e850000
3edf0000
3e370000
bd4f0000
bee90000
3e490000
3e950000
bd070000
be800000
be080000
3e3f0000
3da30000
bea20000
3e3f0000
bd980000
bef50000
3ea50000
3c8c0000
be960000
be830000
3d240000
be2a0000
bb830000
be900000
3ef50000
be3b0000
3ce10000
3e3b0000
3e420000
3e7b0000
be6c0000
3d7d0000
bc100000
bdf60000
3d1b0000
3bb10000
3cb00000
be530000
3e2b0000
be350000
3ed70000
bdaf0000
3ece0000
bd000000
bf0d0000
3eae0000
3dad0000
3e3e0000
3e140000
3e4f0000
3dad0000
3ef30000
bdf60000
3d170000
bdc80000
3e370000
befc0000
3f010000
3ec40000
bdcb0000
3e0a0000
be650000
3d950000
3dba0000
3d490000
3e300000
bef90000
bec70000
bedf0000
3d680000
3dd00000
be830000
3deb0000
3e620000
bdb40000
bdb20000
3cd70000
be5c0000
be1c0000
3ee10000
3d5b0000
3b2a0000
be3f0000
bdb20000
bf0c0000
3b370000
bda00000
3ec70000
3ed90000
bec90000
be370000
3dfb0000
be8b0000
bdea0000
3de20000
3e330000
3da40000
3f060000
bd9d0000
be7d0000
3e500000
bead0000
bded0000
3f0f0000
3dc10000
bd720000
3dfc0000
bd360000
bf040000
3e6d0000
bd9d0000
3f230000
bea40000
3cf40000
3e4d0000
3d9b0000
3dc70000
3dd50000
3f260000
bddc0000
be560000
3e1e0000
be190000
3f0e0000
bcde0000
be4c0000
be310000
3db80000
3f4b0000
bf330000
3f210000
bef30000
bb650000
be840000
3ea10000
3de20000
3e340000
bd6c0000
bb420000
be020000
be290000
bdcb0000
3e3b0000
3ed20000
3dcd0000
bd250000
3daf0000
3eb60000
be160000
bea70000
3ee70000
3b440000
be7b0000
3c510000
bad80000
3d9d0000
3ea40000
3e1c0000
bed70000
3e580000
3deb0000
3e5a0000
3eaa0000
3e8f0000
bee40000
3f220000
3ef70000
3e9e0000
bf310000
3d9a0000
3e870000
beb90000
3def0000
3e240000
bd1d0000
be730000
3eb10000
3e170000
3dd60000
3e940000
3d3b0000
3ed50000
beac0000
3ea00000
be480000
3e850000
3de20000
be860000
beb20000
be300000
3f620000
bb740000
bda30000
be1b0000
3df20000
3e690000
be8d0000
be850000
be6e0000
3e130000
be170000
bcb20000
3e060000
bea30000
bd6b0000
3e4c0000
bf240000
3cff0000
bcdf0000
3e930000
3eb20000
be580000
bd780000
be1e0000
3e2e0000
be3f0000
3f240000
bed30000
bd8a0000
bf2e0000
3e930000
be4c0000
3ecc0000
3d620000
bce80000
be880000
3d880000
3d660000
bf100000
3eeb0000
bdbb0000
be5a0000
be910000
bde90000
be7b0000
3eab0000
bdfb0000
3d400000
3d6d0000
3e680000
3d910000
3e7c0000
3e400000
3ed10000
3ede0000
3e500000
bdc90000
bdc70000
3eba0000
3e310000
3d0b0000
bdd80000
be8f0000
3e380000
bcb80000
3a0a0000
3c590000
be830000
3f250000
3e350000
3e300000
3f020000
3e6c0000
be430000
3f080000
3e1c0000
3e280000
be720000
3ead0000
3d940000
bf390000
bec80000
3f060000
bde50000
3d5c0000
3dd00000
3ec50000
3da60000
3edb0000
3ede0000
be840000
bdcc0000
bf150000
3d330000
3e1d0000
be880000
3ecc0000
3d150000
3ea80000
3dbb0000
3ebe0000
3e880000
bf1c0000
bef20000
3e940000
bd010000
3ec70000
bdbf0000
bee10000
3da70000
3e3f0000
bdee0000
3f0e0000
bb7d0000
bded0000
3d870000
bdd50000
bbae0000
3eac0000
bac20000
3eaa0000
3ee10000
3be40000
3c640000
bf5d0000
3e7a0000
be140000
be750000
bd9a0000
3d1d0000
3d980000
3f060000
3db00000
bf800000
399e0000
be810000
3dc30000
bf280000
be160000
3eab0000
3da20000
be5e0000
bee30000
3e910000
3d3b0000
3e140000
3d8d0000
3d700000
be2c0000
3dc20000
be230000
bc950000
be3a0000
bea50000
3e860000
3d360000
3b3c0000
3eb80000
bd8a0000
3e190000
be160000
be190000
be5c0000
3e080000
3df40000
3dab0000
3d9a0000
bce60000
3ec70000
be8b0000
be9d0000
3c840000
3d450000
bdea0000
3ea50000
bc8d0000
be830000
3ef20000
3e5f0000
bea50000
bdd30000
bea10000
3f250000
be5c0000
3e4b0000
be170000
beb90000
3e5e0000
3daf0000
bdcc0000
3e680000
bda10000
3e900000
bde70000
bf0e0000
3e130000
3bf80000
3c530000
bdef0000
3ddc0000
bb480000
3e4e0000
be2b0000
be6c0000
be0f0000
3d450000
3f210000
bcf50000
bbf10000
bec20000
bc2f0000
3eb80000
3e1a0000
3ec60000
bee20000
3dd80000
be090000
be8c0000
be080000
3d640000
bd5d0000
3e1b0000
3e1e0000
3e5b0000
3da90000
bec90000
3d890000
3e580000
3e0b0000
bcfa0000
3e1a0000
3d980000
3f160000
bdef0000
3dc60000
be800000
3e840000
3e1d0000
bdb70000
bea10000
3ebb0000
3e2e0000
3ea00000
3de40000
3e610000
3e6b0000
bcea0000
3ebf0000
3e1f0000
3e8c0000
beaf0000
3d5a0000
3d790000
3eca0000
be040000
beb50000
3ef90000
3d320000
3d230000
be270000
bb910000
3f640000
bef70000
be5a0000
3d770000
bded0000
bd7e0000
ba200000
bebe0000
3c360000
be3e0000
3c010000
bec90000
bda20000
bd850000
3eb50000
bec60000
3e5b0000
be150000
bf0f0000
bef90000
be1f0000
bdf60000
3f530000
be4a0000
be480000
bdb60000
3edb0000
b9b50000
be200000
bd8c0000
3ebd0000
bf130000
bb960000
3e260000
3e800000
be250000
beae0000
3d810000
3c890000
bd9b0000
3e1d0000
bcf90000
3d400000
3db20000
3e5d0000
bc7c0000
3d200000
bf000000
bf010000
bde80000
3e070000
bcfe0000
3ba20000
3ec50000
3f2b0000
bded0000
bedf0000
bead0000
3e980000
be930000
be430000
be9f0000
be040000
3ded0000
be2c0000
be7e0000
bde40000
be0a0000
be780000
bdd10000
3f0c0000
be2d0000
bde20000
3b260000
bdc40000
bebb0000
3dcd0000
3e870000
3da50000
be4b0000
be320000
be2e0000
bc080000
3ec80000
bd710000
3f150000
bebe0000
bebd0000
bc1a0000
bdaf0000
3d9f0000
3ea60000
bee50000
bd1b0000
3e810000
3e780000
bd870000
bf010000
bf2a0000
be010000
3d5e0000
3e1f0000
3e880000
bda80000
bf080000
3e020000
be8e0000
be340000
3def0000
bda40000
3e430000
3e900000
3e9e0000
bf030000
3f0b0000
3f210000
be630000
be9b0000
becd0000
3ec10000
3dd70000
3e700000
be090000
bd370000
3f000000
3d830000
3e960000
3b050000
be1c0000
bd870000
3ec80000
3ef00000
3eac0000
3ecf0000
3d680000
3ef10000
be3d0000
be2c0000
bf010000
3e7e0000
3d5e0000
3e960000
bcf40000
3e890000
3dc00000
bec90000
be9e0000
3ec70000
3c7e0000
be8e0000
3ef80000
bec90000
3ec30000
3e230000
3e080000
3e910000
3deb0000
3dad0000
3f6c0000
be180000
3e7d0000
3c270000
be670000
bec90000
bd8d0000
3e9b0000
3ec90000
3e740000
be370000
3ec10000
bd5f0000
bf120000
bc750000
beb30000
be4a0000
be690000
3c580000
3e370000
3e6d0000
bd7c0000
3eb10000
be5f0000
beda0000
3f030000
3f310000
bee20000
be440000
3f120000
3e870000
be2e0000
bed10000
3e680000
3e760000
3e8a0000
3e970000
3e290000
be810000
bc3b0000
be960000
be2d0000
3ea40000
3e9d0000
be840000
be8f0000
be280000
bf090000
bef00000
3edf0000
3ee70000
bf1c0000
3f8c0000
bec40000
3f1f0000
3f1d0000
3ff70000
bea60000
3ea90000
3e2b0000
bf580000
bf810000
3e1a0000
bf250000
3f550000
3e960000
3d120000
bdbd0000
be890000
bf860000
3f200000
3df30000
3f240000
3ed10000
be470000
3e590000
3f110000
bf640000
bf550000
3e920000
3e150000
be180000
3e230000
bdb00000
3ddc0000
be890000
3f0f0000
bee00000
be820000
3eb70000
bf070000
be170000
3f640000
3ef20000
3ea00000
3e930000
bf430000
3f640000
3f990000
3f930000
3c910000
befe0000
3f4c0000
3d7f0000
3d700000
3eec0000
3ebe0000
3e730000
3eaa0000
3f470000
bfb50000
3d560000
be8a0000
bea10000
3e950000
3f500000
3f7d0000
bece0000
bf430000
be990000
be870000
3d9f0000
bd560000
3f620000
be1c0000
3e530000
bf6d0000
3e810000
3e850000
3d9a0000
bf7b0000
3ce50000
bd180000
bfb70000
bf5b0000
bf400000
be6c0000
3eab0000
3e010000
3f930000
3e840000
3d190000
bfc30000
bd550000
3e8d0000
beb20000
3f4c0000
bef10000
3f710000
bf140000
be480000
3de40000
bdb50000
3d8e0000
bf780000
3e640000
3e8f0000
bf990000
bea60000
3e6e0000
3ea80000
befc0000
3e5e0000
3cfe0000
bfa80000
3e130000
3fd70000
bf060000
3eb80000
3fb80000
be6f0000
3e440000
3e520000
3ec60000
bf430000
be4e0000
3ec90000
3f5d0000
bf4a0000
bdfb0000
3f280000
be3f0000
beb70000
3e810000
3f080000
bea90000
3f260000
bf2e0000
3f0e0000
be6e0000
be680000
3f600000
3e8e0000
be1d0000
3dc30000
3e6c0000
3e500000
3e8b0000
3e850000
3f280000
bdaf0000
bf170000
3d680000
3ef50000
3f040000
be1c0000
3ea60000
bdf00000
3f160000
3f550000
3d950000
be8f0000
bea90000
befb0000
3ea10000
3e400000
3f180000
bd200000
3d900000
3d320000
bf0a0000
beb60000
3f0c0000
3f970000
3eb70000
bed30000
3f290000
3ebc0000
bea40000
3e9a0000
bf260000
3f150000
bf060000
be250000
3d3c0000
3bb00000
3f070000
bf4f0000
3ddb0000
3d860000
bdc90000
3f620000
3e7c0000
3e930000
3da60000
bf020000
3f5c0000
be860000
bf620000
becc0000
bf0a0000
be850000
3d920000
3e370000
bd0b0000
be760000
3ed40000
3e120000
3e850000
be8b0000
3eb30000
3f280000
3e630000
be1a0000
3e730000
be980000
bd010000
bebb0000
be400000
3e390000
3cc40000
3ea90000
3d5b0000
be930000
3f240000
3cb30000
beb20000
be320000
3f3c0000
bd6b0000
bec30000
3f9e0000
3f8e0000
3ee50000
bde50000
be8f0000
bf480000
3f0c0000
bf410000
bd510000
3e170000
3e7c0000
3ea90000
3de90000
bf1f0000
3f540000
3ecd0000
3e940000
bd780000
3e2b0000
3e180000
be860000
bea20000
3f540000
3f1a0000
3ec60000
bea00000
bd8e0000
3e2e0000
3dc60000
3e070000
3f330000
beca0000
bd3a0000
be7f0000
bd660000
3f1a0000
be460000
be2e0000
be000000
bf230000
3f530000
be370000
bdb00000
bea60000
3e610000
3f7d0000
3d870000
3f040000
3f8a0000
3f200000
3e8d0000
bd590000
bd110000
3f9d0000
3d440000
bf170000
3d3b0000
3f450000
bdee0000
be930000
bf660000
3dc90000
3e1a0000
3ebc0000
3e1a0000
beb80000
bf060000
3efc0000
3f330000
bf2e0000
be410000
bef80000
3ea00000
bef00000
3e200000
bd350000
be8c0000
3e6c0000
bf540000
3f1a0000
bf200000
3f670000
bf420000
3ede0000
3eda0000
bf570000
be4c0000
3eba0000
bf150000
be1e0000
bd890000
bf470000
bee80000
3f590000
3eec0000
3f7b0000
bf9e0000
3ebd0000
3f0a0000
3f170000
3e930000
3f860000
bea30000
be0c0000
3fc30000
3ec80000
bf240000
3f980000
be8e0000
3f590000
be440000
beb00000
3e000000
bf920000
bdb60000
bf060000
3f0f0000
bf7a0000
be150000
be270000
be730000
3f040000
3dc50000
3f880000
3c140000
bf400000
bdd50000
3f270000
3f770000
bf180000
beed0000
3ec90000
be2f0000
beac0000
3ebc0000
bf450000
bebf0000
bdcd0000
be930000
bf0e0000
bea90000
bea80000
be5c0000
bf540000
bf540000
bf090000
3eac0000
bca10000
bf7e0000
3f770000
3d550000
bf030000
bfe00000
3f840000
3ea80000
be8b0000
3ea70000
3e620000
3d5a0000
befb0000
3e9b0000
3e880000
beea0000
bf600000
3f1d0000
3faa0000
3e0d0000
bd350000
3efb0000
3ea20000
be350000
be960000
3e8c0000
3f370000
3e690000
3e400000
bcf30000
be640000
3ce60000
be2e0000
be1f0000
3d9d0000
3f4b0000
bf020000
3f2b0000
3f5d0000
be720000
be920000
3f560000
bf0f0000
3f110000
be200000
3f900000
be880000
3f4f0000
bfb10000
bfa00000
be9d0000
3c0a0000
be890000
3ec20000
3ecd0000
3ea40000
3ed40000
bdc20000
3e580000
bf170000
3e7e0000
3f0b0000
3e970000
3eb10000
3f810000
3da10000
3df30000
3ebf0000
3e720000
3b2c0000
3e020000
3e930000
be390000
3f8b0000
3ebf0000
be6e0000
be050000
bcc50000
be990000
be950000
3f250000
3f570000
3f620000
bebc0000
3f370000
3e770000
3d400000
3e340000
beae0000
bf020000
bf8c0000
bf660000
3ee80000
bf2c0000
be530000
bf9e0000
bf560000
3daa0000
be2c0000
bebb0000
3f000000
bf860000
beac0000
3e610000
3d7d0000
3e460000
3e0b0000
bf010000
3e8c0000
3e7d0000
bcb20000
3eda0000
be860000
bf000000
3e1a0000
be920000
bd2f0000
be380000
be430000
3e0d0000
3e330000
3f480000
be2f0000
be980000
3f140000
3f080000
bf770000
be400000
bf690000
3f260000
be270000
bf460000
3f380000
bf220000
3e750000
bf7c0000
be4a0000
bdca0000
3f5a0000
bf0f0000
3eca0000
3f2d0000
3f400000
3ed50000
be840000
3e650000
bf0d0000
3e7a0000
3f940000
3dc00000
3e8e0000
3fb30000
3e890000
bf1e0000
3d910000
be400000
be000000
bee10000
3eb80000
3f610000
bd200000
be3d0000
3e070000
3e970000
be4a0000
bfb60000
bf220000
3ede0000
bdf90000
bedf0000
be640000
3f740000
be8c0000
3ee60000
3f290000
3f3f0000
be160000
3eb10000
be740000
3e420000
3f390000
be280000
3f110000
bedd0000
befc0000
3f3b0000
3f080000
3efb0000
bf590000
beec0000
3efd0000
bd280000
3e040000
be590000
be3b0000
3e910000
3f320000
3f180000
3f800000
3f8c0000
3f300000
bd390000
bdec0000
3cd90000
3f550000
3b9c0000
3e300000
bf110000
3ead0000
3f140000
3e820000
3e260000
be520000
3edd0000
3f120000
3f470000
3ee70000
3fb80000
3f190000
bf350000
3f6e0000
bd810000
bf380000
be730000
becf0000
3e680000
bf390000
3f4e0000
3ee30000
be840000
3ef80000
3c370000
3f210000
bf530000
bf000000
3ef50000
3f390000
3e710000
3e900000
3f530000
bef50000
3eaf0000
bee90000
bb970000
3e3e0000
beed0000
bedc0000
3ec00000
be5b0000
be9c0000
bf120000
bead0000
3f340000
3f060000
3d7d0000
befe0000
3d8a0000
bb080000
be090000
3ec50000
bfc10000
bf290000
bd960000
3e7e0000
bc990000
bf080000
bec40000
be380000
bf840000
bf470000
bec40000
bd8e0000
3e940000
be940000
3e6b0000
3f4b0000
bf220000
3edf0000
3e790000
3e920000
be280000
3d220000
be740000
bd380000
bd780000
be990000
be940000
3c630000
3eda0000
3d3e0000
3f0e0000
3f060000
bf380000
3e230000
3eaf0000
3edd0000
3e0d0000
bead0000
bedc0000
3e8e0000
3d500000
bf510000
bec00000
bed60000
3f150000
3f090000
be860000
3f0e0000
3eea0000
3ed60000
3e600000
bf340000
bd0d0000
3d8a0000
3d1e0000
3f1a0000
3f070000
be980000
bec10000
3e410000
3fac0000
bbdd0000
bd7b0000
3ee80000
bdc60000
beb90000
be620000
3d490000
3ddb0000
befc0000
bf2f0000
bcfe0000
be820000
be630000
be960000
bf1d0000
bf1a0000
bcac0000
be670000
be060000
3e380000
3ddc0000
3e990000
bf060000
3e9e0000
3f8b0000
3f150000
3e300000
bf7b0000
be1e0000
3f080000
3f8f0000
3e660000
3f050000
be900000
bf230000
bf180000
bf590000
be0d0000
beb90000
bf030000
be0e0000
3ea90000
bed30000
bf380000
3f9e0000
3f950000
bdf50000
3dab0000
3f4b0000
3d920000
3f1c0000
3f3b0000
3f500000
be3d0000
bd240000
3d890000
3eef0000
3f300000
3ef20000
be9e0000
bea00000
3e6b0000
bf170000
3f850000
bd330000
bd320000
3f690000
bdc20000
bee80000
3daa0000
bf620000
be820000
bf1a0000
bf170000
3ec20000
3e420000
beaf0000
bbdc0000
3efe0000
bf5b0000
bf780000
bea40000
3f900000
be960000
3dff0000
3e910000
3e500000
be8a0000
beaf0000
3f280000
bec50000
3e1e0000
3e5b0000
3f3b0000
3f100000
bebb0000
3f560000
bf0f0000
3f010000
bed50000
3f060000
3db50000
3f340000
3e710000
3e3a0000
3ecd0000
bedf0000
3dd40000
3f410000
3f020000
3eb30000
be1b0000
3f2b0000
bea40000
3ef10000
3e9e0000
3dc50000
3ee60000
3f320000
3dc00000
3d300000
bef10000
be820000
3db00000
3e1a0000
be5d0000
3f270000
bf8f0000
3d750000
bf280000
be830000
3c6a0000
bfa80000
3e340000
be990000
3e940000
3e720000
3e4d0000
3f5b0000
3de80000
beb10000
3c0e0000
be8f0000
bed60000
bed10000
bd810000
bf430000
bf590000
bf770000
3f290000
3d650000
3f5c0000
bdcb0000
bdf10000
3f200000
be130000
beb60000
3ce80000
3ddf0000
3f880000
be3f0000
3f0b0000
bed30000
3ccc0000
be550000
3f3d0000
3e860000
bed20000
bf1f0000
bf150000
bf140000
3ebd0000
be590000
3e120000
3f390000
beb30000
3eb80000
3efc0000
3f7a0000
3e380000
bf740000
bcad0000
3eb50000
3eb30000
bd1d0000
bd590000
bdca0000
3e6c0000
3f640000
3f550000
3e9e0000
3d850000
3f810000
beaa0000
3e610000
be020000
be1f0000
be870000
bf0f0000
bec30000
bf150000
bdba0000
3f1c0000
bf7b0000
3e230000
bf3e0000
bf8d0000
beca0000
3f980000
3ec80000
3d560000
bf320000
beab0000
3f5f0000
bda20000
bf3e0000
be480000
3cbc0000
be060000
3dc80000
bdf90000
3f3a0000
3f510000
3e270000
3e650000
3da80000
3f4f0000
3f7c0000
3ef50000
bea80000
3f1b0000
3ed40000
bdae0000
bf290000
be650000
be990000
3ee20000
bdce0000
3f040000
bf8e0000
3f0d0000
be2d0000
3d3c0000
bf060000
bf0a0000
3f040000
bf300000
3eb10000
bd220000
3f430000
3d0a0000
3e680000
3eb40000
3f110000
3e1f0000
befe0000
3ece0000
3bb80000
beb20000
3eca0000
3e720000
beb20000
3f2c0000
3eda0000
bdbe0000
3ee30000
be050000
3dee0000
bca60000
3e9c0000
be8d0000
3f090000
bed40000
bf4e0000
bf2b0000
bf660000
3e3a0000
3ef60000
3eec0000
bf020000
3f660000
bf500000
3f340000
bf5c0000
3f6b0000
bfa30000
3ef80000
bdf90000
bf0e0000
3ef80000
bdb20000
bf0c0000
bf820000
3e2e0000
bf090000
3f120000
bd9e0000
be950000
3f010000
bd920000
bf1a0000
bdf10000
3d360000
bfa70000
3e4f0000
bdea0000
3ec60000
be050000
3e560000
bea10000
bd5d0000
ba960000
bdc30000
bc210000
bebd0000
bf2f0000
3dc70000
bf510000
3f5c0000
3e950000
3cc60000
be9d0000
3f210000
bea40000
3f6a0000
be990000
3e840000
bf220000
3f9f0000
3f8c0000
bd530000
bee30000
beeb0000
be840000
3f380000
bf860000
bdcf0000
bec70000
bf9c0000
3dc60000
3ed10000
be8a0000
3f080000
bed60000
3ddc0000
3ea50000
3daa0000
bda90000
bee00000
bd8f0000
3ca90000
bd940000
3f1a0000
3f180000
be930000
be270000
3f070000
bf840000
bf3f0000
bdbc0000
beb70000
3f0f0000
bf420000
bf020000
be310000
3eca0000
bf340000
be570000
bed70000
be270000
bf010000
bc8d0000
3f340000
3f3c0000
be7d0000
be570000
bf9a0000
be420000
bef00000
bf090000
3cb90000
3f480000
3eb60000
beda0000
bd3b0000
bca10000
3d400000
bebf0000
3d310000
3ef20000
3e900000
bb680000
bec70000
be880000
3e780000
3f000000
3e3a0000
bd500000
3ea90000
3c1d0000
bddc0000
bf3e0000
3ea10000
be730000
bed10000
3c890000
3e230000
be880000
3f7b0000
beb90000
3f060000
3e7a0000
3f220000
3e340000
bf840000
bf610000
3e900000
3f250000
3e4d0000
be450000
bdb00000
3e960000
3f230000
bf160000
bef30000
bf6b0000
3f490000
bea90000
bd700000
3e6b0000
3dd10000
bd370000
be900000
bd650000
bf4e0000
bf0c0000
3e640000
bd640000
3e890000
3ead0000
bfa80000
3edf0000
3fb30000
3e1e0000
3f200000
be630000
3e760000
3f160000
bf090000
bc660000
be4f0000
be080000
3eef0000
bed00000
bebe0000
3f5a0000
3fc50000
3e9a0000
3e4b0000
be840000
3ec10000
bf690000
3dfd0000
bed50000
3da20000
3fb60000
bed60000
bd600000
3d560000
3ed20000
bf170000
be690000
3f550000
bfae0000
3d180000
3e4e0000
3ed10000
3c9c0000
3f610000
beb00000
3dbb0000
bf0b0000
3e2c0000
3fa60000
be300000
3ec70000
3ef10000
bdee0000
bed80000
3e8c0000
bd860000
3eb90000
bea20000
beca0000
bdc20000
bedf0000
3d140000
3dbb0000
bdd00000
bf480000
3eb40000
bf360000
3f6b0000
3f8f0000
3f240000
be620000
3e980000
bf6b0000
bd9b0000
3f290000
3f250000
bfb30000
bee00000
3e1f0000
be990000
3f360000
bd8d0000
bf270000
bf4b0000
bdba0000
bc0b0000
be850000
bef10000
beef0000
3dbc0000
bdc70000
3f240000
be8a0000
3ea10000
bdcd0000
be500000
bdb60000
bea00000
3eb50000
3d230000
bde30000
bf1a0000
bda50000
bea40000
3e3d0000
bf150000
bc7f0000
bf130000
3f050000
bdbb0000
bf2d0000
bd860000
3e2c0000
bd290000
bdde0000
bd6f0000
bf0e0000
bd3a0000
3e320000
3fa40000
3e800000
bf9a0000
bf680000
3f370000
bf350000
3edf0000
3ef30000
3f290000
bf1c0000
bd8f0000
3ca80000
baf60000
be5f0000
be0b0000
beb60000
3e140000
3d990000
bed40000
bf810000
3f260000
bf2a0000
3f0f0000
3efe0000
3f5b0000
bd750000
bea30000
bb860000
be4d0000
3f130000
39b60000
3f420000
3ea10000
3f1c0000
bf4c0000
3f080000
3ebd0000
be8f0000
3f0f0000
bd670000
3d860000
be870000
3cf90000
3e680000
bf720000
3d740000
bf9b0000
3eb30000
3eec0000
bf0c0000
3e1a0000
bfa40000
bea70000
3e910000
3e8f0000
beaf0000
3ebe0000
3f430000
bea10000
3f320000
3d320000
bccb0000
bef80000
be810000
be710000
bf010000
be9e0000
3f740000
3e860000
bf300000
bcab0000
bf860000
becb0000
bf1b0000
be240000
bef90000
3e190000
bf210000
bf410000
3e950000
3f4b0000
bdce0000
be8a0000
3f720000
3e110000
3f9a0000
be350000
bfa40000
bde40000
3efa0000
3e3b0000
3d920000
3f8d0000
3e550000
3ea70000
bf2b0000
3d4d0000
3f1f0000
3f5d0000
becd0000
3e8c0000
beeb0000
3f5a0000
3df80000
3d400000
3ec70000
3dd30000
be8b0000
3f130000
bdc80000
bf120000
bccc0000
be220000
3ecc0000
3e7d0000
3e250000
be5f0000
ba0d0000
bef60000
be970000
3f310000
bf020000
bf060000
3d2f0000
3e830000
3f190000
3e990000
3ede0000
3f370000
bfb40000
bdc60000
be8f0000
bec30000
bf490000
3efd0000
3e940000
bdf40000
3f260000
3e9e0000
3f1c0000
be430000
3f550000
3b510000
3ff20000
be7d0000
bf6e0000
3d4f0000
beb00000
3e120000
3dca0000
3e5e0000
3f140000
be860000
3e680000
3ea80000
bdcf0000
bf130000
bf170000
3f2f0000
3dc60000
3e0b0000
3f940000
bed00000
3e720000
3f6a0000
be670000
3f310000
bf7e0000
bf260000
bf110000
bd4f0000
bed70000
bdbb0000
bf160000
3e8e0000
bf610000
bf870000
3e1a0000
3f860000
bf3c0000
3e530000
bf800000
3f910000
3e340000
bd870000
3efa0000
3e0b0000
be2b0000
3d2b0000
3d330000
beca0000
be280000
be520000
3f310000
3dcf0000
3c6d0000
3f360000
bd5f0000
bc8c0000
be6d0000
3eb80000
3ded0000
3e0d0000
bf050000
3f550000
3d570000
3eb40000
bdda0000
be3e0000
3eb90000
3f350000
bdf00000
3e280000
3df60000
beb60000
3eae0000
3ed20000
bf480000
bd600000
3f180000
be240000
3e560000
be370000
3f270000
3e8b0000
3f490000
3e8c0000
3f070000
be990000
bfae0000
bf050000
3d9b0000
bf280000
becb0000
be870000
3f080000
bf170000
3f230000
3f020000
be450000
3def0000
3e380000
be3a0000
be820000
3c5a0000
be710000
3ef90000
bea60000
be9b0000
3ece0000
3dc70000
bd890000
3e370000
beef0000
bd5b0000
bf7b0000
3e980000
bcef0000
bea30000
3e150000
be290000
3f590000
3df70000
bd2f0000
bed50000
bf840000
bf200000
3e5f0000
bf2d0000
3f280000
3fa20000
3d770000
3fb70000
be300000
3ed30000
bf0b0000
3ecc0000
3e1a0000
3d560000
3e910000
3b960000
3e990000
bf300000
be6a0000
3f250000
bd480000
bf500000
3f9b0000
bf2c0000
be880000
bd220000
3e320000
3bf50000
bf0f0000
3e450000
3d5b0000
bdcf0000
bf360000
becf0000
bf140000
bf2f0000
be9f0000
3e260000
be890000
3f550000
bee80000
bea70000
3d820000
3efd0000
3e9b0000
3eb00000
3d1d0000
bf3a0000
beef0000
3f5b0000
bd860000
3f170000
bf3b0000
3e3c0000
3e420000
bf2b0000
be860000
bf450000
bde30000
bf1d0000
3ec70000
3f080000
bdfe0000
bd250000
3d720000
3f8a0000
3f040000
3c440000
bee00000
bf700000
bed60000
bf840000
bf5c0000
bef00000
bee30000
bcd60000
3e5f0000
3ed70000
3f300000
3f870000
3f0d0000
bece0000
3ece0000
3f850000
bf690000
3d6a0000
3efe0000
3e9d0000
3edf0000
bf900000
bf870000
3ed70000
3e540000
3e770000
3e2e0000
bf840000
3f590000
3f3e0000
bf340000
3efa0000
bf1e0000
bc780000
bf1e0000
3e110000
be550000
bf5b0000
3f080000
3eae0000
3ec40000
3f160000
3f540000
bcd90000
3ca50000
beff0000
3e980000
3f5a0000
3d250000
be840000
bf580000
be930000
bf4c0000
be1f0000
bea90000
be330000
be050000
be3e0000
3e460000
3efc0000
3f8c0000
3f080000
bdd70000
bf130000
3f0b0000
3d010000
3ef00000
3fcf0000
3d410000
bf6c0000
3f560000
bea00000
be410000
3ecb0000
bee70000
3d850000
3e0e0000
bf0c0000
bf100000
3da20000
be430000
3af20000
bf130000
be0a0000
bed80000
bdf30000
3d2c0000
3ecf0000
bf970000
3f0e0000
bf040000
bee70000
bdfc0000
3f690000
3f250000
3e430000
3ea90000
befc0000
bf0a0000
3f4b0000
be150000
bf670000
3e330000
bdc70000
bf070000
3f490000
bef20000
bf3b0000
3e6c0000
3dd20000
3ef80000
3f300000
3e9d0000
3f310000
beff0000
be390000
3f600000
3ee70000
3dce0000
bf0d0000
3ea50000
bee20000
bfd90000
3f190000
3f260000
3e5e0000
bf220000
3f7a0000
bf140000
be560000
3ed80000
3f890000
3e330000
be620000
3f730000
3ebc0000
be3e0000
be940000
3eda0000
bed80000
3f230000
3e660000
3f220000
bdd80000
3f750000
bf1f0000
3e9a0000
be260000
3f560000
3f0e0000
3e540000
bf3d0000
bf750000
be9d0000
3eb20000
3f0e0000
3e5e0000
bec80000
bdf90000
3e800000
bd9f0000
3e7f0000
3e580000
bd260000
3f440000
be060000
3dc30000
bee10000
bed20000
3f1b0000
beec0000
bf160000
be9c0000
3f6d0000
bf060000
bedb0000
bdd50000
be9a0000
3f170000
3e190000
bf260000
3ec30000
be6f0000
bf640000
bed40000
3e3f0000
bf310000
3e110000
3f850000
bdef0000
bece0000
3f540000
be980000
bf0b0000
3e580000
bf940000
beef0000
beb40000
bf6b0000
3c840000
3d890000
3ec70000
3e2f0000
3f0d0000
befa0000
3fa50000
3ebf0000
beca0000
beee0000
3ed10000
bed20000
3eda0000
bdbb0000
be040000
3d6f0000
be3c0000
bf240000
3e530000
bc5e0000
be550000
3f000000
be570000
bf2b0000
be940000
3ecd0000
3d460000
bf4c0000
3f9d0000
bf030000
3e020000
be1e0000
bd990000
3e370000
bec30000
3e4e0000
3db70000
bec40000
3e390000
bf3b0000
3e0d0000
3e900000
3d800000
3f2f0000
3d950000
bf050000
3ebe0000
be6f0000
3e930000
3f0f0000
bd150000
bf850000
be930000
be8e0000
bf2c0000
bf010000
3e0a0000
3ea00000
3f640000
be0d0000
bf160000
bdb40000
be990000
bda00000
be280000
3dd10000
3dd60000
3f6f0000
3ebf0000
bf790000
3f050000
3f730000
3eec0000
bf880000
3e280000
beb40000
3f590000
3f1e0000
bdbe0000
3e0a0000
be400000
3d420000
bebe0000
bdb50000
3e680000
bee60000
3f530000
3e750000
3eed0000
bec50000
bd610000
3f340000
bd780000
beb80000
bc9d0000
3ea80000
bdde0000
bf3e0000
3f170000
beeb0000
be750000
3e5a0000
bf100000
3ed80000
bea50000
3f330000
3ec60000
3eea0000
bed60000
3e8b0000
bf050000
3ddf0000
3f6f0000
bf790000
3dd40000
3e860000
bd960000
bec50000
bfa50000
3d980000
3e8d0000
3ef70000
bf6f0000
bdf90000
3d0e0000
be0d0000
3f1f0000
bed00000
bf380000
bfb70000
3e810000
3e7b0000
3e860000
3df50000
be900000
3e1f0000
3d390000
3f330000
bf490000
3f000000
bf350000
bea80000
bde30000
3f020000
be460000
bf290000
3f020000
3e810000
be450000
be350000
bea70000
3ef90000
be8a0000
bd8f0000
be560000
3e260000
3d460000
3f680000
be9a0000
3f2c0000
bf5c0000
bdd70000
3e500000
3f110000
bea30000
bf460000
bf010000
bd150000
3e700000
be0b0000
3ed80000
3d820000
bf2e0000
be8c0000
3e3d0000
3f1c0000
3f280000
3f4d0000
bd7f0000
3d260000
bee70000
3ed70000
bd3f0000
bf2d0000
bf610000
3ee10000
be9b0000
bf440000
bef50000
3ee30000
3f300000
3f1c0000
be400000
3e800000
bea90000
3ed80000
be480000
3f340000
be0f0000
3cc40000
bee10000
bf040000
3e6c0000
3d490000
3c930000
bf1e0000
3f720000
3f580000
3f950000
be8c0000
3de30000
3d820000
be450000
be470000
3e0d0000
3f0c0000
3e930000
3f490000
3f0d0000
3ef50000
3eee0000
3fab0000
3f040000
bee80000
3f020000
3e590000
beb80000
be820000
3f1b0000
bf440000
3e960000
3f640000
3f9f0000
3f700000
3f240000
bef90000
3f160000
3fa00000
be050000
bf160000
3db60000
be3d0000
3e280000
3ee90000
befe0000
be580000
3f0e0000
3f590000
bee20000
be680000
bde00000
3f320000
bf5f0000
3f040000
3f220000
3cb10000
bd8c0000
be710000
3ee30000
bdac0000
bebe0000
be970000
beb10000
bf280000
bf890000
beab0000
befa0000
3e8b0000
3e910000
3f530000
bee00000
3e4f0000
be920000
3f720000
3f600000
3e830000
bec50000
beb30000
bcdf0000
bef90000
be3a0000
bf160000
3dbf0000
bca90000
bf010000
3d720000
bf500000
3eae0000
3dc00000
be030000
bf040000
bed70000
3f090000
3f390000
3e3b0000
be5a0000
3e820000
3e630000
3d2c0000
bed70000
3e120000
3f220000
be300000
3f0f0000
3de50000
3ef60000
be1b0000
3ed20000
3f1c0000
3f270000
3f1f0000
be630000
3f610000
3e300000
bf150000
be950000
bfa40000
3ead0000
bac30000
3f140000
3e9d0000
be190000
3f1d0000
3d160000
3e940000
bed80000
3f910000
3ee20000
3ea70000
3e280000
3f1f0000
3cc80000
3de70000
3f3a0000
beda0000
bf170000
bf0d0000
bea10000
bb540000
bec20000
3eec0000
3f6e0000
3ef70000
3cc70000
bf3e0000
3dcc0000
bf680000
3e8a0000
be790000
bf0b0000
bf3d0000
bcf90000
bf5c0000
bf480000
3d6b0000
3f5d0000
3f330000
3e130000
3f080000
3f800000
bf5b0000
bf810000
3f1e0000
bf810000
bd520000
3e870000
bef70000
3e880000
3e500000
3ea80000
bfa60000
bda30000
3f100000
3ea70000
3e1a0000
bf5f0000
bf480000
bf450000
be390000
bf3b0000
be160000
bbb80000
bf660000
be670000
3f310000
be220000
3f190000
be9e0000
bf920000
be930000
bf220000
be420000
be790000
3ed00000
3f890000
bd8d0000
3d930000
be890000
be940000
3d340000
3e210000
beb50000
3e470000
bfa30000
3ea60000
3edb0000
3f280000
beb00000
3eca0000
bf830000
bbf90000
be870000
3ef20000
3ed80000
be110000
3ef80000
3eeb0000
3f4e0000
be560000
3e3d0000
3e6a0000
3f280000
3dc80000
3e8a0000
3f040000
be830000
bf1c0000
3f860000
bd8f0000
3e8c0000
be860000
3d730000
3f0d0000
beb10000
be530000
be090000
3e8e0000
be880000
3e490000
bf2f0000
be780000
bea10000
3e9b0000
bda80000
bf200000
3e300000
3fd70000
bf020000
3e980000
3e3b0000
3f1e0000
bdb50000
3ec00000
3b570000
be3c0000
bccf0000
bed70000
3d4b0000
be120000
3d1b0000
3ea10000
3c230000
bdfa0000
bf2f0000
bd5a0000
3e8f0000
be810000
3ea40000
be3e0000
3f810000
3f4b0000
3f030000
bf6c0000
beba0000
3e640000
3efe0000
bee70000
3d5b0000
be8c0000
3f760000
3e5f0000
bec90000
3caf0000
3dd20000
bd3f0000
3ec70000
bf030000
bec10000
be290000
bdff0000
bf530000
bf0d0000
be4e0000
bec90000
3c320000
bdb40000
bef00000
bfa20000
3f230000
3e720000
3f920000
3ede0000
be610000
3de20000
3f560000
3ea90000
be820000
3fb10000
bedd0000
3e800000
3b370000
3bb90000
bfab0000
3f520000
3f1a0000
3f9c0000
be820000
bf3b0000
bee30000
be830000
be050000
3eee0000
3e3a0000
3f4a0000
3e8f0000
3e5d0000
3d210000
bf150000
3d630000
3dce0000
3ee60000
bf4c0000
bb1a0000
3e9f0000
3f5a0000
bcd40000
bef60000
3f1b0000
bf840000
be2f0000
3f060000
3ee10000
bf0c0000
3e050000
3c0b0000
3e610000
beb60000
be190000
3d470000
3e620000
bec10000
be380000
3f470000
bee80000
3f010000
bf080000
3da60000
bf5d0000
3e9b0000
3dd40000
bbb70000
3f6a0000
bf850000
be2f0000
3f0b0000
3f420000
3f2d0000
3f640000
be1d0000
3e2c0000
3ec10000
3e6a0000
3e100000
3ea10000
bf490000
be5c0000
be3a0000
3e790000
bf1d0000
3ebe0000
3e1d0000
3dd30000
3e990000
bf3c0000
3e140000
3ef90000
be200000
be8e0000
bd090000
3ee20000
3e650000
3c1f0000
be960000
3f050000
3ea00000
3f6e0000
bf500000
3d2a0000
bf2a0000
3e1f0000
bcaf0000
3eeb0000
3e530000
3f0f0000
3e190000
beb90000
3d8d0000
3e790000
be0b0000
bed20000
3f100000
3eb50000
bd280000
3f4a0000
be980000
be8a0000
be620000
be370000
beca0000
3f1d0000
3f110000
3f580000
3ea90000
bf4c0000
bd990000
3e0e0000
bf830000
be5b0000
bef90000
3f480000
3edb0000
bed20000
bf030000
3e060000
3ecf0000
bce50000
3f6f0000
3b8a0000
bedb0000
be5e0000
3e1a0000
3d0f0000
3ed80000
be890000
3ee90000
bf010000
bdb50000
bf070000
be1b0000
beb50000
3f860000
bf2b0000
bbda0000
3e7a0000
3f0f0000
be3a0000
3e550000
3e540000
bd8c0000
3e140000
bf170000
3ed90000
3d930000
3e0b0000
3f3d0000
3f920000
bf120000
be500000
3f530000
3ec30000
3ec10000
bf770000
3e4e0000
be570000
bed20000
be410000
bda90000
be440000
3edd0000
3ebb0000
3f370000
bf8a0000
3eb70000
bf050000
3eb90000
3f6d0000
bdab0000
3eb20000
bed40000
bf380000
bf830000
bdab0000
3d260000
3d790000
be000000
bf850000
3eff0000
bf920000
bf710000
bece0000
3fc90000
3ec60000
3db80000
be160000
3ed20000
3e9e0000
bf2b0000
bb0f0000
3ea00000
3f800000
3e3f0000
3f240000
bdda0000
bf2c0000
bfa20000
bf260000
3f3d0000
3f8e0000
bf160000
3f660000
3ef40000
be830000
3d0d0000
3e1a0000
bf010000
bc0b0000
bada0000
3f900000
3e8b0000
3d650000
bf0c0000
bee50000
3eac0000
3e910000
be960000
be050000
bebe0000
3d9b0000
befe0000
bf1c0000
3e980000
bf310000
3e4e0000
3e170000
bdc60000
3cac0000
3dd90000
be5d0000
3e760000
be2d0000
bf0a0000
3f310000
3f650000
bf7e0000
3ea40000
3e5b0000
bd480000
3f350000
bfae0000
beaa0000
3e0b0000
bedf0000
be640000
3f280000
3e550000
bf1f0000
3e8a0000
be800000
3dc20000
be250000
be010000
bf890000
3e9b0000
bfa20000
beee0000
3dc20000
bf900000
be710000
bf5e0000
bbbf0000
bf0e0000
3e950000
bf030000
3ddb0000
3e1d0000
bcae0000
bf760000
bd9d0000
beef0000
3ee70000
3ea10000
3e990000
3d950000
bf170000
3e1d0000
be4c0000
3f790000
be3c0000
3f930000
bee60000
3edf0000
3f6b0000
3f350000
bd320000
beeb0000
3e540000
bf750000
3eeb0000
becf0000
bed50000
bdab0000
3efe0000
3d380000
3d6d0000
bba20000
3f210000
3e890000
3ec40000
beaf0000
3eec0000
3e5c0000
bf820000
3e390000
3c780000
3f8a0000
bf550000
3f160000
bf340000
be740000
3d830000
3e740000
3f070000
be0c0000
3f010000
3f290000
3fb30000
bf0a0000
3de40000
bd3a0000
bea10000
bf2e0000
be5f0000
3f0d0000
bf550000
3c990000
be1e0000
3dfc0000
bdea0000
be720000
bf200000
bf060000
beb50000
3d6c0000
bf040000
3f5f0000
3f2d0000
bf550000
3eae0000
beaa0000
3e500000
3ede0000
3f590000
bf0c0000
3f0d0000
bd3e0000
be930000
3df20000
be680000
bebc0000
bdd90000
bd6c0000
bf000000
beda0000
3f690000
3e850000
3ed10000
3f8b0000
be9e0000
3d050000
3d6e0000
3dcd0000
bef90000
be950000
bf8f0000
3ec30000
bd900000
be410000
3e6e0000
bec30000
beb70000
3e020000
bd510000
bed70000
3cb30000
3fa00000
3eb70000
3fca0000
3f6d0000
bed20000
3ed40000
beb90000
bfa60000
be5b0000
3f0b0000
3f390000
bdc40000
beb80000
bb980000
beea0000
3e8d0000
beb50000
3f340000
3cc20000
3e4d0000
3ec60000
be700000
bc990000
3f280000
bce30000
be190000
be280000
3ec60000
bf840000
3f800000
bf360000
3ecf0000
bf240000
bee10000
be080000
3e460000
bf0c0000
3df80000
3ef20000
beb50000
bfad0000
bf190000
bf0b0000
beb20000
3e4d0000
3f2d0000
3f870000
bf620000
3f5f0000
bde00000
3dfa0000
be130000
bdc70000
3f560000
3f380000
be970000
3f880000
bebb0000
3eb30000
be250000
bc450000
3f1e0000
bf250000
3e930000
3dba0000
3ded0000
3e680000
bee30000
bbe60000
3e930000
3ed30000
3e8a0000
3f370000
3f420000
bebb0000
3eb60000
3f1a0000
bef00000
bf9c0000
3f150000
3f070000
3f030000
3e930000
3f560000
3d080000
bf130000
3d1d0000
3dd90000
3f0f0000
bf4f0000
3cf60000
bf430000
bf140000
bebe0000
3ea00000
bec00000
bf030000
bf090000
3f710000
3d960000
be260000
3e980000
bf2f0000
beba0000
bedf0000
3e930000
bc900000
be860000
bf0f0000
bea60000
bebd0000
bed60000
3f430000
3d210000
3f0c0000
3ede0000
3c440000
beb30000
3f080000
bfac0000
3d7a0000
be1e0000
3f180000
3f3f0000
3ccd0000
beb00000
3ea40000
3f2d0000
bf270000
be6c0000
be180000
3f850000
3f350000
befc0000
be000000
3ef90000
be8f0000
3f040000
3f930000
bf660000
bee10000
bf020000
bf810000
3e830000
3eca0000
be260000
3f420000
bc960000
3e8f0000
be7a0000
bf040000
3e0a0000
3ecf0000
3c490000
bc4a0000
3df90000
bf500000
3ed60000
bf0f0000
bf130000
3e260000
bf380000
bde00000
beca0000
3f4d0000
3f250000
bf1a0000
bec20000
3ed90000
be710000
bec30000
3ee60000
be500000
bfbe0000
3d0d0000
3f8d0000
3f430000
be700000
bea30000
3dcf0000
3e7b0000
3eac0000
3dc20000
3ef80000
3f410000
bea80000
3f750000
3e160000
be920000
3eec0000
3ed30000
3e880000
bddb0000
3eb80000
bf2c0000
be330000
3e9b0000
beaf0000
bf560000
bf820000
bdb40000
bf5c0000
bdc40000
3e1f0000
3e8b0000
bf530000
bee90000
bb050000
3e840000
bf580000
3f190000
3d930000
3d990000
3f070000
be350000
3e540000
bed70000
3f110000
3f580000
3f030000
be1c0000
bbfd0000
3e9a0000
3e240000
3eca0000
3f530000
3f340000
3eaa0000
bd9b0000
3f1a0000
3e750000
bff10000
3ec40000
3e960000
be810000
bebc0000
bf870000
3e430000
3d3f0000
3f2d0000
bef40000
3e7c0000
3eb60000
bed30000
3eb50000
beca0000
3db80000
3e810000
3f0d0000
be550000
3f7c0000
bd3a0000
3e210000
bd240000
bd4a0000
3cee0000
3e4d0000
3d800000
bd430000
3ebe0000
be0d0000
be740000
3f110000
3edf0000
bed30000
3f5a0000
bb1c0000
bfab0000
3e080000
becf0000
be090000
3d800000
3a540000
bd160000
be100000
bc680000
3e380000
be810000
3f1f0000
bdad0000
3d010000
bedc0000
3e430000
bf0c0000
3f300000
be330000
bea70000
3e350000
beb50000
bcb20000
bce40000
bf930000
bf7a0000
beab0000
3e8f0000
bf350000
beb60000
3eba0000
be860000
bd810000
3eac0000
3ec70000
be9b0000
bdac0000
bed90000
3f810000
bcc20000
3e660000
bd9c0000
3e470000
3eaa0000
3e960000
be9f0000
bf7f0000
3e6f0000
beb40000
bd520000
bee70000
3f2a0000
be390000
3efb0000
3f5f0000
3e990000
3f990000
be6e0000
3e880000
bd970000
bf1f0000
befc0000
3f420000
3e670000
3ebf0000
be970000
bf410000
be470000
3f330000
bf4d0000
3e070000
bdd40000
be590000
bec90000
bed60000
3ee50000
bf2f0000
be020000
3ee70000
3f200000
3e830000
bf090000
3f8e0000
3f890000
3e450000
be5b0000
bf390000
3f5d0000
be5d0000
3eb60000
3eb20000
bdea0000
be160000
3d460000
3d840000
3e430000
3f900000
bec70000
be8c0000
3e840000
3e830000
3f1b0000
bd550000
be780000
3f620000
3d3e0000
be860000
3d4e0000
3e210000
bf920000
be530000
3f0e0000
3f170000
3e0a0000
be490000
3f6c0000
bdd30000
3e890000
3d530000
39e00000
3c2f0000
3f3b0000
be4a0000
3e250000
bf120000
be0a0000
3f2a0000
3efe0000
3f050000
3f840000
bd770000
3f0f0000
3dbd0000
3e3b0000
3e750000
bec20000
bf1f0000
bf3f0000
3fa70000
3fa90000
bf3e0000
bf3b0000
be990000
3f2d0000
bf0a0000
3e030000
bfa50000
bee90000
bed70000
3f9f0000
3f120000
bf180000
be0f0000
3f7b0000
beaa0000
bded0000
3f120000
3f3c0000
bf480000
3f2f0000
3f910000
3e810000
bf120000
3f6d0000
bdc90000
bf900000
be970000
bf7d0000
3d730000
3c9e0000
3ca70000
3e8b0000
beda0000
bf0e0000
bf130000
bf6e0000
3d630000
3f3c0000
3e500000
3f4e0000
bf000000
3d5f0000
3ecd0000
3e2a0000
3e9b0000
bebf0000
bc490000
3d6c0000
bedc0000
3e620000
3ed20000
3d130000
bea40000
bf260000
3f170000
bf1c0000
bee60000
bec20000
3b4f0000
3eff0000
bf7c0000
bf980000
be8e0000
bea20000
3dcb0000
3f6c0000
3e170000
bea70000
3f060000
becb0000
be230000
be070000
3eba0000
beb40000
bef80000
be010000
be4b0000
be420000
3e320000
bea80000
3eb20000
3f530000
3ec00000
bf640000
3df60000
bf0b0000
bc8b0000
bdf70000
bf2a0000
3f750000
3dad0000
3f5a0000
bf010000
bee70000
bcd30000
3ebd0000
3eb10000
3e930000
3f820000
3ef90000
bf220000
3c850000
3f370000
3f180000
bedf0000
be5f0000
3dac0000
3f300000
3f120000
3ec20000
3f350000
3f0d0000
bf150000
3c860000
bf300000
be960000
bf7a0000
bf600000
3df30000
3e810000
bf510000
3e6c0000
3e150000
3daf0000
3f5d0000
bf9a0000
bf2c0000
3f4b0000
bec60000
3d520000
3ecf0000
3e5d0000
3eb00000
3f760000
3cf90000
be9a0000
3e0b0000
3f090000
bf4f0000
be4c0000
3f230000
bf470000
be000000
be420000
3f060000
3fa10000
3f830000
3e860000
bea50000
bd9c0000
bf370000
bc550000
beab0000
3da20000
be7f0000
3eff0000
3b5c0000
3f100000
3f370000
3ea90000
3e590000
3f1a0000
bf3d0000
3eda0000
bf0c0000
bdfd0000
bd240000
3eef0000
be1f0000
bf040000
3f4c0000
bda50000
bf680000
3f4c0000
3ef60000
3e870000
3f190000
be0f0000
bf0a0000
3f5b0000
bf080000
bf210000
3d8a0000
3eef0000
bd890000
bfb10000
3e820000
bc950000
be330000
3e000000
bf5a0000
bed50000
3d980000
3edc0000
beee0000
3f0f0000
3ede0000
3ee80000
3f880000
bd170000
bf120000
be250000
3f310000
3e1d0000
3e5a0000
3e580000
3e9e0000
3e280000
3ea50000
3f7b0000
3f8a0000
bda40000
bea10000
3e500000
3e1d0000
3c830000
3e860000
bf6b0000
bf140000
3ebf0000
bed50000
bd420000
be7b0000
bf570000
be940000
3ed80000
bd5a0000
bf270000
be2b0000
3f5e0000
3d2a0000
bdb20000
3de60000
3efe0000
3ed50000
bde20000
bf2c0000
3ecc0000
bf8f0000
3f690000
bdef0000
beda0000
3dc30000
3f200000
3efd0000
be7a0000
3fc60000
3d130000
be130000
3ee00000
be8c0000
3ece0000
3f760000
bf940000
3e310000
3f2d0000
3ed20000
bf570000
bf890000
bedd0000
bebd0000
3e440000
bf910000
bf3c0000
be930000
3f230000
3f8d0000
bf2c0000
bd0d0000
3dd50000
3e930000
3f000000
be550000
beb90000
3dda0000
bf350000
3e360000
3f3c0000
bf010000
3f040000
bf4c0000
3f280000
bf2e0000
3e7e0000
3f660000
bd500000
bde00000
3f350000
3e9c0000
3f780000
3f780000
3e910000
3e8a0000
3f080000
bf070000
3f220000
be180000
3d3d0000
bf6e0000
bf0c0000
3e5f0000
be2e0000
3d890000
3f610000
befe0000
bea70000
bf0a0000
bdce0000
bf8e0000
3d810000
3f220000
bead0000
bf5b0000
bea50000
3f7a0000
bee00000
bf4a0000
3f650000
3f170000
3e370000
be180000
3d990000
bec10000
3e450000
bf5b0000
bb580000
bede0000
beab0000
3e2f0000
3f030000
3de10000
be740000
3f480000
3ee30000
be240000
bebe0000
3f0d0000
be5f0000
be940000
3d6f0000
3db90000
bdad0000
3f220000
3eaa0000
3f510000
3cfe0000
bf280000
bcd60000
3ead0000
bf420000
3e580000
3edc0000
3f3b0000
bed20000
3dba0000
beb40000
bdb90000
bf560000
bbb10000
3f6f0000
bf790000
bf0b0000
becc0000
3f690000
bf060000
3f5b0000
3d9b0000
be830000
bec00000
3e5b0000
bf030000
3f7a0000
3e6f0000
bed50000
3df40000
bd5e0000
3ea60000
3ee10000
bd350000
3ec40000
bee70000
bef80000
3f330000
be8d0000
3eaf0000
3eb40000
3f410000
bf490000
3eb20000
be240000
3f320000
3e9a0000
bd650000
3ee60000
bdad0000
3e0f0000
bf510000
3e1c0000
be110000
bf490000
becb0000
bdc80000
bd5e0000
3e4b0000
3cf10000
bd360000
3d640000
bf430000
3e760000
be770000
bf620000
bdcc0000
bf3f0000
3ecf0000
bf010000
3f0c0000
bf920000
3f6b0000
bebb0000
3f5d0000
bec40000
3f800000
bf4a0000
3e460000
3f980000
3ce10000
be800000
3e720000
3ec60000
3e7b0000
3ebd0000
3f7d0000
bf190000
bd250000
3e9d0000
bec60000
3e4a0000
be830000
3dc70000
bf060000
bfef0000
3ebc0000
bf960000
be4a0000
3f300000
be5e0000
bf0b0000
3f9c0000
bf9d0000
3f940000
3e6f0000
bf020000
3ef50000
3cf70000
3e830000
3f000000
be930000
bf120000
3ef60000
3ebb0000
be590000
bdab0000
3f5f0000
3e570000
bd950000
bd8a0000
3ec10000
3f010000
beb80000
3e460000
bd3f0000
bee60000
3f0c0000
be900000
bf0e0000
3f0d0000
3ecf0000
be320000
3eb50000
bf0c0000
bd880000
3eef0000
bf5b0000
3f260000
3de00000
3e040000
3f740000
3ed50000
3ed20000
3f220000
3f770000
3f210000
3edd0000
3e150000
bbe30000
3da10000
bf6d0000
3f390000
be4c0000
bcdd0000
be520000
bdb30000
3eab0000
bee70000
bf260000
3da60000
bf1b0000
bf120000
bee00000
bf8b0000
3e640000
3e300000
bdb20000
bcbe0000
3c4c0000
be720000
3f000000
3f170000
bed80000
3c6a0000
bf160000
bf4d0000
bf540000
3f050000
bf330000
3f020000
bf070000
bf280000
bf0c0000
3d200000
3f9f0000
beb30000
beb70000
bf570000
3efd0000
3e9a0000
be820000
3e1b0000
bedb0000
3f800000
bed30000
3e400000
3ed20000
be8a0000
bec70000
3f710000
3ef70000
3fd40000
3e520000
bd0f0000
3ed20000
3ebe0000
3dd80000
bd7a0000
bf850000
be8b0000
bf1e0000
bf290000
3ddc0000
bf610000
3f4f0000
3ee50000
bf800000
3e760000
bd3a0000
bb210000
be970000
be4c0000
beac0000
3d840000
bea10000
bea40000
be790000
bd1b0000
bebf0000
3eba0000
3dc60000
bed60000
bf220000
3eae0000
3f110000
3f490000
3e170000
bf400000
3ebc0000
3e990000
bdd60000
bddd0000
bf780000
3f7c0000
bf5c0000
bec30000
be860000
3dd70000
bf690000
bea90000
be1b0000
3e8b0000
bc0e0000
bef90000
3f920000
3e9c0000
beb90000
bee90000
3eb40000
bf360000
bf250000
beae0000
bcf20000
bf560000
3ef80000
bf050000
3ea90000
be2b0000
3d180000
3ea00000
bf2f0000
bf810000
3e850000
3ef10000
3ed40000
3d1e0000
3e250000
3ef00000
bf590000
3f820000
3ef60000
beff0000
3f860000
be110000
3d050000
be100000
3f340000
bfb40000
bdcd0000
be350000
3eea0000
bf6b0000
bf7f0000
3ed60000
3e5a0000
be010000
3e360000
3ebf0000
bf300000
3f0d0000
be230000
3da80000
bd410000
3f560000
3ef60000
beed0000
bf3e0000
bf300000
be8b0000
bdbe0000
3eb20000
bf0e0000
3e1a0000
3e110000
befc0000
3dcd0000
beca0000
3efc0000
be5e0000
bf4e0000
beb00000
3eae0000
bf7f0000
3e780000
3d290000
bcb20000
3e660000
3f320000
3ee80000
3ec40000
3f150000
3f810000
3f040000
be7b0000
3e950000
3e070000
bf940000
bde60000
bf950000
3e9d0000
bd6c0000
bf3b0000
bce60000
beaa0000
3f920000
be4c0000
3e710000
3f540000
3f2e0000
3e440000
bf4d0000
bf880000
bea00000
befa0000
3e3a0000
bf8a0000
bf1e0000
3e120000
3f440000
be880000
bec60000
3dce0000
bf630000
bec90000
bea90000
3f480000
bde90000
bcdb0000
3f320000
3e9a0000
3f270000
3e990000
3ea80000
3f8b0000
bf5e0000
3d8b0000
3da80000
3e860000
bf090000
bf820000
3e4e0000
3f7f0000
bd450000
3f050000
bf8d0000
bf0d0000
3f040000
3eef0000
bf040000
be2e0000
bd520000
bf7d0000
bf090000
bef00000
3ce10000
bf800000
be3e0000
bec40000
bf0d0000
3df90000
3f4d0000
bf2e0000
bf4b0000
3eff0000
bf200000
bdf50000
bf2f0000
bc950000
bed40000
bf460000
3f100000
3f6a0000
bede0000
3e1c0000
3e550000
bef10000
3c9f0000
3ede0000
bed20000
3f010000
bf7b0000
3e870000
bd890000
bf1b0000
bc9a0000
3ead0000
3ddb0000
3f0d0000
bf6c0000
bf000000
be2f0000
3eae0000
beb10000
bead0000
3ee30000
be7e0000
3f220000
beda0000
3efa0000
3ee20000
bf260000
3e2a0000
3e8e0000
3f0b0000
be650000
3bff0000
3dea0000
3f890000
3c980000
3edd0000
3eb30000
3e7d0000
3e3b0000
bf020000
be050000
be740000
3f220000
3f720000
3eeb0000
bf120000
be9a0000
3ef80000
3f130000
3e8f0000
3e880000
3f310000
bf990000
bf5e0000
3e610000
bf3f0000
3d080000
be9d0000
be3a0000
bd280000
3dec0000
bf150000
3cb80000
be0d0000
3f6f0000
bc940000
3f260000
be3d0000
3e290000
3f1b0000
be650000
bead0000
3df00000
bf790000
bedc0000
bf200000
be6f0000
3e620000
3eef0000
3e590000
be6c0000
be180000
bf580000
3e560000
bf250000
bdf20000
3dc50000
beb60000
3efb0000
3e490000
bf8a0000
bd6e0000
3f0e0000
be300000
3eed0000
3e960000
3f090000
3e390000
3f210000
3f2c0000
bf0a0000
be500000
bc430000
3f3e0000
bf460000
3f430000
bf490000
bf500000
be890000
bf850000
3e1f0000
3e760000
bd8d0000
3e6d0000
bf480000
3f2d0000
bf290000
bf610000
3f2c0000
3e260000
bf1d0000
bee50000
bf620000
3d630000
3ee10000
bf4d0000
be5b0000
be4c0000
be2b0000
3e790000
bf200000
3c820000
3ccb0000
bec30000
be2d0000
3e010000
bee70000
3f330000
3c060000
3e500000
bf6c0000
3f550000
3f5f0000
3eb50000
3e960000
3ec10000
3eda0000
bf180000
3f000000
be020000
bf500000
3df90000
3e6e0000
3ef50000
bed00000
bf850000
bca30000
bf3f0000
3f7a0000
bf0c0000
3e410000
bf0b0000
bd6c0000
be700000
3f030000
3e870000
3f4a0000
be8c0000
3eda0000
bf8f0000
bf100000
bea10000
3ef70000
3f290000
bf4b0000
bf200000
bf390000
3e3c0000
bd690000
3e1c0000
3f460000
3f7f0000
3e250000
3eeb0000
be950000
beb90000
be7c0000
be370000
be770000
bf2c0000
bf040000
be900000
3f1b0000
bf040000
3ea20000
be050000
be910000
bf920000
3d040000
be9d0000
3cc00000
3f4e0000
bea80000
be370000
3f0c0000
3eae0000
be3c0000
3ec00000
3ddc0000
3f5d0000
bead0000
3e130000
3f5d0000
be550000
be420000
bde70000
3e500000
bf0e0000
3f840000
3e320000
3d250000
bf220000
be5e0000
bd830000
be150000
3e6d0000
bf8d0000
3f3f0000
bddc0000
bf600000
3f4a0000
3fb60000
3eaf0000
be060000
bed50000
bea20000
bee00000
be490000
3dae0000
bdef0000
bef00000
3f150000
3ebc0000
bf0c0000
be550000
be690000
bec60000
be080000
3eb50000
3eaf0000
3e9c0000
be4b0000
bdef0000
bf480000
3f360000
bf810000
3f800000
be440000
bda90000
3ea50000
3ec80000
bf280000
3f500000
bf3e0000
3f300000
3d0c0000
3e560000
bf720000
3e360000
3e800000
bc8d0000
bebc0000
bed00000
bf0b0000
be8b0000
bf3c0000
bf830000
bf320000
be0a0000
bedd0000
beaf0000
3cb60000
3ede0000
bec80000
bec80000
bf680000
bf0f0000
3e1b0000
3e180000
3d1d0000
3ec10000
3f270000
3c920000
3f080000
be860000
3f000000
bf550000
becb0000
3dbe0000
3e840000
3f7a0000
3efe0000
3dda0000
3f140000
beab0000
3f190000
3f3d0000
be350000
3d220000
3ec50000
bf8b0000
3db80000
bdf50000
3ec70000
bebc0000
3e620000
bf180000
beb30000
bf280000
3f4d0000
3eb50000
3ee00000
3e350000
bf160000
be8e0000
bee40000
3fa20000
3e920000
3d8d0000
3d0e0000
3f1a0000
bee60000
3f4f0000
bf2f0000
3e5d0000
bd7f0000
3f4a0000
3f550000
be950000
bf680000
3d950000
be4d0000
bf2e0000
3f070000
3ce00000
be310000
bf0c0000
be230000
bf1f0000
bce20000
bed30000
bf540000
bb2c0000
3dec0000
bf170000
3f100000
3d610000
bee10000
be270000
3f040000
bf810000
bdf30000
be100000
3f880000
bf840000
bdd50000
be6d0000
bf490000
bdbe0000
be160000
3f2e0000
bf890000
3f400000
3f150000
bf090000
bebe0000
bea50000
bd120000
bea10000
bed90000
bf2a0000
bf250000
be240000
bdab0000
bfa00000
bf120000
be110000
bcbf0000
bdc50000
bf650000
3ee30000
3c970000
3f4f0000
beab0000
3d620000
be870000
3e400000
be990000
bf9b0000
3fbf0000
bed60000
3ed10000
be440000
bedd0000
bd8c0000
be8f0000
bf000000
befb0000
be910000
be400000
be250000
3f210000
beae0000
3f210000
bd950000
bdd60000
3dcd0000
be960000
bde50000
bf220000
be190000
3d630000
be2c0000
3f090000
3e090000
bd430000
3f4a0000
3f850000
3e9f0000
3ec70000
3e170000
be970000
bd4f0000
bf120000
bf890000
3d4f0000
3d300000
3ed90000
3f080000
3e6c0000
3ee60000
3e9f0000
3ede0000
3dae0000
bf750000
3f3c0000
beb00000
bed70000
3fcf0000
3e670000
3ce50000
be280000
3e750000
bf330000
3f390000
bf410000
beb90000
bef90000
3e4b0000
bf9c0000
3d8d0000
bf000000
3f290000
3edd0000
3d990000
3f060000
3d680000
beb60000
bf2c0000
3f4b0000
bf8a0000
3e980000
bf600000
be220000
bf2c0000
3de50000
bf220000
bdd00000
3f040000
3f350000
beb40000
be5f0000
beda0000
3f6d0000
bf5c0000
bd6b0000
be9c0000
3d2e0000
bd980000
3f4c0000
3daf0000
be9a0000
3ec70000
be4f0000
3e9d0000
be660000
beb50000
3ce10000
bdb90000
bea60000
3f1b0000
3f4b0000
bec10000
b93c0000
3e9e0000
be090000
3df30000
bf260000
be880000
bea70000
bee20000
bf4b0000
be670000
bd830000
3f430000
bea60000
3f8e0000
bee30000
3e990000
bcbb0000
3f4a0000
bf4a0000
3e5d0000
be750000
be5e0000
be6b0000
bf060000
be7a0000
be100000
bef90000
befe0000
bf970000
bc980000
bf150000
3e650000
bf060000
bf110000
bcf20000
bfbe0000
3e560000
bf7b0000
bd980000
be350000
3ee70000
3f850000
be8c0000
3e4f0000
3e590000
bf0c0000
bdd20000
3f4c0000
bc930000
bef10000
bf270000
3f490000
bfeb0000
3dbc0000
3f6a0000
3f510000
be760000
bd1f0000
be2b0000
bc1a0000
3e8d0000
bf180000
3f360000
3ea20000
3e860000
3f620000
bf240000
bea20000
3f350000
3f630000
3ecb0000
3e850000
3f2a0000
be420000
3f5b0000
bea90000
bee10000
bf470000
3eec0000
3f040000
3ebc0000
bf3d0000
be440000
3dab0000
3f300000
bef90000
3f330000
3f2f0000
3f600000
3f080000
bcf80000
3ea90000
3e880000
bd580000
3f530000
bf130000
beac0000
3d3f0000
be3c0000
3f500000
3ed80000
3f330000
3dc80000
bf3c0000
3f030000
bd2b0000
3f380000
3f660000
3e370000
3f7e0000
3f180000
bf480000
3f140000
3f840000
3f210000
bebc0000
bf440000
3ee80000
3f0c0000
bd510000
bf120000
bed20000
3db40000
3dd60000
bf3e0000
3f110000
3c380000
bee20000
3f2f0000
3c8f0000
beaf0000
bf7e0000
beac0000
bed50000
be0f0000
be8a0000
3ecc0000
bf360000
be770000
3f470000
3f0d0000
3ec20000
be300000
3e240000
bd090000
bed70000
be0c0000
bdcd0000
3e830000
bec60000
3f0e0000
be9d0000
3f380000
bd7c0000
3f040000
bec60000
bf420000
3e800000
bf3b0000
3ea80000
be2c0000
3f030000
bd940000
3f450000
3c410000
3f190000
becd0000
3e490000
bf700000
3e3e0000
3f070000
3d8f0000
3f380000
bd870000
3e570000
3f060000
3b390000
3f110000
bf580000
bf150000
bf870000
3e2f0000
3e4e0000
bf6e0000
3f340000
3e7b0000
bebf0000
be820000
3d2b0000
bdd00000
3e8c0000
3edb0000
bdb80000
3efc0000
bded0000
3ef30000
bf460000
3d850000
3d990000
3f1c0000
3ea30000
bf170000
bf070000
3e3a0000
bee80000
bd770000
3f050000
3ef40000
3f610000
3f3a0000
be830000
beae0000
3e420000
bdca0000
be660000
3f960000
3f1a0000
bd5b0000
3f2b0000
bf120000
bf830000
3cbe0000
3e3f0000
3fa50000
bf9a0000
3da40000
3ee20000
3e2a0000
3e3c0000
3f2e0000
3fac0000
beea0000
bf0a0000
bdf80000
bf7c0000
3eba0000
bd210000
be210000
3a070000
3d7e0000
3fa50000
bfb20000
3f7c0000
bebf0000
be850000
bf560000
3f0e0000
3e970000
3f380000
bdfd0000
3ca30000
3dab0000
bf030000
3e1e0000
3f170000
3f890000
be480000
3e810000
3e980000
3f960000
bf4b0000
bf230000
3fa50000
3c090000
beb30000
3e910000
bea30000
be350000
3f780000
3e3c0000
bef30000
3f320000
3d770000
3e950000
3f410000
3e790000
bf8e0000
3f960000
3f9f0000
3e530000
bf8e0000
3e840000
3eb20000
befe0000
3f300000
3f2e0000
be620000
3d550000
3f950000
3e880000
3dca0000
3f710000
bc950000
3f570000
bf050000
3e790000
bec60000
3eb70000
3e500000
bd970000
bf3d0000
be870000
3f730000
3d670000
be960000
be4e0000
3eb70000
3eb30000
3c0a0000
bb490000
3d7f0000
3f100000
bf070000
3d030000
bd4a0000
bf320000
bcd10000
bb1d0000
bfa30000
3f300000
3b9f0000
3ed30000
3e6e0000
3e110000
bed30000
be240000
be3a0000
3dc20000
3fad0000
be0c0000
3d2a0000
bea20000
3f370000
beda0000
3f960000
3e360000
be770000
bdd80000
3e6e0000
bd730000
bf810000
3f900000
be9a0000
becc0000
3cde0000
3e630000
be960000
3e030000
bf1e0000
3dd10000
3e3a0000
3c9b0000
3ed50000
3e470000
3ee20000
3da70000
bd640000
3f250000
3e340000
bef20000
3fa00000
3e810000
3e220000
bed20000
bf350000
3e8b0000
3eda0000
3e500000
3d080000
bf310000
3f200000
3f3b0000
3ef10000
3f270000
3f0e0000
3deb0000
3f810000
3e820000
3f1d0000
bf010000
3ed10000
3e840000
bf640000
be920000
3f680000
bdbc0000
3f340000
bd9b0000
3f230000
be9c0000
3f250000
3f440000
becf0000
3ecb0000
bf470000
3ec40000
3e430000
be960000
3e3e0000
be820000
3f2b0000
be520000
3df20000
3ec40000
bf900000
be5f0000
3ec50000
be690000
3ef30000
bda00000
becc0000
3e620000
3eb40000
bd880000
3f240000
be8f0000
bd2f0000
3ceb0000
be250000
3e970000
3f230000
3e340000
3f6f0000
3ef00000
3e060000
3c460000
bf720000
3f000000
bf390000
be380000
be250000
beaf0000
3f2a0000
3f2c0000
3e5a0000
bfe00000
bda60000
bed80000
3e2c0000
bf840000
bf0c0000
3de30000
3f050000
bed70000
bea10000
3ebc0000
3e050000
3f1e0000
3dbd0000
3ee60000
bea50000
3e510000
bd010000
3e960000
bf0a0000
bf160000
3f380000
3bb30000
be250000
3f470000
3e1e0000
3ea10000
be600000
bf3c0000
bf1d0000
3e420000
3ec70000
3de40000
3e890000
be240000
3f170000
bea80000
be750000
3e0f0000
3e760000
be780000
3f110000
bf1e0000
beb40000
3f310000
3e610000
be7a0000
3d5f0000
bf3b0000
3f8b0000
bed00000
bc680000
bee10000
be0f0000
3f0a0000
bd2b0000
beca0000
3e010000
be8e0000
3ec30000
3e200000
bf750000
3e510000
3ea00000
3db40000
bd7e0000
3e190000
3ec30000
be360000
3e0b0000
beeb0000
bebb0000
be2d0000
3f6c0000
3def0000
bf0b0000
bf570000
3e2a0000
3f3f0000
3dcd0000
3f230000
bef80000
3f060000
beb90000
bf330000
bf390000
be320000
be820000
3f2b0000
bbc30000
be030000
3f020000
bf0c0000
3ec90000
3f430000
3c930000
3e9c0000
3ec40000
bdae0000
3f430000
beff0000
3eb40000
bf570000
3e320000
3e390000
3e250000
bf8b0000
3f390000
be820000
3e2f0000
3ed50000
3e8b0000
3e740000
3ea90000
3f490000
3eb70000
3eaf0000
bf0d0000
3c610000
3e230000
3f4b0000
3e4e0000
bd250000
3f010000
bed00000
3e650000
3ce80000
3e890000
3f8c0000
bf420000
bf140000
3ab60000
beb70000
bda10000
3e090000
bf0f0000
be100000
3dcf0000
beb40000
bf840000
be830000
bd260000
3e7d0000
bf440000
3f1d0000
3e2f0000
be8e0000
bf580000
be740000
3df90000
3fac0000
beca0000
bbb10000
bee20000
3f450000
bf860000
be3c0000
bea50000
3f030000
bf620000
3e520000
3daf0000
3e230000
be970000
bf5e0000
3e620000
bef20000
3daf0000
3f280000
3dd00000
3f130000
be110000
3ee30000
be830000
bef20000
bf610000
bf110000
bd220000
bdef0000
beea0000
3ea20000
3f080000
3fad0000
bd4e0000
bee80000
be1a0000
3f100000
bed40000
bed70000
bf150000
be830000
3ed30000
beed0000
bf7a0000
beb60000
bea70000
bf130000
beb00000
3f800000
be700000
bed30000
3e9c0000
bdcd0000
bf970000
3eca0000
3f8e0000
3df50000
bdb20000
3e080000
beef0000
beb40000
3eca0000
3e610000
3f340000
bf860000
bf2b0000
be240000
3e0a0000
be950000
3f140000
bfa30000
beb40000
3f6e0000
3f180000
3d490000
bf7c0000
bf650000
bec50000
3e1d0000
3edd0000
3dfc0000
be5c0000
bee10000
3f520000
be8f0000
bee70000
beb30000
3ea70000
3d520000
bc230000
3f430000
bf870000
3f5f0000
3f570000
bd5a0000
be5e0000
beff0000
3f270000
beb20000
3e980000
be700000
3e570000
3f070000
bdb10000
3eb20000
bdf80000
be880000
be4d0000
3f500000
3f500000
3f5f0000
3f530000
bd2e0000
3f0d0000
bdc80000
bd2f0000
bf220000
3ecf0000
bea70000
3f100000
3de40000
3f1e0000
bdfd0000
be8e0000
bf300000
3f0a0000
3dd30000
bf690000
3ebc0000
befe0000
3f000000
3e6f0000
3d1d0000
3e640000
bd780000
3e110000
3fca0000
3e440000
3f330000
bea20000
bf090000
bf120000
bf220000
3dc20000
3f250000
3e5a0000
bed50000
3ef20000
bf280000
bf390000
be930000
be9e0000
bf0c0000
bd5d0000
be000000
3f200000
be310000
3e170000
3f250000
bf750000
bedc0000
3f880000
3f4a0000
be810000
beda0000
3f490000
be320000
bec40000
bf790000
3f3f0000
3eee0000
3ebb0000
3f330000
3ec20000
bf070000
bdb40000
bf070000
3dfc0000
3d680000
3dff0000
bedb0000
bed00000
bd920000
bf510000
bf300000
3e330000
be610000
bef20000
3f8e0000
be780000
3fd50000
bf080000
3fe20000
3bec0000
3bbd0000
3ec90000
bfaf0000
bf5a0000
3fa70000
be240000
40340000
3f590000
bf050000
3f3d0000
bda90000
bfb80000
3fa00000
3dab0000
3fcc0000
3e850000
bf430000
40130000
bf000000
bf2b0000
bf810000
3ea60000
bec80000
bf040000
bfa80000
3f520000
3f380000
bfc40000
400c0000
bf0d0000
3f3d0000
be7b0000
bfd40000
bf220000
3fa10000
3fa30000
3fa10000
3b490000
bfb50000
3f230000
402f0000
bfa70000
be8f0000
c0010000
3fbe0000
3cb30000
3eac0000
bdee0000
3ecd0000
bf550000
3e5f0000
3f210000
c0240000
be770000
3f470000
3eef0000
3f6b0000
40090000
3e260000
bf0b0000
bffd0000
bfac0000
c0290000
bf4d0000
bfb20000
402b0000
3aec0000
3fa50000
bfe60000
3f330000
3f9a0000
40460000
bfd70000
3f7b0000
bed70000
bfb40000
bf0a0000
bf3d0000
be0d0000
bf930000
bf480000
3f3f0000
3e340000
bf830000
bf7c0000
bfbd0000
3f2b0000
3eaf0000
3ed60000
3ea10000
40050000
bfcb0000
3e810000
bfd10000
beef0000
be700000
3fa70000
bcce0000
3f430000
bfc10000
bfd10000
3f930000
3f910000
bf2b0000
3f610000
bf720000
bfa60000
3e1f0000
40010000
3f7a0000
3d250000
3f800000
bf830000
bf050000
bffb0000
3fb20000
bf960000
bfa10000
3db00000
3eea0000
c0390000
bdfc0000
3fac0000
bf630000
c0340000
3f730000
3de10000
3f950000
c0090000
bf3f0000
bfee0000
bf370000
3e2f0000
3fb20000
3f920000
bdc50000
c0250000
3fbb0000
bed20000
3f3f0000
3f7d0000
bf7b0000
bf0b0000
bfbd0000
bf170000
40280000
be2d0000
bc2e0000
3f830000
be3c0000
40490000
3f830000
bf110000
bb680000
bec40000
3fb60000
3fb30000
3e940000
40070000
beac0000
3fcc0000
3ebf0000
3d940000
3f0c0000
3e580000
3fc60000
3e570000
3cef0000
3f820000
3ed90000
3f1f0000
be090000
bf7a0000
3f960000
bee20000
bf250000
bfd60000
bf4a0000
bf250000
bf1b0000
40340000
be0a0000
bf1d0000
3ead0000
bf2b0000
3f820000
401c0000
bfce0000
bea90000
3e820000
3d020000
bd8f0000
3e670000
bf020000
3e4f0000
3fa60000
bf8f0000
3fa10000
be500000
3fd20000
bf6e0000
3ea80000
3eaf0000
3fd60000
40190000
bfdc0000
3fb50000
bf510000
bcca0000
bf9a0000
3f900000
3e0e0000
bf680000
3eef0000
3ebc0000
3f780000
3e040000
40060000
bedb0000
3f8e0000
3e960000
bf0e0000
bf6a0000
3e120000
3fc60000
3f5c0000
bd9c0000
400f0000
3e8d0000
3f670000
bf7a0000
bf8e0000
bfac0000
3e390000
40110000
becb0000
bec10000
3fa20000
3fb20000
3fc10000
3edf0000
3fc70000
bf880000
bfcf0000
bfe20000
3fb10000
3f6a0000
3ff40000
bf5e0000
3f990000
bf690000
3f610000
3d320000
3fb90000
3ee00000
be8b0000
bfef0000
bf030000
bdec0000
bf960000
bf050000
bf2b0000
bf760000
3fb10000
3f040000
3fc00000
bff20000
3e780000
3f0e0000
bfc30000
3fa70000
3fc10000
3f980000
bd6d0000
3f150000
3f370000
402f0000
bf4b0000
bf0b0000
3e4d0000
bab00000
bfc70000
bf570000
beeb0000
bf530000
3f3d0000
3c300000
bf910000
bf0d0000
bf1e0000
bf890000
3f100000
3f370000
bf0a0000
3f500000
3fa00000
bf880000
bf160000
3f960000
bf730000
bcfe0000
3fb40000
bf000000
3f670000
3f6a0000
bf270000
bf380000
3f470000
bfe80000
3f120000
c00a0000
bfcd0000
bf890000
bf9f0000
bf550000
bfe70000
3f500000
3f960000
3f3a0000
bfc40000
40260000
3fcd0000
be830000
3f890000
3f730000
3f420000
bea00000
3f580000
be440000
3f510000
400d0000
3e070000
3ed30000
bf790000
be7c0000
3fc40000
bfe50000
3d460000
c00e0000
be110000
bfd80000
40120000
bf6a0000
3f320000
3f9c0000
be030000
40180000
3fbb0000
3ce30000
3f8c0000
3e990000
3f640000
bf5a0000
bfb00000
3fd90000
bfec0000
bf780000
3fdb0000
bfff0000
bfb40000
3eac0000
c0140000
bf1f0000
3eac0000
bf440000
3f510000
bf9e0000
beb90000
bf0f0000
bfc60000
c0060000
bf570000
be6a0000
be850000
bf930000
c0170000
3fb80000
3f1d0000
3f540000
bf3a0000
3f1b0000
bf2a0000
3f120000
3fae0000
3d9b0000
be540000
c0070000
3f250000
3f9f0000
3fbc0000
bf2e0000
401c0000
3f3c0000
bfc40000
3fd40000
3f880000
be340000
bd580000
3f3d0000
c0620000
bffb0000
3f7f0000
be370000
bfcf0000
3f830000
3e7f0000
3f8e0000
3e180000
bf460000
be6c0000
bebe0000
3fc10000
bf9d0000
3ca40000
bcc40000
3fc90000
bf340000
3fa30000
c01a0000
c0020000
3ec20000
3f5e0000
bdab0000
bf1a0000
3eb00000
bbd10000
3f8d0000
bfe80000
3f970000
3f330000
3f320000
3f520000
3fc60000
bf130000
be3a0000
3f810000
bcca0000
becc0000
be920000
bf0d0000
40260000
bfba0000
3fb20000
40260000
3fb00000
bdc00000
bfa10000
bde30000
bfa10000
3fdb0000
3f7e0000
40040000
3fe60000
bdaf0000
bf370000
bf810000
bbc80000
3fb30000
be1b0000
be500000
bf840000
3dd90000
bec00000
3eea0000
3f7f0000
bfd30000
3fca0000
bd750000
bf9b0000
bf170000
be0e0000
40020000
c00b0000
bf020000
3e6e0000
be860000
c0040000
be5b0000
3f690000
3f080000
3ca30000
bf830000
c0010000
3de50000
3baa0000
bef60000
bf810000
3da50000
bd940000
3f6c0000
bec90000
40140000
3ebf0000
bf210000
3fac0000
bf120000
bfec0000
3e420000
bfc10000
3e4e0000
3f650000
3ebd0000
3f270000
be890000
bee20000
bf850000
c0070000
bf8c0000
bf1a0000
bd8c0000
bee90000
3ee50000
3e510000
3fb30000
be870000
beb30000
bfd00000
3e970000
3fbf0000
bfd20000
3fd90000
40110000
3fc40000
3e930000
3f760000
3f530000
3ec10000
bd8e0000
402a0000
40040000
beb30000
bfe10000
3f8a0000
bf100000
3f230000
bff70000
3f940000
3eaf0000
3e7e0000
3f060000
3e910000
bf550000
bfcc0000
3f0b0000
bedf0000
40190000
bd570000
3f810000
c0380000
3f080000
3e8d0000
bd700000
3e090000
bf1c0000
3f180000
3f840000
3fde0000
beea0000
3f840000
bfcd0000
40360000
3eb60000
bbee0000
3fc60000
bf110000
3f770000
3f240000
bebf0000
3fc00000
bfa50000
3e770000
be230000
bd9f0000
3f620000
3f2c0000
be830000
3fa30000
3e320000
bf320000
3fb20000
bfbf0000
bfbc0000
3f620000
3d980000
3eb90000
3f050000
bfdb0000
3fe30000
40020000
bf6a0000
be4c0000
3f820000
3de50000
bed70000
3fef0000
bf200000
3f040000
3f440000
3f850000
bee30000
3f320000
3dc20000
3f9e0000
bf750000
bffb0000
bf080000
3e1c0000
3f4f0000
3eb50000
beab0000
3f550000
3faf0000
c01d0000
bfa20000
3f560000
bbb20000
be260000
40030000
3fae0000
bf4e0000
bea00000
bf880000
bea20000
40460000
3f680000
be810000
3ef00000
bfa80000
40060000
bfb50000
bf540000
bfe60000
3ea90000
bc8d0000
3f240000
bf870000
bfa50000
3d8d0000
bfb20000
bf3f0000
beb90000
3f010000
3ea70000
3e740000
c0470000
401b0000
bfc30000
3fd60000
be030000
3ed20000
be150000
3ee00000
bfef0000
3ed50000
3eb30000
be240000
bf670000
bfb80000
3ecb0000
3ec60000
401d0000
3fc60000
bf900000
bf4f0000
3f7d0000
40510000
bf5b0000
3f440000
bf350000
3fbb0000
40110000
bf970000
3f6c0000
bf6c0000
bf340000
3f460000
3f170000
3f900000
3e750000
bf330000
3f8b0000
3f3b0000
3f630000
bff00000
bf8b0000
3ff00000
beaa0000
3fd30000
bf2f0000
bf0c0000
3fae0000
beb50000
3f340000
3fb60000
3f210000
bde70000
bfea0000
be240000
bf540000
bf110000
3ed80000
3fb60000
bf070000
3d420000
3f3c0000
bf830000
be6d0000
bf950000
bf490000
beb80000
bebe0000
bff70000
3f790000
3dd50000
bfaa0000
3f2e0000
3ec40000
bfb30000
befa0000
3eac0000
3f2b0000
3f220000
3ff30000
be1c0000
be740000
3f930000
3ecd0000
bf920000
bec00000
bf560000
3e4c0000
3d810000
3dd20000
bed20000
bf160000
3f770000
3fbc0000
bf1a0000
bf590000
3e980000
40180000
3e0b0000
3f950000
3f8a0000
3f900000
bfc70000
3eb80000
3fb40000
3fca0000
3f010000
3d810000
bd600000
bfd80000
beb80000
3eab0000
3fa10000
bf040000
3fdf0000
bc0a0000
3c9b0000
bed00000
bf300000
bd9d0000
bf910000
bfff0000
bf000000
bf410000
3e660000
3e080000
bcc00000
bff30000
3f950000
3f310000
3f2b0000
3f6b0000
bdd80000
3f150000
3fa40000
bf4d0000
bec50000
3f950000
be8e0000
3dd30000
bf450000
40070000
401b0000
3f970000
3fb00000
bed30000
3f190000
bfe30000
bf6e0000
3dc50000
40030000
3c8e0000
bf270000
bebe0000
c0080000
3fbf0000
3f050000
3fbe0000
403f0000
3f000000
bc4d0000
be660000
3e7c0000
bfb40000
bf8f0000
bebb0000
bf320000
3f580000
3d250000
bf620000
be930000
3eaf0000
c0090000
bf120000
3f4d0000
bfa00000
3fc10000
bfb20000
be840000
3f0f0000
bfed0000
405c0000
bf2d0000
3e2e0000
3fce0000
bf4b0000
3f620000
be2a0000
3e960000
bf320000
bf3b0000
bdce0000
bf210000
3e800000
bf8e0000
c03b0000
bf120000
bfbf0000
3e050000
3fa40000
bf170000
be6d0000
c0090000
be8f0000
bfd20000
bf370000
3f8b0000
3da10000
3ea70000
bf810000
bf180000
3f190000
3f110000
3f740000
3fbc0000
beb40000
bf040000
bfb20000
3daa0000
bdca0000
bf060000
3fe80000
3f360000
3e850000
3f6c0000
bf070000
3f2c0000
3f200000
bfec0000
bf910000
3fff0000
be290000
bf810000
bfd20000
3f120000
3fe20000
3f870000
be730000
3f880000
bf8c0000
3ffe0000
bf420000
bf980000
3fad0000
3f020000
bd910000
bf8d0000
3d7d0000
bfa50000
3e090000
3fb10000
bf040000
3e9a0000
bf860000
bfce0000
c0160000
becc0000
3fca0000
3ea00000
bf9f0000
3c030000
3f4a0000
bee60000
3f1f0000
bf3c0000
3f8e0000
40000000
bf540000
be6c0000
40250000
3fc00000
3ed90000
3e2f0000
3faf0000
3ee40000
3f770000
3fe30000
beca0000
3ef10000
3e910000
40020000
bf9f0000
3fc40000
3e940000
40290000
bf6a0000
beac0000
bfb10000
3f630000
c01f0000
be230000
bf810000
c0030000
be450000
be8e0000
3f4c0000
bed20000
3f540000
be560000
3fa60000
be070000
3dbc0000
3ef60000
bf890000
3f8e0000
bbb40000
bf370000
bf6f0000
bed40000
bfd00000
3ffd0000
3f8a0000
c0070000
3f8e0000
beb50000
3fa00000
bf420000
3ebb0000
3ea60000
3f870000
3fa30000
3ce70000
bf2f0000
bf990000
3fb40000
bf2a0000
3f8c0000
bece0000
40280000
c0110000
be840000
bf100000
404a0000
bfe20000
3f200000
bf860000
3f320000
3d870000
bf930000
bfb00000
bff70000
3f1f0000
bf250000
bf720000
3f6a0000
bf5a0000
401e0000
bed10000
bff00000
bebe0000
3e0d0000
bff40000
bf920000
bfe60000
bf640000
bf180000
3efb0000
3e8b0000
bedc0000
bf630000
3c8a0000
bedb0000
be0f0000
bfe50000
3e450000
3f480000
3ee40000
3ea80000
bf870000
bfd10000
bf220000
bf060000
3f910000
bf140000
bee10000
c04e0000
3f3f0000
be930000
401a0000
bf150000
bf0e0000
3dd30000
40490000
bf080000
3f560000
bf9a0000
bfc80000
3d800000
3fc60000
3f740000
40220000
bff50000
3ed60000
401b0000
bffd0000
be140000
bde20000
3f9e0000
3f290000
3f630000
3f8a0000
3f2e0000
3f9c0000
3fa20000
40070000
bfd70000
bf380000
3e850000
bf710000
bfa00000
bf890000
3cab0000
bfd30000
3fae0000
bfaa0000
3f410000
bf530000
3e9c0000
bf600000
3fa50000
3ff00000
bef50000
bf8f0000
3f5a0000
c0200000
3eb00000
bf680000
bf6e0000
bf460000
3fe90000
3f2a0000
bf490000
be550000
be030000
3edd0000
3f740000
bfeb0000
3ea40000
bd6d0000
3f380000
bf200000
3e2c0000
3f2f0000
bdbe0000
3f670000
be890000
be9c0000
3f4a0000
3e250000
bd510000
3fd20000
bf660000
c0050000
3eee0000
bf3c0000
3e9d0000
3fcf0000
3f700000
3efb0000
bf840000
40300000
3e760000
3f7f0000
3ea00000
3ec50000
3f7f0000
3f310000
be930000
3f690000
bf5c0000
3f5d0000
be840000
3f100000
bfd50000
400c0000
3f5b0000
bed70000
3fbd0000
bf990000
3c200000
3e210000
3f750000
bfb40000
bfcd0000
bf1d0000
bf080000
3f570000
be970000
c0810000
bed80000
3e800000
bff30000
3ff40000
c0010000
3f090000
3eba0000
bfa10000
bd080000
3f3f0000
bfb70000
3eda0000
bf590000
c01f0000
40240000
40180000
3f6f0000
be640000
be170000
3e830000
3ed20000
3f810000
c02a0000
3f8b0000
401f0000
bd890000
3de90000
3d5a0000
bf3a0000
c0190000
3df80000
bdcf0000
bfa20000
3faa0000
3f890000
bef90000
bf720000
be9a0000
bf1c0000
3e460000
3f910000
bfec0000
40090000
becc0000
3f5c0000
bfb40000
3f420000
bf970000
3f390000
3fd60000
3f2d0000
3f040000
3f250000
bee40000
bf030000
bfc80000
3f380000
bc990000
bf8a0000
3f910000
3e770000
3cca0000
3f580000
3fdb0000
be0d0000
3ee30000
c0040000
3f740000
3f970000
bed90000
3ebf0000
3e5f0000
bfdf0000
bf520000
3f630000
3eb70000
bf290000
bfc00000
bff10000
beec0000
3ef10000
be630000
3e2a0000
3ff30000
bf980000
3fe60000
3e940000
3eed0000
3e7e0000
bfc00000
3f2c0000
bf860000
bed10000
3fea0000
becd0000
3e980000
bf0c0000
bfab0000
3fa70000
bf9e0000
3fb80000
bf8d0000
3f060000
bfac0000
bf280000
bf810000
3f830000
3faa0000
be6e0000
3ead0000
bf0f0000
bffa0000
3e510000
3f9d0000
3f350000
bf060000
bff30000
3f180000
bf590000
3f9b0000
bf770000
3f140000
bf290000
3f000000
bfd00000
3d8d0000
be4b0000
3f530000
c02b0000
bef40000
bf990000
bfb30000
3f230000
3f720000
3f9c0000
40090000
3db30000
3fe50000
3f840000
3e7b0000
3f1b0000
bfbb0000
bfd50000
bfa50000
bf9a0000
3fb30000
bf280000
c0200000
3fb90000
3f360000
bed40000
40010000
3f980000
3d280000
bf3f0000
3ff60000
3f9e0000
bf870000
bada0000
c0160000
bc3e0000
bda20000
bf560000
3f2e0000
bff80000
bd880000
bcce0000
3fb90000
3e860000
3ed00000
3f060000
beac0000
bedd0000
bf990000
3e220000
3f540000
bfec0000
be1e0000
3f6a0000
be5b0000
40550000
3fa90000
bf8c0000
3e860000
bf910000
bf530000
40020000
3f080000
be7f0000
3f860000
bf600000
bfac0000
3f940000
3ebe0000
3fb50000
3eb80000
3f5c0000
3fe40000
bef70000
bebf0000
c0400000
3f580000
3fbe0000
3f100000
3f100000
40300000
bf0b0000
3fd90000
bf130000
beaa0000
befe0000
3fdb0000
bfe60000
3f910000
3fa00000
3ebd0000
3faa0000
3eeb0000
bf270000
bfc50000
be970000
3f7c0000
3e350000
3e920000
beaf0000
3f9d0000
3f890000
bdaa0000
3f1e0000
3ef20000
3fbe0000
bd6e0000
3f540000
3cb80000
3f830000
bf980000
3f220000
be8c0000
3f380000
3ed50000
3f930000
3f830000
bfdf0000
3e440000
bf9c0000
3e400000
bf430000
be140000
bf490000
3f250000
3f2c0000
bf6e0000
3dfe0000
3d6e0000
3f9d0000
bff10000
3fce0000
3f840000
bea70000
3edc0000
bfa40000
40000000
3fcf0000
be2d0000
bf140000
3f9a0000
3fb30000
bd2f0000
3e4a0000
bf140000
3d190000
3f900000
bf1e0000
3d170000
3f480000
bef20000
bfd90000
40180000
3fa80000
401e0000
c0030000
bf110000
c02a0000
bfaa0000
bf8e0000
be4e0000
bc6c0000
bef20000
bfe10000
bf4c0000
3f290000
3feb0000
3d900000
bece0000
bfc90000
3f960000
bdb40000
bf570000
3fdc0000
40190000
bf250000
402f0000
bee10000
bfa20000
bfe40000
3d0a0000
3f5a0000
3e9f0000
3eb40000
bead0000
be9e0000
3e9d0000
bcaf0000
3fcb0000
bea70000
40400000
3c620000
3f3b0000
3ee80000
c00f0000
3f870000
3f0c0000
bf920000
3f150000
bf790000
3f4c0000
bfb60000
bf710000
bf210000
3f850000
bf340000
3fd20000
3f8e0000
3fab0000
3e810000
bf260000
3e6b0000
bf870000
3f720000
bdbc0000
bfd60000
beaf0000
bf9f0000
bfa70000
bf9c0000
bfa70000
3d350000
3ca90000
403c0000
3b200000
3fe30000
3f330000
c0080000
3f440000
bec50000
bf7f0000
405c0000
3f790000
3ef20000
3ea00000
3d690000
bf2b0000
3e950000
bf4c0000
3ffd0000
bf9f0000
bdfb0000
bf200000
becd0000
be480000
bf8c0000
3f150000
40010000
bf930000
bec50000
bf760000
bf5a0000
3f120000
bfcb0000
bf590000
3db30000
bfad0000
40420000
3feb0000
3e920000
bea60000
bfba0000
be8b0000
beac0000
3f050000
3edf0000
bf950000
3f910000
c0100000
3eda0000
c0230000
bf430000
3eeb0000
bf5a0000
bf6d0000
3fdd0000
bea00000
3e840000
3d230000
bf600000
be830000
3e940000
bfb80000
3b780000
3cb50000
c0070000
bf130000
be980000
bf750000
3f250000
3f060000
bead0000
befa0000
bf0b0000
400b0000
c0270000
3f830000
befb0000
be6d0000
bdd80000
c0080000
3fe30000
3f6e0000
3f200000
bf3b0000
3f220000
3d510000
3fdd0000
3cb90000
3fbe0000
bfa10000
3f880000
bf310000
3fd30000
40120000
bf070000
3fbd0000
3dda0000
3fc40000
3fd40000
be540000
bf1f0000
bfd50000
3f5c0000
bfaa0000
bfee0000
c0150000
c0090000
bfbe0000
bf6a0000
3f450000
3f380000
bf220000
3f290000
bef80000
3eed0000
bf470000
bfa20000
3f8d0000
3f3b0000
3eb90000
3dcc0000
bfe80000
c0380000
401c0000
bf9c0000
bede0000
bf3b0000
bf730000
bf5f0000
3ec70000
be9c0000
bf5c0000
bf600000
be190000
be9e0000
bf420000
be3a0000
bfb50000
bd7f0000
3fa90000
3ffd0000
bf640000
bf6f0000
3d7d0000
3f180000
bfd70000
3ffe0000
3fee0000
3f1d0000
3e960000
bf6e0000
3e390000
bf930000
bfa80000
bf4b0000
bf1a0000
3f060000
3dc30000
bf5d0000
3fc60000
3f820000
bf880000
3f160000
bfd10000
3ffd0000
3f140000
40040000
40180000
3ebe0000
3de90000
be200000
becb0000
bf9f0000
3f9f0000
3c980000
3e6f0000
3f3b0000
bdb80000
bfad0000
3ec30000
be3c0000
3ee70000
3f680000
3ecd0000
be6f0000
3ef70000
bf4d0000
bc190000
bf820000
3f780000
3f310000
3ec80000
3f600000
3fb70000
3f870000
3ec80000
3f980000
bc270000
3d4e0000
3fe50000
3f430000
bfa30000
bea60000
3f230000
3f360000
3f6a0000
bfae0000
bedc0000
bd940000
bdeb0000
3f910000
be950000
bcbb0000
be9a0000
bfce0000
bfa90000
be530000
bdfb0000
bfac0000
bf0d0000
3ec60000
bf1e0000
c00c0000
403c0000
3f750000
3f530000
3f4a0000
3fad0000
bf780000
bfc80000
bf5e0000
40280000
bea60000
3e680000
3fc20000
bf830000
be460000
3f320000
bf530000
bf6f0000
be8f0000
3ed80000
3f640000
bf380000
400d0000
3f570000
3f6a0000
bfec0000
3f3f0000
3f9f0000
3f770000
bf960000
bfab0000
be990000
3fb70000
3f180000
3de20000
3f170000
bf360000
bf530000
bf090000
bf660000
be020000
be520000
be170000
bef60000
3fd70000
bf490000
bf520000
3ff20000
bf920000
c0070000
3dfc0000
3f340000
bfe40000
bc420000
40230000
3ebb0000
bf2d0000
3fb40000
bfe50000
3f120000
bf740000
bf750000
3e1a0000
bdfd0000
bf400000
bf410000
400a0000
bff30000
bf510000
40440000
3db10000
3e180000
be840000
bf8d0000
3e350000
3db60000
bd1a0000
3f610000
be900000
3f840000
bd710000
bf360000
bea20000
402d0000
c0160000
bfb30000
3f8d0000
3eb40000
3f610000
3fd40000
3ffc0000
bf870000
bde90000
bd0e0000
bfce0000
401a0000
bf800000
bc880000
bdce0000
bfa00000
bfb00000
3e560000
3fca0000
be490000
3f120000
3f110000
c0060000
bed70000
be550000
bf610000
3e640000
3e3e0000
3f5a0000
3f5f0000
bc960000
3f020000
bf7a0000
3fd30000
bf360000
3f560000
3fe10000
bf8e0000
3f920000
3f8c0000
be820000
401e0000
3f5f0000
bfa50000
bfcd0000
bfa60000
bfdb0000
c0350000
be070000
3faa0000
3eed0000
bf080000
3f920000
3e870000
3eff0000
3ec90000
be920000
bf0e0000
3e9d0000
bf970000
be9c0000
3f9c0000
3cc90000
3f510000
40140000
3ff20000
3e9d0000
3efb0000
bf900000
3f540000
3f440000
bdef0000
bff80000
3f8c0000
3f8b0000
bfa50000
befe0000
3f190000
c00a0000
bf250000
3f1c0000
3fcf0000
3f950000
3f580000
3f4d0000
3f810000
bf140000
3f880000
3f830000
3eaa0000
bf580000
be0e0000
3f8c0000
3d840000
3ffa0000
3f0f0000
bfb70000
bfb30000
3ef50000
3f3a0000
bf700000
3e650000
3eca0000
3f270000
3f590000
3e830000
c02c0000
bfca0000
3f850000
beca0000
bfbd0000
bf840000
3e610000
3f550000
bd5f0000
bfc30000
bdfd0000
3f8c0000
bf290000
3f240000
3e010000
bf840000
bfe40000
c00a0000
3f8b0000
bf800000
3f7f0000
bf9a0000
3e020000
3f2a0000
3d320000
bfa00000
3e760000
3f1b0000
bea90000
bfed0000
3ee90000
be6d0000
3e690000
3ece0000
3fa10000
3d990000
bf300000
bf860000
3ee40000
bfd50000
3fc20000
bd800000
bebc0000
bf460000
40060000
bede0000
3f070000
c0050000
be840000
3e280000
40070000
bff40000
3f9b0000
3d4e0000
bfe10000
3e7b0000
bf8a0000
3f420000
3fdc0000
bdc90000
bf3a0000
bf890000
40020000
3f780000
3f9a0000
c0020000
bf2b0000
3f2d0000
bd870000
c0130000
bdfa0000
3f0e0000
40110000
bf910000
c0290000
3f0f0000
3f8c0000
be320000
bf4b0000
bf980000
3f660000
bf340000
3f290000
c0030000
3f450000
3ebe0000
bf790000
3f640000
bf650000
3d4d0000
be9e0000
3f600000
bf890000
400a0000
40060000
3f8c0000
beae0000
bfdd0000
bea90000
3f0b0000
3eda0000
c00b0000
400e0000
bf700000
401d0000
3eb10000
bf9d0000
c0070000
3ffd0000
3fa90000
be740000
3f1b0000
bf4a0000
c00a0000
bfa80000
3e590000
bf3e0000
bdff0000
40060000
3fe60000
3fb60000
3edd0000
bf680000
be490000
3c090000
3e7f0000
3f460000
3e620000
bd720000
bee50000
bf250000
3e9b0000
bdac0000
3e660000
3efe0000
3e2e0000
bf910000
bf6e0000
be880000
bfd50000
3ff80000
3f7d0000
bd3a0000
3f980000
3eab0000
3f950000
bfcb0000
bcc00000
beb80000
bfcb0000
bfe90000
be710000
3f9d0000
bf770000
3eda0000
3edc0000
beab0000
bf1f0000
3ef20000
3fd80000
3ea90000
3fd90000
be5d0000
3e300000
3f7b0000
be4d0000
bf090000
bf960000
bf4a0000
be910000
3fcf0000
3f120000
bf0c0000
bf2b0000
bf520000
3e3d0000
bedc0000
bffa0000
3f370000
3f810000
3f040000
bf8a0000
3d020000
bf6b0000
3fce0000
3e750000
bf250000
3f520000
3eae0000
c00b0000
bf1c0000
bf7a0000
401c0000
3fa00000
3fcb0000
3fb40000
3f220000
bef80000
bee90000
3fa20000
3e760000
be810000
3e090000
c02b0000
c0020000
bffc0000
3e9e0000
3f2f0000
bf470000
3f200000
be830000
bf490000
be210000
40310000
bf2e0000
3f410000
3fc90000
3f5f0000
3eca0000
3f0e0000
3fd60000
3fb40000
be1f0000
bfb80000
bfa50000
3e680000
bf5c0000
3f400000
3f360000
3fc70000
3f810000
bf2d0000
bfa50000
c02a0000
3c7c0000
3f2d0000
bf400000
bf020000
3eac0000
bf5d0000
c0340000
beb10000
3f940000
3fc40000
3f810000
3f660000
3fa40000
befe0000
bfa10000
bc4a0000
bfe70000
3f4d0000
3d6c0000
bf020000
3fc00000
3fc20000
3e760000
bf710000
3f840000
3f870000
bf240000
3ebb0000
bf670000
bf010000
3d910000
3eb70000
3e160000
3f9d0000
bf2a0000
3e520000
3eac0000
bf3a0000
3f360000
3f060000
bf2d0000
c02a0000
3f7a0000
be820000
3f080000
bfbe0000
be990000
3faf0000
3ee60000
bfe70000
bf5d0000
400c0000
be970000
3e3b0000
c04b0000
be080000
bf660000
be980000
bfd10000
bf830000
3fa30000
bee40000
c0790000
3f000000
c0200000
3f370000
3f820000
3fc00000
40090000
bedc0000
3ebe0000
bf5f0000
3fe50000
3f3c0000
3e170000
be930000
402f0000
3f870000
3f9f0000
bfeb0000
3f310000
3ff90000
3fc90000
3f910000
3e710000
40020000
bf810000
bea00000
bfcc0000
3f0c0000
3f020000
bf320000
c0040000
bf340000
bf810000
bf3d0000
be020000
bfea0000
bf710000
3faa0000
bf1d0000
3f070000
bf8d0000
403c0000
40330000
bf330000
3cec0000
bf390000
3f060000
3e980000
becd0000
bf9a0000
bdd70000
3f5c0000
3f2a0000
bf370000
bee00000
3e280000
3f5e0000
bed50000
bfb30000
3f6a0000
3fd50000
3f1a0000
bfe50000
3f970000
bf9b0000
3e020000
bf0f0000
be800000
3f770000
3eaa0000
3ed70000
402c0000
bfc10000
3fa60000
3f5b0000
be8d0000
3fa20000
3fad0000
3f120000
beb90000
3e500000
3f4e0000
beb20000
bec90000
bede0000
3f100000
bf440000
3eab0000
c0010000
be880000
3f6a0000
bea80000
3fbc0000
bfb50000
3f400000
3fda0000
bfe70000
401d0000
40190000
bfdc0000
bf440000
3e040000
40320000
3f010000
3f8d0000
3f8a0000
bf2a0000
bef50000
bf3c0000
3f470000
beba0000
bd5b0000
bfc20000
be3b0000
3fc00000
bf170000
bf090000
bf180000
bf8c0000
bf480000
bf520000
3fc10000
be4d0000
bfbd0000
3c2c0000
bd8b0000
3eaa0000
bfe00000
be4f0000
bfd10000
3f620000
3f640000
befc0000
3eae0000
be520000
bfa50000
be480000
bffe0000
3e6f0000
bf410000
bf760000
bfa50000
bf880000
3eb90000
bfab0000
3f740000
3f380000
3d7e0000
3e460000
bfac0000
bd190000
bf960000
bf050000
be950000
bddd0000
3f010000
bc8b0000
3f2f0000
3fd30000
bef10000
bf740000
bf170000
3f900000
40120000
bf340000
3ea90000
bea90000
3fa50000
bea20000
bffb0000
3fa30000
3ed90000
bdfd0000
40200000
bfdc0000
be460000
bfae0000
3e000000
bf680000
3ea50000
bf060000
bfbb0000
be840000
bf240000
bf340000
bf310000
bdc30000
3f360000
3f8c0000
3f8b0000
bc8f0000
bf6d0000
3fe00000
3f5a0000
3fdf0000
3f120000
3ef00000
bf1e0000
bf8b0000
3f940000
bfae0000
bf710000
3f840000
beaa0000
bf1e0000
c0010000
3e020000
3f180000
3ef10000
be6f0000
bfa70000
3e8c0000
3f6d0000
3f010000
bee90000
bf250000
3e720000
c0200000
c0160000
bf990000
40020000
be030000
3f040000
3f210000
bf5b0000
3f290000
c0120000
3f640000
be7f0000
bf9a0000
3e9e0000
befb0000
bf920000
3f420000
c0020000
3fde0000
3f5c0000
3f9d0000
bfa50000
bf270000
bf4b0000
403f0000
bf4a0000
3fd20000
40000000
3e060000
3b450000
3f160000
bf830000
3d900000
3d2d0000
c03c0000
3e940000
3f380000
bfa70000
bbbc0000
bf8c0000
bf8d0000
bf090000
40170000
3e870000
3fc90000
bf6b0000
bf2e0000
bfa50000
bf100000
bed50000
bf5f0000
bf050000
bf770000
bdd80000
3e2d0000
bf9e0000
3ee40000
c0030000
3f680000
3fa90000
bf3f0000
3f4e0000
bffc0000
be9c0000
be930000
be4f0000
be930000
bf280000
3ef80000
bfdf0000
3f420000
bee00000
bf0d0000
3f550000
3ff10000
3fdd0000
bca40000
3f0b0000
3e0b0000
3f6a0000
bead0000
3f890000
3ed70000
3fb90000
c01f0000
400b0000
bf8c0000
3e900000
bf120000
bf730000
3ee20000
40370000
40270000
3f2c0000
bf0b0000
3ec50000
3ed60000
be780000
c00f0000
3f580000
3c170000
3e990000
bddf0000
3f120000
bfeb0000
bebb0000
bf6c0000
3ee10000
be0f0000
bf600000
bf580000
bf280000
c0030000
3f650000
bf760000
be690000
3e0e0000
bcd00000
3f860000
400c0000
beb10000
bf3c0000
bf9a0000
bf880000
bff00000
3f970000
3f960000
bfa40000
bed90000
bf5b0000
bdab0000
3eb40000
bf600000
bf980000
3ed80000
3e810000
be460000
40300000
3f170000
bf150000
bfb90000
be1b0000
bdc70000
bf1e0000
3f2d0000
bf030000
3fb50000
bfe20000
bf920000
bf9a0000
bf360000
3f360000
c0170000
3efb0000
3f560000
3fab0000
bf1e0000
bf0d0000
bfa50000
bea50000
bf450000
be4e0000
3d8d0000
beb20000
3cb20000
3fe10000
3f770000
3bcc0000
3f8d0000
bffe0000
3fc30000
40180000
3ea60000
bfc20000
3fb80000
3fef0000
401d0000
bc0a0000
3f510000
3f660000
bfef0000
be8b0000
3ed70000
3fcf0000
bea40000
3fd70000
3ed10000
be5f0000
3e240000
3f2f0000
bf810000
3f8d0000
bf4d0000
3e210000
bf3b0000
bfc20000
bf240000
bf6c0000
bf9e0000
c0550000
3fa40000
bf970000
bf3d0000
3e1a0000
becc0000
3f570000
3efb0000
3e550000
3fa30000
3f1b0000
bfac0000
bd4f0000
3f510000
3e950000
bffa0000
3f280000
3dd90000
3f180000
3e8c0000
bebf0000
3ee10000
bec50000
bf060000
3f820000
bf1f0000
3f830000
3f280000
3edd0000
401e0000
3f1d0000
bea70000
3f210000
bf450000
3fae0000
3e980000
3ea60000
bfa50000
3f230000
bfda0000
3cf70000
bfa00000
bfa00000
3e0e0000
3f950000
3f580000
bffc0000
3f450000
3ebe0000
3ed10000
bde00000
3fd70000
3f6d0000
3e820000
3f370000
bfd60000
3f630000
bf3c0000
bfe10000
bd450000
3fc40000
bfc70000
3fd70000
3e520000
bf2f0000
bebe0000
be2f0000
bf730000
bf240000
3f700000
bf090000
40410000
3fed0000
bef40000
bfb00000
bf450000
bfe50000
bf760000
3ca80000
3e850000
3f980000
bf210000
bf7d0000
bf030000
3fc20000
bf820000
3f7a0000
bea90000
3f8d0000
bed80000
3f290000
3ea30000
400d0000
3f930000
bef40000
be140000
3ec00000
bf350000
bf180000
bf9d0000
beb10000
bfe80000
c0180000
bf6a0000
3fa40000
bf7e0000
3f5d0000
bf9f0000
3e780000
3da30000
bece0000
3f050000
bf6c0000
bfab0000
3f0b0000
3f950000
bf2a0000
3eee0000
bf5d0000
bf000000
3e880000
3e520000
bdcf0000
40130000
3f020000
3efb0000
3f390000
3f5b0000
3fc70000
bf1a0000
3f9b0000
bf8b0000
3f630000
3fc00000
bfbf0000
be130000
bff30000
c02e0000
3f6e0000
3f420000
bea30000
bc110000
bf5e0000
3f630000
3ec10000
3f030000
be840000
3eae0000
3fd20000
3f420000
405c0000
bef50000
3fd60000
bf800000
bff90000
bd890000
3fda0000
3fa60000
bf980000
bf5c0000
bf970000
bfa50000
bf0d0000
3d940000
bee50000
bfdd0000
bfd50000
3f720000
bf110000
3f0d0000
bee60000
bfbd0000
be030000
3f6c0000
c0360000
3ec60000
3fa10000
3f690000
3f320000
3e880000
be840000
3fe10000
bea70000
bd540000
bfc40000
3e640000
bedc0000
bec30000
bfb30000
3ee90000
3d060000
3f390000
40510000
befb0000
3ee10000
bf890000
40510000
be7e0000
3fb40000
3f960000
40010000
3f980000
bd210000
3ef90000
3f1e0000
3f9f0000
40120000
3f1a0000
bfde0000
bf8a0000
3f120000
3be10000
3f2a0000
40080000
40680000
3e3f0000
bf320000
bd930000
beb40000
3e280000
3e030000
bec90000
bf4a0000
3edd0000
3ead0000
3f1c0000
3da70000
bf2f0000
be960000
3fba0000
3f1a0000
be480000
3f340000
bf520000
bf520000
3edc0000
3f4b0000
3fdc0000
bfd60000
bf4d0000
bf840000
3e8d0000
bfe60000
3e050000
401c0000
3db00000
3f820000
3e810000
bf890000
bf4f0000
3fd10000
3fd20000
3f400000
3f830000
3fd60000
40560000
bf0a0000
3eaf0000
be700000
3f9a0000
3ff00000
3b500000
3d0d0000
bfe30000
3fb70000
bc150000
bf350000
c00e0000
3ee80000
be9e0000
bf120000
bf550000
3fbc0000
bf150000
bd4c0000
3efd0000
bf660000
be3c0000
bfb70000
3f2f0000
3f020000
bf120000
3e130000
bd240000
3e9a0000
bfd40000
3f530000
40080000
bec00000
3ce60000
c0390000
3fb50000
beb80000
be220000
bdb70000
3f910000
bf170000
3f130000
3fb40000
3dec0000
bf270000
bdfc0000
3e870000
3f3f0000
bf370000
3f980000
bf610000
be520000
beb40000
3e850000
3fb40000
be160000
bf0b0000
40190000
c0600000
3e8c0000
3f570000
3f920000
3f460000
3f920000
bfb80000
40040000
3f390000
bc1a0000
3f950000
3f360000
3f6c0000
bfb40000
bfa70000
3f5f0000
bf460000
3fbd0000
3dbc0000
bb6c0000
406b0000
3f860000
c0460000
3f330000
be1b0000
bf660000
be9b0000
3f8f0000
3ecf0000
be480000
3f870000
3ec00000
bfec0000
be840000
3f9b0000
3f840000
3f2b0000
bfa90000
bebb0000
be0b0000
bf920000
bf0b0000
bf4d0000
bf2c0000
bed10000
3e0b0000
bf5a0000
bfdc0000
bf8d0000
bdb10000
bfe70000
c01f0000
bea90000
bf8b0000
bf020000
bedc0000
40020000
3e5f0000
3fab0000
3eff0000
bf240000
bf2f0000
3f1d0000
bff90000
3ec20000
bdfe0000
be0d0000
3ef70000
c0290000
3f8a0000
bde40000
3ebc0000
3e040000
3fda0000
3ec70000
beed0000
3fb40000
3fba0000
3f9c0000
3f1a0000
bf850000
3e8e0000
bfd00000
3f6e0000
40990000
3d760000
bfd90000
bf910000
be760000
c03b0000
3fc80000
bf7a0000
3f500000
bf830000
3ff80000
bf0f0000
bf880000
3f6a0000
3e360000
3f890000
3f930000
3e9b0000
3f4f0000
bf060000
3fa80000
403d0000
bf0b0000
c0280000
3ddf0000
3ec50000
bef60000
be8f0000
befe0000
3e7e0000
be460000
3ef90000
be180000
bef80000
bea80000
bf0e0000
3f640000
bf8e0000
be680000
3ee00000
3f560000
3fe90000
3f840000
3fa00000
befa0000
3e400000
bfea0000
bfe80000
3fe10000
3fb60000
3f9f0000
bffc0000
3ea00000
3e940000
3fd00000
3fd00000
3e710000
3f910000
bf620000
3ff70000
c0090000
3c680000
bfbb0000
bfdb0000
3f7a0000
3fcd0000
3fcd0000
3fc30000
bfdb0000
3ef40000
bf820000
bf090000
3e9b0000
3f200000
3eef0000
3d5e0000
3fca0000
3fda0000
be710000
c0080000
bdd60000
3fbe0000
3fc00000
3ff80000
3e6f0000
3da30000
3e3e0000
40340000
402a0000
3efa0000
bec40000
3f280000
bfe90000
bfb90000
3f520000
3f840000
bec40000
3fbc0000
be7f0000
3d6c0000
bff50000
bffd0000
bdbe0000
be430000
bdc10000
3e8f0000
bf4f0000
3efd0000
3f640000
3e540000
bfab0000
bef30000
bee90000
3e040000
3f910000
3ff50000
bf6a0000
3f4c0000
c0140000
3c920000
3f820000
3e8b0000
3ed20000
3f010000
c00b0000
3d6a0000
3f050000
be8d0000
c0ff0000
3f610000
3d2c0000
bf3a0000
3f100000
bf7e0000
bea50000
3efd0000
40070000
bf750000
3fb30000
bfac0000
bfb70000
bfd70000
3f0c0000
bf480000
3d670000
3f240000
3ec60000
3d850000
3e130000
3f200000
3fa60000
3ff20000
3ee10000
bf110000
bec50000
3e290000
bf5a0000
3fa20000
3f9a0000
3fc60000
bed40000
3f2a0000
3f310000
3d5d0000
bf3c0000
bf8b0000
3f4f0000
3fd10000
40080000
3f780000
bf400000
bfc50000
3f9c0000
3e4e0000
3f250000
3daa0000
3ebf0000
3f590000
3fc60000
bd680000
3f210000
3e8a0000
3d5b0000
bf9e0000
3ead0000
3df30000
be920000
401f0000
3f420000
bf540000
bfa90000
3e480000
beca0000
3f6e0000
c0030000
bf0b0000
bdb10000
3fd00000
c00a0000
3f7c0000
3e630000
bef90000
400e0000
c04d0000
bf6a0000
bff10000
bfc50000
bf2b0000
bf5c0000
3f950000
bf360000
403e0000
400d0000
40290000
3f390000
3fb60000
3e9d0000
bfd70000
bf790000
3d5f0000
3bd00000
3ef50000
bf440000
40430000
3e4e0000
3f880000
bfe50000
3ecb0000
bfe40000
bf910000
bfc50000
400d0000
bf940000
3eec0000
3dc20000
3fd40000
bf280000
3faf0000
3ece0000
bf190000
befa0000
3f9a0000
bf2d0000
bdb30000
3f0d0000
3f340000
bee40000
be6f0000
3fb30000
bf540000
be200000
be220000
3f460000
3fff0000
3fc40000
c00a0000
beb00000
3f7c0000
bfc70000
3f7e0000
3f430000
3e790000
3f340000
bfb60000
3f8c0000
3ec60000
3e950000
bc930000
bf8c0000
be2c0000
3e860000
3fb40000
3f980000
3f030000
bf9f0000
3eae0000
40110000
3f530000
bb120000
3d8c0000
3e140000
3f140000
3f390000
3fed0000
400c0000
3e210000
3fd40000
bf810000
3fd20000
be5b0000
bf750000
3f6e0000
bea80000
bf9e0000
3f690000
be300000
3f230000
3e3f0000
be300000
bfac0000
becc0000
bf570000
bfea0000
3f040000
3f200000
bf8e0000
bfee0000
40230000
bfd40000
3f2d0000
3f8a0000
3f6e0000
3f9d0000
3f4a0000
be090000
bea20000
bffd0000
3f220000
bf220000
bd720000
be9f0000
3f060000
bf060000
c01b0000
400d0000
c0040000
3ec80000
3fce0000
bdb20000
3f850000
3fbc0000
bebe0000
bf4c0000
be920000
3ec90000
c0810000
bfe30000
3eaa0000
3fc60000
3fa30000
3edb0000
bfa60000
bf1b0000
3f9e0000
403d0000
bfe10000
bf9c0000
3f840000
3ed30000
3fe60000
3fef0000
bf0e0000
3e750000
bf9e0000
bf2e0000
bf130000
bf0b0000
bed50000
3c080000
3f730000
3f090000
bee70000
3f240000
be530000
be690000
bcdc0000
3f8e0000
3f330000
3ecb0000
3fc10000
3ef80000
3f990000
bfcb0000
40130000
3f230000
3f6f0000
c0450000
3e7b0000
3f710000
bfe00000
bf6b0000
3ed30000
bf6c0000
bfb40000
bdc40000
bfd40000
bf850000
3fbd0000
3f880000
bf8b0000
bf920000
bff90000
3d1a0000
bfc20000
beaa0000
3fc00000
bd920000
3f270000
3e260000
bf7b0000
3efe0000
bf0b0000
bee90000
bb9a0000
3df00000
3f000000
3ef10000
3e500000
bfad0000
bf220000
3ea50000
bdf10000
bdc90000
3faf0000
40090000
be7b0000
bf700000
3eb30000
3e860000
3f2e0000
3f240000
bfc00000
3e9f0000
bead0000
3d910000
be580000
3d140000
bfc40000
3f9c0000
3f2b0000
3fa50000
be490000
3fa00000
bf750000
bf020000
bf820000
bfd80000
bf0d0000
3fa40000
3f640000
bf990000
3fe90000
c0080000
40390000
3ee20000
bf030000
bfcd0000
3fef0000
be4c0000
3f920000
bf010000
3d3d0000
bedb0000
3fb40000
3fea0000
be9f0000
3d250000
3ff20000
bfdd0000
3f290000
3ee40000
c0160000
3e980000
3fbf0000
3e9b0000
bf7d0000
3f490000
3ed50000
3fe90000
3fa70000
3da20000
3f690000
3f980000
bf540000
bef30000
3ec50000
3e770000
bf1a0000
3e820000
3f950000
c00c0000
3e8b0000
bc330000
3fc10000
bf990000
3f500000
3fbb0000
bfdc0000
bf800000
3fb10000
bff80000
3fee0000
bffe0000
40140000
c0580000
40070000
bf900000
3f930000
3eb00000
3eff0000
c00d0000
be9c0000
40550000
bf750000
bf350000
3e820000
beb40000
3e540000
bf6d0000
3fac0000
bf700000
be1f0000
3f850000
3e200000
3fb80000
bf610000
3f8d0000
c0070000
bffb0000
3f850000
3d380000
c0470000
3ff70000
c0030000
be2b0000
3fe70000
bef30000
3cb30000
bda60000
bf090000
3ef60000
bf350000
3eed0000
bea60000
be860000
3ed90000
3fa40000
bc130000
bf4d0000
bfb00000
3edd0000
bf230000
bf5b0000
3f110000
bd6b0000
3f7c0000
3e0a0000
3e050000
bf670000
c0030000
bdaf0000
3e480000
bddd0000
3ffc0000
3f490000
c0200000
3e7e0000
bf240000
bd950000
3f510000
3f5e0000
be9c0000
3f380000
bec40000
bcec0000
3f4d0000
bd2d0000
3e970000
3ef10000
3ec80000
bdd20000
3ffb0000
3fa10000
3f850000
c00b0000
bf2a0000
bf360000
c03b0000
c0000000
3e990000
3fca0000
bf290000
bfec0000
3f2c0000
bfe00000
bfb90000
bfca0000
3f4d0000
bfc10000
3fcb0000
3f970000
bfb60000
3e920000
bf100000
3fae0000
bec10000
bfbf0000
beca0000
bf070000
bf740000
c00a0000
bea50000
bdcd0000
bf3e0000
3fda0000
bf140000
bf9a0000
befe0000
3fbb0000
bf580000
bea80000
bf420000
3ecf0000
bec40000
be240000
bf310000
3e8d0000
bdcf0000
bf8e0000
beac0000
3f260000
bf020000
befb0000
40540000
3e1e0000
3f3d0000
3f970000
40280000
3fdb0000
3ec40000
3fd70000
bf080000
bf3b0000
3eb20000
3e900000
bf4e0000
be9f0000
bf490000
40050000
bf030000
bfc10000
be880000
bfbe0000
bf440000
3c4d0000
bff10000
bf5e0000
3fbb0000
be870000
bfed0000
3f110000
be4a0000
bf960000
3f310000
3f080000
3f790000
bf0f0000
3ec80000
3ea20000
3f050000
3f710000
bfd90000
bf160000
3f8e0000
bf860000
bf1d0000
c0330000
40170000
bfdd0000
bf6b0000
bfb00000
3f460000
3f2a0000
bf2f0000
be8d0000
3f030000
3f8d0000
c0080000
3e5b0000
be8e0000
bf5b0000
bf8d0000
be2e0000
be950000
bf190000
bfee0000
3e290000
bf380000
be8f0000
3cbe0000
3e450000
bfe60000
bffa0000
3f200000
c0170000
3e940000
3f220000
bed50000
bf1c0000
3fcf0000
3f200000
3fac0000
bf390000
3fb20000
3fce0000
bf970000
3fce0000
bf230000
3d5b0000
beb10000
3f110000
bfe90000
bf9f0000
3f910000
3e930000
3eea0000
c0190000
3e9a0000
3f830000
bf200000
bfaa0000
3f950000
bfb20000
3f150000
bf180000
3f330000
3e070000
3fe90000
3f5e0000
beea0000
bfb50000
bf340000
be8b0000
be7e0000
be090000
bec90000
3fb10000
bfb30000
3d890000
bf350000
c04d0000
3fd90000
3f3f0000
c0340000
bf4e0000
bf2e0000
bf6a0000
bf900000
3e0e0000
bfc80000
3f8f0000
bebc0000
bdc70000
3f660000
3ed90000
3fdd0000
3f980000
be2c0000
3fc00000
3fcb0000
bd350000
3f4f0000
bfb50000
3d9c0000
3ee20000
3ec60000
400a0000
3e7a0000
3fc60000
3edf0000
3f4b0000
3f810000
becf0000
3fee0000
bfac0000
bfb10000
3ed10000
3f910000
bed00000
bf380000
bf650000
3f040000
3ff00000
bf980000
bef60000
3eba0000
bf880000
3ee50000
bf870000
3f9f0000
bf490000
beef0000
3f500000
3f4c0000
3fbb0000
3fef0000
3f200000
40110000
3eb40000
be190000
beff0000
3d170000
bf420000
c03d0000
be1a0000
40180000
3e1b0000
bf720000
c0020000
baa80000
3fcc0000
3f970000
3f5a0000
be980000
bef20000
c01f0000
3f6e0000
beed0000
3ff40000
c0180000
bf6a0000
3f000000
bf250000
3f4c0000
3ee20000
bf850000
bfc70000
3fe60000
bedf0000
be150000
bf8a0000
3e7f0000
3f9c0000
bf730000
3ec50000
3e9f0000
bf530000
be580000
3f970000
be620000
3ea30000
3dda0000
bfbf0000
3fb30000
bf950000
bde10000
3f9f0000
3e900000
bf9c0000
3fb20000
be430000
be5a0000
bf660000
bfee0000
3f470000
3e470000
3ec10000
c0260000
3e000000
3fa50000
40130000
c0160000
3f5b0000
3e370000
bfa30000
3fe10000
bf0c0000
3dc20000
3e2e0000
bf8a0000
3e1b0000
bde80000
3f910000
3f310000
3f1a0000
3f960000
3f810000
3ffc0000
3f840000
3f9e0000
40480000
3f1e0000
3e790000
be020000
bf130000
3f590000
beea0000
3f820000
be390000
3fc30000
c0380000
bf470000
3faa0000
bf1a0000
bdba0000
3ff40000
3fa40000
bfdd0000
bf5d0000
bf7d0000
bf540000
c0100000
3fc10000
3f930000
3f910000
bf030000
bf840000
3bcc0000
3f0e0000
bf8f0000
3e4a0000
c0380000
3e670000
bfca0000
bee90000
3fbd0000
3f240000
be090000
40260000
3fc80000
bea50000
3f9f0000
bc220000
3de10000
3eb00000
bdbc0000
bf710000
40670000
3e560000
bf940000
3ff80000
bea60000
3fcf0000
3f820000
3f450000
bd920000
3f0b0000
3f9a0000
be1c0000
bfc00000
3dda0000
be940000
3edd0000
3f920000
bf7f0000
3f2f0000
bf3e0000
bf9c0000
3eca0000
3fbb0000
bddc0000
bf1e0000
bfb10000
40260000
bfd60000
bf950000
40390000
3f710000
3e670000
bd520000
c0030000
bd8b0000
3f270000
c0400000
3e360000
bf440000
bd440000
becb0000
bfa20000
3fd90000
3f820000
be940000
bfa70000
3fd30000
be7e0000
3fef0000
bfc40000
3fb10000
c0210000
3f1f0000
3e500000
bf870000
3f060000
3e740000
3f6c0000
bf0b0000
3ea40000
bdce0000
3f1a0000
3e0f0000
3c710000
3f9d0000
bf130000
c0590000
3f100000
bffc0000
3eb60000
3ea80000
40090000
c0420000
be8d0000
beac0000
3f280000
3f1e0000
40210000
bf6d0000
40380000
c01a0000
bf960000
bf5d0000
3ffc0000
bfca0000
bb4c0000
bf050000
bfb50000
3f1f0000
3ffa0000
be350000
3fb70000
3f290000
bf630000
3ff80000
bf020000
bfd10000
bfd80000
bf200000
bf2b0000
bf630000
3f280000
bfaf0000
3dc70000
c02e0000
be0a0000
3f0e0000
3f710000
c0510000
3f1c0000
3d9e0000
bea10000
3ff90000
bfbe0000
3d520000
3db90000
40170000
bf900000
3fc20000
be8b0000
3f9b0000
bfc80000
3f490000
bdf90000
c0140000
bf560000
be270000
3f7f0000
3f130000
3ff10000
be300000
3f3d0000
bf670000
bed00000
3fd20000
bf300000
bf5a0000
c02c0000
3f450000
3f010000
be970000
3fc80000
3ebe0000
bb9f0000
becc0000
3eef0000
3dd00000
bfd70000
3f760000
3fc00000
bf870000
bd9a0000
bfb30000
3f8f0000
3f270000
3f100000
bf6c0000
3fa10000
3f0e0000
3fe00000
3ed00000
3f3c0000
bf390000
be8a0000
bfac0000
3fde0000
befd0000
3fc70000
3fbb0000
40100000
becc0000
3f4e0000
3e230000
3fd70000
bef30000
3fcf0000
bf070000
bf520000
bf290000
3f840000
3e390000
bf190000
beae0000
bf9b0000
bf350000
bf990000
bf2f0000
bf020000
3d830000
bf760000
bfbb0000
3f500000
bff20000
bf8b0000
bf1c0000
3f340000
bdf90000
bf2f0000
bf2e0000
bf8d0000
3ea50000
3f470000
bdbe0000
3e570000
3f560000
c0030000
3ed30000
bf2e0000
40150000
3faf0000
3e090000
3f6b0000
bec50000
3fb20000
40080000
bfb10000
3fc80000
bf350000
3e110000
bfa20000
3f390000
bfb20000
3fef0000
becb0000
3f070000
bf6b0000
be6e0000
bf780000
bec90000
bdb20000
3f990000
3d220000
3f780000
be3b0000
40230000
bfc60000
bfce0000
3f360000
3e920000
bf100000
befc0000
be250000
be8e0000
3ec70000
3f380000
3f3a0000
3f830000
be0e0000
3f330000
bf5f0000
bfdc0000
3e1f0000
bfe60000
be600000
402a0000
be290000
3fbf0000
bf690000
3d7e0000
bf8d0000
3ffc0000
bf020000
be1e0000
3e300000
be340000
bfd10000
3ffe0000
bf010000
bd440000
bc270000
3f5e0000
bf8a0000
3de70000
becb0000
3fb40000
bfd60000
bd900000
bf0d0000
3fa20000
3ee40000
3d9c0000
bf070000
be870000
3f640000
bf910000
3c9f0000
c0090000
bf830000
3f110000
bf6d0000
be7b0000
bff60000
be8a0000
bf670000
bf4c0000
bfa10000
bee50000
beb10000
3f830000
3f6b0000
bea00000
3f920000
bf160000
bd240000
bea20000
3f570000
bed50000
bed20000
bf200000
c0060000
bf870000
3ef90000
bef40000
bd7b0000
bf990000
3d480000
bf040000
be740000
402e0000
3f980000
bf550000
3ef50000
3f890000
bf670000
3eb60000
3f600000
be740000
3f8a0000
beaf0000
bf9f0000
3ef10000
3e4b0000
3e5e0000
bf970000
3fef0000
3f2f0000
3fb20000
3faf0000
3f2b0000
3f1e0000
40010000
bfdb0000
3ead0000
bf820000
be730000
bf490000
3f400000
3de60000
bde60000
3f180000
3fde0000
bfb10000
3f9c0000
bf050000
3e850000
c03b0000
3e1a0000
be1d0000
3f550000
3fa40000
bfe30000
3f8e0000
bf950000
bf920000
bd8c0000
3f860000
3faf0000
3f5d0000
be7b0000
bf830000
bef40000
3f420000
bfe80000
3ff10000
3fec0000
be940000
bede0000
be040000
bfb00000
bf850000
3ffd0000
bfce0000
3ea30000
bde90000
3d380000
c0100000
bec70000
3f0d0000
3f830000
3fb20000
3f500000
c0040000
40310000
bfdd0000
400b0000
bef50000
3fa90000
bf090000
bf850000
bfc90000
3f720000
bfa30000
bf0f0000
3cef0000
bea10000
bdab0000
3fe10000
bfb60000
3fa40000
3e150000
bffe0000
bf1a0000
3f5f0000
c01b0000
3fbd0000
bfce0000
bfa20000
be750000
bf8e0000
3ecd0000
3f080000
3efa0000
bff60000
bf4d0000
3f240000
3fa50000
3f140000
406e0000
3eec0000
bfeb0000
becc0000
bf080000
bf170000
bf460000
be8d0000
3f250000
bed10000
c05a0000
bfbc0000
bf820000
3dae0000
3f390000
bf4b0000
be7a0000
bedc0000
3fb30000
bf480000
bf500000
bf310000
bf810000
3f600000
bf970000
bf070000
bf5b0000
bf980000
3fe20000
3e610000
bcf00000
bea20000
bdfa0000
be470000
bead0000
3fd40000
bf650000
bf850000
3d0c0000
c0140000
bf1b0000
3fe90000
3ec30000
3e9d0000
3e570000
bf960000
3d4d0000
3f380000
bfc70000
3faf0000
3f2c0000
3f310000
3fd90000
3f0e0000
bef60000
3f3f0000
bfc60000
3fd30000
3ddc0000
3f870000
bfc10000
3f720000
be1e0000
3f570000
be820000
3f020000
3fd20000
be6e0000
bec40000
bf2a0000
bfa10000
bf580000
3f070000
3ecc0000
3fb10000
3f1f0000
bfb40000
bd2a0000
bf6e0000
3e740000
3da10000
3f9e0000
bf480000
be8b0000
bec50000
bf090000
403b0000
3e820000
40130000
40190000
bf1b0000
bf6c0000
3f9f0000
3f360000
3fd60000
3f7c0000
40140000
3fff0000
be3a0000
bf380000
3e8b0000
bf670000
3f5b0000
c0410000
3e1d0000
3f360000
3dd60000
3e470000
bef40000
3f240000
3f8a0000
be5e0000
3fb00000
3f340000
be920000
3f2e0000
bf9b0000
c00c0000
3e120000
bf040000
3f5f0000
3cb90000
beda0000
3f610000
3f680000
3f200000
3ec90000
bf120000
bd3b0000
bfb80000
3f8c0000
bce80000
3d8a0000
3c570000
bea00000
bedb0000
bf360000
bf580000
3f6c0000
bd190000
be380000
3f4f0000
be2e0000
bfac0000
402d0000
3f260000
3f360000
3f110000
bef40000
3ee70000
402e0000
3f200000
bfbd0000
bed30000
3f350000
bff50000
40350000
3fc90000
3d3c0000
3c240000
3f570000
3f8c0000
3f130000
bed70000
3f870000
be8a0000
bf150000
c0160000
3f890000
3ced0000
be8f0000
bf4f0000
bdb40000
3cc90000
3f110000
bf0f0000
bf8a0000
bf900000
3f920000
3f310000
3d5b0000
bece0000
be020000
bf780000
3de60000
bf850000
3f740000
3fac0000
c00b0000
bfbb0000
3f530000
c0000000
3e470000
3d7f0000
bf660000
bfce0000
3e030000
bee00000
bee50000
3f860000
bf480000
bfad0000
3fb30000
bd0f0000
bef10000
bea80000
bcc90000
bff00000
40480000
bea90000
3f800000
3fb30000
3f0d0000
3da70000
bedd0000
3f2d0000
be980000
400d0000
bf190000
bf950000
3fc50000
beb00000
40400000
3f630000
bf400000
3ed30000
3fdf0000
3f730000
bfbf0000
3f890000
bf9e0000
3f970000
bf4d0000
3f940000
bf880000
3f5b0000
bf4f0000
bfa10000
bf440000
3f440000
3e610000
3f850000
3f980000
bf690000
bfc50000
3e850000
3f830000
bf980000
bed90000
3e8f0000
bfdf0000
bf700000
3dfa0000
3f7a0000
3f6b0000
bf5d0000
3f980000
bfcf0000
3e860000
bf820000
3f920000
bfcb0000
3fad0000
bfd00000
3fdb0000
40100000
3fc40000
bfb90000
bec50000
3fa50000
bd8b0000
3edb0000
3f330000
bebe0000
bea80000
3ff90000
bf380000
bf170000
bf5c0000
3d840000
3ff90000
becf0000
3fcf0000
bf7b0000
3f850000
3e9a0000
bf5d0000
bf630000
be500000
3fb90000
3e290000
3e900000
be910000
3fa70000
be020000
bfbb0000
bf6f0000
bfc30000
3edf0000
bf5e0000
bd710000
bf250000
bf350000
bfe50000
3f880000
bf530000
bf880000
bdb40000
bede0000
3fb00000
bf000000
bfea0000
3f290000
3f640000
3f090000
40290000
bf2d0000
3edb0000
bfdc0000
3d410000
bf150000
3f050000
3fb50000
bc140000
bf620000
3f710000
be770000
bf040000
3f660000
bd700000
be970000
bf030000
bf770000
bf070000
3eb80000
3fb70000
3f460000
3ec10000
3fca0000
beb50000
3ee80000
bd020000
3fc90000
40110000
3e4c0000
3fa20000
3cd80000
3fa10000
3e8b0000
bd180000
be9e0000
3dcd0000
3f810000
3f800000
bf830000
bd820000
3eb20000
40050000
bcf00000
3e1a0000
3fc40000
bee90000
bd8f0000
bf1b0000
3e8d0000
3eb70000
3d850000
3f140000
3f5d0000
bfdf0000
bf910000
3f4a0000
be320000
3e850000
3fc30000
3fa40000
3f5c0000
3f930000
3fb00000
c0260000
bccd0000
bfa30000
3f550000
bed60000
bfaf0000
3f030000
bf2f0000
3f440000
3f860000
3f880000
bf590000
bf890000
bfad0000
3fb50000
3f680000
3fe70000
bec00000
bfc20000
3ed00000
bf700000
3ea50000
3fbf0000
3eb50000
be280000
3f560000
bf1a0000
bfb20000
3e010000
bd920000
3d220000
3ff90000
bf780000
3e040000
bfce0000
3f840000
bf820000
3f010000
bf530000
3e470000
3f440000
3fdc0000
3d330000
c0530000
3f180000
bece0000
3e840000
c0270000
bf7b0000
3f060000
3e0f0000
3c540000
c01a0000
40240000
3f4d0000
3f1d0000
3e9a0000
3ef20000
beb60000
bece0000
bf550000
3f790000
3ec00000
bfa00000
3eda0000
3e950000
3eb70000
3f8e0000
3fb00000
bdac0000
3e990000
bc440000
bdad0000
be310000
3f110000
3f300000
3f690000
3f850000
3f210000
bf5e0000
bfd00000
bee30000
3f9a0000
bd2b0000
40090000
3f0b0000
bf100000
40010000
3f790000
bf6a0000
be130000
3fa00000
3fa80000
bf890000
3e900000
bd5d0000
bfd60000
3f560000
3d900000
befc0000
bf810000
bf820000
3f390000
bf390000
bfd90000
3fa80000
bf440000
3f250000
bfb40000
3f9b0000
3f350000
3e870000
bf850000
bdf70000
3f9c0000
3f9c0000
40520000
3f220000
3ffe0000
3d710000
3ec30000
3fd20000
3f900000
3fd30000
bf730000
bfd40000
3e2d0000
bf650000
3ee80000
bdb30000
3f0d0000
3f220000
3f8f0000
bf0a0000
3f9b0000
be790000
bf5f0000
3f630000
3ee00000
bfec0000
3d390000
bdfc0000
3f970000
bfd60000
bf860000
bf4f0000
3ebd0000
3f3d0000
bed00000
bec40000
3f930000
40070000
40330000
bc4b0000
be050000
3f600000
be2e0000
3f950000
3f7a0000
3fd20000
bf830000
3ee40000
bded0000
bf0c0000
bf8b0000
bf970000
3fcd0000
3fa20000
bee20000
bfff0000
bf240000
40610000
bf860000
3f2c0000
3fa70000
bfdf0000
bf4a0000
3f160000
bf9d0000
3fe30000
3f720000
3e7e0000
bf650000
bf620000
be890000
3f9f0000
bfa30000
bfd00000
bef60000
3f430000
c0030000
bcd40000
bf1c0000
40710000
3f350000
c0230000
3f9c0000
3fc50000
3d680000
3f200000
bd200000
3fba0000
bfc00000
3dee0000
3fa10000
3e6e0000
be8f0000
bfa30000
bf4a0000
be910000
bf8f0000
3e880000
bfb70000
be960000
bbd90000
bd890000
bf180000
befb0000
3f220000
3e650000
3d450000
3faa0000
40070000
3e510000
3f9c0000
40130000
be550000
bfb70000
c0650000
bf870000
bf430000
3f040000
bf2e0000
3e4f0000
3fc90000
bf480000
bf1d0000
bd7b0000
bf470000
3ea10000
3dbd0000
3e920000
3e7c0000
3e880000
bfd70000
bfde0000
3f100000
3eff0000
3e960000
bf4d0000
bf290000
3d2b0000
bf1c0000
3ecc0000
40110000
3f990000
3fd60000
bf140000
bf520000
bff30000
3f830000
3eae0000
3fde0000
bf090000
beed0000
3ea30000
bee20000
bf160000
bf1c0000
bfe00000
bf870000
3f0b0000
3e820000
3ee60000
3ea90000
bfbd0000
3c320000
bfb50000
3e810000
3d440000
bf640000
3cdc0000
3ed80000
be5b0000
bfb60000
3fb60000
3f1a0000
3f900000
be330000
bf420000
3f5f0000
bef70000
3f380000
3eb20000
bfd30000
3d3e0000
bf290000
be2a0000
bed90000
bfd40000
be2d0000
3f060000
3fef0000
3e060000
3fca0000
3eb00000
3eed0000
bdbd0000
3f630000
bf8d0000
3fa60000
bdfa0000
3f520000
bda80000
3eae0000
3da40000
bfa50000
bf890000
3f420000
be440000
3ecf0000
40020000
bfc10000
3fcf0000
3f610000
3f860000
3ec30000
3def0000
bf0a0000
3f9f0000
be630000
3eb00000
3f6f0000
bf510000
bfde0000
3ebc0000
40090000
3ff90000
3ee90000
be590000
3fa50000
bd220000
bfc50000
bfb40000
bf660000
bf0f0000
bfb50000
3f520000
3f850000
3e4c0000
bdbb0000
3ec60000
3eec0000
bf830000
3f4b0000
40000000
bfca0000
bfc10000
3f5f0000
40170000
c02c0000
bfba0000
3f360000
3f810000
3ef10000
3ea00000
3eb40000
3d850000
3de30000
bf840000
bbe40000
3fdc0000
40050000
beeb0000
bfa40000
3f1b0000
bfce0000
c0000000
3fcd0000
3e240000
be0a0000
3f210000
be160000
be4b0000
3f170000
3f220000
beba0000
3e770000
be2c0000
be8c0000
3da60000
3ee10000
be5f0000
bdce0000
3d360000
3e590000
be1c0000
3c5c0000
bdd40000
3eab0000
3de70000
3e840000
3daf0000
be810000
bec20000
3e830000
bf0b0000
beb40000
3eff0000
bec70000
bdf10000
3e7d0000
3cf90000
be130000
3c150000
3ea70000
be400000
bdfd0000
3e0e0000
be680000
3edb0000
3e690000
bc7f0000
bd660000
3eca0000
bf010000
3f2d0000
3ef30000
3f4b0000
3db60000
b8c20000
3ea00000
3cbf0000
bea40000
3ee10000
3e9a0000
3eba0000
3e8f0000
be370000
be1f0000
3e780000
bd540000
bf520000
3e210000
3f040000
3f290000
be950000
3d9f0000
bf080000
3d050000
3e4c0000
3e180000
3eb70000
3f120000
3eac0000
be840000
3f080000
3da70000
bd440000
bf150000
3da40000
bdad0000
bf090000
be940000
bca60000
bf100000
3ead0000
bea00000
3e840000
be090000
3cc20000
be950000
3e360000
3e8c0000
beba0000
bdf10000
bc5a0000
3e0a0000
be0d0000
bd650000
3ed90000
3d850000
3e530000
bf370000
3e440000
3e0d0000
beb90000
bd760000
3e690000
bd790000
bf240000
3d4b0000
3d780000
bf370000
bde10000
3ebc0000
bf200000
3eba0000
3f520000
bedc0000
3e760000
3efd0000
3c0b0000
bec30000
3e3f0000
3dc80000
3f0f0000
bed60000
beff0000
be3a0000
bdf40000
3e1d0000
bd3d0000
3ece0000
bec60000
3f0a0000
becf0000
3ea60000
3f3a0000
bed20000
bc9a0000
bd730000
3d9a0000
3e820000
bd900000
3e020000
bb7a0000
3e7e0000
3cbb0000
bdb60000
be8f0000
bd8d0000
3d7f0000
bde90000
be1f0000
3e9c0000
3d1f0000
3e130000
3f030000
bd5b0000
bea50000
be8b0000
bef10000
3e610000
3e890000
bd220000
bd5d0000
beaa0000
3e0c0000
bf720000
bee50000
3e850000
3d5e0000
3e150000
bf160000
3ead0000
bd600000
bd740000
3e1e0000
bd1d0000
3e050000
be7c0000
3d360000
be090000
3dd30000
3da70000
bf190000
3e820000
bd230000
bee40000
3ec20000
3eb00000
3b880000
bef50000
be6c0000
3f130000
bd5d0000
beb20000
bf360000
be2a0000
3dba0000
3e190000
3e5b0000
bdc40000
be840000
3eba0000
bce70000
3e3d0000
bd570000
3ef60000
3e930000
be830000
be0a0000
3e4d0000
3cc10000
3ba60000
bf0f0000
3da30000
3e890000
3cd30000
be850000
3e060000
be300000
3f3a0000
be080000
be920000
3e2d0000
3da00000
3d800000
bf140000
3ece0000
3f7b0000
3f210000
be840000
bece0000
bce90000
bd030000
bdb60000
be830000
3ea40000
3e4c0000
3e810000
bca30000
bea00000
3f2b0000
3caa0000
3e9f0000
bd2f0000
3d860000
3e000000
befb0000
be870000
3eda0000
3e600000
3e6e0000
bf4c0000
be9a0000
3e940000
3eb40000
3e1a0000
3c940000
bf350000
be3d0000
3c830000
bf180000
3ef00000
3e920000
3ddd0000
bd900000
bd880000
3d990000
3d370000
bf090000
bea70000
3ec10000
3ea20000
3e840000
3e3d0000
3d8e0000
3e8a0000
3d1d0000
be1b0000
bd1d0000
3ecd0000
3dc10000
be9d0000
3dd80000
3edc0000
3ddf0000
bd8e0000
beef0000
3e340000
3e690000
3ded0000
3e920000
be400000
be8a0000
3eb90000
3e7b0000
be7b0000
beb10000
bf5c0000
be1a0000
be270000
bdbe0000
3d210000
3e3a0000
be800000
bf550000
3e1e0000
be920000
3ee50000
bebf0000
be640000
bd270000
bedb0000
bc880000
3e890000
bd570000
be010000
3e840000
be980000
3de30000
3d8c0000
3c880000
3e6d0000
bf2c0000
3e910000
3f060000
3da80000
bde00000
3e1b0000
3e2f0000
3eb80000
3f170000
3e340000
be7b0000
3f000000
be700000
3db70000
3e350000
bd9e0000
bc6e0000
beea0000
be680000
bdde0000
3ef90000
be0e0000
be4d0000
3cad0000
be930000
3f1e0000
3e540000
3e9c0000
be330000
befb0000
be5b0000
3e720000
3da50000
be700000
bd580000
bdb50000
3e8c0000
bbaa0000
3e5a0000
bb110000
be8d0000
3d7d0000
bf210000
be430000
bef80000
be4b0000
becc0000
be810000
be900000
be9b0000
3e680000
3e3d0000
bf060000
3ea60000
be450000
be850000
bf2e0000
3eea0000
3eae0000
3db30000
3cd70000
3e340000
bdcf0000
be8a0000
be200000
3e570000
3e2e0000
be920000
3e910000
3f310000
3e2a0000
be240000
3dce0000
bd890000
3dc40000
3e3a0000
bdbb0000
3f040000
3eae0000
3ec00000
3b8f0000
bdea0000
3eac0000
bea90000
be240000
3e100000
3f2c0000
bede0000
3ecc0000
3f040000
bf2a0000
bf1a0000
3d830000
bf060000
3ed90000
bf140000
3eaa0000
bde10000
3d990000
bf520000
bf0a0000
3e880000
bcf90000
3e130000
3e920000
3f030000
bef20000
3f1e0000
3e340000
bdd50000
be850000
3e350000
be490000
3da80000
3ece0000
3eb60000
bd7b0000
bdc80000
3e010000
3ca50000
3db10000
3e590000
3df90000
bdda0000
3ddb0000
bdb70000
3e1d0000
be630000
be940000
3ded0000
bec50000
3e9c0000
3d660000
bceb0000
be6c0000
3f260000
3e9c0000
bc910000
3ec50000
bead0000
bf080000
bec80000
be8b0000
3e090000
bed90000
3e370000
bf050000
beb00000
3e300000
be410000
bf180000
3d5a0000
bdcb0000
3d5f0000
3f2a0000
3e540000
3c930000
3ef70000
be970000
bec80000
3e270000
bdf60000
3e780000
be2f0000
bdc50000
3f130000
beb90000
bda10000
be8a0000
beed0000
bd750000
3e950000
3dba0000
3d8d0000
bd4e0000
3e5b0000
bdd20000
3e490000
be0e0000
bf3f0000
3e4a0000
3eba0000
3dc50000
bd4d0000
bdcb0000
be760000
be740000
3e290000
be090000
3ed70000
be230000
bdb40000
3f540000
bc0c0000
be650000
bdfb0000
bdd60000
bd680000
3ea70000
3ea10000
3eea0000
3dd50000
3f4e0000
be560000
3e8b0000
3dc50000
bdfc0000
3bb10000
be730000
be740000
3d9d0000
3e5f0000
3d4e0000
be500000
bd180000
3dae0000
bf1a0000
beba0000
3e4a0000
3c390000
be200000
3edf0000
3f250000
bdd90000
3cbf0000
bdb00000
bd2d0000
3e170000
3e0c0000
3eda0000
3c260000
3e910000
bec60000
3e270000
3e010000
bf700000
3eda0000
bcc60000
3e0f0000
bead0000
bcea0000
3e950000
3ec30000
3e280000
bdb40000
3eef0000
3f2d0000
3dc50000
3e730000
3e070000
3f490000
3f470000
3d950000
3dec0000
3da40000
3f7e0000
be8e0000
be260000
bf470000
3e740000
3e850000
3dc80000
3e250000
3d780000
3eba0000
3e910000
3ef80000
be170000
3f3a0000
3e080000
be4f0000
3e920000
bec40000
bf010000
bea30000
be450000
3ec20000
be160000
3f190000
3eb10000
be8f0000
bf350000
bdc60000
3edc0000
bf3b0000
be880000
3df50000
3ed10000
3e600000
3cb80000
3f020000
be1c0000
3eba0000
be660000
bd0f0000
bd580000
bbcb0000
bee80000
bcf50000
bc270000
bee70000
3c0e0000
beb70000
3ed60000
3dd50000
be050000
becb0000
3dc70000
bd9f0000
bdbc0000
3ddb0000
bf310000
be200000
3e400000
3e350000
3e2d0000
bee40000
3ec40000
bea30000
bf6c0000
bd4c0000
beb20000
be680000
3f090000
be760000
3f010000
be660000
bea90000
3dbd0000
3f050000
3e220000
3dc80000
bdae0000
bd030000
3c8b0000
3ae60000
bef70000
be5e0000
3e9f0000
3d6b0000
be960000
3e230000
3ea00000
3b860000
be110000
3eb60000
be880000
bbf40000
bedb0000
3cbf0000
3ea40000
becd0000
be200000
3e2b0000
beb10000
3d150000
3c970000
bed20000
3d620000
bd5e0000
bd860000
be820000
be390000
bdb70000
3d1e0000
bc450000
3eb40000
3e590000
bebc0000
3ced0000
3f030000
3f4d0000
3f090000
3f220000
bcbb0000
3e990000
bd920000
bba60000
bd890000
3cb70000
be890000
bf110000
3f030000
bdbe0000
3ef20000
be8c0000
bcfb0000
bea10000
bdd60000
be1d0000
bea80000
be3e0000
be050000
be410000
3dd80000
3ce80000
3bb00000
3c0b0000
3d110000
bcd30000
bdc50000
be140000
3ee70000
3ecd0000
bdfc0000
beed0000
bd6c0000
3d920000
bdff0000
3e3a0000
3e3b0000
be980000
3e950000
3d710000
bd830000
be610000
3cd90000
3ed80000
be0b0000
3e410000
3f100000
3c9e0000
3ebb0000
3f0b0000
3f320000
3d3e0000
3eb70000
be640000
3f110000
3ed00000
bed20000
be620000
bde90000
3e000000
beba0000
3ed50000
3dd20000
be6c0000
3eb20000
3da30000
bdf10000
3db30000
bf110000
3e900000
be880000
befb0000
3e530000
3c990000
be7b0000
3eab0000
bca90000
be900000
bf2b0000
beb70000
3f0a0000
be520000
3f050000
be150000
be690000
be8f0000
bdd00000
bcf40000
be160000
3e0d0000
bf070000
3f1b0000
3f160000
bed20000
3e760000
bdf10000
3e620000
bed60000
3f100000
bdb00000
3e3f0000
3e820000
3f0e0000
be690000
beea0000
be9e0000
3dcf0000
bd9f0000
bd1a0000
3dd60000
3f100000
be010000
be640000
3ea80000
bdca0000
3e170000
3ed20000
3e830000
bdfb0000
becf0000
3ca10000
3cd90000
3e350000
3df90000
3dad0000
bf300000
bea00000
bede0000
3c770000
3e0d0000
bdb60000
bb6f0000
3d9a0000
3e1b0000
3e930000
beac0000
3f920000
bd5a0000
be1a0000
3e750000
be600000
3e9d0000
3d5a0000
be9b0000
bf260000
bd620000
bf4a0000
3efb0000
bde30000
3f0a0000
3e8e0000
3e540000
3f0f0000
3db00000
be710000
be930000
be120000
3ee10000
3e200000
bc640000
3e450000
3eb90000
be870000
3e500000
3d900000
3da20000
be180000
be140000
bd7b0000
bd890000
3e150000
3e010000
3e8f0000
3d250000
bdef0000
3e900000
3d570000
beb50000
3cc10000
bea20000
3f070000
3efa0000
be7a0000
bcf70000
bee70000
bdbe0000
3e810000
3d250000
3d950000
3e220000
3f460000
be8a0000
be1b0000
3e3c0000
3e5b0000
be320000
be900000
3dc40000
be160000
beca0000
be310000
bf280000
beca0000
bee90000
bf2b0000
bf110000
3ea80000
3f170000
3e380000
be750000
bee70000
3ebd0000
bea80000
be780000
be4d0000
3d970000
be320000
3e620000
befc0000
3f090000
3e860000
bdc60000
3f1b0000
bdb10000
3efd0000
3cb30000
3e490000
beeb0000
3ecd0000
3e800000
bd660000
3df60000
bed30000
3e140000
bea90000
3e140000
3e9b0000
be9d0000
3d460000
3e560000
3e7e0000
be580000
bf090000
3e110000
3e1d0000
bde50000
3efc0000
3f020000
be650000
bdf20000
bda40000
3de20000
3e000000
bf160000
be560000
3ecc0000
3c0e0000
3e010000
3ef60000
bef70000
3eb00000
3e760000
3eda0000
bea90000
3d770000
3df40000
3ebc0000
3b610000
be590000
3e2b0000
bf460000
becd0000
be110000
bcfe0000
3df80000
3e1f0000
3e910000
bedf0000
3e4e0000
be3c0000
3f2b0000
bf0a0000
3e960000
be460000
bdae0000
bdeb0000
be3e0000
3c5d0000
be0a0000
bcd00000
be480000
bdbe0000
be180000
3e950000
3d450000
3e3d0000
bd280000
3e930000
bea20000
be490000
be4d0000
bf0a0000
3e080000
3f1b0000
3f030000
3da10000
bdc80000
bdba0000
bdc00000
bcbe0000
3eb90000
3e920000
be4c0000
beb70000
bf0c0000
be640000
3ed20000
bd280000
3ec10000
beee0000
3f080000
bd5b0000
3ea00000
3dbe0000
be0d0000
bd860000
3eb90000
3edf0000
bb8b0000
3c460000
be540000
3e2a0000
be260000
bf1d0000
be840000
be1f0000
bf280000
be640000
3e930000
3bb40000
bd9d0000
3e370000
be0c0000
3e0d0000
3c8f0000
3e1e0000
bc780000
3b3c0000
be790000
3e170000
bd680000
3e210000
3d450000
befc0000
be1d0000
bf400000
be6d0000
bd5b0000
3d5e0000
3dad0000
be9c0000
be090000
bc6f0000
3f3a0000
bcac0000
3e100000
bea20000
bed00000
3e6f0000
3eac0000
3ead0000
3f030000
bee90000
be8e0000
becf0000
be710000
be070000
be4d0000
3e8d0000
be270000
3ee30000
3dcf0000
bd300000
3ed90000
bbaf0000
bd600000
3efd0000
3f150000
bd9b0000
3e330000
3ddd0000
3db30000
bd980000
3ede0000
3e120000
bdf40000
be310000
3db40000
3e0b0000
be150000
3ecc0000
bde70000
be710000
3d8c0000
bec90000
bef30000
bdd70000
becd0000
3e880000
3c460000
3ef30000
3e510000
bea40000
bec30000
bcd60000
3e8f0000
3e710000
3eaf0000
3d8a0000
bec30000
3def0000
3eaa0000
be680000
be6c0000
3ed50000
be3a0000
bd740000
bd7e0000
be8c0000
3d8f0000
be580000
be5a0000
bf100000
beb80000
3abd0000
3e020000
3e9e0000
bdbe0000
beb60000
3e630000
3eb80000
3d9e0000
3e7c0000
bdf00000
3e570000
3eef0000
bdb80000
3de80000
3e900000
bda80000
bdb20000
beb80000
bcc90000
3e9c0000
3eaa0000
bc120000
bba00000
be2d0000
bc8d0000
be960000
3e400000
3e1c0000
bd980000
3e5c0000
3e180000
3e8f0000
bbe20000
3e590000
be950000
3bd70000
3d810000
be8c0000
be380000
3eaa0000
3e1e0000
be6d0000
3f090000
be1e0000
3c1d0000
bf4d0000
3f460000
3f350000
3d350000
3e930000
3f330000
3e130000
bdd40000
be2c0000
3d150000
3e830000
bf2a0000
be980000
3ecc0000
3e3b0000
3eaa0000
beb60000
3cee0000
3dfb0000
3e8c0000
be5a0000
3dd60000
3f680000
3eb40000
bec70000
3dad0000
bf060000
3ec60000
3ea00000
3eb40000
bf3c0000
be7b0000
bcc50000
3ced0000
3e440000
be8b0000
bec50000
be440000
3e4f0000
3dd70000
3dca0000
ba810000
beaa0000
be960000
be1c0000
be900000
bf050000
3e7f0000
becf0000
3e9e0000
be1e0000
be200000
3ef20000
bedf0000
bf060000
be250000
3e7c0000
bed20000
bd230000
bdf90000
bec20000
3db70000
3c8d0000
3d630000
bf1e0000
bd230000
3d5c0000
bd950000
3cd20000
3e230000
be5a0000
3d040000
3d840000
3e340000
3d110000
bf110000
be8f0000
3ebe0000
beb10000
3e850000
3e050000
3ed70000
be100000
3e5a0000
3e4d0000
3e570000
beb30000
beaa0000
bc2b0000
3e860000
3e400000
3eba0000
bec80000
3ee30000
beb60000
3ecb0000
3f280000
3ec80000
be970000
be190000
3f1b0000
3d360000
3eb30000
bea00000
3e0a0000
be1e0000
3dc10000
be830000
3d330000
3e8a0000
bf0d0000
bf4b0000
3d6b0000
3e230000
bed60000
bc9d0000
be3a0000
bdcc0000
3ec20000
beb00000
bd140000
3e980000
beb10000
3e2a0000
bed70000
bdc60000
bc010000
3dd10000
bd900000
3e5f0000
3e520000
3ca80000
3f380000
3ec40000
3f140000
be9c0000
3e5d0000
be690000
3d3b0000
bde60000
3e860000
bd380000
becf0000
bbd50000
bde30000
bed90000
be020000
3e720000
3ea30000
be090000
be5b0000
be7e0000
3bdd0000
3e170000
3ee10000
3a840000
3f500000
3e4f0000
3f370000
3e830000
3d900000
becf0000
3eb90000
3e3b0000
3d650000
3d810000
be020000
3eee0000
bf470000
3e400000
3eff0000
3e440000
3ddc0000
3e870000
befb0000
3ead0000
bdc10000
3db20000
3ac50000
3d9f0000
bde00000
3eaf0000
bdbc0000
3ce80000
3d4b0000
bdd70000
3e140000
bce30000
be680000
bba80000
bcbb0000
3d8d0000
bf030000
3eba0000
bbee0000
bec80000
3cac0000
3e6a0000
3eb80000
3eeb0000
3eac0000
3c980000
bef20000
be9c0000
beca0000
be280000
3ced0000
3d2f0000
3e4e0000
bf190000
3ea50000
bd6d0000
3ec20000
3d820000
3e9e0000
3ef60000
3f200000
bd320000
be830000
bea00000
3eed0000
be890000
3e800000
3edb0000
3e110000
bece0000
3e5c0000
3de60000
3e770000
be150000
bd8a0000
3ebb0000
3eb20000
3c4f0000
3e590000
be0a0000
bd1c0000
3dfa0000
bdf90000
3d860000
bea30000
3ce30000
3eeb0000
3e070000
3e0f0000
be010000
bee40000
be600000
beb30000
bf1d0000
3ea60000
3edf0000
3e7b0000
3d090000
bf060000
3dfc0000
3f420000
be990000
3e820000
3e8d0000
3ddb0000
3e010000
3ee80000
3e5a0000
3f170000
be270000
3ddf0000
3ea70000
bd630000
3ee30000
3e840000
bed10000
3d960000
3c940000
3e070000
3e540000
be8d0000
3f3e0000
be910000
3e860000
be7c0000
3bb60000
3de50000
3f0e0000
3db50000
bdc40000
3e990000
3e6c0000
3f400000
3e3f0000
bf0b0000
3e4f0000
3da80000
be9f0000
be8a0000
3d6e0000
3d850000
bda60000
3f1d0000
bdbe0000
3dce0000
be6c0000
beff0000
3d760000
3db60000
be520000
bf090000
3e140000
3e0c0000
bf0a0000
3ebe0000
3e4b0000
3d8c0000
be730000
3d400000
be9f0000
bece0000
bdab0000
be330000
3c110000
3ebf0000
be2d0000
3ee10000
3ddc0000
3f010000
be820000
3d970000
3bb30000
be9c0000
bdcc0000
be9a0000
be500000
3e3a0000
3da30000
bc1f0000
be820000
bd3f0000
bf1d0000
be520000
3da60000
3e320000
bf170000
bd810000
3e800000
bcee0000
3ea00000
bd110000
3f070000
3dab0000
3e660000
bd830000
3ed40000
3e220000
3de80000
be6d0000
beb00000
3e3a0000
3ab70000
bea00000
be480000
3ec40000
be640000
bde90000
3d0d0000
3d6c0000
bc170000
be840000
3e210000
bb880000
bde10000
bd5b0000
bf0c0000
be2c0000
bd9a0000
bdcd0000
3e5f0000
be5e0000
3e300000
bee90000
bf030000
3ec70000
bdd80000
3e9a0000
3e270000
be090000
bf160000
3d910000
3f6c0000
bd830000
3e280000
bf1c0000
3e320000
bc880000
bf4b0000
bda70000
be670000
bf2e0000
bd9c0000
3da40000
3dd80000
be840000
3ea10000
3e760000
3eaf0000
3ee10000
3e750000
be360000
bd880000
3d120000
bcc00000
3dc10000
be1d0000
be100000
3d630000
bdba0000
3eca0000
3ecf0000
3e870000
bdc40000
bd080000
3e780000
3f2d0000
be7b0000
be020000
3eed0000
3d9e0000
3d460000
be8a0000
bf3e0000
3eca0000
3e200000
3e9e0000
3e770000
be6e0000
3e850000
3e930000
be540000
3e710000
bef10000
bdd30000
bdd60000
3e3b0000
3c8e0000
bf280000
bc9f0000
3d930000
3dba0000
3f0d0000
3eb80000
be420000
3edb0000
bee90000
3e1f0000
3ed90000
3e2f0000
3db50000
be550000
bec80000
3a6e0000
3f090000
3e850000
bcaa0000
bf030000
be0c0000
3de80000
bded0000
3ebd0000
3ecb0000
be900000
be7f0000
bdaa0000
3d9b0000
3dec0000
3f310000
3e9f0000
bf3d0000
3f470000
3bc60000
bdc60000
be060000
bea20000
bcad0000
bdc50000
3e0f0000
be5e0000
be4e0000
bebb0000
3e0c0000
bf270000
be960000
3e470000
bcf00000
3f070000
3e230000
bf100000
3ee20000
bf150000
bf0e0000
bae60000
3f070000
bea70000
3efa0000
3e2e0000
beb00000
3d2d0000
3ea40000
beaa0000
bf170000
3e780000
bed00000
bcda0000
3f2c0000
be660000
be370000
3e4b0000
3c190000
3e370000
3e440000
bd190000
3f2e0000
bdb10000
bd750000
3ea80000
3ed40000
3d790000
3da40000
3ee30000
be0b0000
bf0b0000
3e400000
3f050000
3d930000
bea20000
3e7e0000
bc9d0000
bea20000
3e0a0000
3ddb0000
3f010000
3e680000
3efa0000
3e320000
3dc00000
bf090000
3eb00000
beed0000
3e3e0000
ba120000
3ea50000
3d9b0000
3ee40000
be400000
bd350000
3dff0000
bd590000
3edc0000
3c7d0000
bd3a0000
3da20000
bda30000
be630000
bf1d0000
3e4d0000
bef70000
bd3a0000
3ec10000
3eae0000
3ed70000
3e770000
3d7f0000
3f0a0000
3df80000
3eb40000
3e280000
bd970000
3efe0000
bd280000
3e560000
beb30000
3e420000
bc640000
be270000
be4d0000
be8c0000
3db50000
be7f0000
beb90000
bd440000
3e380000
be760000
3ea20000
3d140000
be9b0000
3ea60000
3eb20000
3e640000
be4e0000
3eb60000
be860000
bedf0000
3de10000
bf110000
3ec20000
bdd80000
bf1a0000
3ec60000
beb40000
3eb50000
be1f0000
3ec50000
bebc0000
3f110000
bd310000
be890000
be210000
3e030000
be9a0000
3efe0000
bee50000
bdf50000
3eca0000
3e4a0000
3e350000
be9c0000
bd9c0000
bec30000
3daf0000
bf320000
bd6c0000
be850000
3e030000
bef50000
be670000
be0a0000
3e020000
3f1a0000
be430000
3e910000
be0c0000
be0e0000
3dee0000
be870000
3d340000
3e820000
bd8a0000
be290000
3f430000
3eaa0000
bc470000
3e320000
3c620000
be800000
3e5f0000
3d610000
3de30000
3d340000
bf210000
be8e0000
be200000
3cb60000
bd420000
3e280000
3e9a0000
3eaf0000
be590000
bed10000
3d9d0000
be410000
3ebc0000
3e030000
3e690000
bf040000
3e640000
3e660000
bf0b0000
bdf70000
3ebc0000
3e600000
bed30000
3e280000
3e0b0000
3df40000
3f130000
be0e0000
3daf0000
bf030000
3ead0000
3ea90000
bedc0000
be9a0000
bea80000
3daf0000
3cd30000
3dc40000
be1d0000
be8f0000
3ea30000
bd9a0000
3e560000
bbba0000
bdaf0000
bd820000
beb30000
3cd20000
be8e0000
be270000
be8a0000
be950000
3daf0000
3e1f0000
3e660000
3e1b0000
3e500000
be520000
bebe0000
be820000
3f030000
3ebb0000
bdbd0000
be0f0000
3e8c0000
beaa0000
3de20000
bf310000
bd810000
3c390000
3eb50000
be2a0000
be210000
3e910000
3e920000
3e4a0000
be930000
3db70000
bf1c0000
be4f0000
3d490000
3e620000
3d010000
be810000
bece0000
bd860000
3ee80000
be490000
3e520000
be6d0000
bf100000
befd0000
bce30000
3d5c0000
be980000
3ecf0000
be9e0000
bd8b0000
3d300000
be920000
3eb40000
bea60000
bedf0000
3e6b0000
3e290000
3e8a0000
3ece0000
bd840000
3e830000
be220000
3d170000
3d3f0000
3ed10000
bc470000
bf250000
3e3e0000
3e870000
bce60000
bda10000
be240000
3dc50000
bf200000
3ea00000
3e4a0000
bdbd0000
3ea60000
3e570000
be970000
3e4a0000
beb70000
bd810000
3e420000
bf2c0000
bebf0000
3b200000
be7b0000
bf200000
be5f0000
3f2e0000
3e9b0000
3da00000
3ea20000
3f0e0000
be670000
bd180000
3db20000
3de70000
3c290000
bb350000
bd6c0000
3e900000
3e450000
3d900000
3c760000
be9a0000
3e460000
3f420000
3f630000
be710000
3f050000
3c670000
beb80000
3d4b0000
3eb40000
3e490000
3cff0000
3f1a0000
bd0e0000
3f010000
3f950000
3f1d0000
3e9f0000
be8a0000
3edf0000
3e2c0000
bde00000
3d820000
bdf30000
befd0000
3d870000
3dc10000
3f010000
be090000
3eaa0000
3db70000
3f710000
3f100000
3eb70000
beeb0000
3e760000
bdca0000
3eb70000
bcaf0000
bd8f0000
be7f0000
3d4f0000
3e770000
bdc10000
3dd60000
3d1b0000
3e6b0000
be600000
bd4e0000
3f170000
3d860000
beca0000
bd0b0000
3f090000
be520000
befb0000
be840000
3d490000
3e5f0000
bf350000
bd280000
bee80000
3d7b0000
be2f0000
3eb00000
bec90000
bdd00000
be8e0000
3f630000
3e960000
3e670000
be500000
3e760000
be430000
bec80000
bd1d0000
bdd20000
bde90000
bddb0000
bdbd0000
bdc10000
be2d0000
3d980000
3e100000
3d700000
3e220000
bec70000
bd340000
3e1c0000
be620000
bc8d0000
3f080000
3e930000
be6a0000
3d6f0000
be980000
3efe0000
bd380000
3f1d0000
3e080000
3eea0000
beb70000
be680000
3ec10000
3eb30000
3ece0000
3cc50000
3e9b0000
3e420000
3bac0000
3b890000
be9e0000
3e5f0000
3ecf0000
3e6a0000
3e860000
bcec0000
3d3b0000
bb370000
3def0000
be140000
3f390000
becf0000
3e940000
be630000
bd030000
be1b0000
be170000
3ee90000
beab0000
be4e0000
be170000
3e570000
be910000
be480000
3ec70000
3dc00000
3e830000
be980000
3d850000
3eb70000
3d4e0000
3ef90000
be5a0000
3d0d0000
bf5b0000
3d860000
bddf0000
bec90000
3eb90000
3e220000
bdd00000
bf140000
be500000
3ee20000
bef10000
be900000
3e410000
be410000
3e860000
3e230000
be2e0000
bbd90000
bd730000
3d3b0000
beed0000
beac0000
3ef70000
3ea10000
be820000
3d820000
bf0c0000
bf290000
3b820000
bf360000
beb20000
3eab0000
be720000
3db30000
3ea70000
3d7d0000
3e3c0000
bce80000
bf090000
bece0000
bda40000
bd8b0000
be9a0000
3eaa0000
3e9f0000
3e910000
be0d0000
3dc70000
be8c0000
be1b0000
3edf0000
bdc20000
3e560000
be160000
bc350000
3f040000
3e530000
be140000
3f110000
bde40000
3eeb0000
be390000
3dfe0000
3e370000
bdc90000
bde90000
3e8f0000
3e0b0000
ba9f0000
bce40000
bd950000
3c760000
3ec00000
be130000
3ea90000
be0a0000
3ba80000
3ef30000
3e1d0000
bd5e0000
bd7d0000
be490000
3deb0000
3eb10000
3d8b0000
be630000
3ea00000
bdfe0000
3e420000
be790000
b8f90000
3e280000
3d850000
3d030000
bd6a0000
bcb60000
3e8d0000
bef50000
be260000
bd6b0000
3df10000
3c5f0000
3e910000
3ef80000
bebc0000
3e460000
beba0000
bc890000
bd360000
bdd00000
3f120000
bdac0000
be600000
beda0000
3e370000
bee20000
be240000
3e9a0000
bb7b0000
3e8f0000
3ec50000
3f250000
befe0000
be2f0000
3e970000
3d560000
3ca30000
3cad0000
bee30000
3f150000
bd370000
bebf0000
3e550000
3ea40000
3dbf0000
3d210000
bdf60000
bdba0000
bdb00000
be520000
bf3a0000
bdc60000
3f290000
be170000
3e030000
be840000
be810000
befb0000
3ef40000
beaa0000
3ecc0000
bde70000
bd8b0000
3db40000
3e140000
3eda0000
3e670000
3f760000
3d060000
3ece0000
bdac0000
3e720000
be710000
3eb90000
be320000
3eaf0000
bd830000
bedf0000
3e230000
3d510000
bc860000
3f0c0000
bedd0000
bd180000
3d350000
be510000
be090000
bd0a0000
bd810000
baa90000
3e9c0000
bedd0000
3e020000
3e320000
3e250000
bee00000
bed70000
3ec20000
3c100000
be350000
3ed60000
3eb50000
be9f0000
be8a0000
be540000
3e870000
3e590000
3d790000
3d1b0000
be2e0000
3dea0000
3ce90000
3e780000
be080000
bc090000
bee30000
3eb60000
bf4c0000
3db70000
3e7f0000
be720000
3f540000
bed20000
be420000
3e9c0000
3d290000
3eef0000
3e1e0000
3e470000
3f2d0000
be100000
3dda0000
be790000
3d470000
bee80000
be310000
be940000
3e060000
3d4b0000
3ce30000
be910000
3d830000
3e1d0000
be490000
3e940000
3f3a0000
be4e0000
bd830000
be380000
3d700000
3e480000
3e6f0000
bee10000
3f470000
3cfe0000
3ef00000
befa0000
bed10000
bd9b0000
3ea00000
bdec0000
be570000
be1a0000
bddd0000
be800000
bd900000
bea40000
3e790000
be540000
bc9d0000
3f0b0000
bdc20000
3d1f0000
3edc0000
bf0d0000
bdbc0000
beb50000
3e2e0000
be650000
3ef50000
3d730000
3ed10000
3e950000
beac0000
bb010000
3e240000
bf0b0000
bdf70000
bf040000
3f1b0000
3e980000
bf460000
bf540000
3e8f0000
bda40000
3f060000
3ee70000
3c520000
bebc0000
be8b0000
be0f0000
bda40000
bd1f0000
3dd50000
3eab0000
3cf50000
bdc00000
bcb50000
3cc50000
be2e0000
3e7d0000
be310000
bd910000
3dd10000
3e220000
3dfa0000
3e660000
3ebb0000
3e350000
bec30000
bdce0000
3e570000
bf010000
3e910000
3ecd0000
3f200000
bad60000
3daf0000
3e5c0000
3f0c0000
3e840000
bf080000
3f030000
be120000
be0f0000
beda0000
3ed00000
bf0b0000
3e040000
3b990000
3e2f0000
be710000
beb90000
bbf40000
3e2b0000
be6f0000
3de70000
3e620000
bdbe0000
be410000
bea10000
be580000
3e790000
3ec20000
3e5f0000
bf220000
bbbd0000
bf130000
be700000
bceb0000
3f820000
bdc60000
3deb0000
3e660000
be210000
3e290000
3c3a0000
3e130000
3d860000
3ea60000
bd910000
3eaa0000
3d130000
bf530000
bed80000
beec0000
3e9f0000
3e680000
befd0000
3abb0000
3f750000
bf020000
bc770000
3e830000
beb60000
be590000
be140000
3f0d0000
3d370000
3eb70000
3eae0000
be850000
3e870000
3eae0000
be810000
bdee0000
beb10000
3e5f0000
be7e0000
be840000
3e000000
be620000
3ded0000
bde20000
bdec0000
3dcd0000
3e450000
be1b0000
be150000
be3a0000
bed50000
3f320000
3ef40000
bf220000
bd570000
3e930000
bdf80000
3f2f0000
be580000
3e380000
3de20000
3dab0000
bdb70000
3ddc0000
be730000
bf1c0000
be940000
bec20000
be820000
be430000
bd8a0000
be560000
3eb30000
bd6c0000
be3b0000
bd050000
beda0000
be100000
be230000
be350000
3da00000
3e4e0000
be850000
3f1f0000
3e060000
bde20000
bd910000
3e450000
bda80000
3e940000
3ebb0000
be230000
3e0f0000
bf150000
bdb00000
be900000
3ece0000
3ddc0000
3f090000
be860000
3e860000
3f020000
3ef40000
be360000
bc990000
3dc70000
beed0000
3e190000
3d610000
3d820000
bd340000
3d540000
be340000
be2c0000
bd990000
be130000
3ea30000
bef90000
3f010000
3e090000
be080000
bf910000
3f170000
beef0000
3e4f0000
3dc10000
be4f0000
3e280000
bcfb0000
bdae0000
3c230000
3f130000
bdeb0000
3e990000
3ede0000
3f030000
3e2d0000
be6e0000
bcb20000
be6c0000
3e680000
3e880000
bc6f0000
beff0000
3ddf0000
be0e0000
3e980000
becf0000
be5d0000
bdc40000
bf380000
bf180000
3e160000
3d840000
3ecf0000
3df70000
be260000
3c7a0000
bdf70000
3a850000
3e9e0000
bd300000
be8c0000
3f090000
be780000
3d720000
3ec30000
bddd0000
bdea0000
3dc70000
3db40000
3cf10000
be0b0000
3e990000
3ec50000
3e8c0000
3e120000
bdc00000
3e410000
bd420000
be850000
bf200000
3e190000
bf290000
bdfc0000
bdd30000
be960000
3c880000
bea00000
bd8d0000
be300000
3ea90000
bea40000
be0a0000
3f590000
be880000
3f290000
3e450000
bd910000
3d2d0000
bebd0000
bf320000
3c080000
bd300000
3dbd0000
be4e0000
bdf40000
becb0000
bf200000
3cbe0000
bb5d0000
3efa0000
3eea0000
3e8b0000
bd9a0000
3e140000
bebd0000
3f0f0000
be480000
3e290000
be420000
3e380000
bf130000
3f1a0000
bf0a0000
3d820000
bdff0000
bed20000
bed90000
3e440000
3c230000
3ded0000
3e740000
be200000
be820000
3df60000
be7b0000
be080000
3d1a0000
3e410000
3ef90000
bf290000
3d8f0000
be9c0000
3b150000
be8d0000
bd1c0000
3e9d0000
3e640000
be5a0000
3e420000
be1f0000
3e8a0000
be660000
be120000
3caf0000
bec20000
bd350000
be920000
3e460000
3e680000
3e0c0000
3e2a0000
3f040000
be160000
3e6e0000
3f0a0000
3f140000
3dd40000
3e4d0000
3df80000
be390000
bed40000
be870000
3e8d0000
3e990000
bda00000
3f200000
be7b0000
be620000
be110000
bcfb0000
3eba0000
bf150000
be9d0000
bebc0000
bebc0000
3ed40000
bdcf0000
be640000
bedb0000
be420000
3eca0000
be400000
be2c0000
3ee10000
3e080000
bc6f0000
be280000
3ef30000
3e180000
bea30000
be190000
bed90000
be600000
be790000
3ece0000
3da10000
bd0a0000
3f140000
bea00000
be090000
3e610000
bf300000
bed40000
beab0000
3ee00000
bd680000
3a6c0000
bdc70000
3e300000
3d820000
bea50000
be030000
bed40000
3e410000
3e800000
bf020000
3bf80000
be4b0000
bed50000
3e530000
3ec60000
3e6a0000
be0f0000
bebb0000
bea40000
3ee70000
be280000
beb30000
3ee20000
3e010000
be190000
3df80000
bf3a0000
3e4e0000
3e360000
be310000
3e8a0000
3e2b0000
be220000
3d800000
bf1a0000
3c900000
3e090000
bee00000
3d8e0000
be960000
3e890000
3e660000
bed40000
bdab0000
3f050000
bd720000
be640000
3ea70000
3c640000
bf350000
3de00000
3f010000
3e2f0000
3d570000
bea90000
bebe0000
3e790000
be420000
bbe30000
3db40000
3dfd0000
be730000
3d770000
bd2b0000
3ddb0000
3e540000
bd400000
3e630000
3ee50000
3e070000
beb10000
3d0c0000
bd460000
3ec30000
beb20000
be980000
bf170000
be210000
be860000
bd7a0000
3d530000
bec50000
be820000
be0d0000
b9d50000
bdb70000
3df60000
3d790000
3ee90000
3ec70000
bdf60000
be930000
beb60000
be0e0000
3e060000
3de30000
bb880000
beb10000
3f1b0000
be710000
3dd00000
3f2e0000
be230000
3ede0000
3e1d0000
3ce40000
3e140000
bf090000
3eca0000
3eca0000
3c4c0000
be4f0000
bf320000
be5d0000
bd330000
3e990000
be810000
be920000
bcbf0000
bd8f0000
3e520000
bedc0000
beea0000
bd250000
3eab0000
b88a0000
3f400000
bd4a0000
be350000
be080000
3cf80000
3eae0000
be290000
bdd00000
3e050000
3f590000
bef30000
3eba0000
bda70000
3d6a0000
be9c0000
3e830000
3f050000
bde30000
3d890000
bf480000
3bee0000
3da80000
bd8d0000
bef00000
bed40000
bef20000
be860000
3e5e0000
3dbe0000
3d820000
bcd00000
be300000
3d4e0000
bd5e0000
3ce70000
be7f0000
3ead0000
3e500000
be030000
3e350000
bcd80000
be800000
bf200000
3e9d0000
3e8f0000
bd0c0000
bd860000
3f160000
3e970000
bebb0000
bdd00000
bd020000
bd980000
bd660000
beec0000
3ed90000
bdc90000
3d790000
3dc00000
be340000
3e320000
3ecf0000
be220000
bf1a0000
be870000
be970000
be010000
bea00000
3e8b0000
3d950000
3ef40000
3ecb0000
3ec80000
3ee70000
bcb60000
3e280000
bef80000
bed70000
3eed0000
3d6d0000
3e630000
3ea40000
3e0a0000
bf550000
3d610000
3ccf0000
beab0000
3e380000
beff0000
bf0e0000
3e170000
3e0d0000
3e920000
be7d0000
bd7e0000
3ec00000
3ea70000
3e820000
be250000
3ed90000
3bce0000
3e830000
be070000
bec60000
3e990000
3e9a0000
be600000
3e030000
3d720000
be0f0000
3de00000
3e930000
be3d0000
3e340000
bd050000
be760000
bdff0000
bd430000
3dec0000
bdc30000
be1a0000
3eeb0000
bea50000
beba0000
be630000
3e7a0000
be900000
bdfa0000
3ef80000
3ed30000
3f040000
be650000
3eeb0000
bd900000
bd540000
3da90000
be6a0000
3dda0000
3e0b0000
3dfb0000
3e7f0000
bf230000
bee60000
3e220000
3e890000
3f110000
3e720000
3ec50000
3eee0000
3dad0000
bea10000
3efa0000
bbe20000
3aed0000
bef50000
3f1c0000
3f7a0000
bec00000
3e690000
3d2f0000
3e650000
bd2e0000
bda50000
bf380000
bd540000
bf020000
be1b0000
3e3d0000
befa0000
3e050000
3e8a0000
be890000
3ef00000
3e940000
bb1e0000
bee20000
3c130000
3f1d0000
bd7d0000
3e8a0000
3ede0000
3d800000
becf0000
3e8e0000
bee80000
3d810000
bea70000
3e620000
bd500000
3cb90000
be100000
bdac0000
bf070000
3e020000
3e4e0000
be9b0000
3ef50000
bead0000
3e970000
3db90000
3ded0000
3d3e0000
beb80000
be540000
be6b0000
bb980000
3e9c0000
3ea00000
bea80000
bf180000
3d020000
3e440000
beb90000
3e2c0000
bed50000
befe0000
3e2f0000
beb60000
bf1c0000
3c8e0000
bde80000
bc0f0000
3db60000
be180000
be2f0000
3c9c0000
3dfb0000
3c9c0000
bd2d0000
bd870000
be350000
bf2b0000
be8a0000
3eb10000
be040000
be830000
3de10000
3e9f0000
3ed50000
be580000
be890000
be3d0000
be860000
be3d0000
bec60000
bee30000
3c980000
3d780000
3ed60000
be350000
beab0000
be590000
3e0f0000
3edd0000
3f060000
3d110000
3e9e0000
bf740000
bde60000
3f0f0000
3e380000
be0e0000
bf3a0000
3c240000
3e180000
3c810000
3e8e0000
bc700000
3cff0000
bddb0000
bde10000
bece0000
bef20000
bed30000
bdcb0000
3f050000
3cad0000
bf010000
bdac0000
bca60000
bd320000
3f500000
bdff0000
bf120000
3f190000
be350000
be020000
3ec30000
3d2e0000
3e550000
3d9a0000
bdfd0000
bdf30000
3d500000
3e080000
bf430000
be880000
3d820000
be810000
3e130000
bb820000
3e320000
3e5f0000
3f0f0000
3c110000
beb40000
3d660000
be9b0000
3e310000
3eb00000
3ddb0000
be560000
bd960000
3e520000
3d250000
3f3f0000
3d330000
be1f0000
3e150000
bf5d0000
3ec30000
bf010000
3dc80000
3f170000
3e910000
3d9b0000
bccf0000
3e490000
3e350000
bebe0000
3f870000
3da60000
3db90000
bd470000
bed20000
be530000
3e950000
be9f0000
bf1b0000
be3c0000
3e180000
bd010000
bf2d0000
be740000
3ee00000
bd450000
bd4c0000
bf020000
be8f0000
3e840000
bdc60000
3d6a0000
3e320000
3f2d0000
3e600000
3f340000
bec00000
3cb30000
be470000
3f170000
3d560000
3e950000
bf0c0000
3e5b0000
3e2b0000
be4b0000
3f3d0000
3eb30000
3dd70000
3ea80000
bdad0000
bdaf0000
bddf0000
3d2f0000
bf270000
3d8d0000
3e9a0000
be0a0000
3e190000
3e000000
be940000
be160000
be2f0000
bda70000
bdb60000
3d220000
3e4b0000
3edd0000
3e710000
3db70000
3e5e0000
3f0e0000
3d870000
bcf60000
be890000
bf240000
be1a0000
be0e0000
be8e0000
be080000
3e070000
3e9f0000
be1b0000
3f350000
3e310000
3eae0000
3dad0000
3d440000
3de80000
3e980000
bf010000
3db40000
3ee70000
3f050000
be440000
be8c0000
be540000
bdb80000
bd560000
bd760000
3c240000
bf0b0000
3e740000
3f1a0000
be720000
3dd70000
3e220000
bee40000
3e2c0000
3e950000
bdbc0000
beef0000
bd7e0000
3de80000
3e4a0000
3d910000
3ea60000
be7d0000
be580000
bd740000
3e300000
3e230000
be1e0000
bd2d0000
3e530000
be490000
3f110000
3e6a0000
bc6d0000
3e1d0000
be920000
3e0d0000
3e600000
be520000
be700000
bed20000
be620000
beff0000
be990000
bc8e0000
3e410000
bf210000
be6f0000
3e250000
3d310000
bee60000
be910000
3e900000
be130000
be750000
3eb60000
3f380000
be930000
bd7c0000
3f230000
be110000
3d370000
bdb70000
bd830000
befc0000
3f290000
be020000
be330000
bd860000
beba0000
be990000
3e7c0000
3dd90000
be820000
bc170000
3e9b0000
be590000
bebd0000
3eb10000
be440000
3e240000
3e780000
bd880000
3d3e0000
3e360000
3eca0000
3eec0000
bf330000
be720000
bf150000
3e700000
beef0000
3da80000
3e070000
3f130000
bed80000
be500000
be340000
3e450000
be8a0000
3ef80000
3ecf0000
bdf60000
bf5c0000
bddc0000
3e8f0000
bed70000
3ee00000
be710000
3de50000
bf350000
bdb90000
3e8a0000
3f730000
3d340000
be750000
bc950000
be590000
3ee20000
3e840000
be130000
3e020000
be770000
be610000
3e840000
be6a0000
bd850000
be120000
3e910000
be780000
3e870000
3da20000
bdfc0000
3cd80000
3e160000
bea70000
3d380000
3ec40000
bea90000
be910000
be3d0000
bee80000
be430000
be430000
baf90000
3e070000
be170000
bef40000
3e050000
beec0000
3e5e0000
3d620000
3d4b0000
be470000
be3e0000
bf180000
bed30000
3e1d0000
befd0000
3da10000
be810000
bd8e0000
bf240000
3ece0000
bead0000
3dfd0000
3e8b0000
be980000
3e0a0000
3e580000
3f140000
3e3e0000
bc870000
3efa0000
be830000
3ec60000
be1a0000
be810000
3ef80000
bd5f0000
bbb20000
3e920000
bf1e0000
bdf60000
bd2f0000
be0a0000
3e610000
3e000000
be910000
3f3b0000
bed70000
3f1b0000
3ee10000
bf1e0000
3ea40000
3c3d0000
3d890000
3ed20000
bea90000
bd970000
bde10000
3e210000
beae0000
3f490000
3eff0000
3e1e0000
3e2b0000
be650000
3dfb0000
3e990000
3c040000
3e250000
bec40000
3e5b0000
3efb0000
3e160000
3e110000
be3d0000
3e230000
bec70000
3ed60000
be3f0000
3d540000
bd5c0000
bf440000
bd4f0000
3e310000
be540000
be450000
3c9b0000
3d830000
3e9f0000
3e4f0000
3e590000
3d990000
bda90000
3d260000
3e050000
be450000
3e800000
bf050000
bcc70000
bee50000
3e500000
3d110000
bf3b0000
be5b0000
3d5d0000
3e250000
be890000
bd7a0000
bf050000
be880000
be420000
3c440000
bdc90000
be0c0000
3d000000
3e670000
3e9b0000
bde30000
bdf50000
bd420000
becd0000
bea70000
3e870000
be3b0000
3de40000
be510000
be8e0000
bef90000
3d8b0000
3e110000
be810000
bd890000
be840000
3df60000
3ebe0000
3dc20000
3d680000
3e350000
3e560000
bf2b0000
bac70000
3e6d0000
bd840000
beab0000
3ec70000
3e3f0000
3f470000
be110000
bd030000
3e8e0000
bc280000
be230000
3d3a0000
bf440000
bf200000
bea80000
be0f0000
bd310000
bee20000
3ef00000
3e9b0000
becc0000
3e8e0000
bdb30000
3e910000
bee50000
3c290000
bea50000
bf030000
be8f0000
bd060000
be1c0000
3e0a0000
badd0000
3b9f0000
bd080000
beb80000
be220000
3d5f0000
3eb60000
3dcb0000
bdcc0000
bf020000
3e450000
3e9c0000
be940000
3e8f0000
bf300000
3e180000
be5d0000
beea0000
3e710000
bdde0000
bed30000
3e850000
bd680000
3d500000
be1a0000
be840000
3ea60000
3e860000
3d770000
bed90000
3c950000
bee40000
bdf20000
3e200000
3e4a0000
beb30000
3eb60000
be370000
3c870000
be420000
3ea00000
3dca0000
3c210000
bede0000
be600000
3e8e0000
3cde0000
be100000
3e3f0000
3e140000
bf0d0000
3e820000
be1a0000
befc0000
3e840000
be590000
3e440000
beda0000
bcbd0000
bed30000
3d520000
be1d0000
bead0000
bd810000
bd150000
be540000
3e320000
be5c0000
3e860000
3c7d0000
be800000
3e7e0000
bd8e0000
3e930000
be880000
3ead0000
3e080000
beda0000
3e500000
be800000
3ee40000
b9d80000
3e760000
bf040000
3dba0000
3ed10000
bebe0000
be010000
be560000
be0b0000
3e720000
3e8b0000
bef90000
3d930000
bf450000
3c6b0000
bc570000
3ead0000
3e590000
3ed00000
3eb10000
bec00000
3e820000
3ee20000
bdeb0000
bf010000
3c8e0000
3d970000
bf2d0000
bf320000
3d8d0000
3e2f0000
3d3a0000
beb30000
3e430000
3d160000
3dad0000
bc2a0000
3c230000
3ddb0000
3ea40000
bea50000
bf050000
befe0000
befa0000
3e2f0000
3ec90000
3e2c0000
be400000
be550000
3ea70000
be060000
3e700000
3edb0000
bef70000
bde40000
be290000
3e040000
3d9d0000
3da60000
3f190000
3eb90000
3ed40000
3da60000
3eef0000
3e930000
be3a0000
bd220000
beab0000
3dff0000
bd0c0000
be900000
3d320000
3e730000
be8d0000
3e4e0000
bf450000
be8c0000
bdae0000
3e7a0000
beea0000
3c4c0000
bd910000
be840000
bead0000
bd540000
bd0a0000
be8a0000
bcce0000
beed0000
3d8a0000
3e550000
bd240000
3d620000
bd720000
3efe0000
be9b0000
3e7d0000
3d330000
3e3e0000
bd8a0000
3d320000
3e3c0000
3e900000
bf0d0000
3cd70000
be8a0000
be870000
3f4d0000
3e5e0000
bea50000
3ebb0000
bef50000
bd850000
3e510000
be530000
3e170000
3ec40000
bc090000
3f060000
befc0000
3df30000
3ed90000
3d150000
3e620000
3eb60000
3e980000
be2f0000
3d270000
3e7d0000
3f240000
3d140000
bf440000
be480000
3d200000
bd740000
beaa0000
3eac0000
3cf90000
3f480000
be1a0000
bd8f0000
3e850000
3e330000
3e6b0000
be9f0000
bd370000
bbf70000
be570000
3df80000
3ecc0000
bea90000
befd0000
3eda0000
3f170000
bd540000
3f410000
3e800000
bee10000
3d700000
bdec0000
becb0000
3e9c0000
bebf0000
be9e0000
3e480000
3e7f0000
beeb0000
3dbe0000
3e580000
3d800000
bd8f0000
3e880000
3eee0000
3eac0000
3d960000
beec0000
bd610000
3ecc0000
bec90000
be1f0000
3e8e0000
3eec0000
3e920000
3eb20000
be050000
bd610000
bea40000
bf1f0000
bea60000
bedc0000
3d9f0000
3e940000
be590000
3f220000
bec30000
bf460000
bd420000
3e3c0000
bdd50000
3e980000
be260000
3e0e0000
bbf00000
3d8f0000
3e000000
3e250000
3e130000
bdd90000
3e5a0000
bf1e0000
3e590000
be840000
bebe0000
3d8d0000
be9c0000
3e0a0000
be220000
bd160000
bd8d0000
bf0f0000
3f190000
3d2c0000
bf090000
3dad0000
3d210000
beaf0000
be6c0000
be290000
3e810000
3e6c0000
3cde0000
be0c0000
3c330000
beca0000
3e380000
be850000
be9b0000
3dcc0000
bef40000
3f010000
be3e0000
be1a0000
3d540000
3e960000
bd910000
be070000
3edc0000
3ec10000
3ed20000
3e2f0000
3ecf0000
3e930000
befe0000
3e3c0000
be6b0000
bef10000
3ed20000
bd450000
3f050000
bc350000
be8b0000
3ec40000
bddc0000
3d650000
be870000
3d9e0000
bee00000
3e110000
bea70000
bbfd0000
3d3f0000
3ea60000
bd790000
3e9a0000
bea90000
bda20000
bdeb0000
be770000
3d870000
be910000
bb9f0000
beea0000
3ec80000
3d630000
be7a0000
3e5f0000
3e880000
bb710000
be0e0000
bcb00000
3c020000
3cf90000
bed10000
bd010000
be5d0000
bf140000
3dcd0000
be310000
3e120000
3e270000
be690000
bf060000
bf130000
3dbd0000
be6c0000
be280000
3dbc0000
bea00000
be190000
3e860000
3e360000
bd970000
3e2f0000
3daf0000
3f070000
3e3a0000
3e480000
3f140000
bdb20000
bf0b0000
bd640000
be540000
bebc0000
3f490000
bd630000
3e8a0000
beac0000
3d820000
3e0a0000
be100000
3d9d0000
be8c0000
3f0a0000
3d470000
be1b0000
bd7a0000
3ee50000
3ec90000
bc5d0000
3ea00000
bc960000
bea00000
be840000
beaf0000
3c610000
beb90000
3e150000
3e820000
be5e0000
bed40000
3de80000
3d330000
bd3e0000
3e880000
be540000
3e7b0000
bcda0000
3d990000
bca00000
3ec50000
bdf20000
3e800000
bdf20000
bbca0000
3e450000
3c880000
bed20000
3e450000
3bea0000
3d670000
3e2a0000
be200000
bf410000
3dfc0000
3ea70000
3e380000
be0c0000
3e0d0000
be3c0000
be9c0000
beb60000
bf190000
bea60000
3e1d0000
bea10000
be490000
3ec80000
3d820000
be670000
beab0000
bee50000
bc8e0000
3e190000
bd660000
beb80000
3e010000
3f2d0000
bd2a0000
be880000
3cca0000
3ede0000
beab0000
bea50000
3e7b0000
3de90000
3f140000
3ec60000
bdbc0000
bba30000
be900000
3d850000
3dc20000
3dad0000
be3d0000
3ec60000
bf100000
be6d0000
3e2b0000
bda30000
be140000
bd360000
3c1e0000
be990000
be870000
bc870000
3e060000
3f2c0000
3ea40000
bf7b0000
be660000
bee10000
3e9c0000
3efc0000
bee80000
bdcc0000
3ec20000
bee00000
3e990000
bd810000
3e1e0000
3e200000
3e960000
3de80000
bf080000
bf390000
3e8a0000
be040000
bec30000
3dae0000
bea30000
3e420000
3e1b0000
bd980000
bf010000
3ec90000
3da80000
bf330000
3c8b0000
be4c0000
be940000
3eba0000
be330000
3e990000
be800000
3d750000
bee90000
be920000
bef10000
3e910000
beb90000
beaf0000
be960000
bea00000
be720000
3dad0000
3eed0000
bf020000
3ea50000
3db20000
3bd10000
3c900000
bd4f0000
3e530000
bd340000
3dc20000
3c7c0000
be8c0000
3e630000
3e1a0000
bf0d0000
bf160000
3e410000
beda0000
be990000
bef20000
bdb90000
3d8e0000
3eba0000
bebc0000
3e140000
bf170000
3ea40000
3c6a0000
bef10000
3f810000
bf0e0000
bde50000
bea00000
be8e0000
3b740000
bf010000
be980000
bf220000
3d8b0000
3e030000
bf420000
3e4c0000
bc590000
3e510000
3ecb0000
bc780000
bdd50000
be2b0000
3ec80000
beed0000
be960000
bec00000
be9c0000
3e2b0000
bea30000
be450000
bdfe0000
3e890000
be230000
3f6f0000
3c4b0000
bee50000
3ce40000
bf060000
bece0000
bec60000
bd810000
3ef40000
3ea10000
beca0000
3dec0000
bebe0000
3ee00000
be340000
bf3f0000
3f020000
be880000
bdb40000
3f3e0000
3e950000
3ed80000
bf030000
3e0f0000
bea60000
3c890000
bf250000
3e6e0000
be7e0000
3d6e0000
be6d0000
3f160000
bf2d0000
3f550000
3e740000
3e2c0000
3e360000
3e470000
bd460000
be050000
3ed10000
bf1d0000
3e460000
be840000
bec30000
be8f0000
3e1d0000
be7c0000
3e370000
3e040000
3d8f0000
3e3e0000
beb40000
3e590000
bcb80000
becd0000
bdf40000
bf160000
bc290000
3e380000
3e9f0000
bed90000
be820000
3e940000
be360000
bd070000
be780000
3cd00000
3e670000
3d2d0000
3e740000
3ef60000
3e6c0000
bd820000
be240000
3ef50000
be020000
bdcd0000
3d880000
bea50000
be180000
bed90000
bde40000
bce70000
3e910000
3efc0000
be850000
3e950000
be0e0000
3e730000
bede0000
be100000
bf0e0000
3ecc0000
beef0000
be2c0000
3e260000
bd910000
bd840000
bed10000
be910000
bf050000
bf5b0000
be860000
bf150000
3dae0000
3e900000
3d9b0000
3def0000
bf1e0000
3e2f0000
bef20000
3eed0000
be620000
3e3c0000
3ea50000
bed70000
bed20000
becd0000
3eba0000
be8a0000
3e7e0000
be0a0000
bef30000
bee50000
3f450000
bf000000
3e250000
3f280000
3ec90000
3e300000
be870000
becc0000
bdbd0000
3da00000
3d200000
3ef70000
3e900000
be8e0000
bd6b0000
be4d0000
bdfb0000
3e8d0000
3e910000
be5a0000
bdde0000
3e940000
3ec30000
3f190000
3e050000
be690000
bed50000
3def0000
bd7d0000
3f230000
bf220000
3e540000
3c3c0000
3ecf0000
bef90000
3ec00000
3e950000
3ef20000
3e860000
be990000
3e5d0000
3e650000
3dc50000
3f0d0000
beff0000
bed90000
3ebd0000
3d6a0000
3edf0000
bd850000
3e8f0000
3df00000
bf0d0000
3ea50000
be1b0000
3f0c0000
3e830000
be680000
3e9a0000
3f010000
bebf0000
3f1c0000
3f210000
3e840000
3e1a0000
bec10000
bdb40000
be970000
bbcc0000
befc0000
3e8d0000
be5d0000
3e3d0000
bed60000
3e990000
3d490000
3ca60000
3e950000
be370000
3db50000
bf0d0000
3d4f0000
bf030000
bbd20000
beb90000
3e2e0000
be790000
be120000
3f0c0000
3e0c0000
3f040000
3eae0000
bea90000
3d970000
bf200000
bde40000
3e7a0000
bdb50000
bf160000
3e850000
be990000
3f250000
bd9a0000
bcb90000
bf330000
bca50000
3e240000
be910000
3e2e0000
3bb90000
3e990000
3e030000
3e0d0000
bd9c0000
3e6a0000
3d810000
3e7e0000
bf110000
3e930000
3e010000
bdf90000
3e690000
be610000
bde40000
3f040000
3dc60000
bdf00000
be380000
be350000
be4d0000
3dc50000
3e330000
beb90000
3ec00000
3f040000
bf000000
bf6f0000
3e600000
bee10000
be5c0000
3f450000
bec20000
3ea80000
bc380000
be1b0000
bed40000
bec10000
3ce40000
3ea70000
3b080000
beaf0000
3e860000
3ed40000
bd020000
be340000
3e890000
3f420000
3e2e0000
3f1a0000
3d360000
3d750000
3e760000
be090000
3da00000
3ec30000
3e890000
3d8c0000
3e580000
be9a0000
be300000
be970000
3e970000
3e700000
bf5e0000
bdab0000
3e990000
bdfa0000
3e350000
3ec90000
3edc0000
3d950000
3d290000
bc2d0000
be590000
3e060000
bcf20000
be990000
be810000
3e900000
3e9f0000
bf2d0000
3ea30000
bebe0000
bd9c0000
beb80000
3ec00000
3e920000
bdb00000
3ee40000
3e910000
3f110000
bf280000
bdf20000
3e6e0000
3f0f0000
3eca0000
3eb50000
bd7d0000
3f330000
3ea00000
be590000
3f400000
3f120000
be3e0000
bdc80000
be100000
be260000
3f220000
bdaa0000
3cdc0000
3e6a0000
3efd0000
bd020000
3f150000
beab0000
be150000
3e480000
3d300000
3ed80000
bf0c0000
be020000
3e930000
bebd0000
3f0c0000
3e4c0000
be780000
3d9e0000
3f110000
3ef40000
be6f0000
3e7a0000
3e6a0000
bcc00000
be410000
be070000
bc8e0000
3f050000
3e850000
bec60000
3bfb0000
be6c0000
3f640000
3de10000
bed40000
3c1a0000
3ea50000
bdfe0000
be4b0000
be9e0000
be020000
3d620000
bd860000
bd4d0000
3e950000
bed10000
3db20000
bd5f0000
bf230000
be270000
bcea0000
3e5b0000
3d910000
be940000
3e010000
bd900000
bd920000
be680000
3f2c0000
3e0c0000
3e9c0000
be260000
3eae0000
be010000
3ea30000
3e7d0000
be470000
bf170000
3ec40000
be870000
bf7c0000
3f110000
be9b0000
be320000
3e310000
3e8b0000
be310000
3eac0000
bf380000
3e810000
bd800000
3e0a0000
3e930000
3d9a0000
3ea00000
3f000000
be450000
3e390000
bb9c0000
bec20000
3f230000
bd430000
bd9c0000
be4c0000
be8c0000
bdb40000
3d8b0000
3e8f0000
bd890000
be7c0000
bdad0000
3e680000
3cb30000
3f110000
3eb00000
be240000
3f330000
3eac0000
3d760000
bdff0000
3ed00000
3bae0000
bf0c0000
be550000
3eb10000
be0e0000
bc130000
bcfa0000
3eb90000
bdf90000
3eff0000
3c320000
bcb50000
be9c0000
bf100000
bc9d0000
bcef0000
be910000
3eba0000
be590000
3f040000
39f70000
3d820000
3f1a0000
be8a0000
bde20000
3e750000
be940000
3f0e0000
3daa0000
bd9e0000
3d990000
3d200000
bded0000
3ea90000
be3b0000
3e300000
3ecf0000
3d770000
be100000
3ec00000
bed00000
3f040000
3ea30000
3e9b0000
bdf40000
bf480000
be320000
be660000
be5c0000
be8a0000
3e460000
be000000
3e970000
be070000
bf2a0000
3d9c0000
3d530000
3e860000
be910000
3ebd0000
3e050000
3ef60000
bf1b0000
be470000
3d330000
bf040000
3e380000
3c060000
3e6f0000
be380000
bdd80000
be230000
bd990000
bf240000
be450000
3ec90000
3ce40000
bea00000
3e200000
bec10000
3efa0000
be5e0000
be0c0000
3e0d0000
3ee30000
3e130000
3df80000
bd960000
bda60000
3f1f0000
be860000
be160000
3e0c0000
bf000000
bdd30000
3e530000
bef00000
bf350000
3f0a0000
bec90000
be860000
3ecc0000
bf2f0000
3e6c0000
3e9b0000
3eb60000
bf050000
3c1a0000
3eb40000
3e140000
be920000
3e300000
3d650000
3d8a0000
3dd60000
beca0000
bdf20000
3ed30000
bee40000
3eff0000
bf0a0000
bda90000
3d3b0000
be6d0000
3d760000
be280000
3bf50000
3f490000
3e460000
bdbd0000
be4b0000
bd520000
3f0d0000
3de60000
be2a0000
be4d0000
3da80000
bd750000
be3a0000
bea00000
be400000
beb90000
3f010000
bdcf0000
be7a0000
bd830000
be2d0000
bdba0000
3eda0000
be400000
be240000
bd1d0000
3e930000
3ef10000
3d060000
3dfb0000
bf4b0000
3d400000
3df00000
bd090000
bee00000
3ee60000
3e250000
beff0000
3dfb0000
3cc70000
bdf80000
3e670000
3e410000
3e380000
3ed90000
beab0000
bd3d0000
3ed30000
3ecf0000
3e420000
bc1a0000
3f040000
be260000
3eb30000
3c850000
3cbf0000
3f2d0000
bf040000
bf1e0000
bf020000
3e6f0000
be660000
be400000
bd750000
be410000
be020000
bef00000
bd6b0000
bdfb0000
becb0000
3ee00000
be0d0000
3ecd0000
3d030000
bf140000
bea30000
befd0000
bc160000
3f320000
be840000
be630000
be9b0000
3ef40000
be170000
3e610000
be740000
3e440000
be4d0000
3eb70000
3da00000
3e7d0000
bf080000
bec50000
bd400000
beeb0000
be1d0000
3eeb0000
3e920000
3d3d0000
be100000
3e650000
3eb40000
bcfc0000
bedb0000
bf020000
3dfa0000
beb70000
bea10000
bdd60000
3efb0000
3ec90000
bf3a0000
be9a0000
3f230000
3e400000
3cee0000
be590000
bf0b0000
3bbd0000
bda70000
3c9e0000
bf120000
bd230000
be630000
bec50000
bef60000
3f1a0000
bef90000
beae0000
bdbe0000
be0b0000
bedf0000
3e1b0000
3eab0000
3f020000
be680000
be530000
3dd00000
bf1d0000
beab0000
be830000
3ee00000
be6a0000
be8b0000
3f0a0000
be160000
bd4d0000
bc810000
bef40000
3ee90000
3ea30000
3e910000
bd3f0000
bf160000
beb20000
bdd20000
3ea10000
bdad0000
be1d0000
be9f0000
bd740000
3bb60000
3d2f0000
3cc40000
3e1d0000
be230000
be030000
3e570000
3f330000
bee60000
bcc60000
3f100000
bebf0000
3e0d0000
bf0e0000
3ef60000
3e120000
3d1a0000
bec60000
3e110000
be0d0000
be3b0000
3f420000
3e410000
bcab0000
bd3d0000
3ef00000
3f3b0000
3f2d0000
be500000
3e4b0000
bc970000
beaf0000
bd930000
beea0000
3e590000
bebe0000
bca20000
3efa0000
3e3f0000
3e730000
3ea40000
3c7f0000
3eba0000
3ddf0000
bec30000
3e6c0000
be930000
3dd10000
be380000
3c390000
3e1f0000
be6b0000
3b9c0000
3f230000
bf0b0000
3dd80000
3bed0000
bd3a0000
3e1d0000
bdfc0000
bde30000
be530000
3e060000
3d490000
3e9c0000
bd950000
bf2d0000
3e5c0000
be940000
3e180000
3dde0000
3c910000
3dc00000
3e550000
be580000
3f280000
be4d0000
bf0e0000
bcfb0000
3efa0000
be8d0000
bdb40000
3d9f0000
bc6b0000
be730000
bf020000
3e450000
3d930000
3ec10000
3f100000
3e460000
bd220000
3f070000
beae0000
be540000
3dca0000
3de00000
3dc80000
3e2e0000
be5e0000
bef90000
bdbc0000
3f000000
