
-- Executing script file `/tmp/qwen-write-bridge-20261007/results/uarch/qwen_write_bridge_20261007/generic_synth/role0.ys' --

1. Executing Verilog-2005 frontend: /tmp/qwen-write-bridge-20261007/rtl/physical/ot_qwen_kvc_hub_cdc.sv
Parsing SystemVerilog input from `/tmp/qwen-write-bridge-20261007/rtl/physical/ot_qwen_kvc_hub_cdc.sv' to AST representation.
Generating RTLIL representation for module `\ot_qwen_kvc_hub_cdc'.
Successfully finished Verilog frontend.

2. Executing Verilog-2005 frontend: /tmp/qwen-write-bridge-20261007/rtl/physical/ot_qwen_kvc_write_link_bridge.sv
Parsing SystemVerilog input from `/tmp/qwen-write-bridge-20261007/rtl/physical/ot_qwen_kvc_write_link_bridge.sv' to AST representation.
Generating RTLIL representation for module `\ot_qwen_kvc_write_link_bridge'.
Warning: Replacing memory \tags with list of registers. See /tmp/qwen-write-bridge-20261007/rtl/physical/ot_qwen_kvc_write_link_bridge.sv:78
Warning: Replacing memory \seqs with list of registers. See /tmp/qwen-write-bridge-20261007/rtl/physical/ot_qwen_kvc_write_link_bridge.sv:78
Successfully finished Verilog frontend.

3. Executing Verilog-2005 frontend: /tmp/qwen-write-bridge-codec-20261007/rtl/physical/ot_qwen_kvc_packet_codec_parallel.sv
Parsing SystemVerilog input from `/tmp/qwen-write-bridge-codec-20261007/rtl/physical/ot_qwen_kvc_packet_codec_parallel.sv' to AST representation.
Generating RTLIL representation for module `\ot_qwen_kvc_packet_encode_parallel'.
Generating RTLIL representation for module `\ot_qwen_kvc_packet_decode_parallel'.
Successfully finished Verilog frontend.

4. Executing Verilog-2005 frontend: /home/ubuntu/OpenTallas/rtl/lib/ot_async_fifo.sv
Parsing SystemVerilog input from `/home/ubuntu/OpenTallas/rtl/lib/ot_async_fifo.sv' to AST representation.
Generating RTLIL representation for module `\ot_async_fifo'.
Warning: Replacing memory \mem with list of registers. See /home/ubuntu/OpenTallas/rtl/lib/ot_async_fifo.sv:91
Successfully finished Verilog frontend.

5. Executing Verilog-2005 frontend: /home/ubuntu/OpenTallas/rtl/lib/ot_reset_sync.sv
Parsing SystemVerilog input from `/home/ubuntu/OpenTallas/rtl/lib/ot_reset_sync.sv' to AST representation.
Generating RTLIL representation for module `\ot_reset_sync'.
Successfully finished Verilog frontend.

6. Executing HIERARCHY pass (managing design hierarchy).
Parameter \ENABLE = 1
Parameter \ROLE = 0

7. Executing AST frontend in derive mode using pre-parsed AST for module `\ot_qwen_kvc_write_link_bridge'.
Parameter \ENABLE = 1
Parameter \ROLE = 0
Generating RTLIL representation for module `$paramod$096e13d8f7a348d2c5c762634e730145daebe690\ot_qwen_kvc_write_link_bridge'.
Warning: Replacing memory \tags with list of registers. See /tmp/qwen-write-bridge-20261007/rtl/physical/ot_qwen_kvc_write_link_bridge.sv:78
Warning: Replacing memory \seqs with list of registers. See /tmp/qwen-write-bridge-20261007/rtl/physical/ot_qwen_kvc_write_link_bridge.sv:78

7.1. Analyzing design hierarchy..
Top module:  \ot_qwen_kvc_write_link_bridge
Used module:     \ot_qwen_kvc_packet_encode_parallel
Used module:     \ot_qwen_kvc_packet_decode_parallel
Used module:     \ot_qwen_kvc_hub_cdc
Used module:         \ot_async_fifo
Used module:             \ot_reset_sync
Parameter \WIDTH = 523
Parameter \DEPTH = 8

7.2. Executing AST frontend in derive mode using pre-parsed AST for module `\ot_async_fifo'.
Parameter \WIDTH = 523
Parameter \DEPTH = 8
Generating RTLIL representation for module `$paramod$58347781089f6f62c8bb23f717916a1820129f57\ot_async_fifo'.
Warning: Replacing memory \mem with list of registers. See /home/ubuntu/OpenTallas/rtl/lib/ot_async_fifo.sv:91
Parameter \WIDTH = 510
Parameter \DEPTH = 16

7.3. Executing AST frontend in derive mode using pre-parsed AST for module `\ot_async_fifo'.
Parameter \WIDTH = 510
Parameter \DEPTH = 16
Generating RTLIL representation for module `$paramod$ff6d864de6cb19a5ac2b782bc6b5a1ade313a4c6\ot_async_fifo'.
Warning: Replacing memory \mem with list of registers. See /home/ubuntu/OpenTallas/rtl/lib/ot_async_fifo.sv:91
Parameter \ENABLE = 1

7.4. Executing AST frontend in derive mode using pre-parsed AST for module `\ot_qwen_kvc_packet_encode_parallel'.
Parameter \ENABLE = 1
Generating RTLIL representation for module `$paramod\ot_qwen_kvc_packet_encode_parallel\ENABLE=s32'00000000000000000000000000000001'.
Parameter \ENABLE = 1

7.5. Executing AST frontend in derive mode using pre-parsed AST for module `\ot_qwen_kvc_packet_decode_parallel'.
Parameter \ENABLE = 1
Generating RTLIL representation for module `$paramod\ot_qwen_kvc_packet_decode_parallel\ENABLE=s32'00000000000000000000000000000001'.
Parameter \ENABLE = 1
Parameter \DEST = 2'00

7.6. Executing AST frontend in derive mode using pre-parsed AST for module `\ot_qwen_kvc_hub_cdc'.
Parameter \ENABLE = 1
Parameter \DEST = 2'00
Generating RTLIL representation for module `$paramod\ot_qwen_kvc_hub_cdc\ENABLE=s32'00000000000000000000000000000001\DEST=2'00'.

7.7. Analyzing design hierarchy..
Top module:  \ot_qwen_kvc_write_link_bridge
Used module:     $paramod\ot_qwen_kvc_packet_encode_parallel\ENABLE=s32'00000000000000000000000000000001
Used module:     $paramod\ot_qwen_kvc_packet_decode_parallel\ENABLE=s32'00000000000000000000000000000001
Used module:     $paramod\ot_qwen_kvc_hub_cdc\ENABLE=s32'00000000000000000000000000000001\DEST=2'00
Used module:         \ot_async_fifo
Used module:             \ot_reset_sync
Parameter \WIDTH = 523
Parameter \DEPTH = 8
Found cached RTLIL representation for module `$paramod$58347781089f6f62c8bb23f717916a1820129f57\ot_async_fifo'.
Parameter \WIDTH = 510
Parameter \DEPTH = 16
Found cached RTLIL representation for module `$paramod$ff6d864de6cb19a5ac2b782bc6b5a1ade313a4c6\ot_async_fifo'.

7.8. Analyzing design hierarchy..
Top module:  \ot_qwen_kvc_write_link_bridge
Used module:     $paramod\ot_qwen_kvc_packet_encode_parallel\ENABLE=s32'00000000000000000000000000000001
Used module:     $paramod\ot_qwen_kvc_packet_decode_parallel\ENABLE=s32'00000000000000000000000000000001
Used module:     $paramod\ot_qwen_kvc_hub_cdc\ENABLE=s32'00000000000000000000000000000001\DEST=2'00
Used module:         $paramod$58347781089f6f62c8bb23f717916a1820129f57\ot_async_fifo
Used module:             \ot_reset_sync
Used module:         $paramod$ff6d864de6cb19a5ac2b782bc6b5a1ade313a4c6\ot_async_fifo

7.9. Analyzing design hierarchy..
Top module:  \ot_qwen_kvc_write_link_bridge
Used module:     $paramod\ot_qwen_kvc_packet_encode_parallel\ENABLE=s32'00000000000000000000000000000001
Used module:     $paramod\ot_qwen_kvc_packet_decode_parallel\ENABLE=s32'00000000000000000000000000000001
Used module:     $paramod\ot_qwen_kvc_hub_cdc\ENABLE=s32'00000000000000000000000000000001\DEST=2'00
Used module:         $paramod$58347781089f6f62c8bb23f717916a1820129f57\ot_async_fifo
Used module:             \ot_reset_sync
Used module:         $paramod$ff6d864de6cb19a5ac2b782bc6b5a1ade313a4c6\ot_async_fifo
Removing unused module `\ot_async_fifo'.
Removing unused module `\ot_qwen_kvc_packet_decode_parallel'.
Removing unused module `\ot_qwen_kvc_packet_encode_parallel'.
Removing unused module `$paramod$096e13d8f7a348d2c5c762634e730145daebe690\ot_qwen_kvc_write_link_bridge'.
Removing unused module `\ot_qwen_kvc_hub_cdc'.
Removed 5 unused modules.

8. Executing SYNTH pass.

8.1. Executing HIERARCHY pass (managing design hierarchy).

8.1.1. Analyzing design hierarchy..
Top module:  \ot_qwen_kvc_write_link_bridge
Used module:     $paramod\ot_qwen_kvc_packet_encode_parallel\ENABLE=s32'00000000000000000000000000000001
Used module:     $paramod\ot_qwen_kvc_packet_decode_parallel\ENABLE=s32'00000000000000000000000000000001
Used module:     $paramod\ot_qwen_kvc_hub_cdc\ENABLE=s32'00000000000000000000000000000001\DEST=2'00
Used module:         $paramod$58347781089f6f62c8bb23f717916a1820129f57\ot_async_fifo
Used module:             \ot_reset_sync
Used module:         $paramod$ff6d864de6cb19a5ac2b782bc6b5a1ade313a4c6\ot_async_fifo

8.1.2. Analyzing design hierarchy..
Top module:  \ot_qwen_kvc_write_link_bridge
Used module:     $paramod\ot_qwen_kvc_packet_encode_parallel\ENABLE=s32'00000000000000000000000000000001
Used module:     $paramod\ot_qwen_kvc_packet_decode_parallel\ENABLE=s32'00000000000000000000000000000001
Used module:     $paramod\ot_qwen_kvc_hub_cdc\ENABLE=s32'00000000000000000000000000000001\DEST=2'00
Used module:         $paramod$58347781089f6f62c8bb23f717916a1820129f57\ot_async_fifo
Used module:             \ot_reset_sync
Used module:         $paramod$ff6d864de6cb19a5ac2b782bc6b5a1ade313a4c6\ot_async_fifo
Removed 0 unused modules.

8.2. Executing PROC pass (convert processes to netlists).

8.2.1. Executing PROC_CLEAN pass (remove empty switches from decision trees).
Found and cleaned up 1 empty switch in `$paramod\ot_qwen_kvc_hub_cdc\ENABLE=s32'00000000000000000000000000000001\DEST=2'00.$proc$/tmp/qwen-write-bridge-20261007/rtl/physical/ot_qwen_kvc_hub_cdc.sv:54$1010'.
Found and cleaned up 1 empty switch in `$paramod\ot_qwen_kvc_packet_decode_parallel\ENABLE=s32'00000000000000000000000000000001.$proc$/tmp/qwen-write-bridge-codec-20261007/rtl/physical/ot_qwen_kvc_packet_codec_parallel.sv:127$871'.
Found and cleaned up 1 empty switch in `$paramod\ot_qwen_kvc_packet_encode_parallel\ENABLE=s32'00000000000000000000000000000001.$proc$/tmp/qwen-write-bridge-codec-20261007/rtl/physical/ot_qwen_kvc_packet_codec_parallel.sv:61$748'.
Found and cleaned up 1 empty switch in `$paramod$ff6d864de6cb19a5ac2b782bc6b5a1ade313a4c6\ot_async_fifo.$proc$/home/ubuntu/OpenTallas/rtl/lib/ot_async_fifo.sv:24$732'.
Removing empty process `$paramod$ff6d864de6cb19a5ac2b782bc6b5a1ade313a4c6\ot_async_fifo.$proc$/home/ubuntu/OpenTallas/rtl/lib/ot_async_fifo.sv:24$732'.
Found and cleaned up 1 empty switch in `$paramod$58347781089f6f62c8bb23f717916a1820129f57\ot_async_fifo.$proc$/home/ubuntu/OpenTallas/rtl/lib/ot_async_fifo.sv:24$698'.
Removing empty process `$paramod$58347781089f6f62c8bb23f717916a1820129f57\ot_async_fifo.$proc$/home/ubuntu/OpenTallas/rtl/lib/ot_async_fifo.sv:24$698'.
Cleaned up 5 empty switches.

8.2.2. Executing PROC_RMDEAD pass (remove dead branches from decision trees).
Marked 40 switch rules as full_case in process $proc$/tmp/qwen-write-bridge-20261007/rtl/physical/ot_qwen_kvc_write_link_bridge.sv:31$390 in module ot_qwen_kvc_write_link_bridge.
Marked 11 switch rules as full_case in process $proc$/tmp/qwen-write-bridge-20261007/rtl/physical/ot_qwen_kvc_write_link_bridge.sv:73$542 in module ot_qwen_kvc_write_link_bridge.
Removed 1 dead cases from process $proc$/tmp/qwen-write-bridge-20261007/rtl/physical/ot_qwen_kvc_write_link_bridge.sv:56$662 in module ot_qwen_kvc_write_link_bridge.
Marked 1 switch rules as full_case in process $proc$/tmp/qwen-write-bridge-20261007/rtl/physical/ot_qwen_kvc_write_link_bridge.sv:56$662 in module ot_qwen_kvc_write_link_bridge.
Marked 1 switch rules as full_case in process $proc$/home/ubuntu/OpenTallas/rtl/lib/ot_reset_sync.sv:13$381 in module ot_reset_sync.
Marked 4 switch rules as full_case in process $proc$/tmp/qwen-write-bridge-20261007/rtl/physical/ot_qwen_kvc_hub_cdc.sv:54$1010 in module $paramod\ot_qwen_kvc_hub_cdc\ENABLE=s32'00000000000000000000000000000001\DEST=2'00.
Marked 1 switch rules as full_case in process $proc$/tmp/qwen-write-bridge-20261007/rtl/physical/ot_qwen_kvc_hub_cdc.sv:47$1003 in module $paramod\ot_qwen_kvc_hub_cdc\ENABLE=s32'00000000000000000000000000000001\DEST=2'00.
Marked 1 switch rules as full_case in process $proc$/tmp/qwen-write-bridge-codec-20261007/rtl/physical/ot_qwen_kvc_packet_codec_parallel.sv:120$864 in module $paramod\ot_qwen_kvc_packet_decode_parallel\ENABLE=s32'00000000000000000000000000000001.
Marked 1 switch rules as full_case in process $proc$/tmp/qwen-write-bridge-codec-20261007/rtl/physical/ot_qwen_kvc_packet_codec_parallel.sv:54$741 in module $paramod\ot_qwen_kvc_packet_encode_parallel\ENABLE=s32'00000000000000000000000000000001.
Removed 1 dead cases from process $proc$/home/ubuntu/OpenTallas/rtl/lib/ot_async_fifo.sv:70$729 in module $paramod$ff6d864de6cb19a5ac2b782bc6b5a1ade313a4c6\ot_async_fifo.
Marked 1 switch rules as full_case in process $proc$/home/ubuntu/OpenTallas/rtl/lib/ot_async_fifo.sv:70$729 in module $paramod$ff6d864de6cb19a5ac2b782bc6b5a1ade313a4c6\ot_async_fifo.
Marked 1 switch rules as full_case in process $proc$/home/ubuntu/OpenTallas/rtl/lib/ot_async_fifo.sv:98$727 in module $paramod$ff6d864de6cb19a5ac2b782bc6b5a1ade313a4c6\ot_async_fifo.
Marked 3 switch rules as full_case in process $proc$/home/ubuntu/OpenTallas/rtl/lib/ot_async_fifo.sv:72$719 in module $paramod$ff6d864de6cb19a5ac2b782bc6b5a1ade313a4c6\ot_async_fifo.
Removed 1 dead cases from process $proc$/home/ubuntu/OpenTallas/rtl/lib/ot_async_fifo.sv:70$695 in module $paramod$58347781089f6f62c8bb23f717916a1820129f57\ot_async_fifo.
Marked 1 switch rules as full_case in process $proc$/home/ubuntu/OpenTallas/rtl/lib/ot_async_fifo.sv:70$695 in module $paramod$58347781089f6f62c8bb23f717916a1820129f57\ot_async_fifo.
Marked 1 switch rules as full_case in process $proc$/home/ubuntu/OpenTallas/rtl/lib/ot_async_fifo.sv:98$693 in module $paramod$58347781089f6f62c8bb23f717916a1820129f57\ot_async_fifo.
Marked 3 switch rules as full_case in process $proc$/home/ubuntu/OpenTallas/rtl/lib/ot_async_fifo.sv:72$685 in module $paramod$58347781089f6f62c8bb23f717916a1820129f57\ot_async_fifo.
Removed a total of 3 dead cases.

8.2.3. Executing PROC_PRUNE pass (remove redundant assignments in processes).
Removed 50 redundant assignments.
Promoted 102 assignments to connections.

8.2.4. Executing PROC_INIT pass (extract init attributes).

8.2.5. Executing PROC_ARST pass (detect async resets in processes).
Found async reset \rst_n in `\ot_qwen_kvc_write_link_bridge.$proc$/tmp/qwen-write-bridge-20261007/rtl/physical/ot_qwen_kvc_write_link_bridge.sv:73$542'.
Found async reset \async_rst_n in `\ot_reset_sync.$proc$/home/ubuntu/OpenTallas/rtl/lib/ot_reset_sync.sv:13$381'.
Found async reset \rst_n in `$paramod\ot_qwen_kvc_hub_cdc\ENABLE=s32'00000000000000000000000000000001\DEST=2'00.$proc$/tmp/qwen-write-bridge-20261007/rtl/physical/ot_qwen_kvc_hub_cdc.sv:54$1010'.
Found async reset \rst_n in `$paramod\ot_qwen_kvc_hub_cdc\ENABLE=s32'00000000000000000000000000000001\DEST=2'00.$proc$/tmp/qwen-write-bridge-20261007/rtl/physical/ot_qwen_kvc_hub_cdc.sv:47$1003'.
Found async reset \rst_n in `$paramod\ot_qwen_kvc_packet_decode_parallel\ENABLE=s32'00000000000000000000000000000001.$proc$/tmp/qwen-write-bridge-codec-20261007/rtl/physical/ot_qwen_kvc_packet_codec_parallel.sv:120$864'.
Found async reset \rst_n in `$paramod\ot_qwen_kvc_packet_encode_parallel\ENABLE=s32'00000000000000000000000000000001.$proc$/tmp/qwen-write-bridge-codec-20261007/rtl/physical/ot_qwen_kvc_packet_codec_parallel.sv:54$741'.
Found async reset \rd_domain_rst_n in `$paramod$ff6d864de6cb19a5ac2b782bc6b5a1ade313a4c6\ot_async_fifo.$proc$/home/ubuntu/OpenTallas/rtl/lib/ot_async_fifo.sv:98$727'.
Found async reset \wr_domain_rst_n in `$paramod$ff6d864de6cb19a5ac2b782bc6b5a1ade313a4c6\ot_async_fifo.$proc$/home/ubuntu/OpenTallas/rtl/lib/ot_async_fifo.sv:72$719'.
Found async reset \rd_domain_rst_n in `$paramod$58347781089f6f62c8bb23f717916a1820129f57\ot_async_fifo.$proc$/home/ubuntu/OpenTallas/rtl/lib/ot_async_fifo.sv:98$693'.
Found async reset \wr_domain_rst_n in `$paramod$58347781089f6f62c8bb23f717916a1820129f57\ot_async_fifo.$proc$/home/ubuntu/OpenTallas/rtl/lib/ot_async_fifo.sv:72$685'.

8.2.6. Executing PROC_ROM pass (convert switches to ROMs).
Converted 0 switches.
<suppressed ~68 debug messages>

8.2.7. Executing PROC_MUX pass (convert decision trees to multiplexers).
Creating decoders for process `\ot_qwen_kvc_write_link_bridge.$proc$/tmp/qwen-write-bridge-20261007/rtl/physical/ot_qwen_kvc_write_link_bridge.sv:31$390'.
     1/64: $16\free_slot[31:0]
     2/64: $16\tag_slot[31:0]
     3/64: $24\match_slot[31:0]
     4/64: $23\match_slot[31:0]
     5/64: $15\tag_slot[31:0]
     6/64: $22\match_slot[31:0]
     7/64: $8\count[31:0]
     8/64: $15\free_slot[31:0]
     9/64: $14\free_slot[31:0]
    10/64: $14\tag_slot[31:0]
    11/64: $21\match_slot[31:0]
    12/64: $20\match_slot[31:0]
    13/64: $13\tag_slot[31:0]
    14/64: $19\match_slot[31:0]
    15/64: $7\count[31:0]
    16/64: $13\free_slot[31:0]
    17/64: $12\free_slot[31:0]
    18/64: $12\tag_slot[31:0]
    19/64: $18\match_slot[31:0]
    20/64: $17\match_slot[31:0]
    21/64: $11\tag_slot[31:0]
    22/64: $16\match_slot[31:0]
    23/64: $6\count[31:0]
    24/64: $11\free_slot[31:0]
    25/64: $10\free_slot[31:0]
    26/64: $10\tag_slot[31:0]
    27/64: $15\match_slot[31:0]
    28/64: $14\match_slot[31:0]
    29/64: $9\tag_slot[31:0]
    30/64: $13\match_slot[31:0]
    31/64: $5\count[31:0]
    32/64: $9\free_slot[31:0]
    33/64: $8\free_slot[31:0]
    34/64: $8\tag_slot[31:0]
    35/64: $12\match_slot[31:0]
    36/64: $11\match_slot[31:0]
    37/64: $7\tag_slot[31:0]
    38/64: $10\match_slot[31:0]
    39/64: $4\count[31:0]
    40/64: $7\free_slot[31:0]
    41/64: $6\free_slot[31:0]
    42/64: $6\tag_slot[31:0]
    43/64: $9\match_slot[31:0]
    44/64: $8\match_slot[31:0]
    45/64: $5\tag_slot[31:0]
    46/64: $7\match_slot[31:0]
    47/64: $3\count[31:0]
    48/64: $5\free_slot[31:0]
    49/64: $4\free_slot[31:0]
    50/64: $4\tag_slot[31:0]
    51/64: $6\match_slot[31:0]
    52/64: $5\match_slot[31:0]
    53/64: $3\tag_slot[31:0]
    54/64: $4\match_slot[31:0]
    55/64: $2\count[31:0]
    56/64: $3\free_slot[31:0]
    57/64: $2\free_slot[31:0]
    58/64: $2\tag_slot[31:0]
    59/64: $3\match_slot[31:0]
    60/64: $2\match_slot[31:0]
    61/64: $1\tag_slot[31:0]
    62/64: $1\match_slot[31:0]
    63/64: $1\count[31:0]
    64/64: $1\free_slot[31:0]
Creating decoders for process `\ot_qwen_kvc_write_link_bridge.$proc$/tmp/qwen-write-bridge-20261007/rtl/physical/ot_qwen_kvc_write_link_bridge.sv:73$542'.
     1/82: $8$lookahead\handed$541[7:0]$661
     2/82: $8$lookahead\live$540[7:0]$660
     3/82: $7$lookahead\handed$541[7:0]$650
     4/82: $7$lookahead\live$540[7:0]$649
     5/82: $6$lookahead\handed$541[7:0]$634
     6/82: $6$lookahead\live$540[7:0]$633
     7/82: $5$bitselwrite$pos$/tmp/qwen-write-bridge-20261007/rtl/physical/ot_qwen_kvc_write_link_bridge.sv:92$386[31:0]$632
     8/82: $5$bitselwrite$pos$/tmp/qwen-write-bridge-20261007/rtl/physical/ot_qwen_kvc_write_link_bridge.sv:92$385[31:0]$631
     9/82: $5$lookahead\handed$541[7:0]$625
    10/82: $5$lookahead\live$540[7:0]$624
    11/82: $4$bitselwrite$pos$/tmp/qwen-write-bridge-20261007/rtl/physical/ot_qwen_kvc_write_link_bridge.sv:92$386[31:0]$623
    12/82: $4$bitselwrite$pos$/tmp/qwen-write-bridge-20261007/rtl/physical/ot_qwen_kvc_write_link_bridge.sv:92$385[31:0]$622
    13/82: $4$mem2reg_wr$\seqs$/tmp/qwen-write-bridge-20261007/rtl/physical/ot_qwen_kvc_write_link_bridge.sv:87$389_ADDR[2:0]$596
    14/82: $4$mem2reg_wr$\seqs$/tmp/qwen-write-bridge-20261007/rtl/physical/ot_qwen_kvc_write_link_bridge.sv:87$389_DATA[15:0]$597
    15/82: $4$mem2reg_wr$\tags$/tmp/qwen-write-bridge-20261007/rtl/physical/ot_qwen_kvc_write_link_bridge.sv:87$388_ADDR[2:0]$594
    16/82: $4$mem2reg_wr$\tags$/tmp/qwen-write-bridge-20261007/rtl/physical/ot_qwen_kvc_write_link_bridge.sv:87$388_DATA[8:0]$595
    17/82: $4$lookahead\handed$541[7:0]$599
    18/82: $4$bitselwrite$pos$/tmp/qwen-write-bridge-20261007/rtl/physical/ot_qwen_kvc_write_link_bridge.sv:87$384[31:0]$593
    19/82: $4$lookahead\live$540[7:0]$598
    20/82: $4$bitselwrite$pos$/tmp/qwen-write-bridge-20261007/rtl/physical/ot_qwen_kvc_write_link_bridge.sv:87$383[31:0]$592
    21/82: $3$lookahead\handed$541[7:0]$589
    22/82: $3$lookahead\live$540[7:0]$588
    23/82: $3$bitselwrite$pos$/tmp/qwen-write-bridge-20261007/rtl/physical/ot_qwen_kvc_write_link_bridge.sv:92$386[31:0]$583
    24/82: $3$bitselwrite$pos$/tmp/qwen-write-bridge-20261007/rtl/physical/ot_qwen_kvc_write_link_bridge.sv:92$385[31:0]$582
    25/82: $3$mem2reg_wr$\seqs$/tmp/qwen-write-bridge-20261007/rtl/physical/ot_qwen_kvc_write_link_bridge.sv:87$389_DATA[15:0]$587
    26/82: $3$mem2reg_wr$\seqs$/tmp/qwen-write-bridge-20261007/rtl/physical/ot_qwen_kvc_write_link_bridge.sv:87$389_ADDR[2:0]$586
    27/82: $3$mem2reg_wr$\tags$/tmp/qwen-write-bridge-20261007/rtl/physical/ot_qwen_kvc_write_link_bridge.sv:87$388_DATA[8:0]$585
    28/82: $3$mem2reg_wr$\tags$/tmp/qwen-write-bridge-20261007/rtl/physical/ot_qwen_kvc_write_link_bridge.sv:87$388_ADDR[2:0]$584
    29/82: $3$bitselwrite$pos$/tmp/qwen-write-bridge-20261007/rtl/physical/ot_qwen_kvc_write_link_bridge.sv:87$384[31:0]$581
    30/82: $3$bitselwrite$pos$/tmp/qwen-write-bridge-20261007/rtl/physical/ot_qwen_kvc_write_link_bridge.sv:87$383[31:0]$580
    31/82: $2$lookahead\handed$541[7:0]$574
    32/82: $2$lookahead\live$540[7:0]$573
    33/82: $2$mem2reg_wr$\seqs$/tmp/qwen-write-bridge-20261007/rtl/physical/ot_qwen_kvc_write_link_bridge.sv:87$389_DATA[15:0]$572
    34/82: $2$mem2reg_wr$\seqs$/tmp/qwen-write-bridge-20261007/rtl/physical/ot_qwen_kvc_write_link_bridge.sv:87$389_ADDR[2:0]$571
    35/82: $2$mem2reg_wr$\tags$/tmp/qwen-write-bridge-20261007/rtl/physical/ot_qwen_kvc_write_link_bridge.sv:87$388_DATA[8:0]$570
    36/82: $2$mem2reg_wr$\tags$/tmp/qwen-write-bridge-20261007/rtl/physical/ot_qwen_kvc_write_link_bridge.sv:87$388_ADDR[2:0]$569
    37/82: $2$bitselwrite$pos$/tmp/qwen-write-bridge-20261007/rtl/physical/ot_qwen_kvc_write_link_bridge.sv:92$386[31:0]$568
    38/82: $2$bitselwrite$pos$/tmp/qwen-write-bridge-20261007/rtl/physical/ot_qwen_kvc_write_link_bridge.sv:92$385[31:0]$567
    39/82: $2$bitselwrite$pos$/tmp/qwen-write-bridge-20261007/rtl/physical/ot_qwen_kvc_write_link_bridge.sv:87$384[31:0]$566
    40/82: $2$bitselwrite$pos$/tmp/qwen-write-bridge-20261007/rtl/physical/ot_qwen_kvc_write_link_bridge.sv:87$383[31:0]$565
    41/82: $1$lookahead\handed$541[7:0]$563
    42/82: $1$lookahead\live$540[7:0]$562
    43/82: $1$mem2reg_wr$\seqs$/tmp/qwen-write-bridge-20261007/rtl/physical/ot_qwen_kvc_write_link_bridge.sv:87$389_DATA[15:0]$561
    44/82: $1$mem2reg_wr$\seqs$/tmp/qwen-write-bridge-20261007/rtl/physical/ot_qwen_kvc_write_link_bridge.sv:87$389_ADDR[2:0]$560
    45/82: $1$mem2reg_wr$\tags$/tmp/qwen-write-bridge-20261007/rtl/physical/ot_qwen_kvc_write_link_bridge.sv:87$388_DATA[8:0]$559
    46/82: $1$mem2reg_wr$\tags$/tmp/qwen-write-bridge-20261007/rtl/physical/ot_qwen_kvc_write_link_bridge.sv:87$388_ADDR[2:0]$558
    47/82: $1$bitselwrite$pos$/tmp/qwen-write-bridge-20261007/rtl/physical/ot_qwen_kvc_write_link_bridge.sv:92$386[31:0]$557
    48/82: $1$bitselwrite$pos$/tmp/qwen-write-bridge-20261007/rtl/physical/ot_qwen_kvc_write_link_bridge.sv:92$385[31:0]$556
    49/82: $1$bitselwrite$pos$/tmp/qwen-write-bridge-20261007/rtl/physical/ot_qwen_kvc_write_link_bridge.sv:87$384[31:0]$555
    50/82: $1$bitselwrite$pos$/tmp/qwen-write-bridge-20261007/rtl/physical/ot_qwen_kvc_write_link_bridge.sv:87$383[31:0]$554
    51/82: $0\ledger_w_v[0:0]
    52/82: $0\wd_v[0:0]
    53/82: $0\room2[0:0]
    54/82: $0\room1[0:0]
    55/82: $1\k[31:0]
    56/82: $0\tags[7][8:0]
    57/82: $0\tags[6][8:0]
    58/82: $0\tags[5][8:0]
    59/82: $0\tags[4][8:0]
    60/82: $0\tags[3][8:0]
    61/82: $0\tags[2][8:0]
    62/82: $0\tags[1][8:0]
    63/82: $0\tags[0][8:0]
    64/82: $0\seqs[7][15:0]
    65/82: $0\seqs[6][15:0]
    66/82: $0\seqs[5][15:0]
    67/82: $0\seqs[4][15:0]
    68/82: $0\seqs[3][15:0]
    69/82: $0\seqs[2][15:0]
    70/82: $0\seqs[1][15:0]
    71/82: $0\seqs[0][15:0]
    72/82: $0\identity_source[1:0]
    73/82: $0\identity_tag[10:0]
    74/82: $0\exhausted[0:0]
    75/82: $0\next_seq[15:0]
    76/82: $0\epoch[7:0]
    77/82: $0\canceled_at_fence[3:0]
    78/82: $0\ledger_w_tag[8:0]
    79/82: $0\ledger_w_data[255:0]
    80/82: $0\ledger_w_sec[23:0]
    81/82: $0\wd_tag[8:0]
    82/82: $0\fault[0:0]
Creating decoders for process `\ot_qwen_kvc_write_link_bridge.$proc$/tmp/qwen-write-bridge-20261007/rtl/physical/ot_qwen_kvc_write_link_bridge.sv:56$662'.
     1/1: $1$mem2reg_rd$\seqs$/tmp/qwen-write-bridge-20261007/rtl/physical/ot_qwen_kvc_write_link_bridge.sv:56$387_DATA[15:0]$664
Creating decoders for process `\ot_reset_sync.$proc$/home/ubuntu/OpenTallas/rtl/lib/ot_reset_sync.sv:13$381'.
     1/1: $0\reset_pipe[1:0]
Creating decoders for process `$paramod\ot_qwen_kvc_hub_cdc\ENABLE=s32'00000000000000000000000000000001\DEST=2'00.$proc$/tmp/qwen-write-bridge-20261007/rtl/physical/ot_qwen_kvc_hub_cdc.sv:28$1021'.
Creating decoders for process `$paramod\ot_qwen_kvc_hub_cdc\ENABLE=s32'00000000000000000000000000000001\DEST=2'00.$proc$/tmp/qwen-write-bridge-20261007/rtl/physical/ot_qwen_kvc_hub_cdc.sv:54$1010'.
     1/7: $0\ar_cr[0:0]
     2/7: $0\rg2[3:0]
     3/7: $0\rg1[3:0]
     4/7: $0\ar_owned[3:0]
     5/7: $0\returned[3:0]
     6/7: $0\hub_fault[0:0]
     7/7: $0\credits[1:0]
Creating decoders for process `$paramod\ot_qwen_kvc_hub_cdc\ENABLE=s32'00000000000000000000000000000001\DEST=2'00.$proc$/tmp/qwen-write-bridge-20261007/rtl/physical/ot_qwen_kvc_hub_cdc.sv:47$1003'.
     1/6: $0\quiet2[0:0]
     2/6: $0\quiet1[0:0]
     3/6: $0\fault2[0:0]
     4/6: $0\fault1[0:0]
     5/6: $0\returns_gray[3:0]
     6/6: $0\returns[3:0]
Creating decoders for process `$paramod\ot_qwen_kvc_packet_decode_parallel\ENABLE=s32'00000000000000000000000000000001.$proc$/tmp/qwen-write-bridge-codec-20261007/rtl/physical/ot_qwen_kvc_packet_codec_parallel.sv:119$872'.
Creating decoders for process `$paramod\ot_qwen_kvc_packet_decode_parallel\ENABLE=s32'00000000000000000000000000000001.$proc$/tmp/qwen-write-bridge-codec-20261007/rtl/physical/ot_qwen_kvc_packet_codec_parallel.sv:127$871'.
Creating decoders for process `$paramod\ot_qwen_kvc_packet_decode_parallel\ENABLE=s32'00000000000000000000000000000001.$proc$/tmp/qwen-write-bridge-codec-20261007/rtl/physical/ot_qwen_kvc_packet_codec_parallel.sv:120$864'.
     1/2: $0\o_bad[0:0]
     2/2: $0\o_v[0:0]
Creating decoders for process `$paramod\ot_qwen_kvc_packet_encode_parallel\ENABLE=s32'00000000000000000000000000000001.$proc$/tmp/qwen-write-bridge-codec-20261007/rtl/physical/ot_qwen_kvc_packet_codec_parallel.sv:61$748'.
Creating decoders for process `$paramod\ot_qwen_kvc_packet_encode_parallel\ENABLE=s32'00000000000000000000000000000001.$proc$/tmp/qwen-write-bridge-codec-20261007/rtl/physical/ot_qwen_kvc_packet_codec_parallel.sv:54$741'.
     1/2: $0\o_bad[0:0]
     2/2: $0\o_v[0:0]
Creating decoders for process `$paramod$ff6d864de6cb19a5ac2b782bc6b5a1ade313a4c6\ot_async_fifo.$proc$/home/ubuntu/OpenTallas/rtl/lib/ot_async_fifo.sv:70$729'.
     1/1: $1$mem2reg_rd$\mem$/home/ubuntu/OpenTallas/rtl/lib/ot_async_fifo.sv:70$699_DATA[509:0]$731
Creating decoders for process `$paramod$ff6d864de6cb19a5ac2b782bc6b5a1ade313a4c6\ot_async_fifo.$proc$/home/ubuntu/OpenTallas/rtl/lib/ot_async_fifo.sv:98$727'.
     1/9: $0\rd_empty[0:0]
     2/9: $0\rd_gray[4:0]
     3/9: $0\rd_bin[4:0]
     4/9: $0\wr_gray_r2[4:0]
     5/9: $0\wr_gray_r1[4:0]
     6/9: $0\wr_online_r2[0:0]
     7/9: $0\wr_online_r1[0:0]
     8/9: $0\rd_online[0:0]
     9/9: $0\rd_underflow[0:0]
Creating decoders for process `$paramod$ff6d864de6cb19a5ac2b782bc6b5a1ade313a4c6\ot_async_fifo.$proc$/home/ubuntu/OpenTallas/rtl/lib/ot_async_fifo.sv:72$719'.
     1/29: $2$mem2reg_wr$\mem$/home/ubuntu/OpenTallas/rtl/lib/ot_async_fifo.sv:91$700_ADDR[3:0]$725
     2/29: $2$mem2reg_wr$\mem$/home/ubuntu/OpenTallas/rtl/lib/ot_async_fifo.sv:91$700_DATA[509:0]$726
     3/29: $0\wr_full[0:0]
     4/29: $0\wr_gray[4:0]
     5/29: $0\wr_bin[4:0]
     6/29: $1$mem2reg_wr$\mem$/home/ubuntu/OpenTallas/rtl/lib/ot_async_fifo.sv:91$700_DATA[509:0]$724
     7/29: $1$mem2reg_wr$\mem$/home/ubuntu/OpenTallas/rtl/lib/ot_async_fifo.sv:91$700_ADDR[3:0]$723
     8/29: $0\rd_gray_w2[4:0]
     9/29: $0\rd_gray_w1[4:0]
    10/29: $0\rd_online_w2[0:0]
    11/29: $0\rd_online_w1[0:0]
    12/29: $0\wr_online[0:0]
    13/29: $0\mem[15][509:0]
    14/29: $0\mem[14][509:0]
    15/29: $0\mem[13][509:0]
    16/29: $0\mem[12][509:0]
    17/29: $0\mem[11][509:0]
    18/29: $0\mem[10][509:0]
    19/29: $0\mem[9][509:0]
    20/29: $0\mem[8][509:0]
    21/29: $0\mem[7][509:0]
    22/29: $0\mem[6][509:0]
    23/29: $0\mem[5][509:0]
    24/29: $0\mem[4][509:0]
    25/29: $0\mem[3][509:0]
    26/29: $0\mem[2][509:0]
    27/29: $0\mem[1][509:0]
    28/29: $0\mem[0][509:0]
    29/29: $0\wr_overflow[0:0]
Creating decoders for process `$paramod$58347781089f6f62c8bb23f717916a1820129f57\ot_async_fifo.$proc$/home/ubuntu/OpenTallas/rtl/lib/ot_async_fifo.sv:70$695'.
     1/1: $1$mem2reg_rd$\mem$/home/ubuntu/OpenTallas/rtl/lib/ot_async_fifo.sv:70$665_DATA[522:0]$697
Creating decoders for process `$paramod$58347781089f6f62c8bb23f717916a1820129f57\ot_async_fifo.$proc$/home/ubuntu/OpenTallas/rtl/lib/ot_async_fifo.sv:98$693'.
     1/9: $0\rd_empty[0:0]
     2/9: $0\rd_gray[3:0]
     3/9: $0\rd_bin[3:0]
     4/9: $0\wr_gray_r2[3:0]
     5/9: $0\wr_gray_r1[3:0]
     6/9: $0\wr_online_r2[0:0]
     7/9: $0\wr_online_r1[0:0]
     8/9: $0\rd_online[0:0]
     9/9: $0\rd_underflow[0:0]
Creating decoders for process `$paramod$58347781089f6f62c8bb23f717916a1820129f57\ot_async_fifo.$proc$/home/ubuntu/OpenTallas/rtl/lib/ot_async_fifo.sv:72$685'.
     1/21: $2$mem2reg_wr$\mem$/home/ubuntu/OpenTallas/rtl/lib/ot_async_fifo.sv:91$666_ADDR[2:0]$691
     2/21: $2$mem2reg_wr$\mem$/home/ubuntu/OpenTallas/rtl/lib/ot_async_fifo.sv:91$666_DATA[522:0]$692
     3/21: $0\wr_full[0:0]
     4/21: $0\wr_gray[3:0]
     5/21: $0\wr_bin[3:0]
     6/21: $1$mem2reg_wr$\mem$/home/ubuntu/OpenTallas/rtl/lib/ot_async_fifo.sv:91$666_DATA[522:0]$690
     7/21: $1$mem2reg_wr$\mem$/home/ubuntu/OpenTallas/rtl/lib/ot_async_fifo.sv:91$666_ADDR[2:0]$689
     8/21: $0\rd_gray_w2[3:0]
     9/21: $0\rd_gray_w1[3:0]
    10/21: $0\rd_online_w2[0:0]
    11/21: $0\rd_online_w1[0:0]
    12/21: $0\wr_online[0:0]
    13/21: $0\mem[7][522:0]
    14/21: $0\mem[6][522:0]
    15/21: $0\mem[5][522:0]
    16/21: $0\mem[4][522:0]
    17/21: $0\mem[3][522:0]
    18/21: $0\mem[2][522:0]
    19/21: $0\mem[1][522:0]
    20/21: $0\mem[0][522:0]
    21/21: $0\wr_overflow[0:0]

8.2.8. Executing PROC_DLATCH pass (convert process syncs to latches).
No latch inferred for signal `\ot_qwen_kvc_write_link_bridge.\free_slot' from process `\ot_qwen_kvc_write_link_bridge.$proc$/tmp/qwen-write-bridge-20261007/rtl/physical/ot_qwen_kvc_write_link_bridge.sv:31$390'.
No latch inferred for signal `\ot_qwen_kvc_write_link_bridge.\match_slot' from process `\ot_qwen_kvc_write_link_bridge.$proc$/tmp/qwen-write-bridge-20261007/rtl/physical/ot_qwen_kvc_write_link_bridge.sv:31$390'.
No latch inferred for signal `\ot_qwen_kvc_write_link_bridge.\tag_slot' from process `\ot_qwen_kvc_write_link_bridge.$proc$/tmp/qwen-write-bridge-20261007/rtl/physical/ot_qwen_kvc_write_link_bridge.sv:31$390'.
No latch inferred for signal `\ot_qwen_kvc_write_link_bridge.\count' from process `\ot_qwen_kvc_write_link_bridge.$proc$/tmp/qwen-write-bridge-20261007/rtl/physical/ot_qwen_kvc_write_link_bridge.sv:31$390'.
No latch inferred for signal `\ot_qwen_kvc_write_link_bridge.$fordecl_block$49.j' from process `\ot_qwen_kvc_write_link_bridge.$proc$/tmp/qwen-write-bridge-20261007/rtl/physical/ot_qwen_kvc_write_link_bridge.sv:31$390'.
No latch inferred for signal `\ot_qwen_kvc_write_link_bridge.$mem2reg_rd$\seqs$/tmp/qwen-write-bridge-20261007/rtl/physical/ot_qwen_kvc_write_link_bridge.sv:56$387_DATA' from process `\ot_qwen_kvc_write_link_bridge.$proc$/tmp/qwen-write-bridge-20261007/rtl/physical/ot_qwen_kvc_write_link_bridge.sv:56$662'.
No latch inferred for signal `$paramod\ot_qwen_kvc_hub_cdc\ENABLE=s32'00000000000000000000000000000001\DEST=2'00.\ungray$func$/tmp/qwen-write-bridge-20261007/rtl/physical/ot_qwen_kvc_hub_cdc.sv:28$972.$result' from process `$paramod\ot_qwen_kvc_hub_cdc\ENABLE=s32'00000000000000000000000000000001\DEST=2'00.$proc$/tmp/qwen-write-bridge-20261007/rtl/physical/ot_qwen_kvc_hub_cdc.sv:28$1021'.
No latch inferred for signal `$paramod\ot_qwen_kvc_packet_decode_parallel\ENABLE=s32'00000000000000000000000000000001.\crc32$func$/tmp/qwen-write-bridge-codec-20261007/rtl/physical/ot_qwen_kvc_packet_codec_parallel.sv:119$849.$result' from process `$paramod\ot_qwen_kvc_packet_decode_parallel\ENABLE=s32'00000000000000000000000000000001.$proc$/tmp/qwen-write-bridge-codec-20261007/rtl/physical/ot_qwen_kvc_packet_codec_parallel.sv:119$872'.
No latch inferred for signal `$paramod$ff6d864de6cb19a5ac2b782bc6b5a1ade313a4c6\ot_async_fifo.$mem2reg_rd$\mem$/home/ubuntu/OpenTallas/rtl/lib/ot_async_fifo.sv:70$699_DATA' from process `$paramod$ff6d864de6cb19a5ac2b782bc6b5a1ade313a4c6\ot_async_fifo.$proc$/home/ubuntu/OpenTallas/rtl/lib/ot_async_fifo.sv:70$729'.
No latch inferred for signal `$paramod$58347781089f6f62c8bb23f717916a1820129f57\ot_async_fifo.$mem2reg_rd$\mem$/home/ubuntu/OpenTallas/rtl/lib/ot_async_fifo.sv:70$665_DATA' from process `$paramod$58347781089f6f62c8bb23f717916a1820129f57\ot_async_fifo.$proc$/home/ubuntu/OpenTallas/rtl/lib/ot_async_fifo.sv:70$695'.

8.2.9. Executing PROC_DFF pass (convert process syncs to FFs).
Creating register for signal `\ot_qwen_kvc_write_link_bridge.\fault' using process `\ot_qwen_kvc_write_link_bridge.$proc$/tmp/qwen-write-bridge-20261007/rtl/physical/ot_qwen_kvc_write_link_bridge.sv:73$542'.
  created $adff cell `$procdff$2081' with positive edge clock and positive level reset.
Creating register for signal `\ot_qwen_kvc_write_link_bridge.\wd_v' using process `\ot_qwen_kvc_write_link_bridge.$proc$/tmp/qwen-write-bridge-20261007/rtl/physical/ot_qwen_kvc_write_link_bridge.sv:73$542'.
  created $adff cell `$procdff$2086' with positive edge clock and positive level reset.
Creating register for signal `\ot_qwen_kvc_write_link_bridge.\wd_tag' using process `\ot_qwen_kvc_write_link_bridge.$proc$/tmp/qwen-write-bridge-20261007/rtl/physical/ot_qwen_kvc_write_link_bridge.sv:73$542'.
  created $adff cell `$procdff$2091' with positive edge clock and positive level reset.
Creating register for signal `\ot_qwen_kvc_write_link_bridge.\ledger_w_v' using process `\ot_qwen_kvc_write_link_bridge.$proc$/tmp/qwen-write-bridge-20261007/rtl/physical/ot_qwen_kvc_write_link_bridge.sv:73$542'.
  created $adff cell `$procdff$2096' with positive edge clock and positive level reset.
Creating register for signal `\ot_qwen_kvc_write_link_bridge.\ledger_w_sec' using process `\ot_qwen_kvc_write_link_bridge.$proc$/tmp/qwen-write-bridge-20261007/rtl/physical/ot_qwen_kvc_write_link_bridge.sv:73$542'.
  created $adff cell `$procdff$2101' with positive edge clock and positive level reset.
Creating register for signal `\ot_qwen_kvc_write_link_bridge.\ledger_w_data' using process `\ot_qwen_kvc_write_link_bridge.$proc$/tmp/qwen-write-bridge-20261007/rtl/physical/ot_qwen_kvc_write_link_bridge.sv:73$542'.
  created $adff cell `$procdff$2106' with positive edge clock and positive level reset.
Creating register for signal `\ot_qwen_kvc_write_link_bridge.\ledger_w_tag' using process `\ot_qwen_kvc_write_link_bridge.$proc$/tmp/qwen-write-bridge-20261007/rtl/physical/ot_qwen_kvc_write_link_bridge.sv:73$542'.
  created $adff cell `$procdff$2111' with positive edge clock and positive level reset.
Creating register for signal `\ot_qwen_kvc_write_link_bridge.\canceled_at_fence' using process `\ot_qwen_kvc_write_link_bridge.$proc$/tmp/qwen-write-bridge-20261007/rtl/physical/ot_qwen_kvc_write_link_bridge.sv:73$542'.
  created $adff cell `$procdff$2116' with positive edge clock and positive level reset.
Creating register for signal `\ot_qwen_kvc_write_link_bridge.\epoch' using process `\ot_qwen_kvc_write_link_bridge.$proc$/tmp/qwen-write-bridge-20261007/rtl/physical/ot_qwen_kvc_write_link_bridge.sv:73$542'.
  created $adff cell `$procdff$2121' with positive edge clock and positive level reset.
Creating register for signal `\ot_qwen_kvc_write_link_bridge.\next_seq' using process `\ot_qwen_kvc_write_link_bridge.$proc$/tmp/qwen-write-bridge-20261007/rtl/physical/ot_qwen_kvc_write_link_bridge.sv:73$542'.
  created $adff cell `$procdff$2126' with positive edge clock and positive level reset.
Creating register for signal `\ot_qwen_kvc_write_link_bridge.\exhausted' using process `\ot_qwen_kvc_write_link_bridge.$proc$/tmp/qwen-write-bridge-20261007/rtl/physical/ot_qwen_kvc_write_link_bridge.sv:73$542'.
  created $adff cell `$procdff$2131' with positive edge clock and positive level reset.
Creating register for signal `\ot_qwen_kvc_write_link_bridge.\live' using process `\ot_qwen_kvc_write_link_bridge.$proc$/tmp/qwen-write-bridge-20261007/rtl/physical/ot_qwen_kvc_write_link_bridge.sv:73$542'.
  created $adff cell `$procdff$2136' with positive edge clock and positive level reset.
Creating register for signal `\ot_qwen_kvc_write_link_bridge.\handed' using process `\ot_qwen_kvc_write_link_bridge.$proc$/tmp/qwen-write-bridge-20261007/rtl/physical/ot_qwen_kvc_write_link_bridge.sv:73$542'.
  created $adff cell `$procdff$2141' with positive edge clock and positive level reset.
Creating register for signal `\ot_qwen_kvc_write_link_bridge.\room1' using process `\ot_qwen_kvc_write_link_bridge.$proc$/tmp/qwen-write-bridge-20261007/rtl/physical/ot_qwen_kvc_write_link_bridge.sv:73$542'.
  created $adff cell `$procdff$2146' with positive edge clock and positive level reset.
Creating register for signal `\ot_qwen_kvc_write_link_bridge.\room2' using process `\ot_qwen_kvc_write_link_bridge.$proc$/tmp/qwen-write-bridge-20261007/rtl/physical/ot_qwen_kvc_write_link_bridge.sv:73$542'.
  created $adff cell `$procdff$2151' with positive edge clock and positive level reset.
Creating register for signal `\ot_qwen_kvc_write_link_bridge.\k' using process `\ot_qwen_kvc_write_link_bridge.$proc$/tmp/qwen-write-bridge-20261007/rtl/physical/ot_qwen_kvc_write_link_bridge.sv:73$542'.
  created $adff cell `$procdff$2156' with positive edge clock and positive level reset.
Creating register for signal `\ot_qwen_kvc_write_link_bridge.\identity_tag' using process `\ot_qwen_kvc_write_link_bridge.$proc$/tmp/qwen-write-bridge-20261007/rtl/physical/ot_qwen_kvc_write_link_bridge.sv:73$542'.
  created $adff cell `$procdff$2161' with positive edge clock and positive level reset.
Creating register for signal `\ot_qwen_kvc_write_link_bridge.\identity_source' using process `\ot_qwen_kvc_write_link_bridge.$proc$/tmp/qwen-write-bridge-20261007/rtl/physical/ot_qwen_kvc_write_link_bridge.sv:73$542'.
  created $adff cell `$procdff$2166' with positive edge clock and positive level reset.
Creating register for signal `\ot_qwen_kvc_write_link_bridge.\seqs[0]' using process `\ot_qwen_kvc_write_link_bridge.$proc$/tmp/qwen-write-bridge-20261007/rtl/physical/ot_qwen_kvc_write_link_bridge.sv:73$542'.
  created $adff cell `$procdff$2171' with positive edge clock and positive level reset.
Creating register for signal `\ot_qwen_kvc_write_link_bridge.\seqs[1]' using process `\ot_qwen_kvc_write_link_bridge.$proc$/tmp/qwen-write-bridge-20261007/rtl/physical/ot_qwen_kvc_write_link_bridge.sv:73$542'.
  created $adff cell `$procdff$2176' with positive edge clock and positive level reset.
Creating register for signal `\ot_qwen_kvc_write_link_bridge.\seqs[2]' using process `\ot_qwen_kvc_write_link_bridge.$proc$/tmp/qwen-write-bridge-20261007/rtl/physical/ot_qwen_kvc_write_link_bridge.sv:73$542'.
  created $adff cell `$procdff$2181' with positive edge clock and positive level reset.
Creating register for signal `\ot_qwen_kvc_write_link_bridge.\seqs[3]' using process `\ot_qwen_kvc_write_link_bridge.$proc$/tmp/qwen-write-bridge-20261007/rtl/physical/ot_qwen_kvc_write_link_bridge.sv:73$542'.
  created $adff cell `$procdff$2186' with positive edge clock and positive level reset.
Creating register for signal `\ot_qwen_kvc_write_link_bridge.\seqs[4]' using process `\ot_qwen_kvc_write_link_bridge.$proc$/tmp/qwen-write-bridge-20261007/rtl/physical/ot_qwen_kvc_write_link_bridge.sv:73$542'.
  created $adff cell `$procdff$2191' with positive edge clock and positive level reset.
Creating register for signal `\ot_qwen_kvc_write_link_bridge.\seqs[5]' using process `\ot_qwen_kvc_write_link_bridge.$proc$/tmp/qwen-write-bridge-20261007/rtl/physical/ot_qwen_kvc_write_link_bridge.sv:73$542'.
  created $adff cell `$procdff$2196' with positive edge clock and positive level reset.
Creating register for signal `\ot_qwen_kvc_write_link_bridge.\seqs[6]' using process `\ot_qwen_kvc_write_link_bridge.$proc$/tmp/qwen-write-bridge-20261007/rtl/physical/ot_qwen_kvc_write_link_bridge.sv:73$542'.
  created $adff cell `$procdff$2201' with positive edge clock and positive level reset.
Creating register for signal `\ot_qwen_kvc_write_link_bridge.\seqs[7]' using process `\ot_qwen_kvc_write_link_bridge.$proc$/tmp/qwen-write-bridge-20261007/rtl/physical/ot_qwen_kvc_write_link_bridge.sv:73$542'.
  created $adff cell `$procdff$2206' with positive edge clock and positive level reset.
Creating register for signal `\ot_qwen_kvc_write_link_bridge.\tags[0]' using process `\ot_qwen_kvc_write_link_bridge.$proc$/tmp/qwen-write-bridge-20261007/rtl/physical/ot_qwen_kvc_write_link_bridge.sv:73$542'.
  created $adff cell `$procdff$2211' with positive edge clock and positive level reset.
Creating register for signal `\ot_qwen_kvc_write_link_bridge.\tags[1]' using process `\ot_qwen_kvc_write_link_bridge.$proc$/tmp/qwen-write-bridge-20261007/rtl/physical/ot_qwen_kvc_write_link_bridge.sv:73$542'.
  created $adff cell `$procdff$2216' with positive edge clock and positive level reset.
Creating register for signal `\ot_qwen_kvc_write_link_bridge.\tags[2]' using process `\ot_qwen_kvc_write_link_bridge.$proc$/tmp/qwen-write-bridge-20261007/rtl/physical/ot_qwen_kvc_write_link_bridge.sv:73$542'.
  created $adff cell `$procdff$2221' with positive edge clock and positive level reset.
Creating register for signal `\ot_qwen_kvc_write_link_bridge.\tags[3]' using process `\ot_qwen_kvc_write_link_bridge.$proc$/tmp/qwen-write-bridge-20261007/rtl/physical/ot_qwen_kvc_write_link_bridge.sv:73$542'.
  created $adff cell `$procdff$2226' with positive edge clock and positive level reset.
Creating register for signal `\ot_qwen_kvc_write_link_bridge.\tags[4]' using process `\ot_qwen_kvc_write_link_bridge.$proc$/tmp/qwen-write-bridge-20261007/rtl/physical/ot_qwen_kvc_write_link_bridge.sv:73$542'.
  created $adff cell `$procdff$2231' with positive edge clock and positive level reset.
Creating register for signal `\ot_qwen_kvc_write_link_bridge.\tags[5]' using process `\ot_qwen_kvc_write_link_bridge.$proc$/tmp/qwen-write-bridge-20261007/rtl/physical/ot_qwen_kvc_write_link_bridge.sv:73$542'.
  created $adff cell `$procdff$2236' with positive edge clock and positive level reset.
Creating register for signal `\ot_qwen_kvc_write_link_bridge.\tags[6]' using process `\ot_qwen_kvc_write_link_bridge.$proc$/tmp/qwen-write-bridge-20261007/rtl/physical/ot_qwen_kvc_write_link_bridge.sv:73$542'.
  created $adff cell `$procdff$2241' with positive edge clock and positive level reset.
Creating register for signal `\ot_qwen_kvc_write_link_bridge.\tags[7]' using process `\ot_qwen_kvc_write_link_bridge.$proc$/tmp/qwen-write-bridge-20261007/rtl/physical/ot_qwen_kvc_write_link_bridge.sv:73$542'.
  created $adff cell `$procdff$2246' with positive edge clock and positive level reset.
Creating register for signal `\ot_qwen_kvc_write_link_bridge.$bitselwrite$pos$/tmp/qwen-write-bridge-20261007/rtl/physical/ot_qwen_kvc_write_link_bridge.sv:87$383' using process `\ot_qwen_kvc_write_link_bridge.$proc$/tmp/qwen-write-bridge-20261007/rtl/physical/ot_qwen_kvc_write_link_bridge.sv:73$542'.
  created $adff cell `$procdff$2251' with positive edge clock and positive level reset.
Creating register for signal `\ot_qwen_kvc_write_link_bridge.$bitselwrite$pos$/tmp/qwen-write-bridge-20261007/rtl/physical/ot_qwen_kvc_write_link_bridge.sv:87$384' using process `\ot_qwen_kvc_write_link_bridge.$proc$/tmp/qwen-write-bridge-20261007/rtl/physical/ot_qwen_kvc_write_link_bridge.sv:73$542'.
  created $adff cell `$procdff$2256' with positive edge clock and positive level reset.
Creating register for signal `\ot_qwen_kvc_write_link_bridge.$bitselwrite$pos$/tmp/qwen-write-bridge-20261007/rtl/physical/ot_qwen_kvc_write_link_bridge.sv:92$385' using process `\ot_qwen_kvc_write_link_bridge.$proc$/tmp/qwen-write-bridge-20261007/rtl/physical/ot_qwen_kvc_write_link_bridge.sv:73$542'.
  created $adff cell `$procdff$2261' with positive edge clock and positive level reset.
Creating register for signal `\ot_qwen_kvc_write_link_bridge.$bitselwrite$pos$/tmp/qwen-write-bridge-20261007/rtl/physical/ot_qwen_kvc_write_link_bridge.sv:92$386' using process `\ot_qwen_kvc_write_link_bridge.$proc$/tmp/qwen-write-bridge-20261007/rtl/physical/ot_qwen_kvc_write_link_bridge.sv:73$542'.
  created $adff cell `$procdff$2266' with positive edge clock and positive level reset.
Creating register for signal `\ot_qwen_kvc_write_link_bridge.$mem2reg_wr$\tags$/tmp/qwen-write-bridge-20261007/rtl/physical/ot_qwen_kvc_write_link_bridge.sv:87$388_ADDR' using process `\ot_qwen_kvc_write_link_bridge.$proc$/tmp/qwen-write-bridge-20261007/rtl/physical/ot_qwen_kvc_write_link_bridge.sv:73$542'.
  created $adff cell `$procdff$2271' with positive edge clock and positive level reset.
Creating register for signal `\ot_qwen_kvc_write_link_bridge.$mem2reg_wr$\tags$/tmp/qwen-write-bridge-20261007/rtl/physical/ot_qwen_kvc_write_link_bridge.sv:87$388_DATA' using process `\ot_qwen_kvc_write_link_bridge.$proc$/tmp/qwen-write-bridge-20261007/rtl/physical/ot_qwen_kvc_write_link_bridge.sv:73$542'.
  created $adff cell `$procdff$2276' with positive edge clock and positive level reset.
Creating register for signal `\ot_qwen_kvc_write_link_bridge.$mem2reg_wr$\seqs$/tmp/qwen-write-bridge-20261007/rtl/physical/ot_qwen_kvc_write_link_bridge.sv:87$389_ADDR' using process `\ot_qwen_kvc_write_link_bridge.$proc$/tmp/qwen-write-bridge-20261007/rtl/physical/ot_qwen_kvc_write_link_bridge.sv:73$542'.
  created $adff cell `$procdff$2281' with positive edge clock and positive level reset.
Creating register for signal `\ot_qwen_kvc_write_link_bridge.$mem2reg_wr$\seqs$/tmp/qwen-write-bridge-20261007/rtl/physical/ot_qwen_kvc_write_link_bridge.sv:87$389_DATA' using process `\ot_qwen_kvc_write_link_bridge.$proc$/tmp/qwen-write-bridge-20261007/rtl/physical/ot_qwen_kvc_write_link_bridge.sv:73$542'.
  created $adff cell `$procdff$2286' with positive edge clock and positive level reset.
Creating register for signal `\ot_qwen_kvc_write_link_bridge.$lookahead\live$540' using process `\ot_qwen_kvc_write_link_bridge.$proc$/tmp/qwen-write-bridge-20261007/rtl/physical/ot_qwen_kvc_write_link_bridge.sv:73$542'.
  created $adff cell `$procdff$2291' with positive edge clock and positive level reset.
Creating register for signal `\ot_qwen_kvc_write_link_bridge.$lookahead\handed$541' using process `\ot_qwen_kvc_write_link_bridge.$proc$/tmp/qwen-write-bridge-20261007/rtl/physical/ot_qwen_kvc_write_link_bridge.sv:73$542'.
  created $adff cell `$procdff$2296' with positive edge clock and positive level reset.
Creating register for signal `\ot_reset_sync.\reset_pipe' using process `\ot_reset_sync.$proc$/home/ubuntu/OpenTallas/rtl/lib/ot_reset_sync.sv:13$381'.
  created $adff cell `$procdff$2301' with positive edge clock and positive level reset.
Creating register for signal `$paramod\ot_qwen_kvc_hub_cdc\ENABLE=s32'00000000000000000000000000000001\DEST=2'00.\ar_cr' using process `$paramod\ot_qwen_kvc_hub_cdc\ENABLE=s32'00000000000000000000000000000001\DEST=2'00.$proc$/tmp/qwen-write-bridge-20261007/rtl/physical/ot_qwen_kvc_hub_cdc.sv:54$1010'.
  created $adff cell `$procdff$2306' with positive edge clock and positive level reset.
Creating register for signal `$paramod\ot_qwen_kvc_hub_cdc\ENABLE=s32'00000000000000000000000000000001\DEST=2'00.\credits' using process `$paramod\ot_qwen_kvc_hub_cdc\ENABLE=s32'00000000000000000000000000000001\DEST=2'00.$proc$/tmp/qwen-write-bridge-20261007/rtl/physical/ot_qwen_kvc_hub_cdc.sv:54$1010'.
  created $adff cell `$procdff$2311' with positive edge clock and positive level reset.
Creating register for signal `$paramod\ot_qwen_kvc_hub_cdc\ENABLE=s32'00000000000000000000000000000001\DEST=2'00.\hub_fault' using process `$paramod\ot_qwen_kvc_hub_cdc\ENABLE=s32'00000000000000000000000000000001\DEST=2'00.$proc$/tmp/qwen-write-bridge-20261007/rtl/physical/ot_qwen_kvc_hub_cdc.sv:54$1010'.
  created $adff cell `$procdff$2316' with positive edge clock and positive level reset.
Creating register for signal `$paramod\ot_qwen_kvc_hub_cdc\ENABLE=s32'00000000000000000000000000000001\DEST=2'00.\rg1' using process `$paramod\ot_qwen_kvc_hub_cdc\ENABLE=s32'00000000000000000000000000000001\DEST=2'00.$proc$/tmp/qwen-write-bridge-20261007/rtl/physical/ot_qwen_kvc_hub_cdc.sv:54$1010'.
  created $adff cell `$procdff$2321' with positive edge clock and positive level reset.
Creating register for signal `$paramod\ot_qwen_kvc_hub_cdc\ENABLE=s32'00000000000000000000000000000001\DEST=2'00.\rg2' using process `$paramod\ot_qwen_kvc_hub_cdc\ENABLE=s32'00000000000000000000000000000001\DEST=2'00.$proc$/tmp/qwen-write-bridge-20261007/rtl/physical/ot_qwen_kvc_hub_cdc.sv:54$1010'.
  created $adff cell `$procdff$2326' with positive edge clock and positive level reset.
Creating register for signal `$paramod\ot_qwen_kvc_hub_cdc\ENABLE=s32'00000000000000000000000000000001\DEST=2'00.\returned' using process `$paramod\ot_qwen_kvc_hub_cdc\ENABLE=s32'00000000000000000000000000000001\DEST=2'00.$proc$/tmp/qwen-write-bridge-20261007/rtl/physical/ot_qwen_kvc_hub_cdc.sv:54$1010'.
  created $adff cell `$procdff$2331' with positive edge clock and positive level reset.
Creating register for signal `$paramod\ot_qwen_kvc_hub_cdc\ENABLE=s32'00000000000000000000000000000001\DEST=2'00.\ar_owned' using process `$paramod\ot_qwen_kvc_hub_cdc\ENABLE=s32'00000000000000000000000000000001\DEST=2'00.$proc$/tmp/qwen-write-bridge-20261007/rtl/physical/ot_qwen_kvc_hub_cdc.sv:54$1010'.
  created $adff cell `$procdff$2336' with positive edge clock and positive level reset.
Creating register for signal `$paramod\ot_qwen_kvc_hub_cdc\ENABLE=s32'00000000000000000000000000000001\DEST=2'00.\returns' using process `$paramod\ot_qwen_kvc_hub_cdc\ENABLE=s32'00000000000000000000000000000001\DEST=2'00.$proc$/tmp/qwen-write-bridge-20261007/rtl/physical/ot_qwen_kvc_hub_cdc.sv:47$1003'.
  created $adff cell `$procdff$2341' with positive edge clock and positive level reset.
Creating register for signal `$paramod\ot_qwen_kvc_hub_cdc\ENABLE=s32'00000000000000000000000000000001\DEST=2'00.\returns_gray' using process `$paramod\ot_qwen_kvc_hub_cdc\ENABLE=s32'00000000000000000000000000000001\DEST=2'00.$proc$/tmp/qwen-write-bridge-20261007/rtl/physical/ot_qwen_kvc_hub_cdc.sv:47$1003'.
  created $adff cell `$procdff$2346' with positive edge clock and positive level reset.
Creating register for signal `$paramod\ot_qwen_kvc_hub_cdc\ENABLE=s32'00000000000000000000000000000001\DEST=2'00.\fault1' using process `$paramod\ot_qwen_kvc_hub_cdc\ENABLE=s32'00000000000000000000000000000001\DEST=2'00.$proc$/tmp/qwen-write-bridge-20261007/rtl/physical/ot_qwen_kvc_hub_cdc.sv:47$1003'.
  created $adff cell `$procdff$2351' with positive edge clock and positive level reset.
Creating register for signal `$paramod\ot_qwen_kvc_hub_cdc\ENABLE=s32'00000000000000000000000000000001\DEST=2'00.\fault2' using process `$paramod\ot_qwen_kvc_hub_cdc\ENABLE=s32'00000000000000000000000000000001\DEST=2'00.$proc$/tmp/qwen-write-bridge-20261007/rtl/physical/ot_qwen_kvc_hub_cdc.sv:47$1003'.
  created $adff cell `$procdff$2356' with positive edge clock and positive level reset.
Creating register for signal `$paramod\ot_qwen_kvc_hub_cdc\ENABLE=s32'00000000000000000000000000000001\DEST=2'00.\quiet1' using process `$paramod\ot_qwen_kvc_hub_cdc\ENABLE=s32'00000000000000000000000000000001\DEST=2'00.$proc$/tmp/qwen-write-bridge-20261007/rtl/physical/ot_qwen_kvc_hub_cdc.sv:47$1003'.
  created $adff cell `$procdff$2361' with positive edge clock and positive level reset.
Creating register for signal `$paramod\ot_qwen_kvc_hub_cdc\ENABLE=s32'00000000000000000000000000000001\DEST=2'00.\quiet2' using process `$paramod\ot_qwen_kvc_hub_cdc\ENABLE=s32'00000000000000000000000000000001\DEST=2'00.$proc$/tmp/qwen-write-bridge-20261007/rtl/physical/ot_qwen_kvc_hub_cdc.sv:47$1003'.
  created $adff cell `$procdff$2366' with positive edge clock and positive level reset.
Creating register for signal `$paramod\ot_qwen_kvc_packet_decode_parallel\ENABLE=s32'00000000000000000000000000000001.\o_packet' using process `$paramod\ot_qwen_kvc_packet_decode_parallel\ENABLE=s32'00000000000000000000000000000001.$proc$/tmp/qwen-write-bridge-codec-20261007/rtl/physical/ot_qwen_kvc_packet_codec_parallel.sv:127$871'.
  created $dff cell `$procdff$2367' with positive edge clock.
Creating register for signal `$paramod\ot_qwen_kvc_packet_decode_parallel\ENABLE=s32'00000000000000000000000000000001.\o_v' using process `$paramod\ot_qwen_kvc_packet_decode_parallel\ENABLE=s32'00000000000000000000000000000001.$proc$/tmp/qwen-write-bridge-codec-20261007/rtl/physical/ot_qwen_kvc_packet_codec_parallel.sv:120$864'.
  created $adff cell `$procdff$2372' with positive edge clock and positive level reset.
Creating register for signal `$paramod\ot_qwen_kvc_packet_decode_parallel\ENABLE=s32'00000000000000000000000000000001.\o_bad' using process `$paramod\ot_qwen_kvc_packet_decode_parallel\ENABLE=s32'00000000000000000000000000000001.$proc$/tmp/qwen-write-bridge-codec-20261007/rtl/physical/ot_qwen_kvc_packet_codec_parallel.sv:120$864'.
  created $adff cell `$procdff$2377' with positive edge clock and positive level reset.
Creating register for signal `$paramod\ot_qwen_kvc_packet_encode_parallel\ENABLE=s32'00000000000000000000000000000001.\o_packet' using process `$paramod\ot_qwen_kvc_packet_encode_parallel\ENABLE=s32'00000000000000000000000000000001.$proc$/tmp/qwen-write-bridge-codec-20261007/rtl/physical/ot_qwen_kvc_packet_codec_parallel.sv:61$748'.
  created $dff cell `$procdff$2378' with positive edge clock.
Creating register for signal `$paramod\ot_qwen_kvc_packet_encode_parallel\ENABLE=s32'00000000000000000000000000000001.\crc32$func$/tmp/qwen-write-bridge-codec-20261007/rtl/physical/ot_qwen_kvc_packet_codec_parallel.sv:62$733.$result' using process `$paramod\ot_qwen_kvc_packet_encode_parallel\ENABLE=s32'00000000000000000000000000000001.$proc$/tmp/qwen-write-bridge-codec-20261007/rtl/physical/ot_qwen_kvc_packet_codec_parallel.sv:61$748'.
  created $dff cell `$procdff$2379' with positive edge clock.
Creating register for signal `$paramod\ot_qwen_kvc_packet_encode_parallel\ENABLE=s32'00000000000000000000000000000001.\crc32$func$/tmp/qwen-write-bridge-codec-20261007/rtl/physical/ot_qwen_kvc_packet_codec_parallel.sv:62$733.body' using process `$paramod\ot_qwen_kvc_packet_encode_parallel\ENABLE=s32'00000000000000000000000000000001.$proc$/tmp/qwen-write-bridge-codec-20261007/rtl/physical/ot_qwen_kvc_packet_codec_parallel.sv:61$748'.
  created $dff cell `$procdff$2380' with positive edge clock.
Creating register for signal `$paramod\ot_qwen_kvc_packet_encode_parallel\ENABLE=s32'00000000000000000000000000000001.\o_v' using process `$paramod\ot_qwen_kvc_packet_encode_parallel\ENABLE=s32'00000000000000000000000000000001.$proc$/tmp/qwen-write-bridge-codec-20261007/rtl/physical/ot_qwen_kvc_packet_codec_parallel.sv:54$741'.
  created $adff cell `$procdff$2385' with positive edge clock and positive level reset.
Creating register for signal `$paramod\ot_qwen_kvc_packet_encode_parallel\ENABLE=s32'00000000000000000000000000000001.\o_bad' using process `$paramod\ot_qwen_kvc_packet_encode_parallel\ENABLE=s32'00000000000000000000000000000001.$proc$/tmp/qwen-write-bridge-codec-20261007/rtl/physical/ot_qwen_kvc_packet_codec_parallel.sv:54$741'.
  created $adff cell `$procdff$2390' with positive edge clock and positive level reset.
Creating register for signal `$paramod$ff6d864de6cb19a5ac2b782bc6b5a1ade313a4c6\ot_async_fifo.\rd_underflow' using process `$paramod$ff6d864de6cb19a5ac2b782bc6b5a1ade313a4c6\ot_async_fifo.$proc$/home/ubuntu/OpenTallas/rtl/lib/ot_async_fifo.sv:98$727'.
  created $adff cell `$procdff$2395' with positive edge clock and positive level reset.
Creating register for signal `$paramod$ff6d864de6cb19a5ac2b782bc6b5a1ade313a4c6\ot_async_fifo.\rd_bin' using process `$paramod$ff6d864de6cb19a5ac2b782bc6b5a1ade313a4c6\ot_async_fifo.$proc$/home/ubuntu/OpenTallas/rtl/lib/ot_async_fifo.sv:98$727'.
  created $adff cell `$procdff$2400' with positive edge clock and positive level reset.
Creating register for signal `$paramod$ff6d864de6cb19a5ac2b782bc6b5a1ade313a4c6\ot_async_fifo.\rd_gray' using process `$paramod$ff6d864de6cb19a5ac2b782bc6b5a1ade313a4c6\ot_async_fifo.$proc$/home/ubuntu/OpenTallas/rtl/lib/ot_async_fifo.sv:98$727'.
  created $adff cell `$procdff$2405' with positive edge clock and positive level reset.
Creating register for signal `$paramod$ff6d864de6cb19a5ac2b782bc6b5a1ade313a4c6\ot_async_fifo.\wr_gray_r1' using process `$paramod$ff6d864de6cb19a5ac2b782bc6b5a1ade313a4c6\ot_async_fifo.$proc$/home/ubuntu/OpenTallas/rtl/lib/ot_async_fifo.sv:98$727'.
  created $adff cell `$procdff$2410' with positive edge clock and positive level reset.
Creating register for signal `$paramod$ff6d864de6cb19a5ac2b782bc6b5a1ade313a4c6\ot_async_fifo.\wr_gray_r2' using process `$paramod$ff6d864de6cb19a5ac2b782bc6b5a1ade313a4c6\ot_async_fifo.$proc$/home/ubuntu/OpenTallas/rtl/lib/ot_async_fifo.sv:98$727'.
  created $adff cell `$procdff$2415' with positive edge clock and positive level reset.
Creating register for signal `$paramod$ff6d864de6cb19a5ac2b782bc6b5a1ade313a4c6\ot_async_fifo.\rd_online' using process `$paramod$ff6d864de6cb19a5ac2b782bc6b5a1ade313a4c6\ot_async_fifo.$proc$/home/ubuntu/OpenTallas/rtl/lib/ot_async_fifo.sv:98$727'.
  created $adff cell `$procdff$2420' with positive edge clock and positive level reset.
Creating register for signal `$paramod$ff6d864de6cb19a5ac2b782bc6b5a1ade313a4c6\ot_async_fifo.\wr_online_r1' using process `$paramod$ff6d864de6cb19a5ac2b782bc6b5a1ade313a4c6\ot_async_fifo.$proc$/home/ubuntu/OpenTallas/rtl/lib/ot_async_fifo.sv:98$727'.
  created $adff cell `$procdff$2425' with positive edge clock and positive level reset.
Creating register for signal `$paramod$ff6d864de6cb19a5ac2b782bc6b5a1ade313a4c6\ot_async_fifo.\wr_online_r2' using process `$paramod$ff6d864de6cb19a5ac2b782bc6b5a1ade313a4c6\ot_async_fifo.$proc$/home/ubuntu/OpenTallas/rtl/lib/ot_async_fifo.sv:98$727'.
  created $adff cell `$procdff$2430' with positive edge clock and positive level reset.
Creating register for signal `$paramod$ff6d864de6cb19a5ac2b782bc6b5a1ade313a4c6\ot_async_fifo.\rd_empty' using process `$paramod$ff6d864de6cb19a5ac2b782bc6b5a1ade313a4c6\ot_async_fifo.$proc$/home/ubuntu/OpenTallas/rtl/lib/ot_async_fifo.sv:98$727'.
  created $adff cell `$procdff$2435' with positive edge clock and positive level reset.
Creating register for signal `$paramod$ff6d864de6cb19a5ac2b782bc6b5a1ade313a4c6\ot_async_fifo.\wr_overflow' using process `$paramod$ff6d864de6cb19a5ac2b782bc6b5a1ade313a4c6\ot_async_fifo.$proc$/home/ubuntu/OpenTallas/rtl/lib/ot_async_fifo.sv:72$719'.
  created $adff cell `$procdff$2440' with positive edge clock and positive level reset.
Creating register for signal `$paramod$ff6d864de6cb19a5ac2b782bc6b5a1ade313a4c6\ot_async_fifo.\wr_bin' using process `$paramod$ff6d864de6cb19a5ac2b782bc6b5a1ade313a4c6\ot_async_fifo.$proc$/home/ubuntu/OpenTallas/rtl/lib/ot_async_fifo.sv:72$719'.
  created $adff cell `$procdff$2445' with positive edge clock and positive level reset.
Creating register for signal `$paramod$ff6d864de6cb19a5ac2b782bc6b5a1ade313a4c6\ot_async_fifo.\wr_gray' using process `$paramod$ff6d864de6cb19a5ac2b782bc6b5a1ade313a4c6\ot_async_fifo.$proc$/home/ubuntu/OpenTallas/rtl/lib/ot_async_fifo.sv:72$719'.
  created $adff cell `$procdff$2450' with positive edge clock and positive level reset.
Creating register for signal `$paramod$ff6d864de6cb19a5ac2b782bc6b5a1ade313a4c6\ot_async_fifo.\rd_gray_w1' using process `$paramod$ff6d864de6cb19a5ac2b782bc6b5a1ade313a4c6\ot_async_fifo.$proc$/home/ubuntu/OpenTallas/rtl/lib/ot_async_fifo.sv:72$719'.
  created $adff cell `$procdff$2455' with positive edge clock and positive level reset.
Creating register for signal `$paramod$ff6d864de6cb19a5ac2b782bc6b5a1ade313a4c6\ot_async_fifo.\rd_gray_w2' using process `$paramod$ff6d864de6cb19a5ac2b782bc6b5a1ade313a4c6\ot_async_fifo.$proc$/home/ubuntu/OpenTallas/rtl/lib/ot_async_fifo.sv:72$719'.
  created $adff cell `$procdff$2460' with positive edge clock and positive level reset.
Creating register for signal `$paramod$ff6d864de6cb19a5ac2b782bc6b5a1ade313a4c6\ot_async_fifo.\wr_online' using process `$paramod$ff6d864de6cb19a5ac2b782bc6b5a1ade313a4c6\ot_async_fifo.$proc$/home/ubuntu/OpenTallas/rtl/lib/ot_async_fifo.sv:72$719'.
  created $adff cell `$procdff$2465' with positive edge clock and positive level reset.
Creating register for signal `$paramod$ff6d864de6cb19a5ac2b782bc6b5a1ade313a4c6\ot_async_fifo.\rd_online_w1' using process `$paramod$ff6d864de6cb19a5ac2b782bc6b5a1ade313a4c6\ot_async_fifo.$proc$/home/ubuntu/OpenTallas/rtl/lib/ot_async_fifo.sv:72$719'.
  created $adff cell `$procdff$2470' with positive edge clock and positive level reset.
Creating register for signal `$paramod$ff6d864de6cb19a5ac2b782bc6b5a1ade313a4c6\ot_async_fifo.\rd_online_w2' using process `$paramod$ff6d864de6cb19a5ac2b782bc6b5a1ade313a4c6\ot_async_fifo.$proc$/home/ubuntu/OpenTallas/rtl/lib/ot_async_fifo.sv:72$719'.
  created $adff cell `$procdff$2475' with positive edge clock and positive level reset.
Creating register for signal `$paramod$ff6d864de6cb19a5ac2b782bc6b5a1ade313a4c6\ot_async_fifo.\wr_full' using process `$paramod$ff6d864de6cb19a5ac2b782bc6b5a1ade313a4c6\ot_async_fifo.$proc$/home/ubuntu/OpenTallas/rtl/lib/ot_async_fifo.sv:72$719'.
  created $adff cell `$procdff$2480' with positive edge clock and positive level reset.
Creating register for signal `$paramod$ff6d864de6cb19a5ac2b782bc6b5a1ade313a4c6\ot_async_fifo.\mem[0]' using process `$paramod$ff6d864de6cb19a5ac2b782bc6b5a1ade313a4c6\ot_async_fifo.$proc$/home/ubuntu/OpenTallas/rtl/lib/ot_async_fifo.sv:72$719'.
  created $dff cell `$procdff$2487' with positive edge clock.
Creating register for signal `$paramod$ff6d864de6cb19a5ac2b782bc6b5a1ade313a4c6\ot_async_fifo.\mem[1]' using process `$paramod$ff6d864de6cb19a5ac2b782bc6b5a1ade313a4c6\ot_async_fifo.$proc$/home/ubuntu/OpenTallas/rtl/lib/ot_async_fifo.sv:72$719'.
  created $dff cell `$procdff$2494' with positive edge clock.
Creating register for signal `$paramod$ff6d864de6cb19a5ac2b782bc6b5a1ade313a4c6\ot_async_fifo.\mem[2]' using process `$paramod$ff6d864de6cb19a5ac2b782bc6b5a1ade313a4c6\ot_async_fifo.$proc$/home/ubuntu/OpenTallas/rtl/lib/ot_async_fifo.sv:72$719'.
  created $dff cell `$procdff$2501' with positive edge clock.
Creating register for signal `$paramod$ff6d864de6cb19a5ac2b782bc6b5a1ade313a4c6\ot_async_fifo.\mem[3]' using process `$paramod$ff6d864de6cb19a5ac2b782bc6b5a1ade313a4c6\ot_async_fifo.$proc$/home/ubuntu/OpenTallas/rtl/lib/ot_async_fifo.sv:72$719'.
  created $dff cell `$procdff$2508' with positive edge clock.
Creating register for signal `$paramod$ff6d864de6cb19a5ac2b782bc6b5a1ade313a4c6\ot_async_fifo.\mem[4]' using process `$paramod$ff6d864de6cb19a5ac2b782bc6b5a1ade313a4c6\ot_async_fifo.$proc$/home/ubuntu/OpenTallas/rtl/lib/ot_async_fifo.sv:72$719'.
  created $dff cell `$procdff$2515' with positive edge clock.
Creating register for signal `$paramod$ff6d864de6cb19a5ac2b782bc6b5a1ade313a4c6\ot_async_fifo.\mem[5]' using process `$paramod$ff6d864de6cb19a5ac2b782bc6b5a1ade313a4c6\ot_async_fifo.$proc$/home/ubuntu/OpenTallas/rtl/lib/ot_async_fifo.sv:72$719'.
  created $dff cell `$procdff$2522' with positive edge clock.
Creating register for signal `$paramod$ff6d864de6cb19a5ac2b782bc6b5a1ade313a4c6\ot_async_fifo.\mem[6]' using process `$paramod$ff6d864de6cb19a5ac2b782bc6b5a1ade313a4c6\ot_async_fifo.$proc$/home/ubuntu/OpenTallas/rtl/lib/ot_async_fifo.sv:72$719'.
  created $dff cell `$procdff$2529' with positive edge clock.
Creating register for signal `$paramod$ff6d864de6cb19a5ac2b782bc6b5a1ade313a4c6\ot_async_fifo.\mem[7]' using process `$paramod$ff6d864de6cb19a5ac2b782bc6b5a1ade313a4c6\ot_async_fifo.$proc$/home/ubuntu/OpenTallas/rtl/lib/ot_async_fifo.sv:72$719'.
  created $dff cell `$procdff$2536' with positive edge clock.
Creating register for signal `$paramod$ff6d864de6cb19a5ac2b782bc6b5a1ade313a4c6\ot_async_fifo.\mem[8]' using process `$paramod$ff6d864de6cb19a5ac2b782bc6b5a1ade313a4c6\ot_async_fifo.$proc$/home/ubuntu/OpenTallas/rtl/lib/ot_async_fifo.sv:72$719'.
  created $dff cell `$procdff$2543' with positive edge clock.
Creating register for signal `$paramod$ff6d864de6cb19a5ac2b782bc6b5a1ade313a4c6\ot_async_fifo.\mem[9]' using process `$paramod$ff6d864de6cb19a5ac2b782bc6b5a1ade313a4c6\ot_async_fifo.$proc$/home/ubuntu/OpenTallas/rtl/lib/ot_async_fifo.sv:72$719'.
  created $dff cell `$procdff$2550' with positive edge clock.
Creating register for signal `$paramod$ff6d864de6cb19a5ac2b782bc6b5a1ade313a4c6\ot_async_fifo.\mem[10]' using process `$paramod$ff6d864de6cb19a5ac2b782bc6b5a1ade313a4c6\ot_async_fifo.$proc$/home/ubuntu/OpenTallas/rtl/lib/ot_async_fifo.sv:72$719'.
  created $dff cell `$procdff$2557' with positive edge clock.
Creating register for signal `$paramod$ff6d864de6cb19a5ac2b782bc6b5a1ade313a4c6\ot_async_fifo.\mem[11]' using process `$paramod$ff6d864de6cb19a5ac2b782bc6b5a1ade313a4c6\ot_async_fifo.$proc$/home/ubuntu/OpenTallas/rtl/lib/ot_async_fifo.sv:72$719'.
  created $dff cell `$procdff$2564' with positive edge clock.
Creating register for signal `$paramod$ff6d864de6cb19a5ac2b782bc6b5a1ade313a4c6\ot_async_fifo.\mem[12]' using process `$paramod$ff6d864de6cb19a5ac2b782bc6b5a1ade313a4c6\ot_async_fifo.$proc$/home/ubuntu/OpenTallas/rtl/lib/ot_async_fifo.sv:72$719'.
  created $dff cell `$procdff$2571' with positive edge clock.
Creating register for signal `$paramod$ff6d864de6cb19a5ac2b782bc6b5a1ade313a4c6\ot_async_fifo.\mem[13]' using process `$paramod$ff6d864de6cb19a5ac2b782bc6b5a1ade313a4c6\ot_async_fifo.$proc$/home/ubuntu/OpenTallas/rtl/lib/ot_async_fifo.sv:72$719'.
  created $dff cell `$procdff$2578' with positive edge clock.
Creating register for signal `$paramod$ff6d864de6cb19a5ac2b782bc6b5a1ade313a4c6\ot_async_fifo.\mem[14]' using process `$paramod$ff6d864de6cb19a5ac2b782bc6b5a1ade313a4c6\ot_async_fifo.$proc$/home/ubuntu/OpenTallas/rtl/lib/ot_async_fifo.sv:72$719'.
  created $dff cell `$procdff$2585' with positive edge clock.
Creating register for signal `$paramod$ff6d864de6cb19a5ac2b782bc6b5a1ade313a4c6\ot_async_fifo.\mem[15]' using process `$paramod$ff6d864de6cb19a5ac2b782bc6b5a1ade313a4c6\ot_async_fifo.$proc$/home/ubuntu/OpenTallas/rtl/lib/ot_async_fifo.sv:72$719'.
  created $dff cell `$procdff$2592' with positive edge clock.
Creating register for signal `$paramod$ff6d864de6cb19a5ac2b782bc6b5a1ade313a4c6\ot_async_fifo.$mem2reg_wr$\mem$/home/ubuntu/OpenTallas/rtl/lib/ot_async_fifo.sv:91$700_ADDR' using process `$paramod$ff6d864de6cb19a5ac2b782bc6b5a1ade313a4c6\ot_async_fifo.$proc$/home/ubuntu/OpenTallas/rtl/lib/ot_async_fifo.sv:72$719'.
  created $adff cell `$procdff$2597' with positive edge clock and positive level reset.
Creating register for signal `$paramod$ff6d864de6cb19a5ac2b782bc6b5a1ade313a4c6\ot_async_fifo.$mem2reg_wr$\mem$/home/ubuntu/OpenTallas/rtl/lib/ot_async_fifo.sv:91$700_DATA' using process `$paramod$ff6d864de6cb19a5ac2b782bc6b5a1ade313a4c6\ot_async_fifo.$proc$/home/ubuntu/OpenTallas/rtl/lib/ot_async_fifo.sv:72$719'.
  created $adff cell `$procdff$2602' with positive edge clock and positive level reset.
Creating register for signal `$paramod$58347781089f6f62c8bb23f717916a1820129f57\ot_async_fifo.\rd_underflow' using process `$paramod$58347781089f6f62c8bb23f717916a1820129f57\ot_async_fifo.$proc$/home/ubuntu/OpenTallas/rtl/lib/ot_async_fifo.sv:98$693'.
  created $adff cell `$procdff$2607' with positive edge clock and positive level reset.
Creating register for signal `$paramod$58347781089f6f62c8bb23f717916a1820129f57\ot_async_fifo.\rd_bin' using process `$paramod$58347781089f6f62c8bb23f717916a1820129f57\ot_async_fifo.$proc$/home/ubuntu/OpenTallas/rtl/lib/ot_async_fifo.sv:98$693'.
  created $adff cell `$procdff$2612' with positive edge clock and positive level reset.
Creating register for signal `$paramod$58347781089f6f62c8bb23f717916a1820129f57\ot_async_fifo.\rd_gray' using process `$paramod$58347781089f6f62c8bb23f717916a1820129f57\ot_async_fifo.$proc$/home/ubuntu/OpenTallas/rtl/lib/ot_async_fifo.sv:98$693'.
  created $adff cell `$procdff$2617' with positive edge clock and positive level reset.
Creating register for signal `$paramod$58347781089f6f62c8bb23f717916a1820129f57\ot_async_fifo.\wr_gray_r1' using process `$paramod$58347781089f6f62c8bb23f717916a1820129f57\ot_async_fifo.$proc$/home/ubuntu/OpenTallas/rtl/lib/ot_async_fifo.sv:98$693'.
  created $adff cell `$procdff$2622' with positive edge clock and positive level reset.
Creating register for signal `$paramod$58347781089f6f62c8bb23f717916a1820129f57\ot_async_fifo.\wr_gray_r2' using process `$paramod$58347781089f6f62c8bb23f717916a1820129f57\ot_async_fifo.$proc$/home/ubuntu/OpenTallas/rtl/lib/ot_async_fifo.sv:98$693'.
  created $adff cell `$procdff$2627' with positive edge clock and positive level reset.
Creating register for signal `$paramod$58347781089f6f62c8bb23f717916a1820129f57\ot_async_fifo.\rd_online' using process `$paramod$58347781089f6f62c8bb23f717916a1820129f57\ot_async_fifo.$proc$/home/ubuntu/OpenTallas/rtl/lib/ot_async_fifo.sv:98$693'.
  created $adff cell `$procdff$2632' with positive edge clock and positive level reset.
Creating register for signal `$paramod$58347781089f6f62c8bb23f717916a1820129f57\ot_async_fifo.\wr_online_r1' using process `$paramod$58347781089f6f62c8bb23f717916a1820129f57\ot_async_fifo.$proc$/home/ubuntu/OpenTallas/rtl/lib/ot_async_fifo.sv:98$693'.
  created $adff cell `$procdff$2637' with positive edge clock and positive level reset.
Creating register for signal `$paramod$58347781089f6f62c8bb23f717916a1820129f57\ot_async_fifo.\wr_online_r2' using process `$paramod$58347781089f6f62c8bb23f717916a1820129f57\ot_async_fifo.$proc$/home/ubuntu/OpenTallas/rtl/lib/ot_async_fifo.sv:98$693'.
  created $adff cell `$procdff$2642' with positive edge clock and positive level reset.
Creating register for signal `$paramod$58347781089f6f62c8bb23f717916a1820129f57\ot_async_fifo.\rd_empty' using process `$paramod$58347781089f6f62c8bb23f717916a1820129f57\ot_async_fifo.$proc$/home/ubuntu/OpenTallas/rtl/lib/ot_async_fifo.sv:98$693'.
  created $adff cell `$procdff$2647' with positive edge clock and positive level reset.
Creating register for signal `$paramod$58347781089f6f62c8bb23f717916a1820129f57\ot_async_fifo.\wr_overflow' using process `$paramod$58347781089f6f62c8bb23f717916a1820129f57\ot_async_fifo.$proc$/home/ubuntu/OpenTallas/rtl/lib/ot_async_fifo.sv:72$685'.
  created $adff cell `$procdff$2652' with positive edge clock and positive level reset.
Creating register for signal `$paramod$58347781089f6f62c8bb23f717916a1820129f57\ot_async_fifo.\wr_bin' using process `$paramod$58347781089f6f62c8bb23f717916a1820129f57\ot_async_fifo.$proc$/home/ubuntu/OpenTallas/rtl/lib/ot_async_fifo.sv:72$685'.
  created $adff cell `$procdff$2657' with positive edge clock and positive level reset.
Creating register for signal `$paramod$58347781089f6f62c8bb23f717916a1820129f57\ot_async_fifo.\wr_gray' using process `$paramod$58347781089f6f62c8bb23f717916a1820129f57\ot_async_fifo.$proc$/home/ubuntu/OpenTallas/rtl/lib/ot_async_fifo.sv:72$685'.
  created $adff cell `$procdff$2662' with positive edge clock and positive level reset.
Creating register for signal `$paramod$58347781089f6f62c8bb23f717916a1820129f57\ot_async_fifo.\rd_gray_w1' using process `$paramod$58347781089f6f62c8bb23f717916a1820129f57\ot_async_fifo.$proc$/home/ubuntu/OpenTallas/rtl/lib/ot_async_fifo.sv:72$685'.
  created $adff cell `$procdff$2667' with positive edge clock and positive level reset.
Creating register for signal `$paramod$58347781089f6f62c8bb23f717916a1820129f57\ot_async_fifo.\rd_gray_w2' using process `$paramod$58347781089f6f62c8bb23f717916a1820129f57\ot_async_fifo.$proc$/home/ubuntu/OpenTallas/rtl/lib/ot_async_fifo.sv:72$685'.
  created $adff cell `$procdff$2672' with positive edge clock and positive level reset.
Creating register for signal `$paramod$58347781089f6f62c8bb23f717916a1820129f57\ot_async_fifo.\wr_online' using process `$paramod$58347781089f6f62c8bb23f717916a1820129f57\ot_async_fifo.$proc$/home/ubuntu/OpenTallas/rtl/lib/ot_async_fifo.sv:72$685'.
  created $adff cell `$procdff$2677' with positive edge clock and positive level reset.
Creating register for signal `$paramod$58347781089f6f62c8bb23f717916a1820129f57\ot_async_fifo.\rd_online_w1' using process `$paramod$58347781089f6f62c8bb23f717916a1820129f57\ot_async_fifo.$proc$/home/ubuntu/OpenTallas/rtl/lib/ot_async_fifo.sv:72$685'.
  created $adff cell `$procdff$2682' with positive edge clock and positive level reset.
Creating register for signal `$paramod$58347781089f6f62c8bb23f717916a1820129f57\ot_async_fifo.\rd_online_w2' using process `$paramod$58347781089f6f62c8bb23f717916a1820129f57\ot_async_fifo.$proc$/home/ubuntu/OpenTallas/rtl/lib/ot_async_fifo.sv:72$685'.
  created $adff cell `$procdff$2687' with positive edge clock and positive level reset.
Creating register for signal `$paramod$58347781089f6f62c8bb23f717916a1820129f57\ot_async_fifo.\wr_full' using process `$paramod$58347781089f6f62c8bb23f717916a1820129f57\ot_async_fifo.$proc$/home/ubuntu/OpenTallas/rtl/lib/ot_async_fifo.sv:72$685'.
  created $adff cell `$procdff$2692' with positive edge clock and positive level reset.
Creating register for signal `$paramod$58347781089f6f62c8bb23f717916a1820129f57\ot_async_fifo.\mem[0]' using process `$paramod$58347781089f6f62c8bb23f717916a1820129f57\ot_async_fifo.$proc$/home/ubuntu/OpenTallas/rtl/lib/ot_async_fifo.sv:72$685'.
  created $dff cell `$procdff$2699' with positive edge clock.
Creating register for signal `$paramod$58347781089f6f62c8bb23f717916a1820129f57\ot_async_fifo.\mem[1]' using process `$paramod$58347781089f6f62c8bb23f717916a1820129f57\ot_async_fifo.$proc$/home/ubuntu/OpenTallas/rtl/lib/ot_async_fifo.sv:72$685'.
  created $dff cell `$procdff$2706' with positive edge clock.
Creating register for signal `$paramod$58347781089f6f62c8bb23f717916a1820129f57\ot_async_fifo.\mem[2]' using process `$paramod$58347781089f6f62c8bb23f717916a1820129f57\ot_async_fifo.$proc$/home/ubuntu/OpenTallas/rtl/lib/ot_async_fifo.sv:72$685'.
  created $dff cell `$procdff$2713' with positive edge clock.
Creating register for signal `$paramod$58347781089f6f62c8bb23f717916a1820129f57\ot_async_fifo.\mem[3]' using process `$paramod$58347781089f6f62c8bb23f717916a1820129f57\ot_async_fifo.$proc$/home/ubuntu/OpenTallas/rtl/lib/ot_async_fifo.sv:72$685'.
  created $dff cell `$procdff$2720' with positive edge clock.
Creating register for signal `$paramod$58347781089f6f62c8bb23f717916a1820129f57\ot_async_fifo.\mem[4]' using process `$paramod$58347781089f6f62c8bb23f717916a1820129f57\ot_async_fifo.$proc$/home/ubuntu/OpenTallas/rtl/lib/ot_async_fifo.sv:72$685'.
  created $dff cell `$procdff$2727' with positive edge clock.
Creating register for signal `$paramod$58347781089f6f62c8bb23f717916a1820129f57\ot_async_fifo.\mem[5]' using process `$paramod$58347781089f6f62c8bb23f717916a1820129f57\ot_async_fifo.$proc$/home/ubuntu/OpenTallas/rtl/lib/ot_async_fifo.sv:72$685'.
  created $dff cell `$procdff$2734' with positive edge clock.
Creating register for signal `$paramod$58347781089f6f62c8bb23f717916a1820129f57\ot_async_fifo.\mem[6]' using process `$paramod$58347781089f6f62c8bb23f717916a1820129f57\ot_async_fifo.$proc$/home/ubuntu/OpenTallas/rtl/lib/ot_async_fifo.sv:72$685'.
  created $dff cell `$procdff$2741' with positive edge clock.
Creating register for signal `$paramod$58347781089f6f62c8bb23f717916a1820129f57\ot_async_fifo.\mem[7]' using process `$paramod$58347781089f6f62c8bb23f717916a1820129f57\ot_async_fifo.$proc$/home/ubuntu/OpenTallas/rtl/lib/ot_async_fifo.sv:72$685'.
  created $dff cell `$procdff$2748' with positive edge clock.
Creating register for signal `$paramod$58347781089f6f62c8bb23f717916a1820129f57\ot_async_fifo.$mem2reg_wr$\mem$/home/ubuntu/OpenTallas/rtl/lib/ot_async_fifo.sv:91$666_ADDR' using process `$paramod$58347781089f6f62c8bb23f717916a1820129f57\ot_async_fifo.$proc$/home/ubuntu/OpenTallas/rtl/lib/ot_async_fifo.sv:72$685'.
  created $adff cell `$procdff$2753' with positive edge clock and positive level reset.
Creating register for signal `$paramod$58347781089f6f62c8bb23f717916a1820129f57\ot_async_fifo.$mem2reg_wr$\mem$/home/ubuntu/OpenTallas/rtl/lib/ot_async_fifo.sv:91$666_DATA' using process `$paramod$58347781089f6f62c8bb23f717916a1820129f57\ot_async_fifo.$proc$/home/ubuntu/OpenTallas/rtl/lib/ot_async_fifo.sv:72$685'.
  created $adff cell `$procdff$2758' with positive edge clock and positive level reset.

8.2.10. Executing PROC_MEMWR pass (convert process memory writes to cells).

8.2.11. Executing PROC_CLEAN pass (remove empty switches from decision trees).
Found and cleaned up 40 empty switches in `\ot_qwen_kvc_write_link_bridge.$proc$/tmp/qwen-write-bridge-20261007/rtl/physical/ot_qwen_kvc_write_link_bridge.sv:31$390'.
Removing empty process `ot_qwen_kvc_write_link_bridge.$proc$/tmp/qwen-write-bridge-20261007/rtl/physical/ot_qwen_kvc_write_link_bridge.sv:31$390'.
Found and cleaned up 13 empty switches in `\ot_qwen_kvc_write_link_bridge.$proc$/tmp/qwen-write-bridge-20261007/rtl/physical/ot_qwen_kvc_write_link_bridge.sv:73$542'.
Removing empty process `ot_qwen_kvc_write_link_bridge.$proc$/tmp/qwen-write-bridge-20261007/rtl/physical/ot_qwen_kvc_write_link_bridge.sv:73$542'.
Found and cleaned up 1 empty switch in `\ot_qwen_kvc_write_link_bridge.$proc$/tmp/qwen-write-bridge-20261007/rtl/physical/ot_qwen_kvc_write_link_bridge.sv:56$662'.
Removing empty process `ot_qwen_kvc_write_link_bridge.$proc$/tmp/qwen-write-bridge-20261007/rtl/physical/ot_qwen_kvc_write_link_bridge.sv:56$662'.
Removing empty process `ot_reset_sync.$proc$/home/ubuntu/OpenTallas/rtl/lib/ot_reset_sync.sv:13$381'.
Removing empty process `$paramod\ot_qwen_kvc_hub_cdc\ENABLE=s32'00000000000000000000000000000001\DEST=2'00.$proc$/tmp/qwen-write-bridge-20261007/rtl/physical/ot_qwen_kvc_hub_cdc.sv:28$1021'.
Found and cleaned up 7 empty switches in `$paramod\ot_qwen_kvc_hub_cdc\ENABLE=s32'00000000000000000000000000000001\DEST=2'00.$proc$/tmp/qwen-write-bridge-20261007/rtl/physical/ot_qwen_kvc_hub_cdc.sv:54$1010'.
Removing empty process `$paramod\ot_qwen_kvc_hub_cdc\ENABLE=s32'00000000000000000000000000000001\DEST=2'00.$proc$/tmp/qwen-write-bridge-20261007/rtl/physical/ot_qwen_kvc_hub_cdc.sv:54$1010'.
Found and cleaned up 1 empty switch in `$paramod\ot_qwen_kvc_hub_cdc\ENABLE=s32'00000000000000000000000000000001\DEST=2'00.$proc$/tmp/qwen-write-bridge-20261007/rtl/physical/ot_qwen_kvc_hub_cdc.sv:47$1003'.
Removing empty process `$paramod\ot_qwen_kvc_hub_cdc\ENABLE=s32'00000000000000000000000000000001\DEST=2'00.$proc$/tmp/qwen-write-bridge-20261007/rtl/physical/ot_qwen_kvc_hub_cdc.sv:47$1003'.
Removing empty process `$paramod\ot_qwen_kvc_packet_decode_parallel\ENABLE=s32'00000000000000000000000000000001.$proc$/tmp/qwen-write-bridge-codec-20261007/rtl/physical/ot_qwen_kvc_packet_codec_parallel.sv:119$872'.
Removing empty process `$paramod\ot_qwen_kvc_packet_decode_parallel\ENABLE=s32'00000000000000000000000000000001.$proc$/tmp/qwen-write-bridge-codec-20261007/rtl/physical/ot_qwen_kvc_packet_codec_parallel.sv:127$871'.
Removing empty process `$paramod\ot_qwen_kvc_packet_decode_parallel\ENABLE=s32'00000000000000000000000000000001.$proc$/tmp/qwen-write-bridge-codec-20261007/rtl/physical/ot_qwen_kvc_packet_codec_parallel.sv:120$864'.
Removing empty process `$paramod\ot_qwen_kvc_packet_encode_parallel\ENABLE=s32'00000000000000000000000000000001.$proc$/tmp/qwen-write-bridge-codec-20261007/rtl/physical/ot_qwen_kvc_packet_codec_parallel.sv:61$748'.
Removing empty process `$paramod\ot_qwen_kvc_packet_encode_parallel\ENABLE=s32'00000000000000000000000000000001.$proc$/tmp/qwen-write-bridge-codec-20261007/rtl/physical/ot_qwen_kvc_packet_codec_parallel.sv:54$741'.
Found and cleaned up 1 empty switch in `$paramod$ff6d864de6cb19a5ac2b782bc6b5a1ade313a4c6\ot_async_fifo.$proc$/home/ubuntu/OpenTallas/rtl/lib/ot_async_fifo.sv:70$729'.
Removing empty process `$paramod$ff6d864de6cb19a5ac2b782bc6b5a1ade313a4c6\ot_async_fifo.$proc$/home/ubuntu/OpenTallas/rtl/lib/ot_async_fifo.sv:70$729'.
Removing empty process `$paramod$ff6d864de6cb19a5ac2b782bc6b5a1ade313a4c6\ot_async_fifo.$proc$/home/ubuntu/OpenTallas/rtl/lib/ot_async_fifo.sv:98$727'.
Found and cleaned up 2 empty switches in `$paramod$ff6d864de6cb19a5ac2b782bc6b5a1ade313a4c6\ot_async_fifo.$proc$/home/ubuntu/OpenTallas/rtl/lib/ot_async_fifo.sv:72$719'.
Removing empty process `$paramod$ff6d864de6cb19a5ac2b782bc6b5a1ade313a4c6\ot_async_fifo.$proc$/home/ubuntu/OpenTallas/rtl/lib/ot_async_fifo.sv:72$719'.
Found and cleaned up 1 empty switch in `$paramod$58347781089f6f62c8bb23f717916a1820129f57\ot_async_fifo.$proc$/home/ubuntu/OpenTallas/rtl/lib/ot_async_fifo.sv:70$695'.
Removing empty process `$paramod$58347781089f6f62c8bb23f717916a1820129f57\ot_async_fifo.$proc$/home/ubuntu/OpenTallas/rtl/lib/ot_async_fifo.sv:70$695'.
Removing empty process `$paramod$58347781089f6f62c8bb23f717916a1820129f57\ot_async_fifo.$proc$/home/ubuntu/OpenTallas/rtl/lib/ot_async_fifo.sv:98$693'.
Found and cleaned up 2 empty switches in `$paramod$58347781089f6f62c8bb23f717916a1820129f57\ot_async_fifo.$proc$/home/ubuntu/OpenTallas/rtl/lib/ot_async_fifo.sv:72$685'.
Removing empty process `$paramod$58347781089f6f62c8bb23f717916a1820129f57\ot_async_fifo.$proc$/home/ubuntu/OpenTallas/rtl/lib/ot_async_fifo.sv:72$685'.
Cleaned up 68 empty switches.

8.2.12. Executing OPT_EXPR pass (perform const folding).
Optimizing module ot_qwen_kvc_write_link_bridge.
<suppressed ~141 debug messages>
Optimizing module ot_reset_sync.
<suppressed ~2 debug messages>
Optimizing module $paramod\ot_qwen_kvc_hub_cdc\ENABLE=s32'00000000000000000000000000000001\DEST=2'00.
<suppressed ~31 debug messages>
Optimizing module $paramod\ot_qwen_kvc_packet_decode_parallel\ENABLE=s32'00000000000000000000000000000001.
<suppressed ~73 debug messages>
Optimizing module $paramod\ot_qwen_kvc_packet_encode_parallel\ENABLE=s32'00000000000000000000000000000001.
<suppressed ~72 debug messages>
Optimizing module $paramod$ff6d864de6cb19a5ac2b782bc6b5a1ade313a4c6\ot_async_fifo.
<suppressed ~76 debug messages>
Optimizing module $paramod$58347781089f6f62c8bb23f717916a1820129f57\ot_async_fifo.
<suppressed ~60 debug messages>

8.3. Executing CHECK pass (checking for obvious problems).
Checking module ot_qwen_kvc_write_link_bridge...
Checking module ot_reset_sync...
Checking module $paramod\ot_qwen_kvc_hub_cdc\ENABLE=s32'00000000000000000000000000000001\DEST=2'00...
Checking module $paramod\ot_qwen_kvc_packet_decode_parallel\ENABLE=s32'00000000000000000000000000000001...
Checking module $paramod\ot_qwen_kvc_packet_encode_parallel\ENABLE=s32'00000000000000000000000000000001...
Checking module $paramod$ff6d864de6cb19a5ac2b782bc6b5a1ade313a4c6\ot_async_fifo...
Checking module $paramod$58347781089f6f62c8bb23f717916a1820129f57\ot_async_fifo...
Found and reported 0 problems.

8.4. Executing FLATTEN pass (flatten design).
Deleting now unused module ot_reset_sync.
Deleting now unused module $paramod\ot_qwen_kvc_hub_cdc\ENABLE=s32'00000000000000000000000000000001\DEST=2'00.
Deleting now unused module $paramod\ot_qwen_kvc_packet_decode_parallel\ENABLE=s32'00000000000000000000000000000001.
Deleting now unused module $paramod\ot_qwen_kvc_packet_encode_parallel\ENABLE=s32'00000000000000000000000000000001.
Deleting now unused module $paramod$ff6d864de6cb19a5ac2b782bc6b5a1ade313a4c6\ot_async_fifo.
Deleting now unused module $paramod$58347781089f6f62c8bb23f717916a1820129f57\ot_async_fifo.
<suppressed ~9 debug messages>

8.5. Executing OPT_EXPR pass (perform const folding).
Optimizing module ot_qwen_kvc_write_link_bridge.
<suppressed ~10 debug messages>

8.6. Executing OPT_CLEAN pass (remove unused cells and wires).
Finding unused cells or wires in module \ot_qwen_kvc_write_link_bridge..
Removed 225 unused cells and 1155 unused wires.
<suppressed ~237 debug messages>

8.7. Executing CHECK pass (checking for obvious problems).
Checking module ot_qwen_kvc_write_link_bridge...
Found and reported 0 problems.

8.8. Executing OPT pass (performing simple optimizations).

8.8.1. Executing OPT_EXPR pass (perform const folding).
Optimizing module ot_qwen_kvc_write_link_bridge.

8.8.2. Executing OPT_MERGE pass (detect identical cells).
Finding identical cells in module `\ot_qwen_kvc_write_link_bridge'.
Computing hashes of 750 cells of `\ot_qwen_kvc_write_link_bridge'.
Finding duplicate cells in `\ot_qwen_kvc_write_link_bridge'.
Computing hashes of 724 cells of `\ot_qwen_kvc_write_link_bridge'.
Finding duplicate cells in `\ot_qwen_kvc_write_link_bridge'.
Computing hashes of 721 cells of `\ot_qwen_kvc_write_link_bridge'.
Finding duplicate cells in `\ot_qwen_kvc_write_link_bridge'.
<suppressed ~87 debug messages>
Removed a total of 29 cells.

8.8.3. Executing OPT_MUXTREE pass (detect dead branches in mux trees).
Running muxtree optimizer on module \ot_qwen_kvc_write_link_bridge..
  Creating internal representation of mux trees.
  Evaluating internal representation of mux trees.
  Analyzing evaluation results.
    dead port 2/2 on $mux $procmux$1351.
    dead port 2/2 on $mux $procmux$1328.
    dead port 2/2 on $mux $procmux$1303.
    dead port 2/2 on $mux $procmux$1297.
    dead port 2/2 on $mux $procmux$1291.
    dead port 1/2 on $mux $procmux$1285.
    dead port 2/2 on $mux $procmux$1267.
    dead port 2/2 on $mux $procmux$1261.
    dead port 2/2 on $mux $procmux$1255.
    dead port 1/2 on $mux $procmux$1249.
    dead port 2/2 on $mux $procmux$1231.
    dead port 2/2 on $mux $procmux$1225.
    dead port 2/2 on $mux $procmux$1219.
    dead port 1/2 on $mux $procmux$1213.
    dead port 2/2 on $mux $procmux$1195.
    dead port 2/2 on $mux $procmux$1189.
    dead port 2/2 on $mux $procmux$1183.
    dead port 1/2 on $mux $procmux$1177.
    dead port 2/2 on $mux $procmux$1159.
    dead port 2/2 on $mux $procmux$1153.
    dead port 2/2 on $mux $procmux$1147.
    dead port 1/2 on $mux $procmux$1141.
    dead port 2/2 on $mux $procmux$1123.
    dead port 2/2 on $mux $procmux$1117.
    dead port 2/2 on $mux $procmux$1111.
    dead port 1/2 on $mux $procmux$1105.
    dead port 2/2 on $mux $procmux$1087.
    dead port 2/2 on $mux $procmux$1081.
    dead port 2/2 on $mux $procmux$1075.
    dead port 1/2 on $mux $procmux$1069.
    dead port 2/2 on $mux $procmux$1051.
    dead port 2/2 on $mux $procmux$1045.
    dead port 2/2 on $mux $procmux$1039.
    dead port 1/2 on $mux $procmux$1033.
Removed 34 multiplexer ports.
<suppressed ~965 debug messages>

8.8.4. Executing OPT_REDUCE pass (consolidate $*mux and $reduce_* inputs).
  Optimizing cells in module \ot_qwen_kvc_write_link_bridge.
Performed a total of 0 changes.

8.8.5. Executing OPT_MERGE pass (detect identical cells).
Finding identical cells in module `\ot_qwen_kvc_write_link_bridge'.
Computing hashes of 687 cells of `\ot_qwen_kvc_write_link_bridge'.
Finding duplicate cells in `\ot_qwen_kvc_write_link_bridge'.
Removed a total of 0 cells.

8.8.6. Executing OPT_DFF pass (perform DFF optimizations).
Handling D = Q on $procdff$2101 ($adff) from module ot_qwen_kvc_write_link_bridge (removing D path).
Handling D = Q on $procdff$2106 ($adff) from module ot_qwen_kvc_write_link_bridge (removing D path).
Handling D = Q on $procdff$2111 ($adff) from module ot_qwen_kvc_write_link_bridge (removing D path).
Setting constant 0-bit at position 0 on $procdff$2111 ($dlatch) from module ot_qwen_kvc_write_link_bridge.
Setting constant 0-bit at position 1 on $procdff$2111 ($dlatch) from module ot_qwen_kvc_write_link_bridge.
Setting constant 0-bit at position 2 on $procdff$2111 ($dlatch) from module ot_qwen_kvc_write_link_bridge.
Setting constant 0-bit at position 3 on $procdff$2111 ($dlatch) from module ot_qwen_kvc_write_link_bridge.
Setting constant 0-bit at position 4 on $procdff$2111 ($dlatch) from module ot_qwen_kvc_write_link_bridge.
Setting constant 0-bit at position 5 on $procdff$2111 ($dlatch) from module ot_qwen_kvc_write_link_bridge.
Setting constant 0-bit at position 6 on $procdff$2111 ($dlatch) from module ot_qwen_kvc_write_link_bridge.
Setting constant 0-bit at position 7 on $procdff$2111 ($dlatch) from module ot_qwen_kvc_write_link_bridge.
Setting constant 0-bit at position 8 on $procdff$2111 ($dlatch) from module ot_qwen_kvc_write_link_bridge.
Setting constant 0-bit at position 0 on $flatten\enc.$procdff$2390 ($adff) from module ot_qwen_kvc_write_link_bridge.
Setting constant 0-bit at position 0 on $procdff$2106 ($dlatch) from module ot_qwen_kvc_write_link_bridge.
Setting constant 0-bit at position 1 on $procdff$2106 ($dlatch) from module ot_qwen_kvc_write_link_bridge.
Setting constant 0-bit at position 2 on $procdff$2106 ($dlatch) from module ot_qwen_kvc_write_link_bridge.
Setting constant 0-bit at position 3 on $procdff$2106 ($dlatch) from module ot_qwen_kvc_write_link_bridge.
Setting constant 0-bit at position 4 on $procdff$2106 ($dlatch) from module ot_qwen_kvc_write_link_bridge.
Setting constant 0-bit at position 5 on $procdff$2106 ($dlatch) from module ot_qwen_kvc_write_link_bridge.
Setting constant 0-bit at position 6 on $procdff$2106 ($dlatch) from module ot_qwen_kvc_write_link_bridge.
Setting constant 0-bit at position 7 on $procdff$2106 ($dlatch) from module ot_qwen_kvc_write_link_bridge.
Setting constant 0-bit at position 8 on $procdff$2106 ($dlatch) from module ot_qwen_kvc_write_link_bridge.
Setting constant 0-bit at position 9 on $procdff$2106 ($dlatch) from module ot_qwen_kvc_write_link_bridge.
Setting constant 0-bit at position 10 on $procdff$2106 ($dlatch) from module ot_qwen_kvc_write_link_bridge.
Setting constant 0-bit at position 11 on $procdff$2106 ($dlatch) from module ot_qwen_kvc_write_link_bridge.
Setting constant 0-bit at position 12 on $procdff$2106 ($dlatch) from module ot_qwen_kvc_write_link_bridge.
Setting constant 0-bit at position 13 on $procdff$2106 ($dlatch) from module ot_qwen_kvc_write_link_bridge.
Setting constant 0-bit at position 14 on $procdff$2106 ($dlatch) from module ot_qwen_kvc_write_link_bridge.
Setting constant 0-bit at position 15 on $procdff$2106 ($dlatch) from module ot_qwen_kvc_write_link_bridge.
Setting constant 0-bit at position 16 on $procdff$2106 ($dlatch) from module ot_qwen_kvc_write_link_bridge.
Setting constant 0-bit at position 17 on $procdff$2106 ($dlatch) from module ot_qwen_kvc_write_link_bridge.
Setting constant 0-bit at position 18 on $procdff$2106 ($dlatch) from module ot_qwen_kvc_write_link_bridge.
Setting constant 0-bit at position 19 on $procdff$2106 ($dlatch) from module ot_qwen_kvc_write_link_bridge.
Setting constant 0-bit at position 20 on $procdff$2106 ($dlatch) from module ot_qwen_kvc_write_link_bridge.
Setting constant 0-bit at position 21 on $procdff$2106 ($dlatch) from module ot_qwen_kvc_write_link_bridge.
Setting constant 0-bit at position 22 on $procdff$2106 ($dlatch) from module ot_qwen_kvc_write_link_bridge.
Setting constant 0-bit at position 23 on $procdff$2106 ($dlatch) from module ot_qwen_kvc_write_link_bridge.
Setting constant 0-bit at position 24 on $procdff$2106 ($dlatch) from module ot_qwen_kvc_write_link_bridge.
Setting constant 0-bit at position 25 on $procdff$2106 ($dlatch) from module ot_qwen_kvc_write_link_bridge.
Setting constant 0-bit at position 26 on $procdff$2106 ($dlatch) from module ot_qwen_kvc_write_link_bridge.
Setting constant 0-bit at position 27 on $procdff$2106 ($dlatch) from module ot_qwen_kvc_write_link_bridge.
Setting constant 0-bit at position 28 on $procdff$2106 ($dlatch) from module ot_qwen_kvc_write_link_bridge.
Setting constant 0-bit at position 29 on $procdff$2106 ($dlatch) from module ot_qwen_kvc_write_link_bridge.
Setting constant 0-bit at position 30 on $procdff$2106 ($dlatch) from module ot_qwen_kvc_write_link_bridge.
Setting constant 0-bit at position 31 on $procdff$2106 ($dlatch) from module ot_qwen_kvc_write_link_bridge.
Setting constant 0-bit at position 32 on $procdff$2106 ($dlatch) from module ot_qwen_kvc_write_link_bridge.
Setting constant 0-bit at position 33 on $procdff$2106 ($dlatch) from module ot_qwen_kvc_write_link_bridge.
Setting constant 0-bit at position 34 on $procdff$2106 ($dlatch) from module ot_qwen_kvc_write_link_bridge.
Setting constant 0-bit at position 35 on $procdff$2106 ($dlatch) from module ot_qwen_kvc_write_link_bridge.
Setting constant 0-bit at position 36 on $procdff$2106 ($dlatch) from module ot_qwen_kvc_write_link_bridge.
Setting constant 0-bit at position 37 on $procdff$2106 ($dlatch) from module ot_qwen_kvc_write_link_bridge.
Setting constant 0-bit at position 38 on $procdff$2106 ($dlatch) from module ot_qwen_kvc_write_link_bridge.
Setting constant 0-bit at position 39 on $procdff$2106 ($dlatch) from module ot_qwen_kvc_write_link_bridge.
Setting constant 0-bit at position 40 on $procdff$2106 ($dlatch) from module ot_qwen_kvc_write_link_bridge.
Setting constant 0-bit at position 41 on $procdff$2106 ($dlatch) from module ot_qwen_kvc_write_link_bridge.
Setting constant 0-bit at position 42 on $procdff$2106 ($dlatch) from module ot_qwen_kvc_write_link_bridge.
Setting constant 0-bit at position 43 on $procdff$2106 ($dlatch) from module ot_qwen_kvc_write_link_bridge.
Setting constant 0-bit at position 44 on $procdff$2106 ($dlatch) from module ot_qwen_kvc_write_link_bridge.
Setting constant 0-bit at position 45 on $procdff$2106 ($dlatch) from module ot_qwen_kvc_write_link_bridge.
Setting constant 0-bit at position 46 on $procdff$2106 ($dlatch) from module ot_qwen_kvc_write_link_bridge.
Setting constant 0-bit at position 47 on $procdff$2106 ($dlatch) from module ot_qwen_kvc_write_link_bridge.
Setting constant 0-bit at position 48 on $procdff$2106 ($dlatch) from module ot_qwen_kvc_write_link_bridge.
Setting constant 0-bit at position 49 on $procdff$2106 ($dlatch) from module ot_qwen_kvc_write_link_bridge.
Setting constant 0-bit at position 50 on $procdff$2106 ($dlatch) from module ot_qwen_kvc_write_link_bridge.
Setting constant 0-bit at position 51 on $procdff$2106 ($dlatch) from module ot_qwen_kvc_write_link_bridge.
Setting constant 0-bit at position 52 on $procdff$2106 ($dlatch) from module ot_qwen_kvc_write_link_bridge.
Setting constant 0-bit at position 53 on $procdff$2106 ($dlatch) from module ot_qwen_kvc_write_link_bridge.
Setting constant 0-bit at position 54 on $procdff$2106 ($dlatch) from module ot_qwen_kvc_write_link_bridge.
Setting constant 0-bit at position 55 on $procdff$2106 ($dlatch) from module ot_qwen_kvc_write_link_bridge.
Setting constant 0-bit at position 56 on $procdff$2106 ($dlatch) from module ot_qwen_kvc_write_link_bridge.
Setting constant 0-bit at position 57 on $procdff$2106 ($dlatch) from module ot_qwen_kvc_write_link_bridge.
Setting constant 0-bit at position 58 on $procdff$2106 ($dlatch) from module ot_qwen_kvc_write_link_bridge.
Setting constant 0-bit at position 59 on $procdff$2106 ($dlatch) from module ot_qwen_kvc_write_link_bridge.
Setting constant 0-bit at position 60 on $procdff$2106 ($dlatch) from module ot_qwen_kvc_write_link_bridge.
Setting constant 0-bit at position 61 on $procdff$2106 ($dlatch) from module ot_qwen_kvc_write_link_bridge.
Setting constant 0-bit at position 62 on $procdff$2106 ($dlatch) from module ot_qwen_kvc_write_link_bridge.
Setting constant 0-bit at position 63 on $procdff$2106 ($dlatch) from module ot_qwen_kvc_write_link_bridge.
Setting constant 0-bit at position 64 on $procdff$2106 ($dlatch) from module ot_qwen_kvc_write_link_bridge.
Setting constant 0-bit at position 65 on $procdff$2106 ($dlatch) from module ot_qwen_kvc_write_link_bridge.
Setting constant 0-bit at position 66 on $procdff$2106 ($dlatch) from module ot_qwen_kvc_write_link_bridge.
Setting constant 0-bit at position 67 on $procdff$2106 ($dlatch) from module ot_qwen_kvc_write_link_bridge.
Setting constant 0-bit at position 68 on $procdff$2106 ($dlatch) from module ot_qwen_kvc_write_link_bridge.
Setting constant 0-bit at position 69 on $procdff$2106 ($dlatch) from module ot_qwen_kvc_write_link_bridge.
Setting constant 0-bit at position 70 on $procdff$2106 ($dlatch) from module ot_qwen_kvc_write_link_bridge.
Setting constant 0-bit at position 71 on $procdff$2106 ($dlatch) from module ot_qwen_kvc_write_link_bridge.
Setting constant 0-bit at position 72 on $procdff$2106 ($dlatch) from module ot_qwen_kvc_write_link_bridge.
Setting constant 0-bit at position 73 on $procdff$2106 ($dlatch) from module ot_qwen_kvc_write_link_bridge.
Setting constant 0-bit at position 74 on $procdff$2106 ($dlatch) from module ot_qwen_kvc_write_link_bridge.
Setting constant 0-bit at position 75 on $procdff$2106 ($dlatch) from module ot_qwen_kvc_write_link_bridge.
Setting constant 0-bit at position 76 on $procdff$2106 ($dlatch) from module ot_qwen_kvc_write_link_bridge.
Setting constant 0-bit at position 77 on $procdff$2106 ($dlatch) from module ot_qwen_kvc_write_link_bridge.
Setting constant 0-bit at position 78 on $procdff$2106 ($dlatch) from module ot_qwen_kvc_write_link_bridge.
Setting constant 0-bit at position 79 on $procdff$2106 ($dlatch) from module ot_qwen_kvc_write_link_bridge.
Setting constant 0-bit at position 80 on $procdff$2106 ($dlatch) from module ot_qwen_kvc_write_link_bridge.
Setting constant 0-bit at position 81 on $procdff$2106 ($dlatch) from module ot_qwen_kvc_write_link_bridge.
Setting constant 0-bit at position 82 on $procdff$2106 ($dlatch) from module ot_qwen_kvc_write_link_bridge.
Setting constant 0-bit at position 83 on $procdff$2106 ($dlatch) from module ot_qwen_kvc_write_link_bridge.
Setting constant 0-bit at position 84 on $procdff$2106 ($dlatch) from module ot_qwen_kvc_write_link_bridge.
Setting constant 0-bit at position 85 on $procdff$2106 ($dlatch) from module ot_qwen_kvc_write_link_bridge.
Setting constant 0-bit at position 86 on $procdff$2106 ($dlatch) from module ot_qwen_kvc_write_link_bridge.
Setting constant 0-bit at position 87 on $procdff$2106 ($dlatch) from module ot_qwen_kvc_write_link_bridge.
Setting constant 0-bit at position 88 on $procdff$2106 ($dlatch) from module ot_qwen_kvc_write_link_bridge.
Setting constant 0-bit at position 89 on $procdff$2106 ($dlatch) from module ot_qwen_kvc_write_link_bridge.
Setting constant 0-bit at position 90 on $procdff$2106 ($dlatch) from module ot_qwen_kvc_write_link_bridge.
Setting constant 0-bit at position 91 on $procdff$2106 ($dlatch) from module ot_qwen_kvc_write_link_bridge.
Setting constant 0-bit at position 92 on $procdff$2106 ($dlatch) from module ot_qwen_kvc_write_link_bridge.
Setting constant 0-bit at position 93 on $procdff$2106 ($dlatch) from module ot_qwen_kvc_write_link_bridge.
Setting constant 0-bit at position 94 on $procdff$2106 ($dlatch) from module ot_qwen_kvc_write_link_bridge.
Setting constant 0-bit at position 95 on $procdff$2106 ($dlatch) from module ot_qwen_kvc_write_link_bridge.
Setting constant 0-bit at position 96 on $procdff$2106 ($dlatch) from module ot_qwen_kvc_write_link_bridge.
Setting constant 0-bit at position 97 on $procdff$2106 ($dlatch) from module ot_qwen_kvc_write_link_bridge.
Setting constant 0-bit at position 98 on $procdff$2106 ($dlatch) from module ot_qwen_kvc_write_link_bridge.
Setting constant 0-bit at position 99 on $procdff$2106 ($dlatch) from module ot_qwen_kvc_write_link_bridge.
Setting constant 0-bit at position 100 on $procdff$2106 ($dlatch) from module ot_qwen_kvc_write_link_bridge.
Setting constant 0-bit at position 101 on $procdff$2106 ($dlatch) from module ot_qwen_kvc_write_link_bridge.
Setting constant 0-bit at position 102 on $procdff$2106 ($dlatch) from module ot_qwen_kvc_write_link_bridge.
Setting constant 0-bit at position 103 on $procdff$2106 ($dlatch) from module ot_qwen_kvc_write_link_bridge.
Setting constant 0-bit at position 104 on $procdff$2106 ($dlatch) from module ot_qwen_kvc_write_link_bridge.
Setting constant 0-bit at position 105 on $procdff$2106 ($dlatch) from module ot_qwen_kvc_write_link_bridge.
Setting constant 0-bit at position 106 on $procdff$2106 ($dlatch) from module ot_qwen_kvc_write_link_bridge.
Setting constant 0-bit at position 107 on $procdff$2106 ($dlatch) from module ot_qwen_kvc_write_link_bridge.
Setting constant 0-bit at position 108 on $procdff$2106 ($dlatch) from module ot_qwen_kvc_write_link_bridge.
Setting constant 0-bit at position 109 on $procdff$2106 ($dlatch) from module ot_qwen_kvc_write_link_bridge.
Setting constant 0-bit at position 110 on $procdff$2106 ($dlatch) from module ot_qwen_kvc_write_link_bridge.
Setting constant 0-bit at position 111 on $procdff$2106 ($dlatch) from module ot_qwen_kvc_write_link_bridge.
Setting constant 0-bit at position 112 on $procdff$2106 ($dlatch) from module ot_qwen_kvc_write_link_bridge.
Setting constant 0-bit at position 113 on $procdff$2106 ($dlatch) from module ot_qwen_kvc_write_link_bridge.
Setting constant 0-bit at position 114 on $procdff$2106 ($dlatch) from module ot_qwen_kvc_write_link_bridge.
Setting constant 0-bit at position 115 on $procdff$2106 ($dlatch) from module ot_qwen_kvc_write_link_bridge.
Setting constant 0-bit at position 116 on $procdff$2106 ($dlatch) from module ot_qwen_kvc_write_link_bridge.
Setting constant 0-bit at position 117 on $procdff$2106 ($dlatch) from module ot_qwen_kvc_write_link_bridge.
Setting constant 0-bit at position 118 on $procdff$2106 ($dlatch) from module ot_qwen_kvc_write_link_bridge.
Setting constant 0-bit at position 119 on $procdff$2106 ($dlatch) from module ot_qwen_kvc_write_link_bridge.
Setting constant 0-bit at position 120 on $procdff$2106 ($dlatch) from module ot_qwen_kvc_write_link_bridge.
Setting constant 0-bit at position 121 on $procdff$2106 ($dlatch) from module ot_qwen_kvc_write_link_bridge.
Setting constant 0-bit at position 122 on $procdff$2106 ($dlatch) from module ot_qwen_kvc_write_link_bridge.
Setting constant 0-bit at position 123 on $procdff$2106 ($dlatch) from module ot_qwen_kvc_write_link_bridge.
Setting constant 0-bit at position 124 on $procdff$2106 ($dlatch) from module ot_qwen_kvc_write_link_bridge.
Setting constant 0-bit at position 125 on $procdff$2106 ($dlatch) from module ot_qwen_kvc_write_link_bridge.
Setting constant 0-bit at position 126 on $procdff$2106 ($dlatch) from module ot_qwen_kvc_write_link_bridge.
Setting constant 0-bit at position 127 on $procdff$2106 ($dlatch) from module ot_qwen_kvc_write_link_bridge.
Setting constant 0-bit at position 128 on $procdff$2106 ($dlatch) from module ot_qwen_kvc_write_link_bridge.
Setting constant 0-bit at position 129 on $procdff$2106 ($dlatch) from module ot_qwen_kvc_write_link_bridge.
Setting constant 0-bit at position 130 on $procdff$2106 ($dlatch) from module ot_qwen_kvc_write_link_bridge.
Setting constant 0-bit at position 131 on $procdff$2106 ($dlatch) from module ot_qwen_kvc_write_link_bridge.
Setting constant 0-bit at position 132 on $procdff$2106 ($dlatch) from module ot_qwen_kvc_write_link_bridge.
Setting constant 0-bit at position 133 on $procdff$2106 ($dlatch) from module ot_qwen_kvc_write_link_bridge.
Setting constant 0-bit at position 134 on $procdff$2106 ($dlatch) from module ot_qwen_kvc_write_link_bridge.
Setting constant 0-bit at position 135 on $procdff$2106 ($dlatch) from module ot_qwen_kvc_write_link_bridge.
Setting constant 0-bit at position 136 on $procdff$2106 ($dlatch) from module ot_qwen_kvc_write_link_bridge.
Setting constant 0-bit at position 137 on $procdff$2106 ($dlatch) from module ot_qwen_kvc_write_link_bridge.
Setting constant 0-bit at position 138 on $procdff$2106 ($dlatch) from module ot_qwen_kvc_write_link_bridge.
Setting constant 0-bit at position 139 on $procdff$2106 ($dlatch) from module ot_qwen_kvc_write_link_bridge.
Setting constant 0-bit at position 140 on $procdff$2106 ($dlatch) from module ot_qwen_kvc_write_link_bridge.
Setting constant 0-bit at position 141 on $procdff$2106 ($dlatch) from module ot_qwen_kvc_write_link_bridge.
Setting constant 0-bit at position 142 on $procdff$2106 ($dlatch) from module ot_qwen_kvc_write_link_bridge.
Setting constant 0-bit at position 143 on $procdff$2106 ($dlatch) from module ot_qwen_kvc_write_link_bridge.
Setting constant 0-bit at position 144 on $procdff$2106 ($dlatch) from module ot_qwen_kvc_write_link_bridge.
Setting constant 0-bit at position 145 on $procdff$2106 ($dlatch) from module ot_qwen_kvc_write_link_bridge.
Setting constant 0-bit at position 146 on $procdff$2106 ($dlatch) from module ot_qwen_kvc_write_link_bridge.
Setting constant 0-bit at position 147 on $procdff$2106 ($dlatch) from module ot_qwen_kvc_write_link_bridge.
Setting constant 0-bit at position 148 on $procdff$2106 ($dlatch) from module ot_qwen_kvc_write_link_bridge.
Setting constant 0-bit at position 149 on $procdff$2106 ($dlatch) from module ot_qwen_kvc_write_link_bridge.
Setting constant 0-bit at position 150 on $procdff$2106 ($dlatch) from module ot_qwen_kvc_write_link_bridge.
Setting constant 0-bit at position 151 on $procdff$2106 ($dlatch) from module ot_qwen_kvc_write_link_bridge.
Setting constant 0-bit at position 152 on $procdff$2106 ($dlatch) from module ot_qwen_kvc_write_link_bridge.
Setting constant 0-bit at position 153 on $procdff$2106 ($dlatch) from module ot_qwen_kvc_write_link_bridge.
Setting constant 0-bit at position 154 on $procdff$2106 ($dlatch) from module ot_qwen_kvc_write_link_bridge.
Setting constant 0-bit at position 155 on $procdff$2106 ($dlatch) from module ot_qwen_kvc_write_link_bridge.
Setting constant 0-bit at position 156 on $procdff$2106 ($dlatch) from module ot_qwen_kvc_write_link_bridge.
Setting constant 0-bit at position 157 on $procdff$2106 ($dlatch) from module ot_qwen_kvc_write_link_bridge.
Setting constant 0-bit at position 158 on $procdff$2106 ($dlatch) from module ot_qwen_kvc_write_link_bridge.
Setting constant 0-bit at position 159 on $procdff$2106 ($dlatch) from module ot_qwen_kvc_write_link_bridge.
Setting constant 0-bit at position 160 on $procdff$2106 ($dlatch) from module ot_qwen_kvc_write_link_bridge.
Setting constant 0-bit at position 161 on $procdff$2106 ($dlatch) from module ot_qwen_kvc_write_link_bridge.
Setting constant 0-bit at position 162 on $procdff$2106 ($dlatch) from module ot_qwen_kvc_write_link_bridge.
Setting constant 0-bit at position 163 on $procdff$2106 ($dlatch) from module ot_qwen_kvc_write_link_bridge.
Setting constant 0-bit at position 164 on $procdff$2106 ($dlatch) from module ot_qwen_kvc_write_link_bridge.
Setting constant 0-bit at position 165 on $procdff$2106 ($dlatch) from module ot_qwen_kvc_write_link_bridge.
Setting constant 0-bit at position 166 on $procdff$2106 ($dlatch) from module ot_qwen_kvc_write_link_bridge.
Setting constant 0-bit at position 167 on $procdff$2106 ($dlatch) from module ot_qwen_kvc_write_link_bridge.
Setting constant 0-bit at position 168 on $procdff$2106 ($dlatch) from module ot_qwen_kvc_write_link_bridge.
Setting constant 0-bit at position 169 on $procdff$2106 ($dlatch) from module ot_qwen_kvc_write_link_bridge.
Setting constant 0-bit at position 170 on $procdff$2106 ($dlatch) from module ot_qwen_kvc_write_link_bridge.
Setting constant 0-bit at position 171 on $procdff$2106 ($dlatch) from module ot_qwen_kvc_write_link_bridge.
Setting constant 0-bit at position 172 on $procdff$2106 ($dlatch) from module ot_qwen_kvc_write_link_bridge.
Setting constant 0-bit at position 173 on $procdff$2106 ($dlatch) from module ot_qwen_kvc_write_link_bridge.
Setting constant 0-bit at position 174 on $procdff$2106 ($dlatch) from module ot_qwen_kvc_write_link_bridge.
Setting constant 0-bit at position 175 on $procdff$2106 ($dlatch) from module ot_qwen_kvc_write_link_bridge.
Setting constant 0-bit at position 176 on $procdff$2106 ($dlatch) from module ot_qwen_kvc_write_link_bridge.
Setting constant 0-bit at position 177 on $procdff$2106 ($dlatch) from module ot_qwen_kvc_write_link_bridge.
Setting constant 0-bit at position 178 on $procdff$2106 ($dlatch) from module ot_qwen_kvc_write_link_bridge.
Setting constant 0-bit at position 179 on $procdff$2106 ($dlatch) from module ot_qwen_kvc_write_link_bridge.
Setting constant 0-bit at position 180 on $procdff$2106 ($dlatch) from module ot_qwen_kvc_write_link_bridge.
Setting constant 0-bit at position 181 on $procdff$2106 ($dlatch) from module ot_qwen_kvc_write_link_bridge.
Setting constant 0-bit at position 182 on $procdff$2106 ($dlatch) from module ot_qwen_kvc_write_link_bridge.
Setting constant 0-bit at position 183 on $procdff$2106 ($dlatch) from module ot_qwen_kvc_write_link_bridge.
Setting constant 0-bit at position 184 on $procdff$2106 ($dlatch) from module ot_qwen_kvc_write_link_bridge.
Setting constant 0-bit at position 185 on $procdff$2106 ($dlatch) from module ot_qwen_kvc_write_link_bridge.
Setting constant 0-bit at position 186 on $procdff$2106 ($dlatch) from module ot_qwen_kvc_write_link_bridge.
Setting constant 0-bit at position 187 on $procdff$2106 ($dlatch) from module ot_qwen_kvc_write_link_bridge.
Setting constant 0-bit at position 188 on $procdff$2106 ($dlatch) from module ot_qwen_kvc_write_link_bridge.
Setting constant 0-bit at position 189 on $procdff$2106 ($dlatch) from module ot_qwen_kvc_write_link_bridge.
Setting constant 0-bit at position 190 on $procdff$2106 ($dlatch) from module ot_qwen_kvc_write_link_bridge.
Setting constant 0-bit at position 191 on $procdff$2106 ($dlatch) from module ot_qwen_kvc_write_link_bridge.
Setting constant 0-bit at position 192 on $procdff$2106 ($dlatch) from module ot_qwen_kvc_write_link_bridge.
Setting constant 0-bit at position 193 on $procdff$2106 ($dlatch) from module ot_qwen_kvc_write_link_bridge.
Setting constant 0-bit at position 194 on $procdff$2106 ($dlatch) from module ot_qwen_kvc_write_link_bridge.
Setting constant 0-bit at position 195 on $procdff$2106 ($dlatch) from module ot_qwen_kvc_write_link_bridge.
Setting constant 0-bit at position 196 on $procdff$2106 ($dlatch) from module ot_qwen_kvc_write_link_bridge.
Setting constant 0-bit at position 197 on $procdff$2106 ($dlatch) from module ot_qwen_kvc_write_link_bridge.
Setting constant 0-bit at position 198 on $procdff$2106 ($dlatch) from module ot_qwen_kvc_write_link_bridge.
Setting constant 0-bit at position 199 on $procdff$2106 ($dlatch) from module ot_qwen_kvc_write_link_bridge.
Setting constant 0-bit at position 200 on $procdff$2106 ($dlatch) from module ot_qwen_kvc_write_link_bridge.
Setting constant 0-bit at position 201 on $procdff$2106 ($dlatch) from module ot_qwen_kvc_write_link_bridge.
Setting constant 0-bit at position 202 on $procdff$2106 ($dlatch) from module ot_qwen_kvc_write_link_bridge.
Setting constant 0-bit at position 203 on $procdff$2106 ($dlatch) from module ot_qwen_kvc_write_link_bridge.
Setting constant 0-bit at position 204 on $procdff$2106 ($dlatch) from module ot_qwen_kvc_write_link_bridge.
Setting constant 0-bit at position 205 on $procdff$2106 ($dlatch) from module ot_qwen_kvc_write_link_bridge.
Setting constant 0-bit at position 206 on $procdff$2106 ($dlatch) from module ot_qwen_kvc_write_link_bridge.
Setting constant 0-bit at position 207 on $procdff$2106 ($dlatch) from module ot_qwen_kvc_write_link_bridge.
Setting constant 0-bit at position 208 on $procdff$2106 ($dlatch) from module ot_qwen_kvc_write_link_bridge.
Setting constant 0-bit at position 209 on $procdff$2106 ($dlatch) from module ot_qwen_kvc_write_link_bridge.
Setting constant 0-bit at position 210 on $procdff$2106 ($dlatch) from module ot_qwen_kvc_write_link_bridge.
Setting constant 0-bit at position 211 on $procdff$2106 ($dlatch) from module ot_qwen_kvc_write_link_bridge.
Setting constant 0-bit at position 212 on $procdff$2106 ($dlatch) from module ot_qwen_kvc_write_link_bridge.
Setting constant 0-bit at position 213 on $procdff$2106 ($dlatch) from module ot_qwen_kvc_write_link_bridge.
Setting constant 0-bit at position 214 on $procdff$2106 ($dlatch) from module ot_qwen_kvc_write_link_bridge.
Setting constant 0-bit at position 215 on $procdff$2106 ($dlatch) from module ot_qwen_kvc_write_link_bridge.
Setting constant 0-bit at position 216 on $procdff$2106 ($dlatch) from module ot_qwen_kvc_write_link_bridge.
Setting constant 0-bit at position 217 on $procdff$2106 ($dlatch) from module ot_qwen_kvc_write_link_bridge.
Setting constant 0-bit at position 218 on $procdff$2106 ($dlatch) from module ot_qwen_kvc_write_link_bridge.
Setting constant 0-bit at position 219 on $procdff$2106 ($dlatch) from module ot_qwen_kvc_write_link_bridge.
Setting constant 0-bit at position 220 on $procdff$2106 ($dlatch) from module ot_qwen_kvc_write_link_bridge.
Setting constant 0-bit at position 221 on $procdff$2106 ($dlatch) from module ot_qwen_kvc_write_link_bridge.
Setting constant 0-bit at position 222 on $procdff$2106 ($dlatch) from module ot_qwen_kvc_write_link_bridge.
Setting constant 0-bit at position 223 on $procdff$2106 ($dlatch) from module ot_qwen_kvc_write_link_bridge.
Setting constant 0-bit at position 224 on $procdff$2106 ($dlatch) from module ot_qwen_kvc_write_link_bridge.
Setting constant 0-bit at position 225 on $procdff$2106 ($dlatch) from module ot_qwen_kvc_write_link_bridge.
Setting constant 0-bit at position 226 on $procdff$2106 ($dlatch) from module ot_qwen_kvc_write_link_bridge.
Setting constant 0-bit at position 227 on $procdff$2106 ($dlatch) from module ot_qwen_kvc_write_link_bridge.
Setting constant 0-bit at position 228 on $procdff$2106 ($dlatch) from module ot_qwen_kvc_write_link_bridge.
Setting constant 0-bit at position 229 on $procdff$2106 ($dlatch) from module ot_qwen_kvc_write_link_bridge.
Setting constant 0-bit at position 230 on $procdff$2106 ($dlatch) from module ot_qwen_kvc_write_link_bridge.
Setting constant 0-bit at position 231 on $procdff$2106 ($dlatch) from module ot_qwen_kvc_write_link_bridge.
Setting constant 0-bit at position 232 on $procdff$2106 ($dlatch) from module ot_qwen_kvc_write_link_bridge.
Setting constant 0-bit at position 233 on $procdff$2106 ($dlatch) from module ot_qwen_kvc_write_link_bridge.
Setting constant 0-bit at position 234 on $procdff$2106 ($dlatch) from module ot_qwen_kvc_write_link_bridge.
Setting constant 0-bit at position 235 on $procdff$2106 ($dlatch) from module ot_qwen_kvc_write_link_bridge.
Setting constant 0-bit at position 236 on $procdff$2106 ($dlatch) from module ot_qwen_kvc_write_link_bridge.
Setting constant 0-bit at position 237 on $procdff$2106 ($dlatch) from module ot_qwen_kvc_write_link_bridge.
Setting constant 0-bit at position 238 on $procdff$2106 ($dlatch) from module ot_qwen_kvc_write_link_bridge.
Setting constant 0-bit at position 239 on $procdff$2106 ($dlatch) from module ot_qwen_kvc_write_link_bridge.
Setting constant 0-bit at position 240 on $procdff$2106 ($dlatch) from module ot_qwen_kvc_write_link_bridge.
Setting constant 0-bit at position 241 on $procdff$2106 ($dlatch) from module ot_qwen_kvc_write_link_bridge.
Setting constant 0-bit at position 242 on $procdff$2106 ($dlatch) from module ot_qwen_kvc_write_link_bridge.
Setting constant 0-bit at position 243 on $procdff$2106 ($dlatch) from module ot_qwen_kvc_write_link_bridge.
Setting constant 0-bit at position 244 on $procdff$2106 ($dlatch) from module ot_qwen_kvc_write_link_bridge.
Setting constant 0-bit at position 245 on $procdff$2106 ($dlatch) from module ot_qwen_kvc_write_link_bridge.
Setting constant 0-bit at position 246 on $procdff$2106 ($dlatch) from module ot_qwen_kvc_write_link_bridge.
Setting constant 0-bit at position 247 on $procdff$2106 ($dlatch) from module ot_qwen_kvc_write_link_bridge.
Setting constant 0-bit at position 248 on $procdff$2106 ($dlatch) from module ot_qwen_kvc_write_link_bridge.
Setting constant 0-bit at position 249 on $procdff$2106 ($dlatch) from module ot_qwen_kvc_write_link_bridge.
Setting constant 0-bit at position 250 on $procdff$2106 ($dlatch) from module ot_qwen_kvc_write_link_bridge.
Setting constant 0-bit at position 251 on $procdff$2106 ($dlatch) from module ot_qwen_kvc_write_link_bridge.
Setting constant 0-bit at position 252 on $procdff$2106 ($dlatch) from module ot_qwen_kvc_write_link_bridge.
Setting constant 0-bit at position 253 on $procdff$2106 ($dlatch) from module ot_qwen_kvc_write_link_bridge.
Setting constant 0-bit at position 254 on $procdff$2106 ($dlatch) from module ot_qwen_kvc_write_link_bridge.
Setting constant 0-bit at position 255 on $procdff$2106 ($dlatch) from module ot_qwen_kvc_write_link_bridge.
Setting constant 0-bit at position 0 on $procdff$2101 ($dlatch) from module ot_qwen_kvc_write_link_bridge.
Setting constant 0-bit at position 1 on $procdff$2101 ($dlatch) from module ot_qwen_kvc_write_link_bridge.
Setting constant 0-bit at position 2 on $procdff$2101 ($dlatch) from module ot_qwen_kvc_write_link_bridge.
Setting constant 0-bit at position 3 on $procdff$2101 ($dlatch) from module ot_qwen_kvc_write_link_bridge.
Setting constant 0-bit at position 4 on $procdff$2101 ($dlatch) from module ot_qwen_kvc_write_link_bridge.
Setting constant 0-bit at position 5 on $procdff$2101 ($dlatch) from module ot_qwen_kvc_write_link_bridge.
Setting constant 0-bit at position 6 on $procdff$2101 ($dlatch) from module ot_qwen_kvc_write_link_bridge.
Setting constant 0-bit at position 7 on $procdff$2101 ($dlatch) from module ot_qwen_kvc_write_link_bridge.
Setting constant 0-bit at position 8 on $procdff$2101 ($dlatch) from module ot_qwen_kvc_write_link_bridge.
Setting constant 0-bit at position 9 on $procdff$2101 ($dlatch) from module ot_qwen_kvc_write_link_bridge.
Setting constant 0-bit at position 10 on $procdff$2101 ($dlatch) from module ot_qwen_kvc_write_link_bridge.
Setting constant 0-bit at position 11 on $procdff$2101 ($dlatch) from module ot_qwen_kvc_write_link_bridge.
Setting constant 0-bit at position 12 on $procdff$2101 ($dlatch) from module ot_qwen_kvc_write_link_bridge.
Setting constant 0-bit at position 13 on $procdff$2101 ($dlatch) from module ot_qwen_kvc_write_link_bridge.
Setting constant 0-bit at position 14 on $procdff$2101 ($dlatch) from module ot_qwen_kvc_write_link_bridge.
Setting constant 0-bit at position 15 on $procdff$2101 ($dlatch) from module ot_qwen_kvc_write_link_bridge.
Setting constant 0-bit at position 16 on $procdff$2101 ($dlatch) from module ot_qwen_kvc_write_link_bridge.
Setting constant 0-bit at position 17 on $procdff$2101 ($dlatch) from module ot_qwen_kvc_write_link_bridge.
Setting constant 0-bit at position 18 on $procdff$2101 ($dlatch) from module ot_qwen_kvc_write_link_bridge.
Setting constant 0-bit at position 19 on $procdff$2101 ($dlatch) from module ot_qwen_kvc_write_link_bridge.
Setting constant 0-bit at position 20 on $procdff$2101 ($dlatch) from module ot_qwen_kvc_write_link_bridge.
Setting constant 0-bit at position 21 on $procdff$2101 ($dlatch) from module ot_qwen_kvc_write_link_bridge.
Setting constant 0-bit at position 22 on $procdff$2101 ($dlatch) from module ot_qwen_kvc_write_link_bridge.
Setting constant 0-bit at position 23 on $procdff$2101 ($dlatch) from module ot_qwen_kvc_write_link_bridge.
Setting constant 0-bit at position 32 on $flatten\enc.$procdff$2378 ($dff) from module ot_qwen_kvc_write_link_bridge.
Setting constant 0-bit at position 33 on $flatten\enc.$procdff$2378 ($dff) from module ot_qwen_kvc_write_link_bridge.
Setting constant 0-bit at position 34 on $flatten\enc.$procdff$2378 ($dff) from module ot_qwen_kvc_write_link_bridge.
Setting constant 0-bit at position 35 on $flatten\enc.$procdff$2378 ($dff) from module ot_qwen_kvc_write_link_bridge.
Setting constant 0-bit at position 36 on $flatten\enc.$procdff$2378 ($dff) from module ot_qwen_kvc_write_link_bridge.
Setting constant 0-bit at position 37 on $flatten\enc.$procdff$2378 ($dff) from module ot_qwen_kvc_write_link_bridge.
Setting constant 0-bit at position 38 on $flatten\enc.$procdff$2378 ($dff) from module ot_qwen_kvc_write_link_bridge.
Setting constant 0-bit at position 39 on $flatten\enc.$procdff$2378 ($dff) from module ot_qwen_kvc_write_link_bridge.
Setting constant 0-bit at position 40 on $flatten\enc.$procdff$2378 ($dff) from module ot_qwen_kvc_write_link_bridge.
Setting constant 0-bit at position 41 on $flatten\enc.$procdff$2378 ($dff) from module ot_qwen_kvc_write_link_bridge.
Setting constant 0-bit at position 42 on $flatten\enc.$procdff$2378 ($dff) from module ot_qwen_kvc_write_link_bridge.
Setting constant 0-bit at position 43 on $flatten\enc.$procdff$2378 ($dff) from module ot_qwen_kvc_write_link_bridge.
Setting constant 0-bit at position 44 on $flatten\enc.$procdff$2378 ($dff) from module ot_qwen_kvc_write_link_bridge.
Setting constant 0-bit at position 45 on $flatten\enc.$procdff$2378 ($dff) from module ot_qwen_kvc_write_link_bridge.
Setting constant 0-bit at position 46 on $flatten\enc.$procdff$2378 ($dff) from module ot_qwen_kvc_write_link_bridge.
Setting constant 0-bit at position 47 on $flatten\enc.$procdff$2378 ($dff) from module ot_qwen_kvc_write_link_bridge.
Setting constant 0-bit at position 48 on $flatten\enc.$procdff$2378 ($dff) from module ot_qwen_kvc_write_link_bridge.
Setting constant 0-bit at position 49 on $flatten\enc.$procdff$2378 ($dff) from module ot_qwen_kvc_write_link_bridge.
Setting constant 0-bit at position 50 on $flatten\enc.$procdff$2378 ($dff) from module ot_qwen_kvc_write_link_bridge.
Setting constant 0-bit at position 51 on $flatten\enc.$procdff$2378 ($dff) from module ot_qwen_kvc_write_link_bridge.
Setting constant 0-bit at position 52 on $flatten\enc.$procdff$2378 ($dff) from module ot_qwen_kvc_write_link_bridge.
Setting constant 0-bit at position 53 on $flatten\enc.$procdff$2378 ($dff) from module ot_qwen_kvc_write_link_bridge.
Setting constant 0-bit at position 54 on $flatten\enc.$procdff$2378 ($dff) from module ot_qwen_kvc_write_link_bridge.
Setting constant 0-bit at position 55 on $flatten\enc.$procdff$2378 ($dff) from module ot_qwen_kvc_write_link_bridge.
Setting constant 0-bit at position 56 on $flatten\enc.$procdff$2378 ($dff) from module ot_qwen_kvc_write_link_bridge.
Setting constant 0-bit at position 57 on $flatten\enc.$procdff$2378 ($dff) from module ot_qwen_kvc_write_link_bridge.
Setting constant 0-bit at position 58 on $flatten\enc.$procdff$2378 ($dff) from module ot_qwen_kvc_write_link_bridge.
Setting constant 0-bit at position 59 on $flatten\enc.$procdff$2378 ($dff) from module ot_qwen_kvc_write_link_bridge.
Setting constant 0-bit at position 60 on $flatten\enc.$procdff$2378 ($dff) from module ot_qwen_kvc_write_link_bridge.
Setting constant 0-bit at position 61 on $flatten\enc.$procdff$2378 ($dff) from module ot_qwen_kvc_write_link_bridge.
Setting constant 0-bit at position 62 on $flatten\enc.$procdff$2378 ($dff) from module ot_qwen_kvc_write_link_bridge.
Setting constant 0-bit at position 63 on $flatten\enc.$procdff$2378 ($dff) from module ot_qwen_kvc_write_link_bridge.
Setting constant 0-bit at position 64 on $flatten\enc.$procdff$2378 ($dff) from module ot_qwen_kvc_write_link_bridge.
Setting constant 0-bit at position 65 on $flatten\enc.$procdff$2378 ($dff) from module ot_qwen_kvc_write_link_bridge.
Setting constant 0-bit at position 66 on $flatten\enc.$procdff$2378 ($dff) from module ot_qwen_kvc_write_link_bridge.
Setting constant 0-bit at position 67 on $flatten\enc.$procdff$2378 ($dff) from module ot_qwen_kvc_write_link_bridge.
Setting constant 0-bit at position 68 on $flatten\enc.$procdff$2378 ($dff) from module ot_qwen_kvc_write_link_bridge.
Setting constant 0-bit at position 69 on $flatten\enc.$procdff$2378 ($dff) from module ot_qwen_kvc_write_link_bridge.
Setting constant 0-bit at position 70 on $flatten\enc.$procdff$2378 ($dff) from module ot_qwen_kvc_write_link_bridge.
Setting constant 0-bit at position 71 on $flatten\enc.$procdff$2378 ($dff) from module ot_qwen_kvc_write_link_bridge.
Setting constant 0-bit at position 72 on $flatten\enc.$procdff$2378 ($dff) from module ot_qwen_kvc_write_link_bridge.
Setting constant 0-bit at position 73 on $flatten\enc.$procdff$2378 ($dff) from module ot_qwen_kvc_write_link_bridge.
Setting constant 0-bit at position 74 on $flatten\enc.$procdff$2378 ($dff) from module ot_qwen_kvc_write_link_bridge.
Setting constant 0-bit at position 75 on $flatten\enc.$procdff$2378 ($dff) from module ot_qwen_kvc_write_link_bridge.
Setting constant 0-bit at position 76 on $flatten\enc.$procdff$2378 ($dff) from module ot_qwen_kvc_write_link_bridge.
Setting constant 0-bit at position 77 on $flatten\enc.$procdff$2378 ($dff) from module ot_qwen_kvc_write_link_bridge.
Setting constant 0-bit at position 78 on $flatten\enc.$procdff$2378 ($dff) from module ot_qwen_kvc_write_link_bridge.
Setting constant 0-bit at position 79 on $flatten\enc.$procdff$2378 ($dff) from module ot_qwen_kvc_write_link_bridge.
Setting constant 0-bit at position 80 on $flatten\enc.$procdff$2378 ($dff) from module ot_qwen_kvc_write_link_bridge.
Setting constant 0-bit at position 81 on $flatten\enc.$procdff$2378 ($dff) from module ot_qwen_kvc_write_link_bridge.
Setting constant 0-bit at position 82 on $flatten\enc.$procdff$2378 ($dff) from module ot_qwen_kvc_write_link_bridge.
Setting constant 0-bit at position 83 on $flatten\enc.$procdff$2378 ($dff) from module ot_qwen_kvc_write_link_bridge.
Setting constant 0-bit at position 84 on $flatten\enc.$procdff$2378 ($dff) from module ot_qwen_kvc_write_link_bridge.
Setting constant 0-bit at position 85 on $flatten\enc.$procdff$2378 ($dff) from module ot_qwen_kvc_write_link_bridge.
Setting constant 0-bit at position 86 on $flatten\enc.$procdff$2378 ($dff) from module ot_qwen_kvc_write_link_bridge.
Setting constant 0-bit at position 87 on $flatten\enc.$procdff$2378 ($dff) from module ot_qwen_kvc_write_link_bridge.
Setting constant 0-bit at position 88 on $flatten\enc.$procdff$2378 ($dff) from module ot_qwen_kvc_write_link_bridge.
Setting constant 0-bit at position 89 on $flatten\enc.$procdff$2378 ($dff) from module ot_qwen_kvc_write_link_bridge.
Setting constant 0-bit at position 90 on $flatten\enc.$procdff$2378 ($dff) from module ot_qwen_kvc_write_link_bridge.
Setting constant 0-bit at position 91 on $flatten\enc.$procdff$2378 ($dff) from module ot_qwen_kvc_write_link_bridge.
Setting constant 0-bit at position 92 on $flatten\enc.$procdff$2378 ($dff) from module ot_qwen_kvc_write_link_bridge.
Setting constant 0-bit at position 93 on $flatten\enc.$procdff$2378 ($dff) from module ot_qwen_kvc_write_link_bridge.
Setting constant 0-bit at position 94 on $flatten\enc.$procdff$2378 ($dff) from module ot_qwen_kvc_write_link_bridge.
Setting constant 0-bit at position 95 on $flatten\enc.$procdff$2378 ($dff) from module ot_qwen_kvc_write_link_bridge.
Setting constant 0-bit at position 96 on $flatten\enc.$procdff$2378 ($dff) from module ot_qwen_kvc_write_link_bridge.
Setting constant 0-bit at position 97 on $flatten\enc.$procdff$2378 ($dff) from module ot_qwen_kvc_write_link_bridge.
Setting constant 0-bit at position 98 on $flatten\enc.$procdff$2378 ($dff) from module ot_qwen_kvc_write_link_bridge.
Setting constant 0-bit at position 99 on $flatten\enc.$procdff$2378 ($dff) from module ot_qwen_kvc_write_link_bridge.
Setting constant 0-bit at position 100 on $flatten\enc.$procdff$2378 ($dff) from module ot_qwen_kvc_write_link_bridge.
Setting constant 0-bit at position 101 on $flatten\enc.$procdff$2378 ($dff) from module ot_qwen_kvc_write_link_bridge.
Setting constant 0-bit at position 102 on $flatten\enc.$procdff$2378 ($dff) from module ot_qwen_kvc_write_link_bridge.
Setting constant 0-bit at position 103 on $flatten\enc.$procdff$2378 ($dff) from module ot_qwen_kvc_write_link_bridge.
Setting constant 0-bit at position 104 on $flatten\enc.$procdff$2378 ($dff) from module ot_qwen_kvc_write_link_bridge.
Setting constant 0-bit at position 105 on $flatten\enc.$procdff$2378 ($dff) from module ot_qwen_kvc_write_link_bridge.
Setting constant 0-bit at position 106 on $flatten\enc.$procdff$2378 ($dff) from module ot_qwen_kvc_write_link_bridge.
Setting constant 0-bit at position 107 on $flatten\enc.$procdff$2378 ($dff) from module ot_qwen_kvc_write_link_bridge.
Setting constant 0-bit at position 108 on $flatten\enc.$procdff$2378 ($dff) from module ot_qwen_kvc_write_link_bridge.
Setting constant 0-bit at position 109 on $flatten\enc.$procdff$2378 ($dff) from module ot_qwen_kvc_write_link_bridge.
Setting constant 0-bit at position 110 on $flatten\enc.$procdff$2378 ($dff) from module ot_qwen_kvc_write_link_bridge.
Setting constant 0-bit at position 111 on $flatten\enc.$procdff$2378 ($dff) from module ot_qwen_kvc_write_link_bridge.
Setting constant 0-bit at position 112 on $flatten\enc.$procdff$2378 ($dff) from module ot_qwen_kvc_write_link_bridge.
Setting constant 0-bit at position 113 on $flatten\enc.$procdff$2378 ($dff) from module ot_qwen_kvc_write_link_bridge.
Setting constant 0-bit at position 114 on $flatten\enc.$procdff$2378 ($dff) from module ot_qwen_kvc_write_link_bridge.
Setting constant 0-bit at position 115 on $flatten\enc.$procdff$2378 ($dff) from module ot_qwen_kvc_write_link_bridge.
Setting constant 0-bit at position 116 on $flatten\enc.$procdff$2378 ($dff) from module ot_qwen_kvc_write_link_bridge.
Setting constant 0-bit at position 117 on $flatten\enc.$procdff$2378 ($dff) from module ot_qwen_kvc_write_link_bridge.
Setting constant 0-bit at position 118 on $flatten\enc.$procdff$2378 ($dff) from module ot_qwen_kvc_write_link_bridge.
Setting constant 0-bit at position 119 on $flatten\enc.$procdff$2378 ($dff) from module ot_qwen_kvc_write_link_bridge.
Setting constant 0-bit at position 120 on $flatten\enc.$procdff$2378 ($dff) from module ot_qwen_kvc_write_link_bridge.
Setting constant 0-bit at position 121 on $flatten\enc.$procdff$2378 ($dff) from module ot_qwen_kvc_write_link_bridge.
Setting constant 0-bit at position 122 on $flatten\enc.$procdff$2378 ($dff) from module ot_qwen_kvc_write_link_bridge.
Setting constant 0-bit at position 123 on $flatten\enc.$procdff$2378 ($dff) from module ot_qwen_kvc_write_link_bridge.
Setting constant 0-bit at position 124 on $flatten\enc.$procdff$2378 ($dff) from module ot_qwen_kvc_write_link_bridge.
Setting constant 0-bit at position 125 on $flatten\enc.$procdff$2378 ($dff) from module ot_qwen_kvc_write_link_bridge.
Setting constant 0-bit at position 126 on $flatten\enc.$procdff$2378 ($dff) from module ot_qwen_kvc_write_link_bridge.
Setting constant 0-bit at position 127 on $flatten\enc.$procdff$2378 ($dff) from module ot_qwen_kvc_write_link_bridge.
Setting constant 0-bit at position 128 on $flatten\enc.$procdff$2378 ($dff) from module ot_qwen_kvc_write_link_bridge.
Setting constant 0-bit at position 129 on $flatten\enc.$procdff$2378 ($dff) from module ot_qwen_kvc_write_link_bridge.
Setting constant 0-bit at position 130 on $flatten\enc.$procdff$2378 ($dff) from module ot_qwen_kvc_write_link_bridge.
Setting constant 0-bit at position 131 on $flatten\enc.$procdff$2378 ($dff) from module ot_qwen_kvc_write_link_bridge.
Setting constant 0-bit at position 132 on $flatten\enc.$procdff$2378 ($dff) from module ot_qwen_kvc_write_link_bridge.
Setting constant 0-bit at position 133 on $flatten\enc.$procdff$2378 ($dff) from module ot_qwen_kvc_write_link_bridge.
Setting constant 0-bit at position 134 on $flatten\enc.$procdff$2378 ($dff) from module ot_qwen_kvc_write_link_bridge.
Setting constant 0-bit at position 135 on $flatten\enc.$procdff$2378 ($dff) from module ot_qwen_kvc_write_link_bridge.
Setting constant 0-bit at position 136 on $flatten\enc.$procdff$2378 ($dff) from module ot_qwen_kvc_write_link_bridge.
Setting constant 0-bit at position 137 on $flatten\enc.$procdff$2378 ($dff) from module ot_qwen_kvc_write_link_bridge.
Setting constant 0-bit at position 138 on $flatten\enc.$procdff$2378 ($dff) from module ot_qwen_kvc_write_link_bridge.
Setting constant 0-bit at position 139 on $flatten\enc.$procdff$2378 ($dff) from module ot_qwen_kvc_write_link_bridge.
Setting constant 0-bit at position 140 on $flatten\enc.$procdff$2378 ($dff) from module ot_qwen_kvc_write_link_bridge.
Setting constant 0-bit at position 141 on $flatten\enc.$procdff$2378 ($dff) from module ot_qwen_kvc_write_link_bridge.
Setting constant 0-bit at position 142 on $flatten\enc.$procdff$2378 ($dff) from module ot_qwen_kvc_write_link_bridge.
Setting constant 0-bit at position 143 on $flatten\enc.$procdff$2378 ($dff) from module ot_qwen_kvc_write_link_bridge.
Setting constant 0-bit at position 144 on $flatten\enc.$procdff$2378 ($dff) from module ot_qwen_kvc_write_link_bridge.
Setting constant 0-bit at position 145 on $flatten\enc.$procdff$2378 ($dff) from module ot_qwen_kvc_write_link_bridge.
Setting constant 0-bit at position 146 on $flatten\enc.$procdff$2378 ($dff) from module ot_qwen_kvc_write_link_bridge.
Setting constant 0-bit at position 147 on $flatten\enc.$procdff$2378 ($dff) from module ot_qwen_kvc_write_link_bridge.
Setting constant 0-bit at position 148 on $flatten\enc.$procdff$2378 ($dff) from module ot_qwen_kvc_write_link_bridge.
Setting constant 0-bit at position 149 on $flatten\enc.$procdff$2378 ($dff) from module ot_qwen_kvc_write_link_bridge.
Setting constant 0-bit at position 150 on $flatten\enc.$procdff$2378 ($dff) from module ot_qwen_kvc_write_link_bridge.
Setting constant 0-bit at position 151 on $flatten\enc.$procdff$2378 ($dff) from module ot_qwen_kvc_write_link_bridge.
Setting constant 0-bit at position 152 on $flatten\enc.$procdff$2378 ($dff) from module ot_qwen_kvc_write_link_bridge.
Setting constant 0-bit at position 153 on $flatten\enc.$procdff$2378 ($dff) from module ot_qwen_kvc_write_link_bridge.
Setting constant 0-bit at position 154 on $flatten\enc.$procdff$2378 ($dff) from module ot_qwen_kvc_write_link_bridge.
Setting constant 0-bit at position 155 on $flatten\enc.$procdff$2378 ($dff) from module ot_qwen_kvc_write_link_bridge.
Setting constant 0-bit at position 156 on $flatten\enc.$procdff$2378 ($dff) from module ot_qwen_kvc_write_link_bridge.
Setting constant 0-bit at position 157 on $flatten\enc.$procdff$2378 ($dff) from module ot_qwen_kvc_write_link_bridge.
Setting constant 0-bit at position 158 on $flatten\enc.$procdff$2378 ($dff) from module ot_qwen_kvc_write_link_bridge.
Setting constant 0-bit at position 159 on $flatten\enc.$procdff$2378 ($dff) from module ot_qwen_kvc_write_link_bridge.
Setting constant 0-bit at position 160 on $flatten\enc.$procdff$2378 ($dff) from module ot_qwen_kvc_write_link_bridge.
Setting constant 0-bit at position 161 on $flatten\enc.$procdff$2378 ($dff) from module ot_qwen_kvc_write_link_bridge.
Setting constant 0-bit at position 162 on $flatten\enc.$procdff$2378 ($dff) from module ot_qwen_kvc_write_link_bridge.
Setting constant 0-bit at position 163 on $flatten\enc.$procdff$2378 ($dff) from module ot_qwen_kvc_write_link_bridge.
Setting constant 0-bit at position 164 on $flatten\enc.$procdff$2378 ($dff) from module ot_qwen_kvc_write_link_bridge.
Setting constant 0-bit at position 165 on $flatten\enc.$procdff$2378 ($dff) from module ot_qwen_kvc_write_link_bridge.
Setting constant 0-bit at position 166 on $flatten\enc.$procdff$2378 ($dff) from module ot_qwen_kvc_write_link_bridge.
Setting constant 0-bit at position 167 on $flatten\enc.$procdff$2378 ($dff) from module ot_qwen_kvc_write_link_bridge.
Setting constant 0-bit at position 168 on $flatten\enc.$procdff$2378 ($dff) from module ot_qwen_kvc_write_link_bridge.
Setting constant 0-bit at position 169 on $flatten\enc.$procdff$2378 ($dff) from module ot_qwen_kvc_write_link_bridge.
Setting constant 0-bit at position 170 on $flatten\enc.$procdff$2378 ($dff) from module ot_qwen_kvc_write_link_bridge.
Setting constant 0-bit at position 171 on $flatten\enc.$procdff$2378 ($dff) from module ot_qwen_kvc_write_link_bridge.
Setting constant 0-bit at position 172 on $flatten\enc.$procdff$2378 ($dff) from module ot_qwen_kvc_write_link_bridge.
Setting constant 0-bit at position 173 on $flatten\enc.$procdff$2378 ($dff) from module ot_qwen_kvc_write_link_bridge.
Setting constant 0-bit at position 174 on $flatten\enc.$procdff$2378 ($dff) from module ot_qwen_kvc_write_link_bridge.
Setting constant 0-bit at position 175 on $flatten\enc.$procdff$2378 ($dff) from module ot_qwen_kvc_write_link_bridge.
Setting constant 0-bit at position 176 on $flatten\enc.$procdff$2378 ($dff) from module ot_qwen_kvc_write_link_bridge.
Setting constant 0-bit at position 177 on $flatten\enc.$procdff$2378 ($dff) from module ot_qwen_kvc_write_link_bridge.
Setting constant 0-bit at position 178 on $flatten\enc.$procdff$2378 ($dff) from module ot_qwen_kvc_write_link_bridge.
Setting constant 0-bit at position 179 on $flatten\enc.$procdff$2378 ($dff) from module ot_qwen_kvc_write_link_bridge.
Setting constant 0-bit at position 180 on $flatten\enc.$procdff$2378 ($dff) from module ot_qwen_kvc_write_link_bridge.
Setting constant 0-bit at position 181 on $flatten\enc.$procdff$2378 ($dff) from module ot_qwen_kvc_write_link_bridge.
Setting constant 0-bit at position 487 on $flatten\enc.$procdff$2378 ($dff) from module ot_qwen_kvc_write_link_bridge.
Setting constant 0-bit at position 488 on $flatten\enc.$procdff$2378 ($dff) from module ot_qwen_kvc_write_link_bridge.
Setting constant 0-bit at position 489 on $flatten\enc.$procdff$2378 ($dff) from module ot_qwen_kvc_write_link_bridge.
Setting constant 0-bit at position 490 on $flatten\enc.$procdff$2378 ($dff) from module ot_qwen_kvc_write_link_bridge.
Setting constant 0-bit at position 491 on $flatten\enc.$procdff$2378 ($dff) from module ot_qwen_kvc_write_link_bridge.
Setting constant 0-bit at position 492 on $flatten\enc.$procdff$2378 ($dff) from module ot_qwen_kvc_write_link_bridge.
Setting constant 0-bit at position 493 on $flatten\enc.$procdff$2378 ($dff) from module ot_qwen_kvc_write_link_bridge.
Setting constant 1-bit at position 502 on $flatten\enc.$procdff$2378 ($dff) from module ot_qwen_kvc_write_link_bridge.
Setting constant 0-bit at position 503 on $flatten\enc.$procdff$2378 ($dff) from module ot_qwen_kvc_write_link_bridge.
Setting constant 0-bit at position 504 on $flatten\enc.$procdff$2378 ($dff) from module ot_qwen_kvc_write_link_bridge.
Setting constant 0-bit at position 505 on $flatten\enc.$procdff$2378 ($dff) from module ot_qwen_kvc_write_link_bridge.
Setting constant 1-bit at position 506 on $flatten\enc.$procdff$2378 ($dff) from module ot_qwen_kvc_write_link_bridge.
Setting constant 0-bit at position 507 on $flatten\enc.$procdff$2378 ($dff) from module ot_qwen_kvc_write_link_bridge.
Setting constant 0-bit at position 508 on $flatten\enc.$procdff$2378 ($dff) from module ot_qwen_kvc_write_link_bridge.
Setting constant 0-bit at position 509 on $flatten\enc.$procdff$2378 ($dff) from module ot_qwen_kvc_write_link_bridge.

8.8.7. Executing OPT_CLEAN pass (remove unused cells and wires).
Finding unused cells or wires in module \ot_qwen_kvc_write_link_bridge..
Removed 0 unused cells and 61 unused wires.
<suppressed ~1 debug messages>

8.8.8. Executing OPT_EXPR pass (perform const folding).
Optimizing module ot_qwen_kvc_write_link_bridge.
<suppressed ~5 debug messages>

8.8.9. Rerunning OPT passes. (Maybe there is more to do..)

8.8.10. Executing OPT_MUXTREE pass (detect dead branches in mux trees).
Running muxtree optimizer on module \ot_qwen_kvc_write_link_bridge..
  Creating internal representation of mux trees.
  Evaluating internal representation of mux trees.
  Analyzing evaluation results.
Removed 0 multiplexer ports.
<suppressed ~683 debug messages>

8.8.11. Executing OPT_REDUCE pass (consolidate $*mux and $reduce_* inputs).
  Optimizing cells in module \ot_qwen_kvc_write_link_bridge.
Performed a total of 0 changes.

8.8.12. Executing OPT_MERGE pass (detect identical cells).
Finding identical cells in module `\ot_qwen_kvc_write_link_bridge'.
Computing hashes of 678 cells of `\ot_qwen_kvc_write_link_bridge'.
Finding duplicate cells in `\ot_qwen_kvc_write_link_bridge'.
Removed a total of 0 cells.

8.8.13. Executing OPT_DFF pass (perform DFF optimizations).

8.8.14. Executing OPT_CLEAN pass (remove unused cells and wires).
Finding unused cells or wires in module \ot_qwen_kvc_write_link_bridge..
Removed 0 unused cells and 5 unused wires.
<suppressed ~1 debug messages>

8.8.15. Executing OPT_EXPR pass (perform const folding).
Optimizing module ot_qwen_kvc_write_link_bridge.

8.8.16. Rerunning OPT passes. (Maybe there is more to do..)

8.8.17. Executing OPT_MUXTREE pass (detect dead branches in mux trees).
Running muxtree optimizer on module \ot_qwen_kvc_write_link_bridge..
  Creating internal representation of mux trees.
  Evaluating internal representation of mux trees.
  Analyzing evaluation results.
Removed 0 multiplexer ports.
<suppressed ~683 debug messages>

8.8.18. Executing OPT_REDUCE pass (consolidate $*mux and $reduce_* inputs).
  Optimizing cells in module \ot_qwen_kvc_write_link_bridge.
Performed a total of 0 changes.

8.8.19. Executing OPT_MERGE pass (detect identical cells).
Finding identical cells in module `\ot_qwen_kvc_write_link_bridge'.
Computing hashes of 678 cells of `\ot_qwen_kvc_write_link_bridge'.
Finding duplicate cells in `\ot_qwen_kvc_write_link_bridge'.
Removed a total of 0 cells.

8.8.20. Executing OPT_DFF pass (perform DFF optimizations).

8.8.21. Executing OPT_CLEAN pass (remove unused cells and wires).
Finding unused cells or wires in module \ot_qwen_kvc_write_link_bridge..

8.8.22. Executing OPT_EXPR pass (perform const folding).
Optimizing module ot_qwen_kvc_write_link_bridge.

8.8.23. Finished fast OPT passes. (There is nothing left to do.)

8.9. Executing FSM pass (extract and optimize FSM).

8.9.1. Executing FSM_DETECT pass (finding FSMs in design).

8.9.2. Executing FSM_EXTRACT pass (extracting FSM from design).

8.9.3. Executing FSM_OPT pass (simple optimizations of FSMs).

8.9.4. Executing OPT_CLEAN pass (remove unused cells and wires).
Finding unused cells or wires in module \ot_qwen_kvc_write_link_bridge..

8.9.5. Executing FSM_OPT pass (simple optimizations of FSMs).

8.9.6. Executing FSM_RECODE pass (re-assigning FSM state encoding).

8.9.7. Executing FSM_INFO pass (dumping all available information on FSM cells).

8.9.8. Executing FSM_MAP pass (mapping FSMs to basic logic).

8.10. Executing OPT pass (performing simple optimizations).

8.10.1. Executing OPT_EXPR pass (perform const folding).
Optimizing module ot_qwen_kvc_write_link_bridge.

8.10.2. Executing OPT_MERGE pass (detect identical cells).
Finding identical cells in module `\ot_qwen_kvc_write_link_bridge'.
Computing hashes of 678 cells of `\ot_qwen_kvc_write_link_bridge'.
Finding duplicate cells in `\ot_qwen_kvc_write_link_bridge'.
Removed a total of 0 cells.

8.10.3. Executing OPT_MUXTREE pass (detect dead branches in mux trees).
Running muxtree optimizer on module \ot_qwen_kvc_write_link_bridge..
  Creating internal representation of mux trees.
  Evaluating internal representation of mux trees.
  Analyzing evaluation results.
Removed 0 multiplexer ports.
<suppressed ~683 debug messages>

8.10.4. Executing OPT_REDUCE pass (consolidate $*mux and $reduce_* inputs).
  Optimizing cells in module \ot_qwen_kvc_write_link_bridge.
Performed a total of 0 changes.

8.10.5. Executing OPT_MERGE pass (detect identical cells).
Finding identical cells in module `\ot_qwen_kvc_write_link_bridge'.
Computing hashes of 678 cells of `\ot_qwen_kvc_write_link_bridge'.
Finding duplicate cells in `\ot_qwen_kvc_write_link_bridge'.
Removed a total of 0 cells.

8.10.6. Executing OPT_DFF pass (perform DFF optimizations).
Adding EN signal on $flatten\transport.\txq.$procdff$2487 ($dff) from module ot_qwen_kvc_write_link_bridge (D = { 8'00010001 \enc.o_packet [501:494] 7'0000000 \enc.o_packet [486:182] 150'000000000000000000000000000000000000000000000000000000000000000000000000000000000000000000000000000000000000000000000000000000000000000000000000000000 \enc.o_packet [31:0] }, Q = \transport.txq.mem[0]).
Adding EN signal on $flatten\transport.$procdff$2346 ($adff) from module ot_qwen_kvc_write_link_bridge (D = $flatten\transport.$xor$/tmp/qwen-write-bridge-20261007/rtl/physical/ot_qwen_kvc_hub_cdc.sv:51$1009_Y, Q = \transport.returns_gray).
Adding EN signal on $procdff$2246 ($adff) from module ot_qwen_kvc_write_link_bridge (D = \w_tag, Q = \tags[7]).
Adding EN signal on $flatten\transport.\txq.$procdff$2522 ($dff) from module ot_qwen_kvc_write_link_bridge (D = { 8'00010001 \enc.o_packet [501:494] 7'0000000 \enc.o_packet [486:182] 150'000000000000000000000000000000000000000000000000000000000000000000000000000000000000000000000000000000000000000000000000000000000000000000000000000000 \enc.o_packet [31:0] }, Q = \transport.txq.mem[5]).
Adding EN signal on $flatten\transport.\txq.$procdff$2494 ($dff) from module ot_qwen_kvc_write_link_bridge (D = { 8'00010001 \enc.o_packet [501:494] 7'0000000 \enc.o_packet [486:182] 150'000000000000000000000000000000000000000000000000000000000000000000000000000000000000000000000000000000000000000000000000000000000000000000000000000000 \enc.o_packet [31:0] }, Q = \transport.txq.mem[1]).
Adding EN signal on $flatten\transport.\txq.$procdff$2571 ($dff) from module ot_qwen_kvc_write_link_bridge (D = { 8'00010001 \enc.o_packet [501:494] 7'0000000 \enc.o_packet [486:182] 150'000000000000000000000000000000000000000000000000000000000000000000000000000000000000000000000000000000000000000000000000000000000000000000000000000000 \enc.o_packet [31:0] }, Q = \transport.txq.mem[12]).
Adding EN signal on $flatten\transport.\txq.$procdff$2536 ($dff) from module ot_qwen_kvc_write_link_bridge (D = { 8'00010001 \enc.o_packet [501:494] 7'0000000 \enc.o_packet [486:182] 150'000000000000000000000000000000000000000000000000000000000000000000000000000000000000000000000000000000000000000000000000000000000000000000000000000000 \enc.o_packet [31:0] }, Q = \transport.txq.mem[7]).
Adding EN signal on $procdff$2171 ($adff) from module ot_qwen_kvc_write_link_bridge (D = \next_seq, Q = \seqs[0]).
Adding EN signal on $procdff$2176 ($adff) from module ot_qwen_kvc_write_link_bridge (D = \next_seq, Q = \seqs[1]).
Adding EN signal on $procdff$2181 ($adff) from module ot_qwen_kvc_write_link_bridge (D = \next_seq, Q = \seqs[2]).
Adding EN signal on $procdff$2186 ($adff) from module ot_qwen_kvc_write_link_bridge (D = \next_seq, Q = \seqs[3]).
Adding EN signal on $procdff$2191 ($adff) from module ot_qwen_kvc_write_link_bridge (D = \next_seq, Q = \seqs[4]).
Adding EN signal on $flatten\transport.\txq.$procdff$2585 ($dff) from module ot_qwen_kvc_write_link_bridge (D = { 8'00010001 \enc.o_packet [501:494] 7'0000000 \enc.o_packet [486:182] 150'000000000000000000000000000000000000000000000000000000000000000000000000000000000000000000000000000000000000000000000000000000000000000000000000000000 \enc.o_packet [31:0] }, Q = \transport.txq.mem[14]).
Adding EN signal on $procdff$2196 ($adff) from module ot_qwen_kvc_write_link_bridge (D = \next_seq, Q = \seqs[5]).
Adding EN signal on $procdff$2201 ($adff) from module ot_qwen_kvc_write_link_bridge (D = \next_seq, Q = \seqs[6]).
Adding EN signal on $procdff$2206 ($adff) from module ot_qwen_kvc_write_link_bridge (D = \next_seq, Q = \seqs[7]).
Adding EN signal on $procdff$2211 ($adff) from module ot_qwen_kvc_write_link_bridge (D = \w_tag, Q = \tags[0]).
Adding EN signal on $flatten\transport.\txq.$procdff$2529 ($dff) from module ot_qwen_kvc_write_link_bridge (D = { 8'00010001 \enc.o_packet [501:494] 7'0000000 \enc.o_packet [486:182] 150'000000000000000000000000000000000000000000000000000000000000000000000000000000000000000000000000000000000000000000000000000000000000000000000000000000 \enc.o_packet [31:0] }, Q = \transport.txq.mem[6]).
Adding EN signal on $procdff$2216 ($adff) from module ot_qwen_kvc_write_link_bridge (D = \w_tag, Q = \tags[1]).
Adding EN signal on $procdff$2221 ($adff) from module ot_qwen_kvc_write_link_bridge (D = \w_tag, Q = \tags[2]).
Adding EN signal on $flatten\transport.\txq.$procdff$2550 ($dff) from module ot_qwen_kvc_write_link_bridge (D = { 8'00010001 \enc.o_packet [501:494] 7'0000000 \enc.o_packet [486:182] 150'000000000000000000000000000000000000000000000000000000000000000000000000000000000000000000000000000000000000000000000000000000000000000000000000000000 \enc.o_packet [31:0] }, Q = \transport.txq.mem[9]).
Adding EN signal on $flatten\transport.\txq.$procdff$2557 ($dff) from module ot_qwen_kvc_write_link_bridge (D = { 8'00010001 \enc.o_packet [501:494] 7'0000000 \enc.o_packet [486:182] 150'000000000000000000000000000000000000000000000000000000000000000000000000000000000000000000000000000000000000000000000000000000000000000000000000000000 \enc.o_packet [31:0] }, Q = \transport.txq.mem[10]).
Adding EN signal on $procdff$2161 ($adff) from module ot_qwen_kvc_write_link_bridge (D = \transport.rd [520:510], Q = \identity_tag).
Adding EN signal on $flatten\transport.$procdff$2331 ($adff) from module ot_qwen_kvc_write_link_bridge (D = $flatten\transport.$add$/tmp/qwen-write-bridge-20261007/rtl/physical/ot_qwen_kvc_hub_cdc.sv:67$1020_Y, Q = \transport.returned).
Adding EN signal on $flatten\transport.\txq.$procdff$2592 ($dff) from module ot_qwen_kvc_write_link_bridge (D = { 8'00010001 \enc.o_packet [501:494] 7'0000000 \enc.o_packet [486:182] 150'000000000000000000000000000000000000000000000000000000000000000000000000000000000000000000000000000000000000000000000000000000000000000000000000000000 \enc.o_packet [31:0] }, Q = \transport.txq.mem[15]).
Adding EN signal on $flatten\transport.\txq.$procdff$2564 ($dff) from module ot_qwen_kvc_write_link_bridge (D = { 8'00010001 \enc.o_packet [501:494] 7'0000000 \enc.o_packet [486:182] 150'000000000000000000000000000000000000000000000000000000000000000000000000000000000000000000000000000000000000000000000000000000000000000000000000000000 \enc.o_packet [31:0] }, Q = \transport.txq.mem[11]).
Adding EN signal on $procdff$2166 ($adff) from module ot_qwen_kvc_write_link_bridge (D = \transport.rd [522:521], Q = \identity_source).
Adding EN signal on $flatten\transport.\txq.$procdff$2501 ($dff) from module ot_qwen_kvc_write_link_bridge (D = { 8'00010001 \enc.o_packet [501:494] 7'0000000 \enc.o_packet [486:182] 150'000000000000000000000000000000000000000000000000000000000000000000000000000000000000000000000000000000000000000000000000000000000000000000000000000000 \enc.o_packet [31:0] }, Q = \transport.txq.mem[2]).
Adding EN signal on $flatten\transport.$procdff$2341 ($adff) from module ot_qwen_kvc_write_link_bridge (D = $flatten\transport.$add$/tmp/qwen-write-bridge-20261007/rtl/physical/ot_qwen_kvc_hub_cdc.sv:51$1005_Y, Q = \transport.returns).
Adding EN signal on $flatten\transport.\txq.$procdff$2578 ($dff) from module ot_qwen_kvc_write_link_bridge (D = { 8'00010001 \enc.o_packet [501:494] 7'0000000 \enc.o_packet [486:182] 150'000000000000000000000000000000000000000000000000000000000000000000000000000000000000000000000000000000000000000000000000000000000000000000000000000000 \enc.o_packet [31:0] }, Q = \transport.txq.mem[13]).
Adding EN signal on $flatten\transport.\txq.$procdff$2508 ($dff) from module ot_qwen_kvc_write_link_bridge (D = { 8'00010001 \enc.o_packet [501:494] 7'0000000 \enc.o_packet [486:182] 150'000000000000000000000000000000000000000000000000000000000000000000000000000000000000000000000000000000000000000000000000000000000000000000000000000000 \enc.o_packet [31:0] }, Q = \transport.txq.mem[3]).
Adding EN signal on $flatten\transport.$procdff$2311 ($adff) from module ot_qwen_kvc_write_link_bridge (D = $flatten\transport.$0\credits[1:0], Q = \transport.credits).
Adding EN signal on $procdff$2226 ($adff) from module ot_qwen_kvc_write_link_bridge (D = \w_tag, Q = \tags[3]).
Adding EN signal on $procdff$2091 ($adff) from module ot_qwen_kvc_write_link_bridge (D = \dec.o_packet [470:462], Q = \wd_tag).
Adding EN signal on $flatten\transport.\txq.$procdff$2515 ($dff) from module ot_qwen_kvc_write_link_bridge (D = { 8'00010001 \enc.o_packet [501:494] 7'0000000 \enc.o_packet [486:182] 150'000000000000000000000000000000000000000000000000000000000000000000000000000000000000000000000000000000000000000000000000000000000000000000000000000000 \enc.o_packet [31:0] }, Q = \transport.txq.mem[4]).
Adding EN signal on $procdff$2231 ($adff) from module ot_qwen_kvc_write_link_bridge (D = \w_tag, Q = \tags[4]).
Adding EN signal on $procdff$2236 ($adff) from module ot_qwen_kvc_write_link_bridge (D = \w_tag, Q = \tags[5]).
Adding EN signal on $procdff$2116 ($adff) from module ot_qwen_kvc_write_link_bridge (D = \count [3:0], Q = \canceled_at_fence).
Adding EN signal on $procdff$2121 ($adff) from module ot_qwen_kvc_write_link_bridge (D = \next_epoch, Q = \epoch).
Adding EN signal on $procdff$2241 ($adff) from module ot_qwen_kvc_write_link_bridge (D = \w_tag, Q = \tags[6]).
Adding EN signal on $flatten\transport.\rxq.$procdff$2713 ($dff) from module ot_qwen_kvc_write_link_bridge (D = { \ar_source \ar_tag \ar_d [511:2] }, Q = \transport.rxq.mem[2]).
Adding EN signal on $flatten\transport.\rxq.$procdff$2748 ($dff) from module ot_qwen_kvc_write_link_bridge (D = { \ar_source \ar_tag \ar_d [511:2] }, Q = \transport.rxq.mem[7]).
Adding EN signal on $flatten\transport.\rxq.$procdff$2720 ($dff) from module ot_qwen_kvc_write_link_bridge (D = { \ar_source \ar_tag \ar_d [511:2] }, Q = \transport.rxq.mem[3]).
Adding EN signal on $flatten\transport.\rxq.$procdff$2727 ($dff) from module ot_qwen_kvc_write_link_bridge (D = { \ar_source \ar_tag \ar_d [511:2] }, Q = \transport.rxq.mem[4]).
Adding EN signal on $flatten\transport.\rxq.$procdff$2734 ($dff) from module ot_qwen_kvc_write_link_bridge (D = { \ar_source \ar_tag \ar_d [511:2] }, Q = \transport.rxq.mem[5]).
Adding EN signal on $flatten\transport.\rxq.$procdff$2741 ($dff) from module ot_qwen_kvc_write_link_bridge (D = { \ar_source \ar_tag \ar_d [511:2] }, Q = \transport.rxq.mem[6]).
Adding EN signal on $flatten\transport.\rxq.$procdff$2699 ($dff) from module ot_qwen_kvc_write_link_bridge (D = { \ar_source \ar_tag \ar_d [511:2] }, Q = \transport.rxq.mem[0]).
Adding EN signal on $flatten\transport.\rxq.$procdff$2706 ($dff) from module ot_qwen_kvc_write_link_bridge (D = { \ar_source \ar_tag \ar_d [511:2] }, Q = \transport.rxq.mem[1]).
Adding EN signal on $flatten\transport.$procdff$2336 ($adff) from module ot_qwen_kvc_write_link_bridge (D = \transport.owned_next [3:0], Q = \transport.ar_owned).
Adding EN signal on $flatten\transport.\txq.$procdff$2543 ($dff) from module ot_qwen_kvc_write_link_bridge (D = { 8'00010001 \enc.o_packet [501:494] 7'0000000 \enc.o_packet [486:182] 150'000000000000000000000000000000000000000000000000000000000000000000000000000000000000000000000000000000000000000000000000000000000000000000000000000000 \enc.o_packet [31:0] }, Q = \transport.txq.mem[8]).
Setting constant 0-bit at position 32 on $auto$ff.cc:337:slice$2966 ($dffe) from module ot_qwen_kvc_write_link_bridge.
Setting constant 0-bit at position 33 on $auto$ff.cc:337:slice$2966 ($dffe) from module ot_qwen_kvc_write_link_bridge.
Setting constant 0-bit at position 34 on $auto$ff.cc:337:slice$2966 ($dffe) from module ot_qwen_kvc_write_link_bridge.
Setting constant 0-bit at position 35 on $auto$ff.cc:337:slice$2966 ($dffe) from module ot_qwen_kvc_write_link_bridge.
Setting constant 0-bit at position 36 on $auto$ff.cc:337:slice$2966 ($dffe) from module ot_qwen_kvc_write_link_bridge.
Setting constant 0-bit at position 37 on $auto$ff.cc:337:slice$2966 ($dffe) from module ot_qwen_kvc_write_link_bridge.
Setting constant 0-bit at position 38 on $auto$ff.cc:337:slice$2966 ($dffe) from module ot_qwen_kvc_write_link_bridge.
Setting constant 0-bit at position 39 on $auto$ff.cc:337:slice$2966 ($dffe) from module ot_qwen_kvc_write_link_bridge.
Setting constant 0-bit at position 40 on $auto$ff.cc:337:slice$2966 ($dffe) from module ot_qwen_kvc_write_link_bridge.
Setting constant 0-bit at position 41 on $auto$ff.cc:337:slice$2966 ($dffe) from module ot_qwen_kvc_write_link_bridge.
Setting constant 0-bit at position 42 on $auto$ff.cc:337:slice$2966 ($dffe) from module ot_qwen_kvc_write_link_bridge.
Setting constant 0-bit at position 43 on $auto$ff.cc:337:slice$2966 ($dffe) from module ot_qwen_kvc_write_link_bridge.
Setting constant 0-bit at position 44 on $auto$ff.cc:337:slice$2966 ($dffe) from module ot_qwen_kvc_write_link_bridge.
Setting constant 0-bit at position 45 on $auto$ff.cc:337:slice$2966 ($dffe) from module ot_qwen_kvc_write_link_bridge.
Setting constant 0-bit at position 46 on $auto$ff.cc:337:slice$2966 ($dffe) from module ot_qwen_kvc_write_link_bridge.
Setting constant 0-bit at position 47 on $auto$ff.cc:337:slice$2966 ($dffe) from module ot_qwen_kvc_write_link_bridge.
Setting constant 0-bit at position 48 on $auto$ff.cc:337:slice$2966 ($dffe) from module ot_qwen_kvc_write_link_bridge.
Setting constant 0-bit at position 49 on $auto$ff.cc:337:slice$2966 ($dffe) from module ot_qwen_kvc_write_link_bridge.
Setting constant 0-bit at position 50 on $auto$ff.cc:337:slice$2966 ($dffe) from module ot_qwen_kvc_write_link_bridge.
Setting constant 0-bit at position 51 on $auto$ff.cc:337:slice$2966 ($dffe) from module ot_qwen_kvc_write_link_bridge.
Setting constant 0-bit at position 52 on $auto$ff.cc:337:slice$2966 ($dffe) from module ot_qwen_kvc_write_link_bridge.
Setting constant 0-bit at position 53 on $auto$ff.cc:337:slice$2966 ($dffe) from module ot_qwen_kvc_write_link_bridge.
Setting constant 0-bit at position 54 on $auto$ff.cc:337:slice$2966 ($dffe) from module ot_qwen_kvc_write_link_bridge.
Setting constant 0-bit at position 55 on $auto$ff.cc:337:slice$2966 ($dffe) from module ot_qwen_kvc_write_link_bridge.
Setting constant 0-bit at position 56 on $auto$ff.cc:337:slice$2966 ($dffe) from module ot_qwen_kvc_write_link_bridge.
Setting constant 0-bit at position 57 on $auto$ff.cc:337:slice$2966 ($dffe) from module ot_qwen_kvc_write_link_bridge.
Setting constant 0-bit at position 58 on $auto$ff.cc:337:slice$2966 ($dffe) from module ot_qwen_kvc_write_link_bridge.
Setting constant 0-bit at position 59 on $auto$ff.cc:337:slice$2966 ($dffe) from module ot_qwen_kvc_write_link_bridge.
Setting constant 0-bit at position 60 on $auto$ff.cc:337:slice$2966 ($dffe) from module ot_qwen_kvc_write_link_bridge.
Setting constant 0-bit at position 61 on $auto$ff.cc:337:slice$2966 ($dffe) from module ot_qwen_kvc_write_link_bridge.
Setting constant 0-bit at position 62 on $auto$ff.cc:337:slice$2966 ($dffe) from module ot_qwen_kvc_write_link_bridge.
Setting constant 0-bit at position 63 on $auto$ff.cc:337:slice$2966 ($dffe) from module ot_qwen_kvc_write_link_bridge.
Setting constant 0-bit at position 64 on $auto$ff.cc:337:slice$2966 ($dffe) from module ot_qwen_kvc_write_link_bridge.
Setting constant 0-bit at position 65 on $auto$ff.cc:337:slice$2966 ($dffe) from module ot_qwen_kvc_write_link_bridge.
Setting constant 0-bit at position 66 on $auto$ff.cc:337:slice$2966 ($dffe) from module ot_qwen_kvc_write_link_bridge.
Setting constant 0-bit at position 67 on $auto$ff.cc:337:slice$2966 ($dffe) from module ot_qwen_kvc_write_link_bridge.
Setting constant 0-bit at position 68 on $auto$ff.cc:337:slice$2966 ($dffe) from module ot_qwen_kvc_write_link_bridge.
Setting constant 0-bit at position 69 on $auto$ff.cc:337:slice$2966 ($dffe) from module ot_qwen_kvc_write_link_bridge.
Setting constant 0-bit at position 70 on $auto$ff.cc:337:slice$2966 ($dffe) from module ot_qwen_kvc_write_link_bridge.
Setting constant 0-bit at position 71 on $auto$ff.cc:337:slice$2966 ($dffe) from module ot_qwen_kvc_write_link_bridge.
Setting constant 0-bit at position 72 on $auto$ff.cc:337:slice$2966 ($dffe) from module ot_qwen_kvc_write_link_bridge.
Setting constant 0-bit at position 73 on $auto$ff.cc:337:slice$2966 ($dffe) from module ot_qwen_kvc_write_link_bridge.
Setting constant 0-bit at position 74 on $auto$ff.cc:337:slice$2966 ($dffe) from module ot_qwen_kvc_write_link_bridge.
Setting constant 0-bit at position 75 on $auto$ff.cc:337:slice$2966 ($dffe) from module ot_qwen_kvc_write_link_bridge.
Setting constant 0-bit at position 76 on $auto$ff.cc:337:slice$2966 ($dffe) from module ot_qwen_kvc_write_link_bridge.
Setting constant 0-bit at position 77 on $auto$ff.cc:337:slice$2966 ($dffe) from module ot_qwen_kvc_write_link_bridge.
Setting constant 0-bit at position 78 on $auto$ff.cc:337:slice$2966 ($dffe) from module ot_qwen_kvc_write_link_bridge.
Setting constant 0-bit at position 79 on $auto$ff.cc:337:slice$2966 ($dffe) from module ot_qwen_kvc_write_link_bridge.
Setting constant 0-bit at position 80 on $auto$ff.cc:337:slice$2966 ($dffe) from module ot_qwen_kvc_write_link_bridge.
Setting constant 0-bit at position 81 on $auto$ff.cc:337:slice$2966 ($dffe) from module ot_qwen_kvc_write_link_bridge.
Setting constant 0-bit at position 82 on $auto$ff.cc:337:slice$2966 ($dffe) from module ot_qwen_kvc_write_link_bridge.
Setting constant 0-bit at position 83 on $auto$ff.cc:337:slice$2966 ($dffe) from module ot_qwen_kvc_write_link_bridge.
Setting constant 0-bit at position 84 on $auto$ff.cc:337:slice$2966 ($dffe) from module ot_qwen_kvc_write_link_bridge.
Setting constant 0-bit at position 85 on $auto$ff.cc:337:slice$2966 ($dffe) from module ot_qwen_kvc_write_link_bridge.
Setting constant 0-bit at position 86 on $auto$ff.cc:337:slice$2966 ($dffe) from module ot_qwen_kvc_write_link_bridge.
Setting constant 0-bit at position 87 on $auto$ff.cc:337:slice$2966 ($dffe) from module ot_qwen_kvc_write_link_bridge.
Setting constant 0-bit at position 88 on $auto$ff.cc:337:slice$2966 ($dffe) from module ot_qwen_kvc_write_link_bridge.
Setting constant 0-bit at position 89 on $auto$ff.cc:337:slice$2966 ($dffe) from module ot_qwen_kvc_write_link_bridge.
Setting constant 0-bit at position 90 on $auto$ff.cc:337:slice$2966 ($dffe) from module ot_qwen_kvc_write_link_bridge.
Setting constant 0-bit at position 91 on $auto$ff.cc:337:slice$2966 ($dffe) from module ot_qwen_kvc_write_link_bridge.
Setting constant 0-bit at position 92 on $auto$ff.cc:337:slice$2966 ($dffe) from module ot_qwen_kvc_write_link_bridge.
Setting constant 0-bit at position 93 on $auto$ff.cc:337:slice$2966 ($dffe) from module ot_qwen_kvc_write_link_bridge.
Setting constant 0-bit at position 94 on $auto$ff.cc:337:slice$2966 ($dffe) from module ot_qwen_kvc_write_link_bridge.
Setting constant 0-bit at position 95 on $auto$ff.cc:337:slice$2966 ($dffe) from module ot_qwen_kvc_write_link_bridge.
Setting constant 0-bit at position 96 on $auto$ff.cc:337:slice$2966 ($dffe) from module ot_qwen_kvc_write_link_bridge.
Setting constant 0-bit at position 97 on $auto$ff.cc:337:slice$2966 ($dffe) from module ot_qwen_kvc_write_link_bridge.
Setting constant 0-bit at position 98 on $auto$ff.cc:337:slice$2966 ($dffe) from module ot_qwen_kvc_write_link_bridge.
Setting constant 0-bit at position 99 on $auto$ff.cc:337:slice$2966 ($dffe) from module ot_qwen_kvc_write_link_bridge.
Setting constant 0-bit at position 100 on $auto$ff.cc:337:slice$2966 ($dffe) from module ot_qwen_kvc_write_link_bridge.
Setting constant 0-bit at position 101 on $auto$ff.cc:337:slice$2966 ($dffe) from module ot_qwen_kvc_write_link_bridge.
Setting constant 0-bit at position 102 on $auto$ff.cc:337:slice$2966 ($dffe) from module ot_qwen_kvc_write_link_bridge.
Setting constant 0-bit at position 103 on $auto$ff.cc:337:slice$2966 ($dffe) from module ot_qwen_kvc_write_link_bridge.
Setting constant 0-bit at position 104 on $auto$ff.cc:337:slice$2966 ($dffe) from module ot_qwen_kvc_write_link_bridge.
Setting constant 0-bit at position 105 on $auto$ff.cc:337:slice$2966 ($dffe) from module ot_qwen_kvc_write_link_bridge.
Setting constant 0-bit at position 106 on $auto$ff.cc:337:slice$2966 ($dffe) from module ot_qwen_kvc_write_link_bridge.
Setting constant 0-bit at position 107 on $auto$ff.cc:337:slice$2966 ($dffe) from module ot_qwen_kvc_write_link_bridge.
Setting constant 0-bit at position 108 on $auto$ff.cc:337:slice$2966 ($dffe) from module ot_qwen_kvc_write_link_bridge.
Setting constant 0-bit at position 109 on $auto$ff.cc:337:slice$2966 ($dffe) from module ot_qwen_kvc_write_link_bridge.
Setting constant 0-bit at position 110 on $auto$ff.cc:337:slice$2966 ($dffe) from module ot_qwen_kvc_write_link_bridge.
Setting constant 0-bit at position 111 on $auto$ff.cc:337:slice$2966 ($dffe) from module ot_qwen_kvc_write_link_bridge.
Setting constant 0-bit at position 112 on $auto$ff.cc:337:slice$2966 ($dffe) from module ot_qwen_kvc_write_link_bridge.
Setting constant 0-bit at position 113 on $auto$ff.cc:337:slice$2966 ($dffe) from module ot_qwen_kvc_write_link_bridge.
Setting constant 0-bit at position 114 on $auto$ff.cc:337:slice$2966 ($dffe) from module ot_qwen_kvc_write_link_bridge.
Setting constant 0-bit at position 115 on $auto$ff.cc:337:slice$2966 ($dffe) from module ot_qwen_kvc_write_link_bridge.
Setting constant 0-bit at position 116 on $auto$ff.cc:337:slice$2966 ($dffe) from module ot_qwen_kvc_write_link_bridge.
Setting constant 0-bit at position 117 on $auto$ff.cc:337:slice$2966 ($dffe) from module ot_qwen_kvc_write_link_bridge.
Setting constant 0-bit at position 118 on $auto$ff.cc:337:slice$2966 ($dffe) from module ot_qwen_kvc_write_link_bridge.
Setting constant 0-bit at position 119 on $auto$ff.cc:337:slice$2966 ($dffe) from module ot_qwen_kvc_write_link_bridge.
Setting constant 0-bit at position 120 on $auto$ff.cc:337:slice$2966 ($dffe) from module ot_qwen_kvc_write_link_bridge.
Setting constant 0-bit at position 121 on $auto$ff.cc:337:slice$2966 ($dffe) from module ot_qwen_kvc_write_link_bridge.
Setting constant 0-bit at position 122 on $auto$ff.cc:337:slice$2966 ($dffe) from module ot_qwen_kvc_write_link_bridge.
Setting constant 0-bit at position 123 on $auto$ff.cc:337:slice$2966 ($dffe) from module ot_qwen_kvc_write_link_bridge.
Setting constant 0-bit at position 124 on $auto$ff.cc:337:slice$2966 ($dffe) from module ot_qwen_kvc_write_link_bridge.
Setting constant 0-bit at position 125 on $auto$ff.cc:337:slice$2966 ($dffe) from module ot_qwen_kvc_write_link_bridge.
Setting constant 0-bit at position 126 on $auto$ff.cc:337:slice$2966 ($dffe) from module ot_qwen_kvc_write_link_bridge.
Setting constant 0-bit at position 127 on $auto$ff.cc:337:slice$2966 ($dffe) from module ot_qwen_kvc_write_link_bridge.
Setting constant 0-bit at position 128 on $auto$ff.cc:337:slice$2966 ($dffe) from module ot_qwen_kvc_write_link_bridge.
Setting constant 0-bit at position 129 on $auto$ff.cc:337:slice$2966 ($dffe) from module ot_qwen_kvc_write_link_bridge.
Setting constant 0-bit at position 130 on $auto$ff.cc:337:slice$2966 ($dffe) from module ot_qwen_kvc_write_link_bridge.
Setting constant 0-bit at position 131 on $auto$ff.cc:337:slice$2966 ($dffe) from module ot_qwen_kvc_write_link_bridge.
Setting constant 0-bit at position 132 on $auto$ff.cc:337:slice$2966 ($dffe) from module ot_qwen_kvc_write_link_bridge.
Setting constant 0-bit at position 133 on $auto$ff.cc:337:slice$2966 ($dffe) from module ot_qwen_kvc_write_link_bridge.
Setting constant 0-bit at position 134 on $auto$ff.cc:337:slice$2966 ($dffe) from module ot_qwen_kvc_write_link_bridge.
Setting constant 0-bit at position 135 on $auto$ff.cc:337:slice$2966 ($dffe) from module ot_qwen_kvc_write_link_bridge.
Setting constant 0-bit at position 136 on $auto$ff.cc:337:slice$2966 ($dffe) from module ot_qwen_kvc_write_link_bridge.
Setting constant 0-bit at position 137 on $auto$ff.cc:337:slice$2966 ($dffe) from module ot_qwen_kvc_write_link_bridge.
Setting constant 0-bit at position 138 on $auto$ff.cc:337:slice$2966 ($dffe) from module ot_qwen_kvc_write_link_bridge.
Setting constant 0-bit at position 139 on $auto$ff.cc:337:slice$2966 ($dffe) from module ot_qwen_kvc_write_link_bridge.
Setting constant 0-bit at position 140 on $auto$ff.cc:337:slice$2966 ($dffe) from module ot_qwen_kvc_write_link_bridge.
Setting constant 0-bit at position 141 on $auto$ff.cc:337:slice$2966 ($dffe) from module ot_qwen_kvc_write_link_bridge.
Setting constant 0-bit at position 142 on $auto$ff.cc:337:slice$2966 ($dffe) from module ot_qwen_kvc_write_link_bridge.
Setting constant 0-bit at position 143 on $auto$ff.cc:337:slice$2966 ($dffe) from module ot_qwen_kvc_write_link_bridge.
Setting constant 0-bit at position 144 on $auto$ff.cc:337:slice$2966 ($dffe) from module ot_qwen_kvc_write_link_bridge.
Setting constant 0-bit at position 145 on $auto$ff.cc:337:slice$2966 ($dffe) from module ot_qwen_kvc_write_link_bridge.
Setting constant 0-bit at position 146 on $auto$ff.cc:337:slice$2966 ($dffe) from module ot_qwen_kvc_write_link_bridge.
Setting constant 0-bit at position 147 on $auto$ff.cc:337:slice$2966 ($dffe) from module ot_qwen_kvc_write_link_bridge.
Setting constant 0-bit at position 148 on $auto$ff.cc:337:slice$2966 ($dffe) from module ot_qwen_kvc_write_link_bridge.
Setting constant 0-bit at position 149 on $auto$ff.cc:337:slice$2966 ($dffe) from module ot_qwen_kvc_write_link_bridge.
Setting constant 0-bit at position 150 on $auto$ff.cc:337:slice$2966 ($dffe) from module ot_qwen_kvc_write_link_bridge.
Setting constant 0-bit at position 151 on $auto$ff.cc:337:slice$2966 ($dffe) from module ot_qwen_kvc_write_link_bridge.
Setting constant 0-bit at position 152 on $auto$ff.cc:337:slice$2966 ($dffe) from module ot_qwen_kvc_write_link_bridge.
Setting constant 0-bit at position 153 on $auto$ff.cc:337:slice$2966 ($dffe) from module ot_qwen_kvc_write_link_bridge.
Setting constant 0-bit at position 154 on $auto$ff.cc:337:slice$2966 ($dffe) from module ot_qwen_kvc_write_link_bridge.
Setting constant 0-bit at position 155 on $auto$ff.cc:337:slice$2966 ($dffe) from module ot_qwen_kvc_write_link_bridge.
Setting constant 0-bit at position 156 on $auto$ff.cc:337:slice$2966 ($dffe) from module ot_qwen_kvc_write_link_bridge.
Setting constant 0-bit at position 157 on $auto$ff.cc:337:slice$2966 ($dffe) from module ot_qwen_kvc_write_link_bridge.
Setting constant 0-bit at position 158 on $auto$ff.cc:337:slice$2966 ($dffe) from module ot_qwen_kvc_write_link_bridge.
Setting constant 0-bit at position 159 on $auto$ff.cc:337:slice$2966 ($dffe) from module ot_qwen_kvc_write_link_bridge.
Setting constant 0-bit at position 160 on $auto$ff.cc:337:slice$2966 ($dffe) from module ot_qwen_kvc_write_link_bridge.
Setting constant 0-bit at position 161 on $auto$ff.cc:337:slice$2966 ($dffe) from module ot_qwen_kvc_write_link_bridge.
Setting constant 0-bit at position 162 on $auto$ff.cc:337:slice$2966 ($dffe) from module ot_qwen_kvc_write_link_bridge.
Setting constant 0-bit at position 163 on $auto$ff.cc:337:slice$2966 ($dffe) from module ot_qwen_kvc_write_link_bridge.
Setting constant 0-bit at position 164 on $auto$ff.cc:337:slice$2966 ($dffe) from module ot_qwen_kvc_write_link_bridge.
Setting constant 0-bit at position 165 on $auto$ff.cc:337:slice$2966 ($dffe) from module ot_qwen_kvc_write_link_bridge.
Setting constant 0-bit at position 166 on $auto$ff.cc:337:slice$2966 ($dffe) from module ot_qwen_kvc_write_link_bridge.
Setting constant 0-bit at position 167 on $auto$ff.cc:337:slice$2966 ($dffe) from module ot_qwen_kvc_write_link_bridge.
Setting constant 0-bit at position 168 on $auto$ff.cc:337:slice$2966 ($dffe) from module ot_qwen_kvc_write_link_bridge.
Setting constant 0-bit at position 169 on $auto$ff.cc:337:slice$2966 ($dffe) from module ot_qwen_kvc_write_link_bridge.
Setting constant 0-bit at position 170 on $auto$ff.cc:337:slice$2966 ($dffe) from module ot_qwen_kvc_write_link_bridge.
Setting constant 0-bit at position 171 on $auto$ff.cc:337:slice$2966 ($dffe) from module ot_qwen_kvc_write_link_bridge.
Setting constant 0-bit at position 172 on $auto$ff.cc:337:slice$2966 ($dffe) from module ot_qwen_kvc_write_link_bridge.
Setting constant 0-bit at position 173 on $auto$ff.cc:337:slice$2966 ($dffe) from module ot_qwen_kvc_write_link_bridge.
Setting constant 0-bit at position 174 on $auto$ff.cc:337:slice$2966 ($dffe) from module ot_qwen_kvc_write_link_bridge.
Setting constant 0-bit at position 175 on $auto$ff.cc:337:slice$2966 ($dffe) from module ot_qwen_kvc_write_link_bridge.
Setting constant 0-bit at position 176 on $auto$ff.cc:337:slice$2966 ($dffe) from module ot_qwen_kvc_write_link_bridge.
Setting constant 0-bit at position 177 on $auto$ff.cc:337:slice$2966 ($dffe) from module ot_qwen_kvc_write_link_bridge.
Setting constant 0-bit at position 178 on $auto$ff.cc:337:slice$2966 ($dffe) from module ot_qwen_kvc_write_link_bridge.
Setting constant 0-bit at position 179 on $auto$ff.cc:337:slice$2966 ($dffe) from module ot_qwen_kvc_write_link_bridge.
Setting constant 0-bit at position 180 on $auto$ff.cc:337:slice$2966 ($dffe) from module ot_qwen_kvc_write_link_bridge.
Setting constant 0-bit at position 181 on $auto$ff.cc:337:slice$2966 ($dffe) from module ot_qwen_kvc_write_link_bridge.
Setting constant 0-bit at position 487 on $auto$ff.cc:337:slice$2966 ($dffe) from module ot_qwen_kvc_write_link_bridge.
Setting constant 0-bit at position 488 on $auto$ff.cc:337:slice$2966 ($dffe) from module ot_qwen_kvc_write_link_bridge.
Setting constant 0-bit at position 489 on $auto$ff.cc:337:slice$2966 ($dffe) from module ot_qwen_kvc_write_link_bridge.
Setting constant 0-bit at position 490 on $auto$ff.cc:337:slice$2966 ($dffe) from module ot_qwen_kvc_write_link_bridge.
Setting constant 0-bit at position 491 on $auto$ff.cc:337:slice$2966 ($dffe) from module ot_qwen_kvc_write_link_bridge.
Setting constant 0-bit at position 492 on $auto$ff.cc:337:slice$2966 ($dffe) from module ot_qwen_kvc_write_link_bridge.
Setting constant 0-bit at position 493 on $auto$ff.cc:337:slice$2966 ($dffe) from module ot_qwen_kvc_write_link_bridge.
Setting constant 1-bit at position 502 on $auto$ff.cc:337:slice$2966 ($dffe) from module ot_qwen_kvc_write_link_bridge.
Setting constant 0-bit at position 503 on $auto$ff.cc:337:slice$2966 ($dffe) from module ot_qwen_kvc_write_link_bridge.
Setting constant 0-bit at position 504 on $auto$ff.cc:337:slice$2966 ($dffe) from module ot_qwen_kvc_write_link_bridge.
Setting constant 0-bit at position 505 on $auto$ff.cc:337:slice$2966 ($dffe) from module ot_qwen_kvc_write_link_bridge.
Setting constant 1-bit at position 506 on $auto$ff.cc:337:slice$2966 ($dffe) from module ot_qwen_kvc_write_link_bridge.
Setting constant 0-bit at position 507 on $auto$ff.cc:337:slice$2966 ($dffe) from module ot_qwen_kvc_write_link_bridge.
Setting constant 0-bit at position 508 on $auto$ff.cc:337:slice$2966 ($dffe) from module ot_qwen_kvc_write_link_bridge.
Setting constant 0-bit at position 509 on $auto$ff.cc:337:slice$2966 ($dffe) from module ot_qwen_kvc_write_link_bridge.
Setting constant 0-bit at position 32 on $auto$ff.cc:337:slice$2919 ($dffe) from module ot_qwen_kvc_write_link_bridge.
Setting constant 0-bit at position 33 on $auto$ff.cc:337:slice$2919 ($dffe) from module ot_qwen_kvc_write_link_bridge.
Setting constant 0-bit at position 34 on $auto$ff.cc:337:slice$2919 ($dffe) from module ot_qwen_kvc_write_link_bridge.
Setting constant 0-bit at position 35 on $auto$ff.cc:337:slice$2919 ($dffe) from module ot_qwen_kvc_write_link_bridge.
Setting constant 0-bit at position 36 on $auto$ff.cc:337:slice$2919 ($dffe) from module ot_qwen_kvc_write_link_bridge.
Setting constant 0-bit at position 37 on $auto$ff.cc:337:slice$2919 ($dffe) from module ot_qwen_kvc_write_link_bridge.
Setting constant 0-bit at position 38 on $auto$ff.cc:337:slice$2919 ($dffe) from module ot_qwen_kvc_write_link_bridge.
Setting constant 0-bit at position 39 on $auto$ff.cc:337:slice$2919 ($dffe) from module ot_qwen_kvc_write_link_bridge.
Setting constant 0-bit at position 40 on $auto$ff.cc:337:slice$2919 ($dffe) from module ot_qwen_kvc_write_link_bridge.
Setting constant 0-bit at position 41 on $auto$ff.cc:337:slice$2919 ($dffe) from module ot_qwen_kvc_write_link_bridge.
Setting constant 0-bit at position 42 on $auto$ff.cc:337:slice$2919 ($dffe) from module ot_qwen_kvc_write_link_bridge.
Setting constant 0-bit at position 43 on $auto$ff.cc:337:slice$2919 ($dffe) from module ot_qwen_kvc_write_link_bridge.
Setting constant 0-bit at position 44 on $auto$ff.cc:337:slice$2919 ($dffe) from module ot_qwen_kvc_write_link_bridge.
Setting constant 0-bit at position 45 on $auto$ff.cc:337:slice$2919 ($dffe) from module ot_qwen_kvc_write_link_bridge.
Setting constant 0-bit at position 46 on $auto$ff.cc:337:slice$2919 ($dffe) from module ot_qwen_kvc_write_link_bridge.
Setting constant 0-bit at position 47 on $auto$ff.cc:337:slice$2919 ($dffe) from module ot_qwen_kvc_write_link_bridge.
Setting constant 0-bit at position 48 on $auto$ff.cc:337:slice$2919 ($dffe) from module ot_qwen_kvc_write_link_bridge.
Setting constant 0-bit at position 49 on $auto$ff.cc:337:slice$2919 ($dffe) from module ot_qwen_kvc_write_link_bridge.
Setting constant 0-bit at position 50 on $auto$ff.cc:337:slice$2919 ($dffe) from module ot_qwen_kvc_write_link_bridge.
Setting constant 0-bit at position 51 on $auto$ff.cc:337:slice$2919 ($dffe) from module ot_qwen_kvc_write_link_bridge.
Setting constant 0-bit at position 52 on $auto$ff.cc:337:slice$2919 ($dffe) from module ot_qwen_kvc_write_link_bridge.
Setting constant 0-bit at position 53 on $auto$ff.cc:337:slice$2919 ($dffe) from module ot_qwen_kvc_write_link_bridge.
Setting constant 0-bit at position 54 on $auto$ff.cc:337:slice$2919 ($dffe) from module ot_qwen_kvc_write_link_bridge.
Setting constant 0-bit at position 55 on $auto$ff.cc:337:slice$2919 ($dffe) from module ot_qwen_kvc_write_link_bridge.
Setting constant 0-bit at position 56 on $auto$ff.cc:337:slice$2919 ($dffe) from module ot_qwen_kvc_write_link_bridge.
Setting constant 0-bit at position 57 on $auto$ff.cc:337:slice$2919 ($dffe) from module ot_qwen_kvc_write_link_bridge.
Setting constant 0-bit at position 58 on $auto$ff.cc:337:slice$2919 ($dffe) from module ot_qwen_kvc_write_link_bridge.
Setting constant 0-bit at position 59 on $auto$ff.cc:337:slice$2919 ($dffe) from module ot_qwen_kvc_write_link_bridge.
Setting constant 0-bit at position 60 on $auto$ff.cc:337:slice$2919 ($dffe) from module ot_qwen_kvc_write_link_bridge.
Setting constant 0-bit at position 61 on $auto$ff.cc:337:slice$2919 ($dffe) from module ot_qwen_kvc_write_link_bridge.
Setting constant 0-bit at position 62 on $auto$ff.cc:337:slice$2919 ($dffe) from module ot_qwen_kvc_write_link_bridge.
Setting constant 0-bit at position 63 on $auto$ff.cc:337:slice$2919 ($dffe) from module ot_qwen_kvc_write_link_bridge.
Setting constant 0-bit at position 64 on $auto$ff.cc:337:slice$2919 ($dffe) from module ot_qwen_kvc_write_link_bridge.
Setting constant 0-bit at position 65 on $auto$ff.cc:337:slice$2919 ($dffe) from module ot_qwen_kvc_write_link_bridge.
Setting constant 0-bit at position 66 on $auto$ff.cc:337:slice$2919 ($dffe) from module ot_qwen_kvc_write_link_bridge.
Setting constant 0-bit at position 67 on $auto$ff.cc:337:slice$2919 ($dffe) from module ot_qwen_kvc_write_link_bridge.
Setting constant 0-bit at position 68 on $auto$ff.cc:337:slice$2919 ($dffe) from module ot_qwen_kvc_write_link_bridge.
Setting constant 0-bit at position 69 on $auto$ff.cc:337:slice$2919 ($dffe) from module ot_qwen_kvc_write_link_bridge.
Setting constant 0-bit at position 70 on $auto$ff.cc:337:slice$2919 ($dffe) from module ot_qwen_kvc_write_link_bridge.
Setting constant 0-bit at position 71 on $auto$ff.cc:337:slice$2919 ($dffe) from module ot_qwen_kvc_write_link_bridge.
Setting constant 0-bit at position 72 on $auto$ff.cc:337:slice$2919 ($dffe) from module ot_qwen_kvc_write_link_bridge.
Setting constant 0-bit at position 73 on $auto$ff.cc:337:slice$2919 ($dffe) from module ot_qwen_kvc_write_link_bridge.
Setting constant 0-bit at position 74 on $auto$ff.cc:337:slice$2919 ($dffe) from module ot_qwen_kvc_write_link_bridge.
Setting constant 0-bit at position 75 on $auto$ff.cc:337:slice$2919 ($dffe) from module ot_qwen_kvc_write_link_bridge.
Setting constant 0-bit at position 76 on $auto$ff.cc:337:slice$2919 ($dffe) from module ot_qwen_kvc_write_link_bridge.
Setting constant 0-bit at position 77 on $auto$ff.cc:337:slice$2919 ($dffe) from module ot_qwen_kvc_write_link_bridge.
Setting constant 0-bit at position 78 on $auto$ff.cc:337:slice$2919 ($dffe) from module ot_qwen_kvc_write_link_bridge.
Setting constant 0-bit at position 79 on $auto$ff.cc:337:slice$2919 ($dffe) from module ot_qwen_kvc_write_link_bridge.
Setting constant 0-bit at position 80 on $auto$ff.cc:337:slice$2919 ($dffe) from module ot_qwen_kvc_write_link_bridge.
Setting constant 0-bit at position 81 on $auto$ff.cc:337:slice$2919 ($dffe) from module ot_qwen_kvc_write_link_bridge.
Setting constant 0-bit at position 82 on $auto$ff.cc:337:slice$2919 ($dffe) from module ot_qwen_kvc_write_link_bridge.
Setting constant 0-bit at position 83 on $auto$ff.cc:337:slice$2919 ($dffe) from module ot_qwen_kvc_write_link_bridge.
Setting constant 0-bit at position 84 on $auto$ff.cc:337:slice$2919 ($dffe) from module ot_qwen_kvc_write_link_bridge.
Setting constant 0-bit at position 85 on $auto$ff.cc:337:slice$2919 ($dffe) from module ot_qwen_kvc_write_link_bridge.
Setting constant 0-bit at position 86 on $auto$ff.cc:337:slice$2919 ($dffe) from module ot_qwen_kvc_write_link_bridge.
Setting constant 0-bit at position 87 on $auto$ff.cc:337:slice$2919 ($dffe) from module ot_qwen_kvc_write_link_bridge.
Setting constant 0-bit at position 88 on $auto$ff.cc:337:slice$2919 ($dffe) from module ot_qwen_kvc_write_link_bridge.
Setting constant 0-bit at position 89 on $auto$ff.cc:337:slice$2919 ($dffe) from module ot_qwen_kvc_write_link_bridge.
Setting constant 0-bit at position 90 on $auto$ff.cc:337:slice$2919 ($dffe) from module ot_qwen_kvc_write_link_bridge.
Setting constant 0-bit at position 91 on $auto$ff.cc:337:slice$2919 ($dffe) from module ot_qwen_kvc_write_link_bridge.
Setting constant 0-bit at position 92 on $auto$ff.cc:337:slice$2919 ($dffe) from module ot_qwen_kvc_write_link_bridge.
Setting constant 0-bit at position 93 on $auto$ff.cc:337:slice$2919 ($dffe) from module ot_qwen_kvc_write_link_bridge.
Setting constant 0-bit at position 94 on $auto$ff.cc:337:slice$2919 ($dffe) from module ot_qwen_kvc_write_link_bridge.
Setting constant 0-bit at position 95 on $auto$ff.cc:337:slice$2919 ($dffe) from module ot_qwen_kvc_write_link_bridge.
Setting constant 0-bit at position 96 on $auto$ff.cc:337:slice$2919 ($dffe) from module ot_qwen_kvc_write_link_bridge.
Setting constant 0-bit at position 97 on $auto$ff.cc:337:slice$2919 ($dffe) from module ot_qwen_kvc_write_link_bridge.
Setting constant 0-bit at position 98 on $auto$ff.cc:337:slice$2919 ($dffe) from module ot_qwen_kvc_write_link_bridge.
Setting constant 0-bit at position 99 on $auto$ff.cc:337:slice$2919 ($dffe) from module ot_qwen_kvc_write_link_bridge.
Setting constant 0-bit at position 100 on $auto$ff.cc:337:slice$2919 ($dffe) from module ot_qwen_kvc_write_link_bridge.
Setting constant 0-bit at position 101 on $auto$ff.cc:337:slice$2919 ($dffe) from module ot_qwen_kvc_write_link_bridge.
Setting constant 0-bit at position 102 on $auto$ff.cc:337:slice$2919 ($dffe) from module ot_qwen_kvc_write_link_bridge.
Setting constant 0-bit at position 103 on $auto$ff.cc:337:slice$2919 ($dffe) from module ot_qwen_kvc_write_link_bridge.
Setting constant 0-bit at position 104 on $auto$ff.cc:337:slice$2919 ($dffe) from module ot_qwen_kvc_write_link_bridge.
Setting constant 0-bit at position 105 on $auto$ff.cc:337:slice$2919 ($dffe) from module ot_qwen_kvc_write_link_bridge.
Setting constant 0-bit at position 106 on $auto$ff.cc:337:slice$2919 ($dffe) from module ot_qwen_kvc_write_link_bridge.
Setting constant 0-bit at position 107 on $auto$ff.cc:337:slice$2919 ($dffe) from module ot_qwen_kvc_write_link_bridge.
Setting constant 0-bit at position 108 on $auto$ff.cc:337:slice$2919 ($dffe) from module ot_qwen_kvc_write_link_bridge.
Setting constant 0-bit at position 109 on $auto$ff.cc:337:slice$2919 ($dffe) from module ot_qwen_kvc_write_link_bridge.
Setting constant 0-bit at position 110 on $auto$ff.cc:337:slice$2919 ($dffe) from module ot_qwen_kvc_write_link_bridge.
Setting constant 0-bit at position 111 on $auto$ff.cc:337:slice$2919 ($dffe) from module ot_qwen_kvc_write_link_bridge.
Setting constant 0-bit at position 112 on $auto$ff.cc:337:slice$2919 ($dffe) from module ot_qwen_kvc_write_link_bridge.
Setting constant 0-bit at position 113 on $auto$ff.cc:337:slice$2919 ($dffe) from module ot_qwen_kvc_write_link_bridge.
Setting constant 0-bit at position 114 on $auto$ff.cc:337:slice$2919 ($dffe) from module ot_qwen_kvc_write_link_bridge.
Setting constant 0-bit at position 115 on $auto$ff.cc:337:slice$2919 ($dffe) from module ot_qwen_kvc_write_link_bridge.
Setting constant 0-bit at position 116 on $auto$ff.cc:337:slice$2919 ($dffe) from module ot_qwen_kvc_write_link_bridge.
Setting constant 0-bit at position 117 on $auto$ff.cc:337:slice$2919 ($dffe) from module ot_qwen_kvc_write_link_bridge.
Setting constant 0-bit at position 118 on $auto$ff.cc:337:slice$2919 ($dffe) from module ot_qwen_kvc_write_link_bridge.
Setting constant 0-bit at position 119 on $auto$ff.cc:337:slice$2919 ($dffe) from module ot_qwen_kvc_write_link_bridge.
Setting constant 0-bit at position 120 on $auto$ff.cc:337:slice$2919 ($dffe) from module ot_qwen_kvc_write_link_bridge.
Setting constant 0-bit at position 121 on $auto$ff.cc:337:slice$2919 ($dffe) from module ot_qwen_kvc_write_link_bridge.
Setting constant 0-bit at position 122 on $auto$ff.cc:337:slice$2919 ($dffe) from module ot_qwen_kvc_write_link_bridge.
Setting constant 0-bit at position 123 on $auto$ff.cc:337:slice$2919 ($dffe) from module ot_qwen_kvc_write_link_bridge.
Setting constant 0-bit at position 124 on $auto$ff.cc:337:slice$2919 ($dffe) from module ot_qwen_kvc_write_link_bridge.
Setting constant 0-bit at position 125 on $auto$ff.cc:337:slice$2919 ($dffe) from module ot_qwen_kvc_write_link_bridge.
Setting constant 0-bit at position 126 on $auto$ff.cc:337:slice$2919 ($dffe) from module ot_qwen_kvc_write_link_bridge.
Setting constant 0-bit at position 127 on $auto$ff.cc:337:slice$2919 ($dffe) from module ot_qwen_kvc_write_link_bridge.
Setting constant 0-bit at position 128 on $auto$ff.cc:337:slice$2919 ($dffe) from module ot_qwen_kvc_write_link_bridge.
Setting constant 0-bit at position 129 on $auto$ff.cc:337:slice$2919 ($dffe) from module ot_qwen_kvc_write_link_bridge.
Setting constant 0-bit at position 130 on $auto$ff.cc:337:slice$2919 ($dffe) from module ot_qwen_kvc_write_link_bridge.
Setting constant 0-bit at position 131 on $auto$ff.cc:337:slice$2919 ($dffe) from module ot_qwen_kvc_write_link_bridge.
Setting constant 0-bit at position 132 on $auto$ff.cc:337:slice$2919 ($dffe) from module ot_qwen_kvc_write_link_bridge.
Setting constant 0-bit at position 133 on $auto$ff.cc:337:slice$2919 ($dffe) from module ot_qwen_kvc_write_link_bridge.
Setting constant 0-bit at position 134 on $auto$ff.cc:337:slice$2919 ($dffe) from module ot_qwen_kvc_write_link_bridge.
Setting constant 0-bit at position 135 on $auto$ff.cc:337:slice$2919 ($dffe) from module ot_qwen_kvc_write_link_bridge.
Setting constant 0-bit at position 136 on $auto$ff.cc:337:slice$2919 ($dffe) from module ot_qwen_kvc_write_link_bridge.
Setting constant 0-bit at position 137 on $auto$ff.cc:337:slice$2919 ($dffe) from module ot_qwen_kvc_write_link_bridge.
Setting constant 0-bit at position 138 on $auto$ff.cc:337:slice$2919 ($dffe) from module ot_qwen_kvc_write_link_bridge.
Setting constant 0-bit at position 139 on $auto$ff.cc:337:slice$2919 ($dffe) from module ot_qwen_kvc_write_link_bridge.
Setting constant 0-bit at position 140 on $auto$ff.cc:337:slice$2919 ($dffe) from module ot_qwen_kvc_write_link_bridge.
Setting constant 0-bit at position 141 on $auto$ff.cc:337:slice$2919 ($dffe) from module ot_qwen_kvc_write_link_bridge.
Setting constant 0-bit at position 142 on $auto$ff.cc:337:slice$2919 ($dffe) from module ot_qwen_kvc_write_link_bridge.
Setting constant 0-bit at position 143 on $auto$ff.cc:337:slice$2919 ($dffe) from module ot_qwen_kvc_write_link_bridge.
Setting constant 0-bit at position 144 on $auto$ff.cc:337:slice$2919 ($dffe) from module ot_qwen_kvc_write_link_bridge.
Setting constant 0-bit at position 145 on $auto$ff.cc:337:slice$2919 ($dffe) from module ot_qwen_kvc_write_link_bridge.
Setting constant 0-bit at position 146 on $auto$ff.cc:337:slice$2919 ($dffe) from module ot_qwen_kvc_write_link_bridge.
Setting constant 0-bit at position 147 on $auto$ff.cc:337:slice$2919 ($dffe) from module ot_qwen_kvc_write_link_bridge.
Setting constant 0-bit at position 148 on $auto$ff.cc:337:slice$2919 ($dffe) from module ot_qwen_kvc_write_link_bridge.
Setting constant 0-bit at position 149 on $auto$ff.cc:337:slice$2919 ($dffe) from module ot_qwen_kvc_write_link_bridge.
Setting constant 0-bit at position 150 on $auto$ff.cc:337:slice$2919 ($dffe) from module ot_qwen_kvc_write_link_bridge.
Setting constant 0-bit at position 151 on $auto$ff.cc:337:slice$2919 ($dffe) from module ot_qwen_kvc_write_link_bridge.
Setting constant 0-bit at position 152 on $auto$ff.cc:337:slice$2919 ($dffe) from module ot_qwen_kvc_write_link_bridge.
Setting constant 0-bit at position 153 on $auto$ff.cc:337:slice$2919 ($dffe) from module ot_qwen_kvc_write_link_bridge.
Setting constant 0-bit at position 154 on $auto$ff.cc:337:slice$2919 ($dffe) from module ot_qwen_kvc_write_link_bridge.
Setting constant 0-bit at position 155 on $auto$ff.cc:337:slice$2919 ($dffe) from module ot_qwen_kvc_write_link_bridge.
Setting constant 0-bit at position 156 on $auto$ff.cc:337:slice$2919 ($dffe) from module ot_qwen_kvc_write_link_bridge.
Setting constant 0-bit at position 157 on $auto$ff.cc:337:slice$2919 ($dffe) from module ot_qwen_kvc_write_link_bridge.
Setting constant 0-bit at position 158 on $auto$ff.cc:337:slice$2919 ($dffe) from module ot_qwen_kvc_write_link_bridge.
Setting constant 0-bit at position 159 on $auto$ff.cc:337:slice$2919 ($dffe) from module ot_qwen_kvc_write_link_bridge.
Setting constant 0-bit at position 160 on $auto$ff.cc:337:slice$2919 ($dffe) from module ot_qwen_kvc_write_link_bridge.
Setting constant 0-bit at position 161 on $auto$ff.cc:337:slice$2919 ($dffe) from module ot_qwen_kvc_write_link_bridge.
Setting constant 0-bit at position 162 on $auto$ff.cc:337:slice$2919 ($dffe) from module ot_qwen_kvc_write_link_bridge.
Setting constant 0-bit at position 163 on $auto$ff.cc:337:slice$2919 ($dffe) from module ot_qwen_kvc_write_link_bridge.
Setting constant 0-bit at position 164 on $auto$ff.cc:337:slice$2919 ($dffe) from module ot_qwen_kvc_write_link_bridge.
Setting constant 0-bit at position 165 on $auto$ff.cc:337:slice$2919 ($dffe) from module ot_qwen_kvc_write_link_bridge.
Setting constant 0-bit at position 166 on $auto$ff.cc:337:slice$2919 ($dffe) from module ot_qwen_kvc_write_link_bridge.
Setting constant 0-bit at position 167 on $auto$ff.cc:337:slice$2919 ($dffe) from module ot_qwen_kvc_write_link_bridge.
Setting constant 0-bit at position 168 on $auto$ff.cc:337:slice$2919 ($dffe) from module ot_qwen_kvc_write_link_bridge.
Setting constant 0-bit at position 169 on $auto$ff.cc:337:slice$2919 ($dffe) from module ot_qwen_kvc_write_link_bridge.
Setting constant 0-bit at position 170 on $auto$ff.cc:337:slice$2919 ($dffe) from module ot_qwen_kvc_write_link_bridge.
Setting constant 0-bit at position 171 on $auto$ff.cc:337:slice$2919 ($dffe) from module ot_qwen_kvc_write_link_bridge.
Setting constant 0-bit at position 172 on $auto$ff.cc:337:slice$2919 ($dffe) from module ot_qwen_kvc_write_link_bridge.
Setting constant 0-bit at position 173 on $auto$ff.cc:337:slice$2919 ($dffe) from module ot_qwen_kvc_write_link_bridge.
Setting constant 0-bit at position 174 on $auto$ff.cc:337:slice$2919 ($dffe) from module ot_qwen_kvc_write_link_bridge.
Setting constant 0-bit at position 175 on $auto$ff.cc:337:slice$2919 ($dffe) from module ot_qwen_kvc_write_link_bridge.
Setting constant 0-bit at position 176 on $auto$ff.cc:337:slice$2919 ($dffe) from module ot_qwen_kvc_write_link_bridge.
Setting constant 0-bit at position 177 on $auto$ff.cc:337:slice$2919 ($dffe) from module ot_qwen_kvc_write_link_bridge.
Setting constant 0-bit at position 178 on $auto$ff.cc:337:slice$2919 ($dffe) from module ot_qwen_kvc_write_link_bridge.
Setting constant 0-bit at position 179 on $auto$ff.cc:337:slice$2919 ($dffe) from module ot_qwen_kvc_write_link_bridge.
Setting constant 0-bit at position 180 on $auto$ff.cc:337:slice$2919 ($dffe) from module ot_qwen_kvc_write_link_bridge.
Setting constant 0-bit at position 181 on $auto$ff.cc:337:slice$2919 ($dffe) from module ot_qwen_kvc_write_link_bridge.
Setting constant 0-bit at position 487 on $auto$ff.cc:337:slice$2919 ($dffe) from module ot_qwen_kvc_write_link_bridge.
Setting constant 0-bit at position 488 on $auto$ff.cc:337:slice$2919 ($dffe) from module ot_qwen_kvc_write_link_bridge.
Setting constant 0-bit at position 489 on $auto$ff.cc:337:slice$2919 ($dffe) from module ot_qwen_kvc_write_link_bridge.
Setting constant 0-bit at position 490 on $auto$ff.cc:337:slice$2919 ($dffe) from module ot_qwen_kvc_write_link_bridge.
Setting constant 0-bit at position 491 on $auto$ff.cc:337:slice$2919 ($dffe) from module ot_qwen_kvc_write_link_bridge.
Setting constant 0-bit at position 492 on $auto$ff.cc:337:slice$2919 ($dffe) from module ot_qwen_kvc_write_link_bridge.
Setting constant 0-bit at position 493 on $auto$ff.cc:337:slice$2919 ($dffe) from module ot_qwen_kvc_write_link_bridge.
Setting constant 1-bit at position 502 on $auto$ff.cc:337:slice$2919 ($dffe) from module ot_qwen_kvc_write_link_bridge.
Setting constant 0-bit at position 503 on $auto$ff.cc:337:slice$2919 ($dffe) from module ot_qwen_kvc_write_link_bridge.
Setting constant 0-bit at position 504 on $auto$ff.cc:337:slice$2919 ($dffe) from module ot_qwen_kvc_write_link_bridge.
Setting constant 0-bit at position 505 on $auto$ff.cc:337:slice$2919 ($dffe) from module ot_qwen_kvc_write_link_bridge.
Setting constant 1-bit at position 506 on $auto$ff.cc:337:slice$2919 ($dffe) from module ot_qwen_kvc_write_link_bridge.
Setting constant 0-bit at position 507 on $auto$ff.cc:337:slice$2919 ($dffe) from module ot_qwen_kvc_write_link_bridge.
Setting constant 0-bit at position 508 on $auto$ff.cc:337:slice$2919 ($dffe) from module ot_qwen_kvc_write_link_bridge.
Setting constant 0-bit at position 509 on $auto$ff.cc:337:slice$2919 ($dffe) from module ot_qwen_kvc_write_link_bridge.
Setting constant 0-bit at position 32 on $auto$ff.cc:337:slice$2901 ($dffe) from module ot_qwen_kvc_write_link_bridge.
Setting constant 0-bit at position 33 on $auto$ff.cc:337:slice$2901 ($dffe) from module ot_qwen_kvc_write_link_bridge.
Setting constant 0-bit at position 34 on $auto$ff.cc:337:slice$2901 ($dffe) from module ot_qwen_kvc_write_link_bridge.
Setting constant 0-bit at position 35 on $auto$ff.cc:337:slice$2901 ($dffe) from module ot_qwen_kvc_write_link_bridge.
Setting constant 0-bit at position 36 on $auto$ff.cc:337:slice$2901 ($dffe) from module ot_qwen_kvc_write_link_bridge.
Setting constant 0-bit at position 37 on $auto$ff.cc:337:slice$2901 ($dffe) from module ot_qwen_kvc_write_link_bridge.
Setting constant 0-bit at position 38 on $auto$ff.cc:337:slice$2901 ($dffe) from module ot_qwen_kvc_write_link_bridge.
Setting constant 0-bit at position 39 on $auto$ff.cc:337:slice$2901 ($dffe) from module ot_qwen_kvc_write_link_bridge.
Setting constant 0-bit at position 40 on $auto$ff.cc:337:slice$2901 ($dffe) from module ot_qwen_kvc_write_link_bridge.
Setting constant 0-bit at position 41 on $auto$ff.cc:337:slice$2901 ($dffe) from module ot_qwen_kvc_write_link_bridge.
Setting constant 0-bit at position 42 on $auto$ff.cc:337:slice$2901 ($dffe) from module ot_qwen_kvc_write_link_bridge.
Setting constant 0-bit at position 43 on $auto$ff.cc:337:slice$2901 ($dffe) from module ot_qwen_kvc_write_link_bridge.
Setting constant 0-bit at position 44 on $auto$ff.cc:337:slice$2901 ($dffe) from module ot_qwen_kvc_write_link_bridge.
Setting constant 0-bit at position 45 on $auto$ff.cc:337:slice$2901 ($dffe) from module ot_qwen_kvc_write_link_bridge.
Setting constant 0-bit at position 46 on $auto$ff.cc:337:slice$2901 ($dffe) from module ot_qwen_kvc_write_link_bridge.
Setting constant 0-bit at position 47 on $auto$ff.cc:337:slice$2901 ($dffe) from module ot_qwen_kvc_write_link_bridge.
Setting constant 0-bit at position 48 on $auto$ff.cc:337:slice$2901 ($dffe) from module ot_qwen_kvc_write_link_bridge.
Setting constant 0-bit at position 49 on $auto$ff.cc:337:slice$2901 ($dffe) from module ot_qwen_kvc_write_link_bridge.
Setting constant 0-bit at position 50 on $auto$ff.cc:337:slice$2901 ($dffe) from module ot_qwen_kvc_write_link_bridge.
Setting constant 0-bit at position 51 on $auto$ff.cc:337:slice$2901 ($dffe) from module ot_qwen_kvc_write_link_bridge.
Setting constant 0-bit at position 52 on $auto$ff.cc:337:slice$2901 ($dffe) from module ot_qwen_kvc_write_link_bridge.
Setting constant 0-bit at position 53 on $auto$ff.cc:337:slice$2901 ($dffe) from module ot_qwen_kvc_write_link_bridge.
Setting constant 0-bit at position 54 on $auto$ff.cc:337:slice$2901 ($dffe) from module ot_qwen_kvc_write_link_bridge.
Setting constant 0-bit at position 55 on $auto$ff.cc:337:slice$2901 ($dffe) from module ot_qwen_kvc_write_link_bridge.
Setting constant 0-bit at position 56 on $auto$ff.cc:337:slice$2901 ($dffe) from module ot_qwen_kvc_write_link_bridge.
Setting constant 0-bit at position 57 on $auto$ff.cc:337:slice$2901 ($dffe) from module ot_qwen_kvc_write_link_bridge.
Setting constant 0-bit at position 58 on $auto$ff.cc:337:slice$2901 ($dffe) from module ot_qwen_kvc_write_link_bridge.
Setting constant 0-bit at position 59 on $auto$ff.cc:337:slice$2901 ($dffe) from module ot_qwen_kvc_write_link_bridge.
Setting constant 0-bit at position 60 on $auto$ff.cc:337:slice$2901 ($dffe) from module ot_qwen_kvc_write_link_bridge.
Setting constant 0-bit at position 61 on $auto$ff.cc:337:slice$2901 ($dffe) from module ot_qwen_kvc_write_link_bridge.
Setting constant 0-bit at position 62 on $auto$ff.cc:337:slice$2901 ($dffe) from module ot_qwen_kvc_write_link_bridge.
Setting constant 0-bit at position 63 on $auto$ff.cc:337:slice$2901 ($dffe) from module ot_qwen_kvc_write_link_bridge.
Setting constant 0-bit at position 64 on $auto$ff.cc:337:slice$2901 ($dffe) from module ot_qwen_kvc_write_link_bridge.
Setting constant 0-bit at position 65 on $auto$ff.cc:337:slice$2901 ($dffe) from module ot_qwen_kvc_write_link_bridge.
Setting constant 0-bit at position 66 on $auto$ff.cc:337:slice$2901 ($dffe) from module ot_qwen_kvc_write_link_bridge.
Setting constant 0-bit at position 67 on $auto$ff.cc:337:slice$2901 ($dffe) from module ot_qwen_kvc_write_link_bridge.
Setting constant 0-bit at position 68 on $auto$ff.cc:337:slice$2901 ($dffe) from module ot_qwen_kvc_write_link_bridge.
Setting constant 0-bit at position 69 on $auto$ff.cc:337:slice$2901 ($dffe) from module ot_qwen_kvc_write_link_bridge.
Setting constant 0-bit at position 70 on $auto$ff.cc:337:slice$2901 ($dffe) from module ot_qwen_kvc_write_link_bridge.
Setting constant 0-bit at position 71 on $auto$ff.cc:337:slice$2901 ($dffe) from module ot_qwen_kvc_write_link_bridge.
Setting constant 0-bit at position 72 on $auto$ff.cc:337:slice$2901 ($dffe) from module ot_qwen_kvc_write_link_bridge.
Setting constant 0-bit at position 73 on $auto$ff.cc:337:slice$2901 ($dffe) from module ot_qwen_kvc_write_link_bridge.
Setting constant 0-bit at position 74 on $auto$ff.cc:337:slice$2901 ($dffe) from module ot_qwen_kvc_write_link_bridge.
Setting constant 0-bit at position 75 on $auto$ff.cc:337:slice$2901 ($dffe) from module ot_qwen_kvc_write_link_bridge.
Setting constant 0-bit at position 76 on $auto$ff.cc:337:slice$2901 ($dffe) from module ot_qwen_kvc_write_link_bridge.
Setting constant 0-bit at position 77 on $auto$ff.cc:337:slice$2901 ($dffe) from module ot_qwen_kvc_write_link_bridge.
Setting constant 0-bit at position 78 on $auto$ff.cc:337:slice$2901 ($dffe) from module ot_qwen_kvc_write_link_bridge.
Setting constant 0-bit at position 79 on $auto$ff.cc:337:slice$2901 ($dffe) from module ot_qwen_kvc_write_link_bridge.
Setting constant 0-bit at position 80 on $auto$ff.cc:337:slice$2901 ($dffe) from module ot_qwen_kvc_write_link_bridge.
Setting constant 0-bit at position 81 on $auto$ff.cc:337:slice$2901 ($dffe) from module ot_qwen_kvc_write_link_bridge.
Setting constant 0-bit at position 82 on $auto$ff.cc:337:slice$2901 ($dffe) from module ot_qwen_kvc_write_link_bridge.
Setting constant 0-bit at position 83 on $auto$ff.cc:337:slice$2901 ($dffe) from module ot_qwen_kvc_write_link_bridge.
Setting constant 0-bit at position 84 on $auto$ff.cc:337:slice$2901 ($dffe) from module ot_qwen_kvc_write_link_bridge.
Setting constant 0-bit at position 85 on $auto$ff.cc:337:slice$2901 ($dffe) from module ot_qwen_kvc_write_link_bridge.
Setting constant 0-bit at position 86 on $auto$ff.cc:337:slice$2901 ($dffe) from module ot_qwen_kvc_write_link_bridge.
Setting constant 0-bit at position 87 on $auto$ff.cc:337:slice$2901 ($dffe) from module ot_qwen_kvc_write_link_bridge.
Setting constant 0-bit at position 88 on $auto$ff.cc:337:slice$2901 ($dffe) from module ot_qwen_kvc_write_link_bridge.
Setting constant 0-bit at position 89 on $auto$ff.cc:337:slice$2901 ($dffe) from module ot_qwen_kvc_write_link_bridge.
Setting constant 0-bit at position 90 on $auto$ff.cc:337:slice$2901 ($dffe) from module ot_qwen_kvc_write_link_bridge.
Setting constant 0-bit at position 91 on $auto$ff.cc:337:slice$2901 ($dffe) from module ot_qwen_kvc_write_link_bridge.
Setting constant 0-bit at position 92 on $auto$ff.cc:337:slice$2901 ($dffe) from module ot_qwen_kvc_write_link_bridge.
Setting constant 0-bit at position 93 on $auto$ff.cc:337:slice$2901 ($dffe) from module ot_qwen_kvc_write_link_bridge.
Setting constant 0-bit at position 94 on $auto$ff.cc:337:slice$2901 ($dffe) from module ot_qwen_kvc_write_link_bridge.
Setting constant 0-bit at position 95 on $auto$ff.cc:337:slice$2901 ($dffe) from module ot_qwen_kvc_write_link_bridge.
Setting constant 0-bit at position 96 on $auto$ff.cc:337:slice$2901 ($dffe) from module ot_qwen_kvc_write_link_bridge.
Setting constant 0-bit at position 97 on $auto$ff.cc:337:slice$2901 ($dffe) from module ot_qwen_kvc_write_link_bridge.
Setting constant 0-bit at position 98 on $auto$ff.cc:337:slice$2901 ($dffe) from module ot_qwen_kvc_write_link_bridge.
Setting constant 0-bit at position 99 on $auto$ff.cc:337:slice$2901 ($dffe) from module ot_qwen_kvc_write_link_bridge.
Setting constant 0-bit at position 100 on $auto$ff.cc:337:slice$2901 ($dffe) from module ot_qwen_kvc_write_link_bridge.
Setting constant 0-bit at position 101 on $auto$ff.cc:337:slice$2901 ($dffe) from module ot_qwen_kvc_write_link_bridge.
Setting constant 0-bit at position 102 on $auto$ff.cc:337:slice$2901 ($dffe) from module ot_qwen_kvc_write_link_bridge.
Setting constant 0-bit at position 103 on $auto$ff.cc:337:slice$2901 ($dffe) from module ot_qwen_kvc_write_link_bridge.
Setting constant 0-bit at position 104 on $auto$ff.cc:337:slice$2901 ($dffe) from module ot_qwen_kvc_write_link_bridge.
Setting constant 0-bit at position 105 on $auto$ff.cc:337:slice$2901 ($dffe) from module ot_qwen_kvc_write_link_bridge.
Setting constant 0-bit at position 106 on $auto$ff.cc:337:slice$2901 ($dffe) from module ot_qwen_kvc_write_link_bridge.
Setting constant 0-bit at position 107 on $auto$ff.cc:337:slice$2901 ($dffe) from module ot_qwen_kvc_write_link_bridge.
Setting constant 0-bit at position 108 on $auto$ff.cc:337:slice$2901 ($dffe) from module ot_qwen_kvc_write_link_bridge.
Setting constant 0-bit at position 109 on $auto$ff.cc:337:slice$2901 ($dffe) from module ot_qwen_kvc_write_link_bridge.
Setting constant 0-bit at position 110 on $auto$ff.cc:337:slice$2901 ($dffe) from module ot_qwen_kvc_write_link_bridge.
Setting constant 0-bit at position 111 on $auto$ff.cc:337:slice$2901 ($dffe) from module ot_qwen_kvc_write_link_bridge.
Setting constant 0-bit at position 112 on $auto$ff.cc:337:slice$2901 ($dffe) from module ot_qwen_kvc_write_link_bridge.
Setting constant 0-bit at position 113 on $auto$ff.cc:337:slice$2901 ($dffe) from module ot_qwen_kvc_write_link_bridge.
Setting constant 0-bit at position 114 on $auto$ff.cc:337:slice$2901 ($dffe) from module ot_qwen_kvc_write_link_bridge.
Setting constant 0-bit at position 115 on $auto$ff.cc:337:slice$2901 ($dffe) from module ot_qwen_kvc_write_link_bridge.
Setting constant 0-bit at position 116 on $auto$ff.cc:337:slice$2901 ($dffe) from module ot_qwen_kvc_write_link_bridge.
Setting constant 0-bit at position 117 on $auto$ff.cc:337:slice$2901 ($dffe) from module ot_qwen_kvc_write_link_bridge.
Setting constant 0-bit at position 118 on $auto$ff.cc:337:slice$2901 ($dffe) from module ot_qwen_kvc_write_link_bridge.
Setting constant 0-bit at position 119 on $auto$ff.cc:337:slice$2901 ($dffe) from module ot_qwen_kvc_write_link_bridge.
Setting constant 0-bit at position 120 on $auto$ff.cc:337:slice$2901 ($dffe) from module ot_qwen_kvc_write_link_bridge.
Setting constant 0-bit at position 121 on $auto$ff.cc:337:slice$2901 ($dffe) from module ot_qwen_kvc_write_link_bridge.
Setting constant 0-bit at position 122 on $auto$ff.cc:337:slice$2901 ($dffe) from module ot_qwen_kvc_write_link_bridge.
Setting constant 0-bit at position 123 on $auto$ff.cc:337:slice$2901 ($dffe) from module ot_qwen_kvc_write_link_bridge.
Setting constant 0-bit at position 124 on $auto$ff.cc:337:slice$2901 ($dffe) from module ot_qwen_kvc_write_link_bridge.
Setting constant 0-bit at position 125 on $auto$ff.cc:337:slice$2901 ($dffe) from module ot_qwen_kvc_write_link_bridge.
Setting constant 0-bit at position 126 on $auto$ff.cc:337:slice$2901 ($dffe) from module ot_qwen_kvc_write_link_bridge.
Setting constant 0-bit at position 127 on $auto$ff.cc:337:slice$2901 ($dffe) from module ot_qwen_kvc_write_link_bridge.
Setting constant 0-bit at position 128 on $auto$ff.cc:337:slice$2901 ($dffe) from module ot_qwen_kvc_write_link_bridge.
Setting constant 0-bit at position 129 on $auto$ff.cc:337:slice$2901 ($dffe) from module ot_qwen_kvc_write_link_bridge.
Setting constant 0-bit at position 130 on $auto$ff.cc:337:slice$2901 ($dffe) from module ot_qwen_kvc_write_link_bridge.
Setting constant 0-bit at position 131 on $auto$ff.cc:337:slice$2901 ($dffe) from module ot_qwen_kvc_write_link_bridge.
Setting constant 0-bit at position 132 on $auto$ff.cc:337:slice$2901 ($dffe) from module ot_qwen_kvc_write_link_bridge.
Setting constant 0-bit at position 133 on $auto$ff.cc:337:slice$2901 ($dffe) from module ot_qwen_kvc_write_link_bridge.
Setting constant 0-bit at position 134 on $auto$ff.cc:337:slice$2901 ($dffe) from module ot_qwen_kvc_write_link_bridge.
Setting constant 0-bit at position 135 on $auto$ff.cc:337:slice$2901 ($dffe) from module ot_qwen_kvc_write_link_bridge.
Setting constant 0-bit at position 136 on $auto$ff.cc:337:slice$2901 ($dffe) from module ot_qwen_kvc_write_link_bridge.
Setting constant 0-bit at position 137 on $auto$ff.cc:337:slice$2901 ($dffe) from module ot_qwen_kvc_write_link_bridge.
Setting constant 0-bit at position 138 on $auto$ff.cc:337:slice$2901 ($dffe) from module ot_qwen_kvc_write_link_bridge.
Setting constant 0-bit at position 139 on $auto$ff.cc:337:slice$2901 ($dffe) from module ot_qwen_kvc_write_link_bridge.
Setting constant 0-bit at position 140 on $auto$ff.cc:337:slice$2901 ($dffe) from module ot_qwen_kvc_write_link_bridge.
Setting constant 0-bit at position 141 on $auto$ff.cc:337:slice$2901 ($dffe) from module ot_qwen_kvc_write_link_bridge.
Setting constant 0-bit at position 142 on $auto$ff.cc:337:slice$2901 ($dffe) from module ot_qwen_kvc_write_link_bridge.
Setting constant 0-bit at position 143 on $auto$ff.cc:337:slice$2901 ($dffe) from module ot_qwen_kvc_write_link_bridge.
Setting constant 0-bit at position 144 on $auto$ff.cc:337:slice$2901 ($dffe) from module ot_qwen_kvc_write_link_bridge.
Setting constant 0-bit at position 145 on $auto$ff.cc:337:slice$2901 ($dffe) from module ot_qwen_kvc_write_link_bridge.
Setting constant 0-bit at position 146 on $auto$ff.cc:337:slice$2901 ($dffe) from module ot_qwen_kvc_write_link_bridge.
Setting constant 0-bit at position 147 on $auto$ff.cc:337:slice$2901 ($dffe) from module ot_qwen_kvc_write_link_bridge.
Setting constant 0-bit at position 148 on $auto$ff.cc:337:slice$2901 ($dffe) from module ot_qwen_kvc_write_link_bridge.
Setting constant 0-bit at position 149 on $auto$ff.cc:337:slice$2901 ($dffe) from module ot_qwen_kvc_write_link_bridge.
Setting constant 0-bit at position 150 on $auto$ff.cc:337:slice$2901 ($dffe) from module ot_qwen_kvc_write_link_bridge.
Setting constant 0-bit at position 151 on $auto$ff.cc:337:slice$2901 ($dffe) from module ot_qwen_kvc_write_link_bridge.
Setting constant 0-bit at position 152 on $auto$ff.cc:337:slice$2901 ($dffe) from module ot_qwen_kvc_write_link_bridge.
Setting constant 0-bit at position 153 on $auto$ff.cc:337:slice$2901 ($dffe) from module ot_qwen_kvc_write_link_bridge.
Setting constant 0-bit at position 154 on $auto$ff.cc:337:slice$2901 ($dffe) from module ot_qwen_kvc_write_link_bridge.
Setting constant 0-bit at position 155 on $auto$ff.cc:337:slice$2901 ($dffe) from module ot_qwen_kvc_write_link_bridge.
Setting constant 0-bit at position 156 on $auto$ff.cc:337:slice$2901 ($dffe) from module ot_qwen_kvc_write_link_bridge.
Setting constant 0-bit at position 157 on $auto$ff.cc:337:slice$2901 ($dffe) from module ot_qwen_kvc_write_link_bridge.
Setting constant 0-bit at position 158 on $auto$ff.cc:337:slice$2901 ($dffe) from module ot_qwen_kvc_write_link_bridge.
Setting constant 0-bit at position 159 on $auto$ff.cc:337:slice$2901 ($dffe) from module ot_qwen_kvc_write_link_bridge.
Setting constant 0-bit at position 160 on $auto$ff.cc:337:slice$2901 ($dffe) from module ot_qwen_kvc_write_link_bridge.
Setting constant 0-bit at position 161 on $auto$ff.cc:337:slice$2901 ($dffe) from module ot_qwen_kvc_write_link_bridge.
Setting constant 0-bit at position 162 on $auto$ff.cc:337:slice$2901 ($dffe) from module ot_qwen_kvc_write_link_bridge.
Setting constant 0-bit at position 163 on $auto$ff.cc:337:slice$2901 ($dffe) from module ot_qwen_kvc_write_link_bridge.
Setting constant 0-bit at position 164 on $auto$ff.cc:337:slice$2901 ($dffe) from module ot_qwen_kvc_write_link_bridge.
Setting constant 0-bit at position 165 on $auto$ff.cc:337:slice$2901 ($dffe) from module ot_qwen_kvc_write_link_bridge.
Setting constant 0-bit at position 166 on $auto$ff.cc:337:slice$2901 ($dffe) from module ot_qwen_kvc_write_link_bridge.
Setting constant 0-bit at position 167 on $auto$ff.cc:337:slice$2901 ($dffe) from module ot_qwen_kvc_write_link_bridge.
Setting constant 0-bit at position 168 on $auto$ff.cc:337:slice$2901 ($dffe) from module ot_qwen_kvc_write_link_bridge.
Setting constant 0-bit at position 169 on $auto$ff.cc:337:slice$2901 ($dffe) from module ot_qwen_kvc_write_link_bridge.
Setting constant 0-bit at position 170 on $auto$ff.cc:337:slice$2901 ($dffe) from module ot_qwen_kvc_write_link_bridge.
Setting constant 0-bit at position 171 on $auto$ff.cc:337:slice$2901 ($dffe) from module ot_qwen_kvc_write_link_bridge.
Setting constant 0-bit at position 172 on $auto$ff.cc:337:slice$2901 ($dffe) from module ot_qwen_kvc_write_link_bridge.
Setting constant 0-bit at position 173 on $auto$ff.cc:337:slice$2901 ($dffe) from module ot_qwen_kvc_write_link_bridge.
Setting constant 0-bit at position 174 on $auto$ff.cc:337:slice$2901 ($dffe) from module ot_qwen_kvc_write_link_bridge.
Setting constant 0-bit at position 175 on $auto$ff.cc:337:slice$2901 ($dffe) from module ot_qwen_kvc_write_link_bridge.
Setting constant 0-bit at position 176 on $auto$ff.cc:337:slice$2901 ($dffe) from module ot_qwen_kvc_write_link_bridge.
Setting constant 0-bit at position 177 on $auto$ff.cc:337:slice$2901 ($dffe) from module ot_qwen_kvc_write_link_bridge.
Setting constant 0-bit at position 178 on $auto$ff.cc:337:slice$2901 ($dffe) from module ot_qwen_kvc_write_link_bridge.
Setting constant 0-bit at position 179 on $auto$ff.cc:337:slice$2901 ($dffe) from module ot_qwen_kvc_write_link_bridge.
Setting constant 0-bit at position 180 on $auto$ff.cc:337:slice$2901 ($dffe) from module ot_qwen_kvc_write_link_bridge.
Setting constant 0-bit at position 181 on $auto$ff.cc:337:slice$2901 ($dffe) from module ot_qwen_kvc_write_link_bridge.
Setting constant 0-bit at position 487 on $auto$ff.cc:337:slice$2901 ($dffe) from module ot_qwen_kvc_write_link_bridge.
Setting constant 0-bit at position 488 on $auto$ff.cc:337:slice$2901 ($dffe) from module ot_qwen_kvc_write_link_bridge.
Setting constant 0-bit at position 489 on $auto$ff.cc:337:slice$2901 ($dffe) from module ot_qwen_kvc_write_link_bridge.
Setting constant 0-bit at position 490 on $auto$ff.cc:337:slice$2901 ($dffe) from module ot_qwen_kvc_write_link_bridge.
Setting constant 0-bit at position 491 on $auto$ff.cc:337:slice$2901 ($dffe) from module ot_qwen_kvc_write_link_bridge.
Setting constant 0-bit at position 492 on $auto$ff.cc:337:slice$2901 ($dffe) from module ot_qwen_kvc_write_link_bridge.
Setting constant 0-bit at position 493 on $auto$ff.cc:337:slice$2901 ($dffe) from module ot_qwen_kvc_write_link_bridge.
Setting constant 1-bit at position 502 on $auto$ff.cc:337:slice$2901 ($dffe) from module ot_qwen_kvc_write_link_bridge.
Setting constant 0-bit at position 503 on $auto$ff.cc:337:slice$2901 ($dffe) from module ot_qwen_kvc_write_link_bridge.
Setting constant 0-bit at position 504 on $auto$ff.cc:337:slice$2901 ($dffe) from module ot_qwen_kvc_write_link_bridge.
Setting constant 0-bit at position 505 on $auto$ff.cc:337:slice$2901 ($dffe) from module ot_qwen_kvc_write_link_bridge.
Setting constant 1-bit at position 506 on $auto$ff.cc:337:slice$2901 ($dffe) from module ot_qwen_kvc_write_link_bridge.
Setting constant 0-bit at position 507 on $auto$ff.cc:337:slice$2901 ($dffe) from module ot_qwen_kvc_write_link_bridge.
Setting constant 0-bit at position 508 on $auto$ff.cc:337:slice$2901 ($dffe) from module ot_qwen_kvc_write_link_bridge.
Setting constant 0-bit at position 509 on $auto$ff.cc:337:slice$2901 ($dffe) from module ot_qwen_kvc_write_link_bridge.
Setting constant 0-bit at position 32 on $auto$ff.cc:337:slice$2898 ($dffe) from module ot_qwen_kvc_write_link_bridge.
Setting constant 0-bit at position 33 on $auto$ff.cc:337:slice$2898 ($dffe) from module ot_qwen_kvc_write_link_bridge.
Setting constant 0-bit at position 34 on $auto$ff.cc:337:slice$2898 ($dffe) from module ot_qwen_kvc_write_link_bridge.
Setting constant 0-bit at position 35 on $auto$ff.cc:337:slice$2898 ($dffe) from module ot_qwen_kvc_write_link_bridge.
Setting constant 0-bit at position 36 on $auto$ff.cc:337:slice$2898 ($dffe) from module ot_qwen_kvc_write_link_bridge.
Setting constant 0-bit at position 37 on $auto$ff.cc:337:slice$2898 ($dffe) from module ot_qwen_kvc_write_link_bridge.
Setting constant 0-bit at position 38 on $auto$ff.cc:337:slice$2898 ($dffe) from module ot_qwen_kvc_write_link_bridge.
Setting constant 0-bit at position 39 on $auto$ff.cc:337:slice$2898 ($dffe) from module ot_qwen_kvc_write_link_bridge.
Setting constant 0-bit at position 40 on $auto$ff.cc:337:slice$2898 ($dffe) from module ot_qwen_kvc_write_link_bridge.
Setting constant 0-bit at position 41 on $auto$ff.cc:337:slice$2898 ($dffe) from module ot_qwen_kvc_write_link_bridge.
Setting constant 0-bit at position 42 on $auto$ff.cc:337:slice$2898 ($dffe) from module ot_qwen_kvc_write_link_bridge.
Setting constant 0-bit at position 43 on $auto$ff.cc:337:slice$2898 ($dffe) from module ot_qwen_kvc_write_link_bridge.
Setting constant 0-bit at position 44 on $auto$ff.cc:337:slice$2898 ($dffe) from module ot_qwen_kvc_write_link_bridge.
Setting constant 0-bit at position 45 on $auto$ff.cc:337:slice$2898 ($dffe) from module ot_qwen_kvc_write_link_bridge.
Setting constant 0-bit at position 46 on $auto$ff.cc:337:slice$2898 ($dffe) from module ot_qwen_kvc_write_link_bridge.
Setting constant 0-bit at position 47 on $auto$ff.cc:337:slice$2898 ($dffe) from module ot_qwen_kvc_write_link_bridge.
Setting constant 0-bit at position 48 on $auto$ff.cc:337:slice$2898 ($dffe) from module ot_qwen_kvc_write_link_bridge.
Setting constant 0-bit at position 49 on $auto$ff.cc:337:slice$2898 ($dffe) from module ot_qwen_kvc_write_link_bridge.
Setting constant 0-bit at position 50 on $auto$ff.cc:337:slice$2898 ($dffe) from module ot_qwen_kvc_write_link_bridge.
Setting constant 0-bit at position 51 on $auto$ff.cc:337:slice$2898 ($dffe) from module ot_qwen_kvc_write_link_bridge.
Setting constant 0-bit at position 52 on $auto$ff.cc:337:slice$2898 ($dffe) from module ot_qwen_kvc_write_link_bridge.
Setting constant 0-bit at position 53 on $auto$ff.cc:337:slice$2898 ($dffe) from module ot_qwen_kvc_write_link_bridge.
Setting constant 0-bit at position 54 on $auto$ff.cc:337:slice$2898 ($dffe) from module ot_qwen_kvc_write_link_bridge.
Setting constant 0-bit at position 55 on $auto$ff.cc:337:slice$2898 ($dffe) from module ot_qwen_kvc_write_link_bridge.
Setting constant 0-bit at position 56 on $auto$ff.cc:337:slice$2898 ($dffe) from module ot_qwen_kvc_write_link_bridge.
Setting constant 0-bit at position 57 on $auto$ff.cc:337:slice$2898 ($dffe) from module ot_qwen_kvc_write_link_bridge.
Setting constant 0-bit at position 58 on $auto$ff.cc:337:slice$2898 ($dffe) from module ot_qwen_kvc_write_link_bridge.
Setting constant 0-bit at position 59 on $auto$ff.cc:337:slice$2898 ($dffe) from module ot_qwen_kvc_write_link_bridge.
Setting constant 0-bit at position 60 on $auto$ff.cc:337:slice$2898 ($dffe) from module ot_qwen_kvc_write_link_bridge.
Setting constant 0-bit at position 61 on $auto$ff.cc:337:slice$2898 ($dffe) from module ot_qwen_kvc_write_link_bridge.
Setting constant 0-bit at position 62 on $auto$ff.cc:337:slice$2898 ($dffe) from module ot_qwen_kvc_write_link_bridge.
Setting constant 0-bit at position 63 on $auto$ff.cc:337:slice$2898 ($dffe) from module ot_qwen_kvc_write_link_bridge.
Setting constant 0-bit at position 64 on $auto$ff.cc:337:slice$2898 ($dffe) from module ot_qwen_kvc_write_link_bridge.
Setting constant 0-bit at position 65 on $auto$ff.cc:337:slice$2898 ($dffe) from module ot_qwen_kvc_write_link_bridge.
Setting constant 0-bit at position 66 on $auto$ff.cc:337:slice$2898 ($dffe) from module ot_qwen_kvc_write_link_bridge.
Setting constant 0-bit at position 67 on $auto$ff.cc:337:slice$2898 ($dffe) from module ot_qwen_kvc_write_link_bridge.
Setting constant 0-bit at position 68 on $auto$ff.cc:337:slice$2898 ($dffe) from module ot_qwen_kvc_write_link_bridge.
Setting constant 0-bit at position 69 on $auto$ff.cc:337:slice$2898 ($dffe) from module ot_qwen_kvc_write_link_bridge.
Setting constant 0-bit at position 70 on $auto$ff.cc:337:slice$2898 ($dffe) from module ot_qwen_kvc_write_link_bridge.
Setting constant 0-bit at position 71 on $auto$ff.cc:337:slice$2898 ($dffe) from module ot_qwen_kvc_write_link_bridge.
Setting constant 0-bit at position 72 on $auto$ff.cc:337:slice$2898 ($dffe) from module ot_qwen_kvc_write_link_bridge.
Setting constant 0-bit at position 73 on $auto$ff.cc:337:slice$2898 ($dffe) from module ot_qwen_kvc_write_link_bridge.
Setting constant 0-bit at position 74 on $auto$ff.cc:337:slice$2898 ($dffe) from module ot_qwen_kvc_write_link_bridge.
Setting constant 0-bit at position 75 on $auto$ff.cc:337:slice$2898 ($dffe) from module ot_qwen_kvc_write_link_bridge.
Setting constant 0-bit at position 76 on $auto$ff.cc:337:slice$2898 ($dffe) from module ot_qwen_kvc_write_link_bridge.
Setting constant 0-bit at position 77 on $auto$ff.cc:337:slice$2898 ($dffe) from module ot_qwen_kvc_write_link_bridge.
Setting constant 0-bit at position 78 on $auto$ff.cc:337:slice$2898 ($dffe) from module ot_qwen_kvc_write_link_bridge.
Setting constant 0-bit at position 79 on $auto$ff.cc:337:slice$2898 ($dffe) from module ot_qwen_kvc_write_link_bridge.
Setting constant 0-bit at position 80 on $auto$ff.cc:337:slice$2898 ($dffe) from module ot_qwen_kvc_write_link_bridge.
Setting constant 0-bit at position 81 on $auto$ff.cc:337:slice$2898 ($dffe) from module ot_qwen_kvc_write_link_bridge.
Setting constant 0-bit at position 82 on $auto$ff.cc:337:slice$2898 ($dffe) from module ot_qwen_kvc_write_link_bridge.
Setting constant 0-bit at position 83 on $auto$ff.cc:337:slice$2898 ($dffe) from module ot_qwen_kvc_write_link_bridge.
Setting constant 0-bit at position 84 on $auto$ff.cc:337:slice$2898 ($dffe) from module ot_qwen_kvc_write_link_bridge.
Setting constant 0-bit at position 85 on $auto$ff.cc:337:slice$2898 ($dffe) from module ot_qwen_kvc_write_link_bridge.
Setting constant 0-bit at position 86 on $auto$ff.cc:337:slice$2898 ($dffe) from module ot_qwen_kvc_write_link_bridge.
Setting constant 0-bit at position 87 on $auto$ff.cc:337:slice$2898 ($dffe) from module ot_qwen_kvc_write_link_bridge.
Setting constant 0-bit at position 88 on $auto$ff.cc:337:slice$2898 ($dffe) from module ot_qwen_kvc_write_link_bridge.
Setting constant 0-bit at position 89 on $auto$ff.cc:337:slice$2898 ($dffe) from module ot_qwen_kvc_write_link_bridge.
Setting constant 0-bit at position 90 on $auto$ff.cc:337:slice$2898 ($dffe) from module ot_qwen_kvc_write_link_bridge.
Setting constant 0-bit at position 91 on $auto$ff.cc:337:slice$2898 ($dffe) from module ot_qwen_kvc_write_link_bridge.
Setting constant 0-bit at position 92 on $auto$ff.cc:337:slice$2898 ($dffe) from module ot_qwen_kvc_write_link_bridge.
Setting constant 0-bit at position 93 on $auto$ff.cc:337:slice$2898 ($dffe) from module ot_qwen_kvc_write_link_bridge.
Setting constant 0-bit at position 94 on $auto$ff.cc:337:slice$2898 ($dffe) from module ot_qwen_kvc_write_link_bridge.
Setting constant 0-bit at position 95 on $auto$ff.cc:337:slice$2898 ($dffe) from module ot_qwen_kvc_write_link_bridge.
Setting constant 0-bit at position 96 on $auto$ff.cc:337:slice$2898 ($dffe) from module ot_qwen_kvc_write_link_bridge.
Setting constant 0-bit at position 97 on $auto$ff.cc:337:slice$2898 ($dffe) from module ot_qwen_kvc_write_link_bridge.
Setting constant 0-bit at position 98 on $auto$ff.cc:337:slice$2898 ($dffe) from module ot_qwen_kvc_write_link_bridge.
Setting constant 0-bit at position 99 on $auto$ff.cc:337:slice$2898 ($dffe) from module ot_qwen_kvc_write_link_bridge.
Setting constant 0-bit at position 100 on $auto$ff.cc:337:slice$2898 ($dffe) from module ot_qwen_kvc_write_link_bridge.
Setting constant 0-bit at position 101 on $auto$ff.cc:337:slice$2898 ($dffe) from module ot_qwen_kvc_write_link_bridge.
Setting constant 0-bit at position 102 on $auto$ff.cc:337:slice$2898 ($dffe) from module ot_qwen_kvc_write_link_bridge.
Setting constant 0-bit at position 103 on $auto$ff.cc:337:slice$2898 ($dffe) from module ot_qwen_kvc_write_link_bridge.
Setting constant 0-bit at position 104 on $auto$ff.cc:337:slice$2898 ($dffe) from module ot_qwen_kvc_write_link_bridge.
Setting constant 0-bit at position 105 on $auto$ff.cc:337:slice$2898 ($dffe) from module ot_qwen_kvc_write_link_bridge.
Setting constant 0-bit at position 106 on $auto$ff.cc:337:slice$2898 ($dffe) from module ot_qwen_kvc_write_link_bridge.
Setting constant 0-bit at position 107 on $auto$ff.cc:337:slice$2898 ($dffe) from module ot_qwen_kvc_write_link_bridge.
Setting constant 0-bit at position 108 on $auto$ff.cc:337:slice$2898 ($dffe) from module ot_qwen_kvc_write_link_bridge.
Setting constant 0-bit at position 109 on $auto$ff.cc:337:slice$2898 ($dffe) from module ot_qwen_kvc_write_link_bridge.
Setting constant 0-bit at position 110 on $auto$ff.cc:337:slice$2898 ($dffe) from module ot_qwen_kvc_write_link_bridge.
Setting constant 0-bit at position 111 on $auto$ff.cc:337:slice$2898 ($dffe) from module ot_qwen_kvc_write_link_bridge.
Setting constant 0-bit at position 112 on $auto$ff.cc:337:slice$2898 ($dffe) from module ot_qwen_kvc_write_link_bridge.
Setting constant 0-bit at position 113 on $auto$ff.cc:337:slice$2898 ($dffe) from module ot_qwen_kvc_write_link_bridge.
Setting constant 0-bit at position 114 on $auto$ff.cc:337:slice$2898 ($dffe) from module ot_qwen_kvc_write_link_bridge.
Setting constant 0-bit at position 115 on $auto$ff.cc:337:slice$2898 ($dffe) from module ot_qwen_kvc_write_link_bridge.
Setting constant 0-bit at position 116 on $auto$ff.cc:337:slice$2898 ($dffe) from module ot_qwen_kvc_write_link_bridge.
Setting constant 0-bit at position 117 on $auto$ff.cc:337:slice$2898 ($dffe) from module ot_qwen_kvc_write_link_bridge.
Setting constant 0-bit at position 118 on $auto$ff.cc:337:slice$2898 ($dffe) from module ot_qwen_kvc_write_link_bridge.
Setting constant 0-bit at position 119 on $auto$ff.cc:337:slice$2898 ($dffe) from module ot_qwen_kvc_write_link_bridge.
Setting constant 0-bit at position 120 on $auto$ff.cc:337:slice$2898 ($dffe) from module ot_qwen_kvc_write_link_bridge.
Setting constant 0-bit at position 121 on $auto$ff.cc:337:slice$2898 ($dffe) from module ot_qwen_kvc_write_link_bridge.
Setting constant 0-bit at position 122 on $auto$ff.cc:337:slice$2898 ($dffe) from module ot_qwen_kvc_write_link_bridge.
Setting constant 0-bit at position 123 on $auto$ff.cc:337:slice$2898 ($dffe) from module ot_qwen_kvc_write_link_bridge.
Setting constant 0-bit at position 124 on $auto$ff.cc:337:slice$2898 ($dffe) from module ot_qwen_kvc_write_link_bridge.
Setting constant 0-bit at position 125 on $auto$ff.cc:337:slice$2898 ($dffe) from module ot_qwen_kvc_write_link_bridge.
Setting constant 0-bit at position 126 on $auto$ff.cc:337:slice$2898 ($dffe) from module ot_qwen_kvc_write_link_bridge.
Setting constant 0-bit at position 127 on $auto$ff.cc:337:slice$2898 ($dffe) from module ot_qwen_kvc_write_link_bridge.
Setting constant 0-bit at position 128 on $auto$ff.cc:337:slice$2898 ($dffe) from module ot_qwen_kvc_write_link_bridge.
Setting constant 0-bit at position 129 on $auto$ff.cc:337:slice$2898 ($dffe) from module ot_qwen_kvc_write_link_bridge.
Setting constant 0-bit at position 130 on $auto$ff.cc:337:slice$2898 ($dffe) from module ot_qwen_kvc_write_link_bridge.
Setting constant 0-bit at position 131 on $auto$ff.cc:337:slice$2898 ($dffe) from module ot_qwen_kvc_write_link_bridge.
Setting constant 0-bit at position 132 on $auto$ff.cc:337:slice$2898 ($dffe) from module ot_qwen_kvc_write_link_bridge.
Setting constant 0-bit at position 133 on $auto$ff.cc:337:slice$2898 ($dffe) from module ot_qwen_kvc_write_link_bridge.
Setting constant 0-bit at position 134 on $auto$ff.cc:337:slice$2898 ($dffe) from module ot_qwen_kvc_write_link_bridge.
Setting constant 0-bit at position 135 on $auto$ff.cc:337:slice$2898 ($dffe) from module ot_qwen_kvc_write_link_bridge.
Setting constant 0-bit at position 136 on $auto$ff.cc:337:slice$2898 ($dffe) from module ot_qwen_kvc_write_link_bridge.
Setting constant 0-bit at position 137 on $auto$ff.cc:337:slice$2898 ($dffe) from module ot_qwen_kvc_write_link_bridge.
Setting constant 0-bit at position 138 on $auto$ff.cc:337:slice$2898 ($dffe) from module ot_qwen_kvc_write_link_bridge.
Setting constant 0-bit at position 139 on $auto$ff.cc:337:slice$2898 ($dffe) from module ot_qwen_kvc_write_link_bridge.
Setting constant 0-bit at position 140 on $auto$ff.cc:337:slice$2898 ($dffe) from module ot_qwen_kvc_write_link_bridge.
Setting constant 0-bit at position 141 on $auto$ff.cc:337:slice$2898 ($dffe) from module ot_qwen_kvc_write_link_bridge.
Setting constant 0-bit at position 142 on $auto$ff.cc:337:slice$2898 ($dffe) from module ot_qwen_kvc_write_link_bridge.
Setting constant 0-bit at position 143 on $auto$ff.cc:337:slice$2898 ($dffe) from module ot_qwen_kvc_write_link_bridge.
Setting constant 0-bit at position 144 on $auto$ff.cc:337:slice$2898 ($dffe) from module ot_qwen_kvc_write_link_bridge.
Setting constant 0-bit at position 145 on $auto$ff.cc:337:slice$2898 ($dffe) from module ot_qwen_kvc_write_link_bridge.
Setting constant 0-bit at position 146 on $auto$ff.cc:337:slice$2898 ($dffe) from module ot_qwen_kvc_write_link_bridge.
Setting constant 0-bit at position 147 on $auto$ff.cc:337:slice$2898 ($dffe) from module ot_qwen_kvc_write_link_bridge.
Setting constant 0-bit at position 148 on $auto$ff.cc:337:slice$2898 ($dffe) from module ot_qwen_kvc_write_link_bridge.
Setting constant 0-bit at position 149 on $auto$ff.cc:337:slice$2898 ($dffe) from module ot_qwen_kvc_write_link_bridge.
Setting constant 0-bit at position 150 on $auto$ff.cc:337:slice$2898 ($dffe) from module ot_qwen_kvc_write_link_bridge.
Setting constant 0-bit at position 151 on $auto$ff.cc:337:slice$2898 ($dffe) from module ot_qwen_kvc_write_link_bridge.
Setting constant 0-bit at position 152 on $auto$ff.cc:337:slice$2898 ($dffe) from module ot_qwen_kvc_write_link_bridge.
Setting constant 0-bit at position 153 on $auto$ff.cc:337:slice$2898 ($dffe) from module ot_qwen_kvc_write_link_bridge.
Setting constant 0-bit at position 154 on $auto$ff.cc:337:slice$2898 ($dffe) from module ot_qwen_kvc_write_link_bridge.
Setting constant 0-bit at position 155 on $auto$ff.cc:337:slice$2898 ($dffe) from module ot_qwen_kvc_write_link_bridge.
Setting constant 0-bit at position 156 on $auto$ff.cc:337:slice$2898 ($dffe) from module ot_qwen_kvc_write_link_bridge.
Setting constant 0-bit at position 157 on $auto$ff.cc:337:slice$2898 ($dffe) from module ot_qwen_kvc_write_link_bridge.
Setting constant 0-bit at position 158 on $auto$ff.cc:337:slice$2898 ($dffe) from module ot_qwen_kvc_write_link_bridge.
Setting constant 0-bit at position 159 on $auto$ff.cc:337:slice$2898 ($dffe) from module ot_qwen_kvc_write_link_bridge.
Setting constant 0-bit at position 160 on $auto$ff.cc:337:slice$2898 ($dffe) from module ot_qwen_kvc_write_link_bridge.
Setting constant 0-bit at position 161 on $auto$ff.cc:337:slice$2898 ($dffe) from module ot_qwen_kvc_write_link_bridge.
Setting constant 0-bit at position 162 on $auto$ff.cc:337:slice$2898 ($dffe) from module ot_qwen_kvc_write_link_bridge.
Setting constant 0-bit at position 163 on $auto$ff.cc:337:slice$2898 ($dffe) from module ot_qwen_kvc_write_link_bridge.
Setting constant 0-bit at position 164 on $auto$ff.cc:337:slice$2898 ($dffe) from module ot_qwen_kvc_write_link_bridge.
Setting constant 0-bit at position 165 on $auto$ff.cc:337:slice$2898 ($dffe) from module ot_qwen_kvc_write_link_bridge.
Setting constant 0-bit at position 166 on $auto$ff.cc:337:slice$2898 ($dffe) from module ot_qwen_kvc_write_link_bridge.
Setting constant 0-bit at position 167 on $auto$ff.cc:337:slice$2898 ($dffe) from module ot_qwen_kvc_write_link_bridge.
Setting constant 0-bit at position 168 on $auto$ff.cc:337:slice$2898 ($dffe) from module ot_qwen_kvc_write_link_bridge.
Setting constant 0-bit at position 169 on $auto$ff.cc:337:slice$2898 ($dffe) from module ot_qwen_kvc_write_link_bridge.
Setting constant 0-bit at position 170 on $auto$ff.cc:337:slice$2898 ($dffe) from module ot_qwen_kvc_write_link_bridge.
Setting constant 0-bit at position 171 on $auto$ff.cc:337:slice$2898 ($dffe) from module ot_qwen_kvc_write_link_bridge.
Setting constant 0-bit at position 172 on $auto$ff.cc:337:slice$2898 ($dffe) from module ot_qwen_kvc_write_link_bridge.
Setting constant 0-bit at position 173 on $auto$ff.cc:337:slice$2898 ($dffe) from module ot_qwen_kvc_write_link_bridge.
Setting constant 0-bit at position 174 on $auto$ff.cc:337:slice$2898 ($dffe) from module ot_qwen_kvc_write_link_bridge.
Setting constant 0-bit at position 175 on $auto$ff.cc:337:slice$2898 ($dffe) from module ot_qwen_kvc_write_link_bridge.
Setting constant 0-bit at position 176 on $auto$ff.cc:337:slice$2898 ($dffe) from module ot_qwen_kvc_write_link_bridge.
Setting constant 0-bit at position 177 on $auto$ff.cc:337:slice$2898 ($dffe) from module ot_qwen_kvc_write_link_bridge.
Setting constant 0-bit at position 178 on $auto$ff.cc:337:slice$2898 ($dffe) from module ot_qwen_kvc_write_link_bridge.
Setting constant 0-bit at position 179 on $auto$ff.cc:337:slice$2898 ($dffe) from module ot_qwen_kvc_write_link_bridge.
Setting constant 0-bit at position 180 on $auto$ff.cc:337:slice$2898 ($dffe) from module ot_qwen_kvc_write_link_bridge.
Setting constant 0-bit at position 181 on $auto$ff.cc:337:slice$2898 ($dffe) from module ot_qwen_kvc_write_link_bridge.
Setting constant 0-bit at position 487 on $auto$ff.cc:337:slice$2898 ($dffe) from module ot_qwen_kvc_write_link_bridge.
Setting constant 0-bit at position 488 on $auto$ff.cc:337:slice$2898 ($dffe) from module ot_qwen_kvc_write_link_bridge.
Setting constant 0-bit at position 489 on $auto$ff.cc:337:slice$2898 ($dffe) from module ot_qwen_kvc_write_link_bridge.
Setting constant 0-bit at position 490 on $auto$ff.cc:337:slice$2898 ($dffe) from module ot_qwen_kvc_write_link_bridge.
Setting constant 0-bit at position 491 on $auto$ff.cc:337:slice$2898 ($dffe) from module ot_qwen_kvc_write_link_bridge.
Setting constant 0-bit at position 492 on $auto$ff.cc:337:slice$2898 ($dffe) from module ot_qwen_kvc_write_link_bridge.
Setting constant 0-bit at position 493 on $auto$ff.cc:337:slice$2898 ($dffe) from module ot_qwen_kvc_write_link_bridge.
Setting constant 1-bit at position 502 on $auto$ff.cc:337:slice$2898 ($dffe) from module ot_qwen_kvc_write_link_bridge.
Setting constant 0-bit at position 503 on $auto$ff.cc:337:slice$2898 ($dffe) from module ot_qwen_kvc_write_link_bridge.
Setting constant 0-bit at position 504 on $auto$ff.cc:337:slice$2898 ($dffe) from module ot_qwen_kvc_write_link_bridge.
Setting constant 0-bit at position 505 on $auto$ff.cc:337:slice$2898 ($dffe) from module ot_qwen_kvc_write_link_bridge.
Setting constant 1-bit at position 506 on $auto$ff.cc:337:slice$2898 ($dffe) from module ot_qwen_kvc_write_link_bridge.
Setting constant 0-bit at position 507 on $auto$ff.cc:337:slice$2898 ($dffe) from module ot_qwen_kvc_write_link_bridge.
Setting constant 0-bit at position 508 on $auto$ff.cc:337:slice$2898 ($dffe) from module ot_qwen_kvc_write_link_bridge.
Setting constant 0-bit at position 509 on $auto$ff.cc:337:slice$2898 ($dffe) from module ot_qwen_kvc_write_link_bridge.
Setting constant 0-bit at position 32 on $auto$ff.cc:337:slice$2894 ($dffe) from module ot_qwen_kvc_write_link_bridge.
Setting constant 0-bit at position 33 on $auto$ff.cc:337:slice$2894 ($dffe) from module ot_qwen_kvc_write_link_bridge.
Setting constant 0-bit at position 34 on $auto$ff.cc:337:slice$2894 ($dffe) from module ot_qwen_kvc_write_link_bridge.
Setting constant 0-bit at position 35 on $auto$ff.cc:337:slice$2894 ($dffe) from module ot_qwen_kvc_write_link_bridge.
Setting constant 0-bit at position 36 on $auto$ff.cc:337:slice$2894 ($dffe) from module ot_qwen_kvc_write_link_bridge.
Setting constant 0-bit at position 37 on $auto$ff.cc:337:slice$2894 ($dffe) from module ot_qwen_kvc_write_link_bridge.
Setting constant 0-bit at position 38 on $auto$ff.cc:337:slice$2894 ($dffe) from module ot_qwen_kvc_write_link_bridge.
Setting constant 0-bit at position 39 on $auto$ff.cc:337:slice$2894 ($dffe) from module ot_qwen_kvc_write_link_bridge.
Setting constant 0-bit at position 40 on $auto$ff.cc:337:slice$2894 ($dffe) from module ot_qwen_kvc_write_link_bridge.
Setting constant 0-bit at position 41 on $auto$ff.cc:337:slice$2894 ($dffe) from module ot_qwen_kvc_write_link_bridge.
Setting constant 0-bit at position 42 on $auto$ff.cc:337:slice$2894 ($dffe) from module ot_qwen_kvc_write_link_bridge.
Setting constant 0-bit at position 43 on $auto$ff.cc:337:slice$2894 ($dffe) from module ot_qwen_kvc_write_link_bridge.
Setting constant 0-bit at position 44 on $auto$ff.cc:337:slice$2894 ($dffe) from module ot_qwen_kvc_write_link_bridge.
Setting constant 0-bit at position 45 on $auto$ff.cc:337:slice$2894 ($dffe) from module ot_qwen_kvc_write_link_bridge.
Setting constant 0-bit at position 46 on $auto$ff.cc:337:slice$2894 ($dffe) from module ot_qwen_kvc_write_link_bridge.
Setting constant 0-bit at position 47 on $auto$ff.cc:337:slice$2894 ($dffe) from module ot_qwen_kvc_write_link_bridge.
Setting constant 0-bit at position 48 on $auto$ff.cc:337:slice$2894 ($dffe) from module ot_qwen_kvc_write_link_bridge.
Setting constant 0-bit at position 49 on $auto$ff.cc:337:slice$2894 ($dffe) from module ot_qwen_kvc_write_link_bridge.
Setting constant 0-bit at position 50 on $auto$ff.cc:337:slice$2894 ($dffe) from module ot_qwen_kvc_write_link_bridge.
Setting constant 0-bit at position 51 on $auto$ff.cc:337:slice$2894 ($dffe) from module ot_qwen_kvc_write_link_bridge.
Setting constant 0-bit at position 52 on $auto$ff.cc:337:slice$2894 ($dffe) from module ot_qwen_kvc_write_link_bridge.
Setting constant 0-bit at position 53 on $auto$ff.cc:337:slice$2894 ($dffe) from module ot_qwen_kvc_write_link_bridge.
Setting constant 0-bit at position 54 on $auto$ff.cc:337:slice$2894 ($dffe) from module ot_qwen_kvc_write_link_bridge.
Setting constant 0-bit at position 55 on $auto$ff.cc:337:slice$2894 ($dffe) from module ot_qwen_kvc_write_link_bridge.
Setting constant 0-bit at position 56 on $auto$ff.cc:337:slice$2894 ($dffe) from module ot_qwen_kvc_write_link_bridge.
Setting constant 0-bit at position 57 on $auto$ff.cc:337:slice$2894 ($dffe) from module ot_qwen_kvc_write_link_bridge.
Setting constant 0-bit at position 58 on $auto$ff.cc:337:slice$2894 ($dffe) from module ot_qwen_kvc_write_link_bridge.
Setting constant 0-bit at position 59 on $auto$ff.cc:337:slice$2894 ($dffe) from module ot_qwen_kvc_write_link_bridge.
Setting constant 0-bit at position 60 on $auto$ff.cc:337:slice$2894 ($dffe) from module ot_qwen_kvc_write_link_bridge.
Setting constant 0-bit at position 61 on $auto$ff.cc:337:slice$2894 ($dffe) from module ot_qwen_kvc_write_link_bridge.
Setting constant 0-bit at position 62 on $auto$ff.cc:337:slice$2894 ($dffe) from module ot_qwen_kvc_write_link_bridge.
Setting constant 0-bit at position 63 on $auto$ff.cc:337:slice$2894 ($dffe) from module ot_qwen_kvc_write_link_bridge.
Setting constant 0-bit at position 64 on $auto$ff.cc:337:slice$2894 ($dffe) from module ot_qwen_kvc_write_link_bridge.
Setting constant 0-bit at position 65 on $auto$ff.cc:337:slice$2894 ($dffe) from module ot_qwen_kvc_write_link_bridge.
Setting constant 0-bit at position 66 on $auto$ff.cc:337:slice$2894 ($dffe) from module ot_qwen_kvc_write_link_bridge.
Setting constant 0-bit at position 67 on $auto$ff.cc:337:slice$2894 ($dffe) from module ot_qwen_kvc_write_link_bridge.
Setting constant 0-bit at position 68 on $auto$ff.cc:337:slice$2894 ($dffe) from module ot_qwen_kvc_write_link_bridge.
Setting constant 0-bit at position 69 on $auto$ff.cc:337:slice$2894 ($dffe) from module ot_qwen_kvc_write_link_bridge.
Setting constant 0-bit at position 70 on $auto$ff.cc:337:slice$2894 ($dffe) from module ot_qwen_kvc_write_link_bridge.
Setting constant 0-bit at position 71 on $auto$ff.cc:337:slice$2894 ($dffe) from module ot_qwen_kvc_write_link_bridge.
Setting constant 0-bit at position 72 on $auto$ff.cc:337:slice$2894 ($dffe) from module ot_qwen_kvc_write_link_bridge.
Setting constant 0-bit at position 73 on $auto$ff.cc:337:slice$2894 ($dffe) from module ot_qwen_kvc_write_link_bridge.
Setting constant 0-bit at position 74 on $auto$ff.cc:337:slice$2894 ($dffe) from module ot_qwen_kvc_write_link_bridge.
Setting constant 0-bit at position 75 on $auto$ff.cc:337:slice$2894 ($dffe) from module ot_qwen_kvc_write_link_bridge.
Setting constant 0-bit at position 76 on $auto$ff.cc:337:slice$2894 ($dffe) from module ot_qwen_kvc_write_link_bridge.
Setting constant 0-bit at position 77 on $auto$ff.cc:337:slice$2894 ($dffe) from module ot_qwen_kvc_write_link_bridge.
Setting constant 0-bit at position 78 on $auto$ff.cc:337:slice$2894 ($dffe) from module ot_qwen_kvc_write_link_bridge.
Setting constant 0-bit at position 79 on $auto$ff.cc:337:slice$2894 ($dffe) from module ot_qwen_kvc_write_link_bridge.
Setting constant 0-bit at position 80 on $auto$ff.cc:337:slice$2894 ($dffe) from module ot_qwen_kvc_write_link_bridge.
Setting constant 0-bit at position 81 on $auto$ff.cc:337:slice$2894 ($dffe) from module ot_qwen_kvc_write_link_bridge.
Setting constant 0-bit at position 82 on $auto$ff.cc:337:slice$2894 ($dffe) from module ot_qwen_kvc_write_link_bridge.
Setting constant 0-bit at position 83 on $auto$ff.cc:337:slice$2894 ($dffe) from module ot_qwen_kvc_write_link_bridge.
Setting constant 0-bit at position 84 on $auto$ff.cc:337:slice$2894 ($dffe) from module ot_qwen_kvc_write_link_bridge.
Setting constant 0-bit at position 85 on $auto$ff.cc:337:slice$2894 ($dffe) from module ot_qwen_kvc_write_link_bridge.
Setting constant 0-bit at position 86 on $auto$ff.cc:337:slice$2894 ($dffe) from module ot_qwen_kvc_write_link_bridge.
Setting constant 0-bit at position 87 on $auto$ff.cc:337:slice$2894 ($dffe) from module ot_qwen_kvc_write_link_bridge.
Setting constant 0-bit at position 88 on $auto$ff.cc:337:slice$2894 ($dffe) from module ot_qwen_kvc_write_link_bridge.
Setting constant 0-bit at position 89 on $auto$ff.cc:337:slice$2894 ($dffe) from module ot_qwen_kvc_write_link_bridge.
Setting constant 0-bit at position 90 on $auto$ff.cc:337:slice$2894 ($dffe) from module ot_qwen_kvc_write_link_bridge.
Setting constant 0-bit at position 91 on $auto$ff.cc:337:slice$2894 ($dffe) from module ot_qwen_kvc_write_link_bridge.
Setting constant 0-bit at position 92 on $auto$ff.cc:337:slice$2894 ($dffe) from module ot_qwen_kvc_write_link_bridge.
Setting constant 0-bit at position 93 on $auto$ff.cc:337:slice$2894 ($dffe) from module ot_qwen_kvc_write_link_bridge.
Setting constant 0-bit at position 94 on $auto$ff.cc:337:slice$2894 ($dffe) from module ot_qwen_kvc_write_link_bridge.
Setting constant 0-bit at position 95 on $auto$ff.cc:337:slice$2894 ($dffe) from module ot_qwen_kvc_write_link_bridge.
Setting constant 0-bit at position 96 on $auto$ff.cc:337:slice$2894 ($dffe) from module ot_qwen_kvc_write_link_bridge.
Setting constant 0-bit at position 97 on $auto$ff.cc:337:slice$2894 ($dffe) from module ot_qwen_kvc_write_link_bridge.
Setting constant 0-bit at position 98 on $auto$ff.cc:337:slice$2894 ($dffe) from module ot_qwen_kvc_write_link_bridge.
Setting constant 0-bit at position 99 on $auto$ff.cc:337:slice$2894 ($dffe) from module ot_qwen_kvc_write_link_bridge.
Setting constant 0-bit at position 100 on $auto$ff.cc:337:slice$2894 ($dffe) from module ot_qwen_kvc_write_link_bridge.
Setting constant 0-bit at position 101 on $auto$ff.cc:337:slice$2894 ($dffe) from module ot_qwen_kvc_write_link_bridge.
Setting constant 0-bit at position 102 on $auto$ff.cc:337:slice$2894 ($dffe) from module ot_qwen_kvc_write_link_bridge.
Setting constant 0-bit at position 103 on $auto$ff.cc:337:slice$2894 ($dffe) from module ot_qwen_kvc_write_link_bridge.
Setting constant 0-bit at position 104 on $auto$ff.cc:337:slice$2894 ($dffe) from module ot_qwen_kvc_write_link_bridge.
Setting constant 0-bit at position 105 on $auto$ff.cc:337:slice$2894 ($dffe) from module ot_qwen_kvc_write_link_bridge.
Setting constant 0-bit at position 106 on $auto$ff.cc:337:slice$2894 ($dffe) from module ot_qwen_kvc_write_link_bridge.
Setting constant 0-bit at position 107 on $auto$ff.cc:337:slice$2894 ($dffe) from module ot_qwen_kvc_write_link_bridge.
Setting constant 0-bit at position 108 on $auto$ff.cc:337:slice$2894 ($dffe) from module ot_qwen_kvc_write_link_bridge.
Setting constant 0-bit at position 109 on $auto$ff.cc:337:slice$2894 ($dffe) from module ot_qwen_kvc_write_link_bridge.
Setting constant 0-bit at position 110 on $auto$ff.cc:337:slice$2894 ($dffe) from module ot_qwen_kvc_write_link_bridge.
Setting constant 0-bit at position 111 on $auto$ff.cc:337:slice$2894 ($dffe) from module ot_qwen_kvc_write_link_bridge.
Setting constant 0-bit at position 112 on $auto$ff.cc:337:slice$2894 ($dffe) from module ot_qwen_kvc_write_link_bridge.
Setting constant 0-bit at position 113 on $auto$ff.cc:337:slice$2894 ($dffe) from module ot_qwen_kvc_write_link_bridge.
Setting constant 0-bit at position 114 on $auto$ff.cc:337:slice$2894 ($dffe) from module ot_qwen_kvc_write_link_bridge.
Setting constant 0-bit at position 115 on $auto$ff.cc:337:slice$2894 ($dffe) from module ot_qwen_kvc_write_link_bridge.
Setting constant 0-bit at position 116 on $auto$ff.cc:337:slice$2894 ($dffe) from module ot_qwen_kvc_write_link_bridge.
Setting constant 0-bit at position 117 on $auto$ff.cc:337:slice$2894 ($dffe) from module ot_qwen_kvc_write_link_bridge.
Setting constant 0-bit at position 118 on $auto$ff.cc:337:slice$2894 ($dffe) from module ot_qwen_kvc_write_link_bridge.
Setting constant 0-bit at position 119 on $auto$ff.cc:337:slice$2894 ($dffe) from module ot_qwen_kvc_write_link_bridge.
Setting constant 0-bit at position 120 on $auto$ff.cc:337:slice$2894 ($dffe) from module ot_qwen_kvc_write_link_bridge.
Setting constant 0-bit at position 121 on $auto$ff.cc:337:slice$2894 ($dffe) from module ot_qwen_kvc_write_link_bridge.
Setting constant 0-bit at position 122 on $auto$ff.cc:337:slice$2894 ($dffe) from module ot_qwen_kvc_write_link_bridge.
Setting constant 0-bit at position 123 on $auto$ff.cc:337:slice$2894 ($dffe) from module ot_qwen_kvc_write_link_bridge.
Setting constant 0-bit at position 124 on $auto$ff.cc:337:slice$2894 ($dffe) from module ot_qwen_kvc_write_link_bridge.
Setting constant 0-bit at position 125 on $auto$ff.cc:337:slice$2894 ($dffe) from module ot_qwen_kvc_write_link_bridge.
Setting constant 0-bit at position 126 on $auto$ff.cc:337:slice$2894 ($dffe) from module ot_qwen_kvc_write_link_bridge.
Setting constant 0-bit at position 127 on $auto$ff.cc:337:slice$2894 ($dffe) from module ot_qwen_kvc_write_link_bridge.
Setting constant 0-bit at position 128 on $auto$ff.cc:337:slice$2894 ($dffe) from module ot_qwen_kvc_write_link_bridge.
Setting constant 0-bit at position 129 on $auto$ff.cc:337:slice$2894 ($dffe) from module ot_qwen_kvc_write_link_bridge.
Setting constant 0-bit at position 130 on $auto$ff.cc:337:slice$2894 ($dffe) from module ot_qwen_kvc_write_link_bridge.
Setting constant 0-bit at position 131 on $auto$ff.cc:337:slice$2894 ($dffe) from module ot_qwen_kvc_write_link_bridge.
Setting constant 0-bit at position 132 on $auto$ff.cc:337:slice$2894 ($dffe) from module ot_qwen_kvc_write_link_bridge.
Setting constant 0-bit at position 133 on $auto$ff.cc:337:slice$2894 ($dffe) from module ot_qwen_kvc_write_link_bridge.
Setting constant 0-bit at position 134 on $auto$ff.cc:337:slice$2894 ($dffe) from module ot_qwen_kvc_write_link_bridge.
Setting constant 0-bit at position 135 on $auto$ff.cc:337:slice$2894 ($dffe) from module ot_qwen_kvc_write_link_bridge.
Setting constant 0-bit at position 136 on $auto$ff.cc:337:slice$2894 ($dffe) from module ot_qwen_kvc_write_link_bridge.
Setting constant 0-bit at position 137 on $auto$ff.cc:337:slice$2894 ($dffe) from module ot_qwen_kvc_write_link_bridge.
Setting constant 0-bit at position 138 on $auto$ff.cc:337:slice$2894 ($dffe) from module ot_qwen_kvc_write_link_bridge.
Setting constant 0-bit at position 139 on $auto$ff.cc:337:slice$2894 ($dffe) from module ot_qwen_kvc_write_link_bridge.
Setting constant 0-bit at position 140 on $auto$ff.cc:337:slice$2894 ($dffe) from module ot_qwen_kvc_write_link_bridge.
Setting constant 0-bit at position 141 on $auto$ff.cc:337:slice$2894 ($dffe) from module ot_qwen_kvc_write_link_bridge.
Setting constant 0-bit at position 142 on $auto$ff.cc:337:slice$2894 ($dffe) from module ot_qwen_kvc_write_link_bridge.
Setting constant 0-bit at position 143 on $auto$ff.cc:337:slice$2894 ($dffe) from module ot_qwen_kvc_write_link_bridge.
Setting constant 0-bit at position 144 on $auto$ff.cc:337:slice$2894 ($dffe) from module ot_qwen_kvc_write_link_bridge.
Setting constant 0-bit at position 145 on $auto$ff.cc:337:slice$2894 ($dffe) from module ot_qwen_kvc_write_link_bridge.
Setting constant 0-bit at position 146 on $auto$ff.cc:337:slice$2894 ($dffe) from module ot_qwen_kvc_write_link_bridge.
Setting constant 0-bit at position 147 on $auto$ff.cc:337:slice$2894 ($dffe) from module ot_qwen_kvc_write_link_bridge.
Setting constant 0-bit at position 148 on $auto$ff.cc:337:slice$2894 ($dffe) from module ot_qwen_kvc_write_link_bridge.
Setting constant 0-bit at position 149 on $auto$ff.cc:337:slice$2894 ($dffe) from module ot_qwen_kvc_write_link_bridge.
Setting constant 0-bit at position 150 on $auto$ff.cc:337:slice$2894 ($dffe) from module ot_qwen_kvc_write_link_bridge.
Setting constant 0-bit at position 151 on $auto$ff.cc:337:slice$2894 ($dffe) from module ot_qwen_kvc_write_link_bridge.
Setting constant 0-bit at position 152 on $auto$ff.cc:337:slice$2894 ($dffe) from module ot_qwen_kvc_write_link_bridge.
Setting constant 0-bit at position 153 on $auto$ff.cc:337:slice$2894 ($dffe) from module ot_qwen_kvc_write_link_bridge.
Setting constant 0-bit at position 154 on $auto$ff.cc:337:slice$2894 ($dffe) from module ot_qwen_kvc_write_link_bridge.
Setting constant 0-bit at position 155 on $auto$ff.cc:337:slice$2894 ($dffe) from module ot_qwen_kvc_write_link_bridge.
Setting constant 0-bit at position 156 on $auto$ff.cc:337:slice$2894 ($dffe) from module ot_qwen_kvc_write_link_bridge.
Setting constant 0-bit at position 157 on $auto$ff.cc:337:slice$2894 ($dffe) from module ot_qwen_kvc_write_link_bridge.
Setting constant 0-bit at position 158 on $auto$ff.cc:337:slice$2894 ($dffe) from module ot_qwen_kvc_write_link_bridge.
Setting constant 0-bit at position 159 on $auto$ff.cc:337:slice$2894 ($dffe) from module ot_qwen_kvc_write_link_bridge.
Setting constant 0-bit at position 160 on $auto$ff.cc:337:slice$2894 ($dffe) from module ot_qwen_kvc_write_link_bridge.
Setting constant 0-bit at position 161 on $auto$ff.cc:337:slice$2894 ($dffe) from module ot_qwen_kvc_write_link_bridge.
Setting constant 0-bit at position 162 on $auto$ff.cc:337:slice$2894 ($dffe) from module ot_qwen_kvc_write_link_bridge.
Setting constant 0-bit at position 163 on $auto$ff.cc:337:slice$2894 ($dffe) from module ot_qwen_kvc_write_link_bridge.
Setting constant 0-bit at position 164 on $auto$ff.cc:337:slice$2894 ($dffe) from module ot_qwen_kvc_write_link_bridge.
Setting constant 0-bit at position 165 on $auto$ff.cc:337:slice$2894 ($dffe) from module ot_qwen_kvc_write_link_bridge.
Setting constant 0-bit at position 166 on $auto$ff.cc:337:slice$2894 ($dffe) from module ot_qwen_kvc_write_link_bridge.
Setting constant 0-bit at position 167 on $auto$ff.cc:337:slice$2894 ($dffe) from module ot_qwen_kvc_write_link_bridge.
Setting constant 0-bit at position 168 on $auto$ff.cc:337:slice$2894 ($dffe) from module ot_qwen_kvc_write_link_bridge.
Setting constant 0-bit at position 169 on $auto$ff.cc:337:slice$2894 ($dffe) from module ot_qwen_kvc_write_link_bridge.
Setting constant 0-bit at position 170 on $auto$ff.cc:337:slice$2894 ($dffe) from module ot_qwen_kvc_write_link_bridge.
Setting constant 0-bit at position 171 on $auto$ff.cc:337:slice$2894 ($dffe) from module ot_qwen_kvc_write_link_bridge.
Setting constant 0-bit at position 172 on $auto$ff.cc:337:slice$2894 ($dffe) from module ot_qwen_kvc_write_link_bridge.
Setting constant 0-bit at position 173 on $auto$ff.cc:337:slice$2894 ($dffe) from module ot_qwen_kvc_write_link_bridge.
Setting constant 0-bit at position 174 on $auto$ff.cc:337:slice$2894 ($dffe) from module ot_qwen_kvc_write_link_bridge.
Setting constant 0-bit at position 175 on $auto$ff.cc:337:slice$2894 ($dffe) from module ot_qwen_kvc_write_link_bridge.
Setting constant 0-bit at position 176 on $auto$ff.cc:337:slice$2894 ($dffe) from module ot_qwen_kvc_write_link_bridge.
Setting constant 0-bit at position 177 on $auto$ff.cc:337:slice$2894 ($dffe) from module ot_qwen_kvc_write_link_bridge.
Setting constant 0-bit at position 178 on $auto$ff.cc:337:slice$2894 ($dffe) from module ot_qwen_kvc_write_link_bridge.
Setting constant 0-bit at position 179 on $auto$ff.cc:337:slice$2894 ($dffe) from module ot_qwen_kvc_write_link_bridge.
Setting constant 0-bit at position 180 on $auto$ff.cc:337:slice$2894 ($dffe) from module ot_qwen_kvc_write_link_bridge.
Setting constant 0-bit at position 181 on $auto$ff.cc:337:slice$2894 ($dffe) from module ot_qwen_kvc_write_link_bridge.
Setting constant 0-bit at position 487 on $auto$ff.cc:337:slice$2894 ($dffe) from module ot_qwen_kvc_write_link_bridge.
Setting constant 0-bit at position 488 on $auto$ff.cc:337:slice$2894 ($dffe) from module ot_qwen_kvc_write_link_bridge.
Setting constant 0-bit at position 489 on $auto$ff.cc:337:slice$2894 ($dffe) from module ot_qwen_kvc_write_link_bridge.
Setting constant 0-bit at position 490 on $auto$ff.cc:337:slice$2894 ($dffe) from module ot_qwen_kvc_write_link_bridge.
Setting constant 0-bit at position 491 on $auto$ff.cc:337:slice$2894 ($dffe) from module ot_qwen_kvc_write_link_bridge.
Setting constant 0-bit at position 492 on $auto$ff.cc:337:slice$2894 ($dffe) from module ot_qwen_kvc_write_link_bridge.
Setting constant 0-bit at position 493 on $auto$ff.cc:337:slice$2894 ($dffe) from module ot_qwen_kvc_write_link_bridge.
Setting constant 1-bit at position 502 on $auto$ff.cc:337:slice$2894 ($dffe) from module ot_qwen_kvc_write_link_bridge.
Setting constant 0-bit at position 503 on $auto$ff.cc:337:slice$2894 ($dffe) from module ot_qwen_kvc_write_link_bridge.
Setting constant 0-bit at position 504 on $auto$ff.cc:337:slice$2894 ($dffe) from module ot_qwen_kvc_write_link_bridge.
Setting constant 0-bit at position 505 on $auto$ff.cc:337:slice$2894 ($dffe) from module ot_qwen_kvc_write_link_bridge.
Setting constant 1-bit at position 506 on $auto$ff.cc:337:slice$2894 ($dffe) from module ot_qwen_kvc_write_link_bridge.
Setting constant 0-bit at position 507 on $auto$ff.cc:337:slice$2894 ($dffe) from module ot_qwen_kvc_write_link_bridge.
Setting constant 0-bit at position 508 on $auto$ff.cc:337:slice$2894 ($dffe) from module ot_qwen_kvc_write_link_bridge.
Setting constant 0-bit at position 509 on $auto$ff.cc:337:slice$2894 ($dffe) from module ot_qwen_kvc_write_link_bridge.
Setting constant 0-bit at position 32 on $auto$ff.cc:337:slice$2890 ($dffe) from module ot_qwen_kvc_write_link_bridge.
Setting constant 0-bit at position 33 on $auto$ff.cc:337:slice$2890 ($dffe) from module ot_qwen_kvc_write_link_bridge.
Setting constant 0-bit at position 34 on $auto$ff.cc:337:slice$2890 ($dffe) from module ot_qwen_kvc_write_link_bridge.
Setting constant 0-bit at position 35 on $auto$ff.cc:337:slice$2890 ($dffe) from module ot_qwen_kvc_write_link_bridge.
Setting constant 0-bit at position 36 on $auto$ff.cc:337:slice$2890 ($dffe) from module ot_qwen_kvc_write_link_bridge.
Setting constant 0-bit at position 37 on $auto$ff.cc:337:slice$2890 ($dffe) from module ot_qwen_kvc_write_link_bridge.
Setting constant 0-bit at position 38 on $auto$ff.cc:337:slice$2890 ($dffe) from module ot_qwen_kvc_write_link_bridge.
Setting constant 0-bit at position 39 on $auto$ff.cc:337:slice$2890 ($dffe) from module ot_qwen_kvc_write_link_bridge.
Setting constant 0-bit at position 40 on $auto$ff.cc:337:slice$2890 ($dffe) from module ot_qwen_kvc_write_link_bridge.
Setting constant 0-bit at position 41 on $auto$ff.cc:337:slice$2890 ($dffe) from module ot_qwen_kvc_write_link_bridge.
Setting constant 0-bit at position 42 on $auto$ff.cc:337:slice$2890 ($dffe) from module ot_qwen_kvc_write_link_bridge.
Setting constant 0-bit at position 43 on $auto$ff.cc:337:slice$2890 ($dffe) from module ot_qwen_kvc_write_link_bridge.
Setting constant 0-bit at position 44 on $auto$ff.cc:337:slice$2890 ($dffe) from module ot_qwen_kvc_write_link_bridge.
Setting constant 0-bit at position 45 on $auto$ff.cc:337:slice$2890 ($dffe) from module ot_qwen_kvc_write_link_bridge.
Setting constant 0-bit at position 46 on $auto$ff.cc:337:slice$2890 ($dffe) from module ot_qwen_kvc_write_link_bridge.
Setting constant 0-bit at position 47 on $auto$ff.cc:337:slice$2890 ($dffe) from module ot_qwen_kvc_write_link_bridge.
Setting constant 0-bit at position 48 on $auto$ff.cc:337:slice$2890 ($dffe) from module ot_qwen_kvc_write_link_bridge.
Setting constant 0-bit at position 49 on $auto$ff.cc:337:slice$2890 ($dffe) from module ot_qwen_kvc_write_link_bridge.
Setting constant 0-bit at position 50 on $auto$ff.cc:337:slice$2890 ($dffe) from module ot_qwen_kvc_write_link_bridge.
Setting constant 0-bit at position 51 on $auto$ff.cc:337:slice$2890 ($dffe) from module ot_qwen_kvc_write_link_bridge.
Setting constant 0-bit at position 52 on $auto$ff.cc:337:slice$2890 ($dffe) from module ot_qwen_kvc_write_link_bridge.
Setting constant 0-bit at position 53 on $auto$ff.cc:337:slice$2890 ($dffe) from module ot_qwen_kvc_write_link_bridge.
Setting constant 0-bit at position 54 on $auto$ff.cc:337:slice$2890 ($dffe) from module ot_qwen_kvc_write_link_bridge.
Setting constant 0-bit at position 55 on $auto$ff.cc:337:slice$2890 ($dffe) from module ot_qwen_kvc_write_link_bridge.
Setting constant 0-bit at position 56 on $auto$ff.cc:337:slice$2890 ($dffe) from module ot_qwen_kvc_write_link_bridge.
Setting constant 0-bit at position 57 on $auto$ff.cc:337:slice$2890 ($dffe) from module ot_qwen_kvc_write_link_bridge.
Setting constant 0-bit at position 58 on $auto$ff.cc:337:slice$2890 ($dffe) from module ot_qwen_kvc_write_link_bridge.
Setting constant 0-bit at position 59 on $auto$ff.cc:337:slice$2890 ($dffe) from module ot_qwen_kvc_write_link_bridge.
Setting constant 0-bit at position 60 on $auto$ff.cc:337:slice$2890 ($dffe) from module ot_qwen_kvc_write_link_bridge.
Setting constant 0-bit at position 61 on $auto$ff.cc:337:slice$2890 ($dffe) from module ot_qwen_kvc_write_link_bridge.
Setting constant 0-bit at position 62 on $auto$ff.cc:337:slice$2890 ($dffe) from module ot_qwen_kvc_write_link_bridge.
Setting constant 0-bit at position 63 on $auto$ff.cc:337:slice$2890 ($dffe) from module ot_qwen_kvc_write_link_bridge.
Setting constant 0-bit at position 64 on $auto$ff.cc:337:slice$2890 ($dffe) from module ot_qwen_kvc_write_link_bridge.
Setting constant 0-bit at position 65 on $auto$ff.cc:337:slice$2890 ($dffe) from module ot_qwen_kvc_write_link_bridge.
Setting constant 0-bit at position 66 on $auto$ff.cc:337:slice$2890 ($dffe) from module ot_qwen_kvc_write_link_bridge.
Setting constant 0-bit at position 67 on $auto$ff.cc:337:slice$2890 ($dffe) from module ot_qwen_kvc_write_link_bridge.
Setting constant 0-bit at position 68 on $auto$ff.cc:337:slice$2890 ($dffe) from module ot_qwen_kvc_write_link_bridge.
Setting constant 0-bit at position 69 on $auto$ff.cc:337:slice$2890 ($dffe) from module ot_qwen_kvc_write_link_bridge.
Setting constant 0-bit at position 70 on $auto$ff.cc:337:slice$2890 ($dffe) from module ot_qwen_kvc_write_link_bridge.
Setting constant 0-bit at position 71 on $auto$ff.cc:337:slice$2890 ($dffe) from module ot_qwen_kvc_write_link_bridge.
Setting constant 0-bit at position 72 on $auto$ff.cc:337:slice$2890 ($dffe) from module ot_qwen_kvc_write_link_bridge.
Setting constant 0-bit at position 73 on $auto$ff.cc:337:slice$2890 ($dffe) from module ot_qwen_kvc_write_link_bridge.
Setting constant 0-bit at position 74 on $auto$ff.cc:337:slice$2890 ($dffe) from module ot_qwen_kvc_write_link_bridge.
Setting constant 0-bit at position 75 on $auto$ff.cc:337:slice$2890 ($dffe) from module ot_qwen_kvc_write_link_bridge.
Setting constant 0-bit at position 76 on $auto$ff.cc:337:slice$2890 ($dffe) from module ot_qwen_kvc_write_link_bridge.
Setting constant 0-bit at position 77 on $auto$ff.cc:337:slice$2890 ($dffe) from module ot_qwen_kvc_write_link_bridge.
Setting constant 0-bit at position 78 on $auto$ff.cc:337:slice$2890 ($dffe) from module ot_qwen_kvc_write_link_bridge.
Setting constant 0-bit at position 79 on $auto$ff.cc:337:slice$2890 ($dffe) from module ot_qwen_kvc_write_link_bridge.
Setting constant 0-bit at position 80 on $auto$ff.cc:337:slice$2890 ($dffe) from module ot_qwen_kvc_write_link_bridge.
Setting constant 0-bit at position 81 on $auto$ff.cc:337:slice$2890 ($dffe) from module ot_qwen_kvc_write_link_bridge.
Setting constant 0-bit at position 82 on $auto$ff.cc:337:slice$2890 ($dffe) from module ot_qwen_kvc_write_link_bridge.
Setting constant 0-bit at position 83 on $auto$ff.cc:337:slice$2890 ($dffe) from module ot_qwen_kvc_write_link_bridge.
Setting constant 0-bit at position 84 on $auto$ff.cc:337:slice$2890 ($dffe) from module ot_qwen_kvc_write_link_bridge.
Setting constant 0-bit at position 85 on $auto$ff.cc:337:slice$2890 ($dffe) from module ot_qwen_kvc_write_link_bridge.
Setting constant 0-bit at position 86 on $auto$ff.cc:337:slice$2890 ($dffe) from module ot_qwen_kvc_write_link_bridge.
Setting constant 0-bit at position 87 on $auto$ff.cc:337:slice$2890 ($dffe) from module ot_qwen_kvc_write_link_bridge.
Setting constant 0-bit at position 88 on $auto$ff.cc:337:slice$2890 ($dffe) from module ot_qwen_kvc_write_link_bridge.
Setting constant 0-bit at position 89 on $auto$ff.cc:337:slice$2890 ($dffe) from module ot_qwen_kvc_write_link_bridge.
Setting constant 0-bit at position 90 on $auto$ff.cc:337:slice$2890 ($dffe) from module ot_qwen_kvc_write_link_bridge.
Setting constant 0-bit at position 91 on $auto$ff.cc:337:slice$2890 ($dffe) from module ot_qwen_kvc_write_link_bridge.
Setting constant 0-bit at position 92 on $auto$ff.cc:337:slice$2890 ($dffe) from module ot_qwen_kvc_write_link_bridge.
Setting constant 0-bit at position 93 on $auto$ff.cc:337:slice$2890 ($dffe) from module ot_qwen_kvc_write_link_bridge.
Setting constant 0-bit at position 94 on $auto$ff.cc:337:slice$2890 ($dffe) from module ot_qwen_kvc_write_link_bridge.
Setting constant 0-bit at position 95 on $auto$ff.cc:337:slice$2890 ($dffe) from module ot_qwen_kvc_write_link_bridge.
Setting constant 0-bit at position 96 on $auto$ff.cc:337:slice$2890 ($dffe) from module ot_qwen_kvc_write_link_bridge.
Setting constant 0-bit at position 97 on $auto$ff.cc:337:slice$2890 ($dffe) from module ot_qwen_kvc_write_link_bridge.
Setting constant 0-bit at position 98 on $auto$ff.cc:337:slice$2890 ($dffe) from module ot_qwen_kvc_write_link_bridge.
Setting constant 0-bit at position 99 on $auto$ff.cc:337:slice$2890 ($dffe) from module ot_qwen_kvc_write_link_bridge.
Setting constant 0-bit at position 100 on $auto$ff.cc:337:slice$2890 ($dffe) from module ot_qwen_kvc_write_link_bridge.
Setting constant 0-bit at position 101 on $auto$ff.cc:337:slice$2890 ($dffe) from module ot_qwen_kvc_write_link_bridge.
Setting constant 0-bit at position 102 on $auto$ff.cc:337:slice$2890 ($dffe) from module ot_qwen_kvc_write_link_bridge.
Setting constant 0-bit at position 103 on $auto$ff.cc:337:slice$2890 ($dffe) from module ot_qwen_kvc_write_link_bridge.
Setting constant 0-bit at position 104 on $auto$ff.cc:337:slice$2890 ($dffe) from module ot_qwen_kvc_write_link_bridge.
Setting constant 0-bit at position 105 on $auto$ff.cc:337:slice$2890 ($dffe) from module ot_qwen_kvc_write_link_bridge.
Setting constant 0-bit at position 106 on $auto$ff.cc:337:slice$2890 ($dffe) from module ot_qwen_kvc_write_link_bridge.
Setting constant 0-bit at position 107 on $auto$ff.cc:337:slice$2890 ($dffe) from module ot_qwen_kvc_write_link_bridge.
Setting constant 0-bit at position 108 on $auto$ff.cc:337:slice$2890 ($dffe) from module ot_qwen_kvc_write_link_bridge.
Setting constant 0-bit at position 109 on $auto$ff.cc:337:slice$2890 ($dffe) from module ot_qwen_kvc_write_link_bridge.
Setting constant 0-bit at position 110 on $auto$ff.cc:337:slice$2890 ($dffe) from module ot_qwen_kvc_write_link_bridge.
Setting constant 0-bit at position 111 on $auto$ff.cc:337:slice$2890 ($dffe) from module ot_qwen_kvc_write_link_bridge.
Setting constant 0-bit at position 112 on $auto$ff.cc:337:slice$2890 ($dffe) from module ot_qwen_kvc_write_link_bridge.
Setting constant 0-bit at position 113 on $auto$ff.cc:337:slice$2890 ($dffe) from module ot_qwen_kvc_write_link_bridge.
Setting constant 0-bit at position 114 on $auto$ff.cc:337:slice$2890 ($dffe) from module ot_qwen_kvc_write_link_bridge.
Setting constant 0-bit at position 115 on $auto$ff.cc:337:slice$2890 ($dffe) from module ot_qwen_kvc_write_link_bridge.
Setting constant 0-bit at position 116 on $auto$ff.cc:337:slice$2890 ($dffe) from module ot_qwen_kvc_write_link_bridge.
Setting constant 0-bit at position 117 on $auto$ff.cc:337:slice$2890 ($dffe) from module ot_qwen_kvc_write_link_bridge.
Setting constant 0-bit at position 118 on $auto$ff.cc:337:slice$2890 ($dffe) from module ot_qwen_kvc_write_link_bridge.
Setting constant 0-bit at position 119 on $auto$ff.cc:337:slice$2890 ($dffe) from module ot_qwen_kvc_write_link_bridge.
Setting constant 0-bit at position 120 on $auto$ff.cc:337:slice$2890 ($dffe) from module ot_qwen_kvc_write_link_bridge.
Setting constant 0-bit at position 121 on $auto$ff.cc:337:slice$2890 ($dffe) from module ot_qwen_kvc_write_link_bridge.
Setting constant 0-bit at position 122 on $auto$ff.cc:337:slice$2890 ($dffe) from module ot_qwen_kvc_write_link_bridge.
Setting constant 0-bit at position 123 on $auto$ff.cc:337:slice$2890 ($dffe) from module ot_qwen_kvc_write_link_bridge.
Setting constant 0-bit at position 124 on $auto$ff.cc:337:slice$2890 ($dffe) from module ot_qwen_kvc_write_link_bridge.
Setting constant 0-bit at position 125 on $auto$ff.cc:337:slice$2890 ($dffe) from module ot_qwen_kvc_write_link_bridge.
Setting constant 0-bit at position 126 on $auto$ff.cc:337:slice$2890 ($dffe) from module ot_qwen_kvc_write_link_bridge.
Setting constant 0-bit at position 127 on $auto$ff.cc:337:slice$2890 ($dffe) from module ot_qwen_kvc_write_link_bridge.
Setting constant 0-bit at position 128 on $auto$ff.cc:337:slice$2890 ($dffe) from module ot_qwen_kvc_write_link_bridge.
Setting constant 0-bit at position 129 on $auto$ff.cc:337:slice$2890 ($dffe) from module ot_qwen_kvc_write_link_bridge.
Setting constant 0-bit at position 130 on $auto$ff.cc:337:slice$2890 ($dffe) from module ot_qwen_kvc_write_link_bridge.
Setting constant 0-bit at position 131 on $auto$ff.cc:337:slice$2890 ($dffe) from module ot_qwen_kvc_write_link_bridge.
Setting constant 0-bit at position 132 on $auto$ff.cc:337:slice$2890 ($dffe) from module ot_qwen_kvc_write_link_bridge.
Setting constant 0-bit at position 133 on $auto$ff.cc:337:slice$2890 ($dffe) from module ot_qwen_kvc_write_link_bridge.
Setting constant 0-bit at position 134 on $auto$ff.cc:337:slice$2890 ($dffe) from module ot_qwen_kvc_write_link_bridge.
Setting constant 0-bit at position 135 on $auto$ff.cc:337:slice$2890 ($dffe) from module ot_qwen_kvc_write_link_bridge.
Setting constant 0-bit at position 136 on $auto$ff.cc:337:slice$2890 ($dffe) from module ot_qwen_kvc_write_link_bridge.
Setting constant 0-bit at position 137 on $auto$ff.cc:337:slice$2890 ($dffe) from module ot_qwen_kvc_write_link_bridge.
Setting constant 0-bit at position 138 on $auto$ff.cc:337:slice$2890 ($dffe) from module ot_qwen_kvc_write_link_bridge.
Setting constant 0-bit at position 139 on $auto$ff.cc:337:slice$2890 ($dffe) from module ot_qwen_kvc_write_link_bridge.
Setting constant 0-bit at position 140 on $auto$ff.cc:337:slice$2890 ($dffe) from module ot_qwen_kvc_write_link_bridge.
Setting constant 0-bit at position 141 on $auto$ff.cc:337:slice$2890 ($dffe) from module ot_qwen_kvc_write_link_bridge.
Setting constant 0-bit at position 142 on $auto$ff.cc:337:slice$2890 ($dffe) from module ot_qwen_kvc_write_link_bridge.
Setting constant 0-bit at position 143 on $auto$ff.cc:337:slice$2890 ($dffe) from module ot_qwen_kvc_write_link_bridge.
Setting constant 0-bit at position 144 on $auto$ff.cc:337:slice$2890 ($dffe) from module ot_qwen_kvc_write_link_bridge.
Setting constant 0-bit at position 145 on $auto$ff.cc:337:slice$2890 ($dffe) from module ot_qwen_kvc_write_link_bridge.
Setting constant 0-bit at position 146 on $auto$ff.cc:337:slice$2890 ($dffe) from module ot_qwen_kvc_write_link_bridge.
Setting constant 0-bit at position 147 on $auto$ff.cc:337:slice$2890 ($dffe) from module ot_qwen_kvc_write_link_bridge.
Setting constant 0-bit at position 148 on $auto$ff.cc:337:slice$2890 ($dffe) from module ot_qwen_kvc_write_link_bridge.
Setting constant 0-bit at position 149 on $auto$ff.cc:337:slice$2890 ($dffe) from module ot_qwen_kvc_write_link_bridge.
Setting constant 0-bit at position 150 on $auto$ff.cc:337:slice$2890 ($dffe) from module ot_qwen_kvc_write_link_bridge.
Setting constant 0-bit at position 151 on $auto$ff.cc:337:slice$2890 ($dffe) from module ot_qwen_kvc_write_link_bridge.
Setting constant 0-bit at position 152 on $auto$ff.cc:337:slice$2890 ($dffe) from module ot_qwen_kvc_write_link_bridge.
Setting constant 0-bit at position 153 on $auto$ff.cc:337:slice$2890 ($dffe) from module ot_qwen_kvc_write_link_bridge.
Setting constant 0-bit at position 154 on $auto$ff.cc:337:slice$2890 ($dffe) from module ot_qwen_kvc_write_link_bridge.
Setting constant 0-bit at position 155 on $auto$ff.cc:337:slice$2890 ($dffe) from module ot_qwen_kvc_write_link_bridge.
Setting constant 0-bit at position 156 on $auto$ff.cc:337:slice$2890 ($dffe) from module ot_qwen_kvc_write_link_bridge.
Setting constant 0-bit at position 157 on $auto$ff.cc:337:slice$2890 ($dffe) from module ot_qwen_kvc_write_link_bridge.
Setting constant 0-bit at position 158 on $auto$ff.cc:337:slice$2890 ($dffe) from module ot_qwen_kvc_write_link_bridge.
Setting constant 0-bit at position 159 on $auto$ff.cc:337:slice$2890 ($dffe) from module ot_qwen_kvc_write_link_bridge.
Setting constant 0-bit at position 160 on $auto$ff.cc:337:slice$2890 ($dffe) from module ot_qwen_kvc_write_link_bridge.
Setting constant 0-bit at position 161 on $auto$ff.cc:337:slice$2890 ($dffe) from module ot_qwen_kvc_write_link_bridge.
Setting constant 0-bit at position 162 on $auto$ff.cc:337:slice$2890 ($dffe) from module ot_qwen_kvc_write_link_bridge.
Setting constant 0-bit at position 163 on $auto$ff.cc:337:slice$2890 ($dffe) from module ot_qwen_kvc_write_link_bridge.
Setting constant 0-bit at position 164 on $auto$ff.cc:337:slice$2890 ($dffe) from module ot_qwen_kvc_write_link_bridge.
Setting constant 0-bit at position 165 on $auto$ff.cc:337:slice$2890 ($dffe) from module ot_qwen_kvc_write_link_bridge.
Setting constant 0-bit at position 166 on $auto$ff.cc:337:slice$2890 ($dffe) from module ot_qwen_kvc_write_link_bridge.
Setting constant 0-bit at position 167 on $auto$ff.cc:337:slice$2890 ($dffe) from module ot_qwen_kvc_write_link_bridge.
Setting constant 0-bit at position 168 on $auto$ff.cc:337:slice$2890 ($dffe) from module ot_qwen_kvc_write_link_bridge.
Setting constant 0-bit at position 169 on $auto$ff.cc:337:slice$2890 ($dffe) from module ot_qwen_kvc_write_link_bridge.
Setting constant 0-bit at position 170 on $auto$ff.cc:337:slice$2890 ($dffe) from module ot_qwen_kvc_write_link_bridge.
Setting constant 0-bit at position 171 on $auto$ff.cc:337:slice$2890 ($dffe) from module ot_qwen_kvc_write_link_bridge.
Setting constant 0-bit at position 172 on $auto$ff.cc:337:slice$2890 ($dffe) from module ot_qwen_kvc_write_link_bridge.
Setting constant 0-bit at position 173 on $auto$ff.cc:337:slice$2890 ($dffe) from module ot_qwen_kvc_write_link_bridge.
Setting constant 0-bit at position 174 on $auto$ff.cc:337:slice$2890 ($dffe) from module ot_qwen_kvc_write_link_bridge.
Setting constant 0-bit at position 175 on $auto$ff.cc:337:slice$2890 ($dffe) from module ot_qwen_kvc_write_link_bridge.
Setting constant 0-bit at position 176 on $auto$ff.cc:337:slice$2890 ($dffe) from module ot_qwen_kvc_write_link_bridge.
Setting constant 0-bit at position 177 on $auto$ff.cc:337:slice$2890 ($dffe) from module ot_qwen_kvc_write_link_bridge.
Setting constant 0-bit at position 178 on $auto$ff.cc:337:slice$2890 ($dffe) from module ot_qwen_kvc_write_link_bridge.
Setting constant 0-bit at position 179 on $auto$ff.cc:337:slice$2890 ($dffe) from module ot_qwen_kvc_write_link_bridge.
Setting constant 0-bit at position 180 on $auto$ff.cc:337:slice$2890 ($dffe) from module ot_qwen_kvc_write_link_bridge.
Setting constant 0-bit at position 181 on $auto$ff.cc:337:slice$2890 ($dffe) from module ot_qwen_kvc_write_link_bridge.
Setting constant 0-bit at position 487 on $auto$ff.cc:337:slice$2890 ($dffe) from module ot_qwen_kvc_write_link_bridge.
Setting constant 0-bit at position 488 on $auto$ff.cc:337:slice$2890 ($dffe) from module ot_qwen_kvc_write_link_bridge.
Setting constant 0-bit at position 489 on $auto$ff.cc:337:slice$2890 ($dffe) from module ot_qwen_kvc_write_link_bridge.
Setting constant 0-bit at position 490 on $auto$ff.cc:337:slice$2890 ($dffe) from module ot_qwen_kvc_write_link_bridge.
Setting constant 0-bit at position 491 on $auto$ff.cc:337:slice$2890 ($dffe) from module ot_qwen_kvc_write_link_bridge.
Setting constant 0-bit at position 492 on $auto$ff.cc:337:slice$2890 ($dffe) from module ot_qwen_kvc_write_link_bridge.
Setting constant 0-bit at position 493 on $auto$ff.cc:337:slice$2890 ($dffe) from module ot_qwen_kvc_write_link_bridge.
Setting constant 1-bit at position 502 on $auto$ff.cc:337:slice$2890 ($dffe) from module ot_qwen_kvc_write_link_bridge.
Setting constant 0-bit at position 503 on $auto$ff.cc:337:slice$2890 ($dffe) from module ot_qwen_kvc_write_link_bridge.
Setting constant 0-bit at position 504 on $auto$ff.cc:337:slice$2890 ($dffe) from module ot_qwen_kvc_write_link_bridge.
Setting constant 0-bit at position 505 on $auto$ff.cc:337:slice$2890 ($dffe) from module ot_qwen_kvc_write_link_bridge.
Setting constant 1-bit at position 506 on $auto$ff.cc:337:slice$2890 ($dffe) from module ot_qwen_kvc_write_link_bridge.
Setting constant 0-bit at position 507 on $auto$ff.cc:337:slice$2890 ($dffe) from module ot_qwen_kvc_write_link_bridge.
Setting constant 0-bit at position 508 on $auto$ff.cc:337:slice$2890 ($dffe) from module ot_qwen_kvc_write_link_bridge.
Setting constant 0-bit at position 509 on $auto$ff.cc:337:slice$2890 ($dffe) from module ot_qwen_kvc_write_link_bridge.
Setting constant 0-bit at position 32 on $auto$ff.cc:337:slice$2887 ($dffe) from module ot_qwen_kvc_write_link_bridge.
Setting constant 0-bit at position 33 on $auto$ff.cc:337:slice$2887 ($dffe) from module ot_qwen_kvc_write_link_bridge.
Setting constant 0-bit at position 34 on $auto$ff.cc:337:slice$2887 ($dffe) from module ot_qwen_kvc_write_link_bridge.
Setting constant 0-bit at position 35 on $auto$ff.cc:337:slice$2887 ($dffe) from module ot_qwen_kvc_write_link_bridge.
Setting constant 0-bit at position 36 on $auto$ff.cc:337:slice$2887 ($dffe) from module ot_qwen_kvc_write_link_bridge.
Setting constant 0-bit at position 37 on $auto$ff.cc:337:slice$2887 ($dffe) from module ot_qwen_kvc_write_link_bridge.
Setting constant 0-bit at position 38 on $auto$ff.cc:337:slice$2887 ($dffe) from module ot_qwen_kvc_write_link_bridge.
Setting constant 0-bit at position 39 on $auto$ff.cc:337:slice$2887 ($dffe) from module ot_qwen_kvc_write_link_bridge.
Setting constant 0-bit at position 40 on $auto$ff.cc:337:slice$2887 ($dffe) from module ot_qwen_kvc_write_link_bridge.
Setting constant 0-bit at position 41 on $auto$ff.cc:337:slice$2887 ($dffe) from module ot_qwen_kvc_write_link_bridge.
Setting constant 0-bit at position 42 on $auto$ff.cc:337:slice$2887 ($dffe) from module ot_qwen_kvc_write_link_bridge.
Setting constant 0-bit at position 43 on $auto$ff.cc:337:slice$2887 ($dffe) from module ot_qwen_kvc_write_link_bridge.
Setting constant 0-bit at position 44 on $auto$ff.cc:337:slice$2887 ($dffe) from module ot_qwen_kvc_write_link_bridge.
Setting constant 0-bit at position 45 on $auto$ff.cc:337:slice$2887 ($dffe) from module ot_qwen_kvc_write_link_bridge.
Setting constant 0-bit at position 46 on $auto$ff.cc:337:slice$2887 ($dffe) from module ot_qwen_kvc_write_link_bridge.
Setting constant 0-bit at position 47 on $auto$ff.cc:337:slice$2887 ($dffe) from module ot_qwen_kvc_write_link_bridge.
Setting constant 0-bit at position 48 on $auto$ff.cc:337:slice$2887 ($dffe) from module ot_qwen_kvc_write_link_bridge.
Setting constant 0-bit at position 49 on $auto$ff.cc:337:slice$2887 ($dffe) from module ot_qwen_kvc_write_link_bridge.
Setting constant 0-bit at position 50 on $auto$ff.cc:337:slice$2887 ($dffe) from module ot_qwen_kvc_write_link_bridge.
Setting constant 0-bit at position 51 on $auto$ff.cc:337:slice$2887 ($dffe) from module ot_qwen_kvc_write_link_bridge.
Setting constant 0-bit at position 52 on $auto$ff.cc:337:slice$2887 ($dffe) from module ot_qwen_kvc_write_link_bridge.
Setting constant 0-bit at position 53 on $auto$ff.cc:337:slice$2887 ($dffe) from module ot_qwen_kvc_write_link_bridge.
Setting constant 0-bit at position 54 on $auto$ff.cc:337:slice$2887 ($dffe) from module ot_qwen_kvc_write_link_bridge.
Setting constant 0-bit at position 55 on $auto$ff.cc:337:slice$2887 ($dffe) from module ot_qwen_kvc_write_link_bridge.
Setting constant 0-bit at position 56 on $auto$ff.cc:337:slice$2887 ($dffe) from module ot_qwen_kvc_write_link_bridge.
Setting constant 0-bit at position 57 on $auto$ff.cc:337:slice$2887 ($dffe) from module ot_qwen_kvc_write_link_bridge.
Setting constant 0-bit at position 58 on $auto$ff.cc:337:slice$2887 ($dffe) from module ot_qwen_kvc_write_link_bridge.
Setting constant 0-bit at position 59 on $auto$ff.cc:337:slice$2887 ($dffe) from module ot_qwen_kvc_write_link_bridge.
Setting constant 0-bit at position 60 on $auto$ff.cc:337:slice$2887 ($dffe) from module ot_qwen_kvc_write_link_bridge.
Setting constant 0-bit at position 61 on $auto$ff.cc:337:slice$2887 ($dffe) from module ot_qwen_kvc_write_link_bridge.
Setting constant 0-bit at position 62 on $auto$ff.cc:337:slice$2887 ($dffe) from module ot_qwen_kvc_write_link_bridge.
Setting constant 0-bit at position 63 on $auto$ff.cc:337:slice$2887 ($dffe) from module ot_qwen_kvc_write_link_bridge.
Setting constant 0-bit at position 64 on $auto$ff.cc:337:slice$2887 ($dffe) from module ot_qwen_kvc_write_link_bridge.
Setting constant 0-bit at position 65 on $auto$ff.cc:337:slice$2887 ($dffe) from module ot_qwen_kvc_write_link_bridge.
Setting constant 0-bit at position 66 on $auto$ff.cc:337:slice$2887 ($dffe) from module ot_qwen_kvc_write_link_bridge.
Setting constant 0-bit at position 67 on $auto$ff.cc:337:slice$2887 ($dffe) from module ot_qwen_kvc_write_link_bridge.
Setting constant 0-bit at position 68 on $auto$ff.cc:337:slice$2887 ($dffe) from module ot_qwen_kvc_write_link_bridge.
Setting constant 0-bit at position 69 on $auto$ff.cc:337:slice$2887 ($dffe) from module ot_qwen_kvc_write_link_bridge.
Setting constant 0-bit at position 70 on $auto$ff.cc:337:slice$2887 ($dffe) from module ot_qwen_kvc_write_link_bridge.
Setting constant 0-bit at position 71 on $auto$ff.cc:337:slice$2887 ($dffe) from module ot_qwen_kvc_write_link_bridge.
Setting constant 0-bit at position 72 on $auto$ff.cc:337:slice$2887 ($dffe) from module ot_qwen_kvc_write_link_bridge.
Setting constant 0-bit at position 73 on $auto$ff.cc:337:slice$2887 ($dffe) from module ot_qwen_kvc_write_link_bridge.
Setting constant 0-bit at position 74 on $auto$ff.cc:337:slice$2887 ($dffe) from module ot_qwen_kvc_write_link_bridge.
Setting constant 0-bit at position 75 on $auto$ff.cc:337:slice$2887 ($dffe) from module ot_qwen_kvc_write_link_bridge.
Setting constant 0-bit at position 76 on $auto$ff.cc:337:slice$2887 ($dffe) from module ot_qwen_kvc_write_link_bridge.
Setting constant 0-bit at position 77 on $auto$ff.cc:337:slice$2887 ($dffe) from module ot_qwen_kvc_write_link_bridge.
Setting constant 0-bit at position 78 on $auto$ff.cc:337:slice$2887 ($dffe) from module ot_qwen_kvc_write_link_bridge.
Setting constant 0-bit at position 79 on $auto$ff.cc:337:slice$2887 ($dffe) from module ot_qwen_kvc_write_link_bridge.
Setting constant 0-bit at position 80 on $auto$ff.cc:337:slice$2887 ($dffe) from module ot_qwen_kvc_write_link_bridge.
Setting constant 0-bit at position 81 on $auto$ff.cc:337:slice$2887 ($dffe) from module ot_qwen_kvc_write_link_bridge.
Setting constant 0-bit at position 82 on $auto$ff.cc:337:slice$2887 ($dffe) from module ot_qwen_kvc_write_link_bridge.
Setting constant 0-bit at position 83 on $auto$ff.cc:337:slice$2887 ($dffe) from module ot_qwen_kvc_write_link_bridge.
Setting constant 0-bit at position 84 on $auto$ff.cc:337:slice$2887 ($dffe) from module ot_qwen_kvc_write_link_bridge.
Setting constant 0-bit at position 85 on $auto$ff.cc:337:slice$2887 ($dffe) from module ot_qwen_kvc_write_link_bridge.
Setting constant 0-bit at position 86 on $auto$ff.cc:337:slice$2887 ($dffe) from module ot_qwen_kvc_write_link_bridge.
Setting constant 0-bit at position 87 on $auto$ff.cc:337:slice$2887 ($dffe) from module ot_qwen_kvc_write_link_bridge.
Setting constant 0-bit at position 88 on $auto$ff.cc:337:slice$2887 ($dffe) from module ot_qwen_kvc_write_link_bridge.
Setting constant 0-bit at position 89 on $auto$ff.cc:337:slice$2887 ($dffe) from module ot_qwen_kvc_write_link_bridge.
Setting constant 0-bit at position 90 on $auto$ff.cc:337:slice$2887 ($dffe) from module ot_qwen_kvc_write_link_bridge.
Setting constant 0-bit at position 91 on $auto$ff.cc:337:slice$2887 ($dffe) from module ot_qwen_kvc_write_link_bridge.
Setting constant 0-bit at position 92 on $auto$ff.cc:337:slice$2887 ($dffe) from module ot_qwen_kvc_write_link_bridge.
Setting constant 0-bit at position 93 on $auto$ff.cc:337:slice$2887 ($dffe) from module ot_qwen_kvc_write_link_bridge.
Setting constant 0-bit at position 94 on $auto$ff.cc:337:slice$2887 ($dffe) from module ot_qwen_kvc_write_link_bridge.
Setting constant 0-bit at position 95 on $auto$ff.cc:337:slice$2887 ($dffe) from module ot_qwen_kvc_write_link_bridge.
Setting constant 0-bit at position 96 on $auto$ff.cc:337:slice$2887 ($dffe) from module ot_qwen_kvc_write_link_bridge.
Setting constant 0-bit at position 97 on $auto$ff.cc:337:slice$2887 ($dffe) from module ot_qwen_kvc_write_link_bridge.
Setting constant 0-bit at position 98 on $auto$ff.cc:337:slice$2887 ($dffe) from module ot_qwen_kvc_write_link_bridge.
Setting constant 0-bit at position 99 on $auto$ff.cc:337:slice$2887 ($dffe) from module ot_qwen_kvc_write_link_bridge.
Setting constant 0-bit at position 100 on $auto$ff.cc:337:slice$2887 ($dffe) from module ot_qwen_kvc_write_link_bridge.
Setting constant 0-bit at position 101 on $auto$ff.cc:337:slice$2887 ($dffe) from module ot_qwen_kvc_write_link_bridge.
Setting constant 0-bit at position 102 on $auto$ff.cc:337:slice$2887 ($dffe) from module ot_qwen_kvc_write_link_bridge.
Setting constant 0-bit at position 103 on $auto$ff.cc:337:slice$2887 ($dffe) from module ot_qwen_kvc_write_link_bridge.
Setting constant 0-bit at position 104 on $auto$ff.cc:337:slice$2887 ($dffe) from module ot_qwen_kvc_write_link_bridge.
Setting constant 0-bit at position 105 on $auto$ff.cc:337:slice$2887 ($dffe) from module ot_qwen_kvc_write_link_bridge.
Setting constant 0-bit at position 106 on $auto$ff.cc:337:slice$2887 ($dffe) from module ot_qwen_kvc_write_link_bridge.
Setting constant 0-bit at position 107 on $auto$ff.cc:337:slice$2887 ($dffe) from module ot_qwen_kvc_write_link_bridge.
Setting constant 0-bit at position 108 on $auto$ff.cc:337:slice$2887 ($dffe) from module ot_qwen_kvc_write_link_bridge.
Setting constant 0-bit at position 109 on $auto$ff.cc:337:slice$2887 ($dffe) from module ot_qwen_kvc_write_link_bridge.
Setting constant 0-bit at position 110 on $auto$ff.cc:337:slice$2887 ($dffe) from module ot_qwen_kvc_write_link_bridge.
Setting constant 0-bit at position 111 on $auto$ff.cc:337:slice$2887 ($dffe) from module ot_qwen_kvc_write_link_bridge.
Setting constant 0-bit at position 112 on $auto$ff.cc:337:slice$2887 ($dffe) from module ot_qwen_kvc_write_link_bridge.
Setting constant 0-bit at position 113 on $auto$ff.cc:337:slice$2887 ($dffe) from module ot_qwen_kvc_write_link_bridge.
Setting constant 0-bit at position 114 on $auto$ff.cc:337:slice$2887 ($dffe) from module ot_qwen_kvc_write_link_bridge.
Setting constant 0-bit at position 115 on $auto$ff.cc:337:slice$2887 ($dffe) from module ot_qwen_kvc_write_link_bridge.
Setting constant 0-bit at position 116 on $auto$ff.cc:337:slice$2887 ($dffe) from module ot_qwen_kvc_write_link_bridge.
Setting constant 0-bit at position 117 on $auto$ff.cc:337:slice$2887 ($dffe) from module ot_qwen_kvc_write_link_bridge.
Setting constant 0-bit at position 118 on $auto$ff.cc:337:slice$2887 ($dffe) from module ot_qwen_kvc_write_link_bridge.
Setting constant 0-bit at position 119 on $auto$ff.cc:337:slice$2887 ($dffe) from module ot_qwen_kvc_write_link_bridge.
Setting constant 0-bit at position 120 on $auto$ff.cc:337:slice$2887 ($dffe) from module ot_qwen_kvc_write_link_bridge.
Setting constant 0-bit at position 121 on $auto$ff.cc:337:slice$2887 ($dffe) from module ot_qwen_kvc_write_link_bridge.
Setting constant 0-bit at position 122 on $auto$ff.cc:337:slice$2887 ($dffe) from module ot_qwen_kvc_write_link_bridge.
Setting constant 0-bit at position 123 on $auto$ff.cc:337:slice$2887 ($dffe) from module ot_qwen_kvc_write_link_bridge.
Setting constant 0-bit at position 124 on $auto$ff.cc:337:slice$2887 ($dffe) from module ot_qwen_kvc_write_link_bridge.
Setting constant 0-bit at position 125 on $auto$ff.cc:337:slice$2887 ($dffe) from module ot_qwen_kvc_write_link_bridge.
Setting constant 0-bit at position 126 on $auto$ff.cc:337:slice$2887 ($dffe) from module ot_qwen_kvc_write_link_bridge.
Setting constant 0-bit at position 127 on $auto$ff.cc:337:slice$2887 ($dffe) from module ot_qwen_kvc_write_link_bridge.
Setting constant 0-bit at position 128 on $auto$ff.cc:337:slice$2887 ($dffe) from module ot_qwen_kvc_write_link_bridge.
Setting constant 0-bit at position 129 on $auto$ff.cc:337:slice$2887 ($dffe) from module ot_qwen_kvc_write_link_bridge.
Setting constant 0-bit at position 130 on $auto$ff.cc:337:slice$2887 ($dffe) from module ot_qwen_kvc_write_link_bridge.
Setting constant 0-bit at position 131 on $auto$ff.cc:337:slice$2887 ($dffe) from module ot_qwen_kvc_write_link_bridge.
Setting constant 0-bit at position 132 on $auto$ff.cc:337:slice$2887 ($dffe) from module ot_qwen_kvc_write_link_bridge.
Setting constant 0-bit at position 133 on $auto$ff.cc:337:slice$2887 ($dffe) from module ot_qwen_kvc_write_link_bridge.
Setting constant 0-bit at position 134 on $auto$ff.cc:337:slice$2887 ($dffe) from module ot_qwen_kvc_write_link_bridge.
Setting constant 0-bit at position 135 on $auto$ff.cc:337:slice$2887 ($dffe) from module ot_qwen_kvc_write_link_bridge.
Setting constant 0-bit at position 136 on $auto$ff.cc:337:slice$2887 ($dffe) from module ot_qwen_kvc_write_link_bridge.
Setting constant 0-bit at position 137 on $auto$ff.cc:337:slice$2887 ($dffe) from module ot_qwen_kvc_write_link_bridge.
Setting constant 0-bit at position 138 on $auto$ff.cc:337:slice$2887 ($dffe) from module ot_qwen_kvc_write_link_bridge.
Setting constant 0-bit at position 139 on $auto$ff.cc:337:slice$2887 ($dffe) from module ot_qwen_kvc_write_link_bridge.
Setting constant 0-bit at position 140 on $auto$ff.cc:337:slice$2887 ($dffe) from module ot_qwen_kvc_write_link_bridge.
Setting constant 0-bit at position 141 on $auto$ff.cc:337:slice$2887 ($dffe) from module ot_qwen_kvc_write_link_bridge.
Setting constant 0-bit at position 142 on $auto$ff.cc:337:slice$2887 ($dffe) from module ot_qwen_kvc_write_link_bridge.
Setting constant 0-bit at position 143 on $auto$ff.cc:337:slice$2887 ($dffe) from module ot_qwen_kvc_write_link_bridge.
Setting constant 0-bit at position 144 on $auto$ff.cc:337:slice$2887 ($dffe) from module ot_qwen_kvc_write_link_bridge.
Setting constant 0-bit at position 145 on $auto$ff.cc:337:slice$2887 ($dffe) from module ot_qwen_kvc_write_link_bridge.
Setting constant 0-bit at position 146 on $auto$ff.cc:337:slice$2887 ($dffe) from module ot_qwen_kvc_write_link_bridge.
Setting constant 0-bit at position 147 on $auto$ff.cc:337:slice$2887 ($dffe) from module ot_qwen_kvc_write_link_bridge.
Setting constant 0-bit at position 148 on $auto$ff.cc:337:slice$2887 ($dffe) from module ot_qwen_kvc_write_link_bridge.
Setting constant 0-bit at position 149 on $auto$ff.cc:337:slice$2887 ($dffe) from module ot_qwen_kvc_write_link_bridge.
Setting constant 0-bit at position 150 on $auto$ff.cc:337:slice$2887 ($dffe) from module ot_qwen_kvc_write_link_bridge.
Setting constant 0-bit at position 151 on $auto$ff.cc:337:slice$2887 ($dffe) from module ot_qwen_kvc_write_link_bridge.
Setting constant 0-bit at position 152 on $auto$ff.cc:337:slice$2887 ($dffe) from module ot_qwen_kvc_write_link_bridge.
Setting constant 0-bit at position 153 on $auto$ff.cc:337:slice$2887 ($dffe) from module ot_qwen_kvc_write_link_bridge.
Setting constant 0-bit at position 154 on $auto$ff.cc:337:slice$2887 ($dffe) from module ot_qwen_kvc_write_link_bridge.
Setting constant 0-bit at position 155 on $auto$ff.cc:337:slice$2887 ($dffe) from module ot_qwen_kvc_write_link_bridge.
Setting constant 0-bit at position 156 on $auto$ff.cc:337:slice$2887 ($dffe) from module ot_qwen_kvc_write_link_bridge.
Setting constant 0-bit at position 157 on $auto$ff.cc:337:slice$2887 ($dffe) from module ot_qwen_kvc_write_link_bridge.
Setting constant 0-bit at position 158 on $auto$ff.cc:337:slice$2887 ($dffe) from module ot_qwen_kvc_write_link_bridge.
Setting constant 0-bit at position 159 on $auto$ff.cc:337:slice$2887 ($dffe) from module ot_qwen_kvc_write_link_bridge.
Setting constant 0-bit at position 160 on $auto$ff.cc:337:slice$2887 ($dffe) from module ot_qwen_kvc_write_link_bridge.
Setting constant 0-bit at position 161 on $auto$ff.cc:337:slice$2887 ($dffe) from module ot_qwen_kvc_write_link_bridge.
Setting constant 0-bit at position 162 on $auto$ff.cc:337:slice$2887 ($dffe) from module ot_qwen_kvc_write_link_bridge.
Setting constant 0-bit at position 163 on $auto$ff.cc:337:slice$2887 ($dffe) from module ot_qwen_kvc_write_link_bridge.
Setting constant 0-bit at position 164 on $auto$ff.cc:337:slice$2887 ($dffe) from module ot_qwen_kvc_write_link_bridge.
Setting constant 0-bit at position 165 on $auto$ff.cc:337:slice$2887 ($dffe) from module ot_qwen_kvc_write_link_bridge.
Setting constant 0-bit at position 166 on $auto$ff.cc:337:slice$2887 ($dffe) from module ot_qwen_kvc_write_link_bridge.
Setting constant 0-bit at position 167 on $auto$ff.cc:337:slice$2887 ($dffe) from module ot_qwen_kvc_write_link_bridge.
Setting constant 0-bit at position 168 on $auto$ff.cc:337:slice$2887 ($dffe) from module ot_qwen_kvc_write_link_bridge.
Setting constant 0-bit at position 169 on $auto$ff.cc:337:slice$2887 ($dffe) from module ot_qwen_kvc_write_link_bridge.
Setting constant 0-bit at position 170 on $auto$ff.cc:337:slice$2887 ($dffe) from module ot_qwen_kvc_write_link_bridge.
Setting constant 0-bit at position 171 on $auto$ff.cc:337:slice$2887 ($dffe) from module ot_qwen_kvc_write_link_bridge.
Setting constant 0-bit at position 172 on $auto$ff.cc:337:slice$2887 ($dffe) from module ot_qwen_kvc_write_link_bridge.
Setting constant 0-bit at position 173 on $auto$ff.cc:337:slice$2887 ($dffe) from module ot_qwen_kvc_write_link_bridge.
Setting constant 0-bit at position 174 on $auto$ff.cc:337:slice$2887 ($dffe) from module ot_qwen_kvc_write_link_bridge.
Setting constant 0-bit at position 175 on $auto$ff.cc:337:slice$2887 ($dffe) from module ot_qwen_kvc_write_link_bridge.
Setting constant 0-bit at position 176 on $auto$ff.cc:337:slice$2887 ($dffe) from module ot_qwen_kvc_write_link_bridge.
Setting constant 0-bit at position 177 on $auto$ff.cc:337:slice$2887 ($dffe) from module ot_qwen_kvc_write_link_bridge.
Setting constant 0-bit at position 178 on $auto$ff.cc:337:slice$2887 ($dffe) from module ot_qwen_kvc_write_link_bridge.
Setting constant 0-bit at position 179 on $auto$ff.cc:337:slice$2887 ($dffe) from module ot_qwen_kvc_write_link_bridge.
Setting constant 0-bit at position 180 on $auto$ff.cc:337:slice$2887 ($dffe) from module ot_qwen_kvc_write_link_bridge.
Setting constant 0-bit at position 181 on $auto$ff.cc:337:slice$2887 ($dffe) from module ot_qwen_kvc_write_link_bridge.
Setting constant 0-bit at position 487 on $auto$ff.cc:337:slice$2887 ($dffe) from module ot_qwen_kvc_write_link_bridge.
Setting constant 0-bit at position 488 on $auto$ff.cc:337:slice$2887 ($dffe) from module ot_qwen_kvc_write_link_bridge.
Setting constant 0-bit at position 489 on $auto$ff.cc:337:slice$2887 ($dffe) from module ot_qwen_kvc_write_link_bridge.
Setting constant 0-bit at position 490 on $auto$ff.cc:337:slice$2887 ($dffe) from module ot_qwen_kvc_write_link_bridge.
Setting constant 0-bit at position 491 on $auto$ff.cc:337:slice$2887 ($dffe) from module ot_qwen_kvc_write_link_bridge.
Setting constant 0-bit at position 492 on $auto$ff.cc:337:slice$2887 ($dffe) from module ot_qwen_kvc_write_link_bridge.
Setting constant 0-bit at position 493 on $auto$ff.cc:337:slice$2887 ($dffe) from module ot_qwen_kvc_write_link_bridge.
Setting constant 1-bit at position 502 on $auto$ff.cc:337:slice$2887 ($dffe) from module ot_qwen_kvc_write_link_bridge.
Setting constant 0-bit at position 503 on $auto$ff.cc:337:slice$2887 ($dffe) from module ot_qwen_kvc_write_link_bridge.
Setting constant 0-bit at position 504 on $auto$ff.cc:337:slice$2887 ($dffe) from module ot_qwen_kvc_write_link_bridge.
Setting constant 0-bit at position 505 on $auto$ff.cc:337:slice$2887 ($dffe) from module ot_qwen_kvc_write_link_bridge.
Setting constant 1-bit at position 506 on $auto$ff.cc:337:slice$2887 ($dffe) from module ot_qwen_kvc_write_link_bridge.
Setting constant 0-bit at position 507 on $auto$ff.cc:337:slice$2887 ($dffe) from module ot_qwen_kvc_write_link_bridge.
Setting constant 0-bit at position 508 on $auto$ff.cc:337:slice$2887 ($dffe) from module ot_qwen_kvc_write_link_bridge.
Setting constant 0-bit at position 509 on $auto$ff.cc:337:slice$2887 ($dffe) from module ot_qwen_kvc_write_link_bridge.
Setting constant 0-bit at position 32 on $auto$ff.cc:337:slice$2878 ($dffe) from module ot_qwen_kvc_write_link_bridge.
Setting constant 0-bit at position 33 on $auto$ff.cc:337:slice$2878 ($dffe) from module ot_qwen_kvc_write_link_bridge.
Setting constant 0-bit at position 34 on $auto$ff.cc:337:slice$2878 ($dffe) from module ot_qwen_kvc_write_link_bridge.
Setting constant 0-bit at position 35 on $auto$ff.cc:337:slice$2878 ($dffe) from module ot_qwen_kvc_write_link_bridge.
Setting constant 0-bit at position 36 on $auto$ff.cc:337:slice$2878 ($dffe) from module ot_qwen_kvc_write_link_bridge.
Setting constant 0-bit at position 37 on $auto$ff.cc:337:slice$2878 ($dffe) from module ot_qwen_kvc_write_link_bridge.
Setting constant 0-bit at position 38 on $auto$ff.cc:337:slice$2878 ($dffe) from module ot_qwen_kvc_write_link_bridge.
Setting constant 0-bit at position 39 on $auto$ff.cc:337:slice$2878 ($dffe) from module ot_qwen_kvc_write_link_bridge.
Setting constant 0-bit at position 40 on $auto$ff.cc:337:slice$2878 ($dffe) from module ot_qwen_kvc_write_link_bridge.
Setting constant 0-bit at position 41 on $auto$ff.cc:337:slice$2878 ($dffe) from module ot_qwen_kvc_write_link_bridge.
Setting constant 0-bit at position 42 on $auto$ff.cc:337:slice$2878 ($dffe) from module ot_qwen_kvc_write_link_bridge.
Setting constant 0-bit at position 43 on $auto$ff.cc:337:slice$2878 ($dffe) from module ot_qwen_kvc_write_link_bridge.
Setting constant 0-bit at position 44 on $auto$ff.cc:337:slice$2878 ($dffe) from module ot_qwen_kvc_write_link_bridge.
Setting constant 0-bit at position 45 on $auto$ff.cc:337:slice$2878 ($dffe) from module ot_qwen_kvc_write_link_bridge.
Setting constant 0-bit at position 46 on $auto$ff.cc:337:slice$2878 ($dffe) from module ot_qwen_kvc_write_link_bridge.
Setting constant 0-bit at position 47 on $auto$ff.cc:337:slice$2878 ($dffe) from module ot_qwen_kvc_write_link_bridge.
Setting constant 0-bit at position 48 on $auto$ff.cc:337:slice$2878 ($dffe) from module ot_qwen_kvc_write_link_bridge.
Setting constant 0-bit at position 49 on $auto$ff.cc:337:slice$2878 ($dffe) from module ot_qwen_kvc_write_link_bridge.
Setting constant 0-bit at position 50 on $auto$ff.cc:337:slice$2878 ($dffe) from module ot_qwen_kvc_write_link_bridge.
Setting constant 0-bit at position 51 on $auto$ff.cc:337:slice$2878 ($dffe) from module ot_qwen_kvc_write_link_bridge.
Setting constant 0-bit at position 52 on $auto$ff.cc:337:slice$2878 ($dffe) from module ot_qwen_kvc_write_link_bridge.
Setting constant 0-bit at position 53 on $auto$ff.cc:337:slice$2878 ($dffe) from module ot_qwen_kvc_write_link_bridge.
Setting constant 0-bit at position 54 on $auto$ff.cc:337:slice$2878 ($dffe) from module ot_qwen_kvc_write_link_bridge.
Setting constant 0-bit at position 55 on $auto$ff.cc:337:slice$2878 ($dffe) from module ot_qwen_kvc_write_link_bridge.
Setting constant 0-bit at position 56 on $auto$ff.cc:337:slice$2878 ($dffe) from module ot_qwen_kvc_write_link_bridge.
Setting constant 0-bit at position 57 on $auto$ff.cc:337:slice$2878 ($dffe) from module ot_qwen_kvc_write_link_bridge.
Setting constant 0-bit at position 58 on $auto$ff.cc:337:slice$2878 ($dffe) from module ot_qwen_kvc_write_link_bridge.
Setting constant 0-bit at position 59 on $auto$ff.cc:337:slice$2878 ($dffe) from module ot_qwen_kvc_write_link_bridge.
Setting constant 0-bit at position 60 on $auto$ff.cc:337:slice$2878 ($dffe) from module ot_qwen_kvc_write_link_bridge.
Setting constant 0-bit at position 61 on $auto$ff.cc:337:slice$2878 ($dffe) from module ot_qwen_kvc_write_link_bridge.
Setting constant 0-bit at position 62 on $auto$ff.cc:337:slice$2878 ($dffe) from module ot_qwen_kvc_write_link_bridge.
Setting constant 0-bit at position 63 on $auto$ff.cc:337:slice$2878 ($dffe) from module ot_qwen_kvc_write_link_bridge.
Setting constant 0-bit at position 64 on $auto$ff.cc:337:slice$2878 ($dffe) from module ot_qwen_kvc_write_link_bridge.
Setting constant 0-bit at position 65 on $auto$ff.cc:337:slice$2878 ($dffe) from module ot_qwen_kvc_write_link_bridge.
Setting constant 0-bit at position 66 on $auto$ff.cc:337:slice$2878 ($dffe) from module ot_qwen_kvc_write_link_bridge.
Setting constant 0-bit at position 67 on $auto$ff.cc:337:slice$2878 ($dffe) from module ot_qwen_kvc_write_link_bridge.
Setting constant 0-bit at position 68 on $auto$ff.cc:337:slice$2878 ($dffe) from module ot_qwen_kvc_write_link_bridge.
Setting constant 0-bit at position 69 on $auto$ff.cc:337:slice$2878 ($dffe) from module ot_qwen_kvc_write_link_bridge.
Setting constant 0-bit at position 70 on $auto$ff.cc:337:slice$2878 ($dffe) from module ot_qwen_kvc_write_link_bridge.
Setting constant 0-bit at position 71 on $auto$ff.cc:337:slice$2878 ($dffe) from module ot_qwen_kvc_write_link_bridge.
Setting constant 0-bit at position 72 on $auto$ff.cc:337:slice$2878 ($dffe) from module ot_qwen_kvc_write_link_bridge.
Setting constant 0-bit at position 73 on $auto$ff.cc:337:slice$2878 ($dffe) from module ot_qwen_kvc_write_link_bridge.
Setting constant 0-bit at position 74 on $auto$ff.cc:337:slice$2878 ($dffe) from module ot_qwen_kvc_write_link_bridge.
Setting constant 0-bit at position 75 on $auto$ff.cc:337:slice$2878 ($dffe) from module ot_qwen_kvc_write_link_bridge.
Setting constant 0-bit at position 76 on $auto$ff.cc:337:slice$2878 ($dffe) from module ot_qwen_kvc_write_link_bridge.
Setting constant 0-bit at position 77 on $auto$ff.cc:337:slice$2878 ($dffe) from module ot_qwen_kvc_write_link_bridge.
Setting constant 0-bit at position 78 on $auto$ff.cc:337:slice$2878 ($dffe) from module ot_qwen_kvc_write_link_bridge.
Setting constant 0-bit at position 79 on $auto$ff.cc:337:slice$2878 ($dffe) from module ot_qwen_kvc_write_link_bridge.
Setting constant 0-bit at position 80 on $auto$ff.cc:337:slice$2878 ($dffe) from module ot_qwen_kvc_write_link_bridge.
Setting constant 0-bit at position 81 on $auto$ff.cc:337:slice$2878 ($dffe) from module ot_qwen_kvc_write_link_bridge.
Setting constant 0-bit at position 82 on $auto$ff.cc:337:slice$2878 ($dffe) from module ot_qwen_kvc_write_link_bridge.
Setting constant 0-bit at position 83 on $auto$ff.cc:337:slice$2878 ($dffe) from module ot_qwen_kvc_write_link_bridge.
Setting constant 0-bit at position 84 on $auto$ff.cc:337:slice$2878 ($dffe) from module ot_qwen_kvc_write_link_bridge.
Setting constant 0-bit at position 85 on $auto$ff.cc:337:slice$2878 ($dffe) from module ot_qwen_kvc_write_link_bridge.
Setting constant 0-bit at position 86 on $auto$ff.cc:337:slice$2878 ($dffe) from module ot_qwen_kvc_write_link_bridge.
Setting constant 0-bit at position 87 on $auto$ff.cc:337:slice$2878 ($dffe) from module ot_qwen_kvc_write_link_bridge.
Setting constant 0-bit at position 88 on $auto$ff.cc:337:slice$2878 ($dffe) from module ot_qwen_kvc_write_link_bridge.
Setting constant 0-bit at position 89 on $auto$ff.cc:337:slice$2878 ($dffe) from module ot_qwen_kvc_write_link_bridge.
Setting constant 0-bit at position 90 on $auto$ff.cc:337:slice$2878 ($dffe) from module ot_qwen_kvc_write_link_bridge.
Setting constant 0-bit at position 91 on $auto$ff.cc:337:slice$2878 ($dffe) from module ot_qwen_kvc_write_link_bridge.
Setting constant 0-bit at position 92 on $auto$ff.cc:337:slice$2878 ($dffe) from module ot_qwen_kvc_write_link_bridge.
Setting constant 0-bit at position 93 on $auto$ff.cc:337:slice$2878 ($dffe) from module ot_qwen_kvc_write_link_bridge.
Setting constant 0-bit at position 94 on $auto$ff.cc:337:slice$2878 ($dffe) from module ot_qwen_kvc_write_link_bridge.
Setting constant 0-bit at position 95 on $auto$ff.cc:337:slice$2878 ($dffe) from module ot_qwen_kvc_write_link_bridge.
Setting constant 0-bit at position 96 on $auto$ff.cc:337:slice$2878 ($dffe) from module ot_qwen_kvc_write_link_bridge.
Setting constant 0-bit at position 97 on $auto$ff.cc:337:slice$2878 ($dffe) from module ot_qwen_kvc_write_link_bridge.
Setting constant 0-bit at position 98 on $auto$ff.cc:337:slice$2878 ($dffe) from module ot_qwen_kvc_write_link_bridge.
Setting constant 0-bit at position 99 on $auto$ff.cc:337:slice$2878 ($dffe) from module ot_qwen_kvc_write_link_bridge.
Setting constant 0-bit at position 100 on $auto$ff.cc:337:slice$2878 ($dffe) from module ot_qwen_kvc_write_link_bridge.
Setting constant 0-bit at position 101 on $auto$ff.cc:337:slice$2878 ($dffe) from module ot_qwen_kvc_write_link_bridge.
Setting constant 0-bit at position 102 on $auto$ff.cc:337:slice$2878 ($dffe) from module ot_qwen_kvc_write_link_bridge.
Setting constant 0-bit at position 103 on $auto$ff.cc:337:slice$2878 ($dffe) from module ot_qwen_kvc_write_link_bridge.
Setting constant 0-bit at position 104 on $auto$ff.cc:337:slice$2878 ($dffe) from module ot_qwen_kvc_write_link_bridge.
Setting constant 0-bit at position 105 on $auto$ff.cc:337:slice$2878 ($dffe) from module ot_qwen_kvc_write_link_bridge.
Setting constant 0-bit at position 106 on $auto$ff.cc:337:slice$2878 ($dffe) from module ot_qwen_kvc_write_link_bridge.
Setting constant 0-bit at position 107 on $auto$ff.cc:337:slice$2878 ($dffe) from module ot_qwen_kvc_write_link_bridge.
Setting constant 0-bit at position 108 on $auto$ff.cc:337:slice$2878 ($dffe) from module ot_qwen_kvc_write_link_bridge.
Setting constant 0-bit at position 109 on $auto$ff.cc:337:slice$2878 ($dffe) from module ot_qwen_kvc_write_link_bridge.
Setting constant 0-bit at position 110 on $auto$ff.cc:337:slice$2878 ($dffe) from module ot_qwen_kvc_write_link_bridge.
Setting constant 0-bit at position 111 on $auto$ff.cc:337:slice$2878 ($dffe) from module ot_qwen_kvc_write_link_bridge.
Setting constant 0-bit at position 112 on $auto$ff.cc:337:slice$2878 ($dffe) from module ot_qwen_kvc_write_link_bridge.
Setting constant 0-bit at position 113 on $auto$ff.cc:337:slice$2878 ($dffe) from module ot_qwen_kvc_write_link_bridge.
Setting constant 0-bit at position 114 on $auto$ff.cc:337:slice$2878 ($dffe) from module ot_qwen_kvc_write_link_bridge.
Setting constant 0-bit at position 115 on $auto$ff.cc:337:slice$2878 ($dffe) from module ot_qwen_kvc_write_link_bridge.
Setting constant 0-bit at position 116 on $auto$ff.cc:337:slice$2878 ($dffe) from module ot_qwen_kvc_write_link_bridge.
Setting constant 0-bit at position 117 on $auto$ff.cc:337:slice$2878 ($dffe) from module ot_qwen_kvc_write_link_bridge.
Setting constant 0-bit at position 118 on $auto$ff.cc:337:slice$2878 ($dffe) from module ot_qwen_kvc_write_link_bridge.
Setting constant 0-bit at position 119 on $auto$ff.cc:337:slice$2878 ($dffe) from module ot_qwen_kvc_write_link_bridge.
Setting constant 0-bit at position 120 on $auto$ff.cc:337:slice$2878 ($dffe) from module ot_qwen_kvc_write_link_bridge.
Setting constant 0-bit at position 121 on $auto$ff.cc:337:slice$2878 ($dffe) from module ot_qwen_kvc_write_link_bridge.
Setting constant 0-bit at position 122 on $auto$ff.cc:337:slice$2878 ($dffe) from module ot_qwen_kvc_write_link_bridge.
Setting constant 0-bit at position 123 on $auto$ff.cc:337:slice$2878 ($dffe) from module ot_qwen_kvc_write_link_bridge.
Setting constant 0-bit at position 124 on $auto$ff.cc:337:slice$2878 ($dffe) from module ot_qwen_kvc_write_link_bridge.
Setting constant 0-bit at position 125 on $auto$ff.cc:337:slice$2878 ($dffe) from module ot_qwen_kvc_write_link_bridge.
Setting constant 0-bit at position 126 on $auto$ff.cc:337:slice$2878 ($dffe) from module ot_qwen_kvc_write_link_bridge.
Setting constant 0-bit at position 127 on $auto$ff.cc:337:slice$2878 ($dffe) from module ot_qwen_kvc_write_link_bridge.
Setting constant 0-bit at position 128 on $auto$ff.cc:337:slice$2878 ($dffe) from module ot_qwen_kvc_write_link_bridge.
Setting constant 0-bit at position 129 on $auto$ff.cc:337:slice$2878 ($dffe) from module ot_qwen_kvc_write_link_bridge.
Setting constant 0-bit at position 130 on $auto$ff.cc:337:slice$2878 ($dffe) from module ot_qwen_kvc_write_link_bridge.
Setting constant 0-bit at position 131 on $auto$ff.cc:337:slice$2878 ($dffe) from module ot_qwen_kvc_write_link_bridge.
Setting constant 0-bit at position 132 on $auto$ff.cc:337:slice$2878 ($dffe) from module ot_qwen_kvc_write_link_bridge.
Setting constant 0-bit at position 133 on $auto$ff.cc:337:slice$2878 ($dffe) from module ot_qwen_kvc_write_link_bridge.
Setting constant 0-bit at position 134 on $auto$ff.cc:337:slice$2878 ($dffe) from module ot_qwen_kvc_write_link_bridge.
Setting constant 0-bit at position 135 on $auto$ff.cc:337:slice$2878 ($dffe) from module ot_qwen_kvc_write_link_bridge.
Setting constant 0-bit at position 136 on $auto$ff.cc:337:slice$2878 ($dffe) from module ot_qwen_kvc_write_link_bridge.
Setting constant 0-bit at position 137 on $auto$ff.cc:337:slice$2878 ($dffe) from module ot_qwen_kvc_write_link_bridge.
Setting constant 0-bit at position 138 on $auto$ff.cc:337:slice$2878 ($dffe) from module ot_qwen_kvc_write_link_bridge.
Setting constant 0-bit at position 139 on $auto$ff.cc:337:slice$2878 ($dffe) from module ot_qwen_kvc_write_link_bridge.
Setting constant 0-bit at position 140 on $auto$ff.cc:337:slice$2878 ($dffe) from module ot_qwen_kvc_write_link_bridge.
Setting constant 0-bit at position 141 on $auto$ff.cc:337:slice$2878 ($dffe) from module ot_qwen_kvc_write_link_bridge.
Setting constant 0-bit at position 142 on $auto$ff.cc:337:slice$2878 ($dffe) from module ot_qwen_kvc_write_link_bridge.
Setting constant 0-bit at position 143 on $auto$ff.cc:337:slice$2878 ($dffe) from module ot_qwen_kvc_write_link_bridge.
Setting constant 0-bit at position 144 on $auto$ff.cc:337:slice$2878 ($dffe) from module ot_qwen_kvc_write_link_bridge.
Setting constant 0-bit at position 145 on $auto$ff.cc:337:slice$2878 ($dffe) from module ot_qwen_kvc_write_link_bridge.
Setting constant 0-bit at position 146 on $auto$ff.cc:337:slice$2878 ($dffe) from module ot_qwen_kvc_write_link_bridge.
Setting constant 0-bit at position 147 on $auto$ff.cc:337:slice$2878 ($dffe) from module ot_qwen_kvc_write_link_bridge.
Setting constant 0-bit at position 148 on $auto$ff.cc:337:slice$2878 ($dffe) from module ot_qwen_kvc_write_link_bridge.
Setting constant 0-bit at position 149 on $auto$ff.cc:337:slice$2878 ($dffe) from module ot_qwen_kvc_write_link_bridge.
Setting constant 0-bit at position 150 on $auto$ff.cc:337:slice$2878 ($dffe) from module ot_qwen_kvc_write_link_bridge.
Setting constant 0-bit at position 151 on $auto$ff.cc:337:slice$2878 ($dffe) from module ot_qwen_kvc_write_link_bridge.
Setting constant 0-bit at position 152 on $auto$ff.cc:337:slice$2878 ($dffe) from module ot_qwen_kvc_write_link_bridge.
Setting constant 0-bit at position 153 on $auto$ff.cc:337:slice$2878 ($dffe) from module ot_qwen_kvc_write_link_bridge.
Setting constant 0-bit at position 154 on $auto$ff.cc:337:slice$2878 ($dffe) from module ot_qwen_kvc_write_link_bridge.
Setting constant 0-bit at position 155 on $auto$ff.cc:337:slice$2878 ($dffe) from module ot_qwen_kvc_write_link_bridge.
Setting constant 0-bit at position 156 on $auto$ff.cc:337:slice$2878 ($dffe) from module ot_qwen_kvc_write_link_bridge.
Setting constant 0-bit at position 157 on $auto$ff.cc:337:slice$2878 ($dffe) from module ot_qwen_kvc_write_link_bridge.
Setting constant 0-bit at position 158 on $auto$ff.cc:337:slice$2878 ($dffe) from module ot_qwen_kvc_write_link_bridge.
Setting constant 0-bit at position 159 on $auto$ff.cc:337:slice$2878 ($dffe) from module ot_qwen_kvc_write_link_bridge.
Setting constant 0-bit at position 160 on $auto$ff.cc:337:slice$2878 ($dffe) from module ot_qwen_kvc_write_link_bridge.
Setting constant 0-bit at position 161 on $auto$ff.cc:337:slice$2878 ($dffe) from module ot_qwen_kvc_write_link_bridge.
Setting constant 0-bit at position 162 on $auto$ff.cc:337:slice$2878 ($dffe) from module ot_qwen_kvc_write_link_bridge.
Setting constant 0-bit at position 163 on $auto$ff.cc:337:slice$2878 ($dffe) from module ot_qwen_kvc_write_link_bridge.
Setting constant 0-bit at position 164 on $auto$ff.cc:337:slice$2878 ($dffe) from module ot_qwen_kvc_write_link_bridge.
Setting constant 0-bit at position 165 on $auto$ff.cc:337:slice$2878 ($dffe) from module ot_qwen_kvc_write_link_bridge.
Setting constant 0-bit at position 166 on $auto$ff.cc:337:slice$2878 ($dffe) from module ot_qwen_kvc_write_link_bridge.
Setting constant 0-bit at position 167 on $auto$ff.cc:337:slice$2878 ($dffe) from module ot_qwen_kvc_write_link_bridge.
Setting constant 0-bit at position 168 on $auto$ff.cc:337:slice$2878 ($dffe) from module ot_qwen_kvc_write_link_bridge.
Setting constant 0-bit at position 169 on $auto$ff.cc:337:slice$2878 ($dffe) from module ot_qwen_kvc_write_link_bridge.
Setting constant 0-bit at position 170 on $auto$ff.cc:337:slice$2878 ($dffe) from module ot_qwen_kvc_write_link_bridge.
Setting constant 0-bit at position 171 on $auto$ff.cc:337:slice$2878 ($dffe) from module ot_qwen_kvc_write_link_bridge.
Setting constant 0-bit at position 172 on $auto$ff.cc:337:slice$2878 ($dffe) from module ot_qwen_kvc_write_link_bridge.
Setting constant 0-bit at position 173 on $auto$ff.cc:337:slice$2878 ($dffe) from module ot_qwen_kvc_write_link_bridge.
Setting constant 0-bit at position 174 on $auto$ff.cc:337:slice$2878 ($dffe) from module ot_qwen_kvc_write_link_bridge.
Setting constant 0-bit at position 175 on $auto$ff.cc:337:slice$2878 ($dffe) from module ot_qwen_kvc_write_link_bridge.
Setting constant 0-bit at position 176 on $auto$ff.cc:337:slice$2878 ($dffe) from module ot_qwen_kvc_write_link_bridge.
Setting constant 0-bit at position 177 on $auto$ff.cc:337:slice$2878 ($dffe) from module ot_qwen_kvc_write_link_bridge.
Setting constant 0-bit at position 178 on $auto$ff.cc:337:slice$2878 ($dffe) from module ot_qwen_kvc_write_link_bridge.
Setting constant 0-bit at position 179 on $auto$ff.cc:337:slice$2878 ($dffe) from module ot_qwen_kvc_write_link_bridge.
Setting constant 0-bit at position 180 on $auto$ff.cc:337:slice$2878 ($dffe) from module ot_qwen_kvc_write_link_bridge.
Setting constant 0-bit at position 181 on $auto$ff.cc:337:slice$2878 ($dffe) from module ot_qwen_kvc_write_link_bridge.
Setting constant 0-bit at position 487 on $auto$ff.cc:337:slice$2878 ($dffe) from module ot_qwen_kvc_write_link_bridge.
Setting constant 0-bit at position 488 on $auto$ff.cc:337:slice$2878 ($dffe) from module ot_qwen_kvc_write_link_bridge.
Setting constant 0-bit at position 489 on $auto$ff.cc:337:slice$2878 ($dffe) from module ot_qwen_kvc_write_link_bridge.
Setting constant 0-bit at position 490 on $auto$ff.cc:337:slice$2878 ($dffe) from module ot_qwen_kvc_write_link_bridge.
Setting constant 0-bit at position 491 on $auto$ff.cc:337:slice$2878 ($dffe) from module ot_qwen_kvc_write_link_bridge.
Setting constant 0-bit at position 492 on $auto$ff.cc:337:slice$2878 ($dffe) from module ot_qwen_kvc_write_link_bridge.
Setting constant 0-bit at position 493 on $auto$ff.cc:337:slice$2878 ($dffe) from module ot_qwen_kvc_write_link_bridge.
Setting constant 1-bit at position 502 on $auto$ff.cc:337:slice$2878 ($dffe) from module ot_qwen_kvc_write_link_bridge.
Setting constant 0-bit at position 503 on $auto$ff.cc:337:slice$2878 ($dffe) from module ot_qwen_kvc_write_link_bridge.
Setting constant 0-bit at position 504 on $auto$ff.cc:337:slice$2878 ($dffe) from module ot_qwen_kvc_write_link_bridge.
Setting constant 0-bit at position 505 on $auto$ff.cc:337:slice$2878 ($dffe) from module ot_qwen_kvc_write_link_bridge.
Setting constant 1-bit at position 506 on $auto$ff.cc:337:slice$2878 ($dffe) from module ot_qwen_kvc_write_link_bridge.
Setting constant 0-bit at position 507 on $auto$ff.cc:337:slice$2878 ($dffe) from module ot_qwen_kvc_write_link_bridge.
Setting constant 0-bit at position 508 on $auto$ff.cc:337:slice$2878 ($dffe) from module ot_qwen_kvc_write_link_bridge.
Setting constant 0-bit at position 509 on $auto$ff.cc:337:slice$2878 ($dffe) from module ot_qwen_kvc_write_link_bridge.
Setting constant 0-bit at position 32 on $auto$ff.cc:337:slice$2875 ($dffe) from module ot_qwen_kvc_write_link_bridge.
Setting constant 0-bit at position 33 on $auto$ff.cc:337:slice$2875 ($dffe) from module ot_qwen_kvc_write_link_bridge.
Setting constant 0-bit at position 34 on $auto$ff.cc:337:slice$2875 ($dffe) from module ot_qwen_kvc_write_link_bridge.
Setting constant 0-bit at position 35 on $auto$ff.cc:337:slice$2875 ($dffe) from module ot_qwen_kvc_write_link_bridge.
Setting constant 0-bit at position 36 on $auto$ff.cc:337:slice$2875 ($dffe) from module ot_qwen_kvc_write_link_bridge.
Setting constant 0-bit at position 37 on $auto$ff.cc:337:slice$2875 ($dffe) from module ot_qwen_kvc_write_link_bridge.
Setting constant 0-bit at position 38 on $auto$ff.cc:337:slice$2875 ($dffe) from module ot_qwen_kvc_write_link_bridge.
Setting constant 0-bit at position 39 on $auto$ff.cc:337:slice$2875 ($dffe) from module ot_qwen_kvc_write_link_bridge.
Setting constant 0-bit at position 40 on $auto$ff.cc:337:slice$2875 ($dffe) from module ot_qwen_kvc_write_link_bridge.
Setting constant 0-bit at position 41 on $auto$ff.cc:337:slice$2875 ($dffe) from module ot_qwen_kvc_write_link_bridge.
Setting constant 0-bit at position 42 on $auto$ff.cc:337:slice$2875 ($dffe) from module ot_qwen_kvc_write_link_bridge.
Setting constant 0-bit at position 43 on $auto$ff.cc:337:slice$2875 ($dffe) from module ot_qwen_kvc_write_link_bridge.
Setting constant 0-bit at position 44 on $auto$ff.cc:337:slice$2875 ($dffe) from module ot_qwen_kvc_write_link_bridge.
Setting constant 0-bit at position 45 on $auto$ff.cc:337:slice$2875 ($dffe) from module ot_qwen_kvc_write_link_bridge.
Setting constant 0-bit at position 46 on $auto$ff.cc:337:slice$2875 ($dffe) from module ot_qwen_kvc_write_link_bridge.
Setting constant 0-bit at position 47 on $auto$ff.cc:337:slice$2875 ($dffe) from module ot_qwen_kvc_write_link_bridge.
Setting constant 0-bit at position 48 on $auto$ff.cc:337:slice$2875 ($dffe) from module ot_qwen_kvc_write_link_bridge.
Setting constant 0-bit at position 49 on $auto$ff.cc:337:slice$2875 ($dffe) from module ot_qwen_kvc_write_link_bridge.
Setting constant 0-bit at position 50 on $auto$ff.cc:337:slice$2875 ($dffe) from module ot_qwen_kvc_write_link_bridge.
Setting constant 0-bit at position 51 on $auto$ff.cc:337:slice$2875 ($dffe) from module ot_qwen_kvc_write_link_bridge.
Setting constant 0-bit at position 52 on $auto$ff.cc:337:slice$2875 ($dffe) from module ot_qwen_kvc_write_link_bridge.
Setting constant 0-bit at position 53 on $auto$ff.cc:337:slice$2875 ($dffe) from module ot_qwen_kvc_write_link_bridge.
Setting constant 0-bit at position 54 on $auto$ff.cc:337:slice$2875 ($dffe) from module ot_qwen_kvc_write_link_bridge.
Setting constant 0-bit at position 55 on $auto$ff.cc:337:slice$2875 ($dffe) from module ot_qwen_kvc_write_link_bridge.
Setting constant 0-bit at position 56 on $auto$ff.cc:337:slice$2875 ($dffe) from module ot_qwen_kvc_write_link_bridge.
Setting constant 0-bit at position 57 on $auto$ff.cc:337:slice$2875 ($dffe) from module ot_qwen_kvc_write_link_bridge.
Setting constant 0-bit at position 58 on $auto$ff.cc:337:slice$2875 ($dffe) from module ot_qwen_kvc_write_link_bridge.
Setting constant 0-bit at position 59 on $auto$ff.cc:337:slice$2875 ($dffe) from module ot_qwen_kvc_write_link_bridge.
Setting constant 0-bit at position 60 on $auto$ff.cc:337:slice$2875 ($dffe) from module ot_qwen_kvc_write_link_bridge.
Setting constant 0-bit at position 61 on $auto$ff.cc:337:slice$2875 ($dffe) from module ot_qwen_kvc_write_link_bridge.
Setting constant 0-bit at position 62 on $auto$ff.cc:337:slice$2875 ($dffe) from module ot_qwen_kvc_write_link_bridge.
Setting constant 0-bit at position 63 on $auto$ff.cc:337:slice$2875 ($dffe) from module ot_qwen_kvc_write_link_bridge.
Setting constant 0-bit at position 64 on $auto$ff.cc:337:slice$2875 ($dffe) from module ot_qwen_kvc_write_link_bridge.
Setting constant 0-bit at position 65 on $auto$ff.cc:337:slice$2875 ($dffe) from module ot_qwen_kvc_write_link_bridge.
Setting constant 0-bit at position 66 on $auto$ff.cc:337:slice$2875 ($dffe) from module ot_qwen_kvc_write_link_bridge.
Setting constant 0-bit at position 67 on $auto$ff.cc:337:slice$2875 ($dffe) from module ot_qwen_kvc_write_link_bridge.
Setting constant 0-bit at position 68 on $auto$ff.cc:337:slice$2875 ($dffe) from module ot_qwen_kvc_write_link_bridge.
Setting constant 0-bit at position 69 on $auto$ff.cc:337:slice$2875 ($dffe) from module ot_qwen_kvc_write_link_bridge.
Setting constant 0-bit at position 70 on $auto$ff.cc:337:slice$2875 ($dffe) from module ot_qwen_kvc_write_link_bridge.
Setting constant 0-bit at position 71 on $auto$ff.cc:337:slice$2875 ($dffe) from module ot_qwen_kvc_write_link_bridge.
Setting constant 0-bit at position 72 on $auto$ff.cc:337:slice$2875 ($dffe) from module ot_qwen_kvc_write_link_bridge.
Setting constant 0-bit at position 73 on $auto$ff.cc:337:slice$2875 ($dffe) from module ot_qwen_kvc_write_link_bridge.
Setting constant 0-bit at position 74 on $auto$ff.cc:337:slice$2875 ($dffe) from module ot_qwen_kvc_write_link_bridge.
Setting constant 0-bit at position 75 on $auto$ff.cc:337:slice$2875 ($dffe) from module ot_qwen_kvc_write_link_bridge.
Setting constant 0-bit at position 76 on $auto$ff.cc:337:slice$2875 ($dffe) from module ot_qwen_kvc_write_link_bridge.
Setting constant 0-bit at position 77 on $auto$ff.cc:337:slice$2875 ($dffe) from module ot_qwen_kvc_write_link_bridge.
Setting constant 0-bit at position 78 on $auto$ff.cc:337:slice$2875 ($dffe) from module ot_qwen_kvc_write_link_bridge.
Setting constant 0-bit at position 79 on $auto$ff.cc:337:slice$2875 ($dffe) from module ot_qwen_kvc_write_link_bridge.
Setting constant 0-bit at position 80 on $auto$ff.cc:337:slice$2875 ($dffe) from module ot_qwen_kvc_write_link_bridge.
Setting constant 0-bit at position 81 on $auto$ff.cc:337:slice$2875 ($dffe) from module ot_qwen_kvc_write_link_bridge.
Setting constant 0-bit at position 82 on $auto$ff.cc:337:slice$2875 ($dffe) from module ot_qwen_kvc_write_link_bridge.
Setting constant 0-bit at position 83 on $auto$ff.cc:337:slice$2875 ($dffe) from module ot_qwen_kvc_write_link_bridge.
Setting constant 0-bit at position 84 on $auto$ff.cc:337:slice$2875 ($dffe) from module ot_qwen_kvc_write_link_bridge.
Setting constant 0-bit at position 85 on $auto$ff.cc:337:slice$2875 ($dffe) from module ot_qwen_kvc_write_link_bridge.
Setting constant 0-bit at position 86 on $auto$ff.cc:337:slice$2875 ($dffe) from module ot_qwen_kvc_write_link_bridge.
Setting constant 0-bit at position 87 on $auto$ff.cc:337:slice$2875 ($dffe) from module ot_qwen_kvc_write_link_bridge.
Setting constant 0-bit at position 88 on $auto$ff.cc:337:slice$2875 ($dffe) from module ot_qwen_kvc_write_link_bridge.
Setting constant 0-bit at position 89 on $auto$ff.cc:337:slice$2875 ($dffe) from module ot_qwen_kvc_write_link_bridge.
Setting constant 0-bit at position 90 on $auto$ff.cc:337:slice$2875 ($dffe) from module ot_qwen_kvc_write_link_bridge.
Setting constant 0-bit at position 91 on $auto$ff.cc:337:slice$2875 ($dffe) from module ot_qwen_kvc_write_link_bridge.
Setting constant 0-bit at position 92 on $auto$ff.cc:337:slice$2875 ($dffe) from module ot_qwen_kvc_write_link_bridge.
Setting constant 0-bit at position 93 on $auto$ff.cc:337:slice$2875 ($dffe) from module ot_qwen_kvc_write_link_bridge.
Setting constant 0-bit at position 94 on $auto$ff.cc:337:slice$2875 ($dffe) from module ot_qwen_kvc_write_link_bridge.
Setting constant 0-bit at position 95 on $auto$ff.cc:337:slice$2875 ($dffe) from module ot_qwen_kvc_write_link_bridge.
Setting constant 0-bit at position 96 on $auto$ff.cc:337:slice$2875 ($dffe) from module ot_qwen_kvc_write_link_bridge.
Setting constant 0-bit at position 97 on $auto$ff.cc:337:slice$2875 ($dffe) from module ot_qwen_kvc_write_link_bridge.
Setting constant 0-bit at position 98 on $auto$ff.cc:337:slice$2875 ($dffe) from module ot_qwen_kvc_write_link_bridge.
Setting constant 0-bit at position 99 on $auto$ff.cc:337:slice$2875 ($dffe) from module ot_qwen_kvc_write_link_bridge.
Setting constant 0-bit at position 100 on $auto$ff.cc:337:slice$2875 ($dffe) from module ot_qwen_kvc_write_link_bridge.
Setting constant 0-bit at position 101 on $auto$ff.cc:337:slice$2875 ($dffe) from module ot_qwen_kvc_write_link_bridge.
Setting constant 0-bit at position 102 on $auto$ff.cc:337:slice$2875 ($dffe) from module ot_qwen_kvc_write_link_bridge.
Setting constant 0-bit at position 103 on $auto$ff.cc:337:slice$2875 ($dffe) from module ot_qwen_kvc_write_link_bridge.
Setting constant 0-bit at position 104 on $auto$ff.cc:337:slice$2875 ($dffe) from module ot_qwen_kvc_write_link_bridge.
Setting constant 0-bit at position 105 on $auto$ff.cc:337:slice$2875 ($dffe) from module ot_qwen_kvc_write_link_bridge.
Setting constant 0-bit at position 106 on $auto$ff.cc:337:slice$2875 ($dffe) from module ot_qwen_kvc_write_link_bridge.
Setting constant 0-bit at position 107 on $auto$ff.cc:337:slice$2875 ($dffe) from module ot_qwen_kvc_write_link_bridge.
Setting constant 0-bit at position 108 on $auto$ff.cc:337:slice$2875 ($dffe) from module ot_qwen_kvc_write_link_bridge.
Setting constant 0-bit at position 109 on $auto$ff.cc:337:slice$2875 ($dffe) from module ot_qwen_kvc_write_link_bridge.
Setting constant 0-bit at position 110 on $auto$ff.cc:337:slice$2875 ($dffe) from module ot_qwen_kvc_write_link_bridge.
Setting constant 0-bit at position 111 on $auto$ff.cc:337:slice$2875 ($dffe) from module ot_qwen_kvc_write_link_bridge.
Setting constant 0-bit at position 112 on $auto$ff.cc:337:slice$2875 ($dffe) from module ot_qwen_kvc_write_link_bridge.
Setting constant 0-bit at position 113 on $auto$ff.cc:337:slice$2875 ($dffe) from module ot_qwen_kvc_write_link_bridge.
Setting constant 0-bit at position 114 on $auto$ff.cc:337:slice$2875 ($dffe) from module ot_qwen_kvc_write_link_bridge.
Setting constant 0-bit at position 115 on $auto$ff.cc:337:slice$2875 ($dffe) from module ot_qwen_kvc_write_link_bridge.
Setting constant 0-bit at position 116 on $auto$ff.cc:337:slice$2875 ($dffe) from module ot_qwen_kvc_write_link_bridge.
Setting constant 0-bit at position 117 on $auto$ff.cc:337:slice$2875 ($dffe) from module ot_qwen_kvc_write_link_bridge.
Setting constant 0-bit at position 118 on $auto$ff.cc:337:slice$2875 ($dffe) from module ot_qwen_kvc_write_link_bridge.
Setting constant 0-bit at position 119 on $auto$ff.cc:337:slice$2875 ($dffe) from module ot_qwen_kvc_write_link_bridge.
Setting constant 0-bit at position 120 on $auto$ff.cc:337:slice$2875 ($dffe) from module ot_qwen_kvc_write_link_bridge.
Setting constant 0-bit at position 121 on $auto$ff.cc:337:slice$2875 ($dffe) from module ot_qwen_kvc_write_link_bridge.
Setting constant 0-bit at position 122 on $auto$ff.cc:337:slice$2875 ($dffe) from module ot_qwen_kvc_write_link_bridge.
Setting constant 0-bit at position 123 on $auto$ff.cc:337:slice$2875 ($dffe) from module ot_qwen_kvc_write_link_bridge.
Setting constant 0-bit at position 124 on $auto$ff.cc:337:slice$2875 ($dffe) from module ot_qwen_kvc_write_link_bridge.
Setting constant 0-bit at position 125 on $auto$ff.cc:337:slice$2875 ($dffe) from module ot_qwen_kvc_write_link_bridge.
Setting constant 0-bit at position 126 on $auto$ff.cc:337:slice$2875 ($dffe) from module ot_qwen_kvc_write_link_bridge.
Setting constant 0-bit at position 127 on $auto$ff.cc:337:slice$2875 ($dffe) from module ot_qwen_kvc_write_link_bridge.
Setting constant 0-bit at position 128 on $auto$ff.cc:337:slice$2875 ($dffe) from module ot_qwen_kvc_write_link_bridge.
Setting constant 0-bit at position 129 on $auto$ff.cc:337:slice$2875 ($dffe) from module ot_qwen_kvc_write_link_bridge.
Setting constant 0-bit at position 130 on $auto$ff.cc:337:slice$2875 ($dffe) from module ot_qwen_kvc_write_link_bridge.
Setting constant 0-bit at position 131 on $auto$ff.cc:337:slice$2875 ($dffe) from module ot_qwen_kvc_write_link_bridge.
Setting constant 0-bit at position 132 on $auto$ff.cc:337:slice$2875 ($dffe) from module ot_qwen_kvc_write_link_bridge.
Setting constant 0-bit at position 133 on $auto$ff.cc:337:slice$2875 ($dffe) from module ot_qwen_kvc_write_link_bridge.
Setting constant 0-bit at position 134 on $auto$ff.cc:337:slice$2875 ($dffe) from module ot_qwen_kvc_write_link_bridge.
Setting constant 0-bit at position 135 on $auto$ff.cc:337:slice$2875 ($dffe) from module ot_qwen_kvc_write_link_bridge.
Setting constant 0-bit at position 136 on $auto$ff.cc:337:slice$2875 ($dffe) from module ot_qwen_kvc_write_link_bridge.
Setting constant 0-bit at position 137 on $auto$ff.cc:337:slice$2875 ($dffe) from module ot_qwen_kvc_write_link_bridge.
Setting constant 0-bit at position 138 on $auto$ff.cc:337:slice$2875 ($dffe) from module ot_qwen_kvc_write_link_bridge.
Setting constant 0-bit at position 139 on $auto$ff.cc:337:slice$2875 ($dffe) from module ot_qwen_kvc_write_link_bridge.
Setting constant 0-bit at position 140 on $auto$ff.cc:337:slice$2875 ($dffe) from module ot_qwen_kvc_write_link_bridge.
Setting constant 0-bit at position 141 on $auto$ff.cc:337:slice$2875 ($dffe) from module ot_qwen_kvc_write_link_bridge.
Setting constant 0-bit at position 142 on $auto$ff.cc:337:slice$2875 ($dffe) from module ot_qwen_kvc_write_link_bridge.
Setting constant 0-bit at position 143 on $auto$ff.cc:337:slice$2875 ($dffe) from module ot_qwen_kvc_write_link_bridge.
Setting constant 0-bit at position 144 on $auto$ff.cc:337:slice$2875 ($dffe) from module ot_qwen_kvc_write_link_bridge.
Setting constant 0-bit at position 145 on $auto$ff.cc:337:slice$2875 ($dffe) from module ot_qwen_kvc_write_link_bridge.
Setting constant 0-bit at position 146 on $auto$ff.cc:337:slice$2875 ($dffe) from module ot_qwen_kvc_write_link_bridge.
Setting constant 0-bit at position 147 on $auto$ff.cc:337:slice$2875 ($dffe) from module ot_qwen_kvc_write_link_bridge.
Setting constant 0-bit at position 148 on $auto$ff.cc:337:slice$2875 ($dffe) from module ot_qwen_kvc_write_link_bridge.
Setting constant 0-bit at position 149 on $auto$ff.cc:337:slice$2875 ($dffe) from module ot_qwen_kvc_write_link_bridge.
Setting constant 0-bit at position 150 on $auto$ff.cc:337:slice$2875 ($dffe) from module ot_qwen_kvc_write_link_bridge.
Setting constant 0-bit at position 151 on $auto$ff.cc:337:slice$2875 ($dffe) from module ot_qwen_kvc_write_link_bridge.
Setting constant 0-bit at position 152 on $auto$ff.cc:337:slice$2875 ($dffe) from module ot_qwen_kvc_write_link_bridge.
Setting constant 0-bit at position 153 on $auto$ff.cc:337:slice$2875 ($dffe) from module ot_qwen_kvc_write_link_bridge.
Setting constant 0-bit at position 154 on $auto$ff.cc:337:slice$2875 ($dffe) from module ot_qwen_kvc_write_link_bridge.
Setting constant 0-bit at position 155 on $auto$ff.cc:337:slice$2875 ($dffe) from module ot_qwen_kvc_write_link_bridge.
Setting constant 0-bit at position 156 on $auto$ff.cc:337:slice$2875 ($dffe) from module ot_qwen_kvc_write_link_bridge.
Setting constant 0-bit at position 157 on $auto$ff.cc:337:slice$2875 ($dffe) from module ot_qwen_kvc_write_link_bridge.
Setting constant 0-bit at position 158 on $auto$ff.cc:337:slice$2875 ($dffe) from module ot_qwen_kvc_write_link_bridge.
Setting constant 0-bit at position 159 on $auto$ff.cc:337:slice$2875 ($dffe) from module ot_qwen_kvc_write_link_bridge.
Setting constant 0-bit at position 160 on $auto$ff.cc:337:slice$2875 ($dffe) from module ot_qwen_kvc_write_link_bridge.
Setting constant 0-bit at position 161 on $auto$ff.cc:337:slice$2875 ($dffe) from module ot_qwen_kvc_write_link_bridge.
Setting constant 0-bit at position 162 on $auto$ff.cc:337:slice$2875 ($dffe) from module ot_qwen_kvc_write_link_bridge.
Setting constant 0-bit at position 163 on $auto$ff.cc:337:slice$2875 ($dffe) from module ot_qwen_kvc_write_link_bridge.
Setting constant 0-bit at position 164 on $auto$ff.cc:337:slice$2875 ($dffe) from module ot_qwen_kvc_write_link_bridge.
Setting constant 0-bit at position 165 on $auto$ff.cc:337:slice$2875 ($dffe) from module ot_qwen_kvc_write_link_bridge.
Setting constant 0-bit at position 166 on $auto$ff.cc:337:slice$2875 ($dffe) from module ot_qwen_kvc_write_link_bridge.
Setting constant 0-bit at position 167 on $auto$ff.cc:337:slice$2875 ($dffe) from module ot_qwen_kvc_write_link_bridge.
Setting constant 0-bit at position 168 on $auto$ff.cc:337:slice$2875 ($dffe) from module ot_qwen_kvc_write_link_bridge.
Setting constant 0-bit at position 169 on $auto$ff.cc:337:slice$2875 ($dffe) from module ot_qwen_kvc_write_link_bridge.
Setting constant 0-bit at position 170 on $auto$ff.cc:337:slice$2875 ($dffe) from module ot_qwen_kvc_write_link_bridge.
Setting constant 0-bit at position 171 on $auto$ff.cc:337:slice$2875 ($dffe) from module ot_qwen_kvc_write_link_bridge.
Setting constant 0-bit at position 172 on $auto$ff.cc:337:slice$2875 ($dffe) from module ot_qwen_kvc_write_link_bridge.
Setting constant 0-bit at position 173 on $auto$ff.cc:337:slice$2875 ($dffe) from module ot_qwen_kvc_write_link_bridge.
Setting constant 0-bit at position 174 on $auto$ff.cc:337:slice$2875 ($dffe) from module ot_qwen_kvc_write_link_bridge.
Setting constant 0-bit at position 175 on $auto$ff.cc:337:slice$2875 ($dffe) from module ot_qwen_kvc_write_link_bridge.
Setting constant 0-bit at position 176 on $auto$ff.cc:337:slice$2875 ($dffe) from module ot_qwen_kvc_write_link_bridge.
Setting constant 0-bit at position 177 on $auto$ff.cc:337:slice$2875 ($dffe) from module ot_qwen_kvc_write_link_bridge.
Setting constant 0-bit at position 178 on $auto$ff.cc:337:slice$2875 ($dffe) from module ot_qwen_kvc_write_link_bridge.
Setting constant 0-bit at position 179 on $auto$ff.cc:337:slice$2875 ($dffe) from module ot_qwen_kvc_write_link_bridge.
Setting constant 0-bit at position 180 on $auto$ff.cc:337:slice$2875 ($dffe) from module ot_qwen_kvc_write_link_bridge.
Setting constant 0-bit at position 181 on $auto$ff.cc:337:slice$2875 ($dffe) from module ot_qwen_kvc_write_link_bridge.
Setting constant 0-bit at position 487 on $auto$ff.cc:337:slice$2875 ($dffe) from module ot_qwen_kvc_write_link_bridge.
Setting constant 0-bit at position 488 on $auto$ff.cc:337:slice$2875 ($dffe) from module ot_qwen_kvc_write_link_bridge.
Setting constant 0-bit at position 489 on $auto$ff.cc:337:slice$2875 ($dffe) from module ot_qwen_kvc_write_link_bridge.
Setting constant 0-bit at position 490 on $auto$ff.cc:337:slice$2875 ($dffe) from module ot_qwen_kvc_write_link_bridge.
Setting constant 0-bit at position 491 on $auto$ff.cc:337:slice$2875 ($dffe) from module ot_qwen_kvc_write_link_bridge.
Setting constant 0-bit at position 492 on $auto$ff.cc:337:slice$2875 ($dffe) from module ot_qwen_kvc_write_link_bridge.
Setting constant 0-bit at position 493 on $auto$ff.cc:337:slice$2875 ($dffe) from module ot_qwen_kvc_write_link_bridge.
Setting constant 1-bit at position 502 on $auto$ff.cc:337:slice$2875 ($dffe) from module ot_qwen_kvc_write_link_bridge.
Setting constant 0-bit at position 503 on $auto$ff.cc:337:slice$2875 ($dffe) from module ot_qwen_kvc_write_link_bridge.
Setting constant 0-bit at position 504 on $auto$ff.cc:337:slice$2875 ($dffe) from module ot_qwen_kvc_write_link_bridge.
Setting constant 0-bit at position 505 on $auto$ff.cc:337:slice$2875 ($dffe) from module ot_qwen_kvc_write_link_bridge.
Setting constant 1-bit at position 506 on $auto$ff.cc:337:slice$2875 ($dffe) from module ot_qwen_kvc_write_link_bridge.
Setting constant 0-bit at position 507 on $auto$ff.cc:337:slice$2875 ($dffe) from module ot_qwen_kvc_write_link_bridge.
Setting constant 0-bit at position 508 on $auto$ff.cc:337:slice$2875 ($dffe) from module ot_qwen_kvc_write_link_bridge.
Setting constant 0-bit at position 509 on $auto$ff.cc:337:slice$2875 ($dffe) from module ot_qwen_kvc_write_link_bridge.
Setting constant 0-bit at position 32 on $auto$ff.cc:337:slice$2866 ($dffe) from module ot_qwen_kvc_write_link_bridge.
Setting constant 0-bit at position 33 on $auto$ff.cc:337:slice$2866 ($dffe) from module ot_qwen_kvc_write_link_bridge.
Setting constant 0-bit at position 34 on $auto$ff.cc:337:slice$2866 ($dffe) from module ot_qwen_kvc_write_link_bridge.
Setting constant 0-bit at position 35 on $auto$ff.cc:337:slice$2866 ($dffe) from module ot_qwen_kvc_write_link_bridge.
Setting constant 0-bit at position 36 on $auto$ff.cc:337:slice$2866 ($dffe) from module ot_qwen_kvc_write_link_bridge.
Setting constant 0-bit at position 37 on $auto$ff.cc:337:slice$2866 ($dffe) from module ot_qwen_kvc_write_link_bridge.
Setting constant 0-bit at position 38 on $auto$ff.cc:337:slice$2866 ($dffe) from module ot_qwen_kvc_write_link_bridge.
Setting constant 0-bit at position 39 on $auto$ff.cc:337:slice$2866 ($dffe) from module ot_qwen_kvc_write_link_bridge.
Setting constant 0-bit at position 40 on $auto$ff.cc:337:slice$2866 ($dffe) from module ot_qwen_kvc_write_link_bridge.
Setting constant 0-bit at position 41 on $auto$ff.cc:337:slice$2866 ($dffe) from module ot_qwen_kvc_write_link_bridge.
Setting constant 0-bit at position 42 on $auto$ff.cc:337:slice$2866 ($dffe) from module ot_qwen_kvc_write_link_bridge.
Setting constant 0-bit at position 43 on $auto$ff.cc:337:slice$2866 ($dffe) from module ot_qwen_kvc_write_link_bridge.
Setting constant 0-bit at position 44 on $auto$ff.cc:337:slice$2866 ($dffe) from module ot_qwen_kvc_write_link_bridge.
Setting constant 0-bit at position 45 on $auto$ff.cc:337:slice$2866 ($dffe) from module ot_qwen_kvc_write_link_bridge.
Setting constant 0-bit at position 46 on $auto$ff.cc:337:slice$2866 ($dffe) from module ot_qwen_kvc_write_link_bridge.
Setting constant 0-bit at position 47 on $auto$ff.cc:337:slice$2866 ($dffe) from module ot_qwen_kvc_write_link_bridge.
Setting constant 0-bit at position 48 on $auto$ff.cc:337:slice$2866 ($dffe) from module ot_qwen_kvc_write_link_bridge.
Setting constant 0-bit at position 49 on $auto$ff.cc:337:slice$2866 ($dffe) from module ot_qwen_kvc_write_link_bridge.
Setting constant 0-bit at position 50 on $auto$ff.cc:337:slice$2866 ($dffe) from module ot_qwen_kvc_write_link_bridge.
Setting constant 0-bit at position 51 on $auto$ff.cc:337:slice$2866 ($dffe) from module ot_qwen_kvc_write_link_bridge.
Setting constant 0-bit at position 52 on $auto$ff.cc:337:slice$2866 ($dffe) from module ot_qwen_kvc_write_link_bridge.
Setting constant 0-bit at position 53 on $auto$ff.cc:337:slice$2866 ($dffe) from module ot_qwen_kvc_write_link_bridge.
Setting constant 0-bit at position 54 on $auto$ff.cc:337:slice$2866 ($dffe) from module ot_qwen_kvc_write_link_bridge.
Setting constant 0-bit at position 55 on $auto$ff.cc:337:slice$2866 ($dffe) from module ot_qwen_kvc_write_link_bridge.
Setting constant 0-bit at position 56 on $auto$ff.cc:337:slice$2866 ($dffe) from module ot_qwen_kvc_write_link_bridge.
Setting constant 0-bit at position 57 on $auto$ff.cc:337:slice$2866 ($dffe) from module ot_qwen_kvc_write_link_bridge.
Setting constant 0-bit at position 58 on $auto$ff.cc:337:slice$2866 ($dffe) from module ot_qwen_kvc_write_link_bridge.
Setting constant 0-bit at position 59 on $auto$ff.cc:337:slice$2866 ($dffe) from module ot_qwen_kvc_write_link_bridge.
Setting constant 0-bit at position 60 on $auto$ff.cc:337:slice$2866 ($dffe) from module ot_qwen_kvc_write_link_bridge.
Setting constant 0-bit at position 61 on $auto$ff.cc:337:slice$2866 ($dffe) from module ot_qwen_kvc_write_link_bridge.
Setting constant 0-bit at position 62 on $auto$ff.cc:337:slice$2866 ($dffe) from module ot_qwen_kvc_write_link_bridge.
Setting constant 0-bit at position 63 on $auto$ff.cc:337:slice$2866 ($dffe) from module ot_qwen_kvc_write_link_bridge.
Setting constant 0-bit at position 64 on $auto$ff.cc:337:slice$2866 ($dffe) from module ot_qwen_kvc_write_link_bridge.
Setting constant 0-bit at position 65 on $auto$ff.cc:337:slice$2866 ($dffe) from module ot_qwen_kvc_write_link_bridge.
Setting constant 0-bit at position 66 on $auto$ff.cc:337:slice$2866 ($dffe) from module ot_qwen_kvc_write_link_bridge.
Setting constant 0-bit at position 67 on $auto$ff.cc:337:slice$2866 ($dffe) from module ot_qwen_kvc_write_link_bridge.
Setting constant 0-bit at position 68 on $auto$ff.cc:337:slice$2866 ($dffe) from module ot_qwen_kvc_write_link_bridge.
Setting constant 0-bit at position 69 on $auto$ff.cc:337:slice$2866 ($dffe) from module ot_qwen_kvc_write_link_bridge.
Setting constant 0-bit at position 70 on $auto$ff.cc:337:slice$2866 ($dffe) from module ot_qwen_kvc_write_link_bridge.
Setting constant 0-bit at position 71 on $auto$ff.cc:337:slice$2866 ($dffe) from module ot_qwen_kvc_write_link_bridge.
Setting constant 0-bit at position 72 on $auto$ff.cc:337:slice$2866 ($dffe) from module ot_qwen_kvc_write_link_bridge.
Setting constant 0-bit at position 73 on $auto$ff.cc:337:slice$2866 ($dffe) from module ot_qwen_kvc_write_link_bridge.
Setting constant 0-bit at position 74 on $auto$ff.cc:337:slice$2866 ($dffe) from module ot_qwen_kvc_write_link_bridge.
Setting constant 0-bit at position 75 on $auto$ff.cc:337:slice$2866 ($dffe) from module ot_qwen_kvc_write_link_bridge.
Setting constant 0-bit at position 76 on $auto$ff.cc:337:slice$2866 ($dffe) from module ot_qwen_kvc_write_link_bridge.
Setting constant 0-bit at position 77 on $auto$ff.cc:337:slice$2866 ($dffe) from module ot_qwen_kvc_write_link_bridge.
Setting constant 0-bit at position 78 on $auto$ff.cc:337:slice$2866 ($dffe) from module ot_qwen_kvc_write_link_bridge.
Setting constant 0-bit at position 79 on $auto$ff.cc:337:slice$2866 ($dffe) from module ot_qwen_kvc_write_link_bridge.
Setting constant 0-bit at position 80 on $auto$ff.cc:337:slice$2866 ($dffe) from module ot_qwen_kvc_write_link_bridge.
Setting constant 0-bit at position 81 on $auto$ff.cc:337:slice$2866 ($dffe) from module ot_qwen_kvc_write_link_bridge.
Setting constant 0-bit at position 82 on $auto$ff.cc:337:slice$2866 ($dffe) from module ot_qwen_kvc_write_link_bridge.
Setting constant 0-bit at position 83 on $auto$ff.cc:337:slice$2866 ($dffe) from module ot_qwen_kvc_write_link_bridge.
Setting constant 0-bit at position 84 on $auto$ff.cc:337:slice$2866 ($dffe) from module ot_qwen_kvc_write_link_bridge.
Setting constant 0-bit at position 85 on $auto$ff.cc:337:slice$2866 ($dffe) from module ot_qwen_kvc_write_link_bridge.
Setting constant 0-bit at position 86 on $auto$ff.cc:337:slice$2866 ($dffe) from module ot_qwen_kvc_write_link_bridge.
Setting constant 0-bit at position 87 on $auto$ff.cc:337:slice$2866 ($dffe) from module ot_qwen_kvc_write_link_bridge.
Setting constant 0-bit at position 88 on $auto$ff.cc:337:slice$2866 ($dffe) from module ot_qwen_kvc_write_link_bridge.
Setting constant 0-bit at position 89 on $auto$ff.cc:337:slice$2866 ($dffe) from module ot_qwen_kvc_write_link_bridge.
Setting constant 0-bit at position 90 on $auto$ff.cc:337:slice$2866 ($dffe) from module ot_qwen_kvc_write_link_bridge.
Setting constant 0-bit at position 91 on $auto$ff.cc:337:slice$2866 ($dffe) from module ot_qwen_kvc_write_link_bridge.
Setting constant 0-bit at position 92 on $auto$ff.cc:337:slice$2866 ($dffe) from module ot_qwen_kvc_write_link_bridge.
Setting constant 0-bit at position 93 on $auto$ff.cc:337:slice$2866 ($dffe) from module ot_qwen_kvc_write_link_bridge.
Setting constant 0-bit at position 94 on $auto$ff.cc:337:slice$2866 ($dffe) from module ot_qwen_kvc_write_link_bridge.
Setting constant 0-bit at position 95 on $auto$ff.cc:337:slice$2866 ($dffe) from module ot_qwen_kvc_write_link_bridge.
Setting constant 0-bit at position 96 on $auto$ff.cc:337:slice$2866 ($dffe) from module ot_qwen_kvc_write_link_bridge.
Setting constant 0-bit at position 97 on $auto$ff.cc:337:slice$2866 ($dffe) from module ot_qwen_kvc_write_link_bridge.
Setting constant 0-bit at position 98 on $auto$ff.cc:337:slice$2866 ($dffe) from module ot_qwen_kvc_write_link_bridge.
Setting constant 0-bit at position 99 on $auto$ff.cc:337:slice$2866 ($dffe) from module ot_qwen_kvc_write_link_bridge.
Setting constant 0-bit at position 100 on $auto$ff.cc:337:slice$2866 ($dffe) from module ot_qwen_kvc_write_link_bridge.
Setting constant 0-bit at position 101 on $auto$ff.cc:337:slice$2866 ($dffe) from module ot_qwen_kvc_write_link_bridge.
Setting constant 0-bit at position 102 on $auto$ff.cc:337:slice$2866 ($dffe) from module ot_qwen_kvc_write_link_bridge.
Setting constant 0-bit at position 103 on $auto$ff.cc:337:slice$2866 ($dffe) from module ot_qwen_kvc_write_link_bridge.
Setting constant 0-bit at position 104 on $auto$ff.cc:337:slice$2866 ($dffe) from module ot_qwen_kvc_write_link_bridge.
Setting constant 0-bit at position 105 on $auto$ff.cc:337:slice$2866 ($dffe) from module ot_qwen_kvc_write_link_bridge.
Setting constant 0-bit at position 106 on $auto$ff.cc:337:slice$2866 ($dffe) from module ot_qwen_kvc_write_link_bridge.
Setting constant 0-bit at position 107 on $auto$ff.cc:337:slice$2866 ($dffe) from module ot_qwen_kvc_write_link_bridge.
Setting constant 0-bit at position 108 on $auto$ff.cc:337:slice$2866 ($dffe) from module ot_qwen_kvc_write_link_bridge.
Setting constant 0-bit at position 109 on $auto$ff.cc:337:slice$2866 ($dffe) from module ot_qwen_kvc_write_link_bridge.
Setting constant 0-bit at position 110 on $auto$ff.cc:337:slice$2866 ($dffe) from module ot_qwen_kvc_write_link_bridge.
Setting constant 0-bit at position 111 on $auto$ff.cc:337:slice$2866 ($dffe) from module ot_qwen_kvc_write_link_bridge.
Setting constant 0-bit at position 112 on $auto$ff.cc:337:slice$2866 ($dffe) from module ot_qwen_kvc_write_link_bridge.
Setting constant 0-bit at position 113 on $auto$ff.cc:337:slice$2866 ($dffe) from module ot_qwen_kvc_write_link_bridge.
Setting constant 0-bit at position 114 on $auto$ff.cc:337:slice$2866 ($dffe) from module ot_qwen_kvc_write_link_bridge.
Setting constant 0-bit at position 115 on $auto$ff.cc:337:slice$2866 ($dffe) from module ot_qwen_kvc_write_link_bridge.
Setting constant 0-bit at position 116 on $auto$ff.cc:337:slice$2866 ($dffe) from module ot_qwen_kvc_write_link_bridge.
Setting constant 0-bit at position 117 on $auto$ff.cc:337:slice$2866 ($dffe) from module ot_qwen_kvc_write_link_bridge.
Setting constant 0-bit at position 118 on $auto$ff.cc:337:slice$2866 ($dffe) from module ot_qwen_kvc_write_link_bridge.
Setting constant 0-bit at position 119 on $auto$ff.cc:337:slice$2866 ($dffe) from module ot_qwen_kvc_write_link_bridge.
Setting constant 0-bit at position 120 on $auto$ff.cc:337:slice$2866 ($dffe) from module ot_qwen_kvc_write_link_bridge.
Setting constant 0-bit at position 121 on $auto$ff.cc:337:slice$2866 ($dffe) from module ot_qwen_kvc_write_link_bridge.
Setting constant 0-bit at position 122 on $auto$ff.cc:337:slice$2866 ($dffe) from module ot_qwen_kvc_write_link_bridge.
Setting constant 0-bit at position 123 on $auto$ff.cc:337:slice$2866 ($dffe) from module ot_qwen_kvc_write_link_bridge.
Setting constant 0-bit at position 124 on $auto$ff.cc:337:slice$2866 ($dffe) from module ot_qwen_kvc_write_link_bridge.
Setting constant 0-bit at position 125 on $auto$ff.cc:337:slice$2866 ($dffe) from module ot_qwen_kvc_write_link_bridge.
Setting constant 0-bit at position 126 on $auto$ff.cc:337:slice$2866 ($dffe) from module ot_qwen_kvc_write_link_bridge.
Setting constant 0-bit at position 127 on $auto$ff.cc:337:slice$2866 ($dffe) from module ot_qwen_kvc_write_link_bridge.
Setting constant 0-bit at position 128 on $auto$ff.cc:337:slice$2866 ($dffe) from module ot_qwen_kvc_write_link_bridge.
Setting constant 0-bit at position 129 on $auto$ff.cc:337:slice$2866 ($dffe) from module ot_qwen_kvc_write_link_bridge.
Setting constant 0-bit at position 130 on $auto$ff.cc:337:slice$2866 ($dffe) from module ot_qwen_kvc_write_link_bridge.
Setting constant 0-bit at position 131 on $auto$ff.cc:337:slice$2866 ($dffe) from module ot_qwen_kvc_write_link_bridge.
Setting constant 0-bit at position 132 on $auto$ff.cc:337:slice$2866 ($dffe) from module ot_qwen_kvc_write_link_bridge.
Setting constant 0-bit at position 133 on $auto$ff.cc:337:slice$2866 ($dffe) from module ot_qwen_kvc_write_link_bridge.
Setting constant 0-bit at position 134 on $auto$ff.cc:337:slice$2866 ($dffe) from module ot_qwen_kvc_write_link_bridge.
Setting constant 0-bit at position 135 on $auto$ff.cc:337:slice$2866 ($dffe) from module ot_qwen_kvc_write_link_bridge.
Setting constant 0-bit at position 136 on $auto$ff.cc:337:slice$2866 ($dffe) from module ot_qwen_kvc_write_link_bridge.
Setting constant 0-bit at position 137 on $auto$ff.cc:337:slice$2866 ($dffe) from module ot_qwen_kvc_write_link_bridge.
Setting constant 0-bit at position 138 on $auto$ff.cc:337:slice$2866 ($dffe) from module ot_qwen_kvc_write_link_bridge.
Setting constant 0-bit at position 139 on $auto$ff.cc:337:slice$2866 ($dffe) from module ot_qwen_kvc_write_link_bridge.
Setting constant 0-bit at position 140 on $auto$ff.cc:337:slice$2866 ($dffe) from module ot_qwen_kvc_write_link_bridge.
Setting constant 0-bit at position 141 on $auto$ff.cc:337:slice$2866 ($dffe) from module ot_qwen_kvc_write_link_bridge.
Setting constant 0-bit at position 142 on $auto$ff.cc:337:slice$2866 ($dffe) from module ot_qwen_kvc_write_link_bridge.
Setting constant 0-bit at position 143 on $auto$ff.cc:337:slice$2866 ($dffe) from module ot_qwen_kvc_write_link_bridge.
Setting constant 0-bit at position 144 on $auto$ff.cc:337:slice$2866 ($dffe) from module ot_qwen_kvc_write_link_bridge.
Setting constant 0-bit at position 145 on $auto$ff.cc:337:slice$2866 ($dffe) from module ot_qwen_kvc_write_link_bridge.
Setting constant 0-bit at position 146 on $auto$ff.cc:337:slice$2866 ($dffe) from module ot_qwen_kvc_write_link_bridge.
Setting constant 0-bit at position 147 on $auto$ff.cc:337:slice$2866 ($dffe) from module ot_qwen_kvc_write_link_bridge.
Setting constant 0-bit at position 148 on $auto$ff.cc:337:slice$2866 ($dffe) from module ot_qwen_kvc_write_link_bridge.
Setting constant 0-bit at position 149 on $auto$ff.cc:337:slice$2866 ($dffe) from module ot_qwen_kvc_write_link_bridge.
Setting constant 0-bit at position 150 on $auto$ff.cc:337:slice$2866 ($dffe) from module ot_qwen_kvc_write_link_bridge.
Setting constant 0-bit at position 151 on $auto$ff.cc:337:slice$2866 ($dffe) from module ot_qwen_kvc_write_link_bridge.
Setting constant 0-bit at position 152 on $auto$ff.cc:337:slice$2866 ($dffe) from module ot_qwen_kvc_write_link_bridge.
Setting constant 0-bit at position 153 on $auto$ff.cc:337:slice$2866 ($dffe) from module ot_qwen_kvc_write_link_bridge.
Setting constant 0-bit at position 154 on $auto$ff.cc:337:slice$2866 ($dffe) from module ot_qwen_kvc_write_link_bridge.
Setting constant 0-bit at position 155 on $auto$ff.cc:337:slice$2866 ($dffe) from module ot_qwen_kvc_write_link_bridge.
Setting constant 0-bit at position 156 on $auto$ff.cc:337:slice$2866 ($dffe) from module ot_qwen_kvc_write_link_bridge.
Setting constant 0-bit at position 157 on $auto$ff.cc:337:slice$2866 ($dffe) from module ot_qwen_kvc_write_link_bridge.
Setting constant 0-bit at position 158 on $auto$ff.cc:337:slice$2866 ($dffe) from module ot_qwen_kvc_write_link_bridge.
Setting constant 0-bit at position 159 on $auto$ff.cc:337:slice$2866 ($dffe) from module ot_qwen_kvc_write_link_bridge.
Setting constant 0-bit at position 160 on $auto$ff.cc:337:slice$2866 ($dffe) from module ot_qwen_kvc_write_link_bridge.
Setting constant 0-bit at position 161 on $auto$ff.cc:337:slice$2866 ($dffe) from module ot_qwen_kvc_write_link_bridge.
Setting constant 0-bit at position 162 on $auto$ff.cc:337:slice$2866 ($dffe) from module ot_qwen_kvc_write_link_bridge.
Setting constant 0-bit at position 163 on $auto$ff.cc:337:slice$2866 ($dffe) from module ot_qwen_kvc_write_link_bridge.
Setting constant 0-bit at position 164 on $auto$ff.cc:337:slice$2866 ($dffe) from module ot_qwen_kvc_write_link_bridge.
Setting constant 0-bit at position 165 on $auto$ff.cc:337:slice$2866 ($dffe) from module ot_qwen_kvc_write_link_bridge.
Setting constant 0-bit at position 166 on $auto$ff.cc:337:slice$2866 ($dffe) from module ot_qwen_kvc_write_link_bridge.
Setting constant 0-bit at position 167 on $auto$ff.cc:337:slice$2866 ($dffe) from module ot_qwen_kvc_write_link_bridge.
Setting constant 0-bit at position 168 on $auto$ff.cc:337:slice$2866 ($dffe) from module ot_qwen_kvc_write_link_bridge.
Setting constant 0-bit at position 169 on $auto$ff.cc:337:slice$2866 ($dffe) from module ot_qwen_kvc_write_link_bridge.
Setting constant 0-bit at position 170 on $auto$ff.cc:337:slice$2866 ($dffe) from module ot_qwen_kvc_write_link_bridge.
Setting constant 0-bit at position 171 on $auto$ff.cc:337:slice$2866 ($dffe) from module ot_qwen_kvc_write_link_bridge.
Setting constant 0-bit at position 172 on $auto$ff.cc:337:slice$2866 ($dffe) from module ot_qwen_kvc_write_link_bridge.
Setting constant 0-bit at position 173 on $auto$ff.cc:337:slice$2866 ($dffe) from module ot_qwen_kvc_write_link_bridge.
Setting constant 0-bit at position 174 on $auto$ff.cc:337:slice$2866 ($dffe) from module ot_qwen_kvc_write_link_bridge.
Setting constant 0-bit at position 175 on $auto$ff.cc:337:slice$2866 ($dffe) from module ot_qwen_kvc_write_link_bridge.
Setting constant 0-bit at position 176 on $auto$ff.cc:337:slice$2866 ($dffe) from module ot_qwen_kvc_write_link_bridge.
Setting constant 0-bit at position 177 on $auto$ff.cc:337:slice$2866 ($dffe) from module ot_qwen_kvc_write_link_bridge.
Setting constant 0-bit at position 178 on $auto$ff.cc:337:slice$2866 ($dffe) from module ot_qwen_kvc_write_link_bridge.
Setting constant 0-bit at position 179 on $auto$ff.cc:337:slice$2866 ($dffe) from module ot_qwen_kvc_write_link_bridge.
Setting constant 0-bit at position 180 on $auto$ff.cc:337:slice$2866 ($dffe) from module ot_qwen_kvc_write_link_bridge.
Setting constant 0-bit at position 181 on $auto$ff.cc:337:slice$2866 ($dffe) from module ot_qwen_kvc_write_link_bridge.
Setting constant 0-bit at position 487 on $auto$ff.cc:337:slice$2866 ($dffe) from module ot_qwen_kvc_write_link_bridge.
Setting constant 0-bit at position 488 on $auto$ff.cc:337:slice$2866 ($dffe) from module ot_qwen_kvc_write_link_bridge.
Setting constant 0-bit at position 489 on $auto$ff.cc:337:slice$2866 ($dffe) from module ot_qwen_kvc_write_link_bridge.
Setting constant 0-bit at position 490 on $auto$ff.cc:337:slice$2866 ($dffe) from module ot_qwen_kvc_write_link_bridge.
Setting constant 0-bit at position 491 on $auto$ff.cc:337:slice$2866 ($dffe) from module ot_qwen_kvc_write_link_bridge.
Setting constant 0-bit at position 492 on $auto$ff.cc:337:slice$2866 ($dffe) from module ot_qwen_kvc_write_link_bridge.
Setting constant 0-bit at position 493 on $auto$ff.cc:337:slice$2866 ($dffe) from module ot_qwen_kvc_write_link_bridge.
Setting constant 1-bit at position 502 on $auto$ff.cc:337:slice$2866 ($dffe) from module ot_qwen_kvc_write_link_bridge.
Setting constant 0-bit at position 503 on $auto$ff.cc:337:slice$2866 ($dffe) from module ot_qwen_kvc_write_link_bridge.
Setting constant 0-bit at position 504 on $auto$ff.cc:337:slice$2866 ($dffe) from module ot_qwen_kvc_write_link_bridge.
Setting constant 0-bit at position 505 on $auto$ff.cc:337:slice$2866 ($dffe) from module ot_qwen_kvc_write_link_bridge.
Setting constant 1-bit at position 506 on $auto$ff.cc:337:slice$2866 ($dffe) from module ot_qwen_kvc_write_link_bridge.
Setting constant 0-bit at position 507 on $auto$ff.cc:337:slice$2866 ($dffe) from module ot_qwen_kvc_write_link_bridge.
Setting constant 0-bit at position 508 on $auto$ff.cc:337:slice$2866 ($dffe) from module ot_qwen_kvc_write_link_bridge.
Setting constant 0-bit at position 509 on $auto$ff.cc:337:slice$2866 ($dffe) from module ot_qwen_kvc_write_link_bridge.
Setting constant 0-bit at position 32 on $auto$ff.cc:337:slice$2851 ($dffe) from module ot_qwen_kvc_write_link_bridge.
Setting constant 0-bit at position 33 on $auto$ff.cc:337:slice$2851 ($dffe) from module ot_qwen_kvc_write_link_bridge.
Setting constant 0-bit at position 34 on $auto$ff.cc:337:slice$2851 ($dffe) from module ot_qwen_kvc_write_link_bridge.
Setting constant 0-bit at position 35 on $auto$ff.cc:337:slice$2851 ($dffe) from module ot_qwen_kvc_write_link_bridge.
Setting constant 0-bit at position 36 on $auto$ff.cc:337:slice$2851 ($dffe) from module ot_qwen_kvc_write_link_bridge.
Setting constant 0-bit at position 37 on $auto$ff.cc:337:slice$2851 ($dffe) from module ot_qwen_kvc_write_link_bridge.
Setting constant 0-bit at position 38 on $auto$ff.cc:337:slice$2851 ($dffe) from module ot_qwen_kvc_write_link_bridge.
Setting constant 0-bit at position 39 on $auto$ff.cc:337:slice$2851 ($dffe) from module ot_qwen_kvc_write_link_bridge.
Setting constant 0-bit at position 40 on $auto$ff.cc:337:slice$2851 ($dffe) from module ot_qwen_kvc_write_link_bridge.
Setting constant 0-bit at position 41 on $auto$ff.cc:337:slice$2851 ($dffe) from module ot_qwen_kvc_write_link_bridge.
Setting constant 0-bit at position 42 on $auto$ff.cc:337:slice$2851 ($dffe) from module ot_qwen_kvc_write_link_bridge.
Setting constant 0-bit at position 43 on $auto$ff.cc:337:slice$2851 ($dffe) from module ot_qwen_kvc_write_link_bridge.
Setting constant 0-bit at position 44 on $auto$ff.cc:337:slice$2851 ($dffe) from module ot_qwen_kvc_write_link_bridge.
Setting constant 0-bit at position 45 on $auto$ff.cc:337:slice$2851 ($dffe) from module ot_qwen_kvc_write_link_bridge.
Setting constant 0-bit at position 46 on $auto$ff.cc:337:slice$2851 ($dffe) from module ot_qwen_kvc_write_link_bridge.
Setting constant 0-bit at position 47 on $auto$ff.cc:337:slice$2851 ($dffe) from module ot_qwen_kvc_write_link_bridge.
Setting constant 0-bit at position 48 on $auto$ff.cc:337:slice$2851 ($dffe) from module ot_qwen_kvc_write_link_bridge.
Setting constant 0-bit at position 49 on $auto$ff.cc:337:slice$2851 ($dffe) from module ot_qwen_kvc_write_link_bridge.
Setting constant 0-bit at position 50 on $auto$ff.cc:337:slice$2851 ($dffe) from module ot_qwen_kvc_write_link_bridge.
Setting constant 0-bit at position 51 on $auto$ff.cc:337:slice$2851 ($dffe) from module ot_qwen_kvc_write_link_bridge.
Setting constant 0-bit at position 52 on $auto$ff.cc:337:slice$2851 ($dffe) from module ot_qwen_kvc_write_link_bridge.
Setting constant 0-bit at position 53 on $auto$ff.cc:337:slice$2851 ($dffe) from module ot_qwen_kvc_write_link_bridge.
Setting constant 0-bit at position 54 on $auto$ff.cc:337:slice$2851 ($dffe) from module ot_qwen_kvc_write_link_bridge.
Setting constant 0-bit at position 55 on $auto$ff.cc:337:slice$2851 ($dffe) from module ot_qwen_kvc_write_link_bridge.
Setting constant 0-bit at position 56 on $auto$ff.cc:337:slice$2851 ($dffe) from module ot_qwen_kvc_write_link_bridge.
Setting constant 0-bit at position 57 on $auto$ff.cc:337:slice$2851 ($dffe) from module ot_qwen_kvc_write_link_bridge.
Setting constant 0-bit at position 58 on $auto$ff.cc:337:slice$2851 ($dffe) from module ot_qwen_kvc_write_link_bridge.
Setting constant 0-bit at position 59 on $auto$ff.cc:337:slice$2851 ($dffe) from module ot_qwen_kvc_write_link_bridge.
Setting constant 0-bit at position 60 on $auto$ff.cc:337:slice$2851 ($dffe) from module ot_qwen_kvc_write_link_bridge.
Setting constant 0-bit at position 61 on $auto$ff.cc:337:slice$2851 ($dffe) from module ot_qwen_kvc_write_link_bridge.
Setting constant 0-bit at position 62 on $auto$ff.cc:337:slice$2851 ($dffe) from module ot_qwen_kvc_write_link_bridge.
Setting constant 0-bit at position 63 on $auto$ff.cc:337:slice$2851 ($dffe) from module ot_qwen_kvc_write_link_bridge.
Setting constant 0-bit at position 64 on $auto$ff.cc:337:slice$2851 ($dffe) from module ot_qwen_kvc_write_link_bridge.
Setting constant 0-bit at position 65 on $auto$ff.cc:337:slice$2851 ($dffe) from module ot_qwen_kvc_write_link_bridge.
Setting constant 0-bit at position 66 on $auto$ff.cc:337:slice$2851 ($dffe) from module ot_qwen_kvc_write_link_bridge.
Setting constant 0-bit at position 67 on $auto$ff.cc:337:slice$2851 ($dffe) from module ot_qwen_kvc_write_link_bridge.
Setting constant 0-bit at position 68 on $auto$ff.cc:337:slice$2851 ($dffe) from module ot_qwen_kvc_write_link_bridge.
Setting constant 0-bit at position 69 on $auto$ff.cc:337:slice$2851 ($dffe) from module ot_qwen_kvc_write_link_bridge.
Setting constant 0-bit at position 70 on $auto$ff.cc:337:slice$2851 ($dffe) from module ot_qwen_kvc_write_link_bridge.
Setting constant 0-bit at position 71 on $auto$ff.cc:337:slice$2851 ($dffe) from module ot_qwen_kvc_write_link_bridge.
Setting constant 0-bit at position 72 on $auto$ff.cc:337:slice$2851 ($dffe) from module ot_qwen_kvc_write_link_bridge.
Setting constant 0-bit at position 73 on $auto$ff.cc:337:slice$2851 ($dffe) from module ot_qwen_kvc_write_link_bridge.
Setting constant 0-bit at position 74 on $auto$ff.cc:337:slice$2851 ($dffe) from module ot_qwen_kvc_write_link_bridge.
Setting constant 0-bit at position 75 on $auto$ff.cc:337:slice$2851 ($dffe) from module ot_qwen_kvc_write_link_bridge.
Setting constant 0-bit at position 76 on $auto$ff.cc:337:slice$2851 ($dffe) from module ot_qwen_kvc_write_link_bridge.
Setting constant 0-bit at position 77 on $auto$ff.cc:337:slice$2851 ($dffe) from module ot_qwen_kvc_write_link_bridge.
Setting constant 0-bit at position 78 on $auto$ff.cc:337:slice$2851 ($dffe) from module ot_qwen_kvc_write_link_bridge.
Setting constant 0-bit at position 79 on $auto$ff.cc:337:slice$2851 ($dffe) from module ot_qwen_kvc_write_link_bridge.
Setting constant 0-bit at position 80 on $auto$ff.cc:337:slice$2851 ($dffe) from module ot_qwen_kvc_write_link_bridge.
Setting constant 0-bit at position 81 on $auto$ff.cc:337:slice$2851 ($dffe) from module ot_qwen_kvc_write_link_bridge.
Setting constant 0-bit at position 82 on $auto$ff.cc:337:slice$2851 ($dffe) from module ot_qwen_kvc_write_link_bridge.
Setting constant 0-bit at position 83 on $auto$ff.cc:337:slice$2851 ($dffe) from module ot_qwen_kvc_write_link_bridge.
Setting constant 0-bit at position 84 on $auto$ff.cc:337:slice$2851 ($dffe) from module ot_qwen_kvc_write_link_bridge.
Setting constant 0-bit at position 85 on $auto$ff.cc:337:slice$2851 ($dffe) from module ot_qwen_kvc_write_link_bridge.
Setting constant 0-bit at position 86 on $auto$ff.cc:337:slice$2851 ($dffe) from module ot_qwen_kvc_write_link_bridge.
Setting constant 0-bit at position 87 on $auto$ff.cc:337:slice$2851 ($dffe) from module ot_qwen_kvc_write_link_bridge.
Setting constant 0-bit at position 88 on $auto$ff.cc:337:slice$2851 ($dffe) from module ot_qwen_kvc_write_link_bridge.
Setting constant 0-bit at position 89 on $auto$ff.cc:337:slice$2851 ($dffe) from module ot_qwen_kvc_write_link_bridge.
Setting constant 0-bit at position 90 on $auto$ff.cc:337:slice$2851 ($dffe) from module ot_qwen_kvc_write_link_bridge.
Setting constant 0-bit at position 91 on $auto$ff.cc:337:slice$2851 ($dffe) from module ot_qwen_kvc_write_link_bridge.
Setting constant 0-bit at position 92 on $auto$ff.cc:337:slice$2851 ($dffe) from module ot_qwen_kvc_write_link_bridge.
Setting constant 0-bit at position 93 on $auto$ff.cc:337:slice$2851 ($dffe) from module ot_qwen_kvc_write_link_bridge.
Setting constant 0-bit at position 94 on $auto$ff.cc:337:slice$2851 ($dffe) from module ot_qwen_kvc_write_link_bridge.
Setting constant 0-bit at position 95 on $auto$ff.cc:337:slice$2851 ($dffe) from module ot_qwen_kvc_write_link_bridge.
Setting constant 0-bit at position 96 on $auto$ff.cc:337:slice$2851 ($dffe) from module ot_qwen_kvc_write_link_bridge.
Setting constant 0-bit at position 97 on $auto$ff.cc:337:slice$2851 ($dffe) from module ot_qwen_kvc_write_link_bridge.
Setting constant 0-bit at position 98 on $auto$ff.cc:337:slice$2851 ($dffe) from module ot_qwen_kvc_write_link_bridge.
Setting constant 0-bit at position 99 on $auto$ff.cc:337:slice$2851 ($dffe) from module ot_qwen_kvc_write_link_bridge.
Setting constant 0-bit at position 100 on $auto$ff.cc:337:slice$2851 ($dffe) from module ot_qwen_kvc_write_link_bridge.
Setting constant 0-bit at position 101 on $auto$ff.cc:337:slice$2851 ($dffe) from module ot_qwen_kvc_write_link_bridge.
Setting constant 0-bit at position 102 on $auto$ff.cc:337:slice$2851 ($dffe) from module ot_qwen_kvc_write_link_bridge.
Setting constant 0-bit at position 103 on $auto$ff.cc:337:slice$2851 ($dffe) from module ot_qwen_kvc_write_link_bridge.
Setting constant 0-bit at position 104 on $auto$ff.cc:337:slice$2851 ($dffe) from module ot_qwen_kvc_write_link_bridge.
Setting constant 0-bit at position 105 on $auto$ff.cc:337:slice$2851 ($dffe) from module ot_qwen_kvc_write_link_bridge.
Setting constant 0-bit at position 106 on $auto$ff.cc:337:slice$2851 ($dffe) from module ot_qwen_kvc_write_link_bridge.
Setting constant 0-bit at position 107 on $auto$ff.cc:337:slice$2851 ($dffe) from module ot_qwen_kvc_write_link_bridge.
Setting constant 0-bit at position 108 on $auto$ff.cc:337:slice$2851 ($dffe) from module ot_qwen_kvc_write_link_bridge.
Setting constant 0-bit at position 109 on $auto$ff.cc:337:slice$2851 ($dffe) from module ot_qwen_kvc_write_link_bridge.
Setting constant 0-bit at position 110 on $auto$ff.cc:337:slice$2851 ($dffe) from module ot_qwen_kvc_write_link_bridge.
Setting constant 0-bit at position 111 on $auto$ff.cc:337:slice$2851 ($dffe) from module ot_qwen_kvc_write_link_bridge.
Setting constant 0-bit at position 112 on $auto$ff.cc:337:slice$2851 ($dffe) from module ot_qwen_kvc_write_link_bridge.
Setting constant 0-bit at position 113 on $auto$ff.cc:337:slice$2851 ($dffe) from module ot_qwen_kvc_write_link_bridge.
Setting constant 0-bit at position 114 on $auto$ff.cc:337:slice$2851 ($dffe) from module ot_qwen_kvc_write_link_bridge.
Setting constant 0-bit at position 115 on $auto$ff.cc:337:slice$2851 ($dffe) from module ot_qwen_kvc_write_link_bridge.
Setting constant 0-bit at position 116 on $auto$ff.cc:337:slice$2851 ($dffe) from module ot_qwen_kvc_write_link_bridge.
Setting constant 0-bit at position 117 on $auto$ff.cc:337:slice$2851 ($dffe) from module ot_qwen_kvc_write_link_bridge.
Setting constant 0-bit at position 118 on $auto$ff.cc:337:slice$2851 ($dffe) from module ot_qwen_kvc_write_link_bridge.
Setting constant 0-bit at position 119 on $auto$ff.cc:337:slice$2851 ($dffe) from module ot_qwen_kvc_write_link_bridge.
Setting constant 0-bit at position 120 on $auto$ff.cc:337:slice$2851 ($dffe) from module ot_qwen_kvc_write_link_bridge.
Setting constant 0-bit at position 121 on $auto$ff.cc:337:slice$2851 ($dffe) from module ot_qwen_kvc_write_link_bridge.
Setting constant 0-bit at position 122 on $auto$ff.cc:337:slice$2851 ($dffe) from module ot_qwen_kvc_write_link_bridge.
Setting constant 0-bit at position 123 on $auto$ff.cc:337:slice$2851 ($dffe) from module ot_qwen_kvc_write_link_bridge.
Setting constant 0-bit at position 124 on $auto$ff.cc:337:slice$2851 ($dffe) from module ot_qwen_kvc_write_link_bridge.
Setting constant 0-bit at position 125 on $auto$ff.cc:337:slice$2851 ($dffe) from module ot_qwen_kvc_write_link_bridge.
Setting constant 0-bit at position 126 on $auto$ff.cc:337:slice$2851 ($dffe) from module ot_qwen_kvc_write_link_bridge.
Setting constant 0-bit at position 127 on $auto$ff.cc:337:slice$2851 ($dffe) from module ot_qwen_kvc_write_link_bridge.
Setting constant 0-bit at position 128 on $auto$ff.cc:337:slice$2851 ($dffe) from module ot_qwen_kvc_write_link_bridge.
Setting constant 0-bit at position 129 on $auto$ff.cc:337:slice$2851 ($dffe) from module ot_qwen_kvc_write_link_bridge.
Setting constant 0-bit at position 130 on $auto$ff.cc:337:slice$2851 ($dffe) from module ot_qwen_kvc_write_link_bridge.
Setting constant 0-bit at position 131 on $auto$ff.cc:337:slice$2851 ($dffe) from module ot_qwen_kvc_write_link_bridge.
Setting constant 0-bit at position 132 on $auto$ff.cc:337:slice$2851 ($dffe) from module ot_qwen_kvc_write_link_bridge.
Setting constant 0-bit at position 133 on $auto$ff.cc:337:slice$2851 ($dffe) from module ot_qwen_kvc_write_link_bridge.
Setting constant 0-bit at position 134 on $auto$ff.cc:337:slice$2851 ($dffe) from module ot_qwen_kvc_write_link_bridge.
Setting constant 0-bit at position 135 on $auto$ff.cc:337:slice$2851 ($dffe) from module ot_qwen_kvc_write_link_bridge.
Setting constant 0-bit at position 136 on $auto$ff.cc:337:slice$2851 ($dffe) from module ot_qwen_kvc_write_link_bridge.
Setting constant 0-bit at position 137 on $auto$ff.cc:337:slice$2851 ($dffe) from module ot_qwen_kvc_write_link_bridge.
Setting constant 0-bit at position 138 on $auto$ff.cc:337:slice$2851 ($dffe) from module ot_qwen_kvc_write_link_bridge.
Setting constant 0-bit at position 139 on $auto$ff.cc:337:slice$2851 ($dffe) from module ot_qwen_kvc_write_link_bridge.
Setting constant 0-bit at position 140 on $auto$ff.cc:337:slice$2851 ($dffe) from module ot_qwen_kvc_write_link_bridge.
Setting constant 0-bit at position 141 on $auto$ff.cc:337:slice$2851 ($dffe) from module ot_qwen_kvc_write_link_bridge.
Setting constant 0-bit at position 142 on $auto$ff.cc:337:slice$2851 ($dffe) from module ot_qwen_kvc_write_link_bridge.
Setting constant 0-bit at position 143 on $auto$ff.cc:337:slice$2851 ($dffe) from module ot_qwen_kvc_write_link_bridge.
Setting constant 0-bit at position 144 on $auto$ff.cc:337:slice$2851 ($dffe) from module ot_qwen_kvc_write_link_bridge.
Setting constant 0-bit at position 145 on $auto$ff.cc:337:slice$2851 ($dffe) from module ot_qwen_kvc_write_link_bridge.
Setting constant 0-bit at position 146 on $auto$ff.cc:337:slice$2851 ($dffe) from module ot_qwen_kvc_write_link_bridge.
Setting constant 0-bit at position 147 on $auto$ff.cc:337:slice$2851 ($dffe) from module ot_qwen_kvc_write_link_bridge.
Setting constant 0-bit at position 148 on $auto$ff.cc:337:slice$2851 ($dffe) from module ot_qwen_kvc_write_link_bridge.
Setting constant 0-bit at position 149 on $auto$ff.cc:337:slice$2851 ($dffe) from module ot_qwen_kvc_write_link_bridge.
Setting constant 0-bit at position 150 on $auto$ff.cc:337:slice$2851 ($dffe) from module ot_qwen_kvc_write_link_bridge.
Setting constant 0-bit at position 151 on $auto$ff.cc:337:slice$2851 ($dffe) from module ot_qwen_kvc_write_link_bridge.
Setting constant 0-bit at position 152 on $auto$ff.cc:337:slice$2851 ($dffe) from module ot_qwen_kvc_write_link_bridge.
Setting constant 0-bit at position 153 on $auto$ff.cc:337:slice$2851 ($dffe) from module ot_qwen_kvc_write_link_bridge.
Setting constant 0-bit at position 154 on $auto$ff.cc:337:slice$2851 ($dffe) from module ot_qwen_kvc_write_link_bridge.
Setting constant 0-bit at position 155 on $auto$ff.cc:337:slice$2851 ($dffe) from module ot_qwen_kvc_write_link_bridge.
Setting constant 0-bit at position 156 on $auto$ff.cc:337:slice$2851 ($dffe) from module ot_qwen_kvc_write_link_bridge.
Setting constant 0-bit at position 157 on $auto$ff.cc:337:slice$2851 ($dffe) from module ot_qwen_kvc_write_link_bridge.
Setting constant 0-bit at position 158 on $auto$ff.cc:337:slice$2851 ($dffe) from module ot_qwen_kvc_write_link_bridge.
Setting constant 0-bit at position 159 on $auto$ff.cc:337:slice$2851 ($dffe) from module ot_qwen_kvc_write_link_bridge.
Setting constant 0-bit at position 160 on $auto$ff.cc:337:slice$2851 ($dffe) from module ot_qwen_kvc_write_link_bridge.
Setting constant 0-bit at position 161 on $auto$ff.cc:337:slice$2851 ($dffe) from module ot_qwen_kvc_write_link_bridge.
Setting constant 0-bit at position 162 on $auto$ff.cc:337:slice$2851 ($dffe) from module ot_qwen_kvc_write_link_bridge.
Setting constant 0-bit at position 163 on $auto$ff.cc:337:slice$2851 ($dffe) from module ot_qwen_kvc_write_link_bridge.
Setting constant 0-bit at position 164 on $auto$ff.cc:337:slice$2851 ($dffe) from module ot_qwen_kvc_write_link_bridge.
Setting constant 0-bit at position 165 on $auto$ff.cc:337:slice$2851 ($dffe) from module ot_qwen_kvc_write_link_bridge.
Setting constant 0-bit at position 166 on $auto$ff.cc:337:slice$2851 ($dffe) from module ot_qwen_kvc_write_link_bridge.
Setting constant 0-bit at position 167 on $auto$ff.cc:337:slice$2851 ($dffe) from module ot_qwen_kvc_write_link_bridge.
Setting constant 0-bit at position 168 on $auto$ff.cc:337:slice$2851 ($dffe) from module ot_qwen_kvc_write_link_bridge.
Setting constant 0-bit at position 169 on $auto$ff.cc:337:slice$2851 ($dffe) from module ot_qwen_kvc_write_link_bridge.
Setting constant 0-bit at position 170 on $auto$ff.cc:337:slice$2851 ($dffe) from module ot_qwen_kvc_write_link_bridge.
Setting constant 0-bit at position 171 on $auto$ff.cc:337:slice$2851 ($dffe) from module ot_qwen_kvc_write_link_bridge.
Setting constant 0-bit at position 172 on $auto$ff.cc:337:slice$2851 ($dffe) from module ot_qwen_kvc_write_link_bridge.
Setting constant 0-bit at position 173 on $auto$ff.cc:337:slice$2851 ($dffe) from module ot_qwen_kvc_write_link_bridge.
Setting constant 0-bit at position 174 on $auto$ff.cc:337:slice$2851 ($dffe) from module ot_qwen_kvc_write_link_bridge.
Setting constant 0-bit at position 175 on $auto$ff.cc:337:slice$2851 ($dffe) from module ot_qwen_kvc_write_link_bridge.
Setting constant 0-bit at position 176 on $auto$ff.cc:337:slice$2851 ($dffe) from module ot_qwen_kvc_write_link_bridge.
Setting constant 0-bit at position 177 on $auto$ff.cc:337:slice$2851 ($dffe) from module ot_qwen_kvc_write_link_bridge.
Setting constant 0-bit at position 178 on $auto$ff.cc:337:slice$2851 ($dffe) from module ot_qwen_kvc_write_link_bridge.
Setting constant 0-bit at position 179 on $auto$ff.cc:337:slice$2851 ($dffe) from module ot_qwen_kvc_write_link_bridge.
Setting constant 0-bit at position 180 on $auto$ff.cc:337:slice$2851 ($dffe) from module ot_qwen_kvc_write_link_bridge.
Setting constant 0-bit at position 181 on $auto$ff.cc:337:slice$2851 ($dffe) from module ot_qwen_kvc_write_link_bridge.
Setting constant 0-bit at position 487 on $auto$ff.cc:337:slice$2851 ($dffe) from module ot_qwen_kvc_write_link_bridge.
Setting constant 0-bit at position 488 on $auto$ff.cc:337:slice$2851 ($dffe) from module ot_qwen_kvc_write_link_bridge.
Setting constant 0-bit at position 489 on $auto$ff.cc:337:slice$2851 ($dffe) from module ot_qwen_kvc_write_link_bridge.
Setting constant 0-bit at position 490 on $auto$ff.cc:337:slice$2851 ($dffe) from module ot_qwen_kvc_write_link_bridge.
Setting constant 0-bit at position 491 on $auto$ff.cc:337:slice$2851 ($dffe) from module ot_qwen_kvc_write_link_bridge.
Setting constant 0-bit at position 492 on $auto$ff.cc:337:slice$2851 ($dffe) from module ot_qwen_kvc_write_link_bridge.
Setting constant 0-bit at position 493 on $auto$ff.cc:337:slice$2851 ($dffe) from module ot_qwen_kvc_write_link_bridge.
Setting constant 1-bit at position 502 on $auto$ff.cc:337:slice$2851 ($dffe) from module ot_qwen_kvc_write_link_bridge.
Setting constant 0-bit at position 503 on $auto$ff.cc:337:slice$2851 ($dffe) from module ot_qwen_kvc_write_link_bridge.
Setting constant 0-bit at position 504 on $auto$ff.cc:337:slice$2851 ($dffe) from module ot_qwen_kvc_write_link_bridge.
Setting constant 0-bit at position 505 on $auto$ff.cc:337:slice$2851 ($dffe) from module ot_qwen_kvc_write_link_bridge.
Setting constant 1-bit at position 506 on $auto$ff.cc:337:slice$2851 ($dffe) from module ot_qwen_kvc_write_link_bridge.
Setting constant 0-bit at position 507 on $auto$ff.cc:337:slice$2851 ($dffe) from module ot_qwen_kvc_write_link_bridge.
Setting constant 0-bit at position 508 on $auto$ff.cc:337:slice$2851 ($dffe) from module ot_qwen_kvc_write_link_bridge.
Setting constant 0-bit at position 509 on $auto$ff.cc:337:slice$2851 ($dffe) from module ot_qwen_kvc_write_link_bridge.
Setting constant 0-bit at position 32 on $auto$ff.cc:337:slice$2833 ($dffe) from module ot_qwen_kvc_write_link_bridge.
Setting constant 0-bit at position 33 on $auto$ff.cc:337:slice$2833 ($dffe) from module ot_qwen_kvc_write_link_bridge.
Setting constant 0-bit at position 34 on $auto$ff.cc:337:slice$2833 ($dffe) from module ot_qwen_kvc_write_link_bridge.
Setting constant 0-bit at position 35 on $auto$ff.cc:337:slice$2833 ($dffe) from module ot_qwen_kvc_write_link_bridge.
Setting constant 0-bit at position 36 on $auto$ff.cc:337:slice$2833 ($dffe) from module ot_qwen_kvc_write_link_bridge.
Setting constant 0-bit at position 37 on $auto$ff.cc:337:slice$2833 ($dffe) from module ot_qwen_kvc_write_link_bridge.
Setting constant 0-bit at position 38 on $auto$ff.cc:337:slice$2833 ($dffe) from module ot_qwen_kvc_write_link_bridge.
Setting constant 0-bit at position 39 on $auto$ff.cc:337:slice$2833 ($dffe) from module ot_qwen_kvc_write_link_bridge.
Setting constant 0-bit at position 40 on $auto$ff.cc:337:slice$2833 ($dffe) from module ot_qwen_kvc_write_link_bridge.
Setting constant 0-bit at position 41 on $auto$ff.cc:337:slice$2833 ($dffe) from module ot_qwen_kvc_write_link_bridge.
Setting constant 0-bit at position 42 on $auto$ff.cc:337:slice$2833 ($dffe) from module ot_qwen_kvc_write_link_bridge.
Setting constant 0-bit at position 43 on $auto$ff.cc:337:slice$2833 ($dffe) from module ot_qwen_kvc_write_link_bridge.
Setting constant 0-bit at position 44 on $auto$ff.cc:337:slice$2833 ($dffe) from module ot_qwen_kvc_write_link_bridge.
Setting constant 0-bit at position 45 on $auto$ff.cc:337:slice$2833 ($dffe) from module ot_qwen_kvc_write_link_bridge.
Setting constant 0-bit at position 46 on $auto$ff.cc:337:slice$2833 ($dffe) from module ot_qwen_kvc_write_link_bridge.
Setting constant 0-bit at position 47 on $auto$ff.cc:337:slice$2833 ($dffe) from module ot_qwen_kvc_write_link_bridge.
Setting constant 0-bit at position 48 on $auto$ff.cc:337:slice$2833 ($dffe) from module ot_qwen_kvc_write_link_bridge.
Setting constant 0-bit at position 49 on $auto$ff.cc:337:slice$2833 ($dffe) from module ot_qwen_kvc_write_link_bridge.
Setting constant 0-bit at position 50 on $auto$ff.cc:337:slice$2833 ($dffe) from module ot_qwen_kvc_write_link_bridge.
Setting constant 0-bit at position 51 on $auto$ff.cc:337:slice$2833 ($dffe) from module ot_qwen_kvc_write_link_bridge.
Setting constant 0-bit at position 52 on $auto$ff.cc:337:slice$2833 ($dffe) from module ot_qwen_kvc_write_link_bridge.
Setting constant 0-bit at position 53 on $auto$ff.cc:337:slice$2833 ($dffe) from module ot_qwen_kvc_write_link_bridge.
Setting constant 0-bit at position 54 on $auto$ff.cc:337:slice$2833 ($dffe) from module ot_qwen_kvc_write_link_bridge.
Setting constant 0-bit at position 55 on $auto$ff.cc:337:slice$2833 ($dffe) from module ot_qwen_kvc_write_link_bridge.
Setting constant 0-bit at position 56 on $auto$ff.cc:337:slice$2833 ($dffe) from module ot_qwen_kvc_write_link_bridge.
Setting constant 0-bit at position 57 on $auto$ff.cc:337:slice$2833 ($dffe) from module ot_qwen_kvc_write_link_bridge.
Setting constant 0-bit at position 58 on $auto$ff.cc:337:slice$2833 ($dffe) from module ot_qwen_kvc_write_link_bridge.
Setting constant 0-bit at position 59 on $auto$ff.cc:337:slice$2833 ($dffe) from module ot_qwen_kvc_write_link_bridge.
Setting constant 0-bit at position 60 on $auto$ff.cc:337:slice$2833 ($dffe) from module ot_qwen_kvc_write_link_bridge.
Setting constant 0-bit at position 61 on $auto$ff.cc:337:slice$2833 ($dffe) from module ot_qwen_kvc_write_link_bridge.
Setting constant 0-bit at position 62 on $auto$ff.cc:337:slice$2833 ($dffe) from module ot_qwen_kvc_write_link_bridge.
Setting constant 0-bit at position 63 on $auto$ff.cc:337:slice$2833 ($dffe) from module ot_qwen_kvc_write_link_bridge.
Setting constant 0-bit at position 64 on $auto$ff.cc:337:slice$2833 ($dffe) from module ot_qwen_kvc_write_link_bridge.
Setting constant 0-bit at position 65 on $auto$ff.cc:337:slice$2833 ($dffe) from module ot_qwen_kvc_write_link_bridge.
Setting constant 0-bit at position 66 on $auto$ff.cc:337:slice$2833 ($dffe) from module ot_qwen_kvc_write_link_bridge.
Setting constant 0-bit at position 67 on $auto$ff.cc:337:slice$2833 ($dffe) from module ot_qwen_kvc_write_link_bridge.
Setting constant 0-bit at position 68 on $auto$ff.cc:337:slice$2833 ($dffe) from module ot_qwen_kvc_write_link_bridge.
Setting constant 0-bit at position 69 on $auto$ff.cc:337:slice$2833 ($dffe) from module ot_qwen_kvc_write_link_bridge.
Setting constant 0-bit at position 70 on $auto$ff.cc:337:slice$2833 ($dffe) from module ot_qwen_kvc_write_link_bridge.
Setting constant 0-bit at position 71 on $auto$ff.cc:337:slice$2833 ($dffe) from module ot_qwen_kvc_write_link_bridge.
Setting constant 0-bit at position 72 on $auto$ff.cc:337:slice$2833 ($dffe) from module ot_qwen_kvc_write_link_bridge.
Setting constant 0-bit at position 73 on $auto$ff.cc:337:slice$2833 ($dffe) from module ot_qwen_kvc_write_link_bridge.
Setting constant 0-bit at position 74 on $auto$ff.cc:337:slice$2833 ($dffe) from module ot_qwen_kvc_write_link_bridge.
Setting constant 0-bit at position 75 on $auto$ff.cc:337:slice$2833 ($dffe) from module ot_qwen_kvc_write_link_bridge.
Setting constant 0-bit at position 76 on $auto$ff.cc:337:slice$2833 ($dffe) from module ot_qwen_kvc_write_link_bridge.
Setting constant 0-bit at position 77 on $auto$ff.cc:337:slice$2833 ($dffe) from module ot_qwen_kvc_write_link_bridge.
Setting constant 0-bit at position 78 on $auto$ff.cc:337:slice$2833 ($dffe) from module ot_qwen_kvc_write_link_bridge.
Setting constant 0-bit at position 79 on $auto$ff.cc:337:slice$2833 ($dffe) from module ot_qwen_kvc_write_link_bridge.
Setting constant 0-bit at position 80 on $auto$ff.cc:337:slice$2833 ($dffe) from module ot_qwen_kvc_write_link_bridge.
Setting constant 0-bit at position 81 on $auto$ff.cc:337:slice$2833 ($dffe) from module ot_qwen_kvc_write_link_bridge.
Setting constant 0-bit at position 82 on $auto$ff.cc:337:slice$2833 ($dffe) from module ot_qwen_kvc_write_link_bridge.
Setting constant 0-bit at position 83 on $auto$ff.cc:337:slice$2833 ($dffe) from module ot_qwen_kvc_write_link_bridge.
Setting constant 0-bit at position 84 on $auto$ff.cc:337:slice$2833 ($dffe) from module ot_qwen_kvc_write_link_bridge.
Setting constant 0-bit at position 85 on $auto$ff.cc:337:slice$2833 ($dffe) from module ot_qwen_kvc_write_link_bridge.
Setting constant 0-bit at position 86 on $auto$ff.cc:337:slice$2833 ($dffe) from module ot_qwen_kvc_write_link_bridge.
Setting constant 0-bit at position 87 on $auto$ff.cc:337:slice$2833 ($dffe) from module ot_qwen_kvc_write_link_bridge.
Setting constant 0-bit at position 88 on $auto$ff.cc:337:slice$2833 ($dffe) from module ot_qwen_kvc_write_link_bridge.
Setting constant 0-bit at position 89 on $auto$ff.cc:337:slice$2833 ($dffe) from module ot_qwen_kvc_write_link_bridge.
Setting constant 0-bit at position 90 on $auto$ff.cc:337:slice$2833 ($dffe) from module ot_qwen_kvc_write_link_bridge.
Setting constant 0-bit at position 91 on $auto$ff.cc:337:slice$2833 ($dffe) from module ot_qwen_kvc_write_link_bridge.
Setting constant 0-bit at position 92 on $auto$ff.cc:337:slice$2833 ($dffe) from module ot_qwen_kvc_write_link_bridge.
Setting constant 0-bit at position 93 on $auto$ff.cc:337:slice$2833 ($dffe) from module ot_qwen_kvc_write_link_bridge.
Setting constant 0-bit at position 94 on $auto$ff.cc:337:slice$2833 ($dffe) from module ot_qwen_kvc_write_link_bridge.
Setting constant 0-bit at position 95 on $auto$ff.cc:337:slice$2833 ($dffe) from module ot_qwen_kvc_write_link_bridge.
Setting constant 0-bit at position 96 on $auto$ff.cc:337:slice$2833 ($dffe) from module ot_qwen_kvc_write_link_bridge.
Setting constant 0-bit at position 97 on $auto$ff.cc:337:slice$2833 ($dffe) from module ot_qwen_kvc_write_link_bridge.
Setting constant 0-bit at position 98 on $auto$ff.cc:337:slice$2833 ($dffe) from module ot_qwen_kvc_write_link_bridge.
Setting constant 0-bit at position 99 on $auto$ff.cc:337:slice$2833 ($dffe) from module ot_qwen_kvc_write_link_bridge.
Setting constant 0-bit at position 100 on $auto$ff.cc:337:slice$2833 ($dffe) from module ot_qwen_kvc_write_link_bridge.
Setting constant 0-bit at position 101 on $auto$ff.cc:337:slice$2833 ($dffe) from module ot_qwen_kvc_write_link_bridge.
Setting constant 0-bit at position 102 on $auto$ff.cc:337:slice$2833 ($dffe) from module ot_qwen_kvc_write_link_bridge.
Setting constant 0-bit at position 103 on $auto$ff.cc:337:slice$2833 ($dffe) from module ot_qwen_kvc_write_link_bridge.
Setting constant 0-bit at position 104 on $auto$ff.cc:337:slice$2833 ($dffe) from module ot_qwen_kvc_write_link_bridge.
Setting constant 0-bit at position 105 on $auto$ff.cc:337:slice$2833 ($dffe) from module ot_qwen_kvc_write_link_bridge.
Setting constant 0-bit at position 106 on $auto$ff.cc:337:slice$2833 ($dffe) from module ot_qwen_kvc_write_link_bridge.
Setting constant 0-bit at position 107 on $auto$ff.cc:337:slice$2833 ($dffe) from module ot_qwen_kvc_write_link_bridge.
Setting constant 0-bit at position 108 on $auto$ff.cc:337:slice$2833 ($dffe) from module ot_qwen_kvc_write_link_bridge.
Setting constant 0-bit at position 109 on $auto$ff.cc:337:slice$2833 ($dffe) from module ot_qwen_kvc_write_link_bridge.
Setting constant 0-bit at position 110 on $auto$ff.cc:337:slice$2833 ($dffe) from module ot_qwen_kvc_write_link_bridge.
Setting constant 0-bit at position 111 on $auto$ff.cc:337:slice$2833 ($dffe) from module ot_qwen_kvc_write_link_bridge.
Setting constant 0-bit at position 112 on $auto$ff.cc:337:slice$2833 ($dffe) from module ot_qwen_kvc_write_link_bridge.
Setting constant 0-bit at position 113 on $auto$ff.cc:337:slice$2833 ($dffe) from module ot_qwen_kvc_write_link_bridge.
Setting constant 0-bit at position 114 on $auto$ff.cc:337:slice$2833 ($dffe) from module ot_qwen_kvc_write_link_bridge.
Setting constant 0-bit at position 115 on $auto$ff.cc:337:slice$2833 ($dffe) from module ot_qwen_kvc_write_link_bridge.
Setting constant 0-bit at position 116 on $auto$ff.cc:337:slice$2833 ($dffe) from module ot_qwen_kvc_write_link_bridge.
Setting constant 0-bit at position 117 on $auto$ff.cc:337:slice$2833 ($dffe) from module ot_qwen_kvc_write_link_bridge.
Setting constant 0-bit at position 118 on $auto$ff.cc:337:slice$2833 ($dffe) from module ot_qwen_kvc_write_link_bridge.
Setting constant 0-bit at position 119 on $auto$ff.cc:337:slice$2833 ($dffe) from module ot_qwen_kvc_write_link_bridge.
Setting constant 0-bit at position 120 on $auto$ff.cc:337:slice$2833 ($dffe) from module ot_qwen_kvc_write_link_bridge.
Setting constant 0-bit at position 121 on $auto$ff.cc:337:slice$2833 ($dffe) from module ot_qwen_kvc_write_link_bridge.
Setting constant 0-bit at position 122 on $auto$ff.cc:337:slice$2833 ($dffe) from module ot_qwen_kvc_write_link_bridge.
Setting constant 0-bit at position 123 on $auto$ff.cc:337:slice$2833 ($dffe) from module ot_qwen_kvc_write_link_bridge.
Setting constant 0-bit at position 124 on $auto$ff.cc:337:slice$2833 ($dffe) from module ot_qwen_kvc_write_link_bridge.
Setting constant 0-bit at position 125 on $auto$ff.cc:337:slice$2833 ($dffe) from module ot_qwen_kvc_write_link_bridge.
Setting constant 0-bit at position 126 on $auto$ff.cc:337:slice$2833 ($dffe) from module ot_qwen_kvc_write_link_bridge.
Setting constant 0-bit at position 127 on $auto$ff.cc:337:slice$2833 ($dffe) from module ot_qwen_kvc_write_link_bridge.
Setting constant 0-bit at position 128 on $auto$ff.cc:337:slice$2833 ($dffe) from module ot_qwen_kvc_write_link_bridge.
Setting constant 0-bit at position 129 on $auto$ff.cc:337:slice$2833 ($dffe) from module ot_qwen_kvc_write_link_bridge.
Setting constant 0-bit at position 130 on $auto$ff.cc:337:slice$2833 ($dffe) from module ot_qwen_kvc_write_link_bridge.
Setting constant 0-bit at position 131 on $auto$ff.cc:337:slice$2833 ($dffe) from module ot_qwen_kvc_write_link_bridge.
Setting constant 0-bit at position 132 on $auto$ff.cc:337:slice$2833 ($dffe) from module ot_qwen_kvc_write_link_bridge.
Setting constant 0-bit at position 133 on $auto$ff.cc:337:slice$2833 ($dffe) from module ot_qwen_kvc_write_link_bridge.
Setting constant 0-bit at position 134 on $auto$ff.cc:337:slice$2833 ($dffe) from module ot_qwen_kvc_write_link_bridge.
Setting constant 0-bit at position 135 on $auto$ff.cc:337:slice$2833 ($dffe) from module ot_qwen_kvc_write_link_bridge.
Setting constant 0-bit at position 136 on $auto$ff.cc:337:slice$2833 ($dffe) from module ot_qwen_kvc_write_link_bridge.
Setting constant 0-bit at position 137 on $auto$ff.cc:337:slice$2833 ($dffe) from module ot_qwen_kvc_write_link_bridge.
Setting constant 0-bit at position 138 on $auto$ff.cc:337:slice$2833 ($dffe) from module ot_qwen_kvc_write_link_bridge.
Setting constant 0-bit at position 139 on $auto$ff.cc:337:slice$2833 ($dffe) from module ot_qwen_kvc_write_link_bridge.
Setting constant 0-bit at position 140 on $auto$ff.cc:337:slice$2833 ($dffe) from module ot_qwen_kvc_write_link_bridge.
Setting constant 0-bit at position 141 on $auto$ff.cc:337:slice$2833 ($dffe) from module ot_qwen_kvc_write_link_bridge.
Setting constant 0-bit at position 142 on $auto$ff.cc:337:slice$2833 ($dffe) from module ot_qwen_kvc_write_link_bridge.
Setting constant 0-bit at position 143 on $auto$ff.cc:337:slice$2833 ($dffe) from module ot_qwen_kvc_write_link_bridge.
Setting constant 0-bit at position 144 on $auto$ff.cc:337:slice$2833 ($dffe) from module ot_qwen_kvc_write_link_bridge.
Setting constant 0-bit at position 145 on $auto$ff.cc:337:slice$2833 ($dffe) from module ot_qwen_kvc_write_link_bridge.
Setting constant 0-bit at position 146 on $auto$ff.cc:337:slice$2833 ($dffe) from module ot_qwen_kvc_write_link_bridge.
Setting constant 0-bit at position 147 on $auto$ff.cc:337:slice$2833 ($dffe) from module ot_qwen_kvc_write_link_bridge.
Setting constant 0-bit at position 148 on $auto$ff.cc:337:slice$2833 ($dffe) from module ot_qwen_kvc_write_link_bridge.
Setting constant 0-bit at position 149 on $auto$ff.cc:337:slice$2833 ($dffe) from module ot_qwen_kvc_write_link_bridge.
Setting constant 0-bit at position 150 on $auto$ff.cc:337:slice$2833 ($dffe) from module ot_qwen_kvc_write_link_bridge.
Setting constant 0-bit at position 151 on $auto$ff.cc:337:slice$2833 ($dffe) from module ot_qwen_kvc_write_link_bridge.
Setting constant 0-bit at position 152 on $auto$ff.cc:337:slice$2833 ($dffe) from module ot_qwen_kvc_write_link_bridge.
Setting constant 0-bit at position 153 on $auto$ff.cc:337:slice$2833 ($dffe) from module ot_qwen_kvc_write_link_bridge.
Setting constant 0-bit at position 154 on $auto$ff.cc:337:slice$2833 ($dffe) from module ot_qwen_kvc_write_link_bridge.
Setting constant 0-bit at position 155 on $auto$ff.cc:337:slice$2833 ($dffe) from module ot_qwen_kvc_write_link_bridge.
Setting constant 0-bit at position 156 on $auto$ff.cc:337:slice$2833 ($dffe) from module ot_qwen_kvc_write_link_bridge.
Setting constant 0-bit at position 157 on $auto$ff.cc:337:slice$2833 ($dffe) from module ot_qwen_kvc_write_link_bridge.
Setting constant 0-bit at position 158 on $auto$ff.cc:337:slice$2833 ($dffe) from module ot_qwen_kvc_write_link_bridge.
Setting constant 0-bit at position 159 on $auto$ff.cc:337:slice$2833 ($dffe) from module ot_qwen_kvc_write_link_bridge.
Setting constant 0-bit at position 160 on $auto$ff.cc:337:slice$2833 ($dffe) from module ot_qwen_kvc_write_link_bridge.
Setting constant 0-bit at position 161 on $auto$ff.cc:337:slice$2833 ($dffe) from module ot_qwen_kvc_write_link_bridge.
Setting constant 0-bit at position 162 on $auto$ff.cc:337:slice$2833 ($dffe) from module ot_qwen_kvc_write_link_bridge.
Setting constant 0-bit at position 163 on $auto$ff.cc:337:slice$2833 ($dffe) from module ot_qwen_kvc_write_link_bridge.
Setting constant 0-bit at position 164 on $auto$ff.cc:337:slice$2833 ($dffe) from module ot_qwen_kvc_write_link_bridge.
Setting constant 0-bit at position 165 on $auto$ff.cc:337:slice$2833 ($dffe) from module ot_qwen_kvc_write_link_bridge.
Setting constant 0-bit at position 166 on $auto$ff.cc:337:slice$2833 ($dffe) from module ot_qwen_kvc_write_link_bridge.
Setting constant 0-bit at position 167 on $auto$ff.cc:337:slice$2833 ($dffe) from module ot_qwen_kvc_write_link_bridge.
Setting constant 0-bit at position 168 on $auto$ff.cc:337:slice$2833 ($dffe) from module ot_qwen_kvc_write_link_bridge.
Setting constant 0-bit at position 169 on $auto$ff.cc:337:slice$2833 ($dffe) from module ot_qwen_kvc_write_link_bridge.
Setting constant 0-bit at position 170 on $auto$ff.cc:337:slice$2833 ($dffe) from module ot_qwen_kvc_write_link_bridge.
Setting constant 0-bit at position 171 on $auto$ff.cc:337:slice$2833 ($dffe) from module ot_qwen_kvc_write_link_bridge.
Setting constant 0-bit at position 172 on $auto$ff.cc:337:slice$2833 ($dffe) from module ot_qwen_kvc_write_link_bridge.
Setting constant 0-bit at position 173 on $auto$ff.cc:337:slice$2833 ($dffe) from module ot_qwen_kvc_write_link_bridge.
Setting constant 0-bit at position 174 on $auto$ff.cc:337:slice$2833 ($dffe) from module ot_qwen_kvc_write_link_bridge.
Setting constant 0-bit at position 175 on $auto$ff.cc:337:slice$2833 ($dffe) from module ot_qwen_kvc_write_link_bridge.
Setting constant 0-bit at position 176 on $auto$ff.cc:337:slice$2833 ($dffe) from module ot_qwen_kvc_write_link_bridge.
Setting constant 0-bit at position 177 on $auto$ff.cc:337:slice$2833 ($dffe) from module ot_qwen_kvc_write_link_bridge.
Setting constant 0-bit at position 178 on $auto$ff.cc:337:slice$2833 ($dffe) from module ot_qwen_kvc_write_link_bridge.
Setting constant 0-bit at position 179 on $auto$ff.cc:337:slice$2833 ($dffe) from module ot_qwen_kvc_write_link_bridge.
Setting constant 0-bit at position 180 on $auto$ff.cc:337:slice$2833 ($dffe) from module ot_qwen_kvc_write_link_bridge.
Setting constant 0-bit at position 181 on $auto$ff.cc:337:slice$2833 ($dffe) from module ot_qwen_kvc_write_link_bridge.
Setting constant 0-bit at position 487 on $auto$ff.cc:337:slice$2833 ($dffe) from module ot_qwen_kvc_write_link_bridge.
Setting constant 0-bit at position 488 on $auto$ff.cc:337:slice$2833 ($dffe) from module ot_qwen_kvc_write_link_bridge.
Setting constant 0-bit at position 489 on $auto$ff.cc:337:slice$2833 ($dffe) from module ot_qwen_kvc_write_link_bridge.
Setting constant 0-bit at position 490 on $auto$ff.cc:337:slice$2833 ($dffe) from module ot_qwen_kvc_write_link_bridge.
Setting constant 0-bit at position 491 on $auto$ff.cc:337:slice$2833 ($dffe) from module ot_qwen_kvc_write_link_bridge.
Setting constant 0-bit at position 492 on $auto$ff.cc:337:slice$2833 ($dffe) from module ot_qwen_kvc_write_link_bridge.
Setting constant 0-bit at position 493 on $auto$ff.cc:337:slice$2833 ($dffe) from module ot_qwen_kvc_write_link_bridge.
Setting constant 1-bit at position 502 on $auto$ff.cc:337:slice$2833 ($dffe) from module ot_qwen_kvc_write_link_bridge.
Setting constant 0-bit at position 503 on $auto$ff.cc:337:slice$2833 ($dffe) from module ot_qwen_kvc_write_link_bridge.
Setting constant 0-bit at position 504 on $auto$ff.cc:337:slice$2833 ($dffe) from module ot_qwen_kvc_write_link_bridge.
Setting constant 0-bit at position 505 on $auto$ff.cc:337:slice$2833 ($dffe) from module ot_qwen_kvc_write_link_bridge.
Setting constant 1-bit at position 506 on $auto$ff.cc:337:slice$2833 ($dffe) from module ot_qwen_kvc_write_link_bridge.
Setting constant 0-bit at position 507 on $auto$ff.cc:337:slice$2833 ($dffe) from module ot_qwen_kvc_write_link_bridge.
Setting constant 0-bit at position 508 on $auto$ff.cc:337:slice$2833 ($dffe) from module ot_qwen_kvc_write_link_bridge.
Setting constant 0-bit at position 509 on $auto$ff.cc:337:slice$2833 ($dffe) from module ot_qwen_kvc_write_link_bridge.
Setting constant 0-bit at position 32 on $auto$ff.cc:337:slice$2830 ($dffe) from module ot_qwen_kvc_write_link_bridge.
Setting constant 0-bit at position 33 on $auto$ff.cc:337:slice$2830 ($dffe) from module ot_qwen_kvc_write_link_bridge.
Setting constant 0-bit at position 34 on $auto$ff.cc:337:slice$2830 ($dffe) from module ot_qwen_kvc_write_link_bridge.
Setting constant 0-bit at position 35 on $auto$ff.cc:337:slice$2830 ($dffe) from module ot_qwen_kvc_write_link_bridge.
Setting constant 0-bit at position 36 on $auto$ff.cc:337:slice$2830 ($dffe) from module ot_qwen_kvc_write_link_bridge.
Setting constant 0-bit at position 37 on $auto$ff.cc:337:slice$2830 ($dffe) from module ot_qwen_kvc_write_link_bridge.
Setting constant 0-bit at position 38 on $auto$ff.cc:337:slice$2830 ($dffe) from module ot_qwen_kvc_write_link_bridge.
Setting constant 0-bit at position 39 on $auto$ff.cc:337:slice$2830 ($dffe) from module ot_qwen_kvc_write_link_bridge.
Setting constant 0-bit at position 40 on $auto$ff.cc:337:slice$2830 ($dffe) from module ot_qwen_kvc_write_link_bridge.
Setting constant 0-bit at position 41 on $auto$ff.cc:337:slice$2830 ($dffe) from module ot_qwen_kvc_write_link_bridge.
Setting constant 0-bit at position 42 on $auto$ff.cc:337:slice$2830 ($dffe) from module ot_qwen_kvc_write_link_bridge.
Setting constant 0-bit at position 43 on $auto$ff.cc:337:slice$2830 ($dffe) from module ot_qwen_kvc_write_link_bridge.
Setting constant 0-bit at position 44 on $auto$ff.cc:337:slice$2830 ($dffe) from module ot_qwen_kvc_write_link_bridge.
Setting constant 0-bit at position 45 on $auto$ff.cc:337:slice$2830 ($dffe) from module ot_qwen_kvc_write_link_bridge.
Setting constant 0-bit at position 46 on $auto$ff.cc:337:slice$2830 ($dffe) from module ot_qwen_kvc_write_link_bridge.
Setting constant 0-bit at position 47 on $auto$ff.cc:337:slice$2830 ($dffe) from module ot_qwen_kvc_write_link_bridge.
Setting constant 0-bit at position 48 on $auto$ff.cc:337:slice$2830 ($dffe) from module ot_qwen_kvc_write_link_bridge.
Setting constant 0-bit at position 49 on $auto$ff.cc:337:slice$2830 ($dffe) from module ot_qwen_kvc_write_link_bridge.
Setting constant 0-bit at position 50 on $auto$ff.cc:337:slice$2830 ($dffe) from module ot_qwen_kvc_write_link_bridge.
Setting constant 0-bit at position 51 on $auto$ff.cc:337:slice$2830 ($dffe) from module ot_qwen_kvc_write_link_bridge.
Setting constant 0-bit at position 52 on $auto$ff.cc:337:slice$2830 ($dffe) from module ot_qwen_kvc_write_link_bridge.
Setting constant 0-bit at position 53 on $auto$ff.cc:337:slice$2830 ($dffe) from module ot_qwen_kvc_write_link_bridge.
Setting constant 0-bit at position 54 on $auto$ff.cc:337:slice$2830 ($dffe) from module ot_qwen_kvc_write_link_bridge.
Setting constant 0-bit at position 55 on $auto$ff.cc:337:slice$2830 ($dffe) from module ot_qwen_kvc_write_link_bridge.
Setting constant 0-bit at position 56 on $auto$ff.cc:337:slice$2830 ($dffe) from module ot_qwen_kvc_write_link_bridge.
Setting constant 0-bit at position 57 on $auto$ff.cc:337:slice$2830 ($dffe) from module ot_qwen_kvc_write_link_bridge.
Setting constant 0-bit at position 58 on $auto$ff.cc:337:slice$2830 ($dffe) from module ot_qwen_kvc_write_link_bridge.
Setting constant 0-bit at position 59 on $auto$ff.cc:337:slice$2830 ($dffe) from module ot_qwen_kvc_write_link_bridge.
Setting constant 0-bit at position 60 on $auto$ff.cc:337:slice$2830 ($dffe) from module ot_qwen_kvc_write_link_bridge.
Setting constant 0-bit at position 61 on $auto$ff.cc:337:slice$2830 ($dffe) from module ot_qwen_kvc_write_link_bridge.
Setting constant 0-bit at position 62 on $auto$ff.cc:337:slice$2830 ($dffe) from module ot_qwen_kvc_write_link_bridge.
Setting constant 0-bit at position 63 on $auto$ff.cc:337:slice$2830 ($dffe) from module ot_qwen_kvc_write_link_bridge.
Setting constant 0-bit at position 64 on $auto$ff.cc:337:slice$2830 ($dffe) from module ot_qwen_kvc_write_link_bridge.
Setting constant 0-bit at position 65 on $auto$ff.cc:337:slice$2830 ($dffe) from module ot_qwen_kvc_write_link_bridge.
Setting constant 0-bit at position 66 on $auto$ff.cc:337:slice$2830 ($dffe) from module ot_qwen_kvc_write_link_bridge.
Setting constant 0-bit at position 67 on $auto$ff.cc:337:slice$2830 ($dffe) from module ot_qwen_kvc_write_link_bridge.
Setting constant 0-bit at position 68 on $auto$ff.cc:337:slice$2830 ($dffe) from module ot_qwen_kvc_write_link_bridge.
Setting constant 0-bit at position 69 on $auto$ff.cc:337:slice$2830 ($dffe) from module ot_qwen_kvc_write_link_bridge.
Setting constant 0-bit at position 70 on $auto$ff.cc:337:slice$2830 ($dffe) from module ot_qwen_kvc_write_link_bridge.
Setting constant 0-bit at position 71 on $auto$ff.cc:337:slice$2830 ($dffe) from module ot_qwen_kvc_write_link_bridge.
Setting constant 0-bit at position 72 on $auto$ff.cc:337:slice$2830 ($dffe) from module ot_qwen_kvc_write_link_bridge.
Setting constant 0-bit at position 73 on $auto$ff.cc:337:slice$2830 ($dffe) from module ot_qwen_kvc_write_link_bridge.
Setting constant 0-bit at position 74 on $auto$ff.cc:337:slice$2830 ($dffe) from module ot_qwen_kvc_write_link_bridge.
Setting constant 0-bit at position 75 on $auto$ff.cc:337:slice$2830 ($dffe) from module ot_qwen_kvc_write_link_bridge.
Setting constant 0-bit at position 76 on $auto$ff.cc:337:slice$2830 ($dffe) from module ot_qwen_kvc_write_link_bridge.
Setting constant 0-bit at position 77 on $auto$ff.cc:337:slice$2830 ($dffe) from module ot_qwen_kvc_write_link_bridge.
Setting constant 0-bit at position 78 on $auto$ff.cc:337:slice$2830 ($dffe) from module ot_qwen_kvc_write_link_bridge.
Setting constant 0-bit at position 79 on $auto$ff.cc:337:slice$2830 ($dffe) from module ot_qwen_kvc_write_link_bridge.
Setting constant 0-bit at position 80 on $auto$ff.cc:337:slice$2830 ($dffe) from module ot_qwen_kvc_write_link_bridge.
Setting constant 0-bit at position 81 on $auto$ff.cc:337:slice$2830 ($dffe) from module ot_qwen_kvc_write_link_bridge.
Setting constant 0-bit at position 82 on $auto$ff.cc:337:slice$2830 ($dffe) from module ot_qwen_kvc_write_link_bridge.
Setting constant 0-bit at position 83 on $auto$ff.cc:337:slice$2830 ($dffe) from module ot_qwen_kvc_write_link_bridge.
Setting constant 0-bit at position 84 on $auto$ff.cc:337:slice$2830 ($dffe) from module ot_qwen_kvc_write_link_bridge.
Setting constant 0-bit at position 85 on $auto$ff.cc:337:slice$2830 ($dffe) from module ot_qwen_kvc_write_link_bridge.
Setting constant 0-bit at position 86 on $auto$ff.cc:337:slice$2830 ($dffe) from module ot_qwen_kvc_write_link_bridge.
Setting constant 0-bit at position 87 on $auto$ff.cc:337:slice$2830 ($dffe) from module ot_qwen_kvc_write_link_bridge.
Setting constant 0-bit at position 88 on $auto$ff.cc:337:slice$2830 ($dffe) from module ot_qwen_kvc_write_link_bridge.
Setting constant 0-bit at position 89 on $auto$ff.cc:337:slice$2830 ($dffe) from module ot_qwen_kvc_write_link_bridge.
Setting constant 0-bit at position 90 on $auto$ff.cc:337:slice$2830 ($dffe) from module ot_qwen_kvc_write_link_bridge.
Setting constant 0-bit at position 91 on $auto$ff.cc:337:slice$2830 ($dffe) from module ot_qwen_kvc_write_link_bridge.
Setting constant 0-bit at position 92 on $auto$ff.cc:337:slice$2830 ($dffe) from module ot_qwen_kvc_write_link_bridge.
Setting constant 0-bit at position 93 on $auto$ff.cc:337:slice$2830 ($dffe) from module ot_qwen_kvc_write_link_bridge.
Setting constant 0-bit at position 94 on $auto$ff.cc:337:slice$2830 ($dffe) from module ot_qwen_kvc_write_link_bridge.
Setting constant 0-bit at position 95 on $auto$ff.cc:337:slice$2830 ($dffe) from module ot_qwen_kvc_write_link_bridge.
Setting constant 0-bit at position 96 on $auto$ff.cc:337:slice$2830 ($dffe) from module ot_qwen_kvc_write_link_bridge.
Setting constant 0-bit at position 97 on $auto$ff.cc:337:slice$2830 ($dffe) from module ot_qwen_kvc_write_link_bridge.
Setting constant 0-bit at position 98 on $auto$ff.cc:337:slice$2830 ($dffe) from module ot_qwen_kvc_write_link_bridge.
Setting constant 0-bit at position 99 on $auto$ff.cc:337:slice$2830 ($dffe) from module ot_qwen_kvc_write_link_bridge.
Setting constant 0-bit at position 100 on $auto$ff.cc:337:slice$2830 ($dffe) from module ot_qwen_kvc_write_link_bridge.
Setting constant 0-bit at position 101 on $auto$ff.cc:337:slice$2830 ($dffe) from module ot_qwen_kvc_write_link_bridge.
Setting constant 0-bit at position 102 on $auto$ff.cc:337:slice$2830 ($dffe) from module ot_qwen_kvc_write_link_bridge.
Setting constant 0-bit at position 103 on $auto$ff.cc:337:slice$2830 ($dffe) from module ot_qwen_kvc_write_link_bridge.
Setting constant 0-bit at position 104 on $auto$ff.cc:337:slice$2830 ($dffe) from module ot_qwen_kvc_write_link_bridge.
Setting constant 0-bit at position 105 on $auto$ff.cc:337:slice$2830 ($dffe) from module ot_qwen_kvc_write_link_bridge.
Setting constant 0-bit at position 106 on $auto$ff.cc:337:slice$2830 ($dffe) from module ot_qwen_kvc_write_link_bridge.
Setting constant 0-bit at position 107 on $auto$ff.cc:337:slice$2830 ($dffe) from module ot_qwen_kvc_write_link_bridge.
Setting constant 0-bit at position 108 on $auto$ff.cc:337:slice$2830 ($dffe) from module ot_qwen_kvc_write_link_bridge.
Setting constant 0-bit at position 109 on $auto$ff.cc:337:slice$2830 ($dffe) from module ot_qwen_kvc_write_link_bridge.
Setting constant 0-bit at position 110 on $auto$ff.cc:337:slice$2830 ($dffe) from module ot_qwen_kvc_write_link_bridge.
Setting constant 0-bit at position 111 on $auto$ff.cc:337:slice$2830 ($dffe) from module ot_qwen_kvc_write_link_bridge.
Setting constant 0-bit at position 112 on $auto$ff.cc:337:slice$2830 ($dffe) from module ot_qwen_kvc_write_link_bridge.
Setting constant 0-bit at position 113 on $auto$ff.cc:337:slice$2830 ($dffe) from module ot_qwen_kvc_write_link_bridge.
Setting constant 0-bit at position 114 on $auto$ff.cc:337:slice$2830 ($dffe) from module ot_qwen_kvc_write_link_bridge.
Setting constant 0-bit at position 115 on $auto$ff.cc:337:slice$2830 ($dffe) from module ot_qwen_kvc_write_link_bridge.
Setting constant 0-bit at position 116 on $auto$ff.cc:337:slice$2830 ($dffe) from module ot_qwen_kvc_write_link_bridge.
Setting constant 0-bit at position 117 on $auto$ff.cc:337:slice$2830 ($dffe) from module ot_qwen_kvc_write_link_bridge.
Setting constant 0-bit at position 118 on $auto$ff.cc:337:slice$2830 ($dffe) from module ot_qwen_kvc_write_link_bridge.
Setting constant 0-bit at position 119 on $auto$ff.cc:337:slice$2830 ($dffe) from module ot_qwen_kvc_write_link_bridge.
Setting constant 0-bit at position 120 on $auto$ff.cc:337:slice$2830 ($dffe) from module ot_qwen_kvc_write_link_bridge.
Setting constant 0-bit at position 121 on $auto$ff.cc:337:slice$2830 ($dffe) from module ot_qwen_kvc_write_link_bridge.
Setting constant 0-bit at position 122 on $auto$ff.cc:337:slice$2830 ($dffe) from module ot_qwen_kvc_write_link_bridge.
Setting constant 0-bit at position 123 on $auto$ff.cc:337:slice$2830 ($dffe) from module ot_qwen_kvc_write_link_bridge.
Setting constant 0-bit at position 124 on $auto$ff.cc:337:slice$2830 ($dffe) from module ot_qwen_kvc_write_link_bridge.
Setting constant 0-bit at position 125 on $auto$ff.cc:337:slice$2830 ($dffe) from module ot_qwen_kvc_write_link_bridge.
Setting constant 0-bit at position 126 on $auto$ff.cc:337:slice$2830 ($dffe) from module ot_qwen_kvc_write_link_bridge.
Setting constant 0-bit at position 127 on $auto$ff.cc:337:slice$2830 ($dffe) from module ot_qwen_kvc_write_link_bridge.
Setting constant 0-bit at position 128 on $auto$ff.cc:337:slice$2830 ($dffe) from module ot_qwen_kvc_write_link_bridge.
Setting constant 0-bit at position 129 on $auto$ff.cc:337:slice$2830 ($dffe) from module ot_qwen_kvc_write_link_bridge.
Setting constant 0-bit at position 130 on $auto$ff.cc:337:slice$2830 ($dffe) from module ot_qwen_kvc_write_link_bridge.
Setting constant 0-bit at position 131 on $auto$ff.cc:337:slice$2830 ($dffe) from module ot_qwen_kvc_write_link_bridge.
Setting constant 0-bit at position 132 on $auto$ff.cc:337:slice$2830 ($dffe) from module ot_qwen_kvc_write_link_bridge.
Setting constant 0-bit at position 133 on $auto$ff.cc:337:slice$2830 ($dffe) from module ot_qwen_kvc_write_link_bridge.
Setting constant 0-bit at position 134 on $auto$ff.cc:337:slice$2830 ($dffe) from module ot_qwen_kvc_write_link_bridge.
Setting constant 0-bit at position 135 on $auto$ff.cc:337:slice$2830 ($dffe) from module ot_qwen_kvc_write_link_bridge.
Setting constant 0-bit at position 136 on $auto$ff.cc:337:slice$2830 ($dffe) from module ot_qwen_kvc_write_link_bridge.
Setting constant 0-bit at position 137 on $auto$ff.cc:337:slice$2830 ($dffe) from module ot_qwen_kvc_write_link_bridge.
Setting constant 0-bit at position 138 on $auto$ff.cc:337:slice$2830 ($dffe) from module ot_qwen_kvc_write_link_bridge.
Setting constant 0-bit at position 139 on $auto$ff.cc:337:slice$2830 ($dffe) from module ot_qwen_kvc_write_link_bridge.
Setting constant 0-bit at position 140 on $auto$ff.cc:337:slice$2830 ($dffe) from module ot_qwen_kvc_write_link_bridge.
Setting constant 0-bit at position 141 on $auto$ff.cc:337:slice$2830 ($dffe) from module ot_qwen_kvc_write_link_bridge.
Setting constant 0-bit at position 142 on $auto$ff.cc:337:slice$2830 ($dffe) from module ot_qwen_kvc_write_link_bridge.
Setting constant 0-bit at position 143 on $auto$ff.cc:337:slice$2830 ($dffe) from module ot_qwen_kvc_write_link_bridge.
Setting constant 0-bit at position 144 on $auto$ff.cc:337:slice$2830 ($dffe) from module ot_qwen_kvc_write_link_bridge.
Setting constant 0-bit at position 145 on $auto$ff.cc:337:slice$2830 ($dffe) from module ot_qwen_kvc_write_link_bridge.
Setting constant 0-bit at position 146 on $auto$ff.cc:337:slice$2830 ($dffe) from module ot_qwen_kvc_write_link_bridge.
Setting constant 0-bit at position 147 on $auto$ff.cc:337:slice$2830 ($dffe) from module ot_qwen_kvc_write_link_bridge.
Setting constant 0-bit at position 148 on $auto$ff.cc:337:slice$2830 ($dffe) from module ot_qwen_kvc_write_link_bridge.
Setting constant 0-bit at position 149 on $auto$ff.cc:337:slice$2830 ($dffe) from module ot_qwen_kvc_write_link_bridge.
Setting constant 0-bit at position 150 on $auto$ff.cc:337:slice$2830 ($dffe) from module ot_qwen_kvc_write_link_bridge.
Setting constant 0-bit at position 151 on $auto$ff.cc:337:slice$2830 ($dffe) from module ot_qwen_kvc_write_link_bridge.
Setting constant 0-bit at position 152 on $auto$ff.cc:337:slice$2830 ($dffe) from module ot_qwen_kvc_write_link_bridge.
Setting constant 0-bit at position 153 on $auto$ff.cc:337:slice$2830 ($dffe) from module ot_qwen_kvc_write_link_bridge.
Setting constant 0-bit at position 154 on $auto$ff.cc:337:slice$2830 ($dffe) from module ot_qwen_kvc_write_link_bridge.
Setting constant 0-bit at position 155 on $auto$ff.cc:337:slice$2830 ($dffe) from module ot_qwen_kvc_write_link_bridge.
Setting constant 0-bit at position 156 on $auto$ff.cc:337:slice$2830 ($dffe) from module ot_qwen_kvc_write_link_bridge.
Setting constant 0-bit at position 157 on $auto$ff.cc:337:slice$2830 ($dffe) from module ot_qwen_kvc_write_link_bridge.
Setting constant 0-bit at position 158 on $auto$ff.cc:337:slice$2830 ($dffe) from module ot_qwen_kvc_write_link_bridge.
Setting constant 0-bit at position 159 on $auto$ff.cc:337:slice$2830 ($dffe) from module ot_qwen_kvc_write_link_bridge.
Setting constant 0-bit at position 160 on $auto$ff.cc:337:slice$2830 ($dffe) from module ot_qwen_kvc_write_link_bridge.
Setting constant 0-bit at position 161 on $auto$ff.cc:337:slice$2830 ($dffe) from module ot_qwen_kvc_write_link_bridge.
Setting constant 0-bit at position 162 on $auto$ff.cc:337:slice$2830 ($dffe) from module ot_qwen_kvc_write_link_bridge.
Setting constant 0-bit at position 163 on $auto$ff.cc:337:slice$2830 ($dffe) from module ot_qwen_kvc_write_link_bridge.
Setting constant 0-bit at position 164 on $auto$ff.cc:337:slice$2830 ($dffe) from module ot_qwen_kvc_write_link_bridge.
Setting constant 0-bit at position 165 on $auto$ff.cc:337:slice$2830 ($dffe) from module ot_qwen_kvc_write_link_bridge.
Setting constant 0-bit at position 166 on $auto$ff.cc:337:slice$2830 ($dffe) from module ot_qwen_kvc_write_link_bridge.
Setting constant 0-bit at position 167 on $auto$ff.cc:337:slice$2830 ($dffe) from module ot_qwen_kvc_write_link_bridge.
Setting constant 0-bit at position 168 on $auto$ff.cc:337:slice$2830 ($dffe) from module ot_qwen_kvc_write_link_bridge.
Setting constant 0-bit at position 169 on $auto$ff.cc:337:slice$2830 ($dffe) from module ot_qwen_kvc_write_link_bridge.
Setting constant 0-bit at position 170 on $auto$ff.cc:337:slice$2830 ($dffe) from module ot_qwen_kvc_write_link_bridge.
Setting constant 0-bit at position 171 on $auto$ff.cc:337:slice$2830 ($dffe) from module ot_qwen_kvc_write_link_bridge.
Setting constant 0-bit at position 172 on $auto$ff.cc:337:slice$2830 ($dffe) from module ot_qwen_kvc_write_link_bridge.
Setting constant 0-bit at position 173 on $auto$ff.cc:337:slice$2830 ($dffe) from module ot_qwen_kvc_write_link_bridge.
Setting constant 0-bit at position 174 on $auto$ff.cc:337:slice$2830 ($dffe) from module ot_qwen_kvc_write_link_bridge.
Setting constant 0-bit at position 175 on $auto$ff.cc:337:slice$2830 ($dffe) from module ot_qwen_kvc_write_link_bridge.
Setting constant 0-bit at position 176 on $auto$ff.cc:337:slice$2830 ($dffe) from module ot_qwen_kvc_write_link_bridge.
Setting constant 0-bit at position 177 on $auto$ff.cc:337:slice$2830 ($dffe) from module ot_qwen_kvc_write_link_bridge.
Setting constant 0-bit at position 178 on $auto$ff.cc:337:slice$2830 ($dffe) from module ot_qwen_kvc_write_link_bridge.
Setting constant 0-bit at position 179 on $auto$ff.cc:337:slice$2830 ($dffe) from module ot_qwen_kvc_write_link_bridge.
Setting constant 0-bit at position 180 on $auto$ff.cc:337:slice$2830 ($dffe) from module ot_qwen_kvc_write_link_bridge.
Setting constant 0-bit at position 181 on $auto$ff.cc:337:slice$2830 ($dffe) from module ot_qwen_kvc_write_link_bridge.
Setting constant 0-bit at position 487 on $auto$ff.cc:337:slice$2830 ($dffe) from module ot_qwen_kvc_write_link_bridge.
Setting constant 0-bit at position 488 on $auto$ff.cc:337:slice$2830 ($dffe) from module ot_qwen_kvc_write_link_bridge.
Setting constant 0-bit at position 489 on $auto$ff.cc:337:slice$2830 ($dffe) from module ot_qwen_kvc_write_link_bridge.
Setting constant 0-bit at position 490 on $auto$ff.cc:337:slice$2830 ($dffe) from module ot_qwen_kvc_write_link_bridge.
Setting constant 0-bit at position 491 on $auto$ff.cc:337:slice$2830 ($dffe) from module ot_qwen_kvc_write_link_bridge.
Setting constant 0-bit at position 492 on $auto$ff.cc:337:slice$2830 ($dffe) from module ot_qwen_kvc_write_link_bridge.
Setting constant 0-bit at position 493 on $auto$ff.cc:337:slice$2830 ($dffe) from module ot_qwen_kvc_write_link_bridge.
Setting constant 1-bit at position 502 on $auto$ff.cc:337:slice$2830 ($dffe) from module ot_qwen_kvc_write_link_bridge.
Setting constant 0-bit at position 503 on $auto$ff.cc:337:slice$2830 ($dffe) from module ot_qwen_kvc_write_link_bridge.
Setting constant 0-bit at position 504 on $auto$ff.cc:337:slice$2830 ($dffe) from module ot_qwen_kvc_write_link_bridge.
Setting constant 0-bit at position 505 on $auto$ff.cc:337:slice$2830 ($dffe) from module ot_qwen_kvc_write_link_bridge.
Setting constant 1-bit at position 506 on $auto$ff.cc:337:slice$2830 ($dffe) from module ot_qwen_kvc_write_link_bridge.
Setting constant 0-bit at position 507 on $auto$ff.cc:337:slice$2830 ($dffe) from module ot_qwen_kvc_write_link_bridge.
Setting constant 0-bit at position 508 on $auto$ff.cc:337:slice$2830 ($dffe) from module ot_qwen_kvc_write_link_bridge.
Setting constant 0-bit at position 509 on $auto$ff.cc:337:slice$2830 ($dffe) from module ot_qwen_kvc_write_link_bridge.
Setting constant 0-bit at position 32 on $auto$ff.cc:337:slice$2827 ($dffe) from module ot_qwen_kvc_write_link_bridge.
Setting constant 0-bit at position 33 on $auto$ff.cc:337:slice$2827 ($dffe) from module ot_qwen_kvc_write_link_bridge.
Setting constant 0-bit at position 34 on $auto$ff.cc:337:slice$2827 ($dffe) from module ot_qwen_kvc_write_link_bridge.
Setting constant 0-bit at position 35 on $auto$ff.cc:337:slice$2827 ($dffe) from module ot_qwen_kvc_write_link_bridge.
Setting constant 0-bit at position 36 on $auto$ff.cc:337:slice$2827 ($dffe) from module ot_qwen_kvc_write_link_bridge.
Setting constant 0-bit at position 37 on $auto$ff.cc:337:slice$2827 ($dffe) from module ot_qwen_kvc_write_link_bridge.
Setting constant 0-bit at position 38 on $auto$ff.cc:337:slice$2827 ($dffe) from module ot_qwen_kvc_write_link_bridge.
Setting constant 0-bit at position 39 on $auto$ff.cc:337:slice$2827 ($dffe) from module ot_qwen_kvc_write_link_bridge.
Setting constant 0-bit at position 40 on $auto$ff.cc:337:slice$2827 ($dffe) from module ot_qwen_kvc_write_link_bridge.
Setting constant 0-bit at position 41 on $auto$ff.cc:337:slice$2827 ($dffe) from module ot_qwen_kvc_write_link_bridge.
Setting constant 0-bit at position 42 on $auto$ff.cc:337:slice$2827 ($dffe) from module ot_qwen_kvc_write_link_bridge.
Setting constant 0-bit at position 43 on $auto$ff.cc:337:slice$2827 ($dffe) from module ot_qwen_kvc_write_link_bridge.
Setting constant 0-bit at position 44 on $auto$ff.cc:337:slice$2827 ($dffe) from module ot_qwen_kvc_write_link_bridge.
Setting constant 0-bit at position 45 on $auto$ff.cc:337:slice$2827 ($dffe) from module ot_qwen_kvc_write_link_bridge.
Setting constant 0-bit at position 46 on $auto$ff.cc:337:slice$2827 ($dffe) from module ot_qwen_kvc_write_link_bridge.
Setting constant 0-bit at position 47 on $auto$ff.cc:337:slice$2827 ($dffe) from module ot_qwen_kvc_write_link_bridge.
Setting constant 0-bit at position 48 on $auto$ff.cc:337:slice$2827 ($dffe) from module ot_qwen_kvc_write_link_bridge.
Setting constant 0-bit at position 49 on $auto$ff.cc:337:slice$2827 ($dffe) from module ot_qwen_kvc_write_link_bridge.
Setting constant 0-bit at position 50 on $auto$ff.cc:337:slice$2827 ($dffe) from module ot_qwen_kvc_write_link_bridge.
Setting constant 0-bit at position 51 on $auto$ff.cc:337:slice$2827 ($dffe) from module ot_qwen_kvc_write_link_bridge.
Setting constant 0-bit at position 52 on $auto$ff.cc:337:slice$2827 ($dffe) from module ot_qwen_kvc_write_link_bridge.
Setting constant 0-bit at position 53 on $auto$ff.cc:337:slice$2827 ($dffe) from module ot_qwen_kvc_write_link_bridge.
Setting constant 0-bit at position 54 on $auto$ff.cc:337:slice$2827 ($dffe) from module ot_qwen_kvc_write_link_bridge.
Setting constant 0-bit at position 55 on $auto$ff.cc:337:slice$2827 ($dffe) from module ot_qwen_kvc_write_link_bridge.
Setting constant 0-bit at position 56 on $auto$ff.cc:337:slice$2827 ($dffe) from module ot_qwen_kvc_write_link_bridge.
Setting constant 0-bit at position 57 on $auto$ff.cc:337:slice$2827 ($dffe) from module ot_qwen_kvc_write_link_bridge.
Setting constant 0-bit at position 58 on $auto$ff.cc:337:slice$2827 ($dffe) from module ot_qwen_kvc_write_link_bridge.
Setting constant 0-bit at position 59 on $auto$ff.cc:337:slice$2827 ($dffe) from module ot_qwen_kvc_write_link_bridge.
Setting constant 0-bit at position 60 on $auto$ff.cc:337:slice$2827 ($dffe) from module ot_qwen_kvc_write_link_bridge.
Setting constant 0-bit at position 61 on $auto$ff.cc:337:slice$2827 ($dffe) from module ot_qwen_kvc_write_link_bridge.
Setting constant 0-bit at position 62 on $auto$ff.cc:337:slice$2827 ($dffe) from module ot_qwen_kvc_write_link_bridge.
Setting constant 0-bit at position 63 on $auto$ff.cc:337:slice$2827 ($dffe) from module ot_qwen_kvc_write_link_bridge.
Setting constant 0-bit at position 64 on $auto$ff.cc:337:slice$2827 ($dffe) from module ot_qwen_kvc_write_link_bridge.
Setting constant 0-bit at position 65 on $auto$ff.cc:337:slice$2827 ($dffe) from module ot_qwen_kvc_write_link_bridge.
Setting constant 0-bit at position 66 on $auto$ff.cc:337:slice$2827 ($dffe) from module ot_qwen_kvc_write_link_bridge.
Setting constant 0-bit at position 67 on $auto$ff.cc:337:slice$2827 ($dffe) from module ot_qwen_kvc_write_link_bridge.
Setting constant 0-bit at position 68 on $auto$ff.cc:337:slice$2827 ($dffe) from module ot_qwen_kvc_write_link_bridge.
Setting constant 0-bit at position 69 on $auto$ff.cc:337:slice$2827 ($dffe) from module ot_qwen_kvc_write_link_bridge.
Setting constant 0-bit at position 70 on $auto$ff.cc:337:slice$2827 ($dffe) from module ot_qwen_kvc_write_link_bridge.
Setting constant 0-bit at position 71 on $auto$ff.cc:337:slice$2827 ($dffe) from module ot_qwen_kvc_write_link_bridge.
Setting constant 0-bit at position 72 on $auto$ff.cc:337:slice$2827 ($dffe) from module ot_qwen_kvc_write_link_bridge.
Setting constant 0-bit at position 73 on $auto$ff.cc:337:slice$2827 ($dffe) from module ot_qwen_kvc_write_link_bridge.
Setting constant 0-bit at position 74 on $auto$ff.cc:337:slice$2827 ($dffe) from module ot_qwen_kvc_write_link_bridge.
Setting constant 0-bit at position 75 on $auto$ff.cc:337:slice$2827 ($dffe) from module ot_qwen_kvc_write_link_bridge.
Setting constant 0-bit at position 76 on $auto$ff.cc:337:slice$2827 ($dffe) from module ot_qwen_kvc_write_link_bridge.
Setting constant 0-bit at position 77 on $auto$ff.cc:337:slice$2827 ($dffe) from module ot_qwen_kvc_write_link_bridge.
Setting constant 0-bit at position 78 on $auto$ff.cc:337:slice$2827 ($dffe) from module ot_qwen_kvc_write_link_bridge.
Setting constant 0-bit at position 79 on $auto$ff.cc:337:slice$2827 ($dffe) from module ot_qwen_kvc_write_link_bridge.
Setting constant 0-bit at position 80 on $auto$ff.cc:337:slice$2827 ($dffe) from module ot_qwen_kvc_write_link_bridge.
Setting constant 0-bit at position 81 on $auto$ff.cc:337:slice$2827 ($dffe) from module ot_qwen_kvc_write_link_bridge.
Setting constant 0-bit at position 82 on $auto$ff.cc:337:slice$2827 ($dffe) from module ot_qwen_kvc_write_link_bridge.
Setting constant 0-bit at position 83 on $auto$ff.cc:337:slice$2827 ($dffe) from module ot_qwen_kvc_write_link_bridge.
Setting constant 0-bit at position 84 on $auto$ff.cc:337:slice$2827 ($dffe) from module ot_qwen_kvc_write_link_bridge.
Setting constant 0-bit at position 85 on $auto$ff.cc:337:slice$2827 ($dffe) from module ot_qwen_kvc_write_link_bridge.
Setting constant 0-bit at position 86 on $auto$ff.cc:337:slice$2827 ($dffe) from module ot_qwen_kvc_write_link_bridge.
Setting constant 0-bit at position 87 on $auto$ff.cc:337:slice$2827 ($dffe) from module ot_qwen_kvc_write_link_bridge.
Setting constant 0-bit at position 88 on $auto$ff.cc:337:slice$2827 ($dffe) from module ot_qwen_kvc_write_link_bridge.
Setting constant 0-bit at position 89 on $auto$ff.cc:337:slice$2827 ($dffe) from module ot_qwen_kvc_write_link_bridge.
Setting constant 0-bit at position 90 on $auto$ff.cc:337:slice$2827 ($dffe) from module ot_qwen_kvc_write_link_bridge.
Setting constant 0-bit at position 91 on $auto$ff.cc:337:slice$2827 ($dffe) from module ot_qwen_kvc_write_link_bridge.
Setting constant 0-bit at position 92 on $auto$ff.cc:337:slice$2827 ($dffe) from module ot_qwen_kvc_write_link_bridge.
Setting constant 0-bit at position 93 on $auto$ff.cc:337:slice$2827 ($dffe) from module ot_qwen_kvc_write_link_bridge.
Setting constant 0-bit at position 94 on $auto$ff.cc:337:slice$2827 ($dffe) from module ot_qwen_kvc_write_link_bridge.
Setting constant 0-bit at position 95 on $auto$ff.cc:337:slice$2827 ($dffe) from module ot_qwen_kvc_write_link_bridge.
Setting constant 0-bit at position 96 on $auto$ff.cc:337:slice$2827 ($dffe) from module ot_qwen_kvc_write_link_bridge.
Setting constant 0-bit at position 97 on $auto$ff.cc:337:slice$2827 ($dffe) from module ot_qwen_kvc_write_link_bridge.
Setting constant 0-bit at position 98 on $auto$ff.cc:337:slice$2827 ($dffe) from module ot_qwen_kvc_write_link_bridge.
Setting constant 0-bit at position 99 on $auto$ff.cc:337:slice$2827 ($dffe) from module ot_qwen_kvc_write_link_bridge.
Setting constant 0-bit at position 100 on $auto$ff.cc:337:slice$2827 ($dffe) from module ot_qwen_kvc_write_link_bridge.
Setting constant 0-bit at position 101 on $auto$ff.cc:337:slice$2827 ($dffe) from module ot_qwen_kvc_write_link_bridge.
Setting constant 0-bit at position 102 on $auto$ff.cc:337:slice$2827 ($dffe) from module ot_qwen_kvc_write_link_bridge.
Setting constant 0-bit at position 103 on $auto$ff.cc:337:slice$2827 ($dffe) from module ot_qwen_kvc_write_link_bridge.
Setting constant 0-bit at position 104 on $auto$ff.cc:337:slice$2827 ($dffe) from module ot_qwen_kvc_write_link_bridge.
Setting constant 0-bit at position 105 on $auto$ff.cc:337:slice$2827 ($dffe) from module ot_qwen_kvc_write_link_bridge.
Setting constant 0-bit at position 106 on $auto$ff.cc:337:slice$2827 ($dffe) from module ot_qwen_kvc_write_link_bridge.
Setting constant 0-bit at position 107 on $auto$ff.cc:337:slice$2827 ($dffe) from module ot_qwen_kvc_write_link_bridge.
Setting constant 0-bit at position 108 on $auto$ff.cc:337:slice$2827 ($dffe) from module ot_qwen_kvc_write_link_bridge.
Setting constant 0-bit at position 109 on $auto$ff.cc:337:slice$2827 ($dffe) from module ot_qwen_kvc_write_link_bridge.
Setting constant 0-bit at position 110 on $auto$ff.cc:337:slice$2827 ($dffe) from module ot_qwen_kvc_write_link_bridge.
Setting constant 0-bit at position 111 on $auto$ff.cc:337:slice$2827 ($dffe) from module ot_qwen_kvc_write_link_bridge.
Setting constant 0-bit at position 112 on $auto$ff.cc:337:slice$2827 ($dffe) from module ot_qwen_kvc_write_link_bridge.
Setting constant 0-bit at position 113 on $auto$ff.cc:337:slice$2827 ($dffe) from module ot_qwen_kvc_write_link_bridge.
Setting constant 0-bit at position 114 on $auto$ff.cc:337:slice$2827 ($dffe) from module ot_qwen_kvc_write_link_bridge.
Setting constant 0-bit at position 115 on $auto$ff.cc:337:slice$2827 ($dffe) from module ot_qwen_kvc_write_link_bridge.
Setting constant 0-bit at position 116 on $auto$ff.cc:337:slice$2827 ($dffe) from module ot_qwen_kvc_write_link_bridge.
Setting constant 0-bit at position 117 on $auto$ff.cc:337:slice$2827 ($dffe) from module ot_qwen_kvc_write_link_bridge.
Setting constant 0-bit at position 118 on $auto$ff.cc:337:slice$2827 ($dffe) from module ot_qwen_kvc_write_link_bridge.
Setting constant 0-bit at position 119 on $auto$ff.cc:337:slice$2827 ($dffe) from module ot_qwen_kvc_write_link_bridge.
Setting constant 0-bit at position 120 on $auto$ff.cc:337:slice$2827 ($dffe) from module ot_qwen_kvc_write_link_bridge.
Setting constant 0-bit at position 121 on $auto$ff.cc:337:slice$2827 ($dffe) from module ot_qwen_kvc_write_link_bridge.
Setting constant 0-bit at position 122 on $auto$ff.cc:337:slice$2827 ($dffe) from module ot_qwen_kvc_write_link_bridge.
Setting constant 0-bit at position 123 on $auto$ff.cc:337:slice$2827 ($dffe) from module ot_qwen_kvc_write_link_bridge.
Setting constant 0-bit at position 124 on $auto$ff.cc:337:slice$2827 ($dffe) from module ot_qwen_kvc_write_link_bridge.
Setting constant 0-bit at position 125 on $auto$ff.cc:337:slice$2827 ($dffe) from module ot_qwen_kvc_write_link_bridge.
Setting constant 0-bit at position 126 on $auto$ff.cc:337:slice$2827 ($dffe) from module ot_qwen_kvc_write_link_bridge.
Setting constant 0-bit at position 127 on $auto$ff.cc:337:slice$2827 ($dffe) from module ot_qwen_kvc_write_link_bridge.
Setting constant 0-bit at position 128 on $auto$ff.cc:337:slice$2827 ($dffe) from module ot_qwen_kvc_write_link_bridge.
Setting constant 0-bit at position 129 on $auto$ff.cc:337:slice$2827 ($dffe) from module ot_qwen_kvc_write_link_bridge.
Setting constant 0-bit at position 130 on $auto$ff.cc:337:slice$2827 ($dffe) from module ot_qwen_kvc_write_link_bridge.
Setting constant 0-bit at position 131 on $auto$ff.cc:337:slice$2827 ($dffe) from module ot_qwen_kvc_write_link_bridge.
Setting constant 0-bit at position 132 on $auto$ff.cc:337:slice$2827 ($dffe) from module ot_qwen_kvc_write_link_bridge.
Setting constant 0-bit at position 133 on $auto$ff.cc:337:slice$2827 ($dffe) from module ot_qwen_kvc_write_link_bridge.
Setting constant 0-bit at position 134 on $auto$ff.cc:337:slice$2827 ($dffe) from module ot_qwen_kvc_write_link_bridge.
Setting constant 0-bit at position 135 on $auto$ff.cc:337:slice$2827 ($dffe) from module ot_qwen_kvc_write_link_bridge.
Setting constant 0-bit at position 136 on $auto$ff.cc:337:slice$2827 ($dffe) from module ot_qwen_kvc_write_link_bridge.
Setting constant 0-bit at position 137 on $auto$ff.cc:337:slice$2827 ($dffe) from module ot_qwen_kvc_write_link_bridge.
Setting constant 0-bit at position 138 on $auto$ff.cc:337:slice$2827 ($dffe) from module ot_qwen_kvc_write_link_bridge.
Setting constant 0-bit at position 139 on $auto$ff.cc:337:slice$2827 ($dffe) from module ot_qwen_kvc_write_link_bridge.
Setting constant 0-bit at position 140 on $auto$ff.cc:337:slice$2827 ($dffe) from module ot_qwen_kvc_write_link_bridge.
Setting constant 0-bit at position 141 on $auto$ff.cc:337:slice$2827 ($dffe) from module ot_qwen_kvc_write_link_bridge.
Setting constant 0-bit at position 142 on $auto$ff.cc:337:slice$2827 ($dffe) from module ot_qwen_kvc_write_link_bridge.
Setting constant 0-bit at position 143 on $auto$ff.cc:337:slice$2827 ($dffe) from module ot_qwen_kvc_write_link_bridge.
Setting constant 0-bit at position 144 on $auto$ff.cc:337:slice$2827 ($dffe) from module ot_qwen_kvc_write_link_bridge.
Setting constant 0-bit at position 145 on $auto$ff.cc:337:slice$2827 ($dffe) from module ot_qwen_kvc_write_link_bridge.
Setting constant 0-bit at position 146 on $auto$ff.cc:337:slice$2827 ($dffe) from module ot_qwen_kvc_write_link_bridge.
Setting constant 0-bit at position 147 on $auto$ff.cc:337:slice$2827 ($dffe) from module ot_qwen_kvc_write_link_bridge.
Setting constant 0-bit at position 148 on $auto$ff.cc:337:slice$2827 ($dffe) from module ot_qwen_kvc_write_link_bridge.
Setting constant 0-bit at position 149 on $auto$ff.cc:337:slice$2827 ($dffe) from module ot_qwen_kvc_write_link_bridge.
Setting constant 0-bit at position 150 on $auto$ff.cc:337:slice$2827 ($dffe) from module ot_qwen_kvc_write_link_bridge.
Setting constant 0-bit at position 151 on $auto$ff.cc:337:slice$2827 ($dffe) from module ot_qwen_kvc_write_link_bridge.
Setting constant 0-bit at position 152 on $auto$ff.cc:337:slice$2827 ($dffe) from module ot_qwen_kvc_write_link_bridge.
Setting constant 0-bit at position 153 on $auto$ff.cc:337:slice$2827 ($dffe) from module ot_qwen_kvc_write_link_bridge.
Setting constant 0-bit at position 154 on $auto$ff.cc:337:slice$2827 ($dffe) from module ot_qwen_kvc_write_link_bridge.
Setting constant 0-bit at position 155 on $auto$ff.cc:337:slice$2827 ($dffe) from module ot_qwen_kvc_write_link_bridge.
Setting constant 0-bit at position 156 on $auto$ff.cc:337:slice$2827 ($dffe) from module ot_qwen_kvc_write_link_bridge.
Setting constant 0-bit at position 157 on $auto$ff.cc:337:slice$2827 ($dffe) from module ot_qwen_kvc_write_link_bridge.
Setting constant 0-bit at position 158 on $auto$ff.cc:337:slice$2827 ($dffe) from module ot_qwen_kvc_write_link_bridge.
Setting constant 0-bit at position 159 on $auto$ff.cc:337:slice$2827 ($dffe) from module ot_qwen_kvc_write_link_bridge.
Setting constant 0-bit at position 160 on $auto$ff.cc:337:slice$2827 ($dffe) from module ot_qwen_kvc_write_link_bridge.
Setting constant 0-bit at position 161 on $auto$ff.cc:337:slice$2827 ($dffe) from module ot_qwen_kvc_write_link_bridge.
Setting constant 0-bit at position 162 on $auto$ff.cc:337:slice$2827 ($dffe) from module ot_qwen_kvc_write_link_bridge.
Setting constant 0-bit at position 163 on $auto$ff.cc:337:slice$2827 ($dffe) from module ot_qwen_kvc_write_link_bridge.
Setting constant 0-bit at position 164 on $auto$ff.cc:337:slice$2827 ($dffe) from module ot_qwen_kvc_write_link_bridge.
Setting constant 0-bit at position 165 on $auto$ff.cc:337:slice$2827 ($dffe) from module ot_qwen_kvc_write_link_bridge.
Setting constant 0-bit at position 166 on $auto$ff.cc:337:slice$2827 ($dffe) from module ot_qwen_kvc_write_link_bridge.
Setting constant 0-bit at position 167 on $auto$ff.cc:337:slice$2827 ($dffe) from module ot_qwen_kvc_write_link_bridge.
Setting constant 0-bit at position 168 on $auto$ff.cc:337:slice$2827 ($dffe) from module ot_qwen_kvc_write_link_bridge.
Setting constant 0-bit at position 169 on $auto$ff.cc:337:slice$2827 ($dffe) from module ot_qwen_kvc_write_link_bridge.
Setting constant 0-bit at position 170 on $auto$ff.cc:337:slice$2827 ($dffe) from module ot_qwen_kvc_write_link_bridge.
Setting constant 0-bit at position 171 on $auto$ff.cc:337:slice$2827 ($dffe) from module ot_qwen_kvc_write_link_bridge.
Setting constant 0-bit at position 172 on $auto$ff.cc:337:slice$2827 ($dffe) from module ot_qwen_kvc_write_link_bridge.
Setting constant 0-bit at position 173 on $auto$ff.cc:337:slice$2827 ($dffe) from module ot_qwen_kvc_write_link_bridge.
Setting constant 0-bit at position 174 on $auto$ff.cc:337:slice$2827 ($dffe) from module ot_qwen_kvc_write_link_bridge.
Setting constant 0-bit at position 175 on $auto$ff.cc:337:slice$2827 ($dffe) from module ot_qwen_kvc_write_link_bridge.
Setting constant 0-bit at position 176 on $auto$ff.cc:337:slice$2827 ($dffe) from module ot_qwen_kvc_write_link_bridge.
Setting constant 0-bit at position 177 on $auto$ff.cc:337:slice$2827 ($dffe) from module ot_qwen_kvc_write_link_bridge.
Setting constant 0-bit at position 178 on $auto$ff.cc:337:slice$2827 ($dffe) from module ot_qwen_kvc_write_link_bridge.
Setting constant 0-bit at position 179 on $auto$ff.cc:337:slice$2827 ($dffe) from module ot_qwen_kvc_write_link_bridge.
Setting constant 0-bit at position 180 on $auto$ff.cc:337:slice$2827 ($dffe) from module ot_qwen_kvc_write_link_bridge.
Setting constant 0-bit at position 181 on $auto$ff.cc:337:slice$2827 ($dffe) from module ot_qwen_kvc_write_link_bridge.
Setting constant 0-bit at position 487 on $auto$ff.cc:337:slice$2827 ($dffe) from module ot_qwen_kvc_write_link_bridge.
Setting constant 0-bit at position 488 on $auto$ff.cc:337:slice$2827 ($dffe) from module ot_qwen_kvc_write_link_bridge.
Setting constant 0-bit at position 489 on $auto$ff.cc:337:slice$2827 ($dffe) from module ot_qwen_kvc_write_link_bridge.
Setting constant 0-bit at position 490 on $auto$ff.cc:337:slice$2827 ($dffe) from module ot_qwen_kvc_write_link_bridge.
Setting constant 0-bit at position 491 on $auto$ff.cc:337:slice$2827 ($dffe) from module ot_qwen_kvc_write_link_bridge.
Setting constant 0-bit at position 492 on $auto$ff.cc:337:slice$2827 ($dffe) from module ot_qwen_kvc_write_link_bridge.
Setting constant 0-bit at position 493 on $auto$ff.cc:337:slice$2827 ($dffe) from module ot_qwen_kvc_write_link_bridge.
Setting constant 1-bit at position 502 on $auto$ff.cc:337:slice$2827 ($dffe) from module ot_qwen_kvc_write_link_bridge.
Setting constant 0-bit at position 503 on $auto$ff.cc:337:slice$2827 ($dffe) from module ot_qwen_kvc_write_link_bridge.
Setting constant 0-bit at position 504 on $auto$ff.cc:337:slice$2827 ($dffe) from module ot_qwen_kvc_write_link_bridge.
Setting constant 0-bit at position 505 on $auto$ff.cc:337:slice$2827 ($dffe) from module ot_qwen_kvc_write_link_bridge.
Setting constant 1-bit at position 506 on $auto$ff.cc:337:slice$2827 ($dffe) from module ot_qwen_kvc_write_link_bridge.
Setting constant 0-bit at position 507 on $auto$ff.cc:337:slice$2827 ($dffe) from module ot_qwen_kvc_write_link_bridge.
Setting constant 0-bit at position 508 on $auto$ff.cc:337:slice$2827 ($dffe) from module ot_qwen_kvc_write_link_bridge.
Setting constant 0-bit at position 509 on $auto$ff.cc:337:slice$2827 ($dffe) from module ot_qwen_kvc_write_link_bridge.
Setting constant 0-bit at position 32 on $auto$ff.cc:337:slice$2824 ($dffe) from module ot_qwen_kvc_write_link_bridge.
Setting constant 0-bit at position 33 on $auto$ff.cc:337:slice$2824 ($dffe) from module ot_qwen_kvc_write_link_bridge.
Setting constant 0-bit at position 34 on $auto$ff.cc:337:slice$2824 ($dffe) from module ot_qwen_kvc_write_link_bridge.
Setting constant 0-bit at position 35 on $auto$ff.cc:337:slice$2824 ($dffe) from module ot_qwen_kvc_write_link_bridge.
Setting constant 0-bit at position 36 on $auto$ff.cc:337:slice$2824 ($dffe) from module ot_qwen_kvc_write_link_bridge.
Setting constant 0-bit at position 37 on $auto$ff.cc:337:slice$2824 ($dffe) from module ot_qwen_kvc_write_link_bridge.
Setting constant 0-bit at position 38 on $auto$ff.cc:337:slice$2824 ($dffe) from module ot_qwen_kvc_write_link_bridge.
Setting constant 0-bit at position 39 on $auto$ff.cc:337:slice$2824 ($dffe) from module ot_qwen_kvc_write_link_bridge.
Setting constant 0-bit at position 40 on $auto$ff.cc:337:slice$2824 ($dffe) from module ot_qwen_kvc_write_link_bridge.
Setting constant 0-bit at position 41 on $auto$ff.cc:337:slice$2824 ($dffe) from module ot_qwen_kvc_write_link_bridge.
Setting constant 0-bit at position 42 on $auto$ff.cc:337:slice$2824 ($dffe) from module ot_qwen_kvc_write_link_bridge.
Setting constant 0-bit at position 43 on $auto$ff.cc:337:slice$2824 ($dffe) from module ot_qwen_kvc_write_link_bridge.
Setting constant 0-bit at position 44 on $auto$ff.cc:337:slice$2824 ($dffe) from module ot_qwen_kvc_write_link_bridge.
Setting constant 0-bit at position 45 on $auto$ff.cc:337:slice$2824 ($dffe) from module ot_qwen_kvc_write_link_bridge.
Setting constant 0-bit at position 46 on $auto$ff.cc:337:slice$2824 ($dffe) from module ot_qwen_kvc_write_link_bridge.
Setting constant 0-bit at position 47 on $auto$ff.cc:337:slice$2824 ($dffe) from module ot_qwen_kvc_write_link_bridge.
Setting constant 0-bit at position 48 on $auto$ff.cc:337:slice$2824 ($dffe) from module ot_qwen_kvc_write_link_bridge.
Setting constant 0-bit at position 49 on $auto$ff.cc:337:slice$2824 ($dffe) from module ot_qwen_kvc_write_link_bridge.
Setting constant 0-bit at position 50 on $auto$ff.cc:337:slice$2824 ($dffe) from module ot_qwen_kvc_write_link_bridge.
Setting constant 0-bit at position 51 on $auto$ff.cc:337:slice$2824 ($dffe) from module ot_qwen_kvc_write_link_bridge.
Setting constant 0-bit at position 52 on $auto$ff.cc:337:slice$2824 ($dffe) from module ot_qwen_kvc_write_link_bridge.
Setting constant 0-bit at position 53 on $auto$ff.cc:337:slice$2824 ($dffe) from module ot_qwen_kvc_write_link_bridge.
Setting constant 0-bit at position 54 on $auto$ff.cc:337:slice$2824 ($dffe) from module ot_qwen_kvc_write_link_bridge.
Setting constant 0-bit at position 55 on $auto$ff.cc:337:slice$2824 ($dffe) from module ot_qwen_kvc_write_link_bridge.
Setting constant 0-bit at position 56 on $auto$ff.cc:337:slice$2824 ($dffe) from module ot_qwen_kvc_write_link_bridge.
Setting constant 0-bit at position 57 on $auto$ff.cc:337:slice$2824 ($dffe) from module ot_qwen_kvc_write_link_bridge.
Setting constant 0-bit at position 58 on $auto$ff.cc:337:slice$2824 ($dffe) from module ot_qwen_kvc_write_link_bridge.
Setting constant 0-bit at position 59 on $auto$ff.cc:337:slice$2824 ($dffe) from module ot_qwen_kvc_write_link_bridge.
Setting constant 0-bit at position 60 on $auto$ff.cc:337:slice$2824 ($dffe) from module ot_qwen_kvc_write_link_bridge.
Setting constant 0-bit at position 61 on $auto$ff.cc:337:slice$2824 ($dffe) from module ot_qwen_kvc_write_link_bridge.
Setting constant 0-bit at position 62 on $auto$ff.cc:337:slice$2824 ($dffe) from module ot_qwen_kvc_write_link_bridge.
Setting constant 0-bit at position 63 on $auto$ff.cc:337:slice$2824 ($dffe) from module ot_qwen_kvc_write_link_bridge.
Setting constant 0-bit at position 64 on $auto$ff.cc:337:slice$2824 ($dffe) from module ot_qwen_kvc_write_link_bridge.
Setting constant 0-bit at position 65 on $auto$ff.cc:337:slice$2824 ($dffe) from module ot_qwen_kvc_write_link_bridge.
Setting constant 0-bit at position 66 on $auto$ff.cc:337:slice$2824 ($dffe) from module ot_qwen_kvc_write_link_bridge.
Setting constant 0-bit at position 67 on $auto$ff.cc:337:slice$2824 ($dffe) from module ot_qwen_kvc_write_link_bridge.
Setting constant 0-bit at position 68 on $auto$ff.cc:337:slice$2824 ($dffe) from module ot_qwen_kvc_write_link_bridge.
Setting constant 0-bit at position 69 on $auto$ff.cc:337:slice$2824 ($dffe) from module ot_qwen_kvc_write_link_bridge.
Setting constant 0-bit at position 70 on $auto$ff.cc:337:slice$2824 ($dffe) from module ot_qwen_kvc_write_link_bridge.
Setting constant 0-bit at position 71 on $auto$ff.cc:337:slice$2824 ($dffe) from module ot_qwen_kvc_write_link_bridge.
Setting constant 0-bit at position 72 on $auto$ff.cc:337:slice$2824 ($dffe) from module ot_qwen_kvc_write_link_bridge.
Setting constant 0-bit at position 73 on $auto$ff.cc:337:slice$2824 ($dffe) from module ot_qwen_kvc_write_link_bridge.
Setting constant 0-bit at position 74 on $auto$ff.cc:337:slice$2824 ($dffe) from module ot_qwen_kvc_write_link_bridge.
Setting constant 0-bit at position 75 on $auto$ff.cc:337:slice$2824 ($dffe) from module ot_qwen_kvc_write_link_bridge.
Setting constant 0-bit at position 76 on $auto$ff.cc:337:slice$2824 ($dffe) from module ot_qwen_kvc_write_link_bridge.
Setting constant 0-bit at position 77 on $auto$ff.cc:337:slice$2824 ($dffe) from module ot_qwen_kvc_write_link_bridge.
Setting constant 0-bit at position 78 on $auto$ff.cc:337:slice$2824 ($dffe) from module ot_qwen_kvc_write_link_bridge.
Setting constant 0-bit at position 79 on $auto$ff.cc:337:slice$2824 ($dffe) from module ot_qwen_kvc_write_link_bridge.
Setting constant 0-bit at position 80 on $auto$ff.cc:337:slice$2824 ($dffe) from module ot_qwen_kvc_write_link_bridge.
Setting constant 0-bit at position 81 on $auto$ff.cc:337:slice$2824 ($dffe) from module ot_qwen_kvc_write_link_bridge.
Setting constant 0-bit at position 82 on $auto$ff.cc:337:slice$2824 ($dffe) from module ot_qwen_kvc_write_link_bridge.
Setting constant 0-bit at position 83 on $auto$ff.cc:337:slice$2824 ($dffe) from module ot_qwen_kvc_write_link_bridge.
Setting constant 0-bit at position 84 on $auto$ff.cc:337:slice$2824 ($dffe) from module ot_qwen_kvc_write_link_bridge.
Setting constant 0-bit at position 85 on $auto$ff.cc:337:slice$2824 ($dffe) from module ot_qwen_kvc_write_link_bridge.
Setting constant 0-bit at position 86 on $auto$ff.cc:337:slice$2824 ($dffe) from module ot_qwen_kvc_write_link_bridge.
Setting constant 0-bit at position 87 on $auto$ff.cc:337:slice$2824 ($dffe) from module ot_qwen_kvc_write_link_bridge.
Setting constant 0-bit at position 88 on $auto$ff.cc:337:slice$2824 ($dffe) from module ot_qwen_kvc_write_link_bridge.
Setting constant 0-bit at position 89 on $auto$ff.cc:337:slice$2824 ($dffe) from module ot_qwen_kvc_write_link_bridge.
Setting constant 0-bit at position 90 on $auto$ff.cc:337:slice$2824 ($dffe) from module ot_qwen_kvc_write_link_bridge.
Setting constant 0-bit at position 91 on $auto$ff.cc:337:slice$2824 ($dffe) from module ot_qwen_kvc_write_link_bridge.
Setting constant 0-bit at position 92 on $auto$ff.cc:337:slice$2824 ($dffe) from module ot_qwen_kvc_write_link_bridge.
Setting constant 0-bit at position 93 on $auto$ff.cc:337:slice$2824 ($dffe) from module ot_qwen_kvc_write_link_bridge.
Setting constant 0-bit at position 94 on $auto$ff.cc:337:slice$2824 ($dffe) from module ot_qwen_kvc_write_link_bridge.
Setting constant 0-bit at position 95 on $auto$ff.cc:337:slice$2824 ($dffe) from module ot_qwen_kvc_write_link_bridge.
Setting constant 0-bit at position 96 on $auto$ff.cc:337:slice$2824 ($dffe) from module ot_qwen_kvc_write_link_bridge.
Setting constant 0-bit at position 97 on $auto$ff.cc:337:slice$2824 ($dffe) from module ot_qwen_kvc_write_link_bridge.
Setting constant 0-bit at position 98 on $auto$ff.cc:337:slice$2824 ($dffe) from module ot_qwen_kvc_write_link_bridge.
Setting constant 0-bit at position 99 on $auto$ff.cc:337:slice$2824 ($dffe) from module ot_qwen_kvc_write_link_bridge.
Setting constant 0-bit at position 100 on $auto$ff.cc:337:slice$2824 ($dffe) from module ot_qwen_kvc_write_link_bridge.
Setting constant 0-bit at position 101 on $auto$ff.cc:337:slice$2824 ($dffe) from module ot_qwen_kvc_write_link_bridge.
Setting constant 0-bit at position 102 on $auto$ff.cc:337:slice$2824 ($dffe) from module ot_qwen_kvc_write_link_bridge.
Setting constant 0-bit at position 103 on $auto$ff.cc:337:slice$2824 ($dffe) from module ot_qwen_kvc_write_link_bridge.
Setting constant 0-bit at position 104 on $auto$ff.cc:337:slice$2824 ($dffe) from module ot_qwen_kvc_write_link_bridge.
Setting constant 0-bit at position 105 on $auto$ff.cc:337:slice$2824 ($dffe) from module ot_qwen_kvc_write_link_bridge.
Setting constant 0-bit at position 106 on $auto$ff.cc:337:slice$2824 ($dffe) from module ot_qwen_kvc_write_link_bridge.
Setting constant 0-bit at position 107 on $auto$ff.cc:337:slice$2824 ($dffe) from module ot_qwen_kvc_write_link_bridge.
Setting constant 0-bit at position 108 on $auto$ff.cc:337:slice$2824 ($dffe) from module ot_qwen_kvc_write_link_bridge.
Setting constant 0-bit at position 109 on $auto$ff.cc:337:slice$2824 ($dffe) from module ot_qwen_kvc_write_link_bridge.
Setting constant 0-bit at position 110 on $auto$ff.cc:337:slice$2824 ($dffe) from module ot_qwen_kvc_write_link_bridge.
Setting constant 0-bit at position 111 on $auto$ff.cc:337:slice$2824 ($dffe) from module ot_qwen_kvc_write_link_bridge.
Setting constant 0-bit at position 112 on $auto$ff.cc:337:slice$2824 ($dffe) from module ot_qwen_kvc_write_link_bridge.
Setting constant 0-bit at position 113 on $auto$ff.cc:337:slice$2824 ($dffe) from module ot_qwen_kvc_write_link_bridge.
Setting constant 0-bit at position 114 on $auto$ff.cc:337:slice$2824 ($dffe) from module ot_qwen_kvc_write_link_bridge.
Setting constant 0-bit at position 115 on $auto$ff.cc:337:slice$2824 ($dffe) from module ot_qwen_kvc_write_link_bridge.
Setting constant 0-bit at position 116 on $auto$ff.cc:337:slice$2824 ($dffe) from module ot_qwen_kvc_write_link_bridge.
Setting constant 0-bit at position 117 on $auto$ff.cc:337:slice$2824 ($dffe) from module ot_qwen_kvc_write_link_bridge.
Setting constant 0-bit at position 118 on $auto$ff.cc:337:slice$2824 ($dffe) from module ot_qwen_kvc_write_link_bridge.
Setting constant 0-bit at position 119 on $auto$ff.cc:337:slice$2824 ($dffe) from module ot_qwen_kvc_write_link_bridge.
Setting constant 0-bit at position 120 on $auto$ff.cc:337:slice$2824 ($dffe) from module ot_qwen_kvc_write_link_bridge.
Setting constant 0-bit at position 121 on $auto$ff.cc:337:slice$2824 ($dffe) from module ot_qwen_kvc_write_link_bridge.
Setting constant 0-bit at position 122 on $auto$ff.cc:337:slice$2824 ($dffe) from module ot_qwen_kvc_write_link_bridge.
Setting constant 0-bit at position 123 on $auto$ff.cc:337:slice$2824 ($dffe) from module ot_qwen_kvc_write_link_bridge.
Setting constant 0-bit at position 124 on $auto$ff.cc:337:slice$2824 ($dffe) from module ot_qwen_kvc_write_link_bridge.
Setting constant 0-bit at position 125 on $auto$ff.cc:337:slice$2824 ($dffe) from module ot_qwen_kvc_write_link_bridge.
Setting constant 0-bit at position 126 on $auto$ff.cc:337:slice$2824 ($dffe) from module ot_qwen_kvc_write_link_bridge.
Setting constant 0-bit at position 127 on $auto$ff.cc:337:slice$2824 ($dffe) from module ot_qwen_kvc_write_link_bridge.
Setting constant 0-bit at position 128 on $auto$ff.cc:337:slice$2824 ($dffe) from module ot_qwen_kvc_write_link_bridge.
Setting constant 0-bit at position 129 on $auto$ff.cc:337:slice$2824 ($dffe) from module ot_qwen_kvc_write_link_bridge.
Setting constant 0-bit at position 130 on $auto$ff.cc:337:slice$2824 ($dffe) from module ot_qwen_kvc_write_link_bridge.
Setting constant 0-bit at position 131 on $auto$ff.cc:337:slice$2824 ($dffe) from module ot_qwen_kvc_write_link_bridge.
Setting constant 0-bit at position 132 on $auto$ff.cc:337:slice$2824 ($dffe) from module ot_qwen_kvc_write_link_bridge.
Setting constant 0-bit at position 133 on $auto$ff.cc:337:slice$2824 ($dffe) from module ot_qwen_kvc_write_link_bridge.
Setting constant 0-bit at position 134 on $auto$ff.cc:337:slice$2824 ($dffe) from module ot_qwen_kvc_write_link_bridge.
Setting constant 0-bit at position 135 on $auto$ff.cc:337:slice$2824 ($dffe) from module ot_qwen_kvc_write_link_bridge.
Setting constant 0-bit at position 136 on $auto$ff.cc:337:slice$2824 ($dffe) from module ot_qwen_kvc_write_link_bridge.
Setting constant 0-bit at position 137 on $auto$ff.cc:337:slice$2824 ($dffe) from module ot_qwen_kvc_write_link_bridge.
Setting constant 0-bit at position 138 on $auto$ff.cc:337:slice$2824 ($dffe) from module ot_qwen_kvc_write_link_bridge.
Setting constant 0-bit at position 139 on $auto$ff.cc:337:slice$2824 ($dffe) from module ot_qwen_kvc_write_link_bridge.
Setting constant 0-bit at position 140 on $auto$ff.cc:337:slice$2824 ($dffe) from module ot_qwen_kvc_write_link_bridge.
Setting constant 0-bit at position 141 on $auto$ff.cc:337:slice$2824 ($dffe) from module ot_qwen_kvc_write_link_bridge.
Setting constant 0-bit at position 142 on $auto$ff.cc:337:slice$2824 ($dffe) from module ot_qwen_kvc_write_link_bridge.
Setting constant 0-bit at position 143 on $auto$ff.cc:337:slice$2824 ($dffe) from module ot_qwen_kvc_write_link_bridge.
Setting constant 0-bit at position 144 on $auto$ff.cc:337:slice$2824 ($dffe) from module ot_qwen_kvc_write_link_bridge.
Setting constant 0-bit at position 145 on $auto$ff.cc:337:slice$2824 ($dffe) from module ot_qwen_kvc_write_link_bridge.
Setting constant 0-bit at position 146 on $auto$ff.cc:337:slice$2824 ($dffe) from module ot_qwen_kvc_write_link_bridge.
Setting constant 0-bit at position 147 on $auto$ff.cc:337:slice$2824 ($dffe) from module ot_qwen_kvc_write_link_bridge.
Setting constant 0-bit at position 148 on $auto$ff.cc:337:slice$2824 ($dffe) from module ot_qwen_kvc_write_link_bridge.
Setting constant 0-bit at position 149 on $auto$ff.cc:337:slice$2824 ($dffe) from module ot_qwen_kvc_write_link_bridge.
Setting constant 0-bit at position 150 on $auto$ff.cc:337:slice$2824 ($dffe) from module ot_qwen_kvc_write_link_bridge.
Setting constant 0-bit at position 151 on $auto$ff.cc:337:slice$2824 ($dffe) from module ot_qwen_kvc_write_link_bridge.
Setting constant 0-bit at position 152 on $auto$ff.cc:337:slice$2824 ($dffe) from module ot_qwen_kvc_write_link_bridge.
Setting constant 0-bit at position 153 on $auto$ff.cc:337:slice$2824 ($dffe) from module ot_qwen_kvc_write_link_bridge.
Setting constant 0-bit at position 154 on $auto$ff.cc:337:slice$2824 ($dffe) from module ot_qwen_kvc_write_link_bridge.
Setting constant 0-bit at position 155 on $auto$ff.cc:337:slice$2824 ($dffe) from module ot_qwen_kvc_write_link_bridge.
Setting constant 0-bit at position 156 on $auto$ff.cc:337:slice$2824 ($dffe) from module ot_qwen_kvc_write_link_bridge.
Setting constant 0-bit at position 157 on $auto$ff.cc:337:slice$2824 ($dffe) from module ot_qwen_kvc_write_link_bridge.
Setting constant 0-bit at position 158 on $auto$ff.cc:337:slice$2824 ($dffe) from module ot_qwen_kvc_write_link_bridge.
Setting constant 0-bit at position 159 on $auto$ff.cc:337:slice$2824 ($dffe) from module ot_qwen_kvc_write_link_bridge.
Setting constant 0-bit at position 160 on $auto$ff.cc:337:slice$2824 ($dffe) from module ot_qwen_kvc_write_link_bridge.
Setting constant 0-bit at position 161 on $auto$ff.cc:337:slice$2824 ($dffe) from module ot_qwen_kvc_write_link_bridge.
Setting constant 0-bit at position 162 on $auto$ff.cc:337:slice$2824 ($dffe) from module ot_qwen_kvc_write_link_bridge.
Setting constant 0-bit at position 163 on $auto$ff.cc:337:slice$2824 ($dffe) from module ot_qwen_kvc_write_link_bridge.
Setting constant 0-bit at position 164 on $auto$ff.cc:337:slice$2824 ($dffe) from module ot_qwen_kvc_write_link_bridge.
Setting constant 0-bit at position 165 on $auto$ff.cc:337:slice$2824 ($dffe) from module ot_qwen_kvc_write_link_bridge.
Setting constant 0-bit at position 166 on $auto$ff.cc:337:slice$2824 ($dffe) from module ot_qwen_kvc_write_link_bridge.
Setting constant 0-bit at position 167 on $auto$ff.cc:337:slice$2824 ($dffe) from module ot_qwen_kvc_write_link_bridge.
Setting constant 0-bit at position 168 on $auto$ff.cc:337:slice$2824 ($dffe) from module ot_qwen_kvc_write_link_bridge.
Setting constant 0-bit at position 169 on $auto$ff.cc:337:slice$2824 ($dffe) from module ot_qwen_kvc_write_link_bridge.
Setting constant 0-bit at position 170 on $auto$ff.cc:337:slice$2824 ($dffe) from module ot_qwen_kvc_write_link_bridge.
Setting constant 0-bit at position 171 on $auto$ff.cc:337:slice$2824 ($dffe) from module ot_qwen_kvc_write_link_bridge.
Setting constant 0-bit at position 172 on $auto$ff.cc:337:slice$2824 ($dffe) from module ot_qwen_kvc_write_link_bridge.
Setting constant 0-bit at position 173 on $auto$ff.cc:337:slice$2824 ($dffe) from module ot_qwen_kvc_write_link_bridge.
Setting constant 0-bit at position 174 on $auto$ff.cc:337:slice$2824 ($dffe) from module ot_qwen_kvc_write_link_bridge.
Setting constant 0-bit at position 175 on $auto$ff.cc:337:slice$2824 ($dffe) from module ot_qwen_kvc_write_link_bridge.
Setting constant 0-bit at position 176 on $auto$ff.cc:337:slice$2824 ($dffe) from module ot_qwen_kvc_write_link_bridge.
Setting constant 0-bit at position 177 on $auto$ff.cc:337:slice$2824 ($dffe) from module ot_qwen_kvc_write_link_bridge.
Setting constant 0-bit at position 178 on $auto$ff.cc:337:slice$2824 ($dffe) from module ot_qwen_kvc_write_link_bridge.
Setting constant 0-bit at position 179 on $auto$ff.cc:337:slice$2824 ($dffe) from module ot_qwen_kvc_write_link_bridge.
Setting constant 0-bit at position 180 on $auto$ff.cc:337:slice$2824 ($dffe) from module ot_qwen_kvc_write_link_bridge.
Setting constant 0-bit at position 181 on $auto$ff.cc:337:slice$2824 ($dffe) from module ot_qwen_kvc_write_link_bridge.
Setting constant 0-bit at position 487 on $auto$ff.cc:337:slice$2824 ($dffe) from module ot_qwen_kvc_write_link_bridge.
Setting constant 0-bit at position 488 on $auto$ff.cc:337:slice$2824 ($dffe) from module ot_qwen_kvc_write_link_bridge.
Setting constant 0-bit at position 489 on $auto$ff.cc:337:slice$2824 ($dffe) from module ot_qwen_kvc_write_link_bridge.
Setting constant 0-bit at position 490 on $auto$ff.cc:337:slice$2824 ($dffe) from module ot_qwen_kvc_write_link_bridge.
Setting constant 0-bit at position 491 on $auto$ff.cc:337:slice$2824 ($dffe) from module ot_qwen_kvc_write_link_bridge.
Setting constant 0-bit at position 492 on $auto$ff.cc:337:slice$2824 ($dffe) from module ot_qwen_kvc_write_link_bridge.
Setting constant 0-bit at position 493 on $auto$ff.cc:337:slice$2824 ($dffe) from module ot_qwen_kvc_write_link_bridge.
Setting constant 1-bit at position 502 on $auto$ff.cc:337:slice$2824 ($dffe) from module ot_qwen_kvc_write_link_bridge.
Setting constant 0-bit at position 503 on $auto$ff.cc:337:slice$2824 ($dffe) from module ot_qwen_kvc_write_link_bridge.
Setting constant 0-bit at position 504 on $auto$ff.cc:337:slice$2824 ($dffe) from module ot_qwen_kvc_write_link_bridge.
Setting constant 0-bit at position 505 on $auto$ff.cc:337:slice$2824 ($dffe) from module ot_qwen_kvc_write_link_bridge.
Setting constant 1-bit at position 506 on $auto$ff.cc:337:slice$2824 ($dffe) from module ot_qwen_kvc_write_link_bridge.
Setting constant 0-bit at position 507 on $auto$ff.cc:337:slice$2824 ($dffe) from module ot_qwen_kvc_write_link_bridge.
Setting constant 0-bit at position 508 on $auto$ff.cc:337:slice$2824 ($dffe) from module ot_qwen_kvc_write_link_bridge.
Setting constant 0-bit at position 509 on $auto$ff.cc:337:slice$2824 ($dffe) from module ot_qwen_kvc_write_link_bridge.
Setting constant 0-bit at position 32 on $auto$ff.cc:337:slice$2817 ($dffe) from module ot_qwen_kvc_write_link_bridge.
Setting constant 0-bit at position 33 on $auto$ff.cc:337:slice$2817 ($dffe) from module ot_qwen_kvc_write_link_bridge.
Setting constant 0-bit at position 34 on $auto$ff.cc:337:slice$2817 ($dffe) from module ot_qwen_kvc_write_link_bridge.
Setting constant 0-bit at position 35 on $auto$ff.cc:337:slice$2817 ($dffe) from module ot_qwen_kvc_write_link_bridge.
Setting constant 0-bit at position 36 on $auto$ff.cc:337:slice$2817 ($dffe) from module ot_qwen_kvc_write_link_bridge.
Setting constant 0-bit at position 37 on $auto$ff.cc:337:slice$2817 ($dffe) from module ot_qwen_kvc_write_link_bridge.
Setting constant 0-bit at position 38 on $auto$ff.cc:337:slice$2817 ($dffe) from module ot_qwen_kvc_write_link_bridge.
Setting constant 0-bit at position 39 on $auto$ff.cc:337:slice$2817 ($dffe) from module ot_qwen_kvc_write_link_bridge.
Setting constant 0-bit at position 40 on $auto$ff.cc:337:slice$2817 ($dffe) from module ot_qwen_kvc_write_link_bridge.
Setting constant 0-bit at position 41 on $auto$ff.cc:337:slice$2817 ($dffe) from module ot_qwen_kvc_write_link_bridge.
Setting constant 0-bit at position 42 on $auto$ff.cc:337:slice$2817 ($dffe) from module ot_qwen_kvc_write_link_bridge.
Setting constant 0-bit at position 43 on $auto$ff.cc:337:slice$2817 ($dffe) from module ot_qwen_kvc_write_link_bridge.
Setting constant 0-bit at position 44 on $auto$ff.cc:337:slice$2817 ($dffe) from module ot_qwen_kvc_write_link_bridge.
Setting constant 0-bit at position 45 on $auto$ff.cc:337:slice$2817 ($dffe) from module ot_qwen_kvc_write_link_bridge.
Setting constant 0-bit at position 46 on $auto$ff.cc:337:slice$2817 ($dffe) from module ot_qwen_kvc_write_link_bridge.
Setting constant 0-bit at position 47 on $auto$ff.cc:337:slice$2817 ($dffe) from module ot_qwen_kvc_write_link_bridge.
Setting constant 0-bit at position 48 on $auto$ff.cc:337:slice$2817 ($dffe) from module ot_qwen_kvc_write_link_bridge.
Setting constant 0-bit at position 49 on $auto$ff.cc:337:slice$2817 ($dffe) from module ot_qwen_kvc_write_link_bridge.
Setting constant 0-bit at position 50 on $auto$ff.cc:337:slice$2817 ($dffe) from module ot_qwen_kvc_write_link_bridge.
Setting constant 0-bit at position 51 on $auto$ff.cc:337:slice$2817 ($dffe) from module ot_qwen_kvc_write_link_bridge.
Setting constant 0-bit at position 52 on $auto$ff.cc:337:slice$2817 ($dffe) from module ot_qwen_kvc_write_link_bridge.
Setting constant 0-bit at position 53 on $auto$ff.cc:337:slice$2817 ($dffe) from module ot_qwen_kvc_write_link_bridge.
Setting constant 0-bit at position 54 on $auto$ff.cc:337:slice$2817 ($dffe) from module ot_qwen_kvc_write_link_bridge.
Setting constant 0-bit at position 55 on $auto$ff.cc:337:slice$2817 ($dffe) from module ot_qwen_kvc_write_link_bridge.
Setting constant 0-bit at position 56 on $auto$ff.cc:337:slice$2817 ($dffe) from module ot_qwen_kvc_write_link_bridge.
Setting constant 0-bit at position 57 on $auto$ff.cc:337:slice$2817 ($dffe) from module ot_qwen_kvc_write_link_bridge.
Setting constant 0-bit at position 58 on $auto$ff.cc:337:slice$2817 ($dffe) from module ot_qwen_kvc_write_link_bridge.
Setting constant 0-bit at position 59 on $auto$ff.cc:337:slice$2817 ($dffe) from module ot_qwen_kvc_write_link_bridge.
Setting constant 0-bit at position 60 on $auto$ff.cc:337:slice$2817 ($dffe) from module ot_qwen_kvc_write_link_bridge.
Setting constant 0-bit at position 61 on $auto$ff.cc:337:slice$2817 ($dffe) from module ot_qwen_kvc_write_link_bridge.
Setting constant 0-bit at position 62 on $auto$ff.cc:337:slice$2817 ($dffe) from module ot_qwen_kvc_write_link_bridge.
Setting constant 0-bit at position 63 on $auto$ff.cc:337:slice$2817 ($dffe) from module ot_qwen_kvc_write_link_bridge.
Setting constant 0-bit at position 64 on $auto$ff.cc:337:slice$2817 ($dffe) from module ot_qwen_kvc_write_link_bridge.
Setting constant 0-bit at position 65 on $auto$ff.cc:337:slice$2817 ($dffe) from module ot_qwen_kvc_write_link_bridge.
Setting constant 0-bit at position 66 on $auto$ff.cc:337:slice$2817 ($dffe) from module ot_qwen_kvc_write_link_bridge.
Setting constant 0-bit at position 67 on $auto$ff.cc:337:slice$2817 ($dffe) from module ot_qwen_kvc_write_link_bridge.
Setting constant 0-bit at position 68 on $auto$ff.cc:337:slice$2817 ($dffe) from module ot_qwen_kvc_write_link_bridge.
Setting constant 0-bit at position 69 on $auto$ff.cc:337:slice$2817 ($dffe) from module ot_qwen_kvc_write_link_bridge.
Setting constant 0-bit at position 70 on $auto$ff.cc:337:slice$2817 ($dffe) from module ot_qwen_kvc_write_link_bridge.
Setting constant 0-bit at position 71 on $auto$ff.cc:337:slice$2817 ($dffe) from module ot_qwen_kvc_write_link_bridge.
Setting constant 0-bit at position 72 on $auto$ff.cc:337:slice$2817 ($dffe) from module ot_qwen_kvc_write_link_bridge.
Setting constant 0-bit at position 73 on $auto$ff.cc:337:slice$2817 ($dffe) from module ot_qwen_kvc_write_link_bridge.
Setting constant 0-bit at position 74 on $auto$ff.cc:337:slice$2817 ($dffe) from module ot_qwen_kvc_write_link_bridge.
Setting constant 0-bit at position 75 on $auto$ff.cc:337:slice$2817 ($dffe) from module ot_qwen_kvc_write_link_bridge.
Setting constant 0-bit at position 76 on $auto$ff.cc:337:slice$2817 ($dffe) from module ot_qwen_kvc_write_link_bridge.
Setting constant 0-bit at position 77 on $auto$ff.cc:337:slice$2817 ($dffe) from module ot_qwen_kvc_write_link_bridge.
Setting constant 0-bit at position 78 on $auto$ff.cc:337:slice$2817 ($dffe) from module ot_qwen_kvc_write_link_bridge.
Setting constant 0-bit at position 79 on $auto$ff.cc:337:slice$2817 ($dffe) from module ot_qwen_kvc_write_link_bridge.
Setting constant 0-bit at position 80 on $auto$ff.cc:337:slice$2817 ($dffe) from module ot_qwen_kvc_write_link_bridge.
Setting constant 0-bit at position 81 on $auto$ff.cc:337:slice$2817 ($dffe) from module ot_qwen_kvc_write_link_bridge.
Setting constant 0-bit at position 82 on $auto$ff.cc:337:slice$2817 ($dffe) from module ot_qwen_kvc_write_link_bridge.
Setting constant 0-bit at position 83 on $auto$ff.cc:337:slice$2817 ($dffe) from module ot_qwen_kvc_write_link_bridge.
Setting constant 0-bit at position 84 on $auto$ff.cc:337:slice$2817 ($dffe) from module ot_qwen_kvc_write_link_bridge.
Setting constant 0-bit at position 85 on $auto$ff.cc:337:slice$2817 ($dffe) from module ot_qwen_kvc_write_link_bridge.
Setting constant 0-bit at position 86 on $auto$ff.cc:337:slice$2817 ($dffe) from module ot_qwen_kvc_write_link_bridge.
Setting constant 0-bit at position 87 on $auto$ff.cc:337:slice$2817 ($dffe) from module ot_qwen_kvc_write_link_bridge.
Setting constant 0-bit at position 88 on $auto$ff.cc:337:slice$2817 ($dffe) from module ot_qwen_kvc_write_link_bridge.
Setting constant 0-bit at position 89 on $auto$ff.cc:337:slice$2817 ($dffe) from module ot_qwen_kvc_write_link_bridge.
Setting constant 0-bit at position 90 on $auto$ff.cc:337:slice$2817 ($dffe) from module ot_qwen_kvc_write_link_bridge.
Setting constant 0-bit at position 91 on $auto$ff.cc:337:slice$2817 ($dffe) from module ot_qwen_kvc_write_link_bridge.
Setting constant 0-bit at position 92 on $auto$ff.cc:337:slice$2817 ($dffe) from module ot_qwen_kvc_write_link_bridge.
Setting constant 0-bit at position 93 on $auto$ff.cc:337:slice$2817 ($dffe) from module ot_qwen_kvc_write_link_bridge.
Setting constant 0-bit at position 94 on $auto$ff.cc:337:slice$2817 ($dffe) from module ot_qwen_kvc_write_link_bridge.
Setting constant 0-bit at position 95 on $auto$ff.cc:337:slice$2817 ($dffe) from module ot_qwen_kvc_write_link_bridge.
Setting constant 0-bit at position 96 on $auto$ff.cc:337:slice$2817 ($dffe) from module ot_qwen_kvc_write_link_bridge.
Setting constant 0-bit at position 97 on $auto$ff.cc:337:slice$2817 ($dffe) from module ot_qwen_kvc_write_link_bridge.
Setting constant 0-bit at position 98 on $auto$ff.cc:337:slice$2817 ($dffe) from module ot_qwen_kvc_write_link_bridge.
Setting constant 0-bit at position 99 on $auto$ff.cc:337:slice$2817 ($dffe) from module ot_qwen_kvc_write_link_bridge.
Setting constant 0-bit at position 100 on $auto$ff.cc:337:slice$2817 ($dffe) from module ot_qwen_kvc_write_link_bridge.
Setting constant 0-bit at position 101 on $auto$ff.cc:337:slice$2817 ($dffe) from module ot_qwen_kvc_write_link_bridge.
Setting constant 0-bit at position 102 on $auto$ff.cc:337:slice$2817 ($dffe) from module ot_qwen_kvc_write_link_bridge.
Setting constant 0-bit at position 103 on $auto$ff.cc:337:slice$2817 ($dffe) from module ot_qwen_kvc_write_link_bridge.
Setting constant 0-bit at position 104 on $auto$ff.cc:337:slice$2817 ($dffe) from module ot_qwen_kvc_write_link_bridge.
Setting constant 0-bit at position 105 on $auto$ff.cc:337:slice$2817 ($dffe) from module ot_qwen_kvc_write_link_bridge.
Setting constant 0-bit at position 106 on $auto$ff.cc:337:slice$2817 ($dffe) from module ot_qwen_kvc_write_link_bridge.
Setting constant 0-bit at position 107 on $auto$ff.cc:337:slice$2817 ($dffe) from module ot_qwen_kvc_write_link_bridge.
Setting constant 0-bit at position 108 on $auto$ff.cc:337:slice$2817 ($dffe) from module ot_qwen_kvc_write_link_bridge.
Setting constant 0-bit at position 109 on $auto$ff.cc:337:slice$2817 ($dffe) from module ot_qwen_kvc_write_link_bridge.
Setting constant 0-bit at position 110 on $auto$ff.cc:337:slice$2817 ($dffe) from module ot_qwen_kvc_write_link_bridge.
Setting constant 0-bit at position 111 on $auto$ff.cc:337:slice$2817 ($dffe) from module ot_qwen_kvc_write_link_bridge.
Setting constant 0-bit at position 112 on $auto$ff.cc:337:slice$2817 ($dffe) from module ot_qwen_kvc_write_link_bridge.
Setting constant 0-bit at position 113 on $auto$ff.cc:337:slice$2817 ($dffe) from module ot_qwen_kvc_write_link_bridge.
Setting constant 0-bit at position 114 on $auto$ff.cc:337:slice$2817 ($dffe) from module ot_qwen_kvc_write_link_bridge.
Setting constant 0-bit at position 115 on $auto$ff.cc:337:slice$2817 ($dffe) from module ot_qwen_kvc_write_link_bridge.
Setting constant 0-bit at position 116 on $auto$ff.cc:337:slice$2817 ($dffe) from module ot_qwen_kvc_write_link_bridge.
Setting constant 0-bit at position 117 on $auto$ff.cc:337:slice$2817 ($dffe) from module ot_qwen_kvc_write_link_bridge.
Setting constant 0-bit at position 118 on $auto$ff.cc:337:slice$2817 ($dffe) from module ot_qwen_kvc_write_link_bridge.
Setting constant 0-bit at position 119 on $auto$ff.cc:337:slice$2817 ($dffe) from module ot_qwen_kvc_write_link_bridge.
Setting constant 0-bit at position 120 on $auto$ff.cc:337:slice$2817 ($dffe) from module ot_qwen_kvc_write_link_bridge.
Setting constant 0-bit at position 121 on $auto$ff.cc:337:slice$2817 ($dffe) from module ot_qwen_kvc_write_link_bridge.
Setting constant 0-bit at position 122 on $auto$ff.cc:337:slice$2817 ($dffe) from module ot_qwen_kvc_write_link_bridge.
Setting constant 0-bit at position 123 on $auto$ff.cc:337:slice$2817 ($dffe) from module ot_qwen_kvc_write_link_bridge.
Setting constant 0-bit at position 124 on $auto$ff.cc:337:slice$2817 ($dffe) from module ot_qwen_kvc_write_link_bridge.
Setting constant 0-bit at position 125 on $auto$ff.cc:337:slice$2817 ($dffe) from module ot_qwen_kvc_write_link_bridge.
Setting constant 0-bit at position 126 on $auto$ff.cc:337:slice$2817 ($dffe) from module ot_qwen_kvc_write_link_bridge.
Setting constant 0-bit at position 127 on $auto$ff.cc:337:slice$2817 ($dffe) from module ot_qwen_kvc_write_link_bridge.
Setting constant 0-bit at position 128 on $auto$ff.cc:337:slice$2817 ($dffe) from module ot_qwen_kvc_write_link_bridge.
Setting constant 0-bit at position 129 on $auto$ff.cc:337:slice$2817 ($dffe) from module ot_qwen_kvc_write_link_bridge.
Setting constant 0-bit at position 130 on $auto$ff.cc:337:slice$2817 ($dffe) from module ot_qwen_kvc_write_link_bridge.
Setting constant 0-bit at position 131 on $auto$ff.cc:337:slice$2817 ($dffe) from module ot_qwen_kvc_write_link_bridge.
Setting constant 0-bit at position 132 on $auto$ff.cc:337:slice$2817 ($dffe) from module ot_qwen_kvc_write_link_bridge.
Setting constant 0-bit at position 133 on $auto$ff.cc:337:slice$2817 ($dffe) from module ot_qwen_kvc_write_link_bridge.
Setting constant 0-bit at position 134 on $auto$ff.cc:337:slice$2817 ($dffe) from module ot_qwen_kvc_write_link_bridge.
Setting constant 0-bit at position 135 on $auto$ff.cc:337:slice$2817 ($dffe) from module ot_qwen_kvc_write_link_bridge.
Setting constant 0-bit at position 136 on $auto$ff.cc:337:slice$2817 ($dffe) from module ot_qwen_kvc_write_link_bridge.
Setting constant 0-bit at position 137 on $auto$ff.cc:337:slice$2817 ($dffe) from module ot_qwen_kvc_write_link_bridge.
Setting constant 0-bit at position 138 on $auto$ff.cc:337:slice$2817 ($dffe) from module ot_qwen_kvc_write_link_bridge.
Setting constant 0-bit at position 139 on $auto$ff.cc:337:slice$2817 ($dffe) from module ot_qwen_kvc_write_link_bridge.
Setting constant 0-bit at position 140 on $auto$ff.cc:337:slice$2817 ($dffe) from module ot_qwen_kvc_write_link_bridge.
Setting constant 0-bit at position 141 on $auto$ff.cc:337:slice$2817 ($dffe) from module ot_qwen_kvc_write_link_bridge.
Setting constant 0-bit at position 142 on $auto$ff.cc:337:slice$2817 ($dffe) from module ot_qwen_kvc_write_link_bridge.
Setting constant 0-bit at position 143 on $auto$ff.cc:337:slice$2817 ($dffe) from module ot_qwen_kvc_write_link_bridge.
Setting constant 0-bit at position 144 on $auto$ff.cc:337:slice$2817 ($dffe) from module ot_qwen_kvc_write_link_bridge.
Setting constant 0-bit at position 145 on $auto$ff.cc:337:slice$2817 ($dffe) from module ot_qwen_kvc_write_link_bridge.
Setting constant 0-bit at position 146 on $auto$ff.cc:337:slice$2817 ($dffe) from module ot_qwen_kvc_write_link_bridge.
Setting constant 0-bit at position 147 on $auto$ff.cc:337:slice$2817 ($dffe) from module ot_qwen_kvc_write_link_bridge.
Setting constant 0-bit at position 148 on $auto$ff.cc:337:slice$2817 ($dffe) from module ot_qwen_kvc_write_link_bridge.
Setting constant 0-bit at position 149 on $auto$ff.cc:337:slice$2817 ($dffe) from module ot_qwen_kvc_write_link_bridge.
Setting constant 0-bit at position 150 on $auto$ff.cc:337:slice$2817 ($dffe) from module ot_qwen_kvc_write_link_bridge.
Setting constant 0-bit at position 151 on $auto$ff.cc:337:slice$2817 ($dffe) from module ot_qwen_kvc_write_link_bridge.
Setting constant 0-bit at position 152 on $auto$ff.cc:337:slice$2817 ($dffe) from module ot_qwen_kvc_write_link_bridge.
Setting constant 0-bit at position 153 on $auto$ff.cc:337:slice$2817 ($dffe) from module ot_qwen_kvc_write_link_bridge.
Setting constant 0-bit at position 154 on $auto$ff.cc:337:slice$2817 ($dffe) from module ot_qwen_kvc_write_link_bridge.
Setting constant 0-bit at position 155 on $auto$ff.cc:337:slice$2817 ($dffe) from module ot_qwen_kvc_write_link_bridge.
Setting constant 0-bit at position 156 on $auto$ff.cc:337:slice$2817 ($dffe) from module ot_qwen_kvc_write_link_bridge.
Setting constant 0-bit at position 157 on $auto$ff.cc:337:slice$2817 ($dffe) from module ot_qwen_kvc_write_link_bridge.
Setting constant 0-bit at position 158 on $auto$ff.cc:337:slice$2817 ($dffe) from module ot_qwen_kvc_write_link_bridge.
Setting constant 0-bit at position 159 on $auto$ff.cc:337:slice$2817 ($dffe) from module ot_qwen_kvc_write_link_bridge.
Setting constant 0-bit at position 160 on $auto$ff.cc:337:slice$2817 ($dffe) from module ot_qwen_kvc_write_link_bridge.
Setting constant 0-bit at position 161 on $auto$ff.cc:337:slice$2817 ($dffe) from module ot_qwen_kvc_write_link_bridge.
Setting constant 0-bit at position 162 on $auto$ff.cc:337:slice$2817 ($dffe) from module ot_qwen_kvc_write_link_bridge.
Setting constant 0-bit at position 163 on $auto$ff.cc:337:slice$2817 ($dffe) from module ot_qwen_kvc_write_link_bridge.
Setting constant 0-bit at position 164 on $auto$ff.cc:337:slice$2817 ($dffe) from module ot_qwen_kvc_write_link_bridge.
Setting constant 0-bit at position 165 on $auto$ff.cc:337:slice$2817 ($dffe) from module ot_qwen_kvc_write_link_bridge.
Setting constant 0-bit at position 166 on $auto$ff.cc:337:slice$2817 ($dffe) from module ot_qwen_kvc_write_link_bridge.
Setting constant 0-bit at position 167 on $auto$ff.cc:337:slice$2817 ($dffe) from module ot_qwen_kvc_write_link_bridge.
Setting constant 0-bit at position 168 on $auto$ff.cc:337:slice$2817 ($dffe) from module ot_qwen_kvc_write_link_bridge.
Setting constant 0-bit at position 169 on $auto$ff.cc:337:slice$2817 ($dffe) from module ot_qwen_kvc_write_link_bridge.
Setting constant 0-bit at position 170 on $auto$ff.cc:337:slice$2817 ($dffe) from module ot_qwen_kvc_write_link_bridge.
Setting constant 0-bit at position 171 on $auto$ff.cc:337:slice$2817 ($dffe) from module ot_qwen_kvc_write_link_bridge.
Setting constant 0-bit at position 172 on $auto$ff.cc:337:slice$2817 ($dffe) from module ot_qwen_kvc_write_link_bridge.
Setting constant 0-bit at position 173 on $auto$ff.cc:337:slice$2817 ($dffe) from module ot_qwen_kvc_write_link_bridge.
Setting constant 0-bit at position 174 on $auto$ff.cc:337:slice$2817 ($dffe) from module ot_qwen_kvc_write_link_bridge.
Setting constant 0-bit at position 175 on $auto$ff.cc:337:slice$2817 ($dffe) from module ot_qwen_kvc_write_link_bridge.
Setting constant 0-bit at position 176 on $auto$ff.cc:337:slice$2817 ($dffe) from module ot_qwen_kvc_write_link_bridge.
Setting constant 0-bit at position 177 on $auto$ff.cc:337:slice$2817 ($dffe) from module ot_qwen_kvc_write_link_bridge.
Setting constant 0-bit at position 178 on $auto$ff.cc:337:slice$2817 ($dffe) from module ot_qwen_kvc_write_link_bridge.
Setting constant 0-bit at position 179 on $auto$ff.cc:337:slice$2817 ($dffe) from module ot_qwen_kvc_write_link_bridge.
Setting constant 0-bit at position 180 on $auto$ff.cc:337:slice$2817 ($dffe) from module ot_qwen_kvc_write_link_bridge.
Setting constant 0-bit at position 181 on $auto$ff.cc:337:slice$2817 ($dffe) from module ot_qwen_kvc_write_link_bridge.
Setting constant 0-bit at position 487 on $auto$ff.cc:337:slice$2817 ($dffe) from module ot_qwen_kvc_write_link_bridge.
Setting constant 0-bit at position 488 on $auto$ff.cc:337:slice$2817 ($dffe) from module ot_qwen_kvc_write_link_bridge.
Setting constant 0-bit at position 489 on $auto$ff.cc:337:slice$2817 ($dffe) from module ot_qwen_kvc_write_link_bridge.
Setting constant 0-bit at position 490 on $auto$ff.cc:337:slice$2817 ($dffe) from module ot_qwen_kvc_write_link_bridge.
Setting constant 0-bit at position 491 on $auto$ff.cc:337:slice$2817 ($dffe) from module ot_qwen_kvc_write_link_bridge.
Setting constant 0-bit at position 492 on $auto$ff.cc:337:slice$2817 ($dffe) from module ot_qwen_kvc_write_link_bridge.
Setting constant 0-bit at position 493 on $auto$ff.cc:337:slice$2817 ($dffe) from module ot_qwen_kvc_write_link_bridge.
Setting constant 1-bit at position 502 on $auto$ff.cc:337:slice$2817 ($dffe) from module ot_qwen_kvc_write_link_bridge.
Setting constant 0-bit at position 503 on $auto$ff.cc:337:slice$2817 ($dffe) from module ot_qwen_kvc_write_link_bridge.
Setting constant 0-bit at position 504 on $auto$ff.cc:337:slice$2817 ($dffe) from module ot_qwen_kvc_write_link_bridge.
Setting constant 0-bit at position 505 on $auto$ff.cc:337:slice$2817 ($dffe) from module ot_qwen_kvc_write_link_bridge.
Setting constant 1-bit at position 506 on $auto$ff.cc:337:slice$2817 ($dffe) from module ot_qwen_kvc_write_link_bridge.
Setting constant 0-bit at position 507 on $auto$ff.cc:337:slice$2817 ($dffe) from module ot_qwen_kvc_write_link_bridge.
Setting constant 0-bit at position 508 on $auto$ff.cc:337:slice$2817 ($dffe) from module ot_qwen_kvc_write_link_bridge.
Setting constant 0-bit at position 509 on $auto$ff.cc:337:slice$2817 ($dffe) from module ot_qwen_kvc_write_link_bridge.

8.10.7. Executing OPT_CLEAN pass (remove unused cells and wires).
Finding unused cells or wires in module \ot_qwen_kvc_write_link_bridge..
Removed 117 unused cells and 117 unused wires.
<suppressed ~118 debug messages>

8.10.8. Executing OPT_EXPR pass (perform const folding).
Optimizing module ot_qwen_kvc_write_link_bridge.
<suppressed ~1 debug messages>

8.10.9. Rerunning OPT passes. (Maybe there is more to do..)

8.10.10. Executing OPT_MUXTREE pass (detect dead branches in mux trees).
Running muxtree optimizer on module \ot_qwen_kvc_write_link_bridge..
  Creating internal representation of mux trees.
  Evaluating internal representation of mux trees.
  Analyzing evaluation results.
Removed 0 multiplexer ports.
<suppressed ~517 debug messages>

8.10.11. Executing OPT_REDUCE pass (consolidate $*mux and $reduce_* inputs).
  Optimizing cells in module \ot_qwen_kvc_write_link_bridge.
Performed a total of 0 changes.

8.10.12. Executing OPT_MERGE pass (detect identical cells).
Finding identical cells in module `\ot_qwen_kvc_write_link_bridge'.
Computing hashes of 612 cells of `\ot_qwen_kvc_write_link_bridge'.
Finding duplicate cells in `\ot_qwen_kvc_write_link_bridge'.
Computing hashes of 603 cells of `\ot_qwen_kvc_write_link_bridge'.
Finding duplicate cells in `\ot_qwen_kvc_write_link_bridge'.
Computing hashes of 602 cells of `\ot_qwen_kvc_write_link_bridge'.
Finding duplicate cells in `\ot_qwen_kvc_write_link_bridge'.
<suppressed ~30 debug messages>
Removed a total of 10 cells.

8.10.13. Executing OPT_DFF pass (perform DFF optimizations).

8.10.14. Executing OPT_CLEAN pass (remove unused cells and wires).
Finding unused cells or wires in module \ot_qwen_kvc_write_link_bridge..
Removed 0 unused cells and 10 unused wires.
<suppressed ~1 debug messages>

8.10.15. Executing OPT_EXPR pass (perform const folding).
Optimizing module ot_qwen_kvc_write_link_bridge.

8.10.16. Rerunning OPT passes. (Maybe there is more to do..)

8.10.17. Executing OPT_MUXTREE pass (detect dead branches in mux trees).
Running muxtree optimizer on module \ot_qwen_kvc_write_link_bridge..
  Creating internal representation of mux trees.
  Evaluating internal representation of mux trees.
  Analyzing evaluation results.
Removed 0 multiplexer ports.
<suppressed ~517 debug messages>

8.10.18. Executing OPT_REDUCE pass (consolidate $*mux and $reduce_* inputs).
  Optimizing cells in module \ot_qwen_kvc_write_link_bridge.
Performed a total of 0 changes.

8.10.19. Executing OPT_MERGE pass (detect identical cells).
Finding identical cells in module `\ot_qwen_kvc_write_link_bridge'.
Computing hashes of 602 cells of `\ot_qwen_kvc_write_link_bridge'.
Finding duplicate cells in `\ot_qwen_kvc_write_link_bridge'.
Removed a total of 0 cells.

8.10.20. Executing OPT_DFF pass (perform DFF optimizations).

8.10.21. Executing OPT_CLEAN pass (remove unused cells and wires).
Finding unused cells or wires in module \ot_qwen_kvc_write_link_bridge..

8.10.22. Executing OPT_EXPR pass (perform const folding).
Optimizing module ot_qwen_kvc_write_link_bridge.

8.10.23. Finished fast OPT passes. (There is nothing left to do.)

8.11. Executing WREDUCE pass (reducing word size of cells).
Removed top 1 bits (of 2) from port B of cell ot_qwen_kvc_write_link_bridge.$auto$opt_dff.cc:320:make_patterns_logic$2908 ($ne).
Removed top 30 bits (of 32) from port B of cell ot_qwen_kvc_write_link_bridge.$add$/tmp/qwen-write-bridge-20261007/rtl/physical/ot_qwen_kvc_write_link_bridge.sv:35$402 ($add).
Removed top 31 bits (of 32) from port B of cell ot_qwen_kvc_write_link_bridge.$eq$/tmp/qwen-write-bridge-20261007/rtl/physical/ot_qwen_kvc_write_link_bridge.sv:39$411 ($eq).
Removed top 30 bits (of 32) from port B of cell ot_qwen_kvc_write_link_bridge.$add$/tmp/qwen-write-bridge-20261007/rtl/physical/ot_qwen_kvc_write_link_bridge.sv:35$412 ($add).
Removed top 31 bits (of 32) from port B of cell ot_qwen_kvc_write_link_bridge.$eq$/tmp/qwen-write-bridge-20261007/rtl/physical/ot_qwen_kvc_write_link_bridge.sv:39$421 ($eq).
Removed top 30 bits (of 32) from port B of cell ot_qwen_kvc_write_link_bridge.$add$/tmp/qwen-write-bridge-20261007/rtl/physical/ot_qwen_kvc_write_link_bridge.sv:35$422 ($add).
Removed top 31 bits (of 32) from port B of cell ot_qwen_kvc_write_link_bridge.$eq$/tmp/qwen-write-bridge-20261007/rtl/physical/ot_qwen_kvc_write_link_bridge.sv:39$431 ($eq).
Removed top 30 bits (of 32) from port B of cell ot_qwen_kvc_write_link_bridge.$add$/tmp/qwen-write-bridge-20261007/rtl/physical/ot_qwen_kvc_write_link_bridge.sv:35$432 ($add).
Removed top 31 bits (of 32) from port B of cell ot_qwen_kvc_write_link_bridge.$eq$/tmp/qwen-write-bridge-20261007/rtl/physical/ot_qwen_kvc_write_link_bridge.sv:39$441 ($eq).
Removed top 30 bits (of 32) from port B of cell ot_qwen_kvc_write_link_bridge.$add$/tmp/qwen-write-bridge-20261007/rtl/physical/ot_qwen_kvc_write_link_bridge.sv:35$442 ($add).
Removed top 31 bits (of 32) from port B of cell ot_qwen_kvc_write_link_bridge.$eq$/tmp/qwen-write-bridge-20261007/rtl/physical/ot_qwen_kvc_write_link_bridge.sv:39$451 ($eq).
Removed top 30 bits (of 32) from port B of cell ot_qwen_kvc_write_link_bridge.$add$/tmp/qwen-write-bridge-20261007/rtl/physical/ot_qwen_kvc_write_link_bridge.sv:35$452 ($add).
Removed top 31 bits (of 32) from port B of cell ot_qwen_kvc_write_link_bridge.$eq$/tmp/qwen-write-bridge-20261007/rtl/physical/ot_qwen_kvc_write_link_bridge.sv:39$461 ($eq).
Removed top 30 bits (of 32) from port B of cell ot_qwen_kvc_write_link_bridge.$add$/tmp/qwen-write-bridge-20261007/rtl/physical/ot_qwen_kvc_write_link_bridge.sv:35$462 ($add).
Removed top 31 bits (of 32) from port B of cell ot_qwen_kvc_write_link_bridge.$eq$/tmp/qwen-write-bridge-20261007/rtl/physical/ot_qwen_kvc_write_link_bridge.sv:39$471 ($eq).
Removed top 28 bits (of 32) from port B of cell ot_qwen_kvc_write_link_bridge.$le$/tmp/qwen-write-bridge-20261007/rtl/physical/ot_qwen_kvc_write_link_bridge.sv:43$478 ($le).
Removed top 31 bits (of 32) from port B of cell ot_qwen_kvc_write_link_bridge.$ge$/tmp/qwen-write-bridge-20261007/rtl/physical/ot_qwen_kvc_write_link_bridge.sv:53$488 ($ge).
Removed top 31 bits (of 32) from port B of cell ot_qwen_kvc_write_link_bridge.$lt$/tmp/qwen-write-bridge-20261007/rtl/physical/ot_qwen_kvc_write_link_bridge.sv:53$490 ($lt).
Removed top 1 bits (of 33) from port A of cell ot_qwen_kvc_write_link_bridge.$neg$/tmp/qwen-write-bridge-20261007/rtl/physical/ot_qwen_kvc_write_link_bridge.sv:87$600 ($neg).
Removed top 24 bits (of 32) from port Y of cell ot_qwen_kvc_write_link_bridge.$or$/tmp/qwen-write-bridge-20261007/rtl/physical/ot_qwen_kvc_write_link_bridge.sv:87$606 ($or).
Removed top 24 bits (of 32) from port A of cell ot_qwen_kvc_write_link_bridge.$or$/tmp/qwen-write-bridge-20261007/rtl/physical/ot_qwen_kvc_write_link_bridge.sv:87$606 ($or).
Removed top 24 bits (of 32) from port B of cell ot_qwen_kvc_write_link_bridge.$or$/tmp/qwen-write-bridge-20261007/rtl/physical/ot_qwen_kvc_write_link_bridge.sv:87$606 ($or).
Removed top 2 bits (of 4) from port B of cell ot_qwen_kvc_write_link_bridge.$ne$/tmp/qwen-write-bridge-20261007/rtl/physical/ot_qwen_kvc_write_link_bridge.sv:91$627 ($ne).
Removed top 31 bits (of 32) from port B of cell ot_qwen_kvc_write_link_bridge.$lt$/tmp/qwen-write-bridge-20261007/rtl/physical/ot_qwen_kvc_write_link_bridge.sv:91$629 ($lt).
Removed top 1 bits (of 33) from port A of cell ot_qwen_kvc_write_link_bridge.$neg$/tmp/qwen-write-bridge-20261007/rtl/physical/ot_qwen_kvc_write_link_bridge.sv:92$635 ($neg).
Removed top 24 bits (of 32) from port Y of cell ot_qwen_kvc_write_link_bridge.$or$/tmp/qwen-write-bridge-20261007/rtl/physical/ot_qwen_kvc_write_link_bridge.sv:92$641 ($or).
Removed top 24 bits (of 32) from port A of cell ot_qwen_kvc_write_link_bridge.$or$/tmp/qwen-write-bridge-20261007/rtl/physical/ot_qwen_kvc_write_link_bridge.sv:92$641 ($or).
Removed top 24 bits (of 32) from port B of cell ot_qwen_kvc_write_link_bridge.$or$/tmp/qwen-write-bridge-20261007/rtl/physical/ot_qwen_kvc_write_link_bridge.sv:92$641 ($or).
Removed top 31 bits (of 32) from mux cell ot_qwen_kvc_write_link_bridge.$procmux$1312 ($mux).
Removed top 1 bits (of 3) from port B of cell ot_qwen_kvc_write_link_bridge.$procmux$1607_CMP0 ($eq).
Removed top 1 bits (of 3) from port B of cell ot_qwen_kvc_write_link_bridge.$procmux$1619_CMP0 ($eq).
Removed top 2 bits (of 3) from port B of cell ot_qwen_kvc_write_link_bridge.$procmux$1632_CMP0 ($eq).
Removed top 3 bits (of 4) from port B of cell ot_qwen_kvc_write_link_bridge.$flatten\transport.\rxq.$add$/home/ubuntu/OpenTallas/rtl/lib/ot_async_fifo.sv:53$670 ($add).
Removed top 1 bits (of 4) from port A of cell ot_qwen_kvc_write_link_bridge.$flatten\transport.\rxq.$xor$/home/ubuntu/OpenTallas/rtl/lib/ot_async_fifo.sv:54$672 ($xor).
Removed top 3 bits (of 4) from port B of cell ot_qwen_kvc_write_link_bridge.$flatten\transport.\rxq.$add$/home/ubuntu/OpenTallas/rtl/lib/ot_async_fifo.sv:56$673 ($add).
Removed top 1 bits (of 4) from port A of cell ot_qwen_kvc_write_link_bridge.$flatten\transport.\rxq.$xor$/home/ubuntu/OpenTallas/rtl/lib/ot_async_fifo.sv:57$675 ($xor).
Removed top 1 bits (of 3) from port B of cell ot_qwen_kvc_write_link_bridge.$flatten\transport.\rxq.$procmux$1999_CMP0 ($eq).
Removed top 1 bits (of 3) from port B of cell ot_qwen_kvc_write_link_bridge.$flatten\transport.\rxq.$procmux$2000_CMP0 ($eq).
Removed top 2 bits (of 3) from port B of cell ot_qwen_kvc_write_link_bridge.$flatten\transport.\rxq.$procmux$2001_CMP0 ($eq).
Removed top 1 bits (of 3) from port B of cell ot_qwen_kvc_write_link_bridge.$flatten\transport.\rxq.$procmux$2041_CMP0 ($eq).
Removed top 1 bits (of 3) from port B of cell ot_qwen_kvc_write_link_bridge.$flatten\transport.\rxq.$procmux$2051_CMP0 ($eq).
Removed top 2 bits (of 3) from port B of cell ot_qwen_kvc_write_link_bridge.$flatten\transport.\rxq.$procmux$2062_CMP0 ($eq).
Removed top 4 bits (of 5) from port B of cell ot_qwen_kvc_write_link_bridge.$flatten\transport.\txq.$add$/home/ubuntu/OpenTallas/rtl/lib/ot_async_fifo.sv:53$704 ($add).
Removed top 1 bits (of 5) from port A of cell ot_qwen_kvc_write_link_bridge.$flatten\transport.\txq.$xor$/home/ubuntu/OpenTallas/rtl/lib/ot_async_fifo.sv:54$706 ($xor).
Removed top 4 bits (of 5) from port B of cell ot_qwen_kvc_write_link_bridge.$flatten\transport.\txq.$add$/home/ubuntu/OpenTallas/rtl/lib/ot_async_fifo.sv:56$707 ($add).
Removed top 1 bits (of 5) from port A of cell ot_qwen_kvc_write_link_bridge.$flatten\transport.\txq.$xor$/home/ubuntu/OpenTallas/rtl/lib/ot_async_fifo.sv:57$709 ($xor).
Removed top 1 bits (of 4) from port B of cell ot_qwen_kvc_write_link_bridge.$flatten\transport.\txq.$procmux$1780_CMP0 ($eq).
Removed top 1 bits (of 4) from port B of cell ot_qwen_kvc_write_link_bridge.$flatten\transport.\txq.$procmux$1781_CMP0 ($eq).
Removed top 1 bits (of 4) from port B of cell ot_qwen_kvc_write_link_bridge.$flatten\transport.\txq.$procmux$1782_CMP0 ($eq).
Removed top 1 bits (of 4) from port B of cell ot_qwen_kvc_write_link_bridge.$flatten\transport.\txq.$procmux$1783_CMP0 ($eq).
Removed top 2 bits (of 4) from port B of cell ot_qwen_kvc_write_link_bridge.$flatten\transport.\txq.$procmux$1784_CMP0 ($eq).
Removed top 2 bits (of 4) from port B of cell ot_qwen_kvc_write_link_bridge.$flatten\transport.\txq.$procmux$1785_CMP0 ($eq).
Removed top 3 bits (of 4) from port B of cell ot_qwen_kvc_write_link_bridge.$flatten\transport.\txq.$procmux$1786_CMP0 ($eq).
Removed top 1 bits (of 4) from port B of cell ot_qwen_kvc_write_link_bridge.$flatten\transport.\txq.$procmux$1872_CMP0 ($eq).
Removed top 1 bits (of 4) from port B of cell ot_qwen_kvc_write_link_bridge.$flatten\transport.\txq.$procmux$1886_CMP0 ($eq).
Removed top 1 bits (of 4) from port B of cell ot_qwen_kvc_write_link_bridge.$flatten\transport.\txq.$procmux$1901_CMP0 ($eq).
Removed top 1 bits (of 4) from port B of cell ot_qwen_kvc_write_link_bridge.$flatten\transport.\txq.$procmux$1917_CMP0 ($eq).
Removed top 2 bits (of 4) from port B of cell ot_qwen_kvc_write_link_bridge.$flatten\transport.\txq.$procmux$1934_CMP0 ($eq).
Removed top 2 bits (of 4) from port B of cell ot_qwen_kvc_write_link_bridge.$flatten\transport.\txq.$procmux$1952_CMP0 ($eq).
Removed top 3 bits (of 4) from port B of cell ot_qwen_kvc_write_link_bridge.$flatten\transport.\txq.$procmux$1971_CMP0 ($eq).
Removed top 1 bits (of 2) from port B of cell ot_qwen_kvc_write_link_bridge.$flatten\transport.$procmux$1762_CMP0 ($eq).
Removed top 29 bits (of 32) from port B of cell ot_qwen_kvc_write_link_bridge.$flatten\transport.$gt$/tmp/qwen-write-bridge-20261007/rtl/physical/ot_qwen_kvc_hub_cdc.sv:66$1018 ($gt).
Removed top 29 bits (of 32) from port B of cell ot_qwen_kvc_write_link_bridge.$flatten\transport.$gt$/tmp/qwen-write-bridge-20261007/rtl/physical/ot_qwen_kvc_hub_cdc.sv:65$1017 ($gt).
Removed top 30 bits (of 32) from port B of cell ot_qwen_kvc_write_link_bridge.$flatten\transport.$lt$/tmp/qwen-write-bridge-20261007/rtl/physical/ot_qwen_kvc_hub_cdc.sv:61$1012 ($lt).
Removed top 1 bits (of 4) from port A of cell ot_qwen_kvc_write_link_bridge.$flatten\transport.$xor$/tmp/qwen-write-bridge-20261007/rtl/physical/ot_qwen_kvc_hub_cdc.sv:51$1009 ($xor).
Removed top 1 bits (of 5) from port A of cell ot_qwen_kvc_write_link_bridge.$flatten\transport.$add$/tmp/qwen-write-bridge-20261007/rtl/physical/ot_qwen_kvc_hub_cdc.sv:30$982 ($add).
Removed top 4 bits (of 510) from FF cell ot_qwen_kvc_write_link_bridge.$flatten\dec.$procdff$2367 ($dff).
Removed top 3 bits (of 4) from port B of cell ot_qwen_kvc_write_link_bridge.$flatten\dec.$eq$/tmp/qwen-write-bridge-codec-20261007/rtl/physical/ot_qwen_kvc_packet_codec_parallel.sv:118$858 ($eq).
Removed top 2 bits (of 4) from port B of cell ot_qwen_kvc_write_link_bridge.$flatten\dec.$eq$/tmp/qwen-write-bridge-codec-20261007/rtl/physical/ot_qwen_kvc_packet_codec_parallel.sv:117$852 ($eq).
Removed top 3 bits (of 4) from port B of cell ot_qwen_kvc_write_link_bridge.$flatten\dec.$eq$/tmp/qwen-write-bridge-codec-20261007/rtl/physical/ot_qwen_kvc_packet_codec_parallel.sv:116$851 ($eq).
Removed top 24 bits (of 32) from port Y of cell ot_qwen_kvc_write_link_bridge.$and$/tmp/qwen-write-bridge-20261007/rtl/physical/ot_qwen_kvc_write_link_bridge.sv:87$603 ($and).
Removed top 24 bits (of 32) from port B of cell ot_qwen_kvc_write_link_bridge.$and$/tmp/qwen-write-bridge-20261007/rtl/physical/ot_qwen_kvc_write_link_bridge.sv:87$603 ($and).
Removed top 24 bits (of 32) from port Y of cell ot_qwen_kvc_write_link_bridge.$and$/tmp/qwen-write-bridge-20261007/rtl/physical/ot_qwen_kvc_write_link_bridge.sv:92$638 ($and).
Removed top 24 bits (of 32) from port B of cell ot_qwen_kvc_write_link_bridge.$and$/tmp/qwen-write-bridge-20261007/rtl/physical/ot_qwen_kvc_write_link_bridge.sv:92$638 ($and).
Removed top 24 bits (of 32) from port Y of cell ot_qwen_kvc_write_link_bridge.$shift$/tmp/qwen-write-bridge-20261007/rtl/physical/ot_qwen_kvc_write_link_bridge.sv:92$640 ($shift).
Removed top 24 bits (of 32) from port Y of cell ot_qwen_kvc_write_link_bridge.$not$/tmp/qwen-write-bridge-20261007/rtl/physical/ot_qwen_kvc_write_link_bridge.sv:87$602 ($not).
Removed top 24 bits (of 32) from port A of cell ot_qwen_kvc_write_link_bridge.$not$/tmp/qwen-write-bridge-20261007/rtl/physical/ot_qwen_kvc_write_link_bridge.sv:87$602 ($not).
Removed top 24 bits (of 32) from port Y of cell ot_qwen_kvc_write_link_bridge.$not$/tmp/qwen-write-bridge-20261007/rtl/physical/ot_qwen_kvc_write_link_bridge.sv:92$637 ($not).
Removed top 24 bits (of 32) from port A of cell ot_qwen_kvc_write_link_bridge.$not$/tmp/qwen-write-bridge-20261007/rtl/physical/ot_qwen_kvc_write_link_bridge.sv:92$637 ($not).
Removed top 24 bits (of 32) from port Y of cell ot_qwen_kvc_write_link_bridge.$shift$/tmp/qwen-write-bridge-20261007/rtl/physical/ot_qwen_kvc_write_link_bridge.sv:87$601 ($shift).
Removed top 24 bits (of 32) from port Y of cell ot_qwen_kvc_write_link_bridge.$shift$/tmp/qwen-write-bridge-20261007/rtl/physical/ot_qwen_kvc_write_link_bridge.sv:92$636 ($shift).
Removed top 8 bits (of 510) from wire ot_qwen_kvc_write_link_bridge.enc_packet.
Removed top 31 bits (of 32) from wire ot_qwen_kvc_write_link_bridge.$1\count[31:0].
Removed top 24 bits (of 32) from wire ot_qwen_kvc_write_link_bridge.$shift$/tmp/qwen-write-bridge-20261007/rtl/physical/ot_qwen_kvc_write_link_bridge.sv:87$601_Y.
Removed top 24 bits (of 32) from wire ot_qwen_kvc_write_link_bridge.$not$/tmp/qwen-write-bridge-20261007/rtl/physical/ot_qwen_kvc_write_link_bridge.sv:87$602_Y.
Removed top 24 bits (of 32) from wire ot_qwen_kvc_write_link_bridge.$and$/tmp/qwen-write-bridge-20261007/rtl/physical/ot_qwen_kvc_write_link_bridge.sv:87$603_Y.
Removed top 24 bits (of 32) from wire ot_qwen_kvc_write_link_bridge.$or$/tmp/qwen-write-bridge-20261007/rtl/physical/ot_qwen_kvc_write_link_bridge.sv:87$606_Y.
Removed top 24 bits (of 32) from wire ot_qwen_kvc_write_link_bridge.$shift$/tmp/qwen-write-bridge-20261007/rtl/physical/ot_qwen_kvc_write_link_bridge.sv:92$636_Y.
Removed top 24 bits (of 32) from wire ot_qwen_kvc_write_link_bridge.$not$/tmp/qwen-write-bridge-20261007/rtl/physical/ot_qwen_kvc_write_link_bridge.sv:92$637_Y.
Removed top 24 bits (of 32) from wire ot_qwen_kvc_write_link_bridge.$and$/tmp/qwen-write-bridge-20261007/rtl/physical/ot_qwen_kvc_write_link_bridge.sv:92$638_Y.
Removed top 24 bits (of 32) from wire ot_qwen_kvc_write_link_bridge.$shift$/tmp/qwen-write-bridge-20261007/rtl/physical/ot_qwen_kvc_write_link_bridge.sv:92$640_Y.
Removed top 24 bits (of 32) from wire ot_qwen_kvc_write_link_bridge.$or$/tmp/qwen-write-bridge-20261007/rtl/physical/ot_qwen_kvc_write_link_bridge.sv:92$641_Y.

8.12. Executing PEEPOPT pass (run peephole optimizers).

8.13. Executing OPT_CLEAN pass (remove unused cells and wires).
Finding unused cells or wires in module \ot_qwen_kvc_write_link_bridge..
Removed 0 unused cells and 11 unused wires.
<suppressed ~1 debug messages>

8.14. Executing ALUMACC pass (create $alu and $macc cells).
Extracting $alu and $macc cells in module ot_qwen_kvc_write_link_bridge:
  creating $macc model for $flatten\transport.\txq.$add$/home/ubuntu/OpenTallas/rtl/lib/ot_async_fifo.sv:56$707 ($add).
  creating $macc model for $flatten\transport.\txq.$add$/home/ubuntu/OpenTallas/rtl/lib/ot_async_fifo.sv:53$704 ($add).
  creating $macc model for $flatten\transport.$add$/tmp/qwen-write-bridge-20261007/rtl/physical/ot_qwen_kvc_hub_cdc.sv:51$1008 ($add).
  creating $macc model for $flatten\transport.$sub$/tmp/qwen-write-bridge-20261007/rtl/physical/ot_qwen_kvc_hub_cdc.sv:30$983 ($sub).
  creating $macc model for $flatten\transport.$add$/tmp/qwen-write-bridge-20261007/rtl/physical/ot_qwen_kvc_hub_cdc.sv:30$982 ($add).
  creating $macc model for $flatten\transport.$sub$/tmp/qwen-write-bridge-20261007/rtl/physical/ot_qwen_kvc_hub_cdc.sv:28$981 ($sub).
  creating $macc model for $flatten\transport.\rxq.$add$/home/ubuntu/OpenTallas/rtl/lib/ot_async_fifo.sv:56$673 ($add).
  creating $macc model for $flatten\transport.\rxq.$add$/home/ubuntu/OpenTallas/rtl/lib/ot_async_fifo.sv:53$670 ($add).
  creating $macc model for $flatten\transport.$sub$/tmp/qwen-write-bridge-20261007/rtl/physical/ot_qwen_kvc_hub_cdc.sv:62$1014 ($sub).
  creating $macc model for $flatten\transport.$add$/tmp/qwen-write-bridge-20261007/rtl/physical/ot_qwen_kvc_hub_cdc.sv:61$1013 ($add).
  creating $macc model for $add$/tmp/qwen-write-bridge-20261007/rtl/physical/ot_qwen_kvc_write_link_bridge.sv:35$402 ($add).
  creating $macc model for $add$/tmp/qwen-write-bridge-20261007/rtl/physical/ot_qwen_kvc_write_link_bridge.sv:35$412 ($add).
  creating $macc model for $add$/tmp/qwen-write-bridge-20261007/rtl/physical/ot_qwen_kvc_write_link_bridge.sv:35$422 ($add).
  creating $macc model for $add$/tmp/qwen-write-bridge-20261007/rtl/physical/ot_qwen_kvc_write_link_bridge.sv:35$432 ($add).
  creating $macc model for $add$/tmp/qwen-write-bridge-20261007/rtl/physical/ot_qwen_kvc_write_link_bridge.sv:35$442 ($add).
  creating $macc model for $add$/tmp/qwen-write-bridge-20261007/rtl/physical/ot_qwen_kvc_write_link_bridge.sv:35$452 ($add).
  creating $macc model for $add$/tmp/qwen-write-bridge-20261007/rtl/physical/ot_qwen_kvc_write_link_bridge.sv:35$462 ($add).
  creating $macc model for $neg$/tmp/qwen-write-bridge-20261007/rtl/physical/ot_qwen_kvc_write_link_bridge.sv:87$600 ($neg).
  creating $macc model for $add$/tmp/qwen-write-bridge-20261007/rtl/physical/ot_qwen_kvc_write_link_bridge.sv:88$615 ($add).
  creating $macc model for $flatten\transport.$add$/tmp/qwen-write-bridge-20261007/rtl/physical/ot_qwen_kvc_hub_cdc.sv:67$1020 ($add).
  creating $macc model for $neg$/tmp/qwen-write-bridge-20261007/rtl/physical/ot_qwen_kvc_write_link_bridge.sv:92$635 ($neg).
  merging $macc model for $flatten\transport.$add$/tmp/qwen-write-bridge-20261007/rtl/physical/ot_qwen_kvc_hub_cdc.sv:30$982 into $flatten\transport.$sub$/tmp/qwen-write-bridge-20261007/rtl/physical/ot_qwen_kvc_hub_cdc.sv:30$983.
  creating $alu model for $macc $flatten\transport.$add$/tmp/qwen-write-bridge-20261007/rtl/physical/ot_qwen_kvc_hub_cdc.sv:67$1020.
  creating $alu model for $macc $add$/tmp/qwen-write-bridge-20261007/rtl/physical/ot_qwen_kvc_write_link_bridge.sv:88$615.
  creating $alu model for $macc $add$/tmp/qwen-write-bridge-20261007/rtl/physical/ot_qwen_kvc_write_link_bridge.sv:35$462.
  creating $alu model for $macc $add$/tmp/qwen-write-bridge-20261007/rtl/physical/ot_qwen_kvc_write_link_bridge.sv:35$452.
  creating $alu model for $macc $add$/tmp/qwen-write-bridge-20261007/rtl/physical/ot_qwen_kvc_write_link_bridge.sv:35$442.
  creating $alu model for $macc $add$/tmp/qwen-write-bridge-20261007/rtl/physical/ot_qwen_kvc_write_link_bridge.sv:35$432.
  creating $alu model for $macc $add$/tmp/qwen-write-bridge-20261007/rtl/physical/ot_qwen_kvc_write_link_bridge.sv:35$422.
  creating $alu model for $macc $add$/tmp/qwen-write-bridge-20261007/rtl/physical/ot_qwen_kvc_write_link_bridge.sv:35$412.
  creating $alu model for $macc $add$/tmp/qwen-write-bridge-20261007/rtl/physical/ot_qwen_kvc_write_link_bridge.sv:35$402.
  creating $alu model for $macc $flatten\transport.$add$/tmp/qwen-write-bridge-20261007/rtl/physical/ot_qwen_kvc_hub_cdc.sv:61$1013.
  creating $alu model for $macc $flatten\transport.$sub$/tmp/qwen-write-bridge-20261007/rtl/physical/ot_qwen_kvc_hub_cdc.sv:62$1014.
  creating $alu model for $macc $flatten\transport.\rxq.$add$/home/ubuntu/OpenTallas/rtl/lib/ot_async_fifo.sv:53$670.
  creating $alu model for $macc $flatten\transport.\rxq.$add$/home/ubuntu/OpenTallas/rtl/lib/ot_async_fifo.sv:56$673.
  creating $alu model for $macc $flatten\transport.$sub$/tmp/qwen-write-bridge-20261007/rtl/physical/ot_qwen_kvc_hub_cdc.sv:28$981.
  creating $alu model for $macc $flatten\transport.$add$/tmp/qwen-write-bridge-20261007/rtl/physical/ot_qwen_kvc_hub_cdc.sv:51$1008.
  creating $alu model for $macc $flatten\transport.\txq.$add$/home/ubuntu/OpenTallas/rtl/lib/ot_async_fifo.sv:53$704.
  creating $alu model for $macc $flatten\transport.\txq.$add$/home/ubuntu/OpenTallas/rtl/lib/ot_async_fifo.sv:56$707.
  creating $macc cell for $neg$/tmp/qwen-write-bridge-20261007/rtl/physical/ot_qwen_kvc_write_link_bridge.sv:87$600: $auto$alumacc.cc:399:replace_macc$2996
  creating $macc cell for $neg$/tmp/qwen-write-bridge-20261007/rtl/physical/ot_qwen_kvc_write_link_bridge.sv:92$635: $auto$alumacc.cc:399:replace_macc$2997
  creating $macc cell for $flatten\transport.$sub$/tmp/qwen-write-bridge-20261007/rtl/physical/ot_qwen_kvc_hub_cdc.sv:30$983: $auto$alumacc.cc:399:replace_macc$2998
  creating $alu model for $flatten\transport.$gt$/tmp/qwen-write-bridge-20261007/rtl/physical/ot_qwen_kvc_hub_cdc.sv:65$1017 ($gt): new $alu
  creating $alu model for $flatten\transport.$gt$/tmp/qwen-write-bridge-20261007/rtl/physical/ot_qwen_kvc_hub_cdc.sv:66$1018 ($gt): new $alu
  creating $alu model for $flatten\transport.$lt$/tmp/qwen-write-bridge-20261007/rtl/physical/ot_qwen_kvc_hub_cdc.sv:61$1012 ($lt): new $alu
  creating $alu model for $le$/tmp/qwen-write-bridge-20261007/rtl/physical/ot_qwen_kvc_write_link_bridge.sv:43$478 ($le): new $alu
  creating $alu model for $ge$/tmp/qwen-write-bridge-20261007/rtl/physical/ot_qwen_kvc_write_link_bridge.sv:53$488 ($ge): new $alu
  creating $alu model for $lt$/tmp/qwen-write-bridge-20261007/rtl/physical/ot_qwen_kvc_write_link_bridge.sv:53$490 ($lt): new $alu
  creating $alu model for $lt$/tmp/qwen-write-bridge-20261007/rtl/physical/ot_qwen_kvc_write_link_bridge.sv:91$629 ($lt): new $alu
  creating $alu model for $flatten\transport.$eq$/tmp/qwen-write-bridge-20261007/rtl/physical/ot_qwen_kvc_hub_cdc.sv:32$985 ($eq): merged with $flatten\transport.$lt$/tmp/qwen-write-bridge-20261007/rtl/physical/ot_qwen_kvc_hub_cdc.sv:61$1012.
  creating $alu cell for $lt$/tmp/qwen-write-bridge-20261007/rtl/physical/ot_qwen_kvc_write_link_bridge.sv:91$629: $auto$alumacc.cc:548:replace_alu$3006
  creating $alu cell for $lt$/tmp/qwen-write-bridge-20261007/rtl/physical/ot_qwen_kvc_write_link_bridge.sv:53$490: $auto$alumacc.cc:548:replace_alu$3013
  creating $alu cell for $ge$/tmp/qwen-write-bridge-20261007/rtl/physical/ot_qwen_kvc_write_link_bridge.sv:53$488: $auto$alumacc.cc:548:replace_alu$3020
  creating $alu cell for $le$/tmp/qwen-write-bridge-20261007/rtl/physical/ot_qwen_kvc_write_link_bridge.sv:43$478: $auto$alumacc.cc:548:replace_alu$3035
  creating $alu cell for $flatten\transport.$lt$/tmp/qwen-write-bridge-20261007/rtl/physical/ot_qwen_kvc_hub_cdc.sv:61$1012, $flatten\transport.$eq$/tmp/qwen-write-bridge-20261007/rtl/physical/ot_qwen_kvc_hub_cdc.sv:32$985: $auto$alumacc.cc:548:replace_alu$3046
  creating $alu cell for $flatten\transport.$gt$/tmp/qwen-write-bridge-20261007/rtl/physical/ot_qwen_kvc_hub_cdc.sv:66$1018: $auto$alumacc.cc:548:replace_alu$3053
  creating $alu cell for $flatten\transport.$gt$/tmp/qwen-write-bridge-20261007/rtl/physical/ot_qwen_kvc_hub_cdc.sv:65$1017: $auto$alumacc.cc:548:replace_alu$3064
  creating $alu cell for $flatten\transport.\txq.$add$/home/ubuntu/OpenTallas/rtl/lib/ot_async_fifo.sv:56$707: $auto$alumacc.cc:548:replace_alu$3075
  creating $alu cell for $flatten\transport.\txq.$add$/home/ubuntu/OpenTallas/rtl/lib/ot_async_fifo.sv:53$704: $auto$alumacc.cc:548:replace_alu$3078
  creating $alu cell for $flatten\transport.$add$/tmp/qwen-write-bridge-20261007/rtl/physical/ot_qwen_kvc_hub_cdc.sv:51$1008: $auto$alumacc.cc:548:replace_alu$3081
  creating $alu cell for $flatten\transport.$sub$/tmp/qwen-write-bridge-20261007/rtl/physical/ot_qwen_kvc_hub_cdc.sv:28$981: $auto$alumacc.cc:548:replace_alu$3084
  creating $alu cell for $flatten\transport.\rxq.$add$/home/ubuntu/OpenTallas/rtl/lib/ot_async_fifo.sv:56$673: $auto$alumacc.cc:548:replace_alu$3087
  creating $alu cell for $flatten\transport.\rxq.$add$/home/ubuntu/OpenTallas/rtl/lib/ot_async_fifo.sv:53$670: $auto$alumacc.cc:548:replace_alu$3090
  creating $alu cell for $flatten\transport.$sub$/tmp/qwen-write-bridge-20261007/rtl/physical/ot_qwen_kvc_hub_cdc.sv:62$1014: $auto$alumacc.cc:548:replace_alu$3093
  creating $alu cell for $flatten\transport.$add$/tmp/qwen-write-bridge-20261007/rtl/physical/ot_qwen_kvc_hub_cdc.sv:61$1013: $auto$alumacc.cc:548:replace_alu$3096
  creating $alu cell for $add$/tmp/qwen-write-bridge-20261007/rtl/physical/ot_qwen_kvc_write_link_bridge.sv:35$402: $auto$alumacc.cc:548:replace_alu$3099
  creating $alu cell for $add$/tmp/qwen-write-bridge-20261007/rtl/physical/ot_qwen_kvc_write_link_bridge.sv:35$412: $auto$alumacc.cc:548:replace_alu$3102
  creating $alu cell for $add$/tmp/qwen-write-bridge-20261007/rtl/physical/ot_qwen_kvc_write_link_bridge.sv:35$422: $auto$alumacc.cc:548:replace_alu$3105
  creating $alu cell for $add$/tmp/qwen-write-bridge-20261007/rtl/physical/ot_qwen_kvc_write_link_bridge.sv:35$432: $auto$alumacc.cc:548:replace_alu$3108
  creating $alu cell for $add$/tmp/qwen-write-bridge-20261007/rtl/physical/ot_qwen_kvc_write_link_bridge.sv:35$442: $auto$alumacc.cc:548:replace_alu$3111
  creating $alu cell for $add$/tmp/qwen-write-bridge-20261007/rtl/physical/ot_qwen_kvc_write_link_bridge.sv:35$452: $auto$alumacc.cc:548:replace_alu$3114
  creating $alu cell for $add$/tmp/qwen-write-bridge-20261007/rtl/physical/ot_qwen_kvc_write_link_bridge.sv:35$462: $auto$alumacc.cc:548:replace_alu$3117
  creating $alu cell for $add$/tmp/qwen-write-bridge-20261007/rtl/physical/ot_qwen_kvc_write_link_bridge.sv:88$615: $auto$alumacc.cc:548:replace_alu$3120
  creating $alu cell for $flatten\transport.$add$/tmp/qwen-write-bridge-20261007/rtl/physical/ot_qwen_kvc_hub_cdc.sv:67$1020: $auto$alumacc.cc:548:replace_alu$3123
  created 24 $alu and 3 $macc cells.

8.15. Executing SHARE pass (SAT-based resource sharing).

8.16. Executing OPT pass (performing simple optimizations).

8.16.1. Executing OPT_EXPR pass (perform const folding).
Optimizing module ot_qwen_kvc_write_link_bridge.
<suppressed ~16 debug messages>

8.16.2. Executing OPT_MERGE pass (detect identical cells).
Finding identical cells in module `\ot_qwen_kvc_write_link_bridge'.
Computing hashes of 621 cells of `\ot_qwen_kvc_write_link_bridge'.
Finding duplicate cells in `\ot_qwen_kvc_write_link_bridge'.
Removed a total of 0 cells.

8.16.3. Executing OPT_MUXTREE pass (detect dead branches in mux trees).
Running muxtree optimizer on module \ot_qwen_kvc_write_link_bridge..
  Creating internal representation of mux trees.
  Evaluating internal representation of mux trees.
  Analyzing evaluation results.
Removed 0 multiplexer ports.
<suppressed ~517 debug messages>

8.16.4. Executing OPT_REDUCE pass (consolidate $*mux and $reduce_* inputs).
  Optimizing cells in module \ot_qwen_kvc_write_link_bridge.
Performed a total of 0 changes.

8.16.5. Executing OPT_MERGE pass (detect identical cells).
Finding identical cells in module `\ot_qwen_kvc_write_link_bridge'.
Computing hashes of 621 cells of `\ot_qwen_kvc_write_link_bridge'.
Finding duplicate cells in `\ot_qwen_kvc_write_link_bridge'.
Removed a total of 0 cells.

8.16.6. Executing OPT_DFF pass (perform DFF optimizations).

8.16.7. Executing OPT_CLEAN pass (remove unused cells and wires).
Finding unused cells or wires in module \ot_qwen_kvc_write_link_bridge..
Removed 5 unused cells and 29 unused wires.
<suppressed ~9 debug messages>

8.16.8. Executing OPT_EXPR pass (perform const folding).
Optimizing module ot_qwen_kvc_write_link_bridge.

8.16.9. Rerunning OPT passes. (Maybe there is more to do..)

8.16.10. Executing OPT_MUXTREE pass (detect dead branches in mux trees).
Running muxtree optimizer on module \ot_qwen_kvc_write_link_bridge..
  Creating internal representation of mux trees.
  Evaluating internal representation of mux trees.
  Analyzing evaluation results.
Removed 0 multiplexer ports.
<suppressed ~517 debug messages>

8.16.11. Executing OPT_REDUCE pass (consolidate $*mux and $reduce_* inputs).
  Optimizing cells in module \ot_qwen_kvc_write_link_bridge.
Performed a total of 0 changes.

8.16.12. Executing OPT_MERGE pass (detect identical cells).
Finding identical cells in module `\ot_qwen_kvc_write_link_bridge'.
Computing hashes of 613 cells of `\ot_qwen_kvc_write_link_bridge'.
Finding duplicate cells in `\ot_qwen_kvc_write_link_bridge'.
Removed a total of 0 cells.

8.16.13. Executing OPT_DFF pass (perform DFF optimizations).

8.16.14. Executing OPT_CLEAN pass (remove unused cells and wires).
Finding unused cells or wires in module \ot_qwen_kvc_write_link_bridge..

8.16.15. Executing OPT_EXPR pass (perform const folding).
Optimizing module ot_qwen_kvc_write_link_bridge.

8.16.16. Finished fast OPT passes. (There is nothing left to do.)

8.17. Executing MEMORY pass.

8.17.1. Executing OPT_MEM pass (optimize memories).
Performed a total of 0 transformations.

8.17.2. Executing OPT_MEM_PRIORITY pass (removing unnecessary memory write priority relations).
Performed a total of 0 transformations.

8.17.3. Executing OPT_MEM_FEEDBACK pass (finding memory read-to-write feedback paths).

8.17.4. Executing MEMORY_BMUX2ROM pass (converting muxes to ROMs).

8.17.5. Executing MEMORY_DFF pass (merging $dff cells to $memrd).

8.17.6. Executing OPT_CLEAN pass (remove unused cells and wires).
Finding unused cells or wires in module \ot_qwen_kvc_write_link_bridge..

8.17.7. Executing MEMORY_SHARE pass (consolidating $memrd/$memwr cells).

8.17.8. Executing OPT_MEM_WIDEN pass (optimize memories where all ports are wide).
Performed a total of 0 transformations.

8.17.9. Executing OPT_CLEAN pass (remove unused cells and wires).
Finding unused cells or wires in module \ot_qwen_kvc_write_link_bridge..

8.17.10. Executing MEMORY_COLLECT pass (generating $mem cells).

8.18. Executing OPT_CLEAN pass (remove unused cells and wires).
Finding unused cells or wires in module \ot_qwen_kvc_write_link_bridge..

8.19. Executing OPT pass (performing simple optimizations).

8.19.1. Executing OPT_EXPR pass (perform const folding).
Optimizing module ot_qwen_kvc_write_link_bridge.
<suppressed ~177 debug messages>

8.19.2. Executing OPT_MERGE pass (detect identical cells).
Finding identical cells in module `\ot_qwen_kvc_write_link_bridge'.
Computing hashes of 615 cells of `\ot_qwen_kvc_write_link_bridge'.
Finding duplicate cells in `\ot_qwen_kvc_write_link_bridge'.
Computing hashes of 614 cells of `\ot_qwen_kvc_write_link_bridge'.
Finding duplicate cells in `\ot_qwen_kvc_write_link_bridge'.
<suppressed ~3 debug messages>
Removed a total of 1 cells.

8.19.3. Executing OPT_DFF pass (perform DFF optimizations).

8.19.4. Executing OPT_CLEAN pass (remove unused cells and wires).
Finding unused cells or wires in module \ot_qwen_kvc_write_link_bridge..
Removed 2 unused cells and 50 unused wires.
<suppressed ~3 debug messages>

8.19.5. Finished fast OPT passes.

8.20. Executing MEMORY_MAP pass (converting memories to logic and flip-flops).

8.21. Executing OPT pass (performing simple optimizations).

8.21.1. Executing OPT_EXPR pass (perform const folding).
Optimizing module ot_qwen_kvc_write_link_bridge.

8.21.2. Executing OPT_MERGE pass (detect identical cells).
Finding identical cells in module `\ot_qwen_kvc_write_link_bridge'.
Computing hashes of 612 cells of `\ot_qwen_kvc_write_link_bridge'.
Finding duplicate cells in `\ot_qwen_kvc_write_link_bridge'.
Removed a total of 0 cells.

8.21.3. Executing OPT_MUXTREE pass (detect dead branches in mux trees).
Running muxtree optimizer on module \ot_qwen_kvc_write_link_bridge..
  Creating internal representation of mux trees.
  Evaluating internal representation of mux trees.
  Analyzing evaluation results.
Removed 0 multiplexer ports.
<suppressed ~474 debug messages>

8.21.4. Executing OPT_REDUCE pass (consolidate $*mux and $reduce_* inputs).
  Optimizing cells in module \ot_qwen_kvc_write_link_bridge.
    Consolidated identical input bits for $pmux cell $flatten\transport.\txq.$procmux$1771:
      Old ports: A={ 8'00010001 \transport.txq.mem[0] [501:494] 7'0000000 \transport.txq.mem[0] [486:182] 150'000000000000000000000000000000000000000000000000000000000000000000000000000000000000000000000000000000000000000000000000000000000000000000000000000000 \transport.txq.mem[0] [31:0] }, B={ 8'00010001 \transport.txq.mem[1] [501:494] 7'0000000 \transport.txq.mem[1] [486:182] 150'000000000000000000000000000000000000000000000000000000000000000000000000000000000000000000000000000000000000000000000000000000000000000000000000000000 \transport.txq.mem[1] [31:0] 8'00010001 \transport.txq.mem[2] [501:494] 7'0000000 \transport.txq.mem[2] [486:182] 150'000000000000000000000000000000000000000000000000000000000000000000000000000000000000000000000000000000000000000000000000000000000000000000000000000000 \transport.txq.mem[2] [31:0] 8'00010001 \transport.txq.mem[3] [501:494] 7'0000000 \transport.txq.mem[3] [486:182] 150'000000000000000000000000000000000000000000000000000000000000000000000000000000000000000000000000000000000000000000000000000000000000000000000000000000 \transport.txq.mem[3] [31:0] 8'00010001 \transport.txq.mem[4] [501:494] 7'0000000 \transport.txq.mem[4] [486:182] 150'000000000000000000000000000000000000000000000000000000000000000000000000000000000000000000000000000000000000000000000000000000000000000000000000000000 \transport.txq.mem[4] [31:0] 8'00010001 \transport.txq.mem[5] [501:494] 7'0000000 \transport.txq.mem[5] [486:182] 150'000000000000000000000000000000000000000000000000000000000000000000000000000000000000000000000000000000000000000000000000000000000000000000000000000000 \transport.txq.mem[5] [31:0] 8'00010001 \transport.txq.mem[6] [501:494] 7'0000000 \transport.txq.mem[6] [486:182] 150'000000000000000000000000000000000000000000000000000000000000000000000000000000000000000000000000000000000000000000000000000000000000000000000000000000 \transport.txq.mem[6] [31:0] 8'00010001 \transport.txq.mem[7] [501:494] 7'0000000 \transport.txq.mem[7] [486:182] 150'000000000000000000000000000000000000000000000000000000000000000000000000000000000000000000000000000000000000000000000000000000000000000000000000000000 \transport.txq.mem[7] [31:0] 8'00010001 \transport.txq.mem[8] [501:494] 7'0000000 \transport.txq.mem[8] [486:182] 150'000000000000000000000000000000000000000000000000000000000000000000000000000000000000000000000000000000000000000000000000000000000000000000000000000000 \transport.txq.mem[8] [31:0] 8'00010001 \transport.txq.mem[9] [501:494] 7'0000000 \transport.txq.mem[9] [486:182] 150'000000000000000000000000000000000000000000000000000000000000000000000000000000000000000000000000000000000000000000000000000000000000000000000000000000 \transport.txq.mem[9] [31:0] 8'00010001 \transport.txq.mem[10] [501:494] 7'0000000 \transport.txq.mem[10] [486:182] 150'000000000000000000000000000000000000000000000000000000000000000000000000000000000000000000000000000000000000000000000000000000000000000000000000000000 \transport.txq.mem[10] [31:0] 8'00010001 \transport.txq.mem[11] [501:494] 7'0000000 \transport.txq.mem[11] [486:182] 150'000000000000000000000000000000000000000000000000000000000000000000000000000000000000000000000000000000000000000000000000000000000000000000000000000000 \transport.txq.mem[11] [31:0] 8'00010001 \transport.txq.mem[12] [501:494] 7'0000000 \transport.txq.mem[12] [486:182] 150'000000000000000000000000000000000000000000000000000000000000000000000000000000000000000000000000000000000000000000000000000000000000000000000000000000 \transport.txq.mem[12] [31:0] 8'00010001 \transport.txq.mem[13] [501:494] 7'0000000 \transport.txq.mem[13] [486:182] 150'000000000000000000000000000000000000000000000000000000000000000000000000000000000000000000000000000000000000000000000000000000000000000000000000000000 \transport.txq.mem[13] [31:0] 8'00010001 \transport.txq.mem[14] [501:494] 7'0000000 \transport.txq.mem[14] [486:182] 150'000000000000000000000000000000000000000000000000000000000000000000000000000000000000000000000000000000000000000000000000000000000000000000000000000000 \transport.txq.mem[14] [31:0] 8'00010001 \transport.txq.mem[15] [501:494] 7'0000000 \transport.txq.mem[15] [486:182] 150'000000000000000000000000000000000000000000000000000000000000000000000000000000000000000000000000000000000000000000000000000000000000000000000000000000 \transport.txq.mem[15] [31:0] }, Y=\transport.td
      New ports: A={ \transport.txq.mem[0] [501:494] \transport.txq.mem[0] [486:182] \transport.txq.mem[0] [31:0] }, B={ \transport.txq.mem[1] [501:494] \transport.txq.mem[1] [486:182] \transport.txq.mem[1] [31:0] \transport.txq.mem[2] [501:494] \transport.txq.mem[2] [486:182] \transport.txq.mem[2] [31:0] \transport.txq.mem[3] [501:494] \transport.txq.mem[3] [486:182] \transport.txq.mem[3] [31:0] \transport.txq.mem[4] [501:494] \transport.txq.mem[4] [486:182] \transport.txq.mem[4] [31:0] \transport.txq.mem[5] [501:494] \transport.txq.mem[5] [486:182] \transport.txq.mem[5] [31:0] \transport.txq.mem[6] [501:494] \transport.txq.mem[6] [486:182] \transport.txq.mem[6] [31:0] \transport.txq.mem[7] [501:494] \transport.txq.mem[7] [486:182] \transport.txq.mem[7] [31:0] \transport.txq.mem[8] [501:494] \transport.txq.mem[8] [486:182] \transport.txq.mem[8] [31:0] \transport.txq.mem[9] [501:494] \transport.txq.mem[9] [486:182] \transport.txq.mem[9] [31:0] \transport.txq.mem[10] [501:494] \transport.txq.mem[10] [486:182] \transport.txq.mem[10] [31:0] \transport.txq.mem[11] [501:494] \transport.txq.mem[11] [486:182] \transport.txq.mem[11] [31:0] \transport.txq.mem[12] [501:494] \transport.txq.mem[12] [486:182] \transport.txq.mem[12] [31:0] \transport.txq.mem[13] [501:494] \transport.txq.mem[13] [486:182] \transport.txq.mem[13] [31:0] \transport.txq.mem[14] [501:494] \transport.txq.mem[14] [486:182] \transport.txq.mem[14] [31:0] \transport.txq.mem[15] [501:494] \transport.txq.mem[15] [486:182] \transport.txq.mem[15] [31:0] }, Y={ \transport.td [501:494] \transport.td [486:182] \transport.td [31:0] }
      New connections: { \transport.td [509:502] \transport.td [493:487] \transport.td [181:32] } = 165'000100010000000000000000000000000000000000000000000000000000000000000000000000000000000000000000000000000000000000000000000000000000000000000000000000000000000000000
    Consolidated identical input bits for $mux cell $procmux$1315:
      Old ports: A=0, B=32'11111111111111111111111111111111, Y=$1\free_slot[31:0]
      New ports: A=1'0, B=1'1, Y=$1\free_slot[31:0] [0]
      New connections: $1\free_slot[31:0] [31:1] = { $1\free_slot[31:0] [0] $1\free_slot[31:0] [0] $1\free_slot[31:0] [0] $1\free_slot[31:0] [0] $1\free_slot[31:0] [0] $1\free_slot[31:0] [0] $1\free_slot[31:0] [0] $1\free_slot[31:0] [0] $1\free_slot[31:0] [0] $1\free_slot[31:0] [0] $1\free_slot[31:0] [0] $1\free_slot[31:0] [0] $1\free_slot[31:0] [0] $1\free_slot[31:0] [0] $1\free_slot[31:0] [0] $1\free_slot[31:0] [0] $1\free_slot[31:0] [0] $1\free_slot[31:0] [0] $1\free_slot[31:0] [0] $1\free_slot[31:0] [0] $1\free_slot[31:0] [0] $1\free_slot[31:0] [0] $1\free_slot[31:0] [0] $1\free_slot[31:0] [0] $1\free_slot[31:0] [0] $1\free_slot[31:0] [0] $1\free_slot[31:0] [0] $1\free_slot[31:0] [0] $1\free_slot[31:0] [0] $1\free_slot[31:0] [0] $1\free_slot[31:0] [0] }
    Consolidated identical input bits for $mux cell $procmux$1301:
      Old ports: A=32'11111111111111111111111111111111, B=0, Y=$2\match_slot[31:0]
      New ports: A=1'1, B=1'0, Y=$2\match_slot[31:0] [0]
      New connections: $2\match_slot[31:0] [31:1] = { $2\match_slot[31:0] [0] $2\match_slot[31:0] [0] $2\match_slot[31:0] [0] $2\match_slot[31:0] [0] $2\match_slot[31:0] [0] $2\match_slot[31:0] [0] $2\match_slot[31:0] [0] $2\match_slot[31:0] [0] $2\match_slot[31:0] [0] $2\match_slot[31:0] [0] $2\match_slot[31:0] [0] $2\match_slot[31:0] [0] $2\match_slot[31:0] [0] $2\match_slot[31:0] [0] $2\match_slot[31:0] [0] $2\match_slot[31:0] [0] $2\match_slot[31:0] [0] $2\match_slot[31:0] [0] $2\match_slot[31:0] [0] $2\match_slot[31:0] [0] $2\match_slot[31:0] [0] $2\match_slot[31:0] [0] $2\match_slot[31:0] [0] $2\match_slot[31:0] [0] $2\match_slot[31:0] [0] $2\match_slot[31:0] [0] $2\match_slot[31:0] [0] $2\match_slot[31:0] [0] $2\match_slot[31:0] [0] $2\match_slot[31:0] [0] $2\match_slot[31:0] [0] }
    Consolidated identical input bits for $mux cell $procmux$1289:
      Old ports: A=32'11111111111111111111111111111111, B=0, Y=$2\tag_slot[31:0]
      New ports: A=1'1, B=1'0, Y=$2\tag_slot[31:0] [0]
      New connections: $2\tag_slot[31:0] [31:1] = { $2\tag_slot[31:0] [0] $2\tag_slot[31:0] [0] $2\tag_slot[31:0] [0] $2\tag_slot[31:0] [0] $2\tag_slot[31:0] [0] $2\tag_slot[31:0] [0] $2\tag_slot[31:0] [0] $2\tag_slot[31:0] [0] $2\tag_slot[31:0] [0] $2\tag_slot[31:0] [0] $2\tag_slot[31:0] [0] $2\tag_slot[31:0] [0] $2\tag_slot[31:0] [0] $2\tag_slot[31:0] [0] $2\tag_slot[31:0] [0] $2\tag_slot[31:0] [0] $2\tag_slot[31:0] [0] $2\tag_slot[31:0] [0] $2\tag_slot[31:0] [0] $2\tag_slot[31:0] [0] $2\tag_slot[31:0] [0] $2\tag_slot[31:0] [0] $2\tag_slot[31:0] [0] $2\tag_slot[31:0] [0] $2\tag_slot[31:0] [0] $2\tag_slot[31:0] [0] $2\tag_slot[31:0] [0] $2\tag_slot[31:0] [0] $2\tag_slot[31:0] [0] $2\tag_slot[31:0] [0] $2\tag_slot[31:0] [0] }
    Consolidated identical input bits for $mux cell $procmux$1276:
      Old ports: A={ 31'0000000000000000000000000000000 \live [0] }, B={ 30'000000000000000000000000000000 $add$/tmp/qwen-write-bridge-20261007/rtl/physical/ot_qwen_kvc_write_link_bridge.sv:35$402_Y [1:0] }, Y=$2\count[31:0]
      New ports: A={ 1'0 \live [0] }, B=$add$/tmp/qwen-write-bridge-20261007/rtl/physical/ot_qwen_kvc_write_link_bridge.sv:35$402_Y [1:0], Y=$2\count[31:0] [1:0]
      New connections: $2\count[31:0] [31:2] = 30'000000000000000000000000000000
  Optimizing cells in module \ot_qwen_kvc_write_link_bridge.
    Consolidated identical input bits for $mux cell $procmux$1309:
      Old ports: A=32'11111111111111111111111111111111, B=$2\match_slot[31:0], Y=$1\match_slot[31:0]
      New ports: A=1'1, B=$2\match_slot[31:0] [0], Y=$1\match_slot[31:0] [0]
      New connections: $1\match_slot[31:0] [31:1] = { $1\match_slot[31:0] [0] $1\match_slot[31:0] [0] $1\match_slot[31:0] [0] $1\match_slot[31:0] [0] $1\match_slot[31:0] [0] $1\match_slot[31:0] [0] $1\match_slot[31:0] [0] $1\match_slot[31:0] [0] $1\match_slot[31:0] [0] $1\match_slot[31:0] [0] $1\match_slot[31:0] [0] $1\match_slot[31:0] [0] $1\match_slot[31:0] [0] $1\match_slot[31:0] [0] $1\match_slot[31:0] [0] $1\match_slot[31:0] [0] $1\match_slot[31:0] [0] $1\match_slot[31:0] [0] $1\match_slot[31:0] [0] $1\match_slot[31:0] [0] $1\match_slot[31:0] [0] $1\match_slot[31:0] [0] $1\match_slot[31:0] [0] $1\match_slot[31:0] [0] $1\match_slot[31:0] [0] $1\match_slot[31:0] [0] $1\match_slot[31:0] [0] $1\match_slot[31:0] [0] $1\match_slot[31:0] [0] $1\match_slot[31:0] [0] $1\match_slot[31:0] [0] }
    Consolidated identical input bits for $mux cell $procmux$1306:
      Old ports: A=32'11111111111111111111111111111111, B=$2\tag_slot[31:0], Y=$1\tag_slot[31:0]
      New ports: A=1'1, B=$2\tag_slot[31:0] [0], Y=$1\tag_slot[31:0] [0]
      New connections: $1\tag_slot[31:0] [31:1] = { $1\tag_slot[31:0] [0] $1\tag_slot[31:0] [0] $1\tag_slot[31:0] [0] $1\tag_slot[31:0] [0] $1\tag_slot[31:0] [0] $1\tag_slot[31:0] [0] $1\tag_slot[31:0] [0] $1\tag_slot[31:0] [0] $1\tag_slot[31:0] [0] $1\tag_slot[31:0] [0] $1\tag_slot[31:0] [0] $1\tag_slot[31:0] [0] $1\tag_slot[31:0] [0] $1\tag_slot[31:0] [0] $1\tag_slot[31:0] [0] $1\tag_slot[31:0] [0] $1\tag_slot[31:0] [0] $1\tag_slot[31:0] [0] $1\tag_slot[31:0] [0] $1\tag_slot[31:0] [0] $1\tag_slot[31:0] [0] $1\tag_slot[31:0] [0] $1\tag_slot[31:0] [0] $1\tag_slot[31:0] [0] $1\tag_slot[31:0] [0] $1\tag_slot[31:0] [0] $1\tag_slot[31:0] [0] $1\tag_slot[31:0] [0] $1\tag_slot[31:0] [0] $1\tag_slot[31:0] [0] $1\tag_slot[31:0] [0] }
    Consolidated identical input bits for $mux cell $procmux$1246:
      Old ports: A=$1\free_slot[31:0], B=1, Y=$4\free_slot[31:0]
      New ports: A={ $1\free_slot[31:0] [0] $1\free_slot[31:0] [0] }, B=2'01, Y=$4\free_slot[31:0] [1:0]
      New connections: $4\free_slot[31:0] [31:2] = { $4\free_slot[31:0] [1] $4\free_slot[31:0] [1] $4\free_slot[31:0] [1] $4\free_slot[31:0] [1] $4\free_slot[31:0] [1] $4\free_slot[31:0] [1] $4\free_slot[31:0] [1] $4\free_slot[31:0] [1] $4\free_slot[31:0] [1] $4\free_slot[31:0] [1] $4\free_slot[31:0] [1] $4\free_slot[31:0] [1] $4\free_slot[31:0] [1] $4\free_slot[31:0] [1] $4\free_slot[31:0] [1] $4\free_slot[31:0] [1] $4\free_slot[31:0] [1] $4\free_slot[31:0] [1] $4\free_slot[31:0] [1] $4\free_slot[31:0] [1] $4\free_slot[31:0] [1] $4\free_slot[31:0] [1] $4\free_slot[31:0] [1] $4\free_slot[31:0] [1] $4\free_slot[31:0] [1] $4\free_slot[31:0] [1] $4\free_slot[31:0] [1] $4\free_slot[31:0] [1] $4\free_slot[31:0] [1] $4\free_slot[31:0] [1] }
  Optimizing cells in module \ot_qwen_kvc_write_link_bridge.
    Consolidated identical input bits for $mux cell $procmux$1279:
      Old ports: A=$4\free_slot[31:0], B=$1\free_slot[31:0], Y=$3\free_slot[31:0]
      New ports: A=$4\free_slot[31:0] [1:0], B={ $1\free_slot[31:0] [0] $1\free_slot[31:0] [0] }, Y=$3\free_slot[31:0] [1:0]
      New connections: $3\free_slot[31:0] [31:2] = { $3\free_slot[31:0] [1] $3\free_slot[31:0] [1] $3\free_slot[31:0] [1] $3\free_slot[31:0] [1] $3\free_slot[31:0] [1] $3\free_slot[31:0] [1] $3\free_slot[31:0] [1] $3\free_slot[31:0] [1] $3\free_slot[31:0] [1] $3\free_slot[31:0] [1] $3\free_slot[31:0] [1] $3\free_slot[31:0] [1] $3\free_slot[31:0] [1] $3\free_slot[31:0] [1] $3\free_slot[31:0] [1] $3\free_slot[31:0] [1] $3\free_slot[31:0] [1] $3\free_slot[31:0] [1] $3\free_slot[31:0] [1] $3\free_slot[31:0] [1] $3\free_slot[31:0] [1] $3\free_slot[31:0] [1] $3\free_slot[31:0] [1] $3\free_slot[31:0] [1] $3\free_slot[31:0] [1] $3\free_slot[31:0] [1] $3\free_slot[31:0] [1] $3\free_slot[31:0] [1] $3\free_slot[31:0] [1] $3\free_slot[31:0] [1] }
    Consolidated identical input bits for $mux cell $procmux$1265:
      Old ports: A=$1\match_slot[31:0], B=1, Y=$5\match_slot[31:0]
      New ports: A={ $1\match_slot[31:0] [0] $1\match_slot[31:0] [0] }, B=2'01, Y=$5\match_slot[31:0] [1:0]
      New connections: $5\match_slot[31:0] [31:2] = { $5\match_slot[31:0] [1] $5\match_slot[31:0] [1] $5\match_slot[31:0] [1] $5\match_slot[31:0] [1] $5\match_slot[31:0] [1] $5\match_slot[31:0] [1] $5\match_slot[31:0] [1] $5\match_slot[31:0] [1] $5\match_slot[31:0] [1] $5\match_slot[31:0] [1] $5\match_slot[31:0] [1] $5\match_slot[31:0] [1] $5\match_slot[31:0] [1] $5\match_slot[31:0] [1] $5\match_slot[31:0] [1] $5\match_slot[31:0] [1] $5\match_slot[31:0] [1] $5\match_slot[31:0] [1] $5\match_slot[31:0] [1] $5\match_slot[31:0] [1] $5\match_slot[31:0] [1] $5\match_slot[31:0] [1] $5\match_slot[31:0] [1] $5\match_slot[31:0] [1] $5\match_slot[31:0] [1] $5\match_slot[31:0] [1] $5\match_slot[31:0] [1] $5\match_slot[31:0] [1] $5\match_slot[31:0] [1] $5\match_slot[31:0] [1] }
    Consolidated identical input bits for $mux cell $procmux$1253:
      Old ports: A=$1\tag_slot[31:0], B=1, Y=$4\tag_slot[31:0]
      New ports: A={ $1\tag_slot[31:0] [0] $1\tag_slot[31:0] [0] }, B=2'01, Y=$4\tag_slot[31:0] [1:0]
      New connections: $4\tag_slot[31:0] [31:2] = { $4\tag_slot[31:0] [1] $4\tag_slot[31:0] [1] $4\tag_slot[31:0] [1] $4\tag_slot[31:0] [1] $4\tag_slot[31:0] [1] $4\tag_slot[31:0] [1] $4\tag_slot[31:0] [1] $4\tag_slot[31:0] [1] $4\tag_slot[31:0] [1] $4\tag_slot[31:0] [1] $4\tag_slot[31:0] [1] $4\tag_slot[31:0] [1] $4\tag_slot[31:0] [1] $4\tag_slot[31:0] [1] $4\tag_slot[31:0] [1] $4\tag_slot[31:0] [1] $4\tag_slot[31:0] [1] $4\tag_slot[31:0] [1] $4\tag_slot[31:0] [1] $4\tag_slot[31:0] [1] $4\tag_slot[31:0] [1] $4\tag_slot[31:0] [1] $4\tag_slot[31:0] [1] $4\tag_slot[31:0] [1] $4\tag_slot[31:0] [1] $4\tag_slot[31:0] [1] $4\tag_slot[31:0] [1] $4\tag_slot[31:0] [1] $4\tag_slot[31:0] [1] $4\tag_slot[31:0] [1] }
  Optimizing cells in module \ot_qwen_kvc_write_link_bridge.
    Consolidated identical input bits for $mux cell $procmux$1273:
      Old ports: A=$1\match_slot[31:0], B=$5\match_slot[31:0], Y=$4\match_slot[31:0]
      New ports: A={ $1\match_slot[31:0] [0] $1\match_slot[31:0] [0] }, B=$5\match_slot[31:0] [1:0], Y=$4\match_slot[31:0] [1:0]
      New connections: $4\match_slot[31:0] [31:2] = { $4\match_slot[31:0] [1] $4\match_slot[31:0] [1] $4\match_slot[31:0] [1] $4\match_slot[31:0] [1] $4\match_slot[31:0] [1] $4\match_slot[31:0] [1] $4\match_slot[31:0] [1] $4\match_slot[31:0] [1] $4\match_slot[31:0] [1] $4\match_slot[31:0] [1] $4\match_slot[31:0] [1] $4\match_slot[31:0] [1] $4\match_slot[31:0] [1] $4\match_slot[31:0] [1] $4\match_slot[31:0] [1] $4\match_slot[31:0] [1] $4\match_slot[31:0] [1] $4\match_slot[31:0] [1] $4\match_slot[31:0] [1] $4\match_slot[31:0] [1] $4\match_slot[31:0] [1] $4\match_slot[31:0] [1] $4\match_slot[31:0] [1] $4\match_slot[31:0] [1] $4\match_slot[31:0] [1] $4\match_slot[31:0] [1] $4\match_slot[31:0] [1] $4\match_slot[31:0] [1] $4\match_slot[31:0] [1] $4\match_slot[31:0] [1] }
    Consolidated identical input bits for $mux cell $procmux$1270:
      Old ports: A=$1\tag_slot[31:0], B=$4\tag_slot[31:0], Y=$3\tag_slot[31:0]
      New ports: A={ $1\tag_slot[31:0] [0] $1\tag_slot[31:0] [0] }, B=$4\tag_slot[31:0] [1:0], Y=$3\tag_slot[31:0] [1:0]
      New connections: $3\tag_slot[31:0] [31:2] = { $3\tag_slot[31:0] [1] $3\tag_slot[31:0] [1] $3\tag_slot[31:0] [1] $3\tag_slot[31:0] [1] $3\tag_slot[31:0] [1] $3\tag_slot[31:0] [1] $3\tag_slot[31:0] [1] $3\tag_slot[31:0] [1] $3\tag_slot[31:0] [1] $3\tag_slot[31:0] [1] $3\tag_slot[31:0] [1] $3\tag_slot[31:0] [1] $3\tag_slot[31:0] [1] $3\tag_slot[31:0] [1] $3\tag_slot[31:0] [1] $3\tag_slot[31:0] [1] $3\tag_slot[31:0] [1] $3\tag_slot[31:0] [1] $3\tag_slot[31:0] [1] $3\tag_slot[31:0] [1] $3\tag_slot[31:0] [1] $3\tag_slot[31:0] [1] $3\tag_slot[31:0] [1] $3\tag_slot[31:0] [1] $3\tag_slot[31:0] [1] $3\tag_slot[31:0] [1] $3\tag_slot[31:0] [1] $3\tag_slot[31:0] [1] $3\tag_slot[31:0] [1] $3\tag_slot[31:0] [1] }
    Consolidated identical input bits for $mux cell $procmux$1210:
      Old ports: A=$3\free_slot[31:0], B=2, Y=$6\free_slot[31:0]
      New ports: A={ $3\free_slot[31:0] [1] $3\free_slot[31:0] [1:0] }, B=3'010, Y=$6\free_slot[31:0] [2:0]
      New connections: $6\free_slot[31:0] [31:3] = { $6\free_slot[31:0] [2] $6\free_slot[31:0] [2] $6\free_slot[31:0] [2] $6\free_slot[31:0] [2] $6\free_slot[31:0] [2] $6\free_slot[31:0] [2] $6\free_slot[31:0] [2] $6\free_slot[31:0] [2] $6\free_slot[31:0] [2] $6\free_slot[31:0] [2] $6\free_slot[31:0] [2] $6\free_slot[31:0] [2] $6\free_slot[31:0] [2] $6\free_slot[31:0] [2] $6\free_slot[31:0] [2] $6\free_slot[31:0] [2] $6\free_slot[31:0] [2] $6\free_slot[31:0] [2] $6\free_slot[31:0] [2] $6\free_slot[31:0] [2] $6\free_slot[31:0] [2] $6\free_slot[31:0] [2] $6\free_slot[31:0] [2] $6\free_slot[31:0] [2] $6\free_slot[31:0] [2] $6\free_slot[31:0] [2] $6\free_slot[31:0] [2] $6\free_slot[31:0] [2] $6\free_slot[31:0] [2] }
  Optimizing cells in module \ot_qwen_kvc_write_link_bridge.
    Consolidated identical input bits for $mux cell $procmux$1243:
      Old ports: A=$6\free_slot[31:0], B=$3\free_slot[31:0], Y=$5\free_slot[31:0]
      New ports: A=$6\free_slot[31:0] [2:0], B={ $3\free_slot[31:0] [1] $3\free_slot[31:0] [1:0] }, Y=$5\free_slot[31:0] [2:0]
      New connections: $5\free_slot[31:0] [31:3] = { $5\free_slot[31:0] [2] $5\free_slot[31:0] [2] $5\free_slot[31:0] [2] $5\free_slot[31:0] [2] $5\free_slot[31:0] [2] $5\free_slot[31:0] [2] $5\free_slot[31:0] [2] $5\free_slot[31:0] [2] $5\free_slot[31:0] [2] $5\free_slot[31:0] [2] $5\free_slot[31:0] [2] $5\free_slot[31:0] [2] $5\free_slot[31:0] [2] $5\free_slot[31:0] [2] $5\free_slot[31:0] [2] $5\free_slot[31:0] [2] $5\free_slot[31:0] [2] $5\free_slot[31:0] [2] $5\free_slot[31:0] [2] $5\free_slot[31:0] [2] $5\free_slot[31:0] [2] $5\free_slot[31:0] [2] $5\free_slot[31:0] [2] $5\free_slot[31:0] [2] $5\free_slot[31:0] [2] $5\free_slot[31:0] [2] $5\free_slot[31:0] [2] $5\free_slot[31:0] [2] $5\free_slot[31:0] [2] }
    Consolidated identical input bits for $mux cell $procmux$1229:
      Old ports: A=$4\match_slot[31:0], B=2, Y=$8\match_slot[31:0]
      New ports: A={ $4\match_slot[31:0] [1] $4\match_slot[31:0] [1:0] }, B=3'010, Y=$8\match_slot[31:0] [2:0]
      New connections: $8\match_slot[31:0] [31:3] = { $8\match_slot[31:0] [2] $8\match_slot[31:0] [2] $8\match_slot[31:0] [2] $8\match_slot[31:0] [2] $8\match_slot[31:0] [2] $8\match_slot[31:0] [2] $8\match_slot[31:0] [2] $8\match_slot[31:0] [2] $8\match_slot[31:0] [2] $8\match_slot[31:0] [2] $8\match_slot[31:0] [2] $8\match_slot[31:0] [2] $8\match_slot[31:0] [2] $8\match_slot[31:0] [2] $8\match_slot[31:0] [2] $8\match_slot[31:0] [2] $8\match_slot[31:0] [2] $8\match_slot[31:0] [2] $8\match_slot[31:0] [2] $8\match_slot[31:0] [2] $8\match_slot[31:0] [2] $8\match_slot[31:0] [2] $8\match_slot[31:0] [2] $8\match_slot[31:0] [2] $8\match_slot[31:0] [2] $8\match_slot[31:0] [2] $8\match_slot[31:0] [2] $8\match_slot[31:0] [2] $8\match_slot[31:0] [2] }
    Consolidated identical input bits for $mux cell $procmux$1217:
      Old ports: A=$3\tag_slot[31:0], B=2, Y=$6\tag_slot[31:0]
      New ports: A={ $3\tag_slot[31:0] [1] $3\tag_slot[31:0] [1:0] }, B=3'010, Y=$6\tag_slot[31:0] [2:0]
      New connections: $6\tag_slot[31:0] [31:3] = { $6\tag_slot[31:0] [2] $6\tag_slot[31:0] [2] $6\tag_slot[31:0] [2] $6\tag_slot[31:0] [2] $6\tag_slot[31:0] [2] $6\tag_slot[31:0] [2] $6\tag_slot[31:0] [2] $6\tag_slot[31:0] [2] $6\tag_slot[31:0] [2] $6\tag_slot[31:0] [2] $6\tag_slot[31:0] [2] $6\tag_slot[31:0] [2] $6\tag_slot[31:0] [2] $6\tag_slot[31:0] [2] $6\tag_slot[31:0] [2] $6\tag_slot[31:0] [2] $6\tag_slot[31:0] [2] $6\tag_slot[31:0] [2] $6\tag_slot[31:0] [2] $6\tag_slot[31:0] [2] $6\tag_slot[31:0] [2] $6\tag_slot[31:0] [2] $6\tag_slot[31:0] [2] $6\tag_slot[31:0] [2] $6\tag_slot[31:0] [2] $6\tag_slot[31:0] [2] $6\tag_slot[31:0] [2] $6\tag_slot[31:0] [2] $6\tag_slot[31:0] [2] }
  Optimizing cells in module \ot_qwen_kvc_write_link_bridge.
    Consolidated identical input bits for $mux cell $procmux$1237:
      Old ports: A=$4\match_slot[31:0], B=$8\match_slot[31:0], Y=$7\match_slot[31:0]
      New ports: A={ $4\match_slot[31:0] [1] $4\match_slot[31:0] [1:0] }, B=$8\match_slot[31:0] [2:0], Y=$7\match_slot[31:0] [2:0]
      New connections: $7\match_slot[31:0] [31:3] = { $7\match_slot[31:0] [2] $7\match_slot[31:0] [2] $7\match_slot[31:0] [2] $7\match_slot[31:0] [2] $7\match_slot[31:0] [2] $7\match_slot[31:0] [2] $7\match_slot[31:0] [2] $7\match_slot[31:0] [2] $7\match_slot[31:0] [2] $7\match_slot[31:0] [2] $7\match_slot[31:0] [2] $7\match_slot[31:0] [2] $7\match_slot[31:0] [2] $7\match_slot[31:0] [2] $7\match_slot[31:0] [2] $7\match_slot[31:0] [2] $7\match_slot[31:0] [2] $7\match_slot[31:0] [2] $7\match_slot[31:0] [2] $7\match_slot[31:0] [2] $7\match_slot[31:0] [2] $7\match_slot[31:0] [2] $7\match_slot[31:0] [2] $7\match_slot[31:0] [2] $7\match_slot[31:0] [2] $7\match_slot[31:0] [2] $7\match_slot[31:0] [2] $7\match_slot[31:0] [2] $7\match_slot[31:0] [2] }
    Consolidated identical input bits for $mux cell $procmux$1234:
      Old ports: A=$3\tag_slot[31:0], B=$6\tag_slot[31:0], Y=$5\tag_slot[31:0]
      New ports: A={ $3\tag_slot[31:0] [1] $3\tag_slot[31:0] [1:0] }, B=$6\tag_slot[31:0] [2:0], Y=$5\tag_slot[31:0] [2:0]
      New connections: $5\tag_slot[31:0] [31:3] = { $5\tag_slot[31:0] [2] $5\tag_slot[31:0] [2] $5\tag_slot[31:0] [2] $5\tag_slot[31:0] [2] $5\tag_slot[31:0] [2] $5\tag_slot[31:0] [2] $5\tag_slot[31:0] [2] $5\tag_slot[31:0] [2] $5\tag_slot[31:0] [2] $5\tag_slot[31:0] [2] $5\tag_slot[31:0] [2] $5\tag_slot[31:0] [2] $5\tag_slot[31:0] [2] $5\tag_slot[31:0] [2] $5\tag_slot[31:0] [2] $5\tag_slot[31:0] [2] $5\tag_slot[31:0] [2] $5\tag_slot[31:0] [2] $5\tag_slot[31:0] [2] $5\tag_slot[31:0] [2] $5\tag_slot[31:0] [2] $5\tag_slot[31:0] [2] $5\tag_slot[31:0] [2] $5\tag_slot[31:0] [2] $5\tag_slot[31:0] [2] $5\tag_slot[31:0] [2] $5\tag_slot[31:0] [2] $5\tag_slot[31:0] [2] $5\tag_slot[31:0] [2] }
    Consolidated identical input bits for $mux cell $procmux$1174:
      Old ports: A=$5\free_slot[31:0], B=3, Y=$8\free_slot[31:0]
      New ports: A=$5\free_slot[31:0] [2:0], B=3'011, Y=$8\free_slot[31:0] [2:0]
      New connections: $8\free_slot[31:0] [31:3] = { $8\free_slot[31:0] [2] $8\free_slot[31:0] [2] $8\free_slot[31:0] [2] $8\free_slot[31:0] [2] $8\free_slot[31:0] [2] $8\free_slot[31:0] [2] $8\free_slot[31:0] [2] $8\free_slot[31:0] [2] $8\free_slot[31:0] [2] $8\free_slot[31:0] [2] $8\free_slot[31:0] [2] $8\free_slot[31:0] [2] $8\free_slot[31:0] [2] $8\free_slot[31:0] [2] $8\free_slot[31:0] [2] $8\free_slot[31:0] [2] $8\free_slot[31:0] [2] $8\free_slot[31:0] [2] $8\free_slot[31:0] [2] $8\free_slot[31:0] [2] $8\free_slot[31:0] [2] $8\free_slot[31:0] [2] $8\free_slot[31:0] [2] $8\free_slot[31:0] [2] $8\free_slot[31:0] [2] $8\free_slot[31:0] [2] $8\free_slot[31:0] [2] $8\free_slot[31:0] [2] $8\free_slot[31:0] [2] }
  Optimizing cells in module \ot_qwen_kvc_write_link_bridge.
    Consolidated identical input bits for $mux cell $procmux$1207:
      Old ports: A=$8\free_slot[31:0], B=$5\free_slot[31:0], Y=$7\free_slot[31:0]
      New ports: A=$8\free_slot[31:0] [2:0], B=$5\free_slot[31:0] [2:0], Y=$7\free_slot[31:0] [2:0]
      New connections: $7\free_slot[31:0] [31:3] = { $7\free_slot[31:0] [2] $7\free_slot[31:0] [2] $7\free_slot[31:0] [2] $7\free_slot[31:0] [2] $7\free_slot[31:0] [2] $7\free_slot[31:0] [2] $7\free_slot[31:0] [2] $7\free_slot[31:0] [2] $7\free_slot[31:0] [2] $7\free_slot[31:0] [2] $7\free_slot[31:0] [2] $7\free_slot[31:0] [2] $7\free_slot[31:0] [2] $7\free_slot[31:0] [2] $7\free_slot[31:0] [2] $7\free_slot[31:0] [2] $7\free_slot[31:0] [2] $7\free_slot[31:0] [2] $7\free_slot[31:0] [2] $7\free_slot[31:0] [2] $7\free_slot[31:0] [2] $7\free_slot[31:0] [2] $7\free_slot[31:0] [2] $7\free_slot[31:0] [2] $7\free_slot[31:0] [2] $7\free_slot[31:0] [2] $7\free_slot[31:0] [2] $7\free_slot[31:0] [2] $7\free_slot[31:0] [2] }
    Consolidated identical input bits for $mux cell $procmux$1193:
      Old ports: A=$7\match_slot[31:0], B=3, Y=$11\match_slot[31:0]
      New ports: A=$7\match_slot[31:0] [2:0], B=3'011, Y=$11\match_slot[31:0] [2:0]
      New connections: $11\match_slot[31:0] [31:3] = { $11\match_slot[31:0] [2] $11\match_slot[31:0] [2] $11\match_slot[31:0] [2] $11\match_slot[31:0] [2] $11\match_slot[31:0] [2] $11\match_slot[31:0] [2] $11\match_slot[31:0] [2] $11\match_slot[31:0] [2] $11\match_slot[31:0] [2] $11\match_slot[31:0] [2] $11\match_slot[31:0] [2] $11\match_slot[31:0] [2] $11\match_slot[31:0] [2] $11\match_slot[31:0] [2] $11\match_slot[31:0] [2] $11\match_slot[31:0] [2] $11\match_slot[31:0] [2] $11\match_slot[31:0] [2] $11\match_slot[31:0] [2] $11\match_slot[31:0] [2] $11\match_slot[31:0] [2] $11\match_slot[31:0] [2] $11\match_slot[31:0] [2] $11\match_slot[31:0] [2] $11\match_slot[31:0] [2] $11\match_slot[31:0] [2] $11\match_slot[31:0] [2] $11\match_slot[31:0] [2] $11\match_slot[31:0] [2] }
    Consolidated identical input bits for $mux cell $procmux$1181:
      Old ports: A=$5\tag_slot[31:0], B=3, Y=$8\tag_slot[31:0]
      New ports: A=$5\tag_slot[31:0] [2:0], B=3'011, Y=$8\tag_slot[31:0] [2:0]
      New connections: $8\tag_slot[31:0] [31:3] = { $8\tag_slot[31:0] [2] $8\tag_slot[31:0] [2] $8\tag_slot[31:0] [2] $8\tag_slot[31:0] [2] $8\tag_slot[31:0] [2] $8\tag_slot[31:0] [2] $8\tag_slot[31:0] [2] $8\tag_slot[31:0] [2] $8\tag_slot[31:0] [2] $8\tag_slot[31:0] [2] $8\tag_slot[31:0] [2] $8\tag_slot[31:0] [2] $8\tag_slot[31:0] [2] $8\tag_slot[31:0] [2] $8\tag_slot[31:0] [2] $8\tag_slot[31:0] [2] $8\tag_slot[31:0] [2] $8\tag_slot[31:0] [2] $8\tag_slot[31:0] [2] $8\tag_slot[31:0] [2] $8\tag_slot[31:0] [2] $8\tag_slot[31:0] [2] $8\tag_slot[31:0] [2] $8\tag_slot[31:0] [2] $8\tag_slot[31:0] [2] $8\tag_slot[31:0] [2] $8\tag_slot[31:0] [2] $8\tag_slot[31:0] [2] $8\tag_slot[31:0] [2] }
  Optimizing cells in module \ot_qwen_kvc_write_link_bridge.
    Consolidated identical input bits for $mux cell $procmux$1201:
      Old ports: A=$7\match_slot[31:0], B=$11\match_slot[31:0], Y=$10\match_slot[31:0]
      New ports: A=$7\match_slot[31:0] [2:0], B=$11\match_slot[31:0] [2:0], Y=$10\match_slot[31:0] [2:0]
      New connections: $10\match_slot[31:0] [31:3] = { $10\match_slot[31:0] [2] $10\match_slot[31:0] [2] $10\match_slot[31:0] [2] $10\match_slot[31:0] [2] $10\match_slot[31:0] [2] $10\match_slot[31:0] [2] $10\match_slot[31:0] [2] $10\match_slot[31:0] [2] $10\match_slot[31:0] [2] $10\match_slot[31:0] [2] $10\match_slot[31:0] [2] $10\match_slot[31:0] [2] $10\match_slot[31:0] [2] $10\match_slot[31:0] [2] $10\match_slot[31:0] [2] $10\match_slot[31:0] [2] $10\match_slot[31:0] [2] $10\match_slot[31:0] [2] $10\match_slot[31:0] [2] $10\match_slot[31:0] [2] $10\match_slot[31:0] [2] $10\match_slot[31:0] [2] $10\match_slot[31:0] [2] $10\match_slot[31:0] [2] $10\match_slot[31:0] [2] $10\match_slot[31:0] [2] $10\match_slot[31:0] [2] $10\match_slot[31:0] [2] $10\match_slot[31:0] [2] }
    Consolidated identical input bits for $mux cell $procmux$1198:
      Old ports: A=$5\tag_slot[31:0], B=$8\tag_slot[31:0], Y=$7\tag_slot[31:0]
      New ports: A=$5\tag_slot[31:0] [2:0], B=$8\tag_slot[31:0] [2:0], Y=$7\tag_slot[31:0] [2:0]
      New connections: $7\tag_slot[31:0] [31:3] = { $7\tag_slot[31:0] [2] $7\tag_slot[31:0] [2] $7\tag_slot[31:0] [2] $7\tag_slot[31:0] [2] $7\tag_slot[31:0] [2] $7\tag_slot[31:0] [2] $7\tag_slot[31:0] [2] $7\tag_slot[31:0] [2] $7\tag_slot[31:0] [2] $7\tag_slot[31:0] [2] $7\tag_slot[31:0] [2] $7\tag_slot[31:0] [2] $7\tag_slot[31:0] [2] $7\tag_slot[31:0] [2] $7\tag_slot[31:0] [2] $7\tag_slot[31:0] [2] $7\tag_slot[31:0] [2] $7\tag_slot[31:0] [2] $7\tag_slot[31:0] [2] $7\tag_slot[31:0] [2] $7\tag_slot[31:0] [2] $7\tag_slot[31:0] [2] $7\tag_slot[31:0] [2] $7\tag_slot[31:0] [2] $7\tag_slot[31:0] [2] $7\tag_slot[31:0] [2] $7\tag_slot[31:0] [2] $7\tag_slot[31:0] [2] $7\tag_slot[31:0] [2] }
    Consolidated identical input bits for $mux cell $procmux$1138:
      Old ports: A=$7\free_slot[31:0], B=4, Y=$10\free_slot[31:0]
      New ports: A={ $7\free_slot[31:0] [2] $7\free_slot[31:0] [2:0] }, B=4'0100, Y=$10\free_slot[31:0] [3:0]
      New connections: $10\free_slot[31:0] [31:4] = { $10\free_slot[31:0] [3] $10\free_slot[31:0] [3] $10\free_slot[31:0] [3] $10\free_slot[31:0] [3] $10\free_slot[31:0] [3] $10\free_slot[31:0] [3] $10\free_slot[31:0] [3] $10\free_slot[31:0] [3] $10\free_slot[31:0] [3] $10\free_slot[31:0] [3] $10\free_slot[31:0] [3] $10\free_slot[31:0] [3] $10\free_slot[31:0] [3] $10\free_slot[31:0] [3] $10\free_slot[31:0] [3] $10\free_slot[31:0] [3] $10\free_slot[31:0] [3] $10\free_slot[31:0] [3] $10\free_slot[31:0] [3] $10\free_slot[31:0] [3] $10\free_slot[31:0] [3] $10\free_slot[31:0] [3] $10\free_slot[31:0] [3] $10\free_slot[31:0] [3] $10\free_slot[31:0] [3] $10\free_slot[31:0] [3] $10\free_slot[31:0] [3] $10\free_slot[31:0] [3] }
  Optimizing cells in module \ot_qwen_kvc_write_link_bridge.
    Consolidated identical input bits for $mux cell $procmux$1171:
      Old ports: A=$10\free_slot[31:0], B=$7\free_slot[31:0], Y=$9\free_slot[31:0]
      New ports: A=$10\free_slot[31:0] [3:0], B={ $7\free_slot[31:0] [2] $7\free_slot[31:0] [2:0] }, Y=$9\free_slot[31:0] [3:0]
      New connections: $9\free_slot[31:0] [31:4] = { $9\free_slot[31:0] [3] $9\free_slot[31:0] [3] $9\free_slot[31:0] [3] $9\free_slot[31:0] [3] $9\free_slot[31:0] [3] $9\free_slot[31:0] [3] $9\free_slot[31:0] [3] $9\free_slot[31:0] [3] $9\free_slot[31:0] [3] $9\free_slot[31:0] [3] $9\free_slot[31:0] [3] $9\free_slot[31:0] [3] $9\free_slot[31:0] [3] $9\free_slot[31:0] [3] $9\free_slot[31:0] [3] $9\free_slot[31:0] [3] $9\free_slot[31:0] [3] $9\free_slot[31:0] [3] $9\free_slot[31:0] [3] $9\free_slot[31:0] [3] $9\free_slot[31:0] [3] $9\free_slot[31:0] [3] $9\free_slot[31:0] [3] $9\free_slot[31:0] [3] $9\free_slot[31:0] [3] $9\free_slot[31:0] [3] $9\free_slot[31:0] [3] $9\free_slot[31:0] [3] }
    Consolidated identical input bits for $mux cell $procmux$1157:
      Old ports: A=$10\match_slot[31:0], B=4, Y=$14\match_slot[31:0]
      New ports: A={ $10\match_slot[31:0] [2] $10\match_slot[31:0] [2:0] }, B=4'0100, Y=$14\match_slot[31:0] [3:0]
      New connections: $14\match_slot[31:0] [31:4] = { $14\match_slot[31:0] [3] $14\match_slot[31:0] [3] $14\match_slot[31:0] [3] $14\match_slot[31:0] [3] $14\match_slot[31:0] [3] $14\match_slot[31:0] [3] $14\match_slot[31:0] [3] $14\match_slot[31:0] [3] $14\match_slot[31:0] [3] $14\match_slot[31:0] [3] $14\match_slot[31:0] [3] $14\match_slot[31:0] [3] $14\match_slot[31:0] [3] $14\match_slot[31:0] [3] $14\match_slot[31:0] [3] $14\match_slot[31:0] [3] $14\match_slot[31:0] [3] $14\match_slot[31:0] [3] $14\match_slot[31:0] [3] $14\match_slot[31:0] [3] $14\match_slot[31:0] [3] $14\match_slot[31:0] [3] $14\match_slot[31:0] [3] $14\match_slot[31:0] [3] $14\match_slot[31:0] [3] $14\match_slot[31:0] [3] $14\match_slot[31:0] [3] $14\match_slot[31:0] [3] }
    Consolidated identical input bits for $mux cell $procmux$1145:
      Old ports: A=$7\tag_slot[31:0], B=4, Y=$10\tag_slot[31:0]
      New ports: A={ $7\tag_slot[31:0] [2] $7\tag_slot[31:0] [2:0] }, B=4'0100, Y=$10\tag_slot[31:0] [3:0]
      New connections: $10\tag_slot[31:0] [31:4] = { $10\tag_slot[31:0] [3] $10\tag_slot[31:0] [3] $10\tag_slot[31:0] [3] $10\tag_slot[31:0] [3] $10\tag_slot[31:0] [3] $10\tag_slot[31:0] [3] $10\tag_slot[31:0] [3] $10\tag_slot[31:0] [3] $10\tag_slot[31:0] [3] $10\tag_slot[31:0] [3] $10\tag_slot[31:0] [3] $10\tag_slot[31:0] [3] $10\tag_slot[31:0] [3] $10\tag_slot[31:0] [3] $10\tag_slot[31:0] [3] $10\tag_slot[31:0] [3] $10\tag_slot[31:0] [3] $10\tag_slot[31:0] [3] $10\tag_slot[31:0] [3] $10\tag_slot[31:0] [3] $10\tag_slot[31:0] [3] $10\tag_slot[31:0] [3] $10\tag_slot[31:0] [3] $10\tag_slot[31:0] [3] $10\tag_slot[31:0] [3] $10\tag_slot[31:0] [3] $10\tag_slot[31:0] [3] $10\tag_slot[31:0] [3] }
  Optimizing cells in module \ot_qwen_kvc_write_link_bridge.
    Consolidated identical input bits for $mux cell $procmux$1165:
      Old ports: A=$10\match_slot[31:0], B=$14\match_slot[31:0], Y=$13\match_slot[31:0]
      New ports: A={ $10\match_slot[31:0] [2] $10\match_slot[31:0] [2:0] }, B=$14\match_slot[31:0] [3:0], Y=$13\match_slot[31:0] [3:0]
      New connections: $13\match_slot[31:0] [31:4] = { $13\match_slot[31:0] [3] $13\match_slot[31:0] [3] $13\match_slot[31:0] [3] $13\match_slot[31:0] [3] $13\match_slot[31:0] [3] $13\match_slot[31:0] [3] $13\match_slot[31:0] [3] $13\match_slot[31:0] [3] $13\match_slot[31:0] [3] $13\match_slot[31:0] [3] $13\match_slot[31:0] [3] $13\match_slot[31:0] [3] $13\match_slot[31:0] [3] $13\match_slot[31:0] [3] $13\match_slot[31:0] [3] $13\match_slot[31:0] [3] $13\match_slot[31:0] [3] $13\match_slot[31:0] [3] $13\match_slot[31:0] [3] $13\match_slot[31:0] [3] $13\match_slot[31:0] [3] $13\match_slot[31:0] [3] $13\match_slot[31:0] [3] $13\match_slot[31:0] [3] $13\match_slot[31:0] [3] $13\match_slot[31:0] [3] $13\match_slot[31:0] [3] $13\match_slot[31:0] [3] }
    Consolidated identical input bits for $mux cell $procmux$1162:
      Old ports: A=$7\tag_slot[31:0], B=$10\tag_slot[31:0], Y=$9\tag_slot[31:0]
      New ports: A={ $7\tag_slot[31:0] [2] $7\tag_slot[31:0] [2:0] }, B=$10\tag_slot[31:0] [3:0], Y=$9\tag_slot[31:0] [3:0]
      New connections: $9\tag_slot[31:0] [31:4] = { $9\tag_slot[31:0] [3] $9\tag_slot[31:0] [3] $9\tag_slot[31:0] [3] $9\tag_slot[31:0] [3] $9\tag_slot[31:0] [3] $9\tag_slot[31:0] [3] $9\tag_slot[31:0] [3] $9\tag_slot[31:0] [3] $9\tag_slot[31:0] [3] $9\tag_slot[31:0] [3] $9\tag_slot[31:0] [3] $9\tag_slot[31:0] [3] $9\tag_slot[31:0] [3] $9\tag_slot[31:0] [3] $9\tag_slot[31:0] [3] $9\tag_slot[31:0] [3] $9\tag_slot[31:0] [3] $9\tag_slot[31:0] [3] $9\tag_slot[31:0] [3] $9\tag_slot[31:0] [3] $9\tag_slot[31:0] [3] $9\tag_slot[31:0] [3] $9\tag_slot[31:0] [3] $9\tag_slot[31:0] [3] $9\tag_slot[31:0] [3] $9\tag_slot[31:0] [3] $9\tag_slot[31:0] [3] $9\tag_slot[31:0] [3] }
    Consolidated identical input bits for $mux cell $procmux$1102:
      Old ports: A=$9\free_slot[31:0], B=5, Y=$12\free_slot[31:0]
      New ports: A=$9\free_slot[31:0] [3:0], B=4'0101, Y=$12\free_slot[31:0] [3:0]
      New connections: $12\free_slot[31:0] [31:4] = { $12\free_slot[31:0] [3] $12\free_slot[31:0] [3] $12\free_slot[31:0] [3] $12\free_slot[31:0] [3] $12\free_slot[31:0] [3] $12\free_slot[31:0] [3] $12\free_slot[31:0] [3] $12\free_slot[31:0] [3] $12\free_slot[31:0] [3] $12\free_slot[31:0] [3] $12\free_slot[31:0] [3] $12\free_slot[31:0] [3] $12\free_slot[31:0] [3] $12\free_slot[31:0] [3] $12\free_slot[31:0] [3] $12\free_slot[31:0] [3] $12\free_slot[31:0] [3] $12\free_slot[31:0] [3] $12\free_slot[31:0] [3] $12\free_slot[31:0] [3] $12\free_slot[31:0] [3] $12\free_slot[31:0] [3] $12\free_slot[31:0] [3] $12\free_slot[31:0] [3] $12\free_slot[31:0] [3] $12\free_slot[31:0] [3] $12\free_slot[31:0] [3] $12\free_slot[31:0] [3] }
  Optimizing cells in module \ot_qwen_kvc_write_link_bridge.
    Consolidated identical input bits for $mux cell $procmux$1135:
      Old ports: A=$12\free_slot[31:0], B=$9\free_slot[31:0], Y=$11\free_slot[31:0]
      New ports: A=$12\free_slot[31:0] [3:0], B=$9\free_slot[31:0] [3:0], Y=$11\free_slot[31:0] [3:0]
      New connections: $11\free_slot[31:0] [31:4] = { $11\free_slot[31:0] [3] $11\free_slot[31:0] [3] $11\free_slot[31:0] [3] $11\free_slot[31:0] [3] $11\free_slot[31:0] [3] $11\free_slot[31:0] [3] $11\free_slot[31:0] [3] $11\free_slot[31:0] [3] $11\free_slot[31:0] [3] $11\free_slot[31:0] [3] $11\free_slot[31:0] [3] $11\free_slot[31:0] [3] $11\free_slot[31:0] [3] $11\free_slot[31:0] [3] $11\free_slot[31:0] [3] $11\free_slot[31:0] [3] $11\free_slot[31:0] [3] $11\free_slot[31:0] [3] $11\free_slot[31:0] [3] $11\free_slot[31:0] [3] $11\free_slot[31:0] [3] $11\free_slot[31:0] [3] $11\free_slot[31:0] [3] $11\free_slot[31:0] [3] $11\free_slot[31:0] [3] $11\free_slot[31:0] [3] $11\free_slot[31:0] [3] $11\free_slot[31:0] [3] }
    Consolidated identical input bits for $mux cell $procmux$1121:
      Old ports: A=$13\match_slot[31:0], B=5, Y=$17\match_slot[31:0]
      New ports: A=$13\match_slot[31:0] [3:0], B=4'0101, Y=$17\match_slot[31:0] [3:0]
      New connections: $17\match_slot[31:0] [31:4] = { $17\match_slot[31:0] [3] $17\match_slot[31:0] [3] $17\match_slot[31:0] [3] $17\match_slot[31:0] [3] $17\match_slot[31:0] [3] $17\match_slot[31:0] [3] $17\match_slot[31:0] [3] $17\match_slot[31:0] [3] $17\match_slot[31:0] [3] $17\match_slot[31:0] [3] $17\match_slot[31:0] [3] $17\match_slot[31:0] [3] $17\match_slot[31:0] [3] $17\match_slot[31:0] [3] $17\match_slot[31:0] [3] $17\match_slot[31:0] [3] $17\match_slot[31:0] [3] $17\match_slot[31:0] [3] $17\match_slot[31:0] [3] $17\match_slot[31:0] [3] $17\match_slot[31:0] [3] $17\match_slot[31:0] [3] $17\match_slot[31:0] [3] $17\match_slot[31:0] [3] $17\match_slot[31:0] [3] $17\match_slot[31:0] [3] $17\match_slot[31:0] [3] $17\match_slot[31:0] [3] }
    Consolidated identical input bits for $mux cell $procmux$1109:
      Old ports: A=$9\tag_slot[31:0], B=5, Y=$12\tag_slot[31:0]
      New ports: A=$9\tag_slot[31:0] [3:0], B=4'0101, Y=$12\tag_slot[31:0] [3:0]
      New connections: $12\tag_slot[31:0] [31:4] = { $12\tag_slot[31:0] [3] $12\tag_slot[31:0] [3] $12\tag_slot[31:0] [3] $12\tag_slot[31:0] [3] $12\tag_slot[31:0] [3] $12\tag_slot[31:0] [3] $12\tag_slot[31:0] [3] $12\tag_slot[31:0] [3] $12\tag_slot[31:0] [3] $12\tag_slot[31:0] [3] $12\tag_slot[31:0] [3] $12\tag_slot[31:0] [3] $12\tag_slot[31:0] [3] $12\tag_slot[31:0] [3] $12\tag_slot[31:0] [3] $12\tag_slot[31:0] [3] $12\tag_slot[31:0] [3] $12\tag_slot[31:0] [3] $12\tag_slot[31:0] [3] $12\tag_slot[31:0] [3] $12\tag_slot[31:0] [3] $12\tag_slot[31:0] [3] $12\tag_slot[31:0] [3] $12\tag_slot[31:0] [3] $12\tag_slot[31:0] [3] $12\tag_slot[31:0] [3] $12\tag_slot[31:0] [3] $12\tag_slot[31:0] [3] }
  Optimizing cells in module \ot_qwen_kvc_write_link_bridge.
    Consolidated identical input bits for $mux cell $procmux$1129:
      Old ports: A=$13\match_slot[31:0], B=$17\match_slot[31:0], Y=$16\match_slot[31:0]
      New ports: A=$13\match_slot[31:0] [3:0], B=$17\match_slot[31:0] [3:0], Y=$16\match_slot[31:0] [3:0]
      New connections: $16\match_slot[31:0] [31:4] = { $16\match_slot[31:0] [3] $16\match_slot[31:0] [3] $16\match_slot[31:0] [3] $16\match_slot[31:0] [3] $16\match_slot[31:0] [3] $16\match_slot[31:0] [3] $16\match_slot[31:0] [3] $16\match_slot[31:0] [3] $16\match_slot[31:0] [3] $16\match_slot[31:0] [3] $16\match_slot[31:0] [3] $16\match_slot[31:0] [3] $16\match_slot[31:0] [3] $16\match_slot[31:0] [3] $16\match_slot[31:0] [3] $16\match_slot[31:0] [3] $16\match_slot[31:0] [3] $16\match_slot[31:0] [3] $16\match_slot[31:0] [3] $16\match_slot[31:0] [3] $16\match_slot[31:0] [3] $16\match_slot[31:0] [3] $16\match_slot[31:0] [3] $16\match_slot[31:0] [3] $16\match_slot[31:0] [3] $16\match_slot[31:0] [3] $16\match_slot[31:0] [3] $16\match_slot[31:0] [3] }
    Consolidated identical input bits for $mux cell $procmux$1126:
      Old ports: A=$9\tag_slot[31:0], B=$12\tag_slot[31:0], Y=$11\tag_slot[31:0]
      New ports: A=$9\tag_slot[31:0] [3:0], B=$12\tag_slot[31:0] [3:0], Y=$11\tag_slot[31:0] [3:0]
      New connections: $11\tag_slot[31:0] [31:4] = { $11\tag_slot[31:0] [3] $11\tag_slot[31:0] [3] $11\tag_slot[31:0] [3] $11\tag_slot[31:0] [3] $11\tag_slot[31:0] [3] $11\tag_slot[31:0] [3] $11\tag_slot[31:0] [3] $11\tag_slot[31:0] [3] $11\tag_slot[31:0] [3] $11\tag_slot[31:0] [3] $11\tag_slot[31:0] [3] $11\tag_slot[31:0] [3] $11\tag_slot[31:0] [3] $11\tag_slot[31:0] [3] $11\tag_slot[31:0] [3] $11\tag_slot[31:0] [3] $11\tag_slot[31:0] [3] $11\tag_slot[31:0] [3] $11\tag_slot[31:0] [3] $11\tag_slot[31:0] [3] $11\tag_slot[31:0] [3] $11\tag_slot[31:0] [3] $11\tag_slot[31:0] [3] $11\tag_slot[31:0] [3] $11\tag_slot[31:0] [3] $11\tag_slot[31:0] [3] $11\tag_slot[31:0] [3] $11\tag_slot[31:0] [3] }
    Consolidated identical input bits for $mux cell $procmux$1066:
      Old ports: A=$11\free_slot[31:0], B=6, Y=$14\free_slot[31:0]
      New ports: A=$11\free_slot[31:0] [3:0], B=4'0110, Y=$14\free_slot[31:0] [3:0]
      New connections: $14\free_slot[31:0] [31:4] = { $14\free_slot[31:0] [3] $14\free_slot[31:0] [3] $14\free_slot[31:0] [3] $14\free_slot[31:0] [3] $14\free_slot[31:0] [3] $14\free_slot[31:0] [3] $14\free_slot[31:0] [3] $14\free_slot[31:0] [3] $14\free_slot[31:0] [3] $14\free_slot[31:0] [3] $14\free_slot[31:0] [3] $14\free_slot[31:0] [3] $14\free_slot[31:0] [3] $14\free_slot[31:0] [3] $14\free_slot[31:0] [3] $14\free_slot[31:0] [3] $14\free_slot[31:0] [3] $14\free_slot[31:0] [3] $14\free_slot[31:0] [3] $14\free_slot[31:0] [3] $14\free_slot[31:0] [3] $14\free_slot[31:0] [3] $14\free_slot[31:0] [3] $14\free_slot[31:0] [3] $14\free_slot[31:0] [3] $14\free_slot[31:0] [3] $14\free_slot[31:0] [3] $14\free_slot[31:0] [3] }
  Optimizing cells in module \ot_qwen_kvc_write_link_bridge.
    Consolidated identical input bits for $mux cell $procmux$1099:
      Old ports: A=$14\free_slot[31:0], B=$11\free_slot[31:0], Y=$13\free_slot[31:0]
      New ports: A=$14\free_slot[31:0] [3:0], B=$11\free_slot[31:0] [3:0], Y=$13\free_slot[31:0] [3:0]
      New connections: $13\free_slot[31:0] [31:4] = { $13\free_slot[31:0] [3] $13\free_slot[31:0] [3] $13\free_slot[31:0] [3] $13\free_slot[31:0] [3] $13\free_slot[31:0] [3] $13\free_slot[31:0] [3] $13\free_slot[31:0] [3] $13\free_slot[31:0] [3] $13\free_slot[31:0] [3] $13\free_slot[31:0] [3] $13\free_slot[31:0] [3] $13\free_slot[31:0] [3] $13\free_slot[31:0] [3] $13\free_slot[31:0] [3] $13\free_slot[31:0] [3] $13\free_slot[31:0] [3] $13\free_slot[31:0] [3] $13\free_slot[31:0] [3] $13\free_slot[31:0] [3] $13\free_slot[31:0] [3] $13\free_slot[31:0] [3] $13\free_slot[31:0] [3] $13\free_slot[31:0] [3] $13\free_slot[31:0] [3] $13\free_slot[31:0] [3] $13\free_slot[31:0] [3] $13\free_slot[31:0] [3] $13\free_slot[31:0] [3] }
    Consolidated identical input bits for $mux cell $procmux$1085:
      Old ports: A=$16\match_slot[31:0], B=6, Y=$20\match_slot[31:0]
      New ports: A=$16\match_slot[31:0] [3:0], B=4'0110, Y=$20\match_slot[31:0] [3:0]
      New connections: $20\match_slot[31:0] [31:4] = { $20\match_slot[31:0] [3] $20\match_slot[31:0] [3] $20\match_slot[31:0] [3] $20\match_slot[31:0] [3] $20\match_slot[31:0] [3] $20\match_slot[31:0] [3] $20\match_slot[31:0] [3] $20\match_slot[31:0] [3] $20\match_slot[31:0] [3] $20\match_slot[31:0] [3] $20\match_slot[31:0] [3] $20\match_slot[31:0] [3] $20\match_slot[31:0] [3] $20\match_slot[31:0] [3] $20\match_slot[31:0] [3] $20\match_slot[31:0] [3] $20\match_slot[31:0] [3] $20\match_slot[31:0] [3] $20\match_slot[31:0] [3] $20\match_slot[31:0] [3] $20\match_slot[31:0] [3] $20\match_slot[31:0] [3] $20\match_slot[31:0] [3] $20\match_slot[31:0] [3] $20\match_slot[31:0] [3] $20\match_slot[31:0] [3] $20\match_slot[31:0] [3] $20\match_slot[31:0] [3] }
    Consolidated identical input bits for $mux cell $procmux$1073:
      Old ports: A=$11\tag_slot[31:0], B=6, Y=$14\tag_slot[31:0]
      New ports: A=$11\tag_slot[31:0] [3:0], B=4'0110, Y=$14\tag_slot[31:0] [3:0]
      New connections: $14\tag_slot[31:0] [31:4] = { $14\tag_slot[31:0] [3] $14\tag_slot[31:0] [3] $14\tag_slot[31:0] [3] $14\tag_slot[31:0] [3] $14\tag_slot[31:0] [3] $14\tag_slot[31:0] [3] $14\tag_slot[31:0] [3] $14\tag_slot[31:0] [3] $14\tag_slot[31:0] [3] $14\tag_slot[31:0] [3] $14\tag_slot[31:0] [3] $14\tag_slot[31:0] [3] $14\tag_slot[31:0] [3] $14\tag_slot[31:0] [3] $14\tag_slot[31:0] [3] $14\tag_slot[31:0] [3] $14\tag_slot[31:0] [3] $14\tag_slot[31:0] [3] $14\tag_slot[31:0] [3] $14\tag_slot[31:0] [3] $14\tag_slot[31:0] [3] $14\tag_slot[31:0] [3] $14\tag_slot[31:0] [3] $14\tag_slot[31:0] [3] $14\tag_slot[31:0] [3] $14\tag_slot[31:0] [3] $14\tag_slot[31:0] [3] $14\tag_slot[31:0] [3] }
  Optimizing cells in module \ot_qwen_kvc_write_link_bridge.
    Consolidated identical input bits for $mux cell $procmux$1093:
      Old ports: A=$16\match_slot[31:0], B=$20\match_slot[31:0], Y=$19\match_slot[31:0]
      New ports: A=$16\match_slot[31:0] [3:0], B=$20\match_slot[31:0] [3:0], Y=$19\match_slot[31:0] [3:0]
      New connections: $19\match_slot[31:0] [31:4] = { $19\match_slot[31:0] [3] $19\match_slot[31:0] [3] $19\match_slot[31:0] [3] $19\match_slot[31:0] [3] $19\match_slot[31:0] [3] $19\match_slot[31:0] [3] $19\match_slot[31:0] [3] $19\match_slot[31:0] [3] $19\match_slot[31:0] [3] $19\match_slot[31:0] [3] $19\match_slot[31:0] [3] $19\match_slot[31:0] [3] $19\match_slot[31:0] [3] $19\match_slot[31:0] [3] $19\match_slot[31:0] [3] $19\match_slot[31:0] [3] $19\match_slot[31:0] [3] $19\match_slot[31:0] [3] $19\match_slot[31:0] [3] $19\match_slot[31:0] [3] $19\match_slot[31:0] [3] $19\match_slot[31:0] [3] $19\match_slot[31:0] [3] $19\match_slot[31:0] [3] $19\match_slot[31:0] [3] $19\match_slot[31:0] [3] $19\match_slot[31:0] [3] $19\match_slot[31:0] [3] }
    Consolidated identical input bits for $mux cell $procmux$1090:
      Old ports: A=$11\tag_slot[31:0], B=$14\tag_slot[31:0], Y=$13\tag_slot[31:0]
      New ports: A=$11\tag_slot[31:0] [3:0], B=$14\tag_slot[31:0] [3:0], Y=$13\tag_slot[31:0] [3:0]
      New connections: $13\tag_slot[31:0] [31:4] = { $13\tag_slot[31:0] [3] $13\tag_slot[31:0] [3] $13\tag_slot[31:0] [3] $13\tag_slot[31:0] [3] $13\tag_slot[31:0] [3] $13\tag_slot[31:0] [3] $13\tag_slot[31:0] [3] $13\tag_slot[31:0] [3] $13\tag_slot[31:0] [3] $13\tag_slot[31:0] [3] $13\tag_slot[31:0] [3] $13\tag_slot[31:0] [3] $13\tag_slot[31:0] [3] $13\tag_slot[31:0] [3] $13\tag_slot[31:0] [3] $13\tag_slot[31:0] [3] $13\tag_slot[31:0] [3] $13\tag_slot[31:0] [3] $13\tag_slot[31:0] [3] $13\tag_slot[31:0] [3] $13\tag_slot[31:0] [3] $13\tag_slot[31:0] [3] $13\tag_slot[31:0] [3] $13\tag_slot[31:0] [3] $13\tag_slot[31:0] [3] $13\tag_slot[31:0] [3] $13\tag_slot[31:0] [3] $13\tag_slot[31:0] [3] }
    Consolidated identical input bits for $mux cell $procmux$1030:
      Old ports: A=$13\free_slot[31:0], B=7, Y=$16\free_slot[31:0]
      New ports: A=$13\free_slot[31:0] [3:0], B=4'0111, Y=$16\free_slot[31:0] [3:0]
      New connections: $16\free_slot[31:0] [31:4] = { $16\free_slot[31:0] [3] $16\free_slot[31:0] [3] $16\free_slot[31:0] [3] $16\free_slot[31:0] [3] $16\free_slot[31:0] [3] $16\free_slot[31:0] [3] $16\free_slot[31:0] [3] $16\free_slot[31:0] [3] $16\free_slot[31:0] [3] $16\free_slot[31:0] [3] $16\free_slot[31:0] [3] $16\free_slot[31:0] [3] $16\free_slot[31:0] [3] $16\free_slot[31:0] [3] $16\free_slot[31:0] [3] $16\free_slot[31:0] [3] $16\free_slot[31:0] [3] $16\free_slot[31:0] [3] $16\free_slot[31:0] [3] $16\free_slot[31:0] [3] $16\free_slot[31:0] [3] $16\free_slot[31:0] [3] $16\free_slot[31:0] [3] $16\free_slot[31:0] [3] $16\free_slot[31:0] [3] $16\free_slot[31:0] [3] $16\free_slot[31:0] [3] $16\free_slot[31:0] [3] }
  Optimizing cells in module \ot_qwen_kvc_write_link_bridge.
    Consolidated identical input bits for $mux cell $procmux$1063:
      Old ports: A=$16\free_slot[31:0], B=$13\free_slot[31:0], Y=\free_slot
      New ports: A=$16\free_slot[31:0] [3:0], B=$13\free_slot[31:0] [3:0], Y=\free_slot [3:0]
      New connections: \free_slot [31:4] = { \free_slot [3] \free_slot [3] \free_slot [3] \free_slot [3] \free_slot [3] \free_slot [3] \free_slot [3] \free_slot [3] \free_slot [3] \free_slot [3] \free_slot [3] \free_slot [3] \free_slot [3] \free_slot [3] \free_slot [3] \free_slot [3] \free_slot [3] \free_slot [3] \free_slot [3] \free_slot [3] \free_slot [3] \free_slot [3] \free_slot [3] \free_slot [3] \free_slot [3] \free_slot [3] \free_slot [3] \free_slot [3] }
    Consolidated identical input bits for $mux cell $procmux$1049:
      Old ports: A=$19\match_slot[31:0], B=7, Y=$23\match_slot[31:0]
      New ports: A=$19\match_slot[31:0] [3:0], B=4'0111, Y=$23\match_slot[31:0] [3:0]
      New connections: $23\match_slot[31:0] [31:4] = { $23\match_slot[31:0] [3] $23\match_slot[31:0] [3] $23\match_slot[31:0] [3] $23\match_slot[31:0] [3] $23\match_slot[31:0] [3] $23\match_slot[31:0] [3] $23\match_slot[31:0] [3] $23\match_slot[31:0] [3] $23\match_slot[31:0] [3] $23\match_slot[31:0] [3] $23\match_slot[31:0] [3] $23\match_slot[31:0] [3] $23\match_slot[31:0] [3] $23\match_slot[31:0] [3] $23\match_slot[31:0] [3] $23\match_slot[31:0] [3] $23\match_slot[31:0] [3] $23\match_slot[31:0] [3] $23\match_slot[31:0] [3] $23\match_slot[31:0] [3] $23\match_slot[31:0] [3] $23\match_slot[31:0] [3] $23\match_slot[31:0] [3] $23\match_slot[31:0] [3] $23\match_slot[31:0] [3] $23\match_slot[31:0] [3] $23\match_slot[31:0] [3] $23\match_slot[31:0] [3] }
    Consolidated identical input bits for $mux cell $procmux$1037:
      Old ports: A=$13\tag_slot[31:0], B=7, Y=$16\tag_slot[31:0]
      New ports: A=$13\tag_slot[31:0] [3:0], B=4'0111, Y=$16\tag_slot[31:0] [3:0]
      New connections: $16\tag_slot[31:0] [31:4] = { $16\tag_slot[31:0] [3] $16\tag_slot[31:0] [3] $16\tag_slot[31:0] [3] $16\tag_slot[31:0] [3] $16\tag_slot[31:0] [3] $16\tag_slot[31:0] [3] $16\tag_slot[31:0] [3] $16\tag_slot[31:0] [3] $16\tag_slot[31:0] [3] $16\tag_slot[31:0] [3] $16\tag_slot[31:0] [3] $16\tag_slot[31:0] [3] $16\tag_slot[31:0] [3] $16\tag_slot[31:0] [3] $16\tag_slot[31:0] [3] $16\tag_slot[31:0] [3] $16\tag_slot[31:0] [3] $16\tag_slot[31:0] [3] $16\tag_slot[31:0] [3] $16\tag_slot[31:0] [3] $16\tag_slot[31:0] [3] $16\tag_slot[31:0] [3] $16\tag_slot[31:0] [3] $16\tag_slot[31:0] [3] $16\tag_slot[31:0] [3] $16\tag_slot[31:0] [3] $16\tag_slot[31:0] [3] $16\tag_slot[31:0] [3] }
  Optimizing cells in module \ot_qwen_kvc_write_link_bridge.
    Consolidated identical input bits for $mux cell $procmux$1057:
      Old ports: A=$19\match_slot[31:0], B=$23\match_slot[31:0], Y=\match_slot
      New ports: A=$19\match_slot[31:0] [3:0], B=$23\match_slot[31:0] [3:0], Y=\match_slot [3:0]
      New connections: \match_slot [31:4] = { \match_slot [3] \match_slot [3] \match_slot [3] \match_slot [3] \match_slot [3] \match_slot [3] \match_slot [3] \match_slot [3] \match_slot [3] \match_slot [3] \match_slot [3] \match_slot [3] \match_slot [3] \match_slot [3] \match_slot [3] \match_slot [3] \match_slot [3] \match_slot [3] \match_slot [3] \match_slot [3] \match_slot [3] \match_slot [3] \match_slot [3] \match_slot [3] \match_slot [3] \match_slot [3] \match_slot [3] \match_slot [3] }
    Consolidated identical input bits for $mux cell $procmux$1054:
      Old ports: A=$13\tag_slot[31:0], B=$16\tag_slot[31:0], Y=\tag_slot
      New ports: A=$13\tag_slot[31:0] [3:0], B=$16\tag_slot[31:0] [3:0], Y=\tag_slot [3:0]
      New connections: \tag_slot [31:4] = { \tag_slot [3] \tag_slot [3] \tag_slot [3] \tag_slot [3] \tag_slot [3] \tag_slot [3] \tag_slot [3] \tag_slot [3] \tag_slot [3] \tag_slot [3] \tag_slot [3] \tag_slot [3] \tag_slot [3] \tag_slot [3] \tag_slot [3] \tag_slot [3] \tag_slot [3] \tag_slot [3] \tag_slot [3] \tag_slot [3] \tag_slot [3] \tag_slot [3] \tag_slot [3] \tag_slot [3] \tag_slot [3] \tag_slot [3] \tag_slot [3] \tag_slot [3] }
  Optimizing cells in module \ot_qwen_kvc_write_link_bridge.
Performed a total of 49 changes.

8.21.5. Executing OPT_MERGE pass (detect identical cells).
Finding identical cells in module `\ot_qwen_kvc_write_link_bridge'.
Computing hashes of 612 cells of `\ot_qwen_kvc_write_link_bridge'.
Finding duplicate cells in `\ot_qwen_kvc_write_link_bridge'.
Removed a total of 0 cells.

8.21.6. Executing OPT_SHARE pass.
    Found cells that share an operand and can be merged by moving the $mux $flatten\transport.$procmux$1761 in front of them:
        $auto$alumacc.cc:548:replace_alu$3093
        $auto$alumacc.cc:548:replace_alu$3096

8.21.7. Executing OPT_DFF pass (perform DFF optimizations).

8.21.8. Executing OPT_CLEAN pass (remove unused cells and wires).
Finding unused cells or wires in module \ot_qwen_kvc_write_link_bridge..
Removed 0 unused cells and 6 unused wires.
<suppressed ~1 debug messages>

8.21.9. Executing OPT_EXPR pass (perform const folding).
Optimizing module ot_qwen_kvc_write_link_bridge.
<suppressed ~125 debug messages>

8.21.10. Rerunning OPT passes. (Maybe there is more to do..)

8.21.11. Executing OPT_MUXTREE pass (detect dead branches in mux trees).
Running muxtree optimizer on module \ot_qwen_kvc_write_link_bridge..
  Creating internal representation of mux trees.
  Evaluating internal representation of mux trees.
  Analyzing evaluation results.
Removed 0 multiplexer ports.
<suppressed ~440 debug messages>

8.21.12. Executing OPT_REDUCE pass (consolidate $*mux and $reduce_* inputs).
  Optimizing cells in module \ot_qwen_kvc_write_link_bridge.
    New input vector for $reduce_and cell $auto$alumacc.cc:96:get_eq$3027: $auto$opt_expr.cc:206:group_cell_inputs$3226
    Consolidated identical input bits for $mux cell $auto$opt_share.cc:244:merge_operators$3222:
      Old ports: A=2'11, B=2'01, Y=$auto$rtlil.cc:3402:Mux$3223
      New ports: A=1'1, B=1'0, Y=$auto$rtlil.cc:3402:Mux$3223 [1]
      New connections: $auto$rtlil.cc:3402:Mux$3223 [0] = 1'1
    Consolidated identical input bits for $mux cell $procmux$1240:
      Old ports: A={ 30'000000000000000000000000000000 $2\count[31:0] [1:0] }, B=$add$/tmp/qwen-write-bridge-20261007/rtl/physical/ot_qwen_kvc_write_link_bridge.sv:35$412_Y, Y=$3\count[31:0]
      New ports: A={ 1'0 $2\count[31:0] [1:0] }, B=$add$/tmp/qwen-write-bridge-20261007/rtl/physical/ot_qwen_kvc_write_link_bridge.sv:35$412_Y [2:0], Y=$3\count[31:0] [2:0]
      New connections: $3\count[31:0] [31:3] = 29'00000000000000000000000000000
  Optimizing cells in module \ot_qwen_kvc_write_link_bridge.
Performed a total of 3 changes.

8.21.13. Executing OPT_MERGE pass (detect identical cells).
Finding identical cells in module `\ot_qwen_kvc_write_link_bridge'.
Computing hashes of 610 cells of `\ot_qwen_kvc_write_link_bridge'.
Finding duplicate cells in `\ot_qwen_kvc_write_link_bridge'.
Removed a total of 0 cells.

8.21.14. Executing OPT_SHARE pass.

8.21.15. Executing OPT_DFF pass (perform DFF optimizations).

8.21.16. Executing OPT_CLEAN pass (remove unused cells and wires).
Finding unused cells or wires in module \ot_qwen_kvc_write_link_bridge..
Removed 0 unused cells and 33 unused wires.
<suppressed ~1 debug messages>

8.21.17. Executing OPT_EXPR pass (perform const folding).
Optimizing module ot_qwen_kvc_write_link_bridge.
<suppressed ~114 debug messages>

8.21.18. Rerunning OPT passes. (Maybe there is more to do..)

8.21.19. Executing OPT_MUXTREE pass (detect dead branches in mux trees).
Running muxtree optimizer on module \ot_qwen_kvc_write_link_bridge..
  Creating internal representation of mux trees.
  Evaluating internal representation of mux trees.
  Analyzing evaluation results.
Removed 0 multiplexer ports.
<suppressed ~438 debug messages>

8.21.20. Executing OPT_REDUCE pass (consolidate $*mux and $reduce_* inputs).
  Optimizing cells in module \ot_qwen_kvc_write_link_bridge.
    Consolidated identical input bits for $mux cell $procmux$1204:
      Old ports: A={ 29'00000000000000000000000000000 $3\count[31:0] [2:0] }, B=$add$/tmp/qwen-write-bridge-20261007/rtl/physical/ot_qwen_kvc_write_link_bridge.sv:35$422_Y, Y=$4\count[31:0]
      New ports: A={ 1'0 $3\count[31:0] [2:0] }, B=$add$/tmp/qwen-write-bridge-20261007/rtl/physical/ot_qwen_kvc_write_link_bridge.sv:35$422_Y [3:0], Y=$4\count[31:0] [3:0]
      New connections: $4\count[31:0] [31:4] = 28'0000000000000000000000000000
  Optimizing cells in module \ot_qwen_kvc_write_link_bridge.
Performed a total of 1 changes.

8.21.21. Executing OPT_MERGE pass (detect identical cells).
Finding identical cells in module `\ot_qwen_kvc_write_link_bridge'.
Computing hashes of 610 cells of `\ot_qwen_kvc_write_link_bridge'.
Finding duplicate cells in `\ot_qwen_kvc_write_link_bridge'.
Removed a total of 0 cells.

8.21.22. Executing OPT_SHARE pass.

8.21.23. Executing OPT_DFF pass (perform DFF optimizations).

8.21.24. Executing OPT_CLEAN pass (remove unused cells and wires).
Finding unused cells or wires in module \ot_qwen_kvc_write_link_bridge..
Removed 0 unused cells and 28 unused wires.
<suppressed ~1 debug messages>

8.21.25. Executing OPT_EXPR pass (perform const folding).
Optimizing module ot_qwen_kvc_write_link_bridge.
<suppressed ~109 debug messages>

8.21.26. Rerunning OPT passes. (Maybe there is more to do..)

8.21.27. Executing OPT_MUXTREE pass (detect dead branches in mux trees).
Running muxtree optimizer on module \ot_qwen_kvc_write_link_bridge..
  Creating internal representation of mux trees.
  Evaluating internal representation of mux trees.
  Analyzing evaluation results.
Removed 0 multiplexer ports.
<suppressed ~438 debug messages>

8.21.28. Executing OPT_REDUCE pass (consolidate $*mux and $reduce_* inputs).
  Optimizing cells in module \ot_qwen_kvc_write_link_bridge.
    Consolidated identical input bits for $mux cell $procmux$1168:
      Old ports: A={ 28'0000000000000000000000000000 $4\count[31:0] [3:0] }, B=$add$/tmp/qwen-write-bridge-20261007/rtl/physical/ot_qwen_kvc_write_link_bridge.sv:35$432_Y, Y=$5\count[31:0]
      New ports: A={ 1'0 $4\count[31:0] [3:0] }, B=$add$/tmp/qwen-write-bridge-20261007/rtl/physical/ot_qwen_kvc_write_link_bridge.sv:35$432_Y [4:0], Y=$5\count[31:0] [4:0]
      New connections: $5\count[31:0] [31:5] = 27'000000000000000000000000000
  Optimizing cells in module \ot_qwen_kvc_write_link_bridge.
Performed a total of 1 changes.

8.21.29. Executing OPT_MERGE pass (detect identical cells).
Finding identical cells in module `\ot_qwen_kvc_write_link_bridge'.
Computing hashes of 610 cells of `\ot_qwen_kvc_write_link_bridge'.
Finding duplicate cells in `\ot_qwen_kvc_write_link_bridge'.
Removed a total of 0 cells.

8.21.30. Executing OPT_SHARE pass.

8.21.31. Executing OPT_DFF pass (perform DFF optimizations).

8.21.32. Executing OPT_CLEAN pass (remove unused cells and wires).
Finding unused cells or wires in module \ot_qwen_kvc_write_link_bridge..
Removed 0 unused cells and 27 unused wires.
<suppressed ~1 debug messages>

8.21.33. Executing OPT_EXPR pass (perform const folding).
Optimizing module ot_qwen_kvc_write_link_bridge.
<suppressed ~105 debug messages>

8.21.34. Rerunning OPT passes. (Maybe there is more to do..)

8.21.35. Executing OPT_MUXTREE pass (detect dead branches in mux trees).
Running muxtree optimizer on module \ot_qwen_kvc_write_link_bridge..
  Creating internal representation of mux trees.
  Evaluating internal representation of mux trees.
  Analyzing evaluation results.
Removed 0 multiplexer ports.
<suppressed ~438 debug messages>

8.21.36. Executing OPT_REDUCE pass (consolidate $*mux and $reduce_* inputs).
  Optimizing cells in module \ot_qwen_kvc_write_link_bridge.
    Consolidated identical input bits for $mux cell $procmux$1132:
      Old ports: A={ 27'000000000000000000000000000 $5\count[31:0] [4:0] }, B=$add$/tmp/qwen-write-bridge-20261007/rtl/physical/ot_qwen_kvc_write_link_bridge.sv:35$442_Y, Y=$6\count[31:0]
      New ports: A={ 1'0 $5\count[31:0] [4:0] }, B=$add$/tmp/qwen-write-bridge-20261007/rtl/physical/ot_qwen_kvc_write_link_bridge.sv:35$442_Y [5:0], Y=$6\count[31:0] [5:0]
      New connections: $6\count[31:0] [31:6] = 26'00000000000000000000000000
  Optimizing cells in module \ot_qwen_kvc_write_link_bridge.
Performed a total of 1 changes.

8.21.37. Executing OPT_MERGE pass (detect identical cells).
Finding identical cells in module `\ot_qwen_kvc_write_link_bridge'.
Computing hashes of 610 cells of `\ot_qwen_kvc_write_link_bridge'.
Finding duplicate cells in `\ot_qwen_kvc_write_link_bridge'.
Removed a total of 0 cells.

8.21.38. Executing OPT_SHARE pass.

8.21.39. Executing OPT_DFF pass (perform DFF optimizations).

8.21.40. Executing OPT_CLEAN pass (remove unused cells and wires).
Finding unused cells or wires in module \ot_qwen_kvc_write_link_bridge..
Removed 0 unused cells and 26 unused wires.
<suppressed ~1 debug messages>

8.21.41. Executing OPT_EXPR pass (perform const folding).
Optimizing module ot_qwen_kvc_write_link_bridge.
<suppressed ~101 debug messages>

8.21.42. Rerunning OPT passes. (Maybe there is more to do..)

8.21.43. Executing OPT_MUXTREE pass (detect dead branches in mux trees).
Running muxtree optimizer on module \ot_qwen_kvc_write_link_bridge..
  Creating internal representation of mux trees.
  Evaluating internal representation of mux trees.
  Analyzing evaluation results.
Removed 0 multiplexer ports.
<suppressed ~438 debug messages>

8.21.44. Executing OPT_REDUCE pass (consolidate $*mux and $reduce_* inputs).
  Optimizing cells in module \ot_qwen_kvc_write_link_bridge.
    Consolidated identical input bits for $mux cell $procmux$1096:
      Old ports: A={ 26'00000000000000000000000000 $6\count[31:0] [5:0] }, B=$add$/tmp/qwen-write-bridge-20261007/rtl/physical/ot_qwen_kvc_write_link_bridge.sv:35$452_Y, Y=$7\count[31:0]
      New ports: A={ 1'0 $6\count[31:0] [5:0] }, B=$add$/tmp/qwen-write-bridge-20261007/rtl/physical/ot_qwen_kvc_write_link_bridge.sv:35$452_Y [6:0], Y=$7\count[31:0] [6:0]
      New connections: $7\count[31:0] [31:7] = 25'0000000000000000000000000
  Optimizing cells in module \ot_qwen_kvc_write_link_bridge.
Performed a total of 1 changes.

8.21.45. Executing OPT_MERGE pass (detect identical cells).
Finding identical cells in module `\ot_qwen_kvc_write_link_bridge'.
Computing hashes of 610 cells of `\ot_qwen_kvc_write_link_bridge'.
Finding duplicate cells in `\ot_qwen_kvc_write_link_bridge'.
Removed a total of 0 cells.

8.21.46. Executing OPT_SHARE pass.

8.21.47. Executing OPT_DFF pass (perform DFF optimizations).

8.21.48. Executing OPT_CLEAN pass (remove unused cells and wires).
Finding unused cells or wires in module \ot_qwen_kvc_write_link_bridge..
Removed 0 unused cells and 25 unused wires.
<suppressed ~1 debug messages>

8.21.49. Executing OPT_EXPR pass (perform const folding).
Optimizing module ot_qwen_kvc_write_link_bridge.
<suppressed ~97 debug messages>

8.21.50. Rerunning OPT passes. (Maybe there is more to do..)

8.21.51. Executing OPT_MUXTREE pass (detect dead branches in mux trees).
Running muxtree optimizer on module \ot_qwen_kvc_write_link_bridge..
  Creating internal representation of mux trees.
  Evaluating internal representation of mux trees.
  Analyzing evaluation results.
Removed 0 multiplexer ports.
<suppressed ~438 debug messages>

8.21.52. Executing OPT_REDUCE pass (consolidate $*mux and $reduce_* inputs).
  Optimizing cells in module \ot_qwen_kvc_write_link_bridge.
    Consolidated identical input bits for $mux cell $procmux$1060:
      Old ports: A={ 25'0000000000000000000000000 $7\count[31:0] [6:0] }, B=$add$/tmp/qwen-write-bridge-20261007/rtl/physical/ot_qwen_kvc_write_link_bridge.sv:35$462_Y, Y=\count
      New ports: A={ 1'0 $7\count[31:0] [6:0] }, B=$add$/tmp/qwen-write-bridge-20261007/rtl/physical/ot_qwen_kvc_write_link_bridge.sv:35$462_Y [7:0], Y=\count [7:0]
      New connections: \count [31:8] = 24'000000000000000000000000
  Optimizing cells in module \ot_qwen_kvc_write_link_bridge.
Performed a total of 1 changes.

8.21.53. Executing OPT_MERGE pass (detect identical cells).
Finding identical cells in module `\ot_qwen_kvc_write_link_bridge'.
Computing hashes of 610 cells of `\ot_qwen_kvc_write_link_bridge'.
Finding duplicate cells in `\ot_qwen_kvc_write_link_bridge'.
Removed a total of 0 cells.

8.21.54. Executing OPT_SHARE pass.

8.21.55. Executing OPT_DFF pass (perform DFF optimizations).

8.21.56. Executing OPT_CLEAN pass (remove unused cells and wires).
Finding unused cells or wires in module \ot_qwen_kvc_write_link_bridge..
Removed 0 unused cells and 24 unused wires.
<suppressed ~1 debug messages>

8.21.57. Executing OPT_EXPR pass (perform const folding).
Optimizing module ot_qwen_kvc_write_link_bridge.

8.21.58. Rerunning OPT passes. (Maybe there is more to do..)

8.21.59. Executing OPT_MUXTREE pass (detect dead branches in mux trees).
Running muxtree optimizer on module \ot_qwen_kvc_write_link_bridge..
  Creating internal representation of mux trees.
  Evaluating internal representation of mux trees.
  Analyzing evaluation results.
Removed 0 multiplexer ports.
<suppressed ~438 debug messages>

8.21.60. Executing OPT_REDUCE pass (consolidate $*mux and $reduce_* inputs).
  Optimizing cells in module \ot_qwen_kvc_write_link_bridge.
Performed a total of 0 changes.

8.21.61. Executing OPT_MERGE pass (detect identical cells).
Finding identical cells in module `\ot_qwen_kvc_write_link_bridge'.
Computing hashes of 610 cells of `\ot_qwen_kvc_write_link_bridge'.
Finding duplicate cells in `\ot_qwen_kvc_write_link_bridge'.
Removed a total of 0 cells.

8.21.62. Executing OPT_SHARE pass.

8.21.63. Executing OPT_DFF pass (perform DFF optimizations).

8.21.64. Executing OPT_CLEAN pass (remove unused cells and wires).
Finding unused cells or wires in module \ot_qwen_kvc_write_link_bridge..

8.21.65. Executing OPT_EXPR pass (perform const folding).
Optimizing module ot_qwen_kvc_write_link_bridge.

8.21.66. Finished fast OPT passes. (There is nothing left to do.)

8.22. Executing TECHMAP pass (map to technology primitives).

8.22.1. Executing Verilog-2005 frontend: /home/ubuntu/.local/opentallas-tools/yosys-0.68/bin/../share/yosys/techmap.v
Parsing Verilog input from `/home/ubuntu/.local/opentallas-tools/yosys-0.68/bin/../share/yosys/techmap.v' to AST representation.
Generating RTLIL representation for module `\_90_simplemap_bool_ops'.
Generating RTLIL representation for module `\_90_simplemap_reduce_ops'.
Generating RTLIL representation for module `\_90_simplemap_logic_ops'.
Generating RTLIL representation for module `\_90_simplemap_compare_ops'.
Generating RTLIL representation for module `\_90_simplemap_various'.
Generating RTLIL representation for module `\_90_simplemap_registers'.
Generating RTLIL representation for module `\_90_shift_ops_shr_shl_sshl_sshr'.
Generating RTLIL representation for module `\_90_shift_shiftx'.
Generating RTLIL representation for module `\_90_fa'.
Generating RTLIL representation for module `\_90_lcu_brent_kung'.
Generating RTLIL representation for module `\_90_alu'.
Generating RTLIL representation for module `\_90_macc'.
Generating RTLIL representation for module `\_90_alumacc'.
Generating RTLIL representation for module `$__div_mod_u'.
Generating RTLIL representation for module `$__div_mod_trunc'.
Generating RTLIL representation for module `\_90_div'.
Generating RTLIL representation for module `\_90_mod'.
Generating RTLIL representation for module `$__div_mod_floor'.
Generating RTLIL representation for module `\_90_divfloor'.
Generating RTLIL representation for module `\_90_modfloor'.
Generating RTLIL representation for module `\_90_pow'.
Generating RTLIL representation for module `\_90_demux'.
Generating RTLIL representation for module `\_90_lut'.
Generating RTLIL representation for module `$connect'.
Generating RTLIL representation for module `$input_port'.
Successfully finished Verilog frontend.

8.22.2. Continuing TECHMAP pass.
Using template $paramod$a1bc51c02ce12ac21eb18988e83292af48ed7d72\_90_alu for cells of type $alu.
Using template $paramod$dbcdc7e8aa1a4080cea2deda6fdc8772064f4d90\_90_alu for cells of type $alu.
Using template $paramod$00298f3f8094950cb9a5ff2fda48d0d8bde8806c\_90_alu for cells of type $alu.
Using template $paramod$b18e16801adf491a64caa0542270798e5d4ac6b6\_90_alu for cells of type $alu.
Using template $paramod$740b056ede97228d3eae64ea2fdc81f0a33e0fe7\_90_alu for cells of type $alu.
Using template $paramod$78e969f2586efcf3a5b0b0440bcca0db83d5cca2\_90_alu for cells of type $alu.
Using extmapper simplemap for cells of type $not.
Using extmapper simplemap for cells of type $xor.
Using template $paramod$7e708ae28ab761f11d0fb59d3ffc72f6a4baf5d9\_90_alu for cells of type $alu.
Using template $paramod$32a7b7b86c07519b7537abc18e96f0331f97914d\_90_alu for cells of type $alu.
Using template $paramod$2af30114e9bd4ccb04dad757b3f0a8f6bf0615b0\_90_alu for cells of type $alu.
Using template $paramod$672a140277c71df8314410f22acc08d55222c3c7\_90_alu for cells of type $alu.
Using extmapper simplemap for cells of type $or.
Using extmapper simplemap for cells of type $reduce_and.
Using template $paramod$b8c0a997bce700f23568a5ada79cc6781d1f5ca0\_90_alu for cells of type $alu.
Using template $paramod$ba698a254f9a5947e85cbe7beae6b161eefc5386\_90_alu for cells of type $alu.
Using template $paramod$fc972a7a46956c1788f3cb5257b53c8f1df2d0cc\_90_alu for cells of type $alu.
Using extmapper simplemap for cells of type $reduce_or.
Using template $paramod$ce8b85216d50143a9829d5f1451c5186f340c36e\_90_alu for cells of type $alu.
Using extmapper maccmap for cells of type $macc_v2.
  add \transport.ar_owned (4 bits, unsigned)
  sub \transport.ar_cr (1 bits, unsigned)
  add \ar_v (1 bits, unsigned)
  packed 1 (1) bits / 1 words into adder tree
  sub { \match_slot [3] \match_slot [3] \match_slot [3] \match_slot [3] \match_slot [3] \match_slot [3] \match_slot [3] \match_slot [3] \match_slot [3] \match_slot [3] \match_slot [3] \match_slot [3] \match_slot [3] \match_slot [3] \match_slot [3] \match_slot [3] \match_slot [3] \match_slot [3] \match_slot [3] \match_slot [3] \match_slot [3] \match_slot [3] \match_slot [3] \match_slot [3] \match_slot [3] \match_slot [3] \match_slot [3] \match_slot [3] \match_slot [3:0] } (32 bits, signed)
  sub { \free_slot [3] \free_slot [3] \free_slot [3] \free_slot [3] \free_slot [3] \free_slot [3] \free_slot [3] \free_slot [3] \free_slot [3] \free_slot [3] \free_slot [3] \free_slot [3] \free_slot [3] \free_slot [3] \free_slot [3] \free_slot [3] \free_slot [3] \free_slot [3] \free_slot [3] \free_slot [3] \free_slot [3] \free_slot [3] \free_slot [3] \free_slot [3] \free_slot [3] \free_slot [3] \free_slot [3] \free_slot [3] \free_slot [3:0] } (32 bits, signed)
Using extmapper simplemap for cells of type $dffe.
Using extmapper simplemap for cells of type $adffe.
Using extmapper simplemap for cells of type $ne.
Using extmapper simplemap for cells of type $reduce_bool.
Using extmapper simplemap for cells of type $dff.
Using extmapper simplemap for cells of type $eq.
Using extmapper simplemap for cells of type $logic_and.
Using extmapper simplemap for cells of type $logic_not.
Using extmapper simplemap for cells of type $logic_or.
Using template $paramod$constmap:a94192c7eb070d39814c04a77002647a63207c97$paramod$3a55d5cb0043d442f8310a0b82c3ba1d6d3f1032\_90_shift_shiftx for cells of type $shift.
Using extmapper simplemap for cells of type $and.
Analyzing pattern of constant bits for this cell:
  Constant input on bit 0 of port A: 1'0
Creating constmapped module `$paramod$constmap:15663e72fa806375e2037187196926951af8d9d2$paramod$3a55d5cb0043d442f8310a0b82c3ba1d6d3f1032\_90_shift_shiftx'.

8.22.36. Executing OPT_MUXTREE pass (detect dead branches in mux trees).
Running muxtree optimizer on module $paramod$constmap:15663e72fa806375e2037187196926951af8d9d2$paramod$3a55d5cb0043d442f8310a0b82c3ba1d6d3f1032\_90_shift_shiftx..
  Creating internal representation of mux trees.
  Evaluating internal representation of mux trees.
  Analyzing evaluation results.
    dead port 2/2 on $mux $procmux$15643.
    dead port 2/2 on $mux $procmux$15649.
    dead port 2/2 on $mux $procmux$15655.
    dead port 2/2 on $mux $procmux$15661.
Removed 4 multiplexer ports.
<suppressed ~982 debug messages>

8.22.37. Executing OPT_EXPR pass (perform const folding).
Optimizing module $paramod$constmap:15663e72fa806375e2037187196926951af8d9d2$paramod$3a55d5cb0043d442f8310a0b82c3ba1d6d3f1032\_90_shift_shiftx.
<suppressed ~36 debug messages>
Removed 55 unused cells and 71 unused wires.
Using template $paramod$constmap:15663e72fa806375e2037187196926951af8d9d2$paramod$3a55d5cb0043d442f8310a0b82c3ba1d6d3f1032\_90_shift_shiftx for cells of type $shift.
Using extmapper simplemap for cells of type $mux.
Using extmapper simplemap for cells of type $adff.
Using extmapper simplemap for cells of type $pmux.
Using extmapper simplemap for cells of type $reduce_xor.
Using template $paramod$cc6a978c1b57cdb49efcec348c88d8e28bf1a01f\_90_alu for cells of type $alu.
Using template $paramod\_90_fa\WIDTH=32'00000000000000000000000000000101 for cells of type $fa.
Using template $paramod\_90_lcu_brent_kung\WIDTH=32'00000000000000000000000000000101 for cells of type $lcu.
Using extmapper simplemap for cells of type $pos.
Using template $paramod\_90_fa\WIDTH=32'00000000000000000000000000000100 for cells of type $fa.
Using template $paramod\_90_lcu_brent_kung\WIDTH=32'00000000000000000000000000000100 for cells of type $lcu.
Using template $paramod\_90_fa\WIDTH=32'00000000000000000000000000000010 for cells of type $fa.
Using template $paramod\_90_lcu_brent_kung\WIDTH=32'00000000000000000000000000000010 for cells of type $lcu.
Using template $paramod\_90_fa\WIDTH=32'00000000000000000000000000000011 for cells of type $fa.
Using template $paramod\_90_lcu_brent_kung\WIDTH=32'00000000000000000000000000000011 for cells of type $lcu.
Using template $paramod\_90_fa\WIDTH=32'00000000000000000000000000000110 for cells of type $fa.
Using template $paramod\_90_lcu_brent_kung\WIDTH=32'00000000000000000000000000000110 for cells of type $lcu.
Using template $paramod\_90_fa\WIDTH=32'00000000000000000000000000000111 for cells of type $fa.
Using template $paramod\_90_lcu_brent_kung\WIDTH=32'00000000000000000000000000000111 for cells of type $lcu.
Using template $paramod\_90_fa\WIDTH=32'00000000000000000000000000001000 for cells of type $fa.
Using template $paramod\_90_lcu_brent_kung\WIDTH=32'00000000000000000000000000001000 for cells of type $lcu.
Using template $paramod\_90_fa\WIDTH=32'00000000000000000000000000100000 for cells of type $fa.
Using template $paramod\_90_lcu_brent_kung\WIDTH=32'00000000000000000000000000100000 for cells of type $lcu.
Using template $paramod\_90_fa\WIDTH=32'00000000000000000000000000000001 for cells of type $fa.
Using template $paramod\_90_lcu_brent_kung\WIDTH=32'00000000000000000000000000000001 for cells of type $lcu.
Using template $paramod\_90_fa\WIDTH=32'00000000000000000000000000010000 for cells of type $fa.
Using template $paramod\_90_lcu_brent_kung\WIDTH=32'00000000000000000000000000010000 for cells of type $lcu.
Using template $paramod\_90_fa\WIDTH=32'00000000000000000000000000100001 for cells of type $fa.
Using template $paramod\_90_lcu_brent_kung\WIDTH=32'00000000000000000000000000100001 for cells of type $lcu.
No more expansions possible.
<suppressed ~2912 debug messages>

8.23. Executing OPT pass (performing simple optimizations).

8.23.1. Executing OPT_EXPR pass (perform const folding).
Optimizing module ot_qwen_kvc_write_link_bridge.
<suppressed ~20919 debug messages>

8.23.2. Executing OPT_MERGE pass (detect identical cells).
Finding identical cells in module `\ot_qwen_kvc_write_link_bridge'.
Computing hashes of 44255 cells of `\ot_qwen_kvc_write_link_bridge'.
Finding duplicate cells in `\ot_qwen_kvc_write_link_bridge'.
Computing hashes of 40267 cells of `\ot_qwen_kvc_write_link_bridge'.
Finding duplicate cells in `\ot_qwen_kvc_write_link_bridge'.
Computing hashes of 39002 cells of `\ot_qwen_kvc_write_link_bridge'.
Finding duplicate cells in `\ot_qwen_kvc_write_link_bridge'.
Computing hashes of 38847 cells of `\ot_qwen_kvc_write_link_bridge'.
Finding duplicate cells in `\ot_qwen_kvc_write_link_bridge'.
Computing hashes of 38826 cells of `\ot_qwen_kvc_write_link_bridge'.
Finding duplicate cells in `\ot_qwen_kvc_write_link_bridge'.
Computing hashes of 38823 cells of `\ot_qwen_kvc_write_link_bridge'.
Finding duplicate cells in `\ot_qwen_kvc_write_link_bridge'.
Computing hashes of 38821 cells of `\ot_qwen_kvc_write_link_bridge'.
Finding duplicate cells in `\ot_qwen_kvc_write_link_bridge'.
<suppressed ~16302 debug messages>
Removed a total of 5434 cells.

8.23.3. Executing OPT_DFF pass (perform DFF optimizations).

8.23.4. Executing OPT_CLEAN pass (remove unused cells and wires).
Finding unused cells or wires in module \ot_qwen_kvc_write_link_bridge..
Removed 607 unused cells and 2252 unused wires.
<suppressed ~610 debug messages>

8.23.5. Finished fast OPT passes.

8.24. Executing HIERARCHY pass (managing design hierarchy).
Attribute `top' found on module `ot_qwen_kvc_write_link_bridge'. Setting top module to ot_qwen_kvc_write_link_bridge.

8.24.1. Analyzing design hierarchy..
Top module:  \ot_qwen_kvc_write_link_bridge

8.24.2. Analyzing design hierarchy..
Top module:  \ot_qwen_kvc_write_link_bridge
Removed 0 unused modules.

8.25. Printing statistics.

=== ot_qwen_kvc_write_link_bridge ===

        +----------Local Count, excluding submodules.
        | 
    13532 wires
    68586 wire bits
      286 public wires
    23886 public wire bits
       36 ports
     1680 port bits
    38214 cells
     9153   $_AND_
      250   $_DFFE_PN0P_
        1   $_DFFE_PN1P_
     9704   $_DFFE_PP_
      126   $_DFF_PN0_
        2   $_DFF_PN1_
      389   $_DFF_P_
     1180   $_MUX_
      281   $_NOT_
     9023   $_OR_
     8096   $_XOR_
        9   $scopeinfo

8.26. Executing CHECK pass (checking for obvious problems).
Checking module ot_qwen_kvc_write_link_bridge...
Found and reported 0 problems.

9. Executing CHECK pass (checking for obvious problems).
Checking module ot_qwen_kvc_write_link_bridge...
Found and reported 0 problems.

10. Executing JSON backend.

11. Printing statistics.

=== ot_qwen_kvc_write_link_bridge ===

        +----------Local Count, excluding submodules.
        | 
    13532 wires
    68586 wire bits
      286 public wires
    23886 public wire bits
       36 ports
     1680 port bits
    38214 cells
     9153   $_AND_
      250   $_DFFE_PN0P_
        1   $_DFFE_PN1P_
     9704   $_DFFE_PP_
      126   $_DFF_PN0_
        2   $_DFF_PN1_
      389   $_DFF_P_
     1180   $_MUX_
      281   $_NOT_
     9023   $_OR_
     8096   $_XOR_
        9   $scopeinfo

