family,design,model,context_tokens,batch_size,device_count,topology_kind,parallelism,link,node,weight_store,kv_store,weight_amortization,silicon_area_mm2,silicon_area_mm2_per_device,feasible,per_user_tokens_s,aggregate_tokens_s,step_time_s,binding_constraint,power_w,thermal_scale,stored_weight_bytes,engaged_weight_bytes,engaged_weight_fraction,expert_coverage,resident_kv_bytes,max_resident_users,weight_to_kv_read_ratio,execution_format,hop_events_per_token,rom_sweep_ceiling_tokens_s
rom,Qwen3-8B/ROM-N5-native-SRAMKV-array-pipeline-x3,Qwen3-8B,8192,1,3,array,pipeline,nvlink,N5,rom,sram,batched,2445.0,815.0,True,11353.699742720391,11353.699742720391,8.807701653737727e-05,weight_read,116.83176857419038,1.0,16381470720,15136811008.0,0.9240202706292784,1.0,1207959552.0,1.0,12.530892266167534,bf16,2.0,13062.857142857145
rom,Qwen3-8B/ROM-N5-native-SRAMKV-array-pipeline-x3,Qwen3-8B,8192,8,3,array,pipeline,nvlink,N5,rom,sram,batched,2445.0,815.0,False,0.0,0.0,0.00040012014003423736,capacity_or_format,73.33474983760931,1.0,16381470720,15136811008.0,0.9240202706292784,1.0,9663676416.0,1.0,1.5663615332709417,bf16,2.0,13062.857142857145
rom,Qwen3-8B/ROM-N5-native-SRAMKV-array-pipeline-x3,Qwen3-8B,8192,32,3,array,pipeline,nvlink,N5,rom,sram,batched,2445.0,815.0,False,0.0,0.0,0.0015914805601369496,capacity_or_format,59.48274038449697,1.0,16381470720,15136811008.0,0.9240202706292784,1.0,38654705664.0,1.0,0.39159038331773544,bf16,2.0,13062.857142857145
rom,Qwen3-8B/ROM-N5-native-SRAMKV-array-pipeline-x3,Qwen3-8B,8192,64,3,array,pipeline,nvlink,N5,rom,sram,batched,2445.0,815.0,False,0.0,0.0,0.003179961120273899,capacity_or_format,57.15882603355359,1.0,16381470720,15136811008.0,0.9240202706292784,1.0,77309411328.0,1.0,0.19579519165886772,bf16,2.0,13062.857142857145
rom,Qwen3-8B/ROM-N5-native-SRAMKV-array-pipeline-x3,Qwen3-8B,8192,256,3,array,pipeline,nvlink,N5,rom,sram,batched,2445.0,815.0,False,0.0,0.0,0.012710844481095596,capacity_or_format,55.41301070942611,1.0,16381470720,15136811008.0,0.9240202706292784,1.0,309237645312.0,1.0,0.04894879791471693,bf16,2.0,13062.857142857145
rom,Qwen3-8B/ROM-N5-native-SRAMKV-array-pipeline-x3-perstream,Qwen3-8B,8192,1,3,array,pipeline,nvlink,N5,rom,sram,per_stream,2445.0,815.0,True,11353.699742720391,11353.699742720391,8.807701653737727e-05,weight_read,116.83176857419038,1.0,16381470720,15136811008.0,0.9240202706292784,1.0,1207959552.0,1.0,12.530892266167534,bf16,2.0,13062.857142857145
rom,Qwen3-8B/ROM-N5-native-SRAMKV-array-pipeline-x3-perstream,Qwen3-8B,8192,8,3,array,pipeline,nvlink,N5,rom,sram,per_stream,2445.0,815.0,False,0.0,0.0,0.000683616132299018,capacity_or_format,120.42072299486348,1.0,16381470720,121094488064.0,0.9240202706292784,1.0,9663676416.0,1.0,12.530892266167534,bf16,2.0,1632.8571428571431
rom,Qwen3-8B/ROM-N5-native-SRAMKV-array-pipeline-x3-perstream,Qwen3-8B,8192,32,3,array,pipeline,nvlink,N5,rom,sram,per_stream,2445.0,815.0,False,0.0,0.0,0.0027254645291960723,capacity_or_format,120.81837502641402,1.0,16381470720,484377952256.0,0.9240202706292784,1.0,38654705664.0,1.0,12.530892266167534,bf16,2.0,408.2142857142858
rom,Qwen3-8B/ROM-N5-native-SRAMKV-array-pipeline-x3-perstream,Qwen3-8B,8192,64,3,array,pipeline,nvlink,N5,rom,sram,per_stream,2445.0,815.0,False,0.0,0.0,0.005447929058392144,capacity_or_format,120.88490583494593,1.0,16381470720,968755904512.0,0.9240202706292784,1.0,77309411328.0,1.0,12.530892266167534,bf16,2.0,204.1071428571429
rom,Qwen3-8B/ROM-N5-native-SRAMKV-array-pipeline-x3-perstream,Qwen3-8B,8192,256,3,array,pipeline,nvlink,N5,rom,sram,per_stream,2445.0,815.0,False,0.0,0.0,0.021782716233568578,capacity_or_format,120.93485204646741,1.0,16381470720,3875023618048.0,0.9240202706292784,1.0,309237645312.0,1.0,12.530892266167534,bf16,2.0,51.02678571428572
rom,Qwen3-8B/ROM-N5-native-SRAMKV-array-pipeline-x3-perregion,Qwen3-8B,8192,1,3,array,pipeline,nvlink,N5,rom,sram,per_region,2445.0,815.0,True,11353.699742720391,11353.699742720391,8.807701653737727e-05,weight_read,116.83176857419038,1.0,16381470720,15136811008.0,0.9240202706292784,1.0,1207959552.0,1.0,12.530892266167534,bf16,2.0,13062.857142857145
rom,Qwen3-8B/ROM-N5-native-SRAMKV-array-pipeline-x3-perregion,Qwen3-8B,8192,8,3,array,pipeline,nvlink,N5,rom,sram,per_region,2445.0,815.0,False,0.0,0.0,0.000683616132299018,capacity_or_format,120.42072299486348,1.0,16381470720,121094488064.0,0.9240202706292784,1.0,9663676416.0,1.0,12.530892266167534,bf16,2.0,1632.8571428571431
rom,Qwen3-8B/ROM-N5-native-SRAMKV-array-pipeline-x3-perregion,Qwen3-8B,8192,32,3,array,pipeline,nvlink,N5,rom,sram,per_region,2445.0,815.0,False,0.0,0.0,0.0027254645291960723,capacity_or_format,120.81837502641402,1.0,16381470720,484377952256.0,0.9240202706292784,1.0,38654705664.0,1.0,12.530892266167534,bf16,2.0,408.2142857142858
rom,Qwen3-8B/ROM-N5-native-SRAMKV-array-pipeline-x3-perregion,Qwen3-8B,8192,64,3,array,pipeline,nvlink,N5,rom,sram,per_region,2445.0,815.0,False,0.0,0.0,0.005447929058392144,capacity_or_format,120.88490583494593,1.0,16381470720,968755904512.0,0.9240202706292784,1.0,77309411328.0,1.0,12.530892266167534,bf16,2.0,204.1071428571429
rom,Qwen3-8B/ROM-N5-native-SRAMKV-array-pipeline-x3-perregion,Qwen3-8B,8192,256,3,array,pipeline,nvlink,N5,rom,sram,per_region,2445.0,815.0,False,0.0,0.0,0.021782716233568578,capacity_or_format,120.93485204646741,1.0,16381470720,3875023618048.0,0.9240202706292784,1.0,309237645312.0,1.0,12.530892266167534,bf16,2.0,51.02678571428572
rom,Qwen3-8B/ROM-N5-native-SRAMKV-array-tensor-x3,Qwen3-8B,8192,1,3,array,tensor,nvlink,N5,rom,sram,batched,2445.0,815.0,True,5127.550587355189,5127.550587355189,0.0001950248920929328,link_latency,52.763488303311256,1.0,16381470720,15136811008.0,0.9240202706292784,1.0,1207959552.0,1.0,12.530892266167534,bf16,72.0,13062.857142857145
rom,Qwen3-8B/ROM-N5-native-SRAMKV-array-tensor-x3,Qwen3-8B,8192,8,3,array,tensor,nvlink,N5,rom,sram,batched,2445.0,815.0,False,0.0,0.0,0.0005207031444786818,capacity_or_format,56.35208983379075,1.0,16381470720,15136811008.0,0.9240202706292784,1.0,9663676416.0,1.0,1.5663615332709417,bf16,72.0,13062.857142857145
rom,Qwen3-8B/ROM-N5-native-SRAMKV-array-tensor-x3,Qwen3-8B,8192,32,3,array,tensor,nvlink,N5,rom,sram,batched,2445.0,815.0,False,0.0,0.0,0.0017588125779147274,capacity_or_format,53.82360018020617,1.0,16381470720,15136811008.0,0.9240202706292784,1.0,38654705664.0,1.0,0.39159038331773544,bf16,72.0,13062.857142857145
rom,Qwen3-8B/ROM-N5-native-SRAMKV-array-tensor-x3,Qwen3-8B,8192,64,3,array,tensor,nvlink,N5,rom,sram,batched,2445.0,815.0,False,0.0,0.0,0.0034096251558294547,capacity_or_format,53.30874690328908,1.0,16381470720,15136811008.0,0.9240202706292784,1.0,77309411328.0,1.0,0.19579519165886772,bf16,72.0,13062.857142857145
rom,Qwen3-8B/ROM-N5-native-SRAMKV-array-tensor-x3,Qwen3-8B,8192,256,3,array,tensor,nvlink,N5,rom,sram,batched,2445.0,815.0,False,0.0,0.0,0.01331450062331782,capacity_or_format,52.900681841816244,1.0,16381470720,15136811008.0,0.9240202706292784,1.0,309237645312.0,1.0,0.04894879791471693,bf16,72.0,13062.857142857145
rom,Qwen3-8B/ROM-N5-native-SRAMKV-array-tensor-x3-perstream,Qwen3-8B,8192,1,3,array,tensor,nvlink,N5,rom,sram,per_stream,2445.0,815.0,True,5127.550587355189,5127.550587355189,0.0001950248920929328,link_latency,52.763488303311256,1.0,16381470720,15136811008.0,0.9240202706292784,1.0,1207959552.0,1.0,12.530892266167534,bf16,72.0,13062.857142857145
rom,Qwen3-8B/ROM-N5-native-SRAMKV-array-tensor-x3-perstream,Qwen3-8B,8192,8,3,array,tensor,nvlink,N5,rom,sram,per_stream,2445.0,815.0,False,0.0,0.0,0.0008041991367434625,capacity_or_format,102.36463226726934,1.0,16381470720,121094488064.0,0.9240202706292784,1.0,9663676416.0,1.0,12.530892266167534,bf16,72.0,1632.8571428571431
rom,Qwen3-8B/ROM-N5-native-SRAMKV-array-tensor-x3-perstream,Qwen3-8B,8192,32,3,array,tensor,nvlink,N5,rom,sram,per_stream,2445.0,815.0,False,0.0,0.0,0.00289279654697385,capacity_or_format,113.82971123706082,1.0,16381470720,484377952256.0,0.9240202706292784,1.0,38654705664.0,1.0,12.530892266167534,bf16,72.0,408.2142857142858
rom,Qwen3-8B/ROM-N5-native-SRAMKV-array-tensor-x3-perstream,Qwen3-8B,8192,64,3,array,tensor,nvlink,N5,rom,sram,per_stream,2445.0,815.0,False,0.0,0.0,0.0056775930939477,capacity_or_format,115.9949965278837,1.0,16381470720,968755904512.0,0.9240202706292784,1.0,77309411328.0,1.0,12.530892266167534,bf16,72.0,204.1071428571429
rom,Qwen3-8B/ROM-N5-native-SRAMKV-array-tensor-x3-perstream,Qwen3-8B,8192,256,3,array,tensor,nvlink,N5,rom,sram,per_stream,2445.0,815.0,False,0.0,0.0,0.0223863723757908,capacity_or_format,117.67380264457624,1.0,16381470720,3875023618048.0,0.9240202706292784,1.0,309237645312.0,1.0,12.530892266167534,bf16,72.0,51.02678571428572
rom,Qwen3-8B/ROM-N5-native-SRAMKV-array-tensor-x3-perregion,Qwen3-8B,8192,1,3,array,tensor,nvlink,N5,rom,sram,per_region,2445.0,815.0,True,5127.550587355189,5127.550587355189,0.0001950248920929328,link_latency,52.763488303311256,1.0,16381470720,15136811008.0,0.9240202706292784,1.0,1207959552.0,1.0,12.530892266167534,bf16,72.0,13062.857142857145
rom,Qwen3-8B/ROM-N5-native-SRAMKV-array-tensor-x3-perregion,Qwen3-8B,8192,8,3,array,tensor,nvlink,N5,rom,sram,per_region,2445.0,815.0,False,0.0,0.0,0.0008041991367434625,capacity_or_format,102.36463226726934,1.0,16381470720,121094488064.0,0.9240202706292784,1.0,9663676416.0,1.0,12.530892266167534,bf16,72.0,1632.8571428571431
rom,Qwen3-8B/ROM-N5-native-SRAMKV-array-tensor-x3-perregion,Qwen3-8B,8192,32,3,array,tensor,nvlink,N5,rom,sram,per_region,2445.0,815.0,False,0.0,0.0,0.00289279654697385,capacity_or_format,113.82971123706082,1.0,16381470720,484377952256.0,0.9240202706292784,1.0,38654705664.0,1.0,12.530892266167534,bf16,72.0,408.2142857142858
rom,Qwen3-8B/ROM-N5-native-SRAMKV-array-tensor-x3-perregion,Qwen3-8B,8192,64,3,array,tensor,nvlink,N5,rom,sram,per_region,2445.0,815.0,False,0.0,0.0,0.0056775930939477,capacity_or_format,115.9949965278837,1.0,16381470720,968755904512.0,0.9240202706292784,1.0,77309411328.0,1.0,12.530892266167534,bf16,72.0,204.1071428571429
rom,Qwen3-8B/ROM-N5-native-SRAMKV-array-tensor-x3-perregion,Qwen3-8B,8192,256,3,array,tensor,nvlink,N5,rom,sram,per_region,2445.0,815.0,False,0.0,0.0,0.0223863723757908,capacity_or_format,117.67380264457624,1.0,16381470720,3875023618048.0,0.9240202706292784,1.0,309237645312.0,1.0,12.530892266167534,bf16,72.0,51.02678571428572
rom,Qwen3-8B/ROM-N5-native-SRAMKV-wafer-pipeline-x1,Qwen3-8B,8192,1,1,wafer,pipeline,on_wafer,N5,rom,sram,batched,46225.0,46225.0,True,12172.417715251113,12172.417715251113,8.215294803324701e-05,weight_read,125.25653502581058,1.0,16381470720,15136811008.0,0.9240202706292784,1.0,1207959552.0,1.0,12.530892266167534,bf16,56.0,13062.857142857145
rom,Qwen3-8B/ROM-N5-native-SRAMKV-wafer-pipeline-x1,Qwen3-8B,8192,8,1,wafer,pipeline,on_wafer,N5,rom,sram,batched,46225.0,46225.0,False,0.0,0.0,8.215306808049935e-05,capacity_or_format,357.1712056529398,1.0,16381470720,15136811008.0,0.9240202706292784,1.0,9663676416.0,1.0,1.5663615332709417,bf16,56.0,13062.857142857145
rom,Qwen3-8B/ROM-N5-native-SRAMKV-wafer-pipeline-x1,Qwen3-8B,8192,32,1,wafer,pipeline,on_wafer,N5,rom,sram,batched,46225.0,46225.0,False,0.0,0.0,0.00030238985994918697,capacity_or_format,313.05819911258743,1.0,16381470720,15136811008.0,0.9240202706292784,1.0,38654705664.0,1.0,0.39159038331773544,bf16,56.0,13062.857142857145
rom,Qwen3-8B/ROM-N5-native-SRAMKV-wafer-pipeline-x1,Qwen3-8B,8192,64,1,wafer,pipeline,on_wafer,N5,rom,sram,batched,46225.0,46225.0,False,0.0,0.0,0.0005991797198983739,capacity_or_format,303.3527978851296,1.0,16381470720,15136811008.0,0.9240202706292784,1.0,77309411328.0,1.0,0.19579519165886772,bf16,56.0,13062.857142857145
rom,Qwen3-8B/ROM-N5-native-SRAMKV-wafer-pipeline-x1,Qwen3-8B,8192,256,1,wafer,pipeline,on_wafer,N5,rom,sram,batched,46225.0,46225.0,False,0.0,0.0,0.0023799188795934957,capacity_or_format,295.95385262757634,1.0,16381470720,15136811008.0,0.9240202706292784,1.0,309237645312.0,1.0,0.04894879791471693,bf16,56.0,13062.857142857145
rom,Qwen3-8B/ROM-N5-native-SRAMKV-wafer-pipeline-x1-perstream,Qwen3-8B,8192,1,1,wafer,pipeline,on_wafer,N5,rom,sram,per_stream,46225.0,46225.0,True,12172.417715251113,12172.417715251113,8.215294803324701e-05,weight_read,125.25653502581058,1.0,16381470720,15136811008.0,0.9240202706292784,1.0,1207959552.0,1.0,12.530892266167534,bf16,56.0,13062.857142857145
rom,Qwen3-8B/ROM-N5-native-SRAMKV-wafer-pipeline-x1-perstream,Qwen3-8B,8192,8,1,wafer,pipeline,on_wafer,N5,rom,sram,per_stream,46225.0,46225.0,False,0.0,0.0,0.0006180235842659761,capacity_or_format,133.20130654912293,1.0,16381470720,121094488064.0,0.9240202706292784,1.0,9663676416.0,1.0,12.530892266167534,bf16,56.0,1632.8571428571431
rom,Qwen3-8B/ROM-N5-native-SRAMKV-wafer-pipeline-x1-perstream,Qwen3-8B,8192,32,1,wafer,pipeline,on_wafer,N5,rom,sram,per_stream,46225.0,46225.0,False,0.0,0.0,0.0024552943370639044,capacity_or_format,134.1127174200091,1.0,16381470720,484377952256.0,0.9240202706292784,1.0,38654705664.0,1.0,12.530892266167534,bf16,56.0,408.2142857142858
rom,Qwen3-8B/ROM-N5-native-SRAMKV-wafer-pipeline-x1-perstream,Qwen3-8B,8192,64,1,wafer,pipeline,on_wafer,N5,rom,sram,per_stream,46225.0,46225.0,False,0.0,0.0,0.004904988674127809,capacity_or_format,134.26583321037035,1.0,16381470720,968755904512.0,0.9240202706292784,1.0,77309411328.0,1.0,12.530892266167534,bf16,56.0,204.1071428571429
rom,Qwen3-8B/ROM-N5-native-SRAMKV-wafer-pipeline-x1-perstream,Qwen3-8B,8192,256,1,wafer,pipeline,on_wafer,N5,rom,sram,per_stream,46225.0,46225.0,False,0.0,0.0,0.019603154696511235,capacity_or_format,134.38089968986588,1.0,16381470720,3875023618048.0,0.9240202706292784,1.0,309237645312.0,1.0,12.530892266167534,bf16,56.0,51.02678571428572
rom,Qwen3-8B/ROM-N5-native-SRAMKV-wafer-pipeline-x1-perregion,Qwen3-8B,8192,1,1,wafer,pipeline,on_wafer,N5,rom,sram,per_region,46225.0,46225.0,True,12172.417715251113,12172.417715251113,8.215294803324701e-05,weight_read,125.25653502581058,1.0,16381470720,15136811008.0,0.9240202706292784,1.0,1207959552.0,1.0,12.530892266167534,bf16,56.0,13062.857142857145
rom,Qwen3-8B/ROM-N5-native-SRAMKV-wafer-pipeline-x1-perregion,Qwen3-8B,8192,8,1,wafer,pipeline,on_wafer,N5,rom,sram,per_region,46225.0,46225.0,False,0.0,0.0,0.0006180235842659761,capacity_or_format,133.20130654912293,1.0,16381470720,121094488064.0,0.9240202706292784,1.0,9663676416.0,1.0,12.530892266167534,bf16,56.0,1632.8571428571431
rom,Qwen3-8B/ROM-N5-native-SRAMKV-wafer-pipeline-x1-perregion,Qwen3-8B,8192,32,1,wafer,pipeline,on_wafer,N5,rom,sram,per_region,46225.0,46225.0,False,0.0,0.0,0.0024552943370639044,capacity_or_format,134.1127174200091,1.0,16381470720,484377952256.0,0.9240202706292784,1.0,38654705664.0,1.0,12.530892266167534,bf16,56.0,408.2142857142858
rom,Qwen3-8B/ROM-N5-native-SRAMKV-wafer-pipeline-x1-perregion,Qwen3-8B,8192,64,1,wafer,pipeline,on_wafer,N5,rom,sram,per_region,46225.0,46225.0,False,0.0,0.0,0.004904988674127809,capacity_or_format,134.26583321037035,1.0,16381470720,968755904512.0,0.9240202706292784,1.0,77309411328.0,1.0,12.530892266167534,bf16,56.0,204.1071428571429
rom,Qwen3-8B/ROM-N5-native-SRAMKV-wafer-pipeline-x1-perregion,Qwen3-8B,8192,256,1,wafer,pipeline,on_wafer,N5,rom,sram,per_region,46225.0,46225.0,False,0.0,0.0,0.019603154696511235,capacity_or_format,134.38089968986588,1.0,16381470720,3875023618048.0,0.9240202706292784,1.0,309237645312.0,1.0,12.530892266167534,bf16,56.0,51.02678571428572
rom,Qwen3-8B/ROM-N5-native-SRAMKV-wafer-tensor-x1,Qwen3-8B,8192,1,1,wafer,tensor,on_wafer,N5,rom,sram,batched,46225.0,46225.0,True,11939.87123369956,11939.87123369956,8.375299703212551e-05,weight_read,122.86358670666965,1.0,16381470720,15136811008.0,0.9240202706292784,1.0,1207959552.0,1.0,12.530892266167534,bf16,72.0,13062.857142857145
rom,Qwen3-8B/ROM-N5-native-SRAMKV-wafer-tensor-x1,Qwen3-8B,8192,8,1,wafer,tensor,on_wafer,N5,rom,sram,batched,46225.0,46225.0,False,0.0,0.0,8.375346007152738e-05,capacity_or_format,350.34624658301465,1.0,16381470720,15136811008.0,0.9240202706292784,1.0,9663676416.0,1.0,1.5663615332709417,bf16,72.0,13062.857142857145
rom,Qwen3-8B/ROM-N5-native-SRAMKV-wafer-tensor-x1,Qwen3-8B,8192,32,1,wafer,tensor,on_wafer,N5,rom,sram,batched,46225.0,46225.0,False,0.0,0.0,0.0003039914279132991,capacity_or_format,311.4088631887325,1.0,16381470720,15136811008.0,0.9240202706292784,1.0,38654705664.0,1.0,0.39159038331773544,bf16,72.0,13062.857142857145
rom,Qwen3-8B/ROM-N5-native-SRAMKV-wafer-tensor-x1,Qwen3-8B,8192,64,1,wafer,tensor,on_wafer,N5,rom,sram,batched,46225.0,46225.0,False,0.0,0.0,0.0006007828558265983,capacity_or_format,302.54332776709845,1.0,16381470720,15136811008.0,0.9240202706292784,1.0,77309411328.0,1.0,0.19579519165886772,bf16,72.0,13062.857142857145
rom,Qwen3-8B/ROM-N5-native-SRAMKV-wafer-tensor-x1,Qwen3-8B,8192,256,1,wafer,tensor,on_wafer,N5,rom,sram,batched,46225.0,46225.0,False,0.0,0.0,0.002381531423306393,capacity_or_format,295.7534611821006,1.0,16381470720,15136811008.0,0.9240202706292784,1.0,309237645312.0,1.0,0.04894879791471693,bf16,72.0,13062.857142857145
rom,Qwen3-8B/ROM-N5-native-SRAMKV-wafer-tensor-x1-perstream,Qwen3-8B,8192,1,1,wafer,tensor,on_wafer,N5,rom,sram,per_stream,46225.0,46225.0,True,11939.87123369956,11939.87123369956,8.375299703212551e-05,weight_read,122.86358670666965,1.0,16381470720,15136811008.0,0.9240202706292784,1.0,1207959552.0,1.0,12.530892266167534,bf16,72.0,13062.857142857145
rom,Qwen3-8B/ROM-N5-native-SRAMKV-wafer-tensor-x1-perstream,Qwen3-8B,8192,8,1,wafer,tensor,on_wafer,N5,rom,sram,per_stream,46225.0,46225.0,False,0.0,0.0,0.0006196239762570041,capacity_or_format,132.85726837054338,1.0,16381470720,121094488064.0,0.9240202706292784,1.0,9663676416.0,1.0,12.530892266167534,bf16,72.0,1632.8571428571431
rom,Qwen3-8B/ROM-N5-native-SRAMKV-wafer-tensor-x1-perstream,Qwen3-8B,8192,32,1,wafer,tensor,on_wafer,N5,rom,sram,per_stream,46225.0,46225.0,False,0.0,0.0,0.0024568959050280167,capacity_or_format,134.02529384159848,1.0,16381470720,484377952256.0,0.9240202706292784,1.0,38654705664.0,1.0,12.530892266167534,bf16,72.0,408.2142857142858
rom,Qwen3-8B/ROM-N5-native-SRAMKV-wafer-tensor-x1-perstream,Qwen3-8B,8192,64,1,wafer,tensor,on_wafer,N5,rom,sram,per_stream,46225.0,46225.0,False,0.0,0.0,0.004906591810056033,capacity_or_format,134.22196439277045,1.0,16381470720,968755904512.0,0.9240202706292784,1.0,77309411328.0,1.0,12.530892266167534,bf16,72.0,204.1071428571429
rom,Qwen3-8B/ROM-N5-native-SRAMKV-wafer-tensor-x1-perstream,Qwen3-8B,8192,256,1,wafer,tensor,on_wafer,N5,rom,sram,per_stream,46225.0,46225.0,False,0.0,0.0,0.01960476724022413,capacity_or_format,134.3698465071235,1.0,16381470720,3875023618048.0,0.9240202706292784,1.0,309237645312.0,1.0,12.530892266167534,bf16,72.0,51.02678571428572
rom,Qwen3-8B/ROM-N5-native-SRAMKV-wafer-tensor-x1-perregion,Qwen3-8B,8192,1,1,wafer,tensor,on_wafer,N5,rom,sram,per_region,46225.0,46225.0,True,11939.87123369956,11939.87123369956,8.375299703212551e-05,weight_read,122.86358670666965,1.0,16381470720,15136811008.0,0.9240202706292784,1.0,1207959552.0,1.0,12.530892266167534,bf16,72.0,13062.857142857145
rom,Qwen3-8B/ROM-N5-native-SRAMKV-wafer-tensor-x1-perregion,Qwen3-8B,8192,8,1,wafer,tensor,on_wafer,N5,rom,sram,per_region,46225.0,46225.0,False,0.0,0.0,0.0006196239762570041,capacity_or_format,132.85726837054338,1.0,16381470720,121094488064.0,0.9240202706292784,1.0,9663676416.0,1.0,12.530892266167534,bf16,72.0,1632.8571428571431
rom,Qwen3-8B/ROM-N5-native-SRAMKV-wafer-tensor-x1-perregion,Qwen3-8B,8192,32,1,wafer,tensor,on_wafer,N5,rom,sram,per_region,46225.0,46225.0,False,0.0,0.0,0.0024568959050280167,capacity_or_format,134.02529384159848,1.0,16381470720,484377952256.0,0.9240202706292784,1.0,38654705664.0,1.0,12.530892266167534,bf16,72.0,408.2142857142858
rom,Qwen3-8B/ROM-N5-native-SRAMKV-wafer-tensor-x1-perregion,Qwen3-8B,8192,64,1,wafer,tensor,on_wafer,N5,rom,sram,per_region,46225.0,46225.0,False,0.0,0.0,0.004906591810056033,capacity_or_format,134.22196439277045,1.0,16381470720,968755904512.0,0.9240202706292784,1.0,77309411328.0,1.0,12.530892266167534,bf16,72.0,204.1071428571429
rom,Qwen3-8B/ROM-N5-native-SRAMKV-wafer-tensor-x1-perregion,Qwen3-8B,8192,256,1,wafer,tensor,on_wafer,N5,rom,sram,per_region,46225.0,46225.0,False,0.0,0.0,0.01960476724022413,capacity_or_format,134.3698465071235,1.0,16381470720,3875023618048.0,0.9240202706292784,1.0,309237645312.0,1.0,12.530892266167534,bf16,72.0,51.02678571428572
rom,Qwen3-8B/ROM-N5-native-HBMKV-array-pipeline-x4,Qwen3-8B,8192,1,4,array,pipeline,nvlink,N5,rom,hbm,batched,3260.0,815.0,True,11162.443622359144,11162.443622359144,8.958611875959948e-05,weight_read,522.1235823366652,1.0,16381470720,15136811008.0,0.9240202706292784,1.0,1207959552.0,335.0,12.530892266167534,bf16,3.0,13062.857142857145
rom,Qwen3-8B/ROM-N5-native-HBMKV-array-pipeline-x4,Qwen3-8B,8192,8,4,array,pipeline,nvlink,N5,rom,hbm,batched,3260.0,815.0,True,1571.3180597931505,12570.544478345204,0.0006364083921568627,kv_read,504.7409296702439,1.0,16381470720,15136811008.0,0.9240202706292784,1.0,9663676416.0,335.0,1.5663615332709417,bf16,3.0,13062.857142857145
rom,Qwen3-8B/ROM-N5-native-HBMKV-array-pipeline-x4,Qwen3-8B,8192,32,4,array,pipeline,nvlink,N5,rom,hbm,batched,3260.0,815.0,True,394.92387462879867,12637.563988121557,0.002532133568627451,kv_read,498.4651098800321,1.0,16381470720,15136811008.0,0.9240202706292784,1.0,38654705664.0,335.0,0.39159038331773544,bf16,3.0,13062.857142857145
rom,Qwen3-8B/ROM-N5-native-HBMKV-array-pipeline-x4,Qwen3-8B,8192,64,4,array,pipeline,nvlink,N5,rom,hbm,batched,3260.0,815.0,True,197.63755383860106,12648.803445670468,0.005059767137254902,kv_read,497.4126281422206,1.0,16381470720,15136811008.0,0.9240202706292784,1.0,77309411328.0,335.0,0.19579519165886772,bf16,3.0,13062.857142857145
rom,Qwen3-8B/ROM-N5-native-HBMKV-array-pipeline-x4,Qwen3-8B,8192,256,4,array,pipeline,nvlink,N5,rom,hbm,batched,3260.0,815.0,True,49.44236784129725,12657.246167372095,0.020225568549019607,kv_read,496.62203746026637,1.0,16381470720,15136811008.0,0.9240202706292784,1.0,309237645312.0,335.0,0.04894879791471693,bf16,3.0,13062.857142857145
rom,Qwen3-8B/ROM-N5-native-HBMKV-array-pipeline-x4-perstream,Qwen3-8B,8192,1,4,array,pipeline,nvlink,N5,rom,hbm,per_stream,3260.0,815.0,True,11162.443622359144,11162.443622359144,8.958611875959948e-05,weight_read,522.1235823366652,1.0,16381470720,15136811008.0,0.9240202706292784,1.0,1207959552.0,335.0,12.530892266167534,bf16,3.0,13062.857142857145
rom,Qwen3-8B/ROM-N5-native-HBMKV-array-pipeline-x4-perstream,Qwen3-8B,8192,8,4,array,pipeline,nvlink,N5,rom,hbm,per_stream,3260.0,815.0,True,1459.451440201889,11675.611521615112,0.0006851889500767959,weight_read,546.1270237841105,1.0,16381470720,121094488064.0,0.9240202706292784,1.0,9663676416.0,335.0,12.530892266167534,bf16,3.0,1632.8571428571431
rom,Qwen3-8B/ROM-N5-native-HBMKV-array-pipeline-x4-perstream,Qwen3-8B,8192,32,4,array,pipeline,nvlink,N5,rom,hbm,per_stream,3260.0,815.0,True,366.66894241726993,11733.406157352638,0.0027272558003071834,weight_read,548.8303693303021,1.0,16381470720,484377952256.0,0.9240202706292784,1.0,38654705664.0,335.0,12.530892266167534,bf16,3.0,408.2142857142858
rom,Qwen3-8B/ROM-N5-native-HBMKV-array-pipeline-x4-perstream,Qwen3-8B,8192,64,4,array,pipeline,nvlink,N5,rom,hbm,per_stream,3260.0,815.0,True,183.48584797274054,11743.094270255395,0.005450011600614367,weight_read,549.283531055996,1.0,16381470720,968755904512.0,0.9240202706292784,1.0,77309411328.0,335.0,12.530892266167534,bf16,3.0,204.1071428571429
rom,Qwen3-8B/ROM-N5-native-HBMKV-array-pipeline-x4-perstream,Qwen3-8B,8192,256,4,array,pipeline,nvlink,N5,rom,hbm,per_stream,3260.0,815.0,True,45.89988617412086,11750.37086057494,0.021786546402457467,weight_read,549.6238937519587,1.0,16381470720,3875023618048.0,0.9240202706292784,1.0,309237645312.0,335.0,12.530892266167534,bf16,3.0,51.02678571428572
rom,Qwen3-8B/ROM-N5-native-HBMKV-array-pipeline-x4-perregion,Qwen3-8B,8192,1,4,array,pipeline,nvlink,N5,rom,hbm,per_region,3260.0,815.0,True,11162.443622359144,11162.443622359144,8.958611875959948e-05,weight_read,522.1235823366652,1.0,16381470720,15136811008.0,0.9240202706292784,1.0,1207959552.0,335.0,12.530892266167534,bf16,3.0,13062.857142857145
rom,Qwen3-8B/ROM-N5-native-HBMKV-array-pipeline-x4-perregion,Qwen3-8B,8192,8,4,array,pipeline,nvlink,N5,rom,hbm,per_region,3260.0,815.0,True,1459.451440201889,11675.611521615112,0.0006851889500767959,weight_read,546.1270237841105,1.0,16381470720,121094488064.0,0.9240202706292784,1.0,9663676416.0,335.0,12.530892266167534,bf16,3.0,1632.8571428571431
rom,Qwen3-8B/ROM-N5-native-HBMKV-array-pipeline-x4-perregion,Qwen3-8B,8192,32,4,array,pipeline,nvlink,N5,rom,hbm,per_region,3260.0,815.0,True,366.66894241726993,11733.406157352638,0.0027272558003071834,weight_read,548.8303693303021,1.0,16381470720,484377952256.0,0.9240202706292784,1.0,38654705664.0,335.0,12.530892266167534,bf16,3.0,408.2142857142858
rom,Qwen3-8B/ROM-N5-native-HBMKV-array-pipeline-x4-perregion,Qwen3-8B,8192,64,4,array,pipeline,nvlink,N5,rom,hbm,per_region,3260.0,815.0,True,183.48584797274054,11743.094270255395,0.005450011600614367,weight_read,549.283531055996,1.0,16381470720,968755904512.0,0.9240202706292784,1.0,77309411328.0,335.0,12.530892266167534,bf16,3.0,204.1071428571429
rom,Qwen3-8B/ROM-N5-native-HBMKV-array-pipeline-x4-perregion,Qwen3-8B,8192,256,4,array,pipeline,nvlink,N5,rom,hbm,per_region,3260.0,815.0,True,45.89988617412086,11750.37086057494,0.021786546402457467,weight_read,549.6238937519587,1.0,16381470720,3875023618048.0,0.9240202706292784,1.0,309237645312.0,335.0,12.530892266167534,bf16,3.0,51.02678571428572
rom,Qwen3-8B/ROM-N5-native-HBMKV-array-tensor-x4,Qwen3-8B,8192,1,4,array,tensor,nvlink,N5,rom,hbm,batched,3260.0,815.0,True,5127.550587355189,5127.550587355189,0.0001950248920929328,link_latency,239.84130821675257,1.0,16381470720,15136811008.0,0.9240202706292784,1.0,1207959552.0,335.0,12.530892266167534,bf16,72.0,13062.857142857145
rom,Qwen3-8B/ROM-N5-native-HBMKV-array-tensor-x4,Qwen3-8B,8192,8,4,array,tensor,nvlink,N5,rom,hbm,batched,3260.0,815.0,True,1323.7694015381192,10590.155212304953,0.0007554185788235294,kv_read,425.2230121311849,1.0,16381470720,15136811008.0,0.9240202706292784,1.0,9663676416.0,335.0,1.5663615332709417,bf16,72.0,13062.857142857145
rom,Qwen3-8B/ROM-N5-native-HBMKV-array-tensor-x4,Qwen3-8B,8192,32,4,array,tensor,nvlink,N5,rom,hbm,batched,3260.0,815.0,True,370.68966936839956,11862.069419788786,0.0026976743152941174,kv_read,467.87717492843063,1.0,16381470720,15136811008.0,0.9240202706292784,1.0,38654705664.0,335.0,0.39159038331773544,bf16,72.0,13062.857142857145
rom,Qwen3-8B/ROM-N5-native-HBMKV-array-tensor-x4,Qwen3-8B,8192,64,4,array,tensor,nvlink,N5,rom,hbm,batched,3260.0,815.0,True,189.1307099015233,12104.36543369749,0.005287348630588235,kv_read,476.0026707846573,1.0,16381470720,15136811008.0,0.9240202706292784,1.0,77309411328.0,335.0,0.19579519165886772,bf16,72.0,13062.857142857145
rom,Qwen3-8B/ROM-N5-native-HBMKV-array-tensor-x4,Qwen3-8B,8192,256,4,array,tensor,nvlink,N5,rom,hbm,batched,3260.0,815.0,True,48.01829799318567,12292.684286255531,0.02082539452235294,kv_read,482.3180204737622,1.0,16381470720,15136811008.0,0.9240202706292784,1.0,309237645312.0,335.0,0.04894879791471693,bf16,72.0,13062.857142857145
rom,Qwen3-8B/ROM-N5-native-HBMKV-array-tensor-x4-perstream,Qwen3-8B,8192,1,4,array,tensor,nvlink,N5,rom,hbm,per_stream,3260.0,815.0,True,5127.550587355189,5127.550587355189,0.0001950248920929328,link_latency,239.84130821675257,1.0,16381470720,15136811008.0,0.9240202706292784,1.0,1207959552.0,335.0,12.530892266167534,bf16,72.0,13062.857142857145
rom,Qwen3-8B/ROM-N5-native-HBMKV-array-tensor-x4-perstream,Qwen3-8B,8192,8,4,array,tensor,nvlink,N5,rom,hbm,per_stream,3260.0,815.0,True,1243.4731079784751,9947.784863827801,0.0008041991367434625,weight_read,465.3078882308835,1.0,16381470720,121094488064.0,0.9240202706292784,1.0,9663676416.0,335.0,12.530892266167534,bf16,72.0,1632.8571428571431
rom,Qwen3-8B/ROM-N5-native-HBMKV-array-tensor-x4-perstream,Qwen3-8B,8192,32,4,array,tensor,nvlink,N5,rom,hbm,per_stream,3260.0,815.0,True,345.68625334059476,11061.960106899032,0.00289279654697385,weight_read,517.4234633633677,1.0,16381470720,484377952256.0,0.9240202706292784,1.0,38654705664.0,335.0,12.530892266167534,bf16,72.0,408.2142857142858
rom,Qwen3-8B/ROM-N5-native-HBMKV-array-tensor-x4-perstream,Qwen3-8B,8192,64,4,array,tensor,nvlink,N5,rom,hbm,per_stream,3260.0,815.0,True,176.13097371595677,11272.382317821233,0.0056775930939477,weight_read,527.2659675933402,1.0,16381470720,968755904512.0,0.9240202706292784,1.0,77309411328.0,335.0,12.530892266167534,bf16,72.0,204.1071428571429
rom,Qwen3-8B/ROM-N5-native-HBMKV-array-tensor-x4-perstream,Qwen3-8B,8192,256,4,array,tensor,nvlink,N5,rom,hbm,per_stream,3260.0,815.0,True,44.67003332265775,11435.528530600384,0.0223863723757908,weight_read,534.8971358162448,1.0,16381470720,3875023618048.0,0.9240202706292784,1.0,309237645312.0,335.0,12.530892266167534,bf16,72.0,51.02678571428572
rom,Qwen3-8B/ROM-N5-native-HBMKV-array-tensor-x4-perregion,Qwen3-8B,8192,1,4,array,tensor,nvlink,N5,rom,hbm,per_region,3260.0,815.0,True,5127.550587355189,5127.550587355189,0.0001950248920929328,link_latency,239.84130821675257,1.0,16381470720,15136811008.0,0.9240202706292784,1.0,1207959552.0,335.0,12.530892266167534,bf16,72.0,13062.857142857145
rom,Qwen3-8B/ROM-N5-native-HBMKV-array-tensor-x4-perregion,Qwen3-8B,8192,8,4,array,tensor,nvlink,N5,rom,hbm,per_region,3260.0,815.0,True,1243.4731079784751,9947.784863827801,0.0008041991367434625,weight_read,465.3078882308835,1.0,16381470720,121094488064.0,0.9240202706292784,1.0,9663676416.0,335.0,12.530892266167534,bf16,72.0,1632.8571428571431
rom,Qwen3-8B/ROM-N5-native-HBMKV-array-tensor-x4-perregion,Qwen3-8B,8192,32,4,array,tensor,nvlink,N5,rom,hbm,per_region,3260.0,815.0,True,345.68625334059476,11061.960106899032,0.00289279654697385,weight_read,517.4234633633677,1.0,16381470720,484377952256.0,0.9240202706292784,1.0,38654705664.0,335.0,12.530892266167534,bf16,72.0,408.2142857142858
rom,Qwen3-8B/ROM-N5-native-HBMKV-array-tensor-x4-perregion,Qwen3-8B,8192,64,4,array,tensor,nvlink,N5,rom,hbm,per_region,3260.0,815.0,True,176.13097371595677,11272.382317821233,0.0056775930939477,weight_read,527.2659675933402,1.0,16381470720,968755904512.0,0.9240202706292784,1.0,77309411328.0,335.0,12.530892266167534,bf16,72.0,204.1071428571429
rom,Qwen3-8B/ROM-N5-native-HBMKV-array-tensor-x4-perregion,Qwen3-8B,8192,256,4,array,tensor,nvlink,N5,rom,hbm,per_region,3260.0,815.0,True,44.67003332265775,11435.528530600384,0.0223863723757908,weight_read,534.8971358162448,1.0,16381470720,3875023618048.0,0.9240202706292784,1.0,309237645312.0,335.0,12.530892266167534,bf16,72.0,51.02678571428572
rom,Qwen3-8B/ROM-N5-native-HBMKV-wafer-pipeline-x1,Qwen3-8B,8192,1,1,wafer,pipeline,on_wafer,N5,rom,hbm,batched,46225.0,46225.0,True,12172.417715251113,12172.417715251113,8.215294803324701e-05,weight_read,569.3651460379768,1.0,16381470720,15136811008.0,0.9240202706292784,1.0,1207959552.0,720.0,12.530892266167534,bf16,56.0,13062.857142857145
rom,Qwen3-8B/ROM-N5-native-HBMKV-wafer-pipeline-x1,Qwen3-8B,8192,8,1,wafer,pipeline,on_wafer,N5,rom,hbm,batched,46225.0,46225.0,True,3703.3130222694695,29626.504178155756,0.00027002848368112793,kv_read,1189.5832585073688,1.0,16381470720,15136811008.0,0.9240202706292784,1.0,9663676416.0,720.0,1.5663615332709417,bf16,56.0,13062.857142857145
rom,Qwen3-8B/ROM-N5-native-HBMKV-wafer-pipeline-x1,Qwen3-8B,8192,32,1,wafer,pipeline,on_wafer,N5,rom,hbm,batched,46225.0,46225.0,True,940.4560284062153,30094.59290899889,0.0010633139347245117,kv_read,1187.0250133078634,1.0,16381470720,15136811008.0,0.9240202706292784,1.0,38654705664.0,720.0,0.39159038331773544,bf16,56.0,13062.857142857145
rom,Qwen3-8B/ROM-N5-native-HBMKV-wafer-pipeline-x1,Qwen3-8B,8192,64,1,wafer,pipeline,on_wafer,N5,rom,hbm,batched,46225.0,46225.0,True,471.4695240000636,30174.04953600407,0.0021210278694490233,kv_read,1186.5907590282557,1.0,16381470720,15136811008.0,0.9240202706292784,1.0,77309411328.0,720.0,0.19579519165886772,bf16,56.0,13062.857142857145
rom,Qwen3-8B/ROM-N5-native-HBMKV-wafer-pipeline-x1,Qwen3-8B,8192,256,1,wafer,pipeline,on_wafer,N5,rom,hbm,batched,46225.0,46225.0,True,118.101241772233,30233.917893691647,0.008467311477796094,kv_read,1186.263560511041,1.0,16381470720,15136811008.0,0.9240202706292784,1.0,309237645312.0,720.0,0.04894879791471693,bf16,56.0,13062.857142857145
rom,Qwen3-8B/ROM-N5-native-HBMKV-wafer-pipeline-x1-perstream,Qwen3-8B,8192,1,1,wafer,pipeline,on_wafer,N5,rom,hbm,per_stream,46225.0,46225.0,True,12172.417715251113,12172.417715251113,8.215294803324701e-05,weight_read,569.3651460379768,1.0,16381470720,15136811008.0,0.9240202706292784,1.0,1207959552.0,720.0,12.530892266167534,bf16,56.0,13062.857142857145
rom,Qwen3-8B/ROM-N5-native-HBMKV-wafer-pipeline-x1-perstream,Qwen3-8B,8192,8,1,wafer,pipeline,on_wafer,N5,rom,hbm,per_stream,46225.0,46225.0,True,1618.0612285010056,12944.489828008045,0.0006180235842659761,weight_read,605.4788386104003,1.0,16381470720,121094488064.0,0.9240202706292784,1.0,9663676416.0,720.0,12.530892266167534,bf16,56.0,1632.8571428571431
rom,Qwen3-8B/ROM-N5-native-HBMKV-wafer-pipeline-x1-perstream,Qwen3-8B,8192,32,1,wafer,pipeline,on_wafer,N5,rom,hbm,per_stream,46225.0,46225.0,True,407.2831452036102,13033.060646515527,0.0024552943370639044,weight_read,609.6217408828907,1.0,16381470720,484377952256.0,0.9240202706292784,1.0,38654705664.0,720.0,12.530892266167534,bf16,56.0,408.2142857142858
rom,Qwen3-8B/ROM-N5-native-HBMKV-wafer-pipeline-x1-perstream,Qwen3-8B,8192,64,1,wafer,pipeline,on_wafer,N5,rom,hbm,per_stream,46225.0,46225.0,True,203.8740691236799,13047.940423915514,0.004904988674127809,weight_read,610.3177428465549,1.0,16381470720,968755904512.0,0.9240202706292784,1.0,77309411328.0,720.0,12.530892266167534,bf16,56.0,204.1071428571429
rom,Qwen3-8B/ROM-N5-native-HBMKV-wafer-pipeline-x1-perstream,Qwen3-8B,8192,256,1,wafer,pipeline,on_wafer,N5,rom,hbm,per_stream,46225.0,46225.0,True,51.01219755093651,13059.122573039747,0.019603154696511235,weight_read,610.8407881542394,1.0,16381470720,3875023618048.0,0.9240202706292784,1.0,309237645312.0,720.0,12.530892266167534,bf16,56.0,51.02678571428572
rom,Qwen3-8B/ROM-N5-native-HBMKV-wafer-pipeline-x1-perregion,Qwen3-8B,8192,1,1,wafer,pipeline,on_wafer,N5,rom,hbm,per_region,46225.0,46225.0,True,12172.417715251113,12172.417715251113,8.215294803324701e-05,weight_read,569.3651460379768,1.0,16381470720,15136811008.0,0.9240202706292784,1.0,1207959552.0,720.0,12.530892266167534,bf16,56.0,13062.857142857145
rom,Qwen3-8B/ROM-N5-native-HBMKV-wafer-pipeline-x1-perregion,Qwen3-8B,8192,8,1,wafer,pipeline,on_wafer,N5,rom,hbm,per_region,46225.0,46225.0,True,1618.0612285010056,12944.489828008045,0.0006180235842659761,weight_read,605.4788386104003,1.0,16381470720,121094488064.0,0.9240202706292784,1.0,9663676416.0,720.0,12.530892266167534,bf16,56.0,1632.8571428571431
rom,Qwen3-8B/ROM-N5-native-HBMKV-wafer-pipeline-x1-perregion,Qwen3-8B,8192,32,1,wafer,pipeline,on_wafer,N5,rom,hbm,per_region,46225.0,46225.0,True,407.2831452036102,13033.060646515527,0.0024552943370639044,weight_read,609.6217408828907,1.0,16381470720,484377952256.0,0.9240202706292784,1.0,38654705664.0,720.0,12.530892266167534,bf16,56.0,408.2142857142858
rom,Qwen3-8B/ROM-N5-native-HBMKV-wafer-pipeline-x1-perregion,Qwen3-8B,8192,64,1,wafer,pipeline,on_wafer,N5,rom,hbm,per_region,46225.0,46225.0,True,203.8740691236799,13047.940423915514,0.004904988674127809,weight_read,610.3177428465549,1.0,16381470720,968755904512.0,0.9240202706292784,1.0,77309411328.0,720.0,12.530892266167534,bf16,56.0,204.1071428571429
rom,Qwen3-8B/ROM-N5-native-HBMKV-wafer-pipeline-x1-perregion,Qwen3-8B,8192,256,1,wafer,pipeline,on_wafer,N5,rom,hbm,per_region,46225.0,46225.0,True,51.01219755093651,13059.122573039747,0.019603154696511235,weight_read,610.8407881542394,1.0,16381470720,3875023618048.0,0.9240202706292784,1.0,309237645312.0,720.0,12.530892266167534,bf16,56.0,51.02678571428572
rom,Qwen3-8B/ROM-N5-native-HBMKV-wafer-tensor-x1,Qwen3-8B,8192,1,1,wafer,tensor,on_wafer,N5,rom,hbm,batched,46225.0,46225.0,True,11939.87123369956,11939.87123369956,8.375299703212551e-05,weight_read,558.487778490581,1.0,16381470720,15136811008.0,0.9240202706292784,1.0,1207959552.0,720.0,12.530892266167534,bf16,72.0,13062.857142857145
rom,Qwen3-8B/ROM-N5-native-HBMKV-wafer-tensor-x1,Qwen3-8B,8192,8,1,wafer,tensor,on_wafer,N5,rom,hbm,batched,46225.0,46225.0,True,3681.493720155716,29451.949761245727,0.000271628875672156,kv_read,1182.5744325316134,1.0,16381470720,15136811008.0,0.9240202706292784,1.0,9663676416.0,720.0,1.5663615332709417,bf16,72.0,13062.857142857145
rom,Qwen3-8B/ROM-N5-native-HBMKV-wafer-tensor-x1,Qwen3-8B,8192,32,1,wafer,tensor,on_wafer,N5,rom,hbm,batched,46225.0,46225.0,True,939.041639900321,30049.332476810272,0.0010649155026886238,kv_read,1185.2398000875526,1.0,16381470720,15136811008.0,0.9240202706292784,1.0,38654705664.0,720.0,0.39159038331773544,bf16,72.0,13062.857142857145
rom,Qwen3-8B/ROM-N5-native-HBMKV-wafer-tensor-x1,Qwen3-8B,8192,64,1,wafer,tensor,on_wafer,N5,rom,hbm,batched,46225.0,46225.0,True,471.1134424526478,30151.26031696946,0.002122631005377248,kv_read,1185.6945758136137,1.0,16381470720,15136811008.0,0.9240202706292784,1.0,77309411328.0,720.0,0.19579519165886772,bf16,72.0,13062.857142857145
rom,Qwen3-8B/ROM-N5-native-HBMKV-wafer-tensor-x1,Qwen3-8B,8192,256,1,wafer,tensor,on_wafer,N5,rom,hbm,batched,46225.0,46225.0,True,118.0787544510076,30228.161139457945,0.008468924021508992,kv_read,1186.037687443638,1.0,16381470720,15136811008.0,0.9240202706292784,1.0,309237645312.0,720.0,0.04894879791471693,bf16,72.0,13062.857142857145
rom,Qwen3-8B/ROM-N5-native-HBMKV-wafer-tensor-x1-perstream,Qwen3-8B,8192,1,1,wafer,tensor,on_wafer,N5,rom,hbm,per_stream,46225.0,46225.0,True,11939.87123369956,11939.87123369956,8.375299703212551e-05,weight_read,558.487778490581,1.0,16381470720,15136811008.0,0.9240202706292784,1.0,1207959552.0,720.0,12.530892266167534,bf16,72.0,13062.857142857145
rom,Qwen3-8B/ROM-N5-native-HBMKV-wafer-tensor-x1-perstream,Qwen3-8B,8192,8,1,wafer,tensor,on_wafer,N5,rom,hbm,per_stream,46225.0,46225.0,True,1613.8820289698178,12911.056231758543,0.0006196239762570041,weight_read,603.9149813014844,1.0,16381470720,121094488064.0,0.9240202706292784,1.0,9663676416.0,720.0,12.530892266167534,bf16,72.0,1632.8571428571431
rom,Qwen3-8B/ROM-N5-native-HBMKV-wafer-tensor-x1-perstream,Qwen3-8B,8192,32,1,wafer,tensor,on_wafer,N5,rom,hbm,per_stream,46225.0,46225.0,True,407.0176509934786,13024.564831791315,0.0024568959050280167,weight_read,609.2243489346089,1.0,16381470720,484377952256.0,0.9240202706292784,1.0,38654705664.0,720.0,12.530892266167534,bf16,72.0,408.2142857142858
rom,Qwen3-8B/ROM-N5-native-HBMKV-wafer-tensor-x1-perstream,Qwen3-8B,8192,64,1,wafer,tensor,on_wafer,N5,rom,hbm,per_stream,46225.0,46225.0,True,203.80745713358618,13043.677256549516,0.004906591810056033,weight_read,610.1183330853466,1.0,16381470720,968755904512.0,0.9240202706292784,1.0,77309411328.0,720.0,12.530892266167534,bf16,72.0,204.1071428571429
rom,Qwen3-8B/ROM-N5-native-HBMKV-wafer-tensor-x1-perstream,Qwen3-8B,8192,256,1,wafer,tensor,on_wafer,N5,rom,hbm,per_stream,46225.0,46225.0,True,51.00800166340397,13058.048425831415,0.01960476724022413,weight_read,610.7905448914427,1.0,16381470720,3875023618048.0,0.9240202706292784,1.0,309237645312.0,720.0,12.530892266167534,bf16,72.0,51.02678571428572
rom,Qwen3-8B/ROM-N5-native-HBMKV-wafer-tensor-x1-perregion,Qwen3-8B,8192,1,1,wafer,tensor,on_wafer,N5,rom,hbm,per_region,46225.0,46225.0,True,11939.87123369956,11939.87123369956,8.375299703212551e-05,weight_read,558.487778490581,1.0,16381470720,15136811008.0,0.9240202706292784,1.0,1207959552.0,720.0,12.530892266167534,bf16,72.0,13062.857142857145
rom,Qwen3-8B/ROM-N5-native-HBMKV-wafer-tensor-x1-perregion,Qwen3-8B,8192,8,1,wafer,tensor,on_wafer,N5,rom,hbm,per_region,46225.0,46225.0,True,1613.8820289698178,12911.056231758543,0.0006196239762570041,weight_read,603.9149813014844,1.0,16381470720,121094488064.0,0.9240202706292784,1.0,9663676416.0,720.0,12.530892266167534,bf16,72.0,1632.8571428571431
rom,Qwen3-8B/ROM-N5-native-HBMKV-wafer-tensor-x1-perregion,Qwen3-8B,8192,32,1,wafer,tensor,on_wafer,N5,rom,hbm,per_region,46225.0,46225.0,True,407.0176509934786,13024.564831791315,0.0024568959050280167,weight_read,609.2243489346089,1.0,16381470720,484377952256.0,0.9240202706292784,1.0,38654705664.0,720.0,12.530892266167534,bf16,72.0,408.2142857142858
rom,Qwen3-8B/ROM-N5-native-HBMKV-wafer-tensor-x1-perregion,Qwen3-8B,8192,64,1,wafer,tensor,on_wafer,N5,rom,hbm,per_region,46225.0,46225.0,True,203.80745713358618,13043.677256549516,0.004906591810056033,weight_read,610.1183330853466,1.0,16381470720,968755904512.0,0.9240202706292784,1.0,77309411328.0,720.0,12.530892266167534,bf16,72.0,204.1071428571429
rom,Qwen3-8B/ROM-N5-native-HBMKV-wafer-tensor-x1-perregion,Qwen3-8B,8192,256,1,wafer,tensor,on_wafer,N5,rom,hbm,per_region,46225.0,46225.0,True,51.00800166340397,13058.048425831415,0.01960476724022413,weight_read,610.7905448914427,1.0,16381470720,3875023618048.0,0.9240202706292784,1.0,309237645312.0,720.0,12.530892266167534,bf16,72.0,51.02678571428572
rom,Qwen3-8B/ROM-N5-fp8-SRAMKV-array-pipeline-x2,Qwen3-8B,8192,1,2,array,pipeline,nvlink,N5,rom,sram,batched,1630.0,815.0,True,11551.624038895607,11551.624038895607,8.656791431515504e-05,weight_read,62.91492793059612,1.0,8190735360.0,7568405504.0,0.9240202706292784,1.0,1207959552.0,1.0,6.265446133083767,fp8,1.0,13062.857142857145
rom,Qwen3-8B/ROM-N5-fp8-SRAMKV-array-pipeline-x2,Qwen3-8B,8192,8,2,array,pipeline,nvlink,N5,rom,sram,batched,1630.0,815.0,False,0.0,0.0,0.00028657750890123186,capacity_or_format,59.6065389897964,1.0,8190735360.0,7568405504.0,0.9240202706292784,1.0,9663676416.0,1.0,0.7831807666354709,fp8,1.0,13062.857142857145
rom,Qwen3-8B/ROM-N5-fp8-SRAMKV-array-pipeline-x2,Qwen3-8B,8192,32,2,array,pipeline,nvlink,N5,rom,sram,batched,1630.0,815.0,False,0.0,0.0,0.0011418100356049275,capacity_or_format,49.89881311167039,1.0,8190735360.0,7568405504.0,0.9240202706292784,1.0,38654705664.0,1.0,0.19579519165886772,fp8,1.0,13062.857142857145
rom,Qwen3-8B/ROM-N5-fp8-SRAMKV-array-pipeline-x2,Qwen3-8B,8192,64,2,array,pipeline,nvlink,N5,rom,sram,batched,1630.0,815.0,False,0.0,0.0,0.0022821200712098547,capacity_or_format,48.27341461527753,1.0,8190735360.0,7568405504.0,0.9240202706292784,1.0,77309411328.0,1.0,0.09789759582943386,fp8,1.0,13062.857142857145
rom,Qwen3-8B/ROM-N5-fp8-SRAMKV-array-pipeline-x2,Qwen3-8B,8192,256,2,array,pipeline,nvlink,N5,rom,sram,batched,1630.0,815.0,False,0.0,0.0,0.00912398028483942,capacity_or_format,47.05296284504145,1.0,8190735360.0,7568405504.0,0.9240202706292784,1.0,309237645312.0,1.0,0.024474398957358465,fp8,1.0,13062.857142857145
rom,Qwen3-8B/ROM-N5-fp8-SRAMKV-array-pipeline-x2-perstream,Qwen3-8B,8192,1,2,array,pipeline,nvlink,N5,rom,sram,per_stream,1630.0,815.0,True,11551.624038895607,11551.624038895607,8.656791431515504e-05,weight_read,62.91492793059612,1.0,8190735360.0,7568405504.0,0.9240202706292784,1.0,1207959552.0,1.0,6.265446133083767,fp8,1.0,13062.857142857145
rom,Qwen3-8B/ROM-N5-fp8-SRAMKV-array-pipeline-x2-perstream,Qwen3-8B,8192,8,2,array,pipeline,nvlink,N5,rom,sram,per_stream,1630.0,815.0,False,0.0,0.0,0.0006820433145212403,capacity_or_format,63.883498004089134,1.0,8190735360.0,60547244032.0,0.9240202706292784,1.0,9663676416.0,1.0,6.265446133083767,fp8,1.0,1632.8571428571431
rom,Qwen3-8B/ROM-N5-fp8-SRAMKV-array-pipeline-x2-perstream,Qwen3-8B,8192,32,2,array,pipeline,nvlink,N5,rom,sram,per_stream,1630.0,815.0,False,0.0,0.0,0.002723673258084961,capacity_or_format,63.989045077389896,1.0,8190735360.0,242188976128.0,0.9240202706292784,1.0,38654705664.0,1.0,6.265446133083767,fp8,1.0,408.2142857142858
rom,Qwen3-8B/ROM-N5-fp8-SRAMKV-array-pipeline-x2-perstream,Qwen3-8B,8192,64,2,array,pipeline,nvlink,N5,rom,sram,per_stream,1630.0,815.0,False,0.0,0.0,0.005445846516169923,capacity_or_format,64.0066701733839,1.0,8190735360.0,484377952256.0,0.9240202706292784,1.0,77309411328.0,1.0,6.265446133083767,fp8,1.0,204.1071428571429
rom,Qwen3-8B/ROM-N5-fp8-SRAMKV-array-pipeline-x2-perstream,Qwen3-8B,8192,256,2,array,pipeline,nvlink,N5,rom,sram,per_stream,1630.0,815.0,False,0.0,0.0,0.02177888606467969,capacity_or_format,64.01989536841567,1.0,8190735360.0,1937511809024.0,0.9240202706292784,1.0,309237645312.0,1.0,6.265446133083767,fp8,1.0,51.02678571428572
rom,Qwen3-8B/ROM-N5-fp8-SRAMKV-array-pipeline-x2-perregion,Qwen3-8B,8192,1,2,array,pipeline,nvlink,N5,rom,sram,per_region,1630.0,815.0,True,11551.624038895607,11551.624038895607,8.656791431515504e-05,weight_read,62.91492793059612,1.0,8190735360.0,7568405504.0,0.9240202706292784,1.0,1207959552.0,1.0,6.265446133083767,fp8,1.0,13062.857142857145
rom,Qwen3-8B/ROM-N5-fp8-SRAMKV-array-pipeline-x2-perregion,Qwen3-8B,8192,8,2,array,pipeline,nvlink,N5,rom,sram,per_region,1630.0,815.0,False,0.0,0.0,0.0006820433145212403,capacity_or_format,63.883498004089134,1.0,8190735360.0,60547244032.0,0.9240202706292784,1.0,9663676416.0,1.0,6.265446133083767,fp8,1.0,1632.8571428571431
rom,Qwen3-8B/ROM-N5-fp8-SRAMKV-array-pipeline-x2-perregion,Qwen3-8B,8192,32,2,array,pipeline,nvlink,N5,rom,sram,per_region,1630.0,815.0,False,0.0,0.0,0.002723673258084961,capacity_or_format,63.989045077389896,1.0,8190735360.0,242188976128.0,0.9240202706292784,1.0,38654705664.0,1.0,6.265446133083767,fp8,1.0,408.2142857142858
rom,Qwen3-8B/ROM-N5-fp8-SRAMKV-array-pipeline-x2-perregion,Qwen3-8B,8192,64,2,array,pipeline,nvlink,N5,rom,sram,per_region,1630.0,815.0,False,0.0,0.0,0.005445846516169923,capacity_or_format,64.0066701733839,1.0,8190735360.0,484377952256.0,0.9240202706292784,1.0,77309411328.0,1.0,6.265446133083767,fp8,1.0,204.1071428571429
rom,Qwen3-8B/ROM-N5-fp8-SRAMKV-array-pipeline-x2-perregion,Qwen3-8B,8192,256,2,array,pipeline,nvlink,N5,rom,sram,per_region,1630.0,815.0,False,0.0,0.0,0.02177888606467969,capacity_or_format,64.01989536841567,1.0,8190735360.0,1937511809024.0,0.9240202706292784,1.0,309237645312.0,1.0,6.265446133083767,fp8,1.0,51.02678571428572
rom,Qwen3-8B/ROM-N5-fp8-SRAMKV-array-tensor-x2,Qwen3-8B,8192,1,2,array,tensor,nvlink,N5,rom,sram,batched,1630.0,815.0,True,5127.550587355189,5127.550587355189,0.0001950248920929328,link_latency,27.926763767389687,1.0,8190735360.0,7568405504.0,0.9240202706292784,1.0,1207959552.0,1.0,6.265446133083767,fp8,72.0,13062.857142857145
rom,Qwen3-8B/ROM-N5-fp8-SRAMKV-array-tensor-x2,Qwen3-8B,8192,8,2,array,tensor,nvlink,N5,rom,sram,batched,1630.0,815.0,False,0.0,0.0,0.0004087333311234541,capacity_or_format,41.792269328680156,1.0,8190735360.0,7568405504.0,0.9240202706292784,1.0,9663676416.0,1.0,0.7831807666354709,fp8,72.0,13062.857142857145
rom,Qwen3-8B/ROM-N5-fp8-SRAMKV-array-tensor-x2,Qwen3-8B,8192,32,2,array,tensor,nvlink,N5,rom,sram,batched,1630.0,815.0,False,0.0,0.0,0.0013109333244938164,capacity_or_format,43.46137557963097,1.0,8190735360.0,7568405504.0,0.9240202706292784,1.0,38654705664.0,1.0,0.19579519165886772,fp8,72.0,13062.857142857145
rom,Qwen3-8B/ROM-N5-fp8-SRAMKV-array-tensor-x2,Qwen3-8B,8192,64,2,array,tensor,nvlink,N5,rom,sram,batched,1630.0,815.0,False,0.0,0.0,0.0025138666489876327,capacity_or_format,43.82321888224468,1.0,8190735360.0,7568405504.0,0.9240202706292784,1.0,77309411328.0,1.0,0.09789759582943386,fp8,72.0,13062.857142857145
rom,Qwen3-8B/ROM-N5-fp8-SRAMKV-array-tensor-x2,Qwen3-8B,8192,256,2,array,tensor,nvlink,N5,rom,sram,batched,1630.0,815.0,False,0.0,0.0,0.009731466595950531,capacity_or_format,44.115684014173674,1.0,8190735360.0,7568405504.0,0.9240202706292784,1.0,309237645312.0,1.0,0.024474398957358465,fp8,72.0,13062.857142857145
rom,Qwen3-8B/ROM-N5-fp8-SRAMKV-array-tensor-x2-perstream,Qwen3-8B,8192,1,2,array,tensor,nvlink,N5,rom,sram,per_stream,1630.0,815.0,True,5127.550587355189,5127.550587355189,0.0001950248920929328,link_latency,27.926763767389687,1.0,8190735360.0,7568405504.0,0.9240202706292784,1.0,1207959552.0,1.0,6.265446133083767,fp8,72.0,13062.857142857145
rom,Qwen3-8B/ROM-N5-fp8-SRAMKV-array-tensor-x2-perstream,Qwen3-8B,8192,8,2,array,tensor,nvlink,N5,rom,sram,per_stream,1630.0,815.0,False,0.0,0.0,0.0008041991367434625,capacity_or_format,54.17975564902793,1.0,8190735360.0,60547244032.0,0.9240202706292784,1.0,9663676416.0,1.0,6.265446133083767,fp8,72.0,1632.8571428571431
rom,Qwen3-8B/ROM-N5-fp8-SRAMKV-array-tensor-x2-perstream,Qwen3-8B,8192,32,2,array,tensor,nvlink,N5,rom,sram,per_stream,1630.0,815.0,False,0.0,0.0,0.00289279654697385,capacity_or_format,60.24801539188766,1.0,8190735360.0,242188976128.0,0.9240202706292784,1.0,38654705664.0,1.0,6.265446133083767,fp8,72.0,408.2142857142858
rom,Qwen3-8B/ROM-N5-fp8-SRAMKV-array-tensor-x2-perstream,Qwen3-8B,8192,64,2,array,tensor,nvlink,N5,rom,sram,per_stream,1630.0,815.0,False,0.0,0.0,0.0056775930939477,capacity_or_format,61.39406188635379,1.0,8190735360.0,484377952256.0,0.9240202706292784,1.0,77309411328.0,1.0,6.265446133083767,fp8,72.0,204.1071428571429
rom,Qwen3-8B/ROM-N5-fp8-SRAMKV-array-tensor-x2-perstream,Qwen3-8B,8192,256,2,array,tensor,nvlink,N5,rom,sram,per_stream,1630.0,815.0,False,0.0,0.0,0.0223863723757908,capacity_or_format,62.28262371840345,1.0,8190735360.0,1937511809024.0,0.9240202706292784,1.0,309237645312.0,1.0,6.265446133083767,fp8,72.0,51.02678571428572
rom,Qwen3-8B/ROM-N5-fp8-SRAMKV-array-tensor-x2-perregion,Qwen3-8B,8192,1,2,array,tensor,nvlink,N5,rom,sram,per_region,1630.0,815.0,True,5127.550587355189,5127.550587355189,0.0001950248920929328,link_latency,27.926763767389687,1.0,8190735360.0,7568405504.0,0.9240202706292784,1.0,1207959552.0,1.0,6.265446133083767,fp8,72.0,13062.857142857145
rom,Qwen3-8B/ROM-N5-fp8-SRAMKV-array-tensor-x2-perregion,Qwen3-8B,8192,8,2,array,tensor,nvlink,N5,rom,sram,per_region,1630.0,815.0,False,0.0,0.0,0.0008041991367434625,capacity_or_format,54.17975564902793,1.0,8190735360.0,60547244032.0,0.9240202706292784,1.0,9663676416.0,1.0,6.265446133083767,fp8,72.0,1632.8571428571431
rom,Qwen3-8B/ROM-N5-fp8-SRAMKV-array-tensor-x2-perregion,Qwen3-8B,8192,32,2,array,tensor,nvlink,N5,rom,sram,per_region,1630.0,815.0,False,0.0,0.0,0.00289279654697385,capacity_or_format,60.24801539188766,1.0,8190735360.0,242188976128.0,0.9240202706292784,1.0,38654705664.0,1.0,6.265446133083767,fp8,72.0,408.2142857142858
rom,Qwen3-8B/ROM-N5-fp8-SRAMKV-array-tensor-x2-perregion,Qwen3-8B,8192,64,2,array,tensor,nvlink,N5,rom,sram,per_region,1630.0,815.0,False,0.0,0.0,0.0056775930939477,capacity_or_format,61.39406188635379,1.0,8190735360.0,484377952256.0,0.9240202706292784,1.0,77309411328.0,1.0,6.265446133083767,fp8,72.0,204.1071428571429
rom,Qwen3-8B/ROM-N5-fp8-SRAMKV-array-tensor-x2-perregion,Qwen3-8B,8192,256,2,array,tensor,nvlink,N5,rom,sram,per_region,1630.0,815.0,False,0.0,0.0,0.0223863723757908,capacity_or_format,62.28262371840345,1.0,8190735360.0,1937511809024.0,0.9240202706292784,1.0,309237645312.0,1.0,6.265446133083767,fp8,72.0,51.02678571428572
rom,Qwen3-8B/ROM-N5-fp8-SRAMKV-wafer-pipeline-x1,Qwen3-8B,8192,1,1,wafer,pipeline,on_wafer,N5,rom,sram,batched,46225.0,46225.0,True,12172.417715251113,12172.417715251113,8.215294803324701e-05,weight_read,66.29602735663065,1.0,8190735360.0,7568405504.0,0.9240202706292784,1.0,1207959552.0,1.0,6.265446133083767,fp8,56.0,13062.857142857145
rom,Qwen3-8B/ROM-N5-fp8-SRAMKV-wafer-pipeline-x1,Qwen3-8B,8192,8,1,wafer,pipeline,on_wafer,N5,rom,sram,batched,46225.0,46225.0,False,0.0,0.0,8.215306808049935e-05,capacity_or_format,207.92763869977395,1.0,8190735360.0,7568405504.0,0.9240202706292784,1.0,9663676416.0,1.0,0.7831807666354709,fp8,56.0,13062.857142857145
rom,Qwen3-8B/ROM-N5-fp8-SRAMKV-wafer-pipeline-x1,Qwen3-8B,8192,32,1,wafer,pipeline,on_wafer,N5,rom,sram,batched,46225.0,46225.0,False,0.0,0.0,0.00030238985994918697,capacity_or_format,188.4155956329156,1.0,8190735360.0,7568405504.0,0.9240202706292784,1.0,38654705664.0,1.0,0.19579519165886772,fp8,56.0,13062.857142857145
rom,Qwen3-8B/ROM-N5-fp8-SRAMKV-wafer-pipeline-x1,Qwen3-8B,8192,64,1,wafer,pipeline,on_wafer,N5,rom,sram,batched,46225.0,46225.0,False,0.0,0.0,0.0005991797198983739,capacity_or_format,183.86090974181346,1.0,8190735360.0,7568405504.0,0.9240202706292784,1.0,77309411328.0,1.0,0.09789759582943386,fp8,56.0,13062.857142857145
rom,Qwen3-8B/ROM-N5-fp8-SRAMKV-wafer-pipeline-x1,Qwen3-8B,8192,256,1,wafer,pipeline,on_wafer,N5,rom,sram,batched,46225.0,46225.0,False,0.0,0.0,0.0023799188795934957,capacity_or_format,180.38862963882562,1.0,8190735360.0,7568405504.0,0.9240202706292784,1.0,309237645312.0,1.0,0.024474398957358465,fp8,56.0,13062.857142857145
rom,Qwen3-8B/ROM-N5-fp8-SRAMKV-wafer-pipeline-x1-perstream,Qwen3-8B,8192,1,1,wafer,pipeline,on_wafer,N5,rom,sram,per_stream,46225.0,46225.0,True,12172.417715251113,12172.417715251113,8.215294803324701e-05,weight_read,66.29602735663065,1.0,8190735360.0,7568405504.0,0.9240202706292784,1.0,1207959552.0,1.0,6.265446133083767,fp8,56.0,13062.857142857145
rom,Qwen3-8B/ROM-N5-fp8-SRAMKV-wafer-pipeline-x1-perstream,Qwen3-8B,8192,8,1,wafer,pipeline,on_wafer,N5,rom,sram,per_stream,46225.0,46225.0,False,0.0,0.0,0.0006180235842659761,capacity_or_format,70.50105179023136,1.0,8190735360.0,60547244032.0,0.9240202706292784,1.0,9663676416.0,1.0,6.265446133083767,fp8,56.0,1632.8571428571431
rom,Qwen3-8B/ROM-N5-fp8-SRAMKV-wafer-pipeline-x1-perstream,Qwen3-8B,8192,32,1,wafer,pipeline,on_wafer,N5,rom,sram,per_stream,46225.0,46225.0,False,0.0,0.0,0.0024552943370639044,capacity_or_format,70.9834451441346,1.0,8190735360.0,242188976128.0,0.9240202706292784,1.0,38654705664.0,1.0,6.265446133083767,fp8,56.0,408.2142857142858
rom,Qwen3-8B/ROM-N5-fp8-SRAMKV-wafer-pipeline-x1-perstream,Qwen3-8B,8192,64,1,wafer,pipeline,on_wafer,N5,rom,sram,per_stream,46225.0,46225.0,False,0.0,0.0,0.004904988674127809,capacity_or_format,71.06448657342553,1.0,8190735360.0,484377952256.0,0.9240202706292784,1.0,77309411328.0,1.0,6.265446133083767,fp8,56.0,204.1071428571429
rom,Qwen3-8B/ROM-N5-fp8-SRAMKV-wafer-pipeline-x1-perstream,Qwen3-8B,8192,256,1,wafer,pipeline,on_wafer,N5,rom,sram,per_stream,46225.0,46225.0,False,0.0,0.0,0.019603154696511235,capacity_or_format,71.12538918797492,1.0,8190735360.0,1937511809024.0,0.9240202706292784,1.0,309237645312.0,1.0,6.265446133083767,fp8,56.0,51.02678571428572
rom,Qwen3-8B/ROM-N5-fp8-SRAMKV-wafer-pipeline-x1-perregion,Qwen3-8B,8192,1,1,wafer,pipeline,on_wafer,N5,rom,sram,per_region,46225.0,46225.0,True,12172.417715251113,12172.417715251113,8.215294803324701e-05,weight_read,66.29602735663065,1.0,8190735360.0,7568405504.0,0.9240202706292784,1.0,1207959552.0,1.0,6.265446133083767,fp8,56.0,13062.857142857145
rom,Qwen3-8B/ROM-N5-fp8-SRAMKV-wafer-pipeline-x1-perregion,Qwen3-8B,8192,8,1,wafer,pipeline,on_wafer,N5,rom,sram,per_region,46225.0,46225.0,False,0.0,0.0,0.0006180235842659761,capacity_or_format,70.50105179023136,1.0,8190735360.0,60547244032.0,0.9240202706292784,1.0,9663676416.0,1.0,6.265446133083767,fp8,56.0,1632.8571428571431
rom,Qwen3-8B/ROM-N5-fp8-SRAMKV-wafer-pipeline-x1-perregion,Qwen3-8B,8192,32,1,wafer,pipeline,on_wafer,N5,rom,sram,per_region,46225.0,46225.0,False,0.0,0.0,0.0024552943370639044,capacity_or_format,70.9834451441346,1.0,8190735360.0,242188976128.0,0.9240202706292784,1.0,38654705664.0,1.0,6.265446133083767,fp8,56.0,408.2142857142858
rom,Qwen3-8B/ROM-N5-fp8-SRAMKV-wafer-pipeline-x1-perregion,Qwen3-8B,8192,64,1,wafer,pipeline,on_wafer,N5,rom,sram,per_region,46225.0,46225.0,False,0.0,0.0,0.004904988674127809,capacity_or_format,71.06448657342553,1.0,8190735360.0,484377952256.0,0.9240202706292784,1.0,77309411328.0,1.0,6.265446133083767,fp8,56.0,204.1071428571429
rom,Qwen3-8B/ROM-N5-fp8-SRAMKV-wafer-pipeline-x1-perregion,Qwen3-8B,8192,256,1,wafer,pipeline,on_wafer,N5,rom,sram,per_region,46225.0,46225.0,False,0.0,0.0,0.019603154696511235,capacity_or_format,71.12538918797492,1.0,8190735360.0,1937511809024.0,0.9240202706292784,1.0,309237645312.0,1.0,6.265446133083767,fp8,56.0,51.02678571428572
rom,Qwen3-8B/ROM-N5-fp8-SRAMKV-wafer-tensor-x1,Qwen3-8B,8192,1,1,wafer,tensor,on_wafer,N5,rom,sram,batched,46225.0,46225.0,True,11939.87123369956,11939.87123369956,8.375299703212551e-05,weight_read,65.02948292287253,1.0,8190735360.0,7568405504.0,0.9240202706292784,1.0,1207959552.0,1.0,6.265446133083767,fp8,72.0,13062.857142857145
rom,Qwen3-8B/ROM-N5-fp8-SRAMKV-wafer-tensor-x1,Qwen3-8B,8192,8,1,wafer,tensor,on_wafer,N5,rom,sram,batched,46225.0,46225.0,False,0.0,0.0,8.375346007152738e-05,capacity_or_format,203.95448072630876,1.0,8190735360.0,7568405504.0,0.9240202706292784,1.0,9663676416.0,1.0,0.7831807666354709,fp8,72.0,13062.857142857145
rom,Qwen3-8B/ROM-N5-fp8-SRAMKV-wafer-tensor-x1,Qwen3-8B,8192,32,1,wafer,tensor,on_wafer,N5,rom,sram,batched,46225.0,46225.0,False,0.0,0.0,0.0003039914279132991,capacity_or_format,187.42293480699635,1.0,8190735360.0,7568405504.0,0.9240202706292784,1.0,38654705664.0,1.0,0.19579519165886772,fp8,72.0,13062.857142857145
rom,Qwen3-8B/ROM-N5-fp8-SRAMKV-wafer-tensor-x1,Qwen3-8B,8192,64,1,wafer,tensor,on_wafer,N5,rom,sram,batched,46225.0,46225.0,False,0.0,0.0,0.0006007828558265983,capacity_or_format,183.37029316155574,1.0,8190735360.0,7568405504.0,0.9240202706292784,1.0,77309411328.0,1.0,0.09789759582943386,fp8,72.0,13062.857142857145
rom,Qwen3-8B/ROM-N5-fp8-SRAMKV-wafer-tensor-x1,Qwen3-8B,8192,256,1,wafer,tensor,on_wafer,N5,rom,sram,batched,46225.0,46225.0,False,0.0,0.0,0.002381531423306393,capacity_or_format,180.26648783218997,1.0,8190735360.0,7568405504.0,0.9240202706292784,1.0,309237645312.0,1.0,0.024474398957358465,fp8,72.0,13062.857142857145
rom,Qwen3-8B/ROM-N5-fp8-SRAMKV-wafer-tensor-x1-perstream,Qwen3-8B,8192,1,1,wafer,tensor,on_wafer,N5,rom,sram,per_stream,46225.0,46225.0,True,11939.87123369956,11939.87123369956,8.375299703212551e-05,weight_read,65.02948292287253,1.0,8190735360.0,7568405504.0,0.9240202706292784,1.0,1207959552.0,1.0,6.265446133083767,fp8,72.0,13062.857142857145
rom,Qwen3-8B/ROM-N5-fp8-SRAMKV-wafer-tensor-x1-perstream,Qwen3-8B,8192,8,1,wafer,tensor,on_wafer,N5,rom,sram,per_stream,46225.0,46225.0,False,0.0,0.0,0.0006196239762570041,capacity_or_format,70.31895858053068,1.0,8190735360.0,60547244032.0,0.9240202706292784,1.0,9663676416.0,1.0,6.265446133083767,fp8,72.0,1632.8571428571431
rom,Qwen3-8B/ROM-N5-fp8-SRAMKV-wafer-tensor-x1-perstream,Qwen3-8B,8192,32,1,wafer,tensor,on_wafer,N5,rom,sram,per_stream,46225.0,46225.0,False,0.0,0.0,0.0024568959050280167,capacity_or_format,70.93717341911258,1.0,8190735360.0,242188976128.0,0.9240202706292784,1.0,38654705664.0,1.0,6.265446133083767,fp8,72.0,408.2142857142858
rom,Qwen3-8B/ROM-N5-fp8-SRAMKV-wafer-tensor-x1-perstream,Qwen3-8B,8192,64,1,wafer,tensor,on_wafer,N5,rom,sram,per_stream,46225.0,46225.0,False,0.0,0.0,0.004906591810056033,capacity_or_format,71.04126759861431,1.0,8190735360.0,484377952256.0,0.9240202706292784,1.0,77309411328.0,1.0,6.265446133083767,fp8,72.0,204.1071428571429
rom,Qwen3-8B/ROM-N5-fp8-SRAMKV-wafer-tensor-x1-perstream,Qwen3-8B,8192,256,1,wafer,tensor,on_wafer,N5,rom,sram,per_stream,46225.0,46225.0,False,0.0,0.0,0.01960476724022413,capacity_or_format,71.11953893748446,1.0,8190735360.0,1937511809024.0,0.9240202706292784,1.0,309237645312.0,1.0,6.265446133083767,fp8,72.0,51.02678571428572
rom,Qwen3-8B/ROM-N5-fp8-SRAMKV-wafer-tensor-x1-perregion,Qwen3-8B,8192,1,1,wafer,tensor,on_wafer,N5,rom,sram,per_region,46225.0,46225.0,True,11939.87123369956,11939.87123369956,8.375299703212551e-05,weight_read,65.02948292287253,1.0,8190735360.0,7568405504.0,0.9240202706292784,1.0,1207959552.0,1.0,6.265446133083767,fp8,72.0,13062.857142857145
rom,Qwen3-8B/ROM-N5-fp8-SRAMKV-wafer-tensor-x1-perregion,Qwen3-8B,8192,8,1,wafer,tensor,on_wafer,N5,rom,sram,per_region,46225.0,46225.0,False,0.0,0.0,0.0006196239762570041,capacity_or_format,70.31895858053068,1.0,8190735360.0,60547244032.0,0.9240202706292784,1.0,9663676416.0,1.0,6.265446133083767,fp8,72.0,1632.8571428571431
rom,Qwen3-8B/ROM-N5-fp8-SRAMKV-wafer-tensor-x1-perregion,Qwen3-8B,8192,32,1,wafer,tensor,on_wafer,N5,rom,sram,per_region,46225.0,46225.0,False,0.0,0.0,0.0024568959050280167,capacity_or_format,70.93717341911258,1.0,8190735360.0,242188976128.0,0.9240202706292784,1.0,38654705664.0,1.0,6.265446133083767,fp8,72.0,408.2142857142858
rom,Qwen3-8B/ROM-N5-fp8-SRAMKV-wafer-tensor-x1-perregion,Qwen3-8B,8192,64,1,wafer,tensor,on_wafer,N5,rom,sram,per_region,46225.0,46225.0,False,0.0,0.0,0.004906591810056033,capacity_or_format,71.04126759861431,1.0,8190735360.0,484377952256.0,0.9240202706292784,1.0,77309411328.0,1.0,6.265446133083767,fp8,72.0,204.1071428571429
rom,Qwen3-8B/ROM-N5-fp8-SRAMKV-wafer-tensor-x1-perregion,Qwen3-8B,8192,256,1,wafer,tensor,on_wafer,N5,rom,sram,per_region,46225.0,46225.0,False,0.0,0.0,0.01960476724022413,capacity_or_format,71.11953893748446,1.0,8190735360.0,1937511809024.0,0.9240202706292784,1.0,309237645312.0,1.0,6.265446133083767,fp8,72.0,51.02678571428572
rom,Qwen3-8B/ROM-N5-fp8-HBMKV-array-pipeline-x4,Qwen3-8B,8192,1,4,array,pipeline,nvlink,N5,rom,hbm,batched,3260.0,815.0,True,11162.443622359144,11162.443622359144,8.958611875959948e-05,weight_read,468.0551664969514,1.0,8190735360.0,7568405504.0,0.9240202706292784,1.0,1207959552.0,335.0,6.265446133083767,fp8,3.0,13062.857142857145
rom,Qwen3-8B/ROM-N5-fp8-HBMKV-array-pipeline-x4,Qwen3-8B,8192,8,4,array,pipeline,nvlink,N5,rom,hbm,batched,3260.0,815.0,True,1571.3180597931505,12570.544478345204,0.0006364083921568627,kv_read,485.4752866215614,1.0,8190735360.0,7568405504.0,0.9240202706292784,1.0,9663676416.0,335.0,0.7831807666354709,fp8,3.0,13062.857142857145
rom,Qwen3-8B/ROM-N5-fp8-HBMKV-array-pipeline-x4,Qwen3-8B,8192,32,4,array,pipeline,nvlink,N5,rom,hbm,batched,3260.0,815.0,True,394.92387462879867,12637.563988121557,0.002532133568627451,kv_read,483.5801686285521,1.0,8190735360.0,7568405504.0,0.9240202706292784,1.0,38654705664.0,335.0,0.19579519165886772,fp8,3.0,13062.857142857145
rom,Qwen3-8B/ROM-N5-fp8-HBMKV-array-pipeline-x4,Qwen3-8B,8192,64,4,array,pipeline,nvlink,N5,rom,hbm,batched,3260.0,815.0,True,197.63755383860106,12648.803445670468,0.005059767137254902,kv_read,483.2623492606742,1.0,8190735360.0,7568405504.0,0.9240202706292784,1.0,77309411328.0,335.0,0.09789759582943386,fp8,3.0,13062.857142857145
rom,Qwen3-8B/ROM-N5-fp8-HBMKV-array-pipeline-x4,Qwen3-8B,8192,256,4,array,pipeline,nvlink,N5,rom,hbm,batched,3260.0,815.0,True,49.44236784129725,12657.246167372095,0.020225568549019607,kv_read,483.02361349760884,1.0,8190735360.0,7568405504.0,0.9240202706292784,1.0,309237645312.0,335.0,0.024474398957358465,fp8,3.0,13062.857142857145
rom,Qwen3-8B/ROM-N5-fp8-HBMKV-array-pipeline-x4-perstream,Qwen3-8B,8192,1,4,array,pipeline,nvlink,N5,rom,hbm,per_stream,3260.0,815.0,True,11162.443622359144,11162.443622359144,8.958611875959948e-05,weight_read,468.0551664969514,1.0,8190735360.0,7568405504.0,0.9240202706292784,1.0,1207959552.0,335.0,6.265446133083767,fp8,3.0,13062.857142857145
rom,Qwen3-8B/ROM-N5-fp8-HBMKV-array-pipeline-x4-perstream,Qwen3-8B,8192,8,4,array,pipeline,nvlink,N5,rom,hbm,per_stream,3260.0,815.0,True,1459.451440201889,11675.611521615112,0.0006851889500767959,weight_read,489.5729357823456,1.0,8190735360.0,60547244032.0,0.9240202706292784,1.0,9663676416.0,335.0,6.265446133083767,fp8,3.0,1632.8571428571431
rom,Qwen3-8B/ROM-N5-fp8-HBMKV-array-pipeline-x4-perstream,Qwen3-8B,8192,32,4,array,pipeline,nvlink,N5,rom,hbm,per_stream,3260.0,815.0,True,366.66894241726993,11733.406157352638,0.0027272558003071834,weight_read,491.9963368554379,1.0,8190735360.0,242188976128.0,0.9240202706292784,1.0,38654705664.0,335.0,6.265446133083767,fp8,3.0,408.2142857142858
rom,Qwen3-8B/ROM-N5-fp8-HBMKV-array-pipeline-x4-perstream,Qwen3-8B,8192,64,4,array,pipeline,nvlink,N5,rom,hbm,per_stream,3260.0,815.0,True,183.48584797274054,11743.094270255395,0.005450011600614367,weight_read,492.40257149824123,1.0,8190735360.0,484377952256.0,0.9240202706292784,1.0,77309411328.0,335.0,6.265446133083767,fp8,3.0,204.1071428571429
rom,Qwen3-8B/ROM-N5-fp8-HBMKV-array-pipeline-x4-perstream,Qwen3-8B,8192,256,4,array,pipeline,nvlink,N5,rom,hbm,per_stream,3260.0,815.0,True,45.89988617412086,11750.37086057494,0.021786546402457467,weight_read,492.70768799502,1.0,8190735360.0,1937511809024.0,0.9240202706292784,1.0,309237645312.0,335.0,6.265446133083767,fp8,3.0,51.02678571428572
rom,Qwen3-8B/ROM-N5-fp8-HBMKV-array-pipeline-x4-perregion,Qwen3-8B,8192,1,4,array,pipeline,nvlink,N5,rom,hbm,per_region,3260.0,815.0,True,11162.443622359144,11162.443622359144,8.958611875959948e-05,weight_read,468.0551664969514,1.0,8190735360.0,7568405504.0,0.9240202706292784,1.0,1207959552.0,335.0,6.265446133083767,fp8,3.0,13062.857142857145
rom,Qwen3-8B/ROM-N5-fp8-HBMKV-array-pipeline-x4-perregion,Qwen3-8B,8192,8,4,array,pipeline,nvlink,N5,rom,hbm,per_region,3260.0,815.0,True,1459.451440201889,11675.611521615112,0.0006851889500767959,weight_read,489.5729357823456,1.0,8190735360.0,60547244032.0,0.9240202706292784,1.0,9663676416.0,335.0,6.265446133083767,fp8,3.0,1632.8571428571431
rom,Qwen3-8B/ROM-N5-fp8-HBMKV-array-pipeline-x4-perregion,Qwen3-8B,8192,32,4,array,pipeline,nvlink,N5,rom,hbm,per_region,3260.0,815.0,True,366.66894241726993,11733.406157352638,0.0027272558003071834,weight_read,491.9963368554379,1.0,8190735360.0,242188976128.0,0.9240202706292784,1.0,38654705664.0,335.0,6.265446133083767,fp8,3.0,408.2142857142858
rom,Qwen3-8B/ROM-N5-fp8-HBMKV-array-pipeline-x4-perregion,Qwen3-8B,8192,64,4,array,pipeline,nvlink,N5,rom,hbm,per_region,3260.0,815.0,True,183.48584797274054,11743.094270255395,0.005450011600614367,weight_read,492.40257149824123,1.0,8190735360.0,484377952256.0,0.9240202706292784,1.0,77309411328.0,335.0,6.265446133083767,fp8,3.0,204.1071428571429
rom,Qwen3-8B/ROM-N5-fp8-HBMKV-array-pipeline-x4-perregion,Qwen3-8B,8192,256,4,array,pipeline,nvlink,N5,rom,hbm,per_region,3260.0,815.0,True,45.89988617412086,11750.37086057494,0.021786546402457467,weight_read,492.70768799502,1.0,8190735360.0,1937511809024.0,0.9240202706292784,1.0,309237645312.0,335.0,6.265446133083767,fp8,3.0,51.02678571428572
rom,Qwen3-8B/ROM-N5-fp8-HBMKV-array-tensor-x4,Qwen3-8B,8192,1,4,array,tensor,nvlink,N5,rom,hbm,batched,3260.0,815.0,True,5127.550587355189,5127.550587355189,0.0001950248920929328,link_latency,215.00458368083096,1.0,8190735360.0,7568405504.0,0.9240202706292784,1.0,1207959552.0,335.0,6.265446133083767,fp8,72.0,13062.857142857145
rom,Qwen3-8B/ROM-N5-fp8-HBMKV-array-tensor-x4,Qwen3-8B,8192,8,4,array,tensor,nvlink,N5,rom,hbm,batched,3260.0,815.0,True,1323.7694015381192,10590.155212304953,0.0007554185788235294,kv_read,408.9925178592876,1.0,8190735360.0,7568405504.0,0.9240202706292784,1.0,9663676416.0,335.0,0.7831807666354709,fp8,72.0,13062.857142857145
rom,Qwen3-8B/ROM-N5-fp8-HBMKV-array-tensor-x4,Qwen3-8B,8192,32,4,array,tensor,nvlink,N5,rom,hbm,batched,3260.0,815.0,True,370.68966936839956,11862.069419788786,0.0026976743152941174,kv_read,453.9056368534904,1.0,8190735360.0,7568405504.0,0.9240202706292784,1.0,38654705664.0,335.0,0.19579519165886772,fp8,72.0,13062.857142857145
rom,Qwen3-8B/ROM-N5-fp8-HBMKV-array-tensor-x4,Qwen3-8B,8192,64,4,array,tensor,nvlink,N5,rom,hbm,batched,3260.0,815.0,True,189.1307099015233,12104.36543369749,0.005287348630588235,kv_read,462.46145739584495,1.0,8190735360.0,7568405504.0,0.9240202706292784,1.0,77309411328.0,335.0,0.09789759582943386,fp8,72.0,13062.857142857145
rom,Qwen3-8B/ROM-N5-fp8-HBMKV-array-tensor-x4,Qwen3-8B,8192,256,4,array,tensor,nvlink,N5,rom,hbm,batched,3260.0,815.0,True,48.01829799318567,12292.684286255531,0.02082539452235294,kv_read,469.1112667808057,1.0,8190735360.0,7568405504.0,0.9240202706292784,1.0,309237645312.0,335.0,0.024474398957358465,fp8,72.0,13062.857142857145
rom,Qwen3-8B/ROM-N5-fp8-HBMKV-array-tensor-x4-perstream,Qwen3-8B,8192,1,4,array,tensor,nvlink,N5,rom,hbm,per_stream,3260.0,815.0,True,5127.550587355189,5127.550587355189,0.0001950248920929328,link_latency,215.00458368083096,1.0,8190735360.0,7568405504.0,0.9240202706292784,1.0,1207959552.0,335.0,6.265446133083767,fp8,72.0,13062.857142857145
rom,Qwen3-8B/ROM-N5-fp8-HBMKV-array-tensor-x4-perstream,Qwen3-8B,8192,8,4,array,tensor,nvlink,N5,rom,hbm,per_stream,3260.0,815.0,True,1243.4731079784751,9947.784863827801,0.0008041991367434625,weight_read,417.123011612642,1.0,8190735360.0,60547244032.0,0.9240202706292784,1.0,9663676416.0,335.0,6.265446133083767,fp8,72.0,1632.8571428571431
rom,Qwen3-8B/ROM-N5-fp8-HBMKV-array-tensor-x4-perstream,Qwen3-8B,8192,32,4,array,tensor,nvlink,N5,rom,hbm,per_stream,3260.0,815.0,True,345.68625334059476,11061.960106899032,0.00289279654697385,weight_read,463.8417675181944,1.0,8190735360.0,242188976128.0,0.9240202706292784,1.0,38654705664.0,335.0,6.265446133083767,fp8,72.0,408.2142857142858
rom,Qwen3-8B/ROM-N5-fp8-HBMKV-array-tensor-x4-perstream,Qwen3-8B,8192,64,4,array,tensor,nvlink,N5,rom,hbm,per_stream,3260.0,815.0,True,176.13097371595677,11272.382317821233,0.0056775930939477,weight_read,472.6650329518102,1.0,8190735360.0,484377952256.0,0.9240202706292784,1.0,77309411328.0,335.0,6.265446133083767,fp8,72.0,204.1071428571429
rom,Qwen3-8B/ROM-N5-fp8-HBMKV-array-tensor-x4-perstream,Qwen3-8B,8192,256,4,array,tensor,nvlink,N5,rom,hbm,per_stream,3260.0,815.0,True,44.67003332265775,11435.528530600384,0.0223863723757908,weight_read,479.5059568900719,1.0,8190735360.0,1937511809024.0,0.9240202706292784,1.0,309237645312.0,335.0,6.265446133083767,fp8,72.0,51.02678571428572
rom,Qwen3-8B/ROM-N5-fp8-HBMKV-array-tensor-x4-perregion,Qwen3-8B,8192,1,4,array,tensor,nvlink,N5,rom,hbm,per_region,3260.0,815.0,True,5127.550587355189,5127.550587355189,0.0001950248920929328,link_latency,215.00458368083096,1.0,8190735360.0,7568405504.0,0.9240202706292784,1.0,1207959552.0,335.0,6.265446133083767,fp8,72.0,13062.857142857145
rom,Qwen3-8B/ROM-N5-fp8-HBMKV-array-tensor-x4-perregion,Qwen3-8B,8192,8,4,array,tensor,nvlink,N5,rom,hbm,per_region,3260.0,815.0,True,1243.4731079784751,9947.784863827801,0.0008041991367434625,weight_read,417.123011612642,1.0,8190735360.0,60547244032.0,0.9240202706292784,1.0,9663676416.0,335.0,6.265446133083767,fp8,72.0,1632.8571428571431
rom,Qwen3-8B/ROM-N5-fp8-HBMKV-array-tensor-x4-perregion,Qwen3-8B,8192,32,4,array,tensor,nvlink,N5,rom,hbm,per_region,3260.0,815.0,True,345.68625334059476,11061.960106899032,0.00289279654697385,weight_read,463.8417675181944,1.0,8190735360.0,242188976128.0,0.9240202706292784,1.0,38654705664.0,335.0,6.265446133083767,fp8,72.0,408.2142857142858
rom,Qwen3-8B/ROM-N5-fp8-HBMKV-array-tensor-x4-perregion,Qwen3-8B,8192,64,4,array,tensor,nvlink,N5,rom,hbm,per_region,3260.0,815.0,True,176.13097371595677,11272.382317821233,0.0056775930939477,weight_read,472.6650329518102,1.0,8190735360.0,484377952256.0,0.9240202706292784,1.0,77309411328.0,335.0,6.265446133083767,fp8,72.0,204.1071428571429
rom,Qwen3-8B/ROM-N5-fp8-HBMKV-array-tensor-x4-perregion,Qwen3-8B,8192,256,4,array,tensor,nvlink,N5,rom,hbm,per_region,3260.0,815.0,True,44.67003332265775,11435.528530600384,0.0223863723757908,weight_read,479.5059568900719,1.0,8190735360.0,1937511809024.0,0.9240202706292784,1.0,309237645312.0,335.0,6.265446133083767,fp8,72.0,51.02678571428572
rom,Qwen3-8B/ROM-N5-fp8-HBMKV-wafer-pipeline-x1,Qwen3-8B,8192,1,1,wafer,pipeline,on_wafer,N5,rom,hbm,batched,46225.0,46225.0,True,12172.417715251113,12172.417715251113,8.215294803324701e-05,weight_read,510.40463836879684,1.0,8190735360.0,7568405504.0,0.9240202706292784,1.0,1207959552.0,720.0,6.265446133083767,fp8,56.0,13062.857142857145
rom,Qwen3-8B/ROM-N5-fp8-HBMKV-wafer-pipeline-x1,Qwen3-8B,8192,8,1,wafer,pipeline,on_wafer,N5,rom,hbm,batched,46225.0,46225.0,True,3703.3130222694695,29626.504178155756,0.00027002848368112793,kv_read,1144.1776155569064,1.0,8190735360.0,7568405504.0,0.9240202706292784,1.0,9663676416.0,720.0,0.7831807666354709,fp8,56.0,13062.857142857145
rom,Qwen3-8B/ROM-N5-fp8-HBMKV-wafer-pipeline-x1,Qwen3-8B,8192,32,1,wafer,pipeline,on_wafer,N5,rom,hbm,batched,46225.0,46225.0,True,940.4560284062153,30094.59290899889,0.0010633139347245117,kv_read,1151.5786054511987,1.0,8190735360.0,7568405504.0,0.9240202706292784,1.0,38654705664.0,720.0,0.19579519165886772,fp8,56.0,13062.857142857145
rom,Qwen3-8B/ROM-N5-fp8-HBMKV-wafer-pipeline-x1,Qwen3-8B,8192,64,1,wafer,pipeline,on_wafer,N5,rom,hbm,batched,46225.0,46225.0,True,471.4695240000636,30174.04953600407,0.0021210278694490233,kv_read,1152.8349007959737,1.0,8190735360.0,7568405504.0,0.9240202706292784,1.0,77309411328.0,720.0,0.09789759582943386,fp8,56.0,13062.857142857145
rom,Qwen3-8B/ROM-N5-fp8-HBMKV-wafer-pipeline-x1,Qwen3-8B,8192,256,1,wafer,pipeline,on_wafer,N5,rom,hbm,batched,46225.0,46225.0,True,118.101241772233,30233.917893691647,0.008467311477796094,kv_read,1153.781484383738,1.0,8190735360.0,7568405504.0,0.9240202706292784,1.0,309237645312.0,720.0,0.024474398957358465,fp8,56.0,13062.857142857145
rom,Qwen3-8B/ROM-N5-fp8-HBMKV-wafer-pipeline-x1-perstream,Qwen3-8B,8192,1,1,wafer,pipeline,on_wafer,N5,rom,hbm,per_stream,46225.0,46225.0,True,12172.417715251113,12172.417715251113,8.215294803324701e-05,weight_read,510.40463836879684,1.0,8190735360.0,7568405504.0,0.9240202706292784,1.0,1207959552.0,720.0,6.265446133083767,fp8,56.0,13062.857142857145
rom,Qwen3-8B/ROM-N5-fp8-HBMKV-wafer-pipeline-x1-perstream,Qwen3-8B,8192,8,1,wafer,pipeline,on_wafer,N5,rom,hbm,per_stream,46225.0,46225.0,True,1618.0612285010056,12944.489828008045,0.0006180235842659761,weight_read,542.7785838515085,1.0,8190735360.0,60547244032.0,0.9240202706292784,1.0,9663676416.0,720.0,6.265446133083767,fp8,56.0,1632.8571428571431
rom,Qwen3-8B/ROM-N5-fp8-HBMKV-wafer-pipeline-x1-perstream,Qwen3-8B,8192,32,1,wafer,pipeline,on_wafer,N5,rom,hbm,per_stream,46225.0,46225.0,True,407.2831452036102,13033.060646515527,0.0024552943370639044,weight_read,546.492468607016,1.0,8190735360.0,242188976128.0,0.9240202706292784,1.0,38654705664.0,720.0,6.265446133083767,fp8,56.0,408.2142857142858
rom,Qwen3-8B/ROM-N5-fp8-HBMKV-wafer-pipeline-x1-perstream,Qwen3-8B,8192,64,1,wafer,pipeline,on_wafer,N5,rom,hbm,per_stream,46225.0,46225.0,True,203.8740691236799,13047.940423915514,0.004904988674127809,weight_read,547.11639620961,1.0,8190735360.0,484377952256.0,0.9240202706292784,1.0,77309411328.0,720.0,6.265446133083767,fp8,56.0,204.1071428571429
rom,Qwen3-8B/ROM-N5-fp8-HBMKV-wafer-pipeline-x1-perstream,Qwen3-8B,8192,256,1,wafer,pipeline,on_wafer,N5,rom,hbm,per_stream,46225.0,46225.0,True,51.01219755093651,13059.122573039747,0.019603154696511235,weight_read,547.5852776523483,1.0,8190735360.0,1937511809024.0,0.9240202706292784,1.0,309237645312.0,720.0,6.265446133083767,fp8,56.0,51.02678571428572
rom,Qwen3-8B/ROM-N5-fp8-HBMKV-wafer-pipeline-x1-perregion,Qwen3-8B,8192,1,1,wafer,pipeline,on_wafer,N5,rom,hbm,per_region,46225.0,46225.0,True,12172.417715251113,12172.417715251113,8.215294803324701e-05,weight_read,510.40463836879684,1.0,8190735360.0,7568405504.0,0.9240202706292784,1.0,1207959552.0,720.0,6.265446133083767,fp8,56.0,13062.857142857145
rom,Qwen3-8B/ROM-N5-fp8-HBMKV-wafer-pipeline-x1-perregion,Qwen3-8B,8192,8,1,wafer,pipeline,on_wafer,N5,rom,hbm,per_region,46225.0,46225.0,True,1618.0612285010056,12944.489828008045,0.0006180235842659761,weight_read,542.7785838515085,1.0,8190735360.0,60547244032.0,0.9240202706292784,1.0,9663676416.0,720.0,6.265446133083767,fp8,56.0,1632.8571428571431
rom,Qwen3-8B/ROM-N5-fp8-HBMKV-wafer-pipeline-x1-perregion,Qwen3-8B,8192,32,1,wafer,pipeline,on_wafer,N5,rom,hbm,per_region,46225.0,46225.0,True,407.2831452036102,13033.060646515527,0.0024552943370639044,weight_read,546.492468607016,1.0,8190735360.0,242188976128.0,0.9240202706292784,1.0,38654705664.0,720.0,6.265446133083767,fp8,56.0,408.2142857142858
rom,Qwen3-8B/ROM-N5-fp8-HBMKV-wafer-pipeline-x1-perregion,Qwen3-8B,8192,64,1,wafer,pipeline,on_wafer,N5,rom,hbm,per_region,46225.0,46225.0,True,203.8740691236799,13047.940423915514,0.004904988674127809,weight_read,547.11639620961,1.0,8190735360.0,484377952256.0,0.9240202706292784,1.0,77309411328.0,720.0,6.265446133083767,fp8,56.0,204.1071428571429
rom,Qwen3-8B/ROM-N5-fp8-HBMKV-wafer-pipeline-x1-perregion,Qwen3-8B,8192,256,1,wafer,pipeline,on_wafer,N5,rom,hbm,per_region,46225.0,46225.0,True,51.01219755093651,13059.122573039747,0.019603154696511235,weight_read,547.5852776523483,1.0,8190735360.0,1937511809024.0,0.9240202706292784,1.0,309237645312.0,720.0,6.265446133083767,fp8,56.0,51.02678571428572
rom,Qwen3-8B/ROM-N5-fp8-HBMKV-wafer-tensor-x1,Qwen3-8B,8192,1,1,wafer,tensor,on_wafer,N5,rom,hbm,batched,46225.0,46225.0,True,11939.87123369956,11939.87123369956,8.375299703212551e-05,weight_read,500.6536747067838,1.0,8190735360.0,7568405504.0,0.9240202706292784,1.0,1207959552.0,720.0,6.265446133083767,fp8,72.0,13062.857142857145
rom,Qwen3-8B/ROM-N5-fp8-HBMKV-wafer-tensor-x1,Qwen3-8B,8192,8,1,wafer,tensor,on_wafer,N5,rom,hbm,batched,46225.0,46225.0,True,3681.493720155716,29451.949761245727,0.000271628875672156,kv_read,1137.4363120496132,1.0,8190735360.0,7568405504.0,0.9240202706292784,1.0,9663676416.0,720.0,0.7831807666354709,fp8,72.0,13062.857142857145
rom,Qwen3-8B/ROM-N5-fp8-HBMKV-wafer-tensor-x1,Qwen3-8B,8192,32,1,wafer,tensor,on_wafer,N5,rom,hbm,batched,46225.0,46225.0,True,939.041639900321,30049.332476810272,0.0010649155026886238,kv_read,1149.8467014663368,1.0,8190735360.0,7568405504.0,0.9240202706292784,1.0,38654705664.0,720.0,0.19579519165886772,fp8,72.0,13062.857142857145
rom,Qwen3-8B/ROM-N5-fp8-HBMKV-wafer-tensor-x1,Qwen3-8B,8192,64,1,wafer,tensor,on_wafer,N5,rom,hbm,batched,46225.0,46225.0,True,471.1134424526478,30151.26031696946,0.002122631005377248,kv_read,1151.9642119932116,1.0,8190735360.0,7568405504.0,0.9240202706292784,1.0,77309411328.0,720.0,0.09789759582943386,fp8,72.0,13062.857142857145
rom,Qwen3-8B/ROM-N5-fp8-HBMKV-wafer-tensor-x1,Qwen3-8B,8192,256,1,wafer,tensor,on_wafer,N5,rom,hbm,batched,46225.0,46225.0,True,118.0787544510076,30228.161139457945,0.008468924021508992,kv_read,1153.5617961359776,1.0,8190735360.0,7568405504.0,0.9240202706292784,1.0,309237645312.0,720.0,0.024474398957358465,fp8,72.0,13062.857142857145
rom,Qwen3-8B/ROM-N5-fp8-HBMKV-wafer-tensor-x1-perstream,Qwen3-8B,8192,1,1,wafer,tensor,on_wafer,N5,rom,hbm,per_stream,46225.0,46225.0,True,11939.87123369956,11939.87123369956,8.375299703212551e-05,weight_read,500.6536747067838,1.0,8190735360.0,7568405504.0,0.9240202706292784,1.0,1207959552.0,720.0,6.265446133083767,fp8,72.0,13062.857142857145
rom,Qwen3-8B/ROM-N5-fp8-HBMKV-wafer-tensor-x1-perstream,Qwen3-8B,8192,8,1,wafer,tensor,on_wafer,N5,rom,hbm,per_stream,46225.0,46225.0,True,1613.8820289698178,12911.056231758543,0.0006196239762570041,weight_read,541.3766715114716,1.0,8190735360.0,60547244032.0,0.9240202706292784,1.0,9663676416.0,720.0,6.265446133083767,fp8,72.0,1632.8571428571431
rom,Qwen3-8B/ROM-N5-fp8-HBMKV-wafer-tensor-x1-perstream,Qwen3-8B,8192,32,1,wafer,tensor,on_wafer,N5,rom,hbm,per_stream,46225.0,46225.0,True,407.0176509934786,13024.564831791315,0.0024568959050280167,weight_read,546.1362285121229,1.0,8190735360.0,242188976128.0,0.9240202706292784,1.0,38654705664.0,720.0,6.265446133083767,fp8,72.0,408.2142857142858
rom,Qwen3-8B/ROM-N5-fp8-HBMKV-wafer-tensor-x1-perstream,Qwen3-8B,8192,64,1,wafer,tensor,on_wafer,N5,rom,hbm,per_stream,46225.0,46225.0,True,203.80745713358618,13043.677256549516,0.004906591810056033,weight_read,546.9376362911904,1.0,8190735360.0,484377952256.0,0.9240202706292784,1.0,77309411328.0,720.0,6.265446133083767,fp8,72.0,204.1071428571429
rom,Qwen3-8B/ROM-N5-fp8-HBMKV-wafer-tensor-x1-perstream,Qwen3-8B,8192,256,1,wafer,tensor,on_wafer,N5,rom,hbm,per_stream,46225.0,46225.0,True,51.00800166340397,13058.048425831415,0.01960476724022413,weight_read,547.5402373218035,1.0,8190735360.0,1937511809024.0,0.9240202706292784,1.0,309237645312.0,720.0,6.265446133083767,fp8,72.0,51.02678571428572
rom,Qwen3-8B/ROM-N5-fp8-HBMKV-wafer-tensor-x1-perregion,Qwen3-8B,8192,1,1,wafer,tensor,on_wafer,N5,rom,hbm,per_region,46225.0,46225.0,True,11939.87123369956,11939.87123369956,8.375299703212551e-05,weight_read,500.6536747067838,1.0,8190735360.0,7568405504.0,0.9240202706292784,1.0,1207959552.0,720.0,6.265446133083767,fp8,72.0,13062.857142857145
rom,Qwen3-8B/ROM-N5-fp8-HBMKV-wafer-tensor-x1-perregion,Qwen3-8B,8192,8,1,wafer,tensor,on_wafer,N5,rom,hbm,per_region,46225.0,46225.0,True,1613.8820289698178,12911.056231758543,0.0006196239762570041,weight_read,541.3766715114716,1.0,8190735360.0,60547244032.0,0.9240202706292784,1.0,9663676416.0,720.0,6.265446133083767,fp8,72.0,1632.8571428571431
rom,Qwen3-8B/ROM-N5-fp8-HBMKV-wafer-tensor-x1-perregion,Qwen3-8B,8192,32,1,wafer,tensor,on_wafer,N5,rom,hbm,per_region,46225.0,46225.0,True,407.0176509934786,13024.564831791315,0.0024568959050280167,weight_read,546.1362285121229,1.0,8190735360.0,242188976128.0,0.9240202706292784,1.0,38654705664.0,720.0,6.265446133083767,fp8,72.0,408.2142857142858
rom,Qwen3-8B/ROM-N5-fp8-HBMKV-wafer-tensor-x1-perregion,Qwen3-8B,8192,64,1,wafer,tensor,on_wafer,N5,rom,hbm,per_region,46225.0,46225.0,True,203.80745713358618,13043.677256549516,0.004906591810056033,weight_read,546.9376362911904,1.0,8190735360.0,484377952256.0,0.9240202706292784,1.0,77309411328.0,720.0,6.265446133083767,fp8,72.0,204.1071428571429
rom,Qwen3-8B/ROM-N5-fp8-HBMKV-wafer-tensor-x1-perregion,Qwen3-8B,8192,256,1,wafer,tensor,on_wafer,N5,rom,hbm,per_region,46225.0,46225.0,True,51.00800166340397,13058.048425831415,0.01960476724022413,weight_read,547.5402373218035,1.0,8190735360.0,1937511809024.0,0.9240202706292784,1.0,309237645312.0,720.0,6.265446133083767,fp8,72.0,51.02678571428572
gpu,Qwen3-8B/b200_sxm-x1,Qwen3-8B,8192,1,1,single_chip,none,none,4NP,hbm,hbm,batched,1600.0,1600.0,True,416.0314535284604,416.0314535284604,0.002403664414117647,weight_read,212.78973894854437,1.0,16381470720,15136811008.0,1.0,1.0,1207959552.0,120.0,12.530892266167534,checkpoint-declared,0.0,
gpu,Qwen3-8B/b200_sxm-x1,Qwen3-8B,8192,8,1,single_chip,none,none,4NP,hbm,hbm,batched,1600.0,1600.0,True,274.17511815876696,2193.4009452701357,0.0036473039811764705,weight_read,215.48010955733224,1.0,16381470720,15136811008.0,1.0,1.0,9663676416.0,120.0,1.5663615332709417,checkpoint-declared,0.0,
gpu,Qwen3-8B/b200_sxm-x1,Qwen3-8B,8192,32,1,single_chip,none,none,4NP,hbm,hbm,batched,1600.0,1600.0,True,126.40289727765587,4044.8927128849878,0.007911211068235294,kv_read,218.28267765425767,1.0,16381470720,15136811008.0,1.0,1.0,38654705664.0,120.0,0.39159038331773544,checkpoint-declared,0.0,
gpu,Qwen3-8B/b200_sxm-x1,Qwen3-8B,8192,64,1,single_chip,none,none,4NP,hbm,hbm,batched,1600.0,1600.0,True,73.54876959726867,4707.121254225195,0.013596420517647059,kv_read,219.28508048169468,1.0,16381470720,15136811008.0,1.0,1.0,77309411328.0,120.0,0.19579519165886772,checkpoint-declared,0.0,
gpu,Qwen3-8B/b200_sxm-x1,Qwen3-8B,8192,256,1,single_chip,none,none,4NP,hbm,hbm,batched,1600.0,1600.0,False,0.0,0.0,0.04770767721411765,capacity_or_format,220.28243195294635,1.0,16381470720,15136811008.0,1.0,1.0,309237645312.0,120.0,0.04894879791471693,checkpoint-declared,0.0,
gpu,Qwen3-8B/b200_sxm-x2,Qwen3-8B,8192,1,2,array,pipeline,nvlink,4NP,hbm,hbm,batched,3200.0,1600.0,True,748.0112879092208,748.0112879092208,0.0013368782211764707,weight_read,382.58916563835936,1.0,16381470720,15136811008.0,1.0,1.0,1207959552.0,254.0,12.530892266167534,checkpoint-declared,1.0,
gpu,Qwen3-8B/b200_sxm-x2,Qwen3-8B,8192,8,2,array,pipeline,nvlink,4NP,hbm,hbm,batched,3200.0,1600.0,True,493.1324386021222,3945.0595088169775,0.0020278528073202616,weight_read,387.563366835963,1.0,16381470720,15136811008.0,1.0,1.0,9663676416.0,254.0,1.5663615332709417,checkpoint-declared,1.0,
gpu,Qwen3-8B/b200_sxm-x2,Qwen3-8B,8192,32,2,array,pipeline,nvlink,4NP,hbm,hbm,batched,3200.0,1600.0,True,227.43252284976862,7277.840731192596,0.00439690853124183,kv_read,392.7487513538684,1.0,16381470720,15136811008.0,1.0,1.0,38654705664.0,254.0,0.39159038331773544,checkpoint-declared,1.0,
gpu,Qwen3-8B/b200_sxm-x2,Qwen3-8B,8192,64,2,array,pipeline,nvlink,4NP,hbm,hbm,batched,3200.0,1600.0,True,132.35129560564215,8470.482918761098,0.007555649496470588,kv_read,394.6043512034169,1.0,16381470720,15136811008.0,1.0,1.0,77309411328.0,254.0,0.19579519165886772,checkpoint-declared,1.0,
gpu,Qwen3-8B/b200_sxm-x2,Qwen3-8B,8192,256,2,array,pipeline,nvlink,4NP,hbm,hbm,batched,3200.0,1600.0,False,0.0,0.0,0.026508095287843137,capacity_or_format,396.45108580742135,1.0,16381470720,15136811008.0,1.0,1.0,309237645312.0,254.0,0.04894879791471693,checkpoint-declared,1.0,
gpu,Qwen3-8B/b200_sxm-x3,Qwen3-8B,8192,1,3,array,pipeline,nvlink,4NP,hbm,hbm,batched,4800.0,1600.0,True,1119.4895152473387,1119.4895152473387,0.0008932642837472767,weight_read,572.5910377322408,1.0,16381470720,15136811008.0,1.0,1.0,1207959552.0,388.0,12.530892266167534,checkpoint-declared,2.0,
gpu,Qwen3-8B/b200_sxm-x3,Qwen3-8B,8192,8,3,array,pipeline,nvlink,4NP,hbm,hbm,batched,4800.0,1600.0,True,738.5530034558059,5908.424027646447,0.0013539989619172116,weight_read,580.4446558363418,1.0,16381470720,15136811008.0,1.0,1.0,9663676416.0,388.0,1.5663615332709417,checkpoint-declared,2.0,
gpu,Qwen3-8B/b200_sxm-x3,Qwen3-8B,8192,32,3,array,pipeline,nvlink,4NP,hbm,hbm,batched,4800.0,1600.0,True,340.87104710775037,10907.873507448012,0.0029336607156427016,kv_read,588.6435081788516,1.0,16381470720,15136811008.0,1.0,1.0,38654705664.0,388.0,0.39159038331773544,checkpoint-declared,2.0,
gpu,Qwen3-8B/b200_sxm-x3,Qwen3-8B,8192,64,3,array,pipeline,nvlink,4NP,hbm,hbm,batched,4800.0,1600.0,True,198.41756486816394,12698.724151562492,0.005039876387276689,kv_read,591.5804155439332,1.0,16381470720,15136811008.0,1.0,1.0,77309411328.0,388.0,0.19579519165886772,checkpoint-declared,2.0,
gpu,Qwen3-8B/b200_sxm-x3,Qwen3-8B,8192,256,3,array,pipeline,nvlink,4NP,hbm,hbm,batched,4800.0,1600.0,True,56.57013970028525,14481.955763273025,0.017677170417080612,kv_read,594.5048280689479,1.0,16381470720,15136811008.0,1.0,1.0,309237645312.0,388.0,0.04894879791471693,checkpoint-declared,2.0,
gpu,Qwen3-8B/b200_sxm-x29,Qwen3-8B,8192,1,29,array,pipeline,nvlink,4NP,hbm,hbm,batched,46400.0,1600.0,True,7443.284910766047,7443.284910766047,0.00013434928421906695,weight_read,3807.0550667467646,1.0,16381470720,15136811008.0,1.0,1.0,1207959552.0,3875.0,12.530892266167534,checkpoint-declared,28.0,
gpu,Qwen3-8B/b200_sxm-x29,Qwen3-8B,8192,8,29,array,pipeline,nvlink,4NP,hbm,hbm,batched,46400.0,1600.0,True,5441.219058289661,43529.75246631729,0.00018378234533243182,weight_read,4276.370834375838,1.0,16381470720,15136811008.0,1.0,1.0,9663676416.0,3875.0,1.5663615332709417,checkpoint-declared,28.0,
gpu,Qwen3-8B/b200_sxm-x29,Qwen3-8B,8192,32,29,array,pipeline,nvlink,4NP,hbm,hbm,batched,46400.0,1600.0,True,2830.71909490922,90583.01103709504,0.00035326712629254,kv_read,4888.3131402166555,1.0,16381470720,15136811008.0,1.0,1.0,38654705664.0,3875.0,0.39159038331773544,checkpoint-declared,28.0,
gpu,Qwen3-8B/b200_sxm-x29,Qwen3-8B,8192,64,29,array,pipeline,nvlink,4NP,hbm,hbm,batched,46400.0,1600.0,True,1726.3797415710853,110488.30346054946,0.0005792468342393509,kv_read,5147.187677582051,1.0,16381470720,15136811008.0,1.0,1.0,77309411328.0,3875.0,0.19579519165886772,checkpoint-declared,28.0,
gpu,Qwen3-8B/b200_sxm-x29,Qwen3-8B,8192,256,29,array,pipeline,nvlink,4NP,hbm,hbm,batched,46400.0,1600.0,True,516.7624611674736,132291.19005887324,0.0019351250819202165,kv_read,5430.741019140635,1.0,16381470720,15136811008.0,1.0,1.0,309237645312.0,3875.0,0.04894879791471693,checkpoint-declared,28.0,
rom,DSV4-Flash/ROM-N5-native-SRAMKV-array-pipeline-x14,DeepSeek-V4-Flash-0731,200000,1,14,array,pipeline,nvlink,N5,rom,sram,batched,11410.0,815.0,True,9553.184110881099,9553.184110881099,0.00010467714098182172,weight_read,64.32127941336304,1.0,166878536440,11217572060.0,0.06721998106708707,0.0234375,704983412.0,0.0,113.19238288924399,w4a8,13.0,13062.857142857143
rom,DSV4-Flash/ROM-N5-native-SRAMKV-array-pipeline-x14,DeepSeek-V4-Flash-0731,200000,8,14,array,pipeline,nvlink,N5,rom,sram,batched,11410.0,815.0,False,0.0,0.0,0.00040290791530922786,capacity_or_format,63.52440485452432,1.0,166878536440,33202065409.85159,0.19895947147037185,0.17281938744697234,5639867296.0,0.0,41.87872474190333,w4a8,13.0,13062.857142857143
rom,DSV4-Flash/ROM-N5-native-SRAMKV-array-pipeline-x14,DeepSeek-V4-Flash-0731,200000,32,14,array,pipeline,nvlink,N5,rom,sram,batched,11410.0,815.0,False,0.0,0.0,0.0015531316612369115,capacity_or_format,50.86031596966928,1.0,166878536440,86037911455.85335,0.5155720639172052,0.5318323645307802,22559469184.0,0.0,27.130526119007786,w4a8,13.0,13062.857142857143
rom,DSV4-Flash/ROM-N5-native-SRAMKV-array-pipeline-x14,DeepSeek-V4-Flash-0731,200000,64,14,array,pipeline,nvlink,N5,rom,sram,batched,11410.0,815.0,False,0.0,0.0,0.003086763322473823,capacity_or_format,43.180580514657336,1.0,166878536440,122681219131.22423,0.7351527748766744,0.7808190650991598,45118938368.0,0.0,19.342670943722435,w4a8,13.0,13062.857142857143
rom,DSV4-Flash/ROM-N5-native-SRAMKV-array-pipeline-x14,DeepSeek-V4-Flash-0731,200000,256,14,array,pipeline,nvlink,N5,rom,sram,batched,11410.0,815.0,False,0.0,0.0,0.012288553289895292,capacity_or_format,29.70973617804404,1.0,166878536440,154598371623.9685,0.9264125568332345,0.9976921312838378,180475753472.0,0.0,6.093731077857887,w4a8,13.0,13062.857142857143
rom,DSV4-Flash/ROM-N5-native-SRAMKV-array-pipeline-x14-perstream,DeepSeek-V4-Flash-0731,200000,1,14,array,pipeline,nvlink,N5,rom,sram,per_stream,11410.0,815.0,True,9553.184110881099,9553.184110881099,0.00010467714098182172,weight_read,64.32127941336304,1.0,166878536440,11217572060.0,0.06721998106708707,0.0234375,704983412.0,0.0,113.19238288924399,w4a8,13.0,13062.857142857143
rom,DSV4-Flash/ROM-N5-native-SRAMKV-array-pipeline-x14-perstream,DeepSeek-V4-Flash-0731,200000,8,14,array,pipeline,nvlink,N5,rom,sram,per_stream,11410.0,815.0,False,0.0,0.0,0.0007009171278545737,capacity_or_format,76.84751723950689,1.0,166878536440,89740576480.0,0.06721998106708707,0.17281938744697234,5639867296.0,0.0,113.19238288924399,w4a8,13.0,1632.857142857143
rom,DSV4-Flash/ROM-N5-native-SRAMKV-array-pipeline-x14-perstream,DeepSeek-V4-Flash-0731,200000,32,14,array,pipeline,nvlink,N5,rom,sram,per_stream,11410.0,815.0,False,0.0,0.0,0.002745168511418295,capacity_or_format,78.4851506816115,1.0,166878536440,358962305920.0,0.06721998106708707,0.5318323645307802,22559469184.0,0.0,113.19238288924399,w4a8,13.0,408.2142857142857
rom,DSV4-Flash/ROM-N5-native-SRAMKV-array-pipeline-x14-perstream,DeepSeek-V4-Flash-0731,200000,64,14,array,pipeline,nvlink,N5,rom,sram,per_stream,11410.0,815.0,False,0.0,0.0,0.00547083702283659,capacity_or_format,78.76489954488468,1.0,166878536440,717924611840.0,0.06721998106708707,0.7808190650991598,45118938368.0,0.0,113.19238288924399,w4a8,13.0,204.10714285714286
rom,DSV4-Flash/ROM-N5-native-SRAMKV-array-pipeline-x14-perstream,DeepSeek-V4-Flash-0731,200000,256,14,array,pipeline,nvlink,N5,rom,sram,per_stream,11410.0,815.0,False,0.0,0.0,0.02182484809134636,capacity_or_format,78.9760234255225,1.0,166878536440,2871698447360.0,0.06721998106708707,0.9976921312838378,180475753472.0,0.0,113.19238288924399,w4a8,13.0,51.026785714285715
rom,DSV4-Flash/ROM-N5-native-SRAMKV-array-pipeline-x14-perregion,DeepSeek-V4-Flash-0731,200000,1,14,array,pipeline,nvlink,N5,rom,sram,per_region,11410.0,815.0,True,9553.184110881099,9553.184110881099,0.00010467714098182172,weight_read,64.32127941336304,1.0,166878536440,11217572060.0,0.06721998106708707,0.0234375,704983412.0,0.0,113.19238288924399,w4a8,13.0,13062.857142857143
rom,DSV4-Flash/ROM-N5-native-SRAMKV-array-pipeline-x14-perregion,DeepSeek-V4-Flash-0731,200000,8,14,array,pipeline,nvlink,N5,rom,sram,per_region,11410.0,815.0,False,0.0,0.0,0.00040290791530922786,capacity_or_format,40.08995015384351,1.0,166878536440,14318210830.1319,0.06721998106708707,0.17281938744697234,5639867296.0,0.0,18.059973159793657,w4a8,13.0,10234.067862802649
rom,DSV4-Flash/ROM-N5-native-SRAMKV-array-pipeline-x14-perregion,DeepSeek-V4-Flash-0731,200000,32,14,array,pipeline,nvlink,N5,rom,sram,per_region,11410.0,815.0,False,0.0,0.0,0.0015531316612369115,capacity_or_format,29.15351122779662,1.0,166878536440,18610860038.073437,0.06721998106708707,0.5318323645307802,22559469184.0,0.0,5.868603919090119,w4a8,13.0,7873.550228721973
rom,DSV4-Flash/ROM-N5-native-SRAMKV-array-pipeline-x14-perregion,DeepSeek-V4-Flash-0731,200000,64,14,array,pipeline,nvlink,N5,rom,sram,per_region,11410.0,815.0,False,0.0,0.0,0.003086763322473823,capacity_or_format,27.41508298591724,1.0,166878536440,25352500066.69093,0.06721998106708707,0.7808190650991598,45118938368.0,0.0,3.9972301372891503,w4a8,13.0,5779.845811025439
rom,DSV4-Flash/ROM-N5-native-SRAMKV-array-pipeline-x14-perregion,DeepSeek-V4-Flash-0731,200000,256,14,array,pipeline,nvlink,N5,rom,sram,per_region,11410.0,815.0,False,0.0,0.0,0.012288553289895292,capacity_or_format,26.648662108700744,1.0,166878536440,79366027973.08513,0.06721998106708707,0.9976921312838378,180475753472.0,0.0,3.128333281297937,w4a8,13.0,1846.300552664405
rom,DSV4-Flash/ROM-N5-native-SRAMKV-array-tensor-x14,DeepSeek-V4-Flash-0731,200000,1,14,array,tensor,nvlink,N5,rom,sram,batched,11410.0,815.0,True,4620.918654019083,4620.918654019083,0.00021640718542626617,link_latency,31.1124957335476,1.0,166878536440,11217572060.0,0.06721998106708707,0.0234375,704983412.0,0.0,113.19238288924399,w4a8,86.0,13062.857142857143
rom,DSV4-Flash/ROM-N5-native-SRAMKV-array-tensor-x14,DeepSeek-V4-Flash-0731,200000,8,14,array,tensor,nvlink,N5,rom,sram,batched,11410.0,815.0,False,0.0,0.0,0.0005302482708647834,capacity_or_format,48.26887127694668,1.0,166878536440,33202065409.85159,0.19895947147037185,0.17281938744697234,5639867296.0,0.0,41.87872474190333,w4a8,86.0,13062.857142857143
rom,DSV4-Flash/ROM-N5-native-SRAMKV-array-tensor-x14,DeepSeek-V4-Flash-0731,200000,32,14,array,tensor,nvlink,N5,rom,sram,batched,11410.0,815.0,False,0.0,0.0,0.0017339930834591338,capacity_or_format,45.5554106798537,1.0,166878536440,86037911455.85335,0.5155720639172052,0.5318323645307802,22559469184.0,0.0,27.130526119007786,w4a8,86.0,13062.857142857143
rom,DSV4-Flash/ROM-N5-native-SRAMKV-array-tensor-x14,DeepSeek-V4-Flash-0731,200000,64,14,array,tensor,nvlink,N5,rom,sram,batched,11410.0,815.0,False,0.0,0.0,0.0033389861669182674,capacity_or_format,39.91877339785181,1.0,166878536440,122681219131.22423,0.7351527748766744,0.7808190650991598,45118938368.0,0.0,19.342670943722435,w4a8,86.0,13062.857142857143
rom,DSV4-Flash/ROM-N5-native-SRAMKV-array-tensor-x14,DeepSeek-V4-Flash-0731,200000,256,14,array,tensor,nvlink,N5,rom,sram,batched,11410.0,815.0,False,0.0,0.0,0.01296894466767307,capacity_or_format,28.151070546446388,1.0,166878536440,154598371623.9685,0.9264125568332345,0.9976921312838378,180475753472.0,0.0,6.093731077857887,w4a8,86.0,13062.857142857143
rom,DSV4-Flash/ROM-N5-native-SRAMKV-array-tensor-x14-perstream,DeepSeek-V4-Flash-0731,200000,1,14,array,tensor,nvlink,N5,rom,sram,per_stream,11410.0,815.0,True,4620.918654019083,4620.918654019083,0.00021640718542626617,link_latency,31.1124957335476,1.0,166878536440,11217572060.0,0.06721998106708707,0.0234375,704983412.0,0.0,113.19238288924399,w4a8,86.0,13062.857142857143
rom,DSV4-Flash/ROM-N5-native-SRAMKV-array-tensor-x14-perstream,DeepSeek-V4-Flash-0731,200000,8,14,array,tensor,nvlink,N5,rom,sram,per_stream,11410.0,815.0,False,0.0,0.0,0.0008282574834101293,capacity_or_format,65.03260416615908,1.0,166878536440,89740576480.0,0.06721998106708707,0.17281938744697234,5639867296.0,0.0,113.19238288924399,w4a8,86.0,1632.857142857143
rom,DSV4-Flash/ROM-N5-native-SRAMKV-array-tensor-x14-perstream,DeepSeek-V4-Flash-0731,200000,32,14,array,tensor,nvlink,N5,rom,sram,per_stream,11410.0,815.0,False,0.0,0.0,0.002926029933640517,capacity_or_format,73.63388931466419,1.0,166878536440,358962305920.0,0.06721998106708707,0.5318323645307802,22559469184.0,0.0,113.19238288924399,w4a8,86.0,408.2142857142857
rom,DSV4-Flash/ROM-N5-native-SRAMKV-array-tensor-x14-perstream,DeepSeek-V4-Flash-0731,200000,64,14,array,tensor,nvlink,N5,rom,sram,per_stream,11410.0,815.0,False,0.0,0.0,0.005723059867281034,capacity_or_format,75.29362587899693,1.0,166878536440,717924611840.0,0.06721998106708707,0.7808190650991598,45118938368.0,0.0,113.19238288924399,w4a8,86.0,204.10714285714286
rom,DSV4-Flash/ROM-N5-native-SRAMKV-array-tensor-x14-perstream,DeepSeek-V4-Flash-0731,200000,256,14,array,tensor,nvlink,N5,rom,sram,per_stream,11410.0,815.0,False,0.0,0.0,0.02250523946912414,capacity_or_format,76.5883747420405,1.0,166878536440,2871698447360.0,0.06721998106708707,0.9976921312838378,180475753472.0,0.0,113.19238288924399,w4a8,86.0,51.026785714285715
rom,DSV4-Flash/ROM-N5-native-SRAMKV-array-tensor-x14-perregion,DeepSeek-V4-Flash-0731,200000,1,14,array,tensor,nvlink,N5,rom,sram,per_region,11410.0,815.0,True,4620.918654019083,4620.918654019083,0.00021640718542626617,link_latency,31.1124957335476,1.0,166878536440,11217572060.0,0.06721998106708707,0.0234375,704983412.0,0.0,113.19238288924399,w4a8,86.0,13062.857142857143
rom,DSV4-Flash/ROM-N5-native-SRAMKV-array-tensor-x14-perregion,DeepSeek-V4-Flash-0731,200000,8,14,array,tensor,nvlink,N5,rom,sram,per_region,11410.0,815.0,False,0.0,0.0,0.0005302482708647834,capacity_or_format,30.462255378961814,1.0,166878536440,14318210830.1319,0.06721998106708707,0.17281938744697234,5639867296.0,0.0,18.059973159793657,w4a8,86.0,10234.067862802649
rom,DSV4-Flash/ROM-N5-native-SRAMKV-array-tensor-x14-perregion,DeepSeek-V4-Flash-0731,200000,32,14,array,tensor,nvlink,N5,rom,sram,per_region,11410.0,815.0,False,0.0,0.0,0.0017339930834591338,capacity_or_format,26.112700077089922,1.0,166878536440,18610860038.073437,0.06721998106708707,0.5318323645307802,22559469184.0,0.0,5.868603919090119,w4a8,86.0,7873.550228721973
rom,DSV4-Flash/ROM-N5-native-SRAMKV-array-tensor-x14-perregion,DeepSeek-V4-Flash-0731,200000,64,14,array,tensor,nvlink,N5,rom,sram,per_region,11410.0,815.0,False,0.0,0.0,0.0033389861669182674,capacity_or_format,25.344181860330817,1.0,166878536440,25352500066.69093,0.06721998106708707,0.7808190650991598,45118938368.0,0.0,3.9972301372891503,w4a8,86.0,5779.845811025439
rom,DSV4-Flash/ROM-N5-native-SRAMKV-array-tensor-x14-perregion,DeepSeek-V4-Flash-0731,200000,256,14,array,tensor,nvlink,N5,rom,sram,per_region,11410.0,815.0,False,0.0,0.0,0.01296894466767307,capacity_or_format,25.250589991601753,1.0,166878536440,79366027973.08513,0.06721998106708707,0.9976921312838378,180475753472.0,0.0,3.128333281297937,w4a8,86.0,1846.300552664405
rom,DSV4-Flash/ROM-N5-native-SRAMKV-wafer-pipeline-x1,DeepSeek-V4-Flash-0731,200000,1,1,wafer,pipeline,on_wafer,N5,rom,sram,batched,46225.0,46225.0,True,12172.417715251115,12172.417715251115,8.2152948033247e-05,weight_read,81.95649449559549,1.0,166878536440,11217572060.0,0.06721998106708707,0.0234375,704983412.0,1.0,113.19238288924399,w4a8,56.0,13062.857142857147
rom,DSV4-Flash/ROM-N5-native-SRAMKV-wafer-pipeline-x1,DeepSeek-V4-Flash-0731,200000,8,1,wafer,pipeline,on_wafer,N5,rom,sram,batched,46225.0,46225.0,False,0.0,0.0,8.215306808049934e-05,capacity_or_format,311.54631384084786,1.0,166878536440,33202065409.85159,0.19895947147037185,0.17281938744697234,5639867296.0,1.0,41.87872474190333,w4a8,56.0,13062.857142857147
rom,DSV4-Flash/ROM-N5-native-SRAMKV-wafer-pipeline-x1,DeepSeek-V4-Flash-0731,200000,32,1,wafer,pipeline,on_wafer,N5,rom,sram,batched,46225.0,46225.0,False,0.0,0.0,8.215347967107879e-05,capacity_or_format,961.5267344642396,1.0,166878536440,86037911455.85335,0.5155720639172052,0.5318323645307802,22559469184.0,1.0,27.130526119007786,w4a8,56.0,13062.857142857147
rom,DSV4-Flash/ROM-N5-native-SRAMKV-wafer-pipeline-x1,DeepSeek-V4-Flash-0731,200000,64,1,wafer,pipeline,on_wafer,N5,rom,sram,batched,46225.0,46225.0,False,0.0,0.0,0.00011346393675948814,capacity_or_format,1174.7189105407645,1.0,166878536440,122681219131.22423,0.7351527748766744,0.7808190650991598,45118938368.0,1.0,19.342670943722435,w4a8,56.0,13062.857142857147
rom,DSV4-Flash/ROM-N5-native-SRAMKV-wafer-pipeline-x1,DeepSeek-V4-Flash-0731,200000,256,1,wafer,pipeline,on_wafer,N5,rom,sram,batched,46225.0,46225.0,False,0.0,0.0,0.0004370557470379526,capacity_or_format,835.3389212404545,1.0,166878536440,154598371623.9685,0.9264125568332345,0.9976921312838378,180475753472.0,1.0,6.093731077857887,w4a8,56.0,13062.857142857147
rom,DSV4-Flash/ROM-N5-native-SRAMKV-wafer-pipeline-x1-perstream,DeepSeek-V4-Flash-0731,200000,1,1,wafer,pipeline,on_wafer,N5,rom,sram,per_stream,46225.0,46225.0,True,12172.417715251115,12172.417715251115,8.2152948033247e-05,weight_read,81.95649449559549,1.0,166878536440,11217572060.0,0.06721998106708707,0.0234375,704983412.0,1.0,113.19238288924399,w4a8,56.0,13062.857142857147
rom,DSV4-Flash/ROM-N5-native-SRAMKV-wafer-pipeline-x1-perstream,DeepSeek-V4-Flash-0731,200000,8,1,wafer,pipeline,on_wafer,N5,rom,sram,per_stream,46225.0,46225.0,False,0.0,0.0,0.000618023584265976,capacity_or_format,87.15483104134891,1.0,166878536440,89740576480.0,0.06721998106708707,0.17281938744697234,5639867296.0,1.0,113.19238288924399,w4a8,56.0,1632.8571428571433
rom,DSV4-Flash/ROM-N5-native-SRAMKV-wafer-pipeline-x1-perstream,DeepSeek-V4-Flash-0731,200000,32,1,wafer,pipeline,on_wafer,N5,rom,sram,per_stream,46225.0,46225.0,False,0.0,0.0,0.002455294337063904,capacity_or_format,87.75117549561324,1.0,166878536440,358962305920.0,0.06721998106708707,0.5318323645307802,22559469184.0,1.0,113.19238288924399,w4a8,56.0,408.21428571428584
rom,DSV4-Flash/ROM-N5-native-SRAMKV-wafer-pipeline-x1-perstream,DeepSeek-V4-Flash-0731,200000,64,1,wafer,pipeline,on_wafer,N5,rom,sram,per_stream,46225.0,46225.0,False,0.0,0.0,0.004904988674127808,capacity_or_format,87.85136055523783,1.0,166878536440,717924611840.0,0.06721998106708707,0.7808190650991598,45118938368.0,1.0,113.19238288924399,w4a8,56.0,204.10714285714292
rom,DSV4-Flash/ROM-N5-native-SRAMKV-wafer-pipeline-x1-perstream,DeepSeek-V4-Flash-0731,200000,256,1,wafer,pipeline,on_wafer,N5,rom,sram,per_stream,46225.0,46225.0,False,0.0,0.0,0.019603154696511232,capacity_or_format,87.92664960336184,1.0,166878536440,2871698447360.0,0.06721998106708707,0.9976921312838378,180475753472.0,1.0,113.19238288924399,w4a8,56.0,51.02678571428573
rom,DSV4-Flash/ROM-N5-native-SRAMKV-wafer-pipeline-x1-perregion,DeepSeek-V4-Flash-0731,200000,1,1,wafer,pipeline,on_wafer,N5,rom,sram,per_region,46225.0,46225.0,True,12172.417715251115,12172.417715251115,8.2152948033247e-05,weight_read,81.95649449559549,1.0,166878536440,11217572060.0,0.06721998106708707,0.0234375,704983412.0,1.0,113.19238288924399,w4a8,56.0,13062.857142857147
rom,DSV4-Flash/ROM-N5-native-SRAMKV-wafer-pipeline-x1-perregion,DeepSeek-V4-Flash-0731,200000,8,1,wafer,pipeline,on_wafer,N5,rom,sram,per_region,46225.0,46225.0,False,0.0,0.0,0.00010331299325819778,capacity_or_format,156.34585478486522,1.0,166878536440,14318210830.1319,0.06721998106708707,0.17281938744697234,5639867296.0,1.0,18.059973159793657,w4a8,56.0,10234.06786280265
rom,DSV4-Flash/ROM-N5-native-SRAMKV-wafer-pipeline-x1-perregion,DeepSeek-V4-Flash-0731,200000,32,1,wafer,pipeline,on_wafer,N5,rom,sram,per_region,46225.0,46225.0,False,0.0,0.0,0.00013260805759231025,capacity_or_format,341.4516594709732,1.0,166878536440,18610860038.073437,0.06721998106708707,0.5318323645307802,22559469184.0,1.0,5.868603919090119,w4a8,56.0,7873.550228721975
rom,DSV4-Flash/ROM-N5-native-SRAMKV-wafer-pipeline-x1-perregion,DeepSeek-V4-Flash-0731,200000,64,1,wafer,pipeline,on_wafer,N5,rom,sram,per_region,46225.0,46225.0,False,0.0,0.0,0.00017861609359647368,capacity_or_format,473.77518419301134,1.0,166878536440,25352500066.69093,0.06721998106708707,0.7808190650991598,45118938368.0,1.0,3.9972301372891503,w4a8,56.0,5779.84581102544
rom,DSV4-Flash/ROM-N5-native-SRAMKV-wafer-pipeline-x1-perregion,DeepSeek-V4-Flash-0731,200000,256,1,wafer,pipeline,on_wafer,N5,rom,sram,per_region,46225.0,46225.0,False,0.0,0.0,0.0005472280162887361,capacity_or_format,598.4224028734603,1.0,166878536440,79366027973.08513,0.06721998106708707,0.9976921312838378,180475753472.0,1.0,3.128333281297937,w4a8,56.0,1846.3005526644058
rom,DSV4-Flash/ROM-N5-native-SRAMKV-wafer-tensor-x1,DeepSeek-V4-Flash-0731,200000,1,1,wafer,tensor,on_wafer,N5,rom,sram,batched,46225.0,46225.0,True,11743.566096382612,11743.566096382612,8.515300989433111e-05,weight_read,79.06905042627253,1.0,166878536440,11217572060.0,0.06721998106708707,0.0234375,704983412.0,1.0,113.19238288924399,w4a8,86.0,13062.857142857147
rom,DSV4-Flash/ROM-N5-native-SRAMKV-wafer-tensor-x1,DeepSeek-V4-Flash-0731,200000,8,1,wafer,tensor,on_wafer,N5,rom,sram,batched,46225.0,46225.0,False,0.0,0.0,8.515356296917223e-05,capacity_or_format,300.5685803242508,1.0,166878536440,33202065409.85159,0.19895947147037185,0.17281938744697234,5639867296.0,1.0,41.87872474190333,w4a8,86.0,13062.857142857147
rom,DSV4-Flash/ROM-N5-native-SRAMKV-wafer-tensor-x1,DeepSeek-V4-Flash-0731,200000,32,1,wafer,tensor,on_wafer,N5,rom,sram,batched,46225.0,46225.0,False,0.0,0.0,8.515545922577037e-05,capacity_or_format,927.6300985421883,1.0,166878536440,86037911455.85335,0.5155720639172052,0.5318323645307802,22559469184.0,1.0,27.130526119007786,w4a8,86.0,13062.857142857147
rom,DSV4-Flash/ROM-N5-native-SRAMKV-wafer-tensor-x1,DeepSeek-V4-Flash-0731,200000,64,1,wafer,tensor,on_wafer,N5,rom,sram,batched,46225.0,46225.0,False,0.0,0.0,0.00011646789586887132,capacity_or_format,1144.4203673589022,1.0,166878536440,122681219131.22423,0.7351527748766744,0.7808190650991598,45118938368.0,1.0,19.342670943722435,w4a8,86.0,13062.857142857147
rom,DSV4-Flash/ROM-N5-native-SRAMKV-wafer-tensor-x1,DeepSeek-V4-Flash-0731,200000,256,1,wafer,tensor,on_wafer,N5,rom,sram,batched,46225.0,46225.0,False,0.0,0.0,0.00044007158347548526,capacity_or_format,829.6142944957091,1.0,166878536440,154598371623.9685,0.9264125568332345,0.9976921312838378,180475753472.0,1.0,6.093731077857887,w4a8,86.0,13062.857142857147
rom,DSV4-Flash/ROM-N5-native-SRAMKV-wafer-tensor-x1-perstream,DeepSeek-V4-Flash-0731,200000,1,1,wafer,tensor,on_wafer,N5,rom,sram,per_stream,46225.0,46225.0,True,11743.566096382612,11743.566096382612,8.515300989433111e-05,weight_read,79.06905042627253,1.0,166878536440,11217572060.0,0.06721998106708707,0.0234375,704983412.0,1.0,113.19238288924399,w4a8,86.0,13062.857142857147
rom,DSV4-Flash/ROM-N5-native-SRAMKV-wafer-tensor-x1-perstream,DeepSeek-V4-Flash-0731,200000,8,1,wafer,tensor,on_wafer,N5,rom,sram,per_stream,46225.0,46225.0,False,0.0,0.0,0.0006210240791546488,capacity_or_format,86.7337400823338,1.0,166878536440,89740576480.0,0.06721998106708707,0.17281938744697234,5639867296.0,1.0,113.19238288924399,w4a8,86.0,1632.8571428571433
rom,DSV4-Flash/ROM-N5-native-SRAMKV-wafer-tensor-x1-perstream,DeepSeek-V4-Flash-0731,200000,32,1,wafer,tensor,on_wafer,N5,rom,sram,per_stream,46225.0,46225.0,False,0.0,0.0,0.0024582963166185955,capacity_or_format,87.64401704080974,1.0,166878536440,358962305920.0,0.06721998106708707,0.5318323645307802,22559469184.0,1.0,113.19238288924399,w4a8,86.0,408.21428571428584
rom,DSV4-Flash/ROM-N5-native-SRAMKV-wafer-tensor-x1-perstream,DeepSeek-V4-Flash-0731,200000,64,1,wafer,tensor,on_wafer,N5,rom,sram,per_stream,46225.0,46225.0,False,0.0,0.0,0.004907992633237191,capacity_or_format,87.79759073231178,1.0,166878536440,717924611840.0,0.06721998106708707,0.7808190650991598,45118938368.0,1.0,113.19238288924399,w4a8,86.0,204.10714285714292
rom,DSV4-Flash/ROM-N5-native-SRAMKV-wafer-tensor-x1-perstream,DeepSeek-V4-Flash-0731,200000,256,1,wafer,tensor,on_wafer,N5,rom,sram,per_stream,46225.0,46225.0,False,0.0,0.0,0.019606170532948764,capacity_or_format,87.91312465756693,1.0,166878536440,2871698447360.0,0.06721998106708707,0.9976921312838378,180475753472.0,1.0,113.19238288924399,w4a8,86.0,51.02678571428573
rom,DSV4-Flash/ROM-N5-native-SRAMKV-wafer-tensor-x1-perregion,DeepSeek-V4-Flash-0731,200000,1,1,wafer,tensor,on_wafer,N5,rom,sram,per_region,46225.0,46225.0,True,11743.566096382612,11743.566096382612,8.515300989433111e-05,weight_read,79.06905042627253,1.0,166878536440,11217572060.0,0.06721998106708707,0.0234375,704983412.0,1.0,113.19238288924399,w4a8,86.0,13062.857142857147
rom,DSV4-Flash/ROM-N5-native-SRAMKV-wafer-tensor-x1-perregion,DeepSeek-V4-Flash-0731,200000,8,1,wafer,tensor,on_wafer,N5,rom,sram,per_region,46225.0,46225.0,False,0.0,0.0,0.00010631348814687067,capacity_or_format,151.93329202990125,1.0,166878536440,14318210830.1319,0.06721998106708707,0.17281938744697234,5639867296.0,1.0,18.059973159793657,w4a8,86.0,10234.06786280265
rom,DSV4-Flash/ROM-N5-native-SRAMKV-wafer-tensor-x1-perregion,DeepSeek-V4-Flash-0731,200000,32,1,wafer,tensor,on_wafer,N5,rom,sram,per_region,46225.0,46225.0,False,0.0,0.0,0.00013561003714700182,capacity_or_format,333.8929940343121,1.0,166878536440,18610860038.073437,0.06721998106708707,0.5318323645307802,22559469184.0,1.0,5.868603919090119,w4a8,86.0,7873.550228721975
rom,DSV4-Flash/ROM-N5-native-SRAMKV-wafer-tensor-x1-perregion,DeepSeek-V4-Flash-0731,200000,64,1,wafer,tensor,on_wafer,N5,rom,sram,per_region,46225.0,46225.0,False,0.0,0.0,0.00018162005270585686,capacity_or_format,465.9390380232861,1.0,166878536440,25352500066.69093,0.06721998106708707,0.7808190650991598,45118938368.0,1.0,3.9972301372891503,w4a8,86.0,5779.84581102544
rom,DSV4-Flash/ROM-N5-native-SRAMKV-wafer-tensor-x1-perregion,DeepSeek-V4-Flash-0731,200000,256,1,wafer,tensor,on_wafer,N5,rom,sram,per_region,46225.0,46225.0,False,0.0,0.0,0.0005502438527262688,capacity_or_format,595.1425041909403,1.0,166878536440,79366027973.08513,0.06721998106708707,0.9976921312838378,180475753472.0,1.0,3.128333281297937,w4a8,86.0,1846.3005526644058
rom,DSV4-Flash/ROM-N5-native-HBMKV-array-pipeline-x14,DeepSeek-V4-Flash-0731,200000,1,14,array,pipeline,nvlink,N5,rom,hbm,batched,11410.0,815.0,True,9456.84534006046,9456.84534006046,0.00010574350790785025,compute,91.98395326776274,1.0,166878536440,11217572060.0,0.06721998106708707,0.0234375,704983412.0,2010.0,113.19238288924399,w4a8,13.0,13062.857142857143
rom,DSV4-Flash/ROM-N5-native-HBMKV-array-pipeline-x14,DeepSeek-V4-Flash-0731,200000,8,14,array,pipeline,nvlink,N5,rom,hbm,batched,11410.0,815.0,True,1409.546451365205,11276.37161092164,0.000709448063262802,compute,69.83512134093033,1.0,166878536440,33202065409.85159,0.19895947147037185,0.17281938744697234,5639867296.0,2010.0,41.87872474190333,w4a8,13.0,13062.857142857143
rom,DSV4-Flash/ROM-N5-native-HBMKV-array-pipeline-x14,DeepSeek-V4-Flash-0731,200000,32,14,array,pipeline,nvlink,N5,rom,hbm,batched,11410.0,815.0,True,359.80383095810225,11513.722590659272,0.002779292253051208,compute,62.89097199062575,1.0,166878536440,86037911455.85335,0.5155720639172052,0.5318323645307802,22559469184.0,2010.0,27.130526119007786,w4a8,13.0,13062.857142857143
rom,DSV4-Flash/ROM-N5-native-HBMKV-array-pipeline-x14,DeepSeek-V4-Flash-0731,200000,64,14,array,pipeline,nvlink,N5,rom,hbm,batched,11410.0,815.0,True,180.53524890228678,11554.255929746354,0.005539084506102417,compute,58.6536421736558,1.0,166878536440,122681219131.22423,0.7351527748766744,0.7808190650991598,45118938368.0,2010.0,19.342670943722435,w4a8,13.0,13062.857142857143
rom,DSV4-Flash/ROM-N5-native-HBMKV-array-pipeline-x14,DeepSeek-V4-Flash-0731,200000,256,14,array,pipeline,nvlink,N5,rom,hbm,batched,11410.0,815.0,True,45.25329577017364,11584.843717164451,0.022097838024409663,compute,51.20350093352861,1.0,166878536440,154598371623.9685,0.9264125568332345,0.9976921312838378,180475753472.0,2010.0,6.093731077857887,w4a8,13.0,13062.857142857143
rom,DSV4-Flash/ROM-N5-native-HBMKV-array-pipeline-x14-perstream,DeepSeek-V4-Flash-0731,200000,1,14,array,pipeline,nvlink,N5,rom,hbm,per_stream,11410.0,815.0,True,9456.84534006046,9456.84534006046,0.00010574350790785025,compute,91.98395326776274,1.0,166878536440,11217572060.0,0.06721998106708707,0.0234375,704983412.0,2010.0,113.19238288924399,w4a8,13.0,13062.857142857143
rom,DSV4-Flash/ROM-N5-native-HBMKV-array-pipeline-x14-perstream,DeepSeek-V4-Flash-0731,200000,8,14,array,pipeline,nvlink,N5,rom,hbm,per_stream,11410.0,815.0,True,1409.546451365205,11276.37161092164,0.000709448063262802,compute,109.68195016313034,1.0,166878536440,89740576480.0,0.06721998106708707,0.17281938744697234,5639867296.0,2010.0,113.19238288924399,w4a8,13.0,1632.857142857143
rom,DSV4-Flash/ROM-N5-native-HBMKV-array-pipeline-x14-perstream,DeepSeek-V4-Flash-0731,200000,32,14,array,pipeline,nvlink,N5,rom,hbm,per_stream,11410.0,815.0,True,359.80383095810225,11513.722590659272,0.002779292253051208,compute,111.99059333568586,1.0,166878536440,358962305920.0,0.06721998106708707,0.5318323645307802,22559469184.0,2010.0,113.19238288924399,w4a8,13.0,408.2142857142857
rom,DSV4-Flash/ROM-N5-native-HBMKV-array-pipeline-x14-perstream,DeepSeek-V4-Flash-0731,200000,64,14,array,pipeline,nvlink,N5,rom,hbm,per_stream,11410.0,815.0,True,180.53524890228678,11554.255929746354,0.005539084506102417,compute,112.38484920371602,1.0,166878536440,717924611840.0,0.06721998106708707,0.7808190650991598,45118938368.0,2010.0,113.19238288924399,w4a8,13.0,204.10714285714286
rom,DSV4-Flash/ROM-N5-native-HBMKV-array-pipeline-x14-perstream,DeepSeek-V4-Flash-0731,200000,256,14,array,pipeline,nvlink,N5,rom,hbm,per_stream,11410.0,815.0,True,45.25329577017364,11584.843717164451,0.022097838024409663,compute,112.68236761575051,1.0,166878536440,2871698447360.0,0.06721998106708707,0.9976921312838378,180475753472.0,2010.0,113.19238288924399,w4a8,13.0,51.026785714285715
rom,DSV4-Flash/ROM-N5-native-HBMKV-array-pipeline-x14-perregion,DeepSeek-V4-Flash-0731,200000,1,14,array,pipeline,nvlink,N5,rom,hbm,per_region,11410.0,815.0,True,9456.84534006046,9456.84534006046,0.00010574350790785025,compute,91.98395326776274,1.0,166878536440,11217572060.0,0.06721998106708707,0.0234375,704983412.0,2010.0,113.19238288924399,w4a8,13.0,13062.857142857143
rom,DSV4-Flash/ROM-N5-native-HBMKV-array-pipeline-x14-perregion,DeepSeek-V4-Flash-0731,200000,8,14,array,pipeline,nvlink,N5,rom,hbm,per_region,11410.0,815.0,True,1409.546451365205,11276.37161092164,0.000709448063262802,compute,56.5262862354601,1.0,166878536440,14318210830.1319,0.06721998106708707,0.17281938744697234,5639867296.0,2010.0,18.059973159793657,w4a8,13.0,10234.067862802649
rom,DSV4-Flash/ROM-N5-native-HBMKV-array-pipeline-x14-perregion,DeepSeek-V4-Flash-0731,200000,32,14,array,pipeline,nvlink,N5,rom,hbm,per_region,11410.0,815.0,True,359.80383095810225,11513.722590659272,0.002779292253051208,compute,50.76071628546268,1.0,166878536440,18610860038.073437,0.06721998106708707,0.5318323645307802,22559469184.0,2010.0,5.868603919090119,w4a8,13.0,7873.550228721973
rom,DSV4-Flash/ROM-N5-native-HBMKV-array-pipeline-x14-perregion,DeepSeek-V4-Flash-0731,200000,64,14,array,pipeline,nvlink,N5,rom,hbm,per_region,11410.0,815.0,True,180.53524890228678,11554.255929746354,0.005539084506102417,compute,49.86800991282767,1.0,166878536440,25352500066.69093,0.06721998106708707,0.7808190650991598,45118938368.0,2010.0,3.9972301372891503,w4a8,13.0,5779.845811025439
rom,DSV4-Flash/ROM-N5-native-HBMKV-array-pipeline-x14-perregion,DeepSeek-V4-Flash-0731,200000,256,14,array,pipeline,nvlink,N5,rom,hbm,per_region,11410.0,815.0,True,45.25329577017364,11584.843717164451,0.022097838024409663,compute,49.50124518417022,1.0,166878536440,79366027973.08513,0.06721998106708707,0.9976921312838378,180475753472.0,2010.0,3.128333281297937,w4a8,13.0,1846.300552664405
rom,DSV4-Flash/ROM-N5-native-HBMKV-array-tensor-x14,DeepSeek-V4-Flash-0731,200000,1,14,array,tensor,nvlink,N5,rom,hbm,batched,11410.0,815.0,True,4598.260290428591,4598.260290428591,0.0002174735523522947,link_latency,44.72592544958429,1.0,166878536440,11217572060.0,0.06721998106708707,0.0234375,704983412.0,2010.0,113.19238288924399,w4a8,86.0,13062.857142857143
rom,DSV4-Flash/ROM-N5-native-HBMKV-array-tensor-x14,DeepSeek-V4-Flash-0731,200000,8,14,array,tensor,nvlink,N5,rom,hbm,batched,11410.0,815.0,True,1195.0452199280148,9560.361759424119,0.0008367884188183576,compute,59.20778833556065,1.0,166878536440,33202065409.85159,0.19895947147037185,0.17281938744697234,5639867296.0,2010.0,41.87872474190333,w4a8,86.0,13062.857142857143
rom,DSV4-Flash/ROM-N5-native-HBMKV-array-tensor-x14,DeepSeek-V4-Flash-0731,200000,32,14,array,tensor,nvlink,N5,rom,hbm,batched,11410.0,815.0,True,337.8202991125553,10810.24957160177,0.00296015367527343,compute,59.04841789143296,1.0,166878536440,86037911455.85335,0.5155720639172052,0.5318323645307802,22559469184.0,2010.0,27.130526119007786,w4a8,86.0,13062.857142857143
rom,DSV4-Flash/ROM-N5-native-HBMKV-array-tensor-x14,DeepSeek-V4-Flash-0731,200000,64,14,array,tensor,nvlink,N5,rom,hbm,batched,11410.0,815.0,True,172.67258314404125,11051.04532121864,0.0057913073505468605,compute,56.099160504733646,1.0,166878536440,122681219131.22423,0.7351527748766744,0.7808190650991598,45118938368.0,2010.0,19.342670943722435,w4a8,86.0,13062.857142857143
rom,DSV4-Flash/ROM-N5-native-HBMKV-array-tensor-x14,DeepSeek-V4-Flash-0731,200000,256,14,array,tensor,nvlink,N5,rom,hbm,batched,11410.0,815.0,True,43.90156856985415,11238.801553882662,0.022778229402187444,compute,49.67403962500988,1.0,166878536440,154598371623.9685,0.9264125568332345,0.9976921312838378,180475753472.0,2010.0,6.093731077857887,w4a8,86.0,13062.857142857143
rom,DSV4-Flash/ROM-N5-native-HBMKV-array-tensor-x14-perstream,DeepSeek-V4-Flash-0731,200000,1,14,array,tensor,nvlink,N5,rom,hbm,per_stream,11410.0,815.0,True,4598.260290428591,4598.260290428591,0.0002174735523522947,link_latency,44.72592544958429,1.0,166878536440,11217572060.0,0.06721998106708707,0.0234375,704983412.0,2010.0,113.19238288924399,w4a8,86.0,13062.857142857143
rom,DSV4-Flash/ROM-N5-native-HBMKV-array-tensor-x14-perstream,DeepSeek-V4-Flash-0731,200000,8,14,array,tensor,nvlink,N5,rom,hbm,per_stream,11410.0,815.0,True,1195.0452199280148,9560.361759424119,0.0008367884188183576,compute,92.99082703367465,1.0,166878536440,89740576480.0,0.06721998106708707,0.17281938744697234,5639867296.0,2010.0,113.19238288924399,w4a8,86.0,1632.857142857143
rom,DSV4-Flash/ROM-N5-native-HBMKV-array-tensor-x14-perstream,DeepSeek-V4-Flash-0731,200000,32,14,array,tensor,nvlink,N5,rom,hbm,per_stream,11410.0,815.0,True,337.8202991125553,10810.24957160177,0.00296015367527343,compute,105.14811817792848,1.0,166878536440,358962305920.0,0.06721998106708707,0.5318323645307802,22559469184.0,2010.0,113.19238288924399,w4a8,86.0,408.2142857142857
rom,DSV4-Flash/ROM-N5-native-HBMKV-array-tensor-x14-perstream,DeepSeek-V4-Flash-0731,200000,64,14,array,tensor,nvlink,N5,rom,hbm,per_stream,11410.0,815.0,True,172.67258314404125,11051.04532121864,0.0057913073505468605,compute,107.49026761395727,1.0,166878536440,717924611840.0,0.06721998106708707,0.7808190650991598,45118938368.0,2010.0,113.19238288924399,w4a8,86.0,204.10714285714286
rom,DSV4-Flash/ROM-N5-native-HBMKV-array-tensor-x14-perstream,DeepSeek-V4-Flash-0731,200000,256,14,array,tensor,nvlink,N5,rom,hbm,per_stream,11410.0,815.0,True,43.90156856985415,11238.801553882662,0.022778229402187444,compute,109.3165172680505,1.0,166878536440,2871698447360.0,0.06721998106708707,0.9976921312838378,180475753472.0,2010.0,113.19238288924399,w4a8,86.0,51.026785714285715
rom,DSV4-Flash/ROM-N5-native-HBMKV-array-tensor-x14-perregion,DeepSeek-V4-Flash-0731,200000,1,14,array,tensor,nvlink,N5,rom,hbm,per_region,11410.0,815.0,True,4598.260290428591,4598.260290428591,0.0002174735523522947,link_latency,44.72592544958429,1.0,166878536440,11217572060.0,0.06721998106708707,0.0234375,704983412.0,2010.0,113.19238288924399,w4a8,86.0,13062.857142857143
rom,DSV4-Flash/ROM-N5-native-HBMKV-array-tensor-x14-perregion,DeepSeek-V4-Flash-0731,200000,8,14,array,tensor,nvlink,N5,rom,hbm,per_region,11410.0,815.0,True,1195.0452199280148,9560.361759424119,0.0008367884188183576,compute,47.92425826090577,1.0,166878536440,14318210830.1319,0.06721998106708707,0.17281938744697234,5639867296.0,2010.0,18.059973159793657,w4a8,86.0,10234.067862802649
rom,DSV4-Flash/ROM-N5-native-HBMKV-array-tensor-x14-perregion,DeepSeek-V4-Flash-0731,200000,32,14,array,tensor,nvlink,N5,rom,hbm,per_region,11410.0,815.0,True,337.8202991125553,10810.24957160177,0.00296015367527343,compute,47.65930455231694,1.0,166878536440,18610860038.073437,0.06721998106708707,0.5318323645307802,22559469184.0,2010.0,5.868603919090119,w4a8,86.0,7873.550228721973
rom,DSV4-Flash/ROM-N5-native-HBMKV-array-tensor-x14-perregion,DeepSeek-V4-Flash-0731,200000,64,14,array,tensor,nvlink,N5,rom,hbm,per_region,11410.0,815.0,True,172.67258314404125,11051.04532121864,0.0057913073505468605,compute,47.69615983724682,1.0,166878536440,25352500066.69093,0.06721998106708707,0.7808190650991598,45118938368.0,2010.0,3.9972301372891503,w4a8,86.0,5779.845811025439
rom,DSV4-Flash/ROM-N5-native-HBMKV-array-tensor-x14-perregion,DeepSeek-V4-Flash-0731,200000,256,14,array,tensor,nvlink,N5,rom,hbm,per_region,11410.0,815.0,True,43.90156856985415,11238.801553882662,0.022778229402187444,compute,48.02263067827983,1.0,166878536440,79366027973.08513,0.06721998106708707,0.9976921312838378,180475753472.0,2010.0,3.128333281297937,w4a8,86.0,1846.300552664405
rom,DSV4-Flash/ROM-N5-native-HBMKV-wafer-pipeline-x1,DeepSeek-V4-Flash-0731,200000,1,1,wafer,pipeline,on_wafer,N5,rom,hbm,batched,46225.0,46225.0,True,12172.417715251115,12172.417715251115,8.2152948033247e-05,weight_read,118.39752708361283,1.0,166878536440,11217572060.0,0.06721998106708707,0.0234375,704983412.0,1235.0,113.19238288924399,w4a8,56.0,13062.857142857147
rom,DSV4-Flash/ROM-N5-native-HBMKV-wafer-pipeline-x1,DeepSeek-V4-Flash-0731,200000,8,1,wafer,pipeline,on_wafer,N5,rom,hbm,batched,46225.0,46225.0,True,12172.399928145469,97379.19942516375,8.215306808049934e-05,weight_read,603.0741485454776,1.0,166878536440,33202065409.85159,0.19895947147037185,0.17281938744697234,5639867296.0,1235.0,41.87872474190333,w4a8,56.0,13062.857142857147
rom,DSV4-Flash/ROM-N5-native-HBMKV-wafer-pipeline-x1,DeepSeek-V4-Flash-0731,200000,32,1,wafer,pipeline,on_wafer,N5,rom,hbm,batched,46225.0,46225.0,True,10823.622774969306,346355.9287990178,9.239050739209042e-05,kv_read,1891.8869067210112,1.0,166878536440,86037911455.85335,0.5155720639172052,0.5318323645307802,22559469184.0,1235.0,27.130526119007786,w4a8,56.0,13062.857142857147
rom,DSV4-Flash/ROM-N5-native-HBMKV-wafer-pipeline-x1,DeepSeek-V4-Flash-0731,200000,64,1,wafer,pipeline,on_wafer,N5,rom,hbm,batched,46225.0,46225.0,True,5580.948412444675,357180.6983964592,0.00017918101478418084,kv_read,1813.1802690251036,1.0,166878536440,122681219131.22423,0.7351527748766744,0.7808190650991598,45118938368.0,1235.0,19.342670943722435,w4a8,56.0,13062.857142857147
rom,DSV4-Flash/ROM-N5-native-HBMKV-wafer-pipeline-x1,DeepSeek-V4-Flash-0731,200000,256,1,wafer,pipeline,on_wafer,N5,rom,hbm,batched,46225.0,46225.0,True,1428.7264267403325,365753.9652455251,0.0006999240591367234,kv_read,1616.5849068074388,1.0,166878536440,154598371623.9685,0.9264125568332345,0.9976921312838378,180475753472.0,1235.0,6.093731077857887,w4a8,56.0,13062.857142857147
rom,DSV4-Flash/ROM-N5-native-HBMKV-wafer-pipeline-x1-perstream,DeepSeek-V4-Flash-0731,200000,1,1,wafer,pipeline,on_wafer,N5,rom,hbm,per_stream,46225.0,46225.0,True,12172.417715251115,12172.417715251115,8.2152948033247e-05,weight_read,118.39752708361283,1.0,166878536440,11217572060.0,0.06721998106708707,0.0234375,704983412.0,1235.0,113.19238288924399,w4a8,56.0,13062.857142857147
rom,DSV4-Flash/ROM-N5-native-HBMKV-wafer-pipeline-x1-perstream,DeepSeek-V4-Flash-0731,200000,8,1,wafer,pipeline,on_wafer,N5,rom,hbm,per_stream,46225.0,46225.0,True,1618.0612285010059,12944.489828008047,0.000618023584265976,weight_read,125.90724545008898,1.0,166878536440,89740576480.0,0.06721998106708707,0.17281938744697234,5639867296.0,1235.0,113.19238288924399,w4a8,56.0,1632.8571428571433
rom,DSV4-Flash/ROM-N5-native-HBMKV-wafer-pipeline-x1-perstream,DeepSeek-V4-Flash-0731,200000,32,1,wafer,pipeline,on_wafer,N5,rom,hbm,per_stream,46225.0,46225.0,True,407.2831452036103,13033.060646515529,0.002455294337063904,weight_read,126.76874775212701,1.0,166878536440,358962305920.0,0.06721998106708707,0.5318323645307802,22559469184.0,1235.0,113.19238288924399,w4a8,56.0,408.21428571428584
rom,DSV4-Flash/ROM-N5-native-HBMKV-wafer-pipeline-x1-perstream,DeepSeek-V4-Flash-0731,200000,64,1,wafer,pipeline,on_wafer,N5,rom,hbm,per_stream,46225.0,46225.0,True,203.87406912367993,13047.940423915516,0.004904988674127808,weight_read,126.91347897060186,1.0,166878536440,717924611840.0,0.06721998106708707,0.7808190650991598,45118938368.0,1235.0,113.19238288924399,w4a8,56.0,204.10714285714292
rom,DSV4-Flash/ROM-N5-native-HBMKV-wafer-pipeline-x1-perstream,DeepSeek-V4-Flash-0731,200000,256,1,wafer,pipeline,on_wafer,N5,rom,hbm,per_stream,46225.0,46225.0,True,51.01219755093652,13059.12257303975,0.019603154696511232,weight_read,127.02224444634876,1.0,166878536440,2871698447360.0,0.06721998106708707,0.9976921312838378,180475753472.0,1235.0,113.19238288924399,w4a8,56.0,51.02678571428573
rom,DSV4-Flash/ROM-N5-native-HBMKV-wafer-pipeline-x1-perregion,DeepSeek-V4-Flash-0731,200000,1,1,wafer,pipeline,on_wafer,N5,rom,hbm,per_region,46225.0,46225.0,True,12172.417715251115,12172.417715251115,8.2152948033247e-05,weight_read,118.39752708361283,1.0,166878536440,11217572060.0,0.06721998106708707,0.0234375,704983412.0,1235.0,113.19238288924399,w4a8,56.0,13062.857142857147
rom,DSV4-Flash/ROM-N5-native-HBMKV-wafer-pipeline-x1-perregion,DeepSeek-V4-Flash-0731,200000,8,1,wafer,pipeline,on_wafer,N5,rom,hbm,per_region,46225.0,46225.0,True,9679.324627646978,77434.59702117582,0.00010331299325819778,weight_read,388.16477026236834,1.0,166878536440,14318210830.1319,0.06721998106708707,0.17281938744697234,5639867296.0,1235.0,18.059973159793657,w4a8,56.0,10234.06786280265
rom,DSV4-Flash/ROM-N5-native-HBMKV-wafer-pipeline-x1-perregion,DeepSeek-V4-Flash-0731,200000,32,1,wafer,pipeline,on_wafer,N5,rom,hbm,per_region,46225.0,46225.0,True,7541.019890920931,241312.6365094698,0.00013260805759231025,weight_read,1063.8785311617269,1.0,166878536440,18610860038.073437,0.06721998106708707,0.5318323645307802,22559469184.0,1235.0,5.868603919090119,w4a8,56.0,7873.550228721975
rom,DSV4-Flash/ROM-N5-native-HBMKV-wafer-pipeline-x1-perregion,DeepSeek-V4-Flash-0731,200000,64,1,wafer,pipeline,on_wafer,N5,rom,hbm,per_region,46225.0,46225.0,True,5580.948412444675,357180.6983964592,0.00017918101478418084,kv_read,1541.586988950863,1.0,166878536440,25352500066.69093,0.06721998106708707,0.7808190650991598,45118938368.0,1235.0,3.9972301372891503,w4a8,56.0,5779.84581102544
rom,DSV4-Flash/ROM-N5-native-HBMKV-wafer-pipeline-x1-perregion,DeepSeek-V4-Flash-0731,200000,256,1,wafer,pipeline,on_wafer,N5,rom,hbm,per_region,46225.0,46225.0,True,1428.7264267403325,365753.9652455251,0.0006999240591367234,kv_read,1562.841688047625,1.0,166878536440,79366027973.08513,0.06721998106708707,0.9976921312838378,180475753472.0,1235.0,3.128333281297937,w4a8,56.0,1846.3005526644058
rom,DSV4-Flash/ROM-N5-native-HBMKV-wafer-tensor-x1,DeepSeek-V4-Flash-0731,200000,1,1,wafer,tensor,on_wafer,N5,rom,hbm,batched,46225.0,46225.0,True,11743.566096382612,11743.566096382612,8.515300989433111e-05,weight_read,114.22621351652931,1.0,166878536440,11217572060.0,0.06721998106708707,0.0234375,704983412.0,1235.0,113.19238288924399,w4a8,86.0,13062.857142857147
rom,DSV4-Flash/ROM-N5-native-HBMKV-wafer-tensor-x1,DeepSeek-V4-Flash-0731,200000,8,1,wafer,tensor,on_wafer,N5,rom,hbm,batched,46225.0,46225.0,True,11743.489821582987,93947.9185726639,8.515356296917223e-05,weight_read,581.82405827202,1.0,166878536440,33202065409.85159,0.19895947147037185,0.17281938744697234,5639867296.0,1235.0,41.87872474190333,w4a8,86.0,13062.857142857147
rom,DSV4-Flash/ROM-N5-native-HBMKV-wafer-tensor-x1,DeepSeek-V4-Flash-0731,200000,32,1,wafer,tensor,on_wafer,N5,rom,hbm,batched,46225.0,46225.0,True,10483.005863531836,335456.18763301877,9.539248694678201e-05,kv_read,1832.349662273934,1.0,166878536440,86037911455.85335,0.5155720639172052,0.5318323645307802,22559469184.0,1235.0,27.130526119007786,w4a8,86.0,13062.857142857147
rom,DSV4-Flash/ROM-N5-native-HBMKV-wafer-tensor-x1,DeepSeek-V4-Flash-0731,200000,64,1,wafer,tensor,on_wafer,N5,rom,hbm,batched,46225.0,46225.0,True,5488.926878153075,351291.3202017968,0.00018218497389356402,kv_read,1783.2836245890269,1.0,166878536440,122681219131.22423,0.7351527748766744,0.7808190650991598,45118938368.0,1235.0,19.342670943722435,w4a8,86.0,13062.857142857147
rom,DSV4-Flash/ROM-N5-native-HBMKV-wafer-tensor-x1,DeepSeek-V4-Flash-0731,200000,256,1,wafer,tensor,on_wafer,N5,rom,hbm,batched,46225.0,46225.0,True,1422.5967345089514,364184.76403429155,0.0007029398955742561,kv_read,1609.6492417569689,1.0,166878536440,154598371623.9685,0.9264125568332345,0.9976921312838378,180475753472.0,1235.0,6.093731077857887,w4a8,86.0,13062.857142857147
rom,DSV4-Flash/ROM-N5-native-HBMKV-wafer-tensor-x1-perstream,DeepSeek-V4-Flash-0731,200000,1,1,wafer,tensor,on_wafer,N5,rom,hbm,per_stream,46225.0,46225.0,True,11743.566096382612,11743.566096382612,8.515300989433111e-05,weight_read,114.22621351652931,1.0,166878536440,11217572060.0,0.06721998106708707,0.0234375,704983412.0,1235.0,113.19238288924399,w4a8,86.0,13062.857142857147
rom,DSV4-Flash/ROM-N5-native-HBMKV-wafer-tensor-x1-perstream,DeepSeek-V4-Flash-0731,200000,8,1,wafer,tensor,on_wafer,N5,rom,hbm,per_stream,46225.0,46225.0,True,1610.2435212515772,12881.948170012618,0.0006210240791546488,weight_read,125.29892113690917,1.0,166878536440,89740576480.0,0.06721998106708707,0.17281938744697234,5639867296.0,1235.0,113.19238288924399,w4a8,86.0,1632.8571428571433
rom,DSV4-Flash/ROM-N5-native-HBMKV-wafer-tensor-x1-perstream,DeepSeek-V4-Flash-0731,200000,32,1,wafer,tensor,on_wafer,N5,rom,hbm,per_stream,46225.0,46225.0,True,406.7857862535902,13017.145160114886,0.0024582963166185955,weight_read,126.6139424968154,1.0,166878536440,358962305920.0,0.06721998106708707,0.5318323645307802,22559469184.0,1235.0,113.19238288924399,w4a8,86.0,408.21428571428584
rom,DSV4-Flash/ROM-N5-native-HBMKV-wafer-tensor-x1-perstream,DeepSeek-V4-Flash-0731,200000,64,1,wafer,tensor,on_wafer,N5,rom,hbm,per_stream,46225.0,46225.0,True,203.7492870767462,13039.954372911758,0.004907992633237191,weight_read,126.83580100126764,1.0,166878536440,717924611840.0,0.06721998106708707,0.7808190650991598,45118938368.0,1235.0,113.19238288924399,w4a8,86.0,204.10714285714292
rom,DSV4-Flash/ROM-N5-native-HBMKV-wafer-tensor-x1-perstream,DeepSeek-V4-Flash-0731,200000,256,1,wafer,tensor,on_wafer,N5,rom,hbm,per_stream,46225.0,46225.0,True,51.00435081493705,13057.113808623884,0.019606170532948764,weight_read,127.00270578567383,1.0,166878536440,2871698447360.0,0.06721998106708707,0.9976921312838378,180475753472.0,1235.0,113.19238288924399,w4a8,86.0,51.02678571428573
rom,DSV4-Flash/ROM-N5-native-HBMKV-wafer-tensor-x1-perregion,DeepSeek-V4-Flash-0731,200000,1,1,wafer,tensor,on_wafer,N5,rom,hbm,per_region,46225.0,46225.0,True,11743.566096382612,11743.566096382612,8.515300989433111e-05,weight_read,114.22621351652931,1.0,166878536440,11217572060.0,0.06721998106708707,0.0234375,704983412.0,1235.0,113.19238288924399,w4a8,86.0,13062.857142857147
rom,DSV4-Flash/ROM-N5-native-HBMKV-wafer-tensor-x1-perregion,DeepSeek-V4-Flash-0731,200000,8,1,wafer,tensor,on_wafer,N5,rom,hbm,per_region,46225.0,46225.0,True,9406.144200804636,75249.15360643709,0.00010631348814687067,weight_read,377.20956194932603,1.0,166878536440,14318210830.1319,0.06721998106708707,0.17281938744697234,5639867296.0,1235.0,18.059973159793657,w4a8,86.0,10234.06786280265
rom,DSV4-Flash/ROM-N5-native-HBMKV-wafer-tensor-x1-perregion,DeepSeek-V4-Flash-0731,200000,32,1,wafer,tensor,on_wafer,N5,rom,hbm,per_region,46225.0,46225.0,True,7374.085436729112,235970.7339753316,0.00013561003714700182,weight_read,1040.3276077462222,1.0,166878536440,18610860038.073437,0.06721998106708707,0.5318323645307802,22559469184.0,1235.0,5.868603919090119,w4a8,86.0,7873.550228721975
rom,DSV4-Flash/ROM-N5-native-HBMKV-wafer-tensor-x1-perregion,DeepSeek-V4-Flash-0731,200000,64,1,wafer,tensor,on_wafer,N5,rom,hbm,per_region,46225.0,46225.0,True,5488.926878153075,351291.3202017968,0.00018218497389356402,kv_read,1516.1685135442635,1.0,166878536440,25352500066.69093,0.06721998106708707,0.7808190650991598,45118938368.0,1235.0,3.9972301372891503,w4a8,86.0,5779.84581102544
rom,DSV4-Flash/ROM-N5-native-HBMKV-wafer-tensor-x1-perregion,DeepSeek-V4-Flash-0731,200000,256,1,wafer,tensor,on_wafer,N5,rom,hbm,per_region,46225.0,46225.0,True,1422.5967345089514,364184.76403429155,0.0007029398955742561,kv_read,1556.1365985533678,1.0,166878536440,79366027973.08513,0.06721998106708707,0.9976921312838378,180475753472.0,1235.0,3.128333281297937,w4a8,86.0,1846.3005526644058
gpu,DSV4-Flash/b200_sxm-x3,DeepSeek-V4-Flash-0731,200000,1,3,array,pipeline,nvlink,4NP,hbm,hbm,batched,4800.0,1600.0,True,1568.6839399293572,1568.6839399293572,0.0006374770433647922,weight_read,555.9345277994653,1.0,166878536440,11217572060.0,1.0,0.0234375,704983412.0,452.0,113.19238288924399,checkpoint-declared,2.0,
gpu,DSV4-Flash/b200_sxm-x3,DeepSeek-V4-Flash-0731,200000,8,3,array,pipeline,nvlink,4NP,hbm,hbm,batched,4800.0,1600.0,True,539.1617155300135,4313.293724240108,0.0018547310968045415,weight_read,577.5297826972773,1.0,166878536440,33202065409.85159,1.0,0.17281938744697234,5639867296.0,452.0,41.87872474190333,checkpoint-declared,2.0,
gpu,DSV4-Flash/b200_sxm-x3,DeepSeek-V4-Flash-0731,200000,32,3,array,pipeline,nvlink,4NP,hbm,hbm,batched,4800.0,1600.0,True,205.6546978864467,6580.950332366295,0.004862519603379812,weight_read,581.0598401509602,1.0,166878536440,86037911455.85335,1.0,0.5318323645307802,22559469184.0,452.0,27.130526119007786,checkpoint-declared,2.0,
gpu,DSV4-Flash/b200_sxm-x3,DeepSeek-V4-Flash-0731,200000,64,3,array,pipeline,nvlink,4NP,hbm,hbm,batched,4800.0,1600.0,True,142.2130940838881,9101.638021368839,0.007031701310219183,weight_read,584.455725247865,1.0,166878536440,122681219131.22423,1.0,0.7808190650991598,45118938368.0,452.0,19.342670943722435,checkpoint-declared,2.0,
gpu,DSV4-Flash/b200_sxm-x3,DeepSeek-V4-Flash-0731,200000,256,3,array,pipeline,nvlink,4NP,hbm,hbm,batched,4800.0,1600.0,True,101.93408301051593,26095.12525069208,0.00981026140095689,weight_read,606.6836712906108,1.0,166878536440,154598371623.9685,1.0,0.9976921312838378,180475753472.0,452.0,6.093731077857887,checkpoint-declared,2.0,
gpu,DSV4-Flash/b200_sxm-x7,DeepSeek-V4-Flash-0731,200000,1,7,array,pipeline,nvlink,4NP,hbm,hbm,batched,11200.0,1600.0,True,3066.253656992841,3066.253656992841,0.00032613087887214373,weight_read,1086.666495094266,1.0,166878536440,11217572060.0,1.0,0.0234375,704983412.0,1371.0,113.19238288924399,checkpoint-declared,6.0,
gpu,DSV4-Flash/b200_sxm-x7,DeepSeek-V4-Flash-0731,200000,8,7,array,pipeline,nvlink,4NP,hbm,hbm,batched,11200.0,1600.0,True,1244.3654441000972,9954.923552800778,0.00080362244446862,weight_read,1332.9175344370765,1.0,166878536440,33202065409.85159,1.0,0.17281938744697234,5639867296.0,1371.0,41.87872474190333,checkpoint-declared,6.0,
gpu,DSV4-Flash/b200_sxm-x7,DeepSeek-V4-Flash-0731,200000,32,7,array,pipeline,nvlink,4NP,hbm,hbm,batched,11200.0,1600.0,True,477.74902415834225,15287.968773066952,0.0020931492257084466,weight_read,1349.8391938656428,1.0,166878536440,86037911455.85335,1.0,0.5318323645307802,22559469184.0,1371.0,27.130526119007786,checkpoint-declared,6.0,
gpu,DSV4-Flash/b200_sxm-x7,DeepSeek-V4-Flash-0731,200000,64,7,array,pipeline,nvlink,4NP,hbm,hbm,batched,11200.0,1600.0,True,330.65541104542064,21161.94630690692,0.003024296492951191,weight_read,1358.9005239959592,1.0,166878536440,122681219131.22423,1.0,0.7808190650991598,45118938368.0,1371.0,19.342670943722435,checkpoint-declared,6.0,
gpu,DSV4-Flash/b200_sxm-x7,DeepSeek-V4-Flash-0731,200000,256,7,array,pipeline,nvlink,4NP,hbm,hbm,batched,11200.0,1600.0,True,236.7370576029977,60604.68674636741,0.00422409575469581,weight_read,1408.9939595798057,1.0,166878536440,154598371623.9685,1.0,0.9976921312838378,180475753472.0,1371.0,6.093731077857887,checkpoint-declared,6.0,
gpu,DSV4-Flash/b200_sxm-x29,DeepSeek-V4-Flash-0731,200000,1,29,array,pipeline,nvlink,4NP,hbm,hbm,batched,46400.0,1600.0,True,5292.479661379277,5292.479661379277,0.00018894734868747502,weight_read,1875.6309709970399,1.0,166878536440,11217572060.0,1.0,0.0234375,704983412.0,6427.0,113.19238288924399,checkpoint-declared,28.0,
gpu,DSV4-Flash/b200_sxm-x29,DeepSeek-V4-Flash-0731,200000,8,29,array,pipeline,nvlink,4NP,hbm,hbm,batched,46400.0,1600.0,True,3648.6865112879323,29189.492090303458,0.0002740712299909303,weight_read,3908.335972859526,1.0,166878536440,33202065409.85159,1.0,0.17281938744697234,5639867296.0,6427.0,41.87872474190333,checkpoint-declared,28.0,
gpu,DSV4-Flash/b200_sxm-x29,DeepSeek-V4-Flash-0731,200000,32,29,array,pipeline,nvlink,4NP,hbm,hbm,batched,46400.0,1600.0,True,1796.7929912482286,57497.37571994332,0.00055654713974886,weight_read,5076.685624052876,1.0,166878536440,86037911455.85335,1.0,0.5318323645307802,22559469184.0,6427.0,27.130526119007786,checkpoint-declared,28.0,
gpu,DSV4-Flash/b200_sxm-x29,DeepSeek-V4-Flash-0731,200000,64,29,array,pipeline,nvlink,4NP,hbm,hbm,batched,46400.0,1600.0,True,1272.4585901330493,81437.34976851515,0.0007858801911152482,weight_read,5229.446085361161,1.0,166878536440,122681219131.22423,1.0,0.7808190650991598,45118938368.0,6427.0,19.342670943722435,checkpoint-declared,28.0,
gpu,DSV4-Flash/b200_sxm-x29,DeepSeek-V4-Flash-0731,200000,256,29,array,pipeline,nvlink,4NP,hbm,hbm,batched,46400.0,1600.0,True,891.7322028556549,228283.44393104766,0.0011214129049030995,weight_read,5307.345204456499,1.0,166878536440,154598371623.9685,1.0,0.9976921312838378,180475753472.0,6427.0,6.093731077857887,checkpoint-declared,28.0,
rom,DSV4-Pro/ROM-N5-native-SRAMKV-array-pipeline-x72,DeepSeek-V4-Pro-0813,1000000,1,72,array,pipeline,nvlink,N5,rom,sram,batched,58680.0,815.0,True,5189.689287962202,5189.689287962202,0.00019268976320404392,link_latency,137.2887733487034,1.0,892727580904,39666603980.0,0.04443304410941637,0.015624999999999998,5028256413.0,1.0,58.88169180790973,w4a8,71.0,13062.857142857143
rom,DSV4-Pro/ROM-N5-native-SRAMKV-array-pipeline-x72,DeepSeek-V4-Pro-0813,1000000,8,72,array,pipeline,nvlink,N5,rom,sram,batched,58680.0,815.0,False,0.0,0.0,0.0007544856542301545,capacity_or_format,152.46474357383624,1.0,892727580904,124131495810.51216,0.13904745239842736,0.11837356497016671,40226051304.0,1.0,23.032827828085143,w4a8,71.0,13062.857142857143
rom,DSV4-Pro/ROM-N5-native-SRAMKV-array-pipeline-x72,DeepSeek-V4-Pro-0813,1000000,32,72,array,pipeline,nvlink,N5,rom,sram,batched,58680.0,815.0,False,0.0,0.0,0.002698442616920618,capacity_or_format,143.78166800031815,1.0,892727580904,352239449751.31995,0.39456543887064943,0.3958588540383072,160904205216.0,1.0,16.339669773991677,w4a8,71.0,13062.857142857143
rom,DSV4-Pro/ROM-N5-native-SRAMKV-array-pipeline-x72,DeepSeek-V4-Pro-0813,1000000,64,72,array,pipeline,nvlink,N5,rom,sram,batched,58680.0,815.0,False,0.0,0.0,0.005290385233841236,capacity_or_format,131.96628197455752,1.0,892727580904,548837516692.9358,0.6147872300945022,0.6350134757560926,321808410432.0,1.0,12.729726594609822,w4a8,71.0,13062.857142857143
rom,DSV4-Pro/ROM-N5-native-SRAMKV-array-pipeline-x72,DeepSeek-V4-Pro-0813,1000000,256,72,array,pipeline,nvlink,N5,rom,sram,batched,58680.0,815.0,False,0.0,0.0,0.020842040935364944,capacity_or_format,101.3374248951118,1.0,892727580904,834287826483.5012,0.9345379758948177,0.9822537203789488,1287233641728.0,1.0,4.837613869920669,w4a8,71.0,13062.857142857143
rom,DSV4-Pro/ROM-N5-native-SRAMKV-array-pipeline-x72-perstream,DeepSeek-V4-Pro-0813,1000000,1,72,array,pipeline,nvlink,N5,rom,sram,per_stream,58680.0,815.0,True,5189.689287962202,5189.689287962202,0.00019268976320404392,link_latency,137.2887733487034,1.0,892727580904,39666603980.0,0.04443304410941637,0.015624999999999998,5028256413.0,1.0,58.88169180790973,w4a8,71.0,13062.857142857143
rom,DSV4-Pro/ROM-N5-native-SRAMKV-array-pipeline-x72-perstream,DeepSeek-V4-Pro-0813,1000000,8,72,array,pipeline,nvlink,N5,rom,sram,per_stream,58680.0,815.0,False,0.0,0.0,0.0007960181056323514,capacity_or_format,265.8647188043073,1.0,892727580904,317332831840.0,0.04443304410941637,0.11837356497016671,40226051304.0,1.0,58.88169180790973,w4a8,71.0,1632.857142857143
rom,DSV4-Pro/ROM-N5-native-SRAMKV-array-pipeline-x72-perstream,DeepSeek-V4-Pro-0813,1000000,32,72,array,pipeline,nvlink,N5,rom,sram,per_stream,58680.0,815.0,False,0.0,0.0,0.0028645724225294057,capacity_or_format,295.51793231355805,1.0,892727580904,1269331327360.0,0.04443304410941637,0.3958588540383072,160904205216.0,1.0,58.88169180790973,w4a8,71.0,408.2142857142857
rom,DSV4-Pro/ROM-N5-native-SRAMKV-array-pipeline-x72-perstream,DeepSeek-V4-Pro-0813,1000000,64,72,array,pipeline,nvlink,N5,rom,sram,per_stream,58680.0,815.0,False,0.0,0.0,0.0056226448450588115,capacity_or_format,301.1154154658244,1.0,892727580904,2538662654720.0,0.04443304410941637,0.6350134757560926,321808410432.0,1.0,58.88169180790973,w4a8,71.0,204.10714285714286
rom,DSV4-Pro/ROM-N5-native-SRAMKV-array-pipeline-x72-perstream,DeepSeek-V4-Pro-0813,1000000,256,72,array,pipeline,nvlink,N5,rom,sram,per_stream,58680.0,815.0,False,0.0,0.0,0.022171079380235246,capacity_or_format,305.45468887653146,1.0,892727580904,10154650618880.0,0.04443304410941637,0.9822537203789488,1287233641728.0,1.0,58.88169180790973,w4a8,71.0,51.026785714285715
rom,DSV4-Pro/ROM-N5-native-SRAMKV-array-pipeline-x72-perregion,DeepSeek-V4-Pro-0813,1000000,1,72,array,pipeline,nvlink,N5,rom,sram,per_region,58680.0,815.0,True,5189.689287962202,5189.689287962202,0.00019268976320404392,link_latency,137.2887733487034,1.0,892727580904,39666603980.0,0.04443304410941637,0.015624999999999998,5028256413.0,1.0,58.88169180790973,w4a8,71.0,13062.857142857143
rom,DSV4-Pro/ROM-N5-native-SRAMKV-array-pipeline-x72-perregion,DeepSeek-V4-Pro-0813,1000000,8,72,array,pipeline,nvlink,N5,rom,sram,per_region,58680.0,815.0,False,0.0,0.0,0.0007544856542301545,capacity_or_format,102.8597227355745,1.0,892727580904,49278942609.99942,0.04443304410941637,0.11837356497016671,40226051304.0,1.0,9.1437986247974,w4a8,71.0,10514.819387132842
rom,DSV4-Pro/ROM-N5-native-SRAMKV-array-pipeline-x72-perregion,DeepSeek-V4-Pro-0813,1000000,32,72,array,pipeline,nvlink,N5,rom,sram,per_region,58680.0,815.0,False,0.0,0.0,0.002698442616920618,capacity_or_format,89.43625169765419,1.0,892727580904,58943474980.51811,0.04443304410941637,0.3958588540383072,160904205216.0,1.0,2.7342676045887657,w4a8,71.0,8790.781020363824
rom,DSV4-Pro/ROM-N5-native-SRAMKV-array-pipeline-x72-perregion,DeepSeek-V4-Pro-0813,1000000,64,72,array,pipeline,nvlink,N5,rom,sram,per_region,58680.0,815.0,False,0.0,0.0,0.005290385233841236,capacity_or_format,87.04059530566632,1.0,892727580904,73489137946.37581,0.04443304410941637,0.6350134757560926,321808410432.0,1.0,1.7045056237551681,w4a8,71.0,7050.826769952362
rom,DSV4-Pro/ROM-N5-native-SRAMKV-array-pipeline-x72-perregion,DeepSeek-V4-Pro-0813,1000000,256,72,array,pipeline,nvlink,N5,rom,sram,per_region,58680.0,815.0,False,0.0,0.0,0.020842040935364944,capacity_or_format,85.88190942608324,1.0,892727580904,190038854318.18292,0.04443304410941637,0.9822537203789488,1287233641728.0,1.0,1.101939364677588,w4a8,71.0,2726.5960058119076
rom,DSV4-Pro/ROM-N5-native-SRAMKV-array-tensor-x72,DeepSeek-V4-Pro-0813,1000000,1,72,array,tensor,nvlink,N5,rom,sram,batched,58680.0,815.0,True,3651.1169978853004,3651.1169978853004,0.00027388878542626614,link_latency,96.58716469885202,1.0,892727580904,39666603980.0,0.04443304410941637,0.015624999999999998,5028256413.0,1.0,58.88169180790973,w4a8,122.0,13062.857142857143
rom,DSV4-Pro/ROM-N5-native-SRAMKV-array-tensor-x72,DeepSeek-V4-Pro-0813,1000000,8,72,array,tensor,nvlink,N5,rom,sram,batched,58680.0,815.0,False,0.0,0.0,0.0008685778320079323,capacity_or_format,132.43771319423684,1.0,892727580904,124131495810.51216,0.13904745239842736,0.11837356497016671,40226051304.0,1.0,23.032827828085143,w4a8,122.0,13062.857142857143
rom,DSV4-Pro/ROM-N5-native-SRAMKV-array-tensor-x72,DeepSeek-V4-Pro-0813,1000000,32,72,array,tensor,nvlink,N5,rom,sram,batched,58680.0,815.0,False,0.0,0.0,0.0029253113280317293,capacity_or_format,132.6308679510852,1.0,892727580904,352239449751.31995,0.39456543887064943,0.3958588540383072,160904205216.0,1.0,16.339669773991677,w4a8,122.0,13062.857142857143
rom,DSV4-Pro/ROM-N5-native-SRAMKV-array-tensor-x72,DeepSeek-V4-Pro-0813,1000000,64,72,array,tensor,nvlink,N5,rom,sram,batched,58680.0,815.0,False,0.0,0.0,0.0056676226560634585,capacity_or_format,123.182595576686,1.0,892727580904,548837516692.9358,0.6147872300945022,0.6350134757560926,321808410432.0,1.0,12.729726594609822,w4a8,122.0,13062.857142857143
rom,DSV4-Pro/ROM-N5-native-SRAMKV-array-tensor-x72,DeepSeek-V4-Pro-0813,1000000,256,72,array,tensor,nvlink,N5,rom,sram,batched,58680.0,815.0,False,0.0,0.0,0.022121490624253833,capacity_or_format,95.47633085958157,1.0,892727580904,834287826483.5012,0.9345379758948177,0.9822537203789488,1287233641728.0,1.0,4.837613869920669,w4a8,122.0,13062.857142857143
rom,DSV4-Pro/ROM-N5-native-SRAMKV-array-tensor-x72-perstream,DeepSeek-V4-Pro-0813,1000000,1,72,array,tensor,nvlink,N5,rom,sram,per_stream,58680.0,815.0,True,3651.1169978853004,3651.1169978853004,0.00027388878542626614,link_latency,96.58716469885202,1.0,892727580904,39666603980.0,0.04443304410941637,0.015624999999999998,5028256413.0,1.0,58.88169180790973,w4a8,122.0,13062.857142857143
rom,DSV4-Pro/ROM-N5-native-SRAMKV-array-tensor-x72-perstream,DeepSeek-V4-Pro-0813,1000000,8,72,array,tensor,nvlink,N5,rom,sram,per_stream,58680.0,815.0,False,0.0,0.0,0.0009101102834101291,capacity_or_format,232.5356977883007,1.0,892727580904,317332831840.0,0.04443304410941637,0.11837356497016671,40226051304.0,1.0,58.88169180790973,w4a8,122.0,1632.857142857143
rom,DSV4-Pro/ROM-N5-native-SRAMKV-array-tensor-x72-perstream,DeepSeek-V4-Pro-0813,1000000,32,72,array,tensor,nvlink,N5,rom,sram,per_stream,58680.0,815.0,False,0.0,0.0,0.0030914411336405165,capacity_or_format,273.83103305979614,1.0,892727580904,1269331327360.0,0.04443304410941637,0.3958588540383072,160904205216.0,1.0,58.88169180790973,w4a8,122.0,408.2142857142857
rom,DSV4-Pro/ROM-N5-native-SRAMKV-array-tensor-x72-perstream,DeepSeek-V4-Pro-0813,1000000,64,72,array,tensor,nvlink,N5,rom,sram,per_stream,58680.0,815.0,False,0.0,0.0,0.005999882267281034,capacity_or_format,282.18304345226863,1.0,892727580904,2538662654720.0,0.04443304410941637,0.6350134757560926,321808410432.0,1.0,58.88169180790973,w4a8,122.0,204.10714285714286
rom,DSV4-Pro/ROM-N5-native-SRAMKV-array-tensor-x72-perstream,DeepSeek-V4-Pro-0813,1000000,256,72,array,tensor,nvlink,N5,rom,sram,per_stream,58680.0,815.0,False,0.0,0.0,0.023450529069124135,capacity_or_format,288.78922663895275,1.0,892727580904,10154650618880.0,0.04443304410941637,0.9822537203789488,1287233641728.0,1.0,58.88169180790973,w4a8,122.0,51.026785714285715
rom,DSV4-Pro/ROM-N5-native-SRAMKV-array-tensor-x72-perregion,DeepSeek-V4-Pro-0813,1000000,1,72,array,tensor,nvlink,N5,rom,sram,per_region,58680.0,815.0,True,3651.1169978853004,3651.1169978853004,0.00027388878542626614,link_latency,96.58716469885202,1.0,892727580904,39666603980.0,0.04443304410941637,0.015624999999999998,5028256413.0,1.0,58.88169180790973,w4a8,122.0,13062.857142857143
rom,DSV4-Pro/ROM-N5-native-SRAMKV-array-tensor-x72-perregion,DeepSeek-V4-Pro-0813,1000000,8,72,array,tensor,nvlink,N5,rom,sram,per_region,58680.0,815.0,False,0.0,0.0,0.0008685778320079323,capacity_or_format,89.34856767260148,1.0,892727580904,49278942609.99942,0.04443304410941637,0.11837356497016671,40226051304.0,1.0,9.1437986247974,w4a8,122.0,10514.819387132842
rom,DSV4-Pro/ROM-N5-native-SRAMKV-array-tensor-x72-perregion,DeepSeek-V4-Pro-0813,1000000,32,72,array,tensor,nvlink,N5,rom,sram,per_region,58680.0,815.0,False,0.0,0.0,0.0029253113280317293,capacity_or_format,82.50013964871617,1.0,892727580904,58943474980.51811,0.04443304410941637,0.3958588540383072,160904205216.0,1.0,2.7342676045887657,w4a8,122.0,8790.781020363824
rom,DSV4-Pro/ROM-N5-native-SRAMKV-array-tensor-x72-perregion,DeepSeek-V4-Pro-0813,1000000,64,72,array,tensor,nvlink,N5,rom,sram,per_region,58680.0,815.0,False,0.0,0.0,0.0056676226560634585,capacity_or_format,81.2471662447762,1.0,892727580904,73489137946.37581,0.04443304410941637,0.6350134757560926,321808410432.0,1.0,1.7045056237551681,w4a8,122.0,7050.826769952362
rom,DSV4-Pro/ROM-N5-native-SRAMKV-array-tensor-x72-perregion,DeepSeek-V4-Pro-0813,1000000,256,72,array,tensor,nvlink,N5,rom,sram,per_region,58680.0,815.0,False,0.0,0.0,0.022121490624253833,capacity_or_format,80.9147223516321,1.0,892727580904,190038854318.18292,0.04443304410941637,0.9822537203789488,1287233641728.0,1.0,1.101939364677588,w4a8,122.0,2726.5960058119076
rom,DSV4-Pro/ROM-N5-native-SRAMKV-wafer-pipeline-x2,DeepSeek-V4-Pro-0813,1000000,1,2,wafer,pipeline,on_wafer,N5,rom,sram,batched,92450.0,46225.0,True,10377.87151792938,10377.87151792938,9.63588726524842e-05,weight_read,274.5376787723689,1.0,892727580904,39666603980.0,0.04443304410941637,0.015624999999999998,5028256413.0,1.0,58.88169180790973,w4a8,113.0,13062.857142857145
rom,DSV4-Pro/ROM-N5-native-SRAMKV-wafer-pipeline-x2,DeepSeek-V4-Pro-0813,1000000,8,2,wafer,pipeline,on_wafer,N5,rom,sram,batched,92450.0,46225.0,False,0.0,0.0,9.635929656934402e-05,capacity_or_format,1193.7868570839616,1.0,892727580904,124131495810.51216,0.13904745239842736,0.11837356497016671,40226051304.0,1.0,23.032827828085143,w4a8,113.0,13062.857142857145
rom,DSV4-Pro/ROM-N5-native-SRAMKV-wafer-pipeline-x2,DeepSeek-V4-Pro-0813,1000000,32,2,wafer,pipeline,on_wafer,N5,rom,sram,batched,92450.0,46225.0,False,0.0,0.0,0.0003315586382158559,capacity_or_format,1170.1899324710025,1.0,892727580904,352239449751.31995,0.39456543887064943,0.3958588540383072,160904205216.0,1.0,16.339669773991677,w4a8,113.0,13062.857142857145
rom,DSV4-Pro/ROM-N5-native-SRAMKV-wafer-pipeline-x2,DeepSeek-V4-Pro-0813,1000000,64,2,wafer,pipeline,on_wafer,N5,rom,sram,batched,92450.0,46225.0,False,0.0,0.0,0.0006518172764317118,capacity_or_format,1071.086169033555,1.0,892727580904,548837516692.9358,0.6147872300945022,0.6350134757560926,321808410432.0,1.0,12.729726594609822,w4a8,113.0,13062.857142857145
rom,DSV4-Pro/ROM-N5-native-SRAMKV-wafer-pipeline-x2,DeepSeek-V4-Pro-0813,1000000,256,2,wafer,pipeline,on_wafer,N5,rom,sram,batched,92450.0,46225.0,False,0.0,0.0,0.002573369105726847,capacity_or_format,820.7445846956475,1.0,892727580904,834287826483.5012,0.9345379758948177,0.9822537203789488,1287233641728.0,1.0,4.837613869920669,w4a8,113.0,13062.857142857145
rom,DSV4-Pro/ROM-N5-native-SRAMKV-wafer-pipeline-x2-perstream,DeepSeek-V4-Pro-0813,1000000,1,2,wafer,pipeline,on_wafer,N5,rom,sram,per_stream,92450.0,46225.0,True,10377.87151792938,10377.87151792938,9.63588726524842e-05,weight_read,274.5376787723689,1.0,892727580904,39666603980.0,0.04443304410941637,0.015624999999999998,5028256413.0,1.0,58.88169180790973,w4a8,113.0,13062.857142857145
rom,DSV4-Pro/ROM-N5-native-SRAMKV-wafer-pipeline-x2-perstream,DeepSeek-V4-Pro-0813,1000000,8,2,wafer,pipeline,on_wafer,N5,rom,sram,per_stream,92450.0,46225.0,False,0.0,0.0,0.0006917709812198737,capacity_or_format,305.9294702473457,1.0,892727580904,317332831840.0,0.04443304410941637,0.11837356497016671,40226051304.0,1.0,58.88169180790973,w4a8,113.0,1632.8571428571431
rom,DSV4-Pro/ROM-N5-native-SRAMKV-wafer-pipeline-x2-perstream,DeepSeek-V4-Pro-0813,1000000,32,2,wafer,pipeline,on_wafer,N5,rom,sram,per_stream,92450.0,46225.0,False,0.0,0.0,0.0027331839248794943,capacity_or_format,309.7239492602582,1.0,892727580904,1269331327360.0,0.04443304410941637,0.3958588540383072,160904205216.0,1.0,58.88169180790973,w4a8,113.0,408.2142857142858
rom,DSV4-Pro/ROM-N5-native-SRAMKV-wafer-pipeline-x2-perstream,DeepSeek-V4-Pro-0813,1000000,64,2,wafer,pipeline,on_wafer,N5,rom,sram,per_stream,92450.0,46225.0,False,0.0,0.0,0.005455067849758989,capacity_or_format,310.3655325957974,1.0,892727580904,2538662654720.0,0.04443304410941637,0.6350134757560926,321808410432.0,1.0,58.88169180790973,w4a8,113.0,204.1071428571429
rom,DSV4-Pro/ROM-N5-native-SRAMKV-wafer-pipeline-x2-perstream,DeepSeek-V4-Pro-0813,1000000,256,2,wafer,pipeline,on_wafer,N5,rom,sram,per_stream,92450.0,46225.0,False,0.0,0.0,0.021786371399035956,capacity_or_format,310.8484671498032,1.0,892727580904,10154650618880.0,0.04443304410941637,0.9822537203789488,1287233641728.0,1.0,58.88169180790973,w4a8,113.0,51.02678571428572
rom,DSV4-Pro/ROM-N5-native-SRAMKV-wafer-pipeline-x2-perregion,DeepSeek-V4-Pro-0813,1000000,1,2,wafer,pipeline,on_wafer,N5,rom,sram,per_region,92450.0,46225.0,True,10377.87151792938,10377.87151792938,9.63588726524842e-05,weight_read,274.5376787723689,1.0,892727580904,39666603980.0,0.04443304410941637,0.015624999999999998,5028256413.0,1.0,58.88169180790973,w4a8,113.0,13062.857142857145
rom,DSV4-Pro/ROM-N5-native-SRAMKV-wafer-pipeline-x2-perregion,DeepSeek-V4-Pro-0813,1000000,8,2,wafer,pipeline,on_wafer,N5,rom,sram,per_region,92450.0,46225.0,False,0.0,0.0,0.00011697144944522427,capacity_or_format,663.4626275912215,1.0,892727580904,49278942609.99942,0.04443304410941637,0.11837356497016671,40226051304.0,1.0,9.1437986247974,w4a8,113.0,10514.819387132844
rom,DSV4-Pro/ROM-N5-native-SRAMKV-wafer-pipeline-x2-perregion,DeepSeek-V4-Pro-0813,1000000,32,2,wafer,pipeline,on_wafer,N5,rom,sram,per_region,92450.0,46225.0,False,0.0,0.0,0.0003315586382158559,capacity_or_format,727.8911337591798,1.0,892727580904,58943474980.51811,0.04443304410941637,0.3958588540383072,160904205216.0,1.0,2.7342676045887657,w4a8,113.0,8790.781020363826
rom,DSV4-Pro/ROM-N5-native-SRAMKV-wafer-pipeline-x2-perregion,DeepSeek-V4-Pro-0813,1000000,64,2,wafer,pipeline,on_wafer,N5,rom,sram,per_region,92450.0,46225.0,False,0.0,0.0,0.0006518172764317118,capacity_or_format,706.453014977872,1.0,892727580904,73489137946.37581,0.04443304410941637,0.6350134757560926,321808410432.0,1.0,1.7045056237551681,w4a8,113.0,7050.826769952363
rom,DSV4-Pro/ROM-N5-native-SRAMKV-wafer-pipeline-x2-perregion,DeepSeek-V4-Pro-0813,1000000,256,2,wafer,pipeline,on_wafer,N5,rom,sram,per_region,92450.0,46225.0,False,0.0,0.0,0.002573369105726847,capacity_or_format,695.5684156937757,1.0,892727580904,190038854318.18292,0.04443304410941637,0.9822537203789488,1287233641728.0,1.0,1.101939364677588,w4a8,113.0,2726.5960058119085
rom,DSV4-Pro/ROM-N5-native-SRAMKV-wafer-tensor-x2,DeepSeek-V4-Pro-0813,1000000,1,2,wafer,tensor,on_wafer,N5,rom,sram,batched,92450.0,46225.0,True,10281.82394700383,10281.82394700383,9.725900824156831e-05,weight_read,271.99682276658115,1.0,892727580904,39666603980.0,0.04443304410941637,0.015624999999999998,5028256413.0,1.0,58.88169180790973,w4a8,122.0,13062.857142857145
rom,DSV4-Pro/ROM-N5-native-SRAMKV-wafer-tensor-x2,DeepSeek-V4-Pro-0813,1000000,8,2,wafer,tensor,on_wafer,N5,rom,sram,batched,92450.0,46225.0,False,0.0,0.0,9.726038128201692e-05,capacity_or_format,1182.7268234615449,1.0,892727580904,124131495810.51216,0.13904745239842736,0.11837356497016671,40226051304.0,1.0,23.032827828085143,w4a8,122.0,13062.857142857145
rom,DSV4-Pro/ROM-N5-native-SRAMKV-wafer-tensor-x2,DeepSeek-V4-Pro-0813,1000000,32,2,wafer,tensor,on_wafer,N5,rom,sram,batched,92450.0,46225.0,False,0.0,0.0,0.00033246297706654746,capacity_or_format,1167.0068766373606,1.0,892727580904,352239449751.31995,0.39456543887064943,0.3958588540383072,160904205216.0,1.0,16.339669773991677,w4a8,122.0,13062.857142857145
rom,DSV4-Pro/ROM-N5-native-SRAMKV-wafer-tensor-x2,DeepSeek-V4-Pro-0813,1000000,64,2,wafer,tensor,on_wafer,N5,rom,sram,batched,92450.0,46225.0,False,0.0,0.0,0.000652725954133095,capacity_or_format,1069.5950806037204,1.0,892727580904,548837516692.9358,0.6147872300945022,0.6350134757560926,321808410432.0,1.0,12.729726594609822,w4a8,122.0,13062.857142857145
rom,DSV4-Pro/ROM-N5-native-SRAMKV-wafer-tensor-x2,DeepSeek-V4-Pro-0813,1000000,256,2,wafer,tensor,on_wafer,N5,rom,sram,batched,92450.0,46225.0,False,0.0,0.0,0.00257430381653238,capacity_or_format,820.4465783659474,1.0,892727580904,834287826483.5012,0.9345379758948177,0.9822537203789488,1287233641728.0,1.0,4.837613869920669,w4a8,122.0,13062.857142857145
rom,DSV4-Pro/ROM-N5-native-SRAMKV-wafer-tensor-x2-perstream,DeepSeek-V4-Pro-0813,1000000,1,2,wafer,tensor,on_wafer,N5,rom,sram,per_stream,92450.0,46225.0,True,10281.82394700383,10281.82394700383,9.725900824156831e-05,weight_read,271.99682276658115,1.0,892727580904,39666603980.0,0.04443304410941637,0.015624999999999998,5028256413.0,1.0,58.88169180790973,w4a8,122.0,13062.857142857145
rom,DSV4-Pro/ROM-N5-native-SRAMKV-wafer-tensor-x2-perstream,DeepSeek-V4-Pro-0813,1000000,8,2,wafer,tensor,on_wafer,N5,rom,sram,per_stream,92450.0,46225.0,False,0.0,0.0,0.0006926720659325465,capacity_or_format,305.53149206639387,1.0,892727580904,317332831840.0,0.04443304410941637,0.11837356497016671,40226051304.0,1.0,58.88169180790973,w4a8,122.0,1632.8571428571431
rom,DSV4-Pro/ROM-N5-native-SRAMKV-wafer-tensor-x2-perstream,DeepSeek-V4-Pro-0813,1000000,32,2,wafer,tensor,on_wafer,N5,rom,sram,per_stream,92450.0,46225.0,False,0.0,0.0,0.002734088263730186,capacity_or_format,309.6215036281909,1.0,892727580904,1269331327360.0,0.04443304410941637,0.3958588540383072,160904205216.0,1.0,58.88169180790973,w4a8,122.0,408.2142857142858
rom,DSV4-Pro/ROM-N5-native-SRAMKV-wafer-tensor-x2-perstream,DeepSeek-V4-Pro-0813,1000000,64,2,wafer,tensor,on_wafer,N5,rom,sram,per_stream,92450.0,46225.0,False,0.0,0.0,0.005455976527460372,capacity_or_format,310.3138420803914,1.0,892727580904,2538662654720.0,0.04443304410941637,0.6350134757560926,321808410432.0,1.0,58.88169180790973,w4a8,122.0,204.1071428571429
rom,DSV4-Pro/ROM-N5-native-SRAMKV-wafer-tensor-x2-perstream,DeepSeek-V4-Pro-0813,1000000,256,2,wafer,tensor,on_wafer,N5,rom,sram,per_stream,92450.0,46225.0,False,0.0,0.0,0.02178730610984149,capacity_or_format,310.8351312458753,1.0,892727580904,10154650618880.0,0.04443304410941637,0.9822537203789488,1287233641728.0,1.0,58.88169180790973,w4a8,122.0,51.02678571428572
rom,DSV4-Pro/ROM-N5-native-SRAMKV-wafer-tensor-x2-perregion,DeepSeek-V4-Pro-0813,1000000,1,2,wafer,tensor,on_wafer,N5,rom,sram,per_region,92450.0,46225.0,True,10281.82394700383,10281.82394700383,9.725900824156831e-05,weight_read,271.99682276658115,1.0,892727580904,39666603980.0,0.04443304410941637,0.015624999999999998,5028256413.0,1.0,58.88169180790973,w4a8,122.0,13062.857142857145
rom,DSV4-Pro/ROM-N5-native-SRAMKV-wafer-tensor-x2-perregion,DeepSeek-V4-Pro-0813,1000000,8,2,wafer,tensor,on_wafer,N5,rom,sram,per_region,92450.0,46225.0,False,0.0,0.0,0.00011787253415789718,capacity_or_format,658.3907418001565,1.0,892727580904,49278942609.99942,0.04443304410941637,0.11837356497016671,40226051304.0,1.0,9.1437986247974,w4a8,122.0,10514.819387132844
rom,DSV4-Pro/ROM-N5-native-SRAMKV-wafer-tensor-x2-perregion,DeepSeek-V4-Pro-0813,1000000,32,2,wafer,tensor,on_wafer,N5,rom,sram,per_region,92450.0,46225.0,False,0.0,0.0,0.00033246297706654746,capacity_or_format,725.9111832782556,1.0,892727580904,58943474980.51811,0.04443304410941637,0.3958588540383072,160904205216.0,1.0,2.7342676045887657,w4a8,122.0,8790.781020363826
rom,DSV4-Pro/ROM-N5-native-SRAMKV-wafer-tensor-x2-perregion,DeepSeek-V4-Pro-0813,1000000,64,2,wafer,tensor,on_wafer,N5,rom,sram,per_region,92450.0,46225.0,False,0.0,0.0,0.000652725954133095,capacity_or_format,705.4695423616531,1.0,892727580904,73489137946.37581,0.04443304410941637,0.6350134757560926,321808410432.0,1.0,1.7045056237551681,w4a8,122.0,7050.826769952363
rom,DSV4-Pro/ROM-N5-native-SRAMKV-wafer-tensor-x2-perregion,DeepSeek-V4-Pro-0813,1000000,256,2,wafer,tensor,on_wafer,N5,rom,sram,per_region,92450.0,46225.0,False,0.0,0.0,0.00257430381653238,capacity_or_format,695.3158599115245,1.0,892727580904,190038854318.18292,0.04443304410941637,0.9822537203789488,1287233641728.0,1.0,1.101939364677588,w4a8,122.0,2726.5960058119085
rom,DSV4-Pro/ROM-N5-native-HBMKV-array-pipeline-x75,DeepSeek-V4-Pro-0813,1000000,1,75,array,pipeline,nvlink,N5,rom,hbm,batched,61125.0,815.0,True,4946.835810764349,4946.835810764349,0.00020214942202528597,link_latency,231.512338254817,1.0,892727580904,39666603980.0,0.04443304410941637,0.015624999999999998,5028256413.0,1510.0,58.88169180790973,w4a8,74.0,13062.857142857147
rom,DSV4-Pro/ROM-N5-native-HBMKV-array-pipeline-x75,DeepSeek-V4-Pro-0813,1000000,8,75,array,pipeline,nvlink,N5,rom,hbm,batched,61125.0,815.0,True,1190.199361153396,9521.594889227168,0.0008401953762022876,compute,330.6374003156169,1.0,892727580904,124131495810.51216,0.13904745239842736,0.11837356497016671,40226051304.0,1510.0,23.032827828085143,w4a8,74.0,13062.857142857147
rom,DSV4-Pro/ROM-N5-native-HBMKV-array-pipeline-x75,DeepSeek-V4-Pro-0813,1000000,32,75,array,pipeline,nvlink,N5,rom,hbm,batched,61125.0,815.0,True,330.2748228072794,10568.794329832941,0.0030277815048091504,compute,343.1742982058525,1.0,892727580904,352239449751.31995,0.39456543887064943,0.3958588540383072,160904205216.0,1510.0,16.339669773991677,w4a8,74.0,13062.857142857147
rom,DSV4-Pro/ROM-N5-native-HBMKV-array-pipeline-x75,DeepSeek-V4-Pro-0813,1000000,64,75,array,pipeline,nvlink,N5,rom,hbm,batched,61125.0,815.0,True,168.2209438073077,10766.140403667692,0.005944563009618301,compute,336.49115863113144,1.0,892727580904,548837516692.9358,0.6147872300945022,0.6350134757560926,321808410432.0,1510.0,12.729726594609822,w4a8,74.0,13062.857142857147
rom,DSV4-Pro/ROM-N5-native-HBMKV-array-pipeline-x75,DeepSeek-V4-Pro-0813,1000000,256,75,array,pipeline,nvlink,N5,rom,hbm,batched,61125.0,815.0,True,42.65255917739845,10919.055149414004,0.023445252038473204,compute,312.24405037283293,1.0,892727580904,834287826483.5012,0.9345379758948177,0.9822537203789488,1287233641728.0,1510.0,4.837613869920669,w4a8,74.0,13062.857142857147
rom,DSV4-Pro/ROM-N5-native-HBMKV-array-pipeline-x75-perstream,DeepSeek-V4-Pro-0813,1000000,1,75,array,pipeline,nvlink,N5,rom,hbm,per_stream,61125.0,815.0,True,4946.835810764349,4946.835810764349,0.00020214942202528597,link_latency,231.512338254817,1.0,892727580904,39666603980.0,0.04443304410941637,0.015624999999999998,5028256413.0,1510.0,58.88169180790973,w4a8,74.0,13062.857142857147
rom,DSV4-Pro/ROM-N5-native-HBMKV-array-pipeline-x75-perstream,DeepSeek-V4-Pro-0813,1000000,8,75,array,pipeline,nvlink,N5,rom,hbm,per_stream,61125.0,815.0,True,1190.199361153396,9521.594889227168,0.0008401953762022876,compute,445.61145367375644,1.0,892727580904,317332831840.0,0.04443304410941637,0.11837356497016671,40226051304.0,1510.0,58.88169180790973,w4a8,74.0,1632.8571428571433
rom,DSV4-Pro/ROM-N5-native-HBMKV-array-pipeline-x75-perstream,DeepSeek-V4-Pro-0813,1000000,32,75,array,pipeline,nvlink,N5,rom,hbm,per_stream,61125.0,815.0,True,330.2748228072794,10568.794329832941,0.0030277815048091504,compute,494.6204768934535,1.0,892727580904,1269331327360.0,0.04443304410941637,0.3958588540383072,160904205216.0,1510.0,58.88169180790973,w4a8,74.0,408.21428571428584
rom,DSV4-Pro/ROM-N5-native-HBMKV-array-pipeline-x75-perstream,DeepSeek-V4-Pro-0813,1000000,64,75,array,pipeline,nvlink,N5,rom,hbm,per_stream,61125.0,815.0,True,168.2209438073077,10766.140403667692,0.005944563009618301,compute,503.856289996341,1.0,892727580904,2538662654720.0,0.04443304410941637,0.6350134757560926,321808410432.0,1510.0,58.88169180790973,w4a8,74.0,204.10714285714292
rom,DSV4-Pro/ROM-N5-native-HBMKV-array-pipeline-x75-perstream,DeepSeek-V4-Pro-0813,1000000,256,75,array,pipeline,nvlink,N5,rom,hbm,per_stream,61125.0,815.0,True,42.65255917739845,10919.055149414004,0.023445252038473204,compute,511.01271315159016,1.0,892727580904,10154650618880.0,0.04443304410941637,0.9822537203789488,1287233641728.0,1510.0,58.88169180790973,w4a8,74.0,51.02678571428573
rom,DSV4-Pro/ROM-N5-native-HBMKV-array-pipeline-x75-perregion,DeepSeek-V4-Pro-0813,1000000,1,75,array,pipeline,nvlink,N5,rom,hbm,per_region,61125.0,815.0,True,4946.835810764349,4946.835810764349,0.00020214942202528597,link_latency,231.512338254817,1.0,892727580904,39666603980.0,0.04443304410941637,0.015624999999999998,5028256413.0,1510.0,58.88169180790973,w4a8,74.0,13062.857142857147
rom,DSV4-Pro/ROM-N5-native-HBMKV-array-pipeline-x75-perregion,DeepSeek-V4-Pro-0813,1000000,8,75,array,pipeline,nvlink,N5,rom,hbm,per_region,61125.0,815.0,True,1190.199361153396,9521.594889227168,0.0008401953762022876,compute,286.09266981564144,1.0,892727580904,49278942609.99942,0.04443304410941637,0.11837356497016671,40226051304.0,1510.0,9.1437986247974,w4a8,74.0,10514.819387132846
rom,DSV4-Pro/ROM-N5-native-HBMKV-array-pipeline-x75-perregion,DeepSeek-V4-Pro-0813,1000000,32,75,array,pipeline,nvlink,N5,rom,hbm,per_region,61125.0,815.0,True,330.2748228072794,10568.794329832941,0.0030277815048091504,compute,294.740160157095,1.0,892727580904,58943474980.51811,0.04443304410941637,0.3958588540383072,160904205216.0,1510.0,2.7342676045887657,w4a8,74.0,8790.781020363827
rom,DSV4-Pro/ROM-N5-native-HBMKV-array-pipeline-x75-perregion,DeepSeek-V4-Pro-0813,1000000,64,75,array,pipeline,nvlink,N5,rom,hbm,per_region,61125.0,815.0,True,168.2209438073077,10766.140403667692,0.005944563009618301,compute,296.5093821761215,1.0,892727580904,73489137946.37581,0.04443304410941637,0.6350134757560926,321808410432.0,1510.0,1.7045056237551681,w4a8,74.0,7050.826769952364
rom,DSV4-Pro/ROM-N5-native-HBMKV-array-pipeline-x75-perregion,DeepSeek-V4-Pro-0813,1000000,256,75,array,pipeline,nvlink,N5,rom,hbm,per_region,61125.0,815.0,True,42.65255917739845,10919.055149414004,0.023445252038473204,compute,298.50461666770326,1.0,892727580904,190038854318.18292,0.04443304410941637,0.9822537203789488,1287233641728.0,1510.0,1.101939364677588,w4a8,74.0,2726.596005811909
rom,DSV4-Pro/ROM-N5-native-HBMKV-array-tensor-x75,DeepSeek-V4-Pro-0813,1000000,1,75,array,tensor,nvlink,N5,rom,hbm,batched,61125.0,815.0,True,3586.792114039539,3586.792114039539,0.0002788006575808415,link_latency,167.8621771412556,1.0,892727580904,39666603980.0,0.04443304410941637,0.015624999999999998,5028256413.0,1510.0,58.88169180790973,w4a8,122.0,13062.857142857147
rom,DSV4-Pro/ROM-N5-native-HBMKV-array-tensor-x75,DeepSeek-V4-Pro-0813,1000000,8,75,array,tensor,nvlink,N5,rom,hbm,batched,61125.0,815.0,True,1053.2909827346048,8426.327861876838,0.000949405260646732,compute,292.6042507448185,1.0,892727580904,124131495810.51216,0.13904745239842736,0.11837356497016671,40226051304.0,1510.0,23.032827828085143,w4a8,122.0,13062.857142857147
rom,DSV4-Pro/ROM-N5-native-HBMKV-array-tensor-x75,DeepSeek-V4-Pro-0813,1000000,32,75,array,tensor,nvlink,N5,rom,hbm,batched,61125.0,815.0,True,307.8229152895237,9850.333289264758,0.003248621042586928,compute,319.8454911829676,1.0,892727580904,352239449751.31995,0.39456543887064943,0.3958588540383072,160904205216.0,1510.0,16.339669773991677,w4a8,122.0,13062.857142857147
rom,DSV4-Pro/ROM-N5-native-HBMKV-array-tensor-x75,DeepSeek-V4-Pro-0813,1000000,64,75,array,tensor,nvlink,N5,rom,hbm,batched,61125.0,815.0,True,158.37213501016186,10135.816640650359,0.006314242085173857,compute,316.7906563733138,1.0,892727580904,548837516692.9358,0.6147872300945022,0.6350134757560926,321808410432.0,1510.0,12.729726594609822,w4a8,122.0,13062.857142857147
rom,DSV4-Pro/ROM-N5-native-HBMKV-array-tensor-x75,DeepSeek-V4-Pro-0813,1000000,256,75,array,tensor,nvlink,N5,rom,hbm,batched,61125.0,815.0,True,40.47277324509694,10361.029950744816,0.024707968340695427,compute,296.28662128594686,1.0,892727580904,834287826483.5012,0.9345379758948177,0.9822537203789488,1287233641728.0,1510.0,4.837613869920669,w4a8,122.0,13062.857142857147
rom,DSV4-Pro/ROM-N5-native-HBMKV-array-tensor-x75-perstream,DeepSeek-V4-Pro-0813,1000000,1,75,array,tensor,nvlink,N5,rom,hbm,per_stream,61125.0,815.0,True,3586.792114039539,3586.792114039539,0.0002788006575808415,link_latency,167.8621771412556,1.0,892727580904,39666603980.0,0.04443304410941637,0.015624999999999998,5028256413.0,1510.0,58.88169180790973,w4a8,122.0,13062.857142857147
rom,DSV4-Pro/ROM-N5-native-HBMKV-array-tensor-x75-perstream,DeepSeek-V4-Pro-0813,1000000,8,75,array,tensor,nvlink,N5,rom,hbm,per_stream,61125.0,815.0,True,1053.2909827346048,8426.327861876838,0.000949405260646732,compute,394.3528632908874,1.0,892727580904,317332831840.0,0.04443304410941637,0.11837356497016671,40226051304.0,1510.0,58.88169180790973,w4a8,122.0,1632.8571428571433
rom,DSV4-Pro/ROM-N5-native-HBMKV-array-tensor-x75-perstream,DeepSeek-V4-Pro-0813,1000000,32,75,array,tensor,nvlink,N5,rom,hbm,per_stream,61125.0,815.0,True,307.8229152895237,9850.333289264758,0.003248621042586928,compute,460.996438859891,1.0,892727580904,1269331327360.0,0.04443304410941637,0.3958588540383072,160904205216.0,1510.0,58.88169180790973,w4a8,122.0,408.21428571428584
rom,DSV4-Pro/ROM-N5-native-HBMKV-array-tensor-x75-perstream,DeepSeek-V4-Pro-0813,1000000,64,75,array,tensor,nvlink,N5,rom,hbm,per_stream,61125.0,815.0,True,158.37213501016186,10135.816640650359,0.006314242085173857,compute,474.357084076432,1.0,892727580904,2538662654720.0,0.04443304410941637,0.6350134757560926,321808410432.0,1510.0,58.88169180790973,w4a8,122.0,204.10714285714292
rom,DSV4-Pro/ROM-N5-native-HBMKV-array-tensor-x75-perstream,DeepSeek-V4-Pro-0813,1000000,256,75,array,tensor,nvlink,N5,rom,hbm,per_stream,61125.0,815.0,True,40.47277324509694,10361.029950744816,0.024707968340695427,compute,484.8970862152979,1.0,892727580904,10154650618880.0,0.04443304410941637,0.9822537203789488,1287233641728.0,1510.0,58.88169180790973,w4a8,122.0,51.02678571428573
rom,DSV4-Pro/ROM-N5-native-HBMKV-array-tensor-x75-perregion,DeepSeek-V4-Pro-0813,1000000,1,75,array,tensor,nvlink,N5,rom,hbm,per_region,61125.0,815.0,True,3586.792114039539,3586.792114039539,0.0002788006575808415,link_latency,167.8621771412556,1.0,892727580904,39666603980.0,0.04443304410941637,0.015624999999999998,5028256413.0,1510.0,58.88169180790973,w4a8,122.0,13062.857142857147
rom,DSV4-Pro/ROM-N5-native-HBMKV-array-tensor-x75-perregion,DeepSeek-V4-Pro-0813,1000000,8,75,array,tensor,nvlink,N5,rom,hbm,per_region,61125.0,815.0,True,1053.2909827346048,8426.327861876838,0.000949405260646732,compute,253.18349108443726,1.0,892727580904,49278942609.99942,0.04443304410941637,0.11837356497016671,40226051304.0,1510.0,9.1437986247974,w4a8,122.0,10514.819387132846
rom,DSV4-Pro/ROM-N5-native-HBMKV-array-tensor-x75-perregion,DeepSeek-V4-Pro-0813,1000000,32,75,array,tensor,nvlink,N5,rom,hbm,per_region,61125.0,815.0,True,307.8229152895237,9850.333289264758,0.003248621042586928,compute,274.7038801846521,1.0,892727580904,58943474980.51811,0.04443304410941637,0.3958588540383072,160904205216.0,1510.0,2.7342676045887657,w4a8,122.0,8790.781020363827
rom,DSV4-Pro/ROM-N5-native-HBMKV-array-tensor-x75-perregion,DeepSeek-V4-Pro-0813,1000000,64,75,array,tensor,nvlink,N5,rom,hbm,per_region,61125.0,815.0,True,158.37213501016186,10135.816640650359,0.006314242085173857,compute,279.14968756545795,1.0,892727580904,73489137946.37581,0.04443304410941637,0.6350134757560926,321808410432.0,1510.0,1.7045056237551681,w4a8,122.0,7050.826769952364
rom,DSV4-Pro/ROM-N5-native-HBMKV-array-tensor-x75-perregion,DeepSeek-V4-Pro-0813,1000000,256,75,array,tensor,nvlink,N5,rom,hbm,per_region,61125.0,815.0,True,40.47277324509694,10361.029950744816,0.024707968340695427,compute,283.24935000403,1.0,892727580904,190038854318.18292,0.04443304410941637,0.9822537203789488,1287233641728.0,1510.0,1.101939364677588,w4a8,122.0,2726.596005811909
rom,DSV4-Pro/ROM-N5-native-HBMKV-wafer-pipeline-x2,DeepSeek-V4-Pro-0813,1000000,1,2,wafer,pipeline,on_wafer,N5,rom,hbm,batched,92450.0,46225.0,True,10377.87151792938,10377.87151792938,9.63588726524842e-05,weight_read,485.68527299729897,1.0,892727580904,39666603980.0,0.04443304410941637,0.015624999999999998,5028256413.0,346.0,58.88169180790973,w4a8,113.0,13062.857142857145
rom,DSV4-Pro/ROM-N5-native-HBMKV-wafer-pipeline-x2,DeepSeek-V4-Pro-0813,1000000,8,2,wafer,pipeline,on_wafer,N5,rom,hbm,batched,92450.0,46225.0,True,10377.82586219234,83022.60689753872,9.635929656934402e-05,weight_read,2882.9601796107972,1.0,892727580904,124131495810.51216,0.13904745239842736,0.11837356497016671,40226051304.0,346.0,23.032827828085143,w4a8,113.0,13062.857142857145
rom,DSV4-Pro/ROM-N5-native-HBMKV-wafer-pipeline-x2,DeepSeek-V4-Pro-0813,1000000,32,2,wafer,pipeline,on_wafer,N5,rom,hbm,batched,92450.0,46225.0,True,2949.9370520947814,94397.985667033,0.0003389902843146736,kv_read,3065.152133000419,1.0,892727580904,352239449751.31995,0.39456543887064943,0.3958588540383072,160904205216.0,346.0,16.339669773991677,w4a8,113.0,13062.857142857145
rom,DSV4-Pro/ROM-N5-native-HBMKV-wafer-pipeline-x2,DeepSeek-V4-Pro-0813,1000000,64,2,wafer,pipeline,on_wafer,N5,rom,hbm,batched,92450.0,46225.0,True,1499.9687212362232,95997.99815911829,0.0006666805686293472,kv_read,3000.3767753044053,1.0,892727580904,548837516692.9358,0.6147872300945022,0.6350134757560926,321808410432.0,346.0,12.729726594609822,w4a8,113.0,13062.857142857145
rom,DSV4-Pro/ROM-N5-native-HBMKV-wafer-pipeline-x2,DeepSeek-V4-Pro-0813,1000000,256,2,wafer,pipeline,on_wafer,N5,rom,hbm,batched,92450.0,46225.0,True,379.82054834419307,97234.06037611343,0.0026328222745173884,kv_read,2780.5296731799745,1.0,892727580904,834287826483.5012,0.9345379758948177,0.9822537203789488,1287233641728.0,346.0,4.837613869920669,w4a8,113.0,13062.857142857145
rom,DSV4-Pro/ROM-N5-native-HBMKV-wafer-pipeline-x2-perstream,DeepSeek-V4-Pro-0813,1000000,1,2,wafer,pipeline,on_wafer,N5,rom,hbm,per_stream,92450.0,46225.0,True,10377.87151792938,10377.87151792938,9.63588726524842e-05,weight_read,485.68527299729897,1.0,892727580904,39666603980.0,0.04443304410941637,0.015624999999999998,5028256413.0,346.0,58.88169180790973,w4a8,113.0,13062.857142857145
rom,DSV4-Pro/ROM-N5-native-HBMKV-wafer-pipeline-x2-perstream,DeepSeek-V4-Pro-0813,1000000,8,2,wafer,pipeline,on_wafer,N5,rom,hbm,per_stream,92450.0,46225.0,True,1445.5651178611065,11564.520942888852,0.0006917709812198737,weight_read,541.2205673895851,1.0,892727580904,317332831840.0,0.04443304410941637,0.11837356497016671,40226051304.0,346.0,58.88169180790973,w4a8,113.0,1632.8571428571431
rom,DSV4-Pro/ROM-N5-native-HBMKV-wafer-pipeline-x2-perstream,DeepSeek-V4-Pro-0813,1000000,32,2,wafer,pipeline,on_wafer,N5,rom,hbm,per_stream,92450.0,46225.0,True,365.87365778689406,11707.95704918061,0.0027331839248794943,weight_read,547.9333894091702,1.0,892727580904,1269331327360.0,0.04443304410941637,0.3958588540383072,160904205216.0,346.0,58.88169180790973,w4a8,113.0,408.2142857142858
rom,DSV4-Pro/ROM-N5-native-HBMKV-wafer-pipeline-x2-perstream,DeepSeek-V4-Pro-0813,1000000,64,2,wafer,pipeline,on_wafer,N5,rom,hbm,per_stream,92450.0,46225.0,True,183.31577673120623,11732.209710797199,0.005455067849758989,weight_read,549.0684160432746,1.0,892727580904,2538662654720.0,0.04443304410941637,0.6350134757560926,321808410432.0,346.0,58.88169180790973,w4a8,113.0,204.1071428571429
rom,DSV4-Pro/ROM-N5-native-HBMKV-wafer-pipeline-x2-perstream,DeepSeek-V4-Pro-0813,1000000,256,2,wafer,pipeline,on_wafer,N5,rom,hbm,per_stream,92450.0,46225.0,True,45.90025487421232,11750.465247798355,0.021786371399035956,weight_read,549.9227767334028,1.0,892727580904,10154650618880.0,0.04443304410941637,0.9822537203789488,1287233641728.0,346.0,58.88169180790973,w4a8,113.0,51.02678571428572
rom,DSV4-Pro/ROM-N5-native-HBMKV-wafer-pipeline-x2-perregion,DeepSeek-V4-Pro-0813,1000000,1,2,wafer,pipeline,on_wafer,N5,rom,hbm,per_region,92450.0,46225.0,True,10377.87151792938,10377.87151792938,9.63588726524842e-05,weight_read,485.68527299729897,1.0,892727580904,39666603980.0,0.04443304410941637,0.015624999999999998,5028256413.0,346.0,58.88169180790973,w4a8,113.0,13062.857142857145
rom,DSV4-Pro/ROM-N5-native-HBMKV-wafer-pipeline-x2-perregion,DeepSeek-V4-Pro-0813,1000000,8,2,wafer,pipeline,on_wafer,N5,rom,hbm,per_region,92450.0,46225.0,True,8549.09471279385,68392.7577023508,0.00011697144944522427,weight_read,2054.977855575198,1.0,892727580904,49278942609.99942,0.04443304410941637,0.11837356497016671,40226051304.0,346.0,9.1437986247974,w4a8,113.0,10514.819387132844
rom,DSV4-Pro/ROM-N5-native-HBMKV-wafer-pipeline-x2-perregion,DeepSeek-V4-Pro-0813,1000000,32,2,wafer,pipeline,on_wafer,N5,rom,hbm,per_region,92450.0,46225.0,True,2949.9370520947814,94397.985667033,0.0003389902843146736,kv_read,2632.549801397096,1.0,892727580904,58943474980.51811,0.04443304410941637,0.3958588540383072,160904205216.0,346.0,2.7342676045887657,w4a8,113.0,8790.781020363826
rom,DSV4-Pro/ROM-N5-native-HBMKV-wafer-pipeline-x2-perregion,DeepSeek-V4-Pro-0813,1000000,64,2,wafer,pipeline,on_wafer,N5,rom,hbm,per_region,92450.0,46225.0,True,1499.9687212362232,95997.99815911829,0.0006666805686293472,kv_read,2643.8729253993106,1.0,892727580904,73489137946.37581,0.04443304410941637,0.6350134757560926,321808410432.0,346.0,1.7045056237551681,w4a8,113.0,7050.826769952363
rom,DSV4-Pro/ROM-N5-native-HBMKV-wafer-pipeline-x2-perregion,DeepSeek-V4-Pro-0813,1000000,256,2,wafer,pipeline,on_wafer,N5,rom,hbm,per_region,92450.0,46225.0,True,379.82054834419307,97234.06037611343,0.0026328222745173884,kv_read,2658.1801742409675,1.0,892727580904,190038854318.18292,0.04443304410941637,0.9822537203789488,1287233641728.0,346.0,1.101939364677588,w4a8,113.0,2726.5960058119085
rom,DSV4-Pro/ROM-N5-native-HBMKV-wafer-tensor-x2,DeepSeek-V4-Pro-0813,1000000,1,2,wafer,tensor,on_wafer,N5,rom,hbm,batched,92450.0,46225.0,True,10281.82394700383,10281.82394700383,9.725900824156831e-05,weight_read,481.1902384784085,1.0,892727580904,39666603980.0,0.04443304410941637,0.015624999999999998,5028256413.0,346.0,58.88169180790973,w4a8,122.0,13062.857142857145
rom,DSV4-Pro/ROM-N5-native-HBMKV-wafer-tensor-x2,DeepSeek-V4-Pro-0813,1000000,8,2,wafer,tensor,on_wafer,N5,rom,hbm,batched,92450.0,46225.0,True,10281.678796841157,82253.43037472926,9.726038128201692e-05,weight_read,2856.2505234193472,1.0,892727580904,124131495810.51216,0.13904745239842736,0.11837356497016671,40226051304.0,346.0,23.032827828085143,w4a8,122.0,13062.857142857145
rom,DSV4-Pro/ROM-N5-native-HBMKV-wafer-tensor-x2,DeepSeek-V4-Pro-0813,1000000,32,2,wafer,tensor,on_wafer,N5,rom,hbm,batched,92450.0,46225.0,True,2942.088317512105,94146.82616038735,0.00033989462316536516,kv_read,3056.996852015571,1.0,892727580904,352239449751.31995,0.39456543887064943,0.3958588540383072,160904205216.0,346.0,16.339669773991677,w4a8,122.0,13062.857142857145
rom,DSV4-Pro/ROM-N5-native-HBMKV-wafer-tensor-x2,DeepSeek-V4-Pro-0813,1000000,64,2,wafer,tensor,on_wafer,N5,rom,hbm,batched,92450.0,46225.0,True,1497.9270644281619,95867.33212340236,0.0006675892463307303,kv_read,2996.2928636979013,1.0,892727580904,548837516692.9358,0.6147872300945022,0.6350134757560926,321808410432.0,346.0,12.729726594609822,w4a8,122.0,13062.857142857145
rom,DSV4-Pro/ROM-N5-native-HBMKV-wafer-tensor-x2,DeepSeek-V4-Pro-0813,1000000,256,2,wafer,tensor,on_wafer,N5,rom,hbm,batched,92450.0,46225.0,True,379.6857514086066,97199.5523606033,0.0026337569853229215,kv_read,2779.542873279638,1.0,892727580904,834287826483.5012,0.9345379758948177,0.9822537203789488,1287233641728.0,346.0,4.837613869920669,w4a8,122.0,13062.857142857145
rom,DSV4-Pro/ROM-N5-native-HBMKV-wafer-tensor-x2-perstream,DeepSeek-V4-Pro-0813,1000000,1,2,wafer,tensor,on_wafer,N5,rom,hbm,per_stream,92450.0,46225.0,True,10281.82394700383,10281.82394700383,9.725900824156831e-05,weight_read,481.1902384784085,1.0,892727580904,39666603980.0,0.04443304410941637,0.015624999999999998,5028256413.0,346.0,58.88169180790973,w4a8,122.0,13062.857142857145
rom,DSV4-Pro/ROM-N5-native-HBMKV-wafer-tensor-x2-perstream,DeepSeek-V4-Pro-0813,1000000,8,2,wafer,tensor,on_wafer,N5,rom,hbm,per_stream,92450.0,46225.0,True,1443.6846080312146,11549.476864249717,0.0006926720659325465,weight_read,540.5165032249615,1.0,892727580904,317332831840.0,0.04443304410941637,0.11837356497016671,40226051304.0,346.0,58.88169180790973,w4a8,122.0,1632.8571428571431
rom,DSV4-Pro/ROM-N5-native-HBMKV-wafer-tensor-x2-perstream,DeepSeek-V4-Pro-0813,1000000,32,2,wafer,tensor,on_wafer,N5,rom,hbm,per_stream,92450.0,46225.0,True,365.75263983455847,11704.08447470587,0.002734088263730186,weight_read,547.752152593151,1.0,892727580904,1269331327360.0,0.04443304410941637,0.3958588540383072,160904205216.0,346.0,58.88169180790973,w4a8,122.0,408.2142857142858
rom,DSV4-Pro/ROM-N5-native-HBMKV-wafer-tensor-x2-perstream,DeepSeek-V4-Pro-0813,1000000,64,2,wafer,tensor,on_wafer,N5,rom,hbm,per_stream,92450.0,46225.0,True,183.28524599893694,11730.255743931964,0.005455976527460372,weight_read,548.9769702271717,1.0,892727580904,2538662654720.0,0.04443304410941637,0.6350134757560926,321808410432.0,346.0,58.88169180790973,w4a8,122.0,204.1071428571429
rom,DSV4-Pro/ROM-N5-native-HBMKV-wafer-tensor-x2-perstream,DeepSeek-V4-Pro-0813,1000000,256,2,wafer,tensor,on_wafer,N5,rom,hbm,per_stream,92450.0,46225.0,True,45.89828567875551,11749.96113376141,0.02178730610984149,weight_read,549.8991841534375,1.0,892727580904,10154650618880.0,0.04443304410941637,0.9822537203789488,1287233641728.0,346.0,58.88169180790973,w4a8,122.0,51.02678571428572
rom,DSV4-Pro/ROM-N5-native-HBMKV-wafer-tensor-x2-perregion,DeepSeek-V4-Pro-0813,1000000,1,2,wafer,tensor,on_wafer,N5,rom,hbm,per_region,92450.0,46225.0,True,10281.82394700383,10281.82394700383,9.725900824156831e-05,weight_read,481.1902384784085,1.0,892727580904,39666603980.0,0.04443304410941637,0.015624999999999998,5028256413.0,346.0,58.88169180790973,w4a8,122.0,13062.857142857145
rom,DSV4-Pro/ROM-N5-native-HBMKV-wafer-tensor-x2-perregion,DeepSeek-V4-Pro-0813,1000000,8,2,wafer,tensor,on_wafer,N5,rom,hbm,per_region,92450.0,46225.0,True,8483.740568947482,67869.92455157985,0.00011787253415789718,weight_read,2039.2684357025444,1.0,892727580904,49278942609.99942,0.04443304410941637,0.11837356497016671,40226051304.0,346.0,9.1437986247974,w4a8,122.0,10514.819387132844
rom,DSV4-Pro/ROM-N5-native-HBMKV-wafer-tensor-x2-perregion,DeepSeek-V4-Pro-0813,1000000,32,2,wafer,tensor,on_wafer,N5,rom,hbm,per_region,92450.0,46225.0,True,2942.088317512105,94146.82616038735,0.00033989462316536516,kv_read,2625.5455215423203,1.0,892727580904,58943474980.51811,0.04443304410941637,0.3958588540383072,160904205216.0,346.0,2.7342676045887657,w4a8,122.0,8790.781020363826
rom,DSV4-Pro/ROM-N5-native-HBMKV-wafer-tensor-x2-perregion,DeepSeek-V4-Pro-0813,1000000,64,2,wafer,tensor,on_wafer,N5,rom,hbm,per_region,92450.0,46225.0,True,1497.9270644281619,95867.33212340236,0.0006675892463307303,kv_read,2640.2742629196414,1.0,892727580904,73489137946.37581,0.04443304410941637,0.6350134757560926,321808410432.0,346.0,1.7045056237551681,w4a8,122.0,7050.826769952363
rom,DSV4-Pro/ROM-N5-native-HBMKV-wafer-tensor-x2-perregion,DeepSeek-V4-Pro-0813,1000000,256,2,wafer,tensor,on_wafer,N5,rom,hbm,per_region,92450.0,46225.0,True,379.6857514086066,97199.5523606033,0.0026337569853229215,kv_read,2657.2367957342326,1.0,892727580904,190038854318.18292,0.04443304410941637,0.9822537203789488,1287233641728.0,346.0,1.101939364677588,w4a8,122.0,2726.5960058119085
gpu,DSV4-Pro/b200_sxm-x14,DeepSeek-V4-Pro-0813,1000000,1,14,array,pipeline,nvlink,4NP,hbm,hbm,batched,22400.0,1600.0,True,1318.802671481804,1318.802671481804,0.0007582635534673296,weight_read,1669.7175447227978,1.0,892727580904,39666603980.0,1.0,0.015624999999999998,5028256413.0,273.0,58.88169180790973,checkpoint-declared,13.0,
gpu,DSV4-Pro/b200_sxm-x14,DeepSeek-V4-Pro-0813,1000000,8,14,array,pipeline,nvlink,4NP,hbm,hbm,batched,22400.0,1600.0,True,635.5873004370496,5084.698403496397,0.0015733479874635143,weight_read,2606.4202061726714,1.0,892727580904,124131495810.51216,1.0,0.11837356497016671,40226051304.0,273.0,23.032827828085143,checkpoint-declared,13.0,
gpu,DSV4-Pro/b200_sxm-x14,DeepSeek-V4-Pro-0813,1000000,32,14,array,pipeline,nvlink,4NP,hbm,hbm,batched,22400.0,1600.0,True,227.84764877093357,7291.124760669874,0.004388897605019173,weight_read,2711.725168740023,1.0,892727580904,352239449751.31995,1.0,0.3958588540383072,160904205216.0,273.0,16.339669773991677,checkpoint-declared,13.0,
gpu,DSV4-Pro/b200_sxm-x14,DeepSeek-V4-Pro-0813,1000000,64,14,array,pipeline,nvlink,4NP,hbm,hbm,batched,22400.0,1600.0,True,144.05786049582352,9219.703071732705,0.006941655224908687,weight_read,2729.4580960253707,1.0,892727580904,548837516692.9358,1.0,0.6350134757560926,321808410432.0,273.0,12.729726594609822,checkpoint-declared,13.0,
gpu,DSV4-Pro/b200_sxm-x14,DeepSeek-V4-Pro-0813,1000000,256,14,array,pipeline,nvlink,4NP,hbm,hbm,batched,22400.0,1600.0,True,84.58299836939099,21653.247582564094,0.011822706918390368,weight_read,2818.532722396116,1.0,892727580904,834287826483.5012,1.0,0.9822537203789488,1287233641728.0,273.0,4.837613869920669,checkpoint-declared,13.0,
gpu,DSV4-Pro/b200_sxm-x37,DeepSeek-V4-Pro-0813,1000000,1,37,array,pipeline,nvlink,4NP,hbm,hbm,batched,59200.0,1600.0,True,1817.5603228011464,1817.5603228011464,0.000550188066638054,weight_read,2301.1876038764744,1.0,892727580904,39666603980.0,1.0,0.015624999999999998,5028256413.0,1014.0,58.88169180790973,checkpoint-declared,36.0,
gpu,DSV4-Pro/b200_sxm-x37,DeepSeek-V4-Pro-0813,1000000,8,37,array,pipeline,nvlink,4NP,hbm,hbm,batched,59200.0,1600.0,True,1243.3996787088556,9947.197429670845,0.0008042466289185457,weight_read,5098.9408452731495,1.0,892727580904,124131495810.51216,1.0,0.11837356497016671,40226051304.0,1014.0,23.032827828085143,checkpoint-declared,36.0,
gpu,DSV4-Pro/b200_sxm-x37,DeepSeek-V4-Pro-0813,1000000,32,37,array,pipeline,nvlink,4NP,hbm,hbm,batched,59200.0,1600.0,True,572.8092666318512,18329.896532219238,0.001745781812993447,weight_read,6817.280378322956,1.0,892727580904,352239449751.31995,1.0,0.3958588540383072,160904205216.0,1014.0,16.339669773991677,checkpoint-declared,36.0,
gpu,DSV4-Pro/b200_sxm-x37,DeepSeek-V4-Pro-0813,1000000,64,37,array,pipeline,nvlink,4NP,hbm,hbm,batched,59200.0,1600.0,True,369.30693046999346,23635.64355007958,0.002707774800563216,weight_read,6997.242551154133,1.0,892727580904,548837516692.9358,1.0,0.6350134757560926,321808410432.0,1014.0,12.729726594609822,checkpoint-declared,36.0,
gpu,DSV4-Pro/b200_sxm-x37,DeepSeek-V4-Pro-0813,1000000,256,37,array,pipeline,nvlink,4NP,hbm,hbm,batched,59200.0,1600.0,True,215.1955399149843,55090.05821823598,0.004646936457860895,weight_read,7170.893473357604,1.0,892727580904,834287826483.5012,1.0,0.9822537203789488,1287233641728.0,1014.0,4.837613869920669,checkpoint-declared,36.0,
gpu,DSV4-Pro/b200_sxm-x38,DeepSeek-V4-Pro-0813,1000000,1,38,array,pipeline,nvlink,4NP,hbm,hbm,batched,60800.0,1600.0,True,1825.3266980194192,1825.3266980194192,0.0005478471339322739,weight_read,2311.0205024907004,1.0,892727580904,39666603980.0,1.0,0.015624999999999998,5028256413.0,1046.0,58.88169180790973,checkpoint-declared,37.0,
gpu,DSV4-Pro/b200_sxm-x38,DeepSeek-V4-Pro-0813,1000000,8,38,array,pipeline,nvlink,4NP,hbm,hbm,batched,60800.0,1600.0,True,1258.8409745652016,10070.727796521613,0.0007943815145875719,weight_read,5162.2626037503815,1.0,892727580904,124131495810.51216,1.0,0.11837356497016671,40226051304.0,1046.0,23.032827828085143,checkpoint-declared,37.0,
gpu,DSV4-Pro/b200_sxm-x38,DeepSeek-V4-Pro-0813,1000000,32,38,array,pipeline,nvlink,4NP,hbm,hbm,batched,60800.0,1600.0,True,586.0314360545136,18753.005953744436,0.0017063931019341738,weight_read,6974.6438174551495,1.0,892727580904,352239449751.31995,1.0,0.3958588540383072,160904205216.0,1046.0,16.339669773991677,checkpoint-declared,37.0,
gpu,DSV4-Pro/b200_sxm-x38,DeepSeek-V4-Pro-0813,1000000,64,38,array,pipeline,nvlink,4NP,hbm,hbm,batched,60800.0,1600.0,True,378.50477996349645,24224.305917663773,0.002641974561315821,weight_read,7171.513810491575,1.0,892727580904,548837516692.9358,1.0,0.6350134757560926,321808410432.0,1046.0,12.729726594609822,checkpoint-declared,37.0,
gpu,DSV4-Pro/b200_sxm-x38,DeepSeek-V4-Pro-0813,1000000,256,38,array,pipeline,nvlink,4NP,hbm,hbm,batched,60800.0,1600.0,True,220.4805977621149,56443.03302710142,0.004535546484135257,weight_read,7347.0057981635855,1.0,892727580904,834287826483.5012,1.0,0.9822537203789488,1287233641728.0,1046.0,4.837613869920669,checkpoint-declared,37.0,
gpu,DSV4-Pro/b200_sxm-x58,DeepSeek-V4-Pro-0813,1000000,1,58,array,pipeline,nvlink,4NP,hbm,hbm,batched,92800.0,1600.0,True,1890.1763059357306,1890.1763059357306,0.0005290511773212344,weight_read,2393.1256805038715,1.0,892727580904,39666603980.0,1.0,0.015624999999999998,5028256413.0,1691.0,58.88169180790973,checkpoint-declared,57.0,
gpu,DSV4-Pro/b200_sxm-x58,DeepSeek-V4-Pro-0813,1000000,8,58,array,pipeline,nvlink,4NP,hbm,hbm,batched,92800.0,1600.0,True,1459.3619415445198,11674.895532356159,0.0006852309708321207,weight_read,5984.56018543081,1.0,892727580904,124131495810.51216,1.0,0.11837356497016671,40226051304.0,1691.0,23.032827828085143,checkpoint-declared,57.0,
gpu,DSV4-Pro/b200_sxm-x58,DeepSeek-V4-Pro-0813,1000000,32,58,array,pipeline,nvlink,4NP,hbm,hbm,batched,92800.0,1600.0,True,807.8892800846296,25852.456962708147,0.0012377933767053402,weight_read,9615.081420318893,1.0,892727580904,352239449751.31995,1.0,0.3958588540383072,160904205216.0,1691.0,16.339669773991677,checkpoint-declared,57.0,
gpu,DSV4-Pro/b200_sxm-x58,DeepSeek-V4-Pro-0813,1000000,64,58,array,pipeline,nvlink,4NP,hbm,hbm,batched,92800.0,1600.0,True,545.6272019178309,34920.14092274118,0.0018327531994099438,weight_read,10337.975161927869,1.0,892727580904,548837516692.9358,1.0,0.6350134757560926,321808410432.0,1691.0,12.729726594609822,checkpoint-declared,57.0,
gpu,DSV4-Pro/b200_sxm-x58,DeepSeek-V4-Pro-0813,1000000,256,58,array,pipeline,nvlink,4NP,hbm,hbm,batched,92800.0,1600.0,True,316.7148641145861,81079.00521333404,0.003157414170615637,weight_read,10553.79006875265,1.0,892727580904,834287826483.5012,1.0,0.9822537203789488,1287233641728.0,1691.0,4.837613869920669,checkpoint-declared,57.0,
