
 /----------------------------------------------------------------------------\
 |  yosys -- Yosys Open SYnthesis Suite                                       |
 |  Copyright (C) 2012 - 2026  Claire Xenia Wolf <claire@yosyshq.com>         |
 |  Distributed under an ISC-like license, type "license" to see terms        |
 \----------------------------------------------------------------------------/
 Yosys 0.68+post (git sha1 UNKNOWN, Release, GNU /usr/local/bin/wrapped-cc/g++ 11.4.0)

-- Executing script file `/work/synth.ys' --

1. Executing Verilog-2005 frontend: /src/rtl/hbm_accel/physical/w2_20261005/ot_hbm_accel_w2_caller_cut.sv
Parsing SystemVerilog input from `/src/rtl/hbm_accel/physical/w2_20261005/ot_hbm_accel_w2_caller_cut.sv' to AST representation.
Generating RTLIL representation for module `\ot_hbm_accel_w2_caller_cut'.
Successfully finished Verilog frontend.

2. Executing Verilog-2005 frontend: /src/rtl/hbm_accel/sm/wavepack_20261005/ot_hbm_accel_w2_pair_request_join.sv
Parsing SystemVerilog input from `/src/rtl/hbm_accel/sm/wavepack_20261005/ot_hbm_accel_w2_pair_request_join.sv' to AST representation.
Generating RTLIL representation for module `\ot_hbm_accel_w2_pair_request_join'.
Successfully finished Verilog frontend.

3. Executing Verilog-2005 frontend: /src/rtl/hbm_accel/sm/wavepack_20261005/ot_hbm_accel_w2_result_join.sv
Parsing SystemVerilog input from `/src/rtl/hbm_accel/sm/wavepack_20261005/ot_hbm_accel_w2_result_join.sv' to AST representation.
Generating RTLIL representation for module `\ot_hbm_accel_w2_result_join'.
Successfully finished Verilog frontend.

4. Executing Verilog-2005 frontend: /src/rtl/hbm_accel/sm/wavepack_20261005/ot_hbm_accel_w2_address_hook.sv
Parsing SystemVerilog input from `/src/rtl/hbm_accel/sm/wavepack_20261005/ot_hbm_accel_w2_address_hook.sv' to AST representation.
Generating RTLIL representation for module `\ot_hbm_accel_w2_address_hook'.
Successfully finished Verilog frontend.

5. Executing HIERARCHY pass (managing design hierarchy).
Parameter \PACK_W2 = 1

6. Executing AST frontend in derive mode using pre-parsed AST for module `\ot_hbm_accel_w2_caller_cut'.
Parameter \PACK_W2 = 1
Generating RTLIL representation for module `$paramod\ot_hbm_accel_w2_caller_cut\PACK_W2=s32'00000000000000000000000000000001'.

6.1. Analyzing design hierarchy..
Top module:  \ot_hbm_accel_w2_caller_cut
Used module:     \ot_hbm_accel_w2_pair_request_join
Used module:     \ot_hbm_accel_w2_result_join
Used module:     \ot_hbm_accel_w2_address_hook
Parameter \ENABLE = 1
Parameter \DQ = 4

6.2. Executing AST frontend in derive mode using pre-parsed AST for module `\ot_hbm_accel_w2_pair_request_join'.
Parameter \ENABLE = 1
Parameter \DQ = 4
Generating RTLIL representation for module `$paramod$4c7565c859946a255ad97344bfaf6407085030e2\ot_hbm_accel_w2_pair_request_join'.
Parameter \ENABLE = 1
Parameter \RW = 12
Parameter \NCTX = 11

6.3. Executing AST frontend in derive mode using pre-parsed AST for module `\ot_hbm_accel_w2_result_join'.
Parameter \ENABLE = 1
Parameter \RW = 12
Parameter \NCTX = 11
Generating RTLIL representation for module `$paramod$3d4c1407a7629deed241ce500058876b04c34f24\ot_hbm_accel_w2_result_join'.
Parameter \ENABLE = 1
Parameter \RW = 12

6.4. Executing AST frontend in derive mode using pre-parsed AST for module `\ot_hbm_accel_w2_address_hook'.
Parameter \ENABLE = 1
Parameter \RW = 12
Generating RTLIL representation for module `$paramod$33f513f9e44d37da8663c2d59fc2ab1a3e5c9c2c\ot_hbm_accel_w2_address_hook'.

6.5. Analyzing design hierarchy..
Top module:  \ot_hbm_accel_w2_caller_cut
Used module:     $paramod$4c7565c859946a255ad97344bfaf6407085030e2\ot_hbm_accel_w2_pair_request_join
Used module:     $paramod$3d4c1407a7629deed241ce500058876b04c34f24\ot_hbm_accel_w2_result_join
Used module:     $paramod$33f513f9e44d37da8663c2d59fc2ab1a3e5c9c2c\ot_hbm_accel_w2_address_hook

6.6. Analyzing design hierarchy..
Top module:  \ot_hbm_accel_w2_caller_cut
Used module:     $paramod$4c7565c859946a255ad97344bfaf6407085030e2\ot_hbm_accel_w2_pair_request_join
Used module:     $paramod$3d4c1407a7629deed241ce500058876b04c34f24\ot_hbm_accel_w2_result_join
Used module:     $paramod$33f513f9e44d37da8663c2d59fc2ab1a3e5c9c2c\ot_hbm_accel_w2_address_hook
Removing unused module `\ot_hbm_accel_w2_address_hook'.
Removing unused module `\ot_hbm_accel_w2_result_join'.
Removing unused module `\ot_hbm_accel_w2_pair_request_join'.
Removing unused module `$paramod\ot_hbm_accel_w2_caller_cut\PACK_W2=s32'00000000000000000000000000000001'.
Removed 4 unused modules.

7. Executing SYNTH pass.

7.1. Executing HIERARCHY pass (managing design hierarchy).

7.1.1. Analyzing design hierarchy..
Top module:  \ot_hbm_accel_w2_caller_cut
Used module:     $paramod$4c7565c859946a255ad97344bfaf6407085030e2\ot_hbm_accel_w2_pair_request_join
Used module:     $paramod$3d4c1407a7629deed241ce500058876b04c34f24\ot_hbm_accel_w2_result_join
Used module:     $paramod$33f513f9e44d37da8663c2d59fc2ab1a3e5c9c2c\ot_hbm_accel_w2_address_hook

7.1.2. Analyzing design hierarchy..
Top module:  \ot_hbm_accel_w2_caller_cut
Used module:     $paramod$4c7565c859946a255ad97344bfaf6407085030e2\ot_hbm_accel_w2_pair_request_join
Used module:     $paramod$3d4c1407a7629deed241ce500058876b04c34f24\ot_hbm_accel_w2_result_join
Used module:     $paramod$33f513f9e44d37da8663c2d59fc2ab1a3e5c9c2c\ot_hbm_accel_w2_address_hook
Removed 0 unused modules.

7.2. Executing PROC pass (convert processes to netlists).

7.2.1. Executing PROC_CLEAN pass (remove empty switches from decision trees).
Cleaned up 0 empty switches.

7.2.2. Executing PROC_RMDEAD pass (remove dead branches from decision trees).
Marked 1 switch rules as full_case in process $proc$/src/rtl/hbm_accel/sm/wavepack_20261005/ot_hbm_accel_w2_result_join.sv:72$221 in module $paramod$3d4c1407a7629deed241ce500058876b04c34f24\ot_hbm_accel_w2_result_join.
Marked 4 switch rules as full_case in process $proc$/src/rtl/hbm_accel/sm/wavepack_20261005/ot_hbm_accel_w2_result_join.sv:55$186 in module $paramod$3d4c1407a7629deed241ce500058876b04c34f24\ot_hbm_accel_w2_result_join.
Marked 1 switch rules as full_case in process $proc$/src/rtl/hbm_accel/sm/wavepack_20261005/ot_hbm_accel_w2_pair_request_join.sv:93$85 in module $paramod$4c7565c859946a255ad97344bfaf6407085030e2\ot_hbm_accel_w2_pair_request_join.
Marked 2 switch rules as full_case in process $proc$/src/rtl/hbm_accel/sm/wavepack_20261005/ot_hbm_accel_w2_pair_request_join.sv:71$63 in module $paramod$4c7565c859946a255ad97344bfaf6407085030e2\ot_hbm_accel_w2_pair_request_join.
Removed a total of 0 dead cases.

7.2.3. Executing PROC_PRUNE pass (remove redundant assignments in processes).
Removed 0 redundant assignments.
Promoted 33 assignments to connections.

7.2.4. Executing PROC_INIT pass (extract init attributes).

7.2.5. Executing PROC_ARST pass (detect async resets in processes).
Found async reset \rst_n in `$paramod$3d4c1407a7629deed241ce500058876b04c34f24\ot_hbm_accel_w2_result_join.$proc$/src/rtl/hbm_accel/sm/wavepack_20261005/ot_hbm_accel_w2_result_join.sv:55$186'.
Found async reset \rst_n in `$paramod$4c7565c859946a255ad97344bfaf6407085030e2\ot_hbm_accel_w2_pair_request_join.$proc$/src/rtl/hbm_accel/sm/wavepack_20261005/ot_hbm_accel_w2_pair_request_join.sv:71$63'.

7.2.6. Executing PROC_ROM pass (convert switches to ROMs).
Converted 0 switches.
<suppressed ~14 debug messages>

7.2.7. Executing PROC_MUX pass (convert decision trees to multiplexers).
Creating decoders for process `$paramod$3d4c1407a7629deed241ce500058876b04c34f24\ot_hbm_accel_w2_result_join.$proc$/src/rtl/hbm_accel/sm/wavepack_20261005/ot_hbm_accel_w2_result_join.sv:72$221'.
     1/13: $1$lookahead\g_restore.qbound$220[10:0]$247
     2/13: $1$bitselwrite$pos$/src/rtl/hbm_accel/sm/wavepack_20261005/ot_hbm_accel_w2_result_join.sv:74$128[3:0]$236
     3/13: $1$lookahead\g_restore.qpair$219[10:0]$246
     4/13: $1$bitselwrite$pos$/src/rtl/hbm_accel/sm/wavepack_20261005/ot_hbm_accel_w2_result_join.sv:74$127[3:0]$235
     5/13: $1$memwr$\g_restore.qrows$/src/rtl/hbm_accel/sm/wavepack_20261005/ot_hbm_accel_w2_result_join.sv:73$131_EN[12:0]$245
     6/13: $1$memwr$\g_restore.qrows$/src/rtl/hbm_accel/sm/wavepack_20261005/ot_hbm_accel_w2_result_join.sv:73$131_DATA[12:0]$244
     7/13: $1$memwr$\g_restore.qrows$/src/rtl/hbm_accel/sm/wavepack_20261005/ot_hbm_accel_w2_result_join.sv:73$131_ADDR[3:0]$243
     8/13: $1$memwr$\g_restore.qb$/src/rtl/hbm_accel/sm/wavepack_20261005/ot_hbm_accel_w2_result_join.sv:73$130_EN[31:0]$242
     9/13: $1$memwr$\g_restore.qb$/src/rtl/hbm_accel/sm/wavepack_20261005/ot_hbm_accel_w2_result_join.sv:73$130_DATA[31:0]$241
    10/13: $1$memwr$\g_restore.qb$/src/rtl/hbm_accel/sm/wavepack_20261005/ot_hbm_accel_w2_result_join.sv:73$130_ADDR[3:0]$240
    11/13: $1$memwr$\g_restore.qa$/src/rtl/hbm_accel/sm/wavepack_20261005/ot_hbm_accel_w2_result_join.sv:73$129_EN[31:0]$239
    12/13: $1$memwr$\g_restore.qa$/src/rtl/hbm_accel/sm/wavepack_20261005/ot_hbm_accel_w2_result_join.sv:73$129_DATA[31:0]$238
    13/13: $1$memwr$\g_restore.qa$/src/rtl/hbm_accel/sm/wavepack_20261005/ot_hbm_accel_w2_result_join.sv:73$129_ADDR[3:0]$237
Creating decoders for process `$paramod$3d4c1407a7629deed241ce500058876b04c34f24\ot_hbm_accel_w2_result_join.$proc$/src/rtl/hbm_accel/sm/wavepack_20261005/ot_hbm_accel_w2_result_join.sv:55$186'.
     1/13: $4$lookahead\g_restore.seen$185[3:0]$211
     2/13: $4$bitselwrite$pos$/src/rtl/hbm_accel/sm/wavepack_20261005/ot_hbm_accel_w2_result_join.sv:68$126[1:0]$210
     3/13: $3$lookahead\g_restore.seen$185[3:0]$208
     4/13: $3$bitselwrite$pos$/src/rtl/hbm_accel/sm/wavepack_20261005/ot_hbm_accel_w2_result_join.sv:68$126[1:0]$207
     5/13: $2$lookahead\g_restore.seen$185[3:0]$203
     6/13: $2$bitselwrite$pos$/src/rtl/hbm_accel/sm/wavepack_20261005/ot_hbm_accel_w2_result_join.sv:68$126[1:0]$202
     7/13: $1$lookahead\g_restore.seen$185[3:0]$191
     8/13: $1$bitselwrite$pos$/src/rtl/hbm_accel/sm/wavepack_20261005/ot_hbm_accel_w2_result_join.sv:68$126[1:0]$190
     9/13: $0\g_restore.failed[0:0]
    10/13: $0\g_restore.next_row[12:0]
    11/13: $0\g_restore.cnt[3:0]
    12/13: $0\g_restore.rp[3:0]
    13/13: $0\g_restore.wp[3:0]
Creating decoders for process `$paramod$4c7565c859946a255ad97344bfaf6407085030e2\ot_hbm_accel_w2_pair_request_join.$proc$/src/rtl/hbm_accel/sm/wavepack_20261005/ot_hbm_accel_w2_pair_request_join.sv:93$85'.
     1/13: $1$lookahead\g_pair.qbound$84[3:0]$111
     2/13: $1$bitselwrite$pos$/src/rtl/hbm_accel/sm/wavepack_20261005/ot_hbm_accel_w2_pair_request_join.sv:95$18[1:0]$100
     3/13: $1$lookahead\g_pair.qpair$83[3:0]$110
     4/13: $1$bitselwrite$pos$/src/rtl/hbm_accel/sm/wavepack_20261005/ot_hbm_accel_w2_pair_request_join.sv:95$17[1:0]$99
     5/13: $1$memwr$\g_pair.qlines$/src/rtl/hbm_accel/sm/wavepack_20261005/ot_hbm_accel_w2_pair_request_join.sv:94$21_EN[23:0]$109
     6/13: $1$memwr$\g_pair.qlines$/src/rtl/hbm_accel/sm/wavepack_20261005/ot_hbm_accel_w2_pair_request_join.sv:94$21_DATA[23:0]$108
     7/13: $1$memwr$\g_pair.qlines$/src/rtl/hbm_accel/sm/wavepack_20261005/ot_hbm_accel_w2_pair_request_join.sv:94$21_ADDR[1:0]$107
     8/13: $1$memwr$\g_pair.qb$/src/rtl/hbm_accel/sm/wavepack_20261005/ot_hbm_accel_w2_pair_request_join.sv:94$20_EN[31:0]$106
     9/13: $1$memwr$\g_pair.qb$/src/rtl/hbm_accel/sm/wavepack_20261005/ot_hbm_accel_w2_pair_request_join.sv:94$20_DATA[31:0]$105
    10/13: $1$memwr$\g_pair.qb$/src/rtl/hbm_accel/sm/wavepack_20261005/ot_hbm_accel_w2_pair_request_join.sv:94$20_ADDR[1:0]$104
    11/13: $1$memwr$\g_pair.qa$/src/rtl/hbm_accel/sm/wavepack_20261005/ot_hbm_accel_w2_pair_request_join.sv:94$19_EN[31:0]$103
    12/13: $1$memwr$\g_pair.qa$/src/rtl/hbm_accel/sm/wavepack_20261005/ot_hbm_accel_w2_pair_request_join.sv:94$19_DATA[31:0]$102
    13/13: $1$memwr$\g_pair.qa$/src/rtl/hbm_accel/sm/wavepack_20261005/ot_hbm_accel_w2_pair_request_join.sv:94$19_ADDR[1:0]$101
Creating decoders for process `$paramod$4c7565c859946a255ad97344bfaf6407085030e2\ot_hbm_accel_w2_pair_request_join.$proc$/src/rtl/hbm_accel/sm/wavepack_20261005/ot_hbm_accel_w2_pair_request_join.sv:71$63'.
     1/11: $0\g_pair.offset[5:0]
     2/11: $0\g_pair.left[23:0]
     3/11: $0\g_pair.b[31:0]
     4/11: $0\g_pair.a[31:0]
     5/11: $0\g_pair.failed[0:0]
     6/11: $0\g_pair.bound[0:0]
     7/11: $0\g_pair.pack[0:0]
     8/11: $0\g_pair.active[0:0]
     9/11: $0\g_pair.cnt[2:0]
    10/11: $0\g_pair.rp[1:0]
    11/11: $0\g_pair.wp[1:0]

7.2.8. Executing PROC_DLATCH pass (convert process syncs to latches).

7.2.9. Executing PROC_DFF pass (convert process syncs to FFs).
Creating register for signal `$paramod$3d4c1407a7629deed241ce500058876b04c34f24\ot_hbm_accel_w2_result_join.\g_restore.qpair' using process `$paramod$3d4c1407a7629deed241ce500058876b04c34f24\ot_hbm_accel_w2_result_join.$proc$/src/rtl/hbm_accel/sm/wavepack_20261005/ot_hbm_accel_w2_result_join.sv:72$221'.
  created $dff cell `$procdff$443' with positive edge clock.
Creating register for signal `$paramod$3d4c1407a7629deed241ce500058876b04c34f24\ot_hbm_accel_w2_result_join.\g_restore.qbound' using process `$paramod$3d4c1407a7629deed241ce500058876b04c34f24\ot_hbm_accel_w2_result_join.$proc$/src/rtl/hbm_accel/sm/wavepack_20261005/ot_hbm_accel_w2_result_join.sv:72$221'.
  created $dff cell `$procdff$444' with positive edge clock.
Creating register for signal `$paramod$3d4c1407a7629deed241ce500058876b04c34f24\ot_hbm_accel_w2_result_join.$bitselwrite$pos$/src/rtl/hbm_accel/sm/wavepack_20261005/ot_hbm_accel_w2_result_join.sv:74$127' using process `$paramod$3d4c1407a7629deed241ce500058876b04c34f24\ot_hbm_accel_w2_result_join.$proc$/src/rtl/hbm_accel/sm/wavepack_20261005/ot_hbm_accel_w2_result_join.sv:72$221'.
  created $dff cell `$procdff$445' with positive edge clock.
Creating register for signal `$paramod$3d4c1407a7629deed241ce500058876b04c34f24\ot_hbm_accel_w2_result_join.$bitselwrite$pos$/src/rtl/hbm_accel/sm/wavepack_20261005/ot_hbm_accel_w2_result_join.sv:74$128' using process `$paramod$3d4c1407a7629deed241ce500058876b04c34f24\ot_hbm_accel_w2_result_join.$proc$/src/rtl/hbm_accel/sm/wavepack_20261005/ot_hbm_accel_w2_result_join.sv:72$221'.
  created $dff cell `$procdff$446' with positive edge clock.
Creating register for signal `$paramod$3d4c1407a7629deed241ce500058876b04c34f24\ot_hbm_accel_w2_result_join.$memwr$\g_restore.qa$/src/rtl/hbm_accel/sm/wavepack_20261005/ot_hbm_accel_w2_result_join.sv:73$129_ADDR' using process `$paramod$3d4c1407a7629deed241ce500058876b04c34f24\ot_hbm_accel_w2_result_join.$proc$/src/rtl/hbm_accel/sm/wavepack_20261005/ot_hbm_accel_w2_result_join.sv:72$221'.
  created $dff cell `$procdff$447' with positive edge clock.
Creating register for signal `$paramod$3d4c1407a7629deed241ce500058876b04c34f24\ot_hbm_accel_w2_result_join.$memwr$\g_restore.qa$/src/rtl/hbm_accel/sm/wavepack_20261005/ot_hbm_accel_w2_result_join.sv:73$129_DATA' using process `$paramod$3d4c1407a7629deed241ce500058876b04c34f24\ot_hbm_accel_w2_result_join.$proc$/src/rtl/hbm_accel/sm/wavepack_20261005/ot_hbm_accel_w2_result_join.sv:72$221'.
  created $dff cell `$procdff$448' with positive edge clock.
Creating register for signal `$paramod$3d4c1407a7629deed241ce500058876b04c34f24\ot_hbm_accel_w2_result_join.$memwr$\g_restore.qa$/src/rtl/hbm_accel/sm/wavepack_20261005/ot_hbm_accel_w2_result_join.sv:73$129_EN' using process `$paramod$3d4c1407a7629deed241ce500058876b04c34f24\ot_hbm_accel_w2_result_join.$proc$/src/rtl/hbm_accel/sm/wavepack_20261005/ot_hbm_accel_w2_result_join.sv:72$221'.
  created $dff cell `$procdff$449' with positive edge clock.
Creating register for signal `$paramod$3d4c1407a7629deed241ce500058876b04c34f24\ot_hbm_accel_w2_result_join.$memwr$\g_restore.qb$/src/rtl/hbm_accel/sm/wavepack_20261005/ot_hbm_accel_w2_result_join.sv:73$130_ADDR' using process `$paramod$3d4c1407a7629deed241ce500058876b04c34f24\ot_hbm_accel_w2_result_join.$proc$/src/rtl/hbm_accel/sm/wavepack_20261005/ot_hbm_accel_w2_result_join.sv:72$221'.
  created $dff cell `$procdff$450' with positive edge clock.
Creating register for signal `$paramod$3d4c1407a7629deed241ce500058876b04c34f24\ot_hbm_accel_w2_result_join.$memwr$\g_restore.qb$/src/rtl/hbm_accel/sm/wavepack_20261005/ot_hbm_accel_w2_result_join.sv:73$130_DATA' using process `$paramod$3d4c1407a7629deed241ce500058876b04c34f24\ot_hbm_accel_w2_result_join.$proc$/src/rtl/hbm_accel/sm/wavepack_20261005/ot_hbm_accel_w2_result_join.sv:72$221'.
  created $dff cell `$procdff$451' with positive edge clock.
Creating register for signal `$paramod$3d4c1407a7629deed241ce500058876b04c34f24\ot_hbm_accel_w2_result_join.$memwr$\g_restore.qb$/src/rtl/hbm_accel/sm/wavepack_20261005/ot_hbm_accel_w2_result_join.sv:73$130_EN' using process `$paramod$3d4c1407a7629deed241ce500058876b04c34f24\ot_hbm_accel_w2_result_join.$proc$/src/rtl/hbm_accel/sm/wavepack_20261005/ot_hbm_accel_w2_result_join.sv:72$221'.
  created $dff cell `$procdff$452' with positive edge clock.
Creating register for signal `$paramod$3d4c1407a7629deed241ce500058876b04c34f24\ot_hbm_accel_w2_result_join.$memwr$\g_restore.qrows$/src/rtl/hbm_accel/sm/wavepack_20261005/ot_hbm_accel_w2_result_join.sv:73$131_ADDR' using process `$paramod$3d4c1407a7629deed241ce500058876b04c34f24\ot_hbm_accel_w2_result_join.$proc$/src/rtl/hbm_accel/sm/wavepack_20261005/ot_hbm_accel_w2_result_join.sv:72$221'.
  created $dff cell `$procdff$453' with positive edge clock.
Creating register for signal `$paramod$3d4c1407a7629deed241ce500058876b04c34f24\ot_hbm_accel_w2_result_join.$memwr$\g_restore.qrows$/src/rtl/hbm_accel/sm/wavepack_20261005/ot_hbm_accel_w2_result_join.sv:73$131_DATA' using process `$paramod$3d4c1407a7629deed241ce500058876b04c34f24\ot_hbm_accel_w2_result_join.$proc$/src/rtl/hbm_accel/sm/wavepack_20261005/ot_hbm_accel_w2_result_join.sv:72$221'.
  created $dff cell `$procdff$454' with positive edge clock.
Creating register for signal `$paramod$3d4c1407a7629deed241ce500058876b04c34f24\ot_hbm_accel_w2_result_join.$memwr$\g_restore.qrows$/src/rtl/hbm_accel/sm/wavepack_20261005/ot_hbm_accel_w2_result_join.sv:73$131_EN' using process `$paramod$3d4c1407a7629deed241ce500058876b04c34f24\ot_hbm_accel_w2_result_join.$proc$/src/rtl/hbm_accel/sm/wavepack_20261005/ot_hbm_accel_w2_result_join.sv:72$221'.
  created $dff cell `$procdff$455' with positive edge clock.
Creating register for signal `$paramod$3d4c1407a7629deed241ce500058876b04c34f24\ot_hbm_accel_w2_result_join.$lookahead\g_restore.qpair$219' using process `$paramod$3d4c1407a7629deed241ce500058876b04c34f24\ot_hbm_accel_w2_result_join.$proc$/src/rtl/hbm_accel/sm/wavepack_20261005/ot_hbm_accel_w2_result_join.sv:72$221'.
  created $dff cell `$procdff$456' with positive edge clock.
Creating register for signal `$paramod$3d4c1407a7629deed241ce500058876b04c34f24\ot_hbm_accel_w2_result_join.$lookahead\g_restore.qbound$220' using process `$paramod$3d4c1407a7629deed241ce500058876b04c34f24\ot_hbm_accel_w2_result_join.$proc$/src/rtl/hbm_accel/sm/wavepack_20261005/ot_hbm_accel_w2_result_join.sv:72$221'.
  created $dff cell `$procdff$457' with positive edge clock.
Creating register for signal `$paramod$3d4c1407a7629deed241ce500058876b04c34f24\ot_hbm_accel_w2_result_join.\g_restore.wp' using process `$paramod$3d4c1407a7629deed241ce500058876b04c34f24\ot_hbm_accel_w2_result_join.$proc$/src/rtl/hbm_accel/sm/wavepack_20261005/ot_hbm_accel_w2_result_join.sv:55$186'.
  created $adff cell `$procdff$462' with positive edge clock and positive level reset.
Creating register for signal `$paramod$3d4c1407a7629deed241ce500058876b04c34f24\ot_hbm_accel_w2_result_join.\g_restore.rp' using process `$paramod$3d4c1407a7629deed241ce500058876b04c34f24\ot_hbm_accel_w2_result_join.$proc$/src/rtl/hbm_accel/sm/wavepack_20261005/ot_hbm_accel_w2_result_join.sv:55$186'.
  created $adff cell `$procdff$467' with positive edge clock and positive level reset.
Creating register for signal `$paramod$3d4c1407a7629deed241ce500058876b04c34f24\ot_hbm_accel_w2_result_join.\g_restore.cnt' using process `$paramod$3d4c1407a7629deed241ce500058876b04c34f24\ot_hbm_accel_w2_result_join.$proc$/src/rtl/hbm_accel/sm/wavepack_20261005/ot_hbm_accel_w2_result_join.sv:55$186'.
  created $adff cell `$procdff$472' with positive edge clock and positive level reset.
Creating register for signal `$paramod$3d4c1407a7629deed241ce500058876b04c34f24\ot_hbm_accel_w2_result_join.\g_restore.next_row' using process `$paramod$3d4c1407a7629deed241ce500058876b04c34f24\ot_hbm_accel_w2_result_join.$proc$/src/rtl/hbm_accel/sm/wavepack_20261005/ot_hbm_accel_w2_result_join.sv:55$186'.
  created $adff cell `$procdff$477' with positive edge clock and positive level reset.
Creating register for signal `$paramod$3d4c1407a7629deed241ce500058876b04c34f24\ot_hbm_accel_w2_result_join.\g_restore.seen' using process `$paramod$3d4c1407a7629deed241ce500058876b04c34f24\ot_hbm_accel_w2_result_join.$proc$/src/rtl/hbm_accel/sm/wavepack_20261005/ot_hbm_accel_w2_result_join.sv:55$186'.
  created $adff cell `$procdff$482' with positive edge clock and positive level reset.
Creating register for signal `$paramod$3d4c1407a7629deed241ce500058876b04c34f24\ot_hbm_accel_w2_result_join.\g_restore.failed' using process `$paramod$3d4c1407a7629deed241ce500058876b04c34f24\ot_hbm_accel_w2_result_join.$proc$/src/rtl/hbm_accel/sm/wavepack_20261005/ot_hbm_accel_w2_result_join.sv:55$186'.
  created $adff cell `$procdff$487' with positive edge clock and positive level reset.
Creating register for signal `$paramod$3d4c1407a7629deed241ce500058876b04c34f24\ot_hbm_accel_w2_result_join.$bitselwrite$pos$/src/rtl/hbm_accel/sm/wavepack_20261005/ot_hbm_accel_w2_result_join.sv:68$126' using process `$paramod$3d4c1407a7629deed241ce500058876b04c34f24\ot_hbm_accel_w2_result_join.$proc$/src/rtl/hbm_accel/sm/wavepack_20261005/ot_hbm_accel_w2_result_join.sv:55$186'.
  created $adff cell `$procdff$492' with positive edge clock and positive level reset.
Creating register for signal `$paramod$3d4c1407a7629deed241ce500058876b04c34f24\ot_hbm_accel_w2_result_join.$lookahead\g_restore.seen$185' using process `$paramod$3d4c1407a7629deed241ce500058876b04c34f24\ot_hbm_accel_w2_result_join.$proc$/src/rtl/hbm_accel/sm/wavepack_20261005/ot_hbm_accel_w2_result_join.sv:55$186'.
  created $adff cell `$procdff$497' with positive edge clock and positive level reset.
Creating register for signal `$paramod$4c7565c859946a255ad97344bfaf6407085030e2\ot_hbm_accel_w2_pair_request_join.\g_pair.qpair' using process `$paramod$4c7565c859946a255ad97344bfaf6407085030e2\ot_hbm_accel_w2_pair_request_join.$proc$/src/rtl/hbm_accel/sm/wavepack_20261005/ot_hbm_accel_w2_pair_request_join.sv:93$85'.
  created $dff cell `$procdff$498' with positive edge clock.
Creating register for signal `$paramod$4c7565c859946a255ad97344bfaf6407085030e2\ot_hbm_accel_w2_pair_request_join.\g_pair.qbound' using process `$paramod$4c7565c859946a255ad97344bfaf6407085030e2\ot_hbm_accel_w2_pair_request_join.$proc$/src/rtl/hbm_accel/sm/wavepack_20261005/ot_hbm_accel_w2_pair_request_join.sv:93$85'.
  created $dff cell `$procdff$499' with positive edge clock.
Creating register for signal `$paramod$4c7565c859946a255ad97344bfaf6407085030e2\ot_hbm_accel_w2_pair_request_join.$bitselwrite$pos$/src/rtl/hbm_accel/sm/wavepack_20261005/ot_hbm_accel_w2_pair_request_join.sv:95$17' using process `$paramod$4c7565c859946a255ad97344bfaf6407085030e2\ot_hbm_accel_w2_pair_request_join.$proc$/src/rtl/hbm_accel/sm/wavepack_20261005/ot_hbm_accel_w2_pair_request_join.sv:93$85'.
  created $dff cell `$procdff$500' with positive edge clock.
Creating register for signal `$paramod$4c7565c859946a255ad97344bfaf6407085030e2\ot_hbm_accel_w2_pair_request_join.$bitselwrite$pos$/src/rtl/hbm_accel/sm/wavepack_20261005/ot_hbm_accel_w2_pair_request_join.sv:95$18' using process `$paramod$4c7565c859946a255ad97344bfaf6407085030e2\ot_hbm_accel_w2_pair_request_join.$proc$/src/rtl/hbm_accel/sm/wavepack_20261005/ot_hbm_accel_w2_pair_request_join.sv:93$85'.
  created $dff cell `$procdff$501' with positive edge clock.
Creating register for signal `$paramod$4c7565c859946a255ad97344bfaf6407085030e2\ot_hbm_accel_w2_pair_request_join.$memwr$\g_pair.qa$/src/rtl/hbm_accel/sm/wavepack_20261005/ot_hbm_accel_w2_pair_request_join.sv:94$19_ADDR' using process `$paramod$4c7565c859946a255ad97344bfaf6407085030e2\ot_hbm_accel_w2_pair_request_join.$proc$/src/rtl/hbm_accel/sm/wavepack_20261005/ot_hbm_accel_w2_pair_request_join.sv:93$85'.
  created $dff cell `$procdff$502' with positive edge clock.
Creating register for signal `$paramod$4c7565c859946a255ad97344bfaf6407085030e2\ot_hbm_accel_w2_pair_request_join.$memwr$\g_pair.qa$/src/rtl/hbm_accel/sm/wavepack_20261005/ot_hbm_accel_w2_pair_request_join.sv:94$19_DATA' using process `$paramod$4c7565c859946a255ad97344bfaf6407085030e2\ot_hbm_accel_w2_pair_request_join.$proc$/src/rtl/hbm_accel/sm/wavepack_20261005/ot_hbm_accel_w2_pair_request_join.sv:93$85'.
  created $dff cell `$procdff$503' with positive edge clock.
Creating register for signal `$paramod$4c7565c859946a255ad97344bfaf6407085030e2\ot_hbm_accel_w2_pair_request_join.$memwr$\g_pair.qa$/src/rtl/hbm_accel/sm/wavepack_20261005/ot_hbm_accel_w2_pair_request_join.sv:94$19_EN' using process `$paramod$4c7565c859946a255ad97344bfaf6407085030e2\ot_hbm_accel_w2_pair_request_join.$proc$/src/rtl/hbm_accel/sm/wavepack_20261005/ot_hbm_accel_w2_pair_request_join.sv:93$85'.
  created $dff cell `$procdff$504' with positive edge clock.
Creating register for signal `$paramod$4c7565c859946a255ad97344bfaf6407085030e2\ot_hbm_accel_w2_pair_request_join.$memwr$\g_pair.qb$/src/rtl/hbm_accel/sm/wavepack_20261005/ot_hbm_accel_w2_pair_request_join.sv:94$20_ADDR' using process `$paramod$4c7565c859946a255ad97344bfaf6407085030e2\ot_hbm_accel_w2_pair_request_join.$proc$/src/rtl/hbm_accel/sm/wavepack_20261005/ot_hbm_accel_w2_pair_request_join.sv:93$85'.
  created $dff cell `$procdff$505' with positive edge clock.
Creating register for signal `$paramod$4c7565c859946a255ad97344bfaf6407085030e2\ot_hbm_accel_w2_pair_request_join.$memwr$\g_pair.qb$/src/rtl/hbm_accel/sm/wavepack_20261005/ot_hbm_accel_w2_pair_request_join.sv:94$20_DATA' using process `$paramod$4c7565c859946a255ad97344bfaf6407085030e2\ot_hbm_accel_w2_pair_request_join.$proc$/src/rtl/hbm_accel/sm/wavepack_20261005/ot_hbm_accel_w2_pair_request_join.sv:93$85'.
  created $dff cell `$procdff$506' with positive edge clock.
Creating register for signal `$paramod$4c7565c859946a255ad97344bfaf6407085030e2\ot_hbm_accel_w2_pair_request_join.$memwr$\g_pair.qb$/src/rtl/hbm_accel/sm/wavepack_20261005/ot_hbm_accel_w2_pair_request_join.sv:94$20_EN' using process `$paramod$4c7565c859946a255ad97344bfaf6407085030e2\ot_hbm_accel_w2_pair_request_join.$proc$/src/rtl/hbm_accel/sm/wavepack_20261005/ot_hbm_accel_w2_pair_request_join.sv:93$85'.
  created $dff cell `$procdff$507' with positive edge clock.
Creating register for signal `$paramod$4c7565c859946a255ad97344bfaf6407085030e2\ot_hbm_accel_w2_pair_request_join.$memwr$\g_pair.qlines$/src/rtl/hbm_accel/sm/wavepack_20261005/ot_hbm_accel_w2_pair_request_join.sv:94$21_ADDR' using process `$paramod$4c7565c859946a255ad97344bfaf6407085030e2\ot_hbm_accel_w2_pair_request_join.$proc$/src/rtl/hbm_accel/sm/wavepack_20261005/ot_hbm_accel_w2_pair_request_join.sv:93$85'.
  created $dff cell `$procdff$508' with positive edge clock.
Creating register for signal `$paramod$4c7565c859946a255ad97344bfaf6407085030e2\ot_hbm_accel_w2_pair_request_join.$memwr$\g_pair.qlines$/src/rtl/hbm_accel/sm/wavepack_20261005/ot_hbm_accel_w2_pair_request_join.sv:94$21_DATA' using process `$paramod$4c7565c859946a255ad97344bfaf6407085030e2\ot_hbm_accel_w2_pair_request_join.$proc$/src/rtl/hbm_accel/sm/wavepack_20261005/ot_hbm_accel_w2_pair_request_join.sv:93$85'.
  created $dff cell `$procdff$509' with positive edge clock.
Creating register for signal `$paramod$4c7565c859946a255ad97344bfaf6407085030e2\ot_hbm_accel_w2_pair_request_join.$memwr$\g_pair.qlines$/src/rtl/hbm_accel/sm/wavepack_20261005/ot_hbm_accel_w2_pair_request_join.sv:94$21_EN' using process `$paramod$4c7565c859946a255ad97344bfaf6407085030e2\ot_hbm_accel_w2_pair_request_join.$proc$/src/rtl/hbm_accel/sm/wavepack_20261005/ot_hbm_accel_w2_pair_request_join.sv:93$85'.
  created $dff cell `$procdff$510' with positive edge clock.
Creating register for signal `$paramod$4c7565c859946a255ad97344bfaf6407085030e2\ot_hbm_accel_w2_pair_request_join.$lookahead\g_pair.qpair$83' using process `$paramod$4c7565c859946a255ad97344bfaf6407085030e2\ot_hbm_accel_w2_pair_request_join.$proc$/src/rtl/hbm_accel/sm/wavepack_20261005/ot_hbm_accel_w2_pair_request_join.sv:93$85'.
  created $dff cell `$procdff$511' with positive edge clock.
Creating register for signal `$paramod$4c7565c859946a255ad97344bfaf6407085030e2\ot_hbm_accel_w2_pair_request_join.$lookahead\g_pair.qbound$84' using process `$paramod$4c7565c859946a255ad97344bfaf6407085030e2\ot_hbm_accel_w2_pair_request_join.$proc$/src/rtl/hbm_accel/sm/wavepack_20261005/ot_hbm_accel_w2_pair_request_join.sv:93$85'.
  created $dff cell `$procdff$512' with positive edge clock.
Creating register for signal `$paramod$4c7565c859946a255ad97344bfaf6407085030e2\ot_hbm_accel_w2_pair_request_join.\g_pair.wp' using process `$paramod$4c7565c859946a255ad97344bfaf6407085030e2\ot_hbm_accel_w2_pair_request_join.$proc$/src/rtl/hbm_accel/sm/wavepack_20261005/ot_hbm_accel_w2_pair_request_join.sv:71$63'.
  created $adff cell `$procdff$517' with positive edge clock and positive level reset.
Creating register for signal `$paramod$4c7565c859946a255ad97344bfaf6407085030e2\ot_hbm_accel_w2_pair_request_join.\g_pair.rp' using process `$paramod$4c7565c859946a255ad97344bfaf6407085030e2\ot_hbm_accel_w2_pair_request_join.$proc$/src/rtl/hbm_accel/sm/wavepack_20261005/ot_hbm_accel_w2_pair_request_join.sv:71$63'.
  created $adff cell `$procdff$522' with positive edge clock and positive level reset.
Creating register for signal `$paramod$4c7565c859946a255ad97344bfaf6407085030e2\ot_hbm_accel_w2_pair_request_join.\g_pair.cnt' using process `$paramod$4c7565c859946a255ad97344bfaf6407085030e2\ot_hbm_accel_w2_pair_request_join.$proc$/src/rtl/hbm_accel/sm/wavepack_20261005/ot_hbm_accel_w2_pair_request_join.sv:71$63'.
  created $adff cell `$procdff$527' with positive edge clock and positive level reset.
Creating register for signal `$paramod$4c7565c859946a255ad97344bfaf6407085030e2\ot_hbm_accel_w2_pair_request_join.\g_pair.active' using process `$paramod$4c7565c859946a255ad97344bfaf6407085030e2\ot_hbm_accel_w2_pair_request_join.$proc$/src/rtl/hbm_accel/sm/wavepack_20261005/ot_hbm_accel_w2_pair_request_join.sv:71$63'.
  created $adff cell `$procdff$532' with positive edge clock and positive level reset.
Creating register for signal `$paramod$4c7565c859946a255ad97344bfaf6407085030e2\ot_hbm_accel_w2_pair_request_join.\g_pair.pack' using process `$paramod$4c7565c859946a255ad97344bfaf6407085030e2\ot_hbm_accel_w2_pair_request_join.$proc$/src/rtl/hbm_accel/sm/wavepack_20261005/ot_hbm_accel_w2_pair_request_join.sv:71$63'.
  created $adff cell `$procdff$537' with positive edge clock and positive level reset.
Creating register for signal `$paramod$4c7565c859946a255ad97344bfaf6407085030e2\ot_hbm_accel_w2_pair_request_join.\g_pair.bound' using process `$paramod$4c7565c859946a255ad97344bfaf6407085030e2\ot_hbm_accel_w2_pair_request_join.$proc$/src/rtl/hbm_accel/sm/wavepack_20261005/ot_hbm_accel_w2_pair_request_join.sv:71$63'.
  created $adff cell `$procdff$542' with positive edge clock and positive level reset.
Creating register for signal `$paramod$4c7565c859946a255ad97344bfaf6407085030e2\ot_hbm_accel_w2_pair_request_join.\g_pair.failed' using process `$paramod$4c7565c859946a255ad97344bfaf6407085030e2\ot_hbm_accel_w2_pair_request_join.$proc$/src/rtl/hbm_accel/sm/wavepack_20261005/ot_hbm_accel_w2_pair_request_join.sv:71$63'.
  created $adff cell `$procdff$547' with positive edge clock and positive level reset.
Creating register for signal `$paramod$4c7565c859946a255ad97344bfaf6407085030e2\ot_hbm_accel_w2_pair_request_join.\g_pair.a' using process `$paramod$4c7565c859946a255ad97344bfaf6407085030e2\ot_hbm_accel_w2_pair_request_join.$proc$/src/rtl/hbm_accel/sm/wavepack_20261005/ot_hbm_accel_w2_pair_request_join.sv:71$63'.
  created $adff cell `$procdff$552' with positive edge clock and positive level reset.
Creating register for signal `$paramod$4c7565c859946a255ad97344bfaf6407085030e2\ot_hbm_accel_w2_pair_request_join.\g_pair.b' using process `$paramod$4c7565c859946a255ad97344bfaf6407085030e2\ot_hbm_accel_w2_pair_request_join.$proc$/src/rtl/hbm_accel/sm/wavepack_20261005/ot_hbm_accel_w2_pair_request_join.sv:71$63'.
  created $adff cell `$procdff$557' with positive edge clock and positive level reset.
Creating register for signal `$paramod$4c7565c859946a255ad97344bfaf6407085030e2\ot_hbm_accel_w2_pair_request_join.\g_pair.left' using process `$paramod$4c7565c859946a255ad97344bfaf6407085030e2\ot_hbm_accel_w2_pair_request_join.$proc$/src/rtl/hbm_accel/sm/wavepack_20261005/ot_hbm_accel_w2_pair_request_join.sv:71$63'.
  created $adff cell `$procdff$562' with positive edge clock and positive level reset.
Creating register for signal `$paramod$4c7565c859946a255ad97344bfaf6407085030e2\ot_hbm_accel_w2_pair_request_join.\g_pair.offset' using process `$paramod$4c7565c859946a255ad97344bfaf6407085030e2\ot_hbm_accel_w2_pair_request_join.$proc$/src/rtl/hbm_accel/sm/wavepack_20261005/ot_hbm_accel_w2_pair_request_join.sv:71$63'.
  created $adff cell `$procdff$567' with positive edge clock and positive level reset.

7.2.10. Executing PROC_MEMWR pass (convert process memory writes to cells).

7.2.11. Executing PROC_CLEAN pass (remove empty switches from decision trees).
Found and cleaned up 1 empty switch in `$paramod$3d4c1407a7629deed241ce500058876b04c34f24\ot_hbm_accel_w2_result_join.$proc$/src/rtl/hbm_accel/sm/wavepack_20261005/ot_hbm_accel_w2_result_join.sv:72$221'.
Removing empty process `$paramod$3d4c1407a7629deed241ce500058876b04c34f24\ot_hbm_accel_w2_result_join.$proc$/src/rtl/hbm_accel/sm/wavepack_20261005/ot_hbm_accel_w2_result_join.sv:72$221'.
Found and cleaned up 6 empty switches in `$paramod$3d4c1407a7629deed241ce500058876b04c34f24\ot_hbm_accel_w2_result_join.$proc$/src/rtl/hbm_accel/sm/wavepack_20261005/ot_hbm_accel_w2_result_join.sv:55$186'.
Removing empty process `$paramod$3d4c1407a7629deed241ce500058876b04c34f24\ot_hbm_accel_w2_result_join.$proc$/src/rtl/hbm_accel/sm/wavepack_20261005/ot_hbm_accel_w2_result_join.sv:55$186'.
Found and cleaned up 1 empty switch in `$paramod$4c7565c859946a255ad97344bfaf6407085030e2\ot_hbm_accel_w2_pair_request_join.$proc$/src/rtl/hbm_accel/sm/wavepack_20261005/ot_hbm_accel_w2_pair_request_join.sv:93$85'.
Removing empty process `$paramod$4c7565c859946a255ad97344bfaf6407085030e2\ot_hbm_accel_w2_pair_request_join.$proc$/src/rtl/hbm_accel/sm/wavepack_20261005/ot_hbm_accel_w2_pair_request_join.sv:93$85'.
Found and cleaned up 6 empty switches in `$paramod$4c7565c859946a255ad97344bfaf6407085030e2\ot_hbm_accel_w2_pair_request_join.$proc$/src/rtl/hbm_accel/sm/wavepack_20261005/ot_hbm_accel_w2_pair_request_join.sv:71$63'.
Removing empty process `$paramod$4c7565c859946a255ad97344bfaf6407085030e2\ot_hbm_accel_w2_pair_request_join.$proc$/src/rtl/hbm_accel/sm/wavepack_20261005/ot_hbm_accel_w2_pair_request_join.sv:71$63'.
Cleaned up 14 empty switches.

7.2.12. Executing OPT_EXPR pass (perform const folding).
Optimizing module $paramod$33f513f9e44d37da8663c2d59fc2ab1a3e5c9c2c\ot_hbm_accel_w2_address_hook.
Optimizing module $paramod$3d4c1407a7629deed241ce500058876b04c34f24\ot_hbm_accel_w2_result_join.
<suppressed ~18 debug messages>
Optimizing module $paramod$4c7565c859946a255ad97344bfaf6407085030e2\ot_hbm_accel_w2_pair_request_join.
<suppressed ~24 debug messages>
Optimizing module ot_hbm_accel_w2_caller_cut.

7.3. Executing CHECK pass (checking for obvious problems).
Checking module $paramod$33f513f9e44d37da8663c2d59fc2ab1a3e5c9c2c\ot_hbm_accel_w2_address_hook...
Checking module $paramod$3d4c1407a7629deed241ce500058876b04c34f24\ot_hbm_accel_w2_result_join...
Checking module $paramod$4c7565c859946a255ad97344bfaf6407085030e2\ot_hbm_accel_w2_pair_request_join...
Checking module ot_hbm_accel_w2_caller_cut...
Found and reported 0 problems.

7.4. Executing FLATTEN pass (flatten design).
Deleting now unused module $paramod$33f513f9e44d37da8663c2d59fc2ab1a3e5c9c2c\ot_hbm_accel_w2_address_hook.
Deleting now unused module $paramod$3d4c1407a7629deed241ce500058876b04c34f24\ot_hbm_accel_w2_result_join.
Deleting now unused module $paramod$4c7565c859946a255ad97344bfaf6407085030e2\ot_hbm_accel_w2_pair_request_join.
<suppressed ~3 debug messages>

7.5. Executing OPT_EXPR pass (perform const folding).
Optimizing module ot_hbm_accel_w2_caller_cut.

7.6. Executing OPT_CLEAN pass (remove unused cells and wires).
Finding unused cells or wires in module \ot_hbm_accel_w2_caller_cut..
Removed 59 unused cells and 251 unused wires.
<suppressed ~61 debug messages>

7.7. Executing CHECK pass (checking for obvious problems).
Checking module ot_hbm_accel_w2_caller_cut...
Found and reported 0 problems.

7.8. Executing OPT pass (performing simple optimizations).

7.8.1. Executing OPT_EXPR pass (perform const folding).
Optimizing module ot_hbm_accel_w2_caller_cut.

7.8.2. Executing OPT_MERGE pass (detect identical cells).
Finding identical cells in module `\ot_hbm_accel_w2_caller_cut'.
Computing hashes of 257 cells of `\ot_hbm_accel_w2_caller_cut'.
Finding duplicate cells in `\ot_hbm_accel_w2_caller_cut'.
Computing hashes of 240 cells of `\ot_hbm_accel_w2_caller_cut'.
Finding duplicate cells in `\ot_hbm_accel_w2_caller_cut'.
Computing hashes of 235 cells of `\ot_hbm_accel_w2_caller_cut'.
Finding duplicate cells in `\ot_hbm_accel_w2_caller_cut'.
Computing hashes of 233 cells of `\ot_hbm_accel_w2_caller_cut'.
Finding duplicate cells in `\ot_hbm_accel_w2_caller_cut'.
<suppressed ~72 debug messages>
Removed a total of 24 cells.

7.8.3. Executing OPT_MUXTREE pass (detect dead branches in mux trees).
Running muxtree optimizer on module \ot_hbm_accel_w2_caller_cut..
  Creating internal representation of mux trees.
  Evaluating internal representation of mux trees.
  Analyzing evaluation results.
    dead port 2/2 on $mux $flatten\u_results.$procmux$317.
    dead port 1/2 on $mux $flatten\u_results.$procmux$320.
    dead port 1/2 on $mux $flatten\u_results.$procmux$335.
Removed 3 multiplexer ports.
<suppressed ~101 debug messages>

7.8.4. Executing OPT_REDUCE pass (consolidate $*mux and $reduce_* inputs).
  Optimizing cells in module \ot_hbm_accel_w2_caller_cut.
    Consolidated identical input bits for $mux cell $flatten\u_requests.$procmux$378:
      Old ports: A=24'000000000000000000000000, B=24'111111111111111111111111, Y=$flatten\u_requests.$0$memwr$\g_pair.qlines$/src/rtl/hbm_accel/sm/wavepack_20261005/ot_hbm_accel_w2_pair_request_join.sv:94$21_EN[23:0]$96
      New ports: A=1'0, B=1'1, Y=$flatten\u_requests.$0$memwr$\g_pair.qlines$/src/rtl/hbm_accel/sm/wavepack_20261005/ot_hbm_accel_w2_pair_request_join.sv:94$21_EN[23:0]$96 [0]
      New connections: $flatten\u_requests.$0$memwr$\g_pair.qlines$/src/rtl/hbm_accel/sm/wavepack_20261005/ot_hbm_accel_w2_pair_request_join.sv:94$21_EN[23:0]$96 [23:1] = { $flatten\u_requests.$0$memwr$\g_pair.qlines$/src/rtl/hbm_accel/sm/wavepack_20261005/ot_hbm_accel_w2_pair_request_join.sv:94$21_EN[23:0]$96 [0] $flatten\u_requests.$0$memwr$\g_pair.qlines$/src/rtl/hbm_accel/sm/wavepack_20261005/ot_hbm_accel_w2_pair_request_join.sv:94$21_EN[23:0]$96 [0] $flatten\u_requests.$0$memwr$\g_pair.qlines$/src/rtl/hbm_accel/sm/wavepack_20261005/ot_hbm_accel_w2_pair_request_join.sv:94$21_EN[23:0]$96 [0] $flatten\u_requests.$0$memwr$\g_pair.qlines$/src/rtl/hbm_accel/sm/wavepack_20261005/ot_hbm_accel_w2_pair_request_join.sv:94$21_EN[23:0]$96 [0] $flatten\u_requests.$0$memwr$\g_pair.qlines$/src/rtl/hbm_accel/sm/wavepack_20261005/ot_hbm_accel_w2_pair_request_join.sv:94$21_EN[23:0]$96 [0] $flatten\u_requests.$0$memwr$\g_pair.qlines$/src/rtl/hbm_accel/sm/wavepack_20261005/ot_hbm_accel_w2_pair_request_join.sv:94$21_EN[23:0]$96 [0] $flatten\u_requests.$0$memwr$\g_pair.qlines$/src/rtl/hbm_accel/sm/wavepack_20261005/ot_hbm_accel_w2_pair_request_join.sv:94$21_EN[23:0]$96 [0] $flatten\u_requests.$0$memwr$\g_pair.qlines$/src/rtl/hbm_accel/sm/wavepack_20261005/ot_hbm_accel_w2_pair_request_join.sv:94$21_EN[23:0]$96 [0] $flatten\u_requests.$0$memwr$\g_pair.qlines$/src/rtl/hbm_accel/sm/wavepack_20261005/ot_hbm_accel_w2_pair_request_join.sv:94$21_EN[23:0]$96 [0] $flatten\u_requests.$0$memwr$\g_pair.qlines$/src/rtl/hbm_accel/sm/wavepack_20261005/ot_hbm_accel_w2_pair_request_join.sv:94$21_EN[23:0]$96 [0] $flatten\u_requests.$0$memwr$\g_pair.qlines$/src/rtl/hbm_accel/sm/wavepack_20261005/ot_hbm_accel_w2_pair_request_join.sv:94$21_EN[23:0]$96 [0] $flatten\u_requests.$0$memwr$\g_pair.qlines$/src/rtl/hbm_accel/sm/wavepack_20261005/ot_hbm_accel_w2_pair_request_join.sv:94$21_EN[23:0]$96 [0] $flatten\u_requests.$0$memwr$\g_pair.qlines$/src/rtl/hbm_accel/sm/wavepack_20261005/ot_hbm_accel_w2_pair_request_join.sv:94$21_EN[23:0]$96 [0] $flatten\u_requests.$0$memwr$\g_pair.qlines$/src/rtl/hbm_accel/sm/wavepack_20261005/ot_hbm_accel_w2_pair_request_join.sv:94$21_EN[23:0]$96 [0] $flatten\u_requests.$0$memwr$\g_pair.qlines$/src/rtl/hbm_accel/sm/wavepack_20261005/ot_hbm_accel_w2_pair_request_join.sv:94$21_EN[23:0]$96 [0] $flatten\u_requests.$0$memwr$\g_pair.qlines$/src/rtl/hbm_accel/sm/wavepack_20261005/ot_hbm_accel_w2_pair_request_join.sv:94$21_EN[23:0]$96 [0] $flatten\u_requests.$0$memwr$\g_pair.qlines$/src/rtl/hbm_accel/sm/wavepack_20261005/ot_hbm_accel_w2_pair_request_join.sv:94$21_EN[23:0]$96 [0] $flatten\u_requests.$0$memwr$\g_pair.qlines$/src/rtl/hbm_accel/sm/wavepack_20261005/ot_hbm_accel_w2_pair_request_join.sv:94$21_EN[23:0]$96 [0] $flatten\u_requests.$0$memwr$\g_pair.qlines$/src/rtl/hbm_accel/sm/wavepack_20261005/ot_hbm_accel_w2_pair_request_join.sv:94$21_EN[23:0]$96 [0] $flatten\u_requests.$0$memwr$\g_pair.qlines$/src/rtl/hbm_accel/sm/wavepack_20261005/ot_hbm_accel_w2_pair_request_join.sv:94$21_EN[23:0]$96 [0] $flatten\u_requests.$0$memwr$\g_pair.qlines$/src/rtl/hbm_accel/sm/wavepack_20261005/ot_hbm_accel_w2_pair_request_join.sv:94$21_EN[23:0]$96 [0] $flatten\u_requests.$0$memwr$\g_pair.qlines$/src/rtl/hbm_accel/sm/wavepack_20261005/ot_hbm_accel_w2_pair_request_join.sv:94$21_EN[23:0]$96 [0] $flatten\u_requests.$0$memwr$\g_pair.qlines$/src/rtl/hbm_accel/sm/wavepack_20261005/ot_hbm_accel_w2_pair_request_join.sv:94$21_EN[23:0]$96 [0] }
    Consolidated identical input bits for $mux cell $flatten\u_requests.$procmux$387:
      Old ports: A=0, B=32'11111111111111111111111111111111, Y=$flatten\u_requests.$0$memwr$\g_pair.qb$/src/rtl/hbm_accel/sm/wavepack_20261005/ot_hbm_accel_w2_pair_request_join.sv:94$20_EN[31:0]$93
      New ports: A=1'0, B=1'1, Y=$flatten\u_requests.$0$memwr$\g_pair.qb$/src/rtl/hbm_accel/sm/wavepack_20261005/ot_hbm_accel_w2_pair_request_join.sv:94$20_EN[31:0]$93 [0]
      New connections: $flatten\u_requests.$0$memwr$\g_pair.qb$/src/rtl/hbm_accel/sm/wavepack_20261005/ot_hbm_accel_w2_pair_request_join.sv:94$20_EN[31:0]$93 [31:1] = { $flatten\u_requests.$0$memwr$\g_pair.qb$/src/rtl/hbm_accel/sm/wavepack_20261005/ot_hbm_accel_w2_pair_request_join.sv:94$20_EN[31:0]$93 [0] $flatten\u_requests.$0$memwr$\g_pair.qb$/src/rtl/hbm_accel/sm/wavepack_20261005/ot_hbm_accel_w2_pair_request_join.sv:94$20_EN[31:0]$93 [0] $flatten\u_requests.$0$memwr$\g_pair.qb$/src/rtl/hbm_accel/sm/wavepack_20261005/ot_hbm_accel_w2_pair_request_join.sv:94$20_EN[31:0]$93 [0] $flatten\u_requests.$0$memwr$\g_pair.qb$/src/rtl/hbm_accel/sm/wavepack_20261005/ot_hbm_accel_w2_pair_request_join.sv:94$20_EN[31:0]$93 [0] $flatten\u_requests.$0$memwr$\g_pair.qb$/src/rtl/hbm_accel/sm/wavepack_20261005/ot_hbm_accel_w2_pair_request_join.sv:94$20_EN[31:0]$93 [0] $flatten\u_requests.$0$memwr$\g_pair.qb$/src/rtl/hbm_accel/sm/wavepack_20261005/ot_hbm_accel_w2_pair_request_join.sv:94$20_EN[31:0]$93 [0] $flatten\u_requests.$0$memwr$\g_pair.qb$/src/rtl/hbm_accel/sm/wavepack_20261005/ot_hbm_accel_w2_pair_request_join.sv:94$20_EN[31:0]$93 [0] $flatten\u_requests.$0$memwr$\g_pair.qb$/src/rtl/hbm_accel/sm/wavepack_20261005/ot_hbm_accel_w2_pair_request_join.sv:94$20_EN[31:0]$93 [0] $flatten\u_requests.$0$memwr$\g_pair.qb$/src/rtl/hbm_accel/sm/wavepack_20261005/ot_hbm_accel_w2_pair_request_join.sv:94$20_EN[31:0]$93 [0] $flatten\u_requests.$0$memwr$\g_pair.qb$/src/rtl/hbm_accel/sm/wavepack_20261005/ot_hbm_accel_w2_pair_request_join.sv:94$20_EN[31:0]$93 [0] $flatten\u_requests.$0$memwr$\g_pair.qb$/src/rtl/hbm_accel/sm/wavepack_20261005/ot_hbm_accel_w2_pair_request_join.sv:94$20_EN[31:0]$93 [0] $flatten\u_requests.$0$memwr$\g_pair.qb$/src/rtl/hbm_accel/sm/wavepack_20261005/ot_hbm_accel_w2_pair_request_join.sv:94$20_EN[31:0]$93 [0] $flatten\u_requests.$0$memwr$\g_pair.qb$/src/rtl/hbm_accel/sm/wavepack_20261005/ot_hbm_accel_w2_pair_request_join.sv:94$20_EN[31:0]$93 [0] $flatten\u_requests.$0$memwr$\g_pair.qb$/src/rtl/hbm_accel/sm/wavepack_20261005/ot_hbm_accel_w2_pair_request_join.sv:94$20_EN[31:0]$93 [0] $flatten\u_requests.$0$memwr$\g_pair.qb$/src/rtl/hbm_accel/sm/wavepack_20261005/ot_hbm_accel_w2_pair_request_join.sv:94$20_EN[31:0]$93 [0] $flatten\u_requests.$0$memwr$\g_pair.qb$/src/rtl/hbm_accel/sm/wavepack_20261005/ot_hbm_accel_w2_pair_request_join.sv:94$20_EN[31:0]$93 [0] $flatten\u_requests.$0$memwr$\g_pair.qb$/src/rtl/hbm_accel/sm/wavepack_20261005/ot_hbm_accel_w2_pair_request_join.sv:94$20_EN[31:0]$93 [0] $flatten\u_requests.$0$memwr$\g_pair.qb$/src/rtl/hbm_accel/sm/wavepack_20261005/ot_hbm_accel_w2_pair_request_join.sv:94$20_EN[31:0]$93 [0] $flatten\u_requests.$0$memwr$\g_pair.qb$/src/rtl/hbm_accel/sm/wavepack_20261005/ot_hbm_accel_w2_pair_request_join.sv:94$20_EN[31:0]$93 [0] $flatten\u_requests.$0$memwr$\g_pair.qb$/src/rtl/hbm_accel/sm/wavepack_20261005/ot_hbm_accel_w2_pair_request_join.sv:94$20_EN[31:0]$93 [0] $flatten\u_requests.$0$memwr$\g_pair.qb$/src/rtl/hbm_accel/sm/wavepack_20261005/ot_hbm_accel_w2_pair_request_join.sv:94$20_EN[31:0]$93 [0] $flatten\u_requests.$0$memwr$\g_pair.qb$/src/rtl/hbm_accel/sm/wavepack_20261005/ot_hbm_accel_w2_pair_request_join.sv:94$20_EN[31:0]$93 [0] $flatten\u_requests.$0$memwr$\g_pair.qb$/src/rtl/hbm_accel/sm/wavepack_20261005/ot_hbm_accel_w2_pair_request_join.sv:94$20_EN[31:0]$93 [0] $flatten\u_requests.$0$memwr$\g_pair.qb$/src/rtl/hbm_accel/sm/wavepack_20261005/ot_hbm_accel_w2_pair_request_join.sv:94$20_EN[31:0]$93 [0] $flatten\u_requests.$0$memwr$\g_pair.qb$/src/rtl/hbm_accel/sm/wavepack_20261005/ot_hbm_accel_w2_pair_request_join.sv:94$20_EN[31:0]$93 [0] $flatten\u_requests.$0$memwr$\g_pair.qb$/src/rtl/hbm_accel/sm/wavepack_20261005/ot_hbm_accel_w2_pair_request_join.sv:94$20_EN[31:0]$93 [0] $flatten\u_requests.$0$memwr$\g_pair.qb$/src/rtl/hbm_accel/sm/wavepack_20261005/ot_hbm_accel_w2_pair_request_join.sv:94$20_EN[31:0]$93 [0] $flatten\u_requests.$0$memwr$\g_pair.qb$/src/rtl/hbm_accel/sm/wavepack_20261005/ot_hbm_accel_w2_pair_request_join.sv:94$20_EN[31:0]$93 [0] $flatten\u_requests.$0$memwr$\g_pair.qb$/src/rtl/hbm_accel/sm/wavepack_20261005/ot_hbm_accel_w2_pair_request_join.sv:94$20_EN[31:0]$93 [0] $flatten\u_requests.$0$memwr$\g_pair.qb$/src/rtl/hbm_accel/sm/wavepack_20261005/ot_hbm_accel_w2_pair_request_join.sv:94$20_EN[31:0]$93 [0] $flatten\u_requests.$0$memwr$\g_pair.qb$/src/rtl/hbm_accel/sm/wavepack_20261005/ot_hbm_accel_w2_pair_request_join.sv:94$20_EN[31:0]$93 [0] }
    Consolidated identical input bits for $mux cell $flatten\u_results.$procmux$287:
      Old ports: A=13'0000000000000, B=13'1111111111111, Y=$flatten\u_results.$0$memwr$\g_restore.qrows$/src/rtl/hbm_accel/sm/wavepack_20261005/ot_hbm_accel_w2_result_join.sv:73$131_EN[12:0]$232
      New ports: A=1'0, B=1'1, Y=$flatten\u_results.$0$memwr$\g_restore.qrows$/src/rtl/hbm_accel/sm/wavepack_20261005/ot_hbm_accel_w2_result_join.sv:73$131_EN[12:0]$232 [0]
      New connections: $flatten\u_results.$0$memwr$\g_restore.qrows$/src/rtl/hbm_accel/sm/wavepack_20261005/ot_hbm_accel_w2_result_join.sv:73$131_EN[12:0]$232 [12:1] = { $flatten\u_results.$0$memwr$\g_restore.qrows$/src/rtl/hbm_accel/sm/wavepack_20261005/ot_hbm_accel_w2_result_join.sv:73$131_EN[12:0]$232 [0] $flatten\u_results.$0$memwr$\g_restore.qrows$/src/rtl/hbm_accel/sm/wavepack_20261005/ot_hbm_accel_w2_result_join.sv:73$131_EN[12:0]$232 [0] $flatten\u_results.$0$memwr$\g_restore.qrows$/src/rtl/hbm_accel/sm/wavepack_20261005/ot_hbm_accel_w2_result_join.sv:73$131_EN[12:0]$232 [0] $flatten\u_results.$0$memwr$\g_restore.qrows$/src/rtl/hbm_accel/sm/wavepack_20261005/ot_hbm_accel_w2_result_join.sv:73$131_EN[12:0]$232 [0] $flatten\u_results.$0$memwr$\g_restore.qrows$/src/rtl/hbm_accel/sm/wavepack_20261005/ot_hbm_accel_w2_result_join.sv:73$131_EN[12:0]$232 [0] $flatten\u_results.$0$memwr$\g_restore.qrows$/src/rtl/hbm_accel/sm/wavepack_20261005/ot_hbm_accel_w2_result_join.sv:73$131_EN[12:0]$232 [0] $flatten\u_results.$0$memwr$\g_restore.qrows$/src/rtl/hbm_accel/sm/wavepack_20261005/ot_hbm_accel_w2_result_join.sv:73$131_EN[12:0]$232 [0] $flatten\u_results.$0$memwr$\g_restore.qrows$/src/rtl/hbm_accel/sm/wavepack_20261005/ot_hbm_accel_w2_result_join.sv:73$131_EN[12:0]$232 [0] $flatten\u_results.$0$memwr$\g_restore.qrows$/src/rtl/hbm_accel/sm/wavepack_20261005/ot_hbm_accel_w2_result_join.sv:73$131_EN[12:0]$232 [0] $flatten\u_results.$0$memwr$\g_restore.qrows$/src/rtl/hbm_accel/sm/wavepack_20261005/ot_hbm_accel_w2_result_join.sv:73$131_EN[12:0]$232 [0] $flatten\u_results.$0$memwr$\g_restore.qrows$/src/rtl/hbm_accel/sm/wavepack_20261005/ot_hbm_accel_w2_result_join.sv:73$131_EN[12:0]$232 [0] $flatten\u_results.$0$memwr$\g_restore.qrows$/src/rtl/hbm_accel/sm/wavepack_20261005/ot_hbm_accel_w2_result_join.sv:73$131_EN[12:0]$232 [0] }
    Consolidated identical input bits for $mux cell $flatten\u_results.$procmux$296:
      Old ports: A=0, B=32'11111111111111111111111111111111, Y=$flatten\u_results.$0$memwr$\g_restore.qb$/src/rtl/hbm_accel/sm/wavepack_20261005/ot_hbm_accel_w2_result_join.sv:73$130_EN[31:0]$229
      New ports: A=1'0, B=1'1, Y=$flatten\u_results.$0$memwr$\g_restore.qb$/src/rtl/hbm_accel/sm/wavepack_20261005/ot_hbm_accel_w2_result_join.sv:73$130_EN[31:0]$229 [0]
      New connections: $flatten\u_results.$0$memwr$\g_restore.qb$/src/rtl/hbm_accel/sm/wavepack_20261005/ot_hbm_accel_w2_result_join.sv:73$130_EN[31:0]$229 [31:1] = { $flatten\u_results.$0$memwr$\g_restore.qb$/src/rtl/hbm_accel/sm/wavepack_20261005/ot_hbm_accel_w2_result_join.sv:73$130_EN[31:0]$229 [0] $flatten\u_results.$0$memwr$\g_restore.qb$/src/rtl/hbm_accel/sm/wavepack_20261005/ot_hbm_accel_w2_result_join.sv:73$130_EN[31:0]$229 [0] $flatten\u_results.$0$memwr$\g_restore.qb$/src/rtl/hbm_accel/sm/wavepack_20261005/ot_hbm_accel_w2_result_join.sv:73$130_EN[31:0]$229 [0] $flatten\u_results.$0$memwr$\g_restore.qb$/src/rtl/hbm_accel/sm/wavepack_20261005/ot_hbm_accel_w2_result_join.sv:73$130_EN[31:0]$229 [0] $flatten\u_results.$0$memwr$\g_restore.qb$/src/rtl/hbm_accel/sm/wavepack_20261005/ot_hbm_accel_w2_result_join.sv:73$130_EN[31:0]$229 [0] $flatten\u_results.$0$memwr$\g_restore.qb$/src/rtl/hbm_accel/sm/wavepack_20261005/ot_hbm_accel_w2_result_join.sv:73$130_EN[31:0]$229 [0] $flatten\u_results.$0$memwr$\g_restore.qb$/src/rtl/hbm_accel/sm/wavepack_20261005/ot_hbm_accel_w2_result_join.sv:73$130_EN[31:0]$229 [0] $flatten\u_results.$0$memwr$\g_restore.qb$/src/rtl/hbm_accel/sm/wavepack_20261005/ot_hbm_accel_w2_result_join.sv:73$130_EN[31:0]$229 [0] $flatten\u_results.$0$memwr$\g_restore.qb$/src/rtl/hbm_accel/sm/wavepack_20261005/ot_hbm_accel_w2_result_join.sv:73$130_EN[31:0]$229 [0] $flatten\u_results.$0$memwr$\g_restore.qb$/src/rtl/hbm_accel/sm/wavepack_20261005/ot_hbm_accel_w2_result_join.sv:73$130_EN[31:0]$229 [0] $flatten\u_results.$0$memwr$\g_restore.qb$/src/rtl/hbm_accel/sm/wavepack_20261005/ot_hbm_accel_w2_result_join.sv:73$130_EN[31:0]$229 [0] $flatten\u_results.$0$memwr$\g_restore.qb$/src/rtl/hbm_accel/sm/wavepack_20261005/ot_hbm_accel_w2_result_join.sv:73$130_EN[31:0]$229 [0] $flatten\u_results.$0$memwr$\g_restore.qb$/src/rtl/hbm_accel/sm/wavepack_20261005/ot_hbm_accel_w2_result_join.sv:73$130_EN[31:0]$229 [0] $flatten\u_results.$0$memwr$\g_restore.qb$/src/rtl/hbm_accel/sm/wavepack_20261005/ot_hbm_accel_w2_result_join.sv:73$130_EN[31:0]$229 [0] $flatten\u_results.$0$memwr$\g_restore.qb$/src/rtl/hbm_accel/sm/wavepack_20261005/ot_hbm_accel_w2_result_join.sv:73$130_EN[31:0]$229 [0] $flatten\u_results.$0$memwr$\g_restore.qb$/src/rtl/hbm_accel/sm/wavepack_20261005/ot_hbm_accel_w2_result_join.sv:73$130_EN[31:0]$229 [0] $flatten\u_results.$0$memwr$\g_restore.qb$/src/rtl/hbm_accel/sm/wavepack_20261005/ot_hbm_accel_w2_result_join.sv:73$130_EN[31:0]$229 [0] $flatten\u_results.$0$memwr$\g_restore.qb$/src/rtl/hbm_accel/sm/wavepack_20261005/ot_hbm_accel_w2_result_join.sv:73$130_EN[31:0]$229 [0] $flatten\u_results.$0$memwr$\g_restore.qb$/src/rtl/hbm_accel/sm/wavepack_20261005/ot_hbm_accel_w2_result_join.sv:73$130_EN[31:0]$229 [0] $flatten\u_results.$0$memwr$\g_restore.qb$/src/rtl/hbm_accel/sm/wavepack_20261005/ot_hbm_accel_w2_result_join.sv:73$130_EN[31:0]$229 [0] $flatten\u_results.$0$memwr$\g_restore.qb$/src/rtl/hbm_accel/sm/wavepack_20261005/ot_hbm_accel_w2_result_join.sv:73$130_EN[31:0]$229 [0] $flatten\u_results.$0$memwr$\g_restore.qb$/src/rtl/hbm_accel/sm/wavepack_20261005/ot_hbm_accel_w2_result_join.sv:73$130_EN[31:0]$229 [0] $flatten\u_results.$0$memwr$\g_restore.qb$/src/rtl/hbm_accel/sm/wavepack_20261005/ot_hbm_accel_w2_result_join.sv:73$130_EN[31:0]$229 [0] $flatten\u_results.$0$memwr$\g_restore.qb$/src/rtl/hbm_accel/sm/wavepack_20261005/ot_hbm_accel_w2_result_join.sv:73$130_EN[31:0]$229 [0] $flatten\u_results.$0$memwr$\g_restore.qb$/src/rtl/hbm_accel/sm/wavepack_20261005/ot_hbm_accel_w2_result_join.sv:73$130_EN[31:0]$229 [0] $flatten\u_results.$0$memwr$\g_restore.qb$/src/rtl/hbm_accel/sm/wavepack_20261005/ot_hbm_accel_w2_result_join.sv:73$130_EN[31:0]$229 [0] $flatten\u_results.$0$memwr$\g_restore.qb$/src/rtl/hbm_accel/sm/wavepack_20261005/ot_hbm_accel_w2_result_join.sv:73$130_EN[31:0]$229 [0] $flatten\u_results.$0$memwr$\g_restore.qb$/src/rtl/hbm_accel/sm/wavepack_20261005/ot_hbm_accel_w2_result_join.sv:73$130_EN[31:0]$229 [0] $flatten\u_results.$0$memwr$\g_restore.qb$/src/rtl/hbm_accel/sm/wavepack_20261005/ot_hbm_accel_w2_result_join.sv:73$130_EN[31:0]$229 [0] $flatten\u_results.$0$memwr$\g_restore.qb$/src/rtl/hbm_accel/sm/wavepack_20261005/ot_hbm_accel_w2_result_join.sv:73$130_EN[31:0]$229 [0] $flatten\u_results.$0$memwr$\g_restore.qb$/src/rtl/hbm_accel/sm/wavepack_20261005/ot_hbm_accel_w2_result_join.sv:73$130_EN[31:0]$229 [0] }
    Consolidated identical input bits for $mux cell $flatten\u_results.$procmux$305:
      Old ports: A=0, B=32'11111111111111111111111111111111, Y=$flatten\u_results.$0$memwr$\g_restore.qa$/src/rtl/hbm_accel/sm/wavepack_20261005/ot_hbm_accel_w2_result_join.sv:73$129_EN[31:0]$226
      New ports: A=1'0, B=1'1, Y=$flatten\u_results.$0$memwr$\g_restore.qa$/src/rtl/hbm_accel/sm/wavepack_20261005/ot_hbm_accel_w2_result_join.sv:73$129_EN[31:0]$226 [0]
      New connections: $flatten\u_results.$0$memwr$\g_restore.qa$/src/rtl/hbm_accel/sm/wavepack_20261005/ot_hbm_accel_w2_result_join.sv:73$129_EN[31:0]$226 [31:1] = { $flatten\u_results.$0$memwr$\g_restore.qa$/src/rtl/hbm_accel/sm/wavepack_20261005/ot_hbm_accel_w2_result_join.sv:73$129_EN[31:0]$226 [0] $flatten\u_results.$0$memwr$\g_restore.qa$/src/rtl/hbm_accel/sm/wavepack_20261005/ot_hbm_accel_w2_result_join.sv:73$129_EN[31:0]$226 [0] $flatten\u_results.$0$memwr$\g_restore.qa$/src/rtl/hbm_accel/sm/wavepack_20261005/ot_hbm_accel_w2_result_join.sv:73$129_EN[31:0]$226 [0] $flatten\u_results.$0$memwr$\g_restore.qa$/src/rtl/hbm_accel/sm/wavepack_20261005/ot_hbm_accel_w2_result_join.sv:73$129_EN[31:0]$226 [0] $flatten\u_results.$0$memwr$\g_restore.qa$/src/rtl/hbm_accel/sm/wavepack_20261005/ot_hbm_accel_w2_result_join.sv:73$129_EN[31:0]$226 [0] $flatten\u_results.$0$memwr$\g_restore.qa$/src/rtl/hbm_accel/sm/wavepack_20261005/ot_hbm_accel_w2_result_join.sv:73$129_EN[31:0]$226 [0] $flatten\u_results.$0$memwr$\g_restore.qa$/src/rtl/hbm_accel/sm/wavepack_20261005/ot_hbm_accel_w2_result_join.sv:73$129_EN[31:0]$226 [0] $flatten\u_results.$0$memwr$\g_restore.qa$/src/rtl/hbm_accel/sm/wavepack_20261005/ot_hbm_accel_w2_result_join.sv:73$129_EN[31:0]$226 [0] $flatten\u_results.$0$memwr$\g_restore.qa$/src/rtl/hbm_accel/sm/wavepack_20261005/ot_hbm_accel_w2_result_join.sv:73$129_EN[31:0]$226 [0] $flatten\u_results.$0$memwr$\g_restore.qa$/src/rtl/hbm_accel/sm/wavepack_20261005/ot_hbm_accel_w2_result_join.sv:73$129_EN[31:0]$226 [0] $flatten\u_results.$0$memwr$\g_restore.qa$/src/rtl/hbm_accel/sm/wavepack_20261005/ot_hbm_accel_w2_result_join.sv:73$129_EN[31:0]$226 [0] $flatten\u_results.$0$memwr$\g_restore.qa$/src/rtl/hbm_accel/sm/wavepack_20261005/ot_hbm_accel_w2_result_join.sv:73$129_EN[31:0]$226 [0] $flatten\u_results.$0$memwr$\g_restore.qa$/src/rtl/hbm_accel/sm/wavepack_20261005/ot_hbm_accel_w2_result_join.sv:73$129_EN[31:0]$226 [0] $flatten\u_results.$0$memwr$\g_restore.qa$/src/rtl/hbm_accel/sm/wavepack_20261005/ot_hbm_accel_w2_result_join.sv:73$129_EN[31:0]$226 [0] $flatten\u_results.$0$memwr$\g_restore.qa$/src/rtl/hbm_accel/sm/wavepack_20261005/ot_hbm_accel_w2_result_join.sv:73$129_EN[31:0]$226 [0] $flatten\u_results.$0$memwr$\g_restore.qa$/src/rtl/hbm_accel/sm/wavepack_20261005/ot_hbm_accel_w2_result_join.sv:73$129_EN[31:0]$226 [0] $flatten\u_results.$0$memwr$\g_restore.qa$/src/rtl/hbm_accel/sm/wavepack_20261005/ot_hbm_accel_w2_result_join.sv:73$129_EN[31:0]$226 [0] $flatten\u_results.$0$memwr$\g_restore.qa$/src/rtl/hbm_accel/sm/wavepack_20261005/ot_hbm_accel_w2_result_join.sv:73$129_EN[31:0]$226 [0] $flatten\u_results.$0$memwr$\g_restore.qa$/src/rtl/hbm_accel/sm/wavepack_20261005/ot_hbm_accel_w2_result_join.sv:73$129_EN[31:0]$226 [0] $flatten\u_results.$0$memwr$\g_restore.qa$/src/rtl/hbm_accel/sm/wavepack_20261005/ot_hbm_accel_w2_result_join.sv:73$129_EN[31:0]$226 [0] $flatten\u_results.$0$memwr$\g_restore.qa$/src/rtl/hbm_accel/sm/wavepack_20261005/ot_hbm_accel_w2_result_join.sv:73$129_EN[31:0]$226 [0] $flatten\u_results.$0$memwr$\g_restore.qa$/src/rtl/hbm_accel/sm/wavepack_20261005/ot_hbm_accel_w2_result_join.sv:73$129_EN[31:0]$226 [0] $flatten\u_results.$0$memwr$\g_restore.qa$/src/rtl/hbm_accel/sm/wavepack_20261005/ot_hbm_accel_w2_result_join.sv:73$129_EN[31:0]$226 [0] $flatten\u_results.$0$memwr$\g_restore.qa$/src/rtl/hbm_accel/sm/wavepack_20261005/ot_hbm_accel_w2_result_join.sv:73$129_EN[31:0]$226 [0] $flatten\u_results.$0$memwr$\g_restore.qa$/src/rtl/hbm_accel/sm/wavepack_20261005/ot_hbm_accel_w2_result_join.sv:73$129_EN[31:0]$226 [0] $flatten\u_results.$0$memwr$\g_restore.qa$/src/rtl/hbm_accel/sm/wavepack_20261005/ot_hbm_accel_w2_result_join.sv:73$129_EN[31:0]$226 [0] $flatten\u_results.$0$memwr$\g_restore.qa$/src/rtl/hbm_accel/sm/wavepack_20261005/ot_hbm_accel_w2_result_join.sv:73$129_EN[31:0]$226 [0] $flatten\u_results.$0$memwr$\g_restore.qa$/src/rtl/hbm_accel/sm/wavepack_20261005/ot_hbm_accel_w2_result_join.sv:73$129_EN[31:0]$226 [0] $flatten\u_results.$0$memwr$\g_restore.qa$/src/rtl/hbm_accel/sm/wavepack_20261005/ot_hbm_accel_w2_result_join.sv:73$129_EN[31:0]$226 [0] $flatten\u_results.$0$memwr$\g_restore.qa$/src/rtl/hbm_accel/sm/wavepack_20261005/ot_hbm_accel_w2_result_join.sv:73$129_EN[31:0]$226 [0] $flatten\u_results.$0$memwr$\g_restore.qa$/src/rtl/hbm_accel/sm/wavepack_20261005/ot_hbm_accel_w2_result_join.sv:73$129_EN[31:0]$226 [0] }
    Consolidated identical input bits for $mux cell $flatten\u_requests.$procmux$396:
      Old ports: A=0, B=32'11111111111111111111111111111111, Y=$flatten\u_requests.$0$memwr$\g_pair.qa$/src/rtl/hbm_accel/sm/wavepack_20261005/ot_hbm_accel_w2_pair_request_join.sv:94$19_EN[31:0]$90
      New ports: A=1'0, B=1'1, Y=$flatten\u_requests.$0$memwr$\g_pair.qa$/src/rtl/hbm_accel/sm/wavepack_20261005/ot_hbm_accel_w2_pair_request_join.sv:94$19_EN[31:0]$90 [0]
      New connections: $flatten\u_requests.$0$memwr$\g_pair.qa$/src/rtl/hbm_accel/sm/wavepack_20261005/ot_hbm_accel_w2_pair_request_join.sv:94$19_EN[31:0]$90 [31:1] = { $flatten\u_requests.$0$memwr$\g_pair.qa$/src/rtl/hbm_accel/sm/wavepack_20261005/ot_hbm_accel_w2_pair_request_join.sv:94$19_EN[31:0]$90 [0] $flatten\u_requests.$0$memwr$\g_pair.qa$/src/rtl/hbm_accel/sm/wavepack_20261005/ot_hbm_accel_w2_pair_request_join.sv:94$19_EN[31:0]$90 [0] $flatten\u_requests.$0$memwr$\g_pair.qa$/src/rtl/hbm_accel/sm/wavepack_20261005/ot_hbm_accel_w2_pair_request_join.sv:94$19_EN[31:0]$90 [0] $flatten\u_requests.$0$memwr$\g_pair.qa$/src/rtl/hbm_accel/sm/wavepack_20261005/ot_hbm_accel_w2_pair_request_join.sv:94$19_EN[31:0]$90 [0] $flatten\u_requests.$0$memwr$\g_pair.qa$/src/rtl/hbm_accel/sm/wavepack_20261005/ot_hbm_accel_w2_pair_request_join.sv:94$19_EN[31:0]$90 [0] $flatten\u_requests.$0$memwr$\g_pair.qa$/src/rtl/hbm_accel/sm/wavepack_20261005/ot_hbm_accel_w2_pair_request_join.sv:94$19_EN[31:0]$90 [0] $flatten\u_requests.$0$memwr$\g_pair.qa$/src/rtl/hbm_accel/sm/wavepack_20261005/ot_hbm_accel_w2_pair_request_join.sv:94$19_EN[31:0]$90 [0] $flatten\u_requests.$0$memwr$\g_pair.qa$/src/rtl/hbm_accel/sm/wavepack_20261005/ot_hbm_accel_w2_pair_request_join.sv:94$19_EN[31:0]$90 [0] $flatten\u_requests.$0$memwr$\g_pair.qa$/src/rtl/hbm_accel/sm/wavepack_20261005/ot_hbm_accel_w2_pair_request_join.sv:94$19_EN[31:0]$90 [0] $flatten\u_requests.$0$memwr$\g_pair.qa$/src/rtl/hbm_accel/sm/wavepack_20261005/ot_hbm_accel_w2_pair_request_join.sv:94$19_EN[31:0]$90 [0] $flatten\u_requests.$0$memwr$\g_pair.qa$/src/rtl/hbm_accel/sm/wavepack_20261005/ot_hbm_accel_w2_pair_request_join.sv:94$19_EN[31:0]$90 [0] $flatten\u_requests.$0$memwr$\g_pair.qa$/src/rtl/hbm_accel/sm/wavepack_20261005/ot_hbm_accel_w2_pair_request_join.sv:94$19_EN[31:0]$90 [0] $flatten\u_requests.$0$memwr$\g_pair.qa$/src/rtl/hbm_accel/sm/wavepack_20261005/ot_hbm_accel_w2_pair_request_join.sv:94$19_EN[31:0]$90 [0] $flatten\u_requests.$0$memwr$\g_pair.qa$/src/rtl/hbm_accel/sm/wavepack_20261005/ot_hbm_accel_w2_pair_request_join.sv:94$19_EN[31:0]$90 [0] $flatten\u_requests.$0$memwr$\g_pair.qa$/src/rtl/hbm_accel/sm/wavepack_20261005/ot_hbm_accel_w2_pair_request_join.sv:94$19_EN[31:0]$90 [0] $flatten\u_requests.$0$memwr$\g_pair.qa$/src/rtl/hbm_accel/sm/wavepack_20261005/ot_hbm_accel_w2_pair_request_join.sv:94$19_EN[31:0]$90 [0] $flatten\u_requests.$0$memwr$\g_pair.qa$/src/rtl/hbm_accel/sm/wavepack_20261005/ot_hbm_accel_w2_pair_request_join.sv:94$19_EN[31:0]$90 [0] $flatten\u_requests.$0$memwr$\g_pair.qa$/src/rtl/hbm_accel/sm/wavepack_20261005/ot_hbm_accel_w2_pair_request_join.sv:94$19_EN[31:0]$90 [0] $flatten\u_requests.$0$memwr$\g_pair.qa$/src/rtl/hbm_accel/sm/wavepack_20261005/ot_hbm_accel_w2_pair_request_join.sv:94$19_EN[31:0]$90 [0] $flatten\u_requests.$0$memwr$\g_pair.qa$/src/rtl/hbm_accel/sm/wavepack_20261005/ot_hbm_accel_w2_pair_request_join.sv:94$19_EN[31:0]$90 [0] $flatten\u_requests.$0$memwr$\g_pair.qa$/src/rtl/hbm_accel/sm/wavepack_20261005/ot_hbm_accel_w2_pair_request_join.sv:94$19_EN[31:0]$90 [0] $flatten\u_requests.$0$memwr$\g_pair.qa$/src/rtl/hbm_accel/sm/wavepack_20261005/ot_hbm_accel_w2_pair_request_join.sv:94$19_EN[31:0]$90 [0] $flatten\u_requests.$0$memwr$\g_pair.qa$/src/rtl/hbm_accel/sm/wavepack_20261005/ot_hbm_accel_w2_pair_request_join.sv:94$19_EN[31:0]$90 [0] $flatten\u_requests.$0$memwr$\g_pair.qa$/src/rtl/hbm_accel/sm/wavepack_20261005/ot_hbm_accel_w2_pair_request_join.sv:94$19_EN[31:0]$90 [0] $flatten\u_requests.$0$memwr$\g_pair.qa$/src/rtl/hbm_accel/sm/wavepack_20261005/ot_hbm_accel_w2_pair_request_join.sv:94$19_EN[31:0]$90 [0] $flatten\u_requests.$0$memwr$\g_pair.qa$/src/rtl/hbm_accel/sm/wavepack_20261005/ot_hbm_accel_w2_pair_request_join.sv:94$19_EN[31:0]$90 [0] $flatten\u_requests.$0$memwr$\g_pair.qa$/src/rtl/hbm_accel/sm/wavepack_20261005/ot_hbm_accel_w2_pair_request_join.sv:94$19_EN[31:0]$90 [0] $flatten\u_requests.$0$memwr$\g_pair.qa$/src/rtl/hbm_accel/sm/wavepack_20261005/ot_hbm_accel_w2_pair_request_join.sv:94$19_EN[31:0]$90 [0] $flatten\u_requests.$0$memwr$\g_pair.qa$/src/rtl/hbm_accel/sm/wavepack_20261005/ot_hbm_accel_w2_pair_request_join.sv:94$19_EN[31:0]$90 [0] $flatten\u_requests.$0$memwr$\g_pair.qa$/src/rtl/hbm_accel/sm/wavepack_20261005/ot_hbm_accel_w2_pair_request_join.sv:94$19_EN[31:0]$90 [0] $flatten\u_requests.$0$memwr$\g_pair.qa$/src/rtl/hbm_accel/sm/wavepack_20261005/ot_hbm_accel_w2_pair_request_join.sv:94$19_EN[31:0]$90 [0] }
  Optimizing cells in module \ot_hbm_accel_w2_caller_cut.
Performed a total of 6 changes.

7.8.5. Executing OPT_MERGE pass (detect identical cells).
Finding identical cells in module `\ot_hbm_accel_w2_caller_cut'.
Computing hashes of 230 cells of `\ot_hbm_accel_w2_caller_cut'.
Finding duplicate cells in `\ot_hbm_accel_w2_caller_cut'.
Computing hashes of 222 cells of `\ot_hbm_accel_w2_caller_cut'.
Finding duplicate cells in `\ot_hbm_accel_w2_caller_cut'.
<suppressed ~24 debug messages>
Removed a total of 8 cells.

7.8.6. Executing OPT_DFF pass (perform DFF optimizations).

7.8.7. Executing OPT_CLEAN pass (remove unused cells and wires).
Finding unused cells or wires in module \ot_hbm_accel_w2_caller_cut..
Removed 0 unused cells and 35 unused wires.
<suppressed ~1 debug messages>

7.8.8. Executing OPT_EXPR pass (perform const folding).
Optimizing module ot_hbm_accel_w2_caller_cut.

7.8.9. Rerunning OPT passes. (Maybe there is more to do..)

7.8.10. Executing OPT_MUXTREE pass (detect dead branches in mux trees).
Running muxtree optimizer on module \ot_hbm_accel_w2_caller_cut..
  Creating internal representation of mux trees.
  Evaluating internal representation of mux trees.
  Analyzing evaluation results.
Removed 0 multiplexer ports.
<suppressed ~82 debug messages>

7.8.11. Executing OPT_REDUCE pass (consolidate $*mux and $reduce_* inputs).
  Optimizing cells in module \ot_hbm_accel_w2_caller_cut.
Performed a total of 0 changes.

7.8.12. Executing OPT_MERGE pass (detect identical cells).
Finding identical cells in module `\ot_hbm_accel_w2_caller_cut'.
Computing hashes of 222 cells of `\ot_hbm_accel_w2_caller_cut'.
Finding duplicate cells in `\ot_hbm_accel_w2_caller_cut'.
Removed a total of 0 cells.

7.8.13. Executing OPT_DFF pass (perform DFF optimizations).

7.8.14. Executing OPT_CLEAN pass (remove unused cells and wires).
Finding unused cells or wires in module \ot_hbm_accel_w2_caller_cut..

7.8.15. Executing OPT_EXPR pass (perform const folding).
Optimizing module ot_hbm_accel_w2_caller_cut.

7.8.16. Finished fast OPT passes. (There is nothing left to do.)

7.9. Executing FSM pass (extract and optimize FSM).

7.9.1. Executing FSM_DETECT pass (finding FSMs in design).

7.9.2. Executing FSM_EXTRACT pass (extracting FSM from design).

7.9.3. Executing FSM_OPT pass (simple optimizations of FSMs).

7.9.4. Executing OPT_CLEAN pass (remove unused cells and wires).
Finding unused cells or wires in module \ot_hbm_accel_w2_caller_cut..

7.9.5. Executing FSM_OPT pass (simple optimizations of FSMs).

7.9.6. Executing FSM_RECODE pass (re-assigning FSM state encoding).

7.9.7. Executing FSM_INFO pass (dumping all available information on FSM cells).

7.9.8. Executing FSM_MAP pass (mapping FSMs to basic logic).

7.10. Executing OPT pass (performing simple optimizations).

7.10.1. Executing OPT_EXPR pass (perform const folding).
Optimizing module ot_hbm_accel_w2_caller_cut.

7.10.2. Executing OPT_MERGE pass (detect identical cells).
Finding identical cells in module `\ot_hbm_accel_w2_caller_cut'.
Computing hashes of 222 cells of `\ot_hbm_accel_w2_caller_cut'.
Finding duplicate cells in `\ot_hbm_accel_w2_caller_cut'.
Removed a total of 0 cells.

7.10.3. Executing OPT_MUXTREE pass (detect dead branches in mux trees).
Running muxtree optimizer on module \ot_hbm_accel_w2_caller_cut..
  Creating internal representation of mux trees.
  Evaluating internal representation of mux trees.
  Analyzing evaluation results.
Removed 0 multiplexer ports.
<suppressed ~82 debug messages>

7.10.4. Executing OPT_REDUCE pass (consolidate $*mux and $reduce_* inputs).
  Optimizing cells in module \ot_hbm_accel_w2_caller_cut.
Performed a total of 0 changes.

7.10.5. Executing OPT_MERGE pass (detect identical cells).
Finding identical cells in module `\ot_hbm_accel_w2_caller_cut'.
Computing hashes of 222 cells of `\ot_hbm_accel_w2_caller_cut'.
Finding duplicate cells in `\ot_hbm_accel_w2_caller_cut'.
Removed a total of 0 cells.

7.10.6. Executing OPT_DFF pass (perform DFF optimizations).
Adding EN signal on $flatten\u_results.$procdff$487 ($adff) from module ot_hbm_accel_w2_caller_cut (D = 1'1, Q = \u_results.g_restore.failed).
Adding EN signal on $flatten\u_results.$procdff$482 ($adff) from module ot_hbm_accel_w2_caller_cut (D = $flatten\u_results.$0$lookahead\g_restore.seen$185[3:0]$188, Q = \u_results.g_restore.seen).
Adding EN signal on $flatten\u_results.$procdff$477 ($adff) from module ot_hbm_accel_w2_caller_cut (D = $flatten\u_results.$0\g_restore.next_row[12:0], Q = \u_results.g_restore.next_row).
Adding EN signal on $flatten\u_results.$procdff$472 ($adff) from module ot_hbm_accel_w2_caller_cut (D = $flatten\u_results.$0\g_restore.cnt[3:0], Q = \u_results.g_restore.cnt).
Adding EN signal on $flatten\u_results.$procdff$467 ($adff) from module ot_hbm_accel_w2_caller_cut (D = $flatten\u_results.$ternary$/src/rtl/hbm_accel/sm/wavepack_20261005/ot_hbm_accel_w2_result_join.sv:65$206_Y [3:0], Q = \u_results.g_restore.rp).
Adding EN signal on $flatten\u_results.$procdff$462 ($adff) from module ot_hbm_accel_w2_caller_cut (D = $flatten\u_results.$ternary$/src/rtl/hbm_accel/sm/wavepack_20261005/ot_hbm_accel_w2_result_join.sv:64$201_Y [3:0], Q = \u_results.g_restore.wp).
Adding EN signal on $flatten\u_results.$procdff$444 ($dff) from module ot_hbm_accel_w2_caller_cut (D = $flatten\u_results.$or$/src/rtl/hbm_accel/sm/wavepack_20261005/ot_hbm_accel_w2_result_join.sv:74$261_Y, Q = \u_results.g_restore.qbound).
Adding EN signal on $flatten\u_results.$procdff$443 ($dff) from module ot_hbm_accel_w2_caller_cut (D = $flatten\u_results.$or$/src/rtl/hbm_accel/sm/wavepack_20261005/ot_hbm_accel_w2_result_join.sv:74$254_Y, Q = \u_results.g_restore.qpair).
Adding EN signal on $flatten\u_requests.$procdff$552 ($adff) from module ot_hbm_accel_w2_caller_cut (D = $flatten\u_requests.$memrd$\g_pair.qa$/src/rtl/hbm_accel/sm/wavepack_20261005/ot_hbm_accel_w2_pair_request_join.sv:86$77_DATA, Q = \u_requests.g_pair.a).
Adding EN signal on $flatten\u_requests.$procdff$567 ($adff) from module ot_hbm_accel_w2_caller_cut (D = $flatten\u_requests.$0\g_pair.offset[5:0], Q = \u_requests.g_pair.offset).
Adding EN signal on $flatten\u_requests.$procdff$547 ($adff) from module ot_hbm_accel_w2_caller_cut (D = 1'1, Q = \u_requests.g_pair.failed).
Adding EN signal on $flatten\u_requests.$procdff$542 ($adff) from module ot_hbm_accel_w2_caller_cut (D = $flatten\u_requests.$shiftx$/src/rtl/hbm_accel/sm/wavepack_20261005/ot_hbm_accel_w2_pair_request_join.sv:85$76_Y, Q = \u_requests.g_pair.bound).
Adding EN signal on $flatten\u_requests.$procdff$537 ($adff) from module ot_hbm_accel_w2_caller_cut (D = $flatten\u_requests.$shiftx$/src/rtl/hbm_accel/sm/wavepack_20261005/ot_hbm_accel_w2_pair_request_join.sv:85$75_Y, Q = \u_requests.g_pair.pack).
Adding EN signal on $flatten\u_requests.$procdff$562 ($adff) from module ot_hbm_accel_w2_caller_cut (D = $flatten\u_requests.$0\g_pair.left[23:0], Q = \u_requests.g_pair.left).
Adding EN signal on $flatten\u_requests.$procdff$532 ($adff) from module ot_hbm_accel_w2_caller_cut (D = $flatten\u_requests.$0\g_pair.active[0:0], Q = \u_requests.g_pair.active).
Adding EN signal on $flatten\u_requests.$procdff$527 ($adff) from module ot_hbm_accel_w2_caller_cut (D = $flatten\u_requests.$0\g_pair.cnt[2:0], Q = \u_requests.g_pair.cnt).
Adding EN signal on $flatten\u_requests.$procdff$522 ($adff) from module ot_hbm_accel_w2_caller_cut (D = $flatten\u_requests.$ternary$/src/rtl/hbm_accel/sm/wavepack_20261005/ot_hbm_accel_w2_pair_request_join.sv:84$74_Y [1:0], Q = \u_requests.g_pair.rp).
Adding EN signal on $flatten\u_requests.$procdff$557 ($adff) from module ot_hbm_accel_w2_caller_cut (D = $flatten\u_requests.$memrd$\g_pair.qb$/src/rtl/hbm_accel/sm/wavepack_20261005/ot_hbm_accel_w2_pair_request_join.sv:86$78_DATA, Q = \u_requests.g_pair.b).
Adding EN signal on $flatten\u_requests.$procdff$517 ($adff) from module ot_hbm_accel_w2_caller_cut (D = $flatten\u_requests.$ternary$/src/rtl/hbm_accel/sm/wavepack_20261005/ot_hbm_accel_w2_pair_request_join.sv:82$71_Y [1:0], Q = \u_requests.g_pair.wp).
Adding EN signal on $flatten\u_requests.$procdff$499 ($dff) from module ot_hbm_accel_w2_caller_cut (D = $flatten\u_requests.$or$/src/rtl/hbm_accel/sm/wavepack_20261005/ot_hbm_accel_w2_pair_request_join.sv:95$125_Y, Q = \u_requests.g_pair.qbound).
Adding EN signal on $flatten\u_requests.$procdff$498 ($dff) from module ot_hbm_accel_w2_caller_cut (D = $flatten\u_requests.$or$/src/rtl/hbm_accel/sm/wavepack_20261005/ot_hbm_accel_w2_pair_request_join.sv:95$118_Y, Q = \u_requests.g_pair.qpair).

7.10.7. Executing OPT_CLEAN pass (remove unused cells and wires).
Finding unused cells or wires in module \ot_hbm_accel_w2_caller_cut..
Removed 14 unused cells and 14 unused wires.
<suppressed ~15 debug messages>

7.10.8. Executing OPT_EXPR pass (perform const folding).
Optimizing module ot_hbm_accel_w2_caller_cut.
<suppressed ~9 debug messages>

7.10.9. Rerunning OPT passes. (Maybe there is more to do..)

7.10.10. Executing OPT_MUXTREE pass (detect dead branches in mux trees).
Running muxtree optimizer on module \ot_hbm_accel_w2_caller_cut..
  Creating internal representation of mux trees.
  Evaluating internal representation of mux trees.
  Analyzing evaluation results.
Removed 0 multiplexer ports.
<suppressed ~58 debug messages>

7.10.11. Executing OPT_REDUCE pass (consolidate $*mux and $reduce_* inputs).
  Optimizing cells in module \ot_hbm_accel_w2_caller_cut.
Performed a total of 0 changes.

7.10.12. Executing OPT_MERGE pass (detect identical cells).
Finding identical cells in module `\ot_hbm_accel_w2_caller_cut'.
Computing hashes of 219 cells of `\ot_hbm_accel_w2_caller_cut'.
Finding duplicate cells in `\ot_hbm_accel_w2_caller_cut'.
Computing hashes of 216 cells of `\ot_hbm_accel_w2_caller_cut'.
Finding duplicate cells in `\ot_hbm_accel_w2_caller_cut'.
<suppressed ~9 debug messages>
Removed a total of 3 cells.

7.10.13. Executing OPT_DFF pass (perform DFF optimizations).

7.10.14. Executing OPT_CLEAN pass (remove unused cells and wires).
Finding unused cells or wires in module \ot_hbm_accel_w2_caller_cut..
Removed 0 unused cells and 3 unused wires.
<suppressed ~1 debug messages>

7.10.15. Executing OPT_EXPR pass (perform const folding).
Optimizing module ot_hbm_accel_w2_caller_cut.

7.10.16. Rerunning OPT passes. (Maybe there is more to do..)

7.10.17. Executing OPT_MUXTREE pass (detect dead branches in mux trees).
Running muxtree optimizer on module \ot_hbm_accel_w2_caller_cut..
  Creating internal representation of mux trees.
  Evaluating internal representation of mux trees.
  Analyzing evaluation results.
Removed 0 multiplexer ports.
<suppressed ~58 debug messages>

7.10.18. Executing OPT_REDUCE pass (consolidate $*mux and $reduce_* inputs).
  Optimizing cells in module \ot_hbm_accel_w2_caller_cut.
Performed a total of 0 changes.

7.10.19. Executing OPT_MERGE pass (detect identical cells).
Finding identical cells in module `\ot_hbm_accel_w2_caller_cut'.
Computing hashes of 216 cells of `\ot_hbm_accel_w2_caller_cut'.
Finding duplicate cells in `\ot_hbm_accel_w2_caller_cut'.
Removed a total of 0 cells.

7.10.20. Executing OPT_DFF pass (perform DFF optimizations).

7.10.21. Executing OPT_CLEAN pass (remove unused cells and wires).
Finding unused cells or wires in module \ot_hbm_accel_w2_caller_cut..

7.10.22. Executing OPT_EXPR pass (perform const folding).
Optimizing module ot_hbm_accel_w2_caller_cut.

7.10.23. Finished fast OPT passes. (There is nothing left to do.)

7.11. Executing WREDUCE pass (reducing word size of cells).
Removed top 29 bits (of 32) from port B of cell ot_hbm_accel_w2_caller_cut.$flatten\u_address.$ge$/src/rtl/hbm_accel/sm/wavepack_20261005/ot_hbm_accel_w2_address_hook.sv:21$271 ($ge).
Removed top 30 bits (of 32) from port B of cell ot_hbm_accel_w2_caller_cut.$flatten\u_address.$ge$/src/rtl/hbm_accel/sm/wavepack_20261005/ot_hbm_accel_w2_address_hook.sv:19$264 ($ge).
Removed top 1 bits (of 2) from port B of cell ot_hbm_accel_w2_caller_cut.$flatten\u_results.$procmux$358_CMP0 ($eq).
Converting cell ot_hbm_accel_w2_caller_cut.$flatten\u_results.$neg$/src/rtl/hbm_accel/sm/wavepack_20261005/ot_hbm_accel_w2_result_join.sv:74$248 ($neg) from signed to unsigned.
Removed top 1 bits (of 5) from port A of cell ot_hbm_accel_w2_caller_cut.$flatten\u_results.$neg$/src/rtl/hbm_accel/sm/wavepack_20261005/ot_hbm_accel_w2_result_join.sv:74$248 ($neg).
Converting cell ot_hbm_accel_w2_caller_cut.$flatten\u_results.$neg$/src/rtl/hbm_accel/sm/wavepack_20261005/ot_hbm_accel_w2_result_join.sv:68$212 ($neg) from signed to unsigned.
Removed top 1 bits (of 3) from port A of cell ot_hbm_accel_w2_caller_cut.$flatten\u_results.$neg$/src/rtl/hbm_accel/sm/wavepack_20261005/ot_hbm_accel_w2_result_join.sv:68$212 ($neg).
Removed top 28 bits (of 32) from mux cell ot_hbm_accel_w2_caller_cut.$flatten\u_results.$ternary$/src/rtl/hbm_accel/sm/wavepack_20261005/ot_hbm_accel_w2_result_join.sv:65$206 ($mux).
Removed top 28 bits (of 32) from port Y of cell ot_hbm_accel_w2_caller_cut.$flatten\u_results.$add$/src/rtl/hbm_accel/sm/wavepack_20261005/ot_hbm_accel_w2_result_join.sv:65$205 ($add).
Removed top 28 bits (of 32) from mux cell ot_hbm_accel_w2_caller_cut.$flatten\u_results.$ternary$/src/rtl/hbm_accel/sm/wavepack_20261005/ot_hbm_accel_w2_result_join.sv:64$201 ($mux).
Removed top 28 bits (of 32) from port Y of cell ot_hbm_accel_w2_caller_cut.$flatten\u_results.$add$/src/rtl/hbm_accel/sm/wavepack_20261005/ot_hbm_accel_w2_result_join.sv:64$200 ($add).
Removed top 10 bits (of 12) from port B of cell ot_hbm_accel_w2_caller_cut.$flatten\u_results.$eq$/src/rtl/hbm_accel/sm/wavepack_20261005/ot_hbm_accel_w2_result_join.sv:53$180 ($eq).
Removed top 1 bits (of 4) from port B of cell ot_hbm_accel_w2_caller_cut.$flatten\u_results.$eq$/src/rtl/hbm_accel/sm/wavepack_20261005/ot_hbm_accel_w2_result_join.sv:53$178 ($eq).
Removed top 20 bits (of 32) from mux cell ot_hbm_accel_w2_caller_cut.$flatten\u_results.$ternary$/src/rtl/hbm_accel/sm/wavepack_20261005/ot_hbm_accel_w2_result_join.sv:50$167 ($mux).
Removed top 30 bits (of 32) from port B of cell ot_hbm_accel_w2_caller_cut.$flatten\u_results.$sub$/src/rtl/hbm_accel/sm/wavepack_20261005/ot_hbm_accel_w2_result_join.sv:50$165 ($sub).
Removed top 20 bits (of 32) from port Y of cell ot_hbm_accel_w2_caller_cut.$flatten\u_results.$sub$/src/rtl/hbm_accel/sm/wavepack_20261005/ot_hbm_accel_w2_result_join.sv:50$165 ($sub).
Removed top 30 bits (of 32) from port B of cell ot_hbm_accel_w2_caller_cut.$flatten\u_results.$ge$/src/rtl/hbm_accel/sm/wavepack_20261005/ot_hbm_accel_w2_result_join.sv:50$163 ($ge).
Removed top 29 bits (of 32) from port B of cell ot_hbm_accel_w2_caller_cut.$flatten\u_results.$lt$/src/rtl/hbm_accel/sm/wavepack_20261005/ot_hbm_accel_w2_result_join.sv:47$153 ($lt).
Removed top 1 bits (of 13) from port A of cell ot_hbm_accel_w2_caller_cut.$flatten\u_results.$eq$/src/rtl/hbm_accel/sm/wavepack_20261005/ot_hbm_accel_w2_result_join.sv:46$151 ($eq).
Removed top 1 bits (of 13) from port A of cell ot_hbm_accel_w2_caller_cut.$flatten\u_results.$lt$/src/rtl/hbm_accel/sm/wavepack_20261005/ot_hbm_accel_w2_result_join.sv:45$149 ($lt).
Removed top 28 bits (of 32) from port B of cell ot_hbm_accel_w2_caller_cut.$flatten\u_results.$lt$/src/rtl/hbm_accel/sm/wavepack_20261005/ot_hbm_accel_w2_result_join.sv:41$138 ($lt).
Removed top 10 bits (of 13) from port B of cell ot_hbm_accel_w2_caller_cut.$flatten\u_results.$eq$/src/rtl/hbm_accel/sm/wavepack_20261005/ot_hbm_accel_w2_result_join.sv:40$135 ($eq).
Removed top 1 bits (of 2) from port B of cell ot_hbm_accel_w2_caller_cut.$flatten\u_requests.$procmux$436_CMP0 ($eq).
Converting cell ot_hbm_accel_w2_caller_cut.$flatten\u_requests.$neg$/src/rtl/hbm_accel/sm/wavepack_20261005/ot_hbm_accel_w2_pair_request_join.sv:95$112 ($neg) from signed to unsigned.
Removed top 1 bits (of 3) from port A of cell ot_hbm_accel_w2_caller_cut.$flatten\u_requests.$neg$/src/rtl/hbm_accel/sm/wavepack_20261005/ot_hbm_accel_w2_pair_request_join.sv:95$112 ($neg).
Removed top 23 bits (of 24) from port B of cell ot_hbm_accel_w2_caller_cut.$flatten\u_requests.$eq$/src/rtl/hbm_accel/sm/wavepack_20261005/ot_hbm_accel_w2_pair_request_join.sv:89$82 ($eq).
Removed top 30 bits (of 32) from mux cell ot_hbm_accel_w2_caller_cut.$flatten\u_requests.$ternary$/src/rtl/hbm_accel/sm/wavepack_20261005/ot_hbm_accel_w2_pair_request_join.sv:84$74 ($mux).
Removed top 30 bits (of 32) from port Y of cell ot_hbm_accel_w2_caller_cut.$flatten\u_requests.$add$/src/rtl/hbm_accel/sm/wavepack_20261005/ot_hbm_accel_w2_pair_request_join.sv:84$73 ($add).
Removed top 30 bits (of 32) from mux cell ot_hbm_accel_w2_caller_cut.$flatten\u_requests.$ternary$/src/rtl/hbm_accel/sm/wavepack_20261005/ot_hbm_accel_w2_pair_request_join.sv:82$71 ($mux).
Removed top 30 bits (of 32) from port Y of cell ot_hbm_accel_w2_caller_cut.$flatten\u_requests.$add$/src/rtl/hbm_accel/sm/wavepack_20261005/ot_hbm_accel_w2_pair_request_join.sv:82$70 ($add).
Removed top 27 bits (of 32) from port B of cell ot_hbm_accel_w2_caller_cut.$flatten\u_requests.$add$/src/rtl/hbm_accel/sm/wavepack_20261005/ot_hbm_accel_w2_pair_request_join.sv:68$60 ($add).
Removed top 27 bits (of 32) from port B of cell ot_hbm_accel_w2_caller_cut.$flatten\u_requests.$add$/src/rtl/hbm_accel/sm/wavepack_20261005/ot_hbm_accel_w2_pair_request_join.sv:67$59 ($add).
Removed top 29 bits (of 32) from port B of cell ot_hbm_accel_w2_caller_cut.$flatten\u_requests.$lt$/src/rtl/hbm_accel/sm/wavepack_20261005/ot_hbm_accel_w2_pair_request_join.sv:58$35 ($lt).
Removed top 17 bits (of 24) from port B of cell ot_hbm_accel_w2_caller_cut.$flatten\u_requests.$eq$/src/rtl/hbm_accel/sm/wavepack_20261005/ot_hbm_accel_w2_pair_request_join.sv:57$28 ($eq).
Removed top 1 bits (of 33) from port A of cell ot_hbm_accel_w2_caller_cut.$flatten\u_requests.$add$/src/rtl/hbm_accel/sm/wavepack_20261005/ot_hbm_accel_w2_pair_request_join.sv:55$22 ($add).
Removed top 9 bits (of 33) from port B of cell ot_hbm_accel_w2_caller_cut.$flatten\u_requests.$add$/src/rtl/hbm_accel/sm/wavepack_20261005/ot_hbm_accel_w2_pair_request_join.sv:55$22 ($add).
Removed top 30 bits (of 32) from wire ot_hbm_accel_w2_caller_cut.$flatten\u_requests.$ternary$/src/rtl/hbm_accel/sm/wavepack_20261005/ot_hbm_accel_w2_pair_request_join.sv:84$74_Y.
Removed top 30 bits (of 32) from wire ot_hbm_accel_w2_caller_cut.$flatten\u_requests.$add$/src/rtl/hbm_accel/sm/wavepack_20261005/ot_hbm_accel_w2_pair_request_join.sv:84$73_Y.
Removed top 30 bits (of 32) from wire ot_hbm_accel_w2_caller_cut.$flatten\u_requests.$ternary$/src/rtl/hbm_accel/sm/wavepack_20261005/ot_hbm_accel_w2_pair_request_join.sv:82$71_Y.
Removed top 30 bits (of 32) from wire ot_hbm_accel_w2_caller_cut.$flatten\u_requests.$add$/src/rtl/hbm_accel/sm/wavepack_20261005/ot_hbm_accel_w2_pair_request_join.sv:82$70_Y.
Removed top 20 bits (of 32) from wire ot_hbm_accel_w2_caller_cut.$flatten\u_results.$sub$/src/rtl/hbm_accel/sm/wavepack_20261005/ot_hbm_accel_w2_result_join.sv:50$165_Y.
Removed top 28 bits (of 32) from wire ot_hbm_accel_w2_caller_cut.$flatten\u_results.$add$/src/rtl/hbm_accel/sm/wavepack_20261005/ot_hbm_accel_w2_result_join.sv:64$200_Y.
Removed top 28 bits (of 32) from wire ot_hbm_accel_w2_caller_cut.$flatten\u_results.$ternary$/src/rtl/hbm_accel/sm/wavepack_20261005/ot_hbm_accel_w2_result_join.sv:64$201_Y.
Removed top 28 bits (of 32) from wire ot_hbm_accel_w2_caller_cut.$flatten\u_results.$add$/src/rtl/hbm_accel/sm/wavepack_20261005/ot_hbm_accel_w2_result_join.sv:65$205_Y.
Removed top 28 bits (of 32) from wire ot_hbm_accel_w2_caller_cut.$flatten\u_results.$ternary$/src/rtl/hbm_accel/sm/wavepack_20261005/ot_hbm_accel_w2_result_join.sv:65$206_Y.

7.12. Executing PEEPOPT pass (run peephole optimizers).

7.13. Executing OPT_CLEAN pass (remove unused cells and wires).
Finding unused cells or wires in module \ot_hbm_accel_w2_caller_cut..
Removed 0 unused cells and 10 unused wires.
<suppressed ~1 debug messages>

7.14. Executing ALUMACC pass (create $alu and $macc cells).
Extracting $alu and $macc cells in module ot_hbm_accel_w2_caller_cut:
  creating $macc model for $flatten\u_requests.$add$/src/rtl/hbm_accel/sm/wavepack_20261005/ot_hbm_accel_w2_pair_request_join.sv:84$73 ($add).
  creating $macc model for $flatten\u_requests.$add$/src/rtl/hbm_accel/sm/wavepack_20261005/ot_hbm_accel_w2_pair_request_join.sv:82$70 ($add).
  creating $macc model for $flatten\u_requests.$sub$/src/rtl/hbm_accel/sm/wavepack_20261005/ot_hbm_accel_w2_pair_request_join.sv:79$68 ($sub).
  creating $macc model for $flatten\u_requests.$add$/src/rtl/hbm_accel/sm/wavepack_20261005/ot_hbm_accel_w2_pair_request_join.sv:78$67 ($add).
  creating $macc model for $flatten\u_requests.$add$/src/rtl/hbm_accel/sm/wavepack_20261005/ot_hbm_accel_w2_pair_request_join.sv:68$60 ($add).
  creating $macc model for $flatten\u_requests.$add$/src/rtl/hbm_accel/sm/wavepack_20261005/ot_hbm_accel_w2_pair_request_join.sv:67$59 ($add).
  creating $macc model for $flatten\u_results.$sub$/src/rtl/hbm_accel/sm/wavepack_20261005/ot_hbm_accel_w2_result_join.sv:50$165 ($sub).
  creating $macc model for $flatten\u_requests.$neg$/src/rtl/hbm_accel/sm/wavepack_20261005/ot_hbm_accel_w2_pair_request_join.sv:95$112 ($neg).
  creating $macc model for $flatten\u_requests.$sub$/src/rtl/hbm_accel/sm/wavepack_20261005/ot_hbm_accel_w2_pair_request_join.sv:88$80 ($sub).
  creating $macc model for $flatten\u_results.$add$/src/rtl/hbm_accel/sm/wavepack_20261005/ot_hbm_accel_w2_result_join.sv:52$173 ($add).
  creating $macc model for $flatten\u_results.$add$/src/rtl/hbm_accel/sm/wavepack_20261005/ot_hbm_accel_w2_result_join.sv:60$197 ($add).
  creating $macc model for $flatten\u_results.$sub$/src/rtl/hbm_accel/sm/wavepack_20261005/ot_hbm_accel_w2_result_join.sv:61$198 ($sub).
  creating $macc model for $flatten\u_results.$add$/src/rtl/hbm_accel/sm/wavepack_20261005/ot_hbm_accel_w2_result_join.sv:64$200 ($add).
  creating $macc model for $flatten\u_results.$add$/src/rtl/hbm_accel/sm/wavepack_20261005/ot_hbm_accel_w2_result_join.sv:65$205 ($add).
  creating $macc model for $flatten\u_results.$neg$/src/rtl/hbm_accel/sm/wavepack_20261005/ot_hbm_accel_w2_result_join.sv:68$212 ($neg).
  creating $macc model for $flatten\u_results.$neg$/src/rtl/hbm_accel/sm/wavepack_20261005/ot_hbm_accel_w2_result_join.sv:74$248 ($neg).
  creating $macc model for $flatten\u_requests.$add$/src/rtl/hbm_accel/sm/wavepack_20261005/ot_hbm_accel_w2_pair_request_join.sv:88$81 ($add).
  creating $macc model for $flatten\u_requests.$add$/src/rtl/hbm_accel/sm/wavepack_20261005/ot_hbm_accel_w2_pair_request_join.sv:55$22 ($add).
  creating $macc model for $flatten\u_address.$add$/src/rtl/hbm_accel/sm/wavepack_20261005/ot_hbm_accel_w2_address_hook.sv:18$262 ($add).
  creating $alu model for $macc $flatten\u_address.$add$/src/rtl/hbm_accel/sm/wavepack_20261005/ot_hbm_accel_w2_address_hook.sv:18$262.
  creating $alu model for $macc $flatten\u_requests.$add$/src/rtl/hbm_accel/sm/wavepack_20261005/ot_hbm_accel_w2_pair_request_join.sv:55$22.
  creating $alu model for $macc $flatten\u_requests.$add$/src/rtl/hbm_accel/sm/wavepack_20261005/ot_hbm_accel_w2_pair_request_join.sv:88$81.
  creating $alu model for $macc $flatten\u_results.$neg$/src/rtl/hbm_accel/sm/wavepack_20261005/ot_hbm_accel_w2_result_join.sv:74$248.
  creating $alu model for $macc $flatten\u_results.$neg$/src/rtl/hbm_accel/sm/wavepack_20261005/ot_hbm_accel_w2_result_join.sv:68$212.
  creating $alu model for $macc $flatten\u_results.$add$/src/rtl/hbm_accel/sm/wavepack_20261005/ot_hbm_accel_w2_result_join.sv:65$205.
  creating $alu model for $macc $flatten\u_results.$add$/src/rtl/hbm_accel/sm/wavepack_20261005/ot_hbm_accel_w2_result_join.sv:64$200.
  creating $alu model for $macc $flatten\u_results.$sub$/src/rtl/hbm_accel/sm/wavepack_20261005/ot_hbm_accel_w2_result_join.sv:61$198.
  creating $alu model for $macc $flatten\u_results.$add$/src/rtl/hbm_accel/sm/wavepack_20261005/ot_hbm_accel_w2_result_join.sv:60$197.
  creating $alu model for $macc $flatten\u_results.$add$/src/rtl/hbm_accel/sm/wavepack_20261005/ot_hbm_accel_w2_result_join.sv:52$173.
  creating $alu model for $macc $flatten\u_requests.$sub$/src/rtl/hbm_accel/sm/wavepack_20261005/ot_hbm_accel_w2_pair_request_join.sv:88$80.
  creating $alu model for $macc $flatten\u_requests.$neg$/src/rtl/hbm_accel/sm/wavepack_20261005/ot_hbm_accel_w2_pair_request_join.sv:95$112.
  creating $alu model for $macc $flatten\u_results.$sub$/src/rtl/hbm_accel/sm/wavepack_20261005/ot_hbm_accel_w2_result_join.sv:50$165.
  creating $alu model for $macc $flatten\u_requests.$add$/src/rtl/hbm_accel/sm/wavepack_20261005/ot_hbm_accel_w2_pair_request_join.sv:67$59.
  creating $alu model for $macc $flatten\u_requests.$add$/src/rtl/hbm_accel/sm/wavepack_20261005/ot_hbm_accel_w2_pair_request_join.sv:68$60.
  creating $alu model for $macc $flatten\u_requests.$add$/src/rtl/hbm_accel/sm/wavepack_20261005/ot_hbm_accel_w2_pair_request_join.sv:78$67.
  creating $alu model for $macc $flatten\u_requests.$sub$/src/rtl/hbm_accel/sm/wavepack_20261005/ot_hbm_accel_w2_pair_request_join.sv:79$68.
  creating $alu model for $macc $flatten\u_requests.$add$/src/rtl/hbm_accel/sm/wavepack_20261005/ot_hbm_accel_w2_pair_request_join.sv:82$70.
  creating $alu model for $macc $flatten\u_requests.$add$/src/rtl/hbm_accel/sm/wavepack_20261005/ot_hbm_accel_w2_pair_request_join.sv:84$73.
  creating $alu model for $flatten\u_results.$lt$/src/rtl/hbm_accel/sm/wavepack_20261005/ot_hbm_accel_w2_result_join.sv:41$138 ($lt): new $alu
  creating $alu model for $flatten\u_results.$lt$/src/rtl/hbm_accel/sm/wavepack_20261005/ot_hbm_accel_w2_result_join.sv:45$149 ($lt): new $alu
  creating $alu model for $flatten\u_results.$lt$/src/rtl/hbm_accel/sm/wavepack_20261005/ot_hbm_accel_w2_result_join.sv:47$153 ($lt): new $alu
  creating $alu model for $flatten\u_results.$ge$/src/rtl/hbm_accel/sm/wavepack_20261005/ot_hbm_accel_w2_result_join.sv:50$163 ($ge): merged with $flatten\u_results.$sub$/src/rtl/hbm_accel/sm/wavepack_20261005/ot_hbm_accel_w2_result_join.sv:50$165.
  creating $alu model for $flatten\u_requests.$lt$/src/rtl/hbm_accel/sm/wavepack_20261005/ot_hbm_accel_w2_pair_request_join.sv:58$35 ($lt): new $alu
  creating $alu model for $flatten\u_requests.$le$/src/rtl/hbm_accel/sm/wavepack_20261005/ot_hbm_accel_w2_pair_request_join.sv:57$31 ($le): new $alu
  creating $alu model for $flatten\u_requests.$le$/src/rtl/hbm_accel/sm/wavepack_20261005/ot_hbm_accel_w2_pair_request_join.sv:57$29 ($le): new $alu
  creating $alu model for $flatten\u_address.$ge$/src/rtl/hbm_accel/sm/wavepack_20261005/ot_hbm_accel_w2_address_hook.sv:19$264 ($ge): new $alu
  creating $alu model for $flatten\u_address.$ge$/src/rtl/hbm_accel/sm/wavepack_20261005/ot_hbm_accel_w2_address_hook.sv:21$271 ($ge): new $alu
  creating $alu model for $flatten\u_requests.$eq$/src/rtl/hbm_accel/sm/wavepack_20261005/ot_hbm_accel_w2_pair_request_join.sv:89$82 ($eq): merged with $flatten\u_requests.$sub$/src/rtl/hbm_accel/sm/wavepack_20261005/ot_hbm_accel_w2_pair_request_join.sv:88$80.
  creating $alu cell for $flatten\u_address.$ge$/src/rtl/hbm_accel/sm/wavepack_20261005/ot_hbm_accel_w2_address_hook.sv:21$271: $auto$alumacc.cc:548:replace_alu$637
  creating $alu cell for $flatten\u_address.$ge$/src/rtl/hbm_accel/sm/wavepack_20261005/ot_hbm_accel_w2_address_hook.sv:19$264: $auto$alumacc.cc:548:replace_alu$650
  creating $alu cell for $flatten\u_requests.$le$/src/rtl/hbm_accel/sm/wavepack_20261005/ot_hbm_accel_w2_pair_request_join.sv:57$29: $auto$alumacc.cc:548:replace_alu$663
  creating $alu cell for $flatten\u_requests.$le$/src/rtl/hbm_accel/sm/wavepack_20261005/ot_hbm_accel_w2_pair_request_join.sv:57$31: $auto$alumacc.cc:548:replace_alu$672
  creating $alu cell for $flatten\u_requests.$lt$/src/rtl/hbm_accel/sm/wavepack_20261005/ot_hbm_accel_w2_pair_request_join.sv:58$35: $auto$alumacc.cc:548:replace_alu$681
  creating $alu cell for $flatten\u_results.$lt$/src/rtl/hbm_accel/sm/wavepack_20261005/ot_hbm_accel_w2_result_join.sv:47$153: $auto$alumacc.cc:548:replace_alu$686
  creating $alu cell for $flatten\u_results.$lt$/src/rtl/hbm_accel/sm/wavepack_20261005/ot_hbm_accel_w2_result_join.sv:45$149: $auto$alumacc.cc:548:replace_alu$691
  creating $alu cell for $flatten\u_results.$lt$/src/rtl/hbm_accel/sm/wavepack_20261005/ot_hbm_accel_w2_result_join.sv:41$138: $auto$alumacc.cc:548:replace_alu$696
  creating $alu cell for $flatten\u_requests.$add$/src/rtl/hbm_accel/sm/wavepack_20261005/ot_hbm_accel_w2_pair_request_join.sv:84$73: $auto$alumacc.cc:548:replace_alu$701
  creating $alu cell for $flatten\u_requests.$add$/src/rtl/hbm_accel/sm/wavepack_20261005/ot_hbm_accel_w2_pair_request_join.sv:82$70: $auto$alumacc.cc:548:replace_alu$704
  creating $alu cell for $flatten\u_requests.$sub$/src/rtl/hbm_accel/sm/wavepack_20261005/ot_hbm_accel_w2_pair_request_join.sv:79$68: $auto$alumacc.cc:548:replace_alu$707
  creating $alu cell for $flatten\u_requests.$add$/src/rtl/hbm_accel/sm/wavepack_20261005/ot_hbm_accel_w2_pair_request_join.sv:78$67: $auto$alumacc.cc:548:replace_alu$710
  creating $alu cell for $flatten\u_requests.$add$/src/rtl/hbm_accel/sm/wavepack_20261005/ot_hbm_accel_w2_pair_request_join.sv:68$60: $auto$alumacc.cc:548:replace_alu$713
  creating $alu cell for $flatten\u_requests.$add$/src/rtl/hbm_accel/sm/wavepack_20261005/ot_hbm_accel_w2_pair_request_join.sv:67$59: $auto$alumacc.cc:548:replace_alu$716
  creating $alu cell for $flatten\u_results.$sub$/src/rtl/hbm_accel/sm/wavepack_20261005/ot_hbm_accel_w2_result_join.sv:50$165, $flatten\u_results.$ge$/src/rtl/hbm_accel/sm/wavepack_20261005/ot_hbm_accel_w2_result_join.sv:50$163: $auto$alumacc.cc:548:replace_alu$719
  creating $alu cell for $flatten\u_requests.$neg$/src/rtl/hbm_accel/sm/wavepack_20261005/ot_hbm_accel_w2_pair_request_join.sv:95$112: $auto$alumacc.cc:548:replace_alu$732
  creating $alu cell for $flatten\u_requests.$sub$/src/rtl/hbm_accel/sm/wavepack_20261005/ot_hbm_accel_w2_pair_request_join.sv:88$80, $flatten\u_requests.$eq$/src/rtl/hbm_accel/sm/wavepack_20261005/ot_hbm_accel_w2_pair_request_join.sv:89$82: $auto$alumacc.cc:548:replace_alu$735
  creating $alu cell for $flatten\u_results.$add$/src/rtl/hbm_accel/sm/wavepack_20261005/ot_hbm_accel_w2_result_join.sv:52$173: $auto$alumacc.cc:548:replace_alu$740
  creating $alu cell for $flatten\u_results.$add$/src/rtl/hbm_accel/sm/wavepack_20261005/ot_hbm_accel_w2_result_join.sv:60$197: $auto$alumacc.cc:548:replace_alu$743
  creating $alu cell for $flatten\u_results.$sub$/src/rtl/hbm_accel/sm/wavepack_20261005/ot_hbm_accel_w2_result_join.sv:61$198: $auto$alumacc.cc:548:replace_alu$746
  creating $alu cell for $flatten\u_results.$add$/src/rtl/hbm_accel/sm/wavepack_20261005/ot_hbm_accel_w2_result_join.sv:64$200: $auto$alumacc.cc:548:replace_alu$749
  creating $alu cell for $flatten\u_results.$add$/src/rtl/hbm_accel/sm/wavepack_20261005/ot_hbm_accel_w2_result_join.sv:65$205: $auto$alumacc.cc:548:replace_alu$752
  creating $alu cell for $flatten\u_results.$neg$/src/rtl/hbm_accel/sm/wavepack_20261005/ot_hbm_accel_w2_result_join.sv:68$212: $auto$alumacc.cc:548:replace_alu$755
  creating $alu cell for $flatten\u_results.$neg$/src/rtl/hbm_accel/sm/wavepack_20261005/ot_hbm_accel_w2_result_join.sv:74$248: $auto$alumacc.cc:548:replace_alu$758
  creating $alu cell for $flatten\u_requests.$add$/src/rtl/hbm_accel/sm/wavepack_20261005/ot_hbm_accel_w2_pair_request_join.sv:88$81: $auto$alumacc.cc:548:replace_alu$761
  creating $alu cell for $flatten\u_requests.$add$/src/rtl/hbm_accel/sm/wavepack_20261005/ot_hbm_accel_w2_pair_request_join.sv:55$22: $auto$alumacc.cc:548:replace_alu$764
  creating $alu cell for $flatten\u_address.$add$/src/rtl/hbm_accel/sm/wavepack_20261005/ot_hbm_accel_w2_address_hook.sv:18$262: $auto$alumacc.cc:548:replace_alu$767
  created 27 $alu and 0 $macc cells.

7.15. Executing SHARE pass (SAT-based resource sharing).
Found 3 cells in module ot_hbm_accel_w2_caller_cut that may be considered for resource sharing.
  Analyzing resource sharing options for $flatten\u_results.$memrd$\g_restore.qa$/src/rtl/hbm_accel/sm/wavepack_20261005/ot_hbm_accel_w2_result_join.sv:51$171 ($memrd):
    Found 1 activation_patterns using ctrl signal $flatten\u_results.$logic_and$/src/rtl/hbm_accel/sm/wavepack_20261005/ot_hbm_accel_w2_result_join.sv:50$164_Y.
    No candidates found.
  Analyzing resource sharing options for $flatten\u_results.$memrd$\g_restore.qb$/src/rtl/hbm_accel/sm/wavepack_20261005/ot_hbm_accel_w2_result_join.sv:51$170 ($memrd):
    Found 1 activation_patterns using ctrl signal $flatten\u_results.$logic_and$/src/rtl/hbm_accel/sm/wavepack_20261005/ot_hbm_accel_w2_result_join.sv:50$164_Y.
    No candidates found.
  Analyzing resource sharing options for $flatten\u_requests.$memrd$\g_pair.qlines$/src/rtl/hbm_accel/sm/wavepack_20261005/ot_hbm_accel_w2_pair_request_join.sv:86$79 ($memrd):
    Found 1 activation_patterns using ctrl signal \u_requests.g_pair.load.
    No candidates found.

7.16. Executing OPT pass (performing simple optimizations).

7.16.1. Executing OPT_EXPR pass (perform const folding).
Optimizing module ot_hbm_accel_w2_caller_cut.

7.16.2. Executing OPT_MERGE pass (detect identical cells).
Finding identical cells in module `\ot_hbm_accel_w2_caller_cut'.
Computing hashes of 240 cells of `\ot_hbm_accel_w2_caller_cut'.
Finding duplicate cells in `\ot_hbm_accel_w2_caller_cut'.
Removed a total of 0 cells.

7.16.3. Executing OPT_MUXTREE pass (detect dead branches in mux trees).
Running muxtree optimizer on module \ot_hbm_accel_w2_caller_cut..
  Creating internal representation of mux trees.
  Evaluating internal representation of mux trees.
  Analyzing evaluation results.
Removed 0 multiplexer ports.
<suppressed ~58 debug messages>

7.16.4. Executing OPT_REDUCE pass (consolidate $*mux and $reduce_* inputs).
  Optimizing cells in module \ot_hbm_accel_w2_caller_cut.
Performed a total of 0 changes.

7.16.5. Executing OPT_MERGE pass (detect identical cells).
Finding identical cells in module `\ot_hbm_accel_w2_caller_cut'.
Computing hashes of 240 cells of `\ot_hbm_accel_w2_caller_cut'.
Finding duplicate cells in `\ot_hbm_accel_w2_caller_cut'.
Removed a total of 0 cells.

7.16.6. Executing OPT_DFF pass (perform DFF optimizations).

7.16.7. Executing OPT_CLEAN pass (remove unused cells and wires).
Finding unused cells or wires in module \ot_hbm_accel_w2_caller_cut..
Removed 0 unused cells and 10 unused wires.
<suppressed ~1 debug messages>

7.16.8. Executing OPT_EXPR pass (perform const folding).
Optimizing module ot_hbm_accel_w2_caller_cut.

7.16.9. Rerunning OPT passes. (Maybe there is more to do..)

7.16.10. Executing OPT_MUXTREE pass (detect dead branches in mux trees).
Running muxtree optimizer on module \ot_hbm_accel_w2_caller_cut..
  Creating internal representation of mux trees.
  Evaluating internal representation of mux trees.
  Analyzing evaluation results.
Removed 0 multiplexer ports.
<suppressed ~58 debug messages>

7.16.11. Executing OPT_REDUCE pass (consolidate $*mux and $reduce_* inputs).
  Optimizing cells in module \ot_hbm_accel_w2_caller_cut.
Performed a total of 0 changes.

7.16.12. Executing OPT_MERGE pass (detect identical cells).
Finding identical cells in module `\ot_hbm_accel_w2_caller_cut'.
Computing hashes of 240 cells of `\ot_hbm_accel_w2_caller_cut'.
Finding duplicate cells in `\ot_hbm_accel_w2_caller_cut'.
Removed a total of 0 cells.

7.16.13. Executing OPT_DFF pass (perform DFF optimizations).

7.16.14. Executing OPT_CLEAN pass (remove unused cells and wires).
Finding unused cells or wires in module \ot_hbm_accel_w2_caller_cut..

7.16.15. Executing OPT_EXPR pass (perform const folding).
Optimizing module ot_hbm_accel_w2_caller_cut.

7.16.16. Finished fast OPT passes. (There is nothing left to do.)

7.17. Executing MEMORY pass.

7.17.1. Executing OPT_MEM pass (optimize memories).
Performed a total of 0 transformations.

7.17.2. Executing OPT_MEM_PRIORITY pass (removing unnecessary memory write priority relations).
Performed a total of 0 transformations.

7.17.3. Executing OPT_MEM_FEEDBACK pass (finding memory read-to-write feedback paths).
  Analyzing ot_hbm_accel_w2_caller_cut.u_requests.g_pair.qa write port 0.
  Analyzing ot_hbm_accel_w2_caller_cut.u_requests.g_pair.qb write port 0.
  Analyzing ot_hbm_accel_w2_caller_cut.u_requests.g_pair.qlines write port 0.
  Analyzing ot_hbm_accel_w2_caller_cut.u_results.g_restore.qa write port 0.
  Analyzing ot_hbm_accel_w2_caller_cut.u_results.g_restore.qb write port 0.
  Analyzing ot_hbm_accel_w2_caller_cut.u_results.g_restore.qrows write port 0.

7.17.4. Executing MEMORY_BMUX2ROM pass (converting muxes to ROMs).

7.17.5. Executing MEMORY_DFF pass (merging $dff cells to $memrd).
Checking read port `\u_requests.g_pair.qa'[0] in module `\ot_hbm_accel_w2_caller_cut': merging output FF to cell.
    Write port 0: non-transparent.
Checking read port `\u_requests.g_pair.qb'[0] in module `\ot_hbm_accel_w2_caller_cut': merging output FF to cell.
    Write port 0: non-transparent.
Checking read port `\u_requests.g_pair.qlines'[0] in module `\ot_hbm_accel_w2_caller_cut': FF found, but with a mux select that doesn't seem to correspond to transparency logic.
Checking read port `\u_results.g_restore.qa'[0] in module `\ot_hbm_accel_w2_caller_cut': no output FF found.
Checking read port `\u_results.g_restore.qb'[0] in module `\ot_hbm_accel_w2_caller_cut': no output FF found.
Checking read port `\u_results.g_restore.qrows'[0] in module `\ot_hbm_accel_w2_caller_cut': no output FF found.
Checking read port address `\u_requests.g_pair.qlines'[0] in module `\ot_hbm_accel_w2_caller_cut': address FF has async set and/or reset, not supported.
Checking read port address `\u_results.g_restore.qa'[0] in module `\ot_hbm_accel_w2_caller_cut': address FF has async set and/or reset, not supported.
Checking read port address `\u_results.g_restore.qb'[0] in module `\ot_hbm_accel_w2_caller_cut': address FF has async set and/or reset, not supported.
Checking read port address `\u_results.g_restore.qrows'[0] in module `\ot_hbm_accel_w2_caller_cut': address FF has async set and/or reset, not supported.

7.17.6. Executing OPT_CLEAN pass (remove unused cells and wires).
Finding unused cells or wires in module \ot_hbm_accel_w2_caller_cut..
Removed 2 unused cells and 66 unused wires.
<suppressed ~3 debug messages>

7.17.7. Executing MEMORY_SHARE pass (consolidating $memrd/$memwr cells).

7.17.8. Executing OPT_MEM_WIDEN pass (optimize memories where all ports are wide).
Performed a total of 0 transformations.

7.17.9. Executing OPT_CLEAN pass (remove unused cells and wires).
Finding unused cells or wires in module \ot_hbm_accel_w2_caller_cut..

7.17.10. Executing MEMORY_COLLECT pass (generating $mem cells).

7.18. Executing OPT_CLEAN pass (remove unused cells and wires).
Finding unused cells or wires in module \ot_hbm_accel_w2_caller_cut..

7.19. Executing OPT pass (performing simple optimizations).

7.19.1. Executing OPT_EXPR pass (perform const folding).
Optimizing module ot_hbm_accel_w2_caller_cut.
<suppressed ~29 debug messages>

7.19.2. Executing OPT_MERGE pass (detect identical cells).
Finding identical cells in module `\ot_hbm_accel_w2_caller_cut'.
Computing hashes of 235 cells of `\ot_hbm_accel_w2_caller_cut'.
Finding duplicate cells in `\ot_hbm_accel_w2_caller_cut'.
Computing hashes of 232 cells of `\ot_hbm_accel_w2_caller_cut'.
Finding duplicate cells in `\ot_hbm_accel_w2_caller_cut'.
<suppressed ~9 debug messages>
Removed a total of 3 cells.

7.19.3. Executing OPT_DFF pass (perform DFF optimizations).

7.19.4. Executing OPT_CLEAN pass (remove unused cells and wires).
Finding unused cells or wires in module \ot_hbm_accel_w2_caller_cut..
Removed 3 unused cells and 38 unused wires.
<suppressed ~4 debug messages>

7.19.5. Finished fast OPT passes.

7.20. Executing MEMORY_MAP pass (converting memories to logic and flip-flops).
Mapping memory \u_requests.g_pair.qlines in module \ot_hbm_accel_w2_caller_cut:
  created 4 $dff cells and 0 static cells of width 24.
  read interface: 0 $dff and 3 $mux cells.
  write interface: 4 write mux blocks.
Mapping memory \u_requests.g_pair.qb in module \ot_hbm_accel_w2_caller_cut:
  created 4 $dff cells and 0 static cells of width 32.
Extracted data FF from read port 0 of ot_hbm_accel_w2_caller_cut.u_requests.g_pair.qb: $\u_requests.g_pair.qb$rdreg[0]
  read interface: 1 $dff and 3 $mux cells.
  write interface: 4 write mux blocks.
Mapping memory \u_requests.g_pair.qa in module \ot_hbm_accel_w2_caller_cut:
  created 4 $dff cells and 0 static cells of width 32.
Extracted data FF from read port 0 of ot_hbm_accel_w2_caller_cut.u_requests.g_pair.qa: $\u_requests.g_pair.qa$rdreg[0]
  read interface: 1 $dff and 3 $mux cells.
  write interface: 4 write mux blocks.
Mapping memory \u_results.g_restore.qrows in module \ot_hbm_accel_w2_caller_cut:
  created 11 $dff cells and 0 static cells of width 13.
  read interface: 0 $dff and 15 $mux cells.
  write interface: 11 write mux blocks.
Mapping memory \u_results.g_restore.qb in module \ot_hbm_accel_w2_caller_cut:
  created 11 $dff cells and 0 static cells of width 32.
  read interface: 0 $dff and 15 $mux cells.
  write interface: 11 write mux blocks.
Mapping memory \u_results.g_restore.qa in module \ot_hbm_accel_w2_caller_cut:
  created 11 $dff cells and 0 static cells of width 32.
  read interface: 0 $dff and 15 $mux cells.
  write interface: 11 write mux blocks.

7.21. Executing OPT pass (performing simple optimizations).

7.21.1. Executing OPT_EXPR pass (perform const folding).
Optimizing module ot_hbm_accel_w2_caller_cut.
<suppressed ~50 debug messages>

7.21.2. Executing OPT_MERGE pass (detect identical cells).
Finding identical cells in module `\ot_hbm_accel_w2_caller_cut'.
Computing hashes of 433 cells of `\ot_hbm_accel_w2_caller_cut'.
Finding duplicate cells in `\ot_hbm_accel_w2_caller_cut'.
Computing hashes of 403 cells of `\ot_hbm_accel_w2_caller_cut'.
Finding duplicate cells in `\ot_hbm_accel_w2_caller_cut'.
<suppressed ~90 debug messages>
Removed a total of 30 cells.

7.21.3. Executing OPT_MUXTREE pass (detect dead branches in mux trees).
Running muxtree optimizer on module \ot_hbm_accel_w2_caller_cut..
  Creating internal representation of mux trees.
  Evaluating internal representation of mux trees.
  Analyzing evaluation results.
Removed 0 multiplexer ports.
<suppressed ~167 debug messages>

7.21.4. Executing OPT_REDUCE pass (consolidate $*mux and $reduce_* inputs).
  Optimizing cells in module \ot_hbm_accel_w2_caller_cut.
    Consolidated identical input bits for $mux cell $flatten\u_results.$ternary$/src/rtl/hbm_accel/sm/wavepack_20261005/ot_hbm_accel_w2_result_join.sv:50$167:
      Old ports: A=\sm_row, B={ $auto$wreduce.cc:514:run$624 [11:1] \sm_row [0] }, Y=\rrow
      New ports: A=\sm_row [11:1], B=$auto$wreduce.cc:514:run$624 [11:1], Y=\rrow [11:1]
      New connections: \rrow [0] = \sm_row [0]
  Optimizing cells in module \ot_hbm_accel_w2_caller_cut.
Performed a total of 1 changes.

7.21.5. Executing OPT_MERGE pass (detect identical cells).
Finding identical cells in module `\ot_hbm_accel_w2_caller_cut'.
Computing hashes of 403 cells of `\ot_hbm_accel_w2_caller_cut'.
Finding duplicate cells in `\ot_hbm_accel_w2_caller_cut'.
Removed a total of 0 cells.

7.21.6. Executing OPT_SHARE pass.
    Found cells that share an operand and can be merged by moving the $mux $flatten\u_requests.$ternary$/src/rtl/hbm_accel/sm/wavepack_20261005/ot_hbm_accel_w2_pair_request_join.sv:69$61 in front of them:
        $auto$alumacc.cc:548:replace_alu$713
        $auto$alumacc.cc:548:replace_alu$716

    Found cells that share an operand and can be merged by moving the $mux $flatten\u_requests.$procmux$435 in front of them:
        $auto$alumacc.cc:548:replace_alu$707
        $auto$alumacc.cc:548:replace_alu$710

    Found cells that share an operand and can be merged by moving the $mux $flatten\u_results.$procmux$357 in front of them:
        $auto$alumacc.cc:548:replace_alu$746
        $auto$alumacc.cc:548:replace_alu$743

7.21.7. Executing OPT_DFF pass (perform DFF optimizations).

7.21.8. Executing OPT_CLEAN pass (remove unused cells and wires).
Finding unused cells or wires in module \ot_hbm_accel_w2_caller_cut..
Removed 1 unused cells and 169 unused wires.
<suppressed ~4 debug messages>

7.21.9. Executing OPT_EXPR pass (perform const folding).
Optimizing module ot_hbm_accel_w2_caller_cut.
<suppressed ~11 debug messages>

7.21.10. Rerunning OPT passes. (Maybe there is more to do..)

7.21.11. Executing OPT_MUXTREE pass (detect dead branches in mux trees).
Running muxtree optimizer on module \ot_hbm_accel_w2_caller_cut..
  Creating internal representation of mux trees.
  Evaluating internal representation of mux trees.
  Analyzing evaluation results.
Removed 0 multiplexer ports.
<suppressed ~162 debug messages>

7.21.12. Executing OPT_REDUCE pass (consolidate $*mux and $reduce_* inputs).
  Optimizing cells in module \ot_hbm_accel_w2_caller_cut.
    Consolidated identical input bits for $mux cell $auto$opt_share.cc:244:merge_operators$1401:
      Old ports: A=4'1111, B=4'0001, Y=$auto$rtlil.cc:3402:Mux$1402
      New ports: A=1'1, B=1'0, Y=$auto$rtlil.cc:3402:Mux$1402 [1]
      New connections: { $auto$rtlil.cc:3402:Mux$1402 [3:2] $auto$rtlil.cc:3402:Mux$1402 [0] } = { $auto$rtlil.cc:3402:Mux$1402 [1] $auto$rtlil.cc:3402:Mux$1402 [1] 1'1 }
    Consolidated identical input bits for $mux cell $auto$opt_share.cc:244:merge_operators$1394:
      Old ports: A=3'111, B=3'001, Y=$auto$rtlil.cc:3402:Mux$1395
      New ports: A=1'1, B=1'0, Y=$auto$rtlil.cc:3402:Mux$1395 [1]
      New connections: { $auto$rtlil.cc:3402:Mux$1395 [2] $auto$rtlil.cc:3402:Mux$1395 [0] } = { $auto$rtlil.cc:3402:Mux$1395 [1] 1'1 }
  Optimizing cells in module \ot_hbm_accel_w2_caller_cut.
Performed a total of 2 changes.

7.21.13. Executing OPT_MERGE pass (detect identical cells).
Finding identical cells in module `\ot_hbm_accel_w2_caller_cut'.
Computing hashes of 393 cells of `\ot_hbm_accel_w2_caller_cut'.
Finding duplicate cells in `\ot_hbm_accel_w2_caller_cut'.
Removed a total of 0 cells.

7.21.14. Executing OPT_SHARE pass.

7.21.15. Executing OPT_DFF pass (perform DFF optimizations).
Adding EN signal on $memory\u_results.g_restore.qa[1]$1277 ($dff) from module ot_hbm_accel_w2_caller_cut (D = \op_id_a, Q = \u_results.g_restore.qa[1]).
Adding EN signal on $memory\u_requests.g_pair.qlines[0]$886 ($dff) from module ot_hbm_accel_w2_caller_cut (D = \d_lines, Q = \u_requests.g_pair.qlines[0]).
Adding EN signal on $memory\u_requests.g_pair.qlines[1]$888 ($dff) from module ot_hbm_accel_w2_caller_cut (D = \d_lines, Q = \u_requests.g_pair.qlines[1]).
Adding EN signal on $memory\u_requests.g_pair.qlines[2]$890 ($dff) from module ot_hbm_accel_w2_caller_cut (D = \d_lines, Q = \u_requests.g_pair.qlines[2]).
Adding EN signal on $memory\u_requests.g_pair.qlines[3]$892 ($dff) from module ot_hbm_accel_w2_caller_cut (D = \d_lines, Q = \u_requests.g_pair.qlines[3]).
Adding EN signal on $memory\u_results.g_restore.qa[2]$1279 ($dff) from module ot_hbm_accel_w2_caller_cut (D = \op_id_a, Q = \u_results.g_restore.qa[2]).
Adding EN signal on $memory\u_results.g_restore.qa[3]$1281 ($dff) from module ot_hbm_accel_w2_caller_cut (D = \op_id_a, Q = \u_results.g_restore.qa[3]).
Adding EN signal on $memory\u_results.g_restore.qa[4]$1283 ($dff) from module ot_hbm_accel_w2_caller_cut (D = \op_id_a, Q = \u_results.g_restore.qa[4]).
Adding EN signal on $memory\u_results.g_restore.qa[5]$1285 ($dff) from module ot_hbm_accel_w2_caller_cut (D = \op_id_a, Q = \u_results.g_restore.qa[5]).
Adding EN signal on $memory\u_results.g_restore.qa[6]$1287 ($dff) from module ot_hbm_accel_w2_caller_cut (D = \op_id_a, Q = \u_results.g_restore.qa[6]).
Adding EN signal on $memory\u_requests.g_pair.qb[0]$935 ($dff) from module ot_hbm_accel_w2_caller_cut (D = \d_base_b, Q = \u_requests.g_pair.qb[0]).
Adding EN signal on $memory\u_requests.g_pair.qb[1]$937 ($dff) from module ot_hbm_accel_w2_caller_cut (D = \d_base_b, Q = \u_requests.g_pair.qb[1]).
Adding EN signal on $memory\u_requests.g_pair.qb[2]$939 ($dff) from module ot_hbm_accel_w2_caller_cut (D = \d_base_b, Q = \u_requests.g_pair.qb[2]).
Adding EN signal on $memory\u_requests.g_pair.qb[3]$941 ($dff) from module ot_hbm_accel_w2_caller_cut (D = \d_base_b, Q = \u_requests.g_pair.qb[3]).
Adding EN signal on $memory\u_results.g_restore.qa[7]$1289 ($dff) from module ot_hbm_accel_w2_caller_cut (D = \op_id_a, Q = \u_results.g_restore.qa[7]).
Adding EN signal on $memory\u_results.g_restore.qa[8]$1291 ($dff) from module ot_hbm_accel_w2_caller_cut (D = \op_id_a, Q = \u_results.g_restore.qa[8]).
Adding EN signal on $memory\u_results.g_restore.qa[9]$1293 ($dff) from module ot_hbm_accel_w2_caller_cut (D = \op_id_a, Q = \u_results.g_restore.qa[9]).
Adding EN signal on $memory\u_results.g_restore.qa[10]$1295 ($dff) from module ot_hbm_accel_w2_caller_cut (D = \op_id_a, Q = \u_results.g_restore.qa[10]).
Adding EN signal on $memory\u_requests.g_pair.qa[0]$968 ($dff) from module ot_hbm_accel_w2_caller_cut (D = \d_base_a, Q = \u_requests.g_pair.qa[0]).
Adding EN signal on $memory\u_requests.g_pair.qa[1]$970 ($dff) from module ot_hbm_accel_w2_caller_cut (D = \d_base_a, Q = \u_requests.g_pair.qa[1]).
Adding EN signal on $memory\u_requests.g_pair.qa[2]$972 ($dff) from module ot_hbm_accel_w2_caller_cut (D = \d_base_a, Q = \u_requests.g_pair.qa[2]).
Adding EN signal on $memory\u_requests.g_pair.qa[3]$974 ($dff) from module ot_hbm_accel_w2_caller_cut (D = \d_base_a, Q = \u_requests.g_pair.qa[3]).
Adding EN signal on $memory\u_results.g_restore.qrows[0]$1001 ($dff) from module ot_hbm_accel_w2_caller_cut (D = \op_rows, Q = \u_results.g_restore.qrows[0]).
Adding EN signal on $memory\u_results.g_restore.qrows[1]$1003 ($dff) from module ot_hbm_accel_w2_caller_cut (D = \op_rows, Q = \u_results.g_restore.qrows[1]).
Adding EN signal on $memory\u_results.g_restore.qrows[2]$1005 ($dff) from module ot_hbm_accel_w2_caller_cut (D = \op_rows, Q = \u_results.g_restore.qrows[2]).
Adding EN signal on $memory\u_results.g_restore.qrows[3]$1007 ($dff) from module ot_hbm_accel_w2_caller_cut (D = \op_rows, Q = \u_results.g_restore.qrows[3]).
Adding EN signal on $memory\u_results.g_restore.qrows[4]$1009 ($dff) from module ot_hbm_accel_w2_caller_cut (D = \op_rows, Q = \u_results.g_restore.qrows[4]).
Adding EN signal on $memory\u_results.g_restore.qrows[5]$1011 ($dff) from module ot_hbm_accel_w2_caller_cut (D = \op_rows, Q = \u_results.g_restore.qrows[5]).
Adding EN signal on $memory\u_results.g_restore.qrows[6]$1013 ($dff) from module ot_hbm_accel_w2_caller_cut (D = \op_rows, Q = \u_results.g_restore.qrows[6]).
Adding EN signal on $memory\u_results.g_restore.qrows[7]$1015 ($dff) from module ot_hbm_accel_w2_caller_cut (D = \op_rows, Q = \u_results.g_restore.qrows[7]).
Adding EN signal on $memory\u_results.g_restore.qrows[8]$1017 ($dff) from module ot_hbm_accel_w2_caller_cut (D = \op_rows, Q = \u_results.g_restore.qrows[8]).
Adding EN signal on $memory\u_results.g_restore.qrows[9]$1019 ($dff) from module ot_hbm_accel_w2_caller_cut (D = \op_rows, Q = \u_results.g_restore.qrows[9]).
Adding EN signal on $memory\u_results.g_restore.qrows[10]$1021 ($dff) from module ot_hbm_accel_w2_caller_cut (D = \op_rows, Q = \u_results.g_restore.qrows[10]).
Adding EN signal on $memory\u_results.g_restore.qa[0]$1275 ($dff) from module ot_hbm_accel_w2_caller_cut (D = \op_id_a, Q = \u_results.g_restore.qa[0]).
Adding EN signal on $memory\u_results.g_restore.qb[0]$1164 ($dff) from module ot_hbm_accel_w2_caller_cut (D = \op_id_b, Q = \u_results.g_restore.qb[0]).
Adding EN signal on $memory\u_results.g_restore.qb[1]$1166 ($dff) from module ot_hbm_accel_w2_caller_cut (D = \op_id_b, Q = \u_results.g_restore.qb[1]).
Adding EN signal on $memory\u_results.g_restore.qb[2]$1168 ($dff) from module ot_hbm_accel_w2_caller_cut (D = \op_id_b, Q = \u_results.g_restore.qb[2]).
Adding EN signal on $memory\u_results.g_restore.qb[3]$1170 ($dff) from module ot_hbm_accel_w2_caller_cut (D = \op_id_b, Q = \u_results.g_restore.qb[3]).
Adding EN signal on $memory\u_results.g_restore.qb[4]$1172 ($dff) from module ot_hbm_accel_w2_caller_cut (D = \op_id_b, Q = \u_results.g_restore.qb[4]).
Adding EN signal on $memory\u_results.g_restore.qb[5]$1174 ($dff) from module ot_hbm_accel_w2_caller_cut (D = \op_id_b, Q = \u_results.g_restore.qb[5]).
Adding EN signal on $memory\u_results.g_restore.qb[6]$1176 ($dff) from module ot_hbm_accel_w2_caller_cut (D = \op_id_b, Q = \u_results.g_restore.qb[6]).
Adding EN signal on $memory\u_results.g_restore.qb[7]$1178 ($dff) from module ot_hbm_accel_w2_caller_cut (D = \op_id_b, Q = \u_results.g_restore.qb[7]).
Adding EN signal on $memory\u_results.g_restore.qb[8]$1180 ($dff) from module ot_hbm_accel_w2_caller_cut (D = \op_id_b, Q = \u_results.g_restore.qb[8]).
Adding EN signal on $memory\u_results.g_restore.qb[9]$1182 ($dff) from module ot_hbm_accel_w2_caller_cut (D = \op_id_b, Q = \u_results.g_restore.qb[9]).
Adding EN signal on $memory\u_results.g_restore.qb[10]$1184 ($dff) from module ot_hbm_accel_w2_caller_cut (D = \op_id_b, Q = \u_results.g_restore.qb[10]).

7.21.16. Executing OPT_CLEAN pass (remove unused cells and wires).
Finding unused cells or wires in module \ot_hbm_accel_w2_caller_cut..
Removed 45 unused cells and 56 unused wires.
<suppressed ~46 debug messages>

7.21.17. Executing OPT_EXPR pass (perform const folding).
Optimizing module ot_hbm_accel_w2_caller_cut.
<suppressed ~2 debug messages>

7.21.18. Rerunning OPT passes. (Maybe there is more to do..)

7.21.19. Executing OPT_MUXTREE pass (detect dead branches in mux trees).
Running muxtree optimizer on module \ot_hbm_accel_w2_caller_cut..
  Creating internal representation of mux trees.
  Evaluating internal representation of mux trees.
  Analyzing evaluation results.
Removed 0 multiplexer ports.
<suppressed ~68 debug messages>

7.21.20. Executing OPT_REDUCE pass (consolidate $*mux and $reduce_* inputs).
  Optimizing cells in module \ot_hbm_accel_w2_caller_cut.
Performed a total of 0 changes.

7.21.21. Executing OPT_MERGE pass (detect identical cells).
Finding identical cells in module `\ot_hbm_accel_w2_caller_cut'.
Computing hashes of 348 cells of `\ot_hbm_accel_w2_caller_cut'.
Finding duplicate cells in `\ot_hbm_accel_w2_caller_cut'.
Removed a total of 0 cells.

7.21.22. Executing OPT_SHARE pass.

7.21.23. Executing OPT_DFF pass (perform DFF optimizations).

7.21.24. Executing OPT_CLEAN pass (remove unused cells and wires).
Finding unused cells or wires in module \ot_hbm_accel_w2_caller_cut..

7.21.25. Executing OPT_EXPR pass (perform const folding).
Optimizing module ot_hbm_accel_w2_caller_cut.

7.21.26. Finished fast OPT passes. (There is nothing left to do.)

7.22. Executing TECHMAP pass (map to technology primitives).

7.22.1. Executing Verilog-2005 frontend: /OpenROAD-flow-scripts/tools/install/yosys/bin/../share/yosys/techmap.v
Parsing Verilog input from `/OpenROAD-flow-scripts/tools/install/yosys/bin/../share/yosys/techmap.v' to AST representation.
Generating RTLIL representation for module `\_90_simplemap_bool_ops'.
Generating RTLIL representation for module `\_90_simplemap_reduce_ops'.
Generating RTLIL representation for module `\_90_simplemap_logic_ops'.
Generating RTLIL representation for module `\_90_simplemap_compare_ops'.
Generating RTLIL representation for module `\_90_simplemap_various'.
Generating RTLIL representation for module `\_90_simplemap_registers'.
Generating RTLIL representation for module `\_90_shift_ops_shr_shl_sshl_sshr'.
Generating RTLIL representation for module `\_90_shift_shiftx'.
Generating RTLIL representation for module `\_90_fa'.
Generating RTLIL representation for module `\_90_lcu_brent_kung'.
Generating RTLIL representation for module `\_90_alu'.
Generating RTLIL representation for module `\_90_macc'.
Generating RTLIL representation for module `\_90_alumacc'.
Generating RTLIL representation for module `$__div_mod_u'.
Generating RTLIL representation for module `$__div_mod_trunc'.
Generating RTLIL representation for module `\_90_div'.
Generating RTLIL representation for module `\_90_mod'.
Generating RTLIL representation for module `$__div_mod_floor'.
Generating RTLIL representation for module `\_90_divfloor'.
Generating RTLIL representation for module `\_90_modfloor'.
Generating RTLIL representation for module `\_90_pow'.
Generating RTLIL representation for module `\_90_demux'.
Generating RTLIL representation for module `\_90_lut'.
Generating RTLIL representation for module `$connect'.
Generating RTLIL representation for module `$input_port'.
Successfully finished Verilog frontend.

7.22.2. Continuing TECHMAP pass.
Using extmapper simplemap for cells of type $dffe.
Using extmapper simplemap for cells of type $not.
Using extmapper simplemap for cells of type $mux.
Using extmapper simplemap for cells of type $and.
Using template $paramod$dbcdc7e8aa1a4080cea2deda6fdc8772064f4d90\_90_alu for cells of type $alu.
Using template $paramod$3ee89462c83fe5ead26c72b81787e5588e476eed\_90_alu for cells of type $alu.
Using template $paramod$32efbfac1c4dc57230cf86180788fdfd12e3b511\_90_alu for cells of type $alu.
Using template $paramod$3ace65afedd5f6a6849996376b6c02262a5f23eb\_90_alu for cells of type $alu.
Using template $paramod$ef8fb1849064cca7dc908988762d3374786d9fdb\_90_alu for cells of type $alu.
Using template $paramod$32a7b7b86c07519b7537abc18e96f0331f97914d\_90_alu for cells of type $alu.
Using template $paramod$740b056ede97228d3eae64ea2fdc81f0a33e0fe7\_90_alu for cells of type $alu.
Using template $paramod$215440792383f7884e57d9c95f84e9552d0bf4ac\_90_alu for cells of type $alu.
Using extmapper simplemap for cells of type $reduce_and.
Using template $paramod$c9511eeb847f2aa95252b1013477609463f67ee0\_90_alu for cells of type $alu.
Using extmapper simplemap for cells of type $reduce_or.
Using extmapper simplemap for cells of type $or.
Using template $paramod$d4fbf181fbf74ad2c33c84c81168c20bdbe88f93\_90_alu for cells of type $alu.
Using template $paramod$b0777dc865134c8525a4aa84de8cfa938974cad1\_90_alu for cells of type $alu.
Using template $paramod$78e969f2586efcf3a5b0b0440bcca0db83d5cca2\_90_alu for cells of type $alu.
Using template $paramod$175e67c02b86e96b1288b9dc100122520d7240d8\_90_alu for cells of type $alu.
Using template $paramod$d066be84df89d36f73a08cc506728c5d3fb9157b\_90_alu for cells of type $alu.
Using template $paramod$1eb759649286d7485bd82f4dfc30385bade4b4b3\_90_alu for cells of type $alu.
Using template $paramod$fc972a7a46956c1788f3cb5257b53c8f1df2d0cc\_90_alu for cells of type $alu.
Using template $paramod$f02bbbf710bba6238f4bdfa41b3051acfe2064a8\_90_alu for cells of type $alu.
Using template $paramod$7af98a8d3d01ff58dee4212ab52569c379e064a1\_90_alu for cells of type $alu.
Using template $paramod$6831557730818fb92b11a295f9eb33ff8fa62af1\_90_alu for cells of type $alu.
Using extmapper simplemap for cells of type $adffe.
Using extmapper simplemap for cells of type $reduce_bool.
Using extmapper simplemap for cells of type $logic_and.
Using extmapper simplemap for cells of type $logic_or.
Using extmapper simplemap for cells of type $logic_not.
Using extmapper simplemap for cells of type $eq.
Using template $paramod$constmap:8b032949979655bd73def6a0a0138c8fca0794bd$paramod$1ec58fbea04cb1a893e6a293fe176ad017895d53\_90_shift_shiftx for cells of type $shift.
Analyzing pattern of constant bits for this cell:
  Constant input on bit 0 of port A: 1'1
Creating constmapped module `$paramod$constmap:fccbc8919d7f1cf6e320d271bb005e33da43af41$paramod$1ec58fbea04cb1a893e6a293fe176ad017895d53\_90_shift_shiftx'.

7.22.46. Executing OPT_MUXTREE pass (detect dead branches in mux trees).
Running muxtree optimizer on module $paramod$constmap:fccbc8919d7f1cf6e320d271bb005e33da43af41$paramod$1ec58fbea04cb1a893e6a293fe176ad017895d53\_90_shift_shiftx..
  Creating internal representation of mux trees.
  Evaluating internal representation of mux trees.
  Analyzing evaluation results.
    dead port 2/2 on $mux $procmux$3569.
    dead port 2/2 on $mux $procmux$3575.
    dead port 2/2 on $mux $procmux$3581.
    dead port 2/2 on $mux $procmux$3587.
Removed 4 multiplexer ports.
<suppressed ~893 debug messages>

7.22.47. Executing OPT_EXPR pass (perform const folding).
Optimizing module $paramod$constmap:fccbc8919d7f1cf6e320d271bb005e33da43af41$paramod$1ec58fbea04cb1a893e6a293fe176ad017895d53\_90_shift_shiftx.
<suppressed ~2 debug messages>
Removed 0 unused cells and 10 unused wires.
Using template $paramod$constmap:fccbc8919d7f1cf6e320d271bb005e33da43af41$paramod$1ec58fbea04cb1a893e6a293fe176ad017895d53\_90_shift_shiftx for cells of type $shift.
Using template $paramod$constmap:d6fff7a1d5912e7277ff55b9a478b5115760128b$paramod$64b19f47ed5f126636dbd98d727ec46a7ec08d71\_90_shift_shiftx for cells of type $shift.
Using template $paramod$constmap:4700dd0864a20052c5af7bc43dd5a99bf9b14945$paramod$7fe1424d9d826b3a6286885bc851fafa5143be2b\_90_shift_shiftx for cells of type $shiftx.
Using template $paramod$constmap:306cc2de9c0fb5f0b8d4cd1320dff0b44746756c$paramod$948a475d314a80476c283d4ec0f21b6b98a939dd\_90_shift_shiftx for cells of type $shiftx.
Analyzing pattern of constant bits for this cell:
Creating constmapped module `$paramod$constmap:29871e87ed06c2792a60d1175eea23369761d7f7$paramod$64b19f47ed5f126636dbd98d727ec46a7ec08d71\_90_shift_shiftx'.

7.22.63. Executing OPT_MUXTREE pass (detect dead branches in mux trees).
Running muxtree optimizer on module $paramod$constmap:29871e87ed06c2792a60d1175eea23369761d7f7$paramod$64b19f47ed5f126636dbd98d727ec46a7ec08d71\_90_shift_shiftx..
  Creating internal representation of mux trees.
  Evaluating internal representation of mux trees.
  Analyzing evaluation results.
    dead port 2/2 on $mux $procmux$3671.
    dead port 2/2 on $mux $procmux$3677.
Removed 2 multiplexer ports.
<suppressed ~579 debug messages>

7.22.64. Executing OPT_EXPR pass (perform const folding).
Optimizing module $paramod$constmap:29871e87ed06c2792a60d1175eea23369761d7f7$paramod$64b19f47ed5f126636dbd98d727ec46a7ec08d71\_90_shift_shiftx.
<suppressed ~2 debug messages>
Removed 0 unused cells and 8 unused wires.
Using template $paramod$constmap:29871e87ed06c2792a60d1175eea23369761d7f7$paramod$64b19f47ed5f126636dbd98d727ec46a7ec08d71\_90_shift_shiftx for cells of type $shift.
Using extmapper simplemap for cells of type $pos.
Using template $paramod\_90_fa\WIDTH=32'00000000000000000000000000001011 for cells of type $fa.
Using template $paramod\_90_lcu_brent_kung\WIDTH=32'00000000000000000000000000001011 for cells of type $lcu.
Using extmapper simplemap for cells of type $xor.
Using template $paramod\_90_fa\WIDTH=32'00000000000000000000000000001100 for cells of type $fa.
Using template $paramod\_90_lcu_brent_kung\WIDTH=32'00000000000000000000000000001100 for cells of type $lcu.
Using template $paramod\_90_fa\WIDTH=32'00000000000000000000000000011010 for cells of type $fa.
Using template $paramod\_90_lcu_brent_kung\WIDTH=32'00000000000000000000000000011010 for cells of type $lcu.
Using template $paramod\_90_fa\WIDTH=32'00000000000000000000000000011011 for cells of type $fa.
Using template $paramod\_90_lcu_brent_kung\WIDTH=32'00000000000000000000000000011011 for cells of type $lcu.
Using template $paramod\_90_fa\WIDTH=32'00000000000000000000000000000001 for cells of type $fa.
Using template $paramod\_90_lcu_brent_kung\WIDTH=32'00000000000000000000000000000001 for cells of type $lcu.
Using template $paramod\_90_fa\WIDTH=32'00000000000000000000000000001010 for cells of type $fa.
Using template $paramod\_90_lcu_brent_kung\WIDTH=32'00000000000000000000000000001010 for cells of type $lcu.
Using template $paramod\_90_fa\WIDTH=32'00000000000000000000000000001101 for cells of type $fa.
Using template $paramod\_90_lcu_brent_kung\WIDTH=32'00000000000000000000000000001101 for cells of type $lcu.
Using template $paramod\_90_fa\WIDTH=32'00000000000000000000000000000100 for cells of type $fa.
Using template $paramod\_90_lcu_brent_kung\WIDTH=32'00000000000000000000000000000100 for cells of type $lcu.
Using template $paramod\_90_fa\WIDTH=32'00000000000000000000000000000010 for cells of type $fa.
Using template $paramod\_90_lcu_brent_kung\WIDTH=32'00000000000000000000000000000010 for cells of type $lcu.
Using template $paramod\_90_fa\WIDTH=32'00000000000000000000000000000011 for cells of type $fa.
Using template $paramod\_90_lcu_brent_kung\WIDTH=32'00000000000000000000000000000011 for cells of type $lcu.
Using template $paramod\_90_fa\WIDTH=32'00000000000000000000000000100000 for cells of type $fa.
Using template $paramod\_90_lcu_brent_kung\WIDTH=32'00000000000000000000000000100000 for cells of type $lcu.
Using template $paramod\_90_fa\WIDTH=32'00000000000000000000000000011000 for cells of type $fa.
Using template $paramod\_90_lcu_brent_kung\WIDTH=32'00000000000000000000000000011000 for cells of type $lcu.
Using template $paramod\_90_fa\WIDTH=32'00000000000000000000000000000101 for cells of type $fa.
Using template $paramod\_90_lcu_brent_kung\WIDTH=32'00000000000000000000000000000101 for cells of type $lcu.
Using template $paramod\_90_fa\WIDTH=32'00000000000000000000000000000110 for cells of type $fa.
Using template $paramod\_90_lcu_brent_kung\WIDTH=32'00000000000000000000000000000110 for cells of type $lcu.
Using template $paramod\_90_fa\WIDTH=32'00000000000000000000000000100001 for cells of type $fa.
Using template $paramod\_90_lcu_brent_kung\WIDTH=32'00000000000000000000000000100001 for cells of type $lcu.
Using template $paramod\_90_fa\WIDTH=32'00000000000000000000000000000111 for cells of type $fa.
Using template $paramod\_90_lcu_brent_kung\WIDTH=32'00000000000000000000000000000111 for cells of type $lcu.
No more expansions possible.
<suppressed ~3461 debug messages>

7.23. Executing OPT pass (performing simple optimizations).

7.23.1. Executing OPT_EXPR pass (perform const folding).
Optimizing module ot_hbm_accel_w2_caller_cut.
<suppressed ~2434 debug messages>

7.23.2. Executing OPT_MERGE pass (detect identical cells).
Finding identical cells in module `\ot_hbm_accel_w2_caller_cut'.
Computing hashes of 4565 cells of `\ot_hbm_accel_w2_caller_cut'.
Finding duplicate cells in `\ot_hbm_accel_w2_caller_cut'.
Computing hashes of 4436 cells of `\ot_hbm_accel_w2_caller_cut'.
Finding duplicate cells in `\ot_hbm_accel_w2_caller_cut'.
Computing hashes of 4416 cells of `\ot_hbm_accel_w2_caller_cut'.
Finding duplicate cells in `\ot_hbm_accel_w2_caller_cut'.
Computing hashes of 4409 cells of `\ot_hbm_accel_w2_caller_cut'.
Finding duplicate cells in `\ot_hbm_accel_w2_caller_cut'.
<suppressed ~468 debug messages>
Removed a total of 156 cells.

7.23.3. Executing OPT_DFF pass (perform DFF optimizations).

7.23.4. Executing OPT_CLEAN pass (remove unused cells and wires).
Finding unused cells or wires in module \ot_hbm_accel_w2_caller_cut..
Removed 484 unused cells and 1605 unused wires.
<suppressed ~485 debug messages>

7.23.5. Finished fast OPT passes.

7.24. Executing ABC pass (technology mapping using ABC).

7.24.1. Extracting gate netlist of module `\ot_hbm_accel_w2_caller_cut' to `<abc-temp-dir>/input.blif'..
Replacing 4 occurrences of constant undef bits with constant zero bits

7.24.1.1. Executed ABC.
Extracted 2558 gates and 4111 wires to a netlist network with 1551 inputs and 280 outputs.
Running ABC script: <abc-temp-dir>/abc.script
ABC: UC Berkeley, ABC 1.01 (compiled 0 0)
ABC: abc 01> empty
ABC: abc 01> source <abc-temp-dir>/abc.script
ABC: + read_blif <abc-temp-dir>/input.blif 
ABC: + read_library <abc-temp-dir>/stdcells.genlib 
ABC: + strash 
ABC: + &get -n 
ABC: + &fraig -x 
ABC: + &put 
ABC: + scorr 
ABC: Warning: The network is combinational (run "fraig" or "fraig_sweep").
ABC: + dc2 
ABC: + dretime 
ABC: + strash 
ABC: + &get -n 
ABC: + &dch -f 
ABC: + &nf 
ABC: + &put 
ABC: + write_blif <abc-temp-dir>/output.blif 
ABC: 
ABC: YOSYS_ABC_DONE 

7.24.1.2. Re-integrating ABC results.
ABC RESULTS:               AND cells:      684
ABC RESULTS:            ANDNOT cells:       63
ABC RESULTS:               MUX cells:      739
ABC RESULTS:              NAND cells:      706
ABC RESULTS:               NOR cells:      123
ABC RESULTS:               NOT cells:        9
ABC RESULTS:                OR cells:       99
ABC RESULTS:             ORNOT cells:      223
ABC RESULTS:              XNOR cells:       66
ABC RESULTS:               XOR cells:       57
ABC RESULTS:        internal signals:     2280
ABC RESULTS:           input signals:     1551
ABC RESULTS:          output signals:      280
Removing temp directory.
Removing global temp directory.

7.25. Executing OPT pass (performing simple optimizations).

7.25.1. Executing OPT_EXPR pass (perform const folding).
Optimizing module ot_hbm_accel_w2_caller_cut.

7.25.2. Executing OPT_MERGE pass (detect identical cells).
Finding identical cells in module `\ot_hbm_accel_w2_caller_cut'.
Computing hashes of 4136 cells of `\ot_hbm_accel_w2_caller_cut'.
Finding duplicate cells in `\ot_hbm_accel_w2_caller_cut'.
Computing hashes of 4135 cells of `\ot_hbm_accel_w2_caller_cut'.
Finding duplicate cells in `\ot_hbm_accel_w2_caller_cut'.
<suppressed ~3 debug messages>
Removed a total of 1 cells.

7.25.3. Executing OPT_DFF pass (perform DFF optimizations).

7.25.4. Executing OPT_CLEAN pass (remove unused cells and wires).
Finding unused cells or wires in module \ot_hbm_accel_w2_caller_cut..
Removed 0 unused cells and 2384 unused wires.
<suppressed ~16 debug messages>

7.25.5. Finished fast OPT passes.

7.26. Executing HIERARCHY pass (managing design hierarchy).
Attribute `top' found on module `ot_hbm_accel_w2_caller_cut'. Setting top module to ot_hbm_accel_w2_caller_cut.

7.26.1. Analyzing design hierarchy..
Top module:  \ot_hbm_accel_w2_caller_cut

7.26.2. Analyzing design hierarchy..
Top module:  \ot_hbm_accel_w2_caller_cut
Removed 0 unused modules.

7.27. Printing statistics.

=== ot_hbm_accel_w2_caller_cut ===

        +----------Local Count, excluding submodules.
        | 
     2771 wires
     5405 wire bits
      164 public wires
     2728 public wire bits
       48 ports
      934 port bits
     4135 cells
       63   $_ANDNOT_
      683   $_AND_
      135   $_DFFE_PN0P_
     1229   $_DFFE_PP_
      739   $_MUX_
      706   $_NAND_
      123   $_NOR_
        9   $_NOT_
      223   $_ORNOT_
       99   $_OR_
       66   $_XNOR_
       57   $_XOR_
        3   $scopeinfo

7.28. Executing CHECK pass (checking for obvious problems).
Checking module ot_hbm_accel_w2_caller_cut...
Found and reported 0 problems.

8. Executing DFFLIBMAP pass (mapping DFF cells to sequential cells from liberty file).
  cell DFFLQNx1_ASAP7_75t_R (inv, pins=3, area=0.29) is a direct match for cell type $_DFF_N_.
  cell DFFHQNx1_ASAP7_75t_R (inv, pins=3, area=0.29) is a direct match for cell type $_DFF_P_.
  cell DFFASRHQNx1_ASAP7_75t_R (inv, pins=5, area=0.38) is a direct match for cell type $_DFFSR_PNN_.
  final dff cell mappings:
    \DFFLQNx1_ASAP7_75t_R _DFF_N_ (.CLK( C), .D( D), .QN(~Q));
    \DFFHQNx1_ASAP7_75t_R _DFF_P_ (.CLK( C), .D( D), .QN(~Q));
    unmapped dff cell: $_DFF_NN0_
    unmapped dff cell: $_DFF_NN1_
    unmapped dff cell: $_DFF_NP0_
    unmapped dff cell: $_DFF_NP1_
    unmapped dff cell: $_DFF_PN0_
    unmapped dff cell: $_DFF_PN1_
    unmapped dff cell: $_DFF_PP0_
    unmapped dff cell: $_DFF_PP1_
    unmapped dff cell: $_DFFE_NN_
    unmapped dff cell: $_DFFE_NP_
    unmapped dff cell: $_DFFE_PN_
    unmapped dff cell: $_DFFE_PP_
    unmapped dff cell: $_DFFSR_NNN_
    unmapped dff cell: $_DFFSR_NNP_
    unmapped dff cell: $_DFFSR_NPN_
    unmapped dff cell: $_DFFSR_NPP_
    \DFFASRHQNx1_ASAP7_75t_R _DFFSR_PNN_ (.CLK( C), .D( D), .QN(~Q), .RESETN( R), .SETN( S));
    unmapped dff cell: $_DFFSR_PNP_
    unmapped dff cell: $_DFFSR_PPN_
    unmapped dff cell: $_DFFSR_PPP_

8.1. Executing DFFLEGALIZE pass (convert FFs to types supported by the target).
<suppressed ~8 debug messages>
Mapping DFF cells in module `\ot_hbm_accel_w2_caller_cut':
  mapped 135 $_DFFSR_PNN_ cells to \DFFASRHQNx1_ASAP7_75t_R cells.
  mapped 1229 $_DFF_P_ cells to \DFFHQNx1_ASAP7_75t_R cells.

9. Executing ABC pass (technology mapping using ABC).

9.1. Extracting gate netlist of module `\ot_hbm_accel_w2_caller_cut' to `<abc-temp-dir>/input.blif'..

9.1.1. Executed ABC.
Extracted 5496 gates and 7111 wires to a netlist network with 1614 inputs and 1456 outputs.
Running ABC script: <abc-temp-dir>/abc.script
ABC: UC Berkeley, ABC 1.01 (compiled 0 0)
ABC: abc 01> empty
ABC: abc 01> source <abc-temp-dir>/abc.script
ABC: + read_blif <abc-temp-dir>/input.blif 
ABC: + read_scl /tmp/yosys-liberty-scl-cache/yosys_merged_b9f81cda.scl 
ABC: Warning: Detected 1 multi-output cells (for example, "FAx1_ASAP7_75t_R").
ABC: + strash 
ABC: + &get -n 
ABC: + &fraig -x 
ABC: + &put 
ABC: + scorr 
ABC: Warning: The network is combinational (run "fraig" or "fraig_sweep").
ABC: + dc2 
ABC: + dretime 
ABC: + retime -o -D 833.333 
ABC: + strash 
ABC: + &get -n 
ABC: + &dch -f 
ABC: + &nf -D 833.333 
ABC: + &put 
ABC: + write_blif <abc-temp-dir>/output.blif 
ABC: 
ABC: YOSYS_ABC_DONE 

9.1.2. Re-integrating ABC results.
ABC RESULTS:   AND2x2_ASAP7_75t_R cells:       74
ABC RESULTS:   AND3x1_ASAP7_75t_R cells:       48
ABC RESULTS:   AND4x1_ASAP7_75t_R cells:       44
ABC RESULTS:   AND5x1_ASAP7_75t_R cells:       15
ABC RESULTS:   AO211x2_ASAP7_75t_R cells:        1
ABC RESULTS:   AO21x1_ASAP7_75t_R cells:     1725
ABC RESULTS:   AO221x1_ASAP7_75t_R cells:       24
ABC RESULTS:   AO222x2_ASAP7_75t_R cells:       13
ABC RESULTS:   AO22x1_ASAP7_75t_R cells:       31
ABC RESULTS:   AO31x2_ASAP7_75t_R cells:        4
ABC RESULTS:   AO32x1_ASAP7_75t_R cells:       41
ABC RESULTS:   AOI211x1_ASAP7_75t_R cells:        8
ABC RESULTS:   AOI21x1_ASAP7_75t_R cells:       30
ABC RESULTS:   AOI221x1_ASAP7_75t_R cells:        1
ABC RESULTS:   AOI22x1_ASAP7_75t_R cells:        3
ABC RESULTS:   INVx1_ASAP7_75t_R cells:      148
ABC RESULTS:   MAJx2_ASAP7_75t_R cells:        9
ABC RESULTS:   NAND2x1_ASAP7_75t_R cells:       60
ABC RESULTS:   NAND3x1_ASAP7_75t_R cells:        1
ABC RESULTS:   NOR2x1_ASAP7_75t_R cells:     1260
ABC RESULTS:   NOR3x1_ASAP7_75t_R cells:        4
ABC RESULTS:   OA211x2_ASAP7_75t_R cells:      141
ABC RESULTS:   OA21x2_ASAP7_75t_R cells:      152
ABC RESULTS:   OA221x2_ASAP7_75t_R cells:        1
ABC RESULTS:   OA222x2_ASAP7_75t_R cells:      137
ABC RESULTS:   OA22x2_ASAP7_75t_R cells:      107
ABC RESULTS:   OA31x2_ASAP7_75t_R cells:        4
ABC RESULTS:   OA33x2_ASAP7_75t_R cells:        1
ABC RESULTS:   OAI21x1_ASAP7_75t_R cells:      113
ABC RESULTS:   OAI22x1_ASAP7_75t_R cells:       22
ABC RESULTS:   OR2x2_ASAP7_75t_R cells:       83
ABC RESULTS:   OR3x1_ASAP7_75t_R cells:      106
ABC RESULTS:   OR4x1_ASAP7_75t_R cells:       33
ABC RESULTS:   OR5x1_ASAP7_75t_R cells:       17
ABC RESULTS:   XNOR2x2_ASAP7_75t_R cells:       53
ABC RESULTS:   XOR2x2_ASAP7_75t_R cells:       22
ABC RESULTS:        internal signals:     4041
ABC RESULTS:           input signals:     1614
ABC RESULTS:          output signals:     1456
Removing temp directory.
Removing global temp directory.

10. Executing SETUNDEF pass (replace undef values with defined constants).

11. Executing SPLITNETS pass (splitting up multi-bit signals).

12. Executing OPT_CLEAN pass (remove unused cells and wires).
Finding unused cells or wires in module \ot_hbm_accel_w2_caller_cut..
Removed 3 unused cells and 7541 unused wires.
<suppressed ~1798 debug messages>

13. Printing statistics.

=== ot_hbm_accel_w2_caller_cut ===

        +----------Local Count, excluding submodules.
        |        +-Local Area, excluding submodules.
        |        | 
     6742        - wires
     6742        - wire bits
      934        - public wires
      934        - public wire bits
      934        - ports
      934        - port bits
     5900  845.713 cells
       74    6.474   AND2x2_ASAP7_75t_R
       48    4.199   AND3x1_ASAP7_75t_R
       44    4.491   AND4x1_ASAP7_75t_R
       15     1.75   AND5x1_ASAP7_75t_R
        1    0.233   AO211x2_ASAP7_75t_R
     1725  150.903   AO21x1_ASAP7_75t_R
       24    3.499   AO221x1_ASAP7_75t_R
       13    2.274   AO222x2_ASAP7_75t_R
       31    4.068   AO22x1_ASAP7_75t_R
        4    0.933   AO31x2_ASAP7_75t_R
       41    4.782   AO32x1_ASAP7_75t_R
        8      1.4   AOI211x1_ASAP7_75t_R
       30    3.499   AOI21x1_ASAP7_75t_R
        1    0.204   AOI221x1_ASAP7_75t_R
        3    0.437   AOI22x1_ASAP7_75t_R
      135   51.176   DFFASRHQNx1_ASAP7_75t_R
     1229  358.376   DFFHQNx1_ASAP7_75t_R
      148    6.474   INVx1_ASAP7_75t_R
        9    1.181   MAJx2_ASAP7_75t_R
       60    5.249   NAND2x1_ASAP7_75t_R
        1     0.16   NAND3x1_ASAP7_75t_R
     1260  110.225   NOR2x1_ASAP7_75t_R
        4    0.642   NOR3x1_ASAP7_75t_R
      141   16.446   OA211x2_ASAP7_75t_R
      152   15.513   OA21x2_ASAP7_75t_R
        1    0.233   OA221x2_ASAP7_75t_R
      137    23.97   OA222x2_ASAP7_75t_R
      107   15.601   OA22x2_ASAP7_75t_R
        4    0.875   OA31x2_ASAP7_75t_R
        1    0.146   OA33x2_ASAP7_75t_R
      113    13.18   OAI21x1_ASAP7_75t_R
       22    3.208   OAI22x1_ASAP7_75t_R
       83    7.261   OR2x2_ASAP7_75t_R
      106    9.273   OR3x1_ASAP7_75t_R
       33    3.368   OR4x1_ASAP7_75t_R
       17    1.983   OR5x1_ASAP7_75t_R
       53      8.5   XNOR2x2_ASAP7_75t_R
       22    3.528   XOR2x2_ASAP7_75t_R

   Chip area for module '\ot_hbm_accel_w2_caller_cut': 845.712900
     of which used for sequential elements: 409.552200 (48.43%)

14. Executing Verilog backend.

14.1. Executing BMUXMAP pass.

14.2. Executing DEMUXMAP pass.
Dumping module `\ot_hbm_accel_w2_caller_cut'.

End of script. Logfile hash: 36ea8cf2e8, time: 1.65s, user: 0.64s, system: 0.05s, MEM: 89.59 MB peak
Yosys 0.68+post (git sha1 UNKNOWN, Release, GNU /usr/local/bin/wrapped-cc/g++ 11.4.0)
Time spent: 64% 2x abc (1 sec), 11% 2x stat (0 sec), ...
