instance	port	role	port_distance_um	cell_x_um	cell_y_um
ar.g_o_cSE_0[0].u/lk$_DFF_N_	cSE[0]	output_lockup	7.338	1392.336	13.23
ar.g_o_cSE_0[0].u/q$_DFF_P_	cSE[0]	output	8.742	1390.932	13.23
ar.g_o_cSE_136[136].u/lk$_DFF_N_	cSE[136]	output_lockup	7.416	1392.336	39.42
ar.g_o_cSE_136[136].u/q$_DFF_P_	cSE[136]	output	8.82	1390.932	39.42
ar.g_o_cSE_136[137].u/lk$_DFF_N_	cSE[137]	output_lockup	10.032	1389.528	39.42
ar.g_o_cSE_136[137].u/q$_DFF_P_	cSE[137]	output	11.436	1388.124	39.42
ar.g_o_cSE_136[138].u/lk$_DFF_N_	cSE[138]	output_lockup	7.302	1392.336	39.69
ar.g_o_cSE_136[138].u/q$_DFF_P_	cSE[138]	output	8.706	1390.932	39.69
ar.g_o_cSE_136[139].u/lk$_DFF_N_	cSE[139]	output_lockup	7.38	1392.336	39.96
ar.g_o_cSE_136[139].u/q$_DFF_P_	cSE[139]	output	8.784	1390.932	39.96
ar.g_o_cSE_136[140].u/lk$_DFF_N_	cSE[140]	output_lockup	7.458	1392.336	40.23
ar.g_o_cSE_136[140].u/q$_DFF_P_	cSE[140]	output	8.862	1390.932	40.23
ar.g_o_cSE_136[141].u/lk$_DFF_N_	cSE[141]	output_lockup	10.074	1389.528	40.23
ar.g_o_cSE_136[141].u/q$_DFF_P_	cSE[141]	output	11.478	1388.124	40.23
ar.g_o_cSE_136[142].u/lk$_DFF_N_	cSE[142]	output_lockup	7.344	1392.336	40.5
ar.g_o_cSE_136[142].u/q$_DFF_P_	cSE[142]	output	8.748	1390.932	40.5
ar.g_o_cSE_136[143].u/lk$_DFF_N_	cSE[143]	output_lockup	7.422	1392.336	40.77
ar.g_o_cSE_136[143].u/q$_DFF_P_	cSE[143]	output	8.826	1390.932	40.77
ar.g_o_cSE_136[144].u/lk$_DFF_N_	cSE[144]	output_lockup	10.038	1389.528	40.77
ar.g_o_cSE_136[144].u/q$_DFF_P_	cSE[144]	output	11.442	1388.124	40.77
ar.g_o_cSE_136[148].u/lk$_DFF_N_	cSE[148]	output_lockup	7.272	1392.336	41.58
ar.g_o_cSE_136[148].u/q$_DFF_P_	cSE[148]	output	8.676	1390.932	41.58
ar.g_o_cSE_201[201].u/lk$_DFF_N_	cSE[201]	output_lockup	7.356	1392.336	51.84
ar.g_o_cSE_201[201].u/q$_DFF_P_	cSE[201]	output	8.76	1390.932	51.84
ar.g_o_cSE_201[202].u/lk$_DFF_N_	cSE[202]	output_lockup	7.434	1392.336	52.11
ar.g_o_cSE_201[202].u/q$_DFF_P_	cSE[202]	output	8.838	1390.932	52.11
ar.g_o_cSE_201[203].u/lk$_DFF_N_	cSE[203]	output_lockup	10.05	1389.528	52.11
ar.g_o_cSE_201[203].u/q$_DFF_P_	cSE[203]	output	11.454	1388.124	52.11
ar.g_o_cSE_201[204].u/lk$_DFF_N_	cSE[204]	output_lockup	7.32	1392.336	52.38
ar.g_o_cSE_201[204].u/q$_DFF_P_	cSE[204]	output	8.724	1390.932	52.38
ar.g_o_cSE_201[206].u/lk$_DFF_N_	cSE[206]	output_lockup	7.476	1392.336	52.92
ar.g_o_cSE_201[206].u/q$_DFF_P_	cSE[206]	output	8.88	1390.932	52.92
ar.g_o_cSE_239[239].u/lk$_DFF_N_	cSE[239]	output_lockup	7.35	1392.336	59.13
ar.g_o_cSE_239[239].u/q$_DFF_P_	cSE[239]	output	8.754	1390.932	59.13
ar.g_o_cSE_239[240].u/lk$_DFF_N_	cSE[240]	output_lockup	7.428	1392.336	59.4
ar.g_o_cSE_239[240].u/q$_DFF_P_	cSE[240]	output	8.832	1390.932	59.4
ar.g_o_cSE_239[241].u/lk$_DFF_N_	cSE[241]	output_lockup	10.044	1389.528	59.4
ar.g_o_cSE_239[241].u/q$_DFF_P_	cSE[241]	output	11.448	1388.124	59.4
ar.g_o_cSE_239[242].u/lk$_DFF_N_	cSE[242]	output_lockup	7.314	1392.336	59.67
ar.g_o_cSE_239[242].u/q$_DFF_P_	cSE[242]	output	8.718	1390.932	59.67
ar.g_o_cSE_239[243].u/lk$_DFF_N_	cSE[243]	output_lockup	7.392	1392.336	59.94
ar.g_o_cSE_239[243].u/q$_DFF_P_	cSE[243]	output	8.796	1390.932	59.94
ar.g_o_cSE_239[244].u/lk$_DFF_N_	cSE[244]	output_lockup	7.47	1392.336	60.21
ar.g_o_cSE_239[244].u/q$_DFF_P_	cSE[244]	output	8.874	1390.932	60.21
ar.g_o_cSE_239[245].u/lk$_DFF_N_	cSE[245]	output_lockup	10.086	1389.528	60.21
ar.g_o_cSE_239[245].u/q$_DFF_P_	cSE[245]	output	11.49	1388.124	60.21
ar.g_o_cSE_239[246].u/lk$_DFF_N_	cSE[246]	output_lockup	7.356	1392.336	60.48
ar.g_o_cSE_239[246].u/q$_DFF_P_	cSE[246]	output	8.76	1390.932	60.48
ar.g_o_cSE_239[247].u/lk$_DFF_N_	cSE[247]	output_lockup	7.434	1392.336	60.75
ar.g_o_cSE_239[247].u/q$_DFF_P_	cSE[247]	output	8.838	1390.932	60.75
ar.g_o_cSE_239[251].u/lk$_DFF_N_	cSE[251]	output_lockup	7.476	1392.336	61.56
ar.g_o_cSE_239[251].u/q$_DFF_P_	cSE[251]	output	8.88	1390.932	61.56
ar.g_o_cSE_304[304].u/lk$_DFF_N_	cSE[304]	output_lockup	7.29	1392.336	71.55
ar.g_o_cSE_304[304].u/q$_DFF_P_	cSE[304]	output	8.694	1390.932	71.55
ar.g_o_cSE_304[305].u/lk$_DFF_N_	cSE[305]	output_lockup	7.368	1392.336	71.82
ar.g_o_cSE_304[305].u/q$_DFF_P_	cSE[305]	output	8.772	1390.932	71.82
ar.g_o_cSE_304[306].u/lk$_DFF_N_	cSE[306]	output_lockup	7.446	1392.336	72.09
ar.g_o_cSE_304[306].u/q$_DFF_P_	cSE[306]	output	8.85	1390.932	72.09
ar.g_o_cSE_304[307].u/lk$_DFF_N_	cSE[307]	output_lockup	10.062	1389.528	72.09
ar.g_o_cSE_304[307].u/q$_DFF_P_	cSE[307]	output	11.466	1388.124	72.09
ar.g_o_cSE_304[309].u/lk$_DFF_N_	cSE[309]	output_lockup	7.41	1392.336	72.63
ar.g_o_cSE_304[309].u/q$_DFF_P_	cSE[309]	output	8.814	1390.932	72.63
ar.g_o_cSE_33[33].u/lk$_DFF_N_	cSE[33]	output_lockup	7.482	1392.336	19.71
ar.g_o_cSE_33[33].u/q$_DFF_P_	cSE[33]	output	8.886	1390.932	19.71
ar.g_o_cSE_33[34].u/lk$_DFF_N_	cSE[34]	output_lockup	10.098	1389.528	19.71
ar.g_o_cSE_33[34].u/q$_DFF_P_	cSE[34]	output	11.502	1388.124	19.71
ar.g_o_cSE_33[35].u/lk$_DFF_N_	cSE[35]	output_lockup	7.368	1392.336	19.98
ar.g_o_cSE_33[35].u/q$_DFF_P_	cSE[35]	output	8.772	1390.932	19.98
ar.g_o_cSE_33[36].u/lk$_DFF_N_	cSE[36]	output_lockup	7.446	1392.336	20.25
ar.g_o_cSE_33[36].u/q$_DFF_P_	cSE[36]	output	8.85	1390.932	20.25
ar.g_o_cSE_33[37].u/lk$_DFF_N_	cSE[37]	output_lockup	10.062	1389.528	20.25
ar.g_o_cSE_33[37].u/q$_DFF_P_	cSE[37]	output	11.466	1388.124	20.25
ar.g_o_cSE_33[38].u/lk$_DFF_N_	cSE[38]	output_lockup	7.332	1392.336	20.52
ar.g_o_cSE_33[38].u/q$_DFF_P_	cSE[38]	output	8.736	1390.932	20.52
ar.g_o_cSE_33[39].u/lk$_DFF_N_	cSE[39]	output_lockup	7.41	1392.336	20.79
ar.g_o_cSE_33[39].u/q$_DFF_P_	cSE[39]	output	8.814	1390.932	20.79
ar.g_o_cSE_33[40].u/lk$_DFF_N_	cSE[40]	output_lockup	7.488	1392.336	21.06
ar.g_o_cSE_33[40].u/q$_DFF_P_	cSE[40]	output	8.892	1390.932	21.06
ar.g_o_cSE_33[41].u/lk$_DFF_N_	cSE[41]	output_lockup	10.104	1389.528	21.06
ar.g_o_cSE_33[41].u/q$_DFF_P_	cSE[41]	output	11.508	1388.124	21.06
ar.g_o_cSE_33[45].u/lk$_DFF_N_	cSE[45]	output_lockup	7.338	1392.336	21.87
ar.g_o_cSE_33[45].u/q$_DFF_P_	cSE[45]	output	8.742	1390.932	21.87
ar.g_o_cSE_342[342].u/lk$_DFF_N_	cSE[342]	output_lockup	7.284	1392.336	78.84
ar.g_o_cSE_342[342].u/q$_DFF_P_	cSE[342]	output	8.688	1390.932	78.84
ar.g_o_cSE_342[343].u/lk$_DFF_N_	cSE[343]	output_lockup	7.362	1392.336	79.11
ar.g_o_cSE_342[343].u/q$_DFF_P_	cSE[343]	output	8.766	1390.932	79.11
ar.g_o_cSE_342[344].u/lk$_DFF_N_	cSE[344]	output_lockup	7.44	1392.336	79.38
ar.g_o_cSE_342[344].u/q$_DFF_P_	cSE[344]	output	8.844	1390.932	79.38
ar.g_o_cSE_342[345].u/lk$_DFF_N_	cSE[345]	output_lockup	10.056	1389.528	79.38
ar.g_o_cSE_342[345].u/q$_DFF_P_	cSE[345]	output	11.46	1388.124	79.38
ar.g_o_cSE_342[346].u/lk$_DFF_N_	cSE[346]	output_lockup	7.326	1392.336	79.65
ar.g_o_cSE_342[346].u/q$_DFF_P_	cSE[346]	output	8.73	1390.932	79.65
ar.g_o_cSE_342[347].u/lk$_DFF_N_	cSE[347]	output_lockup	7.404	1392.336	79.92
ar.g_o_cSE_342[347].u/q$_DFF_P_	cSE[347]	output	8.808	1390.932	79.92
ar.g_o_cSE_342[348].u/lk$_DFF_N_	cSE[348]	output_lockup	7.482	1392.336	80.19
ar.g_o_cSE_342[348].u/q$_DFF_P_	cSE[348]	output	8.886	1390.932	80.19
ar.g_o_cSE_342[349].u/lk$_DFF_N_	cSE[349]	output_lockup	10.098	1389.528	80.19
ar.g_o_cSE_342[349].u/q$_DFF_P_	cSE[349]	output	11.502	1388.124	80.19
ar.g_o_cSE_342[350].u/lk$_DFF_N_	cSE[350]	output_lockup	7.368	1392.336	80.46
ar.g_o_cSE_342[350].u/q$_DFF_P_	cSE[350]	output	8.772	1390.932	80.46
ar.g_o_cSE_342[354].u/lk$_DFF_N_	cSE[354]	output_lockup	7.41	1392.336	81.27
ar.g_o_cSE_342[354].u/q$_DFF_P_	cSE[354]	output	8.814	1390.932	81.27
ar.g_o_cSE_407[407].u/lk$_DFF_N_	cSE[407]	output_lockup	7.224	1392.336	91.26
ar.g_o_cSE_407[407].u/q$_DFF_P_	cSE[407]	output	8.628	1390.932	91.26
ar.g_o_cSE_407[408].u/lk$_DFF_N_	cSE[408]	output_lockup	7.302	1392.336	91.53
ar.g_o_cSE_407[408].u/q$_DFF_P_	cSE[408]	output	8.706	1390.932	91.53
ar.g_o_cSE_407[409].u/lk$_DFF_N_	cSE[409]	output_lockup	7.38	1392.336	91.8
ar.g_o_cSE_407[409].u/q$_DFF_P_	cSE[409]	output	8.784	1390.932	91.8
ar.g_o_cSE_407[410].u/lk$_DFF_N_	cSE[410]	output_lockup	7.458	1392.336	92.07
ar.g_o_cSE_407[410].u/q$_DFF_P_	cSE[410]	output	8.862	1390.932	92.07
ar.g_o_cSE_407[412].u/lk$_DFF_N_	cSE[412]	output_lockup	7.344	1392.336	92.34
ar.g_o_cSE_407[412].u/q$_DFF_P_	cSE[412]	output	8.748	1390.932	92.34
ar.g_o_cSE_445[445].u/lk$_DFF_N_	cSE[445]	output_lockup	7.488	1392.336	98.82
ar.g_o_cSE_445[445].u/q$_DFF_P_	cSE[445]	output	8.892	1390.932	98.82
ar.g_o_cSE_445[446].u/lk$_DFF_N_	cSE[446]	output_lockup	10.104	1389.528	98.82
ar.g_o_cSE_445[446].u/q$_DFF_P_	cSE[446]	output	11.508	1388.124	98.82
ar.g_o_cSE_445[447].u/lk$_DFF_N_	cSE[447]	output_lockup	7.374	1392.336	99.09
ar.g_o_cSE_445[447].u/q$_DFF_P_	cSE[447]	output	8.778	1390.932	99.09
ar.g_o_cSE_445[448].u/lk$_DFF_N_	cSE[448]	output_lockup	7.452	1392.336	99.36
ar.g_o_cSE_445[448].u/q$_DFF_P_	cSE[448]	output	8.856	1390.932	99.36
ar.g_o_cSE_445[449].u/lk$_DFF_N_	cSE[449]	output_lockup	10.068	1389.528	99.36
ar.g_o_cSE_445[449].u/q$_DFF_P_	cSE[449]	output	11.472	1388.124	99.36
ar.g_o_cSE_445[450].u/lk$_DFF_N_	cSE[450]	output_lockup	7.338	1392.336	99.63
ar.g_o_cSE_445[450].u/q$_DFF_P_	cSE[450]	output	8.742	1390.932	99.63
ar.g_o_cSE_445[451].u/lk$_DFF_N_	cSE[451]	output_lockup	7.416	1392.336	99.9
ar.g_o_cSE_445[451].u/q$_DFF_P_	cSE[451]	output	8.82	1390.932	99.9
ar.g_o_cSE_445[452].u/lk$_DFF_N_	cSE[452]	output_lockup	10.032	1389.528	99.9
ar.g_o_cSE_445[452].u/q$_DFF_P_	cSE[452]	output	11.436	1388.124	99.9
ar.g_o_cSE_445[453].u/lk$_DFF_N_	cSE[453]	output_lockup	7.302	1392.336	100.17
ar.g_o_cSE_445[453].u/q$_DFF_P_	cSE[453]	output	8.706	1390.932	100.17
ar.g_o_cSE_445[457].u/lk$_DFF_N_	cSE[457]	output_lockup	7.344	1392.336	100.98
ar.g_o_cSE_445[457].u/q$_DFF_P_	cSE[457]	output	8.748	1390.932	100.98
ar.g_o_cSE_510[510].u/lk$_DFF_N_	cSE[510]	output_lockup	7.428	1392.336	111.24
ar.g_o_cSE_510[510].u/q$_DFF_P_	cSE[510]	output	8.832	1390.932	111.24
ar.g_o_cSE_510[511].u/lk$_DFF_N_	cSE[511]	output_lockup	10.044	1389.528	111.24
ar.g_o_cSE_510[511].u/q$_DFF_P_	cSE[511]	output	11.448	1388.124	111.24
ar.g_o_cSE_510[512].u/lk$_DFF_N_	cSE[512]	output_lockup	7.314	1392.336	111.51
ar.g_o_cSE_510[512].u/q$_DFF_P_	cSE[512]	output	8.718	1390.932	111.51
ar.g_o_cSE_510[513].u/lk$_DFF_N_	cSE[513]	output_lockup	7.392	1392.336	111.78
ar.g_o_cSE_510[513].u/q$_DFF_P_	cSE[513]	output	8.796	1390.932	111.78
ar.g_o_cSE_510[515].u/lk$_DFF_N_	cSE[515]	output_lockup	7.278	1392.336	112.05
ar.g_o_cSE_510[515].u/q$_DFF_P_	cSE[515]	output	8.682	1390.932	112.05
ar.g_o_cSE_548[548].u/lk$_DFF_N_	cSE[548]	output_lockup	7.422	1392.336	118.53
ar.g_o_cSE_548[548].u/q$_DFF_P_	cSE[548]	output	8.826	1390.932	118.53
ar.g_o_cSE_548[549].u/lk$_DFF_N_	cSE[549]	output_lockup	10.038	1389.528	118.53
ar.g_o_cSE_548[549].u/q$_DFF_P_	cSE[549]	output	11.442	1388.124	118.53
ar.g_o_cSE_548[550].u/lk$_DFF_N_	cSE[550]	output_lockup	7.308	1392.336	118.8
ar.g_o_cSE_548[550].u/q$_DFF_P_	cSE[550]	output	8.712	1390.932	118.8
ar.g_o_cSE_548[551].u/lk$_DFF_N_	cSE[551]	output_lockup	7.386	1392.336	119.07
ar.g_o_cSE_548[551].u/q$_DFF_P_	cSE[551]	output	8.79	1390.932	119.07
ar.g_o_cSE_548[552].u/lk$_DFF_N_	cSE[552]	output_lockup	7.464	1392.336	119.34
ar.g_o_cSE_548[552].u/q$_DFF_P_	cSE[552]	output	8.868	1390.932	119.34
ar.g_o_cSE_548[553].u/lk$_DFF_N_	cSE[553]	output_lockup	10.08	1389.528	119.34
ar.g_o_cSE_548[553].u/q$_DFF_P_	cSE[553]	output	11.484	1388.124	119.34
ar.g_o_cSE_548[554].u/lk$_DFF_N_	cSE[554]	output_lockup	7.35	1392.336	119.61
ar.g_o_cSE_548[554].u/q$_DFF_P_	cSE[554]	output	8.754	1390.932	119.61
ar.g_o_cSE_548[555].u/lk$_DFF_N_	cSE[555]	output_lockup	7.428	1392.336	119.88
ar.g_o_cSE_548[555].u/q$_DFF_P_	cSE[555]	output	8.832	1390.932	119.88
ar.g_o_cSE_548[556].u/lk$_DFF_N_	cSE[556]	output_lockup	10.044	1389.528	119.88
ar.g_o_cSE_548[556].u/q$_DFF_P_	cSE[556]	output	11.448	1388.124	119.88
ar.g_o_cSE_548[560].u/lk$_DFF_N_	cSE[560]	output_lockup	7.278	1392.336	120.69
ar.g_o_cSE_548[560].u/q$_DFF_P_	cSE[560]	output	8.682	1390.932	120.69
ar.g_o_cSE_613[613].u/lk$_DFF_N_	cSE[613]	output_lockup	7.362	1392.336	130.95
ar.g_o_cSE_613[613].u/q$_DFF_P_	cSE[613]	output	8.766	1390.932	130.95
ar.g_o_cSE_613[614].u/lk$_DFF_N_	cSE[614]	output_lockup	7.44	1392.336	131.22
ar.g_o_cSE_613[614].u/q$_DFF_P_	cSE[614]	output	8.844	1390.932	131.22
ar.g_o_cSE_613[615].u/lk$_DFF_N_	cSE[615]	output_lockup	10.056	1389.528	131.22
ar.g_o_cSE_613[615].u/q$_DFF_P_	cSE[615]	output	11.46	1388.124	131.22
ar.g_o_cSE_613[616].u/lk$_DFF_N_	cSE[616]	output_lockup	7.326	1392.336	131.49
ar.g_o_cSE_613[616].u/q$_DFF_P_	cSE[616]	output	8.73	1390.932	131.49
ar.g_o_cSE_613[618].u/lk$_DFF_N_	cSE[618]	output_lockup	7.482	1392.336	132.03
ar.g_o_cSE_613[618].u/q$_DFF_P_	cSE[618]	output	8.886	1390.932	132.03
ar.g_o_cSE_651[651].u/lk$_DFF_N_	cSE[651]	output_lockup	7.356	1392.336	138.24
ar.g_o_cSE_651[651].u/q$_DFF_P_	cSE[651]	output	8.76	1390.932	138.24
ar.g_o_cSE_651[652].u/lk$_DFF_N_	cSE[652]	output_lockup	7.434	1392.336	138.51
ar.g_o_cSE_651[652].u/q$_DFF_P_	cSE[652]	output	8.838	1390.932	138.51
ar.g_o_cSE_651[653].u/lk$_DFF_N_	cSE[653]	output_lockup	10.05	1389.528	138.51
ar.g_o_cSE_651[653].u/q$_DFF_P_	cSE[653]	output	11.454	1388.124	138.51
ar.g_o_cSE_651[654].u/lk$_DFF_N_	cSE[654]	output_lockup	7.32	1392.336	138.78
ar.g_o_cSE_651[654].u/q$_DFF_P_	cSE[654]	output	8.724	1390.932	138.78
ar.g_o_cSE_651[655].u/lk$_DFF_N_	cSE[655]	output_lockup	7.398	1392.336	139.05
ar.g_o_cSE_651[655].u/q$_DFF_P_	cSE[655]	output	8.802	1390.932	139.05
ar.g_o_cSE_651[656].u/lk$_DFF_N_	cSE[656]	output_lockup	7.476	1392.336	139.32
ar.g_o_cSE_651[656].u/q$_DFF_P_	cSE[656]	output	8.88	1390.932	139.32
ar.g_o_cSE_651[657].u/lk$_DFF_N_	cSE[657]	output_lockup	10.092	1389.528	139.32
ar.g_o_cSE_651[657].u/q$_DFF_P_	cSE[657]	output	11.496	1388.124	139.32
ar.g_o_cSE_651[658].u/lk$_DFF_N_	cSE[658]	output_lockup	7.362	1392.336	139.59
ar.g_o_cSE_651[658].u/q$_DFF_P_	cSE[658]	output	8.766	1390.932	139.59
ar.g_o_cSE_651[659].u/lk$_DFF_N_	cSE[659]	output_lockup	7.44	1392.336	139.86
ar.g_o_cSE_651[659].u/q$_DFF_P_	cSE[659]	output	8.844	1390.932	139.86
ar.g_o_cSE_651[663].u/lk$_DFF_N_	cSE[663]	output_lockup	7.482	1392.336	140.67
ar.g_o_cSE_651[663].u/q$_DFF_P_	cSE[663]	output	8.886	1390.932	140.67
ar.g_o_cSE_716[716].u/lk$_DFF_N_	cSE[716]	output_lockup	7.296	1392.336	150.66
ar.g_o_cSE_716[716].u/q$_DFF_P_	cSE[716]	output	8.7	1390.932	150.66
ar.g_o_cSE_716[717].u/lk$_DFF_N_	cSE[717]	output_lockup	7.374	1392.336	150.93
ar.g_o_cSE_716[717].u/q$_DFF_P_	cSE[717]	output	8.778	1390.932	150.93
ar.g_o_cSE_716[718].u/lk$_DFF_N_	cSE[718]	output_lockup	7.452	1392.336	151.2
ar.g_o_cSE_716[718].u/q$_DFF_P_	cSE[718]	output	8.856	1390.932	151.2
ar.g_o_cSE_716[719].u/lk$_DFF_N_	cSE[719]	output_lockup	10.068	1389.528	151.2
ar.g_o_cSE_716[719].u/q$_DFF_P_	cSE[719]	output	11.472	1388.124	151.2
ar.g_o_cSE_716[721].u/lk$_DFF_N_	cSE[721]	output_lockup	7.416	1392.336	151.74
ar.g_o_cSE_716[721].u/q$_DFF_P_	cSE[721]	output	8.82	1390.932	151.74
ar.g_o_cSE_754[754].u/lk$_DFF_N_	cSE[754]	output_lockup	7.29	1392.336	157.95
ar.g_o_cSE_754[754].u/q$_DFF_P_	cSE[754]	output	8.694	1390.932	157.95
ar.g_o_cSE_754[755].u/lk$_DFF_N_	cSE[755]	output_lockup	7.368	1392.336	158.22
ar.g_o_cSE_754[755].u/q$_DFF_P_	cSE[755]	output	8.772	1390.932	158.22
ar.g_o_cSE_754[756].u/lk$_DFF_N_	cSE[756]	output_lockup	7.446	1392.336	158.49
ar.g_o_cSE_754[756].u/q$_DFF_P_	cSE[756]	output	8.85	1390.932	158.49
ar.g_o_cSE_754[757].u/lk$_DFF_N_	cSE[757]	output_lockup	10.062	1389.528	158.49
ar.g_o_cSE_754[757].u/q$_DFF_P_	cSE[757]	output	11.466	1388.124	158.49
ar.g_o_cSE_754[758].u/lk$_DFF_N_	cSE[758]	output_lockup	7.332	1392.336	158.76
ar.g_o_cSE_754[758].u/q$_DFF_P_	cSE[758]	output	8.736	1390.932	158.76
ar.g_o_cSE_754[759].u/lk$_DFF_N_	cSE[759]	output_lockup	7.41	1392.336	159.03
ar.g_o_cSE_754[759].u/q$_DFF_P_	cSE[759]	output	8.814	1390.932	159.03
ar.g_o_cSE_754[760].u/lk$_DFF_N_	cSE[760]	output_lockup	7.488	1392.336	159.3
ar.g_o_cSE_754[760].u/q$_DFF_P_	cSE[760]	output	8.892	1390.932	159.3
ar.g_o_cSE_754[761].u/lk$_DFF_N_	cSE[761]	output_lockup	10.104	1389.528	159.3
ar.g_o_cSE_754[761].u/q$_DFF_P_	cSE[761]	output	11.508	1388.124	159.3
ar.g_o_cSE_754[762].u/lk$_DFF_N_	cSE[762]	output_lockup	7.374	1392.336	159.57
ar.g_o_cSE_754[762].u/q$_DFF_P_	cSE[762]	output	8.778	1390.932	159.57
ar.g_o_cSE_754[766].u/lk$_DFF_N_	cSE[766]	output_lockup	7.416	1392.336	160.38
ar.g_o_cSE_754[766].u/q$_DFF_P_	cSE[766]	output	8.82	1390.932	160.38
ar.g_o_cSE_819[819].u/lk$_DFF_N_	cSE[819]	output_lockup	7.23	1392.336	170.37
ar.g_o_cSE_819[819].u/q$_DFF_P_	cSE[819]	output	8.634	1390.932	170.37
ar.g_o_cSE_819[820].u/lk$_DFF_N_	cSE[820]	output_lockup	7.308	1392.336	170.64
ar.g_o_cSE_819[820].u/q$_DFF_P_	cSE[820]	output	8.712	1390.932	170.64
ar.g_o_cSE_819[821].u/lk$_DFF_N_	cSE[821]	output_lockup	7.386	1392.336	170.91
ar.g_o_cSE_819[821].u/q$_DFF_P_	cSE[821]	output	8.79	1390.932	170.91
ar.g_o_cSE_819[822].u/lk$_DFF_N_	cSE[822]	output_lockup	7.464	1392.336	171.18
ar.g_o_cSE_819[822].u/q$_DFF_P_	cSE[822]	output	8.868	1390.932	171.18
ar.g_o_cSE_98[100].u/lk$_DFF_N_	cSE[100]	output_lockup	7.308	1392.336	32.4
ar.g_o_cSE_98[100].u/q$_DFF_P_	cSE[100]	output	8.712	1390.932	32.4
ar.g_o_cSE_98[101].u/lk$_DFF_N_	cSE[101]	output_lockup	7.386	1392.336	32.67
ar.g_o_cSE_98[101].u/q$_DFF_P_	cSE[101]	output	8.79	1390.932	32.67
ar.g_o_cSE_98[103].u/lk$_DFF_N_	cSE[103]	output_lockup	7.272	1392.336	32.94
ar.g_o_cSE_98[103].u/q$_DFF_P_	cSE[103]	output	8.676	1390.932	32.94
ar.g_o_cSE_98[98].u/lk$_DFF_N_	cSE[98]	output_lockup	7.422	1392.336	32.13
ar.g_o_cSE_98[98].u/q$_DFF_P_	cSE[98]	output	8.826	1390.932	32.13
ar.g_o_cSE_98[99].u/lk$_DFF_N_	cSE[99]	output_lockup	10.038	1389.528	32.13
ar.g_o_cSE_98[99].u/q$_DFF_P_	cSE[99]	output	11.442	1388.124	32.13
ar.g_o_cSW_0[0].u/lk$_DFF_N_	cSW[0]	output_lockup	6.012	5.994	13.23
ar.g_o_cSW_0[0].u/q$_DFF_P_	cSW[0]	output	7.416	7.398	13.23
ar.g_o_cSW_136[136].u/lk$_DFF_N_	cSW[136]	output_lockup	6.09	5.994	39.42
ar.g_o_cSW_136[136].u/q$_DFF_P_	cSW[136]	output	7.494	7.398	39.42
ar.g_o_cSW_136[137].u/lk$_DFF_N_	cSW[137]	output_lockup	8.706	8.802	39.42
ar.g_o_cSW_136[137].u/q$_DFF_P_	cSW[137]	output	10.11	10.206	39.42
ar.g_o_cSW_136[138].u/lk$_DFF_N_	cSW[138]	output_lockup	5.976	5.994	39.69
ar.g_o_cSW_136[138].u/q$_DFF_P_	cSW[138]	output	7.38	7.398	39.69
ar.g_o_cSW_136[139].u/lk$_DFF_N_	cSW[139]	output_lockup	6.054	5.994	39.96
ar.g_o_cSW_136[139].u/q$_DFF_P_	cSW[139]	output	7.458	7.398	39.96
ar.g_o_cSW_136[140].u/lk$_DFF_N_	cSW[140]	output_lockup	6.132	5.994	40.23
ar.g_o_cSW_136[140].u/q$_DFF_P_	cSW[140]	output	7.536	7.398	40.23
ar.g_o_cSW_136[141].u/lk$_DFF_N_	cSW[141]	output_lockup	8.748	8.802	40.23
ar.g_o_cSW_136[141].u/q$_DFF_P_	cSW[141]	output	10.152	10.206	40.23
ar.g_o_cSW_136[142].u/lk$_DFF_N_	cSW[142]	output_lockup	6.018	5.994	40.5
ar.g_o_cSW_136[142].u/q$_DFF_P_	cSW[142]	output	7.422	7.398	40.5
ar.g_o_cSW_136[143].u/lk$_DFF_N_	cSW[143]	output_lockup	6.096	5.994	40.77
ar.g_o_cSW_136[143].u/q$_DFF_P_	cSW[143]	output	7.5	7.398	40.77
ar.g_o_cSW_136[144].u/lk$_DFF_N_	cSW[144]	output_lockup	8.712	8.802	40.77
ar.g_o_cSW_136[144].u/q$_DFF_P_	cSW[144]	output	10.116	10.206	40.77
ar.g_o_cSW_136[148].u/lk$_DFF_N_	cSW[148]	output_lockup	5.946	5.994	41.58
ar.g_o_cSW_136[148].u/q$_DFF_P_	cSW[148]	output	7.35	7.398	41.58
ar.g_o_cSW_201[201].u/lk$_DFF_N_	cSW[201]	output_lockup	6.03	5.994	51.84
ar.g_o_cSW_201[201].u/q$_DFF_P_	cSW[201]	output	7.434	7.398	51.84
ar.g_o_cSW_201[202].u/lk$_DFF_N_	cSW[202]	output_lockup	6.108	5.994	52.11
ar.g_o_cSW_201[202].u/q$_DFF_P_	cSW[202]	output	7.512	7.398	52.11
ar.g_o_cSW_201[203].u/lk$_DFF_N_	cSW[203]	output_lockup	8.724	8.802	52.11
ar.g_o_cSW_201[203].u/q$_DFF_P_	cSW[203]	output	10.128	10.206	52.11
ar.g_o_cSW_201[204].u/lk$_DFF_N_	cSW[204]	output_lockup	5.994	5.994	52.38
ar.g_o_cSW_201[204].u/q$_DFF_P_	cSW[204]	output	7.398	7.398	52.38
ar.g_o_cSW_201[206].u/lk$_DFF_N_	cSW[206]	output_lockup	6.15	5.994	52.92
ar.g_o_cSW_201[206].u/q$_DFF_P_	cSW[206]	output	7.554	7.398	52.92
ar.g_o_cSW_239[239].u/lk$_DFF_N_	cSW[239]	output_lockup	6.024	5.994	59.13
ar.g_o_cSW_239[239].u/q$_DFF_P_	cSW[239]	output	7.428	7.398	59.13
ar.g_o_cSW_239[240].u/lk$_DFF_N_	cSW[240]	output_lockup	6.102	5.994	59.4
ar.g_o_cSW_239[240].u/q$_DFF_P_	cSW[240]	output	7.506	7.398	59.4
ar.g_o_cSW_239[241].u/lk$_DFF_N_	cSW[241]	output_lockup	8.718	8.802	59.4
ar.g_o_cSW_239[241].u/q$_DFF_P_	cSW[241]	output	10.122	10.206	59.4
ar.g_o_cSW_239[242].u/lk$_DFF_N_	cSW[242]	output_lockup	5.988	5.994	59.67
ar.g_o_cSW_239[242].u/q$_DFF_P_	cSW[242]	output	7.392	7.398	59.67
ar.g_o_cSW_239[243].u/lk$_DFF_N_	cSW[243]	output_lockup	6.066	5.994	59.94
ar.g_o_cSW_239[243].u/q$_DFF_P_	cSW[243]	output	7.47	7.398	59.94
ar.g_o_cSW_239[244].u/lk$_DFF_N_	cSW[244]	output_lockup	6.144	5.994	60.21
ar.g_o_cSW_239[244].u/q$_DFF_P_	cSW[244]	output	7.548	7.398	60.21
ar.g_o_cSW_239[245].u/lk$_DFF_N_	cSW[245]	output_lockup	8.76	8.802	60.21
ar.g_o_cSW_239[245].u/q$_DFF_P_	cSW[245]	output	10.164	10.206	60.21
ar.g_o_cSW_239[246].u/lk$_DFF_N_	cSW[246]	output_lockup	6.03	5.994	60.48
ar.g_o_cSW_239[246].u/q$_DFF_P_	cSW[246]	output	7.434	7.398	60.48
ar.g_o_cSW_239[247].u/lk$_DFF_N_	cSW[247]	output_lockup	6.108	5.994	60.75
ar.g_o_cSW_239[247].u/q$_DFF_P_	cSW[247]	output	7.512	7.398	60.75
ar.g_o_cSW_239[251].u/lk$_DFF_N_	cSW[251]	output_lockup	6.15	5.994	61.56
ar.g_o_cSW_239[251].u/q$_DFF_P_	cSW[251]	output	7.554	7.398	61.56
ar.g_o_cSW_304[304].u/lk$_DFF_N_	cSW[304]	output_lockup	5.964	5.994	71.55
ar.g_o_cSW_304[304].u/q$_DFF_P_	cSW[304]	output	7.368	7.398	71.55
ar.g_o_cSW_304[305].u/lk$_DFF_N_	cSW[305]	output_lockup	6.042	5.994	71.82
ar.g_o_cSW_304[305].u/q$_DFF_P_	cSW[305]	output	7.446	7.398	71.82
ar.g_o_cSW_304[306].u/lk$_DFF_N_	cSW[306]	output_lockup	6.12	5.994	72.09
ar.g_o_cSW_304[306].u/q$_DFF_P_	cSW[306]	output	7.524	7.398	72.09
ar.g_o_cSW_304[307].u/lk$_DFF_N_	cSW[307]	output_lockup	8.736	8.802	72.09
ar.g_o_cSW_304[307].u/q$_DFF_P_	cSW[307]	output	10.14	10.206	72.09
ar.g_o_cSW_304[309].u/lk$_DFF_N_	cSW[309]	output_lockup	6.084	5.994	72.63
ar.g_o_cSW_304[309].u/q$_DFF_P_	cSW[309]	output	7.488	7.398	72.63
ar.g_o_cSW_33[33].u/lk$_DFF_N_	cSW[33]	output_lockup	6.156	5.994	19.71
ar.g_o_cSW_33[33].u/q$_DFF_P_	cSW[33]	output	7.56	7.398	19.71
ar.g_o_cSW_33[34].u/lk$_DFF_N_	cSW[34]	output_lockup	8.772	8.802	19.71
ar.g_o_cSW_33[34].u/q$_DFF_P_	cSW[34]	output	10.176	10.206	19.71
ar.g_o_cSW_33[35].u/lk$_DFF_N_	cSW[35]	output_lockup	6.042	5.994	19.98
ar.g_o_cSW_33[35].u/q$_DFF_P_	cSW[35]	output	7.446	7.398	19.98
ar.g_o_cSW_33[36].u/lk$_DFF_N_	cSW[36]	output_lockup	6.12	5.994	20.25
ar.g_o_cSW_33[36].u/q$_DFF_P_	cSW[36]	output	7.524	7.398	20.25
ar.g_o_cSW_33[37].u/lk$_DFF_N_	cSW[37]	output_lockup	8.736	8.802	20.25
ar.g_o_cSW_33[37].u/q$_DFF_P_	cSW[37]	output	10.14	10.206	20.25
ar.g_o_cSW_33[38].u/lk$_DFF_N_	cSW[38]	output_lockup	6.006	5.994	20.52
ar.g_o_cSW_33[38].u/q$_DFF_P_	cSW[38]	output	7.41	7.398	20.52
ar.g_o_cSW_33[39].u/lk$_DFF_N_	cSW[39]	output_lockup	6.084	5.994	20.79
ar.g_o_cSW_33[39].u/q$_DFF_P_	cSW[39]	output	7.488	7.398	20.79
ar.g_o_cSW_33[40].u/lk$_DFF_N_	cSW[40]	output_lockup	6.162	5.994	21.06
ar.g_o_cSW_33[40].u/q$_DFF_P_	cSW[40]	output	7.566	7.398	21.06
ar.g_o_cSW_33[41].u/lk$_DFF_N_	cSW[41]	output_lockup	8.778	8.802	21.06
ar.g_o_cSW_33[41].u/q$_DFF_P_	cSW[41]	output	10.182	10.206	21.06
ar.g_o_cSW_33[45].u/lk$_DFF_N_	cSW[45]	output_lockup	6.012	5.994	21.87
ar.g_o_cSW_33[45].u/q$_DFF_P_	cSW[45]	output	7.416	7.398	21.87
ar.g_o_cSW_342[342].u/lk$_DFF_N_	cSW[342]	output_lockup	5.958	5.994	78.84
ar.g_o_cSW_342[342].u/q$_DFF_P_	cSW[342]	output	7.362	7.398	78.84
ar.g_o_cSW_342[343].u/lk$_DFF_N_	cSW[343]	output_lockup	6.036	5.994	79.11
ar.g_o_cSW_342[343].u/q$_DFF_P_	cSW[343]	output	7.44	7.398	79.11
ar.g_o_cSW_342[344].u/lk$_DFF_N_	cSW[344]	output_lockup	6.114	5.994	79.38
ar.g_o_cSW_342[344].u/q$_DFF_P_	cSW[344]	output	7.518	7.398	79.38
ar.g_o_cSW_342[345].u/lk$_DFF_N_	cSW[345]	output_lockup	8.73	8.802	79.38
ar.g_o_cSW_342[345].u/q$_DFF_P_	cSW[345]	output	10.134	10.206	79.38
ar.g_o_cSW_342[346].u/lk$_DFF_N_	cSW[346]	output_lockup	6.0	5.994	79.65
ar.g_o_cSW_342[346].u/q$_DFF_P_	cSW[346]	output	7.404	7.398	79.65
ar.g_o_cSW_342[347].u/lk$_DFF_N_	cSW[347]	output_lockup	6.078	5.994	79.92
ar.g_o_cSW_342[347].u/q$_DFF_P_	cSW[347]	output	7.482	7.398	79.92
ar.g_o_cSW_342[348].u/lk$_DFF_N_	cSW[348]	output_lockup	6.156	5.994	80.19
ar.g_o_cSW_342[348].u/q$_DFF_P_	cSW[348]	output	7.56	7.398	80.19
ar.g_o_cSW_342[349].u/lk$_DFF_N_	cSW[349]	output_lockup	8.772	8.802	80.19
ar.g_o_cSW_342[349].u/q$_DFF_P_	cSW[349]	output	10.176	10.206	80.19
ar.g_o_cSW_342[350].u/lk$_DFF_N_	cSW[350]	output_lockup	6.042	5.994	80.46
ar.g_o_cSW_342[350].u/q$_DFF_P_	cSW[350]	output	7.446	7.398	80.46
ar.g_o_cSW_342[354].u/lk$_DFF_N_	cSW[354]	output_lockup	6.084	5.994	81.27
ar.g_o_cSW_342[354].u/q$_DFF_P_	cSW[354]	output	7.488	7.398	81.27
ar.g_o_cSW_407[407].u/lk$_DFF_N_	cSW[407]	output_lockup	5.898	5.994	91.26
ar.g_o_cSW_407[407].u/q$_DFF_P_	cSW[407]	output	7.302	7.398	91.26
ar.g_o_cSW_407[408].u/lk$_DFF_N_	cSW[408]	output_lockup	5.976	5.994	91.53
ar.g_o_cSW_407[408].u/q$_DFF_P_	cSW[408]	output	7.38	7.398	91.53
ar.g_o_cSW_407[409].u/lk$_DFF_N_	cSW[409]	output_lockup	6.054	5.994	91.8
ar.g_o_cSW_407[409].u/q$_DFF_P_	cSW[409]	output	7.458	7.398	91.8
ar.g_o_cSW_407[410].u/lk$_DFF_N_	cSW[410]	output_lockup	6.132	5.994	92.07
ar.g_o_cSW_407[410].u/q$_DFF_P_	cSW[410]	output	7.536	7.398	92.07
ar.g_o_cSW_407[412].u/lk$_DFF_N_	cSW[412]	output_lockup	6.018	5.994	92.34
ar.g_o_cSW_407[412].u/q$_DFF_P_	cSW[412]	output	7.422	7.398	92.34
ar.g_o_cSW_445[445].u/lk$_DFF_N_	cSW[445]	output_lockup	6.162	5.994	98.82
ar.g_o_cSW_445[445].u/q$_DFF_P_	cSW[445]	output	7.566	7.398	98.82
ar.g_o_cSW_445[446].u/lk$_DFF_N_	cSW[446]	output_lockup	8.778	8.802	98.82
ar.g_o_cSW_445[446].u/q$_DFF_P_	cSW[446]	output	10.182	10.206	98.82
ar.g_o_cSW_445[447].u/lk$_DFF_N_	cSW[447]	output_lockup	6.048	5.994	99.09
ar.g_o_cSW_445[447].u/q$_DFF_P_	cSW[447]	output	7.452	7.398	99.09
ar.g_o_cSW_445[448].u/lk$_DFF_N_	cSW[448]	output_lockup	6.126	5.994	99.36
ar.g_o_cSW_445[448].u/q$_DFF_P_	cSW[448]	output	7.53	7.398	99.36
ar.g_o_cSW_445[449].u/lk$_DFF_N_	cSW[449]	output_lockup	8.742	8.802	99.36
ar.g_o_cSW_445[449].u/q$_DFF_P_	cSW[449]	output	10.146	10.206	99.36
ar.g_o_cSW_445[450].u/lk$_DFF_N_	cSW[450]	output_lockup	6.012	5.994	99.63
ar.g_o_cSW_445[450].u/q$_DFF_P_	cSW[450]	output	7.416	7.398	99.63
ar.g_o_cSW_445[451].u/lk$_DFF_N_	cSW[451]	output_lockup	6.09	5.994	99.9
ar.g_o_cSW_445[451].u/q$_DFF_P_	cSW[451]	output	7.494	7.398	99.9
ar.g_o_cSW_445[452].u/lk$_DFF_N_	cSW[452]	output_lockup	8.706	8.802	99.9
ar.g_o_cSW_445[452].u/q$_DFF_P_	cSW[452]	output	10.11	10.206	99.9
ar.g_o_cSW_445[453].u/lk$_DFF_N_	cSW[453]	output_lockup	5.976	5.994	100.17
ar.g_o_cSW_445[453].u/q$_DFF_P_	cSW[453]	output	7.38	7.398	100.17
ar.g_o_cSW_445[457].u/lk$_DFF_N_	cSW[457]	output_lockup	6.018	5.994	100.98
ar.g_o_cSW_445[457].u/q$_DFF_P_	cSW[457]	output	7.422	7.398	100.98
ar.g_o_cSW_510[510].u/lk$_DFF_N_	cSW[510]	output_lockup	6.102	5.994	111.24
ar.g_o_cSW_510[510].u/q$_DFF_P_	cSW[510]	output	7.506	7.398	111.24
ar.g_o_cSW_510[511].u/lk$_DFF_N_	cSW[511]	output_lockup	8.718	8.802	111.24
ar.g_o_cSW_510[511].u/q$_DFF_P_	cSW[511]	output	10.122	10.206	111.24
ar.g_o_cSW_510[512].u/lk$_DFF_N_	cSW[512]	output_lockup	5.988	5.994	111.51
ar.g_o_cSW_510[512].u/q$_DFF_P_	cSW[512]	output	7.392	7.398	111.51
ar.g_o_cSW_510[513].u/lk$_DFF_N_	cSW[513]	output_lockup	6.066	5.994	111.78
ar.g_o_cSW_510[513].u/q$_DFF_P_	cSW[513]	output	7.47	7.398	111.78
ar.g_o_cSW_510[515].u/lk$_DFF_N_	cSW[515]	output_lockup	5.952	5.994	112.05
ar.g_o_cSW_510[515].u/q$_DFF_P_	cSW[515]	output	7.356	7.398	112.05
ar.g_o_cSW_548[548].u/lk$_DFF_N_	cSW[548]	output_lockup	6.096	5.994	118.53
ar.g_o_cSW_548[548].u/q$_DFF_P_	cSW[548]	output	7.5	7.398	118.53
ar.g_o_cSW_548[549].u/lk$_DFF_N_	cSW[549]	output_lockup	8.712	8.802	118.53
ar.g_o_cSW_548[549].u/q$_DFF_P_	cSW[549]	output	10.116	10.206	118.53
ar.g_o_cSW_548[550].u/lk$_DFF_N_	cSW[550]	output_lockup	5.982	5.994	118.8
ar.g_o_cSW_548[550].u/q$_DFF_P_	cSW[550]	output	7.386	7.398	118.8
ar.g_o_cSW_548[551].u/lk$_DFF_N_	cSW[551]	output_lockup	6.06	5.994	119.07
ar.g_o_cSW_548[551].u/q$_DFF_P_	cSW[551]	output	7.464	7.398	119.07
ar.g_o_cSW_548[552].u/lk$_DFF_N_	cSW[552]	output_lockup	6.138	5.994	119.34
ar.g_o_cSW_548[552].u/q$_DFF_P_	cSW[552]	output	7.542	7.398	119.34
ar.g_o_cSW_548[553].u/lk$_DFF_N_	cSW[553]	output_lockup	8.754	8.802	119.34
ar.g_o_cSW_548[553].u/q$_DFF_P_	cSW[553]	output	10.158	10.206	119.34
ar.g_o_cSW_548[554].u/lk$_DFF_N_	cSW[554]	output_lockup	6.024	5.994	119.61
ar.g_o_cSW_548[554].u/q$_DFF_P_	cSW[554]	output	7.428	7.398	119.61
ar.g_o_cSW_548[555].u/lk$_DFF_N_	cSW[555]	output_lockup	6.102	5.994	119.88
ar.g_o_cSW_548[555].u/q$_DFF_P_	cSW[555]	output	7.506	7.398	119.88
ar.g_o_cSW_548[556].u/lk$_DFF_N_	cSW[556]	output_lockup	8.718	8.802	119.88
ar.g_o_cSW_548[556].u/q$_DFF_P_	cSW[556]	output	10.122	10.206	119.88
ar.g_o_cSW_548[560].u/lk$_DFF_N_	cSW[560]	output_lockup	5.952	5.994	120.69
ar.g_o_cSW_548[560].u/q$_DFF_P_	cSW[560]	output	7.356	7.398	120.69
ar.g_o_cSW_613[613].u/lk$_DFF_N_	cSW[613]	output_lockup	6.036	5.994	130.95
ar.g_o_cSW_613[613].u/q$_DFF_P_	cSW[613]	output	7.44	7.398	130.95
ar.g_o_cSW_613[614].u/lk$_DFF_N_	cSW[614]	output_lockup	6.114	5.994	131.22
ar.g_o_cSW_613[614].u/q$_DFF_P_	cSW[614]	output	7.518	7.398	131.22
ar.g_o_cSW_613[615].u/lk$_DFF_N_	cSW[615]	output_lockup	8.73	8.802	131.22
ar.g_o_cSW_613[615].u/q$_DFF_P_	cSW[615]	output	10.134	10.206	131.22
ar.g_o_cSW_613[616].u/lk$_DFF_N_	cSW[616]	output_lockup	6.0	5.994	131.49
ar.g_o_cSW_613[616].u/q$_DFF_P_	cSW[616]	output	7.404	7.398	131.49
ar.g_o_cSW_613[618].u/lk$_DFF_N_	cSW[618]	output_lockup	6.156	5.994	132.03
ar.g_o_cSW_613[618].u/q$_DFF_P_	cSW[618]	output	7.56	7.398	132.03
ar.g_o_cSW_651[651].u/lk$_DFF_N_	cSW[651]	output_lockup	6.03	5.994	138.24
ar.g_o_cSW_651[651].u/q$_DFF_P_	cSW[651]	output	7.434	7.398	138.24
ar.g_o_cSW_651[652].u/lk$_DFF_N_	cSW[652]	output_lockup	6.108	5.994	138.51
ar.g_o_cSW_651[652].u/q$_DFF_P_	cSW[652]	output	7.512	7.398	138.51
ar.g_o_cSW_651[653].u/lk$_DFF_N_	cSW[653]	output_lockup	8.724	8.802	138.51
ar.g_o_cSW_651[653].u/q$_DFF_P_	cSW[653]	output	10.128	10.206	138.51
ar.g_o_cSW_651[654].u/lk$_DFF_N_	cSW[654]	output_lockup	5.994	5.994	138.78
ar.g_o_cSW_651[654].u/q$_DFF_P_	cSW[654]	output	7.398	7.398	138.78
ar.g_o_cSW_651[655].u/lk$_DFF_N_	cSW[655]	output_lockup	6.072	5.994	139.05
ar.g_o_cSW_651[655].u/q$_DFF_P_	cSW[655]	output	7.476	7.398	139.05
ar.g_o_cSW_651[656].u/lk$_DFF_N_	cSW[656]	output_lockup	6.15	5.994	139.32
ar.g_o_cSW_651[656].u/q$_DFF_P_	cSW[656]	output	7.554	7.398	139.32
ar.g_o_cSW_651[657].u/lk$_DFF_N_	cSW[657]	output_lockup	8.766	8.802	139.32
ar.g_o_cSW_651[657].u/q$_DFF_P_	cSW[657]	output	10.17	10.206	139.32
ar.g_o_cSW_651[658].u/lk$_DFF_N_	cSW[658]	output_lockup	6.036	5.994	139.59
ar.g_o_cSW_651[658].u/q$_DFF_P_	cSW[658]	output	7.44	7.398	139.59
ar.g_o_cSW_651[659].u/lk$_DFF_N_	cSW[659]	output_lockup	6.114	5.994	139.86
ar.g_o_cSW_651[659].u/q$_DFF_P_	cSW[659]	output	7.518	7.398	139.86
ar.g_o_cSW_651[663].u/lk$_DFF_N_	cSW[663]	output_lockup	6.156	5.994	140.67
ar.g_o_cSW_651[663].u/q$_DFF_P_	cSW[663]	output	7.56	7.398	140.67
ar.g_o_cSW_716[716].u/lk$_DFF_N_	cSW[716]	output_lockup	5.97	5.994	150.66
ar.g_o_cSW_716[716].u/q$_DFF_P_	cSW[716]	output	7.374	7.398	150.66
ar.g_o_cSW_716[717].u/lk$_DFF_N_	cSW[717]	output_lockup	6.048	5.994	150.93
ar.g_o_cSW_716[717].u/q$_DFF_P_	cSW[717]	output	7.452	7.398	150.93
ar.g_o_cSW_716[718].u/lk$_DFF_N_	cSW[718]	output_lockup	6.126	5.994	151.2
ar.g_o_cSW_716[718].u/q$_DFF_P_	cSW[718]	output	7.53	7.398	151.2
ar.g_o_cSW_716[719].u/lk$_DFF_N_	cSW[719]	output_lockup	8.742	8.802	151.2
ar.g_o_cSW_716[719].u/q$_DFF_P_	cSW[719]	output	10.146	10.206	151.2
ar.g_o_cSW_716[721].u/lk$_DFF_N_	cSW[721]	output_lockup	6.09	5.994	151.74
ar.g_o_cSW_716[721].u/q$_DFF_P_	cSW[721]	output	7.494	7.398	151.74
ar.g_o_cSW_754[754].u/lk$_DFF_N_	cSW[754]	output_lockup	5.964	5.994	157.95
ar.g_o_cSW_754[754].u/q$_DFF_P_	cSW[754]	output	7.368	7.398	157.95
ar.g_o_cSW_754[755].u/lk$_DFF_N_	cSW[755]	output_lockup	6.042	5.994	158.22
ar.g_o_cSW_754[755].u/q$_DFF_P_	cSW[755]	output	7.446	7.398	158.22
ar.g_o_cSW_754[756].u/lk$_DFF_N_	cSW[756]	output_lockup	6.12	5.994	158.49
ar.g_o_cSW_754[756].u/q$_DFF_P_	cSW[756]	output	7.524	7.398	158.49
ar.g_o_cSW_754[757].u/lk$_DFF_N_	cSW[757]	output_lockup	8.736	8.802	158.49
ar.g_o_cSW_754[757].u/q$_DFF_P_	cSW[757]	output	10.14	10.206	158.49
ar.g_o_cSW_754[758].u/lk$_DFF_N_	cSW[758]	output_lockup	6.006	5.994	158.76
ar.g_o_cSW_754[758].u/q$_DFF_P_	cSW[758]	output	7.41	7.398	158.76
ar.g_o_cSW_754[759].u/lk$_DFF_N_	cSW[759]	output_lockup	6.084	5.994	159.03
ar.g_o_cSW_754[759].u/q$_DFF_P_	cSW[759]	output	7.488	7.398	159.03
ar.g_o_cSW_754[760].u/lk$_DFF_N_	cSW[760]	output_lockup	6.162	5.994	159.3
ar.g_o_cSW_754[760].u/q$_DFF_P_	cSW[760]	output	7.566	7.398	159.3
ar.g_o_cSW_754[761].u/lk$_DFF_N_	cSW[761]	output_lockup	8.778	8.802	159.3
ar.g_o_cSW_754[761].u/q$_DFF_P_	cSW[761]	output	10.182	10.206	159.3
ar.g_o_cSW_754[762].u/lk$_DFF_N_	cSW[762]	output_lockup	6.048	5.994	159.57
ar.g_o_cSW_754[762].u/q$_DFF_P_	cSW[762]	output	7.452	7.398	159.57
ar.g_o_cSW_754[766].u/lk$_DFF_N_	cSW[766]	output_lockup	6.09	5.994	160.38
ar.g_o_cSW_754[766].u/q$_DFF_P_	cSW[766]	output	7.494	7.398	160.38
ar.g_o_cSW_819[819].u/lk$_DFF_N_	cSW[819]	output_lockup	5.904	5.994	170.37
ar.g_o_cSW_819[819].u/q$_DFF_P_	cSW[819]	output	7.308	7.398	170.37
ar.g_o_cSW_819[820].u/lk$_DFF_N_	cSW[820]	output_lockup	5.982	5.994	170.64
ar.g_o_cSW_819[820].u/q$_DFF_P_	cSW[820]	output	7.386	7.398	170.64
ar.g_o_cSW_819[821].u/lk$_DFF_N_	cSW[821]	output_lockup	6.06	5.994	170.91
ar.g_o_cSW_819[821].u/q$_DFF_P_	cSW[821]	output	7.464	7.398	170.91
ar.g_o_cSW_819[822].u/lk$_DFF_N_	cSW[822]	output_lockup	6.138	5.994	171.18
ar.g_o_cSW_819[822].u/q$_DFF_P_	cSW[822]	output	7.542	7.398	171.18
ar.g_o_cSW_98[100].u/lk$_DFF_N_	cSW[100]	output_lockup	5.982	5.994	32.4
ar.g_o_cSW_98[100].u/q$_DFF_P_	cSW[100]	output	7.386	7.398	32.4
ar.g_o_cSW_98[101].u/lk$_DFF_N_	cSW[101]	output_lockup	6.06	5.994	32.67
ar.g_o_cSW_98[101].u/q$_DFF_P_	cSW[101]	output	7.464	7.398	32.67
ar.g_o_cSW_98[103].u/lk$_DFF_N_	cSW[103]	output_lockup	5.946	5.994	32.94
ar.g_o_cSW_98[103].u/q$_DFF_P_	cSW[103]	output	7.35	7.398	32.94
ar.g_o_cSW_98[98].u/lk$_DFF_N_	cSW[98]	output_lockup	6.096	5.994	32.13
ar.g_o_cSW_98[98].u/q$_DFF_P_	cSW[98]	output	7.5	7.398	32.13
ar.g_o_cSW_98[99].u/lk$_DFF_N_	cSW[99]	output_lockup	8.712	8.802	32.13
ar.g_o_cSW_98[99].u/q$_DFF_P_	cSW[99]	output	10.116	10.206	32.13
ar.g_o_t_su_SE_0[0].u/lk$_DFF_N_	t_su_SE[0]	output_lockup	7.398	1392.336	0.81
ar.g_o_t_su_SE_0[0].u/q$_DFF_P_	t_su_SE[0]	output	8.802	1390.932	0.81
ar.g_o_t_su_SE_0[10].u/lk$_DFF_N_	t_su_SE[10]	output_lockup	7.368	1392.336	2.7
ar.g_o_t_su_SE_0[10].u/q$_DFF_P_	t_su_SE[10]	output	8.772	1390.932	2.7
ar.g_o_t_su_SE_0[11].u/lk$_DFF_N_	t_su_SE[11]	output_lockup	7.446	1392.336	2.97
ar.g_o_t_su_SE_0[11].u/q$_DFF_P_	t_su_SE[11]	output	8.85	1390.932	2.97
ar.g_o_t_su_SE_0[12].u/lk$_DFF_N_	t_su_SE[12]	output_lockup	10.062	1389.528	2.97
ar.g_o_t_su_SE_0[12].u/q$_DFF_P_	t_su_SE[12]	output	11.466	1388.124	2.97
ar.g_o_t_su_SE_0[13].u/lk$_DFF_N_	t_su_SE[13]	output_lockup	7.332	1392.336	3.24
ar.g_o_t_su_SE_0[13].u/q$_DFF_P_	t_su_SE[13]	output	8.736	1390.932	3.24
ar.g_o_t_su_SE_0[14].u/lk$_DFF_N_	t_su_SE[14]	output_lockup	7.41	1392.336	3.51
ar.g_o_t_su_SE_0[14].u/q$_DFF_P_	t_su_SE[14]	output	8.814	1390.932	3.51
ar.g_o_t_su_SE_0[15].u/lk$_DFF_N_	t_su_SE[15]	output_lockup	7.488	1392.336	3.78
ar.g_o_t_su_SE_0[15].u/q$_DFF_P_	t_su_SE[15]	output	8.892	1390.932	3.78
ar.g_o_t_su_SE_0[16].u/lk$_DFF_N_	t_su_SE[16]	output_lockup	10.104	1389.528	3.78
ar.g_o_t_su_SE_0[16].u/q$_DFF_P_	t_su_SE[16]	output	11.508	1388.124	3.78
ar.g_o_t_su_SE_0[17].u/lk$_DFF_N_	t_su_SE[17]	output_lockup	7.374	1392.336	4.05
ar.g_o_t_su_SE_0[17].u/q$_DFF_P_	t_su_SE[17]	output	8.778	1390.932	4.05
ar.g_o_t_su_SE_0[18].u/lk$_DFF_N_	t_su_SE[18]	output_lockup	7.452	1392.336	4.32
ar.g_o_t_su_SE_0[18].u/q$_DFF_P_	t_su_SE[18]	output	8.856	1390.932	4.32
ar.g_o_t_su_SE_0[19].u/lk$_DFF_N_	t_su_SE[19]	output_lockup	10.068	1389.528	4.32
ar.g_o_t_su_SE_0[19].u/q$_DFF_P_	t_su_SE[19]	output	11.472	1388.124	4.32
ar.g_o_t_su_SE_0[1].u/lk$_DFF_N_	t_su_SE[1]	output_lockup	7.476	1392.336	1.08
ar.g_o_t_su_SE_0[1].u/q$_DFF_P_	t_su_SE[1]	output	8.88	1390.932	1.08
ar.g_o_t_su_SE_0[20].u/lk$_DFF_N_	t_su_SE[20]	output_lockup	7.338	1392.336	4.59
ar.g_o_t_su_SE_0[20].u/q$_DFF_P_	t_su_SE[20]	output	8.742	1390.932	4.59
ar.g_o_t_su_SE_0[21].u/lk$_DFF_N_	t_su_SE[21]	output_lockup	7.416	1392.336	4.86
ar.g_o_t_su_SE_0[21].u/q$_DFF_P_	t_su_SE[21]	output	8.82	1390.932	4.86
ar.g_o_t_su_SE_0[22].u/lk$_DFF_N_	t_su_SE[22]	output_lockup	10.032	1389.528	4.86
ar.g_o_t_su_SE_0[22].u/q$_DFF_P_	t_su_SE[22]	output	11.436	1388.124	4.86
ar.g_o_t_su_SE_0[23].u/lk$_DFF_N_	t_su_SE[23]	output_lockup	7.302	1392.336	5.13
ar.g_o_t_su_SE_0[23].u/q$_DFF_P_	t_su_SE[23]	output	8.706	1390.932	5.13
ar.g_o_t_su_SE_0[24].u/lk$_DFF_N_	t_su_SE[24]	output_lockup	7.38	1392.336	5.4
ar.g_o_t_su_SE_0[24].u/q$_DFF_P_	t_su_SE[24]	output	8.784	1390.932	5.4
ar.g_o_t_su_SE_0[25].u/lk$_DFF_N_	t_su_SE[25]	output_lockup	7.458	1392.336	5.67
ar.g_o_t_su_SE_0[25].u/q$_DFF_P_	t_su_SE[25]	output	8.862	1390.932	5.67
ar.g_o_t_su_SE_0[26].u/lk$_DFF_N_	t_su_SE[26]	output_lockup	10.074	1389.528	5.67
ar.g_o_t_su_SE_0[26].u/q$_DFF_P_	t_su_SE[26]	output	11.478	1388.124	5.67
ar.g_o_t_su_SE_0[27].u/lk$_DFF_N_	t_su_SE[27]	output_lockup	7.344	1392.336	5.94
ar.g_o_t_su_SE_0[27].u/q$_DFF_P_	t_su_SE[27]	output	8.748	1390.932	5.94
ar.g_o_t_su_SE_0[28].u/lk$_DFF_N_	t_su_SE[28]	output_lockup	7.422	1392.336	6.21
ar.g_o_t_su_SE_0[28].u/q$_DFF_P_	t_su_SE[28]	output	8.826	1390.932	6.21
ar.g_o_t_su_SE_0[29].u/lk$_DFF_N_	t_su_SE[29]	output_lockup	10.038	1389.528	6.21
ar.g_o_t_su_SE_0[29].u/q$_DFF_P_	t_su_SE[29]	output	11.442	1388.124	6.21
ar.g_o_t_su_SE_0[2].u/lk$_DFF_N_	t_su_SE[2]	output_lockup	10.092	1389.528	1.08
ar.g_o_t_su_SE_0[2].u/q$_DFF_P_	t_su_SE[2]	output	11.496	1388.124	1.08
ar.g_o_t_su_SE_0[30].u/lk$_DFF_N_	t_su_SE[30]	output_lockup	7.308	1392.336	6.48
ar.g_o_t_su_SE_0[30].u/q$_DFF_P_	t_su_SE[30]	output	8.712	1390.932	6.48
ar.g_o_t_su_SE_0[31].u/lk$_DFF_N_	t_su_SE[31]	output_lockup	7.386	1392.336	6.75
ar.g_o_t_su_SE_0[31].u/q$_DFF_P_	t_su_SE[31]	output	8.79	1390.932	6.75
ar.g_o_t_su_SE_0[32].u/lk$_DFF_N_	t_su_SE[32]	output_lockup	7.464	1392.336	7.02
ar.g_o_t_su_SE_0[32].u/q$_DFF_P_	t_su_SE[32]	output	8.868	1390.932	7.02
ar.g_o_t_su_SE_0[33].u/lk$_DFF_N_	t_su_SE[33]	output_lockup	10.08	1389.528	7.02
ar.g_o_t_su_SE_0[33].u/q$_DFF_P_	t_su_SE[33]	output	11.484	1388.124	7.02
ar.g_o_t_su_SE_0[34].u/lk$_DFF_N_	t_su_SE[34]	output_lockup	7.35	1392.336	7.29
ar.g_o_t_su_SE_0[34].u/q$_DFF_P_	t_su_SE[34]	output	8.754	1390.932	7.29
ar.g_o_t_su_SE_0[35].u/lk$_DFF_N_	t_su_SE[35]	output_lockup	7.428	1392.336	7.56
ar.g_o_t_su_SE_0[35].u/q$_DFF_P_	t_su_SE[35]	output	8.832	1390.932	7.56
ar.g_o_t_su_SE_0[36].u/lk$_DFF_N_	t_su_SE[36]	output_lockup	10.044	1389.528	7.56
ar.g_o_t_su_SE_0[36].u/q$_DFF_P_	t_su_SE[36]	output	11.448	1388.124	7.56
ar.g_o_t_su_SE_0[37].u/lk$_DFF_N_	t_su_SE[37]	output_lockup	7.314	1392.336	7.83
ar.g_o_t_su_SE_0[37].u/q$_DFF_P_	t_su_SE[37]	output	8.718	1390.932	7.83
ar.g_o_t_su_SE_0[38].u/lk$_DFF_N_	t_su_SE[38]	output_lockup	7.392	1392.336	8.1
ar.g_o_t_su_SE_0[38].u/q$_DFF_P_	t_su_SE[38]	output	8.796	1390.932	8.1
ar.g_o_t_su_SE_0[39].u/lk$_DFF_N_	t_su_SE[39]	output_lockup	7.47	1392.336	8.37
ar.g_o_t_su_SE_0[39].u/q$_DFF_P_	t_su_SE[39]	output	8.874	1390.932	8.37
ar.g_o_t_su_SE_0[3].u/lk$_DFF_N_	t_su_SE[3]	output_lockup	7.362	1392.336	1.35
ar.g_o_t_su_SE_0[3].u/q$_DFF_P_	t_su_SE[3]	output	8.766	1390.932	1.35
ar.g_o_t_su_SE_0[40].u/lk$_DFF_N_	t_su_SE[40]	output_lockup	10.086	1389.528	8.37
ar.g_o_t_su_SE_0[40].u/q$_DFF_P_	t_su_SE[40]	output	11.49	1388.124	8.37
ar.g_o_t_su_SE_0[41].u/lk$_DFF_N_	t_su_SE[41]	output_lockup	7.356	1392.336	8.64
ar.g_o_t_su_SE_0[41].u/q$_DFF_P_	t_su_SE[41]	output	8.76	1390.932	8.64
ar.g_o_t_su_SE_0[42].u/lk$_DFF_N_	t_su_SE[42]	output_lockup	7.434	1392.336	8.91
ar.g_o_t_su_SE_0[42].u/q$_DFF_P_	t_su_SE[42]	output	8.838	1390.932	8.91
ar.g_o_t_su_SE_0[43].u/lk$_DFF_N_	t_su_SE[43]	output_lockup	10.05	1389.528	8.91
ar.g_o_t_su_SE_0[43].u/q$_DFF_P_	t_su_SE[43]	output	11.454	1388.124	8.91
ar.g_o_t_su_SE_0[44].u/lk$_DFF_N_	t_su_SE[44]	output_lockup	7.32	1392.336	9.18
ar.g_o_t_su_SE_0[44].u/q$_DFF_P_	t_su_SE[44]	output	8.724	1390.932	9.18
ar.g_o_t_su_SE_0[45].u/lk$_DFF_N_	t_su_SE[45]	output_lockup	7.398	1392.336	9.45
ar.g_o_t_su_SE_0[45].u/q$_DFF_P_	t_su_SE[45]	output	8.802	1390.932	9.45
ar.g_o_t_su_SE_0[46].u/lk$_DFF_N_	t_su_SE[46]	output_lockup	7.476	1392.336	9.72
ar.g_o_t_su_SE_0[46].u/q$_DFF_P_	t_su_SE[46]	output	8.88	1390.932	9.72
ar.g_o_t_su_SE_0[47].u/lk$_DFF_N_	t_su_SE[47]	output_lockup	10.092	1389.528	9.72
ar.g_o_t_su_SE_0[47].u/q$_DFF_P_	t_su_SE[47]	output	11.496	1388.124	9.72
ar.g_o_t_su_SE_0[48].u/lk$_DFF_N_	t_su_SE[48]	output_lockup	7.362	1392.336	9.99
ar.g_o_t_su_SE_0[48].u/q$_DFF_P_	t_su_SE[48]	output	8.766	1390.932	9.99
ar.g_o_t_su_SE_0[49].u/lk$_DFF_N_	t_su_SE[49]	output_lockup	7.44	1392.336	10.26
ar.g_o_t_su_SE_0[49].u/q$_DFF_P_	t_su_SE[49]	output	8.844	1390.932	10.26
ar.g_o_t_su_SE_0[4].u/lk$_DFF_N_	t_su_SE[4]	output_lockup	7.44	1392.336	1.62
ar.g_o_t_su_SE_0[4].u/q$_DFF_P_	t_su_SE[4]	output	8.844	1390.932	1.62
ar.g_o_t_su_SE_0[50].u/lk$_DFF_N_	t_su_SE[50]	output_lockup	10.056	1389.528	10.26
ar.g_o_t_su_SE_0[50].u/q$_DFF_P_	t_su_SE[50]	output	11.46	1388.124	10.26
ar.g_o_t_su_SE_0[51].u/lk$_DFF_N_	t_su_SE[51]	output_lockup	7.326	1392.336	10.53
ar.g_o_t_su_SE_0[51].u/q$_DFF_P_	t_su_SE[51]	output	8.73	1390.932	10.53
ar.g_o_t_su_SE_0[52].u/lk$_DFF_N_	t_su_SE[52]	output_lockup	7.404	1392.336	10.8
ar.g_o_t_su_SE_0[52].u/q$_DFF_P_	t_su_SE[52]	output	8.808	1390.932	10.8
ar.g_o_t_su_SE_0[53].u/lk$_DFF_N_	t_su_SE[53]	output_lockup	7.482	1392.336	11.07
ar.g_o_t_su_SE_0[53].u/q$_DFF_P_	t_su_SE[53]	output	8.886	1390.932	11.07
ar.g_o_t_su_SE_0[54].u/lk$_DFF_N_	t_su_SE[54]	output_lockup	10.098	1389.528	11.07
ar.g_o_t_su_SE_0[54].u/q$_DFF_P_	t_su_SE[54]	output	11.502	1388.124	11.07
ar.g_o_t_su_SE_0[55].u/lk$_DFF_N_	t_su_SE[55]	output_lockup	7.368	1392.336	11.34
ar.g_o_t_su_SE_0[55].u/q$_DFF_P_	t_su_SE[55]	output	8.772	1390.932	11.34
ar.g_o_t_su_SE_0[56].u/lk$_DFF_N_	t_su_SE[56]	output_lockup	7.446	1392.336	11.61
ar.g_o_t_su_SE_0[56].u/q$_DFF_P_	t_su_SE[56]	output	8.85	1390.932	11.61
ar.g_o_t_su_SE_0[57].u/lk$_DFF_N_	t_su_SE[57]	output_lockup	10.062	1389.528	11.61
ar.g_o_t_su_SE_0[57].u/q$_DFF_P_	t_su_SE[57]	output	11.466	1388.124	11.61
ar.g_o_t_su_SE_0[58].u/lk$_DFF_N_	t_su_SE[58]	output_lockup	7.332	1392.336	11.88
ar.g_o_t_su_SE_0[58].u/q$_DFF_P_	t_su_SE[58]	output	8.736	1390.932	11.88
ar.g_o_t_su_SE_0[59].u/lk$_DFF_N_	t_su_SE[59]	output_lockup	7.41	1392.336	12.15
ar.g_o_t_su_SE_0[59].u/q$_DFF_P_	t_su_SE[59]	output	8.814	1390.932	12.15
ar.g_o_t_su_SE_0[5].u/lk$_DFF_N_	t_su_SE[5]	output_lockup	10.056	1389.528	1.62
ar.g_o_t_su_SE_0[5].u/q$_DFF_P_	t_su_SE[5]	output	11.46	1388.124	1.62
ar.g_o_t_su_SE_0[60].u/lk$_DFF_N_	t_su_SE[60]	output_lockup	7.488	1392.336	12.42
ar.g_o_t_su_SE_0[60].u/q$_DFF_P_	t_su_SE[60]	output	8.892	1390.932	12.42
ar.g_o_t_su_SE_0[61].u/lk$_DFF_N_	t_su_SE[61]	output_lockup	10.104	1389.528	12.42
ar.g_o_t_su_SE_0[61].u/q$_DFF_P_	t_su_SE[61]	output	11.508	1388.124	12.42
ar.g_o_t_su_SE_0[62].u/lk$_DFF_N_	t_su_SE[62]	output_lockup	7.374	1392.336	12.69
ar.g_o_t_su_SE_0[62].u/q$_DFF_P_	t_su_SE[62]	output	8.778	1390.932	12.69
ar.g_o_t_su_SE_0[63].u/lk$_DFF_N_	t_su_SE[63]	output_lockup	7.452	1392.336	12.96
ar.g_o_t_su_SE_0[63].u/q$_DFF_P_	t_su_SE[63]	output	8.856	1390.932	12.96
ar.g_o_t_su_SE_0[6].u/lk$_DFF_N_	t_su_SE[6]	output_lockup	7.326	1392.336	1.89
ar.g_o_t_su_SE_0[6].u/q$_DFF_P_	t_su_SE[6]	output	8.73	1390.932	1.89
ar.g_o_t_su_SE_0[7].u/lk$_DFF_N_	t_su_SE[7]	output_lockup	7.404	1392.336	2.16
ar.g_o_t_su_SE_0[7].u/q$_DFF_P_	t_su_SE[7]	output	8.808	1390.932	2.16
ar.g_o_t_su_SE_0[8].u/lk$_DFF_N_	t_su_SE[8]	output_lockup	7.482	1392.336	2.43
ar.g_o_t_su_SE_0[8].u/q$_DFF_P_	t_su_SE[8]	output	8.886	1390.932	2.43
ar.g_o_t_su_SE_0[9].u/lk$_DFF_N_	t_su_SE[9]	output_lockup	10.098	1389.528	2.43
ar.g_o_t_su_SE_0[9].u/q$_DFF_P_	t_su_SE[9]	output	11.502	1388.124	2.43
ar.g_o_t_su_SW_0[0].u/lk$_DFF_N_	t_su_SW[0]	output_lockup	6.072	5.994	0.81
ar.g_o_t_su_SW_0[0].u/q$_DFF_P_	t_su_SW[0]	output	7.476	7.398	0.81
ar.g_o_t_su_SW_0[10].u/lk$_DFF_N_	t_su_SW[10]	output_lockup	6.042	5.994	2.7
ar.g_o_t_su_SW_0[10].u/q$_DFF_P_	t_su_SW[10]	output	7.446	7.398	2.7
ar.g_o_t_su_SW_0[11].u/lk$_DFF_N_	t_su_SW[11]	output_lockup	6.12	5.994	2.97
ar.g_o_t_su_SW_0[11].u/q$_DFF_P_	t_su_SW[11]	output	7.524	7.398	2.97
ar.g_o_t_su_SW_0[12].u/lk$_DFF_N_	t_su_SW[12]	output_lockup	8.736	8.802	2.97
ar.g_o_t_su_SW_0[12].u/q$_DFF_P_	t_su_SW[12]	output	10.14	10.206	2.97
ar.g_o_t_su_SW_0[13].u/lk$_DFF_N_	t_su_SW[13]	output_lockup	6.006	5.994	3.24
ar.g_o_t_su_SW_0[13].u/q$_DFF_P_	t_su_SW[13]	output	7.41	7.398	3.24
ar.g_o_t_su_SW_0[14].u/lk$_DFF_N_	t_su_SW[14]	output_lockup	6.084	5.994	3.51
ar.g_o_t_su_SW_0[14].u/q$_DFF_P_	t_su_SW[14]	output	7.488	7.398	3.51
ar.g_o_t_su_SW_0[15].u/lk$_DFF_N_	t_su_SW[15]	output_lockup	6.162	5.994	3.78
ar.g_o_t_su_SW_0[15].u/q$_DFF_P_	t_su_SW[15]	output	7.566	7.398	3.78
ar.g_o_t_su_SW_0[16].u/lk$_DFF_N_	t_su_SW[16]	output_lockup	8.778	8.802	3.78
ar.g_o_t_su_SW_0[16].u/q$_DFF_P_	t_su_SW[16]	output	10.182	10.206	3.78
ar.g_o_t_su_SW_0[17].u/lk$_DFF_N_	t_su_SW[17]	output_lockup	6.048	5.994	4.05
ar.g_o_t_su_SW_0[17].u/q$_DFF_P_	t_su_SW[17]	output	7.452	7.398	4.05
ar.g_o_t_su_SW_0[18].u/lk$_DFF_N_	t_su_SW[18]	output_lockup	6.126	5.994	4.32
ar.g_o_t_su_SW_0[18].u/q$_DFF_P_	t_su_SW[18]	output	7.53	7.398	4.32
ar.g_o_t_su_SW_0[19].u/lk$_DFF_N_	t_su_SW[19]	output_lockup	8.742	8.802	4.32
ar.g_o_t_su_SW_0[19].u/q$_DFF_P_	t_su_SW[19]	output	10.146	10.206	4.32
ar.g_o_t_su_SW_0[1].u/lk$_DFF_N_	t_su_SW[1]	output_lockup	6.15	5.994	1.08
ar.g_o_t_su_SW_0[1].u/q$_DFF_P_	t_su_SW[1]	output	7.554	7.398	1.08
ar.g_o_t_su_SW_0[20].u/lk$_DFF_N_	t_su_SW[20]	output_lockup	6.012	5.994	4.59
ar.g_o_t_su_SW_0[20].u/q$_DFF_P_	t_su_SW[20]	output	7.416	7.398	4.59
ar.g_o_t_su_SW_0[21].u/lk$_DFF_N_	t_su_SW[21]	output_lockup	6.09	5.994	4.86
ar.g_o_t_su_SW_0[21].u/q$_DFF_P_	t_su_SW[21]	output	7.494	7.398	4.86
ar.g_o_t_su_SW_0[22].u/lk$_DFF_N_	t_su_SW[22]	output_lockup	8.706	8.802	4.86
ar.g_o_t_su_SW_0[22].u/q$_DFF_P_	t_su_SW[22]	output	10.11	10.206	4.86
ar.g_o_t_su_SW_0[23].u/lk$_DFF_N_	t_su_SW[23]	output_lockup	5.976	5.994	5.13
ar.g_o_t_su_SW_0[23].u/q$_DFF_P_	t_su_SW[23]	output	7.38	7.398	5.13
ar.g_o_t_su_SW_0[24].u/lk$_DFF_N_	t_su_SW[24]	output_lockup	6.054	5.994	5.4
ar.g_o_t_su_SW_0[24].u/q$_DFF_P_	t_su_SW[24]	output	7.458	7.398	5.4
ar.g_o_t_su_SW_0[25].u/lk$_DFF_N_	t_su_SW[25]	output_lockup	6.132	5.994	5.67
ar.g_o_t_su_SW_0[25].u/q$_DFF_P_	t_su_SW[25]	output	7.536	7.398	5.67
ar.g_o_t_su_SW_0[26].u/lk$_DFF_N_	t_su_SW[26]	output_lockup	8.748	8.802	5.67
ar.g_o_t_su_SW_0[26].u/q$_DFF_P_	t_su_SW[26]	output	10.152	10.206	5.67
ar.g_o_t_su_SW_0[27].u/lk$_DFF_N_	t_su_SW[27]	output_lockup	6.018	5.994	5.94
ar.g_o_t_su_SW_0[27].u/q$_DFF_P_	t_su_SW[27]	output	7.422	7.398	5.94
ar.g_o_t_su_SW_0[28].u/lk$_DFF_N_	t_su_SW[28]	output_lockup	6.096	5.994	6.21
ar.g_o_t_su_SW_0[28].u/q$_DFF_P_	t_su_SW[28]	output	7.5	7.398	6.21
ar.g_o_t_su_SW_0[29].u/lk$_DFF_N_	t_su_SW[29]	output_lockup	8.712	8.802	6.21
ar.g_o_t_su_SW_0[29].u/q$_DFF_P_	t_su_SW[29]	output	10.116	10.206	6.21
ar.g_o_t_su_SW_0[2].u/lk$_DFF_N_	t_su_SW[2]	output_lockup	8.766	8.802	1.08
ar.g_o_t_su_SW_0[2].u/q$_DFF_P_	t_su_SW[2]	output	10.17	10.206	1.08
ar.g_o_t_su_SW_0[30].u/lk$_DFF_N_	t_su_SW[30]	output_lockup	5.982	5.994	6.48
ar.g_o_t_su_SW_0[30].u/q$_DFF_P_	t_su_SW[30]	output	7.386	7.398	6.48
ar.g_o_t_su_SW_0[31].u/lk$_DFF_N_	t_su_SW[31]	output_lockup	6.06	5.994	6.75
ar.g_o_t_su_SW_0[31].u/q$_DFF_P_	t_su_SW[31]	output	7.464	7.398	6.75
ar.g_o_t_su_SW_0[32].u/lk$_DFF_N_	t_su_SW[32]	output_lockup	6.138	5.994	7.02
ar.g_o_t_su_SW_0[32].u/q$_DFF_P_	t_su_SW[32]	output	7.542	7.398	7.02
ar.g_o_t_su_SW_0[33].u/lk$_DFF_N_	t_su_SW[33]	output_lockup	8.754	8.802	7.02
ar.g_o_t_su_SW_0[33].u/q$_DFF_P_	t_su_SW[33]	output	10.158	10.206	7.02
ar.g_o_t_su_SW_0[34].u/lk$_DFF_N_	t_su_SW[34]	output_lockup	6.024	5.994	7.29
ar.g_o_t_su_SW_0[34].u/q$_DFF_P_	t_su_SW[34]	output	7.428	7.398	7.29
ar.g_o_t_su_SW_0[35].u/lk$_DFF_N_	t_su_SW[35]	output_lockup	6.102	5.994	7.56
ar.g_o_t_su_SW_0[35].u/q$_DFF_P_	t_su_SW[35]	output	7.506	7.398	7.56
ar.g_o_t_su_SW_0[36].u/lk$_DFF_N_	t_su_SW[36]	output_lockup	8.718	8.802	7.56
ar.g_o_t_su_SW_0[36].u/q$_DFF_P_	t_su_SW[36]	output	10.122	10.206	7.56
ar.g_o_t_su_SW_0[37].u/lk$_DFF_N_	t_su_SW[37]	output_lockup	5.988	5.994	7.83
ar.g_o_t_su_SW_0[37].u/q$_DFF_P_	t_su_SW[37]	output	7.392	7.398	7.83
ar.g_o_t_su_SW_0[38].u/lk$_DFF_N_	t_su_SW[38]	output_lockup	6.066	5.994	8.1
ar.g_o_t_su_SW_0[38].u/q$_DFF_P_	t_su_SW[38]	output	7.47	7.398	8.1
ar.g_o_t_su_SW_0[39].u/lk$_DFF_N_	t_su_SW[39]	output_lockup	6.144	5.994	8.37
ar.g_o_t_su_SW_0[39].u/q$_DFF_P_	t_su_SW[39]	output	7.548	7.398	8.37
ar.g_o_t_su_SW_0[3].u/lk$_DFF_N_	t_su_SW[3]	output_lockup	6.036	5.994	1.35
ar.g_o_t_su_SW_0[3].u/q$_DFF_P_	t_su_SW[3]	output	7.44	7.398	1.35
ar.g_o_t_su_SW_0[40].u/lk$_DFF_N_	t_su_SW[40]	output_lockup	8.76	8.802	8.37
ar.g_o_t_su_SW_0[40].u/q$_DFF_P_	t_su_SW[40]	output	10.164	10.206	8.37
ar.g_o_t_su_SW_0[41].u/lk$_DFF_N_	t_su_SW[41]	output_lockup	6.03	5.994	8.64
ar.g_o_t_su_SW_0[41].u/q$_DFF_P_	t_su_SW[41]	output	7.434	7.398	8.64
ar.g_o_t_su_SW_0[42].u/lk$_DFF_N_	t_su_SW[42]	output_lockup	6.108	5.994	8.91
ar.g_o_t_su_SW_0[42].u/q$_DFF_P_	t_su_SW[42]	output	7.512	7.398	8.91
ar.g_o_t_su_SW_0[43].u/lk$_DFF_N_	t_su_SW[43]	output_lockup	8.724	8.802	8.91
ar.g_o_t_su_SW_0[43].u/q$_DFF_P_	t_su_SW[43]	output	10.128	10.206	8.91
ar.g_o_t_su_SW_0[44].u/lk$_DFF_N_	t_su_SW[44]	output_lockup	5.994	5.994	9.18
ar.g_o_t_su_SW_0[44].u/q$_DFF_P_	t_su_SW[44]	output	7.398	7.398	9.18
ar.g_o_t_su_SW_0[45].u/lk$_DFF_N_	t_su_SW[45]	output_lockup	6.072	5.994	9.45
ar.g_o_t_su_SW_0[45].u/q$_DFF_P_	t_su_SW[45]	output	7.476	7.398	9.45
ar.g_o_t_su_SW_0[46].u/lk$_DFF_N_	t_su_SW[46]	output_lockup	6.15	5.994	9.72
ar.g_o_t_su_SW_0[46].u/q$_DFF_P_	t_su_SW[46]	output	7.554	7.398	9.72
ar.g_o_t_su_SW_0[47].u/lk$_DFF_N_	t_su_SW[47]	output_lockup	8.766	8.802	9.72
ar.g_o_t_su_SW_0[47].u/q$_DFF_P_	t_su_SW[47]	output	10.17	10.206	9.72
ar.g_o_t_su_SW_0[48].u/lk$_DFF_N_	t_su_SW[48]	output_lockup	6.036	5.994	9.99
ar.g_o_t_su_SW_0[48].u/q$_DFF_P_	t_su_SW[48]	output	7.44	7.398	9.99
ar.g_o_t_su_SW_0[49].u/lk$_DFF_N_	t_su_SW[49]	output_lockup	6.114	5.994	10.26
ar.g_o_t_su_SW_0[49].u/q$_DFF_P_	t_su_SW[49]	output	7.518	7.398	10.26
ar.g_o_t_su_SW_0[4].u/lk$_DFF_N_	t_su_SW[4]	output_lockup	6.114	5.994	1.62
ar.g_o_t_su_SW_0[4].u/q$_DFF_P_	t_su_SW[4]	output	7.518	7.398	1.62
ar.g_o_t_su_SW_0[50].u/lk$_DFF_N_	t_su_SW[50]	output_lockup	8.73	8.802	10.26
ar.g_o_t_su_SW_0[50].u/q$_DFF_P_	t_su_SW[50]	output	10.134	10.206	10.26
ar.g_o_t_su_SW_0[51].u/lk$_DFF_N_	t_su_SW[51]	output_lockup	6.0	5.994	10.53
ar.g_o_t_su_SW_0[51].u/q$_DFF_P_	t_su_SW[51]	output	7.404	7.398	10.53
ar.g_o_t_su_SW_0[52].u/lk$_DFF_N_	t_su_SW[52]	output_lockup	6.078	5.994	10.8
ar.g_o_t_su_SW_0[52].u/q$_DFF_P_	t_su_SW[52]	output	7.482	7.398	10.8
ar.g_o_t_su_SW_0[53].u/lk$_DFF_N_	t_su_SW[53]	output_lockup	6.156	5.994	11.07
ar.g_o_t_su_SW_0[53].u/q$_DFF_P_	t_su_SW[53]	output	7.56	7.398	11.07
ar.g_o_t_su_SW_0[54].u/lk$_DFF_N_	t_su_SW[54]	output_lockup	8.772	8.802	11.07
ar.g_o_t_su_SW_0[54].u/q$_DFF_P_	t_su_SW[54]	output	10.176	10.206	11.07
ar.g_o_t_su_SW_0[55].u/lk$_DFF_N_	t_su_SW[55]	output_lockup	6.042	5.994	11.34
ar.g_o_t_su_SW_0[55].u/q$_DFF_P_	t_su_SW[55]	output	7.446	7.398	11.34
ar.g_o_t_su_SW_0[56].u/lk$_DFF_N_	t_su_SW[56]	output_lockup	6.12	5.994	11.61
ar.g_o_t_su_SW_0[56].u/q$_DFF_P_	t_su_SW[56]	output	7.524	7.398	11.61
ar.g_o_t_su_SW_0[57].u/lk$_DFF_N_	t_su_SW[57]	output_lockup	8.736	8.802	11.61
ar.g_o_t_su_SW_0[57].u/q$_DFF_P_	t_su_SW[57]	output	10.14	10.206	11.61
ar.g_o_t_su_SW_0[58].u/lk$_DFF_N_	t_su_SW[58]	output_lockup	6.006	5.994	11.88
ar.g_o_t_su_SW_0[58].u/q$_DFF_P_	t_su_SW[58]	output	7.41	7.398	11.88
ar.g_o_t_su_SW_0[59].u/lk$_DFF_N_	t_su_SW[59]	output_lockup	6.084	5.994	12.15
ar.g_o_t_su_SW_0[59].u/q$_DFF_P_	t_su_SW[59]	output	7.488	7.398	12.15
ar.g_o_t_su_SW_0[5].u/lk$_DFF_N_	t_su_SW[5]	output_lockup	8.73	8.802	1.62
ar.g_o_t_su_SW_0[5].u/q$_DFF_P_	t_su_SW[5]	output	10.134	10.206	1.62
ar.g_o_t_su_SW_0[60].u/lk$_DFF_N_	t_su_SW[60]	output_lockup	6.162	5.994	12.42
ar.g_o_t_su_SW_0[60].u/q$_DFF_P_	t_su_SW[60]	output	7.566	7.398	12.42
ar.g_o_t_su_SW_0[61].u/lk$_DFF_N_	t_su_SW[61]	output_lockup	8.778	8.802	12.42
ar.g_o_t_su_SW_0[61].u/q$_DFF_P_	t_su_SW[61]	output	10.182	10.206	12.42
ar.g_o_t_su_SW_0[62].u/lk$_DFF_N_	t_su_SW[62]	output_lockup	6.048	5.994	12.69
ar.g_o_t_su_SW_0[62].u/q$_DFF_P_	t_su_SW[62]	output	7.452	7.398	12.69
ar.g_o_t_su_SW_0[63].u/lk$_DFF_N_	t_su_SW[63]	output_lockup	6.126	5.994	12.96
ar.g_o_t_su_SW_0[63].u/q$_DFF_P_	t_su_SW[63]	output	7.53	7.398	12.96
ar.g_o_t_su_SW_0[6].u/lk$_DFF_N_	t_su_SW[6]	output_lockup	6.0	5.994	1.89
ar.g_o_t_su_SW_0[6].u/q$_DFF_P_	t_su_SW[6]	output	7.404	7.398	1.89
ar.g_o_t_su_SW_0[7].u/lk$_DFF_N_	t_su_SW[7]	output_lockup	6.078	5.994	2.16
ar.g_o_t_su_SW_0[7].u/q$_DFF_P_	t_su_SW[7]	output	7.482	7.398	2.16
ar.g_o_t_su_SW_0[8].u/lk$_DFF_N_	t_su_SW[8]	output_lockup	6.156	5.994	2.43
ar.g_o_t_su_SW_0[8].u/q$_DFF_P_	t_su_SW[8]	output	7.56	7.398	2.43
ar.g_o_t_su_SW_0[9].u/lk$_DFF_N_	t_su_SW[9]	output_lockup	8.772	8.802	2.43
ar.g_o_t_su_SW_0[9].u/q$_DFF_P_	t_su_SW[9]	output	10.176	10.206	2.43
ar.g_o_xl_0[0].u/lk$_DFF_N_	xl[0]	output_lockup	0.996	695.304	700.92
ar.g_o_xl_0[0].u/q$_DFF_P_	xl[0]	output	2.328	696.708	700.92
ar.g_o_xl_0[100].u/lk$_DFF_N_	xl[100]	output_lockup	0.972	714.528	700.92
ar.g_o_xl_0[100].u/q$_DFF_P_	xl[100]	output	2.376	713.124	700.92
ar.g_o_xl_0[101].u/lk$_DFF_N_	xl[101]	output_lockup	3.81	711.882	700.92
ar.g_o_xl_0[101].u/q$_DFF_P_	xl[101]	output	5.214	710.478	700.92
ar.g_o_xl_0[102].u/lk$_DFF_N_	xl[102]	output_lockup	7.998	707.886	700.92
ar.g_o_xl_0[102].u/q$_DFF_P_	xl[102]	output	9.402	706.482	700.92
ar.g_o_xl_0[103].u/lk$_DFF_N_	xl[103]	output_lockup	10.836	705.24	700.92
ar.g_o_xl_0[103].u/q$_DFF_P_	xl[103]	output	12.24	703.836	700.92
ar.g_o_xl_0[104].u/lk$_DFF_N_	xl[104]	output_lockup	15.024	701.244	700.92
ar.g_o_xl_0[104].u/q$_DFF_P_	xl[104]	output	16.428	699.84	700.92
ar.g_o_xl_0[105].u/lk$_DFF_N_	xl[105]	output_lockup	1.23	715.5	700.65
ar.g_o_xl_0[105].u/q$_DFF_P_	xl[105]	output	2.634	714.096	700.65
ar.g_o_xl_0[106].u/lk$_DFF_N_	xl[106]	output_lockup	4.068	712.854	700.65
ar.g_o_xl_0[106].u/q$_DFF_P_	xl[106]	output	5.472	711.45	700.65
ar.g_o_xl_0[107].u/lk$_DFF_N_	xl[107]	output_lockup	0.966	715.878	700.92
ar.g_o_xl_0[107].u/q$_DFF_P_	xl[107]	output	8.256	708.858	700.65
ar.g_o_xl_0[108].u/lk$_DFF_N_	xl[108]	output_lockup	9.69	707.616	700.65
ar.g_o_xl_0[108].u/q$_DFF_P_	xl[108]	output	11.094	706.212	700.65
ar.g_o_xl_0[109].u/lk$_DFF_N_	xl[109]	output_lockup	7.992	709.236	700.92
ar.g_o_xl_0[109].u/q$_DFF_P_	xl[109]	output	13.878	703.62	700.65
ar.g_o_xl_0[10].u/lk$_DFF_N_	xl[10]	output_lockup	1.242	697.248	700.65
ar.g_o_xl_0[10].u/q$_DFF_P_	xl[10]	output	2.622	698.652	700.65
ar.g_o_xl_0[110].u/lk$_DFF_N_	xl[110]	output_lockup	15.312	702.378	700.65
ar.g_o_xl_0[110].u/q$_DFF_P_	xl[110]	output	16.716	700.974	700.65
ar.g_o_xl_0[111].u/lk$_DFF_N_	xl[111]	output_lockup	15.018	702.594	700.92
ar.g_o_xl_0[111].u/q$_DFF_P_	xl[111]	output	1.518	716.634	700.38
ar.g_o_xl_0[112].u/lk$_DFF_N_	xl[112]	output_lockup	1.278	716.796	700.65
ar.g_o_xl_0[112].u/q$_DFF_P_	xl[112]	output	2.952	715.392	700.38
ar.g_o_xl_0[113].u/lk$_DFF_N_	xl[113]	output_lockup	5.736	712.8	700.38
ar.g_o_xl_0[113].u/q$_DFF_P_	xl[113]	output	7.14	711.396	700.38
ar.g_o_xl_0[114].u/lk$_DFF_N_	xl[114]	output_lockup	0.96	717.228	700.92
ar.g_o_xl_0[114].u/q$_DFF_P_	xl[114]	output	8.25	710.208	700.65
ar.g_o_xl_0[115].u/lk$_DFF_N_	xl[115]	output_lockup	9.954	708.966	700.38
ar.g_o_xl_0[115].u/q$_DFF_P_	xl[115]	output	11.358	707.562	700.38
ar.g_o_xl_0[116].u/lk$_DFF_N_	xl[116]	output_lockup	13.872	704.97	700.65
ar.g_o_xl_0[116].u/q$_DFF_P_	xl[116]	output	14.142	704.97	700.38
ar.g_o_xl_0[117].u/lk$_DFF_N_	xl[117]	output_lockup	15.576	703.728	700.38
ar.g_o_xl_0[117].u/q$_DFF_P_	xl[117]	output	16.98	702.324	700.38
ar.g_o_xl_0[118].u/lk$_DFF_N_	xl[118]	output_lockup	1.512	717.984	700.38
ar.g_o_xl_0[118].u/q$_DFF_P_	xl[118]	output	1.782	717.984	700.11
ar.g_o_xl_0[119].u/lk$_DFF_N_	xl[119]	output_lockup	1.272	718.146	700.65
ar.g_o_xl_0[119].u/q$_DFF_P_	xl[119]	output	3.216	716.742	700.11
ar.g_o_xl_0[11].u/lk$_DFF_N_	xl[11]	output_lockup	1.542	697.41	700.38
ar.g_o_xl_0[11].u/q$_DFF_P_	xl[11]	output	2.862	698.814	700.38
ar.g_o_xl_0[120].u/lk$_DFF_N_	xl[120]	output_lockup	5.73	714.15	700.38
ar.g_o_xl_0[120].u/q$_DFF_P_	xl[120]	output	6.0	714.15	700.11
ar.g_o_xl_0[121].u/lk$_DFF_N_	xl[121]	output_lockup	1.008	718.524	700.92
ar.g_o_xl_0[121].u/q$_DFF_P_	xl[121]	output	7.434	712.908	700.11
ar.g_o_xl_0[122].u/lk$_DFF_N_	xl[122]	output_lockup	10.218	710.316	700.11
ar.g_o_xl_0[122].u/q$_DFF_P_	xl[122]	output	11.622	708.912	700.11
ar.g_o_xl_0[123].u/lk$_DFF_N_	xl[123]	output_lockup	14.136	706.32	700.38
ar.g_o_xl_0[123].u/q$_DFF_P_	xl[123]	output	14.406	706.32	700.11
ar.g_o_xl_0[124].u/lk$_DFF_N_	xl[124]	output_lockup	15.84	705.078	700.11
ar.g_o_xl_0[124].u/q$_DFF_P_	xl[124]	output	17.244	703.674	700.11
ar.g_o_xl_0[125].u/lk$_DFF_N_	xl[125]	output_lockup	1.506	719.334	700.38
ar.g_o_xl_0[125].u/q$_DFF_P_	xl[125]	output	1.776	719.334	700.11
ar.g_o_xl_0[126].u/lk$_DFF_N_	xl[126]	output_lockup	1.266	719.496	700.65
ar.g_o_xl_0[126].u/q$_DFF_P_	xl[126]	output	2.076	719.496	699.84
ar.g_o_xl_0[127].u/lk$_DFF_N_	xl[127]	output_lockup	5.994	715.5	700.11
ar.g_o_xl_0[127].u/q$_DFF_P_	xl[127]	output	4.86	716.904	699.84
ar.g_o_xl_0[128].u/lk$_DFF_N_	xl[128]	output_lockup	1.002	719.874	700.92
ar.g_o_xl_0[128].u/q$_DFF_P_	xl[128]	output	6.294	715.662	699.84
ar.g_o_xl_0[129].u/lk$_DFF_N_	xl[129]	output_lockup	10.212	711.666	700.11
ar.g_o_xl_0[129].u/q$_DFF_P_	xl[129]	output	9.078	713.07	699.84
ar.g_o_xl_0[12].u/lk$_DFF_N_	xl[12]	output_lockup	4.29	700.434	700.38
ar.g_o_xl_0[12].u/q$_DFF_P_	xl[12]	output	3.156	699.03	700.11
ar.g_o_xl_0[130].u/lk$_DFF_N_	xl[130]	output_lockup	14.454	707.616	700.11
ar.g_o_xl_0[130].u/q$_DFF_P_	xl[130]	output	10.512	711.828	699.84
ar.g_o_xl_0[131].u/lk$_DFF_N_	xl[131]	output_lockup	13.296	709.236	699.84
ar.g_o_xl_0[131].u/q$_DFF_P_	xl[131]	output	14.7	707.832	699.84
ar.g_o_xl_0[132].u/lk$_DFF_N_	xl[132]	output_lockup	1.5	720.684	700.38
ar.g_o_xl_0[132].u/q$_DFF_P_	xl[132]	output	1.77	720.684	700.11
ar.g_o_xl_0[133].u/lk$_DFF_N_	xl[133]	output_lockup	1.26	720.846	700.65
ar.g_o_xl_0[133].u/q$_DFF_P_	xl[133]	output	2.07	720.846	699.84
ar.g_o_xl_0[134].u/lk$_DFF_N_	xl[134]	output_lockup	4.854	718.254	699.84
ar.g_o_xl_0[134].u/q$_DFF_P_	xl[134]	output	17.49	705.618	699.84
ar.g_o_xl_0[135].u/lk$_DFF_N_	xl[135]	output_lockup	0.996	721.224	700.92
ar.g_o_xl_0[135].u/q$_DFF_P_	xl[135]	output	2.346	721.224	699.57
ar.g_o_xl_0[136].u/lk$_DFF_N_	xl[136]	output_lockup	9.072	714.42	699.84
ar.g_o_xl_0[136].u/q$_DFF_P_	xl[136]	output	5.13	718.632	699.57
ar.g_o_xl_0[137].u/lk$_DFF_N_	xl[137]	output_lockup	6.564	717.39	699.57
ar.g_o_xl_0[137].u/q$_DFF_P_	xl[137]	output	7.968	715.986	699.57
ar.g_o_xl_0[138].u/lk$_DFF_N_	xl[138]	output_lockup	13.29	710.586	699.84
ar.g_o_xl_0[138].u/q$_DFF_P_	xl[138]	output	10.752	713.394	699.57
ar.g_o_xl_0[139].u/lk$_DFF_N_	xl[139]	output_lockup	1.548	721.98	700.38
ar.g_o_xl_0[139].u/q$_DFF_P_	xl[139]	output	1.818	721.98	700.11
ar.g_o_xl_0[13].u/lk$_DFF_N_	xl[13]	output_lockup	4.53	700.596	700.11
ar.g_o_xl_0[13].u/q$_DFF_P_	xl[13]	output	5.934	702.0	700.11
ar.g_o_xl_0[140].u/lk$_DFF_N_	xl[140]	output_lockup	1.254	722.196	700.65
ar.g_o_xl_0[140].u/q$_DFF_P_	xl[140]	output	2.064	722.196	699.84
ar.g_o_xl_0[141].u/lk$_DFF_N_	xl[141]	output_lockup	13.542	711.18	699.57
ar.g_o_xl_0[141].u/q$_DFF_P_	xl[141]	output	14.946	709.776	699.57
ar.g_o_xl_0[142].u/lk$_DFF_N_	xl[142]	output_lockup	2.34	722.574	699.57
ar.g_o_xl_0[142].u/q$_DFF_P_	xl[142]	output	16.38	708.534	699.57
ar.g_o_xl_0[143].u/lk$_DFF_N_	xl[143]	output_lockup	5.124	719.982	699.57
ar.g_o_xl_0[143].u/q$_DFF_P_	xl[143]	output	3.99	721.386	699.3
ar.g_o_xl_0[144].u/lk$_DFF_N_	xl[144]	output_lockup	5.424	720.144	699.3
ar.g_o_xl_0[144].u/q$_DFF_P_	xl[144]	output	6.828	718.74	699.3
ar.g_o_xl_0[145].u/lk$_DFF_N_	xl[145]	output_lockup	10.746	714.744	699.57
ar.g_o_xl_0[145].u/q$_DFF_P_	xl[145]	output	9.612	716.148	699.3
ar.g_o_xl_0[146].u/lk$_DFF_N_	xl[146]	output_lockup	1.812	723.33	700.11
ar.g_o_xl_0[146].u/q$_DFF_P_	xl[146]	output	11.046	714.906	699.3
ar.g_o_xl_0[14].u/lk$_DFF_N_	xl[14]	output_lockup	2.064	698.004	699.84
ar.g_o_xl_0[14].u/q$_DFF_P_	xl[14]	output	3.42	699.408	699.84
ar.g_o_xl_0[15].u/lk$_DFF_N_	xl[15]	output_lockup	4.848	701.028	699.84
ar.g_o_xl_0[15].u/q$_DFF_P_	xl[15]	output	6.252	702.432	699.84
ar.g_o_xl_0[16].u/lk$_DFF_N_	xl[16]	output_lockup	7.626	703.998	699.84
ar.g_o_xl_0[16].u/q$_DFF_P_	xl[16]	output	3.684	699.786	699.57
ar.g_o_xl_0[17].u/lk$_DFF_N_	xl[17]	output_lockup	5.112	701.406	699.57
ar.g_o_xl_0[17].u/q$_DFF_P_	xl[17]	output	6.516	702.81	699.57
ar.g_o_xl_0[18].u/lk$_DFF_N_	xl[18]	output_lockup	7.89	704.376	699.57
ar.g_o_xl_0[18].u/q$_DFF_P_	xl[18]	output	9.294	705.78	699.57
ar.g_o_xl_0[19].u/lk$_DFF_N_	xl[19]	output_lockup	2.592	698.976	699.3
ar.g_o_xl_0[19].u/q$_DFF_P_	xl[19]	output	3.972	700.38	699.3
ar.g_o_xl_0[1].u/lk$_DFF_N_	xl[1]	output_lockup	1.242	695.52	700.65
ar.g_o_xl_0[1].u/q$_DFF_P_	xl[1]	output	1.512	695.52	700.38
ar.g_o_xl_0[20].u/lk$_DFF_N_	xl[20]	output_lockup	5.346	701.946	699.3
ar.g_o_xl_0[20].u/q$_DFF_P_	xl[20]	output	6.75	703.35	699.3
ar.g_o_xl_0[21].u/lk$_DFF_N_	xl[21]	output_lockup	8.178	704.97	699.3
ar.g_o_xl_0[21].u/q$_DFF_P_	xl[21]	output	9.582	706.374	699.3
ar.g_o_xl_0[22].u/lk$_DFF_N_	xl[22]	output_lockup	10.956	707.94	699.3
ar.g_o_xl_0[22].u/q$_DFF_P_	xl[22]	output	12.36	709.344	699.3
ar.g_o_xl_0[23].u/lk$_DFF_N_	xl[23]	output_lockup	13.788	710.964	699.3
ar.g_o_xl_0[23].u/q$_DFF_P_	xl[23]	output	15.192	712.368	699.3
ar.g_o_xl_0[24].u/lk$_DFF_N_	xl[24]	output_lockup	7.98	692.928	700.92
ar.g_o_xl_0[24].u/q$_DFF_P_	xl[24]	output	9.384	691.524	700.92
ar.g_o_xl_0[25].u/lk$_DFF_N_	xl[25]	output_lockup	10.818	690.282	700.92
ar.g_o_xl_0[25].u/q$_DFF_P_	xl[25]	output	12.222	688.878	700.92
ar.g_o_xl_0[26].u/lk$_DFF_N_	xl[26]	output_lockup	15.006	686.286	700.92
ar.g_o_xl_0[26].u/q$_DFF_P_	xl[26]	output	16.41	684.882	700.92
ar.g_o_xl_0[27].u/lk$_DFF_N_	xl[27]	output_lockup	8.286	693.468	700.65
ar.g_o_xl_0[27].u/q$_DFF_P_	xl[27]	output	9.69	692.064	700.65
ar.g_o_xl_0[28].u/lk$_DFF_N_	xl[28]	output_lockup	12.474	689.472	700.65
ar.g_o_xl_0[28].u/q$_DFF_P_	xl[28]	output	13.878	688.068	700.65
ar.g_o_xl_0[29].u/lk$_DFF_N_	xl[29]	output_lockup	15.312	686.826	700.65
ar.g_o_xl_0[29].u/q$_DFF_P_	xl[29]	output	16.716	685.422	700.65
ar.g_o_xl_0[2].u/lk$_DFF_N_	xl[2]	output_lockup	1.812	695.682	700.11
ar.g_o_xl_0[2].u/q$_DFF_P_	xl[2]	output	3.132	697.086	700.11
ar.g_o_xl_0[30].u/lk$_DFF_N_	xl[30]	output_lockup	8.538	694.062	700.38
ar.g_o_xl_0[30].u/q$_DFF_P_	xl[30]	output	9.942	692.658	700.38
ar.g_o_xl_0[31].u/lk$_DFF_N_	xl[31]	output_lockup	11.376	691.416	700.38
ar.g_o_xl_0[31].u/q$_DFF_P_	xl[31]	output	12.78	690.012	700.38
ar.g_o_xl_0[32].u/lk$_DFF_N_	xl[32]	output_lockup	15.564	687.42	700.38
ar.g_o_xl_0[32].u/q$_DFF_P_	xl[32]	output	16.968	686.016	700.38
ar.g_o_xl_0[33].u/lk$_DFF_N_	xl[33]	output_lockup	15.0	687.636	700.92
ar.g_o_xl_0[33].u/q$_DFF_P_	xl[33]	output	10.194	693.252	700.11
ar.g_o_xl_0[34].u/lk$_DFF_N_	xl[34]	output_lockup	11.628	692.01	700.11
ar.g_o_xl_0[34].u/q$_DFF_P_	xl[34]	output	13.032	690.606	700.11
ar.g_o_xl_0[35].u/lk$_DFF_N_	xl[35]	output_lockup	12.468	690.822	700.65
ar.g_o_xl_0[35].u/q$_DFF_P_	xl[35]	output	15.816	688.014	700.11
ar.g_o_xl_0[36].u/lk$_DFF_N_	xl[36]	output_lockup	17.25	686.772	700.11
ar.g_o_xl_0[36].u/q$_DFF_P_	xl[36]	output	7.692	696.6	699.84
ar.g_o_xl_0[37].u/lk$_DFF_N_	xl[37]	output_lockup	10.476	694.008	699.84
ar.g_o_xl_0[37].u/q$_DFF_P_	xl[37]	output	11.88	692.604	699.84
ar.g_o_xl_0[38].u/lk$_DFF_N_	xl[38]	output_lockup	13.314	691.362	699.84
ar.g_o_xl_0[38].u/q$_DFF_P_	xl[38]	output	14.718	689.958	699.84
ar.g_o_xl_0[39].u/lk$_DFF_N_	xl[39]	output_lockup	15.558	688.77	700.38
ar.g_o_xl_0[39].u/q$_DFF_P_	xl[39]	output	17.502	687.366	699.84
ar.g_o_xl_0[3].u/lk$_DFF_N_	xl[3]	output_lockup	2.328	695.898	699.57
ar.g_o_xl_0[3].u/q$_DFF_P_	xl[3]	output	3.696	697.302	699.57
ar.g_o_xl_0[40].u/lk$_DFF_N_	xl[40]	output_lockup	10.782	694.548	699.57
ar.g_o_xl_0[40].u/q$_DFF_P_	xl[40]	output	12.186	693.144	699.57
ar.g_o_xl_0[41].u/lk$_DFF_N_	xl[41]	output_lockup	14.97	690.552	699.57
ar.g_o_xl_0[41].u/q$_DFF_P_	xl[41]	output	16.374	689.148	699.57
ar.g_o_xl_0[42].u/lk$_DFF_N_	xl[42]	output_lockup	15.81	689.364	700.11
ar.g_o_xl_0[42].u/q$_DFF_P_	xl[42]	output	9.6	696.384	699.3
ar.g_o_xl_0[43].u/lk$_DFF_N_	xl[43]	output_lockup	11.034	695.142	699.3
ar.g_o_xl_0[43].u/q$_DFF_P_	xl[43]	output	12.438	693.738	699.3
ar.g_o_xl_0[44].u/lk$_DFF_N_	xl[44]	output_lockup	10.47	695.358	699.84
ar.g_o_xl_0[44].u/q$_DFF_P_	xl[44]	output	15.222	691.146	699.3
ar.g_o_xl_0[45].u/lk$_DFF_N_	xl[45]	output_lockup	16.656	689.904	699.3
ar.g_o_xl_0[45].u/q$_DFF_P_	xl[45]	output	18.06	688.5	699.3
ar.g_o_xl_0[46].u/lk$_DFF_N_	xl[46]	output_lockup	17.496	688.716	699.84
ar.g_o_xl_0[46].u/q$_DFF_P_	xl[46]	output	2.862	704.16	699.03
ar.g_o_xl_0[47].u/lk$_DFF_N_	xl[47]	output_lockup	4.296	702.918	699.03
ar.g_o_xl_0[47].u/q$_DFF_P_	xl[47]	output	5.7	701.514	699.03
ar.g_o_xl_0[48].u/lk$_DFF_N_	xl[48]	output_lockup	14.964	691.902	699.57
ar.g_o_xl_0[48].u/q$_DFF_P_	xl[48]	output	8.484	698.922	699.03
ar.g_o_xl_0[49].u/lk$_DFF_N_	xl[49]	output_lockup	9.648	697.68	699.3
ar.g_o_xl_0[49].u/q$_DFF_P_	xl[49]	output	11.322	696.276	699.03
ar.g_o_xl_0[4].u/lk$_DFF_N_	xl[4]	output_lockup	13.494	707.292	699.57
ar.g_o_xl_0[4].u/q$_DFF_P_	xl[4]	output	7.014	700.272	699.03
ar.g_o_xl_0[50].u/lk$_DFF_N_	xl[50]	output_lockup	14.106	693.684	699.03
ar.g_o_xl_0[50].u/q$_DFF_P_	xl[50]	output	15.51	692.28	699.03
ar.g_o_xl_0[51].u/lk$_DFF_N_	xl[51]	output_lockup	15.216	692.496	699.3
ar.g_o_xl_0[51].u/q$_DFF_P_	xl[51]	output	18.294	689.688	699.03
ar.g_o_xl_0[52].u/lk$_DFF_N_	xl[52]	output_lockup	3.15	705.294	698.76
ar.g_o_xl_0[52].u/q$_DFF_P_	xl[52]	output	4.554	703.89	698.76
ar.g_o_xl_0[53].u/lk$_DFF_N_	xl[53]	output_lockup	2.856	705.51	699.03
ar.g_o_xl_0[53].u/q$_DFF_P_	xl[53]	output	7.338	701.298	698.76
ar.g_o_xl_0[54].u/lk$_DFF_N_	xl[54]	output_lockup	8.772	700.056	698.76
ar.g_o_xl_0[54].u/q$_DFF_P_	xl[54]	output	10.176	698.652	698.76
ar.g_o_xl_0[55].u/lk$_DFF_N_	xl[55]	output_lockup	12.96	696.06	698.76
ar.g_o_xl_0[55].u/q$_DFF_P_	xl[55]	output	14.364	694.656	698.76
ar.g_o_xl_0[56].u/lk$_DFF_N_	xl[56]	output_lockup	15.798	693.414	698.76
ar.g_o_xl_0[56].u/q$_DFF_P_	xl[56]	output	17.202	692.01	698.76
ar.g_o_xl_0[57].u/lk$_DFF_N_	xl[57]	output_lockup	14.1	695.034	699.03
ar.g_o_xl_0[57].u/q$_DFF_P_	xl[57]	output	3.408	706.266	698.49
ar.g_o_xl_0[58].u/lk$_DFF_N_	xl[58]	output_lockup	18.342	690.984	699.03
ar.g_o_xl_0[58].u/q$_DFF_P_	xl[58]	output	4.842	705.024	698.49
ar.g_o_xl_0[59].u/lk$_DFF_N_	xl[59]	output_lockup	3.144	706.644	698.76
ar.g_o_xl_0[59].u/q$_DFF_P_	xl[59]	output	7.626	702.432	698.49
ar.g_o_xl_0[5].u/lk$_DFF_N_	xl[5]	output_lockup	14.058	707.508	699.03
ar.g_o_xl_0[5].u/q$_DFF_P_	xl[5]	output	15.462	708.912	699.03
ar.g_o_xl_0[60].u/lk$_DFF_N_	xl[60]	output_lockup	7.332	702.648	698.76
ar.g_o_xl_0[60].u/q$_DFF_P_	xl[60]	output	10.41	699.84	698.49
ar.g_o_xl_0[61].u/lk$_DFF_N_	xl[61]	output_lockup	13.248	697.194	698.49
ar.g_o_xl_0[61].u/q$_DFF_P_	xl[61]	output	14.652	695.79	698.49
ar.g_o_xl_0[62].u/lk$_DFF_N_	xl[62]	output_lockup	12.954	697.41	698.76
ar.g_o_xl_0[62].u/q$_DFF_P_	xl[62]	output	17.436	693.198	698.49
ar.g_o_xl_0[63].u/lk$_DFF_N_	xl[63]	output_lockup	18.87	691.956	698.49
ar.g_o_xl_0[63].u/q$_DFF_P_	xl[63]	output	3.696	707.4	698.22
ar.g_o_xl_0[64].u/lk$_DFF_N_	xl[64]	output_lockup	3.402	707.616	698.49
ar.g_o_xl_0[64].u/q$_DFF_P_	xl[64]	output	6.48	704.808	698.22
ar.g_o_xl_0[65].u/lk$_DFF_N_	xl[65]	output_lockup	7.914	703.566	698.22
ar.g_o_xl_0[65].u/q$_DFF_P_	xl[65]	output	9.318	702.162	698.22
ar.g_o_xl_0[66].u/lk$_DFF_N_	xl[66]	output_lockup	3.138	707.994	698.76
ar.g_o_xl_0[66].u/q$_DFF_P_	xl[66]	output	7.62	703.782	698.49
ar.g_o_xl_0[67].u/lk$_DFF_N_	xl[67]	output_lockup	10.458	701.136	698.49
ar.g_o_xl_0[67].u/q$_DFF_P_	xl[67]	output	12.132	699.732	698.22
ar.g_o_xl_0[68].u/lk$_DFF_N_	xl[68]	output_lockup	14.916	697.14	698.22
ar.g_o_xl_0[68].u/q$_DFF_P_	xl[68]	output	16.32	695.736	698.22
ar.g_o_xl_0[69].u/lk$_DFF_N_	xl[69]	output_lockup	17.43	694.548	698.49
ar.g_o_xl_0[69].u/q$_DFF_P_	xl[69]	output	19.104	693.144	698.22
ar.g_o_xl_0[6].u/lk$_DFF_N_	xl[6]	output_lockup	16.89	710.532	699.03
ar.g_o_xl_0[6].u/q$_DFF_P_	xl[6]	output	18.294	711.936	699.03
ar.g_o_xl_0[70].u/lk$_DFF_N_	xl[70]	output_lockup	3.69	708.75	698.22
ar.g_o_xl_0[70].u/q$_DFF_P_	xl[70]	output	3.96	708.75	697.95
ar.g_o_xl_0[71].u/lk$_DFF_N_	xl[71]	output_lockup	3.396	708.966	698.49
ar.g_o_xl_0[71].u/q$_DFF_P_	xl[71]	output	6.474	706.158	698.22
ar.g_o_xl_0[72].u/lk$_DFF_N_	xl[72]	output_lockup	6.774	706.32	697.95
ar.g_o_xl_0[72].u/q$_DFF_P_	xl[72]	output	8.178	704.916	697.95
ar.g_o_xl_0[73].u/lk$_DFF_N_	xl[73]	output_lockup	3.132	709.344	698.76
ar.g_o_xl_0[73].u/q$_DFF_P_	xl[73]	output	10.962	702.324	697.95
ar.g_o_xl_0[74].u/lk$_DFF_N_	xl[74]	output_lockup	12.396	701.082	697.95
ar.g_o_xl_0[74].u/q$_DFF_P_	xl[74]	output	13.8	699.678	697.95
ar.g_o_xl_0[75].u/lk$_DFF_N_	xl[75]	output_lockup	14.91	698.49	698.22
ar.g_o_xl_0[75].u/q$_DFF_P_	xl[75]	output	16.584	697.086	697.95
ar.g_o_xl_0[76].u/lk$_DFF_N_	xl[76]	output_lockup	19.152	694.44	698.22
ar.g_o_xl_0[76].u/q$_DFF_P_	xl[76]	output	18.018	695.844	697.95
ar.g_o_xl_0[77].u/lk$_DFF_N_	xl[77]	output_lockup	3.684	710.1	698.22
ar.g_o_xl_0[77].u/q$_DFF_P_	xl[77]	output	3.954	710.1	697.95
ar.g_o_xl_0[78].u/lk$_DFF_N_	xl[78]	output_lockup	3.39	710.316	698.49
ar.g_o_xl_0[78].u/q$_DFF_P_	xl[78]	output	4.2	710.316	697.68
ar.g_o_xl_0[79].u/lk$_DFF_N_	xl[79]	output_lockup	5.634	709.074	697.68
ar.g_o_xl_0[79].u/q$_DFF_P_	xl[79]	output	7.038	707.67	697.68
ar.g_o_xl_0[7].u/lk$_DFF_N_	xl[7]	output_lockup	17.13	710.694	698.76
ar.g_o_xl_0[7].u/q$_DFF_P_	xl[7]	output	18.534	712.098	698.76
ar.g_o_xl_0[80].u/lk$_DFF_N_	xl[80]	output_lockup	10.956	703.674	697.95
ar.g_o_xl_0[80].u/q$_DFF_P_	xl[80]	output	9.822	705.078	697.68
ar.g_o_xl_0[81].u/lk$_DFF_N_	xl[81]	output_lockup	11.256	703.836	697.68
ar.g_o_xl_0[81].u/q$_DFF_P_	xl[81]	output	12.66	702.432	697.68
ar.g_o_xl_0[82].u/lk$_DFF_N_	xl[82]	output_lockup	15.444	699.84	697.68
ar.g_o_xl_0[82].u/q$_DFF_P_	xl[82]	output	16.848	698.436	697.68
ar.g_o_xl_0[83].u/lk$_DFF_N_	xl[83]	output_lockup	18.282	697.194	697.68
ar.g_o_xl_0[83].u/q$_DFF_P_	xl[83]	output	19.686	695.79	697.68
ar.g_o_xl_0[84].u/lk$_DFF_N_	xl[84]	output_lockup	3.678	711.45	698.22
ar.g_o_xl_0[84].u/q$_DFF_P_	xl[84]	output	3.948	711.45	697.95
ar.g_o_xl_0[85].u/lk$_DFF_N_	xl[85]	output_lockup	3.438	711.612	698.49
ar.g_o_xl_0[85].u/q$_DFF_P_	xl[85]	output	4.248	711.612	697.68
ar.g_o_xl_0[86].u/lk$_DFF_N_	xl[86]	output_lockup	4.494	711.828	697.41
ar.g_o_xl_0[86].u/q$_DFF_P_	xl[86]	output	5.898	710.424	697.41
ar.g_o_xl_0[87].u/lk$_DFF_N_	xl[87]	output_lockup	9.816	706.428	697.68
ar.g_o_xl_0[87].u/q$_DFF_P_	xl[87]	output	8.682	707.832	697.41
ar.g_o_xl_0[88].u/lk$_DFF_N_	xl[88]	output_lockup	10.116	706.59	697.41
ar.g_o_xl_0[88].u/q$_DFF_P_	xl[88]	output	11.52	705.186	697.41
ar.g_o_xl_0[89].u/lk$_DFF_N_	xl[89]	output_lockup	15.438	701.19	697.68
ar.g_o_xl_0[89].u/q$_DFF_P_	xl[89]	output	14.304	702.594	697.41
ar.g_o_xl_0[8].u/lk$_DFF_N_	xl[8]	output_lockup	4.476	696.87	697.41
ar.g_o_xl_0[8].u/q$_DFF_P_	xl[8]	output	7.272	699.678	697.41
ar.g_o_xl_0[90].u/lk$_DFF_N_	xl[90]	output_lockup	15.738	701.352	697.41
ar.g_o_xl_0[90].u/q$_DFF_P_	xl[90]	output	4.776	712.584	697.14
ar.g_o_xl_0[91].u/lk$_DFF_N_	xl[91]	output_lockup	3.672	712.8	698.22
ar.g_o_xl_0[91].u/q$_DFF_P_	xl[91]	output	3.942	712.8	697.95
ar.g_o_xl_0[92].u/lk$_DFF_N_	xl[92]	output_lockup	3.432	712.962	698.49
ar.g_o_xl_0[92].u/q$_DFF_P_	xl[92]	output	4.242	712.962	697.68
ar.g_o_xl_0[93].u/lk$_DFF_N_	xl[93]	output_lockup	2.868	713.178	699.03
ar.g_o_xl_0[93].u/q$_DFF_P_	xl[93]	output	4.488	713.178	697.41
ar.g_o_xl_0[94].u/lk$_DFF_N_	xl[94]	output_lockup	3.168	713.34	698.76
ar.g_o_xl_0[94].u/q$_DFF_P_	xl[94]	output	8.73	709.128	697.41
ar.g_o_xl_0[95].u/lk$_DFF_N_	xl[95]	output_lockup	7.572	710.748	697.14
ar.g_o_xl_0[95].u/q$_DFF_P_	xl[95]	output	8.976	709.344	697.14
ar.g_o_xl_0[96].u/lk$_DFF_N_	xl[96]	output_lockup	14.298	703.944	697.41
ar.g_o_xl_0[96].u/q$_DFF_P_	xl[96]	output	11.76	706.752	697.14
ar.g_o_xl_0[97].u/lk$_DFF_N_	xl[97]	output_lockup	4.77	713.934	697.14
ar.g_o_xl_0[97].u/q$_DFF_P_	xl[97]	output	13.194	705.51	697.14
ar.g_o_xl_0[98].u/lk$_DFF_N_	xl[98]	output_lockup	3.666	714.15	698.22
ar.g_o_xl_0[98].u/q$_DFF_P_	xl[98]	output	3.936	714.15	697.95
ar.g_o_xl_0[99].u/lk$_DFF_N_	xl[99]	output_lockup	3.426	714.312	698.49
ar.g_o_xl_0[99].u/q$_DFF_P_	xl[99]	output	4.236	714.312	697.68
ar.g_o_xl_0[9].u/lk$_DFF_N_	xl[9]	output_lockup	4.776	697.032	697.14
ar.g_o_xl_0[9].u/q$_DFF_P_	xl[9]	output	6.108	698.436	697.14
ar.g_o_xt_0[0].u/lk$_DFF_N_	xt[0]	output_lockup	1.008	679.644	700.92
ar.g_o_xt_0[0].u/q$_DFF_P_	xt[0]	output	2.316	681.048	700.92
ar.g_o_xt_0[10].u/lk$_DFF_N_	xt[10]	output_lockup	2.34	682.992	700.92
ar.g_o_xt_0[10].u/q$_DFF_P_	xt[10]	output	1.254	681.588	700.65
ar.g_o_xt_0[11].u/lk$_DFF_N_	xt[11]	output_lockup	2.634	683.208	700.65
ar.g_o_xt_0[11].u/q$_DFF_P_	xt[11]	output	1.5	681.804	700.38
ar.g_o_xt_0[12].u/lk$_DFF_N_	xt[12]	output_lockup	2.874	683.37	700.38
ar.g_o_xt_0[12].u/q$_DFF_P_	xt[12]	output	4.278	684.774	700.38
ar.g_o_xt_0[13].u/lk$_DFF_N_	xt[13]	output_lockup	1.776	682.182	700.11
ar.g_o_xt_0[13].u/q$_DFF_P_	xt[13]	output	3.168	683.586	700.11
ar.g_o_xt_0[14].u/lk$_DFF_N_	xt[14]	output_lockup	4.542	685.152	700.11
ar.g_o_xt_0[14].u/q$_DFF_P_	xt[14]	output	2.076	682.344	699.84
ar.g_o_xt_0[15].u/lk$_DFF_N_	xt[15]	output_lockup	3.432	683.964	699.84
ar.g_o_xt_0[15].u/q$_DFF_P_	xt[15]	output	4.836	685.368	699.84
ar.g_o_xt_0[1].u/lk$_DFF_N_	xt[1]	output_lockup	1.254	679.86	700.65
ar.g_o_xt_0[1].u/q$_DFF_P_	xt[1]	output	1.524	679.86	700.38
ar.g_o_xt_0[2].u/lk$_DFF_N_	xt[2]	output_lockup	1.77	680.076	700.11
ar.g_o_xt_0[2].u/q$_DFF_P_	xt[2]	output	2.04	680.076	699.84
ar.g_o_xt_0[3].u/lk$_DFF_N_	xt[3]	output_lockup	2.34	680.238	699.57
ar.g_o_xt_0[3].u/q$_DFF_P_	xt[3]	output	3.684	681.642	699.57
ar.g_o_xt_0[4].u/lk$_DFF_N_	xt[4]	output_lockup	5.112	683.262	699.57
ar.g_o_xt_0[4].u/q$_DFF_P_	xt[4]	output	6.516	684.666	699.57
ar.g_o_xt_0[5].u/lk$_DFF_N_	xt[5]	output_lockup	7.89	686.232	699.57
ar.g_o_xt_0[5].u/q$_DFF_P_	xt[5]	output	9.294	687.636	699.57
ar.g_o_xt_0[6].u/lk$_DFF_N_	xt[6]	output_lockup	2.592	680.832	699.3
ar.g_o_xt_0[6].u/q$_DFF_P_	xt[6]	output	3.972	682.236	699.3
ar.g_o_xt_0[7].u/lk$_DFF_N_	xt[7]	output_lockup	5.346	683.802	699.3
ar.g_o_xt_0[7].u/q$_DFF_P_	xt[7]	output	6.75	685.206	699.3
ar.g_o_xt_0[8].u/lk$_DFF_N_	xt[8]	output_lockup	8.178	686.826	699.3
ar.g_o_xt_0[8].u/q$_DFF_P_	xt[8]	output	2.868	681.21	699.03
ar.g_o_xt_0[9].u/lk$_DFF_N_	xt[9]	output_lockup	4.206	682.776	699.03
ar.g_o_xt_0[9].u/q$_DFF_P_	xt[9]	output	5.61	684.18	699.03
ar.i0_cSE[146]$_DFF_P_	cSE[146]	input	7.386	1392.336	41.31
ar.i0_cSE[147]$_DFF_P_	cSE[147]	input	10.272	1389.528	41.58
ar.i0_cSE[249]$_DFF_P_	cSE[249]	input	7.32	1392.336	61.02
ar.i0_cSE[250]$_DFF_P_	cSE[250]	input	7.398	1392.336	61.29
ar.i0_cSE[352]$_DFF_P_	cSE[352]	input	7.254	1392.336	80.73
ar.i0_cSE[353]$_DFF_P_	cSE[353]	input	7.332	1392.336	81.0
ar.i0_cSE[42]$_DFF_P_	cSE[42]	input	7.374	1392.336	21.33
ar.i0_cSE[43]$_DFF_P_	cSE[43]	input	7.452	1392.336	21.6
ar.i0_cSE[44]$_DFF_P_	cSE[44]	input	8.664	1390.932	21.6
ar.i0_cSE[455]$_DFF_P_	cSE[455]	input	7.458	1392.336	100.71
ar.i0_cSE[456]$_DFF_P_	cSE[456]	input	8.67	1390.932	100.71
ar.i0_cSE[558]$_DFF_P_	cSE[558]	input	7.392	1392.336	120.42
ar.i0_cSE[559]$_DFF_P_	cSE[559]	input	10.278	1389.528	120.69
ar.i0_cSE[661]$_DFF_P_	cSE[661]	input	7.326	1392.336	140.13
ar.i0_cSE[662]$_DFF_P_	cSE[662]	input	7.404	1392.336	140.4
ar.i0_cSE[764]$_DFF_P_	cSE[764]	input	7.26	1392.336	159.84
ar.i0_cSE[765]$_DFF_P_	cSE[765]	input	7.338	1392.336	160.11
ar.i0_cSW[146]$_DFF_P_	cSW[146]	input	6.06	5.994	41.31
ar.i0_cSW[147]$_DFF_P_	cSW[147]	input	8.946	8.802	41.58
ar.i0_cSW[249]$_DFF_P_	cSW[249]	input	5.994	5.994	61.02
ar.i0_cSW[250]$_DFF_P_	cSW[250]	input	6.072	5.994	61.29
ar.i0_cSW[352]$_DFF_P_	cSW[352]	input	5.928	5.994	80.73
ar.i0_cSW[353]$_DFF_P_	cSW[353]	input	6.006	5.994	81.0
ar.i0_cSW[43]$_DFF_P_	cSW[43]	input	6.126	5.994	21.6
ar.i0_cSW[44]$_DFF_P_	cSW[44]	input	7.338	7.398	21.6
ar.i0_cSW[455]$_DFF_P_	cSW[455]	input	6.132	5.994	100.71
ar.i0_cSW[456]$_DFF_P_	cSW[456]	input	7.344	7.398	100.71
ar.i0_cSW[558]$_DFF_P_	cSW[558]	input	6.066	5.994	120.42
ar.i0_cSW[559]$_DFF_P_	cSW[559]	input	8.952	8.802	120.69
ar.i0_cSW[661]$_DFF_P_	cSW[661]	input	6.0	5.994	140.13
ar.i0_cSW[662]$_DFF_P_	cSW[662]	input	6.078	5.994	140.4
ar.i0_cSW[764]$_DFF_P_	cSW[764]	input	5.934	5.994	159.84
ar.i0_cSW[765]$_DFF_P_	cSW[765]	input	6.012	5.994	160.11
ar.i0_f_loader[0]$_DFF_P_	f_loader[0]	input	0.444	667.116	0.54
ar.i0_f_loader[100]$_DFF_P_	f_loader[100]	input	0.474	686.286	0.54
ar.i0_f_loader[101]$_DFF_P_	f_loader[101]	input	1.842	687.906	0.54
ar.i0_f_loader[102]$_DFF_P_	f_loader[102]	input	3.216	689.472	0.54
ar.i0_f_loader[103]$_DFF_P_	f_loader[103]	input	4.644	691.092	0.54
ar.i0_f_loader[104]$_DFF_P_	f_loader[104]	input	6.018	692.658	0.54
ar.i0_f_loader[105]$_DFF_P_	f_loader[105]	input	7.446	694.278	0.54
ar.i0_f_loader[106]$_DFF_P_	f_loader[106]	input	8.82	695.844	0.54
ar.i0_f_loader[107]$_DFF_P_	f_loader[107]	input	11.652	698.868	0.54
ar.i0_f_loader[108]$_DFF_P_	f_loader[108]	input	13.08	700.488	0.54
ar.i0_f_loader[109]$_DFF_P_	f_loader[109]	input	14.454	702.054	0.54
ar.i0_f_loader[10]$_DFF_P_	f_loader[10]	input	0.474	669.006	0.54
ar.i0_f_loader[110]$_DFF_P_	f_loader[110]	input	15.882	703.674	0.54
ar.i0_f_loader[11]$_DFF_P_	f_loader[11]	input	1.842	670.626	0.54
ar.i0_f_loader[12]$_DFF_P_	f_loader[12]	input	3.216	672.192	0.54
ar.i0_f_loader[13]$_DFF_P_	f_loader[13]	input	4.644	673.812	0.54
ar.i0_f_loader[147]$_DFF_P_	f_loader[147]	input	10.236	705.132	0.54
ar.i0_f_loader[148]$_DFF_P_	f_loader[148]	input	11.664	706.752	0.54
ar.i0_f_loader[149]$_DFF_P_	f_loader[149]	input	1.806	697.086	0.54
ar.i0_f_loader[14]$_DFF_P_	f_loader[14]	input	6.018	675.378	0.54
ar.i0_f_loader[150]$_DFF_P_	f_loader[150]	input	13.062	708.534	0.54
ar.i0_f_loader[151]$_DFF_P_	f_loader[151]	input	14.436	710.1	0.54
ar.i0_f_loader[152]$_DFF_P_	f_loader[152]	input	15.864	711.72	0.54
ar.i0_f_loader[153]$_DFF_P_	f_loader[153]	input	0.714	696.492	0.81
ar.i0_f_loader[154]$_DFF_P_	f_loader[154]	input	3.492	699.462	0.81
ar.i0_f_loader[155]$_DFF_P_	f_loader[155]	input	4.92	701.082	0.81
ar.i0_f_loader[156]$_DFF_P_	f_loader[156]	input	6.294	702.648	0.81
ar.i0_f_loader[157]$_DFF_P_	f_loader[157]	input	7.722	704.268	0.81
ar.i0_f_loader[158]$_DFF_P_	f_loader[158]	input	9.096	705.834	0.81
ar.i0_f_loader[159]$_DFF_P_	f_loader[159]	input	15.87	713.07	0.54
ar.i0_f_loader[15]$_DFF_P_	f_loader[15]	input	7.446	676.998	0.54
ar.i0_f_loader[160]$_DFF_P_	f_loader[160]	input	10.494	707.616	0.81
ar.i0_f_loader[161]$_DFF_P_	f_loader[161]	input	11.922	709.236	0.81
ar.i0_f_loader[162]$_DFF_P_	f_loader[162]	input	13.35	710.856	0.81
ar.i0_f_loader[163]$_DFF_P_	f_loader[163]	input	14.724	712.422	0.81
ar.i0_f_loader[164]$_DFF_P_	f_loader[164]	input	16.152	714.042	0.81
ar.i0_f_loader[165]$_DFF_P_	f_loader[165]	input	1.02	698.76	1.08
ar.i0_f_loader[166]$_DFF_P_	f_loader[166]	input	15.876	714.42	0.54
ar.i0_f_loader[167]$_DFF_P_	f_loader[167]	input	2.346	700.542	1.08
ar.i0_f_loader[168]$_DFF_P_	f_loader[168]	input	3.774	702.162	1.08
ar.i0_f_loader[169]$_DFF_P_	f_loader[169]	input	5.148	703.728	1.08
ar.i0_f_loader[16]$_DFF_P_	f_loader[16]	input	8.82	678.564	0.54
ar.i0_f_loader[170]$_DFF_P_	f_loader[170]	input	6.576	705.348	1.08
ar.i0_f_loader[171]$_DFF_P_	f_loader[171]	input	15.888	684.504	0.54
ar.i0_f_loader[172]$_DFF_P_	f_loader[172]	input	6.36	694.494	0.81
ar.i0_f_loader[173]$_DFF_P_	f_loader[173]	input	9.144	691.902	0.81
ar.i0_f_loader[174]$_DFF_P_	f_loader[174]	input	10.578	690.66	0.81
ar.i0_f_loader[175]$_DFF_P_	f_loader[175]	input	13.362	688.068	0.81
ar.i0_f_loader[176]$_DFF_P_	f_loader[176]	input	14.796	686.826	0.81
ar.i0_f_loader[177]$_DFF_P_	f_loader[177]	input	5.214	696.87	1.08
ar.i0_f_loader[178]$_DFF_P_	f_loader[178]	input	6.648	695.628	1.08
ar.i0_f_loader[179]$_DFF_P_	f_loader[179]	input	9.432	693.036	1.08
ar.i0_f_loader[17]$_DFF_P_	f_loader[17]	input	10.248	680.184	0.54
ar.i0_f_loader[180]$_DFF_P_	f_loader[180]	input	9.138	693.252	0.81
ar.i0_f_loader[181]$_DFF_P_	f_loader[181]	input	12.246	690.606	1.08
ar.i0_f_loader[182]$_DFF_P_	f_loader[182]	input	13.356	689.418	0.81
ar.i0_f_loader[183]$_DFF_P_	f_loader[183]	input	15.06	688.176	1.08
ar.i0_f_loader[184]$_DFF_P_	f_loader[184]	input	1.266	702.432	1.35
ar.i0_f_loader[185]$_DFF_P_	f_loader[185]	input	2.7	701.19	1.35
ar.i0_f_loader[186]$_DFF_P_	f_loader[186]	input	9.426	694.386	1.08
ar.i0_f_loader[187]$_DFF_P_	f_loader[187]	input	5.514	698.76	1.35
ar.i0_f_loader[188]$_DFF_P_	f_loader[188]	input	8.298	696.168	1.35
ar.i0_f_loader[189]$_DFF_P_	f_loader[189]	input	11.082	693.576	1.35
ar.i0_f_loader[18]$_DFF_P_	f_loader[18]	input	11.676	681.804	0.54
ar.i0_f_loader[190]$_DFF_P_	f_loader[190]	input	12.516	692.334	1.35
ar.i0_f_loader[191]$_DFF_P_	f_loader[191]	input	1.26	703.782	1.35
ar.i0_f_loader[192]$_DFF_P_	f_loader[192]	input	15.33	689.904	1.35
ar.i0_f_loader[193]$_DFF_P_	f_loader[193]	input	1.536	704.16	1.62
ar.i0_f_loader[194]$_DFF_P_	f_loader[194]	input	2.97	702.918	1.62
ar.i0_f_loader[195]$_DFF_P_	f_loader[195]	input	5.754	700.326	1.62
ar.i0_f_loader[196]$_DFF_P_	f_loader[196]	input	11.13	694.872	1.35
ar.i0_f_loader[197]$_DFF_P_	f_loader[197]	input	8.568	697.896	1.62
ar.i0_f_loader[198]$_DFF_P_	f_loader[198]	input	1.254	705.132	1.35
ar.i0_f_loader[199]$_DFF_P_	f_loader[199]	input	11.382	695.466	1.62
ar.i0_f_loader[19]$_DFF_P_	f_loader[19]	input	0.744	670.734	0.81
ar.i0_f_loader[1]$_DFF_P_	f_loader[1]	input	0.744	667.278	0.81
ar.i0_f_loader[200]$_DFF_P_	f_loader[200]	input	1.53	705.51	1.62
ar.i0_f_loader[201]$_DFF_P_	f_loader[201]	input	14.196	693.036	1.62
ar.i0_f_loader[202]$_DFF_P_	f_loader[202]	input	5.748	701.676	1.62
ar.i0_f_loader[203]$_DFF_P_	f_loader[203]	input	17.01	690.606	1.62
ar.i0_f_loader[204]$_DFF_P_	f_loader[204]	input	1.812	706.266	1.89
ar.i0_f_loader[205]$_DFF_P_	f_loader[205]	input	1.302	706.428	1.35
ar.i0_f_loader[206]$_DFF_P_	f_loader[206]	input	1.008	706.644	1.08
ar.i0_f_loader[207]$_DFF_P_	f_loader[207]	input	1.524	706.86	1.62
ar.i0_f_loader[208]$_DFF_P_	f_loader[208]	input	4.632	704.214	1.89
ar.i0_f_loader[209]$_DFF_P_	f_loader[209]	input	7.416	701.622	1.89
ar.i0_f_loader[20]$_DFF_P_	f_loader[20]	input	2.112	672.354	0.81
ar.i0_f_loader[210]$_DFF_P_	f_loader[210]	input	8.85	700.38	1.89
ar.i0_f_loader[211]$_DFF_P_	f_loader[211]	input	1.806	707.616	1.89
ar.i0_f_loader[212]$_DFF_P_	f_loader[212]	input	1.296	707.778	1.35
ar.i0_f_loader[213]$_DFF_P_	f_loader[213]	input	1.002	707.994	1.08
ar.i0_f_loader[214]$_DFF_P_	f_loader[214]	input	1.572	708.156	1.62
ar.i0_f_loader[215]$_DFF_P_	f_loader[215]	input	13.05	697.14	1.89
ar.i0_f_loader[216]$_DFF_P_	f_loader[216]	input	7.41	702.972	1.89
ar.i0_f_loader[217]$_DFF_P_	f_loader[217]	input	11.652	698.922	1.89
ar.i0_f_loader[218]$_DFF_P_	f_loader[218]	input	1.8	708.966	1.89
ar.i0_f_loader[219]$_DFF_P_	f_loader[219]	input	1.29	709.128	1.35
ar.i0_f_loader[21]$_DFF_P_	f_loader[21]	input	3.486	673.92	0.81
ar.i0_f_loader[220]$_DFF_P_	f_loader[220]	input	0.996	709.344	1.08
ar.i0_f_loader[221]$_DFF_P_	f_loader[221]	input	1.566	709.506	1.62
ar.i0_f_loader[222]$_DFF_P_	f_loader[222]	input	15.852	695.682	1.89
ar.i0_f_loader[223]$_DFF_P_	f_loader[223]	input	17.286	694.44	1.89
ar.i0_f_loader[224]$_DFF_P_	f_loader[224]	input	2.088	710.1	2.16
ar.i0_f_loader[225]$_DFF_P_	f_loader[225]	input	1.794	710.316	1.89
ar.i0_f_loader[226]$_DFF_P_	f_loader[226]	input	1.284	710.478	1.35
ar.i0_f_loader[227]$_DFF_P_	f_loader[227]	input	0.99	710.694	1.08
ar.i0_f_loader[228]$_DFF_P_	f_loader[228]	input	1.56	710.856	1.62
ar.i0_f_loader[229]$_DFF_P_	f_loader[229]	input	4.884	708.264	2.16
ar.i0_f_loader[22]$_DFF_P_	f_loader[22]	input	4.914	675.54	0.81
ar.i0_f_loader[230]$_DFF_P_	f_loader[230]	input	6.318	707.022	2.16
ar.i0_f_loader[231]$_DFF_P_	f_loader[231]	input	2.082	711.45	2.16
ar.i0_f_loader[232]$_DFF_P_	f_loader[232]	input	1.842	711.612	1.89
ar.i0_f_loader[233]$_DFF_P_	f_loader[233]	input	1.278	711.828	1.35
ar.i0_f_loader[234]$_DFF_P_	f_loader[234]	input	0.984	712.044	1.08
ar.i0_f_loader[235]$_DFF_P_	f_loader[235]	input	1.554	712.206	1.62
ar.i0_f_loader[236]$_DFF_P_	f_loader[236]	input	9.09	705.402	2.16
ar.i0_f_loader[237]$_DFF_P_	f_loader[237]	input	10.524	704.16	2.16
ar.i0_f_loader[238]$_DFF_P_	f_loader[238]	input	2.076	712.8	2.16
ar.i0_f_loader[239]$_DFF_P_	f_loader[239]	input	1.836	712.962	1.89
ar.i0_f_loader[23]$_DFF_P_	f_loader[23]	input	6.288	677.106	0.81
ar.i0_f_loader[240]$_DFF_P_	f_loader[240]	input	1.272	713.178	1.35
ar.i0_f_loader[241]$_DFF_P_	f_loader[241]	input	1.032	713.34	1.08
ar.i0_f_loader[242]$_DFF_P_	f_loader[242]	input	1.548	713.556	1.62
ar.i0_f_loader[243]$_DFF_P_	f_loader[243]	input	13.296	702.54	2.16
ar.i0_f_loader[244]$_DFF_P_	f_loader[244]	input	14.73	701.298	2.16
ar.i0_f_loader[245]$_DFF_P_	f_loader[245]	input	2.07	714.15	2.16
ar.i0_f_loader[246]$_DFF_P_	f_loader[246]	input	1.83	714.312	1.89
ar.i0_f_loader[247]$_DFF_P_	f_loader[247]	input	1.266	714.528	1.35
ar.i0_f_loader[248]$_DFF_P_	f_loader[248]	input	1.026	714.69	1.08
ar.i0_f_loader[249]$_DFF_P_	f_loader[249]	input	1.542	714.906	1.62
ar.i0_f_loader[24]$_DFF_P_	f_loader[24]	input	7.716	678.726	0.81
ar.i0_f_loader[250]$_DFF_P_	f_loader[250]	input	17.556	699.624	2.16
ar.i0_f_loader[251]$_DFF_P_	f_loader[251]	input	0.738	715.284	0.81
ar.i0_f_loader[252]$_DFF_P_	f_loader[252]	input	2.064	715.5	2.16
ar.i0_f_loader[253]$_DFF_P_	f_loader[253]	input	0.474	715.662	0.54
ar.i0_f_loader[254]$_DFF_P_	f_loader[254]	input	1.26	715.878	1.35
ar.i0_f_loader[255]$_DFF_P_	f_loader[255]	input	1.02	716.04	1.08
ar.i0_f_loader[256]$_DFF_P_	f_loader[256]	input	1.536	716.256	1.62
ar.i0_f_loader[257]$_DFF_P_	f_loader[257]	input	1.836	716.418	1.89
ar.i0_f_loader[258]$_DFF_P_	f_loader[258]	input	0.732	716.634	0.81
ar.i0_f_loader[259]$_DFF_P_	f_loader[259]	input	2.112	716.796	2.16
ar.i0_f_loader[25]$_DFF_P_	f_loader[25]	input	11.628	683.1	0.54
ar.i0_f_loader[260]$_DFF_P_	f_loader[260]	input	0.468	717.012	0.54
ar.i0_f_loader[261]$_DFF_P_	f_loader[261]	input	1.254	717.228	1.35
ar.i0_f_loader[262]$_DFF_P_	f_loader[262]	input	1.014	717.39	1.08
ar.i0_f_loader[263]$_DFF_P_	f_loader[263]	input	1.53	717.606	1.62
ar.i0_f_loader[264]$_DFF_P_	f_loader[264]	input	1.83	717.768	1.89
ar.i0_f_loader[265]$_DFF_P_	f_loader[265]	input	0.726	717.984	0.81
ar.i0_f_loader[266]$_DFF_P_	f_loader[266]	input	2.106	718.146	2.16
ar.i0_f_loader[267]$_DFF_P_	f_loader[267]	input	0.462	718.362	0.54
ar.i0_f_loader[268]$_DFF_P_	f_loader[268]	input	1.302	718.524	1.35
ar.i0_f_loader[269]$_DFF_P_	f_loader[269]	input	1.008	718.74	1.08
ar.i0_f_loader[26]$_DFF_P_	f_loader[26]	input	9.114	680.508	0.81
ar.i0_f_loader[270]$_DFF_P_	f_loader[270]	input	1.524	718.956	1.62
ar.i0_f_loader[271]$_DFF_P_	f_loader[271]	input	1.824	719.118	1.89
ar.i0_f_loader[272]$_DFF_P_	f_loader[272]	input	0.72	719.334	0.81
ar.i0_f_loader[273]$_DFF_P_	f_loader[273]	input	2.1	719.496	2.16
ar.i0_f_loader[274]$_DFF_P_	f_loader[274]	input	0.456	719.712	0.54
ar.i0_f_loader[275]$_DFF_P_	f_loader[275]	input	1.296	719.874	1.35
ar.i0_f_loader[276]$_DFF_P_	f_loader[276]	input	1.002	720.09	1.08
ar.i0_f_loader[277]$_DFF_P_	f_loader[277]	input	1.572	720.252	1.62
ar.i0_f_loader[278]$_DFF_P_	f_loader[278]	input	1.818	720.468	1.89
ar.i0_f_loader[279]$_DFF_P_	f_loader[279]	input	0.714	720.684	0.81
ar.i0_f_loader[27]$_DFF_P_	f_loader[27]	input	10.542	682.128	0.81
ar.i0_f_loader[280]$_DFF_P_	f_loader[280]	input	2.094	720.846	2.16
ar.i0_f_loader[281]$_DFF_P_	f_loader[281]	input	0.45	721.062	0.54
ar.i0_f_loader[282]$_DFF_P_	f_loader[282]	input	1.29	721.224	1.35
ar.i0_f_loader[283]$_DFF_P_	f_loader[283]	input	0.996	721.44	1.08
ar.i0_f_loader[284]$_DFF_P_	f_loader[284]	input	1.566	721.602	1.62
ar.i0_f_loader[285]$_DFF_P_	f_loader[285]	input	1.812	721.818	1.89
ar.i0_f_loader[286]$_DFF_P_	f_loader[286]	input	0.762	721.98	0.81
ar.i0_f_loader[287]$_DFF_P_	f_loader[287]	input	2.088	722.196	2.16
ar.i0_f_loader[288]$_DFF_P_	f_loader[288]	input	2.334	722.412	2.43
ar.i0_f_loader[289]$_DFF_P_	f_loader[289]	input	1.284	722.574	1.35
ar.i0_f_loader[28]$_DFF_P_	f_loader[28]	input	11.916	683.694	0.81
ar.i0_f_loader[290]$_DFF_P_	f_loader[290]	input	5.148	719.982	2.43
ar.i0_f_loader[291]$_DFF_P_	f_loader[291]	input	6.582	718.74	2.43
ar.i0_f_loader[292]$_DFF_P_	f_loader[292]	input	1.806	723.168	1.89
ar.i0_f_loader[293]$_DFF_P_	f_loader[293]	input	0.756	723.33	0.81
ar.i0_f_loader[29]$_DFF_P_	f_loader[29]	input	13.344	685.314	0.81
ar.i0_f_loader[2]$_DFF_P_	f_loader[2]	input	2.112	668.898	0.81
ar.i0_f_loader[30]$_DFF_P_	f_loader[30]	input	2.352	674.244	1.08
ar.i0_f_loader[31]$_DFF_P_	f_loader[31]	input	3.78	675.864	1.08
ar.i0_f_loader[32]$_DFF_P_	f_loader[32]	input	5.154	677.43	1.08
ar.i0_f_loader[33]$_DFF_P_	f_loader[33]	input	6.582	679.05	1.08
ar.i0_f_loader[34]$_DFF_P_	f_loader[34]	input	7.956	680.616	1.08
ar.i0_f_loader[35]$_DFF_P_	f_loader[35]	input	9.384	682.236	1.08
ar.i0_f_loader[36]$_DFF_P_	f_loader[36]	input	10.812	683.856	1.08
ar.i0_f_loader[37]$_DFF_P_	f_loader[37]	input	12.186	685.422	1.08
ar.i0_f_loader[38]$_DFF_P_	f_loader[38]	input	1.26	674.406	1.35
ar.i0_f_loader[39]$_DFF_P_	f_loader[39]	input	2.622	675.972	1.35
ar.i0_f_loader[3]$_DFF_P_	f_loader[3]	input	1.02	667.656	1.08
ar.i0_f_loader[40]$_DFF_P_	f_loader[40]	input	4.05	677.592	1.35
ar.i0_f_loader[41]$_DFF_P_	f_loader[41]	input	5.424	679.158	1.35
ar.i0_f_loader[42]$_DFF_P_	f_loader[42]	input	6.852	680.778	1.35
ar.i0_f_loader[43]$_DFF_P_	f_loader[43]	input	8.226	682.344	1.35
ar.i0_f_loader[44]$_DFF_P_	f_loader[44]	input	12.192	686.772	1.08
ar.i0_f_loader[45]$_DFF_P_	f_loader[45]	input	9.678	684.18	1.35
ar.i0_f_loader[46]$_DFF_P_	f_loader[46]	input	11.052	685.746	1.35
ar.i0_f_loader[47]$_DFF_P_	f_loader[47]	input	12.48	687.366	1.35
ar.i0_f_loader[48]$_DFF_P_	f_loader[48]	input	1.56	676.296	1.62
ar.i0_f_loader[49]$_DFF_P_	f_loader[49]	input	2.916	677.916	1.62
ar.i0_f_loader[4]$_DFF_P_	f_loader[4]	input	2.376	669.276	1.08
ar.i0_f_loader[50]$_DFF_P_	f_loader[50]	input	4.29	679.482	1.62
ar.i0_f_loader[51]$_DFF_P_	f_loader[51]	input	5.718	681.102	1.62
ar.i0_f_loader[52]$_DFF_P_	f_loader[52]	input	7.092	682.668	1.62
ar.i0_f_loader[53]$_DFF_P_	f_loader[53]	input	8.52	684.288	1.62
ar.i0_f_loader[54]$_DFF_P_	f_loader[54]	input	9.948	685.908	1.62
ar.i0_f_loader[55]$_DFF_P_	f_loader[55]	input	11.322	687.474	1.62
ar.i0_f_loader[56]$_DFF_P_	f_loader[56]	input	12.75	689.094	1.62
ar.i0_f_loader[57]$_DFF_P_	f_loader[57]	input	1.83	678.024	1.89
ar.i0_f_loader[58]$_DFF_P_	f_loader[58]	input	3.186	679.644	1.89
ar.i0_f_loader[59]$_DFF_P_	f_loader[59]	input	4.56	681.21	1.89
ar.i0_f_loader[5]$_DFF_P_	f_loader[5]	input	3.75	670.842	1.08
ar.i0_f_loader[60]$_DFF_P_	f_loader[60]	input	5.988	682.83	1.89
ar.i0_f_loader[61]$_DFF_P_	f_loader[61]	input	11.034	688.608	1.35
ar.i0_f_loader[62]$_DFF_P_	f_loader[62]	input	7.386	684.612	1.89
ar.i0_f_loader[63]$_DFF_P_	f_loader[63]	input	8.814	686.232	1.89
ar.i0_f_loader[64]$_DFF_P_	f_loader[64]	input	10.188	687.798	1.89
ar.i0_f_loader[65]$_DFF_P_	f_loader[65]	input	11.616	689.418	1.89
ar.i0_f_loader[66]$_DFF_P_	f_loader[66]	input	12.99	690.984	1.89
ar.i0_f_loader[67]$_DFF_P_	f_loader[67]	input	14.418	692.604	1.89
ar.i0_f_loader[68]$_DFF_P_	f_loader[68]	input	2.106	680.13	2.16
ar.i0_f_loader[69]$_DFF_P_	f_loader[69]	input	3.45	681.75	2.16
ar.i0_f_loader[6]$_DFF_P_	f_loader[6]	input	1.272	668.25	1.35
ar.i0_f_loader[70]$_DFF_P_	f_loader[70]	input	4.824	683.316	2.16
ar.i0_f_loader[71]$_DFF_P_	f_loader[71]	input	6.252	684.936	2.16
ar.i0_f_loader[72]$_DFF_P_	f_loader[72]	input	7.68	686.556	2.16
ar.i0_f_loader[73]$_DFF_P_	f_loader[73]	input	9.054	688.122	2.16
ar.i0_f_loader[74]$_DFF_P_	f_loader[74]	input	10.482	689.742	2.16
ar.i0_f_loader[75]$_DFF_P_	f_loader[75]	input	11.856	691.308	2.16
ar.i0_f_loader[76]$_DFF_P_	f_loader[76]	input	13.284	692.928	2.16
ar.i0_f_loader[77]$_DFF_P_	f_loader[77]	input	14.658	694.494	2.16
ar.i0_f_loader[78]$_DFF_P_	f_loader[78]	input	16.086	696.114	2.16
ar.i0_f_loader[79]$_DFF_P_	f_loader[79]	input	17.46	697.68	2.16
ar.i0_f_loader[7]$_DFF_P_	f_loader[7]	input	2.61	669.816	1.35
ar.i0_f_loader[80]$_DFF_P_	f_loader[80]	input	2.358	682.452	2.43
ar.i0_f_loader[81]$_DFF_P_	f_loader[81]	input	3.738	684.072	2.43
ar.i0_f_loader[82]$_DFF_P_	f_loader[82]	input	5.112	685.638	2.43
ar.i0_f_loader[83]$_DFF_P_	f_loader[83]	input	6.54	687.258	2.43
ar.i0_f_loader[84]$_DFF_P_	f_loader[84]	input	7.914	688.824	2.43
ar.i0_f_loader[85]$_DFF_P_	f_loader[85]	input	9.342	690.444	2.43
ar.i0_f_loader[86]$_DFF_P_	f_loader[86]	input	10.716	692.01	2.43
ar.i0_f_loader[87]$_DFF_P_	f_loader[87]	input	12.144	693.63	2.43
ar.i0_f_loader[88]$_DFF_P_	f_loader[88]	input	13.518	695.196	2.43
ar.i0_f_loader[89]$_DFF_P_	f_loader[89]	input	14.946	696.816	2.43
ar.i0_f_loader[8]$_DFF_P_	f_loader[8]	input	4.038	671.436	1.35
ar.i0_f_loader[90]$_DFF_P_	f_loader[90]	input	17.778	699.84	2.43
ar.i0_f_loader[91]$_DFF_P_	f_loader[91]	input	2.634	684.558	2.7
ar.i0_f_loader[92]$_DFF_P_	f_loader[92]	input	4.002	686.178	2.7
ar.i0_f_loader[93]$_DFF_P_	f_loader[93]	input	5.376	687.744	2.7
ar.i0_f_loader[94]$_DFF_P_	f_loader[94]	input	6.804	689.364	2.7
ar.i0_f_loader[95]$_DFF_P_	f_loader[95]	input	8.178	690.93	2.7
ar.i0_f_loader[96]$_DFF_P_	f_loader[96]	input	9.606	692.55	2.7
ar.i0_f_loader[97]$_DFF_P_	f_loader[97]	input	17.73	701.136	2.43
ar.i0_f_loader[98]$_DFF_P_	f_loader[98]	input	11.004	694.332	2.7
ar.i0_f_loader[99]$_DFF_P_	f_loader[99]	input	12.432	695.952	2.7
ar.i0_f_loader[9]$_DFF_P_	f_loader[9]	input	5.466	673.056	1.35
ar.i0_xb[0]$_DFF_P_	xb[0]	input	5.652	686.718	699.03
ar.i0_xb[10]$_DFF_P_	xb[10]	input	3.156	685.8	698.76
ar.i0_xb[11]$_DFF_P_	xb[11]	input	4.512	687.42	698.76
ar.i0_xb[12]$_DFF_P_	xb[12]	input	5.886	688.986	698.76
ar.i0_xb[13]$_DFF_P_	xb[13]	input	7.314	690.606	698.76
ar.i0_xb[14]$_DFF_P_	xb[14]	input	4.206	687.96	699.03
ar.i0_xb[15]$_DFF_P_	xb[15]	input	3.414	686.772	698.49
ar.i0_xb[1]$_DFF_P_	xb[1]	input	4.218	685.476	699.03
ar.i0_xb[2]$_DFF_P_	xb[2]	input	3.132	684.288	698.76
ar.i0_xb[3]$_DFF_P_	xb[3]	input	3.432	684.45	698.49
ar.i0_xb[4]$_DFF_P_	xb[4]	input	7.584	688.878	698.49
ar.i0_xb[5]$_DFF_P_	xb[5]	input	8.958	690.444	698.49
ar.i0_xb[6]$_DFF_P_	xb[6]	input	3.684	685.044	698.22
ar.i0_xb[7]$_DFF_P_	xb[7]	input	5.064	686.664	698.22
ar.i0_xb[8]$_DFF_P_	xb[8]	input	6.438	688.23	698.22
ar.i0_xb[9]$_DFF_P_	xb[9]	input	7.866	689.85	698.22
ar.i1_cSE[146]$_DFF_P_	cSE[146]	core_crossing_capture	8.79	1390.932	41.31
ar.i1_cSE[147]$_DFF_P_	cSE[147]	core_crossing_capture	11.676	1388.124	41.58
ar.i1_cSE[249]$_DFF_P_	cSE[249]	core_crossing_capture	8.724	1390.932	61.02
ar.i1_cSE[250]$_DFF_P_	cSE[250]	core_crossing_capture	8.802	1390.932	61.29
ar.i1_cSE[352]$_DFF_P_	cSE[352]	core_crossing_capture	8.658	1390.932	80.73
ar.i1_cSE[353]$_DFF_P_	cSE[353]	core_crossing_capture	8.736	1390.932	81.0
ar.i1_cSE[42]$_DFF_P_	cSE[42]	core_crossing_capture	8.778	1390.932	21.33
ar.i1_cSE[43]$_DFF_P_	cSE[43]	core_crossing_capture	10.26	1389.528	21.6
ar.i1_cSE[44]$_DFF_P_	cSE[44]	core_crossing_capture	11.472	1388.124	21.6
ar.i1_cSE[455]$_DFF_P_	cSE[455]	core_crossing_capture	10.266	1389.528	100.71
ar.i1_cSE[456]$_DFF_P_	cSE[456]	core_crossing_capture	11.478	1388.124	100.71
ar.i1_cSE[558]$_DFF_P_	cSE[558]	core_crossing_capture	8.796	1390.932	120.42
ar.i1_cSE[559]$_DFF_P_	cSE[559]	core_crossing_capture	11.682	1388.124	120.69
ar.i1_cSE[661]$_DFF_P_	cSE[661]	core_crossing_capture	8.73	1390.932	140.13
ar.i1_cSE[662]$_DFF_P_	cSE[662]	core_crossing_capture	8.808	1390.932	140.4
ar.i1_cSE[764]$_DFF_P_	cSE[764]	core_crossing_capture	8.664	1390.932	159.84
ar.i1_cSE[765]$_DFF_P_	cSE[765]	core_crossing_capture	8.742	1390.932	160.11
ar.i1_cSW[146]$_DFF_P_	cSW[146]	core_crossing_capture	7.464	7.398	41.31
ar.i1_cSW[147]$_DFF_P_	cSW[147]	core_crossing_capture	10.35	10.206	41.58
ar.i1_cSW[249]$_DFF_P_	cSW[249]	core_crossing_capture	7.398	7.398	61.02
ar.i1_cSW[250]$_DFF_P_	cSW[250]	core_crossing_capture	7.476	7.398	61.29
ar.i1_cSW[352]$_DFF_P_	cSW[352]	core_crossing_capture	7.332	7.398	80.73
ar.i1_cSW[353]$_DFF_P_	cSW[353]	core_crossing_capture	7.41	7.398	81.0
ar.i1_cSW[43]$_DFF_P_	cSW[43]	core_crossing_capture	8.934	8.802	21.6
ar.i1_cSW[44]$_DFF_P_	cSW[44]	core_crossing_capture	10.146	10.206	21.6
ar.i1_cSW[455]$_DFF_P_	cSW[455]	core_crossing_capture	8.94	8.802	100.71
ar.i1_cSW[456]$_DFF_P_	cSW[456]	core_crossing_capture	10.152	10.206	100.71
ar.i1_cSW[558]$_DFF_P_	cSW[558]	core_crossing_capture	7.47	7.398	120.42
ar.i1_cSW[559]$_DFF_P_	cSW[559]	core_crossing_capture	10.356	10.206	120.69
ar.i1_cSW[661]$_DFF_P_	cSW[661]	core_crossing_capture	7.404	7.398	140.13
ar.i1_cSW[662]$_DFF_P_	cSW[662]	core_crossing_capture	7.482	7.398	140.4
ar.i1_cSW[764]$_DFF_P_	cSW[764]	core_crossing_capture	7.338	7.398	159.84
ar.i1_cSW[765]$_DFF_P_	cSW[765]	core_crossing_capture	7.416	7.398	160.11
ar.i1_f_loader[0]$_DFF_P_	f_loader[0]	core_crossing_capture	1.524	667.116	1.62
ar.i1_f_loader[100]$_DFF_P_	f_loader[100]	core_crossing_capture	13.806	697.518	2.7
ar.i1_f_loader[101]$_DFF_P_	f_loader[101]	core_crossing_capture	15.234	699.138	2.7
ar.i1_f_loader[102]$_DFF_P_	f_loader[102]	core_crossing_capture	16.608	700.704	2.7
ar.i1_f_loader[103]$_DFF_P_	f_loader[103]	core_crossing_capture	18.036	702.324	2.7
ar.i1_f_loader[104]$_DFF_P_	f_loader[104]	core_crossing_capture	17.736	702.486	2.43
ar.i1_f_loader[105]$_DFF_P_	f_loader[105]	core_crossing_capture	2.892	687.258	2.97
ar.i1_f_loader[106]$_DFF_P_	f_loader[106]	core_crossing_capture	4.23	688.824	2.97
ar.i1_f_loader[107]$_DFF_P_	f_loader[107]	core_crossing_capture	5.658	690.444	2.97
ar.i1_f_loader[108]$_DFF_P_	f_loader[108]	core_crossing_capture	7.086	692.064	2.97
ar.i1_f_loader[109]$_DFF_P_	f_loader[109]	core_crossing_capture	8.46	693.63	2.97
ar.i1_f_loader[10]$_DFF_P_	f_loader[10]	core_crossing_capture	1.554	669.006	1.62
ar.i1_f_loader[110]$_DFF_P_	f_loader[110]	core_crossing_capture	18.042	703.674	2.7
ar.i1_f_loader[11]$_DFF_P_	f_loader[11]	core_crossing_capture	2.922	670.626	1.62
ar.i1_f_loader[12]$_DFF_P_	f_loader[12]	core_crossing_capture	3.756	672.192	1.08
ar.i1_f_loader[13]$_DFF_P_	f_loader[13]	core_crossing_capture	5.724	673.812	1.62
ar.i1_f_loader[14]$_DFF_P_	f_loader[14]	core_crossing_capture	1.836	669.762	1.89
ar.i1_f_loader[15]$_DFF_P_	f_loader[15]	core_crossing_capture	3.18	671.382	1.89
ar.i1_f_loader[16]$_DFF_P_	f_loader[16]	core_crossing_capture	4.554	672.948	1.89
ar.i1_f_loader[17]$_DFF_P_	f_loader[17]	core_crossing_capture	5.982	674.568	1.89
ar.i1_f_loader[18]$_DFF_P_	f_loader[18]	core_crossing_capture	2.928	671.976	1.62
ar.i1_f_loader[19]$_DFF_P_	f_loader[19]	core_crossing_capture	7.38	676.35	1.89
ar.i1_f_loader[1]$_DFF_P_	f_loader[1]	core_crossing_capture	1.824	667.278	1.89
ar.i1_f_loader[20]$_DFF_P_	f_loader[20]	core_crossing_capture	2.07	670.95	2.16
ar.i1_f_loader[21]$_DFF_P_	f_loader[21]	core_crossing_capture	4.836	673.92	2.16
ar.i1_f_loader[22]$_DFF_P_	f_loader[22]	core_crossing_capture	6.264	675.54	2.16
ar.i1_f_loader[23]$_DFF_P_	f_loader[23]	core_crossing_capture	7.638	677.106	2.16
ar.i1_f_loader[24]$_DFF_P_	f_loader[24]	core_crossing_capture	9.066	678.726	2.16
ar.i1_f_loader[25]$_DFF_P_	f_loader[25]	core_crossing_capture	2.382	671.868	2.43
ar.i1_f_loader[26]$_DFF_P_	f_loader[26]	core_crossing_capture	3.714	673.488	2.43
ar.i1_f_loader[27]$_DFF_P_	f_loader[27]	core_crossing_capture	2.064	672.3	2.16
ar.i1_f_loader[28]$_DFF_P_	f_loader[28]	core_crossing_capture	5.112	675.27	2.43
ar.i1_f_loader[29]$_DFF_P_	f_loader[29]	core_crossing_capture	6.54	676.89	2.43
ar.i1_f_loader[2]$_DFF_P_	f_loader[2]	core_crossing_capture	2.07	667.494	2.16
ar.i1_f_loader[30]$_DFF_P_	f_loader[30]	core_crossing_capture	7.914	678.456	2.43
ar.i1_f_loader[31]$_DFF_P_	f_loader[31]	core_crossing_capture	9.342	680.076	2.43
ar.i1_f_loader[32]$_DFF_P_	f_loader[32]	core_crossing_capture	3.966	674.622	2.7
ar.i1_f_loader[33]$_DFF_P_	f_loader[33]	core_crossing_capture	5.394	676.242	2.7
ar.i1_f_loader[34]$_DFF_P_	f_loader[34]	core_crossing_capture	6.768	677.808	2.7
ar.i1_f_loader[35]$_DFF_P_	f_loader[35]	core_crossing_capture	8.196	679.428	2.7
ar.i1_f_loader[36]$_DFF_P_	f_loader[36]	core_crossing_capture	9.624	681.048	2.7
ar.i1_f_loader[37]$_DFF_P_	f_loader[37]	core_crossing_capture	10.998	682.614	2.7
ar.i1_f_loader[38]$_DFF_P_	f_loader[38]	core_crossing_capture	2.88	674.406	2.97
ar.i1_f_loader[39]$_DFF_P_	f_loader[39]	core_crossing_capture	4.242	675.972	2.97
ar.i1_f_loader[3]$_DFF_P_	f_loader[3]	core_crossing_capture	3.432	669.06	2.16
ar.i1_f_loader[40]$_DFF_P_	f_loader[40]	core_crossing_capture	5.67	677.592	2.97
ar.i1_f_loader[41]$_DFF_P_	f_loader[41]	core_crossing_capture	7.044	679.158	2.97
ar.i1_f_loader[42]$_DFF_P_	f_loader[42]	core_crossing_capture	8.472	680.778	2.97
ar.i1_f_loader[43]$_DFF_P_	f_loader[43]	core_crossing_capture	9.846	682.344	2.97
ar.i1_f_loader[44]$_DFF_P_	f_loader[44]	core_crossing_capture	11.274	683.964	2.97
ar.i1_f_loader[45]$_DFF_P_	f_loader[45]	core_crossing_capture	12.702	685.584	2.97
ar.i1_f_loader[46]$_DFF_P_	f_loader[46]	core_crossing_capture	3.174	675.918	3.24
ar.i1_f_loader[47]$_DFF_P_	f_loader[47]	core_crossing_capture	4.542	677.538	3.24
ar.i1_f_loader[48]$_DFF_P_	f_loader[48]	core_crossing_capture	5.916	679.104	3.24
ar.i1_f_loader[49]$_DFF_P_	f_loader[49]	core_crossing_capture	7.344	680.724	3.24
ar.i1_f_loader[4]$_DFF_P_	f_loader[4]	core_crossing_capture	2.346	667.872	2.43
ar.i1_f_loader[50]$_DFF_P_	f_loader[50]	core_crossing_capture	8.718	682.29	3.24
ar.i1_f_loader[51]$_DFF_P_	f_loader[51]	core_crossing_capture	10.146	683.91	3.24
ar.i1_f_loader[52]$_DFF_P_	f_loader[52]	core_crossing_capture	11.52	685.476	3.24
ar.i1_f_loader[53]$_DFF_P_	f_loader[53]	core_crossing_capture	12.948	687.096	3.24
ar.i1_f_loader[54]$_DFF_P_	f_loader[54]	core_crossing_capture	14.376	688.716	3.24
ar.i1_f_loader[55]$_DFF_P_	f_loader[55]	core_crossing_capture	15.75	690.282	3.24
ar.i1_f_loader[56]$_DFF_P_	f_loader[56]	core_crossing_capture	17.178	691.902	3.24
ar.i1_f_loader[57]$_DFF_P_	f_loader[57]	core_crossing_capture	18.552	693.468	3.24
ar.i1_f_loader[58]$_DFF_P_	f_loader[58]	core_crossing_capture	3.426	678.24	3.51
ar.i1_f_loader[59]$_DFF_P_	f_loader[59]	core_crossing_capture	4.776	679.806	3.51
ar.i1_f_loader[5]$_DFF_P_	f_loader[5]	core_crossing_capture	8.502	675.054	1.62
ar.i1_f_loader[60]$_DFF_P_	f_loader[60]	core_crossing_capture	6.204	681.426	3.51
ar.i1_f_loader[61]$_DFF_P_	f_loader[61]	core_crossing_capture	7.578	682.992	3.51
ar.i1_f_loader[62]$_DFF_P_	f_loader[62]	core_crossing_capture	9.006	684.612	3.51
ar.i1_f_loader[63]$_DFF_P_	f_loader[63]	core_crossing_capture	10.434	686.232	3.51
ar.i1_f_loader[64]$_DFF_P_	f_loader[64]	core_crossing_capture	18.558	694.818	3.24
ar.i1_f_loader[65]$_DFF_P_	f_loader[65]	core_crossing_capture	18.312	695.034	2.97
ar.i1_f_loader[66]$_DFF_P_	f_loader[66]	core_crossing_capture	11.802	688.176	3.51
ar.i1_f_loader[67]$_DFF_P_	f_loader[67]	core_crossing_capture	13.23	689.796	3.51
ar.i1_f_loader[68]$_DFF_P_	f_loader[68]	core_crossing_capture	14.604	691.362	3.51
ar.i1_f_loader[69]$_DFF_P_	f_loader[69]	core_crossing_capture	16.032	692.982	3.51
ar.i1_f_loader[6]$_DFF_P_	f_loader[6]	core_crossing_capture	3.72	669.654	2.43
ar.i1_f_loader[70]$_DFF_P_	f_loader[70]	core_crossing_capture	17.406	694.548	3.51
ar.i1_f_loader[71]$_DFF_P_	f_loader[71]	core_crossing_capture	18.564	696.168	3.24
ar.i1_f_loader[72]$_DFF_P_	f_loader[72]	core_crossing_capture	18.318	696.384	2.97
ar.i1_f_loader[73]$_DFF_P_	f_loader[73]	core_crossing_capture	18.828	696.546	3.51
ar.i1_f_loader[74]$_DFF_P_	f_loader[74]	core_crossing_capture	3.69	681.318	3.78
ar.i1_f_loader[75]$_DFF_P_	f_loader[75]	core_crossing_capture	5.052	682.884	3.78
ar.i1_f_loader[76]$_DFF_P_	f_loader[76]	core_crossing_capture	6.48	684.504	3.78
ar.i1_f_loader[77]$_DFF_P_	f_loader[77]	core_crossing_capture	7.854	686.07	3.78
ar.i1_f_loader[78]$_DFF_P_	f_loader[78]	core_crossing_capture	18.57	697.518	3.24
ar.i1_f_loader[79]$_DFF_P_	f_loader[79]	core_crossing_capture	9.252	687.852	3.78
ar.i1_f_loader[7]$_DFF_P_	f_loader[7]	core_crossing_capture	2.652	668.412	2.7
ar.i1_f_loader[80]$_DFF_P_	f_loader[80]	core_crossing_capture	10.68	689.472	3.78
ar.i1_f_loader[81]$_DFF_P_	f_loader[81]	core_crossing_capture	12.108	691.092	3.78
ar.i1_f_loader[82]$_DFF_P_	f_loader[82]	core_crossing_capture	13.482	692.658	3.78
ar.i1_f_loader[83]$_DFF_P_	f_loader[83]	core_crossing_capture	14.91	694.278	3.78
ar.i1_f_loader[84]$_DFF_P_	f_loader[84]	core_crossing_capture	18.282	698.652	2.97
ar.i1_f_loader[85]$_DFF_P_	f_loader[85]	core_crossing_capture	18.576	698.868	3.24
ar.i1_f_loader[86]$_DFF_P_	f_loader[86]	core_crossing_capture	18.816	699.03	3.51
ar.i1_f_loader[87]$_DFF_P_	f_loader[87]	core_crossing_capture	16.302	696.438	3.78
ar.i1_f_loader[88]$_DFF_P_	f_loader[88]	core_crossing_capture	17.676	698.004	3.78
ar.i1_f_loader[89]$_DFF_P_	f_loader[89]	core_crossing_capture	19.104	699.624	3.78
ar.i1_f_loader[8]$_DFF_P_	f_loader[8]	core_crossing_capture	3.984	670.032	2.7
ar.i1_f_loader[90]$_DFF_P_	f_loader[90]	core_crossing_capture	3.954	684.396	4.05
ar.i1_f_loader[91]$_DFF_P_	f_loader[91]	core_crossing_capture	18.288	700.002	2.97
ar.i1_f_loader[92]$_DFF_P_	f_loader[92]	core_crossing_capture	18.582	700.218	3.24
ar.i1_f_loader[93]$_DFF_P_	f_loader[93]	core_crossing_capture	18.822	700.38	3.51
ar.i1_f_loader[94]$_DFF_P_	f_loader[94]	core_crossing_capture	5.346	686.556	4.05
ar.i1_f_loader[95]$_DFF_P_	f_loader[95]	core_crossing_capture	6.72	688.122	4.05
ar.i1_f_loader[96]$_DFF_P_	f_loader[96]	core_crossing_capture	19.11	700.974	3.78
ar.i1_f_loader[97]$_DFF_P_	f_loader[97]	core_crossing_capture	8.118	689.904	4.05
ar.i1_f_loader[98]$_DFF_P_	f_loader[98]	core_crossing_capture	18.294	701.352	2.97
ar.i1_f_loader[99]$_DFF_P_	f_loader[99]	core_crossing_capture	18.588	701.568	3.24
ar.i1_f_loader[9]$_DFF_P_	f_loader[9]	core_crossing_capture	5.412	671.652	2.7
ar.i_xb[0]$_DFF_P_	xb[0]	core_crossing_capture	3.936	683.91	697.95
ar.i_xb[10]$_DFF_P_	xb[10]	core_crossing_capture	9.24	691.416	698.22
ar.i_xb[11]$_DFF_P_	xb[11]	core_crossing_capture	3.942	686.016	697.95
ar.i_xb[12]$_DFF_P_	xb[12]	core_crossing_capture	5.292	687.582	697.95
ar.i_xb[13]$_DFF_P_	xb[13]	core_crossing_capture	6.72	689.202	697.95
ar.i_xb[14]$_DFF_P_	xb[14]	core_crossing_capture	8.094	690.768	697.95
ar.i_xb[15]$_DFF_P_	xb[15]	core_crossing_capture	9.522	692.388	697.95
ar.i_xb[1]$_DFF_P_	xb[1]	core_crossing_capture	13.722	693.9	697.95
ar.i_xb[2]$_DFF_P_	xb[2]	core_crossing_capture	4.212	684.288	697.68
ar.i_xb[3]$_DFF_P_	xb[3]	core_crossing_capture	5.562	685.854	697.68
ar.i_xb[4]$_DFF_P_	xb[4]	core_crossing_capture	6.99	687.474	697.68
ar.i_xb[5]$_DFF_P_	xb[5]	core_crossing_capture	8.364	689.04	697.68
ar.i_xb[6]$_DFF_P_	xb[6]	core_crossing_capture	9.792	690.66	697.68
ar.i_xb[7]$_DFF_P_	xb[7]	core_crossing_capture	11.22	692.28	697.68
ar.i_xb[8]$_DFF_P_	xb[8]	core_crossing_capture	12.594	693.846	697.68
ar.i_xb[9]$_DFF_P_	xb[9]	core_crossing_capture	4.476	685.638	697.41
ar.lk_cSE[146]$_DFF_N_	cSE[146]	input_lockup	10.194	1389.528	41.31
ar.lk_cSE[147]$_DFF_N_	cSE[147]	input_lockup	13.08	1386.72	41.58
ar.lk_cSE[249]$_DFF_N_	cSE[249]	input_lockup	10.128	1389.528	61.02
ar.lk_cSE[250]$_DFF_N_	cSE[250]	input_lockup	10.206	1389.528	61.29
ar.lk_cSE[352]$_DFF_N_	cSE[352]	input_lockup	10.062	1389.528	80.73
ar.lk_cSE[353]$_DFF_N_	cSE[353]	input_lockup	10.14	1389.528	81.0
ar.lk_cSE[42]$_DFF_N_	cSE[42]	input_lockup	10.182	1389.528	21.33
ar.lk_cSE[43]$_DFF_N_	cSE[43]	input_lockup	13.068	1386.72	21.6
ar.lk_cSE[44]$_DFF_N_	cSE[44]	input_lockup	14.28	1385.316	21.6
ar.lk_cSE[455]$_DFF_N_	cSE[455]	input_lockup	13.074	1386.72	100.71
ar.lk_cSE[456]$_DFF_N_	cSE[456]	input_lockup	14.286	1385.316	100.71
ar.lk_cSE[558]$_DFF_N_	cSE[558]	input_lockup	10.2	1389.528	120.42
ar.lk_cSE[559]$_DFF_N_	cSE[559]	input_lockup	13.086	1386.72	120.69
ar.lk_cSE[661]$_DFF_N_	cSE[661]	input_lockup	10.134	1389.528	140.13
ar.lk_cSE[662]$_DFF_N_	cSE[662]	input_lockup	10.212	1389.528	140.4
ar.lk_cSE[764]$_DFF_N_	cSE[764]	input_lockup	10.068	1389.528	159.84
ar.lk_cSE[765]$_DFF_N_	cSE[765]	input_lockup	10.146	1389.528	160.11
ar.lk_cSW[146]$_DFF_N_	cSW[146]	input_lockup	8.868	8.802	41.31
ar.lk_cSW[147]$_DFF_N_	cSW[147]	input_lockup	11.754	11.61	41.58
ar.lk_cSW[249]$_DFF_N_	cSW[249]	input_lockup	8.802	8.802	61.02
ar.lk_cSW[250]$_DFF_N_	cSW[250]	input_lockup	8.88	8.802	61.29
ar.lk_cSW[352]$_DFF_N_	cSW[352]	input_lockup	8.736	8.802	80.73
ar.lk_cSW[353]$_DFF_N_	cSW[353]	input_lockup	8.814	8.802	81.0
ar.lk_cSW[43]$_DFF_N_	cSW[43]	input_lockup	11.742	11.61	21.6
ar.lk_cSW[44]$_DFF_N_	cSW[44]	input_lockup	12.954	13.014	21.6
ar.lk_cSW[455]$_DFF_N_	cSW[455]	input_lockup	11.748	11.61	100.71
ar.lk_cSW[456]$_DFF_N_	cSW[456]	input_lockup	12.96	13.014	100.71
ar.lk_cSW[558]$_DFF_N_	cSW[558]	input_lockup	8.874	8.802	120.42
ar.lk_cSW[559]$_DFF_N_	cSW[559]	input_lockup	11.76	11.61	120.69
ar.lk_cSW[661]$_DFF_N_	cSW[661]	input_lockup	8.808	8.802	140.13
ar.lk_cSW[662]$_DFF_N_	cSW[662]	input_lockup	8.886	8.802	140.4
ar.lk_cSW[764]$_DFF_N_	cSW[764]	input_lockup	8.742	8.802	159.84
ar.lk_cSW[765]$_DFF_N_	cSW[765]	input_lockup	8.82	8.802	160.11
ar.lk_f_loader[0]$_DFF_N_	f_loader[0]	input_lockup	3.198	668.52	1.89
ar.lk_f_loader[100]$_DFF_N_	f_loader[100]	input_lockup	18.828	701.73	3.51
ar.lk_f_loader[101]$_DFF_N_	f_loader[101]	input_lockup	9.564	692.118	4.05
ar.lk_f_loader[102]$_DFF_N_	f_loader[102]	input_lockup	10.938	693.684	4.05
ar.lk_f_loader[103]$_DFF_N_	f_loader[103]	input_lockup	19.116	702.324	3.78
ar.lk_f_loader[104]$_DFF_N_	f_loader[104]	input_lockup	12.336	695.466	4.05
ar.lk_f_loader[105]$_DFF_N_	f_loader[105]	input_lockup	18.3	702.702	2.97
ar.lk_f_loader[106]$_DFF_N_	f_loader[106]	input_lockup	18.54	702.864	3.24
ar.lk_f_loader[107]$_DFF_N_	f_loader[107]	input_lockup	18.834	703.08	3.51
ar.lk_f_loader[108]$_DFF_N_	f_loader[108]	input_lockup	15.186	699.084	4.05
ar.lk_f_loader[109]$_DFF_N_	f_loader[109]	input_lockup	16.56	700.65	4.05
ar.lk_f_loader[10]$_DFF_N_	f_loader[10]	input_lockup	2.904	669.006	2.97
ar.lk_f_loader[110]$_DFF_N_	f_loader[110]	input_lockup	19.122	703.674	3.78
ar.lk_f_loader[11]$_DFF_N_	f_loader[11]	input_lockup	4.272	670.626	2.97
ar.lk_f_loader[12]$_DFF_N_	f_loader[12]	input_lockup	5.646	672.192	2.97
ar.lk_f_loader[13]$_DFF_N_	f_loader[13]	input_lockup	3.156	669.6	3.24
ar.lk_f_loader[147]$_DFF_N_	f_loader[147]	input_lockup	10.722	703.728	2.43
ar.lk_f_loader[148]$_DFF_N_	f_loader[148]	input_lockup	12.15	705.348	2.43
ar.lk_f_loader[149]$_DFF_N_	f_loader[149]	input_lockup	13.524	706.914	2.43
ar.lk_f_loader[14]$_DFF_N_	f_loader[14]	input_lockup	4.506	671.166	3.24
ar.lk_f_loader[150]$_DFF_N_	f_loader[150]	input_lockup	14.952	708.534	2.43
ar.lk_f_loader[151]$_DFF_N_	f_loader[151]	input_lockup	16.326	710.1	2.43
ar.lk_f_loader[152]$_DFF_N_	f_loader[152]	input_lockup	17.754	711.72	2.43
ar.lk_f_loader[153]$_DFF_N_	f_loader[153]	input_lockup	11.028	704.916	2.7
ar.lk_f_loader[154]$_DFF_N_	f_loader[154]	input_lockup	12.402	706.482	2.7
ar.lk_f_loader[155]$_DFF_N_	f_loader[155]	input_lockup	13.83	708.102	2.7
ar.lk_f_loader[156]$_DFF_N_	f_loader[156]	input_lockup	15.204	709.668	2.7
ar.lk_f_loader[157]$_DFF_N_	f_loader[157]	input_lockup	16.632	711.288	2.7
ar.lk_f_loader[158]$_DFF_N_	f_loader[158]	input_lockup	18.006	712.854	2.7
ar.lk_f_loader[159]$_DFF_N_	f_loader[159]	input_lockup	17.76	713.07	2.43
ar.lk_f_loader[15]$_DFF_N_	f_loader[15]	input_lockup	7.338	674.19	3.24
ar.lk_f_loader[160]$_DFF_N_	f_loader[160]	input_lockup	9.846	704.808	2.97
ar.lk_f_loader[161]$_DFF_N_	f_loader[161]	input_lockup	11.274	706.428	2.97
ar.lk_f_loader[162]$_DFF_N_	f_loader[162]	input_lockup	12.702	708.048	2.97
ar.lk_f_loader[163]$_DFF_N_	f_loader[163]	input_lockup	14.076	709.614	2.97
ar.lk_f_loader[164]$_DFF_N_	f_loader[164]	input_lockup	15.504	711.234	2.97
ar.lk_f_loader[165]$_DFF_N_	f_loader[165]	input_lockup	18.012	714.204	2.7
ar.lk_f_loader[166]$_DFF_N_	f_loader[166]	input_lockup	17.766	714.42	2.43
ar.lk_f_loader[167]$_DFF_N_	f_loader[167]	input_lockup	16.872	713.178	2.97
ar.lk_f_loader[168]$_DFF_N_	f_loader[168]	input_lockup	18.3	714.798	2.97
ar.lk_f_loader[169]$_DFF_N_	f_loader[169]	input_lockup	8.712	705.132	3.24
ar.lk_f_loader[16]$_DFF_N_	f_loader[16]	input_lockup	3.462	670.14	3.51
ar.lk_f_loader[170]$_DFF_N_	f_loader[170]	input_lockup	10.14	706.752	3.24
ar.lk_f_loader[171]$_DFF_N_	f_loader[171]	input_lockup	6.762	697.14	4.05
ar.lk_f_loader[172]$_DFF_N_	f_loader[172]	input_lockup	4.254	700.11	4.32
ar.lk_f_loader[173]$_DFF_N_	f_loader[173]	input_lockup	7.038	697.518	4.32
ar.lk_f_loader[174]$_DFF_N_	f_loader[174]	input_lockup	8.472	696.276	4.32
ar.lk_f_loader[175]$_DFF_N_	f_loader[175]	input_lockup	11.256	693.684	4.32
ar.lk_f_loader[176]$_DFF_N_	f_loader[176]	input_lockup	12.69	692.442	4.32
ar.lk_f_loader[177]$_DFF_N_	f_loader[177]	input_lockup	15.474	689.85	4.32
ar.lk_f_loader[178]$_DFF_N_	f_loader[178]	input_lockup	16.908	688.608	4.32
ar.lk_f_loader[179]$_DFF_N_	f_loader[179]	input_lockup	4.248	701.46	4.32
ar.lk_f_loader[17]$_DFF_N_	f_loader[17]	input_lockup	4.794	671.76	3.51
ar.lk_f_loader[180]$_DFF_N_	f_loader[180]	input_lockup	7.032	698.868	4.32
ar.lk_f_loader[181]$_DFF_N_	f_loader[181]	input_lockup	19.698	686.394	4.32
ar.lk_f_loader[182]$_DFF_N_	f_loader[182]	input_lockup	3.96	702.054	4.05
ar.lk_f_loader[183]$_DFF_N_	f_loader[183]	input_lockup	4.53	702.216	4.59
ar.lk_f_loader[184]$_DFF_N_	f_loader[184]	input_lockup	15.468	691.2	4.32
ar.lk_f_loader[185]$_DFF_N_	f_loader[185]	input_lockup	7.344	699.786	4.59
ar.lk_f_loader[186]$_DFF_N_	f_loader[186]	input_lockup	4.242	702.81	4.32
ar.lk_f_loader[187]$_DFF_N_	f_loader[187]	input_lockup	11.562	695.952	4.59
ar.lk_f_loader[188]$_DFF_N_	f_loader[188]	input_lockup	14.346	693.36	4.59
ar.lk_f_loader[189]$_DFF_N_	f_loader[189]	input_lockup	3.954	703.404	4.05
ar.lk_f_loader[18]$_DFF_N_	f_loader[18]	input_lockup	6.222	673.38	3.51
ar.lk_f_loader[190]$_DFF_N_	f_loader[190]	input_lockup	4.524	703.566	4.59
ar.lk_f_loader[191]$_DFF_N_	f_loader[191]	input_lockup	17.136	691.146	4.59
ar.lk_f_loader[192]$_DFF_N_	f_loader[192]	input_lockup	18.57	689.904	4.59
ar.lk_f_loader[193]$_DFF_N_	f_loader[193]	input_lockup	4.236	704.16	4.32
ar.lk_f_loader[194]$_DFF_N_	f_loader[194]	input_lockup	3.456	704.322	3.51
ar.lk_f_loader[195]$_DFF_N_	f_loader[195]	input_lockup	14.34	694.71	4.59
ar.lk_f_loader[196]$_DFF_N_	f_loader[196]	input_lockup	4.002	704.7	4.05
ar.lk_f_loader[197]$_DFF_N_	f_loader[197]	input_lockup	3.708	704.916	3.78
ar.lk_f_loader[198]$_DFF_N_	f_loader[198]	input_lockup	4.494	705.132	4.59
ar.lk_f_loader[199]$_DFF_N_	f_loader[199]	input_lockup	4.794	705.294	4.86
ar.lk_f_loader[19]$_DFF_N_	f_loader[19]	input_lockup	7.596	674.946	3.51
ar.lk_f_loader[1]$_DFF_N_	f_loader[1]	input_lockup	2.904	667.278	2.97
ar.lk_f_loader[200]$_DFF_N_	f_loader[200]	input_lockup	4.23	705.51	4.32
ar.lk_f_loader[201]$_DFF_N_	f_loader[201]	input_lockup	3.45	705.672	3.51
ar.lk_f_loader[202]$_DFF_N_	f_loader[202]	input_lockup	7.584	703.08	4.86
ar.lk_f_loader[203]$_DFF_N_	f_loader[203]	input_lockup	3.996	706.05	4.05
ar.lk_f_loader[204]$_DFF_N_	f_loader[204]	input_lockup	3.702	706.266	3.78
ar.lk_f_loader[205]$_DFF_N_	f_loader[205]	input_lockup	4.542	706.428	4.59
ar.lk_f_loader[206]$_DFF_N_	f_loader[206]	input_lockup	4.788	706.644	4.86
ar.lk_f_loader[207]$_DFF_N_	f_loader[207]	input_lockup	4.224	706.86	4.32
ar.lk_f_loader[208]$_DFF_N_	f_loader[208]	input_lockup	3.444	707.022	3.51
ar.lk_f_loader[209]$_DFF_N_	f_loader[209]	input_lockup	10.386	701.622	4.86
ar.lk_f_loader[20]$_DFF_N_	f_loader[20]	input_lockup	9.024	676.566	3.51
ar.lk_f_loader[210]$_DFF_N_	f_loader[210]	input_lockup	3.99	707.4	4.05
ar.lk_f_loader[211]$_DFF_N_	f_loader[211]	input_lockup	3.696	707.616	3.78
ar.lk_f_loader[212]$_DFF_N_	f_loader[212]	input_lockup	4.536	707.778	4.59
ar.lk_f_loader[213]$_DFF_N_	f_loader[213]	input_lockup	3.162	707.994	3.24
ar.lk_f_loader[214]$_DFF_N_	f_loader[214]	input_lockup	4.272	708.156	4.32
ar.lk_f_loader[215]$_DFF_N_	f_loader[215]	input_lockup	3.438	708.372	3.51
ar.lk_f_loader[216]$_DFF_N_	f_loader[216]	input_lockup	4.764	708.588	4.86
ar.lk_f_loader[217]$_DFF_N_	f_loader[217]	input_lockup	3.984	708.75	4.05
ar.lk_f_loader[218]$_DFF_N_	f_loader[218]	input_lockup	3.69	708.966	3.78
ar.lk_f_loader[219]$_DFF_N_	f_loader[219]	input_lockup	4.53	709.128	4.59
ar.lk_f_loader[21]$_DFF_N_	f_loader[21]	input_lockup	3.72	671.112	3.78
ar.lk_f_loader[220]$_DFF_N_	f_loader[220]	input_lockup	3.156	709.344	3.24
ar.lk_f_loader[221]$_DFF_N_	f_loader[221]	input_lockup	4.266	709.506	4.32
ar.lk_f_loader[222]$_DFF_N_	f_loader[222]	input_lockup	3.432	709.722	3.51
ar.lk_f_loader[223]$_DFF_N_	f_loader[223]	input_lockup	17.178	697.248	4.59
ar.lk_f_loader[224]$_DFF_N_	f_loader[224]	input_lockup	3.978	710.1	4.05
ar.lk_f_loader[225]$_DFF_N_	f_loader[225]	input_lockup	3.684	710.316	3.78
ar.lk_f_loader[226]$_DFF_N_	f_loader[226]	input_lockup	19.698	695.034	4.32
ar.lk_f_loader[227]$_DFF_N_	f_loader[227]	input_lockup	3.15	710.694	3.24
ar.lk_f_loader[228]$_DFF_N_	f_loader[228]	input_lockup	4.26	710.856	4.32
ar.lk_f_loader[229]$_DFF_N_	f_loader[229]	input_lockup	3.426	711.072	3.51
ar.lk_f_loader[22]$_DFF_N_	f_loader[22]	input_lockup	6.48	674.136	3.78
ar.lk_f_loader[230]$_DFF_N_	f_loader[230]	input_lockup	4.536	711.234	4.59
ar.lk_f_loader[231]$_DFF_N_	f_loader[231]	input_lockup	3.972	711.45	4.05
ar.lk_f_loader[232]$_DFF_N_	f_loader[232]	input_lockup	3.732	711.612	3.78
ar.lk_f_loader[233]$_DFF_N_	f_loader[233]	input_lockup	4.788	711.828	4.86
ar.lk_f_loader[234]$_DFF_N_	f_loader[234]	input_lockup	3.144	712.044	3.24
ar.lk_f_loader[235]$_DFF_N_	f_loader[235]	input_lockup	4.254	712.206	4.32
ar.lk_f_loader[236]$_DFF_N_	f_loader[236]	input_lockup	3.42	712.422	3.51
ar.lk_f_loader[237]$_DFF_N_	f_loader[237]	input_lockup	4.53	712.584	4.59
ar.lk_f_loader[238]$_DFF_N_	f_loader[238]	input_lockup	3.966	712.8	4.05
ar.lk_f_loader[239]$_DFF_N_	f_loader[239]	input_lockup	3.726	712.962	3.78
ar.lk_f_loader[23]$_DFF_N_	f_loader[23]	input_lockup	7.854	675.702	3.78
ar.lk_f_loader[240]$_DFF_N_	f_loader[240]	input_lockup	4.782	713.178	4.86
ar.lk_f_loader[241]$_DFF_N_	f_loader[241]	input_lockup	3.192	713.34	3.24
ar.lk_f_loader[242]$_DFF_N_	f_loader[242]	input_lockup	4.248	713.556	4.32
ar.lk_f_loader[243]$_DFF_N_	f_loader[243]	input_lockup	3.414	713.772	3.51
ar.lk_f_loader[244]$_DFF_N_	f_loader[244]	input_lockup	4.524	713.934	4.59
ar.lk_f_loader[245]$_DFF_N_	f_loader[245]	input_lockup	3.96	714.15	4.05
ar.lk_f_loader[246]$_DFF_N_	f_loader[246]	input_lockup	3.72	714.312	3.78
ar.lk_f_loader[247]$_DFF_N_	f_loader[247]	input_lockup	4.776	714.528	4.86
ar.lk_f_loader[248]$_DFF_N_	f_loader[248]	input_lockup	3.186	714.69	3.24
ar.lk_f_loader[249]$_DFF_N_	f_loader[249]	input_lockup	4.242	714.906	4.32
ar.lk_f_loader[24]$_DFF_N_	f_loader[24]	input_lockup	9.282	677.322	3.78
ar.lk_f_loader[250]$_DFF_N_	f_loader[250]	input_lockup	3.462	715.068	3.51
ar.lk_f_loader[251]$_DFF_N_	f_loader[251]	input_lockup	4.518	715.284	4.59
ar.lk_f_loader[252]$_DFF_N_	f_loader[252]	input_lockup	2.604	715.5	2.7
ar.lk_f_loader[253]$_DFF_N_	f_loader[253]	input_lockup	2.364	715.662	2.43
ar.lk_f_loader[254]$_DFF_N_	f_loader[254]	input_lockup	3.69	715.878	3.78
ar.lk_f_loader[255]$_DFF_N_	f_loader[255]	input_lockup	2.91	716.04	2.97
ar.lk_f_loader[256]$_DFF_N_	f_loader[256]	input_lockup	3.156	716.256	3.24
ar.lk_f_loader[257]$_DFF_N_	f_loader[257]	input_lockup	3.456	716.418	3.51
ar.lk_f_loader[258]$_DFF_N_	f_loader[258]	input_lockup	3.972	716.634	4.05
ar.lk_f_loader[259]$_DFF_N_	f_loader[259]	input_lockup	2.652	716.796	2.7
ar.lk_f_loader[25]$_DFF_N_	f_loader[25]	input_lockup	10.656	678.888	3.78
ar.lk_f_loader[260]$_DFF_N_	f_loader[260]	input_lockup	2.358	717.012	2.43
ar.lk_f_loader[261]$_DFF_N_	f_loader[261]	input_lockup	3.684	717.228	3.78
ar.lk_f_loader[262]$_DFF_N_	f_loader[262]	input_lockup	2.904	717.39	2.97
ar.lk_f_loader[263]$_DFF_N_	f_loader[263]	input_lockup	3.15	717.606	3.24
ar.lk_f_loader[264]$_DFF_N_	f_loader[264]	input_lockup	3.45	717.768	3.51
ar.lk_f_loader[265]$_DFF_N_	f_loader[265]	input_lockup	3.966	717.984	4.05
ar.lk_f_loader[266]$_DFF_N_	f_loader[266]	input_lockup	2.646	718.146	2.7
ar.lk_f_loader[267]$_DFF_N_	f_loader[267]	input_lockup	4.242	718.362	4.32
ar.lk_f_loader[268]$_DFF_N_	f_loader[268]	input_lockup	3.732	718.524	3.78
ar.lk_f_loader[269]$_DFF_N_	f_loader[269]	input_lockup	2.898	718.74	2.97
ar.lk_f_loader[26]$_DFF_N_	f_loader[26]	input_lockup	3.978	672.084	4.05
ar.lk_f_loader[270]$_DFF_N_	f_loader[270]	input_lockup	3.144	718.956	3.24
ar.lk_f_loader[271]$_DFF_N_	f_loader[271]	input_lockup	3.444	719.118	3.51
ar.lk_f_loader[272]$_DFF_N_	f_loader[272]	input_lockup	3.96	719.334	4.05
ar.lk_f_loader[273]$_DFF_N_	f_loader[273]	input_lockup	2.64	719.496	2.7
ar.lk_f_loader[274]$_DFF_N_	f_loader[274]	input_lockup	4.236	719.712	4.32
ar.lk_f_loader[275]$_DFF_N_	f_loader[275]	input_lockup	3.726	719.874	3.78
ar.lk_f_loader[276]$_DFF_N_	f_loader[276]	input_lockup	2.892	720.09	2.97
ar.lk_f_loader[277]$_DFF_N_	f_loader[277]	input_lockup	3.192	720.252	3.24
ar.lk_f_loader[278]$_DFF_N_	f_loader[278]	input_lockup	3.438	720.468	3.51
ar.lk_f_loader[279]$_DFF_N_	f_loader[279]	input_lockup	3.954	720.684	4.05
ar.lk_f_loader[27]$_DFF_N_	f_loader[27]	input_lockup	5.358	673.704	4.05
ar.lk_f_loader[280]$_DFF_N_	f_loader[280]	input_lockup	2.634	720.846	2.7
ar.lk_f_loader[281]$_DFF_N_	f_loader[281]	input_lockup	4.23	721.062	4.32
ar.lk_f_loader[282]$_DFF_N_	f_loader[282]	input_lockup	3.72	721.224	3.78
ar.lk_f_loader[283]$_DFF_N_	f_loader[283]	input_lockup	2.886	721.44	2.97
ar.lk_f_loader[284]$_DFF_N_	f_loader[284]	input_lockup	3.186	721.602	3.24
ar.lk_f_loader[285]$_DFF_N_	f_loader[285]	input_lockup	3.432	721.818	3.51
ar.lk_f_loader[286]$_DFF_N_	f_loader[286]	input_lockup	4.002	721.98	4.05
ar.lk_f_loader[287]$_DFF_N_	f_loader[287]	input_lockup	2.628	722.196	2.7
ar.lk_f_loader[288]$_DFF_N_	f_loader[288]	input_lockup	10.974	715.392	4.05
ar.lk_f_loader[289]$_DFF_N_	f_loader[289]	input_lockup	9.87	716.958	4.32
ar.lk_f_loader[28]$_DFF_N_	f_loader[28]	input_lockup	6.732	675.27	4.05
ar.lk_f_loader[290]$_DFF_N_	f_loader[290]	input_lockup	2.88	722.79	2.97
ar.lk_f_loader[291]$_DFF_N_	f_loader[291]	input_lockup	4.53	722.952	4.59
ar.lk_f_loader[292]$_DFF_N_	f_loader[292]	input_lockup	3.426	723.168	3.51
ar.lk_f_loader[293]$_DFF_N_	f_loader[293]	input_lockup	3.996	723.33	4.05
ar.lk_f_loader[29]$_DFF_N_	f_loader[29]	input_lockup	8.16	676.89	4.05
ar.lk_f_loader[2]$_DFF_N_	f_loader[2]	input_lockup	3.15	667.494	3.24
ar.lk_f_loader[30]$_DFF_N_	f_loader[30]	input_lockup	9.534	678.456	4.05
ar.lk_f_loader[31]$_DFF_N_	f_loader[31]	input_lockup	10.962	680.076	4.05
ar.lk_f_loader[32]$_DFF_N_	f_loader[32]	input_lockup	12.336	681.642	4.05
ar.lk_f_loader[33]$_DFF_N_	f_loader[33]	input_lockup	5.61	674.838	4.32
ar.lk_f_loader[34]$_DFF_N_	f_loader[34]	input_lockup	6.984	676.404	4.32
ar.lk_f_loader[35]$_DFF_N_	f_loader[35]	input_lockup	8.412	678.024	4.32
ar.lk_f_loader[36]$_DFF_N_	f_loader[36]	input_lockup	9.84	679.644	4.32
ar.lk_f_loader[37]$_DFF_N_	f_loader[37]	input_lockup	11.214	681.21	4.32
ar.lk_f_loader[38]$_DFF_N_	f_loader[38]	input_lockup	12.642	682.83	4.32
ar.lk_f_loader[39]$_DFF_N_	f_loader[39]	input_lockup	12.342	682.992	4.05
ar.lk_f_loader[3]$_DFF_N_	f_loader[3]	input_lockup	3.45	667.656	3.51
ar.lk_f_loader[40]$_DFF_N_	f_loader[40]	input_lockup	14.04	684.612	4.32
ar.lk_f_loader[41]$_DFF_N_	f_loader[41]	input_lockup	4.536	674.946	4.59
ar.lk_f_loader[42]$_DFF_N_	f_loader[42]	input_lockup	5.88	676.566	4.59
ar.lk_f_loader[43]$_DFF_N_	f_loader[43]	input_lockup	7.254	678.132	4.59
ar.lk_f_loader[44]$_DFF_N_	f_loader[44]	input_lockup	8.682	679.752	4.59
ar.lk_f_loader[45]$_DFF_N_	f_loader[45]	input_lockup	10.11	681.372	4.59
ar.lk_f_loader[46]$_DFF_N_	f_loader[46]	input_lockup	11.484	682.938	4.59
ar.lk_f_loader[47]$_DFF_N_	f_loader[47]	input_lockup	12.912	684.558	4.59
ar.lk_f_loader[48]$_DFF_N_	f_loader[48]	input_lockup	14.286	686.124	4.59
ar.lk_f_loader[49]$_DFF_N_	f_loader[49]	input_lockup	15.714	687.744	4.59
ar.lk_f_loader[4]$_DFF_N_	f_loader[4]	input_lockup	3.696	667.872	3.78
ar.lk_f_loader[50]$_DFF_N_	f_loader[50]	input_lockup	4.806	676.674	4.86
ar.lk_f_loader[51]$_DFF_N_	f_loader[51]	input_lockup	6.15	678.294	4.86
ar.lk_f_loader[52]$_DFF_N_	f_loader[52]	input_lockup	7.524	679.86	4.86
ar.lk_f_loader[53]$_DFF_N_	f_loader[53]	input_lockup	8.952	681.48	4.86
ar.lk_f_loader[54]$_DFF_N_	f_loader[54]	input_lockup	10.38	683.1	4.86
ar.lk_f_loader[55]$_DFF_N_	f_loader[55]	input_lockup	11.754	684.666	4.86
ar.lk_f_loader[56]$_DFF_N_	f_loader[56]	input_lockup	13.182	686.286	4.86
ar.lk_f_loader[57]$_DFF_N_	f_loader[57]	input_lockup	14.556	687.852	4.86
ar.lk_f_loader[58]$_DFF_N_	f_loader[58]	input_lockup	15.984	689.472	4.86
ar.lk_f_loader[59]$_DFF_N_	f_loader[59]	input_lockup	17.358	691.038	4.86
ar.lk_f_loader[5]$_DFF_N_	f_loader[5]	input_lockup	5.046	669.438	3.78
ar.lk_f_loader[60]$_DFF_N_	f_loader[60]	input_lockup	18.786	692.658	4.86
ar.lk_f_loader[61]$_DFF_N_	f_loader[61]	input_lockup	20.16	694.224	4.86
ar.lk_f_loader[62]$_DFF_N_	f_loader[62]	input_lockup	5.058	678.996	5.13
ar.lk_f_loader[63]$_DFF_N_	f_loader[63]	input_lockup	6.438	680.616	5.13
ar.lk_f_loader[64]$_DFF_N_	f_loader[64]	input_lockup	7.812	682.182	5.13
ar.lk_f_loader[65]$_DFF_N_	f_loader[65]	input_lockup	9.24	683.802	5.13
ar.lk_f_loader[66]$_DFF_N_	f_loader[66]	input_lockup	10.614	685.368	5.13
ar.lk_f_loader[67]$_DFF_N_	f_loader[67]	input_lockup	12.042	686.988	5.13
ar.lk_f_loader[68]$_DFF_N_	f_loader[68]	input_lockup	20.166	695.574	4.86
ar.lk_f_loader[69]$_DFF_N_	f_loader[69]	input_lockup	13.44	688.77	5.13
ar.lk_f_loader[6]$_DFF_N_	f_loader[6]	input_lockup	3.972	668.25	4.05
ar.lk_f_loader[70]$_DFF_N_	f_loader[70]	input_lockup	14.814	690.336	5.13
ar.lk_f_loader[71]$_DFF_N_	f_loader[71]	input_lockup	16.242	691.956	5.13
ar.lk_f_loader[72]$_DFF_N_	f_loader[72]	input_lockup	17.67	693.576	5.13
ar.lk_f_loader[73]$_DFF_N_	f_loader[73]	input_lockup	19.044	695.142	5.13
ar.lk_f_loader[74]$_DFF_N_	f_loader[74]	input_lockup	20.472	696.762	5.13
ar.lk_f_loader[75]$_DFF_N_	f_loader[75]	input_lockup	20.172	696.924	4.86
ar.lk_f_loader[76]$_DFF_N_	f_loader[76]	input_lockup	5.316	681.696	5.4
ar.lk_f_loader[77]$_DFF_N_	f_loader[77]	input_lockup	6.666	683.262	5.4
ar.lk_f_loader[78]$_DFF_N_	f_loader[78]	input_lockup	8.094	684.882	5.4
ar.lk_f_loader[79]$_DFF_N_	f_loader[79]	input_lockup	9.468	686.448	5.4
ar.lk_f_loader[7]$_DFF_N_	f_loader[7]	input_lockup	5.31	669.816	4.05
ar.lk_f_loader[80]$_DFF_N_	f_loader[80]	input_lockup	10.896	688.068	5.4
ar.lk_f_loader[81]$_DFF_N_	f_loader[81]	input_lockup	12.324	689.688	5.4
ar.lk_f_loader[82]$_DFF_N_	f_loader[82]	input_lockup	20.178	698.274	4.86
ar.lk_f_loader[83]$_DFF_N_	f_loader[83]	input_lockup	13.722	691.47	5.4
ar.lk_f_loader[84]$_DFF_N_	f_loader[84]	input_lockup	20.442	698.652	5.13
ar.lk_f_loader[85]$_DFF_N_	f_loader[85]	input_lockup	15.12	693.252	5.4
ar.lk_f_loader[86]$_DFF_N_	f_loader[86]	input_lockup	16.494	694.818	5.4
ar.lk_f_loader[87]$_DFF_N_	f_loader[87]	input_lockup	17.922	696.438	5.4
ar.lk_f_loader[88]$_DFF_N_	f_loader[88]	input_lockup	19.296	698.004	5.4
ar.lk_f_loader[89]$_DFF_N_	f_loader[89]	input_lockup	20.184	699.624	4.86
ar.lk_f_loader[8]$_DFF_N_	f_loader[8]	input_lockup	4.248	668.628	4.32
ar.lk_f_loader[90]$_DFF_N_	f_loader[90]	input_lockup	20.748	699.84	5.4
ar.lk_f_loader[91]$_DFF_N_	f_loader[91]	input_lockup	20.448	700.002	5.13
ar.lk_f_loader[92]$_DFF_N_	f_loader[92]	input_lockup	5.58	684.774	5.67
ar.lk_f_loader[93]$_DFF_N_	f_loader[93]	input_lockup	6.942	686.34	5.67
ar.lk_f_loader[94]$_DFF_N_	f_loader[94]	input_lockup	8.37	687.96	5.67
ar.lk_f_loader[95]$_DFF_N_	f_loader[95]	input_lockup	9.744	689.526	5.67
ar.lk_f_loader[96]$_DFF_N_	f_loader[96]	input_lockup	11.172	691.146	5.67
ar.lk_f_loader[97]$_DFF_N_	f_loader[97]	input_lockup	20.7	701.136	5.4
ar.lk_f_loader[98]$_DFF_N_	f_loader[98]	input_lockup	20.454	701.352	5.13
ar.lk_f_loader[99]$_DFF_N_	f_loader[99]	input_lockup	12.594	693.144	5.67
ar.lk_f_loader[9]$_DFF_N_	f_loader[9]	input_lockup	5.628	670.248	4.32
ar.lk_xb[0]$_DFF_N_	xb[0]	input_lockup	4.476	683.91	697.41
ar.lk_xb[10]$_DFF_N_	xb[10]	input_lockup	5.838	687.204	697.41
ar.lk_xb[11]$_DFF_N_	xb[11]	input_lockup	7.266	688.824	697.41
ar.lk_xb[12]$_DFF_N_	xb[12]	input_lockup	8.64	690.39	697.41
ar.lk_xb[13]$_DFF_N_	xb[13]	input_lockup	10.068	692.01	697.41
ar.lk_xb[14]$_DFF_N_	xb[14]	input_lockup	11.442	693.576	697.41
ar.lk_xb[15]$_DFF_N_	xb[15]	input_lockup	12.87	695.196	697.41
ar.lk_xb[1]$_DFF_N_	xb[1]	input_lockup	4.776	684.072	697.14
ar.lk_xb[2]$_DFF_N_	xb[2]	input_lockup	6.132	685.692	697.14
ar.lk_xb[3]$_DFF_N_	xb[3]	input_lockup	7.506	687.258	697.14
ar.lk_xb[4]$_DFF_N_	xb[4]	input_lockup	8.934	688.878	697.14
ar.lk_xb[5]$_DFF_N_	xb[5]	input_lockup	10.308	690.444	697.14
ar.lk_xb[6]$_DFF_N_	xb[6]	input_lockup	11.736	692.064	697.14
ar.lk_xb[7]$_DFF_N_	xb[7]	input_lockup	13.164	693.684	697.14
ar.lk_xb[8]$_DFF_N_	xb[8]	input_lockup	14.538	695.25	697.14
ar.lk_xb[9]$_DFF_N_	xb[9]	input_lockup	18.774	699.678	697.14
ar.u_o_cSE_1/lk$_DFF_N_	cSE[1]	output_lockup	7.416	1392.336	13.5
ar.u_o_cSE_1/q$_DFF_P_	cSE[1]	output	8.82	1390.932	13.5
ar.u_o_cSE_10/lk$_DFF_N_	cSE[10]	output_lockup	7.308	1392.336	15.12
ar.u_o_cSE_10/q$_DFF_P_	cSE[10]	output	8.712	1390.932	15.12
ar.u_o_cSE_104/lk$_DFF_N_	cSE[104]	output_lockup	7.35	1392.336	33.21
ar.u_o_cSE_104/q$_DFF_P_	cSE[104]	output	8.754	1390.932	33.21
ar.u_o_cSE_105/lk$_DFF_N_	cSE[105]	output_lockup	7.428	1392.336	33.48
ar.u_o_cSE_105/q$_DFF_P_	cSE[105]	output	8.832	1390.932	33.48
ar.u_o_cSE_106/lk$_DFF_N_	cSE[106]	output_lockup	10.044	1389.528	33.48
ar.u_o_cSE_106/q$_DFF_P_	cSE[106]	output	11.448	1388.124	33.48
ar.u_o_cSE_107/lk$_DFF_N_	cSE[107]	output_lockup	7.314	1392.336	33.75
ar.u_o_cSE_107/q$_DFF_P_	cSE[107]	output	8.718	1390.932	33.75
ar.u_o_cSE_108/lk$_DFF_N_	cSE[108]	output_lockup	7.392	1392.336	34.02
ar.u_o_cSE_108/q$_DFF_P_	cSE[108]	output	8.796	1390.932	34.02
ar.u_o_cSE_109/lk$_DFF_N_	cSE[109]	output_lockup	7.47	1392.336	34.29
ar.u_o_cSE_109/q$_DFF_P_	cSE[109]	output	8.874	1390.932	34.29
ar.u_o_cSE_11/lk$_DFF_N_	cSE[11]	output_lockup	7.386	1392.336	15.39
ar.u_o_cSE_11/q$_DFF_P_	cSE[11]	output	8.79	1390.932	15.39
ar.u_o_cSE_110/lk$_DFF_N_	cSE[110]	output_lockup	10.086	1389.528	34.29
ar.u_o_cSE_110/q$_DFF_P_	cSE[110]	output	11.49	1388.124	34.29
ar.u_o_cSE_111/lk$_DFF_N_	cSE[111]	output_lockup	7.356	1392.336	34.56
ar.u_o_cSE_111/q$_DFF_P_	cSE[111]	output	8.76	1390.932	34.56
ar.u_o_cSE_112/lk$_DFF_N_	cSE[112]	output_lockup	7.434	1392.336	34.83
ar.u_o_cSE_112/q$_DFF_P_	cSE[112]	output	8.838	1390.932	34.83
ar.u_o_cSE_113/lk$_DFF_N_	cSE[113]	output_lockup	10.05	1389.528	34.83
ar.u_o_cSE_113/q$_DFF_P_	cSE[113]	output	11.454	1388.124	34.83
ar.u_o_cSE_114/lk$_DFF_N_	cSE[114]	output_lockup	7.32	1392.336	35.1
ar.u_o_cSE_114/q$_DFF_P_	cSE[114]	output	8.724	1390.932	35.1
ar.u_o_cSE_115/lk$_DFF_N_	cSE[115]	output_lockup	7.398	1392.336	35.37
ar.u_o_cSE_115/q$_DFF_P_	cSE[115]	output	8.802	1390.932	35.37
ar.u_o_cSE_116/lk$_DFF_N_	cSE[116]	output_lockup	7.476	1392.336	35.64
ar.u_o_cSE_116/q$_DFF_P_	cSE[116]	output	8.88	1390.932	35.64
ar.u_o_cSE_117/lk$_DFF_N_	cSE[117]	output_lockup	10.092	1389.528	35.64
ar.u_o_cSE_117/q$_DFF_P_	cSE[117]	output	11.496	1388.124	35.64
ar.u_o_cSE_118/lk$_DFF_N_	cSE[118]	output_lockup	7.362	1392.336	35.91
ar.u_o_cSE_118/q$_DFF_P_	cSE[118]	output	8.766	1390.932	35.91
ar.u_o_cSE_119/lk$_DFF_N_	cSE[119]	output_lockup	7.44	1392.336	36.18
ar.u_o_cSE_119/q$_DFF_P_	cSE[119]	output	8.844	1390.932	36.18
ar.u_o_cSE_12/lk$_DFF_N_	cSE[12]	output_lockup	7.464	1392.336	15.66
ar.u_o_cSE_12/q$_DFF_P_	cSE[12]	output	8.868	1390.932	15.66
ar.u_o_cSE_120/lk$_DFF_N_	cSE[120]	output_lockup	10.056	1389.528	36.18
ar.u_o_cSE_120/q$_DFF_P_	cSE[120]	output	11.46	1388.124	36.18
ar.u_o_cSE_121/lk$_DFF_N_	cSE[121]	output_lockup	7.326	1392.336	36.45
ar.u_o_cSE_121/q$_DFF_P_	cSE[121]	output	8.73	1390.932	36.45
ar.u_o_cSE_122/lk$_DFF_N_	cSE[122]	output_lockup	7.404	1392.336	36.72
ar.u_o_cSE_122/q$_DFF_P_	cSE[122]	output	8.808	1390.932	36.72
ar.u_o_cSE_123/lk$_DFF_N_	cSE[123]	output_lockup	7.482	1392.336	36.99
ar.u_o_cSE_123/q$_DFF_P_	cSE[123]	output	8.886	1390.932	36.99
ar.u_o_cSE_124/lk$_DFF_N_	cSE[124]	output_lockup	10.098	1389.528	36.99
ar.u_o_cSE_124/q$_DFF_P_	cSE[124]	output	11.502	1388.124	36.99
ar.u_o_cSE_125/lk$_DFF_N_	cSE[125]	output_lockup	7.368	1392.336	37.26
ar.u_o_cSE_125/q$_DFF_P_	cSE[125]	output	8.772	1390.932	37.26
ar.u_o_cSE_126/lk$_DFF_N_	cSE[126]	output_lockup	7.446	1392.336	37.53
ar.u_o_cSE_126/q$_DFF_P_	cSE[126]	output	8.85	1390.932	37.53
ar.u_o_cSE_127/lk$_DFF_N_	cSE[127]	output_lockup	10.062	1389.528	37.53
ar.u_o_cSE_127/q$_DFF_P_	cSE[127]	output	11.466	1388.124	37.53
ar.u_o_cSE_128/lk$_DFF_N_	cSE[128]	output_lockup	7.332	1392.336	37.8
ar.u_o_cSE_128/q$_DFF_P_	cSE[128]	output	8.736	1390.932	37.8
ar.u_o_cSE_129/lk$_DFF_N_	cSE[129]	output_lockup	7.41	1392.336	38.07
ar.u_o_cSE_129/q$_DFF_P_	cSE[129]	output	8.814	1390.932	38.07
ar.u_o_cSE_13/lk$_DFF_N_	cSE[13]	output_lockup	10.08	1389.528	15.66
ar.u_o_cSE_13/q$_DFF_P_	cSE[13]	output	11.484	1388.124	15.66
ar.u_o_cSE_130/lk$_DFF_N_	cSE[130]	output_lockup	7.488	1392.336	38.34
ar.u_o_cSE_130/q$_DFF_P_	cSE[130]	output	8.892	1390.932	38.34
ar.u_o_cSE_131/lk$_DFF_N_	cSE[131]	output_lockup	10.104	1389.528	38.34
ar.u_o_cSE_131/q$_DFF_P_	cSE[131]	output	11.508	1388.124	38.34
ar.u_o_cSE_132/lk$_DFF_N_	cSE[132]	output_lockup	7.374	1392.336	38.61
ar.u_o_cSE_132/q$_DFF_P_	cSE[132]	output	8.778	1390.932	38.61
ar.u_o_cSE_133/lk$_DFF_N_	cSE[133]	output_lockup	7.452	1392.336	38.88
ar.u_o_cSE_133/q$_DFF_P_	cSE[133]	output	8.856	1390.932	38.88
ar.u_o_cSE_134/lk$_DFF_N_	cSE[134]	output_lockup	10.068	1389.528	38.88
ar.u_o_cSE_134/q$_DFF_P_	cSE[134]	output	11.472	1388.124	38.88
ar.u_o_cSE_135/lk$_DFF_N_	cSE[135]	output_lockup	7.338	1392.336	39.15
ar.u_o_cSE_135/q$_DFF_P_	cSE[135]	output	8.742	1390.932	39.15
ar.u_o_cSE_14/lk$_DFF_N_	cSE[14]	output_lockup	7.35	1392.336	15.93
ar.u_o_cSE_14/q$_DFF_P_	cSE[14]	output	8.754	1390.932	15.93
ar.u_o_cSE_149/lk$_DFF_N_	cSE[149]	output_lockup	7.35	1392.336	41.85
ar.u_o_cSE_149/q$_DFF_P_	cSE[149]	output	8.754	1390.932	41.85
ar.u_o_cSE_15/lk$_DFF_N_	cSE[15]	output_lockup	7.428	1392.336	16.2
ar.u_o_cSE_15/q$_DFF_P_	cSE[15]	output	8.832	1390.932	16.2
ar.u_o_cSE_150/lk$_DFF_N_	cSE[150]	output_lockup	7.428	1392.336	42.12
ar.u_o_cSE_150/q$_DFF_P_	cSE[150]	output	8.832	1390.932	42.12
ar.u_o_cSE_151/lk$_DFF_N_	cSE[151]	output_lockup	10.044	1389.528	42.12
ar.u_o_cSE_151/q$_DFF_P_	cSE[151]	output	11.448	1388.124	42.12
ar.u_o_cSE_152/lk$_DFF_N_	cSE[152]	output_lockup	7.314	1392.336	42.39
ar.u_o_cSE_152/q$_DFF_P_	cSE[152]	output	8.718	1390.932	42.39
ar.u_o_cSE_153/lk$_DFF_N_	cSE[153]	output_lockup	7.392	1392.336	42.66
ar.u_o_cSE_153/q$_DFF_P_	cSE[153]	output	8.796	1390.932	42.66
ar.u_o_cSE_154/lk$_DFF_N_	cSE[154]	output_lockup	7.47	1392.336	42.93
ar.u_o_cSE_154/q$_DFF_P_	cSE[154]	output	8.874	1390.932	42.93
ar.u_o_cSE_155/lk$_DFF_N_	cSE[155]	output_lockup	10.086	1389.528	42.93
ar.u_o_cSE_155/q$_DFF_P_	cSE[155]	output	11.49	1388.124	42.93
ar.u_o_cSE_156/lk$_DFF_N_	cSE[156]	output_lockup	7.356	1392.336	43.2
ar.u_o_cSE_156/q$_DFF_P_	cSE[156]	output	8.76	1390.932	43.2
ar.u_o_cSE_157/lk$_DFF_N_	cSE[157]	output_lockup	7.434	1392.336	43.47
ar.u_o_cSE_157/q$_DFF_P_	cSE[157]	output	8.838	1390.932	43.47
ar.u_o_cSE_158/lk$_DFF_N_	cSE[158]	output_lockup	10.05	1389.528	43.47
ar.u_o_cSE_158/q$_DFF_P_	cSE[158]	output	11.454	1388.124	43.47
ar.u_o_cSE_159/lk$_DFF_N_	cSE[159]	output_lockup	7.32	1392.336	43.74
ar.u_o_cSE_159/q$_DFF_P_	cSE[159]	output	8.724	1390.932	43.74
ar.u_o_cSE_16/lk$_DFF_N_	cSE[16]	output_lockup	10.044	1389.528	16.2
ar.u_o_cSE_16/q$_DFF_P_	cSE[16]	output	11.448	1388.124	16.2
ar.u_o_cSE_160/lk$_DFF_N_	cSE[160]	output_lockup	7.398	1392.336	44.01
ar.u_o_cSE_160/q$_DFF_P_	cSE[160]	output	8.802	1390.932	44.01
ar.u_o_cSE_161/lk$_DFF_N_	cSE[161]	output_lockup	7.476	1392.336	44.28
ar.u_o_cSE_161/q$_DFF_P_	cSE[161]	output	8.88	1390.932	44.28
ar.u_o_cSE_162/lk$_DFF_N_	cSE[162]	output_lockup	10.092	1389.528	44.28
ar.u_o_cSE_162/q$_DFF_P_	cSE[162]	output	11.496	1388.124	44.28
ar.u_o_cSE_163/lk$_DFF_N_	cSE[163]	output_lockup	7.362	1392.336	44.55
ar.u_o_cSE_163/q$_DFF_P_	cSE[163]	output	8.766	1390.932	44.55
ar.u_o_cSE_164/lk$_DFF_N_	cSE[164]	output_lockup	7.44	1392.336	44.82
ar.u_o_cSE_164/q$_DFF_P_	cSE[164]	output	8.844	1390.932	44.82
ar.u_o_cSE_165/lk$_DFF_N_	cSE[165]	output_lockup	10.056	1389.528	44.82
ar.u_o_cSE_165/q$_DFF_P_	cSE[165]	output	11.46	1388.124	44.82
ar.u_o_cSE_166/lk$_DFF_N_	cSE[166]	output_lockup	7.326	1392.336	45.09
ar.u_o_cSE_166/q$_DFF_P_	cSE[166]	output	8.73	1390.932	45.09
ar.u_o_cSE_167/lk$_DFF_N_	cSE[167]	output_lockup	7.404	1392.336	45.36
ar.u_o_cSE_167/q$_DFF_P_	cSE[167]	output	8.808	1390.932	45.36
ar.u_o_cSE_168/lk$_DFF_N_	cSE[168]	output_lockup	7.482	1392.336	45.63
ar.u_o_cSE_168/q$_DFF_P_	cSE[168]	output	8.886	1390.932	45.63
ar.u_o_cSE_169/lk$_DFF_N_	cSE[169]	output_lockup	10.098	1389.528	45.63
ar.u_o_cSE_169/q$_DFF_P_	cSE[169]	output	11.502	1388.124	45.63
ar.u_o_cSE_17/lk$_DFF_N_	cSE[17]	output_lockup	7.314	1392.336	16.47
ar.u_o_cSE_17/q$_DFF_P_	cSE[17]	output	8.718	1390.932	16.47
ar.u_o_cSE_170/lk$_DFF_N_	cSE[170]	output_lockup	7.368	1392.336	45.9
ar.u_o_cSE_170/q$_DFF_P_	cSE[170]	output	8.772	1390.932	45.9
ar.u_o_cSE_171/lk$_DFF_N_	cSE[171]	output_lockup	7.446	1392.336	46.17
ar.u_o_cSE_171/q$_DFF_P_	cSE[171]	output	8.85	1390.932	46.17
ar.u_o_cSE_172/lk$_DFF_N_	cSE[172]	output_lockup	10.062	1389.528	46.17
ar.u_o_cSE_172/q$_DFF_P_	cSE[172]	output	11.466	1388.124	46.17
ar.u_o_cSE_173/lk$_DFF_N_	cSE[173]	output_lockup	7.332	1392.336	46.44
ar.u_o_cSE_173/q$_DFF_P_	cSE[173]	output	8.736	1390.932	46.44
ar.u_o_cSE_174/lk$_DFF_N_	cSE[174]	output_lockup	7.41	1392.336	46.71
ar.u_o_cSE_174/q$_DFF_P_	cSE[174]	output	8.814	1390.932	46.71
ar.u_o_cSE_175/lk$_DFF_N_	cSE[175]	output_lockup	7.488	1392.336	46.98
ar.u_o_cSE_175/q$_DFF_P_	cSE[175]	output	8.892	1390.932	46.98
ar.u_o_cSE_176/lk$_DFF_N_	cSE[176]	output_lockup	10.104	1389.528	46.98
ar.u_o_cSE_176/q$_DFF_P_	cSE[176]	output	11.508	1388.124	46.98
ar.u_o_cSE_177/lk$_DFF_N_	cSE[177]	output_lockup	7.374	1392.336	47.25
ar.u_o_cSE_177/q$_DFF_P_	cSE[177]	output	8.778	1390.932	47.25
ar.u_o_cSE_178/lk$_DFF_N_	cSE[178]	output_lockup	7.452	1392.336	47.52
ar.u_o_cSE_178/q$_DFF_P_	cSE[178]	output	8.856	1390.932	47.52
ar.u_o_cSE_179/lk$_DFF_N_	cSE[179]	output_lockup	10.068	1389.528	47.52
ar.u_o_cSE_179/q$_DFF_P_	cSE[179]	output	11.472	1388.124	47.52
ar.u_o_cSE_18/lk$_DFF_N_	cSE[18]	output_lockup	7.392	1392.336	16.74
ar.u_o_cSE_18/q$_DFF_P_	cSE[18]	output	8.796	1390.932	16.74
ar.u_o_cSE_180/lk$_DFF_N_	cSE[180]	output_lockup	7.338	1392.336	47.79
ar.u_o_cSE_180/q$_DFF_P_	cSE[180]	output	8.742	1390.932	47.79
ar.u_o_cSE_181/lk$_DFF_N_	cSE[181]	output_lockup	7.416	1392.336	48.06
ar.u_o_cSE_181/q$_DFF_P_	cSE[181]	output	8.82	1390.932	48.06
ar.u_o_cSE_182/lk$_DFF_N_	cSE[182]	output_lockup	10.032	1389.528	48.06
ar.u_o_cSE_182/q$_DFF_P_	cSE[182]	output	11.436	1388.124	48.06
ar.u_o_cSE_183/lk$_DFF_N_	cSE[183]	output_lockup	7.302	1392.336	48.33
ar.u_o_cSE_183/q$_DFF_P_	cSE[183]	output	8.706	1390.932	48.33
ar.u_o_cSE_184/lk$_DFF_N_	cSE[184]	output_lockup	7.38	1392.336	48.6
ar.u_o_cSE_184/q$_DFF_P_	cSE[184]	output	8.784	1390.932	48.6
ar.u_o_cSE_185/lk$_DFF_N_	cSE[185]	output_lockup	7.458	1392.336	48.87
ar.u_o_cSE_185/q$_DFF_P_	cSE[185]	output	8.862	1390.932	48.87
ar.u_o_cSE_186/lk$_DFF_N_	cSE[186]	output_lockup	10.074	1389.528	48.87
ar.u_o_cSE_186/q$_DFF_P_	cSE[186]	output	11.478	1388.124	48.87
ar.u_o_cSE_187/lk$_DFF_N_	cSE[187]	output_lockup	7.344	1392.336	49.14
ar.u_o_cSE_187/q$_DFF_P_	cSE[187]	output	8.748	1390.932	49.14
ar.u_o_cSE_188/lk$_DFF_N_	cSE[188]	output_lockup	7.422	1392.336	49.41
ar.u_o_cSE_188/q$_DFF_P_	cSE[188]	output	8.826	1390.932	49.41
ar.u_o_cSE_189/lk$_DFF_N_	cSE[189]	output_lockup	10.038	1389.528	49.41
ar.u_o_cSE_189/q$_DFF_P_	cSE[189]	output	11.442	1388.124	49.41
ar.u_o_cSE_19/lk$_DFF_N_	cSE[19]	output_lockup	7.47	1392.336	17.01
ar.u_o_cSE_19/q$_DFF_P_	cSE[19]	output	8.874	1390.932	17.01
ar.u_o_cSE_190/lk$_DFF_N_	cSE[190]	output_lockup	7.308	1392.336	49.68
ar.u_o_cSE_190/q$_DFF_P_	cSE[190]	output	8.712	1390.932	49.68
ar.u_o_cSE_191/lk$_DFF_N_	cSE[191]	output_lockup	7.386	1392.336	49.95
ar.u_o_cSE_191/q$_DFF_P_	cSE[191]	output	8.79	1390.932	49.95
ar.u_o_cSE_192/lk$_DFF_N_	cSE[192]	output_lockup	7.464	1392.336	50.22
ar.u_o_cSE_192/q$_DFF_P_	cSE[192]	output	8.868	1390.932	50.22
ar.u_o_cSE_193/lk$_DFF_N_	cSE[193]	output_lockup	10.08	1389.528	50.22
ar.u_o_cSE_193/q$_DFF_P_	cSE[193]	output	11.484	1388.124	50.22
ar.u_o_cSE_194/lk$_DFF_N_	cSE[194]	output_lockup	7.35	1392.336	50.49
ar.u_o_cSE_194/q$_DFF_P_	cSE[194]	output	8.754	1390.932	50.49
ar.u_o_cSE_195/lk$_DFF_N_	cSE[195]	output_lockup	7.428	1392.336	50.76
ar.u_o_cSE_195/q$_DFF_P_	cSE[195]	output	8.832	1390.932	50.76
ar.u_o_cSE_196/lk$_DFF_N_	cSE[196]	output_lockup	10.044	1389.528	50.76
ar.u_o_cSE_196/q$_DFF_P_	cSE[196]	output	11.448	1388.124	50.76
ar.u_o_cSE_197/lk$_DFF_N_	cSE[197]	output_lockup	7.314	1392.336	51.03
ar.u_o_cSE_197/q$_DFF_P_	cSE[197]	output	8.718	1390.932	51.03
ar.u_o_cSE_198/lk$_DFF_N_	cSE[198]	output_lockup	7.392	1392.336	51.3
ar.u_o_cSE_198/q$_DFF_P_	cSE[198]	output	8.796	1390.932	51.3
ar.u_o_cSE_199/lk$_DFF_N_	cSE[199]	output_lockup	7.47	1392.336	51.57
ar.u_o_cSE_199/q$_DFF_P_	cSE[199]	output	8.874	1390.932	51.57
ar.u_o_cSE_2/lk$_DFF_N_	cSE[2]	output_lockup	10.032	1389.528	13.5
ar.u_o_cSE_2/q$_DFF_P_	cSE[2]	output	11.436	1388.124	13.5
ar.u_o_cSE_20/lk$_DFF_N_	cSE[20]	output_lockup	10.086	1389.528	17.01
ar.u_o_cSE_20/q$_DFF_P_	cSE[20]	output	11.49	1388.124	17.01
ar.u_o_cSE_200/lk$_DFF_N_	cSE[200]	output_lockup	10.086	1389.528	51.57
ar.u_o_cSE_200/q$_DFF_P_	cSE[200]	output	11.49	1388.124	51.57
ar.u_o_cSE_207/lk$_DFF_N_	cSE[207]	output_lockup	10.092	1389.528	52.92
ar.u_o_cSE_207/q$_DFF_P_	cSE[207]	output	11.496	1388.124	52.92
ar.u_o_cSE_208/lk$_DFF_N_	cSE[208]	output_lockup	7.362	1392.336	53.19
ar.u_o_cSE_208/q$_DFF_P_	cSE[208]	output	8.766	1390.932	53.19
ar.u_o_cSE_209/lk$_DFF_N_	cSE[209]	output_lockup	7.44	1392.336	53.46
ar.u_o_cSE_209/q$_DFF_P_	cSE[209]	output	8.844	1390.932	53.46
ar.u_o_cSE_21/lk$_DFF_N_	cSE[21]	output_lockup	7.356	1392.336	17.28
ar.u_o_cSE_21/q$_DFF_P_	cSE[21]	output	8.76	1390.932	17.28
ar.u_o_cSE_210/lk$_DFF_N_	cSE[210]	output_lockup	10.056	1389.528	53.46
ar.u_o_cSE_210/q$_DFF_P_	cSE[210]	output	11.46	1388.124	53.46
ar.u_o_cSE_211/lk$_DFF_N_	cSE[211]	output_lockup	7.326	1392.336	53.73
ar.u_o_cSE_211/q$_DFF_P_	cSE[211]	output	8.73	1390.932	53.73
ar.u_o_cSE_212/lk$_DFF_N_	cSE[212]	output_lockup	7.404	1392.336	54.0
ar.u_o_cSE_212/q$_DFF_P_	cSE[212]	output	8.808	1390.932	54.0
ar.u_o_cSE_213/lk$_DFF_N_	cSE[213]	output_lockup	7.482	1392.336	54.27
ar.u_o_cSE_213/q$_DFF_P_	cSE[213]	output	8.886	1390.932	54.27
ar.u_o_cSE_214/lk$_DFF_N_	cSE[214]	output_lockup	10.098	1389.528	54.27
ar.u_o_cSE_214/q$_DFF_P_	cSE[214]	output	11.502	1388.124	54.27
ar.u_o_cSE_215/lk$_DFF_N_	cSE[215]	output_lockup	7.368	1392.336	54.54
ar.u_o_cSE_215/q$_DFF_P_	cSE[215]	output	8.772	1390.932	54.54
ar.u_o_cSE_216/lk$_DFF_N_	cSE[216]	output_lockup	7.446	1392.336	54.81
ar.u_o_cSE_216/q$_DFF_P_	cSE[216]	output	8.85	1390.932	54.81
ar.u_o_cSE_217/lk$_DFF_N_	cSE[217]	output_lockup	10.062	1389.528	54.81
ar.u_o_cSE_217/q$_DFF_P_	cSE[217]	output	11.466	1388.124	54.81
ar.u_o_cSE_218/lk$_DFF_N_	cSE[218]	output_lockup	7.332	1392.336	55.08
ar.u_o_cSE_218/q$_DFF_P_	cSE[218]	output	8.736	1390.932	55.08
ar.u_o_cSE_219/lk$_DFF_N_	cSE[219]	output_lockup	7.41	1392.336	55.35
ar.u_o_cSE_219/q$_DFF_P_	cSE[219]	output	8.814	1390.932	55.35
ar.u_o_cSE_22/lk$_DFF_N_	cSE[22]	output_lockup	7.434	1392.336	17.55
ar.u_o_cSE_22/q$_DFF_P_	cSE[22]	output	8.838	1390.932	17.55
ar.u_o_cSE_220/lk$_DFF_N_	cSE[220]	output_lockup	7.488	1392.336	55.62
ar.u_o_cSE_220/q$_DFF_P_	cSE[220]	output	8.892	1390.932	55.62
ar.u_o_cSE_221/lk$_DFF_N_	cSE[221]	output_lockup	10.104	1389.528	55.62
ar.u_o_cSE_221/q$_DFF_P_	cSE[221]	output	11.508	1388.124	55.62
ar.u_o_cSE_222/lk$_DFF_N_	cSE[222]	output_lockup	7.374	1392.336	55.89
ar.u_o_cSE_222/q$_DFF_P_	cSE[222]	output	8.778	1390.932	55.89
ar.u_o_cSE_223/lk$_DFF_N_	cSE[223]	output_lockup	7.452	1392.336	56.16
ar.u_o_cSE_223/q$_DFF_P_	cSE[223]	output	8.856	1390.932	56.16
ar.u_o_cSE_224/lk$_DFF_N_	cSE[224]	output_lockup	10.068	1389.528	56.16
ar.u_o_cSE_224/q$_DFF_P_	cSE[224]	output	11.472	1388.124	56.16
ar.u_o_cSE_225/lk$_DFF_N_	cSE[225]	output_lockup	7.338	1392.336	56.43
ar.u_o_cSE_225/q$_DFF_P_	cSE[225]	output	8.742	1390.932	56.43
ar.u_o_cSE_226/lk$_DFF_N_	cSE[226]	output_lockup	7.416	1392.336	56.7
ar.u_o_cSE_226/q$_DFF_P_	cSE[226]	output	8.82	1390.932	56.7
ar.u_o_cSE_227/lk$_DFF_N_	cSE[227]	output_lockup	10.032	1389.528	56.7
ar.u_o_cSE_227/q$_DFF_P_	cSE[227]	output	11.436	1388.124	56.7
ar.u_o_cSE_228/lk$_DFF_N_	cSE[228]	output_lockup	7.302	1392.336	56.97
ar.u_o_cSE_228/q$_DFF_P_	cSE[228]	output	8.706	1390.932	56.97
ar.u_o_cSE_229/lk$_DFF_N_	cSE[229]	output_lockup	7.38	1392.336	57.24
ar.u_o_cSE_229/q$_DFF_P_	cSE[229]	output	8.784	1390.932	57.24
ar.u_o_cSE_23/lk$_DFF_N_	cSE[23]	output_lockup	10.05	1389.528	17.55
ar.u_o_cSE_23/q$_DFF_P_	cSE[23]	output	11.454	1388.124	17.55
ar.u_o_cSE_230/lk$_DFF_N_	cSE[230]	output_lockup	7.458	1392.336	57.51
ar.u_o_cSE_230/q$_DFF_P_	cSE[230]	output	8.862	1390.932	57.51
ar.u_o_cSE_231/lk$_DFF_N_	cSE[231]	output_lockup	10.074	1389.528	57.51
ar.u_o_cSE_231/q$_DFF_P_	cSE[231]	output	11.478	1388.124	57.51
ar.u_o_cSE_232/lk$_DFF_N_	cSE[232]	output_lockup	7.344	1392.336	57.78
ar.u_o_cSE_232/q$_DFF_P_	cSE[232]	output	8.748	1390.932	57.78
ar.u_o_cSE_233/lk$_DFF_N_	cSE[233]	output_lockup	7.422	1392.336	58.05
ar.u_o_cSE_233/q$_DFF_P_	cSE[233]	output	8.826	1390.932	58.05
ar.u_o_cSE_234/lk$_DFF_N_	cSE[234]	output_lockup	10.038	1389.528	58.05
ar.u_o_cSE_234/q$_DFF_P_	cSE[234]	output	11.442	1388.124	58.05
ar.u_o_cSE_235/lk$_DFF_N_	cSE[235]	output_lockup	7.308	1392.336	58.32
ar.u_o_cSE_235/q$_DFF_P_	cSE[235]	output	8.712	1390.932	58.32
ar.u_o_cSE_236/lk$_DFF_N_	cSE[236]	output_lockup	7.386	1392.336	58.59
ar.u_o_cSE_236/q$_DFF_P_	cSE[236]	output	8.79	1390.932	58.59
ar.u_o_cSE_237/lk$_DFF_N_	cSE[237]	output_lockup	7.464	1392.336	58.86
ar.u_o_cSE_237/q$_DFF_P_	cSE[237]	output	8.868	1390.932	58.86
ar.u_o_cSE_238/lk$_DFF_N_	cSE[238]	output_lockup	10.08	1389.528	58.86
ar.u_o_cSE_238/q$_DFF_P_	cSE[238]	output	11.484	1388.124	58.86
ar.u_o_cSE_24/lk$_DFF_N_	cSE[24]	output_lockup	7.32	1392.336	17.82
ar.u_o_cSE_24/q$_DFF_P_	cSE[24]	output	8.724	1390.932	17.82
ar.u_o_cSE_25/lk$_DFF_N_	cSE[25]	output_lockup	7.398	1392.336	18.09
ar.u_o_cSE_25/q$_DFF_P_	cSE[25]	output	8.802	1390.932	18.09
ar.u_o_cSE_252/lk$_DFF_N_	cSE[252]	output_lockup	10.092	1389.528	61.56
ar.u_o_cSE_252/q$_DFF_P_	cSE[252]	output	11.496	1388.124	61.56
ar.u_o_cSE_253/lk$_DFF_N_	cSE[253]	output_lockup	7.362	1392.336	61.83
ar.u_o_cSE_253/q$_DFF_P_	cSE[253]	output	8.766	1390.932	61.83
ar.u_o_cSE_254/lk$_DFF_N_	cSE[254]	output_lockup	7.44	1392.336	62.1
ar.u_o_cSE_254/q$_DFF_P_	cSE[254]	output	8.844	1390.932	62.1
ar.u_o_cSE_255/lk$_DFF_N_	cSE[255]	output_lockup	10.056	1389.528	62.1
ar.u_o_cSE_255/q$_DFF_P_	cSE[255]	output	11.46	1388.124	62.1
ar.u_o_cSE_256/lk$_DFF_N_	cSE[256]	output_lockup	7.326	1392.336	62.37
ar.u_o_cSE_256/q$_DFF_P_	cSE[256]	output	8.73	1390.932	62.37
ar.u_o_cSE_257/lk$_DFF_N_	cSE[257]	output_lockup	7.404	1392.336	62.64
ar.u_o_cSE_257/q$_DFF_P_	cSE[257]	output	8.808	1390.932	62.64
ar.u_o_cSE_258/lk$_DFF_N_	cSE[258]	output_lockup	7.482	1392.336	62.91
ar.u_o_cSE_258/q$_DFF_P_	cSE[258]	output	8.886	1390.932	62.91
ar.u_o_cSE_259/lk$_DFF_N_	cSE[259]	output_lockup	10.098	1389.528	62.91
ar.u_o_cSE_259/q$_DFF_P_	cSE[259]	output	11.502	1388.124	62.91
ar.u_o_cSE_26/lk$_DFF_N_	cSE[26]	output_lockup	7.476	1392.336	18.36
ar.u_o_cSE_26/q$_DFF_P_	cSE[26]	output	8.88	1390.932	18.36
ar.u_o_cSE_260/lk$_DFF_N_	cSE[260]	output_lockup	7.368	1392.336	63.18
ar.u_o_cSE_260/q$_DFF_P_	cSE[260]	output	8.772	1390.932	63.18
ar.u_o_cSE_261/lk$_DFF_N_	cSE[261]	output_lockup	7.446	1392.336	63.45
ar.u_o_cSE_261/q$_DFF_P_	cSE[261]	output	8.85	1390.932	63.45
ar.u_o_cSE_262/lk$_DFF_N_	cSE[262]	output_lockup	10.062	1389.528	63.45
ar.u_o_cSE_262/q$_DFF_P_	cSE[262]	output	11.466	1388.124	63.45
ar.u_o_cSE_263/lk$_DFF_N_	cSE[263]	output_lockup	7.332	1392.336	63.72
ar.u_o_cSE_263/q$_DFF_P_	cSE[263]	output	8.736	1390.932	63.72
ar.u_o_cSE_264/lk$_DFF_N_	cSE[264]	output_lockup	7.41	1392.336	63.99
ar.u_o_cSE_264/q$_DFF_P_	cSE[264]	output	8.814	1390.932	63.99
ar.u_o_cSE_265/lk$_DFF_N_	cSE[265]	output_lockup	7.488	1392.336	64.26
ar.u_o_cSE_265/q$_DFF_P_	cSE[265]	output	8.892	1390.932	64.26
ar.u_o_cSE_266/lk$_DFF_N_	cSE[266]	output_lockup	10.104	1389.528	64.26
ar.u_o_cSE_266/q$_DFF_P_	cSE[266]	output	11.508	1388.124	64.26
ar.u_o_cSE_267/lk$_DFF_N_	cSE[267]	output_lockup	7.374	1392.336	64.53
ar.u_o_cSE_267/q$_DFF_P_	cSE[267]	output	8.778	1390.932	64.53
ar.u_o_cSE_268/lk$_DFF_N_	cSE[268]	output_lockup	7.452	1392.336	64.8
ar.u_o_cSE_268/q$_DFF_P_	cSE[268]	output	8.856	1390.932	64.8
ar.u_o_cSE_269/lk$_DFF_N_	cSE[269]	output_lockup	10.068	1389.528	64.8
ar.u_o_cSE_269/q$_DFF_P_	cSE[269]	output	11.472	1388.124	64.8
ar.u_o_cSE_27/lk$_DFF_N_	cSE[27]	output_lockup	10.092	1389.528	18.36
ar.u_o_cSE_27/q$_DFF_P_	cSE[27]	output	11.496	1388.124	18.36
ar.u_o_cSE_270/lk$_DFF_N_	cSE[270]	output_lockup	7.338	1392.336	65.07
ar.u_o_cSE_270/q$_DFF_P_	cSE[270]	output	8.742	1390.932	65.07
ar.u_o_cSE_271/lk$_DFF_N_	cSE[271]	output_lockup	7.416	1392.336	65.34
ar.u_o_cSE_271/q$_DFF_P_	cSE[271]	output	8.82	1390.932	65.34
ar.u_o_cSE_272/lk$_DFF_N_	cSE[272]	output_lockup	10.032	1389.528	65.34
ar.u_o_cSE_272/q$_DFF_P_	cSE[272]	output	11.436	1388.124	65.34
ar.u_o_cSE_273/lk$_DFF_N_	cSE[273]	output_lockup	7.302	1392.336	65.61
ar.u_o_cSE_273/q$_DFF_P_	cSE[273]	output	8.706	1390.932	65.61
ar.u_o_cSE_274/lk$_DFF_N_	cSE[274]	output_lockup	7.38	1392.336	65.88
ar.u_o_cSE_274/q$_DFF_P_	cSE[274]	output	8.784	1390.932	65.88
ar.u_o_cSE_275/lk$_DFF_N_	cSE[275]	output_lockup	7.458	1392.336	66.15
ar.u_o_cSE_275/q$_DFF_P_	cSE[275]	output	8.862	1390.932	66.15
ar.u_o_cSE_276/lk$_DFF_N_	cSE[276]	output_lockup	10.074	1389.528	66.15
ar.u_o_cSE_276/q$_DFF_P_	cSE[276]	output	11.478	1388.124	66.15
ar.u_o_cSE_277/lk$_DFF_N_	cSE[277]	output_lockup	7.344	1392.336	66.42
ar.u_o_cSE_277/q$_DFF_P_	cSE[277]	output	8.748	1390.932	66.42
ar.u_o_cSE_278/lk$_DFF_N_	cSE[278]	output_lockup	7.422	1392.336	66.69
ar.u_o_cSE_278/q$_DFF_P_	cSE[278]	output	8.826	1390.932	66.69
ar.u_o_cSE_279/lk$_DFF_N_	cSE[279]	output_lockup	10.038	1389.528	66.69
ar.u_o_cSE_279/q$_DFF_P_	cSE[279]	output	11.442	1388.124	66.69
ar.u_o_cSE_28/lk$_DFF_N_	cSE[28]	output_lockup	7.362	1392.336	18.63
ar.u_o_cSE_28/q$_DFF_P_	cSE[28]	output	8.766	1390.932	18.63
ar.u_o_cSE_280/lk$_DFF_N_	cSE[280]	output_lockup	7.308	1392.336	66.96
ar.u_o_cSE_280/q$_DFF_P_	cSE[280]	output	8.712	1390.932	66.96
ar.u_o_cSE_281/lk$_DFF_N_	cSE[281]	output_lockup	7.386	1392.336	67.23
ar.u_o_cSE_281/q$_DFF_P_	cSE[281]	output	8.79	1390.932	67.23
ar.u_o_cSE_282/lk$_DFF_N_	cSE[282]	output_lockup	7.464	1392.336	67.5
ar.u_o_cSE_282/q$_DFF_P_	cSE[282]	output	8.868	1390.932	67.5
ar.u_o_cSE_283/lk$_DFF_N_	cSE[283]	output_lockup	10.08	1389.528	67.5
ar.u_o_cSE_283/q$_DFF_P_	cSE[283]	output	11.484	1388.124	67.5
ar.u_o_cSE_284/lk$_DFF_N_	cSE[284]	output_lockup	7.35	1392.336	67.77
ar.u_o_cSE_284/q$_DFF_P_	cSE[284]	output	8.754	1390.932	67.77
ar.u_o_cSE_285/lk$_DFF_N_	cSE[285]	output_lockup	7.428	1392.336	68.04
ar.u_o_cSE_285/q$_DFF_P_	cSE[285]	output	8.832	1390.932	68.04
ar.u_o_cSE_286/lk$_DFF_N_	cSE[286]	output_lockup	10.044	1389.528	68.04
ar.u_o_cSE_286/q$_DFF_P_	cSE[286]	output	11.448	1388.124	68.04
ar.u_o_cSE_287/lk$_DFF_N_	cSE[287]	output_lockup	7.314	1392.336	68.31
ar.u_o_cSE_287/q$_DFF_P_	cSE[287]	output	8.718	1390.932	68.31
ar.u_o_cSE_288/lk$_DFF_N_	cSE[288]	output_lockup	7.392	1392.336	68.58
ar.u_o_cSE_288/q$_DFF_P_	cSE[288]	output	8.796	1390.932	68.58
ar.u_o_cSE_289/lk$_DFF_N_	cSE[289]	output_lockup	7.47	1392.336	68.85
ar.u_o_cSE_289/q$_DFF_P_	cSE[289]	output	8.874	1390.932	68.85
ar.u_o_cSE_29/lk$_DFF_N_	cSE[29]	output_lockup	7.44	1392.336	18.9
ar.u_o_cSE_29/q$_DFF_P_	cSE[29]	output	8.844	1390.932	18.9
ar.u_o_cSE_290/lk$_DFF_N_	cSE[290]	output_lockup	10.086	1389.528	68.85
ar.u_o_cSE_290/q$_DFF_P_	cSE[290]	output	11.49	1388.124	68.85
ar.u_o_cSE_291/lk$_DFF_N_	cSE[291]	output_lockup	7.356	1392.336	69.12
ar.u_o_cSE_291/q$_DFF_P_	cSE[291]	output	8.76	1390.932	69.12
ar.u_o_cSE_292/lk$_DFF_N_	cSE[292]	output_lockup	7.434	1392.336	69.39
ar.u_o_cSE_292/q$_DFF_P_	cSE[292]	output	8.838	1390.932	69.39
ar.u_o_cSE_293/lk$_DFF_N_	cSE[293]	output_lockup	10.05	1389.528	69.39
ar.u_o_cSE_293/q$_DFF_P_	cSE[293]	output	11.454	1388.124	69.39
ar.u_o_cSE_294/lk$_DFF_N_	cSE[294]	output_lockup	7.32	1392.336	69.66
ar.u_o_cSE_294/q$_DFF_P_	cSE[294]	output	8.724	1390.932	69.66
ar.u_o_cSE_295/lk$_DFF_N_	cSE[295]	output_lockup	7.398	1392.336	69.93
ar.u_o_cSE_295/q$_DFF_P_	cSE[295]	output	8.802	1390.932	69.93
ar.u_o_cSE_296/lk$_DFF_N_	cSE[296]	output_lockup	7.476	1392.336	70.2
ar.u_o_cSE_296/q$_DFF_P_	cSE[296]	output	8.88	1390.932	70.2
ar.u_o_cSE_297/lk$_DFF_N_	cSE[297]	output_lockup	10.092	1389.528	70.2
ar.u_o_cSE_297/q$_DFF_P_	cSE[297]	output	11.496	1388.124	70.2
ar.u_o_cSE_298/lk$_DFF_N_	cSE[298]	output_lockup	7.362	1392.336	70.47
ar.u_o_cSE_298/q$_DFF_P_	cSE[298]	output	8.766	1390.932	70.47
ar.u_o_cSE_299/lk$_DFF_N_	cSE[299]	output_lockup	7.44	1392.336	70.74
ar.u_o_cSE_299/q$_DFF_P_	cSE[299]	output	8.844	1390.932	70.74
ar.u_o_cSE_3/lk$_DFF_N_	cSE[3]	output_lockup	7.302	1392.336	13.77
ar.u_o_cSE_3/q$_DFF_P_	cSE[3]	output	8.706	1390.932	13.77
ar.u_o_cSE_30/lk$_DFF_N_	cSE[30]	output_lockup	10.056	1389.528	18.9
ar.u_o_cSE_30/q$_DFF_P_	cSE[30]	output	11.46	1388.124	18.9
ar.u_o_cSE_300/lk$_DFF_N_	cSE[300]	output_lockup	10.056	1389.528	70.74
ar.u_o_cSE_300/q$_DFF_P_	cSE[300]	output	11.46	1388.124	70.74
ar.u_o_cSE_301/lk$_DFF_N_	cSE[301]	output_lockup	7.326	1392.336	71.01
ar.u_o_cSE_301/q$_DFF_P_	cSE[301]	output	8.73	1390.932	71.01
ar.u_o_cSE_302/lk$_DFF_N_	cSE[302]	output_lockup	7.404	1392.336	71.28
ar.u_o_cSE_302/q$_DFF_P_	cSE[302]	output	8.808	1390.932	71.28
ar.u_o_cSE_303/lk$_DFF_N_	cSE[303]	output_lockup	10.29	1389.528	71.55
ar.u_o_cSE_303/q$_DFF_P_	cSE[303]	output	11.694	1388.124	71.55
ar.u_o_cSE_31/lk$_DFF_N_	cSE[31]	output_lockup	7.326	1392.336	19.17
ar.u_o_cSE_31/q$_DFF_P_	cSE[31]	output	8.73	1390.932	19.17
ar.u_o_cSE_310/lk$_DFF_N_	cSE[310]	output_lockup	7.488	1392.336	72.9
ar.u_o_cSE_310/q$_DFF_P_	cSE[310]	output	8.892	1390.932	72.9
ar.u_o_cSE_311/lk$_DFF_N_	cSE[311]	output_lockup	10.104	1389.528	72.9
ar.u_o_cSE_311/q$_DFF_P_	cSE[311]	output	11.508	1388.124	72.9
ar.u_o_cSE_312/lk$_DFF_N_	cSE[312]	output_lockup	7.374	1392.336	73.17
ar.u_o_cSE_312/q$_DFF_P_	cSE[312]	output	8.778	1390.932	73.17
ar.u_o_cSE_313/lk$_DFF_N_	cSE[313]	output_lockup	7.452	1392.336	73.44
ar.u_o_cSE_313/q$_DFF_P_	cSE[313]	output	8.856	1390.932	73.44
ar.u_o_cSE_314/lk$_DFF_N_	cSE[314]	output_lockup	10.068	1389.528	73.44
ar.u_o_cSE_314/q$_DFF_P_	cSE[314]	output	11.472	1388.124	73.44
ar.u_o_cSE_315/lk$_DFF_N_	cSE[315]	output_lockup	7.338	1392.336	73.71
ar.u_o_cSE_315/q$_DFF_P_	cSE[315]	output	8.742	1390.932	73.71
ar.u_o_cSE_316/lk$_DFF_N_	cSE[316]	output_lockup	7.416	1392.336	73.98
ar.u_o_cSE_316/q$_DFF_P_	cSE[316]	output	8.82	1390.932	73.98
ar.u_o_cSE_317/lk$_DFF_N_	cSE[317]	output_lockup	10.032	1389.528	73.98
ar.u_o_cSE_317/q$_DFF_P_	cSE[317]	output	11.436	1388.124	73.98
ar.u_o_cSE_318/lk$_DFF_N_	cSE[318]	output_lockup	7.302	1392.336	74.25
ar.u_o_cSE_318/q$_DFF_P_	cSE[318]	output	8.706	1390.932	74.25
ar.u_o_cSE_319/lk$_DFF_N_	cSE[319]	output_lockup	7.38	1392.336	74.52
ar.u_o_cSE_319/q$_DFF_P_	cSE[319]	output	8.784	1390.932	74.52
ar.u_o_cSE_32/lk$_DFF_N_	cSE[32]	output_lockup	7.404	1392.336	19.44
ar.u_o_cSE_32/q$_DFF_P_	cSE[32]	output	8.808	1390.932	19.44
ar.u_o_cSE_320/lk$_DFF_N_	cSE[320]	output_lockup	7.458	1392.336	74.79
ar.u_o_cSE_320/q$_DFF_P_	cSE[320]	output	8.862	1390.932	74.79
ar.u_o_cSE_321/lk$_DFF_N_	cSE[321]	output_lockup	10.074	1389.528	74.79
ar.u_o_cSE_321/q$_DFF_P_	cSE[321]	output	11.478	1388.124	74.79
ar.u_o_cSE_322/lk$_DFF_N_	cSE[322]	output_lockup	7.344	1392.336	75.06
ar.u_o_cSE_322/q$_DFF_P_	cSE[322]	output	8.748	1390.932	75.06
ar.u_o_cSE_323/lk$_DFF_N_	cSE[323]	output_lockup	7.422	1392.336	75.33
ar.u_o_cSE_323/q$_DFF_P_	cSE[323]	output	8.826	1390.932	75.33
ar.u_o_cSE_324/lk$_DFF_N_	cSE[324]	output_lockup	10.038	1389.528	75.33
ar.u_o_cSE_324/q$_DFF_P_	cSE[324]	output	11.442	1388.124	75.33
ar.u_o_cSE_325/lk$_DFF_N_	cSE[325]	output_lockup	7.308	1392.336	75.6
ar.u_o_cSE_325/q$_DFF_P_	cSE[325]	output	8.712	1390.932	75.6
ar.u_o_cSE_326/lk$_DFF_N_	cSE[326]	output_lockup	7.386	1392.336	75.87
ar.u_o_cSE_326/q$_DFF_P_	cSE[326]	output	8.79	1390.932	75.87
ar.u_o_cSE_327/lk$_DFF_N_	cSE[327]	output_lockup	7.464	1392.336	76.14
ar.u_o_cSE_327/q$_DFF_P_	cSE[327]	output	8.868	1390.932	76.14
ar.u_o_cSE_328/lk$_DFF_N_	cSE[328]	output_lockup	10.08	1389.528	76.14
ar.u_o_cSE_328/q$_DFF_P_	cSE[328]	output	11.484	1388.124	76.14
ar.u_o_cSE_329/lk$_DFF_N_	cSE[329]	output_lockup	7.35	1392.336	76.41
ar.u_o_cSE_329/q$_DFF_P_	cSE[329]	output	8.754	1390.932	76.41
ar.u_o_cSE_330/lk$_DFF_N_	cSE[330]	output_lockup	7.428	1392.336	76.68
ar.u_o_cSE_330/q$_DFF_P_	cSE[330]	output	8.832	1390.932	76.68
ar.u_o_cSE_331/lk$_DFF_N_	cSE[331]	output_lockup	10.044	1389.528	76.68
ar.u_o_cSE_331/q$_DFF_P_	cSE[331]	output	11.448	1388.124	76.68
ar.u_o_cSE_332/lk$_DFF_N_	cSE[332]	output_lockup	7.314	1392.336	76.95
ar.u_o_cSE_332/q$_DFF_P_	cSE[332]	output	8.718	1390.932	76.95
ar.u_o_cSE_333/lk$_DFF_N_	cSE[333]	output_lockup	7.392	1392.336	77.22
ar.u_o_cSE_333/q$_DFF_P_	cSE[333]	output	8.796	1390.932	77.22
ar.u_o_cSE_334/lk$_DFF_N_	cSE[334]	output_lockup	7.47	1392.336	77.49
ar.u_o_cSE_334/q$_DFF_P_	cSE[334]	output	8.874	1390.932	77.49
ar.u_o_cSE_335/lk$_DFF_N_	cSE[335]	output_lockup	10.086	1389.528	77.49
ar.u_o_cSE_335/q$_DFF_P_	cSE[335]	output	11.49	1388.124	77.49
ar.u_o_cSE_336/lk$_DFF_N_	cSE[336]	output_lockup	7.356	1392.336	77.76
ar.u_o_cSE_336/q$_DFF_P_	cSE[336]	output	8.76	1390.932	77.76
ar.u_o_cSE_337/lk$_DFF_N_	cSE[337]	output_lockup	7.434	1392.336	78.03
ar.u_o_cSE_337/q$_DFF_P_	cSE[337]	output	8.838	1390.932	78.03
ar.u_o_cSE_338/lk$_DFF_N_	cSE[338]	output_lockup	10.05	1389.528	78.03
ar.u_o_cSE_338/q$_DFF_P_	cSE[338]	output	11.454	1388.124	78.03
ar.u_o_cSE_339/lk$_DFF_N_	cSE[339]	output_lockup	7.32	1392.336	78.3
ar.u_o_cSE_339/q$_DFF_P_	cSE[339]	output	8.724	1390.932	78.3
ar.u_o_cSE_340/lk$_DFF_N_	cSE[340]	output_lockup	7.398	1392.336	78.57
ar.u_o_cSE_340/q$_DFF_P_	cSE[340]	output	8.802	1390.932	78.57
ar.u_o_cSE_341/lk$_DFF_N_	cSE[341]	output_lockup	10.284	1389.528	78.84
ar.u_o_cSE_341/q$_DFF_P_	cSE[341]	output	11.688	1388.124	78.84
ar.u_o_cSE_355/lk$_DFF_N_	cSE[355]	output_lockup	7.488	1392.336	81.54
ar.u_o_cSE_355/q$_DFF_P_	cSE[355]	output	8.892	1390.932	81.54
ar.u_o_cSE_356/lk$_DFF_N_	cSE[356]	output_lockup	10.104	1389.528	81.54
ar.u_o_cSE_356/q$_DFF_P_	cSE[356]	output	11.508	1388.124	81.54
ar.u_o_cSE_357/lk$_DFF_N_	cSE[357]	output_lockup	7.374	1392.336	81.81
ar.u_o_cSE_357/q$_DFF_P_	cSE[357]	output	8.778	1390.932	81.81
ar.u_o_cSE_358/lk$_DFF_N_	cSE[358]	output_lockup	7.452	1392.336	82.08
ar.u_o_cSE_358/q$_DFF_P_	cSE[358]	output	8.856	1390.932	82.08
ar.u_o_cSE_359/lk$_DFF_N_	cSE[359]	output_lockup	10.068	1389.528	82.08
ar.u_o_cSE_359/q$_DFF_P_	cSE[359]	output	11.472	1388.124	82.08
ar.u_o_cSE_360/lk$_DFF_N_	cSE[360]	output_lockup	7.338	1392.336	82.35
ar.u_o_cSE_360/q$_DFF_P_	cSE[360]	output	8.742	1390.932	82.35
ar.u_o_cSE_361/lk$_DFF_N_	cSE[361]	output_lockup	7.416	1392.336	82.62
ar.u_o_cSE_361/q$_DFF_P_	cSE[361]	output	8.82	1390.932	82.62
ar.u_o_cSE_362/lk$_DFF_N_	cSE[362]	output_lockup	10.032	1389.528	82.62
ar.u_o_cSE_362/q$_DFF_P_	cSE[362]	output	11.436	1388.124	82.62
ar.u_o_cSE_363/lk$_DFF_N_	cSE[363]	output_lockup	7.302	1392.336	82.89
ar.u_o_cSE_363/q$_DFF_P_	cSE[363]	output	8.706	1390.932	82.89
ar.u_o_cSE_364/lk$_DFF_N_	cSE[364]	output_lockup	7.38	1392.336	83.16
ar.u_o_cSE_364/q$_DFF_P_	cSE[364]	output	8.784	1390.932	83.16
ar.u_o_cSE_365/lk$_DFF_N_	cSE[365]	output_lockup	7.458	1392.336	83.43
ar.u_o_cSE_365/q$_DFF_P_	cSE[365]	output	8.862	1390.932	83.43
ar.u_o_cSE_366/lk$_DFF_N_	cSE[366]	output_lockup	10.074	1389.528	83.43
ar.u_o_cSE_366/q$_DFF_P_	cSE[366]	output	11.478	1388.124	83.43
ar.u_o_cSE_367/lk$_DFF_N_	cSE[367]	output_lockup	7.344	1392.336	83.7
ar.u_o_cSE_367/q$_DFF_P_	cSE[367]	output	8.748	1390.932	83.7
ar.u_o_cSE_368/lk$_DFF_N_	cSE[368]	output_lockup	7.422	1392.336	83.97
ar.u_o_cSE_368/q$_DFF_P_	cSE[368]	output	8.826	1390.932	83.97
ar.u_o_cSE_369/lk$_DFF_N_	cSE[369]	output_lockup	10.038	1389.528	83.97
ar.u_o_cSE_369/q$_DFF_P_	cSE[369]	output	11.442	1388.124	83.97
ar.u_o_cSE_370/lk$_DFF_N_	cSE[370]	output_lockup	7.308	1392.336	84.24
ar.u_o_cSE_370/q$_DFF_P_	cSE[370]	output	8.712	1390.932	84.24
ar.u_o_cSE_371/lk$_DFF_N_	cSE[371]	output_lockup	7.386	1392.336	84.51
ar.u_o_cSE_371/q$_DFF_P_	cSE[371]	output	8.79	1390.932	84.51
ar.u_o_cSE_372/lk$_DFF_N_	cSE[372]	output_lockup	7.464	1392.336	84.78
ar.u_o_cSE_372/q$_DFF_P_	cSE[372]	output	8.868	1390.932	84.78
ar.u_o_cSE_373/lk$_DFF_N_	cSE[373]	output_lockup	10.08	1389.528	84.78
ar.u_o_cSE_373/q$_DFF_P_	cSE[373]	output	11.484	1388.124	84.78
ar.u_o_cSE_374/lk$_DFF_N_	cSE[374]	output_lockup	7.35	1392.336	85.05
ar.u_o_cSE_374/q$_DFF_P_	cSE[374]	output	8.754	1390.932	85.05
ar.u_o_cSE_375/lk$_DFF_N_	cSE[375]	output_lockup	7.428	1392.336	85.32
ar.u_o_cSE_375/q$_DFF_P_	cSE[375]	output	8.832	1390.932	85.32
ar.u_o_cSE_376/lk$_DFF_N_	cSE[376]	output_lockup	10.044	1389.528	85.32
ar.u_o_cSE_376/q$_DFF_P_	cSE[376]	output	11.448	1388.124	85.32
ar.u_o_cSE_377/lk$_DFF_N_	cSE[377]	output_lockup	7.314	1392.336	85.59
ar.u_o_cSE_377/q$_DFF_P_	cSE[377]	output	8.718	1390.932	85.59
ar.u_o_cSE_378/lk$_DFF_N_	cSE[378]	output_lockup	7.392	1392.336	85.86
ar.u_o_cSE_378/q$_DFF_P_	cSE[378]	output	8.796	1390.932	85.86
ar.u_o_cSE_379/lk$_DFF_N_	cSE[379]	output_lockup	7.47	1392.336	86.13
ar.u_o_cSE_379/q$_DFF_P_	cSE[379]	output	8.874	1390.932	86.13
ar.u_o_cSE_380/lk$_DFF_N_	cSE[380]	output_lockup	10.086	1389.528	86.13
ar.u_o_cSE_380/q$_DFF_P_	cSE[380]	output	11.49	1388.124	86.13
ar.u_o_cSE_381/lk$_DFF_N_	cSE[381]	output_lockup	7.356	1392.336	86.4
ar.u_o_cSE_381/q$_DFF_P_	cSE[381]	output	8.76	1390.932	86.4
ar.u_o_cSE_382/lk$_DFF_N_	cSE[382]	output_lockup	7.434	1392.336	86.67
ar.u_o_cSE_382/q$_DFF_P_	cSE[382]	output	8.838	1390.932	86.67
ar.u_o_cSE_383/lk$_DFF_N_	cSE[383]	output_lockup	10.05	1389.528	86.67
ar.u_o_cSE_383/q$_DFF_P_	cSE[383]	output	11.454	1388.124	86.67
ar.u_o_cSE_384/lk$_DFF_N_	cSE[384]	output_lockup	7.32	1392.336	86.94
ar.u_o_cSE_384/q$_DFF_P_	cSE[384]	output	8.724	1390.932	86.94
ar.u_o_cSE_385/lk$_DFF_N_	cSE[385]	output_lockup	7.398	1392.336	87.21
ar.u_o_cSE_385/q$_DFF_P_	cSE[385]	output	8.802	1390.932	87.21
ar.u_o_cSE_386/lk$_DFF_N_	cSE[386]	output_lockup	7.476	1392.336	87.48
ar.u_o_cSE_386/q$_DFF_P_	cSE[386]	output	8.88	1390.932	87.48
ar.u_o_cSE_387/lk$_DFF_N_	cSE[387]	output_lockup	10.092	1389.528	87.48
ar.u_o_cSE_387/q$_DFF_P_	cSE[387]	output	11.496	1388.124	87.48
ar.u_o_cSE_388/lk$_DFF_N_	cSE[388]	output_lockup	7.362	1392.336	87.75
ar.u_o_cSE_388/q$_DFF_P_	cSE[388]	output	8.766	1390.932	87.75
ar.u_o_cSE_389/lk$_DFF_N_	cSE[389]	output_lockup	7.44	1392.336	88.02
ar.u_o_cSE_389/q$_DFF_P_	cSE[389]	output	8.844	1390.932	88.02
ar.u_o_cSE_390/lk$_DFF_N_	cSE[390]	output_lockup	10.056	1389.528	88.02
ar.u_o_cSE_390/q$_DFF_P_	cSE[390]	output	11.46	1388.124	88.02
ar.u_o_cSE_391/lk$_DFF_N_	cSE[391]	output_lockup	7.326	1392.336	88.29
ar.u_o_cSE_391/q$_DFF_P_	cSE[391]	output	8.73	1390.932	88.29
ar.u_o_cSE_392/lk$_DFF_N_	cSE[392]	output_lockup	7.404	1392.336	88.56
ar.u_o_cSE_392/q$_DFF_P_	cSE[392]	output	8.808	1390.932	88.56
ar.u_o_cSE_393/lk$_DFF_N_	cSE[393]	output_lockup	7.482	1392.336	88.83
ar.u_o_cSE_393/q$_DFF_P_	cSE[393]	output	8.886	1390.932	88.83
ar.u_o_cSE_394/lk$_DFF_N_	cSE[394]	output_lockup	10.098	1389.528	88.83
ar.u_o_cSE_394/q$_DFF_P_	cSE[394]	output	11.502	1388.124	88.83
ar.u_o_cSE_395/lk$_DFF_N_	cSE[395]	output_lockup	7.368	1392.336	89.1
ar.u_o_cSE_395/q$_DFF_P_	cSE[395]	output	8.772	1390.932	89.1
ar.u_o_cSE_396/lk$_DFF_N_	cSE[396]	output_lockup	7.446	1392.336	89.37
ar.u_o_cSE_396/q$_DFF_P_	cSE[396]	output	8.85	1390.932	89.37
ar.u_o_cSE_397/lk$_DFF_N_	cSE[397]	output_lockup	10.062	1389.528	89.37
ar.u_o_cSE_397/q$_DFF_P_	cSE[397]	output	11.466	1388.124	89.37
ar.u_o_cSE_398/lk$_DFF_N_	cSE[398]	output_lockup	7.332	1392.336	89.64
ar.u_o_cSE_398/q$_DFF_P_	cSE[398]	output	8.736	1390.932	89.64
ar.u_o_cSE_399/lk$_DFF_N_	cSE[399]	output_lockup	7.41	1392.336	89.91
ar.u_o_cSE_399/q$_DFF_P_	cSE[399]	output	8.814	1390.932	89.91
ar.u_o_cSE_4/lk$_DFF_N_	cSE[4]	output_lockup	7.38	1392.336	14.04
ar.u_o_cSE_4/q$_DFF_P_	cSE[4]	output	8.784	1390.932	14.04
ar.u_o_cSE_400/lk$_DFF_N_	cSE[400]	output_lockup	7.488	1392.336	90.18
ar.u_o_cSE_400/q$_DFF_P_	cSE[400]	output	8.892	1390.932	90.18
ar.u_o_cSE_401/lk$_DFF_N_	cSE[401]	output_lockup	10.104	1389.528	90.18
ar.u_o_cSE_401/q$_DFF_P_	cSE[401]	output	11.508	1388.124	90.18
ar.u_o_cSE_402/lk$_DFF_N_	cSE[402]	output_lockup	7.374	1392.336	90.45
ar.u_o_cSE_402/q$_DFF_P_	cSE[402]	output	8.778	1390.932	90.45
ar.u_o_cSE_403/lk$_DFF_N_	cSE[403]	output_lockup	7.452	1392.336	90.72
ar.u_o_cSE_403/q$_DFF_P_	cSE[403]	output	8.856	1390.932	90.72
ar.u_o_cSE_404/lk$_DFF_N_	cSE[404]	output_lockup	10.068	1389.528	90.72
ar.u_o_cSE_404/q$_DFF_P_	cSE[404]	output	11.472	1388.124	90.72
ar.u_o_cSE_405/lk$_DFF_N_	cSE[405]	output_lockup	7.338	1392.336	90.99
ar.u_o_cSE_405/q$_DFF_P_	cSE[405]	output	8.742	1390.932	90.99
ar.u_o_cSE_406/lk$_DFF_N_	cSE[406]	output_lockup	10.224	1389.528	91.26
ar.u_o_cSE_406/q$_DFF_P_	cSE[406]	output	11.628	1388.124	91.26
ar.u_o_cSE_413/lk$_DFF_N_	cSE[413]	output_lockup	7.422	1392.336	92.61
ar.u_o_cSE_413/q$_DFF_P_	cSE[413]	output	8.826	1390.932	92.61
ar.u_o_cSE_414/lk$_DFF_N_	cSE[414]	output_lockup	10.038	1389.528	92.61
ar.u_o_cSE_414/q$_DFF_P_	cSE[414]	output	11.442	1388.124	92.61
ar.u_o_cSE_415/lk$_DFF_N_	cSE[415]	output_lockup	7.308	1392.336	92.88
ar.u_o_cSE_415/q$_DFF_P_	cSE[415]	output	8.712	1390.932	92.88
ar.u_o_cSE_416/lk$_DFF_N_	cSE[416]	output_lockup	7.386	1392.336	93.15
ar.u_o_cSE_416/q$_DFF_P_	cSE[416]	output	8.79	1390.932	93.15
ar.u_o_cSE_417/lk$_DFF_N_	cSE[417]	output_lockup	7.464	1392.336	93.42
ar.u_o_cSE_417/q$_DFF_P_	cSE[417]	output	8.868	1390.932	93.42
ar.u_o_cSE_418/lk$_DFF_N_	cSE[418]	output_lockup	10.08	1389.528	93.42
ar.u_o_cSE_418/q$_DFF_P_	cSE[418]	output	11.484	1388.124	93.42
ar.u_o_cSE_419/lk$_DFF_N_	cSE[419]	output_lockup	7.35	1392.336	93.69
ar.u_o_cSE_419/q$_DFF_P_	cSE[419]	output	8.754	1390.932	93.69
ar.u_o_cSE_420/lk$_DFF_N_	cSE[420]	output_lockup	7.428	1392.336	93.96
ar.u_o_cSE_420/q$_DFF_P_	cSE[420]	output	8.832	1390.932	93.96
ar.u_o_cSE_421/lk$_DFF_N_	cSE[421]	output_lockup	10.044	1389.528	93.96
ar.u_o_cSE_421/q$_DFF_P_	cSE[421]	output	11.448	1388.124	93.96
ar.u_o_cSE_422/lk$_DFF_N_	cSE[422]	output_lockup	7.314	1392.336	94.23
ar.u_o_cSE_422/q$_DFF_P_	cSE[422]	output	8.718	1390.932	94.23
ar.u_o_cSE_423/lk$_DFF_N_	cSE[423]	output_lockup	7.392	1392.336	94.5
ar.u_o_cSE_423/q$_DFF_P_	cSE[423]	output	8.796	1390.932	94.5
ar.u_o_cSE_424/lk$_DFF_N_	cSE[424]	output_lockup	7.47	1392.336	94.77
ar.u_o_cSE_424/q$_DFF_P_	cSE[424]	output	8.874	1390.932	94.77
ar.u_o_cSE_425/lk$_DFF_N_	cSE[425]	output_lockup	10.086	1389.528	94.77
ar.u_o_cSE_425/q$_DFF_P_	cSE[425]	output	11.49	1388.124	94.77
ar.u_o_cSE_426/lk$_DFF_N_	cSE[426]	output_lockup	7.356	1392.336	95.04
ar.u_o_cSE_426/q$_DFF_P_	cSE[426]	output	8.76	1390.932	95.04
ar.u_o_cSE_427/lk$_DFF_N_	cSE[427]	output_lockup	7.434	1392.336	95.31
ar.u_o_cSE_427/q$_DFF_P_	cSE[427]	output	8.838	1390.932	95.31
ar.u_o_cSE_428/lk$_DFF_N_	cSE[428]	output_lockup	10.05	1389.528	95.31
ar.u_o_cSE_428/q$_DFF_P_	cSE[428]	output	11.454	1388.124	95.31
ar.u_o_cSE_429/lk$_DFF_N_	cSE[429]	output_lockup	7.32	1392.336	95.58
ar.u_o_cSE_429/q$_DFF_P_	cSE[429]	output	8.724	1390.932	95.58
ar.u_o_cSE_430/lk$_DFF_N_	cSE[430]	output_lockup	7.398	1392.336	95.85
ar.u_o_cSE_430/q$_DFF_P_	cSE[430]	output	8.802	1390.932	95.85
ar.u_o_cSE_431/lk$_DFF_N_	cSE[431]	output_lockup	7.476	1392.336	96.12
ar.u_o_cSE_431/q$_DFF_P_	cSE[431]	output	8.88	1390.932	96.12
ar.u_o_cSE_432/lk$_DFF_N_	cSE[432]	output_lockup	10.092	1389.528	96.12
ar.u_o_cSE_432/q$_DFF_P_	cSE[432]	output	11.496	1388.124	96.12
ar.u_o_cSE_433/lk$_DFF_N_	cSE[433]	output_lockup	7.362	1392.336	96.39
ar.u_o_cSE_433/q$_DFF_P_	cSE[433]	output	8.766	1390.932	96.39
ar.u_o_cSE_434/lk$_DFF_N_	cSE[434]	output_lockup	7.44	1392.336	96.66
ar.u_o_cSE_434/q$_DFF_P_	cSE[434]	output	8.844	1390.932	96.66
ar.u_o_cSE_435/lk$_DFF_N_	cSE[435]	output_lockup	10.056	1389.528	96.66
ar.u_o_cSE_435/q$_DFF_P_	cSE[435]	output	11.46	1388.124	96.66
ar.u_o_cSE_436/lk$_DFF_N_	cSE[436]	output_lockup	7.326	1392.336	96.93
ar.u_o_cSE_436/q$_DFF_P_	cSE[436]	output	8.73	1390.932	96.93
ar.u_o_cSE_437/lk$_DFF_N_	cSE[437]	output_lockup	7.404	1392.336	97.2
ar.u_o_cSE_437/q$_DFF_P_	cSE[437]	output	8.808	1390.932	97.2
ar.u_o_cSE_438/lk$_DFF_N_	cSE[438]	output_lockup	7.482	1392.336	97.47
ar.u_o_cSE_438/q$_DFF_P_	cSE[438]	output	8.886	1390.932	97.47
ar.u_o_cSE_439/lk$_DFF_N_	cSE[439]	output_lockup	10.098	1389.528	97.47
ar.u_o_cSE_439/q$_DFF_P_	cSE[439]	output	11.502	1388.124	97.47
ar.u_o_cSE_440/lk$_DFF_N_	cSE[440]	output_lockup	7.368	1392.336	97.74
ar.u_o_cSE_440/q$_DFF_P_	cSE[440]	output	8.772	1390.932	97.74
ar.u_o_cSE_441/lk$_DFF_N_	cSE[441]	output_lockup	7.446	1392.336	98.01
ar.u_o_cSE_441/q$_DFF_P_	cSE[441]	output	8.85	1390.932	98.01
ar.u_o_cSE_442/lk$_DFF_N_	cSE[442]	output_lockup	10.062	1389.528	98.01
ar.u_o_cSE_442/q$_DFF_P_	cSE[442]	output	11.466	1388.124	98.01
ar.u_o_cSE_443/lk$_DFF_N_	cSE[443]	output_lockup	7.332	1392.336	98.28
ar.u_o_cSE_443/q$_DFF_P_	cSE[443]	output	8.736	1390.932	98.28
ar.u_o_cSE_444/lk$_DFF_N_	cSE[444]	output_lockup	7.41	1392.336	98.55
ar.u_o_cSE_444/q$_DFF_P_	cSE[444]	output	8.814	1390.932	98.55
ar.u_o_cSE_458/lk$_DFF_N_	cSE[458]	output_lockup	7.422	1392.336	101.25
ar.u_o_cSE_458/q$_DFF_P_	cSE[458]	output	8.826	1390.932	101.25
ar.u_o_cSE_459/lk$_DFF_N_	cSE[459]	output_lockup	10.038	1389.528	101.25
ar.u_o_cSE_459/q$_DFF_P_	cSE[459]	output	11.442	1388.124	101.25
ar.u_o_cSE_46/lk$_DFF_N_	cSE[46]	output_lockup	7.416	1392.336	22.14
ar.u_o_cSE_46/q$_DFF_P_	cSE[46]	output	8.82	1390.932	22.14
ar.u_o_cSE_460/lk$_DFF_N_	cSE[460]	output_lockup	7.308	1392.336	101.52
ar.u_o_cSE_460/q$_DFF_P_	cSE[460]	output	8.712	1390.932	101.52
ar.u_o_cSE_461/lk$_DFF_N_	cSE[461]	output_lockup	7.386	1392.336	101.79
ar.u_o_cSE_461/q$_DFF_P_	cSE[461]	output	8.79	1390.932	101.79
ar.u_o_cSE_462/lk$_DFF_N_	cSE[462]	output_lockup	7.464	1392.336	102.06
ar.u_o_cSE_462/q$_DFF_P_	cSE[462]	output	8.868	1390.932	102.06
ar.u_o_cSE_463/lk$_DFF_N_	cSE[463]	output_lockup	10.08	1389.528	102.06
ar.u_o_cSE_463/q$_DFF_P_	cSE[463]	output	11.484	1388.124	102.06
ar.u_o_cSE_464/lk$_DFF_N_	cSE[464]	output_lockup	7.35	1392.336	102.33
ar.u_o_cSE_464/q$_DFF_P_	cSE[464]	output	8.754	1390.932	102.33
ar.u_o_cSE_465/lk$_DFF_N_	cSE[465]	output_lockup	7.428	1392.336	102.6
ar.u_o_cSE_465/q$_DFF_P_	cSE[465]	output	8.832	1390.932	102.6
ar.u_o_cSE_466/lk$_DFF_N_	cSE[466]	output_lockup	10.044	1389.528	102.6
ar.u_o_cSE_466/q$_DFF_P_	cSE[466]	output	11.448	1388.124	102.6
ar.u_o_cSE_467/lk$_DFF_N_	cSE[467]	output_lockup	7.314	1392.336	102.87
ar.u_o_cSE_467/q$_DFF_P_	cSE[467]	output	8.718	1390.932	102.87
ar.u_o_cSE_468/lk$_DFF_N_	cSE[468]	output_lockup	7.392	1392.336	103.14
ar.u_o_cSE_468/q$_DFF_P_	cSE[468]	output	8.796	1390.932	103.14
ar.u_o_cSE_469/lk$_DFF_N_	cSE[469]	output_lockup	7.47	1392.336	103.41
ar.u_o_cSE_469/q$_DFF_P_	cSE[469]	output	8.874	1390.932	103.41
ar.u_o_cSE_47/lk$_DFF_N_	cSE[47]	output_lockup	10.032	1389.528	22.14
ar.u_o_cSE_47/q$_DFF_P_	cSE[47]	output	11.436	1388.124	22.14
ar.u_o_cSE_470/lk$_DFF_N_	cSE[470]	output_lockup	10.086	1389.528	103.41
ar.u_o_cSE_470/q$_DFF_P_	cSE[470]	output	11.49	1388.124	103.41
ar.u_o_cSE_471/lk$_DFF_N_	cSE[471]	output_lockup	7.356	1392.336	103.68
ar.u_o_cSE_471/q$_DFF_P_	cSE[471]	output	8.76	1390.932	103.68
ar.u_o_cSE_472/lk$_DFF_N_	cSE[472]	output_lockup	7.434	1392.336	103.95
ar.u_o_cSE_472/q$_DFF_P_	cSE[472]	output	8.838	1390.932	103.95
ar.u_o_cSE_473/lk$_DFF_N_	cSE[473]	output_lockup	10.05	1389.528	103.95
ar.u_o_cSE_473/q$_DFF_P_	cSE[473]	output	11.454	1388.124	103.95
ar.u_o_cSE_474/lk$_DFF_N_	cSE[474]	output_lockup	7.32	1392.336	104.22
ar.u_o_cSE_474/q$_DFF_P_	cSE[474]	output	8.724	1390.932	104.22
ar.u_o_cSE_475/lk$_DFF_N_	cSE[475]	output_lockup	7.398	1392.336	104.49
ar.u_o_cSE_475/q$_DFF_P_	cSE[475]	output	8.802	1390.932	104.49
ar.u_o_cSE_476/lk$_DFF_N_	cSE[476]	output_lockup	7.476	1392.336	104.76
ar.u_o_cSE_476/q$_DFF_P_	cSE[476]	output	8.88	1390.932	104.76
ar.u_o_cSE_477/lk$_DFF_N_	cSE[477]	output_lockup	10.092	1389.528	104.76
ar.u_o_cSE_477/q$_DFF_P_	cSE[477]	output	11.496	1388.124	104.76
ar.u_o_cSE_478/lk$_DFF_N_	cSE[478]	output_lockup	7.362	1392.336	105.03
ar.u_o_cSE_478/q$_DFF_P_	cSE[478]	output	8.766	1390.932	105.03
ar.u_o_cSE_479/lk$_DFF_N_	cSE[479]	output_lockup	7.44	1392.336	105.3
ar.u_o_cSE_479/q$_DFF_P_	cSE[479]	output	8.844	1390.932	105.3
ar.u_o_cSE_48/lk$_DFF_N_	cSE[48]	output_lockup	7.302	1392.336	22.41
ar.u_o_cSE_48/q$_DFF_P_	cSE[48]	output	8.706	1390.932	22.41
ar.u_o_cSE_480/lk$_DFF_N_	cSE[480]	output_lockup	10.056	1389.528	105.3
ar.u_o_cSE_480/q$_DFF_P_	cSE[480]	output	11.46	1388.124	105.3
ar.u_o_cSE_481/lk$_DFF_N_	cSE[481]	output_lockup	7.326	1392.336	105.57
ar.u_o_cSE_481/q$_DFF_P_	cSE[481]	output	8.73	1390.932	105.57
ar.u_o_cSE_482/lk$_DFF_N_	cSE[482]	output_lockup	7.404	1392.336	105.84
ar.u_o_cSE_482/q$_DFF_P_	cSE[482]	output	8.808	1390.932	105.84
ar.u_o_cSE_483/lk$_DFF_N_	cSE[483]	output_lockup	7.482	1392.336	106.11
ar.u_o_cSE_483/q$_DFF_P_	cSE[483]	output	8.886	1390.932	106.11
ar.u_o_cSE_484/lk$_DFF_N_	cSE[484]	output_lockup	10.098	1389.528	106.11
ar.u_o_cSE_484/q$_DFF_P_	cSE[484]	output	11.502	1388.124	106.11
ar.u_o_cSE_485/lk$_DFF_N_	cSE[485]	output_lockup	7.368	1392.336	106.38
ar.u_o_cSE_485/q$_DFF_P_	cSE[485]	output	8.772	1390.932	106.38
ar.u_o_cSE_486/lk$_DFF_N_	cSE[486]	output_lockup	7.446	1392.336	106.65
ar.u_o_cSE_486/q$_DFF_P_	cSE[486]	output	8.85	1390.932	106.65
ar.u_o_cSE_487/lk$_DFF_N_	cSE[487]	output_lockup	10.062	1389.528	106.65
ar.u_o_cSE_487/q$_DFF_P_	cSE[487]	output	11.466	1388.124	106.65
ar.u_o_cSE_488/lk$_DFF_N_	cSE[488]	output_lockup	7.332	1392.336	106.92
ar.u_o_cSE_488/q$_DFF_P_	cSE[488]	output	8.736	1390.932	106.92
ar.u_o_cSE_489/lk$_DFF_N_	cSE[489]	output_lockup	7.41	1392.336	107.19
ar.u_o_cSE_489/q$_DFF_P_	cSE[489]	output	8.814	1390.932	107.19
ar.u_o_cSE_49/lk$_DFF_N_	cSE[49]	output_lockup	7.38	1392.336	22.68
ar.u_o_cSE_49/q$_DFF_P_	cSE[49]	output	8.784	1390.932	22.68
ar.u_o_cSE_490/lk$_DFF_N_	cSE[490]	output_lockup	7.488	1392.336	107.46
ar.u_o_cSE_490/q$_DFF_P_	cSE[490]	output	8.892	1390.932	107.46
ar.u_o_cSE_491/lk$_DFF_N_	cSE[491]	output_lockup	10.104	1389.528	107.46
ar.u_o_cSE_491/q$_DFF_P_	cSE[491]	output	11.508	1388.124	107.46
ar.u_o_cSE_492/lk$_DFF_N_	cSE[492]	output_lockup	7.374	1392.336	107.73
ar.u_o_cSE_492/q$_DFF_P_	cSE[492]	output	8.778	1390.932	107.73
ar.u_o_cSE_493/lk$_DFF_N_	cSE[493]	output_lockup	7.452	1392.336	108.0
ar.u_o_cSE_493/q$_DFF_P_	cSE[493]	output	8.856	1390.932	108.0
ar.u_o_cSE_494/lk$_DFF_N_	cSE[494]	output_lockup	10.068	1389.528	108.0
ar.u_o_cSE_494/q$_DFF_P_	cSE[494]	output	11.472	1388.124	108.0
ar.u_o_cSE_495/lk$_DFF_N_	cSE[495]	output_lockup	7.338	1392.336	108.27
ar.u_o_cSE_495/q$_DFF_P_	cSE[495]	output	8.742	1390.932	108.27
ar.u_o_cSE_496/lk$_DFF_N_	cSE[496]	output_lockup	7.416	1392.336	108.54
ar.u_o_cSE_496/q$_DFF_P_	cSE[496]	output	8.82	1390.932	108.54
ar.u_o_cSE_497/lk$_DFF_N_	cSE[497]	output_lockup	10.032	1389.528	108.54
ar.u_o_cSE_497/q$_DFF_P_	cSE[497]	output	11.436	1388.124	108.54
ar.u_o_cSE_498/lk$_DFF_N_	cSE[498]	output_lockup	7.302	1392.336	108.81
ar.u_o_cSE_498/q$_DFF_P_	cSE[498]	output	8.706	1390.932	108.81
ar.u_o_cSE_499/lk$_DFF_N_	cSE[499]	output_lockup	7.38	1392.336	109.08
ar.u_o_cSE_499/q$_DFF_P_	cSE[499]	output	8.784	1390.932	109.08
ar.u_o_cSE_5/lk$_DFF_N_	cSE[5]	output_lockup	7.458	1392.336	14.31
ar.u_o_cSE_5/q$_DFF_P_	cSE[5]	output	8.862	1390.932	14.31
ar.u_o_cSE_50/lk$_DFF_N_	cSE[50]	output_lockup	7.458	1392.336	22.95
ar.u_o_cSE_50/q$_DFF_P_	cSE[50]	output	8.862	1390.932	22.95
ar.u_o_cSE_500/lk$_DFF_N_	cSE[500]	output_lockup	7.458	1392.336	109.35
ar.u_o_cSE_500/q$_DFF_P_	cSE[500]	output	8.862	1390.932	109.35
ar.u_o_cSE_501/lk$_DFF_N_	cSE[501]	output_lockup	10.074	1389.528	109.35
ar.u_o_cSE_501/q$_DFF_P_	cSE[501]	output	11.478	1388.124	109.35
ar.u_o_cSE_502/lk$_DFF_N_	cSE[502]	output_lockup	7.344	1392.336	109.62
ar.u_o_cSE_502/q$_DFF_P_	cSE[502]	output	8.748	1390.932	109.62
ar.u_o_cSE_503/lk$_DFF_N_	cSE[503]	output_lockup	7.422	1392.336	109.89
ar.u_o_cSE_503/q$_DFF_P_	cSE[503]	output	8.826	1390.932	109.89
ar.u_o_cSE_504/lk$_DFF_N_	cSE[504]	output_lockup	10.038	1389.528	109.89
ar.u_o_cSE_504/q$_DFF_P_	cSE[504]	output	11.442	1388.124	109.89
ar.u_o_cSE_505/lk$_DFF_N_	cSE[505]	output_lockup	7.308	1392.336	110.16
ar.u_o_cSE_505/q$_DFF_P_	cSE[505]	output	8.712	1390.932	110.16
ar.u_o_cSE_506/lk$_DFF_N_	cSE[506]	output_lockup	7.386	1392.336	110.43
ar.u_o_cSE_506/q$_DFF_P_	cSE[506]	output	8.79	1390.932	110.43
ar.u_o_cSE_507/lk$_DFF_N_	cSE[507]	output_lockup	7.464	1392.336	110.7
ar.u_o_cSE_507/q$_DFF_P_	cSE[507]	output	8.868	1390.932	110.7
ar.u_o_cSE_508/lk$_DFF_N_	cSE[508]	output_lockup	10.08	1389.528	110.7
ar.u_o_cSE_508/q$_DFF_P_	cSE[508]	output	11.484	1388.124	110.7
ar.u_o_cSE_509/lk$_DFF_N_	cSE[509]	output_lockup	7.35	1392.336	110.97
ar.u_o_cSE_509/q$_DFF_P_	cSE[509]	output	8.754	1390.932	110.97
ar.u_o_cSE_51/lk$_DFF_N_	cSE[51]	output_lockup	10.074	1389.528	22.95
ar.u_o_cSE_51/q$_DFF_P_	cSE[51]	output	11.478	1388.124	22.95
ar.u_o_cSE_516/lk$_DFF_N_	cSE[516]	output_lockup	7.356	1392.336	112.32
ar.u_o_cSE_516/q$_DFF_P_	cSE[516]	output	8.76	1390.932	112.32
ar.u_o_cSE_517/lk$_DFF_N_	cSE[517]	output_lockup	7.434	1392.336	112.59
ar.u_o_cSE_517/q$_DFF_P_	cSE[517]	output	8.838	1390.932	112.59
ar.u_o_cSE_518/lk$_DFF_N_	cSE[518]	output_lockup	10.05	1389.528	112.59
ar.u_o_cSE_518/q$_DFF_P_	cSE[518]	output	11.454	1388.124	112.59
ar.u_o_cSE_519/lk$_DFF_N_	cSE[519]	output_lockup	7.32	1392.336	112.86
ar.u_o_cSE_519/q$_DFF_P_	cSE[519]	output	8.724	1390.932	112.86
ar.u_o_cSE_52/lk$_DFF_N_	cSE[52]	output_lockup	7.344	1392.336	23.22
ar.u_o_cSE_52/q$_DFF_P_	cSE[52]	output	8.748	1390.932	23.22
ar.u_o_cSE_520/lk$_DFF_N_	cSE[520]	output_lockup	7.398	1392.336	113.13
ar.u_o_cSE_520/q$_DFF_P_	cSE[520]	output	8.802	1390.932	113.13
ar.u_o_cSE_521/lk$_DFF_N_	cSE[521]	output_lockup	7.476	1392.336	113.4
ar.u_o_cSE_521/q$_DFF_P_	cSE[521]	output	8.88	1390.932	113.4
ar.u_o_cSE_522/lk$_DFF_N_	cSE[522]	output_lockup	10.092	1389.528	113.4
ar.u_o_cSE_522/q$_DFF_P_	cSE[522]	output	11.496	1388.124	113.4
ar.u_o_cSE_523/lk$_DFF_N_	cSE[523]	output_lockup	7.362	1392.336	113.67
ar.u_o_cSE_523/q$_DFF_P_	cSE[523]	output	8.766	1390.932	113.67
ar.u_o_cSE_524/lk$_DFF_N_	cSE[524]	output_lockup	7.44	1392.336	113.94
ar.u_o_cSE_524/q$_DFF_P_	cSE[524]	output	8.844	1390.932	113.94
ar.u_o_cSE_525/lk$_DFF_N_	cSE[525]	output_lockup	10.056	1389.528	113.94
ar.u_o_cSE_525/q$_DFF_P_	cSE[525]	output	11.46	1388.124	113.94
ar.u_o_cSE_526/lk$_DFF_N_	cSE[526]	output_lockup	7.326	1392.336	114.21
ar.u_o_cSE_526/q$_DFF_P_	cSE[526]	output	8.73	1390.932	114.21
ar.u_o_cSE_527/lk$_DFF_N_	cSE[527]	output_lockup	7.404	1392.336	114.48
ar.u_o_cSE_527/q$_DFF_P_	cSE[527]	output	8.808	1390.932	114.48
ar.u_o_cSE_528/lk$_DFF_N_	cSE[528]	output_lockup	7.482	1392.336	114.75
ar.u_o_cSE_528/q$_DFF_P_	cSE[528]	output	8.886	1390.932	114.75
ar.u_o_cSE_529/lk$_DFF_N_	cSE[529]	output_lockup	10.098	1389.528	114.75
ar.u_o_cSE_529/q$_DFF_P_	cSE[529]	output	11.502	1388.124	114.75
ar.u_o_cSE_53/lk$_DFF_N_	cSE[53]	output_lockup	7.422	1392.336	23.49
ar.u_o_cSE_53/q$_DFF_P_	cSE[53]	output	8.826	1390.932	23.49
ar.u_o_cSE_530/lk$_DFF_N_	cSE[530]	output_lockup	7.368	1392.336	115.02
ar.u_o_cSE_530/q$_DFF_P_	cSE[530]	output	8.772	1390.932	115.02
ar.u_o_cSE_531/lk$_DFF_N_	cSE[531]	output_lockup	7.446	1392.336	115.29
ar.u_o_cSE_531/q$_DFF_P_	cSE[531]	output	8.85	1390.932	115.29
ar.u_o_cSE_532/lk$_DFF_N_	cSE[532]	output_lockup	10.062	1389.528	115.29
ar.u_o_cSE_532/q$_DFF_P_	cSE[532]	output	11.466	1388.124	115.29
ar.u_o_cSE_533/lk$_DFF_N_	cSE[533]	output_lockup	7.332	1392.336	115.56
ar.u_o_cSE_533/q$_DFF_P_	cSE[533]	output	8.736	1390.932	115.56
ar.u_o_cSE_534/lk$_DFF_N_	cSE[534]	output_lockup	7.41	1392.336	115.83
ar.u_o_cSE_534/q$_DFF_P_	cSE[534]	output	8.814	1390.932	115.83
ar.u_o_cSE_535/lk$_DFF_N_	cSE[535]	output_lockup	7.488	1392.336	116.1
ar.u_o_cSE_535/q$_DFF_P_	cSE[535]	output	8.892	1390.932	116.1
ar.u_o_cSE_536/lk$_DFF_N_	cSE[536]	output_lockup	10.104	1389.528	116.1
ar.u_o_cSE_536/q$_DFF_P_	cSE[536]	output	11.508	1388.124	116.1
ar.u_o_cSE_537/lk$_DFF_N_	cSE[537]	output_lockup	7.374	1392.336	116.37
ar.u_o_cSE_537/q$_DFF_P_	cSE[537]	output	8.778	1390.932	116.37
ar.u_o_cSE_538/lk$_DFF_N_	cSE[538]	output_lockup	7.452	1392.336	116.64
ar.u_o_cSE_538/q$_DFF_P_	cSE[538]	output	8.856	1390.932	116.64
ar.u_o_cSE_539/lk$_DFF_N_	cSE[539]	output_lockup	10.068	1389.528	116.64
ar.u_o_cSE_539/q$_DFF_P_	cSE[539]	output	11.472	1388.124	116.64
ar.u_o_cSE_54/lk$_DFF_N_	cSE[54]	output_lockup	10.038	1389.528	23.49
ar.u_o_cSE_54/q$_DFF_P_	cSE[54]	output	11.442	1388.124	23.49
ar.u_o_cSE_540/lk$_DFF_N_	cSE[540]	output_lockup	7.338	1392.336	116.91
ar.u_o_cSE_540/q$_DFF_P_	cSE[540]	output	8.742	1390.932	116.91
ar.u_o_cSE_541/lk$_DFF_N_	cSE[541]	output_lockup	7.416	1392.336	117.18
ar.u_o_cSE_541/q$_DFF_P_	cSE[541]	output	8.82	1390.932	117.18
ar.u_o_cSE_542/lk$_DFF_N_	cSE[542]	output_lockup	10.032	1389.528	117.18
ar.u_o_cSE_542/q$_DFF_P_	cSE[542]	output	11.436	1388.124	117.18
ar.u_o_cSE_543/lk$_DFF_N_	cSE[543]	output_lockup	7.302	1392.336	117.45
ar.u_o_cSE_543/q$_DFF_P_	cSE[543]	output	8.706	1390.932	117.45
ar.u_o_cSE_544/lk$_DFF_N_	cSE[544]	output_lockup	7.38	1392.336	117.72
ar.u_o_cSE_544/q$_DFF_P_	cSE[544]	output	8.784	1390.932	117.72
ar.u_o_cSE_545/lk$_DFF_N_	cSE[545]	output_lockup	7.458	1392.336	117.99
ar.u_o_cSE_545/q$_DFF_P_	cSE[545]	output	8.862	1390.932	117.99
ar.u_o_cSE_546/lk$_DFF_N_	cSE[546]	output_lockup	10.074	1389.528	117.99
ar.u_o_cSE_546/q$_DFF_P_	cSE[546]	output	11.478	1388.124	117.99
ar.u_o_cSE_547/lk$_DFF_N_	cSE[547]	output_lockup	7.344	1392.336	118.26
ar.u_o_cSE_547/q$_DFF_P_	cSE[547]	output	8.748	1390.932	118.26
ar.u_o_cSE_55/lk$_DFF_N_	cSE[55]	output_lockup	7.308	1392.336	23.76
ar.u_o_cSE_55/q$_DFF_P_	cSE[55]	output	8.712	1390.932	23.76
ar.u_o_cSE_56/lk$_DFF_N_	cSE[56]	output_lockup	7.386	1392.336	24.03
ar.u_o_cSE_56/q$_DFF_P_	cSE[56]	output	8.79	1390.932	24.03
ar.u_o_cSE_561/lk$_DFF_N_	cSE[561]	output_lockup	7.356	1392.336	120.96
ar.u_o_cSE_561/q$_DFF_P_	cSE[561]	output	8.76	1390.932	120.96
ar.u_o_cSE_562/lk$_DFF_N_	cSE[562]	output_lockup	7.434	1392.336	121.23
ar.u_o_cSE_562/q$_DFF_P_	cSE[562]	output	8.838	1390.932	121.23
ar.u_o_cSE_563/lk$_DFF_N_	cSE[563]	output_lockup	10.05	1389.528	121.23
ar.u_o_cSE_563/q$_DFF_P_	cSE[563]	output	11.454	1388.124	121.23
ar.u_o_cSE_564/lk$_DFF_N_	cSE[564]	output_lockup	7.32	1392.336	121.5
ar.u_o_cSE_564/q$_DFF_P_	cSE[564]	output	8.724	1390.932	121.5
ar.u_o_cSE_565/lk$_DFF_N_	cSE[565]	output_lockup	7.398	1392.336	121.77
ar.u_o_cSE_565/q$_DFF_P_	cSE[565]	output	8.802	1390.932	121.77
ar.u_o_cSE_566/lk$_DFF_N_	cSE[566]	output_lockup	7.476	1392.336	122.04
ar.u_o_cSE_566/q$_DFF_P_	cSE[566]	output	8.88	1390.932	122.04
ar.u_o_cSE_567/lk$_DFF_N_	cSE[567]	output_lockup	10.092	1389.528	122.04
ar.u_o_cSE_567/q$_DFF_P_	cSE[567]	output	11.496	1388.124	122.04
ar.u_o_cSE_568/lk$_DFF_N_	cSE[568]	output_lockup	7.362	1392.336	122.31
ar.u_o_cSE_568/q$_DFF_P_	cSE[568]	output	8.766	1390.932	122.31
ar.u_o_cSE_569/lk$_DFF_N_	cSE[569]	output_lockup	7.44	1392.336	122.58
ar.u_o_cSE_569/q$_DFF_P_	cSE[569]	output	8.844	1390.932	122.58
ar.u_o_cSE_57/lk$_DFF_N_	cSE[57]	output_lockup	7.464	1392.336	24.3
ar.u_o_cSE_57/q$_DFF_P_	cSE[57]	output	8.868	1390.932	24.3
ar.u_o_cSE_570/lk$_DFF_N_	cSE[570]	output_lockup	10.056	1389.528	122.58
ar.u_o_cSE_570/q$_DFF_P_	cSE[570]	output	11.46	1388.124	122.58
ar.u_o_cSE_571/lk$_DFF_N_	cSE[571]	output_lockup	7.326	1392.336	122.85
ar.u_o_cSE_571/q$_DFF_P_	cSE[571]	output	8.73	1390.932	122.85
ar.u_o_cSE_572/lk$_DFF_N_	cSE[572]	output_lockup	7.404	1392.336	123.12
ar.u_o_cSE_572/q$_DFF_P_	cSE[572]	output	8.808	1390.932	123.12
ar.u_o_cSE_573/lk$_DFF_N_	cSE[573]	output_lockup	7.482	1392.336	123.39
ar.u_o_cSE_573/q$_DFF_P_	cSE[573]	output	8.886	1390.932	123.39
ar.u_o_cSE_574/lk$_DFF_N_	cSE[574]	output_lockup	10.098	1389.528	123.39
ar.u_o_cSE_574/q$_DFF_P_	cSE[574]	output	11.502	1388.124	123.39
ar.u_o_cSE_575/lk$_DFF_N_	cSE[575]	output_lockup	7.368	1392.336	123.66
ar.u_o_cSE_575/q$_DFF_P_	cSE[575]	output	8.772	1390.932	123.66
ar.u_o_cSE_576/lk$_DFF_N_	cSE[576]	output_lockup	7.446	1392.336	123.93
ar.u_o_cSE_576/q$_DFF_P_	cSE[576]	output	8.85	1390.932	123.93
ar.u_o_cSE_577/lk$_DFF_N_	cSE[577]	output_lockup	10.062	1389.528	123.93
ar.u_o_cSE_577/q$_DFF_P_	cSE[577]	output	11.466	1388.124	123.93
ar.u_o_cSE_578/lk$_DFF_N_	cSE[578]	output_lockup	7.332	1392.336	124.2
ar.u_o_cSE_578/q$_DFF_P_	cSE[578]	output	8.736	1390.932	124.2
ar.u_o_cSE_579/lk$_DFF_N_	cSE[579]	output_lockup	7.41	1392.336	124.47
ar.u_o_cSE_579/q$_DFF_P_	cSE[579]	output	8.814	1390.932	124.47
ar.u_o_cSE_58/lk$_DFF_N_	cSE[58]	output_lockup	10.08	1389.528	24.3
ar.u_o_cSE_58/q$_DFF_P_	cSE[58]	output	11.484	1388.124	24.3
ar.u_o_cSE_580/lk$_DFF_N_	cSE[580]	output_lockup	7.488	1392.336	124.74
ar.u_o_cSE_580/q$_DFF_P_	cSE[580]	output	8.892	1390.932	124.74
ar.u_o_cSE_581/lk$_DFF_N_	cSE[581]	output_lockup	10.104	1389.528	124.74
ar.u_o_cSE_581/q$_DFF_P_	cSE[581]	output	11.508	1388.124	124.74
ar.u_o_cSE_582/lk$_DFF_N_	cSE[582]	output_lockup	7.374	1392.336	125.01
ar.u_o_cSE_582/q$_DFF_P_	cSE[582]	output	8.778	1390.932	125.01
ar.u_o_cSE_583/lk$_DFF_N_	cSE[583]	output_lockup	7.452	1392.336	125.28
ar.u_o_cSE_583/q$_DFF_P_	cSE[583]	output	8.856	1390.932	125.28
ar.u_o_cSE_584/lk$_DFF_N_	cSE[584]	output_lockup	10.068	1389.528	125.28
ar.u_o_cSE_584/q$_DFF_P_	cSE[584]	output	11.472	1388.124	125.28
ar.u_o_cSE_585/lk$_DFF_N_	cSE[585]	output_lockup	7.338	1392.336	125.55
ar.u_o_cSE_585/q$_DFF_P_	cSE[585]	output	8.742	1390.932	125.55
ar.u_o_cSE_586/lk$_DFF_N_	cSE[586]	output_lockup	7.416	1392.336	125.82
ar.u_o_cSE_586/q$_DFF_P_	cSE[586]	output	8.82	1390.932	125.82
ar.u_o_cSE_587/lk$_DFF_N_	cSE[587]	output_lockup	10.032	1389.528	125.82
ar.u_o_cSE_587/q$_DFF_P_	cSE[587]	output	11.436	1388.124	125.82
ar.u_o_cSE_588/lk$_DFF_N_	cSE[588]	output_lockup	7.302	1392.336	126.09
ar.u_o_cSE_588/q$_DFF_P_	cSE[588]	output	8.706	1390.932	126.09
ar.u_o_cSE_589/lk$_DFF_N_	cSE[589]	output_lockup	7.38	1392.336	126.36
ar.u_o_cSE_589/q$_DFF_P_	cSE[589]	output	8.784	1390.932	126.36
ar.u_o_cSE_59/lk$_DFF_N_	cSE[59]	output_lockup	7.35	1392.336	24.57
ar.u_o_cSE_59/q$_DFF_P_	cSE[59]	output	8.754	1390.932	24.57
ar.u_o_cSE_590/lk$_DFF_N_	cSE[590]	output_lockup	7.458	1392.336	126.63
ar.u_o_cSE_590/q$_DFF_P_	cSE[590]	output	8.862	1390.932	126.63
ar.u_o_cSE_591/lk$_DFF_N_	cSE[591]	output_lockup	10.074	1389.528	126.63
ar.u_o_cSE_591/q$_DFF_P_	cSE[591]	output	11.478	1388.124	126.63
ar.u_o_cSE_592/lk$_DFF_N_	cSE[592]	output_lockup	7.344	1392.336	126.9
ar.u_o_cSE_592/q$_DFF_P_	cSE[592]	output	8.748	1390.932	126.9
ar.u_o_cSE_593/lk$_DFF_N_	cSE[593]	output_lockup	7.422	1392.336	127.17
ar.u_o_cSE_593/q$_DFF_P_	cSE[593]	output	8.826	1390.932	127.17
ar.u_o_cSE_594/lk$_DFF_N_	cSE[594]	output_lockup	10.038	1389.528	127.17
ar.u_o_cSE_594/q$_DFF_P_	cSE[594]	output	11.442	1388.124	127.17
ar.u_o_cSE_595/lk$_DFF_N_	cSE[595]	output_lockup	7.308	1392.336	127.44
ar.u_o_cSE_595/q$_DFF_P_	cSE[595]	output	8.712	1390.932	127.44
ar.u_o_cSE_596/lk$_DFF_N_	cSE[596]	output_lockup	7.386	1392.336	127.71
ar.u_o_cSE_596/q$_DFF_P_	cSE[596]	output	8.79	1390.932	127.71
ar.u_o_cSE_597/lk$_DFF_N_	cSE[597]	output_lockup	7.464	1392.336	127.98
ar.u_o_cSE_597/q$_DFF_P_	cSE[597]	output	8.868	1390.932	127.98
ar.u_o_cSE_598/lk$_DFF_N_	cSE[598]	output_lockup	10.08	1389.528	127.98
ar.u_o_cSE_598/q$_DFF_P_	cSE[598]	output	11.484	1388.124	127.98
ar.u_o_cSE_599/lk$_DFF_N_	cSE[599]	output_lockup	7.35	1392.336	128.25
ar.u_o_cSE_599/q$_DFF_P_	cSE[599]	output	8.754	1390.932	128.25
ar.u_o_cSE_6/lk$_DFF_N_	cSE[6]	output_lockup	10.074	1389.528	14.31
ar.u_o_cSE_6/q$_DFF_P_	cSE[6]	output	11.478	1388.124	14.31
ar.u_o_cSE_60/lk$_DFF_N_	cSE[60]	output_lockup	7.428	1392.336	24.84
ar.u_o_cSE_60/q$_DFF_P_	cSE[60]	output	8.832	1390.932	24.84
ar.u_o_cSE_600/lk$_DFF_N_	cSE[600]	output_lockup	7.428	1392.336	128.52
ar.u_o_cSE_600/q$_DFF_P_	cSE[600]	output	8.832	1390.932	128.52
ar.u_o_cSE_601/lk$_DFF_N_	cSE[601]	output_lockup	10.044	1389.528	128.52
ar.u_o_cSE_601/q$_DFF_P_	cSE[601]	output	11.448	1388.124	128.52
ar.u_o_cSE_602/lk$_DFF_N_	cSE[602]	output_lockup	7.314	1392.336	128.79
ar.u_o_cSE_602/q$_DFF_P_	cSE[602]	output	8.718	1390.932	128.79
ar.u_o_cSE_603/lk$_DFF_N_	cSE[603]	output_lockup	7.392	1392.336	129.06
ar.u_o_cSE_603/q$_DFF_P_	cSE[603]	output	8.796	1390.932	129.06
ar.u_o_cSE_604/lk$_DFF_N_	cSE[604]	output_lockup	7.47	1392.336	129.33
ar.u_o_cSE_604/q$_DFF_P_	cSE[604]	output	8.874	1390.932	129.33
ar.u_o_cSE_605/lk$_DFF_N_	cSE[605]	output_lockup	10.086	1389.528	129.33
ar.u_o_cSE_605/q$_DFF_P_	cSE[605]	output	11.49	1388.124	129.33
ar.u_o_cSE_606/lk$_DFF_N_	cSE[606]	output_lockup	7.356	1392.336	129.6
ar.u_o_cSE_606/q$_DFF_P_	cSE[606]	output	8.76	1390.932	129.6
ar.u_o_cSE_607/lk$_DFF_N_	cSE[607]	output_lockup	7.434	1392.336	129.87
ar.u_o_cSE_607/q$_DFF_P_	cSE[607]	output	8.838	1390.932	129.87
ar.u_o_cSE_608/lk$_DFF_N_	cSE[608]	output_lockup	10.05	1389.528	129.87
ar.u_o_cSE_608/q$_DFF_P_	cSE[608]	output	11.454	1388.124	129.87
ar.u_o_cSE_609/lk$_DFF_N_	cSE[609]	output_lockup	7.32	1392.336	130.14
ar.u_o_cSE_609/q$_DFF_P_	cSE[609]	output	8.724	1390.932	130.14
ar.u_o_cSE_61/lk$_DFF_N_	cSE[61]	output_lockup	10.044	1389.528	24.84
ar.u_o_cSE_61/q$_DFF_P_	cSE[61]	output	11.448	1388.124	24.84
ar.u_o_cSE_610/lk$_DFF_N_	cSE[610]	output_lockup	7.398	1392.336	130.41
ar.u_o_cSE_610/q$_DFF_P_	cSE[610]	output	8.802	1390.932	130.41
ar.u_o_cSE_611/lk$_DFF_N_	cSE[611]	output_lockup	7.476	1392.336	130.68
ar.u_o_cSE_611/q$_DFF_P_	cSE[611]	output	8.88	1390.932	130.68
ar.u_o_cSE_612/lk$_DFF_N_	cSE[612]	output_lockup	10.092	1389.528	130.68
ar.u_o_cSE_612/q$_DFF_P_	cSE[612]	output	11.496	1388.124	130.68
ar.u_o_cSE_619/lk$_DFF_N_	cSE[619]	output_lockup	10.098	1389.528	132.03
ar.u_o_cSE_619/q$_DFF_P_	cSE[619]	output	11.502	1388.124	132.03
ar.u_o_cSE_62/lk$_DFF_N_	cSE[62]	output_lockup	7.314	1392.336	25.11
ar.u_o_cSE_62/q$_DFF_P_	cSE[62]	output	8.718	1390.932	25.11
ar.u_o_cSE_620/lk$_DFF_N_	cSE[620]	output_lockup	7.368	1392.336	132.3
ar.u_o_cSE_620/q$_DFF_P_	cSE[620]	output	8.772	1390.932	132.3
ar.u_o_cSE_621/lk$_DFF_N_	cSE[621]	output_lockup	7.446	1392.336	132.57
ar.u_o_cSE_621/q$_DFF_P_	cSE[621]	output	8.85	1390.932	132.57
ar.u_o_cSE_622/lk$_DFF_N_	cSE[622]	output_lockup	10.062	1389.528	132.57
ar.u_o_cSE_622/q$_DFF_P_	cSE[622]	output	11.466	1388.124	132.57
ar.u_o_cSE_623/lk$_DFF_N_	cSE[623]	output_lockup	7.332	1392.336	132.84
ar.u_o_cSE_623/q$_DFF_P_	cSE[623]	output	8.736	1390.932	132.84
ar.u_o_cSE_624/lk$_DFF_N_	cSE[624]	output_lockup	7.41	1392.336	133.11
ar.u_o_cSE_624/q$_DFF_P_	cSE[624]	output	8.814	1390.932	133.11
ar.u_o_cSE_625/lk$_DFF_N_	cSE[625]	output_lockup	7.488	1392.336	133.38
ar.u_o_cSE_625/q$_DFF_P_	cSE[625]	output	8.892	1390.932	133.38
ar.u_o_cSE_626/lk$_DFF_N_	cSE[626]	output_lockup	10.104	1389.528	133.38
ar.u_o_cSE_626/q$_DFF_P_	cSE[626]	output	11.508	1388.124	133.38
ar.u_o_cSE_627/lk$_DFF_N_	cSE[627]	output_lockup	7.374	1392.336	133.65
ar.u_o_cSE_627/q$_DFF_P_	cSE[627]	output	8.778	1390.932	133.65
ar.u_o_cSE_628/lk$_DFF_N_	cSE[628]	output_lockup	7.452	1392.336	133.92
ar.u_o_cSE_628/q$_DFF_P_	cSE[628]	output	8.856	1390.932	133.92
ar.u_o_cSE_629/lk$_DFF_N_	cSE[629]	output_lockup	10.068	1389.528	133.92
ar.u_o_cSE_629/q$_DFF_P_	cSE[629]	output	11.472	1388.124	133.92
ar.u_o_cSE_63/lk$_DFF_N_	cSE[63]	output_lockup	7.392	1392.336	25.38
ar.u_o_cSE_63/q$_DFF_P_	cSE[63]	output	8.796	1390.932	25.38
ar.u_o_cSE_630/lk$_DFF_N_	cSE[630]	output_lockup	7.338	1392.336	134.19
ar.u_o_cSE_630/q$_DFF_P_	cSE[630]	output	8.742	1390.932	134.19
ar.u_o_cSE_631/lk$_DFF_N_	cSE[631]	output_lockup	7.416	1392.336	134.46
ar.u_o_cSE_631/q$_DFF_P_	cSE[631]	output	8.82	1390.932	134.46
ar.u_o_cSE_632/lk$_DFF_N_	cSE[632]	output_lockup	10.032	1389.528	134.46
ar.u_o_cSE_632/q$_DFF_P_	cSE[632]	output	11.436	1388.124	134.46
ar.u_o_cSE_633/lk$_DFF_N_	cSE[633]	output_lockup	7.302	1392.336	134.73
ar.u_o_cSE_633/q$_DFF_P_	cSE[633]	output	8.706	1390.932	134.73
ar.u_o_cSE_634/lk$_DFF_N_	cSE[634]	output_lockup	7.38	1392.336	135.0
ar.u_o_cSE_634/q$_DFF_P_	cSE[634]	output	8.784	1390.932	135.0
ar.u_o_cSE_635/lk$_DFF_N_	cSE[635]	output_lockup	7.458	1392.336	135.27
ar.u_o_cSE_635/q$_DFF_P_	cSE[635]	output	8.862	1390.932	135.27
ar.u_o_cSE_636/lk$_DFF_N_	cSE[636]	output_lockup	10.074	1389.528	135.27
ar.u_o_cSE_636/q$_DFF_P_	cSE[636]	output	11.478	1388.124	135.27
ar.u_o_cSE_637/lk$_DFF_N_	cSE[637]	output_lockup	7.344	1392.336	135.54
ar.u_o_cSE_637/q$_DFF_P_	cSE[637]	output	8.748	1390.932	135.54
ar.u_o_cSE_638/lk$_DFF_N_	cSE[638]	output_lockup	7.422	1392.336	135.81
ar.u_o_cSE_638/q$_DFF_P_	cSE[638]	output	8.826	1390.932	135.81
ar.u_o_cSE_639/lk$_DFF_N_	cSE[639]	output_lockup	10.038	1389.528	135.81
ar.u_o_cSE_639/q$_DFF_P_	cSE[639]	output	11.442	1388.124	135.81
ar.u_o_cSE_64/lk$_DFF_N_	cSE[64]	output_lockup	7.47	1392.336	25.65
ar.u_o_cSE_64/q$_DFF_P_	cSE[64]	output	8.874	1390.932	25.65
ar.u_o_cSE_640/lk$_DFF_N_	cSE[640]	output_lockup	7.308	1392.336	136.08
ar.u_o_cSE_640/q$_DFF_P_	cSE[640]	output	8.712	1390.932	136.08
ar.u_o_cSE_641/lk$_DFF_N_	cSE[641]	output_lockup	7.386	1392.336	136.35
ar.u_o_cSE_641/q$_DFF_P_	cSE[641]	output	8.79	1390.932	136.35
ar.u_o_cSE_642/lk$_DFF_N_	cSE[642]	output_lockup	7.464	1392.336	136.62
ar.u_o_cSE_642/q$_DFF_P_	cSE[642]	output	8.868	1390.932	136.62
ar.u_o_cSE_643/lk$_DFF_N_	cSE[643]	output_lockup	10.08	1389.528	136.62
ar.u_o_cSE_643/q$_DFF_P_	cSE[643]	output	11.484	1388.124	136.62
ar.u_o_cSE_644/lk$_DFF_N_	cSE[644]	output_lockup	7.35	1392.336	136.89
ar.u_o_cSE_644/q$_DFF_P_	cSE[644]	output	8.754	1390.932	136.89
ar.u_o_cSE_645/lk$_DFF_N_	cSE[645]	output_lockup	7.428	1392.336	137.16
ar.u_o_cSE_645/q$_DFF_P_	cSE[645]	output	8.832	1390.932	137.16
ar.u_o_cSE_646/lk$_DFF_N_	cSE[646]	output_lockup	10.044	1389.528	137.16
ar.u_o_cSE_646/q$_DFF_P_	cSE[646]	output	11.448	1388.124	137.16
ar.u_o_cSE_647/lk$_DFF_N_	cSE[647]	output_lockup	7.314	1392.336	137.43
ar.u_o_cSE_647/q$_DFF_P_	cSE[647]	output	8.718	1390.932	137.43
ar.u_o_cSE_648/lk$_DFF_N_	cSE[648]	output_lockup	7.392	1392.336	137.7
ar.u_o_cSE_648/q$_DFF_P_	cSE[648]	output	8.796	1390.932	137.7
ar.u_o_cSE_649/lk$_DFF_N_	cSE[649]	output_lockup	7.47	1392.336	137.97
ar.u_o_cSE_649/q$_DFF_P_	cSE[649]	output	8.874	1390.932	137.97
ar.u_o_cSE_65/lk$_DFF_N_	cSE[65]	output_lockup	10.086	1389.528	25.65
ar.u_o_cSE_65/q$_DFF_P_	cSE[65]	output	11.49	1388.124	25.65
ar.u_o_cSE_650/lk$_DFF_N_	cSE[650]	output_lockup	10.086	1389.528	137.97
ar.u_o_cSE_650/q$_DFF_P_	cSE[650]	output	11.49	1388.124	137.97
ar.u_o_cSE_66/lk$_DFF_N_	cSE[66]	output_lockup	7.356	1392.336	25.92
ar.u_o_cSE_66/q$_DFF_P_	cSE[66]	output	8.76	1390.932	25.92
ar.u_o_cSE_664/lk$_DFF_N_	cSE[664]	output_lockup	10.098	1389.528	140.67
ar.u_o_cSE_664/q$_DFF_P_	cSE[664]	output	11.502	1388.124	140.67
ar.u_o_cSE_665/lk$_DFF_N_	cSE[665]	output_lockup	7.368	1392.336	140.94
ar.u_o_cSE_665/q$_DFF_P_	cSE[665]	output	8.772	1390.932	140.94
ar.u_o_cSE_666/lk$_DFF_N_	cSE[666]	output_lockup	7.446	1392.336	141.21
ar.u_o_cSE_666/q$_DFF_P_	cSE[666]	output	8.85	1390.932	141.21
ar.u_o_cSE_667/lk$_DFF_N_	cSE[667]	output_lockup	10.062	1389.528	141.21
ar.u_o_cSE_667/q$_DFF_P_	cSE[667]	output	11.466	1388.124	141.21
ar.u_o_cSE_668/lk$_DFF_N_	cSE[668]	output_lockup	7.332	1392.336	141.48
ar.u_o_cSE_668/q$_DFF_P_	cSE[668]	output	8.736	1390.932	141.48
ar.u_o_cSE_669/lk$_DFF_N_	cSE[669]	output_lockup	7.41	1392.336	141.75
ar.u_o_cSE_669/q$_DFF_P_	cSE[669]	output	8.814	1390.932	141.75
ar.u_o_cSE_67/lk$_DFF_N_	cSE[67]	output_lockup	7.434	1392.336	26.19
ar.u_o_cSE_67/q$_DFF_P_	cSE[67]	output	8.838	1390.932	26.19
ar.u_o_cSE_670/lk$_DFF_N_	cSE[670]	output_lockup	7.488	1392.336	142.02
ar.u_o_cSE_670/q$_DFF_P_	cSE[670]	output	8.892	1390.932	142.02
ar.u_o_cSE_671/lk$_DFF_N_	cSE[671]	output_lockup	10.104	1389.528	142.02
ar.u_o_cSE_671/q$_DFF_P_	cSE[671]	output	11.508	1388.124	142.02
ar.u_o_cSE_672/lk$_DFF_N_	cSE[672]	output_lockup	7.374	1392.336	142.29
ar.u_o_cSE_672/q$_DFF_P_	cSE[672]	output	8.778	1390.932	142.29
ar.u_o_cSE_673/lk$_DFF_N_	cSE[673]	output_lockup	7.452	1392.336	142.56
ar.u_o_cSE_673/q$_DFF_P_	cSE[673]	output	8.856	1390.932	142.56
ar.u_o_cSE_674/lk$_DFF_N_	cSE[674]	output_lockup	10.068	1389.528	142.56
ar.u_o_cSE_674/q$_DFF_P_	cSE[674]	output	11.472	1388.124	142.56
ar.u_o_cSE_675/lk$_DFF_N_	cSE[675]	output_lockup	7.338	1392.336	142.83
ar.u_o_cSE_675/q$_DFF_P_	cSE[675]	output	8.742	1390.932	142.83
ar.u_o_cSE_676/lk$_DFF_N_	cSE[676]	output_lockup	7.416	1392.336	143.1
ar.u_o_cSE_676/q$_DFF_P_	cSE[676]	output	8.82	1390.932	143.1
ar.u_o_cSE_677/lk$_DFF_N_	cSE[677]	output_lockup	10.032	1389.528	143.1
ar.u_o_cSE_677/q$_DFF_P_	cSE[677]	output	11.436	1388.124	143.1
ar.u_o_cSE_678/lk$_DFF_N_	cSE[678]	output_lockup	7.302	1392.336	143.37
ar.u_o_cSE_678/q$_DFF_P_	cSE[678]	output	8.706	1390.932	143.37
ar.u_o_cSE_679/lk$_DFF_N_	cSE[679]	output_lockup	7.38	1392.336	143.64
ar.u_o_cSE_679/q$_DFF_P_	cSE[679]	output	8.784	1390.932	143.64
ar.u_o_cSE_68/lk$_DFF_N_	cSE[68]	output_lockup	10.05	1389.528	26.19
ar.u_o_cSE_68/q$_DFF_P_	cSE[68]	output	11.454	1388.124	26.19
ar.u_o_cSE_680/lk$_DFF_N_	cSE[680]	output_lockup	7.458	1392.336	143.91
ar.u_o_cSE_680/q$_DFF_P_	cSE[680]	output	8.862	1390.932	143.91
ar.u_o_cSE_681/lk$_DFF_N_	cSE[681]	output_lockup	10.074	1389.528	143.91
ar.u_o_cSE_681/q$_DFF_P_	cSE[681]	output	11.478	1388.124	143.91
ar.u_o_cSE_682/lk$_DFF_N_	cSE[682]	output_lockup	7.344	1392.336	144.18
ar.u_o_cSE_682/q$_DFF_P_	cSE[682]	output	8.748	1390.932	144.18
ar.u_o_cSE_683/lk$_DFF_N_	cSE[683]	output_lockup	7.422	1392.336	144.45
ar.u_o_cSE_683/q$_DFF_P_	cSE[683]	output	8.826	1390.932	144.45
ar.u_o_cSE_684/lk$_DFF_N_	cSE[684]	output_lockup	10.038	1389.528	144.45
ar.u_o_cSE_684/q$_DFF_P_	cSE[684]	output	11.442	1388.124	144.45
ar.u_o_cSE_685/lk$_DFF_N_	cSE[685]	output_lockup	7.308	1392.336	144.72
ar.u_o_cSE_685/q$_DFF_P_	cSE[685]	output	8.712	1390.932	144.72
ar.u_o_cSE_686/lk$_DFF_N_	cSE[686]	output_lockup	7.386	1392.336	144.99
ar.u_o_cSE_686/q$_DFF_P_	cSE[686]	output	8.79	1390.932	144.99
ar.u_o_cSE_687/lk$_DFF_N_	cSE[687]	output_lockup	7.464	1392.336	145.26
ar.u_o_cSE_687/q$_DFF_P_	cSE[687]	output	8.868	1390.932	145.26
ar.u_o_cSE_688/lk$_DFF_N_	cSE[688]	output_lockup	10.08	1389.528	145.26
ar.u_o_cSE_688/q$_DFF_P_	cSE[688]	output	11.484	1388.124	145.26
ar.u_o_cSE_689/lk$_DFF_N_	cSE[689]	output_lockup	7.35	1392.336	145.53
ar.u_o_cSE_689/q$_DFF_P_	cSE[689]	output	8.754	1390.932	145.53
ar.u_o_cSE_69/lk$_DFF_N_	cSE[69]	output_lockup	7.32	1392.336	26.46
ar.u_o_cSE_69/q$_DFF_P_	cSE[69]	output	8.724	1390.932	26.46
ar.u_o_cSE_690/lk$_DFF_N_	cSE[690]	output_lockup	7.428	1392.336	145.8
ar.u_o_cSE_690/q$_DFF_P_	cSE[690]	output	8.832	1390.932	145.8
ar.u_o_cSE_691/lk$_DFF_N_	cSE[691]	output_lockup	10.044	1389.528	145.8
ar.u_o_cSE_691/q$_DFF_P_	cSE[691]	output	11.448	1388.124	145.8
ar.u_o_cSE_692/lk$_DFF_N_	cSE[692]	output_lockup	7.314	1392.336	146.07
ar.u_o_cSE_692/q$_DFF_P_	cSE[692]	output	8.718	1390.932	146.07
ar.u_o_cSE_693/lk$_DFF_N_	cSE[693]	output_lockup	7.392	1392.336	146.34
ar.u_o_cSE_693/q$_DFF_P_	cSE[693]	output	8.796	1390.932	146.34
ar.u_o_cSE_694/lk$_DFF_N_	cSE[694]	output_lockup	7.47	1392.336	146.61
ar.u_o_cSE_694/q$_DFF_P_	cSE[694]	output	8.874	1390.932	146.61
ar.u_o_cSE_695/lk$_DFF_N_	cSE[695]	output_lockup	10.086	1389.528	146.61
ar.u_o_cSE_695/q$_DFF_P_	cSE[695]	output	11.49	1388.124	146.61
ar.u_o_cSE_696/lk$_DFF_N_	cSE[696]	output_lockup	7.356	1392.336	146.88
ar.u_o_cSE_696/q$_DFF_P_	cSE[696]	output	8.76	1390.932	146.88
ar.u_o_cSE_697/lk$_DFF_N_	cSE[697]	output_lockup	7.434	1392.336	147.15
ar.u_o_cSE_697/q$_DFF_P_	cSE[697]	output	8.838	1390.932	147.15
ar.u_o_cSE_698/lk$_DFF_N_	cSE[698]	output_lockup	10.05	1389.528	147.15
ar.u_o_cSE_698/q$_DFF_P_	cSE[698]	output	11.454	1388.124	147.15
ar.u_o_cSE_699/lk$_DFF_N_	cSE[699]	output_lockup	7.32	1392.336	147.42
ar.u_o_cSE_699/q$_DFF_P_	cSE[699]	output	8.724	1390.932	147.42
ar.u_o_cSE_7/lk$_DFF_N_	cSE[7]	output_lockup	7.344	1392.336	14.58
ar.u_o_cSE_7/q$_DFF_P_	cSE[7]	output	8.748	1390.932	14.58
ar.u_o_cSE_70/lk$_DFF_N_	cSE[70]	output_lockup	7.398	1392.336	26.73
ar.u_o_cSE_70/q$_DFF_P_	cSE[70]	output	8.802	1390.932	26.73
ar.u_o_cSE_700/lk$_DFF_N_	cSE[700]	output_lockup	7.398	1392.336	147.69
ar.u_o_cSE_700/q$_DFF_P_	cSE[700]	output	8.802	1390.932	147.69
ar.u_o_cSE_701/lk$_DFF_N_	cSE[701]	output_lockup	7.476	1392.336	147.96
ar.u_o_cSE_701/q$_DFF_P_	cSE[701]	output	8.88	1390.932	147.96
ar.u_o_cSE_702/lk$_DFF_N_	cSE[702]	output_lockup	10.092	1389.528	147.96
ar.u_o_cSE_702/q$_DFF_P_	cSE[702]	output	11.496	1388.124	147.96
ar.u_o_cSE_703/lk$_DFF_N_	cSE[703]	output_lockup	7.362	1392.336	148.23
ar.u_o_cSE_703/q$_DFF_P_	cSE[703]	output	8.766	1390.932	148.23
ar.u_o_cSE_704/lk$_DFF_N_	cSE[704]	output_lockup	7.44	1392.336	148.5
ar.u_o_cSE_704/q$_DFF_P_	cSE[704]	output	8.844	1390.932	148.5
ar.u_o_cSE_705/lk$_DFF_N_	cSE[705]	output_lockup	10.056	1389.528	148.5
ar.u_o_cSE_705/q$_DFF_P_	cSE[705]	output	11.46	1388.124	148.5
ar.u_o_cSE_706/lk$_DFF_N_	cSE[706]	output_lockup	7.326	1392.336	148.77
ar.u_o_cSE_706/q$_DFF_P_	cSE[706]	output	8.73	1390.932	148.77
ar.u_o_cSE_707/lk$_DFF_N_	cSE[707]	output_lockup	7.404	1392.336	149.04
ar.u_o_cSE_707/q$_DFF_P_	cSE[707]	output	8.808	1390.932	149.04
ar.u_o_cSE_708/lk$_DFF_N_	cSE[708]	output_lockup	7.482	1392.336	149.31
ar.u_o_cSE_708/q$_DFF_P_	cSE[708]	output	8.886	1390.932	149.31
ar.u_o_cSE_709/lk$_DFF_N_	cSE[709]	output_lockup	10.098	1389.528	149.31
ar.u_o_cSE_709/q$_DFF_P_	cSE[709]	output	11.502	1388.124	149.31
ar.u_o_cSE_71/lk$_DFF_N_	cSE[71]	output_lockup	7.476	1392.336	27.0
ar.u_o_cSE_71/q$_DFF_P_	cSE[71]	output	8.88	1390.932	27.0
ar.u_o_cSE_710/lk$_DFF_N_	cSE[710]	output_lockup	7.368	1392.336	149.58
ar.u_o_cSE_710/q$_DFF_P_	cSE[710]	output	8.772	1390.932	149.58
ar.u_o_cSE_711/lk$_DFF_N_	cSE[711]	output_lockup	7.446	1392.336	149.85
ar.u_o_cSE_711/q$_DFF_P_	cSE[711]	output	8.85	1390.932	149.85
ar.u_o_cSE_712/lk$_DFF_N_	cSE[712]	output_lockup	10.062	1389.528	149.85
ar.u_o_cSE_712/q$_DFF_P_	cSE[712]	output	11.466	1388.124	149.85
ar.u_o_cSE_713/lk$_DFF_N_	cSE[713]	output_lockup	7.332	1392.336	150.12
ar.u_o_cSE_713/q$_DFF_P_	cSE[713]	output	8.736	1390.932	150.12
ar.u_o_cSE_714/lk$_DFF_N_	cSE[714]	output_lockup	7.41	1392.336	150.39
ar.u_o_cSE_714/q$_DFF_P_	cSE[714]	output	8.814	1390.932	150.39
ar.u_o_cSE_715/lk$_DFF_N_	cSE[715]	output_lockup	10.296	1389.528	150.66
ar.u_o_cSE_715/q$_DFF_P_	cSE[715]	output	11.7	1388.124	150.66
ar.u_o_cSE_72/lk$_DFF_N_	cSE[72]	output_lockup	10.092	1389.528	27.0
ar.u_o_cSE_72/q$_DFF_P_	cSE[72]	output	11.496	1388.124	27.0
ar.u_o_cSE_722/lk$_DFF_N_	cSE[722]	output_lockup	10.032	1389.528	151.74
ar.u_o_cSE_722/q$_DFF_P_	cSE[722]	output	11.436	1388.124	151.74
ar.u_o_cSE_723/lk$_DFF_N_	cSE[723]	output_lockup	7.302	1392.336	152.01
ar.u_o_cSE_723/q$_DFF_P_	cSE[723]	output	8.706	1390.932	152.01
ar.u_o_cSE_724/lk$_DFF_N_	cSE[724]	output_lockup	7.38	1392.336	152.28
ar.u_o_cSE_724/q$_DFF_P_	cSE[724]	output	8.784	1390.932	152.28
ar.u_o_cSE_725/lk$_DFF_N_	cSE[725]	output_lockup	7.458	1392.336	152.55
ar.u_o_cSE_725/q$_DFF_P_	cSE[725]	output	8.862	1390.932	152.55
ar.u_o_cSE_726/lk$_DFF_N_	cSE[726]	output_lockup	10.074	1389.528	152.55
ar.u_o_cSE_726/q$_DFF_P_	cSE[726]	output	11.478	1388.124	152.55
ar.u_o_cSE_727/lk$_DFF_N_	cSE[727]	output_lockup	7.344	1392.336	152.82
ar.u_o_cSE_727/q$_DFF_P_	cSE[727]	output	8.748	1390.932	152.82
ar.u_o_cSE_728/lk$_DFF_N_	cSE[728]	output_lockup	7.422	1392.336	153.09
ar.u_o_cSE_728/q$_DFF_P_	cSE[728]	output	8.826	1390.932	153.09
ar.u_o_cSE_729/lk$_DFF_N_	cSE[729]	output_lockup	10.038	1389.528	153.09
ar.u_o_cSE_729/q$_DFF_P_	cSE[729]	output	11.442	1388.124	153.09
ar.u_o_cSE_73/lk$_DFF_N_	cSE[73]	output_lockup	7.362	1392.336	27.27
ar.u_o_cSE_73/q$_DFF_P_	cSE[73]	output	8.766	1390.932	27.27
ar.u_o_cSE_730/lk$_DFF_N_	cSE[730]	output_lockup	7.308	1392.336	153.36
ar.u_o_cSE_730/q$_DFF_P_	cSE[730]	output	8.712	1390.932	153.36
ar.u_o_cSE_731/lk$_DFF_N_	cSE[731]	output_lockup	7.386	1392.336	153.63
ar.u_o_cSE_731/q$_DFF_P_	cSE[731]	output	8.79	1390.932	153.63
ar.u_o_cSE_732/lk$_DFF_N_	cSE[732]	output_lockup	7.464	1392.336	153.9
ar.u_o_cSE_732/q$_DFF_P_	cSE[732]	output	8.868	1390.932	153.9
ar.u_o_cSE_733/lk$_DFF_N_	cSE[733]	output_lockup	10.08	1389.528	153.9
ar.u_o_cSE_733/q$_DFF_P_	cSE[733]	output	11.484	1388.124	153.9
ar.u_o_cSE_734/lk$_DFF_N_	cSE[734]	output_lockup	7.35	1392.336	154.17
ar.u_o_cSE_734/q$_DFF_P_	cSE[734]	output	8.754	1390.932	154.17
ar.u_o_cSE_735/lk$_DFF_N_	cSE[735]	output_lockup	7.428	1392.336	154.44
ar.u_o_cSE_735/q$_DFF_P_	cSE[735]	output	8.832	1390.932	154.44
ar.u_o_cSE_736/lk$_DFF_N_	cSE[736]	output_lockup	10.044	1389.528	154.44
ar.u_o_cSE_736/q$_DFF_P_	cSE[736]	output	11.448	1388.124	154.44
ar.u_o_cSE_737/lk$_DFF_N_	cSE[737]	output_lockup	7.314	1392.336	154.71
ar.u_o_cSE_737/q$_DFF_P_	cSE[737]	output	8.718	1390.932	154.71
ar.u_o_cSE_738/lk$_DFF_N_	cSE[738]	output_lockup	7.392	1392.336	154.98
ar.u_o_cSE_738/q$_DFF_P_	cSE[738]	output	8.796	1390.932	154.98
ar.u_o_cSE_739/lk$_DFF_N_	cSE[739]	output_lockup	7.47	1392.336	155.25
ar.u_o_cSE_739/q$_DFF_P_	cSE[739]	output	8.874	1390.932	155.25
ar.u_o_cSE_74/lk$_DFF_N_	cSE[74]	output_lockup	7.44	1392.336	27.54
ar.u_o_cSE_74/q$_DFF_P_	cSE[74]	output	8.844	1390.932	27.54
ar.u_o_cSE_740/lk$_DFF_N_	cSE[740]	output_lockup	10.086	1389.528	155.25
ar.u_o_cSE_740/q$_DFF_P_	cSE[740]	output	11.49	1388.124	155.25
ar.u_o_cSE_741/lk$_DFF_N_	cSE[741]	output_lockup	7.356	1392.336	155.52
ar.u_o_cSE_741/q$_DFF_P_	cSE[741]	output	8.76	1390.932	155.52
ar.u_o_cSE_742/lk$_DFF_N_	cSE[742]	output_lockup	7.434	1392.336	155.79
ar.u_o_cSE_742/q$_DFF_P_	cSE[742]	output	8.838	1390.932	155.79
ar.u_o_cSE_743/lk$_DFF_N_	cSE[743]	output_lockup	10.05	1389.528	155.79
ar.u_o_cSE_743/q$_DFF_P_	cSE[743]	output	11.454	1388.124	155.79
ar.u_o_cSE_744/lk$_DFF_N_	cSE[744]	output_lockup	7.32	1392.336	156.06
ar.u_o_cSE_744/q$_DFF_P_	cSE[744]	output	8.724	1390.932	156.06
ar.u_o_cSE_745/lk$_DFF_N_	cSE[745]	output_lockup	7.398	1392.336	156.33
ar.u_o_cSE_745/q$_DFF_P_	cSE[745]	output	8.802	1390.932	156.33
ar.u_o_cSE_746/lk$_DFF_N_	cSE[746]	output_lockup	7.476	1392.336	156.6
ar.u_o_cSE_746/q$_DFF_P_	cSE[746]	output	8.88	1390.932	156.6
ar.u_o_cSE_747/lk$_DFF_N_	cSE[747]	output_lockup	10.092	1389.528	156.6
ar.u_o_cSE_747/q$_DFF_P_	cSE[747]	output	11.496	1388.124	156.6
ar.u_o_cSE_748/lk$_DFF_N_	cSE[748]	output_lockup	7.362	1392.336	156.87
ar.u_o_cSE_748/q$_DFF_P_	cSE[748]	output	8.766	1390.932	156.87
ar.u_o_cSE_749/lk$_DFF_N_	cSE[749]	output_lockup	7.44	1392.336	157.14
ar.u_o_cSE_749/q$_DFF_P_	cSE[749]	output	8.844	1390.932	157.14
ar.u_o_cSE_75/lk$_DFF_N_	cSE[75]	output_lockup	10.056	1389.528	27.54
ar.u_o_cSE_75/q$_DFF_P_	cSE[75]	output	11.46	1388.124	27.54
ar.u_o_cSE_750/lk$_DFF_N_	cSE[750]	output_lockup	10.056	1389.528	157.14
ar.u_o_cSE_750/q$_DFF_P_	cSE[750]	output	11.46	1388.124	157.14
ar.u_o_cSE_751/lk$_DFF_N_	cSE[751]	output_lockup	7.326	1392.336	157.41
ar.u_o_cSE_751/q$_DFF_P_	cSE[751]	output	8.73	1390.932	157.41
ar.u_o_cSE_752/lk$_DFF_N_	cSE[752]	output_lockup	7.404	1392.336	157.68
ar.u_o_cSE_752/q$_DFF_P_	cSE[752]	output	8.808	1390.932	157.68
ar.u_o_cSE_753/lk$_DFF_N_	cSE[753]	output_lockup	10.29	1389.528	157.95
ar.u_o_cSE_753/q$_DFF_P_	cSE[753]	output	11.694	1388.124	157.95
ar.u_o_cSE_76/lk$_DFF_N_	cSE[76]	output_lockup	7.326	1392.336	27.81
ar.u_o_cSE_76/q$_DFF_P_	cSE[76]	output	8.73	1390.932	27.81
ar.u_o_cSE_767/lk$_DFF_N_	cSE[767]	output_lockup	10.032	1389.528	160.38
ar.u_o_cSE_767/q$_DFF_P_	cSE[767]	output	11.436	1388.124	160.38
ar.u_o_cSE_768/lk$_DFF_N_	cSE[768]	output_lockup	7.302	1392.336	160.65
ar.u_o_cSE_768/q$_DFF_P_	cSE[768]	output	8.706	1390.932	160.65
ar.u_o_cSE_769/lk$_DFF_N_	cSE[769]	output_lockup	7.38	1392.336	160.92
ar.u_o_cSE_769/q$_DFF_P_	cSE[769]	output	8.784	1390.932	160.92
ar.u_o_cSE_77/lk$_DFF_N_	cSE[77]	output_lockup	7.404	1392.336	28.08
ar.u_o_cSE_77/q$_DFF_P_	cSE[77]	output	8.808	1390.932	28.08
ar.u_o_cSE_770/lk$_DFF_N_	cSE[770]	output_lockup	7.458	1392.336	161.19
ar.u_o_cSE_770/q$_DFF_P_	cSE[770]	output	8.862	1390.932	161.19
ar.u_o_cSE_771/lk$_DFF_N_	cSE[771]	output_lockup	10.074	1389.528	161.19
ar.u_o_cSE_771/q$_DFF_P_	cSE[771]	output	11.478	1388.124	161.19
ar.u_o_cSE_772/lk$_DFF_N_	cSE[772]	output_lockup	7.344	1392.336	161.46
ar.u_o_cSE_772/q$_DFF_P_	cSE[772]	output	8.748	1390.932	161.46
ar.u_o_cSE_773/lk$_DFF_N_	cSE[773]	output_lockup	7.422	1392.336	161.73
ar.u_o_cSE_773/q$_DFF_P_	cSE[773]	output	8.826	1390.932	161.73
ar.u_o_cSE_774/lk$_DFF_N_	cSE[774]	output_lockup	10.038	1389.528	161.73
ar.u_o_cSE_774/q$_DFF_P_	cSE[774]	output	11.442	1388.124	161.73
ar.u_o_cSE_775/lk$_DFF_N_	cSE[775]	output_lockup	7.308	1392.336	162.0
ar.u_o_cSE_775/q$_DFF_P_	cSE[775]	output	8.712	1390.932	162.0
ar.u_o_cSE_776/lk$_DFF_N_	cSE[776]	output_lockup	7.386	1392.336	162.27
ar.u_o_cSE_776/q$_DFF_P_	cSE[776]	output	8.79	1390.932	162.27
ar.u_o_cSE_777/lk$_DFF_N_	cSE[777]	output_lockup	7.464	1392.336	162.54
ar.u_o_cSE_777/q$_DFF_P_	cSE[777]	output	8.868	1390.932	162.54
ar.u_o_cSE_778/lk$_DFF_N_	cSE[778]	output_lockup	10.08	1389.528	162.54
ar.u_o_cSE_778/q$_DFF_P_	cSE[778]	output	11.484	1388.124	162.54
ar.u_o_cSE_779/lk$_DFF_N_	cSE[779]	output_lockup	7.35	1392.336	162.81
ar.u_o_cSE_779/q$_DFF_P_	cSE[779]	output	8.754	1390.932	162.81
ar.u_o_cSE_78/lk$_DFF_N_	cSE[78]	output_lockup	7.482	1392.336	28.35
ar.u_o_cSE_78/q$_DFF_P_	cSE[78]	output	8.886	1390.932	28.35
ar.u_o_cSE_780/lk$_DFF_N_	cSE[780]	output_lockup	7.428	1392.336	163.08
ar.u_o_cSE_780/q$_DFF_P_	cSE[780]	output	8.832	1390.932	163.08
ar.u_o_cSE_781/lk$_DFF_N_	cSE[781]	output_lockup	10.044	1389.528	163.08
ar.u_o_cSE_781/q$_DFF_P_	cSE[781]	output	11.448	1388.124	163.08
ar.u_o_cSE_782/lk$_DFF_N_	cSE[782]	output_lockup	7.314	1392.336	163.35
ar.u_o_cSE_782/q$_DFF_P_	cSE[782]	output	8.718	1390.932	163.35
ar.u_o_cSE_783/lk$_DFF_N_	cSE[783]	output_lockup	7.392	1392.336	163.62
ar.u_o_cSE_783/q$_DFF_P_	cSE[783]	output	8.796	1390.932	163.62
ar.u_o_cSE_784/lk$_DFF_N_	cSE[784]	output_lockup	7.47	1392.336	163.89
ar.u_o_cSE_784/q$_DFF_P_	cSE[784]	output	8.874	1390.932	163.89
ar.u_o_cSE_785/lk$_DFF_N_	cSE[785]	output_lockup	10.086	1389.528	163.89
ar.u_o_cSE_785/q$_DFF_P_	cSE[785]	output	11.49	1388.124	163.89
ar.u_o_cSE_786/lk$_DFF_N_	cSE[786]	output_lockup	7.356	1392.336	164.16
ar.u_o_cSE_786/q$_DFF_P_	cSE[786]	output	8.76	1390.932	164.16
ar.u_o_cSE_787/lk$_DFF_N_	cSE[787]	output_lockup	7.434	1392.336	164.43
ar.u_o_cSE_787/q$_DFF_P_	cSE[787]	output	8.838	1390.932	164.43
ar.u_o_cSE_788/lk$_DFF_N_	cSE[788]	output_lockup	10.05	1389.528	164.43
ar.u_o_cSE_788/q$_DFF_P_	cSE[788]	output	11.454	1388.124	164.43
ar.u_o_cSE_789/lk$_DFF_N_	cSE[789]	output_lockup	7.32	1392.336	164.7
ar.u_o_cSE_789/q$_DFF_P_	cSE[789]	output	8.724	1390.932	164.7
ar.u_o_cSE_79/lk$_DFF_N_	cSE[79]	output_lockup	10.098	1389.528	28.35
ar.u_o_cSE_79/q$_DFF_P_	cSE[79]	output	11.502	1388.124	28.35
ar.u_o_cSE_790/lk$_DFF_N_	cSE[790]	output_lockup	7.398	1392.336	164.97
ar.u_o_cSE_790/q$_DFF_P_	cSE[790]	output	8.802	1390.932	164.97
ar.u_o_cSE_791/lk$_DFF_N_	cSE[791]	output_lockup	7.476	1392.336	165.24
ar.u_o_cSE_791/q$_DFF_P_	cSE[791]	output	8.88	1390.932	165.24
ar.u_o_cSE_792/lk$_DFF_N_	cSE[792]	output_lockup	10.092	1389.528	165.24
ar.u_o_cSE_792/q$_DFF_P_	cSE[792]	output	11.496	1388.124	165.24
ar.u_o_cSE_793/lk$_DFF_N_	cSE[793]	output_lockup	7.362	1392.336	165.51
ar.u_o_cSE_793/q$_DFF_P_	cSE[793]	output	8.766	1390.932	165.51
ar.u_o_cSE_794/lk$_DFF_N_	cSE[794]	output_lockup	7.44	1392.336	165.78
ar.u_o_cSE_794/q$_DFF_P_	cSE[794]	output	8.844	1390.932	165.78
ar.u_o_cSE_795/lk$_DFF_N_	cSE[795]	output_lockup	10.056	1389.528	165.78
ar.u_o_cSE_795/q$_DFF_P_	cSE[795]	output	11.46	1388.124	165.78
ar.u_o_cSE_796/lk$_DFF_N_	cSE[796]	output_lockup	7.326	1392.336	166.05
ar.u_o_cSE_796/q$_DFF_P_	cSE[796]	output	8.73	1390.932	166.05
ar.u_o_cSE_797/lk$_DFF_N_	cSE[797]	output_lockup	7.404	1392.336	166.32
ar.u_o_cSE_797/q$_DFF_P_	cSE[797]	output	8.808	1390.932	166.32
ar.u_o_cSE_798/lk$_DFF_N_	cSE[798]	output_lockup	7.482	1392.336	166.59
ar.u_o_cSE_798/q$_DFF_P_	cSE[798]	output	8.886	1390.932	166.59
ar.u_o_cSE_799/lk$_DFF_N_	cSE[799]	output_lockup	10.098	1389.528	166.59
ar.u_o_cSE_799/q$_DFF_P_	cSE[799]	output	11.502	1388.124	166.59
ar.u_o_cSE_8/lk$_DFF_N_	cSE[8]	output_lockup	7.422	1392.336	14.85
ar.u_o_cSE_8/q$_DFF_P_	cSE[8]	output	8.826	1390.932	14.85
ar.u_o_cSE_80/lk$_DFF_N_	cSE[80]	output_lockup	7.368	1392.336	28.62
ar.u_o_cSE_80/q$_DFF_P_	cSE[80]	output	8.772	1390.932	28.62
ar.u_o_cSE_800/lk$_DFF_N_	cSE[800]	output_lockup	7.368	1392.336	166.86
ar.u_o_cSE_800/q$_DFF_P_	cSE[800]	output	8.772	1390.932	166.86
ar.u_o_cSE_801/lk$_DFF_N_	cSE[801]	output_lockup	7.446	1392.336	167.13
ar.u_o_cSE_801/q$_DFF_P_	cSE[801]	output	8.85	1390.932	167.13
ar.u_o_cSE_802/lk$_DFF_N_	cSE[802]	output_lockup	10.062	1389.528	167.13
ar.u_o_cSE_802/q$_DFF_P_	cSE[802]	output	11.466	1388.124	167.13
ar.u_o_cSE_803/lk$_DFF_N_	cSE[803]	output_lockup	7.332	1392.336	167.4
ar.u_o_cSE_803/q$_DFF_P_	cSE[803]	output	8.736	1390.932	167.4
ar.u_o_cSE_804/lk$_DFF_N_	cSE[804]	output_lockup	7.41	1392.336	167.67
ar.u_o_cSE_804/q$_DFF_P_	cSE[804]	output	8.814	1390.932	167.67
ar.u_o_cSE_805/lk$_DFF_N_	cSE[805]	output_lockup	7.488	1392.336	167.94
ar.u_o_cSE_805/q$_DFF_P_	cSE[805]	output	8.892	1390.932	167.94
ar.u_o_cSE_806/lk$_DFF_N_	cSE[806]	output_lockup	10.104	1389.528	167.94
ar.u_o_cSE_806/q$_DFF_P_	cSE[806]	output	11.508	1388.124	167.94
ar.u_o_cSE_807/lk$_DFF_N_	cSE[807]	output_lockup	7.374	1392.336	168.21
ar.u_o_cSE_807/q$_DFF_P_	cSE[807]	output	8.778	1390.932	168.21
ar.u_o_cSE_808/lk$_DFF_N_	cSE[808]	output_lockup	7.452	1392.336	168.48
ar.u_o_cSE_808/q$_DFF_P_	cSE[808]	output	8.856	1390.932	168.48
ar.u_o_cSE_809/lk$_DFF_N_	cSE[809]	output_lockup	10.068	1389.528	168.48
ar.u_o_cSE_809/q$_DFF_P_	cSE[809]	output	11.472	1388.124	168.48
ar.u_o_cSE_81/lk$_DFF_N_	cSE[81]	output_lockup	7.446	1392.336	28.89
ar.u_o_cSE_81/q$_DFF_P_	cSE[81]	output	8.85	1390.932	28.89
ar.u_o_cSE_810/lk$_DFF_N_	cSE[810]	output_lockup	7.338	1392.336	168.75
ar.u_o_cSE_810/q$_DFF_P_	cSE[810]	output	8.742	1390.932	168.75
ar.u_o_cSE_811/lk$_DFF_N_	cSE[811]	output_lockup	7.416	1392.336	169.02
ar.u_o_cSE_811/q$_DFF_P_	cSE[811]	output	8.82	1390.932	169.02
ar.u_o_cSE_812/lk$_DFF_N_	cSE[812]	output_lockup	10.032	1389.528	169.02
ar.u_o_cSE_812/q$_DFF_P_	cSE[812]	output	11.436	1388.124	169.02
ar.u_o_cSE_813/lk$_DFF_N_	cSE[813]	output_lockup	7.302	1392.336	169.29
ar.u_o_cSE_813/q$_DFF_P_	cSE[813]	output	8.706	1390.932	169.29
ar.u_o_cSE_814/lk$_DFF_N_	cSE[814]	output_lockup	7.38	1392.336	169.56
ar.u_o_cSE_814/q$_DFF_P_	cSE[814]	output	8.784	1390.932	169.56
ar.u_o_cSE_815/lk$_DFF_N_	cSE[815]	output_lockup	7.458	1392.336	169.83
ar.u_o_cSE_815/q$_DFF_P_	cSE[815]	output	8.862	1390.932	169.83
ar.u_o_cSE_816/lk$_DFF_N_	cSE[816]	output_lockup	10.074	1389.528	169.83
ar.u_o_cSE_816/q$_DFF_P_	cSE[816]	output	11.478	1388.124	169.83
ar.u_o_cSE_817/lk$_DFF_N_	cSE[817]	output_lockup	7.344	1392.336	170.1
ar.u_o_cSE_817/q$_DFF_P_	cSE[817]	output	8.748	1390.932	170.1
ar.u_o_cSE_818/lk$_DFF_N_	cSE[818]	output_lockup	10.23	1389.528	170.37
ar.u_o_cSE_818/q$_DFF_P_	cSE[818]	output	11.634	1388.124	170.37
ar.u_o_cSE_82/lk$_DFF_N_	cSE[82]	output_lockup	10.062	1389.528	28.89
ar.u_o_cSE_82/q$_DFF_P_	cSE[82]	output	11.466	1388.124	28.89
ar.u_o_cSE_83/lk$_DFF_N_	cSE[83]	output_lockup	7.332	1392.336	29.16
ar.u_o_cSE_83/q$_DFF_P_	cSE[83]	output	8.736	1390.932	29.16
ar.u_o_cSE_84/lk$_DFF_N_	cSE[84]	output_lockup	7.41	1392.336	29.43
ar.u_o_cSE_84/q$_DFF_P_	cSE[84]	output	8.814	1390.932	29.43
ar.u_o_cSE_85/lk$_DFF_N_	cSE[85]	output_lockup	7.488	1392.336	29.7
ar.u_o_cSE_85/q$_DFF_P_	cSE[85]	output	8.892	1390.932	29.7
ar.u_o_cSE_86/lk$_DFF_N_	cSE[86]	output_lockup	10.104	1389.528	29.7
ar.u_o_cSE_86/q$_DFF_P_	cSE[86]	output	11.508	1388.124	29.7
ar.u_o_cSE_87/lk$_DFF_N_	cSE[87]	output_lockup	7.374	1392.336	29.97
ar.u_o_cSE_87/q$_DFF_P_	cSE[87]	output	8.778	1390.932	29.97
ar.u_o_cSE_88/lk$_DFF_N_	cSE[88]	output_lockup	7.452	1392.336	30.24
ar.u_o_cSE_88/q$_DFF_P_	cSE[88]	output	8.856	1390.932	30.24
ar.u_o_cSE_89/lk$_DFF_N_	cSE[89]	output_lockup	10.068	1389.528	30.24
ar.u_o_cSE_89/q$_DFF_P_	cSE[89]	output	11.472	1388.124	30.24
ar.u_o_cSE_9/lk$_DFF_N_	cSE[9]	output_lockup	10.038	1389.528	14.85
ar.u_o_cSE_9/q$_DFF_P_	cSE[9]	output	11.442	1388.124	14.85
ar.u_o_cSE_90/lk$_DFF_N_	cSE[90]	output_lockup	7.338	1392.336	30.51
ar.u_o_cSE_90/q$_DFF_P_	cSE[90]	output	8.742	1390.932	30.51
ar.u_o_cSE_91/lk$_DFF_N_	cSE[91]	output_lockup	7.416	1392.336	30.78
ar.u_o_cSE_91/q$_DFF_P_	cSE[91]	output	8.82	1390.932	30.78
ar.u_o_cSE_92/lk$_DFF_N_	cSE[92]	output_lockup	10.032	1389.528	30.78
ar.u_o_cSE_92/q$_DFF_P_	cSE[92]	output	11.436	1388.124	30.78
ar.u_o_cSE_93/lk$_DFF_N_	cSE[93]	output_lockup	7.302	1392.336	31.05
ar.u_o_cSE_93/q$_DFF_P_	cSE[93]	output	8.706	1390.932	31.05
ar.u_o_cSE_94/lk$_DFF_N_	cSE[94]	output_lockup	7.38	1392.336	31.32
ar.u_o_cSE_94/q$_DFF_P_	cSE[94]	output	8.784	1390.932	31.32
ar.u_o_cSE_95/lk$_DFF_N_	cSE[95]	output_lockup	7.458	1392.336	31.59
ar.u_o_cSE_95/q$_DFF_P_	cSE[95]	output	8.862	1390.932	31.59
ar.u_o_cSE_96/lk$_DFF_N_	cSE[96]	output_lockup	10.074	1389.528	31.59
ar.u_o_cSE_96/q$_DFF_P_	cSE[96]	output	11.478	1388.124	31.59
ar.u_o_cSE_97/lk$_DFF_N_	cSE[97]	output_lockup	7.344	1392.336	31.86
ar.u_o_cSE_97/q$_DFF_P_	cSE[97]	output	8.748	1390.932	31.86
ar.u_o_cSW_1/lk$_DFF_N_	cSW[1]	output_lockup	6.09	5.994	13.5
ar.u_o_cSW_1/q$_DFF_P_	cSW[1]	output	7.494	7.398	13.5
ar.u_o_cSW_10/lk$_DFF_N_	cSW[10]	output_lockup	5.982	5.994	15.12
ar.u_o_cSW_10/q$_DFF_P_	cSW[10]	output	7.386	7.398	15.12
ar.u_o_cSW_104/lk$_DFF_N_	cSW[104]	output_lockup	6.024	5.994	33.21
ar.u_o_cSW_104/q$_DFF_P_	cSW[104]	output	7.428	7.398	33.21
ar.u_o_cSW_105/lk$_DFF_N_	cSW[105]	output_lockup	6.102	5.994	33.48
ar.u_o_cSW_105/q$_DFF_P_	cSW[105]	output	7.506	7.398	33.48
ar.u_o_cSW_106/lk$_DFF_N_	cSW[106]	output_lockup	8.718	8.802	33.48
ar.u_o_cSW_106/q$_DFF_P_	cSW[106]	output	10.122	10.206	33.48
ar.u_o_cSW_107/lk$_DFF_N_	cSW[107]	output_lockup	5.988	5.994	33.75
ar.u_o_cSW_107/q$_DFF_P_	cSW[107]	output	7.392	7.398	33.75
ar.u_o_cSW_108/lk$_DFF_N_	cSW[108]	output_lockup	6.066	5.994	34.02
ar.u_o_cSW_108/q$_DFF_P_	cSW[108]	output	7.47	7.398	34.02
ar.u_o_cSW_109/lk$_DFF_N_	cSW[109]	output_lockup	6.144	5.994	34.29
ar.u_o_cSW_109/q$_DFF_P_	cSW[109]	output	7.548	7.398	34.29
ar.u_o_cSW_11/lk$_DFF_N_	cSW[11]	output_lockup	6.06	5.994	15.39
ar.u_o_cSW_11/q$_DFF_P_	cSW[11]	output	7.464	7.398	15.39
ar.u_o_cSW_110/lk$_DFF_N_	cSW[110]	output_lockup	8.76	8.802	34.29
ar.u_o_cSW_110/q$_DFF_P_	cSW[110]	output	10.164	10.206	34.29
ar.u_o_cSW_111/lk$_DFF_N_	cSW[111]	output_lockup	6.03	5.994	34.56
ar.u_o_cSW_111/q$_DFF_P_	cSW[111]	output	7.434	7.398	34.56
ar.u_o_cSW_112/lk$_DFF_N_	cSW[112]	output_lockup	6.108	5.994	34.83
ar.u_o_cSW_112/q$_DFF_P_	cSW[112]	output	7.512	7.398	34.83
ar.u_o_cSW_113/lk$_DFF_N_	cSW[113]	output_lockup	8.724	8.802	34.83
ar.u_o_cSW_113/q$_DFF_P_	cSW[113]	output	10.128	10.206	34.83
ar.u_o_cSW_114/lk$_DFF_N_	cSW[114]	output_lockup	5.994	5.994	35.1
ar.u_o_cSW_114/q$_DFF_P_	cSW[114]	output	7.398	7.398	35.1
ar.u_o_cSW_115/lk$_DFF_N_	cSW[115]	output_lockup	6.072	5.994	35.37
ar.u_o_cSW_115/q$_DFF_P_	cSW[115]	output	7.476	7.398	35.37
ar.u_o_cSW_116/lk$_DFF_N_	cSW[116]	output_lockup	6.15	5.994	35.64
ar.u_o_cSW_116/q$_DFF_P_	cSW[116]	output	7.554	7.398	35.64
ar.u_o_cSW_117/lk$_DFF_N_	cSW[117]	output_lockup	8.766	8.802	35.64
ar.u_o_cSW_117/q$_DFF_P_	cSW[117]	output	10.17	10.206	35.64
ar.u_o_cSW_118/lk$_DFF_N_	cSW[118]	output_lockup	6.036	5.994	35.91
ar.u_o_cSW_118/q$_DFF_P_	cSW[118]	output	7.44	7.398	35.91
ar.u_o_cSW_119/lk$_DFF_N_	cSW[119]	output_lockup	6.114	5.994	36.18
ar.u_o_cSW_119/q$_DFF_P_	cSW[119]	output	7.518	7.398	36.18
ar.u_o_cSW_12/lk$_DFF_N_	cSW[12]	output_lockup	6.138	5.994	15.66
ar.u_o_cSW_12/q$_DFF_P_	cSW[12]	output	7.542	7.398	15.66
ar.u_o_cSW_120/lk$_DFF_N_	cSW[120]	output_lockup	8.73	8.802	36.18
ar.u_o_cSW_120/q$_DFF_P_	cSW[120]	output	10.134	10.206	36.18
ar.u_o_cSW_121/lk$_DFF_N_	cSW[121]	output_lockup	6.0	5.994	36.45
ar.u_o_cSW_121/q$_DFF_P_	cSW[121]	output	7.404	7.398	36.45
ar.u_o_cSW_122/lk$_DFF_N_	cSW[122]	output_lockup	6.078	5.994	36.72
ar.u_o_cSW_122/q$_DFF_P_	cSW[122]	output	7.482	7.398	36.72
ar.u_o_cSW_123/lk$_DFF_N_	cSW[123]	output_lockup	6.156	5.994	36.99
ar.u_o_cSW_123/q$_DFF_P_	cSW[123]	output	7.56	7.398	36.99
ar.u_o_cSW_124/lk$_DFF_N_	cSW[124]	output_lockup	8.772	8.802	36.99
ar.u_o_cSW_124/q$_DFF_P_	cSW[124]	output	10.176	10.206	36.99
ar.u_o_cSW_125/lk$_DFF_N_	cSW[125]	output_lockup	6.042	5.994	37.26
ar.u_o_cSW_125/q$_DFF_P_	cSW[125]	output	7.446	7.398	37.26
ar.u_o_cSW_126/lk$_DFF_N_	cSW[126]	output_lockup	6.12	5.994	37.53
ar.u_o_cSW_126/q$_DFF_P_	cSW[126]	output	7.524	7.398	37.53
ar.u_o_cSW_127/lk$_DFF_N_	cSW[127]	output_lockup	8.736	8.802	37.53
ar.u_o_cSW_127/q$_DFF_P_	cSW[127]	output	10.14	10.206	37.53
ar.u_o_cSW_128/lk$_DFF_N_	cSW[128]	output_lockup	6.006	5.994	37.8
ar.u_o_cSW_128/q$_DFF_P_	cSW[128]	output	7.41	7.398	37.8
ar.u_o_cSW_129/lk$_DFF_N_	cSW[129]	output_lockup	6.084	5.994	38.07
ar.u_o_cSW_129/q$_DFF_P_	cSW[129]	output	7.488	7.398	38.07
ar.u_o_cSW_13/lk$_DFF_N_	cSW[13]	output_lockup	8.754	8.802	15.66
ar.u_o_cSW_13/q$_DFF_P_	cSW[13]	output	10.158	10.206	15.66
ar.u_o_cSW_130/lk$_DFF_N_	cSW[130]	output_lockup	6.162	5.994	38.34
ar.u_o_cSW_130/q$_DFF_P_	cSW[130]	output	7.566	7.398	38.34
ar.u_o_cSW_131/lk$_DFF_N_	cSW[131]	output_lockup	8.778	8.802	38.34
ar.u_o_cSW_131/q$_DFF_P_	cSW[131]	output	10.182	10.206	38.34
ar.u_o_cSW_132/lk$_DFF_N_	cSW[132]	output_lockup	6.048	5.994	38.61
ar.u_o_cSW_132/q$_DFF_P_	cSW[132]	output	7.452	7.398	38.61
ar.u_o_cSW_133/lk$_DFF_N_	cSW[133]	output_lockup	6.126	5.994	38.88
ar.u_o_cSW_133/q$_DFF_P_	cSW[133]	output	7.53	7.398	38.88
ar.u_o_cSW_134/lk$_DFF_N_	cSW[134]	output_lockup	8.742	8.802	38.88
ar.u_o_cSW_134/q$_DFF_P_	cSW[134]	output	10.146	10.206	38.88
ar.u_o_cSW_135/lk$_DFF_N_	cSW[135]	output_lockup	6.012	5.994	39.15
ar.u_o_cSW_135/q$_DFF_P_	cSW[135]	output	7.416	7.398	39.15
ar.u_o_cSW_14/lk$_DFF_N_	cSW[14]	output_lockup	6.024	5.994	15.93
ar.u_o_cSW_14/q$_DFF_P_	cSW[14]	output	7.428	7.398	15.93
ar.u_o_cSW_149/lk$_DFF_N_	cSW[149]	output_lockup	6.024	5.994	41.85
ar.u_o_cSW_149/q$_DFF_P_	cSW[149]	output	7.428	7.398	41.85
ar.u_o_cSW_15/lk$_DFF_N_	cSW[15]	output_lockup	6.102	5.994	16.2
ar.u_o_cSW_15/q$_DFF_P_	cSW[15]	output	7.506	7.398	16.2
ar.u_o_cSW_150/lk$_DFF_N_	cSW[150]	output_lockup	6.102	5.994	42.12
ar.u_o_cSW_150/q$_DFF_P_	cSW[150]	output	7.506	7.398	42.12
ar.u_o_cSW_151/lk$_DFF_N_	cSW[151]	output_lockup	8.718	8.802	42.12
ar.u_o_cSW_151/q$_DFF_P_	cSW[151]	output	10.122	10.206	42.12
ar.u_o_cSW_152/lk$_DFF_N_	cSW[152]	output_lockup	5.988	5.994	42.39
ar.u_o_cSW_152/q$_DFF_P_	cSW[152]	output	7.392	7.398	42.39
ar.u_o_cSW_153/lk$_DFF_N_	cSW[153]	output_lockup	6.066	5.994	42.66
ar.u_o_cSW_153/q$_DFF_P_	cSW[153]	output	7.47	7.398	42.66
ar.u_o_cSW_154/lk$_DFF_N_	cSW[154]	output_lockup	6.144	5.994	42.93
ar.u_o_cSW_154/q$_DFF_P_	cSW[154]	output	7.548	7.398	42.93
ar.u_o_cSW_155/lk$_DFF_N_	cSW[155]	output_lockup	8.76	8.802	42.93
ar.u_o_cSW_155/q$_DFF_P_	cSW[155]	output	10.164	10.206	42.93
ar.u_o_cSW_156/lk$_DFF_N_	cSW[156]	output_lockup	6.03	5.994	43.2
ar.u_o_cSW_156/q$_DFF_P_	cSW[156]	output	7.434	7.398	43.2
ar.u_o_cSW_157/lk$_DFF_N_	cSW[157]	output_lockup	6.108	5.994	43.47
ar.u_o_cSW_157/q$_DFF_P_	cSW[157]	output	7.512	7.398	43.47
ar.u_o_cSW_158/lk$_DFF_N_	cSW[158]	output_lockup	8.724	8.802	43.47
ar.u_o_cSW_158/q$_DFF_P_	cSW[158]	output	10.128	10.206	43.47
ar.u_o_cSW_159/lk$_DFF_N_	cSW[159]	output_lockup	5.994	5.994	43.74
ar.u_o_cSW_159/q$_DFF_P_	cSW[159]	output	7.398	7.398	43.74
ar.u_o_cSW_16/lk$_DFF_N_	cSW[16]	output_lockup	8.718	8.802	16.2
ar.u_o_cSW_16/q$_DFF_P_	cSW[16]	output	10.122	10.206	16.2
ar.u_o_cSW_160/lk$_DFF_N_	cSW[160]	output_lockup	6.072	5.994	44.01
ar.u_o_cSW_160/q$_DFF_P_	cSW[160]	output	7.476	7.398	44.01
ar.u_o_cSW_161/lk$_DFF_N_	cSW[161]	output_lockup	6.15	5.994	44.28
ar.u_o_cSW_161/q$_DFF_P_	cSW[161]	output	7.554	7.398	44.28
ar.u_o_cSW_162/lk$_DFF_N_	cSW[162]	output_lockup	8.766	8.802	44.28
ar.u_o_cSW_162/q$_DFF_P_	cSW[162]	output	10.17	10.206	44.28
ar.u_o_cSW_163/lk$_DFF_N_	cSW[163]	output_lockup	6.036	5.994	44.55
ar.u_o_cSW_163/q$_DFF_P_	cSW[163]	output	7.44	7.398	44.55
ar.u_o_cSW_164/lk$_DFF_N_	cSW[164]	output_lockup	6.114	5.994	44.82
ar.u_o_cSW_164/q$_DFF_P_	cSW[164]	output	7.518	7.398	44.82
ar.u_o_cSW_165/lk$_DFF_N_	cSW[165]	output_lockup	8.73	8.802	44.82
ar.u_o_cSW_165/q$_DFF_P_	cSW[165]	output	10.134	10.206	44.82
ar.u_o_cSW_166/lk$_DFF_N_	cSW[166]	output_lockup	6.0	5.994	45.09
ar.u_o_cSW_166/q$_DFF_P_	cSW[166]	output	7.404	7.398	45.09
ar.u_o_cSW_167/lk$_DFF_N_	cSW[167]	output_lockup	6.078	5.994	45.36
ar.u_o_cSW_167/q$_DFF_P_	cSW[167]	output	7.482	7.398	45.36
ar.u_o_cSW_168/lk$_DFF_N_	cSW[168]	output_lockup	6.156	5.994	45.63
ar.u_o_cSW_168/q$_DFF_P_	cSW[168]	output	7.56	7.398	45.63
ar.u_o_cSW_169/lk$_DFF_N_	cSW[169]	output_lockup	8.772	8.802	45.63
ar.u_o_cSW_169/q$_DFF_P_	cSW[169]	output	10.176	10.206	45.63
ar.u_o_cSW_17/lk$_DFF_N_	cSW[17]	output_lockup	5.988	5.994	16.47
ar.u_o_cSW_17/q$_DFF_P_	cSW[17]	output	7.392	7.398	16.47
ar.u_o_cSW_170/lk$_DFF_N_	cSW[170]	output_lockup	6.042	5.994	45.9
ar.u_o_cSW_170/q$_DFF_P_	cSW[170]	output	7.446	7.398	45.9
ar.u_o_cSW_171/lk$_DFF_N_	cSW[171]	output_lockup	6.12	5.994	46.17
ar.u_o_cSW_171/q$_DFF_P_	cSW[171]	output	7.524	7.398	46.17
ar.u_o_cSW_172/lk$_DFF_N_	cSW[172]	output_lockup	8.736	8.802	46.17
ar.u_o_cSW_172/q$_DFF_P_	cSW[172]	output	10.14	10.206	46.17
ar.u_o_cSW_173/lk$_DFF_N_	cSW[173]	output_lockup	6.006	5.994	46.44
ar.u_o_cSW_173/q$_DFF_P_	cSW[173]	output	7.41	7.398	46.44
ar.u_o_cSW_174/lk$_DFF_N_	cSW[174]	output_lockup	6.084	5.994	46.71
ar.u_o_cSW_174/q$_DFF_P_	cSW[174]	output	7.488	7.398	46.71
ar.u_o_cSW_175/lk$_DFF_N_	cSW[175]	output_lockup	6.162	5.994	46.98
ar.u_o_cSW_175/q$_DFF_P_	cSW[175]	output	7.566	7.398	46.98
ar.u_o_cSW_176/lk$_DFF_N_	cSW[176]	output_lockup	8.778	8.802	46.98
ar.u_o_cSW_176/q$_DFF_P_	cSW[176]	output	10.182	10.206	46.98
ar.u_o_cSW_177/lk$_DFF_N_	cSW[177]	output_lockup	6.048	5.994	47.25
ar.u_o_cSW_177/q$_DFF_P_	cSW[177]	output	7.452	7.398	47.25
ar.u_o_cSW_178/lk$_DFF_N_	cSW[178]	output_lockup	6.126	5.994	47.52
ar.u_o_cSW_178/q$_DFF_P_	cSW[178]	output	7.53	7.398	47.52
ar.u_o_cSW_179/lk$_DFF_N_	cSW[179]	output_lockup	8.742	8.802	47.52
ar.u_o_cSW_179/q$_DFF_P_	cSW[179]	output	10.146	10.206	47.52
ar.u_o_cSW_18/lk$_DFF_N_	cSW[18]	output_lockup	6.066	5.994	16.74
ar.u_o_cSW_18/q$_DFF_P_	cSW[18]	output	7.47	7.398	16.74
ar.u_o_cSW_180/lk$_DFF_N_	cSW[180]	output_lockup	6.012	5.994	47.79
ar.u_o_cSW_180/q$_DFF_P_	cSW[180]	output	7.416	7.398	47.79
ar.u_o_cSW_181/lk$_DFF_N_	cSW[181]	output_lockup	6.09	5.994	48.06
ar.u_o_cSW_181/q$_DFF_P_	cSW[181]	output	7.494	7.398	48.06
ar.u_o_cSW_182/lk$_DFF_N_	cSW[182]	output_lockup	8.706	8.802	48.06
ar.u_o_cSW_182/q$_DFF_P_	cSW[182]	output	10.11	10.206	48.06
ar.u_o_cSW_183/lk$_DFF_N_	cSW[183]	output_lockup	5.976	5.994	48.33
ar.u_o_cSW_183/q$_DFF_P_	cSW[183]	output	7.38	7.398	48.33
ar.u_o_cSW_184/lk$_DFF_N_	cSW[184]	output_lockup	6.054	5.994	48.6
ar.u_o_cSW_184/q$_DFF_P_	cSW[184]	output	7.458	7.398	48.6
ar.u_o_cSW_185/lk$_DFF_N_	cSW[185]	output_lockup	6.132	5.994	48.87
ar.u_o_cSW_185/q$_DFF_P_	cSW[185]	output	7.536	7.398	48.87
ar.u_o_cSW_186/lk$_DFF_N_	cSW[186]	output_lockup	8.748	8.802	48.87
ar.u_o_cSW_186/q$_DFF_P_	cSW[186]	output	10.152	10.206	48.87
ar.u_o_cSW_187/lk$_DFF_N_	cSW[187]	output_lockup	6.018	5.994	49.14
ar.u_o_cSW_187/q$_DFF_P_	cSW[187]	output	7.422	7.398	49.14
ar.u_o_cSW_188/lk$_DFF_N_	cSW[188]	output_lockup	6.096	5.994	49.41
ar.u_o_cSW_188/q$_DFF_P_	cSW[188]	output	7.5	7.398	49.41
ar.u_o_cSW_189/lk$_DFF_N_	cSW[189]	output_lockup	8.712	8.802	49.41
ar.u_o_cSW_189/q$_DFF_P_	cSW[189]	output	10.116	10.206	49.41
ar.u_o_cSW_19/lk$_DFF_N_	cSW[19]	output_lockup	6.144	5.994	17.01
ar.u_o_cSW_19/q$_DFF_P_	cSW[19]	output	7.548	7.398	17.01
ar.u_o_cSW_190/lk$_DFF_N_	cSW[190]	output_lockup	5.982	5.994	49.68
ar.u_o_cSW_190/q$_DFF_P_	cSW[190]	output	7.386	7.398	49.68
ar.u_o_cSW_191/lk$_DFF_N_	cSW[191]	output_lockup	6.06	5.994	49.95
ar.u_o_cSW_191/q$_DFF_P_	cSW[191]	output	7.464	7.398	49.95
ar.u_o_cSW_192/lk$_DFF_N_	cSW[192]	output_lockup	6.138	5.994	50.22
ar.u_o_cSW_192/q$_DFF_P_	cSW[192]	output	7.542	7.398	50.22
ar.u_o_cSW_193/lk$_DFF_N_	cSW[193]	output_lockup	8.754	8.802	50.22
ar.u_o_cSW_193/q$_DFF_P_	cSW[193]	output	10.158	10.206	50.22
ar.u_o_cSW_194/lk$_DFF_N_	cSW[194]	output_lockup	6.024	5.994	50.49
ar.u_o_cSW_194/q$_DFF_P_	cSW[194]	output	7.428	7.398	50.49
ar.u_o_cSW_195/lk$_DFF_N_	cSW[195]	output_lockup	6.102	5.994	50.76
ar.u_o_cSW_195/q$_DFF_P_	cSW[195]	output	7.506	7.398	50.76
ar.u_o_cSW_196/lk$_DFF_N_	cSW[196]	output_lockup	8.718	8.802	50.76
ar.u_o_cSW_196/q$_DFF_P_	cSW[196]	output	10.122	10.206	50.76
ar.u_o_cSW_197/lk$_DFF_N_	cSW[197]	output_lockup	5.988	5.994	51.03
ar.u_o_cSW_197/q$_DFF_P_	cSW[197]	output	7.392	7.398	51.03
ar.u_o_cSW_198/lk$_DFF_N_	cSW[198]	output_lockup	6.066	5.994	51.3
ar.u_o_cSW_198/q$_DFF_P_	cSW[198]	output	7.47	7.398	51.3
ar.u_o_cSW_199/lk$_DFF_N_	cSW[199]	output_lockup	6.144	5.994	51.57
ar.u_o_cSW_199/q$_DFF_P_	cSW[199]	output	7.548	7.398	51.57
ar.u_o_cSW_2/lk$_DFF_N_	cSW[2]	output_lockup	8.706	8.802	13.5
ar.u_o_cSW_2/q$_DFF_P_	cSW[2]	output	10.11	10.206	13.5
ar.u_o_cSW_20/lk$_DFF_N_	cSW[20]	output_lockup	8.76	8.802	17.01
ar.u_o_cSW_20/q$_DFF_P_	cSW[20]	output	10.164	10.206	17.01
ar.u_o_cSW_200/lk$_DFF_N_	cSW[200]	output_lockup	8.76	8.802	51.57
ar.u_o_cSW_200/q$_DFF_P_	cSW[200]	output	10.164	10.206	51.57
ar.u_o_cSW_207/lk$_DFF_N_	cSW[207]	output_lockup	8.766	8.802	52.92
ar.u_o_cSW_207/q$_DFF_P_	cSW[207]	output	10.17	10.206	52.92
ar.u_o_cSW_208/lk$_DFF_N_	cSW[208]	output_lockup	6.036	5.994	53.19
ar.u_o_cSW_208/q$_DFF_P_	cSW[208]	output	7.44	7.398	53.19
ar.u_o_cSW_209/lk$_DFF_N_	cSW[209]	output_lockup	6.114	5.994	53.46
ar.u_o_cSW_209/q$_DFF_P_	cSW[209]	output	7.518	7.398	53.46
ar.u_o_cSW_21/lk$_DFF_N_	cSW[21]	output_lockup	6.03	5.994	17.28
ar.u_o_cSW_21/q$_DFF_P_	cSW[21]	output	7.434	7.398	17.28
ar.u_o_cSW_210/lk$_DFF_N_	cSW[210]	output_lockup	8.73	8.802	53.46
ar.u_o_cSW_210/q$_DFF_P_	cSW[210]	output	10.134	10.206	53.46
ar.u_o_cSW_211/lk$_DFF_N_	cSW[211]	output_lockup	6.0	5.994	53.73
ar.u_o_cSW_211/q$_DFF_P_	cSW[211]	output	7.404	7.398	53.73
ar.u_o_cSW_212/lk$_DFF_N_	cSW[212]	output_lockup	6.078	5.994	54.0
ar.u_o_cSW_212/q$_DFF_P_	cSW[212]	output	7.482	7.398	54.0
ar.u_o_cSW_213/lk$_DFF_N_	cSW[213]	output_lockup	6.156	5.994	54.27
ar.u_o_cSW_213/q$_DFF_P_	cSW[213]	output	7.56	7.398	54.27
ar.u_o_cSW_214/lk$_DFF_N_	cSW[214]	output_lockup	8.772	8.802	54.27
ar.u_o_cSW_214/q$_DFF_P_	cSW[214]	output	10.176	10.206	54.27
ar.u_o_cSW_215/lk$_DFF_N_	cSW[215]	output_lockup	6.042	5.994	54.54
ar.u_o_cSW_215/q$_DFF_P_	cSW[215]	output	7.446	7.398	54.54
ar.u_o_cSW_216/lk$_DFF_N_	cSW[216]	output_lockup	6.12	5.994	54.81
ar.u_o_cSW_216/q$_DFF_P_	cSW[216]	output	7.524	7.398	54.81
ar.u_o_cSW_217/lk$_DFF_N_	cSW[217]	output_lockup	8.736	8.802	54.81
ar.u_o_cSW_217/q$_DFF_P_	cSW[217]	output	10.14	10.206	54.81
ar.u_o_cSW_218/lk$_DFF_N_	cSW[218]	output_lockup	6.006	5.994	55.08
ar.u_o_cSW_218/q$_DFF_P_	cSW[218]	output	7.41	7.398	55.08
ar.u_o_cSW_219/lk$_DFF_N_	cSW[219]	output_lockup	6.084	5.994	55.35
ar.u_o_cSW_219/q$_DFF_P_	cSW[219]	output	7.488	7.398	55.35
ar.u_o_cSW_22/lk$_DFF_N_	cSW[22]	output_lockup	6.108	5.994	17.55
ar.u_o_cSW_22/q$_DFF_P_	cSW[22]	output	7.512	7.398	17.55
ar.u_o_cSW_220/lk$_DFF_N_	cSW[220]	output_lockup	6.162	5.994	55.62
ar.u_o_cSW_220/q$_DFF_P_	cSW[220]	output	7.566	7.398	55.62
ar.u_o_cSW_221/lk$_DFF_N_	cSW[221]	output_lockup	8.778	8.802	55.62
ar.u_o_cSW_221/q$_DFF_P_	cSW[221]	output	10.182	10.206	55.62
ar.u_o_cSW_222/lk$_DFF_N_	cSW[222]	output_lockup	6.048	5.994	55.89
ar.u_o_cSW_222/q$_DFF_P_	cSW[222]	output	7.452	7.398	55.89
ar.u_o_cSW_223/lk$_DFF_N_	cSW[223]	output_lockup	6.126	5.994	56.16
ar.u_o_cSW_223/q$_DFF_P_	cSW[223]	output	7.53	7.398	56.16
ar.u_o_cSW_224/lk$_DFF_N_	cSW[224]	output_lockup	8.742	8.802	56.16
ar.u_o_cSW_224/q$_DFF_P_	cSW[224]	output	10.146	10.206	56.16
ar.u_o_cSW_225/lk$_DFF_N_	cSW[225]	output_lockup	6.012	5.994	56.43
ar.u_o_cSW_225/q$_DFF_P_	cSW[225]	output	7.416	7.398	56.43
ar.u_o_cSW_226/lk$_DFF_N_	cSW[226]	output_lockup	6.09	5.994	56.7
ar.u_o_cSW_226/q$_DFF_P_	cSW[226]	output	7.494	7.398	56.7
ar.u_o_cSW_227/lk$_DFF_N_	cSW[227]	output_lockup	8.706	8.802	56.7
ar.u_o_cSW_227/q$_DFF_P_	cSW[227]	output	10.11	10.206	56.7
ar.u_o_cSW_228/lk$_DFF_N_	cSW[228]	output_lockup	5.976	5.994	56.97
ar.u_o_cSW_228/q$_DFF_P_	cSW[228]	output	7.38	7.398	56.97
ar.u_o_cSW_229/lk$_DFF_N_	cSW[229]	output_lockup	6.054	5.994	57.24
ar.u_o_cSW_229/q$_DFF_P_	cSW[229]	output	7.458	7.398	57.24
ar.u_o_cSW_23/lk$_DFF_N_	cSW[23]	output_lockup	8.724	8.802	17.55
ar.u_o_cSW_23/q$_DFF_P_	cSW[23]	output	10.128	10.206	17.55
ar.u_o_cSW_230/lk$_DFF_N_	cSW[230]	output_lockup	6.132	5.994	57.51
ar.u_o_cSW_230/q$_DFF_P_	cSW[230]	output	7.536	7.398	57.51
ar.u_o_cSW_231/lk$_DFF_N_	cSW[231]	output_lockup	8.748	8.802	57.51
ar.u_o_cSW_231/q$_DFF_P_	cSW[231]	output	10.152	10.206	57.51
ar.u_o_cSW_232/lk$_DFF_N_	cSW[232]	output_lockup	6.018	5.994	57.78
ar.u_o_cSW_232/q$_DFF_P_	cSW[232]	output	7.422	7.398	57.78
ar.u_o_cSW_233/lk$_DFF_N_	cSW[233]	output_lockup	6.096	5.994	58.05
ar.u_o_cSW_233/q$_DFF_P_	cSW[233]	output	7.5	7.398	58.05
ar.u_o_cSW_234/lk$_DFF_N_	cSW[234]	output_lockup	8.712	8.802	58.05
ar.u_o_cSW_234/q$_DFF_P_	cSW[234]	output	10.116	10.206	58.05
ar.u_o_cSW_235/lk$_DFF_N_	cSW[235]	output_lockup	5.982	5.994	58.32
ar.u_o_cSW_235/q$_DFF_P_	cSW[235]	output	7.386	7.398	58.32
ar.u_o_cSW_236/lk$_DFF_N_	cSW[236]	output_lockup	6.06	5.994	58.59
ar.u_o_cSW_236/q$_DFF_P_	cSW[236]	output	7.464	7.398	58.59
ar.u_o_cSW_237/lk$_DFF_N_	cSW[237]	output_lockup	6.138	5.994	58.86
ar.u_o_cSW_237/q$_DFF_P_	cSW[237]	output	7.542	7.398	58.86
ar.u_o_cSW_238/lk$_DFF_N_	cSW[238]	output_lockup	8.754	8.802	58.86
ar.u_o_cSW_238/q$_DFF_P_	cSW[238]	output	10.158	10.206	58.86
ar.u_o_cSW_24/lk$_DFF_N_	cSW[24]	output_lockup	5.994	5.994	17.82
ar.u_o_cSW_24/q$_DFF_P_	cSW[24]	output	7.398	7.398	17.82
ar.u_o_cSW_25/lk$_DFF_N_	cSW[25]	output_lockup	6.072	5.994	18.09
ar.u_o_cSW_25/q$_DFF_P_	cSW[25]	output	7.476	7.398	18.09
ar.u_o_cSW_252/lk$_DFF_N_	cSW[252]	output_lockup	8.766	8.802	61.56
ar.u_o_cSW_252/q$_DFF_P_	cSW[252]	output	10.17	10.206	61.56
ar.u_o_cSW_253/lk$_DFF_N_	cSW[253]	output_lockup	6.036	5.994	61.83
ar.u_o_cSW_253/q$_DFF_P_	cSW[253]	output	7.44	7.398	61.83
ar.u_o_cSW_254/lk$_DFF_N_	cSW[254]	output_lockup	6.114	5.994	62.1
ar.u_o_cSW_254/q$_DFF_P_	cSW[254]	output	7.518	7.398	62.1
ar.u_o_cSW_255/lk$_DFF_N_	cSW[255]	output_lockup	8.73	8.802	62.1
ar.u_o_cSW_255/q$_DFF_P_	cSW[255]	output	10.134	10.206	62.1
ar.u_o_cSW_256/lk$_DFF_N_	cSW[256]	output_lockup	6.0	5.994	62.37
ar.u_o_cSW_256/q$_DFF_P_	cSW[256]	output	7.404	7.398	62.37
ar.u_o_cSW_257/lk$_DFF_N_	cSW[257]	output_lockup	6.078	5.994	62.64
ar.u_o_cSW_257/q$_DFF_P_	cSW[257]	output	7.482	7.398	62.64
ar.u_o_cSW_258/lk$_DFF_N_	cSW[258]	output_lockup	6.156	5.994	62.91
ar.u_o_cSW_258/q$_DFF_P_	cSW[258]	output	7.56	7.398	62.91
ar.u_o_cSW_259/lk$_DFF_N_	cSW[259]	output_lockup	8.772	8.802	62.91
ar.u_o_cSW_259/q$_DFF_P_	cSW[259]	output	10.176	10.206	62.91
ar.u_o_cSW_26/lk$_DFF_N_	cSW[26]	output_lockup	6.15	5.994	18.36
ar.u_o_cSW_26/q$_DFF_P_	cSW[26]	output	7.554	7.398	18.36
ar.u_o_cSW_260/lk$_DFF_N_	cSW[260]	output_lockup	6.042	5.994	63.18
ar.u_o_cSW_260/q$_DFF_P_	cSW[260]	output	7.446	7.398	63.18
ar.u_o_cSW_261/lk$_DFF_N_	cSW[261]	output_lockup	6.12	5.994	63.45
ar.u_o_cSW_261/q$_DFF_P_	cSW[261]	output	7.524	7.398	63.45
ar.u_o_cSW_262/lk$_DFF_N_	cSW[262]	output_lockup	8.736	8.802	63.45
ar.u_o_cSW_262/q$_DFF_P_	cSW[262]	output	10.14	10.206	63.45
ar.u_o_cSW_263/lk$_DFF_N_	cSW[263]	output_lockup	6.006	5.994	63.72
ar.u_o_cSW_263/q$_DFF_P_	cSW[263]	output	7.41	7.398	63.72
ar.u_o_cSW_264/lk$_DFF_N_	cSW[264]	output_lockup	6.084	5.994	63.99
ar.u_o_cSW_264/q$_DFF_P_	cSW[264]	output	7.488	7.398	63.99
ar.u_o_cSW_265/lk$_DFF_N_	cSW[265]	output_lockup	6.162	5.994	64.26
ar.u_o_cSW_265/q$_DFF_P_	cSW[265]	output	7.566	7.398	64.26
ar.u_o_cSW_266/lk$_DFF_N_	cSW[266]	output_lockup	8.778	8.802	64.26
ar.u_o_cSW_266/q$_DFF_P_	cSW[266]	output	10.182	10.206	64.26
ar.u_o_cSW_267/lk$_DFF_N_	cSW[267]	output_lockup	6.048	5.994	64.53
ar.u_o_cSW_267/q$_DFF_P_	cSW[267]	output	7.452	7.398	64.53
ar.u_o_cSW_268/lk$_DFF_N_	cSW[268]	output_lockup	6.126	5.994	64.8
ar.u_o_cSW_268/q$_DFF_P_	cSW[268]	output	7.53	7.398	64.8
ar.u_o_cSW_269/lk$_DFF_N_	cSW[269]	output_lockup	8.742	8.802	64.8
ar.u_o_cSW_269/q$_DFF_P_	cSW[269]	output	10.146	10.206	64.8
ar.u_o_cSW_27/lk$_DFF_N_	cSW[27]	output_lockup	8.766	8.802	18.36
ar.u_o_cSW_27/q$_DFF_P_	cSW[27]	output	10.17	10.206	18.36
ar.u_o_cSW_270/lk$_DFF_N_	cSW[270]	output_lockup	6.012	5.994	65.07
ar.u_o_cSW_270/q$_DFF_P_	cSW[270]	output	7.416	7.398	65.07
ar.u_o_cSW_271/lk$_DFF_N_	cSW[271]	output_lockup	6.09	5.994	65.34
ar.u_o_cSW_271/q$_DFF_P_	cSW[271]	output	7.494	7.398	65.34
ar.u_o_cSW_272/lk$_DFF_N_	cSW[272]	output_lockup	8.706	8.802	65.34
ar.u_o_cSW_272/q$_DFF_P_	cSW[272]	output	10.11	10.206	65.34
ar.u_o_cSW_273/lk$_DFF_N_	cSW[273]	output_lockup	5.976	5.994	65.61
ar.u_o_cSW_273/q$_DFF_P_	cSW[273]	output	7.38	7.398	65.61
ar.u_o_cSW_274/lk$_DFF_N_	cSW[274]	output_lockup	6.054	5.994	65.88
ar.u_o_cSW_274/q$_DFF_P_	cSW[274]	output	7.458	7.398	65.88
ar.u_o_cSW_275/lk$_DFF_N_	cSW[275]	output_lockup	6.132	5.994	66.15
ar.u_o_cSW_275/q$_DFF_P_	cSW[275]	output	7.536	7.398	66.15
ar.u_o_cSW_276/lk$_DFF_N_	cSW[276]	output_lockup	8.748	8.802	66.15
ar.u_o_cSW_276/q$_DFF_P_	cSW[276]	output	10.152	10.206	66.15
ar.u_o_cSW_277/lk$_DFF_N_	cSW[277]	output_lockup	6.018	5.994	66.42
ar.u_o_cSW_277/q$_DFF_P_	cSW[277]	output	7.422	7.398	66.42
ar.u_o_cSW_278/lk$_DFF_N_	cSW[278]	output_lockup	6.096	5.994	66.69
ar.u_o_cSW_278/q$_DFF_P_	cSW[278]	output	7.5	7.398	66.69
ar.u_o_cSW_279/lk$_DFF_N_	cSW[279]	output_lockup	8.712	8.802	66.69
ar.u_o_cSW_279/q$_DFF_P_	cSW[279]	output	10.116	10.206	66.69
ar.u_o_cSW_28/lk$_DFF_N_	cSW[28]	output_lockup	6.036	5.994	18.63
ar.u_o_cSW_28/q$_DFF_P_	cSW[28]	output	7.44	7.398	18.63
ar.u_o_cSW_280/lk$_DFF_N_	cSW[280]	output_lockup	5.982	5.994	66.96
ar.u_o_cSW_280/q$_DFF_P_	cSW[280]	output	7.386	7.398	66.96
ar.u_o_cSW_281/lk$_DFF_N_	cSW[281]	output_lockup	6.06	5.994	67.23
ar.u_o_cSW_281/q$_DFF_P_	cSW[281]	output	7.464	7.398	67.23
ar.u_o_cSW_282/lk$_DFF_N_	cSW[282]	output_lockup	6.138	5.994	67.5
ar.u_o_cSW_282/q$_DFF_P_	cSW[282]	output	7.542	7.398	67.5
ar.u_o_cSW_283/lk$_DFF_N_	cSW[283]	output_lockup	8.754	8.802	67.5
ar.u_o_cSW_283/q$_DFF_P_	cSW[283]	output	10.158	10.206	67.5
ar.u_o_cSW_284/lk$_DFF_N_	cSW[284]	output_lockup	6.024	5.994	67.77
ar.u_o_cSW_284/q$_DFF_P_	cSW[284]	output	7.428	7.398	67.77
ar.u_o_cSW_285/lk$_DFF_N_	cSW[285]	output_lockup	6.102	5.994	68.04
ar.u_o_cSW_285/q$_DFF_P_	cSW[285]	output	7.506	7.398	68.04
ar.u_o_cSW_286/lk$_DFF_N_	cSW[286]	output_lockup	8.718	8.802	68.04
ar.u_o_cSW_286/q$_DFF_P_	cSW[286]	output	10.122	10.206	68.04
ar.u_o_cSW_287/lk$_DFF_N_	cSW[287]	output_lockup	5.988	5.994	68.31
ar.u_o_cSW_287/q$_DFF_P_	cSW[287]	output	7.392	7.398	68.31
ar.u_o_cSW_288/lk$_DFF_N_	cSW[288]	output_lockup	6.066	5.994	68.58
ar.u_o_cSW_288/q$_DFF_P_	cSW[288]	output	7.47	7.398	68.58
ar.u_o_cSW_289/lk$_DFF_N_	cSW[289]	output_lockup	6.144	5.994	68.85
ar.u_o_cSW_289/q$_DFF_P_	cSW[289]	output	7.548	7.398	68.85
ar.u_o_cSW_29/lk$_DFF_N_	cSW[29]	output_lockup	6.114	5.994	18.9
ar.u_o_cSW_29/q$_DFF_P_	cSW[29]	output	7.518	7.398	18.9
ar.u_o_cSW_290/lk$_DFF_N_	cSW[290]	output_lockup	8.76	8.802	68.85
ar.u_o_cSW_290/q$_DFF_P_	cSW[290]	output	10.164	10.206	68.85
ar.u_o_cSW_291/lk$_DFF_N_	cSW[291]	output_lockup	6.03	5.994	69.12
ar.u_o_cSW_291/q$_DFF_P_	cSW[291]	output	7.434	7.398	69.12
ar.u_o_cSW_292/lk$_DFF_N_	cSW[292]	output_lockup	6.108	5.994	69.39
ar.u_o_cSW_292/q$_DFF_P_	cSW[292]	output	7.512	7.398	69.39
ar.u_o_cSW_293/lk$_DFF_N_	cSW[293]	output_lockup	8.724	8.802	69.39
ar.u_o_cSW_293/q$_DFF_P_	cSW[293]	output	10.128	10.206	69.39
ar.u_o_cSW_294/lk$_DFF_N_	cSW[294]	output_lockup	5.994	5.994	69.66
ar.u_o_cSW_294/q$_DFF_P_	cSW[294]	output	7.398	7.398	69.66
ar.u_o_cSW_295/lk$_DFF_N_	cSW[295]	output_lockup	6.072	5.994	69.93
ar.u_o_cSW_295/q$_DFF_P_	cSW[295]	output	7.476	7.398	69.93
ar.u_o_cSW_296/lk$_DFF_N_	cSW[296]	output_lockup	6.15	5.994	70.2
ar.u_o_cSW_296/q$_DFF_P_	cSW[296]	output	7.554	7.398	70.2
ar.u_o_cSW_297/lk$_DFF_N_	cSW[297]	output_lockup	8.766	8.802	70.2
ar.u_o_cSW_297/q$_DFF_P_	cSW[297]	output	10.17	10.206	70.2
ar.u_o_cSW_298/lk$_DFF_N_	cSW[298]	output_lockup	6.036	5.994	70.47
ar.u_o_cSW_298/q$_DFF_P_	cSW[298]	output	7.44	7.398	70.47
ar.u_o_cSW_299/lk$_DFF_N_	cSW[299]	output_lockup	6.114	5.994	70.74
ar.u_o_cSW_299/q$_DFF_P_	cSW[299]	output	7.518	7.398	70.74
ar.u_o_cSW_3/lk$_DFF_N_	cSW[3]	output_lockup	5.976	5.994	13.77
ar.u_o_cSW_3/q$_DFF_P_	cSW[3]	output	7.38	7.398	13.77
ar.u_o_cSW_30/lk$_DFF_N_	cSW[30]	output_lockup	8.73	8.802	18.9
ar.u_o_cSW_30/q$_DFF_P_	cSW[30]	output	10.134	10.206	18.9
ar.u_o_cSW_300/lk$_DFF_N_	cSW[300]	output_lockup	8.73	8.802	70.74
ar.u_o_cSW_300/q$_DFF_P_	cSW[300]	output	10.134	10.206	70.74
ar.u_o_cSW_301/lk$_DFF_N_	cSW[301]	output_lockup	6.0	5.994	71.01
ar.u_o_cSW_301/q$_DFF_P_	cSW[301]	output	7.404	7.398	71.01
ar.u_o_cSW_302/lk$_DFF_N_	cSW[302]	output_lockup	6.078	5.994	71.28
ar.u_o_cSW_302/q$_DFF_P_	cSW[302]	output	7.482	7.398	71.28
ar.u_o_cSW_303/lk$_DFF_N_	cSW[303]	output_lockup	8.964	8.802	71.55
ar.u_o_cSW_303/q$_DFF_P_	cSW[303]	output	10.368	10.206	71.55
ar.u_o_cSW_31/lk$_DFF_N_	cSW[31]	output_lockup	6.0	5.994	19.17
ar.u_o_cSW_31/q$_DFF_P_	cSW[31]	output	7.404	7.398	19.17
ar.u_o_cSW_310/lk$_DFF_N_	cSW[310]	output_lockup	6.162	5.994	72.9
ar.u_o_cSW_310/q$_DFF_P_	cSW[310]	output	7.566	7.398	72.9
ar.u_o_cSW_311/lk$_DFF_N_	cSW[311]	output_lockup	8.778	8.802	72.9
ar.u_o_cSW_311/q$_DFF_P_	cSW[311]	output	10.182	10.206	72.9
ar.u_o_cSW_312/lk$_DFF_N_	cSW[312]	output_lockup	6.048	5.994	73.17
ar.u_o_cSW_312/q$_DFF_P_	cSW[312]	output	7.452	7.398	73.17
ar.u_o_cSW_313/lk$_DFF_N_	cSW[313]	output_lockup	6.126	5.994	73.44
ar.u_o_cSW_313/q$_DFF_P_	cSW[313]	output	7.53	7.398	73.44
ar.u_o_cSW_314/lk$_DFF_N_	cSW[314]	output_lockup	8.742	8.802	73.44
ar.u_o_cSW_314/q$_DFF_P_	cSW[314]	output	10.146	10.206	73.44
ar.u_o_cSW_315/lk$_DFF_N_	cSW[315]	output_lockup	6.012	5.994	73.71
ar.u_o_cSW_315/q$_DFF_P_	cSW[315]	output	7.416	7.398	73.71
ar.u_o_cSW_316/lk$_DFF_N_	cSW[316]	output_lockup	6.09	5.994	73.98
ar.u_o_cSW_316/q$_DFF_P_	cSW[316]	output	7.494	7.398	73.98
ar.u_o_cSW_317/lk$_DFF_N_	cSW[317]	output_lockup	8.706	8.802	73.98
ar.u_o_cSW_317/q$_DFF_P_	cSW[317]	output	10.11	10.206	73.98
ar.u_o_cSW_318/lk$_DFF_N_	cSW[318]	output_lockup	5.976	5.994	74.25
ar.u_o_cSW_318/q$_DFF_P_	cSW[318]	output	7.38	7.398	74.25
ar.u_o_cSW_319/lk$_DFF_N_	cSW[319]	output_lockup	6.054	5.994	74.52
ar.u_o_cSW_319/q$_DFF_P_	cSW[319]	output	7.458	7.398	74.52
ar.u_o_cSW_32/lk$_DFF_N_	cSW[32]	output_lockup	6.078	5.994	19.44
ar.u_o_cSW_32/q$_DFF_P_	cSW[32]	output	7.482	7.398	19.44
ar.u_o_cSW_320/lk$_DFF_N_	cSW[320]	output_lockup	6.132	5.994	74.79
ar.u_o_cSW_320/q$_DFF_P_	cSW[320]	output	7.536	7.398	74.79
ar.u_o_cSW_321/lk$_DFF_N_	cSW[321]	output_lockup	8.748	8.802	74.79
ar.u_o_cSW_321/q$_DFF_P_	cSW[321]	output	10.152	10.206	74.79
ar.u_o_cSW_322/lk$_DFF_N_	cSW[322]	output_lockup	6.018	5.994	75.06
ar.u_o_cSW_322/q$_DFF_P_	cSW[322]	output	7.422	7.398	75.06
ar.u_o_cSW_323/lk$_DFF_N_	cSW[323]	output_lockup	6.096	5.994	75.33
ar.u_o_cSW_323/q$_DFF_P_	cSW[323]	output	7.5	7.398	75.33
ar.u_o_cSW_324/lk$_DFF_N_	cSW[324]	output_lockup	8.712	8.802	75.33
ar.u_o_cSW_324/q$_DFF_P_	cSW[324]	output	10.116	10.206	75.33
ar.u_o_cSW_325/lk$_DFF_N_	cSW[325]	output_lockup	5.982	5.994	75.6
ar.u_o_cSW_325/q$_DFF_P_	cSW[325]	output	7.386	7.398	75.6
ar.u_o_cSW_326/lk$_DFF_N_	cSW[326]	output_lockup	6.06	5.994	75.87
ar.u_o_cSW_326/q$_DFF_P_	cSW[326]	output	7.464	7.398	75.87
ar.u_o_cSW_327/lk$_DFF_N_	cSW[327]	output_lockup	6.138	5.994	76.14
ar.u_o_cSW_327/q$_DFF_P_	cSW[327]	output	7.542	7.398	76.14
ar.u_o_cSW_328/lk$_DFF_N_	cSW[328]	output_lockup	8.754	8.802	76.14
ar.u_o_cSW_328/q$_DFF_P_	cSW[328]	output	10.158	10.206	76.14
ar.u_o_cSW_329/lk$_DFF_N_	cSW[329]	output_lockup	6.024	5.994	76.41
ar.u_o_cSW_329/q$_DFF_P_	cSW[329]	output	7.428	7.398	76.41
ar.u_o_cSW_330/lk$_DFF_N_	cSW[330]	output_lockup	6.102	5.994	76.68
ar.u_o_cSW_330/q$_DFF_P_	cSW[330]	output	7.506	7.398	76.68
ar.u_o_cSW_331/lk$_DFF_N_	cSW[331]	output_lockup	8.718	8.802	76.68
ar.u_o_cSW_331/q$_DFF_P_	cSW[331]	output	10.122	10.206	76.68
ar.u_o_cSW_332/lk$_DFF_N_	cSW[332]	output_lockup	5.988	5.994	76.95
ar.u_o_cSW_332/q$_DFF_P_	cSW[332]	output	7.392	7.398	76.95
ar.u_o_cSW_333/lk$_DFF_N_	cSW[333]	output_lockup	6.066	5.994	77.22
ar.u_o_cSW_333/q$_DFF_P_	cSW[333]	output	7.47	7.398	77.22
ar.u_o_cSW_334/lk$_DFF_N_	cSW[334]	output_lockup	6.144	5.994	77.49
ar.u_o_cSW_334/q$_DFF_P_	cSW[334]	output	7.548	7.398	77.49
ar.u_o_cSW_335/lk$_DFF_N_	cSW[335]	output_lockup	8.76	8.802	77.49
ar.u_o_cSW_335/q$_DFF_P_	cSW[335]	output	10.164	10.206	77.49
ar.u_o_cSW_336/lk$_DFF_N_	cSW[336]	output_lockup	6.03	5.994	77.76
ar.u_o_cSW_336/q$_DFF_P_	cSW[336]	output	7.434	7.398	77.76
ar.u_o_cSW_337/lk$_DFF_N_	cSW[337]	output_lockup	6.108	5.994	78.03
ar.u_o_cSW_337/q$_DFF_P_	cSW[337]	output	7.512	7.398	78.03
ar.u_o_cSW_338/lk$_DFF_N_	cSW[338]	output_lockup	8.724	8.802	78.03
ar.u_o_cSW_338/q$_DFF_P_	cSW[338]	output	10.128	10.206	78.03
ar.u_o_cSW_339/lk$_DFF_N_	cSW[339]	output_lockup	5.994	5.994	78.3
ar.u_o_cSW_339/q$_DFF_P_	cSW[339]	output	7.398	7.398	78.3
ar.u_o_cSW_340/lk$_DFF_N_	cSW[340]	output_lockup	6.072	5.994	78.57
ar.u_o_cSW_340/q$_DFF_P_	cSW[340]	output	7.476	7.398	78.57
ar.u_o_cSW_341/lk$_DFF_N_	cSW[341]	output_lockup	8.958	8.802	78.84
ar.u_o_cSW_341/q$_DFF_P_	cSW[341]	output	10.362	10.206	78.84
ar.u_o_cSW_355/lk$_DFF_N_	cSW[355]	output_lockup	6.162	5.994	81.54
ar.u_o_cSW_355/q$_DFF_P_	cSW[355]	output	7.566	7.398	81.54
ar.u_o_cSW_356/lk$_DFF_N_	cSW[356]	output_lockup	8.778	8.802	81.54
ar.u_o_cSW_356/q$_DFF_P_	cSW[356]	output	10.182	10.206	81.54
ar.u_o_cSW_357/lk$_DFF_N_	cSW[357]	output_lockup	6.048	5.994	81.81
ar.u_o_cSW_357/q$_DFF_P_	cSW[357]	output	7.452	7.398	81.81
ar.u_o_cSW_358/lk$_DFF_N_	cSW[358]	output_lockup	6.126	5.994	82.08
ar.u_o_cSW_358/q$_DFF_P_	cSW[358]	output	7.53	7.398	82.08
ar.u_o_cSW_359/lk$_DFF_N_	cSW[359]	output_lockup	8.742	8.802	82.08
ar.u_o_cSW_359/q$_DFF_P_	cSW[359]	output	10.146	10.206	82.08
ar.u_o_cSW_360/lk$_DFF_N_	cSW[360]	output_lockup	6.012	5.994	82.35
ar.u_o_cSW_360/q$_DFF_P_	cSW[360]	output	7.416	7.398	82.35
ar.u_o_cSW_361/lk$_DFF_N_	cSW[361]	output_lockup	6.09	5.994	82.62
ar.u_o_cSW_361/q$_DFF_P_	cSW[361]	output	7.494	7.398	82.62
ar.u_o_cSW_362/lk$_DFF_N_	cSW[362]	output_lockup	8.706	8.802	82.62
ar.u_o_cSW_362/q$_DFF_P_	cSW[362]	output	10.11	10.206	82.62
ar.u_o_cSW_363/lk$_DFF_N_	cSW[363]	output_lockup	5.976	5.994	82.89
ar.u_o_cSW_363/q$_DFF_P_	cSW[363]	output	7.38	7.398	82.89
ar.u_o_cSW_364/lk$_DFF_N_	cSW[364]	output_lockup	6.054	5.994	83.16
ar.u_o_cSW_364/q$_DFF_P_	cSW[364]	output	7.458	7.398	83.16
ar.u_o_cSW_365/lk$_DFF_N_	cSW[365]	output_lockup	6.132	5.994	83.43
ar.u_o_cSW_365/q$_DFF_P_	cSW[365]	output	7.536	7.398	83.43
ar.u_o_cSW_366/lk$_DFF_N_	cSW[366]	output_lockup	8.748	8.802	83.43
ar.u_o_cSW_366/q$_DFF_P_	cSW[366]	output	10.152	10.206	83.43
ar.u_o_cSW_367/lk$_DFF_N_	cSW[367]	output_lockup	6.018	5.994	83.7
ar.u_o_cSW_367/q$_DFF_P_	cSW[367]	output	7.422	7.398	83.7
ar.u_o_cSW_368/lk$_DFF_N_	cSW[368]	output_lockup	6.096	5.994	83.97
ar.u_o_cSW_368/q$_DFF_P_	cSW[368]	output	7.5	7.398	83.97
ar.u_o_cSW_369/lk$_DFF_N_	cSW[369]	output_lockup	8.712	8.802	83.97
ar.u_o_cSW_369/q$_DFF_P_	cSW[369]	output	10.116	10.206	83.97
ar.u_o_cSW_370/lk$_DFF_N_	cSW[370]	output_lockup	5.982	5.994	84.24
ar.u_o_cSW_370/q$_DFF_P_	cSW[370]	output	7.386	7.398	84.24
ar.u_o_cSW_371/lk$_DFF_N_	cSW[371]	output_lockup	6.06	5.994	84.51
ar.u_o_cSW_371/q$_DFF_P_	cSW[371]	output	7.464	7.398	84.51
ar.u_o_cSW_372/lk$_DFF_N_	cSW[372]	output_lockup	6.138	5.994	84.78
ar.u_o_cSW_372/q$_DFF_P_	cSW[372]	output	7.542	7.398	84.78
ar.u_o_cSW_373/lk$_DFF_N_	cSW[373]	output_lockup	8.754	8.802	84.78
ar.u_o_cSW_373/q$_DFF_P_	cSW[373]	output	10.158	10.206	84.78
ar.u_o_cSW_374/lk$_DFF_N_	cSW[374]	output_lockup	6.024	5.994	85.05
ar.u_o_cSW_374/q$_DFF_P_	cSW[374]	output	7.428	7.398	85.05
ar.u_o_cSW_375/lk$_DFF_N_	cSW[375]	output_lockup	6.102	5.994	85.32
ar.u_o_cSW_375/q$_DFF_P_	cSW[375]	output	7.506	7.398	85.32
ar.u_o_cSW_376/lk$_DFF_N_	cSW[376]	output_lockup	8.718	8.802	85.32
ar.u_o_cSW_376/q$_DFF_P_	cSW[376]	output	10.122	10.206	85.32
ar.u_o_cSW_377/lk$_DFF_N_	cSW[377]	output_lockup	5.988	5.994	85.59
ar.u_o_cSW_377/q$_DFF_P_	cSW[377]	output	7.392	7.398	85.59
ar.u_o_cSW_378/lk$_DFF_N_	cSW[378]	output_lockup	6.066	5.994	85.86
ar.u_o_cSW_378/q$_DFF_P_	cSW[378]	output	7.47	7.398	85.86
ar.u_o_cSW_379/lk$_DFF_N_	cSW[379]	output_lockup	6.144	5.994	86.13
ar.u_o_cSW_379/q$_DFF_P_	cSW[379]	output	7.548	7.398	86.13
ar.u_o_cSW_380/lk$_DFF_N_	cSW[380]	output_lockup	8.76	8.802	86.13
ar.u_o_cSW_380/q$_DFF_P_	cSW[380]	output	10.164	10.206	86.13
ar.u_o_cSW_381/lk$_DFF_N_	cSW[381]	output_lockup	6.03	5.994	86.4
ar.u_o_cSW_381/q$_DFF_P_	cSW[381]	output	7.434	7.398	86.4
ar.u_o_cSW_382/lk$_DFF_N_	cSW[382]	output_lockup	6.108	5.994	86.67
ar.u_o_cSW_382/q$_DFF_P_	cSW[382]	output	7.512	7.398	86.67
ar.u_o_cSW_383/lk$_DFF_N_	cSW[383]	output_lockup	8.724	8.802	86.67
ar.u_o_cSW_383/q$_DFF_P_	cSW[383]	output	10.128	10.206	86.67
ar.u_o_cSW_384/lk$_DFF_N_	cSW[384]	output_lockup	5.994	5.994	86.94
ar.u_o_cSW_384/q$_DFF_P_	cSW[384]	output	7.398	7.398	86.94
ar.u_o_cSW_385/lk$_DFF_N_	cSW[385]	output_lockup	6.072	5.994	87.21
ar.u_o_cSW_385/q$_DFF_P_	cSW[385]	output	7.476	7.398	87.21
ar.u_o_cSW_386/lk$_DFF_N_	cSW[386]	output_lockup	6.15	5.994	87.48
ar.u_o_cSW_386/q$_DFF_P_	cSW[386]	output	7.554	7.398	87.48
ar.u_o_cSW_387/lk$_DFF_N_	cSW[387]	output_lockup	8.766	8.802	87.48
ar.u_o_cSW_387/q$_DFF_P_	cSW[387]	output	10.17	10.206	87.48
ar.u_o_cSW_388/lk$_DFF_N_	cSW[388]	output_lockup	6.036	5.994	87.75
ar.u_o_cSW_388/q$_DFF_P_	cSW[388]	output	7.44	7.398	87.75
ar.u_o_cSW_389/lk$_DFF_N_	cSW[389]	output_lockup	6.114	5.994	88.02
ar.u_o_cSW_389/q$_DFF_P_	cSW[389]	output	7.518	7.398	88.02
ar.u_o_cSW_390/lk$_DFF_N_	cSW[390]	output_lockup	8.73	8.802	88.02
ar.u_o_cSW_390/q$_DFF_P_	cSW[390]	output	10.134	10.206	88.02
ar.u_o_cSW_391/lk$_DFF_N_	cSW[391]	output_lockup	6.0	5.994	88.29
ar.u_o_cSW_391/q$_DFF_P_	cSW[391]	output	7.404	7.398	88.29
ar.u_o_cSW_392/lk$_DFF_N_	cSW[392]	output_lockup	6.078	5.994	88.56
ar.u_o_cSW_392/q$_DFF_P_	cSW[392]	output	7.482	7.398	88.56
ar.u_o_cSW_393/lk$_DFF_N_	cSW[393]	output_lockup	6.156	5.994	88.83
ar.u_o_cSW_393/q$_DFF_P_	cSW[393]	output	7.56	7.398	88.83
ar.u_o_cSW_394/lk$_DFF_N_	cSW[394]	output_lockup	8.772	8.802	88.83
ar.u_o_cSW_394/q$_DFF_P_	cSW[394]	output	10.176	10.206	88.83
ar.u_o_cSW_395/lk$_DFF_N_	cSW[395]	output_lockup	6.042	5.994	89.1
ar.u_o_cSW_395/q$_DFF_P_	cSW[395]	output	7.446	7.398	89.1
ar.u_o_cSW_396/lk$_DFF_N_	cSW[396]	output_lockup	6.12	5.994	89.37
ar.u_o_cSW_396/q$_DFF_P_	cSW[396]	output	7.524	7.398	89.37
ar.u_o_cSW_397/lk$_DFF_N_	cSW[397]	output_lockup	8.736	8.802	89.37
ar.u_o_cSW_397/q$_DFF_P_	cSW[397]	output	10.14	10.206	89.37
ar.u_o_cSW_398/lk$_DFF_N_	cSW[398]	output_lockup	6.006	5.994	89.64
ar.u_o_cSW_398/q$_DFF_P_	cSW[398]	output	7.41	7.398	89.64
ar.u_o_cSW_399/lk$_DFF_N_	cSW[399]	output_lockup	6.084	5.994	89.91
ar.u_o_cSW_399/q$_DFF_P_	cSW[399]	output	7.488	7.398	89.91
ar.u_o_cSW_4/lk$_DFF_N_	cSW[4]	output_lockup	6.054	5.994	14.04
ar.u_o_cSW_4/q$_DFF_P_	cSW[4]	output	7.458	7.398	14.04
ar.u_o_cSW_400/lk$_DFF_N_	cSW[400]	output_lockup	6.162	5.994	90.18
ar.u_o_cSW_400/q$_DFF_P_	cSW[400]	output	7.566	7.398	90.18
ar.u_o_cSW_401/lk$_DFF_N_	cSW[401]	output_lockup	8.778	8.802	90.18
ar.u_o_cSW_401/q$_DFF_P_	cSW[401]	output	10.182	10.206	90.18
ar.u_o_cSW_402/lk$_DFF_N_	cSW[402]	output_lockup	6.048	5.994	90.45
ar.u_o_cSW_402/q$_DFF_P_	cSW[402]	output	7.452	7.398	90.45
ar.u_o_cSW_403/lk$_DFF_N_	cSW[403]	output_lockup	6.126	5.994	90.72
ar.u_o_cSW_403/q$_DFF_P_	cSW[403]	output	7.53	7.398	90.72
ar.u_o_cSW_404/lk$_DFF_N_	cSW[404]	output_lockup	8.742	8.802	90.72
ar.u_o_cSW_404/q$_DFF_P_	cSW[404]	output	10.146	10.206	90.72
ar.u_o_cSW_405/lk$_DFF_N_	cSW[405]	output_lockup	6.012	5.994	90.99
ar.u_o_cSW_405/q$_DFF_P_	cSW[405]	output	7.416	7.398	90.99
ar.u_o_cSW_406/lk$_DFF_N_	cSW[406]	output_lockup	8.898	8.802	91.26
ar.u_o_cSW_406/q$_DFF_P_	cSW[406]	output	10.302	10.206	91.26
ar.u_o_cSW_413/lk$_DFF_N_	cSW[413]	output_lockup	6.096	5.994	92.61
ar.u_o_cSW_413/q$_DFF_P_	cSW[413]	output	7.5	7.398	92.61
ar.u_o_cSW_414/lk$_DFF_N_	cSW[414]	output_lockup	8.712	8.802	92.61
ar.u_o_cSW_414/q$_DFF_P_	cSW[414]	output	10.116	10.206	92.61
ar.u_o_cSW_415/lk$_DFF_N_	cSW[415]	output_lockup	5.982	5.994	92.88
ar.u_o_cSW_415/q$_DFF_P_	cSW[415]	output	7.386	7.398	92.88
ar.u_o_cSW_416/lk$_DFF_N_	cSW[416]	output_lockup	6.06	5.994	93.15
ar.u_o_cSW_416/q$_DFF_P_	cSW[416]	output	7.464	7.398	93.15
ar.u_o_cSW_417/lk$_DFF_N_	cSW[417]	output_lockup	6.138	5.994	93.42
ar.u_o_cSW_417/q$_DFF_P_	cSW[417]	output	7.542	7.398	93.42
ar.u_o_cSW_418/lk$_DFF_N_	cSW[418]	output_lockup	8.754	8.802	93.42
ar.u_o_cSW_418/q$_DFF_P_	cSW[418]	output	10.158	10.206	93.42
ar.u_o_cSW_419/lk$_DFF_N_	cSW[419]	output_lockup	6.024	5.994	93.69
ar.u_o_cSW_419/q$_DFF_P_	cSW[419]	output	7.428	7.398	93.69
ar.u_o_cSW_420/lk$_DFF_N_	cSW[420]	output_lockup	6.102	5.994	93.96
ar.u_o_cSW_420/q$_DFF_P_	cSW[420]	output	7.506	7.398	93.96
ar.u_o_cSW_421/lk$_DFF_N_	cSW[421]	output_lockup	8.718	8.802	93.96
ar.u_o_cSW_421/q$_DFF_P_	cSW[421]	output	10.122	10.206	93.96
ar.u_o_cSW_422/lk$_DFF_N_	cSW[422]	output_lockup	5.988	5.994	94.23
ar.u_o_cSW_422/q$_DFF_P_	cSW[422]	output	7.392	7.398	94.23
ar.u_o_cSW_423/lk$_DFF_N_	cSW[423]	output_lockup	6.066	5.994	94.5
ar.u_o_cSW_423/q$_DFF_P_	cSW[423]	output	7.47	7.398	94.5
ar.u_o_cSW_424/lk$_DFF_N_	cSW[424]	output_lockup	6.144	5.994	94.77
ar.u_o_cSW_424/q$_DFF_P_	cSW[424]	output	7.548	7.398	94.77
ar.u_o_cSW_425/lk$_DFF_N_	cSW[425]	output_lockup	8.76	8.802	94.77
ar.u_o_cSW_425/q$_DFF_P_	cSW[425]	output	10.164	10.206	94.77
ar.u_o_cSW_426/lk$_DFF_N_	cSW[426]	output_lockup	6.03	5.994	95.04
ar.u_o_cSW_426/q$_DFF_P_	cSW[426]	output	7.434	7.398	95.04
ar.u_o_cSW_427/lk$_DFF_N_	cSW[427]	output_lockup	6.108	5.994	95.31
ar.u_o_cSW_427/q$_DFF_P_	cSW[427]	output	7.512	7.398	95.31
ar.u_o_cSW_428/lk$_DFF_N_	cSW[428]	output_lockup	8.724	8.802	95.31
ar.u_o_cSW_428/q$_DFF_P_	cSW[428]	output	10.128	10.206	95.31
ar.u_o_cSW_429/lk$_DFF_N_	cSW[429]	output_lockup	5.994	5.994	95.58
ar.u_o_cSW_429/q$_DFF_P_	cSW[429]	output	7.398	7.398	95.58
ar.u_o_cSW_430/lk$_DFF_N_	cSW[430]	output_lockup	6.072	5.994	95.85
ar.u_o_cSW_430/q$_DFF_P_	cSW[430]	output	7.476	7.398	95.85
ar.u_o_cSW_431/lk$_DFF_N_	cSW[431]	output_lockup	6.15	5.994	96.12
ar.u_o_cSW_431/q$_DFF_P_	cSW[431]	output	7.554	7.398	96.12
ar.u_o_cSW_432/lk$_DFF_N_	cSW[432]	output_lockup	8.766	8.802	96.12
ar.u_o_cSW_432/q$_DFF_P_	cSW[432]	output	10.17	10.206	96.12
ar.u_o_cSW_433/lk$_DFF_N_	cSW[433]	output_lockup	6.036	5.994	96.39
ar.u_o_cSW_433/q$_DFF_P_	cSW[433]	output	7.44	7.398	96.39
ar.u_o_cSW_434/lk$_DFF_N_	cSW[434]	output_lockup	6.114	5.994	96.66
ar.u_o_cSW_434/q$_DFF_P_	cSW[434]	output	7.518	7.398	96.66
ar.u_o_cSW_435/lk$_DFF_N_	cSW[435]	output_lockup	8.73	8.802	96.66
ar.u_o_cSW_435/q$_DFF_P_	cSW[435]	output	10.134	10.206	96.66
ar.u_o_cSW_436/lk$_DFF_N_	cSW[436]	output_lockup	6.0	5.994	96.93
ar.u_o_cSW_436/q$_DFF_P_	cSW[436]	output	7.404	7.398	96.93
ar.u_o_cSW_437/lk$_DFF_N_	cSW[437]	output_lockup	6.078	5.994	97.2
ar.u_o_cSW_437/q$_DFF_P_	cSW[437]	output	7.482	7.398	97.2
ar.u_o_cSW_438/lk$_DFF_N_	cSW[438]	output_lockup	6.156	5.994	97.47
ar.u_o_cSW_438/q$_DFF_P_	cSW[438]	output	7.56	7.398	97.47
ar.u_o_cSW_439/lk$_DFF_N_	cSW[439]	output_lockup	8.772	8.802	97.47
ar.u_o_cSW_439/q$_DFF_P_	cSW[439]	output	10.176	10.206	97.47
ar.u_o_cSW_440/lk$_DFF_N_	cSW[440]	output_lockup	6.042	5.994	97.74
ar.u_o_cSW_440/q$_DFF_P_	cSW[440]	output	7.446	7.398	97.74
ar.u_o_cSW_441/lk$_DFF_N_	cSW[441]	output_lockup	6.12	5.994	98.01
ar.u_o_cSW_441/q$_DFF_P_	cSW[441]	output	7.524	7.398	98.01
ar.u_o_cSW_442/lk$_DFF_N_	cSW[442]	output_lockup	8.736	8.802	98.01
ar.u_o_cSW_442/q$_DFF_P_	cSW[442]	output	10.14	10.206	98.01
ar.u_o_cSW_443/lk$_DFF_N_	cSW[443]	output_lockup	6.006	5.994	98.28
ar.u_o_cSW_443/q$_DFF_P_	cSW[443]	output	7.41	7.398	98.28
ar.u_o_cSW_444/lk$_DFF_N_	cSW[444]	output_lockup	6.084	5.994	98.55
ar.u_o_cSW_444/q$_DFF_P_	cSW[444]	output	7.488	7.398	98.55
ar.u_o_cSW_458/lk$_DFF_N_	cSW[458]	output_lockup	6.096	5.994	101.25
ar.u_o_cSW_458/q$_DFF_P_	cSW[458]	output	7.5	7.398	101.25
ar.u_o_cSW_459/lk$_DFF_N_	cSW[459]	output_lockup	8.712	8.802	101.25
ar.u_o_cSW_459/q$_DFF_P_	cSW[459]	output	10.116	10.206	101.25
ar.u_o_cSW_46/lk$_DFF_N_	cSW[46]	output_lockup	6.09	5.994	22.14
ar.u_o_cSW_46/q$_DFF_P_	cSW[46]	output	7.494	7.398	22.14
ar.u_o_cSW_460/lk$_DFF_N_	cSW[460]	output_lockup	5.982	5.994	101.52
ar.u_o_cSW_460/q$_DFF_P_	cSW[460]	output	7.386	7.398	101.52
ar.u_o_cSW_461/lk$_DFF_N_	cSW[461]	output_lockup	6.06	5.994	101.79
ar.u_o_cSW_461/q$_DFF_P_	cSW[461]	output	7.464	7.398	101.79
ar.u_o_cSW_462/lk$_DFF_N_	cSW[462]	output_lockup	6.138	5.994	102.06
ar.u_o_cSW_462/q$_DFF_P_	cSW[462]	output	7.542	7.398	102.06
ar.u_o_cSW_463/lk$_DFF_N_	cSW[463]	output_lockup	8.754	8.802	102.06
ar.u_o_cSW_463/q$_DFF_P_	cSW[463]	output	10.158	10.206	102.06
ar.u_o_cSW_464/lk$_DFF_N_	cSW[464]	output_lockup	6.024	5.994	102.33
ar.u_o_cSW_464/q$_DFF_P_	cSW[464]	output	7.428	7.398	102.33
ar.u_o_cSW_465/lk$_DFF_N_	cSW[465]	output_lockup	6.102	5.994	102.6
ar.u_o_cSW_465/q$_DFF_P_	cSW[465]	output	7.506	7.398	102.6
ar.u_o_cSW_466/lk$_DFF_N_	cSW[466]	output_lockup	8.718	8.802	102.6
ar.u_o_cSW_466/q$_DFF_P_	cSW[466]	output	10.122	10.206	102.6
ar.u_o_cSW_467/lk$_DFF_N_	cSW[467]	output_lockup	5.988	5.994	102.87
ar.u_o_cSW_467/q$_DFF_P_	cSW[467]	output	7.392	7.398	102.87
ar.u_o_cSW_468/lk$_DFF_N_	cSW[468]	output_lockup	6.066	5.994	103.14
ar.u_o_cSW_468/q$_DFF_P_	cSW[468]	output	7.47	7.398	103.14
ar.u_o_cSW_469/lk$_DFF_N_	cSW[469]	output_lockup	6.144	5.994	103.41
ar.u_o_cSW_469/q$_DFF_P_	cSW[469]	output	7.548	7.398	103.41
ar.u_o_cSW_47/lk$_DFF_N_	cSW[47]	output_lockup	8.706	8.802	22.14
ar.u_o_cSW_47/q$_DFF_P_	cSW[47]	output	10.11	10.206	22.14
ar.u_o_cSW_470/lk$_DFF_N_	cSW[470]	output_lockup	8.76	8.802	103.41
ar.u_o_cSW_470/q$_DFF_P_	cSW[470]	output	10.164	10.206	103.41
ar.u_o_cSW_471/lk$_DFF_N_	cSW[471]	output_lockup	6.03	5.994	103.68
ar.u_o_cSW_471/q$_DFF_P_	cSW[471]	output	7.434	7.398	103.68
ar.u_o_cSW_472/lk$_DFF_N_	cSW[472]	output_lockup	6.108	5.994	103.95
ar.u_o_cSW_472/q$_DFF_P_	cSW[472]	output	7.512	7.398	103.95
ar.u_o_cSW_473/lk$_DFF_N_	cSW[473]	output_lockup	8.724	8.802	103.95
ar.u_o_cSW_473/q$_DFF_P_	cSW[473]	output	10.128	10.206	103.95
ar.u_o_cSW_474/lk$_DFF_N_	cSW[474]	output_lockup	5.994	5.994	104.22
ar.u_o_cSW_474/q$_DFF_P_	cSW[474]	output	7.398	7.398	104.22
ar.u_o_cSW_475/lk$_DFF_N_	cSW[475]	output_lockup	6.072	5.994	104.49
ar.u_o_cSW_475/q$_DFF_P_	cSW[475]	output	7.476	7.398	104.49
ar.u_o_cSW_476/lk$_DFF_N_	cSW[476]	output_lockup	6.15	5.994	104.76
ar.u_o_cSW_476/q$_DFF_P_	cSW[476]	output	7.554	7.398	104.76
ar.u_o_cSW_477/lk$_DFF_N_	cSW[477]	output_lockup	8.766	8.802	104.76
ar.u_o_cSW_477/q$_DFF_P_	cSW[477]	output	10.17	10.206	104.76
ar.u_o_cSW_478/lk$_DFF_N_	cSW[478]	output_lockup	6.036	5.994	105.03
ar.u_o_cSW_478/q$_DFF_P_	cSW[478]	output	7.44	7.398	105.03
ar.u_o_cSW_479/lk$_DFF_N_	cSW[479]	output_lockup	6.114	5.994	105.3
ar.u_o_cSW_479/q$_DFF_P_	cSW[479]	output	7.518	7.398	105.3
ar.u_o_cSW_48/lk$_DFF_N_	cSW[48]	output_lockup	5.976	5.994	22.41
ar.u_o_cSW_48/q$_DFF_P_	cSW[48]	output	7.38	7.398	22.41
ar.u_o_cSW_480/lk$_DFF_N_	cSW[480]	output_lockup	8.73	8.802	105.3
ar.u_o_cSW_480/q$_DFF_P_	cSW[480]	output	10.134	10.206	105.3
ar.u_o_cSW_481/lk$_DFF_N_	cSW[481]	output_lockup	6.0	5.994	105.57
ar.u_o_cSW_481/q$_DFF_P_	cSW[481]	output	7.404	7.398	105.57
ar.u_o_cSW_482/lk$_DFF_N_	cSW[482]	output_lockup	6.078	5.994	105.84
ar.u_o_cSW_482/q$_DFF_P_	cSW[482]	output	7.482	7.398	105.84
ar.u_o_cSW_483/lk$_DFF_N_	cSW[483]	output_lockup	6.156	5.994	106.11
ar.u_o_cSW_483/q$_DFF_P_	cSW[483]	output	7.56	7.398	106.11
ar.u_o_cSW_484/lk$_DFF_N_	cSW[484]	output_lockup	8.772	8.802	106.11
ar.u_o_cSW_484/q$_DFF_P_	cSW[484]	output	10.176	10.206	106.11
ar.u_o_cSW_485/lk$_DFF_N_	cSW[485]	output_lockup	6.042	5.994	106.38
ar.u_o_cSW_485/q$_DFF_P_	cSW[485]	output	7.446	7.398	106.38
ar.u_o_cSW_486/lk$_DFF_N_	cSW[486]	output_lockup	6.12	5.994	106.65
ar.u_o_cSW_486/q$_DFF_P_	cSW[486]	output	7.524	7.398	106.65
ar.u_o_cSW_487/lk$_DFF_N_	cSW[487]	output_lockup	8.736	8.802	106.65
ar.u_o_cSW_487/q$_DFF_P_	cSW[487]	output	10.14	10.206	106.65
ar.u_o_cSW_488/lk$_DFF_N_	cSW[488]	output_lockup	6.006	5.994	106.92
ar.u_o_cSW_488/q$_DFF_P_	cSW[488]	output	7.41	7.398	106.92
ar.u_o_cSW_489/lk$_DFF_N_	cSW[489]	output_lockup	6.084	5.994	107.19
ar.u_o_cSW_489/q$_DFF_P_	cSW[489]	output	7.488	7.398	107.19
ar.u_o_cSW_49/lk$_DFF_N_	cSW[49]	output_lockup	6.054	5.994	22.68
ar.u_o_cSW_49/q$_DFF_P_	cSW[49]	output	7.458	7.398	22.68
ar.u_o_cSW_490/lk$_DFF_N_	cSW[490]	output_lockup	6.162	5.994	107.46
ar.u_o_cSW_490/q$_DFF_P_	cSW[490]	output	7.566	7.398	107.46
ar.u_o_cSW_491/lk$_DFF_N_	cSW[491]	output_lockup	8.778	8.802	107.46
ar.u_o_cSW_491/q$_DFF_P_	cSW[491]	output	10.182	10.206	107.46
ar.u_o_cSW_492/lk$_DFF_N_	cSW[492]	output_lockup	6.048	5.994	107.73
ar.u_o_cSW_492/q$_DFF_P_	cSW[492]	output	7.452	7.398	107.73
ar.u_o_cSW_493/lk$_DFF_N_	cSW[493]	output_lockup	6.126	5.994	108.0
ar.u_o_cSW_493/q$_DFF_P_	cSW[493]	output	7.53	7.398	108.0
ar.u_o_cSW_494/lk$_DFF_N_	cSW[494]	output_lockup	8.742	8.802	108.0
ar.u_o_cSW_494/q$_DFF_P_	cSW[494]	output	10.146	10.206	108.0
ar.u_o_cSW_495/lk$_DFF_N_	cSW[495]	output_lockup	6.012	5.994	108.27
ar.u_o_cSW_495/q$_DFF_P_	cSW[495]	output	7.416	7.398	108.27
ar.u_o_cSW_496/lk$_DFF_N_	cSW[496]	output_lockup	6.09	5.994	108.54
ar.u_o_cSW_496/q$_DFF_P_	cSW[496]	output	7.494	7.398	108.54
ar.u_o_cSW_497/lk$_DFF_N_	cSW[497]	output_lockup	8.706	8.802	108.54
ar.u_o_cSW_497/q$_DFF_P_	cSW[497]	output	10.11	10.206	108.54
ar.u_o_cSW_498/lk$_DFF_N_	cSW[498]	output_lockup	5.976	5.994	108.81
ar.u_o_cSW_498/q$_DFF_P_	cSW[498]	output	7.38	7.398	108.81
ar.u_o_cSW_499/lk$_DFF_N_	cSW[499]	output_lockup	6.054	5.994	109.08
ar.u_o_cSW_499/q$_DFF_P_	cSW[499]	output	7.458	7.398	109.08
ar.u_o_cSW_5/lk$_DFF_N_	cSW[5]	output_lockup	6.132	5.994	14.31
ar.u_o_cSW_5/q$_DFF_P_	cSW[5]	output	7.536	7.398	14.31
ar.u_o_cSW_50/lk$_DFF_N_	cSW[50]	output_lockup	6.132	5.994	22.95
ar.u_o_cSW_50/q$_DFF_P_	cSW[50]	output	7.536	7.398	22.95
ar.u_o_cSW_500/lk$_DFF_N_	cSW[500]	output_lockup	6.132	5.994	109.35
ar.u_o_cSW_500/q$_DFF_P_	cSW[500]	output	7.536	7.398	109.35
ar.u_o_cSW_501/lk$_DFF_N_	cSW[501]	output_lockup	8.748	8.802	109.35
ar.u_o_cSW_501/q$_DFF_P_	cSW[501]	output	10.152	10.206	109.35
ar.u_o_cSW_502/lk$_DFF_N_	cSW[502]	output_lockup	6.018	5.994	109.62
ar.u_o_cSW_502/q$_DFF_P_	cSW[502]	output	7.422	7.398	109.62
ar.u_o_cSW_503/lk$_DFF_N_	cSW[503]	output_lockup	6.096	5.994	109.89
ar.u_o_cSW_503/q$_DFF_P_	cSW[503]	output	7.5	7.398	109.89
ar.u_o_cSW_504/lk$_DFF_N_	cSW[504]	output_lockup	8.712	8.802	109.89
ar.u_o_cSW_504/q$_DFF_P_	cSW[504]	output	10.116	10.206	109.89
ar.u_o_cSW_505/lk$_DFF_N_	cSW[505]	output_lockup	5.982	5.994	110.16
ar.u_o_cSW_505/q$_DFF_P_	cSW[505]	output	7.386	7.398	110.16
ar.u_o_cSW_506/lk$_DFF_N_	cSW[506]	output_lockup	6.06	5.994	110.43
ar.u_o_cSW_506/q$_DFF_P_	cSW[506]	output	7.464	7.398	110.43
ar.u_o_cSW_507/lk$_DFF_N_	cSW[507]	output_lockup	6.138	5.994	110.7
ar.u_o_cSW_507/q$_DFF_P_	cSW[507]	output	7.542	7.398	110.7
ar.u_o_cSW_508/lk$_DFF_N_	cSW[508]	output_lockup	8.754	8.802	110.7
ar.u_o_cSW_508/q$_DFF_P_	cSW[508]	output	10.158	10.206	110.7
ar.u_o_cSW_509/lk$_DFF_N_	cSW[509]	output_lockup	6.024	5.994	110.97
ar.u_o_cSW_509/q$_DFF_P_	cSW[509]	output	7.428	7.398	110.97
ar.u_o_cSW_51/lk$_DFF_N_	cSW[51]	output_lockup	8.748	8.802	22.95
ar.u_o_cSW_51/q$_DFF_P_	cSW[51]	output	10.152	10.206	22.95
ar.u_o_cSW_516/lk$_DFF_N_	cSW[516]	output_lockup	6.03	5.994	112.32
ar.u_o_cSW_516/q$_DFF_P_	cSW[516]	output	7.434	7.398	112.32
ar.u_o_cSW_517/lk$_DFF_N_	cSW[517]	output_lockup	6.108	5.994	112.59
ar.u_o_cSW_517/q$_DFF_P_	cSW[517]	output	7.512	7.398	112.59
ar.u_o_cSW_518/lk$_DFF_N_	cSW[518]	output_lockup	8.724	8.802	112.59
ar.u_o_cSW_518/q$_DFF_P_	cSW[518]	output	10.128	10.206	112.59
ar.u_o_cSW_519/lk$_DFF_N_	cSW[519]	output_lockup	5.994	5.994	112.86
ar.u_o_cSW_519/q$_DFF_P_	cSW[519]	output	7.398	7.398	112.86
ar.u_o_cSW_52/lk$_DFF_N_	cSW[52]	output_lockup	6.018	5.994	23.22
ar.u_o_cSW_52/q$_DFF_P_	cSW[52]	output	7.422	7.398	23.22
ar.u_o_cSW_520/lk$_DFF_N_	cSW[520]	output_lockup	6.072	5.994	113.13
ar.u_o_cSW_520/q$_DFF_P_	cSW[520]	output	7.476	7.398	113.13
ar.u_o_cSW_521/lk$_DFF_N_	cSW[521]	output_lockup	6.15	5.994	113.4
ar.u_o_cSW_521/q$_DFF_P_	cSW[521]	output	7.554	7.398	113.4
ar.u_o_cSW_522/lk$_DFF_N_	cSW[522]	output_lockup	8.766	8.802	113.4
ar.u_o_cSW_522/q$_DFF_P_	cSW[522]	output	10.17	10.206	113.4
ar.u_o_cSW_523/lk$_DFF_N_	cSW[523]	output_lockup	6.036	5.994	113.67
ar.u_o_cSW_523/q$_DFF_P_	cSW[523]	output	7.44	7.398	113.67
ar.u_o_cSW_524/lk$_DFF_N_	cSW[524]	output_lockup	6.114	5.994	113.94
ar.u_o_cSW_524/q$_DFF_P_	cSW[524]	output	7.518	7.398	113.94
ar.u_o_cSW_525/lk$_DFF_N_	cSW[525]	output_lockup	8.73	8.802	113.94
ar.u_o_cSW_525/q$_DFF_P_	cSW[525]	output	10.134	10.206	113.94
ar.u_o_cSW_526/lk$_DFF_N_	cSW[526]	output_lockup	6.0	5.994	114.21
ar.u_o_cSW_526/q$_DFF_P_	cSW[526]	output	7.404	7.398	114.21
ar.u_o_cSW_527/lk$_DFF_N_	cSW[527]	output_lockup	6.078	5.994	114.48
ar.u_o_cSW_527/q$_DFF_P_	cSW[527]	output	7.482	7.398	114.48
ar.u_o_cSW_528/lk$_DFF_N_	cSW[528]	output_lockup	6.156	5.994	114.75
ar.u_o_cSW_528/q$_DFF_P_	cSW[528]	output	7.56	7.398	114.75
ar.u_o_cSW_529/lk$_DFF_N_	cSW[529]	output_lockup	8.772	8.802	114.75
ar.u_o_cSW_529/q$_DFF_P_	cSW[529]	output	10.176	10.206	114.75
ar.u_o_cSW_53/lk$_DFF_N_	cSW[53]	output_lockup	6.096	5.994	23.49
ar.u_o_cSW_53/q$_DFF_P_	cSW[53]	output	7.5	7.398	23.49
ar.u_o_cSW_530/lk$_DFF_N_	cSW[530]	output_lockup	6.042	5.994	115.02
ar.u_o_cSW_530/q$_DFF_P_	cSW[530]	output	7.446	7.398	115.02
ar.u_o_cSW_531/lk$_DFF_N_	cSW[531]	output_lockup	6.12	5.994	115.29
ar.u_o_cSW_531/q$_DFF_P_	cSW[531]	output	7.524	7.398	115.29
ar.u_o_cSW_532/lk$_DFF_N_	cSW[532]	output_lockup	8.736	8.802	115.29
ar.u_o_cSW_532/q$_DFF_P_	cSW[532]	output	10.14	10.206	115.29
ar.u_o_cSW_533/lk$_DFF_N_	cSW[533]	output_lockup	6.006	5.994	115.56
ar.u_o_cSW_533/q$_DFF_P_	cSW[533]	output	7.41	7.398	115.56
ar.u_o_cSW_534/lk$_DFF_N_	cSW[534]	output_lockup	6.084	5.994	115.83
ar.u_o_cSW_534/q$_DFF_P_	cSW[534]	output	7.488	7.398	115.83
ar.u_o_cSW_535/lk$_DFF_N_	cSW[535]	output_lockup	6.162	5.994	116.1
ar.u_o_cSW_535/q$_DFF_P_	cSW[535]	output	7.566	7.398	116.1
ar.u_o_cSW_536/lk$_DFF_N_	cSW[536]	output_lockup	8.778	8.802	116.1
ar.u_o_cSW_536/q$_DFF_P_	cSW[536]	output	10.182	10.206	116.1
ar.u_o_cSW_537/lk$_DFF_N_	cSW[537]	output_lockup	6.048	5.994	116.37
ar.u_o_cSW_537/q$_DFF_P_	cSW[537]	output	7.452	7.398	116.37
ar.u_o_cSW_538/lk$_DFF_N_	cSW[538]	output_lockup	6.126	5.994	116.64
ar.u_o_cSW_538/q$_DFF_P_	cSW[538]	output	7.53	7.398	116.64
ar.u_o_cSW_539/lk$_DFF_N_	cSW[539]	output_lockup	8.742	8.802	116.64
ar.u_o_cSW_539/q$_DFF_P_	cSW[539]	output	10.146	10.206	116.64
ar.u_o_cSW_54/lk$_DFF_N_	cSW[54]	output_lockup	8.712	8.802	23.49
ar.u_o_cSW_54/q$_DFF_P_	cSW[54]	output	10.116	10.206	23.49
ar.u_o_cSW_540/lk$_DFF_N_	cSW[540]	output_lockup	6.012	5.994	116.91
ar.u_o_cSW_540/q$_DFF_P_	cSW[540]	output	7.416	7.398	116.91
ar.u_o_cSW_541/lk$_DFF_N_	cSW[541]	output_lockup	6.09	5.994	117.18
ar.u_o_cSW_541/q$_DFF_P_	cSW[541]	output	7.494	7.398	117.18
ar.u_o_cSW_542/lk$_DFF_N_	cSW[542]	output_lockup	8.706	8.802	117.18
ar.u_o_cSW_542/q$_DFF_P_	cSW[542]	output	10.11	10.206	117.18
ar.u_o_cSW_543/lk$_DFF_N_	cSW[543]	output_lockup	5.976	5.994	117.45
ar.u_o_cSW_543/q$_DFF_P_	cSW[543]	output	7.38	7.398	117.45
ar.u_o_cSW_544/lk$_DFF_N_	cSW[544]	output_lockup	6.054	5.994	117.72
ar.u_o_cSW_544/q$_DFF_P_	cSW[544]	output	7.458	7.398	117.72
ar.u_o_cSW_545/lk$_DFF_N_	cSW[545]	output_lockup	6.132	5.994	117.99
ar.u_o_cSW_545/q$_DFF_P_	cSW[545]	output	7.536	7.398	117.99
ar.u_o_cSW_546/lk$_DFF_N_	cSW[546]	output_lockup	8.748	8.802	117.99
ar.u_o_cSW_546/q$_DFF_P_	cSW[546]	output	10.152	10.206	117.99
ar.u_o_cSW_547/lk$_DFF_N_	cSW[547]	output_lockup	6.018	5.994	118.26
ar.u_o_cSW_547/q$_DFF_P_	cSW[547]	output	7.422	7.398	118.26
ar.u_o_cSW_55/lk$_DFF_N_	cSW[55]	output_lockup	5.982	5.994	23.76
ar.u_o_cSW_55/q$_DFF_P_	cSW[55]	output	7.386	7.398	23.76
ar.u_o_cSW_56/lk$_DFF_N_	cSW[56]	output_lockup	6.06	5.994	24.03
ar.u_o_cSW_56/q$_DFF_P_	cSW[56]	output	7.464	7.398	24.03
ar.u_o_cSW_561/lk$_DFF_N_	cSW[561]	output_lockup	6.03	5.994	120.96
ar.u_o_cSW_561/q$_DFF_P_	cSW[561]	output	7.434	7.398	120.96
ar.u_o_cSW_562/lk$_DFF_N_	cSW[562]	output_lockup	6.108	5.994	121.23
ar.u_o_cSW_562/q$_DFF_P_	cSW[562]	output	7.512	7.398	121.23
ar.u_o_cSW_563/lk$_DFF_N_	cSW[563]	output_lockup	8.724	8.802	121.23
ar.u_o_cSW_563/q$_DFF_P_	cSW[563]	output	10.128	10.206	121.23
ar.u_o_cSW_564/lk$_DFF_N_	cSW[564]	output_lockup	5.994	5.994	121.5
ar.u_o_cSW_564/q$_DFF_P_	cSW[564]	output	7.398	7.398	121.5
ar.u_o_cSW_565/lk$_DFF_N_	cSW[565]	output_lockup	6.072	5.994	121.77
ar.u_o_cSW_565/q$_DFF_P_	cSW[565]	output	7.476	7.398	121.77
ar.u_o_cSW_566/lk$_DFF_N_	cSW[566]	output_lockup	6.15	5.994	122.04
ar.u_o_cSW_566/q$_DFF_P_	cSW[566]	output	7.554	7.398	122.04
ar.u_o_cSW_567/lk$_DFF_N_	cSW[567]	output_lockup	8.766	8.802	122.04
ar.u_o_cSW_567/q$_DFF_P_	cSW[567]	output	10.17	10.206	122.04
ar.u_o_cSW_568/lk$_DFF_N_	cSW[568]	output_lockup	6.036	5.994	122.31
ar.u_o_cSW_568/q$_DFF_P_	cSW[568]	output	7.44	7.398	122.31
ar.u_o_cSW_569/lk$_DFF_N_	cSW[569]	output_lockup	6.114	5.994	122.58
ar.u_o_cSW_569/q$_DFF_P_	cSW[569]	output	7.518	7.398	122.58
ar.u_o_cSW_57/lk$_DFF_N_	cSW[57]	output_lockup	6.138	5.994	24.3
ar.u_o_cSW_57/q$_DFF_P_	cSW[57]	output	7.542	7.398	24.3
ar.u_o_cSW_570/lk$_DFF_N_	cSW[570]	output_lockup	8.73	8.802	122.58
ar.u_o_cSW_570/q$_DFF_P_	cSW[570]	output	10.134	10.206	122.58
ar.u_o_cSW_571/lk$_DFF_N_	cSW[571]	output_lockup	6.0	5.994	122.85
ar.u_o_cSW_571/q$_DFF_P_	cSW[571]	output	7.404	7.398	122.85
ar.u_o_cSW_572/lk$_DFF_N_	cSW[572]	output_lockup	6.078	5.994	123.12
ar.u_o_cSW_572/q$_DFF_P_	cSW[572]	output	7.482	7.398	123.12
ar.u_o_cSW_573/lk$_DFF_N_	cSW[573]	output_lockup	6.156	5.994	123.39
ar.u_o_cSW_573/q$_DFF_P_	cSW[573]	output	7.56	7.398	123.39
ar.u_o_cSW_574/lk$_DFF_N_	cSW[574]	output_lockup	8.772	8.802	123.39
ar.u_o_cSW_574/q$_DFF_P_	cSW[574]	output	10.176	10.206	123.39
ar.u_o_cSW_575/lk$_DFF_N_	cSW[575]	output_lockup	6.042	5.994	123.66
ar.u_o_cSW_575/q$_DFF_P_	cSW[575]	output	7.446	7.398	123.66
ar.u_o_cSW_576/lk$_DFF_N_	cSW[576]	output_lockup	6.12	5.994	123.93
ar.u_o_cSW_576/q$_DFF_P_	cSW[576]	output	7.524	7.398	123.93
ar.u_o_cSW_577/lk$_DFF_N_	cSW[577]	output_lockup	8.736	8.802	123.93
ar.u_o_cSW_577/q$_DFF_P_	cSW[577]	output	10.14	10.206	123.93
ar.u_o_cSW_578/lk$_DFF_N_	cSW[578]	output_lockup	6.006	5.994	124.2
ar.u_o_cSW_578/q$_DFF_P_	cSW[578]	output	7.41	7.398	124.2
ar.u_o_cSW_579/lk$_DFF_N_	cSW[579]	output_lockup	6.084	5.994	124.47
ar.u_o_cSW_579/q$_DFF_P_	cSW[579]	output	7.488	7.398	124.47
ar.u_o_cSW_58/lk$_DFF_N_	cSW[58]	output_lockup	8.754	8.802	24.3
ar.u_o_cSW_58/q$_DFF_P_	cSW[58]	output	10.158	10.206	24.3
ar.u_o_cSW_580/lk$_DFF_N_	cSW[580]	output_lockup	6.162	5.994	124.74
ar.u_o_cSW_580/q$_DFF_P_	cSW[580]	output	7.566	7.398	124.74
ar.u_o_cSW_581/lk$_DFF_N_	cSW[581]	output_lockup	8.778	8.802	124.74
ar.u_o_cSW_581/q$_DFF_P_	cSW[581]	output	10.182	10.206	124.74
ar.u_o_cSW_582/lk$_DFF_N_	cSW[582]	output_lockup	6.048	5.994	125.01
ar.u_o_cSW_582/q$_DFF_P_	cSW[582]	output	7.452	7.398	125.01
ar.u_o_cSW_583/lk$_DFF_N_	cSW[583]	output_lockup	6.126	5.994	125.28
ar.u_o_cSW_583/q$_DFF_P_	cSW[583]	output	7.53	7.398	125.28
ar.u_o_cSW_584/lk$_DFF_N_	cSW[584]	output_lockup	8.742	8.802	125.28
ar.u_o_cSW_584/q$_DFF_P_	cSW[584]	output	10.146	10.206	125.28
ar.u_o_cSW_585/lk$_DFF_N_	cSW[585]	output_lockup	6.012	5.994	125.55
ar.u_o_cSW_585/q$_DFF_P_	cSW[585]	output	7.416	7.398	125.55
ar.u_o_cSW_586/lk$_DFF_N_	cSW[586]	output_lockup	6.09	5.994	125.82
ar.u_o_cSW_586/q$_DFF_P_	cSW[586]	output	7.494	7.398	125.82
ar.u_o_cSW_587/lk$_DFF_N_	cSW[587]	output_lockup	8.706	8.802	125.82
ar.u_o_cSW_587/q$_DFF_P_	cSW[587]	output	10.11	10.206	125.82
ar.u_o_cSW_588/lk$_DFF_N_	cSW[588]	output_lockup	5.976	5.994	126.09
ar.u_o_cSW_588/q$_DFF_P_	cSW[588]	output	7.38	7.398	126.09
ar.u_o_cSW_589/lk$_DFF_N_	cSW[589]	output_lockup	6.054	5.994	126.36
ar.u_o_cSW_589/q$_DFF_P_	cSW[589]	output	7.458	7.398	126.36
ar.u_o_cSW_59/lk$_DFF_N_	cSW[59]	output_lockup	6.024	5.994	24.57
ar.u_o_cSW_59/q$_DFF_P_	cSW[59]	output	7.428	7.398	24.57
ar.u_o_cSW_590/lk$_DFF_N_	cSW[590]	output_lockup	6.132	5.994	126.63
ar.u_o_cSW_590/q$_DFF_P_	cSW[590]	output	7.536	7.398	126.63
ar.u_o_cSW_591/lk$_DFF_N_	cSW[591]	output_lockup	8.748	8.802	126.63
ar.u_o_cSW_591/q$_DFF_P_	cSW[591]	output	10.152	10.206	126.63
ar.u_o_cSW_592/lk$_DFF_N_	cSW[592]	output_lockup	6.018	5.994	126.9
ar.u_o_cSW_592/q$_DFF_P_	cSW[592]	output	7.422	7.398	126.9
ar.u_o_cSW_593/lk$_DFF_N_	cSW[593]	output_lockup	6.096	5.994	127.17
ar.u_o_cSW_593/q$_DFF_P_	cSW[593]	output	7.5	7.398	127.17
ar.u_o_cSW_594/lk$_DFF_N_	cSW[594]	output_lockup	8.712	8.802	127.17
ar.u_o_cSW_594/q$_DFF_P_	cSW[594]	output	10.116	10.206	127.17
ar.u_o_cSW_595/lk$_DFF_N_	cSW[595]	output_lockup	5.982	5.994	127.44
ar.u_o_cSW_595/q$_DFF_P_	cSW[595]	output	7.386	7.398	127.44
ar.u_o_cSW_596/lk$_DFF_N_	cSW[596]	output_lockup	6.06	5.994	127.71
ar.u_o_cSW_596/q$_DFF_P_	cSW[596]	output	7.464	7.398	127.71
ar.u_o_cSW_597/lk$_DFF_N_	cSW[597]	output_lockup	6.138	5.994	127.98
ar.u_o_cSW_597/q$_DFF_P_	cSW[597]	output	7.542	7.398	127.98
ar.u_o_cSW_598/lk$_DFF_N_	cSW[598]	output_lockup	8.754	8.802	127.98
ar.u_o_cSW_598/q$_DFF_P_	cSW[598]	output	10.158	10.206	127.98
ar.u_o_cSW_599/lk$_DFF_N_	cSW[599]	output_lockup	6.024	5.994	128.25
ar.u_o_cSW_599/q$_DFF_P_	cSW[599]	output	7.428	7.398	128.25
ar.u_o_cSW_6/lk$_DFF_N_	cSW[6]	output_lockup	8.748	8.802	14.31
ar.u_o_cSW_6/q$_DFF_P_	cSW[6]	output	10.152	10.206	14.31
ar.u_o_cSW_60/lk$_DFF_N_	cSW[60]	output_lockup	6.102	5.994	24.84
ar.u_o_cSW_60/q$_DFF_P_	cSW[60]	output	7.506	7.398	24.84
ar.u_o_cSW_600/lk$_DFF_N_	cSW[600]	output_lockup	6.102	5.994	128.52
ar.u_o_cSW_600/q$_DFF_P_	cSW[600]	output	7.506	7.398	128.52
ar.u_o_cSW_601/lk$_DFF_N_	cSW[601]	output_lockup	8.718	8.802	128.52
ar.u_o_cSW_601/q$_DFF_P_	cSW[601]	output	10.122	10.206	128.52
ar.u_o_cSW_602/lk$_DFF_N_	cSW[602]	output_lockup	5.988	5.994	128.79
ar.u_o_cSW_602/q$_DFF_P_	cSW[602]	output	7.392	7.398	128.79
ar.u_o_cSW_603/lk$_DFF_N_	cSW[603]	output_lockup	6.066	5.994	129.06
ar.u_o_cSW_603/q$_DFF_P_	cSW[603]	output	7.47	7.398	129.06
ar.u_o_cSW_604/lk$_DFF_N_	cSW[604]	output_lockup	6.144	5.994	129.33
ar.u_o_cSW_604/q$_DFF_P_	cSW[604]	output	7.548	7.398	129.33
ar.u_o_cSW_605/lk$_DFF_N_	cSW[605]	output_lockup	8.76	8.802	129.33
ar.u_o_cSW_605/q$_DFF_P_	cSW[605]	output	10.164	10.206	129.33
ar.u_o_cSW_606/lk$_DFF_N_	cSW[606]	output_lockup	6.03	5.994	129.6
ar.u_o_cSW_606/q$_DFF_P_	cSW[606]	output	7.434	7.398	129.6
ar.u_o_cSW_607/lk$_DFF_N_	cSW[607]	output_lockup	6.108	5.994	129.87
ar.u_o_cSW_607/q$_DFF_P_	cSW[607]	output	7.512	7.398	129.87
ar.u_o_cSW_608/lk$_DFF_N_	cSW[608]	output_lockup	8.724	8.802	129.87
ar.u_o_cSW_608/q$_DFF_P_	cSW[608]	output	10.128	10.206	129.87
ar.u_o_cSW_609/lk$_DFF_N_	cSW[609]	output_lockup	5.994	5.994	130.14
ar.u_o_cSW_609/q$_DFF_P_	cSW[609]	output	7.398	7.398	130.14
ar.u_o_cSW_61/lk$_DFF_N_	cSW[61]	output_lockup	8.718	8.802	24.84
ar.u_o_cSW_61/q$_DFF_P_	cSW[61]	output	10.122	10.206	24.84
ar.u_o_cSW_610/lk$_DFF_N_	cSW[610]	output_lockup	6.072	5.994	130.41
ar.u_o_cSW_610/q$_DFF_P_	cSW[610]	output	7.476	7.398	130.41
ar.u_o_cSW_611/lk$_DFF_N_	cSW[611]	output_lockup	6.15	5.994	130.68
ar.u_o_cSW_611/q$_DFF_P_	cSW[611]	output	7.554	7.398	130.68
ar.u_o_cSW_612/lk$_DFF_N_	cSW[612]	output_lockup	8.766	8.802	130.68
ar.u_o_cSW_612/q$_DFF_P_	cSW[612]	output	10.17	10.206	130.68
ar.u_o_cSW_619/lk$_DFF_N_	cSW[619]	output_lockup	8.772	8.802	132.03
ar.u_o_cSW_619/q$_DFF_P_	cSW[619]	output	10.176	10.206	132.03
ar.u_o_cSW_62/lk$_DFF_N_	cSW[62]	output_lockup	5.988	5.994	25.11
ar.u_o_cSW_62/q$_DFF_P_	cSW[62]	output	7.392	7.398	25.11
ar.u_o_cSW_620/lk$_DFF_N_	cSW[620]	output_lockup	6.042	5.994	132.3
ar.u_o_cSW_620/q$_DFF_P_	cSW[620]	output	7.446	7.398	132.3
ar.u_o_cSW_621/lk$_DFF_N_	cSW[621]	output_lockup	6.12	5.994	132.57
ar.u_o_cSW_621/q$_DFF_P_	cSW[621]	output	7.524	7.398	132.57
ar.u_o_cSW_622/lk$_DFF_N_	cSW[622]	output_lockup	8.736	8.802	132.57
ar.u_o_cSW_622/q$_DFF_P_	cSW[622]	output	10.14	10.206	132.57
ar.u_o_cSW_623/lk$_DFF_N_	cSW[623]	output_lockup	6.006	5.994	132.84
ar.u_o_cSW_623/q$_DFF_P_	cSW[623]	output	7.41	7.398	132.84
ar.u_o_cSW_624/lk$_DFF_N_	cSW[624]	output_lockup	6.084	5.994	133.11
ar.u_o_cSW_624/q$_DFF_P_	cSW[624]	output	7.488	7.398	133.11
ar.u_o_cSW_625/lk$_DFF_N_	cSW[625]	output_lockup	6.162	5.994	133.38
ar.u_o_cSW_625/q$_DFF_P_	cSW[625]	output	7.566	7.398	133.38
ar.u_o_cSW_626/lk$_DFF_N_	cSW[626]	output_lockup	8.778	8.802	133.38
ar.u_o_cSW_626/q$_DFF_P_	cSW[626]	output	10.182	10.206	133.38
ar.u_o_cSW_627/lk$_DFF_N_	cSW[627]	output_lockup	6.048	5.994	133.65
ar.u_o_cSW_627/q$_DFF_P_	cSW[627]	output	7.452	7.398	133.65
ar.u_o_cSW_628/lk$_DFF_N_	cSW[628]	output_lockup	6.126	5.994	133.92
ar.u_o_cSW_628/q$_DFF_P_	cSW[628]	output	7.53	7.398	133.92
ar.u_o_cSW_629/lk$_DFF_N_	cSW[629]	output_lockup	8.742	8.802	133.92
ar.u_o_cSW_629/q$_DFF_P_	cSW[629]	output	10.146	10.206	133.92
ar.u_o_cSW_63/lk$_DFF_N_	cSW[63]	output_lockup	6.066	5.994	25.38
ar.u_o_cSW_63/q$_DFF_P_	cSW[63]	output	7.47	7.398	25.38
ar.u_o_cSW_630/lk$_DFF_N_	cSW[630]	output_lockup	6.012	5.994	134.19
ar.u_o_cSW_630/q$_DFF_P_	cSW[630]	output	7.416	7.398	134.19
ar.u_o_cSW_631/lk$_DFF_N_	cSW[631]	output_lockup	6.09	5.994	134.46
ar.u_o_cSW_631/q$_DFF_P_	cSW[631]	output	7.494	7.398	134.46
ar.u_o_cSW_632/lk$_DFF_N_	cSW[632]	output_lockup	8.706	8.802	134.46
ar.u_o_cSW_632/q$_DFF_P_	cSW[632]	output	10.11	10.206	134.46
ar.u_o_cSW_633/lk$_DFF_N_	cSW[633]	output_lockup	5.976	5.994	134.73
ar.u_o_cSW_633/q$_DFF_P_	cSW[633]	output	7.38	7.398	134.73
ar.u_o_cSW_634/lk$_DFF_N_	cSW[634]	output_lockup	6.054	5.994	135.0
ar.u_o_cSW_634/q$_DFF_P_	cSW[634]	output	7.458	7.398	135.0
ar.u_o_cSW_635/lk$_DFF_N_	cSW[635]	output_lockup	6.132	5.994	135.27
ar.u_o_cSW_635/q$_DFF_P_	cSW[635]	output	7.536	7.398	135.27
ar.u_o_cSW_636/lk$_DFF_N_	cSW[636]	output_lockup	8.748	8.802	135.27
ar.u_o_cSW_636/q$_DFF_P_	cSW[636]	output	10.152	10.206	135.27
ar.u_o_cSW_637/lk$_DFF_N_	cSW[637]	output_lockup	6.018	5.994	135.54
ar.u_o_cSW_637/q$_DFF_P_	cSW[637]	output	7.422	7.398	135.54
ar.u_o_cSW_638/lk$_DFF_N_	cSW[638]	output_lockup	6.096	5.994	135.81
ar.u_o_cSW_638/q$_DFF_P_	cSW[638]	output	7.5	7.398	135.81
ar.u_o_cSW_639/lk$_DFF_N_	cSW[639]	output_lockup	8.712	8.802	135.81
ar.u_o_cSW_639/q$_DFF_P_	cSW[639]	output	10.116	10.206	135.81
ar.u_o_cSW_64/lk$_DFF_N_	cSW[64]	output_lockup	6.144	5.994	25.65
ar.u_o_cSW_64/q$_DFF_P_	cSW[64]	output	7.548	7.398	25.65
ar.u_o_cSW_640/lk$_DFF_N_	cSW[640]	output_lockup	5.982	5.994	136.08
ar.u_o_cSW_640/q$_DFF_P_	cSW[640]	output	7.386	7.398	136.08
ar.u_o_cSW_641/lk$_DFF_N_	cSW[641]	output_lockup	6.06	5.994	136.35
ar.u_o_cSW_641/q$_DFF_P_	cSW[641]	output	7.464	7.398	136.35
ar.u_o_cSW_642/lk$_DFF_N_	cSW[642]	output_lockup	6.138	5.994	136.62
ar.u_o_cSW_642/q$_DFF_P_	cSW[642]	output	7.542	7.398	136.62
ar.u_o_cSW_643/lk$_DFF_N_	cSW[643]	output_lockup	8.754	8.802	136.62
ar.u_o_cSW_643/q$_DFF_P_	cSW[643]	output	10.158	10.206	136.62
ar.u_o_cSW_644/lk$_DFF_N_	cSW[644]	output_lockup	6.024	5.994	136.89
ar.u_o_cSW_644/q$_DFF_P_	cSW[644]	output	7.428	7.398	136.89
ar.u_o_cSW_645/lk$_DFF_N_	cSW[645]	output_lockup	6.102	5.994	137.16
ar.u_o_cSW_645/q$_DFF_P_	cSW[645]	output	7.506	7.398	137.16
ar.u_o_cSW_646/lk$_DFF_N_	cSW[646]	output_lockup	8.718	8.802	137.16
ar.u_o_cSW_646/q$_DFF_P_	cSW[646]	output	10.122	10.206	137.16
ar.u_o_cSW_647/lk$_DFF_N_	cSW[647]	output_lockup	5.988	5.994	137.43
ar.u_o_cSW_647/q$_DFF_P_	cSW[647]	output	7.392	7.398	137.43
ar.u_o_cSW_648/lk$_DFF_N_	cSW[648]	output_lockup	6.066	5.994	137.7
ar.u_o_cSW_648/q$_DFF_P_	cSW[648]	output	7.47	7.398	137.7
ar.u_o_cSW_649/lk$_DFF_N_	cSW[649]	output_lockup	6.144	5.994	137.97
ar.u_o_cSW_649/q$_DFF_P_	cSW[649]	output	7.548	7.398	137.97
ar.u_o_cSW_65/lk$_DFF_N_	cSW[65]	output_lockup	8.76	8.802	25.65
ar.u_o_cSW_65/q$_DFF_P_	cSW[65]	output	10.164	10.206	25.65
ar.u_o_cSW_650/lk$_DFF_N_	cSW[650]	output_lockup	8.76	8.802	137.97
ar.u_o_cSW_650/q$_DFF_P_	cSW[650]	output	10.164	10.206	137.97
ar.u_o_cSW_66/lk$_DFF_N_	cSW[66]	output_lockup	6.03	5.994	25.92
ar.u_o_cSW_66/q$_DFF_P_	cSW[66]	output	7.434	7.398	25.92
ar.u_o_cSW_664/lk$_DFF_N_	cSW[664]	output_lockup	8.772	8.802	140.67
ar.u_o_cSW_664/q$_DFF_P_	cSW[664]	output	10.176	10.206	140.67
ar.u_o_cSW_665/lk$_DFF_N_	cSW[665]	output_lockup	6.042	5.994	140.94
ar.u_o_cSW_665/q$_DFF_P_	cSW[665]	output	7.446	7.398	140.94
ar.u_o_cSW_666/lk$_DFF_N_	cSW[666]	output_lockup	6.12	5.994	141.21
ar.u_o_cSW_666/q$_DFF_P_	cSW[666]	output	7.524	7.398	141.21
ar.u_o_cSW_667/lk$_DFF_N_	cSW[667]	output_lockup	8.736	8.802	141.21
ar.u_o_cSW_667/q$_DFF_P_	cSW[667]	output	10.14	10.206	141.21
ar.u_o_cSW_668/lk$_DFF_N_	cSW[668]	output_lockup	6.006	5.994	141.48
ar.u_o_cSW_668/q$_DFF_P_	cSW[668]	output	7.41	7.398	141.48
ar.u_o_cSW_669/lk$_DFF_N_	cSW[669]	output_lockup	6.084	5.994	141.75
ar.u_o_cSW_669/q$_DFF_P_	cSW[669]	output	7.488	7.398	141.75
ar.u_o_cSW_67/lk$_DFF_N_	cSW[67]	output_lockup	6.108	5.994	26.19
ar.u_o_cSW_67/q$_DFF_P_	cSW[67]	output	7.512	7.398	26.19
ar.u_o_cSW_670/lk$_DFF_N_	cSW[670]	output_lockup	6.162	5.994	142.02
ar.u_o_cSW_670/q$_DFF_P_	cSW[670]	output	7.566	7.398	142.02
ar.u_o_cSW_671/lk$_DFF_N_	cSW[671]	output_lockup	8.778	8.802	142.02
ar.u_o_cSW_671/q$_DFF_P_	cSW[671]	output	10.182	10.206	142.02
ar.u_o_cSW_672/lk$_DFF_N_	cSW[672]	output_lockup	6.048	5.994	142.29
ar.u_o_cSW_672/q$_DFF_P_	cSW[672]	output	7.452	7.398	142.29
ar.u_o_cSW_673/lk$_DFF_N_	cSW[673]	output_lockup	6.126	5.994	142.56
ar.u_o_cSW_673/q$_DFF_P_	cSW[673]	output	7.53	7.398	142.56
ar.u_o_cSW_674/lk$_DFF_N_	cSW[674]	output_lockup	8.742	8.802	142.56
ar.u_o_cSW_674/q$_DFF_P_	cSW[674]	output	10.146	10.206	142.56
ar.u_o_cSW_675/lk$_DFF_N_	cSW[675]	output_lockup	6.012	5.994	142.83
ar.u_o_cSW_675/q$_DFF_P_	cSW[675]	output	7.416	7.398	142.83
ar.u_o_cSW_676/lk$_DFF_N_	cSW[676]	output_lockup	6.09	5.994	143.1
ar.u_o_cSW_676/q$_DFF_P_	cSW[676]	output	7.494	7.398	143.1
ar.u_o_cSW_677/lk$_DFF_N_	cSW[677]	output_lockup	8.706	8.802	143.1
ar.u_o_cSW_677/q$_DFF_P_	cSW[677]	output	10.11	10.206	143.1
ar.u_o_cSW_678/lk$_DFF_N_	cSW[678]	output_lockup	5.976	5.994	143.37
ar.u_o_cSW_678/q$_DFF_P_	cSW[678]	output	7.38	7.398	143.37
ar.u_o_cSW_679/lk$_DFF_N_	cSW[679]	output_lockup	6.054	5.994	143.64
ar.u_o_cSW_679/q$_DFF_P_	cSW[679]	output	7.458	7.398	143.64
ar.u_o_cSW_68/lk$_DFF_N_	cSW[68]	output_lockup	8.724	8.802	26.19
ar.u_o_cSW_68/q$_DFF_P_	cSW[68]	output	10.128	10.206	26.19
ar.u_o_cSW_680/lk$_DFF_N_	cSW[680]	output_lockup	6.132	5.994	143.91
ar.u_o_cSW_680/q$_DFF_P_	cSW[680]	output	7.536	7.398	143.91
ar.u_o_cSW_681/lk$_DFF_N_	cSW[681]	output_lockup	8.748	8.802	143.91
ar.u_o_cSW_681/q$_DFF_P_	cSW[681]	output	10.152	10.206	143.91
ar.u_o_cSW_682/lk$_DFF_N_	cSW[682]	output_lockup	6.018	5.994	144.18
ar.u_o_cSW_682/q$_DFF_P_	cSW[682]	output	7.422	7.398	144.18
ar.u_o_cSW_683/lk$_DFF_N_	cSW[683]	output_lockup	6.096	5.994	144.45
ar.u_o_cSW_683/q$_DFF_P_	cSW[683]	output	7.5	7.398	144.45
ar.u_o_cSW_684/lk$_DFF_N_	cSW[684]	output_lockup	8.712	8.802	144.45
ar.u_o_cSW_684/q$_DFF_P_	cSW[684]	output	10.116	10.206	144.45
ar.u_o_cSW_685/lk$_DFF_N_	cSW[685]	output_lockup	5.982	5.994	144.72
ar.u_o_cSW_685/q$_DFF_P_	cSW[685]	output	7.386	7.398	144.72
ar.u_o_cSW_686/lk$_DFF_N_	cSW[686]	output_lockup	6.06	5.994	144.99
ar.u_o_cSW_686/q$_DFF_P_	cSW[686]	output	7.464	7.398	144.99
ar.u_o_cSW_687/lk$_DFF_N_	cSW[687]	output_lockup	6.138	5.994	145.26
ar.u_o_cSW_687/q$_DFF_P_	cSW[687]	output	7.542	7.398	145.26
ar.u_o_cSW_688/lk$_DFF_N_	cSW[688]	output_lockup	8.754	8.802	145.26
ar.u_o_cSW_688/q$_DFF_P_	cSW[688]	output	10.158	10.206	145.26
ar.u_o_cSW_689/lk$_DFF_N_	cSW[689]	output_lockup	6.024	5.994	145.53
ar.u_o_cSW_689/q$_DFF_P_	cSW[689]	output	7.428	7.398	145.53
ar.u_o_cSW_69/lk$_DFF_N_	cSW[69]	output_lockup	5.994	5.994	26.46
ar.u_o_cSW_69/q$_DFF_P_	cSW[69]	output	7.398	7.398	26.46
ar.u_o_cSW_690/lk$_DFF_N_	cSW[690]	output_lockup	6.102	5.994	145.8
ar.u_o_cSW_690/q$_DFF_P_	cSW[690]	output	7.506	7.398	145.8
ar.u_o_cSW_691/lk$_DFF_N_	cSW[691]	output_lockup	8.718	8.802	145.8
ar.u_o_cSW_691/q$_DFF_P_	cSW[691]	output	10.122	10.206	145.8
ar.u_o_cSW_692/lk$_DFF_N_	cSW[692]	output_lockup	5.988	5.994	146.07
ar.u_o_cSW_692/q$_DFF_P_	cSW[692]	output	7.392	7.398	146.07
ar.u_o_cSW_693/lk$_DFF_N_	cSW[693]	output_lockup	6.066	5.994	146.34
ar.u_o_cSW_693/q$_DFF_P_	cSW[693]	output	7.47	7.398	146.34
ar.u_o_cSW_694/lk$_DFF_N_	cSW[694]	output_lockup	6.144	5.994	146.61
ar.u_o_cSW_694/q$_DFF_P_	cSW[694]	output	7.548	7.398	146.61
ar.u_o_cSW_695/lk$_DFF_N_	cSW[695]	output_lockup	8.76	8.802	146.61
ar.u_o_cSW_695/q$_DFF_P_	cSW[695]	output	10.164	10.206	146.61
ar.u_o_cSW_696/lk$_DFF_N_	cSW[696]	output_lockup	6.03	5.994	146.88
ar.u_o_cSW_696/q$_DFF_P_	cSW[696]	output	7.434	7.398	146.88
ar.u_o_cSW_697/lk$_DFF_N_	cSW[697]	output_lockup	6.108	5.994	147.15
ar.u_o_cSW_697/q$_DFF_P_	cSW[697]	output	7.512	7.398	147.15
ar.u_o_cSW_698/lk$_DFF_N_	cSW[698]	output_lockup	8.724	8.802	147.15
ar.u_o_cSW_698/q$_DFF_P_	cSW[698]	output	10.128	10.206	147.15
ar.u_o_cSW_699/lk$_DFF_N_	cSW[699]	output_lockup	5.994	5.994	147.42
ar.u_o_cSW_699/q$_DFF_P_	cSW[699]	output	7.398	7.398	147.42
ar.u_o_cSW_7/lk$_DFF_N_	cSW[7]	output_lockup	6.018	5.994	14.58
ar.u_o_cSW_7/q$_DFF_P_	cSW[7]	output	7.422	7.398	14.58
ar.u_o_cSW_70/lk$_DFF_N_	cSW[70]	output_lockup	6.072	5.994	26.73
ar.u_o_cSW_70/q$_DFF_P_	cSW[70]	output	7.476	7.398	26.73
ar.u_o_cSW_700/lk$_DFF_N_	cSW[700]	output_lockup	6.072	5.994	147.69
ar.u_o_cSW_700/q$_DFF_P_	cSW[700]	output	7.476	7.398	147.69
ar.u_o_cSW_701/lk$_DFF_N_	cSW[701]	output_lockup	6.15	5.994	147.96
ar.u_o_cSW_701/q$_DFF_P_	cSW[701]	output	7.554	7.398	147.96
ar.u_o_cSW_702/lk$_DFF_N_	cSW[702]	output_lockup	8.766	8.802	147.96
ar.u_o_cSW_702/q$_DFF_P_	cSW[702]	output	10.17	10.206	147.96
ar.u_o_cSW_703/lk$_DFF_N_	cSW[703]	output_lockup	6.036	5.994	148.23
ar.u_o_cSW_703/q$_DFF_P_	cSW[703]	output	7.44	7.398	148.23
ar.u_o_cSW_704/lk$_DFF_N_	cSW[704]	output_lockup	6.114	5.994	148.5
ar.u_o_cSW_704/q$_DFF_P_	cSW[704]	output	7.518	7.398	148.5
ar.u_o_cSW_705/lk$_DFF_N_	cSW[705]	output_lockup	8.73	8.802	148.5
ar.u_o_cSW_705/q$_DFF_P_	cSW[705]	output	10.134	10.206	148.5
ar.u_o_cSW_706/lk$_DFF_N_	cSW[706]	output_lockup	6.0	5.994	148.77
ar.u_o_cSW_706/q$_DFF_P_	cSW[706]	output	7.404	7.398	148.77
ar.u_o_cSW_707/lk$_DFF_N_	cSW[707]	output_lockup	6.078	5.994	149.04
ar.u_o_cSW_707/q$_DFF_P_	cSW[707]	output	7.482	7.398	149.04
ar.u_o_cSW_708/lk$_DFF_N_	cSW[708]	output_lockup	6.156	5.994	149.31
ar.u_o_cSW_708/q$_DFF_P_	cSW[708]	output	7.56	7.398	149.31
ar.u_o_cSW_709/lk$_DFF_N_	cSW[709]	output_lockup	8.772	8.802	149.31
ar.u_o_cSW_709/q$_DFF_P_	cSW[709]	output	10.176	10.206	149.31
ar.u_o_cSW_71/lk$_DFF_N_	cSW[71]	output_lockup	6.15	5.994	27.0
ar.u_o_cSW_71/q$_DFF_P_	cSW[71]	output	7.554	7.398	27.0
ar.u_o_cSW_710/lk$_DFF_N_	cSW[710]	output_lockup	6.042	5.994	149.58
ar.u_o_cSW_710/q$_DFF_P_	cSW[710]	output	7.446	7.398	149.58
ar.u_o_cSW_711/lk$_DFF_N_	cSW[711]	output_lockup	6.12	5.994	149.85
ar.u_o_cSW_711/q$_DFF_P_	cSW[711]	output	7.524	7.398	149.85
ar.u_o_cSW_712/lk$_DFF_N_	cSW[712]	output_lockup	8.736	8.802	149.85
ar.u_o_cSW_712/q$_DFF_P_	cSW[712]	output	10.14	10.206	149.85
ar.u_o_cSW_713/lk$_DFF_N_	cSW[713]	output_lockup	6.006	5.994	150.12
ar.u_o_cSW_713/q$_DFF_P_	cSW[713]	output	7.41	7.398	150.12
ar.u_o_cSW_714/lk$_DFF_N_	cSW[714]	output_lockup	6.084	5.994	150.39
ar.u_o_cSW_714/q$_DFF_P_	cSW[714]	output	7.488	7.398	150.39
ar.u_o_cSW_715/lk$_DFF_N_	cSW[715]	output_lockup	8.97	8.802	150.66
ar.u_o_cSW_715/q$_DFF_P_	cSW[715]	output	10.374	10.206	150.66
ar.u_o_cSW_72/lk$_DFF_N_	cSW[72]	output_lockup	8.766	8.802	27.0
ar.u_o_cSW_72/q$_DFF_P_	cSW[72]	output	10.17	10.206	27.0
ar.u_o_cSW_722/lk$_DFF_N_	cSW[722]	output_lockup	8.706	8.802	151.74
ar.u_o_cSW_722/q$_DFF_P_	cSW[722]	output	10.11	10.206	151.74
ar.u_o_cSW_723/lk$_DFF_N_	cSW[723]	output_lockup	5.976	5.994	152.01
ar.u_o_cSW_723/q$_DFF_P_	cSW[723]	output	7.38	7.398	152.01
ar.u_o_cSW_724/lk$_DFF_N_	cSW[724]	output_lockup	6.054	5.994	152.28
ar.u_o_cSW_724/q$_DFF_P_	cSW[724]	output	7.458	7.398	152.28
ar.u_o_cSW_725/lk$_DFF_N_	cSW[725]	output_lockup	6.132	5.994	152.55
ar.u_o_cSW_725/q$_DFF_P_	cSW[725]	output	7.536	7.398	152.55
ar.u_o_cSW_726/lk$_DFF_N_	cSW[726]	output_lockup	8.748	8.802	152.55
ar.u_o_cSW_726/q$_DFF_P_	cSW[726]	output	10.152	10.206	152.55
ar.u_o_cSW_727/lk$_DFF_N_	cSW[727]	output_lockup	6.018	5.994	152.82
ar.u_o_cSW_727/q$_DFF_P_	cSW[727]	output	7.422	7.398	152.82
ar.u_o_cSW_728/lk$_DFF_N_	cSW[728]	output_lockup	6.096	5.994	153.09
ar.u_o_cSW_728/q$_DFF_P_	cSW[728]	output	7.5	7.398	153.09
ar.u_o_cSW_729/lk$_DFF_N_	cSW[729]	output_lockup	8.712	8.802	153.09
ar.u_o_cSW_729/q$_DFF_P_	cSW[729]	output	10.116	10.206	153.09
ar.u_o_cSW_73/lk$_DFF_N_	cSW[73]	output_lockup	6.036	5.994	27.27
ar.u_o_cSW_73/q$_DFF_P_	cSW[73]	output	7.44	7.398	27.27
ar.u_o_cSW_730/lk$_DFF_N_	cSW[730]	output_lockup	5.982	5.994	153.36
ar.u_o_cSW_730/q$_DFF_P_	cSW[730]	output	7.386	7.398	153.36
ar.u_o_cSW_731/lk$_DFF_N_	cSW[731]	output_lockup	6.06	5.994	153.63
ar.u_o_cSW_731/q$_DFF_P_	cSW[731]	output	7.464	7.398	153.63
ar.u_o_cSW_732/lk$_DFF_N_	cSW[732]	output_lockup	6.138	5.994	153.9
ar.u_o_cSW_732/q$_DFF_P_	cSW[732]	output	7.542	7.398	153.9
ar.u_o_cSW_733/lk$_DFF_N_	cSW[733]	output_lockup	8.754	8.802	153.9
ar.u_o_cSW_733/q$_DFF_P_	cSW[733]	output	10.158	10.206	153.9
ar.u_o_cSW_734/lk$_DFF_N_	cSW[734]	output_lockup	6.024	5.994	154.17
ar.u_o_cSW_734/q$_DFF_P_	cSW[734]	output	7.428	7.398	154.17
ar.u_o_cSW_735/lk$_DFF_N_	cSW[735]	output_lockup	6.102	5.994	154.44
ar.u_o_cSW_735/q$_DFF_P_	cSW[735]	output	7.506	7.398	154.44
ar.u_o_cSW_736/lk$_DFF_N_	cSW[736]	output_lockup	8.718	8.802	154.44
ar.u_o_cSW_736/q$_DFF_P_	cSW[736]	output	10.122	10.206	154.44
ar.u_o_cSW_737/lk$_DFF_N_	cSW[737]	output_lockup	5.988	5.994	154.71
ar.u_o_cSW_737/q$_DFF_P_	cSW[737]	output	7.392	7.398	154.71
ar.u_o_cSW_738/lk$_DFF_N_	cSW[738]	output_lockup	6.066	5.994	154.98
ar.u_o_cSW_738/q$_DFF_P_	cSW[738]	output	7.47	7.398	154.98
ar.u_o_cSW_739/lk$_DFF_N_	cSW[739]	output_lockup	6.144	5.994	155.25
ar.u_o_cSW_739/q$_DFF_P_	cSW[739]	output	7.548	7.398	155.25
ar.u_o_cSW_74/lk$_DFF_N_	cSW[74]	output_lockup	6.114	5.994	27.54
ar.u_o_cSW_74/q$_DFF_P_	cSW[74]	output	7.518	7.398	27.54
ar.u_o_cSW_740/lk$_DFF_N_	cSW[740]	output_lockup	8.76	8.802	155.25
ar.u_o_cSW_740/q$_DFF_P_	cSW[740]	output	10.164	10.206	155.25
ar.u_o_cSW_741/lk$_DFF_N_	cSW[741]	output_lockup	6.03	5.994	155.52
ar.u_o_cSW_741/q$_DFF_P_	cSW[741]	output	7.434	7.398	155.52
ar.u_o_cSW_742/lk$_DFF_N_	cSW[742]	output_lockup	6.108	5.994	155.79
ar.u_o_cSW_742/q$_DFF_P_	cSW[742]	output	7.512	7.398	155.79
ar.u_o_cSW_743/lk$_DFF_N_	cSW[743]	output_lockup	8.724	8.802	155.79
ar.u_o_cSW_743/q$_DFF_P_	cSW[743]	output	10.128	10.206	155.79
ar.u_o_cSW_744/lk$_DFF_N_	cSW[744]	output_lockup	5.994	5.994	156.06
ar.u_o_cSW_744/q$_DFF_P_	cSW[744]	output	7.398	7.398	156.06
ar.u_o_cSW_745/lk$_DFF_N_	cSW[745]	output_lockup	6.072	5.994	156.33
ar.u_o_cSW_745/q$_DFF_P_	cSW[745]	output	7.476	7.398	156.33
ar.u_o_cSW_746/lk$_DFF_N_	cSW[746]	output_lockup	6.15	5.994	156.6
ar.u_o_cSW_746/q$_DFF_P_	cSW[746]	output	7.554	7.398	156.6
ar.u_o_cSW_747/lk$_DFF_N_	cSW[747]	output_lockup	8.766	8.802	156.6
ar.u_o_cSW_747/q$_DFF_P_	cSW[747]	output	10.17	10.206	156.6
ar.u_o_cSW_748/lk$_DFF_N_	cSW[748]	output_lockup	6.036	5.994	156.87
ar.u_o_cSW_748/q$_DFF_P_	cSW[748]	output	7.44	7.398	156.87
ar.u_o_cSW_749/lk$_DFF_N_	cSW[749]	output_lockup	6.114	5.994	157.14
ar.u_o_cSW_749/q$_DFF_P_	cSW[749]	output	7.518	7.398	157.14
ar.u_o_cSW_75/lk$_DFF_N_	cSW[75]	output_lockup	8.73	8.802	27.54
ar.u_o_cSW_75/q$_DFF_P_	cSW[75]	output	10.134	10.206	27.54
ar.u_o_cSW_750/lk$_DFF_N_	cSW[750]	output_lockup	8.73	8.802	157.14
ar.u_o_cSW_750/q$_DFF_P_	cSW[750]	output	10.134	10.206	157.14
ar.u_o_cSW_751/lk$_DFF_N_	cSW[751]	output_lockup	6.0	5.994	157.41
ar.u_o_cSW_751/q$_DFF_P_	cSW[751]	output	7.404	7.398	157.41
ar.u_o_cSW_752/lk$_DFF_N_	cSW[752]	output_lockup	6.078	5.994	157.68
ar.u_o_cSW_752/q$_DFF_P_	cSW[752]	output	7.482	7.398	157.68
ar.u_o_cSW_753/lk$_DFF_N_	cSW[753]	output_lockup	8.964	8.802	157.95
ar.u_o_cSW_753/q$_DFF_P_	cSW[753]	output	10.368	10.206	157.95
ar.u_o_cSW_76/lk$_DFF_N_	cSW[76]	output_lockup	6.0	5.994	27.81
ar.u_o_cSW_76/q$_DFF_P_	cSW[76]	output	7.404	7.398	27.81
ar.u_o_cSW_767/lk$_DFF_N_	cSW[767]	output_lockup	8.706	8.802	160.38
ar.u_o_cSW_767/q$_DFF_P_	cSW[767]	output	10.11	10.206	160.38
ar.u_o_cSW_768/lk$_DFF_N_	cSW[768]	output_lockup	5.976	5.994	160.65
ar.u_o_cSW_768/q$_DFF_P_	cSW[768]	output	7.38	7.398	160.65
ar.u_o_cSW_769/lk$_DFF_N_	cSW[769]	output_lockup	6.054	5.994	160.92
ar.u_o_cSW_769/q$_DFF_P_	cSW[769]	output	7.458	7.398	160.92
ar.u_o_cSW_77/lk$_DFF_N_	cSW[77]	output_lockup	6.078	5.994	28.08
ar.u_o_cSW_77/q$_DFF_P_	cSW[77]	output	7.482	7.398	28.08
ar.u_o_cSW_770/lk$_DFF_N_	cSW[770]	output_lockup	6.132	5.994	161.19
ar.u_o_cSW_770/q$_DFF_P_	cSW[770]	output	7.536	7.398	161.19
ar.u_o_cSW_771/lk$_DFF_N_	cSW[771]	output_lockup	8.748	8.802	161.19
ar.u_o_cSW_771/q$_DFF_P_	cSW[771]	output	10.152	10.206	161.19
ar.u_o_cSW_772/lk$_DFF_N_	cSW[772]	output_lockup	6.018	5.994	161.46
ar.u_o_cSW_772/q$_DFF_P_	cSW[772]	output	7.422	7.398	161.46
ar.u_o_cSW_773/lk$_DFF_N_	cSW[773]	output_lockup	6.096	5.994	161.73
ar.u_o_cSW_773/q$_DFF_P_	cSW[773]	output	7.5	7.398	161.73
ar.u_o_cSW_774/lk$_DFF_N_	cSW[774]	output_lockup	8.712	8.802	161.73
ar.u_o_cSW_774/q$_DFF_P_	cSW[774]	output	10.116	10.206	161.73
ar.u_o_cSW_775/lk$_DFF_N_	cSW[775]	output_lockup	5.982	5.994	162.0
ar.u_o_cSW_775/q$_DFF_P_	cSW[775]	output	7.386	7.398	162.0
ar.u_o_cSW_776/lk$_DFF_N_	cSW[776]	output_lockup	6.06	5.994	162.27
ar.u_o_cSW_776/q$_DFF_P_	cSW[776]	output	7.464	7.398	162.27
ar.u_o_cSW_777/lk$_DFF_N_	cSW[777]	output_lockup	6.138	5.994	162.54
ar.u_o_cSW_777/q$_DFF_P_	cSW[777]	output	7.542	7.398	162.54
ar.u_o_cSW_778/lk$_DFF_N_	cSW[778]	output_lockup	8.754	8.802	162.54
ar.u_o_cSW_778/q$_DFF_P_	cSW[778]	output	10.158	10.206	162.54
ar.u_o_cSW_779/lk$_DFF_N_	cSW[779]	output_lockup	6.024	5.994	162.81
ar.u_o_cSW_779/q$_DFF_P_	cSW[779]	output	7.428	7.398	162.81
ar.u_o_cSW_78/lk$_DFF_N_	cSW[78]	output_lockup	6.156	5.994	28.35
ar.u_o_cSW_78/q$_DFF_P_	cSW[78]	output	7.56	7.398	28.35
ar.u_o_cSW_780/lk$_DFF_N_	cSW[780]	output_lockup	6.102	5.994	163.08
ar.u_o_cSW_780/q$_DFF_P_	cSW[780]	output	7.506	7.398	163.08
ar.u_o_cSW_781/lk$_DFF_N_	cSW[781]	output_lockup	8.718	8.802	163.08
ar.u_o_cSW_781/q$_DFF_P_	cSW[781]	output	10.122	10.206	163.08
ar.u_o_cSW_782/lk$_DFF_N_	cSW[782]	output_lockup	5.988	5.994	163.35
ar.u_o_cSW_782/q$_DFF_P_	cSW[782]	output	7.392	7.398	163.35
ar.u_o_cSW_783/lk$_DFF_N_	cSW[783]	output_lockup	6.066	5.994	163.62
ar.u_o_cSW_783/q$_DFF_P_	cSW[783]	output	7.47	7.398	163.62
ar.u_o_cSW_784/lk$_DFF_N_	cSW[784]	output_lockup	6.144	5.994	163.89
ar.u_o_cSW_784/q$_DFF_P_	cSW[784]	output	7.548	7.398	163.89
ar.u_o_cSW_785/lk$_DFF_N_	cSW[785]	output_lockup	8.76	8.802	163.89
ar.u_o_cSW_785/q$_DFF_P_	cSW[785]	output	10.164	10.206	163.89
ar.u_o_cSW_786/lk$_DFF_N_	cSW[786]	output_lockup	6.03	5.994	164.16
ar.u_o_cSW_786/q$_DFF_P_	cSW[786]	output	7.434	7.398	164.16
ar.u_o_cSW_787/lk$_DFF_N_	cSW[787]	output_lockup	6.108	5.994	164.43
ar.u_o_cSW_787/q$_DFF_P_	cSW[787]	output	7.512	7.398	164.43
ar.u_o_cSW_788/lk$_DFF_N_	cSW[788]	output_lockup	8.724	8.802	164.43
ar.u_o_cSW_788/q$_DFF_P_	cSW[788]	output	10.128	10.206	164.43
ar.u_o_cSW_789/lk$_DFF_N_	cSW[789]	output_lockup	5.994	5.994	164.7
ar.u_o_cSW_789/q$_DFF_P_	cSW[789]	output	7.398	7.398	164.7
ar.u_o_cSW_79/lk$_DFF_N_	cSW[79]	output_lockup	8.772	8.802	28.35
ar.u_o_cSW_79/q$_DFF_P_	cSW[79]	output	10.176	10.206	28.35
ar.u_o_cSW_790/lk$_DFF_N_	cSW[790]	output_lockup	6.072	5.994	164.97
ar.u_o_cSW_790/q$_DFF_P_	cSW[790]	output	7.476	7.398	164.97
ar.u_o_cSW_791/lk$_DFF_N_	cSW[791]	output_lockup	6.15	5.994	165.24
ar.u_o_cSW_791/q$_DFF_P_	cSW[791]	output	7.554	7.398	165.24
ar.u_o_cSW_792/lk$_DFF_N_	cSW[792]	output_lockup	8.766	8.802	165.24
ar.u_o_cSW_792/q$_DFF_P_	cSW[792]	output	10.17	10.206	165.24
ar.u_o_cSW_793/lk$_DFF_N_	cSW[793]	output_lockup	6.036	5.994	165.51
ar.u_o_cSW_793/q$_DFF_P_	cSW[793]	output	7.44	7.398	165.51
ar.u_o_cSW_794/lk$_DFF_N_	cSW[794]	output_lockup	6.114	5.994	165.78
ar.u_o_cSW_794/q$_DFF_P_	cSW[794]	output	7.518	7.398	165.78
ar.u_o_cSW_795/lk$_DFF_N_	cSW[795]	output_lockup	8.73	8.802	165.78
ar.u_o_cSW_795/q$_DFF_P_	cSW[795]	output	10.134	10.206	165.78
ar.u_o_cSW_796/lk$_DFF_N_	cSW[796]	output_lockup	6.0	5.994	166.05
ar.u_o_cSW_796/q$_DFF_P_	cSW[796]	output	7.404	7.398	166.05
ar.u_o_cSW_797/lk$_DFF_N_	cSW[797]	output_lockup	6.078	5.994	166.32
ar.u_o_cSW_797/q$_DFF_P_	cSW[797]	output	7.482	7.398	166.32
ar.u_o_cSW_798/lk$_DFF_N_	cSW[798]	output_lockup	6.156	5.994	166.59
ar.u_o_cSW_798/q$_DFF_P_	cSW[798]	output	7.56	7.398	166.59
ar.u_o_cSW_799/lk$_DFF_N_	cSW[799]	output_lockup	8.772	8.802	166.59
ar.u_o_cSW_799/q$_DFF_P_	cSW[799]	output	10.176	10.206	166.59
ar.u_o_cSW_8/lk$_DFF_N_	cSW[8]	output_lockup	6.096	5.994	14.85
ar.u_o_cSW_8/q$_DFF_P_	cSW[8]	output	7.5	7.398	14.85
ar.u_o_cSW_80/lk$_DFF_N_	cSW[80]	output_lockup	6.042	5.994	28.62
ar.u_o_cSW_80/q$_DFF_P_	cSW[80]	output	7.446	7.398	28.62
ar.u_o_cSW_800/lk$_DFF_N_	cSW[800]	output_lockup	6.042	5.994	166.86
ar.u_o_cSW_800/q$_DFF_P_	cSW[800]	output	7.446	7.398	166.86
ar.u_o_cSW_801/lk$_DFF_N_	cSW[801]	output_lockup	6.12	5.994	167.13
ar.u_o_cSW_801/q$_DFF_P_	cSW[801]	output	7.524	7.398	167.13
ar.u_o_cSW_802/lk$_DFF_N_	cSW[802]	output_lockup	8.736	8.802	167.13
ar.u_o_cSW_802/q$_DFF_P_	cSW[802]	output	10.14	10.206	167.13
ar.u_o_cSW_803/lk$_DFF_N_	cSW[803]	output_lockup	6.006	5.994	167.4
ar.u_o_cSW_803/q$_DFF_P_	cSW[803]	output	7.41	7.398	167.4
ar.u_o_cSW_804/lk$_DFF_N_	cSW[804]	output_lockup	6.084	5.994	167.67
ar.u_o_cSW_804/q$_DFF_P_	cSW[804]	output	7.488	7.398	167.67
ar.u_o_cSW_805/lk$_DFF_N_	cSW[805]	output_lockup	6.162	5.994	167.94
ar.u_o_cSW_805/q$_DFF_P_	cSW[805]	output	7.566	7.398	167.94
ar.u_o_cSW_806/lk$_DFF_N_	cSW[806]	output_lockup	8.778	8.802	167.94
ar.u_o_cSW_806/q$_DFF_P_	cSW[806]	output	10.182	10.206	167.94
ar.u_o_cSW_807/lk$_DFF_N_	cSW[807]	output_lockup	6.048	5.994	168.21
ar.u_o_cSW_807/q$_DFF_P_	cSW[807]	output	7.452	7.398	168.21
ar.u_o_cSW_808/lk$_DFF_N_	cSW[808]	output_lockup	6.126	5.994	168.48
ar.u_o_cSW_808/q$_DFF_P_	cSW[808]	output	7.53	7.398	168.48
ar.u_o_cSW_809/lk$_DFF_N_	cSW[809]	output_lockup	8.742	8.802	168.48
ar.u_o_cSW_809/q$_DFF_P_	cSW[809]	output	10.146	10.206	168.48
ar.u_o_cSW_81/lk$_DFF_N_	cSW[81]	output_lockup	6.12	5.994	28.89
ar.u_o_cSW_81/q$_DFF_P_	cSW[81]	output	7.524	7.398	28.89
ar.u_o_cSW_810/lk$_DFF_N_	cSW[810]	output_lockup	6.012	5.994	168.75
ar.u_o_cSW_810/q$_DFF_P_	cSW[810]	output	7.416	7.398	168.75
ar.u_o_cSW_811/lk$_DFF_N_	cSW[811]	output_lockup	6.09	5.994	169.02
ar.u_o_cSW_811/q$_DFF_P_	cSW[811]	output	7.494	7.398	169.02
ar.u_o_cSW_812/lk$_DFF_N_	cSW[812]	output_lockup	8.706	8.802	169.02
ar.u_o_cSW_812/q$_DFF_P_	cSW[812]	output	10.11	10.206	169.02
ar.u_o_cSW_813/lk$_DFF_N_	cSW[813]	output_lockup	5.976	5.994	169.29
ar.u_o_cSW_813/q$_DFF_P_	cSW[813]	output	7.38	7.398	169.29
ar.u_o_cSW_814/lk$_DFF_N_	cSW[814]	output_lockup	6.054	5.994	169.56
ar.u_o_cSW_814/q$_DFF_P_	cSW[814]	output	7.458	7.398	169.56
ar.u_o_cSW_815/lk$_DFF_N_	cSW[815]	output_lockup	6.132	5.994	169.83
ar.u_o_cSW_815/q$_DFF_P_	cSW[815]	output	7.536	7.398	169.83
ar.u_o_cSW_816/lk$_DFF_N_	cSW[816]	output_lockup	8.748	8.802	169.83
ar.u_o_cSW_816/q$_DFF_P_	cSW[816]	output	10.152	10.206	169.83
ar.u_o_cSW_817/lk$_DFF_N_	cSW[817]	output_lockup	6.018	5.994	170.1
ar.u_o_cSW_817/q$_DFF_P_	cSW[817]	output	7.422	7.398	170.1
ar.u_o_cSW_818/lk$_DFF_N_	cSW[818]	output_lockup	8.904	8.802	170.37
ar.u_o_cSW_818/q$_DFF_P_	cSW[818]	output	10.308	10.206	170.37
ar.u_o_cSW_82/lk$_DFF_N_	cSW[82]	output_lockup	8.736	8.802	28.89
ar.u_o_cSW_82/q$_DFF_P_	cSW[82]	output	10.14	10.206	28.89
ar.u_o_cSW_83/lk$_DFF_N_	cSW[83]	output_lockup	6.006	5.994	29.16
ar.u_o_cSW_83/q$_DFF_P_	cSW[83]	output	7.41	7.398	29.16
ar.u_o_cSW_84/lk$_DFF_N_	cSW[84]	output_lockup	6.084	5.994	29.43
ar.u_o_cSW_84/q$_DFF_P_	cSW[84]	output	7.488	7.398	29.43
ar.u_o_cSW_85/lk$_DFF_N_	cSW[85]	output_lockup	6.162	5.994	29.7
ar.u_o_cSW_85/q$_DFF_P_	cSW[85]	output	7.566	7.398	29.7
ar.u_o_cSW_86/lk$_DFF_N_	cSW[86]	output_lockup	8.778	8.802	29.7
ar.u_o_cSW_86/q$_DFF_P_	cSW[86]	output	10.182	10.206	29.7
ar.u_o_cSW_87/lk$_DFF_N_	cSW[87]	output_lockup	6.048	5.994	29.97
ar.u_o_cSW_87/q$_DFF_P_	cSW[87]	output	7.452	7.398	29.97
ar.u_o_cSW_88/lk$_DFF_N_	cSW[88]	output_lockup	6.126	5.994	30.24
ar.u_o_cSW_88/q$_DFF_P_	cSW[88]	output	7.53	7.398	30.24
ar.u_o_cSW_89/lk$_DFF_N_	cSW[89]	output_lockup	8.742	8.802	30.24
ar.u_o_cSW_89/q$_DFF_P_	cSW[89]	output	10.146	10.206	30.24
ar.u_o_cSW_9/lk$_DFF_N_	cSW[9]	output_lockup	8.712	8.802	14.85
ar.u_o_cSW_9/q$_DFF_P_	cSW[9]	output	10.116	10.206	14.85
ar.u_o_cSW_90/lk$_DFF_N_	cSW[90]	output_lockup	6.012	5.994	30.51
ar.u_o_cSW_90/q$_DFF_P_	cSW[90]	output	7.416	7.398	30.51
ar.u_o_cSW_91/lk$_DFF_N_	cSW[91]	output_lockup	6.09	5.994	30.78
ar.u_o_cSW_91/q$_DFF_P_	cSW[91]	output	7.494	7.398	30.78
ar.u_o_cSW_92/lk$_DFF_N_	cSW[92]	output_lockup	8.706	8.802	30.78
ar.u_o_cSW_92/q$_DFF_P_	cSW[92]	output	10.11	10.206	30.78
ar.u_o_cSW_93/lk$_DFF_N_	cSW[93]	output_lockup	5.976	5.994	31.05
ar.u_o_cSW_93/q$_DFF_P_	cSW[93]	output	7.38	7.398	31.05
ar.u_o_cSW_94/lk$_DFF_N_	cSW[94]	output_lockup	6.054	5.994	31.32
ar.u_o_cSW_94/q$_DFF_P_	cSW[94]	output	7.458	7.398	31.32
ar.u_o_cSW_95/lk$_DFF_N_	cSW[95]	output_lockup	6.132	5.994	31.59
ar.u_o_cSW_95/q$_DFF_P_	cSW[95]	output	7.536	7.398	31.59
ar.u_o_cSW_96/lk$_DFF_N_	cSW[96]	output_lockup	8.748	8.802	31.59
ar.u_o_cSW_96/q$_DFF_P_	cSW[96]	output	10.152	10.206	31.59
ar.u_o_cSW_97/lk$_DFF_N_	cSW[97]	output_lockup	6.018	5.994	31.86
ar.u_o_cSW_97/q$_DFF_P_	cSW[97]	output	7.422	7.398	31.86
