model,context_tokens,batch_size,factor,endpoint,value,rom_per_user_tokens_s,speed_ratio_vs_fastest_gpu,partial_tco_ratio_vs_cheapest_gpu,binding_constraint,baseline_speed_ratio
DeepSeek-V4-Flash-0731,200000,1,ROM array bandwidth (B/s/wafer),pessimistic,30000000000000.0,1352.8418588685402,0.8084574862000071,0.5412978825955249,rom_full_array_read_C4,1.9398244667245006
DeepSeek-V4-Flash-0731,200000,1,ROM array bandwidth (B/s/wafer),optimistic,2000000000000000.0,3246.028124221017,1.9398244667245006,1.3000293208210032,compute_C5,1.9398244667245006
DeepSeek-V4-Flash-0731,200000,1,ROM DeepSeek MXFP4-weight x FP8-activation peak compute (op/s/wafer; all format roofs scale proportionally),pessimistic,250000000000000.0,1691.7986682002531,1.011017872845554,0.6770358006029322,compute_C5,1.9398244667245006
DeepSeek-V4-Flash-0731,200000,1,ROM DeepSeek MXFP4-weight x FP8-activation peak compute (op/s/wafer; all format roofs scale proportionally),optimistic,3e+16,4164.770413083588,2.4888643093715133,1.6687520312016806,rom_full_array_read_C4,1.9398244667245006
DeepSeek-V4-Flash-0731,200000,1,ROM capacity (bytes/wafer),pessimistic,128000000000.0,3246.028124221017,1.9398244667245006,1.3000293208210032,compute_C5,1.9398244667245006
DeepSeek-V4-Flash-0731,200000,1,ROM capacity (bytes/wafer),optimistic,192000000000.0,3369.5712003279596,2.0136537351582624,1.0592716511273723,compute_C5,1.9398244667245006
DeepSeek-V4-Flash-0731,200000,1,ROM HBM bandwidth (B/s/wafer),pessimistic,4000000000000.0,3246.028124221017,1.9398244667245006,1.3000293208210032,compute_C5,1.9398244667245006
DeepSeek-V4-Flash-0731,200000,1,ROM HBM bandwidth (B/s/wafer),optimistic,16000000000000.0,3246.028124221017,1.9398244667245006,1.3000293208210032,compute_C5,1.9398244667245006
DeepSeek-V4-Flash-0731,200000,1,ROM HBM capacity (bytes/wafer),pessimistic,192000000000.0,3246.028124221017,1.9398244667245006,1.3000293208210032,compute_C5,1.9398244667245006
DeepSeek-V4-Flash-0731,200000,1,ROM HBM capacity (bytes/wafer),optimistic,768000000000.0,3246.028124221017,1.9398244667245006,1.3000293208210032,compute_C5,1.9398244667245006
DeepSeek-V4-Flash-0731,200000,1,ROM shared-KV reread amplification,pessimistic,2.0,3246.028124221017,1.9398244667245006,1.3000293208210032,compute_C5,1.9398244667245006
DeepSeek-V4-Flash-0731,200000,1,ROM shared-KV reread amplification,optimistic,1.0,3246.028124221017,1.9398244667245006,1.3000293208210032,compute_C5,1.9398244667245006
DeepSeek-V4-Flash-0731,200000,1,collective injection bandwidth (B/s),pessimistic,128000000000.0,3246.028124221017,1.9398244667245006,1.3000293208210032,compute_C5,1.9398244667245006
DeepSeek-V4-Flash-0731,200000,1,collective injection bandwidth (B/s),optimistic,1024000000000.0,3436.127077790535,2.05342748774619,1.3762946910018479,compute_C5,1.9398244667245006
DeepSeek-V4-Flash-0731,200000,1,collective floor (s/layer),pessimistic,1e-06,2827.087066262532,1.6894655409100974,1.1320065575658942,compute_C5,1.9398244667245006
DeepSeek-V4-Flash-0731,200000,1,collective floor (s/layer),optimistic,5e-08,3272.97346750999,1.9559269877674395,1.3108385789844674,compute_C5,1.9398244667245006
DeepSeek-V4-Flash-0731,200000,1,pipeline efficiency,pessimistic,0.65,2294.4823419155796,1.3711812760042859,0.9184989766670127,compute_C5,1.9398244667245006
DeepSeek-V4-Flash-0731,200000,1,pipeline efficiency,optimistic,0.98,3457.359653409218,2.066116062244165,1.3848138417441112,compute_C5,1.9398244667245006
DeepSeek-V4-Flash-0731,200000,1,defect-repair efficiency,pessimistic,0.75,2686.5863222117773,1.6055023802495418,1.0756723538338322,compute_C5,1.9398244667245006
DeepSeek-V4-Flash-0731,200000,1,defect-repair efficiency,optimistic,0.98,3439.4854160079612,2.055434428657481,1.3776421456817896,compute_C5,1.9398244667245006
DeepSeek-V4-Flash-0731,200000,1,load-balance efficiency,pessimistic,0.6,2960.7822252425563,1.7693616880004157,1.1856194012136712,compute_C5,1.9398244667245006
DeepSeek-V4-Flash-0731,200000,1,load-balance efficiency,optimistic,0.96,3334.3684979901836,1.9926166212835867,1.3354685897851692,compute_C5,1.9398244667245006
DeepSeek-V4-Flash-0731,200000,1,weight encoding: released vs uniform MXFP4,endpoint_a,166878536440,3246.028124221017,1.9398244667245006,1.3000293208210032,compute_C5,1.9398244667245006
DeepSeek-V4-Flash-0731,200000,1,weight encoding: released vs uniform MXFP4,endpoint_b,162815516380.0,3246.028124221017,1.6104019697632541,0.884116359438029,compute_C5,1.9398244667245006
DeepSeek-V4-Flash-0731,200000,1,index-cache bytes: FP4 to BF16,endpoint_a,166878536440,3246.028124221017,1.9383562080587795,1.2981740870894527,compute_C5,1.9398244667245006
DeepSeek-V4-Flash-0731,200000,1,index-cache bytes: FP4 to BF16,endpoint_b,166878536440,3246.028124221017,1.9560616802042405,1.3205460232640305,compute_C5,1.9398244667245006
DeepSeek-V4-Flash-0731,200000,1,main-KV bytes: production to BF16,endpoint_a,166878536440,3246.028124221017,1.9398244667245006,1.3000293208210032,compute_C5,1.9398244667245006
DeepSeek-V4-Flash-0731,200000,1,main-KV bytes: production to BF16,endpoint_b,166878536440,3246.028124221017,1.9415498391385624,1.3022094333425809,compute_C5,1.9398244667245006
DeepSeek-V4-Flash-0731,200000,1,GPU shared-KV reread amplification,ideal,1.0,3246.028124221017,1.9398244667245006,1.3000293208210032,compute_C5,1.9398244667245006
DeepSeek-V4-Flash-0731,200000,1,GPU shared-KV reread amplification,reread_stress,4.0,3246.028124221017,1.9642793222233006,1.3309295115576805,compute_C5,1.9398244667245006
DeepSeek-V4-Flash-0731,200000,8,ROM array bandwidth (B/s/wafer),pessimistic,30000000000000.0,412.2787868458557,0.42785485223779374,0.5204371653742664,compute_C5,0.42785485223779374
DeepSeek-V4-Flash-0731,200000,8,ROM array bandwidth (B/s/wafer),optimistic,2000000000000000.0,412.2787868458557,0.42785485223779374,0.5204371653742664,compute_C5,0.42785485223779374
DeepSeek-V4-Flash-0731,200000,8,ROM DeepSeek MXFP4-weight x FP8-activation peak compute (op/s/wafer; all format roofs scale proportionally),pessimistic,250000000000000.0,213.23381008523427,0.221289872816644,0.269147376865487,compute_C5,0.42785485223779374
DeepSeek-V4-Flash-0731,200000,8,ROM DeepSeek MXFP4-weight x FP8-activation peak compute (op/s/wafer; all format roofs scale proportionally),optimistic,3e+16,1242.5053290476003,1.2894477012301226,1.5691191742962407,rom_full_array_read_C4,0.42785485223779374
DeepSeek-V4-Flash-0731,200000,8,ROM capacity (bytes/wafer),pessimistic,128000000000.0,412.2787868458557,0.42785485223779374,0.5204371653742664,compute_C5,0.42785485223779374
DeepSeek-V4-Flash-0731,200000,8,ROM capacity (bytes/wafer),optimistic,192000000000.0,427.7458773508303,0.4439062959057619,0.4244347098429321,compute_C5,0.42785485223779374
DeepSeek-V4-Flash-0731,200000,8,ROM HBM bandwidth (B/s/wafer),pessimistic,4000000000000.0,412.2787868458557,0.42785485223779374,0.5204371653742664,compute_C5,0.42785485223779374
DeepSeek-V4-Flash-0731,200000,8,ROM HBM bandwidth (B/s/wafer),optimistic,16000000000000.0,412.2787868458557,0.42785485223779374,0.5204371653742664,compute_C5,0.42785485223779374
DeepSeek-V4-Flash-0731,200000,8,ROM HBM capacity (bytes/wafer),pessimistic,192000000000.0,412.2787868458557,0.42785485223779374,0.5204371653742664,compute_C5,0.42785485223779374
DeepSeek-V4-Flash-0731,200000,8,ROM HBM capacity (bytes/wafer),optimistic,768000000000.0,412.2787868458557,0.42785485223779374,0.5204371653742664,compute_C5,0.42785485223779374
DeepSeek-V4-Flash-0731,200000,8,ROM shared-KV reread amplification,pessimistic,2.0,412.2787868458557,0.42785485223779374,0.5204371653742664,compute_C5,0.42785485223779374
DeepSeek-V4-Flash-0731,200000,8,ROM shared-KV reread amplification,optimistic,1.0,412.2787868458557,0.42785485223779374,0.5204371653742664,compute_C5,0.42785485223779374
DeepSeek-V4-Flash-0731,200000,8,collective injection bandwidth (B/s),pessimistic,128000000000.0,412.2787868458557,0.42785485223779374,0.5204371653742664,compute_C5,0.42785485223779374
DeepSeek-V4-Flash-0731,200000,8,collective injection bandwidth (B/s),optimistic,1024000000000.0,436.8347148551471,0.4533385135009803,0.5514419367035747,compute_C5,0.42785485223779374
DeepSeek-V4-Flash-0731,200000,8,collective floor (s/layer),pessimistic,1e-06,404.6624634976167,0.4199507810007393,0.5108208086107021,compute_C5,0.42785485223779374
DeepSeek-V4-Flash-0731,200000,8,collective floor (s/layer),optimistic,5e-08,412.71033104956115,0.4283027003624161,0.5209820345368052,compute_C5,0.42785485223779374
DeepSeek-V4-Flash-0731,200000,8,pipeline efficiency,pessimistic,0.65,291.3015484841557,0.30230704309782463,0.3677001711883403,compute_C5,0.42785485223779374
DeepSeek-V4-Flash-0731,200000,8,pipeline efficiency,optimistic,0.98,439.1606297941175,0.4557523024813552,0.5543787196378053,compute_C5,0.42785485223779374
DeepSeek-V4-Flash-0731,200000,8,defect-repair efficiency,pessimistic,0.75,340.2808130181287,0.35313676477771777,0.42953557420604277,compute_C5,0.42785485223779374
DeepSeek-V4-Flash-0731,200000,8,defect-repair efficiency,optimistic,0.98,437.2689425366555,0.45378914648632185,0.5519902075009387,compute_C5,0.42785485223779374
DeepSeek-V4-Flash-0731,200000,8,load-balance efficiency,pessimistic,0.6,375.5189557637255,0.3897062193278704,0.47402494230118686,compute_C5,0.42785485223779374
DeepSeek-V4-Flash-0731,200000,8,load-balance efficiency,optimistic,0.96,423.6843506771778,0.43969132305181013,0.53483794764909,compute_C5,0.42785485223779374
DeepSeek-V4-Flash-0731,200000,8,weight encoding: released vs uniform MXFP4,endpoint_a,166878536440,412.2787868458557,0.42785485223779374,0.5204371653742664,compute_C5,0.42785485223779374
DeepSeek-V4-Flash-0731,200000,8,weight encoding: released vs uniform MXFP4,endpoint_b,162815516380.0,412.2787868458557,0.40563216600149915,0.4682813872917592,compute_C5,0.42785485223779374
DeepSeek-V4-Flash-0731,200000,8,index-cache bytes: FP4 to BF16,endpoint_a,166878536440,412.2787868458557,0.42704876065106057,0.5185547674908709,compute_C5,0.42785485223779374
DeepSeek-V4-Flash-0731,200000,8,index-cache bytes: FP4 to BF16,endpoint_b,166878536440,412.2787868458557,0.4367692768440191,0.5412542713788754,compute_C5,0.42785485223779374
DeepSeek-V4-Flash-0731,200000,8,main-KV bytes: production to BF16,endpoint_a,166878536440,412.2787868458557,0.42785485223779374,0.5204371653742664,compute_C5,0.42785485223779374
DeepSeek-V4-Flash-0731,200000,8,main-KV bytes: production to BF16,endpoint_b,166878536440,412.2787868458557,0.4288021023507523,0.5226491988913332,compute_C5,0.42785485223779374
DeepSeek-V4-Flash-0731,200000,8,GPU shared-KV reread amplification,ideal,1.0,412.2787868458557,0.42785485223779374,0.5204371653742664,compute_C5,0.42785485223779374
DeepSeek-V4-Flash-0731,200000,8,GPU shared-KV reread amplification,reread_stress,4.0,412.2787868458557,0.44128086070114225,0.551789793698154,compute_C5,0.42785485223779374
DeepSeek-V4-Flash-0731,200000,32,ROM array bandwidth (B/s/wafer),pessimistic,30000000000000.0,103.2475981515656,0.21412132439326703,0.34772446403797974,compute_C5,0.21412132439326703
DeepSeek-V4-Flash-0731,200000,32,ROM array bandwidth (B/s/wafer),optimistic,2000000000000000.0,103.2475981515656,0.21412132439326703,0.34772446403797974,compute_C5,0.21412132439326703
DeepSeek-V4-Flash-0731,200000,32,ROM DeepSeek MXFP4-weight x FP8-activation peak compute (op/s/wafer; all format roofs scale proportionally),pessimistic,250000000000000.0,53.35600223057046,0.1106530134015192,0.179691583868037,compute_C5,0.21412132439326703
DeepSeek-V4-Flash-0731,200000,32,ROM DeepSeek MXFP4-weight x FP8-activation peak compute (op/s/wafer; all format roofs scale proportionally),optimistic,3e+16,433.18766936460406,0.8983716729082594,1.4591603840328553,rom_full_array_read_C4,0.21412132439326703
DeepSeek-V4-Flash-0731,200000,32,ROM capacity (bytes/wafer),pessimistic,128000000000.0,103.2475981515656,0.21412132439326703,0.34772446403797974,compute_C5,0.21412132439326703
DeepSeek-V4-Flash-0731,200000,32,ROM capacity (bytes/wafer),optimistic,192000000000.0,107.1149270045957,0.22214163276556928,0.2836090898147933,compute_C5,0.21412132439326703
DeepSeek-V4-Flash-0731,200000,32,ROM HBM bandwidth (B/s/wafer),pessimistic,4000000000000.0,103.2475981515656,0.21412132439326703,0.34772446403797974,compute_C5,0.21412132439326703
DeepSeek-V4-Flash-0731,200000,32,ROM HBM bandwidth (B/s/wafer),optimistic,16000000000000.0,103.2475981515656,0.21412132439326703,0.34772446403797974,compute_C5,0.21412132439326703
DeepSeek-V4-Flash-0731,200000,32,ROM HBM capacity (bytes/wafer),pessimistic,192000000000.0,103.2475981515656,0.21412132439326703,0.34772446403797974,compute_C5,0.21412132439326703
DeepSeek-V4-Flash-0731,200000,32,ROM HBM capacity (bytes/wafer),optimistic,768000000000.0,103.2475981515656,0.21412132439326703,0.34772446403797974,compute_C5,0.21412132439326703
DeepSeek-V4-Flash-0731,200000,32,ROM shared-KV reread amplification,pessimistic,2.0,103.2475981515656,0.21412132439326703,0.34772446403797974,compute_C5,0.21412132439326703
DeepSeek-V4-Flash-0731,200000,32,ROM shared-KV reread amplification,optimistic,1.0,103.2475981515656,0.21412132439326703,0.34772446403797974,compute_C5,0.21412132439326703
DeepSeek-V4-Flash-0731,200000,32,collective injection bandwidth (B/s),pessimistic,128000000000.0,103.2475981515656,0.21412132439326703,0.34772446403797974,compute_C5,0.21412132439326703
DeepSeek-V4-Flash-0731,200000,32,collective injection bandwidth (B/s),optimistic,1024000000000.0,109.40842394647117,0.22689803011987267,0.3684744580670413,compute_C5,0.21412132439326703
DeepSeek-V4-Flash-0731,200000,32,collective floor (s/layer),pessimistic,1e-06,102.76322601774514,0.21311680317776546,0.34609307795062993,compute_C5,0.21412132439326703
DeepSeek-V4-Flash-0731,200000,32,collective floor (s/layer),optimistic,5e-08,103.27464163377232,0.2141774088575062,0.3478155476673362,compute_C5,0.21412132439326703
DeepSeek-V4-Flash-0731,200000,32,pipeline efficiency,pessimistic,0.65,72.94777779967626,0.15128366251273997,0.24567489307031173,compute_C5,0.21412132439326703
DeepSeek-V4-Flash-0731,200000,32,pipeline efficiency,optimistic,0.98,109.98076688155822,0.22808499068323673,0.3704021464752392,compute_C5,0.21412132439326703
DeepSeek-V4-Flash-0731,200000,32,defect-repair efficiency,pessimistic,0.75,85.1913583045765,0.1766751652688268,0.28691080940375685,compute_C5,0.21412132439326703
DeepSeek-V4-Flash-0731,200000,32,defect-repair efficiency,optimistic,0.98,109.51737853440065,0.2271239869564853,0.36884142415438237,compute_C5,0.21412132439326703
DeepSeek-V4-Flash-0731,200000,32,load-balance efficiency,pessimistic,0.6,94.02730768543132,0.19499970954464746,0.3166702665889187,compute_C5,0.21412132439326703
DeepSeek-V4-Flash-0731,200000,32,load-balance efficiency,optimistic,0.96,106.1089774108554,0.22005543160311372,0.3573617280292826,compute_C5,0.21412132439326703
DeepSeek-V4-Flash-0731,200000,32,weight encoding: released vs uniform MXFP4,endpoint_a,166878536440,103.2475981515656,0.21412132439326703,0.34772446403797974,compute_C5,0.21412132439326703
DeepSeek-V4-Flash-0731,200000,32,weight encoding: released vs uniform MXFP4,endpoint_b,162815516380.0,103.2475981515656,0.20871272609197636,0.3350237177990696,compute_C5,0.21412132439326703
DeepSeek-V4-Flash-0731,200000,32,index-cache bytes: FP4 to BF16,endpoint_a,166878536440,103.2475981515656,0.21331384146786983,0.3458391084553279,compute_C5,0.21412132439326703
DeepSeek-V4-Flash-0731,200000,32,index-cache bytes: FP4 to BF16,endpoint_b,166878536440,103.2475981515656,0.22305113556824857,0.3685742787167174,compute_C5,0.21412132439326703
DeepSeek-V4-Flash-0731,200000,32,main-KV bytes: production to BF16,endpoint_a,166878536440,103.2475981515656,0.21412132439326703,0.34772446403797974,compute_C5,0.21412132439326703
DeepSeek-V4-Flash-0731,200000,32,main-KV bytes: production to BF16,endpoint_b,166878536440,103.2475981515656,0.21507020948881123,0.349939973191067,compute_C5,0.21412132439326703
DeepSeek-V4-Flash-0731,200000,32,GPU shared-KV reread amplification,ideal,1.0,103.2475981515656,0.21412132439326703,0.34772446403797974,compute_C5,0.21412132439326703
DeepSeek-V4-Flash-0731,200000,32,GPU shared-KV reread amplification,reread_stress,4.0,103.2475981515656,0.2275705065567103,0.3791263548723575,compute_C5,0.21412132439326703
DeepSeek-V4-Flash-0731,200000,64,ROM array bandwidth (B/s/wafer),pessimistic,30000000000000.0,51.638654057759226,0.15034536189878095,0.2524535618973278,compute_C5,0.15034536189878095
DeepSeek-V4-Flash-0731,200000,64,ROM array bandwidth (B/s/wafer),optimistic,2000000000000000.0,51.638654057759226,0.15034536189878095,0.2524535618973278,compute_C5,0.15034536189878095
DeepSeek-V4-Flash-0731,200000,64,ROM DeepSeek MXFP4-weight x FP8-activation peak compute (op/s/wafer; all format roofs scale proportionally),pessimistic,250000000000000.0,26.681967715162568,0.0776842496285965,0.13044247291716393,compute_C5,0.15034536189878095
DeepSeek-V4-Flash-0731,200000,64,ROM DeepSeek MXFP4-weight x FP8-activation peak compute (op/s/wafer; all format roofs scale proportionally),optimistic,3e+16,272.87902252653066,0.7944842123585959,1.3342118234081906,rom_full_array_read_C4,0.15034536189878095
DeepSeek-V4-Flash-0731,200000,64,ROM capacity (bytes/wafer),pessimistic,128000000000.0,51.638654057759226,0.15034536189878095,0.2524535618973278,compute_C5,0.15034536189878095
DeepSeek-V4-Flash-0731,200000,64,ROM capacity (bytes/wafer),optimistic,192000000000.0,53.57236393669756,0.15597533651490958,0.2059081170721118,compute_C5,0.15034536189878095
DeepSeek-V4-Flash-0731,200000,64,ROM HBM bandwidth (B/s/wafer),pessimistic,4000000000000.0,51.638654057759226,0.15034536189878095,0.2524535618973278,compute_C5,0.15034536189878095
DeepSeek-V4-Flash-0731,200000,64,ROM HBM bandwidth (B/s/wafer),optimistic,16000000000000.0,51.638654057759226,0.15034536189878095,0.2524535618973278,compute_C5,0.15034536189878095
DeepSeek-V4-Flash-0731,200000,64,ROM HBM capacity (bytes/wafer),pessimistic,192000000000.0,51.638654057759226,0.15034536189878095,0.2524535618973278,compute_C5,0.15034536189878095
DeepSeek-V4-Flash-0731,200000,64,ROM HBM capacity (bytes/wafer),optimistic,768000000000.0,51.638654057759226,0.15034536189878095,0.2524535618973278,compute_C5,0.15034536189878095
DeepSeek-V4-Flash-0731,200000,64,ROM shared-KV reread amplification,pessimistic,2.0,51.638654057759226,0.15034536189878095,0.2524535618973278,compute_C5,0.15034536189878095
DeepSeek-V4-Flash-0731,200000,64,ROM shared-KV reread amplification,optimistic,1.0,51.638654057759226,0.15034536189878095,0.2524535618973278,compute_C5,0.15034536189878095
DeepSeek-V4-Flash-0731,200000,64,collective injection bandwidth (B/s),pessimistic,128000000000.0,51.638654057759226,0.15034536189878095,0.2524535618973278,compute_C5,0.15034536189878095
DeepSeek-V4-Flash-0731,200000,64,collective injection bandwidth (B/s),optimistic,1024000000000.0,54.720892939164855,0.15931926581899344,0.2675225734504135,compute_C5,0.15034536189878095
DeepSeek-V4-Flash-0731,200000,64,collective floor (s/layer),pessimistic,1e-06,51.51720652879138,0.14999176878084333,0.251859808020381,compute_C5,0.15034536189878095
DeepSeek-V4-Flash-0731,200000,64,collective floor (s/layer),optimistic,5e-08,51.64541793424206,0.1503650548492694,0.2524866303193572,compute_C5,0.15034536189878095
DeepSeek-V4-Flash-0731,200000,64,pipeline efficiency,pessimistic,0.65,36.484108126332224,0.10622307145481194,0.17836392960137293,compute_C5,0.15034536189878095
DeepSeek-V4-Flash-0731,200000,64,pipeline efficiency,optimistic,0.98,55.006299742462545,0.16015022452450445,0.2689179246297623,compute_C5,0.15034536189878095
DeepSeek-V4-Flash-0731,200000,64,defect-repair efficiency,pessimistic,0.75,42.605792185773076,0.12404628590802326,0.20829232696559435,compute_C5,0.15034536189878095
DeepSeek-V4-Flash-0731,200000,64,defect-repair efficiency,optimistic,0.98,54.77540347829154,0.15947797264204758,0.26778907493319926,compute_C5,0.15034536189878095
DeepSeek-V4-Flash-0731,200000,64,load-balance efficiency,pessimistic,0.6,47.02597379586393,0.13691559507096396,0.22990233618313652,compute_C5,0.15034536189878095
DeepSeek-V4-Flash-0731,200000,64,load-balance efficiency,optimistic,0.96,53.07017859677441,0.1545132295322884,0.25945225435503616,compute_C5,0.15034536189878095
DeepSeek-V4-Flash-0731,200000,64,weight encoding: released vs uniform MXFP4,endpoint_a,166878536440,51.638654057759226,0.15034536189878095,0.2524535618973278,compute_C5,0.15034536189878095
DeepSeek-V4-Flash-0731,200000,64,weight encoding: released vs uniform MXFP4,endpoint_b,162815516380.0,51.638654057759226,0.14769623985798605,0.24622593775464433,compute_C5,0.15034536189878095
DeepSeek-V4-Flash-0731,200000,64,index-cache bytes: FP4 to BF16,endpoint_a,166878536440,51.638654057759226,0.149537646616515,0.2505677124609301,compute_C5,0.15034536189878095
DeepSeek-V4-Flash-0731,200000,64,index-cache bytes: FP4 to BF16,endpoint_b,166878536440,51.638654057759226,0.1592777426673691,0.27330883801749045,compute_C5,0.15034536189878095
DeepSeek-V4-Flash-0731,200000,64,main-KV bytes: production to BF16,endpoint_a,166878536440,51.638654057759226,0.15034536189878095,0.2524535618973278,compute_C5,0.15034536189878095
DeepSeek-V4-Flash-0731,200000,64,main-KV bytes: production to BF16,endpoint_b,166878536440,51.638654057759226,0.15129452004030866,0.25466965138523595,compute_C5,0.15034536189878095
DeepSeek-V4-Flash-0731,200000,64,GPU shared-KV reread amplification,ideal,1.0,51.638654057759226,0.15034536189878095,0.2524535618973278,compute_C5,0.15034536189878095
DeepSeek-V4-Flash-0731,200000,64,GPU shared-KV reread amplification,reread_stress,4.0,51.638654057759226,0.16379841412529994,0.2838636782046925,compute_C5,0.15034536189878095
DeepSeek-V4-Flash-0731,1000000,1,ROM array bandwidth (B/s/wafer),pessimistic,30000000000000.0,1351.0121109079423,0.8196363879809967,0.5560574353175806,compute_C5,0.8196363879809967
DeepSeek-V4-Flash-0731,1000000,1,ROM array bandwidth (B/s/wafer),optimistic,2000000000000000.0,1351.0121109079423,0.8196363879809967,0.5560574353175806,compute_C5,0.8196363879809967
DeepSeek-V4-Flash-0731,1000000,1,ROM DeepSeek MXFP4-weight x FP8-activation peak compute (op/s/wafer; all format roofs scale proportionally),pessimistic,250000000000000.0,687.1336738923364,0.4168724750740618,0.28272057111383697,compute_C5,0.8196363879809967
DeepSeek-V4-Flash-0731,1000000,1,ROM DeepSeek MXFP4-weight x FP8-activation peak compute (op/s/wafer; all format roofs scale proportionally),optimistic,3e+16,4164.770413083588,2.5266963564492855,1.7165771187068635,rom_full_array_read_C4,0.8196363879809967
DeepSeek-V4-Flash-0731,1000000,1,ROM capacity (bytes/wafer),pessimistic,128000000000.0,1351.0121109079423,0.8196363879809967,0.5560574353175806,compute_C5,0.8196363879809967
DeepSeek-V4-Flash-0731,1000000,1,ROM capacity (bytes/wafer),optimistic,192000000000.0,1402.036027689318,0.8505917424990432,0.4533810851477333,compute_C5,0.8196363879809967
DeepSeek-V4-Flash-0731,1000000,1,ROM HBM bandwidth (B/s/wafer),pessimistic,4000000000000.0,1351.0121109079423,0.8196363879809967,0.5560574353175806,compute_C5,0.8196363879809967
DeepSeek-V4-Flash-0731,1000000,1,ROM HBM bandwidth (B/s/wafer),optimistic,16000000000000.0,1351.0121109079423,0.8196363879809967,0.5560574353175806,compute_C5,0.8196363879809967
DeepSeek-V4-Flash-0731,1000000,1,ROM HBM capacity (bytes/wafer),pessimistic,192000000000.0,1351.0121109079423,0.8196363879809967,0.5560574353175806,compute_C5,0.8196363879809967
DeepSeek-V4-Flash-0731,1000000,1,ROM HBM capacity (bytes/wafer),optimistic,768000000000.0,1351.0121109079423,0.8196363879809967,0.5560574353175806,compute_C5,0.8196363879809967
DeepSeek-V4-Flash-0731,1000000,1,ROM shared-KV reread amplification,pessimistic,2.0,1351.0121109079423,0.8196363879809967,0.5560574353175806,compute_C5,0.8196363879809967
DeepSeek-V4-Flash-0731,1000000,1,ROM shared-KV reread amplification,optimistic,1.0,1351.0121109079423,0.8196363879809967,0.5560574353175806,compute_C5,0.8196363879809967
DeepSeek-V4-Flash-0731,1000000,1,collective injection bandwidth (B/s),pessimistic,128000000000.0,1351.0121109079423,0.8196363879809967,0.5560574353175806,compute_C5,0.8196363879809967
DeepSeek-V4-Flash-0731,1000000,1,collective injection bandwidth (B/s),optimistic,1024000000000.0,1382.853623127223,0.8389540993860592,0.5691720181929131,compute_C5,0.8196363879809967
DeepSeek-V4-Flash-0731,1000000,1,collective floor (s/layer),pessimistic,1e-06,1272.526925999021,0.7720207426811654,0.5237334791224149,compute_C5,0.8196363879809967
DeepSeek-V4-Flash-0731,1000000,1,collective floor (s/layer),optimistic,5e-08,1355.6572433274453,0.8224545119099199,0.5579706027800201,compute_C5,0.8196363879809967
DeepSeek-V4-Flash-0731,1000000,1,pipeline efficiency,pessimistic,0.65,954.7086936915041,0.5792057517126732,0.3928666662569863,compute_C5,0.8196363879809967
DeepSeek-V4-Flash-0731,1000000,1,pipeline efficiency,optimistic,0.98,1439.0581990631808,0.8730524729211364,0.5923220506643794,compute_C5,0.8196363879809967
DeepSeek-V4-Flash-0731,1000000,1,defect-repair efficiency,pessimistic,0.75,1108.29959910387,0.6723867779392401,0.4561050171051143,compute_C5,0.8196363879809967
DeepSeek-V4-Flash-0731,1000000,1,defect-repair efficiency,optimistic,0.98,1435.9521535337324,0.8711680871942381,0.591042671466776,compute_C5,0.8196363879809967
DeepSeek-V4-Flash-0731,1000000,1,load-balance efficiency,pessimistic,0.6,1298.9280309150738,0.7880378502240121,0.5346064345902417,compute_C5,0.8196363879809967
DeepSeek-V4-Flash-0731,1000000,1,load-balance efficiency,optimistic,0.96,1366.0756616939,0.8287751915910347,0.5622616169979148,compute_C5,0.8196363879809967
DeepSeek-V4-Flash-0731,1000000,1,weight encoding: released vs uniform MXFP4,endpoint_a,166878536440,1351.0121109079423,0.8196363879809967,0.5560574353175806,compute_C5,0.8196363879809967
DeepSeek-V4-Flash-0731,1000000,1,weight encoding: released vs uniform MXFP4,endpoint_b,162815516380.0,1351.0121109079423,0.6825292016078095,0.3831166416690678,compute_C5,0.8196363879809967
DeepSeek-V4-Flash-0731,1000000,1,index-cache bytes: FP4 to BF16,endpoint_a,166878536440,1351.0121109079423,0.8165809195301348,0.5522003264949196,compute_C5,0.8196363879809967
DeepSeek-V4-Flash-0731,1000000,1,index-cache bytes: FP4 to BF16,endpoint_b,166878536440,1351.0121109079423,0.8534262743787641,0.598712521121124,compute_C5,0.8196363879809967
DeepSeek-V4-Flash-0731,1000000,1,main-KV bytes: production to BF16,endpoint_a,166878536440,1351.0121109079423,0.8196363879809967,0.5560574353175806,compute_C5,0.8196363879809967
DeepSeek-V4-Flash-0731,1000000,1,main-KV bytes: production to BF16,endpoint_b,166878536440,1351.0121109079423,0.8222416952768213,0.5593462775746926,compute_C5,0.8196363879809967
DeepSeek-V4-Flash-0731,1000000,1,GPU shared-KV reread amplification,ideal,1.0,1351.0121109079423,0.8196363879809967,0.5560574353175806,compute_C5,0.8196363879809967
DeepSeek-V4-Flash-0731,1000000,1,GPU shared-KV reread amplification,reread_stress,4.0,1351.0121109079423,0.8666316876008056,0.6153825397008446,compute_C5,0.8196363879809967
DeepSeek-V4-Flash-0731,1000000,8,ROM array bandwidth (B/s/wafer),pessimistic,30000000000000.0,169.99634913696937,0.1830938856187431,0.2301533569559875,compute_C5,0.1830938856187431
DeepSeek-V4-Flash-0731,1000000,8,ROM array bandwidth (B/s/wafer),optimistic,2000000000000000.0,169.99634913696937,0.1830938856187431,0.2301533569559875,compute_C5,0.1830938856187431
DeepSeek-V4-Flash-0731,1000000,8,ROM DeepSeek MXFP4-weight x FP8-activation peak compute (op/s/wafer; all format roofs scale proportionally),pessimistic,250000000000000.0,86.18044812928221,0.09282030580339865,0.11667243604558225,compute_C5,0.1830938856187431
DeepSeek-V4-Flash-0731,1000000,8,ROM DeepSeek MXFP4-weight x FP8-activation peak compute (op/s/wafer; all format roofs scale proportionally),optimistic,3e+16,950.6861518286537,1.0239327045899742,1.2876103507944383,kv_beachfront_C8,0.1830938856187431
DeepSeek-V4-Flash-0731,1000000,8,ROM capacity (bytes/wafer),pessimistic,128000000000.0,169.99634913696937,0.1830938856187431,0.2301533569559875,compute_C5,0.1830938856187431
DeepSeek-V4-Flash-0731,1000000,8,ROM capacity (bytes/wafer),optimistic,192000000000.0,176.37820314698394,0.18996743586895265,0.1877253829142067,compute_C5,0.1830938856187431
DeepSeek-V4-Flash-0731,1000000,8,ROM HBM bandwidth (B/s/wafer),pessimistic,4000000000000.0,169.99634913696937,0.1830938856187431,0.2301533569559875,compute_C5,0.1830938856187431
DeepSeek-V4-Flash-0731,1000000,8,ROM HBM bandwidth (B/s/wafer),optimistic,16000000000000.0,169.99634913696937,0.1830938856187431,0.2301533569559875,compute_C5,0.1830938856187431
DeepSeek-V4-Flash-0731,1000000,8,ROM HBM capacity (bytes/wafer),pessimistic,192000000000.0,169.99634913696937,0.1830938856187431,0.2301533569559875,compute_C5,0.1830938856187431
DeepSeek-V4-Flash-0731,1000000,8,ROM HBM capacity (bytes/wafer),optimistic,768000000000.0,169.99634913696937,0.1830938856187431,0.2301533569559875,compute_C5,0.1830938856187431
DeepSeek-V4-Flash-0731,1000000,8,ROM shared-KV reread amplification,pessimistic,2.0,169.99634913696937,0.1830938856187431,0.2301533569559875,compute_C5,0.1830938856187431
DeepSeek-V4-Flash-0731,1000000,8,ROM shared-KV reread amplification,optimistic,1.0,169.99634913696937,0.1830938856187431,0.2301533569559875,compute_C5,0.1830938856187431
DeepSeek-V4-Flash-0731,1000000,8,collective injection bandwidth (B/s),pessimistic,128000000000.0,169.99634913696937,0.1830938856187431,0.2301533569559875,compute_C5,0.1830938856187431
DeepSeek-V4-Flash-0731,1000000,8,collective injection bandwidth (B/s),optimistic,1024000000000.0,174.03012958011143,0.1874384526569017,0.23561505602015995,compute_C5,0.1830938856187431
DeepSeek-V4-Flash-0731,1000000,8,collective floor (s/layer),pessimistic,1e-06,168.68721775770302,0.1816838909204324,0.22838081067414043,compute_C5,0.1830938856187431
DeepSeek-V4-Flash-0731,1000000,8,collective floor (s/layer),optimistic,5e-08,170.06967470457477,0.1831728606270667,0.23025263885704822,compute_C5,0.1830938856187431
DeepSeek-V4-Flash-0731,1000000,8,pipeline efficiency,pessimistic,0.65,120.10911237387099,0.12936303746753716,0.16260835002325202,compute_C5,0.1830938856187431
DeepSeek-V4-Flash-0731,1000000,8,pipeline efficiency,optimistic,0.98,181.08206375601955,0.19503371006066103,0.24516335849659532,compute_C5,0.1830938856187431
DeepSeek-V4-Flash-0731,1000000,8,defect-repair efficiency,pessimistic,0.75,139.29016900817277,0.1500219175392371,0.18857821315439482,compute_C5,0.1830938856187431
DeepSeek-V4-Flash-0731,1000000,8,defect-repair efficiency,optimistic,0.98,180.75961985873806,0.19468642315510667,0.2447267687403085,compute_C5,0.1830938856187431
DeepSeek-V4-Flash-0731,1000000,8,load-balance efficiency,pessimistic,0.6,163.40089538223071,0.17599027862068428,0.22122322487592513,compute_C5,0.1830938856187431
DeepSeek-V4-Flash-0731,1000000,8,load-balance efficiency,optimistic,0.96,171.9044887983127,0.18514903978336045,0.2327369565525041,compute_C5,0.1830938856187431
DeepSeek-V4-Flash-0731,1000000,8,weight encoding: released vs uniform MXFP4,endpoint_a,166878536440,169.99634913696937,0.1830938856187431,0.2301533569559875,compute_C5,0.1830938856187431
DeepSeek-V4-Flash-0731,1000000,8,weight encoding: released vs uniform MXFP4,endpoint_b,162815516380.0,169.99634913696937,0.1739307279479632,0.2086503886283106,compute_C5,0.1830938856187431
DeepSeek-V4-Flash-0731,1000000,8,index-cache bytes: FP4 to BF16,endpoint_a,166878536440,169.99634913696937,0.1814319994987312,0.22627296425098858,compute_C5,0.1830938856187431
DeepSeek-V4-Flash-0731,1000000,8,index-cache bytes: FP4 to BF16,endpoint_b,166878536440,169.99634913696937,0.20147239094593358,0.2730659351053868,compute_C5,0.1830938856187431
DeepSeek-V4-Flash-0731,1000000,8,main-KV bytes: production to BF16,endpoint_a,166878536440,169.99634913696937,0.1830938856187431,0.2301533569559875,compute_C5,0.1830938856187431
DeepSeek-V4-Flash-0731,1000000,8,main-KV bytes: production to BF16,endpoint_b,166878536440,169.99634913696937,0.18451092660703255,0.23346205268876324,compute_C5,0.1830938856187431
DeepSeek-V4-Flash-0731,1000000,8,GPU shared-KV reread amplification,ideal,1.0,169.99634913696937,0.1830938856187431,0.2301533569559875,compute_C5,0.1830938856187431
DeepSeek-V4-Flash-0731,1000000,8,GPU shared-KV reread amplification,reread_stress,4.0,169.99634913696937,0.20865488793311138,0.28983658417520475,compute_C5,0.1830938856187431
DeepSeek-V4-Flash-0731,1000000,64,ROM array bandwidth (B/s/wafer),pessimistic,30000000000000.0,21.267171706926966,0.0685996723627777,0.12199596536674516,compute_C5,0.0685996723627777
DeepSeek-V4-Flash-0731,1000000,64,ROM array bandwidth (B/s/wafer),optimistic,2000000000000000.0,21.267171706926966,0.0685996723627777,0.12199596536674516,compute_C5,0.0685996723627777
DeepSeek-V4-Flash-0731,1000000,64,ROM DeepSeek MXFP4-weight x FP8-activation peak compute (op/s/wafer; all format roofs scale proportionally),pessimistic,250000000000000.0,10.77708463060815,0.03476270774852709,0.061820817805636905,compute_C5,0.0685996723627777
DeepSeek-V4-Flash-0731,1000000,64,ROM DeepSeek MXFP4-weight x FP8-activation peak compute (op/s/wafer; all format roofs scale proportionally),optimistic,3e+16,119.38919234075121,0.38510336922537675,0.6848919353712014,kv_beachfront_C8,0.0685996723627777
DeepSeek-V4-Flash-0731,1000000,64,ROM capacity (bytes/wafer),pessimistic,128000000000.0,21.267171706926966,0.0685996723627777,0.12199596536674516,compute_C5,0.0685996723627777
DeepSeek-V4-Flash-0731,1000000,64,ROM capacity (bytes/wafer),optimistic,192000000000.0,22.064959952169055,0.07117302875415235,0.09951110238526797,compute_C5,0.0685996723627777
DeepSeek-V4-Flash-0731,1000000,64,ROM HBM bandwidth (B/s/wafer),pessimistic,4000000000000.0,21.267171706926966,0.0685996723627777,0.12199596536674516,compute_C5,0.0685996723627777
DeepSeek-V4-Flash-0731,1000000,64,ROM HBM bandwidth (B/s/wafer),optimistic,16000000000000.0,21.267171706926966,0.0685996723627777,0.12199596536674516,compute_C5,0.0685996723627777
DeepSeek-V4-Flash-0731,1000000,64,ROM HBM capacity (bytes/wafer),pessimistic,192000000000.0,0.0,nan,nan,capacity_C7_C8_C9,0.0685996723627777
DeepSeek-V4-Flash-0731,1000000,64,ROM HBM capacity (bytes/wafer),optimistic,768000000000.0,21.267171706926966,0.0685996723627777,0.12199596536674516,compute_C5,0.0685996723627777
DeepSeek-V4-Flash-0731,1000000,64,ROM shared-KV reread amplification,pessimistic,2.0,21.267171706926966,0.0685996723627777,0.12199596536674516,compute_C5,0.0685996723627777
DeepSeek-V4-Flash-0731,1000000,64,ROM shared-KV reread amplification,optimistic,1.0,21.267171706926966,0.0685996723627777,0.12199596536674516,compute_C5,0.0685996723627777
DeepSeek-V4-Flash-0731,1000000,64,collective injection bandwidth (B/s),pessimistic,128000000000.0,21.267171706926966,0.0685996723627777,0.12199596536674516,compute_C5,0.0685996723627777
DeepSeek-V4-Flash-0731,1000000,64,collective injection bandwidth (B/s),optimistic,1024000000000.0,21.772241131085945,0.07022883102549153,0.1248932524906668,compute_C5,0.0685996723627777
DeepSeek-V4-Flash-0731,1000000,64,collective floor (s/layer),pessimistic,1e-06,21.24654359452073,0.06853313404860828,0.1218776340128814,compute_C5,0.0685996723627777
DeepSeek-V4-Flash-0731,1000000,64,collective floor (s/layer),optimistic,5e-08,21.26831888769795,0.06860337272435445,0.12200254606848662,compute_C5,0.0685996723627777
DeepSeek-V4-Flash-0731,1000000,64,pipeline efficiency,pessimistic,0.65,15.025766032066597,0.04846731107473926,0.08619280161780908,compute_C5,0.0685996723627777
DeepSeek-V4-Flash-0731,1000000,64,pipeline efficiency,optimistic,0.98,22.6541454555439,0.07307351336251464,0.12995222397761982,compute_C5,0.0685996723627777
DeepSeek-V4-Flash-0731,1000000,64,defect-repair efficiency,pessimistic,0.75,17.423104301592044,0.05620019733241821,0.09994485269776562,compute_C5,0.0685996723627777
DeepSeek-V4-Flash-0731,1000000,64,defect-repair efficiency,optimistic,0.98,22.614884492491672,0.07294687267708899,0.12972700660334566,compute_C5,0.0685996723627777
DeepSeek-V4-Flash-0731,1000000,64,load-balance efficiency,pessimistic,0.6,20.441398144223665,0.06593604615860127,0.11725898980652429,compute_C5,0.0685996723627777
DeepSeek-V4-Flash-0731,1000000,64,load-balance efficiency,optimistic,0.96,21.506087289104318,0.0693703216472987,0.1233664837840529,compute_C5,0.0685996723627777
DeepSeek-V4-Flash-0731,1000000,64,weight encoding: released vs uniform MXFP4,endpoint_a,166878536440,21.267171706926966,0.0685996723627777,0.12199596536674516,compute_C5,0.0685996723627777
DeepSeek-V4-Flash-0731,1000000,64,weight encoding: released vs uniform MXFP4,endpoint_b,162815516380.0,21.267171706926966,0.06750864211920914,0.11943118239351831,compute_C5,0.0685996723627777
DeepSeek-V4-Flash-0731,1000000,64,index-cache bytes: FP4 to BF16,endpoint_a,166878536440,21.267171706926966,0.06693640758557123,0.11811264239586282,compute_C5,0.0685996723627777
DeepSeek-V4-Flash-0731,1000000,64,index-cache bytes: FP4 to BF16,endpoint_b,166878536440,21.267171706926966,0.08699342401659041,0.16494094880944388,compute_C5,0.0685996723627777
DeepSeek-V4-Flash-0731,1000000,64,main-KV bytes: production to BF16,endpoint_a,166878536440,21.267171706926966,0.0685996723627777,0.12199596536674516,compute_C5,0.0685996723627777
DeepSeek-V4-Flash-0731,1000000,64,main-KV bytes: production to BF16,endpoint_b,166878536440,0.0,nan,nan,capacity_C7_C8_C9,0.0685996723627777
DeepSeek-V4-Flash-0731,1000000,64,GPU shared-KV reread amplification,ideal,1.0,21.267171706926966,0.0685996723627777,0.12199596536674516,compute_C5,0.0685996723627777
DeepSeek-V4-Flash-0731,1000000,64,GPU shared-KV reread amplification,reread_stress,4.0,21.267171706926966,0.0941818794151341,0.18172426218015836,compute_C5,0.0685996723627777
DeepSeek-V4-Pro-0813,200000,1,ROM array bandwidth (B/s/wafer),pessimistic,30000000000000.0,366.0328351315999,0.6011460624105373,0.8477352871911958,rom_full_array_read_C4,1.7738049012735415
DeepSeek-V4-Pro-0813,200000,1,ROM array bandwidth (B/s/wafer),optimistic,2000000000000000.0,1080.0550441600983,1.7738049012735415,2.505894303111661,compute_C5,1.7738049012735415
DeepSeek-V4-Pro-0813,200000,1,ROM DeepSeek MXFP4-weight x FP8-activation peak compute (op/s/wafer; all format roofs scale proportionally),pessimistic,250000000000000.0,557.6263802128418,0.9158055523643693,1.2920870897765093,compute_C5,1.7738049012735415
DeepSeek-V4-Pro-0813,200000,1,ROM DeepSeek MXFP4-weight x FP8-activation peak compute (op/s/wafer; all format roofs scale proportionally),optimistic,3e+16,1156.839746641491,1.8999105866650128,2.684563385803985,rom_full_array_read_C4,1.7738049012735415
DeepSeek-V4-Pro-0813,200000,1,ROM capacity (bytes/wafer),pessimistic,128000000000.0,1002.8266048990404,1.6469704544370851,2.364834786309453,compute_C5,1.7738049012735415
DeepSeek-V4-Pro-0813,200000,1,ROM capacity (bytes/wafer),optimistic,192000000000.0,1101.7472499062699,1.8094306233883948,2.4996031905610367,compute_C5,1.7738049012735415
DeepSeek-V4-Pro-0813,200000,1,ROM HBM bandwidth (B/s/wafer),pessimistic,4000000000000.0,1080.0550441600983,1.7738049012735415,2.505894303111661,compute_C5,1.7738049012735415
DeepSeek-V4-Pro-0813,200000,1,ROM HBM bandwidth (B/s/wafer),optimistic,16000000000000.0,1080.0550441600983,1.7738049012735415,2.505894303111661,compute_C5,1.7738049012735415
DeepSeek-V4-Pro-0813,200000,1,ROM HBM capacity (bytes/wafer),pessimistic,192000000000.0,1080.0550441600983,1.7738049012735415,2.505894303111661,compute_C5,1.7738049012735415
DeepSeek-V4-Pro-0813,200000,1,ROM HBM capacity (bytes/wafer),optimistic,768000000000.0,1080.0550441600983,1.7738049012735415,2.505894303111661,compute_C5,1.7738049012735415
DeepSeek-V4-Pro-0813,200000,1,ROM shared-KV reread amplification,pessimistic,2.0,1080.0550441600983,1.7738049012735415,2.505894303111661,compute_C5,1.7738049012735415
DeepSeek-V4-Pro-0813,200000,1,ROM shared-KV reread amplification,optimistic,1.0,1080.0550441600983,1.7738049012735415,2.505894303111661,compute_C5,1.7738049012735415
DeepSeek-V4-Pro-0813,200000,1,collective injection bandwidth (B/s),pessimistic,128000000000.0,1080.0550441600983,1.7738049012735415,2.505894303111661,compute_C5,1.7738049012735415
DeepSeek-V4-Pro-0813,200000,1,collective injection bandwidth (B/s),optimistic,1024000000000.0,1132.15659240524,1.8593727453763766,2.627121050963261,compute_C5,1.7738049012735415
DeepSeek-V4-Pro-0813,200000,1,collective floor (s/layer),pessimistic,1e-06,1008.9838630251147,1.657082693347029,2.34058120438363,compute_C5,1.7738049012735415
DeepSeek-V4-Pro-0813,200000,1,collective floor (s/layer),optimistic,5e-08,1084.2981662755308,1.780773500555358,2.5157657599359076,compute_C5,1.7738049012735415
DeepSeek-V4-Pro-0813,200000,1,pipeline efficiency,pessimistic,0.65,763.6875383632552,1.2542256118471202,1.7704688011115002,compute_C5,1.7738049012735415
DeepSeek-V4-Pro-0813,200000,1,pipeline efficiency,optimistic,0.98,1150.2908550661482,1.8891551570810645,2.66932219244503,compute_C5,1.7738049012735415
DeepSeek-V4-Pro-0813,200000,1,defect-repair efficiency,pessimistic,0.75,890.8704032667931,1.4631016226983464,2.0659769808225117,compute_C5,1.7738049012735415
DeepSeek-V4-Pro-0813,200000,1,defect-repair efficiency,optimistic,0.98,1145.7767562328577,1.8817415250827523,2.6588168505775522,compute_C5,1.7738049012735415
DeepSeek-V4-Pro-0813,200000,1,load-balance efficiency,pessimistic,0.6,964.1547427887232,1.5834585631463973,2.236337991084033,compute_C5,1.7738049012735415
DeepSeek-V4-Pro-0813,200000,1,load-balance efficiency,optimistic,0.96,1116.9796420845262,1.8344472112465842,2.591804967146653,compute_C5,1.7738049012735415
DeepSeek-V4-Pro-0813,200000,1,weight encoding: released vs uniform MXFP4,endpoint_a,892727580904,1080.0550441600983,1.7738049012735415,2.505894303111661,compute_C5,1.7738049012735415
DeepSeek-V4-Pro-0813,200000,1,weight encoding: released vs uniform MXFP4,endpoint_b,893851350300.0,1080.0550441600983,1.4407622384122456,1.8439827595467966,compute_C5,1.7738049012735415
DeepSeek-V4-Pro-0813,200000,1,index-cache bytes: FP4 to BF16,endpoint_a,892727580904,1080.0550441600983,1.7734278058502828,2.5045520453137513,compute_C5,1.7738049012735415
DeepSeek-V4-Pro-0813,200000,1,index-cache bytes: FP4 to BF16,endpoint_b,892727580904,1080.0550441600983,1.777975133013105,2.520738095229718,compute_C5,1.7738049012735415
DeepSeek-V4-Pro-0813,200000,1,main-KV bytes: production to BF16,endpoint_a,892727580904,1080.0550441600983,1.7738049012735415,2.505894303111661,compute_C5,1.7738049012735415
DeepSeek-V4-Pro-0813,200000,1,main-KV bytes: production to BF16,endpoint_b,892727580904,1080.0550441600983,1.7743725961677828,2.5079149929732476,compute_C5,1.7738049012735415
DeepSeek-V4-Pro-0813,200000,1,GPU shared-KV reread amplification,ideal,1.0,1080.0550441600983,1.7738049012735415,2.505894303111661,compute_C5,1.7738049012735415
DeepSeek-V4-Pro-0813,200000,1,GPU shared-KV reread amplification,reread_stress,4.0,1080.0550441600983,1.7805797159935197,2.5300090160633784,compute_C5,1.7738049012735415
DeepSeek-V4-Pro-0813,200000,8,ROM array bandwidth (B/s/wafer),pessimistic,30000000000000.0,113.3812232871963,0.3200088908457431,0.6950385314467795,rom_full_array_read_C4,0.3845878349751389
DeepSeek-V4-Pro-0813,200000,8,ROM array bandwidth (B/s/wafer),optimistic,2000000000000000.0,136.26196158367043,0.3845878349751389,0.8353476016969252,compute_C5,0.3845878349751389
DeepSeek-V4-Pro-0813,200000,8,ROM DeepSeek MXFP4-weight x FP8-activation peak compute (op/s/wafer; all format roofs scale proportionally),pessimistic,250000000000000.0,70.0363541635088,0.19767167230127264,0.4292835053352299,compute_C5,0.3845878349751389
DeepSeek-V4-Pro-0813,200000,8,ROM DeepSeek MXFP4-weight x FP8-activation peak compute (op/s/wafer; all format roofs scale proportionally),optimistic,3e+16,338.61164706954986,0.9557026680837848,2.0768939182638904,rom_full_array_read_C4,0.3845878349751389
DeepSeek-V4-Pro-0813,200000,8,ROM capacity (bytes/wafer),pessimistic,128000000000.0,126.53118505004112,0.3571235431346208,0.7881899444475834,compute_C5,0.3845878349751389
DeepSeek-V4-Pro-0813,200000,8,ROM capacity (bytes/wafer),optimistic,192000000000.0,138.9570378619632,0.3921944592957862,0.8333632410525772,compute_C5,0.3845878349751389
DeepSeek-V4-Pro-0813,200000,8,ROM HBM bandwidth (B/s/wafer),pessimistic,4000000000000.0,136.26196158367043,0.3845878349751389,0.8353476016969252,compute_C5,0.3845878349751389
DeepSeek-V4-Pro-0813,200000,8,ROM HBM bandwidth (B/s/wafer),optimistic,16000000000000.0,136.26196158367043,0.3845878349751389,0.8353476016969252,compute_C5,0.3845878349751389
DeepSeek-V4-Pro-0813,200000,8,ROM HBM capacity (bytes/wafer),pessimistic,192000000000.0,136.26196158367043,0.3845878349751389,0.8353476016969252,compute_C5,0.3845878349751389
DeepSeek-V4-Pro-0813,200000,8,ROM HBM capacity (bytes/wafer),optimistic,768000000000.0,136.26196158367043,0.3845878349751389,0.8353476016969252,compute_C5,0.3845878349751389
DeepSeek-V4-Pro-0813,200000,8,ROM shared-KV reread amplification,pessimistic,2.0,136.26196158367043,0.3845878349751389,0.8353476016969252,compute_C5,0.3845878349751389
DeepSeek-V4-Pro-0813,200000,8,ROM shared-KV reread amplification,optimistic,1.0,136.26196158367043,0.3845878349751389,0.8353476016969252,compute_C5,0.3845878349751389
DeepSeek-V4-Pro-0813,200000,8,collective injection bandwidth (B/s),pessimistic,128000000000.0,136.26196158367043,0.3845878349751389,0.8353476016969252,compute_C5,0.3845878349751389
DeepSeek-V4-Pro-0813,200000,8,collective injection bandwidth (B/s),optimistic,1024000000000.0,142.89928402365877,0.4033211148836304,0.8760519389736036,compute_C5,0.3845878349751389
DeepSeek-V4-Pro-0813,200000,8,collective floor (s/layer),pessimistic,1e-06,135.06171543497314,0.3812002419711933,0.8279870633315574,compute_C5,0.3845878349751389
DeepSeek-V4-Pro-0813,200000,8,collective floor (s/layer),optimistic,5e-08,136.32926771932514,0.38477780083715307,0.8357603595005453,compute_C5,0.3845878349751389
DeepSeek-V4-Pro-0813,200000,8,pipeline efficiency,pessimistic,0.65,96.28166381634747,0.2717468338527922,0.5901912403293493,compute_C5,0.3845878349751389
DeepSeek-V4-Pro-0813,200000,8,pipeline efficiency,optimistic,0.98,145.14538661166614,0.409660549025149,0.8898267931119421,compute_C5,0.3845878349751389
DeepSeek-V4-Pro-0813,200000,8,defect-repair efficiency,pessimistic,0.75,112.21131621182765,0.3167069273042755,0.6878648686291784,compute_C5,0.3845878349751389
DeepSeek-V4-Pro-0813,200000,8,defect-repair efficiency,optimistic,0.98,144.63536654368832,0.4082210606201841,0.8866989384073212,compute_C5,0.3845878349751389
DeepSeek-V4-Pro-0813,200000,8,load-balance efficiency,pessimistic,0.6,121.5185152911868,0.34297570768885427,0.7449361250055241,compute_C5,0.3845878349751389
DeepSeek-V4-Pro-0813,200000,8,load-balance efficiency,optimistic,0.96,140.9652467019175,0.3978624585008448,0.8641910366085215,compute_C5,0.3845878349751389
DeepSeek-V4-Pro-0813,200000,8,weight encoding: released vs uniform MXFP4,endpoint_a,892727580904,136.26196158367043,0.3845878349751389,0.8353476016969252,compute_C5,0.3845878349751389
DeepSeek-V4-Pro-0813,200000,8,weight encoding: released vs uniform MXFP4,endpoint_b,893851350300.0,136.26196158367043,0.3650160078254126,0.7780746161833517,compute_C5,0.3845878349751389
DeepSeek-V4-Pro-0813,200000,8,index-cache bytes: FP4 to BF16,endpoint_a,892727580904,136.26196158367043,0.38420723391333006,0.8342618685540723,compute_C5,0.3845878349751389
DeepSeek-V4-Pro-0813,200000,8,index-cache bytes: FP4 to BF16,endpoint_b,892727580904,136.26196158367043,0.38879683495278944,0.8473545329237698,compute_C5,0.3845878349751389
DeepSeek-V4-Pro-0813,200000,8,main-KV bytes: production to BF16,endpoint_a,892727580904,136.26196158367043,0.3845878349751389,0.8353476016969252,compute_C5,0.3845878349751389
DeepSeek-V4-Pro-0813,200000,8,main-KV bytes: production to BF16,endpoint_b,892727580904,136.26196158367043,0.3851608074012287,0.8369821088367374,compute_C5,0.3845878349751389
DeepSeek-V4-Pro-0813,200000,8,GPU shared-KV reread amplification,ideal,1.0,136.26196158367043,0.3845878349751389,0.8353476016969252,compute_C5,0.3845878349751389
DeepSeek-V4-Pro-0813,200000,8,GPU shared-KV reread amplification,reread_stress,4.0,136.26196158367043,0.39142563123822166,0.8548536482424133,compute_C5,0.3845878349751389
DeepSeek-V4-Pro-0813,200000,32,ROM array bandwidth (B/s/wafer),pessimistic,30000000000000.0,34.099454998381376,0.23855401950184743,0.5828994963073894,compute_C5,0.23855401950184743
DeepSeek-V4-Pro-0813,200000,32,ROM array bandwidth (B/s/wafer),optimistic,2000000000000000.0,34.099454998381376,0.23855401950184743,0.5828994963073894,compute_C5,0.23855401950184743
DeepSeek-V4-Pro-0813,200000,32,ROM DeepSeek MXFP4-weight x FP8-activation peak compute (op/s/wafer; all format roofs scale proportionally),pessimistic,250000000000000.0,17.5180569192902,0.12255336315953423,0.29944300411238434,compute_C5,0.23855401950184743
DeepSeek-V4-Pro-0813,200000,32,ROM DeepSeek MXFP4-weight x FP8-activation peak compute (op/s/wafer; all format roofs scale proportionally),optimistic,3e+16,112.77415142137905,0.7889488884428494,1.928151904722649,rom_full_array_read_C4,0.23855401950184743
DeepSeek-V4-Pro-0813,200000,32,ROM capacity (bytes/wafer),pessimistic,128000000000.0,31.66467461429202,0.2215207077595824,0.5499830543274951,compute_C5,0.23855401950184743
DeepSeek-V4-Pro-0813,200000,32,ROM capacity (bytes/wafer),optimistic,192000000000.0,34.77276778588912,0.24326440187744816,0.581523323135234,compute_C5,0.23855401950184743
DeepSeek-V4-Pro-0813,200000,32,ROM HBM bandwidth (B/s/wafer),pessimistic,4000000000000.0,34.099454998381376,0.23855401950184743,0.5828994963073894,compute_C5,0.23855401950184743
DeepSeek-V4-Pro-0813,200000,32,ROM HBM bandwidth (B/s/wafer),optimistic,16000000000000.0,34.099454998381376,0.23855401950184743,0.5828994963073894,compute_C5,0.23855401950184743
DeepSeek-V4-Pro-0813,200000,32,ROM HBM capacity (bytes/wafer),pessimistic,192000000000.0,34.099454998381376,0.23855401950184743,0.5828994963073894,compute_C5,0.23855401950184743
DeepSeek-V4-Pro-0813,200000,32,ROM HBM capacity (bytes/wafer),optimistic,768000000000.0,34.099454998381376,0.23855401950184743,0.5828994963073894,compute_C5,0.23855401950184743
DeepSeek-V4-Pro-0813,200000,32,ROM shared-KV reread amplification,pessimistic,2.0,34.099454998381376,0.23855401950184743,0.5828994963073894,compute_C5,0.23855401950184743
DeepSeek-V4-Pro-0813,200000,32,ROM shared-KV reread amplification,optimistic,1.0,34.099454998381376,0.23855401950184743,0.5828994963073894,compute_C5,0.23855401950184743
DeepSeek-V4-Pro-0813,200000,32,collective injection bandwidth (B/s),pessimistic,128000000000.0,34.099454998381376,0.23855401950184743,0.5828994963073894,compute_C5,0.23855401950184743
DeepSeek-V4-Pro-0813,200000,32,collective injection bandwidth (B/s),optimistic,1024000000000.0,35.76217684195577,0.2501861402825761,0.611324771275642,compute_C5,0.23855401950184743
DeepSeek-V4-Pro-0813,200000,32,collective floor (s/layer),pessimistic,1e-06,34.023790256768216,0.2380246817676448,0.5816059656149248,compute_C5,0.23855401950184743
DeepSeek-V4-Pro-0813,200000,32,collective floor (s/layer),optimistic,5e-08,34.10366846399032,0.2385834961945715,0.5829715278515285,compute_C5,0.23855401950184743
DeepSeek-V4-Pro-0813,200000,32,pipeline efficiency,pessimistic,0.65,24.09260901273125,0.1685478175691163,0.4118311658693511,compute_C5,0.23855401950184743
DeepSeek-V4-Pro-0813,200000,32,pipeline efficiency,optimistic,0.98,36.323130552793906,0.25411047756249056,0.6209146808491754,compute_C5,0.23855401950184743
DeepSeek-V4-Pro-0813,200000,32,defect-repair efficiency,pessimistic,0.75,28.07585800392775,0.19641395377486237,0.4799242986691931,compute_C5,0.23855401950184743
DeepSeek-V4-Pro-0813,200000,32,defect-repair efficiency,optimistic,0.98,36.19711114341761,0.2532288670897311,0.6187602855198295,compute_C5,0.23855401950184743
DeepSeek-V4-Pro-0813,200000,32,load-balance efficiency,pessimistic,0.6,30.406638246841485,0.21271969812030594,0.5197693182499884,compute_C5,0.23855401950184743
DeepSeek-V4-Pro-0813,200000,32,load-balance efficiency,optimistic,0.96,35.277662671930855,0.2467965611010164,0.6030416726125756,compute_C5,0.23855401950184743
DeepSeek-V4-Pro-0813,200000,32,weight encoding: released vs uniform MXFP4,endpoint_a,892727580904,34.099454998381376,0.23855401950184743,0.5828994963073894,compute_C5,0.23855401950184743
DeepSeek-V4-Pro-0813,200000,32,weight encoding: released vs uniform MXFP4,endpoint_b,893851350300.0,34.099454998381376,0.23602719100232084,0.5751590928839544,compute_C5,0.23855401950184743
DeepSeek-V4-Pro-0813,200000,32,index-cache bytes: FP4 to BF16,endpoint_a,892727580904,34.099454998381376,0.23817303896616016,0.581812958250083,compute_C5,0.23855401950184743
DeepSeek-V4-Pro-0813,200000,32,index-cache bytes: FP4 to BF16,endpoint_b,892727580904,34.099454998381376,0.2427672160141537,0.5949153289411331,compute_C5,0.23855401950184743
DeepSeek-V4-Pro-0813,200000,32,main-KV bytes: production to BF16,endpoint_a,892727580904,34.099454998381376,0.23855401950184743,0.5828994963073894,compute_C5,0.23855401950184743
DeepSeek-V4-Pro-0813,200000,32,main-KV bytes: production to BF16,endpoint_b,892727580904,34.099454998381376,0.23912756320345535,0.5845352151983857,compute_C5,0.23855401950184743
DeepSeek-V4-Pro-0813,200000,32,GPU shared-KV reread amplification,ideal,1.0,34.099454998381376,0.23855401950184743,0.5828994963073894,compute_C5,0.23855401950184743
DeepSeek-V4-Pro-0813,200000,32,GPU shared-KV reread amplification,reread_stress,4.0,34.099454998381376,0.24539863331046097,0.6024200037716593,compute_C5,0.23855401950184743
DeepSeek-V4-Pro-0813,200000,64,ROM array bandwidth (B/s/wafer),pessimistic,30000000000000.0,17.05256117561115,0.18490316570275592,0.45577744396780795,compute_C5,0.18490316570275592
DeepSeek-V4-Pro-0813,200000,64,ROM array bandwidth (B/s/wafer),optimistic,2000000000000000.0,17.05256117561115,0.18490316570275592,0.45577744396780795,compute_C5,0.18490316570275592
DeepSeek-V4-Pro-0813,200000,64,ROM DeepSeek MXFP4-weight x FP8-activation peak compute (op/s/wafer; all format roofs scale proportionally),pessimistic,250000000000000.0,8.759776271162432,0.09498340728443494,0.23412469382976397,compute_C5,0.18490316570275592
DeepSeek-V4-Pro-0813,200000,64,ROM DeepSeek MXFP4-weight x FP8-activation peak compute (op/s/wafer; all format roofs scale proportionally),optimistic,3e+16,68.63188339373566,0.7441845466471003,1.8346158311574705,rom_full_array_read_C4,0.18490316570275592
DeepSeek-V4-Pro-0813,200000,64,ROM capacity (bytes/wafer),pessimistic,128000000000.0,15.834996960328818,0.17170095663083765,0.4300382811358408,compute_C5,0.18490316570275592
DeepSeek-V4-Pro-0813,200000,64,ROM capacity (bytes/wafer),optimistic,192000000000.0,17.389179395802245,0.18855316137821962,0.45470250309965404,compute_C5,0.18490316570275592
DeepSeek-V4-Pro-0813,200000,64,ROM HBM bandwidth (B/s/wafer),pessimistic,4000000000000.0,17.05256117561115,0.18490316570275592,0.45577744396780795,compute_C5,0.18490316570275592
DeepSeek-V4-Pro-0813,200000,64,ROM HBM bandwidth (B/s/wafer),optimistic,16000000000000.0,17.05256117561115,0.18490316570275592,0.45577744396780795,compute_C5,0.18490316570275592
DeepSeek-V4-Pro-0813,200000,64,ROM HBM capacity (bytes/wafer),pessimistic,192000000000.0,17.05256117561115,0.18490316570275592,0.45577744396780795,compute_C5,0.18490316570275592
DeepSeek-V4-Pro-0813,200000,64,ROM HBM capacity (bytes/wafer),optimistic,768000000000.0,17.05256117561115,0.18490316570275592,0.45577744396780795,compute_C5,0.18490316570275592
DeepSeek-V4-Pro-0813,200000,64,ROM shared-KV reread amplification,pessimistic,2.0,17.05256117561115,0.18490316570275592,0.45577744396780795,compute_C5,0.18490316570275592
DeepSeek-V4-Pro-0813,200000,64,ROM shared-KV reread amplification,optimistic,1.0,17.05256117561115,0.18490316570275592,0.45577744396780795,compute_C5,0.18490316570275592
DeepSeek-V4-Pro-0813,200000,64,collective injection bandwidth (B/s),pessimistic,128000000000.0,17.05256117561115,0.18490316570275592,0.45577744396780795,compute_C5,0.18490316570275592
DeepSeek-V4-Pro-0813,200000,64,collective injection bandwidth (B/s),optimistic,1024000000000.0,17.884205205604438,0.19392079140132173,0.47800645311274575,compute_C5,0.18490316570275592
DeepSeek-V4-Pro-0813,200000,64,collective floor (s/layer),pessimistic,1e-06,17.033617688154465,0.18469775897445748,0.4552711046624784,compute_C5,0.18490316570275592
DeepSeek-V4-Pro-0813,200000,64,collective floor (s/layer),optimistic,5e-08,17.053614827097036,0.18491459058452478,0.45580560695465583,compute_C5,0.18490316570275592
DeepSeek-V4-Pro-0813,200000,64,pipeline efficiency,pessimistic,0.65,12.048155917598303,0.1306397406877784,0.3220166723685599,compute_C5,0.18490316570275592
DeepSeek-V4-Pro-0813,200000,64,pipeline efficiency,optimistic,0.98,18.164634227248335,0.19696152019994015,0.485502059878752,compute_C5,0.18490316570275592
DeepSeek-V4-Pro-0813,200000,64,defect-repair efficiency,pessimistic,0.75,14.039849919427745,0.15223594094514273,0.37525147373328294,compute_C5,0.18490316570275592
DeepSeek-V4-Pro-0813,200000,64,defect-repair efficiency,optimistic,0.98,18.101748635856513,0.19627964345393745,0.48382118563140936,compute_C5,0.18490316570275592
DeepSeek-V4-Pro-0813,200000,64,load-balance efficiency,pessimistic,0.6,15.205572243710494,0.1648760215682536,0.40640961659592595,compute_C5,0.18490316570275592
DeepSeek-V4-Pro-0813,200000,64,load-balance efficiency,optimistic,0.96,17.641864231704332,0.1912930563184706,0.47152891288216103,compute_C5,0.18490316570275592
DeepSeek-V4-Pro-0813,200000,64,weight encoding: released vs uniform MXFP4,endpoint_a,892727580904,17.05256117561115,0.18490316570275592,0.45577744396780795,compute_C5,0.18490316570275592
DeepSeek-V4-Pro-0813,200000,64,weight encoding: released vs uniform MXFP4,endpoint_b,893851350300.0,17.05256117561115,0.1846863741907165,0.4547491022496704,compute_C5,0.18490316570275592
DeepSeek-V4-Pro-0813,200000,64,index-cache bytes: FP4 to BF16,endpoint_a,892727580904,17.05256117561115,0.18452212184784197,0.45469077164204774,compute_C5,0.18490316570275592
DeepSeek-V4-Pro-0813,200000,64,index-cache bytes: FP4 to BF16,endpoint_b,892727580904,17.05256117561115,0.18911706245121626,0.4677947614526866,compute_C5,0.18490316570275592
DeepSeek-V4-Pro-0813,200000,64,main-KV bytes: production to BF16,endpoint_a,892727580904,17.05256117561115,0.18490316570275592,0.45577744396780795,compute_C5,0.18490316570275592
DeepSeek-V4-Pro-0813,200000,64,main-KV bytes: production to BF16,endpoint_b,892727580904,17.05256117561115,0.185476804727721,0.4574133649920335,compute_C5,0.18490316570275592
DeepSeek-V4-Pro-0813,200000,64,GPU shared-KV reread amplification,ideal,1.0,17.05256117561115,0.18490316570275592,0.45577744396780795,compute_C5,0.18490316570275592
DeepSeek-V4-Pro-0813,200000,64,GPU shared-KV reread amplification,reread_stress,4.0,17.05256117561115,0.1917489170908855,0.47530036367004325,compute_C5,0.18490316570275592
DeepSeek-V4-Pro-0813,1000000,1,ROM array bandwidth (B/s/wafer),pessimistic,30000000000000.0,366.0328351315999,0.6037569268221565,0.8570119623427921,rom_full_array_read_C4,0.9837265704568586
DeepSeek-V4-Pro-0813,1000000,1,ROM array bandwidth (B/s/wafer),optimistic,2000000000000000.0,596.3927030599089,0.9837265704568586,1.3971710255776653,compute_C5,0.9837265704568586
DeepSeek-V4-Pro-0813,1000000,1,ROM DeepSeek MXFP4-weight x FP8-activation peak compute (op/s/wafer; all format roofs scale proportionally),pessimistic,250000000000000.0,304.0013703950763,0.5014384380938561,0.711663960677185,compute_C5,0.9837265704568586
DeepSeek-V4-Pro-0813,1000000,1,ROM DeepSeek MXFP4-weight x FP8-activation peak compute (op/s/wafer; all format roofs scale proportionally),optimistic,3e+16,1156.839746641491,1.9081621735024807,2.7139402712896503,rom_full_array_read_C4,0.9837265704568586
DeepSeek-V4-Pro-0813,1000000,1,ROM capacity (bytes/wafer),pessimistic,128000000000.0,558.3394099433935,0.9209591433236349,1.3292889345558268,compute_C5,0.9837265704568586
DeepSeek-V4-Pro-0813,1000000,1,ROM capacity (bytes/wafer),optimistic,192000000000.0,604.0185715961625,0.9963051440434139,1.3839899918415377,compute_C5,0.9837265704568586
DeepSeek-V4-Pro-0813,1000000,1,ROM HBM bandwidth (B/s/wafer),pessimistic,4000000000000.0,596.3927030599089,0.9837265704568586,1.3971710255776653,compute_C5,0.9837265704568586
DeepSeek-V4-Pro-0813,1000000,1,ROM HBM bandwidth (B/s/wafer),optimistic,16000000000000.0,596.3927030599089,0.9837265704568586,1.3971710255776653,compute_C5,0.9837265704568586
DeepSeek-V4-Pro-0813,1000000,1,ROM HBM capacity (bytes/wafer),pessimistic,192000000000.0,596.3927030599089,0.9837265704568586,1.3971710255776653,compute_C5,0.9837265704568586
DeepSeek-V4-Pro-0813,1000000,1,ROM HBM capacity (bytes/wafer),optimistic,768000000000.0,596.3927030599089,0.9837265704568586,1.3971710255776653,compute_C5,0.9837265704568586
DeepSeek-V4-Pro-0813,1000000,1,ROM shared-KV reread amplification,pessimistic,2.0,596.3927030599089,0.9837265704568586,1.3971710255776653,compute_C5,0.9837265704568586
DeepSeek-V4-Pro-0813,1000000,1,ROM shared-KV reread amplification,optimistic,1.0,596.3927030599089,0.9837265704568586,1.3971710255776653,compute_C5,0.9837265704568586
DeepSeek-V4-Pro-0813,1000000,1,collective injection bandwidth (B/s),pessimistic,128000000000.0,596.3927030599089,0.9837265704568586,1.3971710255776653,compute_C5,0.9837265704568586
DeepSeek-V4-Pro-0813,1000000,1,collective injection bandwidth (B/s),optimistic,1024000000000.0,613.5428621874252,1.0120150909815746,1.4374104778528665,compute_C5,0.9837265704568586
DeepSeek-V4-Pro-0813,1000000,1,collective floor (s/layer),pessimistic,1e-06,571.9231463023629,0.9433649881869928,1.3397640385013438,compute_C5,0.9837265704568586
DeepSeek-V4-Pro-0813,1000000,1,collective floor (s/layer),optimistic,5e-08,597.8136627587667,0.9860703882201259,1.4005048948299021,compute_C5,0.9837265704568586
DeepSeek-V4-Pro-0813,1000000,1,pipeline efficiency,pessimistic,0.65,421.54886721750563,0.6953284627732848,0.9871317028537852,compute_C5,0.9837265704568586
DeepSeek-V4-Pro-0813,1000000,1,pipeline efficiency,optimistic,0.98,635.2261112674759,1.0477807670947135,1.4882908750718609,compute_C5,0.9837265704568586
DeepSeek-V4-Pro-0813,1000000,1,defect-repair efficiency,pessimistic,0.75,489.6451217773859,0.8076505864603332,1.146786638812598,compute_C5,0.9837265704568586
DeepSeek-V4-Pro-0813,1000000,1,defect-repair efficiency,optimistic,0.98,633.7094987633485,1.045279173749016,1.4847319184337362,compute_C5,0.9837265704568586
DeepSeek-V4-Pro-0813,1000000,1,load-balance efficiency,pessimistic,0.6,555.8097974393096,0.9167866458727777,1.3019650363111428,compute_C5,0.9837265704568586
DeepSeek-V4-Pro-0813,1000000,1,load-balance efficiency,optimistic,0.96,608.6132612986139,1.0038839060237594,1.4258437916331264,compute_C5,0.9837265704568586
DeepSeek-V4-Pro-0813,1000000,1,weight encoding: released vs uniform MXFP4,endpoint_a,892727580904,596.3927030599089,0.9837265704568586,1.3971710255776653,compute_C5,0.9837265704568586
DeepSeek-V4-Pro-0813,1000000,1,weight encoding: released vs uniform MXFP4,endpoint_b,893851350300.0,596.3927030599089,0.8034437013474087,1.0321144679289622,compute_C5,0.9837265704568586
DeepSeek-V4-Pro-0813,1000000,1,index-cache bytes: FP4 to BF16,endpoint_a,892727580904,596.3927030599089,0.9826854380607771,1.3934696393731532,compute_C5,0.9837265704568586
DeepSeek-V4-Pro-0813,1000000,1,index-cache bytes: FP4 to BF16,endpoint_b,892727580904,596.3927030599089,0.9952402698958773,1.438104002427567,compute_C5,0.9837265704568586
DeepSeek-V4-Pro-0813,1000000,1,main-KV bytes: production to BF16,endpoint_a,892727580904,596.3927030599089,0.9837265704568586,1.3971710255776653,compute_C5,0.9837265704568586
DeepSeek-V4-Pro-0813,1000000,1,main-KV bytes: production to BF16,endpoint_b,892727580904,596.3927030599089,0.9847377554959138,1.4007659443102436,compute_C5,0.9837265704568586
DeepSeek-V4-Pro-0813,1000000,1,GPU shared-KV reread amplification,ideal,1.0,596.3927030599089,0.9837265704568586,1.3971710255776653,compute_C5,0.9837265704568586
DeepSeek-V4-Pro-0813,1000000,1,GPU shared-KV reread amplification,reread_stress,4.0,596.3927030599089,1.000229511056378,1.4558415240645513,compute_C5,0.9837265704568586
DeepSeek-V4-Pro-0813,1000000,8,ROM array bandwidth (B/s/wafer),pessimistic,30000000000000.0,74.95867950200939,0.21584188205392318,0.47166033025373955,compute_C5,0.21584188205392318
DeepSeek-V4-Pro-0813,1000000,8,ROM array bandwidth (B/s/wafer),optimistic,2000000000000000.0,74.95867950200939,0.21584188205392318,0.47166033025373955,compute_C5,0.21584188205392318
DeepSeek-V4-Pro-0813,1000000,8,ROM DeepSeek MXFP4-weight x FP8-activation peak compute (op/s/wafer; all format roofs scale proportionally),pessimistic,250000000000000.0,38.10630889341285,0.10972628499227896,0.23975313210325083,compute_C5,0.21584188205392318
DeepSeek-V4-Pro-0813,1000000,8,ROM DeepSeek MXFP4-weight x FP8-activation peak compute (op/s/wafer; all format roofs scale proportionally),optimistic,3e+16,338.61164706954986,0.9750248493493171,2.1320418311041465,rom_full_array_read_C4,0.21584188205392318
DeepSeek-V4-Pro-0813,1000000,8,ROM capacity (bytes/wafer),pessimistic,128000000000.0,70.15603418243396,0.20201276964824322,0.4485452689518506,compute_C5,0.21584188205392318
DeepSeek-V4-Pro-0813,1000000,8,ROM capacity (bytes/wafer),optimistic,192000000000.0,75.89744451143228,0.21854503541503295,0.467205092542973,compute_C5,0.21584188205392318
DeepSeek-V4-Pro-0813,1000000,8,ROM HBM bandwidth (B/s/wafer),pessimistic,4000000000000.0,74.95867950200939,0.21584188205392318,0.47166033025373955,compute_C5,0.21584188205392318
DeepSeek-V4-Pro-0813,1000000,8,ROM HBM bandwidth (B/s/wafer),optimistic,16000000000000.0,74.95867950200939,0.21584188205392318,0.47166033025373955,compute_C5,0.21584188205392318
DeepSeek-V4-Pro-0813,1000000,8,ROM HBM capacity (bytes/wafer),pessimistic,192000000000.0,74.95867950200939,0.21584188205392318,0.47166033025373955,compute_C5,0.21584188205392318
DeepSeek-V4-Pro-0813,1000000,8,ROM HBM capacity (bytes/wafer),optimistic,768000000000.0,74.95867950200939,0.21584188205392318,0.47166033025373955,compute_C5,0.21584188205392318
DeepSeek-V4-Pro-0813,1000000,8,ROM shared-KV reread amplification,pessimistic,2.0,74.95867950200939,0.21584188205392318,0.47166033025373955,compute_C5,0.21584188205392318
DeepSeek-V4-Pro-0813,1000000,8,ROM shared-KV reread amplification,optimistic,1.0,74.95867950200939,0.21584188205392318,0.47166033025373955,compute_C5,0.21584188205392318
DeepSeek-V4-Pro-0813,1000000,8,collective injection bandwidth (B/s),pessimistic,128000000000.0,74.95867950200939,0.21584188205392318,0.47166033025373955,compute_C5,0.21584188205392318
DeepSeek-V4-Pro-0813,1000000,8,collective injection bandwidth (B/s),optimistic,1024000000000.0,77.12641343096274,0.22208382460314985,0.48530293024794413,compute_C5,0.21584188205392318
DeepSeek-V4-Pro-0813,1000000,8,collective floor (s/layer),pessimistic,1e-06,74.55774741577738,0.21468740685981572,0.46913708656928216,compute_C5,0.21584188205392318
DeepSeek-V4-Pro-0813,1000000,8,collective floor (s/layer),optimistic,5e-08,74.98107997670851,0.21590638373204882,0.4718013065389621,compute_C5,0.21584188205392318
DeepSeek-V4-Pro-0813,1000000,8,pipeline efficiency,pessimistic,0.65,52.96284939494793,0.15250536920194285,0.3332382768097073,compute_C5,0.21584188205392318
DeepSeek-V4-Pro-0813,1000000,8,pipeline efficiency,optimistic,0.98,79.84631319112958,0.22991571661529087,0.5024207865746355,compute_C5,0.21584188205392318
DeepSeek-V4-Pro-0813,1000000,8,defect-repair efficiency,pessimistic,0.75,61.48145809482092,0.17703451708017118,0.38684496349820297,compute_C5,0.21584188205392318
DeepSeek-V4-Pro-0813,1000000,8,defect-repair efficiency,optimistic,0.98,79.67629858593916,0.22942616326930415,0.5013507823841719,compute_C5,0.21584188205392318
DeepSeek-V4-Pro-0813,1000000,8,load-balance efficiency,pessimistic,0.6,69.83183673652789,0.20107925017663134,0.4393952130242594,compute_C5,0.21584188205392318
DeepSeek-V4-Pro-0813,1000000,8,load-balance efficiency,optimistic,0.96,76.50325499767659,0.22028945349160098,0.4813810771279215,compute_C5,0.21584188205392318
DeepSeek-V4-Pro-0813,1000000,8,weight encoding: released vs uniform MXFP4,endpoint_a,892727580904,74.95867950200939,0.21584188205392318,0.47166033025373955,compute_C5,0.21584188205392318
DeepSeek-V4-Pro-0813,1000000,8,weight encoding: released vs uniform MXFP4,endpoint_b,893851350300.0,74.95867950200939,0.2050752799770537,0.44015888085365595,compute_C5,0.21584188205392318
DeepSeek-V4-Pro-0813,1000000,8,index-cache bytes: FP4 to BF16,endpoint_a,892727580904,74.95867950200939,0.21479502941207662,0.4686744521345097,compute_C5,0.21584188205392318
DeepSeek-V4-Pro-0813,1000000,8,index-cache bytes: FP4 to BF16,endpoint_b,892727580904,74.95867950200939,0.22741884068140236,0.5046806294546352,compute_C5,0.21584188205392318
DeepSeek-V4-Pro-0813,1000000,8,main-KV bytes: production to BF16,endpoint_a,892727580904,74.95867950200939,0.21584188205392318,0.47166033025373955,compute_C5,0.21584188205392318
DeepSeek-V4-Pro-0813,1000000,8,main-KV bytes: production to BF16,endpoint_b,892727580904,74.95867950200939,0.21685862280035903,0.47456032193008224,compute_C5,0.21584188205392318
DeepSeek-V4-Pro-0813,1000000,8,GPU shared-KV reread amplification,ideal,1.0,74.95867950200939,0.21584188205392318,0.47166033025373955,compute_C5,0.21584188205392318
DeepSeek-V4-Pro-0813,1000000,8,GPU shared-KV reread amplification,reread_stress,4.0,74.95867950200939,0.2324354939997862,0.5189893437629862,compute_C5,0.21584188205392318
DeepSeek-V4-Pro-0813,1000000,64,ROM array bandwidth (B/s/wafer),pessimistic,30000000000000.0,9.376274391811409,0.10594848097383232,0.26280884063811455,compute_C5,0.10594848097383232
DeepSeek-V4-Pro-0813,1000000,64,ROM array bandwidth (B/s/wafer),optimistic,2000000000000000.0,9.376274391811409,0.10594848097383232,0.26280884063811455,compute_C5,0.10594848097383232
DeepSeek-V4-Pro-0813,1000000,64,ROM DeepSeek MXFP4-weight x FP8-activation peak compute (op/s/wafer; all format roofs scale proportionally),pessimistic,250000000000000.0,4.764952224456069,0.05384222229405911,0.13355593925001175,compute_C5,0.10594848097383232
DeepSeek-V4-Pro-0813,1000000,64,ROM DeepSeek MXFP4-weight x FP8-activation peak compute (op/s/wafer; all format roofs scale proportionally),optimistic,3e+16,68.63188339373566,0.7755152513763738,1.923977200698561,rom_full_array_read_C4,0.10594848097383232
DeepSeek-V4-Pro-0813,1000000,64,ROM capacity (bytes/wafer),pessimistic,128000000000.0,0.0,nan,nan,capacity_C7_C8_C9,0.10594848097383232
DeepSeek-V4-Pro-0813,1000000,64,ROM capacity (bytes/wafer),optimistic,192000000000.0,9.493390733269596,0.1072718529184017,0.2603259964025578,compute_C5,0.10594848097383232
DeepSeek-V4-Pro-0813,1000000,64,ROM HBM bandwidth (B/s/wafer),pessimistic,4000000000000.0,9.376274391811409,0.10594848097383232,0.26280884063811455,compute_C5,0.10594848097383232
DeepSeek-V4-Pro-0813,1000000,64,ROM HBM bandwidth (B/s/wafer),optimistic,16000000000000.0,9.376274391811409,0.10594848097383232,0.26280884063811455,compute_C5,0.10594848097383232
DeepSeek-V4-Pro-0813,1000000,64,ROM HBM capacity (bytes/wafer),pessimistic,192000000000.0,0.0,nan,nan,capacity_C7_C8_C9,0.10594848097383232
DeepSeek-V4-Pro-0813,1000000,64,ROM HBM capacity (bytes/wafer),optimistic,768000000000.0,9.376274391811409,0.10594848097383232,0.26280884063811455,compute_C5,0.10594848097383232
DeepSeek-V4-Pro-0813,1000000,64,ROM shared-KV reread amplification,pessimistic,2.0,9.376274391811409,0.10594848097383232,0.26280884063811455,compute_C5,0.10594848097383232
DeepSeek-V4-Pro-0813,1000000,64,ROM shared-KV reread amplification,optimistic,1.0,9.376274391811409,0.10594848097383232,0.26280884063811455,compute_C5,0.10594848097383232
DeepSeek-V4-Pro-0813,1000000,64,collective injection bandwidth (B/s),pessimistic,128000000000.0,9.376274391811409,0.10594848097383232,0.26280884063811455,compute_C5,0.10594848097383232
DeepSeek-V4-Pro-0813,1000000,64,collective injection bandwidth (B/s),optimistic,1024000000000.0,9.647619099624725,0.10901457720905089,0.27041458094685517,compute_C5,0.10594848097383232
DeepSeek-V4-Pro-0813,1000000,64,collective floor (s/layer),pessimistic,1e-06,9.369971719954096,0.10587726308051405,0.2626321780729596,compute_C5,0.10594848097383232
DeepSeek-V4-Pro-0813,1000000,64,collective floor (s/layer),optimistic,5e-08,9.376624788867852,0.10595244033277561,0.2628186621939952,compute_C5,0.10594848097383232
DeepSeek-V4-Pro-0813,1000000,64,pipeline efficiency,pessimistic,0.65,6.624587262600275,0.07485541999112756,0.185680159146494,compute_C5,0.10594848097383232
DeepSeek-V4-Pro-0813,1000000,64,pipeline efficiency,optimistic,0.98,9.987755279114207,0.1128579919850333,0.27994854763625243,compute_C5,0.10594848097383232
DeepSeek-V4-Pro-0813,1000000,64,defect-repair efficiency,pessimistic,0.75,7.689513777142723,0.08688870121240515,0.21552949438250837,compute_C5,0.10594848097383232
DeepSeek-V4-Pro-0813,1000000,64,defect-repair efficiency,optimistic,0.98,9.966813148843594,0.11262135355085251,0.2793615423607899,compute_C5,0.10594848097383232
DeepSeek-V4-Pro-0813,1000000,64,load-balance efficiency,pessimistic,0.6,8.734568046463423,0.09869743331035263,0.24482197545999704,compute_C5,0.10594848097383232
DeepSeek-V4-Pro-0813,1000000,64,load-balance efficiency,optimistic,0.96,9.56961453673617,0.10813315409772559,0.26822812689813463,compute_C5,0.10594848097383232
DeepSeek-V4-Pro-0813,1000000,64,weight encoding: released vs uniform MXFP4,endpoint_a,892727580904,9.376274391811409,0.10594848097383232,0.26280884063811455,compute_C5,0.10594848097383232
DeepSeek-V4-Pro-0813,1000000,64,weight encoding: released vs uniform MXFP4,endpoint_b,893851350300.0,9.376274391811409,0.10582927913184718,0.26224342240111126,compute_C5,0.10594848097383232
DeepSeek-V4-Pro-0813,1000000,64,index-cache bytes: FP4 to BF16,endpoint_a,892727580904,9.376274391811409,0.10490090887859738,0.2598214003635955,compute_C5,0.10594848097383232
DeepSeek-V4-Pro-0813,1000000,64,index-cache bytes: FP4 to BF16,endpoint_b,892727580904,0.0,nan,nan,capacity_C7_C8_C9,0.10594848097383232
DeepSeek-V4-Pro-0813,1000000,64,main-KV bytes: production to BF16,endpoint_a,892727580904,9.376274391811409,0.10594848097383232,0.26280884063811455,compute_C5,0.10594848097383232
DeepSeek-V4-Pro-0813,1000000,64,main-KV bytes: production to BF16,endpoint_b,892727580904,0.0,nan,nan,capacity_C7_C8_C9,0.10594848097383232
DeepSeek-V4-Pro-0813,1000000,64,GPU shared-KV reread amplification,ideal,1.0,9.376274391811409,0.10594848097383232,0.26280884063811455,compute_C5,0.10594848097383232
DeepSeek-V4-Pro-0813,1000000,64,GPU shared-KV reread amplification,reread_stress,4.0,9.376274391811409,0.12255349694148748,0.3101626157973103,compute_C5,0.10594848097383232
Kimi-K3,200000,1,ROM array bandwidth (B/s/wafer),pessimistic,30000000000000.0,102.1440116832325,0.31497610326886266,0.8407446717467995,rom_full_array_read_C4,1.02612338174702
Kimi-K3,200000,1,ROM array bandwidth (B/s/wafer),optimistic,2000000000000000.0,555.2512975331241,1.7121991504928582,4.58064172931823,compute_C5,1.02612338174702
Kimi-K3,200000,1,ROM DeepSeek MXFP4-weight x FP8-activation peak compute (op/s/wafer; all format roofs scale proportionally),pessimistic,250000000000000.0,285.33370561862125,0.8798685037526414,2.3507284673577873,compute_C5,1.02612338174702
Kimi-K3,200000,1,ROM DeepSeek MXFP4-weight x FP8-activation peak compute (op/s/wafer; all format roofs scale proportionally),optimistic,3e+16,332.7628909172774,1.02612338174702,2.7421261428368267,rom_full_array_read_C4,1.02612338174702
Kimi-K3,200000,1,ROM capacity (bytes/wafer),pessimistic,128000000000.0,324.170918645,0.9996287698640571,2.7094303403060516,rom_full_array_read_C4,1.02612338174702
Kimi-K3,200000,1,ROM capacity (bytes/wafer),optimistic,192000000000.0,332.6489535847684,1.0257720392021252,2.702089468911307,rom_full_array_read_C4,1.02612338174702
Kimi-K3,200000,1,ROM HBM bandwidth (B/s/wafer),pessimistic,4000000000000.0,332.7628909172774,1.02612338174702,2.7421261428368267,rom_full_array_read_C4,1.02612338174702
Kimi-K3,200000,1,ROM HBM bandwidth (B/s/wafer),optimistic,16000000000000.0,332.7628909172774,1.02612338174702,2.7421261428368267,rom_full_array_read_C4,1.02612338174702
Kimi-K3,200000,1,ROM HBM capacity (bytes/wafer),pessimistic,192000000000.0,332.7628909172774,1.02612338174702,2.7421261428368267,rom_full_array_read_C4,1.02612338174702
Kimi-K3,200000,1,ROM HBM capacity (bytes/wafer),optimistic,768000000000.0,332.7628909172774,1.02612338174702,2.7421261428368267,rom_full_array_read_C4,1.02612338174702
Kimi-K3,200000,1,ROM shared-KV reread amplification,pessimistic,2.0,332.7628909172774,1.02612338174702,2.7421261428368267,rom_full_array_read_C4,1.02612338174702
Kimi-K3,200000,1,ROM shared-KV reread amplification,optimistic,1.0,332.7628909172774,1.02612338174702,2.7421261428368267,rom_full_array_read_C4,1.02612338174702
Kimi-K3,200000,1,collective injection bandwidth (B/s),pessimistic,128000000000.0,332.7628909172774,1.02612338174702,2.7421261428368267,rom_full_array_read_C4,1.02612338174702
Kimi-K3,200000,1,collective injection bandwidth (B/s),optimistic,1024000000000.0,340.7342592040086,1.0507042698411944,2.8079261500428263,rom_full_array_read_C4,1.02612338174702
Kimi-K3,200000,1,collective floor (s/layer),pessimistic,1e-06,321.25918401945574,0.9906500073209222,2.6471775539303133,rom_full_array_read_C4,1.02612338174702
Kimi-K3,200000,1,collective floor (s/layer),optimistic,5e-08,333.4261900978042,1.028168762457459,2.747601174452309,rom_full_array_read_C4,1.02612338174702
Kimi-K3,200000,1,pipeline efficiency,pessimistic,0.65,235.21907232305676,0.7253326513608551,1.9373717313521062,rom_full_array_read_C4,1.02612338174702
Kimi-K3,200000,1,pipeline efficiency,optimistic,0.98,354.4263599096626,1.0929258788691045,2.920960456500099,rom_full_array_read_C4,1.02612338174702
Kimi-K3,200000,1,defect-repair efficiency,pessimistic,0.75,272.90693272196955,0.8415487193747482,2.2482103160169067,rom_full_array_read_C4,1.02612338174702
Kimi-K3,200000,1,defect-repair efficiency,optimistic,0.98,353.7178754069213,1.0907411625629555,2.9151112253138907,rom_full_array_read_C4,1.02612338174702
Kimi-K3,200000,1,load-balance efficiency,pessimistic,0.6,332.7628909172774,1.02612338174702,2.7421261428368267,rom_full_array_read_C4,1.02612338174702
Kimi-K3,200000,1,load-balance efficiency,optimistic,0.96,332.7628909172774,1.02612338174702,2.7421261428368267,rom_full_array_read_C4,1.02612338174702
Kimi-K3,200000,1,weight encoding: released vs uniform MXFP4,endpoint_a,1560860324864,332.7628909172774,1.02612338174702,2.7421261428368267,rom_full_array_read_C4,1.02612338174702
Kimi-K3,200000,1,weight encoding: released vs uniform MXFP4,endpoint_b,1490743528191.9998,555.2512975331241,1.138782369986744,2.4154077921981476,compute_C5,1.02612338174702
Kimi-K3,200000,1,MLA cache: FP8 to BF16,endpoint_a,1560860324864,332.7628909172774,1.02612338174702,2.7421261428368267,rom_full_array_read_C4,1.02612338174702
Kimi-K3,200000,1,MLA cache: FP8 to BF16,endpoint_b,1560860324864,332.7628909172774,1.0387202852045243,2.789291392393527,rom_full_array_read_C4,1.02612338174702
Kimi-K3,200000,1,KDA recurrent-state traffic,endpoint_a,1560860324864,332.7628909172774,1.0240759752754258,2.734460255938312,rom_full_array_read_C4,1.02612338174702
Kimi-K3,200000,1,KDA recurrent-state traffic,endpoint_b,1560860324864,332.7628909172774,1.030218194690208,2.7574579166338564,rom_full_array_read_C4,1.02612338174702
Kimi-K3,200000,1,GPU shared-KV reread amplification,ideal,1.0,332.7628909172774,1.02612338174702,2.7421261428368267,rom_full_array_read_C4,1.02612338174702
Kimi-K3,200000,1,GPU shared-KV reread amplification,reread_stress,4.0,332.7628909172774,1.0700561225817082,2.906618844727266,rom_full_array_read_C4,1.02612338174702
Kimi-K3,200000,8,ROM array bandwidth (B/s/wafer),pessimistic,30000000000000.0,47.32250506036801,0.2939784129012691,0.9223795149158295,rom_full_array_read_C4,0.4347503602311027
Kimi-K3,200000,8,ROM array bandwidth (B/s/wafer),optimistic,2000000000000000.0,69.98294847228341,0.4347503602311027,1.3642167568061068,compute_C5,0.4347503602311027
Kimi-K3,200000,8,ROM DeepSeek MXFP4-weight x FP8-activation peak compute (op/s/wafer; all format roofs scale proportionally),pessimistic,250000000000000.0,35.81834960456435,0.2225119223096923,0.6981078278277764,compute_C5,0.4347503602311027
Kimi-K3,200000,8,ROM DeepSeek MXFP4-weight x FP8-activation peak compute (op/s/wafer; all format roofs scale proportionally),optimistic,3e+16,106.36810903124709,0.6607834440806755,2.073870464819022,kv_beachfront_C8,0.4347503602311027
Kimi-K3,200000,8,ROM capacity (bytes/wafer),pessimistic,128000000000.0,70.68931150129443,0.43913845173082133,1.3971756594866012,compute_C5,0.4347503602311027
Kimi-K3,200000,8,ROM capacity (bytes/wafer),optimistic,192000000000.0,69.98784642813368,0.43478078747254917,1.34520766828144,compute_C5,0.4347503602311027
Kimi-K3,200000,8,ROM HBM bandwidth (B/s/wafer),pessimistic,4000000000000.0,55.11801342712317,0.3424059248111685,1.074366383964767,kv_beachfront_C8,0.4347503602311027
Kimi-K3,200000,8,ROM HBM bandwidth (B/s/wafer),optimistic,16000000000000.0,69.98294847228341,0.4347503602311027,1.3642167568061068,compute_C5,0.4347503602311027
Kimi-K3,200000,8,ROM HBM capacity (bytes/wafer),pessimistic,192000000000.0,69.98294847228341,0.4347503602311027,1.3642167568061068,compute_C5,0.4347503602311027
Kimi-K3,200000,8,ROM HBM capacity (bytes/wafer),optimistic,768000000000.0,69.98294847228341,0.4347503602311027,1.3642167568061068,compute_C5,0.4347503602311027
Kimi-K3,200000,8,ROM shared-KV reread amplification,pessimistic,2.0,57.68090127880256,0.35832718050377216,1.124336887757514,kv_beachfront_C8,0.4347503602311027
Kimi-K3,200000,8,ROM shared-KV reread amplification,optimistic,1.0,69.98294847228341,0.4347503602311027,1.3642167568061068,compute_C5,0.4347503602311027
Kimi-K3,200000,8,collective injection bandwidth (B/s),pessimistic,128000000000.0,69.98294847228341,0.4347503602311027,1.3642167568061068,compute_C5,0.4347503602311027
Kimi-K3,200000,8,collective injection bandwidth (B/s),optimistic,1024000000000.0,72.85040180287604,0.4525636475480088,1.4201339963445019,compute_C5,0.4347503602311027
Kimi-K3,200000,8,collective floor (s/layer),pessimistic,1e-06,69.45986196344938,0.4315008251213082,1.3540163963431957,compute_C5,0.4347503602311027
Kimi-K3,200000,8,collective floor (s/layer),optimistic,5e-08,70.01223993574993,0.4349323256179828,1.3647879516396473,compute_C5,0.4347503602311027
Kimi-K3,200000,8,pipeline efficiency,pessimistic,0.65,49.449552555862695,0.3071921268856294,0.9638487955695322,compute_C5,0.4347503602311027
Kimi-K3,200000,8,pipeline efficiency,optimistic,0.98,74.54535264322378,0.46309307656609355,1.4531874148586792,compute_C5,0.4347503602311027
Kimi-K3,200000,8,defect-repair efficiency,pessimistic,0.75,57.54223849894854,0.35746577504989857,1.1216332450779838,compute_C5,0.4347503602311027
Kimi-K3,200000,8,defect-repair efficiency,optimistic,0.98,74.32325764274775,0.46171337074388574,1.4488562844759252,compute_C5,0.4347503602311027
Kimi-K3,200000,8,load-balance efficiency,pessimistic,0.6,61.56554122842711,0.38245946778709905,1.2000810039204863,compute_C5,0.4347503602311027
Kimi-K3,200000,8,load-balance efficiency,optimistic,0.96,72.71701693904821,0.45173502973660734,1.4175328675660848,compute_C5,0.4347503602311027
Kimi-K3,200000,8,weight encoding: released vs uniform MXFP4,endpoint_a,1560860324864,69.98294847228341,0.4347503602311027,1.3642167568061068,compute_C5,0.4347503602311027
Kimi-K3,200000,8,weight encoding: released vs uniform MXFP4,endpoint_b,1490743528191.9998,69.98294847228341,0.3639890615741273,1.097599227873758,compute_C5,0.4347503602311027
Kimi-K3,200000,8,MLA cache: FP8 to BF16,endpoint_a,1560860324864,69.98294847228341,0.4347503602311027,1.3642167568061068,compute_C5,0.4347503602311027
Kimi-K3,200000,8,MLA cache: FP8 to BF16,endpoint_b,1560860324864,60.493490309067006,0.3941197254590353,1.2476780247967811,kv_beachfront_C8,0.4347503602311027
Kimi-K3,200000,8,KDA recurrent-state traffic,endpoint_a,1560860324864,69.98294847228341,0.4313056602236369,1.3513360840391109,compute_C5,0.4347503602311027
Kimi-K3,200000,8,KDA recurrent-state traffic,endpoint_b,1560860324864,69.98294847228341,0.44163976024603424,1.3899781023400986,compute_C5,0.4347503602311027
Kimi-K3,200000,8,GPU shared-KV reread amplification,ideal,1.0,69.98294847228341,0.4347503602311027,1.3642167568061068,compute_C5,0.4347503602311027
Kimi-K3,200000,8,GPU shared-KV reread amplification,reread_stress,4.0,69.98294847228341,0.5086658795873635,1.640607041930233,compute_C5,0.4347503602311027
Kimi-K3,200000,32,ROM array bandwidth (B/s/wafer),pessimistic,30000000000000.0,17.51132220429499,0.26995991726247515,0.8863409514720825,compute_C5,0.26995991726247515
Kimi-K3,200000,32,ROM array bandwidth (B/s/wafer),optimistic,2000000000000000.0,17.51132220429499,0.26995991726247515,0.8863409514720825,compute_C5,0.26995991726247515
Kimi-K3,200000,32,ROM DeepSeek MXFP4-weight x FP8-activation peak compute (op/s/wafer; all format roofs scale proportionally),pessimistic,250000000000000.0,8.958668217564382,0.13810957862464932,0.45342635153935873,compute_C5,0.26995991726247515
Kimi-K3,200000,32,ROM DeepSeek MXFP4-weight x FP8-activation peak compute (op/s/wafer; all format roofs scale proportionally),optimistic,3e+16,26.628047680011036,0.41050615508598787,1.347848256559513,kv_beachfront_C8,0.26995991726247515
Kimi-K3,200000,32,ROM capacity (bytes/wafer),pessimistic,128000000000.0,17.68952396936516,0.2727071303622701,0.907754575821411,compute_C5,0.26995991726247515
Kimi-K3,200000,32,ROM capacity (bytes/wafer),optimistic,192000000000.0,17.51162885607021,0.26996464470035225,0.8739906167283457,compute_C5,0.26995991726247515
Kimi-K3,200000,32,ROM HBM bandwidth (B/s/wafer),pessimistic,4000000000000.0,13.789168976051466,0.21257806078059155,0.6979300325216554,kv_beachfront_C8,0.26995991726247515
Kimi-K3,200000,32,ROM HBM bandwidth (B/s/wafer),optimistic,16000000000000.0,17.51132220429499,0.26995991726247515,0.8863409514720825,compute_C5,0.26995991726247515
Kimi-K3,200000,32,ROM HBM capacity (bytes/wafer),pessimistic,192000000000.0,17.51132220429499,0.26995991726247515,0.8863409514720825,compute_C5,0.26995991726247515
Kimi-K3,200000,32,ROM HBM capacity (bytes/wafer),optimistic,768000000000.0,17.51132220429499,0.26995991726247515,0.8863409514720825,compute_C5,0.26995991726247515
Kimi-K3,200000,32,ROM shared-KV reread amplification,pessimistic,2.0,14.430811049694233,0.222469811905486,0.7304086821455082,kv_beachfront_C8,0.26995991726247515
Kimi-K3,200000,32,ROM shared-KV reread amplification,optimistic,1.0,17.51132220429499,0.26995991726247515,0.8863409514720825,compute_C5,0.26995991726247515
Kimi-K3,200000,32,collective injection bandwidth (B/s),pessimistic,128000000000.0,17.51132220429499,0.26995991726247515,0.8863409514720825,compute_C5,0.26995991726247515
Kimi-K3,200000,32,collective injection bandwidth (B/s),optimistic,1024000000000.0,18.22948947235254,0.2810314042697716,0.9226945218444902,compute_C5,0.26995991726247515
Kimi-K3,200000,32,collective floor (s/layer),pessimistic,1e-06,17.47838644775902,0.2694521695318528,0.8846737523399851,compute_C5,0.26995991726247515
Kimi-K3,200000,32,collective floor (s/layer),optimistic,5e-08,17.513155608434882,0.2699881815833608,0.886433757912369,compute_C5,0.26995991726247515
Kimi-K3,200000,32,pipeline efficiency,pessimistic,0.65,12.37244774019801,0.19073745142208262,0.62621915049658,compute_C5,0.26995991726247515
Kimi-K3,200000,32,pipeline efficiency,optimistic,0.98,18.65325844265594,0.2875643567691238,0.9441457961333055,compute_C5,0.26995991726247515
Kimi-K3,200000,32,defect-repair efficiency,pessimistic,0.75,14.396094501898435,0.2219346109502838,0.7286513939933484,compute_C5,0.26995991726247515
Kimi-K3,200000,32,defect-repair efficiency,optimistic,0.98,18.598393574175034,0.28671854311879363,0.9413685198433057,compute_C5,0.26995991726247515
Kimi-K3,200000,32,load-balance efficiency,pessimistic,0.6,15.4034454821691,0.23746424281448664,0.7796419061430042,compute_C5,0.26995991726247515
Kimi-K3,200000,32,load-balance efficiency,optimistic,0.96,18.196081438803198,0.280516375771771,0.9210034040349747,compute_C5,0.26995991726247515
Kimi-K3,200000,32,weight encoding: released vs uniform MXFP4,endpoint_a,1560860324864,17.51132220429499,0.26995991726247515,0.8863409514720825,compute_C5,0.26995991726247515
Kimi-K3,200000,32,weight encoding: released vs uniform MXFP4,endpoint_b,1490743528191.9998,17.51132220429499,0.253332160051489,0.8233950497489436,compute_C5,0.26995991726247515
Kimi-K3,200000,32,MLA cache: FP8 to BF16,endpoint_a,1560860324864,17.51132220429499,0.26995991726247515,0.8863409514720825,compute_C5,0.26995991726247515
Kimi-K3,200000,32,MLA cache: FP8 to BF16,endpoint_b,1560860324864,15.135016238691215,0.25166024750501825,0.8329096831118283,kv_beachfront_C8,0.26995991726247515
Kimi-K3,200000,32,KDA recurrent-state traffic,endpoint_a,1560860324864,17.51132220429499,0.2665121487391606,0.8734521873431952,compute_C5,0.26995991726247515
Kimi-K3,200000,32,KDA recurrent-state traffic,endpoint_b,1560860324864,17.51132220429499,0.2768554543091043,0.912118479729857,compute_C5,0.26995991726247515
Kimi-K3,200000,32,GPU shared-KV reread amplification,ideal,1.0,17.51132220429499,0.26995991726247515,0.8863409514720825,compute_C5,0.26995991726247515
Kimi-K3,200000,32,GPU shared-KV reread amplification,reread_stress,4.0,17.51132220429499,0.3439412800716124,1.1353682312261864,compute_C5,0.26995991726247515
Kimi-K3,200000,64,ROM array bandwidth (B/s/wafer),pessimistic,30000000000000.0,8.756961209278229,0.207981032786702,0.6866693391353964,compute_C5,0.207981032786702
Kimi-K3,200000,64,ROM array bandwidth (B/s/wafer),optimistic,2000000000000000.0,8.756961209278229,0.207981032786702,0.6866693391353964,compute_C5,0.207981032786702
Kimi-K3,200000,64,ROM DeepSeek MXFP4-weight x FP8-activation peak compute (op/s/wafer; all format roofs scale proportionally),pessimistic,250000000000000.0,4.479674357637718,0.10639390505263989,0.3512621752988428,compute_C5,0.207981032786702
Kimi-K3,200000,64,ROM DeepSeek MXFP4-weight x FP8-activation peak compute (op/s/wafer; all format roofs scale proportionally),optimistic,3e+16,13.317030286566307,0.3162843418464949,1.0442669182676263,kv_beachfront_C8,0.207981032786702
Kimi-K3,200000,64,ROM capacity (bytes/wafer),pessimistic,128000000000.0,8.846196619572911,0.21010040643135958,0.7032589813673452,compute_C5,0.207981032786702
Kimi-K3,200000,64,ROM capacity (bytes/wafer),optimistic,192000000000.0,8.757037894319378,0.2079828540844874,0.6771012421378497,compute_C5,0.207981032786702
Kimi-K3,200000,64,ROM HBM bandwidth (B/s/wafer),pessimistic,4000000000000.0,6.89539061553612,0.1637680500591298,0.540690900765433,kv_beachfront_C8,0.207981032786702
Kimi-K3,200000,64,ROM HBM bandwidth (B/s/wafer),optimistic,16000000000000.0,8.756961209278229,0.207981032786702,0.6866693391353964,compute_C5,0.207981032786702
Kimi-K3,200000,64,ROM HBM capacity (bytes/wafer),pessimistic,192000000000.0,0.0,nan,nan,capacity_C7_C8_C9,0.207981032786702
Kimi-K3,200000,64,ROM HBM capacity (bytes/wafer),optimistic,768000000000.0,8.756961209278229,0.207981032786702,0.6866693391353964,compute_C5,0.207981032786702
Kimi-K3,200000,64,ROM shared-KV reread amplification,pessimistic,2.0,7.216288424606831,0.1713894904371919,0.5658544913009278,kv_beachfront_C8,0.207981032786702
Kimi-K3,200000,64,ROM shared-KV reread amplification,optimistic,1.0,8.756961209278229,0.207981032786702,0.6866693391353964,compute_C5,0.207981032786702
Kimi-K3,200000,64,collective injection bandwidth (B/s),pessimistic,128000000000.0,8.756961209278229,0.207981032786702,0.6866693391353964,compute_C5,0.207981032786702
Kimi-K3,200000,64,collective injection bandwidth (B/s),optimistic,1024000000000.0,9.116153677539797,0.21651198533210023,0.7148363815324361,compute_C5,0.207981032786702
Kimi-K3,200000,64,collective floor (s/layer),pessimistic,1e-06,8.748717072943629,0.20778523153232534,0.6860228542239749,compute_C5,0.207981032786702
Kimi-K3,200000,64,collective floor (s/layer),optimistic,5e-08,8.757419672445629,0.20799192145467388,0.6867052906918766,compute_C5,0.207981032786702
Kimi-K3,200000,64,pipeline efficiency,pessimistic,0.65,6.187062966147696,0.14694500921762269,0.4851468156934866,compute_C5,0.207981032786702
Kimi-K3,200000,64,pipeline efficiency,optimistic,0.98,9.328040738592819,0.22154438055902606,0.7314521221224877,compute_C5,0.207981032786702
Kimi-K3,200000,64,defect-repair efficiency,pessimistic,0.75,7.198925907533871,0.1709771243039738,0.5644929864198055,compute_C5,0.207981032786702
Kimi-K3,200000,64,defect-repair efficiency,optimistic,0.98,9.300663334585495,0.22089415719679065,0.7293052413245902,compute_C5,0.207981032786702
Kimi-K3,200000,64,load-balance efficiency,pessimistic,0.6,7.702728674538223,0.18294262435567493,0.6039994469117238,compute_C5,0.207981032786702
Kimi-K3,200000,64,load-balance efficiency,optimistic,0.96,9.099444500943836,0.21611513627426024,0.7135260843152974,compute_C5,0.207981032786702
Kimi-K3,200000,64,weight encoding: released vs uniform MXFP4,endpoint_a,1560860324864,8.756961209278229,0.207981032786702,0.6866693391353964,compute_C5,0.207981032786702
Kimi-K3,200000,64,weight encoding: released vs uniform MXFP4,endpoint_b,1490743528191.9998,8.756961209278229,0.2001027533560676,0.6567120216860983,compute_C5,0.207981032786702
Kimi-K3,200000,64,MLA cache: FP8 to BF16,endpoint_a,1560860324864,8.756961209278229,0.207981032786702,0.6866693391353964,compute_C5,0.207981032786702
Kimi-K3,200000,64,MLA cache: FP8 to BF16,endpoint_b,1560860324864,0.0,nan,nan,capacity_C7_C8_C9,0.207981032786702
Kimi-K3,200000,64,KDA recurrent-state traffic,endpoint_a,1560860324864,8.756961209278229,0.20453275231250337,0.6737792254577646,compute_C5,0.207981032786702
Kimi-K3,200000,64,KDA recurrent-state traffic,endpoint_b,1560860324864,8.756961209278229,0.2148775937350993,0.7118332648466436,compute_C5,0.207981032786702
Kimi-K3,200000,64,GPU shared-KV reread amplification,ideal,1.0,8.756961209278229,0.207981032786702,0.6866693391353964,compute_C5,0.207981032786702
Kimi-K3,200000,64,GPU shared-KV reread amplification,reread_stress,4.0,8.756961209278229,0.28197338091107776,0.9301093820315682,compute_C5,0.207981032786702
Kimi-K3,1000000,1,ROM array bandwidth (B/s/wafer),pessimistic,30000000000000.0,102.1440116832325,0.3304428738204701,0.8985884497820591,rom_full_array_read_C4,0.6803968952088132
Kimi-K3,1000000,1,ROM array bandwidth (B/s/wafer),optimistic,2000000000000000.0,210.3191623106471,0.6803968952088132,1.8512362577154862,kv_beachfront_C8,0.6803968952088132
Kimi-K3,1000000,1,ROM DeepSeek MXFP4-weight x FP8-activation peak compute (op/s/wafer; all format roofs scale proportionally),pessimistic,250000000000000.0,210.3191623106471,0.6803968952088132,1.8512362577154862,kv_beachfront_C8,0.6803968952088132
Kimi-K3,1000000,1,ROM DeepSeek MXFP4-weight x FP8-activation peak compute (op/s/wafer; all format roofs scale proportionally),optimistic,3e+16,210.3191623106471,0.6803968952088132,1.8512362577154862,kv_beachfront_C8,0.6803968952088132
Kimi-K3,1000000,1,ROM capacity (bytes/wafer),pessimistic,128000000000.0,168.3517429081828,0.5446294190185693,1.5023727364637547,kv_beachfront_C8,0.6803968952088132
Kimi-K3,1000000,1,ROM capacity (bytes/wafer),optimistic,192000000000.0,194.1900008878306,0.6282179532910203,1.6849862209333926,kv_beachfront_C8,0.6803968952088132
Kimi-K3,1000000,1,ROM HBM bandwidth (B/s/wafer),pessimistic,4000000000000.0,106.2467493673613,0.3437155112324351,0.9347005248863592,kv_beachfront_C8,0.6803968952088132
Kimi-K3,1000000,1,ROM HBM bandwidth (B/s/wafer),optimistic,16000000000000.0,332.7628909172774,1.076510743640228,2.9307861977633536,rom_full_array_read_C4,0.6803968952088132
Kimi-K3,1000000,1,ROM HBM capacity (bytes/wafer),pessimistic,192000000000.0,210.3191623106471,0.6803968952088132,1.8512362577154862,kv_beachfront_C8,0.6803968952088132
Kimi-K3,1000000,1,ROM HBM capacity (bytes/wafer),optimistic,768000000000.0,210.3191623106471,0.6803968952088132,1.8512362577154862,kv_beachfront_C8,0.6803968952088132
Kimi-K3,1000000,1,ROM shared-KV reread amplification,pessimistic,2.0,107.39654320313078,0.3474351730425762,0.9448212139476334,kv_beachfront_C8,0.6803968952088132
Kimi-K3,1000000,1,ROM shared-KV reread amplification,optimistic,1.0,210.3191623106471,0.6803968952088132,1.8512362577154862,kv_beachfront_C8,0.6803968952088132
Kimi-K3,1000000,1,collective injection bandwidth (B/s),pessimistic,128000000000.0,210.3191623106471,0.6803968952088132,1.8512362577154862,kv_beachfront_C8,0.6803968952088132
Kimi-K3,1000000,1,collective injection bandwidth (B/s),optimistic,1024000000000.0,213.47568889218772,0.6906084748962223,1.8790497971823648,kv_beachfront_C8,0.6803968952088132
Kimi-K3,1000000,1,collective floor (s/layer),pessimistic,1e-06,205.66452760932427,0.6653388331458162,1.8102238343499302,kv_beachfront_C8,0.6803968952088132
Kimi-K3,1000000,1,collective floor (s/layer),optimistic,5e-08,210.58393851335703,0.6812534643595733,1.8535692831413746,kv_beachfront_C8,0.6803968952088132
Kimi-K3,1000000,1,pipeline efficiency,pessimistic,0.65,148.64093396900992,0.4808636020719485,1.3079386603424628,kv_beachfront_C8,0.6803968952088132
Kimi-K3,1000000,1,pipeline efficiency,optimistic,0.98,224.02026558484198,0.7247209027137897,1.9719690571317128,kv_beachfront_C8,0.6803968952088132
Kimi-K3,1000000,1,defect-repair efficiency,pessimistic,0.75,172.10667232839424,0.5567768728747544,1.5145989630769596,kv_beachfront_C8,0.6803968952088132
Kimi-K3,1000000,1,defect-repair efficiency,optimistic,0.98,223.73701391545535,0.7238045641629128,1.969472903123366,kv_beachfront_C8,0.6803968952088132
Kimi-K3,1000000,1,load-balance efficiency,pessimistic,0.6,210.3191623106471,0.6803968952088132,1.8512362577154862,kv_beachfront_C8,0.6803968952088132
Kimi-K3,1000000,1,load-balance efficiency,optimistic,0.96,210.3191623106471,0.6803968952088132,1.8512362577154862,kv_beachfront_C8,0.6803968952088132
Kimi-K3,1000000,1,weight encoding: released vs uniform MXFP4,endpoint_a,1560860324864,210.3191623106471,0.6803968952088132,1.8512362577154862,kv_beachfront_C8,0.6803968952088132
Kimi-K3,1000000,1,weight encoding: released vs uniform MXFP4,endpoint_b,1490743528191.9998,210.3191623106471,0.46319697606099786,1.032500723830027,kv_beachfront_C8,0.6803968952088132
Kimi-K3,1000000,1,MLA cache: FP8 to BF16,endpoint_a,1560860324864,210.3191623106471,0.6803968952088132,1.8512362577154862,kv_beachfront_C8,0.6803968952088132
Kimi-K3,1000000,1,MLA cache: FP8 to BF16,endpoint_b,1560860324864,108.57139020431565,0.3717859191449947,1.032019567292814,kv_beachfront_C8,0.6803968952088132
Kimi-K3,1000000,1,KDA recurrent-state traffic,endpoint_a,1560860324864,214.8727639023273,0.6938060501059177,1.8864131970118105,kv_beachfront_C8,0.6803968952088132
Kimi-K3,1000000,1,KDA recurrent-state traffic,endpoint_b,1560860324864,201.7674182888952,0.6552142660482881,1.7851776791718756,kv_beachfront_C8,0.6803968952088132
Kimi-K3,1000000,1,GPU shared-KV reread amplification,ideal,1.0,210.3191623106471,0.6803968952088132,1.8512362577154862,kv_beachfront_C8,0.6803968952088132
Kimi-K3,1000000,1,GPU shared-KV reread amplification,reread_stress,4.0,210.3191623106471,0.80370445624882,2.312640729010221,kv_beachfront_C8,0.6803968952088132
Kimi-K3,1000000,8,ROM array bandwidth (B/s/wafer),pessimistic,30000000000000.0,26.372189608052576,0.19577665073522482,0.6334062498652904,kv_beachfront_C8,0.19577665073522482
Kimi-K3,1000000,8,ROM array bandwidth (B/s/wafer),optimistic,2000000000000000.0,26.372189608052576,0.19577665073522482,0.6334062498652904,kv_beachfront_C8,0.19577665073522482
Kimi-K3,1000000,8,ROM DeepSeek MXFP4-weight x FP8-activation peak compute (op/s/wafer; all format roofs scale proportionally),pessimistic,250000000000000.0,26.372189608052576,0.19577665073522482,0.6334062498652904,kv_beachfront_C8,0.19577665073522482
Kimi-K3,1000000,8,ROM DeepSeek MXFP4-weight x FP8-activation peak compute (op/s/wafer; all format roofs scale proportionally),optimistic,3e+16,26.372189608052576,0.19577665073522482,0.6334062498652904,kv_beachfront_C8,0.19577665073522482
Kimi-K3,1000000,8,ROM capacity (bytes/wafer),pessimistic,128000000000.0,21.10096152596445,0.15664514916064315,0.5138060489959503,kv_beachfront_C8,0.19577665073522482
Kimi-K3,1000000,8,ROM capacity (bytes/wafer),optimistic,192000000000.0,24.339741779856933,0.180688566108504,0.5764253741174719,kv_beachfront_C8,0.19577665073522482
Kimi-K3,1000000,8,ROM HBM bandwidth (B/s/wafer),pessimistic,4000000000000.0,13.301812360618792,0.09874736650138413,0.3194615446506008,kv_beachfront_C8,0.19577665073522482
Kimi-K3,1000000,8,ROM HBM bandwidth (B/s/wafer),optimistic,16000000000000.0,51.84238570734966,0.3848572602712334,1.2453070658351426,kv_beachfront_C8,0.19577665073522482
Kimi-K3,1000000,8,ROM HBM capacity (bytes/wafer),pessimistic,192000000000.0,26.372189608052576,0.19577665073522482,0.6334062498652904,kv_beachfront_C8,0.19577665073522482
Kimi-K3,1000000,8,ROM HBM capacity (bytes/wafer),optimistic,768000000000.0,26.372189608052576,0.19577665073522482,0.6334062498652904,kv_beachfront_C8,0.19577665073522482
Kimi-K3,1000000,8,ROM shared-KV reread amplification,pessimistic,2.0,13.445993254868137,0.09981770813761776,0.32292448238980015,kv_beachfront_C8,0.19577665073522482
Kimi-K3,1000000,8,ROM shared-KV reread amplification,optimistic,1.0,26.372189608052576,0.19577665073522482,0.6334062498652904,kv_beachfront_C8,0.19577665073522482
Kimi-K3,1000000,8,collective injection bandwidth (B/s),pessimistic,128000000000.0,26.372189608052576,0.19577665073522482,0.6334062498652904,kv_beachfront_C8,0.19577665073522482
Kimi-K3,1000000,8,collective injection bandwidth (B/s),optimistic,1024000000000.0,26.769248141243317,0.1987242554252119,0.642944063257855,kv_beachfront_C8,0.19577665073522482
Kimi-K3,1000000,8,collective floor (s/layer),pessimistic,1e-06,26.29756036829396,0.19522263292995332,0.6316135718997279,kv_beachfront_C8,0.19577665073522482
Kimi-K3,1000000,8,collective floor (s/layer),optimistic,5e-08,26.376348098588156,0.1958075217156504,0.6335061415071507,kv_beachfront_C8,0.19577665073522482
Kimi-K3,1000000,8,pipeline efficiency,pessimistic,0.65,18.633246341920277,0.1383258127353844,0.4475152852309117,kv_beachfront_C8,0.19577665073522482
Kimi-K3,1000000,8,pipeline efficiency,optimistic,0.98,28.091873437638803,0.20854289978331736,0.6747153531173746,kv_beachfront_C8,0.19577665073522482
Kimi-K3,1000000,8,defect-repair efficiency,pessimistic,0.75,21.568409821321083,0.16011529945976236,0.518016805292334,kv_beachfront_C8,0.19577665073522482
Kimi-K3,1000000,8,defect-repair efficiency,optimistic,0.98,28.060274964515976,0.20830832528160648,0.6739563091668205,kv_beachfront_C8,0.19577665073522482
Kimi-K3,1000000,8,load-balance efficiency,pessimistic,0.6,26.372189608052576,0.19577665073522482,0.6334062498652904,kv_beachfront_C8,0.19577665073522482
Kimi-K3,1000000,8,load-balance efficiency,optimistic,0.96,26.372189608052576,0.19577665073522482,0.6334062498652904,kv_beachfront_C8,0.19577665073522482
Kimi-K3,1000000,8,weight encoding: released vs uniform MXFP4,endpoint_a,1560860324864,26.372189608052576,0.19577665073522482,0.6334062498652904,kv_beachfront_C8,0.19577665073522482
Kimi-K3,1000000,8,weight encoding: released vs uniform MXFP4,endpoint_b,1490743528191.9998,26.372189608052576,0.16911114969774185,0.532956714970519,kv_beachfront_C8,0.19577665073522482
Kimi-K3,1000000,8,MLA cache: FP8 to BF16,endpoint_a,1560860324864,26.372189608052576,0.19577665073522482,0.6334062498652904,kv_beachfront_C8,0.19577665073522482
Kimi-K3,1000000,8,MLA cache: FP8 to BF16,endpoint_b,1560860324864,13.593320834624171,0.12149460192872888,0.39935694760409873,kv_beachfront_C8,0.19577665073522482
Kimi-K3,1000000,8,KDA recurrent-state traffic,endpoint_a,1560860324864,26.944997699378906,0.19870266385715307,0.6422075073700798,kv_beachfront_C8,0.19577665073522482
Kimi-K3,1000000,8,KDA recurrent-state traffic,endpoint_b,1560860324864,25.296655719265082,0.19028261823232528,0.6168806930036286,kv_beachfront_C8,0.19577665073522482
Kimi-K3,1000000,8,GPU shared-KV reread amplification,ideal,1.0,26.372189608052576,0.19577665073522482,0.6334062498652904,kv_beachfront_C8,0.19577665073522482
Kimi-K3,1000000,8,GPU shared-KV reread amplification,reread_stress,4.0,26.372189608052576,0.31947019702466645,1.0473492083172073,kv_beachfront_C8,0.19577665073522482
Kimi-K3,1000000,64,ROM array bandwidth (B/s/wafer),pessimistic,30000000000000.0,0.0,nan,nan,capacity_C7_C8_C9,nan
Kimi-K3,1000000,64,ROM array bandwidth (B/s/wafer),optimistic,2000000000000000.0,0.0,nan,nan,capacity_C7_C8_C9,nan
Kimi-K3,1000000,64,ROM DeepSeek MXFP4-weight x FP8-activation peak compute (op/s/wafer; all format roofs scale proportionally),pessimistic,250000000000000.0,0.0,nan,nan,capacity_C7_C8_C9,nan
Kimi-K3,1000000,64,ROM DeepSeek MXFP4-weight x FP8-activation peak compute (op/s/wafer; all format roofs scale proportionally),optimistic,3e+16,0.0,nan,nan,capacity_C7_C8_C9,nan
Kimi-K3,1000000,64,ROM capacity (bytes/wafer),pessimistic,128000000000.0,0.0,nan,nan,capacity_C7_C8_C9,nan
Kimi-K3,1000000,64,ROM capacity (bytes/wafer),optimistic,192000000000.0,0.0,nan,nan,capacity_C7_C8_C9,nan
Kimi-K3,1000000,64,ROM HBM bandwidth (B/s/wafer),pessimistic,4000000000000.0,0.0,nan,nan,capacity_C7_C8_C9,nan
Kimi-K3,1000000,64,ROM HBM bandwidth (B/s/wafer),optimistic,16000000000000.0,0.0,nan,nan,capacity_C7_C8_C9,nan
Kimi-K3,1000000,64,ROM HBM capacity (bytes/wafer),pessimistic,192000000000.0,0.0,nan,nan,capacity_C7_C8_C9,nan
Kimi-K3,1000000,64,ROM HBM capacity (bytes/wafer),optimistic,768000000000.0,0.0,nan,nan,capacity_C7_C8_C9,nan
Kimi-K3,1000000,64,ROM shared-KV reread amplification,pessimistic,2.0,0.0,nan,nan,capacity_C7_C8_C9,nan
Kimi-K3,1000000,64,ROM shared-KV reread amplification,optimistic,1.0,0.0,nan,nan,capacity_C7_C8_C9,nan
Kimi-K3,1000000,64,collective injection bandwidth (B/s),pessimistic,128000000000.0,0.0,nan,nan,capacity_C7_C8_C9,nan
Kimi-K3,1000000,64,collective injection bandwidth (B/s),optimistic,1024000000000.0,0.0,nan,nan,capacity_C7_C8_C9,nan
Kimi-K3,1000000,64,collective floor (s/layer),pessimistic,1e-06,0.0,nan,nan,capacity_C7_C8_C9,nan
Kimi-K3,1000000,64,collective floor (s/layer),optimistic,5e-08,0.0,nan,nan,capacity_C7_C8_C9,nan
Kimi-K3,1000000,64,pipeline efficiency,pessimistic,0.65,0.0,nan,nan,capacity_C7_C8_C9,nan
Kimi-K3,1000000,64,pipeline efficiency,optimistic,0.98,0.0,nan,nan,capacity_C7_C8_C9,nan
Kimi-K3,1000000,64,defect-repair efficiency,pessimistic,0.75,0.0,nan,nan,capacity_C7_C8_C9,nan
Kimi-K3,1000000,64,defect-repair efficiency,optimistic,0.98,0.0,nan,nan,capacity_C7_C8_C9,nan
Kimi-K3,1000000,64,load-balance efficiency,pessimistic,0.6,0.0,nan,nan,capacity_C7_C8_C9,nan
Kimi-K3,1000000,64,load-balance efficiency,optimistic,0.96,0.0,nan,nan,capacity_C7_C8_C9,nan
Kimi-K3,1000000,64,weight encoding: released vs uniform MXFP4,endpoint_a,1560860324864,0.0,nan,nan,capacity_C7_C8_C9,nan
Kimi-K3,1000000,64,weight encoding: released vs uniform MXFP4,endpoint_b,1490743528191.9998,0.0,nan,nan,capacity_C7_C8_C9,nan
Kimi-K3,1000000,64,MLA cache: FP8 to BF16,endpoint_a,1560860324864,0.0,nan,nan,capacity_C7_C8_C9,nan
Kimi-K3,1000000,64,MLA cache: FP8 to BF16,endpoint_b,1560860324864,0.0,nan,nan,capacity_C7_C8_C9,nan
Kimi-K3,1000000,64,KDA recurrent-state traffic,endpoint_a,1560860324864,0.0,nan,nan,capacity_C7_C8_C9,nan
Kimi-K3,1000000,64,KDA recurrent-state traffic,endpoint_b,1560860324864,0.0,nan,nan,capacity_C7_C8_C9,nan
Kimi-K3,1000000,64,GPU shared-KV reread amplification,ideal,1.0,0.0,nan,nan,capacity_C7_C8_C9,nan
Kimi-K3,1000000,64,GPU shared-KV reread amplification,reread_stress,4.0,0.0,nan,nan,capacity_C7_C8_C9,nan
Qwen3-8B,8192,1,ROM array bandwidth (B/s/wafer),pessimistic,30000000000000.0,1033.8332795458637,0.5874765107971207,0.3965962693097307,rom_full_array_read_C4,1.8636510536609587
Qwen3-8B,8192,1,ROM array bandwidth (B/s/wafer),optimistic,2000000000000000.0,3286.7991919249303,1.867726024268687,1.2608728344093092,kv_beachfront_C8,1.8636510536609587
Qwen3-8B,8192,1,ROM DeepSeek MXFP4-weight x FP8-activation peak compute (op/s/wafer; all format roofs scale proportionally),pessimistic,250000000000000.0,3225.037884339164,1.832630116446207,1.2371801320550524,compute_C5,1.8636510536609587
Qwen3-8B,8192,1,ROM DeepSeek MXFP4-weight x FP8-activation peak compute (op/s/wafer; all format roofs scale proportionally),optimistic,3e+16,3279.6281133370826,1.8636510536609587,1.2581218850336842,rom_full_array_read_C4,1.8636510536609587
Qwen3-8B,8192,1,ROM capacity (bytes/wafer),pessimistic,128000000000.0,3279.6281133370826,1.8636510536609587,1.2581218850336842,rom_full_array_read_C4,1.8636510536609587
Qwen3-8B,8192,1,ROM capacity (bytes/wafer),optimistic,192000000000.0,3279.6281133370826,1.8636510536609587,1.2581218850336842,rom_full_array_read_C4,1.8636510536609587
Qwen3-8B,8192,1,ROM HBM bandwidth (B/s/wafer),pessimistic,4000000000000.0,1702.2688950468253,0.9673155340287287,0.6530196952395733,kv_beachfront_C8,1.8636510536609587
Qwen3-8B,8192,1,ROM HBM bandwidth (B/s/wafer),optimistic,16000000000000.0,3279.6281133370826,1.8636510536609587,1.2581218850336842,rom_full_array_read_C4,1.8636510536609587
Qwen3-8B,8192,1,ROM HBM capacity (bytes/wafer),pessimistic,192000000000.0,3279.6281133370826,1.8636510536609587,1.2581218850336842,rom_full_array_read_C4,1.8636510536609587
Qwen3-8B,8192,1,ROM HBM capacity (bytes/wafer),optimistic,768000000000.0,3279.6281133370826,1.8636510536609587,1.2581218850336842,rom_full_array_read_C4,1.8636510536609587
Qwen3-8B,8192,1,ROM shared-KV reread amplification,pessimistic,2.0,1702.3690651543493,0.9673724557649687,0.6530581222197512,kv_beachfront_C8,1.8636510536609587
Qwen3-8B,8192,1,ROM shared-KV reread amplification,optimistic,1.0,3279.6281133370826,1.8636510536609587,1.2581218850336842,rom_full_array_read_C4,1.8636510536609587
Qwen3-8B,8192,1,collective injection bandwidth (B/s),pessimistic,128000000000.0,3279.6281133370826,1.8636510536609587,1.2581218850336842,rom_full_array_read_C4,1.8636510536609587
Qwen3-8B,8192,1,collective injection bandwidth (B/s),optimistic,1024000000000.0,3444.6658030654075,1.9574338405279132,1.3214331880616759,rom_full_array_read_C4,1.8636510536609587
Qwen3-8B,8192,1,collective floor (s/layer),pessimistic,1e-06,2906.612956392046,1.6516849202310386,1.1150268400517989,rom_full_array_read_C4,1.8636510536609587
Qwen3-8B,8192,1,collective floor (s/layer),optimistic,5e-08,3303.1785420542415,1.877033601857328,1.2671562354987542,rom_full_array_read_C4,1.8636510536609587
Qwen3-8B,8192,1,pipeline efficiency,pessimistic,0.65,2317.1285583359827,1.3167099835648082,0.8888904622520596,rom_full_array_read_C4,1.8636510536609587
Qwen3-8B,8192,1,pipeline efficiency,optimistic,0.98,3493.516903337327,1.9851935136823258,1.3401733123184898,rom_full_array_read_C4,1.8636510536609587
Qwen3-8B,8192,1,defect-repair efficiency,pessimistic,0.75,2708.1461358726087,1.5389060055505455,1.0388915461344388,rom_full_array_read_C4,1.8636510536609587
Qwen3-8B,8192,1,defect-repair efficiency,optimistic,0.98,3477.8631660730293,1.9762982661304147,1.334168268833623,rom_full_array_read_C4,1.8636510536609587
Qwen3-8B,8192,1,load-balance efficiency,pessimistic,0.6,3279.6281133370826,1.8636510536609587,1.2581218850336842,rom_full_array_read_C4,1.8636510536609587
Qwen3-8B,8192,1,load-balance efficiency,optimistic,0.96,3279.6281133370826,1.8636510536609587,1.2581218850336842,rom_full_array_read_C4,1.8636510536609587
Qwen3-8B,8192,1,weight encoding: released vs uniform MXFP4,endpoint_a,16381470720,3279.6281133370826,1.8636510536609587,1.2581218850336842,rom_full_array_read_C4,1.8636510536609587
Qwen3-8B,8192,1,weight encoding: released vs uniform MXFP4,endpoint_b,4351328160.0,3286.7991919249303,1.0381473160444838,0.4082075817940196,kv_beachfront_C8,1.8636510536609587
Qwen3-8B,8192,1,Qwen GQA cache precision: assumed FP8 to BF16 baseline,endpoint_a,16381470720,3279.6281133370826,1.836526473266658,1.2083323795235703,rom_full_array_read_C4,1.8636510536609587
Qwen3-8B,8192,1,Qwen GQA cache precision: assumed FP8 to BF16 baseline,endpoint_b,16381470720,3279.6281133370826,1.8636510536609587,1.2581218850336842,rom_full_array_read_C4,1.8636510536609587
Qwen3-8B,8192,1,GPU shared-KV reread amplification,ideal,1.0,3279.6281133370826,1.8636510536609587,1.2581218850336842,rom_full_array_read_C4,1.8636510536609587
Qwen3-8B,8192,1,GPU shared-KV reread amplification,reread_stress,4.0,3279.6281133370826,2.0263786718155647,1.556822455622373,rom_full_array_read_C4,1.8636510536609587
Qwen3-8B,8192,8,ROM array bandwidth (B/s/wafer),pessimistic,30000000000000.0,416.0522695578274,0.29732050771141666,0.248032689159979,kv_beachfront_C8,0.29732050771141666
Qwen3-8B,8192,8,ROM array bandwidth (B/s/wafer),optimistic,2000000000000000.0,416.0522695578274,0.29732050771141666,0.248032689159979,kv_beachfront_C8,0.29732050771141666
Qwen3-8B,8192,8,ROM DeepSeek MXFP4-weight x FP8-activation peak compute (op/s/wafer; all format roofs scale proportionally),pessimistic,250000000000000.0,408.1372390233847,0.29166424509914224,0.24331408418679226,compute_C5,0.29732050771141666
Qwen3-8B,8192,8,ROM DeepSeek MXFP4-weight x FP8-activation peak compute (op/s/wafer; all format roofs scale proportionally),optimistic,3e+16,416.0522695578274,0.29732050771141666,0.248032689159979,kv_beachfront_C8,0.29732050771141666
Qwen3-8B,8192,8,ROM capacity (bytes/wafer),pessimistic,128000000000.0,416.0522695578274,0.29732050771141666,0.248032689159979,kv_beachfront_C8,0.29732050771141666
Qwen3-8B,8192,8,ROM capacity (bytes/wafer),optimistic,192000000000.0,416.0522695578274,0.29732050771141666,0.248032689159979,kv_beachfront_C8,0.29732050771141666
Qwen3-8B,8192,8,ROM HBM bandwidth (B/s/wafer),pessimistic,4000000000000.0,214.17058551218986,0.15305121947540565,0.12767940509016337,kv_beachfront_C8,0.29732050771141666
Qwen3-8B,8192,8,ROM HBM bandwidth (B/s/wafer),optimistic,16000000000000.0,772.7768411727511,0.5522440798347149,0.4606967250541354,compute_C5,0.29732050771141666
Qwen3-8B,8192,8,ROM HBM capacity (bytes/wafer),pessimistic,192000000000.0,416.0522695578274,0.29732050771141666,0.248032689159979,kv_beachfront_C8,0.29732050771141666
Qwen3-8B,8192,8,ROM HBM capacity (bytes/wafer),optimistic,768000000000.0,416.0522695578274,0.29732050771141666,0.248032689159979,kv_beachfront_C8,0.29732050771141666
Qwen3-8B,8192,8,ROM shared-KV reread amplification,pessimistic,2.0,214.18327054557216,0.15306028449161038,0.12768696736820415,kv_beachfront_C8,0.29732050771141666
Qwen3-8B,8192,8,ROM shared-KV reread amplification,optimistic,1.0,416.0522695578274,0.29732050771141666,0.248032689159979,kv_beachfront_C8,0.29732050771141666
Qwen3-8B,8192,8,collective injection bandwidth (B/s),pessimistic,128000000000.0,416.0522695578274,0.29732050771141666,0.248032689159979,kv_beachfront_C8,0.29732050771141666
Qwen3-8B,8192,8,collective injection bandwidth (B/s),optimistic,1024000000000.0,437.31626929895714,0.3125162503178139,0.2607093825083768,kv_beachfront_C8,0.29732050771141666
Qwen3-8B,8192,8,collective floor (s/layer),pessimistic,1e-06,409.38731865567956,0.29255758071619975,0.24405932856003357,kv_beachfront_C8,0.29732050771141666
Qwen3-8B,8192,8,collective floor (s/layer),optimistic,5e-08,416.428913459032,0.2975896660939718,0.248257228253999,kv_beachfront_C8,0.29732050771141666
Qwen3-8B,8192,8,pipeline efficiency,pessimistic,0.65,293.94997305716066,0.21006340218741396,0.1752404869065069,kv_beachfront_C8,0.29732050771141666
Qwen3-8B,8192,8,pipeline efficiency,optimistic,0.98,443.1861132246422,0.3167109756056395,0.264208734105195,kv_beachfront_C8,0.29732050771141666
Qwen3-8B,8192,8,defect-repair efficiency,pessimistic,0.75,342.8077152772834,0.24497826694216898,0.20436739733538456,kv_beachfront_C8,0.29732050771141666
Qwen3-8B,8192,8,defect-repair efficiency,optimistic,0.98,441.53384458501193,0.31553022648646606,0.26322372173081776,kv_beachfront_C8,0.29732050771141666
Qwen3-8B,8192,8,load-balance efficiency,pessimistic,0.6,416.0522695578274,0.29732050771141666,0.248032689159979,kv_beachfront_C8,0.29732050771141666
Qwen3-8B,8192,8,load-balance efficiency,optimistic,0.96,416.0522695578274,0.29732050771141666,0.248032689159979,kv_beachfront_C8,0.29732050771141666
Qwen3-8B,8192,8,weight encoding: released vs uniform MXFP4,endpoint_a,16381470720,416.0522695578274,0.29732050771141666,0.248032689159979,kv_beachfront_C8,0.29732050771141666
Qwen3-8B,8192,8,weight encoding: released vs uniform MXFP4,endpoint_b,4351328160.0,416.0522695578274,0.2265620588689079,0.14009992758596676,kv_beachfront_C8,0.29732050771141666
Qwen3-8B,8192,8,Qwen GQA cache precision: assumed FP8 to BF16 baseline,endpoint_a,16381470720,772.7768411727511,0.5011132885843232,0.36684175013136217,compute_C5,0.29732050771141666
Qwen3-8B,8192,8,Qwen GQA cache precision: assumed FP8 to BF16 baseline,endpoint_b,16381470720,416.0522695578274,0.29732050771141666,0.248032689159979,kv_beachfront_C8,0.29732050771141666
Qwen3-8B,8192,8,GPU shared-KV reread amplification,ideal,1.0,416.0522695578274,0.29732050771141666,0.248032689159979,kv_beachfront_C8,0.29732050771141666
Qwen3-8B,8192,8,GPU shared-KV reread amplification,reread_stress,4.0,416.0522695578274,0.4624689758017797,0.55117693848815,kv_beachfront_C8,0.29732050771141666
Qwen3-8B,8192,32,ROM array bandwidth (B/s/wafer),pessimistic,30000000000000.0,104.15437281291288,0.12670073839822715,0.13799069675000394,kv_beachfront_C8,0.12670073839822715
Qwen3-8B,8192,32,ROM array bandwidth (B/s/wafer),optimistic,2000000000000000.0,104.15437281291288,0.12670073839822715,0.13799069675000394,kv_beachfront_C8,0.12670073839822715
Qwen3-8B,8192,32,ROM DeepSeek MXFP4-weight x FP8-activation peak compute (op/s/wafer; all format roofs scale proportionally),pessimistic,250000000000000.0,102.17028638169634,0.12428715547230826,0.13536204601108986,compute_C5,0.12670073839822715
Qwen3-8B,8192,32,ROM DeepSeek MXFP4-weight x FP8-activation peak compute (op/s/wafer; all format roofs scale proportionally),optimistic,3e+16,104.15437281291288,0.12670073839822715,0.13799069675000394,kv_beachfront_C8,0.12670073839822715
Qwen3-8B,8192,32,ROM capacity (bytes/wafer),pessimistic,128000000000.0,104.15437281291288,0.12670073839822715,0.13799069675000394,kv_beachfront_C8,0.12670073839822715
Qwen3-8B,8192,32,ROM capacity (bytes/wafer),optimistic,192000000000.0,104.15437281291288,0.12670073839822715,0.13799069675000394,kv_beachfront_C8,0.12670073839822715
Qwen3-8B,8192,32,ROM HBM bandwidth (B/s/wafer),pessimistic,4000000000000.0,53.5800657499609,0.06517857782255268,0.07098646369873286,kv_beachfront_C8,0.12670073839822715
Qwen3-8B,8192,32,ROM HBM bandwidth (B/s/wafer),optimistic,16000000000000.0,193.68227499970544,0.23560880445404386,0.2566032644960802,compute_C5,0.12670073839822715
Qwen3-8B,8192,32,ROM HBM capacity (bytes/wafer),pessimistic,192000000000.0,104.15437281291288,0.12670073839822715,0.13799069675000394,kv_beachfront_C8,0.12670073839822715
Qwen3-8B,8192,32,ROM HBM capacity (bytes/wafer),optimistic,768000000000.0,104.15437281291288,0.12670073839822715,0.13799069675000394,kv_beachfront_C8,0.12670073839822715
Qwen3-8B,8192,32,ROM shared-KV reread amplification,pessimistic,2.0,53.58324144258415,0.06518244095944674,0.07099067106925327,kv_beachfront_C8,0.12670073839822715
Qwen3-8B,8192,32,ROM shared-KV reread amplification,optimistic,1.0,104.15437281291288,0.12670073839822715,0.13799069675000394,kv_beachfront_C8,0.12670073839822715
Qwen3-8B,8192,32,collective injection bandwidth (B/s),pessimistic,128000000000.0,104.15437281291288,0.12670073839822715,0.13799069675000394,kv_beachfront_C8,0.12670073839822715
Qwen3-8B,8192,32,collective injection bandwidth (B/s),optimistic,1024000000000.0,109.4851966434553,0.13318552916945872,0.14505332959739675,kv_beachfront_C8,0.12670073839822715
Qwen3-8B,8192,32,collective floor (s/layer),pessimistic,1e-06,103.73160367770696,0.12618645215026725,0.13743058385261991,kv_beachfront_C8,0.12670073839822715
Qwen3-8B,8192,32,collective floor (s/layer),optimistic,5e-08,104.1779610524658,0.12672943279951013,0.13802194803137705,kv_beachfront_C8,0.12670073839822715
Qwen3-8B,8192,32,pipeline efficiency,pessimistic,0.65,73.58732861781888,0.08951682604222572,0.09749342705163325,kv_beachfront_C8,0.12670073839822715
Qwen3-8B,8192,32,pipeline efficiency,optimistic,0.98,110.94704930071156,0.13496383003289417,0.14699009001630858,kv_beachfront_C8,0.12670073839822715
Qwen3-8B,8192,32,defect-repair efficiency,pessimistic,0.75,85.79783803943181,0.1043705524692074,0.11367072865938638,kv_beachfront_C8,0.12670073839822715
Qwen3-8B,8192,32,defect-repair efficiency,optimistic,0.98,110.54261867042273,0.13447185203807202,0.14645427319985246,kv_beachfront_C8,0.12670073839822715
Qwen3-8B,8192,32,load-balance efficiency,pessimistic,0.6,104.15437281291288,0.12670073839822715,0.13799069675000394,kv_beachfront_C8,0.12670073839822715
Qwen3-8B,8192,32,load-balance efficiency,optimistic,0.96,104.15437281291288,0.12670073839822715,0.13799069675000394,kv_beachfront_C8,0.12670073839822715
Qwen3-8B,8192,32,weight encoding: released vs uniform MXFP4,endpoint_a,16381470720,104.15437281291288,0.12670073839822715,0.13799069675000394,kv_beachfront_C8,0.12670073839822715
Qwen3-8B,8192,32,weight encoding: released vs uniform MXFP4,endpoint_b,4351328160.0,104.15437281291288,0.11203142836503266,0.11097084873991055,kv_beachfront_C8,0.12670073839822715
Qwen3-8B,8192,32,Qwen GQA cache precision: assumed FP8 to BF16 baseline,endpoint_a,16381470720,193.68227499970544,0.18434884196923587,0.16251118463770162,compute_C5,0.12670073839822715
Qwen3-8B,8192,32,Qwen GQA cache precision: assumed FP8 to BF16 baseline,endpoint_b,16381470720,104.15437281291288,0.12670073839822715,0.13799069675000394,kv_beachfront_C8,0.12670073839822715
Qwen3-8B,8192,32,GPU shared-KV reread amplification,ideal,1.0,104.15437281291288,0.12670073839822715,0.13799069675000394,kv_beachfront_C8,0.12670073839822715
Qwen3-8B,8192,32,GPU shared-KV reread amplification,reread_stress,4.0,104.15437281291288,0.2920735665118289,0.4415467782411394,kv_beachfront_C8,0.12670073839822715
Qwen3-8B,8192,64,ROM array bandwidth (B/s/wafer),pessimistic,30000000000000.0,52.0889805262329,0.09821902911495065,0.11962128944515452,kv_beachfront_C8,0.09821902911495065
Qwen3-8B,8192,64,ROM array bandwidth (B/s/wafer),optimistic,2000000000000000.0,52.0889805262329,0.09821902911495065,0.11962128944515452,kv_beachfront_C8,0.09821902911495065
Qwen3-8B,8192,64,ROM DeepSeek MXFP4-weight x FP8-activation peak compute (op/s/wafer; all format roofs scale proportionally),pessimistic,250000000000000.0,51.09649219789373,0.09634759221922756,0.11734206008808529,compute_C5,0.09821902911495065
Qwen3-8B,8192,64,ROM DeepSeek MXFP4-weight x FP8-activation peak compute (op/s/wafer; all format roofs scale proportionally),optimistic,3e+16,52.0889805262329,0.09821902911495065,0.11962128944515452,kv_beachfront_C8,0.09821902911495065
Qwen3-8B,8192,64,ROM capacity (bytes/wafer),pessimistic,128000000000.0,52.0889805262329,0.09821902911495065,0.11962128944515452,kv_beachfront_C8,0.09821902911495065
Qwen3-8B,8192,64,ROM capacity (bytes/wafer),optimistic,192000000000.0,52.0889805262329,0.09821902911495065,0.11962128944515452,kv_beachfront_C8,0.09821902911495065
Qwen3-8B,8192,64,ROM HBM bandwidth (B/s/wafer),pessimistic,4000000000000.0,26.793153698756157,0.050521195013485835,0.061529935148823156,kv_beachfront_C8,0.09821902911495065
Qwen3-8B,8192,64,ROM HBM bandwidth (B/s/wafer),optimistic,16000000000000.0,96.88192948356738,0.18268065445947548,0.22248739007134863,compute_C5,0.09821902911495065
Qwen3-8B,8192,64,ROM HBM capacity (bytes/wafer),pessimistic,192000000000.0,52.0889805262329,0.09821902911495065,0.11962128944515452,kv_beachfront_C8,0.09821902911495065
Qwen3-8B,8192,64,ROM HBM capacity (bytes/wafer),optimistic,768000000000.0,52.0889805262329,0.09821902911495065,0.11962128944515452,kv_beachfront_C8,0.09821902911495065
Qwen3-8B,8192,64,ROM shared-KV reread amplification,pessimistic,2.0,26.794741915042998,0.05052418975556261,0.061533582455378794,kv_beachfront_C8,0.09821902911495065
Qwen3-8B,8192,64,ROM shared-KV reread amplification,optimistic,1.0,52.0889805262329,0.09821902911495065,0.11962128944515452,kv_beachfront_C8,0.09821902911495065
Qwen3-8B,8192,64,collective injection bandwidth (B/s),pessimistic,128000000000.0,52.0889805262329,0.09821902911495065,0.11962128944515452,kv_beachfront_C8,0.09821902911495065
Qwen3-8B,8192,64,collective injection bandwidth (B/s),optimistic,1024000000000.0,54.75563078043055,0.1032472672626434,0.12574519777823703,kv_beachfront_C8,0.09821902911495065
Qwen3-8B,8192,64,collective floor (s/layer),pessimistic,1e-06,51.98302537333162,0.09801923998215223,0.11937796558115554,kv_beachfront_C8,0.09821902911495065
Qwen3-8B,8192,64,collective floor (s/layer),optimistic,5e-08,52.0948795896426,0.09823015239428794,0.11963483652487192,kv_beachfront_C8,0.09821902911495065
Qwen3-8B,8192,64,pipeline efficiency,pessimistic,0.65,36.80199711092541,0.06939387926599773,0.08451504145581568,kv_beachfront_C8,0.09821902911495065
Qwen3-8B,8192,64,pipeline efficiency,optimistic,0.98,55.48608795185678,0.1046246179702735,0.12742267788722983,kv_beachfront_C8,0.09821902911495065
Qwen3-8B,8192,64,defect-repair efficiency,pessimistic,0.75,42.90692189174903,0.08090533099215158,0.09853487764516129,kv_beachfront_C8,0.09821902911495065
Qwen3-8B,8192,64,defect-repair efficiency,optimistic,0.98,55.28459477842643,0.10424468225896404,0.1269599528928714,kv_beachfront_C8,0.09821902911495065
Qwen3-8B,8192,64,load-balance efficiency,pessimistic,0.6,52.0889805262329,0.09821902911495065,0.11962128944515452,kv_beachfront_C8,0.09821902911495065
Qwen3-8B,8192,64,load-balance efficiency,optimistic,0.96,52.0889805262329,0.09821902911495065,0.11962128944515452,kv_beachfront_C8,0.09821902911495065
Qwen3-8B,8192,64,weight encoding: released vs uniform MXFP4,endpoint_a,16381470720,52.0889805262329,0.09821902911495065,0.11962128944515452,kv_beachfront_C8,0.09821902911495065
Qwen3-8B,8192,64,weight encoding: released vs uniform MXFP4,endpoint_b,4351328160.0,52.0889805262329,0.09088271299095198,0.10610830579589732,kv_beachfront_C8,0.09821902911495065
Qwen3-8B,8192,64,Qwen GQA cache precision: assumed FP8 to BF16 baseline,endpoint_a,16381470720,96.88192948356738,0.1313990999569684,0.12835567620320568,compute_C5,0.09821902911495065
Qwen3-8B,8192,64,Qwen GQA cache precision: assumed FP8 to BF16 baseline,endpoint_b,16381470720,52.0889805262329,0.09821902911495065,0.11962128944515452,kv_beachfront_C8,0.09821902911495065
Qwen3-8B,8192,64,GPU shared-KV reread amplification,ideal,1.0,52.0889805262329,0.09821902911495065,0.11962128944515452,kv_beachfront_C8,0.09821902911495065
Qwen3-8B,8192,64,GPU shared-KV reread amplification,reread_stress,4.0,52.0889805262329,0.26362930984604444,0.4232461184441918,kv_beachfront_C8,0.09821902911495065
Qwen3-8B,8192,128,ROM array bandwidth (B/s/wafer),pessimistic,30000000000000.0,26.0474397948213,0.08397333615413102,0.11270476355322076,kv_beachfront_C8,0.08397333615413102
Qwen3-8B,8192,128,ROM array bandwidth (B/s/wafer),optimistic,2000000000000000.0,26.0474397948213,0.08397333615413102,0.11270476355322076,kv_beachfront_C8,0.08397333615413102
Qwen3-8B,8192,128,ROM DeepSeek MXFP4-weight x FP8-activation peak compute (op/s/wafer; all format roofs scale proportionally),pessimistic,250000000000000.0,25.55108429629338,0.08237315481354017,0.11055708111146875,compute_C5,0.08397333615413102
Qwen3-8B,8192,128,ROM DeepSeek MXFP4-weight x FP8-activation peak compute (op/s/wafer; all format roofs scale proportionally),optimistic,3e+16,26.0474397948213,0.08397333615413102,0.11270476355322076,kv_beachfront_C8,0.08397333615413102
Qwen3-8B,8192,128,ROM capacity (bytes/wafer),pessimistic,128000000000.0,26.0474397948213,0.08397333615413102,0.11270476355322076,kv_beachfront_C8,0.08397333615413102
Qwen3-8B,8192,128,ROM capacity (bytes/wafer),optimistic,192000000000.0,26.0474397948213,0.08397333615413102,0.11270476355322076,kv_beachfront_C8,0.08397333615413102
Qwen3-8B,8192,128,ROM HBM bandwidth (B/s/wafer),pessimistic,4000000000000.0,13.397357191661545,0.04319122293378077,0.057969074366551014,kv_beachfront_C8,0.08397333615413102
Qwen3-8B,8192,128,ROM HBM bandwidth (B/s/wafer),optimistic,16000000000000.0,48.45116918255791,0.15619985491382232,0.209643543074163,compute_C5,0.08397333615413102
Qwen3-8B,8192,128,ROM HBM capacity (bytes/wafer),pessimistic,192000000000.0,26.0474397948213,0.08397333615413102,0.11270476355322076,kv_beachfront_C8,0.08397333615413102
Qwen3-8B,8192,128,ROM HBM capacity (bytes/wafer),optimistic,768000000000.0,26.0474397948213,0.08397333615413102,0.11270476355322076,kv_beachfront_C8,0.08397333615413102
Qwen3-8B,8192,128,ROM shared-KV reread amplification,pessimistic,2.0,13.398151392323014,0.04319378332665027,0.057972510796329514,kv_beachfront_C8,0.08397333615413102
Qwen3-8B,8192,128,ROM shared-KV reread amplification,optimistic,1.0,26.0474397948213,0.08397333615413102,0.11270476355322076,kv_beachfront_C8,0.08397333615413102
Qwen3-8B,8192,128,collective injection bandwidth (B/s),pessimistic,128000000000.0,26.0474397948213,0.08397333615413102,0.11270476355322076,kv_beachfront_C8,0.08397333615413102
Qwen3-8B,8192,128,collective injection bandwidth (B/s),optimistic,1024000000000.0,27.381074668508578,0.08827279016716148,0.1184752732190167,kv_beachfront_C8,0.08397333615413102
Qwen3-8B,8192,128,collective floor (s/layer),pessimistic,1e-06,26.02091803541521,0.08388783367728302,0.11259000645438785,kv_beachfront_C8,0.08397333615413102
Qwen3-8B,8192,128,collective floor (s/layer),optimistic,5e-08,26.048914811213184,0.08397809140256557,0.11271114580710037,kv_beachfront_C8,0.08397333615413102
Qwen3-8B,8192,128,pipeline efficiency,pessimistic,0.65,18.403082463732442,0.05932898750020127,0.07962836555390597,kv_beachfront_C8,0.08397333615413102
Qwen3-8B,8192,128,pipeline efficiency,optimistic,0.98,27.7461858683966,0.08944985807722651,0.12005507421973516,kv_beachfront_C8,0.08397333615413102
Qwen3-8B,8192,128,defect-repair efficiency,pessimistic,0.75,21.455462223791447,0.0691694368372782,0.09283571882324662,kv_beachfront_C8,0.08397333615413102
Qwen3-8B,8192,128,defect-repair efficiency,optimistic,0.98,27.645619947683233,0.08912564748562003,0.11961993516557884,kv_beachfront_C8,0.08397333615413102
Qwen3-8B,8192,128,load-balance efficiency,pessimistic,0.6,26.0474397948213,0.08397333615413102,0.11270476355322076,kv_beachfront_C8,0.08397333615413102
Qwen3-8B,8192,128,load-balance efficiency,optimistic,0.96,26.0474397948213,0.08397333615413102,0.11270476355322076,kv_beachfront_C8,0.08397333615413102
Qwen3-8B,8192,128,weight encoding: released vs uniform MXFP4,endpoint_a,16381470720,26.0474397948213,0.08397333615413102,0.11270476355322076,kv_beachfront_C8,0.08397333615413102
Qwen3-8B,8192,128,weight encoding: released vs uniform MXFP4,endpoint_b,4351328160.0,26.0474397948213,0.08030476267419134,0.10367620830131735,kv_beachfront_C8,0.08397333615413102
Qwen3-8B,8192,128,Qwen GQA cache precision: assumed FP8 to BF16 baseline,endpoint_a,16381470720,48.45116918255791,0.10490749757969288,0.11126712932736418,compute_C5,0.08397333615413102
Qwen3-8B,8192,128,Qwen GQA cache precision: assumed FP8 to BF16 baseline,endpoint_b,16381470720,26.0474397948213,0.08397333615413102,0.11270476355322076,kv_beachfront_C8,0.08397333615413102
Qwen3-8B,8192,128,GPU shared-KV reread amplification,ideal,1.0,26.0474397948213,0.08397333615413102,0.11270476355322076,kv_beachfront_C8,0.08397333615413102
Qwen3-8B,8192,128,GPU shared-KV reread amplification,reread_stress,4.0,26.0474397948213,0.24940234955621954,0.4163639779846647,kv_beachfront_C8,0.08397333615413102
