49651dae3f9a7c3dc55233073d16c03e3df0c823000605af498b1e99c89756e3bdbb343a3781f9c743670dd2432087a6bb04cb65bb67e2470012a5773c3bfaa0
348e588080092109b956def3c54a2dc0b8cf84a9b9a9757d3e9bbad1406febd6c0b01388bfd9c2f147718f2733aa59f3381a4e52c2ac56f4ca247fdebaea24cd
b8edc08a49d13edd40c24e1ab9a58d31be231a9648efc5213efa396a3d96b2bb3bab0085476911e03b1d02e6b3e701a9448c4db0cabd6e32b9cd826a47eace40
4711ef73c6e0b90f394697aec54e6479c68927d0c90ce08a4916928c4ab8a9dc8001cc384674ed0c3aba2525bd9cc630393b847ac49f831f4911a446b1a0ffb9
be30cb7142f1286f3df5169c422554d9bba08a8435c34ab2c213f090467a6a1e3c80794a496c95abc944b2bb349e3226bb1b8445c0066e94be5932ae4259d581
3fce8a484b9ef4ebb78a767b42b5a1564494e624b88ad3013f719628bb359ed74908c55fbedfa754bbc1fd323f6ef0acc233404137559713423f07e54286eb6d
38b3f9d8c74aaa263750ddf347990c563e23fedcbd5a3cc3c12b92b735a49e5fc5e89e793ba0ffe4ba30e189c512df760000000049627dc5bc3c99423a9c9f72
b99b7e38b106e139c406ec3444cdd699462801e2c8d27cc0c8881d2442668a5f3425b4cdc21a5635c76bb783c3a3307040f79265c78db12135427b97c4346629
be49624ec16f0246388cea2441274f9936d1394039cd14384a8b92a845a448f6bf860b7abae910a540c58b6f40165f34bba662cd4421927b0009003437eb33e7
b201b08a3874f95635aa3eadb413337f42513cdfc9d52687c50872d3b1f4195b33d77f8041d499a7bd0148f134805267c3a766b4ca027a50bb987012345810c6
3f3080003f1c80003ff980003f2680003f318000406280003f4f8000409d80003fc480003f2280003f9c800040c380003ff58000400880003f5980003fe48000
407a80003f6b80003f06800040be8000406680003fe880003f4c80004001800040f68000406b800040f38000406e80003f4280003fcd8000403380003f948000
80004681000081e900000d5c0000d5668000617c800073320000ae98000006f400029c0100003e660000a1a200006a870000f1fc80012ad48002b0fa8000fca5
0000d592800096b900019bfd80006fde800091e6800108bd000158f28000f25e8000acf800014c6e8000ce620002447980018bd28000309b00016bfb800186df
c1537f62b5404474451b4688bd6dac69b7d22292bbfa20bab594c38dc92409e2449421efc6f07a1e499cb0e6464f6b23463ca4ac3a2f738d4a121066c25317c5
c09e2d92388be82145215a22b99f240e497d37a0446efc52483fe96e354a0af7b43e3c643e86da9a452151b5c399a4b633d784404742da11bfc7cb9f352f2283
c9651daebf9a7c3d45523307bd16c03ebdf0c823800605afc98b1e99489756e33dbb343ab781f9c7c3670dd2c32087a63b04cb653b67e2478012a577bc3bfaa0
b48e5880000921093956def3454a2dc038cf84a939a9757dbe9bbad1c06febd640b013883fd9c2f1c7718f27b3aa59f3b81a4e5242ac56f44a247fde3aea24cd
38edc08ac9d13eddc0c24e1a39a58d313e231a96c8efc521befa396abd96b2bbbbab0085c76911e0bb1d02e633e701a9c48c4db04abd6e3239cd826ac7eace40
c711ef7346e0b90fb94697ae454e6479468927d0490ce08ac916928ccab8a9dc0001cc38c674ed0cbaba25253d9cc630b93b847a449f831fc911a44631a0ffb9
c12c15fbc9e7dc2fc9c0f4f634eb3e5ec77c78bbb634f9cb3965148ec0d927423e2d9ac8bc3491efbc2c00b9b74084f640591fc180082464cb20b8513e278e9c
455ac265bc7178093ec646c047052c923c221db0344dcfd23bf21ad94361906ec83704814072f9c9c49247033d00c307b981385b34b63b2e3872e307bd0dae77
47172f73418890c2c6fa1320c6cb8bbd3bca6a21bd724f60b3d9a14a0002abcd366f060f44adaac1bd987d7f4891a47d3bc34050c207aae2485b38bf39ae7f2b
b42230c1b28c1cf54377045d48bc0bf7c8e834f18008683db8e61cd1c7887b2db3e168f4b480ab97c9552c17bdd3d9e2bbec8f634200b2ccc092a8b937d4251f
c11ed12842a100a5b4abcc9043639fc43c7582e54a5a2fecc40f9ee63e0c7862b6560475b5f3e54e33a28ce23bc8111e4094becdc915a19b460ce080c1f6b469
bf34aefac3408a93c3190a4fc3ae2278b5b13938ca1770a2b23cade837085325b831cbf54001ee6a46f93e0b38655e3f43bd47a9417ac9983e8e2a783c62587f
00000000000000000000000000000000000000000000000000000000000000000000000000000000000000000000000000000000000000000000000000000000
00000000000000000000000000000000000000000000000000000000000000000000000000000000000000000000000000000000000000000000000000000000
8000cec200002c0c8000297a80002c7b0000127b8001697e00013db68000c4998002368f80004c9b8000ea7e8000102e800075cc800006380000c7ff80009a5d
800037a1800144830000b5ec80007a708001079d000171510001aaca80010fbb0000541f00006e2000015042000043d400015e32800071c880009a370000e28b
bed09c8c3ed154db348c9bffc45d5c92399f442bc1a01d26c429075cb675db2045c7967941f15ab8bc195fec46d9e1cc3e5f4d834a401a16429d1882c23cd789
c2bb3a7db82a29313c90da04b6199803caa2e6cb3ca05955443fb778c0fb0079c71281173883d6b134fdf774be0ab66fc21b648ebce33b1e4a62a91300000000
c142ed9539616178b43e9896bc666c293d516f22413c957500000000b9b4ca7841ccacc4bf4036693bbf4516c465173d3f96a954b988af6b48b7b2533d9cdc65
cbf34134bebf24b73f6e8236b7adbeca3dc49024b700ddf64602984b38144100bf9c2609bc3be2dd33bcfe00442cca8e4614335548e0aa7700085a7147838ff1
b6e21cf6c38594183c4d8d3648aa93fd3d5102158009b30942a3aa41c0635744be652f5a49cf3b45455b5aad8003b74dbf26ec6fca0e9a123b21de813c01ca2a
3e76522ac610da7b3d0e04714964b2c1c3201e98c9c7e9eb41a2e06b362d35bbc3634bf7b310d3cfb47ca730c40a40a93bb255ae4210863ac345059ac0cc44d8
b38de2c3b7aef3b337c8d9d5471d360e373f74103842524cc3f3eda5cb08ccac4273cf270001b5cb428bc42d3f946478c41b1c9041021a65b9a62b68c2468951
3c3ac0c1b72fadd8c802b0b90010e17b3b5877edc22cf3cb3d77c65eb931c207454056df0000000000075dfa489fbb0a49bbf3a242d991a33d8c34df342f69eb
48c29e75000000003210b7beca4c0cdb4260aca0400bbdf03edde89245d11374c390632db43a536bb928c12d42d57935b527da62451fbdabb62efb62bd70df9e
36aca954325cfdd9bfb54704c318564ec5b5bf3dc02772c8bc0b61ab483f7995c7c640e6bfa6c2663cf748823bc6f051c576c0c1c8813ec63ab48f283eb74dba
b66cceefc92dd837493be619b4c07607c51117a8399b74c640c40eebbea0c5e2b810f4f4bac172d7c8848139c710d1423833ff9b38025eb7c9a777c340a5108a
b5e383ca3ef4892880083aae3b226bd8bd0dffa2b655d171be6aba8e4559935b37f3932bb4424299b982354f4869018840438a3bbcb137e23f0067b380065bb9
00000000000000000000000000000000000000000000000000000000000000000000000000000000000000000000000000000000000000000000000000000000
00000000000000000000000000000000000000000000000000000000000000000000000000000000000000000000000000000000000000000000000000000000
000041870000c0dd8000771a0000dc308001008e0002582700006c2f800057110000bf4700009a48800051648000f74800008aca8000b3f88001ce128000949d
800026c00000523300003a59000105f2800017d0000071dd80011dec00007cd40001400e0001122d0002fd3300009c07000191be00004172800171c9800164cd
c1d10d9c40adc14cb9975bf3cab4597bb6d64ccccaf2b1fac9ce9cbec4cd9af649587f1935235e06c9a1fbbac493b937b7554b2e32ef4d6238b22f81c69c559c
b984b33b42798593b56a647a390313033c73087745d72808b678104c374e68db4b3fef11cace9d9d36871072c25b5a8149204b70b5bcdb274a9527ddb6ec4e7e
4142ed95b9616178343e98963c666c29bd516f22c13c95758000000039b4ca78c1ccacc43f403669bbbf45164465173dbf96a9543988af6bc8b7b253bd9cdc65
460df4bfc9f9c01bc18bb6103dc896bf37fd18a9000d3dafb7290fca46921692b4c09f4943214aae000727c3c6724df4c12ddab43e40cb1d3534d538c118d965
b6699092c3fe79ebc478f196b35c1e943e87abd9b34b2c5cc9383aeec07d09374a77d8c1498fdee3c0f345dd35142290c3bec505436523cb36aaa96c331f4514
bfd7fcb7c0cc669f3c021a09c17dd5363465b708b5b698c1411381ed36ccaecf8001c210c7ea5157bdb42308bbe53d4d459e57f3b84ad713b3aee1a8453e6972
338de2c337aef3b3b7c8d9d5c71d360eb73f7410b842524c43f3eda54b08ccacc273cf278001b5cbc28bc42dbf946478441b1c90c1021a6539a62b6842468951
bc3ac0c1372fadd84802b0b98010e17bbb5877ed422cf3cbbd77c65e3931c207c54056df8000000080075dfac89fbb0ac9bbf3a2c2d991a3bd8c34dfb42f69eb
c8c29e7580000000b210b7be4a4c0cdbc260aca0c00bbdf0bedde892c5d113744390632d343a536b3928c12dc2d579353527da62c51fbdab362efb623d70df9e
b6aca954b25cfdd93fb547044318564e45b5bf3d402772c83c0b61abc83f799547c640e63fa6c266bcf74882bbc6f0514576c0c148813ec6bab48f28beb74dba
b51b199ec7e16d5f39b4fb2bb83359e7c6c6f1dd3cd37e694053fb6638a59b03379fc586be2657e5c0661b6c48dc34e5b9fe631439236e683611f2634382a408
c66f9a19b60406703a70954633b246ebc850b884c2abe37f438c89a6339afee73562448f417a1cfb3d5890c0b8b2f77180034a59c5b1271eb5bb18b64b10ea31
00000000000000000000000000000000000000000000000000000000000000000000000000000000000000000000000000000000000000000000000000000000
00000000000000000000000000000000000000000000000000000000000000000000000000000000000000000000000000000000000000000000000000000000
00010b6f800085960000847c00009f560000fbf28000fe670000802000006013800132fb8000aa9e00006a6b800057f80000c92a80004c7000013ad900000b72
8000ec1680002435800266240001d8c18000b02680011c0b8000203e0001d524800008d98000e7b9000102800000259f80002acc8000030c0000d3388000e18a
39a101603c4f489f42d36586b509fd1841233ae03db8150db388aa71bfd27953b638332147243816ba210431c4c6191a47b0148f4609afbbcaba8a1fc0fee962
bf6cc527b367d598c8434771c0c5d74948bc7a7b3428f451337b494d3a57c17e3d205ab138fcd847b7505634c811d102c62da3323f64dbc7405f67a945dccc9f
c5532883c06f1eed43af6a2ac885f01e3b93b8b0382be756ca2d61dac0411deb3fad3826371f761dc62815fd45caa1c643b359233694aa6b35cfbd3800000000
b391959d35b467de3137db813314c2d2c91eaab6358adf7142fae9b13e4d5bcbcaa87a9c33451322c8b08d6abdb38c4cc0a75a6ec4d599a5c920bad9431b7e71
b7c4641a471d56a9b529bea9461525b3c4d31a05c7256356404d2d773737b1bcb582d126c2b51690bbca5c3333859e3d480980083c45e33d000398ea3b206542
b788a9ae35f3f08c3f98458bcb13602f4487be2d45400183b3f89ca440ddca17c3fc5ecdbf2505f031b4fa3cb68d7e9bbfa52e2bb664ff0e3d69d334349eaf64
b98f1cc700028ca63afce13fb74358bdbf9697d3b34afafc000130c245105109c6b52e89c1aba629b51d59dc42be65e7489a1745000e37300000b74db77e17d1
b93840963459c91d424d40c042d5e7ddbdf44af432c75ebfc1b19d05b998b420be125078bf81a2a73d212c20bcb856803687bae5c8937031b82d34e446e3517a
362d61274928900abccce97e371734a4c5172a51c577fc50c797b0d637a712cdb7c8c3a53e15fcb5361c99774ad460e93f12525db606fe19442b8d02c8119333
ca88301446470be8c5de132ec58a85063f9df7b98006c724be66871bc795e821bfc57a28c5df3b58b7be1a74bc27f0d745ecd72b41a6daaf35a2ca7fbd26ef5a
c335f1cac65a769c45baef53c81810c2b3033b0336cd4d3437035503000000003e2940873c339c7e3ab270bac280a3f1363c8f0a473fae9f4706796dbadf75dd
42576737cabacf8ac534296a3d4eac5fc7550895bd06b6333f6d6be13979cb593ec73da9b751cbf5349f8508400242fbbbe861e54470a0edc3e915193dd01ead
40e980003f8b8000405d80003feb80004092800040f880003f5080003f4f8000405a80003f1880003f5080003faf8000405580004079800040db800040338000
409b8000409e80003fb880003f3f80003fc8800040e48000406a800040b68000408680003fc780003f5c800040af80004078800040ce8000400d800040308000
0000ed2500006e37800079100000494a8000e17c0000f30d0001c3008000bde38000a3a78000c28a0001daec00004b728000126980013cf68002369e00035e37
80006a78800074c300003a2780017af700017a960000dba200006ab800011a920001642c000185a300027272000145a98001be47800003b700002abe00006aee
3a905ca24b464f88b43191b23ed0e20cbfaec7ccbb2f56a33c12fe5238a5d0dac52395b4344467d0c91ce6d4c2ab6565b71c312a38000205c014223c35068dea
b503042fb487769bb594930b3d94152e33e230a2498420a03405342ecacc3d6ac5a187ec3a2b47b7b723a9d3328e67f94758631d3c0e3521b82ba75eb38b32c1
45532883406f1eedc3af6a2a4885f01ebb93b8b0b82be7564a2d61da40411debbfad3826b71f761d462815fdc5caa1c6c3b35923b694aa6bb5cfbd3880000000
3391959db5b467deb137db81b314c2d2491eaab6b58adf71c2fae9b1be4d5bcb4aa87a9cb345132248b08d6a3db38c4c40a75a6e44d599a54920bad9c31b7e71
37c4641ac71d56a93529bea9c61525b344d31a0547256356c04d2d77b737b1bc3582d12642b516903bca5c33b3859e3dc8098008bc45e33d800398eabb206542
3788a9aeb5f3f08cbf98458b4b13602fc487be2dc540018333f89ca4c0ddca1743fc5ecd3f2505f0b1b4fa3c368d7e9b3fa52e2b3664ff0ebd69d334b49eaf64
c52169843c2fe505c9951ebd34b8883ac25305274a9a0be93c02898bbc9cd72845de186d474b37b4c5a93968c3e4f92b351a753bbf49865c372c32bb49bfe929
498049d4b69c3fe54a9205ba41b9a7d4c41a68dc44c1ac024470c947b90a8a67bd9622c646c991320008106ab454d2d83ba1aad34538507938a85c69c65fc846
3639b21bc4d023d5342c09ea36f9481e3380150f35a471033ce52d004144b17bc2f164acc742b6d6c1dc82e1b3d946bb44cbc4ccb4b4b242b9f8cea53d529524
b97462d8ba90b32bb590f77633bbb8e53d47a3b3b4769d9eba0e0ce4450a0b7039e3fd95438ff2c0cb3d1583c2b9947e458ea10dc1805714c7ebb1c83e007b84
cb0839abb562d1c844b2946bb70fa8a5c3bdef9fbc84182e33a55ccd00031a26800c3b9c3e5cf194461476e0c1d17e9e40e23470c826f60cb29e0b47c43dc6e4
b43a7267c681b6e3c277217934cb0f10360d368b4133d89eb5ab1411ba24d24cb37696b9800c65fa40860772b9c1e8c43ccafd97c933b9dfb806b260c411880c
00000000000000000000000000000000000000000000000000000000000000000000000000000000000000000000000000000000000000000000000000000000
00000000000000000000000000000000000000000000000000000000000000000000000000000000000000000000000000000000000000000000000000000000
000171ae00000be78000de3200013ce1000097538001967c80004f5a80009e7e800067c50000ddc80000024f0000a3c4000232fe8000353700010c350001cc0b
80003cdf000153cc0000f62f00013d48000016af00006efb0000663280019cff0000818d00007f3600003be60000654d8000ca450001cf7d0000d1e78000041c
33afcfc137060ad6347d6565c946194847d2ca51c969ef1bb3ba38bcbb946dd1c5f8178d42d547094184aecf4110079bc5007b133be49dd743e69a06363247fe
46252ae3c2675386bb94364e000994c3bb3c6efa3458973334917996b4542eebc04cd9a247c64e5f0003c43d0001959fc72e63643cb42b933e134c1e34d7321e
3ea3e42c3f14e5e240e86915000000003c13d157c1714d67c514e39ac2bc69a7383879ca0000e46842c8cbf3b61bb3b3b9f12fe9b504fa934299cb814a037620
3d031875bac14ab0b5af95e03629133f000eef6700000000b1d5a39200063c59b497ab093fb8ac724adc1a864209bfa6c504c9b3383b5de9422cac6446659dca
c73b19eb4379bdf2b392a3e743c97fe3c535a12346a3d4c5be34d0e6495696cb3ba5b3dfc5adaaa339ab5aa437b6c0d9c9feba21b6a0d6da44c9c59a3d70b53b
bb419baac88d5c1f3150559a000346dc3446392cbfa1ce44c504f08d4287055fbeac08123d3d364c47ea44d4c55ddf2943ac66a7365fd1dd3ad3a2a3c7ad667f
3d8b8436c7ebf5d1bf25c02abcf7608ec168005e426964e7b524756b489b101c391e45e2378c494cbf0b7e25bc0e75edbfc24852bd9756293b44ba9544d5ebb0
4a2ee02cbf65ee03bd2eec74caa32737c162b3b53dd9cdaf3b2ea133490accd33594b3d8be6258e1000000003461f32eb3055d0cb9aa6833c8fc4e98ca42113b
395b16b100000000b8c416093643e64b46c5c28ab8b736b8bb69ccbfb4143f16b34ac472c4917a6e3a20c25ab3e371bcca3179ecc8e1e3aa462d81c131ad516e
bb5f828cc109a7beb65d166342b618c98002f7edbb9c58d147e7cb49b6b43c22388e4829373c6c12b71ca0e1c164cb03c099153d41d54486ca48bbb83653eba2
3fd6303aba8f698640092e28c8aaaedabc9b16fe3d2d98dcc433396c4588d3a1b4995b314242173f379cbf6bc2057bb9c492fdb4499bce3ebf552b40392779e0
b235a45540148ed033b249da3be0112b3cbff6e1482aa9d844a028b9c58f41c144f9f665bba15d53ca59ab60431882fac59cd46e43d5c03eb9058159c92a14d8
00000000000000000000000000000000000000000000000000000000000000000000000000000000000000000000000000000000000000000000000000000000
00000000000000000000000000000000000000000000000000000000000000000000000000000000000000000000000000000000000000000000000000000000
800163228001078c0001458680004e3980014f48800198050000815e80006ea3000068260000919b00020c6f800082c78001031180012b9a8000ebe98000591c
0000caeb800102d78000f28c800016d68000f3d1000063e280007a7280013d30000071038002b0958000cc24800065b28001992180017c828000bc738001c877
b9b8416542f982c2b80893613fa75914bdd8887f3a11afa2c37976344475f3d741c80ff23729c90e4277231f4a95c2473bd4001cba9dd1ae39721bdd39811f1d
41acde7cc00b12f74793afbb3ccc66fe39153479c19587cf3bcc717136887fc9bd99b530b4a84ff8c1aaa8b8434187f64a0548e9bdc5163cb4aaebb2bbe2fc41
bea3e42cbf14e5e2c0e8691580000000bc13d15741714d674514e39a42bc69a7b83879ca8000e468c2c8cbf3361bb3b339f12fe93504fa93c299cb81ca037620
351796e9356b69c2466e433bb40b78f0bf93030cc631d2ff491aa9aac2a01074c08a1665b508ad8b431ce749c975f0683c70e3b7c5e424b24175ec10b884d423
80000097c336c36f3938d37642e07ec7bc8a51b73eada0b1b708dfe5b78cbd8fc80883483b97788800000000c88c93d2406ddb81b401e7ef34092f2c38c39a25
461ffba4bf3a154433912278b79d210fbabcfa2ac4a7bd86b5dcacf9c694cf2bc8102824bc1928b43f04c5c9c105320fc61653203b9f70484043cc643ece27b6
bd8b843647ebf5d13f25c02a3cf7608e4168005ec26964e73524756bc89b101cb91e45e2b78c494c3f0b7e253c0e75ed3fc248523d975629bb44ba95c4d5ebb0
ca2ee02c3f65ee033d2eec744aa327374162b3b5bdd9cdafbb2ea133c90accd3b594b3d83e6258e180000000b461f32e33055d0c39aa683348fc4e984a42113b
b95b16b18000000038c41609b643e64bc6c5c28a38b736b83b69ccbf34143f16334ac47244917a6eba20c25a33e371bc4a3179ec48e1e3aac62d81c1b1ad516e
3b5f828c4109a7be365d1663c2b618c90002f7ed3b9c58d1c7e7cb4936b43c22b88e4829b73c6c12371ca0e14164cb034099153dc1d544864a48bbb8b653eba2
b6b83703423d2ef400000000c6bef6a6c1f00b21bd22755cbb611762c60da417bb8b6d65c971de584a1872beb62712d7b30a61b1470f04cebcd44ca03cfca9e1
b137c55abb773a8a47435b0547a43812325885b43762f91748074c44b410104dc925c913c850a405c36e0766b365de43bcf95a074228b6ab3c1808f840c06fb7
00000000000000000000000000000000000000000000000000000000000000000000000000000000000000000000000000000000000000000000000000000000
00000000000000000000000000000000000000000000000000000000000000000000000000000000000000000000000000000000000000000000000000000000
0001fa5c0001ddea800057640000229b80005eb40000e39d000115860000934780009e658000aaca0002bc218000619480001f820000b7310001c02580011d24
8000705200019f03800037528001c51180003f130000f5d98000776e0001436c0000fa66800179208002362b80001aa3800103cb8000239f0001128f0000efd3
40fa2116b2ed284bbc9fa1a93cbc15cf00000000c848bd75c9533e09386e523180052a8cc5f4bc6db99fdecbb51c25c8381ef63e4876f6f83a005ebcc37437c8
4652e70cbe95d29b397de44e3f573331c513f78f367908bc3ce0439c349bcc353e5d1ec545bad8fb388a078c430ec33abc560f1a3baa7961c365adffc58417cf
b4d87219c354a90dbf57f23cc21e0d06c61519e846ec7ebfb636202ac982b3abc0a036c9bb0be7a547165cc5b5866125c6d41ad88009473b46012c6235427770
c729383aca667cc0b9660bb3b3dbc09f3d0e11abc9dc4bb28001454c00000000468a1894c281ae1c3e3fa7e53d04ebe8b9fd329146e8a50bb8fc49344995c4a1
b7b48fee46ae6a463d11c8ff498f5f5b392a61de406b6edf3cc51f503495c86037bc760dc3620e9f334cea8d3bbb3799c5664a0f4693ac9300000000bfc5acef
456d206640c0c599492f7e6543530156bd3726e100000000394e331ac741e34dbe31ad3647fb52b3462ae3cb3b23e7b745204ba0bc96896db8d8a8b4b4012cdb
3c0211f8b97f6a6b3c3c07074925411f356db26fbc5af0063583be06c339f61341ee1bdb3e1f54b24248fa0bc5aebec3be32800c349b322cbe2d50c835da2a72
3a97234f00046c3cc874a348466c7eedb76d15d23e87e8c539078313b1b1866d3f738fba000e1c633bb4c8183f41dc99423ab19ab58a5e5ec520e9263f2191fe
c6d0b05a3870433d8002797243c9e1323c57b0023bfdf2a042eb6f41b8a1a71ec4692d0dc1e7bcccb97fd9783fc00c554515f0f636239ef9351c91c13d50aabc
35dfc1e1b34a0974469f73193b6d8d593d2fb618bd36b75a800049ea386c877abb3816cf482f69a9c3a779e44a0185b739ae6b7344b236584a4d25f9440d47be
3b9cdce7384a8a94b8b6a08900000000b8742ac9caf30b5b49ca6e76b7b77b4b3c3d9caeb78dee5ec917d7fc00000000b3026e993db45766ba4a97ae3e0531fc
c44a3736b7cfb07535c46e7e4941f892c6e2c6263fe4690341efe3df3233a5aabd0da66433557890c92966c44b24007dbe199ba0b4599d59334c8f2838f65ce7
406d8000402f80003fd980003fc580003f4180003f9480003f03800040f380003fe080003f79800040d880003fe180003f06800040a480003f16800040e98000
409080004070800040208000408e80003f82800040ff8000409580003fa6800040508000405d8000407080003f8f80003f7480003f4c80003fbc800040328000
0000530b0000b1a180025c968001cacc00006d5e00018bbc000019ae00002b850000be850001e58b80006c820001597580004e62800130a300002af88000f846
000049c48001176b80007d16800053b5800049bc0001d3260000456c0000f490000178710000b33880003d1c0000856700010991000022168000d27080007822
c5fe6de0c627ed023831010a4983da50b40fed78c77fd535b48f550b39fb237847f200ac33088c0bbc3f69bac0db5477c987279f4405b63bc81eec11c33ad4c5
470ed759b8d667563a9d83b448fbf61733c88c20be8bbe5046bc3ff535369df5491481c83b987e080006a3a2c022c0afbe9c0e3249e6cfbfc4a36a34481bad17
34d872194354a90d3f57f23c421e0d06461519e8c6ec7ebf3636202a4982b3ab40a036c93b0be7a5c7165cc53586612546d41ad80009473bc6012c62b5427770
4729383a4a667cc039660bb333dbc09fbd0e11ab49dc4bb20001454c80000000c68a18944281ae1cbe3fa7e5bd04ebe839fd3291c6e8a50b38fc4934c995c4a1
37b48feec6ae6a46bd11c8ffc98f5f5bb92a61dec06b6edfbcc51f50b495c860b7bc760d43620e9fb34cea8dbbbb379945664a0fc693ac93800000003fc5acef
c56d2066c0c0c599c92f7e65c35301563d3726e180000000b94e331a4741e34d3e31ad36c7fb52b3c62ae3cbbb23e7b7c5204ba03c96896d38d8a8b434012cdb
bff855d433f7cf1ebbb53a29ba96498337370c14b816d4993b23f51a3b6d1b4db6709217b68e0e0cc953eb2c3ea5f5b23d0d2894c7074e78c1505db5c9e90d12
350559f13f59c6f7c3f31fcdc33ff4d1c9fb4f45bb0dec7d4019f46a3f347c2ab372d5f348a5a311b9efa518b5b7c794bc718f0836d05102b50ad14633b789c6
b68c39ac35a5db22404d8c3eb6b93ad1b94f0ece38d45f24b243c5b6c2091e75473e010b4527ac55bc4f59ed3e8835d733b7a75d3b887e31481439864a3629dd
c647bc2bbf0299a9c356c47b36664afab627fbc2c07db224c8791fabbdea0479b5982b2744b0e48200000000b9e4d78b477755183b3be3cc373f5bb749e62339
c30e10b3bf945026b9ca9b7c3a171bd4c00a6522b6f6826f488d65bb478e6258c1e3f7e9bf841c1e41de0421c709b28046829338bd324d773d8038403810eec5
b7a61db6800b843d37a6498346c25bc5bd1711e6ca29969cc1ffaa8fc65995dc4439b761c6b16e9fc5548239488713d343552c33c6cd9093bc502f70b33dfad6
00000000000000000000000000000000000000000000000000000000000000000000000000000000000000000000000000000000000000000000000000000000
00000000000000000000000000000000000000000000000000000000000000000000000000000000000000000000000000000000000000000000000000000000
80010c160000bcca80004b868000d81c8001552a000095ce8000988800010a86800134508000f79f0000b2e480000a6b800260140001172c000024f38000bac4
80000b8d0001ace8800124140000038d80015d7700009a040000a24000021fb1000140ed8001723780027e9500000184000239c200002cf40000753600005bc7
3cbddade38b76c233cb7e06839ea4f9c4a0ee3ee00000000b4fa22163a3c3abbbdffa03349553d94baa7491731ab6353432d1ab0c4e62c02be0d0f033a164e1d
362f7c34c669b4a1c84f42dc3b2b65b23438b12145d49b05482d8dee3f5a9c09c1310d91c772874e3b91203d412eeaa146111aa54a66c186bb6b1863c918be23
ba0566c1be838ee0ca0abd680005fafcc3419e493accc81f3dabe9a1413f1546c0509bf047e70f7d3f884f55b58e6fc1bb9c910fb4b9114ec3bc21d63c0af1f8
b68837fa373414dd3d16bde33482f521c081beb7c1b5fa17b88e926a471fd08f470d3fe9c41ad6ad4516514f3a4e6432454f196ec1f1ad143a154261435ff176
c0052b0539ad47e7bc30c50fc02f96cd44327f70400033203ae4db68408e8a2d3a7e5247c68ea0f0ca86aee93e9b119bbe85df90b774bc653460b317bdacd8eb
449ed36e352e2c9bc226608cc3237a10350bbd333a4b899d37accf0a369e3dfc45bf9147b340b907b636e9d5ca2dab2dbfab5670b6452489c764b4f64bc775d7
c5da9fe8bf195e1abbe257e7c0cd456b48cc0df8c84992f9b64c8ddcc3b9a149b525585c3628421747aa8f31b672e2dc0009bdbe3388cd01c1707e8cc6f5dbf5
3c3e4358c487c22db99b63793771c0f6b693382bc09b8080c1edde94c6662802b818b47e3c8bf106b4ff8727000000003f1cfddcba086587b62c1489332c082d
c595510b000828fd3615db7133dea3494937ac1ac9530f46c7ae202dcaaa49374383102e3aa15e24b6068bf4c8fb43854a7113bac16e7cfcbf6ddcdcc1476590
bb626856bc1e140e485fb1e6bac21e3c4aefee3abaee8cacb73d3047376718e348575e8180031fe93531b469c0bca687c9d47b033e3a0b05bfc2a7f100000000
c7dc71313910bb2a45a9a9b048c7bd5b43216f7736dc9efd4a308e5cb53f9288413b16f93e62cc75bdba87bb478be920b694339e4797247dc1a96cb449a3a336
46488592c187992b4244a68f4a820066c7204773bac87fbdc9b1492ab405e92ab881af08c9da9d9d48ac16e7000b4de0349b3ea5c054bb5032e5995335139711
00000000000000000000000000000000000000000000000000000000000000000000000000000000000000000000000000000000000000000000000000000000
00000000000000000000000000000000000000000000000000000000000000000000000000000000000000000000000000000000000000000000000000000000
00009f5a80012aa18000387180018c9800017c50000001c380008c9c8000b48a0000278a000024e38001325e8000787480001dad8000b32600003ed380006bb3
0000293c0000e31d0001ac5d00005efd80002902800074cd800050da0001ecee8000af0f00003bf78000231c800131b10000c8bd8000ae188000e37500005ddf
b52bc43f348af48aba8f69013e0fdd7dc7ea56bbb55e5bba497483d4c90d5498469f8e5dbeeb2e8f3e97230b00000000000000004173813b351eb646b5c1adc0
b44ac98b386cdc6db39fa814c7578e1f381b6502b8be0f974431bff93de0725e3f3061503c85a390bf85ea3d424a80603de32a3645b17c0f46bd11d13a95ec5b
3a0566c13e838ee04a0abd688005fafc43419e49baccc81fbdabe9a1c13f154640509bf0c7e70f7dbf884f55358e6fc13b9c910f34b9114e43bc21d6bc0af1f8
b8b93221c565a787ba394dacc2b74e9a3899c2c7b73e9c8abe563156bb12bba8b869bf5c3ff082c4343d4c17bb1c214ec9b96fa938652868387b94f43815aec8
435f68fbb918b0cab8dc35583410f91dba908d5145c5025234a7ddcaba4b5ea8c3b33fefb3e7ce4db208fee03c83f20a4770ca4fb76e3cc5352e3671c2d67b6e
b58c025db8b93e5e3775ef1345bb25c9b73e316fb90fd49138cccb9cbb6f6ac43439ec63c4ce82a7c40ee162000000003d8ddb9f3b7dc1d6bf4e0b98c82c270c
45da9fe83f195e1a3be257e740cd456bc8cc0df8484992f9364c8ddc43b9a1493525585cb6284217c7aa8f313672e2dc8009bdbeb388cd0141707e8c46f5dbf5
bc3e43584487c22d399b6379b771c0f63693382b409b808041edde94466628023818b47ebc8bf10634ff872780000000bf1cfddc3a086587362c1489b32c082d
4595510b800828fdb615db71b3dea349c937ac1a49530f4647ae202d4aaa4937c383102ebaa15e2436068bf448fb4385ca7113ba416e7cfc3f6ddcdc41476590
3b6268563c1e140ec85fb1e63ac21e3ccaefee3a3aee8cac373d3047b76718e3c8575e8100031fe9b531b46940bca68749d47b03be3a0b053fc2a7f180000000
c4a24e6cbc0d598e490e34d8b55c7466b74f5e2cc10e02b700000000c8997e8738a63bd435e1a8e13540882ab4326626463ee9cc3f07d7ddbb0e3679bb1d5b57
c483ae5ec64c72a1bc06593dba6d85df39821cab00037eca3e2f4220000290e5bf14a8adc12ae9d937ad1946c5b60779c487441735a9f229b6a593d5c38e18cf
00000000000000000000000000000000000000000000000000000000000000000000000000000000000000000000000000000000000000000000000000000000
00000000000000000000000000000000000000000000000000000000000000000000000000000000000000000000000000000000000000000000000000000000
0000b8cd0000a5b60001c69600006cd700005b940000d5ae800092c7800113268001538000002241800090780001f9410000056e800161df0000c06080010394
00009f9d800072f1800134018000258b0000d4f78001b13c0000b9cb800066d9000073a80000d3ec0000c5b180003b180000ecf78000239100007b9f80005413
3fec0688000deff6334e0a723a62316f3b6dcf6a3b61ff8337ed459435b0de8bc3e14576b8426aa849113e278001691448ba6808499092014613da443c87108d
b872fbbc486a96ffb93a7de44671c204c1a2dcde3f2ed089c0ad9425c910f746403fef6e41135df44ad7d3a434d9e858b25912fd3339ce7547f5c8c6b38f7197
3628db88c13ea5bfc5d73ec03aa348343e8c08f0be26210c410531e2ba56e21836c073264472afa8488aff2d45a6fb684854f32aba214e2638c334994693ca53
b81469eac86f927bc766a84c366f3afb3e0d5001415fba9e43fce4563f2dcd23398e6b44b78359bb3b010cb2c1bfdde7c8d88b50390efaf242aca9afb2a5906d
398d60c13549a515c30977db427f8811433eb5cdb4fd7d99b44d70ffc9882b4fb78b1db0c7f554d0447b5ed3bfaba2fe496d9b3539d77869377ffbba00000000
c0d3fae1410294efc469f0a448f7a37000000000c6a07c51b614c827bebe3079c064da653d98cde2457fae5636b825f9350fda0f3e16602a423d2e683a83f25d
c123042fbe14de6e35af91074854a28fb4a4d0ce38512e2bbb07db2846b596b7b49c8c20b3390a30b69d086fb3b392de49dded1200000000bb7b8d6632d3e61e
c600d648c18363b53bc4b668be8eb799389f67e5c3cefe554920a6d336dd8b47bb0f374c48340161c837b13bc380c91d3b61b47e8014cb57c7872ee3b38dd8ab
385a75f342d1e5f8b667a17f0000000049ddb45e38888b4eb90209e44260c068bc31db413d9313423c98f55bbea27a0bc6632831baa49492b52f8e2fbcf2e3b8
4742896ec10d1a58c1a955873aefd0d1bcfe90f846d1cfb9bdb37413b4166fe9c03ef9e538606d52bb9322753d9e7bfdb6827ca53cb981fcbb39c78f48af29c7
3e3ecc8ac1b1b34ec729a81f00000000bdff6c974af38926bc0003b8bb5661d9c287cf1346ecc749c9225fd9c2c9ee5c00000000c81aa9be4881fa37c0973680
c55cf88dc048df024a80066baf6ae1244aa87ecdb78db55a475a36563bd4b4200007a8c5478c4f213f3a4ad6b5c79ad0b6a3e1334a0aff7fbb55b2ed3db9952b
3fbf800040128000402480003fc68000402a8000409080003fa3800040d2800040db80003fb880003f3780003f2c80003ff580003fb380004067800040548000
3f5580003fd48000402a80003fdb80003f678000403f8000409680003fc9800040ce80003f008000402d8000403e80003f80800040648000400d80003f978000
800035db8000c88f000050b5800093e58000ba7e0001074b000129d800002cb800004aee00010d4880028a470001c1f1000173f4000156fd8000b30c0000ded8
0000180b8001f02a800138430000d16c0001bacb8000a8b18000920700004149800061f0000089500001c3b1000034e20000142700022d0a8000c440800058ed
b3aa06de47aff7123b8144bac76f31a9410cc0193354f9ae39a150be3c6b892ec923a245b7ba46060006c53b483e46f7c10e5042b3d49f15bdc835b900000000
be9566c448af2d843b55ed2a38c23dbab8b97d573dfeb9fbc565a8e043046010b4abb3cfb6a7745c3f26f99c4247974b46cf222a4051c37f0007c0d738b015c3
b628db88413ea5bf45d73ec0baa34834be8c08f03e26210cc10531e23a56e218b6c07326c472afa8c88aff2dc5a6fb68c854f32a3a214e26b8c33499c693ca53
381469ea486f927b4766a84cb66f3afbbe0d5001c15fba9ec3fce456bf2dcd23b98e6b44378359bbbb010cb241bfdde748d88b50b90efaf2c2aca9af32a5906d
b98d60c1b549a515430977dbc27f8811c33eb5cd34fd7d99344d70ff49882b4f378b1db047f554d0c47b5ed33faba2fec96d9b35b9d77869b77ffbba80000000
40d3fae1c10294ef4469f0a4c8f7a3708000000046a07c513614c8273ebe30794064da65bd98cde2c57fae56b6b825f9b50fda0fbe16602ac23d2e68ba83f25d
35f768193a5be58337e22fd4c7653f4fc2b4d659b8aa7cd436de3fbbc1a4695ec6f8237047161ef647bf0f29b81670a5c4f70bacb6124fa4ba54f1524049f160
c7c3ba03b3910300c4bdcd9d48a489ac40954ea23ab2f312bc09e101448a220c42e13f18453cdfb13900825bbf682ad7bb31d91ec6808005441fa97646deef3b
3bdb2b29bee6f822c78a8781b6ea5c24c4c3ece438c696ba331f74e7c1d134a03d1cdba9c9f032c644f59e59be1aadd8c65b7d3842929c0c47a5c46749600326
b3cda19aca0f6205bf1b49bd48eeea3a344c2eb3caa4615936343e6242b133ad420f06d042458199bfabcdf137634e25ba63dc834a9e62a040a94155b98d7f51
b989f786c02e2181b90bb9dd4187e627b5a7b2e0440ce358b37b5bc4c90a4017b765c48a47c5cce936036193bf733174c3b11aa4b6b534fac8d870aabfaff14d
00000000b41c83d9b651e9283b32e416c9132ed5c52da9acb9800ff5c7941f95359188c138b8935cb91529fa3750a9e33617741dc40c8fc9b2966950483024a1
00000000000000000000000000000000000000000000000000000000000000000000000000000000000000000000000000000000000000000000000000000000
00000000000000000000000000000000000000000000000000000000000000000000000000000000000000000000000000000000000000000000000000000000
0000c4008000792180006c79000015e700020e03800024118000d1f88000269c8000575c00006f3800001bf60000a69400005ea3000092de00006f940000bea9
0000303000018e53800024248000277d8001714b0000564c00001c40000166478001bf6f000197b180025760800054d2800178218000249300019f598000ce48
4933fed73dc674433d84770ec4f76fbb45495e9b3d083d96b8d12c9d373476d73b126259b5038ef0446c60b6b9d2f26736522bcb35257f27355529214ab0e58b
c290018336350d23be0d5ea0b952925d416a11ae47820d16c846f35bbd231583bafbba663b2ea3503a5a984f370ec88040807ee0b70c767342814243000c2309
c6bb3a28c0c577f0bbb7ff6a42961040430a2336b3b4de474a196c3344b9535db7020f794959de8f3371486635eb8ed3c0be2d91c5984dc1c144429cba9162a6
463984a5be7681864384c152366f000b3f3bea49b6948c50c470dcf0bcba7e6e3337bc9bca8786f7c2ac43abc6460110453d3fbfc42baf5cbd37b2eeb73b5892
b482aa1dc081590c3c9ad5c8be4ebbdbc51d8f8ec15cfca0488d24b3b584760b4804947536306bccc5f900783f86d93137dd79414ab651dd489c7974bb9dcf04
377bb4b1b52d70f63301259c800198f135294557ba15065340327fe6c23a8330bc114ee3480dc8da3dda91c34739628fc7c364efc17e0b3f46acd75d493f6e11
3da598ebca4344c1ca0d788c4a6eb80db51130b93c50ec7bbd7c591d336c30ab3cacdbd4326494f5c6178eee0000000000056e65cab6f294ba4aab4441137726
c79ebbc444070b683bdcb1d4badd1fca350af4c4c207ac61bab24c2147addaca408360fb46ba5fd4b348b06ab91a7517b35de692800a2d1542f2b35ab5a880b4
41eaf228b8099ff1ba66884644b3a58144536a5c460ad14e4a97456fc843c7b2c09d3274cafcc562c4047e8cbe51717ac8369f3b48ea60854304efaa00000000
b6d419813d20bb1e35247c3544cb231d37040bec42c4cbfec28898f3b6e2ff1e4a7d59f3bd9a1a0a3487d6e4b281823800000000b79163cdca4c162ab9a72b2e
4873562bb3cab7cbc2cdeef3caf4583dbc945a8cc0ab5adab6dbdecd3d02cfddb5dfc7c1c7e00dfd4754f1a53cc0d038bb72d58f3ff4ca2d32dfb6ac43ccade3
c79433cfb22b5b24b63d8b9f4986b2e735a30551499cc3273a125b8f8009ac79000d3160c6df78f2b7cb137939b658dbb2811f0a43756dcc3fb002e941e5835e
00000000000000000000000000000000000000000000000000000000000000000000000000000000000000000000000000000000000000000000000000000000
00000000000000000000000000000000000000000000000000000000000000000000000000000000000000000000000000000000000000000000000000000000
00008b2700015c6b00001b5180011f4c00001c0c800159a580011fbb000081b6800007120000aff08000ab138001623680000460800006bb800074580001244c
8000034500000ca50001233b00011cb78000d359000002aa000132808000023e0000da468001962c80004618800026398001889f800085c38000ed8d00002632
c01b0a39bab5faa439f4572ec3fe53cf477333763c0c5566c3432d133aa7988dbcb1c6473cfb304fc46388fcb49213c03e350fcb35e4f6c9b9078355bc47f118
4609331cc82301d9b7060c39c9d1990333686aceb880171fb88d1ade3b835f10c1ecef8f4a0eb287bdc6d804332e1a543c8b35f1429290940002b276c019b3f4
46bb3a2840c577f03bb7ff6ac2961040c30a233633b4de47ca196c33c4b9535d37020f79c959de8fb3714866b5eb8ed340be2d9145984dc14144429c3a9162a6
bc47fd71b36b47f74038adb83811b207446e99fdc69a5076ca2588a0bd12d30bb6415a51b2c8987548de76623e6dd8ef47f3c2f8c62031b241835fe6c7d1c39e
c09879094708bd0647a84c2b80000a43c46ef9fec4232fcfb46319a0c4e34fb739364920c206a85bc0e601e4383c4740be41995241a875fcbffd8c43b7039201
bc005941000000003e87753639cd814dbb639367cb39daccb57b1f6ec9af9871b59fb84e35d22cf5497fec98c508bc11418dee28c489607f38125091bca5af35
bda598eb4a4344c14a0d788cca6eb80d351130b9bc50ec7b3d7c591db36c30abbcacdbd4b26494f546178eee8000000080056e654ab6f2943a4aab44c1137726
479ebbc4c4070b68bbdcb1d43add1fcab50af4c44207ac613ab24c21c7addacac08360fbc6ba5fd43348b06a391a7517335de692000a2d15c2f2b35a35a880b4
c1eaf22838099ff13a668846c4b3a581c4536a5cc60ad14eca97456f4843c7b2409d32744afcc56244047e8c3e51717a48369f3bc8ea6085c304efaa80000000
36d41981bd20bb1eb5247c35c4cb231db7040becc2c4cbfe428898f336e2ff1eca7d59f33d9a1a0ab487d6e43281823880000000379163cd4a4c162a39a72b2e
49380e2200000000420918dfb71a8d52c04ff89d3388b1b440b2dfda33acd6f0c82a9cc2362be114b3926da4b59f558b45857012be0cdec9bc29cbcfc6cca858
469484dc3d537266bfea411fb8e992a9493140d2b62338874868f29fc20249783f96bd2c40e4712d37b31ead3f47bc1ac08047b7bbe03c7f45b07a883c81a030
00000000000000000000000000000000000000000000000000000000000000000000000000000000000000000000000000000000000000000000000000000000
00000000000000000000000000000000000000000000000000000000000000000000000000000000000000000000000000000000000000000000000000000000
000004b90000551c8000b6ed80003b0e80001952800079fb00023db48001478a80005e7380008489800297fe0000faac80004986000042d98000035180012c6f
8000782f8000c0c18000611e00018afc80007b40800001bb0000aa0300004f3800003f9e8001db148001e76580004fce80019577000076b18002019c0000411d
bd341578bb0aec1e361305c03c5eb4b0b7ad044c00000000c87a132f347e4a5b3a08c7cd3efb63f24844690bc6031d5dba1c5a873c2aad28c7a6f9bfc4adc878
bd91c3443f9a3c8e441d1107bd596bc2c8f5a91240fc64e53c9ea6753e2664fbbb2daee9bcbc40fcbc54642b35dbff70406d5c56c4e99726b701f5cac3132a78
c15a5d47c451aee700000000c822201eb78588cb465aaee9356e357d33db16fe48dedfb1caa778d9c565c29b3929fb283d16b96cc263b61b42e287a94892ae73
3d0da154c655015dc66869273904d606437b46473e11d6f1c888f9b136ee9c0a0002be9c41487e31b9aee02dc47a6b6dc0d0a2aeb3ae296fc68bd90641b36ce3
c0153863b7cc108147bb1a96c7f5fc1943664da0000000000004fbb6be0a792440d16aafc4ebc38836ece53b3a0ad18f335fac4239230e4238a55abab5125c2d
c39fa13140c2b9dbbc3851503d5d9f023ebe99390002be88cae07a0bb793ac3140d08a11b82734af3aab4c73b2525761beb85b75443f4f71b77bdb3b458eea40
c3bf2ec3c5e1b08bc897201bb71cfb00b41edf943d7fd0f334e50f9c368db79e4869d6afc40b488f339875033a0b7f8bbf7a68903b578c0e3c81d0ccb8727407
bdad4be3c6630fc8be904535bbb9f43e351ab85741e6f23b35398570000000003c50b25f3b81b464bf96ee943de0807fc5147f3544a76c9e80048aa3c56620ab
3f1192a73691ecc33748f802bbe6047f3b78171ab4d48a98c8d2efecc658b905c2cf0c60bbd89c15b640eb95400969ed3e196265421bfa2e33590ba0c2f7a4ab
c47a5b08000a6a0dcb49705db4c0fdcf39b5aa3dbea91408c20d85feb76362dbb7a82c193ed8c746bc69124c38510fe7b7e84a5b4ab8a61835c7a467bbe5fb79
c7476956c2888683433c2c23c832edd3422e3e5037f14219c4e7eb03befe3017c1544d9548d489cfc3df4a283aec140bbba7a6f63fc9b126b30ac630b5557800
456a482d4a0792df372eb92db60e6d84b357202fb67f8725b488a986b33a05ebc20d771d359aa5a8b6d91d02b9f7eb38c3abc7f1b6069e92474a32f0b3c668c1
3f9b800040c780003f9880003f988000401e80003fbe80004068800040a680003fa3800040e380004052800040d080003f9c8000409480003f0580003f398000
3f348000408880003fa580003f288000408080003f9e80003f2480003f3d800040e880003f6b80003f5b8000409f80003f4e80003fd88000408780003feb8000
0000b9ae800076b30001ae640000f10f0000a91900006b22800135ec000035e480010b75800027d800007f9e0000f6590000472e0000b38400000c0880006ce5
8000300f00001dec00021b550000b61180004a35800046520000b92a8000344f8000a7cb800051820000c2be000109a78002be1a00022834000096228001b7e9
b5fb953735cc34c6b9be21babc9a6f343d809c11c74fcc5bb62be677bf31c222b68b78b9b46f6808408fa882baaf9f394b90486749b591eccaa4d75eb76b3428
339ef8bfc5de6502400857873e4172e1ca804cfac756590c44dd5dfd3f5e5ca000000000c4a5ff3ab7914bdb4939daaf4a13221b3429f853c76205eebe5ac30d
415a5d474451aee7800000004822201e378588cbc65aaee9b56e357db3db16fec8dedfb14aa778d94565c29bb929fb28bd16b96c4263b61bc2e287a9c892ae73
bd0da1544655015d46686927b904d606c37b4647be11d6f14888f9b1b6ee9c0a8002be9cc1487e3139aee02d447a6b6d40d0a2ae33ae296f468bd906c1b36ce3
4015386337cc1081c7bb1a9647f5fc19c3664da0800000008004fbb63e0a7924c0d16aaf44ebc388b6ece53bba0ad18fb35fac42b9230e42b8a55aba35125c2d
439fa131c0c2b9db3c385150bd5d9f02bebe99398002be884ae07a0b3793ac31c0d08a11382734afbaab4c73325257613eb85b75c43f4f71377bdb3bc58eea40
399e614e47ec88ed38abf188bd8820a13f9fa22cc6730d2e8004f6f2c5946561000673e03dc914b3496a5d2a49ff26bebb945934490de51442873e11c79bc117
3faf845db6683c054007f8e1bf8d977ac7cca43d4b513b17340449f64353b859b49adeab4260604b36c77e98bf6732ecbb21640540640d7f42277a05b5bb46d1
b54d71f800000000b916cf11c8ccc2d9b4f68ca0bc020aa2c796217dc085dde64b13f68700000000be8b0da23794808b4055bef93f0a602f47a5260bc4dd59a9
3c75484ab8372b6ec158d83236d84493385f7675bebd2eefbbda10eac36f79deba196f63465ddefdc206c6b5bde44f8bba999bf93b0482ff3a0131533d445173
b5874168c0b045663431fbf4ba448b98c20071de360b6606bd7edd65c7a0527fb49a2339c02ac5ae43c86bb0c4b337763ad8df8545bd2f7ccaef361e4a03ed40
c084f07139a986763ba06270bec2ed7838ce66bfb4f95c00b87bd2e4b7a58e2180093ec380007f503836c7d238eae9fc4404422d414bee1bc659bd4ac1ac5a84
00000000000000000000000000000000000000000000000000000000000000000000000000000000000000000000000000000000000000000000000000000000
00000000000000000000000000000000000000000000000000000000000000000000000000000000000000000000000000000000000000000000000000000000
0001fa56000122638000cdfa00001ae80000aee78000e668000001d480005b8f000054230000670d000146ca8000304e8000b5888000bf4d8000dd6d00009710
80018cc7800026088000d8d00001ecaf0000c2e00001d5cc8000e219000028798001a4d10000562e80002eb58001a93080005c71000060e28000d743000185a7
45a68bbe4a00c8f2c4c7f48c432504da4427a801b2559c59000000003e0590204131b29033919f96c977bc8740aa7d10b48060c641950ab63910ed4736c9ee5e
b481eeb948a7a5a7b45ed3af38bba3f3b99efc7ebd6bd2d5be1e9a463410fd90c4585e1cb25ce882bf95f1c8b6c060dcc12f1ff2c50bee41c45505e5b9813b96
4b2035dc3b17402e3e5d81dfbc33d42741e1d37049784496ca8354d842f2bf19cb14e88fb2aebb8f49048e31c8108407b8a701553b7b75793a17bf65413331c7
bc3f22ec3f3bff90b6045b9d3491c990c906a59b3fd8d51e41b99c39488af049c3a4df63456d0157c3e1a09946a34af837c248b2480bfefac019c2a4c176b0c5
47cd8e72c30445a4c352c38a478aa90d470059eac782bc32c691976236f21a7037df70424a2d5078b6d2c51d37925cb5bfd8cae9c34620a9bf06c28638578110
4105869400000000ba67aa90b5e90a2c338f608d3c18a76cbd5b8bb9bbdba60ec1ba2947c0d522734b56b1400000000031b9cfc23dcaa750bd0cfc61c72b7593
b89552b149db14b0ca05cc3d443fb2473a5248f9b69a721844062742c385dc9dc9ee99bcb87e912746a38112403418693a721d054a914cd5bb41ec784204c781
bd4d72a639db66ac468edde73c9b659733a164a843b6b59bbf83b9d8b8583d1d46574f30b9c4340ab7dd510f40c9b302460f65fd4272e6ad35551588bd9db4c6
b351dce73b140d533dc9bc62c86c2f05ca013270ba53ec143da91dfbc4bb35a334c41a6f381c7984b9c19fc632b276adbaf9f632c366285a3e02b872429919be
bbbe6d0eb921f8dc37883afbc62035713b9ee97bbf15ccfbbcb1c165407a85c547fe37e2b7813f52bdd439574586423fc0f3bdfac059c4ca40dca6aab90dfb1f
49da9baa800038504855de46b9a902e337598506bc2fc0f9449a0e9440076b22b1d15e5641f6f1664ab0853a42237872b7b72b6e4832a49c43017efb800a5512
3ebe6417b4a3ff09b70a83613d92230fc25ea0e83988c5a90007f707393ef5dab9a09790418979fcbfabd0ee3ae6440f3ba0bb91b6ebece6be058384ca953f51
00000000000000000000000000000000000000000000000000000000000000000000000000000000000000000000000000000000000000000000000000000000
00000000000000000000000000000000000000000000000000000000000000000000000000000000000000000000000000000000000000000000000000000000
0000abc080005b49800001ba00003e4500006bfc8000e68f8000d2ed000102b000003c5200021be800017ca00000470700006a898000cacd8000f3a4800041ee
8001ed878000b10d800087498001217b800213f180000bb18000e368000167768001259080006c1e800141db8000bbee8000ceac000003aa000024de8000bf7b
3e1186203818da59c1806f803ea7a7313892d736b843c366c16c301cb447619cc122b11bca587e79bc0a329333fe7f45c1533a993d41bdd0c081777000000000
b9ba878abc37a50500000000c1d01a993d1d9874b4c8f462bcc4ec27337fde08c4a1af2d357286100009ad7d3b2dec5cbb002c03b671b8653f84bfd5c3988db5
cb2035dcbb17402ebe5d81df3c33d427c1e1d370c97844964a8354d8c2f2bf194b14e88f32aebb8fc9048e314810840738a70155bb7b7579ba17bf65c13331c7
c3fd2eba3fb7eaf4378c10b0b7bce72200152a93c6717daeb6d55863bd9a20018003a33d37268d53ba326f88befd6250b74ba73dc34b7250b566899e331fb8f1
00026455b2e3911ac60c8aa8403e93b73c19932a32fbb651c534bd6dc58cc950c32f457f36ad0a57c0ef61753a6d8d8fc01707e8b77362c643d35234435aa907
37a615b4c397ec6d3407ec94bfebf217ba574659b8180b84bb8d76fa32f4eb9141433c7fc6073071be1029d747d36015b3664f7d39088ef845187844b4d7f699
389552b1c9db14b04a05cc3dc43fb247ba5248f9369a7218c40627424385dc9d49ee99bc387e9127c6a38112c0341869ba721d05ca914cd53b41ec78c204c781
3d4d72a6b9db66acc68edde7bc9b6597b3a164a8c3b6b59b3f83b9d838583d1dc6574f3039c4340a37dd510fc0c9b302c60f65fdc272e6adb55515883d9db4c6
3351dce7bb140d53bdc9bc62486c2f054a0132703a53ec14bda91dfb44bb35a3b4c41a6fb81c798439c19fc6b2b276ad3af9f6324366285abe02b872c29919be
3bbe6d0e3921f8dcb7883afb46203571bb9ee97b3f15ccfb3cb1c165c07a85c5c7fe37e237813f523dd43957c586423f40f3bdfa4059c4cac0dca6aa390dfb1f
40dbf123477e411434ac67b0b626ff6ec67d50453ae23412c7ffcc30bbb4b411b79d052b46c279534585f9cac975fdf2be2d1588b9239c5ab588d5c542a1fbdc
40823f3abd1f4e543735fd683fb41e0249a7a4403b9608c93328fe343592a2d8c3c34cfebd8e21bfb6bbe3e749a5e3a145ba5a38c173d5f03a0d397b33eccf0a
00000000000000000000000000000000000000000000000000000000000000000000000000000000000000000000000000000000000000000000000000000000
00000000000000000000000000000000000000000000000000000000000000000000000000000000000000000000000000000000000000000000000000000000
80009b9700013dd88000dab78000e1ff8000122a0000ea230001c9a0000163e60000458f0000219d00000a6f8002bb040000aa260001931f0000822180000e96
0001e0a68000a8438000496f8000dc8000018b90800041b700000df8800018918000f5fe000136dc8000c00e80012fe9000018ba80004bb4000158040000135a
c81bbc77c423af5d44614e57b72ed296000000003a0b2b633522028e3687f01c40869ab3b4955cd54623ccfa3c1dbef6419ecc3d37caa279ba983b9bb5af7ac9
343dc5dab715b791368c81334a3267f642cec1b9b82da873c45f247833e44474b59ff8bac0c794e938857339b574a938c922440f3f97563fb73778f1b6165f3c
377e8ae343d82dffc06294d54125f519bd92df02385cb28100012e543e0c45ef3d49af39ba456fce39eac006c80a612e437524684240c03fc956119ec532018a
43a4b089c9511032452fff34c405eb803abe52fb42c0f9e1b9b7243642e6968fc5d87551bb9c110f3c7551153ec508034b04926e41a7478a34175be949ac2f64
c794fae1c51cd7b3378cca58c30bfa1032137a683def37bebe343d5a36eaa4e63043936f3b28aa9f401d1d3549b1767047dc0df2c099948e00000000c883cf18
c6aa05a7402004ae388027ff4810af08c910f99bc7c0174f38653dc8412148eabb028858c5dd925ebc8446f646efcc4dbf87654cc232d359bf4efc4048a0c036
b3d29c653fb6cbdbc9ab3f47b81eb4c0c89ce55dc17b4bbec1b62b684253ff8d338b83ceb7574544000cb350b97ca2a244cc265e355587803cb045a4c4fb0fae
bcf06aa5b89cdca500005c65b80346ddbec62e11c4a3566033bca887b3e57abbbcef81c83699e101c866973bbe2b02c100000000c0c0432749a8371cc464ddcc
b5f1bce93d5f0e3841337b263cc5b650c2e365b9c514730bca91dd5541ae992bc41f64cf4773c50cb9e9b8a035605f1fb6d2675aba8ae234ba964e12b91c0945
36b64693bb4efe8646cdc36c4b34c01239221d52c66e8f5047e95fb0b3ee6df04a897df7339c70d94583da544023fdc53635e939bd374c8738c4f46cc90fb610
43a0b939c0690495b8b5c77743a84a6fc48b301500000000000891ddc5bcab0cca061396b9a7c980332bf05abc5e3e5bc9c9c37d3fb439c848e29292c823b380
00000000c2193774c636b5b1bfa18afc471455ca4910e6cac7c42bfebb0895e4ca522b14c640d7a63d63885f3a603148c9c07ffa0003ca5d47d0d716c079b2f7
40bb80003fe08000408280003fa080003f6f80003fea800040608000407780003f358000408580003ffb80003fac80004084800040d580003fa280003f1a8000
400880003f45800040b980003f92800040af800040f380003f65800040468000409d80003f6e800040d180003ff5800040208000404480003f2a80003f2a8000
00011e698000480d00017d6100011790000191828000a1288000389b0000ba4e8000103d0000b52f80006ed7000094278000c16500006d1300000c3100012caf
000079c98001775b8000509600004d9c800062d80000136c80014ef50001a4a3000064eb00017b980000522680005cfb8000befd00002daf000034c880006d29
384203dc38e4dae145d6a6613c72f91c4006dd19c2adfd7846a3b702b2f54ce33e480bd43639f742be57f3f7c9244f343879151fc5e6bf9334b0e1deba1b4a37
3940defa42dc85853de75accc75c873e35789094b4aaee263899892dc37513ac49a968e5bbc148e734af4fa1bb1b3c32c77aad7c3ea84f12c52fd08c41868dea
b77e8ae3c3d82dff406294d5c125f5193d92df02b85cb28180012e54be0c45efbd49af393a456fceb9eac006480a612ec3752468c240c03f4956119e4532018a
c3a4b08949511032c52fff344405eb80babe52fbc2c0f9e139b72436c2e6968f45d875513b9c110fbc755115bec50803cb04926ec1a7478ab4175be9c9ac2f64
4794fae1451cd7b3b78cca58430bfa10b2137a68bdef37be3e343d5ab6eaa4e6b043936fbb28aa9fc01d1d35c9b17670c7dc0df24099948e800000004883cf18
46aa05a7c02004aeb88027ffc810af084910f99b47c0174fb8653dc8c12148ea3b02885845dd925e3c8446f6c6efcc4d3f87654c4232d3593f4efc40c8a0c036
38c52731c14db905b560d68ec167b95db30d5357435c5619c8b6532cb5f0fc1b47b5b658b88bbc9838730bdd3b0bbd12bc98446942878ca8c3388271410080ed
3d88179eb2e5db693b7144d03d5155c53618af87bc8409d0c5d4e2c83ece65d74a70309bca0e50decb1a62f63b20fdf0364374e6c98805d0b5334cf5c6c01402
49e798513616b370b405de3d357b3137c99df31b800e98bf3c9ba8c637b240ebb8b44827c8569a5839338ca4baef35cc34e67f6ac6f6838f37373414368b8c2b
3ccde94942cc2fc23f394a7c43eadeeeba242a1a43bc2c19bed5989eb9aab16443815a8db3b073774a03c2c2be831806460c043cc5aaded4b439ea1dc0dd46f3
c71a192d3d44d34932bd40f0bc17bf6dc7a561373df8db5ebf06aacf377f99e7345425343e182ddebf8fbcf8c41cf88fbc19ab5d4708cf2d427c2078c8c228d2
c109b465bc8e7b563c0f9629c3fca9a73e9c11f53e2fd68b411bf396b6fc309cbb5132f649435f8a4093fe81443bf12f39da9e10b2bf74124b55adf14b04ea21
00000000000000000000000000000000000000000000000000000000000000000000000000000000000000000000000000000000000000000000000000000000
00000000000000000000000000000000000000000000000000000000000000000000000000000000000000000000000000000000000000000000000000000000
8001e0f6000112400000295000019de480011eca8000a71b0000c9610000a5548000d308000140778001cafd80000bc1800036dc00018a4680007d4d0000b42a
80000c77000016be00006ff38001c06a80004be88001756a80000e25800059e60000addc80009a02800190d58001aaec80001cfd00007fed000130a58000da90
38660cfb40b5e3aac029f812352e777bb7c7e611c0192218bd1c22ca39d86cfa49cead16bbf919b845ee164436cde68bc7fae00c36af4d5747d23e7743475871
be27d474490a7fec4399a11400045b8b4272750ac2d6cfdfc96dbbbd3cb84d0ebb5baa474590122abd06ff5c468c334ac83343128004697933a6dbf0c7850ddc
4906fdf5c2a20b2838df80cbb4c5d083badd79b3c84f4d9dc78f1e293bf17cf64a07c856427056b1c66b0429b31583c040167069b3c7ca9b3f26d738cb23e711
c0ab040c80035b15300cf35e34335ab84246099e48264ab0c040648b3b653cf3b38cd4ba408db252492dfd4dc58548c341e9ce653b050ea80003c1a9800765eb
4a19000236eed03bb6bcd48448057a64c9c1a5a73be1b0093a1f3d0ac6861dc74ab1a983c2a91855c214bb9d48155f72c24d56fe43f39d87c3aa2185c1076f67
4306e5c2800ed1a5c38b9eb2b326905a00000000c182fa1449a6ca0e3290fb9b39912412bc68448f35aff773c5d18b0738c653e23bf7446134ee38304450f409
b9fc2470000a8eb1bb593dfcb75c773941887ec63e7a9247800bc34cca4782f433976a1c39715444bf9bae42c7b19117c8e96a58bb0eaeba34796b9b3f587f4a
b317a33bbd7b57914322067d34a2721045c305ab400f6acdc65e66f0433b3c39000afeb50006ff6dc7c11a00c35cb983be081df7be2256304457c2b74388966e
34f2d3ebb9c9d4e1347070dac60455c837c54330452dfcb2b66b694448859af6421b8404bc3a1fb3bbb1c02eb834149b0009753d43d55cc736130633c43d1714
3caf21694040d5ad48c9802640ad86e6335e417d32e0ecebbe8560a8462a192c458746943ea488453f961508367af9aeb91178bebf7422dab6b0f07b3906ebf7
48407b27bd9c4507cb5ff725b7734391b66baa983e96e219b68881133e8af7ee444588a6baf9567bc03c50e8baccc7c939bb2156ca5a75d747f31e39b9b42959
c043e5024590e4fcc27a45e341f86a5cb81acd8d3d5e9d3dbe32ab7ac8de14eabc88080e35ddb557000000003a5ce405000000003d543e5ec0b145ad3383905a
00000000000000000000000000000000000000000000000000000000000000000000000000000000000000000000000000000000000000000000000000000000
00000000000000000000000000000000000000000000000000000000000000000000000000000000000000000000000000000000000000000000000000000000
00012175000056970000cacc0000c47f0000ba5380023f86000011058000149b00004f738000182300001d9180001b790001bdc100004b7d8000bea580001855
800052008000cff2800021038000886400019774800129c70000db1d0000518180000b74000025788001b00200026cc5000168428000c91b80007e7e00001fac
c909d12e38d6713cc62d9aebc71fc750c1f484fabf8552a4325e259546e2451538930c4ec08cffb9b9b61accc8207912b6d0a0fbb9c52d2637ac6f00c31bc1f0
bd195e14bf4898e2bf41b51f363b82af0007f5883491702c47336747b5a1a043c183968fca53f41249020dbc3ccfd94b468825b6ba2db1adbc46b0d446e4f380
c906fdf542a20b28b8df80cb34c5d0833add79b3484f4d9d478f1e29bbf17cf6ca07c856c27056b1466b0429331583c0c016706933c7ca9bbf26d7384b23e711
3909bbdabb45e7724975b2ebbb8189e1b932b29d3c1bbfdcbc29413945cb3ce546e64f0237ca868300000000428f961bbbcec34bc004ce46bebf17d0c5bc3ab2
3bd1ba14c12efef4c58a2accc1060af23c262120bd1b9c55411b7a4abd5d40e280099b9fc5394f70bcdb118c3d6615e5b94152d5c288ac78bba5218fc0b0da81
3546530ab655ec363b783e6bca0df9ab469bc68d466081e88005ed5c8005db88c460f174b544eb0a3c86e4ec8003046ec95902d53aa168a100150783b1c490a7
39fc2470800a8eb13b593dfc375c7739c1887ec6be7a9247000bc34c4a4782f4b3976a1cb97154443f9bae4247b1911748e96a583b0eaebab4796b9bbf587f4a
3317a33b3d7b5791c322067db4a27210c5c305abc00f6acd465e66f0c33b3c39800afeb58006ff6d47c11a00435cb9833e081df73e225630c457c2b7c388966e
b4f2d3eb39c9d4e1b47070da460455c8b7c54330c52dfcb2366b6944c8859af6c21b84043c3a1fb33bb1c02e3834149b8009753dc3d55cc7b6130633443d1714
bcaf2169c040d5adc8c98026c0ad86e6b35e417db2e0eceb3e8560a8c62a192cc5874694bea48845bf961508b67af9ae391178be3f7422da36b0f07bb906ebf7
440c12a4485fcbee414238aa4971c02cbd29fc174659353ab731d1b9b6b8f8fab94e4e31c7dd5ac04126ab4580009d54c6fddfd645b6eec133600b2bb606b799
35d3c7e9400867dcc3afbc984b5b623fc735a0cc38a30c22c89f5a00c9d5a1d03ecc43c73e080af700000ec8330dc29037fab2c8b3d8f24439fe80d84501ddda
00000000000000000000000000000000000000000000000000000000000000000000000000000000000000000000000000000000000000000000000000000000
00000000000000000000000000000000000000000000000000000000000000000000000000000000000000000000000000000000000000000000000000000000
8000845b000090d700016ff00000f9188000274f0001450b00006671000246b9800064d800006807800064320000bb348001beaf0000021880018a378000fbfa
8000f1e7800006230000b1568002333480000fd2800079e7000096708000e79000008e138000085d8000d668800047770000e22e8000d5168000b61080008461
32fd17feb95e11c580043b1ac1928073c9db3c11b522986a00000000b47267d6407228ae46e73686c2d85fc741b558e34208acba43965b9bbbad1072b391566e
475bb36f3b7206c300087efdc1bb5a22b6849927bf272605b603b94fb729639646aa9b5d3a95427bbc7646a0ca752f9d3b063efe4afe5ce9b680cc88c401298f
453e21eb4270b793c224081bb837bf0eb6dd7eecc40c739dbf99c82ac0a4174443680af435e0e2b9422448d400197d18c291d5fb412dd33f31ce3afbb9608afc
3ba97ae9372a1abbbf7854fac7a2c53fbd990f7a44083b4bca5ae33434c59b963f20bc5438298926b503a7e0c4abfa32c2f5eb53ca23c7b2c507dba8ba29ab14
3520e8323680459ebb73f920bf9c49dd3c9441413e1eb685c3fe76eab42ce82ac3375246332bae87b303fe8ac645bcdb4191af723f8ebb23c1eb683e4947afca
333ed217459153edbfb11c10493b5403bcd8b493bf18462941073a06be6657c6386c808134e9fbf633adf11ab94ba33bb941afbec1048e8e3698eda43527cf78
c9fb7fe0b9f1cbbac8e0dca840011dcfba26ba04415f02253f913957be017f7d3f7bddc2cab971cfc207b3afc7d42d0abd34e23636023e54b5e7e66fc64bc338
449d7a5bc1c1c619c00c79bdb51ed47245d137014036c4f1b76e6a43408c184c0005a228c10924e13f413cb4c0234a88c7febddbbdbe44eb4295cd274736bc7e
4706867741d67398330a8ff433bd16ae4604e05ab3ea8d8fbb443824c3a56151c624f0a048b70cbfb5442c0c3b9887403dd56ff8bd92718cb49f89e4b87522e6
c5be3182b43eebea3ee1b073c12ae84342908f3037bb0cbb452f8069bf871a63bd83b9eac62448fec5c23602bac0b896c699dd4340aad92735810803c6619e76
c5e38a2e44cf0da6b9842302b89033113abe7cb640dda66742a769733985cf363827b802c3456e2b429d098f42121193b43e82a63482422f3a495d9e41a4c82a
3d8f6568beed90b5c3779f7c44deaa223d167de349ee89383e65cdf3353f71da3a0e7b353b5dc19f3b997d2b3e98cb4fc0161ba3390e421bb52327b64628b3eb
402080003fb280003fab8000405a800040dd800040bd80003f0880003f6180003fe180004084800040a580003fba800040b8800040e680003fa580003f888000
3f8580003fec80003f1b80003f9a80003f688000406d80003f7d80003f198000406d80003f1980003fc880003f2e800040178000402d80004054800040538000
8000d7db0000cccd8000e200800123f4800089d3800135c000019f6f8000d1470000b35e000043b80001069f800121a480003a0b8000cc14800157f900010b02
8001b9398001023e00022a418000f36e000095a380022c2f800056d88001031b0000db7980005e1800006a0380007f488000156f800129a400004a9d000062d2
4a8d5ba937033ac8b6055a2bc1fd9cbfc3d9ad024536523d800d3105c806cdd6341c428637b9b9adc0865a07471d185847993fd4bdea3ef93f033c8a3d162342
c52c5ac8483c14eb497237653bfc08a8c4f973cac1e505ee3bcf35c5b3a7b38c37994588bb83c7ebb7073aeac570ea91c781399ec42d144dc240a5e3c5e583cd
c53e21ebc270b7934224081b3837bf0e36dd7eec440c739d3f99c82a40a41744c3680af4b5e0e2b9c22448d480197d184291d5fbc12dd33fb1ce3afb39608afc
bba97ae9b72a1abb3f7854fa47a2c53f3d990f7ac4083b4b4a5ae334b4c59b96bf20bc54b82989263503a7e044abfa3242f5eb534a23c7b24507dba83a29ab14
b520e832b680459e3b73f9203f9c49ddbc944141be1eb68543fe76ea342ce82a43375246b32bae873303fe8a4645bcdbc191af72bf8ebb2341eb683ec947afca
b33ed217c59153ed3fb11c10c93b54033cd8b4933f184629c1073a063e6657c6b86c8081b4e9fbf6b3adf11a394ba33b3941afbe41048e8eb698eda4b527cf78
b833a7ef35edfbbe49e9d20abd4d7e04c214d95cc4219ddcc43b4b6b377a8fef4add74524483449237b7e538b505e1574aa02d7344ebdc2bb9b2e05ec3ed2461
432ad0533beab93880086ee54086b8dfb78b32188005a4203db00b164021a0db3b6421ad394a9450c504d07b38960c22ca6ed76f442798f14551422100013151
480df8d43aaa0b1f3a12319b49335bb0be3401f73eb81964be3bf971b82c5a31c459062d3e68dfe6446253efb91510c1c0552c1bc7916aaab6c9d71fb405d31c
bd7e454736b6cdb332fe150cb6b3a5973cb94a0834e02540bd4d6f5cb99063bbc4a27336bd3bf6b63bdf6ed340a9d1223c6ba5f4c3e20a52342d4965445ad2bb
c5cd16ad439c3b8bc80860b7c5447422c69d0b68c94a9126c49194504b0b6c89000c188ec41abb33c37488aab498ff55b9ab33ce46a184e3b59236a9c84d2663
36341f2833cf4fa7c398959034da05ca3b033419bf307df3c8a1ffb7bd27ae59bd2f4e124a2bae123e9207d7b98d506dc2860873be9694283f18448bba795746
00000000000000000000000000000000000000000000000000000000000000000000000000000000000000000000000000000000000000000000000000000000
00000000000000000000000000000000000000000000000000000000000000000000000000000000000000000000000000000000000000000000000000000000
80008e0f00013d2a8001b3728000760980018e9d800071738000caa580003c73800114a80000853000014ce50000710800005502000007210000bfba000166e4
0000743c0000245f000196dc80002540000037bb0000790580004a848001e96480009b890000395b000005d200011ddf0001a9e900001be48000c2c2000053e2
4a33799445979a0144d7e3d035c89488bfb71546440f3344b5112b838009643d41f2ab4cb728f5c4b3133d32b590a0a8c51a28aa00000000c76df98f38bc24fb
ca5e5fc8c5590b3c3e575cdbbb96a6e5ca3ef9724622cb473d1ea2d3c10565fe40993295c086f7353b9fb757b45a9aca3273f0ae3ca4c4833875a400bb455e05
c475409ab96a9edab5058c74b8c8eea7c87f71c4407cc2843d19d7683e40a39900000000bc19cd9747a1197349e7a46349a85f60bf1cb4ba4300116447df1741
b3a6a909bdaade9500000000c4880a8ac1c54d4c46ab7823c13797c4421c80ca800dfb253ffe35d3b9345040b75a466dba33a8e63645413e41033deeb89d6339
b635fdbfae8ef8c0b72e3cb2479b9f10c321ab5e441365b90003350cb665cbeb3929bb1900000000cadbd939c7e860dbc309288236c1c5514a44833f37020019
c593d8f1bc6c5e09b294dd3dbbca8b62440dd33e4a7edc30b77b8b11bbad2868b853bb15345231ba3ed00a3538824880b5f83b8c4926da713d4d7f5b352dd0b6
0000000045692939b53428b4be1aa74980089c46bc50364db7cd9e3bc702a2ddbefee011406131d4b8821f55336ed684bb6f0c67b8b1a32ab98f3bae42fbba99
37c29eb4c5094c31c7587dc3000052c444d438ef35a3780f3d5032744a45bdc4c013b0893c55a8e546c82b64c69e82f60000000047a5229e347775a8c9d7b44c
c2d14058c1ca95dabd6f61a1b94388d7c3c4fcd5c8abbfb73535a3b5800833dab75c74723b573b92bc45c614be97859cc7e7d6d4b8f7138fc2a1b372c9117598
4a223677c9bac944c34e8349ba043ef2b9330b86be5804eb3e2fcdd33a41ef4935147c9644141e12b5ed4754c80f65d233188dc44636b648bdd140a14807b941
483db7b349522679468b7ada3740be4d4a169c90c7a08bf4c9a50faac7e43f8039ac191f35bcafcb382605efb838157fbfa900c2b5b35ee3b9e69a43b7e13518
48a3603ab507f0b23b6b6686c0ed5cc8c0a6a0313c6ac602b63ea7be3c8797ae3de2b168431a41d937c05572c5caa617344e6fea48162d2049317c03c09b814d
00000000000000000000000000000000000000000000000000000000000000000000000000000000000000000000000000000000000000000000000000000000
00000000000000000000000000000000000000000000000000000000000000000000000000000000000000000000000000000000000000000000000000000000
8000f29e80000fd800013f3600005406000024b58000326f8001a4b480013fb900012a450000007d0000be2400003c1000012a2f0000994b80006418800123c7
0002744c8000fa490000183a8000e7c800001e9980012ef90000074c8001dbaa00016b600000bad2000084698000b1af0000cf610001fd7c0000768580002ddd
bad6d458362c96b9c350e75db698277c44156b9e499efa8fbc363d174427e06f32fde911406190783955871045de4d613c69e58ab6850b573600b378494c289f
4019e3a7c357c4f7c60ea71f38de9e7843aeaaaa3a9f3fc642c2939bb83dc8c43ba4da51b4849c5633dcfbb532a8b8f0bc07863840af5989432775b845245608
4475409a396a9eda35058c7438c8eea7487f71c4c07cc284bd19d768be40a399800000003c19cd97c7a11973c9e7a463c9a85f603f1cb4bac3001164c7df1741
44db4f4f4573d46800000000395abd36c314213c39e3ee9641d0d8a3cabd0c564a945a864721dfdcbee5d7b93b1152cdc9a3fed93726541143c9c0f742bfea09
3d58d6ff3cf66a283f391217bb6bcfd6412601b2bafb94b9bf6707cab983688d43d7bb4636445b55bc96965dbf75a688c4542196382301b1467cbb8cba617988
b22e7368c181a9253964a8cd3d55cab3470ceb944485bc7b3c22891a48696857cb37c801c45657e9c02c5749b9764189c71cd408361394eacaa7e30a3d85dc1d
80000000c5692939353428b43e1aa74900089c463c50364d37cd9e3b4702a2dd3efee011c06131d438821f55b36ed6843b6f0c6738b1a32a398f3baec2fbba99
b7c29eb445094c3147587dc3800052c4c4d438efb5a3780fbd503274ca45bdc44013b089bc55a8e5c6c82b64469e82f680000000c7a5229eb47775a849d7b44c
42d1405841ca95da3d6f61a1394388d743c4fcd548abbfb7b535a3b5000833da375c7472bb573b923c45c6143e97859c47e7d6d438f7138f42a1b37249117598
ca22367749bac944434e83493a043ef239330b863e5804ebbe2fcdd3ba41ef49b5147c96c4141e1235ed4754480f65d2b3188dc4c636b6483dd140a1c807b941
b92b4d6e3b120934bf7cdd864330985e40ae7b74b52e2b3f3a9da7e7387ed81e3dfbf2ddc606ee9f333f465c3b05345635eba320b7928c19b9b83fbd3be042fb
3d0e7cd147d7d884c90731c0372f24a8c1a62afa37b26f37388a08f03f18fe9b3d764f4040b7ced53667471d34a6f7f3bf40e93f3c91e6adb554bd4e00000000
00000000000000000000000000000000000000000000000000000000000000000000000000000000000000000000000000000000000000000000000000000000
00000000000000000000000000000000000000000000000000000000000000000000000000000000000000000000000000000000000000000000000000000000
000089c200007c5c000052888001b0e800008f38800070bd0000139e80006aa800005a2600004c0a000031cf80009a2e0000d390800187d400015cd68000c66b
0002547780000bc08001050f0001373d0000fb0200012f4e80007a380001381b80001dc38000b7b5000051ef0000c05780022a0880006008800019368001f9c7
00000000b72a500abc175ed346054299c85e3188c3b9387abd4303cbb5efb37937439f4bc3976d784aed07bcc652f3d3378a081bb7aea459479011084815e7c7
be99f11ac8013349ca1704c73fca1295b61572cd4281986dc62247cc44c94843c1afed7480130435452d784734031ace3f07e2154990c20ebeefba303ff07bf2
3be3d13f389251adb62ca4e43807b4243ca1975e35d8256139335d3dbcaecacc4658300f35b4e3e1c4f0c7a1c425730cbe85bf653da34bc7b562c16c3582a930
4513a3dfb7d58ee9b623ffa647bf2796c4c8afce4520c856b8bbe72ab61bc8be38aa6688000000003a0a96ab4764d1d0c900ed0c3439d77fb55e2669c1954ba1
3bb1af12481025b64968cc93b581ef35b31f9806c3be28b6c152080737c79cf73d175f87be5b3959389c6a13c3947f1747beaecf397dfac64a0bfbd94199e3a4
46b0b1d448096a883d64773546c95ef23f50c7e8b855847933a31803b96d710abdc662e83f7a2b473a23ed3c399e9611bbd461843e937458ba9474c1bcb514fc
4609ab7f3b9744febbbd7294b5f10f22c25beec534e4f0d838cdcabe3a1b9f0842339a4548fee55bb573f6b83adb95ea3cb33b833eb79eb0c2b42fadc68fa1fc
b702090c47c485a0c0009c1246a85c5eb9142295448b0b97be8e70a634e190ad3da7f276c3957869433240a3c03cdc7bb5674071b78a8b24b790f9b436743226
3ae8bf0eb85a9e78ba9e9a17c931aff6c68bb5b7c2dccf3e3d7fd7efb8e490c8449d9fd03e0b3c2a4136950bb7106555c3dd85b1cafa2a16c929cec639b335c5
3ca04d06be40a0b3c3989b633f1c7694c9989f9eb836e7bc35c6769b473d1ec700000000c67baba144596b2747853d5041e4251ebc193dfd41dd2a65bbe24868
b70ffd63b71d16c63fcf2c6240baece337d1d7804814e295bfaf93653c8ac2ea440b573bb86bdc0546dea20000000000c00ed9b8b87a140abc80638c31eadca7
c394e5c83ab3a153bbde4707b6ecf5e142e5ce494930825db5fcc25cc8394c41b52fb4cdb35b55d233968f3738da4846398549813dd704c73c87e7978006f459
3f3580003f3880003f12800040c080003f0b80003f2f80003f1e800040d68000401f80003f5380003fb8800040038000403780003f8e800040ca80003fad8000
40c0800040da8000409f8000400a800040f080003f3580003f6180003f4880003ffb80003fbf8000404a80003f3280003fea800040c38000402a80003ff68000
8000fcd6000044438000cb3c8000a6e90000d50280019d6f80005eac800020a2800145e70000198a8000852700009f00800160bb8000016100010fab00000134
00009e7780000e0b0000c63f000030368001a2470000160f00021a2a8001439e8001330980010924800024f80001126b80010bcd80010e8b000292820000b485
377f9f24bc0b285cc2a9088d3bb99295b3da9d0cba6dcab836443cde34c755af47a88347b5f1933e3d2188f23e3ad756c120cc7d42f5462439202a2d39ade374
c2c5d54b33188f653fa24afa3d7b2cd4bb237afc344c8c03b6c81d70457a9a51ba9fabdcb6ef69d93dc3b8a6444b5ef3b505e007399559e5c2020ee540e39357
bbe3d13fb89251ad362ca4e4b807b424bca1975eb5d82561b9335d3d3caecaccc658300fb5b4e3e144f0c7a14425730c3e85bf65bda34bc73562c16cb582a930
c513a3df37d58ee93623ffa6c7bf279644c8afcec520c85638bbe72a361bc8beb8aa668880000000ba0a96abc764d1d04900ed0cb439d77f355e266941954ba1
bbb1af12c81025b6c968cc933581ef35331f980643be28b641520807b7c79cf7bd175f873e5b3959b89c6a1343947f17c7beaecfb97dfac6ca0bfbd9c199e3a4
c6b0b1d4c8096a88bd647735c6c95ef2bf50c7e838558479b3a31803396d710a3dc662e8bf7a2b47ba23ed3cb99e96113bd46184be9374583a9474c13cb514fc
c06fa3e638e8ac1dba4e3d82b6136234bf5949d3c1ee58c9c89b026442afc871bd12fc18c024f204388e403700000000385d8440369b67f8b6000aac382b5fb5
c3a3480dc3e3401b4aae567049eb09ce396bca09ca340dd14aa17b793ab78937b3e0421a3c44440bb5439d93bf8b5f6ec3576e8cc522b5b4c0a8cb7e47aaa070
378000b53d5c0487c58e198700020dd3c6b38a0945d6306cb40bea0d3a7f8ce235486471800edb578001d481000a7e05b829935c3c455a55415e06ef446501cd
000000004188efa2bbb2f916bc9024a4800013a33462e976be5650f83d715ed8bb862908b5d620a0bb538b70b793988cbe0796d14515d8c4b241f8b03808eddd
b75100b441eb12a63ae936798008190c47e2a1753683bab7bad8725d34440f6fc60a5c2143c55ed6000650ef37888ee83d893d37c60eda64c26a08a43a3e434b
c379c83437ef5e8900075d353b079c8cbd029a0ec3149308bd10f0523bbf93bec8293a3b3a034414c5e6cdaf4145938d3fe6759fc66e289ec0981035c65fc106
00000000000000000000000000000000000000000000000000000000000000000000000000000000000000000000000000000000000000000000000000000000
00000000000000000000000000000000000000000000000000000000000000000000000000000000000000000000000000000000000000000000000000000000
8000210e000047cc8000b3888000392d0000e8c500011200000196720000c9688001610e8000612400006c2a8001954b800086b800000e730000cc420000910f
000188c580001b6280008b86000012ff000060450001512f0000839a80015963000004760002c7a20000b9ab0000f8e8000015ee00013abc8000ac9e0000d7bc
3c5c1aad394b02ab37532172b861303f430b65404594faf6c6878af3b6b356843311d6d63ba9463ab84ae53e3c20e53f00078ca7be509858461d26dfb828423d
4831804544d24e0440920f5735c2c728c85138edba3606a3409bc6163ac9c472b60e06104a6a623b388f71db39cb3c8638a25b17465eaeeab5db6e3dc43f9f58
49d417bfb28e4abbbb08046880098f90be5f8090c57c5b61c8d942b2bf2ec3beb7a54a300007eb10439029df4b1800e53be892a23a363c6d3c561f78c2b8ee1d
3d38a90e3483c3db3c81bebbb7805e99c1cc9464bbfafadcb9d1763eb82f6853bc8b7ccf000b702eba0d4b54b29ac4c3c6cc11133995a6d9ba8f5990c4f28c6d
380e6c82491b8dfcb52f1b773d8c4ad9c4d6fe6f32fd8b98bf021f8cb302000300000000b838db8dc63ca0303849fb5c3ad82943473a7f3bc4ecbaa2389e1c5e
495262433abac0fa3c00eabab93b73823394cde8ca8880bebfb326883335fc6fca931f45b72dbf5e48893af54671d76dbd8b9970c51ba522c68ee903439d253c
b4df2163000000008004001aba7e6032c564cd6341fdda39c8568be38010096e3669f0dbb482939ec9cc4085c68edd41461d9d6eb483bc8047f1e093b4cec4d4
bff337c0b6028d203ae0b51fc8f78a48372c0359c2a17e873f255df6bd96841bbc327db700000000c92900d4beec986e3a278bdd47a07096baa31abe3d20519a
b89662ed367fa4973662f84d0000000049b5da37bff06dc7c8cccba54849924fcab24ead3d456fcf356127f8b36425ae00000000b3a50f6bb94bf685b2ce6df8
44e2150ac2155d59b7ee794b32210f12c9960d8e340c3cde406b351aca091bcdb68df1923def1e0ac813a5e8c1a018e2b4417245c48ade69ca34b1e7b845d298
c2b0baa44a0ac66236d5a48535c66d59c3ae5382b694f91cbf9d7578bec0a048c502c192474ebed5bb2626398001ed89b58d7b3fc23f9ba0468217f48004c49d
b645f9f8b9fb92a934f8d279bc3616bc371d8e5d389ace1ab64bc1a53e417ac33f13a5043ca6c65bc9253a6bcab298bb461b5feec96d99673cf2fd27c06d878f
00000000000000000000000000000000000000000000000000000000000000000000000000000000000000000000000000000000000000000000000000000000
00000000000000000000000000000000000000000000000000000000000000000000000000000000000000000000000000000000000000000000000000000000
800106e20000122a8000b67e8001a29a8000588c0000cebb00010a6e00002e0600001c498000eb5200006e86800075ef00031e1e80002a578000cca380005381
80004697000171bb00008a15800103110001c8fc8001371780003a5e800008c600010fc4800100bc8000c84f000021ae80012dfb00002f07800085f880001358
ca932a82464f4e16bc919f1038a1a10ab6b7de1540128b6948f1ad4fbd35cc8cbd7366e13c62b97439562ababa804c213d841a0641a09c7b31a50434be843cbc
33fcc80fc20aa7183c4c55114417c866470f46de4887dd003bb5011c36a665f9c082e5f4453bbb07b85c8b4e41093c09c23f648f38cd00fac48cf3f5c5eb569c
c9d417bf328e4abb3b08046800098f903e5f8090457c5b6148d942b23f2ec3be37a54a308007eb10c39029dfcb1800e5bbe892a2ba363c6dbc561f7842b8ee1d
3b818e0ac170a122409778eeb7923df94724bdc4330eca6a481b2615360ce5d8c0ab931e39ab535936859a3848089c8639d12f003b72de803aaf0ddc37761ebb
c310e533c48661853cda85aeb715f3c7c1115d76bf34e100b681865fb7b3cd6db573f38fbf8297363eb9e912360f8cde4b1f8b2db863e284bb3d82d2403c4fb6
c0b8fa464ace03a6bcd717f23b08ee1ab6e38975484a11a33b27b755b4c087a2410e1c34000000003f52847f39b64caabc181c13404413b6b3a36cd4bd13b2a5
34df2163800000000004001a3a7e60324564cd63c1fdda3948568be30010096eb669f0db3482939e49cc4085468edd41c61d9d6e3483bc80c7f1e09334cec4d4
3ff337c036028d20bae0b51f48f78a48b72c035942a17e87bf255df63d96841b3c327db780000000492900d43eec986eba278bddc7a070963aa31abebd20519a
389662edb67fa497b662f84d80000000c9b5da373ff06dc748cccba5c849924f4ab24eadbd456fcfb56127f8336425ae8000000033a50f6b394bf68532ce6df8
c4e2150a42155d5937ee794bb2210f1249960d8eb40c3cdec06b351a4a091bcd368df192bdef1e0a4813a5e841a018e234417245448ade694a34b1e73845d298
41128635bb861a11c65b2107b2ce3f98bb0eb6e13a1f065d3b81ddad46fb13c3483dec96b582d22b33682cc845b3dbd4b54e752ac9d108cc4414b993ca955ecc
bfac659c3fc75285c5bea1ebc908387dc8ac4808b9fc4340bf381af5bb70362247ff81c1bfbf4aa434e875a146b4bba5c6abd693c06599ca4668f9c2443dbab7
00000000000000000000000000000000000000000000000000000000000000000000000000000000000000000000000000000000000000000000000000000000
00000000000000000000000000000000000000000000000000000000000000000000000000000000000000000000000000000000000000000000000000000000
80016aca8001259f80007bf40001880b00002c178000485a000022b90000ff108001b67d0000a1a40000e690800122e7000042308000145380009c8f80006351
00005d0e000062a680010a248000355f000133cd8000ab6700003178000127188000c4b180002e338001b4ff0000cbd600008ae70001b25f800024c880004e26
c5ca3f493686f953bb33a487b79e2317c8b87442479182b14b2c513fb919a6bec2de550247464646000a77993d27c94cbd5ae1574a1015bfb2607608c3a4eeb2
bc52d4273dd9e1b1bdbd7137c97aed1b00000000c717fe97be50b4a4c035a962c68fe58c8000125ab8511be03de9c1ef3ca5a3e43c91d09436e0a782cab190bd
4436d942b9c9da8f4a4b8756b52263a23f1420abc806f8293679e0b8c560c7443c6c64edc6c79c15c7daae99bc7c82a0b717eb5abb83036a000030693e19e548
3805f4224569031a80066949000560863f9903fbbf75ee6fcb123f51b506ed79c948b0fbc54997a64671b631ca6fd8d244107a6938547c6cb9aad3804aae7ef2
be936a41351db107bdf838cf3e2543bab41faf264101e4af800f632c378514c5bb0ac510361f9e1db6fea229b7993059c0568890b47b5fc735c3d62639fb1e25
bacd435a80013f70c6a32e923f6baee2c7722f8a46238a7b3fa4becdb584d648b6bf29c73dabe9220000000040da8caab93d7953c7d8e69ec8c24c0540568282
4787d78744192fdec49d941ab3aad21b3ba01e88c7d4fbf7b923da68c7b6c9c8b9e24a2ebbc88285b91218e2beda2834c53233783c529f7bc9fc31934173a18e
c86e6772bd88154c000c317dc0d00905ba7258d18000f7f93e88d6dab216e868b5081cd3bbb88f00c1230379b9af265a367cc85eb972c19bc7766233387622b0
3b3196dd45a15e90c4f38aabc665e0da378c110a420df8fb48204c744529ba75c053b54046fd7a56b4d290a0ba98dece3b1844343f87644d4565442fba94611e
c991d08cbe40f2523b66d9403fdbf102c6109b9b3b805f35c5801502341a9bd039319dafc0cc41bcbb0a6212c09f747f39759217c5e37c1eca175742c3084ae8
c62345b5394857693c11fc41411392903bc63f46380a2b89c6eefc753b7de089b2fd89fa3748bcbe3dab762e4782a65f3b32c44347e1b162c4d58bb8bdeb073d
c2bc76923b184de6b98fcae8b3309de93f461e7aba1d7b1e3e607e5b4322b304447c173cc7851e4e4adfe95e428a0aacc621fdc0c380e7373a5ed5193e5ff3e3
3f6780003ff380003f87800040ed80003fa880003f1f800040c58000409680003fcc80003fc580003f278000409b8000409e800040b180003f7780003fbc8000
3f2380003fdf800040af800040c380003f44800040c4800040d480003f0180003f778000405a80004013800040e1800040e780003fb980003fb48000402c8000
8000d48c000047740000a7070001d57c0000072900025b2200002f9a0000611600015d69800029070000e8e300017bf400006a04800142268001a7a300009c6a
0000b7030000c195000270928000d3eb0000a4d080001b130000af248001038c00003fd600003236800132990000748c0001ab9180011caa00013b3500002b1e
ca9defad334a6671399a4982370667c000000000bc4cf32846603c36b5eba023b93461d64658bb6db944bd3a44a7e66242fd714e41cefd8635ffb93b3f27423f
430ae35d400b21f840245b7241e9a9b5bf75622000000000394b3246b6af2696be26d0b4b3bc5c79c1ed05cf3d3408be3723cbddc27873f83d4aee5bcaa32d1a
c436d94239c9da8fca4b8756352263a2bf1420ab4806f829b679e0b84560c744bc6c64ed46c79c1547daae993c7c82a03717eb5a3b83036a80003069be19e548
b805f422c569031a0006694980056086bf9903fb3f75ee6f4b123f513506ed794948b0fb454997a6c671b6314a6fd8d2c4107a69b8547c6c39aad380caae7ef2
3e936a41b51db1073df838cfbe2543ba341faf26c101e4af000f632cb78514c53b0ac510b61f9e1d36fea2293799305940568890347b5fc7b5c3d626b9fb1e25
3acd435a00013f7046a32e92bf6baee247722f8ac6238a7bbfa4becd3584d64836bf29c7bdabe92280000000c0da8caa393d795347d8e69e48c24c05c0568282
b4b5d412c9bb81cf43f790a646b1e5eb3cd70a6fbe2eedd1408ec9eb3821eccb484c2771b4281857c7396333390515843c9179d53b77c431c491839f42ba95b5
3a8d25f6c6c58351b53be3a2000229494377e521b6ad3099c301b0b940c4dff0ba1043e344d9cdbd47ce2f28447aa4e240090a3d4070c4503f1eeb89baca1fba
3caa2514c0749ccbb70c022bbd4fc80a38c0bc00be465e17443bd3ffc745d93dc7cc4475c42909c9c0d68ccbb69388bf38834174383152fc3cfebdbe44c48963
c034b286451998fd389edb7f49f969ec00000000c2fde37c3643015a3816eba300000000c4a67b8d37a9e8544946456b379dfee5bca46312b92463fc00000000
4899cd8cc604db06b37b78d300000000bccf528ec58e0748c058b6824a82c4d5c218082fb9771ec235ffea2ac201f96837e8ea4ec3957c1c4a68e27cc28a2d7b
4a0c22553d382dbc3f7d71243f3161bbb88aa36bbe0a396bb58da66dc19f17c040d835e880054bfdbcfdb89f34a1c306b9ccb956b7f3874236a8aa4bb28a3064
00000000000000000000000000000000000000000000000000000000000000000000000000000000000000000000000000000000000000000000000000000000
00000000000000000000000000000000000000000000000000000000000000000000000000000000000000000000000000000000000000000000000000000000
0000984280009a5c0002297700001eb400011ae48001446a00013c850000ceae8000805880010c390000747080009ac3800060fc0000f20900007ca0800129df
800144700000db0400003a89800022f10000659480008e8b8000422c00005ca58000f3c00001b779800080ae80005d29000017058001b003000247e3000160b6
8004383842ffb53136020c09c40c252b000debc300000000b438a31e467b506fc25ca9b5bbae4899b653bb63c3e55f314086301bb385956aca141d6900000000
417e610e00034244c600a157bd01562e44b5ca0abb46fd02beb8acdc39a352bbc28259c8354b89ba34061edbc6ab7f4eb68b73a4b3236a053de5c92ebc201a2f
b9481d31b7d453b8b6832ec2b3cc1f3dc23760a4c5276c4d4029ec7d35338bf5b27ca2383e039714b386299738dd9e63377ec9e9c75ec7cf35835edf49a3566c
c0329ace34024e30ca6b10a746df70993f1275023589cd9fb61906bd00000000c62abc51482bbcd4c9766531c8ad5489c29e7d52b97d07cbca42520d4ab9694a
c48438eec9a87f2734325436c49b3dcbc40eadb7c7c9679dc0a5e426b35e28c83980acd6c3afb33f3461980d0000000036a8a78bbdba7023bfcb154838304c4e
3d85a85eb377924580032299bf827f0146825d91b245b88b35e4a0a5388f2ff1bfefa937be8e49b2492dbb423cecfb9936cb45463f94f8fe3b062e50347d6d3a
be9aca0ebdbd4b1fba6b6248499f693f3b766cc3ba50f0c7ca05b14d340c055fb6bac96d341eb83b46d426e7b2efed043faac0bb34706ffb425b0318bba136a2
c285937430e9c1d041e9e05400000000c109b7e6c11ad6dcc1d00b2e498e3bfe3705006d4598f640370a5fafc1a06639b79e6eea3a86321ab70e2774340e72ab
b69db14f3cb5ae683abbe6e044268911be3c5521b8dddcc6b304c4f1c8f493ecb3691adc348e5fac3787bd2cc1a1bc0b3b2ac267355fbfb800008e66b68fdc9f
3f26971936c148d8b8e0bf6bc8622c58c48f5359bba4749b333ca98f3ebde8d434ea0d3438ef7c93bc23d4134a73eaa436f6fb803d8e185fbea681b048649916
c63d6593b89d282100003e54c66058a9bb8937a53e139fbf3b2e373d80043d96c37e48cd328d780938a081db421dd069397cda5748869e6fc603ad59ba05f6b3
c66f3b76be4982cf36085856bc82e089c6e5304a442516a4b8dcd1ec3eefc4084099c677410af5f5b5c9922f475b72aa3b10639bb787a6c3c2a6c4123eb81134
00000000000000000000000000000000000000000000000000000000000000000000000000000000000000000000000000000000000000000000000000000000
00000000000000000000000000000000000000000000000000000000000000000000000000000000000000000000000000000000000000000000000000000000
80004d10800041f90001477c000142ba0001095c0002318e000130170000cb68000084ab800064b68000e0a700006980800140a7800124cf00002f6a8000abb5
00005bd50000a1e70001f927800073b40000c52e8000314d0001134c000055fa8000cb6080003cc6000065fe0001c76c8000c5658000919e8000d3a100004900
c116ce5dc96b75a649dc99e0c23ab53442396e6fb388e5e44662d4d73daf7afb00006fb8b3f2634238b61c583ef47c0bba1dc9aac3595f80b7f45d8e3efc2d30
36787818b539d61abe78f847c3bd8fa7b9cc231a3253dfeac246150838618e674a016dd8c0b9001840fe5e0eb949cc2bc7d34f8a355844deb8ba9e4c4421d13a
39481d3137d453b836832ec233cc1f3d423760a445276c4dc029ec7db5338bf5327ca238be03971433862997b8dd9e63b77ec9e9475ec7cfb5835edfc9a3566c
32be89230010f012c4a398044b26d672be8026d3b2914e78c42eb1ecc1a62d1fc03fc38ec2261c00c6028bf3b70c441db8092d61c6d36481363946dabf3e92f2
b20c70b3463642174387728533160232000000003302b9bec5a0c32bbfe0fc394572712bbf52eda14392d621c5ebe91abf5b852dc50d12fd38b3f9d33982a34c
3afe20e1c409408946df486f3cd82227c673da85c74bf35943b4ffb04677c3ebbcaff7b3b638484f37c29f7b000889a6b82f9f3c3451b9113a880e44489dd6d9
3e9aca0e3dbd4b1f3a6b6248c99f693fbb766cc33a50f0c74a05b14db40c055f36bac96db41eb83bc6d426e732efed04bfaac0bbb4706ffbc25b03183ba136a2
42859374b0e9c1d0c1e9e054800000004109b7e6411ad6dc41d00b2ec98e3bfeb705006dc598f640b70a5faf41a06639379e6eeaba86321a370e2774b40e72ab
369db14fbcb5ae68babbe6e0c42689113e3c552138dddcc63304c4f148f493ec33691adcb48e5facb787bd2c41a1bc0bbb2ac267b55fbfb880008e66368fdc9f
bf269719b6c148d838e0bf6b48622c58448f53593ba4749bb33ca98fbebde8d4b4ea0d34b8ef7c933c23d413ca73eaa4b6f6fb80bd8e185f3ea681b0c8649916
c44c82b6b959eb9cc3fbc702359f0bb2000000000000fb7bc36ece2f42206429ca64435a000000003d348f6cbd9c7568ba388159387c225ec7136d86352f83d1
c9c2d121c331de7cc951fe93b62c6284c2e9e220b786a5723890d7fbc0f217c5c02e33a249cc342b4901e6f7b4284d86463359164771f79eca0fb5163932ccdc
00000000000000000000000000000000000000000000000000000000000000000000000000000000000000000000000000000000000000000000000000000000
00000000000000000000000000000000000000000000000000000000000000000000000000000000000000000000000000000000000000000000000000000000
80010888800000a780004b1e00006c630000d89e8000df260002bda18000e6c8800063e98000c838800069d1800002b700002f438000228480000fea8001b179
800141ef8000d9e280017dd800012bca0000e9f70000931c800138a9000071bc000107f480016b0980019bc0800228a08001f9f900017c4b00002d5c0000fca0
c9be70b6b9a3778fc594658dc12e402b80038e153a37e17649b3cbdd42306d4ec016a3990009c6b0439340774b01dfa6bb0f9d7ab5b43810c64ba0f7b36e82e2
80019fb0c25bbc0d34ae9c4d4591fc3f3bb77f19c8a6dbdf2f44039c421a82f2c5918e8ebd21317843d1a2980000000036aaf7024421aa4ac1dcd94c48db6dfc
480bdb21bab6147bb1a4c37dbbcbd903c6afe72a3c1a40c64504426eb848663b36085057c9b0d3bfc511840942b13c4739de8fefbd9cad9138ba5cfb00000000
b8c13087473d5c3749c755cf343914f9bc7a6c57bfadb320b364200349233785b5c921a9bc2a4a353b9a5b03c7f873aac3c8fa4738ffba32460dab2c48ad33a5
4933dc4bc881eb7ec50d7be0b3d7094d00027bf4bdd3b366c49247feb8ad0f84334b701cbd93b3aab453be123d0a66584a11a4cf372ca1293fdf116fb8a1c118
3ca40048c9c26de3bbf99723ba9f474e372def68c2b2208a3ee7edfac184be8b356987e7000b9ff834ae3684b49befcf338868053618a5063b201a17c3111074
3e1cedddb7a6ab433a4a74583f894f1180097f7ac6209926c4e4cab5340ae7613dc0100e404753093e052a093243bcedbe15be0900000000c7a997cb360ab06a
b692b7c1ba9aa4a74715084e3d7131a2c2e5404e80026095351ab80e342c7d26cb0cd2f64597a0ebbb2d3bd0b16d1d4fc205246cc80a044c49229fd7c9f2cc35
34def96f482f8f7b3480c783bfd0c2783ba388f23f133338be2f8e42b9ef704bc48ef95cbc26590300000000000567243bec214f800331a200000000be7b3bdd
0001a907b37da7acbf186bcd344d2e22b87235e7349399b4343e70e9c6630e86b3f58d89000000003a617dfac2448fe23eedb855c0ab369e355e3d2cb32ce57f
c712fd63be83d570be6fdfc037bdab23ca655e8fb9c0ffd74135eabbc51f356a3e90727c48947c81328955d9c08c7dd1c900d7b2bda23d823a8a61bac2b3f0a0
c76f5256b9ba110ab46244c9c192b09c3a01369db874b4b4bf384496b7c2a8d4b8ab9010c9c9d7eec7be23e9b8b393773b58950a333516163458628537e00bd9
3f3980003fb48000409c8000406380003f2f80003f448000407d800040b980003f6380003f708000406f800040b680003f3c80003f9a8000400b80003f048000
409680003f9780003fb8800040298000406d80003fa18000400f800040ca80003f1e80004004800040b68000404d80003f7880003fdc800040f080003fea8000
000062040000453880001b3a0001de2a0000748480000f388000168e8000897e8000377f000095e7000035df0000b2fb0000305d00005139800037188000812f
80010bec80004a90000059508001ae1c8000389a80000f460000d57880006a530000c03f00003b3f8001d34f00003ca90000beef800021640001964800003d9a
3e78690d4a018009cab7145db395c385b80f19c5c0a1f672c05c9f2ec9180a11c45cb219ba58042dc68245c0b61c4d0ab2c22a94bb975d0840d0cb7db9bd6723
456b20f53559fcfeb79b8c9cbaa89938c0fc0922b6257e5f3d15a93cc8df074d3381c9b9000997dc439352363d19b439c491668bbf48730b3cb2031a45156564
c80bdb213ab6147b31a4c37d3bcbd90346afe72abc1a40c6c504426e3848663bb608505749b0d3bf45118409c2b13c47b9de8fef3d9cad91b8ba5cfb80000000
38c13087c73d5c37c9c755cfb43914f93c7a6c573fadb32033642003c923378535c921a93c2a4a35bb9a5b0347f873aa43c8fa47b8ffba32c60dab2cc8ad33a5
c933dc4b4881eb7e450d7be033d7094d80027bf43dd3b366449247fe38ad0f84b34b701c3d93b3aa3453be12bd0a6658ca11a4cfb72ca129bfdf116f38a1c118
bca4004849c26de33bf997233a9f474eb72def6842b2208abee7edfa4184be8bb56987e7800b9ff8b4ae3684349befcfb3886805b618a506bb201a1743111074
c306ff9ac283f181487613dec272bae3c6142e18b78dceabbdb5d907c1ce977437d5fac9b404d9e6b930e0063f43241e48689a6c44e66d0833d7de1f4a27a582
b4062a17b38b8417bbd2a88534f3eeef3c236d45b6844c3635b1e76db9411b3dbe16c6623e39c9094aed335bc210dfcd38f3b44bc2050231beb13ef940bc5b2f
0005795bc8a1648eb81ac14244829aeebf8af16833bc2649c21d84a840457c033e722143c30c50f8489d1a8ccb899582b3f4217238bd1240c2da5d98bad514c1
c39820a3c6df7ae8b92e37c145600248b945430f0008fd46bd60721fbca6826cc781b5b43f616732b7c780483c9f9fb8c391d7df353f9456b70ff83d4723eb6e
35815170c655421946083790b54d2d66c94795084ac6f8f14233799342249d0b80027bd933f7283e3eae6c4cc1880c8148430309bee6b9b43e1a30f8b8a322b1
4231a9f1c65766f8c71f405b439f323dbacf3b96439ddbc5b882347dc502a5fec8317225483d080b4a122c9ac5fe1e3347d94b61bb22be90b446b0dd361e41ad
00000000000000000000000000000000000000000000000000000000000000000000000000000000000000000000000000000000000000000000000000000000
00000000000000000000000000000000000000000000000000000000000000000000000000000000000000000000000000000000000000000000000000000000
8000c8e70000605200006ef3800052e40000b60e00012c2d000036738001cf5a0000e64900012e1c00004134800055cc0000fdff0000f59a000028480000553c
800035888000015b00014fc98001e8940000a85080011a5f8000a500800123d700010d9d00001c92800003e580002f648000523680002f8b800173d38000a90a
35fd33a900000000ca10617a34980843c3cf6107b8d97e6240576d5300036c18c6c84e44bf1a0d0bc1032ff6ca6ad4b8c6fb902941cc73dc473a085a34164942
43f18b41386119c02fe445c3c2cc7f29c1a856a33ddb230836d4f8b33af3fd1fb73afd0e49998c8c35b88ba0b6f93e943cce60223fbb2dd2499c49253840d8d2
bd8524df41a3dc58b491345c385302d1b6b7abc7bc94e872bfd6dbf5c72a89d639a48210c5cdc1d1c0642072c82c75f542b8acf5b2b897a7345054bfc6745ec6
c7f203023ab5c5d53c4ac85abf393b12c8204074b481f20bbd824a72b64adabc46ee962cc27b47a0cb33e1813dc0e804bb875f2e3a48912f48b77e3338d94911
3e8f14c33961ecc2351ef100460d8d4ac1a62bc6bd50566e0000000034ef5d28bf23aa25bc4b926d3b884f3ec8fe0947b3da13e83b61d2e1b4a3fac2bd9a66b4
b41fa082c6ccb45b000b6026398ba4fc392f99a13319ddb54137b9c5c3afc685ba13d1bd4526a950baf98cc8c415d2e6b5a9802a3cc5b529b7248a27406e3411
c994dc1cc2366dcbc2ea3ebfc100c44db4beba0746d36dfcb476cd583714587dc8c8eed1bae2aecdc5018329bc996b35cb242832c5c62101b56e328943468b06
b7042f7547bda69a3464f526b73d56ebbb6511e648c49c533f53af9341319198434b8e9eb6f08c7645c2adc84acd5374493936f740d2c550bd922b57cb36b71c
489c8ac0c7045523c2705868caa4fdd5c521413400000000b27cac6f800810e8b8a4324dbb70b2653e6aa1924ae0adf5472f2178b975b9783f0ae406bcf08b31
47a73ab645ddabf33530ebfcb70b1e80b58b553abcbe297f46282ece36e14125496453e3c9cc23c2480ac66d37eec27a33dbda0fc7f31507c3749b95c9607dc0
b0abbf1436efa4bfc21393a74a47a6583bccabd43fc803adb90ecd34357cca8fb7e14ab6bfa1a5e6bf7c1c1b4a02784b341d1c9e33118b3d3686d909c94eaea2
4333d721b3057194b807ff25bdece45c445c51cd44b5ed96c306d6d3b63d7ffeb403acc74242bf1633ab6673b8727787b6e085674a99f0d834369ed334ad6b2a
00000000000000000000000000000000000000000000000000000000000000000000000000000000000000000000000000000000000000000000000000000000
00000000000000000000000000000000000000000000000000000000000000000000000000000000000000000000000000000000000000000000000000000000
000046c28000e9a98000199c8001a79780006a578000dcc30000304c80009bbb00005371800081e580012cc48000cb83800141200000d2c40000552780002850
0000a07180014533000078648000c77c8000783100006d048001e1810000ed478001cac50000232e00002ca10000dff78000103a0001430180001a8380010758
c0a6f522b47d5e62438e7d6ccaaf27c7b9ee7c99489b182cb43a240740588d3fc7d856133bbdee1cc5032980b3ae89edca200bbc4057e51fc4175ff2396aef59
432dff6c3e640261b439a9874a827a4c38a6f4c342b66c1e000000003d71a766c8515c243f3791a30000000039f9f16bc19e568ac76a7643000439dac2f3d540
3d8524dfc1a3dc583491345cb85302d136b7abc73c94e8723fd6dbf5472a89d6b9a4821045cdc1d140642072482c75f5c2b8acf532b897a7b45054bf46745ec6
45dcb532bde0f72b39ca91fdbbbc52ff3ef9a8a9c1b75407c1d797fabd64e17fc2eb9e28337de3d8378090f20001174ebffca7bdc1be1c5b45af1bf600003b86
4168b5ad3b0c757036aeed90bcb742d73a2805de4a26a8404a2a309ec78e7ff732cc70c64945b5bcbe7f7630b4c56c9445b5b5da437872ba3f068d73b26a8325
800dafc740817d0b3a0ff4b82fc8c721c44e94bdc95ca65d8007c37c3e6d32f83c4b45d2c7c685dabb048b3cc60e7ea037353c8fc9908a4f3c200b04b8837e93
4994dc1c42366dcb42ea3ebf4100c44d34beba07c6d36dfc3476cd58b714587d48c8eed13ae2aecd450183293c996b354b24283245c62101356e3289c3468b06
37042f75c7bda69ab464f526373d56eb3b6511e6c8c49c53bf53af93c1319198c34b8e9e36f08c76c5c2adc8cacd5374c93936f7c0d2c5503d922b574b36b71c
c89c8ac047045523427058684aa4fdd54521413480000000327cac6f000810e838a4324d3b70b265be6aa192cae0adf5c72f21783975b978bf0ae4063cf08b31
c7a73ab6c5ddabf3b530ebfc370b1e80358b553a3cbe297fc6282eceb6e14125c96453e349cc23c2c80ac66db7eec27ab3dbda0f47f3150743749b9549607dc0
be039e1a37ceb93d000517eac2fd482f334d5955bfe435bd37fdd3ce44e823e9c18ea6a6ba908fc3c8032938b5d522cc444c5bc5000b12418000ab7dbfa73831
30ae3fbb4224e5d63e296394c64e518d485385b43fb4ff4a481195b43f11621c3e8c6ec63b3cb9123e1dee32c7f2f786411130d8b6537472438a5831408b6498
00000000000000000000000000000000000000000000000000000000000000000000000000000000000000000000000000000000000000000000000000000000
00000000000000000000000000000000000000000000000000000000000000000000000000000000000000000000000000000000000000000000000000000000
000233b5800056328000351c80005d3280008465000144d700009f6f000092de800036df800120e38000acb580003f8a00015f5c00003b4e80003fe400003b3b
0001944680000a0c0000c2bc80002e608000ae99000056708000f6df0002f7b5800038a8800052d300012c7f000085178000fe6b80016a41000065838000ac9d
b6c467bf389c01b900059247bcd00e78b4423a773cb738ca43743b0a42c8bc86c60eb8cb47067d833f86693e466548c13f63cb583cddfbb5bd4148873594d99f
c65cd2a73ca1b6f8bd28f97d332f02ad3930523eb6bad200391fba08b722baf6378dc87033162ca4479eaf283a92c38f43256d12c4430489456aef6447e59a5c
3a4f1a0f3338603eca961d7cb7ae329e4926c3ab3fa09c96485d2b3d36d21709468e18d249aa617b35d3995147df82c9355a7983c8a1148c3f867b4047a79bf5
4919b03b340c6baab4fadfb900000000c60e2e85350b9847bca7819dc357f63a3fb0645f35f07d7838b4d2ebbede62c039e0c07ec4a8b616461fbb0547d8e39a
3e062e40c8af3cf9b59163f33a4b977d44c584074038101ac314ca2d407098914889bfcccaea4089c39dc7683967a1bc3b0a73953496868cca737bd63a718912
4066d6b6bcbc74f0bca892623caff6a23868478e46bd71b9bb5ea28dc96ea430c4da1c99470af571498dde29c7461765bd1d48a837ead684b36521a93540b4df
436a7e4ebcf5050db389115bc3df0a0ecac2ce5e3801543742e1312040559769bc6a4aefc91e91c13afa5faebe04e4bc47a48f08b6b58ddcb70a55de000bdd93
c5073558c979870c3350aab3bfa12412bf084449b6c4eda1be229b953e87d73b3e643aa5c32ec4243dd642f643baec92ba5d8272bca79a893cbbd9f9c047f67d
b6000c0e422d23fdb82d2397c80366cc3329715ec65bf3fbc449dcf3c8d3ed6e35e69e194b340476b9bef915c00093663b0d8e698002cd8c34ddf010c9cfdb38
40adc3e1bd39b529c3185b4949010b6f4221a9ebb892bc824153e7d849f1a811c9b42c62452d889cc8e3b2d9c76bc6a649b2f584c305d43c3eb8b81141d32cb8
c96e34644561b65abad18320c7086784b5106c3b3a6f956bb35f998e00000000bdb42bfdba0576f93b89f0b542daa63f3f5f7dbdb6b196d7caa5db15b6d543ec
c2108da937134c70391c8261b4bf237e80165dffb6155b93c981e2633aaaf1d440706309c64f61d93990bb1ac82c168bb731796bb30f9bc9bdf7a368b3874036
3f4280003f0c80003f2c80003fed800040f780003f0f80003f9b80003f3c80003f6d80004084800040148000409e8000405080003fe28000409280003f628000
40ae80003f3f80003ff78000405f80003fc080003f9a800040a680003fb680003fd380003f6c8000407380003f9480003fc58000407380003f54800040f98000
800039af800010900000910280002c390000888980016f9c8000313900007903000174b0000038d880000cbb8000ffea000109c5800000580000d67680010159
00008f8000010670000048368001ad8f000109760000c26a0001d09e00002e4d800079c88000fc5400013b738000ca6f00012a66000005040000c91c0000f593
c8104b87417cff7e39b7f6c3bd122dc33f663de745a95e71397f36e849d4aebbb9bb998f4765cd0339c45f8446d80445340bcab1bf3918c4b20af2c7be27548a
b68f3b2546207fad4158f9b9c626a77ac8abfbcc33f249e7c89fdcd7b55616ec4747f3db3ab907413595a0f9c4bdf6ea8008a126b6cc7913c59f32a3c798a259
ba4f1a0fb338603e4a961d7c37ae329ec926c3abbfa09c96c85d2b3db6d21709c68e18d2c9aa617bb5d39951c7df82c9b55a798348a1148cbf867b40c7a79bf5
c919b03bb40c6baa34fadfb980000000460e2e85b50b98473ca7819d4357f63abfb0645fb5f07d78b8b4d2eb3ede62c0b9e0c07e44a8b616c61fbb05c7d8e39a
be062e4048af3cf9359163f3ba4b977dc4c58407c038101a4314ca2dc0709891c889bfcc4aea4089439dc768b967a1bcbb0a7395b496868c4a737bd6ba718912
c066d6b63cbc74f03ca89262bcaff6a2b868478ec6bd71b93b5ea28d496ea43044da1c99c70af571c98dde29474617653d1d48a8b7ead684336521a9b540b4df
b93ac529c4bcc28a3602b1c33fcc759b000000004540cfe4b449e5f1b754309332f0006d35c9426946b3697500000000360273b1355d933bc501c412448f626f
b7c691edc52574eb422e5139c5d1c7aebaf6add0391527dbc381e97a37e63ad841a1200ec05218f9c492acdbc047f665c456685c3a700e63c31a07d4c2b0095b
80002b733f32de6a3d4c9afcc016900ac62699a8bbdfabd4b75123c3479ab7af3aa784a5c007b30135348d2a3a46dbe9c7e80f29befb79fdb59c56d4b478d190
41b7f6f13b206eaeb3c6f88cb393d53bc1ac0942c80da68bb92da3d733cbc0ab3c269fb4b6bc096837f1720143834707bc2d02c7ca46a0fe3c871221ca4b39a1
3e48fa1a437c479000063930c423b620b5903494c6d1cfb73307ca9645669992c766a8b733349169391277fcb841c6da463531323f31e42d480d127eb3d2a405
c08ecd9ac0bbb1023a27873b4574e009bf5da9f8358492a7427f6ec6c18c457446fa99f2407b99673284eb5d0006c4a749477a80bdedf04c40098e14ca19a100
00000000000000000000000000000000000000000000000000000000000000000000000000000000000000000000000000000000000000000000000000000000
00000000000000000000000000000000000000000000000000000000000000000000000000000000000000000000000000000000000000000000000000000000
0000a3090000203c0000449b800089780000a5d6000018d600001a340000c1d8800124258001987b0001502e80007605000050380001b74d000013418001bbb3
0001737e0001229f8001ad8a00004c730000e36200000d5c00001cf60000cec880022df200017c1b0001212c80005525000119690000581b0000216280010a24
43206064ca4597d64344b587c60ac15242ac0e7abd0aebb63d02545e37e45cd63460b87cc9c3072d33cbd5cd47b062e23b225e4445876fceb7eb28bcc659d2a7
c5952eaa49b783fe8004fd973eca1c0ccb3157da47f31ecfb1ee13c74814c771bfe8c5cc336b14f437539f4ec746627ab863d910ca3c316740744f6448a1d291
49cd95d1bbcc51e3b257ae7846c40bd2398d25154414aa5fbe92a53c4456596cb6a58e664032fbd7b772cd373cada041b9ca4652c61201a8425bf6e939ba32e9
341f7e743b814e2d3decf4af00000000b43b74a039ffb3cfc7fba29c00000000b3d6536347262cef3e94bef942113f8e40f2c9c6b39f638a38bfb03f440dc3dc
b6c9876c00075045bacc2c4641a9fa5fcab37765361b537847b400473cf5f0b2c6d3745cb70c81a540acbc22ba7ee19cc71ef37337dc967f44892f7431590c9e
c155f9d5c387fa05376f996b43cd5dafc8c6c38e3857b48abcb787e0be02ceaa410f5d70479f0321c69c2b5d41bc689cc781723cc41e390bc739556dc28f513c
45a21de6c009eec1c751a5cc38c89807ca9d15c8c4bd5a3dbe712e083a051badc1484d72cb14fbb9bc678373bc3dff51b2bb33363b3e2a49b9446aabb80a3da3
40594b17ca5acf1db5f50b42454ff7fb354b0f9cc400e9824b10bf07c37973a540e275ce4006f5773affd187b65539bb35160648b80d5c0bc302cde7c7cf84cf
3dc57637332e8d3bbc1e3fa5c4213ca9c789872f3d2671a1b5579a6838ec17f43a4dcd953ea43836c64a4d9642f825f43d65df8f000000003a1fdba5c95f0bd8
b27252ebb708eeb045bb6ab6b6070b5ec3634c25b65c0e5d4544c467bc08692237e914113d4d921645111d04391973453ee790d1c8787ef83e0ff9923db72757
be2e4703c1f443664552f3f2bacb1e8fc7c7faadc4b6ad4638a53d6c3e13b9c7bdf8fbbfb797921948c60b03b57e441bb223c389babc8b03bd0ed09044db2ef4
b8048fb7becf2da1c7dcadea35916ff0464ae960b9429fccc45e3fd3b8bcc505c7a94b7f3d8b9c0c3c94c94e3afd713dc1dbd18ecb38143ec49058163856df9c
00000000000000000000000000000000000000000000000000000000000000000000000000000000000000000000000000000000000000000000000000000000
00000000000000000000000000000000000000000000000000000000000000000000000000000000000000000000000000000000000000000000000000000000
80010a8a0000ea83000207e600000613000095510000f1520000d3578000b04600001be900006b22000144648000826e00008eae8000649f800162660001c272
8001649a0000eac7000141a5800054330000b81d80007f3b000144ff8000f24600000a9b000168aa80013ce200012e1000009fb48001261c80000663800103e8
bfb423c3c8e45a2033a212adb887a129b53f2737c02b2d95bc55207f418a18d2c9a014013c80072b3f549581be640f3fbc0044a8c9d3c12f3490160749df9fed
bdc841a1b79d6df431c158093abe07e2489bbec43966d3f33ead745dbf55fcc9b5ca25bfb8c2e58bc5d49d9bb688c6d2458d4633369be15a34c35f1c800c1d07
c9cd95d13bcc51e33257ae78c6c40bd2b98d2515c414aa5f3e92a53cc456596c36a58e66c032fbd73772cd37bcada04139ca4652461201a8c25bf6e9b9ba32e9
40f64fccb42e4f2b39ba271c3da14c7fc6662ccd3cf063a73651b001c44134ccb7a54046447cdd21b610f68b3dbb91f83c338ad53bdc133e3702cf97b22d5910
b5a1f06cbe01ae77c1254a053c47977f390e8d6346219990b475618cb3fa1f043cca8c11399c9f6fc88c1d033760e3d334beff05c6e902f9bbc722743891304a
b9e9b7514a5bc3423966c1e0baafb4e03cc4243f3a517bb700025bdc800a0e0ec1d028dcb3fbc62a3adea81e00000000463c70ebbb7bea243df795de3158029e
c5a21de64009eec14751a5ccb8c898074a9d15c844bd5a3d3e712e08ba051bad41484d724b14fbb93c6783733c3dff5132bb3336bb3e2a4939446aab380a3da3
c0594b174a5acf1d35f50b42c54ff7fbb54b0f9c4400e982cb10bf07437973a5c0e275cec006f577baffd187365539bbb5160648380d5c0b4302cde747cf84cf
bdc57637b32e8d3b3c1e3fa544213ca94789872fbd2671a135579a68b8ec17f4ba4dcd95bea43836464a4d96c2f825f4bd65df8f80000000ba1fdba5495f0bd8
327252eb3708eeb0c5bb6ab636070b5e43634c25365c0e5dc544c4673c086922b7e91411bd4d9216c5111d04b9197345bee790d148787ef8be0ff992bdb72757
3b193a2647c6b565c9764ba833c9cabc37ca7974c8ac9b4cbc847f163d5ee98ac3cdac1a48150d633b97cd94355fe28bb834d710330ae094be60d6fb499649e5
491f991dbb3faa74be597284cac6ff13c1d314f4475bb22134bfd27449058223340b35fcb5ebc8eaba01c31ab2cf9ae036013afc3643b956b65118d234be78cf
00000000000000000000000000000000000000000000000000000000000000000000000000000000000000000000000000000000000000000000000000000000
00000000000000000000000000000000000000000000000000000000000000000000000000000000000000000000000000000000000000000000000000000000
000172be8000e61a800086030000108600001e470000a57000000caf8000dd580001b9b48001100d0000a1150001942200000662800039d980003e6a8000357d
8000d8b08000c8f58000ec2c0000055580013d1f00013f270001740a000188d380022a85000015160000763500002c1f8000dfb68002338180012126800206c0
c1bd99d40008e872bf9012cebcd049fab7bd3aacb82441ffb6201ffd3b9f537e4579bd6e489ca032b33bd1bd3359503d3fde14470002ec023ad4a2f749e598f2
4535234ac1a44ce54222afe539ed93d738910d03bbfdd1b5bf8b2367395b1f383c1b9652b52b1b2d3ea98ab7c5046dff00000000c123ecfec1bfdf34425ffb39
3fb1229fb8e981d2427dcaa1c03c203134a8122fb62267e04b3b36ceb9415db1b8b574b04103ab7200000000b8fea604c12fca0bc45d1d4a3a3b63a33bac9a98
b2e5cf2f360e6600bc52d0ae4019da90ba2a640537e92b8f42f59681c987545cc4ce9ba5be3bddc6c725f5843815974fb7a55df837ddbd343d6c5b39481dd911
b8951e8e4836d72cbde820e300035cb2b7523d63b6c976a73cdb12a3bb88710dc3935c153a6e38da3cdaca36c1de20b1c6e466f4490051173a5cf27eb34e241c
c30f2f2600000000408e1009b293dfedbc00e0f2cb003b72bf132ba5c1158e7436ba93edc258a353c285cc0100000000b7eadb9bb40227ef3941e9c1433b6726
c901dfbd3346b516c001824f49f460f53df3a43400000000399f1e7b3de6a6963418620342c444d7bff552e83dbd7e7cbd83f1fdb1028c263c49421dc6f19d66
c60520e1b388d513c4613b71394d481d49005b60b9adaf3b3c589fb7000d9b6744427af4b3b4e1c63e1bed6f39777d4f46ab2c06bc8f39823ddbc5f5c0816e92
800453344ae813e9c52306a3b9844e9c404dd6c0c6eb2790cad389f2b8f13c7a42528986426381f23ac2b9d34a6f2c55bf90f6a6c0ac36e6c9fdffed4027d069
c74350f136a5c3a13e12a9e3b88c31e6be80c783b77b611d386c8b604ad81eaf000344bec47c57534403c5023d32f78cc75e09f338899579c4144db63ba5a8fd
43976a64b7114501b4aee0bcb31b4eb53fbcd887b62cdf0339245db8c88950bfb663c79ec6014a893aa38fed3a496d3247483aacb380542e3a8e62693960c814
bdef5075c07bcbc4800d6e3fb87010c3ba525cfc462ec83bc85614b9419088dac081e87dc5f761b3452f2a9d3dc77546382e629039589ef047d49e87b6a574b1
407480003fbd8000406580003f6980003ff680003f31800040b980003fc2800040d780003fd480003f1e80003f878000400a8000402280003fe180003fe78000
4054800040b18000409680004053800040c380003f0680003fb480003f8e80003fc6800040418000401680003fdd80003f6980003fa9800040708000401e8000
8001088f800106a50000e3b00000e1f800004d380000427c80008a0f00000668800031a380037cf280022ba1000014b80000036c80015c9000005adb0001c2e8
80002c490000852a0000fa8480013ee780005ac000003d27800289960001427d800048230000d5b70000a1ed000156858001702200002d900001446a00013b63
4a8f0bc9000b9ce13a52b828c346eedd42f571fdbaffb65539c35e363836427b34bcacb237aa8d0b35a9f8c73b92e1e3bba08aa9496754e33b31c1bf4b4de023
b635b89cb3c682bbc3bf1b43c57c2f62b7aa3863bb32f77047a9c2f9c4856d42c93e0ef0452c65924575adb3430640f34707b22e45acecc8c2d63166b109441e
bfb1229f38e981d2c27dcaa1403c2031b4a8122f362267e0cb3b36ce39415db138b574b0c103ab728000000038fea604412fca0b445d1d4aba3b63a3bbac9a98
32e5cf2fb60e66003c52d0aec019da903a2a6405b7e92b8fc2f596814987545c44ce9ba53e3bddc64725f584b815974f37a55df8b7ddbd34bd6c5b39c81dd911
38951e8ec836d72c3de820e380035cb237523d6336c976a7bcdb12a33b88710d43935c15ba6e38dabcdaca3641de20b146e466f4c9005117ba5cf27e334e241c
430f2f2680000000c08e10093293dfed3c00e0f24b003b723f132ba541158e74b6ba93ed4258a3534285cc018000000037eadb9b340227efb941e9c1c33b6726
bdbc25c73a87a4df4aea08ce41d39ed8bfa949433906a126ba3b562fbcb25e5e430651bfc6c15cadc623aee14104f92d439698a83b84d1e93bad4105bc02ad3c
b95d55b4460652d7c79a9333b9be5549340860f63bab6cf638b53c3ec75189454919f81dc09f8075c7cc09abbb8a3c1abf9e9f94ba41d74a37d2c45e40031f0f
c983e18d413aebc0bb342cb9b96774554190ef28b37105a9b908fb57449ad89934a80fd5348503d6c489eec9425a3066379881163c9e72924805517dba8e0a70
b95422ef37cfc015b1a313b3409e507bb84f30d6bc0429dbb735248cb8c26801bf4664dcb792d118b9cb77f0b8455895c3975b8fc78be57940e7979b350540eb
bcdbd1cfcb5dd0efbf9c816036a29db9b7d3567948e400ceb5624a3b41b84a23bd0b7f4d3743e7dcb5c64eb84124837800000000bcc0a89380041260378d990f
460c76e3b52aa3b2c4a0616ab8fc844db71738c043a7d9383cb44795b3ae656747624da7b7479ca0c737749dc45b02f3387e22ac42270fb3c92eda5539392178
00000000000000000000000000000000000000000000000000000000000000000000000000000000000000000000000000000000000000000000000000000000
00000000000000000000000000000000000000000000000000000000000000000000000000000000000000000000000000000000000000000000000000000000
800007bc8000c67c80013c678000c60380006dff8000d2f8800100c90000beba8001245e8000dbd0000216fd8000ccbc000024d5800059d60000154c0000a56c
0000b9e38000f9a9800179c90001ca1f80008d74000050a900006a678000483200008e2a00013bd88000130c800018a4000024db8000039680012e458000eebd
b5c1ce5435f255d1c49af660415cd202345b99f13c68d15236d84060b23a2216bfe9f6fe00000000447616e04314eefb471614d1c2c26829c138734fb40f88b2
416b7756b6b5007bb926c8b6b9a9f3d0b1a8a6dbc8e6564d34153392b9943c3f44813b0d378c2ffbc4aa930d00000000c6d63b23c0e6c30e37ccc8f3c47cf84d
ca41c59737406632b4498b25b4c691f8bb9803d1b448cd7a33c7c2a334bd4bb1c69d770cbf083221c2e8380abfb51638ba7e30603ed16ee73e70c5574524c530
4262394e36572966b58da4b23e06214380016d46000868240007477fc39ed78c4420b81dbe63369e4a1a945ebe09ff4b000000004196910fbe883bd435509556
391093118000e9fa41434e7249b52892c97799a5b8153b50cb331c900000000033fcd6c7b5dd86d341abaf7a482827c20000000046a14515344325cdc5498ee1
48fba9853c33f970c288250b3c11c271c553ed6141b38d8db79ffeb9cae9702600000000342a6c8945446e4a00000000455fa3d7c18cd670bfb382f38000eff4
3da60b1ec55c20563ece4398345c49863d69fb16ca12e92c41c30d5548f8bc454ac4fe3a47da6902c0308c3241140ac5c5ec1acb42279fb4bf25975f3a0d7f89
ba832aacc061d559b7cf091bb9d1a9413292b6593b0e22a1c005382bc0563bf3444ab8744abad8020000000000074bfcc89dabbfc28d5db9b5196d6c341d5df3
b4d0c1e247b6b99ebc5d86563ff1a61f3ce273a4c9f09f7835cf6d7a43eab443b57a1292473d8f4948851d6337c17bd83795e7d140ebc374c430ea5936c26653
c4fdc55bb501ee0934a8df22c9632443b4a7e25fbdbf956a475f6e9e3d1f870fbc536c97340e41e0b7628a173fc6e853b56180e6bc86077a34afaef6b400122c
c655352c412ed168489bccb9b36e0f0642dbcdf6bd8425d136a00c2abf15dac6c30fccab45516805c858b6c437008a6848dc8faec90465b6c932ea95350b6abc
b54330c8be16177bc1fb0144c3febc0ec42a5dd145af201d4303fd5a4548ee1ab5e95f3b420de97bb5afc5acc284e0a8bdc4af65b5ae2e7ab48ae959800b56e3
00000000000000000000000000000000000000000000000000000000000000000000000000000000000000000000000000000000000000000000000000000000
00000000000000000000000000000000000000000000000000000000000000000000000000000000000000000000000000000000000000000000000000000000
8001516a800035ed0001560500000af98001948900006e97000091cc80009da28000fa9480009310000119e5000066000000c4c78000194f8000d27880006a7e
000042308000fbe000013f46800027520000db84000040a78000d44f000090210000109e80006eeb0000890400006947800107018000c70d0000f5b5000132b8
366977ab368720bcc5dc29e532a7f1b444a6d0453d5680013a080c9e3e1a3e9e45af2213483cc9a1bcc1eaa8c6cc4e4f3941091ac28bdc2e41e78686b43cf3bd
bc8003f838967c203c09bf8c374637e239ec17a0c46ce47ec97eabf0c628201cb7cebf1ec930f8254091376a34eea59440127474c89528a640b4922bbc26d45d
4a41c597b740663234498b2534c691f83b9803d13448cd7ab3c7c2a3b4bd4bb1469d770c3f08322142e8380a3fb516383a7e3060bed16ee7be70c557c524c530
4193f3dfb5265ecfbd90a611c08e0af6b4f9c934b8b173cab7a56aa4c4f03d6e37dcf1fc439a90b735be92b8c21290433a82a0dec111d8c43c962f6d485c756a
36dcb66c4af0bf34342611df34533db500042e29c2f5aa4640e329edc64736013482f2e8cb05352c346588bac1ed5005b855693bba56d4483a6a02f5bfa96496
498f28f0c85f8fa549399817453ff621385cac1ebcd9dcf0bbd280dbcb010c94be93abc53db9cb4e3a970e64b92b2f55361edec7b7469b91b989ac233adc55ff
bda60b1e455c2056bece4398b45c4986bd69fb164a12e92cc1c30d55c8f8bc45cac4fe3ac7da690240308c32c1140ac545ec1acbc2279fb43f25975fba0d7f89
3a832aac4061d55937cf091b39d1a941b292b659bb0e22a14005382b40563bf3c44ab874cabad8028000000080074bfc489dabbf428d5db935196d6cb41d5df3
34d0c1e2c7b6b99e3c5d8656bff1a61fbce273a449f09f78b5cf6d7ac3eab443357a1292c73d8f49c8851d63b7c17bd8b795e7d1c0ebc3744430ea59b6c26653
44fdc55b3501ee09b4a8df224963244334a7e25f3dbf956ac75f6e9ebd1f870f3c536c97b40e41e037628a17bfc6e853356180e63c86077ab4afaef63400122c
3cf2e2ebbe34e291b68bdb5ab4737c53bbfdd53540da2a21800782074887433d38256554bb6b5f31be2e8a64b3c45b603c8f40c646d5cb4c3caab387bc8b2d7d
c352ea1bc45dd961c7040675b4800585b472c58bb401a911bcd1381cbdf0c087c6efd8463f9cf45c389e396036bd2fdabe386b84c1de855449c814bcb5fd78eb
00000000000000000000000000000000000000000000000000000000000000000000000000000000000000000000000000000000000000000000000000000000
00000000000000000000000000000000000000000000000000000000000000000000000000000000000000000000000000000000000000000000000000000000
800031ba00016463800161dd00016f78800098bf80007ee98000ffbb000086df80006ee08000511a80000cd00000a8060000743400002b3780006d0300006a05
0000132e000085e400014c140000c1030000716b000029de8001841800004d7a8002ba3000001de280004709800064ea00005e5c8000315280009ffc80014a1b
be6ef3ab432119b8b7f0ba024405b3d33c5edab54153b07eb40f23d041ed282cb4c3fe61bae47be84509e3f9b78e0aee4198bbdab50a822ab62b56b4457ed6ed
b396e45941aff05136cba870c8a98219b3a7c688c04e2434c8091ff546a06d79be3238f838f18c34bb8e02143cb7706ec156ee6ec9f40076b4a7d70f415c24af
40434f50be64e588bb80cdabb6c069c64131966fc9654eac49b4067fbfd118c6b77b2653c6c85df2b719b273b8ba3b21b7bdb5403b8e9979470ed44fc707581c
3306d033b40ab141b3db81ba34491bc2417fa0c138d8625b428d9dc7c3bf3652b5c130e34a54538dbc5dad613c2e1750371d27e1b61813e347058e3c3e0f8a56
40763264800a2848c7b1147539511f03bba5854300029239cb70fcde45139f5fc258728db98f9ae3bb222591b5457874c26c5e2543ca642ab9bc1802b75a896e
4931e89ec305c19cbe9e52bf40c86c52c32f03eeb80cadd64731ab82babcbc9135982153c0e4f6b7417cbbcc4a63c42d402e55c9b5cf23d538ef7b1eb888d048
c8fad60336cfa29cbe3fdb1c46d605e93e919c8db438c2d83b33e48db7e6f178be1ac67cc96b3aeecb3781d5c3d58b81b4a0947845a4b4debb7463763bca5b7f
437e189ab5f6352640a6eee1385063af33d51a8f374b286c38103327c4187384442812383a06837e410d5da6bca4e2a83a8ab03b481b378948996d083f0c2709
ca39df723f531988c6b14db845980ab23a2449c13b0fe516b7e60ed7ba02cef03f923e6f36bb875eb94d20014539e5e0b6aed4cb3e9f1f22bbbf8d943ea1679a
bf085f79b540cbf548ca97c6b93a277fbf38a4ccba90491941e8090c38dcbd24397e27babe4bbc1b3de197f5b9e3b1de44601bbec51b26593dd8caad392bd93a
c0fb5582ba02df1dc745e4d341cb4048b8d3e19b496677ebc11a7b4c485454db3d7f0471bfe9d8fc44cc7900392c9211bb161cca49a935ccc4bdc019c760d82d
3bd389e1b6f1e46b48321dd74008245ec684b1f9482581d23fb62781bf08115e491c30d4b3e79b5439986b493f3fcf5ec47093993540e38d3e49f39bc456bbd8
3f7380003f9480003fb7800040008000403780003f008000408f80004057800040db80003f5380003fef80004072800040b680003f5a80003ff3800040ce8000
4076800040af80004039800040e88000400a800040a180003f9380003f1a80003fba800040b980003fba80003f8680003fa980003f0880003f18800040668000
800019228000073300008ca5000001300000d7dc00002978000006cb8000a349800091ca80012bba8000e1d680000c9200009bfb8001c7398000203c800077c5
00012c45800065ec00007a3d80005b9e800216b300019fe2800215f300005812000137b18000611800003df10000fbf800002fa8000042c08000a3f10001b897
b2318e16c982b9c6b98e88623c095a974582b55242330777359745dac70e5e6cc0bf8956456a209a34695eb73fcb0477bb955fc245cc2b7abcb7b112c732d1b9
34047e68c10ad547be04580a4b137427bc59ece03b086eacc93b51f2b8b5c64c37832e5fb7cd61cdbc27fbd837ca0cb6bc8a6c2740780958c08a90d0b83444d9
c0434f503e64e5883b80cdab36c069c6c131966f49654eacc9b4067f3fd118c6377b265346c85df23719b27338ba3b2137bdb540bb8e9979c70ed44f4707581c
b306d033340ab14133db81bab4491bc2c17fa0c1b8d8625bc28d9dc743bf365235c130e3ca54538d3c5dad61bc2e1750b71d27e1361813e3c7058e3cbe0f8a56
c0763264000a284847b11475b9511f033ba58543800292394b70fcdec5139f5f4258728d398f9ae33b22259135457874426c5e25c3ca642a39bc1802375a896e
c931e89e4305c19c3e9e52bfc0c86c52432f03ee380cadd6c731ab823abcbc91b598215340e4f6b7c17cbbccca63c42dc02e55c935cf23d5b8ef7b1e3888d048
c70216253afdc78fbb6df447b7d9c7ccc392cdd3c3a54e95bce35910385aaafec8e7e4b445d90ceb39f61fc7ba44b9efb2e8452634d1f3d3ba6b4a43b4f15633
37213ea44a6672c140992e08b6d279abbd1da43d3f4b47d63375f007c726c67e34958d764086a16ccaea2d953fad736f00000000bc207d0b37d3d073447ca807
b441701b33573a75c3fa0edf00159abd4348edfc4244f8c0ba469b3343a55aa6b78915a7439ab6573f792e29471ce68e34b8a7aa43604ef600000000b82fde29
b7bddf29c377410434d9dfed3e2ddf3cba22da35448a2f1937e13fe6c0a6967a800e49e94003b1ee45420e97c1054c39c4c2c6d0ca063de6c88f8f1346fae830
c833ee47b68d4cc342b7dbcac050fe923c1cf28d3c8fe0adb64488664343629f3aa6cd72b61e71a7461507a04106d97d406d85d83f3ca6d734af7e6945381c76
381397968005e2be39e0c5c9c0e6759dc738676dbec9a66d3ececf954085b8e03499ca03443311c6ba26f5dd41a68555b941fbcfbe0359cb3cb47de84295e7b9
00000000000000000000000000000000000000000000000000000000000000000000000000000000000000000000000000000000000000000000000000000000
00000000000000000000000000000000000000000000000000000000000000000000000000000000000000000000000000000000000000000000000000000000
800037300000fc4e800116de800135ec0001e0e38000329500017fd20001ebc60001a3ec00002b5a80006d08000037ad00005c670000418b80011d7b0000bf30
8000b85d000008a60001991a800046178000ab3a0000403a00018aaf0000fee100006b10800059e20001ab6b800026690000fa420000344a80022905800177c0
49003a5649e0fd12c41b66f3b6a601a04b178dacc01b3ecf44b8e6e1baa1f0c0b51c3f00446513bb488c984fb80201e20005f873bf4c4c37bd442b42c10a5c2e
3ebd238bbf00cc0f40df591abccc23b4baddb391b98f708dc73bb2c5bab976e7c94f115a3faa460b4855c463cad134cbb2a47415337355ed3f048965346d27ce
c3695002be369d413c43da5f3b63c7a1489b8d60428fc8eac2c32150b3b2307035275ddfc7ea612c3c0fdfe6c2d8b5c43c018891c5e303f6bd53f67bb89176fd
46c4c675b4d0cf1d4065fd18c25ed035c2b2d65abf3b28e2c8a4cb5a464b411a3a075677b9e4b7be3b1d0f47c1045dc9c6a17f2dc14e8af0b3612909b7232ff9
47d3992d42f4ebecc8ad2322c31ae236bf20295d38a4a156b4d2b65c435fb0b5c5992cb2bdcef307411c03a33fe061c1bf08412fbf20cf45392392c6363689c6
3c219e8fc55982a44505cc5e3c8883c1392e8b3335a98f893a775a81b82d5f4ec403e4fc392992cec2d882253e95b6fbc40976423f28e5cd4b059d2c3c064b29
b34761db0005e03a000000003bfe6f6fc6410b48c1ab4fd8bae63671c9baa91a80039026b9b510e1415f3bb540b9fca84a484cc8b4246c753823edaa34429fb4
4895f5483c0e67ad48258af1c397026ec9a92aca3ccd0f2bb477eaa4492db2ea418c11dbc99f81c9b3f3abfa3cec8ccf000000003a3fd6edc930529a4040f940
3588e34f4ad9dda4c112daddc545c19dbb674a01bd9b6940c46d1630bd900ddfbe7e5a71479c3f6549847d1d3c49e1d8c9d8932f37acde1dbaa57425bcd0eede
37561fd63a9cde5cc45d3be1bf972a63b696c3bf413b1c9f341ded02c86321cdb3bf9e840000000047f96fce365e71c6c1df425b370e2c47c51ce271b88cede3
46b658fb358b19f6498560edc96a0949b3ed823cc581d5a5c251ced9c1cd8b594928ae61b815c5a4b604bea7409616d9c0f28fa943a7c7e93ebd37343827ac2b
3626a9b948397a2bc9773a56b92eef013f2f9bbfb8a146d5b1a0a69036150d5bc74bc4ba00000000b3de32c6b90b11aab8322f9db4a82da6418d5ec3c9eb7946
00000000000000000000000000000000000000000000000000000000000000000000000000000000000000000000000000000000000000000000000000000000
00000000000000000000000000000000000000000000000000000000000000000000000000000000000000000000000000000000000000000000000000000000
80006b060001a2cd8000b1678000e6cd00000a4d8000c6a30000950c0000fe958000ce0680000ae080014c6580000dde8000a86f8000177a80013013800040f3
8000efa7000134e3000090680000496b0000c477000075e28000cb9e0000cfb58000f8fe0001f47c8000f76100002f4e800092e88000855f0000dae30000bde0
3e5ffc9e3e3beaefb71613be3857eb4a00000000b5a49c5f37e7d606bbefd44cc60362a30002176d42973e4d36bce37949e70b4a46f2988cb4c9a6818008417c
34c9f0ecc1ee0ed4ba725a703f2fe9a33e86ae27bbc50938c30f88fe3634bc6ab224f8c5bc0dd73243475d0b3f230c77bb6b1075c39dad0a3e6ea626b896fb5d
436950023e369d41bc43da5fbb63c7a1c89b8d60c28fc8ea42c3215033b23070b5275ddf47ea612cbc0fdfe642d8b5c4bc01889145e303f63d53f67b389176fd
42d4c0ea35810aa70001db44416a931235988a563e2bf6f642da5ec8c78af9bb3d825c6db881bb1538010a4eb87b5c05c10d351dbc6637d13a9859173ff617cb
c80c0b1c38a44f4a3a9bc0f04907cb3337bb069346b418d845e986923ca4bc32c235e9453f923029b6741ffb38ce4249463e0b76ba8d90bec547ebe2b9c7dc82
b3acbcc34369de2343f2151e41f7a259b7d67aadb7841ef9371031fab62ce3ee44516cf9c6940a69464264a1c59556c94b1162c5423700e10000000000000000
334761db8005e03a80000000bbfe6f6f46410b4841ab4fd83ae6367149baa91a0003902639b510e1c15f3bb5c0b9fca8ca484cc834246c75b823edaab4429fb4
c895f548bc0e67adc8258af14397026e49a92acabccd0f2b3477eaa4c92db2eac18c11db499f81c933f3abfabcec8ccf80000000ba3fd6ed4930529ac040f940
b588e34fcad9dda44112dadd4545c19d3b674a013d9b6940446d16303d900ddf3e7e5a71c79c3f65c9847d1dbc49e1d849d8932fb7acde1d3aa574253cd0eede
b7561fd6ba9cde5c445d3be13f972a633696c3bfc13b1c9fb41ded02486321cd33bf9e8480000000c7f96fceb65e71c641df425bb70e2c47451ce271388cede3
b416fdd73d5493a94272365bc53a6b3e4478a396b4c0d132c140e1d141395a3e3da04113bf55636b3a86a0e23957088f3d16cdacbc89f2f6c07d26e8b41a1f28
447c90c648ed50d4406b11d533d2fed743090ea63eef7f17b5dd9273ca4ffd97360ff6b4b6071648b7c787c780002815bb57072ac8da761342f11292c8112695
00000000000000000000000000000000000000000000000000000000000000000000000000000000000000000000000000000000000000000000000000000000
00000000000000000000000000000000000000000000000000000000000000000000000000000000000000000000000000000000000000000000000000000000
80001d1c000001f60000d2f980004f7d0000694e00013b42000239fa0000b62e0000503a8000dcfa800079ca00011885000179c700009e480000ecf00002140a
000087020000f1988000243000000dd2800046578001b73e800095c0800025b0000247f1800224a48001a7238000b6b10000194d8000b9d300001def0000e975
35c7aaf2be4dc78c3f206efeb79acea649943c1d000894ff3e1c9e5e332c032ebc0413acb6e0c6f3395a073d48e5cc583c436060c32728acc4266febb8148d6f
c20c5a3280023162bff64c27b80b1c44c1526cbd3d135503b44785a83f47c63a3517faa6be6e9c35b819894800000000caed4ff6c7bbf3f93d8c8dca39b274d9
3d630419c7995cb3cb02a1ccbdb4838900000000000925fb3f4322b94a73774a468852c7c63f182935937c2649712ac9b602e9944570132839140ed23eb5936f
c5c3378046314a2348b5c1813f044c744ab21e0e000093c342c0f7e0478c85cb0007a8f93b4142f338d60a0d46f5903442525ed8b8e0c6aeb6a03280b51ef960
431df4474841137c348763ffbb28da8fc130afc7340c378fba86ef85363f147435fac84f41c779ad43dad4c541c35004be5447b53d18be62c25ef6a2c96fd38c
3d7eeac3c80b4ef9c70b836e4a85c297361285be36067d2e00000000410825773f8dacddbc293a3845fa7731c2dba9df3b775e90800e615e4344e5b2b2a93eaa
478a94fd483179ebc2a0beafc5adc14f3c01330d3e3c1902ca79902db9c976ec379ba1ed3e8ddd64bac3b90fb8082702c59ba5d0c049b41bb40a5492c5b07991
3cc00681c3229cfd3b9bfcbcc2a2e831c458b550c549576bc8df1dce401e4a11b3c29fbc000000003c193e3540c359773cbeaea84119cd43445e14693507c934
b397bfacc87390efc482e7f948858401be5e0d82b792f367c19896e6c6a21d47000167713980dd43ca8f618e3285245040c537ee4a78a993b983f103c080d213
b5c1ace435ce9ac83bb1d9bbc98fd228437b412cb71830f241030ecf406ee725437e6daec1faf0d23adb587841ad8e963b332acb39b9ef20bd2b18e13a60981e
bba774bfb3c1e87f3ea8c46db6d70eaec5626d0f42223185c7eba236c2a3580fc74cb037c49da82c34af1fd2c357d224c4526e9fc1fe7dc6bd84eaf345dab2ec
499e0b56b8c81eb2474b37c5410b20843f81a6aec908e10dc50ae349c58b2593b5892a0400000000bea2a82300098d07bc696f7d40e406b344e90f9e3c9b0514
3f1e8000407680003f58800040d780004002800040d280003fa580003fa8800040ab800040708000400780003f5580004089800040e480003fe980003fd28000
3f9e800040aa80003f8c8000403480003fbc80003ff180003fec80003fe380003f0d800040488000404680003fba800040c380003f5e80003fd8800040288000
000062f5000075f300007fee8000506a00016e898002b1ed80009c2a8000adf60000cd36000090cc00014cdd800050e980006685000084fd00013fd400013814
000100db00006b3680002b4d0001ab2b000183790000ec848000eb4d0000b2570000bb9b00006461000051f18001432d00002c1d8001f815000048fd80009c75
479ab840b93f264e355040cdb50acd9d00036819bab4d06735a82a0046d07101c5752e06bd142c88bc076190b22f1123b1a52aa7b5816c6ec090555dc98f4f01
3f868172ba7e8644b31b09f8370c77bf3c74d70ac6c85a4940d9d3b6c6f3d184b58b1ca1b6a5c88a3474df34c7165d54c5a2338f3c83c03241643dffbc7b69ac
bd63041947995cb34b02a1cc3db4838980000000800925fbbf4322b9ca73774ac68852c7463f1829b5937c26c9712ac93602e994c5701328b9140ed2beb5936f
45c33780c6314a23c8b5c181bf044c74cab21e0e800093c3c2c0f7e0c78c85cb8007a8f9bb4142f3b8d60a0dc6f59034c2525ed838e0c6ae36a03280351ef960
c31df447c841137cb48763ff3b28da8f4130afc7b40c378f3a86ef85b63f1474b5fac84fc1c779adc3dad4c5c1c350043e5447b5bd18be62425ef6a2496fd38c
bd7eeac3480b4ef9470b836eca85c297b61285beb6067d2e80000000c1082577bf8dacdd3c293a38c5fa773142dba9dfbb775e90000e615ec344e5b232a93eaa
385cdeb5b2a46eaa44464c9fc8f177164266c74abc890455c602855bb85af7ee42095fcac02f71fbc099b1563c0369cc383d1e8db593bf8a34261286b2c46e53
ca9bfe33be97c27f4502737646ce0c75496bf345b4d9f44fbdcec7fdb3941c44c49c0b89be9bb829b8dadd8ab4ee71f2c81670a2bbb92535ba44c1c7b602311b
4b1513a4c6ee010e4194ca3fb63503dac3cfcae44726c3ef47db4471bc0efaa1c910a98b39bad829bef9614abd9056d03842fa6fbee8e6a8b2690de73cb5ab91
c13bd609360bb8f8bbcfcad4c20374b747b92edb41a323d4b3bd1d38c845693bbebe884a3553a4f140dc312db2e67e7945d39032bd42c1f83cb087e9cb8cfb17
c8f61d90bd23a2a7b967f3f3b49fc5e941d9fc88348d5f6cc3bd937d3c105043bce70833c368a87144c12a2d363d34344ad89c8747bd485e4729d842421bc4a4
4b03797d38fceb3ac9968cb638ca5e05388c8808bb152b73c48697b6ba93ff1fb4a0c0a7c81e4feabf2e697c38597bc53c4e5b5dc0c34cbdc0dbfee7b7c70557
00000000000000000000000000000000000000000000000000000000000000000000000000000000000000000000000000000000000000000000000000000000
00000000000000000000000000000000000000000000000000000000000000000000000000000000000000000000000000000000000000000000000000000000
800225b70002205680010b92000051950000cb4d0000f7e3000174d000009c808000a07100010a0d000023400000a84300008381800085fa000193798000d1ff
8000e73d8000719500005c670000c34e00009495800192cb80020e888001388980008fe3000123f280000b59800029c7800139b8000045b5800065780000926e
3ab4ab29be9ae0bc37da9025bc2727cb41ad30b23f05a270be8b49e43d9e2338c27ceb29ba01f95cc480b027c100e4af499909963d36380d380ded1534ee3e71
bbd84988c0abe156b796305c44dac962bfffb3fd3f1e6e34b91c59e5c0492941b6325376c52bdf1a3d109257bd4c907e43a959c44100c9b3b416629db9dd6b1f
c3787bfb3ea8787ac134d1124512d78641130fb53c3aff11c4bcb2aeb75f74edb6c90bf3433797ffb5b4b747b9c2b0a8b6c4a9c0b5893ed9c3c6eedbb9b8b9b1
3bd8d009346dac6c4778415f3edb62b63402c9d7b5bffde14a56636d43946394c340d9c4bafe414ec287e063333ec07f3abfce87b3f2e49ab33fafe2bbbe5ad5
b62be00a3c8456b63ff10e7241a9769f438620b4c68025eec0954ff545ab3024caa92daf4623ed363a02e49cc38eb1a08000ca8749bf8611b3b40cc5b74077a2
424a283c4826ee6ebd8d5b0a4319a66234d1b3bd3561fe34ca0163c3416b304ec453cbcf444877b0c710a5f9c37e646d40e40b62c20e7a8d45f24af7bd645077
3b4c818b34f22e50438096be390da437c7def1ea47db6ee6401d4c5fcaf4d732355ce758468315353f3ecb054a7cee71b4f0ddddbe629d4700032ef833725c45
38a1ba1538475892411dc3e0bab25925360eee28c6bf5192390fa51db90188cdbcb25763406511ee44ad662233fa361640162c52334af5ccbebd2f19480f5339
b48e55d1b8806b4b3da080c6ba04fe26b894032d3ec9ecc7c98cf7603a69b5b8373071e746b14b2c3c9f0df4ca21b723b8fbc842bcf0b2e34984c1c345a3a802
bb0f950549dc244d4070b222c7167293bc3280e3c926350ec965cf5a3bc8afe1b766e7ee328c39884645a7e34a3c9fdc42cc508247b37edbc691a19ac0707ac6
c06a5292b595ee4cc280566b00022967bfecb6c8495156213ed06590be63cd35b7684fb23687a39ebe125eb2b32ffed5c893c7f9c11d333c463e775c4723fca1
b23acfd5329efe6646a10d90b7b75c1e431ab84bc32cff54b3097f85c7cbbe6340b614ea4363168fc9c76965bc02c601b60a7bed3b5573d1be06a19f3f7652de
00000000000000000000000000000000000000000000000000000000000000000000000000000000000000000000000000000000000000000000000000000000
00000000000000000000000000000000000000000000000000000000000000000000000000000000000000000000000000000000000000000000000000000000
00010a0b800108b000004f34800185d8000022e00000148e8000d23b8001e232000130ee00001f020000d8e780000a0980002eeb80001f26800067408000fc41
8000b3e50000ebf90001a2b780000343800050ea800114bc800077900000c492000161148000ced280006d93000055cc8000b4260000ee7400008bf40001e29e
8008b387c9853355b7e89417bb2b264834a9471241861624ba3d644ac7314068432f4f81bbd4397440a2c937490c309740973d7a354e51af3aa3b45433ba6cf1
c151f2cac0fd68a5bacc6d0b3ad6a37cc1ae0f87361de586c2cd648043e36bedb7487c79be4005cec491aab647b764d7c13d2c4448007af2c22a75efb9859777
43787bfbbea8787a4134d112c512d786c1130fb5bc3aff1144bcb2ae375f74ed36c90bf3c33797ff35b4b74739c2b0a836c4a9c035893ed943c6eedb39b8b9b1
c9942cf300000000000000003566cf9637060628c87c019134a9a8ae41beb93000000000330f6ffeb8b169e3b4df72e034414509c4fdb99d000000003dfddd7f
3a27f140cb1c0a8b4a1212dab10fb03abd79fa9cc19321034022e7e84087a8983a2a4c85bbc2245046155cfcb4b431e5c985e381c843fe95bce6cb41bb72724c
410d8f62b60ab211b5d02ffec737df2bc9cc9e293b49ebdcc4e721353a231d4d47b4b681b843d1d93725cf41b6448d22b3eb41a9412aa5bd45de187c4088ad0f
bb4c818bb4f22e50c38096beb90da43747def1eac7db6ee6c01d4c5f4af4d732b55ce758c6831535bf3ecb05ca7cee7134f0dddd3e629d4780032ef8b3725c45
b8a1ba15b8475892c11dc3e03ab25925b60eee2846bf5192b90fa51d390188cd3cb25763c06511eec4ad6622b3fa3616c0162c52b34af5cc3ebd2f19c80f5339
348e55d138806b4bbda080c63a04fe263894032dbec9ecc7498cf760ba69b5b8b73071e7c6b14b2cbc9f0df44a21b72338fbc8423cf0b2e3c984c1c3c5a3a802
3b0f9505c9dc244dc070b222471672933c3280e34926350e4965cf5abbc8afe13766e7eeb28c3988c645a7e3ca3c9fdcc2cc5082c7b37edb4691a19a40707ac6
c48d47d4c6d57daa000eddd6355d25f639ed393fbe1e529344e71b513a5a398147d4411b49b2316a3c3470b43538b1e93897d0d435ce829333944986c0bcfd67
bb60b1a63338978b42e39d3fbf1e6390be26a6b435ceb5503a056ccab98ae49848185bf0c0ba08b740cf7b8649d70fadc81156024a016aa7bdbd193db4048653
00000000000000000000000000000000000000000000000000000000000000000000000000000000000000000000000000000000000000000000000000000000
00000000000000000000000000000000000000000000000000000000000000000000000000000000000000000000000000000000000000000000000000000000
80006eef00001ebe800005690002f46600001341800010fe0000da1280007be40000ae3200013df20000488d0000bf76000018888000019380005c1b0000af0e
000142148001074e000031ca0001281380009329800036e7800091ce000135730000308000012d420000c604000004e080008bc8800093c180013d9d0000c8fb
44c27178bd359a9947bb4dc236e13f6835af0d32b67fac2bc92942a7c1381827bee60d83c853e2e9b4367e03c08cc18eb6513eb839af8cf8c47499aac478c7d5
3a875d4f4407c3c1388ac35d3ec424b939cce0013b2d73aa800bf167c93a3559323e5ac2c28e14f2323c245bc3962e5ebf4ae2034a45e0fac16275df43deb081
000299ca33bbeb91bf2fd8fb482de9e1be5b5a3a8006d4f5bdafa73d36a9973ac6e9bf03417966c838bdf481bd04f016b8b8ad523a647655b3f9018d340d8d9c
b8765500c21ff6f74a46843fb60d90b640bf01203a74011645bdffd6c7445f7543c7a2cc42fafe6abb801b17c3d2611748520811c75f2cfbbe817be63d7e5fb5
bd98414cc529896647722929c22762f5c3c6ed1ac8d53074c1fe9e89bc5527aa3449bf48b83bb863b3d3e6f147ef98b545c9a16f3739f4253bd485c2390a3673
bdd4d269b4e4a8ae43c990f14a0effbd37a76399baee248cb72059e2c710f615bf36c80db320d60cbf9cb480c625079d000000004b8c630000021575000c5bf1
c29690b6c7eedbadb324fa81b581964bb601c10c40fcb11db3878077bddcce323a1a8136b586d65a42bc5176b284bec235307df0bcc4339e4863c74643ece9e6
47a56a21c9543c7dc890c5b43559451bba869b0035426e1842e97d69bbb7bd8840d308833c2b34093f4a248e46464149444dfc63b69573563d06b2cbc0590aa0
0008077b4450a68d33d9aae2c69876ac4033541c3c71b3603c1e2e18bc154efab6546e11436bd2fac5ed9a4bb5efe32348ffb95280062cd1443b9e35ba229747
49fc7752341923aab4a80e92ba8dd0e4c1e01d45ca1291b84319848cb8b19d9dbc932a86bc2730aac0280929334dfaf339d0d1cc36ae60493469cd3333da765a
362efd00436b1f17474295fab400b08c39a66c7c372443d7bcbda1e3354fbb404096fc4cb5fd525fc82a1ccd3e0b8ce6b6af39c6390fb5d4b41bffabcadd5148
000dee2c00000000b4b908ca000000003629e8e0bc3d17c53884f1e1c8b233ebba3d4907c7df2c043b236d9039f5f0c74a8249f9b59bd437c326d3e94781c7d4
3f8e80003f6080004005800040da800040278000406280003fb48000404180003ff0800040e78000403380003f73800040e88000408c80003fd080003f428000
404e80003f63800040d6800040e4800040438000407580003fb480003f4980003f68800040d48000407e80003ff38000401880003f4a80003f198000403c8000
8000b17f0000c87f800034cf800081ce0000531e800177e980003886800147e600002ee48000e4460001073d800079ab000185cb80008ac280015bb200004d16
0000e1b5800150fe0000ba9c0000e9900000880c80000ca800000f468001178e800191858000cf5580004b9c8000465e0001370b8000e1be0001b34c8000031b
b660b6ffc77bd63e482848a23824feecbcadcf453ea507d3387caf224622f991c2011204b9a02ec1c043f4b0bd3c96ed3ceb5f7bc1251b45c33ea5ddcad29c4b
445136a8b4b74139cae4ff3db5901ea14a9d1e72ba8bf8ac41bdced6c34dcf7fc274ce11457bd839b9d09aa9c400ec583ca62fde450ef01e37a0c5b53c13640b
800299cab3bbeb913f2fd8fbc82de9e13e5b5a3a0006d4f53dafa73db6a9973a46e9bf03c17966c8b8bdf4813d04f01638b8ad52ba64765533f9018db40d8d9c
38765500421ff6f7ca46843f360d90b6c0bf0120ba740116c5bdffd647445f75c3c7a2ccc2fafe6a3b801b1743d26117c8520811475f2cfb3e817be6bd7e5fb5
3d98414c45298966c7722929422762f543c6ed1a48d5307441fe9e893c5527aab449bf48383bb86333d3e6f1c7ef98b5c5c9a16fb739f425bbd485c2b90a3673
3dd4d26934e4a8aec3c990f1ca0effbdb7a763993aee248c372059e24710f6153f36c80d3320d60c3f9cb4804625079d80000000cb8c630080021575800c5bf1
459e144332df9d5d4143719645cdbbbc3d31c73141b1a4c846d3703fba732152be5c20afc275103fbd3342b93d0335a3c195acf13d6500110000000000000000
373c1bf537d0a842477235b2b80ad14c4018ec6cc59de64f37f056fd4951f5afb7cf0babbbe5f5c544aac94846c6e665c19ba487b19ab93ec2137127b79d91b8
39d62a3734557962000731ff42a759a5c7249d6cbd057abd39c4dde3c7b6ee87ca86fd7533e8bab58001d712c3ca88d1b62ae8feb7b46a51b5d9010037eb40d4
401ebc80360d9bee000000004499fabc3e5b48753f3ebd7fc6c42354c8f7d6453ea27195b510019a336640dfbff15b7134fd14bf000000003908306435b8cb2b
48a3a0f4c187d0b53d2dffd5b90e23e748a4e503b7e5e6e33bab0636352558dbb8bb2039bb4e2d18c9f6c080b9928517398ae7003f5e89c3411e4905c7473b37
3527106037c42f5bba02495dc222ce78b53195a0beca91de43bc5aa14a2a1f43b8b45e28ba4fc363c86e8e86bf25626945c81be234222b1f35a690de41a52e74
00000000000000000000000000000000000000000000000000000000000000000000000000000000000000000000000000000000000000000000000000000000
00000000000000000000000000000000000000000000000000000000000000000000000000000000000000000000000000000000000000000000000000000000
000089248000d87780000d6a8000755680002810000011540000f3c20001a8c5000066b90001ae5500004bbe0000c9ba0000ec3d000051b78000f74f8001abc3
00009cdb800099938001852b00005ad08000e13a000179508002ae08000045d280003da48000eb7780016ad0800105f500022abd800078fa0002111c000096d4
bb7af24eb54546564254af89c276ab5d3f6cdb53374f96d3bd36eca137b65cdcca56700dcb00654440219aa5c48815a0c1568457c9fd0064b44107ffc80be31c
4740b64f44103127c3538992b31339ab400e77a3c50cd36900002bc1428a29954515e6fe3eac234d3d3e7696b9924f71c5a06dc3b71c362f44a142f24504a5af
450532c53cf062acbdae9cc200000000c2385d29c1086b83c2f995b936702398b36e62f3c50b9195b53a13a3b73b5ad2416efeceb3de434fb37d9a1f348c582c
4697a1fc32547486c134a0bbc492618800000000be416794bd232aa53a624706b611ed11bcffce143ed9ca423df49561bf705ee64523d3d8c580509c48e0856c
ba1ce7bfc6e27797b8ab0b4fc39c4182bc048d48c495a8c03fdd537737d035b53aab8642bc9aae2b42f580c34575779c48ef11e8bd5a311cc22080773636743d
c8f23101c31776c04b098de24174c8efb315f18f356e6754ba154118c7dbb464b2ac8f4a4a3939023fbafae7c1d97c3844a2100aca3de9ef00040384c354c81b
c1a8f7eab39e40a63731c2acb9d5992835d84bb2c9813c0a358ce70dc99e6b2ac6cfc809bb747267bf48d3cab40606c036bfceb4b3dc06d636cb72c84a05298f
0000c7ee00000000bd030532c0d37559b54b3a59c81b0634ca114b1431318c3a8001e7dfbbd4327fbd52a82f3df823fd487e9e35c155cf67be32e6a9bdb89b54
4b65c2033e3bd7eec13aa1fc3f9cf3a4b3588cba4495f6ff330cf8178003b0a2c50733a0bd11edfd36d48d2ac7bc258140872b2800000000c9beeb5536619988
4a1d7787c4fb67f9b24e48ac0007f59b000000003ec3d7333eaffae0452bf75fc14126f10003dd64bf3c9d6a4715ab293b831d493e91f9bd4a158ca8c3cd8521
416bccc53b496e10436f8ec737a5b8bf47035bedb4e648810003fc48392b9a47bfd85b04432c355e412b77353a05a3d53e014f7bb53778ebbdace888ba06b8e6
4188b158bbdb6826402476d9b29160903cf36b3435be3b99b8b6509c42c955553ef98094b79e807f3daa54c631a19a0c44e2123bc8528cc041ff42e0bdf8ac96
00000000000000000000000000000000000000000000000000000000000000000000000000000000000000000000000000000000000000000000000000000000
00000000000000000000000000000000000000000000000000000000000000000000000000000000000000000000000000000000000000000000000000000000
80009e65000197a70000d8e280007da2000051a90001845080007e00800105ed8001204b800063de00009acb000008e880001be00000b9048001970b00008b5f
0000a308000019bc00001b09000013de8000a6300000aff280000428800076238001289d80004d9400000cda80024e3e00016edc000151ca800003a60000dc6a
3d20e1d0bb86b7723673d9740000cb9d435bc076bca5f3b4b4d4de20375e154ac3263922c12f519f47b60a293ae69047495e5204bac0eb9d356d9964b2dbce02
3485d92f37bea40c449bef49c9a6c979c147580f419cbc26000000003581d471bc9cb78a3fb12ec9be9fd7aebc40a3373bb4fc1cbf80ec790007c963b7de1fa7
c50532c5bcf062ac3dae9cc28000000042385d2941086b8342f995b9b6702398336e62f3450b9195353a13a3373b5ad2c16efece33de434f337d9a1fb48c582c
bf421ee245456729bd96c4854b22e6acc5ea04c4b5e1b3f5c39aac673f2ac408c6239bac3e318bbb3557ba41c06e8f243a5a1505472fa758c9b9f9a54778f891
47ee1195b7ad3355b5cb3a91bdb32c15be8e1881b574f9a3428037f633b7942a429f313fb89ecf50454ed2493ee302abc694fc22bfa6a4ca3575aa9232f5865e
42cc3eb43eaec91dc91ad96234feb70ebad109c53390ec57bc925230b7949330346cec09b527388146e5a1f8b45e96d93e0905374620c8b748c90721c208947c
41a8f7ea339e40a6b731c2ac39d59928b5d84bb249813c0ab58ce70d499e6b2a46cfc8093b7472673f48d3ca340606c0b6bfceb433dc06d6b6cb72c8ca05298f
8000c7ee800000003d03053240d37559354b3a59481b06344a114b14b1318c3a0001e7df3bd4327f3d52a82fbdf823fdc87e9e354155cf673e32e6a93db89b54
cb65c203be3bd7ee413aa1fcbf9cf3a433588cbac495f6ffb30cf8170003b0a2450733a03d11edfdb6d48d2a47bc2581c0872b288000000049beeb55b6619988
ca1d778744fb67f9324e48ac8007f59b80000000bec3d733beaffae0c52bf75f414126f18003dd643f3c9d6ac715ab29bb831d49be91f9bdca158ca843cd8521
c97954e638a2f795415d2b46be8c0753b43a23b6368cef4e3d1e1d0232e19f2242eb324e000000008008bdfa385d5d6e447173cb3fc8690c3f535ceebfa70a6b
31931d07bf34c4abc4bf3d87c603517a330aa0f2ba9942c4bf9bc865bfc507373dfd23ad3b5afb99c0286d66472381ae429ef388c98b87cfb8db567747249edd
00000000000000000000000000000000000000000000000000000000000000000000000000000000000000000000000000000000000000000000000000000000
00000000000000000000000000000000000000000000000000000000000000000000000000000000000000000000000000000000000000000000000000000000
00018cb00000336c0000e70b0000c70a800065d38001606900006be100015eac80018f930000e94a80003e33000058a80000b1d600017d568000aabb80013ea6
0000b878000098448000f3fd0000216680007805000041df0000302a8000c2b580003fc3000171a50000c7cf8000d3808000425f000011a400008a6f8000be70
449c3942c1ac5234c511f32f3faa64bf3e84ddfc39307c2f4778a76337b0a2df0002f2afb99f93bf3d56ae52b8990afbb8530fdec7d10248b93dedde48335dda
40a2b3f9c2261772b601f5ad400661c5bc20f008b91b2534b28f9ba9bf14b69b37bc3c434a602cf1c89f419d40135d7dbe90c801bdb85bb43241490fb9bae965
44ad6a20c9fbc0af48960a874a760787bbaffa46beef8220bc9622663bcd12a2bf881b5a37611fdb351b360843a29ff33cb480b23c195dd6b9171f3db38c3e50
b5d012eb49d61ea039bfb6953e033cf6800a792eb7618e9dc2239862478410da3f08610b45ae9c6c483fd2afc020cff6c7f439dd3e10ac8d32a27dc5ca8d95db
3eb5e56a4964775dbb0015ed44915b95c213cd5cc481c4a6446747453acfcad7c6d8111e44a38b194262a0ef35bade7e4062e52cb5011b77b78e6341bb105d68
c780b85fc2bccf52ba4d0dec3597cde033dbe1ab0007a2f8410d4069458483ac39f1c599bc2b55ebbf021a5ac700c0664398f54bc366fe73c82bce08430b9913
43303527c512806934396ed0c477b002b1a0588a3c885d37b227d66146c7f195bd29b3c84bc5c13ab63ef75037876ffaba9fe15eb2dbf07cc4a408e4c8ee94a3
c1a76724c1f0b031b4bbe9da320bb2f3000a128e3c902e7a365e5686c7b42ed6b74d4600b6dcb2bfb75b7001bb43112d3d075a2f36900897bb9dc0a3c86f4eda
3c572fa0b57a9415b3e2a8f6800302c9373776dd3771523fbffe2a7d39089ed0c1b8d936b589fa98b96fc90a48191c5842b0dab0c70a2f1f382fdf68c3745d48
36c5f8b3bd8924f8344e0a3d0006bb3143a20370465072b9b3f1d4bd4095629ec0fbd2d04b9e27164980469832ced8fac7cc010ec48db270c79fdcf73380ba03
455badf24150f2163b35864734dec11b3db4863643e1f2e000017865b7a47e603c5c6bec3403251db6a2a3b0b216967f3282333ec41091bb45df4afcc55b47d3
404d2768ca5521deb75f623dbd23edfe3b37d305000876e44911f9dbbe18524f381a5df2c82d50d447236893c1a6993dc7e2466abf6bd833b3ad929abc982be9
4009800040ec800040a38000400180003f2280003fa08000409a80003f418000404e80003f7980003f3480003ffe800040c380004028800040c380003f738000
3f5d800040c380003fe780003fa78000401c800040d48000407e800040a9800040e880003f2580003f3780003f9380003f8f80003fb680003fb6800040d58000
0000f506000014ac80008f01800167790001c950800209fa00012a9180019bb30001d7e28000b3fb80008beb800099e880009ac58000bd3e8000541d80003ed6
800122708000f83900014de080002b0e8000999b80028de8800097948000660980003b53000160fb8000e0aa000001208000ad0c000274228000ace880003aa8
4a511cc7c1f3f764bd6a2352412d051949a20fb34b0c07bac844c0e2bb2a7da9bbc105b43f0de4ccc10709e93c4e4bcdb91221833e6cdbaeb415eed8bfb2e146
ba89251b3ad6b662c1d91dab3effdb3cba48783e351295e944be713f3e35d6003b6803ffba3d91e642514e920002aa123aeac4b7b99f1867b7c3db9b463b6ca9
c4ad6a2049fbc0afc8960a87ca7607873baffa463eef82203c962266bbcd12a23f881b5ab7611fdbb51b3608c3a29ff3bcb480b2bc195dd639171f3d338c3e50
35d012ebc9d61ea0b9bfb695be033cf6000a792e37618e9d42239862c78410dabf08610bc5ae9c6cc83fd2af4020cff647f439ddbe10ac8db2a27dc54a8d95db
beb5e56ac964775d3b0015edc4915b954213cd5c4481c4a6c4674745bacfcad746d8111ec4a38b19c262a0efb5bade7ec062e52c35011b77378e63413b105d68
4780b85f42bccf523a4d0decb597cde0b3dbe1ab8007a2f8c10d4069c58483acb9f1c5993c2b55eb3f021a5a4700c066c398f54b4366fe73482bce08c30b9913
b8eb95830002e140bfbd4babb8876d204af8707f3ee0ce76c79ffcb4bb2548cec2d3f23bca51bf81bf5965cdbd85f29fc143889b40e7efd93d295e50c5af5388
47148949370eee4ab89c6ab93f05a7fc44fd80e3348d73c33e5e3a0cc4ddd6ebc8d47db2c712cfb6c5ca713ec3428e533babfc7e3f0f65fa408bbf583c0581c6
c16e73d940f62ca1bc9814273b97a8613b18ddf23a8a90f2b69643db33e7b23fb767c90f41f5e1503736e6cac6ac33b200000000c142c096393b58edc6324ecf
45ba7b983cd3be2444303c64351edd02bd7459dcb6892bf8ba98db14b8d6fd6240e04980cb08a5183a566ce3b393dd68c9f24e303f4efd9649f62c47382fb463
3b1222e7b8696e0f475de175bd08f3dcb3977df84344c33346b8665449aabb0a8009967b0003963836b1d898000478583f7fc65cbcea3790c9deba24c9c8480b
39286ffac2a522c8b8b99532c0551e364148f7cdb9b9fb903a1495283db51b1cc4adff85bec4436bb2e657f93eaba2473cf236a240c2b115449ca150b4ff12d2
00000000000000000000000000000000000000000000000000000000000000000000000000000000000000000000000000000000000000000000000000000000
00000000000000000000000000000000000000000000000000000000000000000000000000000000000000000000000000000000000000000000000000000000
800126e68000bad800002c33000133b580010f0780011cc78000abd60001b3dd8000435f000135bd000080460000d313800040db800015070000310a80012c8a
800109c300016fa00000cab08001d33780000cb60002372180002a4b00032c1480006fb6800119ab000050d58001cacc8000aea0800054ee0000b6ce800006b9
b99b5817c392da7fbd0eaaae4aa207ee338be3d2c7ca7173bf029dfab672d3b1bda0e685ca310ed7370201e3c6239faa462260c9bd61f793b5eddd963ebd84ec
c06fd5a1c9eabe80c1e4fb3136654166c06db6533df9723ec82c0ec0ba6ab573bb53f1793ce66412486073e33c2c4206415161f531a49ad6000b6d0a38e96950
44831864388859d8b365fd7dc1b229e03b0c3acd4287c94435291f3ec7e15b09be18c479be8236d147085273b9d0c8e044ac7378000d375241bc71cbb7410991
3e3af5a23d46bfa5399bc8ebc199ef6a43e40457374f1cc3bd83193e49cf586ec18ac00243926ab13db99da1c0d4c9ed412c85dec8ba1d53381ab0d9b43d0db4
3752f663c3657720468db90649a7cb3f3d8d5ad53de64ee8bb861025c534b0f8b594c9edc16d4948bebb7974bbe1343d3ec522c1bd3a14bdb52c723cb8fb3ccd
34748d274826b6cc3f3b9785c6ae20d3c5add66b8005963a3d22477842e22dba3cae95ef3aa8d14cb1e1b83cc6746e644831a8abbf49db6fb7b5290d0004d436
c245df5cc0a804a942b6a04dca5fa165c04b06af382cbf3fb74943eb349110adc49e03d6bd9b163eb6131a043bbdb8a1ca9a609c373faa74000ac9cb800636f3
0000000047134fabcaa6a4f23ae79ab7c60465c1c4958823bfb0a4e9b369ccb0c40c0512351813f23c693a9036ab96b03d625f59ba327e19c029f127bcacb51c
c878ff823cc50022b4cb4bf3390867e33653cc7fba98036c41e8bf83bdef7d9e3816a566462fa79645b04275bb512cebc5c6710548c915d8ba854e713ef85805
381e6731b9528c5540f2f485c96e3e694acd1799c511e162b81e4966c367377abbbfcc663d2aa8cd3bbf45f04924f4c138882add8008ee75c3224553b527863c
bad933c34585f854b4703b38b911825fc7492f91c754a181bace79f6bc622b3ac495095ab89dac11c0be79c4bc1f150e4855a5fbb99a59b43c02939cc0b46324
c58a2086382427103a6f320ec7f3b095c0977940c736cae4b830f05f000485b9ba67b550c88195e54263f8a33f4b5fe0418f2492c587935942f4642fb7baf4ee
00000000000000000000000000000000000000000000000000000000000000000000000000000000000000000000000000000000000000000000000000000000
00000000000000000000000000000000000000000000000000000000000000000000000000000000000000000000000000000000000000000000000000000000
0000f0dd000069220001710a00008aa0800190600000579b0001c06e8000f53580011a0200004a9d8002d9438001c4dc00008f1a8000ee03000086e18000b4a4
8000e354800058640001c73f000100ad800124c180002639800144710001f5c600001ca28000d80e8000297e800119c08000394e80001fd5800045aa0000ba60
361500d24a218ff23f9ed907bc07e04e3a33103ab563f4e436b908aab482b400beafea30cb78b774c5e05a3f000000003c91948ebca8283742a6e98c421a91e5
b38dc394b5e294cac09d6c574513c3dbc691d7834909213944600514c7d97d6047c1f79b800c90c8bcd393a149e358fdbd9d8783c1be8c0dc208d16d41655b9b
c4831864b88859d83365fd7d41b229e0bb0c3acdc287c944b5291f3e47e15b093e18c4793e8236d1c708527339d0c8e0c4ac7378800d3752c1bc71cb37410991
4498b32048874151c7dd23e7c2063ddbc98b7956403618cec32593ebc36a020a3ca3ac5db53810ebbfb3c490c25f5dbbc80df28e461308d9b588af3d4740d54b
c291525c4210c0933945cf3840144e51b71861e23694340100016544b578d3ba499a67b53987cddc462d943c3862b439bf88047bb601b45c390f24c538f1f1ba
3aab6fe6398ef377429b59feb31edd5ec2085f33b69d0cd6b6d9961d48a081ddba89308c4b4fe494bbd0e7c9c88bfc9943b5bcb8489a949c350be2a000000000
4245df5c40a804a9c2b6a04d4a5fa165404b06afb82cbf3f374943ebb49110ad449e03d63d9b163e36131a04bbbdb8a14a9a609cb73faa74800ac9cb000636f3
80000000c7134fab4aa6a4f2bae79ab7460465c1449588233fb0a4e93369ccb0440c0512b51813f2bc693a90b6ab96b0bd625f593a327e194029f1273cacb51c
4878ff82bcc5002234cb4bf3b90867e3b653cc7f3a98036cc1e8bf833def7d9eb816a566c62fa796c5b042753b512ceb45c67105c8c915d83a854e71bef85805
b81e673139528c55c0f2f485496e3e69cacd17994511e162381e49664367377a3bbfcc66bd2aa8cdbbbf45f0c924f4c1b8882add0008ee75432245533527863c
b8023945412a085b440b744d3b068fedb976f292bab236a9c23ea81842983bb044612d6f374d6135c3240026c4e47153bbd5816dc1bc4e62bd55ada23424eaa8
4271eb5f34b37ace3f7750d8bb0435bcc93f4f72bd7697bfc387ff0ab8f6b27d4035f185420e43163374ccfebb99d83137fa1f1933faa62c3e9a74e7c31e622a
00000000000000000000000000000000000000000000000000000000000000000000000000000000000000000000000000000000000000000000000000000000
00000000000000000000000000000000000000000000000000000000000000000000000000000000000000000000000000000000000000000000000000000000
800064f58001023900018e7f0000e1ae8000b22200004c83000036218001cf79000239250001bc790001234f0000d0ae8001fc040001039b0000326100007b9e
0000080e00032461800095e08000524c80008a8f000035850000c4f88000fa128001355b00011b08800081d98000d9e50000e1ca0000d27e0000c01b0001a780
bfd1f3eabed0fca5c9e5b8593fc1d17548aae08bbf7e1e09359bc6eab3d16346b78b68d1bd0ee062c4251450be3c6c123d9d0395beae6e4441d0874db6188d49
40605fe4c3c531d142d6a52c4323df96c5980a7d3fcf157ac4923709b718a7e23b3bf2c8437602d8c2137b8dc73b78bf485c5f6db24dc89d47a3827940680956
0000000040dbf55bc087b323c846e41200000000000000003686461200088404386e549ec49a29743a2234b1395db00ebe0b1a29ba470fbcc6a6037344e9e60c
bb86a786c27f175db6a2b007c72abf2cc69046bf38c03f00bf8adea6c9d8257c36811c64b6e5a85f47e9c4ca418ca557b1a517af338438cc3485cbcb0000b7d1
42e317fd463bda51aecb889c37d0b66eb90a4bedc93176e8b32be9293e3fbad9c491f7f9c3d78bc2b53f88494756bc01c58ea98f45063c67478ea918bc12555b
3d9988bd3b15504049134f48b91e7f9cb534f32ab64ab38cb3418a863a0d58c63a4d3162b5acafa7b283a5b2b9475ab049bdb4e442f8e7a4c7252224c0514e01
3d81aa32b4d5580ac5e4ee71bc875db0388953d043d297e74b3cabaf36aab08ac0a8d2763e0eff143d574c45b385b8f1b40dd4f4466a121bc0f02c9132f14e7b
448fde9a35a3dffeb6cc533c3cf017e541a0946e40f1923cba1b64823b9f55843c285434c7c4f56fb4d70f02b4814cda80063585b45a1e72bda4cba9c2ddafc6
c973b7ca4845ff94c3f4a9aebfdcf79abe6353634908430c33101a54c66ba7764b588c0ab53c09e6be299413cb338baec31b5bff000038de35a50105b76ecb18
431daaa93a7c858b38be94a7000342c10002ef1bb57d7a8c800324e9361a2819be04959ac05b1478b5ed209b3e412a79c8a211b03f36f7d7398b32a1461f2c50
478b04ccc614552d3645a6903ea2844e3f42a2263d01fd0249f9cc8f3b3c29ed396a657fbd320ffebaa02205ba68c608c78c469dc6e6e722b42b0d60338cff55
b1b929f6bf4f0fec3410b8413a48a3b348f306593fddbd4900000000be1e3d3f000a5ce84b2c58933aa0e5b8365277cbca65aa61800aac5d3ff2371841474bcb
407080003fd78000402780003f8f80003f3e80003f1180003f7080003fbe8000401c80003f86800040ca80003f64800040208000409a800040a18000404b8000
3f1780003f44800040a580003f858000404680003ffd80003f408000409180003f94800040b78000402880003fe48000409b800040118000401880003f788000
80011d7d80001c6c00011f4300000c068000139e0000682700008738800080b18000c1450000600f8000345e800011ed0000e4ed800150e80000fad700017707
00004bed8001660680007af500010ece8000b6cc8000bf0480010fd00000678c00006d62000013d40002952980011ce78000f6530000d5360000c5de00013e5d
b8b87fb23fb79682c6cb6f26c910841d3758d89f47bc41da4b0071e43f8019fdc021b73c3f315a8940e263f237a4c868c14e543a496fd31db446c50036632ede
33656e3fb9546c56b99e0e8c48a3227046789ed3000000004321a888c182450445c7383048debb76b493ebb2c30d0d59b91867a0c45a6227b8a44565352f6516
80000000c0dbf55b4087b3234846e4128000000080000000b686461280088404b86e549e449a2974ba2234b1b95db00e3e0b1a293a470fbc46a60373c4e9e60c
3b86a786427f175d36a2b007472abf2c469046bfb8c03f003f8adea649d8257cb6811c6436e5a85fc7e9c4cac18ca55731a517afb38438ccb485cbcb8000b7d1
c2e317fdc63bda512ecb889cb7d0b66e390a4bed493176e8332be929be3fbad94491f7f943d78bc2353f8849c756bc01458ea98fc5063c67c78ea9183c12555b
bd9988bdbb155040c9134f48391e7f9c3534f32a364ab38c33418a86ba0d58c6ba4d316235acafa73283a5b239475ab0c9bdb4e4c2f8e7a44725222440514e01
47be73a249118fbab415e99b3e9107bec73812ddb610303643ddea4580035d96baec38a7b583259d35f35cda3c183b5cbc82b64b4609f8fe4099ebb03927edf4
45eebfed3538a5703ccc0ad0b8aa7a43c5cafd8bc582e510b7ffc7243666e3e43f43fbe3b90b0d20ba130db6c8b0a039c52a8056b4e309ef00000000be51322f
398ef2274799189c33a1c6343f932fe3be67e0b33994de6ec475abf7baa7c3d0ca886baf41dc71b8b3163fdf40192d0d3c9c40aa4842b529b7104834352f2cf5
c2bea37bb6851b7f3af1b62fbbd31fe74822c5d1ba1ae583b65bfa95bf1a91ac47d20d56c573de14358b27b1b85f136e3eccd10443b0b13437de8f16c61c0d88
0002bc3fc5d7498a474aaffac19b7070bb276953bc40c55d4aa4522dcac30f2a49a348fb376df1d0b6c39c0d3fa56d54bfc3e648bf30524a372ecf1e46f2c6f7
c41ab180384f101b413b77a7bf3398810005232d361d721c3bfa08fb48a1149f389d964ab96666a0b397594dc20c6d6ebbc95b7cbc784f35bbbf8ea0ca7a5aa0
00000000000000000000000000000000000000000000000000000000000000000000000000000000000000000000000000000000000000000000000000000000
00000000000000000000000000000000000000000000000000000000000000000000000000000000000000000000000000000000000000000000000000000000
0000389e00004d02800123010000b0a400003de60000040780014bf080000ca30000d9e60000708c800184d8000163ba8000c8e70000b5dc80011e2100000573
800062858000dabd0000cd65800006c900015949800078660001545a0000220080013fe580005c5b0001135f000021e08000dbfc8000e4858001d58200000eb8
34c0dc7cc02d3ce7421dc009b6271c3b3ccf034c39442e69b5f1569bb5e00980c5b24db2c68c494d42bc7e67c5cf4afa3856d037373a157239edf0a33f08b7a3
ba858679bd48d17bc94f188d420813bac55a9cb4b3a8671246244ad2b6b3ff93353b124448708277b5ae4bd749a3d47f47f3f0d0496c65b6c1f54d53b5ff7342
34e65d5b00000000b705a4f5372a7d4743a80a0b477a9d7c35e99900371a0bb146b919e841585448bf2bba0fc70266ecb88ea56cbe5885a8000497a039e280eb
800a53c9b78e09a9b84a551cb37b44e2b85a9c40b5b387efb90f2d9abbcb82dbc50dc5a03e78f7ae4700af1c353a854743b1ba5f422303574691bfc94031adb4
bd77ea5ac6402d633dec4365c6145033b9156a17c978e78fbce15c143f1c1043bcada42eca9a73e6c6332ffecabdb62ab6a73fe4406bd42a468c14c73ab58c6f
352280c5c6ae221343821dfa37f4e5db484d539e3649a74d432e9af0bd13ee9e3ca0c1754a3a78aec0be242abae7fbabc0fef3af42917556b384c41136e88990
80061433c60d176e452a63380003ba7f80025121336264cd482b57ec395154328007d7d9477a5579c613cb443d8d0b7cc523a639bd748a1bbc9a82e84183209a
35e306c68007d1fe4128e098b618db48c6caa968c05044ae37e324ca450fb0a7c1326f1dc12f72b5418beb27b56167acb5d9e6933ae613714854f589c89c57b8
4362666434320d1c3d363c8639517c284783cb6c3655d666b71b43b843c9a47800032d87ca4d2b31489772eebfabc271c9067f8f3425d316c9ac8310b33c2b5f
49a2baba34a65229bdb5e178bc36da9a32bd1b81b70df7dec76fde4dbfa2ca493288c137b5ebf9484769e58131e5a18446668570c8fc7c4ac913666d3cd19b59
b6d885354993c6054851a655000000003e84c4f00000000047aa48a1c92a213438d0dfbbc3135294bcd0d2cfbee9caee3749b46fbff304a2800adeddb99ca46f
427823a3c980467438f7bb05c721c3e0c99f7ea5441fa4bfb9f6c1f73bcfade3b76b7c783ae43407449a7319bcebb1723ab83782b57e007bbe651f06bc90060d
00000000000000000000000000000000000000000000000000000000000000000000000000000000000000000000000000000000000000000000000000000000
00000000000000000000000000000000000000000000000000000000000000000000000000000000000000000000000000000000000000000000000000000000
000079de000079138000fb8b00005171800075c98000937f8000cee600008cce800066f980000eb280006398800039a180019e1380000a9100012c6c00012d7f
80014b8e0000f63680008008000192618000eb350000462b0001fcc200005a89800056d38000532e000045d50001f1f200014d388000b99d8000a97d0000b54a
c5033bc643f39bfecb0ff84800000000c68aefc4c904fd23410dd9cd3700e095338983a6c499edffc96137d8be2d9fa1bcf64325c20adc19c0d59e2fba6f6e45
c650a63dc48ff27b3a3422023688a1c9b912636e446fdc25c45276c2413837ae33f3bf7a43d6b4d7b941ab9fc4c337e7c33380d64a15a4213d057dca00000000
b4e65d5b800000003705a4f5b72a7d47c3a80a0bc77a9d7cb5e99900b71a0bb1c6b919e8c15854483f2bba0f470266ec388ea56c3e5885a8800497a0b9e280eb
3858a45bb305cbfc3e8b489c42ac877547c96fd40007d2c7b92aa334c7c1df15c181d979cb6012d441a2d2b247b7af4cc7d1938db3947caac6abe90338dc9c68
398622c6c53b63683f3486ac3a2468fe4000c66d4165ff1644b8ad14c2bb3f54bf058f9035ed7a640006603fc1e8b79dca741c743a5526b536cb531b397d59ae
441b18a0b7f14356bfc0d3de4a437153c339b1b7bcace6bbc184781e3caf84f1c7129dfab450a508b9225fec3a8d8137c567a9f4b911bf57496a7b07b434cb90
00061433460d176ec52a63388003ba7f00025121b36264cdc82b57ecb95154320007d7d9c77a55794613cb44bd8d0b7c4523a6393d748a1b3c9a82e8c183209a
b5e306c60007d1fec128e0983618db4846caa968405044aeb7e324cac50fb0a741326f1d412f72b5c18beb27356167ac35d9e693bae61371c854f589489c57b8
c3626664b4320d1cbd363c86b9517c28c783cb6cb655d666371b43b8c3c9a47880032d874a4d2b31c89772ee3fabc27149067f8fb425d31649ac8310333c2b5f
c9a2babab4a652293db5e1783c36da9ab2bd1b81370df7de476fde4d3fa2ca49b288c13735ebf948c769e581b1e5a184c666857048fc7c4a4913666dbcd19b59
3765319180051473b81b3c70bd5c8950c2180d1548f7df32b462d9f8c58fbcc4b5ef02e0c38990ed4100621dc4a973ba3de72361b6dcbf47424edbd03b819baf
b4b22331b58e4ae83b09ee86c73daac0c7039a33c68c78743fa11e15480de86f341371463a5f62e0bd92609c3a9b2d5db6dc38f6bf13f99a3cec55ecc653eabe
00000000000000000000000000000000000000000000000000000000000000000000000000000000000000000000000000000000000000000000000000000000
00000000000000000000000000000000000000000000000000000000000000000000000000000000000000000000000000000000000000000000000000000000
0000bebe0000b3c880002ca08000181280013f058000824700000e450000a92b8002877900012e53800062f2000096e700017d618000bc2f0000e29e00007bed
00008e9e0000cc590001e52f00005e8780005b7c80010fbf0001786680007b6c8000e64380003b6300007e4400002a47800035e88001cf1f80013aed800104e9
3e3952c335b53cee483541f5c8fe343a406727c2c2567fb339cf98d841cb53034303c2e03fa2f041b2885f67000000004a1f4229bf905da6c35d363f4a3c5fc6
b7eaaacf3bde3227b889d3f641f21de5370fe28234cd84f83d68e8083421013bc607b9843acef3623458d977c123100dc89b1eb1b4917d0300006fefb7192ee8
c6008e55c52e0ecf3d5d952534d08693b68484983386307db7a06e9743d15eb9444073bf3c8075e133c299fa3e0b619fb23bd95fc4753ea9b3885d15c98ce8ee
bf28848745cbd4dd3ddb7fc2c30bcd74b4141f433b069de800056a63340cda2934ab956db426cf4d438019e042e72df8411eaf9e38ea7179404030370009cb50
bb902ff0b53c4428c10d4eb54108be0e44883d6b00000000c56955694a7a5ea2c50686ca4584701c450774903a075a43b8ed56a64711ac063e852cbc456f8aa5
3d36cec23a8bc92d3cb844b9b5158dcbc2c04e90bac102e5c64d81f03899c9f43be89b0c337c6127ba2ca733c0b739d24acc261abd47c02a35d469d0b6335072
327e00d4bdcf625a8007de97c15ebc903dbf4e09385bcc7e000000003eac41464281680a44febc0d4491aa1d38edc622be563c9d42f1c734452ca78334979b29
45c9ce78b66df266386322ddc4ea6fd6b9dace4dc5a4a2683389da62c5dc967144da9e4db9b33e2346966e5839d87c09b3d9ee860000000039dfaee1c2384fed
bc81ae54c3e8f8d0c0fb87523308a7b2c7899bce37789fd4350317b1349e590535e1e6c23a96e01738fd4346456f0842c6ef5edcbf4c36b734a7cacdbaa8c502
8001d4e2b83e961f493c9a1f44afd3653b6e0ba2b7297ca4c884d049453d2fcc3c6ae3d6c3ad5d564a97e6014916b5723c1488a1be43faf7bd2de853b7dad4ea
c0b7e90f39f9e74c3f9daebdc9ae147dc1b6e61740b91fad421f10dc000221fb430bf2e2b3c880fabb2f7dea444e9498b448cccf3610f3163716f11e3e138d5c
3da43d3946435cf1bf0241f4c45f371db683882f3c293026bb961fe4c07a1fbc479b931ab3b72c0947394435beabe85bb3f721e73bfcae0fbb3d7590c14f1b15
408d800040e780003faf80003f2e800040fc80003f7d80003f9f80003fec800040948000400680003ffd800040df8000402c80004062800040be8000401b8000
3fb7800040c380003f7680003f7d80003fe280003f828000400f8000403e80003fb180003f55800040158000401f80003fec800040c080003f848000401f8000
000133b680010dcf800130e38000db840001f9bc80009cde8000dc9a0000b424800132ce8001adc90000bc958001233680008302000002bb80007e3600009e6d
000068f380005ea98001cf7680006648000114ca00008cdd800041f2800061da00004cc40001d3870000ecc00000090f8000922f800048cf800012e500006a7e
c80675f9c5114cbfbd26c5e44084cd3bb41fd179370f886bc7bf9865c70d5078335f869f34062b6f39c017ae381498c646ac5875bb193ebfb4d7b815bb39ac18
4a1822418001235ac8a4f39cbec565713afafd9abac1f3da49b90afbb7e0675cb7e7cffcb2a72323c8f062ac40be438dc022b592440334734aff0e47c912a010
46008e55452e0ecfbd5d9525b4d0869336848498b386307d37a06e97c3d15eb9c44073bfbc8075e1b3c299fabe0b619f323bd95f44753ea933885d15498ce8ee
3f288487c5cbd4ddbddb7fc2430bcd7434141f43bb069de880056a63b40cda29b4ab956d3426cf4dc38019e0c2e72df8c11eaf9eb8ea7179c04030378009cb50
3b902ff0353c4428410d4eb5c108be0ec4883d6b8000000045695569ca7a5ea2450686cac584701cc5077490ba075a4338ed56a6c711ac06be852cbcc56f8aa5
bd36cec2ba8bc92dbcb844b935158dcb42c04e903ac102e5464d81f0b899c9f4bbe89b0cb37c61273a2ca73340b739d2cacc261a3d47c02ab5d469d036335072
cae99e02b4732e2ec77f7779c4b9bfdb00000000458577e742c02eda3f706a613d75ca9dc85483dfb8523ded3f59301048823cb9c002b9f533f4ef07373834d1
4003454e3e3bb5204a2db338b8983c44c1e35565c6944ab3311258f3b6dd1ec7b70edec9353aa8d5b35529d5c48c2e13c4e3858549896600c9285db4b49acdbe
403430c23add9554b9eb973ab95be448b95ea8a24393932ec791e784ba8ed7e748797a5c3d623625b8278aa73f2741ddbed2191c3b0062c3000000004681ed78
c513f1513e34b5333effe2bcc6c4b83ac45f96e8b731d6a7c2ed0cf443e5f49747831e3d40a8840136811de8bc21592d33fe3a893eb453e6b34fd96546ae7592
b5571576b8cd6c063ebfd801bb29f7b8c9eed77c3ffc2cf8b68caf56b44f878bc15e99b6bec10b0fb6849545b3228a7b46ab484f3fd05d28473f1d5545b1e353
cac3e5893ffe9ec73249e468bddc0927441777763e5326d8bb0947c2370a6aad3d7dc484baee04b3b6da8c853d56f342c4e0daaec40f8f80c15f52b7b4b7707c
00000000000000000000000000000000000000000000000000000000000000000000000000000000000000000000000000000000000000000000000000000000
00000000000000000000000000000000000000000000000000000000000000000000000000000000000000000000000000000000000000000000000000000000
00011112000129158001a809800260440001b6ee0000d2ba80019c24800192ac00007b5e800230990000b9a68000f09d000111fa8000b329800131fa8000451e
00007d57000132b10000a160000322f4000014c880014d0000003bb70001c30180009ee300011ae88000df3580009df380017b6080017cd98001e3ce00006da7
447b83afb661d9cc3ecb8dda441c161339700a46c20995ae4561fa5e3f0f333f4582c95135983ce4c9c1c706c325a8a84759cb31b31ebcb437591fd7b69f6f23
37d161544411fcb7bd47a0e4b495358ac9dd4ad532e22b58c23c4b9a3f2ae82b395fd2693aa5890938a2845db78308113465bbaf35bd241c3a9f7fd5c24e2db8
38899af9ca8958393f904e3dc1a06a97499ab87c4b2b51623f505a3c41c0b2aab923d97dc29ed2da49affa823d1b86b2369dafa8349b7b74ba2bef0ac4e4f453
3a0898deb8b39cafc04d1588bf07f61435e5f3bdc6249c5f3d0644c9b44a5a5dc5f74487428cb8c2c2a36b5bc0f1fa78bf079445c0cc68c7c08c5f42476f2a33
392e1a723eb9c5f3485a200846852b3ebc7dcc97c194b1f542b19d27448f4cd2b5c468c5b6379c05caeb99f6bfc8207238b9287fc181105dc990a8398000c3de
00000000c9b9d6143e877e0233a679e5000c9b04b400b23036b0d884bbf9e8ecc147ea822d6a62b63f06c181bd3351ab454f18e63c44244c42b8b16537c25f20
4585f7dac5c9892c4a20a4a0c7f6410dbbee6b25440812b900000000c4954fe3448bf3c7bf8467a844148a12390b8ad231d2bf08bb418d1cb4aa69c73dd855b8
b329d970c531dfee40a206ad42981c1334c72829410e69adb4f21d55c105b93b3a28710934fa48953994b47531baf5074a06b762392024a5c9daa030bf5391ba
c4159a4d00000000c9cbb8164450fbd7419fbbb9b320363eb9e5d98c445033ebb80f0bf53973f7123a933124800324034430fa28c1c83d690000000038011924
3a8447ba42452b5334419612c0fdb89b8005e40d3f140ad93deaaa3cc9b77e0a000000003488e8c80001722bc1269ad9b37b6deec1c7b75bbc254a72ca01e703
4063185280000369b788821db99c26e4343f3df400000000b93d885ab3fd69e8bf87d9ee3ff56aacbcaf3c013dc69e15c784bd8235c31396c106d1a7b643a367
3b41b91c3923a87db71711bb3cc9bbd800000000b917fb343d0c674d4b32f4d80004d3344282ee3f3b5c918135afd41d481ae2b63b841ddbc1def78100000000
00000000000000000000000000000000000000000000000000000000000000000000000000000000000000000000000000000000000000000000000000000000
00000000000000000000000000000000000000000000000000000000000000000000000000000000000000000000000000000000000000000000000000000000
0000f8c580008e530000cbc180004c4c0000ef9f8001708e80003555800002ae80003a8b000096248000d939800277e4800043b7000059b880002e428001d7fb
800134b30000304f00002c9500002d5180007d52800048f38000250d8000437f00001a3a000134da800035b30000917200007833800011bb0000a22100004179
c2ab714db716097f47bf897a41500b2d3d07bd5cbd051d35448eec3842c3faaf38ae5ecb3f065d1ec47648ca498b2f7b3eeba88d3428e8ebbbeadd6b49724c91
bc0ecd283792bc5e3b52c3063da744fbc1a2744a466bded2c13e6aca3d8f9b8eb8e8ed24c7fa385e3f9c019bb9aec1263f846a183901df4dc487234b38aed5c6
b8899af94a895839bf904e3d41a06a97c99ab87ccb2b5162bf505a3cc1c0b2aa3923d97d429ed2dac9affa82bd1b86b2b69dafa8b49b7b743a2bef0a44e4f453
bc95658440a1e92d4315107b800767b8c6e7831aca6f549fc1ed9ed2b113f877b91c9fbf3efbac21bb802c8b3a732d2435534e79be138442458a910fc07251f1
4a55b41abfd95e6c45b6f5bdc92aae61b48811c3bc0805d4bb23a2a93c607cb70004556dbd75118eb93f75693cac63e44a5b2eb5b398d72ab27c27833c3adade
3363f46e3c31755ec533ec1a451a857fc4ffacd4c1beb02ccb145746448b7bb344814adfc307a3a6ba4cfd4938054c3eb5da12bc3ea2eb78bc1be7cb430f0388
c585f7da45c9892cca20a4a047f6410d3bee6b25c40812b98000000044954fe3c48bf3c73f8467a8c4148a12b90b8ad2b1d2bf083b418d1c34aa69c7bdd855b8
3329d9704531dfeec0a206adc2981c13b4c72829c10e69ad34f21d554105b93bba287109b4fa4895b994b475b1baf507ca06b762b92024a549daa0303f5391ba
44159a4d8000000049cbb816c450fbd7c19fbbb93320363e39e5d98cc45033eb380f0bf5b973f712ba93312400032403c430fa2841c83d6980000000b8011924
ba8447bac2452b53b441961240fdb89b0005e40dbf140ad9bdeaaa3c49b77e0a80000000b488e8c88001722b41269ad9337b6dee41c7b75b3c254a724a01e703
425234823de0f6f4317d81d939838e2d362f2fa23440d4d8c5aa4f16c6487733c9b88b3d41df3f8840b42a46470c78e842353c5146688df7c3bf188db8223e22
b6163d853cfad341bba959bdc634a04c000c9da8c30bee95bd6822b0c9870ceeca1c7a2943478d04b8a417c43ca1933143cf2275b3cb4f5fc121111ebc8c0aa8
00000000000000000000000000000000000000000000000000000000000000000000000000000000000000000000000000000000000000000000000000000000
00000000000000000000000000000000000000000000000000000000000000000000000000000000000000000000000000000000000000000000000000000000
000108358000dc6980004b910000be2880022e50800030358000854d0000872c000267a4800004388001aeeb0001639b000159e38001b9b20000f2680001238f
80009f16800053a2000034800001f8a60000bf8e000063460001b7578001bf5f0000eef080016e540000394e800128210000ef080001503d00003f7b8000112e
b80cacee3d9942c63b42c0bdc0bb1703b905b4fac716557dbece082ebd0f2c613ee50a4d4a8f224741a4bcd0369567b2bacc6ec5bd91cd5c0012476500000000
b914df2945b13daf0000000043bfecf53905b03c4988b40800000000c86976873ac268ed4996652fc58ee97eb87e71e0440684763a55f4d1c203d4a5000314a6
c5e70eeb3e15e9f4356578303a1fac8e41badd5fc52c2ee145c86b87c50f895ab474ff41438c6bec800337fabdb6a4073cbc32733a269cfb369afcf5418f58e1
392184dac7c00ef03c1f2853c2746157b23f1862bd10a1de46463955b802c3b9bc326dbabf517d9844083654b3a4887cc3c48767b61bfb783d8191d0c193199e
000225d34318a486c4fb8fd0bed9f162c62162da3d08920dc3db47b4338362c048182a173ac97969316bc27ab986f06e8000350c35004a83451b1764c916ae37
c4c4cb2ab3faed71bc6ffd6c44055bff3a7b1eaac874b97b4736ee6742c198ebc98736df4a4ad32732fe50b5ba5bb8f1381345b3b7f37699bb4c915f4466149d
3395c0e3b5be6df4c055443cb6e83d1bc5fe48e9c9d6d55936d7b30039145d543a6a87c5be94633200004ea6c9af22e0462c8f413eb593c5351cbf1c371dec2f
356ab170c838cc7a384a881abacd483fb8e57e1a3436c7b6343f6af6bb8b7682477f6aa03481d856b89252063f0d0ad436ccfe7dcb028788b6e82ba4c9e4a013
ba38c289473b1578b58ad7feb4fbac9e47ca20da3fb42144c46f348e362d71bb46ee352e3913e40e342cc0d2400cc082c05877263cb773b9343dbbc634428981
bf8103063ce2e8ba3b735be849157a87b68c72093417e85b44bab37dc435843200023d723f4f4ff8c429b0cebeaf9e15bf8701dd431316793fb9165bc7107aa7
422ab06b3bb81fcb43709090c9e3ab334a24cc073b304f26beed7bd745dec6a9c95087f4c2ab8217bac70c423a306ab8000000003b1c3c2fc7e0589600000000
c097c15e3b94e03dc94fb965475fecaa3c2911d3c2b59e55c60e746e41c12b604008a3f4352e44343a621bb347f324554385002fc6bf8b6f48571615c4728d80
3fed8000406480004000800040ee80003f4a8000407380003f8a800040b880003f4680003f6080003f9480003f8c80003fba80004069800040ae8000405a8000
409280003f75800040788000403a8000408680003fe980003f4880003fef80003f7f80003f148000409280003f7780003f0280003f2380003f0780003f6d8000
80010a5000015df30001c91200000627800075f7800007ae00012df580006faf8000e2bf800036508000116c8000cc5500020baa8000b4968000e3038000fd58
8000536b8000581b00018eb30000187a00012f5e0001996c0000882c80012f17800044438001309f0000b23180022e3d0000ebd700004dba0000a72700005d4c
c2f1e4764787aa21b6f8e867352e2beac47035f0c3b6ca4d407f6be7000705bb3903575d351c137148924ba43f0980b6bfda550b3551fcffc77dcc6fbef90a99
baa3def3439d1bad80048e70422f4c61c99a757943b1809600000000c736bfe0c7401228c107fe7a43198a86b8b50542c27ce75ac7dbd29fc879b73cb5223fc5
45e70eebbe15e9f4b5657830ba1fac8ec1badd5f452c2ee1c5c86b87450f895a3474ff41c38c6bec000337fa3db6a407bcbc3273ba269cfbb69afcf5c18f58e1
b92184da47c00ef0bc1f285342746157323f18623d10a1dec64639553802c3b93c326dba3f517d98c408365433a4887c43c48767361bfb78bd8191d04193199e
800225d3c318a48644fb8fd03ed9f162462162dabd08920d43db47b4b38362c0c8182a17bac97969b16bc27a3986f06e0000350cb5004a83c51b17644916ae37
44c4cb2a33faed713c6ffd6cc4055bffba7b1eaa4874b97bc736ee67c2c198eb498736dfca4ad327b2fe50b53a5bb8f1b81345b337f376993b4c915fc466149d
bef7f43d41f01952bc81baf8c192752b000000000000000045caf42d495b8c5539589fa9cae2ba5a4a882daebfec982cbb742363402cbd2abf18df70c2f9370e
00000000328fa812ca8c324b480cf838b940a5513c9c194db5cb9f9e4260643744b34c204787b9f2bc6682733dbdf0a73c8cdab5c9e71fd1c6cdb36bba09d25c
3ac300ef3c23eb55bbc71541c2fd26c9c5b863cac01b924ccabf2bb2bc743b23473452773a320a98482d1752b7aab499ca0e2172bdd3fa4049b46507b3efd3b7
b443385741d5a05fb5042be23aa2cf73b5cddf60c5cd673abb111511c657930cb80a19ff3e130a7abfbd9281bb3ad0aabc8c80ab3a1bf628b7c66a42c376a027
c7d02c40387664a84aa1b8ae37328938c396b4343c7064f840c052a2c29a9328b49b5ef04a64eb1247782389410443344460aa953c49e1c7c75045584a72f4fb
4602593dc4c9596bbf121678b1ea849540ac616cc9662829ba50c2d8344233f242bc234a46b06a50c33f728200000000b3fc50dfc630281c418011593d56c2ad
00000000000000000000000000000000000000000000000000000000000000000000000000000000000000000000000000000000000000000000000000000000
00000000000000000000000000000000000000000000000000000000000000000000000000000000000000000000000000000000000000000000000000000000
800101438001293180012ffd8000530f80011b4f0001012200009af68000ecd1000047c300016382800133300000a46f8001858980001a278001801880001f09
0000338c800140520000ece400000afc00008a8f00008c40800009810001511e80023add80019b7e8000575a00003e280000897c00007659000066180000b92e
33a22095ba96f5debf8f8b213a8c213940096154c74f3115c85beac3c3a35e25b3638be2cabeab354a21e9d2bc1777f73c0cf68dbc4b464ec0678c433aee9d30
ba06ca2e471c40433b4856dccad352663851eb9249638781c18b182b39ba8c2f3cab25674166185d468a8012c711fff6c90ae1b64865ac8d00000000b880720b
c509c0013a6eeb0b3a44202dc18744cf410f12cbcb1bd6aa0000000034689ef1421b007e359735a7c6089324345c7bfe42f862013788d6f180146f85c7f9a897
c80d3f5e3bd8806e41c8b776ca2d9b6a46ff38213f521e71497edd28b3d2b8163368f046c806a9fab70f9659c8d4f6cac2c8ea76ca0b8176ca3b1f0847e59787
428578a2bf806928396492ddbdac2fbd3c1fff73b642d5b3bf7705a9c7127828b9007281c2b6ca58b6fa7ce2bef5e71d40a08df63d071a2a3d2504af37c363d5
bafc0c4c4b1c06963f373a8f375293fb36e27dbf476b5b79349effb23ca8d23b4711838bbc7edab4c941b661bf60c3ff3913e06ac6ad3761b3e66723c98714d7
351a4edec3ce621b49c211a63f768ebb41b35dea49637ff945a7f07b3685f640445f5aa046628f3336e90b673b21d4f2353b07e139e171c336edec440012333d
bdc1df18c5c5eeedb6d19f2c487cf9f2b9722aac800bfa1dca894835c3269eeb45b636d3333b92d2bf8dfbe143af8b99c5b9ec7e3d6b8bb9b90a316c4516be70
c9e4f33b45b0519646009029c6ddca2ab6452c203c4d3f59c5c84219b3a7cef649705cfac417e00c00000000bcc66bd833a539f58002e42b3adbef0d372fe998
414928c8c75e5a6237808bbb410445004483837dc6f88845c3fa82683d2e6bd2ca534741385b3c5f800204cf44de8e2cb55133e5b79c6692b45fcca7333d1733
b7c77701c3cbd66f3e3587fdb7ce07fb4a131c8840e7d1d542560fd2bf98630000000000b4ca668642f3c771cb0eba2600000000bfe25d80c51125593d8334f2
b5a0a5f5c06052e3c6c234ee3fc4f17bba1529c13f3e2db3c41829d780013dab80082541349189fc366508184318eb58b8cdad903cdfeb79b7016b0a800673b1
00000000000000000000000000000000000000000000000000000000000000000000000000000000000000000000000000000000000000000000000000000000
00000000000000000000000000000000000000000000000000000000000000000000000000000000000000000000000000000000000000000000000000000000
8000793e000019728000cc040000526300001fff80005e6200009d6280002af000001b460000d72f00003bd080013647800174bc80001c650000bfa98000387a
8000c87280004d84800123f58001347b0000b58f000091a580010f508001543280005c2400011cb480009d018000158880018c420000963680001aa20000695d
babcabf8c93ca62eca214b253d10b6453d118c14c84d5183bad329314a98621e3c648e4b80069364c0d96209b6801b73cafe7c55b563b9c3395a00b3c9cba3a7
413dcfe837d10cbcbe00069ec1e25cb84a264f553c0391acc1c4872c48c288db37b594b6b3852b33b205f0f900000000c7c8a00b4609c75dc7ca8ae144ecbb0b
4509c001ba6eeb0bba44202d418744cfc10f12cb4b1bd6aa80000000b4689ef1c21b007eb59735a746089324b45c7bfec2f86201b788d6f100146f8547f9a897
4986c87dc41747a9b47da357b501959fc5ce6604374e051bb3bda438c0e376e0b608e5d2ba704947bf63e4c1bf4b89e000000000c46903734055935a369bba32
ba36aefb3890c37239ba17fac16657f63f673fdc472ac40bb4ccfcf439d78d623981803bb8870cadbd098b7f360e0d9448a0f109c75a709240c4b3943300d651
bf8dfa61c80d5f04bf0fa79c425c93a2c8db16f033313bc042a9f37cb685b2db4145904bc899612cc9b2679a3a5d78d63975c9abc9f7c57dc839eca5484466f7
b51a4ede43ce621bc9c211a6bf768ebbc1b35deac9637ff9c5a7f07bb685f640c45f5aa0c6628f33b6e90b67bb21d4f2b53b07e1b9e171c3b6edec448012333d
3dc1df1845c5eeed36d19f2cc87cf9f239722aac000bfa1d4a89483543269eebc5b636d3b33b92d23f8dfbe1c3af8b9945b9ec7ebd6b8bb9390a316cc516be70
49e4f33bc5b05196c600902946ddca2a36452c20bc4d3f5945c8421933a7cef6c9705cfa4417e00c800000003cc66bd8b3a539f50002e42bbadbef0db72fe998
c14928c8475e5a62b7808bbbc1044500c483837d46f8884543fa8268bd2e6bd24a534741b85b3c5f000204cfc4de8e2c355133e5379c6692345fcca7b33d1733
362c1442c0a73855c6f61e41475654ddb7589c5cbb98a0fcb5ac2dc7355d90be33c7c130b7b6914eb83bd4fab8a9fb50ba5c20c6c349e316ba07d53734819294
390ab9cdc600f5b83db1a412b9ce468c4821ac7b3401859034aec162bc7554e939ab993e3c3a1ac7c739bd824a1cdaa23d942de8384a5aa8c9c7bc42aeff6c19
00000000000000000000000000000000000000000000000000000000000000000000000000000000000000000000000000000000000000000000000000000000
00000000000000000000000000000000000000000000000000000000000000000000000000000000000000000000000000000000000000000000000000000000
80005dc60000ed7900014bff00010f52800132538000c9be80013f83800019fb80003cdc800037aa00003a04800044a60000710780012b4c00007ccb000001a5
8000ec11000025ae800115ae000067ec80009fe78000a5838002a5e18000a80380013e9d00017c7e8000e6ac00002cfb80006eb08000739d0002c59e0000b5dc
c166ef6e3acd4346c2088b5d8000f5e5bb732c5041f7145d3b8971c335cbee9bc6b2cb19b898cdfe47af4c294a0f04f24267a0ca4766cbae369094ef42e178a7
cb234a03b9f66a9bbfc5af1d32839047b4152c9b4631a4a3b70753f743547851bb364a94389c2b0b34f8f93c3609bad4c18763e4c3a1f43a3f6eba9fbdcc666c
387f226234036b613ce286b743fe8b97c482d08dc23570a34271a54cb416a5f2c7ea6afec617ffdf476a215d3545252e3720e598be214aef0000000042e572f5
47cb0514ca438f35c431b56b41da3a7aca345a044182b702c5a2159cb8cca78d33e8dec03b9a58b239d073d3c19e0aef44e53b6cc22fca7f3e3ed92fca5c1171
c7db3e9db8b96a51c740f864c76d99ec35a9260ebbb5f8793455ac8349805ed5b55f93b000000000bfcbf84bb8ab92debc0bdfc5c40b9d5abc96805f34962669
43f253a83b453b6fc26d2029b83910ce38785f6339036224c046bcc13445785db7b86572c188d52eb4323ea0443632f935c0ff3d3a7036053934e479b7944672
4a9d903b47c8629c80003ea23386cf02457a9d1f3e7fc2a93c898a95367ed5a63de5c4d941649563c634199246666f7bbf5247cdb8821598b58e4495b55158eb
4a2f17b7c800872eb520620a483c5eceb9a0b21db9ec6e7e439cf5404267d2bdbe892f95c2e67a2dbba7e7043a196162445f9bb6458db3024934a88245b0319c
c7ab4cd335185cdd3b4713473dc6b8fb466b7b46c5bd4a4ebc169a45b81751c23861bc8b3bfec7d5378f12cdb681fa0c33dcb6b4b9081b7300000000b2ba8c88
c7833b4d368b31e046b08a2338e983c9c76e03f2407a72f9c528eb963336d1e746b70681c52886d7c2b90f853743378c49a9265ac88c4ce1367c96b6b67a16a6
bf834e213814bcc44361f8db4323a8b4465c4028b71cc18fc8945282c241d2254613fc13441659f5bf92166bc55d0e1e40acd466bc95f4cc427b146c43ce7852
4310780a430dffa9c6800f1bc53d283d48cf130500051bde470e850049cbac6ab84780b4367da7fe35f3ac2cb8b82b8b49e261a1bb0c465ac1b4089c36b2cf91
408580003f6c8000407580003fd3800040868000407a80004095800040ae8000406580003f0a800040ca80003fb98000405e80003f358000402b80003f758000
404280003f7f8000404480003f4a80004046800040c48000404a800040a7800040f780003f608000404180003f5a80003f3d8000406280003f188000400f8000
00002a0d000034ed0000e6f680007264800056090001a97e0000acb700000c258001dde100007ef30000db658000184700001572000002d5000063ed0000f555
80006cd580006006000121d180018fe30000c94a0001128b000084b00000ff540000ac1c8000eb7f0000d86280020488000021c48000cf9b0001c74b800114ba
c117bd73c6845b75449eb73e41ced48043e8ae7880000d8cca2d8321be49219e43f8c70bbd1747dbb9a85e4a40c4794547a16a1735f78d68bfa7af5dc8dc96b5
c0be9d12b70ba2a3b5118f13b6785d303638d18e3822fcd6bcb1981538ec4f63baff8f14b39ccc40c80900fd36823ccbc5248972baa0d536b6194052b73ea4aa
b87f2262b4036b61bce286b7c3fe8b974482d08d423570a3c271a54c3416a5f247ea6afe4617ffdfc76a215db545252eb720e5983e214aef80000000c2e572f5
c7cb05144a438f354431b56bc1da3a7a4a345a04c182b70245a2159c38cca78db3e8dec0bb9a58b2b9d073d3419e0aefc4e53b6c422fca7fbe3ed92f4a5c1171
47db3e9d38b96a514740f864476d99ecb5a9260e3bb5f879b455ac83c9805ed5355f93b0800000003fcbf84b38ab92de3c0bdfc5440b9d5a3c96805fb4962669
c3f253a8bb453b6f426d2029383910ceb8785f63b90362244046bcc1b445785d37b865724188d52e34323ea0c43632f9b5c0ff3dba703605b934e47937944672
34e9a3bdc11aa362b9d09cf2bf25ebbfbc66f909b6cce9e6c485c948c1ad3a39379668543b32e4d0375080e4bb579c4947adae23436ea591b7466e78b410d65c
35ed1da8bc893e8ac192556bb94351d83efa3cb7c73c4d71b311fda33cd0e8903e9a2836429e9bc4344637c7c7726070b901860b484fc424478effad00000000
4041d374b55b288b4941765cbce7514b40c3e1003fb7d9484acb856dca47d1cd3becfd3b44faf52cb437306bc13abe013ea1b95d3670b573c240c82dc6cc24e0
c49ba4cfb7cf4093338d62d03db936b4c60c2760b46e9bbac9b571183407441a46c0ea5abbf132b9b61f70ea3e592a9bbecf38e74adafd39bbad93a631c0a789
c6893078c078964c35f53679b64a947a33a772be4042c419c82c71aa486d62c0bc9f0bd334520febbc5134c8ca916cebb276aebd36c7f7aec80753993a2deb5a
42640bac4247473dc5b819cf486cb1fb409c4d7f3514b205b81d2c8d000133ea48f4a0c4c4073159b3ceeb243b481c0cc923560e420a7e9e3721e96443e00835
00000000000000000000000000000000000000000000000000000000000000000000000000000000000000000000000000000000000000000000000000000000
00000000000000000000000000000000000000000000000000000000000000000000000000000000000000000000000000000000000000000000000000000000
000133978002a0bd000015f800007e9e8000a3b9800179448000f2dc80008c0080007a5d00007bc48000270b8000535c8000bf770002b48a80008fa2000174ea
80003b7d000120510001f93e00000989000013dd0000c0dd8001855f8000b33c80002ef90000de16800062ef00009fa6800137070001474b0001355900011c93
b928b0fcb36374f847a246b8c608388e40b1ac7c0002e967404ef4c9b20bb10fb9f223b33d0130c5370344cb3213dbd9c1f77f49bd2cde5535550ef837b8465e
00000000441519ed33814e6d80052b2bc562935046c9b2ceca1fc97bc49bfc72470a74d7b7edff38bce72a1336169d08bbb59a64459a12d1c2687bcec21a0b0e
3b5f492943474ef337ce0a23b52ff9b44a981fdf40efa283b7cc0695bd226f0abe4ac38c3b9abbe8bc245c4ec5985f133ddc998040c2cc35cb13fc3d470abf15
4834dc743b8dc9c6bd919849b6451a9a36f2818d48f8853bba30aa82bc4e9af9bb1ab9604118f4ee000000003906b74034d15c953b887137c18ff7b9c0bdd525
ca40b16a3716cbed37a70e12b39e7ca8be6ae8a836d38a0b0003d871ba064988ba96da7f4809b3f93b02a394479fdbbd38c1a82436c585bcc6f126bf0002e93c
c036c585489d1d6433cf3403487594f5beccd247ba51e83646251b763ca2b955b493cd3cc339f12eba967c894186051c337ecf6ac1da1614b6f9a4e4c087e62d
3ae1dd7fbc63144b3524b2674065aa29c440f5fdc676346ac807c67fc08f229c3c84374d40822d46b42a34fc3e0150f7c08a017dc059d44642cdca193cccb319
000d9cf840185c9c486eeb22480a7bb4c58e7b01b2836048b81014ba3f3137de34b36446c994fcae3d74c3c03b84b2c641bb9969bc3d26ddc381de13c6487fdd
bac3e907c9cb57e84a3f5c29388d94ab37d78bec3f01c9f33e297fe732c3f4723319578845125c0cb7f8ad2148ec4b4e35d67497430befe800000000483a360e
3cc173990001426d462a1a114ac508083a1bc1d634791072c54801e2c14d62b1b8b3bfa943c72f76b88438f080063bacb39844be47cd9f7d43cd76c4396c86dd
41c24c7e38dee721c69c18d3b886175042ee2048ba38c9aec913d1ee3d3bf47034a46937436fbd2ebc494b704acc3279b7b9162fb507fc083e9095ebbf118f90
b5c880083e29579bc0ff933a43cec32337d04116c66cfbf83f0be222b53898223d919b91c3a0f62148af25663b5d4e49000f7310b91c3522b49a6149bd9ef472
00000000000000000000000000000000000000000000000000000000000000000000000000000000000000000000000000000000000000000000000000000000
00000000000000000000000000000000000000000000000000000000000000000000000000000000000000000000000000000000000000000000000000000000
8000e0fc0000196e800146e200007205000285bb00008989800040658000394e0000cf1080005b5e8000ea7180018b6b00005b5b0000478c00009c9c000072cd
0000017f0000c1428000fc6a00014ae58001b1b80000b8de0001ade20000394c00017d83800016d50000836c0001181a00008e6d000125c20000ed7480006a1b
c26a72eb47d2ed2cb409135d460dec96bae65a01c98664ca39a11b6bba1f3d30be1f33d0b5d31e39c357b31a484ab6f737aa5ca4b4b8dd25000000004850904b
bd00e04e401dc75bb88b6646c2ab93e2341f477242065a34c6d06eab3fe533b8b69ade8d3be0867b00000000346082c4bea0e54ebad590f046183cd0438a7325
bb5f4929c3474ef3b7ce0a23352ff9b4ca981fdfc0efa28337cc06953d226f0a3e4ac38cbb9abbe83c245c4e45985f13bddc9980c0c2cc354b13fc3dc70abf15
c6175880b89ce06431c9b7c5ba96d0e2c406029f3cce07d034a5bb4ac510562bc6291401bbfb39cac9763e64bb309d3e488c8652bc262c41c3a77da5bd7c375f
c0a68dc0ba6a9c423aa5f3b0c6ebd6e580065d6abf94197dbbd72a4440061d29b80b3a1ac1d65f73b4b0ec6a4842cba337c2e49c372eed9c4918b6cb4316b615
43e0d86dc4719e4f3754c51cb8eefbdc362d3eb449b177fdc0f941dec404fe94b850f308c8b53ceb4b3873cc380d185840355655c9df57cf365d3e96bd9ee032
bae1dd7f3c63144bb524b267c065aa294440f5fd4676346a4807c67f408f229cbc84374dc0822d46342a34fcbe0150f7408a017d4059d446c2cdca19bcccb319
800d9cf8c0185c9cc86eeb22c80a7bb4458e7b0132836048381014babf3137deb4b364464994fcaebd74c3c0bb84b2c6c1bb99693c3d26dd4381de1346487fdd
3ac3e90749cb57e8ca3f5c29b88d94abb7d78becbf01c9f3be297fe7b2c3f472b3195788c5125c0c37f8ad21c8ec4b4eb5d67497c30befe880000000c83a360e
bcc173998001426dc62a1a11cac50808ba1bc1d6b4791072454801e2414d62b138b3bfa9c3c72f76388438f000063bac339844bec7cd9f7dc3cd76c4b96c86dd
390185c4c1e41a413e07bbaf37a40d82474c8f37bf6c6cb6c3076b0944060f5fbe6d42d93fe12cdfb9668cd833ad4e48c39212c345c3f6d44acf3d75c89593e9
00013916bb5b1b9ac8ac6851443a921bb8910d513583f9ad34fb9e5dc0c7722bc7e1480736756f6d382cf32d458a4e813405a171c687c7c44694296d3b09d6fa
00000000000000000000000000000000000000000000000000000000000000000000000000000000000000000000000000000000000000000000000000000000
00000000000000000000000000000000000000000000000000000000000000000000000000000000000000000000000000000000000000000000000000000000
000132f5000074b1000037bb0000770e8000294b8001ce2300005245800124290000ab8f000086028001321c000032438000f44a80003e0680005fa18000a590
800032660000a32f8000024c0000e89d8000345900004dd3800241e20000c89e000085bd0001b01100009b4d8000b65f8001dc30800306e38000110380005f3b
ca36a9d132bce36d4913174231768ea4b3f00eab80046026c80577410000b4f380041ee1c2a9ecd0c46904a6373875d63f92f781bfb00c8bb24d9836c9091e50
365831ed0007185838deb80f3cf9cdf0bd75c3f74ab7e6f4c5014bfd4a67014bbf92860b8004a82c3c0e41b53c9ba4dc32de89f4b4808132bb8f1f6f4833dce3
ca97459cc6c8e80c37387407c34aa7353a8227cdb78bf3ecb4d648ac41c10ac0bcddf6b8438e2aa3c94c1faa33561cbb3697f4bebcb82298b6023aafbd554793
380c5e4c40364f0845b5518948182cc6c61c0554b75f67493797dc163c00ac1441da60e9ba4a621849a95a8d3d53a0e647c8451bc5630517b7805075c2a22a56
000000003822061b340a0625b9bd39243c0bed48434c2ae93f0f301ebbba42f1c452d58ebbb77c1b48ed004ec54e5576b698e9ef42ebc0bfc4c5b709377c7a4d
c651b2e43698412ebf1864a8377ac5113ef74943b8449ef1388f5e0c3a52087bc6524a523ba408e2b5d8d6f84658934f3ada02b133378b218008cdfd44e63b6f
c854fa6bc15abd6d453913fbb7de98a2b62db8e53889d09048298427bf9b41f43c34c58ec9b22c7d374b19e3c4dc297bbf9390aa3c03a230c11f4bf7b778da0f
44165e21461de5663f2e86ce3f4c96b2bc26203642ca7df1c2abc4bdc76e8d84458c2f7cb831e964b8e7b9da39b3a79f492df94fb32c1f1c45dc52b40002877f
41abea4bc0588e79bc105554c493aa76ba9d43960000b4de8002dc63446abe9c49320a7a3dc3b59cb68f00393ec3ea0e482a45ee4504f4b5b837a032c5663751
42dca6eb3e8c00f138846b3bc27bd48d39d8e566c691e97ec115f1bc4757d48047df03b5bd84452249eaa81c33fd573bbda656c9c043f345b4f46b59c330d3f5
3ce396463f260a59388aaa9fc82ee533bad23e08b30bfd98c743e5b83586e648b862ae45b7943fe6c2126554b2ac4a58ba01478648828536c0c74d4d0008cce6
c8b427033964c634bf2ee7f5000ac88140375f4f463b4f5eb176fdc4bec9a82bc2bdbe7136115351b6150c3241a357e2c012142e419945e0b716a2c243acd225
4046800040d180003f8580003f578000400780003f8a800040918000401180003f1d80003f748000404d80003f1e80003f0880003fcb8000406480003fb68000
40e580003f9680003f15800040358000405280003fb080003f408000402380003fec80003f7d80003f8980003f858000404480003fd7800040c280003f048000
800201ce00025a410000fa328000099c800091a200014cfe0000ae878000dd4c0001ba92000116378000998000009cc580000ca10002015f80009172000142d6
80003ab2000159be00008cdd8000c54380005ddb8001853980004c200000ef8b000234e0800012000001084f8000938d00001956800064bf00005e010000e893
3a24af5bc09d69d849b395f53885d063bebc9ba33aa70207375c1697c14718fab7c26965800f8eb5ba260d25caef7205c0b1fe12c9f0901e45edb4673be5d98d
3d8e43824435a8d5800fe553caee56adb2fb5073c79ee2743bad8073bea13c26c3ebd585c1be63deca33728c42752109bf2ee26741f95a2e33cda1a5bafa151c
4a97459c46c8e80cb7387407434aa735ba8227cd378bf3ec34d648acc1c10ac03cddf6b8c38e2aa3494c1faab3561cbbb697f4be3cb8229836023aaf3d554793
b80c5e4cc0364f08c5b55189c8182cc6461c0554375f6749b797dc16bc00ac14c1da60e93a4a6218c9a95a8dbd53a0e6c7c8451b456305173780507542a22a56
80000000b822061bb40a062539bd3924bc0bed48c34c2ae9bf0f301e3bba42f14452d58e3bb77c1bc8ed004e454e55763698e9efc2ebc0bf44c5b709b77c7a4d
4651b2e4b698412e3f1864a8b77ac511bef7494338449ef1b88f5e0cba52087b46524a52bba408e235d8d6f8c658934fbada02b1b3378b210008cdfdc4e63b6f
80065895c388c2f4c59c9f81c15358bb4686762a391ace03b4de4d6dbaf1c28c3396c51b38802cb74037087bb4508990c16b65f8478740973568d35fc534c383
b34feeedc205fb98c67687e237c9155cb638be723c031b96b514f5a637a770e100053da4bd75ae5e4a923be93781e0a5c3cd2ab8c999e279000000003dd9e330
c03fc92cc3a4529b4a5ea423bc89540a42afe427462dcdbf43b46108369f1ca5c1d7b0853590f7d1000221370001346e483dd52c3df884d848c79b69c69e7ae7
43c0931a348e3f5d00031925c716970a3677f79ec9e5845ac557286ec1ef754db8f416ccc79c561142445da3418cebe3c3ad3d6acac7ebfe4486fc2038e6717e
373c06dcc292980e3619676db96b9a69b86337878008528bc50994b8bf98774242f29066b91b1d0349fa84e0b9b6f9fd3a79661b36c52d6336fe2e7ac9de7043
bfbdcaf938aa031b4416d102c02f751841040e55bd9e19d33d31146abf5de529b883e6644a4ae43736e6a998b8572ff9bc384ed038185a2d36d83fe0485db99d
00000000000000000000000000000000000000000000000000000000000000000000000000000000000000000000000000000000000000000000000000000000
00000000000000000000000000000000000000000000000000000000000000000000000000000000000000000000000000000000000000000000000000000000
0000b9b80001a77d8000ccdc80011563800013348001c13380008f6d0000248500005a240000b23b8002233380022bfd8000b5858000241e8000882b80005f6c
80010520000193520000512d0001326500025ff180022b960000b5eb00018dba800092188000d3c48002069d80007f68000075b280016c09800064ba00021825
474d4b33ba0b6365c2b982d23e6f66983a758475be018117b30d5de94034a40eb66e8c503522490845ce6cc7c8e369f0c20ebcee3a7d67b44241e1b8bf3fb62e
bb3802ef467cb843445243af4795d396c8049c3839f2bbd7c0a246a6457c21a93d9b7bdbbc2a2aeec87d8ab24a1e87e732e9bee13e81e8f8387be0f23a1af238
c3b3831c49a987ef4a647ae7368611c439186a3c45ada3b1498999ee495ba2fdc9572aa6bac56b52c192884032bfd966c679dd5e3e3344ac43c0fcc2c6841e5d
c3af377637323e6341713087b784df70c36f38bab373261eb4abb741c8514f8f382e836d3b8db9c7c026f98d3fe55c1044cb11a4b70c8c2939974d933cf959fb
c1b5f6a83c7d90bd48a43275c50c9f2ec0481619c45cf1abbbbb8ef6b6595ea3c791acbbbc0631ff000cc4eecaab87f4c049780abcaf8cb0c9266ca7c3b15a9e
c72738ce45027c92b273ea3d8008591e3b0294e4b46fc843bc290b5033cd9a49bbd9c691b602177f800304183e59dd9d351bb1993ee891f6c005231f40a0aa39
3f53f877babb8038c74f392c3e6ae30039cb2f7e452eb5bd3e810401b806a4c63b78b25bb7f99e83bcd7435d31e83e14c0fec7333575edf2c7e308cfcac8eff7
ba490250388a4332b6be9841bef5d6494756988db90aa6f23e439b2235c424d93396dcc1bb992a663ac64f043454d840b6fa4ca2bd368f2680020ecfc34252e7
bcd86b80c2b3124d38835253c32a0c31bf891e3cb502b7e43979f33a3568548ab30ec19e3c84daf2451d7a80c483a11c4247e792b33ae46fc39a872043bf50a3
3b7ef014485e7c81c2810a83c2562d4832e82359c56b4ba648551ac2bf5b6b5ec6a42e2fba01a16843bff9b1c9aa85163f05806fc25d6f71c10900e339e0775d
45de948133c94a8d3a891e9e47de69f34447a3f9cacbe8ba2e9f50e180017bf644bc208000000000be9f4e38c5d4d6203a1d8e7e3f17a88fc869661749418046
c20a743f3c9ce99a3ab34fa1c900ddb8bc756e9a459bebad00000000b34fb7aebbc7542b3f6947734aea229cc8007ec63448ee243bfc2d14b9e3d54541388436
00000000000000000000000000000000000000000000000000000000000000000000000000000000000000000000000000000000000000000000000000000000
00000000000000000000000000000000000000000000000000000000000000000000000000000000000000000000000000000000000000000000000000000000
80012014800131fb8000d97080014ecf8000583d8001d2f58000f0398000a792800001e6800029f88001457680009cf5800193dd8000aec0800111908000c7c4
00013bfc0000c3f80002205f0001161800016e7c8000573e80000ea180004498800071fb800035ed00011c6200018015800148c18002abc400005636000137e3
49a29bcfb62c8f10411c9d163d1ccd44c50654b5bdf5133bc277c38dc88c85b5bdf4dc32c950faf2c64267a83edd6bbfb3b90431b4d217efc6d2e784ca797a1c
c89509e0c893ea1845dee2cf389581a0c4813becb69004ba439d66623d100d0845ec56d135faa31d4583535335c9275dc9d82006b59f3fdfbc811e29c0a76862
43b3831cc9a987efca647ae7b68611c4b9186a3cc5ada3b1c98999eec95ba2fd49572aa63ac56b5241928840b2bfd9664679dd5ebe3344acc3c0fcc246841e5d
4710594bbf3f74cd001083a5bd09ba14c089d8c0c31f3258c502795db129bff4370d9a253a93d4fb39a3b6df478798fc3c1d9b54ba3322b1bc73db3bc5728832
46c5049100000000be428e77bb54b39bc7666b3b35179606b8efad623b1a39ba3d63dfc33f939ea5b62c0fbe49c5a81044159bc446b207dc3fb5d4ecbce85695
c28f52a3362940b3bb03d08d80006b26c6ba4b34c48357053db21321b83066124727a692402e6092400397fd431e7bdc3934937ec498fe8034961adf418f95c7
bf53f8773abb8038474f392cbe6ae300b9cb2f7ec52eb5bdbe8104013806a4c6bb78b25b37f99e833cd7435db1e83e1440fec733b575edf247e308cf4ac8eff7
3a490250b88a433236be98413ef5d649c756988d390aa6f2be439b22b5c424d9b396dcc13b992a66bac64f04b454d84036fa4ca23d368f2600020ecf434252e7
3cd86b8042b3124db8835253432a0c313f891e3c3502b7e4b979f33ab568548a330ec19ebc84daf2c51d7a804483a11cc247e792333ae46f439a8720c3bf50a3
bb7ef014c85e7c8142810a8342562d48b2e82359456b4ba6c8551ac23f5b6b5e46a42e2f3a01a168c3bff9b149aa8516bf05806f425d6f71410900e3b9e0775d
bb4fc466b85da9293a28fca23c04eea639ca78d3b31757e8381dd1b74ad2b9fbca66b93f80019cad3784d276b07e76b2baa3b0dec39af84cb8882086c4a83298
b4651788be077065c4283c34bbdbb95041b852764113dcad4212a74e37f02689b595130236763f283a289b93c5a87870bf4a5315c341ba15471625188000018f
00000000000000000000000000000000000000000000000000000000000000000000000000000000000000000000000000000000000000000000000000000000
00000000000000000000000000000000000000000000000000000000000000000000000000000000000000000000000000000000000000000000000000000000
0000b5008001f47400004f3780004df400021959000045100001adde000096c90001e9fc0000a9980000545f80004d8400016cf28000db8a80011e7980013ce7
80017e91800098240000b06e0001315f80029cab0001a60480005e810001127e800210dd80011ce580005dd680012354800048f30001cf470000780b8001ae14
3a76bbd046139676421c92c7b8841d9cb9238d394119c2b2b49d03493941fc0000000000470e3642b6eaf5224068cef740b298d9b6506751c85ffdef46a97f2a
440abea5b5954d66c305edf5371c219d45eba10ab47f8ebc414d84c8bb8606cd3bf44705b702b6d73a70fc6442d179ef3d885d793a4c83eb48954b303d677b5d
b29f104c3781d8953a5708c8428b4f3db9a2762cbd8198f8b84d100bc586ffcebd8a5568b44ac570b6c25c710007bad83a504ad644f06645bf2981ddb331476a
383a77d7c0a2942bc2a15cf4b429cc46bc91ad75bde1a515b7b4bd203d19ab37370b50f0338a4b4ec70e1986b6073edf47e863644556cf44ca436c44b6d0ff67
be8c41004360fc4b3d0d74c6c88fafdeba552dcd34326349c3fcb72845f9a277c296e1fe3d7923e035b87513481257a7b90648003ddbf1ab389ad4a63b60be6a
3de0d3ed42fd0705404a58874865b8d2345847d44391749dc25fe664be2f543b3b49aee6409165b238862d913eae0929bf0b9ddeca09ee824135ef76c8fe8629
c23316c2b29f719b00000000b36c031d0000e43738d844d033de83693f7c24213f2124ea334213a63ae692f249a30dc6c61c6f133437286fb32bb2feb516d6b2
3745dcda41f2bf5dc6b681cec6ecca2a3c19e9973bc0031fb74a63d9cab956a43c5fc979c8c6d602c14034a8c6a0cb00c1be12d0c7efe06c347763e73d165dfc
bae2bb7fc053f481b8a49dbb414697d44250ac2949a7d97e409c5ea3b58561de398e3a48b68b02b8b9146d784878a6fdba819db64332032649d073c1bd60c4af
c9d32b30c3423cdeba75d97bc6860f2fbc9279ecc20e5d60c5060805c2f81f5f3d6c4b68c3239ad8caca95d94667ecd8c7e30d3ec4e27c573417685947a01525
45248c7dc45d272a381b37dcb990a01638cec5643ea7ef813c41bb4637ab815332e1340645398199be0fdd13c399bb1347be7302c9988b72342abee047d3d19f
c7b57e8933e717b93cfd83a2000003bf44d76287b9ce2bc8364a9440c6922fdf3592e8603d7b0e3abbdddcc2c8b74fe5459e6c6c449bf00cc6215604be68a644
40108000403280003fc48000408f800040018000405f80003f3380003f8c80003fb180003f2b80004017800040e280003f2d800040fe800040b8800040ee8000
3f54800040738000401d80003f338000407c8000405380003f908000405880003f76800040328000406c80003fde8000407580003f9a800040a280003ff28000
8000200f0001f98000009c3080008c74800041bf000061950000a89f0000e8c900008fb8800045dc0000246d00003b36000088b00000487680003f908000bc16
0000cac18000d8d20000363300011ec5000005968002270400016b90800088a90000f73d8000c6fd00005ed9000092d1800005098000da180000ce2a00004b35
39ba4d3b4a98fb9b439d085d397ee7c73ba79ad0b58eec64b71cf57bc81e7aa5c2bd9475ba2428ea43d1730bb913d907b5b7c832c9993e6bbe228b38454a72c7
0000000046bd8ed8385852d745febedbc62e553dc6da8bcf00000000b82cd791bf06b7d2bbaee193c42ee358b9101fcabcb003f8c390bc863aacf580c4b21038
329f104cb781d895ba5708c8c28b4f3d39a2762c3d8198f8384d100b4586ffce3d8a5568344ac57036c25c718007bad8ba504ad6c4f066453f2981dd3331476a
b83a77d740a2942b42a15cf43429cc463c91ad753de1a51537b4bd20bd19ab37b70b50f0b38a4b4e470e198636073edfc7e86364c556cf444a436c4436d0ff67
3e8c4100c360fc4bbd0d74c6488fafde3a552dcdb432634943fcb728c5f9a2774296e1febd7923e0b5b87513c81257a739064800bddbf1abb89ad4a6bb60be6a
bde0d3edc2fd0705c04a5887c865b8d2b45847d4c391749d425fe6643e2f543bbb49aee6c09165b2b8862d91beae09293f0b9dde4a09ee82c135ef7648fe8629
8002011533e1dd6900074ed6b994b336433a4bf042c71c34465c4c523effcacf39d196d4c9e1e6154556bfd049576b9c3d3a7c2180006add424994edc3a10233
37def85140740404b6b7e05a3fbe5078000d8d8b418314d0450b12bcbcc3f808383912e5b7790dcbc8a5d803b8af22534465585dc5c4bdb63411f9e7422e511b
bdf4e0c6b931883134457a503cbf4a17431e05e7c55cf0e6c034ada6bea28f75468f521ec4a6c32634dd8a95bf0cd59545b9d3434715a3cdc9dcffda3f3836d2
bcbe1d32be0eeca5418025ec3d74271549ebb20fb5a9d220c305ea020000000039e88e7936ee5ad1b8c377f4b3cd3a6839ba95083a82078bc845568d00024373
350b35133b319bb3b8e5995c407ecc9eb38277dac81c5e31cafa98503c63607d3d89dc40b777ff8fc4729eff475ae8c13cb4f8f34a530ad73558d6c1484bea9d
48718bd6bdf4fc90422039063d23f61147ab55473fb8ddc34927a31dbf0734a54286a3fd3d616adc45598533c23cfd19bc5bd50a3d1bd8533c2a65f74a54db05
00000000000000000000000000000000000000000000000000000000000000000000000000000000000000000000000000000000000000000000000000000000
00000000000000000000000000000000000000000000000000000000000000000000000000000000000000000000000000000000000000000000000000000000
800007848000ce1780004f43000020518001871e000158ad00020091800022be80008cc20000ce250000591800011cf20000983e0000065d0000ab6d000187fc
00013f2200002e95800279f480000799000210d40000560b80001f2b8001420e0000ecd60000d1480001ab2d80008ee78000eaf78000435580007594000064e6
428860aac945958733f3c5b7c76aa82db46b143d49d93b8c473f238d3b5297db3c9d79bf48d961004ac9f007be7ae4ce33cfe5eec718b2c73b21e9d147051847
3a1547b4c2c1c0b14476ca01cacdfdcd372a4760b551fa9a42fc0b5ec0fba9f7c22d7b25c9a4c355000000003e63f53143cbadcb449e06720008484e3ccf8ccb
b469568a0000000034a9199b394cc434c9cdbcc036d9aeaab8e6a3e248884ac1bb64d2e13ac6944ac5b1e4a1c83379a833778a58372dfdffc52543d4c6b135af
3255f7ae8003388200000000c1e8805843cf507cba3a9fd638a3f7a0bf9d65e1800a200ec3a23616448ae2ccb91b4d8b420dc0ba000cc0eb37d05b103713a9ef
47af873537a3a6cc3728e79ab3a691ac32c19185b6d984dcbf3cc841cb86e485bda99a16b86552d0456d9ac3457c2b9a417943e33d09c068c4e73736c576babe
80003e9b368b4a7636885a713acdbe71b6519f3bb5a998c647e5adf936bceb88bdedb43d42311609c74a7eda43267899be34830ec0ca19ef468fcf49bce04372
b829495aba21582fb3e9dfb4bd99580400000000b7b525cb32843490b51c0a3237adbdafc32c9f92be281489c974d16080110a38b8026e8d498e23cd41734e5f
3d6978d0c9a1692135e9ed3c4888aedab5362b58c094df6f34179262b6c8c056c5ed3b6740d3792e0001dd0d000490444961ab29c94fdd2ecb4fa077b9268d5d
c449945045a71c4b352193b73bb1e12734d91dc3485d261fc9830575b51531ef800882edbf36c44a45534b52498dfd1eb40d57e83a53e81134179925c190d147
4a2d5b36b5bb886f3456ef7340e55a36cb1a8df2c80da2e147aa10a234b2ce72bc44dcb93578a495b8b4066e3f18c720382c4fa34a505abcb0164f3bbd0adfcf
36c60114399c37640001b89dc5387a0f35266463c5a4cf9bc4f36fbd3649f7aeb99dab6a00024d3045012ab8348e657c46ee4605382bf43cbdf32d603f0afb5b
c8168203bb77440ab34a70a9b65a379b4600b7b244ecc9dcb63b7a1c411ee18ab841914bb24edca9403e344ac8191ac54778b0efbe43f1054396f31c3ed6dd40
00000000000000000000000000000000000000000000000000000000000000000000000000000000000000000000000000000000000000000000000000000000
00000000000000000000000000000000000000000000000000000000000000000000000000000000000000000000000000000000000000000000000000000000
80004a488000edbf8000205d00005fb18000487700000e480000089d8000329a8000e1cc80006c42800090cd80001f4800006060000231878000f2548000c240
00016e050001404700012cdb0000366100027935000085ae000065180000d85280016d0e80012358000003b40001e2c68000e09b0000dc848000203900013a2e
b9f5a4ebbc205073bb0b5ace33a7647ab7b054173547a097beceeb5a3c2e4f7cc28ddef9c505c7f337cdd26d41b29e45429439713342b75ebe9988f5000d0871
377b9777c114f7083b3246f03a177f59b4e7151c00000000b2c3c1f3bfc66024cacfa37a35218f503ab3ea0549b1b1f046fc39dc3cee4a8c3d4ccaa543933de4
3469568a80000000b4a9199bb94cc43449cdbcc0b6d9aeaa38e6a3e2c8884ac13b64d2e1bac6944a45b1e4a1483379a8b3778a58b72dfdff452543d446b135af
be104ae5800836f13a482ee1c28488cb3b170bb9413d7501befc737239bf6335416dc3b23d395ee6493070f93a6939edb62f8d87c22aa2dac7a7a3d1c20043bc
b8eda5570000fe4d3c8b3ea837eda305b85ca772348dfe54419fce3c427571d3b368e11f800d01dfbb99fddb375e09bd43874ccbc19f550fbfa6bd9ac465455f
412ad37c46d5e0264016226d3da89bf0328a1c60bac7780a36cb00733833aa5ababc67b64911db823b0e6f1c4a28fbd200000000bb81d74ac509c373c2b278fd
3829495a3a21582f33e9dfb43d9958048000000037b525cbb2843490351c0a32b7adbdaf432c9f923e2814894974d16000110a3838026e8dc98e23cdc1734e5f
bd6978d049a16921b5e9ed3cc888aeda35362b584094df6fb417926236c8c05645ed3b67c0d3792e8001dd0d80049044c961ab29494fdd2e4b4fa07739268d5d
44499450c5a71c4bb52193b7bbb1e127b4d91dc3c85d261f49830575351531ef000882ed3f36c44ac5534b52c98dfd1e340d57e8ba53e811b41799254190d147
ca2d5b3635bb886fb456ef73c0e55a364b1a8df2480da2e1c7aa10a2b4b2ce723c44dcb9b578a49538b4066ebf18c720b82c4fa3ca505abc30164f3b3d0adfcf
b5b06c1bb5adbd2fb936ad60b6c4d72e431fe74d4988ed3a446782e934fb54ec34e28ff93b9159e68004d7d7bd2b741dc4975d8cc06014a0b419331bbb7997e2
421f6c51c7903688bf4407cb45453dd4c8aa437638be0d7ac72df94541d98a70c10e1edeb98fa284c878745d399682a84287464ab406c96cc519cce336c5020d
00000000000000000000000000000000000000000000000000000000000000000000000000000000000000000000000000000000000000000000000000000000
00000000000000000000000000000000000000000000000000000000000000000000000000000000000000000000000000000000000000000000000000000000
8000a0508000aa430000695f0001149480000cc60001fcc28001842e00000bb80001196e8000a562000035788001163c8000e5f08001d9c480013f3a80015b59
8000b952000056fc8000a9ac0002011e00004f45800113828000e47c0001bc5580005de3000002830000105c8001547880013cdd8000699a8000f54280006aac
4535cdd7bd6be2e6be7511ae49cc9c43464a9d3245fce3ba3f17c2734b2a88723fdbeeeeb7a7fa543f17e20cbb9bb69e406da22bcaaf1292448c98ebbb6aaf50
3e0c9221c3986bd2b5021c353ada144abc0c0128b58de40c3f15602d488956cdc0e1b7a0b53dac88c61bc05f3563ef47b60ecc1f3b0fe19e369572524006095e
c687cef4b77c137ac31062b638b6349eb81830afb669c16a38c880fe361b341c8009f80a46bd4b4f3ea5567080045db5c4c5d2d9c9b36f07c5f3e7583992c991
b366fc513f5c9965ca0f856d37ace6ef439c6d75c06a545180050950b454da0ac66a9ba5c8093603c58e7415c4574d1aca108dc53ce3c671475b873c4a8134e5
bea19bea3a8b1494bc47f0d747918e433e461667bcc9cf29346fce72bf029b263f1f38d6b78babfd3cc238f63ba99241c199b151c487cd76c14404babe5b8477
ba421026c6abf96340b810f6389a3dba44fe5378bf8b3ad1c422f988caba53a73e3c9fccbdb716a1c70d27c13624458946057c3fb32e92d6b80e8dc5433d0f48
c4ffda2e46066c244aafdf1ab6fa291634d0bb4cc62e969bb73948503d22917e451a64b73a86b068c315940dc1ad3325bb815cd946446486377b8a3b499c9d16
b9b41dd2bb69ccc742a26c3fbfeefda4bce29c41375cc27fb8cebe1638b1ba42b4b9d007be2d7dc1b9656c54bb93c027b6d6f2dec38eb11c00000000b291abc9
b8e1073f37816e02316457723a3c7ec73c83a527368804b1b9d62b5831e8563ac023e946bae6ff01b8f23812c9b0e2ed471f44f1b4b20bf8b718aa0e484900cd
398b4b6e00000000bf875afbc03f1433b68bea71bbbfaa68bb019753420244a9bb8c85d5000000003fa2805b34a41c5aba821a69b6b3d67044df8e60bce2beb6
be0a592fb4c321b03df72d2e48cdcda04128742147c942473bf2c5b1b40be6cc4305aaf134779658b50fee98c49729053c0443f234ff0350b6130d0ac6e8191b
4609e155baed148f41dbe174b41094e943c47c9ac2bc8aac0000000038811d54c303e3213aec7bffc382c8b23c5e329abb4dcfa13b0391d33abc8977400eed9e
40fd80003ffb80003f8480003f788000400480003f2f80003f8980003f5c800040d08000405e8000403580003fe68000406880003f0f80003fa78000403d8000
3ff88000403980003ff8800040dc80004092800040ba800040c280003f9180004058800040438000402e80003f358000407e80003fbf80004069800040cd8000
800154f480004dfe00006a9b00004cea80019ff380010ac5800011bf0000f69580002149800053578001ff378000e4cc80009dbc8000a2ab8000dac30000584f
0000b7768000cccb800292c88000b478800081b70000bbc300015c218000ef5f80005edc0000e8c2800005670000efbc8000055c0000b6fe80022e278002e196
4559f1a10000b4b5bbe67879b7fb45c44942ae06c4e25626bdc98071b7ba894e00000000babf645fbc7d9fa13e906feec1ca40393f088951befe50f048a7834c
3cf677923ea8ac2e3a8308793988a852b3b77358c13e4104c5f1700db99475ce385881dcca726e573df576720000000000000000b2b6a7363c2e16363501dfb2
4687cef4377c137a431062b6b8b6349e381830af3669c16ab8c880feb61b341c0009f80ac6bd4b4fbea5567000045db544c5d2d949b36f0745f3e758b992c991
3366fc51bf5c99654a0f856db7ace6efc39c6d75406a5451000509503454da0a466a9ba548093603458e741544574d1a4a108dc5bce3c671c75b873cca8134e5
3ea19beaba8b14943c47f0d7c7918e43be4616673cc9cf29b46fce723f029b26bf1f38d6378babfdbcc238f6bba992414199b1514487cd76414404ba3e5b8477
3a42102646abf963c0b810f6b89a3dbac4fe53783f8b3ad14422f9884aba53a7be3c9fcc3db716a1470d27c1b6244589c6057c3f332e92d6380e8dc5c33d0f48
484eef584438bf04c271715cb668a613c4bba4403323dabd3a59ec823716927d371e47b2c73846474386d97a3eada55644ae787fb7204702ba13c144bf960ed7
356ae1cc39d394c4ba328c1fc75e7e6e383909c7beb0c929b7fb2c4c4000a84dc0e72809baced70ac66ba9c8bc44d82fc907660046b721eac82800ff3332d4df
489a049d3c58dd49349cb5a1b3cd78cabbe7518937f932d43f6f1f40c1ca58edb89e205634ca44a8c6490dba469df9df3fd365baba89f789c916365cb546db71
ba95acc73b615410bb6ad8e4b96b7503c52fcca040090a824ad09ab13f7e2e7b3518c053bc3a56bd3703d3ca457b02dfbe259411b4bfe56c45a6e36647d0d420
b64ad1c63d7ffaf8c8cda5a1c66d2f3cb5850bf1bdc6d8fcc43ca9c7c88cdd42bf77ef87c0e53178c616e849b3bb3b87c46b0226ba5a586abb6d588ac6920fdb
3e340c6e3d857460cae3f4193ea50c9ab789a04bcb2d45cd37bd9eecbf01f96e4143d6b73e1a8bf4c974c75c42dd06163ae8624dc7ad2635bd1b23ea3354e55f
00000000000000000000000000000000000000000000000000000000000000000000000000000000000000000000000000000000000000000000000000000000
00000000000000000000000000000000000000000000000000000000000000000000000000000000000000000000000000000000000000000000000000000000
000022db8000a7d700012a578001060100014af40002ab888000ce5080010f7900000281800007210002b229000159a480000a7f00012f2980004b2500000665
80000c2d000004468001b870800009f1000057d60000eb0b800196298000dca68000e13700000a5a800266f680007770000066fc8000d25600004a880000d01a
418699103acd353f49632c714b0389efbbcd7431bf9d9357c84315cfbcb599793611d41ec748767833b3d9b3338ede7fba49e51e37425381474b84d2bad2be2f
bbcb3de6c04ce54e492148e838e00a65bf1d589d00012073ba5615bec066b90c3dc52466bdba06ca38a3f53dc79995cbb71b645ab36a6c70c89ee714c04e7724
3b468ec0bf4ebbcdb47ada50b6bbd3b3c83782d6370d7637c1b3737d0003dab0c8c1f2104346b40e4208447eb3acbe3c48af8aac4125e22c42370345c941b268
3b37ba9b80080dc78006e6c04a13515a3de92ce73b9f30afba9a564d3f649a7bbbd8cb0032576c09b7d9508c0000000045e81b70c7ec019749f2d2b1c6a9e4c6
b40329e7c86c11acbd59c043bf9a6e6038f89c1746c9cfe43afebd5bb992a48e3fd5593f36e1840ab8527af8b7682e8f41c2de7e3b07211d48ddbb86b4b5b0c9
b3f1d1543e1d37fc3eb3e8103a051d7d36124aebc2199e898003bf42ca6dc39bca77e45540ca7f704a51a73632afba9cc14bbc6648a05ba0bcbc100ec01c81c1
4064a8e936bf0d953b139ce9c73740bf363e1dbc4a6c75674780f0774064393432831e423cc69622b319d57b450bcadfc81190d148555e2a3d1e7fdfb4c60dbd
47f58bc63a94334b45a06c52340af258b6673375c783f060484cf790c5b59150b885493c000ca29bbbd731804132a7fa43fbe7a93739b202bc437240bc65fdbd
80112dbbbda4f9b5b784faccb8294c1ac1452984800e98b7bc9ba5b780021cdcc3168fff4088c7f6c5b8f14f3d829a1148b38bffbc590b743a01d1643b30e8e4
c10e543f35c6be0842847ecec6bbafa4ca077f763528df49b9820414412dab62441bc5f0bc1f6640c11077d5430c544cbf719213407ba137bd34ac74bb95b722
bad8b979391e09bf3af80c934a6397f53ec20c193abac84fca27dd44c005914cc96ce877bf24e38a3354cc313a0546f0b8083db3416fa6cd400f32b249b7fa39
36ebfd9649b0ed9c8002198636a4be483b3d76d432a214aac22cc756c88726e23cf5c93e4999f6c8485a73bab70aa61140993534c4c74516361e223347b773a6
00000000000000000000000000000000000000000000000000000000000000000000000000000000000000000000000000000000000000000000000000000000
00000000000000000000000000000000000000000000000000000000000000000000000000000000000000000000000000000000000000000000000000000000
00010db5000037408001f90580006fb90001226a0000c4f200022fcb8000a8d900012494800274f900011f7000004faf80003f1f000074a280010d48800003d2
8001b06a8001ded7800264070000a7a0000010c68001f2da8001a0ef000274958000c4a70002ae1500001b028001a6f9000108e980015f4e00004b0580009852
b992e93143766c50b5dda9843bb865be487a9ec243bb5cf5b762d21dc91d8fc4b463283b3edc4685bc8fffaa4033bcd23691db16bae25b55beccccd0c7a978f1
c503699535e4827b0003540dc31c253f3ae5a087384e21803a6eaea1c354675200000000c3bd75ee416131c9be9c1b45b485c519b89fc390be1624a2c184f914
bb468ec03f4ebbcd347ada5036bbd3b3483782d6b70d763741b3737d8003dab048c1f210c346b40ec208447e33acbe3cc8af8aacc125e22cc23703454941b268
bb8f2692bcb4602300000000b579b2b5bcf810b0c8d9b46c361a6fd04906ecf1bedebb63b8769bc9be59a5bc37f743d7b4b99ddc3c884ccc35e6be7900072c09
c7331a5943776a01c28c293b3410f9de4995900d4993c72b3515fbb3c61eee2eb3ced5b93e160254b84b3391c7aff27843b27ef6c0fa5b8ac8373b203dcad1a8
4a9ce124b4994b6bb73958233ba519dc43b1745544e175c7c82de08ec937e0c5c889173735d4f12bbdeb9635bab6309c4672dff3bf023f2348231529c554fd2d
c064a8e9b6bf0d95bb139ce9473740bfb63e1dbcca6c7567c780f077c0643934b2831e42bcc696223319d57bc50bcadf481190d1c8555e2abd1e7fdf34c60dbd
c7f58bc6ba94334bc5a06c52b40af258366733754783f060c84cf79045b591503885493c800ca29b3bd73180c132a7fac3fbe7a9b739b2023c4372403c65fdbd
00112dbb3da4f9b53784facc38294c1a41452984000e98b73c9ba5b700021cdc43168fffc088c7f645b8f14fbd829a11c8b38bff3c590b74ba01d164bb30e8e4
410e543fb5c6be08c2847ece46bbafa44a077f76b528df4939820414c12dab62c41bc5f03c1f6640411077d5c30c544c3f719213c07ba1373d34ac743b95b722
372068a33f13228947bda1fabffd2957b64a641bc66833d64a2f94a9b6fac946454974ff409097fa35e76b9a8003e019c2052439cac70ad9c369474ab7b63d09
411b5a6fb6fbf5a1c464a53d37180971b55fa83bb8aa6acbb39b850536ee32e93436a195cb07d86f408eb5cabb28271b471b585236862d5149bec39e335e278d
00000000000000000000000000000000000000000000000000000000000000000000000000000000000000000000000000000000000000000000000000000000
00000000000000000000000000000000000000000000000000000000000000000000000000000000000000000000000000000000000000000000000000000000
00011e29800058660001302e800052ab8000a056000094ed800029a70000a6998000ead980003c1a8000d582800138ff8000186980005a878000294f8001b773
8000277600010e3380017b8e8001028780007824000010950000e8e28000f5010000ab8a0000c29700002ab80000a4bd0000d8de80013d6680013eba80004131
41a8a30635450ac8c1cde0aa4084fa4841202bfe392e723600000000c2f138dd37e9720ebbdead36c554b13980031e12400afdafb4088e333fb25b2f3d6af99b
bce9d33eb99a95cfb97d0bb74042cfe53b5351d7c6a3d496330516d8481316d2c79ba6023245ff3d42eaadb83dc17e37379639204a269546bf6d29d334639f97
48e7e3c5c063c6b9c9199389c338f5db3e19db0942a0123244b3bf7d4771352f3fe77e5942c48a954a4b57e8bdf67db9c3793bd246e9c4a03facc5b54a218308
80009ce0b39f196b8000e053333a0d043f6fe08e3f9e30ac3d34e790b4e98091c53327a33c4ad3c33452c16bbc2f65ee35a2d95eb7a7bcdbc9b4c176488a1fbe
c90df2453d837dd5ca79788b3f43646bb802afbfbbfa91fd47d19cddbd4dfd673d30670fbaa0ebdd3fb6e9f433b3f44f800f46e6c207cb97c435ffbf3c717a94
be0f9632b8c8891e3404a773000890cfb69ee49bbcb3606747991dce399185184a890b013e929204b5b58f4bb868a70c3e4ce94cb939224c0004720d49e90889
3f06604f339a2b9e3e18c9dac59d1a1043b0c64cc27f9c2048110ea4800c0027ca73fb40c328cc5fbf66655ec25bbf9d3ef7f6a14804bc143b33c752c510e166
3d282d1bb72edda333f78a5cc4ab56e0b2a469edb26ea46c3ddd6ff644c4730dc59df40c3ff926dcc367fc7b376e30b9c5dfdcaa3d49de99b795f27bc4dfb787
39981d52b9b07d7c45e813b6463ad7c7410e6fde426028f7b63fc2313f9c164a3ffdfd73c5caf66e368cbfae47bc35eeb408f235c3a209d9ba818eab339a1291
379ab5033842764949a7053e424600373b90ef20480a83743c514292bb3b4298b40db719bf35877c37c4fcefbbc81109b509c970c1e28a653fe926f53e1442ba
c34ad3c3381ddc7034970467bea597a2c7dd022041415cafbd4df0c537c48debbd13486b343931debc0d468bb3cf36f3376605c73683ec00368be1aec6445d24
39bd6935b8aed77b41f37f0ab747d2f8b8ac2cc1c39e36550001222a000000003c7a27494aa8db45bf1cf122491bb2ce48c6af9e3403632eb906ddb7ba6b4744
3f828000400e80003fbf80003f7e8000400d8000407c80003fc180003ff980003f1c8000409d8000403c80003fec80003fd18000405d80003f0c80003f148000
3f3c80003f0080003f3780003fc1800040ba8000401e800040138000405d80003f90800040c180003fa180003fea80003fca80003f8180003f0c800040298000
0000fdda800024d380011ddc00005e108002039200007faa800050e980007eba00014d7f0000420c80013cd30001400b00009d0b0001d031800028e68000f17d
800165c00001b79e0001f0c40000ba4d8000b9ca000140458000ef00800079ca8000378c8000ceb60000c7f18000a2758001c277800057890000cec78001decc
b244c6b44825989fcb3485bfb7b8012a3d1e56553749970248840e18c85ab989b895cf5c4a585a33c7a7ee7abb7b22ca8001f77442158f29bb1793e83d490a22
b745c877419e343b3b2c79c20000000039930e2a3a166bffc6f63f04c5aa812ec311d3d245e58c8d3936030ac0e968a049150549483cf364451c914fc34e9db7
c8e7e3c54063c6b9491993894338f5dbbe19db09c2a01232c4b3bf7dc771352fbfe77e59c2c48a95ca4b57e83df67db943793bd2c6e9c4a0bfacc5b5ca218308
00009ce0339f196b0000e053b33a0d04bf6fe08ebf9e30acbd34e79034e98091453327a3bc4ad3c3b452c16b3c2f65eeb5a2d95e37a7bcdb49b4c176c88a1fbe
490df245bd837dd54a79788bbf43646b3802afbf3bfa91fdc7d19cdd3d4dfd67bd30670f3aa0ebddbfb6e9f4b3b3f44f000f46e64207cb974435ffbfbc717a94
3e0f963238c8891eb404a773800890cf369ee49b3cb36067c7991dceb9918518ca890b01be92920435b58f4b3868a70cbe4ce94c3939224c8004720dc9e90889
be563462bc97233233a5eb7639dcd7dc3c8f114dc485db9238de21bfca5ab484b6a580f337acba5e405763be41797dc93b00050c43753bf137951d69399f33e3
3c88eeb948bcb16b3c345bd8c5f43c2b3a7623a93bdee9bf3c755411b92214da36f85aa6b483c6bbbce92d73b6e9c9c6b7bc8dd53b3e2e6834150ede472c7ea4
3888b55a3e6375bdc8a973dd4864851c44bca20b37c04e9c408e714f45f111fdc0fbcb9b42ccba89c6a8c834b85c5c5ac46bb0a038dac00100000000ba9d3ffb
c6a96e0cb877c97f3afd79424b0316cbb088b8b64694269ac223d1083f8d8287bc14be32c65290d1bfb5e55e40f767a145ead519c86c256eba9236bc45df68c7
b780acf3496d8c6c374dea8dbe9b6fd1ba6724693a831c3b3bc6491734934212bceeff5bb8c1fdf648169784477fc38e48336d1ec8da66cac4201ac300000000
000eb2a6b51b089bb190397b430efd3d0000000038ebd8e2c43a9feebcd3fb95c34a876e0000000033eaaf7eb7b9d98abd03a0a5c6dff679ca11840a368667cd
00000000000000000000000000000000000000000000000000000000000000000000000000000000000000000000000000000000000000000000000000000000
00000000000000000000000000000000000000000000000000000000000000000000000000000000000000000000000000000000000000000000000000000000
8000e3fc00016cbf80006488000186d500004d9c0000b04200010081000181c70000b8ad80016f3e00001a880000821f8000c3ad000029c880017d020000abf3
000159dd80014c458001bcb880005ec300007f4f0001580c000084c68000ae5780010cc700005dfe8000287f0000624300014ada8000022c0000296380005b68
c495ab4cc137d2c7c537c9fe000000004324b7473483ebc4c8989959ba4fd51b371aed494801fe0cc04a8ce042e4d1e5bef8dcf73f873c40bdf39e4234e9c54b
41424b0f45fcda1c47bf54f948a2b9ed3fc6f8923495fc14c0868b10482256ea3367642a4800db7c3fd4e90ab729e69bbbe2e6103c3603eeb7c2140100000000
3641228642c2690b47120133b8b9c3f1bac6c61f42818750c169c02c39df9676c537175b42d29464c7774791beed4fa2c361319f480705fbc9ef4936415e6211
3408ad0ec5432290bca7fac2c1736a9eba8f9f70bc715642353c8e9800000000351da8550008e49cb8b088eb00000000351685b93fe85411490bd2b8bf4724ac
44eb2e0cc9d33de3435248564a453ee438afa1aebf7a94a847f47743c7288741b49d1a57c54ad164c71cf48e379c5424455de441495db801ca22f8fbb52e9c37
468f325f4050969600000000b70aa91fba1dbf5144f162fcbd002a77c28073dac36576f9c97b029d4aa77bf9bec6495cb944099f38aa8ae23d508901be92cb18
be7d9b9f3a805a46b3a0c0fbb683bf694aa653b3b9d7711a3844aabec81afab4c494e29d49b93ea3c0fc040f3894fbfe37903f3a393a12564363b7493479dae3
c5079f014248b8a84633cb7e000000004040c112bca9dddf3c66e741bfe96fee398247b2c047aeb8b8bda5bb48c1ba9c368f555ac782d1c5450a933a3e025910
b8050c97c4898652c2a1ddb9be4210e6c71347613888da5fbbd6cf073ea5d85fc37a11f5001a028b3502087e32d4168500045cc43d92df81b9179dba47828596
377357124053912900000000b5190dcfb87c9910c5981e51b3855089376f3681c49a74d949a90b21bbdc10a70005a02241b0683d3c369500460f30b7b60388b3
c4f7df1c8007abc9351e1e753534cbefc088496c40837f2dbc390c9e4041c4a6b78ad4fe404f4d81b9ca598a3e93e03db88f09e0c87116f03e2854e2485dbeec
468e83dbb3cda4553a3f4785b4c5f74e3f7415d13dcadecf444060d83d1e01ed461d6a5db62313f945a3c9d54069ca2a3a1fc8f33ab1f97800000000483bccb0
00000000000000000000000000000000000000000000000000000000000000000000000000000000000000000000000000000000000000000000000000000000
00000000000000000000000000000000000000000000000000000000000000000000000000000000000000000000000000000000000000000000000000000000
00011c1000010bb2800076ea000087128000551d00002e048000823d800041f90000a604000037e6000132e58001178c80006419000048020001a3b300005cb5
00006e8280004e96800062ca0000f09800014ea680000568800080840000a90500014b8f0000bfdf0001093480011dfa0000cfba000054ab000002e30000576c
3f5f2e17bcb7f22fb71e3739c8670ae6c7c2fb35c8eae882c0f0dba6b43d506e8000a3c3449c270ab5155924b4105ca6be1c0271bd3941ccb3b490cec091b0da
b8af62a0bde267bcc98c7ba600135f93c62d9e89be426eb54b17efb23c4ac5afb7fef6eec7f4581a480de771c7c44bedc01ad31043b3255d41b8611eb9401926
b6412286c2c2690bc712013338b9c3f13ac6c61fc28187504169c02cb9df96764537175bc2d29464477747913eed4fa24361319fc80705fb49ef4936c15e6211
c73111c4b6d2dfe6c7359b7ac3c04e43bb16761d4a1a47cfc9c7e866c34924253534cdff46950b0334d1f64a366ea796b657781a33a9deb4c73e9f5947a398b5
bf858c904604f6bb3c99128d431ca877bc416ab145b0f754bef6a79d00000000349a983ab3fb3b86c648a040ca0e605e4692ba67b47ba672434c55dc44c0e3bc
36e05479ca7638844534b002baa500a043673ddbc8c6dd9448147812457a5ee942b78b21c120593f43d9ab5ac97f660c3f80a2253aa0377cc53c31d5c608f358
3e7d9b9fba805a4633a0c0fb3683bf69caa653b339d7711ab844aabe481afab44494e29dc9b93ea340fc040fb894fbfeb7903f3ab93a1256c363b749b479dae3
45079f01c248b8a8c633cb7e80000000c040c1123ca9dddfbc66e7413fe96feeb98247b24047aeb838bda5bbc8c1ba9cb68f555a4782d1c5c50a933abe025910
38050c974489865242a1ddb93e4210e647134761b888da5f3bd6cf07bea5d85f437a11f5801a028bb502087eb2d4168580045cc4bd92df8139179dbac7828596
b7735712c05391298000000035190dcf387c991045981e5133855089b76f3681449a74d9c9a90b213bdc10a78005a022c1b0683dbc369500c60f30b7360388b3
4807b81fb12e1c2bbaa1a9b632172787bcb0344dbf9c3efeb8986a06c40fc071b6d334bebe2c19e7c7ef75a3b8e993dbc85b1ecbbb4190a64494a13f490dfd13
3f931809345e560dc8ea4f53bdafb0f2c4b1e076bb7234f644d521b33c6bd95bbd6f1d97b32adaa144c2582e3a5011a800008b634726d75b35a4112233115b2b
00000000000000000000000000000000000000000000000000000000000000000000000000000000000000000000000000000000000000000000000000000000
00000000000000000000000000000000000000000000000000000000000000000000000000000000000000000000000000000000000000000000000000000000
000065da800088a2800133850002083180000bd980000cf4000120e780011da18002604400002ddb00005b9800023dfa0000bf5a8000f476000010378000d579
000008000000d86c800024240000009580004c968000c6a280008110000147b5800056f780005990000119e500012a630001d31900008186800270668001053f
46afdf7cb84ec49bb5d3fddd350e5ca43d7d9117c2b5abef42b98cf93bd18d34000000003492136a379c13a1c19e8c9b36221e71b5feaedf49f0c5e98001e238
bfa7f7e5b59570b3c24ff3dd38b3d9c0b562bc1a4187195f800660178002ca5244dd63e53941040abcf21834c05c4ef0c688c2d93ebb08d7b8fcbc4fb3bd2c4f
