814bc6cdc8309aaba68320519349b1af46a7845c388a4800fd17c283dec8875936
7e4bf83867ec4e7b3f30fc8c92fa6fc2611108261a34f17248528ee544efe449a4
7aada7f56f46f192423318154b95c8496b770170e4068ba5aee41641800a526d53
7b6a52d60f1240a31ab8c13acbdaad4f83a2725d6548447111b3b103e55d0904c6
7a6846c83751eba59448aa107209803c4dddce1431fe1d4900e369d959de6564b7
7f38829edd78e8b21f3a94a242730e051e9267445798ee14b950466ca7342876fd
81e079e4452633a25bf482d9bb9f4eda66acb324eaa0daeb2026b923a476b20a67
81593e4c45f6b8993f7bf620d5399663152e9adff31a037c0d1a65f0c0a4f27b80
7bbacb210129e985059595e2a964aba3da6b04fec0f3737de4635245c3962340b4
804b1b8efbd0fde853622255df0dae8c59299b760db92c54a760e6647e63336553
804f6896f75cfb1255e19ca401881262d3788fb51b668d883988a36c8454da0ca9
7f9eea12c7fc7ecd1f03edd032696ba45063b5818a0258c9ea80ea1f4d9b6fb7df
7fb33e8512a84ad4509cf6fef8998330b46de5d4bd1ea9b539e5516150455f965f
80eb0d43a11705d8cc45c675171e499dd06775b4146c887e693a9cb6b06ea58abe
7a50837d14c0607823b0ccbe838a389f61cd68394b7942e3eabbbcd8d6de4eaff8
7c22e062300e13d6c7261eb61c460fd3c41705a9bf834c34f63e1aefc059ca1a9c
81d8fbbf63ef2c782bfc58b23cd11a11ef744b22e9bba3e4484e261af1390071c7
81f5cc854995199ffb69ba2bde29bd2a6eeac33473850940712c67091b2bbd5e5c
80fb03f2e0a314d38435fcb4eba1cd28dfbc2b3feaf0f98d062b2fe23291baf4ce
7e7ab5ae9fa65527de0ad8f63b7a36ad89a58a25c0e7dc7bd72fb1274313cb6604
818efc03ab9e2e028649d56eb512ad66ee4ada8f33da0fe5a363302e8d3ec83982
7b32c925bbf688eb34cc4bcfee62d74bc2d0c1e6df42018c66a11e59faeaebfb02
7d603861d35ce35318e603d6cf6fef258b70c6fbdcd709ce635d1be243a723cc9b
7f6b1af64995067ba4bd4daba0cc250a041b19bc283d9dbc581bb555643a979883
8100ce16d4fbbde689118ca8fa97a62208b8c8f5a42d13d863f1ae4c142278914a
7f22c06d88649d10919b0a93fd069faaca32ebb24c390fe8fcde8c24c655ea0322
80bb6733cdebc3d62e68911acc1b5715d011d05e5d1ef5442d2daf9b9ab6ee72b1
7b746b1e1de4cb4d11a5b1edd7af074780d33051e3cc52cabe9850a94cd10d38e9
819caa8fd305fe282c970dce00a63b119551b29696338f68bb0084e97c75b9dd54
80bfbf26f3f1276e2163398e454463422cf4f055087953b914ae3ef131eba46388
7c882b005fb3d82deb3357016217175e37667060d73a35eafe71402551104044ef
7abf6db3fc7dcfe98261a47b859d8b1c1789e23f56ebb64a53b8b2e862c885ad21
7d7e6a96b31838dd7645a2c70eabfb3f6dab08fad38331c4852a26a40608f4482d
7adaf884590915a095bcdad695dd8d83505cc2156879be6a550fe9da0da797dcbd
7a1e55c95495e49773af0d7945c30efe5fa16ee11a8441ad9828b847c015298298
81d9d1204a0277e7d9b7f637397b64f600d2d34819d4a35285391c3f6699ee7d23
811ab4e2121b60d51e84a1b928edcfbf52459f7249fa100ac982a1db5908425f04
8065e573373b5b61cc115351940288d85ee5a043b624c28ecff4f7c8200650ece5
7bcbb1679de5e998311faf4eda39144ee77537b924a8fb5a43e72e558270abe78a
7c7a30f23b613f2996eff7f1fed7e8a3a122f23c6bfb57c50d6484759cee2f7505
81930a1dd0c62de33d79d4ec5288edfaabd878067115ad7d8e6bb3968ea439ae2b
81197ed5e14f07854d41762c1a45a13b81f1401b970e4a10a5feac95e36c5add35
7f00c37e9e3263c6589d614f80feb8a908f6cc98d627f07cea784400b779a3dc32
7a9363ceda6076073dc354ae7bdd519edbfd588f3b849951222dbf8cf9f390a3c8
7a0cf02a5a2e8a40802be938373aaf67b89641183e5bc1a46529e8235c8ae079ab
7b4fbb7945415f81487e8ec53f3c4f14ae3960a334e0858b012cc722984a7e0af8
7e3b7c46df1afb57980670fa1cbf003a56d3562b1bee0fb222f292f7af4bd078eb
7e7a718e1cfe8d67a2193f618b6ed63e95122a5c2a4c9ee92d3dba0daa88f2963d
8155423c00b6dec2f555e17af2ee6bb4925bcb685bf2c9a7e819841c1a5ebd8561
7b2c6c30ec49b92ee1bfe715535a0297f597cd02fd62ce7e856221d8d592032bbc
7c0f2f7a14c1bfd9732b7b39b0969d5921d2aaefdf663bc1c21b3ba8f823c5884b
7e072ee6883b2258830abfd6b1169cf1cc074f21b52ce591ed72e10b9232b819b4
81b10d28e8b332fb639ea4da4898d704791df547429bafae260e1e2239e5f720a3
7eb075ac28db1fd5cabb6adca712f452adb2b3c59b0e1bade6f4d4f54ad38caa55
7d826fb328395645682d8f73d62b7e4af3420ae229fd16452edf0ef2f89f3ba0dd
7b7858af80e7844847ba259ca12214858ccfb6919b5556da818e8acb61c235f508
7a1cb05eee18581ba86063f2aa8549b39c20606853e1a7a6e27a44f18871836e88
7a4552ba718f57501717cce7dbb3ce5b56864cca01afab497794dec81d95d8639d
7c388174bac3f84318f6a4f52307f906838d8fbb0406c8227bd50db0dfa845498c
806e41b21562cc79a921d34e3d1790a8c990b8b39f6230a3238d7e2c47ad6d06d4
7e32febad918369e71d2f5f425b4a06a59afc3b0f9cc5b95f21355202e5d7839bd
80c28aa3472ff3e75daf384ac23bf9193cb972c07ef3e9c74347c1283ca1d9f2f6
817be434a8bc1187878ebb1fe5b423d286eba07c8ea709641018db77fa57780c27
7a8b9417c3d2c06aaf70c0ac9eabdc99c4c649e36aef93afd57e6d2a0da927c0d1
7f5621189a2df178d4f5dabc7bce83cf587294cc6e058e3644d5e56e441a732627
7d83cf899b92c87392f5ea6eceb7d8cd74827e99178d193b519afd2a02a5699655
80dc759af30b3571a7d4b182e1cc501df9ed6d5b05d741326aa41169ece30191a9
7c52d9f43aca3a61b48b1afe51df28f8b3f1b04db541f67aa93bf641a1a16f6fbe
7dc7fedef815a520766673f61927bb56ed899e363da6ee01476d5893fb339f32f5
80c77e7102cea59bb437acc315e690e6dcb76e667210ab88a1c49b87cd14d892de
7dc21554b0c90eb4433f9a05e62d1719d0cd4f2efe9c1389dc9f24f832fe4bacb4
7ab73efe30bb42ba952df3eee906c6fad2304da0e73c7aecc4f608efa685ea2443
7a358c8ec3fae4e938ea461e97349e9d15de5f2411f21ed4c4942635fb9865fb14
7e2c6b5e75ba4fcc02097ba5b45e2d4c33a597e56cb814fb800880cc7077712252
7c411dbfef2fc74fadd45e0e944d9de489d1d1625b2c82cdd9736d1d40317b57b0
7f99994a7cd21ddee9118cfe378919cca7936fcb45f73556fe9199fb9a50b05680
7b3bd3913fa5264159c478a744419b39d0ebc7e6374b2b59c60ebba380a31fd237
7bf9cef24f59d46d285d040180375dc61469b8e58a08dbf84006af45866d69af01
7a7066dc8e244b4a2eb2749021e7f0869f5971c595457e935f6881069113284b67
7af1be8eb4946970fee2ab0b2c72c32038e8681343c65066201f57c630b454a18d
7b01104e1b81aabcd2a79ad0d2dba11d90b127e67c4da06bf27ab0ca22384fd246
7a3e1ff751496b7d97f835b5d16be4e75b478a2fb20e22d3c87efe3f6f50acb515
7f88face1e9eb074ea1f287ac105969963f48ee04d28483fa52502a0532d1871f4
7a65acd451ca22ef31d84d46bfda728c64e27938628d6aa17b44bda1479a2367f3
7dd962551692101c0da7dd772e0313f3e382e95ed28d330e4e5756a5a30f1b5bab
7f2bf0d46417ae15f89b24a659ec999c46e312e65c03c43cd4a172dc69ad75ec93
7afae4d0eb00520c06ad6b332d0fd060e56191d2314e717e97067d51947e9b9450
809323ca02faca52af0399bfe7ec42ee44a58bbb9b0725425a59e9c0c010a964bd
7cdf252ee29850617ef0d656abf84ce3c334836a18c138f7173b77dcdfd20f39a6
81cd6902d239b9aeb1bfc68efcf490c8f4233a07aa4423ed1aec226e5efece5524
7d4c8022e4aa5486d656cb815279c2f2c54e5c5d7729b380fc04fc11f61d16c87e
7be82f06bf0418d8e290cc7147ba6c218be6b8ec88f30794af593fda0ff72f5640
81555fd685b244c2b8004171942ea84be52f68efa367288250fb6a8aecb46af142
7b34aef7c0fe8eb8b3a248e4b5a59c4dca55dfc11be5125fc8c4d03c07f182a014
7c4426f446d5856f5ce644a85e49fe4d767b0f77524ab3f6881071f32ee1615603
8065bf204ef306a8f74f7c4f71f918de76dbc77cc84076219c4b5e24964d6fdcea
7a4d4ab6c647c2628d506b5890559f67c9939055aaa61e7c1f44d4f5266168132c
7f4a42bc6342d8542adc79799e20fa9a0d6bf00ebcda8b1aa7dd77c161cf2a6848
7a82350ce3330d5fc5c7c48065f755ee392845933a25bdab4841342ab612df4253
7d34ddab3daf5be19aedfe6999781d655e10409d8eebc171ea437e1dfbe6f58176
80d4c400e633aa32cacc38e3aa58467c822ed759f46c2e8f27af6eb43901403f97
7b28690fd2d2b90a55a1cbea87609b29936702c24e73638333947419509cf10799
7cf4322547b60cb49f52c87dab3726332740c1b4d12eed32627c5cfe311045d497
7a0d1d003f2b7131d5d72b91bdc8e6e6083658345575596d5a6aba08f4f46f22fe
7e4038a8d726126ec2ab7e10dc29f3961cf42411b3d902a292080ac55696e81a1b
7b1be5b77e2d2f0a77405c70df04dae610afc079f6f0973a3b9a6fde3ec9bd0b61
7cca88d694b1049b321eeb1ddc1c12395ceb96205747b838854453670e7430f877
7a6b7729e52c6670509b29e08dedf5676e6ac8fdbf2121970d4e7ea1984d4fe33f
7c59839348c2be2b092d900f29f8dd96fee143e48b610dfb8c83ac9350eca5813a
7b69befdc89f11b091889340348caa2a50be75c40d500902c02dd2cceb8c754305
7bccaac8b23abe58a62935359b09d188473430033f8b6d02a3acf208fc1fa8018f
7d30b3d3134efc77ede0269e3efee1bf68fcaa17633c3db4b122837a427e48fab8
7b9ec489b1db0d9f51847551d167925b81dc6d8d66940d4b93e617ccfe253d5c2b
811424057cf12cc3492deafda21ffcd62feb69a5458ba2c637cf106e0f004c1d63
7f4a4d5607df10f1e2cc18c5279391181481a21df2f424761ad8724d4e529afc62
7a52f9f28117419c28e52f54bf3647c8eb01ce1090d2fd64a34d98fd3dec29e896
7a227d82c82ed9d13b2f8de3cc8fc6a56ccf4c172d6b6537ec1f4fef21c8fdb151
80e2a4cf7c53c3c7cba9109f3915400a7b6af5c84093e074ee132e464812740507
7a0b906f9fd88daf1319d89c3f6d8fda9e035fde3cfe04fa1bf50be1b2d1a01bdb
7b2762ad73508ba7550bf8960c4bab9817e9f2e89fc2b57e1f32315b05692300f4
7d1f97937dd8546f2a3ff9782406327d4e6caaaf7d5037c235ee3feb4239b4f9db
807e35eaac48bd7e272e57ce1fad6117254a833a8124e8120915ab86039cfe29b7
7a1784aa1d8ab62089a772b0dc3ed0ed824afaf9e6b27e7cfe845191e7d9f371fc
7d2f8b804ba34bab1a383fddbf4e2f887060c76841fee946033dd1d91853f78785
80b671a09818ca228dab94f4c8149fdd295e1b3ff402f2b8d7fe1e0e349830c434
7c957a77ed7d3571bbddd3700bb24ceff41f4a12b7a9a7e8e0b941d1e76e7bb6fa
7a6e00782cdfe8e62f5143622b61f181f629fe88b0611aecf70c7778ea302f779d
81718d16810fd1c2958ef853004d02526daf07af75c826f45ed61de645b6a0dce5
80b746d2dd827bd5594a09f52eb26a9d29a87989b764671a9d683c2eacf81b8e95
7a22ccd5b0fec42526637d033116a431e590402d2ad95268738b3f6129d8cbf929
7a92ba3cf6c57b36178d4c67d330c920c34acec2999ab7830f8feb23a5e72df0ba
7b7989ea7d377560d04050b055044ee9cabfee94c0d6cc68518532bd588235f617
7d4277aa4b95489e9cf545ca83316be02e36e37d8216af886adc64ecfb842256bd
80de43c710bb786537c67d65e771f4ad09df454d240762eeb1e9a5957884f4168b
7b16db05a2f346d37a697b1aa43a59312a3ccf270bd8cd93b432ee4cfd112749a0
7e04323cfb664fb64b0dad19e8b1e9979239c20ad9c9fda5012421b00fe8e50644
7f59e3627e4d731b9cdc74882f04c016272e805edea98f645c3b62f89b51a51d23
7d38b99233125a80a9a9610e0e163df4c8139f8e5c4b14182bb076a2611ca45014
7ec61689486c9dcce238a958284e7202143c36e806cfcba287c0016ea5406a2c89
7af73ef2cc77b7ba93e9c8591a5239d6e2c9cc6e5f569a14792d9d512bd3fbbefd
80b8aa65bd42c782aa0e6f944db6f1613ba2711e6ccf46a58073015e7d477dbc9e
7b46fa904539619cc0b222d4de942cfae3c13b2c99224c9a7754342196f8fa8223
7ec6c563625d9c7d0f993db04e24563f73f9f03452f8b18f07939c53757eedb609
7acb3a9919ca9e883489c27614192e2048d474eefea0992e8e2ec3417092e25b26
7f18ead0c2fbb1443b2ee5b2904a23a3a0a01156a9fdcd1006db40fea168589419
8062430a9ba6da0b72feca90648a51bd75f1a7c4865273704b5dacf314a7d0c46d
7de4fe020545e8e4ea0c219ef706cc4f12e3e5222c784e949c7dba18fa4580c28d
7f4ed0b19c2d94e6c723b094ec584908f5bdc817b4d735cd49f6ecf4a84f0d03e3
7adbbd168b46bb071554947d6477158d3f8f03218fda849cd4984e7e80912d0a16
81e6bf0e9f103a1e9d7990688b856a5d07040a33b468a328f9dce2f26b029ea820
80539526451fa243791f0d88ba0fd8949df73b27441cac99242f51e502386d652e
80c15b530838b809b2b81ed2d2ea59934dfe14fa553b0ac7a1cef2efb53beec586
812a889e9368fe2dd1ca94cab497d271668c3696d20b091000508c184cb602727e
7a8b57802752a220f065e782d9d67a933783ec018b1bceebb4732f8ce2f65d7234
7e09bbdfa961b640f138a6fe55b46655563b888677e73a47ade9e4e0944992dfa0
81b6b79c5adf754d0d8df41972e699c6c241f9f68b00cce49cef4816062e01f2ed
7d01dedb9ee133a0277ef94f3596a49cfb750afd88850fc4d8ec362c8e0b82c91f
7d31aecb6d0130245495023fdf9417e7ec88b6ce28f93dada22219fe158df70f77
7d410870b5da9134dfcb59f6540dcca72914572684a8c1819f0ed075fbc951ce08
7f191afdf18e93c41ba4397ef54c88bdbaaf594079237afd02606f8bd26f9e42a9
7b6459f2635ca6ec5747bd8df93d6588d2991538f6f658ad8050086868d0828177
7f2d0bfaf96261c1047d58a00614e21f5a5ec62b5f01a8737ca17b4bdfb9ce57e4
7bba1b4b373db5c0f4bbed595400df1617ced08f2ef05ac15fabeda715bab9f7ac
80d2cbc3605894c786883b578cdda07b6d74b2db2214c9729212012fef5b1a431a
7cc34be14295a879f52180e0d9666078210c2aac4e300def4e62dfc1cd2d52e321
7ead7ae8f237a55936d78fd10073965fc139d898a3bfac11fe7c2d087cd99197f0
7ec6364e6e4f1036b94b895726a98ade034c87a2b8adc86b818b60418dbbad74f5
7ae2cdf189213a59f3d4ece26838701380d2b2a8dd079adf208b107e8be2f88053
7ababcf80379b8d76daa20c9070179e27b92e79f6175c44b53dab5e183ba160944
7e442fe88ef0db0e802fb73bc4fd518ea9873e98617e7e3a7db1fe509a039a4e0b
7e698d0d4c82210fbbfb45605b959f80ebb760a7ac901bd46fcf138e890f9b4d38
7ce61af107286e6feebe857d655fc2cab6fad02b0c85207c10c920ccd19ee097cb
80e054f39272046dde5794de93a5a7b86304f633d858eb879da52d7a0edcdfeec6
7c788865d519c9e88e7619e58b5a45e7c2dd820d64c3dbe44079af0ce483c5088e
7de2c1a3ee983232ea5678763936b8797435e2c124c7e07808b495c81d7065aa5d
7a2f854f61555d8865be18762155e5e5cc6933c6b1d4937ed2d565a9eeacfe0933
7df7f566b8894711cc1f8ee8f3d1066782bfab10a05e5bcfae5b9b12a80830838d
800c929b75415aa8fe475b14503a3b245661b4989d7e7c609d35696d428b00c4c6
81b8b6feeaf626e718a46f9cae444137d6972d6725be05352d912b17924e62c103
7f1830dee60293e7f9a414fc16be6215a9d12d14d7d65903b0553973eb1156c62b
7f6581d9b12e50af461fdef81e85acb9b0d6b605f78e7726841106197a4ac2d6fc
7ce2d8bf7c41fb4967d9de254bebcd7a6e0fea63289fc0049755835188e19ce035
7ed5defa4474461979dbfeeb19de6948afc6ef13bb90584faea672056e60ce4e2d
806165a18f3af23f8431906084d5b57937ebb83eac7a30c6c20d266f41be3be90b
7c77e4e096cdefb0b1d02973bc237a36530a1d3c2d6cbd63a22dc3cb5794e84194
7a6297907722947645687285c59902e94171d7a58e22ad64d0b36b8f198bc30426
7a80c30ca45329c842368f4a1d06ed1f618e80de11ca66c5fe12b65ca57e9e78c1
814f3508e41dd1f546d078c2891077116709824310c18b66b861b35cb1edd0b088
7ea83cf2086ed789284f4538ce64d4095be6f01318cd27751d9473f36400cb0070
7baa170f8632196a0efd103509797899f607f86936248d4b66693dcb992cc88381
804dcfb14c5d0502d5611addd28faa28195aa947b31cc399a58f3c6e50f465a4a0
7c185211c82658d7a3aed78d2d8e6abbab63e3bd2f5dce41ce97b0ba7a95de3c51
7e0bed3c8bc23542420bb7bd4a16e62786e0ac5f7c051443d941c4d0b60ce727f2
7beeaa24ca9d1a3b8e7eb5af50d0a12cea8e07c2d82c1b027ea1a7b69f6660caa5
80a3dd323d28dd1e71f88bcbf130abdfb449b34790951d880c4afa00631e5bd14f
7b4456967d36ecbc5658a6abc3b93f043acb2bed668340a91d0f677c90e9d5a1ac
7cad2f22a19528d25adc46db5fa900e374102422083086778de5a56b9bdbba025c
7c13b10c5e62c3cd8e9ad999245722aa1a6df540f1c2b4c9e22dbd0c7b40f9f643
7fa7804b998614fe2f615106460df17e361902edce677b8c85a08e6c6be4a7e52c
7e6aedec31fd76d6a7355557c21361cbd9416275abc08afcd6f34a6041f7b0fa82
807c99a2ee8480220ebb42e5c89ec121ebc7185c1eaa6577a8d0b3d237014a2d29
7f2f01178bcb4280c86fbc707041c8b00295bec95209a5e1fe3d555d301cbb3d24
7cc181bc5305ac25e5200b9da7e0464061d3b8c8cc6f3fbf3532f6b4440bcb12cb
81cbe3f8bae5753ef593e1ed66b9cd845ac025bc65220d0b50cb185ee7f365ec1b
81a83a2d87663c174c423a46b60968804755097a37575a84f19932856d732f0a01
7d16e9169b869c1f9e765c7a526859c95d020db7d8144fbc438fa85af7468e78bb
816488ce777c3122f11228deb5d80f8dd03e5c57dd5ee4d1db7ecd6aea257c378b
804a490ad8c5d5f9186d6589c92cfcc3cb5415b43d7303a7d4982475e8a240e228
7aea36912f4d28ba29107771c4b13efa72b8455240d359567ca7dc485af96be693
7d8c5f4f468cdcd6308267b8fb4bc60ec961feef7cc114f2a1c28d64981b7d9a11
7a370a33de4bb64fd8d21ee4f13547b08a14c48c30c74c8142dbac599d4c0b9738
7eab3c9b9106450255c729ec20b4600855d29700d6546bbf2a7a140506eda7084a
7e74dca28c280f6e6d9e914662cae3dab3705364f3f0a6aa3eec56c4c81d094626
7f4b1256897e3ce3a1db6552ce705095feb3c18b5468bdddd896f533135fc523a6
7f1a7d3475e5ac1ba250981756f7d3a25e2c04d7c0ba9197ae6069ed0df820a12d
7c60d779c91f6fdc6979959f09d5095e867a00dafb8289a1b8d6729465c74071f6
7d3851ca847539891b85c634dbe6e4221af644b6337026bdfe9d9a18c17e9e591c
80f723d5bc612db1c5b7071103bd9dd4c8970df9f2cc68b4db02be07c41bae6176
803b2838175402ac1c89d6bbae1b716db6ec4c512f3489a094350c82d2c647bd27
7f771b2c90e0fa180b5e59edfea4a5966b392910c33183acbc18e3ed9c7c0fa88e
8190d048ac4c957204f6f2fd081231ceb8301b49530863b0df5987dcda6dbd1bf3
81f934e7e0c3b0728f0b945ed4f596af1cdc9914bc2d58a6b3e17503f662809bc3
7ea4a124b07b68fe87f6326b5fb60769b1f126173b166ee8bc7b9ace25bc7ab049
7a61c290a144c4db11b2c9cc2170615adb1afdaa51517c0f42864f7774c9316ae2
8198fe1fe34c569cac17fe7309840c4646f6d0d3e8c724ae54e10c4e7379a7fbe2
7fabc2f0dafb727231119fd50c73e52adc522fd79d2b3fd0ac96cc99b1e5c55034
7eeb2b493ac954730c34aab5820a466eb46507e72160a620e75049897941f67eca
7fefdbf9843058576929145fea86722f2b07e9d68c491b6ec90ca0039cdb0b09f5
7b8720f8e79bc5d7ba93254b71d2432c4ac1bb3fbfedab9d53277c29a97639f73d
7dfb5cbfe7ea88ce60a42cfacaa169aa09f03c5d63a0ab47f88083c99f1b9ed01c
7c83857d63690fab21750696f92210d8d50b697aa27e25f62f2648a929810ad2fe
7b0e5d370aadda541a8318d9842f9191dacb3795ec54056dac4537466bed97bc16
7eb8868e4dcf75ab6abcd268f0cc91a6a432d3a9595f55a9bafad4ed12734aee81
7d5088d6151258d6c43d902a9dddf5f222197d54b795d517c1db701f1b8cc1c281
7cf2c7cb01d3eb8fc81166104186f4770ded9b7db848f9d674a80a37256dab9dd7
81882358405332f0193b349344152197299aaa2be04308dea4d2d330fc3a76b4ba
7bb4b91e207dd261d9efadaf49a49412f7924a5ad2a020c3cf3909ac7e8d693480
816c18cb945079d0769f44d9d0b03f16aa7ba28042f5300dbc660bb1ebaa638601
7bc391d4e46c89c930542b7200bd084718adae409b40d1e75fc60ed4a4c5977909
7bd850ec27a70e9a9a4f3532b76e8da917a0745e3035cbbb87570fa1bf668e1ec0
7a576df0360bbddb9310cc00c46966349a4a6b692e4993d2fb216cae3b7974dd9c
7b1f1ed226bf4791822f0388657851c7b2ee2844b35f321d99a8d2fc929c321359
7b8a3766888335ad5d62bd16c7f244606be0e0a241e0922d4a2803a59b800474ef
80c3c5991a244905860480d9b9c0c381fe5f4a5780e3188b06746d003b59c2b913
7d2de2776204b70c69aaa4688ef8934b19df977de88c54ee98ba50e4f83dfa80f7
809ebf1243373220204ca0a583a53f21f2fef24e0b6efea91e7dc0acba181c03e2
7e727efcea3b65fe8227e8af5f643563b92ccd26e776fc860b8526bbcf6cd13c4a
7dbac2042d8fbfb6e9bbfdbfdf49a530feb66c586f7ec28f9baca8c398a8553460
7c8ae25f085f63f55fb22852f5a9c4cbbdd40aa463fa735c5240ca08cfd82802e0
7bb74fbb40e17ec2370e366145db87b3a9630944810e3fbbc1b90af1d213b0879f
7ddd7a98f84f2865482ffee22752b342d6c099c53b764df6a93db160540b2ffe7e
814f10191753f975aa95b83cd21149c1ef5391976ba884b5afef6033199a0654bb
7ec0f6b510eb830ad08dd55b608691d266b8c90f90e7d581be70ddba02a4caf7a4
804f4f6556aa634e068228966db7f357341a917b48e972b18da8cfb6616a09b335
801b27ef5bd9eb1f3935cfaeddf49be710fec5048b714f3ef400e62f8343957b5c
7d2289aac646125947ac2915b57ba461d5aa050aed7e931bca36204c100b989331
7cf1e363f6d14b64f1e6ad43fec8121ee924c0f8fecf4c83deee22553dfa9fc107
80549193ec61d452abd85ecdced314f1dbaa4a11f18e873f0d308c84f6ec75fb12
7de6c75e0d69b6c16469c06110487a2500e4c79a4b33941bfab68267bd50143f30
7b2e028fdaabefb16ccb5aba79ce3cef7730f105bd0e83356acd19250a8b299c01
7d600796ac311954aed7d78fa05c9cc88d9d961b6ebcd230f6eb6b858b10efbeae
8129d1e071e5d89963d0671efefba741146ad65cd6b4181baaa20d857288d9a438
7b48c3b0fec0b8ab09154c72e522450142b443f952769ada65a6ae973fd9021980
80018ffbf4c0c5fbb814c2439b0d33b6628460d2de58c99561945c4605537e466e
7ef9b06b8261948cb0ae6816c87899453028219bdfe5940df9977c74c7ed8a2632
7a9e60d4491bfac6f97a1ed3867b1ce1476fa73fa61c16d63c92b87ed454e71acf
8081babeb04de908fe391f175edf25a791a15658adc95a60db67ade788c8a3e27a
7c298144a5b28d5d97438d6ee0dcd8ba48a1d49c781a899496b7198259c237ed87
7ad1a82eb2c543c342b805d82008bd5a08a1e88c66b353db26b5c3efa00152a6fe
7ea5e5265520d186314790b2655e0501ea53d09d6a2e06890265bd1f3bd8ed2683
7be20a8d0d3f66fb4042f234a9f9654a32de135427a6d133598256661b068ca0e0
7dd489ea126e39951a39a8c6f0fb023d3a39f54a40ab8f742758bc2cbcfe295ef8
815f028bf2542b7bca9cf0cb229fe715612e7cd7b47e5f30dcdea496b3fb644e74
7ffafe658037f315cfd1a8854fd7d6159b31edfaf69d9ccf8eb213ea537c9b4da9
7e017734d94a922057f657c467abad9c1bd4c93214666308260f1cee02221d3e5d
7aae40087eecf8b0883756dfd7ad7b2b2060ebce2b0cf029947916039360888762
7f314e20416cac582ec3822fe920df1baea53063ba188ed3d797fc8a382633e97d
7dc0ab8b8b6b9252220ad9cb36473028bee1b4cc1e3cb895aa724bdfbc56562593
7da389f72dc3be2e5c2f93a83ed82428582b8c00f765895a948f766553de0b8b2d
812f7dc67388eeae9417504dc03a4174ece2d74bf0dd44fc8ad61c85767a290f7b
7dd12749624681b3f8b71b7097680e5c897106b5fa3313e33fdff9e6bdb9fdf1c2
7e1aa527042c27fce38d213abf8929010325ceaf94c2287e3146871f4411181cf3
7bf6465cb5e342031e632ca287e97d83d2829ee3f9fa2e9a9a214ece17573a120f
7e37cb33e99e0df37d183f1f557ab8c8bf96861a3854378445dd2e228bc025e4e5
7aed471e78abd184e74aa3a573a64c4cb39b3b2bd8376da089d0d1611b068f6217
7d46ca89b7954e65b62f6ae8e2e4c019027853b2f62f109393ab566e2c4e1c9d43
7d7caa7b165ec0a078f656273b442d2c3af1d1db3a0c96293b59cc301861960b7c
7f1b96fc18986b6d362edb579f4fc805a70feaf39df2bf9fb9c6548c52712ab033
7b13e148033370297e6fe159ccbccbe8ee25915482ba4d26f4c9564bf5d63bbd4d
7c9e6f8b2e71c556d810b6b60080bbce28e9eec3d7e4b326c0c6c7e43ed727ee09
80e11c8af3d7c0f55e2e36b529a92d8c17ae8133f9379ad74ddb001e1731421924
7af95687727a4ac46db5b6eb60e41b5fec11b17c2a124fc439f3c3dda7912a8cf1
7ded7769361cca5e3e1cc01aa9bc81e7780147ca433bc47c5b75246b35e39310eb
8133b73518cc5480674b689ac8f3f75d26401df33eab5520af0df55181f441b8cd
80c675f82b2ee07ed0807b8b8b5ed5ee4facf459de067be50b0f2c4017fc5be7ee
811a32fe1313298bc19c253f4640d3d132a835c433c90ffbf5cffb5d274124b984
7c010cec97de8b8158b87b1c834656d615ef4c3a6d76910f6216800c3ea7e2850d
8105f50aba002fa87dab2336e96c0dc71d2f7e760e8b866e1a5c3ea9d0fef1cdb7
7a799fd2ac85db83a1875430e30bedb99f54f8f80ef1daf12932bb0d362a568996
7fb9c33f178869fd9a317ed4dea606ef731c36d44f7e3cb84ac331fe130ccc9084
8191436dbc1a2dc7222d1255b992ee6cf5cfaf38d31dab46d30fe545be66a95468
7e635814d02f137867cf6f7ea3ea9121dbf9d7133c4739e05c0570ee90945b55c8
80d70932b4efab2557a0632a7aefb87e38f54b5773ac0d0fc910b185c37b8d9fc5
7a8582718f732093486f4e8a2f141b5801c8accac0ee3692579f8077c8d8adf3a5
7f9c6504f5a1383637992fc776aefbcffba46c08cfd1681fd6e35d8a38f8332cd4
7d1327ef5185305ebb26259eabd6df4963a3489e2d985df6ca9a54460cd93beb07
7ff4c9c140cd7852bd51bc55e8799a9f21bd5ca3285edb8278d0bbe11f021bc100
7ffc244ee95235b814471ddcc4603baae845270ffc6e489258fbb08fb6a4f1803c
7de5673ed861692efc1363b09d0bc3c355e2dd05a503af494219b7e64f4be3a3a2
7dc16b123121edaed771042562792e614c33145f03b6d0173f537c82352e9f738c
7afeefdc1400da6cacd58eb0a151777e4ff3e573d390024037acde7e7410562b21
7c1204c9fa75cf520a6c7b239b0e9d719ac39ee31996adbc481a5d75441654020a
7e6c79d089c3c2376022ea1b335de4f2f8431c51659b74e698b44f639256afcb14
801e8f5fdad6d9ee51d6b68986732d53b1a87ee5096b666f36968963c735ea5762
7a80c5d45cc43b1593e70c1c1d9afebe4bd6486f287e81430b58ce5563224fc291
8146307c9b51bcf4789b3c329e4c0220ab70384b80c659402336632a3dd6f0892a
7b325f7a4c1a5b34907d5ace7a0c1814440f30d21e3ffd8c463e645613edd2a5b9
7bd01f2de2bb350839015e3ca5b3b98d7efed8a0d34849f40b2efa227df8ec7d59
7f51a37bfc80bd33d7a03f4b410370f282f00d4f4f2945c3962964c55e4375c912
7eaa5c86908243f05dd2b9c4b81092c1e9b23f3b0c367ea7c613fa7e2e17dd941e
7ca2cc39c136dd677db011a71dccbfc42e98efd5dd8e4a65b20664433ca5acaf70
7a026c4134c05ee3927e951c7308bfc258b9fbbcea590cd6e44f86feabfcb2feec
7bc325617af4243f7d6b430c7838c9b1f38d4b8c21e8e99475fb656b2ffee62a71
7e7710bff71ab556fec1cd36adf5a1c47e213badc2b81b0ba737a396eb3faf2700
80d00061ec630cb7e98a45ecfdd02baaef35e26421c2f055e333aabaee0f11acf6
7b32e87e2e15479fa84f2cc734b0972293294765542dc79a8e7c24d65c5199a425
7f6b4996be058df0ce3476ae0739c5ba60ed7c6a727c2bae46a9e334291482bf58
7f1516989d49979ffd60f9b4b1a389ad710cb91bac1cc8dc7d7d56169b9cb2b437
7b4770b80467044298c4af61c8f8e89d7a9e3b1be0e3b9fce3ad6d19e5d62b4038
7f9dc175d4f6efd0b5e2e4d9e310ee81d081b67eefcc76ba1cddea2bbe1c49bd90
7f8b393c9d024f36bc26e1a622122f53c7eae3aeb41b2e1b155c2502a092a23b6d
80bf98520a9f83d908029d24806e0726550e885209d05dd88c5f0d094611b7a6f1
7b7392633af7d775bf97796f698f8ccd015cf49e5c17fc962d4a75d26b6613df43
7f5012b97a3394b660fba9cc21533878b22e918fea5d6e4410a6a06400311f46a1
81da5885437ad3d4815d9c1499956e2c098624c1d7083e842a5bad9710d193f873
7c5cc10910c7e64ba9d515b0b5a310d44c1f7227227e6542d0ca8c171e8f16d82f
7d4ee71d77b821bb131ba46247b38df0aa592ffbcc53f8cb855ce55cf55a52c9c3
7e7d8b27483f22c0b501d68be99d15637e90e9f5c074eaa83b5b148e3a23f121e8
81eb6dccac5bdc841868a17749feeb3ac142bab1c3141960aa1246f6e4336abde7
7d4e93b3597e2b3a1e5b5bd4d1cc0fc7e7f0dd1d83df98c57007c505e64754c49b
7e5d451f36d115f1c552f24b092462f9fa43fee2cbc9901e3924c8d56f4c905e12
8013c5b887fe62bdfd5d0eb82f6c45be647d77a7745296fb72843416084454938e
7f57e3b64b7c49a7b3df20471c81b0bbb1e9d72e1b6ab583f26e6e72026fa5075e
818b87e8f14f34908fb6f95d5766b18a4eb45c0f3313855335da5f0c356d7ad775
81b209eeb456190654df1b7ee2584023876dfe676ff21bb93848b8270216ba2aa7
7fcc3d0a34caa0f55111443cb5b6e95a115ea1f9fdb7fdcea55c15c00f52ec266e
7f0e12925a20156277682c424122d98a4b8ef143e96439c2a357f6f54f42e5a502
813dadf92ba95d77007c2e9fafb75014f9beb11de964ae09ebf121566df1298aa4
7b39c424bf5bc073d0375bfa16dc998a56b83f3d73ae1a18850493bb8eda750dbc
800df82f5a1f77a9fb1d99fb3d7a7e35010b5612c706213ecab01863a2c0ccf687
7d39e5952c9ec2caf60bb1ce179559c1542480b39f939a1bc2941c641b73193679
7e66898f3736c5a53cb3ed493b8d4bbca2ded70e03631c4b79fef53e0c1f4028f6
7b348d00919bae2c3b55ecfece32b52e4ff3c71852168c567bfe9ec4b79e4ea4e8
8026c5184fd67670eea701aac6e79f2fce5bb3e887bcf3cefde4530230b9d6d01f
7cfc6146172c6a9a5306872c732204522f175555240e17bbb6d898482e05f9a496
7e3e7e1ba3f92f0ef8d1ce6c97de9ffd4b8a6af8d2c75014633b2352e3df52bd3c
7e3979f5fd13286e3468ee8e40d840d651dcec0c2e114bbfa11ac4fc976d9ebb51
7da7cfcbae59399e8dac038e7a25f5ac59d1b4cf4df25a1b611c513049d2853863
7b89353a54512b2a7d5d6c1f5809dbccbb6fc7f84e9296f7e6113809f8294715e9
7c6855dc5e39d65f8d3b8a08ab6c5ced884199248b39b1c24655ef3a986cb30ac3
7cc45163e19b41c46345d1f1a83dca94d1d1e005879de65a79782001c6dacd5dbf
7f8c0e430920c02f214f90f00e0db7d00e55af2babc5079761b82895ec8cc7cc42
7e008b064852739cc179ead53091503325e79062877e0ad9c6cbbec1d3f39b3c35
7ea8fbcbb02b04be3064957055aadbc8054ee2a5aeb2429517813485b0201cbabc
7e2b40a4e06824872c8e18486fd1f10585cdc533274556c61ef90f3c5ef09b38da
7b63f8984fdccd578c13deb672a1c17e2302cc31adf0b3db4dd0fd33c778813328
7e92df4db1c11d8b422c4731e85cd5590bf90a704719aee083b29cd95d7c72ecc8
7f05aaee361424a6524fb093e393e2ad0e54beec7ccc157d1c80551d633d233c56
7a82052a664bf65ad69a19b097a5f574f3cb5d120708d5b1704833c0e974e604ac
81482aac879ff09bb9192bc5698d0e951f17504171dd717192c91c4e44f216884a
7a4fd574e0108f0a934b07bb131b15482440a2141168aefe11ad5c04d8a0130b82
7da3b0e4f6d3c80004c295364d7ec966285a9df6530bccb88b12059a2223db2998
7ff6b6309651eadb768417c39227f107cad575ea5a3f0d22dcc1b856dfa0bcf5d5
7e22d3de172e774800d054fc664eaad57030c91ac23e6b29ade84c320ec2fd64d4
7f26f1d82f8a858cd52081a03039ad190b164d5695c02f40a3cae41cbeab0594af
7c51d8dcc5d7508437ac2c1ea3eca40046073a8230cfcd0778790803d4a16f3bcf
80830b0bdb9987f544807ddf38ddc89623b0c6cf2980d1e91a89b92ee7b696b858
7fbca3db180cf3028da1d1d93326e8fe21e396f35a13a7b9d05dba0685d30b6a81
7d794c4a331b690c1fddfa6b8758d194b9874f2b42de3de80cc485463a7ab2264b
7d165c7bbe1ee01c6496cf004fc48b143ef7a76bf4d18408a66a23e955b25bf192
7cefe8587ebdaa9759725553e932a9af5afe44af48724037ec0fc776e71e237a28
7b77984bd2ade66e27b57d55c614927738b63ec8ec10fa0dcd439fd3c42b10fba5
7d6c111edef7890059f043b14de7db60775121ac98fb10240e9b2769f9abb58f0a
80781e52d0dea0e08723a155ae680b4e4e78d096b64ec47e57b2a83bf275c9594f
80a604f92583b1929b80383946feebf47342cccd89f53e0cbcf375546a3e8562d0
7b9daffc9b398bb4d3d24b4d0cddb6df3fe5016cb4a8aaf93a9583d62af8ea1a84
7eca00ede6863b6a7e1a8e7141079fc9c36c406226550fba838497bb4914307680
7aa96f6dafb02d483a31979e370c5f26af67591e4e5b17bba59946d321466f9517
7bcf20a5d65a6022de3872b29c4715b6b28aebd8af4edbe78c7034b69654225300
7d4a4147f06fc3fd9e94d9b0d960285f103bf3be22c79586fa6ff1594ce3dbaccd
7def2dae97b9cfecfd44eafbf4afb11f14cb64c982d6c656f99b723dafdcdcc479
7cf5933d2a0c6e4df6f39c36da58567e691b7deb9753912d84a5233286e7ed06d0
81bb881896befc1b6f24a250c8e672cec2f35afb8204f733a7d219301806463f9c
7f79c894a0cd7896cccda969ae502523e558e18ec2098335ae872c791b56de82a8
7a5f4bb0fe97bdc91e389a915fcdf7ef66dd95102f1112f5749d97b9cc72365edf
811fbdb3fe10d14fb109354106f1b8936a2fdf425048912b910da642394ec16da2
7cb344f214dd84b8e00a87f1c0b96d20c43393ea64cf3eb661e3c4c00a2dd552da
7b46dc165e70fe8bc0f85cafc362b0b2e4b8cd3ed3e072065896265214e535e063
7a9cbcdea64371f27c9bfbc569ef7a57eb22365a3ef982459ff14c1fa063c4dd7d
81f3cd35b60094dff58ac132d9ed87c9e9149a817ea3e1d992c182b34ffcd02f86
7f7303ce2158395ce7ad44f6b45fe0164c6ee8a38d8eccacd6d902925ca261c409
7f51a02afbd1a9b96501cd901b5a151eb65d323b25145b515b9dc8f3af68a9f79f
80d609cb2f8dd8126347ef1ed9309f70cf52c077c42bd23c274bbb4c506d029bef
7c23c30990af73a45b7c326b5a8882a38ca13b5e586489078035bfd6fd2c02e99f
7bfc332741dd908ec6f51b11049c9d829a192290a7bf4a442e1b8e11495515a779
80dad2c2715a924e4a3d6164fe5d50aa70dafe46724d44b9d66876cc635bb2b762
8109c24159c8140560034a74605218be21d52cc0181473fb1c4a5fdf6aafd68fea
7f115514c88a51a4db695f25fa358bfe5eee2de229ec24f9d7b71bf2ac5a6efb18
80354202a56c7b04cc381196e3ee68c7576d3b4eac655fb280cab39bef90778609
806ae0814e37f006704eb26aca4ca5b9a836c8ae698d357b2308cc7a13fcc0eab4
7f5dd60ae4a3bd0f606849843d53b913d0cc2295e0dd8542e47b375dbc8a1a1cf5
7f93ca9aa32037143da18d4abb52481b2852e4fa86e2958d6b967720731150b0e4
7af2c6fcda202ec55f57a1b62beb538e6dac2653b776267e90a35da6bf9da55a3e
814b08fd5eb7fccd3f097e23e7cceb5a8f0a382d8683a2d1c6a08ee8c318ee1424
7e4444f2f74422e7f9d55be5dcf079ded308bf217c8868191c5fa8bf2663aacea3
7dadc44f33b9813341b7ae35c616f8da90884172d7c03798a0ab4f6b01ad890efa
80d9b6c4f1bc70a6c3bda08cfad471b30ebb9648924069aab26f54a30fbe6a69aa
7b1730128c08d42ba9666bf234c15858806a213560feb61e3ee56b2528cea9c86e
806dc7d2a9e691299566370ac7038df82577ac466a7758f7d348d8d6135645c41a
80096d98b2f0461d1de1a9c64a5953c60ae0b66c055bba0023bd7d9561f2c98ecf
7f949ed4a9f129f5614f7c48238448f887fb62bfa8533139cd103a4cc71010acf5
8071ea0799b601fdbfa1ea0e2c57ec921cefbb1cb246f372e36ac6f57120f69980
7fb95c41530da1ef3ba517499dbb68d29fbcaafbb07425a7eb71d8a57896a2ea10
7bd4244194b8ded64c296dfba1856842c6d1f31719491f1a6b360f179679771942
7a8532b77d9f3ac1165f4e51854addf0e255699fb21b69133766cdbe20bee0ef98
7fae84500e8370702a82d52632c0575c0dc309fb12eff8029cd2df7efc1c1bb69b
7aa7b2395ca81689f383e9480180bc7ba7977d2bfc80ee476ac27dc69554666615
7b1bf7d424810e1a30fdbacd829f1bb25c243e42a5d935fc16aff4d55da00c62f6
81fde836bafa25ca369b9f2c3aa78ff8893209067e9e77ef55eb2bc02428b4392d
7eb583058881bb821076261fd458fe7c632025bc4c88cc83426b61cbcf3128af03
7cd301db0d152151d53ab1c561c40fe0ae133f3059bed045cda5ccac62b1375379
819629527bf1f94fc0e86de544839db83a34f62776766275fe8fd16c3a4c5efb39
81ca0e31743cdb681fd532da0171d3450752fe794a52fcea0c3fd8402f6ac5a12c
7d3e7ee95bd1c8a2944fdfcccc16c21836bd34fdb97a37d8f9eb0f99aa3d0b8847
7ae9e6b91679ddb547da94641b174d4b2d0d4722f71ad14b451878b15f48f94235
7b4147a39840937c6262bfd9e04981cdf075abc41909701756c7fba7d5e727c84e
7b72aa1610b6f838cdfa039ae1a8b406d993b9ea93536bebf5854378c1728a0d55
7a15f2f59f3c960ef8ddd7815a6fc0f0d53f100c95ef4e6b5fd24d54c65f6742cc
7d9ca1c9066776cf957c1c7aad64b01d6a1dcb3fa0d5105d37f10a683fefe3ed6a
7b051603cc2875c8ea0a35a56dddcf79d098366a86831faef22d0466352dd562d3
7c210799287dc1c46e398d46bfe5c9dc750c15197478449ed0ced06403e672ab20
7ed5425088c900cc326ec0142a1a2bb9c8deb43b6c04b693ac88fcb92257d12cc5
7a13799566f0ee92f3dacf5be648e44c7ebd09a1ab59ca16af521ff5f053ce8cf3
7e76169de21356d6f88159b518378810e76dd17968536e1807360a3f369cb74e6e
8003a8274264f3180b3e2af87e6709d37768e46702947800253d760f1b2d71ed5a
803471c0a38d82f6343979dfc73005e9f798dbc3620c270c96f7e555597d173cf0
7c0c82ce563be88262100964d61364698eb8beeb09fecefe0db5f5ef7b6d323367
7ad300936d2071d460a35a1b1ed18ab342c5c97d6f38f836849fe14d068c85cea2
7aca7ce9fa88f812f4ccc11a980272d0ee8e086004f272e26efad9a9e2c30dc897
817c8d9ddc7e9e8fd5a0f064d4636a96f20146044ced8cd972dee28f7e73cf84e0
80449ce98671a7627e371853e68eb1c2a4d6b3f4805fca4ed91c4093fa38187451
806ef4962ae0720fc9b110ca775428d8a16b1f9200aaac0fe42d264c8a364f435d
7e5a98aec70b8a2aa6077d0a3c891b78a726247aacabdb4323ef5da55ae2b25d24
7fa989207cde4876da4ac079984923e26816cbde7a28d58560ea9ec38098302711
7ae67c45fee6745a6a591f1d3f209da86377608e129523685e1d6f957a9f2a4e32
7dcf42cd2294cef35bd6e9b3526d12a1ee5221e8519ab713dc6a281fed3f2d2062
7f21fc57335047f63afeb70af4cd2091e3cae35f4437c0179f539a643d78c460bb
7fc96abc0bcdf17bc45575785ed054320866173732da8791a2285ab94ab2180f74
7e6187f7352715f40f92490abc89077d293817ca06bbd6b1e3687e829d833927c1
7b86ca6a75b8b8df7e00dc61b7b56ecf09ab22c092911b317b85ab8ac4309a792a
810cf9310abc0fe0e88abdeda4153dd76e3c526672284d594cf49926e662841d8f
7f90c5abebfc80ca76c8b4f3ea45a7444565242a38f7befe12973ab72e277b57d9
81dab10406f08dcd74b4df40fe006e0a320a124972746b1214fd30adccb8a7b1f3
80172e96a0e9744cc36ee5994596e2c1a6f4bcdafd931a83e1e7353de436107630
811b15d37d6a05b1b73c5b8d6ca6fe4a94c4e0772c2c9376a6f64d2887d877aeea
7a49501e47022b8823203ced9090efbda853e225fed603bc2edc86652300850099
7b2fa200fc6430d8918cd65172adfd9d612c5655e52480115eab63555ca1fbc487
7c2c967a204d4d6cd57dd17aa4bd884de5b0ae674cba8b0a84f74cc2655792d0e7
7b76f97e405458441a9fd8f2b00da1f660c65db89cf6fb94b879184497d61eb6b1
7e76235672715e66965cf282bca731fd1bd2154dce73ccac0ad36fea16c04488ef
7aa857a2c0f60c5dfd15ab57484db06371efdc8e7246b5cab2dfa06f0d4b15636b
7d1aaece88191fe79dcdb6cc94fe2f6dd7fe23e5d2d69a598a94115b57683f9a85
7b8ec92987debf384045d417d4b88a4bea8a3982ebe06417749330b97c493b877c
7c78c0e0a2bd4933506d881623655735d230eebae3bb35879151370033ded10672
7b194e55156b25615e2deb2960e6498d94d9a7796513740af6698d7916a78b81f4
810cd310b11bb0939722d9edebaa89691143bf834e057dbafe7aded6b2ca653d59
80e78c78e4fd6455059195596e13538c6bdfdd9a6f42b02731477a03100ec2146d
7b5a9aa5353ed73d829977f5fe96a6ecb553e2cb70ce7a63a8798065a85ad92705
7d0ab418eba64b69730689e6f1fcd577e2209b0961dccbe00fdad9c086c15b7443
7e8ef95a530cdeabfec935539aaf470d1c63ddf3d2273d6805aa3f04241d648aca
7dcc3a12b6a2ba876b380097007133670d630efd1a7634957c885a3038e8e04da6
7b5b26d35d9ead4b7e73f8a9115be08278d51edd74f0f39b38da48f5d60c2e8401
7c0db5a94e4b8a71b7df2a5d68e8cef1b7d4a50762b86d273f605f28b9aa2d92b6
80d0a3e5ddf367ab918235165ca3a4db81727bc2686c2a5c2bd67476c608a289d7
805dfe7e81a8bf319d1ac8845b63366550bb36620442b6482cf23d0e1834486686
7aa1bf5c3c64583722e98b6967dd208aac9bc73cbe0cfaaf31334d523a6eb177fe
7a4edf87e9a214d14d8b9292895758772937b650a917a8ce934ba0097a797a51c6
7b7908addae781c8671c3cefe7c3e49681e8acd4998abb0820318ae4c014f21a0c
7b3d4c120905e41b25b3f4e1c5b72c7467f896f3e35c81a8e5c9c6035413bfa701
8055395fdedd5660b64f950a394c1c33ebd8003647cd48c19db9a08103533463d6
7db515811d47c224f2dfbdd7823b0e2cdb8e1a68079255bf3e3312759b8e59d419
7b0f79172730154b2c5838f70ca089d8dba4cb3535085c30c226e50500e19d864d
8197f56ddc40fe9b23c4a0ca6909d83a420c148bf464a7492479b782e9db1a8aa1
7e16cf3a650c1160120f89f757bb34d4f550790c8fca14b82e1f8c2fbb51ea7cd5
815bdafbc08786f1293bedb35abe37e2c0f8c2574b353c36ab9b1bbae9b9fa2080
80f59f8002782c95cf14375f789c5b7888d2b907ed76555460ed341a61fdf834e5
81ae59004107f80ac2cca7c14f826b63747d08ed12d86c5c994f3291f3f4c71737
8079a0e06fac4d9daadb82d343cb9416381b54b67ac3428bf28a4e856e813169e6
7d56d2937ea9268bb8b70ab81af448056c22e505f43e85f8f8ea36f23715dda244
7c040da9ebb264db826cbae7a1d733f192a667694599500870e4346493841fe6a1
81db8a9bb21ffb4418fe804b2abf7a16f4bc3ef274a6c5426786c030c586befeed
7b08f4057e4184540fbc4e08859040f0ab4b0a195bb4fc8bf7b23749b121f49b0a
7db1c6a9e5d658c446a9a2cc7d4ce2213b5b785a4737f1b735bf7300ca6cbfd811
7b74a3a101248a098b0962f478c7b4e1960b9e4eab1a5674ed096f17391270e785
81b9d533323f7529e1ce2546cfd7323e1aa5f0feaa8618b2550116c7b7992c2ff1
7b0f70b0c5967bec6d9478c03c805aa509f163b34b6335c1cb53239106f5bfa872
81045eb6d9904590ceb3ec217e49e6e6a3181e346e8a1a577c5a46985b5d87990f
80f97dc61c18fcbd43e2cca5bbeb5d43aa8704463b88f1c6a6cf1742d42dc736ec
7a34ee3d9224b7842e4ee04cc0db74c1e18c809387782de1decc37a9647a0bbce6
81f91532536189f8193066fddde9a848a48314c4c8155889f84dbb37d563ae0d41
7f4fe953535ff79c6be81ca9ca19b8ac77d193091ed9c1551499a8e105850b7d4b
7f5dc134d66c633c3c4610fd0f19dd088a29fe0a467aef27c8a4b4d1d215fbfed2
819fc595e6dd4481513b7605a75d61ddc4041ed7117e20105a1b240d52981bc730
819548774dcb5c9178adb3cfb32e1f6fba779099b25dcca47b9130c567b813064c
7cb0283b7cedcf68fc3bb4c46ae4481d0d2b8617e90e89163977f943cc97b4f461
805ce1aa5520479b5f9641c2d650fa0acea5143f85c6c1426ce37c59ebe02c4c3b
7a0c47f428d16921bed9a969b919cf3377736718d0daf1256330af22d1c4e202bd
7b796c832daa9a5830a92f846b70e4da539ae442df7df997ebd0d0c2d0859ba23f
7e9ecbbc5194ebaf271fc90b8992c3dfddc8ce81a2b46ef51ef0c8c22444b73bc4
7efe39cd75afaec1978f6665353bfe011b54f1be844ec0a5822e0304e10b3b2368
7bc2f16d25eec5eb6f25ce56583c5ac036afb014cb2c82f32d0c6b83409b72eede
8049d18bcc934cf855e627952e3e2934a44f39f792553d9c8e70884c3b79f9c91b
7b7381fdd3f4feb98b15986d0f5470c86916220042d8e0fb13e4e68b4198de531c
7e312387fe5cb57d3976b3c10bdb6bd91f4c7e574c0ece75f4fe2047ca048f7b16
7a9f683644ea63c0a2b1cc57971d73a100133bf9b3ca8fcfb812518a4a2d65f711
7e953ecc0b11e9b80f7936126477ccf37e5e2e5f34f1c92e7ef0ad8adda98990a5
7ef1afe34a8e2eabddf0ae89e42603c52899c75e37565593c0def6c3e83e3ac1b3
81d919ad9463245a92bd2a3e66f9c1df5c8cb010e1dad139c2fe17d08195c85580
7ba8635c51a3e30e4157385657822742e70635db870329b763ef688033a4509cad
7eea06dda1a764d4ebb2145e92268fac5d64b8f21a87cfbd26fb6aa22760485da6
7d76ed3cee9300fbdd28dcd267b59d904d3652f2abd6cc8467fbfc2a8473fd962b
7f3d5bebfd1eeba94d7480006cde83011e1d8d5c2aa626e8a1a2c2fd26027ebf51
7f73dff6e7a8d65d672274d4633cf28b389ba98190b94b71eb2a0bfd82a4474b1a
7ce5c8b22e4b8b5f180e0803a681a3af715a3e8e96e132b43e999cd9d0694fe1cb
7d757d604e25d65875f12320c1468de1d6af5b1b4fb5f65639a21aa5278ceeed35
7a05f36cf72d443fe38de995b10bd61d768a33b61401597c40e2958836060b668a
816252b68430a2ef1c8a048f7d78a841e911632e479ce85811dcab3705657c8b26
818d8a621f6e73ae9a3ce61252b0acc944a44f94c0c5f5f5e47241d6a434dfc527
7efb89834b4b2005749c498358c15f787b9b2c475f04e8c1a164b7d8d799178ea5
81c79b011cdf2320af3e17470d89c0f41ecff8262703b65d2950ccae1cbab5f9ed
7acab1029d9b95f175a2f37a440f317275888249aac15e40f36e5b6175f7de91a4
7da46ea0f64031b1627e01e2be366ae4eb0c22b2b47efc9d85078931eb76f08d58
80a8c8f11c4f1ea22b763598bd217ea7802a5349e16a2076f8b55905da2c0613b8
7a7e3177a4e1378120f544eb9576c8bf1e0162d12a6740d91c1a288ab613fb7c2e
7ced5ec7772d71f232dcd299c7d42404147111af0db965c6b495d8dc9193323489
807e2a37aadee2dd729df656d2b0b4004cf60db9db3afe9bb7161ba73236a867d2
7ba725412ea5aeae0b8949556a98fcb8e529639a0a77aad535be9187b76c218b2e
7b25192a08e183cda98e18c44e2a27a65848b5144ffddcae8e2fabe88f60e6df0d
80cec4c055bf589699d4281863e9c7afca7419eb4fe1aabe41708c462abee81938
7df79a076fb9cbf8438c7297f49c055fb2d9f816274b02560eaaf89a0a4696b847
7afeedf0b928d10728f717bb4c4108e785411202fd40e71d23588510c53b44b16f
80704ed699bcb19be0ca6f3ca1f1e3d85814b7a4dc8bdc980b2e344c2a7293c17e
7e8d8960b3e286f9265cfaf2ee59e51ea6083460cafe5c188dc1e3b91eb5e8120b
7fcdab5c1054c442454f131b471d11577481ab18cd1a0b13f74c39a3e8a8ae3dfa
7f83c720fbc36b616776d31d29753779119e893d6487cc228a3203720b341c71b8
80d2f13b1ba9a809fd0b38c37b60f3f3b3f20d2e1df2f7040e43e27e12d1948add
81e1bed7864c321e53d340386ce1d0966fb09e6a60b034d78cdbaac872adeb4a82
7a7502e81520b3006cfa48b52d316abf522c97cff4078d9436e3ac20f096ca0b06
809eb438ce38c1f2a557a5b2a2eb0b2463fa1009d92adfb3345cae2f1cf7f26c1c
7c45b851a7e0f82da690acc866b3a49373d074bc97fe0209adcdc90e20f499076e
7b33617cdc749b40bcf9a4963396fee8ca6966a826788358a553c251b326f93b9b
7c4c368f5008399c08a704941987ae8e3c38dba1e258cc702b697e11d42f89a235
7b07781d7c72b4cb603fa3fb8266b577089fa576d24ff352b85ce1edaafd6fb673
7ca9e396a960696d83e253e5359cba897a01cb0408a4516cb7e5aae6ebd13ce0fa
8012dc02082cbf41b269e948d32ebbb680a8db7eb8bb8b5c4d277d4683cdda2783
7f8e3df1e9b115787ed3802e93721bf51cee15ea40f12d10090cc87560c024d1d6
7d0ce35a828bbcd34724ba1a193e62779b02f51dabaa6a61589e63f1f7383f0433
7c08f888327c0e799f657ebb15636815319998bc72835ce7b8ae10eb2d2948ee3c
7aec7e760ae591870b041ccd1eb8f340865b665ac358009e8da94fde48b6f63ef1
7d727eeff9a1a62ef7e388e3857bf19da3f3fa8941032c5f01e6d0ecec4e15222f
7ff8dc4553dac3fcbe618efec22b7cae8188a97c6bc08a435578be10846d3e27f1
7caff69bc1ea2d5d50e4ade30e8caacf7e879d1d916a16b6d11fc1867aad8ceed1
8130fdd26fbdcc93477bafe17bc7c7b6f97e4862f09b24f8ea7bdc4f28af345d9e
81c9032eccb3df478f1d0f4c827c26d83ab732336ecc68eaa081c063ea79a8b489
7fb05e4782297c94720a7d4adfc8f6cdb448517649e4ab8fcb279bbb367dd391b4
7dde523a82cdc2de67cc3d984ceeb1def2cccc46617ecc72104379a6b7529f036a
7aaabe27a23f922f81d38cfe0de1572dce9c9aa9ef9ac3b329bd93571b1eda63cc
7b3a13676be5b8b9ba6dd0a8dd0fd1311ae171b45425d7bb99526d65e887a3e67a
80cb044bfb91c44039ec1bd3d067e3f016c2b2ad9465f1b859f2794d931ff26bd5
7fe85c6df2b8f20b5438099b03149fc39c4e73f5a5a11b0010989d03ca67850987
7daf5e348b0512d2ee983a92ec7ef366a7b7c1cffefe4cfbeaf022e6f42ecd1133
7f9f7a34855aabe2420c9be9fbe751294692f30072898491c0308b579d08b2fe9f
7e5c17c4f6830450fac2dcdb3ca5eb1f294676b7e4a81afce9427b9be351b10f73
7c6fad8944fa39730136a6da8c917349900f2c9f9407ad3df0ed4a64e6b9365ef9
7e5b7d9ad1af2da207df1cf6c1f63043f45b885f06459f8e7b73f88b11d81148e0
8151440370a31604985bcba025ad917e20e1ee349411f964c6a8633a0cfb43089c
7e71f78ef413356d47432437de0eb72684a6593682cf74c6af97cd025b2e88f21b
80f4ea2bc0135d8107abfb20fae1a0480fd5327a7153bb3e3ad83cf6574babd4f8
7fd9bd58e51f9d1b6957987b3df140811facc28e5e2df05b72c0a4bb204f2c3bc1
7dc35dc53a65fea51603ef8e2d4fd0b0e0308f05c4dfa118f7e2e26b3e770ba320
7a327c599ce07c01bde5ac68dab346df88c9be521e45c4a21ccc7ab5eefc38a14d
7ef8fe51e8aba21c4ec19c3f8974be57bd303742c6a8dbfc6696e4dce701a700e2
7f8a490340e2c8ef220f9a06695d809ac0e2a9b920377efee2636e628193a68a2a
7ab3bd3197022427233780fe9eec7a946053b52146730f952b28036a4ff59679f3
7ce6523d9a5dbab558675b59b3524301604c383da283a32e81fe336b94f61283d3
7d8d064d8640c6a6a313968497c8b7ecaa8bb787e27a8a81d8133163fc72088990
7d67280c63319e149f143d53fa8910574d3723055ac281ccf48e026c1e74367bae
7afcec12abfa1a4b86a17806949776a97471e692778812e2c355cf6061efa3f6c5
81f59d6254d5aa4886d49642ce84580f2d7362a0748277ad9fa0cd895becf4a7f8
7d7ee54ff3a74fdb9be3f34739bed854b7d9e62313938eb9ed7d582cb5a41ac8c5
7f91b5d33270ea93f5950732122ee5861783bbf1edc9a73cb1ce1a865748b29e21
7d17f0db425abe9fb6211b5fa90384705269bc889920ae44e6020042cb5e0ce1cc
81406a545b38718ad297997768c0f5448b7ec7d6c17c530fbb5c5547a08b465630
7aaf44e70f7d6c7a1b5c051184194b6a20577c5e5c06b7f3a3064702b2d4f6a69d
80a320479a57337162f826fc0cc9e1a36900a451147ad5de1845f0c754c5603669
7c99df21bcae47ec212388d4b9ccc75df9d949a8aea45a5ad9a0328cdcc14aa5be
819a07cbeed5188db19bcae9b87474da11ae56f7be6e7a78c6bc7d745006e0d200
7e3469f6306686d6896c9d8e497dbb6866c90618a5161aa26d201d96a864a9881c
811c4498f20b4f40704a281c02f12075750b3881a960e1696b0d597ba57df54413
816210e1f890f5ab0d3d70a4a59c9c5f7550c6e5a1d234ccf8749596aa2d71cc62
815f3351788820a53d367e307c6fc9b0756ffa2b5679e076bd02d93c8b70add174
8081a7c39668daea483f989296e480afe6a7228ff43c7d8363fe620abf6c13e347
7b293830977e8c14db185a1ca5ab189df0c46205d14b7e5cce722812f1be033d57
7c6067ef942dfc1e8129d2c7d6346256e07c66ae3ac58ad078a3033170c1c8ed5a
7d8ebee6760a6bbcc10830fcfd1afafb9f088cec70fadd700291b23efbb156adc8
7f874a7b1ccfba43257785ab16fe12dd2557ef1e8322a64d05c5b633f35873ea92
800a2af103882a14f66745b482f6289d32e5be8c5cfbe0589f21cf888bfc584703
7a8a9eb324b94ce545ea0db90c4c15a1028cbc09ea282a4aa144bbd7c876fde2f8
81409d6f8f75c4c76f89bd38cfe7fa0f1279cb08ede2350af5f6601a8983741a37
80f3a1b05a0753b1e838e921a147d2f0dee6fac6be5c3c2098e41e335e1ecf6ec9
81c8556705f26ae5f9d13af6abc4f33dc00491213764f59d28a6bb882469028986
7d3ce4bb5557657aa1d2fbbd2d9ab9b79dd1741e6af7b75f7e4ee10606f407089c
81165e7e32afc562196c8ca83331f54f7024fddd14d465476bd5553b348ce0a351
7f6cd777279d0e283d5852e077ad446bb9c5a1b253420282097a25c925dc3cdf29
7dc6a526cb510985800a0d921f98f790685f6eee4587dbe86437d6ec45dee6ae9e
7fdfd7bc4e50ebb3f6c46bb38e48ba0b0e8c0a62e12c8f4e6b8d2f101e7d66e1d8
81bc875404a29831622c6195f4a055ae130d83d0f386b33f383e298fade67e5f5c
7c347c37d618220412f0893bdaf4797a22fc89d830e101e02e0df5078b08dcc499
7bbc036f9915ce014ebe429feda523f57c899bf1c6f0975ea072fe814b60f1069c
7c9c4ad707068a0d9f6f52685a1d9e3b64253d3041d3486baf311d7d8d9c3f5329
802b23feaf3208fbc437b4be44f32468a295cd4e8c22f6a8b3525dd01856818bc8
7fc0c8db91a0dfefa6ddd3bfb1e19068862cdf53645c1a9a857db940e707864f07
7de2f2f1c704cf2b896838a5c79dc77ea02af32e3c045929c8dfb12ffc9ee2602f
7fdeefd41a7d3e145772a86d1bfefa65629b287e94c77edf1306e62f7e27db4c64
7bb7892f1cc407758fc13ab89e7ba1b9d74aabe91829577e2f6460582bcc03cf81
7b77d63b0b7d64efc394cf96be94a6d7bc0ea927aad1935176863fcb225f0503cb
7d1b1b99139a196f1d8bdb58513fa251169cf5cec8438ed7465c84c6f585eeb48c
80e12c9a60efd52e291074e1f97d5573e51a49e42e1ca4903bd593daafa261525b
7cdb5d328c098827d16df7e11bada56f704a5c1145daa75bcb95f6957532de5f70
7a9fe40780b36ea24ee39292c973d260bdc4ac346a551bd7d6177104d7977e7185
80c90dcce4c7f4a77bcf479ef2d5e4117c15dfb41ea7a05490b4f798e311dffdfc
7da57360a8515fe475e53659ee4f82cb11542115209cd0884c9e7e873f68b97222
7c265a73a3fc842f813e98a83ea1fe4255452db1f4fe59ee1505a0fe02a79e3c9c
7e76a4745c4d3ec8030ef6064a8f7cd93c68f7980470c3570b550ff8fa08f6d3b0
7d74d48b589b4d50fe9775d7f211b010337e17f8163309b461b43f02bb59206f86
8148638729d2d6a369e6fe1f6416b423383aed438e96ce7421f76703053d0bc516
80543b62ec52d35fe2a1c65de1977e17e73b58201e03b1433760ec7985fe05dd4f
7c47bf5a3b76ea48ac43fe63ae777dd98577429391503d9aef66f50bf8fe2f6c1f
7e5385ddc06ce96fc0148013249b2a6fa07b8cd4fcaeeb3ed2352d4c285dac11ad
7c4e252b4d09f5be7abeb3d4594f20d206fb71ce972bca4e0bef5b02f91388cad7
7d4bea349259e744a1678498224ed6c608761d132c025487e791ec4269cf58a42a
7f660403d8adde9faa1f7913675d4631292ad8accbef3179e7b8ad0af1902441c3
7e14d8c189a02375f2808cfedb573daaae796eeafc9bb66a65960c7a3780998e99
800bc61780d91a06cb307344b7b95f8e3d48166c2357ca343e7e707897b3a2c3dc
801107a926416ebaaa639385caa47be198f8863a704cb3b32d34906000132153e0
7ddfbaeeea93644c7629fe422584dd2106164d1af5f4dc00da885e851b7cb58ed9
7c9ac4bf12a06c5dfe4a6b7dfee1a4e89001fe84726f0af0add67d449aecd56d6b
7c5da33d5efbdf68aa11f49e15b11f0b5bd90598054135501565916eb74bd1981b
7b0fb6586aa94499d99a6b0a0e0d471b7c329c4a4528d5a2edcd9b623f4211f66a
7b8241f41549f1e26931459f049678563e4116df57abda635c72defefa582b35c5
8158fe9d2e29e9a0c185f24ae144c869921ab3f2a374cc098a514242bbbf3fa57e
7c33c4ecb8ada32597592e88c75482135459449053ddebf036e10ed85b6e2fbe3c
80981c755995b104314cbba12290cd3c75b6e83418c1098ddf35430bfa9f6f4577
7c7211aafe9682e53a95acec556252cd01776e660fcb8fc41ed4b6f9f8833d7b30
7b48ea4c38a9fb6c9cc99174d797489ba5f74ae32ac8deca84c49e317641fefecb
7f15f1d1e3c8af2be3db83551a78843ce540d3d46ac3cdef8a2a03a13c4962b330
7d5ca5e7c135e74d2435f8a94726660c3add5b59a724816d74d848b0c2344c8ed7
7e738d3ba72c025067c32b4fc399aa01d248f58f8989c7b220ea053c7acf68f191
7ab6756b2f2e5576ebf545c1c1efc9e40a2880b151733fd0ab11444bc0f06da365
7dea88452a744f7abee223acaf435c33209bc64f21a3daf7b111b5ccc84c793ce1
7ff9ea0de4ac0cf8beda6c09606298823f15e1b0652d0ad3cf6acd23d038575dc3
7f754c079996813aefde30549b8f046dcd7a959991233071d969789cb791125990
8023c95a99a5ce16a08157629aae9e3731be5a8673a9330074fefce463b1fe4d4d
80ed1ef79e208f364d63d98de7ee4b91acb83636c2cb290cafc4f1757e7be268f2
815fade4921cf92f8ca63598895a6ae54654014d9022a7eb92b2c48c3141482409
80fd02e73ead603bcbed8fdbd5ac8feb14b0691085ace5737418e1a63552d060e5
81683ccf65d14d312624e11700715423e965e9f7d56a7b702f298430e350a0e2a8
7ce52a332cde6989b7a38d2f841079dc19e5f8454fb7faf6622c96a6d557e59a97
7bfae0f7413a9d80559948c78290074fc328a2356a3e7e8d665bb4ee4589f8d789
80ba9e56cef04534cac596e3cc6bdac0223b83e9a5b2539328e4b4463ccfa9e4a7
7de2131317ad06fd2443e871e2cc0c9bd7e14995364af5e0bec785d2d1b8929c01
7f6db878c8437cc84606f02a3ae99898a61ffd3334837b1dd36651a67a549fb8eb
7f328bb4fbabdb0a3b8ff50789c54b425d4edbf5f9fe7179826f54297334ab6696
81a02634afc10d5b59bb03f6a4a784e1f4035eac9b75674d3ce98ccfebe1d08c22
7d6b5d7e873d69c821de74524b403a51fb089ebadeda9fed313f692afa85fa6184
7ed082736613275d2639cbf31268f7953ccb9fee613c214bf0116c09936e8ce3f8
7ced8d59067e9cac945245a72bb2e0139c9aa4b2f1645a63ee90da29df44b90fd2
7ff1a3b4615bbbd970ad871da4ee8e92f7e5f50235b90b330bf738cebeade59b62
8112ca0db4a52a1d674cec8198a53d788e445858f161c331b5ce192a5ef3dbf813
7ca7a2d2c119eb5c2e86c688d28caf2ae76b78ef430e47c097cac5e806cb47bba8
81c4a4d74630c51c69fe9f92393ca88ab7f863745beda1aa31b546aa0143ce489f
7d92dfd7bf47c3788325c94df147392f4922b06b0379975efecb4642258e7217e3
7e6a75459c0283de7e5efbfb69257bb13a2e3bd197c4233d3390b7916b2b6b20e5
80f8fcf27047a3711aac93a890767960aafae2492d1700b775afc6c88aed7b8ab2
7a086106aceb79d8bebc2a3f896c4b615812050ffec0028c0677a5fc02f40421a9
7ff4ac7841715c7a4f1ed7f179d8835308f0003893372dcf6f3b3aa2dd419bd76d
7b32d9553dbb28ea939f93c736643d58a924957425bca77e8b16c5ca94dd1d5fb6
7e7c605b4c87cd44699720993f81e88d8c827c1503a7006c7724bd1929a9c66cbd
7d1a699da904d7a2f0747cd598e644936f86ad30be7060169059c354227b4b54a7
80ec3cea5c4dcaf8b9407bd0e2bd7cf67befc2148d7a98880c9dbe18ef7ee87e2e
810ec614ee1cd85f87f87b94f60085771c64b90e878a1e2166c4c74b6a7dfe056f
81681a7dc46ce114f00b887e1178f0df8536d2cecb584389c8491713f4dacb84a6
7cd9c77d091846bd2d813ef72291171a2e45badaa9ace575d33546414d357d6845
7c0ed1381945437bcc2894bad0e6817074651855d57ac224f4f64f1d08454a943c
81a3a1b12a0df3e006012befe2b3d147687b4154176dd030c98389a9f18e564257
7cf27363312cdba47251b0d29079f329aac230cf7bfe2b91021140cf5364197078
80533d594e2f42d76e1092ba5aa7fcbfe1472e03c0995691b62e8cc86cc23003a0
7a71687aa430fd1c4adbb27c2c9ef0e8d02e938e2d046174509aa906fcbff576a6
8065f109f1f4330e8b3b1541b74d6a7c9b8fad5ff2ef15790a17d6917efb0336bb
7d39249d42e392c74edc1bb40831fc6ea14d707157b69d97ec18d25caf6337722c
7ee8eb523814a29b1fd443a48a6d0065f014718e8e92769ea259d4653b33523823
81ea214c3d9ba5f74bda5631228d3830fc27aade8a1b656fd24f0c49ebb6f3c7ec
7b24e84f3c34dacede88f5631f74374becf3d65006168567eca9e26910145a17b5
7b3fb2ce27b519dd1589ce79829765da0f7589fe45355817dedc2c41fc463d25b6
7f33e488cc408cb9e0253c5a0961f7eec360253bb8f483c91a42923a8e3a6cb39e
7b1253022098780b1cfc93b14c4ca40529d8e54ae802b257a61ef75d9789b767ca
7d13d383962c3fa8c306eef74baa3cc22dfe11169c6a5ba1c7632e88bbd984a510
7aaefa04d2b3c3aaf153a57bc5821138e149303c6c49f73515f3bf9923ca7d1508
7c8d8506ab933b7cdbbc78994f4837f8a85fe21ed9fc65ee339958d37ab1479891
7c6c55b92342818f4d34326638cfada70498c5581e20768193a5f1d5b10e41830c
7d91251ab13d8250bfe27e41cdaac99d9bd9fd61ac2be434e3ef9b132dec70781e
7a14cbfeca37410336f31d7ae540c06c67be9da50967d3e4410434d2625490a649
7d38519e0048da6f4566fe43cf113328d2f8b8e6981eb952f07e58ccedb692fdf1
801c2717f28c0d68b4acba24a091aca8fcf12b73d9d20a43b7e0326f767d510938
81df06743c7be4d5966b64fcf88ee8b679f96e4e8976143122029e77fb0ce9a3a9
8025c8e8287c583f5387ad26e5b94d0638b93b2ef6ab3a05c805e0454c8ace64fe
7f0012c550f4108298e86e1dcf246bf766b91c363a6a47cd85c501cbb0d4b5233e
8023dad29e2b6111e864a5e8b4c45a36c969d1eeeab3d3be50badf58997070492d
7d62451c8669dee9a34a1e07bbc2820f21249bb736a47013bbc3b4db9f1a4ec648
807c86fd06817939015f524f1d8cc18624e081cd488eb1910f54ca62fdd5e6fa67
7e53f09902ee67c2694084014a4ee4ba5959300d236781f4b2967c9bf19d90c80b
813331453de1e6c5d7b747ec9c9e3017f840eb991eebf1dbd18db1e551847c3d99
7f379f4994bdcec8a414bad8b50ef19e9a29d97ee4fa7e6fbb6b2019b80c569f33
7c89ee82b2d40ed3c2bf8704fe0f796f9185192db989e08fafd722b7a96ca5288b
819cf90e2cec58d086f0d03795d87e10f8a65b5c1658851b37f198d152d1dd419d
7b49efeb8fd63cd671b2401db6f6d5a282f6030768024f6570b8f390869c178cee
7f43d9daa1f7845f215292d647310e6e9dcdfee26ae5bf1cecdc80950b02e1a839
819a7add5ca05d5d39f09742e44d5d37876a10f13c0f81fe45066b9eee7eb7f0b7
805fb86eb60586c817b08fdb27b9ead63de696ecf50e9ebc114151e048278458ee
809363af9a81f389cfd944ed89f5ceeaba0827c7577ed91cad59cd9ff9fb183938
7e05e1057658ce2bd04979a8445504a9e7089490cc89371dc128112515be341bcc
7fd2bde7497bedd182fbf2ec9e546f759345bd64549e51e3aaf0043956ead8b82c
7c22d3602697054735ec73e1d8597a5b57979ffb6bf35a32c70c1ecaddf8b323cc
7e12811cb9371df9f4619f5c7d591c59af8b1bd47c83db4ff748bab0e5b88a8c33
8175dc53b7a1f2482c4a62cf5f1d8f8053d5f073725bb166e41796a86c95251c85
7c8d37456abf2d4c83039114d832106b2c985efb4a0131436a5cf8d1c09a225401
7e5706c5bd5bd83e7e534b1cf99e8f9ea45abefdcfbcd99310b9e9f0d4e4559747
7a71bf6761f958b1229e9e8ecc6951c17470838702452520e7986f7e7deaa8beb8
7a3468bffe6d30441685f4fae93ea1703b47abad904ae1d25b4aef5754b08f099e
7d3e1897305453e805fbe48cf3787ee5224543c28306eeee4347b25dca3d2dd4ec
7daf60ac1936a3a25dbf24912acbbba831ceca1492618f3c8edc3e1a4be9519fae
81f4d31e4494f6f15ef50fdbc2f5cb652229edfebe406bbb2bdd5021c881455c5f
7f78db588df1248e68f7f4f90c17ad40c650ec2cb9fb7196063d06e80f175e7d39
7c68feb0b137f6465aace58344fa105acdd1b7f997c85b2dad2ffcf8ec82bbc6e2
8179efe20077920e177a9d10d907aa0162ce256c8e86bc2ef2130bab1b8c074aa2
815cf71bb6ce6edf707cdd0a8219e2c3f223a59f299f6afe35eb93a64e24ef11a1
7ff2c703be475f63ebaf3b3df8b777836dec7e774096350885de6eeed88a630da9
7a5afb9881d433ef4c5ef897ef05c90ff3d0b21343ceafead80ebd611e367e7572
7e663e3c8756bef49a66cd41667bc70e60ef3a6a2d5392ccf3fcae3e96a4d8dde0
7f23d5a38c71e3e138a7abb2459f7dc12c34d23ec920ce8f252bc4bca39ff366d9
7fdc4b688e71c84a946c3896162fd36b63d81829d9e0bc5d7e1b4ba324c735ad86
7c8c6e4fa478743d2665a8dfa757158677ede22a16a4248d471089b779cf644636
7fdda1f13ab0723a8a939d38e8c2b29e91850564c6072ca3f9961282f0513734dd
7e84a00be9a5f1e6e99f95ee502ef1c94f4acd9659fe8d788308891e9293cff582
7e3c59f579fa47d5d0269e1c753ebdcc509b324d2c87e5be153acc302d324c9275
7a709470e6674364c0f7c0e9cdfe4539c544d66b2042d61cf9a4a23fb82c395f8c
7a5a8182b571f49bf4402a31939a2e626024a82b0635e57e836c7356f1e241fe84
808e647888a99dd2a29b55b3fec39c265b11a9abd0c3a4e736947453284624d25d
7f5e829730908bc1f695ad615efe4e394f0efa6bddaba2386be46c282b5629a15d
7fa9836d526d702bbee433d239bd822182caa4dd9d800ea7200455803824ae51a6
7fb863b4df00b189b77e83fe43fe8a90050b528b1f20434efe50426bb086aefb38
7dd37e95d401ec378b174f236b88e6f277ca1e687e65939ca950a13ce3af06d37e
7afe3de220f3b77e23508f090d5c6f54dc50bc6a103c6e41568b622958f62e2a08
7f195023369af76832fcd1d1ea9abe0b0d9bd5989ed221381fe84770a308ec12af
80b015f8637160434eaa8ca8be5c8f0075b77817964095fe05d8c3bb4b6bd2daad
7f837157222cc4b51f69bd32d4b032174006a5c68a3b40fdbe140eee309cc77aaa
7faaad7851c8cfa522de6767a6663e1b03e6414c8feff5a4dc9e1b5b15c883b4c8
7f34e5bdf092c2e1e2e5699ce17e2b6a78c4038c9ec58ea9296cbf9e8a47446009
81f1b0ab6350a3e7c3e8f78a45b5a2b423113a739cd3f3b561b6b503a04494e6a0
7cb1e77649a5bae37a443d2812681348ea6c2ccdf62648f560c2aa83557e486ad0
7b3730997774094c9765e135eab49028db20f8e14fe6d97e30666a25de6ed0ed5e
7b7d0d307855c8325df91b7d1fe7a5a4484030d3fe7e6173c1f417a938aafe5efc
7b420386e427c2b163860a6fa72282dde3413df2005e1f22300db52ebbe673b36c
80d29667b031466a1526ef74441a2bb7570c8d5177c251559dbba78efe7817abf8
7eeb580f70b9481d47d79f104a5fe6c1afcedb10b8325815a605c1390fe8109894
812bd0bc5c0e33fa1a576029d6996e2cabd58640606576d21a331df448dd3a4308
7eba246608eed0f45083d5f92d18a4081e1473af1e883a43f5db8badab44ed80a0
7b5789cf70f55f291948f201e9ca37b283045f35ab1c54811e8f2392c1dc90f1b3
81704aafc45691e871b58200c5b9e3b5a6b31a810289ddb03a66d70e2e697a13a9
7aa2feda49c1919ad5c55d7e90820d8b621641c3011289a4fdcf82e11b97b33edf
81ea910e83a3f3a7ed1ef6e7e7522f21d6d91e2981f97e2a46827abf049a167ccf
7afd255f639ea0fec7f9d870813362a3dc76005ae3170ce748d00985e99088fde6
7da6121bf9d671f75e99200b1c845817afde160def9e9802e9647a253c5c088afe
7a525da47a9de953fed7be7a077d176015edc55c77e09a3de6fc045c34f64a865f
7ce4e9c59104b0892afd8cc51a066e6cd5a5b83e56d969dfce0c7ef3f4b8475716
7d668a893c07095b7de4f0aca9e5209f667d79f3455e56521f8f86ee09911c950a
8014a59454499ed65d8e937e93883564cae95c43164fdd67ab624a733870e45c6e
7c003161783b7ed533facacef0d9eb478adbc7edcf62c2964d15eef018af23a802
7d121b73c0fb9b12f32b8df2bfe6310527d7a1d1cde0c8941f4a119943761ac28c
8119343987ed782a42f3bd0f6340ee36155187c30e1b5a75abcc2dc617cfab13c3
7c3400b7b05feb30648bbc031359d82f493f6c46722629221cc3baf4bbfa56bc20
7fb8d288439e7ce46f0c88fcc5eb4967511c916526d10c909a8ce0bb41014ddd42
7c85becf5d8c579f90318b7a29fc9dc9010a80c6066a29b6df516cf48947fa0ef9
7e914795f8a49a41ae144122dc7321cfcb1b36d17d058c7e681184b9f7d43ab2b1
7dc90c30f47b10b318c07d968c559997d661d92e400f7e2501140cca8436f27a8f
7a38cb35f9fa51ce9bce409ebda0388488b5fea14209dd1a75efeee4d744d384da
7fa23475805682c6e618e71a79ebb11b5b926a9153676ad2e62bd58b8ce27508cf
7f210f989d2c7eda04b4a556e474273f31ddabc434875d324c78f93dc8ed8cebe2
7f18a17e8b9d33230d43fe4bad7e1ba7b2168f60c44f4f641dd41c98029c61608f
7b3b04487080a381a3f7db9ea1cefabe6a46fb3e965b7e10836d82a4f47bd5c5f6
80575cb9c9e06770701d13c050481ca66c10e8ee2d3b18a0ddf8c3d63b7c8645c2
80503c7d20e4d785b93bcb35d1d7f667f627cc7bb5789aaf9cb12b775f694fbd3f
7a814ce636d8091593d15d95a632d6d1af194692a6287203c36112d6ac0a20848e
7e0c941b27d79fa82869539bca25a8f44c8a49a5c01984bee2d5a8a46e415fb8cd
7d8ae1f660df7a92d6ddec51d1205a547ab2092d67e78404791bf4bacd334041fe
7f3de18f0ab4d862e3a226788df2c500fc72cb2fa6a5b0b4f9daed291c9dcdfedf
7bbf6f022ba7101a6b2015c84e7abab63d6ce6a589c5fb3a76aa24718135d95663
7c362a949e634c355286a9fac14731810c6c9e20bbc69f3f23204bd9c55a88ed2b
80041dfd8ea6bf53f240e9b56e2f061e631e09aebd3296c6ad4cd0f4d219366c51
80e1014c69854313b7c09f0cdef7df741bc87635d64c8d328b9be7582d8070218e
7f10ef07ce51f07d564c02c8f584f774d3dafe4a0e9a5a1448df850c61455c9337
7ba87bb2f713db4b7ef00998c71d7740e729767c77d631be1e6c9243a9232c66e3
7a0556ef00be8cbc872a2da987dc7804784220b9bd6e2a671e12827e66980a5d34
8083d5fa95e1bc31b41e29c26a76c303390206d9d84c3d90dafee2d9366f2752d4
7e412656adcde67a22f9ae5c170ce3033257f13e0f774d28eafa011ae65d55021a
7d8637c1b5284247c85cbc099f4e852dce397986d48ac1eea7377294e3cde042d5
7ed35747451fa8d82a481f5059e44359445125a3c4da959a0e9f611a62b933a787
7c80bdb8b98fa8de55dd7819567523b626fec92d1b4cf60c7659bb34fe188ddf26
7f4f0328479e58400d3373e7bca7fd4afde417175e58384beaa21791289907f4d0
8047b79bbe9afefcdfce4d873425822b4cae5c5917af4453f90a6d1cadab1b8d7d
7e75f00b77b2e5b3bdaf1ad7ebd50772c7e5d1ed622ecc22197da8c0706d4d199e
81c87214a220d925d036ee510f8bda977a348cc397fa6357b30841dac950285602
803f214d81b72ca94637b4844e9a34586df0f2ac2e829e5036f88cdea8ba0bec9f
803139c247f5f39c2240f04508f45be287f50162b7ea8a84e6843368bc74acd43e
7eeaedc9568d7b729c78955e3e24b15b58054837c3ae3c71e2c7c8f3d99c6a76ec
7bad968fbc8d75fcb56aac4835eb4b277265dd0055ec9354305ad7556b8f7e2639
811945e05fd32169907dbc033004ed7ef17a02a832f973692067126ca5db3787b6
7c73a2596c922668721ab66fe167affe1881743b8433fb69f4da88d1bde743bf71
8034e39009739dd5f98bc6748b11ad26caeb0257cdfb6e20cf96ab2a845ba6b353
7f66d2aeef68634531a2af649d868515c59847898dcea1084360e4d050319124a0
80a3304460215c6629c448bd6abc8efec59900a97e1f196014350f85d38142256a
7f370a164f16ec44e6b0e2802a1a871925a085fe631b722523570bc0d02365e00d
7b438225b23e70063c1a7525448f55e26f3483c512b2bc8424de8e00d345f3d78d
7fc2b837711baf1d2f2c2318e0aeb552c16c387a57248cf0620bfe604ea7c5dc6f
7c4ecd71803769858c9497babbb1b23b54fee2ded0d81ded253d3d2a5f310b6bc8
81bcb269293fcead249847bddc981595838be1b25faa189e4eeb396d4cfa7cd479
817dcb52aa9f49b4efe95ecc4d5d03b030a5ec50409477a15bfd2d0207ec5493e7
7f8a26f5b953284347dd2618bcb3ece10c71b8a43c8240fc08c0601574a22d55fb
80550cfe7e5d9e3082c9466cfe97de18cbee10dc69796deba7a75908ef0bcd365f
7d4255f16bfb592e6f363344299746cf434cdb08983693779a09709fc1f611adfc
7c40af58ed018452d474dccd19e7c53e4cc354aa7176c4a0db6a47cc578540a342
7c46a3e0beaf58562cace83503c0823f6a088c071e13f97ac9ea39d962a6133c30
8147d49f7e7ea2eab75db925d73cdcbd234bae8714bbfb563c5ec202373cfb6adf
7bd8560da5432386e4eca19cd5f94abe85660d194d6a175f09de2d0e02f8f103c2
7a46c2946fec9fdc4a6a518b644259bf7b07f76599bae1b8aa69f6bcdf1523ecd7
7e71a71836ecc9d44a92d00b25522c734cf878d4557ae0bc7e2c51f752b1c322c2
7dbd070eaa6146a45e8b883e93bef14b9628bcfbf28aeb3223633e67bedf8a7379
7ac360ad7683adf100ea37de6b0d518a59bd996e4bfa226d1fcc78a4000ff684a0
7cc7e670997265cf7e232c24f3fc213a32270303708716bdfe5ed859d50532dddc
7cdfe9e6a60ceb120a48d74c5be4a490d294dadc1c46f261e8e592819a116e47dc
7ad769292888f621362465d5a0c17052e03ba5cbb53490de24de75afc5dca1d930
809f89eb041c0ce4051091d7d685882cac8d460130c948655cfe37e6b3c9d89c21
7d6b3f59460027d3f35c425703b726ba241d2e5f2168a6de6e5f90d21603203725
7fb7baeb97ae7995133aa72461b458aacf23fcfbd021b185ea3f110c81b4270796
7f7d43d94bb2fbe31cf73bcdeaa2a8a0c510b3ca02cd8dfad42080f67037ac686c
7c34b5eb0f7e96de6dda4948fdbfcd869109ab7ad5b28848dead3b71b07b2d5e8c
7be5ee6a8920780f30e92358569ee3f640691a57758e701510679699c1a81098db
7eb504e7af377815f1e9fe539754665ebd6c2a0db43e2558d72c5a705f80220520
7c6a704aa2f693aa420bfd6ebf147741e60e693323889949b7ae9fca4f6dc594eb
7d50fc2b3a385fe95e2dab0b17335c8fabcfec2f14c45d4eb363cfa2eca04133e7
7e069d793c76d6e01fc85f00529accf1325a3e8e08149934ec1da19b9d525ab5dd
7d0b0bee3483a3e588bb42a8d120699255046a2f54ad5be12337989169cdec86f7
7a77eca30a27925445074d4b4334dd98bc48108acf8dd6a8421aa27d2a55355596
7b170fb7c0309dd03a709b03db8f9c055b3dd14a8f224fa8fea4d2399aae93efb5
7e846efe49a4624362e532533f53c9ceec6f86a8d1f3be2d446ee726de26d89fb8
7e808c3585a046524ad3bab8087ebc10d3a7ef1e3d6fae15add4bd0bb563b0100d
81a8db8425cc9b43fb816a5476bf49d7080f0fe120fc8cec1dfe6f6108c4cea7ac
7f0f3018532a3d1b8cfe28576b8910fa2637d5b7961876a51bcc30a6d65155c33b
7e7c26ed3e0c6b6d129397d8b04181294ce150ee2a27f5e369061a44485de33d82
7ccbeb1bb15894b31b3aca547b91583e07d1e5e9d6d61eadc8753c96ecf02a0e87
7c0e280efcbb9353c4ec31be399b604cf1a06e325f4d54e38c832ddc8a214f2ca2
8000d80b8a16498f84df9c8eb5e905221a7d60d5f3387a281d5f808e907b9485fe
7ace08b7ac540b52f3215ca3f7b1d6be7d16dfe7d02dde43593108531720380a47
7b86dbb50e7df188e3fee6d122f1deeac9dc3ec9d6362b41fd22dc7c0bc994ddf3
7fcde7e77eb0aa6461f9c5a1760475c09a089ba077c079b6fdf92238afa5810731
7a15e11f923cb4bc25ac32810b598041f3f2c6cf53b3455004fe9fd3a12edf2ace
811a593b0279d8cd067e33aadc215e5d873bac9e03a0c5da2e80226cb71a3929b2
7a537d27f394415db951a3258a1670fecc0ef049b506bc81c46b207b10ee30a972
7b28fa84d99953eb7b42b41a2aa9dcc1d827c8cc7866694c0218e73d5604cba9f7
7d3c9f7cafd29d3795331bd084e8acc164e7d44b6d4e32bce01ab12faa3a7cb51d
80fe94b6ada5dabdfc528d94b361f36eb04aa103ac0356cf2cd8fd3f010799efe2
8064c9ed1f18392439c045d4009b3e92f62e0417732afd56e2b485630c4eed49fd
7abe539f1e2b325db0cfdf790630bca771fb28bdae0a1f2fddcf64f911282caa4f
8152a022800d8422d6d28cfeb2418c90a551a9646c8568aef9117b231917be8ff9
7e2f68ce94ac09f649979c5b8db7f91cae711df775f6f9d7e4bebd58a2a6a7d2f1
8026ba93c1500884b23322c49117074cf3d24b5ba09b55204b39935f39414dd85f
7c0b8c7b61c2961d7e1938a58786580c38d3830f82ba9d5647a0395f9cbbe2df29
7d48b47152c40d89433c3db2752df7ce1efe2f6e97fe8209ab5ac87875cbfa156e
7a845fdbf257bb537b635b1503da678fbc24748d12135e5cfdbe6e70bc02052856
7ba745634f1ce7cb1f9ae58236b1de5956a83309b722dab63af1b1d16fc768a2b2
7d5ff392b02275e9b4898007271cc7c36e598969e131093ac31c6a45a5cf8020e0
80b6fc9b82f1cdf3eaa3a81988a0140c83f886afd7c0e4f6d85ffd644578b7f1ef
7e6819c9ab333e62b05eb406e61fd718a7dd38c130399211eb5cae13de8184be82
7dfb49d7e10b9df5d3fcb0f8e5e57eaf3c8590aecb7ca3dc9a66def059cf467ed7
7edb9a33d7d3a74aa35813e1f3ec5746f89e1400ae87ee536b4ed8def62429eafa
7e9b2ae13d0c5f39fd2fe6634d7e70bfd7bd8312715191a28fa4a69ade43d57d69
7bed3e878d481f45ae61bd3e1aae89c4af4fe83f9183d4ea0dd17464e8446e1c61
7e8fe33e47c50a5ed7c643f50b8849024fafcad8934c71293198152ddf244777dd
7a228b566c3f3c644817f3fd0a40b24907b1527dc36d56b4d5e1485fd6620794b4
7ae6026c3af12c58defec286dc361fdaea5fc33db60d768083050743c27d88131a
7d7b70e92108b2e7f1c4b81f503aac76ed5cae0b4433ee95ba96e94553bfdbf99b
7cea69e821222376306ed03f06c537d1a59c6e21f52bd1170b6073170583053e8e
7ca119da6889505021682ddf056331d062dbe4ef669203c7887e1f1eb757c72c59
7ad1543ea21ae482889f984beb36f14595a4bb4720fe4867db428bf410ad9a1ed9
7ef0c5db61f836a00928e4362a935cbadf8d93d09795815a77d1d742a243053716
7fcb874965ce38412468376ce1982a3b4f9ad687e8b6d073c94f6a7ad3aa7769bc
8125af5f1e9e61c472cfbb2d2f444053fb61c05c7ba3dfb95ae45679910962e107
7d0e41e72322d8e549fa0e34c0d2dc438042c9b2509f4622d4c06b5681a567d1df
7b431b5a7b12668b2658ca2898f47082c770813fe3977216e179e0d6185ae79918
819acc9a7460b19bcfb8e7f8aa2ee6c83c9f5c9fa4bf1c4e161a8f5bce12b05b9a
7d1e80b8ef1a8c4b4213daeb924aaf078d49fe4e776daa91c419075f8d37eb3da6
7ad9018b1a9bcebdcb19fa1c3f99af895ad13eae211837f976d9ef79ced83da1d5
8137dd75bf7b2d2ca0f9cc328089725245d152b2ee4a71051e4d47041e41c74421
7bb57b8d0fd72ebc53b7e9a75702e5e398fb2d54c342d3fea5f256a319917303ba
7f83fb7e16dbb73c000bca45116d87ecdc6fdb879267addffeed05dca5db7d89ab
7e77f6dea9222fb8990538bc4e5d50e35eb6d486423dfa57a859ccac8b891e0813
81509a5df57cd927956a5cfc16f9a564a0451820209072191725e2f662837a43a2
80b471c9f8a6c866ddde6934f1106350458cf06ff6360897314a53c6c167325725
7d5cea6d0bb33ea48f7c6ee990044f7a71f8792199751430f8160f27bbd77434f7
81bbecccb8c150b19b33d2389a3cab578ff90b598a3e4ef7c24f0a749e12d4d50c
7cd87331dd6d4183acefa91ac4d368e937840ac8c173a6d699a07090144edf3d72
7cb05611a2a22a2934fd92bb9f03db1c7635dd5b0b2efe48d1e5e4c11f93a634d8
81afa721bdd2edfef5d46f092299ac4f6527ef542cbc8cd7a7bf1f628a505320ca
7b22314f7ca4f7deb90e6e65c580d0b692bbc27c887afb5d83f9dd76c255664c5c
7b1881e154765b58803427a85c8b79902a50be2ff6d602d073e270bba82d177130
7e07627880679d0268e0b47e6f8ec5a269eb754a8cbce491bad9e612aa642ebfa8
7f7eb8023f169107d9b94301c93c288b4ec4eafdfc97250b3b112ce8af46a6f2e3
7fed1b7190cf334636a81b1a5112de0d6873b8d4e04ea7505278ed8ba0fb0e7a12
7fd9c0a1b43d7721adec6f63bdd00ae16a50c13e87f54c51d70f3f398e040d2f42
7a3cfe15b10ff8eb950b8c98bd01ea0ccb75dbe08dbfcccb9ad0af19145c32060f
7aa423170ba12ceb3baacc213d95829d23814f3222e4fe4f8bfc050b29d6feac8f
818b16931d1500ef1e1f5b99a4173ee6dcd42627e13e0704e64d065fed625ffdef
7a2adf8495cd4a98558f004831d2cc5cd348650a2030318fa1c2040f590b5a1668
7a198b69a9aa272e5639fe490fe7fe016ed7ee1727e1c84d31fb5618b14d91e879
7a3d70a28ea56f9805015f0056d8f4d477e03d447a1f1c58e007cb18f2580cf692
81bfd09403d85c43b52a15b7cf7b81f7e25dcb79133737374f433e2064d0f6b281
7ee19b798a69d73573a43244803834fe9b250fcd821343164a92e290a03c87d8b2
7f5cfa22fe203e623d4bfa7ef596fba87cf8edb3fede7e95798e4376d193cbe8b0
7c2e1631d389bea0c7f63c4431a7fe39aa5512d06a0f5d61122b140c62b871103d
807b9ca1e3a2d4fc3a28ba6498885775ee55215fefe409bbb19c182648811f6ac3
7e95f7418ef08e6de17d0299438c03b83f9c43ba465bf865d2e3bc008e9d79afe0
801a53c147a09488a38252c00f00d807d8d6d63ff92f0e78c31533fe37b2de144f
7d34108c19f1cd8da5909d731b5cfa1ce5d9f5b8ac8bd48e89c328600a4b5a8bcb
7c62c10117463922a250a4ccb480421814714ded45963e49757e7df8ad77414dcf
7e99e380bc9df870c9a1f47aaf3d189dbc6a60fe9f15abb0fc9de990196069970e
7b0f71f49744e65b985c6ec9758f6609a0750d8fe199193cb7442150a649c8e444
7a80f88bc17b5882b2c03abe9c17d072a7187eede69b5c84b60cacc98372f17366
7bd73abf417be99fa5a5d00822389521c596f171d3d01479b29de2c4d10b37bf97
7e239ec8d138a0b91f46083e55fb70a4a708e163f309909187084b39c1f9142e48
7b2629455ba54d8e9923aac787379076cae8517c507e73be47c474a3eeb7d3e40a
7cf0204146e70301384ecd789055c9003f900d71cb3872d2ce3b2e56f9d006f4e1
7dd3a2aa2b13bd2d4b5a8aab6fe5fec707dbed5d5134acc842c37553640185cc2c
7d6a2bf551fd4f9f0e42e06680aaa9b468b505d91c7605f5b203eab9e32cc49982
7d8d7040229c3971adae8b2ce89c8d97d1990abc4765005baee21a988261782f9b
81e95146c8b6a5962524ba62378ec44a0572a88705c64bc168b6816074072dd4fe
7d2ad92ec58f5dddac67b0f2241f1b41ceb55d99b3bf500e94114ef66e4c1ad456
815a05620ccfd778e44e71d1f5194c62c723709250ba65b33de2cf7e62e31d6f15
8151b3a7ed0f098b579ed74f3598fe13e9412947e868e934fe6890abc6ab53c31c
80aabd433681e532ca89fc3a41696e6349f4691b0b0740914f99f31be79861975d
7fba1e6d92f4fd0c4c543eb18654dc9b9afd373cee2043238e042cf84329d53ae9
7f2bb0f39107f216b9b644c640b947d0eae0a1595dbd1a2c3043e9f1a57942a1bc
7d6f7cc21a051770ef5f052c7c2a77ac324269c54fefa116735bd13c7ac9cb52d5
7c494581442ff434ecb13d15b58d92ec44feb1160300544d9505587ee740ad1dd0
7c1544fec196b29c6d1f671810d4685a42dcb618d7e0947a72a424d8330102adf6
7cc823b8dae41cf919cdb44b61a5dd59d0a065c8b11578c1280ec5e9152c72c43b
7c6b73e9082fce2a95e1e9d83001f9eebb3d2e5ed9b8979f1cadd455fcdb5fbddd
7b422f0b0735e4119b7c26c59c85235405a2c5bd7d9ca8e102ca23316864ce2922
80c5dc2b3c5db8ab3e7bd84b8a707c5732ef453dbf6adfd6e58a96d820ee149bdd
8008d85e74f36ee0d488edcf2d1ebf725111970a17afa4c5bad6166440a6de6091
7b9c05b0ed2ea4e3affbaf75116c874d2143fad9da5bca2ffeb4561463cb1062ea
7d3ed5d80378941b3329fe0c5b643bfcf5dcfe7bdb24552c103a72411e0554a0c2
7ada8daed47193fc737bfcea7c44b9844e38dce55d834c43ce0d2259343f57342f
7fb2912f469945e764bf517909980714e2bd8cc19249edc0c916c7e8548ab63042
7dfd2dd7b575bb0b25f853118d1ebeeaa8e46ffca1522371477b4603b59aa067d1
7be2659b042ab743c558fc7a9568d558671d6431c8fbfc26c468f333203844d049
7af907eaef163254d7b426ead61fedbc1c9e065fe9326dc8c400fbb790790a5a65
7a6ffd7ae836e255d78329d75a540dc4a5e5cf583701f78677c39ba0ee8a1c305e
7aa92bb8ca9f73488307743390d46ac9f64d2af13664baece8b694f80d43607945
7c69b0d16c70f5dd22e8580bb101004d81a17b8d851500f83d62f2a294ee471290
806c535a07301e0e2a3eb9b3b7c93f299ffd446f22c30fcb15220a4f9778a1160e
816dbcfa8cef17e2700caa7dd07aa0eb62161875d12f98cf3c8972499fc3da44a0
7e883c37eb2e5efe95b3e97b3045a90ba4f2ac4b901dad7b3c75ca8adeab19b3cb
7a25320485a81379e4e3721001f57eb0e2b5ea68e5b4e71433d5992b38c1b6af08
7d9ae8e1e1d7dbc7beee2ffba3ccbfc37241a69213ad9659ae2d2e9ee051670c96
7b94d4be070cba6cca00df3460307aa41f03b6d2905f82275777371459f0379f9a
7e7a078370fbd0fb766889cf92b43da6252ade25bd893e0fc00bf45dc3ea990b88
7b79053ad3f6bc8d20414e126bcc295f22cd60f2ed792ef05724e9107a926c0854
7b728d8eb0fe898ee5249a4fae006ff197b4a738250039c00709cbf9e206fe5ec8
7e67f4ce98f8905722379f1df9cefd0268a3d7893c038d38164e976febd8c5ccc6
7e08b2d6af017de429039d3af25e104156741f1b9a2e2e7e4697eb5b04b67ddcb4
81f35770e13f3a81bd19e6bf4265a9ed0fe0c2f19503618f419d661be032ad706d
816a6a0031031d5fae9833a6a5c7d7d210027b13c86a2a9b77bbd441268d040ff7
80f787c85efdefca4ad40700e7c0cd02a62f18ca2992716b69f6ee1d89bb981523
80697977a47c05902bfef1b5302470bfe83f5163fdf0d47ad5a505586a9c6b1415
7a6f1fb1a6805ef7646c8ea900256e74dff69cefe3cbd4213929a2a432b6919361
7ece77d903de651a1da93bfe49b048592f3ab3249b2d3eb378b665562423081315
7d5fae3c15da55c5e838ef734cd9d91bacb9069312fb3f985b20316d252676b719
7c2b24a1ab5e8fda901023eb7c74c3f8a0435525d94bf499259ae4538cb121d61e
7d7d28038b8492eae14c6af6ef396bb2c74eb10adbf29ec5dc4032b25e374ac51a
7a2d0c43d5b69620900488fae4d6950a13a28963080a2bc62d98c9336344a1649d
7f899dac3d164ed00f7d9693e2eceafaa3c302fbc6cadf7edaf0cc0677c3b5bc9e
7ccd0a6f0a93daf43aaaa4d58672bfb94abe1d60d9bece2369844783a38025504a
80e891b0be1e1d190a16b2068715d3c8b9afa9bb3104dde1e872482ee09d698adb
7a4f91ca9ac12d514018b3b8341f3369b6601e3015d0450161e4d97e65d6e790e7
7ccb2c73cc998f588f857e035c84ed6b7b4e8727728eb08dc549a38b0cb0cbd579
7fb254ac830109e0d7e8a464a10c185c6ee623d9b15d0b73f34e4d2e509fd3334f
7cd816233bc761105b2d98f6a84384010a3b2665ddb834af3648bd9f39ddf296d8
7a50b25b38a2a25852034063dbb6b80dc7194a5f60255058e6f26968a96533929d
81a070255043743f4a0b05a4c6863d30243f93470aba7c5c7895ce93859ae69709
7d2bc24600e5dba1d7bb40acc6fbab05a5106245fececc4d4ccb7a1c0916389bed
81600c5cfdb25afb6d7c6e78069ecaf49319b7f0cdb9bd82c063d1b8a7dbfebf2e
81d721805d0ec7be17c7c8c02cec434f7670032f138012f2c6bee2795141125f42
7ae56153dea711e19e968158c59cef1abdbde246bc539253b988d5e9dbe8fcc998
7f3233a9a0e891ee8c048b1aa2ec61909c73b3bd6801b5fbadce98668cfe163896
7fd24344907096ef56f3039195b81ec57e4aba69a5e62c16ab660cea2e884a2343
7e3f5d62bb28f40dd5c4e12da2e731d582c5dc4944ba944152eeb7883e2f935caf
7f196ac0bd888b5c2d7432378e6079627968594ccfa2aacf0cf5a21a8440d1a363
7e4a5ca453229d041d3d38fa2f1d321e02a12cdb5d8567dd0dfc2d0fd842a5f185
7e6abec05c7e52f1fd5499ea03ea7040f31e6ada190afbd95a21a28954ceb5d26c
7c63eaf4365b0658091ababe0c844555a21021a8bac69b6299527d1e3a8a733570
806a1133167dc50ef1065442140127e7ae4e26319f281811a32eb4756a764e1528
7d1c4846bf0ad8c3de588f6c60e0b4087083321cc0d450abf241c4096354b32dd4
7d38c566f87547fe5fbea16978a73ec3434f3dcb6f90bd13b24d17c7cc2cbbaf8a
7a1d665ee417438aea7ddfdbd3b69ac29772183a2e1f8faeac3cd7487ba76dc252
7ce3243240839d5490444642e4b28f7afcf491782317ad20b7dfccb5fed330b967
805e7278a409cdc7df01fe79db2268ac4f6162ecf3fdd54161115f94b552e00b2e
7f5594b67414f3d3e424bff178b6ee0b39e44b6f6f118e55c6686075758be893f4
814536fb9d7e80ca4773f4a9c372c90244973b717a929e26ecf86b979b06c83590
81511695aa3247db63d562de99dd7a2793978e6beff140aa4c5ecd40fa43c13c1e
7b2c99c05d8428b4bcdbc477073fbc64b3765941f7aa9acdd0f9758feb29079469
7f479f999d12d7a5c7d66ea011a6d68d2593253da5fefd47587d45805732f49b8e
7cf848d49276cb735e82f56838da285c4c04131a4ec2762bf366a748c37463adab
7f2a46bb282d70e158d45ab5ba3c6e141dfe29805d09e0fc9036f53c86d6aaf9fe
7c19c6e3249c47fade40c58611d3dab5818a9e35234497d72eeaee7c800d0d72ba
7c8a2f038b1ea1bb5b72a42acada7475887977332e050edef829592f5995ed41fb
7b7aa59515a9baba929a718a25ee9c8acc742c987264594a7317c77b5d7652fbc1
7fbe9555b59844348a4e031a0e4c62074b1d0837457ed31c0ab18241540eb3b78e
7c4c90b58c8f1c0e72bd4646075dfb91a219c02687224f5c846e02c93eddd5c922
8000c0a587087cd4ac6299ebdcac0c7e76f99843e4ad587747155f0a0d24878c1a
7b729d31f4f483acc8a0cc31c2b744c2b7835265c06474090855b3b915162504b7
7e24972b83ed10c69001926fd4adc1c1723eb9654ffba36adbac8682d8a324a8ba
7c4dd0303c536fdcbc708aceedd62b98debc60d5b7cecd0cbcbbb9d08bb7a95675
7d2f0850027e8a95b6e48bf608f2b59ac6bab536a8b73d6d9d3b34b77093410964
8070f8954662077e2399312f9709b826dd8f39859e040692ec7ce66df92a0eaa3a
803fc64f3bdb348caaac2577222b297e1b7e9c8092bc2212bfa8c324c4bf730792
7eb3674014913b30827c7895f6c32f3ab5dcbad84b40eec4e3937cbdea6621154d
7e492828b28d9cf6d87acd859fcec7e766fd8a7322c41c76ac40a6ccefaa0cd37e
81a8885210bbfda60cd9d665eada8f6648050991f30d42e8457186919498484b91
81ebbf29f84df51d75acebd0deb5f8c335a1435ae7b4531d9b4ab8f9e70e43d7d3
7d8e8a33340da984baa7eb13e5d6a48034c003b789c57854a314f9b404dcc0b0a6
81c6934c82d2c491779546b2a7afd8e8ead56d81371646485101e45a2c062857af
7b7e866af6950929fe7b0bf91ae6885391644c8efe0bb8d0c923ad27bb56dedbbb
8074eb5f38b29b2f56dabc51c7dbbabd27adcd6300fada6193e5ceeffebea57ba2
7d24a590a93dc683e1304ea0f62465741e3b41205afc33041959fb3c7664a938d8
8127ba32397e08973f740858193e76015129d5bbc76b88da8642d4fd8c2110409f
7b2fa37089a3d2b2b89dc3b1dc9d13feb1e5630d5d07ec71fe70ca381b9bf8d6e0
7ce5a595b9e2acc4a3f63b8058a78222a91b9d821cf0b20df65a529ec78345562e
7bc61a5796f83983938149794ea96718209ccfa042864e75e29d7af8d8784a7b4d
7ecff211d4fe85869d9c561f3f46bc7085f726a9df8f70fe3fbb15670f4e395d57
7b502ee931e6bda2657530950fe7963060354bdf14b2b2377287f6855de72e6a62
7d2dfb87a8986fdeb9b33c37acb555f99ce100cf93c8478a8ca8225646b108a0ef
8075446e83b9182e23f3412a971686069e3b5d2cfb6ffce49a6e7047ca09f38462
7c817d5018a3cac286876a6b87274e35f878ae100cc8d465161798cc8ef9743929
818c236977fad0daedc22e37ec771df74cb8a803b5df5fbcd40711321ea38940cb
7d47460262526b93a02b1b8b9cdedf82f623d0688d4f203874fd45d220e7ad0d73
7b6df627307c6568fee94cb896fa6b0b248c1074192e633fe92cd27a6c5c97a688
7e28894dc3f5be5dd997a0dd068551bc15fb333b892419112e2dee13e806785c10
818e902e58ccc2cc08a4696ecc26d4343c15e17e3d168e603fe4dd686c615201f6
81004d472d516ce7a9faea220cbac6156666ac57d2fa9cc741c0145fba84c83644
7e7150414b263b3fca2dad07469f15ebc552de780713c9e4378ecb8c55845a5ada
7aedb66ee0c41f22fcdc14d3f69c330bdc5deb19b94b96c41fe74113a1fa923fbb
816d24b9535488af0d64c02d838c83bd5554fcc9f3e4f7408d9a56bdf95bc49ebd
7e2228f232321718e08311145ec994d3325039a11c8834a75e0fe1e8d6fcc0b5e7
7c61c767a62d691a77e52eb1124812180add5ee2e3185f7b06cbfd871f6cd3fbd4
7cef90aefb52c6e354081f67e2e813b529f7b615e512fc604908d7276d882eed7b
80eefe049f3dec8e783a5aed30fbfda7d9304cf8febb466f0d07e28e2ce0cb9ede
7a4b743ab786d8fe3b62f82776601787c3339efefe2883d76ef88903bf69cf10fa
7e186fd308f4fdb9afab08ce47ddd170682e4e236896f4b5146c80ae43c9ba7905
7aa7d48b319af145c39dd1b71b9536082a81342dbcd066cfbec7e41e1979e57b33
7b60e6e86f56c3c5f4c882d7351acac267ac4430d007498adecd1bed0ba018d737
7c39815751569f3a9161bf60124520a75ac7eccd1fef10e826e271b14d07740b63
80dc2b45bb1a981f0aec4bb6916dc5ca2f2b7e926702b81cf0e82b05a06500556e
80219535f8c712d7fa5479f28b7e2949395f72e3c2233cc1eef5bb416157c85d48
7c5e97091b14e62b93bdb11bc98bc5cc7eefc3104458fd292bf797398c2afe403d
7a32296946222581342c1b3d3be90c1534d44f152256bcac61740b7cef9be268a9
7a637a4c67769bae3f1e918f70f69f6f91e1be11d58210332dc05cac298330c8ae
80085666d3612d1c8f0fefc51e1a7056a7727d64b3fa42c8a96b189759e74293c1
811a1877afd3881db96ed43a05313c43b1cedccdb5921ac634a1dcf24e984cd7a7
7c5b5ca823eabcd36f2bd1375a4cf5f27a7c68f44cf1fe98df4de2fd6cec8fd673
818678fb83e42f08918eefcc3fdb7eade4f30fd8686b99a154cf0efb0160e126b6
7d65a7c2c7794c9b164429b83ccd64a349d7153b1ea1bfe41245cf6ce669bd013f
7ea92d293492b0c395a9d91f4d60c6dd909de6b18e8f380d0dc33097951498e4cd
7f50d94a860514348b13d8610ff1a52cd50f528b6ee6079fd1ec403e7b81d4ee67
7ae655cbf73454348c608bd41ae039cf69ec1567e0802a5c8d90b85aa8a0ed2289
7a502e71b9e96173853635d8fb6ac57e9c512b51b19aae51238002dadcca08ec6b
80f99e8f25b3569cec8935526e52afb43d80cf33baba21d7c8f5b9b14f749d9603
7ed68b272525c8983af86ea8b5d14520b9c2113114157cf01abec91c7145e8e470
7c03a40a9e30089246915b73cc3fc15fef4bd29b4b16586b7093a50d4ce13f6e06
7fce3622e843b5e2396e59252e774b21cdac810b950bfb86c5460b8213ba8baf48
7f2ee89d26e83ab8bd9e386b887a19f49912fe57fb9903590703bf3a296ba66ee3
7df004c0b7f1e975febb0e4ecbafe149f46e6d10e61cede7fe5b535fa78feef792
7e9d0da3e9b30a6ec559f5c3a83701b282d47b1866c625d0eb5ff1f54ad6930aa8
7d4c96c8776eee694e414172b97ecab21da88b3ab63694226e1109b2bb1636f7f7
7f4f85b617075fc527a0333ee9f2a510ed5204cc989600f795d1c81650af94770b
7bfec3e48373e4c97855330dda993a8734f88e626e848bba81c08e8e92b8ebbd38
7b67c62a5bc5ef824d8e45a04b390d40d3709a86fa3a331366f0ce7e7e9896349e
7b17f99eafd922226543b54bb09f1577828db78b644144a16137e809905e1e5c93
7b74964d3a24c8294298fc4e0d659ac337600a0edaa11cd8dd93b95f74346df0fe
7a80aa7b135936fef92b626c7c8559fbd9484089ec9ac30ce812c3a86131d3b67d
804f76a7ba383d87fef380bb63a3afef82b422366a32b6472bd6415d798fb0b209
7e98f69dea58ddf29148f8d341e72cdd5e07e90b4b2026d2cbdbbef0965a9eae2d
7f384816cda8784df1802cc232cf2cd8c9d294e6b25bf64e240cb2ac02ea2349cd
7a619b85860461a7b57ddbb9a98152b3f0e58c552911c7ee45a1e21d1dee3b5988
7e13d4b65c4eba53b1f4ae1b8803be6c7520adb333f6660f1159953a687416982a
7fc5536cb38c9f5a1c0388b9b25491b439b50b84f4a73a94b3325778e0b7f8e6d4
814f0238199e073bed9a7c5fbcd73de8699b6170a79c47e1757162b131a4e1cbb7
8010dcf8ee46657ef8c1870bfdb697146a5697160104afef846eb78e93bcd1e55e
7bcf2e49a58528107802eb3ba5dacf0a1c9204dabad8f306fe4083f068edd2b978
7f4f6fc41fa6fbaf3654a77065417baee5813c6b541a81321a1fcc56b7e6c36446
7a4c3d2c31343b1ab41ab81a008eed273c147897d920929e2f8d66df902af21325
7b9ff737c1f9471e7d08019c7984a76900e20894475e03d6d39d114a8e383d6360
80102a1ff40c5d63aef24a0db9c8c62047a2a83a959b60da364f0a26096860b97e
7b1d478bd05a9afd3ef4191a73f7c1d43b7139e3e184a3bd23afac46026956cf52
7c94ca818dbf256f7d2460fe44e8ca63ca82bfd7e98fc9c52d48dfe77e4b217d73
7d292b3c4f63c9d0e223c7db3e3502d8394eed02e66df03da50a105d2d832382ed
7a2f137ef94ecf34555634243b1ead1a1189c4497bba083a84f157a64c26d01a8b
80f91bf79ddbd041573f2755aca51a57c3595fd9e587bb1035d8ea74f49f211eef
7c62592d9cb0357460087108d47ef216da51a9da2f123197322ab63619b1a69659
7d83d03ea814c4bc903b3f33f59b80a929fc499b1d85a0bc413cd25034155374f8
7beab1e89659b438570746fe1adf5874701e3a806d7c93e87c3c57557a65d0e9f9
7f0cde8a785106778bba738181de9506620438ea806b1762b7be36783a426c3e22
7c883244880cb5b67d1fa26ec32b2f8c16cb88ea68af89a3339f3c13e1b929562f
7a0b4d39e50d0cc3362a614530029498f91c2c4e5f20c3ea34f793ab9831ac2e87
7deade51d31e058b76227e04a4aa9b06114d47f33bbd8723a6d29d83f751b826d5
7f86defca7e4f1b3466b5fa6a87b1b267cd91c38ab99dce669cc25d68311582d60
7ed06916093a35e47e5789a38ae220dd65cb22f7c49a953f98806bdb1a9f467a57
80f823cb6132bb4673f18f9300e05bdda784695b5c5e5e1b8d4ad383280173d3b1
7c70a7d2d2d9a34759b7427ef7e6500068cd205ee5d8c3bb8db42f57109c01fa86
7ec19cf2917e3a9e78053c90f3a8eb6ef7702b67f091cf52439472076286456526
7b2244ee116a0ca1fac5795c695bf67295ad84c04f718019805535c76932e8f52e
7fb14195ceb0e4cdf59922feb06ef724c0a7335021606adba5d176c042d7c813b1
7e21514174787d86f3b1c487ddf2cb6bd1b523a2a7e9b747afa0282e33e43ca6bb
7ba6fd521f5f37d28dddf5c5628b0dde649ef07e367e28587a9ed78091c45bc1e9
804e0b86efd17551552bbb725fe670d935c6f80d658690f021482d68af6e851e59
81f8cd844168ad4dbe0840b666b5e0a0856988181c850ff62da7fc5abb81305308
7cc393e4f72cad4aa69962c5876634c3c89720f4bdee7420e8a1d6f6a5531c0543
7c94528f58e543d88911a4fd96cd43893f7a5024529f3692670493b3fe68291f7a
7d721f7a8e0486cdcca8a4fd49fb93aa4097155b1957bad9a012b987d581e63521
7a1c2f45be157dee74f9292b2f9c1c34d8c447bedb566423cc24fa4bd94235ae7d
7c037507b67b45272f334aa035c2f6906d82e5e2170cfbed4fc4adce5aa76bc818
8137c3742ebcec5a6dbfc405207d9dc018c5ca5003a08bfe8d81a075850e69f988
7ff63e370af995e33e2f1dda6e4eec51f89c584546fb44c0dab3487356341026e1
7c427188d708354105aa70669d950acc836663a169adda79dfa0851d929435e8a1
7e1619bd84e7ba1f1b8b50221b8316980e6edfabf2788166b2e7be7894e41e93d3
7d8fd366759c5c94cbe36a01c0374d59ac9a8f8d5616413134919236b42d25c0b4
7c65a97c03abf317c6cd071a87aff0d6f19eba2e3677341aa30d5bfcd5cdeb7e20
7e6e283807e23ed3d298dd04a7641232cae6163d19f175362b3bcea69259be9183
7d7dcc90302c14a32fb363e3e4f60f61644f25dbebcaa0ee0644d0feba8fc4a20d
7e99eb6372ce242a5269278b3367466d77df4bce3734f3fefe8d2dc47834cb75c1
7ece04c330b9c44b7402241f6d4798aec1806b8e0aa5ed90a38ca547155c70977d
81f47e39e2bb1e680c1e8d66ab65a507c201ce3df1a7dee67a81354e4ae797f16d
809e9824acc7da5835987e352c17804a38ade95ef08dd2b3898b20873913dc4bea
7c631d0f49c9e3239b213997b199e59aa83279756bf4cb4e6e3595f639b3af1edc
7bbd2cc70fc506215002c39c358ae5a292c40075d0d8d8d801dd85a9e69f0fc4d8
7c378c02503c5305a2d9eb6534e3731ace445d54b19415c8902497a84e08feafee
7ad6500d2eef49691494884848a8b89120aafb3c05286a475741c3e45c462964f5
7c9700966a3483cca7ed2178c06284b2bed51a84512f58bd5879b9d9bfb72d0110
7b545738a29d8f9316197c3d5c6a8eb027c8539034cb18acb4f3e57eacc6b760a9
80692797e87730b14442a9dfc92c38a06a1273d6ecf82f41eead5728879d7bb8f0
7e1659228985d5d706618fc3ab262fd7cb90ea3a10a633bfa89b0d294a9987e6bb
810f1a3a6c21392f460a75e48b1f64d8ec49865930b6fa76c1243373fee22d02c9
812357616c7e835c8eb5604fbd78de45990638d05fc1b8516366fe1cf9a7e5ca2a
7bb561ef1afbbc36317def84ef197c088af15dec1bb5886048dd7a2cc53430f21a
7b4cf184078fcc8a3e7ed0e3665f7936d4830edc5645b2291a78c82e2b9caac4f3
7b98afac2370bf9363d679c66a24b9af83bf0c9f63bc679fde1d186b2f7533e083
7b35b938706af1617e983697d5e1caef7ea2f720984a48919e981eaf552263dd6c
7cca2f4cde108c6cb21d3c18fb8bfbb18b57ca26cc11ac347e87d008df7943fc3e
7c7564845820ca70039b1ed6c9f2cca973790ee978a5b7d50a7c6e6ea2ea55973a
7ac1ab86578e5747e047baf4ca4cd295b0d8ba013ab9a95562a5c1fba8332680e9
805b68d8d22a4719d7318e4433310c2c614b5893dc6d3b1a9b6905f6dc40c993dc
7f3ed2370c021d9b21708ea9308ad244a03bc68221e2647e6db6d5ebbb3e414a6e
80e3593d4dd5592b2d59b34af0a6bdf665349c223936006df9630c71d7b9c3862a
7dd52f197af93354e737895e0d76e5753333697969a5ad578fa40a77167d89fedb
7c3903fb3601c1f4cdb38a36266d4d8b7dfb46860c0a27327e67ade78f25a5511a
7eb0edfa60b43e8b6db7f7fe637536fc1eec1b8694008bf8cfbfc5f18b9d1662f0
81dfee4dfa7b186c5b053a740faa6b48a6f9d0cb5d649a1a37ebbf28c94ca1eac1
7a6de1cff053849ad543be913b338539d5aac6357c9b9796dfbec33dfb9e085256
7c13e130cbe9037a097ba0a35ad4aed7602a6763cf02f60b06e431d3cfb2791d01
7e9bce8af96e08a5d47aa687ac01f14cd19b0217f4489c9e2e6d6b07c5febe3b5c
7e50117bc12be46056ac01b5400df8c2ee7583da366f5e0c7c95a29b47ac167881
80709babf4a8a4544d53e38033265f74461d5a5e4a58eff275cdf613f99fc4c015
7fb016e62c0194ace3e9b577da454b5691e78e434b424ec2ad602282fd5cd1a0bc
7f15fd8835ad672709011d422810c2fe14f0c8eabe5b4dbe87d5add414a5c68068
7a4e81aeb1e9fced8b69f6de3598fe0363bc93530cbd6194d0d39a61ab1f0ee2ef
7ec4f5b5f3491be4c353963184b8f739b2fa4b10295cb7d1507c07bc31f1edcb6c
81031578682222df8abca14fe234431b5fe3d90f238ca61976bd097e906429d668
7ae0ba8298526522cb88dfdd5da9e7266c36e3da7bea6f2a317c13a4273aeae9f6
8138199956ea4c570d8cc0214c1896d2da460d759c5e871f8c8c0f9a18669963a4
7bf22d70e232172fe56ebd11d93a873e89356097c3173bf4a9fb74b9b53e4cfae9
7d646ef667b162e87979b48725d4f5bc4a5448c801c706977864773e49fdd0b74e
7b9c5d958133715c2ddd3bacc07b82d8506b65e8a5693083cfef1fde44fc2065f9
7a9a7af1249dcd9505d40ea842d642eae0f15e9cc2a39c4d6bbdc26a293d8fc5b7
7c189239c9c8267e5c5da2420ea2f26e02e2e34aa27bcbe897650b6b8408dc3e55
7af22e8a7cdcc7992203b66e19d94cc62200dc808d4ef74b7ea99f91324a5753e5
7b9638b3764e06f89649d94469c43c895dd779f0c423e32c50e8b6c2c85137b5b1
7b0acf5c16988102972bb5c93da90e05f0e9d3cf8a72d332c90d70cebd0535ef95
7d483238f591ee9c7cb09675e132e118326ed20cb97e9ce10f66f1dc18a7a0ac20
7aa44a58831dd2917c931ae67576e747ee45903c27b956a8ef94712f5f4fbb3b7e
7fcda491dcd1a795c85e44f395348db65d62e6fba3f43795325de1503842f50ceb
80c3fdf22825f3bac7e066185a36e9c581c600e2fe36832fbc1cea1349779d6526
7b8821f77562ba8cea61f902f5609fd2a546556a831daa8b1bc500208ce7be33ab
7b982c02e29488c7f01e50a3bfded7453a35b14d8b2c42504b9413eef8297dbddd
7f6359465ae0dace605711799851cab1576929c855103dc3d37eb88a4a340354b3
8141bb5793579a1ab6678853be5ac21c2b3179c64615bf1eb3a66730ad007b8731
7b507c1934de92dc3d6910887daf146a2466819ea3fe9f8ca5891ec310761c5e6e
7a6d56d8f09ceae42d09fd13b3b4bf1064e675f5e08eb40c963c3e1383d408460c
7ec08ff24fc7a557a6143ec46283d45b944bad0766ee5360861b05d9a59b22a11c
7a06a0ea6ac368e8f80484bdfa2168019d6593cae4698b1a20b00e66b398eb9ee2
7d825165f9229a90acfb1437f615bfb0b54a227aab527b63305c0b4e6db7f4b533
7f44b340ac1223d1f083aeaa828f56744a45eb7d512307578fc530b6535d6a7e71
7ec9fea04af165586c42567ef42f2cd925fbf7670466901cb4502bec2acff25aae
7d623377ebb44a6570fccff10cc8b5b6df3b8d6bbd1752a994ea386cdeb65f555a
802f2ecdb23af64befd1e543383fe5334db7ce602497d557a32f14a1929472c216
7edc31190f1c6ea200b1d64602de571ded4928a3fb3c236214e9acecfef4a7c61c
7bb71688d2f303a0d7e2c8388249b2ab82b84de93ee7a66d05999c7e7a2c66a44b
7d8fecb522ebc8c8749c6675ac8097a091422e5e7dbbe1e7266545a675e4b607fb
7e7af65647245bca93b162d4b42c1173dbd706511834fa7c4b2834c8b2d6035979
81e97e52ac95130b742f36544b81520cfe611ac225a63cc86aee36095a8d7b7d07
7bd6c0d4e5bc5aeb4cee2b1e285c2ddb88a3978414e6a1aa81f2279ed0324b929d
7bfbf337f03acfe00c4185c6c529bfaf2c8c0f0d308d92608ebd3c079bb652019e
7f4de8142b7b24dfceaec197c49cc6257838efb10167b25ff7118091b730bc88bb
7a00f52350ea197bf2fc453f3f592d7e50a1586e091930e7c45f3a5cc8adede4a0
7d200e56343178bb5dfae05f3403b605ab77140ee031791ae8e411c79189de850c
7d51b679d6e86e9d2a0b654a8d02752173920881bdc0877ab98bc0e7d2eed7a1d3
7acade90e714964ce49c629e7743cb7e4bc863a26546feb714fc881b08c44417e8
812a930e21642ea93fcfeca95dfe6ccb363b8f275da7ba0deb030b5cb227e50986
7f329f5cadaa505ff60bc93358d2e06c6b8d9dfec6c1f6f2ea8689165860094066
7d401004cdd24f8d29c09f64be29b51af23e2701af4ff9334039e94bcbc0c813b9
7e9d77cd78c3b6e685e8a06bd871f8903219ed9f3d867c8b9c8c583b84a0161563
7c05a878e36838329765822f7b08a600737b0fcac6e5ba08d4f114c893a02434ab
7cb67724b4eef4319daad798fac0aff9f4cd719883d3eac5f6930a5194e44d79cd
7f689729c3e58ffae578899d49c42e1344923520ddd7c183547025bdb4bfb9a7cc
80ec9dca0505a613c6ae45373bd27d5f3f6043c5cedbe4fe5104c3d9b4e7ac11ae
808b79eafe80b13efd80c21e8de7992f32e13493ef9338580abe887b65bf3c77f1
7abf83f343caf121bd9bf4267ea2bcb5766c1e26634730dee1788c3bd44359a700
7b5143aa4cce371d350e8a57f4cfe42b04db5a544953502dd7223e4e4be9a1caed
7ddd2492b84c42091e26ab73c6b4cab81c108ada0d7c42157a5030dc90d6adeb06
7d70950b30bf3a98c10b0b24d641775220e7fd9072ea082618337a85600292afdb
7dc0b815c9d1e9849e631bcc94d92762923f3c6bf96dfdfd8f51e466391846efd5
7e8c2e92326663208274b1b0e9e38b9cd89fbfd935fdfd0f44e9e81022f05db4ee
7c30f0224237fbe504fecd860dd127a1605d674a804ccbca4a1e2e7018b6da3139
7b81b06acccb0f9f750d9f2b79ec9720904ea9767cddfec3a3df07672d05a126af
7b434c22f6f253aafe2f2f766869cbfb1f9e4051b158f30dd380bb52487d7e7a23
7ecb2067189c4e954d8ff5633e6f697102b7a096c85ae1200783fe40057cce94df
7ca2c352c4bc8b925a5eb4bcd292c609a17013414017292632a91a74d7fe0f71a8
7a2230bd848315b55648931297de790011b5076277711a3125a46ec7f1d018a581
7afd6ad6bfd9dde2a22ee19062ee176553b488a8351671e91127e8129f600c41e6
7eb7d8bb317cc3e92b26425a8004fe41c02588addfeacb9bf8ee83274554de8f1d
8070fb9c7093c9f655b8d37e0d2e8202f2fedd8bf67de913fde200ee1a6297c885
7f353009342f7ebcf7655786f0cbc7c641c73823fe5e885a34c0b66df017fbd145
7f07fc303a7ef022a95cc9425b617118199e8240da92a065ba5e2d951f5552f231
7b1a711a0cd52415bbd46d6ccce44e6ab2f670ddbb06b466cf121d0ebbec7edd60
7dee4c7695bdee68fe3edd760eb1fea02d0934bbdef2459fa49e699d7aa893b4f7
7b31e18d32fccd04448e6e9874054354ab09b5abfe8d8831ee10b379633c15d18d
81f7b4893367872f3b5ce62d45828416c5bf7e8241e22b6457ad41bef43294e69e
7ee1d96b1cca662c21d14160d5775fa9e594c6c13e964dfce010ccddb980f10829
7a95f393c25b4409e248c67a11e28077377117e139631f88cb8c4715389e9316e4
7c129f5c30fac4800f9c7213c18cb5fe2220d66ec420bb9a37b509bffe029364f4
8049353abcd50f8ec8a195686aeeb69c7680a70d128cfb43a90155437dadc9f07b
811e6c2efb7b85d9a97afee40717bbccfe878de2d351cc1ce6a97b0c26352efee2
7aa665fb86bb650b9a81140172aaa4efe597981d54921cab0f7841fefd0699e35a
7d391e984dcd4f1a317b8008a7ad5d7c2ce0e1ca6ff7c96ca7860290c4d550c350
80111399ac4d545cf1aea641a6a6bf4a490b35a5b165a9465aa0f8166c8b7c3563
810473ec92a0a2274712d393a6f8b52942201d5651904fc8a7538c8f45f23b0364
80ae507d1b741a0dbc18de71fd5dd9e340aaca6640904798bc66af60486cae9d6e
7a1b82ca14cc1431bbf4881f51e0bccbd7b039b05a4295ebc7802b2c05b7967142
7c4e7edceac559cdce56a409fe5a64f6474582f58056ca121a9ceb3fba9bec9b98
7c26c7deab82c707e35d562cef6663bec906de6e8d018e96eb649488ab587cb357
80e8f20407fec816f890ace170f8011804c810995f6afc74643f8020ee740c20f0
7f6596798d1f8cf0bbe45443976d37ae961c394fa61ad33b2ab70bf83d0f23f770
7ddf562591b45bf8b6a61fe151d37c853091c4f82eefc58f88708aa719f773ce29
7e8961fbd533f9d1260eb43eee9a207dca1c9e044136836c60df86efa16185b60b
7a9117f2478ecb4886fcadd07b83cd5adc4a35e2de532d4c11c4b9b6664c51de65
7c9a2ee0ef55cb15b0dda55211ed8fbffd3137a979231351ecdf91fb441e3c141b
812782eb5ed0b6905a083690fa57b03109698399e248145a44f7f2757026a0a7bf
7c67513cca87a3b630c0bb6b1b6bea88b1a1de2a74a622401158339ad94deb273a
7dd1e6b5dbe2df4a6e4610ef7ac3ae8a111c69e55f5bd8eb90f6d2b9c56bf915f4
7ec826049498f42ea9d2eb99db1837a9fb9c7e6c1a758264f9b50a04e27995cb75
7cb7df95474883b2b9b5bcc12599d3eb187b3158373bea150822b238918e462689
7e085610550847fb326de05e65bfbff19f1026cc0415d8108702f47818f56129ed
8062ad112e16632029b468beb14103b20acb5a9a3389f961a6b0d7b3725f82e625
7a45182890d2956a10be8fea346e3036a5ae04ec995cfa50611dfaa98ec97e1e17
7fdb3032a896522eb0b9f69b79849cab29264edd0eec72916344fe96978d7ad5ef
7a08228d40c791335c3f638224d58f1ae6e2d51df07e460ec273ec67b93314454f
7fe91954e31e13161f8b30c76f901033c689c436081f37c4bebf83f80c9000f32a
81b73621eb0e44b286e149b0b4207cb4490801855a32031472d2599a02de6a4b99
7ac84b0036ae41048c3e8c89299ee43ead1ca7794306a706632012f67222311a6a
8080bd044a5bab981a9f712da0c0dbd84fc4cbfd9a47862e8d97bc9962bf87a296
7e4e341c0630d65d59acfe12d8e1d6d0821e7121a3483162ba3bdca7b2e08fb2f0
7ea5d877666ba4a1b6b9a3ea62e1b0f46a532af32e2d90f25d32edfe6087368eac
7d4040ec9d67e6aceccfc8e6228632dba254176b737c16a3525465c1dfc55fe19b
7e479ae810880d6201c98b9fec402b0fa76d5167a72409001b180ef900084189b3
7f3baa58fe1da665e334383f8073ab2f2bdfa1b04b2496a117c1862de743099f02
81338c51b3aa9b3a1a90a7f095e9793ef57575f69230887359b93242e9baa9f4d7
7d27f5d00b11bad16f7a8315e99ffe318285bffc0c37e0393e8c836694057ab846
81810bd72b4d6402e82f1d7353776831269aef3a80b3f70e54a65757608c8c3001
7ada6cf7a5f2bfeefe26a61a63d7d43f9f3de3abf2e73a6ef913b1af7182e8b29c
81c22655198670fbefe8870d116c663aa9eadba0845f87c79fb63264010fd3485f
80fe1e3ced3149f11fcde6e9c183e93a464816b1fb816f0bd3a6a95deedbc0e583
8080fe78e692d36da042bb1c955e0d484d69ce57f34e96b823e99c1244f6e81822
80be9dd2e1fafa516d2390e91c63c77e84a2851859010ba8d1282cb46ccf6b2c41
803644432cc3839813fa6b92b6b907c343103dce848209c2183222c5b575aec348
7e77ac37eedfa57e9f61a58c5ffcb34778cd48f1c142016836445b6d6ec6c9a13f
7a8181030508506067e890cae6fd61682bebfd066a1457692ff22136d0865a2c4a
80b181b84fd820e31b0e64876d3656493a3bbcf3200f6deee4a5e14ae66e871687
7c7e3d8bf01fdb0fdee5f5850a4aa1e6735e05f04b77c205a681639aecef24188e
7f9579213b6658a5a91dd7c5a03be511639bcdb33bad1fb41687b01db17895f580
81374b09f13d56de10f8540b157b36e024bdf231110c60580311c464cec0804378
7ccd1f279296df6bc8fc818e5e1675a5b2de1da20e01f2646e7e553bc2ed2667fe
8106956c7ca2aeb61b3bda38926eabefe977a851478e3b975d4ae701e9c5fd96d7
7d2dc0199ee646f8403334438b4cc6fc5228a10883e485d0c74a18e0b21a0ec8d5
7cea756fd764158793e5464ee889e7de9abef38e0385066b0b52b7b10df5ec98dc
7d533c925120ab99093d463c55b6193a98f49346b65c2ea375d9b54c56b1548b69
7f44d58fd851b4c810b2a39e87c7b9dda7105877e847e2d975c31bc38195a7a09f
8170058a72d89a52d6004c0cc5467d630cc88cd2527808a868d141330324a9eadb
80d0601d4ae5983a3b306111e80cd5fb88b61751276b980447db1f6ec2a18e92c4
7d3f0372208fb5310084f026958867d6033a2580ebd185f3e35b4a4b6d41d37ee9
816b9fa81e7d9be4e879438d3440ebd25743a330c3fe89da937865486e1060af08
7d7338b2876071c0bfbf01b31470fbd59e5fac7e2b19693f4643c646e29f690ee2
7d7287a91f781dc9c6a716ed8be4a99f9849881af1e8e26b6a0a4e6f86ae80fecb
81d820a22cd5897c5757f1323cb622278317e91ace66af492a779c2d089aa41c7e
80af11225f3176da660430f1b932f0353dc3d6747961853824c88dfd9f0a3c6105
7c42e479e510c7ce1af9fb87e25f7d2a874aa172dc834e4a4890248ef3eda6db92
7b997a47d7e2841aed14f88f3214b2bfbf71af50bf499e338a389de280b2ea8600
7af8c1838e27746aa4e945054642e30d73fc68115defacbc8bd6a8f22196dd1a55
7b598c72e5330b3c7e50a3f07e5de9cf200cb489b20527eaa3fafa091eec1579c8
809d35a97d8299ea9766b8edc4f50643212383e612a4d3a084f2b83a0ef9ec3258
7ef2fd0de22688da1b6d53e7be8e25b77d724be169be3295e6241f1b3f8e39297c
7f1da5c0e50e90e12a9f5fa7c1607eb1e6f32fb8a4649e114f7abe721d4404b6e6
7e128573c6274afb6141448686003fd04fa049789d7a4896d5cd6d3f4182494edd
8076f5fabd1146123035543105f3f96956558ed96f18dea4e0129e4d55e166542f
7f110d51ad133505e5af4e29b30c8d07efec7988ef4f60831f278dc1fad26dd8b7
8138c38cc7ca84ecc0804032e67c65205ed328511bdcefc336ad9f8f4c8459cfca
7dc30c0bfc6ebf2697a0183073b92fad1852a2de81604bc3b9031c04c25e3376f0
7a6f7e50b68f5f2e0f9ca91a26e6f60da2b7ced81c8d6bb0e9b1b349dff0de22df
7e80f03ff9946887c1f2f560c247b1761267ad038bb5ce323954d5431366268b76
7bc2cea9f03e5f2b2b94ed33ebd37c50ab346e0b7d11701fe280534a651840c4f2
7eeb22c84a4dd6c44a5e5e05aa6d2659b798db4dc6ccb8191a648ad2a381266233
7ffeee1beed484c1466707bc0f3e2782ed6a1a283ba8603f7d38269273925bb9ad
7e4eb015c4b81a23b045c5fe913c75b212deb06b404239aa2367cc9562aeb05f19
7afe47f0cb066ffcea1b79331e980ca3c8455f597226867e0de220ade77628a7a6
7edd3f48c046868525c9bc25a6e32d1eccb699ec48db8a4719ab620eb8ce582650
80cda65dd7d939a376d338a8a7275854d15953483305e0c975d9a24bfec5f92cf4
8068c2746aa370ce5c033da0b9fa3e2ea4a9d5405531a9c49f4a4aa42a745390b2
7e80815b8f384afd1ada5e4873c63bf647db6cbc1f3f0cec63d819cfe10ac94473
7ab6bc067b333920081d497dc0a50c70ad9a854a4415f46841cdd64bf2403630d0
7e7be7057e0a367e6788fc906acb4fb62bcfb6ad2dc50768e5750afe99a2561e17
7e1c9d43e25a19f69f69f5f9b44481324866f4054c71164c23e31a68c522e2c984
819d58e38e3dccbd7e74e2a27b1dc185de28643b78f21cd3b12c948df3186f0e3f
806ca17ee4ac5f056e6087a0d41f7287f7ec0f822a0c007e6d919e62b48246550d
7db57b0bfa9531d14ab683c5cf270c04307e22f46c607c2537230906bcc09be5a4
7d442c1597c7f4eae87a0cedd73513d3e3f0d3dfaae54562acb1cb492a36fc5716
7a10421bce85567126636d5241f4bc2a8a9014fd5d630a637c8935b2a73d72eef8
7bab5a2ee39dc1724c83a63557834e5a38681e720ffcbfcc60c1a9c7aeec9990ce
7cc366c9e71f6221cd66cf0d686432f4922d5a472fd38c9ac81a6dc359db672c9d
7cc9cca163c1ae1d70361a9da31bd3e709d4407ec9eb08fb253342745e9b5ce067
7fc51ebcad268fd86e33d1f724236af0a1fdec05fb9a229348625362b1c4221d80
7ca0704389f923c20e5dbdd9cfce838314777af327cc930f8da578c6457642828f
7cb35204a3cdd5a5454169dd15c7f50bea06217e9bc02964f070e786ac0538f62d
80db411b8d79786e2bc6cc6cc1d876c8a451664b817c73ad40fa8ff63115a0dd4f
80518bb667757ebc109260960ca76b51d054793815019947c011cd932f2c74c63f
803f2a6ed5c6a8d6d49fef49fc1b25e5b58d5db31856211e819c50de23ef5c0b33
7c009ab5c384d92f173f35fdb3adce1f322d0397f29222c7aa674507ee1b636867
8020b269bccc851f1ec8bc200d870da5946f611539ed6caa941c7b0174da5c555a
7a22c92ca7c6f0f60d7000831f668d6df5731bd562b3dda4ce7403086c5b970748
7d70462cdae37b2cb5f58f3c2e88d7af30ac448edd23b9b6c24058338603988cd3
80812f0f4c274c8ac999bc756840ae6892f80dcb97792260d224f9eaa3e682cb0f
7ec75595ee782e8c68e99c7d3f9d092e5d414786139b768c32d554ee391af34ca9
806b9231495246fe986a9e856f2408ba75761f339d2ef22aa3532173b0de0cd476
7f764e21cdea60f2f16c54fd3937153e8aab9b58055f6c4336941f44526da6d2c9
7d3aa3d2b0234321f2ae5e4db037c8bc8c55b5affecf27978cf7800a0489cdde27
7cdeeba7feb26cdfb6de49bd60517777754e146b003a95102233cb76000f861948
7b11bdb8e3f61045bd04cfd2ca9cdc139fa0649e102749a2f7a1c1e6cc982453ed
7b5f22eac1b4290fddc87e2d361ecc1677b1d0625a54d026ca34126d7844f88047
7def7b5fb1b99cf58c84f129a466730c06df64956a15a3ede533f4ba224d2c7445
7d689a28278f85243420b7c75646a157b94ded472efcecbd9a909c5f9835d58af2
814647a3b14b24e0a9811666546a1c571662814715aaa46440e5400211ae475459
7ea8115e98a5db66cca6d4e90e5c6eb7953d4855d706173d3cd43ecd2b7a3c8871
7b93023af92fc25d52a9eccd3d5f55fc38147ac1b75fbb5f5b6df681dbb4ba8d7b
7efdb29ae1121d902bf23eb9aaac2e055ec8ce8137cee4aa7c1fbfce7c4b6acea8
7e5fa473e79d85737d279474994f80e07e5d35be89b77245b2bf8ebc855a90a7ef
7e1b97fe330c8e36a04e063a2149517e9ea130a45698ea54eaef4f038372b7112d
7c8044f1a39a8a7a3d6fba17bfb4dffe724b2ca04904a05bd4c0d3d56bbad90835
809f83c3c2dda7022b9f2963ada25356fd94d0e5e92e630eb9b5b9b72eb8052130
7baa205ddbe1786b7010924a3621b97d62a08bc1b55ad58427b6423cf0f03abdad
81ce70c4389bd056d438e67eaaa48f9775b185ca65f5aa12aeebcf917e315c970a
81e5767a80deeaccb549df2773109d09d80a767216bb6bd81886d0d19f0b670189
7d74a9889b35e65f83116267a2ce026a45e7dd2e01ab4d37885b393cae9735a6e8
7ff5c0b4887bf02f2ddb2f2d9a02c09b7938c7813084d0c88baf3c56387b8c4e8a
814fa77921d2e99cbe76f066fea0dab9193196164e452bfaa30f6c46c31e91a333
803c2fedaaad79648b7bc81b0915153651bb6f4eb8d990d57aed12b797fe0f3178
7bfda5ae830c2b87b7f8361a0d61476ec8bf3762701ea2b9760311307e8d8e1605
7fd1b6bf188e607e25570e530c9c4684fc057ca6d463dea6e8345a3cc09b146190
7c125020e471616959f2cfcef319a9f24ec75e1dbdfb780b8ea9d54529a635aae1
7b4cd06875fd61e9bed819a9eb907efb8ce470c475c0d874a7300a04a581200013
7d7680c56d2ca3043db42c798f9790efeb19975916fd3a245eab5f822eb412a690
7d4e75acb16c6dcc7ec4621797485088fcd5a5dffb3f05a47b7eb2cd8eafcfcab5
7f9d6bf38594f0805aae9d5674aff67e49241ad316d45b5902fef7a8e5e3126bf2
7efa3fadfccdc83eebbdd9c9198c2e8032fd2b899845d822d4d2af42369904859d
7e4046c0db2968e1eea42747181150a21b4504638573eb74b18394058bf429326b
7f7313f04e3c2d587c9524a46e6154565037761532ae8443f7fbf53f3f1652733e
80db84f78bf9d0c88c0c25886597cefe0d3a21893a17b4783a294b2a8dc7ac4096
7f9e732e5d086e9b9445482f0fb26aa27e14ef0a636475330c213cead499263355
7b2c9fe1f51580fe511fb15bfebd976fdcec689f78ee8d03825fbbee28d6d7e22e
816cbb122f6ec06bb631feafe289933288825f1498fdcab5b3b694cf453e07f876
7fcd541657ac46b620f8469397b2ee67219c64a4b4bf193f70d0da7d68b72f01d7
7ce3abb547410ffd153979d1541f86bd825ab23183bc43d27a814687a0c1c42786
7d78ee24ad31aa65da1ae7cc6ced98e3c0b410a87c8cdbc97cf79a4ddac5f4415e
7e093e9989c02e21a55f15dbb663ac5a2463bd553435d2040654c20406ba6373a3
7e472786db40b96769987e94246579f0328475af0b09348c6d7a4bba8e25f934e7
7ff46b7e72b7ed9426aa1978a9fa2da0bf2decb489bcda0021f2bcfcb55403a379
7e48948806904ce07d93d31b0dc58d335cbd61724108b784496b7e0f1acb5873c0
7c8085ce4bf7eec5fca7463e25b3dfeee99d831cd12780720d97df4754a94b1de1
7db9638954a6f7c108918e95b7f190ece2a605520a81923a755b2740bfb55785ed
80d8d2be6391ad0af814fcdf56f6c650f9ca904d4a03cdd611af750f99ac9b9bbb
7c696d6345ad1b6834558864e273f49e9c4480616eddf6c44b7648d04b4b4d180f
7f32f4c807021bc8d863d31e8bd5c8c289afa396de0b1b2bf573fe7aa71dba19dc
81e92cfa7401960d8d92ce5c2fdde4a66063a7fd3ba1abe514e2a0819e331c309c
7a204fd33218ec8799c63e6e8c247e6efb5db58e47e1323590fe2182e77a013c61
815df465eb7c5530a66b807d2668c2d5a879a85fda930a99f98bd095cd56ccb53d
7dd9e7625daaf7cdc9cea3fefd4f23a7217ed337e55f0a912b5f1156126abaa52d
81a301bb2011794b912e9daa6c0e034f00bd83b4e3c7692e45457229abd965d5a8
7dd9465cb12a034c6bb0265614f58082400c52d82cfb51ba871daf4031e4d1b98b
7b661e7c7efe3893bca7254c4796911fa8dc316b28a0269f8c3809c6bf1c7dc83a
7de135ae8fead07c9edbe293ae74ad89587e9555b34bcccf2d8902c412c41f0ce7
80226f09fd984ed0ee7ddb2c5ecd89890fb5b817b760d79855307cf37c95802fa5
7a57c79917fac51892b115e9a7b73d413d7a9ea04d6ba79b5f27e7bd7e7bd0f83a
7d916139b7d26ddfc2b574e6c714ea87d6710ab3c71c6cbbd3a0aaedd3c7c1ef55
7bd1f319af8cf94403b8fef0561cf6e7a28d22cb111c1b0376fb23928c969001ac
7af3540cc5457712272530225c66e54744148c321c96a6084338e757ce27d5da5b
7db84748af236bc0a116dc725750f36a39ca3b4312e643c7ab0aaa40bbc317bfb4
7d536fec96771fd716010b07a9c017677c43fec6addb0f6a803fc532d5e08b9788
7a6af3495b3bdfe077d652838125ed2ebb27a377efef2dca9d26e9658ab6b0dbe7
7b9c6bc58d59f885487aaa74e220a71eb5298ab4a522ecd48a607b30504e08abf1
7b957e03235992eb66faf07db298b34e696ca42365af0a29efa06098b4ee7e8b4c
81fe23d64d6f68fc4f900c0ec3c9e7c4fbf49c4ba670993e1a6ada4961dc3643cc
7ac1c6f15d27957daf764b2639509b5587382a7d6c07a619080c03b8e4b7487d9e
7b9d89733da4a7d16ea48e0762ad865d3761fd842a021348bc055aee8fbf62f320
7ca84c14abb7d933488a5cbfeb3775dc9ee5d64dbb707501f328827b26ac4d3f5e
8071f6bdd799fe81d0f7883587030e08d85222a8c079fc773dcf2acab8282011a5
7b776ce2acefb481bbb95c1b87adf3751f605a1c295fd2e4e97b2345d47ebd31e3
7aee7974fa52bf171aa51c32e209486acdae425916786d5b458e722d1ce9ddcb2d
7ff2902648c53e6eb6b52eeb64ea6d8740c28b87014010c9a366355b0ebc62b426
7b521599899a3f66328a93bda7e54ba5dc6ac178cf3a3230c447b97e0abf4c88db
8101b65b87e93809adcdf7bc156411713178066952fa14ec6919ef3f45c6062ef5
80c829187c8e60cf611951e68d37397ef24cde06e8e50ba2774066a09253dc1250
7f9c5d664b81bc3021881d740d191b6d408876e60280ab62122591c15b498c56de
7bcbfecdaad97ed35329c0904c9337b2cc0aece240089c0d0d3a385a095af46250
7edaacd0d3d6028966b9834e2f3dcc3860c15e93f1c0e2e059021ec5edd34eac25
7fcbfe37a64290f29067f9a52698fb6bbe44e06889773bd4cf31fb69242e049629
7b5c4cc2574735d339e342417e3f8f9282f3ab93db9dcc343da2353f307cba4159
7df0e68c5928ab0aa30a63df66cd516570405961c4b5ecb2abc2f20cee08763387
7a02475b28d619bac9131892642febcb2190e9eaddc53fede3db78fb90226f6475
7f1c038e55502e6683d8be2ab0c73fbb7cc322c6b78b8c1fe39d3ae0cd36957518
8017e6b6f3ea80847423b8fedfe73a87eb4d7063ed91da0ada87c8029589704be3
7ebe8e2b355ae9fdf515f27676e32e88e3900b7001628e5e08e6a6bf190de81ddb
7ff3ee0d18995e0efdd12f7de81a19c72b3f961a439621a24fd95d404ceede987a
7f6938242c3a8bbb8469dd4cf48c5b1addedad4bddc95f5669c5e7ee249c217b1d
7cf88dca1be8429078b5d8b5520061f8ee19912fa61ad1bc5121a47e386c89815c
7b78a10d8102eb8e21d98c5fe894af971b3165930747afae7987bfc35b17a8eb10
7ba9ad8c70d4bcbfd0d0fed4f2935b4f56fbca4f5f4574e71239cf66c4ef993075
81386a02808aa6650ebafcbb34c09206aa7eb1a32952b3df074640e65fc2bc48e8
7ff4bbdc1d6a8da2b47c85ad20468c3616868726b59f81ba8c5410f54bf53cbfb6
7fcd8f3398b7a21d7131d2a2639e7286d3f2e4434407d936b7b870cb1371012854
7c54f6c0ed97f1cda37a8358518f088681ea0750fb86dda54a36fbcb0945055b5b
7c73abacf986951e59cbef294d64c1f5a58cb9a260a1c5b1ec796316c35c0ae4ce
7dc2846ea0071c8cb16165279b63f05d37d1d17e81384e2deb97cdb8adf714b9ea
7b3f4edbbd8ff3a1f9dd2d1a37371aec55b2cd2d916afe1ca46918fec37c8c4d51
8110bf80a0d5a0f7d0cee29387b7327e0a1a7b6acf044e99b8878ed31b216997a8
7b9483fefeed013e55e4e6bb5b1be9613b2212bb43cdc5d24fbb8c22a644d3523c
7b8dcaca233bed1da37c240f2e2917c2f0370c9aa610e56694a6fa7d0f0f450cec
7a81019d620beaf4967774d9b0497d0068f2aa1d134601e1e8653c813111aeb82c
80cdd83f8b782eaf96d7a034f1e06e542898ab512c4a84098d9f1ba88337f262f8
7ed8cea7c303681e29cf19e1d86bfc6d184f4ea6870e2e068b5177f0ceb8d1b0f7
80bbdb477ba2024b5ad2460f140aa2ef83ce7cba8ba6c80521f0e57e9435d3666c
7ef8304e45dcf5fce4e01762813fd8e5a1ed5848f36d1606b0070e328e69654fba
7faba367209d219b100dc704205bac63f7eb422315c15da74cad085b858379cd00
7e04aa17bb13f5b38481056adaee03b2b0c5fb4b3a2178530bf144c8e4078583be
7aa2f416c082f520b8c6e1202f14c0e47efe4a5ac8d8ad77583c841b11fc195fc1
7ac55469791c6c43593c57048c95b0f5229eca6750c0baa196d6a8f369ea30da5b
7c609d636bd5ef7ec25a9ccc36911a87c94153c6f65e6fbc76083fe3c0c0514eea
7d3d84450905f1575514cffefa3a55cd176b8250ddf993a1475f48141033205503
7ea2bfbedf5960839e5e6b6d1d9d25beb7d754242dac2f8daa3324f0340e1ebed1
7a8a24195361b5c6500eb06c4b5f37478ea076358bf91e8eb26ff5a3ed14af11d5
7cd1ba6f9bca156c5809c2986a82420d3eb9f5a6fa0539faf6b69d02b10d808134
7e32dc5f08304f696874c32eb307825dfeaf62e76b8ccf26e4e3b9fae59533a447
7c9db8e3a22d1002b16d872f7beda5e33749a50efb38cbb2a2ab71d719366ec1db
7d33f5402c80dcb83d96af80e2cdb172cef83739262fe8eecc669a8d92be615dc5
8018881d327e34bbccb9abc53e8c65217c5d0a9af5ca94e2bc3ec56cf918630301
7e72407d5e4920f1f3d281109c9078dfc5d23060a7062ef6dbf09d312848dd2930
819b1fcb7ccfd8b0b6d4f5157614e8f554a9660d283995d95f0c5b50e2186b73e5
81c78b045b70bb3784d33b15dfc9ea54470fb6e5a096fe0a9a34875965815bb9ce
7cd41aef87db4c66946b9b23ddd472f872c1be3d87eff780b5bfd1d4cefafe4d6e
7a8ec4d821d6b3c5ba3906b03c43d10d0684b07e6c500c1253902d416686684867
81444aef13cc6d622564a59e9f896662daa2047689f348cdc469416caec33b91c2
7b026626ede59b1e20918515502679812f53e823154d0bc3830584a2e463e1ee1e
7b0fd64c0eeb02fc4c04552369eb84cbbf8b2344fef97c9478292bcb16a64fe97e
7f75afc87a89f934c4b9211737e139bbc6bcf31bfb60f626c9393eeb0a611873f5
7f31e54746cbeee186cc2f11c902349259b2e378e58487d984da99a43925cd1b59
7e86bc31bc4c6f63a46be49766342d15fe18c43b440c9e2b5bf138e1448b14a5fe
7c386120171beb0b34b6a6e3e017b2d4509b006eee13da3ed21dea74d1c34253ce
81bad4d0183844a7d2492e2e6c6e8edcb02869c1f564ad0a8245895594dc7e6a96
7aaa27f2adde9363e98b437c6c72ecd2d1ec572fc5bf7efb3022da5dd64610c2a5
7e775394e7f472e8b2c2a82e1b739a54876ec193adfefb62da549ddeabe0233177
7f57df8d378d5c1507e26c479bad11419e6cdfa720c539fd7a6fbfece124cbb7b0
7e5f0df34c79fed707883da12c207b54c2ee66a8880ff7732df139c591f9ed9885
7b6fae57c6ce6cab2136da0d5bdbdcc1978b077a4a325480591bf96df2ab0f0a6c
8057835d676625b77b30313336a64ef739b0fdec4f90d8bd2dcc1f1b1a54caa536
7a5b2f2e9fa7df0ae561305ad55ddcb7bea9b19d324d9b9b080fe26bfc0c5924c7
7acd75c163a20c3d51368504b5c3968f2f824289c7c455261ba76cbd5a8e296a7a
7ec0ca56724f637e929af81ee08a535ffe09224afbdd441d44879f55eed854a989
7ea58f44c6f27e544ec22178f440a2b260123f7eb03044495f0b1ce367c26c097e
7e662a5ff0a927b4cf6e23562c8a71c89b04cfebf470b205b6968e5943b7a9f4b0
7e9ff93c2ea79a9f31dccbd4b85b776d29886a4c92249e1a610bf278d6bb2f660f
7adc826ab00ab7c69da034614b2f10eca2851a357462dc9b3a37e7e80c8eae16c8
7a3bba697460c9d265490a945974b3b638d476edd98d1373c994b24ebc38dccfb7
7e254830e91d488da0b92dcbbc2ddf6eb2b78c06a526dd9ebe3fa82c9ae7750f95
80bdd9fe910a360b77eeb80a1668f5d8d0c15aee20e270c784a2166423ecf4ba1b
7a866e83c66606f332034e37964d79c3cc76593e0f00dba63c0d434a31ad7e211f
7e38eea055a322cdbc38e3f35be358e8ceb31eac0aad352a1642f8f68dc0895eea
7c69f4f67e11cc675515327b65064da721f8598f933870f30efdeda9c3e64729b4
7bfeeb8d834c626d20715cf525c163f6bddf0290b434bb6b34671eb8a1de951f26
80406d2a85dd8d0afcac7eaeee6e4e69dee0896656f39ffe1c33ec0250c2b4709d
7d458ab0cdfdfe11b0eff291fde0f641af106b734aa6032bcd81453cbc6e77c633
7ae8d01a4ce9a8efb9c1ab90a9cbc2ce6692597748b51bb02279d6d4156ce7328f
7d68cf6504b372339b6de8902351ee3722d1378d09198d0b433cdf134387dd83e5
7bbae3aa19f9e6185db274b909f371835437584bacd4361f3ddbed4c0c9d5c288f
7cb82134e9fb96a78de4bbf3e4997a358bae3992c4cfe8215c63959f11e92720c8
7dcf78febfad2a19fd870726de8e30489e6783d61d83f2eee5e9108be004052ab6
7b4a9d18b03819157e13bfaf47c33a3f210c37e5d7ea240986d7df4fdb531586e1
7d379b729ceb2aa8b757ed9b78b373fab2bfbf9dbe33c7b007115095fe20ad740a
7e6ec626fc2135efab613f20584533c8e9d6dfec46aa3a03d55e775baaeb13f054
810a8b91ea42b09d2173b66cbff2733ed3aa8defa57ee541753be16cc15ed9fb1a
7cc85ee710ef22146da1e9727b64d89afe7afef0ae88de31bc998f552dee6deda7
7cdee281defe5c0ff156b9bd0cd540bed43063be1f881decf6c88134148b707ead
7d94b9f841f8b578ac5e9a7e60b517fcb4b858fe1941a841592cd743f56778be8f
7bd4f3c339de2994312589cb8adaa01829de0aa9717558f22928f5ef93099ba47e
7bd369f7ab0e7963ebba00aa5dfec75a1ec004311cdfddf81c0072bb261c771c6c
7fb8368683232297b625f65f7ca9d7b8b74c97eae03d8e2a5af3da2a614f84e6a3
7cdd1dcc8323547cc597701a236d1778721f97861595c5feb12c8b60f73d8c1e22
7deccefdb18286aa97f7e1b5b87ba0ab947790e1ac72a01dedbf0334bfbff9b6df
7bc2ea649ed1415bd395ada5e24d7d1f931476fc6591cfc043c9253e3da06a2c39
7b823f1bed300e748e6fab2caa8bf312101a6f81df2f6ecccb5936c170a8452768
803715be8eb2c84b222675139ecf0991aee02856bbc3e7b4354f2578bee7411a0f
7edd75c21ed66d8696791373572579893afbecaf1c3d3e3ff79fe302a6c60c98ab
7fc1f08dcb00ed60bae8087972f9a66f510847d117b985a6754f70598cd8506f0c
7a1fdbea0cbb45f98bfbcc35a459c4dc489bf80e231656dea94f8b3f3583f33433
7f13a4ce8b50917061631c7e04b6810a03d3712c6fca2357f6a6a6d8d602820908
81dc6970cfd19acac62c13fb3718700f1d9a8771222c50c78a447ec8962840c2cb
813c8172580703d95f608ec72403006369a76c678866c53d16984b111842360c97
7ef97a6a0ec03cfede161abe11a610b4d2b1e52c97fe65795c365b92d9c5788018
7d81c31acbf04accfddc854dccdc81c4484c6f689b0010c1b2102410f2408f01d4
81f1da2e2dc68e44711ac5600abe7634738f404793131d54927afdae2e5ddee2db
7e8c36d92b6ea3cd188fd48513c9b821fdf2570ca5fbc707395228276a8e2f1a32
8130daa4e11a1c556c827202500ca4537e2bf263ca877024b7d86efae59a36ded4
7fb5bf2640c05fc8622da172b90cadb0714a011501bcee5f9c3afa50fad192f2cb
80bb6ead0111ef13b8daf82a9462422d43748685e401b520a4added4904af495e6
7ac6471db23cb5683a4efeb12147b81e88763a6384574e02f7d7ec4770cecc7659
7f27a5e70057da489f1591bc8aeddebc4cda6e51327b56faad9aaddf4de031e8f9
7b67986197406fdedf8277a44a2ca8a1c00ac64256ba7a256ab816046d50003bae
7cc3b006cc1fb1259ea308ac267d55cd73be7af4e600db37081b4c3d94072b7312
7f8d67fd6500bcb5fe3a8b5c474ccce166359919f45864f659c9bb8bd7fc81629e
81a795eae153857016ad4e5a42b21c97788dec8e4902fcc7cdb3f1e3fa4ba07d0c
7f595813f0fe0eeafbef4518d4b08c719eaddda5dc7dd40881423659cd7e4fe1ed
7db65e8c04b5b562614d8ce200cca86b1fcdc4c610acf7873dd896f9db5fa7818d
7adc9e6dde4a025c48b494c933e79a3be27d7798daba1f38d78b15b8f341608d52
7f769a5d3399b2c6adfb0492d9ce6fdf37ce513f2582985e1d8dd5a370d19ca52e
81c0d23a9ef8119dbedb51cf5ec1cf4fa60a1d0fe54abceb2873eacf9b04cad2f2
7e0bf5c71a6ddf99e80683f9767b5dc3ef96dec2fa0a69189b24f3ee214fb3a0f4
7ca332613ba3f5be8b8e4822cda88ba606ac31aa2ce13c2a003b6ef58c9e809136
7b6ddae9baecef30255b774a04d535966f0f1b5ae98d4d88ad096b9bd541eeb197
813a141187012781b41a0c65fc0db0102491faf1e6173f0593e159359ad33ae083
7dc38be2a998f225ee763eeed120d91a512eb07be5dfb4e5b463d57ce9f329ad8f
7b5d8ef0807a172a16daf68449f9fb3a525d9fab37f3c46f32ca743c5cb685add0
7d8b9d755243684a36b18b12a000182d79493a25177941997c19657a2451b07d29
80a32c0ca7c71eaeb7d75eb3f3820b2e2fd3e292439460a32ca63e760db3841d77
7c6dafd30e8c38601597bfcabb2bb6e46518e20741ea0c58ce8f55a7a552118437
801ee97e8a3a7d7043f6227acfaf50b66360e867394c837186699ea68e1228eade
7f4b817e9147a33ebb27f85f5f6066a76fccf498fc801c85d1c3fe0b4f55059100
7a4f5df268d25acd2971536a55d20f4a2a80251f96e72a25e501b8b583f40c91c1
7e106dd97b460ec0a153204b5a177e8246166e5ee1e0ce3358646ddd2d42acb4de
812c22a0914591f30669ae2114028f16a7193023cb5b970ee6e6a25e4ec8cfb080
7ebe9ee8a6c4d602cb26f3fa157b986d93c7e0d18257b48b5b06aba62bd2cf49c2
7c8fbeacd74b0ea292ca5bdadb33b369d8442529bdcedceae487dc4fe5edd62d1f
7f3ffee751ec189f750768a156fe86a61312b34569a6b267c9063571ca601e8030
8124e128234c90ba62ba31b91cd925e19507d30a8a4efe65a119271cf971e7ca79
7d51e2953520d94815f279ce1e1da761233ca52fc43dd070e2ce1268b3d16e6161
7a13b8e6966040913285113ab0eb2c8ce4716dc93300d4fb28379771bd606cb361
7d8da41a79cd8d36426a45c23630dc5c9946b8f1e9cc9e669071d6ea07bf376699
7d8e856d8906337a308f2d2eba3c6460ef75293a2ee8cc0fd1cb3a9323d26df220
7d733372c2ed6b1d5d6f93a22bdc35a71fbfd611fecd00e8b4a440656793d3bb3e
80b4d81062f73ab5213b1629ce2706fd578cca916c40a30f361cd1dba0e234238a
7a75f60a60883e9dd3f430200a19d31a77f0ed70fac19c4cc3090bfab662ee712b
80c62abd865813e9d5351dc18194814c26b3f5194dfdb8fd9baec61fe5c702ee92
7a5e8d26d0fc1e96bea7964a577173fc35f3c8639f87960ae1d5b4779124681c19
7bf9f092c9cc2adadff82a26c7b233a1663573b9eeb1347e18bbd2984fc5f6c8c6
7ef16bcbb3229bcb2bdeba88367c529e18779d785ee98ed4dfb3c410aac8eec3c8
7d264e0728ec93949b066f44eeeb64ec809b44a87d36a59cfe079ec05e68128ee1
7e8f24e9bae0505f22eb43fe714817a887b044f7a20b5784c41c4996c7fba2f258
80176ecea8199ef54b90a3fa11242d585d1e6608dba38bebae2a24e8eb296053ca
7efd4dd23b145e95bc4fd5896a7ef114778f6582195a8b31bf53db42fb86ebbe3f
7ac7a535d325d6f0ce7b5dd3e2b8e69ebb2c96b46112f533a6f3b4f797554641bf
7f15f93f00fe7c156ae9ba76408990fd8c0aec45ec15a3f4471529fd6e70d9b8e0
7b8305aa4179cefeaf98a5dc4c6bde942ef9c93e35ccd524108cc00a55fe1b9f18
7a5a9a215542a7c4fd439e9c2de61d8142f1b5158606e71ccbf04ea4fd1862f805
7a65e1838ca3add7cc5f6bc1e66461ce35c4bedb104a94dfc7f881eebb31972c8e
80ed66cf918ecd160c624ec1fe160f1ba8abb6b027dc6cadd1f2ce8e6504773070
7c78585b2e03e262c115c3dea1f4d07e5e282b745478d561c461b640fb879b0b3d
7a742ede81d940925b5f776c48388965afc2a6080cf98dbdd3fdd33f0281df5ce5
7d83a4cb18d9a8070f3372fbf1b332fb6ccab5c138bf1de0c22e715998d0a52759
7a3ea0fddd2d4687800f29023a598377bf654860c4175502ca6f393ea5bd4d90d0
7be03c5aefaf8b9939e2188b561f8ae31e6f7551142584a9acf0cf99a055146423
817951a888267e5545fe068b8ca777b582a2f16b7a8bb115aeb878aba776c5e432
7bcb97c754bc3f34c62d9eb18f084469b3bc5f429405bcd2853d0b16db148e57f2
7c8d4a98baf26a9aa0d593732e4c1a735f98b0609c67d952a41863b1fd53028212
8011755b55843abe79227181ec529b0e3098b9d22ef4e1cb3cd1ed3c4f25e3571d
7b4b2064e8768b2c3a3f9fb61bd2cca292f6e56c876e27692a5d4dd641899e1f7e
7f152a6b8cc4d194fb3f69b131c90702b2fe8f3b589996eb6f0bed781e86d10556
7bf093314fe4252d2f99f67e82cae0d0b7abeef0ec9896c337ab49995ab32a1fe8
7c4775b40b4d7c61a04f4c2758049eed8f2a237c9f65c9d626d9c05e78e3eb2b1c
7f82a32b05b186c81ecf0148575b0488ba8515cb86c602cdcf9c4a5429d158490f
8199cfd61a3c3c85854db13c06fa1dc676578da7d70aa2739d95b0b4452532d35f
7bd99a4ebbcde97685ab156d98030f8d7d678ef0ce9588e97b21dd4de697366e17
7c37930aaef8bb1822968ea3f6888881a50f84b01d9346b23e37b77a25bbfcb526
81829ff97d601748bdef43b25e587acc266d7cdee2566130a175687e8c5d06636d
817dc8555fed0f4dc9bba4e244d8221c961c1b7e9f9485aa71fb16e747617636a3
8170f0c483fbb4f536bbeecb163a30bd3e9eddf9acc5da641a3f06858f1043941e
7b8329d8692931d9d72c2e6f08d48fcdf473e9cce07e8683bcc42e449fccd8feb9
7b2c4d5fde04bd741a14b08a8e2a9eb2c8c23d5cfe30fc4e22329b5f4f64fd0a63
7ded250b9fe66a608fe7e4f010f797c310cdbde4c8dfdc68aa3ce756e596e504c7
7b3258f467760c47bc72c10f56cc4ae34528035efc869514dc33159cfb6f62e1da
7d5c27e93e86c76d2e9abefd84e371cb9f0ec33e421762fda70725f420ec717ec1
81684abea83054c6fa8023e40341c0e3d54a9d41301a1a2ffa14d0fe982f72be2b
7b05977382a0e214757e54ddb8961abd868259261d418fe07312bf3dbafb61c0a5
7da81622656e2392a11ed088dc91a54561d9189fa6ae908e5b3cdd8db81a7d2ff3
81016e7af7f6fe6b424b1a977d9f0cd2622f14ca1a975c1f54d69928b38546b9c8
806ecc50bfb4eb5d134bcbec2bba8d53723af942e7a5250749265d66844a408988
7b5276fec1fdd3956379add659286c8518130788653b130debe88f097daa2c9f50
7ac30cfe2d5c1c034ca3e29641d0506b0515398908191269df5be86a048054c054
7c1a5b94b15041487c304254d8f98ecfa18b49275a8ba45128cac5aa6800e0bbb8
7a528161d8191901eb85cbe0236c07ccad55ccd756e4234e596401d8bd2fe36a60
7fc991e3480263452d430867f8d91fcb2a8e8cfeced762c57e398223e2d169d5f3
7da9a4a232e95aeaa4ce4dbc3b7155a05e3322c7cb5c8bc1c3f3a1837ef0c4874b
7c705e2c1c7a6bb6cf2d71630406b6e54f09c52cecf4f32a73b7b7f90c0177f530
80634ed550a2b4c76d34e0ed878d308726c3b8ee956381f050421d1810b413e30b
7b814bc95f8b66ed789443ae3be3447d5ee138715bbce0030ced2f1ccea9b496db
7ead68b47380dbe63616410d3db11c487a6ead0599d94be3f39629b8cf0494b235
8166dfbecd52f641d7a33b04b6a4bea19489e21316aee0f740a8a8d4a5b59902bb
7b24fc63b2d3f5350dd70e766530d0a377fe2b63af40ec4ce519c67e0cf9b562d4
7ea1f345a1ba66c884129eb737ade237598c70620b5e9d576e03291e94171bf9a6
7c9851ad718e25e188853e881183089884ae58424f1bf4d7a2ebb285b641086799
8055a1a27523208c5ac60d79dd4a8bc1be47b2b1c9c081bcecf42f9325d14831a9
7d9ecdc2f4242f722755614b890f3fbeb11c6b4d38b60fe62d963d32549ff8f5b7
7db8f64c929932cb20d776ba2f7b22942d0d022641dca6cdae0276de77c09b7bb3
7a850ef9c8843cc485a584989b5f8c595e7195eede4a8c34ab6ea231f564a12584
7b6238a58fe5f8034c34c0a533b240b88b1ef623d3b00f6b520f446040583e4c80
7dcd63752128046d311090fee503314142024ffbe52f9f86763e9a09e0d1acf7bf
7cceb1b2d2a19949d808197d6780e392bafbd79ea702a24a48b60f98b43531060f
7b071a937477640902e1156f9a19e3c4e00a8f48c6ea33e46e377ec067da896e6f
7ea815e63d51a27cb0eaa965890650700fa1da23fd304f9fe8aca36958a3a4e1aa
8017ae3145bc5d0707f285ccc6b713ba0d01f141838f925a33b4e7e49dc9ada03a
7b2c273fe3eb290d0478e5fd3232596521019cc9d884550c5088f0d10a0fea5a2f
7d8f8f08b98aee8ca2e54f1cf87eee43006518579fe77e8d91699ec2f9a258e7c9
7a2a7deed5d5dd2fc165a124e2528b9215977125808c43d142882cd5582f448fec
7c005e2474005eb30df92b6d630e4b0788703d1c7e719fb6db72d974449b859b09
81b09a7e5b8b6efcc2d7247cd9be7232a31904898661b3e5da919b2f3687f301c4
818edbc01661c71e9118ef677ebcfe7cc9b55cd5e9d67d60144befb3197ae94078
7c8bee06e1f24ad886cd220384302f913886f1effa8374dd0768a1e1fb5d10929e
7e27d2560974abf1ce75f49c802b7e7c1a02895d141f0c5b00513635f6794211fb
81136bf1230125213f695cdc8d0448693c5caa5eea0dbfba7a4bcdb61cee7e533c
81783b8e6f9115b4e43798f07a3281e59bc59cf60c072beadefa3cc34a90e28a54
7b67d6084d28e8b99059e85ad15af3ea85ca533ef42ce2df8bef4cc176822cb150
7d1f25db2dc6dafe8dca42317bdc77a104696a65dda6cc183ba046c3b1d1b11d4c
7a9d3e00dc99a2894433320173634fa08bf870aeab1a647a3aa9dce8faeb750b7b
7ffb9af4048c6afe1b9d3b6ec11df43880122be4e063dcf4dffd4b50fbc7d1dd1c
8081576ab429875f417a2ee4a28745871e4b5e5cf77d05ae6877e9cf735db8732a
7bfebcdeee9f99d1cbe5960fc2915ff6d7a0c9d201ddd88ff95ec8bf56760823fe
7e06060cec8242359c1c12622772ca376c0f892310d5674d4a56b6856ca9ec6354
7e221d469ad07908a84dec0045e1abc1be494a525b63d2528212effa44e749b434
7ff809b964a17de37dadef7c81729f01f665e51f1ea5ca3ee1e6ba71fd8baef9cc
7d97e2a5ba5c3ef9f770a1d22ef69687158125b1a70e38d0b9f7feccb32dafd705
7c38915f5a7b0b0e0c0f96f34b97b4b885fe18717a95b6bbb9969a680468664083
7e98090bd3aeaed8a4e40cf259e5fda6340fb1f5ca0d68b091ed5eac06a4f0361e
7c298228939d24f17c72bbaf1d79893e1fbf2413018b683d12eebaee941ada3f1b
7eec7ae212f5f034594c1eb5e3f3f040c9fae5f670591e2efe6e63f177585be80e
7e58d5e9445844d5b2b4bd7eb4dd6c57cb1af413eaa977dfc1832d550bad090128
7b65c2764d09fe16946a0ba183fd4763a2572f4f0cb78a9df9d1889918af6fbbf7
817939dbe67df1280930c480293b023301d13e8edf87b9e35330d3e68226ba85eb
809701fafc23a8ea291878644d3962832281488ff8d7dd793840e1faf2450a7920
7f0771956d55194cb83b6baf24346f98d11fc8ab3ab31ace29765a63ca18b41d7c
80833784952a2375457e48b7024468bdb3b2c479ed384e78f4c0f14c86da2a1cf4
7cf3ee64d1e4b06920af7920f3736032ea6e4078eac4e10c40a9e35e1411086dab
7f60a9c5d561927095bdfd7d3154145310b173aa4ca1776811c18a00d6318215e2
7c63dd060a6993d30a6d364b0cfd7c41caeeb0060d4358ee03e4160487a5def6bc
7b2d2facb54d1067f7ee9132b208eb2914724608a200fe1178a1b1e47db50721ec
817a73f80b1d95a89e52d3b37d10b5af4791f161cf54e4a081e73efc93bd665e03
7b06daebef48361ce4f671305dd07ac9539b6f1e07780500deb574fa699e139f6e
7fe549745c8d8a57127e6b9703c6f59774dd027e9d55adb5e6f24d11f0e662dc1b
7ec3bc8bcec0b1e447d5e6609aef2aebe2904be892bc0b187e14db4dcb13c8fe9a
7fa9569f48f4591d4b08a63a27566a9dfb5f72bd5b7e2d24142308525c3a563c00
8022e6e55592c004457dec5b3fa6c61fc04de5e9d56f9dd28b6b5c2b1069b9e719
7d7814a6c9992844b9d5a4552d29e2f7e0d43b7709e0cd88b09573fdd612c54706
819c8dbc28f09bac3302bb6de96f3ae6241242fa9233f372292b3d8ff7f99365dc
7db7c06d63fb45c12253243ea590a9ba5b1c79eae5882f243e21ccc27611c53201
809fbd8f639c27f2dd4445f38ee937167b6371942e729accd4c577a9c39fb288b5
7c4267accdf7aaeaf7cbc9b405678d95f976fb3d40ec2069e0726f5a52ddbcd151
80ac899adbf524df2178d2c7e430d28831b66a9dbb272823a5f8ebc1e7f20c24c6
7ec7921419952c0a97ca9fc6177a94bfaaae25ecfa38018d607a6463bb74473e92
7ec09ab0c3e5bb087e54b04b27039ef540003f53562474da98e8f643bf90521e07
7f3c5b9efadc8ff1d6e22f97f11df4f318e9efbba2b044ef4bd45a2ca9de3d21e0
7c6560d8b38ba390aa3f65441af20af5758597193c4c694035b33a112ed91a9163
7f2cfd241f453b103bda68df7be09e38c66f1cafc8bca8ad45bbe22edbe5d1a8d7
7b5f41a0c5776b8591e1b0bab88af71b9f52bcdffd3fa1bc043bc48dc4efe60cf9
814c548ea120c1fc0059bb93fce8c50cce7521a6c279cb8457259245c4f309dd30
7e62482b2cdd46d34e3214f9cb13ae4c29a3ec6368429542a5a49ceacbd43c7e41
80cf642809fec6b7e3e774dce2147d42662176dd4d0e6241490a5adaab53c3d8e1
7f00819d669afbfd96043459a5bd4ad282446857f02de30a5f8bb1eab762cf6d7c
818e2440f3adf5f7dafe271f3702c42f4dbfacf36f742202d7a46687e704d2ac8b
7c06edc8b0b1b450db3d88f1f71996febd611688f27db14cd3f02c73f7e3617d4e
7f5ccf0308c9c8e6095136934a322d99c56a8f70b0a9a26e78fe95644f178f3c6a
7c3c00b6712eba627178dd736fab158736c9f9daddc0a018b0936e20d951f4e654
7f9387f450afa3d92d9fcdd55da6bf6228987e31090cf5bdadc47e01c4e72c9111
7bb2f86363e9eb2dd20408489035c30f8ce6ce6fbda0a43ddb3a768d300005af0c
7f234428d37213496ca13fdb530150c39f61d18b9c334f90d98d10ae05ada6f07d
81c1845641f3e3d1509d7653311bf6503082f64c131499f6b664f28bce15e69dca
80e59f8e001986ab464faa133f7d3cfb1c09ba5126644610405915e03a9548a897
7e2a7d15db9230059a0bc453c2091c0e1d74146ae7979d4dae34b9c10d87f4b655
7f0848d74ec83312708df95e18b4f1452ceaea6aba09939f8f08082777e58381cb
7b8d7184df994becdbd8c104b181f11e9770b618b592715b73ef218492b5df905d
80c8bbd5a818beba35eefe60f464cd186d64f43966ccbf92955fb1645224998095
7afec70ebb8f9d97acb46539e12ce35a3ece71cad27b9349870e546c01959320be
7ce6808d32d9c2587250a12ce05f5f741c222a6419dff1a79d156f4824a7d08bf3
7d9c34a19bf9e8cf9374fb0fbac4095a3fbaf4bfd531f42b7a56bf531a36f42ea5
802ca632a256a1e4b9d16d791748533d25231eaf75251a8438c7a796df3c6dea51
80483b7d239c9e16cf687200cfc228fdde410e77ade5c1d8400559a8f5e362992d
7df4ba132a73f0216820b480f72e4dc7af6567cb797ba6d504010ea2faccdcea9f
7fbde1c5d8ad7873941805db1f78d1e7a6454a8664f6d2709bafcbfda0f1fc149e
7d45ef33c71431eeb4b17e2a205d75c3affc9f31934e1262a71f6bcac6b965f4f6
7d1ba37b35c9b4f566d60b4318043aaab03a3c8693ddbcf82043f539377755b248
7be014409bd1b614a0307e2e81fb50b3fa356a613aeaf40cd52089141c6820f4ba
80a2769cc63a69648f7756205959818f905a066d4a15f4c7fa6bf1b8aeabf7d1db
7e6b5d03d045b522a0fb352ae227591042872c0d51806cbd0820bd5b13248e71c1
81e9cd3cd80c2dd7e5eb40668bbdad318499224bb373df4977711ecd460e6dbe43
7abec81ac7046c1e7ce660c74ece295d0b56092c9f6bf1f5fd0518ee96f0d104ed
7f4dddc20f4cdcd24c5aa1249dc9595d7a5c2079f25241aafdd697e6862cf96c17
7a50eec3a22cb4479f515f4095534f0bc43b57cabbabc755698bf3668b6b906d53
7bc2a89ddf7111d8be2c109f4f0b31a87e23f5fe7d3f9a45c9bc81fab016d49eb9
7a3eaabc7e18ecc964090b3c5b9d72179caaeec86c52114fcd8a7e93525a64a04f
7ec9dcf8b7b550b7d6cbb9b7a0852abdc6e40383f335200f02b67a35a21dbf8070
7f8c045df82ee6e81b3d8a0cf0cc63808e836776765dc3bbb5c6e77c7350b34154
81fee8686859bea40f8ebf4337f7fe68e755257504bf96f6c00a64e110f06e5d77
7d8a5ed346a909a323716f83a874fc751b5c7ad493d033ee6a08d62509c77a8fe6
7b9abd1d56321be4384004375f27aae7c0960a4ee21c49adaea1a7e887df124070
7d6d7126c05b519e435e240addf4b75f2431a3d58a8f32bff383fe7af8fae032f0
811b21ccc867c1ca805a76510757d67c7b5b6d07bea2f59d6a4207e6c6a3b18bef
7d8f81aa7190d4c4314d0ff8f14e5f5f0350ac6e29a12b530158e65a4e00bc0464
7e6c7b0872089dc531a58bebb529c50b688967a3da195f1ae171441067383a592f
7a9c54755ceafe5fdf11fd52ecd54de2c88d3b2f33ee39b2094b8dfe382c8037f0
813d6cfe53429d415978de6fee23f0f79e83cf9c7db8e16176f72948d1d788251c
7d2bd8e8a7872b93940147b6e1a20c1e84cf43df35f6b636005280e9868df131b9
812221115dcad4956b7e4483034ad94833e8e85a718c33c74966597243cb029290
7d68183153ccfe1bb40d2bf76a65982cb1afb05ab170a35d802a7e36813078f536
7df041c3c9fbac60b6cd0c9866e0eda71dfd009c0d65d5af129ee949a6c39381d4
7ff2d7028888c2e2adaa8c2aae5b6b9d09c811b683b0242b1dc65553b63503e5b3
7d5770dfeefc9234b2fe949c2c1f483871557aa3a1eb2237ddde0033bf36fcbc81
7e4a1134f22008825da35cd7934e70af51de3b4af7f4de74bee481589a3aeafe49
7ec3518a1a80885eca071725227ee44fb87350fae32464368518efbb4bdfdeb6da
7fcba52ffe5c4146c21f200a26661523c7c340c5a174d26b3dd74783d81d0f1f06
7d8d596c107c88a7c954450620aefdec9446913fc8a216438d44b883792829069c
80dd95f7da0648dfb7e3e9c9d85248716ec5d236e4b3439a175719164a9c880d8b
7c3fd40b60c9e6e6f880e03d927d5bad33b4b769ea0b1726c719691edc7ef3fdbb
80feda07b9b04f81a36c99dd7b562218b29e47a30e8f7e478f1e86e2f0d378e632
8121ae5396e09a37385f0337abc289d137afd25dfe922186b901179fc60556631d
81adb3623dc93b7a3b39253b37df96fddb760f644b6a6150b5de54bff8405588d3
80d4aad158807749faba3c6fcb56cd6e3e2b26cd60fbcabc6be55521938f6eccdf
81d83c3372d5193e2677b3236a8e74d3151dbfdc91ca19cc26925782062dc3f2a9
81dcbda323fe01d4e83388cc397e87aec7e72da6d6c1c310b35017b6ef1cf53249
7dd861ebc8a4f28ff6397ec62e9ecadd6b65b47c322eee78fec77e8835c1e11a21
7d666ad4e86da7c9c4f959ed1f8c94a7c6abae6300e5b9821d60e1ccc3fe17b1d7
7cb0e8ccafc7c19efc1a952bc0271a200361aea91d4cf9ad010fe4402bd6c41d4a
7cb45c1d5592bf411a93ba21a287c3f1d6bf90080dddb746c52f6624c465165efe
80048b451dbdac5feb8e00540b7efb5944f88bf28eb3b4b9a06f80b610a09ffe21
81098807f8a7e16299099d442ecc4365cc75fce70de02dd57157065fd278861c46
81c93789cf70168ec4f152f4b35ac80771c9ab50ea8a1a1fca2cbd3b84b8a27479
7f261e2dd613dcab7d26add6d174dac6185ac9438ab6be994888071c27d7191378
7a75438b5136903d7da306318d3054774777aa9dbd462c8d05d761cf3088dba902
7eb4b532ae072f21775b8e93c8dcfdab211188af7a392edaf4c97a42b84dda4974
7f6b658e2225a1f55d01b5fa302d0d5cc2b47391c3768f22d1a489b4211227716b
7a10fa946cd5c6e1285e20975c80ea614358450c738034518204d9cc9153cbae68
7de05b0b78825e51f6100b6edfb0c3729e7b8c30812e79607b1744212942f3b971
7ef4c9ac08a3bc02a78aeb6c2d1d0003ed908e9ab4436a92fc44273d1a35f4da2e
80910608b679e55a1bee77234f3f1ec2fadc574ee9b167d4e454d3a71110f9fa6f
81cf040154df228080a9905498e579412a68f664cde64f325267d06c913ead39b3
7b141abf9453be4c96c2d2cc09702f032159cb82aec2dee04d5d757d8cf9d7275b
7c03dcd4ad7e6c2e1c9f9ed716945af18a496e444faf5441a004e3f14e51a987da
7f3b0a7ec04eb6db99ecd19c005127ad1330ec3850aa3fecccec26f189f89fec2e
7adcba74fce98d64669e4af78b1a34d1d4804ea243c44d5471a40cd4d6867291b8
7e569e268086e24f8b7bac06740ce4958efaf944bcde506f0d6ba00f390734a245
7d9709a3ab6cec71474bcf467439e012b4cbc346a173915641c4b9866222a17d97
7ab2a6b7346c4b6b5fabb2c87ec2a89223c3c3a47ee7d0b27a7dc1db56dfc0635b
7daefe64654fc5dc020fdfeb03505fcf15c89836be9cdbf3611126ecb20589e389
81610fda83c7884502b8258059618e4a66ce50a3d64f0a91f959ab8777df21768d
7abb90bfc6016cd5dc1c684590e570ed972458c9cfc227cfd49a0f8aac2367b1fa
7aa1a90c048bf500ef5a8df82371f6819e81fad03e8d667efaa88b228b0691e375
802ef943f130990ad497cff857d9554b4db14539f27de63360223688cec8bde73e
7afb43a1943a1f100a82a199ecda3c3adb47f9dc6609b697ce4ceb3f1fef6caefe
7f4369a5b98f2e71731a067dfedf9d13a1445f42bb85e63fd7258671725214c120
7fb9fd8f0daaa326dc5cde7ee46ef4e6e4b751ea195cd1b333f55603aac43a47cc
7c2fe0107cdbd486cdf749804308d39c8e6f16147274a43f73985278426b08b040
7fbf573ee0545848de2b35dae236de7567e2bd8e919575def37cfe2220b4118eaa
8033f040e85ac78da56b078829a193c91ebfb61d5f04fb0bba80f8ebc2336d7ca9
7cb28dab65521fdafde6584a451e8db5207bd187aee60980380eac3b0a2ece8a6e
7d03da38062d403248e667a31f6a9a747ec264e2df14d67a77d2002cf8a82ada05
80d73d02ec0233bf03796fb69b68dd02f9218dd654aaa3022cd48cd7fcdac6b50f
7d8d2c274f21a8424e65c8ad91d320d5652f5a6b6553b2eb66e61fa19b6a19c314
7f5ca4239107115c70a4acf9d0f779b8333211c943ad428d04cfa08cd6b0502097
81ce8639b5d7cbdd1d763304857117b57ec196947eb060de24050ec12f38eed08d
7dc8b010e3166bc0b591c32c5e9c025061bdd916f64820995e55a198c6256caf4e
7fcf3c31467edf4af0d89acb269acdf818811f1a330b76a159f599637153d03be4
7c91b32eb015b7877da3f4a11706d4a9ea5acb4d1aab24aa9de566e3345078e259
7c21e2406e203b8eba39cb702d31ee0cc90f4cfb7c881c5dd045ec9bde82f72f32
7ba183eb987d4a392c1c95e7e22175d9c44fe0c2e3f943e87e46e6a5e3dc1b205b
7aab1950bddce62912d988a1229366191d7e2e1f4cc844ea3ddcf43f9c889fa26d
7d70b3ed6ef6323c8b9786624d85786473e5dad311f733ebecbbfee1a6129c2539
7e637b0a6592a4c8b2c6c9f8f21a8557057c64c415c1db558eafd3ac244b80679f
8183adf85d77b0da2fa816c227fb05f65f6863c6ea8317acf0b0fde8e7f4e42f0b
7ca982d0d397108fe97a5233d2b8aa969c8008032f9ca32450ead82a134c2a7edf
8053dda97efc866214f957d545f2a46f07e40cd71cbb659202d92ba9a0fe140ea6
7de4476c0eb145e0dbab85fccddbf619583a30483995200d45a4ad8c927c3eeab8
7c689201e5798a0d6e0404d1e7eb5d4b202ad2d1da253b0da78892f19891b7fe50
807760f813e242b0ec93a99351f5f449ee33bf85299c02591324c5650033f64003
7c8c3d1846e03d4ffeabf805bb600bcded7b9a431c043b5e6b5efbc678048957bb
7d664d34850b6b2d88e30544eff1d8747a347c9a71bbb092f3589ca245348624cf
7da284db318ecdca8ccdcab285634eea3122269b9c4cdce61948ee9913e3f03dc8
7e1b6584534bb95fc43439901f4baab933707c6e18cf46f120c3869748e23bccd6
7e20db017e2545c47ed2fb10e56a2c178b1093aa185069fcdd578f55e8670be9df
7da5692599e56b4aec43902b4262511c1f31d8c16bcca04c85682b8fa0617240ee
7e28502d4d9a524bfbd8d0f48687ee4ee21c6ddf344075374b489472575d219fab
7e0f2306543663488731e5b25f8625579fc46addc9fe0e840f508375df0b43c0d5
7e5b047e8af663ed274ddcd27b6c78538a07bbbe3249b4c6bcfcf7f8d19bc9a80d
7fca1b26fe8a0e82f3a934b46a9fb5e95c565c3ece0034b50451b4efb9671c7e1f
7b06fe3e4eae72a3587817758c70e86345847ea66950e21d89e2bc94e072cbc76b
81e860f7682caa6e4f312c89e756af1e2f4a0420b68e903598c359c00ce752d273
7b19787ecc4f9fa80c87347d288907440243515926864ff6f07b095f57171f2185
7c053d36bb3f67f432eb1e07fcf2ca2d6616217e9d71ba3fae9c241819a60db006
7f493043c15f32a18cf89894e316cc59d18c653823884831270a6354063f0cd5fc
8039bbb6014ef261ec83f0d9ec96cbaafe92256bbf70a91c602e30e621c1bc8fcb
7b1772a6979307bafc35c57d1c6a5c806611599970dc098a2d8d67abf87a1302f9
7e35202ba77184fedc17b0b2214d2bc6f4201de56517a8144935c73a33423179c8
7bd7a10a5afd95ddd1603b0e09f7964ad60b37d51b064ee9ee0271e432aadec7f9
7b1960643a7dcb1d22b696b51f3c5ec824c83cdcef6049348614cf6a4d964b46b6
7c1ded4f71bf2e53253c70126444c4448d071d137c8495fbbdf1ec53b79d11d990
7d22446844c8d336be3a7371e43934335aa75709b92412bc946c617efd1312f092
80af5b4e2b74fda89f248c6a87250f5e012f32e745919f7b31c786dbe37cb3d85c
7a047cca873534956fdc4545fa8b4e1f689cc6970c54d1bea845a091c216884f7c
7f5b577137f995689cf8450bc98f04b5c2587b0c82d30255e3bde0d1aa3b336a2f
7a019085ad971cdd27aa501302a82d19f1926c930992c772b27239056e9bfa31dd
812dc3e4b0377c10fcd9f1e7e68c3bd3fc1a7a51103a11a517af73924a0ff69546
7a7e3eb2280dc27945a9741c725c0975aa817ee9f09e386acaa98939d85240e1ad
80d926d8b0c691611295a6a62959534f7376b64dc096c5ce0f5b864f5d4b074a54
7bf617e6582ad475fa79aa00ccca7d4848092567659632210499109949d628b2a8
7dc7a2521666e1ddd42147e32c75d4453d55e56379b4edcfc294bf651325acc126
7e095e905b1267b80a78afc2d13bd92cdba746d3363ed0432d159d2edea55d46e6
7b6d6f43cddf265df0faae07547b7ce79adccd187b50350d6a6457c1d99ec02d86
7c2bc80e53f4b7e35b0ca5c4d9e1728136392edaae74676d0334e5be09b71e2215
810fb3e2a11dc9dae7de6cd862d8fe8166f008cb77e41494c9d481c9be79a3be45
7dab6c9896d0e4505c4dee6646271e2b51e0303c55052299893fda11be2417bc2c
7c7274fec1980d67845005994298348d0c78224ad9dea8541e6903a28f04e01c56
7efe5ad787c088948391087bf29c9fef0832877d82267b2c4472a565b109aaba17
7f6b5551478e170ec8648bd8762a43a1eac7d875ec275a03b9c44791a3c0a7366a
803de61f55a7eef426017ca84c7b11f406ca14a15b225d89161b911e92cc0d3b47
7b0ce81c46198e8c016185d02189503c50aca1627d7a5319a0c25c22789409821b
7ce96dc2470f251d1143e59b254cb87c747e044db36457672602fb00bcfa6017a3
7f48d07e2a336ea896db76adb050f876c1fd286fc0d4c9f2c0452cb7d1de37ced1
7f7e5bb75aae9cef9b017abb9fc77724b7eede553abd33662b948660b1fe689fa3
7b5ef5b1c123904ab37585f7397d2953f32a62d20596d82def3639c6ca2f49a14f
81e655dedf4707a882251afd049a0c9a65e9701a5a0657bdd86f4d4c69bae58eaf
7a3b12f1f4fb7cfd3e07126fc217107e7091cf9396807022d95ba83540d2c62bd8
7e2be68142bc51f1a6d1844f0dc1b7f1a20a5663dd76fc9f48e7ef08062f6f44cc
804e7d3801cd9c1a1ff5c607a028cfdbb08bec5811a86cbe84be9572b33dd55143
7bd897279ef834621872a67d2a62b7885053ac3684c3ab06ec18256226488c53d9
7a58611a5bde777a01d3189276a5beba23259b6997960b28bbd8b092c7071ca904
7b0eb6e6f8b57edb01a6cfdfda8e18b611ecf75772a4fb8b8a2027243c00c44ce3
7b370137c010aa26f1ec0514c211b9d5594e6cd38a6d59edc126d69eee38680296
7fc9f32825566296e3949040ae2f342c5d4f05ba0709cc7eb86ce859e2c70d8cd5
7b996c956816df82a1d73b060ddc1aa1e397cc12257208498da84045c72dcb4883
7ef587dec3b8cb76d0e54154bffd7533c2c8529f66610afeaa46388c0b748099ec
7b2e16002590467cbc61220c6a3e7e777ce655f94c7e56e45bd0f76cd74eb107fc
7e97f851e84f2ee278df4a8441156f2f9b6dc4cf7a75d8c23ece312ada08f9d980
7ed1fe98559d65605b2f7446b2564c91a1d057c87a52d8e62d42c1516f1fe597d7
7bbb88d82fdfdbce2b50c7941c5d4ac9c34409535ed78ba7b2f2106df17cf4b9ef
7bcb3f0ebafba34ecdf36b87fce6e3b29ecf5670e88633cd83128a3932942d5bc8
7d7d5ac1b820021285297364c0ca14c1fef63dc0dab886ec3c00ce0b8e1ca5d622
80ccb7ada73c2b868a5a84199ad23a9c32b21b9ba91d8c2f26e918f2f33ce0eb18
7ef6898b9b0e6e7b9c404d476d10654de3c1d2a8220e18cb043e2fea139e0da822
7dc67355bda824f75a727df1f3b7d3aa3a7e50af0e9cc10c6f137098aa96d96107
7f4509468f0a1e1bb5842e012d7b1bdad581b8130590c8d4299ac699179fc038cc
7eae9d0c4ce60d8d901be1b7c5f660988c3c6845f36281cf7586b696542bc46afe
806c2764ced3fcaf6c336139480f5871fc23977b35c5f615f9f077596552e309df
808c659cdc805a81a18bb0b7f31e8396ec12677b965418e7b63977e6ea61851a5a
7fa798a0c798c3166e7c3b90cc79e8ba5058ece90d8814288c926f78ee067b4cfc
7dce591121c6cc8205ac79d11d37115f42a2630c06e5e81b6e69a6d92f04c9d572
7cc4eee6c1837dbf314bc71739fa04730c6394cd414a6bb873b2d21389db5b7429
7aa3dbaefab481cf00b1419af880c329185a1e8c620596531b9f527e7abce6d8d5
7f63724fdddc37fbcf21ce499c390f097376b4378074293deb90177777caa89398
7adbfc28a63c5fe2601a6718ba0d2c7554c1dc73103a4bb0b629f22ced8157571d
809ddc52e9b8ab2d269363be5c04c19b40a69d9a1ccb2ec5086e805f7a76fb066e
80a1cb45c0e0770ef4eb0ba494448b9bfa8d61af2b28fa43c71f10aa27f7f8e2a5
7be0721cdfde55d8a457d0e8420b3a737d887235759fb68cbcd85c1d8531df0f77
7f3cee57f5efb4a16b7e32c22bfe7ef86451cafb46686a7dbd69be5496976f85df
7d1250db1b1fcab5528e5575d2e5ba98f9730f04c1ac1f8c594ffc0d088a22c33f
7a43904fe5fe542dcc9420600b69223b9936830d30d81bbc85a883b37054004698
8009f6b14195fef7626677b1732d7026b9aa3e52f3510b948a799a351f9d86b089
7d0ff13db8bdabdd19b4a0324732863d94a6a03465e1297a2f76eb72df9f7cce21
7b7eb257868f2a71fcc19eb81d5f25527ea1b286e5cb99f7025df4ef1b45a6589f
81f51fa5321d249a24c590b5a7c6c33178768f32aaa563aa36b6ca85cc6088a756
812fce2ac8463b8d99aeadc6d128638fa49295aa27a570cab9b453ed9790288a3d
7d4de6fa264e14885ce5498da2b672e462bd907e6dd0c9e7c47a0b394c09bf503b
81dd89a1073d8f7e9e4ec15bb3c80dc0d4d82f59b017c620b138184e775b51e65b
7df436b0fbdb7a15bce789a9c5cc8b38bafd1342f055ae60c96051220936964627
7faa76fc604349ddf9e849cb106e7e1ae3ec5449cba7874d15b8ef5e61e9e975de
7b0a8f4fa4944247bebaaa3d4a5ef558b9b1e46d43b77e97ec314830c3cc8acd78
8122a6add13bcfae3169ef1fc934c557219222e09e36ea8fa975f6dc56ee4f2635
7e570ddb3de1a54ee52ed38894ed7dab1a185faa1961347a39a76bc11b211c63ac
7e4c8dc172562d32134557bfee19a4fdf8fa83c4a3cae76f8a21cc1ba99152b404
7a0f4a86bd2f36b564ad54e2fd0aa2532c37f9228b6c50bbd1c5bccb59c67d37f4
806d83cd56ab5369c21d205182771f4a896898143a361536d7877706a844b582d2
7d9541675e59ebe5db93da27fa301e11458fad6d5f8d6c6f9a213cb554b03bbe77
7fcf9f1696ddc56019d3429fa82628b248c8060076b7ea4349ab5003952277ad18
7e558b000599c161ac37f9033c24d17ee639170da2cdb74af7035c690f1fc2d914
7a3727c6c11f24a2eac911914e7b463a7dea5de788dc213ee3e4a631c173d339f6
7f0616cf8f45fe244f4ac223ad173b9780b43d6e4c70dc57631326116e93cf819a
7cfe4c133a6478c709c78b3ca0b06a21c0b671ab91f2a3286b818ae248a73491a8
7c3b2ce1014a25b022f8c81fbdf43ed7cd2e7e34d7dce0a2368a248f197a4032e4
7dcf83416f0797e31cc7110ac400b2848536b2f92bc23958fdcab5c070409d00e4
7c9433034a3595183d1ce5c98b2448ad71950407122d336cd30778f60cbf66b0d8
7a856d0e8db08f7eaf9a79de7ca58cc947c8409b05fbcdaf7b502edcd654b206cf
80605ed31ec7c81881802907134c3a66e1f9e9b0835dce37cc690ff060b1c531c8
7abd8b7d28a439c3820d684ed48e96c84c17d1182356b50f3a53a4e6dd794ff690
7d63092c0e922b3df4c689bec26535c73dbf48ad7a69576f19385f9df317337bb7
7d880c70697dba96f562742970f82ef87b251a361bb80a38ad950720bc683e7a85
804c62c19d1294f3f01c502cc5562e5c2bcc300325964fbcf0deb963fe5ecc24ce
7cbd9d17f1f5ae99d22d89f35faa9da924e72e78b0347cec793471e117d19d8208
7afba4102e65342fa475b812ead30b7a7871a636c294d8988546fe8c3cc4222036
7f0a3f04d96a31427ea7d9b96a9e30455a85b69b359601f8e82d0604e5126dce59
7adc969fc74ac4cf78763ac7c4fd5e80c351f0c0ce1d99f631906afa8f4c4269d5
7b33608ff10989dd9486ed293d04a3b9f01a8efe7e0016840225eec8dd8214681a
7d61784958e2b94669ba08a9528c6aa538c1a27341829e7365e17359effda62028
7c936a3dd4a36070d4328c4e42224ca1fc3a7c5c4ef278035ebd436afc45403247
81d1764a74f5e5c49f2010b99943f6f1ec4d5ac3724dd04cc23c27362ddba32fd8
816088cbe28efe528eb084a308ec35d1e3180f53f3eac21256916198bc4d85a8d0
8111e82e62a7dea9b0bc45005496a634ea5d86dfc643590eee5f2fdaf65c511292
801a80dfa7d73e8c1e1bb43e651445d99509537da5da0c26613b029d42a4cf4d28
7bfd839eca5c599b6835ead7c197218c299d64f4b9770c42059bb2359db0e71b38
807b8863284ea0591d83721a43fe05b0ad2b3a3b9936e4dce55e9f96735c32f029
7a537d0a05918a1a3bfc305a8c4dc867441315fa7998d022edb95af2a1a6cb5eb0
7a43b1f67cda05fcc7ac65fef844b8f6be28c90ae867776f4465413e8a05894d8c
7c5cfb93b0edfd82f0fd15be860a54665105c7d11e406c9401eaa49ff7b6f17bce
7c2afe8108425e0b981ec4661eb2d5a9080277794f6d2e1e2cd0828360b222f785
7d3eb22459147cd1283f692ec49afe769c98fdb31e2e3e5abdcee64c98ad1e7c45
7c7a085b9ede36113344fcc03e65f80ab0155641659f3b5a3c4be4d4dc3276d530
7ba79993ee12d51b0684628bceafb33571ae64ad6d52951d8245a81f7b96384649
800307d83ee3e176b8b9d8e28092d3f4e1f1166efcddfd76104d7e538c7349f69a
7ffa663bcad4fcf060e70c0436e3bf982b25b179f3b46f69b824d1334a693a1d83
81503950cfcab4db5369f3e7b260d34282539dedec6c6f14c0215ed943d08ecf44
7ad567de5e9e7573cfd015addccf897229542d3530349a329c0a466ddc9385401d
80757472d6b29a4a538dc1ce795bf9fa10d19fb36b0a86fc6c9da0fe27be2a3a5c
7c38d8672ff7df15cf0b620716680d44b0658d8cfee3e1e02dbffd2b93a3e3cdf5
806f5bd09b02a1b0ccf28fb388c9d56dbe5c9751cce540ad3f22fa82fd489a520a
7a632032490d645b9cbea4570db13555e4fe3ff1bd27faf9bba17b12a1c5811c55
7ac5f566f82945bf92cc1b78cdd9eb4c782b995b5884fdc46cea603b60a62a8e62
7bf3c0b32090a51fdaab958f825668970af7b02fd4ad81301f86374c3daa8a00e2
7b5556ad109c879db0dd23bafa7e502476630e1e5b0ac3b80f615c2f7a03e36c0b
7f38fd9d53784f8d3702e300c45d5f45a666a225814e190820066068e0f465b193
807bef80c40185e3a49cea25604b1f730e789bba5c070d003b39a111d9bc683e2a
81e05a53b3d4268a17e75a94bea690fac282e4021c676132a832a7bd5ead31218d
7a693777437ea87af20a330c1758d46c44b840b3fe0a2bd417aed79c05e22890fa
7e259043a92d470afe076f2360cd96d0a3184b80ba3abd8c48df49cdd3f5a75d64
7a6678d42b6505ad75df82d16f001d10c742f9ddaa8a0aeeec4f0b52ce62ca8723
7afe493fea08d7fa83332e1572b9a20524403d47299fd76e7ceef3ee24dc0487d3
7f60d1f2d298e6f2241889a5e78c257e84cc7a4d6b8b0f07c34d4814187761fa82
7ee9ac636b65fea543c53ac9cf3ac44bbb972fcca89233d882ea5f3485c9b932aa
7d74c375e3e6a83c4078b60db4ed85759094d0f8bc1a2b292b39bdf489400252e8
8104c2aab047f4cc9cda7aa31104a69297e0e02caa667ce4009d89281662ee7df5
813e7e776a24f50f56738fe7bb064e2bc594cc870aadc71e1b3ef02a162db3d4af
80d39f3ca4516d0a9c1ea0bac0d502517e018f8ecefca37897968be2f12c2bfacf
7f9858e6708cf4608488547705018e67984bd70d9ace28c7124b5214070c8e804e
7dde9f9380fdbf4a808a7dd48ce7151e526ee6db24aa4cd7bf8074a23351d975a9
7e6dcbaff071ed3ccbbc9943270978e44869cc0a44c1da11dbc3ef28bd3537f5d8
811db6f7fba37518579a1847f7535e63320d97da6ca6686c511e1c9c26eec46bdb
7e8257a64049c15953bcb5bbd29be2c9c2c84efb6ba880a051c315d3b3880e3f64
81690c68448d21f4fbd2073e554d243bc3ee80191bd9dae2c4f2343a08ba873ff3
81aa5ece987492eeda9d478e6d0fd65016a9a1c44d02ba3898fb141d22734db608
7f741b2d7ed2495c8134a6e79f178492d4215534c9e1b9562061471459ca4b7d0e
7aac33449eabd9ccc98a1d371620de72ed323a381c1a29431c5e87309c89a36671
80808dc48f01191c6df62ee982bfbc956ac6a0b5b31cc3faa2d3dc0d5f755df4cc
7a0f0bb706865f1e768fbcddfd903f9cef8fa9e3a132db4c52231ddf4c209f3e12
7bd28aed505991ec09d48825e7a0280fa509f0299fc41808df2f41e887b5a980b6
7d46794666bb31657647fef16736008ab0654e9fcbb49a5e4b688c1d35d88ef0e7
7b8020a9b9e9290f9e7cf3dda5ab0e781c604c7e7ed32b901145e291665f2a6bac
7dd7fbe98b167baa6695354832cdb32744661b428e843921e60c8066ac362c98eb
7f554afbd75ed6604bf4ddd89f9507ac0772d09a19d6ed537ca49bac27a0282298
7f5bced2902ffea24ea7210f8fcff2d8de576030c31622075c10beb6e061565e5c
7b2c264ad457d5a9633b6e0dd2103634e5c67a8f37a0244c0aea5ab62e8f97fcfc
80c6db3c535d69983bb9e68e8b4b6b7282b0b6ceb736950dda47467b1a8b497eaf
7ec01d2ef49c5a1e2e6d62c84c2043b126e057a2975b77d6bde50bd2e35aa0d870
7f1334ac388aeb34408236fee8b26d927b81c65c55885a2069a9c3d339708ad6fe
7c08a2f0e71cce7822059a94ad42f19a6996fe6655f2d16677a65f34fe5d89c524
80f7f91df24c7391199d19424d4e78ba644a8f6ebcec8e325764b863cbdf42afbe
7e5001a51983ccb5dbab339b3d89a97c2417b5de26c6a9961576a4ac5fa0c9daa4
7b8760027bd302a0cfd5dcc324826cc02d82ac6e2b6d996aca565717ec2099db93
80321def7e8dd2fe7d8724ca4a798608c6d8e07be43d83030052e9e42c7d863322
818683468b167e1bfa4db35ab4888f7e7b87a66072b559fcbfa9482b941da9285c
7ab813905bc255907c1185509775aeeb1aa8a637e75aca3cdf8759d74272b9ab6a
7c4c8f074d0eb0fa0ae41e539ba463051bbf816d4f2439e6a690fe337a8c3025dd
7c2e95fdbc76b868522e22ca106d366f0356cdd746a870616205b423bb26680b45
80ab53748806fc341223dfb25fc666d695289e6fcea921b506d73c24b8a619db6d
7b9688eed54a60c6b86b3be341123e07339c9ee713365b75e4bf5af862723fcd01
7bc4cd690088bbf9ec2931c6a2be23037c2c0b5faa6afdcb47c312e4409b4c3bdf
814df2fc4e232e481d66c4df29933f8a9eaa7092add6929eaa67d06da6054243bd
81b4e2ac61517cd7d3d242e83fb1216d4896ac1821d9f99ac427979bea778c40ee
7bb9b0f76c882804e3f529bba7226765ce6ccf8397b3df38200427e047e34d52b6
7f76cac84e7ef482bff8cf2c70c36d6804a20b5f54dcbbfa783177be676f8d7897
7de48690956be1bd9c786b95a9da3fe38f80cf32141170eb7c82ac704aa85767ca
80bfc50bd4dddaf3e463357edf9f51eea66c27ddcd8b0862a55c7e7298d6a550aa
7da8da92f3932c31e64c6e14c1fdc869915eac55a866b74669d911a550520b3727
7d2e5b9f7ef65e8ecb5ac9ca1ea0424039356bcaf2be6a59fb5cb0a80ea6a5d8ad
7ec30a58a50d2cfd8ace4bf2dccbcaaa5d335baa263358103f43073c89ad123737
