max_delay/setup group core_clk

                                     Required  Actual
Endpoint                               Delay   Delay   Slack
------------------------------------------------------------
u_e.g_cg.u_cg.u_icg/ENA (ICGx1_ASAP7_75t_R)  751.71 1188.80 -437.09 (VIOLATED)
busy (output)                         966.00 1184.74 -218.74 (VIOLATED)
u_e.g_mac[1].g_l2.u_l0.p1_p[11][6]$_DFF_P_/D (DFFHQNx1_ASAP7_75t_R) 1373.51 1579.45 -205.95 (VIOLATED)
u_e.g_mac[1].g_l2.u_l0.p1_p[11][7]$_DFF_P_/D (DFFHQNx1_ASAP7_75t_R) 1372.98 1577.88 -204.89 (VIOLATED)
u_e.g_mac[1].g_tr2.u_tree.have[79]$_DFFE_PN0P_/D (DFFASRHQNx1_ASAP7_75t_R) 1344.10 1543.95 -199.85 (VIOLATED)
u_e.g_mac[0].g_l2.u_l0.p1_p[14][7]$_DFF_P_/D (DFFHQNx1_ASAP7_75t_R) 1361.92 1559.57 -197.64 (VIOLATED)
u_e.g_mac[0].g_l2.u_l0.p1_p[14][6]$_DFF_P_/D (DFFHQNx1_ASAP7_75t_R) 1377.48 1574.31 -196.83 (VIOLATED)
u_e.g_mac[1].g_tr2.u_tree.have[63]$_DFFE_PN0P_/D (DFFASRHQNx1_ASAP7_75t_R) 1346.22 1542.42 -196.21 (VIOLATED)
u_e.g_mac[1].g_tr2.u_tree.have[76]$_DFFE_PN0P_/D (DFFASRHQNx1_ASAP7_75t_R) 1345.40 1541.22 -195.82 (VIOLATED)
u_e.g_mac[1].g_tr2.u_tree.held[18][8]$_DFFE_PP_/D (DFFHQNx1_ASAP7_75t_R) 1355.58 1548.46 -192.88 (VIOLATED)
u_e.g_mac[1].g_tr2.u_tree.held[18][0]$_DFFE_PP_/D (DFFHQNx1_ASAP7_75t_R) 1361.44 1551.99 -190.54 (VIOLATED)
u_e.g_mac[1].g_tr2.u_tree.held[18][3]$_DFFE_PP_/D (DFFHQNx1_ASAP7_75t_R) 1363.48 1554.02 -190.54 (VIOLATED)
u_e.g_mac[1].g_tr2.u_tree.have[56]$_DFFE_PN0P_/D (DFFASRHQNx1_ASAP7_75t_R) 1345.58 1535.62 -190.05 (VIOLATED)
u_e.g_mac[1].g_tr2.u_tree.have[14]$_DFFE_PN0P_/D (DFFASRHQNx1_ASAP7_75t_R) 1345.71 1535.60 -189.89 (VIOLATED)
u_e.g_mac[0].g_l2.u_l0.p1_p[8][6]$_DFF_P_/D (DFFHQNx1_ASAP7_75t_R) 1383.35 1573.06 -189.71 (VIOLATED)
u_e.g_mac[1].g_l2.u_l0.p1_p[11][5]$_DFF_P_/D (DFFHQNx1_ASAP7_75t_R) 1373.11 1562.59 -189.48 (VIOLATED)
u_e.g_mac[1].g_tr2.u_tree.have[44]$_DFFE_PN0P_/D (DFFASRHQNx1_ASAP7_75t_R) 1345.75 1534.94 -189.20 (VIOLATED)
u_e.g_mac[1].g_tr2.u_tree.have[55]$_DFFE_PN0P_/D (DFFASRHQNx1_ASAP7_75t_R) 1345.12 1534.06 -188.94 (VIOLATED)
u_e.g_mac[1].g_tr2.u_tree.herr[18]$_DFFE_PN0P_/D (DFFASRHQNx1_ASAP7_75t_R) 1355.66 1544.34 -188.68 (VIOLATED)
u_e.g_mac[1].g_tr2.u_tree.held[18][26]$_DFFE_PP_/D (DFFHQNx1_ASAP7_75t_R) 1372.09 1560.68 -188.59 (VIOLATED)
u_e.g_mac[1].g_tr2.u_tree.held[79][0]$_DFFE_PP_/D (DFFHQNx1_ASAP7_75t_R) 1359.48 1548.05 -188.56 (VIOLATED)
u_e.g_mac[1].g_l2.u_l0.p1_p[7][7]$_DFF_P_/D (DFFHQNx1_ASAP7_75t_R) 1373.56 1562.07 -188.51 (VIOLATED)
u_e.g_mac[1].g_tr2.u_tree.have[18]$_DFFE_PN0P_/D (DFFASRHQNx1_ASAP7_75t_R) 1364.48 1552.82 -188.33 (VIOLATED)
u_e.g_mac[0].g_tr2.u_tree.h_v[18]$_DFF_P_/D (DFFHQNx1_ASAP7_75t_R) 1353.48 1541.77 -188.29 (VIOLATED)
u_e.g_mac[1].g_tr2.u_tree.have[32]$_DFFE_PN0P_/D (DFFASRHQNx1_ASAP7_75t_R) 1346.67 1534.85 -188.19 (VIOLATED)
u_e.g_mac[1].g_tr2.u_tree.held[18][19]$_DFFE_PP_/D (DFFHQNx1_ASAP7_75t_R) 1371.68 1559.67 -187.99 (VIOLATED)
u_e.g_mac[1].g_tr2.u_tree.have[48]$_DFFE_PN0P_/D (DFFASRHQNx1_ASAP7_75t_R) 1346.32 1534.21 -187.88 (VIOLATED)
u_e.g_mac[1].g_tr2.u_tree.have[40]$_DFFE_PN0P_/D (DFFASRHQNx1_ASAP7_75t_R) 1345.53 1533.39 -187.86 (VIOLATED)
u_e.g_mac[1].g_l2.u_l0.p1_p[7][6]$_DFF_P_/D (DFFHQNx1_ASAP7_75t_R) 1373.98 1561.41 -187.43 (VIOLATED)
u_e.g_mac[0].g_l2.u_l0.p1_p[8][7]$_DFF_P_/D (DFFHQNx1_ASAP7_75t_R) 1396.48 1583.89 -187.41 (VIOLATED)
u_e.g_mac[1].g_tr2.u_tree.held[18][17]$_DFFE_PP_/D (DFFHQNx1_ASAP7_75t_R) 1358.95 1546.33 -187.37 (VIOLATED)
u_e.g_mac[1].g_l2.u_l0.p1_p[7][8]$_SDFF_PN0_/D (DFFHQNx1_ASAP7_75t_R) 1373.32 1560.26 -186.95 (VIOLATED)
u_e.g_mac[1].g_tr2.u_tree.have[20]$_DFFE_PN0P_/D (DFFASRHQNx1_ASAP7_75t_R) 1344.53 1531.44 -186.91 (VIOLATED)
u_e.g_mac[1].g_tr2.u_tree.have[41]$_DFFE_PN0P_/D (DFFASRHQNx1_ASAP7_75t_R) 1346.36 1533.20 -186.84 (VIOLATED)
u_e.g_mac[1].g_tr2.u_tree.held[18][29]$_DFFE_PP_/D (DFFHQNx1_ASAP7_75t_R) 1372.56 1558.82 -186.26 (VIOLATED)
u_e.g_mac[1].g_tr2.u_tree.held[63][0]$_DFFE_PP_/D (DFFHQNx1_ASAP7_75t_R) 1356.94 1543.11 -186.17 (VIOLATED)
u_e.g_mac[1].g_tr2.u_tree.held[79][1]$_DFFE_PP_/D (DFFHQNx1_ASAP7_75t_R) 1354.32 1540.08 -185.76 (VIOLATED)
u_e.g_mac[1].g_l2.u_l0.p1_p[7][5]$_DFF_P_/D (DFFHQNx1_ASAP7_75t_R) 1373.82 1559.51 -185.69 (VIOLATED)
u_e.g_mac[1].g_tr2.u_tree.have[74]$_DFFE_PN0P_/D (DFFASRHQNx1_ASAP7_75t_R) 1345.75 1531.29 -185.54 (VIOLATED)
u_e.g_mac[1].g_tr2.u_tree.held[18][13]$_DFFE_PP_/D (DFFHQNx1_ASAP7_75t_R) 1355.54 1541.06 -185.53 (VIOLATED)
u_e.g_mac[1].g_tr2.u_tree.have[72]$_DFFE_PN0P_/D (DFFASRHQNx1_ASAP7_75t_R) 1345.60 1530.92 -185.32 (VIOLATED)
u_e.g_mac[1].g_tr2.u_tree.held[79][6]$_DFFE_PP_/D (DFFHQNx1_ASAP7_75t_R) 1357.86 1542.67 -184.81 (VIOLATED)
u_e.g_mac[1].g_tr2.u_tree.held[18][1]$_DFFE_PP_/D (DFFHQNx1_ASAP7_75t_R) 1359.35 1544.11 -184.76 (VIOLATED)
u_e.g_mac[1].g_tr2.u_tree.held[63][3]$_DFFE_PP_/D (DFFHQNx1_ASAP7_75t_R) 1356.62 1541.08 -184.46 (VIOLATED)
u_e.g_mac[1].g_tr2.u_tree.held[71][27]$_DFFE_PP_/D (DFFHQNx1_ASAP7_75t_R) 1365.88 1550.13 -184.25 (VIOLATED)
u_e.g_mac[1].g_tr2.u_tree.held[18][9]$_DFFE_PP_/D (DFFHQNx1_ASAP7_75t_R) 1356.81 1540.98 -184.17 (VIOLATED)
u_e.g_mac[0].g_tr2.u_tree.h_v[24]$_DFF_P_/D (DFFHQNx1_ASAP7_75t_R) 1357.38 1541.46 -184.08 (VIOLATED)
u_e.g_mac[1].g_l2.u_l0.p1_p[14][6]$_DFF_P_/D (DFFHQNx1_ASAP7_75t_R) 1365.05 1549.06 -184.00 (VIOLATED)
u_e.g_mac[1].g_tr2.u_tree.herr[14]$_DFFE_PN0P_/D (DFFASRHQNx1_ASAP7_75t_R) 1343.21 1526.99 -183.79 (VIOLATED)
u_e.g_mac[0].g_l2.u_l0.p1_p[8][8]$_SDFF_PN0_/D (DFFHQNx1_ASAP7_75t_R) 1395.09 1578.81 -183.72 (VIOLATED)
u_e.g_mac[1].g_tr2.u_tree.held[71][29]$_DFFE_PP_/D (DFFHQNx1_ASAP7_75t_R) 1365.84 1549.24 -183.40 (VIOLATED)
u_e.g_mac[1].g_tr2.u_tree.held[79][3]$_DFFE_PP_/D (DFFHQNx1_ASAP7_75t_R) 1355.99 1539.38 -183.39 (VIOLATED)
u_e.g_mac[1].g_tr2.u_tree.held[18][5]$_DFFE_PP_/D (DFFHQNx1_ASAP7_75t_R) 1356.96 1540.19 -183.23 (VIOLATED)
u_e.g_mac[1].g_l2.u_l0.p1_p[14][7]$_DFF_P_/D (DFFHQNx1_ASAP7_75t_R) 1363.96 1547.18 -183.23 (VIOLATED)
u_e.g_mac[1].g_l2.u_l0.p1_p[11][8]$_SDFF_PN0_/D (DFFHQNx1_ASAP7_75t_R) 1371.14 1554.29 -183.15 (VIOLATED)
u_e.g_mac[1].g_tr2.u_tree.herr[50]$_DFFE_PN0P_/D (DFFASRHQNx1_ASAP7_75t_R) 1355.01 1538.06 -183.06 (VIOLATED)
u_e.g_mac[1].g_tr2.u_tree.held[31][1]$_DFFE_PP_/D (DFFHQNx1_ASAP7_75t_R) 1355.90 1538.77 -182.87 (VIOLATED)
u_e.g_mac[1].g_tr2.u_tree.herr[34]$_DFFE_PN0P_/D (DFFASRHQNx1_ASAP7_75t_R) 1343.73 1526.49 -182.76 (VIOLATED)
u_e.g_mac[1].g_tr2.u_tree.held[76][3]$_DFFE_PP_/D (DFFHQNx1_ASAP7_75t_R) 1356.30 1538.88 -182.58 (VIOLATED)
u_e.g_mac[1].g_tr2.u_tree.held[55][15]$_DFFE_PP_/D (DFFHQNx1_ASAP7_75t_R) 1354.82 1537.32 -182.50 (VIOLATED)
u_e.g_mac[1].g_tr2.u_tree.held[63][8]$_DFFE_PP_/D (DFFHQNx1_ASAP7_75t_R) 1357.05 1539.41 -182.36 (VIOLATED)
u_e.g_mac[1].g_tr2.u_tree.held[18][20]$_DFFE_PP_/D (DFFHQNx1_ASAP7_75t_R) 1355.50 1537.86 -182.36 (VIOLATED)
u_e.g_mac[1].g_tr2.u_tree.held[76][0]$_DFFE_PP_/D (DFFHQNx1_ASAP7_75t_R) 1356.78 1538.98 -182.20 (VIOLATED)
u_e.g_mac[0].g_l2.u_l0.p1_p[8][5]$_DFF_P_/D (DFFHQNx1_ASAP7_75t_R) 1383.24 1565.20 -181.96 (VIOLATED)
u_e.g_mac[0].g_tr2.u_tree.h_v[20]$_DFF_P_/D (DFFHQNx1_ASAP7_75t_R) 1357.85 1539.79 -181.94 (VIOLATED)
u_e.g_mac[1].g_tr2.u_tree.held[78][1]$_DFFE_PP_/D (DFFHQNx1_ASAP7_75t_R) 1355.93 1537.84 -181.91 (VIOLATED)
u_e.g_mac[1].g_tr2.u_tree.held[31][6]$_DFFE_PP_/D (DFFHQNx1_ASAP7_75t_R) 1355.25 1536.71 -181.47 (VIOLATED)
u_e.g_mac[1].g_tr2.u_tree.held[71][28]$_DFFE_PP_/D (DFFHQNx1_ASAP7_75t_R) 1367.08 1548.22 -181.14 (VIOLATED)
u_e.g_mac[1].g_tr2.u_tree.held[78][27]$_DFFE_PP_/D (DFFHQNx1_ASAP7_75t_R) 1366.83 1547.78 -180.95 (VIOLATED)
u_e.g_mac[1].g_tr2.u_tree.held[79][8]$_DFFE_PP_/D (DFFHQNx1_ASAP7_75t_R) 1356.94 1537.86 -180.92 (VIOLATED)
u_e.g_mac[1].g_tr2.u_tree.held[56][2]$_DFFE_PP_/D (DFFHQNx1_ASAP7_75t_R) 1359.11 1539.98 -180.87 (VIOLATED)
u_e.g_mac[1].g_tr2.u_tree.held[71][22]$_DFFE_PP_/D (DFFHQNx1_ASAP7_75t_R) 1366.23 1547.09 -180.86 (VIOLATED)
u_e.g_mac[1].g_tr2.u_tree.held[78][30]$_DFFE_PP_/D (DFFHQNx1_ASAP7_75t_R) 1366.72 1547.28 -180.57 (VIOLATED)
u_e.g_mac[1].g_tr2.u_tree.held[44][15]$_DFFE_PP_/D (DFFHQNx1_ASAP7_75t_R) 1366.05 1546.47 -180.42 (VIOLATED)
u_e.g_mac[1].g_tr2.u_tree.held[55][13]$_DFFE_PP_/D (DFFHQNx1_ASAP7_75t_R) 1355.97 1536.29 -180.32 (VIOLATED)
u_e.g_mac[1].g_tr2.u_tree.held[76][2]$_DFFE_PP_/D (DFFHQNx1_ASAP7_75t_R) 1354.73 1534.97 -180.24 (VIOLATED)
u_e.g_mac[1].g_tr2.u_tree.held[78][28]$_DFFE_PP_/D (DFFHQNx1_ASAP7_75t_R) 1367.27 1547.44 -180.18 (VIOLATED)
u_e.g_mac[1].g_tr2.u_tree.have[16]$_DFFE_PN0P_/D (DFFASRHQNx1_ASAP7_75t_R) 1363.88 1543.97 -180.10 (VIOLATED)
u_e.g_mac[1].g_tr2.u_tree.held[6][1]$_DFFE_PP_/D (DFFHQNx1_ASAP7_75t_R) 1355.68 1535.66 -179.98 (VIOLATED)
u_e.g_mac[1].g_tr2.u_tree.held[55][18]$_DFFE_PP_/D (DFFHQNx1_ASAP7_75t_R) 1355.42 1535.38 -179.96 (VIOLATED)
u_e.g_mac[1].g_tr2.u_tree.held[44][8]$_DFFE_PP_/D (DFFHQNx1_ASAP7_75t_R) 1357.24 1537.17 -179.94 (VIOLATED)
u_e.g_mac[1].g_tr2.u_tree.held[45][23]$_DFFE_PP_/D (DFFHQNx1_ASAP7_75t_R) 1355.26 1535.15 -179.90 (VIOLATED)
u_e.g_mac[1].g_tr2.u_tree.have[4]$_DFFE_PN0P_/D (DFFASRHQNx1_ASAP7_75t_R) 1345.23 1525.13 -179.90 (VIOLATED)
u_e.g_mac[1].g_tr2.u_tree.held[45][20]$_DFFE_PP_/D (DFFHQNx1_ASAP7_75t_R) 1355.24 1535.10 -179.85 (VIOLATED)
u_e.ffault$_DFFE_PN0P_/D (DFFASRHQNx1_ASAP7_75t_R) 1348.93 1528.76 -179.83 (VIOLATED)
u_e.g_mac[1].g_tr2.u_tree.held[55][16]$_DFFE_PP_/D (DFFHQNx1_ASAP7_75t_R) 1356.43 1536.19 -179.76 (VIOLATED)
u_e.g_mac[1].g_tr2.u_tree.held[56][1]$_DFFE_PP_/D (DFFHQNx1_ASAP7_75t_R) 1360.10 1539.76 -179.65 (VIOLATED)
u_e.g_mac[1].g_tr2.u_tree.herr[22]$_DFFE_PN0P_/D (DFFASRHQNx1_ASAP7_75t_R) 1344.03 1523.58 -179.55 (VIOLATED)
u_e.g_mac[1].g_tr2.u_tree.held[76][4]$_DFFE_PP_/D (DFFHQNx1_ASAP7_75t_R) 1355.72 1535.17 -179.45 (VIOLATED)
u_e.g_mac[1].g_tr2.u_tree.held[18][25]$_DFFE_PP_/D (DFFHQNx1_ASAP7_75t_R) 1372.23 1551.68 -179.45 (VIOLATED)
u_e.g_mac[0].g_l2.u_l0.p1_p[14][8]$_SDFF_PN0_/D (DFFHQNx1_ASAP7_75t_R) 1360.19 1539.62 -179.43 (VIOLATED)
u_e.g_mac[1].g_tr2.u_tree.held[55][5]$_DFFE_PP_/D (DFFHQNx1_ASAP7_75t_R) 1356.91 1536.34 -179.42 (VIOLATED)
u_e.g_mac[1].g_tr2.u_tree.held[71][19]$_DFFE_PP_/D (DFFHQNx1_ASAP7_75t_R) 1371.64 1551.05 -179.40 (VIOLATED)
u_e.g_mac[1].g_tr2.u_tree.held[71][21]$_DFFE_PP_/D (DFFHQNx1_ASAP7_75t_R) 1367.38 1546.77 -179.39 (VIOLATED)
u_e.g_mac[1].g_tr2.u_tree.held[56][3]$_DFFE_PP_/D (DFFHQNx1_ASAP7_75t_R) 1356.53 1535.91 -179.38 (VIOLATED)
u_e.g_mac[1].g_tr2.u_tree.held[40][8]$_DFFE_PP_/D (DFFHQNx1_ASAP7_75t_R) 1355.69 1534.99 -179.31 (VIOLATED)
u_e.g_mac[0].g_l2.u_l0.p1_p[14][5]$_DFF_P_/D (DFFHQNx1_ASAP7_75t_R) 1363.95 1543.26 -179.31 (VIOLATED)
u_e.g_mac[1].g_tr2.u_tree.held[12][6]$_DFFE_PP_/D (DFFHQNx1_ASAP7_75t_R) 1355.22 1534.45 -179.24 (VIOLATED)
u_e.g_mac[1].g_tr2.u_tree.held[44][3]$_DFFE_PP_/D (DFFHQNx1_ASAP7_75t_R) 1356.79 1535.95 -179.17 (VIOLATED)
u_e.g_mac[1].g_tr2.u_tree.held[74][20]$_DFFE_PP_/D (DFFHQNx1_ASAP7_75t_R) 1354.83 1533.96 -179.13 (VIOLATED)
u_e.g_mac[1].g_tr2.u_tree.held[10][7]$_DFFE_PP_/D (DFFHQNx1_ASAP7_75t_R) 1358.41 1537.39 -178.98 (VIOLATED)
u_e.g_mac[1].g_tr2.u_tree.have[30]$_DFFE_PN0P_/D (DFFASRHQNx1_ASAP7_75t_R) 1345.40 1524.36 -178.96 (VIOLATED)
u_e.g_mac[1].g_tr2.u_tree.held[76][8]$_DFFE_PP_/D (DFFHQNx1_ASAP7_75t_R) 1356.82 1535.59 -178.77 (VIOLATED)
u_e.g_mac[1].g_tr2.u_tree.held[74][23]$_DFFE_PP_/D (DFFHQNx1_ASAP7_75t_R) 1355.42 1534.04 -178.62 (VIOLATED)
u_e.g_mac[1].g_tr2.u_tree.infl[11][3]$_DFF_PN0_/D (DFFASRHQNx1_ASAP7_75t_R) 1357.35 1535.96 -178.60 (VIOLATED)
u_e.g_mac[1].g_tr2.u_tree.held[10][0]$_DFFE_PP_/D (DFFHQNx1_ASAP7_75t_R) 1359.01 1537.61 -178.60 (VIOLATED)
u_e.g_mac[1].g_tr2.u_tree.held[10][11]$_DFFE_PP_/D (DFFHQNx1_ASAP7_75t_R) 1358.32 1536.91 -178.59 (VIOLATED)
u_e.g_mac[1].g_tr2.u_tree.held[79][10]$_DFFE_PP_/D (DFFHQNx1_ASAP7_75t_R) 1356.79 1535.37 -178.59 (VIOLATED)
u_e.g_mac[1].g_tr2.u_tree.herr[45]$_DFFE_PN0P_/D (DFFASRHQNx1_ASAP7_75t_R) 1355.41 1533.99 -178.57 (VIOLATED)
u_e.g_mac[1].g_tr2.u_tree.held[79][2]$_DFFE_PP_/D (DFFHQNx1_ASAP7_75t_R) 1357.11 1535.42 -178.32 (VIOLATED)
u_e.g_mac[1].g_tr2.u_tree.held[16][3]$_DFFE_PP_/D (DFFHQNx1_ASAP7_75t_R) 1357.67 1535.88 -178.21 (VIOLATED)
u_e.g_mac[1].g_tr2.u_tree.held[40][29]$_DFFE_PP_/D (DFFHQNx1_ASAP7_75t_R) 1372.39 1550.54 -178.15 (VIOLATED)
u_e.g_mac[1].g_tr2.u_tree.held[32][3]$_DFFE_PP_/D (DFFHQNx1_ASAP7_75t_R) 1356.47 1534.61 -178.14 (VIOLATED)
u_e.g_mac[1].g_tr2.u_tree.held[44][14]$_DFFE_PP_/D (DFFHQNx1_ASAP7_75t_R) 1357.78 1535.79 -178.01 (VIOLATED)
u_e.g_mac[1].g_tr2.u_tree.held[22][27]$_DFFE_PP_/D (DFFHQNx1_ASAP7_75t_R) 1367.51 1545.50 -177.99 (VIOLATED)
u_e.g_mac[1].g_tr2.u_tree.held[73][20]$_DFFE_PP_/D (DFFHQNx1_ASAP7_75t_R) 1355.46 1533.42 -177.96 (VIOLATED)
u_e.g_mac[1].g_tr2.u_tree.held[4][27]$_DFFE_PP_/D (DFFHQNx1_ASAP7_75t_R) 1366.03 1543.98 -177.95 (VIOLATED)
u_e.g_mac[1].g_tr2.u_tree.held[12][3]$_DFFE_PP_/D (DFFHQNx1_ASAP7_75t_R) 1362.65 1540.58 -177.93 (VIOLATED)
u_e.g_mac[1].g_tr2.u_tree.held[23][8]$_DFFE_PP_/D (DFFHQNx1_ASAP7_75t_R) 1355.86 1533.78 -177.91 (VIOLATED)
u_e.g_mac[1].g_tr2.u_tree.held[40][3]$_DFFE_PP_/D (DFFHQNx1_ASAP7_75t_R) 1356.77 1534.67 -177.90 (VIOLATED)
u_e.g_mac[0].g_tr2.u_tree.h_t[2]$_DFF_P_/D (DFFHQNx1_ASAP7_75t_R) 1355.90 1533.75 -177.85 (VIOLATED)
u_e.g_mac[1].g_tr2.u_tree.have[60]$_DFFE_PN0P_/D (DFFASRHQNx1_ASAP7_75t_R) 1363.87 1541.52 -177.66 (VIOLATED)
u_e.g_mac[1].g_tr2.u_tree.held[40][26]$_DFFE_PP_/D (DFFHQNx1_ASAP7_75t_R) 1372.43 1550.00 -177.58 (VIOLATED)
u_e.g_mac[1].g_tr2.u_tree.held[18][27]$_DFFE_PP_/D (DFFHQNx1_ASAP7_75t_R) 1380.40 1557.92 -177.52 (VIOLATED)
u_e.g_mac[1].g_tr2.u_tree.held[71][24]$_DFFE_PP_/D (DFFHQNx1_ASAP7_75t_R) 1373.82 1551.34 -177.52 (VIOLATED)
u_e.g_mac[1].g_tr2.u_tree.held[18][21]$_DFFE_PP_/D (DFFHQNx1_ASAP7_75t_R) 1373.01 1550.46 -177.46 (VIOLATED)
u_e.g_mac[1].g_tr2.u_tree.held[48][1]$_DFFE_PP_/D (DFFHQNx1_ASAP7_75t_R) 1357.00 1534.41 -177.41 (VIOLATED)
u_e.g_mac[1].g_tr2.u_tree.held[55][7]$_DFFE_PP_/D (DFFHQNx1_ASAP7_75t_R) 1358.56 1535.98 -177.41 (VIOLATED)
u_e.g_mac[1].g_tr2.u_tree.held[4][30]$_DFFE_PP_/D (DFFHQNx1_ASAP7_75t_R) 1365.72 1543.12 -177.40 (VIOLATED)
u_e.g_mac[1].g_tr2.u_tree.held[12][0]$_DFFE_PP_/D (DFFHQNx1_ASAP7_75t_R) 1361.85 1539.25 -177.40 (VIOLATED)
u_e.g_mac[1].g_tr2.u_tree.held[76][1]$_DFFE_PP_/D (DFFHQNx1_ASAP7_75t_R) 1358.47 1535.84 -177.37 (VIOLATED)
u_e.g_mac[1].g_tr2.u_tree.held[22][28]$_DFFE_PP_/D (DFFHQNx1_ASAP7_75t_R) 1367.80 1545.17 -177.37 (VIOLATED)
u_e.g_mac[1].g_tr2.u_tree.held[23][3]$_DFFE_PP_/D (DFFHQNx1_ASAP7_75t_R) 1357.31 1534.66 -177.35 (VIOLATED)
u_e.g_mac[1].g_tr2.u_tree.held[48][8]$_DFFE_PP_/D (DFFHQNx1_ASAP7_75t_R) 1356.44 1533.76 -177.32 (VIOLATED)
u_e.g_mac[1].g_tr2.u_tree.held[34][14]$_DFFE_PP_/D (DFFHQNx1_ASAP7_75t_R) 1366.41 1543.68 -177.27 (VIOLATED)
u_e.g_mac[1].g_tr2.u_tree.held[23][6]$_DFFE_PP_/D (DFFHQNx1_ASAP7_75t_R) 1355.23 1532.50 -177.27 (VIOLATED)
u_e.g_mac[1].g_tr2.u_tree.held[18][12]$_DFFE_PP_/D (DFFHQNx1_ASAP7_75t_R) 1359.80 1537.02 -177.22 (VIOLATED)
u_e.g_mac[1].g_tr2.u_tree.held[10][31]$_DFFE_PP_/D (DFFHQNx1_ASAP7_75t_R) 1359.66 1536.87 -177.21 (VIOLATED)
u_e.g_mac[1].g_tr2.u_tree.held[34][22]$_DFFE_PP_/D (DFFHQNx1_ASAP7_75t_R) 1366.67 1543.69 -177.02 (VIOLATED)
u_e.g_mac[1].g_tr2.u_tree.held[45][9]$_DFFE_PP_/D (DFFHQNx1_ASAP7_75t_R) 1359.06 1536.02 -176.97 (VIOLATED)
u_e.g_mac[1].g_tr2.u_tree.held[40][24]$_DFFE_PP_/D (DFFHQNx1_ASAP7_75t_R) 1373.70 1550.58 -176.89 (VIOLATED)
u_e.g_mac[1].g_tr2.u_tree.herr[63]$_DFFE_PN0P_/D (DFFASRHQNx1_ASAP7_75t_R) 1355.64 1532.52 -176.89 (VIOLATED)
u_e.g_mac[1].g_tr2.u_tree.held[10][2]$_DFFE_PP_/D (DFFHQNx1_ASAP7_75t_R) 1359.12 1535.98 -176.86 (VIOLATED)
u_e.g_mac[1].g_tr2.u_tree.held[20][8]$_DFFE_PP_/D (DFFHQNx1_ASAP7_75t_R) 1356.57 1533.41 -176.84 (VIOLATED)
u_e.g_mac[1].g_tr2.u_tree.held[44][10]$_DFFE_PP_/D (DFFHQNx1_ASAP7_75t_R) 1355.77 1532.57 -176.80 (VIOLATED)
u_e.g_mac[1].g_tr2.u_tree.held[73][23]$_DFFE_PP_/D (DFFHQNx1_ASAP7_75t_R) 1356.47 1533.23 -176.75 (VIOLATED)
u_e.g_mac[1].g_tr2.u_tree.held[22][19]$_DFFE_PP_/D (DFFHQNx1_ASAP7_75t_R) 1367.11 1543.83 -176.72 (VIOLATED)
u_e.g_mac[1].g_tr2.u_tree.held[76][31]$_DFFE_PP_/D (DFFHQNx1_ASAP7_75t_R) 1358.67 1535.33 -176.66 (VIOLATED)
u_e.g_mac[1].g_tr2.u_tree.held[16][0]$_DFFE_PP_/D (DFFHQNx1_ASAP7_75t_R) 1361.85 1538.48 -176.63 (VIOLATED)
u_e.g_mac[1].g_tr2.u_tree.held[74][9]$_DFFE_PP_/D (DFFHQNx1_ASAP7_75t_R) 1356.86 1533.49 -176.63 (VIOLATED)
u_e.g_mac[1].g_tr2.u_tree.held[74][13]$_DFFE_PP_/D (DFFHQNx1_ASAP7_75t_R) 1356.24 1532.86 -176.62 (VIOLATED)
u_e.g_mac[1].g_tr2.u_tree.held[71][25]$_DFFE_PP_/D (DFFHQNx1_ASAP7_75t_R) 1372.33 1548.87 -176.54 (VIOLATED)
u_e.g_mac[1].g_tr2.u_tree.held[12][8]$_DFFE_PP_/D (DFFHQNx1_ASAP7_75t_R) 1362.98 1539.51 -176.52 (VIOLATED)
u_e.g_mac[1].g_tr2.u_tree.held[63][6]$_DFFE_PP_/D (DFFHQNx1_ASAP7_75t_R) 1358.12 1534.64 -176.52 (VIOLATED)
u_e.g_mac[1].g_tr2.u_tree.held[74][10]$_DFFE_PP_/D (DFFHQNx1_ASAP7_75t_R) 1357.99 1534.39 -176.40 (VIOLATED)
u_e.g_mac[1].g_tr2.u_tree.held[76][12]$_DFFE_PP_/D (DFFHQNx1_ASAP7_75t_R) 1358.64 1534.93 -176.29 (VIOLATED)
u_e.g_mac[1].g_tr2.u_tree.herr[40]$_DFFE_PN0P_/D (DFFASRHQNx1_ASAP7_75t_R) 1343.14 1519.44 -176.29 (VIOLATED)
u_e.g_mac[1].g_tr2.u_tree.held[17][21]$_DFFE_PP_/D (DFFHQNx1_ASAP7_75t_R) 1372.67 1548.86 -176.19 (VIOLATED)
u_e.g_mac[1].g_tr2.u_tree.held[74][5]$_DFFE_PP_/D (DFFHQNx1_ASAP7_75t_R) 1356.94 1533.11 -176.17 (VIOLATED)
u_e.g_mac[1].g_tr2.u_tree.held[34][10]$_DFFE_PP_/D (DFFHQNx1_ASAP7_75t_R) 1357.63 1533.79 -176.17 (VIOLATED)
u_e.g_mac[1].g_tr2.u_tree.held[44][5]$_DFFE_PP_/D (DFFHQNx1_ASAP7_75t_R) 1356.21 1532.37 -176.16 (VIOLATED)
u_e.g_mac[1].g_tr2.u_tree.held[18][4]$_DFFE_PP_/D (DFFHQNx1_ASAP7_75t_R) 1359.37 1535.51 -176.14 (VIOLATED)
u_e.g_mac[1].g_tr2.u_tree.held[10][6]$_DFFE_PP_/D (DFFHQNx1_ASAP7_75t_R) 1357.64 1533.72 -176.08 (VIOLATED)
u_e.g_mac[1].g_tr2.u_tree.held[76][7]$_DFFE_PP_/D (DFFHQNx1_ASAP7_75t_R) 1359.35 1535.40 -176.04 (VIOLATED)
u_e.g_mac[1].g_tr2.u_tree.held[76][11]$_DFFE_PP_/D (DFFHQNx1_ASAP7_75t_R) 1359.42 1535.45 -176.03 (VIOLATED)
u_e.g_mac[1].g_tr2.u_tree.held[60][3]$_DFFE_PP_/D (DFFHQNx1_ASAP7_75t_R) 1363.53 1539.52 -175.99 (VIOLATED)
u_e.g_mac[1].g_tr2.u_tree.held[18][24]$_DFFE_PP_/D (DFFHQNx1_ASAP7_75t_R) 1375.33 1551.26 -175.93 (VIOLATED)
u_e.g_mac[1].g_tr2.u_tree.herr[2]$_DFFE_PN0P_/D (DFFASRHQNx1_ASAP7_75t_R) 1343.62 1519.54 -175.92 (VIOLATED)
u_e.g_mac[1].g_tr2.u_tree.have[11]$_DFFE_PN0P_/D (DFFASRHQNx1_ASAP7_75t_R) 1345.52 1521.39 -175.87 (VIOLATED)
u_e.g_mac[1].g_tr2.u_tree.held[74][16]$_DFFE_PP_/D (DFFHQNx1_ASAP7_75t_R) 1357.61 1533.47 -175.85 (VIOLATED)
u_e.g_mac[1].g_tr2.u_tree.held[76][6]$_DFFE_PP_/D (DFFHQNx1_ASAP7_75t_R) 1359.58 1535.42 -175.84 (VIOLATED)
u_e.g_mac[1].g_tr2.u_tree.held[18][18]$_DFFE_PP_/D (DFFHQNx1_ASAP7_75t_R) 1369.59 1545.37 -175.77 (VIOLATED)
u_e.g_mac[1].g_tr2.u_tree.held[78][8]$_DFFE_PP_/D (DFFHQNx1_ASAP7_75t_R) 1363.92 1539.66 -175.74 (VIOLATED)
u_e.g_mac[1].g_tr2.u_tree.held[18][6]$_DFFE_PP_/D (DFFHQNx1_ASAP7_75t_R) 1359.62 1535.36 -175.74 (VIOLATED)
u_e.g_mac[1].g_tr2.u_tree.held[55][0]$_DFFE_PP_/D (DFFHQNx1_ASAP7_75t_R) 1358.97 1534.69 -175.72 (VIOLATED)
u_e.g_mac[1].g_tr2.u_tree.have[43]$_DFFE_PN0P_/D (DFFASRHQNx1_ASAP7_75t_R) 1345.88 1521.47 -175.59 (VIOLATED)
u_e.g_mac[1].g_tr2.u_tree.held[44][13]$_DFFE_PP_/D (DFFHQNx1_ASAP7_75t_R) 1356.01 1531.56 -175.55 (VIOLATED)
u_e.g_mac[1].g_tr2.u_tree.held[60][0]$_DFFE_PP_/D (DFFHQNx1_ASAP7_75t_R) 1362.46 1537.98 -175.51 (VIOLATED)
u_e.g_mac[1].g_tr2.u_tree.held[12][1]$_DFFE_PP_/D (DFFHQNx1_ASAP7_75t_R) 1359.14 1534.65 -175.51 (VIOLATED)
u_e.g_mac[0].g_tr2.u_tree.h_v[26]$_DFF_P_/D (DFFHQNx1_ASAP7_75t_R) 1349.78 1525.29 -175.51 (VIOLATED)
u_e.g_mac[1].g_tr2.u_tree.held[74][31]$_DFFE_PP_/D (DFFHQNx1_ASAP7_75t_R) 1359.31 1534.81 -175.50 (VIOLATED)
u_e.g_mac[1].g_tr2.u_tree.have[78]$_DFFE_PN0P_/D (DFFASRHQNx1_ASAP7_75t_R) 1364.13 1539.60 -175.47 (VIOLATED)
u_e.g_mac[1].g_tr2.u_tree.held[56][8]$_DFFE_PP_/D (DFFHQNx1_ASAP7_75t_R) 1359.04 1534.50 -175.46 (VIOLATED)
u_e.g_mac[1].g_tr2.u_tree.held[17][15]$_DFFE_PP_/D (DFFHQNx1_ASAP7_75t_R) 1373.26 1548.68 -175.42 (VIOLATED)
u_e.g_mac[1].g_tr2.u_tree.held[31][3]$_DFFE_PP_/D (DFFHQNx1_ASAP7_75t_R) 1363.58 1538.99 -175.41 (VIOLATED)
u_e.g_mac[1].g_tr2.u_tree.held[4][29]$_DFFE_PP_/D (DFFHQNx1_ASAP7_75t_R) 1365.96 1541.37 -175.40 (VIOLATED)
u_e.g_mac[1].g_tr2.u_tree.held[20][3]$_DFFE_PP_/D (DFFHQNx1_ASAP7_75t_R) 1356.70 1532.05 -175.35 (VIOLATED)
u_e.g_mac[1].g_tr2.u_tree.held[40][25]$_DFFE_PP_/D (DFFHQNx1_ASAP7_75t_R) 1372.42 1547.67 -175.24 (VIOLATED)
u_e.g_mac[1].g_tr2.u_tree.held[34][11]$_DFFE_PP_/D (DFFHQNx1_ASAP7_75t_R) 1359.39 1534.62 -175.22 (VIOLATED)
u_e.g_mac[1].g_tr2.u_tree.held[60][16]$_DFFE_PP_/D (DFFHQNx1_ASAP7_75t_R) 1355.61 1530.81 -175.20 (VIOLATED)
u_e.g_mac[1].g_tr2.u_tree.held[14][3]$_DFFE_PP_/D (DFFHQNx1_ASAP7_75t_R) 1356.15 1531.31 -175.16 (VIOLATED)
u_e.g_mac[1].g_tr2.u_tree.held[16][4]$_DFFE_PP_/D (DFFHQNx1_ASAP7_75t_R) 1363.95 1539.10 -175.15 (VIOLATED)
u_e.g_mac[1].g_tr2.u_tree.have[0]$_DFFE_PN0P_/D (DFFASRHQNx1_ASAP7_75t_R) 1344.88 1520.01 -175.14 (VIOLATED)
u_e.g_mac[1].g_tr2.u_tree.held[74][11]$_DFFE_PP_/D (DFFHQNx1_ASAP7_75t_R) 1358.93 1534.02 -175.10 (VIOLATED)
u_e.g_mac[1].g_tr2.u_tree.held[75][3]$_DFFE_PP_/D (DFFHQNx1_ASAP7_75t_R) 1356.01 1531.06 -175.05 (VIOLATED)
u_e.g_mac[1].g_tr2.u_tree.held[56][20]$_DFFE_PP_/D (DFFHQNx1_ASAP7_75t_R) 1354.91 1529.89 -174.98 (VIOLATED)
u_e.g_mac[1].g_tr2.u_tree.held[44][1]$_DFFE_PP_/D (DFFHQNx1_ASAP7_75t_R) 1358.62 1533.45 -174.84 (VIOLATED)
u_e.g_mac[1].g_tr2.u_tree.held[74][12]$_DFFE_PP_/D (DFFHQNx1_ASAP7_75t_R) 1358.64 1533.44 -174.80 (VIOLATED)
u_e.g_mac[1].g_tr2.u_tree.held[6][4]$_DFFE_PP_/D (DFFHQNx1_ASAP7_75t_R) 1364.28 1539.00 -174.72 (VIOLATED)
u_e.g_mac[1].g_tr2.u_tree.held[16][8]$_DFFE_PP_/D (DFFHQNx1_ASAP7_75t_R) 1355.84 1530.52 -174.67 (VIOLATED)
u_e.g_mac[1].g_tr2.u_tree.held[67][8]$_DFFE_PP_/D (DFFHQNx1_ASAP7_75t_R) 1356.45 1531.12 -174.67 (VIOLATED)
u_e.g_mac[1].g_tr2.u_tree.held[24][27]$_DFFE_PP_/D (DFFHQNx1_ASAP7_75t_R) 1366.71 1541.34 -174.63 (VIOLATED)
u_e.g_mac[1].g_tr2.u_tree.held[56][4]$_DFFE_PP_/D (DFFHQNx1_ASAP7_75t_R) 1358.78 1533.38 -174.60 (VIOLATED)
u_e.g_mac[1].g_tr2.u_tree.herr[55]$_DFFE_PN0P_/D (DFFASRHQNx1_ASAP7_75t_R) 1345.08 1519.65 -174.58 (VIOLATED)
u_e.g_mac[1].g_tr2.u_tree.held[31][8]$_DFFE_PP_/D (DFFHQNx1_ASAP7_75t_R) 1363.05 1537.61 -174.56 (VIOLATED)
u_e.g_mac[1].g_tr2.u_tree.herr[76]$_DFFE_PN0P_/D (DFFASRHQNx1_ASAP7_75t_R) 1344.84 1519.38 -174.54 (VIOLATED)
u_e.g_mac[1].g_tr2.u_tree.held[34][31]$_DFFE_PP_/D (DFFHQNx1_ASAP7_75t_R) 1359.60 1534.12 -174.52 (VIOLATED)
u_e.g_mac[1].g_tr2.u_tree.held[44][0]$_DFFE_PP_/D (DFFHQNx1_ASAP7_75t_R) 1358.52 1533.03 -174.51 (VIOLATED)
u_e.g_mac[1].g_tr2.u_tree.held[44][6]$_DFFE_PP_/D (DFFHQNx1_ASAP7_75t_R) 1359.15 1533.65 -174.49 (VIOLATED)
u_e.g_mac[1].g_tr2.u_tree.held[74][1]$_DFFE_PP_/D (DFFHQNx1_ASAP7_75t_R) 1355.52 1529.98 -174.46 (VIOLATED)
u_e.g_mac[1].g_tr2.u_tree.held[32][8]$_DFFE_PP_/D (DFFHQNx1_ASAP7_75t_R) 1357.87 1532.19 -174.32 (VIOLATED)
u_e.g_mac[1].g_tr2.u_tree.held[12][12]$_DFFE_PP_/D (DFFHQNx1_ASAP7_75t_R) 1358.45 1532.76 -174.32 (VIOLATED)
u_e.g_mac[1].g_tr2.u_tree.held[44][11]$_DFFE_PP_/D (DFFHQNx1_ASAP7_75t_R) 1358.30 1532.58 -174.27 (VIOLATED)
u_e.g_mac[1].g_tr2.u_tree.held[18][28]$_DFFE_PP_/D (DFFHQNx1_ASAP7_75t_R) 1378.73 1553.00 -174.27 (VIOLATED)
u_e.g_mac[1].g_tr2.u_tree.held[12][4]$_DFFE_PP_/D (DFFHQNx1_ASAP7_75t_R) 1359.39 1533.60 -174.21 (VIOLATED)
u_e.g_mac[1].g_tr2.u_tree.held[56][0]$_DFFE_PP_/D (DFFHQNx1_ASAP7_75t_R) 1362.12 1536.32 -174.20 (VIOLATED)
u_e.g_mac[1].g_tr2.u_tree.held[12][2]$_DFFE_PP_/D (DFFHQNx1_ASAP7_75t_R) 1358.23 1532.40 -174.18 (VIOLATED)
u_e.g_mac[1].g_tr2.u_tree.held[18][10]$_DFFE_PP_/D (DFFHQNx1_ASAP7_75t_R) 1358.64 1532.80 -174.16 (VIOLATED)
u_e.g_mac[1].g_tr2.u_tree.have[49]$_DFFE_PN0P_/D (DFFASRHQNx1_ASAP7_75t_R) 1345.54 1519.67 -174.13 (VIOLATED)
u_e.g_mac[1].g_tr2.u_tree.held[6][3]$_DFFE_PP_/D (DFFHQNx1_ASAP7_75t_R) 1363.54 1537.63 -174.09 (VIOLATED)
u_e.g_mac[1].g_tr2.u_tree.held[40][19]$_DFFE_PP_/D (DFFHQNx1_ASAP7_75t_R) 1367.14 1541.19 -174.05 (VIOLATED)
u_e.g_mac[1].g_tr2.u_tree.held[56][18]$_DFFE_PP_/D (DFFHQNx1_ASAP7_75t_R) 1354.72 1528.76 -174.04 (VIOLATED)
u_e.g_mac[1].g_tr2.u_tree.held[44][23]$_DFFE_PP_/D (DFFHQNx1_ASAP7_75t_R) 1375.42 1549.46 -174.04 (VIOLATED)
u_e.g_mac[1].g_tr2.u_tree.held[6][8]$_DFFE_PP_/D (DFFHQNx1_ASAP7_75t_R) 1356.32 1530.28 -173.96 (VIOLATED)
u_e.g_mac[1].g_tr2.u_tree.held[72][1]$_DFFE_PP_/D (DFFHQNx1_ASAP7_75t_R) 1355.87 1529.81 -173.94 (VIOLATED)
u_e.g_mac[1].g_tr2.u_tree.have[53]$_DFFE_PN0P_/D (DFFASRHQNx1_ASAP7_75t_R) 1346.38 1520.31 -173.93 (VIOLATED)
u_e.g_mac[1].g_tr2.u_tree.held[56][13]$_DFFE_PP_/D (DFFHQNx1_ASAP7_75t_R) 1355.42 1529.34 -173.92 (VIOLATED)
u_e.g_mac[1].g_tr2.u_tree.held[40][20]$_DFFE_PP_/D (DFFHQNx1_ASAP7_75t_R) 1371.56 1545.41 -173.85 (VIOLATED)
u_e.g_mac[1].g_tr2.u_tree.held[17][25]$_DFFE_PP_/D (DFFHQNx1_ASAP7_75t_R) 1372.68 1546.51 -173.83 (VIOLATED)
u_e.g_mac[1].g_tr2.u_tree.held[34][16]$_DFFE_PP_/D (DFFHQNx1_ASAP7_75t_R) 1358.53 1532.31 -173.79 (VIOLATED)
u_e.g_mac[1].g_tr2.u_tree.held[24][19]$_DFFE_PP_/D (DFFHQNx1_ASAP7_75t_R) 1366.89 1540.60 -173.71 (VIOLATED)
u_e.g_mac[1].g_tr2.u_tree.have[9]$_DFFE_PN0P_/D (DFFASRHQNx1_ASAP7_75t_R) 1344.64 1518.31 -173.67 (VIOLATED)
u_e.g_mac[1].g_tr2.u_tree.herr[60]$_DFFE_PN0P_/D (DFFASRHQNx1_ASAP7_75t_R) 1345.12 1518.74 -173.62 (VIOLATED)
u_e.g_mac[1].g_tr2.u_tree.held[18][16]$_DFFE_PP_/D (DFFHQNx1_ASAP7_75t_R) 1357.47 1531.09 -173.62 (VIOLATED)
u_e.g_mac[0].g_l2.u_l0.p1_p[7][6]$_DFF_P_/D (DFFHQNx1_ASAP7_75t_R) 1379.34 1552.95 -173.60 (VIOLATED)
u_e.g_mac[1].g_tr2.u_tree.held[40][30]$_DFFE_PP_/D (DFFHQNx1_ASAP7_75t_R) 1367.08 1540.61 -173.53 (VIOLATED)
u_e.g_mac[1].g_tr2.u_tree.held[27][30]$_DFFE_PP_/D (DFFHQNx1_ASAP7_75t_R) 1365.85 1539.31 -173.46 (VIOLATED)
u_e.g_mac[1].g_tr2.u_tree.held[10][3]$_DFFE_PP_/D (DFFHQNx1_ASAP7_75t_R) 1357.07 1530.52 -173.45 (VIOLATED)
u_e.g_mac[1].g_tr2.u_tree.herr[6]$_DFFE_PN0P_/D (DFFASRHQNx1_ASAP7_75t_R) 1343.62 1517.02 -173.40 (VIOLATED)
u_e.g_mac[1].g_tr2.u_tree.held[40][2]$_DFFE_PP_/D (DFFHQNx1_ASAP7_75t_R) 1358.29 1531.68 -173.38 (VIOLATED)
u_e.g_mac[1].g_tr2.u_tree.held[44][9]$_DFFE_PP_/D (DFFHQNx1_ASAP7_75t_R) 1358.06 1531.40 -173.33 (VIOLATED)
u_e.g_mac[1].g_tr2.u_tree.herr[44]$_DFFE_PN0P_/D (DFFASRHQNx1_ASAP7_75t_R) 1368.67 1541.99 -173.32 (VIOLATED)
u_e.g_mac[1].g_tr2.u_tree.held[28][26]$_DFFE_PP_/D (DFFHQNx1_ASAP7_75t_R) 1373.37 1546.68 -173.31 (VIOLATED)
u_e.g_mac[1].g_tr2.u_tree.held[44][28]$_DFFE_PP_/D (DFFHQNx1_ASAP7_75t_R) 1375.65 1548.96 -173.31 (VIOLATED)
u_e.g_mac[1].g_tr2.u_tree.held[40][1]$_DFFE_PP_/D (DFFHQNx1_ASAP7_75t_R) 1359.11 1532.17 -173.07 (VIOLATED)
u_e.g_mac[1].g_tr2.u_tree.held[27][27]$_DFFE_PP_/D (DFFHQNx1_ASAP7_75t_R) 1366.25 1539.28 -173.03 (VIOLATED)
u_e.g_mac[1].g_tr2.u_tree.held[44][7]$_DFFE_PP_/D (DFFHQNx1_ASAP7_75t_R) 1358.70 1531.70 -173.00 (VIOLATED)
u_e.g_mac[1].g_tr2.u_tree.held[39][20]$_DFFE_PP_/D (DFFHQNx1_ASAP7_75t_R) 1355.49 1528.47 -172.98 (VIOLATED)
u_e.g_mac[1].g_tr2.u_tree.held[74][8]$_DFFE_PP_/D (DFFHQNx1_ASAP7_75t_R) 1356.03 1529.00 -172.97 (VIOLATED)
u_e.g_mac[1].g_tr2.u_tree.held[39][23]$_DFFE_PP_/D (DFFHQNx1_ASAP7_75t_R) 1355.25 1528.19 -172.94 (VIOLATED)
u_e.g_mac[1].g_tr2.u_tree.held[71][23]$_DFFE_PP_/D (DFFHQNx1_ASAP7_75t_R) 1371.91 1544.78 -172.87 (VIOLATED)
u_e.g_mac[1].g_tr2.u_tree.held[32][0]$_DFFE_PP_/D (DFFHQNx1_ASAP7_75t_R) 1361.97 1534.81 -172.84 (VIOLATED)
u_e.g_mac[1].g_tr2.u_tree.held[17][23]$_DFFE_PP_/D (DFFHQNx1_ASAP7_75t_R) 1373.83 1546.65 -172.82 (VIOLATED)
u_e.g_mac[1].g_tr2.u_tree.herr[41]$_DFFE_PN0P_/D (DFFASRHQNx1_ASAP7_75t_R) 1354.40 1527.22 -172.82 (VIOLATED)
u_e.g_mac[1].g_tr2.u_tree.held[40][27]$_DFFE_PP_/D (DFFHQNx1_ASAP7_75t_R) 1367.43 1540.18 -172.75 (VIOLATED)
u_e.g_mac[1].g_tr2.u_tree.held[53][12]$_DFFE_PP_/D (DFFHQNx1_ASAP7_75t_R) 1358.18 1530.92 -172.75 (VIOLATED)
u_e.g_mac[1].g_tr2.u_tree.held[55][8]$_DFFE_PP_/D (DFFHQNx1_ASAP7_75t_R) 1356.94 1529.63 -172.69 (VIOLATED)
u_e.g_mac[1].g_tr2.u_tree.held[32][4]$_DFFE_PP_/D (DFFHQNx1_ASAP7_75t_R) 1358.86 1531.54 -172.68 (VIOLATED)
u_e.g_mac[1].g_tr2.u_tree.held[16][1]$_DFFE_PP_/D (DFFHQNx1_ASAP7_75t_R) 1358.46 1531.12 -172.67 (VIOLATED)
u_e.g_mac[1].g_tr2.u_tree.held[60][11]$_DFFE_PP_/D (DFFHQNx1_ASAP7_75t_R) 1358.09 1530.75 -172.66 (VIOLATED)
u_e.g_mac[1].g_tr2.u_tree.herr[78]$_DFFE_PN0P_/D (DFFASRHQNx1_ASAP7_75t_R) 1355.83 1528.48 -172.65 (VIOLATED)
u_e.g_mac[1].g_tr2.u_tree.held[71][20]$_DFFE_PP_/D (DFFHQNx1_ASAP7_75t_R) 1371.54 1544.14 -172.60 (VIOLATED)
u_e.g_mac[1].g_tr2.u_tree.held[78][19]$_DFFE_PP_/D (DFFHQNx1_ASAP7_75t_R) 1373.47 1545.98 -172.51 (VIOLATED)
u_e.g_mac[1].g_tr2.u_tree.held[55][1]$_DFFE_PP_/D (DFFHQNx1_ASAP7_75t_R) 1358.73 1531.15 -172.42 (VIOLATED)
u_e.g_mac[1].g_tr2.u_tree.held[60][9]$_DFFE_PP_/D (DFFHQNx1_ASAP7_75t_R) 1355.92 1528.30 -172.38 (VIOLATED)
u_e.g_mac[1].g_tr2.u_tree.held[71][30]$_DFFE_PP_/D (DFFHQNx1_ASAP7_75t_R) 1379.83 1552.10 -172.27 (VIOLATED)
u_e.g_mac[1].g_tr2.u_tree.held[48][3]$_DFFE_PP_/D (DFFHQNx1_ASAP7_75t_R) 1362.87 1535.13 -172.26 (VIOLATED)
u_e.g_mac[1].g_tr2.u_tree.held[14][2]$_DFFE_PP_/D (DFFHQNx1_ASAP7_75t_R) 1358.34 1530.53 -172.19 (VIOLATED)
u_e.g_mac[1].g_tr2.u_tree.infl[2][3]$_DFF_PN0_/D (DFFASRHQNx1_ASAP7_75t_R) 1357.06 1529.19 -172.13 (VIOLATED)
u_e.g_mac[1].g_tr2.u_tree.held[27][19]$_DFFE_PP_/D (DFFHQNx1_ASAP7_75t_R) 1366.61 1538.69 -172.08 (VIOLATED)
u_e.g_mac[1].g_tr2.u_tree.held[71][26]$_DFFE_PP_/D (DFFHQNx1_ASAP7_75t_R) 1379.86 1551.91 -172.05 (VIOLATED)
u_e.g_mac[1].g_tr2.u_tree.held[32][25]$_DFFE_PP_/D (DFFHQNx1_ASAP7_75t_R) 1373.59 1545.61 -172.02 (VIOLATED)
u_e.g_mac[1].g_l2.u_l0.p1_sh[11][3]$_DFF_P_/D (DFFHQNx1_ASAP7_75t_R) 1372.87 1544.83 -171.96 (VIOLATED)
u_e.g_mac[1].g_tr2.u_tree.held[60][10]$_DFFE_PP_/D (DFFHQNx1_ASAP7_75t_R) 1359.29 1531.24 -171.95 (VIOLATED)
u_e.g_mac[1].g_tr2.u_tree.held[63][9]$_DFFE_PP_/D (DFFHQNx1_ASAP7_75t_R) 1358.57 1530.51 -171.94 (VIOLATED)
u_e.g_mac[1].g_tr2.u_tree.held[40][7]$_DFFE_PP_/D (DFFHQNx1_ASAP7_75t_R) 1359.03 1530.97 -171.94 (VIOLATED)
u_e.g_mac[1].g_tr2.u_tree.held[44][21]$_DFFE_PP_/D (DFFHQNx1_ASAP7_75t_R) 1377.50 1549.41 -171.91 (VIOLATED)
u_e.g_mac[1].g_tr2.u_tree.held[44][24]$_DFFE_PP_/D (DFFHQNx1_ASAP7_75t_R) 1378.41 1550.30 -171.89 (VIOLATED)
u_e.g_mac[1].g_tr2.u_tree.held[28][24]$_DFFE_PP_/D (DFFHQNx1_ASAP7_75t_R) 1373.73 1545.54 -171.81 (VIOLATED)
u_e.g_mac[1].g_tr2.u_tree.held[40][28]$_DFFE_PP_/D (DFFHQNx1_ASAP7_75t_R) 1366.80 1538.61 -171.81 (VIOLATED)
u_e.g_mac[1].g_tr2.u_tree.held[63][1]$_DFFE_PP_/D (DFFHQNx1_ASAP7_75t_R) 1358.88 1530.68 -171.80 (VIOLATED)
u_e.g_mac[1].g_tr2.u_tree.held[40][23]$_DFFE_PP_/D (DFFHQNx1_ASAP7_75t_R) 1372.10 1543.83 -171.74 (VIOLATED)
u_e.g_mac[1].g_tr2.u_tree.held[60][29]$_DFFE_PP_/D (DFFHQNx1_ASAP7_75t_R) 1365.71 1537.43 -171.72 (VIOLATED)
u_e.g_mac[1].g_tr2.u_tree.have[5]$_DFFE_PN0P_/D (DFFASRHQNx1_ASAP7_75t_R) 1345.20 1516.83 -171.63 (VIOLATED)
u_e.g_mac[1].g_tr2.u_tree.held[29][23]$_DFFE_PP_/D (DFFHQNx1_ASAP7_75t_R) 1355.34 1526.95 -171.61 (VIOLATED)
u_e.g_mac[1].g_tr2.u_tree.held[63][18]$_DFFE_PP_/D (DFFHQNx1_ASAP7_75t_R) 1358.87 1530.47 -171.60 (VIOLATED)
u_e.g_mac[1].g_tr2.u_tree.held[27][15]$_DFFE_PP_/D (DFFHQNx1_ASAP7_75t_R) 1366.13 1537.67 -171.54 (VIOLATED)
u_e.g_mac[1].g_tr2.u_tree.held[17][19]$_DFFE_PP_/D (DFFHQNx1_ASAP7_75t_R) 1371.91 1543.43 -171.52 (VIOLATED)
u_e.g_mac[1].g_tr2.u_tree.held[74][17]$_DFFE_PP_/D (DFFHQNx1_ASAP7_75t_R) 1360.09 1531.60 -171.51 (VIOLATED)
u_e.g_mac[1].g_tr2.u_tree.held[40][5]$_DFFE_PP_/D (DFFHQNx1_ASAP7_75t_R) 1357.34 1528.85 -171.51 (VIOLATED)
u_e.g_mac[1].g_tr2.u_tree.held[55][6]$_DFFE_PP_/D (DFFHQNx1_ASAP7_75t_R) 1359.06 1530.57 -171.51 (VIOLATED)
u_e.g_mac[1].g_tr2.u_tree.held[6][6]$_DFFE_PP_/D (DFFHQNx1_ASAP7_75t_R) 1355.59 1527.09 -171.50 (VIOLATED)
u_e.g_mac[1].g_tr2.u_tree.held[10][8]$_DFFE_PP_/D (DFFHQNx1_ASAP7_75t_R) 1357.15 1528.63 -171.48 (VIOLATED)
u_e.g_mac[1].g_tr2.u_tree.held[10][28]$_DFFE_PP_/D (DFFHQNx1_ASAP7_75t_R) 1366.05 1537.50 -171.45 (VIOLATED)
u_e.g_mac[1].g_tr2.u_tree.held[14][11]$_DFFE_PP_/D (DFFHQNx1_ASAP7_75t_R) 1358.90 1530.33 -171.43 (VIOLATED)
u_e.g_mac[1].g_tr2.u_tree.held[17][3]$_DFFE_PP_/D (DFFHQNx1_ASAP7_75t_R) 1357.17 1528.60 -171.43 (VIOLATED)
u_e.g_mac[1].g_tr2.u_tree.held[18][31]$_DFFE_PP_/D (DFFHQNx1_ASAP7_75t_R) 1364.40 1535.81 -171.41 (VIOLATED)
u_e.g_mac[1].g_tr2.u_tree.held[40][9]$_DFFE_PP_/D (DFFHQNx1_ASAP7_75t_R) 1356.89 1528.25 -171.36 (VIOLATED)
u_e.g_mac[1].g_tr2.u_tree.held[60][27]$_DFFE_PP_/D (DFFHQNx1_ASAP7_75t_R) 1365.93 1537.28 -171.35 (VIOLATED)
u_e.g_mac[1].g_tr2.u_tree.held[40][21]$_DFFE_PP_/D (DFFHQNx1_ASAP7_75t_R) 1366.23 1537.55 -171.32 (VIOLATED)
u_e.g_mac[1].g_tr2.u_tree.held[18][2]$_DFFE_PP_/D (DFFHQNx1_ASAP7_75t_R) 1357.98 1529.26 -171.28 (VIOLATED)
u_e.g_mac[1].g_tr2.u_tree.herr[1]$_DFFE_PN0P_/D (DFFASRHQNx1_ASAP7_75t_R) 1344.99 1516.26 -171.27 (VIOLATED)
u_e.g_mac[1].g_tr2.u_tree.held[14][5]$_DFFE_PP_/D (DFFHQNx1_ASAP7_75t_R) 1359.04 1530.27 -171.24 (VIOLATED)
u_e.g_mac[1].g_tr2.u_tree.held[56][22]$_DFFE_PP_/D (DFFHQNx1_ASAP7_75t_R) 1358.29 1529.44 -171.15 (VIOLATED)
u_e.g_mac[1].g_tr2.u_tree.held[10][21]$_DFFE_PP_/D (DFFHQNx1_ASAP7_75t_R) 1366.64 1537.79 -171.15 (VIOLATED)
u_e.g_mac[1].g_tr2.u_tree.held[34][5]$_DFFE_PP_/D (DFFHQNx1_ASAP7_75t_R) 1357.23 1528.38 -171.15 (VIOLATED)
u_e.g_mac[1].g_tr2.u_tree.herr[27]$_DFFE_PN0P_/D (DFFASRHQNx1_ASAP7_75t_R) 1343.23 1514.29 -171.06 (VIOLATED)
u_e.g_mac[1].g_tr2.u_tree.held[34][9]$_DFFE_PP_/D (DFFHQNx1_ASAP7_75t_R) 1357.65 1528.68 -171.03 (VIOLATED)
u_e.g_mac[1].g_tr2.u_tree.held[55][31]$_DFFE_PP_/D (DFFHQNx1_ASAP7_75t_R) 1359.01 1530.01 -171.00 (VIOLATED)
u_e.g_mac[1].g_tr2.u_tree.held[74][3]$_DFFE_PP_/D (DFFHQNx1_ASAP7_75t_R) 1357.35 1528.26 -170.91 (VIOLATED)
u_e.g_mac[1].g_tr2.u_tree.held[27][21]$_DFFE_PP_/D (DFFHQNx1_ASAP7_75t_R) 1366.48 1537.32 -170.84 (VIOLATED)
u_e.g_mac[1].g_tr2.u_tree.held[72][8]$_DFFE_PP_/D (DFFHQNx1_ASAP7_75t_R) 1355.89 1526.73 -170.84 (VIOLATED)
u_e.g_mac[1].g_tr2.u_tree.held[10][1]$_DFFE_PP_/D (DFFHQNx1_ASAP7_75t_R) 1362.70 1533.52 -170.82 (VIOLATED)
u_e.g_mac[1].g_tr2.u_tree.held[78][25]$_DFFE_PP_/D (DFFHQNx1_ASAP7_75t_R) 1373.47 1544.11 -170.64 (VIOLATED)
u_e.g_mac[1].g_tr2.u_tree.held[76][27]$_DFFE_PP_/D (DFFHQNx1_ASAP7_75t_R) 1366.28 1536.89 -170.61 (VIOLATED)
u_e.g_mac[1].g_tr2.u_tree.held[18][22]$_DFFE_PP_/D (DFFHQNx1_ASAP7_75t_R) 1379.97 1550.41 -170.44 (VIOLATED)
u_e.g_mac[1].g_tr2.u_tree.held[41][16]$_DFFE_PP_/D (DFFHQNx1_ASAP7_75t_R) 1357.27 1527.70 -170.43 (VIOLATED)
u_e.g_mac[1].g_tr2.u_tree.herr[37]$_DFFE_PN0P_/D (DFFASRHQNx1_ASAP7_75t_R) 1343.49 1513.91 -170.42 (VIOLATED)
u_e.g_mac[1].g_tr2.u_tree.held[63][23]$_DFFE_PP_/D (DFFHQNx1_ASAP7_75t_R) 1359.28 1529.70 -170.42 (VIOLATED)
u_e.g_mac[1].g_tr2.u_tree.held[14][7]$_DFFE_PP_/D (DFFHQNx1_ASAP7_75t_R) 1359.21 1529.61 -170.40 (VIOLATED)
u_e.g_mac[1].g_tr2.u_tree.held[19][23]$_DFFE_PP_/D (DFFHQNx1_ASAP7_75t_R) 1354.93 1525.29 -170.36 (VIOLATED)
u_e.g_mac[1].g_tr2.u_tree.held[41][8]$_DFFE_PP_/D (DFFHQNx1_ASAP7_75t_R) 1357.34 1527.70 -170.35 (VIOLATED)
u_e.g_mac[1].g_tr2.u_tree.held[40][4]$_DFFE_PP_/D (DFFHQNx1_ASAP7_75t_R) 1359.14 1529.44 -170.30 (VIOLATED)
u_e.g_mac[1].g_tr2.u_tree.held[32][30]$_DFFE_PP_/D (DFFHQNx1_ASAP7_75t_R) 1367.29 1537.45 -170.16 (VIOLATED)
u_e.g_mac[1].g_tr2.u_tree.held[17][14]$_DFFE_PP_/D (DFFHQNx1_ASAP7_75t_R) 1357.83 1527.99 -170.15 (VIOLATED)
u_e.g_mac[1].g_tr2.u_tree.held[78][6]$_DFFE_PP_/D (DFFHQNx1_ASAP7_75t_R) 1359.24 1529.33 -170.09 (VIOLATED)
u_e.g_mac[1].g_tr2.u_tree.held[32][27]$_DFFE_PP_/D (DFFHQNx1_ASAP7_75t_R) 1365.82 1535.90 -170.08 (VIOLATED)
u_e.g_mac[1].g_tr2.u_tree.held[1][30]$_DFFE_PP_/D (DFFHQNx1_ASAP7_75t_R) 1366.67 1536.75 -170.08 (VIOLATED)
u_e.g_mac[1].g_tr2.u_tree.held[56][14]$_DFFE_PP_/D (DFFHQNx1_ASAP7_75t_R) 1358.03 1528.08 -170.04 (VIOLATED)
u_e.g_mac[1].g_tr2.u_tree.held[60][31]$_DFFE_PP_/D (DFFHQNx1_ASAP7_75t_R) 1359.89 1529.92 -170.03 (VIOLATED)
u_e.g_mac[1].g_tr2.u_tree.held[14][0]$_DFFE_PP_/D (DFFHQNx1_ASAP7_75t_R) 1362.33 1532.35 -170.02 (VIOLATED)
u_e.g_mac[1].g_tr2.u_tree.held[39][13]$_DFFE_PP_/D (DFFHQNx1_ASAP7_75t_R) 1355.57 1525.57 -170.00 (VIOLATED)
u_e.g_mac[1].g_tr2.u_tree.held[55][3]$_DFFE_PP_/D (DFFHQNx1_ASAP7_75t_R) 1361.57 1531.57 -170.00 (VIOLATED)
u_e.g_mac[1].g_tr2.u_tree.held[14][4]$_DFFE_PP_/D (DFFHQNx1_ASAP7_75t_R) 1355.18 1525.15 -169.97 (VIOLATED)
u_e.g_mac[1].g_tr2.u_tree.infl[15][3]$_DFF_PN0_/D (DFFASRHQNx1_ASAP7_75t_R) 1362.65 1532.61 -169.96 (VIOLATED)
u_e.g_mac[1].g_tr2.u_tree.held[78][2]$_DFFE_PP_/D (DFFHQNx1_ASAP7_75t_R) 1357.81 1527.76 -169.95 (VIOLATED)
u_e.g_mac[1].g_tr2.u_tree.held[24][14]$_DFFE_PP_/D (DFFHQNx1_ASAP7_75t_R) 1358.09 1528.01 -169.93 (VIOLATED)
u_e.g_mac[1].g_tr2.u_tree.held[60][30]$_DFFE_PP_/D (DFFHQNx1_ASAP7_75t_R) 1366.95 1536.86 -169.91 (VIOLATED)
u_e.g_mac[1].g_tr2.u_tree.held[19][18]$_DFFE_PP_/D (DFFHQNx1_ASAP7_75t_R) 1355.08 1524.88 -169.80 (VIOLATED)
u_e.g_mac[1].g_tr2.u_tree.have[46]$_DFFE_PN0P_/D (DFFASRHQNx1_ASAP7_75t_R) 1346.01 1515.78 -169.77 (VIOLATED)
u_e.g_mac[1].g_tr2.u_tree.held[78][13]$_DFFE_PP_/D (DFFHQNx1_ASAP7_75t_R) 1355.19 1524.95 -169.76 (VIOLATED)
u_e.g_mac[1].g_tr2.u_tree.held[24][20]$_DFFE_PP_/D (DFFHQNx1_ASAP7_75t_R) 1358.80 1528.51 -169.70 (VIOLATED)
u_e.g_mac[1].g_tr2.u_tree.held[74][0]$_DFFE_PP_/D (DFFHQNx1_ASAP7_75t_R) 1362.07 1531.72 -169.65 (VIOLATED)
u_e.g_mac[1].g_tr2.u_tree.held[14][10]$_DFFE_PP_/D (DFFHQNx1_ASAP7_75t_R) 1355.64 1525.26 -169.62 (VIOLATED)
u_e.g_mac[1].g_tr2.u_tree.held[78][21]$_DFFE_PP_/D (DFFHQNx1_ASAP7_75t_R) 1373.16 1542.72 -169.56 (VIOLATED)
u_e.g_mac[1].g_tr2.u_tree.held[32][29]$_DFFE_PP_/D (DFFHQNx1_ASAP7_75t_R) 1367.05 1536.60 -169.55 (VIOLATED)
u_e.g_mac[1].g_tr2.u_tree.held[41][5]$_DFFE_PP_/D (DFFHQNx1_ASAP7_75t_R) 1357.06 1526.61 -169.55 (VIOLATED)
u_e.g_mac[1].g_tr2.u_tree.held[63][28]$_DFFE_PP_/D (DFFHQNx1_ASAP7_75t_R) 1368.07 1537.62 -169.54 (VIOLATED)
u_e.g_mac[1].g_tr2.u_tree.held[72][3]$_DFFE_PP_/D (DFFHQNx1_ASAP7_75t_R) 1362.68 1532.21 -169.53 (VIOLATED)
u_e.g_mac[1].g_tr2.u_tree.held[17][2]$_DFFE_PP_/D (DFFHQNx1_ASAP7_75t_R) 1356.13 1525.65 -169.52 (VIOLATED)
u_e.g_mac[1].g_tr2.u_tree.held[44][19]$_DFFE_PP_/D (DFFHQNx1_ASAP7_75t_R) 1373.19 1542.69 -169.50 (VIOLATED)
u_e.g_mac[1].g_tr2.u_tree.held[14][8]$_DFFE_PP_/D (DFFHQNx1_ASAP7_75t_R) 1362.78 1532.23 -169.44 (VIOLATED)
u_e.g_mac[1].g_tr2.u_tree.held[30][1]$_DFFE_PP_/D (DFFHQNx1_ASAP7_75t_R) 1355.81 1525.16 -169.35 (VIOLATED)
u_e.g_mac[1].g_tr2.u_tree.held[32][1]$_DFFE_PP_/D (DFFHQNx1_ASAP7_75t_R) 1362.22 1531.55 -169.33 (VIOLATED)
u_e.g_mac[1].g_tr2.u_tree.held[50][23]$_DFFE_PP_/D (DFFHQNx1_ASAP7_75t_R) 1372.12 1541.45 -169.33 (VIOLATED)
u_e.g_mac[1].g_tr2.u_tree.held[44][12]$_DFFE_PP_/D (DFFHQNx1_ASAP7_75t_R) 1360.76 1530.06 -169.30 (VIOLATED)
u_e.g_mac[1].g_tr2.u_tree.held[41][2]$_DFFE_PP_/D (DFFHQNx1_ASAP7_75t_R) 1358.44 1527.73 -169.29 (VIOLATED)
u_e.g_mac[1].g_tr2.u_tree.held[32][19]$_DFFE_PP_/D (DFFHQNx1_ASAP7_75t_R) 1367.66 1536.88 -169.22 (VIOLATED)
u_e.g_mac[1].g_tr2.u_tree.held[56][17]$_DFFE_PP_/D (DFFHQNx1_ASAP7_75t_R) 1359.15 1528.30 -169.14 (VIOLATED)
u_e.g_mac[1].g_tr2.u_tree.have[39]$_DFFE_PN0P_/D (DFFASRHQNx1_ASAP7_75t_R) 1345.27 1514.38 -169.12 (VIOLATED)
u_e.g_mac[1].g_tr2.u_tree.held[17][22]$_DFFE_PP_/D (DFFHQNx1_ASAP7_75t_R) 1379.41 1548.50 -169.09 (VIOLATED)
u_e.g_mac[1].g_tr2.u_tree.held[74][4]$_DFFE_PP_/D (DFFHQNx1_ASAP7_75t_R) 1358.17 1527.26 -169.09 (VIOLATED)
u_e.g_mac[1].g_tr2.u_tree.held[14][6]$_DFFE_PP_/D (DFFHQNx1_ASAP7_75t_R) 1359.87 1528.96 -169.09 (VIOLATED)
u_e.g_mac[1].g_tr2.u_tree.held[75][1]$_DFFE_PP_/D (DFFHQNx1_ASAP7_75t_R) 1359.10 1528.18 -169.08 (VIOLATED)
u_e.g_mac[1].g_tr2.u_tree.held[18][14]$_DFFE_PP_/D (DFFHQNx1_ASAP7_75t_R) 1371.29 1540.37 -169.07 (VIOLATED)
u_e.g_mac[1].g_tr2.u_tree.held[78][12]$_DFFE_PP_/D (DFFHQNx1_ASAP7_75t_R) 1359.56 1528.63 -169.07 (VIOLATED)
u_e.g_mac[1].g_tr2.u_tree.held[29][20]$_DFFE_PP_/D (DFFHQNx1_ASAP7_75t_R) 1358.46 1527.51 -169.05 (VIOLATED)
u_e.g_mac[1].g_tr2.u_tree.held[72][4]$_DFFE_PP_/D (DFFHQNx1_ASAP7_75t_R) 1360.42 1529.46 -169.04 (VIOLATED)
u_e.g_mac[1].g_tr2.u_tree.held[55][2]$_DFFE_PP_/D (DFFHQNx1_ASAP7_75t_R) 1358.24 1527.26 -169.02 (VIOLATED)
u_e.g_mac[1].g_tr2.u_tree.held[12][31]$_DFFE_PP_/D (DFFHQNx1_ASAP7_75t_R) 1364.35 1533.36 -169.01 (VIOLATED)
u_e.g_mac[1].g_tr2.u_tree.held[20][1]$_DFFE_PP_/D (DFFHQNx1_ASAP7_75t_R) 1358.34 1527.33 -168.99 (VIOLATED)
u_e.g_mac[1].g_tr2.u_tree.held[16][23]$_DFFE_PP_/D (DFFHQNx1_ASAP7_75t_R) 1372.08 1541.07 -168.99 (VIOLATED)
u_e.g_mac[1].g_tr2.u_tree.have[51]$_DFFE_PN0P_/D (DFFASRHQNx1_ASAP7_75t_R) 1345.03 1514.00 -168.97 (VIOLATED)
u_e.g_mac[1].g_tr2.u_tree.held[63][4]$_DFFE_PP_/D (DFFHQNx1_ASAP7_75t_R) 1359.03 1527.99 -168.96 (VIOLATED)
u_e.g_mac[1].g_tr2.u_tree.held[1][27]$_DFFE_PP_/D (DFFHQNx1_ASAP7_75t_R) 1366.97 1535.89 -168.92 (VIOLATED)
u_e.g_mac[1].g_tr2.u_tree.held[55][4]$_DFFE_PP_/D (DFFHQNx1_ASAP7_75t_R) 1358.52 1527.39 -168.87 (VIOLATED)
u_e.g_mac[1].g_tr2.u_tree.infl[15][2]$_DFF_PN0_/D (DFFASRHQNx1_ASAP7_75t_R) 1362.51 1531.25 -168.74 (VIOLATED)
u_e.g_mac[1].g_tr2.u_tree.held[17][28]$_DFFE_PP_/D (DFFHQNx1_ASAP7_75t_R) 1378.45 1547.19 -168.74 (VIOLATED)
u_e.g_mac[1].g_tr2.u_tree.held[4][14]$_DFFE_PP_/D (DFFHQNx1_ASAP7_75t_R) 1366.34 1535.06 -168.72 (VIOLATED)
u_e.g_mac[1].g_tr2.u_tree.held[14][17]$_DFFE_PP_/D (DFFHQNx1_ASAP7_75t_R) 1358.58 1527.23 -168.66 (VIOLATED)
u_e.g_mac[1].g_tr2.u_tree.held[17][11]$_DFFE_PP_/D (DFFHQNx1_ASAP7_75t_R) 1357.58 1526.18 -168.60 (VIOLATED)
u_e.g_mac[1].g_tr2.u_tree.have[75]$_DFFE_PN0P_/D (DFFASRHQNx1_ASAP7_75t_R) 1364.10 1532.69 -168.59 (VIOLATED)
u_e.g_mac[1].g_tr2.u_tree.held[44][30]$_DFFE_PP_/D (DFFHQNx1_ASAP7_75t_R) 1380.09 1548.67 -168.58 (VIOLATED)
u_e.g_mac[1].g_tr2.u_tree.held[44][27]$_DFFE_PP_/D (DFFHQNx1_ASAP7_75t_R) 1379.01 1547.56 -168.55 (VIOLATED)
u_e.g_mac[1].g_tr2.u_tree.held[74][2]$_DFFE_PP_/D (DFFHQNx1_ASAP7_75t_R) 1358.77 1527.24 -168.46 (VIOLATED)
u_e.g_mac[1].g_tr2.u_tree.held[55][24]$_DFFE_PP_/D (DFFHQNx1_ASAP7_75t_R) 1372.13 1540.55 -168.42 (VIOLATED)
u_e.g_mac[1].g_tr2.u_tree.held[55][28]$_DFFE_PP_/D (DFFHQNx1_ASAP7_75t_R) 1367.77 1536.19 -168.42 (VIOLATED)
u_e.g_mac[1].g_tr2.u_tree.held[29][5]$_DFFE_PP_/D (DFFHQNx1_ASAP7_75t_R) 1357.52 1525.91 -168.39 (VIOLATED)
u_e.g_mac[1].g_tr2.u_tree.held[74][7]$_DFFE_PP_/D (DFFHQNx1_ASAP7_75t_R) 1359.01 1527.40 -168.39 (VIOLATED)
u_e.g_mac[1].g_tr2.u_tree.held[78][24]$_DFFE_PP_/D (DFFHQNx1_ASAP7_75t_R) 1374.68 1543.03 -168.35 (VIOLATED)
u_e.g_mac[1].g_tr2.u_tree.held[60][1]$_DFFE_PP_/D (DFFHQNx1_ASAP7_75t_R) 1373.03 1541.37 -168.35 (VIOLATED)
u_e.g_mac[1].g_tr2.u_tree.held[72][0]$_DFFE_PP_/D (DFFHQNx1_ASAP7_75t_R) 1362.26 1530.59 -168.33 (VIOLATED)
u_e.g_mac[1].g_tr2.u_tree.held[18][23]$_DFFE_PP_/D (DFFHQNx1_ASAP7_75t_R) 1372.11 1540.41 -168.30 (VIOLATED)
u_e.g_mac[1].g_tr2.u_tree.held[40][13]$_DFFE_PP_/D (DFFHQNx1_ASAP7_75t_R) 1372.13 1540.39 -168.26 (VIOLATED)
u_e.g_mac[1].g_tr2.u_tree.held[25][29]$_DFFE_PP_/D (DFFHQNx1_ASAP7_75t_R) 1367.06 1535.26 -168.20 (VIOLATED)
u_e.g_mac[1].g_tr2.u_tree.held[41][0]$_DFFE_PP_/D (DFFHQNx1_ASAP7_75t_R) 1361.61 1529.78 -168.16 (VIOLATED)
u_e.g_mac[1].g_tr2.u_tree.have[68]$_DFFE_PN0P_/D (DFFASRHQNx1_ASAP7_75t_R) 1345.41 1513.56 -168.16 (VIOLATED)
u_e.g_mac[1].g_tr2.u_tree.held[4][28]$_DFFE_PP_/D (DFFHQNx1_ASAP7_75t_R) 1367.40 1535.51 -168.11 (VIOLATED)
u_e.g_mac[1].g_l2.u_l0.p0_wq[59]$_DFF_P_/D (DFFHQNx1_ASAP7_75t_R) 1364.96 1533.07 -168.11 (VIOLATED)
u_e.g_mac[1].g_tr2.u_tree.held[31][13]$_DFFE_PP_/D (DFFHQNx1_ASAP7_75t_R) 1355.36 1523.45 -168.09 (VIOLATED)
u_e.g_mac[1].g_tr2.u_tree.held[48][4]$_DFFE_PP_/D (DFFHQNx1_ASAP7_75t_R) 1358.18 1526.24 -168.06 (VIOLATED)
u_e.g_mac[0].g_l2.u_l0.p1_p[12][7]$_DFF_P_/D (DFFHQNx1_ASAP7_75t_R) 1374.86 1542.92 -168.06 (VIOLATED)
u_e.g_mac[1].g_tr2.u_tree.held[50][20]$_DFFE_PP_/D (DFFHQNx1_ASAP7_75t_R) 1371.83 1539.86 -168.03 (VIOLATED)
u_e.g_mac[1].g_tr2.u_tree.held[20][2]$_DFFE_PP_/D (DFFHQNx1_ASAP7_75t_R) 1358.05 1526.08 -168.03 (VIOLATED)
u_e.g_mac[1].g_tr2.u_tree.held[14][9]$_DFFE_PP_/D (DFFHQNx1_ASAP7_75t_R) 1357.23 1525.24 -168.01 (VIOLATED)
u_e.g_mac[1].g_tr2.u_tree.held[17][31]$_DFFE_PP_/D (DFFHQNx1_ASAP7_75t_R) 1358.13 1526.07 -167.94 (VIOLATED)
u_e.g_mac[1].g_tr2.u_tree.held[34][20]$_DFFE_PP_/D (DFFHQNx1_ASAP7_75t_R) 1370.85 1538.75 -167.90 (VIOLATED)
u_e.g_mac[1].g_l2.u_l0.p1_p[14][5]$_DFF_P_/D (DFFHQNx1_ASAP7_75t_R) 1365.01 1532.85 -167.84 (VIOLATED)
u_e.g_mac[1].g_tr2.u_tree.held[30][8]$_DFFE_PP_/D (DFFHQNx1_ASAP7_75t_R) 1357.19 1525.01 -167.82 (VIOLATED)
u_e.g_mac[1].g_tr2.u_tree.held[14][12]$_DFFE_PP_/D (DFFHQNx1_ASAP7_75t_R) 1359.69 1527.49 -167.80 (VIOLATED)
u_e.g_mac[1].g_tr2.u_tree.held[32][23]$_DFFE_PP_/D (DFFHQNx1_ASAP7_75t_R) 1372.80 1540.60 -167.79 (VIOLATED)
u_e.g_mac[1].g_tr2.u_tree.held[18][15]$_DFFE_PP_/D (DFFHQNx1_ASAP7_75t_R) 1367.32 1535.02 -167.70 (VIOLATED)
u_e.g_mac[1].g_tr2.u_tree.held[17][8]$_DFFE_PP_/D (DFFHQNx1_ASAP7_75t_R) 1363.26 1530.89 -167.63 (VIOLATED)
u_e.g_mac[1].g_tr2.u_tree.held[78][26]$_DFFE_PP_/D (DFFHQNx1_ASAP7_75t_R) 1372.66 1540.25 -167.60 (VIOLATED)
u_e.g_mac[1].g_tr2.u_tree.held[17][9]$_DFFE_PP_/D (DFFHQNx1_ASAP7_75t_R) 1356.82 1524.40 -167.59 (VIOLATED)
u_e.g_mac[1].g_tr2.u_tree.held[55][11]$_DFFE_PP_/D (DFFHQNx1_ASAP7_75t_R) 1359.02 1526.53 -167.51 (VIOLATED)
u_e.g_mac[1].g_tr2.u_tree.held[55][19]$_DFFE_PP_/D (DFFHQNx1_ASAP7_75t_R) 1372.89 1540.37 -167.48 (VIOLATED)
u_e.g_mac[1].g_tr2.u_tree.held[18][30]$_DFFE_PP_/D (DFFHQNx1_ASAP7_75t_R) 1366.25 1533.72 -167.47 (VIOLATED)
u_e.g_mac[1].g_tr2.u_tree.herr[16]$_DFFE_PN0P_/D (DFFASRHQNx1_ASAP7_75t_R) 1345.34 1512.80 -167.45 (VIOLATED)
u_e.g_mac[1].g_tr2.u_tree.held[22][29]$_DFFE_PP_/D (DFFHQNx1_ASAP7_75t_R) 1372.67 1540.10 -167.43 (VIOLATED)
u_e.g_mac[1].g_tr2.u_tree.held[50][14]$_DFFE_PP_/D (DFFHQNx1_ASAP7_75t_R) 1371.42 1538.81 -167.39 (VIOLATED)
u_e.g_mac[1].g_tr2.u_tree.held[4][3]$_DFFE_PP_/D (DFFHQNx1_ASAP7_75t_R) 1357.61 1524.99 -167.38 (VIOLATED)
u_e.g_mac[1].g_tr2.u_tree.held[63][15]$_DFFE_PP_/D (DFFHQNx1_ASAP7_75t_R) 1372.71 1540.05 -167.34 (VIOLATED)
u_e.g_mac[1].g_tr2.u_tree.infl[3][3]$_DFF_PN0_/D (DFFASRHQNx1_ASAP7_75t_R) 1357.36 1524.68 -167.32 (VIOLATED)
u_e.g_mac[1].g_tr2.u_tree.held[25][19]$_DFFE_PP_/D (DFFHQNx1_ASAP7_75t_R) 1366.44 1533.74 -167.30 (VIOLATED)
u_e.g_mac[1].g_tr2.u_tree.held[24][9]$_DFFE_PP_/D (DFFHQNx1_ASAP7_75t_R) 1359.40 1526.69 -167.29 (VIOLATED)
u_e.g_mac[1].g_tr2.u_tree.held[48][2]$_DFFE_PP_/D (DFFHQNx1_ASAP7_75t_R) 1358.62 1525.88 -167.26 (VIOLATED)
u_e.g_mac[1].g_tr2.u_tree.held[17][12]$_DFFE_PP_/D (DFFHQNx1_ASAP7_75t_R) 1358.89 1526.10 -167.20 (VIOLATED)
u_e.g_mac[1].g_tr2.u_tree.held[60][2]$_DFFE_PP_/D (DFFHQNx1_ASAP7_75t_R) 1358.95 1526.14 -167.19 (VIOLATED)
u_e.g_mac[1].g_tr2.u_tree.held[32][21]$_DFFE_PP_/D (DFFHQNx1_ASAP7_75t_R) 1366.44 1533.58 -167.14 (VIOLATED)
u_e.g_mac[1].g_tr2.u_tree.held[56][6]$_DFFE_PP_/D (DFFHQNx1_ASAP7_75t_R) 1364.12 1531.21 -167.09 (VIOLATED)
u_e.g_mac[1].g_tr2.u_tree.held[16][25]$_DFFE_PP_/D (DFFHQNx1_ASAP7_75t_R) 1373.04 1540.13 -167.09 (VIOLATED)
u_e.g_mac[1].g_tr2.u_tree.held[14][16]$_DFFE_PP_/D (DFFHQNx1_ASAP7_75t_R) 1359.01 1526.09 -167.08 (VIOLATED)
u_e.g_mac[1].g_tr2.u_tree.held[55][12]$_DFFE_PP_/D (DFFHQNx1_ASAP7_75t_R) 1358.45 1525.52 -167.08 (VIOLATED)
u_e.g_mac[1].g_tr2.u_tree.held[16][15]$_DFFE_PP_/D (DFFHQNx1_ASAP7_75t_R) 1372.76 1539.82 -167.06 (VIOLATED)
u_e.g_mac[1].g_tr2.u_tree.herr[24]$_DFFE_PN0P_/D (DFFASRHQNx1_ASAP7_75t_R) 1367.69 1534.73 -167.04 (VIOLATED)
u_e.g_mac[1].g_tr2.u_tree.held[55][30]$_DFFE_PP_/D (DFFHQNx1_ASAP7_75t_R) 1366.53 1533.55 -167.02 (VIOLATED)
u_e.g_mac[1].g_tr2.u_tree.held[22][4]$_DFFE_PP_/D (DFFHQNx1_ASAP7_75t_R) 1358.41 1525.43 -167.02 (VIOLATED)
u_e.g_mac[1].g_tr2.u_tree.held[71][3]$_DFFE_PP_/D (DFFHQNx1_ASAP7_75t_R) 1362.63 1529.63 -167.01 (VIOLATED)
u_e.g_mac[1].g_tr2.u_tree.held[70][13]$_DFFE_PP_/D (DFFHQNx1_ASAP7_75t_R) 1356.55 1523.55 -167.00 (VIOLATED)
u_e.g_mac[1].g_tr2.u_tree.held[4][8]$_DFFE_PP_/D (DFFHQNx1_ASAP7_75t_R) 1357.34 1524.34 -167.00 (VIOLATED)
u_e.g_mac[1].g_tr2.u_tree.held[28][29]$_DFFE_PP_/D (DFFHQNx1_ASAP7_75t_R) 1380.92 1547.79 -166.88 (VIOLATED)
u_e.g_mac[1].g_tr2.u_tree.held[41][3]$_DFFE_PP_/D (DFFHQNx1_ASAP7_75t_R) 1362.61 1529.47 -166.86 (VIOLATED)
u_e.g_mac[1].g_tr2.u_tree.held[60][8]$_DFFE_PP_/D (DFFHQNx1_ASAP7_75t_R) 1374.09 1540.94 -166.86 (VIOLATED)
u_e.g_mac[1].g_tr2.u_tree.held[78][17]$_DFFE_PP_/D (DFFHQNx1_ASAP7_75t_R) 1359.22 1526.06 -166.83 (VIOLATED)
u_e.g_mac[1].g_l2.u_l0.p1_p[13][7]$_DFF_P_/D (DFFHQNx1_ASAP7_75t_R) 1364.18 1530.96 -166.78 (VIOLATED)
u_e.g_mac[1].g_tr2.u_tree.held[28][30]$_DFFE_PP_/D (DFFHQNx1_ASAP7_75t_R) 1381.41 1548.13 -166.72 (VIOLATED)
u_e.g_mac[1].g_tr2.u_tree.held[50][19]$_DFFE_PP_/D (DFFHQNx1_ASAP7_75t_R) 1372.99 1539.69 -166.71 (VIOLATED)
u_e.g_mac[1].g_tr2.u_tree.held[45][29]$_DFFE_PP_/D (DFFHQNx1_ASAP7_75t_R) 1372.30 1538.97 -166.67 (VIOLATED)
u_e.g_mac[1].g_tr2.u_tree.held[28][19]$_DFFE_PP_/D (DFFHQNx1_ASAP7_75t_R) 1373.10 1539.76 -166.66 (VIOLATED)
u_e.g_mac[1].g_tr2.u_tree.held[24][17]$_DFFE_PP_/D (DFFHQNx1_ASAP7_75t_R) 1358.93 1525.59 -166.65 (VIOLATED)
u_e.g_mac[1].g_tr2.u_tree.held[30][9]$_DFFE_PP_/D (DFFHQNx1_ASAP7_75t_R) 1356.03 1522.63 -166.60 (VIOLATED)
u_e.g_mac[1].g_tr2.u_tree.held[25][30]$_DFFE_PP_/D (DFFHQNx1_ASAP7_75t_R) 1366.01 1532.61 -166.60 (VIOLATED)
u_e.g_mac[1].g_tr2.u_tree.held[32][20]$_DFFE_PP_/D (DFFHQNx1_ASAP7_75t_R) 1373.04 1539.63 -166.59 (VIOLATED)
u_e.g_mac[1].g_tr2.u_tree.held[29][9]$_DFFE_PP_/D (DFFHQNx1_ASAP7_75t_R) 1359.85 1526.43 -166.58 (VIOLATED)
u_e.g_mac[1].g_tr2.u_tree.held[78][29]$_DFFE_PP_/D (DFFHQNx1_ASAP7_75t_R) 1379.90 1546.47 -166.58 (VIOLATED)
u_e.g_mac[1].g_tr2.u_tree.held[25][27]$_DFFE_PP_/D (DFFHQNx1_ASAP7_75t_R) 1367.28 1533.85 -166.57 (VIOLATED)
u_e.g_mac[1].g_tr2.u_tree.infl[13][3]$_DFF_PN0_/D (DFFASRHQNx1_ASAP7_75t_R) 1362.69 1529.20 -166.51 (VIOLATED)
u_e.g_mac[1].g_tr2.u_tree.held[24][31]$_DFFE_PP_/D (DFFHQNx1_ASAP7_75t_R) 1358.88 1525.38 -166.51 (VIOLATED)
u_e.g_mac[1].g_tr2.u_tree.held[71][0]$_DFFE_PP_/D (DFFHQNx1_ASAP7_75t_R) 1362.94 1529.44 -166.50 (VIOLATED)
u_e.g_mac[1].g_tr2.u_tree.held[78][9]$_DFFE_PP_/D (DFFHQNx1_ASAP7_75t_R) 1359.53 1526.00 -166.47 (VIOLATED)
u_e.g_mac[1].g_tr2.u_tree.held[44][22]$_DFFE_PP_/D (DFFHQNx1_ASAP7_75t_R) 1379.28 1545.73 -166.46 (VIOLATED)
u_e.g_mac[1].g_tr2.u_tree.held[63][11]$_DFFE_PP_/D (DFFHQNx1_ASAP7_75t_R) 1357.91 1524.37 -166.46 (VIOLATED)
u_e.g_mac[1].g_tr2.u_tree.held[36][30]$_DFFE_PP_/D (DFFHQNx1_ASAP7_75t_R) 1365.99 1532.41 -166.43 (VIOLATED)
u_e.g_mac[1].g_tr2.u_tree.held[34][23]$_DFFE_PP_/D (DFFHQNx1_ASAP7_75t_R) 1372.11 1538.53 -166.42 (VIOLATED)
u_e.g_mac[0].g_tr2.u_tree.h_t[1]$_DFF_P_/D (DFFHQNx1_ASAP7_75t_R) 1359.93 1526.35 -166.42 (VIOLATED)
u_e.g_mac[1].g_tr2.u_tree.held[60][6]$_DFFE_PP_/D (DFFHQNx1_ASAP7_75t_R) 1359.90 1526.31 -166.41 (VIOLATED)
u_e.g_mac[1].g_tr2.u_tree.held[34][19]$_DFFE_PP_/D (DFFHQNx1_ASAP7_75t_R) 1371.40 1537.80 -166.40 (VIOLATED)
u_e.g_mac[1].g_tr2.u_tree.held[55][10]$_DFFE_PP_/D (DFFHQNx1_ASAP7_75t_R) 1358.73 1525.13 -166.40 (VIOLATED)
u_e.g_mac[1].g_tr2.u_tree.held[45][26]$_DFFE_PP_/D (DFFHQNx1_ASAP7_75t_R) 1371.96 1538.31 -166.36 (VIOLATED)
u_e.g_mac[1].g_tr2.u_tree.held[71][8]$_DFFE_PP_/D (DFFHQNx1_ASAP7_75t_R) 1358.06 1524.41 -166.35 (VIOLATED)
u_e.g_mac[1].g_tr2.u_tree.held[16][22]$_DFFE_PP_/D (DFFHQNx1_ASAP7_75t_R) 1372.75 1539.07 -166.33 (VIOLATED)
u_e.g_mac[1].g_tr2.u_tree.held[41][17]$_DFFE_PP_/D (DFFHQNx1_ASAP7_75t_R) 1358.87 1525.14 -166.27 (VIOLATED)
u_e.g_mac[1].g_tr2.u_tree.held[28][27]$_DFFE_PP_/D (DFFHQNx1_ASAP7_75t_R) 1381.38 1547.65 -166.27 (VIOLATED)
u_e.g_mac[1].g_tr2.u_tree.have[52]$_DFFE_PN0P_/D (DFFASRHQNx1_ASAP7_75t_R) 1346.58 1512.85 -166.26 (VIOLATED)
u_e.g_mac[1].g_tr2.u_tree.held[44][25]$_DFFE_PP_/D (DFFHQNx1_ASAP7_75t_R) 1380.00 1546.24 -166.24 (VIOLATED)
u_e.g_mac[1].g_tr2.u_tree.held[50][25]$_DFFE_PP_/D (DFFHQNx1_ASAP7_75t_R) 1373.32 1539.53 -166.21 (VIOLATED)
u_e.g_mac[1].g_tr2.u_tree.held[2][17]$_DFFE_PP_/D (DFFHQNx1_ASAP7_75t_R) 1359.46 1525.66 -166.20 (VIOLATED)
u_e.g_mac[1].g_tr2.u_tree.held[22][30]$_DFFE_PP_/D (DFFHQNx1_ASAP7_75t_R) 1378.00 1544.18 -166.18 (VIOLATED)
u_e.g_mac[1].g_tr2.u_tree.held[4][22]$_DFFE_PP_/D (DFFHQNx1_ASAP7_75t_R) 1367.65 1533.82 -166.17 (VIOLATED)
u_e.g_mac[1].g_tr2.u_tree.held[27][0]$_DFFE_PP_/D (DFFHQNx1_ASAP7_75t_R) 1362.48 1528.63 -166.15 (VIOLATED)
u_e.g_mac[1].g_tr2.u_tree.held[31][4]$_DFFE_PP_/D (DFFHQNx1_ASAP7_75t_R) 1374.24 1540.38 -166.14 (VIOLATED)
u_e.g_mac[1].g_tr2.u_tree.held[16][20]$_DFFE_PP_/D (DFFHQNx1_ASAP7_75t_R) 1374.59 1540.71 -166.12 (VIOLATED)
u_e.g_mac[1].g_tr2.u_tree.held[70][5]$_DFFE_PP_/D (DFFHQNx1_ASAP7_75t_R) 1356.83 1522.90 -166.07 (VIOLATED)
u_e.g_mac[1].g_tr2.u_tree.held[44][4]$_DFFE_PP_/D (DFFHQNx1_ASAP7_75t_R) 1363.44 1529.48 -166.04 (VIOLATED)
u_e.g_mac[1].g_tr2.u_tree.held[17][18]$_DFFE_PP_/D (DFFHQNx1_ASAP7_75t_R) 1382.09 1548.12 -166.02 (VIOLATED)
u_e.g_mac[1].g_tr2.u_tree.held[76][21]$_DFFE_PP_/D (DFFHQNx1_ASAP7_75t_R) 1366.88 1532.85 -165.97 (VIOLATED)
u_e.g_mac[1].g_tr2.u_tree.held[24][7]$_DFFE_PP_/D (DFFHQNx1_ASAP7_75t_R) 1359.33 1525.28 -165.96 (VIOLATED)
u_e.g_mac[1].g_l2.u_l0.p1_p[14][8]$_SDFF_PN0_/D (DFFHQNx1_ASAP7_75t_R) 1361.90 1527.84 -165.94 (VIOLATED)
u_e.g_mac[1].g_tr2.u_tree.held[30][5]$_DFFE_PP_/D (DFFHQNx1_ASAP7_75t_R) 1356.00 1521.92 -165.93 (VIOLATED)
u_e.g_mac[1].g_tr2.u_tree.held[36][27]$_DFFE_PP_/D (DFFHQNx1_ASAP7_75t_R) 1366.51 1532.43 -165.92 (VIOLATED)
u_e.g_mac[1].g_tr2.u_tree.held[63][7]$_DFFE_PP_/D (DFFHQNx1_ASAP7_75t_R) 1358.76 1524.67 -165.91 (VIOLATED)
u_e.g_mac[1].g_tr2.u_tree.held[28][25]$_DFFE_PP_/D (DFFHQNx1_ASAP7_75t_R) 1380.30 1546.20 -165.90 (VIOLATED)
u_e.g_mac[1].g_tr2.u_tree.held[6][20]$_DFFE_PP_/D (DFFHQNx1_ASAP7_75t_R) 1354.18 1520.06 -165.88 (VIOLATED)
u_e.g_mac[1].g_tr2.u_tree.held[79][19]$_DFFE_PP_/D (DFFHQNx1_ASAP7_75t_R) 1366.85 1532.70 -165.85 (VIOLATED)
u_e.g_mac[1].g_tr2.u_tree.held[36][21]$_DFFE_PP_/D (DFFHQNx1_ASAP7_75t_R) 1366.42 1532.19 -165.77 (VIOLATED)
u_e.g_mac[1].g_tr2.u_tree.held[70][16]$_DFFE_PP_/D (DFFHQNx1_ASAP7_75t_R) 1357.97 1523.73 -165.75 (VIOLATED)
u_e.g_mac[1].g_tr2.u_tree.held[4][15]$_DFFE_PP_/D (DFFHQNx1_ASAP7_75t_R) 1367.35 1533.10 -165.75 (VIOLATED)
u_e.g_mac[1].g_tr2.u_tree.held[48][6]$_DFFE_PP_/D (DFFHQNx1_ASAP7_75t_R) 1359.77 1525.50 -165.73 (VIOLATED)
u_e.g_mac[0].g_tr2.u_tree.h_t[0]$_DFF_P_/D (DFFHQNx1_ASAP7_75t_R) 1360.56 1526.25 -165.68 (VIOLATED)
u_e.g_mac[0].g_l2.u_l0.p1_p[3][6]$_DFF_P_/D (DFFHQNx1_ASAP7_75t_R) 1380.62 1546.30 -165.68 (VIOLATED)
u_e.g_mac[1].g_tr2.u_tree.held[55][29]$_DFFE_PP_/D (DFFHQNx1_ASAP7_75t_R) 1374.19 1539.86 -165.67 (VIOLATED)
u_e.g_mac[1].g_tr2.u_tree.held[15][16]$_DFFE_PP_/D (DFFHQNx1_ASAP7_75t_R) 1358.80 1524.45 -165.65 (VIOLATED)
u_e.g_mac[1].g_tr2.u_tree.held[60][20]$_DFFE_PP_/D (DFFHQNx1_ASAP7_75t_R) 1354.30 1519.93 -165.63 (VIOLATED)
u_e.g_mac[1].g_tr2.u_tree.held[70][9]$_DFFE_PP_/D (DFFHQNx1_ASAP7_75t_R) 1356.95 1522.55 -165.60 (VIOLATED)
u_e.g_mac[1].g_tr2.u_tree.have[17]$_DFFE_PN0P_/D (DFFASRHQNx1_ASAP7_75t_R) 1364.70 1530.30 -165.60 (VIOLATED)
u_e.g_mac[1].g_tr2.u_tree.held[1][28]$_DFFE_PP_/D (DFFHQNx1_ASAP7_75t_R) 1367.09 1532.67 -165.58 (VIOLATED)
u_e.g_mac[1].g_tr2.u_tree.held[29][17]$_DFFE_PP_/D (DFFHQNx1_ASAP7_75t_R) 1359.26 1524.81 -165.55 (VIOLATED)
u_e.g_mac[1].g_tr2.u_tree.held[36][28]$_DFFE_PP_/D (DFFHQNx1_ASAP7_75t_R) 1366.70 1532.25 -165.55 (VIOLATED)
u_e.g_mac[1].g_tr2.u_tree.held[22][2]$_DFFE_PP_/D (DFFHQNx1_ASAP7_75t_R) 1359.12 1524.65 -165.52 (VIOLATED)
u_e.g_mac[0].g_tr2.u_tree.h_v[14]$_DFF_P_/D (DFFHQNx1_ASAP7_75t_R) 1352.92 1518.43 -165.50 (VIOLATED)
u_e.g_mac[1].g_tr2.u_tree.held[12][16]$_DFFE_PP_/D (DFFHQNx1_ASAP7_75t_R) 1355.88 1521.35 -165.46 (VIOLATED)
u_e.g_mac[1].g_tr2.u_tree.held[32][26]$_DFFE_PP_/D (DFFHQNx1_ASAP7_75t_R) 1381.61 1547.00 -165.39 (VIOLATED)
u_e.g_mac[1].g_tr2.u_tree.held[78][4]$_DFFE_PP_/D (DFFHQNx1_ASAP7_75t_R) 1358.91 1524.25 -165.34 (VIOLATED)
u_e.g_mac[1].g_tr2.u_tree.held[17][29]$_DFFE_PP_/D (DFFHQNx1_ASAP7_75t_R) 1380.58 1545.91 -165.33 (VIOLATED)
u_e.g_mac[1].g_tr2.u_tree.held[24][11]$_DFFE_PP_/D (DFFHQNx1_ASAP7_75t_R) 1359.10 1524.35 -165.25 (VIOLATED)
u_e.g_mac[1].g_tr2.u_tree.held[30][16]$_DFFE_PP_/D (DFFHQNx1_ASAP7_75t_R) 1357.36 1522.60 -165.24 (VIOLATED)
u_e.g_mac[1].g_tr2.u_tree.held[6][23]$_DFFE_PP_/D (DFFHQNx1_ASAP7_75t_R) 1354.99 1520.23 -165.24 (VIOLATED)
u_e.g_mac[1].g_tr2.u_tree.held[60][18]$_DFFE_PP_/D (DFFHQNx1_ASAP7_75t_R) 1354.69 1519.83 -165.14 (VIOLATED)
u_e.g_mac[1].g_tr2.u_tree.held[14][1]$_DFFE_PP_/D (DFFHQNx1_ASAP7_75t_R) 1360.04 1525.18 -165.14 (VIOLATED)
u_e.g_mac[1].g_tr2.u_tree.held[17][30]$_DFFE_PP_/D (DFFHQNx1_ASAP7_75t_R) 1379.89 1545.01 -165.12 (VIOLATED)
u_e.g_mac[1].g_tr2.u_tree.held[15][12]$_DFFE_PP_/D (DFFHQNx1_ASAP7_75t_R) 1358.82 1523.88 -165.06 (VIOLATED)
u_e.g_mac[1].g_tr2.u_tree.held[19][9]$_DFFE_PP_/D (DFFHQNx1_ASAP7_75t_R) 1356.78 1521.79 -165.01 (VIOLATED)
u_e.g_mac[1].g_tr2.u_tree.held[60][28]$_DFFE_PP_/D (DFFHQNx1_ASAP7_75t_R) 1365.61 1530.60 -164.99 (VIOLATED)
u_e.g_mac[1].g_tr2.u_tree.have[59]$_DFFE_PN0P_/D (DFFASRHQNx1_ASAP7_75t_R) 1346.05 1511.00 -164.95 (VIOLATED)
u_e.g_mac[1].g_tr2.u_tree.held[15][31]$_DFFE_PP_/D (DFFHQNx1_ASAP7_75t_R) 1359.41 1524.31 -164.91 (VIOLATED)
u_e.g_mac[1].g_tr2.u_tree.held[52][29]$_DFFE_PP_/D (DFFHQNx1_ASAP7_75t_R) 1367.48 1532.35 -164.88 (VIOLATED)
u_e.g_mac[1].g_tr2.u_tree.infl[2][2]$_DFF_PN0_/D (DFFASRHQNx1_ASAP7_75t_R) 1357.10 1521.90 -164.81 (VIOLATED)
u_e.g_mac[1].g_tr2.u_tree.held[22][8]$_DFFE_PP_/D (DFFHQNx1_ASAP7_75t_R) 1354.38 1519.14 -164.75 (VIOLATED)
u_e.g_mac[1].g_tr2.u_tree.held[6][30]$_DFFE_PP_/D (DFFHQNx1_ASAP7_75t_R) 1365.94 1530.68 -164.74 (VIOLATED)
u_e.g_mac[1].g_tr2.u_tree.held[45][15]$_DFFE_PP_/D (DFFHQNx1_ASAP7_75t_R) 1371.25 1535.98 -164.74 (VIOLATED)
u_e.g_mac[1].g_tr2.u_tree.held[1][22]$_DFFE_PP_/D (DFFHQNx1_ASAP7_75t_R) 1367.17 1531.90 -164.73 (VIOLATED)
u_e.g_mac[1].g_tr2.u_tree.held[16][14]$_DFFE_PP_/D (DFFHQNx1_ASAP7_75t_R) 1373.89 1538.61 -164.72 (VIOLATED)
u_e.g_mac[1].g_tr2.u_tree.held[56][15]$_DFFE_PP_/D (DFFHQNx1_ASAP7_75t_R) 1372.45 1537.16 -164.71 (VIOLATED)
u_e.g_mac[1].g_tr2.u_tree.held[32][24]$_DFFE_PP_/D (DFFHQNx1_ASAP7_75t_R) 1382.05 1546.72 -164.67 (VIOLATED)
u_e.g_mac[1].g_tr2.u_tree.held[22][14]$_DFFE_PP_/D (DFFHQNx1_ASAP7_75t_R) 1358.24 1522.87 -164.63 (VIOLATED)
u_e.g_mac[1].g_tr2.u_tree.held[15][11]$_DFFE_PP_/D (DFFHQNx1_ASAP7_75t_R) 1357.99 1522.60 -164.61 (VIOLATED)
u_e.g_mac[1].g_tr2.u_tree.held[27][1]$_DFFE_PP_/D (DFFHQNx1_ASAP7_75t_R) 1354.95 1519.56 -164.61 (VIOLATED)
u_e.g_mac[1].g_tr2.u_tree.herr[4]$_DFFE_PN0P_/D (DFFASRHQNx1_ASAP7_75t_R) 1354.93 1519.52 -164.59 (VIOLATED)
u_e.g_mac[1].g_tr2.u_tree.have[71]$_DFFE_PN0P_/D (DFFASRHQNx1_ASAP7_75t_R) 1364.18 1528.72 -164.54 (VIOLATED)
u_e.g_mac[1].g_tr2.u_tree.held[44][2]$_DFFE_PP_/D (DFFHQNx1_ASAP7_75t_R) 1358.90 1523.44 -164.53 (VIOLATED)
u_e.g_mac[1].g_tr2.u_tree.held[79][31]$_DFFE_PP_/D (DFFHQNx1_ASAP7_75t_R) 1358.88 1523.32 -164.44 (VIOLATED)
u_e.g_mac[1].g_l2.u_l0.p0_wq[82]$_DFF_P_/D (DFFHQNx1_ASAP7_75t_R) 1378.65 1543.08 -164.44 (VIOLATED)
u_e.g_mac[1].g_tr2.u_tree.held[71][15]$_DFFE_PP_/D (DFFHQNx1_ASAP7_75t_R) 1373.41 1537.84 -164.43 (VIOLATED)
u_e.g_mac[1].g_tr2.u_tree.held[56][19]$_DFFE_PP_/D (DFFHQNx1_ASAP7_75t_R) 1371.66 1536.08 -164.42 (VIOLATED)
u_e.g_mac[1].g_tr2.u_tree.held[27][8]$_DFFE_PP_/D (DFFHQNx1_ASAP7_75t_R) 1357.66 1522.06 -164.40 (VIOLATED)
u_e.g_mac[1].g_tr2.u_tree.held[60][15]$_DFFE_PP_/D (DFFHQNx1_ASAP7_75t_R) 1366.38 1530.78 -164.40 (VIOLATED)
u_e.g_mac[1].g_tr2.u_tree.held[35][8]$_DFFE_PP_/D (DFFHQNx1_ASAP7_75t_R) 1355.89 1520.26 -164.37 (VIOLATED)
u_e.g_mac[1].g_tr2.u_tree.held[27][24]$_DFFE_PP_/D (DFFHQNx1_ASAP7_75t_R) 1374.56 1538.92 -164.36 (VIOLATED)
u_e.g_mac[1].g_tr2.u_tree.held[55][23]$_DFFE_PP_/D (DFFHQNx1_ASAP7_75t_R) 1371.75 1536.08 -164.33 (VIOLATED)
u_e.g_mac[1].g_tr2.u_tree.held[45][13]$_DFFE_PP_/D (DFFHQNx1_ASAP7_75t_R) 1370.82 1535.14 -164.32 (VIOLATED)
u_e.g_mac[1].g_tr2.u_tree.held[52][27]$_DFFE_PP_/D (DFFHQNx1_ASAP7_75t_R) 1366.51 1530.83 -164.32 (VIOLATED)
u_e.g_mac[1].g_tr2.u_tree.held[27][2]$_DFFE_PP_/D (DFFHQNx1_ASAP7_75t_R) 1354.55 1518.85 -164.30 (VIOLATED)
u_e.g_mac[1].g_tr2.u_tree.held[24][16]$_DFFE_PP_/D (DFFHQNx1_ASAP7_75t_R) 1355.67 1519.93 -164.25 (VIOLATED)
u_e.g_mac[1].g_tr2.u_tree.held[4][23]$_DFFE_PP_/D (DFFHQNx1_ASAP7_75t_R) 1355.06 1519.28 -164.22 (VIOLATED)
u_e.g_mac[1].g_tr2.u_tree.have[66]$_DFFE_PN0P_/D (DFFASRHQNx1_ASAP7_75t_R) 1345.83 1510.05 -164.22 (VIOLATED)
u_e.g_mac[0].g_l2.u_l0.p1_p[12][6]$_DFF_P_/D (DFFHQNx1_ASAP7_75t_R) 1374.66 1538.88 -164.21 (VIOLATED)
u_e.g_mac[1].g_tr2.u_tree.held[30][7]$_DFFE_PP_/D (DFFHQNx1_ASAP7_75t_R) 1358.62 1522.80 -164.18 (VIOLATED)
u_e.g_mac[1].g_tr2.u_tree.held[52][30]$_DFFE_PP_/D (DFFHQNx1_ASAP7_75t_R) 1366.26 1530.40 -164.14 (VIOLATED)
u_e.g_mac[1].g_tr2.u_tree.held[71][18]$_DFFE_PP_/D (DFFHQNx1_ASAP7_75t_R) 1380.87 1545.01 -164.14 (VIOLATED)
u_e.g_mac[1].g_tr2.u_tree.held[6][29]$_DFFE_PP_/D (DFFHQNx1_ASAP7_75t_R) 1366.15 1530.28 -164.13 (VIOLATED)
u_e.g_mac[1].g_tr2.u_tree.held[24][5]$_DFFE_PP_/D (DFFHQNx1_ASAP7_75t_R) 1356.07 1520.17 -164.10 (VIOLATED)
u_e.g_mac[1].g_tr2.u_tree.held[53][3]$_DFFE_PP_/D (DFFHQNx1_ASAP7_75t_R) 1356.51 1520.60 -164.10 (VIOLATED)
u_e.g_mac[1].g_tr2.u_tree.held[19][2]$_DFFE_PP_/D (DFFHQNx1_ASAP7_75t_R) 1358.43 1522.50 -164.07 (VIOLATED)
u_e.g_mac[1].g_tr2.u_tree.held[61][5]$_DFFE_PP_/D (DFFHQNx1_ASAP7_75t_R) 1355.98 1520.04 -164.06 (VIOLATED)
u_e.g_mac[1].g_tr2.u_tree.held[55][20]$_DFFE_PP_/D (DFFHQNx1_ASAP7_75t_R) 1371.99 1536.04 -164.05 (VIOLATED)
u_e.g_mac[1].g_tr2.u_tree.held[79][30]$_DFFE_PP_/D (DFFHQNx1_ASAP7_75t_R) 1365.88 1529.92 -164.04 (VIOLATED)
u_e.g_mac[1].g_tr2.u_tree.held[30][3]$_DFFE_PP_/D (DFFHQNx1_ASAP7_75t_R) 1363.29 1527.32 -164.03 (VIOLATED)
u_e.g_mac[1].g_tr2.u_tree.held[32][22]$_DFFE_PP_/D (DFFHQNx1_ASAP7_75t_R) 1366.66 1530.67 -164.01 (VIOLATED)
u_e.g_mac[1].g_tr2.u_tree.held[23][1]$_DFFE_PP_/D (DFFHQNx1_ASAP7_75t_R) 1359.62 1523.61 -163.98 (VIOLATED)
u_e.g_mac[1].g_tr2.u_tree.held[63][2]$_DFFE_PP_/D (DFFHQNx1_ASAP7_75t_R) 1359.02 1522.98 -163.96 (VIOLATED)
u_e.g_mac[1].g_tr2.u_tree.held[79][12]$_DFFE_PP_/D (DFFHQNx1_ASAP7_75t_R) 1358.77 1522.73 -163.96 (VIOLATED)
u_e.g_mac[1].g_tr2.u_tree.held[16][6]$_DFFE_PP_/D (DFFHQNx1_ASAP7_75t_R) 1364.14 1528.09 -163.95 (VIOLATED)
u_e.g_mac[1].g_tr2.u_tree.held[66][27]$_DFFE_PP_/D (DFFHQNx1_ASAP7_75t_R) 1367.41 1531.34 -163.93 (VIOLATED)
u_e.g_mac[1].g_tr2.u_tree.held[27][29]$_DFFE_PP_/D (DFFHQNx1_ASAP7_75t_R) 1374.84 1538.77 -163.93 (VIOLATED)
u_e.g_mac[1].g_tr2.u_tree.held[79][11]$_DFFE_PP_/D (DFFHQNx1_ASAP7_75t_R) 1358.91 1522.81 -163.91 (VIOLATED)
u_e.g_mac[1].g_tr2.u_tree.held[25][15]$_DFFE_PP_/D (DFFHQNx1_ASAP7_75t_R) 1365.99 1529.89 -163.90 (VIOLATED)
u_e.g_mac[1].g_tr2.u_tree.held[30][10]$_DFFE_PP_/D (DFFHQNx1_ASAP7_75t_R) 1358.69 1522.57 -163.88 (VIOLATED)
u_e.g_mac[1].g_tr2.u_tree.infl[10][3]$_DFF_PN0_/D (DFFASRHQNx1_ASAP7_75t_R) 1358.15 1521.98 -163.83 (VIOLATED)
u_e.g_mac[1].g_tr2.u_tree.held[63][24]$_DFFE_PP_/D (DFFHQNx1_ASAP7_75t_R) 1374.70 1538.51 -163.80 (VIOLATED)
u_e.g_mac[1].g_tr2.u_tree.held[50][24]$_DFFE_PP_/D (DFFHQNx1_ASAP7_75t_R) 1375.19 1538.98 -163.79 (VIOLATED)
u_e.g_mac[1].g_tr2.u_tree.held[19][16]$_DFFE_PP_/D (DFFHQNx1_ASAP7_75t_R) 1358.11 1521.90 -163.79 (VIOLATED)
u_e.g_mac[1].g_tr2.u_tree.held[78][15]$_DFFE_PP_/D (DFFHQNx1_ASAP7_75t_R) 1368.37 1532.14 -163.77 (VIOLATED)
u_e.g_mac[1].g_tr2.u_tree.held[4][6]$_DFFE_PP_/D (DFFHQNx1_ASAP7_75t_R) 1361.98 1525.71 -163.73 (VIOLATED)
u_e.g_mac[1].g_tr2.u_tree.held[39][3]$_DFFE_PP_/D (DFFHQNx1_ASAP7_75t_R) 1356.23 1519.96 -163.73 (VIOLATED)
u_e.g_mac[1].g_tr2.u_tree.held[30][0]$_DFFE_PP_/D (DFFHQNx1_ASAP7_75t_R) 1358.76 1522.47 -163.71 (VIOLATED)
u_e.g_mac[1].g_tr2.u_tree.held[17][27]$_DFFE_PP_/D (DFFHQNx1_ASAP7_75t_R) 1380.53 1544.24 -163.71 (VIOLATED)
u_e.g_mac[1].g_tr2.u_tree.held[24][12]$_DFFE_PP_/D (DFFHQNx1_ASAP7_75t_R) 1358.98 1522.68 -163.70 (VIOLATED)
u_e.g_mac[1].g_tr2.u_tree.held[30][31]$_DFFE_PP_/D (DFFHQNx1_ASAP7_75t_R) 1358.79 1522.45 -163.66 (VIOLATED)
u_e.g_mac[0].g_tr2.u_tree.h_f$_DFF_P_/D (DFFHQNx1_ASAP7_75t_R) 1360.47 1524.12 -163.64 (VIOLATED)
u_e.g_mac[1].g_tr2.u_tree.held[24][3]$_DFFE_PP_/D (DFFHQNx1_ASAP7_75t_R) 1356.99 1520.61 -163.62 (VIOLATED)
u_e.g_mac[1].g_tr2.u_tree.held[0][8]$_DFFE_PP_/D (DFFHQNx1_ASAP7_75t_R) 1354.64 1518.25 -163.60 (VIOLATED)
u_e.g_mac[1].g_tr2.u_tree.held[24][10]$_DFFE_PP_/D (DFFHQNx1_ASAP7_75t_R) 1355.99 1519.59 -163.60 (VIOLATED)
u_e.g_mac[1].g_tr2.u_tree.held[6][27]$_DFFE_PP_/D (DFFHQNx1_ASAP7_75t_R) 1366.74 1530.33 -163.60 (VIOLATED)
u_e.g_mac[1].g_tr2.u_tree.held[17][16]$_DFFE_PP_/D (DFFHQNx1_ASAP7_75t_R) 1356.36 1519.93 -163.57 (VIOLATED)
u_e.g_mac[1].g_tr2.u_tree.held[17][5]$_DFFE_PP_/D (DFFHQNx1_ASAP7_75t_R) 1356.87 1520.42 -163.55 (VIOLATED)
u_e.g_mac[1].g_tr2.u_tree.held[32][15]$_DFFE_PP_/D (DFFHQNx1_ASAP7_75t_R) 1366.79 1530.34 -163.55 (VIOLATED)
u_e.g_mac[1].g_tr2.u_tree.held[4][4]$_DFFE_PP_/D (DFFHQNx1_ASAP7_75t_R) 1359.05 1522.59 -163.53 (VIOLATED)
u_e.g_mac[1].g_tr2.u_tree.held[52][19]$_DFFE_PP_/D (DFFHQNx1_ASAP7_75t_R) 1368.20 1531.71 -163.51 (VIOLATED)
u_e.g_mac[1].g_tr2.u_tree.held[27][3]$_DFFE_PP_/D (DFFHQNx1_ASAP7_75t_R) 1363.63 1527.12 -163.48 (VIOLATED)
u_e.g_mac[1].g_tr2.u_tree.held[17][20]$_DFFE_PP_/D (DFFHQNx1_ASAP7_75t_R) 1356.24 1519.71 -163.47 (VIOLATED)
u_e.g_mac[1].g_tr2.u_tree.held[19][31]$_DFFE_PP_/D (DFFHQNx1_ASAP7_75t_R) 1359.08 1522.55 -163.46 (VIOLATED)
u_e.g_mac[1].g_tr2.u_tree.held[79][29]$_DFFE_PP_/D (DFFHQNx1_ASAP7_75t_R) 1372.46 1535.90 -163.44 (VIOLATED)
u_e.g_mac[1].g_tr2.u_tree.held[32][14]$_DFFE_PP_/D (DFFHQNx1_ASAP7_75t_R) 1367.07 1530.50 -163.43 (VIOLATED)
u_e.g_mac[1].g_tr2.u_tree.held[24][13]$_DFFE_PP_/D (DFFHQNx1_ASAP7_75t_R) 1372.19 1535.60 -163.42 (VIOLATED)
u_e.g_mac[1].g_tr2.u_tree.held[19][7]$_DFFE_PP_/D (DFFHQNx1_ASAP7_75t_R) 1358.64 1522.05 -163.40 (VIOLATED)
u_e.g_mac[1].g_tr2.u_tree.held[22][1]$_DFFE_PP_/D (DFFHQNx1_ASAP7_75t_R) 1355.79 1519.13 -163.34 (VIOLATED)
u_e.g_mac[1].g_tr2.u_tree.held[17][1]$_DFFE_PP_/D (DFFHQNx1_ASAP7_75t_R) 1359.40 1522.74 -163.34 (VIOLATED)
u_e.g_mac[1].g_tr2.u_tree.held[23][12]$_DFFE_PP_/D (DFFHQNx1_ASAP7_75t_R) 1357.56 1520.86 -163.29 (VIOLATED)
u_e.g_mac[1].g_tr2.u_tree.held[34][24]$_DFFE_PP_/D (DFFHQNx1_ASAP7_75t_R) 1380.40 1543.65 -163.25 (VIOLATED)
u_e.g_mac[1].g_tr2.u_tree.infl[3][2]$_DFF_PN0_/D (DFFASRHQNx1_ASAP7_75t_R) 1362.78 1526.00 -163.23 (VIOLATED)
u_e.g_mac[1].g_tr2.u_tree.held[78][11]$_DFFE_PP_/D (DFFHQNx1_ASAP7_75t_R) 1358.95 1522.14 -163.19 (VIOLATED)
u_e.g_mac[1].g_tr2.u_tree.held[63][12]$_DFFE_PP_/D (DFFHQNx1_ASAP7_75t_R) 1358.62 1521.78 -163.16 (VIOLATED)
u_e.g_mac[1].g_tr2.u_tree.held[45][25]$_DFFE_PP_/D (DFFHQNx1_ASAP7_75t_R) 1379.93 1543.08 -163.15 (VIOLATED)
u_e.g_mac[1].g_tr2.u_tree.held[63][29]$_DFFE_PP_/D (DFFHQNx1_ASAP7_75t_R) 1375.04 1538.18 -163.15 (VIOLATED)
u_e.g_mac[1].g_tr2.u_tree.held[78][3]$_DFFE_PP_/D (DFFHQNx1_ASAP7_75t_R) 1374.44 1537.58 -163.15 (VIOLATED)
u_e.g_mac[1].g_tr2.u_tree.herr[29]$_DFFE_PN0P_/D (DFFASRHQNx1_ASAP7_75t_R) 1344.23 1507.36 -163.13 (VIOLATED)
u_e.g_mac[1].g_tr2.u_tree.held[44][26]$_DFFE_PP_/D (DFFHQNx1_ASAP7_75t_R) 1372.31 1535.40 -163.10 (VIOLATED)
u_e.g_mac[1].g_tr2.u_tree.held[6][28]$_DFFE_PP_/D (DFFHQNx1_ASAP7_75t_R) 1367.01 1530.10 -163.10 (VIOLATED)
u_e.g_mac[1].g_tr2.u_tree.held[32][7]$_DFFE_PP_/D (DFFHQNx1_ASAP7_75t_R) 1358.52 1521.58 -163.07 (VIOLATED)
u_e.g_mac[1].g_tr2.u_tree.herr[32]$_DFFE_PN0P_/D (DFFASRHQNx1_ASAP7_75t_R) 1355.66 1518.71 -163.05 (VIOLATED)
u_e.g_mac[1].g_tr2.u_tree.held[56][21]$_DFFE_PP_/D (DFFHQNx1_ASAP7_75t_R) 1373.35 1536.38 -163.03 (VIOLATED)
u_e.g_mac[1].g_tr2.u_tree.held[73][28]$_DFFE_PP_/D (DFFHQNx1_ASAP7_75t_R) 1365.48 1528.50 -163.02 (VIOLATED)
u_e.g_mac[1].g_tr2.u_tree.held[45][27]$_DFFE_PP_/D (DFFHQNx1_ASAP7_75t_R) 1379.15 1542.16 -163.01 (VIOLATED)
u_e.g_mac[1].g_tr2.u_tree.held[34][25]$_DFFE_PP_/D (DFFHQNx1_ASAP7_75t_R) 1380.14 1543.14 -163.01 (VIOLATED)
u_e.g_mac[1].g_tr2.u_tree.held[19][11]$_DFFE_PP_/D (DFFHQNx1_ASAP7_75t_R) 1359.43 1522.43 -163.00 (VIOLATED)
u_e.g_mac[1].g_tr2.u_tree.held[52][28]$_DFFE_PP_/D (DFFHQNx1_ASAP7_75t_R) 1367.00 1529.94 -162.94 (VIOLATED)
u_e.g_mac[1].g_tr2.u_tree.held[79][16]$_DFFE_PP_/D (DFFHQNx1_ASAP7_75t_R) 1359.37 1522.28 -162.91 (VIOLATED)
u_e.g_mac[1].g_tr2.u_tree.held[0][6]$_DFFE_PP_/D (DFFHQNx1_ASAP7_75t_R) 1355.20 1518.10 -162.90 (VIOLATED)
u_e.g_mac[1].g_tr2.u_tree.held[20][4]$_DFFE_PP_/D (DFFHQNx1_ASAP7_75t_R) 1359.30 1522.19 -162.89 (VIOLATED)
u_e.g_mac[1].g_tr2.u_tree.held[63][16]$_DFFE_PP_/D (DFFHQNx1_ASAP7_75t_R) 1355.50 1518.37 -162.88 (VIOLATED)
u_e.g_mac[1].g_tr2.u_tree.held[71][13]$_DFFE_PP_/D (DFFHQNx1_ASAP7_75t_R) 1381.36 1544.23 -162.87 (VIOLATED)
u_e.g_mac[1].g_tr2.u_tree.held[61][16]$_DFFE_PP_/D (DFFHQNx1_ASAP7_75t_R) 1355.92 1518.76 -162.83 (VIOLATED)
u_e.g_mac[1].g_tr2.u_tree.have[12]$_DFFE_PN0P_/D (DFFASRHQNx1_ASAP7_75t_R) 1344.42 1507.24 -162.82 (VIOLATED)
u_e.g_mac[1].g_tr2.u_tree.held[22][3]$_DFFE_PP_/D (DFFHQNx1_ASAP7_75t_R) 1356.03 1518.83 -162.81 (VIOLATED)
u_e.g_mac[1].g_tr2.u_tree.held[63][25]$_DFFE_PP_/D (DFFHQNx1_ASAP7_75t_R) 1375.49 1538.27 -162.78 (VIOLATED)
u_e.g_mac[1].g_tr2.u_tree.held[39][26]$_DFFE_PP_/D (DFFHQNx1_ASAP7_75t_R) 1374.86 1537.59 -162.73 (VIOLATED)
u_e.g_mac[1].g_tr2.u_tree.infl[13][2]$_DFF_PN0_/D (DFFASRHQNx1_ASAP7_75t_R) 1363.37 1526.08 -162.71 (VIOLATED)
u_e.g_mac[1].g_tr2.u_tree.held[56][23]$_DFFE_PP_/D (DFFHQNx1_ASAP7_75t_R) 1373.81 1536.51 -162.71 (VIOLATED)
u_e.g_mac[1].g_tr2.u_tree.held[49][3]$_DFFE_PP_/D (DFFHQNx1_ASAP7_75t_R) 1357.79 1520.49 -162.70 (VIOLATED)
u_e.g_mac[1].g_tr2.u_tree.herr[59]$_DFFE_PN0P_/D (DFFASRHQNx1_ASAP7_75t_R) 1343.81 1506.51 -162.70 (VIOLATED)
u_e.g_mac[1].g_tr2.u_tree.held[41][4]$_DFFE_PP_/D (DFFHQNx1_ASAP7_75t_R) 1358.43 1521.11 -162.69 (VIOLATED)
u_e.g_mac[1].g_tr2.u_tree.held[63][31]$_DFFE_PP_/D (DFFHQNx1_ASAP7_75t_R) 1358.91 1521.57 -162.66 (VIOLATED)
u_e.g_mac[1].g_tr2.u_tree.held[45][19]$_DFFE_PP_/D (DFFHQNx1_ASAP7_75t_R) 1380.52 1543.16 -162.64 (VIOLATED)
u_e.g_mac[1].g_tr2.u_tree.held[18][7]$_DFFE_PP_/D (DFFHQNx1_ASAP7_75t_R) 1359.21 1521.85 -162.64 (VIOLATED)
u_e.g_mac[1].g_tr2.u_tree.held[30][23]$_DFFE_PP_/D (DFFHQNx1_ASAP7_75t_R) 1355.21 1517.84 -162.64 (VIOLATED)
u_e.g_mac[1].g_tr2.u_tree.held[55][9]$_DFFE_PP_/D (DFFHQNx1_ASAP7_75t_R) 1359.78 1522.41 -162.63 (VIOLATED)
u_e.g_mac[1].g_tr2.u_tree.herr[56]$_DFFE_PN0P_/D (DFFASRHQNx1_ASAP7_75t_R) 1344.13 1506.75 -162.62 (VIOLATED)
u_e.g_mac[1].g_l2.u_l0.p1_p[15][6]$_DFF_P_/D (DFFHQNx1_ASAP7_75t_R) 1360.32 1522.92 -162.60 (VIOLATED)
u_e.g_mac[1].g_tr2.u_tree.held[0][3]$_DFFE_PP_/D (DFFHQNx1_ASAP7_75t_R) 1357.51 1520.05 -162.54 (VIOLATED)
u_e.g_mac[1].g_tr2.u_tree.held[30][6]$_DFFE_PP_/D (DFFHQNx1_ASAP7_75t_R) 1358.96 1521.49 -162.53 (VIOLATED)
u_e.g_mac[1].g_tr2.u_tree.held[73][19]$_DFFE_PP_/D (DFFHQNx1_ASAP7_75t_R) 1372.72 1535.24 -162.52 (VIOLATED)
u_e.g_mac[1].g_tr2.u_tree.held[74][6]$_DFFE_PP_/D (DFFHQNx1_ASAP7_75t_R) 1362.27 1524.78 -162.52 (VIOLATED)
u_e.g_mac[1].g_tr2.u_tree.held[66][28]$_DFFE_PP_/D (DFFHQNx1_ASAP7_75t_R) 1366.71 1529.23 -162.52 (VIOLATED)
u_e.g_mac[1].g_tr2.u_tree.held[34][21]$_DFFE_PP_/D (DFFHQNx1_ASAP7_75t_R) 1379.75 1542.24 -162.49 (VIOLATED)
u_e.g_mac[1].g_tr2.u_tree.held[24][22]$_DFFE_PP_/D (DFFHQNx1_ASAP7_75t_R) 1367.88 1530.33 -162.45 (VIOLATED)
u_e.g_mac[1].g_tr2.u_tree.held[2][29]$_DFFE_PP_/D (DFFHQNx1_ASAP7_75t_R) 1372.88 1535.32 -162.44 (VIOLATED)
u_e.g_mac[1].g_tr2.u_tree.held[73][14]$_DFFE_PP_/D (DFFHQNx1_ASAP7_75t_R) 1371.20 1533.64 -162.44 (VIOLATED)
u_e.g_mac[1].g_tr2.u_tree.held[78][0]$_DFFE_PP_/D (DFFHQNx1_ASAP7_75t_R) 1358.62 1521.03 -162.42 (VIOLATED)
u_e.g_mac[1].g_tr2.u_tree.held[31][10]$_DFFE_PP_/D (DFFHQNx1_ASAP7_75t_R) 1357.27 1519.68 -162.41 (VIOLATED)
u_e.g_mac[1].g_tr2.u_tree.held[41][15]$_DFFE_PP_/D (DFFHQNx1_ASAP7_75t_R) 1371.62 1534.00 -162.39 (VIOLATED)
u_e.g_mac[1].g_tr2.u_tree.held[43][3]$_DFFE_PP_/D (DFFHQNx1_ASAP7_75t_R) 1357.38 1519.74 -162.36 (VIOLATED)
u_e.g_mac[1].g_tr2.u_tree.held[10][23]$_DFFE_PP_/D (DFFHQNx1_ASAP7_75t_R) 1373.77 1536.06 -162.29 (VIOLATED)
u_e.g_mac[1].g_tr2.u_tree.have[67]$_DFFE_PN0P_/D (DFFASRHQNx1_ASAP7_75t_R) 1345.80 1508.08 -162.28 (VIOLATED)
u_e.g_mac[1].g_tr2.u_tree.infl[9][2]$_DFF_PN0_/D (DFFASRHQNx1_ASAP7_75t_R) 1372.68 1534.95 -162.27 (VIOLATED)
u_e.g_mac[1].g_tr2.u_tree.held[39][24]$_DFFE_PP_/D (DFFHQNx1_ASAP7_75t_R) 1375.40 1537.62 -162.22 (VIOLATED)
u_e.g_mac[1].g_tr2.u_tree.held[34][17]$_DFFE_PP_/D (DFFHQNx1_ASAP7_75t_R) 1381.64 1543.78 -162.14 (VIOLATED)
u_e.g_mac[1].g_tr2.u_tree.held[60][26]$_DFFE_PP_/D (DFFHQNx1_ASAP7_75t_R) 1371.36 1533.49 -162.13 (VIOLATED)
u_e.g_mac[1].g_tr2.u_tree.held[6][21]$_DFFE_PP_/D (DFFHQNx1_ASAP7_75t_R) 1367.36 1529.48 -162.12 (VIOLATED)
u_e.g_mac[1].g_tr2.u_tree.held[66][15]$_DFFE_PP_/D (DFFHQNx1_ASAP7_75t_R) 1373.47 1535.59 -162.12 (VIOLATED)
u_e.g_mac[1].g_tr2.u_tree.held[37][27]$_DFFE_PP_/D (DFFHQNx1_ASAP7_75t_R) 1366.15 1528.26 -162.11 (VIOLATED)
u_e.g_mac[1].g_tr2.u_tree.held[23][10]$_DFFE_PP_/D (DFFHQNx1_ASAP7_75t_R) 1357.91 1519.99 -162.08 (VIOLATED)
u_e.g_mac[1].g_tr2.u_tree.held[32][28]$_DFFE_PP_/D (DFFHQNx1_ASAP7_75t_R) 1375.50 1537.58 -162.08 (VIOLATED)
u_e.g_mac[1].g_tr2.u_tree.held[39][25]$_DFFE_PP_/D (DFFHQNx1_ASAP7_75t_R) 1372.47 1534.52 -162.05 (VIOLATED)
u_e.g_mac[0].g_tr2.u_tree.infl[13][3]$_DFF_PN0_/D (DFFASRHQNx1_ASAP7_75t_R) 1425.07 1587.12 -162.05 (VIOLATED)
u_e.g_mac[1].g_tr2.u_tree.held[11][6]$_DFFE_PP_/D (DFFHQNx1_ASAP7_75t_R) 1354.95 1516.99 -162.05 (VIOLATED)
u_e.g_mac[1].g_tr2.u_tree.held[17][13]$_DFFE_PP_/D (DFFHQNx1_ASAP7_75t_R) 1357.25 1519.29 -162.04 (VIOLATED)
u_e.g_mac[1].g_tr2.u_tree.held[37][30]$_DFFE_PP_/D (DFFHQNx1_ASAP7_75t_R) 1366.19 1528.22 -162.02 (VIOLATED)
u_e.g_mac[1].g_tr2.u_tree.held[72][7]$_DFFE_PP_/D (DFFHQNx1_ASAP7_75t_R) 1359.11 1521.10 -161.99 (VIOLATED)
u_e.g_mac[1].g_l2.u_l0.p1_p[29][6]$_DFF_P_/D (DFFHQNx1_ASAP7_75t_R) 1363.31 1525.29 -161.98 (VIOLATED)
u_e.g_mac[1].g_tr2.u_tree.add_a[0]$_DFF_P_/D (DFFHQNx1_ASAP7_75t_R) 1366.02 1527.97 -161.95 (VIOLATED)
u_e.g_mac[1].g_l2.u_l0.p1_p[21][6]$_DFF_P_/D (DFFHQNx1_ASAP7_75t_R) 1361.11 1523.06 -161.95 (VIOLATED)
u_e.g_mac[1].g_tr2.u_tree.held[24][8]$_DFFE_PP_/D (DFFHQNx1_ASAP7_75t_R) 1356.31 1518.26 -161.95 (VIOLATED)
u_e.g_mac[1].g_tr2.u_tree.held[23][5]$_DFFE_PP_/D (DFFHQNx1_ASAP7_75t_R) 1357.02 1518.93 -161.91 (VIOLATED)
u_e.g_mac[1].g_tr2.u_tree.have[26]$_DFFE_PN0P_/D (DFFASRHQNx1_ASAP7_75t_R) 1346.31 1508.21 -161.90 (VIOLATED)
u_e.g_mac[1].g_tr2.u_tree.held[18][11]$_DFFE_PP_/D (DFFHQNx1_ASAP7_75t_R) 1359.46 1521.36 -161.90 (VIOLATED)
u_e.g_mac[1].g_tr2.u_tree.held[27][23]$_DFFE_PP_/D (DFFHQNx1_ASAP7_75t_R) 1375.67 1537.55 -161.88 (VIOLATED)
u_e.g_mac[1].g_tr2.u_tree.held[12][11]$_DFFE_PP_/D (DFFHQNx1_ASAP7_75t_R) 1357.57 1519.43 -161.86 (VIOLATED)
u_e.g_mac[1].g_tr2.u_tree.held[63][17]$_DFFE_PP_/D (DFFHQNx1_ASAP7_75t_R) 1369.61 1531.46 -161.85 (VIOLATED)
u_e.g_mac[1].g_tr2.u_tree.held[48][10]$_DFFE_PP_/D (DFFHQNx1_ASAP7_75t_R) 1357.18 1519.02 -161.84 (VIOLATED)
u_e.g_mac[1].g_tr2.u_tree.held[10][24]$_DFFE_PP_/D (DFFHQNx1_ASAP7_75t_R) 1373.96 1535.79 -161.84 (VIOLATED)
u_e.g_mac[1].g_tr2.u_tree.held[73][29]$_DFFE_PP_/D (DFFHQNx1_ASAP7_75t_R) 1372.74 1534.56 -161.82 (VIOLATED)
u_e.g_mac[1].g_tr2.u_tree.held[61][3]$_DFFE_PP_/D (DFFHQNx1_ASAP7_75t_R) 1357.32 1519.12 -161.81 (VIOLATED)
u_e.g_mac[1].g_tr2.u_tree.held[15][20]$_DFFE_PP_/D (DFFHQNx1_ASAP7_75t_R) 1371.84 1533.63 -161.80 (VIOLATED)
u_e.g_mac[1].g_tr2.u_tree.held[34][12]$_DFFE_PP_/D (DFFHQNx1_ASAP7_75t_R) 1359.85 1521.64 -161.79 (VIOLATED)
u_e.g_mac[1].g_tr2.u_tree.held[20][7]$_DFFE_PP_/D (DFFHQNx1_ASAP7_75t_R) 1358.51 1520.29 -161.78 (VIOLATED)
u_e.g_mac[1].g_tr2.u_tree.held[78][7]$_DFFE_PP_/D (DFFHQNx1_ASAP7_75t_R) 1359.35 1521.13 -161.77 (VIOLATED)
u_e.g_mac[1].g_tr2.u_tree.held[10][4]$_DFFE_PP_/D (DFFHQNx1_ASAP7_75t_R) 1358.06 1519.83 -161.77 (VIOLATED)
u_e.g_mac[1].g_tr2.u_tree.held[73][30]$_DFFE_PP_/D (DFFHQNx1_ASAP7_75t_R) 1366.23 1527.99 -161.76 (VIOLATED)
u_e.g_mac[1].g_tr2.u_tree.held[39][19]$_DFFE_PP_/D (DFFHQNx1_ASAP7_75t_R) 1373.50 1535.26 -161.76 (VIOLATED)
u_e.g_mac[1].g_tr2.u_tree.held[61][9]$_DFFE_PP_/D (DFFHQNx1_ASAP7_75t_R) 1356.25 1518.01 -161.76 (VIOLATED)
u_e.g_mac[1].g_tr2.u_tree.held[23][11]$_DFFE_PP_/D (DFFHQNx1_ASAP7_75t_R) 1359.12 1520.85 -161.73 (VIOLATED)
u_e.g_mac[1].g_tr2.u_tree.held[9][13]$_DFFE_PP_/D (DFFHQNx1_ASAP7_75t_R) 1354.99 1516.69 -161.70 (VIOLATED)
u_e.g_mac[1].g_tr2.u_tree.held[30][11]$_DFFE_PP_/D (DFFHQNx1_ASAP7_75t_R) 1359.53 1521.21 -161.68 (VIOLATED)
u_e.g_mac[1].g_tr2.u_tree.held[40][18]$_DFFE_PP_/D (DFFHQNx1_ASAP7_75t_R) 1358.96 1520.60 -161.64 (VIOLATED)
u_e.g_mac[1].g_tr2.u_tree.held[22][25]$_DFFE_PP_/D (DFFHQNx1_ASAP7_75t_R) 1380.86 1542.50 -161.64 (VIOLATED)
u_e.g_mac[1].g_tr2.u_tree.held[4][1]$_DFFE_PP_/D (DFFHQNx1_ASAP7_75t_R) 1362.00 1523.63 -161.62 (VIOLATED)
u_e.g_mac[1].g_tr2.u_tree.held[58][21]$_DFFE_PP_/D (DFFHQNx1_ASAP7_75t_R) 1366.05 1527.65 -161.60 (VIOLATED)
u_e.g_mac[1].g_tr2.u_tree.held[48][12]$_DFFE_PP_/D (DFFHQNx1_ASAP7_75t_R) 1355.63 1517.23 -161.60 (VIOLATED)
u_e.g_mac[1].g_tr2.u_tree.held[44][29]$_DFFE_PP_/D (DFFHQNx1_ASAP7_75t_R) 1382.11 1543.70 -161.59 (VIOLATED)
u_e.g_mac[1].g_tr2.u_tree.have[24]$_DFFE_PN0P_/D (DFFASRHQNx1_ASAP7_75t_R) 1362.72 1524.27 -161.56 (VIOLATED)
u_e.g_mac[1].g_tr2.u_tree.held[27][17]$_DFFE_PP_/D (DFFHQNx1_ASAP7_75t_R) 1381.95 1543.50 -161.55 (VIOLATED)
u_e.g_mac[1].g_tr2.u_tree.held[23][2]$_DFFE_PP_/D (DFFHQNx1_ASAP7_75t_R) 1359.25 1520.78 -161.54 (VIOLATED)
u_e.g_mac[1].g_tr2.u_tree.held[76][24]$_DFFE_PP_/D (DFFHQNx1_ASAP7_75t_R) 1374.49 1536.02 -161.54 (VIOLATED)
u_e.g_mac[1].g_tr2.u_tree.held[66][23]$_DFFE_PP_/D (DFFHQNx1_ASAP7_75t_R) 1374.30 1535.82 -161.52 (VIOLATED)
u_e.g_mac[1].g_tr2.u_tree.held[53][8]$_DFFE_PP_/D (DFFHQNx1_ASAP7_75t_R) 1357.19 1518.71 -161.52 (VIOLATED)
u_e.g_mac[1].g_tr2.u_tree.held[30][12]$_DFFE_PP_/D (DFFHQNx1_ASAP7_75t_R) 1358.56 1520.03 -161.47 (VIOLATED)
u_e.g_mac[1].g_tr2.u_tree.have[27]$_DFFE_PN0P_/D (DFFASRHQNx1_ASAP7_75t_R) 1364.27 1525.75 -161.47 (VIOLATED)
u_e.g_mac[1].g_tr2.u_tree.held[23][31]$_DFFE_PP_/D (DFFHQNx1_ASAP7_75t_R) 1358.97 1520.44 -161.47 (VIOLATED)
u_e.g_mac[1].g_tr2.u_tree.held[70][18]$_DFFE_PP_/D (DFFHQNx1_ASAP7_75t_R) 1359.61 1521.07 -161.46 (VIOLATED)
u_e.g_mac[1].g_tr2.u_tree.held[66][25]$_DFFE_PP_/D (DFFHQNx1_ASAP7_75t_R) 1372.45 1533.87 -161.42 (VIOLATED)
u_e.g_mac[1].g_tr2.u_tree.held[23][16]$_DFFE_PP_/D (DFFHQNx1_ASAP7_75t_R) 1358.39 1519.77 -161.38 (VIOLATED)
u_e.g_mac[0].g_l2.u_l0.p0_wq[235]$_DFF_P_/D (DFFHQNx1_ASAP7_75t_R) 1374.66 1536.03 -161.37 (VIOLATED)
u_e.g_mac[1].g_tr2.u_tree.held[48][0]$_DFFE_PP_/D (DFFHQNx1_ASAP7_75t_R) 1359.41 1520.77 -161.36 (VIOLATED)
u_e.g_mac[1].g_tr2.u_tree.held[41][12]$_DFFE_PP_/D (DFFHQNx1_ASAP7_75t_R) 1359.55 1520.91 -161.36 (VIOLATED)
u_e.g_mac[1].g_tr2.u_tree.infl[0][2]$_DFF_PN0_/D (DFFASRHQNx1_ASAP7_75t_R) 1357.52 1518.88 -161.35 (VIOLATED)
u_e.g_mac[1].g_tr2.u_tree.held[61][6]$_DFFE_PP_/D (DFFHQNx1_ASAP7_75t_R) 1354.94 1516.28 -161.34 (VIOLATED)
u_e.g_mac[1].g_tr2.u_tree.held[17][10]$_DFFE_PP_/D (DFFHQNx1_ASAP7_75t_R) 1358.20 1519.51 -161.32 (VIOLATED)
u_e.g_mac[1].g_tr2.u_tree.held[37][19]$_DFFE_PP_/D (DFFHQNx1_ASAP7_75t_R) 1366.62 1527.93 -161.31 (VIOLATED)
u_e.g_mac[1].g_tr2.u_tree.herr[42]$_DFFE_PN0P_/D (DFFASRHQNx1_ASAP7_75t_R) 1355.15 1516.40 -161.25 (VIOLATED)
u_e.g_mac[1].g_tr2.u_tree.held[41][1]$_DFFE_PP_/D (DFFHQNx1_ASAP7_75t_R) 1359.90 1521.15 -161.24 (VIOLATED)
u_e.g_mac[1].g_l2.u_l0.p1_p[18][6]$_DFF_P_/D (DFFHQNx1_ASAP7_75t_R) 1360.55 1521.77 -161.23 (VIOLATED)
u_e.g_mac[1].g_tr2.u_tree.held[41][23]$_DFFE_PP_/D (DFFHQNx1_ASAP7_75t_R) 1372.15 1533.37 -161.23 (VIOLATED)
u_e.g_mac[1].g_tr2.u_tree.held[15][26]$_DFFE_PP_/D (DFFHQNx1_ASAP7_75t_R) 1374.51 1535.72 -161.22 (VIOLATED)
u_e.g_mac[1].g_tr2.u_tree.held[39][1]$_DFFE_PP_/D (DFFHQNx1_ASAP7_75t_R) 1356.01 1517.23 -161.22 (VIOLATED)
u_e.g_mac[1].g_tr2.u_tree.held[60][19]$_DFFE_PP_/D (DFFHQNx1_ASAP7_75t_R) 1371.40 1532.57 -161.17 (VIOLATED)
u_e.g_mac[1].g_tr2.u_tree.held[66][20]$_DFFE_PP_/D (DFFHQNx1_ASAP7_75t_R) 1374.21 1535.34 -161.13 (VIOLATED)
u_e.g_mac[1].g_tr2.u_tree.held[34][29]$_DFFE_PP_/D (DFFHQNx1_ASAP7_75t_R) 1378.60 1539.71 -161.11 (VIOLATED)
u_e.g_mac[1].g_tr2.u_tree.held[66][24]$_DFFE_PP_/D (DFFHQNx1_ASAP7_75t_R) 1373.72 1534.82 -161.10 (VIOLATED)
u_e.g_mac[1].g_tr2.u_tree.held[32][11]$_DFFE_PP_/D (DFFHQNx1_ASAP7_75t_R) 1359.09 1520.18 -161.09 (VIOLATED)
u_e.g_mac[1].g_tr2.u_tree.held[41][20]$_DFFE_PP_/D (DFFHQNx1_ASAP7_75t_R) 1371.63 1532.66 -161.04 (VIOLATED)
u_e.g_mac[1].g_tr2.u_tree.held[34][4]$_DFFE_PP_/D (DFFHQNx1_ASAP7_75t_R) 1359.31 1520.34 -161.02 (VIOLATED)
u_e.g_mac[1].g_tr2.u_tree.held[10][15]$_DFFE_PP_/D (DFFHQNx1_ASAP7_75t_R) 1375.86 1536.88 -161.02 (VIOLATED)
u_e.g_mac[1].g_tr2.u_tree.held[40][22]$_DFFE_PP_/D (DFFHQNx1_ASAP7_75t_R) 1367.63 1528.65 -161.02 (VIOLATED)
u_e.g_mac[1].g_tr2.u_tree.held[6][12]$_DFFE_PP_/D (DFFHQNx1_ASAP7_75t_R) 1359.37 1520.39 -161.02 (VIOLATED)
u_e.g_mac[1].g_tr2.u_tree.have[23]$_DFFE_PN0P_/D (DFFASRHQNx1_ASAP7_75t_R) 1344.51 1505.51 -161.01 (VIOLATED)
u_e.g_mac[1].g_tr2.u_tree.held[39][21]$_DFFE_PP_/D (DFFHQNx1_ASAP7_75t_R) 1375.66 1536.63 -160.97 (VIOLATED)
u_e.g_mac[1].g_tr2.u_tree.held[60][14]$_DFFE_PP_/D (DFFHQNx1_ASAP7_75t_R) 1358.11 1519.04 -160.92 (VIOLATED)
u_e.g_mac[1].g_tr2.u_tree.held[66][26]$_DFFE_PP_/D (DFFHQNx1_ASAP7_75t_R) 1373.73 1534.64 -160.91 (VIOLATED)
u_e.g_mac[1].g_tr2.u_tree.held[34][18]$_DFFE_PP_/D (DFFHQNx1_ASAP7_75t_R) 1382.38 1543.27 -160.89 (VIOLATED)
u_e.g_mac[1].g_tr2.u_tree.held[49][1]$_DFFE_PP_/D (DFFHQNx1_ASAP7_75t_R) 1355.59 1516.44 -160.85 (VIOLATED)
u_e.g_mac[1].g_tr2.u_tree.held[11][0]$_DFFE_PP_/D (DFFHQNx1_ASAP7_75t_R) 1362.47 1523.29 -160.82 (VIOLATED)
u_e.g_mac[1].g_tr2.u_tree.held[4][2]$_DFFE_PP_/D (DFFHQNx1_ASAP7_75t_R) 1358.42 1519.22 -160.80 (VIOLATED)
u_e.g_mac[1].g_tr2.u_tree.held[16][19]$_DFFE_PP_/D (DFFHQNx1_ASAP7_75t_R) 1373.10 1533.88 -160.78 (VIOLATED)
u_e.g_mac[1].g_tr2.u_tree.held[30][18]$_DFFE_PP_/D (DFFHQNx1_ASAP7_75t_R) 1355.32 1516.09 -160.77 (VIOLATED)
u_e.g_mac[1].g_tr2.u_tree.held[24][0]$_DFFE_PP_/D (DFFHQNx1_ASAP7_75t_R) 1362.87 1523.64 -160.77 (VIOLATED)
u_e.g_mac[1].g_tr2.u_tree.held[63][30]$_DFFE_PP_/D (DFFHQNx1_ASAP7_75t_R) 1379.76 1540.52 -160.76 (VIOLATED)
u_e.g_mac[1].g_tr2.u_tree.held[63][26]$_DFFE_PP_/D (DFFHQNx1_ASAP7_75t_R) 1380.40 1541.09 -160.69 (VIOLATED)
u_e.g_mac[1].g_tr2.u_tree.held[39][29]$_DFFE_PP_/D (DFFHQNx1_ASAP7_75t_R) 1374.65 1535.34 -160.69 (VIOLATED)
u_e.g_mac[1].g_tr2.u_tree.held[53][21]$_DFFE_PP_/D (DFFHQNx1_ASAP7_75t_R) 1379.92 1540.60 -160.68 (VIOLATED)
u_e.g_mac[1].g_tr2.u_tree.held[37][28]$_DFFE_PP_/D (DFFHQNx1_ASAP7_75t_R) 1367.49 1528.16 -160.67 (VIOLATED)
u_e.g_mac[1].g_tr2.u_tree.held[4][9]$_DFFE_PP_/D (DFFHQNx1_ASAP7_75t_R) 1357.42 1518.10 -160.67 (VIOLATED)
u_e.g_mac[1].g_tr2.u_tree.held[44][31]$_DFFE_PP_/D (DFFHQNx1_ASAP7_75t_R) 1359.36 1520.03 -160.67 (VIOLATED)
u_e.g_mac[1].g_tr2.u_tree.held[10][26]$_DFFE_PP_/D (DFFHQNx1_ASAP7_75t_R) 1374.68 1535.32 -160.64 (VIOLATED)
u_e.g_mac[1].g_tr2.u_tree.held[34][30]$_DFFE_PP_/D (DFFHQNx1_ASAP7_75t_R) 1380.81 1541.43 -160.61 (VIOLATED)
u_e.g_mac[1].g_tr2.u_tree.held[31][9]$_DFFE_PP_/D (DFFHQNx1_ASAP7_75t_R) 1359.78 1520.38 -160.60 (VIOLATED)
u_e.g_mac[0].g_tr2.u_tree.infl[2][3]$_DFF_PN0_/D (DFFASRHQNx1_ASAP7_75t_R) 1433.75 1594.35 -160.60 (VIOLATED)
u_e.g_mac[1].g_tr2.u_tree.held[75][4]$_DFFE_PP_/D (DFFHQNx1_ASAP7_75t_R) 1362.77 1523.33 -160.57 (VIOLATED)
u_e.g_mac[1].g_tr2.u_tree.held[48][7]$_DFFE_PP_/D (DFFHQNx1_ASAP7_75t_R) 1358.73 1519.25 -160.52 (VIOLATED)
u_e.g_mac[1].g_tr2.u_tree.held[1][5]$_DFFE_PP_/D (DFFHQNx1_ASAP7_75t_R) 1356.87 1517.39 -160.52 (VIOLATED)
u_e.g_mac[1].g_tr2.u_tree.held[78][10]$_DFFE_PP_/D (DFFHQNx1_ASAP7_75t_R) 1358.19 1518.71 -160.52 (VIOLATED)
u_e.g_mac[1].g_tr2.u_tree.held[9][10]$_DFFE_PP_/D (DFFHQNx1_ASAP7_75t_R) 1357.31 1517.78 -160.47 (VIOLATED)
u_e.g_mac[1].g_tr2.u_tree.held[36][18]$_DFFE_PP_/D (DFFHQNx1_ASAP7_75t_R) 1354.42 1514.88 -160.46 (VIOLATED)
u_e.g_mac[1].g_tr2.u_tree.held[15][15]$_DFFE_PP_/D (DFFHQNx1_ASAP7_75t_R) 1373.09 1533.54 -160.45 (VIOLATED)
u_e.g_mac[1].g_tr2.u_tree.held[4][11]$_DFFE_PP_/D (DFFHQNx1_ASAP7_75t_R) 1359.07 1519.49 -160.42 (VIOLATED)
u_e.g_mac[1].g_tr2.u_tree.held[10][12]$_DFFE_PP_/D (DFFHQNx1_ASAP7_75t_R) 1359.44 1519.85 -160.41 (VIOLATED)
u_e.g_mac[1].g_tr2.u_tree.held[11][8]$_DFFE_PP_/D (DFFHQNx1_ASAP7_75t_R) 1363.49 1523.89 -160.41 (VIOLATED)
u_e.g_mac[1].g_tr2.u_tree.held[6][7]$_DFFE_PP_/D (DFFHQNx1_ASAP7_75t_R) 1359.00 1519.38 -160.38 (VIOLATED)
u_e.g_mac[1].g_tr2.u_tree.held[31][0]$_DFFE_PP_/D (DFFHQNx1_ASAP7_75t_R) 1359.12 1519.49 -160.37 (VIOLATED)
u_e.g_mac[1].g_tr2.u_tree.held[63][19]$_DFFE_PP_/D (DFFHQNx1_ASAP7_75t_R) 1379.43 1539.79 -160.37 (VIOLATED)
u_e.g_mac[1].g_tr2.u_tree.held[28][20]$_DFFE_PP_/D (DFFHQNx1_ASAP7_75t_R) 1373.47 1533.82 -160.35 (VIOLATED)
u_e.g_mac[1].g_tr2.u_tree.held[48][11]$_DFFE_PP_/D (DFFHQNx1_ASAP7_75t_R) 1357.84 1518.18 -160.33 (VIOLATED)
u_e.g_mac[1].g_tr2.u_tree.held[63][5]$_DFFE_PP_/D (DFFHQNx1_ASAP7_75t_R) 1357.54 1517.86 -160.32 (VIOLATED)
u_e.g_mac[1].g_tr2.u_tree.held[79][27]$_DFFE_PP_/D (DFFHQNx1_ASAP7_75t_R) 1365.99 1526.29 -160.30 (VIOLATED)
u_e.g_mac[1].g_tr2.u_tree.infl[11][2]$_DFF_PN0_/D (DFFASRHQNx1_ASAP7_75t_R) 1370.90 1531.18 -160.28 (VIOLATED)
u_e.g_mac[1].g_tr2.u_tree.held[30][2]$_DFFE_PP_/D (DFFHQNx1_ASAP7_75t_R) 1356.07 1516.35 -160.27 (VIOLATED)
u_e.g_mac[1].g_tr2.u_tree.held[34][6]$_DFFE_PP_/D (DFFHQNx1_ASAP7_75t_R) 1359.83 1520.08 -160.26 (VIOLATED)
u_e.g_mac[1].g_tr2.u_tree.held[31][11]$_DFFE_PP_/D (DFFHQNx1_ASAP7_75t_R) 1359.18 1519.43 -160.25 (VIOLATED)
u_e.g_mac[1].g_tr2.u_tree.held[15][19]$_DFFE_PP_/D (DFFHQNx1_ASAP7_75t_R) 1374.76 1534.98 -160.22 (VIOLATED)
u_e.g_mac[1].g_tr2.u_tree.held[42][0]$_DFFE_PP_/D (DFFHQNx1_ASAP7_75t_R) 1358.43 1518.62 -160.18 (VIOLATED)
u_e.g_mac[1].g_tr2.u_tree.held[22][22]$_DFFE_PP_/D (DFFHQNx1_ASAP7_75t_R) 1372.51 1532.67 -160.16 (VIOLATED)
u_e.g_mac[1].g_tr2.u_tree.held[9][5]$_DFFE_PP_/D (DFFHQNx1_ASAP7_75t_R) 1357.30 1517.45 -160.15 (VIOLATED)
u_e.g_mac[1].g_tr2.u_tree.held[0][10]$_DFFE_PP_/D (DFFHQNx1_ASAP7_75t_R) 1356.93 1517.09 -160.15 (VIOLATED)
u_e.g_mac[1].g_tr2.u_tree.held[16][26]$_DFFE_PP_/D (DFFHQNx1_ASAP7_75t_R) 1374.59 1534.71 -160.12 (VIOLATED)
u_e.g_mac[1].g_tr2.u_tree.held[1][1]$_DFFE_PP_/D (DFFHQNx1_ASAP7_75t_R) 1355.61 1515.72 -160.11 (VIOLATED)
u_e.g_mac[1].g_tr2.u_tree.held[53][27]$_DFFE_PP_/D (DFFHQNx1_ASAP7_75t_R) 1380.95 1540.99 -160.04 (VIOLATED)
u_e.g_mac[1].g_tr2.u_tree.held[53][30]$_DFFE_PP_/D (DFFHQNx1_ASAP7_75t_R) 1380.34 1540.38 -160.04 (VIOLATED)
u_e.g_mac[1].g_tr2.u_tree.held[41][7]$_DFFE_PP_/D (DFFHQNx1_ASAP7_75t_R) 1358.41 1518.44 -160.03 (VIOLATED)
u_e.g_mac[1].g_tr2.u_tree.held[27][14]$_DFFE_PP_/D (DFFHQNx1_ASAP7_75t_R) 1381.65 1541.68 -160.02 (VIOLATED)
u_e.g_mac[1].g_tr2.u_tree.held[58][28]$_DFFE_PP_/D (DFFHQNx1_ASAP7_75t_R) 1367.03 1527.05 -160.02 (VIOLATED)
u_e.g_mac[1].g_tr2.u_tree.held[24][26]$_DFFE_PP_/D (DFFHQNx1_ASAP7_75t_R) 1379.00 1539.02 -160.01 (VIOLATED)
u_e.g_mac[1].g_l2.u_l0.p1_p[29][7]$_DFF_P_/D (DFFHQNx1_ASAP7_75t_R) 1362.70 1522.68 -159.98 (VIOLATED)
u_e.g_mac[1].g_tr2.u_tree.held[27][26]$_DFFE_PP_/D (DFFHQNx1_ASAP7_75t_R) 1379.60 1539.57 -159.97 (VIOLATED)
u_e.g_mac[1].g_tr2.u_tree.held[48][31]$_DFFE_PP_/D (DFFHQNx1_ASAP7_75t_R) 1358.45 1518.41 -159.96 (VIOLATED)
u_e.g_mac[1].g_tr2.u_tree.held[76][30]$_DFFE_PP_/D (DFFHQNx1_ASAP7_75t_R) 1378.15 1538.10 -159.95 (VIOLATED)
u_e.g_mac[1].g_tr2.u_tree.held[32][31]$_DFFE_PP_/D (DFFHQNx1_ASAP7_75t_R) 1359.68 1519.62 -159.95 (VIOLATED)
u_e.g_mac[1].g_tr2.u_tree.held[61][10]$_DFFE_PP_/D (DFFHQNx1_ASAP7_75t_R) 1358.81 1518.73 -159.92 (VIOLATED)
u_e.g_mac[1].g_tr2.u_tree.held[22][15]$_DFFE_PP_/D (DFFHQNx1_ASAP7_75t_R) 1373.00 1532.90 -159.90 (VIOLATED)
u_e.g_mac[1].g_tr2.u_tree.held[2][20]$_DFFE_PP_/D (DFFHQNx1_ASAP7_75t_R) 1371.64 1531.54 -159.90 (VIOLATED)
u_e.g_mac[1].g_tr2.u_tree.held[61][1]$_DFFE_PP_/D (DFFHQNx1_ASAP7_75t_R) 1357.27 1517.16 -159.89 (VIOLATED)
u_e.g_mac[1].g_tr2.u_tree.held[6][11]$_DFFE_PP_/D (DFFHQNx1_ASAP7_75t_R) 1358.30 1518.16 -159.86 (VIOLATED)
u_e.g_mac[1].g_tr2.u_tree.held[32][17]$_DFFE_PP_/D (DFFHQNx1_ASAP7_75t_R) 1358.68 1518.53 -159.85 (VIOLATED)
u_e.g_mac[1].g_tr2.u_tree.held[31][12]$_DFFE_PP_/D (DFFHQNx1_ASAP7_75t_R) 1359.76 1519.61 -159.85 (VIOLATED)
u_e.g_mac[1].g_tr2.u_tree.held[32][13]$_DFFE_PP_/D (DFFHQNx1_ASAP7_75t_R) 1359.41 1519.23 -159.82 (VIOLATED)
u_e.g_mac[1].g_tr2.u_tree.held[4][17]$_DFFE_PP_/D (DFFHQNx1_ASAP7_75t_R) 1358.38 1518.15 -159.77 (VIOLATED)
u_e.g_mac[1].g_tr2.u_tree.held[27][25]$_DFFE_PP_/D (DFFHQNx1_ASAP7_75t_R) 1379.52 1539.28 -159.76 (VIOLATED)
u_e.g_mac[1].g_tr2.u_tree.held[73][22]$_DFFE_PP_/D (DFFHQNx1_ASAP7_75t_R) 1367.77 1527.48 -159.71 (VIOLATED)
u_e.g_mac[1].g_tr2.u_tree.held[63][21]$_DFFE_PP_/D (DFFHQNx1_ASAP7_75t_R) 1376.95 1536.65 -159.70 (VIOLATED)
u_e.g_mac[1].g_tr2.u_tree.held[39][30]$_DFFE_PP_/D (DFFHQNx1_ASAP7_75t_R) 1376.82 1536.51 -159.69 (VIOLATED)
u_e.g_mac[1].g_tr2.u_tree.held[4][5]$_DFFE_PP_/D (DFFHQNx1_ASAP7_75t_R) 1357.83 1517.50 -159.67 (VIOLATED)
u_e.g_mac[0].g_l2.u_l0.p1_p[3][7]$_DFF_P_/D (DFFHQNx1_ASAP7_75t_R) 1394.52 1554.18 -159.67 (VIOLATED)
u_e.g_mac[1].g_tr2.u_tree.held[24][30]$_DFFE_PP_/D (DFFHQNx1_ASAP7_75t_R) 1381.01 1540.66 -159.64 (VIOLATED)
u_e.g_mac[1].g_tr2.u_tree.held[67][24]$_DFFE_PP_/D (DFFHQNx1_ASAP7_75t_R) 1375.32 1534.96 -159.64 (VIOLATED)
u_e.g_mac[1].g_tr2.u_tree.held[24][25]$_DFFE_PP_/D (DFFHQNx1_ASAP7_75t_R) 1379.58 1539.21 -159.63 (VIOLATED)
u_e.g_mac[1].g_tr2.u_tree.held[34][27]$_DFFE_PP_/D (DFFHQNx1_ASAP7_75t_R) 1381.86 1541.49 -159.63 (VIOLATED)
u_e.g_mac[1].g_tr2.u_tree.held[43][0]$_DFFE_PP_/D (DFFHQNx1_ASAP7_75t_R) 1361.21 1520.72 -159.51 (VIOLATED)
u_e.g_mac[1].g_tr2.u_tree.held[6][2]$_DFFE_PP_/D (DFFHQNx1_ASAP7_75t_R) 1355.99 1515.50 -159.51 (VIOLATED)
u_e.g_mac[1].g_tr2.u_tree.held[6][13]$_DFFE_PP_/D (DFFHQNx1_ASAP7_75t_R) 1357.27 1516.77 -159.50 (VIOLATED)
u_e.g_mac[1].g_tr2.u_tree.held[20][24]$_DFFE_PP_/D (DFFHQNx1_ASAP7_75t_R) 1373.61 1533.10 -159.50 (VIOLATED)
u_e.g_mac[1].g_tr2.u_tree.held[75][6]$_DFFE_PP_/D (DFFHQNx1_ASAP7_75t_R) 1363.82 1523.30 -159.48 (VIOLATED)
u_e.g_mac[1].g_tr2.u_tree.held[55][27]$_DFFE_PP_/D (DFFHQNx1_ASAP7_75t_R) 1378.71 1538.19 -159.48 (VIOLATED)
u_e.g_mac[1].g_tr2.u_tree.held[69][30]$_DFFE_PP_/D (DFFHQNx1_ASAP7_75t_R) 1366.09 1525.57 -159.48 (VIOLATED)
u_e.g_mac[1].g_tr2.u_tree.held[11][3]$_DFFE_PP_/D (DFFHQNx1_ASAP7_75t_R) 1363.98 1523.46 -159.48 (VIOLATED)
u_e.g_mac[1].g_tr2.u_tree.held[53][19]$_DFFE_PP_/D (DFFHQNx1_ASAP7_75t_R) 1381.51 1540.98 -159.47 (VIOLATED)
u_e.g_mac[1].g_tr2.u_tree.held[39][15]$_DFFE_PP_/D (DFFHQNx1_ASAP7_75t_R) 1376.95 1536.42 -159.47 (VIOLATED)
u_e.g_mac[1].g_tr2.u_tree.held[52][1]$_DFFE_PP_/D (DFFHQNx1_ASAP7_75t_R) 1355.80 1515.23 -159.43 (VIOLATED)
u_e.g_mac[1].g_tr2.u_tree.held[31][31]$_DFFE_PP_/D (DFFHQNx1_ASAP7_75t_R) 1359.86 1519.25 -159.39 (VIOLATED)
u_e.g_mac[1].g_tr2.u_tree.held[10][14]$_DFFE_PP_/D (DFFHQNx1_ASAP7_75t_R) 1354.70 1514.09 -159.39 (VIOLATED)
u_e.g_mac[1].g_l2.u_l0.p0_wq[80]$_DFF_P_/D (DFFHQNx1_ASAP7_75t_R) 1372.89 1532.27 -159.39 (VIOLATED)
u_e.g_mac[1].g_tr2.u_tree.held[63][27]$_DFFE_PP_/D (DFFHQNx1_ASAP7_75t_R) 1381.95 1541.32 -159.37 (VIOLATED)
u_e.g_mac[1].g_tr2.u_tree.herr[77]$_DFFE_PN0P_/D (DFFASRHQNx1_ASAP7_75t_R) 1346.23 1505.58 -159.35 (VIOLATED)
u_e.g_mac[1].g_tr2.u_tree.have[65]$_DFFE_PN0P_/D (DFFASRHQNx1_ASAP7_75t_R) 1345.09 1504.42 -159.34 (VIOLATED)
u_e.g_mac[1].g_tr2.u_tree.held[78][31]$_DFFE_PP_/D (DFFHQNx1_ASAP7_75t_R) 1359.08 1518.41 -159.33 (VIOLATED)
u_e.g_mac[1].g_tr2.u_tree.held[48][16]$_DFFE_PP_/D (DFFHQNx1_ASAP7_75t_R) 1357.38 1516.70 -159.32 (VIOLATED)
u_e.g_mac[1].g_tr2.u_tree.held[78][5]$_DFFE_PP_/D (DFFHQNx1_ASAP7_75t_R) 1358.27 1517.49 -159.22 (VIOLATED)
u_e.g_mac[1].g_tr2.u_tree.held[67][26]$_DFFE_PP_/D (DFFHQNx1_ASAP7_75t_R) 1375.78 1534.99 -159.21 (VIOLATED)
u_e.g_mac[1].g_tr2.u_tree.held[22][21]$_DFFE_PP_/D (DFFHQNx1_ASAP7_75t_R) 1373.07 1532.27 -159.19 (VIOLATED)
u_e.g_mac[0].g_tr2.u_tree.infl[3][3]$_DFF_PN0_/D (DFFASRHQNx1_ASAP7_75t_R) 1425.33 1584.52 -159.19 (VIOLATED)
u_e.g_mac[1].g_tr2.u_tree.add_a[7]$_DFF_P_/D (DFFHQNx1_ASAP7_75t_R) 1364.57 1523.75 -159.18 (VIOLATED)
u_e.g_mac[1].g_tr2.u_tree.held[73][26]$_DFFE_PP_/D (DFFHQNx1_ASAP7_75t_R) 1374.18 1533.32 -159.14 (VIOLATED)
u_e.g_mac[1].g_tr2.u_tree.held[28][28]$_DFFE_PP_/D (DFFHQNx1_ASAP7_75t_R) 1375.62 1534.75 -159.13 (VIOLATED)
u_e.g_mac[1].g_tr2.u_tree.held[42][7]$_DFFE_PP_/D (DFFHQNx1_ASAP7_75t_R) 1359.28 1518.42 -159.13 (VIOLATED)
u_e.g_mac[1].g_tr2.u_tree.held[42][11]$_DFFE_PP_/D (DFFHQNx1_ASAP7_75t_R) 1359.07 1518.20 -159.13 (VIOLATED)
u_e.g_mac[1].g_tr2.u_tree.held[32][2]$_DFFE_PP_/D (DFFHQNx1_ASAP7_75t_R) 1359.28 1518.39 -159.11 (VIOLATED)
u_e.g_mac[1].g_tr2.u_tree.held[23][18]$_DFFE_PP_/D (DFFHQNx1_ASAP7_75t_R) 1359.02 1518.09 -159.07 (VIOLATED)
u_e.g_mac[1].g_tr2.u_tree.held[0][2]$_DFFE_PP_/D (DFFHQNx1_ASAP7_75t_R) 1358.13 1517.19 -159.06 (VIOLATED)
u_e.g_mac[1].g_tr2.u_tree.infl[9][3]$_DFF_PN0_/D (DFFASRHQNx1_ASAP7_75t_R) 1372.84 1531.89 -159.04 (VIOLATED)
u_e.g_mac[1].g_tr2.u_tree.held[75][8]$_DFFE_PP_/D (DFFHQNx1_ASAP7_75t_R) 1374.03 1533.07 -159.04 (VIOLATED)
u_e.g_mac[1].g_tr2.u_tree.held[40][11]$_DFFE_PP_/D (DFFHQNx1_ASAP7_75t_R) 1358.21 1517.24 -159.03 (VIOLATED)
u_e.g_mac[1].g_tr2.u_tree.held[8][5]$_DFFE_PP_/D (DFFHQNx1_ASAP7_75t_R) 1355.96 1514.97 -159.01 (VIOLATED)
u_e.g_mac[1].g_tr2.u_tree.held[41][11]$_DFFE_PP_/D (DFFHQNx1_ASAP7_75t_R) 1358.57 1517.58 -159.01 (VIOLATED)
u_e.g_mac[1].g_tr2.u_tree.have[8]$_DFFE_PN0P_/D (DFFASRHQNx1_ASAP7_75t_R) 1363.63 1522.64 -159.01 (VIOLATED)
u_e.g_mac[1].g_tr2.u_tree.held[11][1]$_DFFE_PP_/D (DFFHQNx1_ASAP7_75t_R) 1357.36 1516.36 -159.00 (VIOLATED)
u_e.g_mac[1].g_tr2.u_tree.held[24][29]$_DFFE_PP_/D (DFFHQNx1_ASAP7_75t_R) 1380.92 1539.91 -159.00 (VIOLATED)
u_e.g_mac[1].g_tr2.u_tree.held[32][12]$_DFFE_PP_/D (DFFHQNx1_ASAP7_75t_R) 1357.24 1516.23 -159.00 (VIOLATED)
u_e.g_mac[1].g_tr2.u_tree.held[8][16]$_DFFE_PP_/D (DFFHQNx1_ASAP7_75t_R) 1355.95 1514.93 -158.98 (VIOLATED)
u_e.g_mac[1].g_tr2.u_tree.held[4][16]$_DFFE_PP_/D (DFFHQNx1_ASAP7_75t_R) 1358.22 1517.16 -158.95 (VIOLATED)
u_e.g_mac[1].g_tr2.u_tree.held[25][14]$_DFFE_PP_/D (DFFHQNx1_ASAP7_75t_R) 1367.07 1526.02 -158.95 (VIOLATED)
u_e.g_mac[1].g_tr2.u_tree.held[69][28]$_DFFE_PP_/D (DFFHQNx1_ASAP7_75t_R) 1366.84 1525.77 -158.93 (VIOLATED)
u_e.g_mac[1].g_tr2.u_tree.held[1][11]$_DFFE_PP_/D (DFFHQNx1_ASAP7_75t_R) 1358.89 1517.75 -158.86 (VIOLATED)
u_e.g_mac[1].g_tr2.u_tree.held[35][3]$_DFFE_PP_/D (DFFHQNx1_ASAP7_75t_R) 1362.36 1521.16 -158.80 (VIOLATED)
u_e.g_mac[1].g_tr2.u_tree.held[9][8]$_DFFE_PP_/D (DFFHQNx1_ASAP7_75t_R) 1355.82 1514.62 -158.79 (VIOLATED)
u_e.g_mac[1].g_tr2.u_tree.held[48][9]$_DFFE_PP_/D (DFFHQNx1_ASAP7_75t_R) 1358.06 1516.83 -158.77 (VIOLATED)
u_e.g_mac[1].g_tr2.u_tree.held[20][14]$_DFFE_PP_/D (DFFHQNx1_ASAP7_75t_R) 1357.41 1516.17 -158.76 (VIOLATED)
u_e.g_mac[1].g_tr2.u_tree.herr[67]$_DFFE_PN0P_/D (DFFASRHQNx1_ASAP7_75t_R) 1346.29 1505.05 -158.75 (VIOLATED)
u_e.g_mac[1].g_tr2.u_tree.held[43][1]$_DFFE_PP_/D (DFFHQNx1_ASAP7_75t_R) 1356.19 1514.93 -158.74 (VIOLATED)
u_e.g_mac[1].g_tr2.u_tree.held[39][28]$_DFFE_PP_/D (DFFHQNx1_ASAP7_75t_R) 1377.95 1536.68 -158.73 (VIOLATED)
u_e.g_mac[1].g_tr2.u_tree.held[25][28]$_DFFE_PP_/D (DFFHQNx1_ASAP7_75t_R) 1367.24 1525.97 -158.72 (VIOLATED)
u_e.g_mac[1].g_tr2.u_tree.held[58][22]$_DFFE_PP_/D (DFFHQNx1_ASAP7_75t_R) 1366.56 1525.27 -158.71 (VIOLATED)
u_e.g_mac[1].g_tr2.u_tree.held[32][16]$_DFFE_PP_/D (DFFHQNx1_ASAP7_75t_R) 1357.66 1516.33 -158.67 (VIOLATED)
u_e.g_mac[1].g_tr2.u_tree.infl[5][2]$_DFF_PN0_/D (DFFASRHQNx1_ASAP7_75t_R) 1371.95 1530.58 -158.63 (VIOLATED)
u_e.g_mac[1].g_tr2.u_tree.held[6][10]$_DFFE_PP_/D (DFFHQNx1_ASAP7_75t_R) 1356.07 1514.69 -158.62 (VIOLATED)
u_e.g_mac[1].g_tr2.u_tree.held[45][30]$_DFFE_PP_/D (DFFHQNx1_ASAP7_75t_R) 1381.73 1540.35 -158.62 (VIOLATED)
u_e.g_mac[1].g_tr2.u_tree.held[31][7]$_DFFE_PP_/D (DFFHQNx1_ASAP7_75t_R) 1359.36 1517.97 -158.61 (VIOLATED)
u_e.g_mac[1].g_tr2.u_tree.held[32][5]$_DFFE_PP_/D (DFFHQNx1_ASAP7_75t_R) 1358.29 1516.88 -158.59 (VIOLATED)
u_e.g_mac[1].g_tr2.u_tree.held[42][5]$_DFFE_PP_/D (DFFHQNx1_ASAP7_75t_R) 1358.61 1517.18 -158.56 (VIOLATED)
u_e.g_mac[1].g_tr2.u_tree.held[4][19]$_DFFE_PP_/D (DFFHQNx1_ASAP7_75t_R) 1378.96 1537.51 -158.55 (VIOLATED)
u_e.g_mac[1].g_tr2.u_tree.held[55][25]$_DFFE_PP_/D (DFFHQNx1_ASAP7_75t_R) 1380.09 1538.63 -158.53 (VIOLATED)
u_e.g_mac[1].g_tr2.u_tree.held[42][14]$_DFFE_PP_/D (DFFHQNx1_ASAP7_75t_R) 1358.39 1516.92 -158.53 (VIOLATED)
u_e.g_mac[1].g_tr2.u_tree.have[42]$_DFFE_PN0P_/D (DFFASRHQNx1_ASAP7_75t_R) 1344.75 1503.27 -158.52 (VIOLATED)
u_e.g_mac[1].g_tr2.u_tree.held[76][16]$_DFFE_PP_/D (DFFHQNx1_ASAP7_75t_R) 1355.51 1514.01 -158.50 (VIOLATED)
u_e.g_mac[1].g_tr2.u_tree.held[34][1]$_DFFE_PP_/D (DFFHQNx1_ASAP7_75t_R) 1362.75 1521.24 -158.49 (VIOLATED)
u_e.g_mac[1].g_tr2.u_tree.held[6][0]$_DFFE_PP_/D (DFFHQNx1_ASAP7_75t_R) 1358.85 1517.34 -158.49 (VIOLATED)
u_e.g_mac[1].g_tr2.u_tree.add_a[6]$_DFF_P_/D (DFFHQNx1_ASAP7_75t_R) 1366.64 1525.12 -158.48 (VIOLATED)
u_e.g_mac[1].g_tr2.u_tree.held[1][31]$_DFFE_PP_/D (DFFHQNx1_ASAP7_75t_R) 1359.79 1518.25 -158.46 (VIOLATED)
u_e.g_mac[1].g_tr2.u_tree.held[2][23]$_DFFE_PP_/D (DFFHQNx1_ASAP7_75t_R) 1372.40 1530.81 -158.41 (VIOLATED)
u_e.g_mac[0].g_tr2.u_tree.infl[7][3]$_DFF_PN0_/D (DFFASRHQNx1_ASAP7_75t_R) 1431.27 1589.67 -158.40 (VIOLATED)
u_e.g_mac[1].g_tr2.u_tree.held[39][6]$_DFFE_PP_/D (DFFHQNx1_ASAP7_75t_R) 1358.15 1516.55 -158.40 (VIOLATED)
u_e.g_mac[1].g_tr2.u_tree.held[27][22]$_DFFE_PP_/D (DFFHQNx1_ASAP7_75t_R) 1381.92 1540.28 -158.36 (VIOLATED)
u_e.g_mac[1].g_tr2.u_tree.held[39][0]$_DFFE_PP_/D (DFFHQNx1_ASAP7_75t_R) 1362.01 1520.36 -158.34 (VIOLATED)
u_e.g_mac[1].g_tr2.u_tree.held[76][28]$_DFFE_PP_/D (DFFHQNx1_ASAP7_75t_R) 1379.26 1537.58 -158.32 (VIOLATED)
u_e.g_mac[1].g_l2.u_l0.p1_p[13][6]$_DFF_P_/D (DFFHQNx1_ASAP7_75t_R) 1364.11 1522.42 -158.32 (VIOLATED)
u_e.g_mac[1].g_tr2.u_tree.held[1][29]$_DFFE_PP_/D (DFFHQNx1_ASAP7_75t_R) 1378.74 1537.04 -158.30 (VIOLATED)
u_e.g_mac[1].g_tr2.u_tree.held[23][9]$_DFFE_PP_/D (DFFHQNx1_ASAP7_75t_R) 1359.52 1517.77 -158.25 (VIOLATED)
u_e.g_mac[1].g_tr2.u_tree.held[56][7]$_DFFE_PP_/D (DFFHQNx1_ASAP7_75t_R) 1356.36 1514.61 -158.25 (VIOLATED)
u_e.g_mac[1].g_tr2.u_tree.held[25][22]$_DFFE_PP_/D (DFFHQNx1_ASAP7_75t_R) 1367.41 1525.64 -158.23 (VIOLATED)
u_e.g_mac[1].g_tr2.u_tree.held[45][24]$_DFFE_PP_/D (DFFHQNx1_ASAP7_75t_R) 1374.61 1532.83 -158.22 (VIOLATED)
u_e.g_mac[1].g_tr2.u_tree.held[51][1]$_DFFE_PP_/D (DFFHQNx1_ASAP7_75t_R) 1355.61 1513.83 -158.22 (VIOLATED)
u_e.g_mac[1].g_tr2.u_tree.have[62]$_DFFE_PN0P_/D (DFFASRHQNx1_ASAP7_75t_R) 1345.33 1503.53 -158.20 (VIOLATED)
u_e.g_mac[1].g_tr2.u_tree.held[49][8]$_DFFE_PP_/D (DFFHQNx1_ASAP7_75t_R) 1362.85 1521.02 -158.17 (VIOLATED)
u_e.g_mac[1].g_tr2.u_tree.held[40][31]$_DFFE_PP_/D (DFFHQNx1_ASAP7_75t_R) 1358.80 1516.97 -158.17 (VIOLATED)
u_e.g_mac[1].g_tr2.u_tree.have[61]$_DFFE_PN0P_/D (DFFASRHQNx1_ASAP7_75t_R) 1363.28 1521.45 -158.16 (VIOLATED)
u_e.g_mac[1].g_tr2.u_tree.held[1][12]$_DFFE_PP_/D (DFFHQNx1_ASAP7_75t_R) 1359.51 1517.68 -158.16 (VIOLATED)
u_e.g_mac[1].g_tr2.u_tree.held[8][9]$_DFFE_PP_/D (DFFHQNx1_ASAP7_75t_R) 1356.55 1514.71 -158.15 (VIOLATED)
u_e.g_mac[1].g_l2.u_l0.p1_p[7][4]$_DFF_P_/D (DFFHQNx1_ASAP7_75t_R) 1373.72 1531.87 -158.15 (VIOLATED)
u_e.g_mac[1].g_tr2.u_tree.held[27][18]$_DFFE_PP_/D (DFFHQNx1_ASAP7_75t_R) 1382.44 1540.58 -158.14 (VIOLATED)
u_e.g_mac[1].g_tr2.u_tree.held[73][21]$_DFFE_PP_/D (DFFHQNx1_ASAP7_75t_R) 1374.77 1532.90 -158.13 (VIOLATED)
u_e.g_mac[1].g_tr2.u_tree.held[69][21]$_DFFE_PP_/D (DFFHQNx1_ASAP7_75t_R) 1367.32 1525.45 -158.13 (VIOLATED)
u_e.g_mac[1].g_tr2.u_tree.held[9][3]$_DFFE_PP_/D (DFFHQNx1_ASAP7_75t_R) 1357.22 1515.35 -158.12 (VIOLATED)
u_e.g_mac[1].g_tr2.u_tree.held[6][5]$_DFFE_PP_/D (DFFHQNx1_ASAP7_75t_R) 1356.69 1514.79 -158.10 (VIOLATED)
u_e.g_mac[1].g_tr2.u_tree.held[31][21]$_DFFE_PP_/D (DFFHQNx1_ASAP7_75t_R) 1367.32 1525.42 -158.10 (VIOLATED)
u_e.g_mac[1].g_tr2.u_tree.held[60][21]$_DFFE_PP_/D (DFFHQNx1_ASAP7_75t_R) 1373.27 1531.32 -158.06 (VIOLATED)
u_e.g_mac[1].g_tr2.u_tree.held[50][26]$_DFFE_PP_/D (DFFHQNx1_ASAP7_75t_R) 1382.55 1540.59 -158.04 (VIOLATED)
u_e.g_mac[1].g_tr2.u_tree.held[4][24]$_DFFE_PP_/D (DFFHQNx1_ASAP7_75t_R) 1374.48 1532.51 -158.03 (VIOLATED)
u_e.g_mac[1].g_tr2.u_tree.held[40][10]$_DFFE_PP_/D (DFFHQNx1_ASAP7_75t_R) 1357.93 1515.94 -158.01 (VIOLATED)
u_e.g_mac[1].g_l2.u_l0.p0_we[7]$_DFF_P_/D (DFFHQNx1_ASAP7_75t_R) 1376.96 1534.96 -158.00 (VIOLATED)
u_e.g_mac[1].g_tr2.u_tree.held[15][3]$_DFFE_PP_/D (DFFHQNx1_ASAP7_75t_R) 1357.01 1515.00 -157.99 (VIOLATED)
u_e.g_mac[1].g_tr2.u_tree.held[32][9]$_DFFE_PP_/D (DFFHQNx1_ASAP7_75t_R) 1358.16 1516.15 -157.99 (VIOLATED)
u_e.g_mac[1].g_tr2.u_tree.held[22][24]$_DFFE_PP_/D (DFFHQNx1_ASAP7_75t_R) 1375.21 1533.18 -157.97 (VIOLATED)
u_e.g_mac[1].g_tr2.u_tree.held[52][2]$_DFFE_PP_/D (DFFHQNx1_ASAP7_75t_R) 1355.62 1513.58 -157.96 (VIOLATED)
u_e.g_mac[1].g_tr2.u_tree.held[6][9]$_DFFE_PP_/D (DFFHQNx1_ASAP7_75t_R) 1356.00 1513.95 -157.95 (VIOLATED)
u_e.g_mac[1].g_tr2.u_tree.held[73][24]$_DFFE_PP_/D (DFFHQNx1_ASAP7_75t_R) 1375.15 1533.07 -157.92 (VIOLATED)
u_e.g_mac[1].g_tr2.u_tree.held[68][8]$_DFFE_PP_/D (DFFHQNx1_ASAP7_75t_R) 1355.78 1513.69 -157.91 (VIOLATED)
u_e.g_mac[1].g_tr2.u_tree.held[5][3]$_DFFE_PP_/D (DFFHQNx1_ASAP7_75t_R) 1356.06 1513.96 -157.90 (VIOLATED)
u_e.g_mac[1].g_tr2.u_tree.held[24][28]$_DFFE_PP_/D (DFFHQNx1_ASAP7_75t_R) 1377.48 1535.38 -157.90 (VIOLATED)
u_e.g_mac[1].g_tr2.u_tree.held[35][27]$_DFFE_PP_/D (DFFHQNx1_ASAP7_75t_R) 1365.98 1523.88 -157.89 (VIOLATED)
u_e.g_mac[1].g_tr2.u_tree.held[1][3]$_DFFE_PP_/D (DFFHQNx1_ASAP7_75t_R) 1363.83 1521.71 -157.89 (VIOLATED)
u_e.g_mac[1].g_tr2.u_tree.have[15]$_DFFE_PN0P_/D (DFFASRHQNx1_ASAP7_75t_R) 1363.33 1521.21 -157.88 (VIOLATED)
u_e.g_mac[0].g_tr2.u_tree.infl[12][2]$_DFF_PN0_/D (DFFASRHQNx1_ASAP7_75t_R) 1396.68 1554.55 -157.87 (VIOLATED)
u_e.g_mac[1].g_tr2.u_tree.held[53][18]$_DFFE_PP_/D (DFFHQNx1_ASAP7_75t_R) 1355.14 1512.96 -157.82 (VIOLATED)
u_e.g_mac[1].g_tr2.u_tree.held[6][31]$_DFFE_PP_/D (DFFHQNx1_ASAP7_75t_R) 1359.50 1517.32 -157.82 (VIOLATED)
u_e.g_mac[1].g_tr2.u_tree.held[75][7]$_DFFE_PP_/D (DFFHQNx1_ASAP7_75t_R) 1357.01 1514.83 -157.82 (VIOLATED)
u_e.g_mac[1].g_tr2.u_tree.held[40][14]$_DFFE_PP_/D (DFFHQNx1_ASAP7_75t_R) 1381.74 1539.55 -157.81 (VIOLATED)
u_e.g_mac[1].g_tr2.u_tree.held[32][10]$_DFFE_PP_/D (DFFHQNx1_ASAP7_75t_R) 1358.98 1516.79 -157.81 (VIOLATED)
u_e.g_mac[1].g_tr2.u_tree.held[60][23]$_DFFE_PP_/D (DFFHQNx1_ASAP7_75t_R) 1373.87 1531.66 -157.79 (VIOLATED)
u_e.g_mac[1].g_tr2.u_tree.held[23][7]$_DFFE_PP_/D (DFFHQNx1_ASAP7_75t_R) 1359.18 1516.95 -157.77 (VIOLATED)
u_e.g_mac[1].g_tr2.u_tree.held[40][16]$_DFFE_PP_/D (DFFHQNx1_ASAP7_75t_R) 1357.33 1515.07 -157.74 (VIOLATED)
u_e.g_mac[1].g_tr2.u_tree.held[53][25]$_DFFE_PP_/D (DFFHQNx1_ASAP7_75t_R) 1380.13 1537.82 -157.69 (VIOLATED)
u_e.g_mac[1].g_tr2.u_tree.infl[2][1]$_DFF_PN0_/D (DFFASRHQNx1_ASAP7_75t_R) 1358.27 1515.96 -157.69 (VIOLATED)
u_e.g_mac[1].g_tr2.u_tree.held[2][14]$_DFFE_PP_/D (DFFHQNx1_ASAP7_75t_R) 1374.16 1531.84 -157.68 (VIOLATED)
u_e.g_mac[1].g_tr2.u_tree.held[27][31]$_DFFE_PP_/D (DFFHQNx1_ASAP7_75t_R) 1358.85 1516.52 -157.67 (VIOLATED)
u_e.g_mac[1].g_tr2.u_tree.held[76][20]$_DFFE_PP_/D (DFFHQNx1_ASAP7_75t_R) 1355.32 1512.98 -157.66 (VIOLATED)
u_e.g_mac[1].g_tr2.u_tree.held[27][6]$_DFFE_PP_/D (DFFHQNx1_ASAP7_75t_R) 1359.23 1516.89 -157.66 (VIOLATED)
u_e.g_mac[1].g_tr2.u_tree.held[67][20]$_DFFE_PP_/D (DFFHQNx1_ASAP7_75t_R) 1355.03 1512.68 -157.65 (VIOLATED)
u_e.g_mac[1].g_l2.u_l0.p0_wq[160]$_DFF_P_/D (DFFHQNx1_ASAP7_75t_R) 1376.42 1534.07 -157.65 (VIOLATED)
u_e.g_mac[1].g_tr2.u_tree.held[10][20]$_DFFE_PP_/D (DFFHQNx1_ASAP7_75t_R) 1354.91 1512.55 -157.64 (VIOLATED)
u_e.g_mac[1].g_tr2.u_tree.held[79][7]$_DFFE_PP_/D (DFFHQNx1_ASAP7_75t_R) 1358.31 1515.94 -157.63 (VIOLATED)
u_e.g_mac[1].g_tr2.u_tree.held[0][20]$_DFFE_PP_/D (DFFHQNx1_ASAP7_75t_R) 1354.52 1512.15 -157.62 (VIOLATED)
u_e.g_mac[1].g_tr2.u_tree.held[5][0]$_DFFE_PP_/D (DFFHQNx1_ASAP7_75t_R) 1356.75 1514.33 -157.58 (VIOLATED)
u_e.g_mac[1].g_tr2.u_tree.held[13][14]$_DFFE_PP_/D (DFFHQNx1_ASAP7_75t_R) 1354.44 1512.02 -157.58 (VIOLATED)
u_e.g_mac[1].g_tr2.u_tree.held[16][7]$_DFFE_PP_/D (DFFHQNx1_ASAP7_75t_R) 1359.11 1516.69 -157.57 (VIOLATED)
u_e.g_mac[1].g_tr2.u_tree.held[56][10]$_DFFE_PP_/D (DFFHQNx1_ASAP7_75t_R) 1356.07 1513.64 -157.57 (VIOLATED)
u_e.g_mac[1].g_tr2.u_tree.held[35][1]$_DFFE_PP_/D (DFFHQNx1_ASAP7_75t_R) 1358.29 1515.85 -157.56 (VIOLATED)
u_e.g_mac[1].g_tr2.u_tree.held[28][0]$_DFFE_PP_/D (DFFHQNx1_ASAP7_75t_R) 1362.85 1520.40 -157.55 (VIOLATED)
u_e.g_mac[1].g_tr2.u_tree.held[56][25]$_DFFE_PP_/D (DFFHQNx1_ASAP7_75t_R) 1380.29 1537.84 -157.54 (VIOLATED)
u_e.g_mac[1].g_tr2.u_tree.held[24][24]$_DFFE_PP_/D (DFFHQNx1_ASAP7_75t_R) 1382.14 1539.68 -157.54 (VIOLATED)
u_e.g_mac[1].g_l2.u_l0.p1_p[18][7]$_DFF_P_/D (DFFHQNx1_ASAP7_75t_R) 1373.86 1531.40 -157.53 (VIOLATED)
u_e.g_mac[1].g_tr2.u_tree.held[61][8]$_DFFE_PP_/D (DFFHQNx1_ASAP7_75t_R) 1362.23 1519.75 -157.52 (VIOLATED)
u_e.g_mac[1].g_tr2.u_tree.held[0][7]$_DFFE_PP_/D (DFFHQNx1_ASAP7_75t_R) 1359.64 1517.10 -157.46 (VIOLATED)
u_e.g_mac[1].g_tr2.u_tree.held[1][4]$_DFFE_PP_/D (DFFHQNx1_ASAP7_75t_R) 1363.95 1521.40 -157.45 (VIOLATED)
u_e.g_mac[1].g_tr2.u_tree.held[13][23]$_DFFE_PP_/D (DFFHQNx1_ASAP7_75t_R) 1354.85 1512.31 -157.45 (VIOLATED)
u_e.g_mac[1].g_tr2.u_tree.held[53][29]$_DFFE_PP_/D (DFFHQNx1_ASAP7_75t_R) 1366.49 1523.94 -157.45 (VIOLATED)
u_e.g_mac[1].g_tr2.u_tree.held[34][26]$_DFFE_PP_/D (DFFHQNx1_ASAP7_75t_R) 1379.72 1537.16 -157.44 (VIOLATED)
u_e.g_mac[1].g_tr2.u_tree.held[53][14]$_DFFE_PP_/D (DFFHQNx1_ASAP7_75t_R) 1365.58 1523.01 -157.43 (VIOLATED)
u_e.g_mac[1].g_tr2.u_tree.held[35][15]$_DFFE_PP_/D (DFFHQNx1_ASAP7_75t_R) 1366.71 1524.14 -157.43 (VIOLATED)
u_e.g_mac[1].g_tr2.u_tree.held[67][5]$_DFFE_PP_/D (DFFHQNx1_ASAP7_75t_R) 1355.71 1513.13 -157.42 (VIOLATED)
u_e.g_mac[1].g_tr2.u_tree.have[28]$_DFFE_PN0P_/D (DFFASRHQNx1_ASAP7_75t_R) 1364.36 1521.77 -157.41 (VIOLATED)
u_e.g_mac[1].g_tr2.u_tree.held[44][20]$_DFFE_PP_/D (DFFHQNx1_ASAP7_75t_R) 1373.07 1530.48 -157.41 (VIOLATED)
u_e.g_mac[1].g_tr2.u_tree.held[15][0]$_DFFE_PP_/D (DFFHQNx1_ASAP7_75t_R) 1362.90 1520.30 -157.40 (VIOLATED)
u_e.g_mac[1].g_l2.u_l0.p0_wq[8]$_DFF_P_/D (DFFHQNx2_ASAP7_75t_R) 1356.87 1514.25 -157.38 (VIOLATED)
u_e.g_mac[1].g_l2.u_l0.p1_p[15][5]$_DFF_P_/D (DFFHQNx1_ASAP7_75t_R) 1359.20 1516.58 -157.37 (VIOLATED)
u_e.g_mac[1].g_tr2.u_tree.held[0][27]$_DFFE_PP_/D (DFFHQNx1_ASAP7_75t_R) 1366.14 1523.50 -157.36 (VIOLATED)
u_e.g_mac[1].g_tr2.u_tree.held[75][2]$_DFFE_PP_/D (DFFHQNx1_ASAP7_75t_R) 1356.47 1513.83 -157.36 (VIOLATED)
u_e.g_mac[1].g_tr2.u_tree.held[35][22]$_DFFE_PP_/D (DFFHQNx1_ASAP7_75t_R) 1366.72 1524.07 -157.35 (VIOLATED)
u_e.g_mac[1].g_tr2.u_tree.held[41][24]$_DFFE_PP_/D (DFFHQNx1_ASAP7_75t_R) 1373.87 1531.21 -157.35 (VIOLATED)
u_e.g_mac[1].g_tr2.u_tree.held[50][29]$_DFFE_PP_/D (DFFHQNx1_ASAP7_75t_R) 1382.74 1540.08 -157.34 (VIOLATED)
u_e.g_mac[1].g_tr2.u_tree.held[35][6]$_DFFE_PP_/D (DFFHQNx1_ASAP7_75t_R) 1358.61 1515.94 -157.34 (VIOLATED)
u_e.g_mac[1].g_tr2.u_tree.held[27][7]$_DFFE_PP_/D (DFFHQNx1_ASAP7_75t_R) 1359.13 1516.46 -157.33 (VIOLATED)
u_e.g_mac[1].g_tr2.u_tree.held[50][28]$_DFFE_PP_/D (DFFHQNx1_ASAP7_75t_R) 1376.89 1534.22 -157.32 (VIOLATED)
u_e.g_mac[1].g_tr2.u_tree.herr[20]$_DFFE_PN0P_/D (DFFASRHQNx1_ASAP7_75t_R) 1355.06 1512.38 -157.32 (VIOLATED)
u_e.g_mac[1].g_tr2.u_tree.held[39][18]$_DFFE_PP_/D (DFFHQNx1_ASAP7_75t_R) 1370.90 1528.20 -157.30 (VIOLATED)
u_e.g_mac[1].g_tr2.u_tree.held[35][14]$_DFFE_PP_/D (DFFHQNx1_ASAP7_75t_R) 1367.26 1524.56 -157.29 (VIOLATED)
u_e.g_mac[1].g_tr2.u_tree.held[40][12]$_DFFE_PP_/D (DFFHQNx1_ASAP7_75t_R) 1358.68 1515.96 -157.28 (VIOLATED)
u_e.g_mac[1].g_tr2.u_tree.held[42][12]$_DFFE_PP_/D (DFFHQNx1_ASAP7_75t_R) 1358.80 1516.06 -157.26 (VIOLATED)
u_e.g_mac[1].g_tr2.u_tree.held[44][17]$_DFFE_PP_/D (DFFHQNx1_ASAP7_75t_R) 1382.10 1539.36 -157.26 (VIOLATED)
u_e.g_mac[1].g_tr2.u_tree.held[76][25]$_DFFE_PP_/D (DFFHQNx1_ASAP7_75t_R) 1380.47 1537.71 -157.24 (VIOLATED)
u_e.g_mac[1].g_tr2.u_tree.held[0][30]$_DFFE_PP_/D (DFFHQNx1_ASAP7_75t_R) 1366.97 1524.20 -157.23 (VIOLATED)
u_e.g_mac[1].g_tr2.u_tree.held[42][16]$_DFFE_PP_/D (DFFHQNx1_ASAP7_75t_R) 1355.49 1512.71 -157.22 (VIOLATED)
u_e.g_mac[0].g_tr2.u_tree.h_v[31]$_DFF_P_/D (DFFHQNx1_ASAP7_75t_R) 1368.13 1525.35 -157.21 (VIOLATED)
u_e.g_mac[1].g_tr2.u_tree.held[1][17]$_DFFE_PP_/D (DFFHQNx1_ASAP7_75t_R) 1359.53 1516.75 -157.21 (VIOLATED)
u_e.g_mac[1].g_tr2.u_tree.held[9][2]$_DFFE_PP_/D (DFFHQNx1_ASAP7_75t_R) 1358.34 1515.51 -157.17 (VIOLATED)
u_e.g_mac[1].g_tr2.u_tree.held[23][0]$_DFFE_PP_/D (DFFHQNx1_ASAP7_75t_R) 1358.39 1515.55 -157.16 (VIOLATED)
u_e.g_mac[1].g_tr2.u_tree.held[37][26]$_DFFE_PP_/D (DFFHQNx1_ASAP7_75t_R) 1380.91 1538.00 -157.09 (VIOLATED)
u_e.g_mac[1].g_tr2.u_tree.held[37][24]$_DFFE_PP_/D (DFFHQNx1_ASAP7_75t_R) 1380.13 1537.21 -157.08 (VIOLATED)
u_e.g_mac[1].g_tr2.u_tree.held[28][3]$_DFFE_PP_/D (DFFHQNx1_ASAP7_75t_R) 1363.45 1520.52 -157.08 (VIOLATED)
u_e.g_mac[1].g_tr2.u_tree.held[71][1]$_DFFE_PP_/D (DFFHQNx1_ASAP7_75t_R) 1363.89 1520.94 -157.05 (VIOLATED)
u_e.g_mac[1].g_tr2.u_tree.held[17][0]$_DFFE_PP_/D (DFFHQNx1_ASAP7_75t_R) 1358.68 1515.65 -156.96 (VIOLATED)
u_e.g_mac[1].g_tr2.u_tree.herr[13]$_DFFE_PN0P_/D (DFFASRHQNx1_ASAP7_75t_R) 1343.54 1500.48 -156.94 (VIOLATED)
u_e.g_mac[1].g_tr2.u_tree.held[5][13]$_DFFE_PP_/D (DFFHQNx1_ASAP7_75t_R) 1356.61 1513.50 -156.89 (VIOLATED)
u_e.g_mac[1].g_tr2.u_tree.held[22][26]$_DFFE_PP_/D (DFFHQNx1_ASAP7_75t_R) 1382.21 1539.09 -156.88 (VIOLATED)
u_e.g_mac[1].g_tr2.u_tree.held[4][18]$_DFFE_PP_/D (DFFHQNx1_ASAP7_75t_R) 1358.83 1515.70 -156.87 (VIOLATED)
u_e.g_mac[1].g_tr2.u_tree.held[17][7]$_DFFE_PP_/D (DFFHQNx1_ASAP7_75t_R) 1358.79 1515.65 -156.86 (VIOLATED)
u_e.g_mac[1].g_tr2.u_tree.held[56][5]$_DFFE_PP_/D (DFFHQNx1_ASAP7_75t_R) 1356.51 1513.33 -156.82 (VIOLATED)
u_e.g_mac[1].g_tr2.u_tree.held[53][6]$_DFFE_PP_/D (DFFHQNx1_ASAP7_75t_R) 1358.23 1515.04 -156.82 (VIOLATED)
u_e.g_mac[1].g_tr2.u_tree.held[67][18]$_DFFE_PP_/D (DFFHQNx1_ASAP7_75t_R) 1355.65 1512.46 -156.81 (VIOLATED)
u_e.g_mac[1].g_tr2.u_tree.held[0][0]$_DFFE_PP_/D (DFFHQNx1_ASAP7_75t_R) 1359.48 1516.25 -156.78 (VIOLATED)
u_e.g_mac[1].g_tr2.u_tree.held[0][23]$_DFFE_PP_/D (DFFHQNx1_ASAP7_75t_R) 1355.23 1511.98 -156.76 (VIOLATED)
u_e.g_mac[1].g_tr2.u_tree.held[35][9]$_DFFE_PP_/D (DFFHQNx1_ASAP7_75t_R) 1358.79 1515.54 -156.75 (VIOLATED)
u_e.g_mac[1].g_tr2.u_tree.held[28][8]$_DFFE_PP_/D (DFFHQNx1_ASAP7_75t_R) 1357.31 1514.05 -156.74 (VIOLATED)
u_e.g_mac[1].g_tr2.u_tree.held[48][13]$_DFFE_PP_/D (DFFHQNx1_ASAP7_75t_R) 1355.88 1512.62 -156.74 (VIOLATED)
u_e.g_mac[1].g_tr2.u_tree.held[23][17]$_DFFE_PP_/D (DFFHQNx1_ASAP7_75t_R) 1359.48 1516.17 -156.70 (VIOLATED)
u_e.g_mac[1].g_tr2.u_tree.held[27][12]$_DFFE_PP_/D (DFFHQNx1_ASAP7_75t_R) 1358.81 1515.49 -156.68 (VIOLATED)
u_e.g_mac[0].g_tr2.u_tree.h_v[12]$_DFF_P_/D (DFFHQNx1_ASAP7_75t_R) 1351.09 1507.76 -156.67 (VIOLATED)
u_e.g_mac[1].g_tr2.u_tree.held[27][11]$_DFFE_PP_/D (DFFHQNx1_ASAP7_75t_R) 1358.62 1515.28 -156.66 (VIOLATED)
u_e.g_mac[1].g_tr2.u_tree.held[5][20]$_DFFE_PP_/D (DFFHQNx1_ASAP7_75t_R) 1356.72 1513.37 -156.65 (VIOLATED)
u_e.g_mac[0].g_tr2.u_tree.h_p[0]$_DFF_P_/D (DFFHQNx1_ASAP7_75t_R) 1354.98 1511.63 -156.65 (VIOLATED)
u_e.g_mac[1].g_tr2.u_tree.held[42][9]$_DFFE_PP_/D (DFFHQNx1_ASAP7_75t_R) 1355.59 1512.23 -156.63 (VIOLATED)
u_e.g_mac[1].g_tr2.u_tree.held[76][5]$_DFFE_PP_/D (DFFHQNx1_ASAP7_75t_R) 1357.29 1513.92 -156.62 (VIOLATED)
u_e.g_mac[0].g_l2.u_l0.p1_p[13][6]$_DFF_P_/D (DFFHQNx1_ASAP7_75t_R) 1376.85 1533.47 -156.62 (VIOLATED)
u_e.g_mac[1].g_tr2.u_tree.held[43][8]$_DFFE_PP_/D (DFFHQNx1_ASAP7_75t_R) 1363.58 1520.18 -156.60 (VIOLATED)
u_e.g_mac[1].g_tr2.u_tree.herr[43]$_DFFE_PN0P_/D (DFFASRHQNx1_ASAP7_75t_R) 1342.79 1499.38 -156.59 (VIOLATED)
u_e.g_mac[1].g_tr2.u_tree.have[29]$_DFFE_PN0P_/D (DFFASRHQNx1_ASAP7_75t_R) 1363.40 1519.94 -156.53 (VIOLATED)
u_e.g_mac[1].g_tr2.u_tree.held[41][25]$_DFFE_PP_/D (DFFHQNx1_ASAP7_75t_R) 1374.71 1531.23 -156.52 (VIOLATED)
u_e.g_mac[1].g_tr2.u_tree.held[42][31]$_DFFE_PP_/D (DFFHQNx1_ASAP7_75t_R) 1358.52 1515.01 -156.49 (VIOLATED)
u_e.g_mac[1].g_tr2.u_tree.held[8][3]$_DFFE_PP_/D (DFFHQNx1_ASAP7_75t_R) 1357.10 1513.58 -156.48 (VIOLATED)
u_e.g_mac[1].g_tr2.u_tree.held[28][15]$_DFFE_PP_/D (DFFHQNx1_ASAP7_75t_R) 1372.53 1529.00 -156.46 (VIOLATED)
u_e.g_mac[1].g_tr2.u_tree.held[53][1]$_DFFE_PP_/D (DFFHQNx1_ASAP7_75t_R) 1361.83 1518.29 -156.46 (VIOLATED)
u_e.g_mac[1].g_tr2.u_tree.held[5][5]$_DFFE_PP_/D (DFFHQNx1_ASAP7_75t_R) 1357.32 1513.72 -156.40 (VIOLATED)
u_e.g_mac[1].g_tr2.u_tree.held[35][17]$_DFFE_PP_/D (DFFHQNx1_ASAP7_75t_R) 1358.56 1514.94 -156.38 (VIOLATED)
u_e.g_mac[1].g_tr2.u_tree.held[52][16]$_DFFE_PP_/D (DFFHQNx1_ASAP7_75t_R) 1357.46 1513.83 -156.37 (VIOLATED)
u_e.g_mac[1].g_tr2.u_tree.held[15][14]$_DFFE_PP_/D (DFFHQNx1_ASAP7_75t_R) 1374.07 1530.44 -156.37 (VIOLATED)
u_e.g_mac[1].g_tr2.u_tree.held[67][19]$_DFFE_PP_/D (DFFHQNx1_ASAP7_75t_R) 1379.81 1536.14 -156.33 (VIOLATED)
u_e.g_mac[1].g_tr2.u_tree.held[34][8]$_DFFE_PP_/D (DFFHQNx1_ASAP7_75t_R) 1363.10 1519.42 -156.32 (VIOLATED)
u_e.g_mac[1].g_tr2.u_tree.held[45][28]$_DFFE_PP_/D (DFFHQNx1_ASAP7_75t_R) 1378.93 1535.24 -156.31 (VIOLATED)
u_e.g_mac[1].g_tr2.u_tree.held[50][30]$_DFFE_PP_/D (DFFHQNx1_ASAP7_75t_R) 1378.44 1534.74 -156.30 (VIOLATED)
u_e.g_mac[1].g_tr2.u_tree.held[53][28]$_DFFE_PP_/D (DFFHQNx1_ASAP7_75t_R) 1366.78 1523.08 -156.29 (VIOLATED)
u_e.g_mac[1].g_tr2.u_tree.held[15][8]$_DFFE_PP_/D (DFFHQNx1_ASAP7_75t_R) 1357.14 1513.44 -156.29 (VIOLATED)
u_e.g_mac[1].g_tr2.u_tree.held[76][23]$_DFFE_PP_/D (DFFHQNx1_ASAP7_75t_R) 1355.40 1511.69 -156.29 (VIOLATED)
u_e.g_mac[1].g_tr2.u_tree.held[78][14]$_DFFE_PP_/D (DFFHQNx1_ASAP7_75t_R) 1371.28 1527.56 -156.28 (VIOLATED)
u_e.g_mac[1].g_tr2.u_tree.held[4][21]$_DFFE_PP_/D (DFFHQNx1_ASAP7_75t_R) 1375.44 1531.69 -156.25 (VIOLATED)
u_e.g_mac[1].g_tr2.u_tree.held[4][10]$_DFFE_PP_/D (DFFHQNx1_ASAP7_75t_R) 1357.79 1514.03 -156.24 (VIOLATED)
u_e.g_mac[1].g_tr2.u_tree.held[8][10]$_DFFE_PP_/D (DFFHQNx1_ASAP7_75t_R) 1357.18 1513.41 -156.23 (VIOLATED)
u_e.g_mac[1].g_tr2.u_tree.held[17][6]$_DFFE_PP_/D (DFFHQNx1_ASAP7_75t_R) 1359.82 1516.05 -156.23 (VIOLATED)
u_e.g_mac[1].g_tr2.u_tree.held[0][19]$_DFFE_PP_/D (DFFHQNx1_ASAP7_75t_R) 1368.11 1524.33 -156.22 (VIOLATED)
u_e.g_mac[1].g_tr2.u_tree.held[48][20]$_DFFE_PP_/D (DFFHQNx1_ASAP7_75t_R) 1355.93 1512.15 -156.22 (VIOLATED)
u_e.g_mac[1].g_tr2.u_tree.held[51][8]$_DFFE_PP_/D (DFFHQNx1_ASAP7_75t_R) 1356.39 1512.62 -156.22 (VIOLATED)
u_e.g_mac[1].g_tr2.u_tree.held[37][25]$_DFFE_PP_/D (DFFHQNx1_ASAP7_75t_R) 1381.45 1537.67 -156.22 (VIOLATED)
u_e.g_mac[1].g_tr2.u_tree.held[35][28]$_DFFE_PP_/D (DFFHQNx1_ASAP7_75t_R) 1367.46 1523.67 -156.21 (VIOLATED)
u_e.g_mac[1].g_tr2.u_tree.held[51][6]$_DFFE_PP_/D (DFFHQNx1_ASAP7_75t_R) 1355.48 1511.68 -156.20 (VIOLATED)
u_e.g_mac[1].g_tr2.u_tree.held[67][21]$_DFFE_PP_/D (DFFHQNx1_ASAP7_75t_R) 1379.78 1535.87 -156.09 (VIOLATED)
u_e.g_mac[1].g_tr2.u_tree.held[56][24]$_DFFE_PP_/D (DFFHQNx1_ASAP7_75t_R) 1380.20 1536.29 -156.08 (VIOLATED)
u_e.g_mac[1].g_tr2.u_tree.held[39][8]$_DFFE_PP_/D (DFFHQNx1_ASAP7_75t_R) 1361.24 1517.31 -156.07 (VIOLATED)
u_e.g_mac[1].g_tr2.u_tree.held[10][5]$_DFFE_PP_/D (DFFHQNx1_ASAP7_75t_R) 1356.90 1512.95 -156.06 (VIOLATED)
u_e.g_mac[1].g_tr2.u_tree.held[1][26]$_DFFE_PP_/D (DFFHQNx1_ASAP7_75t_R) 1374.31 1530.34 -156.02 (VIOLATED)
u_e.g_mac[1].g_tr2.u_tree.held[71][4]$_DFFE_PP_/D (DFFHQNx1_ASAP7_75t_R) 1361.95 1517.97 -156.02 (VIOLATED)
u_e.g_mac[1].g_tr2.u_tree.held[17][4]$_DFFE_PP_/D (DFFHQNx1_ASAP7_75t_R) 1359.90 1515.90 -156.00 (VIOLATED)
u_e.g_mac[1].g_tr2.u_tree.held[78][16]$_DFFE_PP_/D (DFFHQNx1_ASAP7_75t_R) 1358.81 1514.81 -156.00 (VIOLATED)
u_e.g_mac[1].g_tr2.u_tree.held[61][12]$_DFFE_PP_/D (DFFHQNx1_ASAP7_75t_R) 1359.53 1515.52 -155.99 (VIOLATED)
u_e.g_mac[1].g_tr2.u_tree.held[24][15]$_DFFE_PP_/D (DFFHQNx1_ASAP7_75t_R) 1377.52 1533.51 -155.99 (VIOLATED)
u_e.g_mac[1].g_tr2.u_tree.held[0][28]$_DFFE_PP_/D (DFFHQNx1_ASAP7_75t_R) 1366.97 1522.96 -155.99 (VIOLATED)
u_e.g_mac[1].g_tr2.u_tree.held[0][16]$_DFFE_PP_/D (DFFHQNx1_ASAP7_75t_R) 1357.65 1513.58 -155.94 (VIOLATED)
u_e.g_mac[1].g_tr2.u_tree.held[52][7]$_DFFE_PP_/D (DFFHQNx1_ASAP7_75t_R) 1357.81 1513.73 -155.92 (VIOLATED)
u_e.g_mac[1].g_tr2.u_tree.held[50][18]$_DFFE_PP_/D (DFFHQNx1_ASAP7_75t_R) 1382.13 1538.04 -155.91 (VIOLATED)
u_e.g_mac[1].g_tr2.u_tree.held[1][19]$_DFFE_PP_/D (DFFHQNx1_ASAP7_75t_R) 1374.53 1530.41 -155.88 (VIOLATED)
u_e.g_mac[1].g_tr2.u_tree.held[31][28]$_DFFE_PP_/D (DFFHQNx1_ASAP7_75t_R) 1367.43 1523.29 -155.87 (VIOLATED)
u_e.g_mac[1].g_tr2.u_tree.held[48][5]$_DFFE_PP_/D (DFFHQNx1_ASAP7_75t_R) 1356.75 1512.61 -155.85 (VIOLATED)
u_e.g_mac[1].g_tr2.u_tree.held[53][26]$_DFFE_PP_/D (DFFHQNx1_ASAP7_75t_R) 1374.14 1529.94 -155.80 (VIOLATED)
u_e.g_mac[1].g_tr2.u_tree.held[78][23]$_DFFE_PP_/D (DFFHQNx1_ASAP7_75t_R) 1371.70 1527.48 -155.78 (VIOLATED)
u_e.g_mac[1].g_l2.u_l0.p1_p[25][7]$_DFF_P_/D (DFFHQNx1_ASAP7_75t_R) 1361.31 1517.10 -155.78 (VIOLATED)
u_e.g_mac[0].g_tr2.u_tree.infl[0][3]$_DFF_PN0_/D (DFFASRHQNx1_ASAP7_75t_R) 1415.84 1571.53 -155.69 (VIOLATED)
u_e.g_mac[1].g_tr2.u_tree.held[53][15]$_DFFE_PP_/D (DFFHQNx1_ASAP7_75t_R) 1367.25 1522.93 -155.68 (VIOLATED)
u_e.g_mac[1].g_tr2.u_tree.held[46][8]$_DFFE_PP_/D (DFFHQNx1_ASAP7_75t_R) 1357.07 1512.70 -155.63 (VIOLATED)
u_e.g_mac[1].g_tr2.u_tree.held[50][27]$_DFFE_PP_/D (DFFHQNx1_ASAP7_75t_R) 1378.76 1534.38 -155.63 (VIOLATED)
u_e.g_mac[1].g_tr2.u_tree.held[10][30]$_DFFE_PP_/D (DFFHQNx1_ASAP7_75t_R) 1380.31 1535.93 -155.62 (VIOLATED)
u_e.g_mac[1].g_tr2.u_tree.held[39][27]$_DFFE_PP_/D (DFFHQNx1_ASAP7_75t_R) 1378.88 1534.49 -155.62 (VIOLATED)
u_e.g_mac[1].g_tr2.u_tree.held[16][11]$_DFFE_PP_/D (DFFHQNx1_ASAP7_75t_R) 1359.15 1514.76 -155.60 (VIOLATED)
u_e.g_mac[1].g_tr2.u_tree.held[42][30]$_DFFE_PP_/D (DFFHQNx1_ASAP7_75t_R) 1366.63 1522.23 -155.60 (VIOLATED)
u_e.g_mac[1].g_tr2.u_tree.held[8][8]$_DFFE_PP_/D (DFFHQNx1_ASAP7_75t_R) 1362.33 1517.93 -155.60 (VIOLATED)
u_e.g_mac[1].g_tr2.u_tree.held[52][9]$_DFFE_PP_/D (DFFHQNx1_ASAP7_75t_R) 1356.04 1511.63 -155.59 (VIOLATED)
u_e.g_mac[1].g_tr2.u_tree.held[37][0]$_DFFE_PP_/D (DFFHQNx1_ASAP7_75t_R) 1359.31 1514.83 -155.52 (VIOLATED)
u_e.g_mac[1].g_tr2.u_tree.held[76][18]$_DFFE_PP_/D (DFFHQNx1_ASAP7_75t_R) 1355.57 1511.09 -155.51 (VIOLATED)
u_e.g_mac[1].g_tr2.u_tree.held[37][18]$_DFFE_PP_/D (DFFHQNx1_ASAP7_75t_R) 1357.58 1513.07 -155.49 (VIOLATED)
u_e.g_mac[1].g_tr2.u_tree.held[34][13]$_DFFE_PP_/D (DFFHQNx1_ASAP7_75t_R) 1381.89 1537.36 -155.47 (VIOLATED)
u_e.g_mac[1].g_tr2.u_tree.held[50][17]$_DFFE_PP_/D (DFFHQNx1_ASAP7_75t_R) 1381.86 1537.33 -155.47 (VIOLATED)
u_e.g_mac[1].g_tr2.u_tree.held[16][12]$_DFFE_PP_/D (DFFHQNx1_ASAP7_75t_R) 1357.57 1513.03 -155.46 (VIOLATED)
u_e.g_mac[1].g_tr2.u_tree.held[71][5]$_DFFE_PP_/D (DFFHQNx1_ASAP7_75t_R) 1358.22 1513.68 -155.46 (VIOLATED)
u_e.g_mac[1].g_tr2.u_tree.infl[1][3]$_DFF_PN0_/D (DFFASRHQNx1_ASAP7_75t_R) 1371.71 1527.17 -155.46 (VIOLATED)
u_e.g_mac[1].g_tr2.u_tree.held[72][5]$_DFFE_PP_/D (DFFHQNx1_ASAP7_75t_R) 1356.06 1511.48 -155.42 (VIOLATED)
u_e.g_mac[1].g_tr2.u_tree.held[10][9]$_DFFE_PP_/D (DFFHQNx1_ASAP7_75t_R) 1356.99 1512.41 -155.42 (VIOLATED)
u_e.g_mac[1].g_tr2.u_tree.held[9][1]$_DFFE_PP_/D (DFFHQNx1_ASAP7_75t_R) 1359.29 1514.68 -155.39 (VIOLATED)
u_e.g_mac[1].g_tr2.u_tree.held[51][3]$_DFFE_PP_/D (DFFHQNx1_ASAP7_75t_R) 1357.65 1513.04 -155.39 (VIOLATED)
u_e.g_mac[1].g_tr2.u_tree.held[52][3]$_DFFE_PP_/D (DFFHQNx1_ASAP7_75t_R) 1357.12 1512.50 -155.39 (VIOLATED)
u_e.g_mac[1].g_tr2.u_tree.held[24][21]$_DFFE_PP_/D (DFFHQNx1_ASAP7_75t_R) 1377.77 1533.15 -155.39 (VIOLATED)
u_e.g_mac[1].g_tr2.u_tree.held[67][25]$_DFFE_PP_/D (DFFHQNx1_ASAP7_75t_R) 1380.09 1535.47 -155.38 (VIOLATED)
u_e.g_mac[1].g_tr2.u_tree.held[73][15]$_DFFE_PP_/D (DFFHQNx1_ASAP7_75t_R) 1372.92 1528.29 -155.37 (VIOLATED)
u_e.g_mac[0].g_tr2.u_tree.h_v[23]$_DFF_P_/D (DFFHQNx1_ASAP7_75t_R) 1357.47 1512.81 -155.34 (VIOLATED)
u_e.g_mac[1].g_tr2.u_tree.infl[3][1]$_DFF_PN0_/D (DFFASRHQNx1_ASAP7_75t_R) 1357.32 1512.61 -155.29 (VIOLATED)
u_e.g_mac[1].g_tr2.u_tree.held[71][31]$_DFFE_PP_/D (DFFHQNx1_ASAP7_75t_R) 1358.84 1514.12 -155.28 (VIOLATED)
u_e.g_mac[1].g_tr2.u_tree.held[0][5]$_DFFE_PP_/D (DFFHQNx1_ASAP7_75t_R) 1356.74 1512.00 -155.26 (VIOLATED)
u_e.g_mac[1].g_tr2.u_tree.held[73][27]$_DFFE_PP_/D (DFFHQNx1_ASAP7_75t_R) 1379.41 1534.67 -155.26 (VIOLATED)
u_e.g_mac[1].g_tr2.u_tree.held[57][20]$_DFFE_PP_/D (DFFHQNx1_ASAP7_75t_R) 1354.32 1509.53 -155.21 (VIOLATED)
u_e.g_mac[1].g_tr2.u_tree.held[0][9]$_DFFE_PP_/D (DFFHQNx1_ASAP7_75t_R) 1356.66 1511.83 -155.17 (VIOLATED)
u_e.g_mac[1].g_tr2.u_tree.infl[14][3]$_DFF_PN0_/D (DFFASRHQNx1_ASAP7_75t_R) 1371.37 1526.49 -155.11 (VIOLATED)
u_e.g_mac[1].g_tr2.u_tree.held[8][0]$_DFFE_PP_/D (DFFHQNx1_ASAP7_75t_R) 1361.40 1516.51 -155.11 (VIOLATED)
u_e.g_mac[1].g_tr2.u_tree.held[71][6]$_DFFE_PP_/D (DFFHQNx1_ASAP7_75t_R) 1362.35 1517.45 -155.11 (VIOLATED)
u_e.g_mac[1].g_tr2.u_tree.held[37][16]$_DFFE_PP_/D (DFFHQNx1_ASAP7_75t_R) 1358.40 1513.48 -155.08 (VIOLATED)
u_e.g_mac[1].g_tr2.u_tree.held[71][10]$_DFFE_PP_/D (DFFHQNx1_ASAP7_75t_R) 1358.13 1513.21 -155.07 (VIOLATED)
u_e.g_mac[1].g_tr2.u_tree.held[23][4]$_DFFE_PP_/D (DFFHQNx1_ASAP7_75t_R) 1360.13 1515.20 -155.07 (VIOLATED)
u_e.g_mac[0].g_l2.u_l0.p1_p[13][7]$_DFF_P_/D (DFFHQNx1_ASAP7_75t_R) 1363.34 1518.40 -155.06 (VIOLATED)
u_e.g_mac[1].g_tr2.u_tree.held[2][18]$_DFFE_PP_/D (DFFHQNx1_ASAP7_75t_R) 1371.50 1526.55 -155.06 (VIOLATED)
u_e.g_mac[1].g_tr2.u_tree.held[10][27]$_DFFE_PP_/D (DFFHQNx1_ASAP7_75t_R) 1380.36 1535.41 -155.06 (VIOLATED)
u_e.g_mac[1].g_tr2.u_tree.held[6][24]$_DFFE_PP_/D (DFFHQNx1_ASAP7_75t_R) 1374.20 1529.25 -155.05 (VIOLATED)
u_e.g_mac[1].g_tr2.u_tree.held[71][2]$_DFFE_PP_/D (DFFHQNx1_ASAP7_75t_R) 1358.25 1513.28 -155.03 (VIOLATED)
u_e.g_mac[1].g_tr2.u_tree.held[28][22]$_DFFE_PP_/D (DFFHQNx1_ASAP7_75t_R) 1380.57 1535.57 -155.00 (VIOLATED)
u_e.g_mac[1].g_tr2.u_tree.held[35][18]$_DFFE_PP_/D (DFFHQNx1_ASAP7_75t_R) 1358.56 1513.55 -154.99 (VIOLATED)
u_e.g_mac[1].g_tr2.u_tree.held[22][6]$_DFFE_PP_/D (DFFHQNx1_ASAP7_75t_R) 1363.42 1518.41 -154.99 (VIOLATED)
u_e.g_mac[1].g_tr2.u_tree.held[71][11]$_DFFE_PP_/D (DFFHQNx1_ASAP7_75t_R) 1358.91 1513.88 -154.97 (VIOLATED)
u_e.g_mac[1].g_l2.u_l0.p1_p[24][7]$_DFF_P_/D (DFFHQNx1_ASAP7_75t_R) 1378.32 1533.28 -154.96 (VIOLATED)
u_e.g_mac[1].g_tr2.u_tree.held[52][12]$_DFFE_PP_/D (DFFHQNx1_ASAP7_75t_R) 1359.17 1514.11 -154.95 (VIOLATED)
u_e.g_mac[1].g_tr2.u_tree.held[16][2]$_DFFE_PP_/D (DFFHQNx1_ASAP7_75t_R) 1358.43 1513.34 -154.92 (VIOLATED)
u_e.g_mac[1].g_tr2.u_tree.held[14][31]$_DFFE_PP_/D (DFFHQNx1_ASAP7_75t_R) 1364.17 1519.05 -154.88 (VIOLATED)
u_e.g_mac[0].g_tr2.u_tree.h_v[2]$_DFF_P_/D (DFFHQNx1_ASAP7_75t_R) 1357.68 1512.54 -154.86 (VIOLATED)
u_e.g_mac[1].g_tr2.u_tree.held[1][8]$_DFFE_PP_/D (DFFHQNx1_ASAP7_75t_R) 1357.41 1512.24 -154.83 (VIOLATED)
u_e.g_mac[1].g_tr2.u_tree.held[4][25]$_DFFE_PP_/D (DFFHQNx1_ASAP7_75t_R) 1380.32 1535.13 -154.81 (VIOLATED)
u_e.g_mac[1].g_tr2.u_tree.held[19][14]$_DFFE_PP_/D (DFFHQNx1_ASAP7_75t_R) 1370.57 1525.37 -154.80 (VIOLATED)
u_e.g_mac[1].g_tr2.u_tree.held[1][24]$_DFFE_PP_/D (DFFHQNx1_ASAP7_75t_R) 1375.51 1530.31 -154.80 (VIOLATED)
u_e.g_mac[1].g_tr2.u_tree.held[36][8]$_DFFE_PP_/D (DFFHQNx1_ASAP7_75t_R) 1356.99 1511.79 -154.80 (VIOLATED)
u_e.g_mac[1].g_tr2.u_tree.held[53][22]$_DFFE_PP_/D (DFFHQNx1_ASAP7_75t_R) 1368.31 1523.10 -154.79 (VIOLATED)
u_e.g_mac[1].g_tr2.u_tree.held[31][15]$_DFFE_PP_/D (DFFHQNx1_ASAP7_75t_R) 1370.94 1525.72 -154.78 (VIOLATED)
u_e.g_mac[1].g_tr2.u_tree.held[2][19]$_DFFE_PP_/D (DFFHQNx1_ASAP7_75t_R) 1380.62 1535.40 -154.78 (VIOLATED)
u_e.g_mac[1].g_tr2.u_tree.held[79][26]$_DFFE_PP_/D (DFFHQNx1_ASAP7_75t_R) 1382.03 1536.80 -154.78 (VIOLATED)
u_e.g_mac[1].g_tr2.u_tree.held[34][3]$_DFFE_PP_/D (DFFHQNx1_ASAP7_75t_R) 1364.11 1518.88 -154.77 (VIOLATED)
u_e.g_mac[0].g_l2.u_l0.p1_p[27][7]$_DFF_P_/D (DFFHQNx1_ASAP7_75t_R) 1380.60 1535.35 -154.75 (VIOLATED)
u_e.g_mac[0].g_tr2.u_tree.infl[12][1]$_DFF_PN0_/D (DFFASRHQNx1_ASAP7_75t_R) 1396.59 1551.34 -154.75 (VIOLATED)
u_e.g_mac[1].g_tr2.u_tree.held[37][9]$_DFFE_PP_/D (DFFHQNx1_ASAP7_75t_R) 1358.79 1513.52 -154.73 (VIOLATED)
u_e.g_mac[1].g_tr2.u_tree.held[37][17]$_DFFE_PP_/D (DFFHQNx1_ASAP7_75t_R) 1358.69 1513.42 -154.73 (VIOLATED)
u_e.g_mac[1].g_tr2.u_tree.held[4][31]$_DFFE_PP_/D (DFFHQNx1_ASAP7_75t_R) 1359.49 1514.21 -154.72 (VIOLATED)
u_e.wA[15]$_DFFE_PP_/D (DFFHQNx1_ASAP7_75t_R) 1407.77 1562.48 -154.71 (VIOLATED)
u_e.g_mac[1].g_tr2.u_tree.held[73][25]$_DFFE_PP_/D (DFFHQNx1_ASAP7_75t_R) 1374.98 1529.62 -154.64 (VIOLATED)
u_e.wA[41]$_DFFE_PP_/D (DFFHQNx1_ASAP7_75t_R) 1407.75 1562.38 -154.64 (VIOLATED)
u_e.g_mac[1].g_tr2.u_tree.held[20][28]$_DFFE_PP_/D (DFFHQNx1_ASAP7_75t_R) 1366.74 1521.37 -154.63 (VIOLATED)
u_e.g_mac[1].g_tr2.u_tree.held[10][19]$_DFFE_PP_/D (DFFHQNx1_ASAP7_75t_R) 1380.53 1535.09 -154.57 (VIOLATED)
u_e.g_mac[1].g_tr2.u_tree.held[40][15]$_DFFE_PP_/D (DFFHQNx1_ASAP7_75t_R) 1380.94 1535.50 -154.56 (VIOLATED)
u_e.g_mac[1].g_tr2.u_tree.held[25][25]$_DFFE_PP_/D (DFFHQNx1_ASAP7_75t_R) 1380.59 1535.14 -154.55 (VIOLATED)
u_e.g_mac[0].g_tr2.u_tree.h_p[2]$_DFF_P_/D (DFFHQNx1_ASAP7_75t_R) 1355.44 1509.99 -154.55 (VIOLATED)
u_e.g_mac[1].g_tr2.u_tree.held[20][21]$_DFFE_PP_/D (DFFHQNx1_ASAP7_75t_R) 1366.28 1520.82 -154.54 (VIOLATED)
u_e.g_mac[1].g_tr2.u_tree.held[24][4]$_DFFE_PP_/D (DFFHQNx1_ASAP7_75t_R) 1358.99 1513.52 -154.54 (VIOLATED)
u_e.g_mac[1].g_tr2.u_tree.held[37][31]$_DFFE_PP_/D (DFFHQNx1_ASAP7_75t_R) 1358.38 1512.91 -154.53 (VIOLATED)
u_e.g_mac[1].g_tr2.u_tree.held[16][31]$_DFFE_PP_/D (DFFHQNx1_ASAP7_75t_R) 1359.26 1513.78 -154.52 (VIOLATED)
u_e.g_mac[1].g_tr2.u_tree.infl[1][2]$_DFF_PN0_/D (DFFASRHQNx1_ASAP7_75t_R) 1370.14 1524.60 -154.46 (VIOLATED)
u_e.g_mac[1].g_tr2.u_tree.held[12][29]$_DFFE_PP_/D (DFFHQNx1_ASAP7_75t_R) 1366.68 1521.08 -154.41 (VIOLATED)
u_e.g_mac[1].g_tr2.u_tree.held[71][7]$_DFFE_PP_/D (DFFHQNx1_ASAP7_75t_R) 1359.26 1513.66 -154.40 (VIOLATED)
u_e.g_mac[1].g_tr2.u_tree.held[31][24]$_DFFE_PP_/D (DFFHQNx1_ASAP7_75t_R) 1380.51 1534.90 -154.39 (VIOLATED)
u_e.g_mac[0].g_l2.u_l0.p1_p[12][8]$_SDFF_PN0_/D (DFFHQNx1_ASAP7_75t_R) 1374.84 1529.23 -154.39 (VIOLATED)
u_e.g_mac[1].g_tr2.u_tree.held[28][21]$_DFFE_PP_/D (DFFHQNx1_ASAP7_75t_R) 1380.34 1534.70 -154.36 (VIOLATED)
u_e.g_mac[1].g_tr2.u_tree.held[12][19]$_DFFE_PP_/D (DFFHQNx1_ASAP7_75t_R) 1367.04 1521.37 -154.33 (VIOLATED)
u_e.g_mac[1].g_tr2.u_tree.held[4][12]$_DFFE_PP_/D (DFFHQNx1_ASAP7_75t_R) 1358.95 1513.26 -154.32 (VIOLATED)
u_e.g_mac[1].g_tr2.u_tree.held[16][18]$_DFFE_PP_/D (DFFHQNx1_ASAP7_75t_R) 1359.38 1513.69 -154.31 (VIOLATED)
u_e.g_mac[1].g_tr2.u_tree.held[13][13]$_DFFE_PP_/D (DFFHQNx1_ASAP7_75t_R) 1358.47 1512.77 -154.30 (VIOLATED)
u_e.g_mac[1].g_tr2.u_tree.held[75][10]$_DFFE_PP_/D (DFFHQNx1_ASAP7_75t_R) 1358.31 1512.61 -154.30 (VIOLATED)
u_e.g_mac[1].g_tr2.u_tree.held[28][1]$_DFFE_PP_/D (DFFHQNx1_ASAP7_75t_R) 1359.25 1513.53 -154.28 (VIOLATED)
u_e.g_mac[1].g_tr2.u_tree.held[4][26]$_DFFE_PP_/D (DFFHQNx1_ASAP7_75t_R) 1381.84 1536.12 -154.28 (VIOLATED)
u_e.g_mac[1].g_tr2.u_tree.held[37][7]$_DFFE_PP_/D (DFFHQNx1_ASAP7_75t_R) 1359.94 1514.21 -154.27 (VIOLATED)
u_e.g_mac[1].g_tr2.u_tree.held[8][1]$_DFFE_PP_/D (DFFHQNx1_ASAP7_75t_R) 1355.33 1509.56 -154.23 (VIOLATED)
u_e.g_mac[1].g_tr2.u_tree.held[2][24]$_DFFE_PP_/D (DFFHQNx1_ASAP7_75t_R) 1381.31 1535.51 -154.20 (VIOLATED)
u_e.wA[10]$_DFFE_PP_/D (DFFHQNx1_ASAP7_75t_R) 1408.25 1562.45 -154.20 (VIOLATED)
u_e.g_mac[1].g_tr2.u_tree.held[30][27]$_DFFE_PP_/D (DFFHQNx1_ASAP7_75t_R) 1366.96 1521.16 -154.20 (VIOLATED)
u_e.g_mac[1].g_tr2.u_tree.held[76][10]$_DFFE_PP_/D (DFFHQNx1_ASAP7_75t_R) 1358.66 1512.86 -154.20 (VIOLATED)
u_e.g_mac[1].g_tr2.u_tree.held[60][7]$_DFFE_PP_/D (DFFHQNx1_ASAP7_75t_R) 1357.98 1512.15 -154.17 (VIOLATED)
u_e.g_mac[1].g_tr2.u_tree.held[37][10]$_DFFE_PP_/D (DFFHQNx1_ASAP7_75t_R) 1359.35 1513.51 -154.16 (VIOLATED)
u_e.g_mac[1].g_tr2.u_tree.held[72][16]$_DFFE_PP_/D (DFFHQNx1_ASAP7_75t_R) 1356.52 1510.67 -154.15 (VIOLATED)
u_e.g_mac[1].g_tr2.u_tree.held[75][0]$_DFFE_PP_/D (DFFHQNx1_ASAP7_75t_R) 1358.93 1513.07 -154.14 (VIOLATED)
u_e.g_mac[1].g_tr2.u_tree.held[40][6]$_DFFE_PP_/D (DFFHQNx1_ASAP7_75t_R) 1360.36 1514.50 -154.14 (VIOLATED)
u_e.g_mac[1].g_tr2.u_tree.held[27][4]$_DFFE_PP_/D (DFFHQNx1_ASAP7_75t_R) 1358.48 1512.61 -154.13 (VIOLATED)
u_e.g_mac[0].g_l2.u_l0.p1_p[3][5]$_DFF_P_/D (DFFHQNx1_ASAP7_75t_R) 1380.78 1534.90 -154.12 (VIOLATED)
u_e.g_mac[1].g_tr2.u_tree.held[41][31]$_DFFE_PP_/D (DFFHQNx1_ASAP7_75t_R) 1359.55 1513.67 -154.11 (VIOLATED)
u_e.g_mac[0].g_tr2.u_tree.infl[6][3]$_DFF_PN0_/D (DFFASRHQNx1_ASAP7_75t_R) 1416.32 1570.42 -154.10 (VIOLATED)
u_e.g_mac[0].g_l2.u_l0.p1_p[3][8]$_SDFF_PN0_/D (DFFHQNx1_ASAP7_75t_R) 1392.52 1546.60 -154.09 (VIOLATED)
u_e.g_mac[1].g_tr2.u_tree.held[16][17]$_DFFE_PP_/D (DFFHQNx1_ASAP7_75t_R) 1358.74 1512.82 -154.08 (VIOLATED)
u_e.g_mac[1].g_tr2.u_tree.held[72][2]$_DFFE_PP_/D (DFFHQNx1_ASAP7_75t_R) 1356.96 1511.04 -154.07 (VIOLATED)
u_e.g_mac[1].g_tr2.u_tree.held[5][2]$_DFFE_PP_/D (DFFHQNx1_ASAP7_75t_R) 1358.80 1512.85 -154.05 (VIOLATED)
u_e.g_mac[1].g_tr2.u_tree.held[75][18]$_DFFE_PP_/D (DFFHQNx1_ASAP7_75t_R) 1371.39 1525.44 -154.05 (VIOLATED)
u_e.g_mac[0].g_tr2.u_tree.h_v[30]$_DFF_P_/D (DFFHQNx1_ASAP7_75t_R) 1368.07 1522.08 -154.01 (VIOLATED)
u_e.g_mac[1].g_tr2.u_tree.held[50][22]$_DFFE_PP_/D (DFFHQNx1_ASAP7_75t_R) 1365.71 1519.70 -153.99 (VIOLATED)
u_e.g_mac[1].g_tr2.u_tree.held[56][29]$_DFFE_PP_/D (DFFHQNx1_ASAP7_75t_R) 1382.52 1536.51 -153.99 (VIOLATED)
u_e.g_mac[1].g_tr2.u_tree.held[75][14]$_DFFE_PP_/D (DFFHQNx1_ASAP7_75t_R) 1371.35 1525.27 -153.93 (VIOLATED)
u_e.g_mac[1].g_tr2.u_tree.held[2][28]$_DFFE_PP_/D (DFFHQNx1_ASAP7_75t_R) 1379.71 1533.62 -153.91 (VIOLATED)
u_e.g_mac[1].g_tr2.u_tree.held[20][22]$_DFFE_PP_/D (DFFHQNx1_ASAP7_75t_R) 1366.47 1520.38 -153.91 (VIOLATED)
u_e.g_mac[1].g_tr2.u_tree.held[5][4]$_DFFE_PP_/D (DFFHQNx1_ASAP7_75t_R) 1359.01 1512.87 -153.86 (VIOLATED)
u_e.wB[15]$_DFFE_PP_/D (DFFHQNx1_ASAP7_75t_R) 1408.33 1562.16 -153.83 (VIOLATED)
u_e.wA[11]$_DFFE_PP_/D (DFFHQNx1_ASAP7_75t_R) 1408.43 1562.24 -153.82 (VIOLATED)
u_e.g_mac[1].g_tr2.u_tree.held[57][15]$_DFFE_PP_/D (DFFHQNx1_ASAP7_75t_R) 1355.97 1509.79 -153.82 (VIOLATED)
u_e.g_mac[1].g_tr2.u_tree.held[41][10]$_DFFE_PP_/D (DFFHQNx1_ASAP7_75t_R) 1359.41 1513.23 -153.81 (VIOLATED)
u_e.g_mac[1].g_tr2.u_tree.held[31][29]$_DFFE_PP_/D (DFFHQNx1_ASAP7_75t_R) 1380.92 1534.73 -153.81 (VIOLATED)
u_e.g_mac[1].g_tr2.u_tree.held[55][22]$_DFFE_PP_/D (DFFHQNx1_ASAP7_75t_R) 1372.66 1526.46 -153.80 (VIOLATED)
u_e.g_mac[1].g_tr2.u_tree.held[75][23]$_DFFE_PP_/D (DFFHQNx1_ASAP7_75t_R) 1371.94 1525.71 -153.78 (VIOLATED)
u_e.g_mac[1].g_tr2.u_tree.held[5][1]$_DFFE_PP_/D (DFFHQNx1_ASAP7_75t_R) 1359.83 1513.61 -153.77 (VIOLATED)
u_e.g_mac[1].g_tr2.u_tree.held[52][21]$_DFFE_PP_/D (DFFHQNx1_ASAP7_75t_R) 1365.98 1519.73 -153.74 (VIOLATED)
u_e.g_mac[1].g_tr2.u_tree.held[13][15]$_DFFE_PP_/D (DFFHQNx1_ASAP7_75t_R) 1366.41 1520.14 -153.74 (VIOLATED)
u_e.g_mac[1].g_tr2.u_tree.held[13][30]$_DFFE_PP_/D (DFFHQNx1_ASAP7_75t_R) 1366.13 1519.83 -153.70 (VIOLATED)
u_e.g_mac[1].g_tr2.u_tree.held[10][29]$_DFFE_PP_/D (DFFHQNx1_ASAP7_75t_R) 1382.72 1536.41 -153.69 (VIOLATED)
u_e.g_mac[1].g_tr2.u_tree.held[5][23]$_DFFE_PP_/D (DFFHQNx1_ASAP7_75t_R) 1359.70 1513.39 -153.69 (VIOLATED)
u_e.g_mac[1].g_tr2.u_tree.held[38][1]$_DFFE_PP_/D (DFFHQNx1_ASAP7_75t_R) 1355.03 1508.71 -153.68 (VIOLATED)
u_e.g_mac[1].g_tr2.u_tree.held[37][11]$_DFFE_PP_/D (DFFHQNx1_ASAP7_75t_R) 1359.99 1513.67 -153.68 (VIOLATED)
u_e.wA[23]$_DFFE_PP_/D (DFFHQNx1_ASAP7_75t_R) 1408.40 1562.07 -153.67 (VIOLATED)
u_e.g_mac[1].g_tr2.u_tree.held[2][13]$_DFFE_PP_/D (DFFHQNx1_ASAP7_75t_R) 1372.82 1526.43 -153.61 (VIOLATED)
u_e.wA[12]$_DFFE_PP_/D (DFFHQNx1_ASAP7_75t_R) 1407.88 1561.47 -153.59 (VIOLATED)
u_e.g_mac[1].g_tr2.u_tree.held[25][1]$_DFFE_PP_/D (DFFHQNx1_ASAP7_75t_R) 1356.07 1509.65 -153.58 (VIOLATED)
u_e.g_mac[1].g_tr2.u_tree.held[31][23]$_DFFE_PP_/D (DFFHQNx1_ASAP7_75t_R) 1372.12 1525.64 -153.52 (VIOLATED)
u_e.g_mac[1].g_tr2.u_tree.held[2][30]$_DFFE_PP_/D (DFFHQNx1_ASAP7_75t_R) 1380.43 1533.93 -153.50 (VIOLATED)
u_e.g_mac[1].g_l2.u_l0.p0_we[6]$_DFF_P_/D (DFFHQNx1_ASAP7_75t_R) 1363.74 1517.24 -153.50 (VIOLATED)
u_e.g_mac[0].g_l2.u_l0.p1_p[11][8]$_SDFF_PN0_/D (DFFHQNx1_ASAP7_75t_R) 1375.46 1528.93 -153.47 (VIOLATED)
u_e.g_mac[1].g_tr2.u_tree.held[60][12]$_DFFE_PP_/D (DFFHQNx1_ASAP7_75t_R) 1358.59 1512.01 -153.42 (VIOLATED)
u_e.g_mac[1].g_tr2.u_tree.held[60][5]$_DFFE_PP_/D (DFFHQNx1_ASAP7_75t_R) 1358.47 1511.87 -153.40 (VIOLATED)
u_e.g_mac[1].g_tr2.u_tree.held[16][27]$_DFFE_PP_/D (DFFHQNx1_ASAP7_75t_R) 1380.40 1533.78 -153.39 (VIOLATED)
u_e.wB[5]$_DFFE_PP_/D (DFFHQNx1_ASAP7_75t_R) 1408.49 1561.86 -153.38 (VIOLATED)
u_e.g_mac[1].g_tr2.u_tree.held[77][10]$_DFFE_PP_/D (DFFHQNx1_ASAP7_75t_R) 1357.70 1511.05 -153.35 (VIOLATED)
u_e.g_mac[1].g_tr2.u_tree.held[14][21]$_DFFE_PP_/D (DFFHQNx1_ASAP7_75t_R) 1367.15 1520.48 -153.33 (VIOLATED)
u_e.g_mac[1].g_tr2.u_tree.held[13][27]$_DFFE_PP_/D (DFFHQNx1_ASAP7_75t_R) 1366.47 1519.79 -153.32 (VIOLATED)
u_e.g_mac[1].g_tr2.u_tree.held[2][22]$_DFFE_PP_/D (DFFHQNx1_ASAP7_75t_R) 1380.18 1533.49 -153.31 (VIOLATED)
u_e.g_mac[1].g_tr2.u_tree.held[59][3]$_DFFE_PP_/D (DFFHQNx1_ASAP7_75t_R) 1357.57 1510.88 -153.31 (VIOLATED)
u_e.wB[23]$_DFFE_PP_/D (DFFHQNx1_ASAP7_75t_R) 1408.57 1561.86 -153.29 (VIOLATED)
u_e.g_mac[0].g_tr2.u_tree.infl[4][3]$_DFF_PN0_/D (DFFASRHQNx1_ASAP7_75t_R) 1425.02 1578.30 -153.28 (VIOLATED)
u_e.g_mac[1].g_tr2.u_tree.held[1][0]$_DFFE_PP_/D (DFFHQNx1_ASAP7_75t_R) 1359.66 1512.92 -153.26 (VIOLATED)
u_e.g_mac[1].g_tr2.u_tree.held[57][9]$_DFFE_PP_/D (DFFHQNx1_ASAP7_75t_R) 1356.51 1509.76 -153.25 (VIOLATED)
u_e.g_mac[1].g_tr2.u_tree.held[57][5]$_DFFE_PP_/D (DFFHQNx1_ASAP7_75t_R) 1356.89 1510.14 -153.24 (VIOLATED)
u_e.g_mac[1].g_tr2.u_tree.held[77][11]$_DFFE_PP_/D (DFFHQNx1_ASAP7_75t_R) 1359.49 1512.73 -153.24 (VIOLATED)
u_e.g_mac[1].g_tr2.u_tree.held[13][17]$_DFFE_PP_/D (DFFHQNx1_ASAP7_75t_R) 1358.62 1511.83 -153.22 (VIOLATED)
u_e.g_mac[1].g_tr2.u_tree.held[75][11]$_DFFE_PP_/D (DFFHQNx1_ASAP7_75t_R) 1358.09 1511.29 -153.20 (VIOLATED)
u_e.g_mac[1].g_tr2.u_tree.held[13][18]$_DFFE_PP_/D (DFFHQNx1_ASAP7_75t_R) 1358.34 1511.52 -153.18 (VIOLATED)
u_e.g_mac[1].g_tr2.u_tree.held[75][9]$_DFFE_PP_/D (DFFHQNx1_ASAP7_75t_R) 1355.94 1509.11 -153.18 (VIOLATED)
u_e.g_mac[0].g_l2.u_l0.p1_p[11][5]$_DFF_P_/D (DFFHQNx1_ASAP7_75t_R) 1364.64 1517.80 -153.16 (VIOLATED)
u_e.g_mac[1].g_tr2.u_tree.held[31][26]$_DFFE_PP_/D (DFFHQNx1_ASAP7_75t_R) 1381.38 1534.55 -153.16 (VIOLATED)
u_e.g_mac[1].g_tr2.u_tree.held[60][13]$_DFFE_PP_/D (DFFHQNx1_ASAP7_75t_R) 1379.59 1532.75 -153.15 (VIOLATED)
u_e.g_mac[1].g_tr2.u_tree.held[32][6]$_DFFE_PP_/D (DFFHQNx1_ASAP7_75t_R) 1360.38 1513.52 -153.14 (VIOLATED)
u_e.wA[43]$_DFFE_PP_/D (DFFHQNx1_ASAP7_75t_R) 1408.48 1561.62 -153.14 (VIOLATED)
u_e.g_mac[1].g_l2.u_l0.p1_p[9][7]$_DFF_P_/D (DFFHQNx1_ASAP7_75t_R) 1359.18 1512.28 -153.10 (VIOLATED)
u_e.g_mac[1].g_tr2.u_tree.infl[0][3]$_DFF_PN0_/D (DFFASRHQNx1_ASAP7_75t_R) 1357.57 1510.66 -153.09 (VIOLATED)
u_e.g_mac[1].g_tr2.u_tree.held[77][31]$_DFFE_PP_/D (DFFHQNx1_ASAP7_75t_R) 1360.00 1513.09 -153.09 (VIOLATED)
u_e.g_mac[1].g_tr2.u_tree.held[69][19]$_DFFE_PP_/D (DFFHQNx1_ASAP7_75t_R) 1372.77 1525.83 -153.06 (VIOLATED)
u_e.g_mac[1].g_tr2.u_tree.held[28][14]$_DFFE_PP_/D (DFFHQNx1_ASAP7_75t_R) 1370.74 1523.80 -153.06 (VIOLATED)
u_e.g_mac[0].g_l2.u_l0.p1_p[7][5]$_DFF_P_/D (DFFHQNx1_ASAP7_75t_R) 1366.31 1519.36 -153.05 (VIOLATED)
u_e.g_mac[1].g_tr2.u_tree.held[66][30]$_DFFE_PP_/D (DFFHQNx1_ASAP7_75t_R) 1378.58 1531.61 -153.03 (VIOLATED)
u_e.g_mac[1].g_tr2.u_tree.held[46][4]$_DFFE_PP_/D (DFFHQNx1_ASAP7_75t_R) 1358.46 1511.48 -153.02 (VIOLATED)
u_e.g_mac[1].g_tr2.u_tree.held[19][13]$_DFFE_PP_/D (DFFHQNx1_ASAP7_75t_R) 1371.52 1524.53 -153.02 (VIOLATED)
u_e.g_mac[1].g_tr2.u_tree.held[66][8]$_DFFE_PP_/D (DFFHQNx1_ASAP7_75t_R) 1355.93 1508.95 -153.01 (VIOLATED)
u_e.g_mac[1].g_tr2.u_tree.held[16][29]$_DFFE_PP_/D (DFFHQNx1_ASAP7_75t_R) 1378.48 1531.49 -153.01 (VIOLATED)
u_e.g_mac[1].g_tr2.u_tree.held[79][24]$_DFFE_PP_/D (DFFHQNx1_ASAP7_75t_R) 1382.24 1535.20 -152.96 (VIOLATED)
u_e.g_mac[1].g_tr2.u_tree.held[66][3]$_DFFE_PP_/D (DFFHQNx1_ASAP7_75t_R) 1356.96 1509.92 -152.96 (VIOLATED)
u_e.g_mac[1].g_tr2.u_tree.held[31][27]$_DFFE_PP_/D (DFFHQNx1_ASAP7_75t_R) 1380.02 1532.97 -152.95 (VIOLATED)
u_e.g_mac[1].g_tr2.u_tree.held[72][6]$_DFFE_PP_/D (DFFHQNx1_ASAP7_75t_R) 1362.95 1515.90 -152.95 (VIOLATED)
u_e.g_mac[1].g_tr2.u_tree.held[75][20]$_DFFE_PP_/D (DFFHQNx1_ASAP7_75t_R) 1371.72 1524.65 -152.94 (VIOLATED)
u_e.g_mac[1].g_tr2.u_tree.held[75][31]$_DFFE_PP_/D (DFFHQNx1_ASAP7_75t_R) 1358.93 1511.84 -152.91 (VIOLATED)
u_e.g_mac[1].g_tr2.u_tree.held[66][29]$_DFFE_PP_/D (DFFHQNx1_ASAP7_75t_R) 1378.39 1531.28 -152.89 (VIOLATED)
u_e.wB[11]$_DFFE_PP_/D (DFFHQNx1_ASAP7_75t_R) 1408.67 1561.55 -152.89 (VIOLATED)
u_e.g_mac[1].g_tr2.u_tree.held[76][17]$_DFFE_PP_/D (DFFHQNx1_ASAP7_75t_R) 1359.48 1512.37 -152.88 (VIOLATED)
u_e.g_mac[1].g_tr2.u_tree.held[20][30]$_DFFE_PP_/D (DFFHQNx1_ASAP7_75t_R) 1380.36 1533.24 -152.88 (VIOLATED)
u_e.g_mac[1].g_tr2.u_tree.held[50][21]$_DFFE_PP_/D (DFFHQNx1_ASAP7_75t_R) 1366.88 1519.74 -152.86 (VIOLATED)
u_e.g_mac[1].g_tr2.u_tree.have[19]$_DFFE_PN0P_/D (DFFASRHQNx1_ASAP7_75t_R) 1346.04 1498.87 -152.83 (VIOLATED)
u_e.g_mac[1].g_tr2.u_tree.held[13][21]$_DFFE_PP_/D (DFFHQNx1_ASAP7_75t_R) 1367.41 1520.24 -152.83 (VIOLATED)
u_e.g_mac[1].g_tr2.u_tree.held[53][9]$_DFFE_PP_/D (DFFHQNx1_ASAP7_75t_R) 1359.69 1512.51 -152.83 (VIOLATED)
u_e.g_mac[1].g_tr2.u_tree.held[59][8]$_DFFE_PP_/D (DFFHQNx1_ASAP7_75t_R) 1357.66 1510.48 -152.82 (VIOLATED)
u_e.g_mac[1].g_tr2.u_tree.held[75][12]$_DFFE_PP_/D (DFFHQNx1_ASAP7_75t_R) 1356.06 1508.86 -152.80 (VIOLATED)
u_e.g_mac[1].g_tr2.u_tree.held[52][15]$_DFFE_PP_/D (DFFHQNx1_ASAP7_75t_R) 1366.27 1519.02 -152.75 (VIOLATED)
u_e.g_mac[0].g_l2.u_l0.p1_p[24][6]$_DFF_P_/D (DFFHQNx1_ASAP7_75t_R) 1380.22 1532.97 -152.75 (VIOLATED)
u_e.g_mac[1].g_tr2.u_tree.held[60][17]$_DFFE_PP_/D (DFFHQNx1_ASAP7_75t_R) 1381.62 1534.35 -152.73 (VIOLATED)
u_e.g_mac[1].g_tr2.u_tree.held[25][0]$_DFFE_PP_/D (DFFHQNx1_ASAP7_75t_R) 1358.14 1510.86 -152.72 (VIOLATED)
u_e.g_mac[1].g_tr2.u_tree.infl[5][3]$_DFF_PN0_/D (DFFASRHQNx1_ASAP7_75t_R) 1372.98 1525.68 -152.70 (VIOLATED)
u_e.g_mac[1].g_tr2.u_tree.held[6][16]$_DFFE_PP_/D (DFFHQNx1_ASAP7_75t_R) 1359.73 1512.37 -152.64 (VIOLATED)
u_e.g_mac[1].g_tr2.u_tree.held[30][28]$_DFFE_PP_/D (DFFHQNx1_ASAP7_75t_R) 1367.64 1520.28 -152.64 (VIOLATED)
u_e.g_mac[1].g_tr2.u_tree.held[72][10]$_DFFE_PP_/D (DFFHQNx1_ASAP7_75t_R) 1357.19 1509.81 -152.62 (VIOLATED)
u_e.g_mac[0].g_tr2.u_tree.infl[11][3]$_DFF_PN0_/D (DFFASRHQNx1_ASAP7_75t_R) 1424.60 1577.19 -152.60 (VIOLATED)
u_e.g_mac[1].g_tr2.u_tree.held[60][4]$_DFFE_PP_/D (DFFHQNx1_ASAP7_75t_R) 1359.09 1511.66 -152.57 (VIOLATED)
u_e.g_mac[1].g_tr2.u_tree.held[56][27]$_DFFE_PP_/D (DFFHQNx1_ASAP7_75t_R) 1378.84 1531.38 -152.54 (VIOLATED)
u_e.g_mac[1].g_tr2.u_tree.held[31][30]$_DFFE_PP_/D (DFFHQNx1_ASAP7_75t_R) 1378.84 1531.36 -152.53 (VIOLATED)
u_e.g_mac[1].g_tr2.u_tree.held[25][2]$_DFFE_PP_/D (DFFHQNx1_ASAP7_75t_R) 1358.49 1510.98 -152.49 (VIOLATED)
u_e.g_mac[1].g_tr2.u_tree.held[26][8]$_DFFE_PP_/D (DFFHQNx1_ASAP7_75t_R) 1356.19 1508.67 -152.47 (VIOLATED)
u_e.g_mac[1].g_tr2.u_tree.held[23][14]$_DFFE_PP_/D (DFFHQNx1_ASAP7_75t_R) 1366.30 1518.77 -152.47 (VIOLATED)
u_e.g_mac[1].g_tr2.u_tree.held[15][22]$_DFFE_PP_/D (DFFHQNx1_ASAP7_75t_R) 1376.14 1528.58 -152.45 (VIOLATED)
u_e.g_mac[1].g_l2.u_l0.p1_p[11][4]$_DFF_P_/D (DFFHQNx1_ASAP7_75t_R) 1373.50 1525.94 -152.44 (VIOLATED)
u_e.g_mac[1].g_tr2.u_tree.held[28][23]$_DFFE_PP_/D (DFFHQNx1_ASAP7_75t_R) 1371.80 1524.23 -152.43 (VIOLATED)
u_e.g_mac[1].g_tr2.u_tree.held[24][23]$_DFFE_PP_/D (DFFHQNx1_ASAP7_75t_R) 1382.27 1534.67 -152.40 (VIOLATED)
u_e.g_mac[1].g_tr2.u_tree.held[38][3]$_DFFE_PP_/D (DFFHQNx1_ASAP7_75t_R) 1356.85 1509.24 -152.39 (VIOLATED)
u_e.g_mac[1].g_tr2.u_tree.held[26][3]$_DFFE_PP_/D (DFFHQNx1_ASAP7_75t_R) 1356.18 1508.55 -152.38 (VIOLATED)
u_e.g_mac[1].g_tr2.u_tree.held[34][2]$_DFFE_PP_/D (DFFHQNx1_ASAP7_75t_R) 1358.63 1510.99 -152.36 (VIOLATED)
u_e.g_mac[1].g_tr2.u_tree.held[2][15]$_DFFE_PP_/D (DFFHQNx1_ASAP7_75t_R) 1380.24 1532.59 -152.35 (VIOLATED)
u_e.g_mac[1].g_tr2.u_tree.held[1][25]$_DFFE_PP_/D (DFFHQNx1_ASAP7_75t_R) 1373.21 1525.54 -152.33 (VIOLATED)
u_e.g_mac[1].g_tr2.u_tree.held[75][13]$_DFFE_PP_/D (DFFHQNx1_ASAP7_75t_R) 1356.19 1508.50 -152.31 (VIOLATED)
u_e.g_mac[1].g_tr2.u_tree.held[66][19]$_DFFE_PP_/D (DFFHQNx1_ASAP7_75t_R) 1378.89 1531.19 -152.30 (VIOLATED)
u_e.g_mac[1].g_tr2.u_tree.have[37]$_DFFE_PN0P_/D (DFFASRHQNx1_ASAP7_75t_R) 1364.16 1516.44 -152.28 (VIOLATED)
u_e.g_mac[1].g_tr2.u_tree.held[12][10]$_DFFE_PP_/D (DFFHQNx1_ASAP7_75t_R) 1358.13 1510.41 -152.28 (VIOLATED)
u_e.g_mac[0].g_tr2.u_tree.infl[6][2]$_DFF_PN0_/D (DFFASRHQNx1_ASAP7_75t_R) 1416.41 1568.68 -152.27 (VIOLATED)
u_e.g_mac[1].g_tr2.u_tree.held[13][28]$_DFFE_PP_/D (DFFHQNx1_ASAP7_75t_R) 1366.62 1518.88 -152.27 (VIOLATED)
u_e.g_mac[1].g_tr2.u_tree.held[12][9]$_DFFE_PP_/D (DFFHQNx1_ASAP7_75t_R) 1358.05 1510.29 -152.24 (VIOLATED)
u_e.g_mac[0].g_tr2.u_tree.infl[9][3]$_DFF_PN0_/D (DFFASRHQNx1_ASAP7_75t_R) 1424.90 1577.14 -152.24 (VIOLATED)
u_e.g_mac[1].g_tr2.u_tree.held[36][6]$_DFFE_PP_/D (DFFHQNx1_ASAP7_75t_R) 1355.03 1507.27 -152.23 (VIOLATED)
u_e.g_mac[1].g_tr2.u_tree.held[8][12]$_DFFE_PP_/D (DFFHQNx1_ASAP7_75t_R) 1356.67 1508.85 -152.18 (VIOLATED)
u_e.g_mac[1].g_tr2.u_tree.held[25][6]$_DFFE_PP_/D (DFFHQNx1_ASAP7_75t_R) 1358.79 1510.96 -152.17 (VIOLATED)
u_e.g_mac[1].g_l2.u_l0.p1_p[13][5]$_DFF_P_/D (DFFHQNx1_ASAP7_75t_R) 1364.03 1516.17 -152.14 (VIOLATED)
u_e.g_mac[1].g_l2.u_l0.p1_p[28][7]$_DFF_P_/D (DFFHQNx1_ASAP7_75t_R) 1374.69 1526.81 -152.13 (VIOLATED)
u_e.wB[13]$_DFFE_PP_/D (DFFHQNx1_ASAP7_75t_R) 1409.37 1561.50 -152.12 (VIOLATED)
u_e.g_mac[1].g_tr2.u_tree.held[41][21]$_DFFE_PP_/D (DFFHQNx1_ASAP7_75t_R) 1378.85 1530.97 -152.12 (VIOLATED)
u_e.g_mac[1].g_tr2.u_tree.held[60][24]$_DFFE_PP_/D (DFFHQNx1_ASAP7_75t_R) 1381.23 1533.33 -152.10 (VIOLATED)
u_e.g_mac[0].g_tr2.u_tree.h_v[19]$_DFF_P_/D (DFFHQNx1_ASAP7_75t_R) 1359.12 1511.18 -152.06 (VIOLATED)
u_e.g_mac[1].g_tr2.u_tree.held[75][5]$_DFFE_PP_/D (DFFHQNx1_ASAP7_75t_R) 1356.67 1508.71 -152.04 (VIOLATED)
u_e.g_mac[1].g_tr2.u_tree.held[14][28]$_DFFE_PP_/D (DFFHQNx1_ASAP7_75t_R) 1367.89 1519.93 -152.04 (VIOLATED)
u_e.g_mac[1].g_tr2.u_tree.held[52][10]$_DFFE_PP_/D (DFFHQNx1_ASAP7_75t_R) 1357.03 1509.04 -152.01 (VIOLATED)
u_e.g_mac[1].g_tr2.u_tree.held[56][26]$_DFFE_PP_/D (DFFHQNx1_ASAP7_75t_R) 1382.42 1534.40 -151.98 (VIOLATED)
u_e.g_mac[1].g_tr2.u_tree.held[66][14]$_DFFE_PP_/D (DFFHQNx1_ASAP7_75t_R) 1380.31 1532.29 -151.97 (VIOLATED)
u_e.g_mac[1].g_tr2.u_tree.held[29][8]$_DFFE_PP_/D (DFFHQNx1_ASAP7_75t_R) 1363.23 1515.17 -151.94 (VIOLATED)
u_e.g_mac[1].g_tr2.u_tree.held[69][25]$_DFFE_PP_/D (DFFHQNx1_ASAP7_75t_R) 1373.37 1525.30 -151.93 (VIOLATED)
u_e.g_mac[1].g_tr2.u_tree.have[10]$_DFFE_PN0P_/D (DFFASRHQNx1_ASAP7_75t_R) 1345.90 1497.83 -151.93 (VIOLATED)
u_e.g_mac[1].g_tr2.u_tree.held[77][16]$_DFFE_PP_/D (DFFHQNx1_ASAP7_75t_R) 1358.66 1510.57 -151.91 (VIOLATED)
u_e.g_mac[1].g_tr2.u_tree.held[66][13]$_DFFE_PP_/D (DFFHQNx1_ASAP7_75t_R) 1380.23 1532.12 -151.90 (VIOLATED)
u_e.g_mac[1].g_tr2.u_tree.held[25][11]$_DFFE_PP_/D (DFFHQNx1_ASAP7_75t_R) 1357.96 1509.86 -151.89 (VIOLATED)
u_e.g_mac[1].g_tr2.u_tree.held[6][25]$_DFFE_PP_/D (DFFHQNx1_ASAP7_75t_R) 1374.87 1526.76 -151.89 (VIOLATED)
u_e.g_mac[1].g_tr2.u_tree.held[41][28]$_DFFE_PP_/D (DFFHQNx1_ASAP7_75t_R) 1378.98 1530.80 -151.82 (VIOLATED)
u_e.g_mac[1].g_tr2.u_tree.held[25][31]$_DFFE_PP_/D (DFFHQNx1_ASAP7_75t_R) 1358.90 1510.72 -151.81 (VIOLATED)
u_e.g_mac[1].g_tr2.u_tree.held[25][3]$_DFFE_PP_/D (DFFHQNx1_ASAP7_75t_R) 1357.71 1509.52 -151.81 (VIOLATED)
u_e.g_mac[1].g_tr2.u_tree.held[66][22]$_DFFE_PP_/D (DFFHQNx1_ASAP7_75t_R) 1380.34 1532.14 -151.80 (VIOLATED)
u_e.g_mac[1].g_tr2.u_tree.held[12][7]$_DFFE_PP_/D (DFFHQNx1_ASAP7_75t_R) 1358.83 1510.62 -151.78 (VIOLATED)
u_e.g_mac[1].g_tr2.u_tree.held[16][30]$_DFFE_PP_/D (DFFHQNx1_ASAP7_75t_R) 1379.47 1531.25 -151.78 (VIOLATED)
u_e.g_mac[1].g_tr2.u_tree.held[58][30]$_DFFE_PP_/D (DFFHQNx1_ASAP7_75t_R) 1378.57 1530.35 -151.77 (VIOLATED)
u_e.g_mac[1].g_tr2.u_tree.held[5][6]$_DFFE_PP_/D (DFFHQNx1_ASAP7_75t_R) 1359.75 1511.49 -151.73 (VIOLATED)
u_e.g_mac[1].g_tr2.u_tree.held[20][26]$_DFFE_PP_/D (DFFHQNx1_ASAP7_75t_R) 1381.12 1532.84 -151.71 (VIOLATED)
u_e.g_mac[1].g_tr2.u_tree.held[52][22]$_DFFE_PP_/D (DFFHQNx1_ASAP7_75t_R) 1367.47 1519.16 -151.69 (VIOLATED)
u_e.g_mac[1].g_tr2.u_tree.held[16][24]$_DFFE_PP_/D (DFFHQNx1_ASAP7_75t_R) 1381.79 1533.45 -151.66 (VIOLATED)
u_e.g_mac[1].g_l2.u_l0.p0_wq[83]$_DFF_P_/D (DFFHQNx1_ASAP7_75t_R) 1372.84 1524.45 -151.61 (VIOLATED)
u_e.g_mac[1].g_tr2.u_tree.held[3][0]$_DFFE_PP_/D (DFFHQNx1_ASAP7_75t_R) 1358.63 1510.21 -151.59 (VIOLATED)
u_e.g_mac[1].g_tr2.u_tree.held[29][4]$_DFFE_PP_/D (DFFHQNx1_ASAP7_75t_R) 1364.13 1515.70 -151.57 (VIOLATED)
u_e.g_mac[1].g_tr2.u_tree.held[78][22]$_DFFE_PP_/D (DFFHQNx1_ASAP7_75t_R) 1380.55 1532.11 -151.57 (VIOLATED)
u_e.g_mac[1].g_tr2.u_tree.held[72][9]$_DFFE_PP_/D (DFFHQNx1_ASAP7_75t_R) 1357.02 1508.58 -151.56 (VIOLATED)
u_e.g_mac[1].g_tr2.u_tree.held[36][9]$_DFFE_PP_/D (DFFHQNx1_ASAP7_75t_R) 1358.10 1509.64 -151.54 (VIOLATED)
u_e.g_mac[1].g_tr2.u_tree.held[52][13]$_DFFE_PP_/D (DFFHQNx1_ASAP7_75t_R) 1356.44 1507.97 -151.52 (VIOLATED)
u_e.g_mac[1].g_tr2.u_tree.held[6][26]$_DFFE_PP_/D (DFFHQNx1_ASAP7_75t_R) 1372.25 1523.77 -151.52 (VIOLATED)
u_e.g_mac[1].g_tr2.u_tree.herr[74]$_DFFE_PN0P_/D (DFFASRHQNx1_ASAP7_75t_R) 1368.22 1519.67 -151.45 (VIOLATED)
u_e.g_mac[1].g_tr2.u_tree.held[5][8]$_DFFE_PP_/D (DFFHQNx1_ASAP7_75t_R) 1363.54 1514.95 -151.40 (VIOLATED)
u_e.g_mac[1].g_tr2.u_tree.herr[71]$_DFFE_PN0P_/D (DFFASRHQNx1_ASAP7_75t_R) 1343.13 1494.52 -151.39 (VIOLATED)
u_e.g_mac[1].g_tr2.u_tree.held[37][29]$_DFFE_PP_/D (DFFHQNx1_ASAP7_75t_R) 1380.17 1531.52 -151.35 (VIOLATED)
u_e.g_mac[1].g_tr2.u_tree.held[13][8]$_DFFE_PP_/D (DFFHQNx1_ASAP7_75t_R) 1354.24 1505.59 -151.35 (VIOLATED)
u_e.g_mac[1].g_tr2.u_tree.held[55][26]$_DFFE_PP_/D (DFFHQNx1_ASAP7_75t_R) 1375.33 1526.67 -151.34 (VIOLATED)
u_e.g_mac[1].g_tr2.u_tree.held[58][27]$_DFFE_PP_/D (DFFHQNx1_ASAP7_75t_R) 1379.00 1530.34 -151.34 (VIOLATED)
u_e.g_mac[1].g_tr2.u_tree.held[25][4]$_DFFE_PP_/D (DFFHQNx1_ASAP7_75t_R) 1358.82 1510.13 -151.31 (VIOLATED)
u_e.g_mac[1].g_tr2.u_tree.held[3][11]$_DFFE_PP_/D (DFFHQNx1_ASAP7_75t_R) 1358.18 1509.48 -151.31 (VIOLATED)
u_e.g_mac[1].g_l2.u_l0.p1_p[28][6]$_DFF_P_/D (DFFHQNx1_ASAP7_75t_R) 1363.78 1515.08 -151.30 (VIOLATED)
u_e.g_mac[1].g_tr2.u_tree.held[26][1]$_DFFE_PP_/D (DFFHQNx1_ASAP7_75t_R) 1356.40 1507.65 -151.25 (VIOLATED)
u_e.g_mac[1].g_tr2.u_tree.held[72][27]$_DFFE_PP_/D (DFFHQNx1_ASAP7_75t_R) 1367.37 1518.61 -151.24 (VIOLATED)
u_e.g_mac[1].g_tr2.u_tree.held[78][18]$_DFFE_PP_/D (DFFHQNx1_ASAP7_75t_R) 1381.72 1532.95 -151.22 (VIOLATED)
u_e.g_mac[1].g_tr2.u_tree.herr[5]$_DFFE_PN0P_/D (DFFASRHQNx1_ASAP7_75t_R) 1346.63 1497.84 -151.21 (VIOLATED)
u_e.g_mac[1].g_tr2.u_tree.held[77][12]$_DFFE_PP_/D (DFFHQNx1_ASAP7_75t_R) 1359.41 1510.60 -151.19 (VIOLATED)
u_e.g_mac[1].g_tr2.u_tree.held[60][22]$_DFFE_PP_/D (DFFHQNx1_ASAP7_75t_R) 1379.49 1530.67 -151.18 (VIOLATED)
u_e.g_mac[1].g_tr2.u_tree.held[44][18]$_DFFE_PP_/D (DFFHQNx1_ASAP7_75t_R) 1371.91 1523.07 -151.16 (VIOLATED)
u_e.g_mac[1].g_tr2.u_tree.held[58][19]$_DFFE_PP_/D (DFFHQNx1_ASAP7_75t_R) 1379.13 1530.29 -151.16 (VIOLATED)
u_e.g_mac[1].g_tr2.u_tree.held[52][14]$_DFFE_PP_/D (DFFHQNx1_ASAP7_75t_R) 1368.02 1519.17 -151.15 (VIOLATED)
u_e.g_mac[1].g_tr2.u_tree.held[3][31]$_DFFE_PP_/D (DFFHQNx1_ASAP7_75t_R) 1359.08 1510.19 -151.11 (VIOLATED)
u_e.g_mac[1].g_tr2.u_tree.held[60][25]$_DFFE_PP_/D (DFFHQNx1_ASAP7_75t_R) 1382.13 1533.24 -151.10 (VIOLATED)
u_e.g_mac[1].g_tr2.u_tree.held[26][30]$_DFFE_PP_/D (DFFHQNx1_ASAP7_75t_R) 1365.81 1516.87 -151.06 (VIOLATED)
u_e.g_mac[1].g_tr2.u_tree.held[13][0]$_DFFE_PP_/D (DFFHQNx1_ASAP7_75t_R) 1356.77 1507.82 -151.06 (VIOLATED)
u_e.g_mac[1].g_tr2.u_tree.held[12][21]$_DFFE_PP_/D (DFFHQNx1_ASAP7_75t_R) 1366.01 1517.05 -151.05 (VIOLATED)
u_e.g_mac[1].g_tr2.u_tree.held[56][31]$_DFFE_PP_/D (DFFHQNx1_ASAP7_75t_R) 1358.43 1509.47 -151.04 (VIOLATED)
u_e.g_mac[1].g_tr2.u_tree.held[26][27]$_DFFE_PP_/D (DFFHQNx1_ASAP7_75t_R) 1366.68 1517.68 -151.01 (VIOLATED)
u_e.g_mac[0].g_tr2.u_tree.infl[9][1]$_DFF_PN0_/D (DFFASRHQNx1_ASAP7_75t_R) 1396.16 1547.16 -151.00 (VIOLATED)
u_e.g_mac[0].g_l2.u_l0.p1_p[11][6]$_DFF_P_/D (DFFHQNx1_ASAP7_75t_R) 1380.49 1531.47 -150.98 (VIOLATED)
u_e.wA[9]$_DFFE_PP_/D (DFFHQNx1_ASAP7_75t_R) 1411.13 1562.11 -150.98 (VIOLATED)
u_e.g_mac[1].g_tr2.u_tree.held[59][10]$_DFFE_PP_/D (DFFHQNx1_ASAP7_75t_R) 1358.53 1509.51 -150.98 (VIOLATED)
u_e.g_mac[1].g_tr2.u_tree.held[41][13]$_DFFE_PP_/D (DFFHQNx1_ASAP7_75t_R) 1381.00 1531.98 -150.98 (VIOLATED)
u_e.g_mac[1].g_tr2.u_tree.held[46][12]$_DFFE_PP_/D (DFFHQNx1_ASAP7_75t_R) 1359.84 1510.81 -150.97 (VIOLATED)
u_e.g_mac[1].g_tr2.u_tree.held[53][2]$_DFFE_PP_/D (DFFHQNx1_ASAP7_75t_R) 1358.63 1509.60 -150.97 (VIOLATED)
u_e.g_mac[1].g_tr2.u_tree.held[46][3]$_DFFE_PP_/D (DFFHQNx1_ASAP7_75t_R) 1363.19 1514.16 -150.97 (VIOLATED)
u_e.g_mac[1].g_tr2.u_tree.held[16][28]$_DFFE_PP_/D (DFFHQNx1_ASAP7_75t_R) 1378.96 1529.91 -150.95 (VIOLATED)
u_e.g_mac[1].g_tr2.u_tree.held[6][15]$_DFFE_PP_/D (DFFHQNx1_ASAP7_75t_R) 1373.31 1524.24 -150.94 (VIOLATED)
u_e.g_mac[1].g_tr2.u_tree.held[12][15]$_DFFE_PP_/D (DFFHQNx1_ASAP7_75t_R) 1366.05 1516.98 -150.93 (VIOLATED)
u_e.g_mac[1].g_tr2.u_tree.held[41][22]$_DFFE_PP_/D (DFFHQNx1_ASAP7_75t_R) 1380.73 1531.64 -150.91 (VIOLATED)
u_e.g_mac[1].g_l2.u_l0.p1_p[15][8]$_SDFF_PN0_/D (DFFHQNx1_ASAP7_75t_R) 1359.50 1510.41 -150.90 (VIOLATED)
u_e.g_mac[1].g_tr2.u_tree.held[46][0]$_DFFE_PP_/D (DFFHQNx1_ASAP7_75t_R) 1362.26 1513.16 -150.89 (VIOLATED)
u_e.g_mac[1].g_tr2.u_tree.held[52][8]$_DFFE_PP_/D (DFFHQNx1_ASAP7_75t_R) 1362.43 1513.32 -150.89 (VIOLATED)
u_e.wB[12]$_DFFE_PP_/D (DFFHQNx1_ASAP7_75t_R) 1409.77 1560.64 -150.87 (VIOLATED)
u_e.g_mac[1].g_tr2.u_tree.held[2][27]$_DFFE_PP_/D (DFFHQNx1_ASAP7_75t_R) 1378.56 1529.38 -150.81 (VIOLATED)
u_e.g_mac[1].g_tr2.u_tree.held[26][29]$_DFFE_PP_/D (DFFHQNx1_ASAP7_75t_R) 1365.95 1516.70 -150.75 (VIOLATED)
u_e.g_mac[1].g_l2.u_l0.p1_p[12][7]$_DFF_P_/D (DFFHQNx1_ASAP7_75t_R) 1374.24 1524.99 -150.74 (VIOLATED)
u_e.g_mac[1].g_tr2.u_tree.held[56][11]$_DFFE_PP_/D (DFFHQNx1_ASAP7_75t_R) 1357.99 1508.73 -150.74 (VIOLATED)
u_e.g_mac[1].g_tr2.u_tree.held[55][21]$_DFFE_PP_/D (DFFHQNx1_ASAP7_75t_R) 1375.39 1526.11 -150.72 (VIOLATED)
u_e.g_mac[1].g_tr2.u_tree.held[12][28]$_DFFE_PP_/D (DFFHQNx1_ASAP7_75t_R) 1366.32 1517.03 -150.71 (VIOLATED)
u_e.g_mac[1].g_tr2.u_tree.held[25][12]$_DFFE_PP_/D (DFFHQNx1_ASAP7_75t_R) 1358.85 1509.55 -150.70 (VIOLATED)
u_e.g_mac[1].g_tr2.u_tree.held[56][30]$_DFFE_PP_/D (DFFHQNx1_ASAP7_75t_R) 1378.63 1529.32 -150.69 (VIOLATED)
u_e.g_mac[1].g_tr2.u_tree.held[23][21]$_DFFE_PP_/D (DFFHQNx1_ASAP7_75t_R) 1366.30 1516.96 -150.67 (VIOLATED)
u_e.g_mac[1].g_tr2.u_tree.held[76][9]$_DFFE_PP_/D (DFFHQNx1_ASAP7_75t_R) 1359.46 1510.04 -150.58 (VIOLATED)
u_e.g_mac[1].g_tr2.u_tree.held[13][3]$_DFFE_PP_/D (DFFHQNx1_ASAP7_75t_R) 1357.51 1508.08 -150.58 (VIOLATED)
u_e.g_mac[1].g_tr2.u_tree.held[3][5]$_DFFE_PP_/D (DFFHQNx1_ASAP7_75t_R) 1358.46 1509.04 -150.58 (VIOLATED)
u_e.g_mac[1].g_tr2.u_tree.held[57][14]$_DFFE_PP_/D (DFFHQNx1_ASAP7_75t_R) 1358.72 1509.28 -150.56 (VIOLATED)
u_e.g_mac[1].g_tr2.u_tree.held[12][20]$_DFFE_PP_/D (DFFHQNx1_ASAP7_75t_R) 1354.95 1505.47 -150.52 (VIOLATED)
u_e.g_mac[1].g_tr2.u_tree.held[59][9]$_DFFE_PP_/D (DFFHQNx1_ASAP7_75t_R) 1358.41 1508.93 -150.52 (VIOLATED)
u_e.g_mac[1].g_l2.u_l0.p1_p[25][6]$_DFF_P_/D (DFFHQNx1_ASAP7_75t_R) 1377.63 1528.14 -150.51 (VIOLATED)
u_e.g_mac[1].g_tr2.u_tree.held[23][15]$_DFFE_PP_/D (DFFHQNx1_ASAP7_75t_R) 1366.74 1517.25 -150.51 (VIOLATED)
u_e.g_mac[1].g_tr2.u_tree.held[42][19]$_DFFE_PP_/D (DFFHQNx1_ASAP7_75t_R) 1374.40 1524.90 -150.50 (VIOLATED)
u_e.g_mac[1].g_tr2.u_tree.held[20][31]$_DFFE_PP_/D (DFFHQNx1_ASAP7_75t_R) 1358.58 1509.08 -150.50 (VIOLATED)
u_e.g_mac[1].g_tr2.u_tree.held[42][28]$_DFFE_PP_/D (DFFHQNx1_ASAP7_75t_R) 1366.85 1517.35 -150.49 (VIOLATED)
u_e.g_mac[1].g_tr2.u_tree.held[53][4]$_DFFE_PP_/D (DFFHQNx1_ASAP7_75t_R) 1359.25 1509.73 -150.48 (VIOLATED)
u_e.g_mac[1].g_tr2.u_tree.held[42][29]$_DFFE_PP_/D (DFFHQNx1_ASAP7_75t_R) 1374.58 1524.96 -150.37 (VIOLATED)
u_e.g_mac[1].g_tr2.u_tree.held[49][29]$_DFFE_PP_/D (DFFHQNx1_ASAP7_75t_R) 1366.12 1516.46 -150.33 (VIOLATED)
u_e.g_mac[1].g_tr2.u_tree.held[63][13]$_DFFE_PP_/D (DFFHQNx1_ASAP7_75t_R) 1373.08 1523.41 -150.33 (VIOLATED)
u_e.g_mac[1].g_tr2.u_tree.held[1][21]$_DFFE_PP_/D (DFFHQNx1_ASAP7_75t_R) 1379.72 1530.06 -150.33 (VIOLATED)
u_e.g_mac[1].g_l2.u_l0.p1_p[9][6]$_DFF_P_/D (DFFHQNx1_ASAP7_75t_R) 1361.66 1511.99 -150.33 (VIOLATED)
u_e.g_mac[1].g_tr2.u_tree.held[20][20]$_DFFE_PP_/D (DFFHQNx1_ASAP7_75t_R) 1370.67 1520.99 -150.32 (VIOLATED)
u_e.g_mac[1].g_tr2.u_tree.held[9][4]$_DFFE_PP_/D (DFFHQNx1_ASAP7_75t_R) 1361.93 1512.25 -150.32 (VIOLATED)
u_e.g_mac[1].g_tr2.u_tree.held[67][29]$_DFFE_PP_/D (DFFHQNx1_ASAP7_75t_R) 1381.88 1532.18 -150.30 (VIOLATED)
u_e.g_mac[1].g_tr2.u_tree.held[3][10]$_DFFE_PP_/D (DFFHQNx1_ASAP7_75t_R) 1358.95 1509.24 -150.29 (VIOLATED)
u_e.g_mac[1].g_tr2.u_tree.held[20][29]$_DFFE_PP_/D (DFFHQNx1_ASAP7_75t_R) 1380.90 1531.18 -150.28 (VIOLATED)
u_e.g_mac[1].g_tr2.u_tree.held[12][5]$_DFFE_PP_/D (DFFHQNx1_ASAP7_75t_R) 1355.08 1505.35 -150.27 (VIOLATED)
u_e.g_mac[1].g_tr2.u_tree.held[14][24]$_DFFE_PP_/D (DFFHQNx1_ASAP7_75t_R) 1373.72 1523.96 -150.24 (VIOLATED)
u_e.g_mac[1].g_tr2.u_tree.held[56][28]$_DFFE_PP_/D (DFFHQNx1_ASAP7_75t_R) 1379.18 1529.40 -150.22 (VIOLATED)
u_e.g_mac[1].g_tr2.u_tree.herr[10]$_DFFE_PN0P_/D (DFFASRHQNx1_ASAP7_75t_R) 1344.32 1494.54 -150.21 (VIOLATED)
u_e.g_mac[1].g_tr2.u_tree.held[16][21]$_DFFE_PP_/D (DFFHQNx1_ASAP7_75t_R) 1377.53 1527.74 -150.21 (VIOLATED)
u_e.g_mac[1].g_tr2.u_tree.held[77][3]$_DFFE_PP_/D (DFFHQNx1_ASAP7_75t_R) 1357.27 1507.44 -150.17 (VIOLATED)
u_e.g_mac[1].g_tr2.u_tree.held[34][15]$_DFFE_PP_/D (DFFHQNx1_ASAP7_75t_R) 1374.94 1525.09 -150.15 (VIOLATED)
u_e.g_mac[1].g_tr2.u_tree.held[57][17]$_DFFE_PP_/D (DFFHQNx1_ASAP7_75t_R) 1359.37 1509.52 -150.15 (VIOLATED)
u_e.g_mac[1].g_tr2.u_tree.held[31][19]$_DFFE_PP_/D (DFFHQNx1_ASAP7_75t_R) 1381.47 1531.60 -150.13 (VIOLATED)
u_e.g_mac[0].g_l2.u_l0.p1_p[7][8]$_SDFF_PN0_/D (DFFHQNx1_ASAP7_75t_R) 1365.53 1515.62 -150.09 (VIOLATED)
u_e.g_mac[1].g_l2.u_l0.p1_p[21][7]$_DFF_P_/D (DFFHQNx1_ASAP7_75t_R) 1383.21 1533.30 -150.09 (VIOLATED)
u_e.g_mac[1].g_tr2.u_tree.held[76][22]$_DFFE_PP_/D (DFFHQNx1_ASAP7_75t_R) 1379.55 1529.64 -150.09 (VIOLATED)
u_e.g_mac[1].g_tr2.u_tree.held[12][13]$_DFFE_PP_/D (DFFHQNx1_ASAP7_75t_R) 1366.74 1516.82 -150.08 (VIOLATED)
u_e.g_mac[1].g_tr2.u_tree.held[20][0]$_DFFE_PP_/D (DFFHQNx1_ASAP7_75t_R) 1358.94 1509.01 -150.07 (VIOLATED)
u_e.g_mac[1].g_tr2.u_tree.held[72][29]$_DFFE_PP_/D (DFFHQNx1_ASAP7_75t_R) 1374.16 1524.23 -150.07 (VIOLATED)
u_e.g_mac[1].g_tr2.u_tree.held[66][18]$_DFFE_PP_/D (DFFHQNx1_ASAP7_75t_R) 1382.04 1532.09 -150.05 (VIOLATED)
u_e.g_mac[1].g_tr2.u_tree.held[69][29]$_DFFE_PP_/D (DFFHQNx1_ASAP7_75t_R) 1367.48 1517.50 -150.02 (VIOLATED)
u_e.g_mac[1].g_tr2.u_tree.held[68][3]$_DFFE_PP_/D (DFFHQNx1_ASAP7_75t_R) 1362.39 1512.40 -150.00 (VIOLATED)
u_e.g_mac[1].g_tr2.u_tree.held[20][18]$_DFFE_PP_/D (DFFHQNx1_ASAP7_75t_R) 1371.77 1521.75 -149.98 (VIOLATED)
u_e.g_mac[1].g_tr2.u_tree.held[55][17]$_DFFE_PP_/D (DFFHQNx1_ASAP7_75t_R) 1380.01 1529.89 -149.88 (VIOLATED)
u_e.g_mac[1].g_tr2.u_tree.have[7]$_DFFE_PN0P_/D (DFFASRHQNx1_ASAP7_75t_R) 1345.25 1495.12 -149.87 (VIOLATED)
u_e.g_mac[1].g_tr2.u_tree.herr[75]$_DFFE_PN0P_/D (DFFASRHQNx1_ASAP7_75t_R) 1343.84 1493.63 -149.79 (VIOLATED)
u_e.g_mac[1].g_tr2.u_tree.held[0][14]$_DFFE_PP_/D (DFFHQNx1_ASAP7_75t_R) 1373.85 1523.63 -149.78 (VIOLATED)
u_e.g_mac[1].g_tr2.u_tree.held[10][22]$_DFFE_PP_/D (DFFHQNx1_ASAP7_75t_R) 1380.38 1530.14 -149.76 (VIOLATED)
u_e.wA[14]$_DFFE_PP_/D (DFFHQNx1_ASAP7_75t_R) 1411.51 1561.26 -149.75 (VIOLATED)
u_e.g_mac[1].g_tr2.u_tree.held[36][12]$_DFFE_PP_/D (DFFHQNx1_ASAP7_75t_R) 1360.00 1509.74 -149.74 (VIOLATED)
u_e.g_mac[1].g_tr2.u_tree.held[67][27]$_DFFE_PP_/D (DFFHQNx1_ASAP7_75t_R) 1378.89 1528.63 -149.73 (VIOLATED)
u_e.wB[14]$_DFFE_PP_/D (DFFHQNx1_ASAP7_75t_R) 1409.99 1559.71 -149.72 (VIOLATED)
u_e.g_mac[1].g_tr2.u_tree.held[20][11]$_DFFE_PP_/D (DFFHQNx1_ASAP7_75t_R) 1359.05 1508.77 -149.72 (VIOLATED)
u_e.wA[13]$_DFFE_PP_/D (DFFHQNx1_ASAP7_75t_R) 1411.54 1561.24 -149.70 (VIOLATED)
u_e.g_mac[1].g_tr2.u_tree.held[63][22]$_DFFE_PP_/D (DFFHQNx1_ASAP7_75t_R) 1373.16 1522.85 -149.69 (VIOLATED)
u_e.g_mac[1].g_tr2.u_tree.held[55][14]$_DFFE_PP_/D (DFFHQNx1_ASAP7_75t_R) 1379.75 1529.41 -149.66 (VIOLATED)
u_e.g_mac[1].g_tr2.u_tree.held[29][3]$_DFFE_PP_/D (DFFHQNx1_ASAP7_75t_R) 1362.90 1512.53 -149.62 (VIOLATED)
u_e.g_mac[1].g_tr2.u_tree.held[0][22]$_DFFE_PP_/D (DFFHQNx1_ASAP7_75t_R) 1372.96 1522.58 -149.62 (VIOLATED)
u_e.g_mac[1].g_tr2.u_tree.held[35][21]$_DFFE_PP_/D (DFFHQNx1_ASAP7_75t_R) 1373.52 1523.10 -149.58 (VIOLATED)
u_e.g_mac[1].g_tr2.u_tree.held[0][1]$_DFFE_PP_/D (DFFHQNx1_ASAP7_75t_R) 1362.29 1511.86 -149.57 (VIOLATED)
u_e.g_mac[1].g_tr2.u_tree.held[63][14]$_DFFE_PP_/D (DFFHQNx1_ASAP7_75t_R) 1381.70 1531.25 -149.55 (VIOLATED)
u_e.g_mac[1].g_tr2.u_tree.held[12][22]$_DFFE_PP_/D (DFFHQNx1_ASAP7_75t_R) 1366.54 1516.06 -149.51 (VIOLATED)
u_e.g_mac[1].g_l2.u_l0.p1_p[15][7]$_DFF_P_/D (DFFHQNx1_ASAP7_75t_R) 1360.37 1509.87 -149.49 (VIOLATED)
u_e.g_mac[1].g_tr2.u_tree.held[56][16]$_DFFE_PP_/D (DFFHQNx1_ASAP7_75t_R) 1357.64 1507.12 -149.49 (VIOLATED)
u_e.g_mac[1].g_tr2.u_tree.held[12][23]$_DFFE_PP_/D (DFFHQNx1_ASAP7_75t_R) 1355.42 1504.90 -149.47 (VIOLATED)
u_e.g_mac[1].g_tr2.u_tree.held[42][25]$_DFFE_PP_/D (DFFHQNx1_ASAP7_75t_R) 1373.08 1522.54 -149.46 (VIOLATED)
u_e.g_mac[1].g_tr2.u_tree.held[42][23]$_DFFE_PP_/D (DFFHQNx1_ASAP7_75t_R) 1371.77 1521.23 -149.46 (VIOLATED)
u_e.wA[40]$_DFFE_PP_/D (DFFHQNx1_ASAP7_75t_R) 1411.37 1560.83 -149.46 (VIOLATED)
u_e.g_mac[1].g_tr2.u_tree.held[52][4]$_DFFE_PP_/D (DFFHQNx1_ASAP7_75t_R) 1364.07 1513.50 -149.43 (VIOLATED)
u_e.wB[9]$_DFFE_PP_/D (DFFHQNx1_ASAP7_75t_R) 1411.41 1560.81 -149.40 (VIOLATED)
u_e.g_mac[0].g_l2.u_l0.p1_p[11][7]$_DFF_P_/D (DFFHQNx1_ASAP7_75t_R) 1379.81 1529.21 -149.40 (VIOLATED)
u_e.g_mac[1].g_tr2.u_tree.held[39][4]$_DFFE_PP_/D (DFFHQNx1_ASAP7_75t_R) 1358.29 1507.68 -149.39 (VIOLATED)
u_e.g_mac[1].g_tr2.u_tree.held[42][21]$_DFFE_PP_/D (DFFHQNx1_ASAP7_75t_R) 1367.48 1516.85 -149.37 (VIOLATED)
u_e.g_mac[1].g_tr2.u_tree.held[40][0]$_DFFE_PP_/D (DFFHQNx1_ASAP7_75t_R) 1359.45 1508.78 -149.33 (VIOLATED)
u_e.g_mac[1].g_tr2.u_tree.held[20][13]$_DFFE_PP_/D (DFFHQNx1_ASAP7_75t_R) 1371.57 1520.85 -149.28 (VIOLATED)
u_e.g_mac[1].g_tr2.u_tree.held[66][0]$_DFFE_PP_/D (DFFHQNx1_ASAP7_75t_R) 1361.21 1510.48 -149.26 (VIOLATED)
u_e.g_mac[1].g_tr2.u_tree.held[20][15]$_DFFE_PP_/D (DFFHQNx1_ASAP7_75t_R) 1372.58 1521.83 -149.26 (VIOLATED)
u_e.g_mac[1].g_l2.u_l0.p1_p[16][7]$_DFF_P_/D (DFFHQNx1_ASAP7_75t_R) 1373.18 1522.43 -149.25 (VIOLATED)
u_e.g_mac[1].g_tr2.u_tree.infl[8][3]$_DFF_PN0_/D (DFFASRHQNx1_ASAP7_75t_R) 1367.44 1516.69 -149.25 (VIOLATED)
u_e.g_mac[1].g_tr2.u_tree.held[20][27]$_DFFE_PP_/D (DFFHQNx1_ASAP7_75t_R) 1380.20 1529.42 -149.22 (VIOLATED)
u_e.g_mac[1].g_tr2.u_tree.held[0][26]$_DFFE_PP_/D (DFFHQNx1_ASAP7_75t_R) 1374.42 1523.58 -149.17 (VIOLATED)
u_e.g_mac[1].g_tr2.u_tree.held[20][25]$_DFFE_PP_/D (DFFHQNx1_ASAP7_75t_R) 1372.53 1521.65 -149.12 (VIOLATED)
u_e.g_mac[1].g_tr2.u_tree.held[12][18]$_DFFE_PP_/D (DFFHQNx1_ASAP7_75t_R) 1355.55 1504.67 -149.12 (VIOLATED)
u_e.g_mac[1].g_tr2.u_tree.held[49][27]$_DFFE_PP_/D (DFFHQNx1_ASAP7_75t_R) 1367.67 1516.77 -149.10 (VIOLATED)
u_e.wB[10]$_DFFE_PP_/D (DFFHQNx1_ASAP7_75t_R) 1411.53 1560.61 -149.08 (VIOLATED)
u_e.g_mac[1].g_tr2.u_tree.held[23][28]$_DFFE_PP_/D (DFFHQNx1_ASAP7_75t_R) 1367.65 1516.73 -149.07 (VIOLATED)
u_e.g_mac[1].g_tr2.u_tree.held[43][7]$_DFFE_PP_/D (DFFHQNx1_ASAP7_75t_R) 1358.27 1507.34 -149.06 (VIOLATED)
u_e.g_mac[1].g_tr2.u_tree.held[10][18]$_DFFE_PP_/D (DFFHQNx1_ASAP7_75t_R) 1381.98 1531.03 -149.05 (VIOLATED)
u_e.wA[8]$_DFFE_PP_/D (DFFHQNx1_ASAP7_75t_R) 1411.58 1560.59 -149.01 (VIOLATED)
u_e.g_mac[1].g_tr2.u_tree.held[15][18]$_DFFE_PP_/D (DFFHQNx1_ASAP7_75t_R) 1381.62 1530.62 -149.00 (VIOLATED)
u_e.g_mac[1].g_tr2.u_tree.held[67][3]$_DFFE_PP_/D (DFFHQNx1_ASAP7_75t_R) 1356.40 1505.40 -148.99 (VIOLATED)
u_e.g_mac[1].g_tr2.u_tree.held[36][3]$_DFFE_PP_/D (DFFHQNx1_ASAP7_75t_R) 1362.97 1511.91 -148.95 (VIOLATED)
u_e.g_mac[0].g_l2.u_l0.p1_p[6][7]$_DFF_P_/D (DFFHQNx1_ASAP7_75t_R) 1379.95 1528.89 -148.94 (VIOLATED)
u_e.g_mac[1].g_tr2.u_tree.held[68][6]$_DFFE_PP_/D (DFFHQNx1_ASAP7_75t_R) 1357.98 1506.91 -148.93 (VIOLATED)
u_e.g_mac[1].g_tr2.u_tree.held[76][19]$_DFFE_PP_/D (DFFHQNx1_ASAP7_75t_R) 1372.76 1521.67 -148.91 (VIOLATED)
u_e.g_mac[1].g_tr2.u_tree.held[66][21]$_DFFE_PP_/D (DFFHQNx1_ASAP7_75t_R) 1375.62 1524.50 -148.87 (VIOLATED)
u_e.g_mac[1].g_tr2.u_tree.held[36][4]$_DFFE_PP_/D (DFFHQNx1_ASAP7_75t_R) 1358.90 1507.76 -148.86 (VIOLATED)
u_e.g_mac[1].g_tr2.u_tree.held[13][22]$_DFFE_PP_/D (DFFHQNx1_ASAP7_75t_R) 1367.73 1516.56 -148.82 (VIOLATED)
u_e.g_mac[1].g_tr2.u_tree.held[37][8]$_DFFE_PP_/D (DFFHQNx1_ASAP7_75t_R) 1357.49 1506.29 -148.80 (VIOLATED)
u_e.g_mac[0].g_tr2.u_tree.infl[1][2]$_DFF_PN0_/D (DFFASRHQNx1_ASAP7_75t_R) 1431.45 1580.22 -148.77 (VIOLATED)
u_e.g_mac[1].g_tr2.u_tree.held[0][12]$_DFFE_PP_/D (DFFHQNx1_ASAP7_75t_R) 1356.42 1505.19 -148.77 (VIOLATED)
u_e.g_mac[0].g_l2.u_l0.p1_p[6][6]$_DFF_P_/D (DFFHQNx1_ASAP7_75t_R) 1379.52 1528.26 -148.74 (VIOLATED)
u_e.g_mac[1].g_tr2.u_tree.held[56][12]$_DFFE_PP_/D (DFFHQNx1_ASAP7_75t_R) 1359.72 1508.44 -148.72 (VIOLATED)
u_e.g_mac[1].g_tr2.u_tree.held[0][4]$_DFFE_PP_/D (DFFHQNx1_ASAP7_75t_R) 1363.44 1512.16 -148.72 (VIOLATED)
u_e.g_mac[0].g_l2.u_l0.p0_wq[241]$_DFF_P_/D (DFFHQNx1_ASAP7_75t_R) 1369.61 1518.24 -148.64 (VIOLATED)
u_e.g_mac[1].g_tr2.u_tree.held[49][6]$_DFFE_PP_/D (DFFHQNx1_ASAP7_75t_R) 1362.49 1511.11 -148.62 (VIOLATED)
u_e.g_mac[1].g_tr2.u_tree.held[0][25]$_DFFE_PP_/D (DFFHQNx1_ASAP7_75t_R) 1374.92 1523.52 -148.60 (VIOLATED)
u_e.g_mac[1].g_tr2.u_tree.held[37][15]$_DFFE_PP_/D (DFFHQNx1_ASAP7_75t_R) 1373.16 1521.74 -148.58 (VIOLATED)
u_e.g_mac[0].g_tr2.u_tree.infl[13][2]$_DFF_PN0_/D (DFFASRHQNx1_ASAP7_75t_R) 1425.22 1573.76 -148.54 (VIOLATED)
u_e.g_mac[1].g_tr2.u_tree.held[41][18]$_DFFE_PP_/D (DFFHQNx1_ASAP7_75t_R) 1381.63 1530.11 -148.48 (VIOLATED)
u_e.g_mac[1].g_tr2.u_tree.held[19][29]$_DFFE_PP_/D (DFFHQNx1_ASAP7_75t_R) 1372.48 1520.95 -148.48 (VIOLATED)
u_e.g_mac[1].g_tr2.u_tree.held[43][4]$_DFFE_PP_/D (DFFHQNx1_ASAP7_75t_R) 1359.94 1508.40 -148.46 (VIOLATED)
u_e.g_mac[1].g_tr2.u_tree.held[37][20]$_DFFE_PP_/D (DFFHQNx1_ASAP7_75t_R) 1373.08 1521.54 -148.45 (VIOLATED)
u_e.g_mac[1].g_tr2.u_tree.held[22][11]$_DFFE_PP_/D (DFFHQNx1_ASAP7_75t_R) 1359.02 1507.42 -148.39 (VIOLATED)
u_e.g_mac[1].g_tr2.u_tree.held[37][21]$_DFFE_PP_/D (DFFHQNx1_ASAP7_75t_R) 1373.27 1521.59 -148.32 (VIOLATED)
u_e.g_mac[1].g_tr2.u_tree.held[42][20]$_DFFE_PP_/D (DFFHQNx1_ASAP7_75t_R) 1371.87 1520.18 -148.31 (VIOLATED)
u_e.g_mac[1].g_tr2.u_tree.infl[4][3]$_DFF_PN0_/D (DFFASRHQNx1_ASAP7_75t_R) 1371.11 1519.41 -148.30 (VIOLATED)
u_e.g_mac[1].g_tr2.u_tree.held[6][19]$_DFFE_PP_/D (DFFHQNx1_ASAP7_75t_R) 1379.14 1527.40 -148.27 (VIOLATED)
u_e.g_mac[1].g_tr2.u_tree.have[33]$_DFFE_PN0P_/D (DFFASRHQNx1_ASAP7_75t_R) 1344.95 1493.21 -148.26 (VIOLATED)
u_e.g_mac[1].g_tr2.u_tree.held[76][29]$_DFFE_PP_/D (DFFHQNx1_ASAP7_75t_R) 1373.53 1521.70 -148.17 (VIOLATED)
u_e.g_mac[1].g_tr2.u_tree.held[20][5]$_DFFE_PP_/D (DFFHQNx1_ASAP7_75t_R) 1357.83 1506.00 -148.16 (VIOLATED)
u_e.g_mac[1].g_tr2.u_tree.herr[33]$_DFFE_PN0P_/D (DFFASRHQNx1_ASAP7_75t_R) 1344.44 1492.60 -148.16 (VIOLATED)
u_e.g_mac[1].g_tr2.u_tree.held[42][15]$_DFFE_PP_/D (DFFHQNx1_ASAP7_75t_R) 1372.78 1520.92 -148.15 (VIOLATED)
u_e.g_mac[1].g_tr2.u_tree.held[74][30]$_DFFE_PP_/D (DFFHQNx1_ASAP7_75t_R) 1380.25 1528.38 -148.13 (VIOLATED)
u_e.g_mac[1].g_tr2.u_tree.held[48][19]$_DFFE_PP_/D (DFFHQNx1_ASAP7_75t_R) 1372.68 1520.81 -148.12 (VIOLATED)
u_e.fw_v$_DFF_PN0_/D (DFFASRHQNx1_ASAP7_75t_R) 1355.05 1503.16 -148.11 (VIOLATED)
u_e.g_mac[1].g_tr2.u_tree.have[54]$_DFFE_PN0P_/D (DFFASRHQNx1_ASAP7_75t_R) 1345.27 1493.38 -148.10 (VIOLATED)
u_e.g_mac[1].g_tr2.u_tree.herr[36]$_DFFE_PN0P_/D (DFFASRHQNx1_ASAP7_75t_R) 1355.14 1503.23 -148.09 (VIOLATED)
u_e.g_mac[1].g_tr2.u_tree.herr[68]$_DFFE_PN0P_/D (DFFASRHQNx1_ASAP7_75t_R) 1344.52 1492.59 -148.07 (VIOLATED)
u_e.g_mac[1].g_tr2.u_tree.herr[49]$_DFFE_PN0P_/D (DFFASRHQNx1_ASAP7_75t_R) 1346.14 1494.18 -148.05 (VIOLATED)
u_e.g_mac[1].g_tr2.u_tree.held[20][9]$_DFFE_PP_/D (DFFHQNx1_ASAP7_75t_R) 1356.88 1504.92 -148.04 (VIOLATED)
u_e.g_mac[1].g_tr2.u_tree.held[30][14]$_DFFE_PP_/D (DFFHQNx1_ASAP7_75t_R) 1374.09 1522.09 -148.00 (VIOLATED)
u_e.g_mac[1].g_tr2.u_tree.held[13][19]$_DFFE_PP_/D (DFFHQNx1_ASAP7_75t_R) 1373.13 1521.13 -148.00 (VIOLATED)
u_e.g_mac[1].g_tr2.u_tree.held[67][31]$_DFFE_PP_/D (DFFHQNx1_ASAP7_75t_R) 1358.85 1506.84 -147.99 (VIOLATED)
u_e.g_mac[1].g_tr2.u_tree.held[74][29]$_DFFE_PP_/D (DFFHQNx1_ASAP7_75t_R) 1378.52 1526.51 -147.99 (VIOLATED)
u_e.g_mac[1].g_tr2.u_tree.held[52][24]$_DFFE_PP_/D (DFFHQNx1_ASAP7_75t_R) 1374.73 1522.71 -147.98 (VIOLATED)
u_e.g_mac[0].g_l2.u_l0.p1_p[19][6]$_DFF_P_/D (DFFHQNx1_ASAP7_75t_R) 1365.73 1513.64 -147.91 (VIOLATED)
u_e.g_mac[1].g_tr2.u_tree.held[33][27]$_DFFE_PP_/D (DFFHQNx1_ASAP7_75t_R) 1366.15 1514.04 -147.89 (VIOLATED)
u_e.g_mac[1].g_tr2.u_tree.held[22][31]$_DFFE_PP_/D (DFFHQNx1_ASAP7_75t_R) 1359.40 1507.25 -147.86 (VIOLATED)
u_e.g_mac[1].g_tr2.u_tree.have[77]$_DFFE_PN0P_/D (DFFASRHQNx1_ASAP7_75t_R) 1364.02 1511.84 -147.82 (VIOLATED)
u_e.g_mac[1].g_tr2.u_tree.held[26][23]$_DFFE_PP_/D (DFFHQNx1_ASAP7_75t_R) 1372.46 1520.28 -147.82 (VIOLATED)
u_e.g_mac[1].g_tr2.u_tree.held[41][30]$_DFFE_PP_/D (DFFHQNx1_ASAP7_75t_R) 1378.80 1526.58 -147.78 (VIOLATED)
u_e.g_mac[1].g_tr2.u_tree.held[63][20]$_DFFE_PP_/D (DFFHQNx1_ASAP7_75t_R) 1374.31 1522.09 -147.78 (VIOLATED)
u_e.g_mac[1].g_tr2.u_tree.held[67][6]$_DFFE_PP_/D (DFFHQNx1_ASAP7_75t_R) 1355.03 1502.80 -147.78 (VIOLATED)
u_e.g_mac[1].g_tr2.u_tree.held[30][29]$_DFFE_PP_/D (DFFHQNx1_ASAP7_75t_R) 1373.93 1521.67 -147.74 (VIOLATED)
u_e.g_mac[1].g_tr2.u_tree.held[25][8]$_DFFE_PP_/D (DFFHQNx1_ASAP7_75t_R) 1362.34 1510.07 -147.73 (VIOLATED)
u_e.g_mac[1].g_tr2.u_tree.held[67][12]$_DFFE_PP_/D (DFFHQNx1_ASAP7_75t_R) 1357.49 1505.20 -147.71 (VIOLATED)
u_e.g_mac[1].g_tr2.u_tree.held[45][21]$_DFFE_PP_/D (DFFHQNx1_ASAP7_75t_R) 1377.54 1525.24 -147.70 (VIOLATED)
u_e.g_mac[1].g_tr2.u_tree.held[69][3]$_DFFE_PP_/D (DFFHQNx1_ASAP7_75t_R) 1356.47 1504.17 -147.70 (VIOLATED)
u_e.g_mac[1].g_tr2.u_tree.held[49][19]$_DFFE_PP_/D (DFFHQNx1_ASAP7_75t_R) 1378.72 1526.42 -147.69 (VIOLATED)
u_e.g_mac[1].g_tr2.u_tree.held[53][13]$_DFFE_PP_/D (DFFHQNx1_ASAP7_75t_R) 1372.41 1520.10 -147.69 (VIOLATED)
u_e.g_mac[1].g_tr2.u_tree.held[59][12]$_DFFE_PP_/D (DFFHQNx1_ASAP7_75t_R) 1359.08 1506.74 -147.67 (VIOLATED)
u_e.g_mac[0].g_l2.u_l0.p1_p[5][7]$_DFF_P_/D (DFFHQNx1_ASAP7_75t_R) 1392.28 1539.90 -147.62 (VIOLATED)
u_e.g_mac[1].g_tr2.u_tree.held[20][12]$_DFFE_PP_/D (DFFHQNx1_ASAP7_75t_R) 1359.22 1506.81 -147.59 (VIOLATED)
u_e.g_mac[0].g_tr2.u_tree.infl[7][2]$_DFF_PN0_/D (DFFASRHQNx1_ASAP7_75t_R) 1416.32 1563.89 -147.57 (VIOLATED)
u_e.g_mac[1].g_tr2.u_tree.held[29][13]$_DFFE_PP_/D (DFFHQNx1_ASAP7_75t_R) 1356.30 1503.86 -147.56 (VIOLATED)
u_e.g_mac[1].g_tr2.u_tree.held[25][7]$_DFFE_PP_/D (DFFHQNx1_ASAP7_75t_R) 1358.36 1505.89 -147.53 (VIOLATED)
u_e.g_mac[1].g_tr2.u_tree.held[45][14]$_DFFE_PP_/D (DFFHQNx1_ASAP7_75t_R) 1380.52 1528.02 -147.51 (VIOLATED)
u_e.g_mac[1].g_tr2.u_tree.herr[66]$_DFFE_PN0P_/D (DFFASRHQNx1_ASAP7_75t_R) 1342.79 1490.28 -147.49 (VIOLATED)
u_e.g_mac[1].g_tr2.u_tree.held[35][26]$_DFFE_PP_/D (DFFHQNx1_ASAP7_75t_R) 1381.87 1529.36 -147.48 (VIOLATED)
u_e.g_mac[1].g_tr2.u_tree.held[76][26]$_DFFE_PP_/D (DFFHQNx1_ASAP7_75t_R) 1372.44 1519.93 -147.48 (VIOLATED)
u_e.g_mac[1].g_tr2.u_tree.held[52][20]$_DFFE_PP_/D (DFFHQNx1_ASAP7_75t_R) 1373.97 1521.44 -147.46 (VIOLATED)
u_e.g_mac[1].g_tr2.u_tree.held[22][10]$_DFFE_PP_/D (DFFHQNx1_ASAP7_75t_R) 1358.56 1506.02 -147.46 (VIOLATED)
u_e.g_mac[1].g_tr2.u_tree.held[77][0]$_DFFE_PP_/D (DFFHQNx1_ASAP7_75t_R) 1362.88 1510.33 -147.45 (VIOLATED)
u_e.g_mac[1].g_tr2.u_tree.herr[52]$_DFFE_PN0P_/D (DFFASRHQNx1_ASAP7_75t_R) 1343.60 1491.02 -147.41 (VIOLATED)
u_e.g_mac[1].g_tr2.u_tree.held[49][28]$_DFFE_PP_/D (DFFHQNx1_ASAP7_75t_R) 1377.50 1524.89 -147.39 (VIOLATED)
u_e.g_mac[1].g_tr2.u_tree.held[37][23]$_DFFE_PP_/D (DFFHQNx1_ASAP7_75t_R) 1372.68 1520.06 -147.38 (VIOLATED)
u_e.g_mac[1].g_tr2.u_tree.held[59][17]$_DFFE_PP_/D (DFFHQNx1_ASAP7_75t_R) 1359.01 1506.39 -147.38 (VIOLATED)
u_e.g_mac[1].g_tr2.u_tree.held[49][24]$_DFFE_PP_/D (DFFHQNx1_ASAP7_75t_R) 1374.67 1522.04 -147.37 (VIOLATED)
u_e.g_mac[0].g_tr2.u_tree.h_p[1]$_DFF_P_/D (DFFHQNx1_ASAP7_75t_R) 1362.72 1510.06 -147.34 (VIOLATED)
u_e.g_mac[1].g_tr2.u_tree.held[25][18]$_DFFE_PP_/D (DFFHQNx1_ASAP7_75t_R) 1370.34 1517.66 -147.33 (VIOLATED)
u_e.g_mac[0].g_l2.u_l0.p1_p[31][7]$_DFF_P_/D (DFFHQNx1_ASAP7_75t_R) 1381.49 1528.78 -147.29 (VIOLATED)
u_e.wB[8]$_DFFE_PP_/D (DFFHQNx1_ASAP7_75t_R) 1411.90 1559.17 -147.27 (VIOLATED)
u_e.g_mac[0].g_tr2.u_tree.h_v[0]$_DFF_P_/D (DFFHQNx1_ASAP7_75t_R) 1367.27 1514.54 -147.27 (VIOLATED)
u_e.g_mac[1].g_tr2.u_tree.held[40][17]$_DFFE_PP_/D (DFFHQNx1_ASAP7_75t_R) 1380.66 1527.92 -147.25 (VIOLATED)
u_e.g_mac[1].g_tr2.u_tree.held[43][11]$_DFFE_PP_/D (DFFHQNx1_ASAP7_75t_R) 1358.98 1506.17 -147.18 (VIOLATED)
u_e.g_mac[1].g_tr2.u_tree.held[46][6]$_DFFE_PP_/D (DFFHQNx1_ASAP7_75t_R) 1362.26 1509.44 -147.18 (VIOLATED)
u_e.g_mac[1].g_l2.u_l0.p1_p[12][6]$_DFF_P_/D (DFFHQNx1_ASAP7_75t_R) 1374.19 1521.36 -147.17 (VIOLATED)
u_e.g_mac[1].g_tr2.u_tree.held[22][7]$_DFFE_PP_/D (DFFHQNx1_ASAP7_75t_R) 1358.68 1505.83 -147.15 (VIOLATED)
u_e.g_mac[1].g_tr2.u_tree.held[34][28]$_DFFE_PP_/D (DFFHQNx1_ASAP7_75t_R) 1377.24 1524.37 -147.13 (VIOLATED)
u_e.g_mac[1].g_tr2.u_tree.held[36][15]$_DFFE_PP_/D (DFFHQNx1_ASAP7_75t_R) 1371.34 1518.47 -147.13 (VIOLATED)
u_e.g_mac[1].g_tr2.u_tree.held[25][20]$_DFFE_PP_/D (DFFHQNx1_ASAP7_75t_R) 1373.60 1520.71 -147.11 (VIOLATED)
u_e.g_mac[1].g_tr2.u_tree.held[45][22]$_DFFE_PP_/D (DFFHQNx1_ASAP7_75t_R) 1380.84 1527.94 -147.11 (VIOLATED)
u_e.g_mac[1].g_tr2.u_tree.held[36][23]$_DFFE_PP_/D (DFFHQNx1_ASAP7_75t_R) 1371.21 1518.32 -147.10 (VIOLATED)
u_e.g_mac[1].g_tr2.u_tree.held[35][25]$_DFFE_PP_/D (DFFHQNx1_ASAP7_75t_R) 1382.22 1529.32 -147.10 (VIOLATED)
u_e.g_mac[1].g_tr2.u_tree.held[68][1]$_DFFE_PP_/D (DFFHQNx1_ASAP7_75t_R) 1358.31 1505.42 -147.10 (VIOLATED)
u_e.g_mac[1].g_tr2.u_tree.held[33][29]$_DFFE_PP_/D (DFFHQNx1_ASAP7_75t_R) 1366.21 1513.30 -147.09 (VIOLATED)
u_e.g_mac[1].g_tr2.u_tree.held[52][5]$_DFFE_PP_/D (DFFHQNx1_ASAP7_75t_R) 1357.69 1504.76 -147.07 (VIOLATED)
u_e.g_mac[1].g_tr2.u_tree.held[29][16]$_DFFE_PP_/D (DFFHQNx1_ASAP7_75t_R) 1356.68 1503.75 -147.07 (VIOLATED)
u_e.g_mac[1].g_tr2.u_tree.held[52][6]$_DFFE_PP_/D (DFFHQNx1_ASAP7_75t_R) 1359.57 1506.58 -147.01 (VIOLATED)
u_e.g_mac[1].g_tr2.u_tree.held[59][5]$_DFFE_PP_/D (DFFHQNx1_ASAP7_75t_R) 1359.25 1506.23 -146.98 (VIOLATED)
u_e.g_mac[1].g_tr2.u_tree.held[26][20]$_DFFE_PP_/D (DFFHQNx1_ASAP7_75t_R) 1372.66 1519.64 -146.97 (VIOLATED)
u_e.g_mac[1].g_tr2.u_tree.held[69][8]$_DFFE_PP_/D (DFFHQNx1_ASAP7_75t_R) 1356.38 1503.33 -146.95 (VIOLATED)
u_e.g_mac[1].g_tr2.u_tree.held[36][20]$_DFFE_PP_/D (DFFHQNx1_ASAP7_75t_R) 1371.73 1518.67 -146.94 (VIOLATED)
u_e.g_mac[1].g_tr2.u_tree.held[35][29]$_DFFE_PP_/D (DFFHQNx1_ASAP7_75t_R) 1381.14 1528.08 -146.94 (VIOLATED)
u_e.g_mac[1].g_tr2.u_tree.held[42][13]$_DFFE_PP_/D (DFFHQNx1_ASAP7_75t_R) 1372.64 1519.56 -146.92 (VIOLATED)
u_e.g_mac[1].g_tr2.u_tree.held[49][21]$_DFFE_PP_/D (DFFHQNx1_ASAP7_75t_R) 1367.01 1513.90 -146.90 (VIOLATED)
u_e.g_mac[1].g_tr2.u_tree.held[35][24]$_DFFE_PP_/D (DFFHQNx1_ASAP7_75t_R) 1382.35 1529.23 -146.89 (VIOLATED)
u_e.g_mac[1].g_tr2.u_tree.held[45][18]$_DFFE_PP_/D (DFFHQNx1_ASAP7_75t_R) 1381.35 1528.22 -146.87 (VIOLATED)
u_e.g_mac[1].g_tr2.u_tree.held[59][16]$_DFFE_PP_/D (DFFHQNx1_ASAP7_75t_R) 1358.32 1505.17 -146.86 (VIOLATED)
u_e.g_mac[1].g_tr2.u_tree.held[6][14]$_DFFE_PP_/D (DFFHQNx1_ASAP7_75t_R) 1370.71 1517.56 -146.86 (VIOLATED)
u_e.g_mac[1].g_tr2.u_tree.held[3][16]$_DFFE_PP_/D (DFFHQNx1_ASAP7_75t_R) 1356.63 1503.38 -146.75 (VIOLATED)
u_e.g_mac[1].g_tr2.u_tree.held[41][19]$_DFFE_PP_/D (DFFHQNx1_ASAP7_75t_R) 1379.15 1525.89 -146.74 (VIOLATED)
u_e.g_mac[1].g_tr2.u_tree.held[20][16]$_DFFE_PP_/D (DFFHQNx1_ASAP7_75t_R) 1358.49 1505.21 -146.72 (VIOLATED)
u_e.g_mac[1].g_tr2.u_tree.held[62][3]$_DFFE_PP_/D (DFFHQNx1_ASAP7_75t_R) 1356.37 1503.08 -146.72 (VIOLATED)
u_e.g_mac[1].g_tr2.u_tree.held[42][24]$_DFFE_PP_/D (DFFHQNx1_ASAP7_75t_R) 1372.86 1519.58 -146.71 (VIOLATED)
u_e.g_mac[1].g_tr2.u_tree.held[67][11]$_DFFE_PP_/D (DFFHQNx1_ASAP7_75t_R) 1358.94 1505.63 -146.69 (VIOLATED)
u_e.g_mac[1].g_tr2.u_tree.held[0][11]$_DFFE_PP_/D (DFFHQNx1_ASAP7_75t_R) 1359.20 1505.89 -146.68 (VIOLATED)
u_e.g_mac[1].g_tr2.u_tree.held[33][30]$_DFFE_PP_/D (DFFHQNx1_ASAP7_75t_R) 1366.06 1512.70 -146.65 (VIOLATED)
u_e.g_mac[1].g_l2.u_l0.p1_p[23][7]$_DFF_P_/D (DFFHQNx1_ASAP7_75t_R) 1358.88 1505.51 -146.63 (VIOLATED)
u_e.g_mac[1].g_tr2.u_tree.held[79][25]$_DFFE_PP_/D (DFFHQNx1_ASAP7_75t_R) 1372.62 1519.25 -146.62 (VIOLATED)
u_e.g_mac[1].g_tr2.u_tree.have[6]$_DFFE_PN0P_/D (DFFASRHQNx1_ASAP7_75t_R) 1362.21 1508.83 -146.61 (VIOLATED)
u_e.g_mac[1].g_tr2.u_tree.held[43][2]$_DFFE_PP_/D (DFFHQNx1_ASAP7_75t_R) 1358.74 1505.35 -146.61 (VIOLATED)
u_e.g_mac[1].g_tr2.u_tree.held[14][26]$_DFFE_PP_/D (DFFHQNx1_ASAP7_75t_R) 1382.02 1528.62 -146.60 (VIOLATED)
u_e.g_mac[1].g_tr2.u_tree.held[49][26]$_DFFE_PP_/D (DFFHQNx1_ASAP7_75t_R) 1379.79 1526.38 -146.59 (VIOLATED)
u_e.g_mac[1].g_tr2.u_tree.held[68][7]$_DFFE_PP_/D (DFFHQNx1_ASAP7_75t_R) 1358.60 1505.13 -146.53 (VIOLATED)
u_e.g_mac[1].g_tr2.u_tree.held[75][25]$_DFFE_PP_/D (DFFHQNx1_ASAP7_75t_R) 1373.23 1519.75 -146.52 (VIOLATED)
u_e.g_mac[1].g_tr2.u_tree.held[9][6]$_DFFE_PP_/D (DFFHQNx1_ASAP7_75t_R) 1362.29 1508.79 -146.50 (VIOLATED)
u_e.g_mac[1].g_tr2.u_tree.held[49][25]$_DFFE_PP_/D (DFFHQNx1_ASAP7_75t_R) 1379.75 1526.25 -146.50 (VIOLATED)
u_e.g_mac[1].g_tr2.u_tree.held[59][1]$_DFFE_PP_/D (DFFHQNx1_ASAP7_75t_R) 1362.76 1509.25 -146.49 (VIOLATED)
u_e.g_mac[1].g_tr2.u_tree.held[53][23]$_DFFE_PP_/D (DFFHQNx1_ASAP7_75t_R) 1373.48 1519.87 -146.39 (VIOLATED)
u_e.g_mac[1].g_tr2.u_tree.held[43][31]$_DFFE_PP_/D (DFFHQNx1_ASAP7_75t_R) 1358.95 1505.34 -146.39 (VIOLATED)
u_e.g_mac[1].g_tr2.u_tree.held[22][0]$_DFFE_PP_/D (DFFHQNx1_ASAP7_75t_R) 1358.69 1505.08 -146.39 (VIOLATED)
u_e.g_mac[1].g_tr2.u_tree.held[79][22]$_DFFE_PP_/D (DFFHQNx1_ASAP7_75t_R) 1366.77 1513.16 -146.38 (VIOLATED)
u_e.g_mac[1].g_tr2.u_tree.held[43][6]$_DFFE_PP_/D (DFFHQNx1_ASAP7_75t_R) 1359.33 1505.69 -146.35 (VIOLATED)
u_e.g_mac[1].g_tr2.u_tree.held[1][18]$_DFFE_PP_/D (DFFHQNx1_ASAP7_75t_R) 1380.79 1527.13 -146.34 (VIOLATED)
u_e.g_mac[1].g_tr2.u_tree.held[35][19]$_DFFE_PP_/D (DFFHQNx1_ASAP7_75t_R) 1378.65 1524.97 -146.32 (VIOLATED)
u_e.g_mac[1].g_tr2.u_tree.held[19][27]$_DFFE_PP_/D (DFFHQNx1_ASAP7_75t_R) 1366.27 1512.55 -146.28 (VIOLATED)
u_e.g_mac[1].g_tr2.u_tree.held[25][23]$_DFFE_PP_/D (DFFHQNx1_ASAP7_75t_R) 1371.78 1518.06 -146.28 (VIOLATED)
u_e.g_mac[1].g_tr2.u_tree.held[20][10]$_DFFE_PP_/D (DFFHQNx1_ASAP7_75t_R) 1358.71 1504.99 -146.27 (VIOLATED)
u_e.g_mac[1].g_tr2.u_tree.held[6][18]$_DFFE_PP_/D (DFFHQNx1_ASAP7_75t_R) 1372.01 1518.27 -146.26 (VIOLATED)
u_e.g_mac[1].g_tr2.u_tree.held[74][19]$_DFFE_PP_/D (DFFHQNx1_ASAP7_75t_R) 1379.87 1526.12 -146.25 (VIOLATED)
u_e.g_mac[1].g_l2.u_l0.p1_p[31][6]$_DFF_P_/D (DFFHQNx1_ASAP7_75t_R) 1365.46 1511.68 -146.22 (VIOLATED)
u_e.g_mac[1].g_tr2.u_tree.held[74][25]$_DFFE_PP_/D (DFFHQNx1_ASAP7_75t_R) 1380.20 1526.42 -146.22 (VIOLATED)
u_e.g_mac[1].g_l2.u_l0.p1_p[16][6]$_DFF_P_/D (DFFHQNx1_ASAP7_75t_R) 1374.37 1520.58 -146.21 (VIOLATED)
u_e.g_mac[1].g_tr2.u_tree.have[31]$_DFFE_PN0P_/D (DFFASRHQNx1_ASAP7_75t_R) 1363.22 1509.40 -146.18 (VIOLATED)
u_e.g_mac[1].g_tr2.u_tree.held[79][4]$_DFFE_PP_/D (DFFHQNx1_ASAP7_75t_R) 1358.64 1504.82 -146.18 (VIOLATED)
u_e.g_mac[1].g_tr2.u_tree.held[53][24]$_DFFE_PP_/D (DFFHQNx1_ASAP7_75t_R) 1374.80 1520.98 -146.17 (VIOLATED)
u_e.g_mac[1].g_tr2.u_tree.held[35][30]$_DFFE_PP_/D (DFFHQNx1_ASAP7_75t_R) 1381.44 1527.60 -146.16 (VIOLATED)
u_e.g_mac[1].g_tr2.u_tree.held[1][15]$_DFFE_PP_/D (DFFHQNx1_ASAP7_75t_R) 1379.85 1526.00 -146.14 (VIOLATED)
u_e.g_mac[1].g_tr2.u_tree.held[78][20]$_DFFE_PP_/D (DFFHQNx1_ASAP7_75t_R) 1372.45 1518.58 -146.14 (VIOLATED)
u_e.g_mac[1].g_tr2.u_tree.held[43][13]$_DFFE_PP_/D (DFFHQNx1_ASAP7_75t_R) 1355.28 1501.42 -146.13 (VIOLATED)
u_e.g_mac[1].g_tr2.u_tree.held[4][20]$_DFFE_PP_/D (DFFHQNx1_ASAP7_75t_R) 1372.58 1518.69 -146.11 (VIOLATED)
u_e.g_mac[1].g_tr2.u_tree.add_a[8]$_DFF_P_/D (DFFHQNx1_ASAP7_75t_R) 1365.53 1511.63 -146.10 (VIOLATED)
u_e.g_mac[1].g_tr2.u_tree.held[19][30]$_DFFE_PP_/D (DFFHQNx1_ASAP7_75t_R) 1366.06 1512.15 -146.10 (VIOLATED)
u_e.g_mac[1].g_tr2.u_tree.held[43][9]$_DFFE_PP_/D (DFFHQNx1_ASAP7_75t_R) 1355.33 1501.40 -146.07 (VIOLATED)
u_e.g_mac[1].g_tr2.u_tree.held[13][25]$_DFFE_PP_/D (DFFHQNx1_ASAP7_75t_R) 1372.93 1518.99 -146.06 (VIOLATED)
u_e.g_mac[1].g_tr2.u_tree.held[36][14]$_DFFE_PP_/D (DFFHQNx1_ASAP7_75t_R) 1370.87 1516.93 -146.06 (VIOLATED)
u_e.g_mac[1].g_tr2.u_tree.have[1]$_DFFE_PN0P_/D (DFFASRHQNx1_ASAP7_75t_R) 1344.12 1490.13 -146.01 (VIOLATED)
u_e.g_mac[1].g_tr2.u_tree.held[53][20]$_DFFE_PP_/D (DFFHQNx1_ASAP7_75t_R) 1374.17 1520.17 -146.00 (VIOLATED)
u_e.g_mac[1].g_tr2.u_tree.herr[58]$_DFFE_PN0P_/D (DFFASRHQNx1_ASAP7_75t_R) 1344.92 1490.91 -145.99 (VIOLATED)
u_e.g_mac[1].g_tr2.u_tree.held[38][4]$_DFFE_PP_/D (DFFHQNx1_ASAP7_75t_R) 1358.75 1504.72 -145.97 (VIOLATED)
u_e.g_mac[1].g_tr2.u_tree.held[15][1]$_DFFE_PP_/D (DFFHQNx1_ASAP7_75t_R) 1373.57 1519.41 -145.85 (VIOLATED)
u_e.g_mac[0].g_l2.u_l0.p0_wq[249]$_DFF_P_/D (DFFHQNx1_ASAP7_75t_R) 1398.01 1543.85 -145.84 (VIOLATED)
u_e.g_mac[1].g_ch2.u_c1.u_add.u_c8.g_r.r[23]$_DFF_P_/D (DFFHQNx2_ASAP7_75t_R) 1361.23 1507.07 -145.84 (VIOLATED)
u_e.g_mac[1].g_tr2.u_tree.held[13][1]$_DFFE_PP_/D (DFFHQNx1_ASAP7_75t_R) 1359.58 1505.33 -145.75 (VIOLATED)
u_e.g_mac[1].g_tr2.u_tree.held[19][28]$_DFFE_PP_/D (DFFHQNx1_ASAP7_75t_R) 1366.53 1512.27 -145.73 (VIOLATED)
u_e.g_mac[1].g_tr2.u_tree.held[74][21]$_DFFE_PP_/D (DFFHQNx1_ASAP7_75t_R) 1379.90 1525.63 -145.73 (VIOLATED)
u_e.g_mac[1].g_l2.u_l0.p1_p[29][5]$_DFF_P_/D (DFFHQNx1_ASAP7_75t_R) 1363.51 1509.23 -145.72 (VIOLATED)
u_e.g_mac[1].g_tr2.u_tree.held[68][0]$_DFFE_PP_/D (DFFHQNx1_ASAP7_75t_R) 1358.97 1504.69 -145.72 (VIOLATED)
u_e.g_mac[1].g_tr2.u_tree.held[30][25]$_DFFE_PP_/D (DFFHQNx1_ASAP7_75t_R) 1372.77 1518.49 -145.72 (VIOLATED)
u_e.g_mac[1].g_tr2.u_tree.held[24][1]$_DFFE_PP_/D (DFFHQNx1_ASAP7_75t_R) 1373.66 1519.34 -145.69 (VIOLATED)
u_e.g_mac[1].g_tr2.u_tree.held[30][20]$_DFFE_PP_/D (DFFHQNx1_ASAP7_75t_R) 1372.92 1518.59 -145.67 (VIOLATED)
u_e.g_mac[1].g_tr2.u_tree.held[41][29]$_DFFE_PP_/D (DFFHQNx1_ASAP7_75t_R) 1380.95 1526.60 -145.65 (VIOLATED)
u_e.g_mac[1].g_tr2.u_tree.held[42][3]$_DFFE_PP_/D (DFFHQNx1_ASAP7_75t_R) 1355.99 1501.63 -145.64 (VIOLATED)
u_e.g_mac[1].g_tr2.u_tree.held[33][19]$_DFFE_PP_/D (DFFHQNx1_ASAP7_75t_R) 1368.11 1513.75 -145.64 (VIOLATED)
u_e.g_mac[1].g_tr2.u_tree.herr[15]$_DFFE_PN0P_/D (DFFASRHQNx1_ASAP7_75t_R) 1344.48 1490.06 -145.58 (VIOLATED)
u_e.wA[35]$_DFFE_PP_/D (DFFHQNx1_ASAP7_75t_R) 1412.27 1557.83 -145.56 (VIOLATED)
u_e.g_mac[1].g_tr2.u_tree.held[68][11]$_DFFE_PP_/D (DFFHQNx1_ASAP7_75t_R) 1358.93 1504.47 -145.55 (VIOLATED)
u_e.g_mac[1].g_tr2.u_tree.held[36][31]$_DFFE_PP_/D (DFFHQNx1_ASAP7_75t_R) 1358.83 1504.37 -145.54 (VIOLATED)
u_e.g_mac[1].g_tr2.u_tree.held[52][25]$_DFFE_PP_/D (DFFHQNx1_ASAP7_75t_R) 1381.20 1526.73 -145.53 (VIOLATED)
u_e.g_mac[1].g_tr2.u_tree.held[36][11]$_DFFE_PP_/D (DFFHQNx1_ASAP7_75t_R) 1358.99 1504.50 -145.51 (VIOLATED)
u_e.g_mac[1].g_tr2.u_tree.held[24][18]$_DFFE_PP_/D (DFFHQNx1_ASAP7_75t_R) 1382.43 1527.92 -145.49 (VIOLATED)
u_e.g_mac[1].g_tr2.u_tree.held[59][4]$_DFFE_PP_/D (DFFHQNx1_ASAP7_75t_R) 1362.85 1508.16 -145.31 (VIOLATED)
u_e.g_mac[1].g_l2.u_l0.p1_p[28][5]$_DFF_P_/D (DFFHQNx1_ASAP7_75t_R) 1361.72 1506.99 -145.28 (VIOLATED)
u_e.g_mac[1].g_tr2.u_tree.held[59][22]$_DFFE_PP_/D (DFFHQNx1_ASAP7_75t_R) 1366.83 1512.07 -145.25 (VIOLATED)
u_e.g_mac[1].g_l2.u_l0.p1_p[17][7]$_DFF_P_/D (DFFHQNx1_ASAP7_75t_R) 1355.93 1501.13 -145.21 (VIOLATED)
u_e.g_mac[1].g_tr2.u_tree.held[79][15]$_DFFE_PP_/D (DFFHQNx1_ASAP7_75t_R) 1373.06 1518.26 -145.20 (VIOLATED)
u_e.g_mac[1].g_tr2.u_tree.held[41][27]$_DFFE_PP_/D (DFFHQNx1_ASAP7_75t_R) 1380.45 1525.64 -145.20 (VIOLATED)
u_e.g_mac[1].g_tr2.u_tree.held[39][17]$_DFFE_PP_/D (DFFHQNx1_ASAP7_75t_R) 1358.76 1503.95 -145.20 (VIOLATED)
u_e.g_mac[1].g_tr2.u_tree.held[26][6]$_DFFE_PP_/D (DFFHQNx1_ASAP7_75t_R) 1358.91 1504.06 -145.15 (VIOLATED)
u_e.g_mac[1].g_tr2.u_tree.held[11][4]$_DFFE_PP_/D (DFFHQNx1_ASAP7_75t_R) 1358.75 1503.87 -145.11 (VIOLATED)
u_e.g_mac[1].g_tr2.u_tree.held[76][15]$_DFFE_PP_/D (DFFHQNx1_ASAP7_75t_R) 1372.97 1518.07 -145.10 (VIOLATED)
u_e.g_mac[1].g_tr2.u_tree.held[0][13]$_DFFE_PP_/D (DFFHQNx1_ASAP7_75t_R) 1381.18 1526.27 -145.10 (VIOLATED)
u_e.g_mac[1].g_tr2.u_tree.held[3][1]$_DFFE_PP_/D (DFFHQNx1_ASAP7_75t_R) 1356.27 1501.35 -145.08 (VIOLATED)
u_e.g_mac[1].g_tr2.u_tree.held[68][10]$_DFFE_PP_/D (DFFHQNx1_ASAP7_75t_R) 1359.29 1504.35 -145.06 (VIOLATED)
u_e.g_mac[1].g_tr2.u_tree.held[4][0]$_DFFE_PP_/D (DFFHQNx1_ASAP7_75t_R) 1358.51 1503.56 -145.06 (VIOLATED)
u_e.g_mac[1].g_l2.u_l0.p1_sh[11][2]$_DFF_P_/D (DFFHQNx1_ASAP7_75t_R) 1382.91 1527.94 -145.03 (VIOLATED)
u_e.g_mac[1].g_tr2.u_tree.held[49][4]$_DFFE_PP_/D (DFFHQNx1_ASAP7_75t_R) 1358.20 1503.21 -145.01 (VIOLATED)
u_e.g_mac[1].g_tr2.u_tree.held[65][1]$_DFFE_PP_/D (DFFHQNx1_ASAP7_75t_R) 1355.06 1500.06 -145.00 (VIOLATED)
u_e.g_mac[1].g_tr2.u_tree.held[7][29]$_DFFE_PP_/D (DFFHQNx1_ASAP7_75t_R) 1366.25 1511.23 -144.99 (VIOLATED)
u_e.g_mac[1].g_tr2.u_tree.held[30][24]$_DFFE_PP_/D (DFFHQNx1_ASAP7_75t_R) 1375.22 1520.17 -144.95 (VIOLATED)
u_e.g_mac[1].g_tr2.u_tree.held[13][24]$_DFFE_PP_/D (DFFHQNx1_ASAP7_75t_R) 1375.34 1520.27 -144.93 (VIOLATED)
u_e.g_mac[1].g_l2.u_l0.p1_p[27][6]$_DFF_P_/D (DFFHQNx1_ASAP7_75t_R) 1378.54 1523.46 -144.93 (VIOLATED)
u_e.g_mac[1].g_l2.u_l0.p1_p[21][5]$_DFF_P_/D (DFFHQNx1_ASAP7_75t_R) 1369.67 1514.58 -144.91 (VIOLATED)
u_e.g_mac[1].g_tr2.u_tree.held[70][11]$_DFFE_PP_/D (DFFHQNx1_ASAP7_75t_R) 1358.67 1503.58 -144.91 (VIOLATED)
u_e.g_mac[0].g_l2.u_l0.p1_p[4][6]$_DFF_P_/D (DFFHQNx1_ASAP7_75t_R) 1380.50 1525.40 -144.90 (VIOLATED)
u_e.g_mac[1].g_tr2.u_tree.held[68][31]$_DFFE_PP_/D (DFFHQNx1_ASAP7_75t_R) 1359.19 1504.05 -144.85 (VIOLATED)
u_e.g_mac[1].g_tr2.u_tree.held[38][8]$_DFFE_PP_/D (DFFHQNx1_ASAP7_75t_R) 1362.32 1507.16 -144.85 (VIOLATED)
u_e.g_mac[1].g_tr2.u_tree.held[0][29]$_DFFE_PP_/D (DFFHQNx1_ASAP7_75t_R) 1380.74 1525.51 -144.77 (VIOLATED)
u_e.g_mac[1].g_tr2.u_tree.held[39][10]$_DFFE_PP_/D (DFFHQNx1_ASAP7_75t_R) 1356.93 1501.69 -144.76 (VIOLATED)
u_e.g_mac[1].g_tr2.u_tree.held[30][15]$_DFFE_PP_/D (DFFHQNx1_ASAP7_75t_R) 1373.02 1517.71 -144.70 (VIOLATED)
u_e.g_mac[1].g_tr2.u_tree.held[19][24]$_DFFE_PP_/D (DFFHQNx1_ASAP7_75t_R) 1373.81 1518.49 -144.68 (VIOLATED)
u_e.g_mac[0].g_l2.u_l0.p0_wq[38]$_SDFF_PP0_/D (DFFHQNx1_ASAP7_75t_R) 1348.14 1492.81 -144.67 (VIOLATED)
u_e.g_mac[1].g_tr2.u_tree.held[51][2]$_DFFE_PP_/D (DFFHQNx1_ASAP7_75t_R) 1359.52 1504.16 -144.64 (VIOLATED)
u_e.g_mac[1].g_tr2.u_tree.held[43][5]$_DFFE_PP_/D (DFFHQNx1_ASAP7_75t_R) 1356.49 1501.12 -144.64 (VIOLATED)
u_e.g_mac[1].g_tr2.u_tree.held[67][1]$_DFFE_PP_/D (DFFHQNx1_ASAP7_75t_R) 1358.48 1503.06 -144.58 (VIOLATED)
u_e.g_mac[1].g_tr2.u_tree.held[74][27]$_DFFE_PP_/D (DFFHQNx1_ASAP7_75t_R) 1381.62 1526.19 -144.58 (VIOLATED)
u_e.g_mac[1].g_tr2.u_tree.herr[70]$_DFFE_PN0P_/D (DFFASRHQNx1_ASAP7_75t_R) 1368.33 1512.89 -144.56 (VIOLATED)
u_e.g_mac[1].g_tr2.u_tree.held[14][29]$_DFFE_PP_/D (DFFHQNx1_ASAP7_75t_R) 1382.21 1526.76 -144.54 (VIOLATED)
u_e.g_mac[1].g_tr2.u_tree.held[26][4]$_DFFE_PP_/D (DFFHQNx1_ASAP7_75t_R) 1358.68 1503.22 -144.54 (VIOLATED)
u_e.g_mac[1].g_tr2.u_tree.held[33][28]$_DFFE_PP_/D (DFFHQNx1_ASAP7_75t_R) 1366.46 1510.96 -144.50 (VIOLATED)
u_e.g_mac[1].g_tr2.u_tree.held[61][4]$_DFFE_PP_/D (DFFHQNx1_ASAP7_75t_R) 1357.91 1502.39 -144.48 (VIOLATED)
u_e.g_mac[1].g_tr2.u_tree.held[67][10]$_DFFE_PP_/D (DFFHQNx1_ASAP7_75t_R) 1358.47 1502.92 -144.45 (VIOLATED)
u_e.g_mac[1].g_tr2.u_tree.held[58][26]$_DFFE_PP_/D (DFFHQNx1_ASAP7_75t_R) 1373.19 1517.63 -144.44 (VIOLATED)
u_e.g_mac[1].g_tr2.u_tree.held[52][26]$_DFFE_PP_/D (DFFHQNx1_ASAP7_75t_R) 1381.65 1526.08 -144.43 (VIOLATED)
u_e.g_mac[1].g_tr2.u_tree.held[29][10]$_DFFE_PP_/D (DFFHQNx1_ASAP7_75t_R) 1358.21 1502.63 -144.42 (VIOLATED)
u_e.g_mac[1].g_tr2.u_tree.held[22][5]$_DFFE_PP_/D (DFFHQNx1_ASAP7_75t_R) 1357.22 1501.64 -144.42 (VIOLATED)
u_e.g_mac[1].g_tr2.u_tree.held[79][21]$_DFFE_PP_/D (DFFHQNx1_ASAP7_75t_R) 1373.08 1517.50 -144.42 (VIOLATED)
u_e.g_mac[0].g_l2.u_l0.p1_p[7][7]$_DFF_P_/D (DFFHQNx1_ASAP7_75t_R) 1381.10 1525.50 -144.40 (VIOLATED)
u_e.g_mac[1].g_tr2.u_tree.held[49][22]$_DFFE_PP_/D (DFFHQNx1_ASAP7_75t_R) 1367.91 1512.31 -144.39 (VIOLATED)
u_e.g_mac[1].g_tr2.u_tree.held[14][19]$_DFFE_PP_/D (DFFHQNx1_ASAP7_75t_R) 1381.60 1525.99 -144.38 (VIOLATED)
u_e.g_mac[1].g_tr2.u_tree.held[31][22]$_DFFE_PP_/D (DFFHQNx1_ASAP7_75t_R) 1376.37 1520.74 -144.37 (VIOLATED)
u_e.g_mac[1].g_tr2.u_tree.held[33][21]$_DFFE_PP_/D (DFFHQNx1_ASAP7_75t_R) 1366.88 1511.15 -144.27 (VIOLATED)
u_e.g_mac[0].g_tr2.u_tree.held[15][22]$_DFFE_PP_/D (DFFHQNx1_ASAP7_75t_R) 1355.64 1499.89 -144.24 (VIOLATED)
u_e.g_mac[0].g_l2.u_l0.p1_p[12][5]$_DFF_P_/D (DFFHQNx1_ASAP7_75t_R) 1361.22 1505.45 -144.24 (VIOLATED)
u_e.n_pos[2]$_SDFFCE_PP0P_/D (DFFHQNx1_ASAP7_75t_R) 1398.36 1542.59 -144.23 (VIOLATED)
u_e.g_mac[1].g_tr2.u_tree.held[23][24]$_DFFE_PP_/D (DFFHQNx1_ASAP7_75t_R) 1373.80 1518.01 -144.20 (VIOLATED)
u_e.g_mac[1].g_tr2.u_tree.herr[79]$_DFFE_PN0P_/D (DFFASRHQNx1_ASAP7_75t_R) 1344.01 1488.21 -144.19 (VIOLATED)
u_e.g_mac[1].g_tr2.u_tree.held[36][0]$_DFFE_PP_/D (DFFHQNx1_ASAP7_75t_R) 1359.31 1503.51 -144.19 (VIOLATED)
u_e.g_mac[1].g_tr2.u_tree.have[35]$_DFFE_PN0P_/D (DFFASRHQNx1_ASAP7_75t_R) 1338.88 1483.05 -144.17 (VIOLATED)
u_e.g_mac[1].g_tr2.u_tree.held[12][26]$_DFFE_PP_/D (DFFHQNx1_ASAP7_75t_R) 1374.07 1518.24 -144.16 (VIOLATED)
u_e.wA[17]$_DFFE_PP_/D (DFFHQNx1_ASAP7_75t_R) 1412.50 1556.66 -144.16 (VIOLATED)
u_e.g_mac[1].g_tr2.u_tree.held[41][26]$_DFFE_PP_/D (DFFHQNx1_ASAP7_75t_R) 1380.14 1524.29 -144.16 (VIOLATED)
u_e.g_mac[1].g_tr2.u_tree.held[12][24]$_DFFE_PP_/D (DFFHQNx1_ASAP7_75t_R) 1374.63 1518.77 -144.14 (VIOLATED)
u_e.g_mac[1].g_tr2.u_tree.held[36][13]$_DFFE_PP_/D (DFFHQNx1_ASAP7_75t_R) 1373.43 1517.51 -144.09 (VIOLATED)
u_e.g_mac[1].g_tr2.u_tree.held[19][15]$_DFFE_PP_/D (DFFHQNx1_ASAP7_75t_R) 1366.94 1511.00 -144.07 (VIOLATED)
u_e.g_mac[1].g_tr2.u_tree.held[73][18]$_DFFE_PP_/D (DFFHQNx1_ASAP7_75t_R) 1380.56 1524.56 -144.00 (VIOLATED)
u_e.g_mac[1].g_tr2.u_tree.held[75][30]$_DFFE_PP_/D (DFFHQNx1_ASAP7_75t_R) 1378.61 1522.56 -143.95 (VIOLATED)
u_e.g_mac[1].g_tr2.u_tree.held[26][9]$_DFFE_PP_/D (DFFHQNx1_ASAP7_75t_R) 1357.51 1501.45 -143.94 (VIOLATED)
u_e.g_mac[0].g_tr2.u_tree.h_v[7]$_DFF_P_/D (DFFHQNx1_ASAP7_75t_R) 1354.87 1498.77 -143.90 (VIOLATED)
u_e.g_mac[1].g_tr2.u_tree.held[1][2]$_DFFE_PP_/D (DFFHQNx1_ASAP7_75t_R) 1358.61 1502.51 -143.90 (VIOLATED)
u_e.g_mac[1].g_tr2.u_tree.held[23][30]$_DFFE_PP_/D (DFFHQNx1_ASAP7_75t_R) 1378.72 1522.60 -143.88 (VIOLATED)
u_e.g_mac[1].g_tr2.u_tree.held[7][28]$_DFFE_PP_/D (DFFHQNx1_ASAP7_75t_R) 1366.83 1510.71 -143.88 (VIOLATED)
u_e.g_mac[1].g_tr2.u_tree.held[42][10]$_DFFE_PP_/D (DFFHQNx1_ASAP7_75t_R) 1370.69 1514.52 -143.83 (VIOLATED)
u_e.g_mac[1].g_tr2.u_tree.held[70][3]$_DFFE_PP_/D (DFFHQNx1_ASAP7_75t_R) 1356.64 1500.47 -143.82 (VIOLATED)
u_e.g_mac[1].g_tr2.u_tree.held[26][17]$_DFFE_PP_/D (DFFHQNx1_ASAP7_75t_R) 1358.15 1501.96 -143.80 (VIOLATED)
u_e.g_mac[1].g_tr2.u_tree.held[37][12]$_DFFE_PP_/D (DFFHQNx1_ASAP7_75t_R) 1359.41 1503.20 -143.79 (VIOLATED)
u_e.g_mac[1].g_tr2.u_tree.held[12][25]$_DFFE_PP_/D (DFFHQNx1_ASAP7_75t_R) 1374.73 1518.52 -143.78 (VIOLATED)
u_e.g_mac[1].g_tr2.u_tree.held[7][21]$_DFFE_PP_/D (DFFHQNx1_ASAP7_75t_R) 1366.56 1510.33 -143.78 (VIOLATED)
u_e.g_mac[1].g_tr2.u_tree.held[23][29]$_DFFE_PP_/D (DFFHQNx1_ASAP7_75t_R) 1378.65 1522.41 -143.76 (VIOLATED)
u_e.g_mac[1].g_tr2.u_tree.held[5][18]$_DFFE_PP_/D (DFFHQNx1_ASAP7_75t_R) 1357.73 1501.48 -143.76 (VIOLATED)
u_e.g_mac[1].g_tr2.u_tree.infl[6][3]$_DFF_PN0_/D (DFFASRHQNx1_ASAP7_75t_R) 1371.32 1515.05 -143.73 (VIOLATED)
u_e.g_mac[1].g_tr2.u_tree.held[15][6]$_DFFE_PP_/D (DFFHQNx1_ASAP7_75t_R) 1364.00 1507.71 -143.72 (VIOLATED)
u_e.g_mac[1].g_l2.u_l0.p1_p[21][8]$_SDFF_PN0_/D (DFFHQNx1_ASAP7_75t_R) 1382.07 1525.78 -143.71 (VIOLATED)
u_e.g_mac[1].g_tr2.u_tree.held[28][4]$_DFFE_PP_/D (DFFHQNx1_ASAP7_75t_R) 1364.98 1508.66 -143.68 (VIOLATED)
u_e.g_mac[1].g_tr2.u_tree.held[21][8]$_DFFE_PP_/D (DFFHQNx1_ASAP7_75t_R) 1358.77 1502.45 -143.68 (VIOLATED)
u_e.g_mac[1].g_tr2.u_tree.held[58][15]$_DFFE_PP_/D (DFFHQNx1_ASAP7_75t_R) 1372.95 1516.62 -143.67 (VIOLATED)
u_e.g_mac[1].g_tr2.u_tree.held[19][26]$_DFFE_PP_/D (DFFHQNx1_ASAP7_75t_R) 1374.32 1517.98 -143.66 (VIOLATED)
u_e.g_mac[1].g_tr2.u_tree.held[9][11]$_DFFE_PP_/D (DFFHQNx1_ASAP7_75t_R) 1358.21 1501.87 -143.66 (VIOLATED)
u_e.g_mac[1].g_tr2.u_tree.held[22][9]$_DFFE_PP_/D (DFFHQNx1_ASAP7_75t_R) 1357.97 1501.63 -143.66 (VIOLATED)
u_e.g_mac[1].g_tr2.u_tree.held[35][13]$_DFFE_PP_/D (DFFHQNx1_ASAP7_75t_R) 1379.84 1523.49 -143.65 (VIOLATED)
u_e.g_mac[0].g_l2.u_l0.p0_wq[1]$_DFF_P_/D (DFFHQNx1_ASAP7_75t_R) 1372.84 1516.49 -143.65 (VIOLATED)
u_e.g_mac[1].g_tr2.u_tree.held[39][2]$_DFFE_PP_/D (DFFHQNx1_ASAP7_75t_R) 1358.46 1502.10 -143.63 (VIOLATED)
u_e.g_mac[1].g_tr2.u_tree.held[0][24]$_DFFE_PP_/D (DFFHQNx1_ASAP7_75t_R) 1381.74 1525.34 -143.60 (VIOLATED)
u_e.g_mac[1].g_tr2.u_tree.held[59][14]$_DFFE_PP_/D (DFFHQNx1_ASAP7_75t_R) 1368.59 1512.16 -143.57 (VIOLATED)
u_e.g_mac[1].g_tr2.u_tree.held[21][3]$_DFFE_PP_/D (DFFHQNx1_ASAP7_75t_R) 1357.29 1500.86 -143.57 (VIOLATED)
u_e.g_mac[1].g_tr2.u_tree.held[37][3]$_DFFE_PP_/D (DFFHQNx1_ASAP7_75t_R) 1363.07 1506.64 -143.57 (VIOLATED)
u_e.g_mac[1].g_tr2.u_tree.held[26][5]$_DFFE_PP_/D (DFFHQNx1_ASAP7_75t_R) 1356.43 1499.99 -143.57 (VIOLATED)
u_e.g_mac[1].g_tr2.u_tree.held[49][10]$_DFFE_PP_/D (DFFHQNx1_ASAP7_75t_R) 1356.35 1499.79 -143.45 (VIOLATED)
u_e.g_mac[1].g_tr2.u_tree.held[72][25]$_DFFE_PP_/D (DFFHQNx1_ASAP7_75t_R) 1372.56 1515.94 -143.38 (VIOLATED)
u_e.g_mac[1].g_tr2.u_tree.held[14][30]$_DFFE_PP_/D (DFFHQNx1_ASAP7_75t_R) 1378.47 1521.83 -143.35 (VIOLATED)
u_e.g_mac[1].g_tr2.u_tree.held[70][0]$_DFFE_PP_/D (DFFHQNx1_ASAP7_75t_R) 1359.52 1502.87 -143.35 (VIOLATED)
u_e.g_mac[1].g_tr2.u_tree.held[39][31]$_DFFE_PP_/D (DFFHQNx1_ASAP7_75t_R) 1358.92 1502.26 -143.34 (VIOLATED)
u_e.g_mac[1].g_tr2.u_tree.have[22]$_DFFE_PN0P_/D (DFFASRHQNx1_ASAP7_75t_R) 1345.18 1488.49 -143.31 (VIOLATED)
u_e.g_mac[1].g_tr2.u_tree.infl[12][3]$_DFF_PN0_/D (DFFASRHQNx1_ASAP7_75t_R) 1370.91 1514.21 -143.30 (VIOLATED)
u_e.g_mac[1].g_tr2.u_tree.held[79][20]$_DFFE_PP_/D (DFFHQNx1_ASAP7_75t_R) 1371.49 1514.76 -143.28 (VIOLATED)
u_e.g_mac[1].g_tr2.u_tree.held[14][27]$_DFFE_PP_/D (DFFHQNx1_ASAP7_75t_R) 1380.35 1523.55 -143.20 (VIOLATED)
u_e.g_mac[1].g_tr2.u_tree.held[5][9]$_DFFE_PP_/D (DFFHQNx1_ASAP7_75t_R) 1358.79 1501.99 -143.20 (VIOLATED)
u_e.g_mac[1].g_tr2.u_tree.held[66][1]$_DFFE_PP_/D (DFFHQNx1_ASAP7_75t_R) 1358.92 1502.10 -143.18 (VIOLATED)
u_e.g_mac[1].g_tr2.u_tree.held[49][12]$_DFFE_PP_/D (DFFHQNx1_ASAP7_75t_R) 1359.14 1502.31 -143.17 (VIOLATED)
u_e.g_mac[1].g_tr2.u_tree.held[62][6]$_DFFE_PP_/D (DFFHQNx1_ASAP7_75t_R) 1359.44 1502.58 -143.14 (VIOLATED)
u_e.g_mac[0].g_tr2.u_tree.h_v[4]$_DFF_P_/D (DFFHQNx1_ASAP7_75t_R) 1367.36 1510.45 -143.09 (VIOLATED)
u_e.g_mac[1].g_tr2.u_tree.held[79][9]$_DFFE_PP_/D (DFFHQNx1_ASAP7_75t_R) 1357.68 1500.77 -143.09 (VIOLATED)
u_e.g_mac[1].g_tr2.u_tree.held[58][25]$_DFFE_PP_/D (DFFHQNx1_ASAP7_75t_R) 1374.38 1517.47 -143.09 (VIOLATED)
u_e.g_mac[1].g_tr2.u_tree.held[67][2]$_DFFE_PP_/D (DFFHQNx1_ASAP7_75t_R) 1356.91 1499.97 -143.07 (VIOLATED)
u_e.g_mac[0].g_tr2.u_tree.infl[2][2]$_DFF_PN0_/D (DFFASRHQNx1_ASAP7_75t_R) 1433.48 1576.54 -143.06 (VIOLATED)
u_e.g_mac[1].g_tr2.u_tree.held[49][0]$_DFFE_PP_/D (DFFHQNx1_ASAP7_75t_R) 1357.82 1500.85 -143.04 (VIOLATED)
u_e.g_mac[1].g_tr2.u_tree.held[12][30]$_DFFE_PP_/D (DFFHQNx1_ASAP7_75t_R) 1378.76 1521.80 -143.03 (VIOLATED)
u_e.g_mac[1].g_tr2.u_tree.held[30][21]$_DFFE_PP_/D (DFFHQNx1_ASAP7_75t_R) 1375.40 1518.43 -143.03 (VIOLATED)
u_e.g_mac[1].g_tr2.u_tree.held[42][26]$_DFFE_PP_/D (DFFHQNx1_ASAP7_75t_R) 1380.97 1523.97 -143.00 (VIOLATED)
u_e.g_mac[1].g_tr2.u_tree.held[49][7]$_DFFE_PP_/D (DFFHQNx1_ASAP7_75t_R) 1359.59 1502.58 -142.99 (VIOLATED)
u_e.g_mac[1].g_tr2.u_tree.held[30][19]$_DFFE_PP_/D (DFFHQNx1_ASAP7_75t_R) 1378.90 1521.88 -142.98 (VIOLATED)
u_e.g_mac[1].g_tr2.u_tree.held[58][29]$_DFFE_PP_/D (DFFHQNx1_ASAP7_75t_R) 1375.35 1518.31 -142.96 (VIOLATED)
u_e.g_mac[1].g_tr2.u_tree.held[36][5]$_DFFE_PP_/D (DFFHQNx1_ASAP7_75t_R) 1358.62 1501.56 -142.93 (VIOLATED)
u_e.g_mac[1].g_tr2.u_tree.held[49][11]$_DFFE_PP_/D (DFFHQNx1_ASAP7_75t_R) 1357.76 1500.69 -142.93 (VIOLATED)
u_e.g_mac[1].g_tr2.u_tree.held[79][28]$_DFFE_PP_/D (DFFHQNx1_ASAP7_75t_R) 1375.38 1518.29 -142.91 (VIOLATED)
u_e.g_mac[1].g_tr2.u_tree.held[77][2]$_DFFE_PP_/D (DFFHQNx1_ASAP7_75t_R) 1358.43 1501.32 -142.89 (VIOLATED)
u_e.g_mac[1].g_tr2.u_tree.held[36][7]$_DFFE_PP_/D (DFFHQNx1_ASAP7_75t_R) 1359.91 1502.80 -142.89 (VIOLATED)
u_e.g_mac[1].g_tr2.u_tree.held[65][3]$_DFFE_PP_/D (DFFHQNx1_ASAP7_75t_R) 1357.23 1500.11 -142.88 (VIOLATED)
u_e.g_mac[1].g_tr2.u_tree.held[13][20]$_DFFE_PP_/D (DFFHQNx1_ASAP7_75t_R) 1373.14 1516.01 -142.86 (VIOLATED)
u_e.wB[35]$_DFFE_PP_/D (DFFHQNx1_ASAP7_75t_R) 1415.32 1558.18 -142.86 (VIOLATED)
u_e.g_mac[1].g_tr2.u_tree.herr[17]$_DFFE_PN0P_/D (DFFASRHQNx1_ASAP7_75t_R) 1343.81 1486.66 -142.85 (VIOLATED)
u_e.g_mac[1].g_tr2.u_tree.held[19][22]$_DFFE_PP_/D (DFFHQNx1_ASAP7_75t_R) 1368.16 1511.00 -142.84 (VIOLATED)
u_e.g_mac[1].g_l2.u_l0.p1_p[24][8]$_SDFF_PN0_/D (DFFHQNx1_ASAP7_75t_R) 1365.31 1508.12 -142.81 (VIOLATED)
u_e.g_mac[1].g_tr2.u_tree.infl[14][2]$_DFF_PN0_/D (DFFASRHQNx1_ASAP7_75t_R) 1371.39 1514.16 -142.77 (VIOLATED)
u_e.g_mac[1].g_tr2.u_tree.held[67][15]$_DFFE_PP_/D (DFFHQNx1_ASAP7_75t_R) 1371.71 1514.47 -142.76 (VIOLATED)
u_e.g_mac[1].g_tr2.u_tree.held[75][15]$_DFFE_PP_/D (DFFHQNx1_ASAP7_75t_R) 1372.82 1515.58 -142.75 (VIOLATED)
u_e.g_mac[1].g_tr2.u_tree.herr[39]$_DFFE_PN0P_/D (DFFASRHQNx1_ASAP7_75t_R) 1354.96 1497.65 -142.70 (VIOLATED)
u_e.g_mac[1].g_tr2.u_tree.held[72][15]$_DFFE_PP_/D (DFFHQNx1_ASAP7_75t_R) 1372.89 1515.57 -142.68 (VIOLATED)
u_e.g_mac[1].g_tr2.u_tree.held[58][24]$_DFFE_PP_/D (DFFHQNx1_ASAP7_75t_R) 1375.04 1517.71 -142.67 (VIOLATED)
u_e.g_mac[1].g_tr2.u_tree.held[75][24]$_DFFE_PP_/D (DFFHQNx1_ASAP7_75t_R) 1372.70 1515.36 -142.66 (VIOLATED)
u_e.g_mac[1].g_tr2.u_tree.held[59][11]$_DFFE_PP_/D (DFFHQNx1_ASAP7_75t_R) 1358.22 1500.86 -142.64 (VIOLATED)
u_e.g_mac[1].g_tr2.u_tree.held[39][11]$_DFFE_PP_/D (DFFHQNx1_ASAP7_75t_R) 1358.92 1501.56 -142.64 (VIOLATED)
u_e.g_mac[1].g_tr2.u_tree.held[72][23]$_DFFE_PP_/D (DFFHQNx1_ASAP7_75t_R) 1372.83 1515.46 -142.63 (VIOLATED)
u_e.g_mac[0].g_l2.u_l0.p1_p[5][6]$_DFF_P_/D (DFFHQNx1_ASAP7_75t_R) 1379.53 1522.15 -142.62 (VIOLATED)
u_e.g_mac[1].g_tr2.u_tree.held[77][8]$_DFFE_PP_/D (DFFHQNx1_ASAP7_75t_R) 1358.10 1500.71 -142.61 (VIOLATED)
u_e.g_mac[0].g_tr2.u_tree.h_v[10]$_DFF_P_/D (DFFHQNx1_ASAP7_75t_R) 1366.01 1508.61 -142.61 (VIOLATED)
u_e.g_mac[1].g_tr2.u_tree.held[59][6]$_DFFE_PP_/D (DFFHQNx1_ASAP7_75t_R) 1363.83 1506.42 -142.60 (VIOLATED)
u_e.g_mac[1].g_l2.u_l0.p0_wq[163]$_DFF_P_/D (DFFHQNx1_ASAP7_75t_R) 1377.06 1519.64 -142.59 (VIOLATED)
u_e.g_mac[1].g_tr2.u_tree.held[15][21]$_DFFE_PP_/D (DFFHQNx1_ASAP7_75t_R) 1367.31 1509.83 -142.52 (VIOLATED)
u_e.g_mac[1].g_tr2.u_tree.held[35][23]$_DFFE_PP_/D (DFFHQNx1_ASAP7_75t_R) 1371.69 1514.21 -142.52 (VIOLATED)
u_e.g_mac[1].g_tr2.u_tree.held[31][18]$_DFFE_PP_/D (DFFHQNx1_ASAP7_75t_R) 1381.99 1524.50 -142.52 (VIOLATED)
u_e.g_mac[1].g_tr2.u_tree.held[70][7]$_DFFE_PP_/D (DFFHQNx1_ASAP7_75t_R) 1360.10 1502.61 -142.51 (VIOLATED)
u_e.g_mac[1].g_tr2.u_tree.held[72][20]$_DFFE_PP_/D (DFFHQNx1_ASAP7_75t_R) 1373.07 1515.57 -142.51 (VIOLATED)
u_e.g_mac[1].g_tr2.u_tree.held[75][19]$_DFFE_PP_/D (DFFHQNx1_ASAP7_75t_R) 1378.62 1521.12 -142.50 (VIOLATED)
u_e.g_mac[1].g_tr2.u_tree.held[26][10]$_DFFE_PP_/D (DFFHQNx1_ASAP7_75t_R) 1357.08 1499.58 -142.50 (VIOLATED)
u_e.g_mac[1].g_tr2.u_tree.herr[23]$_DFFE_PN0P_/D (DFFASRHQNx1_ASAP7_75t_R) 1344.47 1486.96 -142.49 (VIOLATED)
u_e.g_mac[1].g_tr2.u_tree.held[6][22]$_DFFE_PP_/D (DFFHQNx1_ASAP7_75t_R) 1380.22 1522.70 -142.48 (VIOLATED)
u_e.g_mac[1].g_tr2.u_tree.held[19][3]$_DFFE_PP_/D (DFFHQNx1_ASAP7_75t_R) 1356.14 1498.60 -142.46 (VIOLATED)
u_e.g_mac[1].g_tr2.u_tree.held[75][27]$_DFFE_PP_/D (DFFHQNx1_ASAP7_75t_R) 1380.36 1522.81 -142.45 (VIOLATED)
u_e.g_mac[1].g_tr2.u_tree.held[31][14]$_DFFE_PP_/D (DFFHQNx1_ASAP7_75t_R) 1381.98 1524.43 -142.45 (VIOLATED)
u_e.g_mac[1].g_tr2.u_tree.held[75][22]$_DFFE_PP_/D (DFFHQNx1_ASAP7_75t_R) 1375.85 1518.27 -142.42 (VIOLATED)
u_e.g_mac[1].g_tr2.u_tree.held[9][31]$_DFFE_PP_/D (DFFHQNx1_ASAP7_75t_R) 1359.81 1502.20 -142.39 (VIOLATED)
u_e.g_mac[1].g_tr2.u_tree.held[5][16]$_DFFE_PP_/D (DFFHQNx1_ASAP7_75t_R) 1357.77 1500.14 -142.38 (VIOLATED)
u_e.g_mac[1].g_tr2.u_tree.held[39][16]$_DFFE_PP_/D (DFFHQNx1_ASAP7_75t_R) 1359.22 1501.60 -142.37 (VIOLATED)
u_e.g_mac[1].g_l2.u_l0.p1_p[10][7]$_DFF_P_/D (DFFHQNx1_ASAP7_75t_R) 1372.18 1514.51 -142.33 (VIOLATED)
u_e.g_mac[1].g_tr2.u_tree.held[36][1]$_DFFE_PP_/D (DFFHQNx1_ASAP7_75t_R) 1359.20 1501.52 -142.32 (VIOLATED)
u_e.g_mac[1].g_tr2.u_tree.held[30][30]$_DFFE_PP_/D (DFFHQNx1_ASAP7_75t_R) 1379.60 1521.91 -142.31 (VIOLATED)
u_e.g_mac[1].g_tr2.u_tree.held[42][27]$_DFFE_PP_/D (DFFHQNx1_ASAP7_75t_R) 1378.46 1520.75 -142.28 (VIOLATED)
u_e.g_mac[0].g_tr2.u_tree.h_v[9]$_DFF_P_/D (DFFHQNx1_ASAP7_75t_R) 1361.68 1503.91 -142.23 (VIOLATED)
u_e.g_mac[1].g_l2.u_l0.p1_p[29][8]$_SDFF_PN0_/D (DFFHQNx1_ASAP7_75t_R) 1360.54 1502.77 -142.22 (VIOLATED)
u_e.g_mac[1].g_tr2.u_tree.held[9][16]$_DFFE_PP_/D (DFFHQNx1_ASAP7_75t_R) 1358.25 1500.40 -142.15 (VIOLATED)
u_e.g_mac[1].g_tr2.u_tree.have[50]$_DFFE_PN0P_/D (DFFASRHQNx1_ASAP7_75t_R) 1344.70 1486.82 -142.11 (VIOLATED)
u_e.g_mac[1].g_tr2.u_tree.held[28][18]$_DFFE_PP_/D (DFFHQNx1_ASAP7_75t_R) 1382.13 1524.23 -142.10 (VIOLATED)
u_e.g_mac[0].g_tr2.u_tree.h_v[11]$_DFF_P_/D (DFFHQNx1_ASAP7_75t_R) 1367.74 1509.82 -142.08 (VIOLATED)
u_e.g_mac[1].g_l2.u_l0.p1_p[31][7]$_DFF_P_/D (DFFHQNx1_ASAP7_75t_R) 1379.07 1521.13 -142.05 (VIOLATED)
u_e.g_mac[1].g_tr2.u_tree.held[35][20]$_DFFE_PP_/D (DFFHQNx1_ASAP7_75t_R) 1371.80 1513.85 -142.05 (VIOLATED)
u_e.g_mac[1].g_tr2.u_tree.held[28][13]$_DFFE_PP_/D (DFFHQNx1_ASAP7_75t_R) 1381.49 1523.54 -142.05 (VIOLATED)
u_e.g_mac[1].g_tr2.u_tree.have[69]$_DFFE_PN0P_/D (DFFASRHQNx1_ASAP7_75t_R) 1364.52 1506.56 -142.04 (VIOLATED)
u_e.g_mac[1].g_tr2.u_tree.held[13][29]$_DFFE_PP_/D (DFFHQNx1_ASAP7_75t_R) 1380.93 1522.93 -141.99 (VIOLATED)
u_e.g_mac[1].g_tr2.u_tree.held[49][15]$_DFFE_PP_/D (DFFHQNx1_ASAP7_75t_R) 1367.79 1509.74 -141.95 (VIOLATED)
u_e.g_mac[1].g_tr2.u_tree.held[74][26]$_DFFE_PP_/D (DFFHQNx1_ASAP7_75t_R) 1382.12 1524.05 -141.94 (VIOLATED)
u_e.g_mac[1].g_tr2.u_tree.held[75][21]$_DFFE_PP_/D (DFFHQNx1_ASAP7_75t_R) 1373.19 1515.12 -141.94 (VIOLATED)
u_e.g_mac[1].g_tr2.u_tree.held[77][1]$_DFFE_PP_/D (DFFHQNx1_ASAP7_75t_R) 1359.45 1501.39 -141.93 (VIOLATED)
u_e.g_mac[0].g_tr2.u_tree.h_v[17]$_DFF_P_/D (DFFHQNx1_ASAP7_75t_R) 1360.47 1502.38 -141.92 (VIOLATED)
u_e.g_mac[1].g_l2.u_l0.p1_p[13][8]$_SDFF_PN0_/D (DFFHQNx1_ASAP7_75t_R) 1364.90 1506.80 -141.90 (VIOLATED)
u_e.g_mac[1].g_tr2.u_tree.held[59][2]$_DFFE_PP_/D (DFFHQNx1_ASAP7_75t_R) 1359.83 1501.69 -141.87 (VIOLATED)
u_e.g_mac[1].g_tr2.u_tree.held[64][27]$_DFFE_PP_/D (DFFHQNx1_ASAP7_75t_R) 1366.26 1508.12 -141.85 (VIOLATED)
u_e.g_mac[1].g_tr2.u_tree.held[8][11]$_DFFE_PP_/D (DFFHQNx1_ASAP7_75t_R) 1357.96 1499.79 -141.83 (VIOLATED)
u_e.g_mac[1].g_tr2.u_tree.held[49][5]$_DFFE_PP_/D (DFFHQNx1_ASAP7_75t_R) 1358.70 1500.53 -141.83 (VIOLATED)
u_e.g_mac[1].g_tr2.u_tree.held[76][13]$_DFFE_PP_/D (DFFHQNx1_ASAP7_75t_R) 1372.84 1514.65 -141.81 (VIOLATED)
u_e.g_mac[0].g_tr2.u_tree.h_e$_DFF_P_/D (DFFHQNx1_ASAP7_75t_R) 1365.27 1507.08 -141.81 (VIOLATED)
u_e.g_mac[1].g_tr2.u_tree.held[73][13]$_DFFE_PP_/D (DFFHQNx1_ASAP7_75t_R) 1380.85 1522.62 -141.78 (VIOLATED)
u_e.g_mac[1].g_tr2.u_tree.held[37][1]$_DFFE_PP_/D (DFFHQNx1_ASAP7_75t_R) 1362.09 1503.86 -141.77 (VIOLATED)
u_e.g_mac[0].g_tr2.u_tree.h_v[5]$_DFF_P_/D (DFFHQNx1_ASAP7_75t_R) 1358.67 1500.42 -141.75 (VIOLATED)
u_e.g_mac[1].g_tr2.u_tree.held[5][10]$_DFFE_PP_/D (DFFHQNx1_ASAP7_75t_R) 1357.96 1499.71 -141.75 (VIOLATED)
u_e.g_mac[1].g_tr2.u_tree.held[22][16]$_DFFE_PP_/D (DFFHQNx1_ASAP7_75t_R) 1357.62 1499.32 -141.70 (VIOLATED)
u_e.g_mac[1].g_tr2.u_tree.held[72][26]$_DFFE_PP_/D (DFFHQNx1_ASAP7_75t_R) 1381.35 1523.01 -141.66 (VIOLATED)
u_e.g_mac[1].g_tr2.u_tree.held[29][1]$_DFFE_PP_/D (DFFHQNx1_ASAP7_75t_R) 1373.80 1515.46 -141.65 (VIOLATED)
u_e.g_mac[1].g_tr2.u_tree.held[72][19]$_DFFE_PP_/D (DFFHQNx1_ASAP7_75t_R) 1379.48 1521.12 -141.64 (VIOLATED)
u_e.g_mac[1].g_tr2.u_tree.held[36][19]$_DFFE_PP_/D (DFFHQNx1_ASAP7_75t_R) 1372.88 1514.50 -141.62 (VIOLATED)
u_e.g_mac[0].g_l2.u_l0.p1_p[24][7]$_DFF_P_/D (DFFHQNx1_ASAP7_75t_R) 1381.93 1523.55 -141.61 (VIOLATED)
u_e.g_mac[1].g_l2.u_l0.p1_p[25][8]$_SDFF_PN0_/D (DFFHQNx1_ASAP7_75t_R) 1364.32 1505.91 -141.59 (VIOLATED)
u_e.g_mac[1].g_ch2.u_c1.u_add.u_c8.g_r.r[15]$_DFF_P_/D (DFFHQNx1_ASAP7_75t_R) 1358.63 1500.22 -141.59 (VIOLATED)
u_e.g_mac[1].g_tr2.u_tree.infl[15][1]$_DFF_PN0_/D (DFFASRHQNx1_ASAP7_75t_R) 1362.69 1504.26 -141.57 (VIOLATED)
u_e.g_mac[1].g_tr2.u_tree.held[15][4]$_DFFE_PP_/D (DFFHQNx1_ASAP7_75t_R) 1362.63 1504.17 -141.54 (VIOLATED)
u_e.g_mac[1].g_tr2.u_tree.held[5][31]$_DFFE_PP_/D (DFFHQNx1_ASAP7_75t_R) 1358.31 1499.84 -141.53 (VIOLATED)
u_e.g_mac[1].g_tr2.u_tree.herr[54]$_DFFE_PN0P_/D (DFFASRHQNx1_ASAP7_75t_R) 1343.55 1485.07 -141.53 (VIOLATED)
u_e.g_mac[1].g_tr2.u_tree.held[4][13]$_DFFE_PP_/D (DFFHQNx1_ASAP7_75t_R) 1381.62 1523.13 -141.52 (VIOLATED)
u_e.g_mac[1].g_tr2.u_tree.herr[64]$_DFFE_PN0P_/D (DFFASRHQNx1_ASAP7_75t_R) 1343.93 1485.40 -141.47 (VIOLATED)
u_e.g_mac[1].g_tr2.u_tree.held[70][8]$_DFFE_PP_/D (DFFHQNx1_ASAP7_75t_R) 1361.98 1503.45 -141.47 (VIOLATED)
u_e.g_mac[1].g_l2.u_l0.p0_wq[75]$_DFF_P_/D (DFFHQNx1_ASAP7_75t_R) 1354.12 1495.59 -141.46 (VIOLATED)
u_e.g_mac[1].g_tr2.u_tree.held[23][26]$_DFFE_PP_/D (DFFHQNx1_ASAP7_75t_R) 1372.37 1513.83 -141.46 (VIOLATED)
u_e.g_mac[1].g_tr2.u_tree.held[36][10]$_DFFE_PP_/D (DFFHQNx1_ASAP7_75t_R) 1358.61 1500.04 -141.43 (VIOLATED)
u_e.g_mac[1].g_tr2.u_tree.held[26][7]$_DFFE_PP_/D (DFFHQNx1_ASAP7_75t_R) 1358.23 1499.66 -141.43 (VIOLATED)
u_e.g_mac[1].g_tr2.u_tree.held[13][26]$_DFFE_PP_/D (DFFHQNx1_ASAP7_75t_R) 1382.28 1523.70 -141.42 (VIOLATED)
u_e.g_mac[1].g_tr2.u_tree.held[75][29]$_DFFE_PP_/D (DFFHQNx1_ASAP7_75t_R) 1380.89 1522.30 -141.41 (VIOLATED)
u_e.g_mac[1].g_tr2.u_tree.held[46][1]$_DFFE_PP_/D (DFFHQNx1_ASAP7_75t_R) 1359.72 1501.10 -141.38 (VIOLATED)
u_e.g_mac[1].g_tr2.u_tree.held[64][19]$_DFFE_PP_/D (DFFHQNx1_ASAP7_75t_R) 1366.49 1507.85 -141.36 (VIOLATED)
u_e.g_mac[1].g_tr2.u_tree.held[59][31]$_DFFE_PP_/D (DFFHQNx1_ASAP7_75t_R) 1359.75 1501.11 -141.36 (VIOLATED)
u_e.g_mac[0].g_tr2.u_tree.infl[1][3]$_DFF_PN0_/D (DFFASRHQNx1_ASAP7_75t_R) 1431.31 1572.66 -141.35 (VIOLATED)
u_e.g_mac[1].g_tr2.u_tree.held[67][23]$_DFFE_PP_/D (DFFHQNx1_ASAP7_75t_R) 1372.16 1513.51 -141.34 (VIOLATED)
u_e.g_mac[1].g_tr2.u_tree.held[26][14]$_DFFE_PP_/D (DFFHQNx1_ASAP7_75t_R) 1367.58 1508.91 -141.33 (VIOLATED)
u_e.g_mac[1].g_tr2.u_tree.held[64][29]$_DFFE_PP_/D (DFFHQNx1_ASAP7_75t_R) 1366.32 1507.64 -141.32 (VIOLATED)
u_e.g_mac[1].g_tr2.u_tree.held[79][5]$_DFFE_PP_/D (DFFHQNx1_ASAP7_75t_R) 1360.03 1501.35 -141.31 (VIOLATED)
u_e.g_mac[1].g_tr2.u_tree.have[70]$_DFFE_PN0P_/D (DFFASRHQNx1_ASAP7_75t_R) 1364.36 1505.67 -141.31 (VIOLATED)
u_e.g_mac[1].g_tr2.u_tree.held[62][8]$_DFFE_PP_/D (DFFHQNx1_ASAP7_75t_R) 1359.07 1500.37 -141.31 (VIOLATED)
u_e.g_mac[1].g_tr2.u_tree.held[59][7]$_DFFE_PP_/D (DFFHQNx1_ASAP7_75t_R) 1358.34 1499.64 -141.30 (VIOLATED)
u_e.g_mac[1].g_tr2.u_tree.herr[73]$_DFFE_PN0P_/D (DFFASRHQNx1_ASAP7_75t_R) 1343.69 1484.99 -141.29 (VIOLATED)
u_e.g_mac[0].g_l2.u_l0.p1_p[27][6]$_DFF_P_/D (DFFHQNx1_ASAP7_75t_R) 1374.95 1516.23 -141.28 (VIOLATED)
u_e.g_mac[1].g_tr2.u_tree.held[36][25]$_DFFE_PP_/D (DFFHQNx1_ASAP7_75t_R) 1373.34 1514.62 -141.28 (VIOLATED)
u_e.wA[27]$_DFFE_PP_/D (DFFHQNx1_ASAP7_75t_R) 1415.37 1556.60 -141.23 (VIOLATED)
u_e.g_mac[0].g_l2.u_l0.p1_p[4][7]$_DFF_P_/D (DFFHQNx1_ASAP7_75t_R) 1394.04 1535.24 -141.21 (VIOLATED)
u_e.g_mac[0].g_tr2.u_tree.infl[3][2]$_DFF_PN0_/D (DFFASRHQNx1_ASAP7_75t_R) 1425.38 1566.57 -141.19 (VIOLATED)
u_e.g_mac[1].g_l2.u_l0.p1_p[20][7]$_DFF_P_/D (DFFHQNx1_ASAP7_75t_R) 1357.60 1498.76 -141.16 (VIOLATED)
u_e.g_mac[1].g_tr2.u_tree.held[50][15]$_DFFE_PP_/D (DFFHQNx1_ASAP7_75t_R) 1379.40 1520.49 -141.09 (VIOLATED)
u_e.g_mac[1].g_tr2.u_tree.held[3][4]$_DFFE_PP_/D (DFFHQNx1_ASAP7_75t_R) 1359.30 1500.38 -141.08 (VIOLATED)
u_e.wA[45]$_DFFE_PP_/D (DFFHQNx1_ASAP7_75t_R) 1415.38 1556.45 -141.07 (VIOLATED)
u_e.g_mac[1].g_tr2.u_tree.held[72][14]$_DFFE_PP_/D (DFFHQNx1_ASAP7_75t_R) 1358.76 1499.82 -141.06 (VIOLATED)
u_e.g_mac[1].g_tr2.u_tree.held[64][30]$_DFFE_PP_/D (DFFHQNx1_ASAP7_75t_R) 1366.19 1507.24 -141.06 (VIOLATED)
u_e.g_mac[1].g_tr2.u_tree.held[21][2]$_DFFE_PP_/D (DFFHQNx1_ASAP7_75t_R) 1358.19 1499.22 -141.03 (VIOLATED)
u_e.g_mac[0].g_tr2.u_tree.h_v[6]$_DFF_P_/D (DFFHQNx1_ASAP7_75t_R) 1361.51 1502.52 -141.01 (VIOLATED)
u_e.g_mac[1].g_tr2.u_tree.held[38][6]$_DFFE_PP_/D (DFFHQNx1_ASAP7_75t_R) 1364.09 1505.08 -140.99 (VIOLATED)
u_e.g_mac[1].g_tr2.u_tree.held[23][27]$_DFFE_PP_/D (DFFHQNx1_ASAP7_75t_R) 1378.84 1519.81 -140.98 (VIOLATED)
u_e.g_mac[1].g_tr2.u_tree.held[72][30]$_DFFE_PP_/D (DFFHQNx1_ASAP7_75t_R) 1381.07 1522.03 -140.96 (VIOLATED)
u_e.g_mac[1].g_tr2.u_tree.held[19][8]$_DFFE_PP_/D (DFFHQNx1_ASAP7_75t_R) 1357.19 1498.13 -140.94 (VIOLATED)
u_e.g_mac[1].g_tr2.u_tree.held[7][0]$_DFFE_PP_/D (DFFHQNx1_ASAP7_75t_R) 1356.56 1497.50 -140.93 (VIOLATED)
u_e.g_mac[1].g_tr2.u_tree.held[5][12]$_DFFE_PP_/D (DFFHQNx1_ASAP7_75t_R) 1358.92 1499.85 -140.93 (VIOLATED)
u_e.g_mac[1].g_tr2.u_tree.held[70][4]$_DFFE_PP_/D (DFFHQNx1_ASAP7_75t_R) 1362.75 1503.68 -140.92 (VIOLATED)
u_e.g_mac[1].g_tr2.u_tree.held[26][22]$_DFFE_PP_/D (DFFHQNx1_ASAP7_75t_R) 1367.90 1508.81 -140.91 (VIOLATED)
u_e.g_mac[1].g_tr2.u_tree.held[43][10]$_DFFE_PP_/D (DFFHQNx1_ASAP7_75t_R) 1358.43 1499.31 -140.88 (VIOLATED)
u_e.g_mac[1].g_tr2.u_tree.held[30][4]$_DFFE_PP_/D (DFFHQNx1_ASAP7_75t_R) 1358.54 1499.41 -140.87 (VIOLATED)
u_e.g_mac[1].g_tr2.u_tree.held[26][0]$_DFFE_PP_/D (DFFHQNx1_ASAP7_75t_R) 1358.61 1499.47 -140.86 (VIOLATED)
u_e.g_mac[1].g_tr2.u_tree.held[22][12]$_DFFE_PP_/D (DFFHQNx1_ASAP7_75t_R) 1359.26 1500.08 -140.83 (VIOLATED)
u_e.g_mac[1].g_l2.u_l0.p0_wq[9]$_DFF_P_/D (DFFHQNx2_ASAP7_75t_R) 1362.69 1503.51 -140.82 (VIOLATED)
u_e.g_mac[1].g_tr2.u_tree.held[61][27]$_DFFE_PP_/D (DFFHQNx1_ASAP7_75t_R) 1367.20 1508.00 -140.79 (VIOLATED)
u_e.g_mac[1].g_tr2.u_tree.held[21][5]$_DFFE_PP_/D (DFFHQNx1_ASAP7_75t_R) 1355.28 1496.06 -140.78 (VIOLATED)
u_e.g_mac[1].g_tr2.u_tree.held[37][22]$_DFFE_PP_/D (DFFHQNx1_ASAP7_75t_R) 1380.88 1521.65 -140.77 (VIOLATED)
u_e.g_mac[1].g_tr2.u_tree.held[71][14]$_DFFE_PP_/D (DFFHQNx1_ASAP7_75t_R) 1357.78 1498.53 -140.76 (VIOLATED)
u_e.g_mac[1].g_tr2.u_tree.held[74][15]$_DFFE_PP_/D (DFFHQNx1_ASAP7_75t_R) 1381.09 1521.83 -140.74 (VIOLATED)
u_e.g_mac[1].g_tr2.u_tree.held[36][29]$_DFFE_PP_/D (DFFHQNx1_ASAP7_75t_R) 1374.14 1514.85 -140.70 (VIOLATED)
u_e.g_mac[1].g_tr2.u_tree.held[25][5]$_DFFE_PP_/D (DFFHQNx1_ASAP7_75t_R) 1356.36 1497.05 -140.69 (VIOLATED)
u_e.g_mac[1].g_tr2.u_tree.held[9][23]$_DFFE_PP_/D (DFFHQNx1_ASAP7_75t_R) 1371.16 1511.84 -140.68 (VIOLATED)
u_e.g_mac[1].g_l2.u_l0.p1_p[19][6]$_DFF_P_/D (DFFHQNx1_ASAP7_75t_R) 1368.99 1509.67 -140.68 (VIOLATED)
u_e.g_mac[1].g_tr2.u_tree.held[8][4]$_DFFE_PP_/D (DFFHQNx1_ASAP7_75t_R) 1358.33 1499.00 -140.67 (VIOLATED)
u_e.g_mac[1].g_tr2.u_tree.add_a[28]$_DFF_P_/D (DFFHQNx1_ASAP7_75t_R) 1376.36 1517.02 -140.66 (VIOLATED)
u_e.g_mac[1].g_tr2.u_tree.held[79][23]$_DFFE_PP_/D (DFFHQNx1_ASAP7_75t_R) 1372.36 1513.02 -140.65 (VIOLATED)
u_e.g_mac[1].g_tr2.u_tree.held[42][8]$_DFFE_PP_/D (DFFHQNx1_ASAP7_75t_R) 1358.53 1499.17 -140.65 (VIOLATED)
u_e.g_mac[1].g_l2.u_l0.p1_p[9][5]$_DFF_P_/D (DFFHQNx1_ASAP7_75t_R) 1361.85 1502.45 -140.60 (VIOLATED)
u_e.g_mac[1].g_tr2.u_tree.held[12][27]$_DFFE_PP_/D (DFFHQNx1_ASAP7_75t_R) 1380.60 1521.20 -140.60 (VIOLATED)
u_e.g_mac[1].g_tr2.u_tree.held[23][19]$_DFFE_PP_/D (DFFHQNx1_ASAP7_75t_R) 1381.57 1522.16 -140.60 (VIOLATED)
u_e.g_mac[1].g_tr2.u_tree.held[42][1]$_DFFE_PP_/D (DFFHQNx1_ASAP7_75t_R) 1358.49 1499.07 -140.58 (VIOLATED)
u_e.g_mac[1].g_tr2.u_tree.held[19][25]$_DFFE_PP_/D (DFFHQNx1_ASAP7_75t_R) 1380.45 1521.02 -140.58 (VIOLATED)
u_e.g_mac[1].g_tr2.u_tree.held[42][6]$_DFFE_PP_/D (DFFHQNx1_ASAP7_75t_R) 1358.44 1499.01 -140.57 (VIOLATED)
u_e.g_mac[1].g_tr2.u_tree.held[77][17]$_DFFE_PP_/D (DFFHQNx1_ASAP7_75t_R) 1358.18 1498.70 -140.52 (VIOLATED)
u_e.g_mac[1].g_tr2.u_tree.add_a[15]$_DFF_P_/D (DFFHQNx1_ASAP7_75t_R) 1377.06 1517.57 -140.51 (VIOLATED)
u_e.g_mac[1].g_tr2.u_tree.held[7][3]$_DFFE_PP_/D (DFFHQNx1_ASAP7_75t_R) 1357.35 1497.83 -140.49 (VIOLATED)
u_e.g_mac[1].g_tr2.u_tree.held[76][14]$_DFFE_PP_/D (DFFHQNx1_ASAP7_75t_R) 1381.62 1522.06 -140.44 (VIOLATED)
u_e.g_mac[1].g_l2.u_l0.p0_wq[23]$_SDFF_PP0_/D (DFFHQNx2_ASAP7_75t_R) 1361.44 1501.86 -140.42 (VIOLATED)
u_e.g_mac[1].g_tr2.u_tree.add_a[23]$_DFF_P_/D (DFFHQNx1_ASAP7_75t_R) 1374.30 1514.71 -140.41 (VIOLATED)
u_e.g_mac[1].g_tr2.u_tree.add_a[21]$_DFF_P_/D (DFFHQNx1_ASAP7_75t_R) 1376.24 1516.63 -140.40 (VIOLATED)
u_e.g_mac[1].g_tr2.u_tree.held[3][12]$_DFFE_PP_/D (DFFHQNx1_ASAP7_75t_R) 1359.33 1499.71 -140.39 (VIOLATED)
u_e.g_mac[1].g_tr2.u_tree.held[22][17]$_DFFE_PP_/D (DFFHQNx1_ASAP7_75t_R) 1382.35 1522.73 -140.38 (VIOLATED)
u_e.g_mac[1].g_tr2.u_tree.held[7][14]$_DFFE_PP_/D (DFFHQNx1_ASAP7_75t_R) 1366.02 1506.40 -140.38 (VIOLATED)
u_e.g_mac[1].g_tr2.u_tree.held[33][25]$_DFFE_PP_/D (DFFHQNx1_ASAP7_75t_R) 1372.84 1513.21 -140.37 (VIOLATED)
u_e.g_mac[1].g_tr2.u_tree.held[43][19]$_DFFE_PP_/D (DFFHQNx1_ASAP7_75t_R) 1379.85 1520.21 -140.37 (VIOLATED)
u_e.g_mac[1].g_tr2.u_tree.have[73]$_DFFE_PN0P_/D (DFFASRHQNx1_ASAP7_75t_R) 1345.55 1485.90 -140.35 (VIOLATED)
u_e.g_mac[1].g_tr2.u_tree.held[66][4]$_DFFE_PP_/D (DFFHQNx1_ASAP7_75t_R) 1358.45 1498.80 -140.35 (VIOLATED)
u_e.g_mac[1].g_tr2.u_tree.held[77][6]$_DFFE_PP_/D (DFFHQNx1_ASAP7_75t_R) 1359.37 1499.69 -140.32 (VIOLATED)
u_e.g_mac[1].g_l2.u_l0.p1_p[3][6]$_DFF_P_/D (DFFHQNx1_ASAP7_75t_R) 1378.75 1519.06 -140.30 (VIOLATED)
u_e.g_mac[1].g_tr2.u_tree.infl[10][2]$_DFF_PN0_/D (DFFASRHQNx1_ASAP7_75t_R) 1358.12 1498.42 -140.30 (VIOLATED)
u_e.g_mac[1].g_tr2.u_tree.held[3][8]$_DFFE_PP_/D (DFFHQNx1_ASAP7_75t_R) 1362.81 1503.05 -140.23 (VIOLATED)
u_e.g_mac[1].g_tr2.u_tree.held[26][11]$_DFFE_PP_/D (DFFHQNx1_ASAP7_75t_R) 1358.04 1498.26 -140.22 (VIOLATED)
u_e.g_mac[1].g_tr2.u_tree.held[59][0]$_DFFE_PP_/D (DFFHQNx1_ASAP7_75t_R) 1359.01 1499.19 -140.18 (VIOLATED)
u_e.g_mac[1].g_tr2.u_tree.held[7][8]$_DFFE_PP_/D (DFFHQNx1_ASAP7_75t_R) 1357.58 1497.74 -140.17 (VIOLATED)
u_e.g_mac[1].g_tr2.u_tree.herr[57]$_DFFE_PN0P_/D (DFFASRHQNx1_ASAP7_75t_R) 1345.06 1485.19 -140.13 (VIOLATED)
u_e.g_mac[1].g_tr2.u_tree.held[70][1]$_DFFE_PP_/D (DFFHQNx1_ASAP7_75t_R) 1356.86 1496.98 -140.12 (VIOLATED)
u_e.g_mac[1].g_tr2.u_tree.held[0][18]$_DFFE_PP_/D (DFFHQNx1_ASAP7_75t_R) 1372.08 1512.17 -140.09 (VIOLATED)
u_e.g_mac[1].g_tr2.u_tree.held[3][3]$_DFFE_PP_/D (DFFHQNx1_ASAP7_75t_R) 1363.14 1503.20 -140.06 (VIOLATED)
u_e.g_mac[1].g_tr2.u_tree.held[26][25]$_DFFE_PP_/D (DFFHQNx1_ASAP7_75t_R) 1379.87 1519.93 -140.06 (VIOLATED)
u_e.g_mac[1].g_tr2.u_tree.held[77][14]$_DFFE_PP_/D (DFFHQNx1_ASAP7_75t_R) 1358.40 1498.43 -140.03 (VIOLATED)
u_e.g_mac[1].g_tr2.u_tree.held[62][2]$_DFFE_PP_/D (DFFHQNx1_ASAP7_75t_R) 1357.98 1497.97 -139.99 (VIOLATED)
u_e.g_mac[1].g_tr2.u_tree.held[75][26]$_DFFE_PP_/D (DFFHQNx1_ASAP7_75t_R) 1379.73 1519.72 -139.99 (VIOLATED)
u_e.g_mac[1].g_tr2.u_tree.held[37][14]$_DFFE_PP_/D (DFFHQNx1_ASAP7_75t_R) 1380.61 1520.56 -139.95 (VIOLATED)
u_e.g_mac[1].g_tr2.u_tree.held[8][6]$_DFFE_PP_/D (DFFHQNx1_ASAP7_75t_R) 1359.29 1499.23 -139.94 (VIOLATED)
u_e.g_mac[1].g_tr2.u_tree.held[36][26]$_DFFE_PP_/D (DFFHQNx1_ASAP7_75t_R) 1374.54 1514.48 -139.94 (VIOLATED)
u_e.g_mac[1].g_l2.u_l0.p0_wq[74]$_DFF_P_/D (DFFHQNx1_ASAP7_75t_R) 1360.80 1500.73 -139.93 (VIOLATED)
u_e.g_mac[1].g_tr2.u_tree.held[31][2]$_DFFE_PP_/D (DFFHQNx1_ASAP7_75t_R) 1359.45 1499.36 -139.91 (VIOLATED)
u_e.g_mac[1].g_l2.u_l0.p1_p[28][8]$_SDFF_PN0_/D (DFFHQNx1_ASAP7_75t_R) 1374.61 1514.51 -139.90 (VIOLATED)
u_e.g_mac[1].g_tr2.u_tree.held[43][28]$_DFFE_PP_/D (DFFHQNx1_ASAP7_75t_R) 1380.03 1519.93 -139.90 (VIOLATED)
u_e.g_mac[1].g_tr2.u_tree.held[72][21]$_DFFE_PP_/D (DFFHQNx1_ASAP7_75t_R) 1377.43 1517.23 -139.80 (VIOLATED)
u_e.g_mac[1].g_tr2.u_tree.held[62][20]$_DFFE_PP_/D (DFFHQNx1_ASAP7_75t_R) 1355.17 1494.94 -139.77 (VIOLATED)
u_e.g_mac[1].g_l2.u_l0.p1_p[25][5]$_DFF_P_/D (DFFHQNx1_ASAP7_75t_R) 1364.37 1504.13 -139.75 (VIOLATED)
u_e.g_mac[1].g_tr2.u_tree.held[23][25]$_DFFE_PP_/D (DFFHQNx1_ASAP7_75t_R) 1372.26 1511.99 -139.74 (VIOLATED)
u_e.g_mac[1].g_tr2.u_tree.held[33][26]$_DFFE_PP_/D (DFFHQNx1_ASAP7_75t_R) 1372.85 1512.59 -139.73 (VIOLATED)
u_e.g_mac[1].g_l2.u_l0.p1_p[19][7]$_DFF_P_/D (DFFHQNx1_ASAP7_75t_R) 1367.15 1506.88 -139.73 (VIOLATED)
u_e.g_mac[1].g_tr2.u_tree.held[49][14]$_DFFE_PP_/D (DFFHQNx1_ASAP7_75t_R) 1367.56 1507.29 -139.73 (VIOLATED)
u_e.g_mac[1].g_tr2.u_tree.held[30][13]$_DFFE_PP_/D (DFFHQNx1_ASAP7_75t_R) 1381.05 1520.77 -139.72 (VIOLATED)
u_e.g_mac[1].g_tr2.u_tree.held[7][18]$_DFFE_PP_/D (DFFHQNx1_ASAP7_75t_R) 1358.00 1497.72 -139.72 (VIOLATED)
u_e.g_mac[0].g_l2.u_l0.p1_p[19][7]$_DFF_P_/D (DFFHQNx1_ASAP7_75t_R) 1377.38 1517.07 -139.70 (VIOLATED)
u_e.wB[17]$_DFFE_PP_/D (DFFHQNx1_ASAP7_75t_R) 1416.88 1556.53 -139.65 (VIOLATED)
u_e.g_mac[1].g_tr2.u_tree.held[25][10]$_DFFE_PP_/D (DFFHQNx1_ASAP7_75t_R) 1357.18 1496.82 -139.64 (VIOLATED)
u_e.g_mac[0].g_tr2.u_tree.infl[1][1]$_DFF_PN0_/D (DFFASRHQNx1_ASAP7_75t_R) 1431.29 1570.87 -139.58 (VIOLATED)
u_e.g_mac[1].g_tr2.u_tree.held[67][22]$_DFFE_PP_/D (DFFHQNx1_ASAP7_75t_R) 1380.59 1520.17 -139.58 (VIOLATED)
u_e.wA[19]$_DFFE_PP_/D (DFFHQNx1_ASAP7_75t_R) 1416.56 1556.11 -139.55 (VIOLATED)
u_e.g_mac[1].g_tr2.u_tree.held[72][28]$_DFFE_PP_/D (DFFHQNx1_ASAP7_75t_R) 1375.10 1514.57 -139.47 (VIOLATED)
u_e.g_mac[1].g_tr2.u_tree.held[43][30]$_DFFE_PP_/D (DFFHQNx1_ASAP7_75t_R) 1381.12 1520.57 -139.45 (VIOLATED)
u_e.g_mac[1].g_l2.u_l0.p1_p[30][7]$_DFF_P_/D (DFFHQNx1_ASAP7_75t_R) 1376.70 1516.15 -139.45 (VIOLATED)
u_e.g_mac[0].g_tr2.u_tree.infl[10][3]$_DFF_PN0_/D (DFFASRHQNx1_ASAP7_75t_R) 1416.06 1555.49 -139.43 (VIOLATED)
u_e.g_mac[1].g_tr2.u_tree.held[5][17]$_DFFE_PP_/D (DFFHQNx1_ASAP7_75t_R) 1358.58 1498.01 -139.43 (VIOLATED)
u_e.g_mac[1].g_tr2.u_tree.have[47]$_DFFE_PN0P_/D (DFFASRHQNx1_ASAP7_75t_R) 1345.66 1485.05 -139.39 (VIOLATED)
u_e.g_mac[1].g_tr2.u_tree.held[72][17]$_DFFE_PP_/D (DFFHQNx1_ASAP7_75t_R) 1358.70 1498.08 -139.38 (VIOLATED)
u_e.g_mac[1].g_l2.u_l0.p0_wq[43]$_DFF_P_/D (DFFHQNx1_ASAP7_75t_R) 1370.61 1509.99 -139.38 (VIOLATED)
u_e.g_mac[1].g_tr2.u_tree.held[61][14]$_DFFE_PP_/D (DFFHQNx1_ASAP7_75t_R) 1357.68 1497.03 -139.34 (VIOLATED)
u_e.g_mac[1].g_tr2.u_tree.held[77][5]$_DFFE_PP_/D (DFFHQNx1_ASAP7_75t_R) 1359.42 1498.75 -139.33 (VIOLATED)
u_e.g_mac[1].g_tr2.u_tree.held[43][16]$_DFFE_PP_/D (DFFHQNx1_ASAP7_75t_R) 1359.90 1499.22 -139.31 (VIOLATED)
u_e.g_mac[1].g_tr2.u_tree.held[43][25]$_DFFE_PP_/D (DFFHQNx1_ASAP7_75t_R) 1380.17 1519.48 -139.31 (VIOLATED)
u_e.g_mac[1].g_tr2.u_tree.held[2][25]$_DFFE_PP_/D (DFFHQNx1_ASAP7_75t_R) 1373.05 1512.33 -139.28 (VIOLATED)
u_e.g_mac[0].g_tr2.u_tree.infl[15][2]$_DFF_PN0_/D (DFFASRHQNx1_ASAP7_75t_R) 1431.95 1571.17 -139.22 (VIOLATED)
u_e.g_mac[1].g_tr2.u_tree.held[11][14]$_DFFE_PP_/D (DFFHQNx1_ASAP7_75t_R) 1357.98 1497.20 -139.22 (VIOLATED)
u_e.g_mac[1].g_tr2.u_tree.held[16][16]$_DFFE_PP_/D (DFFHQNx1_ASAP7_75t_R) 1356.35 1495.52 -139.17 (VIOLATED)
u_e.g_mac[1].g_l2.u_l0.p1_p[22][6]$_DFF_P_/D (DFFHQNx1_ASAP7_75t_R) 1360.02 1499.17 -139.15 (VIOLATED)
u_e.g_mac[1].g_tr2.u_tree.held[19][19]$_DFFE_PP_/D (DFFHQNx1_ASAP7_75t_R) 1381.70 1520.83 -139.13 (VIOLATED)
u_e.g_mac[0].g_tr2.u_tree.held[35][26]$_DFFE_PP_/D (DFFHQNx1_ASAP7_75t_R) 1355.62 1494.73 -139.11 (VIOLATED)
u_e.g_mac[1].g_tr2.u_tree.held[39][14]$_DFFE_PP_/D (DFFHQNx1_ASAP7_75t_R) 1366.56 1505.67 -139.11 (VIOLATED)
u_e.g_mac[0].g_tr2.u_tree.h_v[1]$_DFF_P_/D (DFFHQNx1_ASAP7_75t_R) 1369.62 1508.71 -139.09 (VIOLATED)
u_e.g_mac[1].g_tr2.u_tree.held[74][22]$_DFFE_PP_/D (DFFHQNx1_ASAP7_75t_R) 1380.99 1520.07 -139.08 (VIOLATED)
u_e.g_mac[1].g_tr2.u_tree.held[43][29]$_DFFE_PP_/D (DFFHQNx1_ASAP7_75t_R) 1372.67 1511.74 -139.07 (VIOLATED)
u_e.g_mac[1].g_tr2.u_tree.held[43][27]$_DFFE_PP_/D (DFFHQNx1_ASAP7_75t_R) 1380.90 1519.92 -139.03 (VIOLATED)
u_e.g_mac[1].g_tr2.u_tree.held[72][18]$_DFFE_PP_/D (DFFHQNx1_ASAP7_75t_R) 1359.09 1498.07 -138.98 (VIOLATED)
u_e.g_mac[1].g_tr2.u_tree.held[2][26]$_DFFE_PP_/D (DFFHQNx1_ASAP7_75t_R) 1372.85 1511.82 -138.98 (VIOLATED)
u_e.g_mac[1].g_tr2.u_tree.held[2][21]$_DFFE_PP_/D (DFFHQNx1_ASAP7_75t_R) 1373.00 1511.97 -138.97 (VIOLATED)
u_e.g_mac[1].g_tr2.u_tree.held[30][26]$_DFFE_PP_/D (DFFHQNx1_ASAP7_75t_R) 1382.54 1521.50 -138.95 (VIOLATED)
u_e.g_mac[1].g_tr2.u_tree.held[61][0]$_DFFE_PP_/D (DFFHQNx1_ASAP7_75t_R) 1359.57 1498.52 -138.95 (VIOLATED)
u_e.g_mac[1].g_tr2.u_tree.held[29][15]$_DFFE_PP_/D (DFFHQNx1_ASAP7_75t_R) 1372.35 1511.29 -138.94 (VIOLATED)
u_e.g_mac[1].g_tr2.u_tree.held[74][14]$_DFFE_PP_/D (DFFHQNx1_ASAP7_75t_R) 1380.54 1519.44 -138.90 (VIOLATED)
u_e.g_mac[1].g_tr2.u_tree.held[66][10]$_DFFE_PP_/D (DFFHQNx1_ASAP7_75t_R) 1356.06 1494.88 -138.81 (VIOLATED)
u_e.g_mac[1].g_tr2.u_tree.infl[10][1]$_DFF_PN0_/D (DFFASRHQNx1_ASAP7_75t_R) 1358.24 1497.04 -138.81 (VIOLATED)
u_e.g_mac[1].g_tr2.u_tree.infl[8][2]$_DFF_PN0_/D (DFFASRHQNx1_ASAP7_75t_R) 1367.59 1506.39 -138.80 (VIOLATED)
u_e.g_mac[1].g_tr2.u_tree.held[9][26]$_DFFE_PP_/D (DFFHQNx1_ASAP7_75t_R) 1380.58 1519.37 -138.78 (VIOLATED)
u_e.g_mac[1].g_tr2.u_tree.held[29][0]$_DFFE_PP_/D (DFFHQNx1_ASAP7_75t_R) 1362.43 1501.18 -138.75 (VIOLATED)
u_e.g_mac[0].g_tr2.u_tree.infl[14][2]$_DFF_PN0_/D (DFFASRHQNx1_ASAP7_75t_R) 1431.53 1570.24 -138.72 (VIOLATED)
u_e.g_mac[1].g_tr2.u_tree.held[9][0]$_DFFE_PP_/D (DFFHQNx1_ASAP7_75t_R) 1358.30 1496.99 -138.68 (VIOLATED)
u_e.g_mac[1].g_tr2.u_tree.held[67][17]$_DFFE_PP_/D (DFFHQNx1_ASAP7_75t_R) 1381.48 1520.15 -138.67 (VIOLATED)
u_e.g_mac[0].g_tr2.u_tree.held[35][24]$_DFFE_PP_/D (DFFHQNx1_ASAP7_75t_R) 1356.27 1494.93 -138.67 (VIOLATED)
u_e.g_mac[1].g_tr2.u_tree.held[59][30]$_DFFE_PP_/D (DFFHQNx1_ASAP7_75t_R) 1378.92 1517.57 -138.65 (VIOLATED)
u_e.g_mac[0].g_tr2.u_tree.infl[5][2]$_DFF_PN0_/D (DFFASRHQNx1_ASAP7_75t_R) 1433.71 1572.36 -138.64 (VIOLATED)
u_e.g_mac[1].g_tr2.u_tree.add_a[17]$_DFF_P_/D (DFFHQNx1_ASAP7_75t_R) 1361.71 1500.36 -138.64 (VIOLATED)
u_e.g_mac[1].g_tr2.u_tree.held[59][29]$_DFFE_PP_/D (DFFHQNx1_ASAP7_75t_R) 1378.87 1517.51 -138.63 (VIOLATED)
u_e.g_mac[1].g_tr2.u_tree.held[7][22]$_DFFE_PP_/D (DFFHQNx1_ASAP7_75t_R) 1367.83 1506.44 -138.61 (VIOLATED)
u_e.g_mac[1].g_tr2.u_tree.held[67][30]$_DFFE_PP_/D (DFFHQNx1_ASAP7_75t_R) 1376.47 1515.09 -138.61 (VIOLATED)
u_e.g_mac[1].g_tr2.u_tree.held[29][24]$_DFFE_PP_/D (DFFHQNx1_ASAP7_75t_R) 1373.59 1512.15 -138.56 (VIOLATED)
u_e.w_s[2]$_DFFE_PP_/D (DFFHQNx1_ASAP7_75t_R) 1385.16 1523.67 -138.52 (VIOLATED)
u_e.g_mac[1].g_tr2.u_tree.held[32][18]$_DFFE_PP_/D (DFFHQNx1_ASAP7_75t_R) 1382.33 1520.82 -138.49 (VIOLATED)
u_e.g_mac[1].g_tr2.u_tree.held[16][10]$_DFFE_PP_/D (DFFHQNx1_ASAP7_75t_R) 1357.28 1495.77 -138.49 (VIOLATED)
u_e.g_mac[1].g_tr2.u_tree.held[51][7]$_DFFE_PP_/D (DFFHQNx1_ASAP7_75t_R) 1359.14 1497.54 -138.41 (VIOLATED)
u_e.g_mac[1].g_tr2.u_tree.held[26][26]$_DFFE_PP_/D (DFFHQNx1_ASAP7_75t_R) 1381.09 1519.48 -138.39 (VIOLATED)
u_e.g_mac[1].g_tr2.u_tree.held[49][30]$_DFFE_PP_/D (DFFHQNx1_ASAP7_75t_R) 1378.84 1517.19 -138.35 (VIOLATED)
u_e.g_mac[1].g_tr2.u_tree.herr[72]$_DFFE_PN0P_/D (DFFASRHQNx1_ASAP7_75t_R) 1355.77 1494.09 -138.32 (VIOLATED)
u_e.g_mac[1].g_tr2.u_tree.held[16][13]$_DFFE_PP_/D (DFFHQNx1_ASAP7_75t_R) 1356.26 1494.57 -138.31 (VIOLATED)
u_e.g_mac[1].g_tr2.u_tree.held[64][6]$_DFFE_PP_/D (DFFHQNx1_ASAP7_75t_R) 1363.60 1501.89 -138.29 (VIOLATED)
u_e.g_mac[1].g_tr2.u_tree.held[19][0]$_DFFE_PP_/D (DFFHQNx1_ASAP7_75t_R) 1362.18 1500.44 -138.26 (VIOLATED)
u_e.g_mac[1].g_tr2.u_tree.held[54][3]$_DFFE_PP_/D (DFFHQNx1_ASAP7_75t_R) 1356.99 1495.24 -138.26 (VIOLATED)
u_e.g_mac[1].g_tr2.u_tree.held[26][24]$_DFFE_PP_/D (DFFHQNx1_ASAP7_75t_R) 1381.45 1519.65 -138.20 (VIOLATED)
u_e.g_mac[1].g_tr2.u_tree.held[58][8]$_DFFE_PP_/D (DFFHQNx1_ASAP7_75t_R) 1357.89 1496.08 -138.19 (VIOLATED)
u_e.g_mac[1].g_tr2.u_tree.held[65][9]$_DFFE_PP_/D (DFFHQNx1_ASAP7_75t_R) 1358.83 1497.01 -138.17 (VIOLATED)
u_e.g_mac[1].g_tr2.u_tree.held[16][5]$_DFFE_PP_/D (DFFHQNx1_ASAP7_75t_R) 1357.04 1495.21 -138.17 (VIOLATED)
u_e.g_mac[1].g_tr2.u_tree.held[30][22]$_DFFE_PP_/D (DFFHQNx1_ASAP7_75t_R) 1379.37 1517.54 -138.17 (VIOLATED)
u_e.g_mac[0].g_l2.u_l0.p1_p[9][7]$_DFF_P_/D (DFFHQNx1_ASAP7_75t_R) 1375.47 1513.61 -138.14 (VIOLATED)
u_e.g_mac[1].g_tr2.u_tree.held[9][12]$_DFFE_PP_/D (DFFHQNx1_ASAP7_75t_R) 1358.88 1497.00 -138.13 (VIOLATED)
u_e.g_mac[1].g_tr2.u_tree.held[67][13]$_DFFE_PP_/D (DFFHQNx1_ASAP7_75t_R) 1381.46 1519.58 -138.12 (VIOLATED)
u_e.g_mac[1].g_tr2.u_tree.have[13]$_DFFE_PN0P_/D (DFFASRHQNx1_ASAP7_75t_R) 1340.19 1478.29 -138.11 (VIOLATED)
u_e.g_mac[1].g_tr2.u_tree.held[67][14]$_DFFE_PP_/D (DFFHQNx1_ASAP7_75t_R) 1381.95 1520.05 -138.11 (VIOLATED)
u_e.g_mac[0].g_l2.u_l0.p1_p[27][8]$_SDFF_PN0_/D (DFFHQNx1_ASAP7_75t_R) 1375.57 1513.67 -138.10 (VIOLATED)
u_e.g_mac[1].g_tr2.u_tree.held[29][19]$_DFFE_PP_/D (DFFHQNx1_ASAP7_75t_R) 1373.91 1511.98 -138.07 (VIOLATED)
u_e.g_mac[1].g_tr2.u_tree.held[5][25]$_DFFE_PP_/D (DFFHQNx1_ASAP7_75t_R) 1372.79 1510.87 -138.07 (VIOLATED)
u_e.g_mac[1].g_tr2.u_tree.have[25]$_DFFE_PN0P_/D (DFFASRHQNx1_ASAP7_75t_R) 1344.31 1482.34 -138.03 (VIOLATED)
u_e.g_mac[0].g_l2.u_l0.p1_p[9][6]$_DFF_P_/D (DFFHQNx1_ASAP7_75t_R) 1375.15 1513.17 -138.02 (VIOLATED)
u_e.g_mac[1].g_tr2.u_tree.held[66][2]$_DFFE_PP_/D (DFFHQNx1_ASAP7_75t_R) 1357.11 1495.12 -138.01 (VIOLATED)
u_e.g_mac[0].g_l2.u_l0.p1_p[16][6]$_DFF_P_/D (DFFHQNx1_ASAP7_75t_R) 1365.96 1503.91 -137.95 (VIOLATED)
u_e.g_mac[1].g_tr2.u_tree.held[26][31]$_DFFE_PP_/D (DFFHQNx1_ASAP7_75t_R) 1359.12 1497.05 -137.93 (VIOLATED)
u_e.g_mac[1].g_tr2.u_tree.held[16][9]$_DFFE_PP_/D (DFFHQNx1_ASAP7_75t_R) 1357.02 1494.95 -137.93 (VIOLATED)
u_e.g_mac[1].g_l2.u_l0.p1_p[2][6]$_DFF_P_/D (DFFHQNx1_ASAP7_75t_R) 1371.74 1509.66 -137.92 (VIOLATED)
u_e.g_mac[1].g_tr2.u_tree.held[2][8]$_DFFE_PP_/D (DFFHQNx1_ASAP7_75t_R) 1354.31 1492.21 -137.90 (VIOLATED)
u_e.g_mac[1].g_tr2.u_tree.held[0][31]$_DFFE_PP_/D (DFFHQNx1_ASAP7_75t_R) 1360.15 1498.03 -137.88 (VIOLATED)
u_e.g_mac[0].g_l2.u_l0.p0_we[7]$_DFF_P_/D (DFFHQNx1_ASAP7_75t_R) 1380.50 1518.34 -137.84 (VIOLATED)
u_e.g_mac[1].g_tr2.u_tree.herr[65]$_DFFE_PN0P_/D (DFFASRHQNx1_ASAP7_75t_R) 1355.42 1493.26 -137.84 (VIOLATED)
u_e.g_mac[1].g_tr2.u_tree.held[36][24]$_DFFE_PP_/D (DFFHQNx1_ASAP7_75t_R) 1374.71 1512.49 -137.79 (VIOLATED)
u_e.g_mac[1].g_tr2.u_tree.held[33][20]$_DFFE_PP_/D (DFFHQNx1_ASAP7_75t_R) 1372.27 1510.03 -137.76 (VIOLATED)
u_e.g_mac[0].g_l2.u_l0.p0_wq[243]$_DFF_P_/D (DFFHQNx1_ASAP7_75t_R) 1380.97 1518.71 -137.74 (VIOLATED)
u_e.g_mac[1].g_tr2.u_tree.held[49][17]$_DFFE_PP_/D (DFFHQNx1_ASAP7_75t_R) 1359.41 1497.13 -137.71 (VIOLATED)
u_e.g_mac[1].g_tr2.u_tree.held[61][15]$_DFFE_PP_/D (DFFHQNx1_ASAP7_75t_R) 1365.99 1503.71 -137.71 (VIOLATED)
u_e.g_mac[1].g_tr2.u_tree.held[38][2]$_DFFE_PP_/D (DFFHQNx1_ASAP7_75t_R) 1356.27 1493.95 -137.68 (VIOLATED)
u_e.g_mac[1].g_tr2.u_tree.held[9][24]$_DFFE_PP_/D (DFFHQNx1_ASAP7_75t_R) 1380.02 1517.70 -137.68 (VIOLATED)
u_e.g_mac[0].g_tr2.u_tree.h_v[8]$_DFF_P_/D (DFFHQNx1_ASAP7_75t_R) 1367.64 1505.30 -137.66 (VIOLATED)
u_e.g_mac[1].g_tr2.u_tree.held[51][0]$_DFFE_PP_/D (DFFHQNx1_ASAP7_75t_R) 1359.28 1496.93 -137.66 (VIOLATED)
u_e.g_mac[1].g_tr2.u_tree.held[9][7]$_DFFE_PP_/D (DFFHQNx1_ASAP7_75t_R) 1358.54 1496.18 -137.64 (VIOLATED)
u_e.g_mac[1].g_tr2.u_tree.held[43][15]$_DFFE_PP_/D (DFFHQNx1_ASAP7_75t_R) 1372.96 1510.57 -137.60 (VIOLATED)
u_e.g_mac[1].g_tr2.u_tree.held[69][6]$_DFFE_PP_/D (DFFHQNx1_ASAP7_75t_R) 1359.85 1497.43 -137.58 (VIOLATED)
u_e.g_mac[1].g_tr2.u_tree.add_a[13]$_DFF_P_/D (DFFHQNx1_ASAP7_75t_R) 1375.05 1512.62 -137.57 (VIOLATED)
u_e.g_mac[1].g_tr2.u_tree.held[31][25]$_DFFE_PP_/D (DFFHQNx1_ASAP7_75t_R) 1372.13 1509.69 -137.56 (VIOLATED)
u_e.g_mac[1].g_tr2.u_tree.held[49][31]$_DFFE_PP_/D (DFFHQNx1_ASAP7_75t_R) 1358.28 1495.84 -137.56 (VIOLATED)
u_e.g_mac[1].g_tr2.u_tree.held[26][18]$_DFFE_PP_/D (DFFHQNx1_ASAP7_75t_R) 1381.55 1519.10 -137.55 (VIOLATED)
u_e.g_mac[1].g_tr2.u_tree.held[58][13]$_DFFE_PP_/D (DFFHQNx1_ASAP7_75t_R) 1371.63 1509.18 -137.55 (VIOLATED)
u_e.g_mac[1].g_tr2.u_tree.held[10][17]$_DFFE_PP_/D (DFFHQNx1_ASAP7_75t_R) 1358.39 1495.92 -137.53 (VIOLATED)
u_e.g_mac[1].g_tr2.u_tree.held[26][28]$_DFFE_PP_/D (DFFHQNx1_ASAP7_75t_R) 1366.71 1504.24 -137.52 (VIOLATED)
u_e.g_mac[1].g_tr2.u_tree.held[11][30]$_DFFE_PP_/D (DFFHQNx1_ASAP7_75t_R) 1366.62 1504.15 -137.52 (VIOLATED)
u_e.g_mac[1].g_tr2.u_tree.held[9][15]$_DFFE_PP_/D (DFFHQNx1_ASAP7_75t_R) 1373.31 1510.82 -137.52 (VIOLATED)
u_e.g_mac[1].g_tr2.u_tree.held[33][14]$_DFFE_PP_/D (DFFHQNx1_ASAP7_75t_R) 1367.46 1504.97 -137.50 (VIOLATED)
u_e.g_mac[1].g_tr2.u_tree.held[65][8]$_DFFE_PP_/D (DFFHQNx1_ASAP7_75t_R) 1363.14 1500.63 -137.50 (VIOLATED)
u_e.g_mac[1].g_tr2.u_tree.held[26][2]$_DFFE_PP_/D (DFFHQNx1_ASAP7_75t_R) 1359.20 1496.70 -137.50 (VIOLATED)
u_e.g_mac[1].g_tr2.u_tree.held[23][22]$_DFFE_PP_/D (DFFHQNx1_ASAP7_75t_R) 1380.84 1518.33 -137.50 (VIOLATED)
u_e.g_mac[1].g_tr2.u_tree.held[46][7]$_DFFE_PP_/D (DFFHQNx1_ASAP7_75t_R) 1359.22 1496.71 -137.49 (VIOLATED)
u_e.g_mac[1].g_tr2.u_tree.held[61][19]$_DFFE_PP_/D (DFFHQNx1_ASAP7_75t_R) 1374.02 1511.50 -137.48 (VIOLATED)
u_e.g_mac[1].g_tr2.u_tree.infl[14][1]$_DFF_PN0_/D (DFFASRHQNx1_ASAP7_75t_R) 1371.14 1508.57 -137.43 (VIOLATED)
u_e.g_mac[0].g_tr2.u_tree.infl[9][2]$_DFF_PN0_/D (DFFASRHQNx1_ASAP7_75t_R) 1424.79 1562.22 -137.43 (VIOLATED)
u_e.g_mac[1].g_tr2.u_tree.held[61][18]$_DFFE_PP_/D (DFFHQNx1_ASAP7_75t_R) 1357.61 1495.03 -137.41 (VIOLATED)
u_e.g_mac[1].g_tr2.u_tree.held[70][28]$_DFFE_PP_/D (DFFHQNx1_ASAP7_75t_R) 1367.45 1504.84 -137.39 (VIOLATED)
u_e.g_mac[1].g_l2.u_l0.p1_p[24][6]$_DFF_P_/D (DFFHQNx1_ASAP7_75t_R) 1365.23 1502.61 -137.39 (VIOLATED)
u_e.g_mac[0].g_tr2.u_tree.h_v[25]$_DFF_P_/D (DFFHQNx1_ASAP7_75t_R) 1367.62 1504.97 -137.35 (VIOLATED)
u_e.g_mac[1].g_tr2.u_tree.held[51][31]$_DFFE_PP_/D (DFFHQNx1_ASAP7_75t_R) 1359.58 1496.92 -137.34 (VIOLATED)
u_e.g_mac[1].g_tr2.u_tree.held[7][17]$_DFFE_PP_/D (DFFHQNx1_ASAP7_75t_R) 1368.76 1506.10 -137.34 (VIOLATED)
u_e.g_mac[1].g_tr2.u_tree.held[62][13]$_DFFE_PP_/D (DFFHQNx1_ASAP7_75t_R) 1357.17 1494.50 -137.33 (VIOLATED)
u_e.g_mac[1].g_l2.u_l0.p1_p[16][8]$_SDFF_PN0_/D (DFFHQNx1_ASAP7_75t_R) 1360.04 1497.36 -137.32 (VIOLATED)
u_e.g_mac[1].g_tr2.u_tree.held[33][22]$_DFFE_PP_/D (DFFHQNx1_ASAP7_75t_R) 1367.68 1504.99 -137.31 (VIOLATED)
u_e.g_mac[1].g_l2.u_l0.p1_p[24][5]$_DFF_P_/D (DFFHQNx1_ASAP7_75t_R) 1365.27 1502.57 -137.30 (VIOLATED)
u_e.g_mac[1].g_tr2.u_tree.infl[7][3]$_DFF_PN0_/D (DFFASRHQNx1_ASAP7_75t_R) 1370.08 1507.36 -137.28 (VIOLATED)
u_e.g_mac[1].g_l2.u_l0.p1_p[2][7]$_DFF_P_/D (DFFHQNx1_ASAP7_75t_R) 1383.16 1520.44 -137.28 (VIOLATED)
u_e.g_mac[1].g_l2.u_l0.p1_p[27][7]$_DFF_P_/D (DFFHQNx1_ASAP7_75t_R) 1375.96 1513.19 -137.23 (VIOLATED)
u_e.g_mac[1].g_tr2.u_tree.have[57]$_DFFE_PN0P_/D (DFFASRHQNx1_ASAP7_75t_R) 1363.69 1500.91 -137.23 (VIOLATED)
u_e.g_mac[1].g_tr2.u_tree.held[75][16]$_DFFE_PP_/D (DFFHQNx1_ASAP7_75t_R) 1357.17 1494.36 -137.19 (VIOLATED)
u_e.g_mac[1].g_tr2.u_tree.held[57][25]$_DFFE_PP_/D (DFFHQNx1_ASAP7_75t_R) 1375.46 1512.65 -137.19 (VIOLATED)
u_e.g_mac[1].g_tr2.u_tree.held[74][28]$_DFFE_PP_/D (DFFHQNx1_ASAP7_75t_R) 1378.53 1515.71 -137.18 (VIOLATED)
u_e.g_mac[1].g_tr2.u_tree.held[33][24]$_DFFE_PP_/D (DFFHQNx1_ASAP7_75t_R) 1375.23 1512.40 -137.17 (VIOLATED)
u_e.g_mac[1].g_tr2.u_tree.held[70][23]$_DFFE_PP_/D (DFFHQNx1_ASAP7_75t_R) 1372.64 1509.77 -137.14 (VIOLATED)
u_e.g_mac[1].g_tr2.u_tree.held[65][29]$_DFFE_PP_/D (DFFHQNx1_ASAP7_75t_R) 1380.57 1517.70 -137.13 (VIOLATED)
u_e.g_mac[0].g_l2.u_l0.p1_p[4][5]$_DFF_P_/D (DFFHQNx1_ASAP7_75t_R) 1380.87 1517.95 -137.08 (VIOLATED)
u_e.g_mac[1].g_tr2.u_tree.held[59][26]$_DFFE_PP_/D (DFFHQNx1_ASAP7_75t_R) 1379.74 1516.82 -137.07 (VIOLATED)
u_e.g_mac[1].g_tr2.u_tree.held[51][5]$_DFFE_PP_/D (DFFHQNx1_ASAP7_75t_R) 1359.07 1496.13 -137.07 (VIOLATED)
u_e.g_mac[1].g_tr2.u_tree.held[26][21]$_DFFE_PP_/D (DFFHQNx1_ASAP7_75t_R) 1366.68 1503.72 -137.04 (VIOLATED)
u_e.g_mac[1].g_tr2.u_tree.held[3][9]$_DFFE_PP_/D (DFFHQNx1_ASAP7_75t_R) 1355.05 1492.09 -137.04 (VIOLATED)
u_e.g_mac[1].g_tr2.u_tree.held[72][24]$_DFFE_PP_/D (DFFHQNx1_ASAP7_75t_R) 1377.54 1514.55 -137.02 (VIOLATED)
u_e.g_mac[1].g_l2.u_l0.p1_p[17][6]$_DFF_P_/D (DFFHQNx1_ASAP7_75t_R) 1373.23 1510.24 -137.02 (VIOLATED)
u_e.g_mac[1].g_tr2.u_tree.held[9][27]$_DFFE_PP_/D (DFFHQNx1_ASAP7_75t_R) 1380.91 1517.91 -137.00 (VIOLATED)
u_e.g_mac[1].g_tr2.u_tree.held[49][2]$_DFFE_PP_/D (DFFHQNx1_ASAP7_75t_R) 1358.40 1495.41 -137.00 (VIOLATED)
u_e.g_mac[0].g_tr2.u_tree.h_v[22]$_DFF_P_/D (DFFHQNx1_ASAP7_75t_R) 1357.36 1494.32 -136.96 (VIOLATED)
u_e.g_mac[1].g_tr2.u_tree.held[43][24]$_DFFE_PP_/D (DFFHQNx1_ASAP7_75t_R) 1381.43 1518.38 -136.95 (VIOLATED)
u_e.g_mac[1].g_tr2.u_tree.held[49][9]$_DFFE_PP_/D (DFFHQNx1_ASAP7_75t_R) 1358.78 1495.71 -136.93 (VIOLATED)
u_e.g_mac[1].g_tr2.u_tree.held[79][14]$_DFFE_PP_/D (DFFHQNx1_ASAP7_75t_R) 1380.07 1516.97 -136.91 (VIOLATED)
u_e.g_mac[1].g_tr2.u_tree.held[68][2]$_DFFE_PP_/D (DFFHQNx1_ASAP7_75t_R) 1359.17 1496.08 -136.90 (VIOLATED)
u_e.g_mac[1].g_tr2.u_tree.add_a[20]$_DFF_P_/D (DFFHQNx1_ASAP7_75t_R) 1375.24 1512.12 -136.87 (VIOLATED)
u_e.g_mac[1].g_tr2.u_tree.herr[53]$_DFFE_PN0P_/D (DFFASRHQNx1_ASAP7_75t_R) 1355.32 1492.16 -136.84 (VIOLATED)
u_e.g_mac[0].g_tr2.u_tree.held[15][28]$_DFFE_PP_/D (DFFHQNx1_ASAP7_75t_R) 1363.43 1500.26 -136.83 (VIOLATED)
u_e.g_mac[1].g_tr2.u_tree.held[39][22]$_DFFE_PP_/D (DFFHQNx1_ASAP7_75t_R) 1368.87 1505.69 -136.81 (VIOLATED)
u_e.g_mac[1].g_tr2.u_tree.held[20][6]$_DFFE_PP_/D (DFFHQNx1_ASAP7_75t_R) 1359.48 1496.28 -136.81 (VIOLATED)
u_e.g_mac[1].g_tr2.u_tree.held[38][7]$_DFFE_PP_/D (DFFHQNx1_ASAP7_75t_R) 1358.77 1495.54 -136.77 (VIOLATED)
u_e.g_mac[1].g_tr2.u_tree.held[61][24]$_DFFE_PP_/D (DFFHQNx1_ASAP7_75t_R) 1373.62 1510.38 -136.75 (VIOLATED)
u_e.g_mac[1].g_tr2.u_tree.held[54][11]$_DFFE_PP_/D (DFFHQNx1_ASAP7_75t_R) 1357.75 1494.49 -136.75 (VIOLATED)
u_e.g_mac[1].g_tr2.u_tree.held[57][23]$_DFFE_PP_/D (DFFHQNx1_ASAP7_75t_R) 1372.65 1509.39 -136.74 (VIOLATED)
u_e.g_mac[1].g_l2.u_l0.p0_wq[35]$_DFF_P_/D (DFFHQNx1_ASAP7_75t_R) 1368.17 1504.91 -136.74 (VIOLATED)
u_e.g_mac[1].g_tr2.u_tree.have[38]$_DFFE_PN0P_/D (DFFASRHQNx1_ASAP7_75t_R) 1343.71 1480.45 -136.73 (VIOLATED)
u_e.g_mac[1].g_tr2.u_tree.held[29][29]$_DFFE_PP_/D (DFFHQNx1_ASAP7_75t_R) 1374.60 1511.30 -136.70 (VIOLATED)
u_e.g_mac[1].g_tr2.u_tree.held[19][6]$_DFFE_PP_/D (DFFHQNx1_ASAP7_75t_R) 1360.05 1496.75 -136.70 (VIOLATED)
u_e.g_mac[1].g_tr2.u_tree.held[33][23]$_DFFE_PP_/D (DFFHQNx1_ASAP7_75t_R) 1373.61 1510.28 -136.68 (VIOLATED)
u_e.g_mac[1].g_tr2.u_tree.held[67][7]$_DFFE_PP_/D (DFFHQNx1_ASAP7_75t_R) 1358.68 1495.35 -136.67 (VIOLATED)
u_e.g_mac[1].g_tr2.u_tree.held[29][22]$_DFFE_PP_/D (DFFHQNx1_ASAP7_75t_R) 1372.95 1509.58 -136.63 (VIOLATED)
u_e.g_mac[1].g_tr2.u_tree.held[58][20]$_DFFE_PP_/D (DFFHQNx1_ASAP7_75t_R) 1371.23 1507.84 -136.61 (VIOLATED)
u_e.g_mac[0].g_l2.u_l0.p1_p[14][4]$_DFF_P_/D (DFFHQNx1_ASAP7_75t_R) 1364.02 1500.63 -136.61 (VIOLATED)
u_e.g_mac[1].g_tr2.u_tree.held[26][15]$_DFFE_PP_/D (DFFHQNx1_ASAP7_75t_R) 1366.72 1503.33 -136.61 (VIOLATED)
u_e.g_mac[1].g_tr2.u_tree.have[36]$_DFFE_PN0P_/D (DFFASRHQNx1_ASAP7_75t_R) 1344.29 1480.89 -136.60 (VIOLATED)
u_e.g_mac[1].g_tr2.u_tree.infl[4][2]$_DFF_PN0_/D (DFFASRHQNx1_ASAP7_75t_R) 1371.03 1507.63 -136.59 (VIOLATED)
u_e.g_mac[1].g_tr2.u_tree.held[59][18]$_DFFE_PP_/D (DFFHQNx1_ASAP7_75t_R) 1370.68 1507.27 -136.59 (VIOLATED)
u_e.g_mac[0].g_tr2.u_tree.held[15][26]$_DFFE_PP_/D (DFFHQNx1_ASAP7_75t_R) 1361.96 1498.52 -136.57 (VIOLATED)
u_e.g_mac[1].g_tr2.u_tree.held[46][31]$_DFFE_PP_/D (DFFHQNx1_ASAP7_75t_R) 1359.70 1496.26 -136.56 (VIOLATED)
u_e.g_mac[1].g_ch2.u_c1.u_add.u_c8.g_r.r[22]$_DFF_P_/D (DFFHQNx2_ASAP7_75t_R) 1357.16 1493.71 -136.55 (VIOLATED)
u_e.g_mac[1].g_tr2.u_tree.held[5][15]$_DFFE_PP_/D (DFFHQNx1_ASAP7_75t_R) 1373.58 1510.13 -136.55 (VIOLATED)
u_e.g_mac[1].g_tr2.u_tree.held[11][12]$_DFFE_PP_/D (DFFHQNx1_ASAP7_75t_R) 1358.57 1495.11 -136.54 (VIOLATED)
u_e.g_mac[1].g_tr2.u_tree.held[74][18]$_DFFE_PP_/D (DFFHQNx1_ASAP7_75t_R) 1382.67 1519.19 -136.51 (VIOLATED)
u_e.g_mac[0].g_tr2.u_tree.h_v[28]$_DFF_P_/D (DFFHQNx1_ASAP7_75t_R) 1357.72 1494.20 -136.48 (VIOLATED)
u_e.g_mac[1].g_tr2.u_tree.held[9][30]$_DFFE_PP_/D (DFFHQNx1_ASAP7_75t_R) 1380.46 1516.88 -136.42 (VIOLATED)
u_e.g_mac[1].g_tr2.u_tree.held[21][14]$_DFFE_PP_/D (DFFHQNx1_ASAP7_75t_R) 1358.05 1494.47 -136.42 (VIOLATED)
u_e.g_mac[1].g_tr2.u_tree.held[54][2]$_DFFE_PP_/D (DFFHQNx1_ASAP7_75t_R) 1357.76 1494.09 -136.33 (VIOLATED)
u_e.g_mac[1].g_tr2.u_tree.held[69][27]$_DFFE_PP_/D (DFFHQNx1_ASAP7_75t_R) 1381.98 1518.30 -136.32 (VIOLATED)
u_e.g_mac[1].g_tr2.u_tree.held[5][30]$_DFFE_PP_/D (DFFHQNx1_ASAP7_75t_R) 1377.92 1514.24 -136.32 (VIOLATED)
u_e.g_mac[1].g_tr2.u_tree.held[25][9]$_DFFE_PP_/D (DFFHQNx1_ASAP7_75t_R) 1356.54 1492.85 -136.31 (VIOLATED)
u_e.g_mac[1].g_tr2.u_tree.held[54][0]$_DFFE_PP_/D (DFFHQNx1_ASAP7_75t_R) 1356.66 1492.95 -136.29 (VIOLATED)
u_e.g_mac[0].g_tr2.u_tree.infl[15][3]$_DFF_PN0_/D (DFFASRHQNx1_ASAP7_75t_R) 1431.36 1567.65 -136.29 (VIOLATED)
u_e.g_mac[0].g_l2.u_l0.p0_wq[23]$_SDFF_PP0_/D (DFFHQNx2_ASAP7_75t_R) 1376.74 1513.02 -136.28 (VIOLATED)
u_e.g_mac[1].g_tr2.u_tree.held[33][13]$_DFFE_PP_/D (DFFHQNx1_ASAP7_75t_R) 1372.95 1509.22 -136.27 (VIOLATED)
u_e.g_mac[1].g_tr2.u_tree.held[61][26]$_DFFE_PP_/D (DFFHQNx1_ASAP7_75t_R) 1372.97 1509.23 -136.26 (VIOLATED)
u_e.g_mac[1].g_l2.u_l0.p1_p[23][6]$_DFF_P_/D (DFFHQNx1_ASAP7_75t_R) 1361.01 1497.27 -136.26 (VIOLATED)
u_e.g_mac[1].g_tr2.u_tree.held[75][17]$_DFFE_PP_/D (DFFHQNx1_ASAP7_75t_R) 1358.60 1494.84 -136.24 (VIOLATED)
u_e.g_mac[1].g_tr2.u_tree.held[38][5]$_DFFE_PP_/D (DFFHQNx1_ASAP7_75t_R) 1359.27 1495.52 -136.24 (VIOLATED)
u_e.g_mac[1].g_tr2.u_tree.held[51][28]$_DFFE_PP_/D (DFFHQNx1_ASAP7_75t_R) 1379.81 1516.02 -136.22 (VIOLATED)
u_e.g_mac[0].g_tr2.u_tree.held[35][23]$_DFFE_PP_/D (DFFHQNx1_ASAP7_75t_R) 1357.72 1493.93 -136.21 (VIOLATED)
u_e.g_mac[1].g_tr2.u_tree.held[67][0]$_DFFE_PP_/D (DFFHQNx1_ASAP7_75t_R) 1358.86 1495.06 -136.20 (VIOLATED)
u_e.g_mac[1].g_tr2.u_tree.held[51][21]$_DFFE_PP_/D (DFFHQNx1_ASAP7_75t_R) 1374.16 1510.36 -136.20 (VIOLATED)
u_e.g_mac[1].g_tr2.u_tree.held[5][22]$_DFFE_PP_/D (DFFHQNx1_ASAP7_75t_R) 1372.91 1509.10 -136.19 (VIOLATED)
u_e.g_mac[1].g_tr2.u_tree.held[11][31]$_DFFE_PP_/D (DFFHQNx1_ASAP7_75t_R) 1359.06 1495.20 -136.14 (VIOLATED)
u_e.g_mac[1].g_tr2.u_tree.held[59][27]$_DFFE_PP_/D (DFFHQNx1_ASAP7_75t_R) 1380.21 1516.34 -136.13 (VIOLATED)
u_e.g_mac[1].g_tr2.u_tree.held[29][6]$_DFFE_PP_/D (DFFHQNx1_ASAP7_75t_R) 1363.74 1499.87 -136.13 (VIOLATED)
u_e.g_mac[1].g_tr2.u_tree.held[25][17]$_DFFE_PP_/D (DFFHQNx1_ASAP7_75t_R) 1381.49 1517.61 -136.12 (VIOLATED)
u_e.w_h$_DFFE_PP_/D (DFFHQNx1_ASAP7_75t_R) 1383.58 1519.70 -136.11 (VIOLATED)
u_e.g_mac[1].g_tr2.u_tree.held[65][30]$_DFFE_PP_/D (DFFHQNx1_ASAP7_75t_R) 1381.54 1517.63 -136.09 (VIOLATED)
u_e.g_mac[1].g_tr2.u_tree.held[61][11]$_DFFE_PP_/D (DFFHQNx1_ASAP7_75t_R) 1359.21 1495.29 -136.09 (VIOLATED)
u_e.g_mac[1].g_tr2.u_tree.held[37][6]$_DFFE_PP_/D (DFFHQNx1_ASAP7_75t_R) 1363.58 1499.67 -136.09 (VIOLATED)
u_e.g_mac[1].g_tr2.u_tree.held[6][17]$_DFFE_PP_/D (DFFHQNx1_ASAP7_75t_R) 1382.32 1518.40 -136.08 (VIOLATED)
u_e.g_mac[0].g_tr2.u_tree.infl[14][3]$_DFF_PN0_/D (DFFASRHQNx1_ASAP7_75t_R) 1431.44 1567.50 -136.05 (VIOLATED)
u_e.g_mac[1].g_tr2.u_tree.held[57][0]$_DFFE_PP_/D (DFFHQNx1_ASAP7_75t_R) 1356.59 1492.63 -136.04 (VIOLATED)
u_e.g_mac[1].g_tr2.u_tree.held[11][11]$_DFFE_PP_/D (DFFHQNx1_ASAP7_75t_R) 1358.94 1494.97 -136.03 (VIOLATED)
u_e.g_mac[1].g_l2.u_l0.p1_p[6][7]$_DFF_P_/D (DFFHQNx1_ASAP7_75t_R) 1381.90 1517.93 -136.03 (VIOLATED)
u_e.g_mac[1].g_tr2.u_tree.held[51][27]$_DFFE_PP_/D (DFFHQNx1_ASAP7_75t_R) 1379.68 1515.68 -136.00 (VIOLATED)
u_e.g_mac[1].g_tr2.u_tree.held[31][20]$_DFFE_PP_/D (DFFHQNx1_ASAP7_75t_R) 1373.20 1509.18 -135.98 (VIOLATED)
u_e.g_mac[1].g_tr2.u_tree.held[43][26]$_DFFE_PP_/D (DFFHQNx1_ASAP7_75t_R) 1372.39 1508.34 -135.95 (VIOLATED)
u_e.g_mac[1].g_tr2.u_tree.held[49][16]$_DFFE_PP_/D (DFFHQNx1_ASAP7_75t_R) 1359.79 1495.74 -135.95 (VIOLATED)
u_e.g_mac[1].g_tr2.u_tree.held[51][30]$_DFFE_PP_/D (DFFHQNx1_ASAP7_75t_R) 1380.95 1516.88 -135.92 (VIOLATED)
u_e.g_mac[1].g_tr2.u_tree.held[61][29]$_DFFE_PP_/D (DFFHQNx1_ASAP7_75t_R) 1373.93 1509.81 -135.89 (VIOLATED)
u_e.g_mac[1].g_tr2.u_tree.held[59][19]$_DFFE_PP_/D (DFFHQNx1_ASAP7_75t_R) 1381.73 1517.61 -135.87 (VIOLATED)
u_e.g_mac[1].g_tr2.u_tree.held[10][16]$_DFFE_PP_/D (DFFHQNx1_ASAP7_75t_R) 1358.84 1494.70 -135.86 (VIOLATED)
u_e.g_mac[1].g_tr2.u_tree.held[36][22]$_DFFE_PP_/D (DFFHQNx1_ASAP7_75t_R) 1368.61 1504.45 -135.85 (VIOLATED)
u_e.g_mac[1].g_tr2.u_tree.held[58][18]$_DFFE_PP_/D (DFFHQNx1_ASAP7_75t_R) 1371.96 1507.80 -135.84 (VIOLATED)
u_e.g_mac[1].g_tr2.u_tree.held[54][31]$_DFFE_PP_/D (DFFHQNx1_ASAP7_75t_R) 1359.05 1494.84 -135.79 (VIOLATED)
u_e.g_mac[1].g_tr2.u_tree.held[59][23]$_DFFE_PP_/D (DFFHQNx1_ASAP7_75t_R) 1371.98 1507.77 -135.79 (VIOLATED)
u_e.g_mac[1].g_tr2.u_tree.have[58]$_DFFE_PN0P_/D (DFFASRHQNx1_ASAP7_75t_R) 1363.78 1499.56 -135.77 (VIOLATED)
u_e.g_mac[1].g_tr2.u_tree.held[65][19]$_DFFE_PP_/D (DFFHQNx1_ASAP7_75t_R) 1378.31 1514.02 -135.71 (VIOLATED)
u_e.g_mac[1].g_tr2.u_tree.held[62][9]$_DFFE_PP_/D (DFFHQNx1_ASAP7_75t_R) 1359.31 1495.00 -135.69 (VIOLATED)
u_e.g_mac[1].g_tr2.u_tree.held[21][17]$_DFFE_PP_/D (DFFHQNx1_ASAP7_75t_R) 1358.73 1494.37 -135.64 (VIOLATED)
u_e.g_mac[1].g_tr2.u_tree.held[10][10]$_DFFE_PP_/D (DFFHQNx1_ASAP7_75t_R) 1359.53 1495.15 -135.62 (VIOLATED)
u_e.g_mac[1].g_tr2.u_tree.held[69][26]$_DFFE_PP_/D (DFFHQNx1_ASAP7_75t_R) 1381.98 1517.58 -135.61 (VIOLATED)
u_e.g_mac[1].g_tr2.u_tree.held[34][7]$_DFFE_PP_/D (DFFHQNx1_ASAP7_75t_R) 1359.06 1494.66 -135.60 (VIOLATED)
u_e.g_mac[1].g_tr2.u_tree.held[3][6]$_DFFE_PP_/D (DFFHQNx1_ASAP7_75t_R) 1358.75 1494.31 -135.56 (VIOLATED)
u_e.g_mac[1].g_tr2.u_tree.held[62][17]$_DFFE_PP_/D (DFFHQNx1_ASAP7_75t_R) 1358.94 1494.50 -135.56 (VIOLATED)
u_e.g_mac[1].g_tr2.u_tree.held[3][2]$_DFFE_PP_/D (DFFHQNx1_ASAP7_75t_R) 1358.15 1493.69 -135.54 (VIOLATED)
u_e.n_pos[0]$_SDFFCE_PP0P_/D (DFFHQNx1_ASAP7_75t_R) 1397.76 1533.27 -135.51 (VIOLATED)
u_e.g_mac[1].g_tr2.u_tree.held[15][30]$_DFFE_PP_/D (DFFHQNx1_ASAP7_75t_R) 1380.59 1516.10 -135.51 (VIOLATED)
u_e.g_mac[1].g_tr2.u_tree.add_a[10]$_DFF_P_/D (DFFHQNx1_ASAP7_75t_R) 1363.96 1499.45 -135.49 (VIOLATED)
u_e.g_mac[1].g_tr2.u_tree.held[23][20]$_DFFE_PP_/D (DFFHQNx1_ASAP7_75t_R) 1371.54 1507.00 -135.46 (VIOLATED)
u_e.g_mac[1].g_tr2.u_tree.held[1][16]$_DFFE_PP_/D (DFFHQNx1_ASAP7_75t_R) 1357.53 1492.98 -135.45 (VIOLATED)
u_e.g_mac[1].g_tr2.u_tree.held[54][8]$_DFFE_PP_/D (DFFHQNx1_ASAP7_75t_R) 1357.29 1492.71 -135.42 (VIOLATED)
u_e.g_mac[1].g_tr2.u_tree.held[74][24]$_DFFE_PP_/D (DFFHQNx1_ASAP7_75t_R) 1379.29 1514.71 -135.42 (VIOLATED)
u_e.g_mac[1].g_tr2.u_tree.held[61][2]$_DFFE_PP_/D (DFFHQNx1_ASAP7_75t_R) 1359.74 1495.13 -135.40 (VIOLATED)
u_e.g_mac[1].g_tr2.u_tree.held[66][11]$_DFFE_PP_/D (DFFHQNx1_ASAP7_75t_R) 1358.52 1493.91 -135.39 (VIOLATED)
u_e.g_mac[1].g_tr2.u_tree.held[69][24]$_DFFE_PP_/D (DFFHQNx1_ASAP7_75t_R) 1381.89 1517.26 -135.37 (VIOLATED)
u_e.g_mac[1].g_tr2.u_tree.held[68][20]$_DFFE_PP_/D (DFFHQNx1_ASAP7_75t_R) 1359.11 1494.48 -135.36 (VIOLATED)
u_e.g_mac[1].g_tr2.u_tree.held[33][17]$_DFFE_PP_/D (DFFHQNx1_ASAP7_75t_R) 1359.22 1494.58 -135.36 (VIOLATED)
u_e.g_mac[1].g_tr2.u_tree.held[68][16]$_DFFE_PP_/D (DFFHQNx1_ASAP7_75t_R) 1358.16 1493.51 -135.35 (VIOLATED)
u_e.g_mac[1].g_tr2.u_tree.held[26][13]$_DFFE_PP_/D (DFFHQNx1_ASAP7_75t_R) 1381.14 1516.49 -135.35 (VIOLATED)
u_e.g_mac[0].g_l2.u_l0.p1_p[13][5]$_DFF_P_/D (DFFHQNx1_ASAP7_75t_R) 1360.36 1495.71 -135.34 (VIOLATED)
u_e.g_mac[1].g_tr2.u_tree.held[57][4]$_DFFE_PP_/D (DFFHQNx1_ASAP7_75t_R) 1363.94 1499.20 -135.26 (VIOLATED)
u_e.g_mac[1].g_tr2.u_tree.held[13][2]$_DFFE_PP_/D (DFFHQNx1_ASAP7_75t_R) 1356.11 1491.31 -135.20 (VIOLATED)
u_e.g_mac[1].g_tr2.u_tree.held[11][2]$_DFFE_PP_/D (DFFHQNx1_ASAP7_75t_R) 1356.35 1491.47 -135.12 (VIOLATED)
u_e.g_mac[0].g_l2.u_l0.p1_p[31][8]$_SDFF_PN0_/D (DFFHQNx1_ASAP7_75t_R) 1364.83 1499.95 -135.12 (VIOLATED)
u_e.g_mac[1].g_tr2.u_tree.held[20][17]$_DFFE_PP_/D (DFFHQNx1_ASAP7_75t_R) 1381.59 1516.69 -135.11 (VIOLATED)
u_e.g_mac[1].g_tr2.u_tree.held[8][2]$_DFFE_PP_/D (DFFHQNx1_ASAP7_75t_R) 1359.08 1494.18 -135.10 (VIOLATED)
u_e.g_mac[1].g_tr2.u_tree.held[68][17]$_DFFE_PP_/D (DFFHQNx1_ASAP7_75t_R) 1358.25 1493.35 -135.10 (VIOLATED)
u_e.g_mac[1].g_tr2.u_tree.held[34][0]$_DFFE_PP_/D (DFFHQNx1_ASAP7_75t_R) 1359.62 1494.69 -135.08 (VIOLATED)
u_e.g_mac[1].g_tr2.u_tree.held[66][12]$_DFFE_PP_/D (DFFHQNx1_ASAP7_75t_R) 1357.47 1492.55 -135.07 (VIOLATED)
u_e.g_mac[1].g_tr2.u_tree.held[25][13]$_DFFE_PP_/D (DFFHQNx1_ASAP7_75t_R) 1381.37 1516.43 -135.06 (VIOLATED)
u_e.g_mac[1].g_tr2.u_tree.held[38][12]$_DFFE_PP_/D (DFFHQNx1_ASAP7_75t_R) 1357.10 1492.15 -135.05 (VIOLATED)
u_e.g_mac[1].g_l2.u_l0.p1_sh[21][4]$_DFF_P_/D (DFFHQNx1_ASAP7_75t_R) 1343.33 1478.37 -135.05 (VIOLATED)
u_e.g_mac[1].g_tr2.u_tree.held[15][24]$_DFFE_PP_/D (DFFHQNx1_ASAP7_75t_R) 1381.49 1516.54 -135.04 (VIOLATED)
u_e.g_mac[1].g_tr2.u_tree.held[26][19]$_DFFE_PP_/D (DFFHQNx1_ASAP7_75t_R) 1381.63 1516.65 -135.02 (VIOLATED)
u_e.g_mac[1].g_tr2.u_tree.held[1][14]$_DFFE_PP_/D (DFFHQNx1_ASAP7_75t_R) 1382.02 1517.02 -135.00 (VIOLATED)
u_e.g_mac[1].g_tr2.u_tree.held[62][5]$_DFFE_PP_/D (DFFHQNx1_ASAP7_75t_R) 1359.80 1494.70 -134.89 (VIOLATED)
u_e.g_mac[1].g_tr2.u_tree.held[51][11]$_DFFE_PP_/D (DFFHQNx1_ASAP7_75t_R) 1358.70 1493.59 -134.89 (VIOLATED)
u_e.g_mac[1].g_tr2.u_tree.held[57][13]$_DFFE_PP_/D (DFFHQNx1_ASAP7_75t_R) 1358.01 1492.82 -134.81 (VIOLATED)
u_e.g_mac[0].g_l2.u_l0.p1_p[13][8]$_SDFF_PN0_/D (DFFHQNx1_ASAP7_75t_R) 1374.05 1508.85 -134.80 (VIOLATED)
u_e.g_mac[0].g_tr2.u_tree.herr[35]$_DFFE_PN0P_/D (DFFASRHQNx1_ASAP7_75t_R) 1350.71 1485.49 -134.78 (VIOLATED)
u_e.g_mac[1].g_l2.u_l0.p1_p[3][7]$_DFF_P_/D (DFFHQNx1_ASAP7_75t_R) 1392.86 1527.63 -134.77 (VIOLATED)
u_e.g_mac[1].g_tr2.u_tree.held[43][22]$_DFFE_PP_/D (DFFHQNx1_ASAP7_75t_R) 1372.79 1507.51 -134.72 (VIOLATED)
u_e.g_mac[1].g_l2.u_l0.p1_sh[0][3]$_DFF_P_/D (DFFHQNx1_ASAP7_75t_R) 1365.28 1499.92 -134.64 (VIOLATED)
u_e.g_mac[1].g_tr2.u_tree.held[1][10]$_DFFE_PP_/D (DFFHQNx1_ASAP7_75t_R) 1357.86 1492.50 -134.64 (VIOLATED)
u_e.g_mac[1].g_tr2.u_tree.held[57][1]$_DFFE_PP_/D (DFFHQNx1_ASAP7_75t_R) 1362.97 1497.58 -134.61 (VIOLATED)
u_e.g_mac[1].g_tr2.u_tree.held[67][28]$_DFFE_PP_/D (DFFHQNx1_ASAP7_75t_R) 1376.75 1511.35 -134.60 (VIOLATED)
u_e.g_mac[1].g_tr2.u_tree.held[5][24]$_DFFE_PP_/D (DFFHQNx1_ASAP7_75t_R) 1375.20 1509.77 -134.57 (VIOLATED)
u_e.g_mac[0].g_tr2.u_tree.held[73][22]$_DFFE_PP_/D (DFFHQNx1_ASAP7_75t_R) 1356.46 1491.00 -134.54 (VIOLATED)
u_e.g_mac[1].g_tr2.u_tree.add_a[3]$_DFF_P_/D (DFFHQNx1_ASAP7_75t_R) 1355.77 1490.31 -134.54 (VIOLATED)
u_e.g_mac[0].g_tr2.u_tree.held[73][26]$_DFFE_PP_/D (DFFHQNx1_ASAP7_75t_R) 1356.74 1491.26 -134.52 (VIOLATED)
u_e.g_mac[1].g_tr2.u_tree.held[46][11]$_DFFE_PP_/D (DFFHQNx1_ASAP7_75t_R) 1358.10 1492.62 -134.52 (VIOLATED)
u_e.g_mac[1].g_tr2.u_tree.held[15][25]$_DFFE_PP_/D (DFFHQNx1_ASAP7_75t_R) 1381.62 1516.13 -134.51 (VIOLATED)
u_e.g_mac[1].g_tr2.u_tree.held[51][26]$_DFFE_PP_/D (DFFHQNx1_ASAP7_75t_R) 1381.58 1516.08 -134.51 (VIOLATED)
u_e.g_mac[1].g_tr2.u_tree.held[70][20]$_DFFE_PP_/D (DFFHQNx1_ASAP7_75t_R) 1374.46 1508.96 -134.51 (VIOLATED)
u_e.g_mac[1].g_tr2.u_tree.held[68][18]$_DFFE_PP_/D (DFFHQNx1_ASAP7_75t_R) 1358.64 1493.11 -134.47 (VIOLATED)
u_e.g_mac[1].g_tr2.u_tree.held[79][13]$_DFFE_PP_/D (DFFHQNx1_ASAP7_75t_R) 1380.41 1514.85 -134.44 (VIOLATED)
u_e.g_mac[0].g_l2.u_l0.p0_wq[187]$_DFF_P_/D (DFFHQNx1_ASAP7_75t_R) 1377.24 1511.64 -134.41 (VIOLATED)
u_e.g_mac[1].g_ch2.u_c1.u_add.u_c8.g_r.r[18]$_DFF_P_/D (DFFHQNx2_ASAP7_75t_R) 1357.20 1491.60 -134.40 (VIOLATED)
u_e.g_mac[1].g_tr2.u_tree.held[69][4]$_DFFE_PP_/D (DFFHQNx1_ASAP7_75t_R) 1359.57 1493.95 -134.38 (VIOLATED)
u_e.g_mac[1].g_tr2.u_tree.held[66][17]$_DFFE_PP_/D (DFFHQNx1_ASAP7_75t_R) 1358.24 1492.60 -134.36 (VIOLATED)
u_e.g_mac[1].g_tr2.u_tree.held[71][16]$_DFFE_PP_/D (DFFHQNx1_ASAP7_75t_R) 1357.45 1491.81 -134.36 (VIOLATED)
u_e.g_mac[1].g_tr2.u_tree.held[29][21]$_DFFE_PP_/D (DFFHQNx1_ASAP7_75t_R) 1375.42 1509.78 -134.36 (VIOLATED)
u_e.g_mac[1].g_tr2.u_tree.held[52][31]$_DFFE_PP_/D (DFFHQNx1_ASAP7_75t_R) 1359.50 1493.84 -134.35 (VIOLATED)
u_e.g_mac[1].g_tr2.u_tree.held[57][8]$_DFFE_PP_/D (DFFHQNx1_ASAP7_75t_R) 1363.83 1498.17 -134.34 (VIOLATED)
u_e.g_mac[1].g_tr2.u_tree.held[59][13]$_DFFE_PP_/D (DFFHQNx1_ASAP7_75t_R) 1371.50 1505.82 -134.32 (VIOLATED)
u_e.g_mac[1].g_tr2.u_tree.herr[7]$_DFFE_PN0P_/D (DFFASRHQNx1_ASAP7_75t_R) 1345.99 1480.27 -134.28 (VIOLATED)
u_e.g_mac[1].g_tr2.u_tree.held[71][17]$_DFFE_PP_/D (DFFHQNx1_ASAP7_75t_R) 1359.59 1493.85 -134.26 (VIOLATED)
u_e.g_mac[1].g_tr2.u_tree.held[52][17]$_DFFE_PP_/D (DFFHQNx1_ASAP7_75t_R) 1358.32 1492.58 -134.25 (VIOLATED)
u_e.g_mac[1].g_tr2.u_tree.held[5][21]$_DFFE_PP_/D (DFFHQNx1_ASAP7_75t_R) 1379.06 1513.31 -134.25 (VIOLATED)
u_e.g_mac[1].g_tr2.u_tree.held[69][2]$_DFFE_PP_/D (DFFHQNx1_ASAP7_75t_R) 1358.83 1493.05 -134.22 (VIOLATED)
u_e.g_mac[1].g_tr2.u_tree.held[45][8]$_DFFE_PP_/D (DFFHQNx1_ASAP7_75t_R) 1357.14 1491.35 -134.22 (VIOLATED)
u_e.g_mac[1].g_tr2.u_tree.held[11][29]$_DFFE_PP_/D (DFFHQNx1_ASAP7_75t_R) 1374.12 1508.32 -134.20 (VIOLATED)
u_e.g_mac[1].g_tr2.u_tree.held[51][24]$_DFFE_PP_/D (DFFHQNx1_ASAP7_75t_R) 1375.47 1509.66 -134.20 (VIOLATED)
u_e.g_mac[1].g_tr2.u_tree.held[70][6]$_DFFE_PP_/D (DFFHQNx1_ASAP7_75t_R) 1361.37 1495.56 -134.19 (VIOLATED)
u_e.g_mac[0].g_tr2.u_tree.infl[10][2]$_DFF_PN0_/D (DFFASRHQNx1_ASAP7_75t_R) 1416.16 1550.33 -134.17 (VIOLATED)
u_e.g_mac[1].g_tr2.u_tree.herr[9]$_DFFE_PN0P_/D (DFFASRHQNx1_ASAP7_75t_R) 1344.55 1478.72 -134.17 (VIOLATED)
u_e.g_mac[1].g_tr2.u_tree.herr[51]$_DFFE_PN0P_/D (DFFASRHQNx1_ASAP7_75t_R) 1344.47 1478.61 -134.14 (VIOLATED)
u_e.g_mac[1].g_tr2.u_tree.held[42][18]$_DFFE_PP_/D (DFFHQNx1_ASAP7_75t_R) 1382.56 1516.66 -134.10 (VIOLATED)
u_e.g_mac[1].g_tr2.u_tree.held[66][31]$_DFFE_PP_/D (DFFHQNx1_ASAP7_75t_R) 1359.54 1493.62 -134.08 (VIOLATED)
u_e.g_mac[1].g_tr2.u_tree.held[25][16]$_DFFE_PP_/D (DFFHQNx1_ASAP7_75t_R) 1358.70 1492.76 -134.06 (VIOLATED)
u_e.g_mac[1].g_tr2.u_tree.held[67][4]$_DFFE_PP_/D (DFFHQNx1_ASAP7_75t_R) 1358.39 1492.44 -134.04 (VIOLATED)
u_e.g_mac[1].g_tr2.u_tree.held[11][16]$_DFFE_PP_/D (DFFHQNx1_ASAP7_75t_R) 1358.31 1492.33 -134.02 (VIOLATED)
u_e.g_mac[1].g_tr2.u_tree.held[15][10]$_DFFE_PP_/D (DFFHQNx1_ASAP7_75t_R) 1358.18 1492.19 -134.01 (VIOLATED)
u_e.g_mac[0].g_l2.u_l0.p1_p[19][5]$_DFF_P_/D (DFFHQNx1_ASAP7_75t_R) 1365.11 1499.10 -133.99 (VIOLATED)
u_e.g_mac[1].g_tr2.u_tree.held[62][1]$_DFFE_PP_/D (DFFHQNx1_ASAP7_75t_R) 1359.58 1493.54 -133.96 (VIOLATED)
u_e.g_mac[1].g_tr2.u_tree.held[13][12]$_DFFE_PP_/D (DFFHQNx1_ASAP7_75t_R) 1357.13 1491.05 -133.92 (VIOLATED)
u_e.g_mac[1].g_l2.u_l0.p0_wq[10]$_DFF_P_/D (DFFHQNx1_ASAP7_75t_R) 1354.52 1488.37 -133.86 (VIOLATED)
u_e.g_mac[1].g_tr2.u_tree.held[61][7]$_DFFE_PP_/D (DFFHQNx1_ASAP7_75t_R) 1359.53 1493.39 -133.85 (VIOLATED)
u_e.g_mac[1].g_tr2.u_tree.held[62][14]$_DFFE_PP_/D (DFFHQNx1_ASAP7_75t_R) 1368.43 1502.28 -133.84 (VIOLATED)
u_e.g_mac[1].g_tr2.u_tree.held[5][11]$_DFFE_PP_/D (DFFHQNx1_ASAP7_75t_R) 1358.40 1492.23 -133.83 (VIOLATED)
u_e.g_mac[1].g_tr2.u_tree.held[57][24]$_DFFE_PP_/D (DFFHQNx1_ASAP7_75t_R) 1373.84 1507.66 -133.82 (VIOLATED)
u_e.g_mac[1].g_tr2.u_tree.held[59][20]$_DFFE_PP_/D (DFFHQNx1_ASAP7_75t_R) 1372.09 1505.90 -133.82 (VIOLATED)
u_e.g_mac[0].g_tr2.u_tree.herr[76]$_DFFE_PN0P_/D (DFFASRHQNx1_ASAP7_75t_R) 1350.69 1484.49 -133.80 (VIOLATED)
u_e.g_mac[1].g_tr2.u_tree.held[66][16]$_DFFE_PP_/D (DFFHQNx1_ASAP7_75t_R) 1359.35 1493.15 -133.79 (VIOLATED)
u_e.g_mac[1].g_tr2.u_tree.held[39][9]$_DFFE_PP_/D (DFFHQNx1_ASAP7_75t_R) 1357.27 1491.05 -133.79 (VIOLATED)
u_e.g_mac[1].g_tr2.u_tree.held[11][17]$_DFFE_PP_/D (DFFHQNx1_ASAP7_75t_R) 1358.58 1492.35 -133.76 (VIOLATED)
u_e.g_mac[1].g_tr2.u_tree.held[46][2]$_DFFE_PP_/D (DFFHQNx1_ASAP7_75t_R) 1358.89 1492.65 -133.76 (VIOLATED)
u_e.g_mac[1].g_tr2.u_tree.held[72][11]$_DFFE_PP_/D (DFFHQNx1_ASAP7_75t_R) 1358.35 1492.10 -133.74 (VIOLATED)
u_e.g_mac[1].g_tr2.u_tree.held[51][4]$_DFFE_PP_/D (DFFHQNx1_ASAP7_75t_R) 1359.63 1493.35 -133.72 (VIOLATED)
u_e.g_mac[1].g_tr2.u_tree.held[29][28]$_DFFE_PP_/D (DFFHQNx1_ASAP7_75t_R) 1375.00 1508.70 -133.70 (VIOLATED)
u_e.g_mac[1].g_tr2.u_tree.held[59][25]$_DFFE_PP_/D (DFFHQNx1_ASAP7_75t_R) 1372.99 1506.68 -133.69 (VIOLATED)
u_e.g_mac[1].g_tr2.u_tree.held[11][19]$_DFFE_PP_/D (DFFHQNx1_ASAP7_75t_R) 1374.36 1508.05 -133.69 (VIOLATED)
u_e.g_mac[1].g_tr2.u_tree.held[59][21]$_DFFE_PP_/D (DFFHQNx1_ASAP7_75t_R) 1374.72 1508.37 -133.65 (VIOLATED)
u_e.g_mac[1].g_tr2.u_tree.held[9][29]$_DFFE_PP_/D (DFFHQNx1_ASAP7_75t_R) 1380.92 1514.56 -133.65 (VIOLATED)
u_e.g_mac[1].g_tr2.u_tree.held[38][31]$_DFFE_PP_/D (DFFHQNx1_ASAP7_75t_R) 1358.57 1492.21 -133.64 (VIOLATED)
u_e.g_mac[1].g_tr2.u_tree.held[62][0]$_DFFE_PP_/D (DFFHQNx1_ASAP7_75t_R) 1358.92 1492.56 -133.64 (VIOLATED)
u_e.g_mac[0].g_tr2.u_tree.infl[5][3]$_DFF_PN0_/D (DFFASRHQNx1_ASAP7_75t_R) 1433.60 1567.24 -133.64 (VIOLATED)
u_e.g_mac[1].g_tr2.u_tree.held[42][17]$_DFFE_PP_/D (DFFHQNx1_ASAP7_75t_R) 1381.78 1515.38 -133.60 (VIOLATED)
u_e.g_mac[1].g_tr2.u_tree.held[48][14]$_DFFE_PP_/D (DFFHQNx1_ASAP7_75t_R) 1367.72 1501.32 -133.60 (VIOLATED)
u_e.g_mac[0].g_l2.u_l0.p1_p[4][8]$_SDFF_PN0_/D (DFFHQNx1_ASAP7_75t_R) 1393.12 1526.72 -133.59 (VIOLATED)
u_e.g_mac[1].g_tr2.u_tree.held[15][13]$_DFFE_PP_/D (DFFHQNx1_ASAP7_75t_R) 1358.77 1492.32 -133.55 (VIOLATED)
u_e.g_mac[1].g_tr2.u_tree.held[21][6]$_DFFE_PP_/D (DFFHQNx1_ASAP7_75t_R) 1362.27 1495.78 -133.51 (VIOLATED)
u_e.g_mac[1].g_tr2.u_tree.add_a[30]$_DFF_P_/D (DFFHQNx1_ASAP7_75t_R) 1377.02 1510.51 -133.49 (VIOLATED)
u_e.g_mac[1].g_tr2.u_tree.held[35][12]$_DFFE_PP_/D (DFFHQNx1_ASAP7_75t_R) 1358.21 1491.66 -133.45 (VIOLATED)
u_e.g_mac[1].g_tr2.u_tree.held[58][0]$_DFFE_PP_/D (DFFHQNx1_ASAP7_75t_R) 1358.60 1492.02 -133.41 (VIOLATED)
u_e.g_mac[1].g_tr2.u_tree.held[11][27]$_DFFE_PP_/D (DFFHQNx1_ASAP7_75t_R) 1366.22 1499.62 -133.40 (VIOLATED)
u_e.g_mac[1].g_tr2.u_tree.held[11][7]$_DFFE_PP_/D (DFFHQNx1_ASAP7_75t_R) 1359.66 1493.04 -133.38 (VIOLATED)
u_e.g_mac[1].g_tr2.u_tree.held[72][22]$_DFFE_PP_/D (DFFHQNx1_ASAP7_75t_R) 1381.04 1514.39 -133.35 (VIOLATED)
u_e.g_mac[1].g_tr2.u_tree.held[65][26]$_DFFE_PP_/D (DFFHQNx1_ASAP7_75t_R) 1382.10 1515.41 -133.31 (VIOLATED)
u_e.g_mac[1].g_tr2.u_tree.held[39][5]$_DFFE_PP_/D (DFFHQNx1_ASAP7_75t_R) 1372.60 1505.89 -133.29 (VIOLATED)
u_e.g_mac[1].g_tr2.u_tree.held[11][10]$_DFFE_PP_/D (DFFHQNx1_ASAP7_75t_R) 1356.21 1489.47 -133.27 (VIOLATED)
u_e.g_mac[1].g_tr2.u_tree.held[62][7]$_DFFE_PP_/D (DFFHQNx1_ASAP7_75t_R) 1359.38 1492.52 -133.14 (VIOLATED)
u_e.g_mac[1].g_tr2.u_tree.held[72][31]$_DFFE_PP_/D (DFFHQNx1_ASAP7_75t_R) 1358.63 1491.71 -133.08 (VIOLATED)
u_e.g_mac[1].g_l2.u_l0.p0_we[8]$_DFF_P_/D (DFFHQNx1_ASAP7_75t_R) 1360.68 1493.76 -133.08 (VIOLATED)
u_e.g_mac[1].g_tr2.u_tree.held[58][11]$_DFFE_PP_/D (DFFHQNx1_ASAP7_75t_R) 1358.19 1491.22 -133.03 (VIOLATED)
u_e.g_mac[1].g_tr2.u_tree.held[72][13]$_DFFE_PP_/D (DFFHQNx1_ASAP7_75t_R) 1380.93 1513.95 -133.02 (VIOLATED)
u_e.g_mac[1].g_tr2.u_tree.held[19][10]$_DFFE_PP_/D (DFFHQNx1_ASAP7_75t_R) 1356.08 1489.06 -132.97 (VIOLATED)
u_e.g_mac[1].g_tr2.u_tree.held[59][15]$_DFFE_PP_/D (DFFHQNx1_ASAP7_75t_R) 1373.62 1506.58 -132.96 (VIOLATED)
u_e.g_mac[1].g_tr2.u_tree.held[13][31]$_DFFE_PP_/D (DFFHQNx1_ASAP7_75t_R) 1358.45 1491.40 -132.95 (VIOLATED)
u_e.g_mac[1].g_tr2.u_tree.held[57][3]$_DFFE_PP_/D (DFFHQNx1_ASAP7_75t_R) 1364.02 1496.95 -132.94 (VIOLATED)
u_e.g_mac[1].g_tr2.u_tree.held[28][2]$_DFFE_PP_/D (DFFHQNx1_ASAP7_75t_R) 1359.34 1492.24 -132.90 (VIOLATED)
u_e.g_mac[1].g_tr2.u_tree.held[28][12]$_DFFE_PP_/D (DFFHQNx1_ASAP7_75t_R) 1359.18 1492.04 -132.86 (VIOLATED)
u_e.g_mac[0].g_tr2.u_tree.held[4][22]$_DFFE_PP_/D (DFFHQNx1_ASAP7_75t_R) 1355.44 1488.29 -132.85 (VIOLATED)
u_e.g_mac[1].g_tr2.u_tree.held[64][20]$_DFFE_PP_/D (DFFHQNx1_ASAP7_75t_R) 1355.11 1487.95 -132.84 (VIOLATED)
u_e.g_mac[0].g_tr2.u_tree.infl[0][2]$_DFF_PN0_/D (DFFASRHQNx1_ASAP7_75t_R) 1415.51 1548.33 -132.82 (VIOLATED)
u_e.g_mac[1].g_tr2.u_tree.held[13][7]$_DFFE_PP_/D (DFFHQNx1_ASAP7_75t_R) 1359.22 1492.03 -132.80 (VIOLATED)
u_e.g_mac[1].g_tr2.u_tree.held[2][11]$_DFFE_PP_/D (DFFHQNx1_ASAP7_75t_R) 1357.69 1490.48 -132.79 (VIOLATED)
u_e.g_mac[1].g_tr2.u_tree.held[11][5]$_DFFE_PP_/D (DFFHQNx1_ASAP7_75t_R) 1359.57 1492.33 -132.76 (VIOLATED)
u_e.g_mac[1].g_tr2.u_tree.held[48][15]$_DFFE_PP_/D (DFFHQNx1_ASAP7_75t_R) 1368.26 1501.01 -132.75 (VIOLATED)
u_e.g_mac[0].g_tr2.u_tree.herr[4]$_DFFE_PN0P_/D (DFFASRHQNx1_ASAP7_75t_R) 1350.80 1483.47 -132.67 (VIOLATED)
u_e.g_mac[1].g_tr2.u_tree.held[2][31]$_DFFE_PP_/D (DFFHQNx1_ASAP7_75t_R) 1359.09 1491.75 -132.67 (VIOLATED)
u_e.g_mac[1].g_tr2.u_tree.held[21][1]$_DFFE_PP_/D (DFFHQNx1_ASAP7_75t_R) 1362.12 1494.79 -132.66 (VIOLATED)
u_e.g_mac[1].g_tr2.u_tree.held[33][3]$_DFFE_PP_/D (DFFHQNx1_ASAP7_75t_R) 1356.24 1488.90 -132.66 (VIOLATED)
u_e.g_mac[1].g_tr2.u_tree.held[19][4]$_DFFE_PP_/D (DFFHQNx1_ASAP7_75t_R) 1358.65 1491.31 -132.65 (VIOLATED)
u_e.g_mac[1].g_tr2.u_tree.held[51][12]$_DFFE_PP_/D (DFFHQNx1_ASAP7_75t_R) 1359.96 1492.60 -132.64 (VIOLATED)
u_e.g_mac[1].g_tr2.u_tree.held[42][4]$_DFFE_PP_/D (DFFHQNx1_ASAP7_75t_R) 1358.19 1490.82 -132.64 (VIOLATED)
u_e.g_mac[1].g_tr2.u_tree.held[15][27]$_DFFE_PP_/D (DFFHQNx1_ASAP7_75t_R) 1378.58 1511.21 -132.63 (VIOLATED)
u_e.g_mac[1].g_tr2.u_tree.held[64][13]$_DFFE_PP_/D (DFFHQNx1_ASAP7_75t_R) 1355.58 1488.21 -132.63 (VIOLATED)
u_e.g_mac[1].g_tr2.u_tree.held[15][29]$_DFFE_PP_/D (DFFHQNx1_ASAP7_75t_R) 1380.24 1512.84 -132.60 (VIOLATED)
u_e.g_mac[0].g_l2.u_l0.p1_p[16][7]$_DFF_P_/D (DFFHQNx1_ASAP7_75t_R) 1365.09 1497.69 -132.60 (VIOLATED)
u_e.g_mac[1].g_tr2.u_tree.held[11][13]$_DFFE_PP_/D (DFFHQNx1_ASAP7_75t_R) 1358.73 1491.30 -132.57 (VIOLATED)
u_e.g_mac[0].g_l2.u_l0.p0_wq[242]$_DFF_P_/D (DFFHQNx1_ASAP7_75t_R) 1381.19 1513.75 -132.56 (VIOLATED)
u_e.g_mac[1].g_tr2.u_tree.held[5][26]$_DFFE_PP_/D (DFFHQNx1_ASAP7_75t_R) 1382.00 1514.56 -132.56 (VIOLATED)
u_e.n_pos[1]$_SDFFCE_PP0P_/D (DFFHQNx1_ASAP7_75t_R) 1385.01 1517.53 -132.52 (VIOLATED)
u_e.g_mac[1].g_tr2.u_tree.held[64][9]$_DFFE_PP_/D (DFFHQNx1_ASAP7_75t_R) 1356.71 1489.23 -132.52 (VIOLATED)
u_e.g_mac[1].g_tr2.u_tree.held[33][8]$_DFFE_PP_/D (DFFHQNx1_ASAP7_75t_R) 1356.84 1489.36 -132.52 (VIOLATED)
u_e.g_mac[1].g_tr2.u_tree.held[42][22]$_DFFE_PP_/D (DFFHQNx1_ASAP7_75t_R) 1381.92 1514.43 -132.50 (VIOLATED)
u_e.g_mac[1].g_tr2.u_tree.held[5][7]$_DFFE_PP_/D (DFFHQNx1_ASAP7_75t_R) 1360.01 1492.50 -132.49 (VIOLATED)
u_e.g_mac[1].g_tr2.u_tree.held[15][28]$_DFFE_PP_/D (DFFHQNx1_ASAP7_75t_R) 1375.13 1507.61 -132.49 (VIOLATED)
u_e.g_mac[0].g_l2.u_l0.p1_p[27][5]$_DFF_P_/D (DFFHQNx1_ASAP7_75t_R) 1374.90 1507.39 -132.49 (VIOLATED)
u_e.g_mac[1].g_tr2.u_tree.held[28][31]$_DFFE_PP_/D (DFFHQNx1_ASAP7_75t_R) 1359.47 1491.95 -132.48 (VIOLATED)
u_e.g_mac[1].g_tr2.u_tree.held[27][28]$_DFFE_PP_/D (DFFHQNx1_ASAP7_75t_R) 1366.00 1498.43 -132.44 (VIOLATED)
u_e.g_mac[1].g_tr2.u_tree.held[4][7]$_DFFE_PP_/D (DFFHQNx1_ASAP7_75t_R) 1359.52 1491.88 -132.36 (VIOLATED)
u_e.g_mac[1].g_tr2.u_tree.held[7][24]$_DFFE_PP_/D (DFFHQNx1_ASAP7_75t_R) 1379.95 1512.31 -132.36 (VIOLATED)
u_e.g_mac[1].g_tr2.u_tree.held[47][21]$_DFFE_PP_/D (DFFHQNx1_ASAP7_75t_R) 1377.45 1509.80 -132.35 (VIOLATED)
u_e.g_mac[1].g_tr2.u_tree.infl[11][1]$_DFF_PN0_/D (DFFASRHQNx1_ASAP7_75t_R) 1370.88 1503.23 -132.34 (VIOLATED)
u_e.g_mac[1].g_tr2.u_tree.held[7][27]$_DFFE_PP_/D (DFFHQNx1_ASAP7_75t_R) 1379.13 1511.47 -132.34 (VIOLATED)
u_e.g_mac[1].g_tr2.u_tree.held[52][11]$_DFFE_PP_/D (DFFHQNx1_ASAP7_75t_R) 1359.20 1491.53 -132.33 (VIOLATED)
u_e.g_mac[1].g_tr2.u_tree.held[5][27]$_DFFE_PP_/D (DFFHQNx1_ASAP7_75t_R) 1380.21 1512.53 -132.33 (VIOLATED)
u_e.g_mac[1].g_tr2.u_tree.held[70][21]$_DFFE_PP_/D (DFFHQNx1_ASAP7_75t_R) 1366.67 1498.98 -132.32 (VIOLATED)
u_e.g_mac[1].g_tr2.u_tree.held[15][5]$_DFFE_PP_/D (DFFHQNx1_ASAP7_75t_R) 1359.66 1491.97 -132.31 (VIOLATED)
u_e.g_mac[1].g_tr2.u_tree.held[11][18]$_DFFE_PP_/D (DFFHQNx1_ASAP7_75t_R) 1372.08 1504.36 -132.28 (VIOLATED)
u_e.g_mac[1].g_l2.u_l0.p0_wq[58]$_DFF_P_/D (DFFHQNx1_ASAP7_75t_R) 1359.05 1491.31 -132.26 (VIOLATED)
u_e.g_mac[1].g_tr2.u_tree.held[37][2]$_DFFE_PP_/D (DFFHQNx1_ASAP7_75t_R) 1359.21 1491.43 -132.22 (VIOLATED)
u_e.g_mac[1].g_tr2.u_tree.held[11][23]$_DFFE_PP_/D (DFFHQNx1_ASAP7_75t_R) 1372.01 1504.24 -132.22 (VIOLATED)
u_e.g_mac[1].g_tr2.u_tree.held[2][0]$_DFFE_PP_/D (DFFHQNx1_ASAP7_75t_R) 1362.88 1495.10 -132.22 (VIOLATED)
u_e.g_mac[1].g_tr2.u_tree.held[19][21]$_DFFE_PP_/D (DFFHQNx1_ASAP7_75t_R) 1378.83 1511.02 -132.19 (VIOLATED)
u_e.g_mac[1].g_tr2.u_tree.held[2][2]$_DFFE_PP_/D (DFFHQNx1_ASAP7_75t_R) 1358.16 1490.35 -132.19 (VIOLATED)
u_e.g_mac[1].g_tr2.u_tree.held[64][22]$_DFFE_PP_/D (DFFHQNx1_ASAP7_75t_R) 1366.98 1499.15 -132.17 (VIOLATED)
u_e.g_mac[0].g_tr2.u_tree.infl[10][1]$_DFF_PN0_/D (DFFASRHQNx1_ASAP7_75t_R) 1416.32 1548.48 -132.16 (VIOLATED)
u_e.g_mac[1].g_tr2.u_tree.held[58][6]$_DFFE_PP_/D (DFFHQNx1_ASAP7_75t_R) 1359.70 1491.85 -132.15 (VIOLATED)
u_e.g_mac[1].g_tr2.u_tree.held[57][19]$_DFFE_PP_/D (DFFHQNx1_ASAP7_75t_R) 1380.56 1512.67 -132.12 (VIOLATED)
u_e.g_mac[0].g_l2.u_l0.p0_we[5]$_DFF_P_/D (DFFHQNx1_ASAP7_75t_R) 1367.38 1499.50 -132.11 (VIOLATED)
u_e.g_mac[1].g_tr2.u_tree.held[62][31]$_DFFE_PP_/D (DFFHQNx1_ASAP7_75t_R) 1359.39 1491.49 -132.10 (VIOLATED)
u_e.g_mac[0].g_tr2.u_tree.held[35][22]$_DFFE_PP_/D (DFFHQNx1_ASAP7_75t_R) 1362.63 1494.73 -132.09 (VIOLATED)
u_e.g_mac[1].g_tr2.u_tree.held[64][23]$_DFFE_PP_/D (DFFHQNx1_ASAP7_75t_R) 1356.17 1488.25 -132.09 (VIOLATED)
u_e.g_mac[1].g_l2.u_l0.p1_p[26][7]$_DFF_P_/D (DFFHQNx1_ASAP7_75t_R) 1363.00 1495.04 -132.03 (VIOLATED)
u_e.g_mac[0].g_tr2.u_tree.held[73][23]$_DFFE_PP_/D (DFFHQNx1_ASAP7_75t_R) 1358.02 1490.05 -132.03 (VIOLATED)
u_e.g_mac[1].g_tr2.u_tree.held[68][5]$_DFFE_PP_/D (DFFHQNx1_ASAP7_75t_R) 1355.95 1487.97 -132.02 (VIOLATED)
u_e.g_mac[1].g_tr2.u_tree.held[9][21]$_DFFE_PP_/D (DFFHQNx1_ASAP7_75t_R) 1376.92 1508.93 -132.01 (VIOLATED)
u_e.g_mac[1].g_l2.u_l0.p1_p[6][6]$_DFF_P_/D (DFFHQNx1_ASAP7_75t_R) 1381.94 1513.94 -132.00 (VIOLATED)
u_e.g_mac[1].g_tr2.u_tree.held[2][16]$_DFFE_PP_/D (DFFHQNx1_ASAP7_75t_R) 1359.36 1491.27 -131.91 (VIOLATED)
u_e.g_mac[1].g_tr2.u_tree.held[19][12]$_DFFE_PP_/D (DFFHQNx1_ASAP7_75t_R) 1357.67 1489.58 -131.91 (VIOLATED)
u_e.g_mac[1].g_tr2.u_tree.held[13][5]$_DFFE_PP_/D (DFFHQNx1_ASAP7_75t_R) 1356.41 1488.31 -131.90 (VIOLATED)
u_e.g_mac[1].g_tr2.u_tree.held[5][29]$_DFFE_PP_/D (DFFHQNx1_ASAP7_75t_R) 1382.01 1513.90 -131.89 (VIOLATED)
u_e.g_mac[1].g_tr2.u_tree.add_a[1]$_DFF_P_/D (DFFHQNx1_ASAP7_75t_R) 1357.10 1488.98 -131.88 (VIOLATED)
u_e.g_mac[1].g_tr2.u_tree.held[68][27]$_DFFE_PP_/D (DFFHQNx1_ASAP7_75t_R) 1366.26 1498.12 -131.86 (VIOLATED)
u_e.g_mac[1].g_tr2.u_tree.held[57][6]$_DFFE_PP_/D (DFFHQNx1_ASAP7_75t_R) 1355.57 1487.41 -131.84 (VIOLATED)
u_e.g_mac[1].g_tr2.u_tree.held[46][20]$_DFFE_PP_/D (DFFHQNx1_ASAP7_75t_R) 1355.33 1487.16 -131.83 (VIOLATED)
u_e.g_mac[1].g_tr2.u_tree.held[7][25]$_DFFE_PP_/D (DFFHQNx1_ASAP7_75t_R) 1380.01 1511.77 -131.76 (VIOLATED)
u_e.g_mac[1].g_tr2.u_tree.held[71][12]$_DFFE_PP_/D (DFFHQNx1_ASAP7_75t_R) 1358.73 1490.48 -131.75 (VIOLATED)
u_e.g_mac[1].g_tr2.u_tree.held[11][9]$_DFFE_PP_/D (DFFHQNx1_ASAP7_75t_R) 1359.89 1491.63 -131.74 (VIOLATED)
u_e.g_mac[1].g_tr2.u_tree.held[58][31]$_DFFE_PP_/D (DFFHQNx1_ASAP7_75t_R) 1358.34 1490.07 -131.73 (VIOLATED)
u_e.g_mac[1].g_tr2.u_tree.held[51][16]$_DFFE_PP_/D (DFFHQNx1_ASAP7_75t_R) 1359.78 1491.48 -131.70 (VIOLATED)
u_e.g_mac[1].g_tr2.u_tree.held[13][11]$_DFFE_PP_/D (DFFHQNx1_ASAP7_75t_R) 1359.15 1490.85 -131.69 (VIOLATED)
u_e.g_mac[1].g_tr2.u_tree.held[11][28]$_DFFE_PP_/D (DFFHQNx1_ASAP7_75t_R) 1365.71 1497.40 -131.68 (VIOLATED)
u_e.g_mac[1].g_tr2.u_tree.held[49][13]$_DFFE_PP_/D (DFFHQNx1_ASAP7_75t_R) 1381.25 1512.90 -131.64 (VIOLATED)
u_e.g_mac[0].g_tr2.u_tree.h_v[27]$_DFF_P_/D (DFFHQNx1_ASAP7_75t_R) 1367.22 1498.87 -131.64 (VIOLATED)
u_e.g_mac[1].g_tr2.u_tree.held[15][23]$_DFFE_PP_/D (DFFHQNx1_ASAP7_75t_R) 1359.51 1491.13 -131.63 (VIOLATED)
u_e.g_mac[1].g_tr2.u_tree.herr[69]$_DFFE_PN0P_/D (DFFASRHQNx1_ASAP7_75t_R) 1345.80 1477.42 -131.62 (VIOLATED)
u_e.g_mac[1].g_tr2.u_tree.held[69][1]$_DFFE_PP_/D (DFFHQNx1_ASAP7_75t_R) 1373.72 1505.34 -131.62 (VIOLATED)
u_e.g_mac[1].g_tr2.u_tree.held[77][23]$_DFFE_PP_/D (DFFHQNx1_ASAP7_75t_R) 1371.84 1503.43 -131.59 (VIOLATED)
u_e.g_mac[1].g_tr2.u_tree.have[2]$_DFFE_PN0P_/D (DFFASRHQNx1_ASAP7_75t_R) 1363.59 1495.18 -131.58 (VIOLATED)
u_e.g_mac[1].g_tr2.u_tree.held[46][16]$_DFFE_PP_/D (DFFHQNx1_ASAP7_75t_R) 1356.30 1487.88 -131.58 (VIOLATED)
u_e.g_mac[1].g_tr2.u_tree.held[28][6]$_DFFE_PP_/D (DFFHQNx1_ASAP7_75t_R) 1360.31 1491.88 -131.56 (VIOLATED)
u_e.g_mac[1].g_tr2.u_tree.held[15][2]$_DFFE_PP_/D (DFFHQNx1_ASAP7_75t_R) 1358.54 1490.08 -131.55 (VIOLATED)
u_e.g_mac[1].g_l2.u_l0.p1_p[26][5]$_DFF_P_/D (DFFHQNx1_ASAP7_75t_R) 1364.84 1496.39 -131.55 (VIOLATED)
u_e.g_mac[1].g_tr2.u_tree.herr[8]$_DFFE_PN0P_/D (DFFASRHQNx1_ASAP7_75t_R) 1343.85 1475.35 -131.50 (VIOLATED)
u_e.g_mac[1].g_tr2.u_tree.held[13][4]$_DFFE_PP_/D (DFFHQNx1_ASAP7_75t_R) 1359.32 1490.79 -131.47 (VIOLATED)
u_e.g_mac[1].g_tr2.u_tree.held[28][11]$_DFFE_PP_/D (DFFHQNx1_ASAP7_75t_R) 1359.80 1491.26 -131.46 (VIOLATED)
u_e.g_mac[1].g_tr2.u_tree.held[15][7]$_DFFE_PP_/D (DFFHQNx1_ASAP7_75t_R) 1358.93 1490.31 -131.38 (VIOLATED)
u_e.g_mac[1].g_tr2.u_tree.held[21][12]$_DFFE_PP_/D (DFFHQNx1_ASAP7_75t_R) 1355.64 1487.02 -131.38 (VIOLATED)
u_e.g_mac[1].g_tr2.u_tree.held[68][12]$_DFFE_PP_/D (DFFHQNx1_ASAP7_75t_R) 1356.54 1487.92 -131.38 (VIOLATED)
u_e.g_mac[1].g_tr2.u_tree.held[64][28]$_DFFE_PP_/D (DFFHQNx1_ASAP7_75t_R) 1379.06 1510.41 -131.35 (VIOLATED)
u_e.g_mac[1].g_tr2.u_tree.held[43][20]$_DFFE_PP_/D (DFFHQNx1_ASAP7_75t_R) 1373.01 1504.36 -131.34 (VIOLATED)
u_e.g_mac[1].g_tr2.u_tree.held[21][16]$_DFFE_PP_/D (DFFHQNx1_ASAP7_75t_R) 1356.68 1487.99 -131.31 (VIOLATED)
u_e.g_mac[1].g_tr2.u_tree.held[21][9]$_DFFE_PP_/D (DFFHQNx1_ASAP7_75t_R) 1357.21 1488.51 -131.30 (VIOLATED)
u_e.g_mac[1].g_tr2.u_tree.held[37][4]$_DFFE_PP_/D (DFFHQNx1_ASAP7_75t_R) 1358.97 1490.27 -131.29 (VIOLATED)
u_e.g_mac[1].g_tr2.u_tree.held[54][10]$_DFFE_PP_/D (DFFHQNx1_ASAP7_75t_R) 1358.73 1489.98 -131.25 (VIOLATED)
u_e.g_mac[1].g_tr2.u_tree.held[77][20]$_DFFE_PP_/D (DFFHQNx1_ASAP7_75t_R) 1372.86 1504.11 -131.24 (VIOLATED)
u_e.g_mac[0].g_tr2.u_tree.infl[12][3]$_DFF_PN0_/D (DFFASRHQNx1_ASAP7_75t_R) 1424.95 1556.18 -131.23 (VIOLATED)
u_e.g_mac[1].g_tr2.u_tree.held[15][9]$_DFFE_PP_/D (DFFHQNx1_ASAP7_75t_R) 1359.52 1490.75 -131.23 (VIOLATED)
u_e.g_mac[1].g_tr2.u_tree.held[51][19]$_DFFE_PP_/D (DFFHQNx1_ASAP7_75t_R) 1378.78 1509.98 -131.20 (VIOLATED)
u_e.g_mac[1].g_ch2.u_c1.u_add.u_c8.g_r.r[19]$_DFF_P_/D (DFFHQNx1_ASAP7_75t_R) 1358.85 1490.04 -131.19 (VIOLATED)
u_e.g_mac[1].g_tr2.u_tree.held[65][27]$_DFFE_PP_/D (DFFHQNx1_ASAP7_75t_R) 1381.71 1512.90 -131.19 (VIOLATED)
u_e.g_mac[1].g_tr2.u_tree.held[61][25]$_DFFE_PP_/D (DFFHQNx1_ASAP7_75t_R) 1379.93 1511.10 -131.17 (VIOLATED)
u_e.g_mac[1].g_tr2.u_tree.held[7][26]$_DFFE_PP_/D (DFFHQNx1_ASAP7_75t_R) 1373.87 1505.02 -131.15 (VIOLATED)
u_e.g_mac[1].g_tr2.u_tree.held[13][10]$_DFFE_PP_/D (DFFHQNx1_ASAP7_75t_R) 1357.69 1488.83 -131.14 (VIOLATED)
u_e.g_mac[1].g_tr2.u_tree.held[69][12]$_DFFE_PP_/D (DFFHQNx1_ASAP7_75t_R) 1358.74 1489.82 -131.08 (VIOLATED)
u_e.g_mac[1].g_tr2.u_tree.held[27][5]$_DFFE_PP_/D (DFFHQNx1_ASAP7_75t_R) 1355.87 1486.93 -131.05 (VIOLATED)
u_e.g_mac[1].g_tr2.u_tree.held[70][14]$_DFFE_PP_/D (DFFHQNx1_ASAP7_75t_R) 1379.56 1510.55 -130.99 (VIOLATED)
u_e.g_mac[1].g_ch2.u_c1.u_add.u_c8.g_r.r[14]$_DFF_P_/D (DFFHQNx2_ASAP7_75t_R) 1357.46 1488.44 -130.98 (VIOLATED)
u_e.g_mac[1].g_tr2.u_tree.held[69][7]$_DFFE_PP_/D (DFFHQNx1_ASAP7_75t_R) 1358.91 1489.87 -130.96 (VIOLATED)
u_e.g_mac[1].g_tr2.u_tree.held[11][25]$_DFFE_PP_/D (DFFHQNx1_ASAP7_75t_R) 1372.60 1503.53 -130.93 (VIOLATED)
u_e.g_mac[1].g_tr2.u_tree.held[72][12]$_DFFE_PP_/D (DFFHQNx1_ASAP7_75t_R) 1359.89 1490.82 -130.92 (VIOLATED)
u_e.g_mac[1].g_tr2.u_tree.held[19][5]$_DFFE_PP_/D (DFFHQNx1_ASAP7_75t_R) 1358.45 1489.35 -130.91 (VIOLATED)
u_e.g_mac[1].g_tr2.u_tree.held[2][3]$_DFFE_PP_/D (DFFHQNx1_ASAP7_75t_R) 1364.09 1495.00 -130.91 (VIOLATED)
u_e.g_mac[1].g_tr2.u_tree.herr[35]$_DFFE_PN0P_/D (DFFASRHQNx1_ASAP7_75t_R) 1343.80 1474.66 -130.87 (VIOLATED)
u_e.g_mac[1].g_tr2.u_tree.held[70][26]$_DFFE_PP_/D (DFFHQNx1_ASAP7_75t_R) 1371.81 1502.67 -130.86 (VIOLATED)
u_e.g_mac[0].g_l2.u_l0.p1_p[31][5]$_DFF_P_/D (DFFHQNx1_ASAP7_75t_R) 1364.85 1495.68 -130.83 (VIOLATED)
u_e.g_mac[1].g_tr2.u_tree.held[70][22]$_DFFE_PP_/D (DFFHQNx1_ASAP7_75t_R) 1379.21 1509.99 -130.79 (VIOLATED)
u_e.g_mac[1].g_tr2.u_tree.held[29][26]$_DFFE_PP_/D (DFFHQNx1_ASAP7_75t_R) 1381.45 1512.22 -130.77 (VIOLATED)
u_e.g_mac[1].g_tr2.u_tree.held[68][29]$_DFFE_PP_/D (DFFHQNx1_ASAP7_75t_R) 1366.26 1496.90 -130.63 (VIOLATED)
u_e.g_mac[1].g_tr2.u_tree.held[54][6]$_DFFE_PP_/D (DFFHQNx1_ASAP7_75t_R) 1358.90 1489.50 -130.60 (VIOLATED)
u_e.g_mac[1].g_tr2.u_tree.held[43][23]$_DFFE_PP_/D (DFFHQNx1_ASAP7_75t_R) 1371.54 1502.14 -130.60 (VIOLATED)
u_e.g_mac[1].g_tr2.u_tree.held[68][30]$_DFFE_PP_/D (DFFHQNx1_ASAP7_75t_R) 1366.12 1496.66 -130.54 (VIOLATED)
u_e.g_mac[1].g_tr2.u_tree.held[29][11]$_DFFE_PP_/D (DFFHQNx1_ASAP7_75t_R) 1358.61 1489.13 -130.52 (VIOLATED)
u_e.g_mac[1].g_l2.u_l0.p0_we[4]$_DFF_P_/D (DFFHQNx1_ASAP7_75t_R) 1363.33 1493.84 -130.50 (VIOLATED)
u_e.g_mac[1].g_tr2.u_tree.held[69][5]$_DFFE_PP_/D (DFFHQNx1_ASAP7_75t_R) 1358.22 1488.70 -130.48 (VIOLATED)
u_e.g_mac[1].g_tr2.u_tree.held[13][16]$_DFFE_PP_/D (DFFHQNx1_ASAP7_75t_R) 1357.72 1488.20 -130.48 (VIOLATED)
u_e.g_mac[0].g_l2.u_l0.p1_p[9][8]$_SDFF_PN0_/D (DFFHQNx1_ASAP7_75t_R) 1361.98 1492.45 -130.47 (VIOLATED)
u_e.g_mac[1].g_tr2.u_tree.held[1][7]$_DFFE_PP_/D (DFFHQNx1_ASAP7_75t_R) 1359.18 1489.65 -130.47 (VIOLATED)
u_e.g_mac[1].g_tr2.u_tree.held[65][18]$_DFFE_PP_/D (DFFHQNx1_ASAP7_75t_R) 1358.82 1489.27 -130.46 (VIOLATED)
u_e.g_mac[1].g_tr2.u_tree.held[64][2]$_DFFE_PP_/D (DFFHQNx1_ASAP7_75t_R) 1358.08 1488.53 -130.45 (VIOLATED)
u_e.g_mac[1].g_tr2.u_tree.held[7][30]$_DFFE_PP_/D (DFFHQNx1_ASAP7_75t_R) 1380.66 1511.08 -130.43 (VIOLATED)
u_e.g_mac[1].g_tr2.u_tree.held[64][12]$_DFFE_PP_/D (DFFHQNx1_ASAP7_75t_R) 1358.44 1488.86 -130.42 (VIOLATED)
u_e.g_mac[1].g_tr2.u_tree.held[62][11]$_DFFE_PP_/D (DFFHQNx1_ASAP7_75t_R) 1359.01 1489.43 -130.42 (VIOLATED)
u_e.g_mac[1].g_tr2.u_tree.held[62][16]$_DFFE_PP_/D (DFFHQNx1_ASAP7_75t_R) 1357.80 1488.21 -130.41 (VIOLATED)
u_e.g_mac[1].g_tr2.u_tree.held[70][19]$_DFFE_PP_/D (DFFHQNx1_ASAP7_75t_R) 1371.90 1502.31 -130.40 (VIOLATED)
u_e.g_mac[1].g_tr2.u_tree.held[38][10]$_DFFE_PP_/D (DFFHQNx1_ASAP7_75t_R) 1358.53 1488.91 -130.39 (VIOLATED)
u_e.g_mac[1].g_tr2.u_tree.held[13][9]$_DFFE_PP_/D (DFFHQNx1_ASAP7_75t_R) 1358.18 1488.56 -130.38 (VIOLATED)
u_e.g_mac[1].g_tr2.u_tree.held[7][19]$_DFFE_PP_/D (DFFHQNx1_ASAP7_75t_R) 1378.94 1509.31 -130.37 (VIOLATED)
u_e.g_mac[1].g_tr2.u_tree.held[29][7]$_DFFE_PP_/D (DFFHQNx1_ASAP7_75t_R) 1359.40 1489.75 -130.35 (VIOLATED)
u_e.g_mac[1].g_tr2.u_tree.held[5][14]$_DFFE_PP_/D (DFFHQNx1_ASAP7_75t_R) 1368.48 1498.79 -130.32 (VIOLATED)
u_e.g_mac[1].g_tr2.u_tree.held[79][18]$_DFFE_PP_/D (DFFHQNx1_ASAP7_75t_R) 1382.26 1512.55 -130.29 (VIOLATED)
u_e.g_mac[0].g_l2.u_l0.p1_p[24][5]$_DFF_P_/D (DFFHQNx1_ASAP7_75t_R) 1366.96 1497.23 -130.27 (VIOLATED)
u_e.g_mac[1].g_tr2.u_tree.held[33][15]$_DFFE_PP_/D (DFFHQNx1_ASAP7_75t_R) 1379.83 1510.09 -130.26 (VIOLATED)
u_e.g_mac[1].g_tr2.u_tree.held[43][14]$_DFFE_PP_/D (DFFHQNx1_ASAP7_75t_R) 1373.62 1503.88 -130.26 (VIOLATED)
u_e.g_mac[1].g_l2.u_l0.p1_p[26][6]$_DFF_P_/D (DFFHQNx1_ASAP7_75t_R) 1364.83 1495.05 -130.22 (VIOLATED)
u_e.nB[23]$_DFFE_PP_/D (DFFHQNx1_ASAP7_75t_R) 1384.06 1514.28 -130.22 (VIOLATED)
u_e.g_mac[1].g_tr2.u_tree.held[58][10]$_DFFE_PP_/D (DFFHQNx1_ASAP7_75t_R) 1357.89 1488.08 -130.19 (VIOLATED)
u_e.g_mac[1].g_tr2.u_tree.herr[30]$_DFFE_PN0P_/D (DFFASRHQNx1_ASAP7_75t_R) 1345.09 1475.28 -130.19 (VIOLATED)
u_e.g_mac[1].g_tr2.u_tree.held[65][4]$_DFFE_PP_/D (DFFHQNx1_ASAP7_75t_R) 1359.37 1489.54 -130.17 (VIOLATED)
u_e.g_mac[1].g_l2.u_l0.p1_p[30][6]$_DFF_P_/D (DFFHQNx1_ASAP7_75t_R) 1376.87 1507.04 -130.17 (VIOLATED)
u_e.g_mac[1].g_tr2.u_tree.held[77][4]$_DFFE_PP_/D (DFFHQNx1_ASAP7_75t_R) 1359.93 1490.10 -130.17 (VIOLATED)
u_e.g_mac[1].g_tr2.u_tree.held[65][17]$_DFFE_PP_/D (DFFHQNx1_ASAP7_75t_R) 1358.67 1488.78 -130.12 (VIOLATED)
u_e.g_mac[1].g_tr2.u_tree.herr[21]$_DFFE_PN0P_/D (DFFASRHQNx1_ASAP7_75t_R) 1344.04 1474.14 -130.11 (VIOLATED)
u_e.g_mac[1].g_tr2.u_tree.held[49][18]$_DFFE_PP_/D (DFFHQNx1_ASAP7_75t_R) 1370.70 1500.78 -130.09 (VIOLATED)
u_e.g_mac[1].g_tr2.u_tree.held[3][7]$_DFFE_PP_/D (DFFHQNx1_ASAP7_75t_R) 1358.80 1488.84 -130.04 (VIOLATED)
u_e.g_mac[1].g_tr2.u_tree.held[54][5]$_DFFE_PP_/D (DFFHQNx1_ASAP7_75t_R) 1357.36 1487.39 -130.03 (VIOLATED)
u_e.g_mac[1].g_tr2.u_tree.held[46][9]$_DFFE_PP_/D (DFFHQNx1_ASAP7_75t_R) 1358.03 1488.04 -130.01 (VIOLATED)
u_e.g_mac[1].g_tr2.u_tree.held[39][12]$_DFFE_PP_/D (DFFHQNx1_ASAP7_75t_R) 1358.62 1488.63 -130.00 (VIOLATED)
u_e.g_mac[1].g_tr2.u_tree.held[64][25]$_DFFE_PP_/D (DFFHQNx1_ASAP7_75t_R) 1379.90 1509.90 -130.00 (VIOLATED)
u_e.g_mac[1].g_tr2.u_tree.held[57][21]$_DFFE_PP_/D (DFFHQNx1_ASAP7_75t_R) 1374.54 1504.53 -129.99 (VIOLATED)
u_e.g_mac[1].g_tr2.u_tree.held[15][17]$_DFFE_PP_/D (DFFHQNx1_ASAP7_75t_R) 1359.73 1489.70 -129.97 (VIOLATED)
u_e.g_mac[1].g_tr2.u_tree.held[28][7]$_DFFE_PP_/D (DFFHQNx1_ASAP7_75t_R) 1360.13 1490.08 -129.95 (VIOLATED)
u_e.g_mac[1].g_tr2.u_tree.held[54][17]$_DFFE_PP_/D (DFFHQNx1_ASAP7_75t_R) 1358.66 1488.61 -129.94 (VIOLATED)
u_e.g_mac[1].g_tr2.u_tree.held[50][8]$_DFFE_PP_/D (DFFHQNx1_ASAP7_75t_R) 1354.71 1484.63 -129.92 (VIOLATED)
u_e.g_mac[1].g_tr2.u_tree.held[35][4]$_DFFE_PP_/D (DFFHQNx1_ASAP7_75t_R) 1359.11 1489.00 -129.89 (VIOLATED)
u_e.g_mac[1].g_tr2.u_tree.held[77][7]$_DFFE_PP_/D (DFFHQNx1_ASAP7_75t_R) 1359.65 1489.53 -129.88 (VIOLATED)
u_e.g_mac[1].g_tr2.u_tree.held[70][17]$_DFFE_PP_/D (DFFHQNx1_ASAP7_75t_R) 1381.36 1511.24 -129.88 (VIOLATED)
u_e.g_mac[1].g_tr2.u_tree.held[46][5]$_DFFE_PP_/D (DFFHQNx1_ASAP7_75t_R) 1356.81 1486.68 -129.87 (VIOLATED)
u_e.g_mac[1].g_tr2.u_tree.held[11][15]$_DFFE_PP_/D (DFFHQNx1_ASAP7_75t_R) 1373.17 1503.03 -129.86 (VIOLATED)
u_e.g_mac[1].g_tr2.u_tree.held[64][15]$_DFFE_PP_/D (DFFHQNx1_ASAP7_75t_R) 1367.28 1497.13 -129.85 (VIOLATED)
u_e.g_mac[1].g_tr2.u_tree.held[65][16]$_DFFE_PP_/D (DFFHQNx1_ASAP7_75t_R) 1357.86 1487.69 -129.83 (VIOLATED)
u_e.g_mac[0].g_tr2.u_tree.infl[8][1]$_DFF_PN0_/D (DFFASRHQNx1_ASAP7_75t_R) 1424.69 1554.51 -129.82 (VIOLATED)
u_e.g_mac[1].g_tr2.u_tree.add_a[4]$_DFF_P_/D (DFFHQNx1_ASAP7_75t_R) 1358.13 1487.91 -129.79 (VIOLATED)
u_e.nB[14]$_DFFE_PP_/D (DFFHQNx1_ASAP7_75t_R) 1385.99 1515.77 -129.78 (VIOLATED)
u_e.g_mac[1].g_tr2.u_tree.held[58][17]$_DFFE_PP_/D (DFFHQNx1_ASAP7_75t_R) 1358.55 1488.30 -129.75 (VIOLATED)
u_e.g_mac[1].g_tr2.u_tree.held[9][20]$_DFFE_PP_/D (DFFHQNx1_ASAP7_75t_R) 1370.61 1500.31 -129.71 (VIOLATED)
u_e.g_mac[1].g_tr2.u_tree.held[51][17]$_DFFE_PP_/D (DFFHQNx1_ASAP7_75t_R) 1381.68 1511.38 -129.70 (VIOLATED)
u_e.g_mac[1].g_l2.u_l0.p1_p[17][8]$_SDFF_PN0_/D (DFFHQNx1_ASAP7_75t_R) 1359.91 1489.60 -129.69 (VIOLATED)
u_e.g_mac[1].g_tr2.u_tree.held[29][2]$_DFFE_PP_/D (DFFHQNx1_ASAP7_75t_R) 1358.72 1488.39 -129.66 (VIOLATED)
u_e.g_mac[1].g_tr2.u_tree.held[29][12]$_DFFE_PP_/D (DFFHQNx1_ASAP7_75t_R) 1358.62 1488.28 -129.66 (VIOLATED)
u_e.g_mac[1].g_tr2.u_tree.held[62][10]$_DFFE_PP_/D (DFFHQNx1_ASAP7_75t_R) 1358.58 1488.23 -129.65 (VIOLATED)
u_e.g_mac[1].g_ch2.u_c1.u_add.u_c8.g_r.r[17]$_DFF_P_/D (DFFHQNx2_ASAP7_75t_R) 1360.73 1490.36 -129.64 (VIOLATED)
u_e.g_mac[1].g_tr2.u_tree.held[54][9]$_DFFE_PP_/D (DFFHQNx1_ASAP7_75t_R) 1357.56 1487.19 -129.63 (VIOLATED)
u_e.g_mac[1].g_tr2.u_tree.held[52][0]$_DFFE_PP_/D (DFFHQNx1_ASAP7_75t_R) 1358.89 1488.51 -129.63 (VIOLATED)
u_e.g_mac[1].g_tr2.u_tree.held[11][20]$_DFFE_PP_/D (DFFHQNx1_ASAP7_75t_R) 1373.26 1502.84 -129.59 (VIOLATED)
u_e.g_mac[0].g_tr2.u_tree.infl[4][2]$_DFF_PN0_/D (DFFASRHQNx1_ASAP7_75t_R) 1424.65 1554.23 -129.58 (VIOLATED)
u_e.g_mac[1].g_tr2.u_tree.held[1][6]$_DFFE_PP_/D (DFFHQNx1_ASAP7_75t_R) 1360.44 1490.00 -129.56 (VIOLATED)
u_e.g_mac[1].g_tr2.u_tree.held[52][18]$_DFFE_PP_/D (DFFHQNx1_ASAP7_75t_R) 1372.08 1501.62 -129.53 (VIOLATED)
u_e.g_mac[1].g_l2.u_l0.p1_p[0][7]$_DFF_P_/D (DFFHQNx1_ASAP7_75t_R) 1396.93 1526.45 -129.52 (VIOLATED)
u_e.g_mac[1].g_tr2.u_tree.held[2][1]$_DFFE_PP_/D (DFFHQNx1_ASAP7_75t_R) 1359.30 1488.82 -129.52 (VIOLATED)
u_e.g_mac[1].g_tr2.u_tree.held[45][3]$_DFFE_PP_/D (DFFHQNx1_ASAP7_75t_R) 1364.00 1493.51 -129.50 (VIOLATED)
u_e.g_mac[1].g_tr2.u_tree.held[59][28]$_DFFE_PP_/D (DFFHQNx1_ASAP7_75t_R) 1378.69 1508.10 -129.41 (VIOLATED)
u_e.g_mac[1].g_tr2.u_tree.held[21][29]$_DFFE_PP_/D (DFFHQNx1_ASAP7_75t_R) 1374.36 1503.77 -129.41 (VIOLATED)
u_e.g_mac[1].g_tr2.u_tree.held[62][22]$_DFFE_PP_/D (DFFHQNx1_ASAP7_75t_R) 1366.49 1495.87 -129.37 (VIOLATED)
u_e.g_mac[1].g_tr2.u_tree.held[61][31]$_DFFE_PP_/D (DFFHQNx1_ASAP7_75t_R) 1363.42 1492.78 -129.36 (VIOLATED)
u_e.g_mac[0].g_tr2.u_tree.infl[11][2]$_DFF_PN0_/D (DFFASRHQNx1_ASAP7_75t_R) 1424.43 1553.76 -129.34 (VIOLATED)
u_e.g_mac[1].g_tr2.u_tree.held[29][27]$_DFFE_PP_/D (DFFHQNx1_ASAP7_75t_R) 1380.33 1509.66 -129.33 (VIOLATED)
u_e.g_mac[1].g_tr2.u_tree.held[27][16]$_DFFE_PP_/D (DFFHQNx1_ASAP7_75t_R) 1356.39 1485.70 -129.31 (VIOLATED)
u_e.g_mac[1].g_tr2.u_tree.held[19][20]$_DFFE_PP_/D (DFFHQNx1_ASAP7_75t_R) 1371.51 1500.81 -129.30 (VIOLATED)
u_e.g_mac[1].g_tr2.u_tree.held[14][15]$_DFFE_PP_/D (DFFHQNx1_ASAP7_75t_R) 1371.34 1500.63 -129.29 (VIOLATED)
u_e.g_mac[1].g_l2.u_l0.p0_wq[201]$_DFF_P_/D (DFFHQNx1_ASAP7_75t_R) 1363.98 1493.26 -129.28 (VIOLATED)
u_e.g_mac[1].g_tr2.u_tree.held[65][5]$_DFFE_PP_/D (DFFHQNx1_ASAP7_75t_R) 1358.90 1488.16 -129.26 (VIOLATED)
u_e.g_mac[1].g_tr2.u_tree.held[2][12]$_DFFE_PP_/D (DFFHQNx1_ASAP7_75t_R) 1359.46 1488.70 -129.24 (VIOLATED)
u_e.g_mac[0].g_l2.u_l0.p1_p[15][6]$_DFF_P_/D (DFFHQNx1_ASAP7_75t_R) 1366.22 1495.35 -129.13 (VIOLATED)
u_e.g_mac[1].g_tr2.u_tree.held[64][21]$_DFFE_PP_/D (DFFHQNx1_ASAP7_75t_R) 1367.43 1496.53 -129.10 (VIOLATED)
u_e.g_mac[1].g_tr2.u_tree.held[9][19]$_DFFE_PP_/D (DFFHQNx1_ASAP7_75t_R) 1378.96 1508.03 -129.07 (VIOLATED)
u_e.g_mac[1].g_tr2.u_tree.held[61][30]$_DFFE_PP_/D (DFFHQNx1_ASAP7_75t_R) 1379.02 1508.08 -129.06 (VIOLATED)
u_e.g_mac[1].g_tr2.u_tree.infl[5][1]$_DFF_PN0_/D (DFFASRHQNx1_ASAP7_75t_R) 1373.17 1502.22 -129.05 (VIOLATED)
u_e.g_mac[1].g_l2.u_l0.p0_we[5]$_DFF_P_/D (DFFHQNx1_ASAP7_75t_R) 1363.75 1492.79 -129.04 (VIOLATED)
u_e.g_mac[1].g_tr2.u_tree.held[59][24]$_DFFE_PP_/D (DFFHQNx1_ASAP7_75t_R) 1378.78 1507.81 -129.04 (VIOLATED)
u_e.g_mac[1].g_l2.u_l0.p1_p[9][8]$_SDFF_PN0_/D (DFFHQNx1_ASAP7_75t_R) 1375.32 1504.34 -129.02 (VIOLATED)
u_e.g_mac[1].g_tr2.u_tree.held[50][0]$_DFFE_PP_/D (DFFHQNx1_ASAP7_75t_R) 1356.83 1485.83 -129.00 (VIOLATED)
u_e.g_mac[1].g_tr2.u_tree.held[64][5]$_DFFE_PP_/D (DFFHQNx1_ASAP7_75t_R) 1356.80 1485.75 -128.95 (VIOLATED)
u_e.g_mac[1].g_tr2.u_tree.held[29][25]$_DFFE_PP_/D (DFFHQNx1_ASAP7_75t_R) 1380.34 1509.29 -128.95 (VIOLATED)
u_e.g_mac[1].g_tr2.u_tree.held[54][27]$_DFFE_PP_/D (DFFHQNx1_ASAP7_75t_R) 1367.00 1495.95 -128.95 (VIOLATED)
u_e.g_mac[1].g_tr2.u_tree.held[69][10]$_DFFE_PP_/D (DFFHQNx1_ASAP7_75t_R) 1356.06 1485.00 -128.93 (VIOLATED)
u_e.g_mac[1].g_tr2.u_tree.held[3][20]$_DFFE_PP_/D (DFFHQNx1_ASAP7_75t_R) 1372.07 1500.93 -128.86 (VIOLATED)
u_e.g_mac[1].g_tr2.u_tree.held[65][14]$_DFFE_PP_/D (DFFHQNx1_ASAP7_75t_R) 1370.59 1499.45 -128.86 (VIOLATED)
u_e.g_mac[1].g_tr2.u_tree.held[41][6]$_DFFE_PP_/D (DFFHQNx1_ASAP7_75t_R) 1361.55 1490.40 -128.86 (VIOLATED)
u_e.g_mac[1].g_tr2.u_tree.held[62][15]$_DFFE_PP_/D (DFFHQNx1_ASAP7_75t_R) 1366.81 1495.64 -128.83 (VIOLATED)
u_e.g_mac[1].g_tr2.u_tree.held[77][21]$_DFFE_PP_/D (DFFHQNx1_ASAP7_75t_R) 1376.45 1505.25 -128.80 (VIOLATED)
u_e.g_mac[1].g_tr2.u_tree.held[35][11]$_DFFE_PP_/D (DFFHQNx1_ASAP7_75t_R) 1358.02 1486.79 -128.77 (VIOLATED)
u_e.g_mac[1].g_tr2.u_tree.held[54][16]$_DFFE_PP_/D (DFFHQNx1_ASAP7_75t_R) 1358.40 1487.17 -128.77 (VIOLATED)
u_e.g_mac[1].g_tr2.u_tree.have[45]$_DFFE_PN0P_/D (DFFASRHQNx1_ASAP7_75t_R) 1364.16 1492.90 -128.75 (VIOLATED)
u_e.g_mac[1].g_tr2.u_tree.add_a[26]$_DFF_P_/D (DFFHQNx1_ASAP7_75t_R) 1377.54 1506.29 -128.75 (VIOLATED)
u_e.g_mac[1].g_tr2.u_tree.held[58][23]$_DFFE_PP_/D (DFFHQNx1_ASAP7_75t_R) 1373.58 1502.31 -128.73 (VIOLATED)
u_e.g_mac[0].g_l2.u_l0.p1_p[19][8]$_SDFF_PN0_/D (DFFHQNx1_ASAP7_75t_R) 1362.56 1491.24 -128.68 (VIOLATED)
u_e.g_mac[1].g_tr2.u_tree.held[29][30]$_DFFE_PP_/D (DFFHQNx1_ASAP7_75t_R) 1380.80 1509.45 -128.65 (VIOLATED)
u_e.g_mac[1].g_tr2.u_tree.held[31][16]$_DFFE_PP_/D (DFFHQNx1_ASAP7_75t_R) 1359.37 1488.01 -128.64 (VIOLATED)
u_e.g_mac[1].g_tr2.u_tree.held[29][31]$_DFFE_PP_/D (DFFHQNx1_ASAP7_75t_R) 1359.31 1487.92 -128.61 (VIOLATED)
u_e.g_mac[1].g_tr2.u_tree.held[21][20]$_DFFE_PP_/D (DFFHQNx1_ASAP7_75t_R) 1371.74 1500.23 -128.49 (VIOLATED)
u_e.g_mac[1].g_tr2.u_tree.held[21][19]$_DFFE_PP_/D (DFFHQNx1_ASAP7_75t_R) 1374.54 1503.03 -128.49 (VIOLATED)
u_e.g_mac[1].g_tr2.u_tree.held[79][17]$_DFFE_PP_/D (DFFHQNx1_ASAP7_75t_R) 1358.62 1487.08 -128.47 (VIOLATED)
u_e.g_mac[1].g_l2.u_l0.p1_p[31][5]$_DFF_P_/D (DFFHQNx1_ASAP7_75t_R) 1365.41 1493.87 -128.46 (VIOLATED)
u_e.g_mac[1].g_l2.u_l0.p0_wq[40]$_DFF_P_/D (DFFHQNx1_ASAP7_75t_R) 1369.86 1498.25 -128.39 (VIOLATED)
u_e.g_mac[1].g_tr2.u_tree.held[45][6]$_DFFE_PP_/D (DFFHQNx1_ASAP7_75t_R) 1360.16 1488.55 -128.39 (VIOLATED)
u_e.g_mac[1].g_tr2.u_tree.held[3][15]$_DFFE_PP_/D (DFFHQNx1_ASAP7_75t_R) 1373.49 1501.88 -128.38 (VIOLATED)
u_e.g_mac[1].g_tr2.u_tree.held[49][20]$_DFFE_PP_/D (DFFHQNx1_ASAP7_75t_R) 1371.93 1500.31 -128.38 (VIOLATED)
u_e.g_mac[1].g_tr2.u_tree.held[33][2]$_DFFE_PP_/D (DFFHQNx1_ASAP7_75t_R) 1359.27 1487.64 -128.37 (VIOLATED)
u_e.g_mac[1].g_tr2.u_tree.infl[6][2]$_DFF_PN0_/D (DFFASRHQNx1_ASAP7_75t_R) 1371.15 1499.50 -128.35 (VIOLATED)
u_e.g_mac[1].g_tr2.u_tree.held[49][23]$_DFFE_PP_/D (DFFHQNx1_ASAP7_75t_R) 1372.14 1500.46 -128.32 (VIOLATED)
u_e.g_mac[0].g_l2.u_l0.p1_p[24][8]$_SDFF_PN0_/D (DFFHQNx1_ASAP7_75t_R) 1368.68 1496.99 -128.31 (VIOLATED)
u_e.g_mac[1].g_tr2.u_tree.held[57][26]$_DFFE_PP_/D (DFFHQNx1_ASAP7_75t_R) 1381.78 1510.08 -128.31 (VIOLATED)
u_e.g_mac[1].g_tr2.u_tree.held[43][21]$_DFFE_PP_/D (DFFHQNx1_ASAP7_75t_R) 1376.26 1504.57 -128.31 (VIOLATED)
u_e.g_mac[1].g_tr2.u_tree.held[54][1]$_DFFE_PP_/D (DFFHQNx1_ASAP7_75t_R) 1358.70 1487.01 -128.30 (VIOLATED)
u_e.g_mac[1].g_l2.u_l0.p1_p[31][8]$_SDFF_PN0_/D (DFFHQNx1_ASAP7_75t_R) 1364.61 1492.89 -128.29 (VIOLATED)
u_e.g_mac[1].g_ch2.u_c1.u_add.u_c8.g_r.r[21]$_DFF_P_/D (DFFHQNx2_ASAP7_75t_R) 1357.08 1485.35 -128.27 (VIOLATED)
u_e.g_mac[1].g_tr2.u_tree.held[21][15]$_DFFE_PP_/D (DFFHQNx1_ASAP7_75t_R) 1381.25 1509.50 -128.25 (VIOLATED)
u_e.g_mac[1].g_tr2.u_tree.add_a[11]$_DFF_P_/D (DFFHQNx1_ASAP7_75t_R) 1365.46 1493.71 -128.25 (VIOLATED)
u_e.g_mac[1].g_tr2.u_tree.infl[12][2]$_DFF_PN0_/D (DFFASRHQNx1_ASAP7_75t_R) 1371.55 1499.79 -128.24 (VIOLATED)
u_e.g_mac[0].g_tr2.u_tree.held[4][26]$_DFFE_PP_/D (DFFHQNx1_ASAP7_75t_R) 1360.60 1488.84 -128.23 (VIOLATED)
u_e.g_mac[1].g_tr2.u_tree.held[46][14]$_DFFE_PP_/D (DFFHQNx1_ASAP7_75t_R) 1358.52 1486.70 -128.17 (VIOLATED)
u_e.g_mac[1].g_tr2.u_tree.held[21][22]$_DFFE_PP_/D (DFFHQNx1_ASAP7_75t_R) 1367.87 1496.04 -128.17 (VIOLATED)
u_e.g_mac[1].g_tr2.u_tree.held[52][23]$_DFFE_PP_/D (DFFHQNx1_ASAP7_75t_R) 1373.26 1501.43 -128.17 (VIOLATED)
u_e.g_mac[1].g_tr2.u_tree.held[21][27]$_DFFE_PP_/D (DFFHQNx1_ASAP7_75t_R) 1367.04 1495.19 -128.15 (VIOLATED)
u_e.g_mac[1].g_tr2.u_tree.held[54][12]$_DFFE_PP_/D (DFFHQNx1_ASAP7_75t_R) 1357.71 1485.86 -128.15 (VIOLATED)
u_e.g_mac[1].g_tr2.u_tree.held[51][22]$_DFFE_PP_/D (DFFHQNx1_ASAP7_75t_R) 1382.23 1510.36 -128.13 (VIOLATED)
u_e.g_mac[1].g_tr2.u_tree.held[27][13]$_DFFE_PP_/D (DFFHQNx1_ASAP7_75t_R) 1356.15 1484.26 -128.12 (VIOLATED)
u_e.g_mac[1].g_tr2.u_tree.herr[3]$_DFFE_PN0P_/D (DFFASRHQNx1_ASAP7_75t_R) 1344.06 1472.17 -128.11 (VIOLATED)
u_e.g_mac[1].g_tr2.u_tree.held[21][30]$_DFFE_PP_/D (DFFHQNx1_ASAP7_75t_R) 1367.35 1495.43 -128.09 (VIOLATED)
u_e.g_mac[0].g_tr2.u_tree.h_v[21]$_DFF_P_/D (DFFHQNx1_ASAP7_75t_R) 1368.06 1496.15 -128.09 (VIOLATED)
u_e.g_mac[1].g_tr2.u_tree.held[65][23]$_DFFE_PP_/D (DFFHQNx1_ASAP7_75t_R) 1371.33 1499.41 -128.08 (VIOLATED)
u_e.g_mac[0].g_tr2.u_tree.held[4][28]$_DFFE_PP_/D (DFFHQNx1_ASAP7_75t_R) 1358.15 1486.22 -128.07 (VIOLATED)
u_e.g_mac[1].g_tr2.u_tree.held[68][19]$_DFFE_PP_/D (DFFHQNx1_ASAP7_75t_R) 1371.56 1499.58 -128.02 (VIOLATED)
u_e.g_mac[1].g_tr2.u_tree.add_a[29]$_DFF_P_/D (DFFHQNx1_ASAP7_75t_R) 1377.51 1505.52 -128.01 (VIOLATED)
u_e.g_mac[1].g_l2.u_l0.p0_wq[37]$_SDFF_PP0_/D (DFFHQNx2_ASAP7_75t_R) 1366.94 1494.94 -128.00 (VIOLATED)
u_e.g_mac[1].g_tr2.u_tree.held[33][1]$_DFFE_PP_/D (DFFHQNx1_ASAP7_75t_R) 1359.27 1487.24 -127.98 (VIOLATED)
u_e.g_mac[1].g_tr2.u_tree.held[68][21]$_DFFE_PP_/D (DFFHQNx1_ASAP7_75t_R) 1367.36 1495.33 -127.97 (VIOLATED)
u_e.g_mac[1].g_tr2.u_tree.held[50][3]$_DFFE_PP_/D (DFFHQNx1_ASAP7_75t_R) 1357.50 1485.46 -127.96 (VIOLATED)
u_e.g_mac[1].g_tr2.u_tree.held[9][25]$_DFFE_PP_/D (DFFHQNx1_ASAP7_75t_R) 1379.91 1507.86 -127.95 (VIOLATED)
u_e.g_mac[1].g_tr2.u_tree.have[3]$_DFFE_PN0P_/D (DFFASRHQNx1_ASAP7_75t_R) 1344.27 1472.21 -127.93 (VIOLATED)
u_e.g_mac[1].g_tr2.u_tree.held[64][26]$_DFFE_PP_/D (DFFHQNx1_ASAP7_75t_R) 1382.80 1510.73 -127.93 (VIOLATED)
u_e.g_mac[1].g_tr2.u_tree.held[46][23]$_DFFE_PP_/D (DFFHQNx1_ASAP7_75t_R) 1359.29 1487.17 -127.88 (VIOLATED)
u_e.g_mac[1].g_tr2.u_tree.held[57][27]$_DFFE_PP_/D (DFFHQNx1_ASAP7_75t_R) 1378.97 1506.84 -127.87 (VIOLATED)
u_e.nB[20]$_DFFE_PP_/D (DFFHQNx1_ASAP7_75t_R) 1385.81 1513.68 -127.87 (VIOLATED)
u_e.g_mac[1].g_tr2.u_tree.held[2][4]$_DFFE_PP_/D (DFFHQNx1_ASAP7_75t_R) 1359.40 1487.23 -127.83 (VIOLATED)
u_e.g_mac[0].g_tr2.u_tree.held[73][24]$_DFFE_PP_/D (DFFHQNx1_ASAP7_75t_R) 1363.78 1491.60 -127.82 (VIOLATED)
u_e.g_mac[1].g_tr2.u_tree.held[64][24]$_DFFE_PP_/D (DFFHQNx1_ASAP7_75t_R) 1382.11 1509.92 -127.81 (VIOLATED)
u_e.g_mac[1].g_tr2.u_tree.held[27][9]$_DFFE_PP_/D (DFFHQNx1_ASAP7_75t_R) 1357.58 1485.38 -127.80 (VIOLATED)
u_e.g_mac[1].g_tr2.u_tree.held[27][10]$_DFFE_PP_/D (DFFHQNx1_ASAP7_75t_R) 1358.07 1485.87 -127.80 (VIOLATED)
u_e.g_mac[0].g_l2.u_l0.p0_wq[3]$_DFF_P_/D (DFFHQNx1_ASAP7_75t_R) 1372.10 1499.84 -127.75 (VIOLATED)
u_e.g_mac[1].g_tr2.u_tree.held[11][21]$_DFFE_PP_/D (DFFHQNx1_ASAP7_75t_R) 1373.23 1500.97 -127.74 (VIOLATED)
u_e.nB[7]$_DFFE_PP_/D (DFFHQNx1_ASAP7_75t_R) 1386.36 1514.07 -127.72 (VIOLATED)
u_e.g_mac[1].g_tr2.u_tree.held[27][20]$_DFFE_PP_/D (DFFHQNx1_ASAP7_75t_R) 1356.30 1483.96 -127.66 (VIOLATED)
u_e.g_mac[1].g_tr2.u_tree.held[33][4]$_DFFE_PP_/D (DFFHQNx1_ASAP7_75t_R) 1358.95 1486.61 -127.66 (VIOLATED)
u_e.g_mac[1].g_tr2.u_tree.held[65][13]$_DFFE_PP_/D (DFFHQNx1_ASAP7_75t_R) 1371.48 1499.14 -127.66 (VIOLATED)
u_e.g_mac[1].g_tr2.u_tree.held[21][28]$_DFFE_PP_/D (DFFHQNx1_ASAP7_75t_R) 1367.34 1495.00 -127.66 (VIOLATED)
u_e.g_mac[1].g_tr2.u_tree.held[21][10]$_DFFE_PP_/D (DFFHQNx1_ASAP7_75t_R) 1358.77 1486.41 -127.64 (VIOLATED)
u_e.g_mac[1].g_tr2.u_tree.held[54][30]$_DFFE_PP_/D (DFFHQNx1_ASAP7_75t_R) 1367.07 1494.71 -127.63 (VIOLATED)
u_e.g_mac[0].g_l2.u_l0.p1_p[20][6]$_DFF_P_/D (DFFHQNx1_ASAP7_75t_R) 1366.95 1494.58 -127.63 (VIOLATED)
u_e.g_mac[0].g_l2.u_l0.p1_p[16][8]$_SDFF_PN0_/D (DFFHQNx1_ASAP7_75t_R) 1365.82 1493.42 -127.59 (VIOLATED)
u_e.g_mac[1].g_tr2.u_tree.held[57][28]$_DFFE_PP_/D (DFFHQNx1_ASAP7_75t_R) 1376.76 1504.34 -127.58 (VIOLATED)
u_e.g_mac[1].g_tr2.u_tree.held[77][25]$_DFFE_PP_/D (DFFHQNx1_ASAP7_75t_R) 1373.46 1501.03 -127.57 (VIOLATED)
u_e.g_mac[0].g_l2.u_l0.p0_wq[2]$_DFF_P_/D (DFFHQNx1_ASAP7_75t_R) 1384.27 1511.83 -127.56 (VIOLATED)
u_e.g_mac[1].g_tr2.u_tree.held[3][23]$_DFFE_PP_/D (DFFHQNx1_ASAP7_75t_R) 1371.73 1499.28 -127.54 (VIOLATED)
u_e.g_mac[1].g_l2.u_l0.p0_wq[26]$_DFF_P_/D (DFFHQNx1_ASAP7_75t_R) 1381.00 1508.53 -127.53 (VIOLATED)
u_e.g_mac[0].g_tr2.u_tree.held[35][17]$_DFFE_PP_/D (DFFHQNx1_ASAP7_75t_R) 1365.29 1492.74 -127.44 (VIOLATED)
u_e.g_mac[1].g_tr2.u_tree.held[64][16]$_DFFE_PP_/D (DFFHQNx1_ASAP7_75t_R) 1358.02 1485.43 -127.41 (VIOLATED)
u_e.g_mac[1].g_tr2.u_tree.held[33][5]$_DFFE_PP_/D (DFFHQNx1_ASAP7_75t_R) 1358.65 1486.06 -127.40 (VIOLATED)
u_e.nA[20]$_DFFE_PP_/D (DFFHQNx1_ASAP7_75t_R) 1404.14 1531.53 -127.39 (VIOLATED)
u_e.g_mac[1].g_tr2.u_tree.held[2][6]$_DFFE_PP_/D (DFFHQNx1_ASAP7_75t_R) 1359.32 1486.69 -127.36 (VIOLATED)
u_e.g_mac[0].g_tr2.u_tree.held[36][26]$_DFFE_PP_/D (DFFHQNx1_ASAP7_75t_R) 1354.32 1481.68 -127.36 (VIOLATED)
u_e.g_mac[1].g_tr2.u_tree.held[33][11]$_DFFE_PP_/D (DFFHQNx1_ASAP7_75t_R) 1359.85 1487.17 -127.32 (VIOLATED)
u_e.g_mac[1].g_tr2.u_tree.held[68][22]$_DFFE_PP_/D (DFFHQNx1_ASAP7_75t_R) 1365.94 1493.22 -127.28 (VIOLATED)
u_e.nB[21]$_DFFE_PP_/D (DFFHQNx1_ASAP7_75t_R) 1385.78 1513.04 -127.26 (VIOLATED)
u_e.g_mac[0].g_l2.u_l0.p1_p[16][5]$_DFF_P_/D (DFFHQNx1_ASAP7_75t_R) 1365.97 1493.17 -127.20 (VIOLATED)
u_e.g_mac[1].g_tr2.u_tree.held[3][19]$_DFFE_PP_/D (DFFHQNx1_ASAP7_75t_R) 1374.88 1502.07 -127.18 (VIOLATED)
u_e.g_mac[1].g_tr2.u_tree.held[77][22]$_DFFE_PP_/D (DFFHQNx1_ASAP7_75t_R) 1377.36 1504.52 -127.16 (VIOLATED)
u_e.g_mac[1].g_tr2.u_tree.held[33][31]$_DFFE_PP_/D (DFFHQNx1_ASAP7_75t_R) 1360.11 1487.27 -127.16 (VIOLATED)
u_e.g_mac[0].g_l2.u_l0.p0_wq[12]$_SDFF_PP0_/D (DFFHQNx2_ASAP7_75t_R) 1361.79 1488.94 -127.16 (VIOLATED)
u_e.g_mac[1].g_tr2.u_tree.have[21]$_DFFE_PN0P_/D (DFFASRHQNx1_ASAP7_75t_R) 1344.68 1471.83 -127.14 (VIOLATED)
u_e.g_mac[1].g_tr2.u_tree.held[38][0]$_DFFE_PP_/D (DFFHQNx1_ASAP7_75t_R) 1359.39 1486.52 -127.13 (VIOLATED)
u_e.g_mac[1].g_tr2.u_tree.held[77][19]$_DFFE_PP_/D (DFFHQNx1_ASAP7_75t_R) 1378.35 1505.45 -127.10 (VIOLATED)
u_e.g_mac[1].g_tr2.u_tree.held[3][24]$_DFFE_PP_/D (DFFHQNx1_ASAP7_75t_R) 1375.29 1502.39 -127.10 (VIOLATED)
u_e.g_mac[1].g_tr2.u_tree.held[21][26]$_DFFE_PP_/D (DFFHQNx1_ASAP7_75t_R) 1373.56 1500.66 -127.09 (VIOLATED)
u_e.g_mac[1].g_tr2.u_tree.held[54][19]$_DFFE_PP_/D (DFFHQNx1_ASAP7_75t_R) 1372.26 1499.32 -127.06 (VIOLATED)
u_e.g_mac[0].g_tr2.u_tree.h_v[15]$_DFF_P_/D (DFFHQNx1_ASAP7_75t_R) 1365.83 1492.86 -127.03 (VIOLATED)
u_e.nB[5]$_DFFE_PP_/D (DFFHQNx1_ASAP7_75t_R) 1386.28 1513.26 -126.98 (VIOLATED)
u_e.g_mac[1].g_tr2.u_tree.held[58][4]$_DFFE_PP_/D (DFFHQNx1_ASAP7_75t_R) 1359.00 1485.96 -126.95 (VIOLATED)
u_e.g_mac[1].g_tr2.u_tree.held[35][0]$_DFFE_PP_/D (DFFHQNx1_ASAP7_75t_R) 1358.59 1485.54 -126.95 (VIOLATED)
u_e.g_mac[1].g_tr2.u_tree.held[7][1]$_DFFE_PP_/D (DFFHQNx1_ASAP7_75t_R) 1359.96 1486.88 -126.92 (VIOLATED)
u_e.g_mac[1].g_tr2.u_tree.held[69][9]$_DFFE_PP_/D (DFFHQNx1_ASAP7_75t_R) 1358.16 1485.06 -126.89 (VIOLATED)
u_e.nA[26]$_DFFE_PP_/D (DFFHQNx1_ASAP7_75t_R) 1407.67 1534.55 -126.88 (VIOLATED)
u_e.g_mac[1].g_tr2.u_tree.held[54][28]$_DFFE_PP_/D (DFFHQNx1_ASAP7_75t_R) 1367.37 1494.24 -126.87 (VIOLATED)
u_e.g_mac[1].g_tr2.u_tree.held[77][15]$_DFFE_PP_/D (DFFHQNx1_ASAP7_75t_R) 1373.72 1500.56 -126.84 (VIOLATED)
u_e.g_mac[1].g_tr2.u_tree.herr[61]$_DFFE_PN0P_/D (DFFASRHQNx1_ASAP7_75t_R) 1344.97 1471.80 -126.82 (VIOLATED)
u_e.g_mac[1].g_tr2.u_tree.held[23][23]$_DFFE_PP_/D (DFFHQNx1_ASAP7_75t_R) 1372.30 1499.12 -126.82 (VIOLATED)
u_e.g_mac[1].g_tr2.u_tree.held[3][26]$_DFFE_PP_/D (DFFHQNx1_ASAP7_75t_R) 1371.99 1498.81 -126.82 (VIOLATED)
u_e.g_mac[1].g_tr2.u_tree.held[33][12]$_DFFE_PP_/D (DFFHQNx1_ASAP7_75t_R) 1358.83 1485.64 -126.81 (VIOLATED)
u_e.g_mac[1].g_tr2.u_tree.herr[28]$_DFFE_PN0P_/D (DFFASRHQNx1_ASAP7_75t_R) 1341.99 1468.77 -126.78 (VIOLATED)
u_e.g_mac[1].g_tr2.u_tree.held[33][6]$_DFFE_PP_/D (DFFHQNx1_ASAP7_75t_R) 1359.51 1486.27 -126.77 (VIOLATED)
u_e.g_mac[1].g_tr2.u_tree.held[53][10]$_DFFE_PP_/D (DFFHQNx1_ASAP7_75t_R) 1358.28 1485.01 -126.73 (VIOLATED)
u_e.g_mac[1].g_tr2.u_tree.held[69][15]$_DFFE_PP_/D (DFFHQNx1_ASAP7_75t_R) 1380.95 1507.68 -126.73 (VIOLATED)
u_e.g_mac[1].g_tr2.u_tree.held[64][17]$_DFFE_PP_/D (DFFHQNx1_ASAP7_75t_R) 1358.54 1485.25 -126.71 (VIOLATED)
u_e.g_mac[1].g_tr2.u_tree.add_a[27]$_DFF_P_/D (DFFHQNx1_ASAP7_75t_R) 1377.52 1504.22 -126.69 (VIOLATED)
u_e.g_mac[1].g_tr2.u_tree.held[69][11]$_DFFE_PP_/D (DFFHQNx1_ASAP7_75t_R) 1358.83 1485.50 -126.67 (VIOLATED)
u_e.g_mac[1].g_l2.u_l0.p1_p[14][4]$_DFF_P_/D (DFFHQNx1_ASAP7_75t_R) 1364.71 1491.38 -126.67 (VIOLATED)
u_e.g_mac[0].g_l2.u_l0.p1_p[6][5]$_DFF_P_/D (DFFHQNx1_ASAP7_75t_R) 1366.25 1492.90 -126.66 (VIOLATED)
u_e.g_mac[1].g_tr2.u_tree.held[23][13]$_DFFE_PP_/D (DFFHQNx1_ASAP7_75t_R) 1372.54 1499.19 -126.65 (VIOLATED)
u_e.g_mac[1].g_l2.u_l0.p1_p[3][5]$_DFF_P_/D (DFFHQNx1_ASAP7_75t_R) 1378.92 1505.56 -126.64 (VIOLATED)
u_e.g_mac[1].g_tr2.u_tree.held[64][10]$_DFFE_PP_/D (DFFHQNx1_ASAP7_75t_R) 1358.45 1485.09 -126.64 (VIOLATED)
u_e.g_mac[1].g_tr2.u_tree.held[33][18]$_DFFE_PP_/D (DFFHQNx1_ASAP7_75t_R) 1381.63 1508.21 -126.58 (VIOLATED)
u_e.g_mac[1].g_tr2.u_tree.held[35][7]$_DFFE_PP_/D (DFFHQNx1_ASAP7_75t_R) 1359.94 1486.50 -126.56 (VIOLATED)
u_e.g_mac[1].g_tr2.u_tree.held[21][23]$_DFFE_PP_/D (DFFHQNx1_ASAP7_75t_R) 1371.35 1497.89 -126.54 (VIOLATED)
u_e.g_mac[1].g_tr2.u_tree.held[69][22]$_DFFE_PP_/D (DFFHQNx1_ASAP7_75t_R) 1380.63 1507.15 -126.52 (VIOLATED)
u_e.g_mac[1].g_tr2.u_tree.have[34]$_DFFE_PN0P_/D (DFFASRHQNx1_ASAP7_75t_R) 1362.93 1489.43 -126.50 (VIOLATED)
u_e.g_mac[1].g_tr2.u_tree.held[54][26]$_DFFE_PP_/D (DFFHQNx1_ASAP7_75t_R) 1372.20 1498.66 -126.46 (VIOLATED)
u_e.g_mac[1].g_tr2.u_tree.held[35][31]$_DFFE_PP_/D (DFFHQNx1_ASAP7_75t_R) 1359.97 1486.38 -126.41 (VIOLATED)
u_e.g_mac[1].g_tr2.u_tree.held[77][18]$_DFFE_PP_/D (DFFHQNx1_ASAP7_75t_R) 1370.92 1497.31 -126.39 (VIOLATED)
u_e.g_mac[1].g_tr2.u_tree.held[65][15]$_DFFE_PP_/D (DFFHQNx1_ASAP7_75t_R) 1373.05 1499.44 -126.39 (VIOLATED)
u_e.g_mac[0].g_l2.u_l0.p0_we[6]$_DFF_P_/D (DFFHQNx1_ASAP7_75t_R) 1367.45 1493.81 -126.36 (VIOLATED)
u_e.g_mac[0].g_l2.u_l0.p1_p[28][6]$_DFF_P_/D (DFFHQNx1_ASAP7_75t_R) 1373.36 1499.62 -126.25 (VIOLATED)
u_e.nA[21]$_DFFE_PP_/D (DFFHQNx1_ASAP7_75t_R) 1404.01 1530.23 -126.23 (VIOLATED)
u_e.g_mac[1].g_tr2.u_tree.held[68][28]$_DFFE_PP_/D (DFFHQNx1_ASAP7_75t_R) 1367.37 1493.59 -126.22 (VIOLATED)
u_e.g_mac[0].g_tr2.u_tree.held[35][28]$_DFFE_PP_/D (DFFHQNx1_ASAP7_75t_R) 1365.70 1491.77 -126.07 (VIOLATED)
u_e.g_mac[1].g_tr2.u_tree.held[65][20]$_DFFE_PP_/D (DFFHQNx1_ASAP7_75t_R) 1373.32 1499.34 -126.02 (VIOLATED)
u_e.g_mac[1].g_tr2.u_tree.held[69][17]$_DFFE_PP_/D (DFFHQNx1_ASAP7_75t_R) 1381.81 1507.79 -125.99 (VIOLATED)
u_e.g_mac[1].g_tr2.u_tree.infl[6][1]$_DFF_PN0_/D (DFFASRHQNx1_ASAP7_75t_R) 1370.95 1496.93 -125.97 (VIOLATED)
u_e.g_mac[1].g_tr2.u_tree.held[77][30]$_DFFE_PP_/D (DFFHQNx1_ASAP7_75t_R) 1378.79 1504.74 -125.95 (VIOLATED)
u_e.g_mac[1].g_tr2.u_tree.held[69][0]$_DFFE_PP_/D (DFFHQNx1_ASAP7_75t_R) 1358.86 1484.81 -125.94 (VIOLATED)
u_e.g_mac[1].g_tr2.u_tree.held[9][9]$_DFFE_PP_/D (DFFHQNx1_ASAP7_75t_R) 1359.45 1485.38 -125.93 (VIOLATED)
u_e.g_mac[0].g_tr2.u_tree.h_v[13]$_DFF_P_/D (DFFHQNx1_ASAP7_75t_R) 1365.24 1491.12 -125.89 (VIOLATED)
u_e.g_mac[0].g_l2.u_l0.p1_p[10][6]$_DFF_P_/D (DFFHQNx1_ASAP7_75t_R) 1362.02 1487.87 -125.84 (VIOLATED)
u_e.g_mac[1].g_tr2.u_tree.held[77][27]$_DFFE_PP_/D (DFFHQNx1_ASAP7_75t_R) 1378.82 1504.62 -125.80 (VIOLATED)
u_e.g_mac[1].g_tr2.u_tree.held[50][6]$_DFFE_PP_/D (DFFHQNx1_ASAP7_75t_R) 1358.85 1484.64 -125.80 (VIOLATED)
u_e.g_mac[0].g_l2.u_l0.p1_p[8][4]$_DFF_P_/D (DFFHQNx1_ASAP7_75t_R) 1377.45 1503.19 -125.74 (VIOLATED)
u_e.g_mac[1].g_tr2.u_tree.held[11][26]$_DFFE_PP_/D (DFFHQNx1_ASAP7_75t_R) 1381.17 1506.88 -125.71 (VIOLATED)
u_e.g_mac[1].g_tr2.u_tree.herr[47]$_DFFE_PN0P_/D (DFFASRHQNx1_ASAP7_75t_R) 1344.16 1469.86 -125.70 (VIOLATED)
u_e.g_mac[1].g_tr2.u_tree.held[57][11]$_DFFE_PP_/D (DFFHQNx1_ASAP7_75t_R) 1356.37 1482.04 -125.67 (VIOLATED)
u_e.g_mac[0].g_tr2.u_tree.held[73][27]$_DFFE_PP_/D (DFFHQNx1_ASAP7_75t_R) 1366.00 1491.66 -125.66 (VIOLATED)
u_e.g_mac[1].g_tr2.u_tree.held[11][24]$_DFFE_PP_/D (DFFHQNx1_ASAP7_75t_R) 1375.39 1501.05 -125.66 (VIOLATED)
u_e.g_mac[1].g_tr2.u_tree.held[69][14]$_DFFE_PP_/D (DFFHQNx1_ASAP7_75t_R) 1382.71 1508.31 -125.59 (VIOLATED)
u_e.g_mac[1].g_tr2.u_tree.held[57][30]$_DFFE_PP_/D (DFFHQNx1_ASAP7_75t_R) 1380.80 1506.37 -125.57 (VIOLATED)
u_e.g_mac[1].g_tr2.u_tree.held[3][14]$_DFFE_PP_/D (DFFHQNx1_ASAP7_75t_R) 1370.59 1496.17 -125.57 (VIOLATED)
u_e.g_mac[1].g_tr2.u_tree.held[68][15]$_DFFE_PP_/D (DFFHQNx1_ASAP7_75t_R) 1367.89 1493.45 -125.56 (VIOLATED)
u_e.nA[22]$_DFFE_PP_/D (DFFHQNx1_ASAP7_75t_R) 1404.13 1529.65 -125.52 (VIOLATED)
u_e.g_mac[1].g_tr2.u_tree.add_a[5]$_DFF_P_/D (DFFHQNx1_ASAP7_75t_R) 1364.82 1490.33 -125.51 (VIOLATED)
u_e.g_mac[1].g_tr2.u_tree.held[58][1]$_DFFE_PP_/D (DFFHQNx1_ASAP7_75t_R) 1373.23 1498.72 -125.50 (VIOLATED)
u_e.g_mac[1].g_tr2.u_tree.held[65][22]$_DFFE_PP_/D (DFFHQNx1_ASAP7_75t_R) 1374.97 1500.40 -125.43 (VIOLATED)
u_e.g_mac[1].g_tr2.u_tree.held[69][31]$_DFFE_PP_/D (DFFHQNx1_ASAP7_75t_R) 1358.78 1484.16 -125.38 (VIOLATED)
u_e.g_mac[1].g_tr2.u_tree.held[51][29]$_DFFE_PP_/D (DFFHQNx1_ASAP7_75t_R) 1374.18 1499.55 -125.37 (VIOLATED)
u_e.g_mac[1].g_tr2.u_tree.held[14][13]$_DFFE_PP_/D (DFFHQNx1_ASAP7_75t_R) 1372.55 1497.89 -125.34 (VIOLATED)
u_e.g_mac[1].g_tr2.u_tree.held[33][7]$_DFFE_PP_/D (DFFHQNx1_ASAP7_75t_R) 1358.46 1483.80 -125.34 (VIOLATED)
u_e.g_mac[1].g_tr2.u_tree.herr[25]$_DFFE_PN0P_/D (DFFASRHQNx1_ASAP7_75t_R) 1344.13 1469.46 -125.33 (VIOLATED)
u_e.g_mac[1].g_tr2.u_tree.held[29][18]$_DFFE_PP_/D (DFFHQNx1_ASAP7_75t_R) 1382.70 1507.98 -125.29 (VIOLATED)
u_e.g_mac[1].g_tr2.u_tree.held[57][16]$_DFFE_PP_/D (DFFHQNx1_ASAP7_75t_R) 1356.12 1481.40 -125.28 (VIOLATED)
u_e.g_mac[1].g_tr2.u_tree.held[38][11]$_DFFE_PP_/D (DFFHQNx1_ASAP7_75t_R) 1359.24 1484.49 -125.25 (VIOLATED)
u_e.g_mac[1].g_tr2.u_tree.add_a[19]$_DFF_P_/D (DFFHQNx1_ASAP7_75t_R) 1377.87 1503.12 -125.25 (VIOLATED)
u_e.g_mac[1].g_tr2.u_tree.held[8][7]$_DFFE_PP_/D (DFFHQNx1_ASAP7_75t_R) 1358.27 1483.51 -125.24 (VIOLATED)
u_e.g_mac[1].g_l2.u_l0.p1_sh[8][3]$_DFF_P_/D (DFFHQNx1_ASAP7_75t_R) 1354.62 1479.83 -125.21 (VIOLATED)
u_e.g_mac[1].g_tr2.u_tree.held[14][23]$_DFFE_PP_/D (DFFHQNx1_ASAP7_75t_R) 1372.19 1497.40 -125.21 (VIOLATED)
u_e.g_mac[1].g_tr2.u_tree.held[57][10]$_DFFE_PP_/D (DFFHQNx1_ASAP7_75t_R) 1356.53 1481.73 -125.20 (VIOLATED)
u_e.nA[24]$_DFFE_PP_/D (DFFHQNx1_ASAP7_75t_R) 1407.72 1532.91 -125.19 (VIOLATED)
u_e.g_mac[1].g_tr2.u_tree.held[57][29]$_DFFE_PP_/D (DFFHQNx1_ASAP7_75t_R) 1380.93 1506.07 -125.14 (VIOLATED)
u_e.g_mac[1].g_tr2.u_tree.held[77][13]$_DFFE_PP_/D (DFFHQNx1_ASAP7_75t_R) 1379.84 1504.97 -125.13 (VIOLATED)
u_e.g_mac[0].g_tr2.u_tree.held[18][22]$_DFFE_PP_/D (DFFHQNx1_ASAP7_75t_R) 1355.36 1480.48 -125.12 (VIOLATED)
u_e.g_mac[1].g_tr2.u_tree.held[21][25]$_DFFE_PP_/D (DFFHQNx1_ASAP7_75t_R) 1374.43 1499.51 -125.08 (VIOLATED)
u_e.g_mac[1].g_l2.u_l0.p1_p[17][5]$_DFF_P_/D (DFFHQNx1_ASAP7_75t_R) 1360.20 1485.25 -125.05 (VIOLATED)
u_e.g_mac[1].g_l2.u_l0.p1_p[19][5]$_DFF_P_/D (DFFHQNx1_ASAP7_75t_R) 1368.15 1493.18 -125.03 (VIOLATED)
u_e.g_mac[1].g_tr2.u_tree.held[61][28]$_DFFE_PP_/D (DFFHQNx1_ASAP7_75t_R) 1378.42 1503.43 -125.01 (VIOLATED)
u_e.g_mac[1].g_tr2.u_tree.held[7][13]$_DFFE_PP_/D (DFFHQNx1_ASAP7_75t_R) 1371.69 1496.67 -124.98 (VIOLATED)
u_e.g_mac[1].g_tr2.u_tree.held[19][1]$_DFFE_PP_/D (DFFHQNx1_ASAP7_75t_R) 1365.10 1490.06 -124.97 (VIOLATED)
u_e.g_mac[1].g_l2.u_l0.p1_p[27][8]$_SDFF_PN0_/D (DFFHQNx1_ASAP7_75t_R) 1378.92 1503.86 -124.94 (VIOLATED)
u_e.g_mac[1].g_tr2.u_tree.held[29][14]$_DFFE_PP_/D (DFFHQNx1_ASAP7_75t_R) 1381.69 1506.62 -124.92 (VIOLATED)
u_e.g_mac[1].g_tr2.u_tree.held[77][28]$_DFFE_PP_/D (DFFHQNx1_ASAP7_75t_R) 1378.59 1503.51 -124.92 (VIOLATED)
u_e.g_mac[1].g_tr2.u_tree.held[77][26]$_DFFE_PP_/D (DFFHQNx1_ASAP7_75t_R) 1380.10 1505.01 -124.91 (VIOLATED)
u_e.g_mac[0].g_l2.u_l0.p1_p[28][7]$_DFF_P_/D (DFFHQNx1_ASAP7_75t_R) 1372.52 1497.43 -124.91 (VIOLATED)
u_e.g_mac[1].g_tr2.u_tree.held[64][0]$_DFFE_PP_/D (DFFHQNx1_ASAP7_75t_R) 1358.34 1483.24 -124.90 (VIOLATED)
u_e.wA[34]$_DFFE_PP_/D (DFFHQNx1_ASAP7_75t_R) 1416.26 1541.16 -124.90 (VIOLATED)
u_e.g_mac[1].g_l2.u_l0.p1_p[16][5]$_DFF_P_/D (DFFHQNx1_ASAP7_75t_R) 1359.81 1484.67 -124.87 (VIOLATED)
u_e.g_mac[0].g_tr2.u_tree.h_v[29]$_DFF_P_/D (DFFHQNx1_ASAP7_75t_R) 1365.62 1490.43 -124.82 (VIOLATED)
u_e.g_mac[1].g_tr2.u_tree.held[21][18]$_DFFE_PP_/D (DFFHQNx1_ASAP7_75t_R) 1372.12 1496.90 -124.78 (VIOLATED)
u_e.g_mac[1].g_tr2.u_tree.held[57][2]$_DFFE_PP_/D (DFFHQNx1_ASAP7_75t_R) 1356.52 1481.30 -124.78 (VIOLATED)
u_e.g_mac[1].g_tr2.u_tree.held[17][24]$_DFFE_PP_/D (DFFHQNx1_ASAP7_75t_R) 1374.74 1499.50 -124.76 (VIOLATED)
u_e.g_mac[1].g_tr2.u_tree.held[14][20]$_DFFE_PP_/D (DFFHQNx1_ASAP7_75t_R) 1371.82 1496.57 -124.75 (VIOLATED)
u_e.g_mac[1].g_tr2.u_tree.held[65][28]$_DFFE_PP_/D (DFFHQNx1_ASAP7_75t_R) 1378.66 1503.40 -124.74 (VIOLATED)
u_e.g_mac[1].g_tr2.u_tree.held[45][11]$_DFFE_PP_/D (DFFHQNx1_ASAP7_75t_R) 1358.16 1482.89 -124.73 (VIOLATED)
u_e.g_mac[1].g_tr2.u_tree.held[3][18]$_DFFE_PP_/D (DFFHQNx1_ASAP7_75t_R) 1371.68 1496.39 -124.72 (VIOLATED)
u_e.g_mac[1].g_tr2.u_tree.held[21][0]$_DFFE_PP_/D (DFFHQNx1_ASAP7_75t_R) 1358.78 1483.47 -124.69 (VIOLATED)
u_e.g_mac[0].g_tr2.u_tree.herr[15]$_DFFE_PN0P_/D (DFFASRHQNx1_ASAP7_75t_R) 1352.50 1477.18 -124.68 (VIOLATED)
u_e.g_mac[1].g_tr2.u_tree.held[69][18]$_DFFE_PP_/D (DFFHQNx1_ASAP7_75t_R) 1382.73 1507.38 -124.65 (VIOLATED)
u_e.g_mac[0].g_tr2.u_tree.held[36][24]$_DFFE_PP_/D (DFFHQNx1_ASAP7_75t_R) 1356.52 1481.16 -124.64 (VIOLATED)
u_e.g_mac[1].g_l2.u_l0.p1_p[10][8]$_SDFF_PN0_/D (DFFHQNx1_ASAP7_75t_R) 1359.84 1484.46 -124.62 (VIOLATED)
u_e.g_mac[1].g_l2.u_l0.p1_p[20][5]$_DFF_P_/D (DFFHQNx1_ASAP7_75t_R) 1359.60 1484.19 -124.59 (VIOLATED)
u_e.g_mac[1].g_l2.u_l0.p1_p[3][8]$_SDFF_PN0_/D (DFFHQNx1_ASAP7_75t_R) 1391.20 1515.78 -124.59 (VIOLATED)
u_e.g_mac[1].g_tr2.u_tree.held[17][17]$_DFFE_PP_/D (DFFHQNx1_ASAP7_75t_R) 1359.49 1484.07 -124.58 (VIOLATED)
u_e.g_mac[1].g_tr2.u_tree.held[46][24]$_DFFE_PP_/D (DFFHQNx1_ASAP7_75t_R) 1381.66 1506.20 -124.54 (VIOLATED)
u_e.g_mac[1].g_tr2.u_tree.held[21][31]$_DFFE_PP_/D (DFFHQNx1_ASAP7_75t_R) 1359.65 1484.18 -124.53 (VIOLATED)
u_e.g_mac[1].g_l2.u_l0.p1_p[20][6]$_DFF_P_/D (DFFHQNx1_ASAP7_75t_R) 1372.90 1497.44 -124.53 (VIOLATED)
u_e.g_mac[1].g_tr2.u_tree.held[73][4]$_DFFE_PP_/D (DFFHQNx1_ASAP7_75t_R) 1355.35 1479.88 -124.53 (VIOLATED)
u_e.g_mac[0].g_l2.u_l0.p1_p[1][7]$_DFF_P_/D (DFFHQNx1_ASAP7_75t_R) 1381.53 1506.02 -124.49 (VIOLATED)
u_e.g_qt_hit.g_hc[0].d_pos[0]$_SDFFE_PP0P_/D (DFFHQNx1_ASAP7_75t_R) 1417.19 1541.64 -124.45 (VIOLATED)
u_e.g_mac[1].g_l2.u_l0.p1_p[12][8]$_SDFF_PN0_/D (DFFHQNx1_ASAP7_75t_R) 1360.83 1485.21 -124.38 (VIOLATED)
u_e.g_mac[1].g_tr2.u_tree.held[65][24]$_DFFE_PP_/D (DFFHQNx1_ASAP7_75t_R) 1378.52 1502.87 -124.35 (VIOLATED)
u_e.g_mac[0].g_tr2.u_tree.herr[31]$_DFFE_PN0P_/D (DFFASRHQNx1_ASAP7_75t_R) 1351.25 1475.57 -124.32 (VIOLATED)
u_e.g_mac[0].g_tr2.u_tree.held[15][19]$_DFFE_PP_/D (DFFHQNx1_ASAP7_75t_R) 1367.84 1492.14 -124.30 (VIOLATED)
u_e.g_mac[0].g_tr2.u_tree.held[73][30]$_DFFE_PP_/D (DFFHQNx1_ASAP7_75t_R) 1367.02 1491.30 -124.27 (VIOLATED)
u_e.g_mac[0].g_tr2.u_tree.held[73][19]$_DFFE_PP_/D (DFFHQNx1_ASAP7_75t_R) 1365.63 1489.79 -124.16 (VIOLATED)
u_e.g_mac[1].g_tr2.u_tree.held[73][1]$_DFFE_PP_/D (DFFHQNx1_ASAP7_75t_R) 1356.07 1480.20 -124.13 (VIOLATED)
u_e.g_mac[1].g_tr2.u_tree.held[38][18]$_DFFE_PP_/D (DFFHQNx1_ASAP7_75t_R) 1354.99 1479.12 -124.13 (VIOLATED)
u_e.g_mac[1].g_tr2.u_tree.herr[0]$_DFFE_PN0P_/D (DFFASRHQNx1_ASAP7_75t_R) 1344.51 1468.61 -124.10 (VIOLATED)
u_e.g_mac[1].g_tr2.u_tree.held[45][31]$_DFFE_PP_/D (DFFHQNx1_ASAP7_75t_R) 1358.66 1482.76 -124.10 (VIOLATED)
u_e.g_mac[0].g_tr2.u_tree.herr[56]$_DFFE_PN0P_/D (DFFASRHQNx1_ASAP7_75t_R) 1351.51 1475.54 -124.04 (VIOLATED)
u_e.g_mac[1].g_tr2.u_tree.held[45][1]$_DFFE_PP_/D (DFFHQNx1_ASAP7_75t_R) 1362.66 1486.70 -124.03 (VIOLATED)
u_e.nA[25]$_DFFE_PP_/D (DFFHQNx1_ASAP7_75t_R) 1407.53 1531.54 -124.01 (VIOLATED)
u_e.g_mac[1].g_tr2.u_tree.held[8][31]$_DFFE_PP_/D (DFFHQNx1_ASAP7_75t_R) 1363.35 1487.35 -124.00 (VIOLATED)
u_e.g_mac[1].g_tr2.u_tree.held[62][12]$_DFFE_PP_/D (DFFHQNx1_ASAP7_75t_R) 1359.09 1483.05 -123.96 (VIOLATED)
u_e.g_mac[1].g_tr2.u_tree.held[73][8]$_DFFE_PP_/D (DFFHQNx1_ASAP7_75t_R) 1356.61 1480.53 -123.92 (VIOLATED)
u_e.g_mac[1].g_tr2.u_tree.held[53][16]$_DFFE_PP_/D (DFFHQNx1_ASAP7_75t_R) 1355.62 1479.49 -123.87 (VIOLATED)
u_e.g_mac[1].g_tr2.u_tree.held[45][0]$_DFFE_PP_/D (DFFHQNx1_ASAP7_75t_R) 1358.71 1482.55 -123.84 (VIOLATED)
u_e.g_mac[0].g_l2.u_l0.p1_p[31][6]$_DFF_P_/D (DFFHQNx1_ASAP7_75t_R) 1367.55 1491.35 -123.80 (VIOLATED)
u_e.g_mac[1].g_tr2.u_tree.held[65][25]$_DFFE_PP_/D (DFFHQNx1_ASAP7_75t_R) 1379.01 1502.73 -123.72 (VIOLATED)
u_e.g_mac[1].g_tr2.u_tree.held[48][24]$_DFFE_PP_/D (DFFHQNx1_ASAP7_75t_R) 1372.17 1495.89 -123.71 (VIOLATED)
u_e.g_mac[1].g_tr2.u_tree.held[3][13]$_DFFE_PP_/D (DFFHQNx1_ASAP7_75t_R) 1372.23 1495.94 -123.71 (VIOLATED)
u_e.g_mac[1].g_tr2.u_tree.held[58][3]$_DFFE_PP_/D (DFFHQNx1_ASAP7_75t_R) 1374.42 1498.12 -123.70 (VIOLATED)
u_e.g_mac[1].g_tr2.u_tree.held[61][21]$_DFFE_PP_/D (DFFHQNx1_ASAP7_75t_R) 1373.19 1496.89 -123.70 (VIOLATED)
u_e.g_mac[1].g_tr2.u_tree.held[17][26]$_DFFE_PP_/D (DFFHQNx1_ASAP7_75t_R) 1373.92 1497.55 -123.63 (VIOLATED)
u_e.g_mac[1].g_tr2.u_tree.held[73][3]$_DFFE_PP_/D (DFFHQNx1_ASAP7_75t_R) 1357.11 1480.70 -123.59 (VIOLATED)
u_e.g_mac[1].g_tr2.u_tree.held[61][22]$_DFFE_PP_/D (DFFHQNx1_ASAP7_75t_R) 1379.44 1503.02 -123.59 (VIOLATED)
u_e.nA[34]$_DFFE_PP_/D (DFFHQNx1_ASAP7_75t_R) 1406.06 1529.63 -123.58 (VIOLATED)
u_e.g_mac[1].g_tr2.u_tree.held[53][5]$_DFFE_PP_/D (DFFHQNx1_ASAP7_75t_R) 1356.25 1479.82 -123.57 (VIOLATED)
u_e.g_mac[1].g_tr2.u_tree.held[24][2]$_DFFE_PP_/D (DFFHQNx1_ASAP7_75t_R) 1356.66 1480.20 -123.54 (VIOLATED)
u_e.g_mac[1].g_tr2.u_tree.add_a[18]$_DFF_P_/D (DFFHQNx1_ASAP7_75t_R) 1377.48 1500.92 -123.44 (VIOLATED)
u_e.g_mac[1].g_tr2.u_tree.herr[48]$_DFFE_PN0P_/D (DFFASRHQNx1_ASAP7_75t_R) 1342.47 1465.90 -123.43 (VIOLATED)
u_e.g_mac[1].g_tr2.u_tree.held[68][4]$_DFFE_PP_/D (DFFHQNx1_ASAP7_75t_R) 1358.41 1481.84 -123.42 (VIOLATED)
u_e.g_mac[1].g_tr2.u_tree.infl[13][1]$_DFF_PN0_/D (DFFASRHQNx1_ASAP7_75t_R) 1363.00 1486.38 -123.38 (VIOLATED)
u_e.g_mac[1].g_tr2.u_tree.held[2][7]$_DFFE_PP_/D (DFFHQNx1_ASAP7_75t_R) 1359.04 1482.37 -123.33 (VIOLATED)
u_e.g_mac[1].g_l2.u_l0.p1_p[0][6]$_DFF_P_/D (DFFHQNx1_ASAP7_75t_R) 1397.25 1520.57 -123.32 (VIOLATED)
u_e.g_mac[1].g_tr2.u_tree.held[46][10]$_DFFE_PP_/D (DFFHQNx1_ASAP7_75t_R) 1358.17 1481.49 -123.32 (VIOLATED)
u_e.g_mac[1].g_tr2.u_tree.held[21][13]$_DFFE_PP_/D (DFFHQNx1_ASAP7_75t_R) 1371.92 1495.23 -123.32 (VIOLATED)
u_e.g_mac[1].g_l2.u_l0.p0_wq[24]$_DFF_P_/D (DFFHQNx2_ASAP7_75t_R) 1365.79 1489.02 -123.24 (VIOLATED)
u_e.g_mac[1].g_tr2.u_tree.held[54][13]$_DFFE_PP_/D (DFFHQNx1_ASAP7_75t_R) 1373.46 1496.62 -123.16 (VIOLATED)
u_e.g_mac[0].g_tr2.u_tree.held[73][28]$_DFFE_PP_/D (DFFHQNx1_ASAP7_75t_R) 1365.43 1488.52 -123.09 (VIOLATED)
u_e.g_mac[1].g_tr2.u_tree.held[35][2]$_DFFE_PP_/D (DFFHQNx1_ASAP7_75t_R) 1358.95 1482.04 -123.09 (VIOLATED)
u_e.g_mac[1].g_l2.u_l0.p1_p[26][8]$_SDFF_PN0_/D (DFFHQNx1_ASAP7_75t_R) 1364.30 1487.37 -123.07 (VIOLATED)
u_e.g_mac[1].g_tr2.u_tree.held[21][11]$_DFFE_PP_/D (DFFHQNx1_ASAP7_75t_R) 1359.16 1482.13 -122.97 (VIOLATED)
u_e.g_mac[1].g_tr2.u_tree.held[46][26]$_DFFE_PP_/D (DFFHQNx1_ASAP7_75t_R) 1382.45 1505.39 -122.94 (VIOLATED)
u_e.g_mac[1].g_tr2.u_tree.herr[46]$_DFFE_PN0P_/D (DFFASRHQNx1_ASAP7_75t_R) 1344.28 1467.19 -122.90 (VIOLATED)
u_e.g_mac[1].g_tr2.u_tree.held[64][14]$_DFFE_PP_/D (DFFHQNx1_ASAP7_75t_R) 1381.95 1504.85 -122.90 (VIOLATED)
u_e.g_mac[1].g_tr2.u_tree.held[33][9]$_DFFE_PP_/D (DFFHQNx1_ASAP7_75t_R) 1357.88 1480.76 -122.88 (VIOLATED)
u_e.g_mac[1].g_tr2.u_tree.held[47][1]$_DFFE_PP_/D (DFFHQNx1_ASAP7_75t_R) 1356.15 1479.02 -122.87 (VIOLATED)
u_e.g_mac[1].g_tr2.u_tree.held[46][17]$_DFFE_PP_/D (DFFHQNx1_ASAP7_75t_R) 1358.27 1481.14 -122.87 (VIOLATED)
u_e.g_mac[1].g_tr2.u_tree.add_a[25]$_DFF_P_/D (DFFHQNx1_ASAP7_75t_R) 1377.48 1500.31 -122.84 (VIOLATED)
u_e.g_mac[1].g_tr2.u_tree.have[64]$_DFFE_PN0P_/D (DFFASRHQNx1_ASAP7_75t_R) 1364.06 1486.89 -122.83 (VIOLATED)
u_e.g_mac[1].g_tr2.u_tree.held[7][20]$_DFFE_PP_/D (DFFHQNx1_ASAP7_75t_R) 1374.31 1497.12 -122.81 (VIOLATED)
u_e.g_mac[1].g_tr2.u_tree.held[62][28]$_DFFE_PP_/D (DFFHQNx1_ASAP7_75t_R) 1367.25 1489.97 -122.72 (VIOLATED)
u_e.g_mac[1].g_l2.u_l0.p1_p[10][5]$_DFF_P_/D (DFFHQNx1_ASAP7_75t_R) 1359.97 1482.68 -122.71 (VIOLATED)
u_e.g_mac[1].g_tr2.u_tree.held[35][16]$_DFFE_PP_/D (DFFHQNx1_ASAP7_75t_R) 1358.37 1480.98 -122.62 (VIOLATED)
u_e.g_mac[1].g_tr2.u_tree.held[21][7]$_DFFE_PP_/D (DFFHQNx1_ASAP7_75t_R) 1359.52 1482.13 -122.61 (VIOLATED)
u_e.g_mac[0].g_tr2.u_tree.held[23][24]$_DFFE_PP_/D (DFFHQNx1_ASAP7_75t_R) 1363.31 1485.90 -122.59 (VIOLATED)
u_e.g_mac[1].g_l2.u_l0.p0_wq[16]$_DFF_P_/D (DFFHQNx2_ASAP7_75t_R) 1359.42 1481.92 -122.50 (VIOLATED)
u_e.g_mac[1].g_tr2.u_tree.held[33][10]$_DFFE_PP_/D (DFFHQNx1_ASAP7_75t_R) 1358.37 1480.86 -122.50 (VIOLATED)
u_e.g_mac[1].g_tr2.u_tree.held[7][31]$_DFFE_PP_/D (DFFHQNx1_ASAP7_75t_R) 1358.13 1480.61 -122.48 (VIOLATED)
u_e.g_mac[1].g_l2.u_l0.p1_p[18][5]$_DFF_P_/D (DFFHQNx1_ASAP7_75t_R) 1360.87 1483.35 -122.48 (VIOLATED)
u_e.wB[16]$_DFFE_PP_/D (DFFHQNx1_ASAP7_75t_R) 1418.65 1541.11 -122.46 (VIOLATED)
u_e.g_mac[0].g_l2.u_l0.p1_p[0][7]$_DFF_P_/D (DFFHQNx1_ASAP7_75t_R) 1394.36 1516.82 -122.46 (VIOLATED)
u_e.g_mac[1].g_tr2.u_tree.held[62][27]$_DFFE_PP_/D (DFFHQNx1_ASAP7_75t_R) 1367.04 1489.45 -122.42 (VIOLATED)
u_e.g_mac[1].g_l2.u_l0.p1_p[20][8]$_SDFF_PN0_/D (DFFHQNx1_ASAP7_75t_R) 1359.75 1482.15 -122.40 (VIOLATED)
u_e.g_mac[1].g_tr2.u_tree.held[38][23]$_DFFE_PP_/D (DFFHQNx1_ASAP7_75t_R) 1355.31 1477.66 -122.35 (VIOLATED)
u_e.g_mac[0].g_l2.u_l0.p1_p[6][8]$_SDFF_PN0_/D (DFFHQNx1_ASAP7_75t_R) 1366.97 1489.32 -122.35 (VIOLATED)
u_e.g_mac[0].g_tr2.u_tree.held[4][15]$_DFFE_PP_/D (DFFHQNx1_ASAP7_75t_R) 1362.21 1484.54 -122.33 (VIOLATED)
u_e.g_mac[1].g_tr2.u_tree.held[68][25]$_DFFE_PP_/D (DFFHQNx1_ASAP7_75t_R) 1380.03 1502.34 -122.31 (VIOLATED)
u_e.g_mac[1].g_tr2.u_tree.held[35][5]$_DFFE_PP_/D (DFFHQNx1_ASAP7_75t_R) 1359.78 1482.07 -122.29 (VIOLATED)
u_e.g_mac[0].g_tr2.u_tree.h_v[16]$_DFF_P_/D (DFFHQNx1_ASAP7_75t_R) 1367.41 1489.67 -122.26 (VIOLATED)
u_e.g_mac[1].g_l2.u_l0.p1_sh[21][3]$_DFF_P_/D (DFFHQNx1_ASAP7_75t_R) 1369.03 1491.27 -122.24 (VIOLATED)
u_e.g_mac[1].g_tr2.u_tree.held[65][21]$_DFFE_PP_/D (DFFHQNx1_ASAP7_75t_R) 1375.68 1497.91 -122.23 (VIOLATED)
u_e.g_mac[1].g_l2.u_l0.p1_p[22][5]$_DFF_P_/D (DFFHQNx1_ASAP7_75t_R) 1360.05 1482.27 -122.22 (VIOLATED)
u_e.g_mac[1].g_tr2.u_tree.held[56][9]$_DFFE_PP_/D (DFFHQNx1_ASAP7_75t_R) 1358.64 1480.83 -122.19 (VIOLATED)
u_e.g_mac[0].g_tr2.u_tree.held[36][23]$_DFFE_PP_/D (DFFHQNx1_ASAP7_75t_R) 1358.17 1480.35 -122.18 (VIOLATED)
u_e.g_mac[1].g_tr2.u_tree.held[35][10]$_DFFE_PP_/D (DFFHQNx1_ASAP7_75t_R) 1358.69 1480.83 -122.13 (VIOLATED)
u_e.g_mac[0].g_tr2.u_tree.infl[5][1]$_DFF_PN0_/D (DFFASRHQNx1_ASAP7_75t_R) 1431.41 1553.53 -122.11 (VIOLATED)
u_e.g_mac[1].g_tr2.u_tree.held[47][8]$_DFFE_PP_/D (DFFHQNx1_ASAP7_75t_R) 1357.52 1479.58 -122.06 (VIOLATED)
u_e.g_mac[0].g_l2.u_l0.p0_wq[232]$_DFF_P_/D (DFFHQNx1_ASAP7_75t_R) 1395.27 1517.33 -122.06 (VIOLATED)
u_e.g_mac[1].g_tr2.u_tree.held[54][4]$_DFFE_PP_/D (DFFHQNx1_ASAP7_75t_R) 1358.65 1480.66 -122.01 (VIOLATED)
u_e.g_mac[1].g_l2.u_l0.p1_p[6][8]$_SDFF_PN0_/D (DFFHQNx1_ASAP7_75t_R) 1368.91 1490.91 -122.00 (VIOLATED)
u_e.g_mac[1].g_l2.u_l0.p1_sh[18][3]$_DFF_P_/D (DFFHQNx1_ASAP7_75t_R) 1354.14 1476.12 -121.98 (VIOLATED)
u_e.g_mac[1].g_tr2.u_tree.held[68][26]$_DFFE_PP_/D (DFFHQNx1_ASAP7_75t_R) 1380.36 1502.31 -121.95 (VIOLATED)
u_e.g_mac[0].g_tr2.u_tree.herr[54]$_DFFE_PN0P_/D (DFFASRHQNx1_ASAP7_75t_R) 1350.79 1472.73 -121.93 (VIOLATED)
u_e.wA[28]$_DFFE_PP_/D (DFFHQNx1_ASAP7_75t_R) 1415.50 1537.39 -121.89 (VIOLATED)
u_e.g_mac[1].g_tr2.u_tree.held[65][6]$_DFFE_PP_/D (DFFHQNx1_ASAP7_75t_R) 1362.98 1484.86 -121.88 (VIOLATED)
u_e.g_mac[1].g_tr2.u_tree.held[45][7]$_DFFE_PP_/D (DFFHQNx1_ASAP7_75t_R) 1359.48 1481.31 -121.84 (VIOLATED)
u_e.g_mac[0].g_l2.u_l0.p1_p[0][6]$_DFF_P_/D (DFFHQNx1_ASAP7_75t_R) 1394.61 1516.42 -121.81 (VIOLATED)
u_e.g_mac[1].g_tr2.u_tree.held[7][4]$_DFFE_PP_/D (DFFHQNx1_ASAP7_75t_R) 1359.44 1481.23 -121.79 (VIOLATED)
u_e.g_mac[1].g_tr2.u_tree.held[64][7]$_DFFE_PP_/D (DFFHQNx1_ASAP7_75t_R) 1359.79 1481.52 -121.73 (VIOLATED)
u_e.g_mac[0].g_tr2.u_tree.h_v[3]$_DFF_P_/D (DFFHQNx1_ASAP7_75t_R) 1368.48 1490.15 -121.66 (VIOLATED)
u_e.g_mac[1].g_l2.u_l0.p2_c[22]$_DFF_P_/D (DFFHQNx1_ASAP7_75t_R) 1352.44 1474.08 -121.64 (VIOLATED)
u_e.wB[25]$_DFFE_PP_/D (DFFHQNx1_ASAP7_75t_R) 1417.29 1538.84 -121.55 (VIOLATED)
u_e.g_mac[1].g_tr2.u_tree.held[47][3]$_DFFE_PP_/D (DFFHQNx1_ASAP7_75t_R) 1357.49 1479.03 -121.54 (VIOLATED)
u_e.wA[25]$_DFFE_PP_/D (DFFHQNx1_ASAP7_75t_R) 1417.27 1538.81 -121.54 (VIOLATED)
u_e.g_mac[1].g_ch2.u_c1.u_add.u_c8.g_r.r[20]$_DFF_P_/D (DFFHQNx2_ASAP7_75t_R) 1361.26 1482.65 -121.39 (VIOLATED)
u_e.g_mac[1].g_tr2.u_tree.held[64][11]$_DFFE_PP_/D (DFFHQNx1_ASAP7_75t_R) 1358.95 1480.30 -121.36 (VIOLATED)
u_e.g_mac[1].g_tr2.u_tree.held[43][18]$_DFFE_PP_/D (DFFHQNx1_ASAP7_75t_R) 1382.18 1503.53 -121.35 (VIOLATED)
u_e.g_mac[1].g_tr2.u_tree.held[31][5]$_DFFE_PP_/D (DFFHQNx1_ASAP7_75t_R) 1356.44 1477.77 -121.33 (VIOLATED)
u_e.g_mac[1].g_tr2.u_tree.held[37][13]$_DFFE_PP_/D (DFFHQNx1_ASAP7_75t_R) 1356.16 1477.44 -121.28 (VIOLATED)
u_e.g_mac[1].g_l2.u_l0.p1_p[23][5]$_DFF_P_/D (DFFHQNx1_ASAP7_75t_R) 1360.93 1482.21 -121.28 (VIOLATED)
u_e.g_mac[0].g_tr2.u_tree.held[56][23]$_DFFE_PP_/D (DFFHQNx1_ASAP7_75t_R) 1358.35 1479.62 -121.27 (VIOLATED)
u_e.g_mac[0].g_tr2.u_tree.held[4][20]$_DFFE_PP_/D (DFFHQNx1_ASAP7_75t_R) 1361.24 1482.46 -121.22 (VIOLATED)
u_e.g_mac[1].g_tr2.u_tree.held[24][6]$_DFFE_PP_/D (DFFHQNx1_ASAP7_75t_R) 1359.28 1480.50 -121.22 (VIOLATED)
u_e.g_mac[0].g_tr2.u_tree.held[18][26]$_DFFE_PP_/D (DFFHQNx1_ASAP7_75t_R) 1359.91 1481.12 -121.21 (VIOLATED)
u_e.g_mac[1].g_tr2.u_tree.held[54][21]$_DFFE_PP_/D (DFFHQNx1_ASAP7_75t_R) 1367.59 1488.77 -121.19 (VIOLATED)
u_e.g_mac[1].g_tr2.u_tree.held[43][17]$_DFFE_PP_/D (DFFHQNx1_ASAP7_75t_R) 1381.78 1502.95 -121.17 (VIOLATED)
u_e.g_mac[0].g_tr2.u_tree.held[23][27]$_DFFE_PP_/D (DFFHQNx1_ASAP7_75t_R) 1363.73 1484.88 -121.15 (VIOLATED)
u_e.g_mac[1].g_tr2.u_tree.held[1][13]$_DFFE_PP_/D (DFFHQNx1_ASAP7_75t_R) 1356.25 1477.40 -121.14 (VIOLATED)
u_e.g_mac[1].g_tr2.u_tree.held[68][24]$_DFFE_PP_/D (DFFHQNx1_ASAP7_75t_R) 1381.19 1502.31 -121.12 (VIOLATED)
u_e.g_mac[0].g_tr2.u_tree.infl[14][1]$_DFF_PN0_/D (DFFASRHQNx1_ASAP7_75t_R) 1431.58 1552.63 -121.05 (VIOLATED)
u_e.g_mac[1].g_tr2.u_tree.held[7][15]$_DFFE_PP_/D (DFFHQNx1_ASAP7_75t_R) 1373.03 1494.08 -121.05 (VIOLATED)
u_e.g_mac[1].g_tr2.u_tree.held[1][20]$_DFFE_PP_/D (DFFHQNx1_ASAP7_75t_R) 1356.33 1477.37 -121.03 (VIOLATED)
u_e.g_mac[1].g_tr2.u_tree.held[77][24]$_DFFE_PP_/D (DFFHQNx1_ASAP7_75t_R) 1379.24 1500.27 -121.03 (VIOLATED)
u_e.g_mac[1].g_l2.u_l0.p0_we[3]$_DFF_P_/D (DFFHQNx1_ASAP7_75t_R) 1364.08 1485.08 -121.00 (VIOLATED)
u_e.wA[30]$_DFFE_PP_/D (DFFHQNx1_ASAP7_75t_R) 1415.69 1536.68 -120.98 (VIOLATED)
u_e.g_mac[0].g_tr2.u_tree.infl[15][1]$_DFF_PN0_/D (DFFASRHQNx1_ASAP7_75t_R) 1431.97 1552.92 -120.95 (VIOLATED)
u_e.g_mac[0].g_tr2.u_tree.herr[8]$_DFFE_PN0P_/D (DFFASRHQNx1_ASAP7_75t_R) 1352.51 1473.40 -120.88 (VIOLATED)
u_e.g_mac[1].g_l2.u_l0.p1_p[22][7]$_DFF_P_/D (DFFHQNx1_ASAP7_75t_R) 1371.60 1492.47 -120.87 (VIOLATED)
u_e.g_mac[1].g_tr2.u_tree.held[63][10]$_DFFE_PP_/D (DFFHQNx1_ASAP7_75t_R) 1355.81 1476.64 -120.83 (VIOLATED)
u_e.g_mac[1].g_tr2.u_tree.held[64][3]$_DFFE_PP_/D (DFFHQNx1_ASAP7_75t_R) 1363.24 1484.07 -120.83 (VIOLATED)
u_e.g_mac[1].g_tr2.u_tree.held[54][23]$_DFFE_PP_/D (DFFHQNx1_ASAP7_75t_R) 1355.54 1476.36 -120.82 (VIOLATED)
u_e.nA[32]$_DFFE_PP_/D (DFFHQNx1_ASAP7_75t_R) 1405.48 1526.28 -120.80 (VIOLATED)
u_e.g_mac[1].g_l2.u_l0.p0_wq[91]$_DFF_P_/D (DFFHQNx1_ASAP7_75t_R) 1358.69 1479.46 -120.77 (VIOLATED)
u_e.g_mac[0].g_tr2.u_tree.infl[4][1]$_DFF_PN0_/D (DFFASRHQNx1_ASAP7_75t_R) 1424.73 1545.47 -120.74 (VIOLATED)
u_e.wB[31]$_DFFE_PP_/D (DFFHQNx1_ASAP7_75t_R) 1415.90 1536.64 -120.74 (VIOLATED)
u_e.wB[33]$_DFFE_PP_/D (DFFHQNx1_ASAP7_75t_R) 1419.23 1539.96 -120.73 (VIOLATED)
u_e.g_mac[1].g_tr2.u_tree.held[66][9]$_DFFE_PP_/D (DFFHQNx1_ASAP7_75t_R) 1360.01 1480.71 -120.70 (VIOLATED)
u_e.wB[19]$_DFFE_PP_/D (DFFHQNx1_ASAP7_75t_R) 1417.42 1538.11 -120.69 (VIOLATED)
u_e.g_mac[1].g_tr2.u_tree.add_a[14]$_DFF_P_/D (DFFHQNx1_ASAP7_75t_R) 1361.05 1481.73 -120.68 (VIOLATED)
u_e.g_mac[1].g_l2.u_l0.p1_p[10][6]$_DFF_P_/D (DFFHQNx1_ASAP7_75t_R) 1372.93 1493.57 -120.63 (VIOLATED)
u_e.g_mac[0].g_l2.u_l0.p1_p[0][8]$_SDFF_PN0_/D (DFFHQNx1_ASAP7_75t_R) 1394.63 1515.25 -120.61 (VIOLATED)
u_e.g_mac[1].g_tr2.u_tree.held[47][27]$_DFFE_PP_/D (DFFHQNx1_ASAP7_75t_R) 1366.88 1487.47 -120.59 (VIOLATED)
u_e.g_mac[0].g_tr2.u_tree.infl[6][1]$_DFF_PN0_/D (DFFASRHQNx1_ASAP7_75t_R) 1431.60 1552.15 -120.55 (VIOLATED)
u_e.g_mac[1].g_tr2.u_tree.held[7][23]$_DFFE_PP_/D (DFFHQNx1_ASAP7_75t_R) 1374.67 1495.22 -120.55 (VIOLATED)
u_e.g_mac[1].g_tr2.u_tree.held[33][16]$_DFFE_PP_/D (DFFHQNx1_ASAP7_75t_R) 1359.71 1480.26 -120.55 (VIOLATED)
u_e.g_mac[1].g_l2.u_l0.p0_wq[73]$_DFF_P_/D (DFFHQNx1_ASAP7_75t_R) 1354.98 1475.50 -120.52 (VIOLATED)
u_e.g_mac[1].g_tr2.u_tree.held[54][20]$_DFFE_PP_/D (DFFHQNx1_ASAP7_75t_R) 1354.98 1475.49 -120.51 (VIOLATED)
u_e.g_mac[0].g_l2.u_l0.p1_p[30][7]$_DFF_P_/D (DFFHQNx1_ASAP7_75t_R) 1363.97 1484.46 -120.49 (VIOLATED)
u_e.g_mac[1].g_tr2.u_tree.held[45][12]$_DFFE_PP_/D (DFFHQNx1_ASAP7_75t_R) 1357.83 1478.21 -120.39 (VIOLATED)
u_e.g_mac[1].g_tr2.u_tree.held[48][22]$_DFFE_PP_/D (DFFHQNx1_ASAP7_75t_R) 1380.11 1500.46 -120.35 (VIOLATED)
u_e.g_mac[1].g_tr2.u_tree.held[66][5]$_DFFE_PP_/D (DFFHQNx1_ASAP7_75t_R) 1358.51 1478.85 -120.35 (VIOLATED)
u_e.wA[16]$_DFFE_PP_/D (DFFHQNx1_ASAP7_75t_R) 1418.87 1539.21 -120.35 (VIOLATED)
u_e.g_mac[1].g_tr2.u_tree.held[45][2]$_DFFE_PP_/D (DFFHQNx1_ASAP7_75t_R) 1358.28 1478.58 -120.31 (VIOLATED)
u_e.wA[33]$_DFFE_PP_/D (DFFHQNx1_ASAP7_75t_R) 1419.09 1539.37 -120.29 (VIOLATED)
u_e.g_mac[0].g_l2.u_l0.p1_p[5][5]$_DFF_P_/D (DFFHQNx1_ASAP7_75t_R) 1379.69 1499.95 -120.27 (VIOLATED)
u_e.wA[29]$_DFFE_PP_/D (DFFHQNx1_ASAP7_75t_R) 1416.04 1536.28 -120.24 (VIOLATED)
u_e.g_mac[1].g_tr2.u_tree.held[53][31]$_DFFE_PP_/D (DFFHQNx1_ASAP7_75t_R) 1358.92 1479.13 -120.21 (VIOLATED)
u_e.g_mac[1].g_tr2.u_tree.held[1][9]$_DFFE_PP_/D (DFFHQNx1_ASAP7_75t_R) 1356.56 1476.74 -120.18 (VIOLATED)
u_e.wA[44]$_DFFE_PP_/D (DFFHQNx1_ASAP7_75t_R) 1417.02 1537.21 -120.18 (VIOLATED)
u_e.g_mac[1].g_tr2.u_tree.held[14][14]$_DFFE_PP_/D (DFFHQNx1_ASAP7_75t_R) 1370.97 1491.14 -120.17 (VIOLATED)
u_e.wA[42]$_DFFE_PP_/D (DFFHQNx1_ASAP7_75t_R) 1417.56 1537.70 -120.15 (VIOLATED)
u_e.wB[24]$_DFFE_PP_/D (DFFHQNx1_ASAP7_75t_R) 1418.97 1539.11 -120.14 (VIOLATED)
u_e.wB[29]$_DFFE_PP_/D (DFFHQNx1_ASAP7_75t_R) 1416.09 1536.22 -120.13 (VIOLATED)
u_e.g_mac[1].g_l2.u_l0.p1_p[19][8]$_SDFF_PN0_/D (DFFHQNx1_ASAP7_75t_R) 1365.51 1485.61 -120.10 (VIOLATED)
u_e.wA[24]$_DFFE_PP_/D (DFFHQNx1_ASAP7_75t_R) 1418.99 1539.07 -120.07 (VIOLATED)
u_e.g_mac[0].g_l2.u_l0.p1_p[28][5]$_DFF_P_/D (DFFHQNx1_ASAP7_75t_R) 1366.73 1486.79 -120.05 (VIOLATED)
u_e.g_mac[1].g_tr2.u_tree.held[69][16]$_DFFE_PP_/D (DFFHQNx1_ASAP7_75t_R) 1358.98 1479.02 -120.04 (VIOLATED)
u_e.g_mac[1].g_tr2.u_tree.held[77][29]$_DFFE_PP_/D (DFFHQNx1_ASAP7_75t_R) 1380.46 1500.49 -120.04 (VIOLATED)
u_e.wB[27]$_DFFE_PP_/D (DFFHQNx1_ASAP7_75t_R) 1417.01 1537.00 -119.99 (VIOLATED)
u_e.g_mac[0].g_tr2.u_tree.held[18][28]$_DFFE_PP_/D (DFFHQNx1_ASAP7_75t_R) 1359.68 1479.59 -119.91 (VIOLATED)
u_e.g_mac[1].g_tr2.u_tree.held[54][18]$_DFFE_PP_/D (DFFHQNx1_ASAP7_75t_R) 1355.66 1475.55 -119.89 (VIOLATED)
u_e.g_mac[0].g_tr2.u_tree.held[4][29]$_DFFE_PP_/D (DFFHQNx1_ASAP7_75t_R) 1364.70 1484.57 -119.87 (VIOLATED)
u_e.nB[15]$_DFFE_PP_/D (DFFHQNx1_ASAP7_75t_R) 1400.86 1520.70 -119.84 (VIOLATED)
u_e.g_mac[0].g_tr2.u_tree.held[4][23]$_DFFE_PP_/D (DFFHQNx1_ASAP7_75t_R) 1365.68 1485.52 -119.84 (VIOLATED)
u_e.g_mac[1].g_tr2.u_tree.held[10][25]$_DFFE_PP_/D (DFFHQNx1_ASAP7_75t_R) 1372.22 1492.05 -119.83 (VIOLATED)
u_e.g_mac[1].g_tr2.u_tree.add_a[2]$_DFF_P_/D (DFFHQNx1_ASAP7_75t_R) 1361.73 1481.51 -119.78 (VIOLATED)
u_e.g_mac[0].g_tr2.u_tree.held[73][25]$_DFFE_PP_/D (DFFHQNx1_ASAP7_75t_R) 1364.63 1484.37 -119.74 (VIOLATED)
u_e.g_mac[0].g_l2.u_l0.p1_p[2][7]$_DFF_P_/D (DFFHQNx1_ASAP7_75t_R) 1378.71 1498.27 -119.57 (VIOLATED)
u_e.g_mac[1].g_tr2.u_tree.held[14][22]$_DFFE_PP_/D (DFFHQNx1_ASAP7_75t_R) 1381.11 1500.65 -119.54 (VIOLATED)
u_e.g_mac[1].g_tr2.u_tree.held[48][23]$_DFFE_PP_/D (DFFHQNx1_ASAP7_75t_R) 1373.80 1493.25 -119.45 (VIOLATED)
u_e.g_mac[0].g_tr2.u_tree.infl[8][2]$_DFF_PN0_/D (DFFASRHQNx1_ASAP7_75t_R) 1424.57 1543.99 -119.41 (VIOLATED)
u_e.g_mac[0].g_tr2.u_tree.held[76][15]$_DFFE_PP_/D (DFFHQNx1_ASAP7_75t_R) 1364.72 1484.11 -119.39 (VIOLATED)
u_e.g_mac[1].g_tr2.u_tree.held[61][23]$_DFFE_PP_/D (DFFHQNx1_ASAP7_75t_R) 1372.98 1492.31 -119.34 (VIOLATED)
u_e.g_mac[1].g_tr2.u_tree.held[48][21]$_DFFE_PP_/D (DFFHQNx1_ASAP7_75t_R) 1373.11 1492.41 -119.30 (VIOLATED)
u_e.g_mac[0].g_tr2.u_tree.held[15][15]$_DFFE_PP_/D (DFFHQNx1_ASAP7_75t_R) 1369.27 1488.49 -119.22 (VIOLATED)
u_e.g_mac[0].g_tr2.u_tree.held[15][17]$_DFFE_PP_/D (DFFHQNx1_ASAP7_75t_R) 1369.88 1489.08 -119.19 (VIOLATED)
u_e.g_mac[1].g_tr2.u_tree.held[20][19]$_DFFE_PP_/D (DFFHQNx1_ASAP7_75t_R) 1373.07 1492.22 -119.15 (VIOLATED)
u_e.g_mac[1].g_tr2.u_tree.held[47][13]$_DFFE_PP_/D (DFFHQNx1_ASAP7_75t_R) 1356.17 1475.32 -119.14 (VIOLATED)
u_e.g_mac[1].g_tr2.u_tree.held[45][17]$_DFFE_PP_/D (DFFHQNx1_ASAP7_75t_R) 1358.63 1477.77 -119.14 (VIOLATED)
u_e.g_mac[1].g_tr2.u_tree.held[3][28]$_DFFE_PP_/D (DFFHQNx1_ASAP7_75t_R) 1377.52 1496.63 -119.11 (VIOLATED)
u_e.g_mac[0].g_tr2.u_tree.held[54][27]$_DFFE_PP_/D (DFFHQNx1_ASAP7_75t_R) 1364.35 1483.46 -119.11 (VIOLATED)
u_e.g_mac[1].g_tr2.u_tree.held[3][30]$_DFFE_PP_/D (DFFHQNx1_ASAP7_75t_R) 1378.74 1497.84 -119.10 (VIOLATED)
u_e.g_mac[1].g_tr2.u_tree.held[70][27]$_DFFE_PP_/D (DFFHQNx1_ASAP7_75t_R) 1379.60 1498.69 -119.09 (VIOLATED)
u_e.g_mac[0].g_tr2.u_tree.held[54][24]$_DFFE_PP_/D (DFFHQNx1_ASAP7_75t_R) 1363.99 1483.04 -119.05 (VIOLATED)
u_e.g_mac[0].g_tr2.u_tree.held[15][23]$_DFFE_PP_/D (DFFHQNx1_ASAP7_75t_R) 1365.38 1484.39 -119.01 (VIOLATED)
u_e.g_mac[0].g_l2.u_l0.p1_p[15][5]$_DFF_P_/D (DFFHQNx1_ASAP7_75t_R) 1366.54 1485.52 -118.98 (VIOLATED)
u_e.g_mac[1].g_tr2.u_tree.held[70][15]$_DFFE_PP_/D (DFFHQNx1_ASAP7_75t_R) 1379.41 1498.39 -118.98 (VIOLATED)
u_e.g_mac[1].g_tr2.u_tree.held[66][6]$_DFFE_PP_/D (DFFHQNx1_ASAP7_75t_R) 1360.46 1479.38 -118.93 (VIOLATED)
u_e.g_mac[0].g_tr2.u_tree.held[23][21]$_DFFE_PP_/D (DFFHQNx1_ASAP7_75t_R) 1366.87 1485.78 -118.92 (VIOLATED)
u_e.g_mac[0].g_tr2.u_tree.held[76][20]$_DFFE_PP_/D (DFFHQNx1_ASAP7_75t_R) 1365.18 1484.09 -118.90 (VIOLATED)
u_e.g_mac[1].g_tr2.u_tree.held[51][25]$_DFFE_PP_/D (DFFHQNx1_ASAP7_75t_R) 1380.36 1499.26 -118.90 (VIOLATED)
u_e.g_mac[1].g_tr2.u_tree.held[64][8]$_DFFE_PP_/D (DFFHQNx1_ASAP7_75t_R) 1357.16 1476.05 -118.89 (VIOLATED)
u_e.nA[9]$_DFFE_PP_/D (DFFHQNx1_ASAP7_75t_R) 1407.09 1525.97 -118.89 (VIOLATED)
u_e.g_mac[1].g_tr2.u_tree.held[68][23]$_DFFE_PP_/D (DFFHQNx1_ASAP7_75t_R) 1372.91 1491.79 -118.88 (VIOLATED)
u_e.g_mac[1].g_tr2.u_tree.held[45][16]$_DFFE_PP_/D (DFFHQNx1_ASAP7_75t_R) 1359.11 1477.98 -118.87 (VIOLATED)
u_e.g_mac[0].g_tr2.u_tree.held[73][29]$_DFFE_PP_/D (DFFHQNx1_ASAP7_75t_R) 1365.10 1483.97 -118.87 (VIOLATED)
u_e.g_mac[1].g_tr2.u_tree.held[48][18]$_DFFE_PP_/D (DFFHQNx1_ASAP7_75t_R) 1381.46 1500.32 -118.87 (VIOLATED)
u_e.g_mac[0].g_l2.u_l0.p1_p[5][8]$_SDFF_PN0_/D (DFFHQNx1_ASAP7_75t_R) 1380.08 1498.93 -118.85 (VIOLATED)
u_e.g_mac[0].g_tr2.u_tree.held[26][26]$_DFFE_PP_/D (DFFHQNx1_ASAP7_75t_R) 1354.53 1473.28 -118.76 (VIOLATED)
u_e.g_mac[0].g_tr2.u_tree.held[4][25]$_DFFE_PP_/D (DFFHQNx1_ASAP7_75t_R) 1365.97 1484.72 -118.75 (VIOLATED)
u_e.g_mac[1].g_tr2.u_tree.held[46][25]$_DFFE_PP_/D (DFFHQNx1_ASAP7_75t_R) 1380.83 1499.59 -118.75 (VIOLATED)
u_e.g_mac[0].g_tr2.u_tree.infl[13][1]$_DFF_PN0_/D (DFFASRHQNx1_ASAP7_75t_R) 1425.32 1544.06 -118.75 (VIOLATED)
u_e.g_mac[1].g_tr2.u_tree.held[62][4]$_DFFE_PP_/D (DFFHQNx1_ASAP7_75t_R) 1359.13 1477.81 -118.68 (VIOLATED)
u_e.g_mac[1].g_tr2.u_tree.held[47][14]$_DFFE_PP_/D (DFFHQNx1_ASAP7_75t_R) 1356.80 1475.45 -118.66 (VIOLATED)
u_e.g_mac[0].g_tr2.u_tree.herr[58]$_DFFE_PN0P_/D (DFFASRHQNx1_ASAP7_75t_R) 1350.98 1469.62 -118.64 (VIOLATED)
u_e.g_mac[0].g_tr2.u_tree.herr[11]$_DFFE_PN0P_/D (DFFASRHQNx1_ASAP7_75t_R) 1351.19 1469.79 -118.60 (VIOLATED)
u_e.g_mac[0].g_tr2.u_tree.held[26][28]$_DFFE_PP_/D (DFFHQNx1_ASAP7_75t_R) 1355.62 1474.19 -118.57 (VIOLATED)
u_e.g_mac[0].g_tr2.u_tree.held[23][22]$_DFFE_PP_/D (DFFHQNx1_ASAP7_75t_R) 1366.91 1485.46 -118.55 (VIOLATED)
u_e.g_mac[0].g_tr2.u_tree.held[76][28]$_DFFE_PP_/D (DFFHQNx1_ASAP7_75t_R) 1366.58 1485.12 -118.54 (VIOLATED)
u_e.g_mac[1].g_tr2.u_tree.held[37][5]$_DFFE_PP_/D (DFFHQNx1_ASAP7_75t_R) 1358.49 1477.02 -118.53 (VIOLATED)
u_e.g_mac[1].g_tr2.u_tree.held[70][25]$_DFFE_PP_/D (DFFHQNx1_ASAP7_75t_R) 1381.47 1500.00 -118.53 (VIOLATED)
u_e.g_mac[1].g_tr2.u_tree.held[50][12]$_DFFE_PP_/D (DFFHQNx1_ASAP7_75t_R) 1359.28 1477.77 -118.49 (VIOLATED)
u_e.g_mac[1].g_l2.u_l0.p0_wq[98]$_DFF_P_/D (DFFHQNx1_ASAP7_75t_R) 1377.72 1496.22 -118.49 (VIOLATED)
u_e.g_mac[0].g_tr2.u_tree.held[26][20]$_DFFE_PP_/D (DFFHQNx1_ASAP7_75t_R) 1361.24 1479.73 -118.49 (VIOLATED)
u_e.g_mac[1].g_tr2.u_tree.held[3][25]$_DFFE_PP_/D (DFFHQNx1_ASAP7_75t_R) 1379.56 1498.04 -118.48 (VIOLATED)
u_e.g_mac[1].g_tr2.u_tree.held[46][22]$_DFFE_PP_/D (DFFHQNx1_ASAP7_75t_R) 1379.71 1498.18 -118.48 (VIOLATED)
u_e.g_mac[0].g_tr2.u_tree.held[23][17]$_DFFE_PP_/D (DFFHQNx1_ASAP7_75t_R) 1367.07 1485.44 -118.37 (VIOLATED)
u_e.g_mac[0].g_tr2.u_tree.held[4][13]$_DFFE_PP_/D (DFFHQNx1_ASAP7_75t_R) 1366.25 1484.61 -118.36 (VIOLATED)
u_e.g_mac[0].g_tr2.u_tree.held[18][24]$_DFFE_PP_/D (DFFHQNx1_ASAP7_75t_R) 1363.88 1482.22 -118.34 (VIOLATED)
u_e.g_mac[0].g_tr2.u_tree.held[56][18]$_DFFE_PP_/D (DFFHQNx1_ASAP7_75t_R) 1361.57 1479.90 -118.33 (VIOLATED)
u_e.g_mac[0].g_tr2.u_tree.held[54][23]$_DFFE_PP_/D (DFFHQNx1_ASAP7_75t_R) 1364.52 1482.82 -118.30 (VIOLATED)
u_e.g_mac[0].g_tr2.u_tree.held[15][24]$_DFFE_PP_/D (DFFHQNx1_ASAP7_75t_R) 1364.98 1483.28 -118.30 (VIOLATED)
u_e.g_mac[0].g_l2.u_l0.p1_p[2][6]$_DFF_P_/D (DFFHQNx1_ASAP7_75t_R) 1380.55 1498.84 -118.29 (VIOLATED)
u_e.g_qt_hit.g_hc[0].d_q[2]$_SDFFE_PP0P_/D (DFFHQNx1_ASAP7_75t_R) 1412.53 1530.79 -118.25 (VIOLATED)
u_e.g_mac[1].g_tr2.u_tree.herr[31]$_DFFE_PN0P_/D (DFFASRHQNx1_ASAP7_75t_R) 1344.45 1462.53 -118.07 (VIOLATED)
u_e.g_mac[0].g_l2.u_l0.p0_wq[24]$_DFF_P_/D (DFFHQNx2_ASAP7_75t_R) 1372.44 1490.51 -118.07 (VIOLATED)
u_e.g_mac[1].g_tr2.u_tree.held[47][5]$_DFFE_PP_/D (DFFHQNx1_ASAP7_75t_R) 1357.74 1475.78 -118.04 (VIOLATED)
u_e.g_mac[1].g_tr2.u_tree.held[51][23]$_DFFE_PP_/D (DFFHQNx1_ASAP7_75t_R) 1371.62 1489.60 -117.98 (VIOLATED)
u_e.nA[8]$_DFFE_PP_/D (DFFHQNx1_ASAP7_75t_R) 1407.21 1525.11 -117.90 (VIOLATED)
u_e.g_mac[1].g_l2.u_l0.p1_p[5][6]$_DFF_P_/D (DFFHQNx1_ASAP7_75t_R) 1384.36 1502.25 -117.89 (VIOLATED)
u_e.g_mac[1].g_tr2.u_tree.held[70][24]$_DFFE_PP_/D (DFFHQNx1_ASAP7_75t_R) 1382.01 1499.89 -117.88 (VIOLATED)
u_e.g_mac[1].g_tr2.u_tree.held[38][9]$_DFFE_PP_/D (DFFHQNx1_ASAP7_75t_R) 1359.56 1477.37 -117.81 (VIOLATED)
u_e.g_mac[1].g_l2.u_l0.p0_wq[49]$_DFF_P_/D (DFFHQNx1_ASAP7_75t_R) 1378.60 1496.40 -117.79 (VIOLATED)
u_e.g_mac[1].g_tr2.u_tree.held[57][12]$_DFFE_PP_/D (DFFHQNx1_ASAP7_75t_R) 1360.30 1478.05 -117.75 (VIOLATED)
u_e.g_mac[0].g_l2.u_l0.p1_p[15][7]$_DFF_P_/D (DFFHQNx1_ASAP7_75t_R) 1366.10 1483.84 -117.74 (VIOLATED)
u_e.g_mac[1].g_tr2.u_tree.held[47][10]$_DFFE_PP_/D (DFFHQNx1_ASAP7_75t_R) 1358.29 1476.03 -117.74 (VIOLATED)
u_e.g_mac[1].g_tr2.u_tree.herr[12]$_DFFE_PN0P_/D (DFFASRHQNx1_ASAP7_75t_R) 1344.18 1461.91 -117.74 (VIOLATED)
u_e.g_mac[0].g_tr2.u_tree.held[73][21]$_DFFE_PP_/D (DFFHQNx1_ASAP7_75t_R) 1365.50 1483.21 -117.71 (VIOLATED)
u_e.g_mac[1].g_tr2.u_tree.held[47][9]$_DFFE_PP_/D (DFFHQNx1_ASAP7_75t_R) 1358.35 1476.01 -117.66 (VIOLATED)
u_e.g_mac[0].g_l2.u_l0.p0_wq[250]$_DFF_P_/D (DFFHQNx1_ASAP7_75t_R) 1395.49 1513.13 -117.64 (VIOLATED)
u_e.g_mac[1].g_l2.u_l0.p1_sh[3][3]$_DFF_P_/D (DFFHQNx1_ASAP7_75t_R) 1400.23 1517.86 -117.63 (VIOLATED)
u_e.g_mac[1].g_tr2.u_tree.held[70][29]$_DFFE_PP_/D (DFFHQNx1_ASAP7_75t_R) 1380.88 1498.51 -117.63 (VIOLATED)
u_e.g_mac[1].g_tr2.u_tree.held[54][29]$_DFFE_PP_/D (DFFHQNx1_ASAP7_75t_R) 1374.65 1492.23 -117.59 (VIOLATED)
u_e.nB[18]$_DFFE_PP_/D (DFFHQNx1_ASAP7_75t_R) 1403.78 1521.35 -117.58 (VIOLATED)
u_e.g_mac[1].g_tr2.u_tree.held[45][4]$_DFFE_PP_/D (DFFHQNx1_ASAP7_75t_R) 1362.86 1480.43 -117.57 (VIOLATED)
u_e.g_mac[1].g_l2.u_l0.p1_p[18][8]$_SDFF_PN0_/D (DFFHQNx1_ASAP7_75t_R) 1372.72 1490.29 -117.57 (VIOLATED)
u_e.g_mac[1].g_tr2.u_tree.held[3][27]$_DFFE_PP_/D (DFFHQNx1_ASAP7_75t_R) 1379.86 1497.43 -117.56 (VIOLATED)
u_e.g_mac[0].g_tr2.u_tree.held[76][19]$_DFFE_PP_/D (DFFHQNx1_ASAP7_75t_R) 1367.18 1484.73 -117.55 (VIOLATED)
u_e.g_mac[1].g_tr2.u_tree.held[51][15]$_DFFE_PP_/D (DFFHQNx1_ASAP7_75t_R) 1371.70 1489.22 -117.52 (VIOLATED)
u_e.g_mac[1].g_tr2.u_tree.held[46][13]$_DFFE_PP_/D (DFFHQNx1_ASAP7_75t_R) 1380.06 1497.58 -117.51 (VIOLATED)
u_e.g_mac[1].g_tr2.u_tree.held[9][28]$_DFFE_PP_/D (DFFHQNx1_ASAP7_75t_R) 1377.42 1494.80 -117.38 (VIOLATED)
u_e.g_mac[0].g_tr2.u_tree.held[76][26]$_DFFE_PP_/D (DFFHQNx1_ASAP7_75t_R) 1362.30 1479.67 -117.36 (VIOLATED)
u_e.g_mac[0].g_tr2.u_tree.held[4][24]$_DFFE_PP_/D (DFFHQNx1_ASAP7_75t_R) 1363.79 1481.12 -117.32 (VIOLATED)
u_e.g_mac[0].g_tr2.u_tree.held[0][22]$_DFFE_PP_/D (DFFHQNx1_ASAP7_75t_R) 1354.59 1471.84 -117.25 (VIOLATED)
u_e.g_mac[1].g_tr2.u_tree.held[46][15]$_DFFE_PP_/D (DFFHQNx1_ASAP7_75t_R) 1379.82 1497.02 -117.19 (VIOLATED)
u_e.g_mac[1].g_tr2.u_tree.held[54][15]$_DFFE_PP_/D (DFFHQNx1_ASAP7_75t_R) 1379.70 1496.87 -117.16 (VIOLATED)
u_e.g_mac[1].g_tr2.u_tree.held[46][28]$_DFFE_PP_/D (DFFHQNx1_ASAP7_75t_R) 1379.75 1496.88 -117.13 (VIOLATED)
u_e.g_mac[0].g_tr2.u_tree.held[4][21]$_DFFE_PP_/D (DFFHQNx1_ASAP7_75t_R) 1367.37 1484.51 -117.13 (VIOLATED)
u_e.g_mac[1].g_tr2.u_tree.held[70][30]$_DFFE_PP_/D (DFFHQNx1_ASAP7_75t_R) 1379.57 1496.67 -117.10 (VIOLATED)
u_e.g_mac[1].g_tr2.u_tree.held[46][30]$_DFFE_PP_/D (DFFHQNx1_ASAP7_75t_R) 1380.20 1497.29 -117.09 (VIOLATED)
u_e.nB[28]$_DFFE_PP_/D (DFFHQNx1_ASAP7_75t_R) 1404.13 1521.20 -117.07 (VIOLATED)
u_e.g_mac[1].g_l2.u_l0.p1_sh[11][4]$_DFF_P_/D (DFFHQNx1_ASAP7_75t_R) 1358.40 1475.46 -117.06 (VIOLATED)
u_e.g_mac[1].g_l2.u_l0.p1_p[15][4]$_DFF_P_/D (DFFHQNx1_ASAP7_75t_R) 1358.64 1475.68 -117.03 (VIOLATED)
u_e.g_mac[1].g_tr2.u_tree.held[3][29]$_DFFE_PP_/D (DFFHQNx1_ASAP7_75t_R) 1382.31 1499.32 -117.01 (VIOLATED)
u_e.g_mac[1].g_tr2.u_tree.held[64][18]$_DFFE_PP_/D (DFFHQNx1_ASAP7_75t_R) 1382.01 1499.02 -117.00 (VIOLATED)
u_e.g_mac[1].g_tr2.u_tree.held[48][25]$_DFFE_PP_/D (DFFHQNx1_ASAP7_75t_R) 1379.57 1496.57 -116.99 (VIOLATED)
u_e.g_mac[1].g_tr2.u_tree.held[46][27]$_DFFE_PP_/D (DFFHQNx1_ASAP7_75t_R) 1379.42 1496.40 -116.99 (VIOLATED)
u_e.g_mac[1].g_tr2.u_tree.held[61][13]$_DFFE_PP_/D (DFFHQNx1_ASAP7_75t_R) 1381.13 1498.11 -116.98 (VIOLATED)
u_e.g_mac[1].g_tr2.u_tree.held[14][18]$_DFFE_PP_/D (DFFHQNx1_ASAP7_75t_R) 1382.02 1498.94 -116.92 (VIOLATED)
u_e.g_mac[1].g_tr2.u_tree.held[13][6]$_DFFE_PP_/D (DFFHQNx1_ASAP7_75t_R) 1360.21 1477.09 -116.88 (VIOLATED)
u_e.g_mac[0].g_tr2.u_tree.held[18][23]$_DFFE_PP_/D (DFFHQNx1_ASAP7_75t_R) 1363.85 1480.69 -116.84 (VIOLATED)
u_e.g_mac[0].g_tr2.u_tree.held[23][28]$_DFFE_PP_/D (DFFHQNx1_ASAP7_75t_R) 1357.83 1474.62 -116.79 (VIOLATED)
u_e.g_mac[1].g_tr2.u_tree.held[54][22]$_DFFE_PP_/D (DFFHQNx1_ASAP7_75t_R) 1379.69 1496.32 -116.63 (VIOLATED)
u_e.g_mac[0].g_l2.u_l0.p0_wq[234]$_DFF_P_/D (DFFHQNx1_ASAP7_75t_R) 1394.47 1511.03 -116.55 (VIOLATED)
u_e.g_mac[1].g_tr2.u_tree.held[2][10]$_DFFE_PP_/D (DFFHQNx1_ASAP7_75t_R) 1356.54 1473.08 -116.54 (VIOLATED)
u_e.g_mac[0].g_tr2.u_tree.held[26][29]$_DFFE_PP_/D (DFFHQNx1_ASAP7_75t_R) 1365.00 1481.48 -116.48 (VIOLATED)
u_e.g_mac[0].g_tr2.u_tree.held[73][13]$_DFFE_PP_/D (DFFHQNx1_ASAP7_75t_R) 1367.08 1483.56 -116.48 (VIOLATED)
u_e.g_mac[1].g_tr2.u_tree.held[21][21]$_DFFE_PP_/D (DFFHQNx1_ASAP7_75t_R) 1379.78 1496.21 -116.43 (VIOLATED)
u_e.g_mac[0].g_tr2.u_tree.held[56][24]$_DFFE_PP_/D (DFFHQNx1_ASAP7_75t_R) 1363.48 1479.83 -116.35 (VIOLATED)
u_e.g_mac[1].g_tr2.u_tree.held[54][24]$_DFFE_PP_/D (DFFHQNx1_ASAP7_75t_R) 1375.21 1491.53 -116.32 (VIOLATED)
u_e.g_mac[0].g_tr2.u_tree.held[36][27]$_DFFE_PP_/D (DFFHQNx1_ASAP7_75t_R) 1364.01 1480.29 -116.28 (VIOLATED)
u_e.g_mac[0].g_l2.u_l0.p0_wq[233]$_DFF_P_/D (DFFHQNx1_ASAP7_75t_R) 1395.63 1511.88 -116.25 (VIOLATED)
u_e.g_mac[1].g_tr2.u_tree.held[41][14]$_DFFE_PP_/D (DFFHQNx1_ASAP7_75t_R) 1358.07 1474.28 -116.21 (VIOLATED)
u_e.g_mac[1].g_tr2.u_tree.held[38][30]$_DFFE_PP_/D (DFFHQNx1_ASAP7_75t_R) 1366.91 1483.11 -116.20 (VIOLATED)
u_e.g_mac[1].g_l2.u_l0.p1_p[5][7]$_DFF_P_/D (DFFHQNx1_ASAP7_75t_R) 1384.68 1500.78 -116.10 (VIOLATED)
u_e.g_mac[1].g_tr2.u_tree.held[46][18]$_DFFE_PP_/D (DFFHQNx1_ASAP7_75t_R) 1383.08 1499.12 -116.03 (VIOLATED)
u_e.g_mac[1].g_tr2.u_tree.held[38][29]$_DFFE_PP_/D (DFFHQNx1_ASAP7_75t_R) 1366.84 1482.85 -116.01 (VIOLATED)
u_e.g_mac[1].g_tr2.u_tree.held[21][24]$_DFFE_PP_/D (DFFHQNx1_ASAP7_75t_R) 1377.02 1493.02 -116.00 (VIOLATED)
u_e.g_mac[1].g_tr2.u_tree.held[2][9]$_DFFE_PP_/D (DFFHQNx1_ASAP7_75t_R) 1356.80 1472.77 -115.98 (VIOLATED)
u_e.g_mac[1].g_tr2.u_tree.held[47][24]$_DFFE_PP_/D (DFFHQNx1_ASAP7_75t_R) 1374.00 1489.97 -115.96 (VIOLATED)
u_e.g_mac[0].g_tr2.u_tree.held[31][26]$_DFFE_PP_/D (DFFHQNx1_ASAP7_75t_R) 1357.01 1472.92 -115.91 (VIOLATED)
u_e.g_mac[1].g_tr2.u_tree.held[46][19]$_DFFE_PP_/D (DFFHQNx1_ASAP7_75t_R) 1379.90 1495.81 -115.91 (VIOLATED)
u_e.nB[0]$_DFFE_PP_/D (DFFHQNx1_ASAP7_75t_R) 1397.83 1513.71 -115.87 (VIOLATED)
u_e.g_mac[0].g_tr2.u_tree.held[31][28]$_DFFE_PP_/D (DFFHQNx1_ASAP7_75t_R) 1357.21 1473.07 -115.87 (VIOLATED)
u_e.g_mac[1].g_tr2.u_tree.held[65][11]$_DFFE_PP_/D (DFFHQNx1_ASAP7_75t_R) 1357.84 1473.64 -115.80 (VIOLATED)
u_e.g_mac[0].g_tr2.u_tree.held[56][30]$_DFFE_PP_/D (DFFHQNx1_ASAP7_75t_R) 1360.85 1476.62 -115.77 (VIOLATED)
u_e.g_mac[0].g_tr2.u_tree.held[15][29]$_DFFE_PP_/D (DFFHQNx1_ASAP7_75t_R) 1364.99 1480.75 -115.76 (VIOLATED)
u_e.nB[16]$_DFFE_PP_/D (DFFHQNx1_ASAP7_75t_R) 1404.05 1519.72 -115.67 (VIOLATED)
u_e.g_mac[0].g_tr2.u_tree.held[31][19]$_DFFE_PP_/D (DFFHQNx1_ASAP7_75t_R) 1359.99 1475.66 -115.67 (VIOLATED)
u_e.g_mac[1].g_tr2.u_tree.held[65][31]$_DFFE_PP_/D (DFFHQNx1_ASAP7_75t_R) 1358.94 1474.57 -115.63 (VIOLATED)
u_e.g_mac[1].g_tr2.u_tree.held[46][29]$_DFFE_PP_/D (DFFHQNx1_ASAP7_75t_R) 1380.75 1496.36 -115.61 (VIOLATED)
u_e.nB[22]$_DFFE_PP_/D (DFFHQNx1_ASAP7_75t_R) 1398.14 1513.73 -115.59 (VIOLATED)
u_e.g_mac[0].g_tr2.u_tree.held[76][18]$_DFFE_PP_/D (DFFHQNx1_ASAP7_75t_R) 1366.81 1482.37 -115.56 (VIOLATED)
u_e.g_mac[1].g_l2.u_l0.p0_wq[42]$_DFF_P_/D (DFFHQNx1_ASAP7_75t_R) 1366.31 1481.76 -115.45 (VIOLATED)
u_e.g_mac[0].g_l2.u_l0.p1_p[10][7]$_DFF_P_/D (DFFHQNx1_ASAP7_75t_R) 1375.41 1490.81 -115.40 (VIOLATED)
u_e.g_mac[0].g_tr2.u_tree.held[26][13]$_DFFE_PP_/D (DFFHQNx1_ASAP7_75t_R) 1366.05 1481.42 -115.37 (VIOLATED)
u_e.g_mac[1].g_tr2.u_tree.held[48][29]$_DFFE_PP_/D (DFFHQNx1_ASAP7_75t_R) 1381.24 1496.61 -115.36 (VIOLATED)
u_e.g_mac[0].g_tr2.u_tree.held[56][9]$_DFFE_PP_/D (DFFHQNx1_ASAP7_75t_R) 1365.99 1481.34 -115.36 (VIOLATED)
u_e.nB[25]$_DFFE_PP_/D (DFFHQNx1_ASAP7_75t_R) 1403.76 1519.10 -115.34 (VIOLATED)
u_e.g_mac[0].g_tr2.u_tree.held[56][14]$_DFFE_PP_/D (DFFHQNx1_ASAP7_75t_R) 1365.92 1481.22 -115.31 (VIOLATED)
u_e.g_mac[1].g_tr2.u_tree.held[58][12]$_DFFE_PP_/D (DFFHQNx1_ASAP7_75t_R) 1359.58 1474.84 -115.26 (VIOLATED)
u_e.g_mac[0].g_tr2.u_tree.infl[7][1]$_DFF_PN0_/D (DFFASRHQNx1_ASAP7_75t_R) 1416.38 1531.64 -115.26 (VIOLATED)
u_e.g_mac[1].g_tr2.u_tree.held[47][26]$_DFFE_PP_/D (DFFHQNx1_ASAP7_75t_R) 1374.70 1489.96 -115.25 (VIOLATED)
u_e.g_mac[0].g_tr2.u_tree.held[4][30]$_DFFE_PP_/D (DFFHQNx1_ASAP7_75t_R) 1364.40 1479.63 -115.23 (VIOLATED)
u_e.g_mac[1].g_tr2.u_tree.held[38][27]$_DFFE_PP_/D (DFFHQNx1_ASAP7_75t_R) 1366.01 1481.23 -115.22 (VIOLATED)
u_e.g_mac[1].g_tr2.u_tree.held[2][5]$_DFFE_PP_/D (DFFHQNx1_ASAP7_75t_R) 1357.11 1472.27 -115.16 (VIOLATED)
u_e.g_mac[0].g_tr2.u_tree.held[56][26]$_DFFE_PP_/D (DFFHQNx1_ASAP7_75t_R) 1364.81 1479.93 -115.12 (VIOLATED)
u_e.g_mac[0].g_tr2.u_tree.held[35][19]$_DFFE_PP_/D (DFFHQNx1_ASAP7_75t_R) 1366.46 1481.57 -115.11 (VIOLATED)
u_e.nB[29]$_DFFE_PP_/D (DFFHQNx1_ASAP7_75t_R) 1403.57 1518.67 -115.10 (VIOLATED)
u_e.g_mac[0].g_tr2.u_tree.held[76][27]$_DFFE_PP_/D (DFFHQNx1_ASAP7_75t_R) 1364.24 1479.30 -115.06 (VIOLATED)
u_e.g_mac[0].g_tr2.u_tree.held[4][18]$_DFFE_PP_/D (DFFHQNx1_ASAP7_75t_R) 1368.48 1483.54 -115.05 (VIOLATED)
u_e.g_mac[1].g_tr2.u_tree.held[51][14]$_DFFE_PP_/D (DFFHQNx1_ASAP7_75t_R) 1374.01 1489.04 -115.03 (VIOLATED)
u_e.g_mac[0].g_tr2.u_tree.held[71][28]$_DFFE_PP_/D (DFFHQNx1_ASAP7_75t_R) 1356.14 1471.16 -115.02 (VIOLATED)
u_e.g_mac[1].g_tr2.u_tree.held[38][21]$_DFFE_PP_/D (DFFHQNx1_ASAP7_75t_R) 1366.42 1481.41 -114.99 (VIOLATED)
u_e.g_mac[0].g_tr2.u_tree.held[35][30]$_DFFE_PP_/D (DFFHQNx1_ASAP7_75t_R) 1360.67 1475.63 -114.96 (VIOLATED)
u_e.nB[30]$_DFFE_PP_/D (DFFHQNx1_ASAP7_75t_R) 1403.63 1518.59 -114.96 (VIOLATED)
u_e.g_mac[1].g_tr2.u_tree.held[47][19]$_DFFE_PP_/D (DFFHQNx1_ASAP7_75t_R) 1373.06 1487.95 -114.89 (VIOLATED)
u_e.g_mac[0].g_l2.u_l0.p1_p[0][5]$_DFF_P_/D (DFFHQNx1_ASAP7_75t_R) 1381.06 1495.94 -114.88 (VIOLATED)
u_e.g_mac[1].g_tr2.u_tree.herr[26]$_DFFE_PN0P_/D (DFFASRHQNx1_ASAP7_75t_R) 1343.26 1458.11 -114.86 (VIOLATED)
u_e.g_mac[0].g_tr2.u_tree.held[26][25]$_DFFE_PP_/D (DFFHQNx1_ASAP7_75t_R) 1366.29 1481.12 -114.82 (VIOLATED)
u_e.g_mac[0].g_tr2.u_tree.held[56][15]$_DFFE_PP_/D (DFFHQNx1_ASAP7_75t_R) 1360.00 1474.82 -114.82 (VIOLATED)
u_e.g_mac[0].g_tr2.u_tree.held[31][30]$_DFFE_PP_/D (DFFHQNx1_ASAP7_75t_R) 1360.98 1475.80 -114.81 (VIOLATED)
u_e.g_mac[0].g_tr2.u_tree.herr[23]$_DFFE_PN0P_/D (DFFASRHQNx1_ASAP7_75t_R) 1350.56 1465.35 -114.79 (VIOLATED)
u_e.g_mac[1].g_tr2.u_tree.held[65][0]$_DFFE_PP_/D (DFFHQNx1_ASAP7_75t_R) 1359.08 1473.86 -114.77 (VIOLATED)
u_e.g_mac[1].g_tr2.u_tree.held[51][20]$_DFFE_PP_/D (DFFHQNx1_ASAP7_75t_R) 1373.96 1488.74 -114.77 (VIOLATED)
u_e.g_mac[1].g_tr2.u_tree.held[48][26]$_DFFE_PP_/D (DFFHQNx1_ASAP7_75t_R) 1381.98 1496.72 -114.74 (VIOLATED)
u_e.g_mac[0].g_tr2.u_tree.held[76][23]$_DFFE_PP_/D (DFFHQNx1_ASAP7_75t_R) 1365.45 1480.16 -114.71 (VIOLATED)
u_e.g_mac[1].g_tr2.u_tree.held[61][20]$_DFFE_PP_/D (DFFHQNx1_ASAP7_75t_R) 1371.73 1486.44 -114.71 (VIOLATED)
u_e.g_mac[1].g_tr2.u_tree.herr[62]$_DFFE_PN0P_/D (DFFASRHQNx1_ASAP7_75t_R) 1344.08 1458.75 -114.67 (VIOLATED)
u_e.g_mac[1].g_l2.u_l0.p0_wq[48]$_DFF_P_/D (DFFHQNx2_ASAP7_75t_R) 1371.48 1486.15 -114.66 (VIOLATED)
u_e.g_mac[1].g_tr2.u_tree.held[38][19]$_DFFE_PP_/D (DFFHQNx1_ASAP7_75t_R) 1367.56 1482.19 -114.63 (VIOLATED)
u_e.nB[17]$_DFFE_PP_/D (DFFHQNx1_ASAP7_75t_R) 1404.02 1518.64 -114.62 (VIOLATED)
u_e.nB[24]$_DFFE_PP_/D (DFFHQNx1_ASAP7_75t_R) 1404.02 1518.64 -114.62 (VIOLATED)
u_e.g_mac[0].g_l2.u_l0.p1_sh[8][3]$_DFF_P_/D (DFFHQNx1_ASAP7_75t_R) 1383.10 1497.65 -114.54 (VIOLATED)
u_e.g_mac[0].g_l2.u_l0.p1_p[11][4]$_DFF_P_/D (DFFHQNx1_ASAP7_75t_R) 1364.10 1478.51 -114.41 (VIOLATED)
u_e.g_mac[0].g_tr2.u_tree.held[18][19]$_DFFE_PP_/D (DFFHQNx1_ASAP7_75t_R) 1360.65 1474.99 -114.34 (VIOLATED)
u_e.g_mac[1].g_l2.u_l0.p1_sh[21][2]$_DFF_P_/D (DFFHQNx1_ASAP7_75t_R) 1373.13 1487.44 -114.31 (VIOLATED)
u_e.g_mac[1].g_l2.u_l0.p1_sh[18][4]$_DFF_P_/D (DFFHQNx1_ASAP7_75t_R) 1346.71 1461.01 -114.30 (VIOLATED)
u_e.g_mac[0].g_tr2.u_tree.held[4][19]$_DFFE_PP_/D (DFFHQNx1_ASAP7_75t_R) 1367.72 1481.98 -114.26 (VIOLATED)
u_e.f_rd[0]$_DFFE_PN0P_/D (DFFASRHQNx1_ASAP7_75t_R) 1359.37 1473.60 -114.23 (VIOLATED)
u_e.g_mac[1].g_tr2.u_tree.held[3][21]$_DFFE_PP_/D (DFFHQNx1_ASAP7_75t_R) 1375.98 1490.21 -114.23 (VIOLATED)
u_e.g_mac[0].g_tr2.u_tree.held[35][21]$_DFFE_PP_/D (DFFHQNx1_ASAP7_75t_R) 1370.24 1484.44 -114.20 (VIOLATED)
u_e.g_mac[0].g_tr2.u_tree.held[15][21]$_DFFE_PP_/D (DFFHQNx1_ASAP7_75t_R) 1362.95 1477.14 -114.19 (VIOLATED)
u_e.g_mac[1].g_tr2.u_tree.held[64][31]$_DFFE_PP_/D (DFFHQNx1_ASAP7_75t_R) 1359.84 1474.02 -114.19 (VIOLATED)
u_e.g_mac[1].g_l2.u_l1.p0_wq[129]$_DFF_P_/D (DFFHQNx1_ASAP7_75t_R) 1346.27 1460.46 -114.18 (VIOLATED)
u_e.g_mac[0].g_tr2.u_tree.herr[71]$_DFFE_PN0P_/D (DFFASRHQNx1_ASAP7_75t_R) 1350.63 1464.81 -114.18 (VIOLATED)
u_e.g_mac[0].g_tr2.u_tree.held[35][15]$_DFFE_PP_/D (DFFHQNx1_ASAP7_75t_R) 1362.26 1476.43 -114.17 (VIOLATED)
u_e.g_mac[1].g_tr2.u_tree.add_a[24]$_DFF_P_/D (DFFHQNx1_ASAP7_75t_R) 1384.44 1498.57 -114.13 (VIOLATED)
u_e.g_mac[0].g_tr2.u_tree.held[56][20]$_DFFE_PP_/D (DFFHQNx1_ASAP7_75t_R) 1366.34 1480.46 -114.12 (VIOLATED)
u_e.g_mac[1].g_tr2.u_tree.held[73][6]$_DFFE_PP_/D (DFFHQNx1_ASAP7_75t_R) 1363.75 1477.86 -114.11 (VIOLATED)
u_e.g_mac[0].g_tr2.u_tree.held[15][25]$_DFFE_PP_/D (DFFHQNx1_ASAP7_75t_R) 1365.98 1480.08 -114.09 (VIOLATED)
u_e.nB[33]$_DFFE_PP_/D (DFFHQNx1_ASAP7_75t_R) 1403.77 1517.83 -114.06 (VIOLATED)
u_e.g_mac[1].g_tr2.u_tree.infl[3][0]$_DFF_PN0_/D (DFFASRHQNx1_ASAP7_75t_R) 1385.90 1499.91 -114.00 (VIOLATED)
u_e.nB[36]$_DFFE_PP_/D (DFFHQNx1_ASAP7_75t_R) 1402.52 1516.48 -113.95 (VIOLATED)
u_e.g_mac[1].g_tr2.u_tree.held[47][22]$_DFFE_PP_/D (DFFHQNx1_ASAP7_75t_R) 1373.02 1486.95 -113.93 (VIOLATED)
u_e.nA[33]$_DFFE_PP_/D (DFFHQNx1_ASAP7_75t_R) 1406.39 1520.32 -113.93 (VIOLATED)
u_e.g_mac[1].g_tr2.u_tree.held[41][9]$_DFFE_PP_/D (DFFHQNx1_ASAP7_75t_R) 1359.45 1473.36 -113.91 (VIOLATED)
u_e.g_mac[1].g_tr2.u_tree.held[7][16]$_DFFE_PP_/D (DFFHQNx1_ASAP7_75t_R) 1355.42 1469.32 -113.90 (VIOLATED)
u_e.g_mac[0].g_tr2.u_tree.held[4][27]$_DFFE_PP_/D (DFFHQNx1_ASAP7_75t_R) 1364.82 1478.71 -113.89 (VIOLATED)
u_e.g_mac[1].g_l2.u_l0.p0_wq[20]$_SDFF_PP0_/D (DFFHQNx2_ASAP7_75t_R) 1358.83 1472.72 -113.89 (VIOLATED)
u_e.nB[38]$_DFFE_PP_/D (DFFHQNx1_ASAP7_75t_R) 1404.11 1517.99 -113.88 (VIOLATED)
u_e.g_mac[1].g_tr2.u_tree.held[62][19]$_DFFE_PP_/D (DFFHQNx1_ASAP7_75t_R) 1380.52 1494.40 -113.88 (VIOLATED)
u_e.g_mac[1].g_tr2.u_tree.held[8][29]$_DFFE_PP_/D (DFFHQNx1_ASAP7_75t_R) 1381.00 1494.77 -113.77 (VIOLATED)
u_e.nB[26]$_DFFE_PP_/D (DFFHQNx1_ASAP7_75t_R) 1404.68 1518.44 -113.76 (VIOLATED)
u_e.g_mac[1].g_tr2.u_tree.infl[7][2]$_DFF_PN0_/D (DFFASRHQNx1_ASAP7_75t_R) 1367.86 1481.52 -113.67 (VIOLATED)
u_e.g_mac[0].g_l2.u_l0.p1_p[28][8]$_SDFF_PN0_/D (DFFHQNx1_ASAP7_75t_R) 1368.76 1482.39 -113.63 (VIOLATED)
u_e.g_mac[1].g_tr2.u_tree.held[64][4]$_DFFE_PP_/D (DFFHQNx1_ASAP7_75t_R) 1359.17 1472.80 -113.62 (VIOLATED)
u_e.g_mac[1].g_tr2.u_tree.held[73][5]$_DFFE_PP_/D (DFFHQNx1_ASAP7_75t_R) 1358.93 1472.50 -113.57 (VIOLATED)
u_e.g_mac[1].g_tr2.u_tree.held[28][16]$_DFFE_PP_/D (DFFHQNx1_ASAP7_75t_R) 1355.51 1469.05 -113.54 (VIOLATED)
u_e.g_mac[0].g_tr2.u_tree.held[56][28]$_DFFE_PP_/D (DFFHQNx1_ASAP7_75t_R) 1366.87 1480.40 -113.54 (VIOLATED)
u_e.g_mac[0].g_tr2.u_tree.held[35][18]$_DFFE_PP_/D (DFFHQNx1_ASAP7_75t_R) 1362.83 1476.35 -113.52 (VIOLATED)
u_e.g_mac[1].g_tr2.u_tree.held[39][7]$_DFFE_PP_/D (DFFHQNx1_ASAP7_75t_R) 1359.27 1472.77 -113.50 (VIOLATED)
u_e.g_mac[1].g_tr2.u_tree.held[54][25]$_DFFE_PP_/D (DFFHQNx1_ASAP7_75t_R) 1380.01 1493.43 -113.42 (VIOLATED)
u_e.g_mac[1].g_ch2.u_c1.u_add.u_c8.g_r.r[9]$_DFF_P_/D (DFFHQNx2_ASAP7_75t_R) 1360.23 1473.62 -113.40 (VIOLATED)
u_e.g_mac[1].g_tr2.u_tree.held[53][11]$_DFFE_PP_/D (DFFHQNx1_ASAP7_75t_R) 1359.04 1472.41 -113.37 (VIOLATED)
u_e.g_mac[1].g_tr2.u_tree.held[8][30]$_DFFE_PP_/D (DFFHQNx1_ASAP7_75t_R) 1379.93 1493.30 -113.37 (VIOLATED)
u_e.g_mac[0].g_tr2.u_tree.held[12][22]$_DFFE_PP_/D (DFFHQNx1_ASAP7_75t_R) 1355.39 1468.73 -113.34 (VIOLATED)
u_e.wB[18]$_DFFE_PP_/D (DFFHQNx1_ASAP7_75t_R) 1417.91 1531.25 -113.34 (VIOLATED)
u_e.g_mac[1].g_tr2.u_tree.held[8][19]$_DFFE_PP_/D (DFFHQNx1_ASAP7_75t_R) 1379.06 1492.38 -113.33 (VIOLATED)
u_e.g_mac[0].g_tr2.u_tree.infl[11][1]$_DFF_PN0_/D (DFFASRHQNx1_ASAP7_75t_R) 1416.26 1529.57 -113.31 (VIOLATED)
u_e.g_mac[0].g_tr2.u_tree.held[15][20]$_DFFE_PP_/D (DFFHQNx1_ASAP7_75t_R) 1367.08 1480.39 -113.31 (VIOLATED)
u_e.g_mac[1].g_tr2.u_tree.held[9][22]$_DFFE_PP_/D (DFFHQNx1_ASAP7_75t_R) 1379.49 1492.78 -113.29 (VIOLATED)
u_e.g_mac[0].g_tr2.u_tree.held[56][17]$_DFFE_PP_/D (DFFHQNx1_ASAP7_75t_R) 1365.07 1478.35 -113.28 (VIOLATED)
u_e.g_mac[1].g_tr2.u_tree.held[7][11]$_DFFE_PP_/D (DFFHQNx1_ASAP7_75t_R) 1358.74 1472.01 -113.27 (VIOLATED)
u_e.g_mac[1].g_tr2.u_tree.held[65][2]$_DFFE_PP_/D (DFFHQNx1_ASAP7_75t_R) 1358.45 1471.69 -113.23 (VIOLATED)
u_e.g_mac[1].g_tr2.u_tree.held[10][13]$_DFFE_PP_/D (DFFHQNx1_ASAP7_75t_R) 1371.60 1484.82 -113.23 (VIOLATED)
u_e.g_mac[1].g_l2.u_l0.p0_wq[25]$_DFF_P_/D (DFFHQNx1_ASAP7_75t_R) 1344.00 1457.18 -113.18 (VIOLATED)
u_e.g_mac[1].g_tr2.u_tree.held[53][7]$_DFFE_PP_/D (DFFHQNx1_ASAP7_75t_R) 1359.15 1472.32 -113.17 (VIOLATED)
u_e.g_mac[1].g_tr2.u_tree.held[57][31]$_DFFE_PP_/D (DFFHQNx1_ASAP7_75t_R) 1364.71 1477.86 -113.15 (VIOLATED)
u_e.g_mac[1].g_tr2.u_tree.held[44][16]$_DFFE_PP_/D (DFFHQNx1_ASAP7_75t_R) 1358.94 1472.07 -113.13 (VIOLATED)
u_e.g_mac[0].g_tr2.u_tree.herr[36]$_DFFE_PN0P_/D (DFFASRHQNx1_ASAP7_75t_R) 1355.09 1468.22 -113.13 (VIOLATED)
u_e.g_mac[0].g_tr2.u_tree.held[56][27]$_DFFE_PP_/D (DFFHQNx1_ASAP7_75t_R) 1367.13 1480.14 -113.01 (VIOLATED)
u_e.g_mac[1].g_tr2.u_tree.held[8][26]$_DFFE_PP_/D (DFFHQNx1_ASAP7_75t_R) 1381.75 1494.73 -112.98 (VIOLATED)
u_e.g_mac[1].g_tr2.u_tree.add_a[9]$_DFF_P_/D (DFFHQNx1_ASAP7_75t_R) 1362.14 1475.10 -112.96 (VIOLATED)
u_e.g_mac[1].g_tr2.u_tree.held[7][2]$_DFFE_PP_/D (DFFHQNx1_ASAP7_75t_R) 1358.52 1471.45 -112.94 (VIOLATED)
u_e.g_mac[1].g_tr2.u_tree.held[7][5]$_DFFE_PP_/D (DFFHQNx1_ASAP7_75t_R) 1358.50 1471.40 -112.90 (VIOLATED)
u_e.g_mac[1].g_tr2.u_tree.held[38][25]$_DFFE_PP_/D (DFFHQNx1_ASAP7_75t_R) 1372.13 1485.02 -112.89 (VIOLATED)
u_e.g_mac[0].g_tr2.u_tree.herr[62]$_DFFE_PN0P_/D (DFFASRHQNx1_ASAP7_75t_R) 1351.10 1463.97 -112.88 (VIOLATED)
u_e.g_mac[1].g_tr2.u_tree.held[14][25]$_DFFE_PP_/D (DFFHQNx1_ASAP7_75t_R) 1374.60 1487.47 -112.87 (VIOLATED)
u_e.nB[9]$_DFFE_PP_/D (DFFHQNx1_ASAP7_75t_R) 1403.97 1516.81 -112.84 (VIOLATED)
u_e.g_mac[1].g_tr2.u_tree.held[8][27]$_DFFE_PP_/D (DFFHQNx1_ASAP7_75t_R) 1380.45 1493.29 -112.84 (VIOLATED)
u_e.nB[19]$_DFFE_PP_/D (DFFHQNx1_ASAP7_75t_R) 1402.68 1515.51 -112.83 (VIOLATED)
u_e.g_mac[1].g_tr2.u_tree.held[53][17]$_DFFE_PP_/D (DFFHQNx1_ASAP7_75t_R) 1359.45 1472.28 -112.83 (VIOLATED)
u_e.g_mac[1].g_tr2.u_tree.held[8][21]$_DFFE_PP_/D (DFFHQNx1_ASAP7_75t_R) 1375.69 1488.52 -112.83 (VIOLATED)
u_e.g_mac[0].g_tr2.u_tree.held[4][17]$_DFFE_PP_/D (DFFHQNx1_ASAP7_75t_R) 1365.94 1478.70 -112.76 (VIOLATED)
u_e.g_mac[0].g_tr2.u_tree.herr[18]$_DFFE_PN0P_/D (DFFASRHQNx1_ASAP7_75t_R) 1357.84 1470.58 -112.74 (VIOLATED)
u_e.wA[7]$_DFFE_PP_/D (DFFHQNx1_ASAP7_75t_R) 1402.69 1515.39 -112.69 (VIOLATED)
u_e.g_mac[1].g_tr2.u_tree.held[53][0]$_DFFE_PP_/D (DFFHQNx1_ASAP7_75t_R) 1359.68 1472.35 -112.68 (VIOLATED)
u_e.nB[37]$_DFFE_PP_/D (DFFHQNx1_ASAP7_75t_R) 1403.77 1516.43 -112.66 (VIOLATED)
u_e.g_mac[0].g_tr2.u_tree.infl[2][1]$_DFF_PN0_/D (DFFASRHQNx1_ASAP7_75t_R) 1433.51 1546.15 -112.64 (VIOLATED)
u_e.g_mac[1].g_tr2.u_tree.held[8][28]$_DFFE_PP_/D (DFFHQNx1_ASAP7_75t_R) 1375.38 1488.01 -112.64 (VIOLATED)
u_e.g_mac[1].g_tr2.u_tree.held[8][25]$_DFFE_PP_/D (DFFHQNx1_ASAP7_75t_R) 1380.38 1492.85 -112.47 (VIOLATED)
u_e.nB[32]$_DFFE_PP_/D (DFFHQNx1_ASAP7_75t_R) 1404.12 1516.54 -112.42 (VIOLATED)
u_e.g_mac[1].g_tr2.u_tree.held[73][7]$_DFFE_PP_/D (DFFHQNx1_ASAP7_75t_R) 1359.21 1471.59 -112.38 (VIOLATED)
u_e.nB[34]$_DFFE_PP_/D (DFFHQNx1_ASAP7_75t_R) 1403.90 1516.28 -112.38 (VIOLATED)
u_e.g_mac[1].g_tr2.u_tree.held[22][23]$_DFFE_PP_/D (DFFHQNx1_ASAP7_75t_R) 1371.99 1484.37 -112.38 (VIOLATED)
u_e.g_mac[1].g_tr2.u_tree.herr[38]$_DFFE_PN0P_/D (DFFASRHQNx1_ASAP7_75t_R) 1343.69 1456.04 -112.35 (VIOLATED)
u_e.g_mac[1].g_l2.u_l0.p0_wq[112]$_DFF_P_/D (DFFHQNx1_ASAP7_75t_R) 1369.10 1481.44 -112.33 (VIOLATED)
u_e.g_mac[1].g_tr2.u_tree.held[62][29]$_DFFE_PP_/D (DFFHQNx1_ASAP7_75t_R) 1372.53 1484.85 -112.31 (VIOLATED)
u_e.g_mac[1].g_tr2.u_tree.held[65][10]$_DFFE_PP_/D (DFFHQNx1_ASAP7_75t_R) 1358.43 1470.70 -112.27 (VIOLATED)
u_e.g_mac[1].g_l2.u_l0.p1_p[30][5]$_DFF_P_/D (DFFHQNx1_ASAP7_75t_R) 1361.65 1473.88 -112.23 (VIOLATED)
u_e.g_mac[1].g_tr2.u_tree.held[73][0]$_DFFE_PP_/D (DFFHQNx1_ASAP7_75t_R) 1357.59 1469.79 -112.20 (VIOLATED)
u_e.g_mac[0].g_l2.u_l0.p0_wq[240]$_DFF_P_/D (DFFHQNx1_ASAP7_75t_R) 1395.90 1508.07 -112.18 (VIOLATED)
u_e.wA[32]$_DFFE_PP_/D (DFFHQNx1_ASAP7_75t_R) 1418.06 1530.23 -112.17 (VIOLATED)
u_e.g_mac[1].g_tr2.u_tree.held[38][15]$_DFFE_PP_/D (DFFHQNx1_ASAP7_75t_R) 1366.16 1478.29 -112.13 (VIOLATED)
u_e.g_mac[0].g_tr2.u_tree.held[31][21]$_DFFE_PP_/D (DFFHQNx1_ASAP7_75t_R) 1362.27 1474.38 -112.11 (VIOLATED)
u_e.g_mac[0].g_tr2.u_tree.held[26][15]$_DFFE_PP_/D (DFFHQNx1_ASAP7_75t_R) 1360.31 1472.42 -112.10 (VIOLATED)
u_e.g_mac[0].g_tr2.u_tree.held[56][13]$_DFFE_PP_/D (DFFHQNx1_ASAP7_75t_R) 1366.70 1478.77 -112.06 (VIOLATED)
u_e.g_mac[0].g_tr2.u_tree.held[76][30]$_DFFE_PP_/D (DFFHQNx1_ASAP7_75t_R) 1369.71 1481.74 -112.02 (VIOLATED)
u_e.g_mac[0].g_tr2.u_tree.held[12][24]$_DFFE_PP_/D (DFFHQNx1_ASAP7_75t_R) 1356.32 1468.33 -112.01 (VIOLATED)
u_e.g_mac[0].g_l2.u_l0.p1_p[10][5]$_DFF_P_/D (DFFHQNx1_ASAP7_75t_R) 1362.26 1474.18 -111.92 (VIOLATED)
u_e.g_mac[1].g_l2.u_l0.p1_p[8][4]$_DFF_P_/D (DFFHQNx1_ASAP7_75t_R) 1353.69 1465.61 -111.92 (VIOLATED)
u_e.g_mac[1].g_tr2.u_tree.held[62][25]$_DFFE_PP_/D (DFFHQNx1_ASAP7_75t_R) 1381.12 1493.03 -111.92 (VIOLATED)
u_e.g_mac[1].g_tr2.u_tree.held[47][20]$_DFFE_PP_/D (DFFHQNx1_ASAP7_75t_R) 1374.89 1486.77 -111.89 (VIOLATED)
u_e.g_mac[1].g_tr2.u_tree.held[73][12]$_DFFE_PP_/D (DFFHQNx1_ASAP7_75t_R) 1359.56 1471.42 -111.86 (VIOLATED)
u_e.g_mac[1].g_tr2.u_tree.held[65][12]$_DFFE_PP_/D (DFFHQNx1_ASAP7_75t_R) 1359.10 1470.95 -111.85 (VIOLATED)
u_e.g_mac[0].g_tr2.u_tree.held[35][29]$_DFFE_PP_/D (DFFHQNx1_ASAP7_75t_R) 1365.12 1476.94 -111.82 (VIOLATED)
u_e.g_mac[1].g_tr2.u_tree.held[50][4]$_DFFE_PP_/D (DFFHQNx1_ASAP7_75t_R) 1357.62 1469.45 -111.82 (VIOLATED)
u_e.g_mac[1].g_tr2.u_tree.held[9][14]$_DFFE_PP_/D (DFFHQNx1_ASAP7_75t_R) 1381.57 1493.38 -111.81 (VIOLATED)
u_e.g_mac[1].g_tr2.u_tree.held[22][20]$_DFFE_PP_/D (DFFHQNx1_ASAP7_75t_R) 1371.07 1482.87 -111.80 (VIOLATED)
u_e.g_mac[0].g_l2.u_l0.p1_p[5][4]$_DFF_P_/D (DFFHQNx1_ASAP7_75t_R) 1378.66 1490.44 -111.78 (VIOLATED)
u_e.g_mac[0].g_tr2.u_tree.held[76][24]$_DFFE_PP_/D (DFFHQNx1_ASAP7_75t_R) 1368.75 1480.51 -111.76 (VIOLATED)
u_e.g_mac[0].g_l2.u_l0.p1_p[10][8]$_SDFF_PN0_/D (DFFHQNx1_ASAP7_75t_R) 1375.32 1487.08 -111.76 (VIOLATED)
u_e.g_mac[0].g_tr2.u_tree.held[35][20]$_DFFE_PP_/D (DFFHQNx1_ASAP7_75t_R) 1365.11 1476.81 -111.69 (VIOLATED)
u_e.g_mac[1].g_l2.u_l0.p1_sh[22][3]$_DFF_P_/D (DFFHQNx2_ASAP7_75t_R) 1371.73 1483.41 -111.68 (VIOLATED)
u_e.g_mac[1].g_tr2.u_tree.add_a[12]$_DFF_P_/D (DFFHQNx1_ASAP7_75t_R) 1376.12 1487.79 -111.67 (VIOLATED)
u_e.wA[47]$_DFFE_PP_/D (DFFHQNx1_ASAP7_75t_R) 1423.05 1534.69 -111.64 (VIOLATED)
u_e.g_mac[1].g_tr2.u_tree.held[62][26]$_DFFE_PP_/D (DFFHQNx1_ASAP7_75t_R) 1372.36 1483.83 -111.47 (VIOLATED)
u_e.nB[8]$_DFFE_PP_/D (DFFHQNx1_ASAP7_75t_R) 1404.19 1515.66 -111.47 (VIOLATED)
u_e.g_mac[1].g_l2.u_l0.p0_wq[146]$_DFF_P_/D (DFFHQNx1_ASAP7_75t_R) 1375.98 1487.45 -111.46 (VIOLATED)
u_e.g_mac[1].g_tr2.u_tree.held[48][28]$_DFFE_PP_/D (DFFHQNx1_ASAP7_75t_R) 1377.33 1488.77 -111.44 (VIOLATED)
u_e.g_mac[0].g_l2.u_l0.p1_p[30][6]$_DFF_P_/D (DFFHQNx1_ASAP7_75t_R) 1382.43 1493.85 -111.43 (VIOLATED)
u_e.g_mac[1].g_l2.u_l0.p1_p[6][5]$_DFF_P_/D (DFFHQNx1_ASAP7_75t_R) 1368.78 1480.20 -111.42 (VIOLATED)
u_e.g_mac[1].g_tr2.u_tree.held[22][13]$_DFFE_PP_/D (DFFHQNx1_ASAP7_75t_R) 1372.22 1483.63 -111.41 (VIOLATED)
u_e.g_mac[1].g_tr2.u_tree.held[7][10]$_DFFE_PP_/D (DFFHQNx1_ASAP7_75t_R) 1355.65 1467.05 -111.40 (VIOLATED)
u_e.g_mac[0].g_tr2.u_tree.held[56][21]$_DFFE_PP_/D (DFFHQNx1_ASAP7_75t_R) 1367.03 1478.41 -111.38 (VIOLATED)
u_e.g_mac[1].g_tr2.u_tree.held[57][22]$_DFFE_PP_/D (DFFHQNx1_ASAP7_75t_R) 1381.44 1492.81 -111.37 (VIOLATED)
u_e.g_mac[1].g_tr2.u_tree.held[62][30]$_DFFE_PP_/D (DFFHQNx1_ASAP7_75t_R) 1380.99 1492.33 -111.35 (VIOLATED)
u_e.g_mac[0].g_tr2.u_tree.held[23][15]$_DFFE_PP_/D (DFFHQNx1_ASAP7_75t_R) 1364.77 1476.09 -111.32 (VIOLATED)
u_e.g_mac[1].g_tr2.u_tree.held[7][12]$_DFFE_PP_/D (DFFHQNx1_ASAP7_75t_R) 1355.69 1466.93 -111.24 (VIOLATED)
u_e.g_mac[1].g_tr2.u_tree.held[38][22]$_DFFE_PP_/D (DFFHQNx1_ASAP7_75t_R) 1367.88 1479.12 -111.24 (VIOLATED)
u_e.g_mac[1].g_tr2.u_tree.held[25][21]$_DFFE_PP_/D (DFFHQNx1_ASAP7_75t_R) 1372.98 1484.20 -111.22 (VIOLATED)
u_e.g_mac[0].g_tr2.u_tree.herr[21]$_DFFE_PN0P_/D (DFFASRHQNx1_ASAP7_75t_R) 1350.84 1462.05 -111.21 (VIOLATED)
u_e.nB[27]$_DFFE_PP_/D (DFFHQNx1_ASAP7_75t_R) 1402.72 1513.89 -111.16 (VIOLATED)
u_e.g_mac[0].g_tr2.u_tree.held[44][26]$_DFFE_PP_/D (DFFHQNx1_ASAP7_75t_R) 1363.24 1474.39 -111.15 (VIOLATED)
u_e.g_mac[1].g_tr2.u_tree.held[20][23]$_DFFE_PP_/D (DFFHQNx1_ASAP7_75t_R) 1371.75 1482.86 -111.11 (VIOLATED)
u_e.g_mac[1].g_l2.u_l0.p0_wq[30]$_SDFF_PP0_/D (DFFHQNx2_ASAP7_75t_R) 1350.12 1461.21 -111.09 (VIOLATED)
u_e.g_mac[1].g_l2.u_l0.p1_p[13][4]$_DFF_P_/D (DFFHQNx1_ASAP7_75t_R) 1363.75 1474.83 -111.08 (VIOLATED)
u_e.nA[36]$_DFFE_PP_/D (DFFHQNx1_ASAP7_75t_R) 1406.06 1517.13 -111.07 (VIOLATED)
u_e.nA[17]$_DFFE_PP_/D (DFFHQNx1_ASAP7_75t_R) 1406.37 1517.36 -110.99 (VIOLATED)
u_e.wB[32]$_DFFE_PP_/D (DFFHQNx1_ASAP7_75t_R) 1418.56 1529.54 -110.98 (VIOLATED)
u_e.g_mac[0].g_tr2.u_tree.held[66][30]$_DFFE_PP_/D (DFFHQNx1_ASAP7_75t_R) 1361.97 1472.89 -110.92 (VIOLATED)
u_e.g_mac[0].g_tr2.u_tree.held[23][19]$_DFFE_PP_/D (DFFHQNx1_ASAP7_75t_R) 1365.11 1476.01 -110.90 (VIOLATED)
u_e.g_mac[0].g_tr2.u_tree.held[44][22]$_DFFE_PP_/D (DFFHQNx1_ASAP7_75t_R) 1363.50 1474.39 -110.88 (VIOLATED)
u_e.g_mac[0].g_tr2.u_tree.herr[66]$_DFFE_PN0P_/D (DFFASRHQNx1_ASAP7_75t_R) 1350.31 1461.15 -110.84 (VIOLATED)
u_e.g_mac[1].g_tr2.u_tree.held[42][2]$_DFFE_PP_/D (DFFHQNx1_ASAP7_75t_R) 1356.54 1467.34 -110.80 (VIOLATED)
u_e.g_mac[0].g_tr2.u_tree.held[8][24]$_DFFE_PP_/D (DFFHQNx1_ASAP7_75t_R) 1363.29 1474.04 -110.76 (VIOLATED)
u_e.g_mac[1].g_tr2.u_tree.held[7][6]$_DFFE_PP_/D (DFFHQNx1_ASAP7_75t_R) 1359.83 1470.58 -110.75 (VIOLATED)
u_e.g_mac[0].g_tr2.u_tree.held[54][28]$_DFFE_PP_/D (DFFHQNx1_ASAP7_75t_R) 1365.72 1476.46 -110.74 (VIOLATED)
u_e.nA[29]$_DFFE_PP_/D (DFFHQNx1_ASAP7_75t_R) 1407.32 1518.06 -110.74 (VIOLATED)
u_e.g_mac[0].g_tr2.u_tree.held[26][22]$_DFFE_PP_/D (DFFHQNx1_ASAP7_75t_R) 1363.46 1474.20 -110.74 (VIOLATED)
u_e.g_mac[0].g_tr2.u_tree.held[66][18]$_DFFE_PP_/D (DFFHQNx1_ASAP7_75t_R) 1361.88 1472.61 -110.73 (VIOLATED)
u_e.g_mac[1].g_tr2.u_tree.held[68][13]$_DFFE_PP_/D (DFFHQNx1_ASAP7_75t_R) 1379.81 1490.49 -110.68 (VIOLATED)
u_e.nB[10]$_DFFE_PP_/D (DFFHQNx1_ASAP7_75t_R) 1402.78 1513.45 -110.67 (VIOLATED)
u_e.g_mac[1].g_tr2.u_tree.held[28][9]$_DFFE_PP_/D (DFFHQNx1_ASAP7_75t_R) 1357.43 1468.06 -110.64 (VIOLATED)
u_e.wB[26]$_DFFE_PP_/D (DFFHQNx1_ASAP7_75t_R) 1418.18 1528.80 -110.62 (VIOLATED)
u_e.g_mac[1].g_tr2.u_tree.held[22][18]$_DFFE_PP_/D (DFFHQNx1_ASAP7_75t_R) 1372.15 1482.76 -110.61 (VIOLATED)
u_e.g_mac[1].g_tr2.u_tree.held[25][24]$_DFFE_PP_/D (DFFHQNx1_ASAP7_75t_R) 1372.53 1483.12 -110.60 (VIOLATED)
u_e.g_mac[1].g_tr2.u_tree.held[0][15]$_DFFE_PP_/D (DFFHQNx1_ASAP7_75t_R) 1366.09 1476.68 -110.59 (VIOLATED)
u_e.nB[13]$_DFFE_PP_/D (DFFHQNx1_ASAP7_75t_R) 1404.34 1514.93 -110.59 (VIOLATED)
u_e.g_mac[0].g_tr2.u_tree.held[56][22]$_DFFE_PP_/D (DFFHQNx1_ASAP7_75t_R) 1369.02 1479.59 -110.57 (VIOLATED)
u_e.g_mac[1].g_tr2.u_tree.held[47][11]$_DFFE_PP_/D (DFFHQNx1_ASAP7_75t_R) 1358.81 1469.38 -110.57 (VIOLATED)
u_e.g_mac[0].g_tr2.u_tree.held[23][23]$_DFFE_PP_/D (DFFHQNx1_ASAP7_75t_R) 1365.20 1475.76 -110.56 (VIOLATED)
u_e.g_mac[1].g_l2.u_l0.p1_p[8][6]$_DFF_P_/D (DFFHQNx1_ASAP7_75t_R) 1377.24 1487.73 -110.49 (VIOLATED)
u_e.g_mac[1].g_tr2.u_tree.held[47][18]$_DFFE_PP_/D (DFFHQNx1_ASAP7_75t_R) 1358.64 1469.13 -110.49 (VIOLATED)
u_e.g_mac[1].g_tr2.u_tree.held[50][16]$_DFFE_PP_/D (DFFHQNx1_ASAP7_75t_R) 1357.59 1468.05 -110.46 (VIOLATED)
u_e.g_mac[0].g_tr2.u_tree.held[26][24]$_DFFE_PP_/D (DFFHQNx1_ASAP7_75t_R) 1363.23 1473.68 -110.45 (VIOLATED)
u_e.g_mac[0].g_tr2.u_tree.held[15][30]$_DFFE_PP_/D (DFFHQNx1_ASAP7_75t_R) 1366.05 1476.50 -110.45 (VIOLATED)
u_e.wA[26]$_DFFE_PP_/D (DFFHQNx1_ASAP7_75t_R) 1418.05 1528.49 -110.44 (VIOLATED)
u_e.g_mac[1].g_tr2.u_tree.held[38][20]$_DFFE_PP_/D (DFFHQNx1_ASAP7_75t_R) 1374.42 1484.83 -110.41 (VIOLATED)
u_e.g_mac[1].g_tr2.u_tree.held[47][29]$_DFFE_PP_/D (DFFHQNx1_ASAP7_75t_R) 1376.11 1486.51 -110.41 (VIOLATED)
u_e.g_mac[0].g_tr2.u_tree.held[54][26]$_DFFE_PP_/D (DFFHQNx1_ASAP7_75t_R) 1366.87 1477.27 -110.40 (VIOLATED)
u_e.g_mac[1].g_tr2.u_tree.herr[19]$_DFFE_PN0P_/D (DFFASRHQNx1_ASAP7_75t_R) 1355.38 1465.79 -110.40 (VIOLATED)
u_e.g_mac[1].g_tr2.u_tree.held[73][11]$_DFFE_PP_/D (DFFHQNx1_ASAP7_75t_R) 1358.92 1469.32 -110.40 (VIOLATED)
u_e.g_mac[0].g_tr2.u_tree.held[23][18]$_DFFE_PP_/D (DFFHQNx1_ASAP7_75t_R) 1365.73 1476.13 -110.40 (VIOLATED)
u_e.g_mac[1].g_l2.u_l0.p2_c[19]$_DFF_P_/D (DFFHQNx1_ASAP7_75t_R) 1349.87 1460.24 -110.38 (VIOLATED)
u_e.g_mac[1].g_tr2.u_tree.held[50][1]$_DFFE_PP_/D (DFFHQNx1_ASAP7_75t_R) 1359.06 1469.41 -110.35 (VIOLATED)
u_e.g_mac[1].g_tr2.u_tree.held[62][18]$_DFFE_PP_/D (DFFHQNx1_ASAP7_75t_R) 1381.62 1491.95 -110.33 (VIOLATED)
u_e.g_mac[1].g_tr2.u_tree.held[47][31]$_DFFE_PP_/D (DFFHQNx1_ASAP7_75t_R) 1358.67 1469.00 -110.33 (VIOLATED)
u_e.g_mac[1].g_tr2.u_tree.held[28][5]$_DFFE_PP_/D (DFFHQNx1_ASAP7_75t_R) 1358.16 1468.49 -110.32 (VIOLATED)
u_e.g_mac[1].g_tr2.u_tree.held[28][10]$_DFFE_PP_/D (DFFHQNx1_ASAP7_75t_R) 1358.39 1468.70 -110.32 (VIOLATED)
u_e.g_mac[1].g_tr2.u_tree.held[45][5]$_DFFE_PP_/D (DFFHQNx1_ASAP7_75t_R) 1356.53 1466.80 -110.27 (VIOLATED)
u_e.g_mac[0].g_l2.u_l1.p0_wq[225]$_DFF_P_/D (DFFHQNx1_ASAP7_75t_R) 1358.48 1468.74 -110.26 (VIOLATED)
u_e.g_mac[1].g_l2.u_l0.p1_p[1][7]$_DFF_P_/D (DFFHQNx1_ASAP7_75t_R) 1372.68 1482.94 -110.26 (VIOLATED)
u_e.wA[18]$_DFFE_PP_/D (DFFHQNx1_ASAP7_75t_R) 1418.55 1528.78 -110.23 (VIOLATED)
u_e.g_mac[0].g_l2.u_l0.p1_p[20][7]$_DFF_P_/D (DFFHQNx1_ASAP7_75t_R) 1379.57 1489.78 -110.21 (VIOLATED)
u_e.g_mac[1].g_tr2.u_tree.held[25][26]$_DFFE_PP_/D (DFFHQNx1_ASAP7_75t_R) 1372.70 1482.88 -110.18 (VIOLATED)
u_e.g_mac[1].g_tr2.u_tree.held[57][18]$_DFFE_PP_/D (DFFHQNx1_ASAP7_75t_R) 1381.91 1492.08 -110.17 (VIOLATED)
u_e.g_mac[1].g_tr2.u_tree.held[3][17]$_DFFE_PP_/D (DFFHQNx1_ASAP7_75t_R) 1359.47 1469.61 -110.14 (VIOLATED)
u_e.g_mac[0].g_tr2.u_tree.held[12][26]$_DFFE_PP_/D (DFFHQNx1_ASAP7_75t_R) 1357.17 1467.30 -110.13 (VIOLATED)
u_e.nA[37]$_DFFE_PP_/D (DFFHQNx1_ASAP7_75t_R) 1406.34 1516.47 -110.13 (VIOLATED)
u_e.g_mac[0].g_tr2.u_tree.held[54][21]$_DFFE_PP_/D (DFFHQNx1_ASAP7_75t_R) 1361.04 1471.08 -110.04 (VIOLATED)
u_e.g_mac[1].g_tr2.u_tree.held[48][27]$_DFFE_PP_/D (DFFHQNx1_ASAP7_75t_R) 1379.08 1489.12 -110.04 (VIOLATED)
u_e.g_mac[0].g_tr2.u_tree.held[66][21]$_DFFE_PP_/D (DFFHQNx1_ASAP7_75t_R) 1362.64 1472.65 -110.01 (VIOLATED)
u_e.nB[31]$_DFFE_PP_/D (DFFHQNx1_ASAP7_75t_R) 1403.38 1513.38 -110.00 (VIOLATED)
u_e.g_mac[1].g_tr2.u_tree.held[8][24]$_DFFE_PP_/D (DFFHQNx1_ASAP7_75t_R) 1374.53 1484.52 -109.99 (VIOLATED)
u_e.g_mac[1].g_l2.u_l0.p1_p[22][8]$_SDFF_PN0_/D (DFFHQNx1_ASAP7_75t_R) 1373.41 1483.39 -109.98 (VIOLATED)
u_e.g_mac[0].g_l2.u_l0.p1_p[1][8]$_SDFF_PN0_/D (DFFHQNx1_ASAP7_75t_R) 1382.30 1492.28 -109.98 (VIOLATED)
u_e.g_mac[1].g_tr2.u_tree.held[73][17]$_DFFE_PP_/D (DFFHQNx1_ASAP7_75t_R) 1381.41 1491.38 -109.97 (VIOLATED)
u_e.nA[16]$_DFFE_PP_/D (DFFHQNx1_ASAP7_75t_R) 1406.88 1516.81 -109.93 (VIOLATED)
u_e.g_mac[1].g_tr2.u_tree.held[0][21]$_DFFE_PP_/D (DFFHQNx1_ASAP7_75t_R) 1367.27 1477.12 -109.85 (VIOLATED)
u_e.g_mac[1].g_l2.u_l1.p0_we[7]$_DFF_P_/D (DFFHQNx1_ASAP7_75t_R) 1376.99 1486.79 -109.79 (VIOLATED)
u_e.g_mac[1].g_tr2.u_tree.held[8][18]$_DFFE_PP_/D (DFFHQNx1_ASAP7_75t_R) 1371.15 1480.93 -109.79 (VIOLATED)
u_e.g_mac[1].g_tr2.u_tree.held[0][17]$_DFFE_PP_/D (DFFHQNx1_ASAP7_75t_R) 1359.02 1468.79 -109.78 (VIOLATED)
u_e.g_mac[1].g_tr2.u_tree.held[7][7]$_DFFE_PP_/D (DFFHQNx1_ASAP7_75t_R) 1359.76 1469.49 -109.73 (VIOLATED)
u_e.g_mac[0].g_tr2.u_tree.held[31][15]$_DFFE_PP_/D (DFFHQNx1_ASAP7_75t_R) 1360.58 1470.24 -109.66 (VIOLATED)
u_e.g_mac[1].g_tr2.u_tree.held[73][10]$_DFFE_PP_/D (DFFHQNx1_ASAP7_75t_R) 1357.22 1466.88 -109.66 (VIOLATED)
u_e.g_mac[0].g_tr2.u_tree.held[31][18]$_DFFE_PP_/D (DFFHQNx1_ASAP7_75t_R) 1364.58 1474.19 -109.61 (VIOLATED)
u_e.g_mac[1].g_tr2.u_tree.held[75][28]$_DFFE_PP_/D (DFFHQNx1_ASAP7_75t_R) 1367.81 1477.40 -109.59 (VIOLATED)
u_e.wB[34]$_DFFE_PP_/D (DFFHQNx1_ASAP7_75t_R) 1418.57 1528.11 -109.54 (VIOLATED)
u_e.g_mac[1].g_tr2.u_tree.held[58][2]$_DFFE_PP_/D (DFFHQNx1_ASAP7_75t_R) 1357.61 1467.09 -109.48 (VIOLATED)
u_e.nA[10]$_DFFE_PP_/D (DFFHQNx1_ASAP7_75t_R) 1405.20 1514.67 -109.47 (VIOLATED)
u_e.g_mac[0].g_tr2.u_tree.held[15][13]$_DFFE_PP_/D (DFFHQNx1_ASAP7_75t_R) 1366.98 1476.44 -109.46 (VIOLATED)
u_e.g_mac[1].g_tr2.u_tree.infl[13][0]$_DFF_PN0_/D (DFFASRHQNx1_ASAP7_75t_R) 1373.20 1482.64 -109.44 (VIOLATED)
u_e.g_mac[0].g_tr2.u_tree.held[18][25]$_DFFE_PP_/D (DFFHQNx1_ASAP7_75t_R) 1379.39 1488.82 -109.44 (VIOLATED)
u_e.g_mac[0].g_tr2.u_tree.held[54][15]$_DFFE_PP_/D (DFFHQNx1_ASAP7_75t_R) 1360.73 1470.15 -109.43 (VIOLATED)
u_e.g_mac[1].g_ch2.u_c1.u_add.u_c8.g_r.r[13]$_DFF_P_/D (DFFHQNx2_ASAP7_75t_R) 1362.25 1471.67 -109.42 (VIOLATED)
u_e.g_mac[0].g_tr2.u_tree.held[18][29]$_DFFE_PP_/D (DFFHQNx1_ASAP7_75t_R) 1364.77 1474.13 -109.36 (VIOLATED)
u_e.g_mac[1].g_tr2.u_tree.held[58][7]$_DFFE_PP_/D (DFFHQNx1_ASAP7_75t_R) 1358.65 1467.99 -109.34 (VIOLATED)
u_e.g_mac[1].g_tr2.u_tree.held[47][28]$_DFFE_PP_/D (DFFHQNx1_ASAP7_75t_R) 1374.86 1484.18 -109.33 (VIOLATED)
u_e.g_mac[0].g_tr2.u_tree.held[70][22]$_DFFE_PP_/D (DFFHQNx1_ASAP7_75t_R) 1356.72 1466.04 -109.33 (VIOLATED)
u_e.nB[35]$_DFFE_PP_/D (DFFHQNx1_ASAP7_75t_R) 1401.75 1511.03 -109.28 (VIOLATED)
u_e.g_mac[1].g_tr2.u_tree.held[47][7]$_DFFE_PP_/D (DFFHQNx1_ASAP7_75t_R) 1359.10 1468.36 -109.26 (VIOLATED)
u_e.g_mac[1].g_l2.u_l0.p1_p[27][5]$_DFF_P_/D (DFFHQNx1_ASAP7_75t_R) 1378.70 1487.91 -109.22 (VIOLATED)
u_e.g_mac[0].g_l2.u_l0.p1_p[15][8]$_SDFF_PN0_/D (DFFHQNx1_ASAP7_75t_R) 1365.05 1474.22 -109.18 (VIOLATED)
u_e.nB[12]$_DFFE_PP_/D (DFFHQNx1_ASAP7_75t_R) 1404.38 1513.43 -109.05 (VIOLATED)
u_e.g_mac[1].g_tr2.u_tree.held[47][6]$_DFFE_PP_/D (DFFHQNx1_ASAP7_75t_R) 1356.63 1465.67 -109.04 (VIOLATED)
u_e.g_mac[1].g_tr2.u_tree.infl[0][1]$_DFF_PN0_/D (DFFASRHQNx1_ASAP7_75t_R) 1358.16 1467.18 -109.02 (VIOLATED)
u_e.g_mac[1].g_tr2.u_tree.held[28][17]$_DFFE_PP_/D (DFFHQNx1_ASAP7_75t_R) 1358.07 1467.03 -108.96 (VIOLATED)
u_e.g_mac[0].g_tr2.u_tree.held[56][29]$_DFFE_PP_/D (DFFHQNx1_ASAP7_75t_R) 1366.38 1475.29 -108.91 (VIOLATED)
u_e.g_mac[0].g_tr2.u_tree.held[68][22]$_DFFE_PP_/D (DFFHQNx1_ASAP7_75t_R) 1356.75 1465.66 -108.91 (VIOLATED)
u_e.nA[18]$_DFFE_PP_/D (DFFHQNx1_ASAP7_75t_R) 1406.44 1515.35 -108.91 (VIOLATED)
u_e.g_mac[1].g_tr2.u_tree.add_a[16]$_DFF_P_/D (DFFHQNx1_ASAP7_75t_R) 1363.95 1472.85 -108.90 (VIOLATED)
u_e.g_mac[0].g_tr2.u_tree.held[44][28]$_DFFE_PP_/D (DFFHQNx1_ASAP7_75t_R) 1366.86 1475.65 -108.79 (VIOLATED)
u_e.g_mac[1].g_tr2.u_tree.held[50][2]$_DFFE_PP_/D (DFFHQNx1_ASAP7_75t_R) 1358.59 1467.38 -108.79 (VIOLATED)
u_e.g_mac[1].g_tr2.u_tree.held[69][20]$_DFFE_PP_/D (DFFHQNx1_ASAP7_75t_R) 1354.17 1462.95 -108.78 (VIOLATED)
u_e.g_mac[0].g_tr2.u_tree.held[70][26]$_DFFE_PP_/D (DFFHQNx1_ASAP7_75t_R) 1356.91 1465.64 -108.73 (VIOLATED)
u_e.g_mac[0].g_tr2.u_tree.held[76][29]$_DFFE_PP_/D (DFFHQNx1_ASAP7_75t_R) 1364.80 1473.52 -108.72 (VIOLATED)
u_e.g_mac[1].g_l2.u_l0.p1_sh[22][4]$_DFF_P_/D (DFFHQNx1_ASAP7_75t_R) 1345.05 1453.77 -108.72 (VIOLATED)
u_e.g_mac[0].g_tr2.u_tree.held[36][28]$_DFFE_PP_/D (DFFHQNx1_ASAP7_75t_R) 1365.22 1473.86 -108.64 (VIOLATED)
u_e.g_mac[1].g_tr2.u_tree.held[47][16]$_DFFE_PP_/D (DFFHQNx1_ASAP7_75t_R) 1359.36 1467.97 -108.61 (VIOLATED)
u_e.g_mac[1].g_tr2.u_tree.held[9][17]$_DFFE_PP_/D (DFFHQNx1_ASAP7_75t_R) 1381.54 1490.14 -108.60 (VIOLATED)
u_e.g_mac[0].g_tr2.u_tree.held[31][22]$_DFFE_PP_/D (DFFHQNx1_ASAP7_75t_R) 1362.83 1471.41 -108.58 (VIOLATED)
u_e.g_mac[0].g_tr2.u_tree.held[23][25]$_DFFE_PP_/D (DFFHQNx1_ASAP7_75t_R) 1366.95 1475.50 -108.55 (VIOLATED)
u_e.g_mac[0].g_l2.u_l0.p1_p[1][6]$_DFF_P_/D (DFFHQNx1_ASAP7_75t_R) 1381.80 1490.34 -108.55 (VIOLATED)
u_e.g_mac[0].g_tr2.u_tree.held[66][22]$_DFFE_PP_/D (DFFHQNx1_ASAP7_75t_R) 1366.05 1474.60 -108.55 (VIOLATED)
u_e.g_mac[1].g_tr2.u_tree.held[47][12]$_DFFE_PP_/D (DFFHQNx1_ASAP7_75t_R) 1357.85 1466.38 -108.54 (VIOLATED)
u_e.g_mac[1].g_tr2.u_tree.held[48][30]$_DFFE_PP_/D (DFFHQNx1_ASAP7_75t_R) 1379.80 1488.31 -108.52 (VIOLATED)
u_e.g_mac[1].g_tr2.u_tree.held[47][25]$_DFFE_PP_/D (DFFHQNx1_ASAP7_75t_R) 1372.92 1481.42 -108.49 (VIOLATED)
u_e.g_mac[1].g_tr2.u_tree.held[64][1]$_DFFE_PP_/D (DFFHQNx1_ASAP7_75t_R) 1373.71 1482.14 -108.43 (VIOLATED)
u_e.g_mac[0].g_tr2.u_tree.held[44][19]$_DFFE_PP_/D (DFFHQNx1_ASAP7_75t_R) 1367.39 1475.81 -108.42 (VIOLATED)
u_e.g_mac[1].g_tr2.u_tree.held[73][2]$_DFFE_PP_/D (DFFHQNx1_ASAP7_75t_R) 1355.93 1464.30 -108.36 (VIOLATED)
u_e.g_mac[0].g_tr2.u_tree.held[8][26]$_DFFE_PP_/D (DFFHQNx1_ASAP7_75t_R) 1365.14 1473.48 -108.34 (VIOLATED)
u_e.g_mac[1].g_tr2.u_tree.held[73][31]$_DFFE_PP_/D (DFFHQNx1_ASAP7_75t_R) 1359.62 1467.94 -108.31 (VIOLATED)
u_e.g_mac[0].g_tr2.u_tree.held[39][24]$_DFFE_PP_/D (DFFHQNx1_ASAP7_75t_R) 1363.19 1471.42 -108.23 (VIOLATED)
u_e.g_mac[1].g_tr2.u_tree.held[47][23]$_DFFE_PP_/D (DFFHQNx1_ASAP7_75t_R) 1373.18 1481.34 -108.16 (VIOLATED)
u_e.g_mac[0].g_tr2.u_tree.held[31][23]$_DFFE_PP_/D (DFFHQNx1_ASAP7_75t_R) 1363.81 1471.93 -108.12 (VIOLATED)
u_e.g_mac[1].g_tr2.u_tree.held[47][15]$_DFFE_PP_/D (DFFHQNx1_ASAP7_75t_R) 1373.30 1481.33 -108.03 (VIOLATED)
u_e.g_mac[0].g_tr2.u_tree.held[35][13]$_DFFE_PP_/D (DFFHQNx1_ASAP7_75t_R) 1367.17 1475.18 -108.01 (VIOLATED)
u_e.g_mac[0].g_tr2.u_tree.held[56][19]$_DFFE_PP_/D (DFFHQNx1_ASAP7_75t_R) 1365.35 1473.35 -108.00 (VIOLATED)
u_e.g_mac[0].g_tr2.u_tree.held[66][27]$_DFFE_PP_/D (DFFHQNx1_ASAP7_75t_R) 1366.35 1474.34 -107.99 (VIOLATED)
u_e.g_mac[1].g_tr2.u_tree.held[62][24]$_DFFE_PP_/D (DFFHQNx1_ASAP7_75t_R) 1375.21 1483.18 -107.97 (VIOLATED)
u_e.g_mac[0].g_tr2.u_tree.held[68][23]$_DFFE_PP_/D (DFFHQNx1_ASAP7_75t_R) 1357.58 1465.42 -107.84 (VIOLATED)
u_e.g_mac[0].g_tr2.u_tree.held[28][28]$_DFFE_PP_/D (DFFHQNx1_ASAP7_75t_R) 1356.92 1464.75 -107.83 (VIOLATED)
u_e.g_mac[0].g_tr2.u_tree.held[66][24]$_DFFE_PP_/D (DFFHQNx1_ASAP7_75t_R) 1365.68 1473.48 -107.80 (VIOLATED)
u_e.g_mac[1].g_tr2.u_tree.held[8][20]$_DFFE_PP_/D (DFFHQNx1_ASAP7_75t_R) 1373.16 1480.93 -107.77 (VIOLATED)
u_e.g_mac[0].g_tr2.u_tree.held[44][23]$_DFFE_PP_/D (DFFHQNx1_ASAP7_75t_R) 1367.05 1474.75 -107.70 (VIOLATED)
u_e.g_mac[1].g_tr2.u_tree.held[1][23]$_DFFE_PP_/D (DFFHQNx1_ASAP7_75t_R) 1371.53 1479.21 -107.68 (VIOLATED)
u_e.g_mac[0].g_tr2.u_tree.held[35][27]$_DFFE_PP_/D (DFFHQNx1_ASAP7_75t_R) 1367.23 1474.81 -107.59 (VIOLATED)
u_e.n_b[0]$_SDFFCE_PP0P_/D (DFFHQNx1_ASAP7_75t_R) 1398.42 1506.00 -107.58 (VIOLATED)
u_e.g_mac[0].g_tr2.u_tree.held[39][27]$_DFFE_PP_/D (DFFHQNx1_ASAP7_75t_R) 1364.17 1471.71 -107.54 (VIOLATED)
u_e.g_mac[0].g_tr2.u_tree.held[36][19]$_DFFE_PP_/D (DFFHQNx1_ASAP7_75t_R) 1365.23 1472.67 -107.44 (VIOLATED)
u_e.nA[28]$_DFFE_PP_/D (DFFHQNx1_ASAP7_75t_R) 1407.31 1514.72 -107.41 (VIOLATED)
u_e.g_mac[1].g_tr2.u_tree.held[47][2]$_DFFE_PP_/D (DFFHQNx1_ASAP7_75t_R) 1358.34 1465.65 -107.31 (VIOLATED)
u_e.f_rd[1]$_DFFE_PN0P_/D (DFFASRHQNx1_ASAP7_75t_R) 1393.51 1500.81 -107.30 (VIOLATED)
u_e.g_mac[0].g_tr2.u_tree.held[66][23]$_DFFE_PP_/D (DFFHQNx1_ASAP7_75t_R) 1360.69 1467.97 -107.29 (VIOLATED)
u_e.g_mac[1].g_tr2.u_tree.held[69][23]$_DFFE_PP_/D (DFFHQNx1_ASAP7_75t_R) 1355.06 1462.34 -107.28 (VIOLATED)
u_e.g_mac[0].g_l2.u_l0.p1_p[7][4]$_DFF_P_/D (DFFHQNx1_ASAP7_75t_R) 1365.10 1472.38 -107.27 (VIOLATED)
u_e.g_mac[0].g_tr2.u_tree.held[58][21]$_DFFE_PP_/D (DFFHQNx1_ASAP7_75t_R) 1363.70 1470.96 -107.26 (VIOLATED)
u_e.g_mac[1].g_l2.u_l0.p0_wq[11]$_DFF_P_/D (DFFHQNx1_ASAP7_75t_R) 1353.53 1460.72 -107.19 (VIOLATED)
u_e.g_mac[1].g_tr2.u_tree.held[45][10]$_DFFE_PP_/D (DFFHQNx1_ASAP7_75t_R) 1356.78 1463.95 -107.18 (VIOLATED)
u_e.g_mac[1].g_tr2.u_tree.held[73][9]$_DFFE_PP_/D (DFFHQNx1_ASAP7_75t_R) 1357.83 1464.99 -107.15 (VIOLATED)
u_e.g_mac[0].g_tr2.u_tree.held[15][18]$_DFFE_PP_/D (DFFHQNx1_ASAP7_75t_R) 1369.25 1476.38 -107.13 (VIOLATED)
u_e.g_mac[1].g_tr2.u_tree.held[8][15]$_DFFE_PP_/D (DFFHQNx1_ASAP7_75t_R) 1374.32 1481.38 -107.06 (VIOLATED)
u_e.g_mac[1].g_ch2.u_c1.u_add.u_c8.g_r.r[16]$_DFF_P_/D (DFFHQNx2_ASAP7_75t_R) 1361.68 1468.69 -107.02 (VIOLATED)
u_e.g_mac[0].g_tr2.u_tree.held[26][19]$_DFFE_PP_/D (DFFHQNx1_ASAP7_75t_R) 1365.29 1472.28 -106.99 (VIOLATED)
u_e.g_mac[1].g_tr2.u_tree.held[38][14]$_DFFE_PP_/D (DFFHQNx1_ASAP7_75t_R) 1374.03 1480.99 -106.96 (VIOLATED)
u_e.g_mac[0].g_tr2.u_tree.held[76][17]$_DFFE_PP_/D (DFFHQNx1_ASAP7_75t_R) 1366.14 1473.08 -106.94 (VIOLATED)
u_e.g_mac[1].g_tr2.u_tree.herr[11]$_DFFE_PN0P_/D (DFFASRHQNx1_ASAP7_75t_R) 1343.31 1450.16 -106.85 (VIOLATED)
u_e.g_mac[1].g_ch2.u_c1.u_add.u_c8.g_r.r[10]$_DFF_P_/D (DFFHQNx2_ASAP7_75t_R) 1359.50 1466.31 -106.81 (VIOLATED)
u_e.nA[13]$_DFFE_PP_/D (DFFHQNx1_ASAP7_75t_R) 1405.09 1511.89 -106.80 (VIOLATED)
u_e.g_mac[0].g_tr2.u_tree.held[66][19]$_DFFE_PP_/D (DFFHQNx1_ASAP7_75t_R) 1360.90 1467.68 -106.78 (VIOLATED)
u_e.g_mac[0].g_tr2.u_tree.held[70][23]$_DFFE_PP_/D (DFFHQNx1_ASAP7_75t_R) 1358.15 1464.89 -106.73 (VIOLATED)
u_e.g_mac[0].g_tr2.u_tree.held[58][18]$_DFFE_PP_/D (DFFHQNx1_ASAP7_75t_R) 1364.31 1471.03 -106.72 (VIOLATED)
u_e.g_mac[1].g_tr2.u_tree.held[9][18]$_DFFE_PP_/D (DFFHQNx1_ASAP7_75t_R) 1382.30 1488.99 -106.69 (VIOLATED)
u_e.g_mac[0].g_tr2.u_tree.held[71][24]$_DFFE_PP_/D (DFFHQNx1_ASAP7_75t_R) 1363.11 1469.79 -106.68 (VIOLATED)
u_e.g_mac[0].g_tr2.u_tree.herr[63]$_DFFE_PN0P_/D (DFFASRHQNx1_ASAP7_75t_R) 1350.82 1457.46 -106.64 (VIOLATED)
u_e.g_mac[0].g_tr2.u_tree.held[8][28]$_DFFE_PP_/D (DFFHQNx1_ASAP7_75t_R) 1366.59 1473.22 -106.63 (VIOLATED)
u_e.g_mac[1].g_l2.u_l1.p0_wq[106]$_DFF_P_/D (DFFHQNx1_ASAP7_75t_R) 1355.92 1462.55 -106.63 (VIOLATED)
u_e.g_mac[1].g_l2.u_l0.p2_c[30]$_DFF_P_/D (DFFHQNx1_ASAP7_75t_R) 1350.92 1457.54 -106.62 (VIOLATED)
u_e.g_mac[0].g_tr2.u_tree.held[1][19]$_DFFE_PP_/D (DFFHQNx1_ASAP7_75t_R) 1356.09 1462.69 -106.60 (VIOLATED)
u_e.g_mac[0].g_tr2.u_tree.held[71][26]$_DFFE_PP_/D (DFFHQNx1_ASAP7_75t_R) 1364.74 1471.29 -106.54 (VIOLATED)
u_e.wA[46]$_DFFE_PP_/D (DFFHQNx1_ASAP7_75t_R) 1427.87 1534.40 -106.53 (VIOLATED)
u_e.g_mac[1].g_tr2.u_tree.held[73][16]$_DFFE_PP_/D (DFFHQNx1_ASAP7_75t_R) 1358.85 1465.30 -106.46 (VIOLATED)
u_e.g_mac[0].g_tr2.u_tree.held[0][24]$_DFFE_PP_/D (DFFHQNx1_ASAP7_75t_R) 1363.91 1470.35 -106.44 (VIOLATED)
u_e.g_mac[0].g_tr2.u_tree.held[76][13]$_DFFE_PP_/D (DFFHQNx1_ASAP7_75t_R) 1366.71 1473.15 -106.44 (VIOLATED)
u_e.nA[38]$_DFFE_PP_/D (DFFHQNx1_ASAP7_75t_R) 1405.92 1512.32 -106.40 (VIOLATED)
u_e.g_mac[0].g_tr2.u_tree.held[8][23]$_DFFE_PP_/D (DFFHQNx1_ASAP7_75t_R) 1367.22 1473.60 -106.38 (VIOLATED)
u_e.g_mac[1].g_tr2.u_tree.infl[7][1]$_DFF_PN0_/D (DFFASRHQNx1_ASAP7_75t_R) 1371.29 1477.64 -106.36 (VIOLATED)
u_e.g_mac[0].g_tr2.u_tree.held[69][22]$_DFFE_PP_/D (DFFHQNx1_ASAP7_75t_R) 1357.15 1463.46 -106.32 (VIOLATED)
u_e.g_mac[0].g_tr2.u_tree.held[43][28]$_DFFE_PP_/D (DFFHQNx1_ASAP7_75t_R) 1360.64 1466.94 -106.29 (VIOLATED)
u_e.g_mac[0].g_tr2.u_tree.held[54][18]$_DFFE_PP_/D (DFFHQNx1_ASAP7_75t_R) 1365.95 1472.20 -106.25 (VIOLATED)
u_e.g_mac[0].g_tr2.u_tree.held[43][26]$_DFFE_PP_/D (DFFHQNx1_ASAP7_75t_R) 1360.13 1466.32 -106.19 (VIOLATED)
u_e.g_mac[0].g_tr2.u_tree.infl[8][3]$_DFF_PN0_/D (DFFASRHQNx1_ASAP7_75t_R) 1425.10 1531.26 -106.16 (VIOLATED)
u_e.wB[43]$_DFFE_PP_/D (DFFHQNx1_ASAP7_75t_R) 1409.14 1515.29 -106.15 (VIOLATED)
u_e.g_mac[0].g_tr2.u_tree.held[76][21]$_DFFE_PP_/D (DFFHQNx1_ASAP7_75t_R) 1367.06 1473.14 -106.08 (VIOLATED)
u_e.g_mac[1].g_tr2.u_tree.held[47][30]$_DFFE_PP_/D (DFFHQNx1_ASAP7_75t_R) 1378.77 1484.83 -106.06 (VIOLATED)
u_e.g_mac[1].g_ch2.u_c1.u_add.u_c8.g_r.r[24]$_DFF_P_/D (DFFHQNx1_ASAP7_75t_R) 1359.72 1465.76 -106.04 (VIOLATED)
u_e.g_mac[0].g_tr2.u_tree.held[28][23]$_DFFE_PP_/D (DFFHQNx1_ASAP7_75t_R) 1357.71 1463.72 -106.01 (VIOLATED)
u_e.g_mac[1].g_tr2.u_tree.held[61][17]$_DFFE_PP_/D (DFFHQNx1_ASAP7_75t_R) 1359.43 1465.44 -106.01 (VIOLATED)
u_e.g_mac[0].g_tr2.u_tree.held[8][13]$_DFFE_PP_/D (DFFHQNx1_ASAP7_75t_R) 1367.22 1473.22 -106.00 (VIOLATED)
u_e.g_mac[1].g_tr2.u_tree.held[38][26]$_DFFE_PP_/D (DFFHQNx1_ASAP7_75t_R) 1381.81 1487.71 -105.90 (VIOLATED)
u_e.g_mac[0].g_tr2.u_tree.held[68][28]$_DFFE_PP_/D (DFFHQNx1_ASAP7_75t_R) 1359.71 1465.59 -105.88 (VIOLATED)
u_e.wA[20]$_DFFE_PP_/D (DFFHQNx1_ASAP7_75t_R) 1412.97 1518.82 -105.85 (VIOLATED)
u_e.g_mac[1].g_l2.u_l0.p1_p[5][5]$_DFF_P_/D (DFFHQNx1_ASAP7_75t_R) 1387.00 1492.78 -105.77 (VIOLATED)
u_e.g_mac[1].g_l2.u_l0.p1_p[23][8]$_SDFF_PN0_/D (DFFHQNx1_ASAP7_75t_R) 1372.29 1478.01 -105.72 (VIOLATED)
u_e.g_mac[0].g_tr2.u_tree.held[70][19]$_DFFE_PP_/D (DFFHQNx1_ASAP7_75t_R) 1360.85 1466.57 -105.71 (VIOLATED)
u_e.g_mac[0].g_tr2.u_tree.held[71][23]$_DFFE_PP_/D (DFFHQNx1_ASAP7_75t_R) 1365.11 1470.78 -105.68 (VIOLATED)
u_e.g_mac[0].g_tr2.u_tree.held[63][22]$_DFFE_PP_/D (DFFHQNx1_ASAP7_75t_R) 1354.84 1460.48 -105.64 (VIOLATED)
u_e.g_mac[0].g_l2.u_l0.p0_wq[176]$_DFF_P_/D (DFFHQNx1_ASAP7_75t_R) 1371.60 1477.16 -105.56 (VIOLATED)
u_e.g_mac[1].g_l2.u_l0.p1_sh[3][4]$_DFF_P_/D (DFFHQNx1_ASAP7_75t_R) 1379.38 1484.87 -105.49 (VIOLATED)
u_e.g_mac[0].g_tr2.u_tree.held[77][28]$_DFFE_PP_/D (DFFHQNx1_ASAP7_75t_R) 1356.59 1461.97 -105.38 (VIOLATED)
u_e.nA[30]$_DFFE_PP_/D (DFFHQNx1_ASAP7_75t_R) 1407.23 1512.58 -105.34 (VIOLATED)
u_e.g_mac[0].g_tr2.u_tree.held[31][29]$_DFFE_PP_/D (DFFHQNx1_ASAP7_75t_R) 1364.72 1470.06 -105.34 (VIOLATED)
u_e.g_mac[0].g_tr2.u_tree.held[26][23]$_DFFE_PP_/D (DFFHQNx1_ASAP7_75t_R) 1364.95 1470.23 -105.28 (VIOLATED)
u_e.g_mac[0].g_tr2.u_tree.held[54][19]$_DFFE_PP_/D (DFFHQNx1_ASAP7_75t_R) 1364.43 1469.63 -105.20 (VIOLATED)
u_e.g_mac[0].g_tr2.u_tree.held[71][22]$_DFFE_PP_/D (DFFHQNx1_ASAP7_75t_R) 1364.86 1470.05 -105.19 (VIOLATED)
u_e.g_mac[0].g_tr2.u_tree.held[18][13]$_DFFE_PP_/D (DFFHQNx1_ASAP7_75t_R) 1367.15 1472.32 -105.17 (VIOLATED)
u_e.g_mac[0].g_l2.u_l0.p1_p[9][5]$_DFF_P_/D (DFFHQNx1_ASAP7_75t_R) 1361.80 1466.90 -105.10 (VIOLATED)
u_e.nA[1]$_DFFE_PP_/D (DFFHQNx1_ASAP7_75t_R) 1419.81 1524.82 -105.01 (VIOLATED)
u_e.g_mac[0].g_tr2.u_tree.held[26][17]$_DFFE_PP_/D (DFFHQNx1_ASAP7_75t_R) 1366.73 1471.71 -104.99 (VIOLATED)
u_e.g_mac[1].g_l2.u_l0.p1_sh[8][4]$_DFF_P_/D (DFFHQNx1_ASAP7_75t_R) 1365.15 1470.13 -104.98 (VIOLATED)
u_e.g_mac[1].g_tr2.u_tree.held[5][19]$_DFFE_PP_/D (DFFHQNx1_ASAP7_75t_R) 1366.61 1471.56 -104.95 (VIOLATED)
u_e.g_mac[0].g_tr2.u_tree.held[8][19]$_DFFE_PP_/D (DFFHQNx1_ASAP7_75t_R) 1367.68 1472.62 -104.94 (VIOLATED)
u_e.g_mac[0].g_tr2.u_tree.held[11][26]$_DFFE_PP_/D (DFFHQNx1_ASAP7_75t_R) 1364.50 1469.40 -104.90 (VIOLATED)
u_e.g_mac[1].g_tr2.u_tree.held[19][17]$_DFFE_PP_/D (DFFHQNx1_ASAP7_75t_R) 1359.37 1464.22 -104.85 (VIOLATED)
u_e.g_mac[1].g_l2.u_l0.p1_p[2][5]$_DFF_P_/D (DFFHQNx1_ASAP7_75t_R) 1371.07 1475.91 -104.83 (VIOLATED)
u_e.wA[4]$_DFFE_PP_/D (DFFHQNx1_ASAP7_75t_R) 1402.62 1507.44 -104.82 (VIOLATED)
u_e.g_mac[0].g_tr2.u_tree.held[12][15]$_DFFE_PP_/D (DFFHQNx1_ASAP7_75t_R) 1360.33 1465.07 -104.74 (VIOLATED)
u_e.g_mac[0].g_tr2.u_tree.held[70][24]$_DFFE_PP_/D (DFFHQNx1_ASAP7_75t_R) 1363.70 1468.35 -104.65 (VIOLATED)
u_e.g_mac[1].g_tr2.u_tree.held[38][28]$_DFFE_PP_/D (DFFHQNx1_ASAP7_75t_R) 1366.37 1470.98 -104.61 (VIOLATED)
u_e.g_mac[0].g_tr2.u_tree.held[28][19]$_DFFE_PP_/D (DFFHQNx1_ASAP7_75t_R) 1360.54 1465.05 -104.51 (VIOLATED)
u_e.g_mac[0].g_tr2.u_tree.held[21][19]$_DFFE_PP_/D (DFFHQNx1_ASAP7_75t_R) 1359.75 1464.24 -104.49 (VIOLATED)
u_e.g_mac[0].g_tr2.u_tree.held[62][24]$_DFFE_PP_/D (DFFHQNx1_ASAP7_75t_R) 1357.00 1461.49 -104.48 (VIOLATED)
u_e.g_mac[0].g_tr2.u_tree.held[69][23]$_DFFE_PP_/D (DFFHQNx1_ASAP7_75t_R) 1358.00 1462.48 -104.48 (VIOLATED)
u_e.g_mac[0].g_tr2.u_tree.held[36][15]$_DFFE_PP_/D (DFFHQNx1_ASAP7_75t_R) 1360.23 1464.68 -104.45 (VIOLATED)
u_e.g_mac[0].g_tr2.u_tree.held[44][24]$_DFFE_PP_/D (DFFHQNx1_ASAP7_75t_R) 1365.43 1469.87 -104.45 (VIOLATED)
u_e.g_mac[0].g_tr2.u_tree.held[76][22]$_DFFE_PP_/D (DFFHQNx1_ASAP7_75t_R) 1367.99 1472.43 -104.45 (VIOLATED)
u_e.g_mac[0].g_tr2.u_tree.held[54][17]$_DFFE_PP_/D (DFFHQNx1_ASAP7_75t_R) 1366.75 1471.15 -104.41 (VIOLATED)
u_e.g_mac[0].g_tr2.u_tree.herr[34]$_DFFE_PN0P_/D (DFFASRHQNx1_ASAP7_75t_R) 1350.92 1455.32 -104.40 (VIOLATED)
u_e.g_mac[0].g_tr2.u_tree.held[11][29]$_DFFE_PP_/D (DFFHQNx1_ASAP7_75t_R) 1366.54 1470.92 -104.38 (VIOLATED)
u_e.g_mac[0].g_tr2.u_tree.held[11][24]$_DFFE_PP_/D (DFFHQNx1_ASAP7_75t_R) 1364.52 1468.88 -104.37 (VIOLATED)
u_e.g_mac[0].g_tr2.u_tree.held[69][28]$_DFFE_PP_/D (DFFHQNx1_ASAP7_75t_R) 1358.16 1462.51 -104.35 (VIOLATED)
u_e.g_mac[0].g_tr2.u_tree.held[63][24]$_DFFE_PP_/D (DFFHQNx1_ASAP7_75t_R) 1355.83 1460.14 -104.31 (VIOLATED)
u_e.g_mac[0].g_tr2.u_tree.held[54][29]$_DFFE_PP_/D (DFFHQNx1_ASAP7_75t_R) 1366.06 1470.35 -104.29 (VIOLATED)
u_e.g_mac[0].g_tr2.u_tree.held[0][26]$_DFFE_PP_/D (DFFHQNx1_ASAP7_75t_R) 1364.85 1469.14 -104.29 (VIOLATED)
u_e.g_mac[0].g_tr2.u_tree.held[23][26]$_DFFE_PP_/D (DFFHQNx1_ASAP7_75t_R) 1365.05 1469.34 -104.28 (VIOLATED)
u_e.g_mac[0].g_tr2.u_tree.held[57][22]$_DFFE_PP_/D (DFFHQNx1_ASAP7_75t_R) 1354.66 1458.92 -104.26 (VIOLATED)
u_e.g_mac[1].g_tr2.u_tree.held[38][24]$_DFFE_PP_/D (DFFHQNx1_ASAP7_75t_R) 1382.39 1486.61 -104.22 (VIOLATED)
u_e.g_mac[1].g_tr2.u_tree.held[36][17]$_DFFE_PP_/D (DFFHQNx1_ASAP7_75t_R) 1358.54 1462.69 -104.15 (VIOLATED)
u_e.g_mac[0].g_tr2.u_tree.held[21][15]$_DFFE_PP_/D (DFFHQNx1_ASAP7_75t_R) 1359.60 1463.75 -104.15 (VIOLATED)
u_e.g_mac[0].g_tr2.u_tree.held[52][15]$_DFFE_PP_/D (DFFHQNx1_ASAP7_75t_R) 1364.97 1469.09 -104.12 (VIOLATED)
u_e.g_mac[1].g_tr2.u_tree.held[57][7]$_DFFE_PP_/D (DFFHQNx1_ASAP7_75t_R) 1359.16 1463.27 -104.11 (VIOLATED)
u_e.nA[14]$_DFFE_PP_/D (DFFHQNx1_ASAP7_75t_R) 1405.30 1509.39 -104.09 (VIOLATED)
u_e.g_mac[0].g_tr2.u_tree.held[11][17]$_DFFE_PP_/D (DFFHQNx1_ASAP7_75t_R) 1366.42 1470.49 -104.07 (VIOLATED)
u_e.g_mac[0].g_tr2.u_tree.held[11][23]$_DFFE_PP_/D (DFFHQNx1_ASAP7_75t_R) 1364.83 1468.89 -104.06 (VIOLATED)
u_e.g_mac[0].g_tr2.u_tree.held[36][17]$_DFFE_PP_/D (DFFHQNx1_ASAP7_75t_R) 1367.81 1471.86 -104.05 (VIOLATED)
u_e.g_mac[1].g_l2.u_l0.p1_sh[3][2]$_DFF_P_/D (DFFHQNx1_ASAP7_75t_R) 1399.81 1503.85 -104.03 (VIOLATED)
u_e.g_mac[0].g_tr2.u_tree.held[26][30]$_DFFE_PP_/D (DFFHQNx1_ASAP7_75t_R) 1368.41 1472.43 -104.03 (VIOLATED)
u_e.g_mac[1].g_l2.u_l0.p0_wq[104]$_DFF_P_/D (DFFHQNx1_ASAP7_75t_R) 1374.75 1478.64 -103.88 (VIOLATED)
u_e.wB[41]$_DFFE_PP_/D (DFFHQNx1_ASAP7_75t_R) 1413.26 1517.11 -103.85 (VIOLATED)
u_e.g_mac[0].g_tr2.u_tree.held[54][22]$_DFFE_PP_/D (DFFHQNx1_ASAP7_75t_R) 1368.61 1472.46 -103.85 (VIOLATED)
u_e.wB[46]$_DFFE_PP_/D (DFFHQNx1_ASAP7_75t_R) 1413.44 1517.22 -103.78 (VIOLATED)
u_e.g_mac[1].g_l2.u_l0.p1_p[0][8]$_SDFF_PN0_/D (DFFHQNx1_ASAP7_75t_R) 1382.73 1486.47 -103.75 (VIOLATED)
u_e.g_mac[0].g_tr2.u_tree.held[58][26]$_DFFE_PP_/D (DFFHQNx1_ASAP7_75t_R) 1363.91 1467.66 -103.75 (VIOLATED)
u_e.g_mac[0].g_tr2.u_tree.held[36][30]$_DFFE_PP_/D (DFFHQNx1_ASAP7_75t_R) 1361.20 1464.93 -103.73 (VIOLATED)
u_e.g_mac[0].g_tr2.u_tree.held[72][22]$_DFFE_PP_/D (DFFHQNx1_ASAP7_75t_R) 1355.31 1458.95 -103.64 (VIOLATED)
u_e.g_mac[1].g_l2.u_l0.p1_p[29][4]$_DFF_P_/D (DFFHQNx1_ASAP7_75t_R) 1363.66 1467.28 -103.62 (VIOLATED)
u_e.wB[40]$_DFFE_PP_/D (DFFHQNx1_ASAP7_75t_R) 1412.78 1516.40 -103.62 (VIOLATED)
u_e.g_mac[0].g_tr2.u_tree.held[43][24]$_DFFE_PP_/D (DFFHQNx1_ASAP7_75t_R) 1365.46 1469.07 -103.61 (VIOLATED)
u_e.g_mac[0].g_tr2.u_tree.held[43][27]$_DFFE_PP_/D (DFFHQNx1_ASAP7_75t_R) 1368.97 1472.52 -103.55 (VIOLATED)
u_e.nA[3]$_DFFE_PP_/D (DFFHQNx1_ASAP7_75t_R) 1423.88 1527.42 -103.53 (VIOLATED)
u_e.g_mac[1].g_l2.u_l0.p2_c[31]$_DFF_P_/D (DFFHQNx1_ASAP7_75t_R) 1350.63 1454.15 -103.52 (VIOLATED)
u_e.g_mac[0].g_tr2.u_tree.herr[73]$_DFFE_PN0P_/D (DFFASRHQNx1_ASAP7_75t_R) 1354.93 1458.42 -103.49 (VIOLATED)
u_e.g_mac[1].g_tr2.u_tree.held[54][14]$_DFFE_PP_/D (DFFHQNx1_ASAP7_75t_R) 1372.07 1475.55 -103.47 (VIOLATED)
u_e.g_mac[0].g_tr2.u_tree.held[18][21]$_DFFE_PP_/D (DFFHQNx1_ASAP7_75t_R) 1367.13 1470.46 -103.33 (VIOLATED)
u_e.g_mac[0].g_l2.u_l0.p1_sh[27][3]$_DFF_P_/D (DFFHQNx1_ASAP7_75t_R) 1356.12 1459.45 -103.33 (VIOLATED)
u_e.g_mac[1].g_l2.u_l0.p0_wq[67]$_DFF_P_/D (DFFHQNx1_ASAP7_75t_R) 1376.50 1479.81 -103.31 (VIOLATED)
u_e.g_mac[0].g_tr2.u_tree.held[23][30]$_DFFE_PP_/D (DFFHQNx1_ASAP7_75t_R) 1366.03 1469.33 -103.30 (VIOLATED)
u_e.g_mac[0].g_tr2.u_tree.herr[33]$_DFFE_PN0P_/D (DFFASRHQNx1_ASAP7_75t_R) 1350.56 1453.81 -103.25 (VIOLATED)
u_e.g_mac[0].g_tr2.u_tree.held[52][17]$_DFFE_PP_/D (DFFHQNx1_ASAP7_75t_R) 1365.74 1468.98 -103.24 (VIOLATED)
u_e.g_mac[1].g_l2.u_l0.p1_p[30][8]$_SDFF_PN0_/D (DFFHQNx1_ASAP7_75t_R) 1363.34 1466.51 -103.18 (VIOLATED)
u_e.g_mac[0].g_tr2.u_tree.held[31][17]$_DFFE_PP_/D (DFFHQNx1_ASAP7_75t_R) 1367.30 1470.47 -103.17 (VIOLATED)
u_e.g_mac[0].g_tr2.u_tree.held[58][15]$_DFFE_PP_/D (DFFHQNx1_ASAP7_75t_R) 1365.11 1468.28 -103.17 (VIOLATED)
u_e.g_qt_hit.g_hc[1].d_pos[2]$_SDFFE_PP0P_/D (DFFHQNx1_ASAP7_75t_R) 1403.08 1506.23 -103.16 (VIOLATED)
u_e.g_mac[0].g_tr2.u_tree.held[58][19]$_DFFE_PP_/D (DFFHQNx1_ASAP7_75t_R) 1365.19 1468.33 -103.14 (VIOLATED)
u_e.g_mac[0].g_tr2.u_tree.held[11][27]$_DFFE_PP_/D (DFFHQNx1_ASAP7_75t_R) 1364.69 1467.82 -103.13 (VIOLATED)
u_e.g_mac[0].g_tr2.u_tree.herr[27]$_DFFE_PN0P_/D (DFFASRHQNx1_ASAP7_75t_R) 1351.13 1454.25 -103.11 (VIOLATED)
u_e.nA[4]$_DFFE_PP_/D (DFFHQNx1_ASAP7_75t_R) 1419.90 1523.00 -103.10 (VIOLATED)
u_e.g_mac[1].g_tr2.u_tree.held[47][17]$_DFFE_PP_/D (DFFHQNx1_ASAP7_75t_R) 1358.66 1461.73 -103.07 (VIOLATED)
u_e.g_mac[0].g_tr2.u_tree.held[31][25]$_DFFE_PP_/D (DFFHQNx1_ASAP7_75t_R) 1366.56 1469.58 -103.02 (VIOLATED)
u_e.g_mac[0].g_tr2.u_tree.held[72][23]$_DFFE_PP_/D (DFFHQNx1_ASAP7_75t_R) 1364.77 1467.76 -102.99 (VIOLATED)
u_e.g_mac[0].g_tr2.u_tree.held[52][23]$_DFFE_PP_/D (DFFHQNx1_ASAP7_75t_R) 1364.55 1467.54 -102.99 (VIOLATED)
u_e.nA[39]$_DFFE_PP_/D (DFFHQNx1_ASAP7_75t_R) 1411.54 1514.52 -102.98 (VIOLATED)
u_e.g_mac[0].g_tr2.u_tree.held[11][28]$_DFFE_PP_/D (DFFHQNx1_ASAP7_75t_R) 1367.22 1470.12 -102.90 (VIOLATED)
u_e.g_mac[1].g_tr2.u_tree.held[71][9]$_DFFE_PP_/D (DFFHQNx1_ASAP7_75t_R) 1358.65 1461.53 -102.88 (VIOLATED)
u_e.g_mac[0].g_tr2.u_tree.held[71][13]$_DFFE_PP_/D (DFFHQNx1_ASAP7_75t_R) 1366.19 1469.03 -102.84 (VIOLATED)
u_e.g_mac[1].g_l2.u_l0.p0_wq[34]$_DFF_P_/D (DFFHQNx1_ASAP7_75t_R) 1370.65 1473.45 -102.80 (VIOLATED)
u_e.g_mac[0].g_tr2.u_tree.held[66][28]$_DFFE_PP_/D (DFFHQNx1_ASAP7_75t_R) 1365.27 1468.05 -102.79 (VIOLATED)
u_e.g_mac[0].g_tr2.u_tree.held[43][23]$_DFFE_PP_/D (DFFHQNx1_ASAP7_75t_R) 1366.06 1468.82 -102.76 (VIOLATED)
u_e.g_mac[0].g_tr2.u_tree.held[57][24]$_DFFE_PP_/D (DFFHQNx1_ASAP7_75t_R) 1355.79 1458.50 -102.72 (VIOLATED)
u_e.g_mac[1].g_tr2.u_tree.add_a[22]$_DFF_P_/D (DFFHQNx1_ASAP7_75t_R) 1375.73 1478.43 -102.70 (VIOLATED)
u_e.g_mac[0].g_tr2.u_tree.held[0][23]$_DFFE_PP_/D (DFFHQNx1_ASAP7_75t_R) 1365.57 1468.27 -102.70 (VIOLATED)
u_e.g_mac[0].g_tr2.u_tree.held[71][19]$_DFFE_PP_/D (DFFHQNx1_ASAP7_75t_R) 1367.16 1469.85 -102.69 (VIOLATED)
u_e.g_mac[0].g_tr2.u_tree.held[52][19]$_DFFE_PP_/D (DFFHQNx1_ASAP7_75t_R) 1367.23 1469.90 -102.67 (VIOLATED)
u_e.g_mac[1].g_tr2.u_tree.held[8][14]$_DFFE_PP_/D (DFFHQNx1_ASAP7_75t_R) 1379.41 1482.06 -102.64 (VIOLATED)
u_e.g_mac[0].g_tr2.u_tree.held[31][13]$_DFFE_PP_/D (DFFHQNx1_ASAP7_75t_R) 1367.50 1470.13 -102.63 (VIOLATED)
u_e.g_mac[0].g_tr2.u_tree.held[39][19]$_DFFE_PP_/D (DFFHQNx1_ASAP7_75t_R) 1367.20 1469.81 -102.61 (VIOLATED)
u_e.g_mac[0].g_l2.u_l0.p0_we[4]$_DFF_P_/D (DFFHQNx1_ASAP7_75t_R) 1367.34 1469.93 -102.59 (VIOLATED)
u_e.g_mac[0].g_tr2.u_tree.held[50][22]$_DFFE_PP_/D (DFFHQNx1_ASAP7_75t_R) 1354.68 1457.23 -102.56 (VIOLATED)
u_e.nA[5]$_DFFE_PP_/D (DFFHQNx1_ASAP7_75t_R) 1424.00 1526.55 -102.55 (VIOLATED)
u_e.g_mac[1].g_tr2.u_tree.held[5][28]$_DFFE_PP_/D (DFFHQNx1_ASAP7_75t_R) 1367.51 1470.06 -102.55 (VIOLATED)
u_e.g_mac[0].g_tr2.u_tree.held[12][28]$_DFFE_PP_/D (DFFHQNx1_ASAP7_75t_R) 1364.47 1467.02 -102.54 (VIOLATED)
u_e.nA[6]$_DFFE_PP_/D (DFFHQNx1_ASAP7_75t_R) 1424.20 1526.74 -102.54 (VIOLATED)
u_e.g_mac[1].g_tr2.u_tree.held[36][16]$_DFFE_PP_/D (DFFHQNx1_ASAP7_75t_R) 1358.29 1460.77 -102.48 (VIOLATED)
u_e.g_mac[0].g_l2.u_l0.p0_we[8]$_DFF_P_/D (DFFHQNx1_ASAP7_75t_R) 1366.36 1468.85 -102.48 (VIOLATED)
u_e.g_mac[0].g_l2.u_l0.p1_p[22][6]$_DFF_P_/D (DFFHQNx1_ASAP7_75t_R) 1377.42 1479.88 -102.46 (VIOLATED)
u_e.g_mac[1].g_tr2.u_tree.held[26][16]$_DFFE_PP_/D (DFFHQNx1_ASAP7_75t_R) 1357.11 1459.52 -102.40 (VIOLATED)
u_e.g_mac[0].g_tr2.u_tree.held[36][22]$_DFFE_PP_/D (DFFHQNx1_ASAP7_75t_R) 1369.03 1471.40 -102.36 (VIOLATED)
u_e.g_mac[1].g_l2.u_l0.p1_p[1][6]$_DFF_P_/D (DFFHQNx1_ASAP7_75t_R) 1384.22 1486.56 -102.33 (VIOLATED)
u_e.g_mac[0].g_tr2.u_tree.held[19][24]$_DFFE_PP_/D (DFFHQNx1_ASAP7_75t_R) 1355.35 1457.68 -102.33 (VIOLATED)
u_e.g_mac[0].g_tr2.u_tree.held[1][28]$_DFFE_PP_/D (DFFHQNx1_ASAP7_75t_R) 1359.45 1461.73 -102.28 (VIOLATED)
u_e.g_mac[0].g_tr2.u_tree.herr[12]$_DFFE_PN0P_/D (DFFASRHQNx1_ASAP7_75t_R) 1350.60 1452.86 -102.26 (VIOLATED)
u_e.nB[39]$_DFFE_PP_/D (DFFHQNx1_ASAP7_75t_R) 1420.19 1522.44 -102.26 (VIOLATED)
u_e.g_mac[0].g_tr2.u_tree.held[58][30]$_DFFE_PP_/D (DFFHQNx1_ASAP7_75t_R) 1365.94 1468.10 -102.17 (VIOLATED)
u_e.g_mac[0].g_tr2.u_tree.held[78][26]$_DFFE_PP_/D (DFFHQNx1_ASAP7_75t_R) 1355.82 1457.98 -102.16 (VIOLATED)
u_e.g_mac[1].g_tr2.u_tree.held[47][4]$_DFFE_PP_/D (DFFHQNx1_ASAP7_75t_R) 1359.72 1461.87 -102.15 (VIOLATED)
u_e.g_mac[0].g_tr2.u_tree.held[12][21]$_DFFE_PP_/D (DFFHQNx1_ASAP7_75t_R) 1362.47 1464.59 -102.12 (VIOLATED)
u_e.g_mac[0].g_tr2.u_tree.held[78][28]$_DFFE_PP_/D (DFFHQNx1_ASAP7_75t_R) 1356.05 1458.17 -102.11 (VIOLATED)
u_e.g_mac[0].g_tr2.u_tree.held[58][28]$_DFFE_PP_/D (DFFHQNx1_ASAP7_75t_R) 1366.76 1468.84 -102.08 (VIOLATED)
u_e.wA[2]$_DFFE_PP_/D (DFFHQNx1_ASAP7_75t_R) 1401.92 1503.98 -102.07 (VIOLATED)
u_e.g_mac[0].g_l2.u_l0.p1_p[12][4]$_DFF_P_/D (DFFHQNx1_ASAP7_75t_R) 1361.64 1463.70 -102.06 (VIOLATED)
u_e.g_mac[0].g_l2.u_l0.p1_p[20][5]$_DFF_P_/D (DFFHQNx1_ASAP7_75t_R) 1366.65 1468.70 -102.05 (VIOLATED)
u_e.g_mac[0].g_tr2.u_tree.held[43][18]$_DFFE_PP_/D (DFFHQNx1_ASAP7_75t_R) 1368.19 1470.23 -102.04 (VIOLATED)
u_e.g_mac[0].g_tr2.u_tree.held[26][27]$_DFFE_PP_/D (DFFHQNx1_ASAP7_75t_R) 1367.46 1469.46 -101.99 (VIOLATED)
u_e.g_mac[0].g_tr2.u_tree.held[8][17]$_DFFE_PP_/D (DFFHQNx1_ASAP7_75t_R) 1364.75 1466.73 -101.98 (VIOLATED)
u_e.g_mac[0].g_l2.u_l0.p2_c[194]$_DFF_P_/D (DFFHQNx1_ASAP7_75t_R) 1361.85 1463.82 -101.97 (VIOLATED)
u_e.g_mac[0].g_tr2.u_tree.held[72][15]$_DFFE_PP_/D (DFFHQNx1_ASAP7_75t_R) 1364.67 1466.62 -101.95 (VIOLATED)
u_e.g_mac[0].g_l2.u_l0.p1_p[2][5]$_DFF_P_/D (DFFHQNx1_ASAP7_75t_R) 1380.52 1482.33 -101.81 (VIOLATED)
u_e.g_mac[1].g_tr2.u_tree.held[3][22]$_DFFE_PP_/D (DFFHQNx1_ASAP7_75t_R) 1380.50 1482.30 -101.80 (VIOLATED)
u_e.g_mac[0].g_tr2.u_tree.held[40][20]$_DFFE_PP_/D (DFFHQNx1_ASAP7_75t_R) 1378.49 1480.24 -101.75 (VIOLATED)
u_e.g_mac[0].g_tr2.u_tree.held[1][23]$_DFFE_PP_/D (DFFHQNx1_ASAP7_75t_R) 1360.42 1462.17 -101.75 (VIOLATED)
u_e.g_mac[0].g_tr2.u_tree.held[7][23]$_DFFE_PP_/D (DFFHQNx1_ASAP7_75t_R) 1358.00 1459.73 -101.73 (VIOLATED)
u_e.g_mac[0].g_l2.u_l0.p1_p[30][8]$_SDFF_PN0_/D (DFFHQNx1_ASAP7_75t_R) 1382.74 1484.47 -101.73 (VIOLATED)
u_e.nA[11]$_DFFE_PP_/D (DFFHQNx1_ASAP7_75t_R) 1409.54 1511.25 -101.71 (VIOLATED)
u_e.g_mac[0].g_tr2.u_tree.held[58][27]$_DFFE_PP_/D (DFFHQNx1_ASAP7_75t_R) 1366.76 1468.40 -101.64 (VIOLATED)
u_e.g_mac[1].g_l2.u_l0.p2_c[25]$_DFF_P_/D (DFFHQNx1_ASAP7_75t_R) 1361.47 1463.11 -101.64 (VIOLATED)
u_e.g_mac[0].g_tr2.u_tree.held[8][15]$_DFFE_PP_/D (DFFHQNx1_ASAP7_75t_R) 1365.28 1466.91 -101.63 (VIOLATED)
u_e.g_mac[0].g_tr2.u_tree.held[78][23]$_DFFE_PP_/D (DFFHQNx1_ASAP7_75t_R) 1357.28 1458.89 -101.62 (VIOLATED)
u_e.g_mac[0].g_tr2.u_tree.held[43][17]$_DFFE_PP_/D (DFFHQNx1_ASAP7_75t_R) 1369.03 1470.64 -101.61 (VIOLATED)
u_e.g_mac[1].g_tr2.u_tree.held[8][13]$_DFFE_PP_/D (DFFHQNx1_ASAP7_75t_R) 1354.11 1455.72 -101.61 (VIOLATED)
u_e.g_mac[0].g_tr2.u_tree.held[77][26]$_DFFE_PP_/D (DFFHQNx1_ASAP7_75t_R) 1363.59 1465.16 -101.57 (VIOLATED)
u_e.g_mac[0].g_tr2.u_tree.held[43][30]$_DFFE_PP_/D (DFFHQNx1_ASAP7_75t_R) 1365.99 1467.54 -101.55 (VIOLATED)
u_e.g_mac[0].g_tr2.u_tree.held[19][22]$_DFFE_PP_/D (DFFHQNx1_ASAP7_75t_R) 1356.70 1458.24 -101.54 (VIOLATED)
u_e.g_mac[1].g_tr2.u_tree.held[50][11]$_DFFE_PP_/D (DFFHQNx1_ASAP7_75t_R) 1359.16 1460.68 -101.53 (VIOLATED)
u_e.g_mac[1].g_l2.u_l0.p2_c[21]$_DFF_P_/D (DFFHQNx1_ASAP7_75t_R) 1351.07 1452.57 -101.50 (VIOLATED)
u_e.g_mac[0].g_tr2.u_tree.held[58][23]$_DFFE_PP_/D (DFFHQNx1_ASAP7_75t_R) 1365.65 1467.12 -101.47 (VIOLATED)
u_e.g_mac[1].g_tr2.u_tree.held[50][10]$_DFFE_PP_/D (DFFHQNx1_ASAP7_75t_R) 1358.00 1459.46 -101.45 (VIOLATED)
u_e.g_mac[0].g_tr2.u_tree.herr[30]$_DFFE_PN0P_/D (DFFASRHQNx1_ASAP7_75t_R) 1350.94 1452.35 -101.41 (VIOLATED)
u_e.g_mac[0].g_tr2.u_tree.held[0][28]$_DFFE_PP_/D (DFFHQNx1_ASAP7_75t_R) 1366.81 1468.22 -101.40 (VIOLATED)
u_e.g_mac[0].g_tr2.u_tree.infl[0][1]$_DFF_PN0_/D (DFFASRHQNx1_ASAP7_75t_R) 1415.74 1517.10 -101.35 (VIOLATED)
u_e.g_mac[0].g_tr2.u_tree.held[58][17]$_DFFE_PP_/D (DFFHQNx1_ASAP7_75t_R) 1366.78 1468.10 -101.33 (VIOLATED)
u_e.g_mac[0].g_tr2.u_tree.held[23][29]$_DFFE_PP_/D (DFFHQNx1_ASAP7_75t_R) 1363.99 1465.30 -101.31 (VIOLATED)
u_e.g_mac[0].g_tr2.u_tree.held[0][19]$_DFFE_PP_/D (DFFHQNx1_ASAP7_75t_R) 1366.48 1467.78 -101.30 (VIOLATED)
u_e.g_mac[1].g_tr2.u_tree.held[8][22]$_DFFE_PP_/D (DFFHQNx1_ASAP7_75t_R) 1380.38 1481.65 -101.27 (VIOLATED)
u_e.wA[5]$_DFFE_PP_/D (DFFHQNx1_ASAP7_75t_R) 1402.77 1504.04 -101.27 (VIOLATED)
u_e.g_mac[1].g_tr2.u_tree.held[50][7]$_DFFE_PP_/D (DFFHQNx1_ASAP7_75t_R) 1358.01 1459.24 -101.24 (VIOLATED)
u_e.g_mac[0].g_tr2.u_tree.held[43][22]$_DFFE_PP_/D (DFFHQNx1_ASAP7_75t_R) 1368.79 1470.00 -101.22 (VIOLATED)
u_e.g_mac[1].g_tr2.u_tree.held[54][7]$_DFFE_PP_/D (DFFHQNx1_ASAP7_75t_R) 1358.60 1459.72 -101.13 (VIOLATED)
u_e.g_mac[0].g_tr2.u_tree.held[39][15]$_DFFE_PP_/D (DFFHQNx1_ASAP7_75t_R) 1368.65 1469.77 -101.12 (VIOLATED)
u_e.g_mac[1].g_ch2.u_c1.u_add.u_c0.g_r.r[1]$_SDFF_PP0_/D (DFFHQNx1_ASAP7_75t_R) 1351.65 1452.76 -101.11 (VIOLATED)
u_e.g_mac[1].g_tr2.u_tree.held[26][12]$_DFFE_PP_/D (DFFHQNx1_ASAP7_75t_R) 1357.98 1459.04 -101.07 (VIOLATED)
u_e.g_mac[0].g_tr2.u_tree.held[71][0]$_DFFE_PP_/D (DFFHQNx1_ASAP7_75t_R) 1367.17 1468.23 -101.06 (VIOLATED)
u_e.g_mac[1].g_tr2.u_tree.held[50][5]$_DFFE_PP_/D (DFFHQNx1_ASAP7_75t_R) 1358.14 1459.18 -101.04 (VIOLATED)
u_e.g_mac[0].g_tr2.u_tree.held[36][21]$_DFFE_PP_/D (DFFHQNx1_ASAP7_75t_R) 1364.01 1465.00 -100.99 (VIOLATED)
u_e.g_mac[0].g_tr2.u_tree.held[63][28]$_DFFE_PP_/D (DFFHQNx1_ASAP7_75t_R) 1364.71 1465.70 -100.99 (VIOLATED)
u_e.g_mac[0].g_tr2.u_tree.held[46][19]$_DFFE_PP_/D (DFFHQNx1_ASAP7_75t_R) 1356.39 1457.34 -100.94 (VIOLATED)
u_e.g_mac[0].g_tr2.u_tree.held[58][22]$_DFFE_PP_/D (DFFHQNx1_ASAP7_75t_R) 1366.60 1467.54 -100.94 (VIOLATED)
u_e.g_mac[1].g_l2.u_l0.p1_p[8][7]$_DFF_P_/D (DFFHQNx1_ASAP7_75t_R) 1390.66 1491.57 -100.91 (VIOLATED)
u_e.g_mac[0].g_l2.u_l0.p1_p[2][8]$_SDFF_PN0_/D (DFFHQNx1_ASAP7_75t_R) 1377.29 1478.17 -100.89 (VIOLATED)
u_e.g_mac[0].g_tr2.u_tree.held[68][24]$_DFFE_PP_/D (DFFHQNx1_ASAP7_75t_R) 1363.36 1464.20 -100.85 (VIOLATED)
u_e.g_mac[1].g_tr2.u_tree.held[12][17]$_DFFE_PP_/D (DFFHQNx1_ASAP7_75t_R) 1359.76 1460.59 -100.83 (VIOLATED)
u_e.g_mac[0].g_tr2.u_tree.infl[3][1]$_DFF_PN0_/D (DFFASRHQNx1_ASAP7_75t_R) 1431.31 1532.13 -100.82 (VIOLATED)
u_e.wB[47]$_DFFE_PP_/D (DFFHQNx1_ASAP7_75t_R) 1416.33 1517.14 -100.81 (VIOLATED)
u_e.g_mac[0].g_tr2.u_tree.held[54][30]$_DFFE_PP_/D (DFFHQNx1_ASAP7_75t_R) 1369.16 1469.91 -100.76 (VIOLATED)
u_e.g_mac[0].g_tr2.u_tree.held[72][30]$_DFFE_PP_/D (DFFHQNx1_ASAP7_75t_R) 1364.26 1464.96 -100.70 (VIOLATED)
u_e.g_mac[0].g_tr2.u_tree.held[69][26]$_DFFE_PP_/D (DFFHQNx1_ASAP7_75t_R) 1364.07 1464.75 -100.68 (VIOLATED)
u_e.g_mac[1].g_tr2.u_tree.held[50][9]$_DFFE_PP_/D (DFFHQNx1_ASAP7_75t_R) 1358.20 1458.86 -100.66 (VIOLATED)
u_e.g_mac[0].g_tr2.u_tree.held[58][29]$_DFFE_PP_/D (DFFHQNx1_ASAP7_75t_R) 1364.74 1465.37 -100.63 (VIOLATED)
u_e.g_mac[0].g_tr2.u_tree.held[58][24]$_DFFE_PP_/D (DFFHQNx1_ASAP7_75t_R) 1366.51 1467.11 -100.60 (VIOLATED)
u_e.g_mac[0].g_tr2.u_tree.held[18][18]$_DFFE_PP_/D (DFFHQNx1_ASAP7_75t_R) 1367.62 1468.21 -100.59 (VIOLATED)
u_e.g_mac[0].g_tr2.u_tree.held[72][28]$_DFFE_PP_/D (DFFHQNx1_ASAP7_75t_R) 1356.97 1457.52 -100.55 (VIOLATED)
u_e.wA[0]$_DFFE_PP_/D (DFFHQNx1_ASAP7_75t_R) 1401.61 1502.14 -100.54 (VIOLATED)
u_e.g_qt_hit.g_hc[2].d_pos[1]$_SDFFE_PP0P_/D (DFFHQNx1_ASAP7_75t_R) 1403.05 1503.57 -100.52 (VIOLATED)
u_e.g_mac[1].g_ch2.u_c1.u_add.u_c8.g_r.r[12]$_DFF_P_/D (DFFHQNx2_ASAP7_75t_R) 1360.24 1460.76 -100.52 (VIOLATED)
u_e.g_mac[0].g_tr2.u_tree.held[9][26]$_DFFE_PP_/D (DFFHQNx1_ASAP7_75t_R) 1356.89 1457.41 -100.52 (VIOLATED)
u_e.g_qt_hit.g_hc[1].d_c[1]$_DFFE_PP_/D (DFFHQNx1_ASAP7_75t_R) 1399.61 1500.11 -100.50 (VIOLATED)
u_e.g_mac[0].g_tr2.u_tree.held[63][23]$_DFFE_PP_/D (DFFHQNx1_ASAP7_75t_R) 1358.15 1458.58 -100.43 (VIOLATED)
u_e.wA[31]$_DFFE_PP_/D (DFFHQNx1_ASAP7_75t_R) 1413.94 1514.30 -100.36 (VIOLATED)
u_e.g_mac[0].g_tr2.u_tree.herr[26]$_DFFE_PN0P_/D (DFFASRHQNx1_ASAP7_75t_R) 1357.82 1458.17 -100.35 (VIOLATED)
u_e.g_mac[0].g_tr2.u_tree.held[26][21]$_DFFE_PP_/D (DFFHQNx1_ASAP7_75t_R) 1369.51 1469.79 -100.29 (VIOLATED)
u_e.g_mac[0].g_tr2.u_tree.held[8][30]$_DFFE_PP_/D (DFFHQNx1_ASAP7_75t_R) 1368.21 1468.44 -100.22 (VIOLATED)
u_e.g_mac[1].g_l2.u_l0.p2_c[16]$_DFF_P_/D (DFFHQNx1_ASAP7_75t_R) 1350.77 1450.88 -100.11 (VIOLATED)
u_e.g_mac[0].g_tr2.u_tree.herr[48]$_DFFE_PN0P_/D (DFFASRHQNx1_ASAP7_75t_R) 1350.81 1450.92 -100.11 (VIOLATED)
u_e.g_mac[1].g_tr2.u_tree.held[43][12]$_DFFE_PP_/D (DFFHQNx1_ASAP7_75t_R) 1359.08 1459.19 -100.11 (VIOLATED)
u_e.g_mac[0].g_tr2.u_tree.held[66][15]$_DFFE_PP_/D (DFFHQNx1_ASAP7_75t_R) 1362.04 1462.12 -100.09 (VIOLATED)
u_e.g_mac[0].g_l2.u_l0.p1_p[29][4]$_DFF_P_/D (DFFHQNx1_ASAP7_75t_R) 1355.02 1455.10 -100.08 (VIOLATED)
u_e.g_mac[0].g_tr2.u_tree.held[77][22]$_DFFE_PP_/D (DFFHQNx1_ASAP7_75t_R) 1363.50 1463.58 -100.08 (VIOLATED)
u_e.g_mac[1].g_l2.u_l0.p0_wq[64]$_DFF_P_/D (DFFHQNx2_ASAP7_75t_R) 1376.76 1476.79 -100.03 (VIOLATED)
u_e.g_mac[1].g_tr2.u_tree.held[50][31]$_DFFE_PP_/D (DFFHQNx1_ASAP7_75t_R) 1359.45 1459.47 -100.03 (VIOLATED)
u_e.g_mac[1].g_tr2.u_tree.held[38][13]$_DFFE_PP_/D (DFFHQNx1_ASAP7_75t_R) 1381.00 1480.99  -99.99 (VIOLATED)
u_e.g_mac[0].g_ch2.u_c1.u_add.u_c0.g_r.r[25]$_SDFF_PP0_/D (DFFHQNx1_ASAP7_75t_R) 1365.75 1465.73  -99.98 (VIOLATED)
u_e.g_mac[0].g_tr2.u_tree.held[57][26]$_DFFE_PP_/D (DFFHQNx1_ASAP7_75t_R) 1357.04 1456.86  -99.83 (VIOLATED)
u_e.g_mac[0].g_l2.u_l0.p1_p[15][4]$_DFF_P_/D (DFFHQNx1_ASAP7_75t_R) 1362.97 1462.75  -99.79 (VIOLATED)
u_e.wB[45]$_DFFE_PP_/D (DFFHQNx1_ASAP7_75t_R) 1418.07 1517.84  -99.77 (VIOLATED)
u_e.g_qt_hit.g_hc[0].d_c[1]$_DFFE_PP_/D (DFFHQNx1_ASAP7_75t_R) 1399.47 1499.23  -99.76 (VIOLATED)
u_e.g_mac[0].g_tr2.u_tree.held[28][22]$_DFFE_PP_/D (DFFHQNx1_ASAP7_75t_R) 1362.35 1462.07  -99.72 (VIOLATED)
u_e.g_mac[0].g_tr2.u_tree.held[10][28]$_DFFE_PP_/D (DFFHQNx1_ASAP7_75t_R) 1356.14 1455.83  -99.69 (VIOLATED)
u_e.g_mac[1].g_l2.u_l0.p1_sh[18][2]$_DFF_P_/D (DFFHQNx1_ASAP7_75t_R) 1354.76 1454.44  -99.68 (VIOLATED)
u_e.g_mac[0].g_tr2.u_tree.held[7][24]$_DFFE_PP_/D (DFFHQNx1_ASAP7_75t_R) 1364.04 1463.72  -99.68 (VIOLATED)
u_e.g_mac[0].g_tr2.u_tree.held[66][20]$_DFFE_PP_/D (DFFHQNx1_ASAP7_75t_R) 1364.65 1464.32  -99.67 (VIOLATED)
u_e.wA[22]$_DFFE_PP_/D (DFFHQNx1_ASAP7_75t_R) 1397.63 1497.22  -99.59 (VIOLATED)
u_e.g_mac[1].g_l2.u_l0.p1_p[2][8]$_SDFF_PN0_/D (DFFHQNx1_ASAP7_75t_R) 1384.36 1483.94  -99.58 (VIOLATED)
u_e.g_mac[1].g_tr2.u_tree.held[31][17]$_DFFE_PP_/D (DFFHQNx1_ASAP7_75t_R) 1359.48 1459.06  -99.58 (VIOLATED)
u_e.g_mac[1].g_l2.u_l0.p2_c[7]$_DFF_P_/D (DFFHQNx1_ASAP7_75t_R) 1348.27 1447.84  -99.57 (VIOLATED)
u_e.g_mac[0].g_tr2.u_tree.herr[52]$_DFFE_PN0P_/D (DFFASRHQNx1_ASAP7_75t_R) 1354.96 1454.49  -99.53 (VIOLATED)
u_e.g_mac[1].g_tr2.u_tree.held[50][13]$_DFFE_PP_/D (DFFHQNx1_ASAP7_75t_R) 1356.19 1455.69  -99.50 (VIOLATED)
u_e.g_mac[0].g_tr2.u_tree.held[28][24]$_DFFE_PP_/D (DFFHQNx1_ASAP7_75t_R) 1363.04 1462.53  -99.49 (VIOLATED)
u_e.g_mac[0].g_tr2.u_tree.herr[44]$_DFFE_PN0P_/D (DFFASRHQNx1_ASAP7_75t_R) 1350.52 1449.92  -99.39 (VIOLATED)
u_e.g_mac[0].g_l2.u_l0.p1_p[1][5]$_DFF_P_/D (DFFHQNx1_ASAP7_75t_R) 1380.15 1479.53  -99.38 (VIOLATED)
u_e.g_mac[0].g_tr2.u_tree.held[66][26]$_DFFE_PP_/D (DFFHQNx1_ASAP7_75t_R) 1367.79 1467.14  -99.35 (VIOLATED)
u_e.wB[44]$_DFFE_PP_/D (DFFHQNx1_ASAP7_75t_R) 1418.35 1517.69  -99.34 (VIOLATED)
u_e.g_mac[1].g_l2.u_l0.p1_p[24][4]$_DFF_P_/D (DFFHQNx1_ASAP7_75t_R) 1365.26 1464.57  -99.31 (VIOLATED)
u_e.g_mac[0].g_tr2.u_tree.held[69][24]$_DFFE_PP_/D (DFFHQNx1_ASAP7_75t_R) 1364.62 1463.92  -99.30 (VIOLATED)
u_e.g_mac[0].g_tr2.u_tree.held[60][22]$_DFFE_PP_/D (DFFHQNx1_ASAP7_75t_R) 1356.15 1455.42  -99.27 (VIOLATED)
u_e.g_mac[0].g_tr2.u_tree.held[10][26]$_DFFE_PP_/D (DFFHQNx1_ASAP7_75t_R) 1356.70 1455.92  -99.22 (VIOLATED)
u_e.g_mac[0].g_tr2.u_tree.held[62][22]$_DFFE_PP_/D (DFFHQNx1_ASAP7_75t_R) 1366.97 1466.16  -99.19 (VIOLATED)
u_e.g_mac[0].g_tr2.u_tree.held[66][29]$_DFFE_PP_/D (DFFHQNx1_ASAP7_75t_R) 1364.84 1464.02  -99.18 (VIOLATED)
u_e.g_mac[0].g_ch2.u_c1.u_add.u_c0.g_r.r[31]$_SDFF_PP0_/D (DFFHQNx1_ASAP7_75t_R) 1365.21 1464.29  -99.09 (VIOLATED)
u_e.g_mac[0].g_tr2.u_tree.held[23][13]$_DFFE_PP_/D (DFFHQNx1_ASAP7_75t_R) 1366.10 1465.15  -99.05 (VIOLATED)
u_e.g_mac[0].g_tr2.u_tree.held[21][18]$_DFFE_PP_/D (DFFHQNx1_ASAP7_75t_R) 1361.68 1460.72  -99.03 (VIOLATED)
u_e.g_mac[1].g_l2.u_l0.p0_wq[50]$_DFF_P_/D (DFFHQNx1_ASAP7_75t_R) 1376.27 1475.29  -99.02 (VIOLATED)
u_e.g_mac[0].g_tr2.u_tree.held[64][15]$_DFFE_PP_/D (DFFHQNx1_ASAP7_75t_R) 1360.93 1459.94  -99.01 (VIOLATED)
u_e.g_mac[0].g_tr2.u_tree.held[46][28]$_DFFE_PP_/D (DFFHQNx1_ASAP7_75t_R) 1357.24 1456.24  -98.99 (VIOLATED)
u_e.g_mac[1].g_l2.u_l0.p1_p[12][5]$_DFF_P_/D (DFFHQNx1_ASAP7_75t_R) 1360.73 1459.71  -98.98 (VIOLATED)
u_e.g_mac[0].g_tr2.u_tree.held[69][30]$_DFFE_PP_/D (DFFHQNx1_ASAP7_75t_R) 1367.34 1466.32  -98.98 (VIOLATED)
u_e.g_mac[0].g_tr2.u_tree.held[18][17]$_DFFE_PP_/D (DFFHQNx1_ASAP7_75t_R) 1366.76 1465.73  -98.98 (VIOLATED)
u_e.g_qt_hit.g_hc[1].d_c[2]$_DFFE_PP_/D (DFFHQNx1_ASAP7_75t_R) 1399.90 1498.87  -98.97 (VIOLATED)
u_e.g_mac[1].g_tr2.u_tree.held[33][0]$_DFFE_PP_/D (DFFHQNx1_ASAP7_75t_R) 1359.38 1458.25  -98.88 (VIOLATED)
u_e.g_mac[1].g_tr2.u_tree.held[67][9]$_DFFE_PP_/D (DFFHQNx1_ASAP7_75t_R) 1355.66 1454.53  -98.87 (VIOLATED)
u_e.g_qt_hit.g_hc[0].d_c[2]$_DFFE_PP_/D (DFFHQNx1_ASAP7_75t_R) 1399.96 1498.75  -98.79 (VIOLATED)
u_e.g_mac[0].g_tr2.u_tree.held[23][20]$_DFFE_PP_/D (DFFHQNx1_ASAP7_75t_R) 1366.02 1464.81  -98.78 (VIOLATED)
u_e.g_mac[0].g_tr2.u_tree.held[37][28]$_DFFE_PP_/D (DFFHQNx1_ASAP7_75t_R) 1359.81 1458.58  -98.77 (VIOLATED)
u_e.nA[7]$_DFFE_PP_/D (DFFHQNx1_ASAP7_75t_R) 1409.13 1507.89  -98.75 (VIOLATED)
u_e.g_mac[1].g_l2.u_l0.p0_wq[162]$_DFF_P_/D (DFFHQNx1_ASAP7_75t_R) 1374.20 1472.93  -98.73 (VIOLATED)
u_e.f_cnt[2]$_DFF_PN0_/D (DFFASRHQNx1_ASAP7_75t_R) 1363.53 1462.25  -98.72 (VIOLATED)
u_e.g_mac[1].g_tr2.u_tree.add_a[31]$_DFF_P_/D (DFFHQNx1_ASAP7_75t_R) 1378.68 1477.40  -98.72 (VIOLATED)
u_e.g_qt_hit.g_hc[0].d_c[0]$_DFFE_PP_/D (DFFHQNx1_ASAP7_75t_R) 1400.01 1498.67  -98.66 (VIOLATED)
u_e.g_mac[0].g_tr2.u_tree.held[7][28]$_DFFE_PP_/D (DFFHQNx1_ASAP7_75t_R) 1359.94 1458.56  -98.62 (VIOLATED)
u_e.g_mac[0].g_tr2.u_tree.held[11][21]$_DFFE_PP_/D (DFFHQNx1_ASAP7_75t_R) 1362.49 1461.05  -98.56 (VIOLATED)
u_e.g_mac[0].g_tr2.u_tree.held[71][25]$_DFFE_PP_/D (DFFHQNx1_ASAP7_75t_R) 1366.12 1464.59  -98.47 (VIOLATED)
u_e.g_mac[0].g_tr2.u_tree.held[64][18]$_DFFE_PP_/D (DFFHQNx1_ASAP7_75t_R) 1361.88 1460.32  -98.44 (VIOLATED)
u_e.g_mac[1].g_ch2.u_c1.u_add.u_c6.g_r.r[3]$_SDFF_PN0_/D (DFFHQNx1_ASAP7_75t_R) 1342.06 1440.45  -98.39 (VIOLATED)
u_e.g_mac[0].g_tr2.u_tree.herr[19]$_DFFE_PN0P_/D (DFFASRHQNx1_ASAP7_75t_R) 1351.10 1449.49  -98.38 (VIOLATED)
u_e.g_mac[0].g_tr2.u_tree.held[60][9]$_DFFE_PP_/D (DFFHQNx1_ASAP7_75t_R) 1365.42 1463.80  -98.38 (VIOLATED)
u_e.g_mac[0].g_tr2.u_tree.held[12][23]$_DFFE_PP_/D (DFFHQNx1_ASAP7_75t_R) 1365.66 1464.01  -98.35 (VIOLATED)
u_e.g_mac[0].g_tr2.u_tree.held[44][27]$_DFFE_PP_/D (DFFHQNx1_ASAP7_75t_R) 1368.01 1466.36  -98.35 (VIOLATED)
u_e.g_mac[1].g_l2.u_l1.p0_wq[96]$_DFF_P_/D (DFFHQNx1_ASAP7_75t_R) 1373.84 1472.18  -98.33 (VIOLATED)
u_e.n_b[1]$_SDFFCE_PP0P_/D (DFFHQNx1_ASAP7_75t_R) 1399.43 1497.67  -98.24 (VIOLATED)
u_e.g_mac[1].g_tr2.u_tree.held[47][0]$_DFFE_PP_/D (DFFHQNx1_ASAP7_75t_R) 1359.01 1457.23  -98.22 (VIOLATED)
u_e.g_mac[0].g_l2.u_l0.p1_p[10][4]$_DFF_P_/D (DFFHQNx1_ASAP7_75t_R) 1362.48 1460.70  -98.21 (VIOLATED)
u_e.g_mac[1].g_tr2.u_tree.held[67][16]$_DFFE_PP_/D (DFFHQNx1_ASAP7_75t_R) 1356.62 1454.82  -98.20 (VIOLATED)
u_e.g_mac[0].g_tr2.u_tree.held[64][23]$_DFFE_PP_/D (DFFHQNx1_ASAP7_75t_R) 1358.06 1456.20  -98.14 (VIOLATED)
u_e.g_mac[0].g_tr2.u_tree.held[62][23]$_DFFE_PP_/D (DFFHQNx1_ASAP7_75t_R) 1360.48 1458.56  -98.08 (VIOLATED)
u_e.g_mac[0].g_tr2.u_tree.held[75][22]$_DFFE_PP_/D (DFFHQNx1_ASAP7_75t_R) 1355.51 1453.56  -98.06 (VIOLATED)
u_e.g_mac[0].g_tr2.u_tree.held[9][28]$_DFFE_PP_/D (DFFHQNx1_ASAP7_75t_R) 1360.17 1458.20  -98.03 (VIOLATED)
u_e.g_mac[0].g_tr2.u_tree.held[66][25]$_DFFE_PP_/D (DFFHQNx1_ASAP7_75t_R) 1365.29 1463.31  -98.02 (VIOLATED)
u_e.wA[36]$_DFFE_PP_/D (DFFHQNx1_ASAP7_75t_R) 1414.01 1512.03  -98.02 (VIOLATED)
u_e.wB[42]$_DFFE_PP_/D (DFFHQNx1_ASAP7_75t_R) 1419.77 1517.74  -97.97 (VIOLATED)
u_e.g_mac[0].g_tr2.u_tree.held[8][18]$_DFFE_PP_/D (DFFHQNx1_ASAP7_75t_R) 1368.32 1466.24  -97.93 (VIOLATED)
u_e.g_mac[1].g_l2.u_l0.p1_p[26][4]$_DFF_P_/D (DFFHQNx1_ASAP7_75t_R) 1364.97 1462.85  -97.89 (VIOLATED)
u_e.g_mac[0].g_l2.u_l0.p2_c[191]$_DFF_P_/D (DFFHQNx1_ASAP7_75t_R) 1361.75 1459.57  -97.82 (VIOLATED)
u_e.g_mac[1].g_tr2.u_tree.held[70][12]$_DFFE_PP_/D (DFFHQNx1_ASAP7_75t_R) 1359.09 1456.88  -97.79 (VIOLATED)
u_e.wB[3]$_DFFE_PP_/D (DFFHQNx1_ASAP7_75t_R) 1416.77 1514.55  -97.79 (VIOLATED)
u_e.g_mac[0].g_tr2.u_tree.held[62][26]$_DFFE_PP_/D (DFFHQNx1_ASAP7_75t_R) 1361.84 1459.63  -97.79 (VIOLATED)
u_e.g_mac[1].g_l2.u_l0.p0_wq[107]$_DFF_P_/D (DFFHQNx1_ASAP7_75t_R) 1357.78 1455.52  -97.74 (VIOLATED)
u_e.f_cnt[1]$_DFF_PN0_/D (DFFASRHQNx1_ASAP7_75t_R) 1363.46 1461.17  -97.71 (VIOLATED)
u_e.g_mac[0].g_tr2.u_tree.held[26][18]$_DFFE_PP_/D (DFFHQNx1_ASAP7_75t_R) 1360.72 1458.36  -97.64 (VIOLATED)
u_e.g_mac[0].g_tr2.u_tree.held[21][30]$_DFFE_PP_/D (DFFHQNx1_ASAP7_75t_R) 1365.94 1463.58  -97.64 (VIOLATED)
u_e.g_mac[1].g_tr2.u_tree.held[65][7]$_DFFE_PP_/D (DFFHQNx1_ASAP7_75t_R) 1358.52 1456.15  -97.63 (VIOLATED)
u_e.g_mac[0].g_tr2.u_tree.held[60][16]$_DFFE_PP_/D (DFFHQNx1_ASAP7_75t_R) 1366.44 1464.07  -97.62 (VIOLATED)
u_e.g_mac[0].g_tr2.u_tree.held[60][20]$_DFFE_PP_/D (DFFHQNx1_ASAP7_75t_R) 1365.53 1463.10  -97.57 (VIOLATED)
u_e.g_mac[0].g_tr2.u_tree.held[62][17]$_DFFE_PP_/D (DFFHQNx1_ASAP7_75t_R) 1367.71 1465.28  -97.57 (VIOLATED)
u_e.g_mac[0].g_tr2.u_tree.held[38][24]$_DFFE_PP_/D (DFFHQNx1_ASAP7_75t_R) 1355.89 1453.44  -97.55 (VIOLATED)
u_e.g_mac[0].g_tr2.u_tree.held[75][24]$_DFFE_PP_/D (DFFHQNx1_ASAP7_75t_R) 1363.13 1460.66  -97.53 (VIOLATED)
u_e.g_mac[0].g_tr2.u_tree.held[28][26]$_DFFE_PP_/D (DFFHQNx1_ASAP7_75t_R) 1367.93 1465.46  -97.53 (VIOLATED)
u_e.g_mac[0].g_tr2.u_tree.held[21][29]$_DFFE_PP_/D (DFFHQNx1_ASAP7_75t_R) 1365.40 1462.91  -97.51 (VIOLATED)
u_e.wA[1]$_DFFE_PP_/D (DFFHQNx1_ASAP7_75t_R) 1416.29 1513.76  -97.48 (VIOLATED)
u_e.wB[22]$_DFFE_PP_/D (DFFHQNx1_ASAP7_75t_R) 1412.99 1510.46  -97.47 (VIOLATED)
u_e.g_mac[0].g_tr2.u_tree.held[66][17]$_DFFE_PP_/D (DFFHQNx1_ASAP7_75t_R) 1366.98 1464.44  -97.46 (VIOLATED)
u_e.g_mac[0].g_tr2.u_tree.held[78][17]$_DFFE_PP_/D (DFFHQNx1_ASAP7_75t_R) 1366.89 1464.34  -97.44 (VIOLATED)
u_e.g_mac[0].g_tr2.u_tree.held[71][20]$_DFFE_PP_/D (DFFHQNx1_ASAP7_75t_R) 1365.25 1462.69  -97.43 (VIOLATED)
u_e.wA[37]$_DFFE_PP_/D (DFFHQNx1_ASAP7_75t_R) 1414.11 1511.52  -97.41 (VIOLATED)
u_e.g_mac[1].g_tr2.u_tree.held[66][7]$_DFFE_PP_/D (DFFHQNx1_ASAP7_75t_R) 1359.28 1456.65  -97.37 (VIOLATED)
u_e.wA[39]$_DFFE_PP_/D (DFFHQNx1_ASAP7_75t_R) 1427.03 1524.35  -97.32 (VIOLATED)
u_e.g_mac[0].g_tr2.u_tree.held[7][26]$_DFFE_PP_/D (DFFHQNx1_ASAP7_75t_R) 1364.27 1461.58  -97.31 (VIOLATED)
u_e.wB[0]$_DFFE_PP_/D (DFFHQNx1_ASAP7_75t_R) 1416.16 1513.43  -97.28 (VIOLATED)
u_e.g_mac[1].g_l2.u_l0.p2_c[28]$_DFF_P_/D (DFFHQNx1_ASAP7_75t_R) 1360.92 1458.18  -97.25 (VIOLATED)
u_e.g_mac[0].g_l2.u_l0.p0_we[3]$_DFF_P_/D (DFFHQNx1_ASAP7_75t_R) 1367.56 1464.80  -97.24 (VIOLATED)
u_e.g_mac[0].g_l2.u_l0.p1_p[30][5]$_DFF_P_/D (DFFHQNx1_ASAP7_75t_R) 1364.93 1462.15  -97.22 (VIOLATED)
u_e.g_mac[1].g_l2.u_l0.p0_wq[57]$_DFF_P_/D (DFFHQNx1_ASAP7_75t_R) 1381.76 1478.97  -97.22 (VIOLATED)
u_e.g_mac[0].g_tr2.u_tree.held[69][17]$_DFFE_PP_/D (DFFHQNx1_ASAP7_75t_R) 1366.79 1464.00  -97.21 (VIOLATED)
u_e.g_mac[0].g_l2.u_l0.p1_p[17][6]$_DFF_P_/D (DFFHQNx1_ASAP7_75t_R) 1377.88 1475.09  -97.21 (VIOLATED)
u_e.g_mac[0].g_tr2.u_tree.held[69][27]$_DFFE_PP_/D (DFFHQNx1_ASAP7_75t_R) 1368.60 1465.80  -97.20 (VIOLATED)
u_e.g_mac[0].g_tr2.u_tree.held[16][22]$_DFFE_PP_/D (DFFHQNx1_ASAP7_75t_R) 1355.57 1452.77  -97.20 (VIOLATED)
u_e.g_mac[1].g_l2.u_l0.p1_sh[8][2]$_DFF_P_/D (DFFHQNx1_ASAP7_75t_R) 1355.21 1452.39  -97.18 (VIOLATED)
u_e.g_mac[0].g_tr2.u_tree.held[16][24]$_DFFE_PP_/D (DFFHQNx1_ASAP7_75t_R) 1356.11 1453.25  -97.14 (VIOLATED)
u_e.g_mac[1].g_tr2.u_tree.held[38][17]$_DFFE_PP_/D (DFFHQNx1_ASAP7_75t_R) 1359.40 1456.50  -97.10 (VIOLATED)
u_e.g_mac[0].g_tr2.u_tree.herr[49]$_DFFE_PN0P_/D (DFFASRHQNx1_ASAP7_75t_R) 1350.48 1447.56  -97.08 (VIOLATED)
u_e.g_mac[0].g_tr2.u_tree.held[69][21]$_DFFE_PP_/D (DFFHQNx1_ASAP7_75t_R) 1369.31 1466.37  -97.06 (VIOLATED)
u_e.g_mac[0].g_tr2.u_tree.held[31][24]$_DFFE_PP_/D (DFFHQNx1_ASAP7_75t_R) 1368.50 1465.51  -97.01 (VIOLATED)
u_e.g_mac[0].g_tr2.u_tree.held[73][18]$_DFFE_PP_/D (DFFHQNx1_ASAP7_75t_R) 1361.09 1458.09  -97.00 (VIOLATED)
u_e.g_mac[0].g_tr2.u_tree.held[5][26]$_DFFE_PP_/D (DFFHQNx1_ASAP7_75t_R) 1355.39 1452.40  -97.00 (VIOLATED)
u_e.g_mac[0].g_l2.u_l0.p0_wq[223]$_SDFF_PP0_/D (DFFHQNx1_ASAP7_75t_R) 1392.44 1489.43  -96.99 (VIOLATED)
u_e.g_mac[0].g_tr2.u_tree.held[8][27]$_DFFE_PP_/D (DFFHQNx1_ASAP7_75t_R) 1368.54 1465.52  -96.99 (VIOLATED)
u_e.g_mac[0].g_tr2.u_tree.held[38][27]$_DFFE_PP_/D (DFFHQNx1_ASAP7_75t_R) 1355.91 1452.87  -96.95 (VIOLATED)
u_e.g_mac[0].g_tr2.u_tree.held[40][6]$_DFFE_PP_/D (DFFHQNx1_ASAP7_75t_R) 1365.37 1462.30  -96.94 (VIOLATED)
u_e.g_mac[0].g_tr2.u_tree.held[43][25]$_DFFE_PP_/D (DFFHQNx1_ASAP7_75t_R) 1365.73 1462.65  -96.92 (VIOLATED)
u_e.g_mac[0].g_tr2.u_tree.held[7][22]$_DFFE_PP_/D (DFFHQNx1_ASAP7_75t_R) 1363.78 1460.69  -96.91 (VIOLATED)
u_e.g_mac[0].g_tr2.u_tree.held[70][27]$_DFFE_PP_/D (DFFHQNx1_ASAP7_75t_R) 1365.89 1462.76  -96.88 (VIOLATED)
u_e.g_mac[0].g_tr2.u_tree.held[50][28]$_DFFE_PP_/D (DFFHQNx1_ASAP7_75t_R) 1363.46 1460.28  -96.83 (VIOLATED)
u_e.wA[3]$_DFFE_PP_/D (DFFHQNx1_ASAP7_75t_R) 1416.55 1513.37  -96.82 (VIOLATED)
u_e.g_mac[1].g_tr2.u_tree.held[58][14]$_DFFE_PP_/D (DFFHQNx1_ASAP7_75t_R) 1358.50 1455.31  -96.81 (VIOLATED)
u_e.g_mac[0].g_tr2.u_tree.x_above[6]$_DFF_P_/D (DFFHQNx1_ASAP7_75t_R) 1364.48 1461.19  -96.71 (VIOLATED)
u_e.g_mac[0].g_tr2.u_tree.held[33][26]$_DFFE_PP_/D (DFFHQNx1_ASAP7_75t_R) 1363.60 1460.23  -96.63 (VIOLATED)
u_e.g_mac[0].g_tr2.u_tree.held[8][21]$_DFFE_PP_/D (DFFHQNx1_ASAP7_75t_R) 1369.20 1465.80  -96.59 (VIOLATED)
u_e.g_mac[0].g_tr2.u_tree.held[8][22]$_DFFE_PP_/D (DFFHQNx1_ASAP7_75t_R) 1368.52 1465.11  -96.59 (VIOLATED)
u_e.g_mac[1].g_tr2.u_tree.held[51][13]$_DFFE_PP_/D (DFFHQNx1_ASAP7_75t_R) 1357.18 1453.71  -96.53 (VIOLATED)
u_e.g_mac[0].g_tr2.u_tree.held[43][21]$_DFFE_PP_/D (DFFHQNx1_ASAP7_75t_R) 1367.88 1464.38  -96.50 (VIOLATED)
u_e.g_mac[0].g_tr2.u_tree.held[43][19]$_DFFE_PP_/D (DFFHQNx1_ASAP7_75t_R) 1367.64 1464.13  -96.49 (VIOLATED)
u_e.g_mac[0].g_tr2.u_tree.held[50][26]$_DFFE_PP_/D (DFFHQNx1_ASAP7_75t_R) 1363.87 1460.36  -96.49 (VIOLATED)
u_e.g_mac[0].g_tr2.u_tree.held[50][24]$_DFFE_PP_/D (DFFHQNx1_ASAP7_75t_R) 1363.51 1459.99  -96.48 (VIOLATED)
u_e.g_mac[0].g_tr2.u_tree.herr[43]$_DFFE_PN0P_/D (DFFASRHQNx1_ASAP7_75t_R) 1350.84 1447.29  -96.45 (VIOLATED)
u_e.g_mac[1].g_tr2.u_tree.held[62][21]$_DFFE_PP_/D (DFFHQNx1_ASAP7_75t_R) 1373.42 1469.86  -96.44 (VIOLATED)
u_e.g_mac[0].g_tr2.u_tree.held[71][14]$_DFFE_PP_/D (DFFHQNx1_ASAP7_75t_R) 1365.90 1462.30  -96.40 (VIOLATED)
u_e.g_mac[1].g_tr2.u_tree.held[8][17]$_DFFE_PP_/D (DFFHQNx1_ASAP7_75t_R) 1359.29 1455.69  -96.40 (VIOLATED)
u_e.g_mac[0].g_tr2.u_tree.held[10][19]$_DFFE_PP_/D (DFFHQNx1_ASAP7_75t_R) 1359.89 1456.28  -96.39 (VIOLATED)
u_e.g_mac[0].g_tr2.u_tree.held[73][15]$_DFFE_PP_/D (DFFHQNx1_ASAP7_75t_R) 1360.13 1456.51  -96.38 (VIOLATED)
u_e.g_mac[0].g_tr2.u_tree.held[12][30]$_DFFE_PP_/D (DFFHQNx1_ASAP7_75t_R) 1368.09 1464.44  -96.35 (VIOLATED)
u_e.wB[1]$_DFFE_PP_/D (DFFHQNx1_ASAP7_75t_R) 1416.89 1513.23  -96.34 (VIOLATED)
u_e.g_mac[1].g_l2.u_l0.p0_wq[65]$_DFF_P_/D (DFFHQNx2_ASAP7_75t_R) 1392.87 1489.13  -96.27 (VIOLATED)
u_e.g_mac[1].g_tr2.u_tree.held[30][17]$_DFFE_PP_/D (DFFHQNx1_ASAP7_75t_R) 1383.13 1479.39  -96.26 (VIOLATED)
u_e.g_mac[0].g_tr2.u_tree.held[5][22]$_DFFE_PP_/D (DFFHQNx1_ASAP7_75t_R) 1355.70 1451.96  -96.26 (VIOLATED)
u_e.g_mac[0].g_tr2.u_tree.held[63][19]$_DFFE_PP_/D (DFFHQNx1_ASAP7_75t_R) 1369.46 1465.72  -96.26 (VIOLATED)
u_e.g_mac[0].g_tr2.u_tree.herr[7]$_DFFE_PN0P_/D (DFFASRHQNx1_ASAP7_75t_R) 1354.70 1450.95  -96.25 (VIOLATED)
u_e.g_mac[0].g_tr2.u_tree.held[69][19]$_DFFE_PP_/D (DFFHQNx1_ASAP7_75t_R) 1367.44 1463.69  -96.25 (VIOLATED)
u_e.g_mac[0].g_tr2.u_tree.held[50][19]$_DFFE_PP_/D (DFFHQNx1_ASAP7_75t_R) 1357.37 1453.62  -96.25 (VIOLATED)
u_e.g_mac[1].g_tr2.u_tree.held[68][14]$_DFFE_PP_/D (DFFHQNx1_ASAP7_75t_R) 1379.66 1475.88  -96.22 (VIOLATED)
u_e.g_mac[0].g_tr2.u_tree.held[6][27]$_DFFE_PP_/D (DFFHQNx1_ASAP7_75t_R) 1355.53 1451.74  -96.20 (VIOLATED)
u_e.g_mac[0].g_tr2.u_tree.held[63][17]$_DFFE_PP_/D (DFFHQNx1_ASAP7_75t_R) 1368.93 1465.13  -96.20 (VIOLATED)
u_e.g_qt_hit.g_hc[1].d_c[0]$_DFFE_PP_/D (DFFHQNx1_ASAP7_75t_R) 1405.29 1501.48  -96.19 (VIOLATED)
u_e.g_mac[0].g_l2.u_l0.p1_p[29][7]$_DFF_P_/D (DFFHQNx1_ASAP7_75t_R) 1370.58 1466.74  -96.16 (VIOLATED)
u_e.g_mac[1].g_tr2.u_tree.held[62][23]$_DFFE_PP_/D (DFFHQNx1_ASAP7_75t_R) 1373.77 1469.92  -96.15 (VIOLATED)
u_e.g_mac[1].g_l2.u_l0.p0_wq[97]$_DFF_P_/D (DFFHQNx1_ASAP7_75t_R) 1358.47 1454.61  -96.14 (VIOLATED)
u_e.g_mac[0].g_l2.u_l1.p0_wq[210]$_DFF_P_/D (DFFHQNx1_ASAP7_75t_R) 1380.21 1476.29  -96.08 (VIOLATED)
u_e.g_mac[0].g_tr2.u_tree.held[75][26]$_DFFE_PP_/D (DFFHQNx1_ASAP7_75t_R) 1364.76 1460.81  -96.05 (VIOLATED)
u_e.g_mac[0].g_tr2.u_tree.held[43][16]$_DFFE_PP_/D (DFFHQNx1_ASAP7_75t_R) 1367.42 1463.47  -96.04 (VIOLATED)
u_e.g_mac[1].g_ch2.u_c1.u_add.u_c8.g_r.r[11]$_DFF_P_/D (DFFHQNx2_ASAP7_75t_R) 1362.39 1458.39  -96.00 (VIOLATED)
u_e.g_mac[0].g_tr2.u_tree.held[19][26]$_DFFE_PP_/D (DFFHQNx1_ASAP7_75t_R) 1360.62 1456.59  -95.97 (VIOLATED)
u_e.g_mac[1].g_tr2.u_tree.held[70][10]$_DFFE_PP_/D (DFFHQNx1_ASAP7_75t_R) 1358.07 1454.04  -95.97 (VIOLATED)
u_e.g_mac[1].g_tr2.u_tree.held[70][31]$_DFFE_PP_/D (DFFHQNx1_ASAP7_75t_R) 1358.17 1454.13  -95.96 (VIOLATED)
u_e.g_mac[1].g_tr2.u_tree.held[51][10]$_DFFE_PP_/D (DFFHQNx1_ASAP7_75t_R) 1358.00 1453.95  -95.95 (VIOLATED)
u_e.g_mac[0].g_tr2.u_tree.held[60][0]$_DFFE_PP_/D (DFFHQNx1_ASAP7_75t_R) 1366.47 1462.41  -95.94 (VIOLATED)
u_e.nB[11]$_DFFE_PP_/D (DFFHQNx1_ASAP7_75t_R) 1399.79 1495.72  -95.93 (VIOLATED)
u_e.g_mac[1].g_l2.u_l0.p2_c[72]$_DFF_P_/D (DFFHQNx1_ASAP7_75t_R) 1350.58 1446.48  -95.90 (VIOLATED)
u_e.g_mac[1].g_l2.u_l0.p0_wq[51]$_DFF_P_/D (DFFHQNx1_ASAP7_75t_R) 1371.91 1467.80  -95.90 (VIOLATED)
u_e.g_mac[0].g_tr2.u_tree.held[75][28]$_DFFE_PP_/D (DFFHQNx1_ASAP7_75t_R) 1356.61 1452.44  -95.83 (VIOLATED)
u_e.g_mac[0].g_l2.u_l0.p1_p[27][4]$_DFF_P_/D (DFFHQNx1_ASAP7_75t_R) 1380.46 1476.28  -95.82 (VIOLATED)
u_e.g_mac[0].g_tr2.u_tree.held[72][26]$_DFFE_PP_/D (DFFHQNx1_ASAP7_75t_R) 1363.70 1459.51  -95.82 (VIOLATED)
u_e.g_mac[1].g_tr2.u_tree.held[21][4]$_DFFE_PP_/D (DFFHQNx1_ASAP7_75t_R) 1361.27 1457.09  -95.82 (VIOLATED)
u_e.g_mac[0].g_tr2.u_tree.herr[53]$_DFFE_PN0P_/D (DFFASRHQNx1_ASAP7_75t_R) 1350.37 1446.18  -95.81 (VIOLATED)
u_e.g_mac[0].g_tr2.u_tree.held[66][13]$_DFFE_PP_/D (DFFHQNx1_ASAP7_75t_R) 1367.52 1463.32  -95.79 (VIOLATED)
u_e.g_mac[0].g_tr2.u_tree.held[64][20]$_DFFE_PP_/D (DFFHQNx1_ASAP7_75t_R) 1366.13 1461.92  -95.79 (VIOLATED)
u_e.g_mac[0].g_tr2.u_tree.held[74][24]$_DFFE_PP_/D (DFFHQNx1_ASAP7_75t_R) 1356.44 1452.21  -95.77 (VIOLATED)
u_e.g_mac[0].g_tr2.u_tree.x_above[78]$_DFF_P_/D (DFFHQNx1_ASAP7_75t_R) 1368.09 1463.83  -95.74 (VIOLATED)
u_e.g_mac[0].g_tr2.u_tree.held[74][22]$_DFFE_PP_/D (DFFHQNx1_ASAP7_75t_R) 1356.53 1452.23  -95.70 (VIOLATED)
u_e.g_mac[0].g_tr2.u_tree.held[64][29]$_DFFE_PP_/D (DFFHQNx1_ASAP7_75t_R) 1365.05 1460.75  -95.70 (VIOLATED)
u_e.n_q[1]$_SDFFCE_PP0P_/D (DFFHQNx1_ASAP7_75t_R) 1398.11 1493.80  -95.69 (VIOLATED)
u_e.g_mac[0].g_ch2.u_c1.u_add.u_c0.g_r.r[28]$_SDFF_PP0_/D (DFFHQNx1_ASAP7_75t_R) 1366.75 1462.44  -95.69 (VIOLATED)
u_e.g_mac[0].g_tr2.u_tree.held[40][9]$_DFFE_PP_/D (DFFHQNx1_ASAP7_75t_R) 1366.25 1461.92  -95.67 (VIOLATED)
u_e.g_mac[0].g_tr2.u_tree.held[1][21]$_DFFE_PP_/D (DFFHQNx1_ASAP7_75t_R) 1361.47 1457.13  -95.66 (VIOLATED)
u_e.g_mac[0].g_tr2.u_tree.held[43][13]$_DFFE_PP_/D (DFFHQNx1_ASAP7_75t_R) 1366.65 1462.28  -95.64 (VIOLATED)
u_e.g_mac[1].g_l2.u_l0.p1_p[1][5]$_DFF_P_/D (DFFHQNx1_ASAP7_75t_R) 1372.18 1467.79  -95.62 (VIOLATED)
u_e.g_mac[1].g_tr2.u_tree.held[70][2]$_DFFE_PP_/D (DFFHQNx1_ASAP7_75t_R) 1358.42 1453.97  -95.55 (VIOLATED)
u_e.g_mac[0].g_tr2.u_tree.held[75][17]$_DFFE_PP_/D (DFFHQNx1_ASAP7_75t_R) 1365.59 1461.12  -95.53 (VIOLATED)
u_e.g_mac[0].g_tr2.u_tree.held[68][26]$_DFFE_PP_/D (DFFHQNx1_ASAP7_75t_R) 1368.59 1464.12  -95.53 (VIOLATED)
u_e.g_mac[0].g_tr2.u_tree.held[72][24]$_DFFE_PP_/D (DFFHQNx1_ASAP7_75t_R) 1363.90 1459.40  -95.51 (VIOLATED)
u_e.g_mac[0].g_tr2.u_tree.held[74][28]$_DFFE_PP_/D (DFFHQNx1_ASAP7_75t_R) 1357.02 1452.50  -95.48 (VIOLATED)
u_e.g_mac[0].g_tr2.u_tree.held[63][26]$_DFFE_PP_/D (DFFHQNx1_ASAP7_75t_R) 1363.64 1459.10  -95.46 (VIOLATED)
u_e.g_mac[0].g_tr2.u_tree.held[69][15]$_DFFE_PP_/D (DFFHQNx1_ASAP7_75t_R) 1369.05 1464.47  -95.42 (VIOLATED)
u_e.g_mac[0].g_tr2.u_tree.held[39][22]$_DFFE_PP_/D (DFFHQNx1_ASAP7_75t_R) 1356.08 1451.49  -95.41 (VIOLATED)
u_e.g_mac[0].g_tr2.u_tree.herr[78]$_DFFE_PN0P_/D (DFFASRHQNx1_ASAP7_75t_R) 1350.69 1446.09  -95.40 (VIOLATED)
u_e.g_mac[1].g_l2.u_l0.p1_sh[28][3]$_DFF_P_/D (DFFHQNx2_ASAP7_75t_R) 1362.49 1457.86  -95.37 (VIOLATED)
u_e.g_mac[0].g_tr2.u_tree.held[53][22]$_DFFE_PP_/D (DFFHQNx1_ASAP7_75t_R) 1356.16 1451.41  -95.25 (VIOLATED)
u_e.nB[4]$_DFFE_PP_/D (DFFHQNx1_ASAP7_75t_R) 1384.83 1480.02  -95.19 (VIOLATED)
u_e.g_mac[0].g_tr2.u_tree.held[21][20]$_DFFE_PP_/D (DFFHQNx1_ASAP7_75t_R) 1366.54 1461.70  -95.16 (VIOLATED)
u_e.g_mac[1].g_l2.u_l0.p1_p[20][4]$_DFF_P_/D (DFFHQNx1_ASAP7_75t_R) 1358.85 1453.99  -95.15 (VIOLATED)
u_e.g_mac[0].g_l2.u_l0.p1_p[17][7]$_DFF_P_/D (DFFHQNx1_ASAP7_75t_R) 1361.65 1456.78  -95.13 (VIOLATED)
u_e.g_mac[1].g_tr2.u_tree.held[8][23]$_DFFE_PP_/D (DFFHQNx1_ASAP7_75t_R) 1359.70 1454.83  -95.13 (VIOLATED)
u_e.g_mac[0].g_tr2.u_tree.held[0][21]$_DFFE_PP_/D (DFFHQNx1_ASAP7_75t_R) 1361.61 1456.71  -95.10 (VIOLATED)
u_e.g_mac[0].g_tr2.u_tree.held[60][26]$_DFFE_PP_/D (DFFHQNx1_ASAP7_75t_R) 1356.58 1451.68  -95.10 (VIOLATED)
u_e.g_mac[0].g_tr2.u_tree.held[37][15]$_DFFE_PP_/D (DFFHQNx1_ASAP7_75t_R) 1361.97 1457.01  -95.04 (VIOLATED)
u_e.g_mac[0].g_tr2.u_tree.held[74][26]$_DFFE_PP_/D (DFFHQNx1_ASAP7_75t_R) 1356.81 1451.85  -95.04 (VIOLATED)
u_e.g_mac[1].g_l2.u_l0.p1_p[8][5]$_DFF_P_/D (DFFHQNx1_ASAP7_75t_R) 1376.78 1471.77  -94.99 (VIOLATED)
u_e.g_mac[0].g_tr2.u_tree.held[1][24]$_DFFE_PP_/D (DFFHQNx1_ASAP7_75t_R) 1363.84 1458.83  -94.99 (VIOLATED)
u_e.g_mac[1].g_tr2.u_tree.held[77][9]$_DFFE_PP_/D (DFFHQNx1_ASAP7_75t_R) 1357.68 1452.65  -94.98 (VIOLATED)
u_e.g_mac[0].g_l2.u_l0.p2_c[20]$_DFF_P_/D (DFFHQNx1_ASAP7_75t_R) 1347.99 1442.93  -94.94 (VIOLATED)
u_e.g_mac[0].g_tr2.u_tree.held[40][26]$_DFFE_PP_/D (DFFHQNx1_ASAP7_75t_R) 1357.45 1452.34  -94.89 (VIOLATED)
u_e.g_mac[0].g_tr2.u_tree.held[78][22]$_DFFE_PP_/D (DFFHQNx1_ASAP7_75t_R) 1368.88 1463.75  -94.87 (VIOLATED)
u_e.g_mac[1].g_tr2.u_tree.held[58][9]$_DFFE_PP_/D (DFFHQNx1_ASAP7_75t_R) 1357.96 1452.76  -94.79 (VIOLATED)
u_e.g_mac[0].g_tr2.u_tree.held[19][15]$_DFFE_PP_/D (DFFHQNx1_ASAP7_75t_R) 1365.07 1459.85  -94.78 (VIOLATED)
u_e.g_mac[0].g_tr2.u_tree.held[12][19]$_DFFE_PP_/D (DFFHQNx1_ASAP7_75t_R) 1367.72 1462.48  -94.76 (VIOLATED)
u_e.g_mac[0].g_l2.u_l0.p1_p[29][6]$_DFF_P_/D (DFFHQNx1_ASAP7_75t_R) 1372.74 1467.49  -94.75 (VIOLATED)
u_e.g_mac[0].g_l2.u_l0.p2_c[25]$_DFF_P_/D (DFFHQNx1_ASAP7_75t_R) 1349.31 1444.05  -94.74 (VIOLATED)
u_e.g_mac[0].g_tr2.u_tree.held[60][28]$_DFFE_PP_/D (DFFHQNx1_ASAP7_75t_R) 1356.58 1451.31  -94.73 (VIOLATED)
u_e.g_mac[1].g_l2.u_l0.p2_c[9]$_DFF_P_/D (DFFHQNx1_ASAP7_75t_R) 1350.99 1445.69  -94.70 (VIOLATED)
u_e.g_mac[0].g_tr2.u_tree.held[37][24]$_DFFE_PP_/D (DFFHQNx1_ASAP7_75t_R) 1363.95 1458.64  -94.69 (VIOLATED)
u_e.g_mac[0].g_tr2.u_tree.held[0][30]$_DFFE_PP_/D (DFFHQNx1_ASAP7_75t_R) 1362.20 1456.88  -94.68 (VIOLATED)
u_e.g_mac[0].g_tr2.u_tree.held[5][9]$_DFFE_PP_/D (DFFHQNx1_ASAP7_75t_R) 1365.74 1460.41  -94.68 (VIOLATED)
u_e.g_mac[0].g_tr2.u_tree.held[5][28]$_DFFE_PP_/D (DFFHQNx1_ASAP7_75t_R) 1357.59 1452.23  -94.64 (VIOLATED)
u_e.g_mac[0].g_tr2.u_tree.held[5][23]$_DFFE_PP_/D (DFFHQNx1_ASAP7_75t_R) 1357.51 1452.14  -94.63 (VIOLATED)
u_e.g_mac[0].g_tr2.u_tree.held[78][21]$_DFFE_PP_/D (DFFHQNx1_ASAP7_75t_R) 1369.63 1464.26  -94.63 (VIOLATED)
u_e.nB[6]$_DFFE_PP_/D (DFFHQNx1_ASAP7_75t_R) 1396.06 1490.65  -94.58 (VIOLATED)
u_e.g_mac[0].g_tr2.u_tree.held[36][29]$_DFFE_PP_/D (DFFHQNx1_ASAP7_75t_R) 1363.99 1458.50  -94.51 (VIOLATED)
u_e.g_mac[0].g_tr2.u_tree.held[50][15]$_DFFE_PP_/D (DFFHQNx1_ASAP7_75t_R) 1359.77 1454.22  -94.45 (VIOLATED)
u_e.g_mac[0].g_tr2.u_tree.held[35][25]$_DFFE_PP_/D (DFFHQNx1_ASAP7_75t_R) 1365.47 1459.88  -94.42 (VIOLATED)
u_e.g_mac[0].g_tr2.u_tree.held[59][26]$_DFFE_PP_/D (DFFHQNx1_ASAP7_75t_R) 1357.40 1451.80  -94.40 (VIOLATED)
u_e.g_mac[0].g_tr2.u_tree.held[19][30]$_DFFE_PP_/D (DFFHQNx1_ASAP7_75t_R) 1365.78 1460.14  -94.36 (VIOLATED)
u_e.g_mac[0].g_tr2.u_tree.held[53][24]$_DFFE_PP_/D (DFFHQNx1_ASAP7_75t_R) 1356.89 1451.24  -94.35 (VIOLATED)
u_e.g_mac[1].g_tr2.u_tree.held[51][9]$_DFFE_PP_/D (DFFHQNx1_ASAP7_75t_R) 1357.82 1452.16  -94.34 (VIOLATED)
u_e.g_mac[0].g_tr2.u_tree.held[73][20]$_DFFE_PP_/D (DFFHQNx1_ASAP7_75t_R) 1361.12 1455.45  -94.33 (VIOLATED)
u_e.g_mac[0].g_tr2.u_tree.held[37][21]$_DFFE_PP_/D (DFFHQNx1_ASAP7_75t_R) 1362.71 1457.04  -94.32 (VIOLATED)
u_e.g_mac[0].g_l2.u_l0.p1_p[16][4]$_DFF_P_/D (DFFHQNx1_ASAP7_75t_R) 1359.31 1453.59  -94.27 (VIOLATED)
u_e.g_mac[0].g_l2.u_l0.p2_c[4]$_DFF_P_/D (DFFHQNx1_ASAP7_75t_R) 1351.75 1446.02  -94.26 (VIOLATED)
u_e.g_mac[0].g_tr2.u_tree.held[33][22]$_DFFE_PP_/D (DFFHQNx1_ASAP7_75t_R) 1365.32 1459.56  -94.24 (VIOLATED)
u_e.g_mac[0].g_tr2.u_tree.held[53][28]$_DFFE_PP_/D (DFFHQNx1_ASAP7_75t_R) 1356.20 1450.43  -94.23 (VIOLATED)
u_e.g_mac[0].g_tr2.u_tree.held[68][19]$_DFFE_PP_/D (DFFHQNx1_ASAP7_75t_R) 1369.10 1463.25  -94.15 (VIOLATED)
u_e.g_qt_hit.g_hc[0].d_pos[1]$_SDFFE_PP0P_/D (DFFHQNx1_ASAP7_75t_R) 1401.58 1495.73  -94.15 (VIOLATED)
u_e.g_mac[0].g_tr2.u_tree.herr[14]$_DFFE_PN0P_/D (DFFASRHQNx1_ASAP7_75t_R) 1351.56 1445.68  -94.13 (VIOLATED)
u_e.g_mac[0].g_tr2.u_tree.held[8][29]$_DFFE_PP_/D (DFFHQNx1_ASAP7_75t_R) 1364.81 1458.93  -94.13 (VIOLATED)
u_e.g_mac[0].g_tr2.u_tree.held[11][18]$_DFFE_PP_/D (DFFHQNx1_ASAP7_75t_R) 1368.40 1462.51  -94.11 (VIOLATED)
u_e.g_mac[0].g_tr2.u_tree.held[27][30]$_DFFE_PP_/D (DFFHQNx1_ASAP7_75t_R) 1359.90 1453.94  -94.05 (VIOLATED)
u_e.g_mac[1].g_l2.u_l0.p1_p[9][4]$_DFF_P_/D (DFFHQNx1_ASAP7_75t_R) 1361.44 1455.39  -93.95 (VIOLATED)
u_e.g_mac[1].g_ch2.u_c1.u_add.u_c0.g_r.r[0]$_SDFF_PP0_/D (DFFHQNx1_ASAP7_75t_R) 1358.04 1451.97  -93.93 (VIOLATED)
u_e.g_mac[0].g_tr2.u_tree.held[53][26]$_DFFE_PP_/D (DFFHQNx1_ASAP7_75t_R) 1356.63 1450.52  -93.88 (VIOLATED)
u_e.g_mac[0].g_l2.u_l0.p1_p[0][4]$_DFF_P_/D (DFFHQNx1_ASAP7_75t_R) 1380.82 1474.67  -93.85 (VIOLATED)
u_e.g_mac[0].g_tr2.u_tree.herr[75]$_DFFE_PN0P_/D (DFFASRHQNx1_ASAP7_75t_R) 1351.31 1445.15  -93.85 (VIOLATED)
u_e.n_q[0]$_SDFFCE_PP0P_/D (DFFHQNx2_ASAP7_75t_R) 1400.30 1494.13  -93.84 (VIOLATED)
u_e.g_mac[1].g_l2.u_l0.p1_p[25][4]$_DFF_P_/D (DFFHQNx1_ASAP7_75t_R) 1364.43 1458.24  -93.81 (VIOLATED)
u_e.nA[35]$_DFFE_PP_/D (DFFHQNx1_ASAP7_75t_R) 1410.39 1504.16  -93.77 (VIOLATED)
u_e.wB[36]$_DFFE_PP_/D (DFFHQNx1_ASAP7_75t_R) 1429.33 1523.03  -93.70 (VIOLATED)
u_e.g_mac[0].g_tr2.u_tree.herr[47]$_DFFE_PN0P_/D (DFFASRHQNx1_ASAP7_75t_R) 1350.61 1444.30  -93.70 (VIOLATED)
u_e.wA[21]$_DFFE_PP_/D (DFFHQNx1_ASAP7_75t_R) 1410.44 1504.08  -93.64 (VIOLATED)
u_e.g_mac[1].g_tr2.u_tree.held[69][13]$_DFFE_PP_/D (DFFHQNx1_ASAP7_75t_R) 1371.52 1465.16  -93.64 (VIOLATED)
u_e.g_mac[0].g_tr2.u_tree.held[19][17]$_DFFE_PP_/D (DFFHQNx1_ASAP7_75t_R) 1366.12 1459.76  -93.64 (VIOLATED)
u_e.g_mac[0].g_tr2.u_tree.held[12][27]$_DFFE_PP_/D (DFFHQNx1_ASAP7_75t_R) 1367.99 1461.61  -93.63 (VIOLATED)
u_e.wB[37]$_DFFE_PP_/D (DFFHQNx1_ASAP7_75t_R) 1429.17 1522.75  -93.58 (VIOLATED)
u_e.g_mac[1].g_tr2.u_tree.held[36][2]$_DFFE_PP_/D (DFFHQNx1_ASAP7_75t_R) 1357.99 1451.57  -93.58 (VIOLATED)
u_e.g_mac[1].g_l2.u_l0.p0_wq[153]$_DFF_P_/D (DFFHQNx1_ASAP7_75t_R) 1360.75 1454.33  -93.58 (VIOLATED)
u_e.g_mac[0].g_tr2.u_tree.held[37][26]$_DFFE_PP_/D (DFFHQNx1_ASAP7_75t_R) 1364.30 1457.86  -93.56 (VIOLATED)
u_e.g_mac[1].g_l2.u_l1.p0_wq[105]$_DFF_P_/D (DFFHQNx1_ASAP7_75t_R) 1355.87 1449.42  -93.55 (VIOLATED)
u_e.g_mac[0].g_tr2.u_tree.held[62][21]$_DFFE_PP_/D (DFFHQNx1_ASAP7_75t_R) 1370.03 1463.58  -93.54 (VIOLATED)
u_e.g_mac[1].g_l2.u_l0.p0_wq[96]$_DFF_P_/D (DFFHQNx1_ASAP7_75t_R) 1367.92 1461.41  -93.49 (VIOLATED)
u_e.g_mac[0].g_tr2.u_tree.held[33][27]$_DFFE_PP_/D (DFFHQNx1_ASAP7_75t_R) 1365.85 1459.33  -93.49 (VIOLATED)
u_e.g_mac[0].g_l2.u_l0.p2_c[96]$_DFF_P_/D (DFFHQNx1_ASAP7_75t_R) 1375.99 1469.43  -93.44 (VIOLATED)
u_e.g_mac[1].g_tr2.u_tree.infl[1][1]$_DFF_PN0_/D (DFFASRHQNx1_ASAP7_75t_R) 1372.12 1465.55  -93.43 (VIOLATED)
u_e.g_mac[1].g_tr2.u_tree.held[58][16]$_DFFE_PP_/D (DFFHQNx1_ASAP7_75t_R) 1357.55 1450.97  -93.43 (VIOLATED)
u_e.g_mac[0].g_tr2.u_tree.held[69][18]$_DFFE_PP_/D (DFFHQNx1_ASAP7_75t_R) 1368.86 1462.27  -93.41 (VIOLATED)
u_e.g_mac[0].g_tr2.u_tree.herr[67]$_DFFE_PN0P_/D (DFFASRHQNx1_ASAP7_75t_R) 1350.32 1443.73  -93.41 (VIOLATED)
u_e.g_mac[1].g_l2.u_l0.p2_c[35]$_DFF_P_/D (DFFHQNx1_ASAP7_75t_R) 1347.65 1441.01  -93.36 (VIOLATED)
u_e.g_mac[0].g_tr2.u_tree.held[37][27]$_DFFE_PP_/D (DFFHQNx1_ASAP7_75t_R) 1364.18 1457.54  -93.36 (VIOLATED)
u_e.g_mac[0].g_tr2.u_tree.held[1][26]$_DFFE_PP_/D (DFFHQNx1_ASAP7_75t_R) 1367.10 1460.43  -93.33 (VIOLATED)
u_e.g_mac[0].g_tr2.u_tree.held[5][14]$_DFFE_PP_/D (DFFHQNx1_ASAP7_75t_R) 1365.95 1459.23  -93.27 (VIOLATED)
u_e.g_mac[1].g_l2.u_l0.p1_p[31][4]$_DFF_P_/D (DFFHQNx1_ASAP7_75t_R) 1365.45 1458.71  -93.27 (VIOLATED)
u_e.wB[39]$_DFFE_PP_/D (DFFHQNx1_ASAP7_75t_R) 1429.19 1522.46  -93.27 (VIOLATED)
u_e.g_mac[0].g_tr2.u_tree.herr[74]$_DFFE_PN0P_/D (DFFASRHQNx1_ASAP7_75t_R) 1350.70 1443.96  -93.26 (VIOLATED)
u_e.g_mac[0].g_l2.u_l0.p1_p[13][4]$_DFF_P_/D (DFFHQNx1_ASAP7_75t_R) 1360.55 1453.80  -93.25 (VIOLATED)
u_e.wB[4]$_DFFE_PP_/D (DFFHQNx1_ASAP7_75t_R) 1428.79 1522.01  -93.22 (VIOLATED)
u_e.g_mac[0].g_ch2.u_c1.u_add.u_c0.g_r.r[13]$_SDFF_PP0_/D (DFFHQNx1_ASAP7_75t_R) 1368.67 1461.86  -93.19 (VIOLATED)
u_e.g_mac[0].g_tr2.u_tree.held[33][15]$_DFFE_PP_/D (DFFHQNx1_ASAP7_75t_R) 1360.11 1453.28  -93.17 (VIOLATED)
u_e.g_mac[0].g_l2.u_l0.p2_c[19]$_DFF_P_/D (DFFHQNx1_ASAP7_75t_R) 1348.16 1441.32  -93.16 (VIOLATED)
u_e.g_mac[0].g_tr2.u_tree.held[35][6]$_DFFE_PP_/D (DFFHQNx1_ASAP7_75t_R) 1366.26 1459.39  -93.13 (VIOLATED)
u_e.g_qt_hit.g_hc[0].d_run$_DFFE_PN0P_/D (DFFASRHQNx1_ASAP7_75t_R) 1389.12 1482.18  -93.06 (VIOLATED)
u_e.g_mac[0].g_tr2.u_tree.herr[69]$_DFFE_PN0P_/D (DFFASRHQNx1_ASAP7_75t_R) 1355.45 1448.49  -93.04 (VIOLATED)
u_e.g_mac[0].g_tr2.u_tree.held[63][27]$_DFFE_PP_/D (DFFHQNx1_ASAP7_75t_R) 1364.26 1457.30  -93.03 (VIOLATED)
u_e.nA[12]$_DFFE_PP_/D (DFFHQNx1_ASAP7_75t_R) 1424.87 1517.87  -93.00 (VIOLATED)
u_e.g_mac[0].g_tr2.u_tree.held[37][30]$_DFFE_PP_/D (DFFHQNx1_ASAP7_75t_R) 1364.29 1457.28  -92.98 (VIOLATED)
u_e.g_mac[1].g_l2.u_l0.p1_p[5][8]$_SDFF_PN0_/D (DFFHQNx1_ASAP7_75t_R) 1401.11 1494.05  -92.94 (VIOLATED)
u_e.g_mac[0].g_tr2.u_tree.held[37][13]$_DFFE_PP_/D (DFFHQNx1_ASAP7_75t_R) 1365.98 1458.87  -92.89 (VIOLATED)
u_e.g_mac[1].g_tr2.u_tree.infl[11][0]$_DFF_PN0_/D (DFFASRHQNx1_ASAP7_75t_R) 1357.42 1450.21  -92.79 (VIOLATED)
u_e.g_mac[0].g_tr2.u_tree.held[11][15]$_DFFE_PP_/D (DFFHQNx1_ASAP7_75t_R) 1368.28 1461.05  -92.77 (VIOLATED)
u_e.g_mac[1].g_l2.u_l0.p2_c[8]$_DFF_P_/D (DFFHQNx1_ASAP7_75t_R) 1349.54 1442.30  -92.76 (VIOLATED)
u_e.g_qt_hit.g_hc[0].d_j[2]$_SDFFE_PP0P_/D (DFFHQNx1_ASAP7_75t_R) 1412.42 1505.17  -92.76 (VIOLATED)
u_e.wB[28]$_DFFE_PP_/D (DFFHQNx1_ASAP7_75t_R) 1431.38 1524.05  -92.68 (VIOLATED)
u_e.wA[38]$_DFFE_PP_/D (DFFHQNx1_ASAP7_75t_R) 1416.31 1508.95  -92.65 (VIOLATED)
u_e.g_mac[1].g_tr2.u_tree.add_b[14]$_SDFF_PN0_/D (DFFHQNx1_ASAP7_75t_R) 1374.13 1466.77  -92.64 (VIOLATED)
u_e.g_mac[0].g_tr2.u_tree.held[78][24]$_DFFE_PP_/D (DFFHQNx1_ASAP7_75t_R) 1364.06 1456.69  -92.63 (VIOLATED)
u_e.g_mac[0].g_tr2.u_tree.held[31][27]$_DFFE_PP_/D (DFFHQNx1_ASAP7_75t_R) 1368.79 1461.39  -92.60 (VIOLATED)
u_e.g_mac[0].g_l2.u_l0.p0_wq[56]$_DFF_P_/D (DFFHQNx2_ASAP7_75t_R) 1368.48 1461.07  -92.58 (VIOLATED)
u_e.g_mac[1].g_l2.u_l0.p0_wq[81]$_DFF_P_/D (DFFHQNx2_ASAP7_75t_R) 1372.43 1464.99  -92.56 (VIOLATED)
u_e.g_mac[0].g_tr2.u_tree.held[37][18]$_DFFE_PP_/D (DFFHQNx1_ASAP7_75t_R) 1365.98 1458.52  -92.55 (VIOLATED)
u_e.wA[6]$_DFFE_PP_/D (DFFHQNx1_ASAP7_75t_R) 1408.98 1501.51  -92.53 (VIOLATED)
u_e.g_mac[0].g_tr2.u_tree.held[75][19]$_DFFE_PP_/D (DFFHQNx1_ASAP7_75t_R) 1360.67 1453.15  -92.48 (VIOLATED)
u_e.g_mac[1].g_l2.u_l0.p1_sh[13][3]$_DFF_P_/D (DFFHQNx1_ASAP7_75t_R) 1364.20 1456.68  -92.48 (VIOLATED)
u_e.g_mac[0].g_tr2.u_tree.held[74][23]$_DFFE_PP_/D (DFFHQNx1_ASAP7_75t_R) 1358.32 1450.78  -92.46 (VIOLATED)
u_e.g_mac[0].g_tr2.u_tree.held[35][0]$_DFFE_PP_/D (DFFHQNx1_ASAP7_75t_R) 1366.59 1459.06  -92.46 (VIOLATED)
u_e.g_mac[0].g_tr2.u_tree.held[39][28]$_DFFE_PP_/D (DFFHQNx1_ASAP7_75t_R) 1359.46 1451.91  -92.44 (VIOLATED)
u_e.wB[38]$_DFFE_PP_/D (DFFHQNx1_ASAP7_75t_R) 1431.32 1523.74  -92.42 (VIOLATED)
u_e.g_mac[0].g_l2.u_l1.p0_wq[178]$_DFF_P_/D (DFFHQNx1_ASAP7_75t_R) 1379.19 1471.59  -92.40 (VIOLATED)
u_e.g_mac[0].g_tr2.u_tree.held[11][22]$_DFFE_PP_/D (DFFHQNx1_ASAP7_75t_R) 1368.91 1461.31  -92.39 (VIOLATED)
u_e.g_mac[1].g_l2.u_l0.p2_c[73]$_DFF_P_/D (DFFHQNx1_ASAP7_75t_R) 1350.73 1443.09  -92.36 (VIOLATED)
u_e.g_mac[0].g_l2.u_l0.p0_wq[224]$_DFF_P_/D (DFFHQNx1_ASAP7_75t_R) 1381.76 1474.11  -92.35 (VIOLATED)
u_e.g_mac[0].g_tr2.u_tree.held[27][24]$_DFFE_PP_/D (DFFHQNx1_ASAP7_75t_R) 1364.99 1457.29  -92.30 (VIOLATED)
u_e.g_mac[0].g_tr2.u_tree.held[50][30]$_DFFE_PP_/D (DFFHQNx1_ASAP7_75t_R) 1359.77 1452.01  -92.25 (VIOLATED)
u_e.g_mac[0].g_tr2.u_tree.held[16][26]$_DFFE_PP_/D (DFFHQNx1_ASAP7_75t_R) 1361.83 1454.04  -92.21 (VIOLATED)
u_e.g_mac[1].g_l2.u_l1.p0_wq[33]$_DFF_P_/D (DFFHQNx2_ASAP7_75t_R) 1365.99 1458.09  -92.10 (VIOLATED)
u_e.g_mac[1].g_l2.u_l0.p2_c[24]$_DFF_P_/D (DFFHQNx1_ASAP7_75t_R) 1361.61 1453.68  -92.07 (VIOLATED)
u_e.g_mac[0].g_tr2.u_tree.held[62][28]$_DFFE_PP_/D (DFFHQNx1_ASAP7_75t_R) 1365.31 1457.36  -92.05 (VIOLATED)
u_e.g_mac[0].g_tr2.u_tree.held[63][29]$_DFFE_PP_/D (DFFHQNx1_ASAP7_75t_R) 1364.89 1456.85  -91.96 (VIOLATED)
u_e.g_mac[0].g_tr2.u_tree.held[8][20]$_DFFE_PP_/D (DFFHQNx1_ASAP7_75t_R) 1366.27 1458.20  -91.93 (VIOLATED)
u_e.g_mac[1].g_l2.u_l0.p0_we[2]$_DFF_P_/D (DFFHQNx1_ASAP7_75t_R) 1363.64 1455.56  -91.92 (VIOLATED)
u_e.g_mac[0].g_tr2.u_tree.held[33][19]$_DFFE_PP_/D (DFFHQNx1_ASAP7_75t_R) 1367.69 1459.58  -91.89 (VIOLATED)
u_e.g_mac[0].g_tr2.u_tree.held[46][26]$_DFFE_PP_/D (DFFHQNx1_ASAP7_75t_R) 1363.95 1455.81  -91.86 (VIOLATED)
u_e.g_mac[0].g_ch2.u_c1.u_add.u_c0.g_r.r[27]$_SDFF_PP0_/D (DFFHQNx1_ASAP7_75t_R) 1368.07 1459.89  -91.82 (VIOLATED)
u_e.g_mac[0].g_l2.u_l0.p2_c[193]$_DFF_P_/D (DFFHQNx1_ASAP7_75t_R) 1362.05 1453.81  -91.76 (VIOLATED)
u_e.wB[30]$_DFFE_PP_/D (DFFHQNx1_ASAP7_75t_R) 1431.49 1523.22  -91.73 (VIOLATED)
u_e.g_mac[0].g_tr2.u_tree.held[38][13]$_DFFE_PP_/D (DFFHQNx1_ASAP7_75t_R) 1367.33 1459.02  -91.69 (VIOLATED)
u_e.n_run$_DFFE_PN0P_/D (DFFASRHQNx1_ASAP7_75t_R) 1389.11 1480.78  -91.67 (VIOLATED)
u_e.g_mac[0].g_tr2.u_tree.held[38][28]$_DFFE_PP_/D (DFFHQNx1_ASAP7_75t_R) 1365.43 1457.06  -91.63 (VIOLATED)
u_e.g_mac[0].g_tr2.u_tree.held[60][23]$_DFFE_PP_/D (DFFHQNx1_ASAP7_75t_R) 1358.40 1449.97  -91.58 (VIOLATED)
u_e.g_mac[1].g_l2.u_l0.p1_sh[10][3]$_DFF_P_/D (DFFHQNx1_ASAP7_75t_R) 1357.86 1449.42  -91.56 (VIOLATED)
u_e.g_mac[0].g_tr2.u_tree.held[19][29]$_DFFE_PP_/D (DFFHQNx1_ASAP7_75t_R) 1364.99 1456.54  -91.55 (VIOLATED)
u_e.g_mac[0].g_tr2.u_tree.held[33][28]$_DFFE_PP_/D (DFFHQNx1_ASAP7_75t_R) 1365.47 1457.01  -91.54 (VIOLATED)
u_e.g_mac[0].g_tr2.u_tree.herr[40]$_DFFE_PN0P_/D (DFFASRHQNx1_ASAP7_75t_R) 1350.28 1441.80  -91.52 (VIOLATED)
u_e.g_mac[0].g_ch2.u_c1.u_add.u_c0.g_r.r[26]$_SDFF_PP0_/D (DFFHQNx1_ASAP7_75t_R) 1368.31 1459.82  -91.51 (VIOLATED)
u_e.g_qt_hit.g_hc[0].d_pos[2]$_SDFFE_PP0P_/D (DFFHQNx1_ASAP7_75t_R) 1403.32 1494.83  -91.51 (VIOLATED)
u_e.g_mac[0].g_tr2.u_tree.held[63][20]$_DFFE_PP_/D (DFFHQNx1_ASAP7_75t_R) 1365.35 1456.86  -91.51 (VIOLATED)
u_e.g_mac[0].g_l2.u_l1.p0_wq[160]$_DFF_P_/D (DFFHQNx1_ASAP7_75t_R) 1390.51 1482.00  -91.49 (VIOLATED)
u_e.g_mac[0].g_tr2.u_tree.herr[16]$_DFFE_PN0P_/D (DFFASRHQNx1_ASAP7_75t_R) 1350.78 1442.25  -91.47 (VIOLATED)
u_e.g_mac[1].g_l2.u_l0.p1_sh[5][3]$_DFF_P_/D (DFFHQNx1_ASAP7_75t_R) 1369.15 1460.59  -91.44 (VIOLATED)
u_e.g_mac[0].g_l2.u_l0.p1_sh[14][3]$_DFF_P_/D (DFFHQNx1_ASAP7_75t_R) 1364.31 1455.75  -91.44 (VIOLATED)
u_e.g_mac[0].g_tr2.u_tree.held[12][18]$_DFFE_PP_/D (DFFHQNx1_ASAP7_75t_R) 1365.05 1456.42  -91.36 (VIOLATED)
u_e.g_mac[0].g_tr2.u_tree.held[8][25]$_DFFE_PP_/D (DFFHQNx1_ASAP7_75t_R) 1366.57 1457.91  -91.34 (VIOLATED)
u_e.g_mac[0].g_tr2.u_tree.held[27][18]$_DFFE_PP_/D (DFFHQNx1_ASAP7_75t_R) 1362.88 1454.21  -91.33 (VIOLATED)
u_e.g_mac[0].g_ch2.u_c1.u_add.u_c0.g_r.r[29]$_SDFF_PP0_/D (DFFHQNx1_ASAP7_75t_R) 1368.11 1459.42  -91.31 (VIOLATED)
u_e.g_mac[1].g_l2.u_l0.p1_sh[0][4]$_DFF_P_/D (DFFHQNx1_ASAP7_75t_R) 1357.02 1448.31  -91.29 (VIOLATED)
u_e.g_mac[0].g_tr2.u_tree.held[5][20]$_DFFE_PP_/D (DFFHQNx1_ASAP7_75t_R) 1366.68 1457.96  -91.28 (VIOLATED)
u_e.g_mac[1].g_l2.u_l0.p2_c[36]$_DFF_P_/D (DFFHQNx1_ASAP7_75t_R) 1347.24 1438.51  -91.27 (VIOLATED)
u_e.g_mac[0].g_tr2.u_tree.herr[29]$_DFFE_PN0P_/D (DFFASRHQNx1_ASAP7_75t_R) 1351.10 1442.35  -91.25 (VIOLATED)
u_e.g_mac[0].g_tr2.u_tree.held[64][28]$_DFFE_PP_/D (DFFHQNx1_ASAP7_75t_R) 1365.46 1456.65  -91.19 (VIOLATED)
u_e.g_mac[0].g_tr2.u_tree.held[11][19]$_DFFE_PP_/D (DFFHQNx1_ASAP7_75t_R) 1364.82 1456.00  -91.18 (VIOLATED)
u_e.g_mac[0].g_l2.u_l0.p2_c[9]$_DFF_P_/D (DFFHQNx1_ASAP7_75t_R) 1350.57 1441.71  -91.14 (VIOLATED)
u_e.g_mac[0].g_tr2.u_tree.held[33][23]$_DFFE_PP_/D (DFFHQNx1_ASAP7_75t_R) 1365.76 1456.90  -91.14 (VIOLATED)
u_e.g_mac[0].g_tr2.u_tree.held[55][22]$_DFFE_PP_/D (DFFHQNx1_ASAP7_75t_R) 1356.82 1447.96  -91.14 (VIOLATED)
u_e.g_mac[0].g_tr2.u_tree.held[20][30]$_DFFE_PP_/D (DFFHQNx1_ASAP7_75t_R) 1360.98 1452.09  -91.11 (VIOLATED)
u_e.g_mac[0].g_tr2.u_tree.held[48][15]$_DFFE_PP_/D (DFFHQNx1_ASAP7_75t_R) 1360.81 1451.90  -91.09 (VIOLATED)
u_e.g_mac[1].g_l2.u_l0.p1_sh[31][4]$_DFF_P_/D (DFFHQNx1_ASAP7_75t_R) 1353.91 1445.00  -91.09 (VIOLATED)
u_e.g_mac[0].g_tr2.u_tree.held[59][22]$_DFFE_PP_/D (DFFHQNx1_ASAP7_75t_R) 1360.44 1451.52  -91.08 (VIOLATED)
u_e.g_mac[0].g_tr2.u_tree.herr[22]$_DFFE_PN0P_/D (DFFASRHQNx1_ASAP7_75t_R) 1351.00 1442.04  -91.04 (VIOLATED)
u_e.g_mac[0].g_tr2.u_tree.held[29][22]$_DFFE_PP_/D (DFFHQNx1_ASAP7_75t_R) 1360.30 1451.33  -91.04 (VIOLATED)
u_e.g_mac[0].g_tr2.u_tree.held[19][25]$_DFFE_PP_/D (DFFHQNx1_ASAP7_75t_R) 1365.91 1456.94  -91.03 (VIOLATED)
u_e.g_mac[0].g_tr2.u_tree.held[9][22]$_DFFE_PP_/D (DFFHQNx1_ASAP7_75t_R) 1363.60 1454.62  -91.02 (VIOLATED)
u_e.g_mac[1].g_tr2.u_tree.add_b[17]$_SDFF_PN0_/D (DFFHQNx1_ASAP7_75t_R) 1374.35 1465.29  -90.93 (VIOLATED)
u_e.g_mac[0].g_tr2.u_tree.held[13][22]$_DFFE_PP_/D (DFFHQNx1_ASAP7_75t_R) 1354.72 1445.64  -90.92 (VIOLATED)
u_e.g_mac[0].g_tr2.u_tree.held[48][28]$_DFFE_PP_/D (DFFHQNx1_ASAP7_75t_R) 1356.00 1446.89  -90.89 (VIOLATED)
u_e.nA[15]$_DFFE_PP_/D (DFFHQNx1_ASAP7_75t_R) 1406.24 1497.12  -90.88 (VIOLATED)
u_e.g_mac[0].g_tr2.u_tree.held[36][0]$_DFFE_PP_/D (DFFHQNx1_ASAP7_75t_R) 1367.15 1458.01  -90.87 (VIOLATED)
u_e.g_mac[0].g_tr2.u_tree.held[30][20]$_DFFE_PP_/D (DFFHQNx1_ASAP7_75t_R) 1361.16 1452.03  -90.86 (VIOLATED)
u_e.g_mac[1].g_l2.u_l0.p2_c[11]$_DFF_P_/D (DFFHQNx1_ASAP7_75t_R) 1356.64 1447.49  -90.85 (VIOLATED)
u_e.g_mac[0].g_tr2.u_tree.held[77][19]$_DFFE_PP_/D (DFFHQNx1_ASAP7_75t_R) 1359.89 1450.72  -90.84 (VIOLATED)
u_e.g_mac[0].g_ch2.u_c1.u_add.u_c0.g_r.r[23]$_SDFF_PP0_/D (DFFHQNx1_ASAP7_75t_R) 1368.47 1459.30  -90.83 (VIOLATED)
u_e.g_mac[1].g_tr2.u_tree.held[58][5]$_DFFE_PP_/D (DFFHQNx1_ASAP7_75t_R) 1357.49 1448.31  -90.82 (VIOLATED)
u_e.g_mac[0].g_ch2.u_c1.u_add.u_c0.g_r.r[9]$_SDFF_PP0_/D (DFFHQNx1_ASAP7_75t_R) 1369.09 1459.90  -90.81 (VIOLATED)
u_e.g_mac[0].g_tr2.u_tree.held[59][19]$_DFFE_PP_/D (DFFHQNx1_ASAP7_75t_R) 1360.88 1451.68  -90.80 (VIOLATED)
u_e.g_mac[1].g_l2.u_l0.p0_wq[66]$_DFF_P_/D (DFFHQNx1_ASAP7_75t_R) 1378.13 1468.93  -90.80 (VIOLATED)
u_e.g_mac[1].g_l2.u_l0.p0_wq[56]$_DFF_P_/D (DFFHQNx1_ASAP7_75t_R) 1356.94 1447.74  -90.80 (VIOLATED)
u_e.g_mac[1].g_tr2.u_tree.infl[9][1]$_DFF_PN0_/D (DFFASRHQNx1_ASAP7_75t_R) 1372.91 1463.71  -90.79 (VIOLATED)
u_e.g_mac[1].g_l2.u_l0.p2_c[65]$_DFF_P_/D (DFFHQNx1_ASAP7_75t_R) 1352.41 1443.19  -90.78 (VIOLATED)
u_e.wB[20]$_DFFE_PP_/D (DFFHQNx1_ASAP7_75t_R) 1424.72 1515.45  -90.73 (VIOLATED)
u_e.g_mac[0].g_l2.u_l0.p2_c[36]$_DFF_P_/D (DFFHQNx1_ASAP7_75t_R) 1348.64 1439.36  -90.72 (VIOLATED)
u_e.g_mac[0].g_tr2.u_tree.held[64][26]$_DFFE_PP_/D (DFFHQNx1_ASAP7_75t_R) 1365.02 1455.71  -90.69 (VIOLATED)
u_e.g_mac[0].g_tr2.u_tree.held[71][29]$_DFFE_PP_/D (DFFHQNx1_ASAP7_75t_R) 1366.43 1457.10  -90.68 (VIOLATED)
u_e.g_mac[1].g_ch2.u_c1.u_add.u_c0.g_r.r[11]$_SDFF_PP0_/D (DFFHQNx1_ASAP7_75t_R) 1353.03 1443.70  -90.67 (VIOLATED)
u_e.g_mac[0].g_tr2.u_tree.held[33][13]$_DFFE_PP_/D (DFFHQNx1_ASAP7_75t_R) 1367.21 1457.88  -90.67 (VIOLATED)
u_e.g_mac[0].g_tr2.u_tree.held[60][19]$_DFFE_PP_/D (DFFHQNx1_ASAP7_75t_R) 1360.53 1451.19  -90.66 (VIOLATED)
u_e.g_mac[0].g_tr2.u_tree.held[38][18]$_DFFE_PP_/D (DFFHQNx1_ASAP7_75t_R) 1368.49 1459.14  -90.64 (VIOLATED)
u_e.g_mac[1].g_l2.u_l0.p2_c[20]$_DFF_P_/D (DFFHQNx1_ASAP7_75t_R) 1349.69 1440.31  -90.61 (VIOLATED)
u_e.g_mac[1].g_l2.u_l0.p1_sh[31][3]$_DFF_P_/D (DFFHQNx1_ASAP7_75t_R) 1362.76 1453.36  -90.60 (VIOLATED)
u_e.g_mac[0].g_tr2.u_tree.held[55][19]$_DFFE_PP_/D (DFFHQNx1_ASAP7_75t_R) 1359.77 1450.36  -90.59 (VIOLATED)
u_e.g_mac[0].g_l2.u_l0.p2_c[199]$_DFF_P_/D (DFFHQNx1_ASAP7_75t_R) 1372.50 1463.00  -90.50 (VIOLATED)
u_e.g_mac[0].g_tr2.u_tree.held[55][26]$_DFFE_PP_/D (DFFHQNx1_ASAP7_75t_R) 1357.14 1447.63  -90.49 (VIOLATED)
u_e.g_mac[0].g_tr2.u_tree.held[33][18]$_DFFE_PP_/D (DFFHQNx1_ASAP7_75t_R) 1364.57 1455.05  -90.48 (VIOLATED)
u_e.g_mac[0].g_l2.u_l0.p2_c[195]$_DFF_P_/D (DFFHQNx1_ASAP7_75t_R) 1374.69 1465.15  -90.46 (VIOLATED)
u_e.g_mac[0].g_tr2.u_tree.held[46][24]$_DFFE_PP_/D (DFFHQNx1_ASAP7_75t_R) 1364.79 1455.26  -90.46 (VIOLATED)
u_e.g_mac[0].g_tr2.u_tree.held[19][13]$_DFFE_PP_/D (DFFHQNx1_ASAP7_75t_R) 1366.36 1456.82  -90.46 (VIOLATED)
u_e.g_mac[0].g_tr2.u_tree.held[33][17]$_DFFE_PP_/D (DFFHQNx1_ASAP7_75t_R) 1367.05 1457.48  -90.43 (VIOLATED)
u_e.g_mac[0].g_tr2.u_tree.held[45][27]$_DFFE_PP_/D (DFFHQNx1_ASAP7_75t_R) 1355.69 1446.10  -90.41 (VIOLATED)
u_e.g_mac[0].g_tr2.u_tree.held[14][9]$_DFFE_PP_/D (DFFHQNx1_ASAP7_75t_R) 1364.72 1455.13  -90.41 (VIOLATED)
u_e.g_mac[0].g_tr2.u_tree.held[52][22]$_DFFE_PP_/D (DFFHQNx1_ASAP7_75t_R) 1355.51 1445.88  -90.37 (VIOLATED)
u_e.g_mac[0].g_tr2.u_tree.held[36][9]$_DFFE_PP_/D (DFFHQNx1_ASAP7_75t_R) 1364.28 1454.62  -90.34 (VIOLATED)
u_e.g_mac[0].g_tr2.u_tree.held[46][27]$_DFFE_PP_/D (DFFHQNx1_ASAP7_75t_R) 1364.52 1454.84  -90.33 (VIOLATED)
u_e.g_mac[0].g_tr2.u_tree.x_above[9]$_DFF_P_/D (DFFHQNx1_ASAP7_75t_R) 1366.02 1456.34  -90.32 (VIOLATED)
u_e.g_mac[0].g_tr2.u_tree.x_above[7]$_DFF_P_/D (DFFHQNx1_ASAP7_75t_R) 1367.24 1457.53  -90.29 (VIOLATED)
u_e.g_mac[0].g_tr2.u_tree.herr[51]$_DFFE_PN0P_/D (DFFASRHQNx1_ASAP7_75t_R) 1350.26 1440.53  -90.27 (VIOLATED)
u_e.g_mac[0].g_tr2.u_tree.held[29][28]$_DFFE_PP_/D (DFFHQNx1_ASAP7_75t_R) 1359.74 1449.98  -90.25 (VIOLATED)
u_e.g_mac[0].g_l2.u_l0.p1_sh[3][3]$_DFF_P_/D (DFFHQNx1_ASAP7_75t_R) 1379.99 1470.22  -90.23 (VIOLATED)
u_e.g_qt_hit.g_hc[0].d_j[1]$_SDFFE_PP0P_/D (DFFHQNx1_ASAP7_75t_R) 1398.29 1488.45  -90.17 (VIOLATED)
u_e.g_mac[0].g_tr2.u_tree.held[10][22]$_DFFE_PP_/D (DFFHQNx1_ASAP7_75t_R) 1363.31 1453.47  -90.16 (VIOLATED)
u_e.g_mac[0].g_tr2.u_tree.held[35][16]$_DFFE_PP_/D (DFFHQNx1_ASAP7_75t_R) 1367.81 1457.87  -90.06 (VIOLATED)
u_e.g_mac[1].g_l2.u_l0.p0_wq[173]$_SDFF_PP0_/D (DFFHQNx1_ASAP7_75t_R) 1366.53 1456.56  -90.04 (VIOLATED)
u_e.g_mac[0].g_tr2.u_tree.held[17][24]$_DFFE_PP_/D (DFFHQNx1_ASAP7_75t_R) 1356.26 1446.28  -90.02 (VIOLATED)
u_e.g_mac[0].g_tr2.u_tree.held[17][26]$_DFFE_PP_/D (DFFHQNx1_ASAP7_75t_R) 1355.59 1445.61  -90.02 (VIOLATED)
u_e.g_qt_hit.g_hc[0].d_j[0]$_SDFFE_PP0P_/D (DFFHQNx1_ASAP7_75t_R) 1398.15 1488.16  -90.00 (VIOLATED)
u_e.g_mac[0].g_tr2.u_tree.held[1][27]$_DFFE_PP_/D (DFFHQNx1_ASAP7_75t_R) 1368.10 1458.00  -89.90 (VIOLATED)
u_e.g_mac[0].g_tr2.u_tree.held[50][18]$_DFFE_PP_/D (DFFHQNx1_ASAP7_75t_R) 1360.74 1450.63  -89.89 (VIOLATED)
u_e.g_mac[0].g_tr2.u_tree.held[1][30]$_DFFE_PP_/D (DFFHQNx1_ASAP7_75t_R) 1360.97 1450.84  -89.88 (VIOLATED)
u_e.g_mac[0].g_tr2.u_tree.held[38][26]$_DFFE_PP_/D (DFFHQNx1_ASAP7_75t_R) 1367.00 1456.87  -89.87 (VIOLATED)
u_e.g_mac[0].g_tr2.u_tree.held[34][13]$_DFFE_PP_/D (DFFHQNx1_ASAP7_75t_R) 1367.11 1456.95  -89.84 (VIOLATED)
u_e.g_mac[0].g_tr2.u_tree.held[46][23]$_DFFE_PP_/D (DFFHQNx1_ASAP7_75t_R) 1364.87 1454.70  -89.83 (VIOLATED)
u_e.g_mac[0].g_tr2.u_tree.herr[46]$_DFFE_PN0P_/D (DFFASRHQNx1_ASAP7_75t_R) 1357.86 1447.66  -89.80 (VIOLATED)
u_e.g_mac[0].g_l2.u_l0.p2_c[21]$_DFF_P_/D (DFFHQNx1_ASAP7_75t_R) 1348.14 1437.93  -89.79 (VIOLATED)
u_e.g_mac[0].g_tr2.u_tree.held[49][15]$_DFFE_PP_/D (DFFHQNx1_ASAP7_75t_R) 1359.85 1449.64  -89.79 (VIOLATED)
u_e.g_mac[0].g_tr2.u_tree.held[19][23]$_DFFE_PP_/D (DFFHQNx1_ASAP7_75t_R) 1364.21 1453.99  -89.78 (VIOLATED)
u_e.g_mac[0].g_tr2.u_tree.held[45][24]$_DFFE_PP_/D (DFFHQNx1_ASAP7_75t_R) 1355.77 1445.53  -89.76 (VIOLATED)
u_e.g_mac[0].g_tr2.u_tree.held[67][29]$_DFFE_PP_/D (DFFHQNx1_ASAP7_75t_R) 1364.92 1454.67  -89.75 (VIOLATED)
u_e.g_mac[0].g_tr2.u_tree.herr[57]$_DFFE_PN0P_/D (DFFASRHQNx1_ASAP7_75t_R) 1350.73 1440.40  -89.67 (VIOLATED)
u_e.g_mac[0].g_tr2.u_tree.held[57][28]$_DFFE_PP_/D (DFFHQNx1_ASAP7_75t_R) 1365.18 1454.85  -89.67 (VIOLATED)
u_e.g_mac[0].g_tr2.u_tree.held[36][20]$_DFFE_PP_/D (DFFHQNx1_ASAP7_75t_R) 1365.00 1454.65  -89.65 (VIOLATED)
u_e.g_mac[0].g_tr2.u_tree.held[31][9]$_DFFE_PP_/D (DFFHQNx1_ASAP7_75t_R) 1365.88 1455.53  -89.65 (VIOLATED)
u_e.g_mac[0].g_tr2.u_tree.held[1][13]$_DFFE_PP_/D (DFFHQNx1_ASAP7_75t_R) 1366.94 1456.59  -89.65 (VIOLATED)
u_e.g_mac[0].g_l2.u_l0.p1_p[22][7]$_DFF_P_/D (DFFHQNx1_ASAP7_75t_R) 1391.89 1481.53  -89.64 (VIOLATED)
u_e.g_mac[0].g_tr2.u_tree.held[64][17]$_DFFE_PP_/D (DFFHQNx1_ASAP7_75t_R) 1364.96 1454.58  -89.61 (VIOLATED)
u_e.g_mac[0].g_tr2.u_tree.held[48][26]$_DFFE_PP_/D (DFFHQNx1_ASAP7_75t_R) 1357.00 1446.60  -89.60 (VIOLATED)
u_e.g_mac[0].g_tr2.u_tree.held[49][30]$_DFFE_PP_/D (DFFHQNx1_ASAP7_75t_R) 1360.81 1450.40  -89.59 (VIOLATED)
u_e.g_mac[0].g_tr2.u_tree.held[37][19]$_DFFE_PP_/D (DFFHQNx1_ASAP7_75t_R) 1366.98 1456.53  -89.55 (VIOLATED)
u_e.g_mac[0].g_tr2.u_tree.held[34][29]$_DFFE_PP_/D (DFFHQNx1_ASAP7_75t_R) 1366.24 1455.79  -89.55 (VIOLATED)
u_e.g_mac[0].g_ch2.u_c1.u_add.u_c0.g_r.r[30]$_SDFF_PP0_/D (DFFHQNx1_ASAP7_75t_R) 1368.43 1457.93  -89.49 (VIOLATED)
u_e.g_mac[1].g_tr2.u_tree.infl[8][1]$_DFF_PN0_/D (DFFASRHQNx1_ASAP7_75t_R) 1371.12 1460.61  -89.49 (VIOLATED)
u_e.g_mac[0].g_tr2.u_tree.held[49][22]$_DFFE_PP_/D (DFFHQNx1_ASAP7_75t_R) 1360.48 1449.95  -89.47 (VIOLATED)
u_e.g_mac[0].g_tr2.u_tree.herr[55]$_DFFE_PN0P_/D (DFFASRHQNx1_ASAP7_75t_R) 1357.20 1446.65  -89.45 (VIOLATED)
u_e.wB[2]$_DFFE_PP_/D (DFFHQNx1_ASAP7_75t_R) 1421.91 1511.35  -89.44 (VIOLATED)
u_e.g_mac[0].g_ch2.u_c1.u_add.u_c0.g_r.r[14]$_SDFF_PP0_/D (DFFHQNx1_ASAP7_75t_R) 1369.73 1459.10  -89.37 (VIOLATED)
u_e.g_mac[0].g_tr2.u_tree.held[38][22]$_DFFE_PP_/D (DFFHQNx1_ASAP7_75t_R) 1368.80 1458.17  -89.36 (VIOLATED)
u_e.nA[2]$_DFFE_PP_/D (DFFHQNx1_ASAP7_75t_R) 1404.35 1493.71  -89.36 (VIOLATED)
u_e.g_mac[0].g_tr2.u_tree.held[1][22]$_DFFE_PP_/D (DFFHQNx1_ASAP7_75t_R) 1366.82 1456.18  -89.36 (VIOLATED)
u_e.n_j[0]$_SDFFCE_PP0P_/D (DFFHQNx1_ASAP7_75t_R) 1394.11 1483.45  -89.33 (VIOLATED)
u_e.wB[21]$_DFFE_PP_/D (DFFHQNx1_ASAP7_75t_R) 1424.71 1514.04  -89.33 (VIOLATED)
u_e.g_mac[0].g_tr2.u_tree.held[37][23]$_DFFE_PP_/D (DFFHQNx1_ASAP7_75t_R) 1365.37 1454.66  -89.29 (VIOLATED)
u_e.g_mac[0].g_tr2.u_tree.held[35][7]$_DFFE_PP_/D (DFFHQNx1_ASAP7_75t_R) 1368.25 1457.53  -89.28 (VIOLATED)
u_e.g_mac[0].g_tr2.u_tree.held[32][22]$_DFFE_PP_/D (DFFHQNx1_ASAP7_75t_R) 1355.32 1444.59  -89.27 (VIOLATED)
u_e.g_mac[0].g_tr2.u_tree.herr[0]$_DFFE_PN0P_/D (DFFASRHQNx1_ASAP7_75t_R) 1350.93 1440.19  -89.26 (VIOLATED)
u_e.g_mac[0].g_tr2.u_tree.held[75][27]$_DFFE_PP_/D (DFFHQNx1_ASAP7_75t_R) 1363.06 1452.31  -89.25 (VIOLATED)
u_e.g_mac[1].g_l2.u_l1.p0_wq[74]$_DFF_P_/D (DFFHQNx1_ASAP7_75t_R) 1376.54 1465.76  -89.22 (VIOLATED)
u_e.g_mac[0].g_tr2.u_tree.held[36][25]$_DFFE_PP_/D (DFFHQNx1_ASAP7_75t_R) 1366.22 1455.44  -89.22 (VIOLATED)
u_e.g_mac[0].g_tr2.u_tree.held[12][20]$_DFFE_PP_/D (DFFHQNx1_ASAP7_75t_R) 1364.98 1454.19  -89.21 (VIOLATED)
u_e.g_mac[1].g_l2.u_l1.p0_wq[104]$_DFF_P_/D (DFFHQNx1_ASAP7_75t_R) 1356.05 1445.23  -89.19 (VIOLATED)
u_e.g_mac[0].g_tr2.u_tree.held[20][28]$_DFFE_PP_/D (DFFHQNx1_ASAP7_75t_R) 1356.02 1445.21  -89.18 (VIOLATED)
u_e.g_mac[0].g_tr2.u_tree.held[38][19]$_DFFE_PP_/D (DFFHQNx1_ASAP7_75t_R) 1366.69 1455.86  -89.18 (VIOLATED)
u_e.g_mac[0].g_tr2.u_tree.held[52][26]$_DFFE_PP_/D (DFFHQNx1_ASAP7_75t_R) 1356.07 1445.20  -89.13 (VIOLATED)
u_e.g_mac[0].g_tr2.u_tree.held[27][29]$_DFFE_PP_/D (DFFHQNx1_ASAP7_75t_R) 1366.01 1455.14  -89.13 (VIOLATED)
u_e.g_mac[0].g_tr2.u_tree.held[25][28]$_DFFE_PP_/D (DFFHQNx1_ASAP7_75t_R) 1356.91 1446.03  -89.13 (VIOLATED)
u_e.g_mac[0].g_l2.u_l0.p1_p[19][4]$_DFF_P_/D (DFFHQNx1_ASAP7_75t_R) 1365.06 1454.17  -89.11 (VIOLATED)
u_e.g_mac[0].g_tr2.u_tree.held[65][23]$_DFFE_PP_/D (DFFHQNx1_ASAP7_75t_R) 1357.86 1446.97  -89.11 (VIOLATED)
u_e.g_mac[0].g_tr2.u_tree.held[14][20]$_DFFE_PP_/D (DFFHQNx1_ASAP7_75t_R) 1364.60 1453.68  -89.08 (VIOLATED)
u_e.g_mac[0].g_tr2.u_tree.held[1][15]$_DFFE_PP_/D (DFFHQNx1_ASAP7_75t_R) 1364.93 1453.98  -89.05 (VIOLATED)
u_e.g_mac[1].g_tr2.u_tree.held[7][9]$_DFFE_PP_/D (DFFHQNx1_ASAP7_75t_R) 1357.73 1446.74  -89.01 (VIOLATED)
u_e.g_mac[0].g_tr2.u_tree.held[48][20]$_DFFE_PP_/D (DFFHQNx1_ASAP7_75t_R) 1361.54 1450.54  -88.99 (VIOLATED)
u_e.g_mac[0].g_tr2.u_tree.held[29][23]$_DFFE_PP_/D (DFFHQNx1_ASAP7_75t_R) 1360.34 1449.31  -88.97 (VIOLATED)
u_e.g_mac[0].g_l2.u_l1.p0_wq[194]$_DFF_P_/D (DFFHQNx1_ASAP7_75t_R) 1362.80 1451.75  -88.95 (VIOLATED)
u_e.g_mac[0].g_tr2.u_tree.held[25][26]$_DFFE_PP_/D (DFFHQNx1_ASAP7_75t_R) 1357.24 1446.18  -88.94 (VIOLATED)
u_e.g_mac[0].g_tr2.u_tree.held[12][29]$_DFFE_PP_/D (DFFHQNx1_ASAP7_75t_R) 1364.73 1453.65  -88.92 (VIOLATED)
u_e.g_mac[0].g_tr2.u_tree.held[71][17]$_DFFE_PP_/D (DFFHQNx1_ASAP7_75t_R) 1366.97 1455.88  -88.91 (VIOLATED)
u_e.g_mac[1].g_l2.u_l0.p2_c[1]$_DFF_P_/D (DFFHQNx1_ASAP7_75t_R) 1349.67 1438.58  -88.91 (VIOLATED)
u_e.g_mac[0].g_tr2.u_tree.held[15][0]$_DFFE_PP_/D (DFFHQNx1_ASAP7_75t_R) 1381.29 1470.07  -88.79 (VIOLATED)
u_e.g_mac[0].g_tr2.u_tree.herr[39]$_DFFE_PN0P_/D (DFFASRHQNx1_ASAP7_75t_R) 1350.87 1439.63  -88.76 (VIOLATED)
u_e.g_mac[0].g_tr2.u_tree.held[34][20]$_DFFE_PP_/D (DFFHQNx1_ASAP7_75t_R) 1366.08 1454.82  -88.74 (VIOLATED)
u_e.g_mac[0].g_tr2.u_tree.held[78][30]$_DFFE_PP_/D (DFFHQNx1_ASAP7_75t_R) 1364.07 1452.79  -88.72 (VIOLATED)
u_e.g_mac[0].g_tr2.u_tree.held[40][18]$_DFFE_PP_/D (DFFHQNx1_ASAP7_75t_R) 1360.34 1449.06  -88.72 (VIOLATED)
u_e.g_mac[1].g_l2.u_l0.p1_p[18][4]$_DFF_P_/D (DFFHQNx1_ASAP7_75t_R) 1356.61 1445.32  -88.71 (VIOLATED)
u_e.g_mac[0].g_tr2.u_tree.held[49][20]$_DFFE_PP_/D (DFFHQNx1_ASAP7_75t_R) 1361.39 1450.08  -88.70 (VIOLATED)
u_e.g_mac[0].g_tr2.u_tree.held[63][21]$_DFFE_PP_/D (DFFHQNx1_ASAP7_75t_R) 1362.45 1451.12  -88.67 (VIOLATED)
u_e.g_mac[0].g_tr2.u_tree.herr[5]$_DFFE_PN0P_/D (DFFASRHQNx1_ASAP7_75t_R) 1350.47 1439.12  -88.65 (VIOLATED)
u_e.g_mac[0].g_tr2.u_tree.held[44][15]$_DFFE_PP_/D (DFFHQNx1_ASAP7_75t_R) 1361.58 1450.22  -88.64 (VIOLATED)
u_e.g_mac[0].g_tr2.u_tree.held[71][21]$_DFFE_PP_/D (DFFHQNx1_ASAP7_75t_R) 1366.91 1455.54  -88.63 (VIOLATED)
u_e.nA[19]$_DFFE_PP_/D (DFFHQNx1_ASAP7_75t_R) 1408.81 1497.39  -88.58 (VIOLATED)
u_e.g_mac[0].g_ch2.u_c1.u_add.u_c0.g_r.r[12]$_SDFF_PP0_/D (DFFHQNx1_ASAP7_75t_R) 1367.73 1456.30  -88.56 (VIOLATED)
u_e.g_mac[0].g_tr2.u_tree.held[27][19]$_DFFE_PP_/D (DFFHQNx1_ASAP7_75t_R) 1365.04 1453.56  -88.53 (VIOLATED)
u_e.g_mac[0].g_tr2.u_tree.held[21][28]$_DFFE_PP_/D (DFFHQNx1_ASAP7_75t_R) 1365.37 1453.88  -88.51 (VIOLATED)
u_e.g_mac[0].g_l2.u_l1.p0_wq[226]$_DFF_P_/D (DFFHQNx1_ASAP7_75t_R) 1360.25 1448.72  -88.47 (VIOLATED)
u_e.g_mac[0].g_tr2.u_tree.held[36][13]$_DFFE_PP_/D (DFFHQNx1_ASAP7_75t_R) 1366.37 1454.84  -88.47 (VIOLATED)
u_e.g_mac[0].g_tr2.u_tree.held[14][13]$_DFFE_PP_/D (DFFHQNx1_ASAP7_75t_R) 1365.67 1454.04  -88.37 (VIOLATED)
u_e.g_mac[0].g_tr2.u_tree.held[36][18]$_DFFE_PP_/D (DFFHQNx1_ASAP7_75t_R) 1365.78 1454.11  -88.33 (VIOLATED)
u_e.g_mac[0].g_tr2.u_tree.held[17][30]$_DFFE_PP_/D (DFFHQNx1_ASAP7_75t_R) 1366.81 1455.09  -88.28 (VIOLATED)
u_e.g_mac[0].g_tr2.u_tree.held[38][15]$_DFFE_PP_/D (DFFHQNx1_ASAP7_75t_R) 1370.04 1458.28  -88.25 (VIOLATED)
u_e.g_mac[0].g_tr2.u_tree.held[55][28]$_DFFE_PP_/D (DFFHQNx1_ASAP7_75t_R) 1360.73 1448.97  -88.25 (VIOLATED)
u_e.g_mac[0].g_tr2.u_tree.held[38][17]$_DFFE_PP_/D (DFFHQNx1_ASAP7_75t_R) 1365.14 1453.36  -88.22 (VIOLATED)
u_e.g_mac[1].g_ch2.u_c1.u_add.u_c0.g_r.r[32]$_DFF_P_/D (DFFHQNx1_ASAP7_75t_R) 1354.78 1442.97  -88.20 (VIOLATED)
u_e.nA[31]$_DFFE_PP_/D (DFFHQNx1_ASAP7_75t_R) 1408.69 1496.88  -88.18 (VIOLATED)
u_e.g_mac[0].g_tr2.u_tree.held[30][15]$_DFFE_PP_/D (DFFHQNx1_ASAP7_75t_R) 1364.68 1452.85  -88.17 (VIOLATED)
u_e.g_mac[0].g_tr2.u_tree.held[6][26]$_DFFE_PP_/D (DFFHQNx1_ASAP7_75t_R) 1364.73 1452.89  -88.16 (VIOLATED)
u_e.g_mac[1].g_l2.u_l0.p1_sh[22][2]$_DFF_P_/D (DFFHQNx1_ASAP7_75t_R) 1356.87 1445.04  -88.16 (VIOLATED)
u_e.g_mac[1].g_l2.u_l0.p0_wq[181]$_SDFF_PP0_/D (DFFHQNx1_ASAP7_75t_R) 1360.29 1448.37  -88.08 (VIOLATED)
u_e.g_mac[0].g_tr2.u_tree.held[64][19]$_DFFE_PP_/D (DFFHQNx1_ASAP7_75t_R) 1366.90 1454.98  -88.08 (VIOLATED)
u_e.n_b[2]$_SDFFCE_PP0P_/D (DFFHQNx1_ASAP7_75t_R) 1417.02 1505.09  -88.07 (VIOLATED)
u_e.g_mac[0].g_tr2.u_tree.held[40][28]$_DFFE_PP_/D (DFFHQNx1_ASAP7_75t_R) 1365.47 1453.53  -88.06 (VIOLATED)
u_e.g_mac[0].g_tr2.u_tree.held[19][28]$_DFFE_PP_/D (DFFHQNx1_ASAP7_75t_R) 1365.30 1453.34  -88.04 (VIOLATED)
u_e.g_mac[1].g_l2.u_l0.p1_sh[2][4]$_DFF_P_/D (DFFHQNx1_ASAP7_75t_R) 1368.76 1456.78  -88.01 (VIOLATED)
u_e.g_mac[0].g_l2.u_l0.p1_p[23][6]$_DFF_P_/D (DFFHQNx1_ASAP7_75t_R) 1379.75 1467.76  -88.01 (VIOLATED)
u_e.g_mac[0].g_tr2.u_tree.held[11][30]$_DFFE_PP_/D (DFFHQNx1_ASAP7_75t_R) 1368.49 1456.47  -87.98 (VIOLATED)
u_e.g_mac[0].g_tr2.u_tree.held[14][26]$_DFFE_PP_/D (DFFHQNx1_ASAP7_75t_R) 1355.32 1443.29  -87.97 (VIOLATED)
u_e.g_mac[1].g_l2.u_l0.p0_wq[190]$_SDFF_PP0_/D (DFFHQNx1_ASAP7_75t_R) 1362.74 1450.70  -87.96 (VIOLATED)
u_e.g_mac[0].g_tr2.u_tree.held[15][16]$_DFFE_PP_/D (DFFHQNx1_ASAP7_75t_R) 1367.88 1455.81  -87.93 (VIOLATED)
u_e.g_mac[0].g_tr2.u_tree.held[74][18]$_DFFE_PP_/D (DFFHQNx1_ASAP7_75t_R) 1361.98 1449.89  -87.92 (VIOLATED)
u_e.g_mac[0].g_tr2.u_tree.held[37][17]$_DFFE_PP_/D (DFFHQNx1_ASAP7_75t_R) 1365.27 1453.17  -87.91 (VIOLATED)
u_e.g_mac[0].g_tr2.u_tree.held[74][30]$_DFFE_PP_/D (DFFHQNx1_ASAP7_75t_R) 1361.05 1448.91  -87.86 (VIOLATED)
u_e.g_mac[0].g_l2.u_l0.p1_p[3][4]$_DFF_P_/D (DFFHQNx1_ASAP7_75t_R) 1380.06 1467.89  -87.83 (VIOLATED)
u_e.g_mac[0].g_l2.u_l0.p0_wq[171]$_DFF_P_/D (DFFHQNx1_ASAP7_75t_R) 1371.76 1459.58  -87.82 (VIOLATED)
u_e.g_mac[0].g_tr2.u_tree.held[77][17]$_DFFE_PP_/D (DFFHQNx1_ASAP7_75t_R) 1368.86 1456.64  -87.78 (VIOLATED)
u_e.g_mac[0].g_tr2.u_tree.held[9][19]$_DFFE_PP_/D (DFFHQNx1_ASAP7_75t_R) 1359.85 1447.58  -87.73 (VIOLATED)
u_e.g_mac[1].g_tr2.u_tree.add_b[2]$_SDFF_PN0_/D (DFFHQNx1_ASAP7_75t_R) 1375.58 1463.30  -87.71 (VIOLATED)
u_e.g_mac[1].g_tr2.u_tree.add_b[9]$_SDFF_PN0_/D (DFFHQNx1_ASAP7_75t_R) 1374.51 1462.21  -87.70 (VIOLATED)
u_e.g_mac[0].g_tr2.u_tree.held[65][26]$_DFFE_PP_/D (DFFHQNx1_ASAP7_75t_R) 1364.82 1452.52  -87.69 (VIOLATED)
u_e.n_j[1]$_SDFFCE_PP0P_/D (DFFHQNx1_ASAP7_75t_R) 1417.35 1505.04  -87.69 (VIOLATED)
u_e.g_mac[0].g_l2.u_l0.p2_c[97]$_DFF_P_/D (DFFHQNx1_ASAP7_75t_R) 1362.33 1449.97  -87.65 (VIOLATED)
u_e.g_mac[1].g_tr2.u_tree.infl[12][1]$_DFF_PN0_/D (DFFASRHQNx1_ASAP7_75t_R) 1370.72 1458.36  -87.64 (VIOLATED)
u_e.g_mac[0].g_tr2.u_tree.held[30][18]$_DFFE_PP_/D (DFFHQNx1_ASAP7_75t_R) 1365.77 1453.41  -87.64 (VIOLATED)
u_e.g_mac[0].g_l2.u_l0.p1_sh[4][4]$_DFF_P_/D (DFFHQNx1_ASAP7_75t_R) 1371.81 1459.45  -87.64 (VIOLATED)
u_e.g_mac[0].g_l2.u_l1.p0_wq[171]$_DFF_P_/D (DFFHQNx1_ASAP7_75t_R) 1386.86 1474.49  -87.63 (VIOLATED)
u_e.g_mac[0].g_tr2.u_tree.herr[25]$_DFFE_PN0P_/D (DFFASRHQNx1_ASAP7_75t_R) 1351.05 1438.67  -87.62 (VIOLATED)
u_e.g_mac[0].g_tr2.u_tree.held[27][17]$_DFFE_PP_/D (DFFHQNx1_ASAP7_75t_R) 1367.28 1454.88  -87.61 (VIOLATED)
u_e.g_mac[0].g_tr2.u_tree.held[1][17]$_DFFE_PP_/D (DFFHQNx1_ASAP7_75t_R) 1367.84 1455.41  -87.57 (VIOLATED)
u_e.g_mac[0].g_tr2.u_tree.held[10][15]$_DFFE_PP_/D (DFFHQNx1_ASAP7_75t_R) 1359.94 1447.49  -87.55 (VIOLATED)
u_e.g_mac[0].g_tr2.u_tree.held[32][27]$_DFFE_PP_/D (DFFHQNx1_ASAP7_75t_R) 1355.51 1443.05  -87.53 (VIOLATED)
u_e.g_mac[1].g_l2.u_l0.p1_sh[14][4]$_DFF_P_/D (DFFHQNx1_ASAP7_75t_R) 1354.52 1442.03  -87.52 (VIOLATED)
u_e.g_mac[0].g_tr2.u_tree.held[52][20]$_DFFE_PP_/D (DFFHQNx1_ASAP7_75t_R) 1364.71 1452.21  -87.51 (VIOLATED)
u_e.g_mac[1].g_l2.u_l0.p0_wq[184]$_DFF_P_/D (DFFHQNx1_ASAP7_75t_R) 1377.60 1465.09  -87.49 (VIOLATED)
u_e.g_mac[0].g_tr2.u_tree.held[55][30]$_DFFE_PP_/D (DFFHQNx1_ASAP7_75t_R) 1364.92 1452.38  -87.45 (VIOLATED)
u_e.g_mac[0].g_tr2.u_tree.held[10][30]$_DFFE_PP_/D (DFFHQNx1_ASAP7_75t_R) 1360.13 1447.57  -87.44 (VIOLATED)
u_e.g_mac[0].g_tr2.u_tree.held[70][18]$_DFFE_PP_/D (DFFHQNx1_ASAP7_75t_R) 1362.91 1450.32  -87.41 (VIOLATED)
u_e.g_mac[0].g_tr2.u_tree.held[71][15]$_DFFE_PP_/D (DFFHQNx1_ASAP7_75t_R) 1370.06 1457.39  -87.34 (VIOLATED)
u_e.g_mac[0].g_tr2.u_tree.held[46][15]$_DFFE_PP_/D (DFFHQNx1_ASAP7_75t_R) 1359.84 1447.16  -87.32 (VIOLATED)
u_e.g_mac[0].g_tr2.u_tree.held[70][15]$_DFFE_PP_/D (DFFHQNx1_ASAP7_75t_R) 1361.56 1448.86  -87.30 (VIOLATED)
u_e.g_mac[0].g_tr2.u_tree.held[53][19]$_DFFE_PP_/D (DFFHQNx1_ASAP7_75t_R) 1357.91 1445.16  -87.26 (VIOLATED)
u_e.g_mac[1].g_tr2.u_tree.held[38][16]$_DFFE_PP_/D (DFFHQNx1_ASAP7_75t_R) 1359.74 1446.97  -87.23 (VIOLATED)
u_e.g_mac[0].g_tr2.u_tree.held[53][23]$_DFFE_PP_/D (DFFHQNx1_ASAP7_75t_R) 1358.12 1445.34  -87.22 (VIOLATED)
u_e.g_mac[0].g_tr2.u_tree.held[71][18]$_DFFE_PP_/D (DFFHQNx1_ASAP7_75t_R) 1368.57 1455.76  -87.19 (VIOLATED)
u_e.g_mac[0].g_tr2.u_tree.held[17][17]$_DFFE_PP_/D (DFFHQNx1_ASAP7_75t_R) 1369.16 1456.35  -87.19 (VIOLATED)
u_e.g_mac[0].g_l2.u_l0.p1_p[21][6]$_DFF_P_/D (DFFHQNx1_ASAP7_75t_R) 1383.63 1470.82  -87.19 (VIOLATED)
u_e.g_mac[0].g_tr2.u_tree.held[33][20]$_DFFE_PP_/D (DFFHQNx1_ASAP7_75t_R) 1366.10 1453.28  -87.18 (VIOLATED)
u_e.g_mac[0].g_tr2.u_tree.held[67][17]$_DFFE_PP_/D (DFFHQNx1_ASAP7_75t_R) 1364.98 1452.15  -87.17 (VIOLATED)
u_e.g_mac[0].g_tr2.u_tree.held[78][27]$_DFFE_PP_/D (DFFHQNx1_ASAP7_75t_R) 1364.75 1451.91  -87.15 (VIOLATED)
u_e.g_mac[1].g_l2.u_l0.p0_wq[55]$_SDFF_PP0_/D (DFFHQNx2_ASAP7_75t_R) 1362.89 1449.98  -87.09 (VIOLATED)
u_e.g_mac[0].g_tr2.u_tree.held[6][22]$_DFFE_PP_/D (DFFHQNx1_ASAP7_75t_R) 1363.32 1450.38  -87.06 (VIOLATED)
u_e.g_mac[1].g_l2.u_l0.p0_wq[27]$_DFF_P_/D (DFFHQNx1_ASAP7_75t_R) 1356.74 1443.79  -87.05 (VIOLATED)
u_e.g_mac[0].g_tr2.u_tree.held[65][28]$_DFFE_PP_/D (DFFHQNx1_ASAP7_75t_R) 1359.92 1446.96  -87.03 (VIOLATED)
u_e.g_mac[0].g_l2.u_l0.p1_p[25][6]$_DFF_P_/D (DFFHQNx1_ASAP7_75t_R) 1395.32 1482.31  -86.99 (VIOLATED)
u_e.g_mac[0].g_tr2.u_tree.held[65][27]$_DFFE_PP_/D (DFFHQNx1_ASAP7_75t_R) 1366.15 1453.14  -86.99 (VIOLATED)
u_e.g_mac[0].g_tr2.u_tree.held[27][13]$_DFFE_PP_/D (DFFHQNx1_ASAP7_75t_R) 1367.21 1454.19  -86.98 (VIOLATED)
u_e.g_mac[1].g_l2.u_l0.p2_c[17]$_DFF_P_/D (DFFHQNx1_ASAP7_75t_R) 1351.15 1438.13  -86.97 (VIOLATED)
u_e.g_mac[1].g_l2.u_l0.p1_sh[9][4]$_DFF_P_/D (DFFHQNx1_ASAP7_75t_R) 1356.20 1443.17  -86.97 (VIOLATED)
u_e.g_mac[0].g_tr2.u_tree.held[12][17]$_DFFE_PP_/D (DFFHQNx1_ASAP7_75t_R) 1366.99 1453.95  -86.96 (VIOLATED)
u_e.g_mac[0].g_tr2.u_tree.held[55][23]$_DFFE_PP_/D (DFFHQNx1_ASAP7_75t_R) 1364.20 1451.15  -86.95 (VIOLATED)
u_e.g_mac[0].g_tr2.u_tree.herr[6]$_DFFE_PN0P_/D (DFFASRHQNx1_ASAP7_75t_R) 1354.79 1441.73  -86.94 (VIOLATED)
u_e.g_mac[0].g_l2.u_l0.p1_p[17][8]$_SDFF_PN0_/D (DFFHQNx1_ASAP7_75t_R) 1377.93 1464.86  -86.93 (VIOLATED)
u_e.g_mac[0].g_l2.u_l0.p1_p[16][3]$_DFF_P_/D (DFFHQNx1_ASAP7_75t_R) 1359.30 1446.20  -86.90 (VIOLATED)
u_e.g_mac[0].g_tr2.u_tree.held[3][28]$_DFFE_PP_/D (DFFHQNx1_ASAP7_75t_R) 1366.64 1453.55  -86.90 (VIOLATED)
u_e.g_mac[1].g_l2.u_l1.p2_c[29]$_DFF_P_/D (DFFHQNx1_ASAP7_75t_R) 1362.49 1449.37  -86.88 (VIOLATED)
u_e.g_mac[1].g_l2.u_l0.p0_wq[182]$_SDFF_PP0_/D (DFFHQNx1_ASAP7_75t_R) 1360.02 1446.90  -86.87 (VIOLATED)
u_e.g_mac[0].g_tr2.u_tree.held[30][28]$_DFFE_PP_/D (DFFHQNx1_ASAP7_75t_R) 1356.31 1443.17  -86.86 (VIOLATED)
u_e.g_mac[0].g_tr2.u_tree.held[50][21]$_DFFE_PP_/D (DFFHQNx1_ASAP7_75t_R) 1362.67 1449.51  -86.84 (VIOLATED)
u_e.g_mac[1].g_tr2.u_tree.infl[4][1]$_DFF_PN0_/D (DFFASRHQNx1_ASAP7_75t_R) 1370.70 1457.53  -86.83 (VIOLATED)
u_e.g_mac[0].g_tr2.u_tree.held[67][25]$_DFFE_PP_/D (DFFHQNx1_ASAP7_75t_R) 1365.78 1452.61  -86.83 (VIOLATED)
u_e.g_mac[0].g_tr2.u_tree.held[7][15]$_DFFE_PP_/D (DFFHQNx1_ASAP7_75t_R) 1360.15 1446.97  -86.82 (VIOLATED)
u_e.g_mac[0].g_tr2.u_tree.held[3][17]$_DFFE_PP_/D (DFFHQNx1_ASAP7_75t_R) 1367.17 1453.99  -86.82 (VIOLATED)
u_e.g_mac[0].g_tr2.u_tree.held[55][24]$_DFFE_PP_/D (DFFHQNx1_ASAP7_75t_R) 1365.05 1451.82  -86.76 (VIOLATED)
u_e.g_mac[0].g_tr2.u_tree.held[19][16]$_DFFE_PP_/D (DFFHQNx1_ASAP7_75t_R) 1367.57 1454.32  -86.75 (VIOLATED)
u_e.g_qt_hit.g_hc[0].d_b[0]$_SDFFE_PP0P_/D (DFFHQNx1_ASAP7_75t_R) 1401.71 1488.41  -86.71 (VIOLATED)
u_e.g_mac[1].g_l2.u_l0.p2_c[26]$_DFF_P_/D (DFFHQNx1_ASAP7_75t_R) 1362.98 1449.64  -86.66 (VIOLATED)
u_e.n_j[2]$_SDFFCE_PP0P_/D (DFFHQNx1_ASAP7_75t_R) 1416.15 1502.81  -86.66 (VIOLATED)
u_e.g_mac[0].g_tr2.u_tree.herr[68]$_DFFE_PN0P_/D (DFFASRHQNx1_ASAP7_75t_R) 1350.63 1437.29  -86.65 (VIOLATED)
u_e.g_mac[0].g_tr2.u_tree.held[20][26]$_DFFE_PP_/D (DFFHQNx1_ASAP7_75t_R) 1357.17 1443.77  -86.60 (VIOLATED)
u_e.g_mac[0].g_tr2.u_tree.held[74][17]$_DFFE_PP_/D (DFFHQNx1_ASAP7_75t_R) 1365.78 1452.37  -86.59 (VIOLATED)
u_e.g_mac[0].g_tr2.u_tree.held[30][26]$_DFFE_PP_/D (DFFHQNx1_ASAP7_75t_R) 1356.45 1443.03  -86.58 (VIOLATED)
u_e.g_mac[0].g_ch2.u_c1.u_add.u_c0.g_r.r[15]$_SDFF_PP0_/D (DFFHQNx1_ASAP7_75t_R) 1369.25 1455.82  -86.57 (VIOLATED)
u_e.g_mac[0].g_tr2.u_tree.held[6][24]$_DFFE_PP_/D (DFFHQNx1_ASAP7_75t_R) 1363.49 1450.07  -86.57 (VIOLATED)
u_e.g_mac[0].g_tr2.u_tree.held[49][25]$_DFFE_PP_/D (DFFHQNx1_ASAP7_75t_R) 1365.96 1452.50  -86.54 (VIOLATED)
u_e.g_mac[0].g_tr2.u_tree.herr[50]$_DFFE_PN0P_/D (DFFASRHQNx1_ASAP7_75t_R) 1355.45 1441.99  -86.54 (VIOLATED)
u_e.g_mac[0].g_tr2.u_tree.held[64][30]$_DFFE_PP_/D (DFFHQNx1_ASAP7_75t_R) 1364.38 1450.89  -86.50 (VIOLATED)
u_e.g_mac[0].g_l2.u_l1.p0_wq[177]$_DFF_P_/D (DFFHQNx1_ASAP7_75t_R) 1379.97 1466.45  -86.49 (VIOLATED)
u_e.g_mac[1].g_tr2.u_tree.add_b[12]$_SDFF_PN0_/D (DFFHQNx1_ASAP7_75t_R) 1374.19 1460.67  -86.48 (VIOLATED)
u_e.g_mac[0].g_tr2.u_tree.held[17][18]$_DFFE_PP_/D (DFFHQNx1_ASAP7_75t_R) 1368.82 1455.29  -86.48 (VIOLATED)
u_e.g_mac[0].g_tr2.u_tree.held[14][28]$_DFFE_PP_/D (DFFHQNx1_ASAP7_75t_R) 1356.33 1442.78  -86.46 (VIOLATED)
u_e.g_mac[0].g_tr2.u_tree.held[43][15]$_DFFE_PP_/D (DFFHQNx1_ASAP7_75t_R) 1360.82 1447.27  -86.45 (VIOLATED)
u_e.g_mac[0].g_tr2.u_tree.held[46][17]$_DFFE_PP_/D (DFFHQNx1_ASAP7_75t_R) 1367.31 1453.75  -86.45 (VIOLATED)
u_e.nB[3]$_DFFE_PP_/D (DFFHQNx1_ASAP7_75t_R) 1407.98 1494.42  -86.44 (VIOLATED)
u_e.g_mac[0].g_l2.u_l0.p2_c[198]$_DFF_P_/D (DFFHQNx1_ASAP7_75t_R) 1361.90 1448.28  -86.38 (VIOLATED)
u_e.g_mac[1].g_ch2.u_c1.u_add.u_c0.g_r.r[4]$_SDFF_PP0_/D (DFFHQNx1_ASAP7_75t_R) 1359.46 1445.84  -86.38 (VIOLATED)
u_e.g_mac[0].g_tr2.u_tree.held[77][20]$_DFFE_PP_/D (DFFHQNx1_ASAP7_75t_R) 1364.35 1450.72  -86.37 (VIOLATED)
u_e.g_mac[0].g_tr2.u_tree.herr[17]$_DFFE_PN0P_/D (DFFASRHQNx1_ASAP7_75t_R) 1357.31 1443.65  -86.33 (VIOLATED)
u_e.g_mac[0].g_tr2.u_tree.held[3][21]$_DFFE_PP_/D (DFFHQNx1_ASAP7_75t_R) 1366.72 1453.04  -86.32 (VIOLATED)
u_e.g_mac[0].g_ch2.u_c1.u_add.u_c0.g_r.r[20]$_SDFF_PP0_/D (DFFHQNx1_ASAP7_75t_R) 1369.18 1455.49  -86.30 (VIOLATED)
u_e.g_mac[0].g_tr2.u_tree.held[13][26]$_DFFE_PP_/D (DFFHQNx1_ASAP7_75t_R) 1357.05 1443.35  -86.30 (VIOLATED)
u_e.g_mac[0].g_tr2.u_tree.held[17][28]$_DFFE_PP_/D (DFFHQNx1_ASAP7_75t_R) 1359.44 1445.72  -86.28 (VIOLATED)
u_e.g_mac[0].g_ch2.u_c1.u_add.u_c0.g_r.r[24]$_SDFF_PP0_/D (DFFHQNx1_ASAP7_75t_R) 1368.71 1454.97  -86.25 (VIOLATED)
u_e.g_mac[0].g_tr2.u_tree.held[74][15]$_DFFE_PP_/D (DFFHQNx1_ASAP7_75t_R) 1361.16 1447.41  -86.25 (VIOLATED)
u_e.g_mac[0].g_ch2.u_c1.u_add.u_c0.g_r.r[17]$_SDFF_PP0_/D (DFFHQNx1_ASAP7_75t_R) 1369.73 1455.98  -86.25 (VIOLATED)
u_e.g_mac[0].g_tr2.u_tree.held[20][15]$_DFFE_PP_/D (DFFHQNx1_ASAP7_75t_R) 1364.74 1450.98  -86.24 (VIOLATED)
u_e.g_qt_hit.g_hc[0].d_b[1]$_SDFFE_PP0P_/D (DFFHQNx1_ASAP7_75t_R) 1401.88 1488.10  -86.22 (VIOLATED)
u_e.g_mac[0].g_tr2.u_tree.held[70][29]$_DFFE_PP_/D (DFFHQNx1_ASAP7_75t_R) 1363.77 1449.99  -86.22 (VIOLATED)
u_e.g_mac[0].g_tr2.u_tree.held[39][29]$_DFFE_PP_/D (DFFHQNx1_ASAP7_75t_R) 1364.98 1451.18  -86.20 (VIOLATED)
u_e.g_mac[0].g_tr2.u_tree.held[37][22]$_DFFE_PP_/D (DFFHQNx1_ASAP7_75t_R) 1365.33 1451.53  -86.20 (VIOLATED)
u_e.g_mac[0].g_tr2.u_tree.held[22][26]$_DFFE_PP_/D (DFFHQNx1_ASAP7_75t_R) 1357.36 1443.49  -86.13 (VIOLATED)
u_e.g_mac[0].g_tr2.u_tree.held[22][28]$_DFFE_PP_/D (DFFHQNx1_ASAP7_75t_R) 1358.28 1444.37  -86.09 (VIOLATED)
u_e.g_mac[0].g_tr2.u_tree.held[17][21]$_DFFE_PP_/D (DFFHQNx1_ASAP7_75t_R) 1369.69 1455.77  -86.09 (VIOLATED)
u_e.g_mac[0].g_tr2.u_tree.held[14][25]$_DFFE_PP_/D (DFFHQNx1_ASAP7_75t_R) 1366.05 1452.10  -86.06 (VIOLATED)
u_e.g_mac[0].g_tr2.u_tree.held[40][17]$_DFFE_PP_/D (DFFHQNx1_ASAP7_75t_R) 1367.12 1453.17  -86.05 (VIOLATED)
u_e.g_mac[0].g_tr2.u_tree.held[63][13]$_DFFE_PP_/D (DFFHQNx1_ASAP7_75t_R) 1367.11 1453.15  -86.05 (VIOLATED)
u_e.g_mac[0].g_tr2.u_tree.held[0][29]$_DFFE_PP_/D (DFFHQNx1_ASAP7_75t_R) 1364.78 1450.82  -86.04 (VIOLATED)
u_e.g_mac[0].g_tr2.u_tree.held[62][30]$_DFFE_PP_/D (DFFHQNx1_ASAP7_75t_R) 1360.88 1446.89  -86.01 (VIOLATED)
u_e.g_mac[0].g_tr2.u_tree.held[65][24]$_DFFE_PP_/D (DFFHQNx1_ASAP7_75t_R) 1365.58 1451.59  -86.01 (VIOLATED)
u_e.g_mac[0].g_tr2.u_tree.held[21][27]$_DFFE_PP_/D (DFFHQNx1_ASAP7_75t_R) 1366.79 1452.80  -86.01 (VIOLATED)
u_e.g_mac[0].g_tr2.u_tree.held[7][18]$_DFFE_PP_/D (DFFHQNx1_ASAP7_75t_R) 1361.24 1447.24  -86.00 (VIOLATED)
u_e.g_mac[0].g_tr2.u_tree.held[7][20]$_DFFE_PP_/D (DFFHQNx1_ASAP7_75t_R) 1361.30 1447.26  -85.96 (VIOLATED)
u_e.g_mac[0].g_tr2.u_tree.held[31][14]$_DFFE_PP_/D (DFFHQNx1_ASAP7_75t_R) 1366.60 1452.52  -85.92 (VIOLATED)
u_e.g_mac[0].g_tr2.u_tree.held[74][27]$_DFFE_PP_/D (DFFHQNx1_ASAP7_75t_R) 1365.91 1451.82  -85.90 (VIOLATED)
u_e.g_mac[1].g_l2.u_l0.p2_c[6]$_DFF_P_/D (DFFHQNx1_ASAP7_75t_R) 1348.76 1434.65  -85.88 (VIOLATED)
u_e.g_mac[1].g_l2.u_l0.p0_wq[14]$_SDFF_PP0_/D (DFFHQNx1_ASAP7_75t_R) 1357.41 1443.29  -85.88 (VIOLATED)
u_e.g_mac[0].g_tr2.u_tree.held[33][30]$_DFFE_PP_/D (DFFHQNx1_ASAP7_75t_R) 1365.08 1450.94  -85.87 (VIOLATED)
u_e.g_mac[0].g_tr2.u_tree.held[52][29]$_DFFE_PP_/D (DFFHQNx1_ASAP7_75t_R) 1364.62 1450.48  -85.86 (VIOLATED)
u_e.g_mac[0].g_tr2.u_tree.held[33][29]$_DFFE_PP_/D (DFFHQNx1_ASAP7_75t_R) 1364.97 1450.83  -85.86 (VIOLATED)
u_e.g_mac[1].g_l2.u_l0.p1_p[17][4]$_DFF_P_/D (DFFHQNx1_ASAP7_75t_R) 1358.18 1444.01  -85.83 (VIOLATED)
u_e.g_mac[0].g_tr2.u_tree.herr[1]$_DFFE_PN0P_/D (DFFASRHQNx1_ASAP7_75t_R) 1350.92 1436.75  -85.83 (VIOLATED)
u_e.g_mac[0].g_tr2.u_tree.held[14][24]$_DFFE_PP_/D (DFFHQNx1_ASAP7_75t_R) 1356.36 1442.19  -85.82 (VIOLATED)
u_e.g_qt_hit.g_hc[0].d_b[2]$_SDFFE_PP0P_/D (DFFHQNx1_ASAP7_75t_R) 1402.05 1487.82  -85.77 (VIOLATED)
u_e.g_mac[1].g_tr2.u_tree.infl[5][0]$_DFF_PN0_/D (DFFASRHQNx1_ASAP7_75t_R) 1371.44 1457.21  -85.76 (VIOLATED)
u_e.g_mac[1].g_l2.u_l0.p2_c[37]$_DFF_P_/D (DFFHQNx1_ASAP7_75t_R) 1348.18 1433.91  -85.73 (VIOLATED)
u_e.g_mac[0].g_tr2.u_tree.held[67][28]$_DFFE_PP_/D (DFFHQNx1_ASAP7_75t_R) 1366.84 1452.39  -85.55 (VIOLATED)
u_e.g_mac[0].g_tr2.u_tree.held[20][19]$_DFFE_PP_/D (DFFHQNx1_ASAP7_75t_R) 1364.86 1450.38  -85.52 (VIOLATED)
u_e.g_mac[0].g_tr2.u_tree.held[27][27]$_DFFE_PP_/D (DFFHQNx1_ASAP7_75t_R) 1368.77 1454.27  -85.50 (VIOLATED)
u_e.g_mac[0].g_tr2.u_tree.held[7][21]$_DFFE_PP_/D (DFFHQNx1_ASAP7_75t_R) 1363.63 1449.11  -85.49 (VIOLATED)
u_e.g_mac[0].g_ch2.u_c1.u_add.u_c0.g_r.r[1]$_SDFF_PP0_/D (DFFHQNx1_ASAP7_75t_R) 1368.24 1453.69  -85.44 (VIOLATED)
u_e.g_mac[0].g_tr2.u_tree.held[46][18]$_DFFE_PP_/D (DFFHQNx1_ASAP7_75t_R) 1361.52 1446.96  -85.44 (VIOLATED)
u_e.g_mac[1].g_ch2.u_c1.u_add.u_c0.g_r.r[31]$_SDFF_PP0_/D (DFFHQNx1_ASAP7_75t_R) 1358.26 1443.66  -85.41 (VIOLATED)
u_e.g_mac[0].g_tr2.u_tree.held[57][23]$_DFFE_PP_/D (DFFHQNx1_ASAP7_75t_R) 1364.46 1449.86  -85.40 (VIOLATED)
u_e.g_mac[0].g_ch2.u_c1.u_add.u_c0.g_r.r[18]$_SDFF_PP0_/D (DFFHQNx1_ASAP7_75t_R) 1369.15 1454.54  -85.40 (VIOLATED)
u_e.g_mac[1].g_tr2.u_tree.held[48][17]$_DFFE_PP_/D (DFFHQNx1_ASAP7_75t_R) 1359.41 1444.80  -85.39 (VIOLATED)
u_e.g_mac[0].g_tr2.u_tree.held[21][23]$_DFFE_PP_/D (DFFHQNx1_ASAP7_75t_R) 1367.61 1453.00  -85.38 (VIOLATED)
u_e.g_mac[0].g_tr2.u_tree.held[0][17]$_DFFE_PP_/D (DFFHQNx1_ASAP7_75t_R) 1366.82 1452.16  -85.34 (VIOLATED)
u_e.g_mac[0].g_l2.u_l0.p1_sh[8][2]$_DFF_P_/D (DFFHQNx1_ASAP7_75t_R) 1392.30 1477.63  -85.33 (VIOLATED)
u_e.g_mac[0].g_ch2.u_c1.u_add.u_c0.g_r.r[5]$_SDFF_PP0_/D (DFFHQNx1_ASAP7_75t_R) 1369.22 1454.54  -85.32 (VIOLATED)
u_e.g_mac[0].g_tr2.u_tree.held[67][20]$_DFFE_PP_/D (DFFHQNx1_ASAP7_75t_R) 1366.63 1451.93  -85.30 (VIOLATED)
u_e.g_mac[1].g_l2.u_l0.p1_p[10][4]$_DFF_P_/D (DFFHQNx1_ASAP7_75t_R) 1359.79 1445.07  -85.29 (VIOLATED)
u_e.g_mac[1].g_l2.u_l0.p1_p[21][4]$_DFF_P_/D (DFFHQNx1_ASAP7_75t_R) 1360.92 1446.21  -85.28 (VIOLATED)
u_e.g_mac[0].g_tr2.u_tree.held[14][0]$_DFFE_PP_/D (DFFHQNx1_ASAP7_75t_R) 1367.26 1452.54  -85.27 (VIOLATED)
u_e.g_mac[1].g_l2.u_l0.p1_p[11][3]$_DFF_P_/D (DFFHQNx1_ASAP7_75t_R) 1386.73 1472.00  -85.27 (VIOLATED)
u_e.g_mac[1].g_l2.u_l1.p2_c[11]$_DFF_P_/D (DFFHQNx1_ASAP7_75t_R) 1362.52 1447.74  -85.22 (VIOLATED)
u_e.g_mac[0].g_tr2.u_tree.held[39][26]$_DFFE_PP_/D (DFFHQNx1_ASAP7_75t_R) 1364.67 1449.89  -85.22 (VIOLATED)
u_e.g_mac[0].g_tr2.u_tree.held[18][27]$_DFFE_PP_/D (DFFHQNx1_ASAP7_75t_R) 1365.13 1450.35  -85.21 (VIOLATED)
u_e.g_mac[0].g_tr2.u_tree.held[61][26]$_DFFE_PP_/D (DFFHQNx1_ASAP7_75t_R) 1357.50 1442.71  -85.21 (VIOLATED)
u_e.g_mac[0].g_tr2.u_tree.held[48][18]$_DFFE_PP_/D (DFFHQNx1_ASAP7_75t_R) 1365.63 1450.84  -85.21 (VIOLATED)
u_e.g_mac[0].g_tr2.u_tree.held[39][20]$_DFFE_PP_/D (DFFHQNx1_ASAP7_75t_R) 1365.49 1450.70  -85.21 (VIOLATED)
u_e.g_mac[0].g_tr2.u_tree.held[78][29]$_DFFE_PP_/D (DFFHQNx1_ASAP7_75t_R) 1361.68 1446.85  -85.17 (VIOLATED)
u_e.g_mac[0].g_tr2.u_tree.held[20][17]$_DFFE_PP_/D (DFFHQNx1_ASAP7_75t_R) 1365.11 1450.26  -85.15 (VIOLATED)
u_e.g_mac[0].g_ch2.u_c1.u_add.u_c0.g_r.r[6]$_SDFF_PP0_/D (DFFHQNx1_ASAP7_75t_R) 1369.54 1454.67  -85.13 (VIOLATED)
u_e.g_mac[0].g_tr2.u_tree.held[77][9]$_DFFE_PP_/D (DFFHQNx1_ASAP7_75t_R) 1364.04 1449.15  -85.11 (VIOLATED)
u_e.g_mac[0].g_tr2.u_tree.infl[11][0]$_DFF_PN0_/D (DFFASRHQNx1_ASAP7_75t_R) 1416.23 1501.32  -85.10 (VIOLATED)
u_e.g_mac[1].g_l2.u_l0.p2_c[15]$_DFF_P_/D (DFFHQNx1_ASAP7_75t_R) 1354.66 1439.76  -85.09 (VIOLATED)
u_e.g_mac[0].g_tr2.u_tree.held[17][15]$_DFFE_PP_/D (DFFHQNx1_ASAP7_75t_R) 1370.07 1455.13  -85.05 (VIOLATED)
u_e.g_mac[0].g_tr2.u_tree.held[72][19]$_DFFE_PP_/D (DFFHQNx1_ASAP7_75t_R) 1366.47 1451.52  -85.05 (VIOLATED)
u_e.g_mac[0].g_tr2.u_tree.herr[61]$_DFFE_PN0P_/D (DFFASRHQNx1_ASAP7_75t_R) 1350.86 1435.91  -85.05 (VIOLATED)
u_e.g_mac[0].g_tr2.u_tree.held[21][17]$_DFFE_PP_/D (DFFHQNx1_ASAP7_75t_R) 1365.03 1450.07  -85.04 (VIOLATED)
u_e.g_mac[1].g_tr2.u_tree.add_b[16]$_SDFF_PN0_/D (DFFHQNx1_ASAP7_75t_R) 1377.58 1462.61  -85.03 (VIOLATED)
u_e.g_mac[0].g_tr2.u_tree.herr[41]$_DFFE_PN0P_/D (DFFASRHQNx1_ASAP7_75t_R) 1351.15 1436.18  -85.03 (VIOLATED)
u_e.g_mac[0].g_tr2.u_tree.held[40][19]$_DFFE_PP_/D (DFFHQNx1_ASAP7_75t_R) 1367.38 1452.38  -85.00 (VIOLATED)
u_e.g_mac[0].g_tr2.u_tree.held[31][20]$_DFFE_PP_/D (DFFHQNx1_ASAP7_75t_R) 1366.86 1451.84  -84.98 (VIOLATED)
u_e.g_mac[0].g_ch2.u_c1.u_add.u_c0.g_r.r[21]$_SDFF_PP0_/D (DFFHQNx1_ASAP7_75t_R) 1369.37 1454.30  -84.93 (VIOLATED)
u_e.g_mac[0].g_ch2.u_c1.u_add.u_c0.g_r.r[8]$_SDFF_PP0_/D (DFFHQNx1_ASAP7_75t_R) 1369.14 1454.03  -84.89 (VIOLATED)
u_e.g_mac[1].g_tr2.u_tree.held[12][14]$_DFFE_PP_/D (DFFHQNx1_ASAP7_75t_R) 1380.56 1465.42  -84.86 (VIOLATED)
u_e.g_mac[0].g_tr2.u_tree.held[39][17]$_DFFE_PP_/D (DFFHQNx1_ASAP7_75t_R) 1365.19 1450.01  -84.82 (VIOLATED)
u_e.g_mac[0].g_tr2.u_tree.held[39][0]$_DFFE_PP_/D (DFFHQNx1_ASAP7_75t_R) 1366.72 1451.53  -84.81 (VIOLATED)
u_e.g_mac[0].g_tr2.u_tree.held[34][28]$_DFFE_PP_/D (DFFHQNx1_ASAP7_75t_R) 1356.02 1440.82  -84.80 (VIOLATED)
u_e.g_mac[0].g_tr2.u_tree.held[3][26]$_DFFE_PP_/D (DFFHQNx1_ASAP7_75t_R) 1360.55 1445.34  -84.80 (VIOLATED)
u_e.g_mac[0].g_tr2.u_tree.held[16][27]$_DFFE_PP_/D (DFFHQNx1_ASAP7_75t_R) 1364.10 1448.87  -84.77 (VIOLATED)
u_e.g_mac[0].g_ch2.u_c1.u_add.u_c0.g_r.r[2]$_SDFF_PP0_/D (DFFHQNx1_ASAP7_75t_R) 1368.91 1453.66  -84.75 (VIOLATED)
u_e.g_mac[0].g_tr2.u_tree.held[33][21]$_DFFE_PP_/D (DFFHQNx1_ASAP7_75t_R) 1369.96 1454.71  -84.75 (VIOLATED)
u_e.g_mac[0].g_tr2.u_tree.held[0][13]$_DFFE_PP_/D (DFFHQNx1_ASAP7_75t_R) 1367.12 1451.86  -84.74 (VIOLATED)
u_e.g_mac[1].g_l2.u_l0.p2_c[44]$_DFF_P_/D (DFFHQNx1_ASAP7_75t_R) 1345.49 1430.22  -84.73 (VIOLATED)
u_e.g_mac[0].g_tr2.u_tree.held[3][18]$_DFFE_PP_/D (DFFHQNx1_ASAP7_75t_R) 1369.14 1453.87  -84.73 (VIOLATED)
u_e.g_mac[0].g_tr2.u_tree.held[30][29]$_DFFE_PP_/D (DFFHQNx1_ASAP7_75t_R) 1364.77 1449.46  -84.68 (VIOLATED)
u_e.g_mac[0].g_tr2.u_tree.held[49][19]$_DFFE_PP_/D (DFFHQNx1_ASAP7_75t_R) 1365.63 1450.27  -84.64 (VIOLATED)
u_e.g_mac[0].g_tr2.u_tree.held[70][17]$_DFFE_PP_/D (DFFHQNx1_ASAP7_75t_R) 1364.86 1449.50  -84.64 (VIOLATED)
u_e.g_mac[0].g_tr2.u_tree.held[7][27]$_DFFE_PP_/D (DFFHQNx1_ASAP7_75t_R) 1365.56 1450.19  -84.63 (VIOLATED)
u_e.g_mac[0].g_l2.u_l0.p2_c[28]$_DFF_P_/D (DFFHQNx1_ASAP7_75t_R) 1357.46 1442.09  -84.63 (VIOLATED)
u_e.g_mac[0].g_tr2.u_tree.held[5][30]$_DFFE_PP_/D (DFFHQNx1_ASAP7_75t_R) 1364.17 1448.76  -84.59 (VIOLATED)
u_e.g_mac[0].g_tr2.u_tree.held[39][16]$_DFFE_PP_/D (DFFHQNx1_ASAP7_75t_R) 1367.22 1451.80  -84.58 (VIOLATED)
u_e.g_mac[0].g_ch2.u_c1.u_add.u_c0.g_r.r[7]$_SDFF_PP0_/D (DFFHQNx1_ASAP7_75t_R) 1368.70 1453.27  -84.57 (VIOLATED)
u_e.g_mac[0].g_tr2.u_tree.held[49][26]$_DFFE_PP_/D (DFFHQNx1_ASAP7_75t_R) 1364.67 1449.21  -84.55 (VIOLATED)
u_e.g_mac[0].g_tr2.u_tree.held[40][24]$_DFFE_PP_/D (DFFHQNx1_ASAP7_75t_R) 1365.53 1450.07  -84.53 (VIOLATED)
u_e.g_mac[0].g_l2.u_l0.p1_p[25][7]$_DFF_P_/D (DFFHQNx1_ASAP7_75t_R) 1394.32 1478.85  -84.53 (VIOLATED)
u_e.g_mac[0].g_tr2.u_tree.held[49][29]$_DFFE_PP_/D (DFFHQNx1_ASAP7_75t_R) 1364.68 1449.15  -84.48 (VIOLATED)
u_e.g_mac[1].g_l2.u_l0.p1_sh[10][2]$_DFF_P_/D (DFFHQNx1_ASAP7_75t_R) 1356.65 1441.10  -84.46 (VIOLATED)
u_e.g_mac[0].g_tr2.u_tree.held[61][28]$_DFFE_PP_/D (DFFHQNx1_ASAP7_75t_R) 1358.16 1442.61  -84.45 (VIOLATED)
u_e.g_mac[0].g_l2.u_l0.p1_p[21][7]$_DFF_P_/D (DFFHQNx1_ASAP7_75t_R) 1383.29 1467.73  -84.44 (VIOLATED)
u_e.g_mac[0].g_tr2.u_tree.held[21][26]$_DFFE_PP_/D (DFFHQNx1_ASAP7_75t_R) 1368.24 1452.65  -84.41 (VIOLATED)
u_e.g_mac[0].g_tr2.u_tree.held[57][19]$_DFFE_PP_/D (DFFHQNx1_ASAP7_75t_R) 1364.37 1448.72  -84.35 (VIOLATED)
u_e.g_mac[0].g_l2.u_l0.p1_p[20][8]$_SDFF_PN0_/D (DFFHQNx1_ASAP7_75t_R) 1362.75 1447.07  -84.32 (VIOLATED)
u_e.g_mac[0].g_tr2.u_tree.held[70][28]$_DFFE_PP_/D (DFFHQNx1_ASAP7_75t_R) 1366.82 1451.14  -84.32 (VIOLATED)
u_e.g_mac[0].g_ch2.u_c1.u_add.u_c0.g_r.r[22]$_SDFF_PP0_/D (DFFHQNx1_ASAP7_75t_R) 1369.05 1453.37  -84.32 (VIOLATED)
u_e.g_qt_hit.g_hc[2].d_pos[2]$_SDFFE_PP0P_/D (DFFHQNx1_ASAP7_75t_R) 1401.80 1486.11  -84.32 (VIOLATED)
u_e.nA[23]$_DFFE_PP_/D (DFFHQNx1_ASAP7_75t_R) 1409.70 1494.02  -84.31 (VIOLATED)
u_e.g_mac[0].g_l2.u_l0.p2_c[181]$_DFF_P_/D (DFFHQNx1_ASAP7_75t_R) 1374.94 1459.24  -84.31 (VIOLATED)
u_e.g_mac[0].g_tr2.u_tree.held[33][25]$_DFFE_PP_/D (DFFHQNx1_ASAP7_75t_R) 1366.01 1450.32  -84.31 (VIOLATED)
u_e.g_mac[0].g_tr2.u_tree.herr[9]$_DFFE_PN0P_/D (DFFASRHQNx1_ASAP7_75t_R) 1351.26 1435.53  -84.27 (VIOLATED)
u_e.g_mac[0].g_l2.u_l0.p0_wq[216]$_DFF_P_/D (DFFHQNx1_ASAP7_75t_R) 1386.67 1470.93  -84.26 (VIOLATED)
u_e.g_mac[1].g_l2.u_l0.p1_p[8][8]$_SDFF_PN0_/D (DFFHQNx1_ASAP7_75t_R) 1374.45 1458.68  -84.24 (VIOLATED)
u_e.g_mac[0].g_tr2.u_tree.held[44][17]$_DFFE_PP_/D (DFFHQNx1_ASAP7_75t_R) 1366.14 1450.36  -84.21 (VIOLATED)
u_e.g_mac[0].g_ch2.u_c1.u_add.u_c0.g_r.r[0]$_SDFF_PP0_/D (DFFHQNx1_ASAP7_75t_R) 1369.28 1453.49  -84.21 (VIOLATED)
u_e.g_mac[0].g_ch2.u_c1.u_add.u_c0.g_r.r[3]$_SDFF_PP0_/D (DFFHQNx1_ASAP7_75t_R) 1369.29 1453.49  -84.20 (VIOLATED)
u_e.g_mac[0].g_tr2.u_tree.held[78][15]$_DFFE_PP_/D (DFFHQNx1_ASAP7_75t_R) 1368.90 1453.04  -84.13 (VIOLATED)
u_e.g_mac[0].g_tr2.u_tree.held[68][27]$_DFFE_PP_/D (DFFHQNx1_ASAP7_75t_R) 1364.86 1448.98  -84.12 (VIOLATED)
u_e.g_mac[0].g_ch2.u_c1.u_add.u_c0.g_r.r[4]$_SDFF_PP0_/D (DFFHQNx1_ASAP7_75t_R) 1368.83 1452.94  -84.12 (VIOLATED)
u_e.g_mac[1].g_l2.u_l0.p0_wq[174]$_SDFF_PP0_/D (DFFHQNx1_ASAP7_75t_R) 1380.38 1464.49  -84.10 (VIOLATED)
u_e.g_mac[1].g_l2.u_l0.p1_p[19][4]$_DFF_P_/D (DFFHQNx1_ASAP7_75t_R) 1367.97 1452.08  -84.10 (VIOLATED)
u_e.g_mac[0].g_tr2.u_tree.held[30][21]$_DFFE_PP_/D (DFFHQNx1_ASAP7_75t_R) 1365.80 1449.88  -84.07 (VIOLATED)
u_e.g_mac[0].g_tr2.u_tree.held[27][15]$_DFFE_PP_/D (DFFHQNx1_ASAP7_75t_R) 1369.10 1453.15  -84.05 (VIOLATED)
u_e.g_mac[1].g_l2.u_l0.p1_sh[9][3]$_DFF_P_/D (DFFHQNx1_ASAP7_75t_R) 1359.65 1443.66  -84.01 (VIOLATED)
u_e.g_mac[0].g_tr2.u_tree.held[44][9]$_DFFE_PP_/D (DFFHQNx1_ASAP7_75t_R) 1366.65 1450.65  -84.00 (VIOLATED)
u_e.g_mac[0].g_tr2.u_tree.held[45][30]$_DFFE_PP_/D (DFFHQNx1_ASAP7_75t_R) 1360.23 1444.17  -83.94 (VIOLATED)
u_e.g_mac[0].g_tr2.u_tree.held[3][19]$_DFFE_PP_/D (DFFHQNx1_ASAP7_75t_R) 1360.60 1444.49  -83.89 (VIOLATED)
u_e.g_mac[0].g_ch2.u_c1.u_add.u_c0.g_r.r[16]$_SDFF_PP0_/D (DFFHQNx1_ASAP7_75t_R) 1369.28 1453.14  -83.87 (VIOLATED)
u_e.g_mac[1].g_l2.u_l0.p1_p[15][3]$_DFF_P_/D (DFFHQNx1_ASAP7_75t_R) 1358.59 1442.45  -83.86 (VIOLATED)
u_e.g_mac[0].g_tr2.u_tree.held[72][17]$_DFFE_PP_/D (DFFHQNx1_ASAP7_75t_R) 1364.90 1448.75  -83.85 (VIOLATED)
u_e.g_mac[0].g_tr2.u_tree.held[19][27]$_DFFE_PP_/D (DFFHQNx1_ASAP7_75t_R) 1367.15 1450.98  -83.84 (VIOLATED)
u_e.g_mac[1].g_l2.u_l0.p2_c[10]$_DFF_P_/D (DFFHQNx1_ASAP7_75t_R) 1351.71 1435.54  -83.83 (VIOLATED)
u_e.g_mac[0].g_tr2.u_tree.held[78][18]$_DFFE_PP_/D (DFFHQNx1_ASAP7_75t_R) 1361.32 1445.15  -83.83 (VIOLATED)
u_e.g_qt_hit.g_hc[1].d_run$_DFFE_PN0P_/D (DFFASRHQNx1_ASAP7_75t_R) 1393.00 1476.81  -83.81 (VIOLATED)
u_e.g_mac[0].g_tr2.u_tree.held[40][30]$_DFFE_PP_/D (DFFHQNx1_ASAP7_75t_R) 1364.45 1448.25  -83.80 (VIOLATED)
u_e.g_mac[0].g_tr2.u_tree.held[21][24]$_DFFE_PP_/D (DFFHQNx1_ASAP7_75t_R) 1369.27 1453.05  -83.77 (VIOLATED)
u_e.g_mac[0].g_tr2.u_tree.held[57][18]$_DFFE_PP_/D (DFFHQNx1_ASAP7_75t_R) 1368.29 1452.03  -83.74 (VIOLATED)
u_e.g_mac[0].g_tr2.u_tree.herr[38]$_DFFE_PN0P_/D (DFFASRHQNx1_ASAP7_75t_R) 1357.61 1441.35  -83.74 (VIOLATED)
u_e.g_mac[0].g_tr2.u_tree.held[44][13]$_DFFE_PP_/D (DFFHQNx1_ASAP7_75t_R) 1366.34 1450.07  -83.73 (VIOLATED)
u_e.g_mac[1].g_l2.u_l0.p1_p[1][8]$_SDFF_PN0_/D (DFFHQNx1_ASAP7_75t_R) 1370.47 1454.20  -83.73 (VIOLATED)
u_e.g_mac[0].g_tr2.u_tree.held[74][21]$_DFFE_PP_/D (DFFHQNx1_ASAP7_75t_R) 1362.39 1446.07  -83.68 (VIOLATED)
u_e.g_mac[0].g_tr2.u_tree.held[16][17]$_DFFE_PP_/D (DFFHQNx1_ASAP7_75t_R) 1364.60 1448.26  -83.66 (VIOLATED)
u_e.g_mac[0].g_tr2.u_tree.held[13][28]$_DFFE_PP_/D (DFFHQNx1_ASAP7_75t_R) 1360.02 1443.66  -83.64 (VIOLATED)
u_e.g_mac[0].g_tr2.u_tree.held[34][22]$_DFFE_PP_/D (DFFHQNx1_ASAP7_75t_R) 1356.56 1440.19  -83.63 (VIOLATED)
u_e.g_mac[0].g_tr2.u_tree.held[39][25]$_DFFE_PP_/D (DFFHQNx1_ASAP7_75t_R) 1366.78 1450.36  -83.59 (VIOLATED)
u_e.g_mac[0].g_tr2.u_tree.held[39][7]$_DFFE_PP_/D (DFFHQNx1_ASAP7_75t_R) 1368.50 1452.08  -83.58 (VIOLATED)
u_e.g_mac[0].g_tr2.u_tree.held[59][23]$_DFFE_PP_/D (DFFHQNx1_ASAP7_75t_R) 1365.15 1448.71  -83.55 (VIOLATED)
u_e.g_mac[0].g_tr2.u_tree.held[79][28]$_DFFE_PP_/D (DFFHQNx1_ASAP7_75t_R) 1359.91 1443.45  -83.54 (VIOLATED)
u_e.nB[1]$_DFFE_PP_/D (DFFHQNx1_ASAP7_75t_R) 1408.65 1492.17  -83.52 (VIOLATED)
u_e.g_mac[0].g_tr2.u_tree.held[14][22]$_DFFE_PP_/D (DFFHQNx1_ASAP7_75t_R) 1360.24 1443.76  -83.52 (VIOLATED)
u_e.g_mac[0].g_tr2.u_tree.held[49][27]$_DFFE_PP_/D (DFFHQNx1_ASAP7_75t_R) 1365.41 1448.92  -83.51 (VIOLATED)
u_e.g_qt_hit.g_hc[1].d_b[2]$_SDFFE_PP0P_/D (DFFHQNx1_ASAP7_75t_R) 1412.82 1496.31  -83.50 (VIOLATED)
u_e.g_mac[0].g_tr2.u_tree.held[30][19]$_DFFE_PP_/D (DFFHQNx1_ASAP7_75t_R) 1359.79 1443.26  -83.47 (VIOLATED)
u_e.g_mac[0].g_tr2.u_tree.held[10][27]$_DFFE_PP_/D (DFFHQNx1_ASAP7_75t_R) 1365.56 1449.02  -83.46 (VIOLATED)
u_e.g_mac[0].g_tr2.u_tree.held[62][19]$_DFFE_PP_/D (DFFHQNx1_ASAP7_75t_R) 1369.06 1452.49  -83.43 (VIOLATED)
u_e.g_mac[0].g_l2.u_l0.p2_c[6]$_DFF_P_/D (DFFHQNx1_ASAP7_75t_R) 1349.83 1433.25  -83.42 (VIOLATED)
u_e.g_mac[1].g_ch2.u_c1.u_add.u_c6.g_r.r[4]$_SDFF_PN0_/D (DFFHQNx1_ASAP7_75t_R) 1356.53 1439.93  -83.41 (VIOLATED)
u_e.g_mac[0].g_tr2.u_tree.held[68][17]$_DFFE_PP_/D (DFFHQNx1_ASAP7_75t_R) 1369.24 1452.63  -83.39 (VIOLATED)
u_e.g_mac[0].g_tr2.u_tree.herr[37]$_DFFE_PN0P_/D (DFFASRHQNx1_ASAP7_75t_R) 1350.92 1434.30  -83.38 (VIOLATED)
u_e.g_mac[0].g_tr2.u_tree.held[44][25]$_DFFE_PP_/D (DFFHQNx1_ASAP7_75t_R) 1366.75 1450.09  -83.34 (VIOLATED)
u_e.g_qt_hit.g_hc[2].d_pos[0]$_SDFFE_PP0P_/D (DFFHQNx1_ASAP7_75t_R) 1401.99 1485.33  -83.34 (VIOLATED)
u_e.g_mac[1].g_l2.u_l0.p1_sh[27][4]$_DFF_P_/D (DFFHQNx1_ASAP7_75t_R) 1351.45 1434.78  -83.33 (VIOLATED)
u_e.g_mac[0].g_tr2.u_tree.held[3][23]$_DFFE_PP_/D (DFFHQNx1_ASAP7_75t_R) 1360.80 1444.12  -83.32 (VIOLATED)
u_e.g_mac[0].g_tr2.u_tree.held[25][24]$_DFFE_PP_/D (DFFHQNx1_ASAP7_75t_R) 1364.96 1448.26  -83.31 (VIOLATED)
u_e.g_mac[1].g_l2.u_l0.p2_c[5]$_DFF_P_/D (DFFHQNx1_ASAP7_75t_R) 1348.73 1432.01  -83.28 (VIOLATED)
u_e.g_mac[0].g_tr2.u_tree.held[64][24]$_DFFE_PP_/D (DFFHQNx1_ASAP7_75t_R) 1368.85 1452.05  -83.21 (VIOLATED)
u_e.g_mac[0].g_tr2.u_tree.held[39][23]$_DFFE_PP_/D (DFFHQNx1_ASAP7_75t_R) 1365.47 1448.66  -83.19 (VIOLATED)
u_e.g_mac[0].g_tr2.u_tree.held[27][21]$_DFFE_PP_/D (DFFHQNx1_ASAP7_75t_R) 1370.32 1453.50  -83.17 (VIOLATED)
u_e.wB[7]$_DFFE_PP_/D (DFFHQNx1_ASAP7_75t_R) 1428.68 1511.84  -83.16 (VIOLATED)
u_e.g_mac[0].g_tr2.u_tree.held[19][21]$_DFFE_PP_/D (DFFHQNx1_ASAP7_75t_R) 1366.72 1449.86  -83.14 (VIOLATED)
u_e.g_mac[0].g_tr2.u_tree.held[53][17]$_DFFE_PP_/D (DFFHQNx1_ASAP7_75t_R) 1364.79 1447.92  -83.13 (VIOLATED)
u_e.g_mac[1].g_l2.u_l0.p0_wq[142]$_SDFF_PP0_/D (DFFHQNx1_ASAP7_75t_R) 1373.56 1456.66  -83.11 (VIOLATED)
u_e.g_mac[0].g_tr2.u_tree.held[65][30]$_DFFE_PP_/D (DFFHQNx1_ASAP7_75t_R) 1368.24 1451.34  -83.10 (VIOLATED)
u_e.g_mac[0].g_tr2.u_tree.held[79][19]$_DFFE_PP_/D (DFFHQNx1_ASAP7_75t_R) 1360.18 1443.26  -83.09 (VIOLATED)
u_e.g_mac[0].g_tr2.u_tree.held[4][9]$_DFFE_PP_/D (DFFHQNx1_ASAP7_75t_R) 1379.27 1462.33  -83.06 (VIOLATED)
u_e.g_mac[1].g_l2.u_l1.p2_c[28]$_DFF_P_/D (DFFHQNx1_ASAP7_75t_R) 1364.08 1447.14  -83.06 (VIOLATED)
u_e.g_mac[0].g_tr2.u_tree.held[41][17]$_DFFE_PP_/D (DFFHQNx1_ASAP7_75t_R) 1365.64 1448.67  -83.03 (VIOLATED)
u_e.g_mac[0].g_tr2.u_tree.held[45][22]$_DFFE_PP_/D (DFFHQNx1_ASAP7_75t_R) 1363.25 1446.27  -83.02 (VIOLATED)
u_e.g_mac[0].g_tr2.u_tree.held[44][21]$_DFFE_PP_/D (DFFHQNx1_ASAP7_75t_R) 1367.06 1449.98  -82.92 (VIOLATED)
u_e.g_mac[1].g_l2.u_l0.p2_c[38]$_DFF_P_/D (DFFHQNx1_ASAP7_75t_R) 1346.34 1429.24  -82.90 (VIOLATED)
u_e.g_mac[0].g_tr2.u_tree.herr[59]$_DFFE_PN0P_/D (DFFASRHQNx1_ASAP7_75t_R) 1350.44 1433.32  -82.88 (VIOLATED)
u_e.g_mac[0].g_tr2.u_tree.held[46][30]$_DFFE_PP_/D (DFFHQNx1_ASAP7_75t_R) 1361.21 1444.09  -82.88 (VIOLATED)
u_e.g_mac[1].g_tr2.u_tree.add_b[5]$_SDFF_PN0_/D (DFFHQNx1_ASAP7_75t_R) 1379.48 1462.33  -82.86 (VIOLATED)
u_e.g_mac[0].g_tr2.u_tree.held[25][27]$_DFFE_PP_/D (DFFHQNx1_ASAP7_75t_R) 1365.82 1448.63  -82.81 (VIOLATED)
u_e.g_mac[0].g_tr2.u_tree.held[65][15]$_DFFE_PP_/D (DFFHQNx1_ASAP7_75t_R) 1369.57 1452.35  -82.79 (VIOLATED)
u_e.g_mac[0].g_tr2.u_tree.held[38][23]$_DFFE_PP_/D (DFFHQNx1_ASAP7_75t_R) 1368.71 1451.49  -82.77 (VIOLATED)
u_e.g_mac[0].g_ch2.u_c1.u_add.u_c0.g_r.r[11]$_SDFF_PP0_/D (DFFHQNx1_ASAP7_75t_R) 1369.83 1452.60  -82.77 (VIOLATED)
u_e.g_mac[0].g_tr2.u_tree.held[40][15]$_DFFE_PP_/D (DFFHQNx1_ASAP7_75t_R) 1359.84 1442.57  -82.72 (VIOLATED)
u_e.g_mac[0].g_tr2.u_tree.held[57][27]$_DFFE_PP_/D (DFFHQNx1_ASAP7_75t_R) 1369.41 1452.07  -82.66 (VIOLATED)
u_e.g_mac[0].g_tr2.u_tree.held[34][23]$_DFFE_PP_/D (DFFHQNx1_ASAP7_75t_R) 1357.13 1439.79  -82.66 (VIOLATED)
u_e.g_mac[0].g_tr2.u_tree.held[64][22]$_DFFE_PP_/D (DFFHQNx1_ASAP7_75t_R) 1367.79 1450.45  -82.66 (VIOLATED)
u_e.g_mac[0].g_tr2.u_tree.held[18][30]$_DFFE_PP_/D (DFFHQNx1_ASAP7_75t_R) 1367.06 1449.70  -82.63 (VIOLATED)
u_e.g_mac[0].g_l2.u_l0.p1_sh[4][3]$_DFF_P_/D (DFFHQNx1_ASAP7_75t_R) 1378.73 1461.36  -82.62 (VIOLATED)
u_e.g_mac[0].g_l2.u_l1.p0_wq[179]$_DFF_P_/D (DFFHQNx1_ASAP7_75t_R) 1379.96 1462.51  -82.55 (VIOLATED)
u_e.g_mac[0].g_l2.u_l0.p0_wq[126]$_SDFF_PP0_/D (DFFHQNx1_ASAP7_75t_R) 1378.95 1461.50  -82.55 (VIOLATED)
u_e.g_mac[0].g_tr2.u_tree.held[40][23]$_DFFE_PP_/D (DFFHQNx1_ASAP7_75t_R) 1365.30 1447.80  -82.50 (VIOLATED)
u_e.g_mac[0].g_tr2.u_tree.held[20][21]$_DFFE_PP_/D (DFFHQNx1_ASAP7_75t_R) 1369.50 1451.90  -82.40 (VIOLATED)
u_e.g_mac[0].g_tr2.u_tree.held[74][19]$_DFFE_PP_/D (DFFHQNx1_ASAP7_75t_R) 1364.91 1447.28  -82.36 (VIOLATED)
u_e.g_mac[0].g_tr2.u_tree.held[75][15]$_DFFE_PP_/D (DFFHQNx1_ASAP7_75t_R) 1360.27 1442.62  -82.35 (VIOLATED)
u_e.g_mac[0].g_tr2.u_tree.held[50][27]$_DFFE_PP_/D (DFFHQNx1_ASAP7_75t_R) 1367.01 1449.30  -82.29 (VIOLATED)
u_e.n_c[2]$_DFFE_PP_/D (DFFHQNx1_ASAP7_75t_R) 1413.99 1496.27  -82.28 (VIOLATED)
u_e.g_mac[0].g_tr2.u_tree.held[73][6]$_DFFE_PP_/D (DFFHQNx1_ASAP7_75t_R) 1400.85 1483.10  -82.24 (VIOLATED)
u_e.g_mac[0].g_tr2.u_tree.held[63][30]$_DFFE_PP_/D (DFFHQNx1_ASAP7_75t_R) 1368.63 1450.87  -82.24 (VIOLATED)
u_e.g_mac[0].g_tr2.u_tree.held[64][27]$_DFFE_PP_/D (DFFHQNx1_ASAP7_75t_R) 1369.19 1451.42  -82.23 (VIOLATED)
u_e.g_mac[0].g_tr2.u_tree.held[79][23]$_DFFE_PP_/D (DFFHQNx1_ASAP7_75t_R) 1360.82 1443.04  -82.22 (VIOLATED)
u_e.g_mac[0].g_tr2.u_tree.held[6][15]$_DFFE_PP_/D (DFFHQNx1_ASAP7_75t_R) 1359.98 1442.19  -82.21 (VIOLATED)
u_e.g_mac[1].g_tr2.u_tree.held[51][18]$_DFFE_PP_/D (DFFHQNx1_ASAP7_75t_R) 1371.74 1453.93  -82.19 (VIOLATED)
u_e.g_mac[1].g_l2.u_l0.p0_wq[105]$_DFF_P_/D (DFFHQNx1_ASAP7_75t_R) 1375.81 1457.98  -82.17 (VIOLATED)
u_e.g_mac[0].g_tr2.u_tree.herr[3]$_DFFE_PN0P_/D (DFFASRHQNx1_ASAP7_75t_R) 1350.58 1432.74  -82.17 (VIOLATED)
u_e.g_mac[0].g_tr2.u_tree.held[32][23]$_DFFE_PP_/D (DFFHQNx1_ASAP7_75t_R) 1365.25 1447.38  -82.13 (VIOLATED)
u_e.g_mac[0].g_ch2.u_c1.u_add.u_c0.g_r.r[10]$_SDFF_PP0_/D (DFFHQNx1_ASAP7_75t_R) 1370.09 1452.23  -82.13 (VIOLATED)
u_e.g_mac[0].g_l2.u_l0.p1_p[6][4]$_DFF_P_/D (DFFHQNx1_ASAP7_75t_R) 1366.72 1448.82  -82.10 (VIOLATED)
u_e.g_mac[0].g_l2.u_l0.p1_sh[3][4]$_DFF_P_/D (DFFHQNx1_ASAP7_75t_R) 1373.70 1455.78  -82.08 (VIOLATED)
u_e.g_mac[0].g_tr2.u_tree.held[77][27]$_DFFE_PP_/D (DFFHQNx1_ASAP7_75t_R) 1364.11 1446.13  -82.01 (VIOLATED)
u_e.g_mac[0].g_tr2.u_tree.held[69][25]$_DFFE_PP_/D (DFFHQNx1_ASAP7_75t_R) 1366.41 1448.41  -82.00 (VIOLATED)
u_e.g_mac[0].g_ch2.u_c1.u_add.u_c0.g_r.r[19]$_SDFF_PP0_/D (DFFHQNx1_ASAP7_75t_R) 1372.81 1454.81  -82.00 (VIOLATED)
u_e.g_mac[0].g_l2.u_l1.p0_wq[208]$_DFF_P_/D (DFFHQNx1_ASAP7_75t_R) 1379.81 1461.78  -81.97 (VIOLATED)
u_e.g_mac[0].g_tr2.u_tree.held[29][20]$_DFFE_PP_/D (DFFHQNx1_ASAP7_75t_R) 1361.20 1443.13  -81.93 (VIOLATED)
u_e.wB[6]$_DFFE_PP_/D (DFFHQNx1_ASAP7_75t_R) 1428.76 1510.67  -81.91 (VIOLATED)
u_e.g_mac[0].g_tr2.u_tree.held[45][15]$_DFFE_PP_/D (DFFHQNx1_ASAP7_75t_R) 1362.05 1443.96  -81.91 (VIOLATED)
u_e.g_mac[0].g_tr2.u_tree.held[77][16]$_DFFE_PP_/D (DFFHQNx1_ASAP7_75t_R) 1366.41 1448.31  -81.90 (VIOLATED)
u_e.g_mac[0].g_tr2.u_tree.held[33][24]$_DFFE_PP_/D (DFFHQNx1_ASAP7_75t_R) 1368.00 1449.86  -81.86 (VIOLATED)
u_e.g_mac[0].g_l2.u_l0.p2_c[23]$_DFF_P_/D (DFFHQNx1_ASAP7_75t_R) 1349.14 1430.96  -81.82 (VIOLATED)
u_e.g_mac[0].g_tr2.u_tree.held[9][17]$_DFFE_PP_/D (DFFHQNx1_ASAP7_75t_R) 1368.61 1450.40  -81.79 (VIOLATED)
u_e.g_mac[0].g_tr2.u_tree.held[50][13]$_DFFE_PP_/D (DFFHQNx1_ASAP7_75t_R) 1367.07 1448.84  -81.78 (VIOLATED)
u_e.g_mac[1].g_l2.u_l0.p0_wq[149]$_SDFF_PP0_/D (DFFHQNx1_ASAP7_75t_R) 1374.01 1455.78  -81.76 (VIOLATED)
u_e.g_mac[0].g_l2.u_l0.p1_sh[8][4]$_DFF_P_/D (DFFHQNx1_ASAP7_75t_R) 1372.40 1454.13  -81.73 (VIOLATED)
u_e.g_mac[0].g_tr2.u_tree.held[44][29]$_DFFE_PP_/D (DFFHQNx1_ASAP7_75t_R) 1368.30 1449.97  -81.67 (VIOLATED)
u_e.g_mac[0].g_l2.u_l1.p0_wq[224]$_DFF_P_/D (DFFHQNx1_ASAP7_75t_R) 1375.62 1457.24  -81.62 (VIOLATED)
u_e.g_mac[0].g_l2.u_l0.p1_p[1][4]$_DFF_P_/D (DFFHQNx1_ASAP7_75t_R) 1379.57 1461.19  -81.62 (VIOLATED)
u_e.g_mac[0].g_tr2.u_tree.held[70][30]$_DFFE_PP_/D (DFFHQNx1_ASAP7_75t_R) 1367.26 1448.87  -81.61 (VIOLATED)
u_e.g_mac[0].g_l2.u_l1.p0_we[7]$_DFF_P_/D (DFFHQNx1_ASAP7_75t_R) 1388.05 1469.65  -81.61 (VIOLATED)
u_e.g_mac[0].g_tr2.u_tree.held[67][26]$_DFFE_PP_/D (DFFHQNx1_ASAP7_75t_R) 1358.01 1439.59  -81.59 (VIOLATED)
u_e.g_mac[0].g_l2.u_l0.p2_c[11]$_DFF_P_/D (DFFHQNx1_ASAP7_75t_R) 1356.60 1438.18  -81.58 (VIOLATED)
u_e.g_mac[1].g_l2.u_l1.p2_c[13]$_DFF_P_/D (DFFHQNx1_ASAP7_75t_R) 1364.97 1446.51  -81.53 (VIOLATED)
u_e.g_mac[0].g_l2.u_l0.p1_sh[22][3]$_DFF_P_/D (DFFHQNx2_ASAP7_75t_R) 1360.62 1442.16  -81.53 (VIOLATED)
u_e.g_mac[0].g_l2.u_l0.p1_p[29][8]$_SDFF_PN0_/D (DFFHQNx1_ASAP7_75t_R) 1368.28 1449.81  -81.53 (VIOLATED)
u_e.g_mac[0].g_tr2.u_tree.held[48][22]$_DFFE_PP_/D (DFFHQNx1_ASAP7_75t_R) 1363.71 1445.18  -81.47 (VIOLATED)
u_e.g_mac[0].g_tr2.u_tree.held[6][19]$_DFFE_PP_/D (DFFHQNx1_ASAP7_75t_R) 1365.31 1446.78  -81.47 (VIOLATED)
u_e.g_mac[0].g_tr2.u_tree.held[29][17]$_DFFE_PP_/D (DFFHQNx1_ASAP7_75t_R) 1364.80 1446.26  -81.46 (VIOLATED)
u_e.g_mac[1].g_l2.u_l0.p0_wq[202]$_DFF_P_/D (DFFHQNx1_ASAP7_75t_R) 1364.50 1445.96  -81.45 (VIOLATED)
u_e.g_mac[0].g_tr2.u_tree.held[46][29]$_DFFE_PP_/D (DFFHQNx1_ASAP7_75t_R) 1366.41 1447.83  -81.42 (VIOLATED)
u_e.g_mac[0].g_tr2.u_tree.held[28][30]$_DFFE_PP_/D (DFFHQNx1_ASAP7_75t_R) 1367.95 1449.37  -81.41 (VIOLATED)
u_e.g_mac[1].g_l2.u_l0.p0_wq[193]$_DFF_P_/D (DFFHQNx1_ASAP7_75t_R) 1362.51 1443.92  -81.41 (VIOLATED)
u_e.g_mac[0].g_tr2.u_tree.held[69][29]$_DFFE_PP_/D (DFFHQNx1_ASAP7_75t_R) 1365.09 1446.50  -81.40 (VIOLATED)
u_e.g_mac[0].g_l2.u_l0.p1_p[22][5]$_DFF_P_/D (DFFHQNx1_ASAP7_75t_R) 1379.30 1460.66  -81.36 (VIOLATED)
u_e.g_mac[0].g_tr2.u_tree.held[72][13]$_DFFE_PP_/D (DFFHQNx1_ASAP7_75t_R) 1366.85 1448.22  -81.36 (VIOLATED)
u_e.g_mac[0].g_l2.u_l0.p1_p[14][3]$_DFF_P_/D (DFFHQNx1_ASAP7_75t_R) 1359.30 1440.66  -81.36 (VIOLATED)
u_e.g_mac[0].g_tr2.u_tree.held[47][21]$_DFFE_PP_/D (DFFHQNx1_ASAP7_75t_R) 1362.80 1444.10  -81.30 (VIOLATED)
u_e.g_mac[0].g_tr2.u_tree.herr[60]$_DFFE_PN0P_/D (DFFASRHQNx1_ASAP7_75t_R) 1354.22 1435.51  -81.29 (VIOLATED)
u_e.g_mac[0].g_tr2.u_tree.held[54][20]$_DFFE_PP_/D (DFFHQNx1_ASAP7_75t_R) 1378.38 1459.65  -81.28 (VIOLATED)
u_e.g_mac[0].g_tr2.u_tree.held[57][21]$_DFFE_PP_/D (DFFHQNx1_ASAP7_75t_R) 1369.75 1450.99  -81.24 (VIOLATED)
u_e.g_mac[0].g_tr2.u_tree.held[69][20]$_DFFE_PP_/D (DFFHQNx1_ASAP7_75t_R) 1367.04 1448.28  -81.24 (VIOLATED)
u_e.g_mac[0].g_tr2.u_tree.herr[72]$_DFFE_PN0P_/D (DFFASRHQNx1_ASAP7_75t_R) 1357.14 1438.37  -81.23 (VIOLATED)
u_e.g_mac[0].g_tr2.u_tree.held[64][13]$_DFFE_PP_/D (DFFHQNx1_ASAP7_75t_R) 1369.06 1450.29  -81.23 (VIOLATED)
u_e.g_qt_hit.g_hc[1].d_pos[0]$_SDFFE_PP0P_/D (DFFHQNx1_ASAP7_75t_R) 1403.25 1484.38  -81.13 (VIOLATED)
u_e.g_mac[0].g_tr2.u_tree.held[59][28]$_DFFE_PP_/D (DFFHQNx1_ASAP7_75t_R) 1365.49 1446.60  -81.11 (VIOLATED)
u_e.g_mac[0].g_tr2.u_tree.held[49][13]$_DFFE_PP_/D (DFFHQNx1_ASAP7_75t_R) 1366.51 1447.60  -81.09 (VIOLATED)
u_e.g_mac[0].g_tr2.u_tree.held[41][28]$_DFFE_PP_/D (DFFHQNx1_ASAP7_75t_R) 1356.82 1437.84  -81.02 (VIOLATED)
u_e.g_mac[0].g_tr2.u_tree.have[4]$_DFFE_PN0P_/D (DFFASRHQNx1_ASAP7_75t_R) 1356.17 1437.18  -81.01 (VIOLATED)
u_e.g_mac[0].g_tr2.u_tree.herr[77]$_DFFE_PN0P_/D (DFFASRHQNx1_ASAP7_75t_R) 1350.91 1431.89  -80.97 (VIOLATED)
u_e.g_mac[0].g_tr2.u_tree.held[62][27]$_DFFE_PP_/D (DFFHQNx1_ASAP7_75t_R) 1365.61 1446.57  -80.95 (VIOLATED)
u_e.g_mac[0].g_tr2.u_tree.held[53][27]$_DFFE_PP_/D (DFFHQNx1_ASAP7_75t_R) 1366.41 1447.33  -80.93 (VIOLATED)
u_e.g_mac[0].g_tr2.u_tree.held[73][7]$_DFFE_PP_/D (DFFHQNx1_ASAP7_75t_R) 1404.21 1485.09  -80.88 (VIOLATED)
u_e.g_mac[0].g_tr2.u_tree.held[77][23]$_DFFE_PP_/D (DFFHQNx1_ASAP7_75t_R) 1365.64 1446.48  -80.84 (VIOLATED)
u_e.g_mac[0].g_tr2.u_tree.held[49][17]$_DFFE_PP_/D (DFFHQNx1_ASAP7_75t_R) 1366.57 1447.41  -80.84 (VIOLATED)
u_e.nB[2]$_DFFE_PP_/D (DFFHQNx1_ASAP7_75t_R) 1415.27 1496.07  -80.80 (VIOLATED)
u_e.g_mac[0].g_tr2.u_tree.herr[20]$_DFFE_PN0P_/D (DFFASRHQNx1_ASAP7_75t_R) 1350.94 1431.71  -80.77 (VIOLATED)
u_e.g_mac[0].g_tr2.u_tree.held[49][28]$_DFFE_PP_/D (DFFHQNx1_ASAP7_75t_R) 1367.16 1447.87  -80.72 (VIOLATED)
u_e.g_mac[0].g_tr2.u_tree.held[18][15]$_DFFE_PP_/D (DFFHQNx1_ASAP7_75t_R) 1369.12 1449.83  -80.71 (VIOLATED)
u_e.g_mac[0].g_tr2.u_tree.held[73][17]$_DFFE_PP_/D (DFFHQNx1_ASAP7_75t_R) 1364.76 1445.46  -80.70 (VIOLATED)
u_e.g_mac[0].g_tr2.u_tree.held[0][25]$_DFFE_PP_/D (DFFHQNx1_ASAP7_75t_R) 1366.77 1447.47  -80.70 (VIOLATED)
u_e.g_mac[0].g_tr2.u_tree.held[13][24]$_DFFE_PP_/D (DFFHQNx1_ASAP7_75t_R) 1363.88 1444.57  -80.69 (VIOLATED)
u_e.g_mac[0].g_tr2.u_tree.held[49][18]$_DFFE_PP_/D (DFFHQNx1_ASAP7_75t_R) 1366.53 1447.11  -80.58 (VIOLATED)
u_e.g_mac[0].g_tr2.u_tree.held[43][20]$_DFFE_PP_/D (DFFHQNx1_ASAP7_75t_R) 1365.52 1446.09  -80.58 (VIOLATED)
u_e.g_mac[0].g_tr2.u_tree.held[48][21]$_DFFE_PP_/D (DFFHQNx1_ASAP7_75t_R) 1366.60 1447.16  -80.56 (VIOLATED)
u_e.g_mac[1].g_l2.u_l1.p2_c[27]$_DFF_P_/D (DFFHQNx1_ASAP7_75t_R) 1362.26 1442.82  -80.56 (VIOLATED)
u_e.g_mac[0].g_l2.u_l0.p1_p[2][4]$_DFF_P_/D (DFFHQNx1_ASAP7_75t_R) 1365.75 1446.31  -80.55 (VIOLATED)
u_e.g_mac[0].g_tr2.u_tree.held[59][18]$_DFFE_PP_/D (DFFHQNx1_ASAP7_75t_R) 1362.87 1443.42  -80.55 (VIOLATED)
u_e.g_mac[0].g_tr2.u_tree.held[68][18]$_DFFE_PP_/D (DFFHQNx1_ASAP7_75t_R) 1369.08 1449.63  -80.55 (VIOLATED)
u_e.g_mac[0].g_tr2.u_tree.held[19][18]$_DFFE_PP_/D (DFFHQNx1_ASAP7_75t_R) 1361.12 1441.65  -80.53 (VIOLATED)
u_e.g_mac[0].g_l2.u_l0.p2_c[12]$_DFF_P_/D (DFFHQNx1_ASAP7_75t_R) 1351.80 1432.33  -80.53 (VIOLATED)
u_e.g_mac[0].g_l2.u_l0.p2_c[197]$_DFF_P_/D (DFFHQNx1_ASAP7_75t_R) 1361.74 1442.27  -80.53 (VIOLATED)
u_e.g_mac[0].g_tr2.u_tree.held[9][27]$_DFFE_PP_/D (DFFHQNx1_ASAP7_75t_R) 1365.51 1446.04  -80.52 (VIOLATED)
u_e.g_mac[0].g_tr2.u_tree.held[53][30]$_DFFE_PP_/D (DFFHQNx1_ASAP7_75t_R) 1368.48 1448.99  -80.51 (VIOLATED)
u_e.g_mac[0].g_tr2.u_tree.held[70][13]$_DFFE_PP_/D (DFFHQNx1_ASAP7_75t_R) 1367.41 1447.92  -80.51 (VIOLATED)
u_e.g_mac[0].g_tr2.u_tree.held[45][28]$_DFFE_PP_/D (DFFHQNx1_ASAP7_75t_R) 1364.48 1444.92  -80.44 (VIOLATED)
u_e.g_mac[0].g_tr2.u_tree.held[40][29]$_DFFE_PP_/D (DFFHQNx1_ASAP7_75t_R) 1365.06 1445.47  -80.41 (VIOLATED)
u_e.g_mac[0].g_tr2.u_tree.held[19][20]$_DFFE_PP_/D (DFFHQNx1_ASAP7_75t_R) 1361.15 1441.51  -80.37 (VIOLATED)
u_e.g_mac[1].g_ch2.u_c1.u_add.u_c0.g_r.r[19]$_SDFF_PP0_/D (DFFHQNx1_ASAP7_75t_R) 1358.21 1438.57  -80.36 (VIOLATED)
u_e.g_mac[0].g_tr2.u_tree.held[6][20]$_DFFE_PP_/D (DFFHQNx1_ASAP7_75t_R) 1364.60 1444.94  -80.34 (VIOLATED)
u_e.g_mac[1].g_l2.u_l0.p0_wq[192]$_DFF_P_/D (DFFHQNx1_ASAP7_75t_R) 1377.41 1457.73  -80.33 (VIOLATED)
u_e.g_mac[0].g_tr2.u_tree.held[6][17]$_DFFE_PP_/D (DFFHQNx1_ASAP7_75t_R) 1365.79 1446.11  -80.31 (VIOLATED)
u_e.g_mac[1].g_l2.u_l0.p1_sh[14][3]$_DFF_P_/D (DFFHQNx1_ASAP7_75t_R) 1364.49 1444.79  -80.30 (VIOLATED)
u_e.g_mac[0].g_tr2.u_tree.held[43][6]$_DFFE_PP_/D (DFFHQNx1_ASAP7_75t_R) 1365.22 1445.52  -80.30 (VIOLATED)
u_e.g_mac[1].g_l2.u_l0.p1_sh[27][3]$_DFF_P_/D (DFFHQNx2_ASAP7_75t_R) 1376.41 1456.70  -80.30 (VIOLATED)
u_e.g_mac[0].g_tr2.u_tree.held[51][15]$_DFFE_PP_/D (DFFHQNx1_ASAP7_75t_R) 1360.35 1440.64  -80.30 (VIOLATED)
u_e.g_mac[0].g_tr2.u_tree.held[73][11]$_DFFE_PP_/D (DFFHQNx1_ASAP7_75t_R) 1404.53 1484.82  -80.29 (VIOLATED)
u_e.g_mac[0].g_tr2.u_tree.held[40][25]$_DFFE_PP_/D (DFFHQNx1_ASAP7_75t_R) 1365.92 1446.19  -80.26 (VIOLATED)
u_e.g_mac[0].g_tr2.u_tree.held[20][24]$_DFFE_PP_/D (DFFHQNx1_ASAP7_75t_R) 1363.78 1444.03  -80.25 (VIOLATED)
u_e.g_mac[0].g_tr2.u_tree.held[56][6]$_DFFE_PP_/D (DFFHQNx1_ASAP7_75t_R) 1399.91 1480.14  -80.24 (VIOLATED)
u_e.g_mac[0].g_tr2.u_tree.held[13][23]$_DFFE_PP_/D (DFFHQNx1_ASAP7_75t_R) 1363.84 1444.05  -80.21 (VIOLATED)
u_e.g_mac[1].g_ch2.u_c1.u_add.u_c0.g_r.r[5]$_SDFF_PP0_/D (DFFHQNx1_ASAP7_75t_R) 1350.90 1431.10  -80.20 (VIOLATED)
u_e.g_mac[0].g_tr2.u_tree.held[60][17]$_DFFE_PP_/D (DFFHQNx1_ASAP7_75t_R) 1365.05 1445.24  -80.18 (VIOLATED)
u_e.g_mac[0].g_tr2.u_tree.held[71][27]$_DFFE_PP_/D (DFFHQNx1_ASAP7_75t_R) 1365.81 1445.99  -80.18 (VIOLATED)
u_e.g_mac[0].g_tr2.u_tree.held[32][24]$_DFFE_PP_/D (DFFHQNx1_ASAP7_75t_R) 1364.18 1444.35  -80.16 (VIOLATED)
u_e.g_mac[0].g_tr2.u_tree.held[63][9]$_DFFE_PP_/D (DFFHQNx1_ASAP7_75t_R) 1364.44 1444.59  -80.15 (VIOLATED)
u_e.g_mac[0].g_tr2.u_tree.held[48][27]$_DFFE_PP_/D (DFFHQNx1_ASAP7_75t_R) 1365.21 1445.35  -80.14 (VIOLATED)
u_e.g_mac[0].g_tr2.u_tree.held[71][30]$_DFFE_PP_/D (DFFHQNx1_ASAP7_75t_R) 1367.09 1447.20  -80.11 (VIOLATED)
u_e.g_mac[0].g_tr2.u_tree.held[55][17]$_DFFE_PP_/D (DFFHQNx1_ASAP7_75t_R) 1366.92 1446.94  -80.03 (VIOLATED)
u_e.g_mac[0].g_tr2.u_tree.held[9][15]$_DFFE_PP_/D (DFFHQNx1_ASAP7_75t_R) 1365.06 1445.02  -79.96 (VIOLATED)
u_e.g_mac[0].g_tr2.u_tree.held[52][28]$_DFFE_PP_/D (DFFHQNx1_ASAP7_75t_R) 1364.14 1444.07  -79.93 (VIOLATED)
u_e.g_mac[1].g_l2.u_l0.p2_c[13]$_DFF_P_/D (DFFHQNx1_ASAP7_75t_R) 1357.40 1437.34  -79.93 (VIOLATED)
u_e.g_mac[1].g_l2.u_l0.p2_c[2]$_DFF_P_/D (DFFHQNx1_ASAP7_75t_R) 1364.98 1444.91  -79.93 (VIOLATED)
u_e.g_mac[1].g_l2.u_l0.p1_p[23][4]$_DFF_P_/D (DFFHQNx1_ASAP7_75t_R) 1361.02 1440.91  -79.89 (VIOLATED)
u_e.g_mac[1].g_l2.u_l1.p0_wq[90]$_DFF_P_/D (DFFHQNx1_ASAP7_75t_R) 1366.90 1446.79  -79.89 (VIOLATED)
u_e.g_mac[0].g_tr2.u_tree.held[62][15]$_DFFE_PP_/D (DFFHQNx1_ASAP7_75t_R) 1364.98 1444.86  -79.88 (VIOLATED)
u_e.g_mac[0].g_tr2.u_tree.held[55][29]$_DFFE_PP_/D (DFFHQNx1_ASAP7_75t_R) 1365.00 1444.88  -79.88 (VIOLATED)
u_e.g_mac[0].g_tr2.u_tree.held[52][24]$_DFFE_PP_/D (DFFHQNx1_ASAP7_75t_R) 1363.27 1443.13  -79.86 (VIOLATED)
u_e.g_mac[0].g_tr2.u_tree.held[78][19]$_DFFE_PP_/D (DFFHQNx1_ASAP7_75t_R) 1367.48 1447.32  -79.85 (VIOLATED)
u_e.g_mac[0].g_tr2.u_tree.held[63][25]$_DFFE_PP_/D (DFFHQNx1_ASAP7_75t_R) 1366.94 1446.78  -79.84 (VIOLATED)
u_e.g_mac[0].g_tr2.u_tree.held[42][22]$_DFFE_PP_/D (DFFHQNx1_ASAP7_75t_R) 1356.67 1436.45  -79.78 (VIOLATED)
u_e.g_mac[0].g_tr2.u_tree.held[49][24]$_DFFE_PP_/D (DFFHQNx1_ASAP7_75t_R) 1367.97 1447.73  -79.76 (VIOLATED)
u_e.g_mac[0].g_tr2.u_tree.held[55][21]$_DFFE_PP_/D (DFFHQNx1_ASAP7_75t_R) 1367.22 1446.93  -79.71 (VIOLATED)
u_e.g_mac[0].g_tr2.u_tree.held[41][26]$_DFFE_PP_/D (DFFHQNx1_ASAP7_75t_R) 1357.24 1436.93  -79.69 (VIOLATED)
u_e.g_mac[0].g_tr2.u_tree.held[9][9]$_DFFE_PP_/D (DFFHQNx1_ASAP7_75t_R) 1366.32 1445.98  -79.65 (VIOLATED)
u_e.g_mac[0].g_tr2.u_tree.held[41][19]$_DFFE_PP_/D (DFFHQNx1_ASAP7_75t_R) 1364.83 1444.48  -79.64 (VIOLATED)
u_e.g_mac[0].g_tr2.u_tree.held[5][19]$_DFFE_PP_/D (DFFHQNx1_ASAP7_75t_R) 1369.09 1448.74  -79.64 (VIOLATED)
u_e.g_mac[0].g_tr2.u_tree.held[69][13]$_DFFE_PP_/D (DFFHQNx1_ASAP7_75t_R) 1367.48 1447.12  -79.64 (VIOLATED)
u_e.g_mac[0].g_tr2.u_tree.held[40][21]$_DFFE_PP_/D (DFFHQNx1_ASAP7_75t_R) 1365.36 1444.99  -79.63 (VIOLATED)
u_e.g_mac[0].g_tr2.u_tree.held[49][23]$_DFFE_PP_/D (DFFHQNx1_ASAP7_75t_R) 1367.19 1446.80  -79.62 (VIOLATED)
u_e.g_mac[0].g_tr2.u_tree.held[29][26]$_DFFE_PP_/D (DFFHQNx1_ASAP7_75t_R) 1367.06 1446.67  -79.61 (VIOLATED)
u_e.g_mac[0].g_tr2.u_tree.held[3][27]$_DFFE_PP_/D (DFFHQNx1_ASAP7_75t_R) 1363.20 1442.80  -79.59 (VIOLATED)
u_e.g_mac[1].g_l2.u_l0.p2_c[29]$_DFF_P_/D (DFFHQNx1_ASAP7_75t_R) 1374.71 1454.28  -79.57 (VIOLATED)
u_e.g_mac[0].g_tr2.u_tree.held[45][26]$_DFFE_PP_/D (DFFHQNx1_ASAP7_75t_R) 1364.92 1444.46  -79.54 (VIOLATED)
u_e.g_mac[0].g_tr2.u_tree.held[6][14]$_DFFE_PP_/D (DFFHQNx1_ASAP7_75t_R) 1364.84 1444.33  -79.50 (VIOLATED)
u_e.g_mac[0].g_l2.u_l0.p2_c[27]$_DFF_P_/D (DFFHQNx1_ASAP7_75t_R) 1357.07 1436.56  -79.49 (VIOLATED)
u_e.g_mac[0].g_tr2.u_tree.held[20][22]$_DFFE_PP_/D (DFFHQNx1_ASAP7_75t_R) 1368.61 1448.09  -79.48 (VIOLATED)
u_e.g_mac[0].g_tr2.u_tree.held[9][6]$_DFFE_PP_/D (DFFHQNx1_ASAP7_75t_R) 1365.57 1445.05  -79.48 (VIOLATED)
u_e.g_mac[0].g_tr2.u_tree.held[51][18]$_DFFE_PP_/D (DFFHQNx1_ASAP7_75t_R) 1361.23 1440.64  -79.41 (VIOLATED)
u_e.g_mac[0].g_tr2.u_tree.held[14][29]$_DFFE_PP_/D (DFFHQNx1_ASAP7_75t_R) 1366.09 1445.40  -79.32 (VIOLATED)
u_e.g_mac[1].g_l2.u_l0.p0_wq[19]$_DFF_P_/D (DFFHQNx1_ASAP7_75t_R) 1370.91 1450.22  -79.31 (VIOLATED)
u_e.g_mac[1].g_tr2.u_tree.held[68][9]$_DFFE_PP_/D (DFFHQNx1_ASAP7_75t_R) 1356.83 1436.11  -79.28 (VIOLATED)
u_e.g_mac[0].g_tr2.u_tree.held[13][27]$_DFFE_PP_/D (DFFHQNx1_ASAP7_75t_R) 1364.05 1443.28  -79.23 (VIOLATED)
u_e.g_mac[0].g_tr2.u_tree.held[25][22]$_DFFE_PP_/D (DFFHQNx1_ASAP7_75t_R) 1366.75 1445.96  -79.20 (VIOLATED)
u_e.g_mac[0].g_tr2.u_tree.held[32][17]$_DFFE_PP_/D (DFFHQNx1_ASAP7_75t_R) 1367.44 1446.63  -79.19 (VIOLATED)
u_e.g_mac[0].g_tr2.u_tree.held[5][15]$_DFFE_PP_/D (DFFHQNx1_ASAP7_75t_R) 1360.36 1439.50  -79.14 (VIOLATED)
u_e.g_mac[0].g_tr2.u_tree.held[49][21]$_DFFE_PP_/D (DFFHQNx1_ASAP7_75t_R) 1367.01 1446.14  -79.13 (VIOLATED)
u_e.g_mac[0].g_tr2.u_tree.held[9][20]$_DFFE_PP_/D (DFFHQNx1_ASAP7_75t_R) 1366.34 1445.47  -79.13 (VIOLATED)
u_e.g_mac[0].g_tr2.u_tree.held[70][21]$_DFFE_PP_/D (DFFHQNx1_ASAP7_75t_R) 1369.84 1448.96  -79.12 (VIOLATED)
u_e.g_mac[0].g_tr2.u_tree.held[5][24]$_DFFE_PP_/D (DFFHQNx1_ASAP7_75t_R) 1368.91 1448.01  -79.10 (VIOLATED)
u_e.g_mac[0].g_tr2.u_tree.held[50][29]$_DFFE_PP_/D (DFFHQNx1_ASAP7_75t_R) 1364.81 1443.90  -79.09 (VIOLATED)
u_e.g_mac[0].g_tr2.u_tree.held[16][13]$_DFFE_PP_/D (DFFHQNx1_ASAP7_75t_R) 1366.96 1446.02  -79.06 (VIOLATED)
u_e.g_mac[0].g_tr2.u_tree.held[10][24]$_DFFE_PP_/D (DFFHQNx1_ASAP7_75t_R) 1368.90 1447.95  -79.05 (VIOLATED)
u_e.g_mac[0].g_tr2.u_tree.held[28][9]$_DFFE_PP_/D (DFFHQNx1_ASAP7_75t_R) 1365.38 1444.40  -79.02 (VIOLATED)
u_e.g_mac[0].g_tr2.u_tree.held[3][24]$_DFFE_PP_/D (DFFHQNx1_ASAP7_75t_R) 1363.49 1442.50  -79.02 (VIOLATED)
u_e.g_mac[1].g_l2.u_l1.p0_wq[89]$_DFF_P_/D (DFFHQNx1_ASAP7_75t_R) 1367.76 1446.77  -79.01 (VIOLATED)
u_e.g_mac[1].g_l2.u_l0.p0_wq[18]$_DFF_P_/D (DFFHQNx2_ASAP7_75t_R) 1371.74 1450.71  -78.98 (VIOLATED)
u_e.g_mac[0].g_tr2.u_tree.held[10][23]$_DFFE_PP_/D (DFFHQNx1_ASAP7_75t_R) 1368.77 1447.73  -78.96 (VIOLATED)
u_e.g_mac[0].g_tr2.u_tree.held[68][30]$_DFFE_PP_/D (DFFHQNx1_ASAP7_75t_R) 1369.33 1448.28  -78.95 (VIOLATED)
u_e.g_mac[0].g_tr2.u_tree.held[6][28]$_DFFE_PP_/D (DFFHQNx1_ASAP7_75t_R) 1365.55 1444.48  -78.93 (VIOLATED)
u_e.g_mac[0].g_tr2.u_tree.held[22][23]$_DFFE_PP_/D (DFFHQNx1_ASAP7_75t_R) 1365.12 1444.04  -78.92 (VIOLATED)
u_e.g_mac[1].g_l2.u_l0.p1_p[22][4]$_DFF_P_/D (DFFHQNx1_ASAP7_75t_R) 1360.29 1439.20  -78.91 (VIOLATED)
u_e.g_mac[0].g_tr2.u_tree.held[9][23]$_DFFE_PP_/D (DFFHQNx1_ASAP7_75t_R) 1367.78 1446.64  -78.86 (VIOLATED)
u_e.g_mac[1].g_tr2.u_tree.infl[9][0]$_DFF_PN0_/D (DFFASRHQNx1_ASAP7_75t_R) 1370.88 1449.68  -78.80 (VIOLATED)
u_e.g_mac[0].g_tr2.u_tree.held[45][23]$_DFFE_PP_/D (DFFHQNx1_ASAP7_75t_R) 1365.85 1444.63  -78.79 (VIOLATED)
u_e.g_mac[0].g_tr2.u_tree.held[50][23]$_DFFE_PP_/D (DFFHQNx1_ASAP7_75t_R) 1365.43 1444.20  -78.77 (VIOLATED)
u_e.g_mac[0].g_tr2.u_tree.held[41][24]$_DFFE_PP_/D (DFFHQNx1_ASAP7_75t_R) 1365.58 1444.28  -78.70 (VIOLATED)
u_e.g_mac[0].g_tr2.u_tree.held[78][20]$_DFFE_PP_/D (DFFHQNx1_ASAP7_75t_R) 1365.75 1444.44  -78.69 (VIOLATED)
u_e.g_mac[0].g_tr2.u_tree.held[62][18]$_DFFE_PP_/D (DFFHQNx1_ASAP7_75t_R) 1366.02 1444.69  -78.67 (VIOLATED)
u_e.g_mac[1].g_l2.u_l0.p1_p[12][4]$_DFF_P_/D (DFFHQNx1_ASAP7_75t_R) 1361.04 1439.70  -78.66 (VIOLATED)
u_e.g_mac[1].g_l2.u_l0.p0_wq[187]$_DFF_P_/D (DFFHQNx1_ASAP7_75t_R) 1352.85 1431.51  -78.66 (VIOLATED)
u_e.g_mac[0].g_tr2.u_tree.held[17][19]$_DFFE_PP_/D (DFFHQNx1_ASAP7_75t_R) 1365.33 1443.98  -78.65 (VIOLATED)
u_e.g_mac[1].g_l2.u_l0.p1_p[30][4]$_DFF_P_/D (DFFHQNx1_ASAP7_75t_R) 1361.22 1439.86  -78.64 (VIOLATED)
u_e.g_mac[0].g_tr2.u_tree.held[34][27]$_DFFE_PP_/D (DFFHQNx1_ASAP7_75t_R) 1363.12 1441.74  -78.62 (VIOLATED)
u_e.g_mac[0].g_tr2.u_tree.held[48][17]$_DFFE_PP_/D (DFFHQNx1_ASAP7_75t_R) 1367.13 1445.74  -78.62 (VIOLATED)
u_e.g_mac[0].g_tr2.u_tree.held[10][17]$_DFFE_PP_/D (DFFHQNx1_ASAP7_75t_R) 1368.67 1447.26  -78.59 (VIOLATED)
u_e.g_mac[0].g_tr2.u_tree.held[39][30]$_DFFE_PP_/D (DFFHQNx1_ASAP7_75t_R) 1361.28 1439.86  -78.59 (VIOLATED)
u_e.g_mac[1].g_l2.u_l0.p1_p[27][4]$_DFF_P_/D (DFFHQNx1_ASAP7_75t_R) 1364.60 1443.18  -78.58 (VIOLATED)
u_e.g_mac[0].g_tr2.u_tree.herr[45]$_DFFE_PN0P_/D (DFFASRHQNx1_ASAP7_75t_R) 1352.30 1430.86  -78.56 (VIOLATED)
u_e.g_mac[0].g_l2.u_l0.p1_p[28][3]$_DFF_P_/D (DFFHQNx1_ASAP7_75t_R) 1351.64 1430.20  -78.56 (VIOLATED)
u_e.g_mac[1].g_tr2.u_tree.infl[15][0]$_DFF_PN0_/D (DFFASRHQNx1_ASAP7_75t_R) 1362.57 1441.10  -78.53 (VIOLATED)
u_e.g_mac[0].g_tr2.u_tree.have[74]$_DFFE_PN0P_/D (DFFASRHQNx1_ASAP7_75t_R) 1355.35 1433.88  -78.52 (VIOLATED)
u_e.g_mac[0].g_tr2.u_tree.held[65][22]$_DFFE_PP_/D (DFFHQNx1_ASAP7_75t_R) 1363.50 1442.00  -78.50 (VIOLATED)
u_e.g_mac[0].g_tr2.u_tree.held[17][25]$_DFFE_PP_/D (DFFHQNx1_ASAP7_75t_R) 1366.07 1444.57  -78.50 (VIOLATED)
u_e.g_mac[0].g_l2.u_l0.p2_c[14]$_DFF_P_/D (DFFHQNx1_ASAP7_75t_R) 1363.05 1441.54  -78.49 (VIOLATED)
u_e.g_mac[0].g_tr2.u_tree.held[17][13]$_DFFE_PP_/D (DFFHQNx1_ASAP7_75t_R) 1366.94 1445.40  -78.46 (VIOLATED)
u_e.g_mac[0].g_tr2.u_tree.held[60][27]$_DFFE_PP_/D (DFFHQNx1_ASAP7_75t_R) 1365.31 1443.72  -78.41 (VIOLATED)
u_e.g_mac[0].g_tr2.u_tree.held[29][15]$_DFFE_PP_/D (DFFHQNx1_ASAP7_75t_R) 1364.28 1442.69  -78.41 (VIOLATED)
u_e.g_mac[0].g_tr2.u_tree.held[17][29]$_DFFE_PP_/D (DFFHQNx1_ASAP7_75t_R) 1366.74 1445.14  -78.40 (VIOLATED)
u_e.g_mac[0].g_tr2.u_tree.held[16][23]$_DFFE_PP_/D (DFFHQNx1_ASAP7_75t_R) 1365.79 1444.17  -78.38 (VIOLATED)
u_e.g_mac[0].g_tr2.u_tree.held[16][28]$_DFFE_PP_/D (DFFHQNx1_ASAP7_75t_R) 1365.31 1443.69  -78.37 (VIOLATED)
u_e.g_mac[0].g_tr2.u_tree.held[61][24]$_DFFE_PP_/D (DFFHQNx1_ASAP7_75t_R) 1365.05 1443.40  -78.35 (VIOLATED)
u_e.g_mac[0].g_tr2.u_tree.held[65][25]$_DFFE_PP_/D (DFFHQNx1_ASAP7_75t_R) 1366.02 1444.35  -78.33 (VIOLATED)
u_e.g_mac[0].g_tr2.u_tree.held[3][22]$_DFFE_PP_/D (DFFHQNx1_ASAP7_75t_R) 1363.69 1442.02  -78.33 (VIOLATED)
u_e.g_mac[0].g_tr2.u_tree.held[17][23]$_DFFE_PP_/D (DFFHQNx1_ASAP7_75t_R) 1365.15 1443.45  -78.31 (VIOLATED)
u_e.g_mac[0].g_tr2.u_tree.held[68][15]$_DFFE_PP_/D (DFFHQNx1_ASAP7_75t_R) 1365.31 1443.61  -78.29 (VIOLATED)
u_e.g_mac[0].g_tr2.u_tree.held[55][13]$_DFFE_PP_/D (DFFHQNx1_ASAP7_75t_R) 1366.05 1444.32  -78.28 (VIOLATED)
u_e.g_mac[0].g_tr2.u_tree.held[75][25]$_DFFE_PP_/D (DFFHQNx1_ASAP7_75t_R) 1365.74 1443.98  -78.24 (VIOLATED)
u_e.g_mac[0].g_tr2.u_tree.held[51][20]$_DFFE_PP_/D (DFFHQNx1_ASAP7_75t_R) 1361.38 1439.62  -78.24 (VIOLATED)
u_e.g_mac[0].g_tr2.u_tree.held[6][18]$_DFFE_PP_/D (DFFHQNx1_ASAP7_75t_R) 1365.25 1443.48  -78.23 (VIOLATED)
u_e.g_mac[0].g_tr2.u_tree.held[62][20]$_DFFE_PP_/D (DFFHQNx1_ASAP7_75t_R) 1366.77 1444.99  -78.22 (VIOLATED)
u_e.g_mac[0].g_tr2.u_tree.held[32][28]$_DFFE_PP_/D (DFFHQNx1_ASAP7_75t_R) 1358.16 1436.37  -78.22 (VIOLATED)
u_e.g_mac[0].g_tr2.u_tree.held[0][9]$_DFFE_PP_/D (DFFHQNx1_ASAP7_75t_R) 1364.11 1442.31  -78.21 (VIOLATED)
u_e.n_c[0]$_DFFE_PP_/D (DFFHQNx1_ASAP7_75t_R) 1418.42 1496.63  -78.20 (VIOLATED)
u_e.g_mac[0].g_tr2.u_tree.held[45][19]$_DFFE_PP_/D (DFFHQNx1_ASAP7_75t_R) 1364.98 1443.18  -78.19 (VIOLATED)
u_e.g_mac[0].g_tr2.u_tree.held[29][25]$_DFFE_PP_/D (DFFHQNx1_ASAP7_75t_R) 1364.76 1442.94  -78.18 (VIOLATED)
u_e.g_mac[1].g_l2.u_l0.p2_c[62]$_DFF_P_/D (DFFHQNx1_ASAP7_75t_R) 1349.63 1427.80  -78.17 (VIOLATED)
u_e.g_mac[1].g_tr2.u_tree.held[46][21]$_DFFE_PP_/D (DFFHQNx1_ASAP7_75t_R) 1373.18 1451.35  -78.17 (VIOLATED)
u_e.nA[0]$_DFFE_PP_/D (DFFHQNx1_ASAP7_75t_R) 1405.83 1483.97  -78.14 (VIOLATED)
u_e.g_mac[0].g_tr2.u_tree.held[3][7]$_DFFE_PP_/D (DFFHQNx1_ASAP7_75t_R) 1368.34 1446.47  -78.13 (VIOLATED)
u_e.g_mac[0].g_tr2.u_tree.held[38][20]$_DFFE_PP_/D (DFFHQNx1_ASAP7_75t_R) 1361.29 1439.41  -78.12 (VIOLATED)
u_e.g_mac[0].g_tr2.u_tree.held[47][28]$_DFFE_PP_/D (DFFHQNx1_ASAP7_75t_R) 1356.54 1434.66  -78.12 (VIOLATED)
u_e.g_mac[0].g_tr2.u_tree.held[55][20]$_DFFE_PP_/D (DFFHQNx1_ASAP7_75t_R) 1366.16 1444.25  -78.09 (VIOLATED)
u_e.g_mac[0].g_tr2.u_tree.held[22][19]$_DFFE_PP_/D (DFFHQNx1_ASAP7_75t_R) 1365.63 1443.66  -78.03 (VIOLATED)
u_e.g_mac[0].g_tr2.u_tree.held[59][17]$_DFFE_PP_/D (DFFHQNx1_ASAP7_75t_R) 1366.52 1444.55  -78.03 (VIOLATED)
u_e.g_mac[1].g_l2.u_l0.p1_p[28][4]$_DFF_P_/D (DFFHQNx1_ASAP7_75t_R) 1361.66 1439.67  -78.01 (VIOLATED)
u_e.nA[27]$_DFFE_PP_/D (DFFHQNx1_ASAP7_75t_R) 1412.37 1490.29  -77.93 (VIOLATED)
u_e.g_mac[0].g_tr2.u_tree.held[22][24]$_DFFE_PP_/D (DFFHQNx1_ASAP7_75t_R) 1363.23 1441.15  -77.93 (VIOLATED)
u_e.g_mac[0].g_tr2.u_tree.held[5][21]$_DFFE_PP_/D (DFFHQNx1_ASAP7_75t_R) 1361.35 1439.25  -77.90 (VIOLATED)
u_e.g_mac[0].g_tr2.u_tree.held[65][17]$_DFFE_PP_/D (DFFHQNx1_ASAP7_75t_R) 1365.10 1442.98  -77.88 (VIOLATED)
u_e.g_mac[1].g_l2.u_l0.p2_c[14]$_DFF_P_/D (DFFHQNx1_ASAP7_75t_R) 1354.92 1432.72  -77.80 (VIOLATED)
u_e.g_mac[0].g_tr2.u_tree.held[63][6]$_DFFE_PP_/D (DFFHQNx1_ASAP7_75t_R) 1367.11 1444.90  -77.79 (VIOLATED)
u_e.g_mac[0].g_l2.u_l0.p2_c[26]$_DFF_P_/D (DFFHQNx1_ASAP7_75t_R) 1362.12 1439.87  -77.75 (VIOLATED)
u_e.g_mac[0].g_tr2.u_tree.held[32][26]$_DFFE_PP_/D (DFFHQNx1_ASAP7_75t_R) 1362.95 1440.67  -77.73 (VIOLATED)
u_e.g_mac[0].g_tr2.u_tree.held[25][21]$_DFFE_PP_/D (DFFHQNx1_ASAP7_75t_R) 1361.41 1439.12  -77.71 (VIOLATED)
u_e.g_mac[0].g_l2.u_l0.p2_c[179]$_DFF_P_/D (DFFHQNx1_ASAP7_75t_R) 1388.68 1466.38  -77.70 (VIOLATED)
u_e.g_mac[0].g_tr2.u_tree.held[65][20]$_DFFE_PP_/D (DFFHQNx1_ASAP7_75t_R) 1366.36 1444.05  -77.68 (VIOLATED)
u_e.g_mac[1].g_ch2.u_c0.u_add.u_c0.g_r.r[26]$_SDFF_PP0_/D (DFFHQNx1_ASAP7_75t_R) 1354.43 1432.11  -77.67 (VIOLATED)
u_e.n_c[1]$_DFFE_PP_/D (DFFHQNx1_ASAP7_75t_R) 1418.64 1496.32  -77.67 (VIOLATED)
u_e.g_mac[0].g_tr2.u_tree.held[75][29]$_DFFE_PP_/D (DFFHQNx1_ASAP7_75t_R) 1364.85 1442.51  -77.66 (VIOLATED)
u_e.g_mac[0].g_tr2.u_tree.held[78][13]$_DFFE_PP_/D (DFFHQNx1_ASAP7_75t_R) 1367.42 1445.08  -77.66 (VIOLATED)
u_e.g_mac[0].g_tr2.u_tree.held[42][28]$_DFFE_PP_/D (DFFHQNx1_ASAP7_75t_R) 1357.89 1435.55  -77.66 (VIOLATED)
u_e.g_mac[0].g_tr2.u_tree.held[39][18]$_DFFE_PP_/D (DFFHQNx1_ASAP7_75t_R) 1361.51 1439.16  -77.65 (VIOLATED)
u_e.g_mac[1].g_l2.u_l0.p0_wq[61]$_SDFF_PP0_/D (DFFHQNx2_ASAP7_75t_R) 1370.06 1447.68  -77.62 (VIOLATED)
u_e.g_mac[0].g_tr2.u_tree.herr[42]$_DFFE_PN0P_/D (DFFASRHQNx1_ASAP7_75t_R) 1351.16 1428.78  -77.62 (VIOLATED)
u_e.g_mac[0].g_tr2.u_tree.held[25][19]$_DFFE_PP_/D (DFFHQNx1_ASAP7_75t_R) 1367.04 1444.66  -77.62 (VIOLATED)
u_e.g_mac[0].g_tr2.u_tree.held[29][29]$_DFFE_PP_/D (DFFHQNx1_ASAP7_75t_R) 1366.01 1443.60  -77.59 (VIOLATED)
u_e.g_mac[0].g_tr2.u_tree.held[3][0]$_DFFE_PP_/D (DFFHQNx1_ASAP7_75t_R) 1366.86 1444.44  -77.58 (VIOLATED)
u_e.g_mac[0].g_tr2.u_tree.held[27][16]$_DFFE_PP_/D (DFFHQNx1_ASAP7_75t_R) 1367.78 1445.34  -77.55 (VIOLATED)
u_e.g_mac[0].g_tr2.u_tree.held[56][0]$_DFFE_PP_/D (DFFHQNx1_ASAP7_75t_R) 1367.80 1445.35  -77.55 (VIOLATED)
u_e.g_mac[0].g_tr2.u_tree.held[20][27]$_DFFE_PP_/D (DFFHQNx1_ASAP7_75t_R) 1364.00 1441.53  -77.53 (VIOLATED)
u_e.g_mac[0].g_tr2.u_tree.held[75][20]$_DFFE_PP_/D (DFFHQNx1_ASAP7_75t_R) 1365.34 1442.85  -77.51 (VIOLATED)
u_e.g_mac[1].g_ch2.u_c0.u_add.u_c0.g_r.r[25]$_SDFF_PP0_/D (DFFHQNx1_ASAP7_75t_R) 1354.58 1432.06  -77.48 (VIOLATED)
u_e.g_mac[0].g_tr2.u_tree.held[37][25]$_DFFE_PP_/D (DFFHQNx1_ASAP7_75t_R) 1365.90 1443.35  -77.46 (VIOLATED)
u_e.g_mac[0].g_tr2.u_tree.held[48][24]$_DFFE_PP_/D (DFFHQNx1_ASAP7_75t_R) 1365.15 1442.60  -77.46 (VIOLATED)
u_e.g_mac[0].g_tr2.u_tree.held[25][23]$_DFFE_PP_/D (DFFHQNx1_ASAP7_75t_R) 1367.36 1444.81  -77.45 (VIOLATED)
u_e.g_mac[0].g_tr2.u_tree.held[22][17]$_DFFE_PP_/D (DFFHQNx1_ASAP7_75t_R) 1365.19 1442.59  -77.41 (VIOLATED)
u_e.g_mac[0].g_tr2.u_tree.held[3][6]$_DFFE_PP_/D (DFFHQNx1_ASAP7_75t_R) 1366.99 1444.36  -77.36 (VIOLATED)
u_e.g_mac[0].g_tr2.u_tree.held[51][23]$_DFFE_PP_/D (DFFHQNx1_ASAP7_75t_R) 1364.01 1441.35  -77.34 (VIOLATED)
u_e.g_mac[1].g_ch2.u_c1.u_add.u_c0.g_r.r[20]$_SDFF_PP0_/D (DFFHQNx1_ASAP7_75t_R) 1354.22 1431.56  -77.34 (VIOLATED)
u_e.g_mac[0].g_tr2.u_tree.held[63][16]$_DFFE_PP_/D (DFFHQNx1_ASAP7_75t_R) 1367.97 1445.30  -77.33 (VIOLATED)
u_e.g_mac[0].g_tr2.u_tree.held[46][22]$_DFFE_PP_/D (DFFHQNx1_ASAP7_75t_R) 1366.80 1444.12  -77.32 (VIOLATED)
u_e.g_mac[0].g_tr2.u_tree.held[65][18]$_DFFE_PP_/D (DFFHQNx1_ASAP7_75t_R) 1366.36 1443.65  -77.29 (VIOLATED)
u_e.g_mac[0].g_l2.u_l0.p2_c[192]$_DFF_P_/D (DFFHQNx1_ASAP7_75t_R) 1361.30 1438.58  -77.28 (VIOLATED)
u_e.g_mac[0].g_tr2.u_tree.held[48][23]$_DFFE_PP_/D (DFFHQNx1_ASAP7_75t_R) 1365.59 1442.84  -77.25 (VIOLATED)
u_e.g_mac[0].g_tr2.u_tree.held[51][22]$_DFFE_PP_/D (DFFHQNx1_ASAP7_75t_R) 1363.42 1440.64  -77.22 (VIOLATED)
u_e.g_mac[0].g_tr2.u_tree.held[75][21]$_DFFE_PP_/D (DFFHQNx1_ASAP7_75t_R) 1366.66 1443.87  -77.21 (VIOLATED)
u_e.g_mac[1].g_l2.u_l0.p2_c[32]$_DFF_P_/D (DFFHQNx1_ASAP7_75t_R) 1350.49 1427.70  -77.21 (VIOLATED)
u_e.g_mac[0].g_tr2.u_tree.held[65][14]$_DFFE_PP_/D (DFFHQNx1_ASAP7_75t_R) 1365.95 1443.16  -77.21 (VIOLATED)
u_e.g_mac[0].g_tr2.u_tree.held[56][31]$_DFFE_PP_/D (DFFHQNx1_ASAP7_75t_R) 1402.77 1479.96  -77.19 (VIOLATED)
u_e.g_mac[0].g_tr2.u_tree.held[55][25]$_DFFE_PP_/D (DFFHQNx1_ASAP7_75t_R) 1366.60 1443.78  -77.18 (VIOLATED)
u_e.g_mac[0].g_tr2.u_tree.held[68][29]$_DFFE_PP_/D (DFFHQNx1_ASAP7_75t_R) 1365.22 1442.36  -77.15 (VIOLATED)
u_e.g_mac[1].g_l2.u_l0.p1_p[0][5]$_DFF_P_/D (DFFHQNx1_ASAP7_75t_R) 1382.76 1459.90  -77.14 (VIOLATED)
u_e.g_mac[0].g_tr2.u_tree.held[28][6]$_DFFE_PP_/D (DFFHQNx1_ASAP7_75t_R) 1366.30 1443.42  -77.11 (VIOLATED)
u_e.g_mac[0].g_tr2.u_tree.held[60][29]$_DFFE_PP_/D (DFFHQNx1_ASAP7_75t_R) 1365.22 1442.31  -77.10 (VIOLATED)
u_e.g_mac[0].g_tr2.u_tree.held[76][9]$_DFFE_PP_/D (DFFHQNx1_ASAP7_75t_R) 1364.83 1441.87  -77.04 (VIOLATED)
u_e.g_mac[0].g_tr2.u_tree.held[48][30]$_DFFE_PP_/D (DFFHQNx1_ASAP7_75t_R) 1367.89 1444.92  -77.03 (VIOLATED)
u_e.g_mac[0].g_tr2.u_tree.held[34][26]$_DFFE_PP_/D (DFFHQNx1_ASAP7_75t_R) 1364.47 1441.46  -76.99 (VIOLATED)
u_e.g_mac[0].g_tr2.u_tree.held[24][18]$_DFFE_PP_/D (DFFHQNx1_ASAP7_75t_R) 1362.68 1439.66  -76.99 (VIOLATED)
u_e.g_mac[0].g_tr2.u_tree.held[51][24]$_DFFE_PP_/D (DFFHQNx1_ASAP7_75t_R) 1363.89 1440.87  -76.98 (VIOLATED)
u_e.g_mac[0].g_tr2.u_tree.held[75][13]$_DFFE_PP_/D (DFFHQNx1_ASAP7_75t_R) 1366.24 1443.21  -76.97 (VIOLATED)
u_e.g_mac[0].g_tr2.u_tree.held[50][25]$_DFFE_PP_/D (DFFHQNx1_ASAP7_75t_R) 1366.07 1443.00  -76.92 (VIOLATED)
u_e.g_mac[0].g_tr2.u_tree.held[27][25]$_DFFE_PP_/D (DFFHQNx1_ASAP7_75t_R) 1366.32 1443.21  -76.89 (VIOLATED)
u_e.g_mac[0].g_tr2.u_tree.held[41][30]$_DFFE_PP_/D (DFFHQNx1_ASAP7_75t_R) 1368.29 1445.16  -76.88 (VIOLATED)
u_e.g_mac[0].g_tr2.u_tree.held[65][19]$_DFFE_PP_/D (DFFHQNx1_ASAP7_75t_R) 1364.79 1441.63  -76.84 (VIOLATED)
u_e.g_mac[0].g_tr2.u_tree.held[25][13]$_DFFE_PP_/D (DFFHQNx1_ASAP7_75t_R) 1367.30 1444.11  -76.81 (VIOLATED)
u_e.g_mac[1].g_l2.u_l0.p1_sh[20][3]$_DFF_P_/D (DFFHQNx1_ASAP7_75t_R) 1357.33 1434.10  -76.77 (VIOLATED)
u_e.g_mac[0].g_tr2.u_tree.held[18][16]$_DFFE_PP_/D (DFFHQNx1_ASAP7_75t_R) 1367.78 1444.54  -76.77 (VIOLATED)
u_e.g_mac[0].g_tr2.u_tree.held[60][25]$_DFFE_PP_/D (DFFHQNx1_ASAP7_75t_R) 1366.59 1443.33  -76.74 (VIOLATED)
u_e.g_mac[1].g_l2.u_l0.p2_c[76]$_DFF_P_/D (DFFHQNx1_ASAP7_75t_R) 1364.07 1440.81  -76.74 (VIOLATED)
u_e.g_mac[0].g_tr2.u_tree.held[5][25]$_DFFE_PP_/D (DFFHQNx1_ASAP7_75t_R) 1366.51 1443.23  -76.72 (VIOLATED)
u_e.g_mac[0].g_l2.u_l0.p2_c[49]$_DFF_P_/D (DFFHQNx1_ASAP7_75t_R) 1352.90 1429.59  -76.69 (VIOLATED)
u_e.g_mac[1].g_l2.u_l0.p0_wq[183]$_SDFF_PP0_/D (DFFHQNx1_ASAP7_75t_R) 1373.57 1450.26  -76.69 (VIOLATED)
u_e.g_mac[0].g_l2.u_l1.p0_wq[203]$_DFF_P_/D (DFFHQNx1_ASAP7_75t_R) 1386.15 1462.82  -76.68 (VIOLATED)
u_e.g_mac[0].g_tr2.u_tree.held[25][18]$_DFFE_PP_/D (DFFHQNx1_ASAP7_75t_R) 1361.94 1438.62  -76.68 (VIOLATED)
u_e.g_mac[0].g_tr2.u_tree.held[32][21]$_DFFE_PP_/D (DFFHQNx1_ASAP7_75t_R) 1367.08 1443.76  -76.68 (VIOLATED)
u_e.g_mac[0].g_tr2.u_tree.held[10][18]$_DFFE_PP_/D (DFFHQNx1_ASAP7_75t_R) 1369.17 1445.80  -76.63 (VIOLATED)
u_e.g_mac[0].g_tr2.u_tree.held[9][24]$_DFFE_PP_/D (DFFHQNx1_ASAP7_75t_R) 1367.95 1444.57  -76.62 (VIOLATED)
u_e.g_mac[0].g_l2.u_l0.p1_p[21][5]$_DFF_P_/D (DFFHQNx1_ASAP7_75t_R) 1379.05 1455.59  -76.54 (VIOLATED)
u_e.g_mac[0].g_tr2.u_tree.held[74][20]$_DFFE_PP_/D (DFFHQNx1_ASAP7_75t_R) 1361.10 1437.65  -76.54 (VIOLATED)
u_e.g_mac[0].g_tr2.u_tree.held[67][13]$_DFFE_PP_/D (DFFHQNx1_ASAP7_75t_R) 1366.92 1443.45  -76.53 (VIOLATED)
u_e.g_mac[0].g_tr2.u_tree.held[40][22]$_DFFE_PP_/D (DFFHQNx1_ASAP7_75t_R) 1368.81 1445.34  -76.53 (VIOLATED)
u_e.g_mac[0].g_tr2.u_tree.held[63][18]$_DFFE_PP_/D (DFFHQNx1_ASAP7_75t_R) 1367.66 1444.18  -76.52 (VIOLATED)
u_e.g_mac[0].g_tr2.u_tree.held[63][15]$_DFFE_PP_/D (DFFHQNx1_ASAP7_75t_R) 1368.94 1445.46  -76.52 (VIOLATED)
u_e.g_mac[0].g_tr2.u_tree.held[24][27]$_DFFE_PP_/D (DFFHQNx1_ASAP7_75t_R) 1355.96 1432.48  -76.52 (VIOLATED)
u_e.g_mac[0].g_tr2.u_tree.held[51][26]$_DFFE_PP_/D (DFFHQNx1_ASAP7_75t_R) 1364.08 1440.59  -76.51 (VIOLATED)
u_e.g_mac[0].g_tr2.u_tree.held[28][20]$_DFFE_PP_/D (DFFHQNx1_ASAP7_75t_R) 1366.22 1442.74  -76.51 (VIOLATED)
u_e.g_mac[1].g_l2.u_l0.p1_sh[23][3]$_DFF_P_/D (DFFHQNx1_ASAP7_75t_R) 1360.59 1437.09  -76.50 (VIOLATED)
u_e.g_mac[0].g_tr2.u_tree.have[73]$_DFFE_PN0P_/D (DFFASRHQNx1_ASAP7_75t_R) 1353.95 1430.45  -76.50 (VIOLATED)
u_e.g_mac[0].g_tr2.u_tree.held[11][20]$_DFFE_PP_/D (DFFHQNx1_ASAP7_75t_R) 1366.63 1443.13  -76.50 (VIOLATED)
u_e.g_mac[0].g_tr2.u_tree.held[29][21]$_DFFE_PP_/D (DFFHQNx1_ASAP7_75t_R) 1365.78 1442.26  -76.48 (VIOLATED)
u_e.g_mac[0].g_tr2.u_tree.held[53][20]$_DFFE_PP_/D (DFFHQNx1_ASAP7_75t_R) 1364.51 1440.99  -76.48 (VIOLATED)
u_e.g_mac[0].g_tr2.u_tree.held[61][23]$_DFFE_PP_/D (DFFHQNx1_ASAP7_75t_R) 1365.35 1441.82  -76.47 (VIOLATED)
u_e.g_mac[0].g_tr2.u_tree.held[73][9]$_DFFE_PP_/D (DFFHQNx1_ASAP7_75t_R) 1404.95 1481.41  -76.46 (VIOLATED)
u_e.w_s[0]$_DFFE_PP_/D (DFFHQNx1_ASAP7_75t_R) 1372.49 1448.95  -76.45 (VIOLATED)
u_e.g_mac[0].g_tr2.u_tree.herr[10]$_DFFE_PN0P_/D (DFFASRHQNx1_ASAP7_75t_R) 1350.68 1427.10  -76.42 (VIOLATED)
u_e.g_mac[0].g_tr2.u_tree.held[39][21]$_DFFE_PP_/D (DFFHQNx1_ASAP7_75t_R) 1362.44 1438.84  -76.40 (VIOLATED)
u_e.g_mac[0].g_l2.u_l0.p2_c[190]$_DFF_P_/D (DFFHQNx1_ASAP7_75t_R) 1362.50 1438.90  -76.39 (VIOLATED)
u_e.g_mac[0].g_tr2.u_tree.held[79][27]$_DFFE_PP_/D (DFFHQNx1_ASAP7_75t_R) 1363.91 1440.28  -76.37 (VIOLATED)
u_e.g_mac[0].g_tr2.u_tree.held[60][13]$_DFFE_PP_/D (DFFHQNx1_ASAP7_75t_R) 1366.33 1442.69  -76.35 (VIOLATED)
u_e.g_mac[0].g_tr2.u_tree.held[47][13]$_DFFE_PP_/D (DFFHQNx1_ASAP7_75t_R) 1367.02 1443.32  -76.30 (VIOLATED)
u_e.g_mac[0].g_l2.u_l0.p1_p[25][8]$_SDFF_PN0_/D (DFFHQNx1_ASAP7_75t_R) 1395.76 1472.02  -76.26 (VIOLATED)
u_e.g_mac[0].g_tr2.u_tree.held[16][29]$_DFFE_PP_/D (DFFHQNx1_ASAP7_75t_R) 1365.41 1441.61  -76.20 (VIOLATED)
u_e.g_mac[0].g_tr2.u_tree.infl[9][0]$_DFF_PN0_/D (DFFASRHQNx1_ASAP7_75t_R) 1424.93 1501.11  -76.18 (VIOLATED)
u_e.g_mac[0].g_tr2.u_tree.held[67][19]$_DFFE_PP_/D (DFFHQNx1_ASAP7_75t_R) 1364.59 1440.76  -76.16 (VIOLATED)
u_e.g_mac[0].g_tr2.u_tree.held[59][21]$_DFFE_PP_/D (DFFHQNx1_ASAP7_75t_R) 1366.95 1443.11  -76.16 (VIOLATED)
u_e.g_mac[0].g_tr2.u_tree.held[20][23]$_DFFE_PP_/D (DFFHQNx1_ASAP7_75t_R) 1364.28 1440.42  -76.14 (VIOLATED)
u_e.g_mac[0].g_tr2.u_tree.held[67][15]$_DFFE_PP_/D (DFFHQNx1_ASAP7_75t_R) 1368.47 1444.61  -76.13 (VIOLATED)
u_e.g_mac[1].g_tr2.u_tree.add_b[11]$_SDFF_PN0_/D (DFFHQNx1_ASAP7_75t_R) 1374.42 1450.55  -76.13 (VIOLATED)
u_e.g_mac[0].g_tr2.u_tree.held[25][17]$_DFFE_PP_/D (DFFHQNx1_ASAP7_75t_R) 1366.76 1442.87  -76.11 (VIOLATED)
u_e.g_mac[0].g_tr2.u_tree.held[16][21]$_DFFE_PP_/D (DFFHQNx1_ASAP7_75t_R) 1362.55 1438.65  -76.10 (VIOLATED)
u_e.g_mac[1].g_l2.u_l0.p0_wq[47]$_SDFF_PP0_/D (DFFHQNx2_ASAP7_75t_R) 1366.76 1442.86  -76.10 (VIOLATED)
u_e.g_mac[0].g_tr2.u_tree.held[11][13]$_DFFE_PP_/D (DFFHQNx1_ASAP7_75t_R) 1366.47 1442.57  -76.09 (VIOLATED)
u_e.g_mac[0].g_tr2.u_tree.held[24][22]$_DFFE_PP_/D (DFFHQNx1_ASAP7_75t_R) 1356.74 1432.81  -76.07 (VIOLATED)
u_e.g_mac[1].g_l2.u_l0.p1_p[13][3]$_DFF_P_/D (DFFHQNx1_ASAP7_75t_R) 1363.05 1439.09  -76.04 (VIOLATED)
u_e.g_mac[0].g_tr2.u_tree.held[57][20]$_DFFE_PP_/D (DFFHQNx1_ASAP7_75t_R) 1365.11 1441.15  -76.04 (VIOLATED)
u_e.g_mac[0].g_tr2.u_tree.held[11][14]$_DFFE_PP_/D (DFFHQNx1_ASAP7_75t_R) 1366.63 1442.66  -76.03 (VIOLATED)
u_e.g_mac[0].g_l2.u_l0.p1_p[24][4]$_DFF_P_/D (DFFHQNx1_ASAP7_75t_R) 1366.65 1442.66  -76.01 (VIOLATED)
u_e.g_mac[0].g_l2.u_l0.p2_c[35]$_DFF_P_/D (DFFHQNx1_ASAP7_75t_R) 1345.23 1421.22  -75.99 (VIOLATED)
u_e.a_ctr[12]$_DFFE_PP_/D (DFFHQNx1_ASAP7_75t_R) 1397.91 1473.91  -75.99 (VIOLATED)
u_e.g_mac[0].g_tr2.u_tree.held[11][25]$_DFFE_PP_/D (DFFHQNx1_ASAP7_75t_R) 1365.29 1441.27  -75.98 (VIOLATED)
u_e.g_mac[0].g_tr2.u_tree.held[27][26]$_DFFE_PP_/D (DFFHQNx1_ASAP7_75t_R) 1364.56 1440.52  -75.96 (VIOLATED)
u_e.g_mac[0].g_tr2.u_tree.held[29][18]$_DFFE_PP_/D (DFFHQNx1_ASAP7_75t_R) 1368.40 1444.36  -75.96 (VIOLATED)
u_e.g_mac[0].g_l2.u_l0.p1_p[4][4]$_DFF_P_/D (DFFHQNx1_ASAP7_75t_R) 1378.63 1454.60  -75.96 (VIOLATED)
u_e.g_mac[0].g_tr2.u_tree.held[60][15]$_DFFE_PP_/D (DFFHQNx1_ASAP7_75t_R) 1361.34 1437.30  -75.95 (VIOLATED)
u_e.g_mac[0].g_tr2.u_tree.held[14][17]$_DFFE_PP_/D (DFFHQNx1_ASAP7_75t_R) 1365.55 1441.45  -75.91 (VIOLATED)
u_e.g_mac[0].g_tr2.u_tree.held[60][18]$_DFFE_PP_/D (DFFHQNx1_ASAP7_75t_R) 1366.12 1442.02  -75.90 (VIOLATED)
u_e.g_mac[0].g_tr2.u_tree.held[61][18]$_DFFE_PP_/D (DFFHQNx1_ASAP7_75t_R) 1361.01 1436.90  -75.89 (VIOLATED)
u_e.g_mac[0].g_tr2.u_tree.held[5][0]$_DFFE_PP_/D (DFFHQNx1_ASAP7_75t_R) 1366.97 1442.86  -75.89 (VIOLATED)
u_e.g_mac[0].g_l2.u_l0.p2_c[93]$_DFF_P_/D (DFFHQNx1_ASAP7_75t_R) 1356.36 1432.24  -75.88 (VIOLATED)
u_e.g_mac[1].g_ch2.u_c0.u_add.u_c0.g_r.r[24]$_SDFF_PP0_/D (DFFHQNx1_ASAP7_75t_R) 1354.86 1430.72  -75.86 (VIOLATED)
u_e.g_mac[0].g_tr2.u_tree.held[22][29]$_DFFE_PP_/D (DFFHQNx1_ASAP7_75t_R) 1365.02 1440.86  -75.85 (VIOLATED)
u_e.g_mac[0].g_tr2.u_tree.held[51][27]$_DFFE_PP_/D (DFFHQNx1_ASAP7_75t_R) 1364.04 1439.88  -75.85 (VIOLATED)
u_e.g_mac[0].g_tr2.u_tree.held[16][19]$_DFFE_PP_/D (DFFHQNx1_ASAP7_75t_R) 1367.77 1443.61  -75.84 (VIOLATED)
u_e.g_mac[0].g_tr2.u_tree.held[67][24]$_DFFE_PP_/D (DFFHQNx1_ASAP7_75t_R) 1365.71 1441.55  -75.84 (VIOLATED)
u_e.g_mac[1].g_l2.u_l1.p0_wq[107]$_DFF_P_/D (DFFHQNx1_ASAP7_75t_R) 1374.47 1450.30  -75.83 (VIOLATED)
u_e.g_mac[0].g_tr2.u_tree.held[29][30]$_DFFE_PP_/D (DFFHQNx1_ASAP7_75t_R) 1368.34 1444.13  -75.80 (VIOLATED)
u_e.g_mac[0].g_tr2.u_tree.held[51][21]$_DFFE_PP_/D (DFFHQNx1_ASAP7_75t_R) 1370.13 1445.91  -75.78 (VIOLATED)
u_e.g_mac[0].g_tr2.u_tree.held[0][20]$_DFFE_PP_/D (DFFHQNx1_ASAP7_75t_R) 1364.90 1440.68  -75.78 (VIOLATED)
u_e.g_mac[1].g_ch2.u_c1.u_add.u_c0.g_r.r[23]$_SDFF_PP0_/D (DFFHQNx1_ASAP7_75t_R) 1355.30 1431.05  -75.75 (VIOLATED)
u_e.g_mac[0].g_l2.u_l0.p2_c[22]$_DFF_P_/D (DFFHQNx1_ASAP7_75t_R) 1354.88 1430.63  -75.75 (VIOLATED)
u_e.g_mac[0].g_tr2.u_tree.held[0][15]$_DFFE_PP_/D (DFFHQNx1_ASAP7_75t_R) 1364.71 1440.44  -75.72 (VIOLATED)
u_e.g_mac[0].g_tr2.u_tree.held[68][25]$_DFFE_PP_/D (DFFHQNx1_ASAP7_75t_R) 1366.63 1442.33  -75.71 (VIOLATED)
u_e.g_mac[0].g_l2.u_l0.p2_c[234]$_DFF_P_/D (DFFHQNx1_ASAP7_75t_R) 1374.36 1450.07  -75.70 (VIOLATED)
u_e.g_mac[0].g_tr2.u_tree.held[8][6]$_DFFE_PP_/D (DFFHQNx1_ASAP7_75t_R) 1366.91 1442.59  -75.68 (VIOLATED)
u_e.g_mac[0].g_tr2.u_tree.held[5][6]$_DFFE_PP_/D (DFFHQNx1_ASAP7_75t_R) 1366.24 1441.86  -75.63 (VIOLATED)
u_e.g_mac[0].g_tr2.u_tree.held[37][0]$_DFFE_PP_/D (DFFHQNx1_ASAP7_75t_R) 1366.66 1442.29  -75.62 (VIOLATED)
u_e.g_mac[0].g_tr2.u_tree.held[47][29]$_DFFE_PP_/D (DFFHQNx1_ASAP7_75t_R) 1365.07 1440.68  -75.61 (VIOLATED)
u_e.g_mac[0].g_tr2.u_tree.held[27][22]$_DFFE_PP_/D (DFFHQNx1_ASAP7_75t_R) 1362.54 1438.14  -75.60 (VIOLATED)
u_e.g_mac[1].g_l2.u_l0.p2_c[23]$_DFF_P_/D (DFFHQNx1_ASAP7_75t_R) 1361.31 1436.89  -75.58 (VIOLATED)
u_e.g_mac[0].g_l2.u_l0.p0_wq[253]$_SDFF_PP0_/D (DFFHQNx1_ASAP7_75t_R) 1380.96 1456.45  -75.49 (VIOLATED)
u_e.g_mac[0].g_tr2.u_tree.held[30][25]$_DFFE_PP_/D (DFFHQNx1_ASAP7_75t_R) 1365.93 1441.39  -75.47 (VIOLATED)
u_e.g_mac[0].g_tr2.u_tree.held[38][21]$_DFFE_PP_/D (DFFHQNx1_ASAP7_75t_R) 1366.89 1442.34  -75.45 (VIOLATED)
u_e.g_mac[0].g_tr2.u_tree.held[37][16]$_DFFE_PP_/D (DFFHQNx1_ASAP7_75t_R) 1366.86 1442.30  -75.44 (VIOLATED)
u_e.g_mac[0].g_tr2.u_tree.held[53][16]$_DFFE_PP_/D (DFFHQNx1_ASAP7_75t_R) 1367.63 1443.07  -75.44 (VIOLATED)
u_e.g_mac[0].g_tr2.u_tree.held[22][15]$_DFFE_PP_/D (DFFHQNx1_ASAP7_75t_R) 1361.53 1436.95  -75.42 (VIOLATED)
u_e.g_mac[0].g_tr2.u_tree.herr[32]$_DFFE_PN0P_/D (DFFASRHQNx1_ASAP7_75t_R) 1354.84 1430.25  -75.41 (VIOLATED)
u_e.g_mac[0].g_tr2.u_tree.held[25][15]$_DFFE_PP_/D (DFFHQNx1_ASAP7_75t_R) 1360.71 1436.12  -75.41 (VIOLATED)
u_e.g_mac[0].g_l2.u_l0.p1_p[22][8]$_SDFF_PN0_/D (DFFHQNx1_ASAP7_75t_R) 1373.98 1449.32  -75.35 (VIOLATED)
u_e.g_mac[1].g_l2.u_l0.p0_wq[189]$_SDFF_PP0_/D (DFFHQNx1_ASAP7_75t_R) 1362.65 1437.99  -75.33 (VIOLATED)
u_e.g_mac[0].g_tr2.u_tree.held[79][24]$_DFFE_PP_/D (DFFHQNx1_ASAP7_75t_R) 1364.63 1439.96  -75.33 (VIOLATED)
u_e.g_mac[0].g_tr2.u_tree.held[50][17]$_DFFE_PP_/D (DFFHQNx1_ASAP7_75t_R) 1367.24 1442.55  -75.30 (VIOLATED)
u_e.g_mac[0].g_tr2.u_tree.held[21][21]$_DFFE_PP_/D (DFFHQNx1_ASAP7_75t_R) 1367.25 1442.53  -75.29 (VIOLATED)
u_e.g_mac[1].g_l2.u_l0.p2_c[63]$_DFF_P_/D (DFFHQNx1_ASAP7_75t_R) 1350.64 1425.87  -75.23 (VIOLATED)
u_e.g_mac[0].g_tr2.u_tree.herr[28]$_DFFE_PN0P_/D (DFFASRHQNx1_ASAP7_75t_R) 1350.44 1425.67  -75.23 (VIOLATED)
u_e.g_mac[1].g_tr2.u_tree.add_b[15]$_SDFF_PN0_/D (DFFHQNx1_ASAP7_75t_R) 1391.29 1466.52  -75.23 (VIOLATED)
u_e.g_mac[0].g_tr2.u_tree.held[45][18]$_DFFE_PP_/D (DFFHQNx1_ASAP7_75t_R) 1366.01 1441.21  -75.19 (VIOLATED)
u_e.g_mac[0].g_l2.u_l0.p2_c[196]$_DFF_P_/D (DFFHQNx1_ASAP7_75t_R) 1373.74 1448.93  -75.19 (VIOLATED)
u_e.g_mac[0].g_tr2.u_tree.held[46][14]$_DFFE_PP_/D (DFFHQNx1_ASAP7_75t_R) 1364.85 1440.02  -75.17 (VIOLATED)
u_e.g_mac[0].g_tr2.u_tree.held[47][20]$_DFFE_PP_/D (DFFHQNx1_ASAP7_75t_R) 1365.27 1440.42  -75.15 (VIOLATED)
u_e.g_mac[1].g_ch2.u_c1.u_add.u_c0.g_r.r[18]$_SDFF_PP0_/D (DFFHQNx1_ASAP7_75t_R) 1358.12 1433.23  -75.11 (VIOLATED)
u_e.g_mac[0].g_tr2.u_tree.held[9][30]$_DFFE_PP_/D (DFFHQNx1_ASAP7_75t_R) 1368.70 1443.77  -75.07 (VIOLATED)
u_e.g_mac[1].g_l2.u_l0.p0_wq[151]$_SDFF_PP0_/D (DFFHQNx1_ASAP7_75t_R) 1380.97 1456.02  -75.05 (VIOLATED)
u_e.g_mac[0].g_tr2.u_tree.held[30][13]$_DFFE_PP_/D (DFFHQNx1_ASAP7_75t_R) 1366.91 1441.95  -75.04 (VIOLATED)
u_e.g_mac[0].g_l2.u_l0.p2_c[155]$_DFF_P_/D (DFFHQNx1_ASAP7_75t_R) 1356.68 1431.71  -75.03 (VIOLATED)
u_e.g_mac[1].g_ch2.u_c0.u_add.u_c0.g_r.r[30]$_SDFF_PP0_/D (DFFHQNx1_ASAP7_75t_R) 1358.05 1433.07  -75.02 (VIOLATED)
u_e.g_mac[0].g_tr2.u_tree.x_oh[76]$_DFF_P_/D (DFFHQNx1_ASAP7_75t_R) 1388.74 1463.72  -74.98 (VIOLATED)
u_e.g_mac[0].g_l2.u_l0.p2_c[10]$_DFF_P_/D (DFFHQNx1_ASAP7_75t_R) 1358.05 1433.03  -74.98 (VIOLATED)
u_e.g_mac[0].g_tr2.u_tree.x_above[76]$_DFF_P_/D (DFFHQNx1_ASAP7_75t_R) 1388.72 1463.69  -74.97 (VIOLATED)
u_e.g_mac[0].g_tr2.u_tree.held[32][13]$_DFFE_PP_/D (DFFHQNx1_ASAP7_75t_R) 1367.12 1442.09  -74.97 (VIOLATED)
u_e.g_mac[0].g_tr2.u_tree.held[41][22]$_DFFE_PP_/D (DFFHQNx1_ASAP7_75t_R) 1362.27 1437.20  -74.93 (VIOLATED)
u_e.g_mac[0].g_tr2.u_tree.held[40][27]$_DFFE_PP_/D (DFFHQNx1_ASAP7_75t_R) 1368.97 1443.89  -74.91 (VIOLATED)
u_e.g_mac[0].g_tr2.u_tree.held[16][18]$_DFFE_PP_/D (DFFHQNx1_ASAP7_75t_R) 1366.37 1441.27  -74.90 (VIOLATED)
u_e.g_mac[0].g_tr2.u_tree.held[21][22]$_DFFE_PP_/D (DFFHQNx1_ASAP7_75t_R) 1367.02 1441.91  -74.89 (VIOLATED)
u_e.g_mac[0].g_tr2.u_tree.held[11][0]$_DFFE_PP_/D (DFFHQNx1_ASAP7_75t_R) 1366.83 1441.72  -74.89 (VIOLATED)
u_e.g_mac[1].g_ch2.u_c1.u_add.u_c0.g_r.r[24]$_SDFF_PP0_/D (DFFHQNx1_ASAP7_75t_R) 1355.71 1430.59  -74.88 (VIOLATED)
u_e.g_mac[0].g_tr2.u_tree.held[14][21]$_DFFE_PP_/D (DFFHQNx1_ASAP7_75t_R) 1370.17 1445.05  -74.87 (VIOLATED)
u_e.g_mac[0].g_tr2.u_tree.infl[13][0]$_DFF_PN0_/D (DFFASRHQNx1_ASAP7_75t_R) 1416.38 1491.25  -74.87 (VIOLATED)
u_e.g_mac[0].g_tr2.u_tree.held[57][29]$_DFFE_PP_/D (DFFHQNx1_ASAP7_75t_R) 1365.14 1440.00  -74.86 (VIOLATED)
u_e.g_mac[0].g_tr2.u_tree.held[6][16]$_DFFE_PP_/D (DFFHQNx1_ASAP7_75t_R) 1368.08 1442.92  -74.84 (VIOLATED)
u_e.g_mac[0].g_tr2.u_tree.held[16][20]$_DFFE_PP_/D (DFFHQNx1_ASAP7_75t_R) 1366.44 1441.27  -74.83 (VIOLATED)
u_e.g_mac[0].g_tr2.u_tree.held[41][18]$_DFFE_PP_/D (DFFHQNx1_ASAP7_75t_R) 1362.73 1437.55  -74.82 (VIOLATED)
u_e.g_mac[0].g_tr2.u_tree.held[34][15]$_DFFE_PP_/D (DFFHQNx1_ASAP7_75t_R) 1360.45 1435.26  -74.80 (VIOLATED)
u_e.g_mac[0].g_l2.u_l0.p1_p[18][7]$_DFF_P_/D (DFFHQNx1_ASAP7_75t_R) 1378.89 1453.66  -74.77 (VIOLATED)
u_e.g_mac[0].g_tr2.u_tree.held[34][24]$_DFFE_PP_/D (DFFHQNx1_ASAP7_75t_R) 1365.54 1440.29  -74.75 (VIOLATED)
u_e.g_mac[0].g_tr2.u_tree.held[68][16]$_DFFE_PP_/D (DFFHQNx1_ASAP7_75t_R) 1367.77 1442.52  -74.75 (VIOLATED)
u_e.g_mac[0].g_tr2.u_tree.held[11][16]$_DFFE_PP_/D (DFFHQNx1_ASAP7_75t_R) 1367.41 1442.14  -74.73 (VIOLATED)
u_e.g_mac[0].g_l2.u_l0.p1_sh[7][3]$_DFF_P_/D (DFFHQNx2_ASAP7_75t_R) 1394.21 1468.93  -74.72 (VIOLATED)
u_e.g_mac[0].g_tr2.u_tree.held[5][29]$_DFFE_PP_/D (DFFHQNx1_ASAP7_75t_R) 1365.87 1440.58  -74.71 (VIOLATED)
u_e.g_mac[0].g_tr2.u_tree.held[16][14]$_DFFE_PP_/D (DFFHQNx1_ASAP7_75t_R) 1366.88 1441.58  -74.69 (VIOLATED)
u_e.g_mac[1].g_tr2.u_tree.add_b[22]$_SDFF_PN0_/D (DFFHQNx1_ASAP7_75t_R) 1390.84 1465.53  -74.69 (VIOLATED)
u_e.g_mac[0].g_tr2.u_tree.held[79][26]$_DFFE_PP_/D (DFFHQNx1_ASAP7_75t_R) 1365.00 1439.67  -74.68 (VIOLATED)
u_e.g_mac[1].g_ch2.u_c0.u_add.u_c0.g_r.r[28]$_SDFF_PP0_/D (DFFHQNx1_ASAP7_75t_R) 1358.26 1432.91  -74.65 (VIOLATED)
u_e.g_mac[0].g_l2.u_l0.p1_p[18][6]$_DFF_P_/D (DFFHQNx1_ASAP7_75t_R) 1383.62 1458.21  -74.60 (VIOLATED)
u_e.g_mac[0].g_tr2.u_tree.held[30][16]$_DFFE_PP_/D (DFFHQNx1_ASAP7_75t_R) 1367.54 1442.13  -74.59 (VIOLATED)
u_e.g_mac[0].g_tr2.u_tree.held[21][13]$_DFFE_PP_/D (DFFHQNx1_ASAP7_75t_R) 1367.33 1441.91  -74.58 (VIOLATED)
u_e.g_mac[1].g_tr2.u_tree.add_b[8]$_SDFF_PN0_/D (DFFHQNx1_ASAP7_75t_R) 1373.36 1447.92  -74.55 (VIOLATED)
u_e.g_mac[0].g_tr2.u_tree.held[16][30]$_DFFE_PP_/D (DFFHQNx1_ASAP7_75t_R) 1362.07 1436.63  -74.55 (VIOLATED)
u_e.g_mac[0].g_tr2.u_tree.held[46][21]$_DFFE_PP_/D (DFFHQNx1_ASAP7_75t_R) 1370.25 1444.80  -74.55 (VIOLATED)
u_e.g_mac[0].g_tr2.u_tree.held[62][0]$_DFFE_PP_/D (DFFHQNx1_ASAP7_75t_R) 1381.46 1456.01  -74.55 (VIOLATED)
u_e.g_mac[0].g_l2.u_l0.p1_p[31][4]$_DFF_P_/D (DFFHQNx1_ASAP7_75t_R) 1365.01 1439.54  -74.53 (VIOLATED)
u_e.g_mac[0].g_tr2.u_tree.held[25][29]$_DFFE_PP_/D (DFFHQNx1_ASAP7_75t_R) 1366.61 1441.14  -74.52 (VIOLATED)
u_e.g_mac[0].g_l2.u_l0.p1_p[17][5]$_DFF_P_/D (DFFHQNx1_ASAP7_75t_R) 1365.56 1440.07  -74.51 (VIOLATED)
u_e.g_mac[0].g_tr2.u_tree.x_oh[70]$_DFF_P_/D (DFFHQNx1_ASAP7_75t_R) 1388.33 1462.83  -74.50 (VIOLATED)
u_e.g_mac[0].g_tr2.u_tree.held[62][9]$_DFFE_PP_/D (DFFHQNx1_ASAP7_75t_R) 1365.12 1439.61  -74.49 (VIOLATED)
u_e.g_mac[0].g_tr2.u_tree.held[45][20]$_DFFE_PP_/D (DFFHQNx1_ASAP7_75t_R) 1365.81 1440.26  -74.45 (VIOLATED)
u_e.g_mac[0].g_tr2.u_tree.held[68][20]$_DFFE_PP_/D (DFFHQNx1_ASAP7_75t_R) 1366.85 1441.29  -74.44 (VIOLATED)
u_e.g_mac[0].g_tr2.u_tree.held[22][25]$_DFFE_PP_/D (DFFHQNx1_ASAP7_75t_R) 1367.03 1441.46  -74.43 (VIOLATED)
u_e.g_mac[0].g_tr2.u_tree.held[29][24]$_DFFE_PP_/D (DFFHQNx1_ASAP7_75t_R) 1366.78 1441.20  -74.42 (VIOLATED)
u_e.g_mac[0].g_tr2.u_tree.held[41][15]$_DFFE_PP_/D (DFFHQNx1_ASAP7_75t_R) 1360.90 1435.32  -74.42 (VIOLATED)
u_e.g_mac[1].g_tr2.u_tree.add_b[18]$_SDFF_PN0_/D (DFFHQNx1_ASAP7_75t_R) 1392.18 1466.58  -74.40 (VIOLATED)
u_e.g_mac[0].g_tr2.u_tree.held[60][24]$_DFFE_PP_/D (DFFHQNx1_ASAP7_75t_R) 1367.56 1441.94  -74.39 (VIOLATED)
u_e.g_mac[0].g_tr2.u_tree.held[22][21]$_DFFE_PP_/D (DFFHQNx1_ASAP7_75t_R) 1361.67 1436.05  -74.38 (VIOLATED)
u_e.g_mac[0].g_tr2.u_tree.held[51][30]$_DFFE_PP_/D (DFFHQNx1_ASAP7_75t_R) 1368.95 1443.33  -74.38 (VIOLATED)
u_e.g_mac[0].g_tr2.u_tree.held[0][18]$_DFFE_PP_/D (DFFHQNx1_ASAP7_75t_R) 1365.17 1439.53  -74.36 (VIOLATED)
u_e.g_mac[0].g_tr2.u_tree.held[22][27]$_DFFE_PP_/D (DFFHQNx1_ASAP7_75t_R) 1365.83 1440.13  -74.30 (VIOLATED)
u_e.g_mac[0].g_tr2.u_tree.held[56][25]$_DFFE_PP_/D (DFFHQNx1_ASAP7_75t_R) 1366.77 1441.04  -74.28 (VIOLATED)
u_e.g_mac[1].g_ch2.u_c0.u_add.u_c0.g_r.r[29]$_SDFF_PP0_/D (DFFHQNx1_ASAP7_75t_R) 1358.31 1432.58  -74.27 (VIOLATED)
u_e.g_mac[0].g_tr2.u_tree.held[1][18]$_DFFE_PP_/D (DFFHQNx1_ASAP7_75t_R) 1361.91 1436.17  -74.26 (VIOLATED)
u_e.g_mac[0].g_tr2.u_tree.x_above[19]$_DFF_P_/D (DFFHQNx1_ASAP7_75t_R) 1388.50 1462.76  -74.26 (VIOLATED)
u_e.g_mac[0].g_tr2.u_tree.infl[12][0]$_DFF_PN0_/D (DFFASRHQNx1_ASAP7_75t_R) 1416.12 1490.36  -74.24 (VIOLATED)
u_e.g_mac[0].g_tr2.u_tree.held[13][15]$_DFFE_PP_/D (DFFHQNx1_ASAP7_75t_R) 1359.90 1434.13  -74.23 (VIOLATED)
u_e.g_mac[0].g_tr2.u_tree.held[61][15]$_DFFE_PP_/D (DFFHQNx1_ASAP7_75t_R) 1364.94 1439.17  -74.23 (VIOLATED)
u_e.g_mac[0].g_tr2.u_tree.held[30][23]$_DFFE_PP_/D (DFFHQNx1_ASAP7_75t_R) 1364.78 1439.01  -74.22 (VIOLATED)
u_e.g_mac[1].g_l2.u_l0.p2_c[4]$_DFF_P_/D (DFFHQNx1_ASAP7_75t_R) 1349.83 1424.05  -74.22 (VIOLATED)
u_e.g_mac[0].g_tr2.u_tree.held[53][25]$_DFFE_PP_/D (DFFHQNx1_ASAP7_75t_R) 1365.74 1439.94  -74.20 (VIOLATED)
u_e.g_mac[0].g_tr2.u_tree.held[68][6]$_DFFE_PP_/D (DFFHQNx1_ASAP7_75t_R) 1367.17 1441.36  -74.20 (VIOLATED)
u_e.g_mac[0].g_tr2.u_tree.held[67][22]$_DFFE_PP_/D (DFFHQNx1_ASAP7_75t_R) 1369.10 1443.28  -74.19 (VIOLATED)
u_e.g_mac[0].g_tr2.u_tree.held[47][25]$_DFFE_PP_/D (DFFHQNx1_ASAP7_75t_R) 1366.05 1440.16  -74.11 (VIOLATED)
u_e.g_mac[0].g_l2.u_l0.p1_p[21][8]$_SDFF_PN0_/D (DFFHQNx1_ASAP7_75t_R) 1376.33 1450.36  -74.03 (VIOLATED)
u_e.g_mac[0].g_tr2.u_tree.held[57][17]$_DFFE_PP_/D (DFFHQNx1_ASAP7_75t_R) 1365.91 1439.90  -74.00 (VIOLATED)
u_e.g_mac[1].g_l2.u_l0.p0_wq[161]$_DFF_P_/D (DFFHQNx1_ASAP7_75t_R) 1362.19 1436.18  -74.00 (VIOLATED)
u_e.g_mac[0].g_tr2.u_tree.held[29][13]$_DFFE_PP_/D (DFFHQNx1_ASAP7_75t_R) 1367.32 1441.30  -73.98 (VIOLATED)
u_e.g_mac[0].g_l2.u_l0.p2_c[156]$_DFF_P_/D (DFFHQNx1_ASAP7_75t_R) 1366.44 1440.39  -73.95 (VIOLATED)
u_e.g_mac[0].g_tr2.u_tree.held[67][27]$_DFFE_PP_/D (DFFHQNx1_ASAP7_75t_R) 1364.70 1438.63  -73.94 (VIOLATED)
u_e.g_mac[1].g_l2.u_l0.p2_c[33]$_DFF_P_/D (DFFHQNx1_ASAP7_75t_R) 1362.68 1436.61  -73.92 (VIOLATED)
u_e.g_mac[0].g_tr2.u_tree.held[13][30]$_DFFE_PP_/D (DFFHQNx1_ASAP7_75t_R) 1359.96 1433.88  -73.92 (VIOLATED)
u_e.g_mac[0].g_l2.u_l0.p1_p[29][5]$_DFF_P_/D (DFFHQNx1_ASAP7_75t_R) 1373.66 1447.56  -73.90 (VIOLATED)
u_e.g_mac[0].g_tr2.u_tree.held[17][27]$_DFFE_PP_/D (DFFHQNx1_ASAP7_75t_R) 1364.73 1438.59  -73.86 (VIOLATED)
u_e.g_mac[0].g_tr2.u_tree.held[68][0]$_DFFE_PP_/D (DFFHQNx1_ASAP7_75t_R) 1368.30 1442.16  -73.85 (VIOLATED)
u_e.g_mac[1].g_tr2.u_tree.infl[1][0]$_DFF_PN0_/D (DFFASRHQNx1_ASAP7_75t_R) 1371.36 1445.19  -73.82 (VIOLATED)
u_e.g_mac[0].g_tr2.u_tree.held[29][19]$_DFFE_PP_/D (DFFHQNx1_ASAP7_75t_R) 1367.55 1441.36  -73.81 (VIOLATED)
u_e.g_mac[0].g_tr2.u_tree.held[45][14]$_DFFE_PP_/D (DFFHQNx1_ASAP7_75t_R) 1365.99 1439.78  -73.79 (VIOLATED)
u_e.g_mac[0].g_tr2.u_tree.held[75][23]$_DFFE_PP_/D (DFFHQNx1_ASAP7_75t_R) 1364.80 1438.51  -73.71 (VIOLATED)
u_e.g_mac[0].g_tr2.u_tree.x_above[28]$_DFF_P_/D (DFFHQNx1_ASAP7_75t_R) 1367.09 1440.80  -73.70 (VIOLATED)
u_e.g_mac[0].g_tr2.u_tree.held[34][17]$_DFFE_PP_/D (DFFHQNx1_ASAP7_75t_R) 1364.86 1438.54  -73.68 (VIOLATED)
u_e.g_mac[1].g_l2.u_l0.p0_wq[72]$_DFF_P_/D (DFFHQNx1_ASAP7_75t_R) 1364.06 1437.69  -73.63 (VIOLATED)
u_e.g_qt_hit.g_hc[2].d_j[2]$_SDFFE_PP0P_/D (DFFHQNx1_ASAP7_75t_R) 1397.24 1470.86  -73.62 (VIOLATED)
u_e.g_mac[1].g_l2.u_l0.p0_wq[191]$_SDFF_PP0_/D (DFFHQNx1_ASAP7_75t_R) 1362.41 1436.03  -73.62 (VIOLATED)
u_e.g_mac[0].g_tr2.u_tree.held[22][22]$_DFFE_PP_/D (DFFHQNx1_ASAP7_75t_R) 1365.30 1438.89  -73.60 (VIOLATED)
u_e.g_mac[0].g_tr2.u_tree.held[73][14]$_DFFE_PP_/D (DFFHQNx1_ASAP7_75t_R) 1399.78 1473.34  -73.57 (VIOLATED)
u_e.g_mac[0].g_tr2.u_tree.held[77][24]$_DFFE_PP_/D (DFFHQNx1_ASAP7_75t_R) 1368.78 1442.34  -73.55 (VIOLATED)
u_e.g_mac[0].g_tr2.u_tree.held[22][18]$_DFFE_PP_/D (DFFHQNx1_ASAP7_75t_R) 1363.53 1437.01  -73.48 (VIOLATED)
u_e.g_mac[0].g_tr2.u_tree.held[61][30]$_DFFE_PP_/D (DFFHQNx1_ASAP7_75t_R) 1364.58 1438.03  -73.45 (VIOLATED)
u_e.g_mac[0].g_tr2.u_tree.held[42][24]$_DFFE_PP_/D (DFFHQNx1_ASAP7_75t_R) 1363.40 1436.75  -73.35 (VIOLATED)
u_e.g_mac[0].g_tr2.u_tree.held[17][22]$_DFFE_PP_/D (DFFHQNx1_ASAP7_75t_R) 1367.11 1440.46  -73.35 (VIOLATED)
u_e.g_mac[0].g_tr2.u_tree.held[73][0]$_DFFE_PP_/D (DFFHQNx1_ASAP7_75t_R) 1399.05 1472.37  -73.33 (VIOLATED)
u_e.g_mac[0].g_tr2.u_tree.held[47][18]$_DFFE_PP_/D (DFFHQNx1_ASAP7_75t_R) 1366.48 1439.78  -73.31 (VIOLATED)
u_e.g_mac[1].g_l2.u_l1.p2_c[12]$_DFF_P_/D (DFFHQNx1_ASAP7_75t_R) 1362.78 1436.04  -73.26 (VIOLATED)
u_e.g_mac[0].g_tr2.u_tree.held[14][15]$_DFFE_PP_/D (DFFHQNx1_ASAP7_75t_R) 1361.37 1434.63  -73.26 (VIOLATED)
u_e.g_mac[0].g_tr2.u_tree.held[62][6]$_DFFE_PP_/D (DFFHQNx1_ASAP7_75t_R) 1365.77 1439.01  -73.24 (VIOLATED)
u_e.g_mac[0].g_tr2.u_tree.held[27][28]$_DFFE_PP_/D (DFFHQNx1_ASAP7_75t_R) 1364.32 1437.55  -73.23 (VIOLATED)
u_e.g_mac[0].g_l2.u_l0.p2_c[139]$_DFF_P_/D (DFFHQNx1_ASAP7_75t_R) 1372.69 1445.87  -73.19 (VIOLATED)
u_e.g_mac[0].g_tr2.u_tree.held[57][9]$_DFFE_PP_/D (DFFHQNx1_ASAP7_75t_R) 1364.17 1437.34  -73.17 (VIOLATED)
u_e.g_mac[0].g_tr2.u_tree.held[67][18]$_DFFE_PP_/D (DFFHQNx1_ASAP7_75t_R) 1367.60 1440.73  -73.14 (VIOLATED)
u_e.g_mac[1].g_l2.u_l0.p1_p[7][3]$_DFF_P_/D (DFFHQNx1_ASAP7_75t_R) 1373.59 1446.72  -73.12 (VIOLATED)
u_e.g_mac[0].g_tr2.u_tree.held[24][30]$_DFFE_PP_/D (DFFHQNx1_ASAP7_75t_R) 1365.84 1438.94  -73.10 (VIOLATED)
u_e.g_mac[0].g_l2.u_l0.p2_c[115]$_DFF_P_/D (DFFHQNx1_ASAP7_75t_R) 1358.90 1431.98  -73.08 (VIOLATED)
u_e.g_mac[0].g_tr2.u_tree.held[24][23]$_DFFE_PP_/D (DFFHQNx1_ASAP7_75t_R) 1365.61 1438.64  -73.03 (VIOLATED)
u_e.g_mac[0].g_l2.u_l0.p1_sh[30][3]$_DFF_P_/D (DFFHQNx2_ASAP7_75t_R) 1365.12 1438.13  -73.01 (VIOLATED)
u_e.g_mac[0].g_l2.u_l0.p2_c[224]$_DFF_P_/D (DFFHQNx1_ASAP7_75t_R) 1388.22 1461.18  -72.96 (VIOLATED)
u_e.a_ctr[4]$_DFFE_PP_/D (DFFHQNx1_ASAP7_75t_R) 1369.50 1442.46  -72.96 (VIOLATED)
u_e.g_mac[0].g_tr2.u_tree.held[56][2]$_DFFE_PP_/D (DFFHQNx1_ASAP7_75t_R) 1405.69 1478.62  -72.93 (VIOLATED)
u_e.g_mac[0].g_tr2.u_tree.held[46][20]$_DFFE_PP_/D (DFFHQNx1_ASAP7_75t_R) 1365.43 1438.35  -72.92 (VIOLATED)
u_e.g_mac[0].g_l2.u_l0.p2_c[140]$_DFF_P_/D (DFFHQNx1_ASAP7_75t_R) 1381.29 1454.18  -72.89 (VIOLATED)
u_e.g_mac[0].g_tr2.u_tree.held[76][25]$_DFFE_PP_/D (DFFHQNx1_ASAP7_75t_R) 1365.63 1438.51  -72.88 (VIOLATED)
u_e.g_mac[0].g_tr2.u_tree.held[73][16]$_DFFE_PP_/D (DFFHQNx1_ASAP7_75t_R) 1399.70 1472.57  -72.87 (VIOLATED)
u_e.g_mac[0].g_l2.u_l0.p2_c[180]$_DFF_P_/D (DFFHQNx1_ASAP7_75t_R) 1372.58 1445.44  -72.86 (VIOLATED)
u_e.g_mac[0].g_tr2.u_tree.held[74][29]$_DFFE_PP_/D (DFFHQNx1_ASAP7_75t_R) 1365.12 1437.97  -72.84 (VIOLATED)
u_e.g_mac[0].g_l2.u_l0.p2_c[189]$_DFF_P_/D (DFFHQNx1_ASAP7_75t_R) 1376.22 1449.06  -72.84 (VIOLATED)
u_e.g_mac[0].g_l2.u_l0.p1_sh[5][3]$_DFF_P_/D (DFFHQNx2_ASAP7_75t_R) 1381.04 1453.84  -72.79 (VIOLATED)
u_e.g_mac[0].g_l2.u_l0.p1_sh[11][3]$_DFF_P_/D (DFFHQNx1_ASAP7_75t_R) 1379.14 1451.93  -72.79 (VIOLATED)
u_e.g_mac[0].g_tr2.u_tree.held[74][16]$_DFFE_PP_/D (DFFHQNx1_ASAP7_75t_R) 1381.19 1453.97  -72.78 (VIOLATED)
u_e.g_mac[1].g_l2.u_l0.p1_sh[23][4]$_DFF_P_/D (DFFHQNx1_ASAP7_75t_R) 1355.25 1428.02  -72.77 (VIOLATED)
u_e.g_mac[0].g_tr2.u_tree.held[8][9]$_DFFE_PP_/D (DFFHQNx1_ASAP7_75t_R) 1368.03 1440.77  -72.74 (VIOLATED)
u_e.g_mac[0].g_tr2.u_tree.held[47][23]$_DFFE_PP_/D (DFFHQNx1_ASAP7_75t_R) 1361.03 1433.77  -72.74 (VIOLATED)
u_e.g_qt_hit.g_hc[1].d_q[1]$_SDFFE_PP0P_/D (DFFHQNx1_ASAP7_75t_R) 1399.26 1471.99  -72.73 (VIOLATED)
u_e.g_mac[0].g_tr2.u_tree.x_oh[75]$_DFF_P_/D (DFFHQNx1_ASAP7_75t_R) 1390.89 1463.60  -72.72 (VIOLATED)
u_e.g_mac[0].g_tr2.u_tree.held[7][14]$_DFFE_PP_/D (DFFHQNx1_ASAP7_75t_R) 1365.97 1438.69  -72.71 (VIOLATED)
u_e.g_mac[0].g_tr2.u_tree.held[68][13]$_DFFE_PP_/D (DFFHQNx1_ASAP7_75t_R) 1367.23 1439.91  -72.68 (VIOLATED)
u_e.g_mac[1].g_l2.u_l0.p1_p[3][4]$_DFF_P_/D (DFFHQNx1_ASAP7_75t_R) 1375.15 1447.82  -72.67 (VIOLATED)
u_e.g_mac[0].g_l2.u_l0.p2_c[30]$_DFF_P_/D (DFFHQNx1_ASAP7_75t_R) 1372.07 1444.74  -72.67 (VIOLATED)
u_e.g_mac[0].g_tr2.u_tree.held[59][24]$_DFFE_PP_/D (DFFHQNx1_ASAP7_75t_R) 1366.09 1438.75  -72.66 (VIOLATED)
u_e.g_qt_hit.g_hc[1].d_q[0]$_SDFFE_PP0P_/D (DFFHQNx1_ASAP7_75t_R) 1399.33 1471.98  -72.65 (VIOLATED)
u_e.g_mac[0].g_l2.u_l0.p2_c[73]$_DFF_P_/D (DFFHQNx1_ASAP7_75t_R) 1354.62 1427.27  -72.65 (VIOLATED)
u_e.g_mac[1].g_l2.u_l0.p0_wq[140]$_SDFF_PP0_/D (DFFHQNx1_ASAP7_75t_R) 1358.02 1430.65  -72.63 (VIOLATED)
u_e.g_mac[0].g_tr2.u_tree.held[51][19]$_DFFE_PP_/D (DFFHQNx1_ASAP7_75t_R) 1367.53 1440.12  -72.60 (VIOLATED)
u_e.g_mac[0].g_tr2.u_tree.held[34][19]$_DFFE_PP_/D (DFFHQNx1_ASAP7_75t_R) 1365.71 1438.30  -72.59 (VIOLATED)
u_e.g_mac[0].g_tr2.u_tree.held[72][18]$_DFFE_PP_/D (DFFHQNx1_ASAP7_75t_R) 1368.22 1440.79  -72.57 (VIOLATED)
u_e.g_mac[0].g_tr2.u_tree.held[5][17]$_DFFE_PP_/D (DFFHQNx1_ASAP7_75t_R) 1366.51 1439.05  -72.55 (VIOLATED)
u_e.g_mac[0].g_tr2.u_tree.held[14][23]$_DFFE_PP_/D (DFFHQNx1_ASAP7_75t_R) 1366.27 1438.82  -72.54 (VIOLATED)
u_e.g_mac[1].g_l2.u_l0.p1_sh[28][4]$_DFF_P_/D (DFFHQNx1_ASAP7_75t_R) 1354.11 1426.64  -72.52 (VIOLATED)
u_e.g_mac[0].g_tr2.u_tree.held[42][23]$_DFFE_PP_/D (DFFHQNx1_ASAP7_75t_R) 1364.52 1437.02  -72.50 (VIOLATED)
u_e.g_mac[0].g_tr2.u_tree.held[67][21]$_DFFE_PP_/D (DFFHQNx1_ASAP7_75t_R) 1370.12 1442.58  -72.46 (VIOLATED)
u_e.g_mac[0].g_tr2.u_tree.herr[65]$_DFFE_PN0P_/D (DFFASRHQNx1_ASAP7_75t_R) 1351.48 1423.93  -72.45 (VIOLATED)
u_e.g_mac[0].g_tr2.u_tree.held[72][27]$_DFFE_PP_/D (DFFHQNx1_ASAP7_75t_R) 1369.02 1441.47  -72.45 (VIOLATED)
u_e.g_qt_hit.g_hc[2].d_q[2]$_SDFFE_PP0P_/D (DFFHQNx1_ASAP7_75t_R) 1412.01 1484.45  -72.45 (VIOLATED)
u_e.g_mac[0].g_tr2.u_tree.held[6][13]$_DFFE_PP_/D (DFFHQNx1_ASAP7_75t_R) 1366.91 1439.32  -72.41 (VIOLATED)
u_e.g_mac[0].g_tr2.u_tree.held[76][0]$_DFFE_PP_/D (DFFHQNx1_ASAP7_75t_R) 1368.32 1440.72  -72.40 (VIOLATED)
u_e.g_mac[1].g_tr2.u_tree.add_b[23]$_SDFF_PN0_/D (DFFHQNx1_ASAP7_75t_R) 1388.95 1461.33  -72.39 (VIOLATED)
u_e.g_mac[0].g_tr2.u_tree.held[57][15]$_DFFE_PP_/D (DFFHQNx1_ASAP7_75t_R) 1368.46 1440.84  -72.39 (VIOLATED)
u_e.g_mac[0].g_l2.u_l1.p0_wq[234]$_DFF_P_/D (DFFHQNx1_ASAP7_75t_R) 1385.49 1457.84  -72.35 (VIOLATED)
u_e.g_mac[0].g_tr2.u_tree.held[77][29]$_DFFE_PP_/D (DFFHQNx1_ASAP7_75t_R) 1365.00 1437.33  -72.33 (VIOLATED)
u_e.g_mac[1].g_l2.u_l0.p0_wq[150]$_SDFF_PP0_/D (DFFHQNx1_ASAP7_75t_R) 1374.00 1446.31  -72.30 (VIOLATED)
u_e.g_mac[1].g_tr2.u_tree.add_b[19]$_SDFF_PN0_/D (DFFHQNx1_ASAP7_75t_R) 1393.63 1465.92  -72.28 (VIOLATED)
u_e.g_mac[0].g_tr2.u_tree.held[45][25]$_DFFE_PP_/D (DFFHQNx1_ASAP7_75t_R) 1366.82 1439.10  -72.28 (VIOLATED)
u_e.g_mac[0].g_tr2.u_tree.held[61][17]$_DFFE_PP_/D (DFFHQNx1_ASAP7_75t_R) 1365.27 1437.54  -72.27 (VIOLATED)
u_e.g_mac[0].g_l2.u_l0.p1_sh[20][3]$_DFF_P_/D (DFFHQNx1_ASAP7_75t_R) 1366.90 1439.16  -72.26 (VIOLATED)
u_e.g_mac[0].g_tr2.u_tree.held[34][25]$_DFFE_PP_/D (DFFHQNx1_ASAP7_75t_R) 1365.94 1438.20  -72.26 (VIOLATED)
u_e.g_mac[0].g_tr2.u_tree.held[27][23]$_DFFE_PP_/D (DFFHQNx1_ASAP7_75t_R) 1364.46 1436.72  -72.26 (VIOLATED)
u_e.g_mac[0].g_tr2.u_tree.held[5][13]$_DFFE_PP_/D (DFFHQNx1_ASAP7_75t_R) 1366.96 1439.16  -72.20 (VIOLATED)
u_e.g_mac[1].g_ch2.u_c1.u_add.u_c0.g_r.r[28]$_SDFF_PP0_/D (DFFHQNx1_ASAP7_75t_R) 1356.66 1428.86  -72.20 (VIOLATED)
u_e.g_mac[0].g_tr2.u_tree.held[6][29]$_DFFE_PP_/D (DFFHQNx1_ASAP7_75t_R) 1365.39 1437.56  -72.17 (VIOLATED)
u_e.g_mac[0].g_tr2.u_tree.held[72][21]$_DFFE_PP_/D (DFFHQNx1_ASAP7_75t_R) 1367.52 1439.66  -72.14 (VIOLATED)
u_e.g_mac[0].g_tr2.u_tree.held[52][21]$_DFFE_PP_/D (DFFHQNx1_ASAP7_75t_R) 1369.27 1441.39  -72.12 (VIOLATED)
u_e.g_mac[0].g_tr2.u_tree.held[33][6]$_DFFE_PP_/D (DFFHQNx1_ASAP7_75t_R) 1367.55 1439.66  -72.10 (VIOLATED)
u_e.g_mac[0].g_l2.u_l0.p2_c[182]$_DFF_P_/D (DFFHQNx1_ASAP7_75t_R) 1374.10 1446.19  -72.09 (VIOLATED)
u_e.g_mac[0].g_l2.u_l0.p1_p[23][5]$_DFF_P_/D (DFFHQNx1_ASAP7_75t_R) 1379.52 1451.61  -72.09 (VIOLATED)
u_e.g_mac[0].g_tr2.u_tree.held[38][29]$_DFFE_PP_/D (DFFHQNx1_ASAP7_75t_R) 1364.91 1437.00  -72.09 (VIOLATED)
u_e.g_mac[0].g_tr2.u_tree.held[33][9]$_DFFE_PP_/D (DFFHQNx1_ASAP7_75t_R) 1365.70 1437.76  -72.05 (VIOLATED)
u_e.g_mac[0].g_tr2.u_tree.held[52][27]$_DFFE_PP_/D (DFFHQNx1_ASAP7_75t_R) 1369.33 1441.38  -72.04 (VIOLATED)
u_e.g_mac[1].g_l2.u_l0.p0_wq[41]$_DFF_P_/D (DFFHQNx1_ASAP7_75t_R) 1361.36 1433.38  -72.02 (VIOLATED)
u_e.g_mac[0].g_tr2.u_tree.x_above[16]$_DFF_P_/D (DFFHQNx1_ASAP7_75t_R) 1392.35 1464.32  -71.98 (VIOLATED)
u_e.g_mac[0].g_tr2.u_tree.held[46][6]$_DFFE_PP_/D (DFFHQNx1_ASAP7_75t_R) 1367.60 1439.55  -71.95 (VIOLATED)
u_e.g_mac[1].g_ch2.u_c1.u_add.u_c0.g_r.r[6]$_SDFF_PP0_/D (DFFHQNx1_ASAP7_75t_R) 1354.55 1426.49  -71.94 (VIOLATED)
u_e.g_mac[0].g_tr2.u_tree.held[7][29]$_DFFE_PP_/D (DFFHQNx1_ASAP7_75t_R) 1366.27 1438.20  -71.93 (VIOLATED)
u_e.g_mac[0].g_tr2.u_tree.held[32][7]$_DFFE_PP_/D (DFFHQNx1_ASAP7_75t_R) 1368.47 1440.39  -71.92 (VIOLATED)
u_e.g_mac[0].g_tr2.u_tree.held[14][19]$_DFFE_PP_/D (DFFHQNx1_ASAP7_75t_R) 1367.39 1439.31  -71.92 (VIOLATED)
u_e.g_mac[0].g_tr2.u_tree.held[25][30]$_DFFE_PP_/D (DFFHQNx1_ASAP7_75t_R) 1362.02 1433.90  -71.88 (VIOLATED)
u_e.g_mac[0].g_tr2.u_tree.held[61][29]$_DFFE_PP_/D (DFFHQNx1_ASAP7_75t_R) 1365.01 1436.88  -71.87 (VIOLATED)
u_e.g_mac[0].g_tr2.u_tree.held[61][21]$_DFFE_PP_/D (DFFHQNx1_ASAP7_75t_R) 1365.77 1437.63  -71.86 (VIOLATED)
u_e.g_mac[0].g_tr2.u_tree.held[57][30]$_DFFE_PP_/D (DFFHQNx1_ASAP7_75t_R) 1368.57 1440.40  -71.83 (VIOLATED)
u_e.g_mac[0].g_tr2.u_tree.held[38][25]$_DFFE_PP_/D (DFFHQNx1_ASAP7_75t_R) 1365.48 1437.30  -71.82 (VIOLATED)
u_e.g_mac[0].g_tr2.u_tree.held[7][9]$_DFFE_PP_/D (DFFHQNx1_ASAP7_75t_R) 1365.85 1437.67  -71.82 (VIOLATED)
u_e.g_mac[0].g_tr2.u_tree.held[57][25]$_DFFE_PP_/D (DFFHQNx1_ASAP7_75t_R) 1367.41 1439.21  -71.81 (VIOLATED)
u_e.g_mac[1].g_l2.u_l0.p0_wq[148]$_SDFF_PP0_/D (DFFHQNx1_ASAP7_75t_R) 1374.00 1445.79  -71.80 (VIOLATED)
u_e.g_mac[0].g_l2.u_l0.p2_c[178]$_DFF_P_/D (DFFHQNx1_ASAP7_75t_R) 1374.97 1446.75  -71.78 (VIOLATED)
u_e.g_mac[0].g_tr2.u_tree.held[34][0]$_DFFE_PP_/D (DFFHQNx1_ASAP7_75t_R) 1366.92 1438.69  -71.77 (VIOLATED)
u_e.g_mac[1].g_ch2.u_c1.u_add.u_c0.g_r.r[21]$_SDFF_PP0_/D (DFFHQNx1_ASAP7_75t_R) 1357.71 1429.48  -71.77 (VIOLATED)
u_e.g_mac[0].g_tr2.u_tree.held[24][26]$_DFFE_PP_/D (DFFHQNx1_ASAP7_75t_R) 1362.47 1434.23  -71.76 (VIOLATED)
u_e.g_mac[0].g_tr2.u_tree.held[6][21]$_DFFE_PP_/D (DFFHQNx1_ASAP7_75t_R) 1367.17 1438.89  -71.72 (VIOLATED)
u_e.g_mac[0].g_l2.u_l0.p0_wq[15]$_SDFF_PP0_/D (DFFHQNx2_ASAP7_75t_R) 1351.29 1423.00  -71.71 (VIOLATED)
u_e.g_mac[0].g_tr2.u_tree.held[77][25]$_DFFE_PP_/D (DFFHQNx1_ASAP7_75t_R) 1366.24 1437.94  -71.70 (VIOLATED)
u_e.g_mac[0].g_tr2.u_tree.held[24][6]$_DFFE_PP_/D (DFFHQNx1_ASAP7_75t_R) 1368.67 1440.33  -71.66 (VIOLATED)
u_e.g_mac[0].g_l2.u_l0.p2_c[15]$_DFF_P_/D (DFFHQNx1_ASAP7_75t_R) 1362.81 1434.43  -71.62 (VIOLATED)
u_e.g_mac[0].g_tr2.u_tree.held[61][13]$_DFFE_PP_/D (DFFHQNx1_ASAP7_75t_R) 1367.04 1438.65  -71.61 (VIOLATED)
u_e.g_qt_hit.g_hc[0].d_q[0]$_SDFFE_PP0P_/D (DFFHQNx1_ASAP7_75t_R) 1398.64 1470.24  -71.60 (VIOLATED)
u_e.g_mac[0].g_tr2.u_tree.held[51][28]$_DFFE_PP_/D (DFFHQNx1_ASAP7_75t_R) 1367.28 1438.84  -71.56 (VIOLATED)
u_e.g_mac[0].g_l2.u_l0.p0_we[2]$_DFF_P_/D (DFFHQNx1_ASAP7_75t_R) 1366.41 1437.97  -71.56 (VIOLATED)
u_e.g_mac[0].g_tr2.u_tree.held[57][13]$_DFFE_PP_/D (DFFHQNx1_ASAP7_75t_R) 1366.46 1437.99  -71.53 (VIOLATED)
u_e.g_mac[0].g_l2.u_l0.p2_c[157]$_DFF_P_/D (DFFHQNx1_ASAP7_75t_R) 1351.10 1422.62  -71.52 (VIOLATED)
u_e.g_mac[0].g_tr2.u_tree.held[68][21]$_DFFE_PP_/D (DFFHQNx1_ASAP7_75t_R) 1370.17 1441.68  -71.51 (VIOLATED)
u_e.g_mac[1].g_tr2.u_tree.add_b[21]$_SDFF_PN0_/D (DFFHQNx1_ASAP7_75t_R) 1394.28 1465.78  -71.50 (VIOLATED)
u_e.g_mac[0].g_tr2.u_tree.have[60]$_DFFE_PN0P_/D (DFFASRHQNx1_ASAP7_75t_R) 1352.83 1424.28  -71.45 (VIOLATED)
u_e.g_mac[0].g_tr2.u_tree.held[74][14]$_DFFE_PP_/D (DFFHQNx1_ASAP7_75t_R) 1365.94 1437.34  -71.40 (VIOLATED)
u_e.g_mac[1].g_l2.u_l1.p2_c[40]$_DFF_P_/D (DFFHQNx1_ASAP7_75t_R) 1361.64 1433.03  -71.38 (VIOLATED)
u_e.g_mac[0].g_tr2.u_tree.held[60][21]$_DFFE_PP_/D (DFFHQNx1_ASAP7_75t_R) 1363.95 1435.33  -71.38 (VIOLATED)
u_e.g_qt_hit.g_hc[0].d_q[1]$_SDFFE_PP0P_/D (DFFHQNx1_ASAP7_75t_R) 1398.61 1469.98  -71.36 (VIOLATED)
u_e.g_mac[0].g_l2.u_l0.p2_c[203]$_DFF_P_/D (DFFHQNx1_ASAP7_75t_R) 1359.23 1430.57  -71.34 (VIOLATED)
u_e.g_mac[0].g_l2.u_l0.p0_wq[244]$_SDFF_PP0_/D (DFFHQNx1_ASAP7_75t_R) 1380.92 1452.24  -71.31 (VIOLATED)
u_e.g_mac[0].g_l2.u_l1.p0_wq[192]$_DFF_P_/D (DFFHQNx1_ASAP7_75t_R) 1374.12 1445.41  -71.29 (VIOLATED)
u_e.g_mac[1].g_l2.u_l0.p2_c[51]$_DFF_P_/D (DFFHQNx1_ASAP7_75t_R) 1350.82 1422.05  -71.23 (VIOLATED)
u_e.g_mac[1].g_l2.u_l0.p0_wq[141]$_SDFF_PP0_/D (DFFHQNx1_ASAP7_75t_R) 1372.36 1443.58  -71.22 (VIOLATED)
u_e.g_mac[1].g_l2.u_l0.p2_c[50]$_DFF_P_/D (DFFHQNx1_ASAP7_75t_R) 1364.26 1435.45  -71.19 (VIOLATED)
u_e.g_mac[1].g_tr2.u_tree.add_b[0]$_SDFF_PN0_/D (DFFHQNx1_ASAP7_75t_R) 1375.16 1446.33  -71.17 (VIOLATED)
u_e.g_mac[0].g_tr2.u_tree.held[29][27]$_DFFE_PP_/D (DFFHQNx1_ASAP7_75t_R) 1369.71 1440.87  -71.16 (VIOLATED)
u_e.g_mac[0].g_tr2.u_tree.held[66][6]$_DFFE_PP_/D (DFFHQNx1_ASAP7_75t_R) 1378.80 1449.92  -71.12 (VIOLATED)
u_e.g_mac[0].g_tr2.u_tree.held[7][13]$_DFFE_PP_/D (DFFHQNx1_ASAP7_75t_R) 1365.75 1436.84  -71.09 (VIOLATED)
u_e.g_qt_hit.g_hc[2].d_j[1]$_SDFFE_PP0P_/D (DFFHQNx1_ASAP7_75t_R) 1397.76 1468.84  -71.08 (VIOLATED)
u_e.g_mac[0].g_tr2.u_tree.held[77][30]$_DFFE_PP_/D (DFFHQNx1_ASAP7_75t_R) 1369.07 1440.13  -71.06 (VIOLATED)
u_e.g_mac[0].g_tr2.u_tree.held[39][13]$_DFFE_PP_/D (DFFHQNx1_ASAP7_75t_R) 1367.23 1438.25  -71.02 (VIOLATED)
u_e.g_mac[0].g_l2.u_l0.p1_p[28][4]$_DFF_P_/D (DFFHQNx1_ASAP7_75t_R) 1372.40 1443.39  -71.00 (VIOLATED)
u_e.g_mac[1].g_tr2.u_tree.add_b[1]$_SDFF_PN0_/D (DFFHQNx1_ASAP7_75t_R) 1375.16 1446.14  -70.98 (VIOLATED)
u_e.g_mac[0].g_tr2.u_tree.held[7][30]$_DFFE_PP_/D (DFFHQNx1_ASAP7_75t_R) 1368.42 1439.38  -70.97 (VIOLATED)
u_e.g_mac[0].g_tr2.u_tree.held[72][29]$_DFFE_PP_/D (DFFHQNx1_ASAP7_75t_R) 1365.84 1436.80  -70.96 (VIOLATED)
u_e.g_mac[0].g_tr2.u_tree.held[1][29]$_DFFE_PP_/D (DFFHQNx1_ASAP7_75t_R) 1364.98 1435.92  -70.94 (VIOLATED)
u_e.g_mac[0].g_tr2.u_tree.x_oh[31]$_DFF_P_/D (DFFHQNx1_ASAP7_75t_R) 1386.44 1457.31  -70.87 (VIOLATED)
u_e.g_mac[0].g_tr2.u_tree.held[7][17]$_DFFE_PP_/D (DFFHQNx1_ASAP7_75t_R) 1366.71 1437.52  -70.81 (VIOLATED)
u_e.g_mac[1].g_l2.u_l1.p2_c[112]$_DFF_P_/D (DFFHQNx1_ASAP7_75t_R) 1361.27 1431.99  -70.72 (VIOLATED)
u_e.g_mac[0].g_tr2.u_tree.held[23][6]$_DFFE_PP_/D (DFFHQNx1_ASAP7_75t_R) 1366.36 1437.06  -70.71 (VIOLATED)
u_e.g_mac[0].g_l2.u_l0.p2_c[17]$_DFF_P_/D (DFFHQNx1_ASAP7_75t_R) 1355.64 1426.35  -70.71 (VIOLATED)
u_e.g_mac[0].g_tr2.u_tree.held[67][30]$_DFFE_PP_/D (DFFHQNx1_ASAP7_75t_R) 1369.38 1440.09  -70.70 (VIOLATED)
u_e.g_mac[0].g_tr2.u_tree.held[41][21]$_DFFE_PP_/D (DFFHQNx1_ASAP7_75t_R) 1366.93 1437.61  -70.69 (VIOLATED)
u_e.g_mac[0].g_tr2.u_tree.held[37][29]$_DFFE_PP_/D (DFFHQNx1_ASAP7_75t_R) 1365.02 1435.69  -70.67 (VIOLATED)
u_e.g_mac[0].g_l2.u_l0.p1_p[22][4]$_DFF_P_/D (DFFHQNx1_ASAP7_75t_R) 1361.49 1432.14  -70.64 (VIOLATED)
u_e.g_mac[0].g_tr2.u_tree.herr[79]$_DFFE_PN0P_/D (DFFASRHQNx1_ASAP7_75t_R) 1350.45 1421.07  -70.62 (VIOLATED)
u_e.g_mac[0].g_tr2.u_tree.held[48][19]$_DFFE_PP_/D (DFFHQNx1_ASAP7_75t_R) 1365.70 1436.30  -70.59 (VIOLATED)
u_e.g_mac[0].g_tr2.u_tree.held[75][30]$_DFFE_PP_/D (DFFHQNx1_ASAP7_75t_R) 1369.03 1439.61  -70.57 (VIOLATED)
u_e.g_mac[0].g_tr2.u_tree.held[32][0]$_DFFE_PP_/D (DFFHQNx1_ASAP7_75t_R) 1368.10 1438.65  -70.56 (VIOLATED)
u_e.g_mac[0].g_l2.u_l0.p1_sh[3][2]$_DFF_P_/D (DFFHQNx1_ASAP7_75t_R) 1380.45 1451.00  -70.55 (VIOLATED)
u_e.g_mac[1].g_ch2.u_c1.u_add.u_c8.g_r.r[7]$_DFF_P_/D (DFFHQNx2_ASAP7_75t_R) 1362.57 1433.10  -70.53 (VIOLATED)
u_e.g_mac[0].g_tr2.u_tree.held[3][15]$_DFFE_PP_/D (DFFHQNx1_ASAP7_75t_R) 1365.12 1435.63  -70.51 (VIOLATED)
u_e.g_mac[1].g_l2.u_l0.p2_c[12]$_DFF_P_/D (DFFHQNx1_ASAP7_75t_R) 1358.78 1429.29  -70.51 (VIOLATED)
u_e.g_qt_hit.g_hc[2].d_b[2]$_SDFFE_PP0P_/D (DFFHQNx1_ASAP7_75t_R) 1398.60 1469.10  -70.50 (VIOLATED)
u_e.g_mac[0].g_tr2.u_tree.held[33][0]$_DFFE_PP_/D (DFFHQNx1_ASAP7_75t_R) 1367.32 1437.78  -70.46 (VIOLATED)
u_e.g_mac[1].g_l2.u_l0.p2_c[40]$_DFF_P_/D (DFFHQNx1_ASAP7_75t_R) 1352.54 1422.97  -70.43 (VIOLATED)
u_e.g_mac[0].g_tr2.u_tree.held[13][21]$_DFFE_PP_/D (DFFHQNx1_ASAP7_75t_R) 1361.52 1431.95  -70.43 (VIOLATED)
u_e.g_mac[0].g_tr2.u_tree.held[24][16]$_DFFE_PP_/D (DFFHQNx1_ASAP7_75t_R) 1367.70 1438.12  -70.42 (VIOLATED)
u_e.g_mac[0].g_tr2.u_tree.held[67][23]$_DFFE_PP_/D (DFFHQNx1_ASAP7_75t_R) 1367.77 1438.18  -70.41 (VIOLATED)
u_e.g_mac[0].g_tr2.u_tree.held[79][22]$_DFFE_PP_/D (DFFHQNx1_ASAP7_75t_R) 1366.03 1436.44  -70.41 (VIOLATED)
u_e.g_mac[0].g_tr2.u_tree.held[34][6]$_DFFE_PP_/D (DFFHQNx1_ASAP7_75t_R) 1367.79 1438.17  -70.39 (VIOLATED)
u_e.g_mac[0].g_tr2.u_tree.held[75][18]$_DFFE_PP_/D (DFFHQNx1_ASAP7_75t_R) 1368.77 1439.15  -70.38 (VIOLATED)
u_e.g_mac[0].g_tr2.u_tree.x_above[46]$_DFF_P_/D (DFFHQNx1_ASAP7_75t_R) 1389.14 1459.51  -70.37 (VIOLATED)
u_e.g_mac[1].g_tr2.u_tree.add_b[3]$_SDFF_PN0_/D (DFFHQNx1_ASAP7_75t_R) 1374.43 1444.77  -70.34 (VIOLATED)
u_e.g_mac[1].g_l2.u_l0.p0_wq[28]$_SDFF_PP0_/D (DFFHQNx3_ASAP7_75t_R) 1366.66 1436.99  -70.33 (VIOLATED)
u_e.g_mac[0].g_tr2.u_tree.held[61][22]$_DFFE_PP_/D (DFFHQNx1_ASAP7_75t_R) 1368.04 1438.36  -70.33 (VIOLATED)
u_e.g_mac[1].g_l2.u_l1.p2_c[17]$_DFF_P_/D (DFFHQNx1_ASAP7_75t_R) 1362.67 1432.98  -70.30 (VIOLATED)
u_e.a_ctr[3]$_DFFE_PP_/D (DFFHQNx1_ASAP7_75t_R) 1369.95 1440.24  -70.29 (VIOLATED)
u_e.g_mac[0].g_tr2.u_tree.x_above[49]$_DFF_P_/D (DFFHQNx1_ASAP7_75t_R) 1391.27 1461.53  -70.26 (VIOLATED)
u_e.g_mac[0].g_tr2.u_tree.x_oh[16]$_DFF_P_/D (DFFHQNx1_ASAP7_75t_R) 1392.80 1463.03  -70.23 (VIOLATED)
u_e.g_mac[0].g_tr2.u_tree.held[52][18]$_DFFE_PP_/D (DFFHQNx1_ASAP7_75t_R) 1368.22 1438.44  -70.21 (VIOLATED)
u_e.g_mac[0].g_tr2.u_tree.held[79][30]$_DFFE_PP_/D (DFFHQNx1_ASAP7_75t_R) 1365.89 1436.11  -70.21 (VIOLATED)
u_e.g_mac[0].g_tr2.u_tree.held[77][21]$_DFFE_PP_/D (DFFHQNx1_ASAP7_75t_R) 1370.04 1440.22  -70.19 (VIOLATED)
u_e.g_mac[0].g_tr2.u_tree.x_oh[65]$_DFF_P_/D (DFFHQNx1_ASAP7_75t_R) 1390.67 1460.84  -70.17 (VIOLATED)
u_e.g_mac[1].g_ch2.u_c1.u_add.u_c0.g_r.r[25]$_SDFF_PP0_/D (DFFHQNx1_ASAP7_75t_R) 1358.49 1428.66  -70.16 (VIOLATED)
u_e.g_mac[0].g_tr2.u_tree.held[61][25]$_DFFE_PP_/D (DFFHQNx1_ASAP7_75t_R) 1365.93 1436.06  -70.13 (VIOLATED)
u_e.g_mac[1].g_l2.u_l0.p0_wq[138]$_DFF_P_/D (DFFHQNx1_ASAP7_75t_R) 1371.50 1441.60  -70.10 (VIOLATED)
u_e.g_mac[1].g_tr2.u_tree.add_b[30]$_SDFF_PN0_/D (DFFHQNx1_ASAP7_75t_R) 1391.25 1461.34  -70.10 (VIOLATED)
u_e.g_mac[0].g_tr2.u_tree.held[13][19]$_DFFE_PP_/D (DFFHQNx1_ASAP7_75t_R) 1365.11 1435.19  -70.09 (VIOLATED)
u_e.g_mac[0].g_tr2.u_tree.have[15]$_DFFE_PN0P_/D (DFFASRHQNx1_ASAP7_75t_R) 1392.73 1462.79  -70.06 (VIOLATED)
u_e.g_mac[1].g_l2.u_l0.p0_wq[44]$_SDFF_PP0_/D (DFFHQNx3_ASAP7_75t_R) 1358.99 1429.02  -70.04 (VIOLATED)
u_e.g_mac[0].g_tr2.u_tree.held[71][16]$_DFFE_PP_/D (DFFHQNx1_ASAP7_75t_R) 1399.22 1469.26  -70.04 (VIOLATED)
u_e.g_mac[0].g_tr2.u_tree.held[24][7]$_DFFE_PP_/D (DFFHQNx1_ASAP7_75t_R) 1368.50 1438.48  -69.98 (VIOLATED)
u_e.g_mac[0].g_tr2.u_tree.held[34][30]$_DFFE_PP_/D (DFFHQNx1_ASAP7_75t_R) 1368.74 1438.70  -69.97 (VIOLATED)
u_e.g_mac[0].g_tr2.u_tree.held[37][20]$_DFFE_PP_/D (DFFHQNx1_ASAP7_75t_R) 1365.00 1434.94  -69.95 (VIOLATED)
u_e.g_mac[1].g_l2.u_l0.p2_c[18]$_DFF_P_/D (DFFHQNx1_ASAP7_75t_R) 1363.93 1433.88  -69.95 (VIOLATED)
u_e.g_mac[0].g_tr2.u_tree.held[61][20]$_DFFE_PP_/D (DFFHQNx1_ASAP7_75t_R) 1366.11 1436.04  -69.94 (VIOLATED)
u_e.g_mac[0].g_l2.u_l1.p0_wq[193]$_DFF_P_/D (DFFHQNx1_ASAP7_75t_R) 1374.92 1444.85  -69.94 (VIOLATED)
u_e.g_mac[0].g_tr2.u_tree.x_above[71]$_DFF_P_/D (DFFHQNx1_ASAP7_75t_R) 1389.22 1459.14  -69.92 (VIOLATED)
u_e.g_mac[0].g_tr2.u_tree.held[53][15]$_DFFE_PP_/D (DFFHQNx1_ASAP7_75t_R) 1361.92 1431.84  -69.92 (VIOLATED)
u_e.g_mac[1].g_l2.u_l0.p1_sh[0][2]$_DFF_P_/D (DFFHQNx1_ASAP7_75t_R) 1364.99 1434.91  -69.92 (VIOLATED)
u_e.g_mac[0].g_l2.u_l0.p2_c[202]$_DFF_P_/D (DFFHQNx1_ASAP7_75t_R) 1360.69 1430.55  -69.85 (VIOLATED)
u_e.g_mac[0].g_tr2.u_tree.held[30][24]$_DFFE_PP_/D (DFFHQNx1_ASAP7_75t_R) 1365.22 1435.06  -69.84 (VIOLATED)
u_e.g_mac[0].g_l2.u_l0.p2_c[24]$_DFF_P_/D (DFFHQNx1_ASAP7_75t_R) 1348.46 1418.30  -69.83 (VIOLATED)
u_e.g_mac[1].g_tr2.u_tree.add_b[13]$_SDFF_PN0_/D (DFFHQNx1_ASAP7_75t_R) 1388.77 1458.59  -69.82 (VIOLATED)
u_e.g_mac[1].g_pp.u_rom1/ce_in (ot_rom_4096x274_m8) 1364.06 1433.88  -69.82 (VIOLATED)
u_e.g_mac[0].g_tr2.u_tree.held[47][9]$_DFFE_PP_/D (DFFHQNx1_ASAP7_75t_R) 1365.04 1434.83  -69.79 (VIOLATED)
u_e.g_mac[1].g_l2.u_l0.p0_wq[159]$_SDFF_PP0_/D (DFFHQNx1_ASAP7_75t_R) 1381.42 1451.20  -69.77 (VIOLATED)
u_e.g_mac[0].g_tr2.u_tree.held[61][27]$_DFFE_PP_/D (DFFHQNx1_ASAP7_75t_R) 1369.18 1438.92  -69.74 (VIOLATED)
u_e.g_mac[1].g_ch2.u_c1.u_add.u_c0.g_r.r[16]$_SDFF_PP0_/D (DFFHQNx1_ASAP7_75t_R) 1359.00 1428.71  -69.71 (VIOLATED)
u_e.g_mac[1].g_l2.u_l0.p0_wq[188]$_SDFF_PP0_/D (DFFHQNx1_ASAP7_75t_R) 1362.57 1432.27  -69.70 (VIOLATED)
u_e.g_mac[0].g_l2.u_l0.p1_sh[27][2]$_DFF_P_/D (DFFHQNx1_ASAP7_75t_R) 1356.16 1425.84  -69.68 (VIOLATED)
u_e.g_mac[0].g_tr2.u_tree.held[1][20]$_DFFE_PP_/D (DFFHQNx1_ASAP7_75t_R) 1366.92 1436.58  -69.66 (VIOLATED)
u_e.g_mac[0].g_tr2.u_tree.held[15][27]$_DFFE_PP_/D (DFFHQNx1_ASAP7_75t_R) 1369.39 1439.04  -69.65 (VIOLATED)
u_e.g_mac[0].g_tr2.u_tree.held[24][0]$_DFFE_PP_/D (DFFHQNx1_ASAP7_75t_R) 1368.41 1438.06  -69.65 (VIOLATED)
u_e.g_mac[0].g_tr2.u_tree.held[24][19]$_DFFE_PP_/D (DFFHQNx1_ASAP7_75t_R) 1364.52 1434.16  -69.65 (VIOLATED)
u_e.g_mac[1].g_tr2.u_tree.add_b[25]$_SDFF_PN0_/D (DFFHQNx1_ASAP7_75t_R) 1391.90 1461.54  -69.64 (VIOLATED)
u_e.g_mac[1].g_l2.u_l0.p0_wq[171]$_DFF_P_/D (DFFHQNx1_ASAP7_75t_R) 1377.91 1447.50  -69.59 (VIOLATED)
u_e.g_mac[1].g_tr2.u_tree.add_b[10]$_SDFF_PN0_/D (DFFHQNx1_ASAP7_75t_R) 1375.07 1444.62  -69.54 (VIOLATED)
u_e.g_mac[0].g_l2.u_l0.p0_wq[22]$_SDFF_PP0_/D (DFFHQNx1_ASAP7_75t_R) 1363.28 1432.82  -69.53 (VIOLATED)
u_e.g_mac[0].g_tr2.u_tree.held[34][21]$_DFFE_PP_/D (DFFHQNx1_ASAP7_75t_R) 1365.82 1435.33  -69.51 (VIOLATED)
u_e.g_mac[0].g_tr2.u_tree.x_oh[6]$_DFF_P_/D (DFFHQNx1_ASAP7_75t_R) 1388.61 1458.09  -69.48 (VIOLATED)
u_e.g_mac[0].g_l2.u_l0.p1_sh[14][2]$_DFF_P_/D (DFFHQNx1_ASAP7_75t_R) 1372.14 1441.59  -69.46 (VIOLATED)
u_e.g_mac[1].g_l2.u_l0.p0_wq[166]$_SDFF_PP0_/D (DFFHQNx1_ASAP7_75t_R) 1373.25 1442.70  -69.45 (VIOLATED)
u_e.g_mac[1].g_l2.u_l0.p1_p[14][3]$_DFF_P_/D (DFFHQNx1_ASAP7_75t_R) 1361.87 1431.31  -69.45 (VIOLATED)
u_e.g_mac[0].g_tr2.u_tree.held[42][15]$_DFFE_PP_/D (DFFHQNx1_ASAP7_75t_R) 1374.58 1444.01  -69.43 (VIOLATED)
u_e.g_mac[1].g_l2.u_l1.p2_c[14]$_DFF_P_/D (DFFHQNx1_ASAP7_75t_R) 1364.59 1434.01  -69.42 (VIOLATED)
u_e.g_mac[0].g_l2.u_l0.p2_c[16]$_DFF_P_/D (DFFHQNx1_ASAP7_75t_R) 1362.90 1432.30  -69.40 (VIOLATED)
u_e.g_mac[0].g_tr2.u_tree.held[34][18]$_DFFE_PP_/D (DFFHQNx1_ASAP7_75t_R) 1369.57 1438.95  -69.38 (VIOLATED)
u_e.g_mac[1].g_ch2.u_c1.u_add.u_c0.g_r.r[9]$_SDFF_PP0_/D (DFFHQNx1_ASAP7_75t_R) 1356.34 1425.71  -69.37 (VIOLATED)
u_e.g_mac[0].g_tr2.u_tree.held[77][13]$_DFFE_PP_/D (DFFHQNx1_ASAP7_75t_R) 1367.58 1436.94  -69.36 (VIOLATED)
u_e.g_mac[0].g_tr2.u_tree.held[67][0]$_DFFE_PP_/D (DFFHQNx1_ASAP7_75t_R) 1367.21 1436.53  -69.32 (VIOLATED)
u_e.g_mac[0].g_l2.u_l0.p2_c[67]$_DFF_P_/D (DFFHQNx1_ASAP7_75t_R) 1348.87 1418.19  -69.32 (VIOLATED)
u_e.g_mac[1].g_tr2.u_tree.add_b[4]$_SDFF_PN0_/D (DFFHQNx1_ASAP7_75t_R) 1376.06 1445.36  -69.30 (VIOLATED)
u_e.g_mac[1].g_l2.u_l1.p2_c[71]$_DFF_P_/D (DFFHQNx1_ASAP7_75t_R) 1375.54 1444.83  -69.29 (VIOLATED)
u_e.g_mac[0].g_tr2.u_tree.held[13][17]$_DFFE_PP_/D (DFFHQNx1_ASAP7_75t_R) 1366.16 1435.44  -69.28 (VIOLATED)
u_e.g_mac[1].g_tr2.u_tree.add_b[27]$_SDFF_PN0_/D (DFFHQNx1_ASAP7_75t_R) 1391.88 1461.14  -69.25 (VIOLATED)
u_e.g_mac[1].g_l2.u_l0.p0_wq[180]$_SDFF_PP0_/D (DFFHQNx1_ASAP7_75t_R) 1373.84 1443.07  -69.23 (VIOLATED)
u_e.g_mac[1].g_l2.u_l1.p2_c[15]$_DFF_P_/D (DFFHQNx1_ASAP7_75t_R) 1362.65 1431.86  -69.21 (VIOLATED)
u_e.g_mac[0].g_tr2.u_tree.held[61][19]$_DFFE_PP_/D (DFFHQNx1_ASAP7_75t_R) 1367.26 1436.45  -69.19 (VIOLATED)
u_e.g_mac[1].g_l2.u_l0.p1_p[6][4]$_DFF_P_/D (DFFHQNx1_ASAP7_75t_R) 1368.52 1437.71  -69.19 (VIOLATED)
u_e.g_mac[1].g_l2.u_l1.p2_c[55]$_DFF_P_/D (DFFHQNx1_ASAP7_75t_R) 1362.73 1431.87  -69.14 (VIOLATED)
u_e.g_qt_hit.g_hc[1].d_pos[1]$_SDFFE_PP0P_/D (DFFHQNx1_ASAP7_75t_R) 1401.60 1470.72  -69.12 (VIOLATED)
u_e.g_mac[0].g_tr2.u_tree.held[32][19]$_DFFE_PP_/D (DFFHQNx1_ASAP7_75t_R) 1367.01 1436.13  -69.12 (VIOLATED)
u_e.g_mac[0].g_l2.u_l0.p2_c[63]$_DFF_P_/D (DFFHQNx1_ASAP7_75t_R) 1347.23 1416.35  -69.11 (VIOLATED)
u_e.g_mac[0].g_l2.u_l0.p1_sh[11][2]$_DFF_P_/D (DFFHQNx1_ASAP7_75t_R) 1378.81 1447.92  -69.11 (VIOLATED)
u_e.g_mac[0].g_tr2.u_tree.held[47][26]$_DFFE_PP_/D (DFFHQNx1_ASAP7_75t_R) 1364.10 1433.19  -69.09 (VIOLATED)
u_e.g_mac[1].g_tr2.u_tree.add_b[29]$_SDFF_PN0_/D (DFFHQNx1_ASAP7_75t_R) 1391.92 1461.00  -69.08 (VIOLATED)
u_e.g_mac[0].g_tr2.u_tree.x_above[17]$_DFF_P_/D (DFFHQNx1_ASAP7_75t_R) 1394.12 1463.20  -69.08 (VIOLATED)
u_e.g_mac[0].g_tr2.u_tree.held[32][15]$_DFFE_PP_/D (DFFHQNx1_ASAP7_75t_R) 1360.20 1429.26  -69.07 (VIOLATED)
u_e.g_mac[0].g_tr2.u_tree.held[44][30]$_DFFE_PP_/D (DFFHQNx1_ASAP7_75t_R) 1368.39 1437.35  -68.96 (VIOLATED)
u_e.g_mac[1].g_l2.u_l1.p0_wq[48]$_DFF_P_/D (DFFHQNx1_ASAP7_75t_R) 1360.09 1429.02  -68.93 (VIOLATED)
u_e.g_mac[1].g_l2.u_l0.p2_c[45]$_DFF_P_/D (DFFHQNx1_ASAP7_75t_R) 1343.37 1412.28  -68.91 (VIOLATED)
u_e.g_mac[1].g_l2.u_l1.p0_wq[98]$_DFF_P_/D (DFFHQNx1_ASAP7_75t_R) 1369.85 1438.76  -68.91 (VIOLATED)
u_e.g_mac[1].g_l2.u_l1.p2_c[16]$_DFF_P_/D (DFFHQNx1_ASAP7_75t_R) 1362.85 1431.75  -68.90 (VIOLATED)
u_e.g_mac[0].g_tr2.u_tree.held[23][5]$_DFFE_PP_/D (DFFHQNx1_ASAP7_75t_R) 1405.46 1474.33  -68.87 (VIOLATED)
u_e.g_mac[0].g_tr2.u_tree.x_oh[15]$_DFF_P_/D (DFFHQNx1_ASAP7_75t_R) 1393.97 1462.81  -68.84 (VIOLATED)
u_e.g_mac[0].g_tr2.u_tree.held[30][7]$_DFFE_PP_/D (DFFHQNx1_ASAP7_75t_R) 1368.38 1437.20  -68.82 (VIOLATED)
u_e.g_mac[1].g_tr2.u_tree.add_b[7]$_SDFF_PN0_/D (DFFHQNx1_ASAP7_75t_R) 1376.05 1444.87  -68.82 (VIOLATED)
u_e.g_mac[0].g_l2.u_l0.p0_wq[169]$_DFF_P_/D (DFFHQNx1_ASAP7_75t_R) 1369.00 1437.76  -68.76 (VIOLATED)
u_e.g_mac[0].g_l2.u_l0.p2_c[177]$_DFF_P_/D (DFFHQNx1_ASAP7_75t_R) 1374.26 1443.01  -68.75 (VIOLATED)
u_e.g_mac[1].g_ch2.u_c1.u_add.u_c0.g_r.r[8]$_SDFF_PP0_/D (DFFHQNx1_ASAP7_75t_R) 1356.35 1425.09  -68.74 (VIOLATED)
u_e.g_mac[1].g_l2.u_l0.p1_sh[11][1]$_DFF_P_/D (DFFHQNx1_ASAP7_75t_R) 1386.83 1455.56  -68.73 (VIOLATED)
u_e.g_mac[0].g_l2.u_l0.p1_p[23][7]$_DFF_P_/D (DFFHQNx1_ASAP7_75t_R) 1391.74 1460.41  -68.68 (VIOLATED)
u_e.g_mac[0].g_tr2.u_tree.x_above[18]$_DFF_P_/D (DFFHQNx1_ASAP7_75t_R) 1395.21 1463.88  -68.67 (VIOLATED)
u_e.g_mac[0].g_tr2.u_tree.held[79][18]$_DFFE_PP_/D (DFFHQNx1_ASAP7_75t_R) 1369.47 1438.13  -68.65 (VIOLATED)
u_e.g_mac[1].g_l2.u_l0.p2_c[59]$_DFF_P_/D (DFFHQNx1_ASAP7_75t_R) 1350.11 1418.71  -68.61 (VIOLATED)
u_e.g_mac[0].g_tr2.u_tree.held[71][7]$_DFFE_PP_/D (DFFHQNx1_ASAP7_75t_R) 1401.61 1470.20  -68.59 (VIOLATED)
u_e.g_mac[1].g_tr2.u_tree.add_b[6]$_SDFF_PN0_/D (DFFHQNx1_ASAP7_75t_R) 1376.92 1445.50  -68.58 (VIOLATED)
u_e.g_mac[0].g_tr2.u_tree.held[42][17]$_DFFE_PP_/D (DFFHQNx1_ASAP7_75t_R) 1366.88 1435.46  -68.58 (VIOLATED)
u_e.g_mac[0].g_tr2.u_tree.held[16][15]$_DFFE_PP_/D (DFFHQNx1_ASAP7_75t_R) 1369.20 1437.77  -68.58 (VIOLATED)
u_e.g_mac[0].g_l2.u_l0.p2_c[183]$_DFF_P_/D (DFFHQNx1_ASAP7_75t_R) 1372.22 1440.64  -68.43 (VIOLATED)
u_e.g_mac[1].g_l2.u_l1.p2_c[31]$_DFF_P_/D (DFFHQNx1_ASAP7_75t_R) 1362.84 1431.27  -68.42 (VIOLATED)
u_e.g_mac[0].g_l2.u_l0.p2_c[187]$_DFF_P_/D (DFFHQNx1_ASAP7_75t_R) 1373.72 1442.13  -68.41 (VIOLATED)
u_e.g_mac[1].g_l2.u_l0.p0_wq[158]$_SDFF_PP0_/D (DFFHQNx1_ASAP7_75t_R) 1381.01 1449.40  -68.40 (VIOLATED)
u_e.g_mac[0].g_tr2.u_tree.held[41][27]$_DFFE_PP_/D (DFFHQNx1_ASAP7_75t_R) 1364.06 1432.45  -68.39 (VIOLATED)
u_e.g_mac[1].g_tr2.u_tree.add_b[20]$_SDFF_PN0_/D (DFFHQNx1_ASAP7_75t_R) 1391.06 1459.42  -68.36 (VIOLATED)
u_e.g_mac[0].g_tr2.u_tree.held[15][6]$_DFFE_PP_/D (DFFHQNx1_ASAP7_75t_R) 1419.03 1487.38  -68.35 (VIOLATED)
u_e.g_mac[0].g_l2.u_l0.p1_p[15][3]$_DFF_P_/D (DFFHQNx1_ASAP7_75t_R) 1361.88 1430.22  -68.34 (VIOLATED)
u_e.g_mac[0].g_tr2.u_tree.held[3][13]$_DFFE_PP_/D (DFFHQNx1_ASAP7_75t_R) 1365.50 1433.83  -68.33 (VIOLATED)
u_e.g_mac[0].g_tr2.u_tree.held[42][26]$_DFFE_PP_/D (DFFHQNx1_ASAP7_75t_R) 1366.72 1435.01  -68.30 (VIOLATED)
u_e.g_mac[0].g_tr2.u_tree.held[24][17]$_DFFE_PP_/D (DFFHQNx1_ASAP7_75t_R) 1365.91 1434.18  -68.27 (VIOLATED)
u_e.g_mac[0].g_tr2.u_tree.held[38][30]$_DFFE_PP_/D (DFFHQNx1_ASAP7_75t_R) 1367.77 1436.02  -68.25 (VIOLATED)
u_e.g_mac[0].g_l2.u_l0.p2_c[29]$_DFF_P_/D (DFFHQNx1_ASAP7_75t_R) 1358.07 1426.31  -68.24 (VIOLATED)
u_e.g_mac[1].g_l2.u_l0.p0_wq[17]$_DFF_P_/D (DFFHQNx2_ASAP7_75t_R) 1354.26 1422.49  -68.24 (VIOLATED)
u_e.g_mac[0].g_tr2.u_tree.x_oh[71]$_DFF_P_/D (DFFHQNx1_ASAP7_75t_R) 1391.56 1459.80  -68.23 (VIOLATED)
u_e.g_mac[0].g_tr2.u_tree.held[23][11]$_DFFE_PP_/D (DFFHQNx1_ASAP7_75t_R) 1406.13 1474.34  -68.21 (VIOLATED)
u_e.g_mac[0].g_tr2.u_tree.held[47][27]$_DFFE_PP_/D (DFFHQNx1_ASAP7_75t_R) 1363.33 1431.51  -68.18 (VIOLATED)
u_e.g_mac[1].g_ch2.u_c1.u_add.u_c0.g_r.r[27]$_SDFF_PP0_/D (DFFHQNx1_ASAP7_75t_R) 1358.77 1426.94  -68.17 (VIOLATED)
u_e.g_mac[0].g_tr2.u_tree.held[37][9]$_DFFE_PP_/D (DFFHQNx1_ASAP7_75t_R) 1366.64 1434.81  -68.17 (VIOLATED)
u_e.w_b[2]$_SDFFCE_PP0P_/D (DFFHQNx1_ASAP7_75t_R) 1401.18 1469.29  -68.10 (VIOLATED)
u_e.g_mac[0].g_tr2.u_tree.held[45][21]$_DFFE_PP_/D (DFFHQNx1_ASAP7_75t_R) 1362.76 1430.84  -68.08 (VIOLATED)
u_e.g_mac[0].g_tr2.u_tree.held[9][18]$_DFFE_PP_/D (DFFHQNx1_ASAP7_75t_R) 1368.62 1436.68  -68.06 (VIOLATED)
u_e.g_mac[1].g_l2.u_l0.p0_wq[45]$_SDFF_PP0_/D (DFFHQNx2_ASAP7_75t_R) 1370.39 1438.44  -68.05 (VIOLATED)
u_e.g_mac[1].g_l2.u_l0.p2_c[75]$_DFF_P_/D (DFFHQNx1_ASAP7_75t_R) 1342.92 1410.97  -68.05 (VIOLATED)
u_e.g_mac[0].g_l2.u_l0.p2_c[66]$_DFF_P_/D (DFFHQNx1_ASAP7_75t_R) 1350.55 1418.56  -68.01 (VIOLATED)
u_e.g_mac[0].g_tr2.u_tree.held[41][9]$_DFFE_PP_/D (DFFHQNx1_ASAP7_75t_R) 1365.39 1433.40  -68.01 (VIOLATED)
u_e.g_mac[1].g_l2.u_l0.p0_wq[38]$_SDFF_PP0_/D (DFFHQNx2_ASAP7_75t_R) 1382.38 1450.38  -68.00 (VIOLATED)
u_e.g_qt_hit.g_hc[2].d_b[1]$_SDFFE_PP0P_/D (DFFHQNx1_ASAP7_75t_R) 1401.97 1469.97  -68.00 (VIOLATED)
u_e.g_mac[0].g_tr2.u_tree.herr[24]$_DFFE_PN0P_/D (DFFASRHQNx1_ASAP7_75t_R) 1350.54 1418.52  -67.99 (VIOLATED)
u_e.g_mac[0].g_tr2.u_tree.held[22][13]$_DFFE_PP_/D (DFFHQNx1_ASAP7_75t_R) 1367.86 1435.84  -67.98 (VIOLATED)
u_e.g_mac[0].g_tr2.u_tree.held[22][30]$_DFFE_PP_/D (DFFHQNx1_ASAP7_75t_R) 1369.06 1437.02  -67.96 (VIOLATED)
u_e.g_mac[0].g_tr2.u_tree.held[79][15]$_DFFE_PP_/D (DFFHQNx1_ASAP7_75t_R) 1364.40 1432.35  -67.95 (VIOLATED)
u_e.g_mac[0].g_tr2.u_tree.x_oh[46]$_DFF_P_/D (DFFHQNx1_ASAP7_75t_R) 1391.98 1459.93  -67.95 (VIOLATED)
u_e.g_mac[1].g_l2.u_l1.p0_wq[58]$_DFF_P_/D (DFFHQNx1_ASAP7_75t_R) 1387.95 1455.85  -67.90 (VIOLATED)
u_e.g_mac[1].g_l2.u_l0.p1_sh[10][4]$_DFF_P_/D (DFFHQNx1_ASAP7_75t_R) 1353.83 1421.69  -67.86 (VIOLATED)
u_e.g_mac[0].g_tr2.u_tree.held[6][6]$_DFFE_PP_/D (DFFHQNx1_ASAP7_75t_R) 1399.89 1467.68  -67.78 (VIOLATED)
u_e.g_mac[0].g_l2.u_l0.p1_sh[28][3]$_DFF_P_/D (DFFHQNx1_ASAP7_75t_R) 1355.21 1422.93  -67.71 (VIOLATED)
u_e.g_mac[0].g_tr2.u_tree.x_above[12]$_DFF_P_/D (DFFHQNx1_ASAP7_75t_R) 1365.82 1433.51  -67.70 (VIOLATED)
u_e.g_mac[0].g_tr2.u_tree.herr[13]$_DFFE_PN0P_/D (DFFASRHQNx1_ASAP7_75t_R) 1354.92 1422.61  -67.69 (VIOLATED)
u_e.g_mac[0].g_tr2.u_tree.held[60][30]$_DFFE_PP_/D (DFFHQNx1_ASAP7_75t_R) 1368.89 1436.55  -67.66 (VIOLATED)
u_e.g_mac[0].g_tr2.u_tree.held[52][30]$_DFFE_PP_/D (DFFHQNx1_ASAP7_75t_R) 1369.84 1437.46  -67.62 (VIOLATED)
u_e.g_mac[0].g_tr2.u_tree.held[42][19]$_DFFE_PP_/D (DFFHQNx1_ASAP7_75t_R) 1367.47 1435.09  -67.62 (VIOLATED)
u_e.g_mac[0].g_tr2.u_tree.held[54][13]$_DFFE_PP_/D (DFFHQNx1_ASAP7_75t_R) 1366.41 1434.02  -67.61 (VIOLATED)
u_e.g_mac[0].g_tr2.u_tree.held[6][2]$_DFFE_PP_/D (DFFHQNx1_ASAP7_75t_R) 1400.60 1468.18  -67.58 (VIOLATED)
u_e.g_mac[0].g_l2.u_l0.p1_p[5][3]$_DFF_P_/D (DFFHQNx1_ASAP7_75t_R) 1379.87 1447.45  -67.57 (VIOLATED)
u_e.g_mac[0].g_l2.u_l0.p2_c[113]$_DFF_P_/D (DFFHQNx1_ASAP7_75t_R) 1359.18 1426.68  -67.49 (VIOLATED)
u_e.g_mac[1].g_l2.u_l0.p1_sh[28][2]$_DFF_P_/D (DFFHQNx1_ASAP7_75t_R) 1374.49 1441.97  -67.49 (VIOLATED)
u_e.g_mac[0].g_tr2.u_tree.x_above[77]$_DFF_P_/D (DFFHQNx1_ASAP7_75t_R) 1395.08 1462.56  -67.49 (VIOLATED)
u_e.g_mac[0].g_l2.u_l0.p1_sh[27][4]$_DFF_P_/D (DFFHQNx1_ASAP7_75t_R) 1368.05 1435.44  -67.40 (VIOLATED)
u_e.g_mac[0].g_tr2.u_tree.held[73][31]$_DFFE_PP_/D (DFFHQNx1_ASAP7_75t_R) 1404.92 1472.31  -67.38 (VIOLATED)
u_e.g_mac[1].g_l2.u_l1.p0_wq[99]$_DFF_P_/D (DFFHQNx1_ASAP7_75t_R) 1356.97 1424.35  -67.38 (VIOLATED)
u_e.g_mac[0].g_tr2.u_tree.held[59][29]$_DFFE_PP_/D (DFFHQNx1_ASAP7_75t_R) 1364.81 1432.19  -67.37 (VIOLATED)
u_e.g_mac[1].g_l2.u_l0.p1_sh[2][3]$_DFF_P_/D (DFFHQNx1_ASAP7_75t_R) 1371.99 1439.37  -67.37 (VIOLATED)
u_e.g_mac[0].g_tr2.u_tree.held[14][18]$_DFFE_PP_/D (DFFHQNx1_ASAP7_75t_R) 1367.62 1434.99  -67.37 (VIOLATED)
u_e.g_mac[1].g_ch2.u_c0.u_add.u_c0.g_r.r[14]$_SDFF_PP0_/D (DFFHQNx1_ASAP7_75t_R) 1354.24 1421.60  -67.36 (VIOLATED)
u_e.g_mac[1].g_l2.u_l1.p0_wq[42]$_DFF_P_/D (DFFHQNx1_ASAP7_75t_R) 1381.68 1449.04  -67.36 (VIOLATED)
u_e.g_mac[0].g_tr2.u_tree.add_a[27]$_DFF_P_/D (DFFHQNx1_ASAP7_75t_R) 1375.08 1442.42  -67.34 (VIOLATED)
u_e.g_mac[1].g_ch2.u_c0.u_add.u_c0.g_r.r[0]$_SDFF_PP0_/D (DFFHQNx1_ASAP7_75t_R) 1352.07 1419.38  -67.31 (VIOLATED)
u_e.g_mac[0].g_tr2.u_tree.held[78][25]$_DFFE_PP_/D (DFFHQNx1_ASAP7_75t_R) 1365.78 1433.09  -67.31 (VIOLATED)
u_e.g_mac[1].g_ch2.u_c0.u_add.u_c0.g_r.r[21]$_SDFF_PP0_/D (DFFHQNx1_ASAP7_75t_R) 1354.33 1421.62  -67.30 (VIOLATED)
u_e.g_mac[0].g_tr2.u_tree.held[24][24]$_DFFE_PP_/D (DFFHQNx1_ASAP7_75t_R) 1363.99 1431.23  -67.24 (VIOLATED)
u_e.g_mac[0].g_tr2.u_tree.x_oh[66]$_DFF_P_/D (DFFHQNx1_ASAP7_75t_R) 1386.12 1453.34  -67.23 (VIOLATED)
u_e.g_mac[1].g_l2.u_l0.p0_wq[60]$_SDFF_PP0_/D (DFFHQNx2_ASAP7_75t_R) 1362.05 1429.24  -67.19 (VIOLATED)
u_e.a_ctr[2]$_DFFE_PP_/D (DFFHQNx1_ASAP7_75t_R) 1382.23 1449.41  -67.18 (VIOLATED)
u_e.g_mac[1].g_l2.u_l0.p2_c[34]$_DFF_P_/D (DFFHQNx1_ASAP7_75t_R) 1358.58 1425.72  -67.15 (VIOLATED)
u_e.g_mac[0].g_tr2.u_tree.held[53][18]$_DFFE_PP_/D (DFFHQNx1_ASAP7_75t_R) 1361.60 1428.71  -67.11 (VIOLATED)
u_e.g_mac[0].g_tr2.u_tree.held[6][31]$_DFFE_PP_/D (DFFHQNx1_ASAP7_75t_R) 1401.96 1469.01  -67.04 (VIOLATED)
u_e.g_mac[1].g_l2.u_l0.p0_wq[167]$_SDFF_PP0_/D (DFFHQNx1_ASAP7_75t_R) 1359.94 1426.95  -67.01 (VIOLATED)
u_e.g_mac[0].g_tr2.u_tree.held[54][25]$_DFFE_PP_/D (DFFHQNx1_ASAP7_75t_R) 1366.93 1433.91  -66.98 (VIOLATED)
u_e.g_mac[0].g_tr2.u_tree.held[73][2]$_DFFE_PP_/D (DFFHQNx1_ASAP7_75t_R) 1405.68 1472.65  -66.96 (VIOLATED)
u_e.g_mac[0].g_l2.u_l0.p2_c[107]$_DFF_P_/D (DFFHQNx1_ASAP7_75t_R) 1360.15 1427.11  -66.96 (VIOLATED)
u_e.g_mac[1].g_l2.u_l0.p1_sh[13][4]$_DFF_P_/D (DFFHQNx1_ASAP7_75t_R) 1358.57 1425.51  -66.94 (VIOLATED)
u_e.g_mac[0].g_tr2.u_tree.held[14][27]$_DFFE_PP_/D (DFFHQNx1_ASAP7_75t_R) 1366.37 1433.29  -66.92 (VIOLATED)
u_e.g_mac[0].g_tr2.u_tree.held[45][9]$_DFFE_PP_/D (DFFHQNx1_ASAP7_75t_R) 1379.07 1445.98  -66.91 (VIOLATED)
u_e.g_mac[1].g_l2.u_l0.p1_sh[21][1]$_DFF_P_/D (DFFHQNx1_ASAP7_75t_R) 1353.08 1419.99  -66.91 (VIOLATED)
u_e.g_qt_hit.g_hc[2].d_b[0]$_SDFFE_PP0P_/D (DFFHQNx1_ASAP7_75t_R) 1402.29 1469.18  -66.90 (VIOLATED)
u_e.g_mac[0].g_tr2.u_tree.held[41][6]$_DFFE_PP_/D (DFFHQNx1_ASAP7_75t_R) 1366.29 1433.12  -66.83 (VIOLATED)
u_e.g_mac[0].g_tr2.u_tree.held[47][16]$_DFFE_PP_/D (DFFHQNx1_ASAP7_75t_R) 1367.58 1434.38  -66.80 (VIOLATED)
u_e.g_mac[0].g_tr2.u_tree.x_above[41]$_DFF_P_/D (DFFHQNx1_ASAP7_75t_R) 1364.13 1430.89  -66.75 (VIOLATED)
u_e.g_mac[1].g_ch2.u_c1.u_add.u_c0.g_r.r[13]$_SDFF_PP0_/D (DFFHQNx1_ASAP7_75t_R) 1358.21 1424.95  -66.74 (VIOLATED)
u_e.g_mac[1].g_ch2.u_c0.u_add.u_c0.g_r.r[20]$_SDFF_PP0_/D (DFFHQNx1_ASAP7_75t_R) 1354.09 1420.81  -66.72 (VIOLATED)
u_e.g_mac[0].g_tr2.u_tree.held[59][9]$_DFFE_PP_/D (DFFHQNx1_ASAP7_75t_R) 1364.40 1431.04  -66.64 (VIOLATED)
u_e.g_mac[0].g_l2.u_l0.p1_sh[5][4]$_DFF_P_/D (DFFHQNx1_ASAP7_75t_R) 1373.16 1439.76  -66.60 (VIOLATED)
u_e.g_mac[0].g_tr2.u_tree.x_above[42]$_DFF_P_/D (DFFHQNx1_ASAP7_75t_R) 1365.23 1431.81  -66.58 (VIOLATED)
u_e.g_mac[0].g_l2.u_l0.p2_c[201]$_DFF_P_/D (DFFHQNx1_ASAP7_75t_R) 1360.93 1427.50  -66.56 (VIOLATED)
u_e.g_mac[0].g_tr2.u_tree.held[3][30]$_DFFE_PP_/D (DFFHQNx1_ASAP7_75t_R) 1369.01 1435.57  -66.56 (VIOLATED)
u_e.g_mac[1].g_l2.u_l0.p2_c[64]$_DFF_P_/D (DFFHQNx1_ASAP7_75t_R) 1365.37 1431.92  -66.55 (VIOLATED)
u_e.g_mac[1].g_tr2.u_tree.held[11][22]$_DFFE_PP_/D (DFFHQNx1_ASAP7_75t_R) 1379.59 1446.14  -66.55 (VIOLATED)
u_e.g_mac[0].g_tr2.u_tree.x_above[32]$_DFF_P_/D (DFFHQNx1_ASAP7_75t_R) 1390.47 1457.01  -66.55 (VIOLATED)
u_e.g_mac[0].g_tr2.u_tree.held[70][25]$_DFFE_PP_/D (DFFHQNx1_ASAP7_75t_R) 1365.55 1432.08  -66.54 (VIOLATED)
u_e.g_mac[0].g_tr2.u_tree.x_above[33]$_DFF_P_/D (DFFHQNx1_ASAP7_75t_R) 1390.21 1456.73  -66.52 (VIOLATED)
u_e.a_ctr[7]$_DFFE_PP_/D (DFFHQNx1_ASAP7_75t_R) 1382.50 1449.01  -66.51 (VIOLATED)
u_e.g_mac[0].g_tr2.u_tree.held[3][29]$_DFFE_PP_/D (DFFHQNx1_ASAP7_75t_R) 1365.50 1432.00  -66.50 (VIOLATED)
u_e.g_mac[0].g_tr2.u_tree.held[41][20]$_DFFE_PP_/D (DFFHQNx1_ASAP7_75t_R) 1366.70 1433.20  -66.50 (VIOLATED)
u_e.g_mac[0].g_l2.u_l0.p1_sh[20][2]$_DFF_P_/D (DFFHQNx1_ASAP7_75t_R) 1367.24 1433.73  -66.49 (VIOLATED)
u_e.g_mac[0].g_tr2.u_tree.held[53][21]$_DFFE_PP_/D (DFFHQNx1_ASAP7_75t_R) 1365.46 1431.94  -66.48 (VIOLATED)
u_e.g_mac[0].g_tr2.u_tree.held[42][20]$_DFFE_PP_/D (DFFHQNx1_ASAP7_75t_R) 1361.09 1427.56  -66.48 (VIOLATED)
u_e.g_mac[0].g_tr2.u_tree.x_oh[45]$_DFF_P_/D (DFFHQNx1_ASAP7_75t_R) 1393.79 1460.22  -66.44 (VIOLATED)
u_e.g_mac[0].g_tr2.u_tree.held[22][16]$_DFFE_PP_/D (DFFHQNx1_ASAP7_75t_R) 1367.88 1434.32  -66.43 (VIOLATED)
u_e.g_mac[1].g_ch2.u_c1.u_add.u_c0.g_r.r[14]$_SDFF_PP0_/D (DFFHQNx1_ASAP7_75t_R) 1356.52 1422.95  -66.43 (VIOLATED)
u_e.g_mac[0].g_tr2.u_tree.held[47][17]$_DFFE_PP_/D (DFFHQNx1_ASAP7_75t_R) 1366.44 1432.82  -66.38 (VIOLATED)
u_e.g_mac[1].g_l2.u_l0.p2_c[53]$_DFF_P_/D (DFFHQNx1_ASAP7_75t_R) 1357.06 1423.43  -66.37 (VIOLATED)
u_e.g_mac[1].g_l2.u_l0.p1_p[10][3]$_DFF_P_/D (DFFHQNx1_ASAP7_75t_R) 1360.59 1426.95  -66.37 (VIOLATED)
u_e.g_mac[0].g_l2.u_l0.p2_c[98]$_DFF_P_/D (DFFHQNx1_ASAP7_75t_R) 1359.35 1425.69  -66.34 (VIOLATED)
u_e.w_b[1]$_SDFFCE_PP0P_/D (DFFHQNx1_ASAP7_75t_R) 1401.44 1467.73  -66.29 (VIOLATED)
u_e.g_mac[1].g_l2.u_l1.p2_c[20]$_DFF_P_/D (DFFHQNx1_ASAP7_75t_R) 1361.97 1428.24  -66.27 (VIOLATED)
u_e.g_mac[0].g_tr2.u_tree.x_above[73]$_DFF_P_/D (DFFHQNx1_ASAP7_75t_R) 1387.55 1453.81  -66.26 (VIOLATED)
u_e.g_mac[0].g_l2.u_l0.p1_p[26][6]$_DFF_P_/D (DFFHQNx1_ASAP7_75t_R) 1371.65 1437.85  -66.20 (VIOLATED)
u_e.g_mac[0].g_l2.u_l1.p0_wq[233]$_DFF_P_/D (DFFHQNx1_ASAP7_75t_R) 1383.55 1449.61  -66.06 (VIOLATED)
u_e.g_mac[0].g_tr2.u_tree.held[14][30]$_DFFE_PP_/D (DFFHQNx1_ASAP7_75t_R) 1368.18 1434.21  -66.03 (VIOLATED)
u_e.g_mac[0].g_tr2.u_tree.held[32][30]$_DFFE_PP_/D (DFFHQNx1_ASAP7_75t_R) 1368.74 1434.75  -66.02 (VIOLATED)
u_e.g_mac[1].g_l2.u_l0.p0_wq[143]$_SDFF_PP0_/D (DFFHQNx1_ASAP7_75t_R) 1373.40 1439.38  -65.99 (VIOLATED)
u_e.g_mac[1].g_l2.u_l1.p0_wq[26]$_DFF_P_/D (DFFHQNx1_ASAP7_75t_R) 1381.30 1447.23  -65.93 (VIOLATED)
u_e.g_mac[1].g_tr2.u_tree.add_b[31]$_SDFF_PN0_/D (DFFHQNx1_ASAP7_75t_R) 1395.06 1460.96  -65.89 (VIOLATED)
u_e.g_mac[0].g_l2.u_l0.p2_c[59]$_DFF_P_/D (DFFHQNx1_ASAP7_75t_R) 1368.15 1434.04  -65.89 (VIOLATED)
u_e.g_mac[0].g_tr2.u_tree.held[37][14]$_DFFE_PP_/D (DFFHQNx1_ASAP7_75t_R) 1413.80 1479.67  -65.88 (VIOLATED)
u_e.g_mac[1].g_l2.u_l0.p1_sh[16][3]$_DFF_P_/D (DFFHQNx2_ASAP7_75t_R) 1361.81 1427.67  -65.87 (VIOLATED)
u_e.g_mac[1].g_l2.u_l1.p2_c[26]$_DFF_P_/D (DFFHQNx1_ASAP7_75t_R) 1362.11 1427.96  -65.84 (VIOLATED)
u_e.g_mac[0].g_tr2.u_tree.x_above[72]$_DFF_P_/D (DFFHQNx1_ASAP7_75t_R) 1387.81 1453.65  -65.84 (VIOLATED)
u_e.g_mac[0].g_tr2.u_tree.held[9][21]$_DFFE_PP_/D (DFFHQNx1_ASAP7_75t_R) 1369.76 1435.56  -65.79 (VIOLATED)
u_e.g_mac[0].g_tr2.u_tree.held[59][20]$_DFFE_PP_/D (DFFHQNx1_ASAP7_75t_R) 1364.84 1430.63  -65.79 (VIOLATED)
u_e.g_mac[1].g_l2.u_l1.p0_wq[24]$_DFF_P_/D (DFFHQNx2_ASAP7_75t_R) 1380.26 1445.98  -65.72 (VIOLATED)
u_e.g_mac[0].g_tr2.u_tree.x_above[47]$_DFF_P_/D (DFFHQNx1_ASAP7_75t_R) 1395.02 1460.74  -65.71 (VIOLATED)
u_e.g_mac[0].g_tr2.u_tree.held[42][27]$_DFFE_PP_/D (DFFHQNx1_ASAP7_75t_R) 1366.18 1431.89  -65.71 (VIOLATED)
u_e.g_mac[0].g_tr2.u_tree.held[79][17]$_DFFE_PP_/D (DFFHQNx1_ASAP7_75t_R) 1366.50 1432.21  -65.70 (VIOLATED)
u_e.g_mac[0].g_l2.u_l0.p2_c[3]$_DFF_P_/D (DFFHQNx1_ASAP7_75t_R) 1352.34 1418.04  -65.70 (VIOLATED)
u_e.g_mac[1].g_l2.u_l0.p2_c[68]$_DFF_P_/D (DFFHQNx1_ASAP7_75t_R) 1362.82 1428.51  -65.69 (VIOLATED)
u_e.g_mac[0].g_tr2.u_tree.held[59][30]$_DFFE_PP_/D (DFFHQNx1_ASAP7_75t_R) 1367.36 1433.03  -65.67 (VIOLATED)
u_e.g_mac[0].g_l2.u_l0.p2_c[54]$_DFF_P_/D (DFFHQNx1_ASAP7_75t_R) 1351.64 1417.20  -65.56 (VIOLATED)
u_e.g_mac[0].g_tr2.u_tree.held[70][20]$_DFFE_PP_/D (DFFHQNx1_ASAP7_75t_R) 1365.53 1431.05  -65.52 (VIOLATED)
u_e.g_mac[0].g_tr2.u_tree.held[32][29]$_DFFE_PP_/D (DFFHQNx1_ASAP7_75t_R) 1364.06 1429.56  -65.50 (VIOLATED)
u_e.g_mac[0].g_tr2.u_tree.x_above[48]$_DFF_P_/D (DFFHQNx1_ASAP7_75t_R) 1394.93 1460.35  -65.42 (VIOLATED)
u_e.g_mac[0].g_l2.u_l0.p0_wq[254]$_SDFF_PP0_/D (DFFHQNx1_ASAP7_75t_R) 1388.97 1454.37  -65.40 (VIOLATED)
u_e.g_mac[0].g_tr2.u_tree.held[59][27]$_DFFE_PP_/D (DFFHQNx1_ASAP7_75t_R) 1368.39 1433.78  -65.39 (VIOLATED)
u_e.g_mac[0].g_tr2.u_tree.held[28][15]$_DFFE_PP_/D (DFFHQNx1_ASAP7_75t_R) 1361.46 1426.82  -65.35 (VIOLATED)
u_e.g_mac[0].g_tr2.u_tree.held[9][29]$_DFFE_PP_/D (DFFHQNx1_ASAP7_75t_R) 1365.33 1430.68  -65.35 (VIOLATED)
u_e.g_mac[1].g_ch2.u_c0.u_add.u_c0.g_r.r[13]$_SDFF_PP0_/D (DFFHQNx1_ASAP7_75t_R) 1353.90 1419.23  -65.33 (VIOLATED)
u_e.g_mac[1].g_l2.u_l0.p2_c[71]$_DFF_P_/D (DFFHQNx1_ASAP7_75t_R) 1360.91 1426.24  -65.33 (VIOLATED)
u_e.g_mac[0].g_l2.u_l0.p2_c[33]$_DFF_P_/D (DFFHQNx1_ASAP7_75t_R) 1349.42 1414.75  -65.33 (VIOLATED)
u_e.g_mac[1].g_l2.u_l0.p2_c[27]$_DFF_P_/D (DFFHQNx1_ASAP7_75t_R) 1362.05 1427.29  -65.24 (VIOLATED)
u_e.g_mac[1].g_ch2.u_c0.u_add.u_c0.g_r.r[2]$_SDFF_PP0_/D (DFFHQNx1_ASAP7_75t_R) 1355.11 1420.34  -65.23 (VIOLATED)
u_e.g_mac[0].g_tr2.u_tree.held[77][18]$_DFFE_PP_/D (DFFHQNx1_ASAP7_75t_R) 1365.69 1430.92  -65.22 (VIOLATED)
u_e.g_mac[0].g_tr2.u_tree.held[9][25]$_DFFE_PP_/D (DFFHQNx1_ASAP7_75t_R) 1365.78 1430.98  -65.20 (VIOLATED)
u_e.g_mac[0].g_tr2.u_tree.held[47][30]$_DFFE_PP_/D (DFFHQNx1_ASAP7_75t_R) 1368.01 1433.16  -65.15 (VIOLATED)
u_e.g_mac[1].g_l2.u_l1.p2_c[30]$_DFF_P_/D (DFFHQNx1_ASAP7_75t_R) 1362.36 1427.46  -65.11 (VIOLATED)
u_e.g_mac[1].g_ch2.u_c0.u_add.u_c0.g_r.r[16]$_SDFF_PP0_/D (DFFHQNx1_ASAP7_75t_R) 1354.26 1419.33  -65.07 (VIOLATED)
u_e.g_mac[0].g_l2.u_l1.p0_wq[176]$_DFF_P_/D (DFFHQNx1_ASAP7_75t_R) 1379.06 1444.11  -65.05 (VIOLATED)
u_e.g_mac[0].g_l2.u_l0.p2_c[13]$_DFF_P_/D (DFFHQNx1_ASAP7_75t_R) 1378.04 1443.07  -65.03 (VIOLATED)
u_e.g_mac[1].g_ch2.u_c0.u_add.u_c0.g_r.r[6]$_SDFF_PP0_/D (DFFHQNx1_ASAP7_75t_R) 1352.34 1417.32  -64.98 (VIOLATED)
u_e.g_mac[0].g_tr2.u_tree.held[77][6]$_DFFE_PP_/D (DFFHQNx1_ASAP7_75t_R) 1367.58 1432.56  -64.98 (VIOLATED)
u_e.a_ctr[8]$_DFFE_PP_/D (DFFHQNx1_ASAP7_75t_R) 1379.53 1444.50  -64.97 (VIOLATED)
u_e.g_mac[0].g_tr2.u_tree.x_oh[5]$_DFF_P_/D (DFFHQNx1_ASAP7_75t_R) 1390.69 1455.63  -64.94 (VIOLATED)
u_e.g_mac[0].g_tr2.u_tree.x_above[66]$_DFF_P_/D (DFFHQNx1_ASAP7_75t_R) 1388.78 1453.71  -64.93 (VIOLATED)
u_e.g_mac[0].g_tr2.u_tree.x_oh[56]$_DFF_P_/D (DFFHQNx1_ASAP7_75t_R) 1386.62 1451.55  -64.93 (VIOLATED)
u_e.g_mac[0].g_tr2.u_tree.held[40][31]$_DFFE_PP_/D (DFFHQNx1_ASAP7_75t_R) 1400.31 1465.23  -64.92 (VIOLATED)
u_e.g_mac[0].g_tr2.u_tree.held[13][29]$_DFFE_PP_/D (DFFHQNx1_ASAP7_75t_R) 1365.19 1430.09  -64.91 (VIOLATED)
u_e.w_cnt[3]$_SDFFCE_PP0P_/D (DFFHQNx1_ASAP7_75t_R) 1386.65 1451.55  -64.90 (VIOLATED)
u_e.g_mac[1].g_l2.u_l0.p2_c[69]$_DFF_P_/D (DFFHQNx1_ASAP7_75t_R) 1375.69 1440.59  -64.89 (VIOLATED)
u_e.g_mac[0].g_l2.u_l0.p1_p[23][8]$_SDFF_PN0_/D (DFFHQNx1_ASAP7_75t_R) 1391.96 1456.82  -64.86 (VIOLATED)
u_e.g_mac[0].g_tr2.u_tree.held[59][15]$_DFFE_PP_/D (DFFHQNx1_ASAP7_75t_R) 1368.98 1433.82  -64.84 (VIOLATED)
u_e.g_mac[0].g_tr2.u_tree.x_above[31]$_DFF_P_/D (DFFHQNx1_ASAP7_75t_R) 1391.80 1456.54  -64.74 (VIOLATED)
u_e.g_mac[1].g_l2.u_l0.p0_wq[156]$_SDFF_PP0_/D (DFFHQNx1_ASAP7_75t_R) 1372.19 1436.92  -64.73 (VIOLATED)
u_e.g_mac[0].g_tr2.u_tree.held[53][13]$_DFFE_PP_/D (DFFHQNx1_ASAP7_75t_R) 1367.49 1432.21  -64.72 (VIOLATED)
u_e.g_mac[0].g_tr2.u_tree.held[20][29]$_DFFE_PP_/D (DFFHQNx1_ASAP7_75t_R) 1366.39 1431.09  -64.70 (VIOLATED)
u_e.g_mac[0].g_tr2.u_tree.held[41][23]$_DFFE_PP_/D (DFFHQNx1_ASAP7_75t_R) 1366.06 1430.74  -64.69 (VIOLATED)
u_e.g_mac[0].g_tr2.u_tree.held[13][20]$_DFFE_PP_/D (DFFHQNx1_ASAP7_75t_R) 1366.08 1430.76  -64.68 (VIOLATED)
u_e.g_mac[1].g_ch2.u_c0.u_add.u_c0.g_r.r[31]$_SDFF_PP0_/D (DFFHQNx1_ASAP7_75t_R) 1351.98 1416.63  -64.65 (VIOLATED)
u_e.g_mac[1].g_ch2.u_c0.u_add.u_c0.g_r.r[15]$_SDFF_PP0_/D (DFFHQNx1_ASAP7_75t_R) 1353.84 1418.48  -64.64 (VIOLATED)
u_e.g_mac[0].g_tr2.u_tree.held[3][25]$_DFFE_PP_/D (DFFHQNx1_ASAP7_75t_R) 1366.66 1431.30  -64.64 (VIOLATED)
u_e.g_mac[0].g_tr2.u_tree.held[59][25]$_DFFE_PP_/D (DFFHQNx1_ASAP7_75t_R) 1366.51 1431.05  -64.54 (VIOLATED)
u_e.w_q[0]$_SDFFCE_PP0P_/D (DFFHQNx2_ASAP7_75t_R) 1402.99 1467.52  -64.53 (VIOLATED)
u_e.g_mac[0].g_l2.u_l0.p1_sh[13][3]$_DFF_P_/D (DFFHQNx1_ASAP7_75t_R) 1364.44 1428.96  -64.52 (VIOLATED)
u_e.g_mac[0].g_l2.u_l0.p2_c[7]$_DFF_P_/D (DFFHQNx1_ASAP7_75t_R) 1352.96 1417.47  -64.51 (VIOLATED)
u_e.g_mac[0].g_l2.u_l0.p2_c[61]$_DFF_P_/D (DFFHQNx1_ASAP7_75t_R) 1348.30 1412.78  -64.48 (VIOLATED)
u_e.g_mac[0].g_tr2.u_tree.held[48][29]$_DFFE_PP_/D (DFFHQNx1_ASAP7_75t_R) 1365.02 1429.49  -64.47 (VIOLATED)
u_e.g_qt_hit.g_hc[1].d_b[0]$_SDFFE_PP0P_/D (DFFHQNx1_ASAP7_75t_R) 1408.19 1472.65  -64.46 (VIOLATED)
u_e.g_mac[0].g_l2.u_l0.p0_wq[226]$_DFF_P_/D (DFFHQNx1_ASAP7_75t_R) 1383.63 1448.00  -64.38 (VIOLATED)
u_e.g_mac[0].g_tr2.u_tree.held[52][25]$_DFFE_PP_/D (DFFHQNx1_ASAP7_75t_R) 1366.88 1431.21  -64.33 (VIOLATED)
u_e.g_mac[0].g_tr2.u_tree.held[70][16]$_DFFE_PP_/D (DFFHQNx1_ASAP7_75t_R) 1367.82 1432.13  -64.31 (VIOLATED)
u_e.g_mac[0].g_tr2.u_tree.held[20][13]$_DFFE_PP_/D (DFFHQNx1_ASAP7_75t_R) 1366.59 1430.85  -64.26 (VIOLATED)
u_e.g_mac[1].g_l2.u_l0.p2_c[66]$_DFF_P_/D (DFFHQNx1_ASAP7_75t_R) 1361.20 1425.41  -64.21 (VIOLATED)
u_e.g_mac[0].g_tr2.u_tree.held[20][25]$_DFFE_PP_/D (DFFHQNx1_ASAP7_75t_R) 1366.46 1430.66  -64.20 (VIOLATED)
u_e.g_mac[0].g_tr2.u_tree.held[3][20]$_DFFE_PP_/D (DFFHQNx1_ASAP7_75t_R) 1367.16 1431.34  -64.18 (VIOLATED)
u_e.g_mac[0].g_tr2.u_tree.held[52][13]$_DFFE_PP_/D (DFFHQNx1_ASAP7_75t_R) 1366.78 1430.95  -64.17 (VIOLATED)
u_e.g_mac[0].g_tr2.u_tree.held[4][0]$_DFFE_PP_/D (DFFHQNx1_ASAP7_75t_R) 1368.11 1432.18  -64.07 (VIOLATED)
u_e.g_mac[0].g_tr2.u_tree.x_oh[30]$_DFF_P_/D (DFFHQNx1_ASAP7_75t_R) 1391.80 1455.86  -64.06 (VIOLATED)
u_e.g_mac[1].g_l2.u_l0.p1_sh[23][2]$_DFF_P_/D (DFFHQNx1_ASAP7_75t_R) 1360.68 1424.74  -64.06 (VIOLATED)
u_e.g_mac[0].g_tr2.u_tree.held[52][16]$_DFFE_PP_/D (DFFHQNx1_ASAP7_75t_R) 1367.65 1431.69  -64.04 (VIOLATED)
u_e.g_mac[0].g_tr2.u_tree.held[6][9]$_DFFE_PP_/D (DFFHQNx1_ASAP7_75t_R) 1402.67 1466.69  -64.02 (VIOLATED)
u_e.g_mac[1].g_l2.u_l1.p0_wq[56]$_DFF_P_/D (DFFHQNx1_ASAP7_75t_R) 1386.11 1450.05  -63.94 (VIOLATED)
u_e.g_mac[0].g_tr2.u_tree.held[42][30]$_DFFE_PP_/D (DFFHQNx1_ASAP7_75t_R) 1364.19 1428.12  -63.93 (VIOLATED)
u_e.g_mac[0].g_tr2.u_tree.held[59][13]$_DFFE_PP_/D (DFFHQNx1_ASAP7_75t_R) 1366.28 1430.15  -63.87 (VIOLATED)
u_e.g_qt_hit.g_hc[1].d_b[1]$_SDFFE_PP0P_/D (DFFHQNx1_ASAP7_75t_R) 1408.26 1472.10  -63.85 (VIOLATED)
u_e.g_mac[0].g_tr2.u_tree.held[69][31]$_DFFE_PP_/D (DFFHQNx1_ASAP7_75t_R) 1399.59 1463.34  -63.76 (VIOLATED)
u_e.g_mac[0].g_tr2.u_tree.have[12]$_DFFE_PN0P_/D (DFFASRHQNx1_ASAP7_75t_R) 1353.58 1417.31  -63.73 (VIOLATED)
u_e.g_mac[0].g_tr2.u_tree.held[12][25]$_DFFE_PP_/D (DFFHQNx1_ASAP7_75t_R) 1366.09 1429.79  -63.69 (VIOLATED)
u_e.g_mac[0].g_tr2.u_tree.held[13][13]$_DFFE_PP_/D (DFFHQNx1_ASAP7_75t_R) 1366.08 1429.77  -63.69 (VIOLATED)
u_e.g_mac[0].g_tr2.u_tree.held[20][18]$_DFFE_PP_/D (DFFHQNx1_ASAP7_75t_R) 1365.08 1428.73  -63.65 (VIOLATED)
u_e.a_ctr[9]$_DFFE_PP_/D (DFFHQNx1_ASAP7_75t_R) 1379.95 1443.58  -63.63 (VIOLATED)
u_e.g_mac[0].g_l2.u_l0.p2_c[99]$_DFF_P_/D (DFFHQNx1_ASAP7_75t_R) 1363.30 1426.89  -63.59 (VIOLATED)
u_e.g_mac[1].g_l2.u_l0.p2_c[109]$_DFF_P_/D (DFFHQNx1_ASAP7_75t_R) 1362.92 1426.37  -63.45 (VIOLATED)
u_e.g_mac[1].g_l2.u_l0.p0_wq[21]$_SDFF_PP0_/D (DFFHQNx2_ASAP7_75t_R) 1346.67 1410.07  -63.40 (VIOLATED)
u_e.g_mac[0].g_tr2.u_tree.held[20][20]$_DFFE_PP_/D (DFFHQNx1_ASAP7_75t_R) 1365.19 1428.57  -63.38 (VIOLATED)
u_e.g_mac[0].g_tr2.u_tree.x_above[8]$_DFF_P_/D (DFFHQNx1_ASAP7_75t_R) 1392.44 1455.78  -63.34 (VIOLATED)
u_e.g_mac[1].g_l2.u_l0.p0_wq[154]$_DFF_P_/D (DFFHQNx1_ASAP7_75t_R) 1361.53 1424.85  -63.33 (VIOLATED)
u_e.g_mac[0].g_l2.u_l0.p0_wq[239]$_SDFF_PP0_/D (DFFHQNx1_ASAP7_75t_R) 1387.13 1450.39  -63.26 (VIOLATED)
u_e.g_mac[0].g_tr2.u_tree.held[9][13]$_DFFE_PP_/D (DFFHQNx1_ASAP7_75t_R) 1366.57 1429.79  -63.21 (VIOLATED)
u_e.g_mac[1].g_l2.u_l1.p2_c[10]$_DFF_P_/D (DFFHQNx1_ASAP7_75t_R) 1362.86 1426.06  -63.20 (VIOLATED)
u_e.g_mac[1].g_ch2.u_c0.u_add.u_c0.g_r.r[22]$_SDFF_PP0_/D (DFFHQNx1_ASAP7_75t_R) 1354.51 1417.69  -63.19 (VIOLATED)
u_e.g_mac[1].g_l2.u_l1.p0_wq[137]$_DFF_P_/D (DFFHQNx1_ASAP7_75t_R) 1357.92 1421.08  -63.16 (VIOLATED)
u_e.g_mac[0].g_tr2.u_tree.held[12][13]$_DFFE_PP_/D (DFFHQNx1_ASAP7_75t_R) 1366.60 1429.76  -63.15 (VIOLATED)
u_e.g_mac[0].g_tr2.u_tree.held[12][16]$_DFFE_PP_/D (DFFHQNx1_ASAP7_75t_R) 1367.79 1430.93  -63.14 (VIOLATED)
u_e.g_mac[1].g_tr2.u_tree.add_b[28]$_SDFF_PN0_/D (DFFHQNx1_ASAP7_75t_R) 1397.65 1460.79  -63.14 (VIOLATED)
u_e.g_mac[0].g_l2.u_l0.p1_sh[7][4]$_DFF_P_/D (DFFHQNx1_ASAP7_75t_R) 1369.65 1432.72  -63.07 (VIOLATED)
u_e.g_mac[1].g_tr2.u_tree.add_b[24]$_SDFF_PN0_/D (DFFHQNx1_ASAP7_75t_R) 1398.81 1461.85  -63.04 (VIOLATED)
u_e.g_mac[0].g_tr2.u_tree.held[45][29]$_DFFE_PP_/D (DFFHQNx1_ASAP7_75t_R) 1365.00 1428.04  -63.04 (VIOLATED)
u_e.g_mac[0].g_ch2.u_c1.u_add.u_c0.g_r.r[34]$_DFF_P_/D (DFFHQNx1_ASAP7_75t_R) 1383.38 1446.37  -62.99 (VIOLATED)
u_e.g_mac[0].g_tr2.u_tree.held[42][21]$_DFFE_PP_/D (DFFHQNx1_ASAP7_75t_R) 1369.39 1432.38  -62.99 (VIOLATED)
u_e.g_mac[0].g_l2.u_l0.p2_c[184]$_DFF_P_/D (DFFHQNx1_ASAP7_75t_R) 1373.76 1436.73  -62.96 (VIOLATED)
u_e.g_mac[0].g_l2.u_l0.p2_c[111]$_DFF_P_/D (DFFHQNx1_ASAP7_75t_R) 1360.60 1423.52  -62.93 (VIOLATED)
u_e.g_mac[0].g_l2.u_l0.p1_p[9][4]$_DFF_P_/D (DFFHQNx1_ASAP7_75t_R) 1361.60 1424.48  -62.89 (VIOLATED)
u_e.g_mac[0].g_tr2.u_tree.held[27][14]$_DFFE_PP_/D (DFFHQNx1_ASAP7_75t_R) 1403.98 1466.86  -62.87 (VIOLATED)
u_e.g_mac[0].g_tr2.u_tree.held[27][7]$_DFFE_PP_/D (DFFHQNx1_ASAP7_75t_R) 1404.28 1467.12  -62.84 (VIOLATED)
u_e.g_mac[0].g_l2.u_l0.p2_c[100]$_DFF_P_/D (DFFHQNx1_ASAP7_75t_R) 1359.93 1422.77  -62.83 (VIOLATED)
u_e.g_mac[0].g_tr2.u_tree.held[79][29]$_DFFE_PP_/D (DFFHQNx1_ASAP7_75t_R) 1364.76 1427.56  -62.81 (VIOLATED)
u_e.g_mac[0].g_tr2.u_tree.held[32][20]$_DFFE_PP_/D (DFFHQNx1_ASAP7_75t_R) 1366.10 1428.90  -62.79 (VIOLATED)
u_e.g_mac[1].g_ch2.u_c0.u_add.u_c0.g_r.r[9]$_SDFF_PP0_/D (DFFHQNx1_ASAP7_75t_R) 1354.58 1417.36  -62.78 (VIOLATED)
u_e.a_ctr[10]$_DFFE_PP_/D (DFFHQNx1_ASAP7_75t_R) 1379.92 1442.69  -62.77 (VIOLATED)
u_e.g_mac[0].g_tr2.u_tree.held[6][11]$_DFFE_PP_/D (DFFHQNx1_ASAP7_75t_R) 1403.95 1466.71  -62.76 (VIOLATED)
u_e.g_mac[0].g_tr2.u_tree.held[53][29]$_DFFE_PP_/D (DFFHQNx1_ASAP7_75t_R) 1368.30 1431.04  -62.75 (VIOLATED)
u_e.g_mac[0].g_tr2.u_tree.held[42][18]$_DFFE_PP_/D (DFFHQNx1_ASAP7_75t_R) 1368.80 1431.51  -62.71 (VIOLATED)
u_e.g_mac[1].g_tr2.u_tree.add_b[26]$_SDFF_PN0_/D (DFFHQNx1_ASAP7_75t_R) 1399.13 1461.73  -62.60 (VIOLATED)
u_e.g_mac[1].g_ch2.u_c0.u_add.u_c0.g_r.r[17]$_SDFF_PP0_/D (DFFHQNx1_ASAP7_75t_R) 1354.56 1417.16  -62.60 (VIOLATED)
u_e.g_mac[0].g_l2.u_l0.p0_wq[251]$_DFF_P_/D (DFFHQNx1_ASAP7_75t_R) 1385.71 1448.31  -62.59 (VIOLATED)
u_e.g_mac[0].g_tr2.u_tree.held[32][18]$_DFFE_PP_/D (DFFHQNx1_ASAP7_75t_R) 1366.02 1428.59  -62.57 (VIOLATED)
u_e.g_mac[1].g_l2.u_l0.p2_c[60]$_DFF_P_/D (DFFHQNx1_ASAP7_75t_R) 1365.89 1428.42  -62.53 (VIOLATED)
u_e.g_mac[1].g_l2.u_l1.p0_wq[11]$_DFF_P_/D (DFFHQNx1_ASAP7_75t_R) 1376.18 1438.70  -62.52 (VIOLATED)
u_e.g_mac[1].g_l2.u_l0.p2_c[52]$_DFF_P_/D (DFFHQNx1_ASAP7_75t_R) 1367.08 1429.58  -62.50 (VIOLATED)
u_e.g_mac[0].g_tr2.u_tree.held[45][17]$_DFFE_PP_/D (DFFHQNx1_ASAP7_75t_R) 1366.93 1429.42  -62.49 (VIOLATED)
u_e.g_mac[1].g_ch2.u_c0.u_add.u_c0.g_r.r[19]$_SDFF_PP0_/D (DFFHQNx1_ASAP7_75t_R) 1354.54 1417.02  -62.47 (VIOLATED)
u_e.g_mac[1].g_l2.u_l0.p1_p[2][4]$_DFF_P_/D (DFFHQNx1_ASAP7_75t_R) 1371.11 1433.56  -62.45 (VIOLATED)
u_e.g_mac[1].g_l2.u_l1.p2_c[72]$_DFF_P_/D (DFFHQNx1_ASAP7_75t_R) 1376.56 1438.98  -62.42 (VIOLATED)
u_e.g_mac[0].g_tr2.u_tree.held[10][21]$_DFFE_PP_/D (DFFHQNx1_ASAP7_75t_R) 1365.60 1427.97  -62.37 (VIOLATED)
u_e.g_mac[0].g_tr2.u_tree.held[79][25]$_DFFE_PP_/D (DFFHQNx1_ASAP7_75t_R) 1365.57 1427.90  -62.33 (VIOLATED)
u_e.g_mac[0].g_tr2.u_tree.have[31]$_DFFE_PN0P_/D (DFFASRHQNx1_ASAP7_75t_R) 1353.21 1415.53  -62.32 (VIOLATED)
u_e.g_mac[0].g_tr2.u_tree.x_above[44]$_DFF_P_/D (DFFHQNx1_ASAP7_75t_R) 1368.24 1430.55  -62.31 (VIOLATED)
u_e.a_ctr[5]$_DFFE_PP_/D (DFFHQNx1_ASAP7_75t_R) 1380.02 1442.31  -62.29 (VIOLATED)
u_e.g_mac[0].g_tr2.u_tree.held[32][25]$_DFFE_PP_/D (DFFHQNx1_ASAP7_75t_R) 1365.65 1427.93  -62.28 (VIOLATED)
u_e.g_mac[0].g_tr2.u_tree.held[65][6]$_DFFE_PP_/D (DFFHQNx1_ASAP7_75t_R) 1367.12 1429.35  -62.24 (VIOLATED)
u_e.g_mac[0].g_tr2.u_tree.held[30][30]$_DFFE_PP_/D (DFFHQNx1_ASAP7_75t_R) 1366.08 1428.30  -62.22 (VIOLATED)
u_e.g_mac[0].g_tr2.u_tree.held[55][18]$_DFFE_PP_/D (DFFHQNx1_ASAP7_75t_R) 1365.75 1427.94  -62.18 (VIOLATED)
u_e.g_mac[0].g_tr2.u_tree.held[26][9]$_DFFE_PP_/D (DFFHQNx1_ASAP7_75t_R) 1364.58 1426.74  -62.16 (VIOLATED)
u_e.g_mac[1].g_l2.u_l0.p0_wq[164]$_SDFF_PP0_/D (DFFHQNx1_ASAP7_75t_R) 1373.30 1435.44  -62.14 (VIOLATED)
u_e.g_mac[1].g_ch2.u_c1.u_add.u_c0.g_r.r[29]$_SDFF_PP0_/D (DFFHQNx1_ASAP7_75t_R) 1357.32 1419.43  -62.11 (VIOLATED)
u_e.g_mac[1].g_ch2.u_c0.u_add.u_c0.g_r.r[12]$_SDFF_PP0_/D (DFFHQNx1_ASAP7_75t_R) 1355.10 1417.18  -62.08 (VIOLATED)
u_e.g_mac[0].g_l2.u_l1.p0_wq[195]$_DFF_P_/D (DFFHQNx1_ASAP7_75t_R) 1364.58 1426.65  -62.08 (VIOLATED)
u_e.g_mac[0].g_tr2.u_tree.held[47][15]$_DFFE_PP_/D (DFFHQNx1_ASAP7_75t_R) 1364.77 1426.84  -62.07 (VIOLATED)
u_e.g_mac[0].g_tr2.u_tree.held[55][15]$_DFFE_PP_/D (DFFHQNx1_ASAP7_75t_R) 1364.73 1426.80  -62.07 (VIOLATED)
u_e.g_mac[0].g_l2.u_l0.p1_sh[9][3]$_DFF_P_/D (DFFHQNx1_ASAP7_75t_R) 1361.69 1423.75  -62.06 (VIOLATED)
u_e.g_mac[0].g_tr2.u_tree.x_above[67]$_DFF_P_/D (DFFHQNx1_ASAP7_75t_R) 1394.95 1457.01  -62.05 (VIOLATED)
u_e.g_mac[0].g_tr2.u_tree.held[30][22]$_DFFE_PP_/D (DFFHQNx1_ASAP7_75t_R) 1366.61 1428.65  -62.04 (VIOLATED)
u_e.g_mac[0].g_l2.u_l1.p0_wq[209]$_DFF_P_/D (DFFHQNx1_ASAP7_75t_R) 1379.88 1441.87  -61.99 (VIOLATED)
u_e.g_mac[0].g_tr2.u_tree.held[74][25]$_DFFE_PP_/D (DFFHQNx1_ASAP7_75t_R) 1365.16 1427.13  -61.97 (VIOLATED)
u_e.g_mac[0].g_tr2.u_tree.held[13][25]$_DFFE_PP_/D (DFFHQNx1_ASAP7_75t_R) 1367.03 1429.00  -61.97 (VIOLATED)
u_e.g_mac[0].g_l2.u_l0.p2_c[89]$_DFF_P_/D (DFFHQNx1_ASAP7_75t_R) 1362.00 1423.92  -61.92 (VIOLATED)
u_e.g_mac[0].g_l2.u_l0.p1_p[20][4]$_DFF_P_/D (DFFHQNx1_ASAP7_75t_R) 1366.24 1428.13  -61.88 (VIOLATED)
u_e.g_mac[0].g_tr2.u_tree.held[79][13]$_DFFE_PP_/D (DFFHQNx1_ASAP7_75t_R) 1365.71 1427.59  -61.88 (VIOLATED)
u_e.g_mac[0].g_tr2.u_tree.held[24][28]$_DFFE_PP_/D (DFFHQNx1_ASAP7_75t_R) 1365.45 1427.32  -61.87 (VIOLATED)
u_e.g_mac[1].g_l2.u_l0.p2_c[79]$_DFF_P_/D (DFFHQNx1_ASAP7_75t_R) 1363.94 1425.80  -61.86 (VIOLATED)
u_e.g_mac[0].g_tr2.u_tree.held[42][29]$_DFFE_PP_/D (DFFHQNx1_ASAP7_75t_R) 1364.87 1426.72  -61.85 (VIOLATED)
u_e.g_mac[0].g_tr2.u_tree.held[1][25]$_DFFE_PP_/D (DFFHQNx1_ASAP7_75t_R) 1365.86 1427.69  -61.83 (VIOLATED)
u_e.g_mac[1].g_ch2.u_c0.u_add.u_c0.g_r.r[10]$_SDFF_PP0_/D (DFFHQNx1_ASAP7_75t_R) 1353.88 1415.70  -61.82 (VIOLATED)
u_e.g_mac[0].g_tr2.u_tree.held[30][17]$_DFFE_PP_/D (DFFHQNx1_ASAP7_75t_R) 1367.00 1428.78  -61.78 (VIOLATED)
u_e.g_mac[0].g_tr2.u_tree.held[79][21]$_DFFE_PP_/D (DFFHQNx1_ASAP7_75t_R) 1370.33 1432.10  -61.77 (VIOLATED)
u_e.g_mac[0].g_tr2.u_tree.held[40][16]$_DFFE_PP_/D (DFFHQNx1_ASAP7_75t_R) 1399.60 1461.35  -61.76 (VIOLATED)
u_e.g_mac[0].g_tr2.u_tree.held[6][7]$_DFFE_PP_/D (DFFHQNx1_ASAP7_75t_R) 1404.52 1466.25  -61.74 (VIOLATED)
u_e.g_mac[0].g_tr2.u_tree.held[47][22]$_DFFE_PP_/D (DFFHQNx1_ASAP7_75t_R) 1364.82 1426.48  -61.67 (VIOLATED)
u_e.g_mac[1].g_l2.u_l0.p2_c[58]$_DFF_P_/D (DFFHQNx1_ASAP7_75t_R) 1365.51 1427.16  -61.65 (VIOLATED)
u_e.g_mac[1].g_l2.u_l1.p2_c[18]$_DFF_P_/D (DFFHQNx1_ASAP7_75t_R) 1363.13 1424.76  -61.63 (VIOLATED)
u_e.g_mac[1].g_ch2.u_c0.u_add.u_c0.g_r.r[18]$_SDFF_PP0_/D (DFFHQNx1_ASAP7_75t_R) 1355.02 1416.61  -61.59 (VIOLATED)
u_e.g_mac[0].g_l2.u_l1.p0_wq[145]$_DFF_P_/D (DFFHQNx1_ASAP7_75t_R) 1382.27 1443.79  -61.52 (VIOLATED)
u_e.g_mac[0].g_tr2.u_tree.held[48][0]$_DFFE_PP_/D (DFFHQNx1_ASAP7_75t_R) 1368.25 1429.77  -61.52 (VIOLATED)
u_e.g_mac[0].g_tr2.u_tree.held[15][9]$_DFFE_PP_/D (DFFHQNx1_ASAP7_75t_R) 1400.99 1462.50  -61.50 (VIOLATED)
u_e.g_mac[0].g_tr2.u_tree.add_a[19]$_DFF_P_/D (DFFHQNx1_ASAP7_75t_R) 1382.98 1444.45  -61.47 (VIOLATED)
u_e.g_mac[0].g_tr2.u_tree.held[10][13]$_DFFE_PP_/D (DFFHQNx1_ASAP7_75t_R) 1367.14 1428.56  -61.42 (VIOLATED)
u_e.g_qt_hit.g_hc[1].d_j[2]$_SDFFE_PP0P_/D (DFFHQNx1_ASAP7_75t_R) 1411.72 1473.10  -61.38 (VIOLATED)
u_e.g_mac[0].g_tr2.u_tree.held[10][29]$_DFFE_PP_/D (DFFHQNx1_ASAP7_75t_R) 1366.59 1427.95  -61.36 (VIOLATED)
u_e.g_qt_hit.g_hc[1].d_j[0]$_SDFFE_PP0P_/D (DFFHQNx1_ASAP7_75t_R) 1411.57 1472.92  -61.35 (VIOLATED)
u_e.g_mac[0].g_l2.u_l0.p2_c[112]$_DFF_P_/D (DFFHQNx1_ASAP7_75t_R) 1360.76 1422.09  -61.32 (VIOLATED)
u_e.g_mac[0].g_l2.u_l0.p1_sh[28][2]$_DFF_P_/D (DFFHQNx1_ASAP7_75t_R) 1349.66 1410.95  -61.29 (VIOLATED)
u_e.g_mac[0].g_tr2.u_tree.held[1][9]$_DFFE_PP_/D (DFFHQNx1_ASAP7_75t_R) 1398.81 1460.09  -61.28 (VIOLATED)
u_e.g_mac[0].g_tr2.u_tree.held[42][13]$_DFFE_PP_/D (DFFHQNx1_ASAP7_75t_R) 1365.66 1426.94  -61.28 (VIOLATED)
u_e.g_mac[0].g_l2.u_l0.p1_p[18][8]$_SDFF_PN0_/D (DFFHQNx1_ASAP7_75t_R) 1380.93 1442.19  -61.27 (VIOLATED)
u_e.g_mac[0].g_l2.u_l1.p2_c[31]$_DFF_P_/D (DFFHQNx1_ASAP7_75t_R) 1375.10 1436.33  -61.23 (VIOLATED)
u_e.g_mac[1].g_l2.u_l0.p2_c[184]$_DFF_P_/D (DFFHQNx1_ASAP7_75t_R) 1376.35 1437.58  -61.23 (VIOLATED)
u_e.g_mac[1].g_ch2.u_c1.u_add.u_c0.g_r.r[26]$_SDFF_PP0_/D (DFFHQNx1_ASAP7_75t_R) 1358.79 1420.02  -61.23 (VIOLATED)
u_e.g_mac[0].g_tr2.u_tree.held[40][7]$_DFFE_PP_/D (DFFHQNx1_ASAP7_75t_R) 1399.53 1460.73  -61.21 (VIOLATED)
u_e.g_mac[0].g_tr2.u_tree.x_above[68]$_DFF_P_/D (DFFHQNx1_ASAP7_75t_R) 1395.59 1456.79  -61.20 (VIOLATED)
u_e.g_mac[1].g_l2.u_l1.p0_wq[8]$_DFF_P_/D (DFFHQNx1_ASAP7_75t_R) 1381.56 1442.71  -61.15 (VIOLATED)
u_e.g_mac[0].g_l2.u_l0.p2_c[34]$_DFF_P_/D (DFFHQNx1_ASAP7_75t_R) 1348.57 1409.72  -61.14 (VIOLATED)
u_e.g_mac[0].g_tr2.u_tree.held[65][29]$_DFFE_PP_/D (DFFHQNx1_ASAP7_75t_R) 1361.65 1422.79  -61.14 (VIOLATED)
u_e.g_mac[0].g_tr2.u_tree.held[48][13]$_DFFE_PP_/D (DFFHQNx1_ASAP7_75t_R) 1366.25 1427.38  -61.14 (VIOLATED)
u_e.g_mac[0].g_tr2.u_tree.held[45][13]$_DFFE_PP_/D (DFFHQNx1_ASAP7_75t_R) 1367.70 1428.80  -61.10 (VIOLATED)
u_e.g_mac[1].g_l2.u_l0.p2_c[78]$_DFF_P_/D (DFFHQNx1_ASAP7_75t_R) 1348.30 1409.35  -61.05 (VIOLATED)
u_e.g_mac[1].g_l2.u_l1.p2_c[23]$_DFF_P_/D (DFFHQNx1_ASAP7_75t_R) 1361.16 1422.20  -61.04 (VIOLATED)
u_e.g_mac[0].g_tr2.u_tree.held[65][13]$_DFFE_PP_/D (DFFHQNx1_ASAP7_75t_R) 1366.67 1427.70  -61.04 (VIOLATED)
u_e.g_mac[0].g_tr2.u_tree.held[65][21]$_DFFE_PP_/D (DFFHQNx1_ASAP7_75t_R) 1361.17 1422.21  -61.03 (VIOLATED)
u_e.g_mac[0].g_tr2.u_tree.held[40][11]$_DFFE_PP_/D (DFFHQNx1_ASAP7_75t_R) 1404.86 1465.86  -61.01 (VIOLATED)
u_e.g_mac[1].g_l2.u_l1.p2_c[19]$_DFF_P_/D (DFFHQNx1_ASAP7_75t_R) 1362.08 1423.02  -60.94 (VIOLATED)
u_e.g_mac[1].g_l2.u_l0.p1_p[1][4]$_DFF_P_/D (DFFHQNx1_ASAP7_75t_R) 1371.44 1432.38  -60.94 (VIOLATED)
u_e.g_mac[0].g_l2.u_l0.p2_c[239]$_DFF_P_/D (DFFHQNx1_ASAP7_75t_R) 1374.70 1435.63  -60.93 (VIOLATED)
u_e.g_mac[0].g_tr2.u_tree.held[51][29]$_DFFE_PP_/D (DFFHQNx1_ASAP7_75t_R) 1364.79 1425.68  -60.89 (VIOLATED)
u_e.g_mac[0].g_tr2.u_tree.held[48][25]$_DFFE_PP_/D (DFFHQNx1_ASAP7_75t_R) 1366.94 1427.81  -60.87 (VIOLATED)
u_e.g_mac[0].g_tr2.u_tree.held[40][2]$_DFFE_PP_/D (DFFHQNx1_ASAP7_75t_R) 1404.66 1465.43  -60.77 (VIOLATED)
u_e.g_mac[1].g_l2.u_l1.p2_c[56]$_DFF_P_/D (DFFHQNx1_ASAP7_75t_R) 1378.35 1439.11  -60.76 (VIOLATED)
u_e.g_mac[0].g_l2.u_l0.p1_p[25][5]$_DFF_P_/D (DFFHQNx1_ASAP7_75t_R) 1382.16 1442.86  -60.71 (VIOLATED)
u_e.g_mac[0].g_tr2.u_tree.held[24][29]$_DFFE_PP_/D (DFFHQNx1_ASAP7_75t_R) 1364.46 1425.11  -60.65 (VIOLATED)
u_e.g_mac[0].g_l2.u_l0.p1_sh[14][4]$_DFF_P_/D (DFFHQNx1_ASAP7_75t_R) 1374.07 1434.71  -60.64 (VIOLATED)
u_e.g_mac[0].g_tr2.u_tree.held[74][13]$_DFFE_PP_/D (DFFHQNx1_ASAP7_75t_R) 1366.49 1427.12  -60.62 (VIOLATED)
u_e.g_mac[0].g_l2.u_l0.p2_c[62]$_DFF_P_/D (DFFHQNx1_ASAP7_75t_R) 1364.92 1425.51  -60.59 (VIOLATED)
u_e.g_mac[1].g_l2.u_l0.p0_wq[194]$_DFF_P_/D (DFFHQNx1_ASAP7_75t_R) 1377.05 1437.63  -60.58 (VIOLATED)
u_e.g_mac[1].g_l2.u_l0.p0_wq[195]$_DFF_P_/D (DFFHQNx1_ASAP7_75t_R) 1362.55 1423.04  -60.49 (VIOLATED)
u_e.g_mac[0].g_tr2.u_tree.held[40][14]$_DFFE_PP_/D (DFFHQNx1_ASAP7_75t_R) 1399.67 1460.12  -60.45 (VIOLATED)
u_e.g_mac[0].g_l2.u_l0.p2_c[69]$_DFF_P_/D (DFFHQNx1_ASAP7_75t_R) 1355.60 1415.99  -60.39 (VIOLATED)
u_e.g_mac[0].g_tr2.u_tree.held[51][17]$_DFFE_PP_/D (DFFHQNx1_ASAP7_75t_R) 1366.60 1426.95  -60.35 (VIOLATED)
u_e.g_mac[0].g_l2.u_l0.p1_p[23][4]$_DFF_P_/D (DFFHQNx1_ASAP7_75t_R) 1361.83 1422.16  -60.33 (VIOLATED)
u_e.g_mac[1].g_l2.u_l0.p1_p[16][4]$_DFF_P_/D (DFFHQNx1_ASAP7_75t_R) 1359.70 1420.03  -60.33 (VIOLATED)
u_e.g_mac[0].g_tr2.u_tree.held[30][27]$_DFFE_PP_/D (DFFHQNx1_ASAP7_75t_R) 1369.02 1429.33  -60.32 (VIOLATED)
u_e.g_mac[0].g_tr2.u_tree.held[28][21]$_DFFE_PP_/D (DFFHQNx1_ASAP7_75t_R) 1367.32 1427.61  -60.30 (VIOLATED)
u_e.g_mac[0].g_l2.u_l0.p1_sh[12][3]$_DFF_P_/D (DFFHQNx1_ASAP7_75t_R) 1360.99 1421.24  -60.25 (VIOLATED)
u_e.g_mac[0].g_l2.u_l0.p2_c[71]$_DFF_P_/D (DFFHQNx1_ASAP7_75t_R) 1371.66 1431.90  -60.25 (VIOLATED)
u_e.g_mac[0].g_tr2.u_tree.held[16][0]$_DFFE_PP_/D (DFFHQNx1_ASAP7_75t_R) 1367.53 1427.75  -60.22 (VIOLATED)
u_e.g_mac[0].g_tr2.u_tree.held[58][16]$_DFFE_PP_/D (DFFHQNx1_ASAP7_75t_R) 1367.22 1427.39  -60.17 (VIOLATED)
u_e.g_mac[1].g_l2.u_l0.p0_wq[15]$_SDFF_PP0_/D (DFFHQNx2_ASAP7_75t_R) 1375.90 1436.03  -60.13 (VIOLATED)
u_e.g_mac[0].g_tr2.u_tree.held[69][2]$_DFFE_PP_/D (DFFHQNx1_ASAP7_75t_R) 1403.59 1463.69  -60.10 (VIOLATED)
u_e.g_mac[0].g_l2.u_l0.p1_sh[22][4]$_DFF_P_/D (DFFHQNx1_ASAP7_75t_R) 1378.66 1438.75  -60.09 (VIOLATED)
u_e.g_mac[0].g_l2.u_l0.p2_c[77]$_DFF_P_/D (DFFHQNx1_ASAP7_75t_R) 1345.27 1405.35  -60.08 (VIOLATED)
u_e.g_mac[1].g_l2.u_l1.p2_c[24]$_DFF_P_/D (DFFHQNx1_ASAP7_75t_R) 1376.47 1436.52  -60.05 (VIOLATED)
u_e.g_mac[0].g_l2.u_l0.p2_c[40]$_DFF_P_/D (DFFHQNx1_ASAP7_75t_R) 1353.96 1413.90  -59.94 (VIOLATED)
u_e.g_qt_hit.g_hc[1].d_j[1]$_SDFFE_PP0P_/D (DFFHQNx1_ASAP7_75t_R) 1412.05 1471.95  -59.90 (VIOLATED)
u_e.g_mac[0].g_tr2.u_tree.held[24][25]$_DFFE_PP_/D (DFFHQNx1_ASAP7_75t_R) 1364.83 1424.72  -59.89 (VIOLATED)
u_e.g_mac[1].g_l2.u_l0.p1_sh[1][4]$_DFF_P_/D (DFFHQNx1_ASAP7_75t_R) 1365.51 1425.37  -59.86 (VIOLATED)
u_e.g_mac[0].g_tr2.u_tree.held[10][20]$_DFFE_PP_/D (DFFHQNx1_ASAP7_75t_R) 1366.43 1426.27  -59.85 (VIOLATED)
u_e.g_mac[1].g_l2.u_l1.p2_c[7]$_DFF_P_/D (DFFHQNx1_ASAP7_75t_R) 1378.77 1438.61  -59.84 (VIOLATED)
u_e.g_mac[0].g_tr2.u_tree.held[1][16]$_DFFE_PP_/D (DFFHQNx1_ASAP7_75t_R) 1368.10 1427.94  -59.84 (VIOLATED)
u_e.g_mac[1].g_l2.u_l0.p1_p[9][3]$_DFF_P_/D (DFFHQNx1_ASAP7_75t_R) 1359.40 1419.22  -59.82 (VIOLATED)
u_e.g_mac[0].g_tr2.u_tree.x_above[57]$_DFF_P_/D (DFFHQNx1_ASAP7_75t_R) 1390.49 1450.29  -59.80 (VIOLATED)
u_e.g_mac[0].g_tr2.u_tree.held[47][24]$_DFFE_PP_/D (DFFHQNx1_ASAP7_75t_R) 1368.13 1427.92  -59.78 (VIOLATED)
u_e.g_mac[0].g_l2.u_l0.p2_c[135]$_DFF_P_/D (DFFHQNx1_ASAP7_75t_R) 1353.61 1413.38  -59.77 (VIOLATED)
u_e.g_mac[0].g_tr2.u_tree.held[41][16]$_DFFE_PP_/D (DFFHQNx1_ASAP7_75t_R) 1368.34 1428.05  -59.71 (VIOLATED)
u_e.w_c[0]$_DFFE_PP_/D (DFFHQNx1_ASAP7_75t_R) 1396.61 1456.28  -59.66 (VIOLATED)
u_e.g_mac[0].g_tr2.u_tree.held[42][6]$_DFFE_PP_/D (DFFHQNx1_ASAP7_75t_R) 1365.96 1425.60  -59.64 (VIOLATED)
u_e.g_mac[0].g_l2.u_l0.p2_c[94]$_DFF_P_/D (DFFHQNx1_ASAP7_75t_R) 1357.59 1417.18  -59.59 (VIOLATED)
u_e.g_mac[1].g_ch2.u_c1.u_add.u_c0.g_r.r[17]$_SDFF_PP0_/D (DFFHQNx1_ASAP7_75t_R) 1362.27 1421.84  -59.57 (VIOLATED)
u_e.g_mac[0].g_tr2.u_tree.held[16][16]$_DFFE_PP_/D (DFFHQNx1_ASAP7_75t_R) 1367.68 1427.23  -59.55 (VIOLATED)
u_e.g_mac[1].g_ch2.u_c1.u_add.u_c0.g_r.r[30]$_SDFF_PP0_/D (DFFHQNx1_ASAP7_75t_R) 1358.60 1418.07  -59.47 (VIOLATED)
u_e.g_mac[0].g_tr2.u_tree.held[15][7]$_DFFE_PP_/D (DFFHQNx1_ASAP7_75t_R) 1403.90 1463.36  -59.46 (VIOLATED)
u_e.g_mac[0].g_tr2.u_tree.held[40][0]$_DFFE_PP_/D (DFFHQNx1_ASAP7_75t_R) 1400.55 1459.97  -59.42 (VIOLATED)
u_e.g_mac[0].g_tr2.u_tree.held[79][20]$_DFFE_PP_/D (DFFHQNx1_ASAP7_75t_R) 1361.99 1421.40  -59.41 (VIOLATED)
u_e.g_mac[0].g_l2.u_l0.p2_c[52]$_DFF_P_/D (DFFHQNx1_ASAP7_75t_R) 1366.26 1425.62  -59.36 (VIOLATED)
u_e.g_mac[0].g_l2.u_l0.p0_wq[217]$_DFF_P_/D (DFFHQNx1_ASAP7_75t_R) 1354.79 1414.13  -59.34 (VIOLATED)
u_e.g_mac[0].g_l2.u_l0.p0_wq[21]$_SDFF_PP0_/D (DFFHQNx2_ASAP7_75t_R) 1415.28 1474.58  -59.30 (VIOLATED)
u_e.g_qt_hit.g_hc[2].d_j[0]$_SDFFE_PP0P_/D (DFFHQNx1_ASAP7_75t_R) 1398.14 1457.43  -59.29 (VIOLATED)
u_e.g_mac[1].g_l2.u_l0.p2_c[67]$_DFF_P_/D (DFFHQNx1_ASAP7_75t_R) 1361.19 1420.47  -59.28 (VIOLATED)
u_e.g_mac[0].g_tr2.u_tree.held[27][11]$_DFFE_PP_/D (DFFHQNx1_ASAP7_75t_R) 1406.05 1465.29  -59.24 (VIOLATED)
u_e.g_mac[0].g_tr2.u_tree.held[15][14]$_DFFE_PP_/D (DFFHQNx1_ASAP7_75t_R) 1403.92 1463.14  -59.22 (VIOLATED)
u_e.g_mac[0].g_tr2.u_tree.held[47][19]$_DFFE_PP_/D (DFFHQNx1_ASAP7_75t_R) 1367.35 1426.56  -59.20 (VIOLATED)
u_e.g_mac[0].g_tr2.u_tree.held[55][27]$_DFFE_PP_/D (DFFHQNx1_ASAP7_75t_R) 1379.43 1438.60  -59.17 (VIOLATED)
u_e.g_mac[0].g_tr2.u_tree.held[26][6]$_DFFE_PP_/D (DFFHQNx1_ASAP7_75t_R) 1368.11 1427.24  -59.13 (VIOLATED)
u_e.g_mac[0].g_tr2.u_tree.held[5][16]$_DFFE_PP_/D (DFFHQNx1_ASAP7_75t_R) 1368.46 1427.58  -59.12 (VIOLATED)
u_e.g_mac[0].g_tr2.u_tree.held[1][6]$_DFFE_PP_/D (DFFHQNx1_ASAP7_75t_R) 1399.80 1458.89  -59.09 (VIOLATED)
u_e.g_mac[0].g_l2.u_l0.p2_c[31]$_DFF_P_/D (DFFHQNx1_ASAP7_75t_R) 1362.75 1421.82  -59.07 (VIOLATED)
u_e.g_mac[1].g_l2.u_l0.p1_sh[9][2]$_DFF_P_/D (DFFHQNx1_ASAP7_75t_R) 1359.89 1418.86  -58.97 (VIOLATED)
u_e.g_mac[0].g_tr2.u_tree.held[69][6]$_DFFE_PP_/D (DFFHQNx1_ASAP7_75t_R) 1405.16 1464.08  -58.91 (VIOLATED)
u_e.g_mac[1].g_l2.u_l1.p0_wq[59]$_DFF_P_/D (DFFHQNx1_ASAP7_75t_R) 1368.27 1427.16  -58.89 (VIOLATED)
u_e.g_mac[0].g_tr2.u_tree.held[20][2]$_DFFE_PP_/D (DFFHQNx1_ASAP7_75t_R) 1403.53 1462.42  -58.89 (VIOLATED)
u_e.g_mac[0].g_tr2.u_tree.held[28][29]$_DFFE_PP_/D (DFFHQNx1_ASAP7_75t_R) 1366.18 1425.07  -58.89 (VIOLATED)
u_e.g_mac[0].g_l2.u_l0.p0_wq[213]$_SDFF_PP0_/D (DFFHQNx1_ASAP7_75t_R) 1390.52 1449.39  -58.88 (VIOLATED)
u_e.w_run$_DFFE_PN0P_/D (DFFASRHQNx1_ASAP7_75t_R) 1397.90 1456.77  -58.87 (VIOLATED)
u_e.g_mac[0].g_tr2.u_tree.held[31][16]$_DFFE_PP_/D (DFFHQNx1_ASAP7_75t_R) 1399.17 1458.03  -58.87 (VIOLATED)
u_e.g_mac[0].g_tr2.u_tree.have[14]$_DFFE_PN0P_/D (DFFASRHQNx1_ASAP7_75t_R) 1353.36 1412.18  -58.82 (VIOLATED)
u_e.g_mac[0].g_tr2.u_tree.held[51][13]$_DFFE_PP_/D (DFFHQNx1_ASAP7_75t_R) 1365.71 1424.48  -58.77 (VIOLATED)
u_e.g_mac[1].g_ch2.u_c0.u_add.u_c0.g_r.r[4]$_SDFF_PP0_/D (DFFHQNx1_ASAP7_75t_R) 1355.65 1414.40  -58.74 (VIOLATED)
u_e.g_mac[1].g_l2.u_l0.p2_c[56]$_DFF_P_/D (DFFHQNx1_ASAP7_75t_R) 1369.69 1428.37  -58.68 (VIOLATED)
u_e.g_mac[1].g_l2.u_l0.p0_wq[137]$_DFF_P_/D (DFFHQNx1_ASAP7_75t_R) 1375.76 1434.42  -58.66 (VIOLATED)
u_e.g_mac[1].g_l2.u_l1.p0_wq[73]$_DFF_P_/D (DFFHQNx1_ASAP7_75t_R) 1357.51 1416.15  -58.63 (VIOLATED)
u_e.g_mac[0].g_tr2.u_tree.x_above[56]$_DFF_P_/D (DFFHQNx1_ASAP7_75t_R) 1392.03 1450.65  -58.61 (VIOLATED)
u_e.g_mac[0].g_l2.u_l0.p2_c[188]$_DFF_P_/D (DFFHQNx1_ASAP7_75t_R) 1376.20 1434.80  -58.60 (VIOLATED)
u_e.g_mac[0].g_l2.u_l0.p2_c[158]$_DFF_P_/D (DFFHQNx1_ASAP7_75t_R) 1371.32 1429.92  -58.59 (VIOLATED)
u_e.g_mac[0].g_tr2.u_tree.held[19][7]$_DFFE_PP_/D (DFFHQNx1_ASAP7_75t_R) 1368.45 1427.02  -58.57 (VIOLATED)
u_e.g_mac[0].g_tr2.u_tree.held[37][2]$_DFFE_PP_/D (DFFHQNx1_ASAP7_75t_R) 1419.28 1477.84  -58.56 (VIOLATED)
u_e.g_mac[1].g_l2.u_l0.p1_sh[15][3]$_DFF_P_/D (DFFHQNx2_ASAP7_75t_R) 1361.45 1420.00  -58.56 (VIOLATED)
u_e.g_mac[1].g_ch2.u_c1.u_add.u_c0.g_r.r[3]$_SDFF_PP0_/D (DFFHQNx1_ASAP7_75t_R) 1361.77 1420.31  -58.55 (VIOLATED)
u_e.g_mac[1].g_l2.u_l1.p0_wq[1]$_DFF_P_/D (DFFHQNx1_ASAP7_75t_R) 1388.12 1446.64  -58.52 (VIOLATED)
u_e.g_mac[0].g_ch2.u_c1.u_add.u_c0.g_r.r[32]$_DFF_P_/D (DFFHQNx1_ASAP7_75t_R) 1367.60 1426.11  -58.51 (VIOLATED)
u_e.g_mac[0].g_tr2.u_tree.held[28][17]$_DFFE_PP_/D (DFFHQNx1_ASAP7_75t_R) 1367.31 1425.82  -58.51 (VIOLATED)
u_e.w_pos[0]$_SDFFCE_PP0P_/D (DFFHQNx1_ASAP7_75t_R) 1395.95 1454.44  -58.50 (VIOLATED)
u_e.g_mac[0].g_l2.u_l0.p2_c[241]$_DFF_P_/D (DFFHQNx1_ASAP7_75t_R) 1374.82 1433.26  -58.43 (VIOLATED)
u_e.g_mac[0].g_tr2.u_tree.held[27][5]$_DFFE_PP_/D (DFFHQNx1_ASAP7_75t_R) 1405.98 1464.40  -58.42 (VIOLATED)
u_e.g_mac[1].g_l2.u_l0.p1_sh[3][1]$_DFF_P_/D (DFFHQNx1_ASAP7_75t_R) 1365.06 1423.48  -58.42 (VIOLATED)
u_e.g_mac[1].g_ch2.u_c1.u_add.u_c0.g_r.r[10]$_SDFF_PP0_/D (DFFHQNx1_ASAP7_75t_R) 1359.67 1418.09  -58.41 (VIOLATED)
u_e.g_mac[0].g_l2.u_l0.p2_c[32]$_DFF_P_/D (DFFHQNx1_ASAP7_75t_R) 1349.96 1408.29  -58.33 (VIOLATED)
u_e.g_mac[0].g_l2.u_l0.p2_c[56]$_DFF_P_/D (DFFHQNx1_ASAP7_75t_R) 1352.90 1411.21  -58.31 (VIOLATED)
u_e.g_mac[0].g_l2.u_l0.p1_p[18][5]$_DFF_P_/D (DFFHQNx1_ASAP7_75t_R) 1383.72 1442.01  -58.29 (VIOLATED)
u_e.g_mac[1].g_ch2.u_c0.u_add.u_c0.g_r.r[1]$_SDFF_PP0_/D (DFFHQNx1_ASAP7_75t_R) 1354.00 1412.28  -58.29 (VIOLATED)
u_e.g_mac[0].g_tr2.u_tree.held[58][9]$_DFFE_PP_/D (DFFHQNx1_ASAP7_75t_R) 1365.10 1423.37  -58.27 (VIOLATED)
u_e.g_mac[0].g_l2.u_l0.p2_c[5]$_DFF_P_/D (DFFHQNx1_ASAP7_75t_R) 1350.59 1408.78  -58.19 (VIOLATED)
u_e.g_mac[0].g_tr2.u_tree.held[16][25]$_DFFE_PP_/D (DFFHQNx1_ASAP7_75t_R) 1366.88 1425.04  -58.16 (VIOLATED)
u_e.g_mac[0].g_tr2.u_tree.held[13][18]$_DFFE_PP_/D (DFFHQNx1_ASAP7_75t_R) 1361.79 1419.94  -58.15 (VIOLATED)
u_e.g_mac[0].g_l2.u_l0.p2_c[176]$_DFF_P_/D (DFFHQNx1_ASAP7_75t_R) 1374.07 1432.21  -58.14 (VIOLATED)
u_e.g_mac[0].g_l2.u_l0.p2_c[185]$_DFF_P_/D (DFFHQNx1_ASAP7_75t_R) 1374.63 1432.70  -58.07 (VIOLATED)
u_e.g_mac[1].g_l2.u_l0.p1_sh[13][2]$_DFF_P_/D (DFFHQNx1_ASAP7_75t_R) 1375.23 1433.29  -58.06 (VIOLATED)
u_e.g_mac[1].g_l2.u_l1.p0_wq[57]$_DFF_P_/D (DFFHQNx1_ASAP7_75t_R) 1370.57 1428.61  -58.05 (VIOLATED)
u_e.g_mac[0].g_tr2.u_tree.infl[1][0]$_DFF_PN0_/D (DFFASRHQNx1_ASAP7_75t_R) 1431.26 1489.29  -58.03 (VIOLATED)
u_e.g_mac[0].g_tr2.u_tree.held[51][25]$_DFFE_PP_/D (DFFHQNx1_ASAP7_75t_R) 1366.51 1424.50  -57.98 (VIOLATED)
u_e.g_mac[0].g_tr2.u_tree.held[27][2]$_DFFE_PP_/D (DFFHQNx1_ASAP7_75t_R) 1405.76 1463.68  -57.92 (VIOLATED)
u_e.g_mac[1].g_l2.u_l0.p2_c[3]$_DFF_P_/D (DFFHQNx1_ASAP7_75t_R) 1365.93 1423.81  -57.88 (VIOLATED)
u_e.g_mac[1].g_ch2.u_c0.u_add.u_c0.g_r.r[8]$_SDFF_PP0_/D (DFFHQNx1_ASAP7_75t_R) 1354.66 1412.50  -57.85 (VIOLATED)
u_e.g_mac[0].g_tr2.u_tree.held[27][9]$_DFFE_PP_/D (DFFHQNx1_ASAP7_75t_R) 1366.29 1424.02  -57.72 (VIOLATED)
u_e.g_mac[0].g_tr2.u_tree.held[61][16]$_DFFE_PP_/D (DFFHQNx1_ASAP7_75t_R) 1367.46 1425.10  -57.64 (VIOLATED)
u_e.g_mac[0].g_l2.u_l0.p2_c[242]$_DFF_P_/D (DFFHQNx1_ASAP7_75t_R) 1359.63 1417.26  -57.64 (VIOLATED)
u_e.g_mac[0].g_tr2.u_tree.x_above[52]$_DFF_P_/D (DFFHQNx1_ASAP7_75t_R) 1390.66 1448.29  -57.63 (VIOLATED)
u_e.g_mac[0].g_l2.u_l0.p2_c[95]$_DFF_P_/D (DFFHQNx1_ASAP7_75t_R) 1362.46 1420.09  -57.63 (VIOLATED)
u_e.g_mac[0].g_tr2.u_tree.infl[8][0]$_DFF_PN0_/D (DFFASRHQNx1_ASAP7_75t_R) 1425.28 1482.87  -57.58 (VIOLATED)
u_e.g_mac[0].g_tr2.u_tree.held[42][25]$_DFFE_PP_/D (DFFHQNx1_ASAP7_75t_R) 1366.83 1424.35  -57.52 (VIOLATED)
u_e.g_mac[0].g_tr2.u_tree.held[58][20]$_DFFE_PP_/D (DFFHQNx1_ASAP7_75t_R) 1365.61 1423.04  -57.43 (VIOLATED)
u_e.g_mac[0].g_l2.u_l0.p0_wq[162]$_DFF_P_/D (DFFHQNx1_ASAP7_75t_R) 1368.65 1426.08  -57.43 (VIOLATED)
u_e.g_mac[0].g_tr2.u_tree.x_oh[36]$_DFF_P_/D (DFFHQNx1_ASAP7_75t_R) 1391.04 1448.44  -57.40 (VIOLATED)
u_e.g_mac[0].g_tr2.u_tree.held[58][13]$_DFFE_PP_/D (DFFHQNx1_ASAP7_75t_R) 1366.37 1423.77  -57.39 (VIOLATED)
u_e.g_mac[0].g_tr2.u_tree.x_above[53]$_DFF_P_/D (DFFHQNx1_ASAP7_75t_R) 1390.75 1448.09  -57.34 (VIOLATED)
u_e.g_mac[1].g_l2.u_l0.p2_c[185]$_DFF_P_/D (DFFHQNx1_ASAP7_75t_R) 1362.46 1419.80  -57.34 (VIOLATED)
u_e.g_mac[0].g_tr2.u_tree.x_above[74]$_DFF_P_/D (DFFHQNx1_ASAP7_75t_R) 1367.56 1424.89  -57.33 (VIOLATED)
u_e.n_q[2]$_SDFFCE_PP0P_/D (DFFHQNx1_ASAP7_75t_R) 1412.27 1469.59  -57.32 (VIOLATED)
u_e.g_mac[0].g_tr2.u_tree.held[27][20]$_DFFE_PP_/D (DFFHQNx1_ASAP7_75t_R) 1366.64 1423.95  -57.32 (VIOLATED)
u_e.g_mac[0].g_tr2.u_tree.held[28][18]$_DFFE_PP_/D (DFFHQNx1_ASAP7_75t_R) 1369.23 1426.54  -57.31 (VIOLATED)
u_e.g_mac[0].g_tr2.u_tree.held[69][4]$_DFFE_PP_/D (DFFHQNx1_ASAP7_75t_R) 1405.62 1462.90  -57.27 (VIOLATED)
u_e.g_mac[1].g_l2.u_l1.p2_c[139]$_DFF_P_/D (DFFHQNx1_ASAP7_75t_R) 1343.27 1400.51  -57.25 (VIOLATED)
u_e.g_mac[0].g_ch2.u_c0.u_add.u_c0.g_r.r[29]$_SDFF_PP0_/D (DFFHQNx1_ASAP7_75t_R) 1365.47 1422.71  -57.25 (VIOLATED)
u_e.g_mac[0].g_tr2.u_tree.held[24][15]$_DFFE_PP_/D (DFFHQNx1_ASAP7_75t_R) 1360.70 1417.84  -57.13 (VIOLATED)
u_e.g_mac[0].g_l2.u_l0.p2_c[200]$_DFF_P_/D (DFFHQNx1_ASAP7_75t_R) 1359.87 1416.99  -57.12 (VIOLATED)
u_e.g_mac[1].g_ch2.u_c1.u_add.u_c0.g_r.r[12]$_SDFF_PP0_/D (DFFHQNx1_ASAP7_75t_R) 1362.32 1419.43  -57.11 (VIOLATED)
u_e.g_mac[1].g_l2.u_l1.p0_we[5]$_DFF_P_/D (DFFHQNx1_ASAP7_75t_R) 1363.33 1420.42  -57.09 (VIOLATED)
u_e.g_mac[0].g_tr2.u_tree.x_oh[35]$_DFF_P_/D (DFFHQNx1_ASAP7_75t_R) 1391.79 1448.87  -57.08 (VIOLATED)
u_e.g_mac[0].g_tr2.u_tree.held[19][31]$_DFFE_PP_/D (DFFHQNx1_ASAP7_75t_R) 1400.15 1457.20  -57.05 (VIOLATED)
u_e.g_mac[0].g_l2.u_l0.p1_sh[11][4]$_DFF_P_/D (DFFHQNx1_ASAP7_75t_R) 1355.74 1412.78  -57.05 (VIOLATED)
u_e.g_mac[0].g_l2.u_l0.p0_wq[177]$_DFF_P_/D (DFFHQNx1_ASAP7_75t_R) 1370.16 1427.17  -57.01 (VIOLATED)
u_e.g_mac[1].g_l2.u_l0.p0_wq[113]$_DFF_P_/D (DFFHQNx1_ASAP7_75t_R) 1349.69 1406.70  -57.00 (VIOLATED)
u_e.g_mac[0].g_tr2.u_tree.held[20][8]$_DFFE_PP_/D (DFFHQNx1_ASAP7_75t_R) 1404.97 1461.96  -56.99 (VIOLATED)
u_e.g_mac[1].g_ch2.u_c0.u_add.u_c0.g_r.r[11]$_SDFF_PP0_/D (DFFHQNx1_ASAP7_75t_R) 1354.91 1411.80  -56.88 (VIOLATED)
u_e.g_mac[0].g_l2.u_l0.p2_c[51]$_DFF_P_/D (DFFHQNx1_ASAP7_75t_R) 1349.06 1405.85  -56.78 (VIOLATED)
u_e.g_mac[1].g_l2.u_l0.p2_c[49]$_DFF_P_/D (DFFHQNx1_ASAP7_75t_R) 1348.41 1405.18  -56.77 (VIOLATED)
u_e.g_mac[1].g_l2.u_l0.p0_wq[32]$_DFF_P_/D (DFFHQNx1_ASAP7_75t_R) 1342.75 1399.51  -56.77 (VIOLATED)
u_e.g_mac[0].g_tr2.u_tree.held[51][16]$_DFFE_PP_/D (DFFHQNx1_ASAP7_75t_R) 1367.66 1424.42  -56.76 (VIOLATED)
u_e.g_mac[0].g_l2.u_l1.p2_c[16]$_DFF_P_/D (DFFHQNx1_ASAP7_75t_R) 1376.45 1433.14  -56.68 (VIOLATED)
u_e.g_mac[1].g_l2.u_l1.p0_wq[34]$_DFF_P_/D (DFFHQNx3_ASAP7_75t_R) 1364.85 1421.54  -56.68 (VIOLATED)
u_e.g_mac[0].g_tr2.u_tree.held[68][31]$_DFFE_PP_/D (DFFHQNx1_ASAP7_75t_R) 1404.64 1461.32  -56.67 (VIOLATED)
u_e.g_mac[0].g_tr2.u_tree.x_oh[50]$_DFF_P_/D (DFFHQNx1_ASAP7_75t_R) 1393.51 1450.16  -56.65 (VIOLATED)
u_e.g_mac[0].g_l2.u_l0.p2_c[131]$_DFF_P_/D (DFFHQNx1_ASAP7_75t_R) 1357.27 1413.86  -56.59 (VIOLATED)
u_e.g_mac[0].g_tr2.u_tree.x_above[51]$_DFF_P_/D (DFFHQNx1_ASAP7_75t_R) 1393.76 1450.34  -56.58 (VIOLATED)
u_e.g_mac[1].g_ch2.u_c1.u_add.u_c6.g_r.r[2]$_SDFF_PN0_/D (DFFHQNx1_ASAP7_75t_R) 1373.32 1429.87  -56.54 (VIOLATED)
u_e.g_mac[1].g_l2.u_l0.p1_sh[26][3]$_DFF_P_/D (DFFHQNx2_ASAP7_75t_R) 1364.12 1420.62  -56.50 (VIOLATED)
u_e.g_mac[0].g_tr2.u_tree.have[1]$_DFFE_PN0P_/D (DFFASRHQNx1_ASAP7_75t_R) 1385.94 1442.31  -56.37 (VIOLATED)
u_e.g_mac[0].g_tr2.u_tree.held[41][31]$_DFFE_PP_/D (DFFHQNx1_ASAP7_75t_R) 1399.55 1455.87  -56.32 (VIOLATED)
u_e.g_mac[1].g_l2.u_l1.p2_c[115]$_DFF_P_/D (DFFHQNx1_ASAP7_75t_R) 1362.94 1419.24  -56.30 (VIOLATED)
u_e.g_mac[0].g_l2.u_l1.p0_wq[19]$_DFF_P_/D (DFFHQNx1_ASAP7_75t_R) 1359.37 1415.64  -56.27 (VIOLATED)
u_e.g_mac[0].g_tr2.u_tree.held[17][9]$_DFFE_PP_/D (DFFHQNx1_ASAP7_75t_R) 1366.38 1422.61  -56.24 (VIOLATED)
u_e.g_mac[1].g_l2.u_l0.p1_sh[16][4]$_DFF_P_/D (DFFHQNx1_ASAP7_75t_R) 1352.28 1408.45  -56.17 (VIOLATED)
u_e.g_mac[0].g_tr2.u_tree.held[58][25]$_DFFE_PP_/D (DFFHQNx1_ASAP7_75t_R) 1366.99 1423.12  -56.13 (VIOLATED)
u_e.g_mac[0].g_tr2.u_tree.x_oh[55]$_DFF_P_/D (DFFHQNx1_ASAP7_75t_R) 1393.76 1449.88  -56.12 (VIOLATED)
u_e.g_mac[0].g_l2.u_l1.p2_c[15]$_DFF_P_/D (DFFHQNx1_ASAP7_75t_R) 1375.78 1431.89  -56.11 (VIOLATED)
u_e.g_mac[0].g_l2.u_l0.p0_wq[203]$_DFF_P_/D (DFFHQNx1_ASAP7_75t_R) 1356.21 1412.31  -56.10 (VIOLATED)
u_e.g_mac[0].g_l2.u_l0.p2_c[44]$_DFF_P_/D (DFFHQNx1_ASAP7_75t_R) 1345.46 1401.54  -56.08 (VIOLATED)
u_e.g_mac[0].g_l2.u_l0.p2_c[92]$_DFF_P_/D (DFFHQNx1_ASAP7_75t_R) 1374.64 1430.72  -56.08 (VIOLATED)
u_e.g_mac[0].g_tr2.u_tree.x_above[36]$_DFF_P_/D (DFFHQNx1_ASAP7_75t_R) 1393.37 1449.40  -56.03 (VIOLATED)
u_e.g_mac[0].g_l2.u_l0.p1_sh[7][2]$_DFF_P_/D (DFFHQNx1_ASAP7_75t_R) 1391.79 1447.80  -56.01 (VIOLATED)
u_e.g_mac[0].g_tr2.u_tree.held[68][2]$_DFFE_PP_/D (DFFHQNx1_ASAP7_75t_R) 1406.12 1462.13  -56.01 (VIOLATED)
u_e.g_mac[1].g_ch2.u_c1.u_add.u_c0.g_r.r[15]$_SDFF_PP0_/D (DFFHQNx1_ASAP7_75t_R) 1361.79 1417.78  -55.99 (VIOLATED)
u_e.g_mac[1].g_ch2.u_c1.u_add.u_c0.g_r.r[7]$_SDFF_PP0_/D (DFFHQNx1_ASAP7_75t_R) 1360.65 1416.63  -55.98 (VIOLATED)
u_e.g_mac[1].g_l2.u_l0.p2_c[80]$_DFF_P_/D (DFFHQNx1_ASAP7_75t_R) 1346.95 1402.86  -55.91 (VIOLATED)
u_e.g_mac[0].g_tr2.u_tree.x_above[26]$_DFF_P_/D (DFFHQNx1_ASAP7_75t_R) 1393.95 1449.80  -55.85 (VIOLATED)
u_e.g_mac[0].g_tr2.u_tree.held[2][26]$_DFFE_PP_/D (DFFHQNx1_ASAP7_75t_R) 1364.43 1420.24  -55.81 (VIOLATED)
u_e.g_mac[0].g_tr2.u_tree.x_oh[26]$_DFF_P_/D (DFFHQNx1_ASAP7_75t_R) 1394.03 1449.78  -55.75 (VIOLATED)
u_e.g_mac[1].g_l2.u_l0.p0_wq[29]$_SDFF_PP0_/D (DFFHQNx2_ASAP7_75t_R) 1378.88 1434.61  -55.73 (VIOLATED)
u_e.g_mac[1].g_l2.u_l0.p0_wq[218]$_DFF_P_/D (DFFHQNx1_ASAP7_75t_R) 1356.08 1411.80  -55.72 (VIOLATED)
u_e.g_mac[1].g_l2.u_l0.p0_wq[157]$_SDFF_PP0_/D (DFFHQNx1_ASAP7_75t_R) 1385.97 1441.67  -55.70 (VIOLATED)
u_e.g_mac[0].g_tr2.u_tree.held[0][16]$_DFFE_PP_/D (DFFHQNx1_ASAP7_75t_R) 1396.62 1452.29  -55.67 (VIOLATED)
u_e.g_mac[1].g_l2.u_l1.p0_wq[67]$_DFF_P_/D (DFFHQNx1_ASAP7_75t_R) 1373.44 1429.06  -55.63 (VIOLATED)
u_e.g_mac[0].g_tr2.u_tree.held[24][21]$_DFFE_PP_/D (DFFHQNx1_ASAP7_75t_R) 1366.96 1422.59  -55.62 (VIOLATED)
u_e.g_mac[0].g_l2.u_l0.p0_wq[245]$_SDFF_PP0_/D (DFFHQNx1_ASAP7_75t_R) 1389.31 1444.94  -55.62 (VIOLATED)
u_e.g_mac[1].g_l2.u_l1.p2_c[96]$_DFF_P_/D (DFFHQNx1_ASAP7_75t_R) 1369.99 1425.61  -55.62 (VIOLATED)
u_e.g_mac[0].g_tr2.u_tree.held[53][0]$_DFFE_PP_/D (DFFHQNx1_ASAP7_75t_R) 1413.42 1469.04  -55.62 (VIOLATED)
u_e.g_mac[1].g_tr2.u_tree.infl[7][0]$_DFF_PN0_/D (DFFASRHQNx1_ASAP7_75t_R) 1371.43 1426.96  -55.53 (VIOLATED)
u_e.g_mac[0].g_tr2.u_tree.held[1][7]$_DFFE_PP_/D (DFFHQNx1_ASAP7_75t_R) 1404.64 1460.11  -55.48 (VIOLATED)
u_e.g_mac[0].g_l2.u_l0.p1_p[11][3]$_DFF_P_/D (DFFHQNx1_ASAP7_75t_R) 1359.21 1414.61  -55.40 (VIOLATED)
u_e.g_qt_hit.g_hc[2].d_run$_DFFE_PN0P_/D (DFFASRHQNx1_ASAP7_75t_R) 1389.99 1445.37  -55.37 (VIOLATED)
u_e.g_mac[0].g_tr2.u_tree.held[2][22]$_DFFE_PP_/D (DFFHQNx1_ASAP7_75t_R) 1365.06 1420.42  -55.36 (VIOLATED)
u_e.g_mac[0].g_tr2.u_tree.held[64][0]$_DFFE_PP_/D (DFFHQNx1_ASAP7_75t_R) 1366.97 1422.33  -55.35 (VIOLATED)
u_e.g_mac[0].g_tr2.u_tree.held[17][0]$_DFFE_PP_/D (DFFHQNx1_ASAP7_75t_R) 1368.45 1423.80  -55.35 (VIOLATED)
u_e.g_mac[0].g_tr2.u_tree.held[61][9]$_DFFE_PP_/D (DFFHQNx1_ASAP7_75t_R) 1365.74 1421.08  -55.34 (VIOLATED)
u_e.g_mac[1].g_l2.u_l1.p2_c[21]$_DFF_P_/D (DFFHQNx1_ASAP7_75t_R) 1362.29 1417.63  -55.34 (VIOLATED)
u_e.g_mac[1].g_l2.u_l0.p2_c[74]$_DFF_P_/D (DFFHQNx1_ASAP7_75t_R) 1359.45 1414.78  -55.33 (VIOLATED)
u_e.g_mac[1].g_l2.u_l1.p2_c[9]$_DFF_P_/D (DFFHQNx1_ASAP7_75t_R) 1378.12 1433.45  -55.32 (VIOLATED)
u_e.g_mac[1].g_l2.u_l0.p1_sh[5][4]$_DFF_P_/D (DFFHQNx1_ASAP7_75t_R) 1363.11 1418.39  -55.27 (VIOLATED)
u_e.g_mac[0].g_tr2.u_tree.held[64][25]$_DFFE_PP_/D (DFFHQNx1_ASAP7_75t_R) 1366.06 1421.32  -55.26 (VIOLATED)
u_e.g_mac[0].g_tr2.u_tree.x_oh[51]$_DFF_P_/D (DFFHQNx1_ASAP7_75t_R) 1394.07 1449.32  -55.25 (VIOLATED)
u_e.g_mac[0].g_l2.u_l0.p1_p[7][3]$_DFF_P_/D (DFFHQNx1_ASAP7_75t_R) 1380.32 1435.51  -55.19 (VIOLATED)
u_e.g_mac[1].g_l2.u_l0.p2_c[48]$_DFF_P_/D (DFFHQNx1_ASAP7_75t_R) 1364.37 1419.55  -55.18 (VIOLATED)
u_e.g_mac[0].g_tr2.u_tree.held[1][2]$_DFFE_PP_/D (DFFHQNx1_ASAP7_75t_R) 1401.19 1456.34  -55.15 (VIOLATED)
u_e.g_mac[0].g_tr2.u_tree.held[17][16]$_DFFE_PP_/D (DFFHQNx1_ASAP7_75t_R) 1368.26 1423.38  -55.13 (VIOLATED)
u_e.g_mac[0].g_tr2.u_tree.x_above[37]$_DFF_P_/D (DFFHQNx1_ASAP7_75t_R) 1387.62 1442.69  -55.07 (VIOLATED)
u_e.g_mac[0].g_tr2.u_tree.held[43][2]$_DFFE_PP_/D (DFFHQNx1_ASAP7_75t_R) 1401.05 1456.09  -55.05 (VIOLATED)
u_e.g_mac[0].g_tr2.u_tree.held[24][13]$_DFFE_PP_/D (DFFHQNx1_ASAP7_75t_R) 1367.02 1422.02  -55.00 (VIOLATED)
u_e.g_mac[0].g_tr2.u_tree.have[35]$_DFFE_PN0P_/D (DFFASRHQNx1_ASAP7_75t_R) 1353.48 1408.44  -54.96 (VIOLATED)
u_e.g_mac[0].g_tr2.u_tree.held[55][16]$_DFFE_PP_/D (DFFHQNx1_ASAP7_75t_R) 1399.18 1453.99  -54.81 (VIOLATED)
u_e.g_mac[0].g_l2.u_l0.p0_wq[145]$_DFF_P_/D (DFFHQNx1_ASAP7_75t_R) 1370.11 1424.91  -54.80 (VIOLATED)
u_e.g_mac[0].g_tr2.u_tree.held[60][4]$_DFFE_PP_/D (DFFHQNx1_ASAP7_75t_R) 1404.19 1458.97  -54.78 (VIOLATED)
u_e.g_mac[0].g_tr2.u_tree.held[4][31]$_DFFE_PP_/D (DFFHQNx1_ASAP7_75t_R) 1403.01 1457.77  -54.76 (VIOLATED)
u_e.g_mac[1].g_l2.u_l0.p0_wq[165]$_SDFF_PP0_/D (DFFHQNx1_ASAP7_75t_R) 1373.18 1427.91  -54.73 (VIOLATED)
u_e.g_mac[0].g_l2.u_l1.p2_c[27]$_DFF_P_/D (DFFHQNx1_ASAP7_75t_R) 1381.79 1436.48  -54.70 (VIOLATED)
u_e.g_mac[1].g_l2.u_l1.p2_c[54]$_DFF_P_/D (DFFHQNx1_ASAP7_75t_R) 1375.55 1430.24  -54.70 (VIOLATED)
u_e.g_mac[0].g_l2.u_l0.p0_wq[147]$_DFF_P_/D (DFFHQNx1_ASAP7_75t_R) 1370.36 1425.00  -54.64 (VIOLATED)
u_e.g_mac[1].g_l2.u_l0.p2_c[193]$_DFF_P_/D (DFFHQNx1_ASAP7_75t_R) 1364.46 1419.05  -54.59 (VIOLATED)
u_e.g_mac[0].g_tr2.u_tree.held[43][4]$_DFFE_PP_/D (DFFHQNx1_ASAP7_75t_R) 1418.34 1472.83  -54.49 (VIOLATED)
u_e.g_mac[0].g_l2.u_l0.p2_c[88]$_DFF_P_/D (DFFHQNx1_ASAP7_75t_R) 1359.89 1414.34  -54.45 (VIOLATED)
u_e.g_mac[1].g_l2.u_l1.p2_c[32]$_DFF_P_/D (DFFHQNx1_ASAP7_75t_R) 1363.15 1417.54  -54.39 (VIOLATED)
u_e.g_mac[1].g_ch2.u_c0.u_add.u_c0.g_r.r[3]$_SDFF_PP0_/D (DFFHQNx1_ASAP7_75t_R) 1358.71 1413.00  -54.29 (VIOLATED)
u_e.g_mac[0].g_l2.u_l0.p0_wq[61]$_SDFF_PP0_/D (DFFHQNx2_ASAP7_75t_R) 1351.02 1405.21  -54.19 (VIOLATED)
u_e.g_mac[0].g_l2.u_l0.p1_sh[4][2]$_DFF_P_/D (DFFHQNx1_ASAP7_75t_R) 1392.58 1446.77  -54.19 (VIOLATED)
u_e.g_mac[1].g_l2.u_l0.p2_c[186]$_DFF_P_/D (DFFHQNx1_ASAP7_75t_R) 1358.91 1413.10  -54.18 (VIOLATED)
u_e.g_mac[1].g_l2.u_l0.p0_wq[176]$_DFF_P_/D (DFFHQNx1_ASAP7_75t_R) 1362.04 1416.20  -54.16 (VIOLATED)
u_e.g_mac[0].g_tr2.u_tree.held[18][8]$_DFFE_PP_/D (DFFHQNx1_ASAP7_75t_R) 1405.06 1459.15  -54.08 (VIOLATED)
u_e.g_mac[0].g_tr2.u_tree.held[60][31]$_DFFE_PP_/D (DFFHQNx1_ASAP7_75t_R) 1403.36 1457.43  -54.07 (VIOLATED)
u_e.g_mac[0].g_tr2.u_tree.held[19][2]$_DFFE_PP_/D (DFFHQNx1_ASAP7_75t_R) 1403.32 1457.33  -54.02 (VIOLATED)
u_e.g_mac[1].g_l2.u_l0.p0_wq[172]$_SDFF_PP0_/D (DFFHQNx1_ASAP7_75t_R) 1366.74 1420.75  -54.00 (VIOLATED)
u_e.g_mac[1].g_l2.u_l0.p0_wq[52]$_SDFF_PP0_/D (DFFHQNx2_ASAP7_75t_R) 1355.91 1409.89  -53.98 (VIOLATED)
u_e.g_mac[0].g_tr2.u_tree.x_above[58]$_DFF_P_/D (DFFHQNx1_ASAP7_75t_R) 1395.41 1449.38  -53.97 (VIOLATED)
u_e.g_mac[0].g_l2.u_l0.p0_wq[161]$_DFF_P_/D (DFFHQNx1_ASAP7_75t_R) 1368.87 1422.82  -53.95 (VIOLATED)
u_e.g_mac[1].g_l2.u_l0.p1_sh[15][4]$_DFF_P_/D (DFFHQNx1_ASAP7_75t_R) 1354.71 1408.61  -53.90 (VIOLATED)
u_e.g_mac[0].g_l2.u_l0.p2_c[8]$_DFF_P_/D (DFFHQNx1_ASAP7_75t_R) 1352.76 1406.66  -53.90 (VIOLATED)
u_e.g_mac[0].g_tr2.u_tree.held[77][31]$_DFFE_PP_/D (DFFHQNx1_ASAP7_75t_R) 1400.37 1454.23  -53.87 (VIOLATED)
u_e.g_mac[1].g_l2.u_l0.p1_sh[20][4]$_DFF_P_/D (DFFHQNx1_ASAP7_75t_R) 1351.22 1405.07  -53.85 (VIOLATED)
u_e.g_mac[1].g_ch2.u_c0.u_add.u_c0.g_r.r[7]$_SDFF_PP0_/D (DFFHQNx1_ASAP7_75t_R) 1356.69 1410.55  -53.85 (VIOLATED)
u_e.g_mac[0].g_tr2.u_tree.held[44][6]$_DFFE_PP_/D (DFFHQNx1_ASAP7_75t_R) 1398.34 1452.19  -53.84 (VIOLATED)
u_e.g_mac[0].g_tr2.u_tree.held[60][2]$_DFFE_PP_/D (DFFHQNx1_ASAP7_75t_R) 1404.25 1458.01  -53.76 (VIOLATED)
u_e.g_mac[1].g_l2.u_l1.p2_c[95]$_DFF_P_/D (DFFHQNx1_ASAP7_75t_R) 1354.42 1408.17  -53.76 (VIOLATED)
u_e.w_cnt[1]$_SDFFCE_PP0P_/D (DFFHQNx1_ASAP7_75t_R) 1397.59 1451.34  -53.76 (VIOLATED)
u_e.g_mac[1].g_l2.u_l1.p2_c[33]$_DFF_P_/D (DFFHQNx1_ASAP7_75t_R) 1362.13 1415.85  -53.72 (VIOLATED)
u_e.g_mac[1].g_l2.u_l0.p2_c[70]$_DFF_P_/D (DFFHQNx1_ASAP7_75t_R) 1364.82 1418.51  -53.69 (VIOLATED)
u_e.g_mac[0].g_tr2.u_tree.held[20][14]$_DFFE_PP_/D (DFFHQNx1_ASAP7_75t_R) 1400.17 1453.75  -53.59 (VIOLATED)
u_e.g_mac[1].g_ch2.u_c0.u_add.u_c0.g_r.r[5]$_SDFF_PP0_/D (DFFHQNx1_ASAP7_75t_R) 1356.58 1410.13  -53.55 (VIOLATED)
u_e.g_mac[0].g_tr2.u_tree.held[60][11]$_DFFE_PP_/D (DFFHQNx1_ASAP7_75t_R) 1403.43 1456.95  -53.51 (VIOLATED)
u_e.g_mac[0].g_l2.u_l0.p0_wq[138]$_DFF_P_/D (DFFHQNx1_ASAP7_75t_R) 1369.05 1422.52  -53.47 (VIOLATED)
u_e.g_mac[0].g_tr2.u_tree.held[1][31]$_DFFE_PP_/D (DFFHQNx1_ASAP7_75t_R) 1406.21 1459.68  -53.47 (VIOLATED)
u_e.g_mac[1].g_l2.u_l1.p2_c[6]$_DFF_P_/D (DFFHQNx1_ASAP7_75t_R) 1365.38 1418.82  -53.44 (VIOLATED)
u_e.g_mac[0].g_tr2.u_tree.held[2][28]$_DFFE_PP_/D (DFFHQNx1_ASAP7_75t_R) 1365.60 1418.99  -53.40 (VIOLATED)
u_e.g_mac[1].g_l2.u_l0.p0_wq[178]$_DFF_P_/D (DFFHQNx1_ASAP7_75t_R) 1362.56 1415.93  -53.37 (VIOLATED)
u_e.g_mac[0].g_tr2.u_tree.held[0][14]$_DFFE_PP_/D (DFFHQNx1_ASAP7_75t_R) 1397.43 1450.74  -53.31 (VIOLATED)
u_e.g_mac[1].g_l2.u_l1.p2_c[70]$_DFF_P_/D (DFFHQNx1_ASAP7_75t_R) 1364.61 1417.87  -53.26 (VIOLATED)
u_e.g_mac[0].g_tr2.u_tree.held[20][0]$_DFFE_PP_/D (DFFHQNx1_ASAP7_75t_R) 1399.71 1452.96  -53.25 (VIOLATED)
u_e.g_mac[0].g_tr2.u_tree.held[40][8]$_DFFE_PP_/D (DFFHQNx1_ASAP7_75t_R) 1405.21 1458.42  -53.21 (VIOLATED)
u_e.g_mac[1].g_pp.cap0[21]$_DFFE_PP_/D (DFFHQNx1_ASAP7_75t_R) 1410.64 1463.82  -53.18 (VIOLATED)
u_e.g_mac[0].g_tr2.u_tree.held[20][16]$_DFFE_PP_/D (DFFHQNx1_ASAP7_75t_R) 1399.77 1452.93  -53.16 (VIOLATED)
u_e.g_mac[0].g_tr2.u_tree.x_oh[10]$_DFF_P_/D (DFFHQNx1_ASAP7_75t_R) 1388.73 1441.88  -53.15 (VIOLATED)
u_e.g_mac[0].g_l2.u_l0.p2_c[2]$_DFF_P_/D (DFFHQNx1_ASAP7_75t_R) 1365.96 1419.10  -53.14 (VIOLATED)
u_e.g_mac[0].g_l2.u_l0.p1_sh[26][3]$_DFF_P_/D (DFFHQNx1_ASAP7_75t_R) 1352.21 1405.34  -53.14 (VIOLATED)
u_e.g_mac[1].g_l2.u_l0.p2_c[57]$_DFF_P_/D (DFFHQNx1_ASAP7_75t_R) 1369.27 1422.40  -53.12 (VIOLATED)
u_e.g_mac[0].g_l2.u_l0.p0_wq[225]$_DFF_P_/D (DFFHQNx1_ASAP7_75t_R) 1389.46 1442.51  -53.05 (VIOLATED)
u_e.g_mac[0].g_tr2.u_tree.x_above[59]$_DFF_P_/D (DFFHQNx1_ASAP7_75t_R) 1395.43 1448.39  -52.96 (VIOLATED)
u_e.g_mac[0].g_tr2.u_tree.held[55][0]$_DFFE_PP_/D (DFFHQNx1_ASAP7_75t_R) 1401.52 1454.48  -52.95 (VIOLATED)
u_e.g_mac[0].g_tr2.u_tree.held[72][16]$_DFFE_PP_/D (DFFHQNx1_ASAP7_75t_R) 1399.64 1452.59  -52.95 (VIOLATED)
u_e.g_mac[1].g_pp.cap0[27]$_DFFE_PP_/D (DFFHQNx1_ASAP7_75t_R) 1410.68 1463.63  -52.95 (VIOLATED)
u_e.g_mac[0].g_ch2.u_c0.u_add.u_c0.g_r.r[27]$_SDFF_PP0_/D (DFFHQNx1_ASAP7_75t_R) 1370.45 1423.38  -52.93 (VIOLATED)
u_e.g_mac[0].g_l2.u_l0.p2_c[72]$_DFF_P_/D (DFFHQNx1_ASAP7_75t_R) 1363.72 1416.63  -52.92 (VIOLATED)
u_e.g_mac[0].g_l2.u_l1.p0_wq[211]$_DFF_P_/D (DFFHQNx1_ASAP7_75t_R) 1380.37 1433.24  -52.87 (VIOLATED)
u_e.g_mac[0].g_l2.u_l0.p2_c[104]$_DFF_P_/D (DFFHQNx1_ASAP7_75t_R) 1359.61 1412.47  -52.85 (VIOLATED)
u_e.g_mac[0].g_tr2.u_tree.held[72][9]$_DFFE_PP_/D (DFFHQNx1_ASAP7_75t_R) 1402.73 1455.51  -52.78 (VIOLATED)
u_e.g_mac[0].g_tr2.u_tree.held[4][4]$_DFFE_PP_/D (DFFHQNx1_ASAP7_75t_R) 1404.38 1457.10  -52.72 (VIOLATED)
u_e.g_mac[0].g_tr2.u_tree.held[55][7]$_DFFE_PP_/D (DFFHQNx1_ASAP7_75t_R) 1401.49 1454.20  -52.71 (VIOLATED)
u_e.g_mac[0].g_tr2.u_tree.held[55][14]$_DFFE_PP_/D (DFFHQNx1_ASAP7_75t_R) 1399.72 1452.41  -52.69 (VIOLATED)
u_e.g_mac[1].g_ch2.u_c1.u_add.u_c0.g_r.r[2]$_SDFF_PP0_/D (DFFHQNx1_ASAP7_75t_R) 1360.16 1412.84  -52.68 (VIOLATED)
u_e.g_mac[1].g_l2.u_l0.p2_c[101]$_DFF_P_/D (DFFHQNx1_ASAP7_75t_R) 1362.72 1415.37  -52.66 (VIOLATED)
u_e.g_mac[0].g_tr2.u_tree.held[67][2]$_DFFE_PP_/D (DFFHQNx1_ASAP7_75t_R) 1403.52 1455.96  -52.44 (VIOLATED)
u_e.g_mac[1].g_l2.u_l0.p1_p[26][3]$_DFF_P_/D (DFFHQNx1_ASAP7_75t_R) 1364.84 1417.17  -52.32 (VIOLATED)
u_e.g_mac[1].g_l2.u_l1.p0_wq[2]$_DFF_P_/D (DFFHQNx1_ASAP7_75t_R) 1389.05 1441.36  -52.32 (VIOLATED)
u_e.g_mac[1].g_ch2.u_c0.u_add.u_c0.g_r.r[23]$_SDFF_PP0_/D (DFFHQNx1_ASAP7_75t_R) 1354.07 1406.36  -52.29 (VIOLATED)
u_e.g_mac[0].g_l2.u_l0.p2_c[136]$_DFF_P_/D (DFFHQNx1_ASAP7_75t_R) 1382.55 1434.78  -52.23 (VIOLATED)
u_e.g_mac[0].g_tr2.u_tree.have[9]$_DFFE_PN0P_/D (DFFASRHQNx1_ASAP7_75t_R) 1354.05 1406.28  -52.23 (VIOLATED)
u_e.g_mac[0].g_l2.u_l0.p2_c[231]$_DFF_P_/D (DFFHQNx1_ASAP7_75t_R) 1362.74 1414.91  -52.17 (VIOLATED)
u_e.g_mac[0].g_tr2.u_tree.held[13][16]$_DFFE_PP_/D (DFFHQNx1_ASAP7_75t_R) 1398.71 1450.85  -52.15 (VIOLATED)
u_e.g_mac[0].g_tr2.u_tree.held[14][5]$_DFFE_PP_/D (DFFHQNx1_ASAP7_75t_R) 1403.77 1455.89  -52.12 (VIOLATED)
u_e.g_mac[0].g_tr2.u_tree.held[42][14]$_DFFE_PP_/D (DFFHQNx1_ASAP7_75t_R) 1366.42 1418.48  -52.06 (VIOLATED)
u_e.g_mac[0].g_l2.u_l0.p2_c[175]$_DFF_P_/D (DFFHQNx1_ASAP7_75t_R) 1374.61 1426.66  -52.04 (VIOLATED)
u_e.g_mac[0].g_tr2.u_tree.x_oh[25]$_DFF_P_/D (DFFHQNx1_ASAP7_75t_R) 1399.26 1451.27  -52.01 (VIOLATED)
u_e.g_mac[1].g_l2.u_l1.p2_c[94]$_DFF_P_/D (DFFHQNx1_ASAP7_75t_R) 1357.05 1409.04  -51.99 (VIOLATED)
u_e.g_mac[1].g_l2.u_l0.p2_c[39]$_DFF_P_/D (DFFHQNx1_ASAP7_75t_R) 1348.54 1400.40  -51.85 (VIOLATED)
u_e.g_mac[0].g_l2.u_l0.p1_p[26][5]$_DFF_P_/D (DFFHQNx1_ASAP7_75t_R) 1373.16 1425.01  -51.85 (VIOLATED)
u_e.g_mac[0].g_tr2.u_tree.held[59][14]$_DFFE_PP_/D (DFFHQNx1_ASAP7_75t_R) 1397.53 1449.38  -51.85 (VIOLATED)
u_e.g_mac[0].g_tr2.u_tree.held[77][2]$_DFFE_PP_/D (DFFHQNx1_ASAP7_75t_R) 1402.79 1454.63  -51.85 (VIOLATED)
u_e.g_mac[1].g_l2.u_l0.p0_wq[128]$_DFF_P_/D (DFFHQNx1_ASAP7_75t_R) 1373.63 1425.47  -51.84 (VIOLATED)
u_e.g_mac[1].g_l2.u_l0.p0_wq[177]$_DFF_P_/D (DFFHQNx1_ASAP7_75t_R) 1362.24 1414.05  -51.81 (VIOLATED)
u_e.g_mac[0].g_l2.u_l0.p2_c[238]$_DFF_P_/D (DFFHQNx1_ASAP7_75t_R) 1373.92 1425.73  -51.80 (VIOLATED)
u_e.g_mac[1].g_l2.u_l1.p2_c[97]$_DFF_P_/D (DFFHQNx1_ASAP7_75t_R) 1354.17 1405.97  -51.79 (VIOLATED)
u_e.g_mac[0].g_tr2.u_tree.held[13][7]$_DFFE_PP_/D (DFFHQNx1_ASAP7_75t_R) 1398.92 1450.68  -51.76 (VIOLATED)
u_e.g_mac[0].g_tr2.u_tree.held[35][2]$_DFFE_PP_/D (DFFHQNx1_ASAP7_75t_R) 1404.69 1456.42  -51.73 (VIOLATED)
u_e.g_mac[0].g_l2.u_l0.p1_sh[30][4]$_DFF_P_/D (DFFHQNx1_ASAP7_75t_R) 1372.34 1424.00  -51.66 (VIOLATED)
u_e.g_mac[0].g_tr2.u_tree.held[19][4]$_DFFE_PP_/D (DFFHQNx1_ASAP7_75t_R) 1406.10 1457.75  -51.66 (VIOLATED)
u_e.g_mac[1].g_l2.u_l0.p1_sh[15][2]$_DFF_P_/D (DFFHQNx1_ASAP7_75t_R) 1372.26 1423.84  -51.58 (VIOLATED)
u_e.w_pos[1]$_SDFFCE_PP0P_/D (DFFHQNx1_ASAP7_75t_R) 1395.97 1447.54  -51.58 (VIOLATED)
u_e.g_mac[0].g_tr2.u_tree.held[19][6]$_DFFE_PP_/D (DFFHQNx1_ASAP7_75t_R) 1404.47 1456.04  -51.58 (VIOLATED)
u_e.g_mac[1].g_l2.u_l0.p0_we[1]$_DFF_P_/D (DFFHQNx1_ASAP7_75t_R) 1362.99 1414.55  -51.56 (VIOLATED)
u_e.g_mac[0].g_tr2.u_tree.held[59][16]$_DFFE_PP_/D (DFFHQNx1_ASAP7_75t_R) 1397.66 1449.21  -51.55 (VIOLATED)
u_e.g_mac[0].g_l2.u_l0.p1_sh[20][4]$_DFF_P_/D (DFFHQNx1_ASAP7_75t_R) 1362.86 1414.36  -51.51 (VIOLATED)
u_e.g_mac[0].g_tr2.u_tree.held[24][20]$_DFFE_PP_/D (DFFHQNx1_ASAP7_75t_R) 1365.03 1416.54  -51.51 (VIOLATED)
u_e.g_mac[0].g_tr2.u_tree.held[53][6]$_DFFE_PP_/D (DFFHQNx1_ASAP7_75t_R) 1399.35 1450.82  -51.47 (VIOLATED)
u_e.g_mac[1].g_ch2.u_c0.u_add.u_c0.g_r.r[27]$_SDFF_PP0_/D (DFFHQNx1_ASAP7_75t_R) 1354.86 1406.32  -51.47 (VIOLATED)
u_e.g_mac[1].g_l2.u_l0.p1_sh[10][1]$_DFF_P_/D (DFFHQNx1_ASAP7_75t_R) 1359.28 1410.72  -51.44 (VIOLATED)
u_e.g_mac[0].g_tr2.u_tree.held[14][7]$_DFFE_PP_/D (DFFHQNx1_ASAP7_75t_R) 1404.97 1456.40  -51.43 (VIOLATED)
u_e.g_mac[0].g_tr2.u_tree.held[67][6]$_DFFE_PP_/D (DFFHQNx1_ASAP7_75t_R) 1401.52 1452.89  -51.38 (VIOLATED)
u_e.g_mac[1].g_l2.u_l0.p0_wq[53]$_SDFF_PP0_/D (DFFHQNx2_ASAP7_75t_R) 1354.84 1406.19  -51.36 (VIOLATED)
u_e.g_mac[1].g_l2.u_l0.p2_c[196]$_DFF_P_/D (DFFHQNx1_ASAP7_75t_R) 1363.26 1414.57  -51.31 (VIOLATED)
u_e.g_mac[1].g_l2.u_l1.p2_c[102]$_DFF_P_/D (DFFHQNx1_ASAP7_75t_R) 1363.61 1414.87  -51.26 (VIOLATED)
u_e.g_mac[0].g_tr2.u_tree.held[78][16]$_DFFE_PP_/D (DFFHQNx1_ASAP7_75t_R) 1397.87 1449.12  -51.26 (VIOLATED)
u_e.g_mac[0].g_tr2.u_tree.have[6]$_DFFE_PN0P_/D (DFFASRHQNx1_ASAP7_75t_R) 1353.52 1404.77  -51.24 (VIOLATED)
u_e.g_mac[0].g_tr2.u_tree.add_a[12]$_DFF_P_/D (DFFHQNx1_ASAP7_75t_R) 1384.40 1435.64  -51.23 (VIOLATED)
u_e.g_mac[1].g_l2.u_l0.p2_c[46]$_DFF_P_/D (DFFHQNx1_ASAP7_75t_R) 1349.73 1400.96  -51.23 (VIOLATED)
u_e.g_mac[0].g_tr2.u_tree.infl[3][0]$_DFF_PN0_/D (DFFASRHQNx1_ASAP7_75t_R) 1425.36 1476.54  -51.17 (VIOLATED)
u_e.g_mac[1].g_ch2.u_c1.u_add.u_c0.g_r.r[22]$_SDFF_PP0_/D (DFFHQNx1_ASAP7_75t_R) 1362.98 1414.11  -51.12 (VIOLATED)
u_e.g_mac[0].g_l2.u_l0.p0_wq[144]$_DFF_P_/D (DFFHQNx1_ASAP7_75t_R) 1370.68 1421.79  -51.11 (VIOLATED)
u_e.g_mac[1].g_l2.u_l1.p0_wq[72]$_DFF_P_/D (DFFHQNx2_ASAP7_75t_R) 1369.19 1420.29  -51.11 (VIOLATED)
u_e.g_mac[0].g_l2.u_l0.p1_sh[16][3]$_DFF_P_/D (DFFHQNx1_ASAP7_75t_R) 1360.90 1411.98  -51.07 (VIOLATED)
u_e.g_mac[0].g_tr2.u_tree.add_a[24]$_DFF_P_/D (DFFHQNx1_ASAP7_75t_R) 1384.00 1434.97  -50.97 (VIOLATED)
u_e.g_mac[0].g_tr2.u_tree.held[19][5]$_DFFE_PP_/D (DFFHQNx1_ASAP7_75t_R) 1405.94 1456.88  -50.94 (VIOLATED)
u_e.g_mac[0].g_tr2.u_tree.x_above[27]$_DFF_P_/D (DFFHQNx1_ASAP7_75t_R) 1387.73 1438.64  -50.91 (VIOLATED)
u_e.g_mac[0].g_l2.u_l0.p2_c[108]$_DFF_P_/D (DFFHQNx1_ASAP7_75t_R) 1360.17 1411.05  -50.88 (VIOLATED)
u_e.g_mac[0].g_tr2.u_tree.held[24][14]$_DFFE_PP_/D (DFFHQNx1_ASAP7_75t_R) 1380.12 1430.96  -50.85 (VIOLATED)
u_e.g_mac[0].g_tr2.u_tree.held[2][17]$_DFFE_PP_/D (DFFHQNx1_ASAP7_75t_R) 1366.98 1417.80  -50.82 (VIOLATED)
u_e.g_mac[0].g_l2.u_l0.p1_sh[15][3]$_DFF_P_/D (DFFHQNx1_ASAP7_75t_R) 1362.26 1413.07  -50.81 (VIOLATED)
u_e.g_mac[0].g_tr2.u_tree.held[34][31]$_DFFE_PP_/D (DFFHQNx1_ASAP7_75t_R) 1404.06 1454.86  -50.80 (VIOLATED)
u_e.g_mac[0].g_tr2.u_tree.held[1][8]$_DFFE_PP_/D (DFFHQNx1_ASAP7_75t_R) 1405.02 1455.74  -50.72 (VIOLATED)
u_e.g_mac[0].g_tr2.u_tree.add_a[8]$_DFF_P_/D (DFFHQNx1_ASAP7_75t_R) 1374.21 1424.88  -50.67 (VIOLATED)
u_e.g_mac[0].g_tr2.u_tree.held[13][0]$_DFFE_PP_/D (DFFHQNx1_ASAP7_75t_R) 1399.43 1450.05  -50.62 (VIOLATED)
u_e.g_mac[0].g_tr2.u_tree.held[27][31]$_DFFE_PP_/D (DFFHQNx1_ASAP7_75t_R) 1399.26 1449.84  -50.58 (VIOLATED)
u_e.g_mac[0].g_l2.u_l1.p0_wq[88]$_DFF_P_/D (DFFHQNx1_ASAP7_75t_R) 1387.78 1438.33  -50.55 (VIOLATED)
u_e.g_mac[0].g_l2.u_l0.p2_c[18]$_DFF_P_/D (DFFHQNx1_ASAP7_75t_R) 1357.69 1408.23  -50.54 (VIOLATED)
u_e.g_mac[0].g_tr2.u_tree.held[55][9]$_DFFE_PP_/D (DFFHQNx1_ASAP7_75t_R) 1401.98 1452.49  -50.50 (VIOLATED)
u_e.g_mac[0].g_tr2.u_tree.x_oh[9]$_DFF_P_/D (DFFHQNx1_ASAP7_75t_R) 1361.87 1412.34  -50.47 (VIOLATED)
u_e.g_mac[0].g_tr2.u_tree.held[35][31]$_DFFE_PP_/D (DFFHQNx1_ASAP7_75t_R) 1403.26 1453.70  -50.44 (VIOLATED)
u_e.g_mac[0].g_l2.u_l0.p2_c[150]$_DFF_P_/D (DFFHQNx1_ASAP7_75t_R) 1372.52 1422.96  -50.43 (VIOLATED)
u_e.g_mac[0].g_tr2.u_tree.held[41][2]$_DFFE_PP_/D (DFFHQNx1_ASAP7_75t_R) 1404.01 1454.43  -50.42 (VIOLATED)
u_e.g_mac[0].g_tr2.u_tree.held[72][7]$_DFFE_PP_/D (DFFHQNx1_ASAP7_75t_R) 1404.45 1454.84  -50.39 (VIOLATED)
u_e.g_mac[0].g_tr2.u_tree.held[45][16]$_DFFE_PP_/D (DFFHQNx1_ASAP7_75t_R) 1368.12 1418.49  -50.37 (VIOLATED)
u_e.g_mac[0].g_tr2.u_tree.held[54][16]$_DFFE_PP_/D (DFFHQNx1_ASAP7_75t_R) 1396.47 1446.77  -50.30 (VIOLATED)
u_e.g_mac[0].g_l2.u_l1.p2_c[182]$_DFF_P_/D (DFFHQNx1_ASAP7_75t_R) 1368.33 1418.60  -50.27 (VIOLATED)
u_e.g_mac[1].g_l2.u_l0.p1_sh[16][2]$_DFF_P_/D (DFFHQNx1_ASAP7_75t_R) 1360.06 1410.32  -50.27 (VIOLATED)
u_e.g_mac[0].g_l2.u_l0.p2_c[173]$_DFF_P_/D (DFFHQNx1_ASAP7_75t_R) 1375.10 1425.32  -50.22 (VIOLATED)
u_e.g_mac[1].g_l2.u_l0.p1_sh[26][2]$_DFF_P_/D (DFFHQNx1_ASAP7_75t_R) 1362.89 1413.06  -50.17 (VIOLATED)
u_e.g_mac[1].g_l2.u_l0.p2_c[61]$_DFF_P_/D (DFFHQNx1_ASAP7_75t_R) 1372.56 1422.65  -50.09 (VIOLATED)
u_e.g_mac[0].g_l2.u_l0.p2_c[120]$_DFF_P_/D (DFFHQNx1_ASAP7_75t_R) 1357.19 1407.24  -50.05 (VIOLATED)
u_e.g_mac[0].g_tr2.u_tree.x_above[38]$_DFF_P_/D (DFFHQNx1_ASAP7_75t_R) 1392.17 1442.18  -50.01 (VIOLATED)
u_e.g_mac[1].g_l2.u_l1.p0_we[6]$_DFF_P_/D (DFFHQNx1_ASAP7_75t_R) 1363.84 1413.85  -50.00 (VIOLATED)
u_e.g_qt_hit.g_hc[2].d_q[1]$_SDFFE_PP0P_/D (DFFHQNx1_ASAP7_75t_R) 1398.49 1448.49  -50.00 (VIOLATED)
u_e.g_mac[0].g_tr2.u_tree.held[45][0]$_DFFE_PP_/D (DFFHQNx1_ASAP7_75t_R) 1367.19 1417.18  -49.98 (VIOLATED)
u_e.g_mac[0].g_tr2.u_tree.held[71][2]$_DFFE_PP_/D (DFFHQNx1_ASAP7_75t_R) 1404.43 1454.41  -49.97 (VIOLATED)
u_e.g_mac[1].g_l2.u_l0.p2_c[181]$_DFF_P_/D (DFFHQNx1_ASAP7_75t_R) 1360.81 1410.77  -49.95 (VIOLATED)
u_e.g_mac[0].g_tr2.u_tree.held[49][6]$_DFFE_PP_/D (DFFHQNx1_ASAP7_75t_R) 1402.82 1452.76  -49.94 (VIOLATED)
u_e.g_mac[0].g_l2.u_l0.p2_c[90]$_DFF_P_/D (DFFHQNx1_ASAP7_75t_R) 1369.88 1419.76  -49.87 (VIOLATED)
u_e.g_mac[1].g_l2.u_l1.p2_c[69]$_DFF_P_/D (DFFHQNx1_ASAP7_75t_R) 1375.12 1424.99  -49.86 (VIOLATED)
u_e.g_mac[0].g_tr2.u_tree.held[2][15]$_DFFE_PP_/D (DFFHQNx1_ASAP7_75t_R) 1361.21 1411.06  -49.85 (VIOLATED)
u_e.g_mac[1].g_l2.u_l0.p1_sh[6][3]$_DFF_P_/D (DFFHQNx1_ASAP7_75t_R) 1367.05 1416.89  -49.84 (VIOLATED)
u_e.g_mac[0].g_tr2.u_tree.held[41][8]$_DFFE_PP_/D (DFFHQNx1_ASAP7_75t_R) 1403.44 1453.27  -49.83 (VIOLATED)
u_e.g_mac[0].g_l2.u_l0.p0_wq[231]$_SDFF_PP0_/D (DFFHQNx1_ASAP7_75t_R) 1386.40 1436.22  -49.82 (VIOLATED)
u_e.g_mac[0].g_tr2.u_tree.held[0][11]$_DFFE_PP_/D (DFFHQNx1_ASAP7_75t_R) 1404.63 1454.39  -49.76 (VIOLATED)
u_e.g_mac[0].g_tr2.u_tree.held[43][29]$_DFFE_PP_/D (DFFHQNx1_ASAP7_75t_R) 1365.09 1414.84  -49.76 (VIOLATED)
u_e.g_mac[0].g_tr2.u_tree.held[71][6]$_DFFE_PP_/D (DFFHQNx1_ASAP7_75t_R) 1402.59 1452.33  -49.74 (VIOLATED)
u_e.g_mac[0].g_tr2.u_tree.held[43][7]$_DFFE_PP_/D (DFFHQNx1_ASAP7_75t_R) 1405.55 1455.26  -49.71 (VIOLATED)
u_e.g_mac[0].g_l2.u_l1.p2_c[177]$_DFF_P_/D (DFFHQNx1_ASAP7_75t_R) 1367.45 1417.13  -49.68 (VIOLATED)
u_e.g_mac[0].g_tr2.u_tree.held[34][2]$_DFFE_PP_/D (DFFHQNx1_ASAP7_75t_R) 1405.25 1454.88  -49.63 (VIOLATED)
u_e.g_mac[0].g_l2.u_l0.p2_c[114]$_DFF_P_/D (DFFHQNx1_ASAP7_75t_R) 1372.95 1422.58  -49.62 (VIOLATED)
u_e.g_mac[0].g_tr2.u_tree.held[29][7]$_DFFE_PP_/D (DFFHQNx1_ASAP7_75t_R) 1368.54 1418.12  -49.58 (VIOLATED)
u_e.g_mac[1].g_ch2.u_c1.u_add.u_c8.g_r.r[6]$_DFF_P_/D (DFFHQNx1_ASAP7_75t_R) 1359.00 1408.56  -49.56 (VIOLATED)
u_e.g_mac[0].g_tr2.u_tree.held[14][11]$_DFFE_PP_/D (DFFHQNx1_ASAP7_75t_R) 1406.45 1455.99  -49.54 (VIOLATED)
u_e.g_mac[0].g_tr2.u_tree.held[71][31]$_DFFE_PP_/D (DFFHQNx1_ASAP7_75t_R) 1402.13 1451.61  -49.49 (VIOLATED)
u_e.g_mac[0].g_tr2.u_tree.held[56][7]$_DFFE_PP_/D (DFFHQNx1_ASAP7_75t_R) 1399.46 1448.90  -49.44 (VIOLATED)
u_e.g_mac[0].g_tr2.u_tree.held[62][2]$_DFFE_PP_/D (DFFHQNx1_ASAP7_75t_R) 1403.31 1452.75  -49.44 (VIOLATED)
u_e.g_mac[0].g_tr2.u_tree.held[1][14]$_DFFE_PP_/D (DFFHQNx1_ASAP7_75t_R) 1413.89 1463.28  -49.38 (VIOLATED)
u_e.g_mac[0].g_tr2.u_tree.held[0][0]$_DFFE_PP_/D (DFFHQNx1_ASAP7_75t_R) 1399.83 1449.20  -49.37 (VIOLATED)
u_e.g_mac[1].g_l2.u_l0.p1_p[4][6]$_DFF_P_/D (DFFHQNx1_ASAP7_75t_R) 1387.44 1436.80  -49.36 (VIOLATED)
u_e.g_mac[0].g_l2.u_l0.p2_c[232]$_DFF_P_/D (DFFHQNx1_ASAP7_75t_R) 1376.13 1425.47  -49.34 (VIOLATED)
u_e.g_mac[0].g_tr2.u_tree.held[63][14]$_DFFE_PP_/D (DFFHQNx1_ASAP7_75t_R) 1399.98 1449.28  -49.29 (VIOLATED)
u_e.g_mac[0].g_tr2.u_tree.held[6][10]$_DFFE_PP_/D (DFFHQNx1_ASAP7_75t_R) 1423.76 1473.04  -49.28 (VIOLATED)
u_e.w_cnt[2]$_SDFFCE_PP0P_/D (DFFHQNx1_ASAP7_75t_R) 1397.84 1447.10  -49.26 (VIOLATED)
u_e.g_mac[0].g_tr2.u_tree.held[67][16]$_DFFE_PP_/D (DFFHQNx1_ASAP7_75t_R) 1396.76 1446.02  -49.25 (VIOLATED)
u_e.g_mac[0].g_tr2.u_tree.held[72][0]$_DFFE_PP_/D (DFFHQNx1_ASAP7_75t_R) 1399.78 1449.02  -49.24 (VIOLATED)
u_e.g_mac[0].g_l2.u_l0.p2_c[235]$_DFF_P_/D (DFFHQNx1_ASAP7_75t_R) 1375.44 1424.66  -49.23 (VIOLATED)
u_e.g_mac[0].g_tr2.u_tree.held[56][16]$_DFFE_PP_/D (DFFHQNx1_ASAP7_75t_R) 1399.07 1448.24  -49.18 (VIOLATED)
u_e.g_mac[0].g_tr2.u_tree.held[29][9]$_DFFE_PP_/D (DFFHQNx1_ASAP7_75t_R) 1365.37 1414.54  -49.17 (VIOLATED)
u_e.g_mac[1].g_tr2.u_tree.infl[8][0]$_DFF_PN0_/D (DFFASRHQNx1_ASAP7_75t_R) 1371.26 1420.42  -49.15 (VIOLATED)
u_e.g_mac[0].g_l2.u_l0.p1_p[27][3]$_DFF_P_/D (DFFHQNx1_ASAP7_75t_R) 1357.64 1406.78  -49.14 (VIOLATED)
u_e.g_mac[0].g_l2.u_l1.p0_wq[241]$_DFF_P_/D (DFFHQNx1_ASAP7_75t_R) 1337.96 1387.07  -49.11 (VIOLATED)
u_e.g_mac[0].g_tr2.u_tree.have[28]$_DFFE_PN0P_/D (DFFASRHQNx1_ASAP7_75t_R) 1355.57 1404.65  -49.08 (VIOLATED)
u_e.g_mac[1].g_l2.u_l1.p0_wq[130]$_DFF_P_/D (DFFHQNx1_ASAP7_75t_R) 1360.45 1409.52  -49.07 (VIOLATED)
u_e.g_mac[0].g_tr2.u_tree.held[29][6]$_DFFE_PP_/D (DFFHQNx1_ASAP7_75t_R) 1365.88 1414.94  -49.06 (VIOLATED)
u_e.g_mac[0].g_tr2.u_tree.held[27][6]$_DFFE_PP_/D (DFFHQNx1_ASAP7_75t_R) 1400.09 1449.16  -49.06 (VIOLATED)
u_e.g_mac[0].g_tr2.u_tree.held[35][14]$_DFFE_PP_/D (DFFHQNx1_ASAP7_75t_R) 1404.64 1453.69  -49.05 (VIOLATED)
u_e.g_mac[0].g_l2.u_l0.p0_wq[227]$_DFF_P_/D (DFFHQNx1_ASAP7_75t_R) 1392.32 1441.37  -49.05 (VIOLATED)
u_e.g_mac[0].g_l2.u_l0.p2_c[145]$_DFF_P_/D (DFFHQNx1_ASAP7_75t_R) 1349.16 1398.21  -49.05 (VIOLATED)
u_e.g_mac[1].g_l2.u_l0.p1_sh[29][3]$_DFF_P_/D (DFFHQNx2_ASAP7_75t_R) 1374.75 1423.79  -49.04 (VIOLATED)
u_e.g_mac[0].g_l2.u_l0.p2_c[64]$_DFF_P_/D (DFFHQNx1_ASAP7_75t_R) 1367.38 1416.37  -49.00 (VIOLATED)
u_e.g_mac[0].g_tr2.u_tree.held[70][5]$_DFFE_PP_/D (DFFHQNx1_ASAP7_75t_R) 1403.82 1452.78  -48.96 (VIOLATED)
u_e.g_mac[0].g_l2.u_l0.p2_c[91]$_DFF_P_/D (DFFHQNx1_ASAP7_75t_R) 1359.90 1408.84  -48.94 (VIOLATED)
u_e.g_mac[0].g_l2.u_l0.p2_c[143]$_DFF_P_/D (DFFHQNx1_ASAP7_75t_R) 1363.44 1412.38  -48.94 (VIOLATED)
u_e.g_mac[0].g_tr2.u_tree.held[6][3]$_DFFE_PP_/D (DFFHQNx1_ASAP7_75t_R) 1423.86 1472.74  -48.88 (VIOLATED)
u_e.g_mac[0].g_l2.u_l0.p2_c[70]$_DFF_P_/D (DFFHQNx1_ASAP7_75t_R) 1353.50 1402.37  -48.87 (VIOLATED)
u_e.g_mac[0].g_tr2.u_tree.held[55][5]$_DFFE_PP_/D (DFFHQNx1_ASAP7_75t_R) 1403.98 1452.84  -48.86 (VIOLATED)
u_e.g_mac[0].g_l2.u_l0.p2_c[74]$_DFF_P_/D (DFFHQNx1_ASAP7_75t_R) 1350.45 1399.27  -48.82 (VIOLATED)
u_e.g_mac[0].g_l2.u_l0.p2_c[1]$_DFF_P_/D (DFFHQNx1_ASAP7_75t_R) 1361.63 1410.45  -48.82 (VIOLATED)
u_e.g_mac[0].g_tr2.u_tree.held[68][14]$_DFFE_PP_/D (DFFHQNx1_ASAP7_75t_R) 1400.81 1449.62  -48.81 (VIOLATED)
u_e.g_mac[1].g_ch2.u_c1.u_add.u_c8.g_r.r[8]$_DFF_P_/D (DFFHQNx2_ASAP7_75t_R) 1359.06 1407.86  -48.80 (VIOLATED)
u_e.g_mac[1].g_l2.u_l0.p2_c[47]$_DFF_P_/D (DFFHQNx1_ASAP7_75t_R) 1365.05 1413.85  -48.80 (VIOLATED)
u_e.g_qt_hit.g_hc[2].d_q[0]$_SDFFE_PP0P_/D (DFFHQNx1_ASAP7_75t_R) 1399.04 1447.84  -48.80 (VIOLATED)
u_e.g_mac[1].g_l2.u_l0.p2_c[81]$_DFF_P_/D (DFFHQNx1_ASAP7_75t_R) 1365.56 1414.30  -48.74 (VIOLATED)
u_e.g_mac[0].g_tr2.u_tree.held[1][0]$_DFFE_PP_/D (DFFHQNx1_ASAP7_75t_R) 1413.30 1461.98  -48.68 (VIOLATED)
u_e.g_mac[1].g_l2.u_l1.p2_c[113]$_DFF_P_/D (DFFHQNx1_ASAP7_75t_R) 1361.16 1409.77  -48.61 (VIOLATED)
u_e.g_mac[1].g_l2.u_l0.p1_p[8][3]$_DFF_P_/D (DFFHQNx1_ASAP7_75t_R) 1353.32 1401.92  -48.60 (VIOLATED)
u_e.g_mac[0].g_l2.u_l0.p1_p[26][7]$_DFF_P_/D (DFFHQNx1_ASAP7_75t_R) 1373.01 1421.60  -48.59 (VIOLATED)
u_e.g_mac[0].g_tr2.u_tree.held[41][11]$_DFFE_PP_/D (DFFHQNx1_ASAP7_75t_R) 1403.40 1451.98  -48.57 (VIOLATED)
u_e.g_mac[0].g_tr2.u_tree.herr[64]$_DFFE_PN0P_/D (DFFASRHQNx1_ASAP7_75t_R) 1350.23 1398.80  -48.57 (VIOLATED)
u_e.g_mac[0].g_l2.u_l0.p1_sh[29][4]$_DFF_P_/D (DFFHQNx1_ASAP7_75t_R) 1365.76 1414.28  -48.52 (VIOLATED)
u_e.g_mac[0].g_tr2.u_tree.held[53][9]$_DFFE_PP_/D (DFFHQNx1_ASAP7_75t_R) 1401.94 1450.46  -48.51 (VIOLATED)
u_e.g_mac[0].g_tr2.u_tree.held[67][9]$_DFFE_PP_/D (DFFHQNx1_ASAP7_75t_R) 1405.08 1453.58  -48.50 (VIOLATED)
u_e.g_mac[0].g_tr2.u_tree.have[30]$_DFFE_PN0P_/D (DFFASRHQNx1_ASAP7_75t_R) 1353.10 1401.59  -48.49 (VIOLATED)
u_e.g_mac[0].g_tr2.u_tree.held[3][14]$_DFFE_PP_/D (DFFHQNx1_ASAP7_75t_R) 1399.03 1447.51  -48.48 (VIOLATED)
u_e.g_mac[1].g_tr2.u_tree.infl[10][0]$_DFF_PN0_/D (DFFASRHQNx1_ASAP7_75t_R) 1371.52 1419.97  -48.45 (VIOLATED)
u_e.g_mac[0].g_tr2.u_tree.held[59][6]$_DFFE_PP_/D (DFFHQNx1_ASAP7_75t_R) 1400.05 1448.47  -48.42 (VIOLATED)
u_e.g_mac[0].g_l2.u_l0.p1_p[17][4]$_DFF_P_/D (DFFHQNx1_ASAP7_75t_R) 1368.66 1417.08  -48.41 (VIOLATED)
u_e.g_mac[0].g_l2.u_l0.p2_c[110]$_DFF_P_/D (DFFHQNx1_ASAP7_75t_R) 1360.64 1409.04  -48.41 (VIOLATED)
u_e.g_mac[0].g_tr2.u_tree.held[49][2]$_DFFE_PP_/D (DFFHQNx1_ASAP7_75t_R) 1402.79 1451.18  -48.39 (VIOLATED)
u_e.g_mac[0].g_tr2.u_tree.add_a[30]$_DFF_P_/D (DFFHQNx1_ASAP7_75t_R) 1382.77 1431.11  -48.34 (VIOLATED)
u_e.g_mac[1].g_l2.u_l0.p2_c[182]$_DFF_P_/D (DFFHQNx1_ASAP7_75t_R) 1362.11 1410.45  -48.34 (VIOLATED)
u_e.g_mac[0].g_tr2.u_tree.held[2][19]$_DFFE_PP_/D (DFFHQNx1_ASAP7_75t_R) 1368.83 1417.14  -48.31 (VIOLATED)
u_e.g_mac[0].g_tr2.u_tree.add_a[11]$_DFF_P_/D (DFFHQNx1_ASAP7_75t_R) 1373.73 1422.03  -48.30 (VIOLATED)
u_e.g_mac[0].g_tr2.u_tree.herr[70]$_DFFE_PN0P_/D (DFFASRHQNx1_ASAP7_75t_R) 1350.89 1399.18  -48.29 (VIOLATED)
u_e.g_mac[1].g_l2.u_l0.p1_sh[24][3]$_DFF_P_/D (DFFHQNx2_ASAP7_75t_R) 1366.41 1414.70  -48.29 (VIOLATED)
u_e.g_mac[0].g_tr2.u_tree.held[0][2]$_DFFE_PP_/D (DFFHQNx1_ASAP7_75t_R) 1405.62 1453.86  -48.24 (VIOLATED)
u_e.g_mac[0].g_l2.u_l1.p2_c[199]$_DFF_P_/D (DFFHQNx1_ASAP7_75t_R) 1375.34 1423.56  -48.22 (VIOLATED)
u_e.g_mac[0].g_tr2.u_tree.held[8][16]$_DFFE_PP_/D (DFFHQNx1_ASAP7_75t_R) 1396.53 1444.71  -48.18 (VIOLATED)
u_e.g_mac[0].g_tr2.u_tree.held[55][6]$_DFFE_PP_/D (DFFHQNx1_ASAP7_75t_R) 1405.03 1453.18  -48.15 (VIOLATED)
u_e.g_mac[0].g_tr2.u_tree.held[63][0]$_DFFE_PP_/D (DFFHQNx1_ASAP7_75t_R) 1397.82 1445.89  -48.07 (VIOLATED)
u_e.g_mac[0].g_tr2.u_tree.held[71][9]$_DFFE_PP_/D (DFFHQNx1_ASAP7_75t_R) 1401.89 1449.96  -48.06 (VIOLATED)
u_e.g_qt_hit.g_hc[2].d_c[2]$_DFFE_PP_/D (DFFHQNx1_ASAP7_75t_R) 1399.82 1447.86  -48.05 (VIOLATED)
u_e.g_mac[1].g_l2.u_l0.p2_c[55]$_DFF_P_/D (DFFHQNx1_ASAP7_75t_R) 1373.42 1421.47  -48.05 (VIOLATED)
u_e.g_mac[0].g_l2.u_l0.p2_c[103]$_DFF_P_/D (DFFHQNx1_ASAP7_75t_R) 1355.57 1403.61  -48.05 (VIOLATED)
u_e.g_mac[0].g_tr2.u_tree.held[67][31]$_DFFE_PP_/D (DFFHQNx1_ASAP7_75t_R) 1405.71 1453.75  -48.04 (VIOLATED)
u_e.g_mac[0].g_tr2.u_tree.have[52]$_DFFE_PN0P_/D (DFFASRHQNx1_ASAP7_75t_R) 1387.57 1435.60  -48.03 (VIOLATED)
u_e.g_mac[0].g_tr2.u_tree.held[0][27]$_DFFE_PP_/D (DFFHQNx1_ASAP7_75t_R) 1364.87 1412.88  -48.00 (VIOLATED)
fault (output)                        966.00 1013.98  -47.98 (VIOLATED)
u_e.g_mac[1].g_l2.u_l1.p0_wq[81]$_DFF_P_/D (DFFHQNx1_ASAP7_75t_R) 1369.16 1417.14  -47.98 (VIOLATED)
u_e.g_mac[0].g_l2.u_l0.p0_wq[146]$_DFF_P_/D (DFFHQNx1_ASAP7_75t_R) 1371.22 1419.14  -47.92 (VIOLATED)
u_e.g_mac[0].g_tr2.u_tree.held[49][7]$_DFFE_PP_/D (DFFHQNx1_ASAP7_75t_R) 1404.49 1452.34  -47.85 (VIOLATED)
u_e.g_mac[1].g_l2.u_l1.p0_we[8]$_DFF_P_/D (DFFHQNx1_ASAP7_75t_R) 1361.55 1409.37  -47.82 (VIOLATED)
u_e.g_mac[1].g_l2.u_l0.p2_c[201]$_DFF_P_/D (DFFHQNx1_ASAP7_75t_R) 1366.42 1414.22  -47.80 (VIOLATED)
u_e.g_mac[1].g_l2.u_l0.p2_c[198]$_DFF_P_/D (DFFHQNx1_ASAP7_75t_R) 1363.81 1411.59  -47.78 (VIOLATED)
u_e.g_mac[1].g_l2.u_l0.p2_c[114]$_DFF_P_/D (DFFHQNx1_ASAP7_75t_R) 1358.08 1405.82  -47.75 (VIOLATED)
u_e.g_mac[0].g_tr2.u_tree.held[66][9]$_DFFE_PP_/D (DFFHQNx1_ASAP7_75t_R) 1364.23 1411.96  -47.73 (VIOLATED)
u_e.g_mac[0].g_tr2.u_tree.held[75][9]$_DFFE_PP_/D (DFFHQNx1_ASAP7_75t_R) 1366.38 1414.07  -47.69 (VIOLATED)
u_e.g_mac[0].g_tr2.u_tree.held[70][11]$_DFFE_PP_/D (DFFHQNx1_ASAP7_75t_R) 1404.51 1452.18  -47.67 (VIOLATED)
u_e.g_mac[0].g_tr2.u_tree.held[3][16]$_DFFE_PP_/D (DFFHQNx1_ASAP7_75t_R) 1398.95 1446.56  -47.61 (VIOLATED)
u_e.g_mac[0].g_tr2.u_tree.have[3]$_DFFE_PN0P_/D (DFFASRHQNx1_ASAP7_75t_R) 1355.99 1403.56  -47.58 (VIOLATED)
u_e.g_mac[0].g_tr2.u_tree.held[72][14]$_DFFE_PP_/D (DFFHQNx1_ASAP7_75t_R) 1404.66 1452.21  -47.56 (VIOLATED)
u_e.g_mac[0].g_tr2.u_tree.held[56][5]$_DFFE_PP_/D (DFFHQNx1_ASAP7_75t_R) 1418.32 1465.86  -47.54 (VIOLATED)
u_e.g_mac[0].g_tr2.u_tree.held[63][7]$_DFFE_PP_/D (DFFHQNx1_ASAP7_75t_R) 1399.49 1447.01  -47.52 (VIOLATED)
u_e.g_mac[0].g_tr2.u_tree.held[6][12]$_DFFE_PP_/D (DFFHQNx1_ASAP7_75t_R) 1423.82 1471.28  -47.46 (VIOLATED)
u_e.g_mac[1].g_l2.u_l0.p0_wq[210]$_DFF_P_/D (DFFHQNx1_ASAP7_75t_R) 1356.47 1403.90  -47.43 (VIOLATED)
u_e.g_mac[1].g_l2.u_l0.p1_sh[5][2]$_DFF_P_/D (DFFHQNx1_ASAP7_75t_R) 1382.90 1430.32  -47.42 (VIOLATED)
u_e.g_mac[1].g_l2.u_l1.p2_c[91]$_DFF_P_/D (DFFHQNx1_ASAP7_75t_R) 1372.42 1419.83  -47.41 (VIOLATED)
u_e.g_mac[0].g_tr2.u_tree.held[2][23]$_DFFE_PP_/D (DFFHQNx1_ASAP7_75t_R) 1365.48 1412.82  -47.33 (VIOLATED)
u_e.g_mac[0].g_l2.u_l0.p2_c[154]$_DFF_P_/D (DFFHQNx1_ASAP7_75t_R) 1371.09 1418.40  -47.31 (VIOLATED)
u_e.g_mac[0].g_tr2.u_tree.held[21][0]$_DFFE_PP_/D (DFFHQNx1_ASAP7_75t_R) 1367.17 1414.40  -47.23 (VIOLATED)
u_e.g_mac[1].g_l2.u_l0.p0_wq[211]$_DFF_P_/D (DFFHQNx1_ASAP7_75t_R) 1356.51 1403.73  -47.22 (VIOLATED)
u_e.g_mac[0].g_tr2.u_tree.held[21][6]$_DFFE_PP_/D (DFFHQNx1_ASAP7_75t_R) 1366.57 1413.79  -47.22 (VIOLATED)
u_e.g_mac[1].g_tr2.u_tree.infl[2][0]$_DFF_PN0_/D (DFFASRHQNx1_ASAP7_75t_R) 1371.54 1418.76  -47.22 (VIOLATED)
u_e.g_mac[0].g_tr2.u_tree.held[30][2]$_DFFE_PP_/D (DFFHQNx1_ASAP7_75t_R) 1401.30 1448.51  -47.21 (VIOLATED)
u_e.g_mac[0].g_tr2.u_tree.held[46][9]$_DFFE_PP_/D (DFFHQNx1_ASAP7_75t_R) 1399.11 1446.32  -47.21 (VIOLATED)
u_e.g_mac[0].g_tr2.u_tree.x_above[11]$_DFF_P_/D (DFFHQNx1_ASAP7_75t_R) 1393.54 1440.74  -47.20 (VIOLATED)
u_e.g_mac[0].g_tr2.u_tree.held[71][11]$_DFFE_PP_/D (DFFHQNx1_ASAP7_75t_R) 1404.01 1451.21  -47.19 (VIOLATED)
u_e.g_mac[0].g_tr2.u_tree.held[30][31]$_DFFE_PP_/D (DFFHQNx1_ASAP7_75t_R) 1400.32 1447.50  -47.18 (VIOLATED)
u_e.g_mac[0].g_tr2.u_tree.held[18][6]$_DFFE_PP_/D (DFFHQNx1_ASAP7_75t_R) 1400.61 1447.77  -47.16 (VIOLATED)
u_e.g_mac[1].g_l2.u_l0.p2_c[100]$_DFF_P_/D (DFFHQNx1_ASAP7_75t_R) 1363.13 1410.24  -47.11 (VIOLATED)
u_e.g_mac[0].g_tr2.u_tree.held[69][16]$_DFFE_PP_/D (DFFHQNx1_ASAP7_75t_R) 1396.31 1443.42  -47.11 (VIOLATED)
u_e.g_mac[1].g_l2.u_l0.p2_c[189]$_DFF_P_/D (DFFHQNx1_ASAP7_75t_R) 1363.38 1410.41  -47.03 (VIOLATED)
u_e.g_mac[1].g_l2.u_l1.p2_c[180]$_DFF_P_/D (DFFHQNx1_ASAP7_75t_R) 1356.51 1403.53  -47.02 (VIOLATED)
u_e.g_mac[1].g_l2.u_l0.p2_c[152]$_DFF_P_/D (DFFHQNx1_ASAP7_75t_R) 1373.49 1420.47  -46.98 (VIOLATED)
u_e.g_mac[1].g_l2.u_l1.p2_c[35]$_DFF_P_/D (DFFHQNx1_ASAP7_75t_R) 1362.48 1409.45  -46.97 (VIOLATED)
u_e.g_mac[0].g_tr2.u_tree.held[29][16]$_DFFE_PP_/D (DFFHQNx1_ASAP7_75t_R) 1367.46 1414.36  -46.90 (VIOLATED)
u_e.g_mac[1].g_l2.u_l0.p2_c[106]$_DFF_P_/D (DFFHQNx1_ASAP7_75t_R) 1362.31 1409.20  -46.89 (VIOLATED)
u_e.g_mac[0].g_l2.u_l0.p1_p[30][4]$_DFF_P_/D (DFFHQNx1_ASAP7_75t_R) 1367.09 1413.92  -46.83 (VIOLATED)
u_e.g_mac[0].g_tr2.u_tree.held[6][0]$_DFFE_PP_/D (DFFHQNx1_ASAP7_75t_R) 1397.83 1444.63  -46.79 (VIOLATED)
u_e.g_mac[0].g_tr2.u_tree.held[21][16]$_DFFE_PP_/D (DFFHQNx1_ASAP7_75t_R) 1368.47 1415.27  -46.79 (VIOLATED)
u_e.g_mac[0].g_tr2.u_tree.held[27][0]$_DFFE_PP_/D (DFFHQNx1_ASAP7_75t_R) 1399.07 1445.83  -46.76 (VIOLATED)
u_e.g_mac[0].g_tr2.u_tree.held[70][7]$_DFFE_PP_/D (DFFHQNx1_ASAP7_75t_R) 1405.02 1451.74  -46.71 (VIOLATED)
u_e.g_mac[0].g_tr2.u_tree.held[19][11]$_DFFE_PP_/D (DFFHQNx1_ASAP7_75t_R) 1403.45 1450.16  -46.71 (VIOLATED)
u_e.g_mac[0].g_tr2.u_tree.held[52][5]$_DFFE_PP_/D (DFFHQNx1_ASAP7_75t_R) 1403.38 1450.08  -46.69 (VIOLATED)
u_e.g_mac[0].g_l2.u_l0.p0_wq[5]$_SDFF_PP0_/D (DFFHQNx2_ASAP7_75t_R) 1352.27 1398.94  -46.67 (VIOLATED)
u_e.g_mac[1].g_l2.u_l1.p0_wq[154]$_DFF_P_/D (DFFHQNx1_ASAP7_75t_R) 1383.21 1429.84  -46.63 (VIOLATED)
u_e.g_mac[1].g_l2.u_l0.p0_wq[121]$_DFF_P_/D (DFFHQNx1_ASAP7_75t_R) 1351.68 1398.27  -46.59 (VIOLATED)
u_e.g_mac[0].g_l2.u_l0.p2_c[60]$_DFF_P_/D (DFFHQNx1_ASAP7_75t_R) 1369.76 1416.33  -46.56 (VIOLATED)
u_e.g_mac[0].g_ch2.u_c0.u_add.u_c0.g_r.r[4]$_SDFF_PP0_/D (DFFHQNx1_ASAP7_75t_R) 1363.95 1410.45  -46.50 (VIOLATED)
u_e.g_mac[0].g_tr2.u_tree.held[5][7]$_DFFE_PP_/D (DFFHQNx1_ASAP7_75t_R) 1404.46 1450.93  -46.46 (VIOLATED)
u_e.g_mac[0].g_tr2.u_tree.held[54][7]$_DFFE_PP_/D (DFFHQNx1_ASAP7_75t_R) 1404.06 1450.47  -46.41 (VIOLATED)
u_e.g_mac[0].g_tr2.u_tree.held[53][14]$_DFFE_PP_/D (DFFHQNx1_ASAP7_75t_R) 1404.57 1450.98  -46.41 (VIOLATED)
u_e.g_mac[0].g_tr2.u_tree.held[10][25]$_DFFE_PP_/D (DFFHQNx1_ASAP7_75t_R) 1366.12 1412.52  -46.40 (VIOLATED)
u_e.g_mac[0].g_tr2.u_tree.held[23][7]$_DFFE_PP_/D (DFFHQNx1_ASAP7_75t_R) 1402.11 1448.49  -46.39 (VIOLATED)
u_e.g_mac[0].g_tr2.u_tree.x_oh[11]$_DFF_P_/D (DFFHQNx1_ASAP7_75t_R) 1393.83 1440.21  -46.38 (VIOLATED)
u_e.g_mac[0].g_tr2.u_tree.held[70][6]$_DFFE_PP_/D (DFFHQNx1_ASAP7_75t_R) 1404.59 1450.96  -46.37 (VIOLATED)
u_e.g_mac[1].g_l2.u_l0.p1_sh[14][2]$_DFF_P_/D (DFFHQNx1_ASAP7_75t_R) 1373.92 1420.27  -46.34 (VIOLATED)
u_e.g_mac[0].g_l2.u_l0.p2_c[53]$_DFF_P_/D (DFFHQNx1_ASAP7_75t_R) 1372.55 1418.89  -46.33 (VIOLATED)
u_e.g_mac[1].g_l2.u_l1.p0_wq[122]$_DFF_P_/D (DFFHQNx1_ASAP7_75t_R) 1371.74 1418.05  -46.32 (VIOLATED)
u_e.g_mac[0].g_tr2.u_tree.held[63][31]$_DFFE_PP_/D (DFFHQNx1_ASAP7_75t_R) 1400.42 1446.72  -46.30 (VIOLATED)
u_e.g_mac[0].g_l2.u_l0.p1_p[19][3]$_DFF_P_/D (DFFHQNx1_ASAP7_75t_R) 1362.64 1408.94  -46.29 (VIOLATED)
u_e.g_mac[0].g_l2.u_l0.p2_c[240]$_DFF_P_/D (DFFHQNx1_ASAP7_75t_R) 1361.67 1407.91  -46.25 (VIOLATED)
u_e.g_mac[0].g_tr2.u_tree.held[53][2]$_DFFE_PP_/D (DFFHQNx1_ASAP7_75t_R) 1401.27 1447.51  -46.24 (VIOLATED)
u_e.g_mac[1].g_l2.u_l1.p2_c[34]$_DFF_P_/D (DFFHQNx1_ASAP7_75t_R) 1361.96 1408.20  -46.24 (VIOLATED)
u_e.g_mac[0].g_tr2.u_tree.held[5][11]$_DFFE_PP_/D (DFFHQNx1_ASAP7_75t_R) 1403.74 1449.93  -46.19 (VIOLATED)
u_e.g_mac[0].g_tr2.u_tree.held[10][9]$_DFFE_PP_/D (DFFHQNx1_ASAP7_75t_R) 1366.70 1412.88  -46.18 (VIOLATED)
u_e.g_mac[0].g_l2.u_l0.p2_c[164]$_DFF_P_/D (DFFHQNx1_ASAP7_75t_R) 1345.63 1391.78  -46.15 (VIOLATED)
u_e.g_mac[0].g_tr2.u_tree.held[47][2]$_DFFE_PP_/D (DFFHQNx1_ASAP7_75t_R) 1400.60 1446.73  -46.13 (VIOLATED)
u_e.g_mac[0].g_tr2.u_tree.held[11][31]$_DFFE_PP_/D (DFFHQNx1_ASAP7_75t_R) 1404.36 1450.45  -46.09 (VIOLATED)
u_e.g_mac[1].g_l2.u_l0.p0_wq[12]$_SDFF_PP0_/D (DFFHQNx2_ASAP7_75t_R) 1369.01 1415.08  -46.07 (VIOLATED)
u_e.g_mac[1].g_l2.u_l1.p2_c[119]$_DFF_P_/D (DFFHQNx1_ASAP7_75t_R) 1362.87 1408.90  -46.03 (VIOLATED)
u_e.g_mac[0].g_tr2.u_tree.held[62][5]$_DFFE_PP_/D (DFFHQNx1_ASAP7_75t_R) 1406.18 1452.19  -46.02 (VIOLATED)
u_e.g_mac[0].g_l2.u_l0.p1_sh[28][4]$_DFF_P_/D (DFFHQNx1_ASAP7_75t_R) 1365.50 1411.44  -45.93 (VIOLATED)
u_e.g_mac[0].g_tr2.u_tree.held[78][7]$_DFFE_PP_/D (DFFHQNx1_ASAP7_75t_R) 1401.78 1447.63  -45.85 (VIOLATED)
u_e.g_mac[0].g_ch2.u_c0.u_add.u_c0.g_r.r[25]$_SDFF_PP0_/D (DFFHQNx1_ASAP7_75t_R) 1375.38 1421.17  -45.79 (VIOLATED)
u_e.g_mac[0].g_tr2.u_tree.held[6][23]$_DFFE_PP_/D (DFFHQNx1_ASAP7_75t_R) 1364.04 1409.81  -45.77 (VIOLATED)
u_e.g_mac[0].g_l2.u_l1.p2_c[186]$_DFF_P_/D (DFFHQNx1_ASAP7_75t_R) 1401.61 1447.37  -45.77 (VIOLATED)
u_e.g_mac[0].g_l2.u_l0.p2_c[233]$_DFF_P_/D (DFFHQNx1_ASAP7_75t_R) 1361.43 1407.17  -45.73 (VIOLATED)
u_e.g_mac[0].g_tr2.u_tree.held[54][0]$_DFFE_PP_/D (DFFHQNx1_ASAP7_75t_R) 1400.25 1445.98  -45.73 (VIOLATED)
u_e.g_mac[0].g_l2.u_l0.p2_c[119]$_DFF_P_/D (DFFHQNx1_ASAP7_75t_R) 1359.28 1405.00  -45.72 (VIOLATED)
u_e.g_mac[0].g_tr2.u_tree.held[47][31]$_DFFE_PP_/D (DFFHQNx1_ASAP7_75t_R) 1399.81 1445.52  -45.71 (VIOLATED)
u_e.g_qt_hit.g_hc[1].d_q[2]$_SDFFE_PP0P_/D (DFFHQNx1_ASAP7_75t_R) 1411.35 1457.00  -45.65 (VIOLATED)
u_e.g_mac[0].g_l2.u_l1.p0_wq[187]$_DFF_P_/D (DFFHQNx1_ASAP7_75t_R) 1368.59 1414.22  -45.63 (VIOLATED)
u_e.g_mac[0].g_tr2.u_tree.have[61]$_DFFE_PN0P_/D (DFFASRHQNx1_ASAP7_75t_R) 1353.08 1398.70  -45.62 (VIOLATED)
u_e.g_mac[1].g_l2.u_l1.p2_c[93]$_DFF_P_/D (DFFHQNx1_ASAP7_75t_R) 1355.38 1400.98  -45.61 (VIOLATED)
u_e.g_mac[1].g_l2.u_l0.p2_c[139]$_DFF_P_/D (DFFHQNx1_ASAP7_75t_R) 1356.28 1401.86  -45.58 (VIOLATED)
u_e.g_mac[0].g_l2.u_l0.p2_c[230]$_DFF_P_/D (DFFHQNx1_ASAP7_75t_R) 1362.80 1408.36  -45.57 (VIOLATED)
u_e.g_mac[0].g_tr2.u_tree.held[11][11]$_DFFE_PP_/D (DFFHQNx1_ASAP7_75t_R) 1405.86 1451.39  -45.53 (VIOLATED)
u_e.g_mac[1].g_l2.u_l0.p1_p[5][4]$_DFF_P_/D (DFFHQNx1_ASAP7_75t_R) 1387.31 1432.81  -45.50 (VIOLATED)
u_e.g_mac[0].g_tr2.u_tree.held[49][9]$_DFFE_PP_/D (DFFHQNx1_ASAP7_75t_R) 1366.45 1411.92  -45.48 (VIOLATED)
u_e.g_mac[0].g_tr2.u_tree.held[79][16]$_DFFE_PP_/D (DFFHQNx1_ASAP7_75t_R) 1397.55 1443.01  -45.46 (VIOLATED)
u_e.g_mac[0].g_tr2.u_tree.held[78][5]$_DFFE_PP_/D (DFFHQNx1_ASAP7_75t_R) 1403.52 1448.97  -45.45 (VIOLATED)
u_e.g_mac[0].g_l2.u_l0.p2_c[223]$_DFF_P_/D (DFFHQNx1_ASAP7_75t_R) 1386.49 1431.87  -45.37 (VIOLATED)
u_e.g_mac[0].g_tr2.u_tree.held[45][6]$_DFFE_PP_/D (DFFHQNx1_ASAP7_75t_R) 1402.57 1447.92  -45.35 (VIOLATED)
u_e.g_mac[0].g_tr2.u_tree.held[27][4]$_DFFE_PP_/D (DFFHQNx1_ASAP7_75t_R) 1404.92 1450.26  -45.34 (VIOLATED)
u_e.g_mac[0].g_l2.u_l0.p2_c[37]$_DFF_P_/D (DFFHQNx1_ASAP7_75t_R) 1354.24 1399.57  -45.33 (VIOLATED)
u_e.g_mac[0].g_tr2.u_tree.held[25][16]$_DFFE_PP_/D (DFFHQNx1_ASAP7_75t_R) 1368.04 1413.31  -45.27 (VIOLATED)
u_e.g_mac[0].g_tr2.u_tree.held[43][14]$_DFFE_PP_/D (DFFHQNx1_ASAP7_75t_R) 1400.42 1445.63  -45.22 (VIOLATED)
u_e.g_mac[1].g_l2.u_l1.p2_c[39]$_DFF_P_/D (DFFHQNx1_ASAP7_75t_R) 1361.69 1406.90  -45.21 (VIOLATED)
u_e.g_mac[1].g_l2.u_l0.p0_wq[115]$_DFF_P_/D (DFFHQNx1_ASAP7_75t_R) 1353.17 1398.37  -45.20 (VIOLATED)
u_e.g_mac[1].g_l2.u_l0.p1_p[0][4]$_DFF_P_/D (DFFHQNx1_ASAP7_75t_R) 1381.01 1426.20  -45.19 (VIOLATED)
u_e.g_mac[1].g_tr2.u_tree.infl[0][0]$_DFF_PN0_/D (DFFASRHQNx1_ASAP7_75t_R) 1380.86 1426.03  -45.17 (VIOLATED)
u_e.g_mac[0].g_tr2.u_tree.held[49][5]$_DFFE_PP_/D (DFFHQNx1_ASAP7_75t_R) 1405.84 1451.00  -45.17 (VIOLATED)
u_e.g_mac[1].g_l2.u_l0.p2_c[228]$_DFF_P_/D (DFFHQNx1_ASAP7_75t_R) 1362.57 1407.68  -45.11 (VIOLATED)
u_e.g_mac[0].g_tr2.u_tree.held[70][9]$_DFFE_PP_/D (DFFHQNx1_ASAP7_75t_R) 1402.13 1447.24  -45.11 (VIOLATED)
u_e.g_mac[1].g_l2.u_l0.p0_wq[31]$_SDFF_PP0_/D (DFFHQNx2_ASAP7_75t_R) 1363.27 1408.37  -45.10 (VIOLATED)
u_e.g_mac[0].g_tr2.u_tree.held[78][0]$_DFFE_PP_/D (DFFHQNx1_ASAP7_75t_R) 1404.02 1449.09  -45.07 (VIOLATED)
u_e.g_mac[0].g_tr2.u_tree.held[17][8]$_DFFE_PP_/D (DFFHQNx1_ASAP7_75t_R) 1405.11 1450.17  -45.07 (VIOLATED)
u_e.g_mac[0].g_tr2.u_tree.held[33][16]$_DFFE_PP_/D (DFFHQNx1_ASAP7_75t_R) 1399.43 1444.45  -45.03 (VIOLATED)
u_e.g_mac[1].g_l2.u_l0.p0_wq[205]$_SDFF_PP0_/D (DFFHQNx1_ASAP7_75t_R) 1363.65 1408.66  -45.01 (VIOLATED)
u_e.g_mac[1].g_l2.u_l1.p2_c[114]$_DFF_P_/D (DFFHQNx1_ASAP7_75t_R) 1360.59 1405.55  -44.96 (VIOLATED)
u_e.g_mac[0].g_tr2.u_tree.held[5][2]$_DFFE_PP_/D (DFFHQNx1_ASAP7_75t_R) 1404.99 1449.93  -44.95 (VIOLATED)
u_e.g_mac[0].g_tr2.u_tree.held[67][7]$_DFFE_PP_/D (DFFHQNx1_ASAP7_75t_R) 1401.60 1446.53  -44.93 (VIOLATED)
u_e.g_mac[0].g_tr2.u_tree.held[78][9]$_DFFE_PP_/D (DFFHQNx1_ASAP7_75t_R) 1405.24 1450.15  -44.92 (VIOLATED)
u_e.g_mac[0].g_tr2.u_tree.held[17][31]$_DFFE_PP_/D (DFFHQNx1_ASAP7_75t_R) 1403.48 1448.38  -44.90 (VIOLATED)
u_e.g_mac[0].g_tr2.u_tree.held[38][16]$_DFFE_PP_/D (DFFHQNx1_ASAP7_75t_R) 1367.87 1412.77  -44.89 (VIOLATED)
u_e.g_mac[1].g_l2.u_l0.p1_sh[30][3]$_DFF_P_/D (DFFHQNx2_ASAP7_75t_R) 1373.98 1418.85  -44.87 (VIOLATED)
u_e.g_mac[0].g_tr2.u_tree.held[22][9]$_DFFE_PP_/D (DFFHQNx1_ASAP7_75t_R) 1365.13 1409.97  -44.84 (VIOLATED)
u_e.g_mac[0].g_tr2.u_tree.held[51][6]$_DFFE_PP_/D (DFFHQNx1_ASAP7_75t_R) 1402.47 1447.30  -44.83 (VIOLATED)
u_e.g_mac[0].g_l2.u_l0.p1_p[10][3]$_DFF_P_/D (DFFHQNx1_ASAP7_75t_R) 1364.41 1409.21  -44.80 (VIOLATED)
u_e.g_mac[0].g_tr2.u_tree.x_oh[48]$_DFF_P_/D (DFFHQNx1_ASAP7_75t_R) 1364.16 1408.93  -44.77 (VIOLATED)
u_e.g_mac[0].g_l2.u_l0.p1_sh[22][2]$_DFF_P_/D (DFFHQNx1_ASAP7_75t_R) 1359.62 1404.39  -44.77 (VIOLATED)
u_e.g_mac[0].g_l2.u_l1.p2_c[14]$_DFF_P_/D (DFFHQNx1_ASAP7_75t_R) 1374.69 1419.46  -44.77 (VIOLATED)
u_e.g_mac[1].g_l2.u_l0.p2_c[116]$_DFF_P_/D (DFFHQNx1_ASAP7_75t_R) 1357.38 1402.15  -44.77 (VIOLATED)
u_e.g_mac[0].g_ch2.u_c0.u_add.u_c0.g_r.r[28]$_SDFF_PP0_/D (DFFHQNx1_ASAP7_75t_R) 1375.46 1420.20  -44.74 (VIOLATED)
u_e.g_mac[0].g_tr2.u_tree.held[2][27]$_DFFE_PP_/D (DFFHQNx1_ASAP7_75t_R) 1367.92 1412.66  -44.74 (VIOLATED)
u_e.g_mac[0].g_l2.u_l0.p1_p[8][3]$_DFF_P_/D (DFFHQNx1_ASAP7_75t_R) 1378.03 1422.74  -44.71 (VIOLATED)
u_e.g_mac[0].g_tr2.u_tree.held[52][7]$_DFFE_PP_/D (DFFHQNx1_ASAP7_75t_R) 1404.66 1449.37  -44.71 (VIOLATED)
u_e.g_mac[0].g_tr2.u_tree.held[58][31]$_DFFE_PP_/D (DFFHQNx1_ASAP7_75t_R) 1403.29 1447.96  -44.67 (VIOLATED)
u_e.g_mac[0].g_tr2.u_tree.held[11][5]$_DFFE_PP_/D (DFFHQNx1_ASAP7_75t_R) 1405.81 1450.46  -44.65 (VIOLATED)
u_e.g_mac[0].g_l2.u_l0.p0_wq[90]$_DFF_P_/D (DFFHQNx1_ASAP7_75t_R) 1375.55 1420.20  -44.64 (VIOLATED)
u_e.g_mac[0].g_l2.u_l0.p1_sh[29][3]$_DFF_P_/D (DFFHQNx1_ASAP7_75t_R) 1355.40 1400.02  -44.62 (VIOLATED)
u_e.g_mac[0].g_tr2.u_tree.held[68][9]$_DFFE_PP_/D (DFFHQNx1_ASAP7_75t_R) 1405.08 1449.69  -44.61 (VIOLATED)
u_e.g_mac[0].g_tr2.u_tree.held[46][1]$_DFFE_PP_/D (DFFHQNx1_ASAP7_75t_R) 1405.38 1449.98  -44.60 (VIOLATED)
u_e.g_mac[0].g_tr2.u_tree.held[25][25]$_DFFE_PP_/D (DFFHQNx1_ASAP7_75t_R) 1365.65 1410.23  -44.58 (VIOLATED)
u_e.g_mac[0].g_tr2.u_tree.held[46][31]$_DFFE_PP_/D (DFFHQNx1_ASAP7_75t_R) 1400.37 1444.94  -44.57 (VIOLATED)
u_e.g_mac[0].g_tr2.u_tree.held[54][14]$_DFFE_PP_/D (DFFHQNx1_ASAP7_75t_R) 1399.65 1444.19  -44.55 (VIOLATED)
u_e.g_mac[0].g_tr2.u_tree.held[23][31]$_DFFE_PP_/D (DFFHQNx1_ASAP7_75t_R) 1404.17 1448.69  -44.52 (VIOLATED)
u_e.g_mac[0].g_tr2.u_tree.held[68][11]$_DFFE_PP_/D (DFFHQNx1_ASAP7_75t_R) 1404.39 1448.89  -44.50 (VIOLATED)
u_e.g_mac[0].g_l2.u_l1.p2_c[184]$_DFF_P_/D (DFFHQNx1_ASAP7_75t_R) 1376.11 1420.61  -44.50 (VIOLATED)
u_e.g_mac[0].g_tr2.u_tree.held[54][31]$_DFFE_PP_/D (DFFHQNx1_ASAP7_75t_R) 1399.21 1443.66  -44.45 (VIOLATED)
u_e.g_mac[0].g_tr2.u_tree.held[24][31]$_DFFE_PP_/D (DFFHQNx1_ASAP7_75t_R) 1399.63 1444.04  -44.41 (VIOLATED)
u_e.g_mac[0].g_tr2.u_tree.held[52][0]$_DFFE_PP_/D (DFFHQNx1_ASAP7_75t_R) 1404.69 1449.02  -44.33 (VIOLATED)
u_e.g_mac[0].g_ch2.u_c0.u_add.u_c0.g_r.r[24]$_SDFF_PP0_/D (DFFHQNx1_ASAP7_75t_R) 1374.24 1418.56  -44.31 (VIOLATED)
u_e.g_mac[0].g_tr2.u_tree.held[17][5]$_DFFE_PP_/D (DFFHQNx1_ASAP7_75t_R) 1403.41 1447.71  -44.31 (VIOLATED)
u_e.g_mac[0].g_tr2.u_tree.held[22][20]$_DFFE_PP_/D (DFFHQNx1_ASAP7_75t_R) 1365.65 1409.93  -44.29 (VIOLATED)
u_e.g_mac[0].g_tr2.u_tree.held[54][11]$_DFFE_PP_/D (DFFHQNx1_ASAP7_75t_R) 1404.29 1448.57  -44.28 (VIOLATED)
u_e.g_mac[0].g_l2.u_l0.p2_c[227]$_DFF_P_/D (DFFHQNx1_ASAP7_75t_R) 1373.74 1418.00  -44.26 (VIOLATED)
u_e.g_mac[0].g_tr2.u_tree.held[72][8]$_DFFE_PP_/D (DFFHQNx1_ASAP7_75t_R) 1421.47 1465.73  -44.26 (VIOLATED)
u_e.g_mac[1].g_l2.u_l0.p2_c[96]$_DFF_P_/D (DFFHQNx1_ASAP7_75t_R) 1362.50 1406.74  -44.25 (VIOLATED)
u_e.g_mac[0].g_tr2.u_tree.held[6][8]$_DFFE_PP_/D (DFFHQNx1_ASAP7_75t_R) 1421.47 1465.70  -44.23 (VIOLATED)
u_e.g_mac[0].g_tr2.u_tree.held[70][31]$_DFFE_PP_/D (DFFHQNx1_ASAP7_75t_R) 1403.81 1448.01  -44.20 (VIOLATED)
u_e.g_mac[0].g_tr2.u_tree.x_oh[41]$_DFF_P_/D (DFFHQNx1_ASAP7_75t_R) 1386.34 1430.54  -44.20 (VIOLATED)
u_e.g_mac[0].g_tr2.u_tree.have[62]$_DFFE_PN0P_/D (DFFASRHQNx1_ASAP7_75t_R) 1387.37 1431.55  -44.18 (VIOLATED)
u_e.g_mac[0].g_tr2.u_tree.held[69][9]$_DFFE_PP_/D (DFFHQNx1_ASAP7_75t_R) 1401.44 1445.58  -44.13 (VIOLATED)
u_e.g_mac[1].g_l2.u_l0.p2_c[77]$_DFF_P_/D (DFFHQNx1_ASAP7_75t_R) 1372.28 1416.39  -44.12 (VIOLATED)
u_e.g_mac[0].g_l2.u_l0.p2_c[79]$_DFF_P_/D (DFFHQNx1_ASAP7_75t_R) 1353.84 1397.95  -44.11 (VIOLATED)
u_e.g_mac[0].g_l2.u_l0.p2_c[205]$_DFF_P_/D (DFFHQNx1_ASAP7_75t_R) 1357.84 1401.94  -44.10 (VIOLATED)
u_e.g_mac[0].g_tr2.u_tree.held[11][4]$_DFFE_PP_/D (DFFHQNx1_ASAP7_75t_R) 1406.04 1450.13  -44.09 (VIOLATED)
u_e.g_mac[0].g_tr2.u_tree.held[17][11]$_DFFE_PP_/D (DFFHQNx1_ASAP7_75t_R) 1404.47 1448.51  -44.04 (VIOLATED)
u_e.g_mac[0].g_tr2.u_tree.add_a[1]$_DFF_P_/D (DFFHQNx1_ASAP7_75t_R) 1375.91 1419.94  -44.03 (VIOLATED)
u_e.g_mac[0].g_tr2.u_tree.held[2][30]$_DFFE_PP_/D (DFFHQNx1_ASAP7_75t_R) 1367.75 1411.78  -44.03 (VIOLATED)
u_e.g_mac[0].g_tr2.u_tree.held[76][14]$_DFFE_PP_/D (DFFHQNx1_ASAP7_75t_R) 1399.71 1443.72  -44.01 (VIOLATED)
u_e.g_mac[0].g_tr2.u_tree.held[23][16]$_DFFE_PP_/D (DFFHQNx1_ASAP7_75t_R) 1396.60 1440.60  -44.00 (VIOLATED)
u_e.g_mac[0].g_tr2.u_tree.held[12][2]$_DFFE_PP_/D (DFFHQNx1_ASAP7_75t_R) 1404.82 1448.82  -44.00 (VIOLATED)
u_e.g_mac[0].g_tr2.u_tree.held[54][2]$_DFFE_PP_/D (DFFHQNx1_ASAP7_75t_R) 1404.51 1448.43  -43.93 (VIOLATED)
u_e.g_mac[0].g_tr2.u_tree.have[32]$_DFFE_PN0P_/D (DFFASRHQNx1_ASAP7_75t_R) 1354.00 1397.90  -43.89 (VIOLATED)
u_e.g_mac[1].g_l2.u_l0.p1_sh[2][2]$_DFF_P_/D (DFFHQNx1_ASAP7_75t_R) 1370.14 1414.03  -43.89 (VIOLATED)
u_e.g_mac[0].g_tr2.u_tree.held[64][31]$_DFFE_PP_/D (DFFHQNx1_ASAP7_75t_R) 1399.83 1443.72  -43.89 (VIOLATED)
u_e.g_mac[0].g_tr2.u_tree.held[59][0]$_DFFE_PP_/D (DFFHQNx1_ASAP7_75t_R) 1404.45 1448.31  -43.87 (VIOLATED)
u_e.g_mac[0].g_tr2.u_tree.held[45][7]$_DFFE_PP_/D (DFFHQNx1_ASAP7_75t_R) 1404.40 1448.27  -43.87 (VIOLATED)
u_e.g_mac[0].g_l2.u_l1.p2_c[24]$_DFF_P_/D (DFFHQNx1_ASAP7_75t_R) 1376.73 1420.59  -43.87 (VIOLATED)
u_e.g_mac[1].g_l2.u_l0.p2_c[144]$_DFF_P_/D (DFFHQNx1_ASAP7_75t_R) 1374.71 1418.58  -43.86 (VIOLATED)
u_e.w_cnt[0]$_SDFFCE_PP0P_/D (DFFHQNx1_ASAP7_75t_R) 1387.49 1431.35  -43.86 (VIOLATED)
u_e.g_mac[0].g_tr2.u_tree.held[67][14]$_DFFE_PP_/D (DFFHQNx1_ASAP7_75t_R) 1400.57 1444.42  -43.85 (VIOLATED)
u_e.g_mac[0].g_tr2.u_tree.held[44][31]$_DFFE_PP_/D (DFFHQNx1_ASAP7_75t_R) 1403.19 1447.03  -43.85 (VIOLATED)
u_e.g_mac[0].g_tr2.u_tree.held[11][7]$_DFFE_PP_/D (DFFHQNx1_ASAP7_75t_R) 1406.17 1450.01  -43.84 (VIOLATED)
u_e.g_mac[0].g_tr2.u_tree.held[35][9]$_DFFE_PP_/D (DFFHQNx1_ASAP7_75t_R) 1399.28 1443.10  -43.81 (VIOLATED)
u_e.g_mac[1].g_l2.u_l0.p0_wq[46]$_SDFF_PP0_/D (DFFHQNx2_ASAP7_75t_R) 1335.21 1379.02  -43.81 (VIOLATED)
u_e.g_mac[0].g_l2.u_l0.p0_wq[193]$_DFF_P_/D (DFFHQNx1_ASAP7_75t_R) 1370.36 1414.16  -43.80 (VIOLATED)
u_e.g_mac[0].g_l2.u_l0.p2_c[101]$_DFF_P_/D (DFFHQNx1_ASAP7_75t_R) 1360.02 1403.75  -43.73 (VIOLATED)
u_e.g_mac[0].g_tr2.u_tree.held[68][7]$_DFFE_PP_/D (DFFHQNx1_ASAP7_75t_R) 1404.43 1448.14  -43.71 (VIOLATED)
u_e.g_mac[0].g_tr2.u_tree.held[51][4]$_DFFE_PP_/D (DFFHQNx1_ASAP7_75t_R) 1404.01 1447.70  -43.69 (VIOLATED)
u_e.g_mac[0].g_tr2.u_tree.held[0][6]$_DFFE_PP_/D (DFFHQNx1_ASAP7_75t_R) 1402.96 1446.61  -43.65 (VIOLATED)
u_e.g_mac[0].g_l2.u_l0.p0_wq[154]$_DFF_P_/D (DFFHQNx1_ASAP7_75t_R) 1375.45 1419.09  -43.65 (VIOLATED)
u_e.g_qt_hit.g_hc[2].d_c[0]$_DFFE_PP_/D (DFFHQNx1_ASAP7_75t_R) 1399.78 1443.38  -43.60 (VIOLATED)
u_e.g_qt_hit.g_hc[2].d_c[1]$_DFFE_PP_/D (DFFHQNx1_ASAP7_75t_R) 1399.61 1443.20  -43.60 (VIOLATED)
u_e.g_mac[0].g_l2.u_l0.p0_wq[143]$_SDFF_PP0_/D (DFFHQNx1_ASAP7_75t_R) 1389.92 1433.52  -43.59 (VIOLATED)
u_e.a_ctr[11]$_DFFE_PP_/D (DFFHQNx1_ASAP7_75t_R) 1379.51 1423.08  -43.57 (VIOLATED)
u_e.g_mac[0].g_tr2.u_tree.held[58][2]$_DFFE_PP_/D (DFFHQNx1_ASAP7_75t_R) 1402.88 1446.40  -43.52 (VIOLATED)
u_e.g_mac[0].g_l2.u_l0.p2_c[47]$_DFF_P_/D (DFFHQNx1_ASAP7_75t_R) 1365.16 1408.68  -43.52 (VIOLATED)
u_e.g_mac[0].g_tr2.u_tree.have[66]$_DFFE_PN0P_/D (DFFASRHQNx1_ASAP7_75t_R) 1384.40 1427.91  -43.52 (VIOLATED)
u_e.g_mac[0].g_tr2.u_tree.held[62][16]$_DFFE_PP_/D (DFFHQNx1_ASAP7_75t_R) 1398.75 1442.25  -43.50 (VIOLATED)
u_e.g_mac[1].g_l2.u_l1.p2_c[108]$_DFF_P_/D (DFFHQNx1_ASAP7_75t_R) 1375.81 1419.31  -43.50 (VIOLATED)
u_e.g_mac[0].g_tr2.u_tree.have[19]$_DFFE_PN0P_/D (DFFASRHQNx1_ASAP7_75t_R) 1353.39 1396.82  -43.43 (VIOLATED)
u_e.g_mac[0].g_tr2.u_tree.held[12][11]$_DFFE_PP_/D (DFFHQNx1_ASAP7_75t_R) 1404.78 1448.18  -43.40 (VIOLATED)
u_e.g_mac[1].g_l2.u_l1.p2_c[38]$_DFF_P_/D (DFFHQNx1_ASAP7_75t_R) 1361.46 1404.85  -43.39 (VIOLATED)
u_e.g_mac[1].g_l2.u_l0.p2_c[177]$_DFF_P_/D (DFFHQNx1_ASAP7_75t_R) 1364.50 1407.85  -43.36 (VIOLATED)
u_e.g_mac[0].g_tr2.u_tree.held[52][14]$_DFFE_PP_/D (DFFHQNx1_ASAP7_75t_R) 1404.52 1447.87  -43.35 (VIOLATED)
u_e.g_mac[1].g_l2.u_l0.p2_c[155]$_DFF_P_/D (DFFHQNx1_ASAP7_75t_R) 1370.07 1413.41  -43.34 (VIOLATED)
u_e.g_mac[0].g_tr2.u_tree.held[74][6]$_DFFE_PP_/D (DFFHQNx1_ASAP7_75t_R) 1401.41 1444.72  -43.32 (VIOLATED)
u_e.g_mac[0].g_tr2.u_tree.held[43][0]$_DFFE_PP_/D (DFFHQNx1_ASAP7_75t_R) 1400.68 1443.98  -43.31 (VIOLATED)
u_e.g_mac[1].g_l2.u_l0.p2_c[110]$_DFF_P_/D (DFFHQNx1_ASAP7_75t_R) 1363.08 1406.37  -43.29 (VIOLATED)
u_e.g_mac[0].g_ch2.u_c0.u_add.u_c0.g_r.r[26]$_SDFF_PP0_/D (DFFHQNx1_ASAP7_75t_R) 1375.86 1419.12  -43.26 (VIOLATED)
u_e.g_mac[1].g_l2.u_l0.p2_c[202]$_DFF_P_/D (DFFHQNx1_ASAP7_75t_R) 1362.02 1405.26  -43.24 (VIOLATED)
u_e.g_mac[0].g_tr2.u_tree.held[69][0]$_DFFE_PP_/D (DFFHQNx1_ASAP7_75t_R) 1400.24 1443.48  -43.23 (VIOLATED)
u_e.g_mac[1].g_l2.u_l1.p0_wq[32]$_DFF_P_/D (DFFHQNx2_ASAP7_75t_R) 1376.01 1419.23  -43.22 (VIOLATED)
u_e.g_mac[0].g_tr2.u_tree.held[18][2]$_DFFE_PP_/D (DFFHQNx1_ASAP7_75t_R) 1403.06 1446.27  -43.21 (VIOLATED)
u_e.g_mac[1].g_l2.u_l0.p0_wq[126]$_SDFF_PP0_/D (DFFHQNx1_ASAP7_75t_R) 1358.03 1401.20  -43.18 (VIOLATED)
u_e.g_mac[0].g_tr2.u_tree.held[8][14]$_DFFE_PP_/D (DFFHQNx1_ASAP7_75t_R) 1399.36 1442.50  -43.14 (VIOLATED)
u_e.g_mac[0].g_tr2.u_tree.held[2][24]$_DFFE_PP_/D (DFFHQNx1_ASAP7_75t_R) 1368.80 1411.91  -43.11 (VIOLATED)
u_e.g_mac[0].g_l2.u_l1.p2_c[11]$_DFF_P_/D (DFFHQNx1_ASAP7_75t_R) 1371.60 1414.68  -43.08 (VIOLATED)
u_e.g_mac[0].g_tr2.u_tree.held[48][31]$_DFFE_PP_/D (DFFHQNx1_ASAP7_75t_R) 1399.72 1442.79  -43.07 (VIOLATED)
u_e.g_mac[0].g_l2.u_l0.p1_sh[12][4]$_DFF_P_/D (DFFHQNx1_ASAP7_75t_R) 1353.37 1396.44  -43.07 (VIOLATED)
u_e.g_mac[0].g_tr2.u_tree.held[62][14]$_DFFE_PP_/D (DFFHQNx1_ASAP7_75t_R) 1399.83 1442.88  -43.05 (VIOLATED)
u_e.g_mac[0].g_tr2.u_tree.have[48]$_DFFE_PN0P_/D (DFFASRHQNx1_ASAP7_75t_R) 1353.82 1396.85  -43.02 (VIOLATED)
u_e.g_mac[0].g_tr2.u_tree.held[62][7]$_DFFE_PP_/D (DFFHQNx1_ASAP7_75t_R) 1399.13 1442.13  -43.00 (VIOLATED)
u_e.g_mac[1].g_l2.u_l0.p1_nan$_DFF_P_/D (DFFHQNx1_ASAP7_75t_R) 1372.02 1414.97  -42.95 (VIOLATED)
u_e.g_mac[0].g_tr2.u_tree.held[72][10]$_DFFE_PP_/D (DFFHQNx1_ASAP7_75t_R) 1423.75 1466.63  -42.89 (VIOLATED)
u_e.g_mac[0].g_tr2.u_tree.held[48][6]$_DFFE_PP_/D (DFFHQNx1_ASAP7_75t_R) 1399.83 1442.70  -42.86 (VIOLATED)
u_e.g_mac[1].g_l2.u_l0.p0_wq[243]$_DFF_P_/D (DFFHQNx1_ASAP7_75t_R) 1353.52 1396.37  -42.85 (VIOLATED)
u_e.g_mac[1].g_l2.u_l0.p2_c[54]$_DFF_P_/D (DFFHQNx1_ASAP7_75t_R) 1379.09 1421.91  -42.82 (VIOLATED)
u_e.g_mac[1].g_l2.u_l0.p0_wq[120]$_DFF_P_/D (DFFHQNx1_ASAP7_75t_R) 1353.37 1396.19  -42.82 (VIOLATED)
u_e.g_mac[0].g_l2.u_l0.p2_c[237]$_DFF_P_/D (DFFHQNx1_ASAP7_75t_R) 1360.64 1403.46  -42.82 (VIOLATED)
u_e.g_mac[1].g_l2.u_l0.p0_wq[179]$_DFF_P_/D (DFFHQNx1_ASAP7_75t_R) 1376.46 1419.28  -42.81 (VIOLATED)
u_e.g_mac[0].g_tr2.u_tree.x_above[54]$_DFF_P_/D (DFFHQNx1_ASAP7_75t_R) 1404.95 1447.77  -42.81 (VIOLATED)
u_e.g_mac[0].g_tr2.u_tree.held[52][6]$_DFFE_PP_/D (DFFHQNx1_ASAP7_75t_R) 1405.34 1448.14  -42.80 (VIOLATED)
u_e.g_mac[0].g_l2.u_l0.p2_c[245]$_DFF_P_/D (DFFHQNx1_ASAP7_75t_R) 1374.35 1417.12  -42.77 (VIOLATED)
u_e.g_mac[1].g_l2.u_l0.p2_c[93]$_DFF_P_/D (DFFHQNx1_ASAP7_75t_R) 1362.53 1405.29  -42.77 (VIOLATED)
u_e.g_mac[1].g_l2.u_l1.p2_c[59]$_DFF_P_/D (DFFHQNx1_ASAP7_75t_R) 1376.91 1419.63  -42.72 (VIOLATED)
u_e.g_mac[0].g_tr2.u_tree.held[54][6]$_DFFE_PP_/D (DFFHQNx1_ASAP7_75t_R) 1399.11 1441.83  -42.72 (VIOLATED)
u_e.g_mac[0].g_l2.u_l0.p2_c[121]$_DFF_P_/D (DFFHQNx1_ASAP7_75t_R) 1373.35 1416.06  -42.71 (VIOLATED)
u_e.g_mac[0].g_l2.u_l0.p0_wq[0]$_DFF_P_/D (DFFHQNx2_ASAP7_75t_R) 1394.69 1437.39  -42.69 (VIOLATED)
u_e.g_mac[0].g_tr2.u_tree.held[69][14]$_DFFE_PP_/D (DFFHQNx1_ASAP7_75t_R) 1399.85 1442.51  -42.66 (VIOLATED)
u_e.g_mac[1].g_l2.u_l0.p0_wq[129]$_DFF_P_/D (DFFHQNx1_ASAP7_75t_R) 1351.03 1393.69  -42.66 (VIOLATED)
u_e.g_mac[1].g_l2.u_l0.p2_c[200]$_DFF_P_/D (DFFHQNx1_ASAP7_75t_R) 1363.91 1406.55  -42.65 (VIOLATED)
u_e.g_mac[1].g_l2.u_l1.p2_c[25]$_DFF_P_/D (DFFHQNx1_ASAP7_75t_R) 1362.40 1405.01  -42.62 (VIOLATED)
u_e.g_mac[1].g_l2.u_l0.p2_c[199]$_DFF_P_/D (DFFHQNx1_ASAP7_75t_R) 1364.29 1406.91  -42.61 (VIOLATED)
u_e.g_mac[1].g_ch2.u_c1.u_add.u_c6.g_r.r[1]$_SDFF_PN0_/D (DFFHQNx1_ASAP7_75t_R) 1379.30 1421.91  -42.60 (VIOLATED)
u_e.g_mac[1].g_l2.u_l1.p0_wq[10]$_DFF_P_/D (DFFHQNx1_ASAP7_75t_R) 1373.54 1416.11  -42.56 (VIOLATED)
u_e.g_mac[1].g_l2.u_l1.p0_wq[91]$_DFF_P_/D (DFFHQNx1_ASAP7_75t_R) 1369.35 1411.90  -42.56 (VIOLATED)
u_e.g_mac[0].g_l2.u_l0.p0_wq[20]$_SDFF_PP0_/D (DFFHQNx2_ASAP7_75t_R) 1393.27 1435.82  -42.54 (VIOLATED)
u_e.g_mac[0].g_l2.u_l0.p2_c[116]$_DFF_P_/D (DFFHQNx1_ASAP7_75t_R) 1362.18 1404.72  -42.54 (VIOLATED)
u_e.g_mac[1].g_l2.u_l0.p2_c[221]$_DFF_P_/D (DFFHQNx1_ASAP7_75t_R) 1359.70 1402.21  -42.51 (VIOLATED)
u_e.g_mac[0].g_tr2.u_tree.held[8][31]$_DFFE_PP_/D (DFFHQNx1_ASAP7_75t_R) 1403.64 1446.13  -42.50 (VIOLATED)
u_e.g_mac[0].g_tr2.u_tree.held[74][0]$_DFFE_PP_/D (DFFHQNx1_ASAP7_75t_R) 1404.42 1446.91  -42.49 (VIOLATED)
u_e.g_mac[0].g_l2.u_l1.p2_c[197]$_DFF_P_/D (DFFHQNx1_ASAP7_75t_R) 1366.56 1409.01  -42.44 (VIOLATED)
u_e.g_mac[0].g_tr2.u_tree.held[70][8]$_DFFE_PP_/D (DFFHQNx1_ASAP7_75t_R) 1405.23 1447.67  -42.44 (VIOLATED)
u_e.g_mac[0].g_tr2.u_tree.held[70][2]$_DFFE_PP_/D (DFFHQNx1_ASAP7_75t_R) 1404.70 1447.13  -42.44 (VIOLATED)
u_e.g_mac[0].g_l2.u_l1.p2_c[23]$_DFF_P_/D (DFFHQNx1_ASAP7_75t_R) 1374.26 1416.68  -42.42 (VIOLATED)
u_e.g_mac[1].g_l2.u_l1.p2_c[145]$_DFF_P_/D (DFFHQNx1_ASAP7_75t_R) 1375.59 1418.01  -42.42 (VIOLATED)
u_e.g_mac[0].g_tr2.u_tree.held[46][8]$_DFFE_PP_/D (DFFHQNx1_ASAP7_75t_R) 1405.08 1447.48  -42.39 (VIOLATED)
u_e.g_mac[0].g_tr2.u_tree.held[72][3]$_DFFE_PP_/D (DFFHQNx1_ASAP7_75t_R) 1423.75 1466.13  -42.38 (VIOLATED)
u_e.g_mac[0].g_tr2.u_tree.held[6][5]$_DFFE_PP_/D (DFFHQNx1_ASAP7_75t_R) 1423.27 1465.65  -42.38 (VIOLATED)
u_e.g_mac[0].g_l2.u_l1.p2_c[183]$_DFF_P_/D (DFFHQNx1_ASAP7_75t_R) 1380.84 1423.22  -42.38 (VIOLATED)
u_e.g_mac[0].g_tr2.u_tree.add_b[10]$_SDFF_PN0_/D (DFFHQNx1_ASAP7_75t_R) 1371.70 1414.08  -42.38 (VIOLATED)
u_e.g_mac[0].g_l2.u_l0.p1_sh[29][2]$_DFF_P_/D (DFFHQNx1_ASAP7_75t_R) 1354.69 1397.03  -42.34 (VIOLATED)
u_e.g_mac[0].g_tr2.u_tree.have[70]$_DFFE_PN0P_/D (DFFASRHQNx1_ASAP7_75t_R) 1355.49 1397.80  -42.31 (VIOLATED)
u_e.g_mac[0].g_l2.u_l1.p2_c[181]$_DFF_P_/D (DFFHQNx1_ASAP7_75t_R) 1367.16 1409.43  -42.27 (VIOLATED)
u_e.g_mac[0].g_tr2.u_tree.held[37][7]$_DFFE_PP_/D (DFFHQNx1_ASAP7_75t_R) 1404.40 1446.65  -42.25 (VIOLATED)
u_e.g_mac[0].g_l2.u_l0.p1_p[26][8]$_SDFF_PN0_/D (DFFHQNx1_ASAP7_75t_R) 1373.85 1416.10  -42.25 (VIOLATED)
u_e.g_mac[1].g_l2.u_l0.p0_wq[208]$_DFF_P_/D (DFFHQNx1_ASAP7_75t_R) 1356.27 1398.51  -42.24 (VIOLATED)
u_e.g_mac[0].g_l2.u_l0.p1_p[21][4]$_DFF_P_/D (DFFHQNx1_ASAP7_75t_R) 1376.79 1419.00  -42.21 (VIOLATED)
u_e.g_mac[0].g_tr2.u_tree.held[23][2]$_DFFE_PP_/D (DFFHQNx1_ASAP7_75t_R) 1404.65 1446.86  -42.21 (VIOLATED)
u_e.g_mac[0].g_tr2.u_tree.held[18][31]$_DFFE_PP_/D (DFFHQNx1_ASAP7_75t_R) 1404.83 1447.04  -42.20 (VIOLATED)
u_e.g_mac[0].g_tr2.u_tree.held[23][9]$_DFFE_PP_/D (DFFHQNx1_ASAP7_75t_R) 1406.03 1448.22  -42.19 (VIOLATED)
u_e.g_mac[1].g_l2.u_l0.p1_sh[27][2]$_DFF_P_/D (DFFHQNx1_ASAP7_75t_R) 1379.34 1421.51  -42.17 (VIOLATED)
u_e.g_mac[0].g_tr2.u_tree.held[25][6]$_DFFE_PP_/D (DFFHQNx1_ASAP7_75t_R) 1401.41 1443.58  -42.16 (VIOLATED)
u_e.g_mac[1].g_ch2.u_c0.u_add.u_c0.g_r.r[36]$_DFF_P_/D (DFFHQNx1_ASAP7_75t_R) 1346.97 1389.13  -42.16 (VIOLATED)
u_e.g_mac[0].g_tr2.u_tree.held[51][31]$_DFFE_PP_/D (DFFHQNx1_ASAP7_75t_R) 1405.34 1447.39  -42.05 (VIOLATED)
u_e.g_mac[0].g_l2.u_l1.p2_c[198]$_DFF_P_/D (DFFHQNx1_ASAP7_75t_R) 1366.40 1408.41  -42.01 (VIOLATED)
u_e.g_mac[1].g_l2.u_l1.p2_c[57]$_DFF_P_/D (DFFHQNx1_ASAP7_75t_R) 1375.97 1417.93  -41.96 (VIOLATED)
u_e.g_mac[0].g_tr2.u_tree.held[36][8]$_DFFE_PP_/D (DFFHQNx1_ASAP7_75t_R) 1404.98 1446.93  -41.95 (VIOLATED)
u_e.g_mac[0].g_l2.u_l1.p2_c[180]$_DFF_P_/D (DFFHQNx1_ASAP7_75t_R) 1367.09 1409.03  -41.94 (VIOLATED)
u_e.g_mac[0].g_tr2.u_tree.have[54]$_DFFE_PN0P_/D (DFFASRHQNx1_ASAP7_75t_R) 1388.08 1429.98  -41.90 (VIOLATED)
u_e.g_mac[0].g_tr2.u_tree.held[57][31]$_DFFE_PP_/D (DFFHQNx1_ASAP7_75t_R) 1403.77 1445.67  -41.90 (VIOLATED)
u_e.g_mac[1].g_l2.u_l1.p2_c[62]$_DFF_P_/D (DFFHQNx1_ASAP7_75t_R) 1375.42 1417.18  -41.77 (VIOLATED)
u_e.g_mac[1].g_l2.u_l0.p1_sh[12][3]$_DFF_P_/D (DFFHQNx1_ASAP7_75t_R) 1359.17 1400.92  -41.75 (VIOLATED)
u_e.g_mac[1].g_l2.u_l0.p2_c[143]$_DFF_P_/D (DFFHQNx1_ASAP7_75t_R) 1361.32 1403.06  -41.74 (VIOLATED)
u_e.g_mac[0].g_tr2.u_tree.held[51][7]$_DFFE_PP_/D (DFFHQNx1_ASAP7_75t_R) 1404.38 1446.10  -41.73 (VIOLATED)
u_e.g_mac[0].g_tr2.u_tree.held[72][20]$_DFFE_PP_/D (DFFHQNx1_ASAP7_75t_R) 1365.07 1406.76  -41.69 (VIOLATED)
u_e.g_mac[0].g_l2.u_l1.p2_c[176]$_DFF_P_/D (DFFHQNx1_ASAP7_75t_R) 1377.03 1418.72  -41.69 (VIOLATED)
u_e.g_mac[0].g_tr2.u_tree.held[59][11]$_DFFE_PP_/D (DFFHQNx1_ASAP7_75t_R) 1403.84 1445.52  -41.68 (VIOLATED)
u_e.g_mac[0].g_tr2.u_tree.held[23][0]$_DFFE_PP_/D (DFFHQNx1_ASAP7_75t_R) 1400.48 1442.16  -41.68 (VIOLATED)
u_e.g_mac[0].g_tr2.u_tree.have[7]$_DFFE_PN0P_/D (DFFASRHQNx1_ASAP7_75t_R) 1355.99 1397.67  -41.68 (VIOLATED)
u_e.g_mac[0].g_tr2.u_tree.held[44][2]$_DFFE_PP_/D (DFFHQNx1_ASAP7_75t_R) 1404.87 1446.52  -41.65 (VIOLATED)
u_e.g_mac[0].g_l2.u_l0.p1_sh[6][3]$_DFF_P_/D (DFFHQNx1_ASAP7_75t_R) 1365.28 1406.92  -41.64 (VIOLATED)
u_e.g_mac[1].g_l2.u_l1.p2_c[137]$_DFF_P_/D (DFFHQNx1_ASAP7_75t_R) 1350.34 1391.95  -41.61 (VIOLATED)
u_e.g_mac[0].g_tr2.u_tree.held[8][0]$_DFFE_PP_/D (DFFHQNx1_ASAP7_75t_R) 1404.44 1446.05  -41.61 (VIOLATED)
u_e.g_mac[0].g_l2.u_l0.p2_c[244]$_DFF_P_/D (DFFHQNx1_ASAP7_75t_R) 1374.01 1415.62  -41.61 (VIOLATED)
u_e.g_mac[0].g_tr2.u_tree.held[37][31]$_DFFE_PP_/D (DFFHQNx1_ASAP7_75t_R) 1404.39 1445.99  -41.60 (VIOLATED)
u_e.g_mac[1].g_l2.u_l0.p2_c[112]$_DFF_P_/D (DFFHQNx1_ASAP7_75t_R) 1375.76 1417.36  -41.59 (VIOLATED)
u_e.g_mac[0].g_tr2.u_tree.held[15][31]$_DFFE_PP_/D (DFFHQNx1_ASAP7_75t_R) 1403.25 1444.84  -41.59 (VIOLATED)
u_e.g_mac[0].g_l2.u_l0.p2_c[117]$_DFF_P_/D (DFFHQNx1_ASAP7_75t_R) 1362.13 1403.70  -41.57 (VIOLATED)
u_e.g_mac[1].g_l2.u_l1.p2_c[111]$_DFF_P_/D (DFFHQNx1_ASAP7_75t_R) 1360.03 1401.58  -41.55 (VIOLATED)
u_e.g_mac[0].g_tr2.u_tree.held[76][16]$_DFFE_PP_/D (DFFHQNx1_ASAP7_75t_R) 1399.60 1441.14  -41.54 (VIOLATED)
u_e.g_mac[0].g_tr2.u_tree.held[33][14]$_DFFE_PP_/D (DFFHQNx1_ASAP7_75t_R) 1404.00 1445.54  -41.53 (VIOLATED)
u_e.g_mac[0].g_tr2.u_tree.held[59][31]$_DFFE_PP_/D (DFFHQNx1_ASAP7_75t_R) 1406.18 1447.67  -41.49 (VIOLATED)
u_e.g_mac[0].g_tr2.u_tree.held[18][0]$_DFFE_PP_/D (DFFHQNx1_ASAP7_75t_R) 1400.75 1442.23  -41.48 (VIOLATED)
u_e.g_mac[0].g_l2.u_l1.p2_c[178]$_DFF_P_/D (DFFHQNx1_ASAP7_75t_R) 1367.40 1408.85  -41.45 (VIOLATED)
u_e.g_mac[1].g_l2.u_l1.p2_c[107]$_DFF_P_/D (DFFHQNx1_ASAP7_75t_R) 1374.20 1415.64  -41.44 (VIOLATED)
u_e.g_mac[0].g_l2.u_l1.p2_c[196]$_DFF_P_/D (DFFHQNx1_ASAP7_75t_R) 1372.22 1413.65  -41.43 (VIOLATED)
u_e.g_mac[0].g_tr2.u_tree.held[28][25]$_DFFE_PP_/D (DFFHQNx1_ASAP7_75t_R) 1367.01 1408.42  -41.41 (VIOLATED)
u_e.g_mac[1].g_l2.u_l0.p0_wq[186]$_DFF_P_/D (DFFHQNx1_ASAP7_75t_R) 1377.79 1419.20  -41.41 (VIOLATED)
u_e.g_mac[0].g_tr2.u_tree.held[79][0]$_DFFE_PP_/D (DFFHQNx1_ASAP7_75t_R) 1400.24 1441.64  -41.41 (VIOLATED)
u_e.g_mac[0].g_l2.u_l1.p2_c[95]$_DFF_P_/D (DFFHQNx1_ASAP7_75t_R) 1368.62 1410.02  -41.40 (VIOLATED)
u_e.g_mac[0].g_tr2.u_tree.held[63][11]$_DFFE_PP_/D (DFFHQNx1_ASAP7_75t_R) 1405.82 1447.22  -41.40 (VIOLATED)
u_e.g_mac[0].g_ch2.u_c0.u_add.u_c0.g_r.r[30]$_SDFF_PP0_/D (DFFHQNx1_ASAP7_75t_R) 1376.20 1417.59  -41.39 (VIOLATED)
u_e.g_mac[0].g_tr2.u_tree.held[59][5]$_DFFE_PP_/D (DFFHQNx1_ASAP7_75t_R) 1403.96 1445.32  -41.36 (VIOLATED)
u_e.g_mac[0].g_tr2.u_tree.held[79][14]$_DFFE_PP_/D (DFFHQNx1_ASAP7_75t_R) 1399.96 1441.24  -41.28 (VIOLATED)
u_e.g_mac[0].g_tr2.u_tree.held[28][13]$_DFFE_PP_/D (DFFHQNx1_ASAP7_75t_R) 1366.59 1407.86  -41.26 (VIOLATED)
u_e.g_mac[0].g_tr2.u_tree.held[78][11]$_DFFE_PP_/D (DFFHQNx1_ASAP7_75t_R) 1406.11 1447.36  -41.25 (VIOLATED)
u_e.g_mac[0].g_tr2.u_tree.add_a[10]$_DFF_P_/D (DFFHQNx1_ASAP7_75t_R) 1360.23 1401.46  -41.23 (VIOLATED)
u_e.g_mac[1].g_tr2.u_tree.infl[12][0]$_DFF_PN0_/D (DFFASRHQNx1_ASAP7_75t_R) 1370.64 1411.86  -41.22 (VIOLATED)
u_e.g_mac[1].g_l2.u_l1.p0_wq[82]$_DFF_P_/D (DFFHQNx1_ASAP7_75t_R) 1358.95 1400.16  -41.21 (VIOLATED)
u_e.g_mac[0].g_l2.u_l0.p2_c[46]$_DFF_P_/D (DFFHQNx1_ASAP7_75t_R) 1367.41 1408.62  -41.21 (VIOLATED)
u_e.g_mac[0].g_ch2.u_c1.u_add.u_c0.g_r.r[36]$_DFF_P_/D (DFFHQNx1_ASAP7_75t_R) 1369.49 1410.67  -41.17 (VIOLATED)
u_e.g_mac[1].g_l2.u_l0.p0_wq[144]$_DFF_P_/D (DFFHQNx1_ASAP7_75t_R) 1376.58 1417.70  -41.11 (VIOLATED)
u_e.g_mac[1].g_l2.u_l0.p1_sh[19][3]$_DFF_P_/D (DFFHQNx2_ASAP7_75t_R) 1352.55 1393.64  -41.09 (VIOLATED)
u_e.g_mac[0].g_tr2.u_tree.held[37][6]$_DFFE_PP_/D (DFFHQNx1_ASAP7_75t_R) 1405.20 1446.27  -41.08 (VIOLATED)
u_e.g_mac[0].g_l2.u_l0.p2_c[222]$_DFF_P_/D (DFFHQNx1_ASAP7_75t_R) 1374.82 1415.89  -41.07 (VIOLATED)
u_e.g_mac[0].g_tr2.u_tree.have[34]$_DFFE_PN0P_/D (DFFASRHQNx1_ASAP7_75t_R) 1353.78 1394.85  -41.07 (VIOLATED)
u_e.g_mac[1].g_l2.u_l1.p2_c[22]$_DFF_P_/D (DFFHQNx1_ASAP7_75t_R) 1361.93 1403.00  -41.07 (VIOLATED)
u_e.g_mac[0].g_tr2.u_tree.held[17][7]$_DFFE_PP_/D (DFFHQNx1_ASAP7_75t_R) 1405.19 1446.22  -41.03 (VIOLATED)
u_e.g_mac[0].g_tr2.u_tree.held[17][14]$_DFFE_PP_/D (DFFHQNx1_ASAP7_75t_R) 1404.71 1445.70  -40.99 (VIOLATED)
u_e.g_mac[0].g_tr2.u_tree.held[72][6]$_DFFE_PP_/D (DFFHQNx1_ASAP7_75t_R) 1365.46 1406.44  -40.98 (VIOLATED)
u_e.g_mac[0].g_l2.u_l0.p2_c[39]$_DFF_P_/D (DFFHQNx1_ASAP7_75t_R) 1358.82 1399.79  -40.97 (VIOLATED)
u_e.g_mac[0].g_tr2.u_tree.held[57][6]$_DFFE_PP_/D (DFFHQNx1_ASAP7_75t_R) 1404.16 1445.11  -40.95 (VIOLATED)
u_e.g_mac[0].g_tr2.u_tree.held[36][11]$_DFFE_PP_/D (DFFHQNx1_ASAP7_75t_R) 1403.41 1444.28  -40.87 (VIOLATED)
u_e.g_mac[1].g_l2.u_l0.p2_c[190]$_DFF_P_/D (DFFHQNx1_ASAP7_75t_R) 1362.87 1403.72  -40.86 (VIOLATED)
u_e.g_mac[1].g_l2.u_l0.p2_c[194]$_DFF_P_/D (DFFHQNx1_ASAP7_75t_R) 1363.37 1404.22  -40.85 (VIOLATED)
u_e.g_mac[0].g_tr2.u_tree.held[15][11]$_DFFE_PP_/D (DFFHQNx1_ASAP7_75t_R) 1404.63 1445.46  -40.84 (VIOLATED)
u_e.g_mac[0].g_tr2.u_tree.infl[15][0]$_DFF_PN0_/D (DFFASRHQNx1_ASAP7_75t_R) 1431.45 1472.21  -40.76 (VIOLATED)
u_e.g_mac[0].g_l2.u_l0.p1_sh[12][2]$_DFF_P_/D (DFFHQNx1_ASAP7_75t_R) 1373.65 1414.41  -40.76 (VIOLATED)
u_e.g_mac[0].g_tr2.u_tree.have[41]$_DFFE_PN0P_/D (DFFASRHQNx1_ASAP7_75t_R) 1353.86 1394.61  -40.75 (VIOLATED)
u_e.g_mac[0].g_tr2.u_tree.held[9][5]$_DFFE_PP_/D (DFFHQNx1_ASAP7_75t_R) 1405.87 1446.60  -40.73 (VIOLATED)
u_e.g_mac[1].g_l2.u_l0.p2_c[183]$_DFF_P_/D (DFFHQNx1_ASAP7_75t_R) 1363.37 1404.08  -40.72 (VIOLATED)
u_e.g_mac[1].g_l2.u_l1.p0_wq[16]$_DFF_P_/D (DFFHQNx1_ASAP7_75t_R) 1375.93 1416.61  -40.68 (VIOLATED)
u_e.g_mac[0].g_tr2.u_tree.held[3][9]$_DFFE_PP_/D (DFFHQNx1_ASAP7_75t_R) 1398.76 1439.43  -40.67 (VIOLATED)
u_e.g_mac[0].g_tr2.u_tree.x_oh[37]$_DFF_P_/D (DFFHQNx1_ASAP7_75t_R) 1390.76 1431.41  -40.65 (VIOLATED)
u_e.g_mac[0].g_tr2.u_tree.held[63][2]$_DFFE_PP_/D (DFFHQNx1_ASAP7_75t_R) 1406.10 1446.74  -40.63 (VIOLATED)
u_e.g_mac[0].g_tr2.u_tree.held[36][2]$_DFFE_PP_/D (DFFHQNx1_ASAP7_75t_R) 1402.73 1443.36  -40.63 (VIOLATED)
u_e.g_mac[0].g_tr2.u_tree.held[9][16]$_DFFE_PP_/D (DFFHQNx1_ASAP7_75t_R) 1399.73 1440.35  -40.63 (VIOLATED)
u_e.g_mac[0].g_tr2.u_tree.held[13][14]$_DFFE_PP_/D (DFFHQNx1_ASAP7_75t_R) 1400.08 1440.70  -40.62 (VIOLATED)
u_e.g_mac[0].g_tr2.u_tree.held[57][5]$_DFFE_PP_/D (DFFHQNx1_ASAP7_75t_R) 1405.97 1446.55  -40.58 (VIOLATED)
u_e.g_mac[0].g_tr2.u_tree.held[77][14]$_DFFE_PP_/D (DFFHQNx1_ASAP7_75t_R) 1404.66 1445.21  -40.55 (VIOLATED)
u_e.g_mac[0].g_tr2.u_tree.held[2][18]$_DFFE_PP_/D (DFFHQNx1_ASAP7_75t_R) 1368.95 1409.50  -40.55 (VIOLATED)
u_e.g_mac[1].g_ch2.u_c1.u_add.u_c8.g_r.r[5]$_DFF_P_/D (DFFHQNx2_ASAP7_75t_R) 1360.68 1401.20  -40.52 (VIOLATED)
u_e.g_mac[0].g_tr2.u_tree.x_oh[39]$_DFF_P_/D (DFFHQNx1_ASAP7_75t_R) 1390.97 1431.48  -40.51 (VIOLATED)
u_e.g_mac[0].g_tr2.u_tree.held[61][31]$_DFFE_PP_/D (DFFHQNx1_ASAP7_75t_R) 1399.66 1440.14  -40.48 (VIOLATED)
u_e.g_mac[1].g_l2.u_l0.p0_wq[152]$_DFF_P_/D (DFFHQNx1_ASAP7_75t_R) 1377.36 1417.82  -40.46 (VIOLATED)
u_e.g_mac[0].g_tr2.u_tree.held[13][4]$_DFFE_PP_/D (DFFHQNx1_ASAP7_75t_R) 1400.91 1441.37  -40.46 (VIOLATED)
u_e.g_mac[0].g_l2.u_l0.p2_c[68]$_DFF_P_/D (DFFHQNx1_ASAP7_75t_R) 1358.61 1399.07  -40.46 (VIOLATED)
u_e.g_mac[1].g_l2.u_l1.p2_c[4]$_DFF_P_/D (DFFHQNx1_ASAP7_75t_R) 1360.65 1401.08  -40.44 (VIOLATED)
u_e.g_mac[0].g_l2.u_l1.p0_wq[81]$_DFF_P_/D (DFFHQNx1_ASAP7_75t_R) 1389.20 1429.57  -40.37 (VIOLATED)
u_e.g_mac[0].g_tr2.u_tree.held[36][16]$_DFFE_PP_/D (DFFHQNx1_ASAP7_75t_R) 1399.17 1439.52  -40.35 (VIOLATED)
u_e.g_mac[1].g_l2.u_l1.p2_c[53]$_DFF_P_/D (DFFHQNx1_ASAP7_75t_R) 1378.00 1418.31  -40.31 (VIOLATED)
u_e.g_mac[0].g_tr2.u_tree.held[13][5]$_DFFE_PP_/D (DFFHQNx1_ASAP7_75t_R) 1403.82 1444.09  -40.27 (VIOLATED)
u_e.g_mac[0].g_l2.u_l1.p5a_nm[30]$_DFF_P_/D (DFFHQNx1_ASAP7_75t_R) 1360.19 1400.41  -40.22 (VIOLATED)
u_e.g_mac[0].g_tr2.u_tree.held[59][7]$_DFFE_PP_/D (DFFHQNx1_ASAP7_75t_R) 1404.78 1444.93  -40.15 (VIOLATED)
u_e.g_mac[0].g_tr2.u_tree.x_oh[78]$_DFF_P_/D (DFFHQNx1_ASAP7_75t_R) 1391.15 1431.30  -40.15 (VIOLATED)
u_e.a_ctr[1]$_DFFE_PP_/D (DFFHQNx1_ASAP7_75t_R) 1397.97 1438.08  -40.11 (VIOLATED)
u_e.g_mac[1].g_l2.u_l0.p1_p[4][7]$_DFF_P_/D (DFFHQNx1_ASAP7_75t_R) 1400.39 1440.48  -40.09 (VIOLATED)
u_e.g_mac[0].g_tr2.u_tree.held[57][2]$_DFFE_PP_/D (DFFHQNx1_ASAP7_75t_R) 1405.55 1445.62  -40.07 (VIOLATED)
u_e.g_mac[0].g_tr2.u_tree.held[64][11]$_DFFE_PP_/D (DFFHQNx1_ASAP7_75t_R) 1404.40 1444.45  -40.04 (VIOLATED)
u_e.g_mac[0].g_tr2.u_tree.held[58][8]$_DFFE_PP_/D (DFFHQNx1_ASAP7_75t_R) 1404.85 1444.85  -40.00 (VIOLATED)
u_e.g_mac[0].g_tr2.u_tree.held[15][4]$_DFFE_PP_/D (DFFHQNx1_ASAP7_75t_R) 1404.40 1444.38  -39.98 (VIOLATED)
u_e.g_mac[0].g_tr2.u_tree.held[46][2]$_DFFE_PP_/D (DFFHQNx1_ASAP7_75t_R) 1404.96 1444.92  -39.96 (VIOLATED)
u_e.w_s[1]$_DFFE_PP_/D (DFFHQNx1_ASAP7_75t_R) 1376.07 1416.03  -39.96 (VIOLATED)
u_e.g_mac[0].g_l2.u_l1.p0_wq[11]$_DFF_P_/D (DFFHQNx1_ASAP7_75t_R) 1393.01 1432.97  -39.95 (VIOLATED)
u_e.g_mac[0].g_l2.u_l1.p2_c[12]$_DFF_P_/D (DFFHQNx1_ASAP7_75t_R) 1371.22 1411.17  -39.95 (VIOLATED)
u_e.g_mac[0].g_tr2.u_tree.held[8][2]$_DFFE_PP_/D (DFFHQNx1_ASAP7_75t_R) 1405.56 1445.50  -39.94 (VIOLATED)
u_e.g_mac[0].g_tr2.u_tree.held[46][4]$_DFFE_PP_/D (DFFHQNx1_ASAP7_75t_R) 1404.65 1444.57  -39.92 (VIOLATED)
u_e.g_mac[0].g_tr2.u_tree.held[24][8]$_DFFE_PP_/D (DFFHQNx1_ASAP7_75t_R) 1403.39 1443.31  -39.92 (VIOLATED)
u_e.g_mac[0].g_tr2.u_tree.held[8][11]$_DFFE_PP_/D (DFFHQNx1_ASAP7_75t_R) 1403.98 1443.89  -39.91 (VIOLATED)
u_e.g_mac[0].g_tr2.u_tree.held[73][3]$_DFFE_PP_/D (DFFHQNx1_ASAP7_75t_R) 1439.86 1479.75  -39.90 (VIOLATED)
u_e.g_mac[0].g_tr2.u_tree.x_above[13]$_DFF_P_/D (DFFHQNx1_ASAP7_75t_R) 1393.45 1433.33  -39.88 (VIOLATED)
u_e.g_mac[0].g_tr2.u_tree.x_oh[38]$_DFF_P_/D (DFFHQNx1_ASAP7_75t_R) 1391.27 1431.14  -39.87 (VIOLATED)
u_e.g_mac[0].g_tr2.u_tree.held[31][6]$_DFFE_PP_/D (DFFHQNx1_ASAP7_75t_R) 1402.48 1442.31  -39.82 (VIOLATED)
u_e.g_mac[0].g_l2.u_l0.p1_sh[17][3]$_DFF_P_/D (DFFHQNx1_ASAP7_75t_R) 1370.91 1410.73  -39.82 (VIOLATED)
u_e.g_mac[0].g_tr2.u_tree.held[15][2]$_DFFE_PP_/D (DFFHQNx1_ASAP7_75t_R) 1405.07 1444.85  -39.78 (VIOLATED)
u_e.g_mac[0].g_l2.u_l0.p2_c[109]$_DFF_P_/D (DFFHQNx1_ASAP7_75t_R) 1360.75 1400.51  -39.77 (VIOLATED)
u_e.g_mac[0].g_tr2.u_tree.held[62][31]$_DFFE_PP_/D (DFFHQNx1_ASAP7_75t_R) 1403.40 1443.16  -39.75 (VIOLATED)
u_e.g_mac[0].g_tr2.u_tree.held[25][14]$_DFFE_PP_/D (DFFHQNx1_ASAP7_75t_R) 1404.07 1443.80  -39.73 (VIOLATED)
u_e.g_mac[0].g_tr2.u_tree.held[57][7]$_DFFE_PP_/D (DFFHQNx1_ASAP7_75t_R) 1404.36 1444.07  -39.72 (VIOLATED)
u_e.g_mac[1].g_l2.u_l0.p0_wq[242]$_DFF_P_/D (DFFHQNx1_ASAP7_75t_R) 1352.22 1391.93  -39.71 (VIOLATED)
u_e.g_mac[0].g_tr2.u_tree.held[36][7]$_DFFE_PP_/D (DFFHQNx1_ASAP7_75t_R) 1405.28 1444.98  -39.70 (VIOLATED)
u_e.g_mac[0].g_tr2.u_tree.held[59][2]$_DFFE_PP_/D (DFFHQNx1_ASAP7_75t_R) 1405.37 1445.06  -39.70 (VIOLATED)
u_e.g_mac[0].g_tr2.u_tree.held[57][0]$_DFFE_PP_/D (DFFHQNx1_ASAP7_75t_R) 1399.56 1439.25  -39.68 (VIOLATED)
u_e.g_mac[0].g_tr2.u_tree.held[46][16]$_DFFE_PP_/D (DFFHQNx1_ASAP7_75t_R) 1400.98 1440.66  -39.68 (VIOLATED)
u_e.g_mac[0].g_tr2.u_tree.held[42][9]$_DFFE_PP_/D (DFFHQNx1_ASAP7_75t_R) 1398.91 1438.59  -39.68 (VIOLATED)
u_e.g_mac[0].g_tr2.u_tree.held[13][11]$_DFFE_PP_/D (DFFHQNx1_ASAP7_75t_R) 1404.79 1444.44  -39.65 (VIOLATED)
u_e.g_mac[0].g_tr2.u_tree.held[0][7]$_DFFE_PP_/D (DFFHQNx1_ASAP7_75t_R) 1404.19 1443.83  -39.64 (VIOLATED)
u_e.g_mac[1].g_tr2.u_tree.infl[14][0]$_DFF_PN0_/D (DFFASRHQNx1_ASAP7_75t_R) 1371.28 1410.89  -39.61 (VIOLATED)
u_e.g_mac[0].g_tr2.u_tree.held[73][8]$_DFFE_PP_/D (DFFHQNx1_ASAP7_75t_R) 1440.48 1480.06  -39.58 (VIOLATED)
u_e.g_mac[1].g_l2.u_l1.p2_c[109]$_DFF_P_/D (DFFHQNx1_ASAP7_75t_R) 1359.79 1399.37  -39.58 (VIOLATED)
u_e.g_mac[0].g_tr2.u_tree.held[36][6]$_DFFE_PP_/D (DFFHQNx1_ASAP7_75t_R) 1402.90 1442.45  -39.56 (VIOLATED)
u_e.g_mac[0].g_tr2.u_tree.held[51][10]$_DFFE_PP_/D (DFFHQNx1_ASAP7_75t_R) 1424.10 1463.65  -39.56 (VIOLATED)
u_e.g_mac[1].g_l2.u_l0.p2_c[179]$_DFF_P_/D (DFFHQNx1_ASAP7_75t_R) 1363.77 1403.33  -39.55 (VIOLATED)
u_e.g_mac[0].g_l2.u_l1.p0_wq[217]$_DFF_P_/D (DFFHQNx1_ASAP7_75t_R) 1383.80 1423.33  -39.54 (VIOLATED)
u_e.g_mac[0].g_tr2.u_tree.held[37][5]$_DFFE_PP_/D (DFFHQNx1_ASAP7_75t_R) 1405.98 1445.51  -39.53 (VIOLATED)
u_e.g_mac[1].g_l2.u_l1.p0_wq[25]$_DFF_P_/D (DFFHQNx1_ASAP7_75t_R) 1372.69 1412.23  -39.53 (VIOLATED)
u_e.g_mac[0].g_l2.u_l0.p2_c[57]$_DFF_P_/D (DFFHQNx1_ASAP7_75t_R) 1369.53 1409.05  -39.51 (VIOLATED)
u_e.g_mac[0].g_tr2.u_tree.held[42][2]$_DFFE_PP_/D (DFFHQNx1_ASAP7_75t_R) 1400.63 1440.14  -39.51 (VIOLATED)
u_e.g_mac[0].g_tr2.u_tree.held[13][31]$_DFFE_PP_/D (DFFHQNx1_ASAP7_75t_R) 1405.26 1444.75  -39.49 (VIOLATED)
u_e.g_mac[0].g_l2.u_l0.p2_c[106]$_DFF_P_/D (DFFHQNx1_ASAP7_75t_R) 1361.17 1400.66  -39.49 (VIOLATED)
u_e.g_mac[1].g_l2.u_l1.p2_c[136]$_DFF_P_/D (DFFHQNx1_ASAP7_75t_R) 1347.75 1387.19  -39.45 (VIOLATED)
u_e.g_mac[1].g_ch2.u_c1.u_add.u_c0.g_r.r[34]$_DFF_P_/D (DFFHQNx1_ASAP7_75t_R) 1360.24 1399.66  -39.43 (VIOLATED)
u_e.g_mac[1].g_l2.u_l1.p2_c[101]$_DFF_P_/D (DFFHQNx1_ASAP7_75t_R) 1361.99 1401.40  -39.41 (VIOLATED)
u_e.g_mac[0].g_tr2.u_tree.held[35][1]$_DFFE_PP_/D (DFFHQNx1_ASAP7_75t_R) 1423.70 1463.10  -39.40 (VIOLATED)
u_e.g_mac[0].g_tr2.u_tree.held[47][6]$_DFFE_PP_/D (DFFHQNx1_ASAP7_75t_R) 1404.52 1443.91  -39.39 (VIOLATED)
u_e.g_mac[0].g_tr2.u_tree.add_b[5]$_SDFF_PN0_/D (DFFHQNx1_ASAP7_75t_R) 1372.46 1411.84  -39.38 (VIOLATED)
u_e.g_mac[0].g_tr2.u_tree.held[3][31]$_DFFE_PP_/D (DFFHQNx1_ASAP7_75t_R) 1403.17 1442.54  -39.37 (VIOLATED)
u_e.g_mac[0].g_tr2.u_tree.held[62][11]$_DFFE_PP_/D (DFFHQNx1_ASAP7_75t_R) 1403.62 1442.97  -39.34 (VIOLATED)
u_e.g_mac[1].g_ch2.u_c1.u_add.u_c0.g_r.r[33]$_DFF_P_/D (DFFHQNx1_ASAP7_75t_R) 1362.54 1401.82  -39.29 (VIOLATED)
u_e.g_mac[0].g_tr2.u_tree.held[31][2]$_DFFE_PP_/D (DFFHQNx1_ASAP7_75t_R) 1403.45 1442.73  -39.28 (VIOLATED)
u_e.g_mac[0].g_tr2.u_tree.x_oh[19]$_DFF_P_/D (DFFHQNx1_ASAP7_75t_R) 1390.76 1430.04  -39.28 (VIOLATED)
u_e.g_mac[0].g_tr2.u_tree.held[74][9]$_DFFE_PP_/D (DFFHQNx1_ASAP7_75t_R) 1405.27 1444.53  -39.26 (VIOLATED)
u_e.g_mac[0].g_tr2.u_tree.x_above[14]$_DFF_P_/D (DFFHQNx1_ASAP7_75t_R) 1363.87 1403.11  -39.24 (VIOLATED)
u_e.g_mac[0].g_tr2.u_tree.held[72][25]$_DFFE_PP_/D (DFFHQNx1_ASAP7_75t_R) 1365.73 1404.95  -39.22 (VIOLATED)
u_e.g_mac[1].g_l2.u_l0.p2_c[104]$_DFF_P_/D (DFFHQNx1_ASAP7_75t_R) 1371.16 1410.37  -39.21 (VIOLATED)
u_e.g_mac[0].g_l2.u_l0.p2_c[226]$_DFF_P_/D (DFFHQNx1_ASAP7_75t_R) 1373.13 1412.35  -39.21 (VIOLATED)
u_e.g_mac[0].g_tr2.u_tree.held[25][7]$_DFFE_PP_/D (DFFHQNx1_ASAP7_75t_R) 1405.38 1444.58  -39.20 (VIOLATED)
u_e.g_mac[0].g_tr2.u_tree.infl[6][0]$_DFF_PN0_/D (DFFASRHQNx1_ASAP7_75t_R) 1431.55 1470.74  -39.20 (VIOLATED)
u_e.g_mac[1].g_l2.u_l1.p0_wq[27]$_DFF_P_/D (DFFHQNx1_ASAP7_75t_R) 1372.96 1412.14  -39.18 (VIOLATED)
u_e.g_mac[0].g_tr2.u_tree.held[2][21]$_DFFE_PP_/D (DFFHQNx1_ASAP7_75t_R) 1369.80 1408.92  -39.12 (VIOLATED)
u_e.g_mac[0].g_tr2.u_tree.held[13][2]$_DFFE_PP_/D (DFFHQNx1_ASAP7_75t_R) 1405.27 1444.36  -39.09 (VIOLATED)
u_e.g_mac[0].g_tr2.u_tree.x_oh[40]$_DFF_P_/D (DFFHQNx1_ASAP7_75t_R) 1391.47 1430.54  -39.06 (VIOLATED)
u_e.g_mac[0].g_l2.u_l0.p1_nan$_DFF_P_/D (DFFHQNx1_ASAP7_75t_R) 1366.41 1405.43  -39.02 (VIOLATED)
u_e.g_mac[0].g_tr2.u_tree.held[36][14]$_DFFE_PP_/D (DFFHQNx1_ASAP7_75t_R) 1404.81 1443.83  -39.02 (VIOLATED)
u_e.g_mac[0].g_tr2.u_tree.x_oh[57]$_DFF_P_/D (DFFHQNx1_ASAP7_75t_R) 1392.04 1431.04  -39.00 (VIOLATED)
u_e.g_mac[0].g_tr2.u_tree.held[5][27]$_DFFE_PP_/D (DFFHQNx1_ASAP7_75t_R) 1365.06 1404.05  -39.00 (VIOLATED)
u_e.g_mac[0].g_tr2.u_tree.held[19][19]$_DFFE_PP_/D (DFFHQNx1_ASAP7_75t_R) 1367.33 1406.33  -38.99 (VIOLATED)
u_e.g_mac[1].g_l2.u_l0.p2_c[99]$_DFF_P_/D (DFFHQNx1_ASAP7_75t_R) 1371.75 1410.75  -38.99 (VIOLATED)
u_e.g_mac[0].g_tr2.u_tree.x_oh[79]$_DFF_P_/D (DFFHQNx1_ASAP7_75t_R) 1391.60 1430.59  -38.99 (VIOLATED)
u_e.g_mac[0].g_tr2.u_tree.add_a[3]$_DFF_P_/D (DFFHQNx1_ASAP7_75t_R) 1373.97 1412.96  -38.98 (VIOLATED)
u_e.g_mac[1].g_l2.u_l0.p0_wq[240]$_DFF_P_/D (DFFHQNx1_ASAP7_75t_R) 1354.40 1393.33  -38.93 (VIOLATED)
u_e.g_mac[0].g_l2.u_l0.p2_c[133]$_DFF_P_/D (DFFHQNx1_ASAP7_75t_R) 1357.64 1396.55  -38.91 (VIOLATED)
u_e.g_mac[0].g_l2.u_l1.p0_wq[232]$_DFF_P_/D (DFFHQNx1_ASAP7_75t_R) 1388.58 1427.47  -38.88 (VIOLATED)
u_e.g_mac[0].g_l2.u_l0.p1_p[14][2]$_DFF_P_/D (DFFHQNx1_ASAP7_75t_R) 1358.98 1397.85  -38.88 (VIOLATED)
u_e.g_mac[0].g_tr2.u_tree.held[31][31]$_DFFE_PP_/D (DFFHQNx1_ASAP7_75t_R) 1403.59 1442.43  -38.84 (VIOLATED)
u_e.g_mac[1].g_l2.u_l1.p2_c[83]$_DFF_P_/D (DFFHQNx1_ASAP7_75t_R) 1361.51 1400.34  -38.83 (VIOLATED)
u_e.g_mac[0].g_tr2.u_tree.held[45][31]$_DFFE_PP_/D (DFFHQNx1_ASAP7_75t_R) 1400.34 1439.16  -38.82 (VIOLATED)
u_e.g_mac[0].g_tr2.u_tree.held[2][20]$_DFFE_PP_/D (DFFHQNx1_ASAP7_75t_R) 1366.17 1404.99  -38.82 (VIOLATED)
u_e.g_mac[1].g_l2.u_l0.p1_p[29][3]$_DFF_P_/D (DFFHQNx1_ASAP7_75t_R) 1376.85 1415.65  -38.80 (VIOLATED)
u_e.g_mac[0].g_l2.u_l0.p2_c[221]$_DFF_P_/D (DFFHQNx1_ASAP7_75t_R) 1373.32 1412.09  -38.77 (VIOLATED)
u_e.g_mac[0].g_tr2.u_tree.add_a[16]$_DFF_P_/D (DFFHQNx1_ASAP7_75t_R) 1361.70 1400.47  -38.77 (VIOLATED)
u_e.g_mac[1].g_l2.u_l1.p2_c[36]$_DFF_P_/D (DFFHQNx1_ASAP7_75t_R) 1361.72 1400.48  -38.76 (VIOLATED)
u_e.g_mac[1].g_l2.u_l1.p2_c[50]$_DFF_P_/D (DFFHQNx1_ASAP7_75t_R) 1365.26 1404.01  -38.75 (VIOLATED)
u_e.g_mac[0].g_tr2.u_tree.add_a[4]$_DFF_P_/D (DFFHQNx1_ASAP7_75t_R) 1361.01 1399.76  -38.75 (VIOLATED)
u_e.g_mac[1].g_l2.u_l1.p0_wq[40]$_DFF_P_/D (DFFHQNx1_ASAP7_75t_R) 1356.32 1395.06  -38.74 (VIOLATED)
u_e.g_mac[0].g_tr2.u_tree.held[4][2]$_DFFE_PP_/D (DFFHQNx1_ASAP7_75t_R) 1404.61 1443.34  -38.73 (VIOLATED)
u_e.g_mac[0].g_tr2.u_tree.held[64][7]$_DFFE_PP_/D (DFFHQNx1_ASAP7_75t_R) 1404.91 1443.64  -38.73 (VIOLATED)
u_e.g_mac[1].g_l2.u_l1.p2_c[73]$_DFF_P_/D (DFFHQNx1_ASAP7_75t_R) 1376.84 1415.54  -38.70 (VIOLATED)
u_e.g_mac[0].g_tr2.u_tree.held[38][9]$_DFFE_PP_/D (DFFHQNx1_ASAP7_75t_R) 1401.73 1440.42  -38.69 (VIOLATED)
u_e.g_mac[0].g_tr2.u_tree.infl[5][0]$_DFF_PN0_/D (DFFASRHQNx1_ASAP7_75t_R) 1431.53 1470.22  -38.69 (VIOLATED)
u_e.g_mac[0].g_tr2.u_tree.have[78]$_DFFE_PN0P_/D (DFFASRHQNx1_ASAP7_75t_R) 1355.54 1394.23  -38.69 (VIOLATED)
u_e.g_mac[0].g_tr2.u_tree.held[58][11]$_DFFE_PP_/D (DFFHQNx1_ASAP7_75t_R) 1405.79 1444.47  -38.68 (VIOLATED)
u_e.g_mac[1].g_l2.u_l0.p0_wq[99]$_DFF_P_/D (DFFHQNx1_ASAP7_75t_R) 1353.79 1392.47  -38.68 (VIOLATED)
u_e.g_mac[0].g_tr2.u_tree.held[73][10]$_DFFE_PP_/D (DFFHQNx1_ASAP7_75t_R) 1438.51 1477.18  -38.68 (VIOLATED)
u_e.g_mac[0].g_tr2.u_tree.held[25][11]$_DFFE_PP_/D (DFFHQNx1_ASAP7_75t_R) 1404.99 1443.67  -38.67 (VIOLATED)
u_e.g_mac[1].g_l2.u_l1.p2_c[135]$_DFF_P_/D (DFFHQNx1_ASAP7_75t_R) 1340.59 1379.23  -38.63 (VIOLATED)
u_e.g_mac[0].g_tr2.u_tree.held[8][7]$_DFFE_PP_/D (DFFHQNx1_ASAP7_75t_R) 1404.85 1443.45  -38.60 (VIOLATED)
u_e.g_mac[0].g_tr2.u_tree.held[47][0]$_DFFE_PP_/D (DFFHQNx1_ASAP7_75t_R) 1404.55 1443.15  -38.59 (VIOLATED)
u_e.g_mac[0].g_tr2.u_tree.held[46][0]$_DFFE_PP_/D (DFFHQNx1_ASAP7_75t_R) 1400.56 1439.13  -38.57 (VIOLATED)
u_e.g_mac[0].g_tr2.u_tree.held[62][8]$_DFFE_PP_/D (DFFHQNx1_ASAP7_75t_R) 1404.80 1443.37  -38.57 (VIOLATED)
u_e.g_mac[0].g_tr2.u_tree.held[32][16]$_DFFE_PP_/D (DFFHQNx1_ASAP7_75t_R) 1399.43 1437.99  -38.56 (VIOLATED)
u_e.g_mac[0].g_tr2.u_tree.held[47][14]$_DFFE_PP_/D (DFFHQNx1_ASAP7_75t_R) 1404.32 1442.86  -38.54 (VIOLATED)
u_e.g_mac[0].g_tr2.u_tree.held[52][2]$_DFFE_PP_/D (DFFHQNx1_ASAP7_75t_R) 1404.76 1443.27  -38.51 (VIOLATED)
u_e.g_mac[1].g_l2.u_l1.p2_c[98]$_DFF_P_/D (DFFHQNx1_ASAP7_75t_R) 1355.28 1393.78  -38.49 (VIOLATED)
u_e.i1_q0[135]$_DFF_P_/D (DFFHQNx1_ASAP7_75t_R) 1368.84 1407.33  -38.49 (VIOLATED)
u_e.g_mac[1].g_l2.u_l1.p2_c[110]$_DFF_P_/D (DFFHQNx1_ASAP7_75t_R) 1360.09 1398.57  -38.48 (VIOLATED)
u_e.g_mac[0].g_l2.u_l0.p2_c[122]$_DFF_P_/D (DFFHQNx1_ASAP7_75t_R) 1359.99 1398.46  -38.47 (VIOLATED)
u_e.g_mac[0].g_l2.u_l0.p2_c[142]$_DFF_P_/D (DFFHQNx1_ASAP7_75t_R) 1364.23 1402.70  -38.47 (VIOLATED)
u_e.g_mac[0].g_tr2.u_tree.held[12][9]$_DFFE_PP_/D (DFFHQNx1_ASAP7_75t_R) 1401.86 1440.31  -38.45 (VIOLATED)
u_e.g_mac[0].g_tr2.u_tree.held[33][7]$_DFFE_PP_/D (DFFHQNx1_ASAP7_75t_R) 1413.32 1451.76  -38.44 (VIOLATED)
u_e.g_mac[0].g_tr2.u_tree.add_a[0]$_DFF_P_/D (DFFHQNx1_ASAP7_75t_R) 1362.35 1400.71  -38.36 (VIOLATED)
u_e.g_mac[0].g_tr2.u_tree.held[18][11]$_DFFE_PP_/D (DFFHQNx1_ASAP7_75t_R) 1404.56 1442.91  -38.35 (VIOLATED)
u_e.g_mac[0].g_tr2.u_tree.held[55][31]$_DFFE_PP_/D (DFFHQNx1_ASAP7_75t_R) 1400.33 1438.68  -38.35 (VIOLATED)
u_e.g_mac[0].g_l2.u_l0.p1_sh[23][3]$_DFF_P_/D (DFFHQNx2_ASAP7_75t_R) 1360.82 1399.16  -38.35 (VIOLATED)
u_e.g_mac[0].g_tr2.u_tree.held[2][9]$_DFFE_PP_/D (DFFHQNx1_ASAP7_75t_R) 1365.52 1403.80  -38.28 (VIOLATED)
u_e.g_mac[0].g_tr2.u_tree.infl[4][0]$_DFF_PN0_/D (DFFASRHQNx1_ASAP7_75t_R) 1425.08 1463.34  -38.26 (VIOLATED)
u_e.g_mac[0].g_tr2.u_tree.x_oh[77]$_DFF_P_/D (DFFHQNx1_ASAP7_75t_R) 1392.14 1430.37  -38.23 (VIOLATED)
u_e.g_mac[0].g_l2.u_l1.p2_c[17]$_DFF_P_/D (DFFHQNx1_ASAP7_75t_R) 1389.56 1427.77  -38.21 (VIOLATED)
u_e.g_mac[0].g_l2.u_l0.p2_c[144]$_DFF_P_/D (DFFHQNx1_ASAP7_75t_R) 1362.62 1400.77  -38.15 (VIOLATED)
u_e.g_mac[0].g_tr2.u_tree.held[12][6]$_DFFE_PP_/D (DFFHQNx1_ASAP7_75t_R) 1402.97 1441.11  -38.14 (VIOLATED)
u_e.g_mac[0].g_tr2.u_tree.add_a[9]$_DFF_P_/D (DFFHQNx1_ASAP7_75t_R) 1362.04 1400.17  -38.14 (VIOLATED)
u_e.g_mac[0].g_tr2.u_tree.held[48][7]$_DFFE_PP_/D (DFFHQNx1_ASAP7_75t_R) 1404.37 1442.50  -38.13 (VIOLATED)
u_e.g_mac[0].g_l2.u_l0.p2_c[246]$_DFF_P_/D (DFFHQNx1_ASAP7_75t_R) 1375.17 1413.30  -38.13 (VIOLATED)
u_e.g_mac[1].g_l2.u_l1.p2_c[99]$_DFF_P_/D (DFFHQNx1_ASAP7_75t_R) 1358.63 1396.75  -38.12 (VIOLATED)
u_e.g_mac[1].g_l2.u_l0.p1_sh[31][2]$_DFF_P_/D (DFFHQNx1_ASAP7_75t_R) 1379.68 1417.80  -38.12 (VIOLATED)
u_e.g_mac[0].g_l2.u_l0.p2_c[58]$_DFF_P_/D (DFFHQNx1_ASAP7_75t_R) 1363.23 1401.35  -38.12 (VIOLATED)
u_e.g_mac[0].g_tr2.u_tree.held[75][31]$_DFFE_PP_/D (DFFHQNx1_ASAP7_75t_R) 1402.70 1440.81  -38.11 (VIOLATED)
u_e.g_mac[0].g_tr2.u_tree.x_above[79]$_DFF_P_/D (DFFHQNx1_ASAP7_75t_R) 1374.88 1412.93  -38.05 (VIOLATED)
u_e.g_mac[0].g_tr2.u_tree.held[26][14]$_DFFE_PP_/D (DFFHQNx1_ASAP7_75t_R) 1399.55 1437.59  -38.04 (VIOLATED)
u_e.g_mac[0].g_l2.u_l0.p2_c[206]$_DFF_P_/D (DFFHQNx1_ASAP7_75t_R) 1357.15 1395.14  -37.99 (VIOLATED)
u_e.g_mac[1].g_l2.u_l1.p0_wq[51]$_DFF_P_/D (DFFHQNx1_ASAP7_75t_R) 1378.09 1416.07  -37.98 (VIOLATED)
u_e.g_mac[1].g_l2.u_l0.p2_c[224]$_DFF_P_/D (DFFHQNx1_ASAP7_75t_R) 1373.11 1411.09  -37.98 (VIOLATED)
u_e.g_mac[1].g_l2.u_l1.p2_c[195]$_DFF_P_/D (DFFHQNx1_ASAP7_75t_R) 1367.78 1405.72  -37.94 (VIOLATED)
u_e.g_mac[0].g_tr2.u_tree.held[35][4]$_DFFE_PP_/D (DFFHQNx1_ASAP7_75t_R) 1453.89 1491.83  -37.94 (VIOLATED)
u_e.g_mac[0].g_tr2.u_tree.held[60][14]$_DFFE_PP_/D (DFFHQNx1_ASAP7_75t_R) 1403.72 1441.66  -37.93 (VIOLATED)
u_e.g_mac[0].g_tr2.u_tree.held[8][5]$_DFFE_PP_/D (DFFHQNx1_ASAP7_75t_R) 1404.01 1441.93  -37.92 (VIOLATED)
u_e.g_mac[0].g_tr2.u_tree.held[13][6]$_DFFE_PP_/D (DFFHQNx1_ASAP7_75t_R) 1406.09 1443.98  -37.89 (VIOLATED)
u_e.g_mac[1].g_l2.u_l0.p2_c[187]$_DFF_P_/D (DFFHQNx1_ASAP7_75t_R) 1359.03 1396.92  -37.89 (VIOLATED)
u_e.g_mac[0].g_tr2.u_tree.held[26][4]$_DFFE_PP_/D (DFFHQNx1_ASAP7_75t_R) 1404.20 1442.09  -37.89 (VIOLATED)
u_e.g_mac[1].g_l2.u_l0.p1_sh[24][4]$_DFF_P_/D (DFFHQNx1_ASAP7_75t_R) 1359.30 1397.17  -37.88 (VIOLATED)
u_e.i1_q0[15]$_DFF_P_/D (DFFHQNx1_ASAP7_75t_R) 1375.30 1413.18  -37.87 (VIOLATED)
u_e.g_mac[0].g_tr2.u_tree.held[36][5]$_DFFE_PP_/D (DFFHQNx1_ASAP7_75t_R) 1405.89 1443.75  -37.86 (VIOLATED)
u_e.g_mac[1].g_l2.u_l0.p0_wq[33]$_DFF_P_/D (DFFHQNx2_ASAP7_75t_R) 1350.52 1388.36  -37.84 (VIOLATED)
u_e.g_mac[0].g_tr2.u_tree.held[66][16]$_DFFE_PP_/D (DFFHQNx1_ASAP7_75t_R) 1396.63 1434.46  -37.83 (VIOLATED)
u_e.g_mac[1].g_l2.u_l0.p2_c[192]$_DFF_P_/D (DFFHQNx1_ASAP7_75t_R) 1363.80 1401.63  -37.83 (VIOLATED)
u_e.g_mac[0].g_tr2.u_tree.held[18][7]$_DFFE_PP_/D (DFFHQNx1_ASAP7_75t_R) 1404.31 1442.13  -37.82 (VIOLATED)
u_e.g_mac[1].g_l2.u_l0.p2_c[135]$_DFF_P_/D (DFFHQNx1_ASAP7_75t_R) 1359.85 1397.65  -37.81 (VIOLATED)
u_e.g_mac[0].g_l2.u_l0.p1_sh[19][4]$_DFF_P_/D (DFFHQNx1_ASAP7_75t_R) 1355.68 1393.48  -37.79 (VIOLATED)
u_e.g_mac[1].g_l2.u_l0.p2_c[188]$_DFF_P_/D (DFFHQNx1_ASAP7_75t_R) 1361.94 1399.73  -37.79 (VIOLATED)
u_e.g_mac[1].g_l2.u_l1.p2_c[58]$_DFF_P_/D (DFFHQNx1_ASAP7_75t_R) 1362.54 1400.33  -37.78 (VIOLATED)
u_e.g_mac[0].g_l2.u_l0.p0_wq[181]$_SDFF_PP0_/D (DFFHQNx1_ASAP7_75t_R) 1388.80 1426.57  -37.77 (VIOLATED)
u_e.g_mac[0].g_tr2.u_tree.held[7][0]$_DFFE_PP_/D (DFFHQNx1_ASAP7_75t_R) 1399.43 1437.20  -37.76 (VIOLATED)
u_e.g_mac[0].g_tr2.u_tree.held[31][7]$_DFFE_PP_/D (DFFHQNx1_ASAP7_75t_R) 1404.37 1442.12  -37.75 (VIOLATED)
u_e.g_mac[0].g_l2.u_l1.p2_c[10]$_DFF_P_/D (DFFHQNx1_ASAP7_75t_R) 1374.98 1412.73  -37.75 (VIOLATED)
u_e.g_mac[0].g_tr2.u_tree.held[7][16]$_DFFE_PP_/D (DFFHQNx1_ASAP7_75t_R) 1399.53 1437.27  -37.74 (VIOLATED)
u_e.g_mac[1].g_l2.u_l0.p1_p[3][3]$_DFF_P_/D (DFFHQNx1_ASAP7_75t_R) 1354.55 1392.14  -37.59 (VIOLATED)
u_e.g_mac[0].g_tr2.u_tree.held[72][31]$_DFFE_PP_/D (DFFHQNx1_ASAP7_75t_R) 1424.01 1461.60  -37.59 (VIOLATED)
u_e.g_mac[0].g_tr2.u_tree.x_above[34]$_DFF_P_/D (DFFHQNx1_ASAP7_75t_R) 1370.62 1408.17  -37.55 (VIOLATED)
u_e.g_mac[0].g_tr2.u_tree.held[26][16]$_DFFE_PP_/D (DFFHQNx1_ASAP7_75t_R) 1403.68 1441.22  -37.54 (VIOLATED)
u_e.g_mac[0].g_tr2.u_tree.held[60][5]$_DFFE_PP_/D (DFFHQNx1_ASAP7_75t_R) 1403.94 1441.47  -37.53 (VIOLATED)
u_e.g_mac[0].g_tr2.u_tree.held[53][31]$_DFFE_PP_/D (DFFHQNx1_ASAP7_75t_R) 1402.79 1440.32  -37.53 (VIOLATED)
u_e.g_mac[0].g_tr2.u_tree.held[13][9]$_DFFE_PP_/D (DFFHQNx1_ASAP7_75t_R) 1405.44 1442.97  -37.53 (VIOLATED)
u_e.g_mac[0].g_l2.u_l1.p2_c[13]$_DFF_P_/D (DFFHQNx1_ASAP7_75t_R) 1374.67 1412.16  -37.49 (VIOLATED)
u_e.g_mac[1].g_l2.u_l0.p0_wq[155]$_DFF_P_/D (DFFHQNx1_ASAP7_75t_R) 1375.64 1413.11  -37.47 (VIOLATED)
u_e.g_mac[0].g_tr2.u_tree.held[36][31]$_DFFE_PP_/D (DFFHQNx1_ASAP7_75t_R) 1403.25 1440.71  -37.46 (VIOLATED)
u_e.g_mac[0].g_tr2.u_tree.held[13][8]$_DFFE_PP_/D (DFFHQNx1_ASAP7_75t_R) 1421.89 1459.33  -37.44 (VIOLATED)
u_e.g_mac[0].g_tr2.u_tree.held[20][3]$_DFFE_PP_/D (DFFHQNx1_ASAP7_75t_R) 1423.66 1461.09  -37.43 (VIOLATED)
u_e.g_mac[0].g_l2.u_l0.p2_c[141]$_DFF_P_/D (DFFHQNx1_ASAP7_75t_R) 1364.82 1402.23  -37.41 (VIOLATED)
u_e.g_mac[0].g_l2.u_l0.p2_c[208]$_DFF_P_/D (DFFHQNx1_ASAP7_75t_R) 1360.69 1398.10  -37.40 (VIOLATED)
u_e.g_mac[0].g_tr2.u_tree.add_b[12]$_SDFF_PN0_/D (DFFHQNx1_ASAP7_75t_R) 1378.17 1415.57  -37.40 (VIOLATED)
u_e.g_mac[0].g_tr2.u_tree.add_b[14]$_SDFF_PN0_/D (DFFHQNx1_ASAP7_75t_R) 1378.75 1416.14  -37.39 (VIOLATED)
u_e.g_mac[0].g_tr2.u_tree.held[57][16]$_DFFE_PP_/D (DFFHQNx1_ASAP7_75t_R) 1396.62 1433.98  -37.36 (VIOLATED)
u_e.g_mac[0].g_tr2.u_tree.held[20][6]$_DFFE_PP_/D (DFFHQNx1_ASAP7_75t_R) 1404.07 1441.39  -37.32 (VIOLATED)
u_e.g_mac[0].g_ch2.u_c0.u_add.u_c0.g_r.r[19]$_SDFF_PP0_/D (DFFHQNx1_ASAP7_75t_R) 1378.02 1415.34  -37.32 (VIOLATED)
u_e.g_mac[0].g_tr2.u_tree.add_b[31]$_SDFF_PN0_/D (DFFHQNx1_ASAP7_75t_R) 1377.90 1415.16  -37.26 (VIOLATED)
u_e.g_mac[0].g_tr2.u_tree.held[51][3]$_DFFE_PP_/D (DFFHQNx1_ASAP7_75t_R) 1423.52 1460.78  -37.26 (VIOLATED)
u_e.g_mac[0].g_tr2.u_tree.held[6][1]$_DFFE_PP_/D (DFFHQNx1_ASAP7_75t_R) 1437.01 1474.26  -37.24 (VIOLATED)
u_e.g_mac[0].g_tr2.u_tree.have[57]$_DFFE_PN0P_/D (DFFASRHQNx1_ASAP7_75t_R) 1387.69 1424.91  -37.22 (VIOLATED)
u_e.g_mac[0].g_tr2.u_tree.held[46][7]$_DFFE_PP_/D (DFFHQNx1_ASAP7_75t_R) 1404.47 1441.69  -37.22 (VIOLATED)
u_e.g_mac[0].g_l2.u_l0.p1_sh[2][3]$_DFF_P_/D (DFFHQNx1_ASAP7_75t_R) 1380.64 1417.80  -37.16 (VIOLATED)
u_e.g_mac[0].g_tr2.u_tree.held[25][2]$_DFFE_PP_/D (DFFHQNx1_ASAP7_75t_R) 1406.00 1443.16  -37.15 (VIOLATED)
u_e.g_mac[0].g_l2.u_l0.p1_sh[18][3]$_DFF_P_/D (DFFHQNx2_ASAP7_75t_R) 1357.80 1394.93  -37.14 (VIOLATED)
u_e.g_mac[1].g_l2.u_l0.p1_p[31][2]$_DFF_P_/D (DFFHQNx1_ASAP7_75t_R) 1365.58 1402.72  -37.13 (VIOLATED)
u_e.g_mac[0].g_l2.u_l1.p0_wq[216]$_DFF_P_/D (DFFHQNx1_ASAP7_75t_R) 1386.15 1423.27  -37.12 (VIOLATED)
u_e.g_mac[0].g_ch2.u_c0.u_add.u_c0.g_r.r[9]$_SDFF_PP0_/D (DFFHQNx1_ASAP7_75t_R) 1371.40 1408.49  -37.08 (VIOLATED)
u_e.g_mac[0].g_tr2.u_tree.held[60][6]$_DFFE_PP_/D (DFFHQNx1_ASAP7_75t_R) 1404.74 1441.78  -37.04 (VIOLATED)
u_e.g_mac[1].g_l2.u_l1.p2_c[74]$_DFF_P_/D (DFFHQNx1_ASAP7_75t_R) 1376.92 1413.94  -37.01 (VIOLATED)
u_e.g_mac[0].g_l2.u_l0.p0_wq[60]$_SDFF_PP0_/D (DFFHQNx2_ASAP7_75t_R) 1362.60 1399.57  -36.98 (VIOLATED)
u_e.g_mac[1].g_l2.u_l0.p2_c[197]$_DFF_P_/D (DFFHQNx1_ASAP7_75t_R) 1363.31 1400.25  -36.94 (VIOLATED)
u_e.g_mac[0].g_l2.u_l0.p2_c[137]$_DFF_P_/D (DFFHQNx1_ASAP7_75t_R) 1365.70 1402.62  -36.92 (VIOLATED)
u_e.g_mac[0].g_tr2.u_tree.held[61][2]$_DFFE_PP_/D (DFFHQNx1_ASAP7_75t_R) 1404.81 1441.73  -36.91 (VIOLATED)
u_e.g_mac[0].g_tr2.u_tree.held[75][2]$_DFFE_PP_/D (DFFHQNx1_ASAP7_75t_R) 1403.70 1440.61  -36.91 (VIOLATED)
u_e.g_mac[0].g_tr2.u_tree.held[51][14]$_DFFE_PP_/D (DFFHQNx1_ASAP7_75t_R) 1397.68 1434.57  -36.89 (VIOLATED)
u_e.g_mac[0].g_tr2.u_tree.held[55][4]$_DFFE_PP_/D (DFFHQNx1_ASAP7_75t_R) 1404.20 1441.07  -36.87 (VIOLATED)
u_e.g_mac[0].g_tr2.u_tree.held[19][8]$_DFFE_PP_/D (DFFHQNx1_ASAP7_75t_R) 1422.00 1458.84  -36.84 (VIOLATED)
u_e.g_mac[1].g_l2.u_l0.p0_wq[168]$_DFF_P_/D (DFFHQNx1_ASAP7_75t_R) 1377.65 1414.45  -36.80 (VIOLATED)
u_e.g_mac[0].g_l2.u_l1.p2_c[96]$_DFF_P_/D (DFFHQNx1_ASAP7_75t_R) 1383.83 1420.57  -36.74 (VIOLATED)
u_e.g_mac[0].g_tr2.u_tree.held[39][14]$_DFFE_PP_/D (DFFHQNx1_ASAP7_75t_R) 1401.15 1437.87  -36.72 (VIOLATED)
u_e.g_mac[0].g_tr2.u_tree.held[76][3]$_DFFE_PP_/D (DFFHQNx1_ASAP7_75t_R) 1423.78 1460.48  -36.70 (VIOLATED)
u_e.g_mac[0].g_tr2.u_tree.held[12][5]$_DFFE_PP_/D (DFFHQNx1_ASAP7_75t_R) 1403.65 1440.31  -36.67 (VIOLATED)
u_e.g_mac[0].g_tr2.u_tree.held[77][7]$_DFFE_PP_/D (DFFHQNx1_ASAP7_75t_R) 1404.07 1440.73  -36.66 (VIOLATED)
u_e.g_mac[0].g_tr2.u_tree.held[38][6]$_DFFE_PP_/D (DFFHQNx1_ASAP7_75t_R) 1404.35 1441.01  -36.65 (VIOLATED)
u_e.g_mac[0].g_tr2.u_tree.held[75][6]$_DFFE_PP_/D (DFFHQNx1_ASAP7_75t_R) 1402.98 1439.62  -36.64 (VIOLATED)
u_e.g_mac[0].g_tr2.u_tree.held[54][3]$_DFFE_PP_/D (DFFHQNx1_ASAP7_75t_R) 1423.80 1460.39  -36.58 (VIOLATED)
u_e.g_mac[0].g_tr2.u_tree.held[35][12]$_DFFE_PP_/D (DFFHQNx1_ASAP7_75t_R) 1454.47 1491.06  -36.58 (VIOLATED)
u_e.g_mac[0].g_l2.u_l1.p2_c[19]$_DFF_P_/D (DFFHQNx1_ASAP7_75t_R) 1382.66 1419.24  -36.58 (VIOLATED)
u_e.g_mac[1].g_l2.u_l0.p1_p[22][3]$_DFF_P_/D (DFFHQNx1_ASAP7_75t_R) 1359.37 1395.94  -36.57 (VIOLATED)
u_e.g_mac[0].g_tr2.u_tree.held[23][14]$_DFFE_PP_/D (DFFHQNx1_ASAP7_75t_R) 1404.83 1441.39  -36.56 (VIOLATED)
u_e.g_mac[1].g_l2.u_l1.p2_c[67]$_DFF_P_/D (DFFHQNx1_ASAP7_75t_R) 1374.21 1410.77  -36.56 (VIOLATED)
u_e.g_mac[0].g_tr2.u_tree.held[20][31]$_DFFE_PP_/D (DFFHQNx1_ASAP7_75t_R) 1404.32 1440.84  -36.52 (VIOLATED)
u_e.g_mac[0].g_tr2.u_tree.held[31][0]$_DFFE_PP_/D (DFFHQNx1_ASAP7_75t_R) 1404.86 1441.37  -36.51 (VIOLATED)
u_e.g_mac[1].g_l2.u_l0.p1_sh[20][2]$_DFF_P_/D (DFFHQNx1_ASAP7_75t_R) 1358.35 1394.86  -36.51 (VIOLATED)
u_e.g_mac[1].g_l2.u_l0.p2_c[180]$_DFF_P_/D (DFFHQNx1_ASAP7_75t_R) 1374.97 1411.46  -36.50 (VIOLATED)
u_e.g_mac[0].g_l2.u_l1.p0_wq[74]$_DFF_P_/D (DFFHQNx1_ASAP7_75t_R) 1391.64 1428.12  -36.49 (VIOLATED)
u_e.g_mac[0].g_l2.u_l0.p2_c[186]$_DFF_P_/D (DFFHQNx1_ASAP7_75t_R) 1374.09 1410.57  -36.48 (VIOLATED)
u_e.g_mac[0].g_tr2.u_tree.held[7][7]$_DFFE_PP_/D (DFFHQNx1_ASAP7_75t_R) 1403.61 1440.09  -36.48 (VIOLATED)
u_e.g_mac[0].g_tr2.u_tree.held[38][7]$_DFFE_PP_/D (DFFHQNx1_ASAP7_75t_R) 1404.72 1441.19  -36.47 (VIOLATED)
u_e.g_mac[0].g_tr2.u_tree.held[3][2]$_DFFE_PP_/D (DFFHQNx1_ASAP7_75t_R) 1404.67 1441.13  -36.46 (VIOLATED)
u_e.g_mac[0].g_tr2.u_tree.held[65][9]$_DFFE_PP_/D (DFFHQNx1_ASAP7_75t_R) 1401.77 1438.21  -36.44 (VIOLATED)
u_e.g_mac[0].g_tr2.u_tree.held[52][1]$_DFFE_PP_/D (DFFHQNx1_ASAP7_75t_R) 1405.37 1441.80  -36.43 (VIOLATED)
u_e.g_mac[0].g_tr2.u_tree.held[35][11]$_DFFE_PP_/D (DFFHQNx1_ASAP7_75t_R) 1404.82 1441.23  -36.41 (VIOLATED)
u_e.g_mac[1].g_l2.u_l1.p2_c[152]$_DFF_P_/D (DFFHQNx1_ASAP7_75t_R) 1358.97 1395.37  -36.40 (VIOLATED)
u_e.g_mac[0].g_tr2.u_tree.held[25][9]$_DFFE_PP_/D (DFFHQNx1_ASAP7_75t_R) 1399.39 1435.78  -36.39 (VIOLATED)
u_e.g_mac[0].g_tr2.u_tree.held[79][9]$_DFFE_PP_/D (DFFHQNx1_ASAP7_75t_R) 1398.92 1435.31  -36.39 (VIOLATED)
u_e.g_mac[1].g_l2.u_l1.p2_c[61]$_DFF_P_/D (DFFHQNx1_ASAP7_75t_R) 1376.46 1412.82  -36.36 (VIOLATED)
u_e.g_mac[0].g_l2.u_l0.p0_wq[248]$_DFF_P_/D (DFFHQNx1_ASAP7_75t_R) 1394.39 1430.75  -36.36 (VIOLATED)
u_e.g_mac[0].g_tr2.u_tree.held[20][7]$_DFFE_PP_/D (DFFHQNx1_ASAP7_75t_R) 1405.05 1441.39  -36.34 (VIOLATED)
u_e.g_mac[1].g_l2.u_l0.p1_sh[30][4]$_DFF_P_/D (DFFHQNx1_ASAP7_75t_R) 1347.94 1384.28  -36.34 (VIOLATED)
u_e.g_mac[1].g_l2.u_l1.p0_wq[88]$_DFF_P_/D (DFFHQNx1_ASAP7_75t_R) 1367.24 1403.57  -36.32 (VIOLATED)
u_e.g_mac[0].g_tr2.u_tree.held[45][2]$_DFFE_PP_/D (DFFHQNx1_ASAP7_75t_R) 1403.40 1439.62  -36.22 (VIOLATED)
u_e.g_mac[0].g_tr2.u_tree.add_a[22]$_DFF_P_/D (DFFHQNx1_ASAP7_75t_R) 1363.20 1399.42  -36.22 (VIOLATED)
u_e.g_mac[1].g_l2.u_l0.p2_c[178]$_DFF_P_/D (DFFHQNx1_ASAP7_75t_R) 1376.86 1413.06  -36.20 (VIOLATED)
u_e.g_mac[0].g_tr2.u_tree.held[19][3]$_DFFE_PP_/D (DFFHQNx1_ASAP7_75t_R) 1423.91 1460.10  -36.19 (VIOLATED)
u_e.g_mac[0].g_l2.u_l0.p2_c[172]$_DFF_P_/D (DFFHQNx1_ASAP7_75t_R) 1375.12 1411.22  -36.11 (VIOLATED)
u_e.g_mac[1].g_l2.u_l0.p2_c[103]$_DFF_P_/D (DFFHQNx1_ASAP7_75t_R) 1362.47 1398.58  -36.11 (VIOLATED)
u_e.g_mac[0].g_l2.u_l0.p2_c[228]$_DFF_P_/D (DFFHQNx1_ASAP7_75t_R) 1387.89 1423.98  -36.09 (VIOLATED)
u_e.g_mac[0].g_tr2.u_tree.held[43][31]$_DFFE_PP_/D (DFFHQNx1_ASAP7_75t_R) 1405.96 1442.03  -36.08 (VIOLATED)
u_e.g_mac[1].g_l2.u_l1.p2_c[63]$_DFF_P_/D (DFFHQNx1_ASAP7_75t_R) 1361.98 1398.05  -36.07 (VIOLATED)
u_e.g_mac[0].g_tr2.u_tree.held[7][19]$_DFFE_PP_/D (DFFHQNx1_ASAP7_75t_R) 1364.76 1400.83  -36.07 (VIOLATED)
u_e.g_mac[0].g_tr2.u_tree.held[53][5]$_DFFE_PP_/D (DFFHQNx1_ASAP7_75t_R) 1405.25 1441.31  -36.06 (VIOLATED)
u_e.g_mac[0].g_tr2.u_tree.infl[14][0]$_DFF_PN0_/D (DFFASRHQNx1_ASAP7_75t_R) 1431.51 1467.55  -36.04 (VIOLATED)
u_e.g_mac[0].g_tr2.u_tree.x_above[3]$_DFF_P_/D (DFFHQNx1_ASAP7_75t_R) 1367.87 1403.89  -36.02 (VIOLATED)
u_e.g_mac[0].g_tr2.u_tree.held[30][0]$_DFFE_PP_/D (DFFHQNx1_ASAP7_75t_R) 1400.40 1436.42  -36.02 (VIOLATED)
u_e.g_mac[1].g_l2.u_l0.p0_wq[134]$_SDFF_PP0_/D (DFFHQNx1_ASAP7_75t_R) 1362.96 1398.97  -36.01 (VIOLATED)
u_e.g_mac[0].g_tr2.u_tree.x_above[43]$_DFF_P_/D (DFFHQNx1_ASAP7_75t_R) 1393.93 1429.93  -36.01 (VIOLATED)
u_e.g_mac[0].g_tr2.u_tree.held[60][7]$_DFFE_PP_/D (DFFHQNx1_ASAP7_75t_R) 1405.60 1441.61  -36.01 (VIOLATED)
u_e.g_mac[0].g_tr2.u_tree.held[13][1]$_DFFE_PP_/D (DFFHQNx1_ASAP7_75t_R) 1423.35 1459.35  -36.00 (VIOLATED)
u_e.g_mac[0].g_tr2.u_tree.held[21][8]$_DFFE_PP_/D (DFFHQNx1_ASAP7_75t_R) 1404.98 1440.98  -35.99 (VIOLATED)
u_e.g_mac[0].g_tr2.u_tree.held[52][8]$_DFFE_PP_/D (DFFHQNx1_ASAP7_75t_R) 1404.84 1440.83  -35.99 (VIOLATED)
u_e.g_mac[0].g_tr2.u_tree.held[51][2]$_DFFE_PP_/D (DFFHQNx1_ASAP7_75t_R) 1421.31 1457.28  -35.97 (VIOLATED)
u_e.g_mac[0].g_tr2.u_tree.held[47][7]$_DFFE_PP_/D (DFFHQNx1_ASAP7_75t_R) 1403.54 1439.48  -35.94 (VIOLATED)
u_e.g_mac[0].g_tr2.u_tree.held[47][11]$_DFFE_PP_/D (DFFHQNx1_ASAP7_75t_R) 1404.49 1440.43  -35.93 (VIOLATED)
u_e.g_mac[0].g_tr2.u_tree.held[20][11]$_DFFE_PP_/D (DFFHQNx1_ASAP7_75t_R) 1405.69 1441.61  -35.93 (VIOLATED)
u_e.g_mac[1].g_l2.u_l1.p2_c[37]$_DFF_P_/D (DFFHQNx1_ASAP7_75t_R) 1374.92 1410.83  -35.90 (VIOLATED)
u_e.g_mac[0].g_tr2.u_tree.held[39][9]$_DFFE_PP_/D (DFFHQNx1_ASAP7_75t_R) 1401.88 1437.77  -35.89 (VIOLATED)
u_e.g_mac[1].g_l2.u_l1.p2_c[183]$_DFF_P_/D (DFFHQNx1_ASAP7_75t_R) 1368.49 1404.32  -35.82 (VIOLATED)
u_e.g_mac[0].g_tr2.u_tree.held[22][7]$_DFFE_PP_/D (DFFHQNx1_ASAP7_75t_R) 1400.10 1435.91  -35.81 (VIOLATED)
u_e.g_mac[0].g_tr2.u_tree.held[20][5]$_DFFE_PP_/D (DFFHQNx1_ASAP7_75t_R) 1405.48 1441.28  -35.80 (VIOLATED)
u_e.g_mac[0].g_tr2.u_tree.held[24][5]$_DFFE_PP_/D (DFFHQNx1_ASAP7_75t_R) 1403.81 1439.60  -35.79 (VIOLATED)
u_e.g_mac[0].g_tr2.u_tree.held[38][31]$_DFFE_PP_/D (DFFHQNx1_ASAP7_75t_R) 1404.89 1440.64  -35.75 (VIOLATED)
u_e.g_mac[0].g_l2.u_l0.p2_c[55]$_DFF_P_/D (DFFHQNx1_ASAP7_75t_R) 1377.18 1412.92  -35.74 (VIOLATED)
u_e.g_mac[0].g_l2.u_l0.p0_wq[151]$_SDFF_PP0_/D (DFFHQNx1_ASAP7_75t_R) 1388.86 1424.56  -35.70 (VIOLATED)
u_e.g_mac[0].g_tr2.u_tree.held[77][0]$_DFFE_PP_/D (DFFHQNx1_ASAP7_75t_R) 1404.87 1440.54  -35.67 (VIOLATED)
u_e.g_mac[0].g_l2.u_l0.p2_c[132]$_DFF_P_/D (DFFHQNx1_ASAP7_75t_R) 1384.70 1420.34  -35.64 (VIOLATED)
u_e.g_mac[1].g_l2.u_l1.p0_wq[80]$_DFF_P_/D (DFFHQNx1_ASAP7_75t_R) 1358.67 1394.29  -35.62 (VIOLATED)
u_e.g_mac[0].g_tr2.u_tree.held[9][14]$_DFFE_PP_/D (DFFHQNx1_ASAP7_75t_R) 1404.09 1439.70  -35.61 (VIOLATED)
u_e.g_mac[0].g_tr2.u_tree.x_oh[17]$_DFF_P_/D (DFFHQNx1_ASAP7_75t_R) 1393.81 1429.39  -35.58 (VIOLATED)
u_e.g_mac[0].g_tr2.u_tree.add_b[20]$_SDFF_PN0_/D (DFFHQNx1_ASAP7_75t_R) 1375.21 1410.72  -35.51 (VIOLATED)
u_e.g_mac[0].g_l2.u_l1.p2_c[99]$_DFF_P_/D (DFFHQNx1_ASAP7_75t_R) 1376.20 1411.71  -35.51 (VIOLATED)
u_e.g_mac[0].g_tr2.u_tree.held[19][1]$_DFFE_PP_/D (DFFHQNx1_ASAP7_75t_R) 1423.29 1458.77  -35.48 (VIOLATED)
u_e.g_mac[0].g_tr2.u_tree.held[26][2]$_DFFE_PP_/D (DFFHQNx1_ASAP7_75t_R) 1404.46 1439.89  -35.43 (VIOLATED)
u_e.g_mac[0].g_tr2.u_tree.held[17][2]$_DFFE_PP_/D (DFFHQNx1_ASAP7_75t_R) 1405.90 1441.29  -35.39 (VIOLATED)
u_e.g_mac[0].g_tr2.u_tree.held[66][31]$_DFFE_PP_/D (DFFHQNx1_ASAP7_75t_R) 1399.94 1435.31  -35.37 (VIOLATED)
u_e.g_mac[0].g_tr2.u_tree.held[11][2]$_DFFE_PP_/D (DFFHQNx1_ASAP7_75t_R) 1405.16 1440.52  -35.36 (VIOLATED)
u_e.g_mac[0].g_tr2.u_tree.held[6][30]$_DFFE_PP_/D (DFFHQNx1_ASAP7_75t_R) 1367.74 1403.09  -35.35 (VIOLATED)
u_e.g_mac[0].g_tr2.u_tree.held[22][14]$_DFFE_PP_/D (DFFHQNx1_ASAP7_75t_R) 1400.03 1435.38  -35.35 (VIOLATED)
u_e.g_mac[1].g_l2.u_l0.p2_c[107]$_DFF_P_/D (DFFHQNx1_ASAP7_75t_R) 1362.48 1397.81  -35.33 (VIOLATED)
u_e.g_mac[0].g_tr2.u_tree.held[30][14]$_DFFE_PP_/D (DFFHQNx1_ASAP7_75t_R) 1400.61 1435.94  -35.33 (VIOLATED)
u_e.g_mac[1].g_l2.u_l1.p2_c[179]$_DFF_P_/D (DFFHQNx1_ASAP7_75t_R) 1357.40 1392.73  -35.33 (VIOLATED)
u_e.g_mac[0].g_l2.u_l0.p1_sh[9][2]$_DFF_P_/D (DFFHQNx1_ASAP7_75t_R) 1374.97 1410.29  -35.32 (VIOLATED)
u_e.g_mac[0].g_tr2.u_tree.held[12][14]$_DFFE_PP_/D (DFFHQNx1_ASAP7_75t_R) 1404.62 1439.91  -35.29 (VIOLATED)
u_e.g_mac[0].g_tr2.u_tree.held[26][11]$_DFFE_PP_/D (DFFHQNx1_ASAP7_75t_R) 1406.41 1441.69  -35.28 (VIOLATED)
u_e.g_mac[0].g_tr2.u_tree.held[34][9]$_DFFE_PP_/D (DFFHQNx1_ASAP7_75t_R) 1403.46 1438.74  -35.28 (VIOLATED)
u_e.g_mac[0].g_tr2.u_tree.held[70][0]$_DFFE_PP_/D (DFFHQNx1_ASAP7_75t_R) 1399.96 1435.22  -35.26 (VIOLATED)
u_e.g_mac[0].g_l2.u_l0.p0_wq[180]$_SDFF_PP0_/D (DFFHQNx1_ASAP7_75t_R) 1388.99 1424.22  -35.22 (VIOLATED)
u_e.g_mac[0].g_tr2.u_tree.held[21][25]$_DFFE_PP_/D (DFFHQNx1_ASAP7_75t_R) 1365.54 1400.75  -35.22 (VIOLATED)
u_e.g_mac[0].g_tr2.u_tree.held[38][2]$_DFFE_PP_/D (DFFHQNx1_ASAP7_75t_R) 1404.98 1440.17  -35.19 (VIOLATED)
u_e.g_mac[1].g_l2.u_l0.p2_c[108]$_DFF_P_/D (DFFHQNx1_ASAP7_75t_R) 1357.95 1393.11  -35.16 (VIOLATED)
u_e.g_mac[0].g_tr2.u_tree.held[17][6]$_DFFE_PP_/D (DFFHQNx1_ASAP7_75t_R) 1405.05 1440.21  -35.15 (VIOLATED)
u_e.g_mac[0].g_tr2.u_tree.held[72][2]$_DFFE_PP_/D (DFFHQNx1_ASAP7_75t_R) 1424.82 1459.95  -35.13 (VIOLATED)
u_e.g_mac[0].g_tr2.u_tree.held[13][10]$_DFFE_PP_/D (DFFHQNx1_ASAP7_75t_R) 1424.11 1459.23  -35.12 (VIOLATED)
u_e.g_mac[0].g_l2.u_l0.p1_p[25][4]$_DFF_P_/D (DFFHQNx1_ASAP7_75t_R) 1376.06 1411.17  -35.12 (VIOLATED)
u_e.g_mac[0].g_tr2.u_tree.held[75][11]$_DFFE_PP_/D (DFFHQNx1_ASAP7_75t_R) 1405.27 1440.35  -35.09 (VIOLATED)
u_e.g_mac[0].g_tr2.u_tree.held[67][1]$_DFFE_PP_/D (DFFHQNx1_ASAP7_75t_R) 1421.63 1456.66  -35.03 (VIOLATED)
u_e.g_mac[0].g_tr2.u_tree.held[48][5]$_DFFE_PP_/D (DFFHQNx1_ASAP7_75t_R) 1405.73 1440.75  -35.02 (VIOLATED)
u_e.g_mac[0].g_tr2.u_tree.held[70][14]$_DFFE_PP_/D (DFFHQNx1_ASAP7_75t_R) 1399.72 1434.71  -34.99 (VIOLATED)
u_e.g_mac[0].g_tr2.u_tree.held[54][9]$_DFFE_PP_/D (DFFHQNx1_ASAP7_75t_R) 1406.10 1441.08  -34.97 (VIOLATED)
u_e.g_mac[0].g_tr2.u_tree.held[55][2]$_DFFE_PP_/D (DFFHQNx1_ASAP7_75t_R) 1403.40 1438.35  -34.95 (VIOLATED)
u_e.g_mac[1].g_l2.u_l0.p2_c[223]$_DFF_P_/D (DFFHQNx1_ASAP7_75t_R) 1360.97 1395.91  -34.94 (VIOLATED)
u_e.g_mac[0].g_tr2.u_tree.held[13][3]$_DFFE_PP_/D (DFFHQNx1_ASAP7_75t_R) 1423.74 1458.68  -34.93 (VIOLATED)
u_e.g_mac[0].g_tr2.u_tree.held[45][11]$_DFFE_PP_/D (DFFHQNx1_ASAP7_75t_R) 1403.51 1438.44  -34.93 (VIOLATED)
u_e.g_mac[0].g_tr2.u_tree.held[9][0]$_DFFE_PP_/D (DFFHQNx1_ASAP7_75t_R) 1397.91 1432.81  -34.91 (VIOLATED)
u_e.g_mac[0].g_l2.u_l0.p2_c[105]$_DFF_P_/D (DFFHQNx1_ASAP7_75t_R) 1360.20 1395.10  -34.90 (VIOLATED)
u_e.g_mac[0].g_tr2.u_tree.held[22][0]$_DFFE_PP_/D (DFFHQNx1_ASAP7_75t_R) 1399.62 1434.50  -34.88 (VIOLATED)
u_e.g_mac[1].g_l2.u_l1.p0_wq[83]$_DFF_P_/D (DFFHQNx1_ASAP7_75t_R) 1358.97 1393.84  -34.87 (VIOLATED)
u_e.g_mac[0].g_tr2.u_tree.held[65][31]$_DFFE_PP_/D (DFFHQNx1_ASAP7_75t_R) 1404.02 1438.87  -34.85 (VIOLATED)
u_e.g_mac[0].g_tr2.u_tree.held[34][11]$_DFFE_PP_/D (DFFHQNx1_ASAP7_75t_R) 1404.64 1439.48  -34.85 (VIOLATED)
u_e.g_mac[0].g_tr2.u_tree.held[73][12]$_DFFE_PP_/D (DFFHQNx1_ASAP7_75t_R) 1445.81 1480.65  -34.84 (VIOLATED)
u_e.g_mac[0].g_tr2.u_tree.held[26][8]$_DFFE_PP_/D (DFFHQNx1_ASAP7_75t_R) 1404.94 1439.78  -34.84 (VIOLATED)
u_e.g_mac[1].g_l2.u_l0.p1_sh[29][2]$_DFF_P_/D (DFFHQNx1_ASAP7_75t_R) 1375.93 1410.75  -34.82 (VIOLATED)
u_e.g_mac[0].g_tr2.u_tree.held[68][3]$_DFFE_PP_/D (DFFHQNx1_ASAP7_75t_R) 1423.89 1458.69  -34.80 (VIOLATED)
u_e.g_mac[0].g_tr2.u_tree.held[68][8]$_DFFE_PP_/D (DFFHQNx1_ASAP7_75t_R) 1423.77 1458.54  -34.77 (VIOLATED)
u_e.g_mac[1].g_l2.u_l1.p2_c[190]$_DFF_P_/D (DFFHQNx1_ASAP7_75t_R) 1366.78 1401.53  -34.76 (VIOLATED)
u_e.g_mac[0].g_tr2.u_tree.held[78][31]$_DFFE_PP_/D (DFFHQNx1_ASAP7_75t_R) 1402.12 1436.84  -34.72 (VIOLATED)
u_e.g_mac[1].g_l2.u_l1.p2_c[60]$_DFF_P_/D (DFFHQNx1_ASAP7_75t_R) 1376.83 1411.53  -34.70 (VIOLATED)
u_e.g_mac[0].g_tr2.u_tree.held[42][5]$_DFFE_PP_/D (DFFHQNx1_ASAP7_75t_R) 1403.62 1438.31  -34.69 (VIOLATED)
u_e.g_mac[0].g_l2.u_l0.p2_c[151]$_DFF_P_/D (DFFHQNx1_ASAP7_75t_R) 1359.49 1394.17  -34.68 (VIOLATED)
u_e.g_mac[0].g_tr2.u_tree.held[41][7]$_DFFE_PP_/D (DFFHQNx1_ASAP7_75t_R) 1404.21 1438.87  -34.66 (VIOLATED)
u_e.g_mac[0].g_l2.u_l0.p1_sh[16][2]$_DFF_P_/D (DFFHQNx1_ASAP7_75t_R) 1372.99 1407.63  -34.64 (VIOLATED)
u_e.g_mac[1].g_l2.u_l0.p1_sh[26][4]$_DFF_P_/D (DFFHQNx1_ASAP7_75t_R) 1356.64 1391.27  -34.63 (VIOLATED)
u_e.g_mac[0].g_tr2.u_tree.held[57][14]$_DFFE_PP_/D (DFFHQNx1_ASAP7_75t_R) 1403.42 1438.04  -34.62 (VIOLATED)
u_e.g_mac[0].g_l2.u_l0.p2_c[45]$_DFF_P_/D (DFFHQNx1_ASAP7_75t_R) 1355.59 1390.21  -34.62 (VIOLATED)
u_e.g_mac[0].g_tr2.u_tree.held[24][11]$_DFFE_PP_/D (DFFHQNx1_ASAP7_75t_R) 1405.70 1440.30  -34.60 (VIOLATED)
u_e.g_mac[0].g_ch2.u_c0.u_add.u_c0.g_r.r[10]$_SDFF_PP0_/D (DFFHQNx1_ASAP7_75t_R) 1373.98 1408.56  -34.58 (VIOLATED)
u_e.g_mac[0].g_tr2.u_tree.held[65][2]$_DFFE_PP_/D (DFFHQNx1_ASAP7_75t_R) 1403.01 1437.59  -34.57 (VIOLATED)
u_e.g_mac[0].g_l2.u_l0.p0_wq[174]$_SDFF_PP0_/D (DFFHQNx1_ASAP7_75t_R) 1388.45 1423.02  -34.57 (VIOLATED)
u_e.g_mac[0].g_l2.u_l0.p1_sh[19][3]$_DFF_P_/D (DFFHQNx2_ASAP7_75t_R) 1363.89 1398.41  -34.51 (VIOLATED)
u_e.g_mac[0].g_tr2.u_tree.held[43][9]$_DFFE_PP_/D (DFFHQNx1_ASAP7_75t_R) 1406.15 1440.66  -34.51 (VIOLATED)
u_e.g_mac[0].g_tr2.u_tree.held[34][4]$_DFFE_PP_/D (DFFHQNx1_ASAP7_75t_R) 1399.84 1434.35  -34.51 (VIOLATED)
u_e.g_mac[0].g_tr2.u_tree.held[53][11]$_DFFE_PP_/D (DFFHQNx1_ASAP7_75t_R) 1405.44 1439.95  -34.51 (VIOLATED)
u_e.g_mac[0].g_tr2.u_tree.held[30][9]$_DFFE_PP_/D (DFFHQNx1_ASAP7_75t_R) 1405.64 1440.13  -34.49 (VIOLATED)
u_e.g_mac[0].g_l2.u_l0.p1_sh[16][4]$_DFF_P_/D (DFFHQNx1_ASAP7_75t_R) 1354.52 1389.00  -34.48 (VIOLATED)
u_e.g_mac[1].g_l2.u_l0.p0_wq[2]$_DFF_P_/D (DFFHQNx2_ASAP7_75t_R) 1379.66 1414.12  -34.46 (VIOLATED)
u_e.g_mac[0].g_tr2.u_tree.held[13][12]$_DFFE_PP_/D (DFFHQNx1_ASAP7_75t_R) 1423.78 1458.24  -34.46 (VIOLATED)
u_e.g_mac[0].g_tr2.u_tree.held[74][7]$_DFFE_PP_/D (DFFHQNx1_ASAP7_75t_R) 1404.01 1438.45  -34.45 (VIOLATED)
u_e.g_mac[1].g_l2.u_l1.p2_c[5]$_DFF_P_/D (DFFHQNx1_ASAP7_75t_R) 1360.70 1395.14  -34.44 (VIOLATED)
u_e.g_mac[0].g_tr2.u_tree.held[30][6]$_DFFE_PP_/D (DFFHQNx1_ASAP7_75t_R) 1405.79 1440.22  -34.43 (VIOLATED)
u_e.g_mac[0].g_tr2.u_tree.held[4][16]$_DFFE_PP_/D (DFFHQNx1_ASAP7_75t_R) 1396.91 1431.33  -34.42 (VIOLATED)
u_e.g_mac[0].g_tr2.u_tree.held[41][5]$_DFFE_PP_/D (DFFHQNx1_ASAP7_75t_R) 1405.20 1439.59  -34.39 (VIOLATED)
u_e.g_mac[0].g_tr2.u_tree.held[78][2]$_DFFE_PP_/D (DFFHQNx1_ASAP7_75t_R) 1404.01 1438.39  -34.38 (VIOLATED)
u_e.g_mac[0].g_tr2.u_tree.x_oh[32]$_DFF_P_/D (DFFHQNx1_ASAP7_75t_R) 1385.66 1420.04  -34.37 (VIOLATED)
u_e.g_mac[1].g_l2.u_l1.p2_c[196]$_DFF_P_/D (DFFHQNx1_ASAP7_75t_R) 1366.08 1400.44  -34.35 (VIOLATED)
u_e.g_mac[1].g_l2.u_l1.p0_wq[3]$_DFF_P_/D (DFFHQNx1_ASAP7_75t_R) 1377.87 1412.22  -34.35 (VIOLATED)
u_e.g_mac[0].g_tr2.u_tree.held[9][7]$_DFFE_PP_/D (DFFHQNx1_ASAP7_75t_R) 1405.05 1439.40  -34.35 (VIOLATED)
u_e.g_mac[0].g_l2.u_l0.p2_c[76]$_DFF_P_/D (DFFHQNx1_ASAP7_75t_R) 1348.66 1382.97  -34.31 (VIOLATED)
u_e.g_mac[0].g_tr2.u_tree.infl[2][0]$_DFF_PN0_/D (DFFASRHQNx1_ASAP7_75t_R) 1433.62 1467.91  -34.30 (VIOLATED)
u_e.g_mac[1].g_l2.u_l1.p2_c[47]$_DFF_P_/D (DFFHQNx1_ASAP7_75t_R) 1360.35 1394.63  -34.28 (VIOLATED)
u_e.g_mac[0].g_tr2.u_tree.infl[7][0]$_DFF_PN0_/D (DFFASRHQNx1_ASAP7_75t_R) 1416.40 1450.68  -34.28 (VIOLATED)
u_e.i1_q0[28]$_DFF_P_/D (DFFHQNx1_ASAP7_75t_R) 1376.96 1411.21  -34.25 (VIOLATED)
u_e.g_mac[0].g_tr2.u_tree.held[34][7]$_DFFE_PP_/D (DFFHQNx1_ASAP7_75t_R) 1404.83 1439.06  -34.23 (VIOLATED)
u_e.g_mac[1].g_ch2.u_c1.u_add.u_c8.g_r.r[4]$_DFF_P_/D (DFFHQNx1_ASAP7_75t_R) 1359.70 1393.92  -34.22 (VIOLATED)
u_e.g_mac[0].g_tr2.u_tree.held[42][31]$_DFFE_PP_/D (DFFHQNx1_ASAP7_75t_R) 1404.45 1438.66  -34.21 (VIOLATED)
u_e.g_mac[0].g_tr2.u_tree.x_above[21]$_DFF_P_/D (DFFHQNx1_ASAP7_75t_R) 1389.56 1423.76  -34.20 (VIOLATED)
u_e.g_mac[0].g_tr2.u_tree.held[7][6]$_DFFE_PP_/D (DFFHQNx1_ASAP7_75t_R) 1405.77 1439.97  -34.20 (VIOLATED)
u_e.g_mac[1].g_l2.u_l0.p2_c[227]$_DFF_P_/D (DFFHQNx1_ASAP7_75t_R) 1364.73 1398.90  -34.17 (VIOLATED)
u_e.g_mac[0].g_l2.u_l0.p2_c[118]$_DFF_P_/D (DFFHQNx1_ASAP7_75t_R) 1356.66 1390.82  -34.16 (VIOLATED)
u_e.g_mac[0].g_tr2.u_tree.held[65][16]$_DFFE_PP_/D (DFFHQNx1_ASAP7_75t_R) 1399.62 1433.73  -34.11 (VIOLATED)
u_e.g_mac[0].g_l2.u_l1.p2_c[18]$_DFF_P_/D (DFFHQNx1_ASAP7_75t_R) 1376.30 1410.37  -34.07 (VIOLATED)
u_e.g_mac[0].g_l2.u_l0.p0_wq[135]$_SDFF_PP0_/D (DFFHQNx1_ASAP7_75t_R) 1377.06 1411.08  -34.02 (VIOLATED)
u_e.g_mac[1].g_l2.u_l1.p2_c[117]$_DFF_P_/D (DFFHQNx1_ASAP7_75t_R) 1361.18 1395.15  -33.97 (VIOLATED)
u_e.g_mac[0].g_tr2.u_tree.held[24][2]$_DFFE_PP_/D (DFFHQNx1_ASAP7_75t_R) 1404.97 1438.86  -33.89 (VIOLATED)
u_e.g_mac[0].g_tr2.u_tree.held[12][31]$_DFFE_PP_/D (DFFHQNx1_ASAP7_75t_R) 1406.43 1440.31  -33.88 (VIOLATED)
u_e.g_mac[0].g_l2.u_l0.p2_c[243]$_DFF_P_/D (DFFHQNx1_ASAP7_75t_R) 1373.23 1407.11  -33.88 (VIOLATED)
u_e.g_mac[0].g_tr2.u_tree.held[73][5]$_DFFE_PP_/D (DFFHQNx1_ASAP7_75t_R) 1446.13 1480.00  -33.87 (VIOLATED)
u_e.g_mac[1].g_l2.u_l0.p2_c[159]$_DFF_P_/D (DFFHQNx1_ASAP7_75t_R) 1368.06 1401.91  -33.85 (VIOLATED)
u_e.g_mac[0].g_tr2.u_tree.held[79][11]$_DFFE_PP_/D (DFFHQNx1_ASAP7_75t_R) 1405.12 1438.97  -33.85 (VIOLATED)
u_e.g_mac[0].g_l2.u_l0.p1_sh[23][4]$_DFF_P_/D (DFFHQNx1_ASAP7_75t_R) 1349.87 1383.71  -33.84 (VIOLATED)
u_e.g_mac[0].g_l2.u_l0.p1_p[29][3]$_DFF_P_/D (DFFHQNx1_ASAP7_75t_R) 1355.39 1389.22  -33.84 (VIOLATED)
u_e.g_mac[0].g_tr2.u_tree.held[48][16]$_DFFE_PP_/D (DFFHQNx1_ASAP7_75t_R) 1396.89 1430.69  -33.81 (VIOLATED)
u_e.g_mac[0].g_tr2.u_tree.held[53][7]$_DFFE_PP_/D (DFFHQNx1_ASAP7_75t_R) 1404.90 1438.66  -33.77 (VIOLATED)
u_e.g_mac[1].g_l2.u_l0.p2_c[191]$_DFF_P_/D (DFFHQNx1_ASAP7_75t_R) 1363.43 1397.14  -33.70 (VIOLATED)
u_e.g_mac[0].g_tr2.u_tree.held[79][6]$_DFFE_PP_/D (DFFHQNx1_ASAP7_75t_R) 1402.70 1436.34  -33.64 (VIOLATED)
u_e.g_mac[0].g_tr2.u_tree.have[5]$_DFFE_PN0P_/D (DFFASRHQNx1_ASAP7_75t_R) 1355.52 1389.13  -33.61 (VIOLATED)
u_e.g_mac[0].g_l2.u_l1.p2_c[32]$_DFF_P_/D (DFFHQNx1_ASAP7_75t_R) 1383.49 1417.08  -33.59 (VIOLATED)
u_e.g_mac[0].g_tr2.u_tree.held[78][6]$_DFFE_PP_/D (DFFHQNx1_ASAP7_75t_R) 1402.39 1435.98  -33.59 (VIOLATED)
u_e.g_mac[0].g_tr2.u_tree.held[4][11]$_DFFE_PP_/D (DFFHQNx1_ASAP7_75t_R) 1424.36 1457.94  -33.58 (VIOLATED)
u_e.g_mac[1].g_l2.u_l0.p2_c[92]$_DFF_P_/D (DFFHQNx1_ASAP7_75t_R) 1361.80 1395.37  -33.57 (VIOLATED)
u_e.g_mac[0].g_tr2.u_tree.held[14][16]$_DFFE_PP_/D (DFFHQNx1_ASAP7_75t_R) 1413.40 1446.95  -33.56 (VIOLATED)
u_e.g_mac[0].g_l2.u_l0.p2_c[174]$_DFF_P_/D (DFFHQNx1_ASAP7_75t_R) 1373.72 1407.27  -33.55 (VIOLATED)
u_e.g_mac[0].g_l2.u_l0.p2_c[236]$_DFF_P_/D (DFFHQNx1_ASAP7_75t_R) 1358.18 1391.72  -33.54 (VIOLATED)
u_e.g_mac[0].g_tr2.u_tree.held[62][29]$_DFFE_PP_/D (DFFHQNx1_ASAP7_75t_R) 1365.15 1398.68  -33.54 (VIOLATED)
u_e.g_mac[0].g_tr2.u_tree.held[65][7]$_DFFE_PP_/D (DFFHQNx1_ASAP7_75t_R) 1404.43 1437.95  -33.52 (VIOLATED)
u_e.g_mac[0].g_l2.u_l1.p5a_nm[26]$_DFF_P_/D (DFFHQNx1_ASAP7_75t_R) 1362.58 1396.09  -33.50 (VIOLATED)
u_e.g_mac[0].g_tr2.u_tree.held[48][10]$_DFFE_PP_/D (DFFHQNx1_ASAP7_75t_R) 1424.04 1457.53  -33.49 (VIOLATED)
u_e.g_mac[0].g_tr2.u_tree.held[34][16]$_DFFE_PP_/D (DFFHQNx1_ASAP7_75t_R) 1399.40 1432.88  -33.48 (VIOLATED)
u_e.g_mac[0].g_ch2.u_c0.u_add.u_c0.g_r.r[6]$_SDFF_PP0_/D (DFFHQNx1_ASAP7_75t_R) 1374.20 1407.65  -33.45 (VIOLATED)
u_e.g_mac[0].g_tr2.u_tree.held[5][18]$_DFFE_PP_/D (DFFHQNx1_ASAP7_75t_R) 1367.53 1400.98  -33.44 (VIOLATED)
u_e.g_mac[1].g_l2.u_l0.p0_wq[224]$_DFF_P_/D (DFFHQNx1_ASAP7_75t_R) 1368.20 1401.62  -33.41 (VIOLATED)
u_e.g_mac[0].g_tr2.u_tree.held[42][16]$_DFFE_PP_/D (DFFHQNx1_ASAP7_75t_R) 1403.85 1437.23  -33.38 (VIOLATED)
u_e.g_mac[0].g_tr2.u_tree.held[55][11]$_DFFE_PP_/D (DFFHQNx1_ASAP7_75t_R) 1406.24 1439.59  -33.36 (VIOLATED)
u_e.g_mac[0].g_tr2.u_tree.held[65][11]$_DFFE_PP_/D (DFFHQNx1_ASAP7_75t_R) 1404.43 1437.78  -33.35 (VIOLATED)
u_e.g_mac[0].g_l2.u_l1.p0_we[8]$_DFF_P_/D (DFFHQNx1_ASAP7_75t_R) 1379.74 1413.07  -33.33 (VIOLATED)
u_e.g_mac[0].g_tr2.u_tree.held[73][1]$_DFFE_PP_/D (DFFHQNx1_ASAP7_75t_R) 1446.34 1479.66  -33.32 (VIOLATED)
u_e.g_mac[0].g_ch2.u_c0.u_add.u_c0.g_r.r[2]$_SDFF_PP0_/D (DFFHQNx1_ASAP7_75t_R) 1374.31 1407.62  -33.31 (VIOLATED)
u_e.g_mac[0].g_l2.u_l0.p0_wq[173]$_SDFF_PP0_/D (DFFHQNx1_ASAP7_75t_R) 1390.16 1423.46  -33.30 (VIOLATED)
u_e.g_mac[1].g_l2.u_l0.p1_p[21][3]$_DFF_P_/D (DFFHQNx1_ASAP7_75t_R) 1357.05 1390.32  -33.27 (VIOLATED)
u_e.g_mac[0].g_tr2.u_tree.held[42][7]$_DFFE_PP_/D (DFFHQNx1_ASAP7_75t_R) 1405.50 1438.72  -33.21 (VIOLATED)
u_e.g_mac[0].g_l2.u_l0.p1_sh[10][3]$_DFF_P_/D (DFFHQNx1_ASAP7_75t_R) 1361.13 1394.30  -33.17 (VIOLATED)
u_e.g_mac[0].g_tr2.u_tree.held[7][5]$_DFFE_PP_/D (DFFHQNx1_ASAP7_75t_R) 1403.96 1437.11  -33.15 (VIOLATED)
u_e.g_mac[0].g_tr2.u_tree.held[76][2]$_DFFE_PP_/D (DFFHQNx1_ASAP7_75t_R) 1400.19 1433.32  -33.14 (VIOLATED)
u_e.g_mac[0].g_tr2.u_tree.add_a[26]$_DFF_P_/D (DFFHQNx1_ASAP7_75t_R) 1359.00 1392.13  -33.13 (VIOLATED)
u_e.g_mac[0].g_l2.u_l0.p1_sh[30][2]$_DFF_P_/D (DFFHQNx1_ASAP7_75t_R) 1362.40 1395.49  -33.09 (VIOLATED)
u_e.g_mac[0].g_tr2.u_tree.have[33]$_DFFE_PN0P_/D (DFFASRHQNx1_ASAP7_75t_R) 1382.54 1415.62  -33.08 (VIOLATED)
u_e.g_mac[0].g_l2.u_l0.p2_c[102]$_DFF_P_/D (DFFHQNx1_ASAP7_75t_R) 1359.97 1393.04  -33.07 (VIOLATED)
u_e.g_mac[0].g_tr2.u_tree.held[76][31]$_DFFE_PP_/D (DFFHQNx1_ASAP7_75t_R) 1399.29 1432.33  -33.04 (VIOLATED)
u_e.g_mac[1].g_l2.u_l0.p1_p[20][3]$_DFF_P_/D (DFFHQNx1_ASAP7_75t_R) 1359.71 1392.73  -33.02 (VIOLATED)
u_e.g_mac[1].g_l2.u_l0.p0_wq[139]$_DFF_P_/D (DFFHQNx1_ASAP7_75t_R) 1377.20 1410.20  -33.01 (VIOLATED)
u_e.g_mac[1].g_l2.u_l1.p2_c[118]$_DFF_P_/D (DFFHQNx1_ASAP7_75t_R) 1362.76 1395.75  -32.99 (VIOLATED)
u_e.g_mac[0].g_l2.u_l0.p1_p[24][3]$_DFF_P_/D (DFFHQNx1_ASAP7_75t_R) 1365.85 1398.75  -32.90 (VIOLATED)
u_e.g_mac[0].g_tr2.u_tree.held[74][11]$_DFFE_PP_/D (DFFHQNx1_ASAP7_75t_R) 1406.04 1438.89  -32.86 (VIOLATED)
u_e.g_mac[0].g_tr2.u_tree.held[66][14]$_DFFE_PP_/D (DFFHQNx1_ASAP7_75t_R) 1404.80 1437.61  -32.81 (VIOLATED)
u_e.g_mac[0].g_tr2.u_tree.held[39][6]$_DFFE_PP_/D (DFFHQNx1_ASAP7_75t_R) 1405.59 1438.38  -32.79 (VIOLATED)
u_e.g_mac[0].g_ch2.u_c0.u_add.u_c0.g_r.r[14]$_SDFF_PP0_/D (DFFHQNx1_ASAP7_75t_R) 1379.07 1411.86  -32.79 (VIOLATED)
u_e.g_mac[0].g_l2.u_l0.p1_sh[0][3]$_DFF_P_/D (DFFHQNx1_ASAP7_75t_R) 1380.40 1413.17  -32.76 (VIOLATED)
u_e.g_mac[0].g_tr2.u_tree.add_a[5]$_DFF_P_/D (DFFHQNx1_ASAP7_75t_R) 1374.20 1406.94  -32.75 (VIOLATED)
u_e.g_mac[0].g_tr2.u_tree.held[66][2]$_DFFE_PP_/D (DFFHQNx1_ASAP7_75t_R) 1403.44 1436.16  -32.72 (VIOLATED)
u_e.g_mac[0].g_tr2.u_tree.x_above[61]$_DFF_P_/D (DFFHQNx1_ASAP7_75t_R) 1388.04 1420.75  -32.71 (VIOLATED)
u_e.g_mac[1].g_l2.u_l1.p2_c[8]$_DFF_P_/D (DFFHQNx1_ASAP7_75t_R) 1378.70 1411.39  -32.69 (VIOLATED)
u_e.g_mac[0].g_l2.u_l0.p2_c[219]$_DFF_P_/D (DFFHQNx1_ASAP7_75t_R) 1374.94 1407.58  -32.64 (VIOLATED)
u_e.g_mac[0].g_tr2.u_tree.add_b[7]$_SDFF_PN0_/D (DFFHQNx1_ASAP7_75t_R) 1379.18 1411.82  -32.64 (VIOLATED)
u_e.g_mac[0].g_tr2.u_tree.have[42]$_DFFE_PN0P_/D (DFFASRHQNx1_ASAP7_75t_R) 1354.38 1386.99  -32.61 (VIOLATED)
u_e.g_mac[0].g_tr2.u_tree.held[7][31]$_DFFE_PP_/D (DFFHQNx1_ASAP7_75t_R) 1404.29 1436.90  -32.61 (VIOLATED)
u_e.g_mac[0].g_tr2.u_tree.held[51][0]$_DFFE_PP_/D (DFFHQNx1_ASAP7_75t_R) 1404.59 1437.17  -32.57 (VIOLATED)
u_e.g_mac[0].g_tr2.u_tree.have[64]$_DFFE_PN0P_/D (DFFASRHQNx1_ASAP7_75t_R) 1385.00 1417.54  -32.54 (VIOLATED)
u_e.g_mac[0].g_l2.u_l1.p2_c[195]$_DFF_P_/D (DFFHQNx1_ASAP7_75t_R) 1367.04 1399.57  -32.53 (VIOLATED)
u_e.g_mac[0].g_tr2.u_tree.held[77][15]$_DFFE_PP_/D (DFFHQNx1_ASAP7_75t_R) 1362.24 1394.77  -32.52 (VIOLATED)
u_e.g_mac[0].g_tr2.u_tree.held[20][9]$_DFFE_PP_/D (DFFHQNx1_ASAP7_75t_R) 1399.41 1431.90  -32.49 (VIOLATED)
u_e.g_mac[0].g_tr2.u_tree.have[75]$_DFFE_PN0P_/D (DFFASRHQNx1_ASAP7_75t_R) 1353.45 1385.91  -32.46 (VIOLATED)
u_e.g_mac[0].g_tr2.u_tree.x_oh[53]$_DFF_P_/D (DFFHQNx1_ASAP7_75t_R) 1386.54 1418.99  -32.45 (VIOLATED)
u_e.g_mac[1].g_l2.u_l1.p0_wq[0]$_DFF_P_/D (DFFHQNx2_ASAP7_75t_R) 1375.67 1408.08  -32.42 (VIOLATED)
u_e.g_mac[0].g_l2.u_l0.p2_c[78]$_DFF_P_/D (DFFHQNx1_ASAP7_75t_R) 1378.25 1410.64  -32.40 (VIOLATED)
u_e.g_mac[0].g_ch2.u_c0.u_add.u_c0.g_r.r[18]$_SDFF_PP0_/D (DFFHQNx1_ASAP7_75t_R) 1379.25 1411.63  -32.38 (VIOLATED)
u_e.g_mac[0].g_ch2.u_c0.u_add.u_c0.g_r.r[21]$_SDFF_PP0_/D (DFFHQNx1_ASAP7_75t_R) 1379.16 1411.53  -32.37 (VIOLATED)
u_e.g_mac[0].g_tr2.u_tree.held[42][11]$_DFFE_PP_/D (DFFHQNx1_ASAP7_75t_R) 1404.47 1436.83  -32.37 (VIOLATED)
u_e.g_mac[0].g_tr2.u_tree.held[34][14]$_DFFE_PP_/D (DFFHQNx1_ASAP7_75t_R) 1399.47 1431.82  -32.35 (VIOLATED)
u_e.g_mac[1].g_l2.u_l1.p0_wq[43]$_DFF_P_/D (DFFHQNx2_ASAP7_75t_R) 1373.57 1405.90  -32.33 (VIOLATED)
u_e.g_mac[1].g_l2.u_l0.p0_wq[225]$_DFF_P_/D (DFFHQNx1_ASAP7_75t_R) 1372.00 1404.31  -32.31 (VIOLATED)
u_e.g_mac[1].g_l2.u_l1.p2_c[121]$_DFF_P_/D (DFFHQNx1_ASAP7_75t_R) 1362.49 1394.78  -32.29 (VIOLATED)
u_e.g_mac[0].g_tr2.u_tree.held[76][12]$_DFFE_PP_/D (DFFHQNx1_ASAP7_75t_R) 1439.26 1471.55  -32.29 (VIOLATED)
u_e.g_mac[1].g_l2.u_l0.p1_sh[1][3]$_DFF_P_/D (DFFHQNx1_ASAP7_75t_R) 1379.29 1411.58  -32.29 (VIOLATED)
u_e.g_mac[0].g_l2.u_l1.p2_c[98]$_DFF_P_/D (DFFHQNx1_ASAP7_75t_R) 1369.65 1401.91  -32.26 (VIOLATED)
u_e.g_mac[1].g_l2.u_l0.p2_c[173]$_DFF_P_/D (DFFHQNx1_ASAP7_75t_R) 1361.49 1393.75  -32.26 (VIOLATED)
u_e.g_mac[0].g_l2.u_l1.p2_c[185]$_DFF_P_/D (DFFHQNx1_ASAP7_75t_R) 1367.43 1399.68  -32.25 (VIOLATED)
u_e.g_mac[0].g_tr2.u_tree.add_b[11]$_SDFF_PN0_/D (DFFHQNx1_ASAP7_75t_R) 1379.41 1411.63  -32.22 (VIOLATED)
u_e.g_mac[0].g_tr2.u_tree.held[58][0]$_DFFE_PP_/D (DFFHQNx1_ASAP7_75t_R) 1402.24 1434.38  -32.14 (VIOLATED)
u_e.g_mac[0].g_tr2.u_tree.held[69][11]$_DFFE_PP_/D (DFFHQNx1_ASAP7_75t_R) 1424.51 1456.64  -32.13 (VIOLATED)
u_e.g_mac[0].g_tr2.u_tree.held[79][7]$_DFFE_PP_/D (DFFHQNx1_ASAP7_75t_R) 1404.49 1436.61  -32.12 (VIOLATED)
u_e.g_mac[0].g_ch2.u_c0.u_add.u_c0.g_r.r[31]$_SDFF_PP0_/D (DFFHQNx1_ASAP7_75t_R) 1377.76 1409.88  -32.11 (VIOLATED)
u_e.g_mac[0].g_tr2.u_tree.x_oh[20]$_DFF_P_/D (DFFHQNx1_ASAP7_75t_R) 1391.47 1423.58  -32.11 (VIOLATED)
u_e.g_mac[1].g_l2.u_l1.p2_c[197]$_DFF_P_/D (DFFHQNx1_ASAP7_75t_R) 1358.80 1390.91  -32.11 (VIOLATED)
u_e.g_mac[0].g_l2.u_l1.p0_wq[89]$_DFF_P_/D (DFFHQNx2_ASAP7_75t_R) 1390.13 1422.23  -32.10 (VIOLATED)
u_e.g_mac[0].g_l2.u_l0.p2_c[83]$_DFF_P_/D (DFFHQNx1_ASAP7_75t_R) 1368.84 1400.93  -32.09 (VIOLATED)
u_e.g_mac[0].g_tr2.u_tree.held[12][7]$_DFFE_PP_/D (DFFHQNx1_ASAP7_75t_R) 1399.52 1431.61  -32.09 (VIOLATED)
u_e.g_mac[1].g_l2.u_l1.p2_c[157]$_DFF_P_/D (DFFHQNx1_ASAP7_75t_R) 1361.13 1393.21  -32.08 (VIOLATED)
u_e.g_mac[0].g_tr2.u_tree.held[67][4]$_DFFE_PP_/D (DFFHQNx1_ASAP7_75t_R) 1424.99 1457.02  -32.03 (VIOLATED)
u_e.g_mac[0].g_tr2.u_tree.held[58][6]$_DFFE_PP_/D (DFFHQNx1_ASAP7_75t_R) 1404.12 1436.14  -32.02 (VIOLATED)
u_e.g_mac[0].g_tr2.u_tree.held[42][0]$_DFFE_PP_/D (DFFHQNx1_ASAP7_75t_R) 1404.66 1436.67  -32.01 (VIOLATED)
u_e.g_mac[1].g_tr2.u_tree.u_t.genblk1.g_line.line[0]$_DFF_P_/D (DFFHQNx1_ASAP7_75t_R) 1372.44 1404.34  -31.90 (VIOLATED)
u_e.g_mac[0].g_ch2.u_c0.u_add.u_c0.g_r.r[12]$_SDFF_PP0_/D (DFFHQNx1_ASAP7_75t_R) 1379.28 1411.18  -31.90 (VIOLATED)
u_e.g_mac[0].g_l2.u_l0.p2_c[225]$_DFF_P_/D (DFFHQNx1_ASAP7_75t_R) 1387.74 1419.57  -31.82 (VIOLATED)
u_e.g_mac[0].g_l2.u_l1.p2_c[58]$_DFF_P_/D (DFFHQNx1_ASAP7_75t_R) 1389.01 1420.80  -31.79 (VIOLATED)
u_e.g_mac[0].g_l2.u_l0.p2_c[138]$_DFF_P_/D (DFFHQNx1_ASAP7_75t_R) 1382.41 1414.20  -31.79 (VIOLATED)
u_e.i1_q0[226]$_DFF_P_/D (DFFHQNx1_ASAP7_75t_R) 1362.86 1394.64  -31.78 (VIOLATED)
u_e.g_mac[0].g_tr2.u_tree.held[64][21]$_DFFE_PP_/D (DFFHQNx1_ASAP7_75t_R) 1366.93 1398.68  -31.75 (VIOLATED)
u_e.g_mac[0].g_tr2.u_tree.held[56][3]$_DFFE_PP_/D (DFFHQNx1_ASAP7_75t_R) 1423.95 1455.68  -31.73 (VIOLATED)
u_e.g_mac[0].g_tr2.u_tree.held[1][11]$_DFFE_PP_/D (DFFHQNx1_ASAP7_75t_R) 1405.32 1437.03  -31.72 (VIOLATED)
u_e.g_mac[0].g_tr2.u_tree.held[75][7]$_DFFE_PP_/D (DFFHQNx1_ASAP7_75t_R) 1400.08 1431.78  -31.70 (VIOLATED)
u_e.g_mac[0].g_tr2.u_tree.held[48][9]$_DFFE_PP_/D (DFFHQNx1_ASAP7_75t_R) 1401.43 1433.07  -31.64 (VIOLATED)
u_e.g_mac[0].g_tr2.u_tree.held[7][4]$_DFFE_PP_/D (DFFHQNx1_ASAP7_75t_R) 1405.31 1436.95  -31.63 (VIOLATED)
u_e.g_mac[0].g_tr2.u_tree.held[4][6]$_DFFE_PP_/D (DFFHQNx1_ASAP7_75t_R) 1400.19 1431.78  -31.60 (VIOLATED)
u_e.g_mac[0].g_tr2.u_tree.held[7][11]$_DFFE_PP_/D (DFFHQNx1_ASAP7_75t_R) 1405.80 1437.36  -31.56 (VIOLATED)
u_e.g_mac[0].g_tr2.u_tree.x_oh[14]$_DFF_P_/D (DFFHQNx1_ASAP7_75t_R) 1386.09 1417.65  -31.56 (VIOLATED)
u_e.g_mac[0].g_ch2.u_c0.u_add.u_c0.g_r.r[17]$_SDFF_PP0_/D (DFFHQNx1_ASAP7_75t_R) 1379.22 1410.74  -31.52 (VIOLATED)
u_e.g_mac[0].g_tr2.u_tree.x_oh[34]$_DFF_P_/D (DFFHQNx1_ASAP7_75t_R) 1386.62 1418.12  -31.50 (VIOLATED)
u_e.g_mac[0].g_tr2.u_tree.held[28][2]$_DFFE_PP_/D (DFFHQNx1_ASAP7_75t_R) 1403.39 1434.88  -31.50 (VIOLATED)
u_e.g_mac[0].g_tr2.u_tree.have[38]$_DFFE_PN0P_/D (DFFASRHQNx1_ASAP7_75t_R) 1356.31 1387.78  -31.47 (VIOLATED)
u_e.g_mac[0].g_l2.u_l0.p2_c[50]$_DFF_P_/D (DFFHQNx1_ASAP7_75t_R) 1355.69 1387.15  -31.47 (VIOLATED)
u_e.g_mac[0].g_tr2.u_tree.held[4][14]$_DFFE_PP_/D (DFFHQNx1_ASAP7_75t_R) 1399.53 1430.97  -31.44 (VIOLATED)
u_e.g_mac[0].g_tr2.u_tree.held[66][7]$_DFFE_PP_/D (DFFHQNx1_ASAP7_75t_R) 1404.96 1436.37  -31.41 (VIOLATED)
u_e.w_q[1]$_SDFFCE_PP0P_/D (DFFHQNx1_ASAP7_75t_R) 1395.52 1426.93  -31.41 (VIOLATED)
u_e.g_mac[0].g_tr2.u_tree.held[22][2]$_DFFE_PP_/D (DFFHQNx1_ASAP7_75t_R) 1402.94 1434.26  -31.31 (VIOLATED)
u_e.g_mac[0].g_tr2.u_tree.held[75][16]$_DFFE_PP_/D (DFFHQNx1_ASAP7_75t_R) 1400.64 1431.94  -31.30 (VIOLATED)
u_e.g_mac[1].g_l2.u_l0.p2_c[117]$_DFF_P_/D (DFFHQNx1_ASAP7_75t_R) 1362.44 1393.72  -31.28 (VIOLATED)
u_e.g_mac[0].g_tr2.u_tree.x_above[69]$_DFF_P_/D (DFFHQNx1_ASAP7_75t_R) 1392.33 1423.61  -31.27 (VIOLATED)
u_e.g_mac[1].g_ch2.u_c1.u_add.u_c8.g_r.r[3]$_DFF_P_/D (DFFHQNx2_ASAP7_75t_R) 1361.20 1392.47  -31.27 (VIOLATED)
u_e.g_mac[1].g_l2.u_l0.p2_c[138]$_DFF_P_/D (DFFHQNx1_ASAP7_75t_R) 1357.55 1388.78  -31.23 (VIOLATED)
u_e.g_mac[0].g_tr2.u_tree.held[12][0]$_DFFE_PP_/D (DFFHQNx1_ASAP7_75t_R) 1399.88 1431.11  -31.22 (VIOLATED)
u_e.g_mac[1].g_l2.u_l0.p1_sh[8][1]$_DFF_P_/D (DFFHQNx1_ASAP7_75t_R) 1355.72 1386.93  -31.20 (VIOLATED)
u_e.g_mac[0].g_tr2.u_tree.held[26][5]$_DFFE_PP_/D (DFFHQNx1_ASAP7_75t_R) 1403.53 1434.72  -31.19 (VIOLATED)
u_e.g_mac[0].g_tr2.u_tree.held[48][14]$_DFFE_PP_/D (DFFHQNx1_ASAP7_75t_R) 1400.33 1431.48  -31.16 (VIOLATED)
u_e.g_mac[0].g_tr2.u_tree.held[66][0]$_DFFE_PP_/D (DFFHQNx1_ASAP7_75t_R) 1404.91 1436.04  -31.13 (VIOLATED)
u_e.g_mac[0].g_tr2.u_tree.held[62][13]$_DFFE_PP_/D (DFFHQNx1_ASAP7_75t_R) 1366.49 1397.58  -31.08 (VIOLATED)
u_e.g_mac[0].g_tr2.u_tree.held[59][3]$_DFFE_PP_/D (DFFHQNx1_ASAP7_75t_R) 1424.16 1455.23  -31.06 (VIOLATED)
u_e.g_mac[1].g_l2.u_l1.p2_c[191]$_DFF_P_/D (DFFHQNx1_ASAP7_75t_R) 1367.60 1398.66  -31.06 (VIOLATED)
u_e.g_mac[0].g_tr2.u_tree.held[58][7]$_DFFE_PP_/D (DFFHQNx1_ASAP7_75t_R) 1403.86 1434.87  -31.01 (VIOLATED)
u_e.g_mac[0].g_tr2.u_tree.x_oh[12]$_DFF_P_/D (DFFHQNx1_ASAP7_75t_R) 1386.34 1417.34  -31.01 (VIOLATED)
u_e.g_mac[0].g_tr2.u_tree.held[78][14]$_DFFE_PP_/D (DFFHQNx1_ASAP7_75t_R) 1404.66 1435.66  -31.00 (VIOLATED)
u_e.g_mac[1].g_l2.u_l0.p1_sh[25][3]$_DFF_P_/D (DFFHQNx2_ASAP7_75t_R) 1361.34 1392.35  -31.00 (VIOLATED)
u_e.g_mac[0].g_l2.u_l1.p2_c[30]$_DFF_P_/D (DFFHQNx1_ASAP7_75t_R) 1374.43 1405.43  -31.00 (VIOLATED)
u_e.g_mac[0].g_tr2.u_tree.held[62][25]$_DFFE_PP_/D (DFFHQNx1_ASAP7_75t_R) 1366.58 1397.56  -30.98 (VIOLATED)
u_e.g_mac[0].g_tr2.u_tree.held[26][7]$_DFFE_PP_/D (DFFHQNx1_ASAP7_75t_R) 1404.23 1435.19  -30.96 (VIOLATED)
u_e.g_mac[1].g_l2.u_l0.p1_p[27][3]$_DFF_P_/D (DFFHQNx1_ASAP7_75t_R) 1364.76 1395.67  -30.91 (VIOLATED)
u_e.g_mac[0].g_ch2.u_c0.u_add.u_c0.g_r.r[0]$_SDFF_PP0_/D (DFFHQNx1_ASAP7_75t_R) 1379.52 1410.43  -30.91 (VIOLATED)
u_e.g_mac[0].g_tr2.u_tree.held[54][8]$_DFFE_PP_/D (DFFHQNx1_ASAP7_75t_R) 1421.25 1452.14  -30.89 (VIOLATED)
u_e.g_mac[0].g_l2.u_l0.p2_c[207]$_DFF_P_/D (DFFHQNx1_ASAP7_75t_R) 1359.24 1390.12  -30.88 (VIOLATED)
u_e.g_mac[1].g_l2.u_l1.p2_c[52]$_DFF_P_/D (DFFHQNx1_ASAP7_75t_R) 1387.09 1417.93  -30.84 (VIOLATED)
u_e.g_mac[1].g_l2.u_l0.p2_c[136]$_DFF_P_/D (DFFHQNx1_ASAP7_75t_R) 1373.74 1404.58  -30.83 (VIOLATED)
u_e.g_mac[0].g_tr2.u_tree.held[56][8]$_DFFE_PP_/D (DFFHQNx1_ASAP7_75t_R) 1421.09 1451.90  -30.81 (VIOLATED)
u_e.g_mac[1].g_l2.u_l0.p1_sh[18][1]$_DFF_P_/D (DFFHQNx1_ASAP7_75t_R) 1356.89 1387.68  -30.79 (VIOLATED)
u_e.g_mac[1].g_l2.u_l0.p2_c[115]$_DFF_P_/D (DFFHQNx1_ASAP7_75t_R) 1362.72 1393.49  -30.77 (VIOLATED)
u_e.g_mac[0].g_tr2.u_tree.held[39][3]$_DFFE_PP_/D (DFFHQNx1_ASAP7_75t_R) 1424.01 1454.76  -30.76 (VIOLATED)
u_e.g_mac[0].g_tr2.u_tree.held[34][8]$_DFFE_PP_/D (DFFHQNx1_ASAP7_75t_R) 1425.08 1455.81  -30.72 (VIOLATED)
u_e.g_mac[0].g_tr2.u_tree.held[74][4]$_DFFE_PP_/D (DFFHQNx1_ASAP7_75t_R) 1404.53 1435.24  -30.71 (VIOLATED)
u_e.g_mac[0].g_tr2.u_tree.held[72][11]$_DFFE_PP_/D (DFFHQNx1_ASAP7_75t_R) 1422.87 1453.56  -30.69 (VIOLATED)
u_e.g_mac[0].g_tr2.u_tree.held[39][31]$_DFFE_PP_/D (DFFHQNx1_ASAP7_75t_R) 1404.97 1435.65  -30.67 (VIOLATED)
u_e.g_mac[0].g_ch2.u_c0.u_add.u_c0.g_r.r[22]$_SDFF_PP0_/D (DFFHQNx1_ASAP7_75t_R) 1379.16 1409.81  -30.65 (VIOLATED)
u_e.g_mac[0].g_l2.u_l1.p2_c[70]$_DFF_P_/D (DFFHQNx1_ASAP7_75t_R) 1369.70 1400.34  -30.64 (VIOLATED)
u_e.g_mac[0].g_tr2.u_tree.held[47][10]$_DFFE_PP_/D (DFFHQNx1_ASAP7_75t_R) 1423.89 1454.47  -30.58 (VIOLATED)
u_e.g_mac[0].g_tr2.u_tree.held[19][0]$_DFFE_PP_/D (DFFHQNx1_ASAP7_75t_R) 1397.89 1428.47  -30.58 (VIOLATED)
u_e.g_mac[1].g_l2.u_l0.p2_c[149]$_DFF_P_/D (DFFHQNx1_ASAP7_75t_R) 1376.23 1406.81  -30.57 (VIOLATED)
u_e.g_mac[0].g_tr2.u_tree.held[22][6]$_DFFE_PP_/D (DFFHQNx1_ASAP7_75t_R) 1400.85 1431.42  -30.57 (VIOLATED)
u_e.g_mac[1].g_l2.u_l0.p0_wq[136]$_DFF_P_/D (DFFHQNx1_ASAP7_75t_R) 1377.94 1408.51  -30.56 (VIOLATED)
u_e.g_mac[1].g_l2.u_l1.p0_wq[35]$_DFF_P_/D (DFFHQNx2_ASAP7_75t_R) 1377.48 1408.01  -30.52 (VIOLATED)
u_e.g_mac[0].g_ch2.u_c0.u_add.u_c0.g_r.r[15]$_SDFF_PP0_/D (DFFHQNx1_ASAP7_75t_R) 1379.16 1409.63  -30.48 (VIOLATED)
u_e.g_mac[0].g_tr2.u_tree.held[51][9]$_DFFE_PP_/D (DFFHQNx1_ASAP7_75t_R) 1399.30 1429.77  -30.47 (VIOLATED)
u_e.g_mac[1].g_l2.u_l1.p0_wq[9]$_DFF_P_/D (DFFHQNx1_ASAP7_75t_R) 1354.92 1385.37  -30.44 (VIOLATED)
u_e.g_mac[0].g_tr2.u_tree.held[75][0]$_DFFE_PP_/D (DFFHQNx1_ASAP7_75t_R) 1401.57 1432.01  -30.44 (VIOLATED)
u_e.g_mac[0].g_l2.u_l0.p2_c[75]$_DFF_P_/D (DFFHQNx1_ASAP7_75t_R) 1349.22 1379.64  -30.42 (VIOLATED)
u_e.g_mac[1].g_l2.u_l0.p2_c[157]$_DFF_P_/D (DFFHQNx1_ASAP7_75t_R) 1368.56 1398.92  -30.36 (VIOLATED)
prow[18] (output)                     966.00  996.28  -30.28 (VIOLATED)
u_e.g_mac[1].g_l2.u_l1.p2_c[134]$_DFF_P_/D (DFFHQNx1_ASAP7_75t_R) 1349.02 1379.28  -30.25 (VIOLATED)
u_e.g_mac[0].g_l2.u_l1.p2_c[26]$_DFF_P_/D (DFFHQNx1_ASAP7_75t_R) 1374.80 1405.03  -30.23 (VIOLATED)
u_e.g_mac[0].g_tr2.u_tree.held[14][2]$_DFFE_PP_/D (DFFHQNx1_ASAP7_75t_R) 1404.93 1435.16  -30.23 (VIOLATED)
u_e.g_mac[1].g_l2.u_l1.p2_c[239]$_DFF_P_/D (DFFHQNx1_ASAP7_75t_R) 1356.54 1386.75  -30.21 (VIOLATED)
u_e.g_mac[0].g_tr2.u_tree.have[40]$_DFFE_PN0P_/D (DFFASRHQNx1_ASAP7_75t_R) 1386.92 1417.13  -30.21 (VIOLATED)
u_e.g_mac[0].g_tr2.u_tree.x_oh[33]$_DFF_P_/D (DFFHQNx1_ASAP7_75t_R) 1387.36 1417.55  -30.20 (VIOLATED)
u_e.g_mac[0].g_ch2.u_c0.u_add.u_c0.g_r.r[13]$_SDFF_PP0_/D (DFFHQNx1_ASAP7_75t_R) 1381.55 1411.74  -30.19 (VIOLATED)
u_e.g_mac[0].g_tr2.u_tree.held[22][31]$_DFFE_PP_/D (DFFHQNx1_ASAP7_75t_R) 1403.39 1433.54  -30.15 (VIOLATED)
u_e.g_mac[0].g_tr2.u_tree.held[10][31]$_DFFE_PP_/D (DFFHQNx1_ASAP7_75t_R) 1399.72 1429.80  -30.08 (VIOLATED)
u_e.g_mac[0].g_tr2.u_tree.held[28][5]$_DFFE_PP_/D (DFFHQNx1_ASAP7_75t_R) 1403.97 1434.04  -30.08 (VIOLATED)
u_e.g_mac[0].g_tr2.u_tree.held[14][6]$_DFFE_PP_/D (DFFHQNx1_ASAP7_75t_R) 1405.88 1435.93  -30.05 (VIOLATED)
u_e.g_mac[0].g_tr2.u_tree.held[43][10]$_DFFE_PP_/D (DFFHQNx1_ASAP7_75t_R) 1424.03 1454.08  -30.05 (VIOLATED)
u_e.g_mac[0].g_l2.u_l0.p1_sh[31][3]$_DFF_P_/D (DFFHQNx2_ASAP7_75t_R) 1359.93 1389.94  -30.00 (VIOLATED)
u_e.g_mac[0].g_tr2.u_tree.held[35][3]$_DFFE_PP_/D (DFFHQNx1_ASAP7_75t_R) 1439.01 1469.00  -29.99 (VIOLATED)
u_e.g_mac[0].g_tr2.u_tree.held[0][31]$_DFFE_PP_/D (DFFHQNx1_ASAP7_75t_R) 1424.00 1453.98  -29.98 (VIOLATED)
u_e.g_mac[0].g_l2.u_l0.p2_c[147]$_DFF_P_/D (DFFHQNx1_ASAP7_75t_R) 1372.63 1402.55  -29.93 (VIOLATED)
u_e.g_mac[0].g_tr2.u_tree.held[14][31]$_DFFE_PP_/D (DFFHQNx1_ASAP7_75t_R) 1406.19 1436.11  -29.92 (VIOLATED)
u_e.g_mac[0].g_l2.u_l0.p2_c[163]$_DFF_P_/D (DFFHQNx1_ASAP7_75t_R) 1354.39 1384.28  -29.89 (VIOLATED)
u_e.g_mac[0].g_l2.u_l0.p2_c[161]$_DFF_P_/D (DFFHQNx1_ASAP7_75t_R) 1358.50 1388.39  -29.89 (VIOLATED)
u_e.g_mac[1].g_l2.u_l0.p2_c[236]$_DFF_P_/D (DFFHQNx1_ASAP7_75t_R) 1377.53 1407.34  -29.81 (VIOLATED)
u_e.g_mac[0].g_tr2.u_tree.held[72][5]$_DFFE_PP_/D (DFFHQNx1_ASAP7_75t_R) 1423.73 1453.52  -29.78 (VIOLATED)
u_e.g_mac[0].g_tr2.u_tree.add_a[14]$_DFF_P_/D (DFFHQNx1_ASAP7_75t_R) 1360.80 1390.57  -29.77 (VIOLATED)
u_e.g_mac[1].g_l2.u_l0.p2_c[120]$_DFF_P_/D (DFFHQNx1_ASAP7_75t_R) 1356.75 1386.51  -29.76 (VIOLATED)
u_e.g_mac[0].g_tr2.u_tree.x_oh[47]$_DFF_P_/D (DFFHQNx1_ASAP7_75t_R) 1392.08 1421.83  -29.75 (VIOLATED)
u_e.g_mac[0].g_tr2.u_tree.held[15][3]$_DFFE_PP_/D (DFFHQNx1_ASAP7_75t_R) 1423.57 1453.32  -29.75 (VIOLATED)
u_e.g_mac[0].g_tr2.u_tree.held[26][31]$_DFFE_PP_/D (DFFHQNx1_ASAP7_75t_R) 1404.47 1434.21  -29.75 (VIOLATED)
u_e.g_mac[0].g_tr2.u_tree.add_a[23]$_DFF_P_/D (DFFHQNx1_ASAP7_75t_R) 1383.31 1413.05  -29.75 (VIOLATED)
u_e.g_mac[0].g_tr2.u_tree.add_b[13]$_SDFF_PN0_/D (DFFHQNx1_ASAP7_75t_R) 1381.13 1410.87  -29.74 (VIOLATED)
u_e.g_mac[0].g_tr2.u_tree.held[61][6]$_DFFE_PP_/D (DFFHQNx1_ASAP7_75t_R) 1404.53 1434.27  -29.74 (VIOLATED)
u_e.g_mac[1].g_l2.u_l0.p2_c[137]$_DFF_P_/D (DFFHQNx1_ASAP7_75t_R) 1357.60 1387.33  -29.73 (VIOLATED)
u_e.g_mac[1].g_l2.u_l1.p2_c[199]$_DFF_P_/D (DFFHQNx1_ASAP7_75t_R) 1366.89 1396.57  -29.68 (VIOLATED)
u_e.g_mac[0].g_tr2.u_tree.held[35][10]$_DFFE_PP_/D (DFFHQNx1_ASAP7_75t_R) 1437.57 1467.22  -29.65 (VIOLATED)
u_e.g_mac[1].g_l2.u_l0.p2_c[229]$_DFF_P_/D (DFFHQNx1_ASAP7_75t_R) 1373.07 1402.70  -29.63 (VIOLATED)
u_e.g_mac[0].g_tr2.u_tree.held[18][20]$_DFFE_PP_/D (DFFHQNx1_ASAP7_75t_R) 1365.62 1395.24  -29.62 (VIOLATED)
u_e.g_mac[0].g_tr2.u_tree.held[46][3]$_DFFE_PP_/D (DFFHQNx1_ASAP7_75t_R) 1424.19 1453.80  -29.61 (VIOLATED)
u_e.g_mac[0].g_l2.u_l0.p2_c[148]$_DFF_P_/D (DFFHQNx1_ASAP7_75t_R) 1372.88 1402.47  -29.59 (VIOLATED)
u_e.g_mac[0].g_tr2.u_tree.held[64][9]$_DFFE_PP_/D (DFFHQNx1_ASAP7_75t_R) 1402.51 1432.10  -29.59 (VIOLATED)
u_e.g_mac[0].g_tr2.u_tree.held[14][14]$_DFFE_PP_/D (DFFHQNx1_ASAP7_75t_R) 1403.85 1433.37  -29.52 (VIOLATED)
u_e.g_mac[0].g_tr2.u_tree.held[0][3]$_DFFE_PP_/D (DFFHQNx1_ASAP7_75t_R) 1426.28 1455.78  -29.50 (VIOLATED)
u_e.g_mac[0].g_tr2.u_tree.have[49]$_DFFE_PN0P_/D (DFFASRHQNx1_ASAP7_75t_R) 1355.41 1384.90  -29.49 (VIOLATED)
u_e.g_mac[0].g_tr2.u_tree.held[39][11]$_DFFE_PP_/D (DFFHQNx1_ASAP7_75t_R) 1404.80 1434.22  -29.43 (VIOLATED)
u_e.g_mac[1].g_l2.u_l1.p2_c[154]$_DFF_P_/D (DFFHQNx1_ASAP7_75t_R) 1361.69 1391.08  -29.39 (VIOLATED)
u_e.g_mac[0].g_tr2.u_tree.x_above[62]$_DFF_P_/D (DFFHQNx1_ASAP7_75t_R) 1388.29 1417.68  -29.39 (VIOLATED)
u_e.g_mac[0].g_tr2.u_tree.held[18][9]$_DFFE_PP_/D (DFFHQNx1_ASAP7_75t_R) 1365.10 1394.47  -29.37 (VIOLATED)
u_e.g_mac[0].g_tr2.u_tree.held[41][0]$_DFFE_PP_/D (DFFHQNx1_ASAP7_75t_R) 1399.48 1428.83  -29.34 (VIOLATED)
u_e.g_mac[0].g_tr2.u_tree.held[30][11]$_DFFE_PP_/D (DFFHQNx1_ASAP7_75t_R) 1404.44 1433.75  -29.32 (VIOLATED)
u_e.g_mac[0].g_l2.u_l1.p0_wq[153]$_DFF_P_/D (DFFHQNx1_ASAP7_75t_R) 1382.63 1411.94  -29.32 (VIOLATED)
u_e.w_q[2]$_SDFFCE_PP0P_/D (DFFHQNx1_ASAP7_75t_R) 1416.14 1445.40  -29.26 (VIOLATED)
u_e.g_mac[0].g_tr2.u_tree.held[61][0]$_DFFE_PP_/D (DFFHQNx1_ASAP7_75t_R) 1401.59 1430.83  -29.24 (VIOLATED)
u_e.g_mac[0].g_tr2.u_tree.held[58][14]$_DFFE_PP_/D (DFFHQNx1_ASAP7_75t_R) 1404.60 1433.79  -29.19 (VIOLATED)
u_e.g_mac[0].g_tr2.u_tree.x_oh[69]$_DFF_P_/D (DFFHQNx1_ASAP7_75t_R) 1393.22 1422.39  -29.18 (VIOLATED)
u_e.g_mac[0].g_tr2.u_tree.held[40][1]$_DFFE_PP_/D (DFFHQNx1_ASAP7_75t_R) 1439.97 1469.12  -29.15 (VIOLATED)
u_e.g_mac[0].g_tr2.u_tree.held[65][0]$_DFFE_PP_/D (DFFHQNx1_ASAP7_75t_R) 1404.59 1433.74  -29.14 (VIOLATED)
u_e.g_mac[0].g_tr2.u_tree.held[35][8]$_DFFE_PP_/D (DFFHQNx1_ASAP7_75t_R) 1439.23 1468.37  -29.13 (VIOLATED)
u_e.g_mac[0].g_tr2.u_tree.held[61][7]$_DFFE_PP_/D (DFFHQNx1_ASAP7_75t_R) 1404.29 1433.40  -29.11 (VIOLATED)
u_e.g_mac[0].g_l2.u_l1.p2_c[240]$_DFF_P_/D (DFFHQNx1_ASAP7_75t_R) 1366.85 1395.95  -29.10 (VIOLATED)
u_e.g_mac[0].g_ch2.u_c0.u_add.u_c0.g_r.r[3]$_SDFF_PP0_/D (DFFHQNx1_ASAP7_75t_R) 1378.11 1407.19  -29.08 (VIOLATED)
u_e.g_mac[0].g_tr2.u_tree.held[47][3]$_DFFE_PP_/D (DFFHQNx1_ASAP7_75t_R) 1424.21 1453.22  -29.02 (VIOLATED)
u_e.g_mac[0].g_l2.u_l0.p0_wq[182]$_SDFF_PP0_/D (DFFHQNx1_ASAP7_75t_R) 1388.75 1417.67  -28.93 (VIOLATED)
u_e.g_mac[0].g_ch2.u_c0.u_add.u_c0.g_r.r[1]$_SDFF_PP0_/D (DFFHQNx1_ASAP7_75t_R) 1377.91 1406.84  -28.93 (VIOLATED)
u_e.g_mac[0].g_tr2.u_tree.held[31][3]$_DFFE_PP_/D (DFFHQNx1_ASAP7_75t_R) 1440.62 1469.53  -28.91 (VIOLATED)
u_e.g_mac[0].g_ch2.u_c0.u_add.u_c0.g_r.r[20]$_SDFF_PP0_/D (DFFHQNx1_ASAP7_75t_R) 1381.85 1410.74  -28.89 (VIOLATED)
u_e.g_mac[0].g_tr2.u_tree.add_a[28]$_DFF_P_/D (DFFHQNx1_ASAP7_75t_R) 1382.70 1411.56  -28.86 (VIOLATED)
u_e.g_mac[0].g_tr2.u_tree.held[47][8]$_DFFE_PP_/D (DFFHQNx1_ASAP7_75t_R) 1424.63 1453.47  -28.83 (VIOLATED)
u_e.g_mac[0].g_tr2.u_tree.held[60][3]$_DFFE_PP_/D (DFFHQNx1_ASAP7_75t_R) 1426.30 1455.12  -28.82 (VIOLATED)
u_e.g_mac[0].g_tr2.u_tree.held[48][3]$_DFFE_PP_/D (DFFHQNx1_ASAP7_75t_R) 1423.97 1452.77  -28.80 (VIOLATED)
u_e.g_mac[0].g_tr2.u_tree.held[11][6]$_DFFE_PP_/D (DFFHQNx1_ASAP7_75t_R) 1399.99 1428.78  -28.79 (VIOLATED)
u_e.g_mac[0].g_tr2.u_tree.held[48][1]$_DFFE_PP_/D (DFFHQNx1_ASAP7_75t_R) 1421.83 1450.62  -28.79 (VIOLATED)
u_e.g_mac[0].g_tr2.u_tree.held[79][31]$_DFFE_PP_/D (DFFHQNx1_ASAP7_75t_R) 1406.25 1434.99  -28.74 (VIOLATED)
u_e.g_mac[0].g_tr2.u_tree.held[75][14]$_DFFE_PP_/D (DFFHQNx1_ASAP7_75t_R) 1399.78 1428.50  -28.72 (VIOLATED)
u_e.g_mac[0].g_l2.u_l0.p0_wq[208]$_DFF_P_/D (DFFHQNx1_ASAP7_75t_R) 1378.65 1407.36  -28.71 (VIOLATED)
u_e.g_mac[0].g_tr2.u_tree.held[26][0]$_DFFE_PP_/D (DFFHQNx1_ASAP7_75t_R) 1404.54 1433.25  -28.71 (VIOLATED)
u_e.g_mac[0].g_tr2.u_tree.held[10][6]$_DFFE_PP_/D (DFFHQNx1_ASAP7_75t_R) 1400.81 1429.52  -28.71 (VIOLATED)
u_e.g_mac[0].g_tr2.u_tree.held[72][1]$_DFFE_PP_/D (DFFHQNx1_ASAP7_75t_R) 1437.12 1465.83  -28.71 (VIOLATED)
u_e.g_mac[0].g_tr2.u_tree.held[11][8]$_DFFE_PP_/D (DFFHQNx1_ASAP7_75t_R) 1421.94 1450.64  -28.70 (VIOLATED)
u_e.g_mac[1].g_l2.u_l0.p0_wq[214]$_SDFF_PP0_/D (DFFHQNx1_ASAP7_75t_R) 1378.10 1406.78  -28.68 (VIOLATED)
u_e.g_mac[0].g_tr2.u_tree.held[19][12]$_DFFE_PP_/D (DFFHQNx1_ASAP7_75t_R) 1425.84 1454.51  -28.67 (VIOLATED)
u_e.g_mac[1].g_l2.u_l0.p2_c[94]$_DFF_P_/D (DFFHQNx1_ASAP7_75t_R) 1363.17 1391.81  -28.63 (VIOLATED)
u_e.g_mac[0].g_tr2.u_tree.held[19][14]$_DFFE_PP_/D (DFFHQNx1_ASAP7_75t_R) 1399.92 1428.56  -28.63 (VIOLATED)
u_e.g_mac[1].g_l2.u_l0.p2_c[102]$_DFF_P_/D (DFFHQNx1_ASAP7_75t_R) 1362.89 1391.51  -28.62 (VIOLATED)
u_e.g_mac[0].g_tr2.u_tree.held[76][10]$_DFFE_PP_/D (DFFHQNx1_ASAP7_75t_R) 1440.26 1468.86  -28.60 (VIOLATED)
u_e.g_mac[0].g_tr2.u_tree.x_oh[67]$_DFF_P_/D (DFFHQNx1_ASAP7_75t_R) 1393.42 1422.01  -28.59 (VIOLATED)
u_e.g_mac[0].g_tr2.u_tree.held[39][4]$_DFFE_PP_/D (DFFHQNx1_ASAP7_75t_R) 1405.82 1434.40  -28.58 (VIOLATED)
u_e.g_mac[1].g_l2.u_l0.p2_c[118]$_DFF_P_/D (DFFHQNx1_ASAP7_75t_R) 1360.93 1389.51  -28.58 (VIOLATED)
u_e.g_mac[1].g_l2.u_l1.p2_c[51]$_DFF_P_/D (DFFHQNx1_ASAP7_75t_R) 1372.82 1401.38  -28.56 (VIOLATED)
u_e.g_mac[1].g_l2.u_l1.p0_wq[41]$_DFF_P_/D (DFFHQNx1_ASAP7_75t_R) 1355.86 1384.40  -28.54 (VIOLATED)
u_e.g_mac[1].g_l2.u_l1.p2_c[100]$_DFF_P_/D (DFFHQNx1_ASAP7_75t_R) 1360.27 1388.79  -28.51 (VIOLATED)
u_e.g_mac[0].g_ch2.u_c0.u_add.u_c0.g_r.r[34]$_DFF_P_/D (DFFHQNx1_ASAP7_75t_R) 1382.31 1410.81  -28.50 (VIOLATED)
u_e.g_mac[0].g_tr2.u_tree.held[77][11]$_DFFE_PP_/D (DFFHQNx1_ASAP7_75t_R) 1438.48 1466.92  -28.44 (VIOLATED)
u_e.g_mac[0].g_tr2.u_tree.held[77][4]$_DFFE_PP_/D (DFFHQNx1_ASAP7_75t_R) 1438.55 1466.96  -28.41 (VIOLATED)
u_e.g_mac[0].g_l2.u_l1.p2_c[173]$_DFF_P_/D (DFFHQNx1_ASAP7_75t_R) 1368.36 1396.74  -28.38 (VIOLATED)
u_e.g_mac[0].g_tr2.u_tree.held[10][0]$_DFFE_PP_/D (DFFHQNx1_ASAP7_75t_R) 1404.58 1432.94  -28.36 (VIOLATED)
u_e.g_mac[0].g_l2.u_l0.p2_c[204]$_DFF_P_/D (DFFHQNx1_ASAP7_75t_R) 1361.82 1390.16  -28.34 (VIOLATED)
u_e.g_mac[0].g_tr2.u_tree.x_oh[28]$_DFF_P_/D (DFFHQNx1_ASAP7_75t_R) 1391.31 1419.65  -28.34 (VIOLATED)
u_e.g_mac[0].g_tr2.u_tree.held[53][10]$_DFFE_PP_/D (DFFHQNx1_ASAP7_75t_R) 1424.56 1452.89  -28.32 (VIOLATED)
u_e.g_mac[0].g_tr2.u_tree.held[31][11]$_DFFE_PP_/D (DFFHQNx1_ASAP7_75t_R) 1438.76 1467.07  -28.31 (VIOLATED)
u_e.g_mac[0].g_tr2.u_tree.held[41][29]$_DFFE_PP_/D (DFFHQNx1_ASAP7_75t_R) 1364.95 1393.25  -28.30 (VIOLATED)
u_e.g_mac[0].g_tr2.u_tree.held[0][8]$_DFFE_PP_/D (DFFHQNx1_ASAP7_75t_R) 1426.12 1454.41  -28.28 (VIOLATED)
u_e.f_cnt[0]$_DFF_PN0_/D (DFFASRHQNx1_ASAP7_75t_R) 1363.84 1392.07  -28.23 (VIOLATED)
u_e.g_mac[0].g_tr2.u_tree.x_oh[8]$_DFF_P_/D (DFFHQNx1_ASAP7_75t_R) 1391.84 1420.06  -28.22 (VIOLATED)
u_e.g_mac[0].g_tr2.u_tree.x_oh[21]$_DFF_P_/D (DFFHQNx1_ASAP7_75t_R) 1393.56 1421.76  -28.20 (VIOLATED)
u_e.g_mac[0].g_tr2.u_tree.held[4][7]$_DFFE_PP_/D (DFFHQNx1_ASAP7_75t_R) 1404.00 1432.18  -28.17 (VIOLATED)
u_e.g_mac[0].g_l2.u_l0.p0_wq[172]$_SDFF_PP0_/D (DFFHQNx1_ASAP7_75t_R) 1390.26 1418.41  -28.16 (VIOLATED)
u_e.g_mac[0].g_tr2.u_tree.held[61][14]$_DFFE_PP_/D (DFFHQNx1_ASAP7_75t_R) 1404.63 1432.78  -28.15 (VIOLATED)
u_e.g_mac[0].g_l2.u_l0.p0_wq[166]$_SDFF_PP0_/D (DFFHQNx1_ASAP7_75t_R) 1380.39 1408.52  -28.13 (VIOLATED)
u_e.g_mac[0].g_tr2.u_tree.held[31][8]$_DFFE_PP_/D (DFFHQNx1_ASAP7_75t_R) 1440.42 1468.54  -28.13 (VIOLATED)
u_e.g_mac[1].g_l2.u_l0.p2_c[140]$_DFF_P_/D (DFFHQNx1_ASAP7_75t_R) 1372.33 1400.41  -28.08 (VIOLATED)
u_e.g_mac[1].g_l2.u_l1.p2_c[158]$_DFF_P_/D (DFFHQNx1_ASAP7_75t_R) 1376.47 1404.54  -28.07 (VIOLATED)
u_e.g_mac[1].g_l2.u_l1.p2_c[120]$_DFF_P_/D (DFFHQNx1_ASAP7_75t_R) 1362.57 1390.57  -28.00 (VIOLATED)
u_e.g_mac[0].g_tr2.u_tree.held[40][5]$_DFFE_PP_/D (DFFHQNx1_ASAP7_75t_R) 1461.31 1489.30  -27.99 (VIOLATED)
u_e.g_mac[1].g_l2.u_l1.p2_c[66]$_DFF_P_/D (DFFHQNx1_ASAP7_75t_R) 1375.08 1403.07  -27.99 (VIOLATED)
u_e.g_mac[0].g_tr2.u_tree.held[40][12]$_DFFE_PP_/D (DFFHQNx1_ASAP7_75t_R) 1461.07 1489.03  -27.96 (VIOLATED)
u_e.g_mac[0].g_tr2.u_tree.x_oh[60]$_DFF_P_/D (DFFHQNx1_ASAP7_75t_R) 1390.56 1418.50  -27.94 (VIOLATED)
u_e.g_mac[0].g_tr2.u_tree.x_oh[13]$_DFF_P_/D (DFFHQNx1_ASAP7_75t_R) 1390.62 1418.49  -27.88 (VIOLATED)
u_e.g_mac[0].g_l2.u_l1.p0_we[6]$_DFF_P_/D (DFFHQNx1_ASAP7_75t_R) 1373.87 1401.74  -27.87 (VIOLATED)
u_e.g_mac[0].g_tr2.u_tree.held[49][16]$_DFFE_PP_/D (DFFHQNx1_ASAP7_75t_R) 1403.53 1431.39  -27.86 (VIOLATED)
u_e.g_mac[1].g_l2.u_l0.p2_c[242]$_DFF_P_/D (DFFHQNx1_ASAP7_75t_R) 1374.12 1401.90  -27.78 (VIOLATED)
u_e.g_mac[0].g_tr2.u_tree.held[18][14]$_DFFE_PP_/D (DFFHQNx1_ASAP7_75t_R) 1367.16 1394.93  -27.76 (VIOLATED)
u_e.g_mac[0].g_l2.u_l0.p0_wq[201]$_DFF_P_/D (DFFHQNx1_ASAP7_75t_R) 1378.75 1406.51  -27.76 (VIOLATED)
u_e.g_mac[1].g_l2.u_l0.p1_p[30][3]$_DFF_P_/D (DFFHQNx1_ASAP7_75t_R) 1360.76 1388.52  -27.76 (VIOLATED)
u_e.g_mac[0].g_tr2.u_tree.x_oh[61]$_DFF_P_/D (DFFHQNx1_ASAP7_75t_R) 1390.90 1418.65  -27.75 (VIOLATED)
u_e.g_mac[0].g_l2.u_l0.p2_c[48]$_DFF_P_/D (DFFHQNx1_ASAP7_75t_R) 1350.27 1377.98  -27.71 (VIOLATED)
u_e.g_mac[0].g_tr2.u_tree.held[49][14]$_DFFE_PP_/D (DFFHQNx1_ASAP7_75t_R) 1403.91 1431.61  -27.70 (VIOLATED)
u_e.g_mac[0].g_tr2.u_tree.held[10][7]$_DFFE_PP_/D (DFFHQNx1_ASAP7_75t_R) 1404.24 1431.94  -27.69 (VIOLATED)
u_e.g_mac[1].g_l2.u_l0.p2_c[111]$_DFF_P_/D (DFFHQNx1_ASAP7_75t_R) 1375.46 1403.15  -27.69 (VIOLATED)
u_e.g_mac[0].g_l2.u_l1.p0_wq[161]$_DFF_P_/D (DFFHQNx1_ASAP7_75t_R) 1387.61 1415.29  -27.69 (VIOLATED)
u_e.g_mac[0].g_l2.u_l0.p1_sh[31][2]$_DFF_P_/D (DFFHQNx1_ASAP7_75t_R) 1347.42 1375.09  -27.68 (VIOLATED)
u_e.g_mac[0].g_tr2.u_tree.x_oh[49]$_DFF_P_/D (DFFHQNx1_ASAP7_75t_R) 1393.77 1421.44  -27.67 (VIOLATED)
u_e.g_mac[0].g_tr2.u_tree.held[79][8]$_DFFE_PP_/D (DFFHQNx1_ASAP7_75t_R) 1405.02 1432.62  -27.60 (VIOLATED)
u_e.g_mac[0].g_tr2.u_tree.held[44][16]$_DFFE_PP_/D (DFFHQNx1_ASAP7_75t_R) 1397.67 1425.25  -27.57 (VIOLATED)
u_e.g_mac[0].g_tr2.u_tree.held[6][4]$_DFFE_PP_/D (DFFHQNx1_ASAP7_75t_R) 1444.22 1471.78  -27.56 (VIOLATED)
u_e.g_mac[0].g_l2.u_l1.p0_wq[227]$_DFF_P_/D (DFFHQNx2_ASAP7_75t_R) 1375.76 1403.29  -27.53 (VIOLATED)
u_e.g_mac[0].g_l2.u_l1.p2_c[54]$_DFF_P_/D (DFFHQNx1_ASAP7_75t_R) 1371.38 1398.87  -27.49 (VIOLATED)
u_e.g_mac[0].g_tr2.u_tree.held[40][3]$_DFFE_PP_/D (DFFHQNx1_ASAP7_75t_R) 1436.90 1464.28  -27.38 (VIOLATED)
u_e.g_mac[1].g_l2.u_l1.p2_c[116]$_DFF_P_/D (DFFHQNx1_ASAP7_75t_R) 1360.62 1387.95  -27.33 (VIOLATED)
u_e.g_mac[1].g_l2.u_l0.p1_p[4][8]$_SDFF_PN0_/D (DFFHQNx1_ASAP7_75t_R) 1386.75 1414.06  -27.31 (VIOLATED)
u_e.g_mac[0].g_tr2.u_tree.held[77][12]$_DFFE_PP_/D (DFFHQNx1_ASAP7_75t_R) 1439.34 1466.65  -27.30 (VIOLATED)
u_e.g_mac[0].g_ch2.u_c0.u_add.u_c0.g_r.r[11]$_SDFF_PP0_/D (DFFHQNx1_ASAP7_75t_R) 1377.96 1405.19  -27.23 (VIOLATED)
u_e.g_mac[0].g_tr2.u_tree.held[23][3]$_DFFE_PP_/D (DFFHQNx1_ASAP7_75t_R) 1424.20 1451.38  -27.18 (VIOLATED)
u_e.g_mac[0].g_tr2.u_tree.held[10][2]$_DFFE_PP_/D (DFFHQNx1_ASAP7_75t_R) 1403.16 1430.31  -27.14 (VIOLATED)
u_e.g_mac[0].g_tr2.u_tree.held[79][2]$_DFFE_PP_/D (DFFHQNx1_ASAP7_75t_R) 1404.65 1431.79  -27.14 (VIOLATED)
u_e.g_mac[0].g_l2.u_l1.p2_c[135]$_DFF_P_/D (DFFHQNx1_ASAP7_75t_R) 1368.05 1395.19  -27.14 (VIOLATED)
u_e.g_mac[1].g_l2.u_l1.p2_c[177]$_DFF_P_/D (DFFHQNx1_ASAP7_75t_R) 1359.98 1387.12  -27.13 (VIOLATED)
u_e.g_mac[0].g_tr2.u_tree.held[41][14]$_DFFE_PP_/D (DFFHQNx1_ASAP7_75t_R) 1404.96 1432.04  -27.08 (VIOLATED)
u_e.g_mac[0].g_l2.u_l0.p2_c[65]$_DFF_P_/D (DFFHQNx1_ASAP7_75t_R) 1348.39 1375.46  -27.08 (VIOLATED)
u_e.g_mac[0].g_tr2.u_tree.held[76][5]$_DFFE_PP_/D (DFFHQNx1_ASAP7_75t_R) 1445.69 1472.70  -27.01 (VIOLATED)
u_e.g_mac[0].g_tr2.u_tree.x_oh[68]$_DFF_P_/D (DFFHQNx1_ASAP7_75t_R) 1394.21 1421.19  -26.98 (VIOLATED)
u_e.g_mac[1].g_pp.cap0[24]$_DFFE_PP_/D (DFFHQNx1_ASAP7_75t_R) 1413.41 1440.37  -26.96 (VIOLATED)
u_e.g_mac[0].g_tr2.u_tree.have[72]$_DFFE_PN0P_/D (DFFASRHQNx1_ASAP7_75t_R) 1387.49 1414.42  -26.93 (VIOLATED)
u_e.g_mac[0].g_pa2.u_pair.u_c8.g_r.r[23]$_DFF_P_/D (DFFHQNx1_ASAP7_75t_R) 1365.96 1392.88  -26.92 (VIOLATED)
u_e.g_mac[0].g_tr2.u_tree.held[49][31]$_DFFE_PP_/D (DFFHQNx1_ASAP7_75t_R) 1405.97 1432.87  -26.90 (VIOLATED)
u_e.g_mac[1].g_l2.u_l1.p2_c[186]$_DFF_P_/D (DFFHQNx1_ASAP7_75t_R) 1362.43 1389.33  -26.90 (VIOLATED)
u_e.g_mac[0].g_l2.u_l0.p1_sh[15][2]$_DFF_P_/D (DFFHQNx1_ASAP7_75t_R) 1361.63 1388.50  -26.87 (VIOLATED)
u_e.g_mac[0].g_tr2.u_tree.held[12][8]$_DFFE_PP_/D (DFFHQNx1_ASAP7_75t_R) 1421.95 1448.79  -26.84 (VIOLATED)
u_e.g_mac[0].g_l2.u_l0.p0_wq[200]$_DFF_P_/D (DFFHQNx1_ASAP7_75t_R) 1397.89 1424.67  -26.78 (VIOLATED)
u_e.g_mac[1].g_l2.u_l1.p2_c[184]$_DFF_P_/D (DFFHQNx1_ASAP7_75t_R) 1368.72 1395.48  -26.76 (VIOLATED)
u_e.g_mac[0].g_tr2.u_tree.add_a[7]$_DFF_P_/D (DFFHQNx1_ASAP7_75t_R) 1361.46 1388.18  -26.71 (VIOLATED)
u_e.g_mac[0].g_tr2.u_tree.held[41][25]$_DFFE_PP_/D (DFFHQNx1_ASAP7_75t_R) 1366.20 1392.91  -26.71 (VIOLATED)
u_e.g_mac[0].g_tr2.u_tree.held[5][31]$_DFFE_PP_/D (DFFHQNx1_ASAP7_75t_R) 1406.00 1432.67  -26.67 (VIOLATED)
u_e.g_mac[0].g_tr2.u_tree.held[77][8]$_DFFE_PP_/D (DFFHQNx1_ASAP7_75t_R) 1439.82 1466.46  -26.64 (VIOLATED)
u_e.g_mac[0].g_tr2.u_tree.held[69][8]$_DFFE_PP_/D (DFFHQNx1_ASAP7_75t_R) 1439.13 1465.74  -26.61 (VIOLATED)
u_e.g_mac[0].g_tr2.u_tree.held[58][3]$_DFFE_PP_/D (DFFHQNx1_ASAP7_75t_R) 1423.43 1450.03  -26.61 (VIOLATED)
u_e.g_mac[0].g_tr2.u_tree.held[53][3]$_DFFE_PP_/D (DFFHQNx1_ASAP7_75t_R) 1424.18 1450.79  -26.60 (VIOLATED)
u_e.g_mac[0].g_tr2.u_tree.held[44][20]$_DFFE_PP_/D (DFFHQNx1_ASAP7_75t_R) 1366.38 1392.96  -26.58 (VIOLATED)
u_e.g_mac[0].g_ch2.u_c0.u_add.u_c0.g_r.r[5]$_SDFF_PP0_/D (DFFHQNx1_ASAP7_75t_R) 1378.33 1404.87  -26.55 (VIOLATED)
u_e.g_mac[0].g_l2.u_l1.p0_wq[58]$_DFF_P_/D (DFFHQNx1_ASAP7_75t_R) 1392.14 1418.69  -26.54 (VIOLATED)
u_e.a_ctr[6]$_DFFE_PP_/D (DFFHQNx1_ASAP7_75t_R) 1397.88 1424.42  -26.53 (VIOLATED)
u_e.g_mac[0].g_tr2.u_tree.held[51][5]$_DFFE_PP_/D (DFFHQNx1_ASAP7_75t_R) 1438.64 1465.16  -26.52 (VIOLATED)
u_e.g_mac[0].g_l2.u_l0.p1_sh[26][2]$_DFF_P_/D (DFFHQNx1_ASAP7_75t_R) 1352.41 1378.93  -26.52 (VIOLATED)
u_e.i1_q0[21]$_DFF_P_/D (DFFHQNx1_ASAP7_75t_R) 1370.75 1397.26  -26.51 (VIOLATED)
u_e.g_mac[0].g_tr2.u_tree.held[36][1]$_DFFE_PP_/D (DFFHQNx1_ASAP7_75t_R) 1423.35 1449.78  -26.43 (VIOLATED)
u_e.g_mac[0].g_tr2.u_tree.held[44][0]$_DFFE_PP_/D (DFFHQNx1_ASAP7_75t_R) 1400.25 1426.67  -26.42 (VIOLATED)
u_e.g_mac[0].g_tr2.u_tree.held[8][8]$_DFFE_PP_/D (DFFHQNx1_ASAP7_75t_R) 1423.46 1449.86  -26.39 (VIOLATED)
u_e.g_mac[0].g_tr2.u_tree.held[9][2]$_DFFE_PP_/D (DFFHQNx1_ASAP7_75t_R) 1421.10 1447.45  -26.35 (VIOLATED)
u_e.g_mac[0].g_l2.u_l0.p1_sh[23][2]$_DFF_P_/D (DFFHQNx1_ASAP7_75t_R) 1359.77 1386.11  -26.34 (VIOLATED)
u_e.g_mac[0].g_tr2.u_tree.add_a[29]$_DFF_P_/D (DFFHQNx1_ASAP7_75t_R) 1370.67 1397.01  -26.34 (VIOLATED)
u_e.g_mac[1].g_l2.u_l0.p2_c[175]$_DFF_P_/D (DFFHQNx1_ASAP7_75t_R) 1364.62 1390.95  -26.32 (VIOLATED)
u_e.g_mac[0].g_tr2.u_tree.held[49][0]$_DFFE_PP_/D (DFFHQNx1_ASAP7_75t_R) 1404.58 1430.89  -26.31 (VIOLATED)
u_e.g_mac[1].g_l2.u_l0.p2_c[220]$_DFF_P_/D (DFFHQNx1_ASAP7_75t_R) 1376.64 1402.94  -26.30 (VIOLATED)
u_e.g_mac[0].g_tr2.u_tree.x_oh[73]$_DFF_P_/D (DFFHQNx1_ASAP7_75t_R) 1391.44 1417.73  -26.29 (VIOLATED)
u_e.g_mac[1].g_l2.u_l0.p0_wq[198]$_SDFF_PP0_/D (DFFHQNx1_ASAP7_75t_R) 1377.99 1404.26  -26.27 (VIOLATED)
u_e.g_mac[0].g_tr2.u_tree.held[18][3]$_DFFE_PP_/D (DFFHQNx1_ASAP7_75t_R) 1437.38 1463.64  -26.26 (VIOLATED)
u_e.g_mac[0].g_l2.u_l0.p2_c[134]$_DFF_P_/D (DFFHQNx1_ASAP7_75t_R) 1369.69 1395.92  -26.22 (VIOLATED)
u_e.g_mac[0].g_tr2.u_tree.held[77][10]$_DFFE_PP_/D (DFFHQNx1_ASAP7_75t_R) 1439.41 1465.59  -26.17 (VIOLATED)
u_e.g_mac[0].g_tr2.u_tree.held[53][8]$_DFFE_PP_/D (DFFHQNx1_ASAP7_75t_R) 1421.21 1447.37  -26.16 (VIOLATED)
u_e.g_mac[1].g_l2.u_l1.p2_c[140]$_DFF_P_/D (DFFHQNx1_ASAP7_75t_R) 1354.27 1380.42  -26.15 (VIOLATED)
u_e.g_mac[1].g_l2.u_l0.p2_c[145]$_DFF_P_/D (DFFHQNx1_ASAP7_75t_R) 1361.06 1387.22  -26.15 (VIOLATED)
u_e.g_mac[0].g_tr2.u_tree.held[30][8]$_DFFE_PP_/D (DFFHQNx1_ASAP7_75t_R) 1421.87 1448.01  -26.14 (VIOLATED)
u_e.g_mac[0].g_tr2.u_tree.held[76][11]$_DFFE_PP_/D (DFFHQNx1_ASAP7_75t_R) 1445.78 1471.90  -26.12 (VIOLATED)
u_e.g_mac[0].g_tr2.u_tree.held[30][3]$_DFFE_PP_/D (DFFHQNx1_ASAP7_75t_R) 1423.99 1450.07  -26.08 (VIOLATED)
u_e.g_mac[0].g_l2.u_l1.p7_st$_DFF_P_/D (DFFHQNx1_ASAP7_75t_R) 1388.11 1414.18  -26.08 (VIOLATED)
u_e.g_mac[0].g_l2.u_l0.p1_p[31][1]$_DFF_P_/D (DFFHQNx1_ASAP7_75t_R) 1352.61 1378.66  -26.05 (VIOLATED)
u_e.g_mac[1].g_l2.u_l1.p2_c[144]$_DFF_P_/D (DFFHQNx1_ASAP7_75t_R) 1375.97 1401.99  -26.02 (VIOLATED)
u_e.g_mac[0].g_l2.u_l0.p0_wq[6]$_SDFF_PP0_/D (DFFHQNx2_ASAP7_75t_R) 1414.15 1440.12  -25.97 (VIOLATED)
u_e.g_mac[0].g_tr2.u_tree.held[41][13]$_DFFE_PP_/D (DFFHQNx1_ASAP7_75t_R) 1366.47 1392.41  -25.94 (VIOLATED)
u_e.g_mac[0].g_tr2.u_tree.held[28][7]$_DFFE_PP_/D (DFFHQNx1_ASAP7_75t_R) 1419.57 1445.50  -25.93 (VIOLATED)
u_e.g_mac[0].g_tr2.u_tree.held[64][6]$_DFFE_PP_/D (DFFHQNx1_ASAP7_75t_R) 1405.86 1431.80  -25.93 (VIOLATED)
u_e.g_mac[0].g_l2.u_l1.p0_wq[34]$_DFF_P_/D (DFFHQNx1_ASAP7_75t_R) 1389.98 1415.92  -25.93 (VIOLATED)
u_e.g_mac[1].g_l2.u_l1.p0_wq[50]$_DFF_P_/D (DFFHQNx1_ASAP7_75t_R) 1380.57 1406.40  -25.83 (VIOLATED)
u_e.g_mac[1].g_l2.u_l0.p0_wq[13]$_SDFF_PP0_/D (DFFHQNx2_ASAP7_75t_R) 1359.27 1385.08  -25.81 (VIOLATED)
u_e.g_mac[0].g_l2.u_l0.p1_p[6][1]$_DFF_P_/D (DFFHQNx1_ASAP7_75t_R) 1379.51 1405.30  -25.79 (VIOLATED)
u_e.g_mac[0].g_tr2.u_tree.held[72][12]$_DFFE_PP_/D (DFFHQNx1_ASAP7_75t_R) 1439.94 1465.69  -25.74 (VIOLATED)
u_e.g_mac[1].g_l2.u_l1.p2_c[138]$_DFF_P_/D (DFFHQNx1_ASAP7_75t_R) 1350.95 1376.69  -25.74 (VIOLATED)
u_e.g_mac[0].g_l2.u_l0.p1_sh[31][4]$_DFF_P_/D (DFFHQNx2_ASAP7_75t_R) 1359.82 1385.56  -25.73 (VIOLATED)
u_e.g_mac[0].g_l2.u_l0.p2_c[216]$_DFF_P_/D (DFFHQNx1_ASAP7_75t_R) 1389.20 1414.90  -25.70 (VIOLATED)
u_e.g_mac[0].g_l2.u_l0.p1_sh[26][4]$_DFF_P_/D (DFFHQNx1_ASAP7_75t_R) 1362.49 1388.19  -25.69 (VIOLATED)
u_e.g_mac[0].g_l2.u_l0.p1_sh[13][2]$_DFF_P_/D (DFFHQNx1_ASAP7_75t_R) 1378.17 1403.85  -25.69 (VIOLATED)
u_e.g_mac[0].g_l2.u_l1.p2_c[7]$_DFF_P_/D (DFFHQNx1_ASAP7_75t_R) 1375.26 1400.92  -25.65 (VIOLATED)
u_e.g_mac[0].g_tr2.u_tree.have[10]$_DFFE_PN0P_/D (DFFASRHQNx1_ASAP7_75t_R) 1384.44 1410.07  -25.63 (VIOLATED)
u_e.g_mac[1].g_l2.u_l0.p2_c[239]$_DFF_P_/D (DFFHQNx1_ASAP7_75t_R) 1376.82 1402.44  -25.62 (VIOLATED)
u_e.g_mac[0].g_tr2.u_tree.held[44][14]$_DFFE_PP_/D (DFFHQNx1_ASAP7_75t_R) 1399.72 1425.33  -25.61 (VIOLATED)
u_e.g_mac[1].g_pp.cap0[26]$_DFFE_PP_/D (DFFHQNx1_ASAP7_75t_R) 1432.15 1457.75  -25.61 (VIOLATED)
u_e.g_mac[0].g_tr2.u_tree.held[45][5]$_DFFE_PP_/D (DFFHQNx1_ASAP7_75t_R) 1423.23 1448.81  -25.58 (VIOLATED)
u_e.g_mac[0].g_tr2.u_tree.held[10][14]$_DFFE_PP_/D (DFFHQNx1_ASAP7_75t_R) 1404.10 1429.65  -25.55 (VIOLATED)
u_e.g_mac[0].g_l2.u_l0.p1_sh[5][2]$_DFF_P_/D (DFFHQNx1_ASAP7_75t_R) 1394.10 1419.64  -25.53 (VIOLATED)
u_e.g_mac[1].g_l2.u_l1.p2_c[175]$_DFF_P_/D (DFFHQNx1_ASAP7_75t_R) 1356.57 1382.10  -25.53 (VIOLATED)
u_e.g_mac[0].g_tr2.u_tree.held[64][14]$_DFFE_PP_/D (DFFHQNx1_ASAP7_75t_R) 1401.05 1426.56  -25.52 (VIOLATED)
u_e.g_mac[0].g_l2.u_l0.p2_c[160]$_DFF_P_/D (DFFHQNx1_ASAP7_75t_R) 1372.55 1398.05  -25.49 (VIOLATED)
u_e.g_mac[0].g_l2.u_l1.p2_c[175]$_DFF_P_/D (DFFHQNx1_ASAP7_75t_R) 1376.90 1402.39  -25.49 (VIOLATED)
u_e.g_mac[0].g_l2.u_l1.p5a_nm[27]$_DFF_P_/D (DFFHQNx1_ASAP7_75t_R) 1363.25 1388.73  -25.48 (VIOLATED)
u_e.g_mac[0].g_l2.u_l1.p2_c[153]$_DFF_P_/D (DFFHQNx1_ASAP7_75t_R) 1370.58 1396.05  -25.48 (VIOLATED)
u_e.g_mac[0].g_l2.u_l1.p2_c[92]$_DFF_P_/D (DFFHQNx1_ASAP7_75t_R) 1383.29 1408.73  -25.44 (VIOLATED)
u_e.g_mac[0].g_l2.u_l0.p2_c[123]$_DFF_P_/D (DFFHQNx1_ASAP7_75t_R) 1360.18 1385.59  -25.42 (VIOLATED)
u_e.g_mac[0].g_tr2.u_tree.have[45]$_DFFE_PN0P_/D (DFFASRHQNx1_ASAP7_75t_R) 1387.57 1412.99  -25.42 (VIOLATED)
u_e.g_mac[0].g_tr2.u_tree.held[11][9]$_DFFE_PP_/D (DFFHQNx1_ASAP7_75t_R) 1404.48 1429.87  -25.39 (VIOLATED)
u_e.g_mac[0].g_pa2.u_pair.u_c8.g_r.r[19]$_DFF_P_/D (DFFHQNx1_ASAP7_75t_R) 1364.41 1389.80  -25.39 (VIOLATED)
u_e.g_mac[0].g_tr2.u_tree.held[18][4]$_DFFE_PP_/D (DFFHQNx1_ASAP7_75t_R) 1443.06 1468.43  -25.37 (VIOLATED)
u_e.g_mac[0].g_tr2.u_tree.held[22][8]$_DFFE_PP_/D (DFFHQNx1_ASAP7_75t_R) 1424.47 1449.84  -25.37 (VIOLATED)
u_e.g_mac[0].g_tr2.u_tree.x_above[63]$_DFF_P_/D (DFFHQNx1_ASAP7_75t_R) 1392.41 1417.78  -25.37 (VIOLATED)
u_e.g_mac[0].g_l2.u_l0.p1_p[31][3]$_DFF_P_/D (DFFHQNx1_ASAP7_75t_R) 1361.64 1387.00  -25.36 (VIOLATED)
u_e.g_mac[0].g_tr2.u_tree.held[58][1]$_DFFE_PP_/D (DFFHQNx1_ASAP7_75t_R) 1421.81 1447.14  -25.33 (VIOLATED)
u_e.g_mac[0].g_tr2.u_tree.held[54][4]$_DFFE_PP_/D (DFFHQNx1_ASAP7_75t_R) 1458.31 1483.62  -25.31 (VIOLATED)
u_e.g_mac[0].g_l2.u_l1.p2_c[97]$_DFF_P_/D (DFFHQNx1_ASAP7_75t_R) 1371.76 1397.07  -25.31 (VIOLATED)
u_e.g_mac[0].g_tr2.u_tree.held[27][10]$_DFFE_PP_/D (DFFHQNx1_ASAP7_75t_R) 1423.99 1449.30  -25.31 (VIOLATED)
u_e.g_mac[0].g_tr2.u_tree.held[54][1]$_DFFE_PP_/D (DFFHQNx1_ASAP7_75t_R) 1437.57 1462.85  -25.29 (VIOLATED)
u_e.g_mac[0].g_tr2.u_tree.held[32][6]$_DFFE_PP_/D (DFFHQNx1_ASAP7_75t_R) 1404.47 1429.72  -25.26 (VIOLATED)
u_e.g_mac[0].g_l2.u_l1.p0_wq[72]$_DFF_P_/D (DFFHQNx2_ASAP7_75t_R) 1390.40 1415.65  -25.24 (VIOLATED)
u_e.g_mac[1].g_l2.u_l1.p2_c[221]$_DFF_P_/D (DFFHQNx1_ASAP7_75t_R) 1357.67 1382.90  -25.23 (VIOLATED)
u_e.g_mac[0].g_tr2.u_tree.held[33][2]$_DFFE_PP_/D (DFFHQNx1_ASAP7_75t_R) 1400.54 1425.72  -25.18 (VIOLATED)
u_e.i1_q0[177]$_DFF_P_/D (DFFHQNx1_ASAP7_75t_R) 1366.79 1391.93  -25.13 (VIOLATED)
u_e.g_mac[0].g_tr2.u_tree.held[23][8]$_DFFE_PP_/D (DFFHQNx1_ASAP7_75t_R) 1439.69 1464.82  -25.12 (VIOLATED)
u_e.g_mac[0].g_tr2.u_tree.held[44][7]$_DFFE_PP_/D (DFFHQNx1_ASAP7_75t_R) 1403.49 1428.57  -25.08 (VIOLATED)
u_e.g_mac[0].g_tr2.u_tree.have[71]$_DFFE_PN0P_/D (DFFASRHQNx1_ASAP7_75t_R) 1384.32 1409.39  -25.07 (VIOLATED)
u_e.w_pos[2]$_SDFFCE_PP0P_/D (DFFHQNx1_ASAP7_75t_R) 1395.51 1420.55  -25.04 (VIOLATED)
u_e.g_mac[1].g_pp.cap0[43]$_DFFE_PP_/D (DFFHQNx1_ASAP7_75t_R) 1432.08 1457.11  -25.03 (VIOLATED)
u_e.g_mac[0].g_l2.u_l0.p0_we[1]$_DFF_P_/D (DFFHQNx1_ASAP7_75t_R) 1367.61 1392.63  -25.02 (VIOLATED)
u_e.g_mac[0].g_tr2.u_tree.held[16][9]$_DFFE_PP_/D (DFFHQNx1_ASAP7_75t_R) 1398.96 1423.94  -24.98 (VIOLATED)
u_e.g_mac[0].g_tr2.u_tree.held[40][10]$_DFFE_PP_/D (DFFHQNx1_ASAP7_75t_R) 1437.91 1462.88  -24.97 (VIOLATED)
u_e.g_mac[0].g_tr2.u_tree.held[54][12]$_DFFE_PP_/D (DFFHQNx1_ASAP7_75t_R) 1439.13 1464.10  -24.97 (VIOLATED)
u_e.g_mac[0].g_tr2.u_tree.held[31][10]$_DFFE_PP_/D (DFFHQNx1_ASAP7_75t_R) 1438.56 1463.45  -24.89 (VIOLATED)
u_e.g_mac[0].g_tr2.u_tree.held[53][1]$_DFFE_PP_/D (DFFHQNx1_ASAP7_75t_R) 1423.17 1448.03  -24.86 (VIOLATED)
u_e.g_mac[0].g_tr2.u_tree.held[18][10]$_DFFE_PP_/D (DFFHQNx1_ASAP7_75t_R) 1443.04 1467.87  -24.83 (VIOLATED)
u_e.g_mac[1].g_l2.u_l0.p2_c[105]$_DFF_P_/D (DFFHQNx1_ASAP7_75t_R) 1357.34 1382.13  -24.79 (VIOLATED)
u_e.g_mac[0].g_tr2.u_tree.held[30][10]$_DFFE_PP_/D (DFFHQNx1_ASAP7_75t_R) 1423.35 1448.11  -24.76 (VIOLATED)
u_e.g_mac[0].g_tr2.u_tree.held[45][8]$_DFFE_PP_/D (DFFHQNx1_ASAP7_75t_R) 1424.45 1449.15  -24.70 (VIOLATED)
u_e.g_mac[0].g_tr2.u_tree.held[42][1]$_DFFE_PP_/D (DFFHQNx1_ASAP7_75t_R) 1421.84 1446.52  -24.68 (VIOLATED)
u_e.g_mac[0].g_tr2.u_tree.held[73][4]$_DFFE_PP_/D (DFFHQNx1_ASAP7_75t_R) 1444.49 1469.14  -24.66 (VIOLATED)
u_e.g_mac[0].g_l2.u_l0.p1_sh[2][4]$_DFF_P_/D (DFFHQNx1_ASAP7_75t_R) 1376.66 1401.31  -24.65 (VIOLATED)
u_e.g_mac[1].g_l2.u_l1.p0_wq[65]$_DFF_P_/D (DFFHQNx2_ASAP7_75t_R) 1376.86 1401.50  -24.65 (VIOLATED)
u_e.g_mac[0].g_tr2.u_tree.held[76][8]$_DFFE_PP_/D (DFFHQNx1_ASAP7_75t_R) 1440.10 1464.74  -24.64 (VIOLATED)
u_e.g_mac[0].g_l2.u_l0.p2_c[159]$_DFF_P_/D (DFFHQNx1_ASAP7_75t_R) 1358.74 1383.35  -24.61 (VIOLATED)
u_e.g_mac[0].g_l2.u_l1.p0_we[5]$_DFF_P_/D (DFFHQNx1_ASAP7_75t_R) 1378.34 1402.94  -24.60 (VIOLATED)
u_e.g_mac[0].g_ch2.u_c0.u_add.u_c0.g_r.r[16]$_SDFF_PP0_/D (DFFHQNx1_ASAP7_75t_R) 1383.97 1408.57  -24.60 (VIOLATED)
u_e.g_mac[0].g_tr2.u_tree.held[61][3]$_DFFE_PP_/D (DFFHQNx1_ASAP7_75t_R) 1423.86 1448.43  -24.58 (VIOLATED)
u_e.g_mac[1].g_l2.u_l1.p2_c[198]$_DFF_P_/D (DFFHQNx1_ASAP7_75t_R) 1360.16 1384.74  -24.58 (VIOLATED)
u_e.g_mac[0].g_l2.u_l0.p2_c[38]$_DFF_P_/D (DFFHQNx1_ASAP7_75t_R) 1363.42 1387.99  -24.57 (VIOLATED)
u_e.g_mac[1].g_l2.u_l1.p2_c[64]$_DFF_P_/D (DFFHQNx1_ASAP7_75t_R) 1376.44 1400.99  -24.55 (VIOLATED)
u_e.g_mac[1].g_l2.u_l0.p2_c[97]$_DFF_P_/D (DFFHQNx1_ASAP7_75t_R) 1375.46 1399.99  -24.53 (VIOLATED)
u_e.g_mac[0].g_tr2.u_tree.held[22][3]$_DFFE_PP_/D (DFFHQNx1_ASAP7_75t_R) 1423.78 1448.30  -24.52 (VIOLATED)
u_e.g_mac[0].g_tr2.u_tree.held[76][6]$_DFFE_PP_/D (DFFHQNx1_ASAP7_75t_R) 1405.86 1430.37  -24.51 (VIOLATED)
u_e.g_mac[0].g_l2.u_l1.p0_wq[59]$_DFF_P_/D (DFFHQNx1_ASAP7_75t_R) 1387.20 1411.70  -24.50 (VIOLATED)
u_e.g_mac[0].g_tr2.u_tree.held[44][18]$_DFFE_PP_/D (DFFHQNx1_ASAP7_75t_R) 1366.76 1391.25  -24.49 (VIOLATED)
u_e.g_mac[0].g_tr2.u_tree.have[44]$_DFFE_PN0P_/D (DFFASRHQNx1_ASAP7_75t_R) 1386.11 1410.59  -24.47 (VIOLATED)
u_e.g_mac[1].g_l2.u_l0.p0_wq[209]$_DFF_P_/D (DFFHQNx1_ASAP7_75t_R) 1369.30 1393.76  -24.46 (VIOLATED)
u_e.g_mac[1].g_l2.u_l0.p1_sh[6][4]$_DFF_P_/D (DFFHQNx1_ASAP7_75t_R) 1363.89 1388.36  -24.46 (VIOLATED)
u_e.g_mac[1].g_l2.u_l0.p1_sh[22][1]$_DFF_P_/D (DFFHQNx1_ASAP7_75t_R) 1357.60 1382.03  -24.42 (VIOLATED)
u_e.g_mac[1].g_l2.u_l0.p1_sh[19][4]$_DFF_P_/D (DFFHQNx1_ASAP7_75t_R) 1361.63 1386.03  -24.40 (VIOLATED)
u_e.g_mac[1].g_l2.u_l0.p1_p[7][1]$_DFF_P_/D (DFFHQNx1_ASAP7_75t_R) 1363.10 1387.48  -24.38 (VIOLATED)
u_e.g_mac[0].g_tr2.u_tree.held[32][5]$_DFFE_PP_/D (DFFHQNx1_ASAP7_75t_R) 1405.81 1430.15  -24.34 (VIOLATED)
u_e.g_mac[0].g_tr2.u_tree.held[27][3]$_DFFE_PP_/D (DFFHQNx1_ASAP7_75t_R) 1423.77 1448.11  -24.34 (VIOLATED)
u_e.g_mac[0].g_tr2.u_tree.held[76][1]$_DFFE_PP_/D (DFFHQNx1_ASAP7_75t_R) 1446.49 1470.78  -24.29 (VIOLATED)
u_e.g_mac[0].g_tr2.u_tree.have[16]$_DFFE_PN0P_/D (DFFASRHQNx1_ASAP7_75t_R) 1389.10 1413.38  -24.29 (VIOLATED)
u_e.g_mac[1].g_l2.u_l1.p2_c[104]$_DFF_P_/D (DFFHQNx1_ASAP7_75t_R) 1363.65 1387.88  -24.24 (VIOLATED)
u_e.g_mac[0].g_tr2.u_tree.held[71][8]$_DFFE_PP_/D (DFFHQNx1_ASAP7_75t_R) 1439.90 1464.13  -24.23 (VIOLATED)
u_e.g_mac[0].g_l2.u_l1.p2_c[201]$_DFF_P_/D (DFFHQNx1_ASAP7_75t_R) 1375.70 1399.88  -24.18 (VIOLATED)
u_e.g_mac[0].g_pa2.u_pair.u_c8.g_r.r[18]$_DFF_P_/D (DFFHQNx1_ASAP7_75t_R) 1365.88 1390.05  -24.18 (VIOLATED)
u_e.g_mac[0].g_pa2.u_pair.u_c8.g_r.r[20]$_DFF_P_/D (DFFHQNx1_ASAP7_75t_R) 1365.71 1389.86  -24.15 (VIOLATED)
u_e.i1_q0[224]$_DFF_P_/D (DFFHQNx1_ASAP7_75t_R) 1364.70 1388.82  -24.11 (VIOLATED)
u_e.g_mac[0].g_tr2.u_tree.held[16][10]$_DFFE_PP_/D (DFFHQNx1_ASAP7_75t_R) 1423.35 1447.44  -24.09 (VIOLATED)
u_e.g_mac[0].g_l2.u_l0.p1_sh[9][4]$_DFF_P_/D (DFFHQNx1_ASAP7_75t_R) 1359.63 1383.71  -24.09 (VIOLATED)
u_e.g_mac[1].g_l2.u_l0.p2_c[205]$_DFF_P_/D (DFFHQNx1_ASAP7_75t_R) 1363.90 1387.98  -24.08 (VIOLATED)
u_e.g_mac[0].g_l2.u_l1.p2_c[172]$_DFF_P_/D (DFFHQNx1_ASAP7_75t_R) 1367.20 1391.27  -24.07 (VIOLATED)
u_e.g_mac[0].g_tr2.u_tree.held[18][12]$_DFFE_PP_/D (DFFHQNx1_ASAP7_75t_R) 1442.68 1466.73  -24.06 (VIOLATED)
u_e.g_mac[1].g_l2.u_l0.p2_c[98]$_DFF_P_/D (DFFHQNx1_ASAP7_75t_R) 1375.53 1399.58  -24.06 (VIOLATED)
u_e.g_mac[0].g_tr2.u_tree.held[51][12]$_DFFE_PP_/D (DFFHQNx1_ASAP7_75t_R) 1442.73 1466.78  -24.04 (VIOLATED)
u_e.g_mac[0].g_tr2.u_tree.add_a[17]$_DFF_P_/D (DFFHQNx1_ASAP7_75t_R) 1383.66 1407.70  -24.04 (VIOLATED)
u_e.g_mac[0].g_l2.u_l1.p2_c[33]$_DFF_P_/D (DFFHQNx1_ASAP7_75t_R) 1383.14 1407.17  -24.03 (VIOLATED)
u_e.g_mac[0].g_tr2.u_tree.have[39]$_DFFE_PN0P_/D (DFFASRHQNx1_ASAP7_75t_R) 1387.92 1411.94  -24.02 (VIOLATED)
u_e.g_mac[0].g_tr2.u_tree.held[32][11]$_DFFE_PP_/D (DFFHQNx1_ASAP7_75t_R) 1406.03 1430.03  -24.00 (VIOLATED)
u_e.g_mac[0].g_ch2.u_c0.u_add.u_c0.g_r.r[8]$_SDFF_PP0_/D (DFFHQNx1_ASAP7_75t_R) 1380.47 1404.46  -23.99 (VIOLATED)
u_e.g_mac[0].g_tr2.u_tree.held[42][8]$_DFFE_PP_/D (DFFHQNx1_ASAP7_75t_R) 1421.10 1445.08  -23.98 (VIOLATED)
u_e.g_mac[0].g_l2.u_l0.p1_p[1][3]$_DFF_P_/D (DFFHQNx1_ASAP7_75t_R) 1380.11 1404.08  -23.97 (VIOLATED)
u_e.g_mac[0].g_tr2.u_tree.held[69][12]$_DFFE_PP_/D (DFFHQNx1_ASAP7_75t_R) 1439.09 1463.06  -23.96 (VIOLATED)
u_e.g_mac[1].g_l2.u_l0.p1_p[5][3]$_DFF_P_/D (DFFHQNx1_ASAP7_75t_R) 1383.73 1407.69  -23.96 (VIOLATED)
u_e.w_b[0]$_SDFFCE_PP0P_/D (DFFHQNx1_ASAP7_75t_R) 1400.30 1424.26  -23.96 (VIOLATED)
u_e.g_mac[1].g_l2.u_l1.p2_c[65]$_DFF_P_/D (DFFHQNx1_ASAP7_75t_R) 1361.59 1385.51  -23.92 (VIOLATED)
u_e.g_mac[0].g_tr2.u_tree.held[63][3]$_DFFE_PP_/D (DFFHQNx1_ASAP7_75t_R) 1423.90 1447.79  -23.89 (VIOLATED)
u_e.g_mac[0].g_tr2.u_tree.held[40][4]$_DFFE_PP_/D (DFFHQNx1_ASAP7_75t_R) 1444.43 1468.32  -23.89 (VIOLATED)
u_e.g_mac[0].g_tr2.u_tree.held[32][14]$_DFFE_PP_/D (DFFHQNx1_ASAP7_75t_R) 1399.88 1423.72  -23.84 (VIOLATED)
u_e.g_mac[0].g_tr2.u_tree.have[53]$_DFFE_PN0P_/D (DFFASRHQNx1_ASAP7_75t_R) 1380.82 1404.63  -23.81 (VIOLATED)
u_e.g_mac[0].g_l2.u_l0.p2_c[146]$_DFF_P_/D (DFFHQNx1_ASAP7_75t_R) 1353.33 1377.14  -23.80 (VIOLATED)
u_e.g_mac[0].g_tr2.u_tree.held[67][3]$_DFFE_PP_/D (DFFHQNx1_ASAP7_75t_R) 1440.70 1464.49  -23.79 (VIOLATED)
u_e.g_mac[0].g_tr2.u_tree.held[65][8]$_DFFE_PP_/D (DFFHQNx1_ASAP7_75t_R) 1425.38 1449.06  -23.69 (VIOLATED)
u_e.g_mac[1].g_l2.u_l1.p2_c[92]$_DFF_P_/D (DFFHQNx1_ASAP7_75t_R) 1372.81 1396.47  -23.66 (VIOLATED)
u_e.g_mac[0].g_tr2.u_tree.held[70][4]$_DFFE_PP_/D (DFFHQNx1_ASAP7_75t_R) 1423.81 1447.43  -23.62 (VIOLATED)
u_e.g_mac[0].g_tr2.u_tree.held[76][7]$_DFFE_PP_/D (DFFHQNx1_ASAP7_75t_R) 1405.16 1428.76  -23.60 (VIOLATED)
u_e.g_mac[0].g_tr2.u_tree.held[45][1]$_DFFE_PP_/D (DFFHQNx1_ASAP7_75t_R) 1423.94 1447.47  -23.53 (VIOLATED)
u_e.g_mac[0].g_l2.u_l0.p2_c[153]$_DFF_P_/D (DFFHQNx1_ASAP7_75t_R) 1358.06 1381.59  -23.53 (VIOLATED)
u_e.g_mac[0].g_l2.u_l0.p0_wq[246]$_SDFF_PP0_/D (DFFHQNx1_ASAP7_75t_R) 1388.86 1412.39  -23.52 (VIOLATED)
u_e.g_mac[0].g_tr2.u_tree.x_above[64]$_DFF_P_/D (DFFHQNx1_ASAP7_75t_R) 1392.79 1416.30  -23.52 (VIOLATED)
u_e.g_mac[1].g_l2.u_l0.p0_wq[226]$_DFF_P_/D (DFFHQNx1_ASAP7_75t_R) 1368.47 1391.96  -23.49 (VIOLATED)
u_e.g_mac[0].g_tr2.u_tree.held[32][4]$_DFFE_PP_/D (DFFHQNx1_ASAP7_75t_R) 1405.95 1429.44  -23.49 (VIOLATED)
u_e.g_mac[1].g_l2.u_l0.p1_sh[30][2]$_DFF_P_/D (DFFHQNx1_ASAP7_75t_R) 1369.90 1393.38  -23.48 (VIOLATED)
u_e.g_mac[0].g_tr2.u_tree.held[32][31]$_DFFE_PP_/D (DFFHQNx1_ASAP7_75t_R) 1404.04 1427.52  -23.47 (VIOLATED)
u_e.g_mac[1].g_l2.u_l0.p2_c[142]$_DFF_P_/D (DFFHQNx1_ASAP7_75t_R) 1369.23 1392.68  -23.45 (VIOLATED)
u_e.g_mac[0].g_tr2.u_tree.held[23][10]$_DFFE_PP_/D (DFFHQNx1_ASAP7_75t_R) 1440.29 1463.73  -23.44 (VIOLATED)
u_e.g_mac[0].g_tr2.u_tree.held[77][3]$_DFFE_PP_/D (DFFHQNx1_ASAP7_75t_R) 1423.47 1446.89  -23.42 (VIOLATED)
u_e.g_mac[0].g_tr2.u_tree.held[17][3]$_DFFE_PP_/D (DFFHQNx1_ASAP7_75t_R) 1425.52 1448.93  -23.41 (VIOLATED)
u_e.g_mac[1].g_ch2.u_c0.u_add.u_c0.g_r.r[32]$_DFF_P_/D (DFFHQNx1_ASAP7_75t_R) 1357.41 1380.78  -23.37 (VIOLATED)
u_e.g_mac[0].g_tr2.u_tree.held[23][12]$_DFFE_PP_/D (DFFHQNx1_ASAP7_75t_R) 1439.22 1462.58  -23.37 (VIOLATED)
u_e.w_j[2]$_SDFFCE_PP0P_/D (DFFHQNx1_ASAP7_75t_R) 1396.55 1419.89  -23.34 (VIOLATED)
u_e.g_mac[0].g_tr2.u_tree.have[67]$_DFFE_PN0P_/D (DFFASRHQNx1_ASAP7_75t_R) 1390.03 1413.32  -23.29 (VIOLATED)
u_e.g_mac[0].g_tr2.u_tree.held[64][16]$_DFFE_PP_/D (DFFHQNx1_ASAP7_75t_R) 1403.40 1426.69  -23.29 (VIOLATED)
u_e.g_mac[0].g_l2.u_l0.p1_p[3][3]$_DFF_P_/D (DFFHQNx1_ASAP7_75t_R) 1380.39 1403.66  -23.27 (VIOLATED)
u_e.g_mac[0].g_l2.u_l0.p2_c[152]$_DFF_P_/D (DFFHQNx1_ASAP7_75t_R) 1372.92 1396.18  -23.26 (VIOLATED)
u_e.g_mac[0].g_tr2.u_tree.held[67][11]$_DFFE_PP_/D (DFFHQNx1_ASAP7_75t_R) 1423.97 1447.16  -23.19 (VIOLATED)
u_e.g_mac[0].g_l2.u_l1.p2_c[110]$_DFF_P_/D (DFFHQNx1_ASAP7_75t_R) 1385.86 1408.99  -23.12 (VIOLATED)
u_e.g_mac[0].g_l2.u_l1.p2_c[21]$_DFF_P_/D (DFFHQNx1_ASAP7_75t_R) 1375.62 1398.72  -23.10 (VIOLATED)
u_e.g_mac[1].g_l2.u_l0.p2_c[154]$_DFF_P_/D (DFFHQNx1_ASAP7_75t_R) 1367.70 1390.77  -23.07 (VIOLATED)
u_e.g_mac[0].g_tr2.u_tree.add_a[25]$_DFF_P_/D (DFFHQNx1_ASAP7_75t_R) 1368.90 1391.96  -23.06 (VIOLATED)
u_e.g_mac[0].g_tr2.u_tree.held[16][31]$_DFFE_PP_/D (DFFHQNx1_ASAP7_75t_R) 1403.23 1426.23  -23.00 (VIOLATED)
u_e.g_mac[0].g_tr2.u_tree.held[7][3]$_DFFE_PP_/D (DFFHQNx1_ASAP7_75t_R) 1423.19 1446.16  -22.97 (VIOLATED)
u_e.g_mac[0].g_tr2.u_tree.held[7][25]$_DFFE_PP_/D (DFFHQNx1_ASAP7_75t_R) 1366.61 1389.53  -22.92 (VIOLATED)
u_e.g_mac[1].g_l2.u_l0.p2_c[203]$_DFF_P_/D (DFFHQNx1_ASAP7_75t_R) 1366.32 1389.22  -22.90 (VIOLATED)
u_e.g_mac[0].g_tr2.u_tree.held[28][0]$_DFFE_PP_/D (DFFHQNx1_ASAP7_75t_R) 1399.34 1422.22  -22.87 (VIOLATED)
u_e.i1_q0[247]$_DFF_P_/D (DFFHQNx1_ASAP7_75t_R) 1365.63 1388.49  -22.85 (VIOLATED)
u_e.i1_e0[3]$_DFF_P_/D (DFFHQNx1_ASAP7_75t_R) 1376.62 1399.47  -22.85 (VIOLATED)
u_e.g_mac[0].g_l2.u_l1.p0_wq[90]$_DFF_P_/D (DFFHQNx2_ASAP7_75t_R) 1390.50 1413.34  -22.84 (VIOLATED)
u_e.g_mac[1].g_l2.u_l0.p2_c[82]$_DFF_P_/D (DFFHQNx1_ASAP7_75t_R) 1355.42 1378.25  -22.83 (VIOLATED)
u_e.g_mac[0].g_l2.u_l0.p1_p[0][3]$_DFF_P_/D (DFFHQNx1_ASAP7_75t_R) 1381.22 1403.99  -22.77 (VIOLATED)
u_e.g_mac[0].g_tr2.u_tree.held[54][10]$_DFFE_PP_/D (DFFHQNx1_ASAP7_75t_R) 1438.88 1461.63  -22.74 (VIOLATED)
u_e.g_mac[1].g_l2.u_l1.p2_c[182]$_DFF_P_/D (DFFHQNx1_ASAP7_75t_R) 1366.33 1389.06  -22.74 (VIOLATED)
u_e.g_mac[0].g_tr2.u_tree.held[6][25]$_DFFE_PP_/D (DFFHQNx1_ASAP7_75t_R) 1366.44 1389.16  -22.72 (VIOLATED)
u_e.g_mac[0].g_tr2.u_tree.held[51][1]$_DFFE_PP_/D (DFFHQNx1_ASAP7_75t_R) 1445.47 1468.18  -22.71 (VIOLATED)
u_e.g_mac[0].g_l2.u_l0.p1_p[26][4]$_DFF_P_/D (DFFHQNx1_ASAP7_75t_R) 1373.34 1396.05  -22.71 (VIOLATED)
u_e.g_mac[0].g_tr2.u_tree.held[0][12]$_DFFE_PP_/D (DFFHQNx1_ASAP7_75t_R) 1462.31 1485.01  -22.70 (VIOLATED)
u_e.g_mac[0].g_tr2.u_tree.held[60][8]$_DFFE_PP_/D (DFFHQNx1_ASAP7_75t_R) 1439.37 1462.03  -22.65 (VIOLATED)
u_e.g_mac[0].g_l2.u_l0.p2_c[218]$_DFF_P_/D (DFFHQNx1_ASAP7_75t_R) 1388.35 1410.97  -22.62 (VIOLATED)
u_e.g_mac[0].g_tr2.u_tree.held[60][10]$_DFFE_PP_/D (DFFHQNx1_ASAP7_75t_R) 1438.68 1461.26  -22.57 (VIOLATED)
u_e.g_mac[0].g_l2.u_l1.p2_c[111]$_DFF_P_/D (DFFHQNx1_ASAP7_75t_R) 1373.37 1395.92  -22.55 (VIOLATED)
u_e.g_mac[1].g_l2.u_l1.p2_c[194]$_DFF_P_/D (DFFHQNx1_ASAP7_75t_R) 1360.57 1383.10  -22.53 (VIOLATED)
u_e.g_mac[0].g_tr2.u_tree.held[21][31]$_DFFE_PP_/D (DFFHQNx1_ASAP7_75t_R) 1404.31 1426.83  -22.52 (VIOLATED)
u_e.g_mac[0].g_tr2.u_tree.add_a[6]$_DFF_P_/D (DFFHQNx1_ASAP7_75t_R) 1384.83 1407.34  -22.51 (VIOLATED)
u_e.g_mac[0].g_l2.u_l0.p1_p[13][3]$_DFF_P_/D (DFFHQNx1_ASAP7_75t_R) 1360.40 1382.91  -22.51 (VIOLATED)
u_e.g_mac[0].g_tr2.u_tree.have[55]$_DFFE_PN0P_/D (DFFASRHQNx1_ASAP7_75t_R) 1389.53 1412.03  -22.50 (VIOLATED)
u_e.g_mac[0].g_tr2.u_tree.held[20][4]$_DFFE_PP_/D (DFFHQNx1_ASAP7_75t_R) 1424.07 1446.52  -22.45 (VIOLATED)
u_e.g_mac[0].g_tr2.u_tree.held[19][10]$_DFFE_PP_/D (DFFHQNx1_ASAP7_75t_R) 1437.20 1459.64  -22.44 (VIOLATED)
u_e.g_mac[0].g_tr2.u_tree.held[59][1]$_DFFE_PP_/D (DFFHQNx1_ASAP7_75t_R) 1440.40 1462.83  -22.43 (VIOLATED)
u_e.g_mac[0].g_tr2.u_tree.held[0][5]$_DFFE_PP_/D (DFFHQNx1_ASAP7_75t_R) 1462.28 1484.70  -22.43 (VIOLATED)
u_e.g_mac[0].g_tr2.u_tree.held[40][13]$_DFFE_PP_/D (DFFHQNx1_ASAP7_75t_R) 1366.57 1388.99  -22.42 (VIOLATED)
u_e.g_mac[0].g_tr2.u_tree.held[32][2]$_DFFE_PP_/D (DFFHQNx1_ASAP7_75t_R) 1405.27 1427.66  -22.39 (VIOLATED)
u_e.g_mac[0].g_tr2.u_tree.held[69][10]$_DFFE_PP_/D (DFFHQNx1_ASAP7_75t_R) 1437.91 1460.30  -22.39 (VIOLATED)
u_e.g_mac[1].g_l2.u_l0.p2_c[232]$_DFF_P_/D (DFFHQNx1_ASAP7_75t_R) 1376.44 1398.83  -22.39 (VIOLATED)
u_e.g_mac[0].g_tr2.u_tree.held[69][5]$_DFFE_PP_/D (DFFHQNx1_ASAP7_75t_R) 1420.41 1442.76  -22.35 (VIOLATED)
u_e.g_mac[0].g_tr2.u_tree.held[56][12]$_DFFE_PP_/D (DFFHQNx1_ASAP7_75t_R) 1439.17 1461.50  -22.33 (VIOLATED)
u_e.g_mac[0].g_l2.u_l1.p2_c[57]$_DFF_P_/D (DFFHQNx1_ASAP7_75t_R) 1387.67 1409.97  -22.30 (VIOLATED)
u_e.g_mac[0].g_pa2.u_pair.u_c8.g_r.r[21]$_DFF_P_/D (DFFHQNx1_ASAP7_75t_R) 1365.92 1388.22  -22.29 (VIOLATED)
u_e.g_mac[0].g_tr2.u_tree.held[67][8]$_DFFE_PP_/D (DFFHQNx1_ASAP7_75t_R) 1440.80 1463.07  -22.27 (VIOLATED)
u_e.g_mac[0].g_tr2.u_tree.held[9][31]$_DFFE_PP_/D (DFFHQNx1_ASAP7_75t_R) 1424.17 1446.43  -22.26 (VIOLATED)
u_e.g_mac[0].g_tr2.u_tree.held[59][8]$_DFFE_PP_/D (DFFHQNx1_ASAP7_75t_R) 1439.65 1461.90  -22.25 (VIOLATED)
u_e.g_mac[0].g_l2.u_l1.p2_c[200]$_DFF_P_/D (DFFHQNx1_ASAP7_75t_R) 1389.74 1411.94  -22.20 (VIOLATED)
u_e.g_mac[0].g_l2.u_l1.p2_c[109]$_DFF_P_/D (DFFHQNx1_ASAP7_75t_R) 1373.35 1395.53  -22.18 (VIOLATED)
u_e.g_mac[1].g_l2.u_l0.p0_wq[169]$_DFF_P_/D (DFFHQNx1_ASAP7_75t_R) 1377.16 1399.30  -22.15 (VIOLATED)
u_e.g_mac[0].g_tr2.u_tree.held[51][11]$_DFFE_PP_/D (DFFHQNx1_ASAP7_75t_R) 1424.99 1447.14  -22.15 (VIOLATED)
u_e.g_mac[1].g_l2.u_l0.p1_sh[25][4]$_DFF_P_/D (DFFHQNx1_ASAP7_75t_R) 1351.05 1373.20  -22.14 (VIOLATED)
u_e.g_mac[0].g_tr2.u_tree.have[27]$_DFFE_PN0P_/D (DFFASRHQNx1_ASAP7_75t_R) 1381.45 1403.55  -22.11 (VIOLATED)
u_e.g_mac[0].g_tr2.u_tree.held[21][5]$_DFFE_PP_/D (DFFHQNx1_ASAP7_75t_R) 1404.15 1426.26  -22.10 (VIOLATED)
u_e.g_mac[1].g_l2.u_l0.p2_c[141]$_DFF_P_/D (DFFHQNx1_ASAP7_75t_R) 1373.53 1395.60  -22.08 (VIOLATED)
u_e.g_mac[0].g_tr2.u_tree.held[31][5]$_DFFE_PP_/D (DFFHQNx1_ASAP7_75t_R) 1446.36 1468.43  -22.07 (VIOLATED)
u_e.g_mac[0].g_tr2.u_tree.held[57][8]$_DFFE_PP_/D (DFFHQNx1_ASAP7_75t_R) 1423.68 1445.70  -22.01 (VIOLATED)
u_e.g_mac[0].g_tr2.u_tree.held[34][3]$_DFFE_PP_/D (DFFHQNx1_ASAP7_75t_R) 1424.50 1446.51  -22.01 (VIOLATED)
u_e.g_mac[0].g_tr2.u_tree.held[28][16]$_DFFE_PP_/D (DFFHQNx1_ASAP7_75t_R) 1399.61 1421.60  -21.99 (VIOLATED)
u_e.g_mac[1].g_l2.u_l0.p2_c[151]$_DFF_P_/D (DFFHQNx1_ASAP7_75t_R) 1369.35 1391.26  -21.91 (VIOLATED)
u_e.g_mac[1].g_l2.u_l0.p1_p[31][3]$_DFF_P_/D (DFFHQNx1_ASAP7_75t_R) 1365.06 1386.91  -21.84 (VIOLATED)
u_e.g_mac[0].g_l2.u_l0.p1_sh[2][2]$_DFF_P_/D (DFFHQNx1_ASAP7_75t_R) 1380.01 1401.85  -21.84 (VIOLATED)
u_e.g_mac[0].g_tr2.u_tree.held[72][4]$_DFFE_PP_/D (DFFHQNx1_ASAP7_75t_R) 1444.13 1465.93  -21.80 (VIOLATED)
u_e.g_mac[1].g_l2.u_l1.p2_c[75]$_DFF_P_/D (DFFHQNx1_ASAP7_75t_R) 1377.03 1398.82  -21.79 (VIOLATED)
u_e.g_mac[0].g_tr2.u_tree.held[31][1]$_DFFE_PP_/D (DFFHQNx1_ASAP7_75t_R) 1446.29 1468.07  -21.78 (VIOLATED)
u_e.g_mac[0].g_l2.u_l0.p2_c[220]$_DFF_P_/D (DFFHQNx1_ASAP7_75t_R) 1388.17 1409.94  -21.77 (VIOLATED)
u_e.g_mac[0].g_tr2.u_tree.held[0][10]$_DFFE_PP_/D (DFFHQNx1_ASAP7_75t_R) 1437.95 1459.71  -21.76 (VIOLATED)
u_e.g_mac[0].g_tr2.u_tree.held[53][12]$_DFFE_PP_/D (DFFHQNx1_ASAP7_75t_R) 1425.80 1447.55  -21.75 (VIOLATED)
u_e.g_mac[0].g_tr2.u_tree.held[1][3]$_DFFE_PP_/D (DFFHQNx1_ASAP7_75t_R) 1424.62 1446.35  -21.73 (VIOLATED)
u_e.g_mac[1].g_l2.u_l0.p2_c[244]$_DFF_P_/D (DFFHQNx1_ASAP7_75t_R) 1379.75 1401.40  -21.66 (VIOLATED)
u_e.g_mac[1].g_l2.u_l1.p2_c[181]$_DFF_P_/D (DFFHQNx1_ASAP7_75t_R) 1359.06 1380.70  -21.64 (VIOLATED)
u_e.g_mac[0].g_tr2.u_tree.held[8][4]$_DFFE_PP_/D (DFFHQNx1_ASAP7_75t_R) 1438.75 1460.38  -21.63 (VIOLATED)
u_e.g_mac[0].g_tr2.u_tree.held[8][12]$_DFFE_PP_/D (DFFHQNx1_ASAP7_75t_R) 1438.81 1460.43  -21.63 (VIOLATED)
u_e.g_mac[0].g_tr2.u_tree.add_a[31]$_DFF_P_/D (DFFHQNx1_ASAP7_75t_R) 1369.26 1390.82  -21.56 (VIOLATED)
u_e.i1_q0[255]$_DFF_P_/D (DFFHQNx1_ASAP7_75t_R) 1364.33 1385.88  -21.55 (VIOLATED)
u_e.g_mac[1].g_l2.u_l1.p2_c[78]$_DFF_P_/D (DFFHQNx1_ASAP7_75t_R) 1375.58 1397.12  -21.54 (VIOLATED)
u_e.g_mac[1].g_ch2.u_c1.u_add.u_c0.g_r.r[36]$_DFF_P_/D (DFFHQNx1_ASAP7_75t_R) 1354.88 1376.41  -21.53 (VIOLATED)
u_e.g_mac[0].g_l2.u_l1.p2_c[179]$_DFF_P_/D (DFFHQNx1_ASAP7_75t_R) 1367.21 1388.72  -21.51 (VIOLATED)
u_e.w_j[1]$_SDFFCE_PP0P_/D (DFFHQNx1_ASAP7_75t_R) 1411.79 1433.25  -21.46 (VIOLATED)
u_e.g_mac[0].g_tr2.u_tree.held[26][10]$_DFFE_PP_/D (DFFHQNx1_ASAP7_75t_R) 1424.02 1445.34  -21.32 (VIOLATED)
u_e.g_mac[0].g_tr2.u_tree.held[7][8]$_DFFE_PP_/D (DFFHQNx1_ASAP7_75t_R) 1421.26 1442.57  -21.30 (VIOLATED)
u_e.g_mac[0].g_l2.u_l1.p2_c[25]$_DFF_P_/D (DFFHQNx1_ASAP7_75t_R) 1389.87 1411.15  -21.28 (VIOLATED)
u_e.g_mac[0].g_tr2.u_tree.held[68][1]$_DFFE_PP_/D (DFFHQNx1_ASAP7_75t_R) 1445.84 1467.10  -21.26 (VIOLATED)
u_e.g_mac[0].g_tr2.u_tree.held[67][12]$_DFFE_PP_/D (DFFHQNx1_ASAP7_75t_R) 1445.93 1467.18  -21.25 (VIOLATED)
u_e.g_mac[1].g_l2.u_l1.p2_c[49]$_DFF_P_/D (DFFHQNx1_ASAP7_75t_R) 1365.29 1386.53  -21.24 (VIOLATED)
u_e.g_mac[1].g_l2.u_l0.p2_c[95]$_DFF_P_/D (DFFHQNx1_ASAP7_75t_R) 1386.52 1407.72  -21.21 (VIOLATED)
u_e.g_mac[0].g_tr2.u_tree.held[33][11]$_DFFE_PP_/D (DFFHQNx1_ASAP7_75t_R) 1405.35 1426.55  -21.20 (VIOLATED)
u_e.g_mac[0].g_l2.u_l1.p2_c[191]$_DFF_P_/D (DFFHQNx1_ASAP7_75t_R) 1380.72 1401.91  -21.19 (VIOLATED)
u_e.g_mac[0].g_l2.u_l0.p2_c[80]$_DFF_P_/D (DFFHQNx1_ASAP7_75t_R) 1368.01 1389.18  -21.17 (VIOLATED)
u_e.g_mac[0].g_tr2.u_tree.held[67][5]$_DFFE_PP_/D (DFFHQNx1_ASAP7_75t_R) 1446.12 1467.28  -21.15 (VIOLATED)
u_e.g_mac[0].g_tr2.u_tree.held[52][10]$_DFFE_PP_/D (DFFHQNx1_ASAP7_75t_R) 1423.96 1445.11  -21.14 (VIOLATED)
u_e.g_mac[0].g_tr2.u_tree.held[9][11]$_DFFE_PP_/D (DFFHQNx1_ASAP7_75t_R) 1425.35 1446.46  -21.11 (VIOLATED)
u_e.g_mac[0].g_tr2.u_tree.held[43][12]$_DFFE_PP_/D (DFFHQNx1_ASAP7_75t_R) 1439.16 1460.27  -21.11 (VIOLATED)
u_e.g_mac[0].g_tr2.u_tree.held[21][7]$_DFFE_PP_/D (DFFHQNx1_ASAP7_75t_R) 1405.25 1426.35  -21.10 (VIOLATED)
u_e.g_mac[0].g_tr2.u_tree.x_above[22]$_DFF_P_/D (DFFHQNx1_ASAP7_75t_R) 1390.14 1411.23  -21.09 (VIOLATED)
u_e.g_mac[1].g_l2.u_l0.p1_sh[7][3]$_DFF_P_/D (DFFHQNx1_ASAP7_75t_R) 1371.31 1392.38  -21.06 (VIOLATED)
u_e.g_mac[0].g_tr2.u_tree.held[24][9]$_DFFE_PP_/D (DFFHQNx1_ASAP7_75t_R) 1398.88 1419.94  -21.06 (VIOLATED)
u_e.g_mac[0].g_tr2.u_tree.held[26][1]$_DFFE_PP_/D (DFFHQNx1_ASAP7_75t_R) 1421.79 1442.84  -21.05 (VIOLATED)
u_e.g_mac[0].g_ch2.u_c0.u_add.u_c0.g_r.r[7]$_SDFF_PP0_/D (DFFHQNx1_ASAP7_75t_R) 1381.81 1402.86  -21.05 (VIOLATED)
u_e.g_mac[0].g_tr2.u_tree.held[68][5]$_DFFE_PP_/D (DFFHQNx1_ASAP7_75t_R) 1443.25 1464.29  -21.04 (VIOLATED)
u_e.g_mac[0].g_l2.u_l1.p5a_nm[29]$_DFF_P_/D (DFFHQNx1_ASAP7_75t_R) 1359.97 1381.01  -21.04 (VIOLATED)
u_e.g_mac[1].g_l2.u_l0.p2_c[219]$_DFF_P_/D (DFFHQNx1_ASAP7_75t_R) 1360.86 1381.90  -21.04 (VIOLATED)
u_e.g_mac[0].g_tr2.u_tree.held[78][8]$_DFFE_PP_/D (DFFHQNx1_ASAP7_75t_R) 1425.37 1446.40  -21.03 (VIOLATED)
u_e.g_mac[0].g_tr2.u_tree.held[50][11]$_DFFE_PP_/D (DFFHQNx1_ASAP7_75t_R) 1403.41 1424.43  -21.01 (VIOLATED)
u_e.g_mac[0].g_l2.u_l0.p0_wq[209]$_DFF_P_/D (DFFHQNx1_ASAP7_75t_R) 1394.24 1415.20  -20.96 (VIOLATED)
u_e.g_mac[0].g_tr2.u_tree.held[25][4]$_DFFE_PP_/D (DFFHQNx1_ASAP7_75t_R) 1423.94 1444.88  -20.94 (VIOLATED)
u_e.g_mac[1].g_l2.u_l1.p2_c[155]$_DFF_P_/D (DFFHQNx1_ASAP7_75t_R) 1372.83 1393.76  -20.93 (VIOLATED)
u_e.g_mac[1].g_l2.u_l1.p2_c[77]$_DFF_P_/D (DFFHQNx1_ASAP7_75t_R) 1375.92 1396.84  -20.92 (VIOLATED)
u_e.g_mac[0].g_tr2.u_tree.held[31][12]$_DFFE_PP_/D (DFFHQNx1_ASAP7_75t_R) 1446.35 1467.26  -20.91 (VIOLATED)
u_e.g_mac[0].g_tr2.u_tree.held[9][4]$_DFFE_PP_/D (DFFHQNx1_ASAP7_75t_R) 1425.56 1446.41  -20.85 (VIOLATED)
u_e.g_mac[0].g_tr2.u_tree.held[74][3]$_DFFE_PP_/D (DFFHQNx1_ASAP7_75t_R) 1424.42 1445.26  -20.84 (VIOLATED)
u_e.g_mac[0].g_l2.u_l0.p2_c[162]$_DFF_P_/D (DFFHQNx1_ASAP7_75t_R) 1372.51 1393.28  -20.77 (VIOLATED)
u_e.g_mac[0].g_tr2.u_tree.held[42][10]$_DFFE_PP_/D (DFFHQNx1_ASAP7_75t_R) 1423.36 1444.11  -20.75 (VIOLATED)
u_e.g_mac[0].g_tr2.u_tree.have[68]$_DFFE_PN0P_/D (DFFASRHQNx1_ASAP7_75t_R) 1390.25 1411.00  -20.75 (VIOLATED)
u_e.g_mac[0].g_l2.u_l1.p2_c[190]$_DFF_P_/D (DFFHQNx1_ASAP7_75t_R) 1373.18 1393.92  -20.74 (VIOLATED)
u_e.g_mac[0].g_tr2.u_tree.held[76][4]$_DFFE_PP_/D (DFFHQNx1_ASAP7_75t_R) 1425.90 1446.63  -20.73 (VIOLATED)
u_e.g_mac[1].g_l2.u_l1.p2_c[193]$_DFF_P_/D (DFFHQNx1_ASAP7_75t_R) 1360.74 1381.44  -20.70 (VIOLATED)
u_e.g_mac[0].g_tr2.u_tree.held[57][4]$_DFFE_PP_/D (DFFHQNx1_ASAP7_75t_R) 1404.64 1425.33  -20.69 (VIOLATED)
u_e.g_mac[0].g_tr2.u_tree.held[54][5]$_DFFE_PP_/D (DFFHQNx1_ASAP7_75t_R) 1443.73 1464.40  -20.67 (VIOLATED)
u_e.g_mac[0].g_tr2.u_tree.held[1][4]$_DFFE_PP_/D (DFFHQNx1_ASAP7_75t_R) 1424.15 1444.79  -20.64 (VIOLATED)
u_e.g_mac[0].g_tr2.u_tree.held[56][10]$_DFFE_PP_/D (DFFHQNx1_ASAP7_75t_R) 1439.38 1460.02  -20.63 (VIOLATED)
u_e.g_mac[0].g_tr2.u_tree.held[58][4]$_DFFE_PP_/D (DFFHQNx1_ASAP7_75t_R) 1425.50 1446.09  -20.59 (VIOLATED)
u_e.g_mac[1].g_l2.u_l0.p2_c[119]$_DFF_P_/D (DFFHQNx1_ASAP7_75t_R) 1360.71 1381.29  -20.58 (VIOLATED)
u_e.g_mac[0].g_tr2.u_tree.held[71][3]$_DFFE_PP_/D (DFFHQNx1_ASAP7_75t_R) 1440.33 1460.90  -20.57 (VIOLATED)
u_e.g_mac[0].g_tr2.u_tree.held[43][3]$_DFFE_PP_/D (DFFHQNx1_ASAP7_75t_R) 1424.10 1444.66  -20.56 (VIOLATED)
u_e.g_mac[0].g_tr2.u_tree.held[16][2]$_DFFE_PP_/D (DFFHQNx1_ASAP7_75t_R) 1405.90 1426.45  -20.56 (VIOLATED)
u_e.g_mac[1].g_l2.u_l1.p2_c[222]$_DFF_P_/D (DFFHQNx1_ASAP7_75t_R) 1369.92 1390.47  -20.55 (VIOLATED)
u_e.g_mac[0].g_l2.u_l0.p1_p[7][2]$_DFF_P_/D (DFFHQNx1_ASAP7_75t_R) 1380.01 1400.55  -20.54 (VIOLATED)
u_e.g_mac[1].g_l2.u_l0.p0_wq[147]$_DFF_P_/D (DFFHQNx1_ASAP7_75t_R) 1376.25 1396.79  -20.54 (VIOLATED)
u_e.g_mac[0].g_tr2.u_tree.held[26][3]$_DFFE_PP_/D (DFFHQNx1_ASAP7_75t_R) 1423.07 1443.58  -20.51 (VIOLATED)
u_e.g_mac[0].g_tr2.u_tree.held[7][2]$_DFFE_PP_/D (DFFHQNx1_ASAP7_75t_R) 1403.13 1423.62  -20.49 (VIOLATED)
u_e.g_mac[0].g_tr2.u_tree.held[68][4]$_DFFE_PP_/D (DFFHQNx1_ASAP7_75t_R) 1443.10 1463.58  -20.48 (VIOLATED)
u_e.g_mac[0].g_tr2.u_tree.have[63]$_DFFE_PN0P_/D (DFFASRHQNx1_ASAP7_75t_R) 1386.46 1406.92  -20.46 (VIOLATED)
u_e.g_mac[0].g_l2.u_l1.p2_c[220]$_DFF_P_/D (DFFHQNx1_ASAP7_75t_R) 1383.22 1403.67  -20.45 (VIOLATED)
u_e.g_mac[0].g_l2.u_l0.p1_p[12][3]$_DFF_P_/D (DFFHQNx1_ASAP7_75t_R) 1361.58 1382.00  -20.42 (VIOLATED)
u_e.g_mac[0].g_l2.u_l1.p2_c[108]$_DFF_P_/D (DFFHQNx1_ASAP7_75t_R) 1371.88 1392.29  -20.41 (VIOLATED)
u_e.g_mac[1].g_l2.u_l0.p2_c[158]$_DFF_P_/D (DFFHQNx1_ASAP7_75t_R) 1373.26 1393.64  -20.38 (VIOLATED)
u_e.g_mac[1].g_l2.u_l0.p2_c[195]$_DFF_P_/D (DFFHQNx1_ASAP7_75t_R) 1363.62 1383.99  -20.37 (VIOLATED)
u_e.g_mac[0].g_tr2.u_tree.held[43][1]$_DFFE_PP_/D (DFFHQNx1_ASAP7_75t_R) 1423.68 1444.05  -20.36 (VIOLATED)
u_e.g_mac[0].g_tr2.u_tree.held[68][12]$_DFFE_PP_/D (DFFHQNx1_ASAP7_75t_R) 1445.45 1465.81  -20.36 (VIOLATED)
u_e.g_mac[0].g_l2.u_l1.p2_c[194]$_DFF_P_/D (DFFHQNx1_ASAP7_75t_R) 1368.33 1388.66  -20.34 (VIOLATED)
u_e.g_mac[1].g_tr2.u_tree.infl[4][0]$_DFF_PN0_/D (DFFASRHQNx1_ASAP7_75t_R) 1370.69 1391.00  -20.31 (VIOLATED)
u_e.g_mac[0].g_tr2.u_tree.held[39][10]$_DFFE_PP_/D (DFFHQNx1_ASAP7_75t_R) 1440.38 1460.68  -20.30 (VIOLATED)
u_e.g_mac[0].g_tr2.u_tree.held[42][12]$_DFFE_PP_/D (DFFHQNx1_ASAP7_75t_R) 1423.79 1444.04  -20.25 (VIOLATED)
u_e.g_mac[0].g_l2.u_l1.p2_c[93]$_DFF_P_/D (DFFHQNx1_ASAP7_75t_R) 1368.59 1388.84  -20.25 (VIOLATED)
u_e.g_mac[0].g_tr2.u_tree.held[46][11]$_DFFE_PP_/D (DFFHQNx1_ASAP7_75t_R) 1423.05 1443.28  -20.23 (VIOLATED)
u_e.g_mac[0].g_l2.u_l1.p2_c[133]$_DFF_P_/D (DFFHQNx1_ASAP7_75t_R) 1366.43 1386.65  -20.22 (VIOLATED)
u_e.g_mac[1].g_l2.u_l1.p2_c[106]$_DFF_P_/D (DFFHQNx1_ASAP7_75t_R) 1374.15 1394.36  -20.22 (VIOLATED)
u_e.g_mac[1].g_l2.u_l0.p2_c[176]$_DFF_P_/D (DFFHQNx1_ASAP7_75t_R) 1375.96 1396.16  -20.21 (VIOLATED)
u_e.g_mac[0].g_tr2.u_tree.held[9][10]$_DFFE_PP_/D (DFFHQNx1_ASAP7_75t_R) 1438.78 1458.95  -20.17 (VIOLATED)
u_e.g_mac[0].g_tr2.u_tree.held[52][31]$_DFFE_PP_/D (DFFHQNx1_ASAP7_75t_R) 1424.33 1444.47  -20.14 (VIOLATED)
u_e.g_mac[0].g_tr2.u_tree.x_above[23]$_DFF_P_/D (DFFHQNx1_ASAP7_75t_R) 1392.15 1412.28  -20.13 (VIOLATED)
u_e.g_mac[1].g_l2.u_l0.p1_es[9]$_DFF_P_/D (DFFHQNx1_ASAP7_75t_R) 1380.18 1400.28  -20.10 (VIOLATED)
u_e.i1_q0[198]$_DFF_P_/D (DFFHQNx1_ASAP7_75t_R) 1361.54 1381.61  -20.07 (VIOLATED)
u_e.g_mac[0].g_l2.u_l1.p2_c[112]$_DFF_P_/D (DFFHQNx1_ASAP7_75t_R) 1373.76 1393.81  -20.05 (VIOLATED)
u_e.g_mac[0].g_l2.u_l1.p2_c[113]$_DFF_P_/D (DFFHQNx1_ASAP7_75t_R) 1376.61 1396.60  -19.99 (VIOLATED)
u_e.g_mac[0].g_tr2.u_tree.held[9][1]$_DFFE_PP_/D (DFFHQNx1_ASAP7_75t_R) 1437.21 1457.18  -19.96 (VIOLATED)
u_e.g_mac[0].g_tr2.u_tree.x_oh[27]$_DFF_P_/D (DFFHQNx1_ASAP7_75t_R) 1386.68 1406.62  -19.94 (VIOLATED)
u_e.g_mac[0].g_tr2.u_tree.held[42][3]$_DFFE_PP_/D (DFFHQNx1_ASAP7_75t_R) 1424.34 1444.23  -19.89 (VIOLATED)
u_e.g_mac[0].g_tr2.u_tree.held[18][1]$_DFFE_PP_/D (DFFHQNx1_ASAP7_75t_R) 1445.52 1465.38  -19.86 (VIOLATED)
u_e.g_mac[0].g_tr2.u_tree.held[16][6]$_DFFE_PP_/D (DFFHQNx1_ASAP7_75t_R) 1400.56 1420.40  -19.85 (VIOLATED)
u_e.g_mac[1].g_l2.u_l1.p0_wq[19]$_DFF_P_/D (DFFHQNx1_ASAP7_75t_R) 1378.16 1398.00  -19.83 (VIOLATED)
u_e.g_mac[0].g_l2.u_l0.p0_wq[133]$_SDFF_PP0_/D (DFFHQNx1_ASAP7_75t_R) 1382.19 1402.00  -19.81 (VIOLATED)
u_e.g_mac[0].g_tr2.u_tree.held[18][5]$_DFFE_PP_/D (DFFHQNx1_ASAP7_75t_R) 1423.18 1442.97  -19.80 (VIOLATED)
u_e.g_mac[1].g_l2.u_l0.p2_c[156]$_DFF_P_/D (DFFHQNx1_ASAP7_75t_R) 1355.08 1374.87  -19.79 (VIOLATED)
u_e.g_mac[0].g_tr2.u_tree.have[56]$_DFFE_PN0P_/D (DFFASRHQNx1_ASAP7_75t_R) 1387.45 1407.23  -19.78 (VIOLATED)
u_e.g_mac[0].g_tr2.u_tree.held[33][31]$_DFFE_PP_/D (DFFHQNx1_ASAP7_75t_R) 1404.45 1424.22  -19.77 (VIOLATED)
u_e.g_mac[0].g_tr2.u_tree.held[50][31]$_DFFE_PP_/D (DFFHQNx1_ASAP7_75t_R) 1403.53 1423.23  -19.69 (VIOLATED)
u_e.w_j[0]$_SDFFCE_PP0P_/D (DFFHQNx1_ASAP7_75t_R) 1411.59 1431.29  -19.69 (VIOLATED)
u_e.i1_q0[208]$_DFF_P_/D (DFFHQNx1_ASAP7_75t_R) 1361.83 1381.51  -19.68 (VIOLATED)
u_e.g_mac[0].g_tr2.u_tree.held[68][10]$_DFFE_PP_/D (DFFHQNx1_ASAP7_75t_R) 1445.47 1465.16  -19.68 (VIOLATED)
u_e.g_mac[0].g_l2.u_l0.p0_wq[167]$_SDFF_PP0_/D (DFFHQNx1_ASAP7_75t_R) 1389.57 1409.24  -19.67 (VIOLATED)
u_e.g_mac[0].g_tr2.u_tree.held[9][8]$_DFFE_PP_/D (DFFHQNx1_ASAP7_75t_R) 1438.48 1458.11  -19.63 (VIOLATED)
u_e.g_mac[0].g_l2.u_l0.p0_wq[134]$_SDFF_PP0_/D (DFFHQNx1_ASAP7_75t_R) 1389.75 1409.37  -19.63 (VIOLATED)
u_e.g_mac[0].g_l2.u_l1.p2_c[101]$_DFF_P_/D (DFFHQNx1_ASAP7_75t_R) 1372.06 1391.66  -19.60 (VIOLATED)
u_e.g_mac[0].g_tr2.u_tree.held[39][8]$_DFFE_PP_/D (DFFHQNx1_ASAP7_75t_R) 1440.05 1459.65  -19.60 (VIOLATED)
u_e.g_mac[0].g_tr2.u_tree.held[19][9]$_DFFE_PP_/D (DFFHQNx1_ASAP7_75t_R) 1365.48 1385.01  -19.53 (VIOLATED)
u_e.g_mac[0].g_tr2.u_tree.held[57][11]$_DFFE_PP_/D (DFFHQNx1_ASAP7_75t_R) 1405.95 1425.47  -19.52 (VIOLATED)
u_e.g_mac[0].g_l2.u_l1.p2_c[94]$_DFF_P_/D (DFFHQNx1_ASAP7_75t_R) 1367.27 1386.79  -19.51 (VIOLATED)
u_e.g_mac[0].g_tr2.u_tree.held[21][2]$_DFFE_PP_/D (DFFHQNx1_ASAP7_75t_R) 1405.17 1424.67  -19.50 (VIOLATED)
u_e.g_mac[0].g_l2.u_l1.p2_c[29]$_DFF_P_/D (DFFHQNx1_ASAP7_75t_R) 1376.30 1395.80  -19.50 (VIOLATED)
u_e.g_mac[0].g_tr2.u_tree.held[77][1]$_DFFE_PP_/D (DFFHQNx1_ASAP7_75t_R) 1446.14 1465.60  -19.47 (VIOLATED)
u_e.g_mac[0].g_tr2.u_tree.held[15][5]$_DFFE_PP_/D (DFFHQNx1_ASAP7_75t_R) 1461.25 1480.72  -19.46 (VIOLATED)
u_e.g_mac[0].g_tr2.u_tree.held[41][3]$_DFFE_PP_/D (DFFHQNx1_ASAP7_75t_R) 1425.72 1445.17  -19.45 (VIOLATED)
u_e.g_mac[0].g_tr2.u_tree.held[52][3]$_DFFE_PP_/D (DFFHQNx1_ASAP7_75t_R) 1424.15 1443.59  -19.44 (VIOLATED)
u_e.g_mac[0].g_tr2.u_tree.x_oh[29]$_DFF_P_/D (DFFHQNx1_ASAP7_75t_R) 1386.63 1406.07  -19.44 (VIOLATED)
u_e.g_mac[1].g_l2.u_l0.p2_c[241]$_DFF_P_/D (DFFHQNx1_ASAP7_75t_R) 1364.04 1383.46  -19.42 (VIOLATED)
u_e.g_mac[1].g_l2.u_l1.p0_wq[128]$_DFF_P_/D (DFFHQNx1_ASAP7_75t_R) 1362.60 1382.00  -19.39 (VIOLATED)
u_e.g_mac[1].g_l2.u_l1.p2_c[103]$_DFF_P_/D (DFFHQNx1_ASAP7_75t_R) 1363.69 1383.08  -19.39 (VIOLATED)
u_e.g_mac[0].g_tr2.u_tree.held[32][9]$_DFFE_PP_/D (DFFHQNx1_ASAP7_75t_R) 1404.68 1424.07  -19.39 (VIOLATED)
u_e.g_mac[0].g_tr2.u_tree.held[2][6]$_DFFE_PP_/D (DFFHQNx1_ASAP7_75t_R) 1368.13 1387.47  -19.34 (VIOLATED)
u_e.g_mac[0].g_tr2.u_tree.held[9][3]$_DFFE_PP_/D (DFFHQNx1_ASAP7_75t_R) 1439.02 1458.34  -19.32 (VIOLATED)
u_e.g_mac[0].g_l2.u_l0.p2_c[217]$_DFF_P_/D (DFFHQNx1_ASAP7_75t_R) 1387.91 1407.22  -19.31 (VIOLATED)
u_e.g_mac[0].g_tr2.u_tree.held[52][11]$_DFFE_PP_/D (DFFHQNx1_ASAP7_75t_R) 1424.46 1443.75  -19.29 (VIOLATED)
u_e.g_mac[1].g_l2.u_l1.p2_c[89]$_DFF_P_/D (DFFHQNx1_ASAP7_75t_R) 1372.19 1391.45  -19.26 (VIOLATED)
u_e.g_mac[1].g_l2.u_l0.p1_sh[6][2]$_DFF_P_/D (DFFHQNx1_ASAP7_75t_R) 1369.34 1388.52  -19.19 (VIOLATED)
u_e.g_mac[0].g_l2.u_l0.p2_c[251]$_DFF_P_/D (DFFHQNx1_ASAP7_75t_R) 1375.23 1394.38  -19.15 (VIOLATED)
u_e.g_mac[0].g_tr2.u_tree.held[16][3]$_DFFE_PP_/D (DFFHQNx1_ASAP7_75t_R) 1423.02 1442.14  -19.12 (VIOLATED)
u_e.g_mac[0].g_tr2.u_tree.held[0][1]$_DFFE_PP_/D (DFFHQNx1_ASAP7_75t_R) 1446.38 1465.49  -19.11 (VIOLATED)
u_e.g_mac[0].g_tr2.u_tree.held[28][14]$_DFFE_PP_/D (DFFHQNx1_ASAP7_75t_R) 1404.06 1423.17  -19.11 (VIOLATED)
u_e.g_mac[0].g_tr2.u_tree.held[16][7]$_DFFE_PP_/D (DFFHQNx1_ASAP7_75t_R) 1402.39 1421.45  -19.06 (VIOLATED)
u_e.g_mac[0].g_tr2.u_tree.held[42][4]$_DFFE_PP_/D (DFFHQNx1_ASAP7_75t_R) 1424.15 1443.20  -19.05 (VIOLATED)
u_e.g_mac[0].g_tr2.u_tree.held[52][4]$_DFFE_PP_/D (DFFHQNx1_ASAP7_75t_R) 1425.18 1444.19  -19.02 (VIOLATED)
u_e.g_mac[1].g_l2.u_l0.p2_c[91]$_DFF_P_/D (DFFHQNx1_ASAP7_75t_R) 1361.76 1380.77  -19.01 (VIOLATED)
u_e.g_mac[0].g_tr2.u_tree.have[59]$_DFFE_PN0P_/D (DFFASRHQNx1_ASAP7_75t_R) 1389.28 1408.28  -19.01 (VIOLATED)
u_e.g_mac[0].g_tr2.u_tree.held[67][10]$_DFFE_PP_/D (DFFHQNx1_ASAP7_75t_R) 1447.03 1466.03  -19.00 (VIOLATED)
u_e.g_mac[0].g_l2.u_l0.p1_sh[17][4]$_DFF_P_/D (DFFHQNx2_ASAP7_75t_R) 1351.92 1370.86  -18.94 (VIOLATED)
u_e.g_mac[0].g_tr2.u_tree.held[43][8]$_DFFE_PP_/D (DFFHQNx1_ASAP7_75t_R) 1439.80 1458.73  -18.94 (VIOLATED)
u_e.g_mac[0].g_tr2.u_tree.held[15][12]$_DFFE_PP_/D (DFFHQNx1_ASAP7_75t_R) 1461.43 1480.31  -18.88 (VIOLATED)
u_e.g_mac[0].g_tr2.u_tree.held[59][10]$_DFFE_PP_/D (DFFHQNx1_ASAP7_75t_R) 1423.87 1442.73  -18.86 (VIOLATED)
u_e.i1_q0[96]$_DFF_P_/D (DFFHQNx1_ASAP7_75t_R) 1365.60 1384.44  -18.84 (VIOLATED)
u_e.g_mac[0].g_tr2.u_tree.have[43]$_DFFE_PN0P_/D (DFFASRHQNx1_ASAP7_75t_R) 1387.95 1406.78  -18.83 (VIOLATED)
u_e.g_mac[0].g_tr2.u_tree.x_oh[7]$_DFF_P_/D (DFFHQNx1_ASAP7_75t_R) 1386.94 1405.71  -18.77 (VIOLATED)
u_e.g_mac[0].g_tr2.u_tree.x_above[39]$_DFF_P_/D (DFFHQNx1_ASAP7_75t_R) 1394.67 1413.42  -18.75 (VIOLATED)
u_e.g_mac[0].g_tr2.u_tree.held[21][11]$_DFFE_PP_/D (DFFHQNx1_ASAP7_75t_R) 1405.70 1424.44  -18.74 (VIOLATED)
u_e.g_mac[0].g_l2.u_l1.p2_c[62]$_DFF_P_/D (DFFHQNx1_ASAP7_75t_R) 1369.18 1387.92  -18.74 (VIOLATED)
u_e.g_mac[0].g_tr2.u_tree.held[50][16]$_DFFE_PP_/D (DFFHQNx1_ASAP7_75t_R) 1397.68 1416.42  -18.74 (VIOLATED)
u_e.g_mac[1].g_l2.u_l1.p2_c[189]$_DFF_P_/D (DFFHQNx1_ASAP7_75t_R) 1362.19 1380.93  -18.74 (VIOLATED)
u_e.g_mac[0].g_tr2.u_tree.held[50][4]$_DFFE_PP_/D (DFFHQNx1_ASAP7_75t_R) 1404.72 1423.43  -18.71 (VIOLATED)
u_e.w_c[1]$_DFFE_PP_/D (DFFHQNx1_ASAP7_75t_R) 1393.24 1411.92  -18.68 (VIOLATED)
u_e.g_mac[1].g_l2.u_l0.p1_sh[19][2]$_DFF_P_/D (DFFHQNx1_ASAP7_75t_R) 1368.36 1387.04  -18.68 (VIOLATED)
u_e.g_mac[1].g_l2.u_l0.p1_p[24][3]$_DFF_P_/D (DFFHQNx1_ASAP7_75t_R) 1365.38 1384.05  -18.68 (VIOLATED)
u_e.g_mac[1].g_l2.u_l1.p2_c[192]$_DFF_P_/D (DFFHQNx1_ASAP7_75t_R) 1381.47 1400.13  -18.66 (VIOLATED)
u_e.g_mac[0].g_tr2.u_tree.held[28][8]$_DFFE_PP_/D (DFFHQNx1_ASAP7_75t_R) 1404.82 1423.44  -18.62 (VIOLATED)
u_e.g_mac[0].g_tr2.u_tree.held[25][31]$_DFFE_PP_/D (DFFHQNx1_ASAP7_75t_R) 1424.37 1442.97  -18.59 (VIOLATED)
u_e.g_mac[0].g_tr2.u_tree.held[5][8]$_DFFE_PP_/D (DFFHQNx1_ASAP7_75t_R) 1439.82 1458.30  -18.48 (VIOLATED)
u_e.g_mac[1].g_l2.u_l0.p0_wq[241]$_DFF_P_/D (DFFHQNx1_ASAP7_75t_R) 1366.05 1384.50  -18.45 (VIOLATED)
u_e.g_mac[0].g_l2.u_l0.p1_sh[15][4]$_DFF_P_/D (DFFHQNx1_ASAP7_75t_R) 1361.81 1380.24  -18.44 (VIOLATED)
u_e.g_mac[0].g_tr2.u_tree.held[21][3]$_DFFE_PP_/D (DFFHQNx1_ASAP7_75t_R) 1423.65 1442.06  -18.40 (VIOLATED)
u_e.g_mac[0].g_l2.u_l1.p2_c[227]$_DFF_P_/D (DFFHQNx1_ASAP7_75t_R) 1388.64 1407.04  -18.40 (VIOLATED)
u_e.g_mac[0].g_tr2.u_tree.held[0][4]$_DFFE_PP_/D (DFFHQNx1_ASAP7_75t_R) 1443.74 1462.10  -18.37 (VIOLATED)
u_e.g_mac[1].g_l2.u_l1.p0_wq[18]$_DFF_P_/D (DFFHQNx1_ASAP7_75t_R) 1378.51 1396.85  -18.33 (VIOLATED)
u_e.g_mac[0].g_tr2.u_tree.held[77][5]$_DFFE_PP_/D (DFFHQNx1_ASAP7_75t_R) 1442.94 1461.23  -18.29 (VIOLATED)
u_e.g_mac[0].g_tr2.u_tree.held[56][11]$_DFFE_PP_/D (DFFHQNx1_ASAP7_75t_R) 1425.44 1443.73  -18.29 (VIOLATED)
u_e.g_mac[1].g_l2.u_l0.p2_c[225]$_DFF_P_/D (DFFHQNx1_ASAP7_75t_R) 1377.13 1395.40  -18.26 (VIOLATED)
u_e.g_mac[0].g_pa2.u_pair.u_c8.g_r.r[22]$_DFF_P_/D (DFFHQNx1_ASAP7_75t_R) 1365.86 1384.12  -18.26 (VIOLATED)
u_e.g_mac[0].g_tr2.u_tree.held[29][8]$_DFFE_PP_/D (DFFHQNx1_ASAP7_75t_R) 1403.42 1421.65  -18.23 (VIOLATED)
u_e.g_mac[0].g_l2.u_l0.p2_c[86]$_DFF_P_/D (DFFHQNx1_ASAP7_75t_R) 1355.95 1374.18  -18.23 (VIOLATED)
u_e.g_mac[0].g_tr2.u_tree.held[15][10]$_DFFE_PP_/D (DFFHQNx1_ASAP7_75t_R) 1439.70 1457.88  -18.18 (VIOLATED)
u_e.g_mac[1].g_l2.u_l1.p2_c[68]$_DFF_P_/D (DFFHQNx1_ASAP7_75t_R) 1362.05 1380.20  -18.15 (VIOLATED)
u_e.g_mac[0].g_tr2.u_tree.held[69][1]$_DFFE_PP_/D (DFFHQNx1_ASAP7_75t_R) 1446.32 1464.39  -18.08 (VIOLATED)
u_e.g_mac[0].g_tr2.u_tree.held[24][12]$_DFFE_PP_/D (DFFHQNx1_ASAP7_75t_R) 1423.79 1441.84  -18.05 (VIOLATED)
u_e.i1_q0[243]$_DFF_P_/D (DFFHQNx1_ASAP7_75t_R) 1365.65 1383.70  -18.05 (VIOLATED)
u_e.g_mac[1].g_ch2.u_c1.u_add.u_c8.g_r.r[32]$_DFF_P_/D (DFFHQNx1_ASAP7_75t_R) 1390.75 1408.80  -18.05 (VIOLATED)
u_e.g_mac[0].g_tr2.u_tree.held[10][16]$_DFFE_PP_/D (DFFHQNx1_ASAP7_75t_R) 1413.03 1431.05  -18.03 (VIOLATED)
u_e.i1_e0[4]$_DFF_P_/D (DFFHQNx1_ASAP7_75t_R) 1376.51 1394.53  -18.03 (VIOLATED)
u_e.g_mac[1].g_l2.u_l0.p2_c[240]$_DFF_P_/D (DFFHQNx1_ASAP7_75t_R) 1373.98 1391.99  -18.00 (VIOLATED)
u_e.g_mac[0].g_tr2.u_tree.x_above[29]$_DFF_P_/D (DFFHQNx1_ASAP7_75t_R) 1390.96 1408.92  -17.95 (VIOLATED)
u_e.g_mac[0].g_l2.u_l1.p0_wq[218]$_DFF_P_/D (DFFHQNx1_ASAP7_75t_R) 1377.35 1395.29  -17.94 (VIOLATED)
u_e.g_mac[0].g_tr2.u_tree.held[11][10]$_DFFE_PP_/D (DFFHQNx1_ASAP7_75t_R) 1437.00 1454.90  -17.89 (VIOLATED)
u_e.g_mac[0].g_tr2.u_tree.held[60][1]$_DFFE_PP_/D (DFFHQNx1_ASAP7_75t_R) 1445.89 1463.73  -17.83 (VIOLATED)
u_e.g_mac[0].g_tr2.u_tree.held[49][8]$_DFFE_PP_/D (DFFHQNx1_ASAP7_75t_R) 1421.89 1439.72  -17.83 (VIOLATED)
u_e.g_mac[0].g_tr2.u_tree.held[15][1]$_DFFE_PP_/D (DFFHQNx1_ASAP7_75t_R) 1440.11 1457.92  -17.81 (VIOLATED)
u_e.g_mac[0].g_tr2.u_tree.held[48][8]$_DFFE_PP_/D (DFFHQNx1_ASAP7_75t_R) 1439.30 1457.10  -17.80 (VIOLATED)
u_e.g_mac[0].g_tr2.u_tree.x_oh[54]$_DFF_P_/D (DFFHQNx1_ASAP7_75t_R) 1392.08 1409.88  -17.79 (VIOLATED)
u_e.g_mac[0].g_tr2.u_tree.held[29][14]$_DFFE_PP_/D (DFFHQNx1_ASAP7_75t_R) 1399.49 1417.27  -17.78 (VIOLATED)
u_e.g_mac[0].g_tr2.u_tree.held[50][2]$_DFFE_PP_/D (DFFHQNx1_ASAP7_75t_R) 1405.77 1423.54  -17.77 (VIOLATED)
u_e.g_mac[1].g_l2.u_l1.p2_c[76]$_DFF_P_/D (DFFHQNx1_ASAP7_75t_R) 1362.13 1379.89  -17.77 (VIOLATED)
u_e.g_mac[0].g_tr2.u_tree.held[8][3]$_DFFE_PP_/D (DFFHQNx1_ASAP7_75t_R) 1440.18 1457.95  -17.76 (VIOLATED)
u_e.g_mac[0].g_tr2.u_tree.held[48][11]$_DFFE_PP_/D (DFFHQNx1_ASAP7_75t_R) 1423.70 1441.46  -17.76 (VIOLATED)
u_e.g_mac[0].g_l2.u_l0.p0_wq[219]$_DFF_P_/D (DFFHQNx1_ASAP7_75t_R) 1396.18 1413.91  -17.73 (VIOLATED)
u_e.g_mac[0].g_tr2.u_tree.have[76]$_DFFE_PN0P_/D (DFFASRHQNx1_ASAP7_75t_R) 1384.18 1401.90  -17.72 (VIOLATED)
u_e.g_mac[1].g_l2.u_l0.p0_wq[250]$_DFF_P_/D (DFFHQNx1_ASAP7_75t_R) 1368.35 1386.05  -17.70 (VIOLATED)
u_e.g_mac[0].g_tr2.u_tree.held[5][12]$_DFFE_PP_/D (DFFHQNx1_ASAP7_75t_R) 1439.13 1456.81  -17.69 (VIOLATED)
u_e.g_mac[0].g_tr2.u_tree.held[15][8]$_DFFE_PP_/D (DFFHQNx1_ASAP7_75t_R) 1439.00 1456.61  -17.60 (VIOLATED)
u_e.g_mac[0].g_tr2.u_tree.have[8]$_DFFE_PN0P_/D (DFFASRHQNx1_ASAP7_75t_R) 1386.11 1403.61  -17.50 (VIOLATED)
u_e.g_mac[1].g_l2.u_l1.p2_c[81]$_DFF_P_/D (DFFHQNx1_ASAP7_75t_R) 1375.92 1393.37  -17.45 (VIOLATED)
u_e.g_mac[0].g_tr2.u_tree.held[23][1]$_DFFE_PP_/D (DFFHQNx1_ASAP7_75t_R) 1446.58 1464.00  -17.41 (VIOLATED)
u_e.g_mac[0].g_tr2.u_tree.held[35][5]$_DFFE_PP_/D (DFFHQNx1_ASAP7_75t_R) 1423.66 1441.06  -17.40 (VIOLATED)
u_e.g_mac[0].g_pa2.u_pair.u_c8.g_r.r[17]$_DFF_P_/D (DFFHQNx1_ASAP7_75t_R) 1365.36 1382.73  -17.36 (VIOLATED)
u_e.g_mac[0].g_tr2.u_tree.have[2]$_DFFE_PN0P_/D (DFFASRHQNx1_ASAP7_75t_R) 1356.52 1373.88  -17.36 (VIOLATED)
u_e.g_mac[0].g_tr2.u_tree.held[3][11]$_DFFE_PP_/D (DFFHQNx1_ASAP7_75t_R) 1424.82 1442.16  -17.34 (VIOLATED)
u_e.g_mac[0].g_tr2.u_tree.held[23][4]$_DFFE_PP_/D (DFFHQNx1_ASAP7_75t_R) 1445.86 1463.18  -17.32 (VIOLATED)
u_e.g_mac[0].g_tr2.u_tree.held[25][20]$_DFFE_PP_/D (DFFHQNx1_ASAP7_75t_R) 1364.80 1382.11  -17.32 (VIOLATED)
u_e.g_mac[0].g_tr2.u_tree.held[8][10]$_DFFE_PP_/D (DFFHQNx1_ASAP7_75t_R) 1443.21 1460.52  -17.31 (VIOLATED)
u_e.g_mac[1].g_l2.u_l1.p2_c[185]$_DFF_P_/D (DFFHQNx1_ASAP7_75t_R) 1362.29 1379.54  -17.25 (VIOLATED)
u_e.g_mac[0].g_l2.u_l0.p1_sh[24][3]$_DFF_P_/D (DFFHQNx2_ASAP7_75t_R) 1365.79 1383.02  -17.23 (VIOLATED)
u_e.g_mac[0].g_tr2.u_tree.held[28][3]$_DFFE_PP_/D (DFFHQNx1_ASAP7_75t_R) 1424.34 1441.55  -17.21 (VIOLATED)
u_e.g_mac[0].g_tr2.u_tree.held[21][9]$_DFFE_PP_/D (DFFHQNx1_ASAP7_75t_R) 1401.55 1418.73  -17.18 (VIOLATED)
u_e.g_mac[0].g_tr2.u_tree.held[37][11]$_DFFE_PP_/D (DFFHQNx1_ASAP7_75t_R) 1438.51 1455.67  -17.16 (VIOLATED)
u_e.g_mac[0].g_tr2.u_tree.held[4][8]$_DFFE_PP_/D (DFFHQNx1_ASAP7_75t_R) 1439.25 1456.40  -17.15 (VIOLATED)
u_e.g_mac[0].g_tr2.u_tree.held[74][2]$_DFFE_PP_/D (DFFHQNx1_ASAP7_75t_R) 1439.73 1456.88  -17.15 (VIOLATED)
u_e.g_mac[0].g_tr2.u_tree.held[37][4]$_DFFE_PP_/D (DFFHQNx1_ASAP7_75t_R) 1438.87 1455.97  -17.10 (VIOLATED)
u_e.g_mac[0].g_tr2.u_tree.held[60][12]$_DFFE_PP_/D (DFFHQNx1_ASAP7_75t_R) 1446.04 1463.13  -17.09 (VIOLATED)
u_e.g_mac[1].g_l2.u_l0.p2_c[113]$_DFF_P_/D (DFFHQNx1_ASAP7_75t_R) 1373.93 1391.00  -17.07 (VIOLATED)
u_e.g_mac[1].g_l2.u_l1.p2_c[122]$_DFF_P_/D (DFFHQNx1_ASAP7_75t_R) 1361.84 1378.89  -17.04 (VIOLATED)
u_e.g_mac[0].g_tr2.u_tree.held[29][0]$_DFFE_PP_/D (DFFHQNx1_ASAP7_75t_R) 1399.35 1416.39  -17.04 (VIOLATED)
u_e.g_mac[1].g_l2.u_l0.p1_sh[13][1]$_DFF_P_/D (DFFHQNx1_ASAP7_75t_R) 1360.71 1377.74  -17.03 (VIOLATED)
u_e.g_mac[0].g_tr2.u_tree.held[75][5]$_DFFE_PP_/D (DFFHQNx1_ASAP7_75t_R) 1423.71 1440.71  -17.00 (VIOLATED)
u_e.g_mac[0].g_l2.u_l1.p2_c[8]$_DFF_P_/D (DFFHQNx1_ASAP7_75t_R) 1374.97 1391.96  -16.99 (VIOLATED)
pseg[4] (output)                      966.00  982.99  -16.99 (VIOLATED)
u_e.i1_e0[1]$_DFF_P_/D (DFFHQNx1_ASAP7_75t_R) 1385.46 1402.44  -16.99 (VIOLATED)
u_e.g_mac[0].g_l2.u_l1.p2_c[59]$_DFF_P_/D (DFFHQNx1_ASAP7_75t_R) 1405.03 1422.00  -16.97 (VIOLATED)
u_e.g_mac[0].g_tr2.u_tree.held[4][3]$_DFFE_PP_/D (DFFHQNx1_ASAP7_75t_R) 1439.53 1456.49  -16.96 (VIOLATED)
u_e.g_mac[0].g_tr2.u_tree.held[36][10]$_DFFE_PP_/D (DFFHQNx1_ASAP7_75t_R) 1437.73 1454.69  -16.96 (VIOLATED)
u_e.g_mac[0].g_tr2.u_tree.held[31][4]$_DFFE_PP_/D (DFFHQNx1_ASAP7_75t_R) 1444.09 1461.05  -16.95 (VIOLATED)
u_e.g_mac[1].g_l2.u_l1.p2_c[229]$_DFF_P_/D (DFFHQNx1_ASAP7_75t_R) 1362.32 1379.27  -16.95 (VIOLATED)
u_e.g_mac[0].g_tr2.u_tree.held[62][4]$_DFFE_PP_/D (DFFHQNx1_ASAP7_75t_R) 1425.91 1442.84  -16.93 (VIOLATED)
u_e.g_mac[1].g_l2.u_l1.p2_c[105]$_DFF_P_/D (DFFHQNx1_ASAP7_75t_R) 1363.47 1380.39  -16.92 (VIOLATED)
u_e.g_mac[0].g_l2.u_l0.p1_sh[19][2]$_DFF_P_/D (DFFHQNx1_ASAP7_75t_R) 1366.58 1383.48  -16.89 (VIOLATED)
u_e.g_mac[0].g_tr2.u_tree.held[37][10]$_DFFE_PP_/D (DFFHQNx1_ASAP7_75t_R) 1437.61 1454.50  -16.89 (VIOLATED)
u_e.g_mac[0].g_l2.u_l0.p0_wq[215]$_SDFF_PP0_/D (DFFHQNx1_ASAP7_75t_R) 1387.49 1404.36  -16.88 (VIOLATED)
u_e.g_mac[0].g_tr2.u_tree.held[56][4]$_DFFE_PP_/D (DFFHQNx1_ASAP7_75t_R) 1445.03 1461.85  -16.81 (VIOLATED)
u_e.g_mac[0].g_tr2.u_tree.held[17][12]$_DFFE_PP_/D (DFFHQNx1_ASAP7_75t_R) 1423.92 1440.70  -16.78 (VIOLATED)
u_e.g_mac[0].g_l2.u_l1.p5a_nm[24]$_DFF_P_/D (DFFHQNx1_ASAP7_75t_R) 1361.63 1378.40  -16.77 (VIOLATED)
u_e.g_mac[1].g_l2.u_l1.p2_c[238]$_DFF_P_/D (DFFHQNx1_ASAP7_75t_R) 1381.20 1397.93  -16.73 (VIOLATED)
u_e.g_mac[0].g_tr2.u_tree.held[4][10]$_DFFE_PP_/D (DFFHQNx1_ASAP7_75t_R) 1439.86 1456.57  -16.71 (VIOLATED)
u_e.g_mac[0].g_tr2.u_tree.held[50][0]$_DFFE_PP_/D (DFFHQNx1_ASAP7_75t_R) 1399.49 1416.15  -16.66 (VIOLATED)
u_e.g_mac[0].g_tr2.u_tree.held[29][2]$_DFFE_PP_/D (DFFHQNx1_ASAP7_75t_R) 1403.86 1420.50  -16.64 (VIOLATED)
u_e.g_mac[0].g_tr2.u_tree.have[37]$_DFFE_PN0P_/D (DFFASRHQNx1_ASAP7_75t_R) 1385.92 1402.56  -16.64 (VIOLATED)
u_e.g_mac[0].g_tr2.u_tree.held[17][4]$_DFFE_PP_/D (DFFHQNx1_ASAP7_75t_R) 1423.92 1440.56  -16.64 (VIOLATED)
u_e.g_mac[0].g_tr2.u_tree.have[13]$_DFFE_PN0P_/D (DFFASRHQNx1_ASAP7_75t_R) 1386.38 1403.02  -16.64 (VIOLATED)
u_e.g_mac[0].g_tr2.u_tree.held[56][1]$_DFFE_PP_/D (DFFHQNx1_ASAP7_75t_R) 1445.38 1462.01  -16.63 (VIOLATED)
u_e.g_mac[0].g_l2.u_l0.p0_wq[41]$_DFF_P_/D (DFFHQNx2_ASAP7_75t_R) 1424.36 1440.98  -16.62 (VIOLATED)
u_e.g_mac[0].g_tr2.u_tree.x_above[2]$_DFF_P_/D (DFFHQNx1_ASAP7_75t_R) 1391.98 1408.53  -16.55 (VIOLATED)
u_e.g_mac[0].g_tr2.u_tree.have[69]$_DFFE_PN0P_/D (DFFASRHQNx1_ASAP7_75t_R) 1389.55 1406.10  -16.54 (VIOLATED)
u_e.i1_q0[211]$_DFF_P_/D (DFFHQNx1_ASAP7_75t_R) 1361.06 1377.59  -16.53 (VIOLATED)
u_e.g_mac[0].g_tr2.u_tree.add_a[21]$_DFF_P_/D (DFFHQNx1_ASAP7_75t_R) 1369.71 1386.24  -16.53 (VIOLATED)
u_e.g_mac[0].g_l2.u_l0.p2_c[149]$_DFF_P_/D (DFFHQNx1_ASAP7_75t_R) 1355.35 1371.84  -16.49 (VIOLATED)
u_e.g_mac[0].g_ch2.u_c0.u_add.u_c0.g_r.r[23]$_SDFF_PP0_/D (DFFHQNx1_ASAP7_75t_R) 1379.61 1396.09  -16.48 (VIOLATED)
u_e.g_mac[0].g_tr2.u_tree.x_oh[1]$_DFF_P_/D (DFFHQNx1_ASAP7_75t_R) 1391.92 1408.37  -16.45 (VIOLATED)
u_e.g_mac[0].g_tr2.u_tree.held[46][10]$_DFFE_PP_/D (DFFHQNx1_ASAP7_75t_R) 1438.28 1454.70  -16.42 (VIOLATED)
u_e.g_mac[0].g_l2.u_l0.p1_p[2][3]$_DFF_P_/D (DFFHQNx1_ASAP7_75t_R) 1365.49 1381.89  -16.40 (VIOLATED)
u_e.g_mac[0].g_tr2.u_tree.held[10][3]$_DFFE_PP_/D (DFFHQNx1_ASAP7_75t_R) 1423.41 1439.79  -16.38 (VIOLATED)
u_e.g_mac[0].g_tr2.u_tree.held[29][11]$_DFFE_PP_/D (DFFHQNx1_ASAP7_75t_R) 1405.56 1421.93  -16.37 (VIOLATED)
u_e.g_mac[1].g_l2.u_l0.p0_wq[170]$_DFF_P_/D (DFFHQNx1_ASAP7_75t_R) 1364.12 1380.49  -16.37 (VIOLATED)
u_e.g_mac[0].g_tr2.u_tree.held[12][10]$_DFFE_PP_/D (DFFHQNx1_ASAP7_75t_R) 1438.63 1454.99  -16.36 (VIOLATED)
u_e.g_mac[0].g_tr2.u_tree.have[36]$_DFFE_PN0P_/D (DFFASRHQNx1_ASAP7_75t_R) 1386.21 1402.52  -16.31 (VIOLATED)
u_e.g_mac[0].g_tr2.u_tree.held[69][7]$_DFFE_PP_/D (DFFHQNx1_ASAP7_75t_R) 1413.36 1429.66  -16.30 (VIOLATED)
u_e.i1_q0[105]$_DFF_P_/D (DFFHQNx1_ASAP7_75t_R) 1367.81 1384.09  -16.28 (VIOLATED)
u_e.g_mac[1].g_l2.u_l1.p2_c[237]$_DFF_P_/D (DFFHQNx1_ASAP7_75t_R) 1359.67 1375.92  -16.24 (VIOLATED)
u_e.g_mac[0].g_tr2.u_tree.held[4][1]$_DFFE_PP_/D (DFFHQNx1_ASAP7_75t_R) 1437.13 1453.35  -16.22 (VIOLATED)
u_e.g_mac[0].g_tr2.u_tree.held[11][1]$_DFFE_PP_/D (DFFHQNx1_ASAP7_75t_R) 1437.29 1453.50  -16.22 (VIOLATED)
u_e.g_mac[0].g_tr2.u_tree.held[24][3]$_DFFE_PP_/D (DFFHQNx1_ASAP7_75t_R) 1423.86 1440.05  -16.19 (VIOLATED)
u_e.g_mac[1].g_l2.u_l0.p0_wq[227]$_DFF_P_/D (DFFHQNx1_ASAP7_75t_R) 1368.26 1384.42  -16.16 (VIOLATED)
u_e.g_mac[0].g_tr2.u_tree.held[36][3]$_DFFE_PP_/D (DFFHQNx1_ASAP7_75t_R) 1440.46 1456.60  -16.14 (VIOLATED)
u_e.g_mac[0].g_tr2.u_tree.held[70][3]$_DFFE_PP_/D (DFFHQNx1_ASAP7_75t_R) 1424.41 1440.54  -16.12 (VIOLATED)
u_e.g_mac[0].g_l2.u_l1.p2_c[34]$_DFF_P_/D (DFFHQNx1_ASAP7_75t_R) 1383.34 1399.45  -16.12 (VIOLATED)
u_e.g_mac[0].g_tr2.u_tree.held[24][1]$_DFFE_PP_/D (DFFHQNx1_ASAP7_75t_R) 1423.97 1440.05  -16.08 (VIOLATED)
u_e.g_mac[0].g_l2.u_l1.p2_c[188]$_DFF_P_/D (DFFHQNx1_ASAP7_75t_R) 1374.11 1390.18  -16.06 (VIOLATED)
u_e.g_mac[0].g_l2.u_l1.p2_c[224]$_DFF_P_/D (DFFHQNx1_ASAP7_75t_R) 1380.41 1396.44  -16.03 (VIOLATED)
u_e.g_mac[0].g_l2.u_l0.p0_wq[9]$_DFF_P_/D (DFFHQNx2_ASAP7_75t_R) 1424.95 1440.95  -15.99 (VIOLATED)
u_e.g_mac[1].g_l2.u_l0.p2_c[237]$_DFF_P_/D (DFFHQNx1_ASAP7_75t_R) 1376.83 1392.81  -15.97 (VIOLATED)
u_e.g_mac[0].g_tr2.u_tree.held[71][4]$_DFFE_PP_/D (DFFHQNx1_ASAP7_75t_R) 1445.22 1461.14  -15.92 (VIOLATED)
u_e.g_mac[0].g_l2.u_l0.p1_sh[25][2]$_DFF_P_/D (DFFHQNx1_ASAP7_75t_R) 1355.37 1371.28  -15.91 (VIOLATED)
u_e.g_mac[0].g_tr2.u_tree.held[59][12]$_DFFE_PP_/D (DFFHQNx1_ASAP7_75t_R) 1446.20 1462.07  -15.88 (VIOLATED)
u_e.g_mac[0].g_tr2.u_tree.held[43][5]$_DFFE_PP_/D (DFFHQNx1_ASAP7_75t_R) 1446.36 1462.24  -15.87 (VIOLATED)
u_e.g_mac[0].g_tr2.u_tree.x_above[1]$_DFF_P_/D (DFFHQNx1_ASAP7_75t_R) 1392.02 1407.89  -15.87 (VIOLATED)
u_e.g_mac[0].g_tr2.u_tree.add_a[15]$_DFF_P_/D (DFFHQNx1_ASAP7_75t_R) 1370.69 1386.55  -15.86 (VIOLATED)
u_e.g_mac[1].g_l2.u_l0.p2_c[147]$_DFF_P_/D (DFFHQNx1_ASAP7_75t_R) 1372.07 1387.89  -15.82 (VIOLATED)
u_e.g_mac[0].g_tr2.u_tree.held[39][12]$_DFFE_PP_/D (DFFHQNx1_ASAP7_75t_R) 1446.29 1462.08  -15.80 (VIOLATED)
u_e.g_mac[0].g_tr2.u_tree.held[79][5]$_DFFE_PP_/D (DFFHQNx1_ASAP7_75t_R) 1423.26 1439.04  -15.78 (VIOLATED)
u_e.g_mac[0].g_tr2.u_tree.held[39][5]$_DFFE_PP_/D (DFFHQNx1_ASAP7_75t_R) 1445.83 1461.58  -15.74 (VIOLATED)
u_e.g_mac[1].g_l2.u_l0.p2_c[206]$_DFF_P_/D (DFFHQNx1_ASAP7_75t_R) 1364.61 1380.33  -15.72 (VIOLATED)
u_e.g_mac[0].g_l2.u_l0.p1_sh[13][4]$_DFF_P_/D (DFFHQNx1_ASAP7_75t_R) 1358.68 1374.34  -15.67 (VIOLATED)
u_e.g_mac[0].g_tr2.u_tree.held[55][8]$_DFFE_PP_/D (DFFHQNx1_ASAP7_75t_R) 1439.44 1455.09  -15.65 (VIOLATED)
u_e.g_mac[1].g_ch2.u_c1.u_add.u_c8.g_r.r[31]$_DFF_P_/D (DFFHQNx1_ASAP7_75t_R) 1390.54 1406.17  -15.63 (VIOLATED)
u_e.g_mac[0].g_tr2.u_tree.held[39][1]$_DFFE_PP_/D (DFFHQNx1_ASAP7_75t_R) 1445.64 1461.23  -15.59 (VIOLATED)
u_e.g_mac[0].g_tr2.u_tree.held[17][20]$_DFFE_PP_/D (DFFHQNx1_ASAP7_75t_R) 1364.94 1380.51  -15.57 (VIOLATED)
u_e.i1_q0[193]$_DFF_P_/D (DFFHQNx1_ASAP7_75t_R) 1362.71 1378.25  -15.55 (VIOLATED)
u_e.g_mac[0].g_tr2.u_tree.x_oh[0]$_DFF_P_/D (DFFHQNx1_ASAP7_75t_R) 1393.68 1409.20  -15.52 (VIOLATED)
u_e.g_mac[0].g_tr2.u_tree.held[74][8]$_DFFE_PP_/D (DFFHQNx1_ASAP7_75t_R) 1426.07 1441.58  -15.51 (VIOLATED)
u_e.g_mac[0].g_tr2.u_tree.held[64][8]$_DFFE_PP_/D (DFFHQNx1_ASAP7_75t_R) 1421.09 1436.59  -15.50 (VIOLATED)
u_e.g_mac[0].g_tr2.u_tree.add_a[18]$_DFF_P_/D (DFFHQNx1_ASAP7_75t_R) 1370.70 1386.18  -15.48 (VIOLATED)
u_e.g_mac[0].g_tr2.u_tree.held[38][0]$_DFFE_PP_/D (DFFHQNx1_ASAP7_75t_R) 1397.69 1413.17  -15.48 (VIOLATED)
u_e.g_mac[0].g_tr2.u_tree.held[55][1]$_DFFE_PP_/D (DFFHQNx1_ASAP7_75t_R) 1439.98 1455.43  -15.45 (VIOLATED)
u_e.g_mac[0].g_tr2.u_tree.held[49][3]$_DFFE_PP_/D (DFFHQNx1_ASAP7_75t_R) 1423.95 1439.39  -15.44 (VIOLATED)
u_e.g_mac[0].g_tr2.u_tree.held[5][3]$_DFFE_PP_/D (DFFHQNx1_ASAP7_75t_R) 1437.88 1453.33  -15.44 (VIOLATED)
u_e.i1_q0[244]$_DFF_P_/D (DFFHQNx1_ASAP7_75t_R) 1364.31 1379.72  -15.41 (VIOLATED)
u_e.i1_q0[192]$_DFF_P_/D (DFFHQNx1_ASAP7_75t_R) 1361.53 1376.91  -15.38 (VIOLATED)
u_e.g_mac[1].g_l2.u_l1.p2_c[150]$_DFF_P_/D (DFFHQNx1_ASAP7_75t_R) 1361.82 1377.20  -15.38 (VIOLATED)
u_e.g_mac[1].g_l2.u_l1.p2_c[151]$_DFF_P_/D (DFFHQNx1_ASAP7_75t_R) 1362.63 1378.00  -15.37 (VIOLATED)
u_e.g_mac[0].g_l2.u_l1.p2_c[242]$_DFF_P_/D (DFFHQNx1_ASAP7_75t_R) 1402.88 1418.24  -15.36 (VIOLATED)
u_e.g_mac[0].g_tr2.u_tree.held[48][2]$_DFFE_PP_/D (DFFHQNx1_ASAP7_75t_R) 1417.74 1433.09  -15.36 (VIOLATED)
u_e.g_mac[0].g_tr2.u_tree.held[12][3]$_DFFE_PP_/D (DFFHQNx1_ASAP7_75t_R) 1439.55 1454.88  -15.33 (VIOLATED)
u_e.i1_q0[145]$_DFF_P_/D (DFFHQNx1_ASAP7_75t_R) 1369.67 1385.00  -15.33 (VIOLATED)
u_e.g_mac[0].g_tr2.u_tree.held[33][3]$_DFFE_PP_/D (DFFHQNx1_ASAP7_75t_R) 1424.23 1439.51  -15.28 (VIOLATED)
u_e.g_mac[1].g_l2.u_l0.p2_c[172]$_DFF_P_/D (DFFHQNx1_ASAP7_75t_R) 1362.88 1378.13  -15.26 (VIOLATED)
u_e.g_mac[0].g_l2.u_l0.p0_wq[7]$_SDFF_PP0_/D (DFFHQNx2_ASAP7_75t_R) 1368.60 1383.85  -15.24 (VIOLATED)
u_e.g_mac[1].g_l2.u_l1.p2_c[90]$_DFF_P_/D (DFFHQNx1_ASAP7_75t_R) 1356.98 1372.20  -15.22 (VIOLATED)
u_e.g_mac[0].g_tr2.u_tree.have[25]$_DFFE_PN0P_/D (DFFASRHQNx1_ASAP7_75t_R) 1389.71 1404.92  -15.20 (VIOLATED)
u_e.g_mac[1].g_l2.u_l1.p0_wq[66]$_DFF_P_/D (DFFHQNx2_ASAP7_75t_R) 1365.28 1380.48  -15.19 (VIOLATED)
u_e.g_mac[0].g_tr2.u_tree.held[47][1]$_DFFE_PP_/D (DFFHQNx1_ASAP7_75t_R) 1437.38 1452.50  -15.12 (VIOLATED)
u_e.g_mac[0].g_tr2.u_tree.held[62][3]$_DFFE_PP_/D (DFFHQNx1_ASAP7_75t_R) 1437.93 1453.03  -15.10 (VIOLATED)
u_e.g_mac[1].g_l2.u_l0.p1_p[4][5]$_DFF_P_/D (DFFHQNx1_ASAP7_75t_R) 1383.18 1398.26  -15.07 (VIOLATED)
u_e.g_mac[0].g_tr2.u_tree.held[62][10]$_DFFE_PP_/D (DFFHQNx1_ASAP7_75t_R) 1437.79 1452.83  -15.05 (VIOLATED)
u_e.g_mac[0].g_tr2.u_tree.held[43][11]$_DFFE_PP_/D (DFFHQNx1_ASAP7_75t_R) 1445.96 1460.97  -15.00 (VIOLATED)
u_e.g_mac[0].g_tr2.u_tree.held[59][4]$_DFFE_PP_/D (DFFHQNx1_ASAP7_75t_R) 1444.58 1459.53  -14.95 (VIOLATED)
u_e.g_mac[0].g_l2.u_l0.p1_p[18][4]$_DFF_P_/D (DFFHQNx1_ASAP7_75t_R) 1384.17 1399.11  -14.94 (VIOLATED)
u_e.g_mac[1].g_l2.u_l0.p1_sh[12][4]$_DFF_P_/D (DFFHQNx1_ASAP7_75t_R) 1352.54 1367.46  -14.92 (VIOLATED)
u_e.g_mac[1].g_l2.u_l1.p2_c[223]$_DFF_P_/D (DFFHQNx1_ASAP7_75t_R) 1372.32 1387.07  -14.75 (VIOLATED)
u_e.g_mac[0].g_tr2.u_tree.held[64][2]$_DFFE_PP_/D (DFFHQNx1_ASAP7_75t_R) 1421.36 1436.07  -14.71 (VIOLATED)
u_e.g_mac[1].g_l2.u_l0.p2_c[90]$_DFF_P_/D (DFFHQNx1_ASAP7_75t_R) 1361.79 1376.50  -14.71 (VIOLATED)
u_e.i1_q0[184]$_DFF_P_/D (DFFHQNx1_ASAP7_75t_R) 1366.83 1381.52  -14.69 (VIOLATED)
u_e.g_mac[0].g_l2.u_l1.p2_c[100]$_DFF_P_/D (DFFHQNx1_ASAP7_75t_R) 1376.48 1391.16  -14.68 (VIOLATED)
u_e.g_mac[0].g_tr2.u_tree.held[5][10]$_DFFE_PP_/D (DFFHQNx1_ASAP7_75t_R) 1438.51 1453.18  -14.68 (VIOLATED)
u_e.g_mac[0].g_tr2.u_tree.have[79]$_DFFE_PN0P_/D (DFFASRHQNx1_ASAP7_75t_R) 1386.53 1401.19  -14.66 (VIOLATED)
u_e.g_mac[0].g_tr2.u_tree.held[71][1]$_DFFE_PP_/D (DFFHQNx1_ASAP7_75t_R) 1445.88 1460.54  -14.65 (VIOLATED)
u_e.g_mac[0].g_l2.u_l0.p0_wq[10]$_DFF_P_/D (DFFHQNx2_ASAP7_75t_R) 1425.08 1439.73  -14.65 (VIOLATED)
u_e.g_mac[1].g_l2.u_l0.p2_c[233]$_DFF_P_/D (DFFHQNx1_ASAP7_75t_R) 1376.74 1391.36  -14.61 (VIOLATED)
u_e.g_mac[0].g_tr2.u_tree.held[21][14]$_DFFE_PP_/D (DFFHQNx1_ASAP7_75t_R) 1404.19 1418.78  -14.59 (VIOLATED)
u_e.g_mac[0].g_l2.u_l0.p0_wq[214]$_SDFF_PP0_/D (DFFHQNx1_ASAP7_75t_R) 1387.61 1402.20  -14.58 (VIOLATED)
u_e.g_mac[0].g_l2.u_l0.p2_c[248]$_DFF_P_/D (DFFHQNx1_ASAP7_75t_R) 1358.14 1372.68  -14.54 (VIOLATED)
u_e.g_mac[0].g_tr2.u_tree.x_above[4]$_DFF_P_/D (DFFHQNx1_ASAP7_75t_R) 1392.44 1406.97  -14.53 (VIOLATED)
u_e.g_mac[1].g_l2.u_l1.p2_c[162]$_DFF_P_/D (DFFHQNx1_ASAP7_75t_R) 1362.64 1377.16  -14.52 (VIOLATED)
u_e.g_mac[1].g_l2.u_l0.p2_c[235]$_DFF_P_/D (DFFHQNx1_ASAP7_75t_R) 1377.26 1391.77  -14.52 (VIOLATED)
u_e.g_mac[0].g_l2.u_l1.p5a_nm[14]$_DFF_P_/D (DFFHQNx1_ASAP7_75t_R) 1369.61 1384.11  -14.51 (VIOLATED)
u_e.g_mac[1].g_l2.u_l0.p0_wq[135]$_SDFF_PP0_/D (DFFHQNx1_ASAP7_75t_R) 1369.04 1383.55  -14.50 (VIOLATED)
u_e.g_mac[0].g_tr2.u_tree.held[50][5]$_DFFE_PP_/D (DFFHQNx1_ASAP7_75t_R) 1406.13 1420.62  -14.49 (VIOLATED)
u_e.g_mac[0].g_tr2.u_tree.held[30][1]$_DFFE_PP_/D (DFFHQNx1_ASAP7_75t_R) 1437.63 1452.11  -14.48 (VIOLATED)
u_e.g_mac[1].g_l2.u_l1.p0_we[4]$_DFF_P_/D (DFFHQNx1_ASAP7_75t_R) 1361.56 1376.03  -14.48 (VIOLATED)
u_e.g_mac[0].g_l2.u_l1.p0_wq[155]$_DFF_P_/D (DFFHQNx2_ASAP7_75t_R) 1388.10 1402.57  -14.47 (VIOLATED)
u_e.g_mac[1].g_l2.u_l0.p2_c[150]$_DFF_P_/D (DFFHQNx1_ASAP7_75t_R) 1374.15 1388.59  -14.43 (VIOLATED)
u_e.g_mac[0].g_l2.u_l1.p2_c[187]$_DFF_P_/D (DFFHQNx1_ASAP7_75t_R) 1388.05 1402.43  -14.38 (VIOLATED)
u_e.g_mac[0].g_tr2.u_tree.x_oh[22]$_DFF_P_/D (DFFHQNx1_ASAP7_75t_R) 1386.73 1401.06  -14.33 (VIOLATED)
u_e.g_mac[0].g_tr2.u_tree.held[50][9]$_DFFE_PP_/D (DFFHQNx1_ASAP7_75t_R) 1401.56 1415.89  -14.33 (VIOLATED)
u_e.g_mac[0].g_l2.u_l1.p2_c[142]$_DFF_P_/D (DFFHQNx1_ASAP7_75t_R) 1386.22 1400.52  -14.30 (VIOLATED)
u_e.i1_q0[64]$_DFF_P_/D (DFFHQNx1_ASAP7_75t_R) 1378.68 1392.97  -14.29 (VIOLATED)
u_e.g_mac[0].g_tr2.u_tree.held[55][12]$_DFFE_PP_/D (DFFHQNx1_ASAP7_75t_R) 1439.45 1453.71  -14.26 (VIOLATED)
u_e.g_mac[0].g_l2.u_l1.p5a_nm[11]$_DFF_P_/D (DFFHQNx1_ASAP7_75t_R) 1369.82 1384.04  -14.22 (VIOLATED)
u_e.g_mac[0].g_tr2.u_tree.x_oh[52]$_DFF_P_/D (DFFHQNx1_ASAP7_75t_R) 1391.69 1405.80  -14.11 (VIOLATED)
u_e.g_mac[1].g_l2.u_l1.p2_c[156]$_DFF_P_/D (DFFHQNx1_ASAP7_75t_R) 1360.98 1375.05  -14.07 (VIOLATED)
u_e.g_mac[0].g_l2.u_l1.p2_c[103]$_DFF_P_/D (DFFHQNx1_ASAP7_75t_R) 1380.77 1394.84  -14.07 (VIOLATED)
u_e.g_mac[0].g_l2.u_l1.p5a_nm[10]$_DFF_P_/D (DFFHQNx1_ASAP7_75t_R) 1369.60 1383.64  -14.04 (VIOLATED)
u_e.g_mac[0].g_tr2.u_tree.held[1][10]$_DFFE_PP_/D (DFFHQNx1_ASAP7_75t_R) 1437.45 1451.48  -14.03 (VIOLATED)
u_e.g_mac[0].g_l2.u_l1.p2_c[225]$_DFF_P_/D (DFFHQNx1_ASAP7_75t_R) 1368.43 1382.45  -14.02 (VIOLATED)
u_e.g_mac[0].g_tr2.u_tree.held[48][4]$_DFFE_PP_/D (DFFHQNx1_ASAP7_75t_R) 1443.76 1457.78  -14.02 (VIOLATED)
u_e.g_mac[1].g_tr2.u_tree.infl[6][0]$_DFF_PN0_/D (DFFASRHQNx1_ASAP7_75t_R) 1371.35 1385.33  -13.97 (VIOLATED)
u_e.g_mac[0].g_l2.u_l1.p2_c[115]$_DFF_P_/D (DFFHQNx1_ASAP7_75t_R) 1381.83 1395.79  -13.97 (VIOLATED)
u_e.g_mac[0].g_l2.u_l1.p2_c[6]$_DFF_P_/D (DFFHQNx1_ASAP7_75t_R) 1371.25 1385.19  -13.94 (VIOLATED)
u_e.g_mac[0].g_tr2.u_tree.held[21][4]$_DFFE_PP_/D (DFFHQNx1_ASAP7_75t_R) 1406.00 1419.94  -13.94 (VIOLATED)
u_e.g_mac[1].g_l2.u_l0.p2_c[204]$_DFF_P_/D (DFFHQNx1_ASAP7_75t_R) 1363.96 1377.88  -13.92 (VIOLATED)
u_e.g_mac[0].g_tr2.u_tree.have[18]$_DFFE_PN0P_/D (DFFASRHQNx1_ASAP7_75t_R) 1387.20 1401.10  -13.89 (VIOLATED)
u_e.g_mac[0].g_l2.u_l0.p2_c[171]$_DFF_P_/D (DFFHQNx1_ASAP7_75t_R) 1375.37 1389.24  -13.87 (VIOLATED)
u_e.g_mac[0].g_tr2.u_tree.held[29][4]$_DFFE_PP_/D (DFFHQNx1_ASAP7_75t_R) 1405.94 1419.78  -13.84 (VIOLATED)
u_e.g_mac[0].g_tr2.u_tree.held[3][3]$_DFFE_PP_/D (DFFHQNx1_ASAP7_75t_R) 1424.20 1438.04  -13.83 (VIOLATED)
u_e.g_mac[0].g_l2.u_l1.p2_c[3]$_DFF_P_/D (DFFHQNx1_ASAP7_75t_R) 1373.50 1387.31  -13.81 (VIOLATED)
u_e.g_mac[0].g_tr2.u_tree.held[52][9]$_DFFE_PP_/D (DFFHQNx1_ASAP7_75t_R) 1365.36 1379.17  -13.81 (VIOLATED)
u_e.g_mac[0].g_tr2.u_tree.ov$_DFF_PN0_/D (DFFASRHQNx1_ASAP7_75t_R) 1357.72 1371.52  -13.80 (VIOLATED)
u_e.g_mac[1].g_l2.u_l0.p2_c[245]$_DFF_P_/D (DFFHQNx1_ASAP7_75t_R) 1376.61 1390.36  -13.75 (VIOLATED)
u_e.i1_q0[188]$_DFF_P_/D (DFFHQNx1_ASAP7_75t_R) 1359.59 1373.32  -13.72 (VIOLATED)
u_e.g_mac[0].g_tr2.u_tree.held[61][1]$_DFFE_PP_/D (DFFHQNx1_ASAP7_75t_R) 1437.39 1451.11  -13.72 (VIOLATED)
u_e.g_mac[0].g_tr2.u_tree.held[78][3]$_DFFE_PP_/D (DFFHQNx1_ASAP7_75t_R) 1437.21 1450.93  -13.71 (VIOLATED)
u_e.g_mac[0].g_tr2.u_tree.held[78][1]$_DFFE_PP_/D (DFFHQNx1_ASAP7_75t_R) 1437.47 1451.16  -13.70 (VIOLATED)
u_e.i1_q0[186]$_DFF_P_/D (DFFHQNx1_ASAP7_75t_R) 1367.55 1381.24  -13.68 (VIOLATED)
u_e.g_mac[0].g_l2.u_l0.p0_wq[11]$_DFF_P_/D (DFFHQNx2_ASAP7_75t_R) 1425.33 1438.98  -13.64 (VIOLATED)
u_e.w_c[2]$_DFFE_PP_/D (DFFHQNx2_ASAP7_75t_R) 1395.84 1409.47  -13.62 (VIOLATED)
u_e.g_mac[1].g_l2.u_l0.p2_c[222]$_DFF_P_/D (DFFHQNx1_ASAP7_75t_R) 1360.66 1374.28  -13.62 (VIOLATED)
u_e.g_mac[0].g_l2.u_l0.p1_sh[18][4]$_DFF_P_/D (DFFHQNx1_ASAP7_75t_R) 1363.93 1377.53  -13.61 (VIOLATED)
u_e.g_mac[0].g_tr2.u_tree.held[37][8]$_DFFE_PP_/D (DFFHQNx1_ASAP7_75t_R) 1439.89 1453.45  -13.56 (VIOLATED)
u_e.g_mac[0].g_tr2.u_tree.held[50][20]$_DFFE_PP_/D (DFFHQNx1_ASAP7_75t_R) 1367.08 1380.63  -13.54 (VIOLATED)
u_e.g_mac[1].g_l2.u_l1.p2_c[242]$_DFF_P_/D (DFFHQNx1_ASAP7_75t_R) 1374.71 1388.25  -13.54 (VIOLATED)
u_e.g_mac[0].g_l2.u_l1.p2_c[226]$_DFF_P_/D (DFFHQNx1_ASAP7_75t_R) 1374.86 1388.38  -13.52 (VIOLATED)
u_e.g_mac[0].g_tr2.u_tree.held[37][3]$_DFFE_PP_/D (DFFHQNx1_ASAP7_75t_R) 1440.33 1453.85  -13.52 (VIOLATED)
u_e.g_mac[1].g_pp.cap0[23]$_DFFE_PP_/D (DFFHQNx1_ASAP7_75t_R) 1446.03 1459.54  -13.51 (VIOLATED)
u_e.g_mac[0].g_l2.u_l1.p2_c[192]$_DFF_P_/D (DFFHQNx1_ASAP7_75t_R) 1403.04 1416.54  -13.50 (VIOLATED)
u_e.g_mac[0].g_tr2.u_tree.held[37][1]$_DFFE_PP_/D (DFFHQNx1_ASAP7_75t_R) 1440.48 1453.98  -13.50 (VIOLATED)
u_e.g_mac[0].g_tr2.u_tree.held[79][3]$_DFFE_PP_/D (DFFHQNx1_ASAP7_75t_R) 1424.25 1437.69  -13.44 (VIOLATED)
u_e.g_mac[0].g_l2.u_l1.p2_c[189]$_DFF_P_/D (DFFHQNx1_ASAP7_75t_R) 1365.43 1378.86  -13.43 (VIOLATED)
u_e.g_mac[0].g_tr2.u_tree.held[37][12]$_DFFE_PP_/D (DFFHQNx1_ASAP7_75t_R) 1441.24 1454.66  -13.42 (VIOLATED)
u_e.g_mac[0].g_tr2.u_tree.held[50][7]$_DFFE_PP_/D (DFFHQNx1_ASAP7_75t_R) 1405.03 1418.43  -13.39 (VIOLATED)
u_e.i1_q0[190]$_DFF_P_/D (DFFHQNx1_ASAP7_75t_R) 1360.65 1373.96  -13.31 (VIOLATED)
u_e.g_mac[1].g_l2.u_l1.p2_c[82]$_DFF_P_/D (DFFHQNx1_ASAP7_75t_R) 1361.27 1374.53  -13.26 (VIOLATED)
u_e.g_mac[0].g_tr2.u_tree.held[34][10]$_DFFE_PP_/D (DFFHQNx1_ASAP7_75t_R) 1436.94 1450.19  -13.25 (VIOLATED)
u_e.g_mac[0].g_l2.u_l0.p1_p[14][1]$_DFF_P_/D (DFFHQNx1_ASAP7_75t_R) 1361.18 1374.42  -13.24 (VIOLATED)
u_e.g_mac[0].g_tr2.u_tree.held[71][5]$_DFFE_PP_/D (DFFHQNx1_ASAP7_75t_R) 1446.31 1459.54  -13.23 (VIOLATED)
u_e.g_mac[1].g_l2.u_l1.p2_c[141]$_DFF_P_/D (DFFHQNx1_ASAP7_75t_R) 1357.08 1370.30  -13.22 (VIOLATED)
u_e.g_mac[1].g_pp.u_rom0/ce_in (ot_rom_4096x274_m8) 1349.05 1362.24  -13.19 (VIOLATED)
u_e.g_mac[0].g_tr2.u_tree.held[4][12]$_DFFE_PP_/D (DFFHQNx1_ASAP7_75t_R) 1441.68 1454.80  -13.13 (VIOLATED)
u_e.i1_q0[129]$_DFF_P_/D (DFFHQNx1_ASAP7_75t_R) 1370.13 1383.24  -13.12 (VIOLATED)
u_e.g_mac[0].g_tr2.u_tree.held[12][4]$_DFFE_PP_/D (DFFHQNx1_ASAP7_75t_R) 1425.17 1438.23  -13.06 (VIOLATED)
u_e.g_mac[0].g_tr2.u_tree.held[8][1]$_DFFE_PP_/D (DFFHQNx1_ASAP7_75t_R) 1446.01 1459.00  -12.99 (VIOLATED)
u_e.g_mac[1].g_l2.u_l0.p1_sh[24][2]$_DFF_P_/D (DFFHQNx1_ASAP7_75t_R) 1378.77 1391.73  -12.96 (VIOLATED)
u_e.g_mac[0].g_l2.u_l1.p0_wq[16]$_DFF_P_/D (DFFHQNx1_ASAP7_75t_R) 1386.39 1399.34  -12.95 (VIOLATED)
u_e.g_mac[1].g_pp.cap0[30]$_DFFE_PP_/D (DFFHQNx1_ASAP7_75t_R) 1396.48 1409.43  -12.95 (VIOLATED)
u_e.g_mac[0].g_l2.u_l0.p1_sh[24][4]$_DFF_P_/D (DFFHQNx1_ASAP7_75t_R) 1352.37 1365.31  -12.94 (VIOLATED)
u_e.g_mac[0].g_tr2.u_tree.held[22][10]$_DFFE_PP_/D (DFFHQNx1_ASAP7_75t_R) 1437.70 1450.62  -12.92 (VIOLATED)
u_e.g_mac[1].g_ch2.u_c0.u_add.u_c0.g_r.r[34]$_DFF_P_/D (DFFHQNx1_ASAP7_75t_R) 1374.11 1387.01  -12.90 (VIOLATED)
u_e.i1_q0[185]$_DFF_P_/D (DFFHQNx1_ASAP7_75t_R) 1366.95 1379.75  -12.80 (VIOLATED)
u_e.g_mac[0].g_tr2.u_tree.held[70][10]$_DFFE_PP_/D (DFFHQNx1_ASAP7_75t_R) 1439.42 1452.20  -12.78 (VIOLATED)
u_e.g_mac[0].g_tr2.u_tree.have[22]$_DFFE_PN0P_/D (DFFASRHQNx1_ASAP7_75t_R) 1383.73 1396.49  -12.76 (VIOLATED)
u_e.g_mac[0].g_tr2.u_tree.held[25][8]$_DFFE_PP_/D (DFFHQNx1_ASAP7_75t_R) 1439.89 1452.62  -12.72 (VIOLATED)
u_e.g_mac[0].g_tr2.u_tree.x_oh[72]$_DFF_P_/D (DFFHQNx1_ASAP7_75t_R) 1392.04 1404.74  -12.70 (VIOLATED)
u_e.g_mac[0].g_tr2.u_tree.held[71][12]$_DFFE_PP_/D (DFFHQNx1_ASAP7_75t_R) 1446.49 1459.17  -12.68 (VIOLATED)
u_e.i1_q0[189]$_DFF_P_/D (DFFHQNx1_ASAP7_75t_R) 1360.15 1372.82  -12.67 (VIOLATED)
u_e.g_mac[1].g_l2.u_l1.p2_c[143]$_DFF_P_/D (DFFHQNx1_ASAP7_75t_R) 1360.03 1372.71  -12.67 (VIOLATED)
u_e.i1_q0[26]$_DFF_P_/D (DFFHQNx1_ASAP7_75t_R) 1375.79 1388.41  -12.62 (VIOLATED)
u_e.g_mac[1].g_ch2.u_c1.u_add.u_c6.g_r.r[0]$_SDFF_PN0_/D (DFFHQNx2_ASAP7_75t_R) 1369.69 1382.30  -12.61 (VIOLATED)
u_e.g_mac[1].g_l2.u_l0.p2_c[208]$_DFF_P_/D (DFFHQNx1_ASAP7_75t_R) 1366.02 1378.59  -12.57 (VIOLATED)
u_e.i1_q0[194]$_DFF_P_/D (DFFHQNx1_ASAP7_75t_R) 1362.43 1375.00  -12.56 (VIOLATED)
u_e.g_mac[0].g_tr2.u_tree.held[62][1]$_DFFE_PP_/D (DFFHQNx1_ASAP7_75t_R) 1437.24 1449.75  -12.51 (VIOLATED)
prow[20] (output)                     966.00  978.50  -12.50 (VIOLATED)
pseg[7] (output)                      966.00  978.45  -12.45 (VIOLATED)
u_e.g_mac[0].g_tr2.u_tree.held[63][1]$_DFFE_PP_/D (DFFHQNx1_ASAP7_75t_R) 1437.78 1450.22  -12.45 (VIOLATED)
u_e.g_mac[1].g_l2.u_l0.p1_sh[1][2]$_DFF_P_/D (DFFHQNx1_ASAP7_75t_R) 1379.26 1391.70  -12.43 (VIOLATED)
u_e.g_mac[0].g_tr2.u_tree.have[26]$_DFFE_PN0P_/D (DFFASRHQNx1_ASAP7_75t_R) 1389.25 1401.67  -12.42 (VIOLATED)
u_e.g_mac[0].g_tr2.u_tree.held[64][4]$_DFFE_PP_/D (DFFHQNx1_ASAP7_75t_R) 1423.98 1436.38  -12.40 (VIOLATED)
u_e.g_mac[0].g_tr2.u_tree.x_oh[59]$_DFF_P_/D (DFFHQNx1_ASAP7_75t_R) 1391.83 1404.20  -12.37 (VIOLATED)
u_e.g_mac[1].g_l2.u_l1.p2_c[200]$_DFF_P_/D (DFFHQNx1_ASAP7_75t_R) 1366.48 1378.85  -12.37 (VIOLATED)
u_e.g_mac[0].g_tr2.u_tree.held[75][8]$_DFFE_PP_/D (DFFHQNx1_ASAP7_75t_R) 1439.36 1451.72  -12.36 (VIOLATED)
u_e.g_mac[0].g_l2.u_l1.p2_c[102]$_DFF_P_/D (DFFHQNx1_ASAP7_75t_R) 1386.34 1398.69  -12.35 (VIOLATED)
u_e.g_mac[0].g_tr2.u_tree.held[28][31]$_DFFE_PP_/D (DFFHQNx1_ASAP7_75t_R) 1424.15 1436.50  -12.35 (VIOLATED)
u_e.g_mac[0].g_tr2.u_tree.held[25][0]$_DFFE_PP_/D (DFFHQNx1_ASAP7_75t_R) 1418.60 1430.95  -12.35 (VIOLATED)
u_e.g_mac[1].g_l2.u_l0.p1_p[19][3]$_DFF_P_/D (DFFHQNx1_ASAP7_75t_R) 1365.45 1377.79  -12.34 (VIOLATED)
u_e.g_mac[1].g_pa2.u_pair.u_c6.g_r.r[4]$_SDFF_PN0_/D (DFFHQNx1_ASAP7_75t_R) 1355.57 1367.89  -12.32 (VIOLATED)
u_e.g_mac[0].g_tr2.u_tree.held[25][3]$_DFFE_PP_/D (DFFHQNx1_ASAP7_75t_R) 1440.79 1453.06  -12.27 (VIOLATED)
u_e.g_mac[0].g_tr2.u_tree.held[5][1]$_DFFE_PP_/D (DFFHQNx1_ASAP7_75t_R) 1446.43 1458.69  -12.27 (VIOLATED)
u_e.g_mac[0].g_tr2.u_tree.have[23]$_DFFE_PN0P_/D (DFFASRHQNx1_ASAP7_75t_R) 1386.73 1398.99  -12.27 (VIOLATED)
u_e.g_mac[1].g_l2.u_l0.p2_c[146]$_DFF_P_/D (DFFHQNx1_ASAP7_75t_R) 1375.28 1387.51  -12.23 (VIOLATED)
u_e.g_mac[0].g_l2.u_l1.p2_c[53]$_DFF_P_/D (DFFHQNx1_ASAP7_75t_R) 1371.58 1383.80  -12.22 (VIOLATED)
u_e.g_mac[0].g_tr2.u_tree.held[50][6]$_DFFE_PP_/D (DFFHQNx1_ASAP7_75t_R) 1404.61 1416.83  -12.22 (VIOLATED)
u_e.g_mac[0].g_tr2.u_tree.held[41][10]$_DFFE_PP_/D (DFFHQNx1_ASAP7_75t_R) 1439.62 1451.83  -12.21 (VIOLATED)
u_e.g_mac[0].g_l2.u_l1.p2_c[20]$_DFF_P_/D (DFFHQNx1_ASAP7_75t_R) 1376.22 1388.32  -12.10 (VIOLATED)
u_e.g_mac[0].g_tr2.u_tree.held[48][12]$_DFFE_PP_/D (DFFHQNx1_ASAP7_75t_R) 1445.29 1457.37  -12.08 (VIOLATED)
u_e.g_mac[0].g_l2.u_l1.p2_c[223]$_DFF_P_/D (DFFHQNx1_ASAP7_75t_R) 1367.45 1379.53  -12.08 (VIOLATED)
u_e.i1_q0[7]$_DFF_P_/D (DFFHQNx1_ASAP7_75t_R) 1383.53 1395.60  -12.07 (VIOLATED)
u_e.g_mac[0].g_tr2.u_tree.held[28][27]$_DFFE_PP_/D (DFFHQNx1_ASAP7_75t_R) 1368.54 1380.60  -12.06 (VIOLATED)
u_e.g_mac[0].g_l2.u_l1.p2_c[28]$_DFF_P_/D (DFFHQNx1_ASAP7_75t_R) 1381.94 1393.97  -12.04 (VIOLATED)
u_e.g_mac[0].g_tr2.u_tree.held[7][12]$_DFFE_PP_/D (DFFHQNx1_ASAP7_75t_R) 1439.19 1451.22  -12.03 (VIOLATED)
u_e.g_mac[0].g_tr2.u_tree.have[77]$_DFFE_PN0P_/D (DFFASRHQNx1_ASAP7_75t_R) 1386.77 1398.79  -12.02 (VIOLATED)
u_e.g_mac[0].g_tr2.u_tree.held[7][10]$_DFFE_PP_/D (DFFHQNx1_ASAP7_75t_R) 1439.49 1451.50  -12.01 (VIOLATED)
u_e.g_mac[0].g_tr2.u_tree.held[11][3]$_DFFE_PP_/D (DFFHQNx1_ASAP7_75t_R) 1440.67 1452.67  -12.00 (VIOLATED)
u_e.g_mac[0].g_l2.u_l1.p2_c[116]$_DFF_P_/D (DFFHQNx1_ASAP7_75t_R) 1382.54 1394.51  -11.97 (VIOLATED)
u_e.g_mac[0].g_tr2.u_tree.held[9][12]$_DFFE_PP_/D (DFFHQNx1_ASAP7_75t_R) 1444.55 1456.51  -11.96 (VIOLATED)
u_e.g_mac[0].g_tr2.u_tree.held[47][5]$_DFFE_PP_/D (DFFHQNx1_ASAP7_75t_R) 1439.31 1451.26  -11.95 (VIOLATED)
u_e.g_mac[1].g_l2.u_l0.p1_p[14][2]$_DFF_P_/D (DFFHQNx1_ASAP7_75t_R) 1363.92 1375.86  -11.95 (VIOLATED)
u_e.i1_q0[201]$_DFF_P_/D (DFFHQNx1_ASAP7_75t_R) 1363.51 1375.41  -11.90 (VIOLATED)
u_e.g_mac[0].g_l2.u_l1.p5a_nm[25]$_DFF_P_/D (DFFHQNx1_ASAP7_75t_R) 1362.27 1374.16  -11.89 (VIOLATED)
u_e.g_mac[0].g_tr2.u_tree.held[50][14]$_DFFE_PP_/D (DFFHQNx1_ASAP7_75t_R) 1366.85 1378.72  -11.87 (VIOLATED)
u_e.g_mac[1].g_l2.u_l0.p2_c[243]$_DFF_P_/D (DFFHQNx1_ASAP7_75t_R) 1379.50 1391.34  -11.84 (VIOLATED)
u_e.g_mac[1].g_l2.u_l1.p2_c[187]$_DFF_P_/D (DFFHQNx1_ASAP7_75t_R) 1362.35 1374.16  -11.81 (VIOLATED)
u_e.g_mac[1].g_l2.u_l1.p2_c[80]$_DFF_P_/D (DFFHQNx1_ASAP7_75t_R) 1358.25 1370.04  -11.79 (VIOLATED)
u_e.g_mac[0].g_tr2.u_tree.held[25][10]$_DFFE_PP_/D (DFFHQNx1_ASAP7_75t_R) 1440.73 1452.50  -11.77 (VIOLATED)
u_e.i1_q0[214]$_DFF_P_/D (DFFHQNx1_ASAP7_75t_R) 1361.22 1372.94  -11.72 (VIOLATED)
u_e.g_mac[0].g_l2.u_l0.p2_c[229]$_DFF_P_/D (DFFHQNx1_ASAP7_75t_R) 1374.72 1386.40  -11.68 (VIOLATED)
u_e.i1_q0[196]$_DFF_P_/D (DFFHQNx1_ASAP7_75t_R) 1362.28 1373.96  -11.67 (VIOLATED)
u_e.g_mac[1].g_l2.u_l0.p0_wq[63]$_SDFF_PP0_/D (DFFHQNx2_ASAP7_75t_R) 1339.00 1350.66  -11.67 (VIOLATED)
u_e.g_mac[0].g_tr2.u_tree.held[64][12]$_DFFE_PP_/D (DFFHQNx1_ASAP7_75t_R) 1439.15 1450.80  -11.66 (VIOLATED)
u_e.g_mac[0].g_tr2.u_tree.held[58][10]$_DFFE_PP_/D (DFFHQNx1_ASAP7_75t_R) 1437.66 1449.30  -11.64 (VIOLATED)
u_e.g_mac[1].g_pa2.u_pair.u_c6.g_r.r[1]$_SDFF_PN0_/D (DFFHQNx1_ASAP7_75t_R) 1355.63 1367.26  -11.63 (VIOLATED)
u_e.g_mac[0].g_tr2.u_tree.held[46][5]$_DFFE_PP_/D (DFFHQNx1_ASAP7_75t_R) 1443.80 1455.40  -11.60 (VIOLATED)
u_e.g_mac[0].g_l2.u_l1.p2_c[22]$_DFF_P_/D (DFFHQNx1_ASAP7_75t_R) 1375.94 1387.53  -11.59 (VIOLATED)
u_e.g_mac[0].g_tr2.u_tree.held[12][1]$_DFFE_PP_/D (DFFHQNx1_ASAP7_75t_R) 1445.92 1457.49  -11.57 (VIOLATED)
u_e.g_mac[0].g_tr2.u_tree.held[61][10]$_DFFE_PP_/D (DFFHQNx1_ASAP7_75t_R) 1439.04 1450.56  -11.52 (VIOLATED)
u_e.g_mac[0].g_tr2.u_tree.held[10][8]$_DFFE_PP_/D (DFFHQNx1_ASAP7_75t_R) 1421.57 1433.08  -11.51 (VIOLATED)
u_e.g_mac[0].g_tr2.u_tree.held[49][11]$_DFFE_PP_/D (DFFHQNx1_ASAP7_75t_R) 1438.74 1450.18  -11.44 (VIOLATED)
u_e.g_mac[0].g_tr2.u_tree.held[20][10]$_DFFE_PP_/D (DFFHQNx1_ASAP7_75t_R) 1437.11 1448.51  -11.40 (VIOLATED)
u_e.g_mac[1].g_ch2.u_c0.u_add.u_c0.g_r.r[33]$_DFF_P_/D (DFFHQNx1_ASAP7_75t_R) 1358.37 1369.73  -11.36 (VIOLATED)
u_e.g_mac[0].g_tr2.u_tree.held[75][3]$_DFFE_PP_/D (DFFHQNx1_ASAP7_75t_R) 1440.57 1451.91  -11.35 (VIOLATED)
u_e.g_mac[0].g_tr2.u_tree.held[14][10]$_DFFE_PP_/D (DFFHQNx1_ASAP7_75t_R) 1437.42 1448.74  -11.32 (VIOLATED)
u_e.g_mac[1].g_l2.u_l0.p1_p[14][1]$_DFF_P_/D (DFFHQNx1_ASAP7_75t_R) 1351.09 1362.41  -11.32 (VIOLATED)
u_e.g_mac[0].g_tr2.u_tree.held[44][10]$_DFFE_PP_/D (DFFHQNx1_ASAP7_75t_R) 1437.45 1448.76  -11.31 (VIOLATED)
u_e.g_mac[0].g_tr2.u_tree.held[71][10]$_DFFE_PP_/D (DFFHQNx1_ASAP7_75t_R) 1447.07 1458.37  -11.30 (VIOLATED)
u_e.g_mac[0].g_tr2.u_tree.held[61][8]$_DFFE_PP_/D (DFFHQNx1_ASAP7_75t_R) 1439.32 1450.58  -11.27 (VIOLATED)
u_e.g_mac[0].g_l2.u_l1.p0_wq[18]$_DFF_P_/D (DFFHQNx1_ASAP7_75t_R) 1385.88 1397.15  -11.26 (VIOLATED)
u_e.g_mac[0].g_tr2.u_tree.held[46][12]$_DFFE_PP_/D (DFFHQNx1_ASAP7_75t_R) 1444.15 1455.40  -11.25 (VIOLATED)
u_e.g_mac[0].g_tr2.u_tree.held[46][13]$_DFFE_PP_/D (DFFHQNx1_ASAP7_75t_R) 1366.42 1377.64  -11.22 (VIOLATED)
pseg[2] (output)                      966.00  977.20  -11.20 (VIOLATED)
u_e.g_mac[0].g_tr2.u_tree.held[28][11]$_DFFE_PP_/D (DFFHQNx1_ASAP7_75t_R) 1423.71 1434.85  -11.15 (VIOLATED)
u_e.g_mac[0].g_tr2.u_tree.held[36][4]$_DFFE_PP_/D (DFFHQNx1_ASAP7_75t_R) 1444.78 1455.93  -11.14 (VIOLATED)
u_e.g_mac[0].g_l2.u_l0.p0_wq[8]$_DFF_P_/D (DFFHQNx2_ASAP7_75t_R) 1425.35 1436.49  -11.14 (VIOLATED)
u_e.g_mac[0].g_l2.u_l0.p1_sh[21][4]$_DFF_P_/D (DFFHQNx1_ASAP7_75t_R) 1353.76 1364.87  -11.11 (VIOLATED)
u_e.i1_e0[5]$_DFF_P_/D (DFFHQNx1_ASAP7_75t_R) 1377.26 1388.35  -11.09 (VIOLATED)
u_e.g_mac[0].g_tr2.u_tree.held[36][12]$_DFFE_PP_/D (DFFHQNx1_ASAP7_75t_R) 1446.14 1457.21  -11.07 (VIOLATED)
u_e.i1_q0[115]$_DFF_P_/D (DFFHQNx1_ASAP7_75t_R) 1385.39 1396.45  -11.05 (VIOLATED)
u_e.g_mac[0].g_l2.u_l0.p0_wq[179]$_DFF_P_/D (DFFHQNx1_ASAP7_75t_R) 1377.17 1388.21  -11.03 (VIOLATED)
u_e.g_mac[0].g_l2.u_l0.p1_p[6][3]$_DFF_P_/D (DFFHQNx1_ASAP7_75t_R) 1366.69 1377.70  -11.01 (VIOLATED)
u_e.g_mac[1].g_l2.u_l0.p1_sh[12][2]$_DFF_P_/D (DFFHQNx1_ASAP7_75t_R) 1359.87 1370.84  -10.97 (VIOLATED)
u_e.g_mac[0].g_ch2.u_c0.u_add.u_c0.g_r.r[32]$_DFF_P_/D (DFFHQNx1_ASAP7_75t_R) 1382.57 1393.52  -10.95 (VIOLATED)
u_e.g_mac[0].g_tr2.u_tree.x_oh[74]$_DFF_P_/D (DFFHQNx1_ASAP7_75t_R) 1393.35 1404.22  -10.87 (VIOLATED)
u_e.g_mac[0].g_tr2.u_tree.held[27][8]$_DFFE_PP_/D (DFFHQNx1_ASAP7_75t_R) 1440.07 1450.93  -10.86 (VIOLATED)
u_e.g_mac[0].g_tr2.u_tree.have[0]$_DFFE_PN0P_/D (DFFASRHQNx1_ASAP7_75t_R) 1387.59 1398.41  -10.83 (VIOLATED)
u_e.g_mac[0].g_tr2.u_tree.held[10][5]$_DFFE_PP_/D (DFFHQNx1_ASAP7_75t_R) 1423.37 1434.17  -10.80 (VIOLATED)
u_e.g_mac[0].g_tr2.u_tree.held[46][25]$_DFFE_PP_/D (DFFHQNx1_ASAP7_75t_R) 1366.95 1377.73  -10.78 (VIOLATED)
u_e.g_mac[1].g_l2.u_l0.p2_c[226]$_DFF_P_/D (DFFHQNx1_ASAP7_75t_R) 1373.93 1384.69  -10.77 (VIOLATED)
u_e.g_mac[0].g_tr2.u_tree.held[44][3]$_DFFE_PP_/D (DFFHQNx1_ASAP7_75t_R) 1437.96 1448.71  -10.75 (VIOLATED)
u_e.g_mac[0].g_tr2.u_tree.held[39][2]$_DFFE_PP_/D (DFFHQNx1_ASAP7_75t_R) 1424.71 1435.44  -10.73 (VIOLATED)
u_e.g_mac[0].g_tr2.u_tree.held[64][3]$_DFFE_PP_/D (DFFHQNx1_ASAP7_75t_R) 1440.90 1451.62  -10.72 (VIOLATED)
u_e.g_mac[1].g_l2.u_l1.p2_c[241]$_DFF_P_/D (DFFHQNx1_ASAP7_75t_R) 1374.65 1385.36  -10.71 (VIOLATED)
u_e.i1_q0[142]$_DFF_P_/D (DFFHQNx1_ASAP7_75t_R) 1370.48 1381.19  -10.71 (VIOLATED)
u_e.g_mac[1].g_l2.u_l1.p0_wq[242]$_DFF_P_/D (DFFHQNx1_ASAP7_75t_R) 1348.15 1358.86  -10.71 (VIOLATED)
u_e.g_mac[0].g_tr2.u_tree.held[63][8]$_DFFE_PP_/D (DFFHQNx1_ASAP7_75t_R) 1439.28 1449.96  -10.69 (VIOLATED)
u_e.g_mac[0].g_tr2.u_tree.held[45][10]$_DFFE_PP_/D (DFFHQNx1_ASAP7_75t_R) 1437.43 1448.11  -10.68 (VIOLATED)
u_e.g_mac[0].g_tr2.u_tree.held[44][12]$_DFFE_PP_/D (DFFHQNx1_ASAP7_75t_R) 1423.39 1434.07  -10.68 (VIOLATED)
u_e.i1_q0[232]$_DFF_P_/D (DFFHQNx1_ASAP7_75t_R) 1364.34 1375.01  -10.67 (VIOLATED)
u_e.g_mac[0].g_l2.u_l0.p1_sh[3][1]$_DFF_P_/D (DFFHQNx1_ASAP7_75t_R) 1380.22 1390.89  -10.66 (VIOLATED)
pnseg[0] (output)                     966.00  976.64  -10.64 (VIOLATED)
u_e.g_mac[0].g_tr2.u_tree.held[47][4]$_DFFE_PP_/D (DFFHQNx1_ASAP7_75t_R) 1425.81 1436.40  -10.59 (VIOLATED)
u_e.g_mac[0].g_tr2.u_tree.held[4][5]$_DFFE_PP_/D (DFFHQNx1_ASAP7_75t_R) 1443.10 1453.68  -10.58 (VIOLATED)
u_e.g_mac[0].g_tr2.u_tree.have[46]$_DFFE_PN0P_/D (DFFASRHQNx1_ASAP7_75t_R) 1387.78 1398.34  -10.56 (VIOLATED)
u_e.i1_q0[149]$_DFF_P_/D (DFFHQNx1_ASAP7_75t_R) 1386.75 1397.30  -10.54 (VIOLATED)
u_e.g_mac[1].g_l2.u_l0.p1_sh[29][4]$_DFF_P_/D (DFFHQNx1_ASAP7_75t_R) 1358.61 1369.03  -10.42 (VIOLATED)
u_e.g_mac[0].g_l2.u_l1.p2_c[60]$_DFF_P_/D (DFFHQNx1_ASAP7_75t_R) 1389.14 1399.55  -10.41 (VIOLATED)
u_e.i1_q0[209]$_DFF_P_/D (DFFHQNx1_ASAP7_75t_R) 1363.39 1373.77  -10.38 (VIOLATED)
u_e.g_mac[0].g_tr2.u_tree.held[74][31]$_DFFE_PP_/D (DFFHQNx1_ASAP7_75t_R) 1424.03 1434.37  -10.34 (VIOLATED)
u_e.g_mac[0].g_tr2.u_tree.held[61][11]$_DFFE_PP_/D (DFFHQNx1_ASAP7_75t_R) 1424.09 1434.42  -10.34 (VIOLATED)
u_e.i1_q0[118]$_DFF_P_/D (DFFHQNx1_ASAP7_75t_R) 1387.16 1397.39  -10.22 (VIOLATED)
u_e.g_mac[0].g_tr2.u_tree.held[45][3]$_DFFE_PP_/D (DFFHQNx1_ASAP7_75t_R) 1436.85 1447.07  -10.22 (VIOLATED)
u_e.g_mac[0].g_tr2.u_tree.held[64][10]$_DFFE_PP_/D (DFFHQNx1_ASAP7_75t_R) 1439.19 1449.40  -10.20 (VIOLATED)
u_e.g_mac[0].g_tr2.u_tree.held[25][12]$_DFFE_PP_/D (DFFHQNx1_ASAP7_75t_R) 1438.90 1449.07  -10.16 (VIOLATED)
u_e.g_mac[0].g_l2.u_l1.p0_wq[17]$_DFF_P_/D (DFFHQNx1_ASAP7_75t_R) 1387.26 1397.41  -10.15 (VIOLATED)
u_e.g_mac[1].g_pp.cap0[74]$_DFFE_PP_/D (DFFHQNx1_ASAP7_75t_R) 1396.75 1406.88  -10.13 (VIOLATED)
u_e.g_mac[0].g_tr2.u_tree.held[10][11]$_DFFE_PP_/D (DFFHQNx1_ASAP7_75t_R) 1423.17 1433.28  -10.11 (VIOLATED)
u_e.i1_q0[233]$_DFF_P_/D (DFFHQNx1_ASAP7_75t_R) 1364.54 1374.65  -10.11 (VIOLATED)
u_e.g_mac[0].g_tr2.u_tree.held[12][12]$_DFFE_PP_/D (DFFHQNx1_ASAP7_75t_R) 1446.21 1456.31  -10.09 (VIOLATED)
u_e.g_mac[0].g_tr2.u_tree.held[55][10]$_DFFE_PP_/D (DFFHQNx1_ASAP7_75t_R) 1443.04 1453.10  -10.07 (VIOLATED)
u_e.i1_q0[47]$_DFF_P_/D (DFFHQNx1_ASAP7_75t_R) 1377.71 1387.78  -10.06 (VIOLATED)
u_e.g_mac[0].g_tr2.u_tree.held[61][5]$_DFFE_PP_/D (DFFHQNx1_ASAP7_75t_R) 1423.46 1433.50  -10.04 (VIOLATED)
u_e.g_mac[0].g_tr2.u_tree.held[5][5]$_DFFE_PP_/D (DFFHQNx1_ASAP7_75t_R) 1446.43 1456.46  -10.02 (VIOLATED)
u_e.g_mac[0].g_l2.u_l1.p2_c[4]$_DFF_P_/D (DFFHQNx1_ASAP7_75t_R) 1371.54 1381.55  -10.02 (VIOLATED)
u_e.g_mac[0].g_tr2.u_tree.held[75][10]$_DFFE_PP_/D (DFFHQNx1_ASAP7_75t_R) 1462.48 1472.47   -9.99 (VIOLATED)
u_e.g_mac[1].g_pa2.u_pair.u_c6.g_r.r[2]$_SDFF_PN0_/D (DFFHQNx1_ASAP7_75t_R) 1355.75 1365.73   -9.98 (VIOLATED)
u_e.g_mac[1].g_l2.u_l0.p1_sh[7][2]$_DFF_P_/D (DFFHQNx1_ASAP7_75t_R) 1385.48 1395.45   -9.97 (VIOLATED)
u_e.g_mac[0].g_tr2.u_tree.held[75][1]$_DFFE_PP_/D (DFFHQNx1_ASAP7_75t_R) 1462.27 1472.23   -9.96 (VIOLATED)
u_e.i1_q0[210]$_DFF_P_/D (DFFHQNx1_ASAP7_75t_R) 1363.81 1373.67   -9.87 (VIOLATED)
u_e.g_mac[0].g_tr2.u_tree.held[14][8]$_DFFE_PP_/D (DFFHQNx1_ASAP7_75t_R) 1439.39 1449.25   -9.86 (VIOLATED)
u_e.g_mac[1].g_l2.u_l1.p2_c[46]$_DFF_P_/D (DFFHQNx1_ASAP7_75t_R) 1359.26 1369.08   -9.82 (VIOLATED)
u_e.g_mac[0].g_l2.u_l0.p1_sh[18][2]$_DFF_P_/D (DFFHQNx1_ASAP7_75t_R) 1354.72 1364.46   -9.74 (VIOLATED)
u_e.g_mac[0].g_l2.u_l1.p2_c[138]$_DFF_P_/D (DFFHQNx1_ASAP7_75t_R) 1383.72 1393.43   -9.70 (VIOLATED)
u_e.g_mac[0].g_tr2.u_tree.add_b[9]$_SDFF_PN0_/D (DFFHQNx1_ASAP7_75t_R) 1367.68 1377.33   -9.65 (VIOLATED)
u_e.g_mac[0].g_tr2.u_tree.held[11][12]$_DFFE_PP_/D (DFFHQNx1_ASAP7_75t_R) 1444.15 1453.79   -9.64 (VIOLATED)
u_e.g_mac[0].g_tr2.u_tree.held[63][10]$_DFFE_PP_/D (DFFHQNx1_ASAP7_75t_R) 1438.60 1448.23   -9.64 (VIOLATED)
u_e.g_mac[1].g_l2.u_l1.p2_c[224]$_DFF_P_/D (DFFHQNx1_ASAP7_75t_R) 1372.76 1382.38   -9.62 (VIOLATED)
u_e.g_mac[0].g_tr2.u_tree.held[58][5]$_DFFE_PP_/D (DFFHQNx1_ASAP7_75t_R) 1440.87 1450.47   -9.60 (VIOLATED)
u_e.g_mac[0].g_tr2.u_tree.held[53][4]$_DFFE_PP_/D (DFFHQNx1_ASAP7_75t_R) 1440.73 1450.32   -9.59 (VIOLATED)
u_e.g_mac[1].g_l2.u_l0.p2_c[160]$_DFF_P_/D (DFFHQNx1_ASAP7_75t_R) 1358.80 1368.38   -9.58 (VIOLATED)
u_e.g_mac[0].g_tr2.u_tree.held[38][11]$_DFFE_PP_/D (DFFHQNx1_ASAP7_75t_R) 1424.27 1433.77   -9.50 (VIOLATED)
u_e.g_mac[1].g_pa2.u_pair.u_c6.g_r.r[3]$_SDFF_PN0_/D (DFFHQNx1_ASAP7_75t_R) 1355.88 1365.37   -9.48 (VIOLATED)
u_e.g_mac[0].g_tr2.u_tree.held[14][3]$_DFFE_PP_/D (DFFHQNx1_ASAP7_75t_R) 1439.03 1448.44   -9.42 (VIOLATED)
u_e.g_mac[1].g_l2.u_l0.p2_c[230]$_DFF_P_/D (DFFHQNx1_ASAP7_75t_R) 1374.46 1383.86   -9.40 (VIOLATED)
u_e.i1_q0[248]$_DFF_P_/D (DFFHQNx1_ASAP7_75t_R) 1364.61 1373.99   -9.38 (VIOLATED)
u_e.i1_q0[228]$_DFF_P_/D (DFFHQNx1_ASAP7_75t_R) 1370.47 1379.78   -9.32 (VIOLATED)
u_e.g_mac[0].g_tr2.u_tree.held[38][14]$_DFFE_PP_/D (DFFHQNx1_ASAP7_75t_R) 1403.71 1413.03   -9.32 (VIOLATED)
u_e.g_mac[0].g_tr2.u_tree.held[30][5]$_DFFE_PP_/D (DFFHQNx1_ASAP7_75t_R) 1442.90 1452.21   -9.31 (VIOLATED)
u_e.g_mac[0].g_l2.u_l0.p0_wq[45]$_SDFF_PP0_/D (DFFHQNx2_ASAP7_75t_R) 1382.98 1392.24   -9.27 (VIOLATED)
u_e.i1_q0[113]$_DFF_P_/D (DFFHQNx1_ASAP7_75t_R) 1368.09 1377.32   -9.23 (VIOLATED)
u_e.g_mac[0].g_tr2.u_tree.held[30][12]$_DFFE_PP_/D (DFFHQNx1_ASAP7_75t_R) 1440.52 1449.75   -9.23 (VIOLATED)
u_e.g_mac[1].g_l2.u_l1.p2_c[174]$_DFF_P_/D (DFFHQNx1_ASAP7_75t_R) 1362.38 1371.58   -9.20 (VIOLATED)
u_e.g_mac[0].g_tr2.u_tree.held[78][10]$_DFFE_PP_/D (DFFHQNx1_ASAP7_75t_R) 1440.50 1449.64   -9.15 (VIOLATED)
u_e.g_mac[0].g_tr2.u_tree.held[50][3]$_DFFE_PP_/D (DFFHQNx1_ASAP7_75t_R) 1423.98 1433.12   -9.14 (VIOLATED)
u_e.g_mac[1].g_l2.u_l1.p2_c[202]$_DFF_P_/D (DFFHQNx1_ASAP7_75t_R) 1362.88 1371.99   -9.11 (VIOLATED)
u_e.g_mac[1].g_l2.u_l1.p2_c[79]$_DFF_P_/D (DFFHQNx1_ASAP7_75t_R) 1361.43 1370.54   -9.10 (VIOLATED)
u_e.g_mac[1].g_pa2.u_pair.u_c6.g_r.r[0]$_SDFF_PN0_/D (DFFHQNx1_ASAP7_75t_R) 1370.69 1379.78   -9.10 (VIOLATED)
u_e.i1_q0[250]$_DFF_P_/D (DFFHQNx1_ASAP7_75t_R) 1365.42 1374.48   -9.06 (VIOLATED)
u_e.g_mac[0].g_tr2.u_tree.add_b[16]$_SDFF_PN0_/D (DFFHQNx1_ASAP7_75t_R) 1368.76 1377.77   -9.02 (VIOLATED)
u_e.i1_q0[202]$_DFF_P_/D (DFFHQNx1_ASAP7_75t_R) 1363.47 1372.47   -9.00 (VIOLATED)
u_e.g_mac[0].g_tr2.u_tree.x_oh[18]$_DFF_P_/D (DFFHQNx1_ASAP7_75t_R) 1393.01 1402.01   -9.00 (VIOLATED)
u_e.g_mac[1].g_ch2.u_c1.u_add.u_c8.g_r.r[2]$_DFF_P_/D (DFFHQNx1_ASAP7_75t_R) 1359.23 1368.20   -8.97 (VIOLATED)
u_e.g_mac[0].g_tr2.u_tree.held[78][12]$_DFFE_PP_/D (DFFHQNx1_ASAP7_75t_R) 1440.02 1448.99   -8.97 (VIOLATED)
u_e.i1_q0[234]$_DFF_P_/D (DFFHQNx1_ASAP7_75t_R) 1364.42 1373.38   -8.96 (VIOLATED)
u_e.i1_q0[140]$_DFF_P_/D (DFFHQNx1_ASAP7_75t_R) 1369.22 1378.16   -8.94 (VIOLATED)
u_e.g_mac[0].g_tr2.u_tree.x_oh[58]$_DFF_P_/D (DFFHQNx1_ASAP7_75t_R) 1393.01 1401.90   -8.89 (VIOLATED)
u_e.g_mac[0].g_tr2.u_tree.held[58][12]$_DFFE_PP_/D (DFFHQNx1_ASAP7_75t_R) 1441.62 1450.47   -8.85 (VIOLATED)
u_e.g_mac[0].g_l2.u_l0.p1_p[16][2]$_DFF_P_/D (DFFHQNx1_ASAP7_75t_R) 1360.80 1369.58   -8.78 (VIOLATED)
u_e.g_mac[0].g_tr2.u_tree.held[41][12]$_DFFE_PP_/D (DFFHQNx1_ASAP7_75t_R) 1440.10 1448.87   -8.77 (VIOLATED)
u_e.g_mac[0].g_tr2.u_tree.held[66][5]$_DFFE_PP_/D (DFFHQNx1_ASAP7_75t_R) 1438.65 1447.36   -8.71 (VIOLATED)
u_e.g_mac[1].g_l2.u_l1.p5a_nm[32]$_DFF_P_/D (DFFHQNx1_ASAP7_75t_R) 1365.25 1373.95   -8.70 (VIOLATED)
u_e.g_mac[0].g_l2.u_l1.p5a_nm[36]$_DFF_P_/D (DFFHQNx1_ASAP7_75t_R) 1374.99 1383.69   -8.69 (VIOLATED)
u_e.g_mac[0].g_tr2.u_tree.held[30][4]$_DFFE_PP_/D (DFFHQNx1_ASAP7_75t_R) 1443.53 1452.21   -8.68 (VIOLATED)
u_e.g_mac[1].g_l2.u_l0.p0_wq[84]$_SDFF_PP0_/D (DFFHQNx2_ASAP7_75t_R) 1375.15 1383.80   -8.65 (VIOLATED)
u_e.g_mac[1].g_l2.u_l1.p2_c[153]$_DFF_P_/D (DFFHQNx1_ASAP7_75t_R) 1358.75 1367.37   -8.61 (VIOLATED)
u_e.g_mac[0].g_l2.u_l0.p2_c[249]$_DFF_P_/D (DFFHQNx1_ASAP7_75t_R) 1375.14 1383.71   -8.58 (VIOLATED)
u_e.g_mac[0].g_tr2.u_tree.herr[2]$_DFFE_PN0P_/D (DFFASRHQNx1_ASAP7_75t_R) 1354.44 1363.00   -8.56 (VIOLATED)
u_e.g_mac[0].g_l2.u_l1.p2_c[75]$_DFF_P_/D (DFFHQNx1_ASAP7_75t_R) 1375.63 1384.18   -8.55 (VIOLATED)
u_e.g_mac[1].g_l2.u_l1.p2_c[176]$_DFF_P_/D (DFFHQNx1_ASAP7_75t_R) 1356.37 1364.90   -8.53 (VIOLATED)
u_e.i1_q0[168]$_DFF_P_/D (DFFHQNx1_ASAP7_75t_R) 1369.65 1378.17   -8.52 (VIOLATED)
u_e.g_mac[0].g_tr2.u_tree.held[69][3]$_DFFE_PP_/D (DFFHQNx1_ASAP7_75t_R) 1440.77 1449.29   -8.51 (VIOLATED)
u_e.i1_q0[225]$_DFF_P_/D (DFFHQNx1_ASAP7_75t_R) 1365.76 1374.28   -8.51 (VIOLATED)
u_e.g_mac[0].g_l2.u_l0.p2_c[170]$_DFF_P_/D (DFFHQNx1_ASAP7_75t_R) 1373.87 1382.35   -8.48 (VIOLATED)
u_e.i1_e0[6]$_DFF_P_/D (DFFHQNx1_ASAP7_75t_R) 1377.33 1385.79   -8.46 (VIOLATED)
u_e.g_mac[0].g_tr2.u_tree.held[47][12]$_DFFE_PP_/D (DFFHQNx1_ASAP7_75t_R) 1440.67 1449.11   -8.44 (VIOLATED)
u_e.g_mac[0].g_tr2.u_tree.add_b[3]$_SDFF_PN0_/D (DFFHQNx1_ASAP7_75t_R) 1368.05 1376.48   -8.43 (VIOLATED)
u_e.g_mac[0].g_tr2.u_tree.opos[1]$_DFF_P_/D (DFFHQNx1_ASAP7_75t_R) 1379.82 1388.21   -8.39 (VIOLATED)
u_e.g_mac[0].g_l2.u_l1.p2_c[219]$_DFF_P_/D (DFFHQNx1_ASAP7_75t_R) 1376.30 1384.66   -8.35 (VIOLATED)
u_e.g_mac[0].g_tr2.u_tree.held[66][11]$_DFFE_PP_/D (DFFHQNx1_ASAP7_75t_R) 1438.53 1446.88   -8.35 (VIOLATED)
u_e.i1_q0[117]$_DFF_P_/D (DFFHQNx1_ASAP7_75t_R) 1387.76 1396.02   -8.26 (VIOLATED)
u_e.g_mac[1].g_pp.cap0[123]$_DFFE_PP_/D (DFFHQNx1_ASAP7_75t_R) 1398.65 1406.88   -8.23 (VIOLATED)
u_e.g_mac[1].g_l2.u_l1.p2_c[161]$_DFF_P_/D (DFFHQNx1_ASAP7_75t_R) 1376.83 1385.06   -8.23 (VIOLATED)
u_e.g_mac[0].g_tr2.u_tree.have[47]$_DFFE_PN0P_/D (DFFASRHQNx1_ASAP7_75t_R) 1387.50 1395.70   -8.20 (VIOLATED)
u_e.g_mac[0].g_tr2.u_tree.held[1][5]$_DFFE_PP_/D (DFFHQNx1_ASAP7_75t_R) 1444.63 1452.81   -8.18 (VIOLATED)
u_e.g_mac[0].g_l2.u_l1.p2_c[9]$_DFF_P_/D (DFFHQNx1_ASAP7_75t_R) 1375.07 1383.21   -8.13 (VIOLATED)
u_e.g_mac[0].g_tr2.u_tree.held[33][4]$_DFFE_PP_/D (DFFHQNx1_ASAP7_75t_R) 1438.61 1446.73   -8.11 (VIOLATED)
u_e.g_mac[0].g_tr2.u_tree.held[51][8]$_DFFE_PP_/D (DFFHQNx1_ASAP7_75t_R) 1436.32 1444.43   -8.11 (VIOLATED)
u_e.g_mac[1].g_l2.u_l1.p2_c[132]$_DFF_P_/D (DFFHQNx1_ASAP7_75t_R) 1351.78 1359.87   -8.09 (VIOLATED)
u_e.g_mac[1].g_l2.u_l1.p2_c[206]$_DFF_P_/D (DFFHQNx1_ASAP7_75t_R) 1361.35 1369.27   -7.92 (VIOLATED)
u_e.g_mac[1].g_l2.u_l1.p2_c[233]$_DFF_P_/D (DFFHQNx1_ASAP7_75t_R) 1362.68 1370.57   -7.89 (VIOLATED)
u_e.g_mac[0].g_l2.u_l1.p2_c[221]$_DFF_P_/D (DFFHQNx1_ASAP7_75t_R) 1367.61 1375.48   -7.87 (VIOLATED)
u_e.g_mac[0].g_l2.u_l1.p2_c[145]$_DFF_P_/D (DFFHQNx1_ASAP7_75t_R) 1375.06 1382.93   -7.87 (VIOLATED)
u_e.i1_q0[245]$_DFF_P_/D (DFFHQNx1_ASAP7_75t_R) 1364.59 1372.42   -7.83 (VIOLATED)
u_e.i1_q0[25]$_DFF_P_/D (DFFHQNx1_ASAP7_75t_R) 1378.32 1386.14   -7.82 (VIOLATED)
u_e.g_mac[0].g_l2.u_l0.p1_sh[21][2]$_DFF_P_/D (DFFHQNx1_ASAP7_75t_R) 1358.43 1366.21   -7.78 (VIOLATED)
u_e.i1_q0[114]$_DFF_P_/D (DFFHQNx1_ASAP7_75t_R) 1387.69 1395.44   -7.75 (VIOLATED)
u_e.g_mac[0].g_tr2.u_tree.held[66][4]$_DFFE_PP_/D (DFFHQNx1_ASAP7_75t_R) 1438.75 1446.43   -7.67 (VIOLATED)
u_e.g_mac[0].g_tr2.u_tree.held[74][10]$_DFFE_PP_/D (DFFHQNx1_ASAP7_75t_R) 1436.91 1444.49   -7.58 (VIOLATED)
u_e.g_mac[0].g_tr2.u_tree.held[33][12]$_DFFE_PP_/D (DFFHQNx1_ASAP7_75t_R) 1438.94 1446.46   -7.52 (VIOLATED)
u_e.i1_q0[218]$_DFF_P_/D (DFFHQNx1_ASAP7_75t_R) 1365.56 1373.07   -7.50 (VIOLATED)
u_e.i1_q0[221]$_DFF_P_/D (DFFHQNx1_ASAP7_75t_R) 1365.23 1372.72   -7.49 (VIOLATED)
u_e.g_mac[0].g_l2.u_l1.p2_c[90]$_DFF_P_/D (DFFHQNx1_ASAP7_75t_R) 1367.55 1374.98   -7.44 (VIOLATED)
u_e.g_mac[0].g_tr2.u_tree.held[34][12]$_DFFE_PP_/D (DFFHQNx1_ASAP7_75t_R) 1444.19 1451.62   -7.43 (VIOLATED)
u_e.g_mac[0].g_tr2.u_tree.held[63][4]$_DFFE_PP_/D (DFFHQNx1_ASAP7_75t_R) 1445.28 1452.70   -7.42 (VIOLATED)
u_e.i1_q0[67]$_DFF_P_/D (DFFHQNx1_ASAP7_75t_R) 1377.56 1384.97   -7.42 (VIOLATED)
u_e.g_mac[0].g_l2.u_l1.p0_wq[33]$_DFF_P_/D (DFFHQNx1_ASAP7_75t_R) 1387.04 1394.45   -7.41 (VIOLATED)
u_e.g_mac[0].g_tr2.u_tree.held[38][4]$_DFFE_PP_/D (DFFHQNx1_ASAP7_75t_R) 1425.60 1433.00   -7.40 (VIOLATED)
u_e.g_mac[0].g_l2.u_l1.p2_c[202]$_DFF_P_/D (DFFHQNx1_ASAP7_75t_R) 1374.00 1381.39   -7.38 (VIOLATED)
u_e.i1_q0[126]$_DFF_P_/D (DFFHQNx1_ASAP7_75t_R) 1387.10 1394.47   -7.37 (VIOLATED)
u_e.g_mac[1].g_l2.u_l1.p2_c[178]$_DFF_P_/D (DFFHQNx1_ASAP7_75t_R) 1359.15 1366.50   -7.35 (VIOLATED)
u_e.i1_e0[7]$_DFF_P_/D (DFFHQNx1_ASAP7_75t_R) 1386.01 1393.34   -7.32 (VIOLATED)
u_e.g_mac[0].g_tr2.u_tree.held[44][8]$_DFFE_PP_/D (DFFHQNx1_ASAP7_75t_R) 1425.64 1432.93   -7.29 (VIOLATED)
u_e.g_mac[0].g_l2.u_l0.p1_p[28][2]$_DFF_P_/D (DFFHQNx1_ASAP7_75t_R) 1357.45 1364.72   -7.27 (VIOLATED)
u_e.g_mac[0].g_tr2.u_tree.held[20][12]$_DFFE_PP_/D (DFFHQNx1_ASAP7_75t_R) 1440.70 1447.96   -7.26 (VIOLATED)
u_e.i1_q0[169]$_DFF_P_/D (DFFHQNx1_ASAP7_75t_R) 1370.60 1377.85   -7.24 (VIOLATED)
u_e.g_mac[0].g_l2.u_l0.p1_sh[27][1]$_DFF_P_/D (DFFHQNx1_ASAP7_75t_R) 1356.52 1363.74   -7.22 (VIOLATED)
u_e.i1_q0[112]$_DFF_P_/D (DFFHQNx1_ASAP7_75t_R) 1369.95 1377.16   -7.20 (VIOLATED)
u_e.g_mac[0].g_tr2.u_tree.held[24][4]$_DFFE_PP_/D (DFFHQNx1_ASAP7_75t_R) 1425.95 1433.14   -7.19 (VIOLATED)
u_e.g_mac[0].g_tr2.u_tree.held[28][4]$_DFFE_PP_/D (DFFHQNx1_ASAP7_75t_R) 1438.62 1445.79   -7.17 (VIOLATED)
u_e.g_mac[1].g_l2.u_l0.p1_p[12][3]$_DFF_P_/D (DFFHQNx1_ASAP7_75t_R) 1361.17 1368.29   -7.12 (VIOLATED)
u_e.g_mac[1].g_l2.u_l0.p2_c[83]$_DFF_P_/D (DFFHQNx1_ASAP7_75t_R) 1381.07 1388.18   -7.11 (VIOLATED)
u_e.g_mac[1].g_l2.u_l0.p2_c[162]$_DFF_P_/D (DFFHQNx1_ASAP7_75t_R) 1373.76 1380.85   -7.09 (VIOLATED)
u_e.i1_q0[212]$_DFF_P_/D (DFFHQNx1_ASAP7_75t_R) 1365.89 1372.94   -7.06 (VIOLATED)
u_e.g_mac[0].g_l2.u_l1.p2_c[229]$_DFF_P_/D (DFFHQNx1_ASAP7_75t_R) 1387.87 1394.93   -7.05 (VIOLATED)
u_e.g_mac[0].g_tr2.u_tree.held[78][4]$_DFFE_PP_/D (DFFHQNx1_ASAP7_75t_R) 1444.78 1451.84   -7.05 (VIOLATED)
u_e.g_mac[0].g_l2.u_l1.p5a_nm[37]$_DFF_P_/D (DFFHQNx1_ASAP7_75t_R) 1374.83 1381.87   -7.05 (VIOLATED)
u_e.g_mac[1].g_l2.u_l0.p0_wq[22]$_SDFF_PP0_/D (DFFHQNx2_ASAP7_75t_R) 1358.27 1365.30   -7.03 (VIOLATED)
u_e.i1_q0[144]$_DFF_P_/D (DFFHQNx1_ASAP7_75t_R) 1369.73 1376.68   -6.95 (VIOLATED)
u_e.g_mac[1].g_l2.u_l1.p2_c[160]$_DFF_P_/D (DFFHQNx1_ASAP7_75t_R) 1376.34 1383.28   -6.94 (VIOLATED)
u_e.g_mac[0].g_tr2.u_tree.held[63][12]$_DFFE_PP_/D (DFFHQNx1_ASAP7_75t_R) 1444.13 1451.07   -6.94 (VIOLATED)
u_e.g_mac[0].g_l2.u_l0.p1_p[22][3]$_DFF_P_/D (DFFHQNx1_ASAP7_75t_R) 1358.32 1365.25   -6.93 (VIOLATED)
u_e.g_mac[1].g_l2.u_l0.p1_sh[25][2]$_DFF_P_/D (DFFHQNx1_ASAP7_75t_R) 1359.54 1366.46   -6.92 (VIOLATED)
u_e.g_mac[0].g_tr2.u_tree.held[38][8]$_DFFE_PP_/D (DFFHQNx1_ASAP7_75t_R) 1426.10 1433.00   -6.91 (VIOLATED)
u_e.g_mac[0].g_tr2.u_tree.held[20][1]$_DFFE_PP_/D (DFFHQNx1_ASAP7_75t_R) 1441.21 1448.09   -6.88 (VIOLATED)
u_e.g_mac[0].g_l2.u_l0.p0_wq[13]$_SDFF_PP0_/D (DFFHQNx2_ASAP7_75t_R) 1374.37 1381.25   -6.88 (VIOLATED)
u_e.i1_q0[217]$_DFF_P_/D (DFFHQNx1_ASAP7_75t_R) 1363.25 1370.12   -6.87 (VIOLATED)
u_e.g_mac[0].g_tr2.u_tree.held[62][12]$_DFFE_PP_/D (DFFHQNx1_ASAP7_75t_R) 1445.07 1451.92   -6.85 (VIOLATED)
u_e.g_mac[1].g_l2.u_l1.p2_c[133]$_DFF_P_/D (DFFHQNx1_ASAP7_75t_R) 1356.97 1363.80   -6.83 (VIOLATED)
u_e.i1_e0[0]$_DFF_P_/D (DFFHQNx1_ASAP7_75t_R) 1375.97 1382.75   -6.78 (VIOLATED)
u_e.i1_q0[200]$_DFF_P_/D (DFFHQNx1_ASAP7_75t_R) 1366.47 1373.24   -6.78 (VIOLATED)
u_e.g_mac[0].g_tr2.u_tree.held[38][3]$_DFFE_PP_/D (DFFHQNx1_ASAP7_75t_R) 1424.20 1430.97   -6.77 (VIOLATED)
u_e.g_mac[0].g_l2.u_l0.p1_sh[14][1]$_DFF_P_/D (DFFHQNx1_ASAP7_75t_R) 1372.16 1378.90   -6.74 (VIOLATED)
u_e.i1_q0[213]$_DFF_P_/D (DFFHQNx1_ASAP7_75t_R) 1366.17 1372.88   -6.71 (VIOLATED)
u_e.g_mac[0].g_tr2.u_tree.held[34][5]$_DFFE_PP_/D (DFFHQNx1_ASAP7_75t_R) 1446.57 1453.28   -6.71 (VIOLATED)
u_e.i1_q0[237]$_DFF_P_/D (DFFHQNx1_ASAP7_75t_R) 1365.82 1372.48   -6.66 (VIOLATED)
u_e.g_mac[0].g_tr2.u_tree.held[27][12]$_DFFE_PP_/D (DFFHQNx1_ASAP7_75t_R) 1445.72 1452.37   -6.65 (VIOLATED)
u_e.g_mac[1].g_l2.u_l0.p1_p[10][2]$_DFF_P_/D (DFFHQNx1_ASAP7_75t_R) 1358.71 1365.33   -6.61 (VIOLATED)
u_e.i1_q0[242]$_DFF_P_/D (DFFHQNx1_ASAP7_75t_R) 1364.17 1370.78   -6.61 (VIOLATED)
u_e.g_mac[0].g_l2.u_l1.p2_c[158]$_DFF_P_/D (DFFHQNx1_ASAP7_75t_R) 1382.11 1388.70   -6.60 (VIOLATED)
u_e.g_mac[0].g_tr2.u_tree.have[65]$_DFFE_PN0P_/D (DFFASRHQNx1_ASAP7_75t_R) 1386.31 1392.90   -6.59 (VIOLATED)
u_e.g_mac[0].g_tr2.u_tree.held[63][5]$_DFFE_PP_/D (DFFHQNx1_ASAP7_75t_R) 1445.71 1452.29   -6.58 (VIOLATED)
u_e.i1_q0[39]$_DFF_P_/D (DFFHQNx1_ASAP7_75t_R) 1376.91 1383.37   -6.46 (VIOLATED)
u_e.g_mac[0].g_l2.u_l0.p2_c[165]$_DFF_P_/D (DFFHQNx1_ASAP7_75t_R) 1373.56 1380.02   -6.46 (VIOLATED)
u_e.g_mac[0].g_l2.u_l1.p2_c[46]$_DFF_P_/D (DFFHQNx1_ASAP7_75t_R) 1370.50 1376.95   -6.45 (VIOLATED)
u_e.g_mac[0].g_l2.u_l1.p2_c[139]$_DFF_P_/D (DFFHQNx1_ASAP7_75t_R) 1362.90 1369.33   -6.43 (VIOLATED)
u_e.g_mac[0].g_l2.u_l0.p7_st$_DFF_P_/D (DFFHQNx1_ASAP7_75t_R) 1388.53 1394.93   -6.40 (VIOLATED)
u_e.g_mac[0].g_l2.u_l1.p0_wq[144]$_DFF_P_/D (DFFHQNx1_ASAP7_75t_R) 1392.15 1398.55   -6.40 (VIOLATED)
u_e.g_mac[0].g_tr2.u_tree.held[7][1]$_DFFE_PP_/D (DFFHQNx1_ASAP7_75t_R) 1445.42 1451.75   -6.33 (VIOLATED)
u_e.g_mac[0].g_tr2.u_tree.have[20]$_DFFE_PN0P_/D (DFFASRHQNx1_ASAP7_75t_R) 1387.71 1394.03   -6.32 (VIOLATED)
u_e.g_mac[0].g_l2.u_l0.p1_sh[21][3]$_DFF_P_/D (DFFHQNx1_ASAP7_75t_R) 1373.18 1379.48   -6.30 (VIOLATED)
u_e.g_mac[0].g_tr2.u_tree.add_b[18]$_SDFF_PN0_/D (DFFHQNx1_ASAP7_75t_R) 1368.55 1374.85   -6.30 (VIOLATED)
u_e.g_mac[0].g_tr2.u_tree.held[17][10]$_DFFE_PP_/D (DFFHQNx1_ASAP7_75t_R) 1436.82 1443.12   -6.30 (VIOLATED)
u_e.g_mac[0].g_tr2.u_tree.held[28][1]$_DFFE_PP_/D (DFFHQNx1_ASAP7_75t_R) 1437.57 1443.87   -6.29 (VIOLATED)
u_e.g_mac[1].g_l2.u_l0.p1_p[18][3]$_DFF_P_/D (DFFHQNx1_ASAP7_75t_R) 1358.74 1365.02   -6.29 (VIOLATED)
u_e.g_mac[0].g_tr2.u_tree.held[61][12]$_DFFE_PP_/D (DFFHQNx1_ASAP7_75t_R) 1445.09 1451.36   -6.27 (VIOLATED)
u_e.i1_e0[2]$_DFF_P_/D (DFFHQNx1_ASAP7_75t_R) 1386.62 1392.83   -6.21 (VIOLATED)
u_e.g_mac[0].g_tr2.u_tree.held[44][5]$_DFFE_PP_/D (DFFHQNx1_ASAP7_75t_R) 1445.62 1451.82   -6.20 (VIOLATED)
u_e.i1_q0[69]$_DFF_P_/D (DFFHQNx1_ASAP7_75t_R) 1376.45 1382.64   -6.20 (VIOLATED)
u_e.g_mac[0].g_tr2.u_tree.held[64][5]$_DFFE_PP_/D (DFFHQNx1_ASAP7_75t_R) 1445.52 1451.71   -6.19 (VIOLATED)
u_e.g_mac[1].g_l2.u_l0.p2_c[132]$_DFF_P_/D (DFFHQNx1_ASAP7_75t_R) 1373.65 1379.81   -6.17 (VIOLATED)
u_e.g_mac[1].g_l2.u_l0.p2_c[89]$_DFF_P_/D (DFFHQNx1_ASAP7_75t_R) 1362.39 1368.50   -6.11 (VIOLATED)
u_e.g_mac[0].g_l2.u_l0.p1_sh[20][1]$_DFF_P_/D (DFFHQNx1_ASAP7_75t_R) 1366.74 1372.86   -6.11 (VIOLATED)
u_e.g_mac[0].g_tr2.u_tree.held[33][8]$_DFFE_PP_/D (DFFHQNx1_ASAP7_75t_R) 1438.79 1444.85   -6.06 (VIOLATED)
u_e.g_mac[0].g_tr2.u_tree.held[41][4]$_DFFE_PP_/D (DFFHQNx1_ASAP7_75t_R) 1445.21 1451.25   -6.03 (VIOLATED)
u_e.i1_q0[239]$_DFF_P_/D (DFFHQNx1_ASAP7_75t_R) 1377.76 1383.72   -5.97 (VIOLATED)
u_e.g_mac[0].g_tr2.u_tree.held[28][12]$_DFFE_PP_/D (DFFHQNx1_ASAP7_75t_R) 1439.29 1445.20   -5.92 (VIOLATED)
u_e.g_mac[0].g_tr2.u_tree.held[70][1]$_DFFE_PP_/D (DFFHQNx1_ASAP7_75t_R) 1445.86 1451.77   -5.91 (VIOLATED)
u_e.g_mac[0].g_tr2.u_tree.held[61][4]$_DFFE_PP_/D (DFFHQNx1_ASAP7_75t_R) 1444.77 1450.64   -5.87 (VIOLATED)
u_e.g_mac[0].g_l2.u_l1.p2_c[193]$_DFF_P_/D (DFFHQNx1_ASAP7_75t_R) 1367.81 1373.65   -5.84 (VIOLATED)
u_e.g_mac[1].g_l2.u_l0.p1_p[25][3]$_DFF_P_/D (DFFHQNx1_ASAP7_75t_R) 1364.31 1370.14   -5.84 (VIOLATED)
u_e.i1_q0[240]$_DFF_P_/D (DFFHQNx1_ASAP7_75t_R) 1362.60 1368.43   -5.83 (VIOLATED)
u_e.g_mac[0].g_l2.u_l1.p2_c[241]$_DFF_P_/D (DFFHQNx1_ASAP7_75t_R) 1380.47 1386.27   -5.80 (VIOLATED)
u_e.g_mac[1].g_l2.u_l0.p2_c[122]$_DFF_P_/D (DFFHQNx1_ASAP7_75t_R) 1355.09 1360.85   -5.77 (VIOLATED)
u_e.g_mac[0].g_tr2.u_tree.held[41][1]$_DFFE_PP_/D (DFFHQNx1_ASAP7_75t_R) 1446.17 1451.94   -5.76 (VIOLATED)
u_e.g_mac[0].g_tr2.u_tree.held[70][12]$_DFFE_PP_/D (DFFHQNx1_ASAP7_75t_R) 1444.19 1449.95   -5.76 (VIOLATED)
u_e.g_mac[0].g_tr2.u_tree.held[66][10]$_DFFE_PP_/D (DFFHQNx1_ASAP7_75t_R) 1439.48 1445.20   -5.72 (VIOLATED)
u_e.g_mac[0].g_l2.u_l0.p1_sh[8][1]$_DFF_P_/D (DFFHQNx1_ASAP7_75t_R) 1396.79 1402.46   -5.67 (VIOLATED)
u_e.g_mac[1].g_l2.u_l1.p2_c[188]$_DFF_P_/D (DFFHQNx1_ASAP7_75t_R) 1363.13 1368.80   -5.67 (VIOLATED)
u_e.g_mac[0].g_tr2.u_tree.held[34][1]$_DFFE_PP_/D (DFFHQNx1_ASAP7_75t_R) 1445.74 1451.32   -5.58 (VIOLATED)
u_e.g_mac[0].g_l2.u_l0.p0_wq[54]$_SDFF_PP0_/D (DFFHQNx1_ASAP7_75t_R) 1382.91 1388.48   -5.57 (VIOLATED)
u_e.g_mac[1].g_l2.u_l0.p0_wq[200]$_DFF_P_/D (DFFHQNx1_ASAP7_75t_R) 1364.13 1369.61   -5.49 (VIOLATED)
u_e.g_mac[0].g_l2.u_l1.p2_c[134]$_DFF_P_/D (DFFHQNx1_ASAP7_75t_R) 1366.53 1371.96   -5.43 (VIOLATED)
u_e.i1_q0[56]$_DFF_P_/D (DFFHQNx1_ASAP7_75t_R) 1376.13 1381.53   -5.40 (VIOLATED)
u_e.g_mac[1].g_l2.u_l0.p2_c[174]$_DFF_P_/D (DFFHQNx1_ASAP7_75t_R) 1361.38 1366.77   -5.39 (VIOLATED)
u_e.g_mac[0].g_tr2.u_tree.qr[1]$_DFFE_PN0P_/D (DFFASRHQNx1_ASAP7_75t_R) 1361.30 1366.66   -5.36 (VIOLATED)
u_e.g_mac[1].g_l2.u_l1.p2_c[142]$_DFF_P_/D (DFFHQNx1_ASAP7_75t_R) 1359.33 1364.68   -5.36 (VIOLATED)
u_e.g_mac[1].g_l2.u_l1.p0_wq[131]$_DFF_P_/D (DFFHQNx1_ASAP7_75t_R) 1374.40 1379.71   -5.32 (VIOLATED)
u_e.g_mac[0].g_tr2.u_tree.held[45][12]$_DFFE_PP_/D (DFFHQNx1_ASAP7_75t_R) 1441.79 1447.09   -5.30 (VIOLATED)
u_e.g_mac[0].g_tr2.u_tree.held[1][12]$_DFFE_PP_/D (DFFHQNx1_ASAP7_75t_R) 1440.04 1445.34   -5.30 (VIOLATED)
u_e.g_mac[0].g_tr2.u_tree.held[3][10]$_DFFE_PP_/D (DFFHQNx1_ASAP7_75t_R) 1439.72 1444.99   -5.27 (VIOLATED)
u_e.g_mac[1].g_l2.u_l0.p1_sh[23][1]$_DFF_P_/D (DFFHQNx1_ASAP7_75t_R) 1359.55 1364.81   -5.26 (VIOLATED)
u_e.g_mac[0].g_tr2.u_tree.held[17][1]$_DFFE_PP_/D (DFFHQNx1_ASAP7_75t_R) 1437.41 1442.66   -5.25 (VIOLATED)
u_e.g_mac[0].g_tr2.u_tree.held[57][3]$_DFFE_PP_/D (DFFHQNx1_ASAP7_75t_R) 1440.56 1445.80   -5.24 (VIOLATED)
u_e.g_mac[0].g_tr2.u_tree.held[27][1]$_DFFE_PP_/D (DFFHQNx1_ASAP7_75t_R) 1446.46 1451.67   -5.21 (VIOLATED)
u_e.g_mac[0].g_tr2.u_tree.held[1][1]$_DFFE_PP_/D (DFFHQNx1_ASAP7_75t_R) 1445.61 1450.79   -5.18 (VIOLATED)
u_e.g_mac[0].g_tr2.u_tree.held[25][5]$_DFFE_PP_/D (DFFHQNx1_ASAP7_75t_R) 1446.54 1451.68   -5.14 (VIOLATED)
u_e.g_mac[0].g_tr2.u_tree.held[44][11]$_DFFE_PP_/D (DFFHQNx1_ASAP7_75t_R) 1445.78 1450.91   -5.13 (VIOLATED)
u_e.g_mac[0].g_tr2.u_tree.held[49][4]$_DFFE_PP_/D (DFFHQNx1_ASAP7_75t_R) 1445.89 1451.02   -5.13 (VIOLATED)
u_e.i1_q0[249]$_DFF_P_/D (DFFHQNx1_ASAP7_75t_R) 1364.19 1369.28   -5.09 (VIOLATED)
u_e.g_mac[0].g_tr2.u_tree.held[22][1]$_DFFE_PP_/D (DFFHQNx1_ASAP7_75t_R) 1445.66 1450.63   -4.97 (VIOLATED)
u_e.g_mac[1].g_l2.u_l0.p1_p[3][2]$_DFF_P_/D (DFFHQNx1_ASAP7_75t_R) 1354.86 1359.83   -4.97 (VIOLATED)
u_e.i1_q0[139]$_DFF_P_/D (DFFHQNx1_ASAP7_75t_R) 1370.21 1375.13   -4.92 (VIOLATED)
u_e.g_mac[0].g_tr2.u_tree.held[64][1]$_DFFE_PP_/D (DFFHQNx1_ASAP7_75t_R) 1446.15 1450.94   -4.79 (VIOLATED)
u_e.g_mac[0].g_tr2.u_tree.held[44][4]$_DFFE_PP_/D (DFFHQNx1_ASAP7_75t_R) 1445.99 1450.74   -4.76 (VIOLATED)
u_e.g_mac[0].g_l2.u_l1.p2_c[106]$_DFF_P_/D (DFFHQNx1_ASAP7_75t_R) 1390.44 1395.16   -4.72 (VIOLATED)
u_e.i1_q0[52]$_DFF_P_/D (DFFHQNx1_ASAP7_75t_R) 1378.06 1382.73   -4.67 (VIOLATED)
u_e.i1_q0[91]$_DFF_P_/D (DFFHQNx1_ASAP7_75t_R) 1368.34 1372.98   -4.65 (VIOLATED)
u_e.g_mac[1].g_l2.u_l0.p2_c[163]$_DFF_P_/D (DFFHQNx1_ASAP7_75t_R) 1369.55 1374.18   -4.63 (VIOLATED)
u_e.g_mac[0].g_l2.u_l1.p2_c[107]$_DFF_P_/D (DFFHQNx1_ASAP7_75t_R) 1378.13 1382.73   -4.60 (VIOLATED)
u_e.g_mac[0].g_tr2.u_tree.held[28][10]$_DFFE_PP_/D (DFFHQNx1_ASAP7_75t_R) 1439.61 1444.20   -4.59 (VIOLATED)
pseg[0] (output)                      966.00  970.59   -4.59 (VIOLATED)
u_e.i1_q0[181]$_DFF_P_/D (DFFHQNx1_ASAP7_75t_R) 1369.99 1374.56   -4.58 (VIOLATED)
u_e.g_mac[0].g_tr2.u_tree.held[57][1]$_DFFE_PP_/D (DFFHQNx1_ASAP7_75t_R) 1437.77 1442.31   -4.54 (VIOLATED)
u_e.g_mac[1].g_l2.u_l0.p0_wq[133]$_SDFF_PP0_/D (DFFHQNx1_ASAP7_75t_R) 1362.48 1366.99   -4.52 (VIOLATED)
u_e.i1_q0[32]$_DFF_P_/D (DFFHQNx1_ASAP7_75t_R) 1380.46 1384.88   -4.43 (VIOLATED)
u_e.g_mac[0].g_l2.u_l1.p2_c[238]$_DFF_P_/D (DFFHQNx1_ASAP7_75t_R) 1374.75 1379.17   -4.42 (VIOLATED)
u_e.g_mac[0].g_l2.u_l1.p2_c[56]$_DFF_P_/D (DFFHQNx1_ASAP7_75t_R) 1374.71 1379.13   -4.42 (VIOLATED)
u_e.i1_q0[97]$_DFF_P_/D (DFFHQNx1_ASAP7_75t_R) 1367.81 1372.22   -4.41 (VIOLATED)
u_e.g_mac[0].g_tr2.u_tree.held[14][4]$_DFFE_PP_/D (DFFHQNx1_ASAP7_75t_R) 1440.27 1444.66   -4.39 (VIOLATED)
u_e.g_mac[0].g_l2.u_l1.p0_wq[146]$_DFF_P_/D (DFFHQNx1_ASAP7_75t_R) 1381.65 1385.98   -4.33 (VIOLATED)
u_e.g_mac[0].g_tr2.u_tree.held[22][11]$_DFFE_PP_/D (DFFHQNx1_ASAP7_75t_R) 1424.36 1428.66   -4.30 (VIOLATED)
u_e.g_mac[0].g_tr2.u_tree.held[66][8]$_DFFE_PP_/D (DFFHQNx1_ASAP7_75t_R) 1440.08 1444.34   -4.26 (VIOLATED)
u_e.g_mac[0].g_tr2.u_tree.held[25][1]$_DFFE_PP_/D (DFFHQNx1_ASAP7_75t_R) 1445.28 1449.53   -4.24 (VIOLATED)
u_e.g_mac[1].g_l2.u_l0.p2_c[153]$_DFF_P_/D (DFFHQNx1_ASAP7_75t_R) 1373.40 1377.61   -4.21 (VIOLATED)
u_e.g_mac[0].g_tr2.u_tree.held[44][1]$_DFFE_PP_/D (DFFHQNx1_ASAP7_75t_R) 1446.11 1450.30   -4.19 (VIOLATED)
u_e.g_mac[0].g_l2.u_l0.p1_sh[11][1]$_DFF_P_/D (DFFHQNx1_ASAP7_75t_R) 1379.58 1383.78   -4.19 (VIOLATED)
u_e.g_mac[0].g_tr2.u_tree.held[33][10]$_DFFE_PP_/D (DFFHQNx1_ASAP7_75t_R) 1442.96 1447.15   -4.19 (VIOLATED)
u_e.g_mac[0].g_tr2.u_tree.held[65][3]$_DFFE_PP_/D (DFFHQNx1_ASAP7_75t_R) 1436.77 1440.95   -4.18 (VIOLATED)
u_e.g_mac[0].g_l2.u_l1.p2_c[156]$_DFF_P_/D (DFFHQNx1_ASAP7_75t_R) 1377.68 1381.85   -4.17 (VIOLATED)
u_e.g_mac[0].g_l2.u_l1.p2_c[35]$_DFF_P_/D (DFFHQNx1_ASAP7_75t_R) 1375.58 1379.75   -4.17 (VIOLATED)
u_e.g_mac[0].g_tr2.u_tree.held[16][5]$_DFFE_PP_/D (DFFHQNx1_ASAP7_75t_R) 1441.66 1445.78   -4.12 (VIOLATED)
u_e.g_mac[1].g_l2.u_l0.p1_p[11][2]$_DFF_P_/D (DFFHQNx1_ASAP7_75t_R) 1373.32 1377.42   -4.10 (VIOLATED)
u_e.g_mac[0].g_ch2.u_c0.u_add.u_c0.g_r.r[36]$_DFF_P_/D (DFFHQNx1_ASAP7_75t_R) 1372.66 1376.67   -4.01 (VIOLATED)
u_e.g_mac[1].g_l2.u_l0.p1_sh[17][3]$_DFF_P_/D (DFFHQNx1_ASAP7_75t_R) 1359.37 1363.37   -4.00 (VIOLATED)
u_e.g_mac[0].g_tr2.u_tree.held[3][8]$_DFFE_PP_/D (DFFHQNx1_ASAP7_75t_R) 1440.71 1444.69   -3.99 (VIOLATED)
u_e.g_mac[0].g_tr2.u_tree.held[32][8]$_DFFE_PP_/D (DFFHQNx1_ASAP7_75t_R) 1423.75 1427.70   -3.94 (VIOLATED)
u_e.g_mac[0].g_l2.u_l1.p0_wq[27]$_DFF_P_/D (DFFHQNx1_ASAP7_75t_R) 1387.86 1391.80   -3.94 (VIOLATED)
u_e.g_mac[1].g_l2.u_l0.p2_c[231]$_DFF_P_/D (DFFHQNx1_ASAP7_75t_R) 1362.54 1366.46   -3.92 (VIOLATED)
u_e.g_mac[0].g_tr2.u_tree.held[74][1]$_DFFE_PP_/D (DFFHQNx1_ASAP7_75t_R) 1440.70 1444.61   -3.90 (VIOLATED)
u_e.g_mac[0].g_l2.u_l1.p2_c[154]$_DFF_P_/D (DFFHQNx1_ASAP7_75t_R) 1372.71 1376.58   -3.87 (VIOLATED)
u_e.g_mac[0].g_tr2.u_tree.held[10][1]$_DFFE_PP_/D (DFFHQNx1_ASAP7_75t_R) 1437.17 1441.02   -3.86 (VIOLATED)
u_e.g_mac[0].g_pa2.u_pair.u_c8.g_r.r[24]$_DFF_P_/D (DFFHQNx1_ASAP7_75t_R) 1364.76 1368.61   -3.85 (VIOLATED)
u_e.g_mac[0].g_tr2.u_tree.held[14][12]$_DFFE_PP_/D (DFFHQNx1_ASAP7_75t_R) 1441.23 1445.08   -3.84 (VIOLATED)
u_e.g_mac[1].g_l2.u_l0.p1_p[30][1]$_DFF_P_/D (DFFHQNx1_ASAP7_75t_R) 1345.70 1349.55   -3.84 (VIOLATED)
u_e.g_mac[0].g_l2.u_l1.p5a_nm[39]$_DFF_P_/D (DFFHQNx1_ASAP7_75t_R) 1374.58 1378.40   -3.82 (VIOLATED)
u_e.g_mac[1].g_l2.u_l1.p2_c[228]$_DFF_P_/D (DFFHQNx1_ASAP7_75t_R) 1376.20 1379.91   -3.71 (VIOLATED)
u_e.g_mac[0].g_l2.u_l0.p0_wq[29]$_SDFF_PP0_/D (DFFHQNx2_ASAP7_75t_R) 1357.87 1361.58   -3.71 (VIOLATED)
u_e.g_mac[1].g_l2.u_l0.p0_wq[216]$_DFF_P_/D (DFFHQNx1_ASAP7_75t_R) 1371.84 1375.54   -3.69 (VIOLATED)
u_e.g_mac[1].g_l2.u_l0.p1_p[28][3]$_DFF_P_/D (DFFHQNx1_ASAP7_75t_R) 1360.77 1364.43   -3.66 (VIOLATED)
u_e.g_mac[1].g_l2.u_l1.p2_c[163]$_DFF_P_/D (DFFHQNx1_ASAP7_75t_R) 1376.03 1379.64   -3.61 (VIOLATED)
u_e.g_mac[0].g_l2.u_l1.p2_c[228]$_DFF_P_/D (DFFHQNx1_ASAP7_75t_R) 1375.51 1379.10   -3.58 (VIOLATED)
u_e.i1_q0[45]$_DFF_P_/D (DFFHQNx1_ASAP7_75t_R) 1376.00 1379.58   -3.58 (VIOLATED)
u_e.i1_q0[30]$_DFF_P_/D (DFFHQNx1_ASAP7_75t_R) 1378.51 1381.95   -3.44 (VIOLATED)
u_e.g_mac[0].g_tr2.u_tree.have[29]$_DFFE_PN0P_/D (DFFASRHQNx1_ASAP7_75t_R) 1386.09 1389.52   -3.42 (VIOLATED)
u_e.g_mac[1].g_l2.u_l1.p2_c[3]$_DFF_P_/D (DFFHQNx1_ASAP7_75t_R) 1362.56 1365.88   -3.32 (VIOLATED)
u_e.g_mac[0].g_l2.u_l1.p2_c[61]$_DFF_P_/D (DFFHQNx1_ASAP7_75t_R) 1376.01 1379.29   -3.29 (VIOLATED)
u_e.i1_q0[162]$_DFF_P_/D (DFFHQNx1_ASAP7_75t_R) 1370.46 1373.74   -3.28 (VIOLATED)
u_e.g_mac[0].g_tr2.u_tree.held[45][4]$_DFFE_PP_/D (DFFHQNx1_ASAP7_75t_R) 1444.20 1447.47   -3.27 (VIOLATED)
u_e.g_mac[1].g_l2.u_l1.p2_c[48]$_DFF_P_/D (DFFHQNx1_ASAP7_75t_R) 1361.01 1364.22   -3.21 (VIOLATED)
u_e.g_mac[0].g_l2.u_l1.p5a_nm[28]$_DFF_P_/D (DFFHQNx1_ASAP7_75t_R) 1365.38 1368.56   -3.18 (VIOLATED)
u_e.g_mac[0].g_tr2.u_tree.held[22][4]$_DFFE_PP_/D (DFFHQNx1_ASAP7_75t_R) 1425.61 1428.78   -3.17 (VIOLATED)
prow[17] (output)                     966.00  969.14   -3.14 (VIOLATED)
u_e.g_mac[0].g_tr2.u_tree.held[74][12]$_DFFE_PP_/D (DFFHQNx1_ASAP7_75t_R) 1440.18 1443.28   -3.10 (VIOLATED)
u_e.g_mac[0].g_tr2.u_tree.held[75][12]$_DFFE_PP_/D (DFFHQNx1_ASAP7_75t_R) 1444.94 1447.96   -3.02 (VIOLATED)
u_e.g_mac[0].g_tr2.u_tree.held[66][1]$_DFFE_PP_/D (DFFHQNx1_ASAP7_75t_R) 1439.56 1442.52   -2.96 (VIOLATED)
u_e.g_mac[1].g_l2.u_l0.p1_p[23][3]$_DFF_P_/D (DFFHQNx1_ASAP7_75t_R) 1361.01 1363.91   -2.91 (VIOLATED)
u_e.i1_q0[170]$_DFF_P_/D (DFFHQNx1_ASAP7_75t_R) 1372.51 1375.42   -2.91 (VIOLATED)
u_e.g_mac[0].g_tr2.u_tree.held[21][1]$_DFFE_PP_/D (DFFHQNx1_ASAP7_75t_R) 1437.71 1440.58   -2.87 (VIOLATED)
u_e.g_mac[0].g_l2.u_l0.p0_wq[153]$_DFF_P_/D (DFFHQNx1_ASAP7_75t_R) 1382.04 1384.88   -2.84 (VIOLATED)
u_e.g_mac[0].g_tr2.u_tree.held[66][3]$_DFFE_PP_/D (DFFHQNx1_ASAP7_75t_R) 1440.30 1443.14   -2.84 (VIOLATED)
u_e.g_mac[0].g_tr2.u_tree.held[49][12]$_DFFE_PP_/D (DFFHQNx1_ASAP7_75t_R) 1446.55 1449.38   -2.83 (VIOLATED)
u_e.i1_q0[58]$_DFF_P_/D (DFFHQNx1_ASAP7_75t_R) 1376.72 1379.53   -2.82 (VIOLATED)
u_e.g_mac[0].g_tr2.u_tree.held[22][5]$_DFFE_PP_/D (DFFHQNx1_ASAP7_75t_R) 1442.90 1445.71   -2.80 (VIOLATED)
u_e.g_mac[1].g_l2.u_l1.p5a_nm[31]$_DFF_P_/D (DFFHQNx1_ASAP7_75t_R) 1366.62 1369.37   -2.75 (VIOLATED)
u_e.i1_q0[146]$_DFF_P_/D (DFFHQNx1_ASAP7_75t_R) 1370.56 1373.30   -2.74 (VIOLATED)
u_e.g_mac[0].g_l2.u_l1.p5a_nm[13]$_DFF_P_/D (DFFHQNx1_ASAP7_75t_R) 1364.17 1366.87   -2.71 (VIOLATED)
u_e.g_mac[1].g_l2.u_l0.p1_p[4][4]$_DFF_P_/D (DFFHQNx1_ASAP7_75t_R) 1382.30 1384.90   -2.60 (VIOLATED)
u_e.g_mac[0].g_tr2.u_tree.held[10][10]$_DFFE_PP_/D (DFFHQNx1_ASAP7_75t_R) 1437.51 1440.09   -2.58 (VIOLATED)
u_e.g_mac[1].g_l2.u_l0.p2_c[171]$_DFF_P_/D (DFFHQNx1_ASAP7_75t_R) 1365.74 1368.30   -2.57 (VIOLATED)
u_e.g_mac[1].g_l2.u_l0.p2_c[121]$_DFF_P_/D (DFFHQNx1_ASAP7_75t_R) 1361.92 1364.43   -2.51 (VIOLATED)
u_e.g_mac[0].g_tr2.u_tree.held[3][4]$_DFFE_PP_/D (DFFHQNx1_ASAP7_75t_R) 1444.48 1446.96   -2.48 (VIOLATED)
u_e.g_mac[0].g_tr2.u_tree.u_t.genblk1.g_line.line[0]$_DFF_P_/D (DFFHQNx1_ASAP7_75t_R) 1371.06 1373.48   -2.43 (VIOLATED)
u_e.g_mac[0].g_tr2.u_tree.held[16][12]$_DFFE_PP_/D (DFFHQNx1_ASAP7_75t_R) 1444.02 1446.44   -2.43 (VIOLATED)
u_e.i1_q0[180]$_DFF_P_/D (DFFHQNx1_ASAP7_75t_R) 1369.60 1371.99   -2.39 (VIOLATED)
u_e.g_mac[0].g_tr2.u_tree.held[21][10]$_DFFE_PP_/D (DFFHQNx1_ASAP7_75t_R) 1438.43 1440.81   -2.38 (VIOLATED)
u_e.i1_q0[152]$_DFF_P_/D (DFFHQNx1_ASAP7_75t_R) 1370.26 1372.61   -2.35 (VIOLATED)
u_e.i1_q0[178]$_DFF_P_/D (DFFHQNx1_ASAP7_75t_R) 1371.38 1373.73   -2.35 (VIOLATED)
u_e.g_mac[1].g_l2.u_l0.p0_wq[132]$_SDFF_PP0_/D (DFFHQNx1_ASAP7_75t_R) 1362.59 1364.93   -2.34 (VIOLATED)
u_e.g_mac[0].g_tr2.u_tree.held[49][1]$_DFFE_PP_/D (DFFHQNx1_ASAP7_75t_R) 1446.41 1448.73   -2.32 (VIOLATED)
u_e.g_mac[0].g_tr2.u_tree.held[16][11]$_DFFE_PP_/D (DFFHQNx1_ASAP7_75t_R) 1425.28 1427.58   -2.30 (VIOLATED)
u_e.i1_q0[36]$_DFF_P_/D (DFFHQNx1_ASAP7_75t_R) 1376.86 1379.16   -2.29 (VIOLATED)
u_e.i1_q0[68]$_DFF_P_/D (DFFHQNx1_ASAP7_75t_R) 1376.87 1379.16   -2.29 (VIOLATED)
u_e.i1_q0[136]$_DFF_P_/D (DFFHQNx1_ASAP7_75t_R) 1369.13 1371.36   -2.23 (VIOLATED)
u_e.i1_q0[204]$_DFF_P_/D (DFFHQNx1_ASAP7_75t_R) 1363.92 1366.15   -2.22 (VIOLATED)
u_e.i1_q0[197]$_DFF_P_/D (DFFHQNx1_ASAP7_75t_R) 1363.82 1366.00   -2.18 (VIOLATED)
u_e.g_mac[1].g_l2.u_l0.p2_c[161]$_DFF_P_/D (DFFHQNx1_ASAP7_75t_R) 1373.89 1376.05   -2.16 (VIOLATED)
u_e.g_mac[0].g_tr2.u_tree.held[22][12]$_DFFE_PP_/D (DFFHQNx1_ASAP7_75t_R) 1441.70 1443.85   -2.15 (VIOLATED)
u_e.g_mac[0].g_l2.u_l0.p2_c[166]$_DFF_P_/D (DFFHQNx1_ASAP7_75t_R) 1373.25 1375.40   -2.15 (VIOLATED)
u_e.g_mac[0].g_l2.u_l0.p2_c[247]$_DFF_P_/D (DFFHQNx1_ASAP7_75t_R) 1361.51 1363.63   -2.12 (VIOLATED)
u_e.g_mac[0].g_l2.u_l1.p2_c[114]$_DFF_P_/D (DFFHQNx1_ASAP7_75t_R) 1374.54 1376.65   -2.11 (VIOLATED)
u_e.g_mac[0].g_tr2.u_tree.held[32][3]$_DFFE_PP_/D (DFFHQNx1_ASAP7_75t_R) 1438.54 1440.65   -2.11 (VIOLATED)
u_e.g_mac[0].g_l2.u_l0.p1_sh[25][3]$_DFF_P_/D (DFFHQNx2_ASAP7_75t_R) 1375.46 1377.57   -2.11 (VIOLATED)
u_e.g_mac[1].g_l2.u_l0.p2_c[87]$_DFF_P_/D (DFFHQNx1_ASAP7_75t_R) 1363.48 1365.59   -2.11 (VIOLATED)
prow[21] (output)                     966.00  968.10   -2.10 (VIOLATED)
u_e.g_mac[0].g_tr2.u_tree.held[49][10]$_DFFE_PP_/D (DFFHQNx1_ASAP7_75t_R) 1446.29 1448.37   -2.08 (VIOLATED)
u_e.g_mac[0].g_tr2.u_tree.held[79][10]$_DFFE_PP_/D (DFFHQNx1_ASAP7_75t_R) 1436.94 1439.00   -2.06 (VIOLATED)
u_e.i1_q0[251]$_DFF_P_/D (DFFHQNx1_ASAP7_75t_R) 1365.42 1367.39   -1.97 (VIOLATED)
u_e.g_mac[0].g_tr2.u_tree.held[33][5]$_DFFE_PP_/D (DFFHQNx1_ASAP7_75t_R) 1423.90 1425.83   -1.93 (VIOLATED)
u_e.i1_q0[246]$_DFF_P_/D (DFFHQNx1_ASAP7_75t_R) 1365.07 1367.00   -1.93 (VIOLATED)
u_e.g_mac[1].g_l2.u_l0.p1_sh[17][4]$_DFF_P_/D (DFFHQNx1_ASAP7_75t_R) 1345.58 1347.47   -1.90 (VIOLATED)
u_e.g_mac[0].g_l2.u_l1.p2_c[50]$_DFF_P_/D (DFFHQNx1_ASAP7_75t_R) 1388.60 1390.47   -1.87 (VIOLATED)
u_e.g_mac[0].g_l2.u_l0.p2_c[128]$_DFF_P_/D (DFFHQNx1_ASAP7_75t_R) 1369.45 1371.30   -1.85 (VIOLATED)
u_e.i1_q0[230]$_DFF_P_/D (DFFHQNx1_ASAP7_75t_R) 1364.58 1366.40   -1.81 (VIOLATED)
u_e.g_mac[0].g_tr2.u_tree.held[16][1]$_DFFE_PP_/D (DFFHQNx1_ASAP7_75t_R) 1444.77 1446.52   -1.74 (VIOLATED)
pnseg[5] (output)                     966.00  967.73   -1.73 (VIOLATED)
u_e.g_mac[1].g_l2.u_l1.p0_wq[170]$_DFF_P_/D (DFFHQNx1_ASAP7_75t_R) 1363.94 1365.61   -1.68 (VIOLATED)
u_e.g_mac[0].g_tr2.u_tree.held[16][4]$_DFFE_PP_/D (DFFHQNx1_ASAP7_75t_R) 1444.44 1446.11   -1.67 (VIOLATED)
u_e.i1_q0[238]$_DFF_P_/D (DFFHQNx1_ASAP7_75t_R) 1364.56 1366.15   -1.59 (VIOLATED)
u_e.g_mac[0].g_l2.u_l1.p2_c[117]$_DFF_P_/D (DFFHQNx1_ASAP7_75t_R) 1384.05 1385.63   -1.58 (VIOLATED)
u_e.g_mac[0].g_tr2.u_tree.held[3][5]$_DFFE_PP_/D (DFFHQNx1_ASAP7_75t_R) 1445.75 1447.25   -1.50 (VIOLATED)
u_e.g_mac[0].g_tr2.u_tree.held[14][1]$_DFFE_PP_/D (DFFHQNx1_ASAP7_75t_R) 1445.68 1447.14   -1.46 (VIOLATED)
u_e.g_mac[0].g_l2.u_l1.p2_c[216]$_DFF_P_/D (DFFHQNx1_ASAP7_75t_R) 1383.09 1384.51   -1.43 (VIOLATED)
u_e.g_mac[0].g_tr2.u_tree.have[11]$_DFFE_PN0P_/D (DFFASRHQNx1_ASAP7_75t_R) 1389.10 1390.53   -1.43 (VIOLATED)
u_e.g_mac[0].g_tr2.u_tree.held[26][12]$_DFFE_PP_/D (DFFHQNx1_ASAP7_75t_R) 1444.68 1446.07   -1.38 (VIOLATED)
u_e.g_mac[0].g_l2.u_l0.p2_c[82]$_DFF_P_/D (DFFHQNx1_ASAP7_75t_R) 1369.16 1370.51   -1.35 (VIOLATED)
u_e.g_mac[0].g_l2.u_l1.p2_c[68]$_DFF_P_/D (DFFHQNx1_ASAP7_75t_R) 1375.93 1377.19   -1.26 (VIOLATED)
u_e.g_mac[0].g_l2.u_l0.p2_c[250]$_DFF_P_/D (DFFHQNx1_ASAP7_75t_R) 1374.57 1375.72   -1.15 (VIOLATED)
u_e.g_mac[0].g_tr2.u_tree.have[24]$_DFFE_PN0P_/D (DFFASRHQNx1_ASAP7_75t_R) 1383.80 1384.91   -1.11 (VIOLATED)
u_e.g_mac[1].g_l2.u_l0.p2_c[41]$_DFF_P_/D (DFFHQNx1_ASAP7_75t_R) 1342.68 1343.78   -1.10 (VIOLATED)
u_e.i1_q0[235]$_DFF_P_/D (DFFHQNx1_ASAP7_75t_R) 1364.56 1365.57   -1.02 (VIOLATED)
u_e.i1_q0[176]$_DFF_P_/D (DFFHQNx1_ASAP7_75t_R) 1371.18 1372.17   -1.00 (VIOLATED)
u_e.g_mac[0].g_tr2.u_tree.held[2][1]$_DFFE_PP_/D (DFFHQNx1_ASAP7_75t_R) 1405.37 1406.35   -0.98 (VIOLATED)
u_e.i1_q0[72]$_DFF_P_/D (DFFHQNx1_ASAP7_75t_R) 1378.30 1379.19   -0.89 (VIOLATED)
u_e.g_mac[1].g_pp.cap1[74]$_DFFE_PP_/D (DFFHQNx1_ASAP7_75t_R) 1410.60 1411.43   -0.82 (VIOLATED)
u_e.g_mac[0].g_tr2.u_tree.held[65][12]$_DFFE_PP_/D (DFFHQNx1_ASAP7_75t_R) 1440.73 1441.53   -0.80 (VIOLATED)
u_e.g_mac[0].g_tr2.u_tree.have[51]$_DFFE_PN0P_/D (DFFASRHQNx1_ASAP7_75t_R) 1388.27 1389.06   -0.79 (VIOLATED)
u_e.g_mac[0].g_pa2.u_pair.u_c8.g_r.r[15]$_DFF_P_/D (DFFHQNx1_ASAP7_75t_R) 1364.47 1365.16   -0.69 (VIOLATED)
u_e.g_mac[0].g_l2.u_l1.p2_c[140]$_DFF_P_/D (DFFHQNx1_ASAP7_75t_R) 1372.29 1372.96   -0.67 (VIOLATED)
u_e.g_mac[0].g_tr2.u_tree.held[32][10]$_DFFE_PP_/D (DFFHQNx1_ASAP7_75t_R) 1438.52 1439.15   -0.63 (VIOLATED)
u_e.g_mac[1].g_l2.u_l0.p2_c[246]$_DFF_P_/D (DFFHQNx1_ASAP7_75t_R) 1374.68 1375.29   -0.61 (VIOLATED)
u_e.g_mac[1].g_l2.u_l1.p2_c[201]$_DFF_P_/D (DFFHQNx1_ASAP7_75t_R) 1366.34 1366.93   -0.60 (VIOLATED)
u_e.g_mac[0].g_tr2.u_tree.held[3][12]$_DFFE_PP_/D (DFFHQNx1_ASAP7_75t_R) 1446.21 1446.81   -0.60 (VIOLATED)
u_e.g_mac[0].g_tr2.u_tree.held[79][4]$_DFFE_PP_/D (DFFHQNx1_ASAP7_75t_R) 1440.22 1440.81   -0.59 (VIOLATED)
u_e.g_mac[1].g_l2.u_l0.p2_c[125]$_DFF_P_/D (DFFHQNx1_ASAP7_75t_R) 1374.37 1374.94   -0.58 (VIOLATED)
u_e.g_mac[0].g_tr2.u_tree.held[52][12]$_DFFE_PP_/D (DFFHQNx1_ASAP7_75t_R) 1445.72 1446.24   -0.53 (VIOLATED)
u_e.i1_q0[127]$_DFF_P_/D (DFFHQNx1_ASAP7_75t_R) 1386.24 1386.64   -0.40 (VIOLATED)
u_e.g_mac[0].g_l2.u_l0.p2_c[215]$_DFF_P_/D (DFFHQNx1_ASAP7_75t_R) 1375.16 1375.50   -0.34 (VIOLATED)
u_e.g_mac[0].g_l2.u_l1.p2_c[174]$_DFF_P_/D (DFFHQNx1_ASAP7_75t_R) 1367.04 1367.34   -0.31 (VIOLATED)
u_e.g_mac[0].g_tr2.u_tree.held[57][10]$_DFFE_PP_/D (DFFHQNx1_ASAP7_75t_R) 1447.01 1447.28   -0.27 (VIOLATED)
u_e.g_mac[1].g_l2.u_l0.p0_we[0]$_DFF_P_/D (DFFHQNx1_ASAP7_75t_R) 1361.81 1362.00   -0.19 (VIOLATED)
u_e.g_mac[0].g_tr2.u_tree.held[32][1]$_DFFE_PP_/D (DFFHQNx1_ASAP7_75t_R) 1439.70 1439.88   -0.18 (VIOLATED)
u_e.g_mac[0].g_tr2.u_tree.held[65][1]$_DFFE_PP_/D (DFFHQNx1_ASAP7_75t_R) 1446.16 1446.29   -0.13 (VIOLATED)
u_e.i1_q0[128]$_DFF_P_/D (DFFHQNx1_ASAP7_75t_R) 1386.15 1386.28   -0.13 (VIOLATED)
u_e.i1_q0[46]$_DFF_P_/D (DFFHQNx1_ASAP7_75t_R) 1377.63 1377.70   -0.07 (VIOLATED)
u_e.g_mac[0].g_l2.u_l1.p2_c[137]$_DFF_P_/D (DFFHQNx1_ASAP7_75t_R) 1367.47 1367.53   -0.06 (VIOLATED)
u_e.i1_q0[38]$_DFF_P_/D (DFFHQNx1_ASAP7_75t_R) 1386.30 1386.35   -0.05 (VIOLATED)

