cp /work/constraint.sdc /work/results/asap7/opentallas_numeric_e1_l16_tc/base/1_2_yosys.sdc
touch -r /work/constraint.sdc /work/results/asap7/opentallas_numeric_e1_l16_tc/base/1_2_yosys.sdc
OpenROAD 26Q3-1510-g6cb3f2b704 
Features included (+) or not (-): +GPU +GUI +Python
This program is licensed under the BSD-3 license. See the LICENSE file for details.
Components of this program may be licensed under more restrictive licenses which must be honored.
[INFO ORD-0030] Using 32 thread(s).
mkdir -p /work/objects/asap7/opentallas_numeric_e1_l16_tc/base
/OpenROAD-flow-scripts/flow/scripts/flow.sh 1_synth synth_odb
Running synth_odb.tcl, stage 1_synth
source /OpenROAD-flow-scripts/flow/platforms/asap7/liberty_suppressions.tcl
read_liberty /OpenROAD-flow-scripts/flow/platforms/asap7/lib/NLDM/asap7sc7p5t_AO_RVT_TT_nldm_211120.lib.gz
read_liberty /OpenROAD-flow-scripts/flow/platforms/asap7/lib/NLDM/asap7sc7p5t_INVBUF_RVT_TT_nldm_220122.lib.gz
read_liberty /OpenROAD-flow-scripts/flow/platforms/asap7/lib/NLDM/asap7sc7p5t_OA_RVT_TT_nldm_211120.lib.gz
read_liberty /OpenROAD-flow-scripts/flow/platforms/asap7/lib/NLDM/asap7sc7p5t_SEQ_RVT_TT_nldm_220123.lib
read_liberty /OpenROAD-flow-scripts/flow/platforms/asap7/lib/NLDM/asap7sc7p5t_SIMPLE_RVT_TT_nldm_211120.lib.gz
[INFO ODB-0227] LEF file: /OpenROAD-flow-scripts/flow/platforms/asap7/lef/asap7_tech_1x_201209.lef, created 30 layers, 9 vias
[INFO ODB-0227] LEF file: /OpenROAD-flow-scripts/flow/platforms/asap7/lef/asap7sc7p5t_28_R_1x_220121a.lef, created 212 library cells
link_design ot_numeric_dot
read_sdc /work/results/asap7/opentallas_numeric_e1_l16_tc/base/1_2_yosys.sdc
source /OpenROAD-flow-scripts/flow/platforms/asap7/setRC.tcl
eliminate_dead_logic
Removed 0 unused instances and 0 unused nets.
Design area 579 um^2 100% utilization.
write_db /work/results/asap7/opentallas_numeric_e1_l16_tc/base/1_synth.odb
write_sdc -no_timestamp /work/results/asap7/opentallas_numeric_e1_l16_tc/base/1_synth.sdc
Elapsed time: 0:00.96[h:]min:sec. CPU time: user 0.90 sys 0.06 (100%). Peak memory: 214344KB.
Log                       Ext     Elapsed/s Peak Memory/MB sha1sum result [0:20)
1_synth                   .odb            0            209 ad53a833d07ec4f186b4
1_synth                   .sdc                             42ef85d6196ee5995d6b
/OpenROAD-flow-scripts/flow/scripts/flow.sh 2_1_floorplan floorplan
Running floorplan.tcl, stage 2_1_floorplan
source /OpenROAD-flow-scripts/flow/platforms/asap7/liberty_suppressions.tcl
read_liberty /OpenROAD-flow-scripts/flow/platforms/asap7/lib/NLDM/asap7sc7p5t_AO_RVT_TT_nldm_211120.lib.gz
read_liberty /OpenROAD-flow-scripts/flow/platforms/asap7/lib/NLDM/asap7sc7p5t_INVBUF_RVT_TT_nldm_220122.lib.gz
read_liberty /OpenROAD-flow-scripts/flow/platforms/asap7/lib/NLDM/asap7sc7p5t_OA_RVT_TT_nldm_211120.lib.gz
read_liberty /OpenROAD-flow-scripts/flow/platforms/asap7/lib/NLDM/asap7sc7p5t_SEQ_RVT_TT_nldm_220123.lib
read_liberty /OpenROAD-flow-scripts/flow/platforms/asap7/lib/NLDM/asap7sc7p5t_SIMPLE_RVT_TT_nldm_211120.lib.gz
read_db /work/results/asap7/opentallas_numeric_e1_l16_tc/base/1_synth.odb
read_sdc /work/results/asap7/opentallas_numeric_e1_l16_tc/base/1_synth.sdc
source /OpenROAD-flow-scripts/flow/platforms/asap7/setRC.tcl

==========================================================================
Floorplan check_setup
--------------------------------------------------------------------------
number instances in verilog is 5520
initialize_floorplan -utilization 35 -aspect_ratio 1 -core_space 2 -site asap7sc7p5t
[INFO IFP-0107] Defining die area using utilization: 35.00% and aspect ratio: 1.
[WARNING IFP-0028] Core area lower left (2.000, 2.000) snapped to (2.052, 2.160).
[INFO IFP-0001] Added 150 rows of 752 site asap7sc7p5t.
[INFO IFP-0100] Die BBox:  (  0.000  0.000 ) ( 44.680 44.680 ) um
[INFO IFP-0101] Core BBox: (  2.052  2.160 ) ( 42.660 42.660 ) um
[INFO IFP-0102] Core area:                         1644.624 um^2
[INFO IFP-0103] Total instances area:               579.205 um^2
[INFO IFP-0104] Effective utilization:                0.352
[INFO IFP-0105] Number of instances:                   5520
source /OpenROAD-flow-scripts/flow/platforms/asap7/openRoad/make_tracks.tcl
source /OpenROAD-flow-scripts/flow/platforms/asap7/fastroute.tcl
set_dont_use "*x1p*_ASAP7* *xp*_ASAP7* SDF* ICG*"
repair_tie_fanout -separation 0 asap7sc7p5t_SIMPLE_RVT_TT_nldm_211120/TIELOx1_ASAP7_75t_R/L
[INFO RSZ-0042] Inserted 3 tie TIELOx1_ASAP7_75t_R instances.
repair_tie_fanout -separation 0 asap7sc7p5t_SIMPLE_RVT_TT_nldm_211120/TIEHIx1_ASAP7_75t_R/H
[INFO RSZ-0042] Inserted 36 tie TIEHIx1_ASAP7_75t_R instances.
repair_timing -setup_margin 0 -hold_margin 0 -repair_tns 100 -setup -skip_last_gasp -sequence unbuffer,sizeup,swap,vt_swap -verbose
[WARNING EST-0027] no estimated parasitics. Using wire load models.
[INFO RSZ-0100] Repair move sequence: UnbufferMove SizeUpMove SwapPinsMove 
[INFO RSZ-0098] No setup violations found
[INFO RSZ-0505] Runtime: 0.05s
Default units for flow
 time 1ps
 capacitance 1fF
 resistance 1kohm
 voltage 1v
 current 1mA
 power 1pW
 distance 1um
   Layer   | Unit Resistance | Unit Capacitance 
           |       (kohm/um) |          (fF/um)
------------------------------------------------
        M1 |        7.04e-02 |         1.00e-10
        M2 |        2.97e-02 |         1.75e-01
        M3 |        3.13e-02 |         1.56e-01
        M4 |        1.80e-02 |         1.78e-01
        M5 |        1.90e-02 |         1.64e-01
        M6 |        1.19e-02 |         1.87e-01
        M7 |        1.25e-02 |         1.63e-01
        M8 |        8.45e-03 |         1.04e-01
        M9 |        8.90e-03 |         9.28e-02
       Pad |        0.00e+00 |         0.00e+00
------------------------------------------------

   Layer   | Via Resistance 
           |         (kohm) 
----------------------------
        V1 |       1.72e-02 
        V2 |       1.72e-02 
        V3 |       1.72e-02 
        V4 |       1.18e-02 
        V5 |       1.18e-02 
        V6 |       8.20e-03 
        V7 |       8.20e-03 
        V8 |       6.30e-03 
        V9 |       6.30e-03 
----------------------------
Report metrics stage 2, floorplan final...

==========================================================================
floorplan final report_design_area
--------------------------------------------------------------------------
Design area 581 um^2 35% utilization.
write_db /work/results/asap7/opentallas_numeric_e1_l16_tc/base/2_1_floorplan.odb
write_sdc -no_timestamp /work/results/asap7/opentallas_numeric_e1_l16_tc/base/2_1_floorplan.sdc
Elapsed time: 0:01.21[h:]min:sec. CPU time: user 1.29 sys 0.28 (129%). Peak memory: 240412KB.
Log                       Ext     Elapsed/s Peak Memory/MB sha1sum result [0:20)
2_1_floorplan             .odb            1            234 dce4c34ec84c27aa7229
2_1_floorplan             .sdc                             42ef85d6196ee5995d6b
/OpenROAD-flow-scripts/flow/scripts/flow.sh 2_2_floorplan_macro macro_place
Running macro_place.tcl, stage 2_2_floorplan_macro
source /OpenROAD-flow-scripts/flow/platforms/asap7/liberty_suppressions.tcl
read_liberty /OpenROAD-flow-scripts/flow/platforms/asap7/lib/NLDM/asap7sc7p5t_AO_RVT_TT_nldm_211120.lib.gz
read_liberty /OpenROAD-flow-scripts/flow/platforms/asap7/lib/NLDM/asap7sc7p5t_INVBUF_RVT_TT_nldm_220122.lib.gz
read_liberty /OpenROAD-flow-scripts/flow/platforms/asap7/lib/NLDM/asap7sc7p5t_OA_RVT_TT_nldm_211120.lib.gz
read_liberty /OpenROAD-flow-scripts/flow/platforms/asap7/lib/NLDM/asap7sc7p5t_SEQ_RVT_TT_nldm_220123.lib
read_liberty /OpenROAD-flow-scripts/flow/platforms/asap7/lib/NLDM/asap7sc7p5t_SIMPLE_RVT_TT_nldm_211120.lib.gz
read_db /work/results/asap7/opentallas_numeric_e1_l16_tc/base/2_1_floorplan.odb
read_sdc /work/results/asap7/opentallas_numeric_e1_l16_tc/base/2_1_floorplan.sdc
source /OpenROAD-flow-scripts/flow/platforms/asap7/setRC.tcl
No macros found: Skipping macro_placement
Design area 581 um^2 35% utilization.
write_db /work/results/asap7/opentallas_numeric_e1_l16_tc/base/2_2_floorplan_macro.odb
Elapsed time: 0:00.92[h:]min:sec. CPU time: user 0.86 sys 0.06 (100%). Peak memory: 208384KB.
Log                       Ext     Elapsed/s Peak Memory/MB sha1sum result [0:20)
2_2_floorplan_macro       .odb            0            203 dce4c34ec84c27aa7229
/OpenROAD-flow-scripts/flow/scripts/flow.sh 2_3_floorplan_tapcell tapcell
Running tapcell.tcl, stage 2_3_floorplan_tapcell
source /OpenROAD-flow-scripts/flow/platforms/asap7/liberty_suppressions.tcl
read_liberty /OpenROAD-flow-scripts/flow/platforms/asap7/lib/NLDM/asap7sc7p5t_AO_RVT_TT_nldm_211120.lib.gz
read_liberty /OpenROAD-flow-scripts/flow/platforms/asap7/lib/NLDM/asap7sc7p5t_INVBUF_RVT_TT_nldm_220122.lib.gz
read_liberty /OpenROAD-flow-scripts/flow/platforms/asap7/lib/NLDM/asap7sc7p5t_OA_RVT_TT_nldm_211120.lib.gz
read_liberty /OpenROAD-flow-scripts/flow/platforms/asap7/lib/NLDM/asap7sc7p5t_SEQ_RVT_TT_nldm_220123.lib
read_liberty /OpenROAD-flow-scripts/flow/platforms/asap7/lib/NLDM/asap7sc7p5t_SIMPLE_RVT_TT_nldm_211120.lib.gz
read_db /work/results/asap7/opentallas_numeric_e1_l16_tc/base/2_2_floorplan_macro.odb
read_sdc /work/results/asap7/opentallas_numeric_e1_l16_tc/base/2_1_floorplan.sdc
source /OpenROAD-flow-scripts/flow/platforms/asap7/setRC.tcl
Tap and End Cap cell insertion
  TAP Cell          : TAPCELL_ASAP7_75t_R
  ENDCAP Cell       : TAPCELL_ASAP7_75t_R
  Halo Around Macro : 2 2
  TAP Cell Distance : 25
[INFO TAP-0004] Inserted 300 endcaps.
[INFO TAP-0005] Inserted 76 tapcells.
Design area 592 um^2 36% utilization.
write_db /work/results/asap7/opentallas_numeric_e1_l16_tc/base/2_3_floorplan_tapcell.odb
Elapsed time: 0:00.92[h:]min:sec. CPU time: user 0.86 sys 0.06 (100%). Peak memory: 206256KB.
Log                       Ext     Elapsed/s Peak Memory/MB sha1sum result [0:20)
2_3_floorplan_tapcell     .odb            0            201 ede96d10bb9de4c89477
/OpenROAD-flow-scripts/flow/scripts/flow.sh 2_4_floorplan_pdn pdn
Running pdn.tcl, stage 2_4_floorplan_pdn
source /OpenROAD-flow-scripts/flow/platforms/asap7/liberty_suppressions.tcl
read_liberty /OpenROAD-flow-scripts/flow/platforms/asap7/lib/NLDM/asap7sc7p5t_AO_RVT_TT_nldm_211120.lib.gz
read_liberty /OpenROAD-flow-scripts/flow/platforms/asap7/lib/NLDM/asap7sc7p5t_INVBUF_RVT_TT_nldm_220122.lib.gz
read_liberty /OpenROAD-flow-scripts/flow/platforms/asap7/lib/NLDM/asap7sc7p5t_OA_RVT_TT_nldm_211120.lib.gz
read_liberty /OpenROAD-flow-scripts/flow/platforms/asap7/lib/NLDM/asap7sc7p5t_SEQ_RVT_TT_nldm_220123.lib
read_liberty /OpenROAD-flow-scripts/flow/platforms/asap7/lib/NLDM/asap7sc7p5t_SIMPLE_RVT_TT_nldm_211120.lib.gz
read_db /work/results/asap7/opentallas_numeric_e1_l16_tc/base/2_3_floorplan_tapcell.odb
read_sdc /work/results/asap7/opentallas_numeric_e1_l16_tc/base/2_1_floorplan.sdc
source /OpenROAD-flow-scripts/flow/platforms/asap7/setRC.tcl
[WARNING PDN-1051] No instances found for grid (CORE_macro_grid_1).
[WARNING PDN-1051] No instances found for grid (CORE_macro_grid_2).
[INFO PDN-0001] Inserting grid: top
[INFO PDN-0500] Runtime: 0.02s
Design area 592 um^2 36% utilization.
write_db /work/results/asap7/opentallas_numeric_e1_l16_tc/base/2_4_floorplan_pdn.odb
Elapsed time: 0:00.96[h:]min:sec. CPU time: user 0.91 sys 0.06 (100%). Peak memory: 212680KB.
Log                       Ext     Elapsed/s Peak Memory/MB sha1sum result [0:20)
2_4_floorplan_pdn         .odb            0            207 4156d86358c1e1405f29
cp /work/results/asap7/opentallas_numeric_e1_l16_tc/base/2_4_floorplan_pdn.odb /work/results/asap7/opentallas_numeric_e1_l16_tc/base/2_floorplan.odb
cp /work/results/asap7/opentallas_numeric_e1_l16_tc/base/2_1_floorplan.sdc /work/results/asap7/opentallas_numeric_e1_l16_tc/base/2_floorplan.sdc
/OpenROAD-flow-scripts/flow/scripts/flow.sh 3_1_place_gp_skip_io global_place_skip_io
Running global_place_skip_io.tcl, stage 3_1_place_gp_skip_io
source /OpenROAD-flow-scripts/flow/platforms/asap7/liberty_suppressions.tcl
read_liberty /OpenROAD-flow-scripts/flow/platforms/asap7/lib/NLDM/asap7sc7p5t_AO_RVT_TT_nldm_211120.lib.gz
read_liberty /OpenROAD-flow-scripts/flow/platforms/asap7/lib/NLDM/asap7sc7p5t_INVBUF_RVT_TT_nldm_220122.lib.gz
read_liberty /OpenROAD-flow-scripts/flow/platforms/asap7/lib/NLDM/asap7sc7p5t_OA_RVT_TT_nldm_211120.lib.gz
read_liberty /OpenROAD-flow-scripts/flow/platforms/asap7/lib/NLDM/asap7sc7p5t_SEQ_RVT_TT_nldm_220123.lib
read_liberty /OpenROAD-flow-scripts/flow/platforms/asap7/lib/NLDM/asap7sc7p5t_SIMPLE_RVT_TT_nldm_211120.lib.gz
read_db /work/results/asap7/opentallas_numeric_e1_l16_tc/base/2_floorplan.odb
read_sdc /work/results/asap7/opentallas_numeric_e1_l16_tc/base/2_floorplan.sdc
source /OpenROAD-flow-scripts/flow/platforms/asap7/setRC.tcl
[INFO GPL-0022] Initialize gpl and calculate uniform density.
Placement density is 0.420999995470047, computed from PLACE_DENSITY_LB_ADDON  0.05 and lower bound 0.3799999952316284
global_placement -skip_io -density 0.420999995470047 -pad_left 0 -pad_right 0
[INFO GPL-0001] ---- Initialize GPL Main Data Structures
[INFO GPL-0002] DBU: 1000
[INFO GPL-0003] SiteSize: (  0.054  0.270 ) um
[INFO GPL-0004] CoreBBox: (  2.052  2.160 ) ( 42.660 42.660 ) um
[INFO GPL-0016] Core area:                    1644.624 um^2
[INFO GPL-0036] Movable instances area:        580.823 um^2
[INFO GPL-0037] Total instances area:          591.788 um^2
[INFO GPL-0035] Pin density area adjust:        24.466 um^2
[INFO GPL-0032] ---- Initialize Region: Top-level
[INFO GPL-0006] Number of instances:              5933
[INFO GPL-0007] Movable instances:                5557
[INFO GPL-0008] Fixed instances:                   376
[INFO GPL-0009] Dummy instances:                     0
[INFO GPL-0010] Number of nets:                   6812
[INFO GPL-0011] Number of pins:                  18652
[INFO GPL-0012] Die BBox:       (  0.000  0.000 ) ( 44.680 44.680 ) um
[INFO GPL-0013] Placement BBox: (  2.052  2.160 ) ( 42.660 42.660 ) um
[INFO GPL-0014] Region name: top-level.
[INFO GPL-0015] Region area:                  1644.624 um^2
[INFO GPL-0017] Fixed instances area:           10.964 um^2
[INFO GPL-0018] Movable instances area:        605.290 um^2
[INFO GPL-0019] Utilization:                    37.051 %
[INFO GPL-0020] Standard cells area:           605.290 um^2
[INFO GPL-0021] Large instances area:            0.000 um^2
[INFO GPL-0005] ---- Execute Conjugate Gradient Initial Placement.
[INFO GPL-0051] Source of initial instance position counters:
	Odb location = 0	Core center = 5557	Region center = 0
[INFO GPL-0033] ---- Initialize Nesterov Region: Top-level
[INFO GPL-0023] Placement target density:       0.4210
[INFO GPL-0024] Movable insts average area:      0.109 um^2
[INFO GPL-0025] Ideal bin area:                  0.259 um^2
[INFO GPL-0026] Ideal bin count:                  6356
[INFO GPL-0027] Total bin area:               1644.624 um^2
[INFO GPL-0028] Bin count (X, Y):          64 ,     64
[INFO GPL-0029] Bin size (W * H):       0.634 *  0.633 um
[INFO GPL-0030] Number of bins:                   4096
[INFO GPL-0084] ---- Execute Nesterov Global Placement.
[INFO GPL-0031] HPWL: Half-Perimeter Wirelength
Iteration | Overflow |     HPWL (um) |  HPWL(%) |   Penalty | Group
---------------------------------------------------------------
        0 |   0.9956 |  1.386422e+03 |   +0.00% |  1.58e-13 |      
       10 |   0.9947 |  9.304770e+02 |  -32.89% |  2.58e-13 |      
       20 |   0.9945 |  8.763960e+02 |   -5.81% |  4.20e-13 |      
       30 |   0.9941 |  8.450650e+02 |   -3.57% |  6.85e-13 |      
       40 |   0.9940 |  8.222230e+02 |   -2.70% |  1.12e-12 |      
       50 |   0.9930 |  8.076730e+02 |   -1.77% |  1.82e-12 |      
       60 |   0.9930 |  7.985680e+02 |   -1.13% |  2.96e-12 |      
       70 |   0.9928 |  7.927960e+02 |   -0.72% |  4.82e-12 |      
       80 |   0.9924 |  7.906860e+02 |   -0.27% |  7.85e-12 |      
       90 |   0.9919 |  7.927040e+02 |   +0.26% |  1.28e-11 |      
      100 |   0.9918 |  8.018250e+02 |   +1.15% |  2.08e-11 |      
      110 |   0.9908 |  8.245550e+02 |   +2.83% |  3.39e-11 |      
      120 |   0.9900 |  8.678140e+02 |   +5.25% |  5.53e-11 |      
      130 |   0.9884 |  9.397910e+02 |   +8.29% |  9.00e-11 |      
      140 |   0.9841 |  1.053384e+03 |  +12.09% |  1.47e-10 |      
      150 |   0.9775 |  1.258326e+03 |  +19.46% |  2.39e-10 |      
      160 |   0.9642 |  1.660557e+03 |  +31.97% |  3.89e-10 |      
      170 |   0.9394 |  2.262594e+03 |  +36.26% |  6.34e-10 |      
      180 |   0.9010 |  2.891053e+03 |  +27.78% |  1.03e-09 |      
      190 |   0.8641 |  3.357724e+03 |  +16.14% |  1.68e-09 |      
      200 |   0.8371 |  3.680531e+03 |   +9.61% |  2.74e-09 |      
      210 |   0.8094 |  3.981899e+03 |   +8.19% |  4.46e-09 |      
      220 |   0.7770 |  4.433416e+03 |  +11.34% |  7.27e-09 |      
      230 |   0.7354 |  5.059593e+03 |  +14.12% |  1.18e-08 |      
      240 |   0.6907 |  5.734618e+03 |  +13.34% |  1.93e-08 |      
      250 |   0.6476 |  6.359326e+03 |  +10.89% |  3.14e-08 |      
      260 |   0.6143 |  6.817615e+03 |   +7.21% |  5.11e-08 |      
      270 |   0.5785 |  7.170090e+03 |   +5.17% |  8.33e-08 |      
      280 |   0.5402 |  7.411693e+03 |   +3.37% |  1.36e-07 |      
      290 |   0.5077 |  7.599741e+03 |   +2.54% |  2.21e-07 |      
      300 |   0.4719 |  7.769512e+03 |   +2.23% |  3.60e-07 |      
      310 |   0.4348 |  7.968642e+03 |   +2.56% |  5.86e-07 |      
      320 |   0.4009 |  8.112870e+03 |   +1.81% |  9.55e-07 |      
      330 |   0.3670 |  8.230628e+03 |   +1.45% |  1.56e-06 |      
      340 |   0.3329 |  8.353258e+03 |   +1.49% |  2.43e-06 |      
      350 |   0.3053 |  8.417964e+03 |   +0.77% |  3.59e-06 |      
      360 |   0.2803 |  8.509016e+03 |   +1.08% |  5.28e-06 |      
      370 |   0.2537 |  8.616628e+03 |   +1.26% |  7.78e-06 |      
      380 |   0.2260 |  8.735336e+03 |   +1.38% |  1.15e-05 |      
      390 |   0.1978 |  8.838743e+03 |   +1.18% |  1.69e-05 |      
      400 |   0.1714 |  8.936616e+03 |   +1.11% |  2.49e-05 |      
      410 |   0.1447 |  9.021306e+03 |   +0.95% |  3.66e-05 |      
      420 |   0.1204 |  9.107373e+03 |   +0.95% |  5.40e-05 |      
      430 |   0.1018 |  9.192594e+03 |   +0.94% |  7.95e-05 |      
      431 |   0.0998 |  9.203223e+03 |          |  8.59e-05 |      
---------------------------------------------------------------
[INFO GPL-1001] Global placement finished at iteration 431
[INFO GPL-1002] Placed Cell Area              605.2899
[INFO GPL-1003] Available Free Area          1633.6598
[INFO GPL-1004] Minimum Feasible Density        0.3800 (cell_area / free_area)
[INFO GPL-1006]   Suggested Target Densities:
[INFO GPL-1007]     - For 90% usage of free space: 0.4117
[INFO GPL-1008]     - For 80% usage of free space: 0.4631
[INFO GPL-1009]     - For 50% usage of free space: 0.7410
[INFO GPL-1014] Final placement area: 605.29 (+0.00%)
Took 49 seconds: global_placement -skip_io -density 0.420999995470047 -pad_left 0 -pad_right 0
Design area 592 um^2 36% utilization.
write_db /work/results/asap7/opentallas_numeric_e1_l16_tc/base/3_1_place_gp_skip_io.odb
Elapsed time: 0:50.29[h:]min:sec. CPU time: user 1162.64 sys 0.52 (2313%). Peak memory: 217124KB.
Log                       Ext     Elapsed/s Peak Memory/MB sha1sum result [0:20)
3_1_place_gp_skip_io      .odb           50            212 45125d0786bde2a66ef8
/OpenROAD-flow-scripts/flow/scripts/flow.sh 3_2_place_iop io_placement
Running io_placement.tcl, stage 3_2_place_iop
source /OpenROAD-flow-scripts/flow/platforms/asap7/liberty_suppressions.tcl
read_liberty /OpenROAD-flow-scripts/flow/platforms/asap7/lib/NLDM/asap7sc7p5t_AO_RVT_TT_nldm_211120.lib.gz
read_liberty /OpenROAD-flow-scripts/flow/platforms/asap7/lib/NLDM/asap7sc7p5t_INVBUF_RVT_TT_nldm_220122.lib.gz
read_liberty /OpenROAD-flow-scripts/flow/platforms/asap7/lib/NLDM/asap7sc7p5t_OA_RVT_TT_nldm_211120.lib.gz
read_liberty /OpenROAD-flow-scripts/flow/platforms/asap7/lib/NLDM/asap7sc7p5t_SEQ_RVT_TT_nldm_220123.lib
read_liberty /OpenROAD-flow-scripts/flow/platforms/asap7/lib/NLDM/asap7sc7p5t_SIMPLE_RVT_TT_nldm_211120.lib.gz
read_db /work/results/asap7/opentallas_numeric_e1_l16_tc/base/3_1_place_gp_skip_io.odb
read_sdc /work/results/asap7/opentallas_numeric_e1_l16_tc/base/2_floorplan.sdc
source /OpenROAD-flow-scripts/flow/platforms/asap7/setRC.tcl
place_pins -hor_layers M4 -ver_layers M5
Found 0 macro blocks.
Using 2 tracks default min distance between IO pins.
[INFO PPL-0001] Number of available slots 1800
[INFO PPL-0002] Number of I/O             235
[INFO PPL-0003] Number of I/O w/sink      235
[INFO PPL-0004] Number of I/O w/o sink    0
[INFO PPL-0005] Slots per section         200
[INFO PPL-0008] Successfully assigned pins to sections.
[INFO PPL-0012] I/O nets HPWL: 1728.86 um.
Design area 592 um^2 36% utilization.
write_db /work/results/asap7/opentallas_numeric_e1_l16_tc/base/3_2_place_iop.odb
Elapsed time: 0:00.96[h:]min:sec. CPU time: user 0.90 sys 0.07 (100%). Peak memory: 210280KB.
Log                       Ext     Elapsed/s Peak Memory/MB sha1sum result [0:20)
3_2_place_iop             .odb            0            205 2131dc131afa84db59b8
/OpenROAD-flow-scripts/flow/scripts/flow.sh 3_3_place_gp global_place
Running global_place.tcl, stage 3_3_place_gp
source /OpenROAD-flow-scripts/flow/platforms/asap7/liberty_suppressions.tcl
read_liberty /OpenROAD-flow-scripts/flow/platforms/asap7/lib/NLDM/asap7sc7p5t_AO_RVT_TT_nldm_211120.lib.gz
read_liberty /OpenROAD-flow-scripts/flow/platforms/asap7/lib/NLDM/asap7sc7p5t_INVBUF_RVT_TT_nldm_220122.lib.gz
read_liberty /OpenROAD-flow-scripts/flow/platforms/asap7/lib/NLDM/asap7sc7p5t_OA_RVT_TT_nldm_211120.lib.gz
read_liberty /OpenROAD-flow-scripts/flow/platforms/asap7/lib/NLDM/asap7sc7p5t_SEQ_RVT_TT_nldm_220123.lib
read_liberty /OpenROAD-flow-scripts/flow/platforms/asap7/lib/NLDM/asap7sc7p5t_SIMPLE_RVT_TT_nldm_211120.lib.gz
read_db /work/results/asap7/opentallas_numeric_e1_l16_tc/base/3_2_place_iop.odb
read_sdc /work/results/asap7/opentallas_numeric_e1_l16_tc/base/2_floorplan.sdc
source /OpenROAD-flow-scripts/flow/platforms/asap7/setRC.tcl
[INFO RSZ-0026] Removed 56 buffers.
Perform port buffering...
[INFO RSZ-0027] Inserted 196 BUFx2_ASAP7_75t_R input buffers.
[INFO RSZ-0028] Inserted 36 BUFx2_ASAP7_75t_R output buffers.
[INFO GPL-0022] Initialize gpl and calculate uniform density.
Placement density is 0.420999995470047, computed from PLACE_DENSITY_LB_ADDON  0.05 and lower bound 0.3799999952316284
global_placement -density 0.420999995470047 -pad_left 0 -pad_right 0 -routability_driven -timing_driven -force_center_initial_place -min_phi_coef 0.95 -max_phi_coef 1.05
[INFO GPL-0001] ---- Initialize GPL Main Data Structures
[INFO GPL-0002] DBU: 1000
[INFO GPL-0003] SiteSize: (  0.054  0.270 ) um
[INFO GPL-0004] CoreBBox: (  2.052  2.160 ) ( 42.660 42.660 ) um
[INFO GPL-0016] Core area:                    1644.624 um^2
[INFO GPL-0036] Movable instances area:        593.654 um^2
[INFO GPL-0037] Total instances area:          604.618 um^2
[INFO GPL-0035] Pin density area adjust:        25.480 um^2
[INFO GPL-0032] ---- Initialize Region: Top-level
[INFO GPL-0006] Number of instances:              6109
[INFO GPL-0007] Movable instances:                5733
[INFO GPL-0008] Fixed instances:                   376
[INFO GPL-0009] Dummy instances:                     0
[INFO GPL-0010] Number of nets:                   6988
[INFO GPL-0011] Number of pins:                  19239
[INFO GPL-0012] Die BBox:       (  0.000  0.000 ) ( 44.680 44.680 ) um
[INFO GPL-0013] Placement BBox: (  2.052  2.160 ) ( 42.660 42.660 ) um
[INFO GPL-0014] Region name: top-level.
[INFO GPL-0015] Region area:                  1644.624 um^2
[INFO GPL-0017] Fixed instances area:           10.964 um^2
[INFO GPL-0018] Movable instances area:        619.134 um^2
[INFO GPL-0019] Utilization:                    37.899 %
[INFO GPL-0020] Standard cells area:           619.134 um^2
[INFO GPL-0021] Large instances area:            0.000 um^2
[INFO GPL-0005] ---- Execute Conjugate Gradient Initial Placement.
[INFO GPL-0051] Source of initial instance position counters:
	Odb location = 0	Core center = 5733	Region center = 0
[InitialPlace]  Iter: 1 conjugate gradient residual: 0.00001786 HPWL: 14865473
[InitialPlace]  Iter: 2 conjugate gradient residual: 0.00001064 HPWL: 12846741
[InitialPlace]  Iter: 3 conjugate gradient residual: 0.00000667 HPWL: 12837355
[InitialPlace]  Iter: 4 conjugate gradient residual: 0.00000133 HPWL: 12872889
[InitialPlace]  Iter: 5 conjugate gradient residual: 0.00000076 HPWL: 12892365
[INFO GPL-0033] ---- Initialize Nesterov Region: Top-level
[INFO GPL-0023] Placement target density:       0.4210
[INFO GPL-0024] Movable insts average area:      0.108 um^2
[INFO GPL-0025] Ideal bin area:                  0.257 um^2
[INFO GPL-0026] Ideal bin count:                  6411
[INFO GPL-0027] Total bin area:               1644.624 um^2
[INFO GPL-0028] Bin count (X, Y):          64 ,     64
[INFO GPL-0029] Bin size (W * H):       0.634 *  0.633 um
[INFO GPL-0030] Number of bins:                   4096
[INFO GPL-0084] ---- Execute Nesterov Global Placement.
[INFO GPL-0031] HPWL: Half-Perimeter Wirelength
Iteration | Overflow |     HPWL (um) |  HPWL(%) |   Penalty | Group
---------------------------------------------------------------
        0 |   0.5898 |  7.896672e+03 |   +0.00% |  1.93e-11 |      
[INFO GPL-0100] Timing-driven iteration 1/2, virtual: false.
[INFO GPL-0101]    Iter: 1, overflow: 0.590, keep resizer changes at: 1, HPWL: 7896672
Iteration |   Area    | Resized | Buffers | Nets repaired | Remaining
---------------------------------------------------------------------
        0 |     +0.0% |       0 |       0 |             0 |      6988
    final |     +0.3% |       0 |      20 |             3 |         0
---------------------------------------------------------------------
[INFO RSZ-0034] Found 2 slew violations.
[INFO RSZ-0035] Found 3 fanout violations.
[INFO RSZ-0038] Inserted 20 buffers in 3 nets.
   Iter   |    Area   | Removed | Inserted |   Pins
          |           | Buffers | Buffers  | Remaining
-------------------------------------------------------
        0 |     +0.0% |       0 |        0 |      6752
      670 |     +2.3% |       0 |      157 |      6082
     1340 |     +4.1% |       0 |      284 |      5412
     2010 |     +6.0% |       0 |      415 |      4742
     2680 |     +7.8% |       0 |      541 |      4072
     3350 |     +9.5% |       0 |      653 |      3402
     4020 |     +9.7% |       0 |      669 |      2732
     4690 |     +9.7% |       0 |      671 |      2062
     5360 |     +9.7% |       0 |      672 |      1392
     6030 |     +9.7% |       0 |      673 |       722
     6700 |    +10.0% |      20 |      707 |        52
    final |    +10.0% |      20 |      709 |         0
-------------------------------------------------------
[INFO GPL-0106] Timing-driven: worst slack 1.0817036e-10
[INFO GPL-0107] Timing-driven: repair_design delta area: 62.373 um^2 (+10.07%)
[INFO GPL-0108] Timing-driven: repair_design, gpl delta gcells: 709 (+12.37%)
[INFO GPL-0109] Timing-driven: repair_design, gcells created: 729, deleted: 20
[INFO GPL-0110] Timing-driven: new target density: 0.45918006
[INFO GPL-0038] Routability snapshot saved at iter = 1
        0 |   0.5898 |  8.440907e+03 |          |           |      
Iteration | Overflow |     HPWL (um) |  HPWL(%) |   Penalty | Group
---------------------------------------------------------------
       10 |   0.5795 |  8.385483e+03 |   +6.19% |  3.15e-11 |      
       20 |   0.5811 |  8.387323e+03 |   +0.02% |  5.13e-11 |      
       30 |   0.5867 |  8.395856e+03 |   +0.10% |  8.35e-11 |      
       40 |   0.5914 |  8.411007e+03 |   +0.18% |  1.36e-10 |      
       50 |   0.5958 |  8.424767e+03 |   +0.16% |  2.22e-10 |      
       60 |   0.5992 |  8.437038e+03 |   +0.15% |  3.61e-10 |      
       70 |   0.6032 |  8.449967e+03 |   +0.15% |  5.88e-10 |      
       80 |   0.6057 |  8.463823e+03 |   +0.16% |  9.58e-10 |      
       90 |   0.6066 |  8.476620e+03 |   +0.15% |  1.56e-09 |      
      100 |   0.6072 |  8.488352e+03 |   +0.14% |  2.54e-09 |      
      110 |   0.6068 |  8.500107e+03 |   +0.14% |  4.14e-09 |      
      120 |   0.6037 |  8.512554e+03 |   +0.15% |  6.74e-09 |      
      130 |   0.5979 |  8.527202e+03 |   +0.17% |  1.10e-08 |      
      140 |   0.5860 |  8.544829e+03 |   +0.21% |  1.79e-08 |      
      150 |   0.5732 |  8.568298e+03 |   +0.27% |  2.91e-08 |      
      160 |   0.5552 |  8.606845e+03 |   +0.45% |  4.75e-08 |      
      170 |   0.5336 |  8.667147e+03 |   +0.70% |  7.73e-08 |      
      180 |   0.5040 |  8.750859e+03 |   +0.97% |  1.26e-07 |      
      190 |   0.4744 |  8.864708e+03 |   +1.30% |  2.05e-07 |      
      200 |   0.4367 |  8.998014e+03 |   +1.50% |  3.34e-07 |      
      210 |   0.4017 |  9.118715e+03 |   +1.34% |  5.44e-07 |      
      220 |   0.3675 |  9.197196e+03 |   +0.86% |  8.87e-07 |      
      230 |   0.3417 |  9.250073e+03 |   +0.57% |  1.42e-06 |      
      240 |   0.3198 |  9.313524e+03 |   +0.69% |  2.09e-06 |      
[INFO GPL-0040] Routability iteration: 1
[INFO GPL-0041] Total routing overflow: 0.0000
[INFO GPL-0042] Number of overflowed tiles: 0 (0.00%)
[INFO GPL-0043] Average top 0.5% routing congestion: 0.5806
[INFO GPL-0044] Average top 1.0% routing congestion: 0.5607
[INFO GPL-0045] Average top 2.0% routing congestion: 0.5388
[INFO GPL-0046] Average top 5.0% routing congestion: 0.5096
[INFO GPL-0047] Routability iteration weighted routing congestion: 0.5706
[INFO GPL-0050] Weighted routing congestion is lower than target routing congestion(1.0100), end routability optimization.
[INFO GPL-0090] Routability finished. Target routing congestion achieved succesfully.
Iteration | Overflow |     HPWL (um) |  HPWL(%) |   Penalty | Group
---------------------------------------------------------------
      250 |   0.2973 |  9.420873e+03 |   +1.15% |  3.07e-06 |      
      260 |   0.2742 |  9.526869e+03 |   +1.13% |  4.52e-06 |      
      270 |   0.2510 |  9.598782e+03 |   +0.75% |  6.67e-06 |      
      280 |   0.2268 |  9.685852e+03 |   +0.91% |  9.82e-06 |      
      290 |   0.1996 |  9.794726e+03 |   +1.12% |  1.45e-05 |      
[INFO GPL-0100] Timing-driven iteration 2/2, virtual: false.
[INFO GPL-0101]    Iter: 293, overflow: 0.194, keep resizer changes at: 1, HPWL: 9808859
Iteration |   Area    | Resized | Buffers | Nets repaired | Remaining
---------------------------------------------------------------------
        0 |     +0.0% |       0 |       0 |             0 |      7697
    final |     +0.0% |       0 |       0 |             0 |         0
---------------------------------------------------------------------
   Iter   |    Area   | Removed | Inserted |   Pins
          |           | Buffers | Buffers  | Remaining
-------------------------------------------------------
        0 |     +0.0% |       0 |        0 |      6752
      670 |     -2.0% |     157 |        5 |      6082
     1340 |     -3.6% |     284 |        9 |      5412
     2010 |     -5.1% |     415 |       26 |      4742
     2680 |     -6.6% |     541 |       43 |      4072
     3350 |     -7.5% |     653 |       84 |      3402
     4020 |     -7.7% |     669 |       87 |      2732
     4690 |     -7.7% |     671 |       87 |      2062
     5360 |     -7.7% |     672 |       87 |      1392
     6030 |     -7.7% |     673 |       87 |       722
     6700 |     -7.8% |     707 |      113 |        52
    final |     -7.9% |     709 |      113 |         0
-------------------------------------------------------
[INFO GPL-0106] Timing-driven: worst slack -1.8550361e-10
[INFO GPL-0107] Timing-driven: repair_design delta area: -52.488 um^2 (-7.70%)
[INFO GPL-0108] Timing-driven: repair_design, gpl delta gcells: -596 (-9.25%)
[INFO GPL-0109] Timing-driven: repair_design, gcells created: 113, deleted: 709
[INFO GPL-0110] Timing-driven: new target density: 0.42705098
Iteration | Overflow |     HPWL (um) |  HPWL(%) |   Penalty | Group
---------------------------------------------------------------
      300 |   0.1858 |  9.848920e+03 |   +0.55% |  2.13e-05 |      
      310 |   0.1533 |  9.879226e+03 |   +0.31% |  3.14e-05 |      
      320 |   0.1337 |  9.890017e+03 |   +0.11% |  4.62e-05 |      
      330 |   0.1118 |  9.960301e+03 |   +0.71% |  6.81e-05 |      
      337 |   0.0993 |  9.998770e+03 |          |  9.29e-05 |      
---------------------------------------------------------------
[INFO GPL-1001] Global placement finished at iteration 337
[INFO GPL-1017] Routability mode iteration count: 248
[INFO GPL-1005] Routability final weighted congestion: 0.5474
[INFO GPL-1002] Placed Cell Area              629.0192
[INFO GPL-1003] Available Free Area          1633.6598
[INFO GPL-1004] Minimum Feasible Density        0.3800 (cell_area / free_area)
[INFO GPL-1006]   Suggested Target Densities:
[INFO GPL-1007]     - For 90% usage of free space: 0.4278
[INFO GPL-1008]     - For 80% usage of free space: 0.4813
[INFO GPL-1009]     - For 50% usage of free space: 0.7701
[INFO GPL-1011] Original area (um^2): 619.13
[INFO GPL-1012] Total routability artificial inflation: 0.00 (+0.00%)
[INFO GPL-1013] Total timing-driven delta area: 9.89 (+1.60%)
[INFO GPL-1014] Final placement area: 629.02 (+1.60%)
Took 48 seconds: global_placement -density 0.420999995470047 -pad_left 0 -pad_right 0 -routability_driven -timing_driven -force_center_initial_place -min_phi_coef 0.95 -max_phi_coef 1.05
estimate_parasitics -placement
Report metrics stage 3, global place...

==========================================================================
global place report_design_area
--------------------------------------------------------------------------
Design area 615 um^2 37% utilization.
write_db /work/results/asap7/opentallas_numeric_e1_l16_tc/base/3_3_place_gp.odb
Elapsed time: 0:49.72[h:]min:sec. CPU time: user 1139.13 sys 2.16 (2295%). Peak memory: 392852KB.
Log                       Ext     Elapsed/s Peak Memory/MB sha1sum result [0:20)
3_3_place_gp              .odb           49            383 9f4302ace1b41d796b45
/OpenROAD-flow-scripts/flow/scripts/flow.sh 3_4_place_resized resize
Running resize.tcl, stage 3_4_place_resized
source /OpenROAD-flow-scripts/flow/platforms/asap7/liberty_suppressions.tcl
read_liberty /OpenROAD-flow-scripts/flow/platforms/asap7/lib/NLDM/asap7sc7p5t_AO_RVT_TT_nldm_211120.lib.gz
read_liberty /OpenROAD-flow-scripts/flow/platforms/asap7/lib/NLDM/asap7sc7p5t_INVBUF_RVT_TT_nldm_220122.lib.gz
read_liberty /OpenROAD-flow-scripts/flow/platforms/asap7/lib/NLDM/asap7sc7p5t_OA_RVT_TT_nldm_211120.lib.gz
read_liberty /OpenROAD-flow-scripts/flow/platforms/asap7/lib/NLDM/asap7sc7p5t_SEQ_RVT_TT_nldm_220123.lib
read_liberty /OpenROAD-flow-scripts/flow/platforms/asap7/lib/NLDM/asap7sc7p5t_SIMPLE_RVT_TT_nldm_211120.lib.gz
read_db /work/results/asap7/opentallas_numeric_e1_l16_tc/base/3_3_place_gp.odb
read_sdc /work/results/asap7/opentallas_numeric_e1_l16_tc/base/2_floorplan.sdc
source /OpenROAD-flow-scripts/flow/platforms/asap7/setRC.tcl
estimate_parasitics -placement
Perform buffer insertion and gate resizing...
repair_design -verbose
Iteration |   Area    | Resized | Buffers | Nets repaired | Remaining
---------------------------------------------------------------------
        0 |     +0.0% |       0 |       0 |             0 |      7101
     1000 |     +0.0% |       0 |       0 |             0 |      6101
     2000 |     +0.0% |       0 |       0 |             0 |      5101
     3000 |     +0.0% |       0 |       0 |             0 |      4101
     4000 |     +0.0% |       0 |       0 |             0 |      3101
     5000 |     +0.0% |       0 |       0 |             0 |      2101
     6000 |     +0.0% |       0 |       0 |             0 |      1101
     7000 |     +0.0% |       0 |       0 |             0 |       101
    final |     +0.0% |       0 |       0 |             0 |         0
---------------------------------------------------------------------
[INFO RSZ-0504] Runtime: 0.31s
Floating nets: 
Report metrics stage 3, resizer...

==========================================================================
resizer report_design_area
--------------------------------------------------------------------------
Design area 615 um^2 37% utilization.
Instance count before 6222, after 6222
Pin count before 19230, after 19230
write_db /work/results/asap7/opentallas_numeric_e1_l16_tc/base/3_4_place_resized.odb
Elapsed time: 0:01.97[h:]min:sec. CPU time: user 2.56 sys 0.55 (158%). Peak memory: 240672KB.
Log                       Ext     Elapsed/s Peak Memory/MB sha1sum result [0:20)
3_4_place_resized         .odb            1            235 9f4302ace1b41d796b45
/OpenROAD-flow-scripts/flow/scripts/flow.sh 3_5_place_dp detail_place
Running detail_place.tcl, stage 3_5_place_dp
source /OpenROAD-flow-scripts/flow/platforms/asap7/liberty_suppressions.tcl
read_liberty /OpenROAD-flow-scripts/flow/platforms/asap7/lib/NLDM/asap7sc7p5t_AO_RVT_TT_nldm_211120.lib.gz
read_liberty /OpenROAD-flow-scripts/flow/platforms/asap7/lib/NLDM/asap7sc7p5t_INVBUF_RVT_TT_nldm_220122.lib.gz
read_liberty /OpenROAD-flow-scripts/flow/platforms/asap7/lib/NLDM/asap7sc7p5t_OA_RVT_TT_nldm_211120.lib.gz
read_liberty /OpenROAD-flow-scripts/flow/platforms/asap7/lib/NLDM/asap7sc7p5t_SEQ_RVT_TT_nldm_220123.lib
read_liberty /OpenROAD-flow-scripts/flow/platforms/asap7/lib/NLDM/asap7sc7p5t_SIMPLE_RVT_TT_nldm_211120.lib.gz
read_db /work/results/asap7/opentallas_numeric_e1_l16_tc/base/3_4_place_resized.odb
read_sdc /work/results/asap7/opentallas_numeric_e1_l16_tc/base/2_floorplan.sdc
source /OpenROAD-flow-scripts/flow/platforms/asap7/setRC.tcl
detailed_placement
[INFO DPL-0006] Core area: 1644.62 um^2
[INFO DPL-0007] Movable instances area: 603.54 um^2
[INFO DPL-0008] Fixed instances area within core: 10.96 um^2
[INFO DPL-0009] Utilization: 37.4%
[INFO DPL-0005] Diamond search max displacement: +/- 500 sites horizontally, +/- 100 rows vertically.
[INFO DPL-1102] Legalizing using negotiation legalizer.
[INFO DPL-1103] Negotiation base search window: +/-20 sites horizontally, +/-5 rows vertically 
	Automatic search window extension enabled.
	Search window extendable up to the max displacement cap of +/-500 sites, +/-100 rows near walls.
[INFO DPL-1104] NegotiationLegalizer DRC penalty: 5.
[INFO DPL-0392] Negotiation cell height distribution (1 unique row-count(s)):
[INFO DPL-0393]   height 1 row(s): 6222 cells
          |      Total |  Illegal |  Illegal
Iteration | Violations |    Cells |    Sites
---------------------------------------------
        0 |          0 |         0 |         0
Negotiation phase 1 converged at iteration 0.
[INFO DPL-0500] Runtime: 0.03s
Placement Analysis
---------------------------------
total displacement       1440.9 u
average displacement        0.2 u
max displacement            1.5 u
original HPWL           10006.8 u
legalized HPWL          10690.3 u
delta HPWL                    7 %

improve_placement -max_displacement "5 1"
Detailed placement improvement.
[INFO DPL-0401] Setting random seed to 1.
[INFO DPL-0402] Setting maximum displacement 5 1 to 1350 270 units.
[INFO DPL-0320] Collected 611 fixed cells.
[INFO DPL-0318] Collected 5846 single height cells.
[INFO DPL-0321] Collected 0 wide cells.
[INFO DPL-0322] Image (2052, 2160) - (42660, 42660)
[INFO DPL-0310] Assigned 5846 cells into segments.  Movement in X-direction is 0.000000, movement in Y-direction is 0.000000.
[INFO DPL-0313] Found 0 cells in wrong regions.
[INFO DPL-0315] Found 0 row alignment problems.
[INFO DPL-0314] Found 0 site alignment problems.
[INFO DPL-0311] Found 0 overlaps between adjacent cells.
[INFO DPL-0312] Found 0 edge spacing violations and 0 padding violations.
[INFO DPL-0303] Running algorithm for independent set matching.
[INFO DPL-0300] Set matching objective is wirelength.
[INFO DPL-0301] Pass   1 of matching; objective is 1.068609e+07.
[INFO DPL-0302] End of matching; objective is 1.067963e+07, improvement is 0.06 percent.
[INFO DPL-0303] Running algorithm for global swaps.
[INFO DPL-0306] Pass   1 of global swaps; hpwl is 1.042486e+07.
[INFO DPL-0306] Pass   2 of global swaps; hpwl is 1.037114e+07.
[INFO DPL-0307] End of global swaps; objective is 1.037114e+07, improvement is 2.89 percent.
[INFO DPL-0303] Running algorithm for vertical swaps.
[INFO DPL-0308] Pass   1 of vertical swaps; hpwl is 1.030624e+07.
[INFO DPL-0309] End of vertical swaps; objective is 1.030624e+07, improvement is 0.63 percent.
[INFO DPL-0303] Running algorithm for reordering.
[INFO DPL-0304] Pass   1 of reordering; objective is 1.029045e+07.
[INFO DPL-0305] End of reordering; objective is 1.029045e+07, improvement is 0.15 percent.
[INFO DPL-0303] Running algorithm for random improvement.
[INFO DPL-0324] Random improver is using random generator.
[INFO DPL-0325] Random improver is using hpwl objective.
[INFO DPL-0326] Random improver cost string is (a).
[INFO DPL-0332] End of pass, Generator random called 116920 times.
[INFO DPL-0335] Generator random, Cumulative attempts 116920, swaps 9504, moves 47808 since last reset.
[INFO DPL-0333] End of pass, Objective hpwl, Initial cost 1.029045e+07, Scratch cost 1.013916e+07, Incremental cost 1.013916e+07, Mismatch? N
[INFO DPL-0338] End of pass, Total cost is 1.013916e+07.
[INFO DPL-0327] Pass   1 of random improver; improvement in cost is 1.47 percent.
[INFO DPL-0332] End of pass, Generator random called 116920 times.
[INFO DPL-0335] Generator random, Cumulative attempts 233840, swaps 18688, moves 95113 since last reset.
[INFO DPL-0333] End of pass, Objective hpwl, Initial cost 1.013916e+07, Scratch cost 1.008056e+07, Incremental cost 1.008056e+07, Mismatch? N
[INFO DPL-0338] End of pass, Total cost is 1.008056e+07.
[INFO DPL-0327] Pass   2 of random improver; improvement in cost is 0.58 percent.
[INFO DPL-0328] End of random improver; improvement is 2.039639 percent.
[INFO DPL-0380] Cell flipping.
[INFO DPL-0382] Changed 0 cell orientations for row compatibility.
[INFO DPL-0383] Performed 1662 cell flips.
[INFO DPL-0384] End of flipping; objective is 9.717091e+06, improvement is 3.61 percent.
[INFO DPL-0313] Found 0 cells in wrong regions.
[INFO DPL-0315] Found 0 row alignment problems.
[INFO DPL-0314] Found 0 site alignment problems.
[INFO DPL-0311] Found 0 overlaps between adjacent cells.
[INFO DPL-0312] Found 0 edge spacing violations and 0 padding violations.
Detailed Improvement Results
------------------------------------------
Original HPWL            10690.3 u (    4761.4,     5928.9)
Final HPWL                9684.3 u (    4263.1,     5421.2)
Delta HPWL                  -9.4 % (     -10.5,       -8.6)

optimize_mirroring
[INFO DPL-0020] Mirrored 333 instances
[INFO DPL-0021] HPWL before            9684.3 u
[INFO DPL-0022] HPWL after             9669.0 u
[INFO DPL-0023] HPWL delta               -0.2 %
[INFO FLW-0012] Placement violations .
estimate_parasitics -placement
Report metrics stage 3, detailed place...

==========================================================================
detailed place report_design_area
--------------------------------------------------------------------------
Design area 615 um^2 37% utilization.
write_db /work/results/asap7/opentallas_numeric_e1_l16_tc/base/3_5_place_dp.odb
write_sdc -no_timestamp /work/results/asap7/opentallas_numeric_e1_l16_tc/base/3_place.sdc
Elapsed time: 0:02.43[h:]min:sec. CPU time: user 2.92 sys 0.42 (137%). Peak memory: 243360KB.
Log                       Ext     Elapsed/s Peak Memory/MB sha1sum result [0:20)
3_5_place_dp              .odb            2            237 4a5ef9d827d3ac6e0030
cp /work/results/asap7/opentallas_numeric_e1_l16_tc/base/3_5_place_dp.odb /work/results/asap7/opentallas_numeric_e1_l16_tc/base/3_place.odb
/OpenROAD-flow-scripts/flow/scripts/flow.sh 4_1_cts cts
Running cts.tcl, stage 4_1_cts
source /OpenROAD-flow-scripts/flow/platforms/asap7/liberty_suppressions.tcl
read_liberty /OpenROAD-flow-scripts/flow/platforms/asap7/lib/NLDM/asap7sc7p5t_AO_RVT_TT_nldm_211120.lib.gz
read_liberty /OpenROAD-flow-scripts/flow/platforms/asap7/lib/NLDM/asap7sc7p5t_INVBUF_RVT_TT_nldm_220122.lib.gz
read_liberty /OpenROAD-flow-scripts/flow/platforms/asap7/lib/NLDM/asap7sc7p5t_OA_RVT_TT_nldm_211120.lib.gz
read_liberty /OpenROAD-flow-scripts/flow/platforms/asap7/lib/NLDM/asap7sc7p5t_SEQ_RVT_TT_nldm_220123.lib
read_liberty /OpenROAD-flow-scripts/flow/platforms/asap7/lib/NLDM/asap7sc7p5t_SIMPLE_RVT_TT_nldm_211120.lib.gz
read_db /work/results/asap7/opentallas_numeric_e1_l16_tc/base/3_place.odb
read_sdc /work/results/asap7/opentallas_numeric_e1_l16_tc/base/3_place.sdc
source /OpenROAD-flow-scripts/flow/platforms/asap7/setRC.tcl
clock_tree_synthesis -sink_clustering_enable -repair_clock_nets
[INFO CTS-0050] Root buffer is BUFx8_ASAP7_75t_R.
[INFO CTS-0051] Sink buffer is BUFx16f_ASAP7_75t_R.
[INFO CTS-0052] The following clock buffers will be used for CTS:
                    BUFx10_ASAP7_75t_R
                    BUFx16f_ASAP7_75t_R
[INFO CTS-0049] Characterization buffer is BUFx16f_ASAP7_75t_R.
[INFO CTS-0007] Net "clk" found for clock "core_clk".
[INFO CTS-0010]  Clock net "clk" has 36 sinks.
[INFO CTS-0008] TritonCTS found 1 clock nets.
[INFO CTS-0097] Characterization used 2 buffer(s) types.
[INFO CTS-0201] 0 blockages from hard placement blockages and placed macros will be used.
[INFO CTS-0027] Generating H-Tree topology for net clk.
[INFO CTS-0028]  Total number of sinks: 36.
[INFO CTS-0060]  Register sinks will be clustered in groups of up to 32 and based on buffer max cap.
[INFO CTS-0030]  Number of static layers: 0.
[INFO CTS-0020]  Wire segment unit: 1350  dbu (1 um).
[INFO CTS-0023]  Original sink region: [(27310, 3061), (40918, 13321)].
[INFO CTS-0024]  Normalized sink region: [(20.2296, 2.26741), (30.3096, 9.86741)].
[INFO CTS-0025]     Width:  10.0800.
[INFO CTS-0026]     Height: 7.6000.
 Level 1
    Direction: Horizontal
    Sinks per sub-region: 18
    Sub-region size: 5.0400 X 7.6000
[INFO CTS-0034]     Segment length (rounded): 2.
 Level 2
    Direction: Vertical
    Sinks per sub-region: 9
    Sub-region size: 5.0400 X 3.8000
[INFO CTS-0034]     Segment length (rounded): 2.
[INFO CTS-0038]  Stop criterion found. Sink region hpwl is smaller than max wirelength (162.640 um) and max number of sinks is 15.
[INFO CTS-0035]  Number of sinks covered: 36.
[INFO CTS-0018]     Created 5 clock buffers.
[INFO CTS-0012]     Minimum number of buffers in the clock path: 2.
[INFO CTS-0013]     Maximum number of buffers in the clock path: 2.
[INFO CTS-0015]     Created 5 clock nets.
[INFO CTS-0016]     Fanout distribution for the current clock = 6:1, 9:2, 12:1..
[INFO CTS-0017]     Max level of the clock tree: 2.
[INFO CTS-0098] Clock net "clk"
[INFO CTS-0099]  Sinks 39
[INFO CTS-0100]  Leaf buffers 0
[INFO CTS-0101]  Average sink wire length 18.23 um
[INFO CTS-0102]  Path depth 2 - 2
[INFO CTS-0207]  Dummy loads inserted 3
[INFO CTS-0500] Runtime: 1.28s
estimate_parasitics -placement
detailed_placement
[INFO DPL-0006] Core area: 1644.62 um^2
[INFO DPL-0007] Movable instances area: 604.92 um^2
[INFO DPL-0008] Fixed instances area within core: 10.96 um^2
[INFO DPL-0009] Utilization: 37.4%
[INFO DPL-0005] Diamond search max displacement: +/- 500 sites horizontally, +/- 100 rows vertically.
[INFO DPL-1102] Legalizing using negotiation legalizer.
[INFO DPL-1103] Negotiation base search window: +/-20 sites horizontally, +/-5 rows vertically 
	Automatic search window extension enabled.
	Search window extendable up to the max displacement cap of +/-500 sites, +/-100 rows near walls.
[INFO DPL-1104] NegotiationLegalizer DRC penalty: 5.
[INFO DPL-0392] Negotiation cell height distribution (1 unique row-count(s)):
[INFO DPL-0393]   height 1 row(s): 6230 cells
          |      Total |  Illegal |  Illegal
Iteration | Violations |    Cells |    Sites
---------------------------------------------
        0 |          0 |         0 |         0
Negotiation phase 1 converged at iteration 0.
[INFO DPL-0500] Runtime: 0.02s
Placement Analysis
---------------------------------
total displacement        650.1 u
average displacement        0.1 u
max displacement            0.9 u
original HPWL            9694.7 u
legalized HPWL          10107.9 u
delta HPWL                    4 %

estimate_parasitics -placement
repair_timing -setup_margin 0 -hold_margin 0 -repair_tns 100 -verbose
[INFO RSZ-0100] Repair move sequence: UnbufferMove SizeUpMove SwapPinsMove BufferMove CloneMove SplitLoadMove 
[INFO RSZ-0094] Found 5 endpoints with setup violations.
[INFO RSZ-0099] Repairing 5 out of 5 (100.00%) violating endpoints...
   Iter   | Removed | Resized | Inserted | Cloned |  Pin  |   Area   |    WNS   |   StTNS    |   EnTNS    |  Viol  |  Worst  
          | Buffers |  Gates  | Buffers  |  Gates | Swaps |          |          |            |            | Endpts | St/EnPt 
------------------------------------------------------------------------------------------------------------------------------
       0* |       0 |       0 |        0 |      0 |     0 |    +0.0% | -123.205 |    -1693.4 |     -351.0 |      5 | result\[31\]$_DFF_PN0_/D
      10* |       0 |       0 |       10 |      0 |     2 |    +0.2% |  -78.996 |     -854.7 |     -178.1 |      5 | result\[30\]$_DFF_PN0_/D
      20* |       0 |       0 |       23 |      0 |     4 |    +0.3% |  -61.614 |     -563.7 |     -122.0 |      5 | result\[31\]$_DFF_PN0_/D
      30* |       0 |       0 |       35 |      0 |     5 |    +0.5% |  -24.248 |     -108.5 |      -47.1 |      5 | result\[30\]$_DFF_PN0_/D
      40* |       0 |       0 |       47 |      0 |     6 |    +0.7% |   -8.360 |      -10.8 |      -11.9 |      5 | result\[31\]$_DFF_PN0_/D
      43* |       0 |       0 |       52 |      0 |     6 |    +0.8% |    2.735 |        0.0 |        0.0 |      5 | result\[31\]$_DFF_PN0_/D
      44* |       0 |       0 |       52 |      0 |     6 |    +0.8% |    2.735 |        0.0 |        0.0 |      5 | result\[31\]$_DFF_PN0_/D
      45* |       0 |       0 |       52 |      0 |     6 |    +0.8% |    2.735 |        0.0 |        0.0 |      5 | result\[31\]$_DFF_PN0_/D
      46* |       0 |       0 |       52 |      0 |     6 |    +0.8% |    2.735 |        0.0 |        0.0 |      5 | result\[31\]$_DFF_PN0_/D
      47* |       0 |       0 |       52 |      0 |     6 |    +0.8% |    2.735 |        0.0 |        0.0 |      5 | result\[31\]$_DFF_PN0_/D
      47* |       0 |       0 |       52 |      0 |     6 |    +0.8% |    2.735 |        0.0 |        0.0 |      5 | result\[31\]$_DFF_PN0_/D
    final |       0 |       0 |       52 |      0 |     6 |    +0.8% |    2.735 |        0.0 |        0.0 |      0 | result\[31\]$_DFF_PN0_/D
------------------------------------------------------------------------------------------------------------------------------
[INFO RSZ-0040] Inserted 52 buffers.
[INFO RSZ-0043] Swapped pins on 6 instances.
[INFO RSZ-0505] Runtime: 0.71s
[INFO RSZ-0033] No hold violations found.
[INFO RSZ-0506] Runtime: 0.00s
detailed_placement
[INFO DPL-0006] Core area: 1644.62 um^2
[INFO DPL-0007] Movable instances area: 609.59 um^2
[INFO DPL-0008] Fixed instances area within core: 10.96 um^2
[INFO DPL-0009] Utilization: 37.7%
[INFO DPL-0005] Diamond search max displacement: +/- 500 sites horizontally, +/- 100 rows vertically.
[INFO DPL-1102] Legalizing using negotiation legalizer.
[INFO DPL-1103] Negotiation base search window: +/-20 sites horizontally, +/-5 rows vertically 
	Automatic search window extension enabled.
	Search window extendable up to the max displacement cap of +/-500 sites, +/-100 rows near walls.
[INFO DPL-1104] NegotiationLegalizer DRC penalty: 5.
[INFO DPL-0392] Negotiation cell height distribution (1 unique row-count(s)):
[INFO DPL-0393]   height 1 row(s): 6282 cells
          |      Total |  Illegal |  Illegal
Iteration | Violations |    Cells |    Sites
---------------------------------------------
        0 |          0 |         0 |         0
Negotiation phase 1 converged at iteration 0.
[INFO DPL-0500] Runtime: 0.02s
Placement Analysis
---------------------------------
total displacement         26.2 u
average displacement        0.0 u
max displacement            1.3 u
original HPWL           10139.1 u
legalized HPWL          10155.9 u
delta HPWL                    0 %

estimate_parasitics -placement
Report metrics stage 4, cts final...

==========================================================================
cts final report_design_area
--------------------------------------------------------------------------
Design area 621 um^2 38% utilization.
write_db /work/results/asap7/opentallas_numeric_e1_l16_tc/base/4_1_cts.odb
write_sdc -no_timestamp /work/results/asap7/opentallas_numeric_e1_l16_tc/base/4_cts.sdc
Elapsed time: 0:03.83[h:]min:sec. CPU time: user 5.48 sys 1.24 (175%). Peak memory: 262556KB.
Log                       Ext     Elapsed/s Peak Memory/MB sha1sum result [0:20)
4_1_cts                   .odb            3            256 53ccb1c7f449b91c7e61
cp /work/results/asap7/opentallas_numeric_e1_l16_tc/base/4_1_cts.odb /work/results/asap7/opentallas_numeric_e1_l16_tc/base/4_cts.odb
/OpenROAD-flow-scripts/flow/scripts/flow.sh 5_1_grt global_route
Running global_route.tcl, stage 5_1_grt
source /OpenROAD-flow-scripts/flow/platforms/asap7/liberty_suppressions.tcl
read_liberty /OpenROAD-flow-scripts/flow/platforms/asap7/lib/NLDM/asap7sc7p5t_AO_RVT_TT_nldm_211120.lib.gz
read_liberty /OpenROAD-flow-scripts/flow/platforms/asap7/lib/NLDM/asap7sc7p5t_INVBUF_RVT_TT_nldm_220122.lib.gz
read_liberty /OpenROAD-flow-scripts/flow/platforms/asap7/lib/NLDM/asap7sc7p5t_OA_RVT_TT_nldm_211120.lib.gz
read_liberty /OpenROAD-flow-scripts/flow/platforms/asap7/lib/NLDM/asap7sc7p5t_SEQ_RVT_TT_nldm_220123.lib
read_liberty /OpenROAD-flow-scripts/flow/platforms/asap7/lib/NLDM/asap7sc7p5t_SIMPLE_RVT_TT_nldm_211120.lib.gz
read_db /work/results/asap7/opentallas_numeric_e1_l16_tc/base/4_cts.odb
read_sdc /work/results/asap7/opentallas_numeric_e1_l16_tc/base/4_cts.sdc
source /OpenROAD-flow-scripts/flow/platforms/asap7/setRC.tcl
pin_access
[INFO DRT-0149] Reading tech and libs.

Units:                1000
Number of layers:     21
Number of macros:     212
Number of vias:       14
Number of viarulegen: 11

[INFO DRT-0150] Reading design.

Design:                   ot_numeric_dot
Die area:                 ( 0 0 ) ( 44680 44680 )
Number of track patterns: 32
Number of DEF vias:       0
Number of components:     6282
Number of terminals:      237
Number of snets:          2
Number of nets:           7158

[INFO DRT-0167] List of default vias:
  Layer V2
    default via: VIA23
  Layer V3
    default via: VIA34
  Layer V4
    default via: VIA45
  Layer V5
    default via: VIA56
  Layer V6
    default via: VIA67
  Layer V7
    default via: VIA78
  Layer V8
    default via: VIA89
  Layer V9
    default via: VIA9Pad
[INFO DRT-0162] Library cell analysis.
[INFO DRT-0163] Instance analysis.
[INFO DRT-0164] Number of unique instances = 139.
[INFO DRT-0168] Init region query.
[INFO DRT-0024]   Complete Active.
[INFO DRT-0024]   Complete V0.
[INFO DRT-0024]   Complete M1.
[INFO DRT-0024]   Complete V1.
[INFO DRT-0024]   Complete M2.
[INFO DRT-0024]   Complete V2.
[INFO DRT-0024]   Complete M3.
[INFO DRT-0024]   Complete V3.
[INFO DRT-0024]   Complete M4.
[INFO DRT-0024]   Complete V4.
[INFO DRT-0024]   Complete M5.
[INFO DRT-0024]   Complete V5.
[INFO DRT-0024]   Complete M6.
[INFO DRT-0024]   Complete V6.
[INFO DRT-0024]   Complete M7.
[INFO DRT-0024]   Complete V7.
[INFO DRT-0024]   Complete M8.
[INFO DRT-0024]   Complete V8.
[INFO DRT-0024]   Complete M9.
[INFO DRT-0024]   Complete V9.
[INFO DRT-0024]   Complete Pad.
[INFO DRT-0033] Active shape region query size = 0.
[INFO DRT-0033] V0 shape region query size = 0.
[INFO DRT-0033] M1 shape region query size = 95913.
[INFO DRT-0033] V1 shape region query size = 174524.
[INFO DRT-0033] M2 shape region query size = 3056.
[INFO DRT-0033] V2 shape region query size = 3624.
[INFO DRT-0033] M3 shape region query size = 3624.
[INFO DRT-0033] V3 shape region query size = 2416.
[INFO DRT-0033] M4 shape region query size = 2538.
[INFO DRT-0033] V4 shape region query size = 2416.
[INFO DRT-0033] M5 shape region query size = 1465.
[INFO DRT-0033] V5 shape region query size = 256.
[INFO DRT-0033] M6 shape region query size = 160.
[INFO DRT-0033] V6 shape region query size = 0.
[INFO DRT-0033] M7 shape region query size = 0.
[INFO DRT-0033] V7 shape region query size = 0.
[INFO DRT-0033] M8 shape region query size = 0.
[INFO DRT-0033] V8 shape region query size = 0.
[INFO DRT-0033] M9 shape region query size = 0.
[INFO DRT-0033] V9 shape region query size = 0.
[INFO DRT-0033] Pad shape region query size = 0.
[INFO DRT-0165] Start pin access.
[INFO DRT-0078]   Complete 792 pins.
[INFO DRT-0079]   Complete 100 unique inst patterns.
[INFO DRT-0081]   Complete 139 unique inst patterns.
[INFO DRT-0084]   Complete 4332 groups.
#scanned instances     = 6282
#unique  instances     = 139
#stdCellGenAp          = 3699
#stdCellValidPlanarAp  = 90
#stdCellValidViaAp     = 3025
#stdCellPinNoAp        = 0
#stdCellPinCnt         = 19308
#instTermValidViaApCnt = 0
#macroGenAp            = 0
#macroValidPlanarAp    = 0
#macroValidViaAp       = 0
#macroNoAp             = 0
[INFO DRT-0166] Complete pin access.
[INFO DRT-0267] cpu time = 00:00:47, elapsed time = 00:00:02, memory = 242.10 (MB), peak = 237.70 (MB)
global_route -congestion_report_file /work/reports/asap7/opentallas_numeric_e1_l16_tc/base/congestion.rpt -congestion_iterations 30 -congestion_report_iter_step 5 -verbose -resistance_aware
[INFO GRT-0020] Min routing layer: M2
[INFO GRT-0021] Max routing layer: M7
[INFO GRT-0022] Global adjustment: 0%
[INFO GRT-0023] Grid origin: (0, 0)
[INFO GRT-0088] Layer M1      Track-Pitch = 0.0360  line-2-Via Pitch: 0.0360
[INFO GRT-0088] Layer M2      Track-Pitch = 0.0390  line-2-Via Pitch: 0.0360
[INFO GRT-0088] Layer M3      Track-Pitch = 0.0360  line-2-Via Pitch: 0.0360
[INFO GRT-0088] Layer M4      Track-Pitch = 0.0480  line-2-Via Pitch: 0.0480
[INFO GRT-0088] Layer M5      Track-Pitch = 0.0480  line-2-Via Pitch: 0.0480
[INFO GRT-0088] Layer M6      Track-Pitch = 0.0640  line-2-Via Pitch: 0.0640
[INFO GRT-0088] Layer M7      Track-Pitch = 0.0640  line-2-Via Pitch: 0.0640
[INFO GRT-0003] Macros: 0
[INFO GRT-0004] Blockages: 216
[INFO GRT-0019] Found 6 clock nets.
[INFO GRT-0001] Minimum degree: 2
[INFO GRT-0002] Maximum degree: 33

[INFO GRT-0053] Routing resources analysis:
          Routing      Original      Derated      Resource
Layer     Direction    Resources     Resources    Reduction (%)
---------------------------------------------------------------
M1         Vertical            0             0          0.00%
M2         Horizontal      81092         57731          28.81%
M3         Vertical        92408         68800          25.55%
M4         Horizontal      70818         52723          25.55%
M5         Vertical        68609         51083          25.54%
M6         Horizontal      47995         32788          31.68%
M7         Vertical        53746         36267          32.52%
---------------------------------------------------------------

[INFO GRT-0197] Via related to pin nodes: 35851
[INFO GRT-0198] Via related Steiner nodes: 461
[INFO GRT-0199] Via filling finished.
[INFO GRT-0111] Final number of vias: 45144
[INFO GRT-0112] Final usage 3D: 154888

[INFO GRT-0096] Final congestion report:
Layer         Resource        Demand        Usage (%)    Max H / Max V / Total Congestion
---------------------------------------------------------------------------------------
M1                   0             0            0.00%             0 /  0 /  0
M2               57731          8263           14.31%             0 /  0 /  0
M3               68800          9037           13.14%             0 /  0 /  0
M4               52723           567            1.08%             0 /  0 /  0
M5               51083           694            1.36%             0 /  0 /  0
M6               32788           532            1.62%             0 /  0 /  0
M7               36267           363            1.00%             0 /  0 /  0
---------------------------------------------------------------------------------------
Total           299392         19456            6.50%             0 /  0 /  0

[INFO GRT-0018] Total wirelength: 18417 um
[INFO GRT-0014] Routed nets: 7158
[INFO GRT-0303] Global routing runtime = 00:00:01
estimate_parasitics -global_routing
Perform buffer insertion and gate resizing...
repair_design -verbose
Iteration |   Area    | Resized | Buffers | Nets repaired | Remaining
---------------------------------------------------------------------
        0 |     +0.0% |       0 |       0 |             0 |      7161
     1000 |     +0.0% |       0 |       0 |             0 |      6161
     2000 |     +0.0% |       0 |       0 |             0 |      5161
     3000 |     +0.0% |       0 |       0 |             0 |      4161
     4000 |     +0.0% |       0 |       0 |             0 |      3161
     5000 |     +0.0% |       0 |       0 |             0 |      2161
     6000 |     +0.0% |       0 |       0 |             0 |      1161
     7000 |     +0.0% |       0 |       0 |             0 |       161
    final |     +0.0% |       0 |       0 |             0 |         0
---------------------------------------------------------------------
[INFO RSZ-0504] Runtime: 0.41s
global_route -start_incremental
detailed_placement
[INFO DPL-0006] Core area: 1644.62 um^2
[INFO DPL-0007] Movable instances area: 609.59 um^2
[INFO DPL-0008] Fixed instances area within core: 10.96 um^2
[INFO DPL-0009] Utilization: 37.7%
[INFO DPL-0005] Diamond search max displacement: +/- 500 sites horizontally, +/- 100 rows vertically.
[INFO DPL-1102] Legalizing using negotiation legalizer.
[INFO DPL-1103] Negotiation base search window: +/-20 sites horizontally, +/-5 rows vertically 
	Automatic search window extension enabled.
	Search window extendable up to the max displacement cap of +/-500 sites, +/-100 rows near walls.
[INFO DPL-1104] NegotiationLegalizer DRC penalty: 5.
[INFO DPL-0392] Negotiation cell height distribution (1 unique row-count(s)):
[INFO DPL-0393]   height 1 row(s): 6282 cells
[INFO DPL-0500] Runtime: 0.02s
Placement Analysis
---------------------------------
total displacement          0.0 u
average displacement        0.0 u
max displacement            0.0 u
original HPWL           10155.9 u
legalized HPWL          10155.9 u
delta HPWL                    0 %

global_route -end_incremental -resistance_aware -congestion_report_file /work/reports/asap7/opentallas_numeric_e1_l16_tc/base/congestion_post_repair_design.rpt
Repair setup and hold violations...
estimate_parasitics -global_routing
repair_timing -setup_margin 0 -hold_margin 0 -repair_tns 100 -verbose
[INFO RSZ-0100] Repair move sequence: UnbufferMove SizeUpMove SwapPinsMove BufferMove CloneMove SplitLoadMove 
[INFO RSZ-0094] Found 7 endpoints with setup violations.
[INFO RSZ-0099] Repairing 7 out of 7 (100.00%) violating endpoints...
   Iter   | Removed | Resized | Inserted | Cloned |  Pin  |   Area   |    WNS   |   StTNS    |   EnTNS    |  Viol  |  Worst  
          | Buffers |  Gates  | Buffers  |  Gates | Swaps |          |          |            |            | Endpts | St/EnPt 
------------------------------------------------------------------------------------------------------------------------------
       0* |       0 |       0 |        0 |      0 |     0 |    +0.0% | -154.940 |    -2378.0 |     -632.6 |      7 | result\[31\]$_DFF_PN0_/D
      10* |       0 |       0 |       12 |      0 |     1 |    +0.2% | -137.455 |    -1945.4 |     -506.1 |      7 | result\[31\]$_DFF_PN0_/D
      20* |       0 |       0 |       25 |      0 |     1 |    +0.4% | -111.957 |    -1425.6 |     -417.7 |      7 | result\[31\]$_DFF_PN0_/D
      30* |       0 |       0 |       35 |      0 |     3 |    +0.5% |  -98.479 |    -1137.0 |     -313.2 |      7 | result\[30\]$_DFF_PN0_/D
      40* |       0 |       0 |       43 |      0 |     7 |    +0.6% |  -85.793 |     -930.6 |     -249.7 |      7 | result\[30\]$_DFF_PN0_/D
      50* |       0 |       0 |       54 |      0 |     8 |    +0.8% |  -63.980 |     -580.5 |     -158.3 |      7 | result\[31\]$_DFF_PN0_/D
      60* |       0 |       0 |       63 |      0 |    10 |    +0.9% |  -57.356 |     -442.1 |     -136.7 |      7 | result\[30\]$_DFF_PN0_/D
      70* |       0 |       0 |       71 |      0 |    14 |    +1.0% |  -53.725 |     -393.7 |     -126.4 |      7 | result\[30\]$_DFF_PN0_/D
      80* |       0 |       0 |       82 |      0 |    15 |    +1.2% |  -45.824 |     -291.1 |     -107.9 |      7 | result\[30\]$_DFF_PN0_/D
      90* |       0 |       0 |       89 |      0 |    19 |    +1.3% |  -41.227 |     -235.9 |      -90.5 |      7 | result\[30\]$_DFF_PN0_/D
     100* |       0 |       0 |       96 |      0 |    23 |    +1.4% |  -35.311 |     -170.3 |      -70.3 |      7 | result\[30\]$_DFF_PN0_/D
     110* |       0 |       0 |      100 |      0 |    29 |    +1.4% |  -38.327 |     -199.9 |      -78.9 |      7 | result\[30\]$_DFF_PN0_/D
     120* |       0 |       1 |      103 |      0 |    35 |    +1.5% |  -37.256 |     -188.2 |      -74.2 |      7 | result\[30\]$_DFF_PN0_/D
     130* |       0 |       4 |      104 |      0 |    41 |    +1.5% |  -30.271 |     -162.1 |      -58.7 |      7 | result\[30\]$_DFF_PN0_/D
     140* |       0 |       4 |      116 |      0 |    43 |    +1.7% |  -21.677 |      -94.5 |      -43.3 |      7 | result\[30\]$_DFF_PN0_/D
     150* |       0 |       5 |      123 |      0 |    47 |    +1.8% |  -19.228 |      -79.8 |      -33.6 |      7 | result\[30\]$_DFF_PN0_/D
     160* |       0 |       7 |      123 |      0 |    55 |    +1.8% |  -19.232 |      -79.9 |      -33.7 |      7 | result\[30\]$_DFF_PN0_/D
     170* |       0 |       9 |      124 |      0 |    62 |    +1.8% |  -18.319 |      -74.4 |      -31.0 |      7 | result\[30\]$_DFF_PN0_/D
     180* |       0 |      10 |      124 |      0 |    71 |    +1.8% |  -13.768 |      -63.4 |      -23.2 |      7 | result\[30\]$_DFF_PN0_/D
     190* |       0 |      18 |      124 |      0 |    73 |    +1.9% |   -9.035 |      -50.3 |      -13.7 |      7 | result\[30\]$_DFF_PN0_/D
     196* |       0 |      24 |      124 |      0 |    73 |    +1.9% |   -7.450 |      -38.7 |      -10.6 |      7 | result\[30\]$_DFF_PN0_/D
     197* |       0 |      24 |      124 |      0 |    73 |    +1.9% |   -7.450 |      -38.7 |      -10.6 |      7 | result\[30\]$_DFF_PN0_/D
     198* |       0 |      24 |      124 |      0 |    73 |    +1.9% |   -7.450 |      -38.7 |      -10.6 |      7 | result\[30\]$_DFF_PN0_/D
     199* |       0 |      24 |      124 |      0 |    73 |    +1.9% |   -7.450 |      -38.7 |      -10.6 |      7 | result\[30\]$_DFF_PN0_/D
     200* |       0 |      24 |      124 |      0 |    73 |    +1.9% |   -7.450 |      -38.7 |      -10.6 |      7 | result\[30\]$_DFF_PN0_/D
     200* |       0 |      24 |      124 |      0 |    73 |    +1.9% |   -7.450 |      -38.7 |      -10.6 |      7 | result\[30\]$_DFF_PN0_/D
     201* |       0 |      24 |      124 |      0 |    73 |    +1.9% |   -7.450 |      -38.7 |      -10.6 |      7 | result\[30\]$_DFF_PN0_/D
     202* |       0 |      24 |      124 |      0 |    73 |    +1.9% |   -7.450 |      -38.7 |      -10.6 |      7 | result\[30\]$_DFF_PN0_/D
     202* |       0 |      24 |      124 |      0 |    73 |    +1.9% |   -7.450 |      -38.7 |      -10.6 |      7 | result\[30\]$_DFF_PN0_/D
     203+ |       0 |      24 |      124 |      0 |    73 |    +1.9% |   -7.450 |      -38.7 |      -10.6 |      2 | result\[30\]$_DFF_PN0_/D
     204+ |       0 |      24 |      124 |      0 |    73 |    +1.9% |   -7.450 |      -38.7 |      -10.6 |      2 | result\[30\]$_DFF_PN0_/D
    final |       0 |      24 |      124 |      0 |    73 |    +1.9% |   -7.450 |      -38.7 |      -10.6 |      2 | result\[30\]$_DFF_PN0_/D
------------------------------------------------------------------------------------------------------------------------------
[INFO RSZ-0040] Inserted 124 buffers.
[INFO RSZ-0051] Resized 24 instances: 24 up, 0 up match, 0 down, 0 VT
[INFO RSZ-0043] Swapped pins on 73 instances.
[WARNING RSZ-0062] Unable to repair all setup violations.
[INFO RSZ-0505] Runtime: 12.27s
[INFO RSZ-0033] No hold violations found.
[INFO RSZ-0506] Runtime: 0.03s
Took 12 seconds: repair_timing -setup_margin 0 -hold_margin 0 -repair_tns 100 -verbose
global_route -start_incremental
detailed_placement
[INFO DPL-0006] Core area: 1644.62 um^2
[INFO DPL-0007] Movable instances area: 621.37 um^2
[INFO DPL-0008] Fixed instances area within core: 10.96 um^2
[INFO DPL-0009] Utilization: 38.4%
[INFO DPL-0005] Diamond search max displacement: +/- 500 sites horizontally, +/- 100 rows vertically.
[INFO DPL-1102] Legalizing using negotiation legalizer.
[INFO DPL-1103] Negotiation base search window: +/-20 sites horizontally, +/-5 rows vertically 
	Automatic search window extension enabled.
	Search window extendable up to the max displacement cap of +/-500 sites, +/-100 rows near walls.
[INFO DPL-1104] NegotiationLegalizer DRC penalty: 5.
[INFO DPL-0392] Negotiation cell height distribution (1 unique row-count(s)):
[INFO DPL-0393]   height 1 row(s): 6406 cells
          |      Total |  Illegal |  Illegal
Iteration | Violations |    Cells |    Sites
---------------------------------------------
        0 |          0 |         0 |         0
Negotiation phase 1 converged at iteration 0.
[INFO DPL-0500] Runtime: 0.03s
Placement Analysis
---------------------------------
total displacement         52.2 u
average displacement        0.0 u
max displacement            2.9 u
original HPWL           10211.8 u
legalized HPWL          10267.7 u
delta HPWL                    1 %

check_placement -verbose
global_route -end_incremental -resistance_aware -congestion_report_file /work/reports/asap7/opentallas_numeric_e1_l16_tc/base/congestion_post_repair_timing.rpt
estimate_parasitics -global_routing
repair_timing -setup -sequence "vt_swap reroute" -skip_last_gasp -repair_tns 0 -verbose
[INFO RSZ-0100] Repair move sequence: RerouteMove 
[INFO RSZ-0094] Found 2 endpoints with setup violations.
[INFO RSZ-0099] Repairing 1 out of 2 (0.00%) violating endpoints...
   Iter   | Removed | Resized | Inserted | Cloned |  Pin  |   Area   |    WNS   |   StTNS    |   EnTNS    |  Viol  |  Worst  
          | Buffers |  Gates  | Buffers  |  Gates | Swaps |          |          |            |            | Endpts | St/EnPt 
------------------------------------------------------------------------------------------------------------------------------
       0* |       0 |       0 |        0 |      0 |     0 |    +0.0% |  -20.461 |     -123.1 |      -34.7 |      2 | result\[30\]$_DFF_PN0_/D
       1* |       0 |       0 |        0 |      0 |     0 |    +0.0% |  -20.461 |     -123.1 |      -34.7 |      2 | result\[30\]$_DFF_PN0_/D
       1* |       0 |       0 |        0 |      0 |     0 |    +0.0% |  -20.461 |     -123.1 |      -34.7 |      2 | result\[30\]$_DFF_PN0_/D
    final |       0 |       0 |        0 |      0 |     0 |    +0.0% |  -20.461 |     -123.1 |      -34.7 |      2 | result\[30\]$_DFF_PN0_/D
------------------------------------------------------------------------------------------------------------------------------
[WARNING RSZ-0062] Unable to repair all setup violations.
[INFO RSZ-0505] Runtime: 0.18s
Repair antennas...
[WARNING GRT-0246] No diode with LEF class CORE ANTENNACELL found.
[INFO ANT-0002] Found 0 net violations.
[INFO ANT-0001] Found 0 pin violations.
Estimate parasitics...
estimate_parasitics -global_routing
Report metrics stage 5, global route...

==========================================================================
global route report_design_area
--------------------------------------------------------------------------
Design area 632 um^2 38% utilization.
[INFO FLW-0007] clock core_clk period 4250.000000
[INFO FLW-0008] Clock core_clk period 4056.937
[INFO FLW-0009] Clock core_clk slack -20.461
write_sdc -no_timestamp /work/results/asap7/opentallas_numeric_e1_l16_tc/base/updated_clks.sdc
[INFO FLW-0011] Path endpoint path count 110
write_db /work/results/asap7/opentallas_numeric_e1_l16_tc/base/5_1_grt.odb
write_sdc -no_timestamp /work/results/asap7/opentallas_numeric_e1_l16_tc/base/5_1_grt.sdc
Elapsed time: 0:19.22[h:]min:sec. CPU time: user 232.36 sys 4.22 (1230%). Peak memory: 446824KB.
Log                       Ext     Elapsed/s Peak Memory/MB sha1sum result [0:20)
5_1_grt                   .odb           19            436 cdb547eb8c00588c684d
5_1_grt                   .sdc                             a9bed2ace72f49bcbd91
/OpenROAD-flow-scripts/flow/scripts/flow.sh 5_2_route detail_route
Running detail_route.tcl, stage 5_2_route
source /OpenROAD-flow-scripts/flow/platforms/asap7/liberty_suppressions.tcl
read_liberty /OpenROAD-flow-scripts/flow/platforms/asap7/lib/NLDM/asap7sc7p5t_AO_RVT_TT_nldm_211120.lib.gz
read_liberty /OpenROAD-flow-scripts/flow/platforms/asap7/lib/NLDM/asap7sc7p5t_INVBUF_RVT_TT_nldm_220122.lib.gz
read_liberty /OpenROAD-flow-scripts/flow/platforms/asap7/lib/NLDM/asap7sc7p5t_OA_RVT_TT_nldm_211120.lib.gz
read_liberty /OpenROAD-flow-scripts/flow/platforms/asap7/lib/NLDM/asap7sc7p5t_SEQ_RVT_TT_nldm_220123.lib
read_liberty /OpenROAD-flow-scripts/flow/platforms/asap7/lib/NLDM/asap7sc7p5t_SIMPLE_RVT_TT_nldm_211120.lib.gz
read_db /work/results/asap7/opentallas_numeric_e1_l16_tc/base/5_1_grt.odb
read_sdc /work/results/asap7/opentallas_numeric_e1_l16_tc/base/5_1_grt.sdc
source /OpenROAD-flow-scripts/flow/platforms/asap7/setRC.tcl
detailed_route -output_drc /work/reports/asap7/opentallas_numeric_e1_l16_tc/base/5_route_drc.rpt -output_maze /work/results/asap7/opentallas_numeric_e1_l16_tc/base/maze.log -droute_end_iter 64 -verbose 1 -drc_report_iter_step 5
[INFO DRT-0149] Reading tech and libs.

Units:                1000
Number of layers:     21
Number of macros:     212
Number of vias:       14
Number of viarulegen: 11

[INFO DRT-0150] Reading design.

Design:                   ot_numeric_dot
Die area:                 ( 0 0 ) ( 44680 44680 )
Number of track patterns: 32
Number of DEF vias:       0
Number of components:     6406
Number of terminals:      237
Number of snets:          2
Number of nets:           7282

[INFO DRT-0167] List of default vias:
  Layer V2
    default via: VIA23
  Layer V3
    default via: VIA34
  Layer V4
    default via: VIA45
  Layer V5
    default via: VIA56
  Layer V6
    default via: VIA67
  Layer V7
    default via: VIA78
  Layer V8
    default via: VIA89
  Layer V9
    default via: VIA9Pad
[INFO DRT-0162] Library cell analysis.
[INFO DRT-0163] Instance analysis.
[INFO DRT-0164] Number of unique instances = 146.
[INFO DRT-0168] Init region query.
[INFO DRT-0024]   Complete Active.
[INFO DRT-0024]   Complete V0.
[INFO DRT-0024]   Complete M1.
[INFO DRT-0024]   Complete V1.
[INFO DRT-0024]   Complete M2.
[INFO DRT-0024]   Complete V2.
[INFO DRT-0024]   Complete M3.
[INFO DRT-0024]   Complete V3.
[INFO DRT-0024]   Complete M4.
[INFO DRT-0024]   Complete V4.
[INFO DRT-0024]   Complete M5.
[INFO DRT-0024]   Complete V5.
[INFO DRT-0024]   Complete M6.
[INFO DRT-0024]   Complete V6.
[INFO DRT-0024]   Complete M7.
[INFO DRT-0024]   Complete V7.
[INFO DRT-0024]   Complete M8.
[INFO DRT-0024]   Complete V8.
[INFO DRT-0024]   Complete M9.
[INFO DRT-0024]   Complete V9.
[INFO DRT-0024]   Complete Pad.
[INFO DRT-0033] Active shape region query size = 0.
[INFO DRT-0033] V0 shape region query size = 0.
[INFO DRT-0033] M1 shape region query size = 97512.
[INFO DRT-0033] V1 shape region query size = 174524.
[INFO DRT-0033] M2 shape region query size = 3056.
[INFO DRT-0033] V2 shape region query size = 3624.
[INFO DRT-0033] M3 shape region query size = 3624.
[INFO DRT-0033] V3 shape region query size = 2416.
[INFO DRT-0033] M4 shape region query size = 2538.
[INFO DRT-0033] V4 shape region query size = 2416.
[INFO DRT-0033] M5 shape region query size = 1465.
[INFO DRT-0033] V5 shape region query size = 256.
[INFO DRT-0033] M6 shape region query size = 160.
[INFO DRT-0033] V6 shape region query size = 0.
[INFO DRT-0033] M7 shape region query size = 0.
[INFO DRT-0033] V7 shape region query size = 0.
[INFO DRT-0033] M8 shape region query size = 0.
[INFO DRT-0033] V8 shape region query size = 0.
[INFO DRT-0033] M9 shape region query size = 0.
[INFO DRT-0033] V9 shape region query size = 0.
[INFO DRT-0033] Pad shape region query size = 0.
[INFO DRT-0165] Start pin access.
[INFO DRT-0078]   Complete 826 pins.
[INFO DRT-0079]   Complete 100 unique inst patterns.
[INFO DRT-0081]   Complete 146 unique inst patterns.
[INFO DRT-0084]   Complete 4432 groups.
#scanned instances     = 6406
#unique  instances     = 146
#stdCellGenAp          = 3886
#stdCellValidPlanarAp  = 90
#stdCellValidViaAp     = 3197
#stdCellPinNoAp        = 0
#stdCellPinCnt         = 19556
#instTermValidViaApCnt = 0
#macroGenAp            = 0
#macroValidPlanarAp    = 0
#macroValidViaAp       = 0
#macroNoAp             = 0
[INFO DRT-0166] Complete pin access.
[INFO DRT-0267] cpu time = 00:00:47, elapsed time = 00:00:02, memory = 371.67 (MB), peak = 368.05 (MB)

[INFO DRT-0157] Number of guides:     46495

[INFO DRT-0169] Post process guides.
[INFO DRT-0176] GCELLGRID X 0 DO 78 STEP 570 ;
[INFO DRT-0177] GCELLGRID Y 0 DO 78 STEP 570 ;
[INFO DRT-0028]   Complete Active.
[INFO DRT-0028]   Complete V0.
[INFO DRT-0028]   Complete M1.
[INFO DRT-0028]   Complete V1.
[INFO DRT-0028]   Complete M2.
[INFO DRT-0028]   Complete V2.
[INFO DRT-0028]   Complete M3.
[INFO DRT-0028]   Complete V3.
[INFO DRT-0028]   Complete M4.
[INFO DRT-0028]   Complete V4.
[INFO DRT-0028]   Complete M5.
[INFO DRT-0028]   Complete V5.
[INFO DRT-0028]   Complete M6.
[INFO DRT-0028]   Complete V6.
[INFO DRT-0028]   Complete M7.
[INFO DRT-0028]   Complete V7.
[INFO DRT-0028]   Complete M8.
[INFO DRT-0028]   Complete V8.
[INFO DRT-0028]   Complete M9.
[INFO DRT-0028]   Complete V9.
[INFO DRT-0028]   Complete Pad.
[INFO DRT-0178] Init guide query.
[INFO DRT-0035]   Complete Active (guide).
[INFO DRT-0035]   Complete V0 (guide).
[INFO DRT-0035]   Complete M1 (guide).
[INFO DRT-0035]   Complete V1 (guide).
[INFO DRT-0035]   Complete M2 (guide).
[INFO DRT-0035]   Complete V2 (guide).
[INFO DRT-0035]   Complete M3 (guide).
[INFO DRT-0035]   Complete V3 (guide).
[INFO DRT-0035]   Complete M4 (guide).
[INFO DRT-0035]   Complete V4 (guide).
[INFO DRT-0035]   Complete M5 (guide).
[INFO DRT-0035]   Complete V5 (guide).
[INFO DRT-0035]   Complete M6 (guide).
[INFO DRT-0035]   Complete V6 (guide).
[INFO DRT-0035]   Complete M7 (guide).
[INFO DRT-0035]   Complete V7 (guide).
[INFO DRT-0035]   Complete M8 (guide).
[INFO DRT-0035]   Complete V8 (guide).
[INFO DRT-0035]   Complete M9 (guide).
[INFO DRT-0035]   Complete V9 (guide).
[INFO DRT-0035]   Complete Pad (guide).
[INFO DRT-0036] Active guide region query size = 0.
[INFO DRT-0036] V0 guide region query size = 0.
[INFO DRT-0036] M1 guide region query size = 15410.
[INFO DRT-0036] V1 guide region query size = 0.
[INFO DRT-0036] M2 guide region query size = 13044.
[INFO DRT-0036] V2 guide region query size = 0.
[INFO DRT-0036] M3 guide region query size = 6324.
[INFO DRT-0036] V3 guide region query size = 0.
[INFO DRT-0036] M4 guide region query size = 1098.
[INFO DRT-0036] V4 guide region query size = 0.
[INFO DRT-0036] M5 guide region query size = 803.
[INFO DRT-0036] V5 guide region query size = 0.
[INFO DRT-0036] M6 guide region query size = 421.
[INFO DRT-0036] V6 guide region query size = 0.
[INFO DRT-0036] M7 guide region query size = 167.
[INFO DRT-0036] V7 guide region query size = 0.
[INFO DRT-0036] M8 guide region query size = 0.
[INFO DRT-0036] V8 guide region query size = 0.
[INFO DRT-0036] M9 guide region query size = 0.
[INFO DRT-0036] V9 guide region query size = 0.
[INFO DRT-0036] Pad guide region query size = 0.
[INFO DRT-0179] Init gr pin query.
[INFO DRT-0267] cpu time = 00:00:00, elapsed time = 00:00:00, memory = 384.10 (MB), peak = 380.30 (MB)
[INFO DRT-0245] skipped writing guide updates to database.
[INFO DRT-0181] Start track assignment.
[INFO DRT-0184] Done with 22704 vertical wires in 2 frboxes and 14563 horizontal wires in 2 frboxes.
[INFO DRT-0186] Done with 1452 vertical wires in 2 frboxes and 2343 horizontal wires in 2 frboxes.
[INFO DRT-0182] Complete track assignment.
[INFO DRT-0267] cpu time = 00:00:01, elapsed time = 00:00:00, memory = 484.21 (MB), peak = 481.05 (MB)
[INFO DRT-0187] Start routing data preparation.
[INFO DRT-0267] cpu time = 00:00:00, elapsed time = 00:00:00, memory = 484.91 (MB), peak = 481.55 (MB)
[INFO DRT-0194] Start detail routing.
[INFO DRT-0195] Start 0th optimization iteration.
    Completing 10% with 0 violations.
    elapsed time = 00:00:00, memory = 1669.96 (MB).
    Completing 20% with 0 violations.
    elapsed time = 00:00:00, memory = 1198.52 (MB).
    Completing 30% with 96 violations.
    elapsed time = 00:00:01, memory = 2084.47 (MB).
    Completing 40% with 96 violations.
    elapsed time = 00:00:01, memory = 1789.80 (MB).
    Completing 50% with 96 violations.
    elapsed time = 00:00:01, memory = 1253.20 (MB).
    Completing 60% with 164 violations.
    elapsed time = 00:00:02, memory = 2329.20 (MB).
    Completing 70% with 164 violations.
    elapsed time = 00:00:02, memory = 1751.57 (MB).
    Completing 80% with 271 violations.
    elapsed time = 00:00:02, memory = 2578.63 (MB).
    Completing 90% with 271 violations.
    elapsed time = 00:00:03, memory = 2130.77 (MB).
    Completing 100% with 380 violations.
    elapsed time = 00:00:03, memory = 1516.55 (MB).
[INFO DRT-0199]   Number of violations = 593.
Viol/Layer          M1     M2     M3     M4     V4     M5     V5     M6     M7
CutSpcTbl            0      0      0      0      3      0      2      0      0
EOL                  0     13      0      0      0      0      0      1      0
Metal Spacing      143      7     20      0      0      0      0      1      0
Recheck              0    131     58      8      0      8      0      6      2
Short               47     12      5      0      0      1      0      5      0
eolKeepOut           0    117      0      0      0      0      0      3      0
[INFO DRT-0267] cpu time = 00:00:54, elapsed time = 00:00:04, memory = 2025.43 (MB), peak = 2590.18 (MB)
Total wire length = 10969 um.
Total wire length on LAYER M1 = 0 um.
Total wire length on LAYER M2 = 4504 um.
Total wire length on LAYER M3 = 5383 um.
Total wire length on LAYER M4 = 449 um.
Total wire length on LAYER M5 = 252 um.
Total wire length on LAYER M6 = 203 um.
Total wire length on LAYER M7 = 175 um.
Total wire length on LAYER M8 = 0 um.
Total wire length on LAYER M9 = 0 um.
Total wire length on LAYER Pad = 0 um.
Total number of vias = 44187.
Up-via summary (total 44187):

----------------
 Active        0
     M1    18278
     M2    23130
     M3     1558
     M4      652
     M5      359
     M6      210
     M7        0
     M8        0
     M9        0
----------------
       44187


[INFO DRT-0195] Start 1st optimization iteration.
    Completing 10% with 593 violations.
    elapsed time = 00:00:00, memory = 3060.35 (MB).
    Completing 20% with 593 violations.
    elapsed time = 00:00:00, memory = 2460.10 (MB).
    Completing 30% with 494 violations.
    elapsed time = 00:00:01, memory = 3311.00 (MB).
    Completing 40% with 494 violations.
    elapsed time = 00:00:01, memory = 2856.00 (MB).
    Completing 50% with 494 violations.
    elapsed time = 00:00:01, memory = 2262.38 (MB).
    Completing 60% with 389 violations.
    elapsed time = 00:00:02, memory = 3178.52 (MB).
    Completing 70% with 389 violations.
    elapsed time = 00:00:02, memory = 2622.11 (MB).
    Completing 80% with 158 violations.
    elapsed time = 00:00:03, memory = 3377.62 (MB).
    Completing 90% with 158 violations.
    elapsed time = 00:00:03, memory = 2956.81 (MB).
    Completing 100% with 14 violations.
    elapsed time = 00:00:03, memory = 2337.04 (MB).
[INFO DRT-0199]   Number of violations = 14.
Viol/Layer          M2     M3     V4
CutSpcTbl            0      0      4
EOL                  2      0      0
Metal Spacing        0      2      0
eolKeepOut           6      0      0
[INFO DRT-0267] cpu time = 00:01:01, elapsed time = 00:00:04, memory = 2340.04 (MB), peak = 3373.10 (MB)
Total wire length = 10846 um.
Total wire length on LAYER M1 = 0 um.
Total wire length on LAYER M2 = 4485 um.
Total wire length on LAYER M3 = 5383 um.
Total wire length on LAYER M4 = 451 um.
Total wire length on LAYER M5 = 226 um.
Total wire length on LAYER M6 = 166 um.
Total wire length on LAYER M7 = 133 um.
Total wire length on LAYER M8 = 0 um.
Total wire length on LAYER M9 = 0 um.
Total wire length on LAYER Pad = 0 um.
Total number of vias = 42481.
Up-via summary (total 42481):

----------------
 Active        0
     M1    18273
     M2    21975
     M3     1365
     M4      478
     M5      258
     M6      132
     M7        0
     M8        0
     M9        0
----------------
       42481


[INFO DRT-0195] Start 2nd optimization iteration.
    Completing 10% with 14 violations.
    elapsed time = 00:00:00, memory = 2340.04 (MB).
    Completing 20% with 14 violations.
    elapsed time = 00:00:00, memory = 2340.04 (MB).
    Completing 30% with 14 violations.
    elapsed time = 00:00:00, memory = 2340.04 (MB).
    Completing 40% with 14 violations.
    elapsed time = 00:00:00, memory = 2340.04 (MB).
    Completing 50% with 14 violations.
    elapsed time = 00:00:00, memory = 2344.88 (MB).
    Completing 60% with 12 violations.
    elapsed time = 00:00:00, memory = 2344.88 (MB).
    Completing 70% with 12 violations.
    elapsed time = 00:00:00, memory = 2344.88 (MB).
    Completing 80% with 9 violations.
    elapsed time = 00:00:01, memory = 2344.88 (MB).
    Completing 90% with 9 violations.
    elapsed time = 00:00:01, memory = 2344.88 (MB).
    Completing 100% with 4 violations.
    elapsed time = 00:00:01, memory = 2360.40 (MB).
[INFO DRT-0199]   Number of violations = 4.
Viol/Layer          M3
Metal Spacing        3
Short                1
[INFO DRT-0267] cpu time = 00:00:06, elapsed time = 00:00:01, memory = 2360.40 (MB), peak = 3373.10 (MB)
Total wire length = 10832 um.
Total wire length on LAYER M1 = 0 um.
Total wire length on LAYER M2 = 4490 um.
Total wire length on LAYER M3 = 5387 um.
Total wire length on LAYER M4 = 447 um.
Total wire length on LAYER M5 = 220 um.
Total wire length on LAYER M6 = 159 um.
Total wire length on LAYER M7 = 126 um.
Total wire length on LAYER M8 = 0 um.
Total wire length on LAYER M9 = 0 um.
Total wire length on LAYER Pad = 0 um.
Total number of vias = 42359.
Up-via summary (total 42359):

----------------
 Active        0
     M1    18273
     M2    21946
     M3     1335
     M4      443
     M5      240
     M6      122
     M7        0
     M8        0
     M9        0
----------------
       42359


[INFO DRT-0195] Start 3rd guides tiles iteration.
    Completing 10% with 4 violations.
    elapsed time = 00:00:00, memory = 2360.40 (MB).
    Completing 30% with 4 violations.
    elapsed time = 00:00:00, memory = 2360.40 (MB).
    Completing 50% with 4 violations.
    elapsed time = 00:00:00, memory = 2360.40 (MB).
    Completing 60% with 0 violations.
    elapsed time = 00:00:00, memory = 2360.40 (MB).
    Completing 80% with 0 violations.
    elapsed time = 00:00:00, memory = 2360.40 (MB).
    Completing 100% with 0 violations.
    elapsed time = 00:00:00, memory = 2360.40 (MB).
[INFO DRT-0199]   Number of violations = 0.
[INFO DRT-0267] cpu time = 00:00:01, elapsed time = 00:00:00, memory = 2360.40 (MB), peak = 3373.10 (MB)
Total wire length = 10832 um.
Total wire length on LAYER M1 = 0 um.
Total wire length on LAYER M2 = 4490 um.
Total wire length on LAYER M3 = 5387 um.
Total wire length on LAYER M4 = 447 um.
Total wire length on LAYER M5 = 220 um.
Total wire length on LAYER M6 = 159 um.
Total wire length on LAYER M7 = 126 um.
Total wire length on LAYER M8 = 0 um.
Total wire length on LAYER M9 = 0 um.
Total wire length on LAYER Pad = 0 um.
Total number of vias = 42366.
Up-via summary (total 42366):

----------------
 Active        0
     M1    18273
     M2    21949
     M3     1339
     M4      443
     M5      240
     M6      122
     M7        0
     M8        0
     M9        0
----------------
       42366


[INFO DRT-0198] Complete detail routing.
Total wire length = 10832 um.
Total wire length on LAYER M1 = 0 um.
Total wire length on LAYER M2 = 4490 um.
Total wire length on LAYER M3 = 5387 um.
Total wire length on LAYER M4 = 447 um.
Total wire length on LAYER M5 = 220 um.
Total wire length on LAYER M6 = 159 um.
Total wire length on LAYER M7 = 126 um.
Total wire length on LAYER M8 = 0 um.
Total wire length on LAYER M9 = 0 um.
Total wire length on LAYER Pad = 0 um.
Total number of vias = 42366.
Up-via summary (total 42366):

----------------
 Active        0
     M1    18273
     M2    21949
     M3     1339
     M4      443
     M5      240
     M6      122
     M7        0
     M8        0
     M9        0
----------------
       42366


[INFO DRT-0267] cpu time = 00:02:04, elapsed time = 00:00:10, memory = 2360.53 (MB), peak = 3373.10 (MB)

[INFO DRT-0180] Post processing.
[INFO DRT-0501] Runtime: 14.01s
Took 14 seconds: detailed_route -output_drc /work/reports/asap7/opentallas_numeric_e1_l16_tc/base/5_route_drc.rpt -output_maze /work/results/asap7/opentallas_numeric_e1_l16_tc/base/maze.log -droute_end_iter 64 -verbose 1 -drc_report_iter_step 5
[WARNING GRT-0246] No diode with LEF class CORE ANTENNACELL found.
[INFO ANT-0002] Found 0 net violations.
[INFO ANT-0001] Found 0 pin violations.
[INFO ANT-0002] Found 0 net violations.
[INFO ANT-0001] Found 0 pin violations.
Design area 632 um^2 38% utilization.
write_db /work/results/asap7/opentallas_numeric_e1_l16_tc/base/5_2_route.odb
Elapsed time: 0:15.39[h:]min:sec. CPU time: user 174.59 sys 5.53 (1170%). Peak memory: 3454056KB.
Log                       Ext     Elapsed/s Peak Memory/MB sha1sum result [0:20)
5_2_route                 .odb           15           3373 c69f5e0ba8e5b4c7e4cf
/OpenROAD-flow-scripts/flow/scripts/flow.sh 5_3_fillcell fillcell
Running fillcell.tcl, stage 5_3_fillcell
source /OpenROAD-flow-scripts/flow/platforms/asap7/liberty_suppressions.tcl
read_liberty /OpenROAD-flow-scripts/flow/platforms/asap7/lib/NLDM/asap7sc7p5t_AO_RVT_TT_nldm_211120.lib.gz
read_liberty /OpenROAD-flow-scripts/flow/platforms/asap7/lib/NLDM/asap7sc7p5t_INVBUF_RVT_TT_nldm_220122.lib.gz
read_liberty /OpenROAD-flow-scripts/flow/platforms/asap7/lib/NLDM/asap7sc7p5t_OA_RVT_TT_nldm_211120.lib.gz
read_liberty /OpenROAD-flow-scripts/flow/platforms/asap7/lib/NLDM/asap7sc7p5t_SEQ_RVT_TT_nldm_220123.lib
read_liberty /OpenROAD-flow-scripts/flow/platforms/asap7/lib/NLDM/asap7sc7p5t_SIMPLE_RVT_TT_nldm_211120.lib.gz
read_db /work/results/asap7/opentallas_numeric_e1_l16_tc/base/5_2_route.odb
read_sdc /work/results/asap7/opentallas_numeric_e1_l16_tc/base/5_1_grt.sdc
source /OpenROAD-flow-scripts/flow/platforms/asap7/setRC.tcl
filler_placement "FILLERxp5_ASAP7_75t_R FILLER_ASAP7_75t_R DECAPx1_ASAP7_75t_R DECAPx2_ASAP7_75t_R DECAPx4_ASAP7_75t_R DECAPx6_ASAP7_75t_R DECAPx10_ASAP7_75t_R"
[INFO DPL-0001] Placed 9447 filler instances.
Design area 632 um^2 38% utilization.
write_db /work/results/asap7/opentallas_numeric_e1_l16_tc/base/5_3_fillcell.odb
Elapsed time: 0:00.95[h:]min:sec. CPU time: user 0.86 sys 0.09 (100%). Peak memory: 232020KB.
Log                       Ext     Elapsed/s Peak Memory/MB sha1sum result [0:20)
5_3_fillcell              .odb            0            226 22e1f8264bb30197b620
cp /work/results/asap7/opentallas_numeric_e1_l16_tc/base/5_3_fillcell.odb /work/results/asap7/opentallas_numeric_e1_l16_tc/base/5_route.odb
cp /work/results/asap7/opentallas_numeric_e1_l16_tc/base/5_1_grt.sdc /work/results/asap7/opentallas_numeric_e1_l16_tc/base/5_route.sdc
/OpenROAD-flow-scripts/flow/scripts/flow.sh 6_1_fill density_fill
Running density_fill.tcl, stage 6_1_fill
source /OpenROAD-flow-scripts/flow/platforms/asap7/liberty_suppressions.tcl
read_liberty /OpenROAD-flow-scripts/flow/platforms/asap7/lib/NLDM/asap7sc7p5t_AO_RVT_TT_nldm_211120.lib.gz
read_liberty /OpenROAD-flow-scripts/flow/platforms/asap7/lib/NLDM/asap7sc7p5t_INVBUF_RVT_TT_nldm_220122.lib.gz
read_liberty /OpenROAD-flow-scripts/flow/platforms/asap7/lib/NLDM/asap7sc7p5t_OA_RVT_TT_nldm_211120.lib.gz
read_liberty /OpenROAD-flow-scripts/flow/platforms/asap7/lib/NLDM/asap7sc7p5t_SEQ_RVT_TT_nldm_220123.lib
read_liberty /OpenROAD-flow-scripts/flow/platforms/asap7/lib/NLDM/asap7sc7p5t_SIMPLE_RVT_TT_nldm_211120.lib.gz
read_db /work/results/asap7/opentallas_numeric_e1_l16_tc/base/5_route.odb
read_sdc /work/results/asap7/opentallas_numeric_e1_l16_tc/base/5_route.sdc
source /OpenROAD-flow-scripts/flow/platforms/asap7/setRC.tcl
exec cp /work/results/asap7/opentallas_numeric_e1_l16_tc/base/5_route.odb /work/results/asap7/opentallas_numeric_e1_l16_tc/base/6_1_fill.odb
Elapsed time: 0:00.95[h:]min:sec. CPU time: user 0.87 sys 0.08 (100%). Peak memory: 216992KB.
Log                       Ext     Elapsed/s Peak Memory/MB sha1sum result [0:20)
6_1_fill                  .odb            0            211 22e1f8264bb30197b620
cp /work/results/asap7/opentallas_numeric_e1_l16_tc/base/5_route.sdc /work/results/asap7/opentallas_numeric_e1_l16_tc/base/6_1_fill.sdc
/OpenROAD-flow-scripts/flow/scripts/flow.sh 6_report final_report
Running final_report.tcl, stage 6_report
source /OpenROAD-flow-scripts/flow/platforms/asap7/liberty_suppressions.tcl
read_liberty /OpenROAD-flow-scripts/flow/platforms/asap7/lib/NLDM/asap7sc7p5t_AO_RVT_TT_nldm_211120.lib.gz
read_liberty /OpenROAD-flow-scripts/flow/platforms/asap7/lib/NLDM/asap7sc7p5t_INVBUF_RVT_TT_nldm_220122.lib.gz
read_liberty /OpenROAD-flow-scripts/flow/platforms/asap7/lib/NLDM/asap7sc7p5t_OA_RVT_TT_nldm_211120.lib.gz
read_liberty /OpenROAD-flow-scripts/flow/platforms/asap7/lib/NLDM/asap7sc7p5t_SEQ_RVT_TT_nldm_220123.lib
read_liberty /OpenROAD-flow-scripts/flow/platforms/asap7/lib/NLDM/asap7sc7p5t_SIMPLE_RVT_TT_nldm_211120.lib.gz
read_db /work/results/asap7/opentallas_numeric_e1_l16_tc/base/6_1_fill.odb
read_sdc /work/results/asap7/opentallas_numeric_e1_l16_tc/base/6_1_fill.sdc
source /OpenROAD-flow-scripts/flow/platforms/asap7/setRC.tcl
write_db /work/results/asap7/opentallas_numeric_e1_l16_tc/base/6_final.odb
write_sdc -no_timestamp /work/results/asap7/opentallas_numeric_e1_l16_tc/base/6_final.sdc
Deleted 0 routing obstructions
[INFO RCX-0431] Defined process_corner X with ext_model_index 0
[INFO RCX-0029] Defined extraction corner X
[WARNING RCX-0514] The ext_model_file option is deprecated. Use set_extraction_rules_file command instead.
[INFO RCX-0435] Reading extraction model file /OpenROAD-flow-scripts/flow/platforms/asap7/rcx_patterns.rules ...
[INFO RCX-0436] RC segment generation ot_numeric_dot (max_merge_res 50.0) ...
[INFO RCX-0040] Final 30834 rc segments
[INFO RCX-0439] Coupling Cap extraction ot_numeric_dot ...
[INFO RCX-0440] Coupling threshhold is 0.1000 fF, coupling capacitance less than 0.1000 fF will be grounded.
[INFO RCX-0442] 56% of 30587 wires extracted
[INFO RCX-0442] 100% of 30587 wires extracted
[INFO RCX-0045] Extract 7282 nets, 38116 rsegs, 38116 caps, 28823 ccs
[INFO RCX-0443] 7282 nets finished
[INFO PSM-0040] All shapes on net VDD are connected.
########## IR report #################
Net              : VDD
Corner           : default
Total power      : 6.43e-03 W
Supply voltage   : 7.00e-01 V
Worstcase voltage: 6.95e-01 V
Average voltage  : 6.99e-01 V
Average IR drop  : 8.06e-04 V
Worstcase IR drop: 4.90e-03 V
Percentage drop  : 0.70 %
######################################
[INFO PSM-0040] All shapes on net VSS are connected.
########## IR report #################
Net              : VSS
Corner           : default
Total power      : 6.43e-03 W
Supply voltage   : 0.00e+00 V
Worstcase voltage: 4.00e-03 V
Average voltage  : 8.00e-04 V
Average IR drop  : 8.00e-04 V
Worstcase IR drop: 4.00e-03 V
Percentage drop  : 0.57 %
######################################
Cell type report:                       Count       Area
  Fill cell                              9447    1012.29
  Tap cell                                376      10.96
  Tie cell                                 39       1.71
  Clock buffer                              7       1.28
  Timing Repair Buffer                    521      42.66
  Inverter                               1091      47.76
  Clock inverter                            1       0.10
  Sequential cell                          36      13.65
  Multi-Input combinational cell         4335     514.21
  Total                                 15853    1644.62
Report metrics stage 6, finish...

==========================================================================
finish report_design_area
--------------------------------------------------------------------------
Design area 632 um^2 38% utilization.
[WARNING GUI-0076] QStandardPaths: XDG_RUNTIME_DIR not set, defaulting to '/tmp/runtime-root'
Elapsed time: 0:04.93[h:]min:sec. CPU time: user 5.55 sys 0.66 (125%). Peak memory: 407812KB.
Log                       Ext     Elapsed/s Peak Memory/MB sha1sum result [0:20)
6_report                                  4            398                  N/A
cp /OpenROAD-flow-scripts/flow/platforms/asap7/lef/asap7_tech_1x_201209.lef /work/objects/asap7/opentallas_numeric_e1_l16_tc/base/klayout_tech.lef
/usr/bin/python3 /OpenROAD-flow-scripts/flow/util/generate_klayout_tech.py \
	--template /OpenROAD-flow-scripts/flow/platforms/asap7/KLayout/asap7.lyt \
	--output /work/objects/asap7/opentallas_numeric_e1_l16_tc/base/klayout.lyt \
	--lef-files /work/objects/asap7/opentallas_numeric_e1_l16_tc/base/klayout_tech.lef /OpenROAD-flow-scripts/flow/platforms/asap7/lef/asap7sc7p5t_28_R_1x_220121a.lef   \
	--map-files 
/usr/bin/python3 /OpenROAD-flow-scripts/flow/scripts/run_command.py --log /work/logs/asap7/opentallas_numeric_e1_l16_tc/base/6_1_merge.log --tee -- \
        /OpenROAD-flow-scripts/flow/scripts/klayout.sh -zz -rd design_name=ot_numeric_dot \
        -rd in_def=/work/results/asap7/opentallas_numeric_e1_l16_tc/base/6_final.def \
        -rd in_files="/OpenROAD-flow-scripts/flow/platforms/asap7/gds/asap7sc7p5t_28_R_220121a.gds  " \
        -rd seal_file="" \
        -rd out_file=/work/results/asap7/opentallas_numeric_e1_l16_tc/base/6_1_merged.gds \
        -rd tech_file=/work/objects/asap7/opentallas_numeric_e1_l16_tc/base/klayout.lyt \
        -rd layer_map= \
        -r /OpenROAD-flow-scripts/flow/util/def2stream.py
KLayout 0.30.7
Warning: DEF UNITS does not match reader DBU (DEF UNITS is 1000 and corresponds to a DBU of 0.001, but reader DBU is set to 0.00025) (line=5, cell=, file=6_final.def)
[INFO] Reporting cells prior to loading DEF ...
	/OpenROAD-flow-scripts/flow/platforms/asap7/gds/asap7sc7p5t_28_R_220121a.gds
[INFO] GDS_ALLOW_EMPTY=fakeram.*
[INFO] All LEF cells have matching GDS/OAS cells
[INFO] No orphan cells in the final layout
Elapsed time: 0:01.17[h:]min:sec. CPU time: user 1.05 sys 0.12 (99%). Peak memory: 460588KB.
cp /work/results/asap7/opentallas_numeric_e1_l16_tc/base/6_1_merged.gds /work/results/asap7/opentallas_numeric_e1_l16_tc/base/6_final.gds
/work/logs/asap7/opentallas_numeric_e1_l16_tc/base
Log                       Ext     Elapsed/s Peak Memory/MB sha1sum result [0:20)
1_1_yosys_canonicalize    .rtlil          0             83 a0e4a90296dadbf52e47
1_2_yosys                 .v              5            170 0188af45aca20573e674
1_2_yosys                 .sdc                             eb1bd6e14983d5cac816
1_synth                   .odb            0            209 ad53a833d07ec4f186b4
1_synth                   .sdc                             42ef85d6196ee5995d6b
2_1_floorplan             .odb            1            234 dce4c34ec84c27aa7229
2_1_floorplan             .sdc                             42ef85d6196ee5995d6b
2_2_floorplan_macro       .odb            0            203 dce4c34ec84c27aa7229
2_3_floorplan_tapcell     .odb            0            201 ede96d10bb9de4c89477
2_4_floorplan_pdn         .odb            0            207 4156d86358c1e1405f29
3_1_place_gp_skip_io      .odb           50            212 45125d0786bde2a66ef8
3_2_place_iop             .odb            0            205 2131dc131afa84db59b8
3_3_place_gp              .odb           49            383 9f4302ace1b41d796b45
3_4_place_resized         .odb            1            235 9f4302ace1b41d796b45
3_5_place_dp              .odb            2            237 4a5ef9d827d3ac6e0030
4_1_cts                   .odb            3            256 53ccb1c7f449b91c7e61
5_1_grt                   .odb           19            436 cdb547eb8c00588c684d
5_1_grt                   .sdc                             a9bed2ace72f49bcbd91
5_2_route                 .odb           15           3373 c69f5e0ba8e5b4c7e4cf
5_3_fillcell              .odb            0            226 22e1f8264bb30197b620
6_1_fill                  .odb            0            211 22e1f8264bb30197b620
6_1_fill                  .sdc                             a9bed2ace72f49bcbd91
6_1_merge                                 1            449                  N/A
6_report                                  4            398                  N/A
Total                                   150           3373                     
mkdir -p /work/reports/asap7/opentallas_numeric_e1_l16_tc/base
echo /work > /work/reports/asap7/opentallas_numeric_e1_l16_tc/base/design-dir.txt
/usr/bin/python3 /OpenROAD-flow-scripts/flow/util/genMetrics.py -d opentallas_numeric_e1_l16_tc \
    -p asap7 \
    -v base \
    --logs /work/logs/asap7/opentallas_numeric_e1_l16_tc/base \
    --reports /work/reports/asap7/opentallas_numeric_e1_l16_tc/base \
    --results /work/results/asap7/opentallas_numeric_e1_l16_tc/base \
    -o /work/reports/asap7/opentallas_numeric_e1_l16_tc/base/metadata.json 2>&1 \
    | tee /work/reports/asap7/opentallas_numeric_e1_l16_tc/base/metadata-generate.log
[WARN] not a git repo: /OpenROAD-flow-scripts/flow/util/../
[WARN] not a git repo: /OpenROAD-flow-scripts/flow/platforms/asap7
[WARN] Overwriting Tag synth__runtime__total
[WARN] Overwriting Tag synth__cpu__total
[WARN] Overwriting Tag synth__mem__peak
[WARN] Overwriting Tag finish__runtime__total
[WARN] Overwriting Tag finish__cpu__total
[WARN] Overwriting Tag finish__mem__peak
