
-- Running command `read_verilog -formal -sv /tmp/qrom-issue-lockstep-760a-r2/literal.sv /tmp/opentallas-qrom-source-context-next-20261002/rtl/hdc/ot_hdc_delay.sv /tmp/opentallas-qrom-source-context-next-20261002/rtl/hdc/ot_qwen_w12_matvec.sv /tmp/opentallas-qrom-source-context-next-20261002/rtl/hdc/ot_qwen_w12_arith.sv; prep -top lockstep -flatten; async2sync; dffunmap; opt; sat -seq 12 -prove-asserts -set-def-inputs -set rst_n 1 -set-at 1 rst_n 0 -verify -dump_vcd /tmp/qrom-issue-lockstep-760a-r2/base.vcd' --

1. Executing Verilog-2005 frontend: /tmp/qrom-issue-lockstep-760a-r2/literal.sv
Parsing formal SystemVerilog input from `/tmp/qrom-issue-lockstep-760a-r2/literal.sv' to AST representation.
Generating RTLIL representation for module `\issue_control'.
Warning: Replacing memory \g_issue_fast.osh with list of registers. See /tmp/qrom-issue-lockstep-760a-r2/literal.sv:91
Warning: Replacing memory \g_issue_fast.tsh with list of registers. See /tmp/qrom-issue-lockstep-760a-r2/literal.sv:90
/tmp/qrom-issue-lockstep-760a-r2/literal.sv:28: Warning: Identifier `\active_o' is implicitly declared.
Generating RTLIL representation for module `\source_boundary'.
Generating RTLIL representation for module `\lockstep'.
Successfully finished Verilog frontend.

2. Executing Verilog-2005 frontend: /tmp/opentallas-qrom-source-context-next-20261002/rtl/hdc/ot_hdc_delay.sv
Parsing formal SystemVerilog input from `/tmp/opentallas-qrom-source-context-next-20261002/rtl/hdc/ot_hdc_delay.sv' to AST representation.
Generating RTLIL representation for module `\ot_hdc_delay'.
Successfully finished Verilog frontend.

3. Executing Verilog-2005 frontend: /tmp/opentallas-qrom-source-context-next-20261002/rtl/hdc/ot_qwen_w12_matvec.sv
Parsing formal SystemVerilog input from `/tmp/opentallas-qrom-source-context-next-20261002/rtl/hdc/ot_qwen_w12_matvec.sv' to AST representation.
Generating RTLIL representation for module `\ot_qwen_w12_matvec'.
Generating RTLIL representation for module `\ot_qwen_w12_matvec_part'.
Warning: reg '\scale_re' is assigned in a continuous assignment at /tmp/opentallas-qrom-source-context-next-20261002/rtl/hdc/ot_qwen_w12_matvec.sv:949.16-949.31.
Warning: reg '\scale_gre' is assigned in a continuous assignment at /tmp/opentallas-qrom-source-context-next-20261002/rtl/hdc/ot_qwen_w12_matvec.sv:950.16-950.29.
Warning: reg '\scale_addr' is assigned in a continuous assignment at /tmp/opentallas-qrom-source-context-next-20261002/rtl/hdc/ot_qwen_w12_matvec.sv:951.16-951.30.
Warning: Replacing memory \rk with list of registers. See /tmp/opentallas-qrom-source-context-next-20261002/rtl/hdc/ot_qwen_w12_matvec.sv:1138
Generating RTLIL representation for module `\ot_qwen_w12_ladd'.
Generating RTLIL representation for module `\ot_qwen_w12_tadd'.
Generating RTLIL representation for module `\ot_qwen_w12_kadd'.
Generating RTLIL representation for module `\ot_qwen_w12_csa_tree'.
Generating RTLIL representation for module `\ot_qwen_w12_ksum'.
Successfully finished Verilog frontend.

4. Executing Verilog-2005 frontend: /tmp/opentallas-qrom-source-context-next-20261002/rtl/hdc/ot_qwen_w12_arith.sv
Parsing formal SystemVerilog input from `/tmp/opentallas-qrom-source-context-next-20261002/rtl/hdc/ot_qwen_w12_arith.sv' to AST representation.
Generating RTLIL representation for module `\ot_qwen_w12_ksa'.
Generating RTLIL representation for module `\ot_qwen_w12_bmul'.
Generating RTLIL representation for module `\ot_qwen_w12_mul8x8_cs'.
Successfully finished Verilog frontend.

5. Executing PREP pass.

5.1. Executing HIERARCHY pass (managing design hierarchy).

5.1.1. Analyzing design hierarchy..
Top module:  \lockstep
Used module:     \issue_control
Used module:         \ot_qwen_w12_kadd
Used module:             \ot_qwen_w12_ksa
Used module:         \ot_qwen_w12_ksum
Used module:             \ot_qwen_w12_csa_tree
Used module:     \source_boundary
Used module:         \ot_hdc_delay
Parameter \W = 18

5.1.2. Executing AST frontend in derive mode using pre-parsed AST for module `\ot_qwen_w12_kadd'.
Parameter \W = 18
Generating RTLIL representation for module `$paramod\ot_qwen_w12_kadd\W=s32'00000000000000000000000000010010'.
Parameter \W = 18
Found cached RTLIL representation for module `$paramod\ot_qwen_w12_kadd\W=s32'00000000000000000000000000010010'.
Parameter \W = 18
Found cached RTLIL representation for module `$paramod\ot_qwen_w12_kadd\W=s32'00000000000000000000000000010010'.
Parameter \W = 18
Found cached RTLIL representation for module `$paramod\ot_qwen_w12_kadd\W=s32'00000000000000000000000000010010'.
Parameter \W = 19

5.1.3. Executing AST frontend in derive mode using pre-parsed AST for module `\ot_qwen_w12_kadd'.
Parameter \W = 19
Generating RTLIL representation for module `$paramod\ot_qwen_w12_kadd\W=s32'00000000000000000000000000010011'.
Parameter \W = 19
Found cached RTLIL representation for module `$paramod\ot_qwen_w12_kadd\W=s32'00000000000000000000000000010011'.
Parameter \W = 19
Found cached RTLIL representation for module `$paramod\ot_qwen_w12_kadd\W=s32'00000000000000000000000000010011'.
Parameter \W = 24

5.1.4. Executing AST frontend in derive mode using pre-parsed AST for module `\ot_qwen_w12_kadd'.
Parameter \W = 24
Generating RTLIL representation for module `$paramod\ot_qwen_w12_kadd\W=s32'00000000000000000000000000011000'.
Parameter \W = 24
Found cached RTLIL representation for module `$paramod\ot_qwen_w12_kadd\W=s32'00000000000000000000000000011000'.
Parameter \W = 24
Found cached RTLIL representation for module `$paramod\ot_qwen_w12_kadd\W=s32'00000000000000000000000000011000'.
Parameter \W = 24
Found cached RTLIL representation for module `$paramod\ot_qwen_w12_kadd\W=s32'00000000000000000000000000011000'.
Parameter \W = 24
Found cached RTLIL representation for module `$paramod\ot_qwen_w12_kadd\W=s32'00000000000000000000000000011000'.
Parameter \W = 24
Found cached RTLIL representation for module `$paramod\ot_qwen_w12_kadd\W=s32'00000000000000000000000000011000'.
Parameter \W = 24
Found cached RTLIL representation for module `$paramod\ot_qwen_w12_kadd\W=s32'00000000000000000000000000011000'.
Parameter \W = 38
Parameter \N = 14

5.1.5. Executing AST frontend in derive mode using pre-parsed AST for module `\ot_qwen_w12_ksum'.
Parameter \W = 38
Parameter \N = 14
Generating RTLIL representation for module `$paramod$f90a6a4cd6df7e7af36144edac6c464473cbc678\ot_qwen_w12_ksum'.
Parameter \W = 38
Parameter \N = 14
Found cached RTLIL representation for module `$paramod$f90a6a4cd6df7e7af36144edac6c464473cbc678\ot_qwen_w12_ksum'.
Parameter \W = 24
Found cached RTLIL representation for module `$paramod\ot_qwen_w12_kadd\W=s32'00000000000000000000000000011000'.
Parameter \W = 24
Parameter \N = 8

5.1.6. Executing AST frontend in derive mode using pre-parsed AST for module `\ot_qwen_w12_csa_tree'.
Parameter \W = 24
Parameter \N = 8
Generating RTLIL representation for module `$paramod$8c111a38cd827ea2d98a61d9594363bb4304786e\ot_qwen_w12_csa_tree'.
Parameter \W = 24

5.1.7. Executing AST frontend in derive mode using pre-parsed AST for module `\ot_qwen_w12_ksa'.
Parameter \W = 24
Generating RTLIL representation for module `$paramod\ot_qwen_w12_ksa\W=s32'00000000000000000000000000011000'.
Parameter \W = 1
Parameter \D = 0
Parameter \RESET = 1

5.1.8. Executing AST frontend in derive mode using pre-parsed AST for module `\ot_hdc_delay'.
Parameter \W = 1
Parameter \D = 0
Parameter \RESET = 1
Generating RTLIL representation for module `$paramod$e79aff1b8f388e993ed62bf483ad881f82372906\ot_hdc_delay'.
Parameter \W = 379
Parameter \D = 0

5.1.9. Executing AST frontend in derive mode using pre-parsed AST for module `\ot_hdc_delay'.
Parameter \W = 379
Parameter \D = 0
Generating RTLIL representation for module `$paramod$b4ad5dedd87102a58431aca49e3d92cab1266120\ot_hdc_delay'.
Parameter \PART = 1
Parameter \LOCAL_KV_PREP = 3

5.1.10. Executing AST frontend in derive mode using pre-parsed AST for module `\issue_control'.
Parameter \PART = 1
Parameter \LOCAL_KV_PREP = 3
Generating RTLIL representation for module `$paramod$c18d8db2e976d41b022b6707b09d6292f3b9bf38\issue_control'.
Warning: Replacing memory \g_issue_fast.osh with list of registers. See /tmp/qrom-issue-lockstep-760a-r2/literal.sv:91
Warning: Replacing memory \g_issue_fast.tsh with list of registers. See /tmp/qrom-issue-lockstep-760a-r2/literal.sv:90
/tmp/qrom-issue-lockstep-760a-r2/literal.sv:28: Warning: Identifier `\active_o' is implicitly declared.
Parameter \PART = 2

5.1.11. Executing AST frontend in derive mode using pre-parsed AST for module `\issue_control'.
Parameter \PART = 2
Generating RTLIL representation for module `$paramod\issue_control\PART=s32'00000000000000000000000000000010'.
Warning: Replacing memory \g_issue_fast.osh with list of registers. See /tmp/qrom-issue-lockstep-760a-r2/literal.sv:91
Warning: Replacing memory \g_issue_fast.tsh with list of registers. See /tmp/qrom-issue-lockstep-760a-r2/literal.sv:90
/tmp/qrom-issue-lockstep-760a-r2/literal.sv:28: Warning: Identifier `\active_o' is implicitly declared.

5.1.12. Analyzing design hierarchy..
Top module:  \lockstep
Used module:     $paramod$c18d8db2e976d41b022b6707b09d6292f3b9bf38\issue_control
Used module:         \ot_qwen_w12_kadd
Used module:             $paramod\ot_qwen_w12_ksa\W=s32'00000000000000000000000000011000
Used module:         \ot_qwen_w12_ksum
Used module:             $paramod\ot_qwen_w12_kadd\W=s32'00000000000000000000000000011000
Used module:                 \ot_qwen_w12_ksa
Used module:             $paramod$8c111a38cd827ea2d98a61d9594363bb4304786e\ot_qwen_w12_csa_tree
Used module:     \source_boundary
Used module:         $paramod$e79aff1b8f388e993ed62bf483ad881f82372906\ot_hdc_delay
Used module:         $paramod$b4ad5dedd87102a58431aca49e3d92cab1266120\ot_hdc_delay
Used module:     $paramod\issue_control\PART=s32'00000000000000000000000000000010
Parameter \W = 24
Found cached RTLIL representation for module `$paramod\ot_qwen_w12_ksa\W=s32'00000000000000000000000000011000'.
Parameter \W = 18
Found cached RTLIL representation for module `$paramod\ot_qwen_w12_kadd\W=s32'00000000000000000000000000010010'.
Parameter \W = 18
Found cached RTLIL representation for module `$paramod\ot_qwen_w12_kadd\W=s32'00000000000000000000000000010010'.
Parameter \W = 18
Found cached RTLIL representation for module `$paramod\ot_qwen_w12_kadd\W=s32'00000000000000000000000000010010'.
Parameter \W = 18
Found cached RTLIL representation for module `$paramod\ot_qwen_w12_kadd\W=s32'00000000000000000000000000010010'.
Parameter \W = 19
Found cached RTLIL representation for module `$paramod\ot_qwen_w12_kadd\W=s32'00000000000000000000000000010011'.
Parameter \W = 19
Found cached RTLIL representation for module `$paramod\ot_qwen_w12_kadd\W=s32'00000000000000000000000000010011'.
Parameter \W = 19
Found cached RTLIL representation for module `$paramod\ot_qwen_w12_kadd\W=s32'00000000000000000000000000010011'.
Parameter \W = 24
Found cached RTLIL representation for module `$paramod\ot_qwen_w12_kadd\W=s32'00000000000000000000000000011000'.
Parameter \W = 24
Found cached RTLIL representation for module `$paramod\ot_qwen_w12_kadd\W=s32'00000000000000000000000000011000'.
Parameter \W = 24
Found cached RTLIL representation for module `$paramod\ot_qwen_w12_kadd\W=s32'00000000000000000000000000011000'.
Parameter \W = 24
Found cached RTLIL representation for module `$paramod\ot_qwen_w12_kadd\W=s32'00000000000000000000000000011000'.
Parameter \W = 24
Found cached RTLIL representation for module `$paramod\ot_qwen_w12_kadd\W=s32'00000000000000000000000000011000'.
Parameter \W = 24
Found cached RTLIL representation for module `$paramod\ot_qwen_w12_kadd\W=s32'00000000000000000000000000011000'.
Parameter \W = 24
Found cached RTLIL representation for module `$paramod\ot_qwen_w12_kadd\W=s32'00000000000000000000000000011000'.
Parameter \W = 38
Parameter \N = 14
Found cached RTLIL representation for module `$paramod$f90a6a4cd6df7e7af36144edac6c464473cbc678\ot_qwen_w12_ksum'.
Parameter \W = 38
Parameter \N = 14
Found cached RTLIL representation for module `$paramod$f90a6a4cd6df7e7af36144edac6c464473cbc678\ot_qwen_w12_ksum'.
Parameter \W = 18
Found cached RTLIL representation for module `$paramod\ot_qwen_w12_kadd\W=s32'00000000000000000000000000010010'.
Parameter \W = 18
Found cached RTLIL representation for module `$paramod\ot_qwen_w12_kadd\W=s32'00000000000000000000000000010010'.
Parameter \W = 18
Found cached RTLIL representation for module `$paramod\ot_qwen_w12_kadd\W=s32'00000000000000000000000000010010'.
Parameter \W = 18
Found cached RTLIL representation for module `$paramod\ot_qwen_w12_kadd\W=s32'00000000000000000000000000010010'.
Parameter \W = 19
Found cached RTLIL representation for module `$paramod\ot_qwen_w12_kadd\W=s32'00000000000000000000000000010011'.
Parameter \W = 19
Found cached RTLIL representation for module `$paramod\ot_qwen_w12_kadd\W=s32'00000000000000000000000000010011'.
Parameter \W = 19
Found cached RTLIL representation for module `$paramod\ot_qwen_w12_kadd\W=s32'00000000000000000000000000010011'.
Parameter \W = 24
Found cached RTLIL representation for module `$paramod\ot_qwen_w12_kadd\W=s32'00000000000000000000000000011000'.
Parameter \W = 24
Found cached RTLIL representation for module `$paramod\ot_qwen_w12_kadd\W=s32'00000000000000000000000000011000'.
Parameter \W = 24
Found cached RTLIL representation for module `$paramod\ot_qwen_w12_kadd\W=s32'00000000000000000000000000011000'.
Parameter \W = 24
Found cached RTLIL representation for module `$paramod\ot_qwen_w12_kadd\W=s32'00000000000000000000000000011000'.
Parameter \W = 24
Found cached RTLIL representation for module `$paramod\ot_qwen_w12_kadd\W=s32'00000000000000000000000000011000'.
Parameter \W = 24
Found cached RTLIL representation for module `$paramod\ot_qwen_w12_kadd\W=s32'00000000000000000000000000011000'.
Parameter \W = 24
Found cached RTLIL representation for module `$paramod\ot_qwen_w12_kadd\W=s32'00000000000000000000000000011000'.
Parameter \W = 38
Parameter \N = 14
Found cached RTLIL representation for module `$paramod$f90a6a4cd6df7e7af36144edac6c464473cbc678\ot_qwen_w12_ksum'.
Parameter \W = 38
Parameter \N = 14
Found cached RTLIL representation for module `$paramod$f90a6a4cd6df7e7af36144edac6c464473cbc678\ot_qwen_w12_ksum'.

5.1.13. Analyzing design hierarchy..
Top module:  \lockstep
Used module:     $paramod$c18d8db2e976d41b022b6707b09d6292f3b9bf38\issue_control
Used module:         $paramod\ot_qwen_w12_kadd\W=s32'00000000000000000000000000010010
Used module:             \ot_qwen_w12_ksa
Used module:         $paramod\ot_qwen_w12_kadd\W=s32'00000000000000000000000000010011
Used module:         $paramod\ot_qwen_w12_kadd\W=s32'00000000000000000000000000011000
Used module:             $paramod\ot_qwen_w12_ksa\W=s32'00000000000000000000000000011000
Used module:         $paramod$f90a6a4cd6df7e7af36144edac6c464473cbc678\ot_qwen_w12_ksum
Used module:             \ot_qwen_w12_kadd
Used module:             \ot_qwen_w12_csa_tree
Used module:     \source_boundary
Used module:         $paramod$e79aff1b8f388e993ed62bf483ad881f82372906\ot_hdc_delay
Used module:         $paramod$b4ad5dedd87102a58431aca49e3d92cab1266120\ot_hdc_delay
Used module:     $paramod\issue_control\PART=s32'00000000000000000000000000000010
Parameter \W = 18

5.1.14. Executing AST frontend in derive mode using pre-parsed AST for module `\ot_qwen_w12_ksa'.
Parameter \W = 18
Generating RTLIL representation for module `$paramod\ot_qwen_w12_ksa\W=s32'00000000000000000000000000010010'.
Parameter \W = 19

5.1.15. Executing AST frontend in derive mode using pre-parsed AST for module `\ot_qwen_w12_ksa'.
Parameter \W = 19
Generating RTLIL representation for module `$paramod\ot_qwen_w12_ksa\W=s32'00000000000000000000000000010011'.
Parameter \W = 38

5.1.16. Executing AST frontend in derive mode using pre-parsed AST for module `\ot_qwen_w12_kadd'.
Parameter \W = 38
Generating RTLIL representation for module `$paramod\ot_qwen_w12_kadd\W=s32'00000000000000000000000000100110'.
Parameter \W = 38
Parameter \N = 14

5.1.17. Executing AST frontend in derive mode using pre-parsed AST for module `\ot_qwen_w12_csa_tree'.
Parameter \W = 38
Parameter \N = 14
Generating RTLIL representation for module `$paramod$f90a6a4cd6df7e7af36144edac6c464473cbc678\ot_qwen_w12_csa_tree'.

5.1.18. Analyzing design hierarchy..
Top module:  \lockstep
Used module:     $paramod$c18d8db2e976d41b022b6707b09d6292f3b9bf38\issue_control
Used module:         $paramod\ot_qwen_w12_kadd\W=s32'00000000000000000000000000010010
Used module:             $paramod\ot_qwen_w12_ksa\W=s32'00000000000000000000000000010010
Used module:         $paramod\ot_qwen_w12_kadd\W=s32'00000000000000000000000000010011
Used module:             $paramod\ot_qwen_w12_ksa\W=s32'00000000000000000000000000010011
Used module:         $paramod\ot_qwen_w12_kadd\W=s32'00000000000000000000000000011000
Used module:             $paramod\ot_qwen_w12_ksa\W=s32'00000000000000000000000000011000
Used module:         $paramod$f90a6a4cd6df7e7af36144edac6c464473cbc678\ot_qwen_w12_ksum
Used module:             $paramod\ot_qwen_w12_kadd\W=s32'00000000000000000000000000100110
Used module:                 \ot_qwen_w12_ksa
Used module:             $paramod$f90a6a4cd6df7e7af36144edac6c464473cbc678\ot_qwen_w12_csa_tree
Used module:     \source_boundary
Used module:         $paramod$e79aff1b8f388e993ed62bf483ad881f82372906\ot_hdc_delay
Used module:         $paramod$b4ad5dedd87102a58431aca49e3d92cab1266120\ot_hdc_delay
Used module:     $paramod\issue_control\PART=s32'00000000000000000000000000000010
Parameter \W = 38

5.1.19. Executing AST frontend in derive mode using pre-parsed AST for module `\ot_qwen_w12_ksa'.
Parameter \W = 38
Generating RTLIL representation for module `$paramod\ot_qwen_w12_ksa\W=s32'00000000000000000000000000100110'.

5.1.20. Analyzing design hierarchy..
Top module:  \lockstep
Used module:     $paramod$c18d8db2e976d41b022b6707b09d6292f3b9bf38\issue_control
Used module:         $paramod\ot_qwen_w12_kadd\W=s32'00000000000000000000000000010010
Used module:             $paramod\ot_qwen_w12_ksa\W=s32'00000000000000000000000000010010
Used module:         $paramod\ot_qwen_w12_kadd\W=s32'00000000000000000000000000010011
Used module:             $paramod\ot_qwen_w12_ksa\W=s32'00000000000000000000000000010011
Used module:         $paramod\ot_qwen_w12_kadd\W=s32'00000000000000000000000000011000
Used module:             $paramod\ot_qwen_w12_ksa\W=s32'00000000000000000000000000011000
Used module:         $paramod$f90a6a4cd6df7e7af36144edac6c464473cbc678\ot_qwen_w12_ksum
Used module:             $paramod\ot_qwen_w12_kadd\W=s32'00000000000000000000000000100110
Used module:                 $paramod\ot_qwen_w12_ksa\W=s32'00000000000000000000000000100110
Used module:             $paramod$f90a6a4cd6df7e7af36144edac6c464473cbc678\ot_qwen_w12_csa_tree
Used module:     \source_boundary
Used module:         $paramod$e79aff1b8f388e993ed62bf483ad881f82372906\ot_hdc_delay
Used module:         $paramod$b4ad5dedd87102a58431aca49e3d92cab1266120\ot_hdc_delay
Used module:     $paramod\issue_control\PART=s32'00000000000000000000000000000010

5.1.21. Analyzing design hierarchy..
Top module:  \lockstep
Used module:     $paramod$c18d8db2e976d41b022b6707b09d6292f3b9bf38\issue_control
Used module:         $paramod\ot_qwen_w12_kadd\W=s32'00000000000000000000000000010010
Used module:             $paramod\ot_qwen_w12_ksa\W=s32'00000000000000000000000000010010
Used module:         $paramod\ot_qwen_w12_kadd\W=s32'00000000000000000000000000010011
Used module:             $paramod\ot_qwen_w12_ksa\W=s32'00000000000000000000000000010011
Used module:         $paramod\ot_qwen_w12_kadd\W=s32'00000000000000000000000000011000
Used module:             $paramod\ot_qwen_w12_ksa\W=s32'00000000000000000000000000011000
Used module:         $paramod$f90a6a4cd6df7e7af36144edac6c464473cbc678\ot_qwen_w12_ksum
Used module:             $paramod\ot_qwen_w12_kadd\W=s32'00000000000000000000000000100110
Used module:                 $paramod\ot_qwen_w12_ksa\W=s32'00000000000000000000000000100110
Used module:             $paramod$f90a6a4cd6df7e7af36144edac6c464473cbc678\ot_qwen_w12_csa_tree
Used module:     \source_boundary
Used module:         $paramod$e79aff1b8f388e993ed62bf483ad881f82372906\ot_hdc_delay
Used module:         $paramod$b4ad5dedd87102a58431aca49e3d92cab1266120\ot_hdc_delay
Used module:     $paramod\issue_control\PART=s32'00000000000000000000000000000010
Removing unused module `$paramod$8c111a38cd827ea2d98a61d9594363bb4304786e\ot_qwen_w12_csa_tree'.
Removing unused module `\ot_qwen_w12_mul8x8_cs'.
Removing unused module `\ot_qwen_w12_bmul'.
Removing unused module `\ot_qwen_w12_ksa'.
Removing unused module `\ot_qwen_w12_ksum'.
Removing unused module `\ot_qwen_w12_csa_tree'.
Removing unused module `\ot_qwen_w12_kadd'.
Removing unused module `\ot_qwen_w12_tadd'.
Removing unused module `\ot_qwen_w12_ladd'.
Removing unused module `\ot_qwen_w12_matvec_part'.
Removing unused module `\ot_qwen_w12_matvec'.
Removing unused module `\ot_hdc_delay'.
Removing unused module `\issue_control'.
Removed 13 unused modules.
Module lockstep directly or indirectly contains formal properties -> setting "keep" attribute.

5.2. Executing PROC pass (convert processes to netlists).

5.2.1. Executing PROC_CLEAN pass (remove empty switches from decision trees).
Cleaned up 0 empty switches.

5.2.2. Executing PROC_RMDEAD pass (remove dead branches from decision trees).
Marked 8 switch rules as full_case in process $proc$/tmp/qrom-issue-lockstep-760a-r2/literal.sv:134$5045 in module $paramod\issue_control\PART=s32'00000000000000000000000000000010.
Marked 8 switch rules as full_case in process $proc$/tmp/qrom-issue-lockstep-760a-r2/literal.sv:134$4863 in module $paramod$c18d8db2e976d41b022b6707b09d6292f3b9bf38\issue_control.
Marked 1 switch rules as full_case in process $proc$/tmp/qrom-issue-lockstep-760a-r2/literal.sv:243$189 in module lockstep.
Marked 1 switch rules as full_case in process $proc$/tmp/qrom-issue-lockstep-760a-r2/literal.sv:228$186 in module source_boundary.
Removed a total of 0 dead cases.

5.2.3. Executing PROC_PRUNE pass (remove redundant assignments in processes).
Removed 9 redundant assignments.
Promoted 82 assignments to connections.

5.2.4. Executing PROC_INIT pass (extract init attributes).
Found init rule in `\lockstep.$proc$/tmp/qrom-issue-lockstep-760a-r2/literal.sv:241$205'.
  Set init value: \seen_reset = 1'0

5.2.5. Executing PROC_ARST pass (detect async resets in processes).
Found async reset \rst_n in `$paramod\issue_control\PART=s32'00000000000000000000000000000010.$proc$/tmp/qrom-issue-lockstep-760a-r2/literal.sv:134$5045'.
Found async reset \rst_n in `$paramod$c18d8db2e976d41b022b6707b09d6292f3b9bf38\issue_control.$proc$/tmp/qrom-issue-lockstep-760a-r2/literal.sv:134$4863'.
Found async reset \rst_n in `\source_boundary.$proc$/tmp/qrom-issue-lockstep-760a-r2/literal.sv:228$186'.

5.2.6. Executing PROC_ROM pass (convert switches to ROMs).
Converted 0 switches.
<suppressed ~24 debug messages>

5.2.7. Executing PROC_MUX pass (convert decision trees to multiplexers).
Creating decoders for process `$paramod\issue_control\PART=s32'00000000000000000000000000000010.$proc$/tmp/qrom-issue-lockstep-760a-r2/literal.sv:134$5045'.
     1/45: $0\kv_re[0:0]
     2/45: $0\wrom_re[0:0]
     3/45: $0\pcnt[3:0]
     4/45: $0\pend[0:0]
     5/45: $0\split_fault[0:0]
     6/45: $0\k_last[0:0]
     7/45: $0\t_last[0:0]
     8/45: $0\lb[18:0]
     9/45: $0\nb_t[18:0]
    10/45: $0\nb[18:0]
    11/45: $0\ot[23:0]
    12/45: $0\oa[23:0]
    13/45: $0\xk_base[23:0]
    14/45: $0\xc[23:0]
    15/45: $0\xk[23:0]
    16/45: $0\base_t[23:0]
    17/45: $0\base_k[23:0]
    18/45: $0\cur[23:0]
    19/45: $0\j[2:0]
    20/45: $0\k[17:0]
    21/45: $0\t[17:0]
    22/45: $0\jsh_r[2:0]
    23/45: $0\ojs_r[23:0]
    24/45: $0\ots_r[23:0]
    25/45: $0\xcs_r[23:0]
    26/45: $0\xjs_r[23:0]
    27/45: $0\xks_r[23:0]
    28/45: $0\js_r[23:0]
    29/45: $0\ks_r[23:0]
    30/45: $0\ts_r[23:0]
    31/45: $0\ktot_r[17:0]
    32/45: $0\wcs_r[23:0]
    33/45: $0\split_r[3:0]
    34/45: $0\scale_base_r[23:0]
    35/45: $0\mbase_r[23:0]
    36/45: $0\rmax_r[0:0]
    37/45: $0\mmode_r[0:0]
    38/45: $0\amax_r[0:0]
    39/45: $0\oen_r[0:0]
    40/45: $0\round_r[0:0]
    41/45: $0\wsrc_r[0:0]
    42/45: $0\tiles_r[17:0]
    43/45: $0\nout_r[17:0]
    44/45: $0\active[0:0]
    45/45: $0\wrom_addr[23:0]
Creating decoders for process `$paramod\issue_control\PART=s32'00000000000000000000000000000010.$proc$/tmp/qrom-issue-lockstep-760a-r2/literal.sv:105$5034'.
Creating decoders for process `$paramod\issue_control\PART=s32'00000000000000000000000000000010.$proc$/tmp/qrom-issue-lockstep-760a-r2/literal.sv:87$4889'.
Creating decoders for process `$paramod$c18d8db2e976d41b022b6707b09d6292f3b9bf38\issue_control.$proc$/tmp/qrom-issue-lockstep-760a-r2/literal.sv:134$4863'.
     1/45: $0\kv_re[0:0]
     2/45: $0\wrom_re[0:0]
     3/45: $0\pcnt[3:0]
     4/45: $0\pend[0:0]
     5/45: $0\split_fault[0:0]
     6/45: $0\k_last[0:0]
     7/45: $0\t_last[0:0]
     8/45: $0\lb[18:0]
     9/45: $0\nb_t[18:0]
    10/45: $0\nb[18:0]
    11/45: $0\ot[23:0]
    12/45: $0\oa[23:0]
    13/45: $0\xk_base[23:0]
    14/45: $0\xc[23:0]
    15/45: $0\xk[23:0]
    16/45: $0\base_t[23:0]
    17/45: $0\base_k[23:0]
    18/45: $0\cur[23:0]
    19/45: $0\j[2:0]
    20/45: $0\k[17:0]
    21/45: $0\t[17:0]
    22/45: $0\jsh_r[2:0]
    23/45: $0\ojs_r[23:0]
    24/45: $0\ots_r[23:0]
    25/45: $0\xcs_r[23:0]
    26/45: $0\xjs_r[23:0]
    27/45: $0\xks_r[23:0]
    28/45: $0\js_r[23:0]
    29/45: $0\ks_r[23:0]
    30/45: $0\ts_r[23:0]
    31/45: $0\ktot_r[17:0]
    32/45: $0\wcs_r[23:0]
    33/45: $0\split_r[3:0]
    34/45: $0\scale_base_r[23:0]
    35/45: $0\mbase_r[23:0]
    36/45: $0\rmax_r[0:0]
    37/45: $0\mmode_r[0:0]
    38/45: $0\amax_r[0:0]
    39/45: $0\oen_r[0:0]
    40/45: $0\round_r[0:0]
    41/45: $0\wsrc_r[0:0]
    42/45: $0\tiles_r[17:0]
    43/45: $0\nout_r[17:0]
    44/45: $0\active[0:0]
    45/45: $0\wrom_addr[23:0]
Creating decoders for process `$paramod$c18d8db2e976d41b022b6707b09d6292f3b9bf38\issue_control.$proc$/tmp/qrom-issue-lockstep-760a-r2/literal.sv:105$4852'.
Creating decoders for process `$paramod$c18d8db2e976d41b022b6707b09d6292f3b9bf38\issue_control.$proc$/tmp/qrom-issue-lockstep-760a-r2/literal.sv:87$4707'.
Creating decoders for process `\lockstep.$proc$/tmp/qrom-issue-lockstep-760a-r2/literal.sv:241$205'.
Creating decoders for process `\lockstep.$proc$/tmp/qrom-issue-lockstep-760a-r2/literal.sv:248$192'.
     1/6: $assert$/tmp/qrom-issue-lockstep-760a-r2/literal.sv:253$204_EN
     2/6: $assert$/tmp/qrom-issue-lockstep-760a-r2/literal.sv:252$202_EN
     3/6: $assert$/tmp/qrom-issue-lockstep-760a-r2/literal.sv:251$200_EN
     4/6: $assert$/tmp/qrom-issue-lockstep-760a-r2/literal.sv:250$198_EN
     5/6: $assert$/tmp/qrom-issue-lockstep-760a-r2/literal.sv:250$196_EN
     6/6: $assert$/tmp/qrom-issue-lockstep-760a-r2/literal.sv:249$194_EN
Creating decoders for process `\lockstep.$proc$/tmp/qrom-issue-lockstep-760a-r2/literal.sv:243$189'.
     1/5: $0\ref_accept[0:0]
     2/5: $0\ref_kr[0:0]
     3/5: $0\ref_rr[0:0]
     4/5: $0\shadow[6:0]
     5/5: $0\seen_reset[0:0]
Creating decoders for process `\source_boundary.$proc$/tmp/qrom-issue-lockstep-760a-r2/literal.sv:232$188'.
Creating decoders for process `\source_boundary.$proc$/tmp/qrom-issue-lockstep-760a-r2/literal.sv:228$186'.
     1/1: $0\go_q[0:0]

5.2.8. Executing PROC_DLATCH pass (convert process syncs to latches).

5.2.9. Executing PROC_DFF pass (convert process syncs to FFs).
Creating register for signal `$paramod\issue_control\PART=s32'00000000000000000000000000000010.\wrom_re' using process `$paramod\issue_control\PART=s32'00000000000000000000000000000010.$proc$/tmp/qrom-issue-lockstep-760a-r2/literal.sv:134$5045'.
  created $adff cell `$procdff$7189' with positive edge clock and positive level reset.
Creating register for signal `$paramod\issue_control\PART=s32'00000000000000000000000000000010.\kv_re' using process `$paramod\issue_control\PART=s32'00000000000000000000000000000010.$proc$/tmp/qrom-issue-lockstep-760a-r2/literal.sv:134$5045'.
  created $adff cell `$procdff$7194' with positive edge clock and positive level reset.
Creating register for signal `$paramod\issue_control\PART=s32'00000000000000000000000000000010.\wrom_addr' using process `$paramod\issue_control\PART=s32'00000000000000000000000000000010.$proc$/tmp/qrom-issue-lockstep-760a-r2/literal.sv:134$5045'.
  created $dff cell `$procdff$7201' with positive edge clock.
Creating register for signal `$paramod\issue_control\PART=s32'00000000000000000000000000000010.\active' using process `$paramod\issue_control\PART=s32'00000000000000000000000000000010.$proc$/tmp/qrom-issue-lockstep-760a-r2/literal.sv:134$5045'.
  created $adff cell `$procdff$7206' with positive edge clock and positive level reset.
Creating register for signal `$paramod\issue_control\PART=s32'00000000000000000000000000000010.\nout_r' using process `$paramod\issue_control\PART=s32'00000000000000000000000000000010.$proc$/tmp/qrom-issue-lockstep-760a-r2/literal.sv:134$5045'.
  created $dff cell `$procdff$7213' with positive edge clock.
Creating register for signal `$paramod\issue_control\PART=s32'00000000000000000000000000000010.\tiles_r' using process `$paramod\issue_control\PART=s32'00000000000000000000000000000010.$proc$/tmp/qrom-issue-lockstep-760a-r2/literal.sv:134$5045'.
  created $dff cell `$procdff$7220' with positive edge clock.
Creating register for signal `$paramod\issue_control\PART=s32'00000000000000000000000000000010.\wsrc_r' using process `$paramod\issue_control\PART=s32'00000000000000000000000000000010.$proc$/tmp/qrom-issue-lockstep-760a-r2/literal.sv:134$5045'.
  created $dff cell `$procdff$7227' with positive edge clock.
Creating register for signal `$paramod\issue_control\PART=s32'00000000000000000000000000000010.\round_r' using process `$paramod\issue_control\PART=s32'00000000000000000000000000000010.$proc$/tmp/qrom-issue-lockstep-760a-r2/literal.sv:134$5045'.
  created $dff cell `$procdff$7234' with positive edge clock.
Creating register for signal `$paramod\issue_control\PART=s32'00000000000000000000000000000010.\oen_r' using process `$paramod\issue_control\PART=s32'00000000000000000000000000000010.$proc$/tmp/qrom-issue-lockstep-760a-r2/literal.sv:134$5045'.
  created $dff cell `$procdff$7241' with positive edge clock.
Creating register for signal `$paramod\issue_control\PART=s32'00000000000000000000000000000010.\amax_r' using process `$paramod\issue_control\PART=s32'00000000000000000000000000000010.$proc$/tmp/qrom-issue-lockstep-760a-r2/literal.sv:134$5045'.
  created $dff cell `$procdff$7248' with positive edge clock.
Creating register for signal `$paramod\issue_control\PART=s32'00000000000000000000000000000010.\mmode_r' using process `$paramod\issue_control\PART=s32'00000000000000000000000000000010.$proc$/tmp/qrom-issue-lockstep-760a-r2/literal.sv:134$5045'.
  created $dff cell `$procdff$7255' with positive edge clock.
Creating register for signal `$paramod\issue_control\PART=s32'00000000000000000000000000000010.\rmax_r' using process `$paramod\issue_control\PART=s32'00000000000000000000000000000010.$proc$/tmp/qrom-issue-lockstep-760a-r2/literal.sv:134$5045'.
  created $dff cell `$procdff$7262' with positive edge clock.
Creating register for signal `$paramod\issue_control\PART=s32'00000000000000000000000000000010.\mbase_r' using process `$paramod\issue_control\PART=s32'00000000000000000000000000000010.$proc$/tmp/qrom-issue-lockstep-760a-r2/literal.sv:134$5045'.
  created $dff cell `$procdff$7269' with positive edge clock.
Creating register for signal `$paramod\issue_control\PART=s32'00000000000000000000000000000010.\scale_base_r' using process `$paramod\issue_control\PART=s32'00000000000000000000000000000010.$proc$/tmp/qrom-issue-lockstep-760a-r2/literal.sv:134$5045'.
  created $dff cell `$procdff$7276' with positive edge clock.
Creating register for signal `$paramod\issue_control\PART=s32'00000000000000000000000000000010.\split_r' using process `$paramod\issue_control\PART=s32'00000000000000000000000000000010.$proc$/tmp/qrom-issue-lockstep-760a-r2/literal.sv:134$5045'.
  created $dff cell `$procdff$7283' with positive edge clock.
Creating register for signal `$paramod\issue_control\PART=s32'00000000000000000000000000000010.\wcs_r' using process `$paramod\issue_control\PART=s32'00000000000000000000000000000010.$proc$/tmp/qrom-issue-lockstep-760a-r2/literal.sv:134$5045'.
  created $dff cell `$procdff$7290' with positive edge clock.
Creating register for signal `$paramod\issue_control\PART=s32'00000000000000000000000000000010.\ktot_r' using process `$paramod\issue_control\PART=s32'00000000000000000000000000000010.$proc$/tmp/qrom-issue-lockstep-760a-r2/literal.sv:134$5045'.
  created $dff cell `$procdff$7297' with positive edge clock.
Creating register for signal `$paramod\issue_control\PART=s32'00000000000000000000000000000010.\ts_r' using process `$paramod\issue_control\PART=s32'00000000000000000000000000000010.$proc$/tmp/qrom-issue-lockstep-760a-r2/literal.sv:134$5045'.
  created $dff cell `$procdff$7304' with positive edge clock.
Creating register for signal `$paramod\issue_control\PART=s32'00000000000000000000000000000010.\ks_r' using process `$paramod\issue_control\PART=s32'00000000000000000000000000000010.$proc$/tmp/qrom-issue-lockstep-760a-r2/literal.sv:134$5045'.
  created $dff cell `$procdff$7311' with positive edge clock.
Creating register for signal `$paramod\issue_control\PART=s32'00000000000000000000000000000010.\js_r' using process `$paramod\issue_control\PART=s32'00000000000000000000000000000010.$proc$/tmp/qrom-issue-lockstep-760a-r2/literal.sv:134$5045'.
  created $dff cell `$procdff$7318' with positive edge clock.
Creating register for signal `$paramod\issue_control\PART=s32'00000000000000000000000000000010.\xks_r' using process `$paramod\issue_control\PART=s32'00000000000000000000000000000010.$proc$/tmp/qrom-issue-lockstep-760a-r2/literal.sv:134$5045'.
  created $dff cell `$procdff$7325' with positive edge clock.
Creating register for signal `$paramod\issue_control\PART=s32'00000000000000000000000000000010.\xjs_r' using process `$paramod\issue_control\PART=s32'00000000000000000000000000000010.$proc$/tmp/qrom-issue-lockstep-760a-r2/literal.sv:134$5045'.
  created $dff cell `$procdff$7332' with positive edge clock.
Creating register for signal `$paramod\issue_control\PART=s32'00000000000000000000000000000010.\xcs_r' using process `$paramod\issue_control\PART=s32'00000000000000000000000000000010.$proc$/tmp/qrom-issue-lockstep-760a-r2/literal.sv:134$5045'.
  created $dff cell `$procdff$7339' with positive edge clock.
Creating register for signal `$paramod\issue_control\PART=s32'00000000000000000000000000000010.\ots_r' using process `$paramod\issue_control\PART=s32'00000000000000000000000000000010.$proc$/tmp/qrom-issue-lockstep-760a-r2/literal.sv:134$5045'.
  created $dff cell `$procdff$7346' with positive edge clock.
Creating register for signal `$paramod\issue_control\PART=s32'00000000000000000000000000000010.\ojs_r' using process `$paramod\issue_control\PART=s32'00000000000000000000000000000010.$proc$/tmp/qrom-issue-lockstep-760a-r2/literal.sv:134$5045'.
  created $dff cell `$procdff$7353' with positive edge clock.
Creating register for signal `$paramod\issue_control\PART=s32'00000000000000000000000000000010.\jsh_r' using process `$paramod\issue_control\PART=s32'00000000000000000000000000000010.$proc$/tmp/qrom-issue-lockstep-760a-r2/literal.sv:134$5045'.
  created $dff cell `$procdff$7360' with positive edge clock.
Creating register for signal `$paramod\issue_control\PART=s32'00000000000000000000000000000010.\t' using process `$paramod\issue_control\PART=s32'00000000000000000000000000000010.$proc$/tmp/qrom-issue-lockstep-760a-r2/literal.sv:134$5045'.
  created $dff cell `$procdff$7367' with positive edge clock.
Creating register for signal `$paramod\issue_control\PART=s32'00000000000000000000000000000010.\k' using process `$paramod\issue_control\PART=s32'00000000000000000000000000000010.$proc$/tmp/qrom-issue-lockstep-760a-r2/literal.sv:134$5045'.
  created $dff cell `$procdff$7374' with positive edge clock.
Creating register for signal `$paramod\issue_control\PART=s32'00000000000000000000000000000010.\j' using process `$paramod\issue_control\PART=s32'00000000000000000000000000000010.$proc$/tmp/qrom-issue-lockstep-760a-r2/literal.sv:134$5045'.
  created $dff cell `$procdff$7381' with positive edge clock.
Creating register for signal `$paramod\issue_control\PART=s32'00000000000000000000000000000010.\cur' using process `$paramod\issue_control\PART=s32'00000000000000000000000000000010.$proc$/tmp/qrom-issue-lockstep-760a-r2/literal.sv:134$5045'.
  created $dff cell `$procdff$7388' with positive edge clock.
Creating register for signal `$paramod\issue_control\PART=s32'00000000000000000000000000000010.\base_k' using process `$paramod\issue_control\PART=s32'00000000000000000000000000000010.$proc$/tmp/qrom-issue-lockstep-760a-r2/literal.sv:134$5045'.
  created $dff cell `$procdff$7395' with positive edge clock.
Creating register for signal `$paramod\issue_control\PART=s32'00000000000000000000000000000010.\base_t' using process `$paramod\issue_control\PART=s32'00000000000000000000000000000010.$proc$/tmp/qrom-issue-lockstep-760a-r2/literal.sv:134$5045'.
  created $dff cell `$procdff$7402' with positive edge clock.
Creating register for signal `$paramod\issue_control\PART=s32'00000000000000000000000000000010.\xk' using process `$paramod\issue_control\PART=s32'00000000000000000000000000000010.$proc$/tmp/qrom-issue-lockstep-760a-r2/literal.sv:134$5045'.
  created $dff cell `$procdff$7409' with positive edge clock.
Creating register for signal `$paramod\issue_control\PART=s32'00000000000000000000000000000010.\xc' using process `$paramod\issue_control\PART=s32'00000000000000000000000000000010.$proc$/tmp/qrom-issue-lockstep-760a-r2/literal.sv:134$5045'.
  created $dff cell `$procdff$7416' with positive edge clock.
Creating register for signal `$paramod\issue_control\PART=s32'00000000000000000000000000000010.\xk_base' using process `$paramod\issue_control\PART=s32'00000000000000000000000000000010.$proc$/tmp/qrom-issue-lockstep-760a-r2/literal.sv:134$5045'.
  created $dff cell `$procdff$7423' with positive edge clock.
Creating register for signal `$paramod\issue_control\PART=s32'00000000000000000000000000000010.\oa' using process `$paramod\issue_control\PART=s32'00000000000000000000000000000010.$proc$/tmp/qrom-issue-lockstep-760a-r2/literal.sv:134$5045'.
  created $dff cell `$procdff$7430' with positive edge clock.
Creating register for signal `$paramod\issue_control\PART=s32'00000000000000000000000000000010.\ot' using process `$paramod\issue_control\PART=s32'00000000000000000000000000000010.$proc$/tmp/qrom-issue-lockstep-760a-r2/literal.sv:134$5045'.
  created $dff cell `$procdff$7437' with positive edge clock.
Creating register for signal `$paramod\issue_control\PART=s32'00000000000000000000000000000010.\nb' using process `$paramod\issue_control\PART=s32'00000000000000000000000000000010.$proc$/tmp/qrom-issue-lockstep-760a-r2/literal.sv:134$5045'.
  created $dff cell `$procdff$7444' with positive edge clock.
Creating register for signal `$paramod\issue_control\PART=s32'00000000000000000000000000000010.\nb_t' using process `$paramod\issue_control\PART=s32'00000000000000000000000000000010.$proc$/tmp/qrom-issue-lockstep-760a-r2/literal.sv:134$5045'.
  created $dff cell `$procdff$7451' with positive edge clock.
Creating register for signal `$paramod\issue_control\PART=s32'00000000000000000000000000000010.\lb' using process `$paramod\issue_control\PART=s32'00000000000000000000000000000010.$proc$/tmp/qrom-issue-lockstep-760a-r2/literal.sv:134$5045'.
  created $dff cell `$procdff$7458' with positive edge clock.
Creating register for signal `$paramod\issue_control\PART=s32'00000000000000000000000000000010.\t_last' using process `$paramod\issue_control\PART=s32'00000000000000000000000000000010.$proc$/tmp/qrom-issue-lockstep-760a-r2/literal.sv:134$5045'.
  created $dff cell `$procdff$7465' with positive edge clock.
Creating register for signal `$paramod\issue_control\PART=s32'00000000000000000000000000000010.\k_last' using process `$paramod\issue_control\PART=s32'00000000000000000000000000000010.$proc$/tmp/qrom-issue-lockstep-760a-r2/literal.sv:134$5045'.
  created $dff cell `$procdff$7472' with positive edge clock.
Creating register for signal `$paramod\issue_control\PART=s32'00000000000000000000000000000010.\split_fault' using process `$paramod\issue_control\PART=s32'00000000000000000000000000000010.$proc$/tmp/qrom-issue-lockstep-760a-r2/literal.sv:134$5045'.
  created $adff cell `$procdff$7477' with positive edge clock and positive level reset.
Creating register for signal `$paramod\issue_control\PART=s32'00000000000000000000000000000010.\pend' using process `$paramod\issue_control\PART=s32'00000000000000000000000000000010.$proc$/tmp/qrom-issue-lockstep-760a-r2/literal.sv:134$5045'.
  created $adff cell `$procdff$7482' with positive edge clock and positive level reset.
Creating register for signal `$paramod\issue_control\PART=s32'00000000000000000000000000000010.\pcnt' using process `$paramod\issue_control\PART=s32'00000000000000000000000000000010.$proc$/tmp/qrom-issue-lockstep-760a-r2/literal.sv:134$5045'.
  created $adff cell `$procdff$7487' with positive edge clock and positive level reset.
Creating register for signal `$paramod\issue_control\PART=s32'00000000000000000000000000000010.\k_r' using process `$paramod\issue_control\PART=s32'00000000000000000000000000000010.$proc$/tmp/qrom-issue-lockstep-760a-r2/literal.sv:105$5034'.
  created $dff cell `$procdff$7488' with positive edge clock.
Creating register for signal `$paramod\issue_control\PART=s32'00000000000000000000000000000010.\tstep_r' using process `$paramod\issue_control\PART=s32'00000000000000000000000000000010.$proc$/tmp/qrom-issue-lockstep-760a-r2/literal.sv:105$5034'.
  created $dff cell `$procdff$7489' with positive edge clock.
Creating register for signal `$paramod\issue_control\PART=s32'00000000000000000000000000000010.\ot_step' using process `$paramod\issue_control\PART=s32'00000000000000000000000000000010.$proc$/tmp/qrom-issue-lockstep-760a-r2/literal.sv:105$5034'.
  created $dff cell `$procdff$7490' with positive edge clock.
Creating register for signal `$paramod\issue_control\PART=s32'00000000000000000000000000000010.\nb_step' using process `$paramod\issue_control\PART=s32'00000000000000000000000000000010.$proc$/tmp/qrom-issue-lockstep-760a-r2/literal.sv:105$5034'.
  created $dff cell `$procdff$7491' with positive edge clock.
Creating register for signal `$paramod\issue_control\PART=s32'00000000000000000000000000000010.\lb_step' using process `$paramod\issue_control\PART=s32'00000000000000000000000000000010.$proc$/tmp/qrom-issue-lockstep-760a-r2/literal.sv:105$5034'.
  created $dff cell `$procdff$7492' with positive edge clock.
Creating register for signal `$paramod\issue_control\PART=s32'00000000000000000000000000000010.\g_issue_fast.tsg_a' using process `$paramod\issue_control\PART=s32'00000000000000000000000000000010.$proc$/tmp/qrom-issue-lockstep-760a-r2/literal.sv:105$5034'.
  created $dff cell `$procdff$7493' with positive edge clock.
Creating register for signal `$paramod\issue_control\PART=s32'00000000000000000000000000000010.\g_issue_fast.otsg_a' using process `$paramod\issue_control\PART=s32'00000000000000000000000000000010.$proc$/tmp/qrom-issue-lockstep-760a-r2/literal.sv:105$5034'.
  created $dff cell `$procdff$7494' with positive edge clock.
Creating register for signal `$paramod\issue_control\PART=s32'00000000000000000000000000000010.\g_issue_fast.kc_a' using process `$paramod\issue_control\PART=s32'00000000000000000000000000000010.$proc$/tmp/qrom-issue-lockstep-760a-r2/literal.sv:105$5034'.
  created $dff cell `$procdff$7495' with positive edge clock.
Creating register for signal `$paramod\issue_control\PART=s32'00000000000000000000000000000010.\g_issue_fast.pr_a' using process `$paramod\issue_control\PART=s32'00000000000000000000000000000010.$proc$/tmp/qrom-issue-lockstep-760a-r2/literal.sv:87$4889'.
  created $dff cell `$procdff$7496' with positive edge clock.
Creating register for signal `$paramod\issue_control\PART=s32'00000000000000000000000000000010.\g_issue_fast.kpad_a' using process `$paramod\issue_control\PART=s32'00000000000000000000000000000010.$proc$/tmp/qrom-issue-lockstep-760a-r2/literal.sv:87$4889'.
  created $dff cell `$procdff$7497' with positive edge clock.
Creating register for signal `$paramod\issue_control\PART=s32'00000000000000000000000000000010.\g_issue_fast.p_terms.b' using process `$paramod\issue_control\PART=s32'00000000000000000000000000000010.$proc$/tmp/qrom-issue-lockstep-760a-r2/literal.sv:87$4889'.
  created $dff cell `$procdff$7498' with positive edge clock.
Creating register for signal `$paramod\issue_control\PART=s32'00000000000000000000000000000010.\g_issue_fast.tsh[0]' using process `$paramod\issue_control\PART=s32'00000000000000000000000000000010.$proc$/tmp/qrom-issue-lockstep-760a-r2/literal.sv:87$4889'.
  created $dff cell `$procdff$7499' with positive edge clock.
Creating register for signal `$paramod\issue_control\PART=s32'00000000000000000000000000000010.\g_issue_fast.tsh[1]' using process `$paramod\issue_control\PART=s32'00000000000000000000000000000010.$proc$/tmp/qrom-issue-lockstep-760a-r2/literal.sv:87$4889'.
  created $dff cell `$procdff$7500' with positive edge clock.
Creating register for signal `$paramod\issue_control\PART=s32'00000000000000000000000000000010.\g_issue_fast.tsh[2]' using process `$paramod\issue_control\PART=s32'00000000000000000000000000000010.$proc$/tmp/qrom-issue-lockstep-760a-r2/literal.sv:87$4889'.
  created $dff cell `$procdff$7501' with positive edge clock.
Creating register for signal `$paramod\issue_control\PART=s32'00000000000000000000000000000010.\g_issue_fast.tsh[3]' using process `$paramod\issue_control\PART=s32'00000000000000000000000000000010.$proc$/tmp/qrom-issue-lockstep-760a-r2/literal.sv:87$4889'.
  created $dff cell `$procdff$7502' with positive edge clock.
Creating register for signal `$paramod\issue_control\PART=s32'00000000000000000000000000000010.\g_issue_fast.tsh[4]' using process `$paramod\issue_control\PART=s32'00000000000000000000000000000010.$proc$/tmp/qrom-issue-lockstep-760a-r2/literal.sv:87$4889'.
  created $dff cell `$procdff$7503' with positive edge clock.
Creating register for signal `$paramod\issue_control\PART=s32'00000000000000000000000000000010.\g_issue_fast.tsh[5]' using process `$paramod\issue_control\PART=s32'00000000000000000000000000000010.$proc$/tmp/qrom-issue-lockstep-760a-r2/literal.sv:87$4889'.
  created $dff cell `$procdff$7504' with positive edge clock.
Creating register for signal `$paramod\issue_control\PART=s32'00000000000000000000000000000010.\g_issue_fast.tsh[6]' using process `$paramod\issue_control\PART=s32'00000000000000000000000000000010.$proc$/tmp/qrom-issue-lockstep-760a-r2/literal.sv:87$4889'.
  created $dff cell `$procdff$7505' with positive edge clock.
Creating register for signal `$paramod\issue_control\PART=s32'00000000000000000000000000000010.\g_issue_fast.tsh[7]' using process `$paramod\issue_control\PART=s32'00000000000000000000000000000010.$proc$/tmp/qrom-issue-lockstep-760a-r2/literal.sv:87$4889'.
  created $dff cell `$procdff$7506' with positive edge clock.
Creating register for signal `$paramod\issue_control\PART=s32'00000000000000000000000000000010.\g_issue_fast.tsh[8]' using process `$paramod\issue_control\PART=s32'00000000000000000000000000000010.$proc$/tmp/qrom-issue-lockstep-760a-r2/literal.sv:87$4889'.
  created $dff cell `$procdff$7507' with positive edge clock.
Creating register for signal `$paramod\issue_control\PART=s32'00000000000000000000000000000010.\g_issue_fast.tsh[9]' using process `$paramod\issue_control\PART=s32'00000000000000000000000000000010.$proc$/tmp/qrom-issue-lockstep-760a-r2/literal.sv:87$4889'.
  created $dff cell `$procdff$7508' with positive edge clock.
Creating register for signal `$paramod\issue_control\PART=s32'00000000000000000000000000000010.\g_issue_fast.tsh[10]' using process `$paramod\issue_control\PART=s32'00000000000000000000000000000010.$proc$/tmp/qrom-issue-lockstep-760a-r2/literal.sv:87$4889'.
  created $dff cell `$procdff$7509' with positive edge clock.
Creating register for signal `$paramod\issue_control\PART=s32'00000000000000000000000000000010.\g_issue_fast.tsh[11]' using process `$paramod\issue_control\PART=s32'00000000000000000000000000000010.$proc$/tmp/qrom-issue-lockstep-760a-r2/literal.sv:87$4889'.
  created $dff cell `$procdff$7510' with positive edge clock.
Creating register for signal `$paramod\issue_control\PART=s32'00000000000000000000000000000010.\g_issue_fast.tsh[12]' using process `$paramod\issue_control\PART=s32'00000000000000000000000000000010.$proc$/tmp/qrom-issue-lockstep-760a-r2/literal.sv:87$4889'.
  created $dff cell `$procdff$7511' with positive edge clock.
Creating register for signal `$paramod\issue_control\PART=s32'00000000000000000000000000000010.\g_issue_fast.tsh[13]' using process `$paramod\issue_control\PART=s32'00000000000000000000000000000010.$proc$/tmp/qrom-issue-lockstep-760a-r2/literal.sv:87$4889'.
  created $dff cell `$procdff$7512' with positive edge clock.
Creating register for signal `$paramod\issue_control\PART=s32'00000000000000000000000000000010.\g_issue_fast.osh[0]' using process `$paramod\issue_control\PART=s32'00000000000000000000000000000010.$proc$/tmp/qrom-issue-lockstep-760a-r2/literal.sv:87$4889'.
  created $dff cell `$procdff$7513' with positive edge clock.
Creating register for signal `$paramod\issue_control\PART=s32'00000000000000000000000000000010.\g_issue_fast.osh[1]' using process `$paramod\issue_control\PART=s32'00000000000000000000000000000010.$proc$/tmp/qrom-issue-lockstep-760a-r2/literal.sv:87$4889'.
  created $dff cell `$procdff$7514' with positive edge clock.
Creating register for signal `$paramod\issue_control\PART=s32'00000000000000000000000000000010.\g_issue_fast.osh[2]' using process `$paramod\issue_control\PART=s32'00000000000000000000000000000010.$proc$/tmp/qrom-issue-lockstep-760a-r2/literal.sv:87$4889'.
  created $dff cell `$procdff$7515' with positive edge clock.
Creating register for signal `$paramod\issue_control\PART=s32'00000000000000000000000000000010.\g_issue_fast.osh[3]' using process `$paramod\issue_control\PART=s32'00000000000000000000000000000010.$proc$/tmp/qrom-issue-lockstep-760a-r2/literal.sv:87$4889'.
  created $dff cell `$procdff$7516' with positive edge clock.
Creating register for signal `$paramod\issue_control\PART=s32'00000000000000000000000000000010.\g_issue_fast.osh[4]' using process `$paramod\issue_control\PART=s32'00000000000000000000000000000010.$proc$/tmp/qrom-issue-lockstep-760a-r2/literal.sv:87$4889'.
  created $dff cell `$procdff$7517' with positive edge clock.
Creating register for signal `$paramod\issue_control\PART=s32'00000000000000000000000000000010.\g_issue_fast.osh[5]' using process `$paramod\issue_control\PART=s32'00000000000000000000000000000010.$proc$/tmp/qrom-issue-lockstep-760a-r2/literal.sv:87$4889'.
  created $dff cell `$procdff$7518' with positive edge clock.
Creating register for signal `$paramod\issue_control\PART=s32'00000000000000000000000000000010.\g_issue_fast.osh[6]' using process `$paramod\issue_control\PART=s32'00000000000000000000000000000010.$proc$/tmp/qrom-issue-lockstep-760a-r2/literal.sv:87$4889'.
  created $dff cell `$procdff$7519' with positive edge clock.
Creating register for signal `$paramod\issue_control\PART=s32'00000000000000000000000000000010.\g_issue_fast.osh[7]' using process `$paramod\issue_control\PART=s32'00000000000000000000000000000010.$proc$/tmp/qrom-issue-lockstep-760a-r2/literal.sv:87$4889'.
  created $dff cell `$procdff$7520' with positive edge clock.
Creating register for signal `$paramod\issue_control\PART=s32'00000000000000000000000000000010.\g_issue_fast.osh[8]' using process `$paramod\issue_control\PART=s32'00000000000000000000000000000010.$proc$/tmp/qrom-issue-lockstep-760a-r2/literal.sv:87$4889'.
  created $dff cell `$procdff$7521' with positive edge clock.
Creating register for signal `$paramod\issue_control\PART=s32'00000000000000000000000000000010.\g_issue_fast.osh[9]' using process `$paramod\issue_control\PART=s32'00000000000000000000000000000010.$proc$/tmp/qrom-issue-lockstep-760a-r2/literal.sv:87$4889'.
  created $dff cell `$procdff$7522' with positive edge clock.
Creating register for signal `$paramod\issue_control\PART=s32'00000000000000000000000000000010.\g_issue_fast.osh[10]' using process `$paramod\issue_control\PART=s32'00000000000000000000000000000010.$proc$/tmp/qrom-issue-lockstep-760a-r2/literal.sv:87$4889'.
  created $dff cell `$procdff$7523' with positive edge clock.
Creating register for signal `$paramod\issue_control\PART=s32'00000000000000000000000000000010.\g_issue_fast.osh[11]' using process `$paramod\issue_control\PART=s32'00000000000000000000000000000010.$proc$/tmp/qrom-issue-lockstep-760a-r2/literal.sv:87$4889'.
  created $dff cell `$procdff$7524' with positive edge clock.
Creating register for signal `$paramod\issue_control\PART=s32'00000000000000000000000000000010.\g_issue_fast.osh[12]' using process `$paramod\issue_control\PART=s32'00000000000000000000000000000010.$proc$/tmp/qrom-issue-lockstep-760a-r2/literal.sv:87$4889'.
  created $dff cell `$procdff$7525' with positive edge clock.
Creating register for signal `$paramod\issue_control\PART=s32'00000000000000000000000000000010.\g_issue_fast.osh[13]' using process `$paramod\issue_control\PART=s32'00000000000000000000000000000010.$proc$/tmp/qrom-issue-lockstep-760a-r2/literal.sv:87$4889'.
  created $dff cell `$procdff$7526' with positive edge clock.
Creating register for signal `$paramod$c18d8db2e976d41b022b6707b09d6292f3b9bf38\issue_control.\wrom_re' using process `$paramod$c18d8db2e976d41b022b6707b09d6292f3b9bf38\issue_control.$proc$/tmp/qrom-issue-lockstep-760a-r2/literal.sv:134$4863'.
  created $adff cell `$procdff$7531' with positive edge clock and positive level reset.
Creating register for signal `$paramod$c18d8db2e976d41b022b6707b09d6292f3b9bf38\issue_control.\kv_re' using process `$paramod$c18d8db2e976d41b022b6707b09d6292f3b9bf38\issue_control.$proc$/tmp/qrom-issue-lockstep-760a-r2/literal.sv:134$4863'.
  created $adff cell `$procdff$7536' with positive edge clock and positive level reset.
Creating register for signal `$paramod$c18d8db2e976d41b022b6707b09d6292f3b9bf38\issue_control.\wrom_addr' using process `$paramod$c18d8db2e976d41b022b6707b09d6292f3b9bf38\issue_control.$proc$/tmp/qrom-issue-lockstep-760a-r2/literal.sv:134$4863'.
  created $dff cell `$procdff$7543' with positive edge clock.
Creating register for signal `$paramod$c18d8db2e976d41b022b6707b09d6292f3b9bf38\issue_control.\active' using process `$paramod$c18d8db2e976d41b022b6707b09d6292f3b9bf38\issue_control.$proc$/tmp/qrom-issue-lockstep-760a-r2/literal.sv:134$4863'.
  created $adff cell `$procdff$7548' with positive edge clock and positive level reset.
Creating register for signal `$paramod$c18d8db2e976d41b022b6707b09d6292f3b9bf38\issue_control.\nout_r' using process `$paramod$c18d8db2e976d41b022b6707b09d6292f3b9bf38\issue_control.$proc$/tmp/qrom-issue-lockstep-760a-r2/literal.sv:134$4863'.
  created $dff cell `$procdff$7555' with positive edge clock.
Creating register for signal `$paramod$c18d8db2e976d41b022b6707b09d6292f3b9bf38\issue_control.\tiles_r' using process `$paramod$c18d8db2e976d41b022b6707b09d6292f3b9bf38\issue_control.$proc$/tmp/qrom-issue-lockstep-760a-r2/literal.sv:134$4863'.
  created $dff cell `$procdff$7562' with positive edge clock.
Creating register for signal `$paramod$c18d8db2e976d41b022b6707b09d6292f3b9bf38\issue_control.\wsrc_r' using process `$paramod$c18d8db2e976d41b022b6707b09d6292f3b9bf38\issue_control.$proc$/tmp/qrom-issue-lockstep-760a-r2/literal.sv:134$4863'.
  created $dff cell `$procdff$7569' with positive edge clock.
Creating register for signal `$paramod$c18d8db2e976d41b022b6707b09d6292f3b9bf38\issue_control.\round_r' using process `$paramod$c18d8db2e976d41b022b6707b09d6292f3b9bf38\issue_control.$proc$/tmp/qrom-issue-lockstep-760a-r2/literal.sv:134$4863'.
  created $dff cell `$procdff$7576' with positive edge clock.
Creating register for signal `$paramod$c18d8db2e976d41b022b6707b09d6292f3b9bf38\issue_control.\oen_r' using process `$paramod$c18d8db2e976d41b022b6707b09d6292f3b9bf38\issue_control.$proc$/tmp/qrom-issue-lockstep-760a-r2/literal.sv:134$4863'.
  created $dff cell `$procdff$7583' with positive edge clock.
Creating register for signal `$paramod$c18d8db2e976d41b022b6707b09d6292f3b9bf38\issue_control.\amax_r' using process `$paramod$c18d8db2e976d41b022b6707b09d6292f3b9bf38\issue_control.$proc$/tmp/qrom-issue-lockstep-760a-r2/literal.sv:134$4863'.
  created $dff cell `$procdff$7590' with positive edge clock.
Creating register for signal `$paramod$c18d8db2e976d41b022b6707b09d6292f3b9bf38\issue_control.\mmode_r' using process `$paramod$c18d8db2e976d41b022b6707b09d6292f3b9bf38\issue_control.$proc$/tmp/qrom-issue-lockstep-760a-r2/literal.sv:134$4863'.
  created $dff cell `$procdff$7597' with positive edge clock.
Creating register for signal `$paramod$c18d8db2e976d41b022b6707b09d6292f3b9bf38\issue_control.\rmax_r' using process `$paramod$c18d8db2e976d41b022b6707b09d6292f3b9bf38\issue_control.$proc$/tmp/qrom-issue-lockstep-760a-r2/literal.sv:134$4863'.
  created $dff cell `$procdff$7604' with positive edge clock.
Creating register for signal `$paramod$c18d8db2e976d41b022b6707b09d6292f3b9bf38\issue_control.\mbase_r' using process `$paramod$c18d8db2e976d41b022b6707b09d6292f3b9bf38\issue_control.$proc$/tmp/qrom-issue-lockstep-760a-r2/literal.sv:134$4863'.
  created $dff cell `$procdff$7611' with positive edge clock.
Creating register for signal `$paramod$c18d8db2e976d41b022b6707b09d6292f3b9bf38\issue_control.\scale_base_r' using process `$paramod$c18d8db2e976d41b022b6707b09d6292f3b9bf38\issue_control.$proc$/tmp/qrom-issue-lockstep-760a-r2/literal.sv:134$4863'.
  created $dff cell `$procdff$7618' with positive edge clock.
Creating register for signal `$paramod$c18d8db2e976d41b022b6707b09d6292f3b9bf38\issue_control.\split_r' using process `$paramod$c18d8db2e976d41b022b6707b09d6292f3b9bf38\issue_control.$proc$/tmp/qrom-issue-lockstep-760a-r2/literal.sv:134$4863'.
  created $dff cell `$procdff$7625' with positive edge clock.
Creating register for signal `$paramod$c18d8db2e976d41b022b6707b09d6292f3b9bf38\issue_control.\wcs_r' using process `$paramod$c18d8db2e976d41b022b6707b09d6292f3b9bf38\issue_control.$proc$/tmp/qrom-issue-lockstep-760a-r2/literal.sv:134$4863'.
  created $dff cell `$procdff$7632' with positive edge clock.
Creating register for signal `$paramod$c18d8db2e976d41b022b6707b09d6292f3b9bf38\issue_control.\ktot_r' using process `$paramod$c18d8db2e976d41b022b6707b09d6292f3b9bf38\issue_control.$proc$/tmp/qrom-issue-lockstep-760a-r2/literal.sv:134$4863'.
  created $dff cell `$procdff$7639' with positive edge clock.
Creating register for signal `$paramod$c18d8db2e976d41b022b6707b09d6292f3b9bf38\issue_control.\ts_r' using process `$paramod$c18d8db2e976d41b022b6707b09d6292f3b9bf38\issue_control.$proc$/tmp/qrom-issue-lockstep-760a-r2/literal.sv:134$4863'.
  created $dff cell `$procdff$7646' with positive edge clock.
Creating register for signal `$paramod$c18d8db2e976d41b022b6707b09d6292f3b9bf38\issue_control.\ks_r' using process `$paramod$c18d8db2e976d41b022b6707b09d6292f3b9bf38\issue_control.$proc$/tmp/qrom-issue-lockstep-760a-r2/literal.sv:134$4863'.
  created $dff cell `$procdff$7653' with positive edge clock.
Creating register for signal `$paramod$c18d8db2e976d41b022b6707b09d6292f3b9bf38\issue_control.\js_r' using process `$paramod$c18d8db2e976d41b022b6707b09d6292f3b9bf38\issue_control.$proc$/tmp/qrom-issue-lockstep-760a-r2/literal.sv:134$4863'.
  created $dff cell `$procdff$7660' with positive edge clock.
Creating register for signal `$paramod$c18d8db2e976d41b022b6707b09d6292f3b9bf38\issue_control.\xks_r' using process `$paramod$c18d8db2e976d41b022b6707b09d6292f3b9bf38\issue_control.$proc$/tmp/qrom-issue-lockstep-760a-r2/literal.sv:134$4863'.
  created $dff cell `$procdff$7667' with positive edge clock.
Creating register for signal `$paramod$c18d8db2e976d41b022b6707b09d6292f3b9bf38\issue_control.\xjs_r' using process `$paramod$c18d8db2e976d41b022b6707b09d6292f3b9bf38\issue_control.$proc$/tmp/qrom-issue-lockstep-760a-r2/literal.sv:134$4863'.
  created $dff cell `$procdff$7674' with positive edge clock.
Creating register for signal `$paramod$c18d8db2e976d41b022b6707b09d6292f3b9bf38\issue_control.\xcs_r' using process `$paramod$c18d8db2e976d41b022b6707b09d6292f3b9bf38\issue_control.$proc$/tmp/qrom-issue-lockstep-760a-r2/literal.sv:134$4863'.
  created $dff cell `$procdff$7681' with positive edge clock.
Creating register for signal `$paramod$c18d8db2e976d41b022b6707b09d6292f3b9bf38\issue_control.\ots_r' using process `$paramod$c18d8db2e976d41b022b6707b09d6292f3b9bf38\issue_control.$proc$/tmp/qrom-issue-lockstep-760a-r2/literal.sv:134$4863'.
  created $dff cell `$procdff$7688' with positive edge clock.
Creating register for signal `$paramod$c18d8db2e976d41b022b6707b09d6292f3b9bf38\issue_control.\ojs_r' using process `$paramod$c18d8db2e976d41b022b6707b09d6292f3b9bf38\issue_control.$proc$/tmp/qrom-issue-lockstep-760a-r2/literal.sv:134$4863'.
  created $dff cell `$procdff$7695' with positive edge clock.
Creating register for signal `$paramod$c18d8db2e976d41b022b6707b09d6292f3b9bf38\issue_control.\jsh_r' using process `$paramod$c18d8db2e976d41b022b6707b09d6292f3b9bf38\issue_control.$proc$/tmp/qrom-issue-lockstep-760a-r2/literal.sv:134$4863'.
  created $dff cell `$procdff$7702' with positive edge clock.
Creating register for signal `$paramod$c18d8db2e976d41b022b6707b09d6292f3b9bf38\issue_control.\t' using process `$paramod$c18d8db2e976d41b022b6707b09d6292f3b9bf38\issue_control.$proc$/tmp/qrom-issue-lockstep-760a-r2/literal.sv:134$4863'.
  created $dff cell `$procdff$7709' with positive edge clock.
Creating register for signal `$paramod$c18d8db2e976d41b022b6707b09d6292f3b9bf38\issue_control.\k' using process `$paramod$c18d8db2e976d41b022b6707b09d6292f3b9bf38\issue_control.$proc$/tmp/qrom-issue-lockstep-760a-r2/literal.sv:134$4863'.
  created $dff cell `$procdff$7716' with positive edge clock.
Creating register for signal `$paramod$c18d8db2e976d41b022b6707b09d6292f3b9bf38\issue_control.\j' using process `$paramod$c18d8db2e976d41b022b6707b09d6292f3b9bf38\issue_control.$proc$/tmp/qrom-issue-lockstep-760a-r2/literal.sv:134$4863'.
  created $dff cell `$procdff$7723' with positive edge clock.
Creating register for signal `$paramod$c18d8db2e976d41b022b6707b09d6292f3b9bf38\issue_control.\cur' using process `$paramod$c18d8db2e976d41b022b6707b09d6292f3b9bf38\issue_control.$proc$/tmp/qrom-issue-lockstep-760a-r2/literal.sv:134$4863'.
  created $dff cell `$procdff$7730' with positive edge clock.
Creating register for signal `$paramod$c18d8db2e976d41b022b6707b09d6292f3b9bf38\issue_control.\base_k' using process `$paramod$c18d8db2e976d41b022b6707b09d6292f3b9bf38\issue_control.$proc$/tmp/qrom-issue-lockstep-760a-r2/literal.sv:134$4863'.
  created $dff cell `$procdff$7737' with positive edge clock.
Creating register for signal `$paramod$c18d8db2e976d41b022b6707b09d6292f3b9bf38\issue_control.\base_t' using process `$paramod$c18d8db2e976d41b022b6707b09d6292f3b9bf38\issue_control.$proc$/tmp/qrom-issue-lockstep-760a-r2/literal.sv:134$4863'.
  created $dff cell `$procdff$7744' with positive edge clock.
Creating register for signal `$paramod$c18d8db2e976d41b022b6707b09d6292f3b9bf38\issue_control.\xk' using process `$paramod$c18d8db2e976d41b022b6707b09d6292f3b9bf38\issue_control.$proc$/tmp/qrom-issue-lockstep-760a-r2/literal.sv:134$4863'.
  created $dff cell `$procdff$7751' with positive edge clock.
Creating register for signal `$paramod$c18d8db2e976d41b022b6707b09d6292f3b9bf38\issue_control.\xc' using process `$paramod$c18d8db2e976d41b022b6707b09d6292f3b9bf38\issue_control.$proc$/tmp/qrom-issue-lockstep-760a-r2/literal.sv:134$4863'.
  created $dff cell `$procdff$7758' with positive edge clock.
Creating register for signal `$paramod$c18d8db2e976d41b022b6707b09d6292f3b9bf38\issue_control.\xk_base' using process `$paramod$c18d8db2e976d41b022b6707b09d6292f3b9bf38\issue_control.$proc$/tmp/qrom-issue-lockstep-760a-r2/literal.sv:134$4863'.
  created $dff cell `$procdff$7765' with positive edge clock.
Creating register for signal `$paramod$c18d8db2e976d41b022b6707b09d6292f3b9bf38\issue_control.\oa' using process `$paramod$c18d8db2e976d41b022b6707b09d6292f3b9bf38\issue_control.$proc$/tmp/qrom-issue-lockstep-760a-r2/literal.sv:134$4863'.
  created $dff cell `$procdff$7772' with positive edge clock.
Creating register for signal `$paramod$c18d8db2e976d41b022b6707b09d6292f3b9bf38\issue_control.\ot' using process `$paramod$c18d8db2e976d41b022b6707b09d6292f3b9bf38\issue_control.$proc$/tmp/qrom-issue-lockstep-760a-r2/literal.sv:134$4863'.
  created $dff cell `$procdff$7779' with positive edge clock.
Creating register for signal `$paramod$c18d8db2e976d41b022b6707b09d6292f3b9bf38\issue_control.\nb' using process `$paramod$c18d8db2e976d41b022b6707b09d6292f3b9bf38\issue_control.$proc$/tmp/qrom-issue-lockstep-760a-r2/literal.sv:134$4863'.
  created $dff cell `$procdff$7786' with positive edge clock.
Creating register for signal `$paramod$c18d8db2e976d41b022b6707b09d6292f3b9bf38\issue_control.\nb_t' using process `$paramod$c18d8db2e976d41b022b6707b09d6292f3b9bf38\issue_control.$proc$/tmp/qrom-issue-lockstep-760a-r2/literal.sv:134$4863'.
  created $dff cell `$procdff$7793' with positive edge clock.
Creating register for signal `$paramod$c18d8db2e976d41b022b6707b09d6292f3b9bf38\issue_control.\lb' using process `$paramod$c18d8db2e976d41b022b6707b09d6292f3b9bf38\issue_control.$proc$/tmp/qrom-issue-lockstep-760a-r2/literal.sv:134$4863'.
  created $dff cell `$procdff$7800' with positive edge clock.
Creating register for signal `$paramod$c18d8db2e976d41b022b6707b09d6292f3b9bf38\issue_control.\t_last' using process `$paramod$c18d8db2e976d41b022b6707b09d6292f3b9bf38\issue_control.$proc$/tmp/qrom-issue-lockstep-760a-r2/literal.sv:134$4863'.
  created $dff cell `$procdff$7807' with positive edge clock.
Creating register for signal `$paramod$c18d8db2e976d41b022b6707b09d6292f3b9bf38\issue_control.\k_last' using process `$paramod$c18d8db2e976d41b022b6707b09d6292f3b9bf38\issue_control.$proc$/tmp/qrom-issue-lockstep-760a-r2/literal.sv:134$4863'.
  created $dff cell `$procdff$7814' with positive edge clock.
Creating register for signal `$paramod$c18d8db2e976d41b022b6707b09d6292f3b9bf38\issue_control.\split_fault' using process `$paramod$c18d8db2e976d41b022b6707b09d6292f3b9bf38\issue_control.$proc$/tmp/qrom-issue-lockstep-760a-r2/literal.sv:134$4863'.
  created $adff cell `$procdff$7819' with positive edge clock and positive level reset.
Creating register for signal `$paramod$c18d8db2e976d41b022b6707b09d6292f3b9bf38\issue_control.\pend' using process `$paramod$c18d8db2e976d41b022b6707b09d6292f3b9bf38\issue_control.$proc$/tmp/qrom-issue-lockstep-760a-r2/literal.sv:134$4863'.
  created $adff cell `$procdff$7824' with positive edge clock and positive level reset.
Creating register for signal `$paramod$c18d8db2e976d41b022b6707b09d6292f3b9bf38\issue_control.\pcnt' using process `$paramod$c18d8db2e976d41b022b6707b09d6292f3b9bf38\issue_control.$proc$/tmp/qrom-issue-lockstep-760a-r2/literal.sv:134$4863'.
  created $adff cell `$procdff$7829' with positive edge clock and positive level reset.
Creating register for signal `$paramod$c18d8db2e976d41b022b6707b09d6292f3b9bf38\issue_control.\k_r' using process `$paramod$c18d8db2e976d41b022b6707b09d6292f3b9bf38\issue_control.$proc$/tmp/qrom-issue-lockstep-760a-r2/literal.sv:105$4852'.
  created $dff cell `$procdff$7830' with positive edge clock.
Creating register for signal `$paramod$c18d8db2e976d41b022b6707b09d6292f3b9bf38\issue_control.\tstep_r' using process `$paramod$c18d8db2e976d41b022b6707b09d6292f3b9bf38\issue_control.$proc$/tmp/qrom-issue-lockstep-760a-r2/literal.sv:105$4852'.
  created $dff cell `$procdff$7831' with positive edge clock.
Creating register for signal `$paramod$c18d8db2e976d41b022b6707b09d6292f3b9bf38\issue_control.\ot_step' using process `$paramod$c18d8db2e976d41b022b6707b09d6292f3b9bf38\issue_control.$proc$/tmp/qrom-issue-lockstep-760a-r2/literal.sv:105$4852'.
  created $dff cell `$procdff$7832' with positive edge clock.
Creating register for signal `$paramod$c18d8db2e976d41b022b6707b09d6292f3b9bf38\issue_control.\nb_step' using process `$paramod$c18d8db2e976d41b022b6707b09d6292f3b9bf38\issue_control.$proc$/tmp/qrom-issue-lockstep-760a-r2/literal.sv:105$4852'.
  created $dff cell `$procdff$7833' with positive edge clock.
Creating register for signal `$paramod$c18d8db2e976d41b022b6707b09d6292f3b9bf38\issue_control.\lb_step' using process `$paramod$c18d8db2e976d41b022b6707b09d6292f3b9bf38\issue_control.$proc$/tmp/qrom-issue-lockstep-760a-r2/literal.sv:105$4852'.
  created $dff cell `$procdff$7834' with positive edge clock.
Creating register for signal `$paramod$c18d8db2e976d41b022b6707b09d6292f3b9bf38\issue_control.\g_issue_fast.tsg_a' using process `$paramod$c18d8db2e976d41b022b6707b09d6292f3b9bf38\issue_control.$proc$/tmp/qrom-issue-lockstep-760a-r2/literal.sv:105$4852'.
  created $dff cell `$procdff$7835' with positive edge clock.
Creating register for signal `$paramod$c18d8db2e976d41b022b6707b09d6292f3b9bf38\issue_control.\g_issue_fast.otsg_a' using process `$paramod$c18d8db2e976d41b022b6707b09d6292f3b9bf38\issue_control.$proc$/tmp/qrom-issue-lockstep-760a-r2/literal.sv:105$4852'.
  created $dff cell `$procdff$7836' with positive edge clock.
Creating register for signal `$paramod$c18d8db2e976d41b022b6707b09d6292f3b9bf38\issue_control.\g_issue_fast.kc_a' using process `$paramod$c18d8db2e976d41b022b6707b09d6292f3b9bf38\issue_control.$proc$/tmp/qrom-issue-lockstep-760a-r2/literal.sv:105$4852'.
  created $dff cell `$procdff$7837' with positive edge clock.
Creating register for signal `$paramod$c18d8db2e976d41b022b6707b09d6292f3b9bf38\issue_control.\g_issue_fast.pr_a' using process `$paramod$c18d8db2e976d41b022b6707b09d6292f3b9bf38\issue_control.$proc$/tmp/qrom-issue-lockstep-760a-r2/literal.sv:87$4707'.
  created $dff cell `$procdff$7838' with positive edge clock.
Creating register for signal `$paramod$c18d8db2e976d41b022b6707b09d6292f3b9bf38\issue_control.\g_issue_fast.kpad_a' using process `$paramod$c18d8db2e976d41b022b6707b09d6292f3b9bf38\issue_control.$proc$/tmp/qrom-issue-lockstep-760a-r2/literal.sv:87$4707'.
  created $dff cell `$procdff$7839' with positive edge clock.
Creating register for signal `$paramod$c18d8db2e976d41b022b6707b09d6292f3b9bf38\issue_control.\g_issue_fast.p_terms.b' using process `$paramod$c18d8db2e976d41b022b6707b09d6292f3b9bf38\issue_control.$proc$/tmp/qrom-issue-lockstep-760a-r2/literal.sv:87$4707'.
  created $dff cell `$procdff$7840' with positive edge clock.
Creating register for signal `$paramod$c18d8db2e976d41b022b6707b09d6292f3b9bf38\issue_control.\g_issue_fast.tsh[0]' using process `$paramod$c18d8db2e976d41b022b6707b09d6292f3b9bf38\issue_control.$proc$/tmp/qrom-issue-lockstep-760a-r2/literal.sv:87$4707'.
  created $dff cell `$procdff$7841' with positive edge clock.
Creating register for signal `$paramod$c18d8db2e976d41b022b6707b09d6292f3b9bf38\issue_control.\g_issue_fast.tsh[1]' using process `$paramod$c18d8db2e976d41b022b6707b09d6292f3b9bf38\issue_control.$proc$/tmp/qrom-issue-lockstep-760a-r2/literal.sv:87$4707'.
  created $dff cell `$procdff$7842' with positive edge clock.
Creating register for signal `$paramod$c18d8db2e976d41b022b6707b09d6292f3b9bf38\issue_control.\g_issue_fast.tsh[2]' using process `$paramod$c18d8db2e976d41b022b6707b09d6292f3b9bf38\issue_control.$proc$/tmp/qrom-issue-lockstep-760a-r2/literal.sv:87$4707'.
  created $dff cell `$procdff$7843' with positive edge clock.
Creating register for signal `$paramod$c18d8db2e976d41b022b6707b09d6292f3b9bf38\issue_control.\g_issue_fast.tsh[3]' using process `$paramod$c18d8db2e976d41b022b6707b09d6292f3b9bf38\issue_control.$proc$/tmp/qrom-issue-lockstep-760a-r2/literal.sv:87$4707'.
  created $dff cell `$procdff$7844' with positive edge clock.
Creating register for signal `$paramod$c18d8db2e976d41b022b6707b09d6292f3b9bf38\issue_control.\g_issue_fast.tsh[4]' using process `$paramod$c18d8db2e976d41b022b6707b09d6292f3b9bf38\issue_control.$proc$/tmp/qrom-issue-lockstep-760a-r2/literal.sv:87$4707'.
  created $dff cell `$procdff$7845' with positive edge clock.
Creating register for signal `$paramod$c18d8db2e976d41b022b6707b09d6292f3b9bf38\issue_control.\g_issue_fast.tsh[5]' using process `$paramod$c18d8db2e976d41b022b6707b09d6292f3b9bf38\issue_control.$proc$/tmp/qrom-issue-lockstep-760a-r2/literal.sv:87$4707'.
  created $dff cell `$procdff$7846' with positive edge clock.
Creating register for signal `$paramod$c18d8db2e976d41b022b6707b09d6292f3b9bf38\issue_control.\g_issue_fast.tsh[6]' using process `$paramod$c18d8db2e976d41b022b6707b09d6292f3b9bf38\issue_control.$proc$/tmp/qrom-issue-lockstep-760a-r2/literal.sv:87$4707'.
  created $dff cell `$procdff$7847' with positive edge clock.
Creating register for signal `$paramod$c18d8db2e976d41b022b6707b09d6292f3b9bf38\issue_control.\g_issue_fast.tsh[7]' using process `$paramod$c18d8db2e976d41b022b6707b09d6292f3b9bf38\issue_control.$proc$/tmp/qrom-issue-lockstep-760a-r2/literal.sv:87$4707'.
  created $dff cell `$procdff$7848' with positive edge clock.
Creating register for signal `$paramod$c18d8db2e976d41b022b6707b09d6292f3b9bf38\issue_control.\g_issue_fast.tsh[8]' using process `$paramod$c18d8db2e976d41b022b6707b09d6292f3b9bf38\issue_control.$proc$/tmp/qrom-issue-lockstep-760a-r2/literal.sv:87$4707'.
  created $dff cell `$procdff$7849' with positive edge clock.
Creating register for signal `$paramod$c18d8db2e976d41b022b6707b09d6292f3b9bf38\issue_control.\g_issue_fast.tsh[9]' using process `$paramod$c18d8db2e976d41b022b6707b09d6292f3b9bf38\issue_control.$proc$/tmp/qrom-issue-lockstep-760a-r2/literal.sv:87$4707'.
  created $dff cell `$procdff$7850' with positive edge clock.
Creating register for signal `$paramod$c18d8db2e976d41b022b6707b09d6292f3b9bf38\issue_control.\g_issue_fast.tsh[10]' using process `$paramod$c18d8db2e976d41b022b6707b09d6292f3b9bf38\issue_control.$proc$/tmp/qrom-issue-lockstep-760a-r2/literal.sv:87$4707'.
  created $dff cell `$procdff$7851' with positive edge clock.
Creating register for signal `$paramod$c18d8db2e976d41b022b6707b09d6292f3b9bf38\issue_control.\g_issue_fast.tsh[11]' using process `$paramod$c18d8db2e976d41b022b6707b09d6292f3b9bf38\issue_control.$proc$/tmp/qrom-issue-lockstep-760a-r2/literal.sv:87$4707'.
  created $dff cell `$procdff$7852' with positive edge clock.
Creating register for signal `$paramod$c18d8db2e976d41b022b6707b09d6292f3b9bf38\issue_control.\g_issue_fast.tsh[12]' using process `$paramod$c18d8db2e976d41b022b6707b09d6292f3b9bf38\issue_control.$proc$/tmp/qrom-issue-lockstep-760a-r2/literal.sv:87$4707'.
  created $dff cell `$procdff$7853' with positive edge clock.
Creating register for signal `$paramod$c18d8db2e976d41b022b6707b09d6292f3b9bf38\issue_control.\g_issue_fast.tsh[13]' using process `$paramod$c18d8db2e976d41b022b6707b09d6292f3b9bf38\issue_control.$proc$/tmp/qrom-issue-lockstep-760a-r2/literal.sv:87$4707'.
  created $dff cell `$procdff$7854' with positive edge clock.
Creating register for signal `$paramod$c18d8db2e976d41b022b6707b09d6292f3b9bf38\issue_control.\g_issue_fast.osh[0]' using process `$paramod$c18d8db2e976d41b022b6707b09d6292f3b9bf38\issue_control.$proc$/tmp/qrom-issue-lockstep-760a-r2/literal.sv:87$4707'.
  created $dff cell `$procdff$7855' with positive edge clock.
Creating register for signal `$paramod$c18d8db2e976d41b022b6707b09d6292f3b9bf38\issue_control.\g_issue_fast.osh[1]' using process `$paramod$c18d8db2e976d41b022b6707b09d6292f3b9bf38\issue_control.$proc$/tmp/qrom-issue-lockstep-760a-r2/literal.sv:87$4707'.
  created $dff cell `$procdff$7856' with positive edge clock.
Creating register for signal `$paramod$c18d8db2e976d41b022b6707b09d6292f3b9bf38\issue_control.\g_issue_fast.osh[2]' using process `$paramod$c18d8db2e976d41b022b6707b09d6292f3b9bf38\issue_control.$proc$/tmp/qrom-issue-lockstep-760a-r2/literal.sv:87$4707'.
  created $dff cell `$procdff$7857' with positive edge clock.
Creating register for signal `$paramod$c18d8db2e976d41b022b6707b09d6292f3b9bf38\issue_control.\g_issue_fast.osh[3]' using process `$paramod$c18d8db2e976d41b022b6707b09d6292f3b9bf38\issue_control.$proc$/tmp/qrom-issue-lockstep-760a-r2/literal.sv:87$4707'.
  created $dff cell `$procdff$7858' with positive edge clock.
Creating register for signal `$paramod$c18d8db2e976d41b022b6707b09d6292f3b9bf38\issue_control.\g_issue_fast.osh[4]' using process `$paramod$c18d8db2e976d41b022b6707b09d6292f3b9bf38\issue_control.$proc$/tmp/qrom-issue-lockstep-760a-r2/literal.sv:87$4707'.
  created $dff cell `$procdff$7859' with positive edge clock.
Creating register for signal `$paramod$c18d8db2e976d41b022b6707b09d6292f3b9bf38\issue_control.\g_issue_fast.osh[5]' using process `$paramod$c18d8db2e976d41b022b6707b09d6292f3b9bf38\issue_control.$proc$/tmp/qrom-issue-lockstep-760a-r2/literal.sv:87$4707'.
  created $dff cell `$procdff$7860' with positive edge clock.
Creating register for signal `$paramod$c18d8db2e976d41b022b6707b09d6292f3b9bf38\issue_control.\g_issue_fast.osh[6]' using process `$paramod$c18d8db2e976d41b022b6707b09d6292f3b9bf38\issue_control.$proc$/tmp/qrom-issue-lockstep-760a-r2/literal.sv:87$4707'.
  created $dff cell `$procdff$7861' with positive edge clock.
Creating register for signal `$paramod$c18d8db2e976d41b022b6707b09d6292f3b9bf38\issue_control.\g_issue_fast.osh[7]' using process `$paramod$c18d8db2e976d41b022b6707b09d6292f3b9bf38\issue_control.$proc$/tmp/qrom-issue-lockstep-760a-r2/literal.sv:87$4707'.
  created $dff cell `$procdff$7862' with positive edge clock.
Creating register for signal `$paramod$c18d8db2e976d41b022b6707b09d6292f3b9bf38\issue_control.\g_issue_fast.osh[8]' using process `$paramod$c18d8db2e976d41b022b6707b09d6292f3b9bf38\issue_control.$proc$/tmp/qrom-issue-lockstep-760a-r2/literal.sv:87$4707'.
  created $dff cell `$procdff$7863' with positive edge clock.
Creating register for signal `$paramod$c18d8db2e976d41b022b6707b09d6292f3b9bf38\issue_control.\g_issue_fast.osh[9]' using process `$paramod$c18d8db2e976d41b022b6707b09d6292f3b9bf38\issue_control.$proc$/tmp/qrom-issue-lockstep-760a-r2/literal.sv:87$4707'.
  created $dff cell `$procdff$7864' with positive edge clock.
Creating register for signal `$paramod$c18d8db2e976d41b022b6707b09d6292f3b9bf38\issue_control.\g_issue_fast.osh[10]' using process `$paramod$c18d8db2e976d41b022b6707b09d6292f3b9bf38\issue_control.$proc$/tmp/qrom-issue-lockstep-760a-r2/literal.sv:87$4707'.
  created $dff cell `$procdff$7865' with positive edge clock.
Creating register for signal `$paramod$c18d8db2e976d41b022b6707b09d6292f3b9bf38\issue_control.\g_issue_fast.osh[11]' using process `$paramod$c18d8db2e976d41b022b6707b09d6292f3b9bf38\issue_control.$proc$/tmp/qrom-issue-lockstep-760a-r2/literal.sv:87$4707'.
  created $dff cell `$procdff$7866' with positive edge clock.
Creating register for signal `$paramod$c18d8db2e976d41b022b6707b09d6292f3b9bf38\issue_control.\g_issue_fast.osh[12]' using process `$paramod$c18d8db2e976d41b022b6707b09d6292f3b9bf38\issue_control.$proc$/tmp/qrom-issue-lockstep-760a-r2/literal.sv:87$4707'.
  created $dff cell `$procdff$7867' with positive edge clock.
Creating register for signal `$paramod$c18d8db2e976d41b022b6707b09d6292f3b9bf38\issue_control.\g_issue_fast.osh[13]' using process `$paramod$c18d8db2e976d41b022b6707b09d6292f3b9bf38\issue_control.$proc$/tmp/qrom-issue-lockstep-760a-r2/literal.sv:87$4707'.
  created $dff cell `$procdff$7868' with positive edge clock.
Creating register for signal `\lockstep.\seen_reset' using process `\lockstep.$proc$/tmp/qrom-issue-lockstep-760a-r2/literal.sv:243$189'.
  created $dff cell `$procdff$7869' with positive edge clock.
Creating register for signal `\lockstep.\shadow' using process `\lockstep.$proc$/tmp/qrom-issue-lockstep-760a-r2/literal.sv:243$189'.
  created $dff cell `$procdff$7870' with positive edge clock.
Creating register for signal `\lockstep.\ref_rr' using process `\lockstep.$proc$/tmp/qrom-issue-lockstep-760a-r2/literal.sv:243$189'.
  created $dff cell `$procdff$7871' with positive edge clock.
Creating register for signal `\lockstep.\ref_kr' using process `\lockstep.$proc$/tmp/qrom-issue-lockstep-760a-r2/literal.sv:243$189'.
  created $dff cell `$procdff$7872' with positive edge clock.
Creating register for signal `\lockstep.\ref_accept' using process `\lockstep.$proc$/tmp/qrom-issue-lockstep-760a-r2/literal.sv:243$189'.
  created $dff cell `$procdff$7873' with positive edge clock.
Creating register for signal `\lockstep.\ref_addr' using process `\lockstep.$proc$/tmp/qrom-issue-lockstep-760a-r2/literal.sv:243$189'.
  created $dff cell `$procdff$7874' with positive edge clock.
Creating register for signal `\source_boundary.\ib_q' using process `\source_boundary.$proc$/tmp/qrom-issue-lockstep-760a-r2/literal.sv:232$188'.
  created $dff cell `$procdff$7875' with positive edge clock.
Creating register for signal `\source_boundary.\xl_q' using process `\source_boundary.$proc$/tmp/qrom-issue-lockstep-760a-r2/literal.sv:232$188'.
  created $dff cell `$procdff$7876' with positive edge clock.
Creating register for signal `\source_boundary.\go_q' using process `\source_boundary.$proc$/tmp/qrom-issue-lockstep-760a-r2/literal.sv:228$186'.
  created $adff cell `$procdff$7881' with positive edge clock and positive level reset.

5.2.10. Executing PROC_MEMWR pass (convert process memory writes to cells).

5.2.11. Executing PROC_CLEAN pass (remove empty switches from decision trees).
Found and cleaned up 10 empty switches in `$paramod\issue_control\PART=s32'00000000000000000000000000000010.$proc$/tmp/qrom-issue-lockstep-760a-r2/literal.sv:134$5045'.
Removing empty process `$paramod\issue_control\PART=s32'00000000000000000000000000000010.$proc$/tmp/qrom-issue-lockstep-760a-r2/literal.sv:134$5045'.
Removing empty process `$paramod\issue_control\PART=s32'00000000000000000000000000000010.$proc$/tmp/qrom-issue-lockstep-760a-r2/literal.sv:105$5034'.
Removing empty process `$paramod\issue_control\PART=s32'00000000000000000000000000000010.$proc$/tmp/qrom-issue-lockstep-760a-r2/literal.sv:87$4889'.
Found and cleaned up 10 empty switches in `$paramod$c18d8db2e976d41b022b6707b09d6292f3b9bf38\issue_control.$proc$/tmp/qrom-issue-lockstep-760a-r2/literal.sv:134$4863'.
Removing empty process `$paramod$c18d8db2e976d41b022b6707b09d6292f3b9bf38\issue_control.$proc$/tmp/qrom-issue-lockstep-760a-r2/literal.sv:134$4863'.
Removing empty process `$paramod$c18d8db2e976d41b022b6707b09d6292f3b9bf38\issue_control.$proc$/tmp/qrom-issue-lockstep-760a-r2/literal.sv:105$4852'.
Removing empty process `$paramod$c18d8db2e976d41b022b6707b09d6292f3b9bf38\issue_control.$proc$/tmp/qrom-issue-lockstep-760a-r2/literal.sv:87$4707'.
Removing empty process `lockstep.$proc$/tmp/qrom-issue-lockstep-760a-r2/literal.sv:241$205'.
Found and cleaned up 3 empty switches in `\lockstep.$proc$/tmp/qrom-issue-lockstep-760a-r2/literal.sv:248$192'.
Removing empty process `lockstep.$proc$/tmp/qrom-issue-lockstep-760a-r2/literal.sv:248$192'.
Found and cleaned up 1 empty switch in `\lockstep.$proc$/tmp/qrom-issue-lockstep-760a-r2/literal.sv:243$189'.
Removing empty process `lockstep.$proc$/tmp/qrom-issue-lockstep-760a-r2/literal.sv:243$189'.
Removing empty process `source_boundary.$proc$/tmp/qrom-issue-lockstep-760a-r2/literal.sv:232$188'.
Removing empty process `source_boundary.$proc$/tmp/qrom-issue-lockstep-760a-r2/literal.sv:228$186'.
Cleaned up 24 empty switches.

5.2.12. Executing OPT_EXPR pass (perform const folding).
Optimizing module $paramod\ot_qwen_w12_kadd\W=s32'00000000000000000000000000010011.
Optimizing module $paramod\ot_qwen_w12_kadd\W=s32'00000000000000000000000000010010.
Optimizing module $paramod$f90a6a4cd6df7e7af36144edac6c464473cbc678\ot_qwen_w12_csa_tree.
<suppressed ~12 debug messages>
Optimizing module $paramod\ot_qwen_w12_kadd\W=s32'00000000000000000000000000100110.
Optimizing module $paramod\ot_qwen_w12_ksa\W=s32'00000000000000000000000000010011.
<suppressed ~19 debug messages>
Optimizing module $paramod\ot_qwen_w12_ksa\W=s32'00000000000000000000000000010010.
<suppressed ~18 debug messages>
Optimizing module $paramod\issue_control\PART=s32'00000000000000000000000000000010.
<suppressed ~232 debug messages>
Optimizing module $paramod$c18d8db2e976d41b022b6707b09d6292f3b9bf38\issue_control.
<suppressed ~232 debug messages>
Optimizing module $paramod$b4ad5dedd87102a58431aca49e3d92cab1266120\ot_hdc_delay.
Optimizing module $paramod$e79aff1b8f388e993ed62bf483ad881f82372906\ot_hdc_delay.
Optimizing module $paramod\ot_qwen_w12_ksa\W=s32'00000000000000000000000000011000.
<suppressed ~24 debug messages>
Optimizing module $paramod\ot_qwen_w12_ksa\W=s32'00000000000000000000000000100110.
<suppressed ~38 debug messages>
Optimizing module $paramod$f90a6a4cd6df7e7af36144edac6c464473cbc678\ot_qwen_w12_ksum.
Optimizing module lockstep.
<suppressed ~5 debug messages>
Optimizing module source_boundary.
<suppressed ~2 debug messages>
Optimizing module $paramod\ot_qwen_w12_kadd\W=s32'00000000000000000000000000011000.

5.3. Executing FLATTEN pass (flatten design).
Deleting now unused module $paramod\ot_qwen_w12_kadd\W=s32'00000000000000000000000000010011.
Deleting now unused module $paramod\ot_qwen_w12_kadd\W=s32'00000000000000000000000000010010.
Deleting now unused module $paramod$f90a6a4cd6df7e7af36144edac6c464473cbc678\ot_qwen_w12_csa_tree.
Deleting now unused module $paramod\ot_qwen_w12_kadd\W=s32'00000000000000000000000000100110.
Deleting now unused module $paramod\ot_qwen_w12_ksa\W=s32'00000000000000000000000000010011.
Deleting now unused module $paramod\ot_qwen_w12_ksa\W=s32'00000000000000000000000000010010.
Deleting now unused module $paramod\issue_control\PART=s32'00000000000000000000000000000010.
Deleting now unused module $paramod$c18d8db2e976d41b022b6707b09d6292f3b9bf38\issue_control.
Deleting now unused module $paramod$b4ad5dedd87102a58431aca49e3d92cab1266120\ot_hdc_delay.
Deleting now unused module $paramod$e79aff1b8f388e993ed62bf483ad881f82372906\ot_hdc_delay.
Deleting now unused module $paramod\ot_qwen_w12_ksa\W=s32'00000000000000000000000000011000.
Deleting now unused module $paramod\ot_qwen_w12_ksa\W=s32'00000000000000000000000000100110.
Deleting now unused module $paramod$f90a6a4cd6df7e7af36144edac6c464473cbc678\ot_qwen_w12_ksum.
Deleting now unused module source_boundary.
Deleting now unused module $paramod\ot_qwen_w12_kadd\W=s32'00000000000000000000000000011000.
<suppressed ~43 debug messages>

5.4. Executing FUTURE pass.

5.5. Executing OPT_EXPR pass (perform const folding).
Optimizing module lockstep.
<suppressed ~1398 debug messages>

5.6. Executing OPT_CLEAN pass (remove unused cells and wires).
Finding unused cells or wires in module \lockstep..
Removed 352 unused cells and 7938 unused wires.
<suppressed ~377 debug messages>

5.7. Executing CHECK pass (checking for obvious problems).
Checking module lockstep...
Found and reported 0 problems.

5.8. Executing OPT pass (performing simple optimizations).

5.8.1. Executing OPT_EXPR pass (perform const folding).
Optimizing module lockstep.

5.8.2. Executing OPT_MERGE pass (detect identical cells).
Finding identical cells in module `\lockstep'.
Computing hashes of 7834 cells of `\lockstep'.
Finding duplicate cells in `\lockstep'.
Computing hashes of 7725 cells of `\lockstep'.
Finding duplicate cells in `\lockstep'.
Computing hashes of 7669 cells of `\lockstep'.
Finding duplicate cells in `\lockstep'.
Computing hashes of 7629 cells of `\lockstep'.
Finding duplicate cells in `\lockstep'.
Computing hashes of 7621 cells of `\lockstep'.
Finding duplicate cells in `\lockstep'.
<suppressed ~639 debug messages>
Removed a total of 213 cells.

5.8.3. Executing OPT_MUXTREE pass (detect dead branches in mux trees).
Running muxtree optimizer on module \lockstep..
  Creating internal representation of mux trees.
  Evaluating internal representation of mux trees.
      Replacing known input bits on port B of cell $flatten\root.$procmux$6215: \root.t_last -> 1'1
      Replacing known input bits on port A of cell $flatten\root.$procmux$6186: \root.pend -> 1'1
      Replacing known input bits on port B of cell $flatten\root.$procmux$6182: \root.pend -> 1'0
      Replacing known input bits on port A of cell $flatten\root.$procmux$6180: \root.pend -> 1'0
      Replacing known input bits on port A of cell $flatten\root.$procmux$6178: \root.pend -> 1'0
      Replacing known input bits on port A of cell $flatten\root.$procmux$6630: \root.active -> 1'1
      Replacing known input bits on port A of cell $flatten\root.$procmux$6627: \root.active -> 1'1
      Replacing known input bits on port A of cell $flatten\root.$procmux$6624: \root.active -> 1'1
      Replacing known input bits on port A of cell $flatten\root.$procmux$6636: \root.active -> 1'0
      Replacing known input bits on port B of cell $flatten\root.$procmux$6634: \root.active -> 1'0
      Replacing known input bits on port A of cell $flatten\tile.$procmux$7132: \tile.active -> 1'1
      Replacing known input bits on port A of cell $flatten\tile.$procmux$7129: \tile.active -> 1'1
      Replacing known input bits on port A of cell $flatten\tile.$procmux$7126: \tile.active -> 1'1
      Replacing known input bits on port A of cell $flatten\tile.$procmux$7138: \tile.active -> 1'0
      Replacing known input bits on port B of cell $flatten\tile.$procmux$7136: \tile.active -> 1'0
      Replacing known input bits on port A of cell $flatten\tile.$procmux$6688: \tile.pend -> 1'1
      Replacing known input bits on port B of cell $flatten\tile.$procmux$6684: \tile.pend -> 1'0
      Replacing known input bits on port A of cell $flatten\tile.$procmux$6682: \tile.pend -> 1'0
      Replacing known input bits on port A of cell $flatten\tile.$procmux$6680: \tile.pend -> 1'0
      Replacing known input bits on port B of cell $flatten\tile.$procmux$6717: \tile.t_last -> 1'1
  Analyzing evaluation results.
Removed 0 multiplexer ports.
<suppressed ~482 debug messages>

5.8.4. Executing OPT_REDUCE pass (consolidate $*mux and $reduce_* inputs).
  Optimizing cells in module \lockstep.
Performed a total of 0 changes.

5.8.5. Executing OPT_MERGE pass (detect identical cells).
Finding identical cells in module `\lockstep'.
Computing hashes of 7621 cells of `\lockstep'.
Finding duplicate cells in `\lockstep'.
Computing hashes of 7612 cells of `\lockstep'.
Finding duplicate cells in `\lockstep'.
Computing hashes of 7608 cells of `\lockstep'.
Finding duplicate cells in `\lockstep'.
<suppressed ~39 debug messages>
Removed a total of 13 cells.

5.8.6. Executing OPT_CLEAN pass (remove unused cells and wires).
Finding unused cells or wires in module \lockstep..
Removed 0 unused cells and 58 unused wires.
<suppressed ~1 debug messages>

5.8.7. Executing OPT_EXPR pass (perform const folding).
Optimizing module lockstep.

5.8.8. Rerunning OPT passes. (Maybe there is more to do..)

5.8.9. Executing OPT_MUXTREE pass (detect dead branches in mux trees).
Running muxtree optimizer on module \lockstep..
  Creating internal representation of mux trees.
  Evaluating internal representation of mux trees.
  Analyzing evaluation results.
Removed 0 multiplexer ports.
<suppressed ~492 debug messages>

5.8.10. Executing OPT_REDUCE pass (consolidate $*mux and $reduce_* inputs).
  Optimizing cells in module \lockstep.
Performed a total of 0 changes.

5.8.11. Executing OPT_MERGE pass (detect identical cells).
Finding identical cells in module `\lockstep'.
Computing hashes of 7608 cells of `\lockstep'.
Finding duplicate cells in `\lockstep'.
Removed a total of 0 cells.

5.8.12. Executing OPT_CLEAN pass (remove unused cells and wires).
Finding unused cells or wires in module \lockstep..

5.8.13. Executing OPT_EXPR pass (perform const folding).
Optimizing module lockstep.

5.8.14. Finished fast OPT passes. (There is nothing left to do.)

5.9. Executing WREDUCE pass (reducing word size of cells).
Removed top 1 bits (of 38) from port Y of cell lockstep.$flatten\root.\g_issue_fast.u_os.\u_t.$or$/tmp/opentallas-qrom-source-context-next-20261002/rtl/hdc/ot_qwen_w12_matvec.sv:1265$5623 ($or).
Removed top 1 bits (of 38) from port A of cell lockstep.$flatten\root.\g_issue_fast.u_os.\u_t.$or$/tmp/opentallas-qrom-source-context-next-20261002/rtl/hdc/ot_qwen_w12_matvec.sv:1265$5623 ($or).
Removed top 1 bits (of 38) from port B of cell lockstep.$flatten\root.\g_issue_fast.u_os.\u_t.$or$/tmp/opentallas-qrom-source-context-next-20261002/rtl/hdc/ot_qwen_w12_matvec.sv:1265$5623 ($or).
Removed top 1 bits (of 38) from port Y of cell lockstep.$flatten\root.\g_issue_fast.u_os.\u_t.$or$/tmp/opentallas-qrom-source-context-next-20261002/rtl/hdc/ot_qwen_w12_matvec.sv:1265$5615 ($or).
Removed top 1 bits (of 38) from port A of cell lockstep.$flatten\root.\g_issue_fast.u_os.\u_t.$or$/tmp/opentallas-qrom-source-context-next-20261002/rtl/hdc/ot_qwen_w12_matvec.sv:1265$5615 ($or).
Removed top 1 bits (of 38) from port B of cell lockstep.$flatten\root.\g_issue_fast.u_os.\u_t.$or$/tmp/opentallas-qrom-source-context-next-20261002/rtl/hdc/ot_qwen_w12_matvec.sv:1265$5615 ($or).
Removed top 1 bits (of 38) from port Y of cell lockstep.$flatten\root.\g_issue_fast.u_os.\u_t.$and$/tmp/opentallas-qrom-source-context-next-20261002/rtl/hdc/ot_qwen_w12_matvec.sv:1265$5614 ($and).
Removed top 1 bits (of 38) from port A of cell lockstep.$flatten\root.\g_issue_fast.u_os.\u_t.$and$/tmp/opentallas-qrom-source-context-next-20261002/rtl/hdc/ot_qwen_w12_matvec.sv:1265$5614 ($and).
Removed top 1 bits (of 38) from port B of cell lockstep.$flatten\root.\g_issue_fast.u_os.\u_t.$and$/tmp/opentallas-qrom-source-context-next-20261002/rtl/hdc/ot_qwen_w12_matvec.sv:1265$5614 ($and).
Removed top 1 bits (of 38) from port Y of cell lockstep.$flatten\root.\g_issue_fast.u_os.\u_t.$or$/tmp/opentallas-qrom-source-context-next-20261002/rtl/hdc/ot_qwen_w12_matvec.sv:1265$5613 ($or).
Removed top 1 bits (of 38) from port A of cell lockstep.$flatten\root.\g_issue_fast.u_os.\u_t.$or$/tmp/opentallas-qrom-source-context-next-20261002/rtl/hdc/ot_qwen_w12_matvec.sv:1265$5613 ($or).
Removed top 1 bits (of 38) from port B of cell lockstep.$flatten\root.\g_issue_fast.u_os.\u_t.$or$/tmp/opentallas-qrom-source-context-next-20261002/rtl/hdc/ot_qwen_w12_matvec.sv:1265$5613 ($or).
Removed top 1 bits (of 38) from port Y of cell lockstep.$flatten\root.\g_issue_fast.u_os.\u_t.$and$/tmp/opentallas-qrom-source-context-next-20261002/rtl/hdc/ot_qwen_w12_matvec.sv:1265$5612 ($and).
Removed top 1 bits (of 38) from port A of cell lockstep.$flatten\root.\g_issue_fast.u_os.\u_t.$and$/tmp/opentallas-qrom-source-context-next-20261002/rtl/hdc/ot_qwen_w12_matvec.sv:1265$5612 ($and).
Removed top 1 bits (of 38) from port B of cell lockstep.$flatten\root.\g_issue_fast.u_os.\u_t.$and$/tmp/opentallas-qrom-source-context-next-20261002/rtl/hdc/ot_qwen_w12_matvec.sv:1265$5612 ($and).
Removed top 1 bits (of 38) from port Y of cell lockstep.$flatten\root.\g_issue_fast.u_os.\u_t.$and$/tmp/opentallas-qrom-source-context-next-20261002/rtl/hdc/ot_qwen_w12_matvec.sv:1265$5611 ($and).
Removed top 1 bits (of 38) from port A of cell lockstep.$flatten\root.\g_issue_fast.u_os.\u_t.$and$/tmp/opentallas-qrom-source-context-next-20261002/rtl/hdc/ot_qwen_w12_matvec.sv:1265$5611 ($and).
Removed top 1 bits (of 38) from port B of cell lockstep.$flatten\root.\g_issue_fast.u_os.\u_t.$and$/tmp/opentallas-qrom-source-context-next-20261002/rtl/hdc/ot_qwen_w12_matvec.sv:1265$5611 ($and).
Removed top 1 bits (of 38) from port Y of cell lockstep.$flatten\root.\g_issue_fast.u_os.\u_t.$and$/tmp/opentallas-qrom-source-context-next-20261002/rtl/hdc/ot_qwen_w12_matvec.sv:1265$5622 ($and).
Removed top 1 bits (of 38) from port A of cell lockstep.$flatten\root.\g_issue_fast.u_os.\u_t.$and$/tmp/opentallas-qrom-source-context-next-20261002/rtl/hdc/ot_qwen_w12_matvec.sv:1265$5622 ($and).
Removed top 1 bits (of 38) from port B of cell lockstep.$flatten\root.\g_issue_fast.u_os.\u_t.$and$/tmp/opentallas-qrom-source-context-next-20261002/rtl/hdc/ot_qwen_w12_matvec.sv:1265$5622 ($and).
Removed top 1 bits (of 38) from port Y of cell lockstep.$flatten\root.\g_issue_fast.u_os.\u_t.$or$/tmp/opentallas-qrom-source-context-next-20261002/rtl/hdc/ot_qwen_w12_matvec.sv:1265$5607 ($or).
Removed top 1 bits (of 38) from port A of cell lockstep.$flatten\root.\g_issue_fast.u_os.\u_t.$or$/tmp/opentallas-qrom-source-context-next-20261002/rtl/hdc/ot_qwen_w12_matvec.sv:1265$5607 ($or).
Removed top 1 bits (of 38) from port B of cell lockstep.$flatten\root.\g_issue_fast.u_os.\u_t.$or$/tmp/opentallas-qrom-source-context-next-20261002/rtl/hdc/ot_qwen_w12_matvec.sv:1265$5607 ($or).
Removed top 1 bits (of 38) from port Y of cell lockstep.$flatten\root.\g_issue_fast.u_os.\u_t.$and$/tmp/opentallas-qrom-source-context-next-20261002/rtl/hdc/ot_qwen_w12_matvec.sv:1265$5606 ($and).
Removed top 1 bits (of 38) from port A of cell lockstep.$flatten\root.\g_issue_fast.u_os.\u_t.$and$/tmp/opentallas-qrom-source-context-next-20261002/rtl/hdc/ot_qwen_w12_matvec.sv:1265$5606 ($and).
Removed top 1 bits (of 38) from port B of cell lockstep.$flatten\root.\g_issue_fast.u_os.\u_t.$and$/tmp/opentallas-qrom-source-context-next-20261002/rtl/hdc/ot_qwen_w12_matvec.sv:1265$5606 ($and).
Removed top 1 bits (of 38) from port Y of cell lockstep.$flatten\root.\g_issue_fast.u_os.\u_t.$or$/tmp/opentallas-qrom-source-context-next-20261002/rtl/hdc/ot_qwen_w12_matvec.sv:1265$5605 ($or).
Removed top 1 bits (of 38) from port A of cell lockstep.$flatten\root.\g_issue_fast.u_os.\u_t.$or$/tmp/opentallas-qrom-source-context-next-20261002/rtl/hdc/ot_qwen_w12_matvec.sv:1265$5605 ($or).
Removed top 1 bits (of 38) from port B of cell lockstep.$flatten\root.\g_issue_fast.u_os.\u_t.$or$/tmp/opentallas-qrom-source-context-next-20261002/rtl/hdc/ot_qwen_w12_matvec.sv:1265$5605 ($or).
Removed top 1 bits (of 38) from port Y of cell lockstep.$flatten\root.\g_issue_fast.u_os.\u_t.$and$/tmp/opentallas-qrom-source-context-next-20261002/rtl/hdc/ot_qwen_w12_matvec.sv:1265$5604 ($and).
Removed top 1 bits (of 38) from port A of cell lockstep.$flatten\root.\g_issue_fast.u_os.\u_t.$and$/tmp/opentallas-qrom-source-context-next-20261002/rtl/hdc/ot_qwen_w12_matvec.sv:1265$5604 ($and).
Removed top 1 bits (of 38) from port B of cell lockstep.$flatten\root.\g_issue_fast.u_os.\u_t.$and$/tmp/opentallas-qrom-source-context-next-20261002/rtl/hdc/ot_qwen_w12_matvec.sv:1265$5604 ($and).
Removed top 1 bits (of 38) from port Y of cell lockstep.$flatten\root.\g_issue_fast.u_os.\u_t.$and$/tmp/opentallas-qrom-source-context-next-20261002/rtl/hdc/ot_qwen_w12_matvec.sv:1265$5603 ($and).
Removed top 1 bits (of 38) from port A of cell lockstep.$flatten\root.\g_issue_fast.u_os.\u_t.$and$/tmp/opentallas-qrom-source-context-next-20261002/rtl/hdc/ot_qwen_w12_matvec.sv:1265$5603 ($and).
Removed top 1 bits (of 38) from port B of cell lockstep.$flatten\root.\g_issue_fast.u_os.\u_t.$and$/tmp/opentallas-qrom-source-context-next-20261002/rtl/hdc/ot_qwen_w12_matvec.sv:1265$5603 ($and).
Removed top 1 bits (of 38) from port Y of cell lockstep.$flatten\root.\g_issue_fast.u_os.\u_t.$or$/tmp/opentallas-qrom-source-context-next-20261002/rtl/hdc/ot_qwen_w12_matvec.sv:1265$5599 ($or).
Removed top 1 bits (of 38) from port A of cell lockstep.$flatten\root.\g_issue_fast.u_os.\u_t.$or$/tmp/opentallas-qrom-source-context-next-20261002/rtl/hdc/ot_qwen_w12_matvec.sv:1265$5599 ($or).
Removed top 1 bits (of 38) from port B of cell lockstep.$flatten\root.\g_issue_fast.u_os.\u_t.$or$/tmp/opentallas-qrom-source-context-next-20261002/rtl/hdc/ot_qwen_w12_matvec.sv:1265$5599 ($or).
Removed top 1 bits (of 38) from port Y of cell lockstep.$flatten\root.\g_issue_fast.u_os.\u_t.$and$/tmp/opentallas-qrom-source-context-next-20261002/rtl/hdc/ot_qwen_w12_matvec.sv:1265$5598 ($and).
Removed top 1 bits (of 38) from port A of cell lockstep.$flatten\root.\g_issue_fast.u_os.\u_t.$and$/tmp/opentallas-qrom-source-context-next-20261002/rtl/hdc/ot_qwen_w12_matvec.sv:1265$5598 ($and).
Removed top 1 bits (of 38) from port B of cell lockstep.$flatten\root.\g_issue_fast.u_os.\u_t.$and$/tmp/opentallas-qrom-source-context-next-20261002/rtl/hdc/ot_qwen_w12_matvec.sv:1265$5598 ($and).
Removed top 1 bits (of 38) from port Y of cell lockstep.$flatten\root.\g_issue_fast.u_os.\u_t.$or$/tmp/opentallas-qrom-source-context-next-20261002/rtl/hdc/ot_qwen_w12_matvec.sv:1265$5597 ($or).
Removed top 1 bits (of 38) from port A of cell lockstep.$flatten\root.\g_issue_fast.u_os.\u_t.$or$/tmp/opentallas-qrom-source-context-next-20261002/rtl/hdc/ot_qwen_w12_matvec.sv:1265$5597 ($or).
Removed top 1 bits (of 38) from port B of cell lockstep.$flatten\root.\g_issue_fast.u_os.\u_t.$or$/tmp/opentallas-qrom-source-context-next-20261002/rtl/hdc/ot_qwen_w12_matvec.sv:1265$5597 ($or).
Removed top 1 bits (of 38) from port Y of cell lockstep.$flatten\root.\g_issue_fast.u_os.\u_t.$and$/tmp/opentallas-qrom-source-context-next-20261002/rtl/hdc/ot_qwen_w12_matvec.sv:1265$5596 ($and).
Removed top 1 bits (of 38) from port A of cell lockstep.$flatten\root.\g_issue_fast.u_os.\u_t.$and$/tmp/opentallas-qrom-source-context-next-20261002/rtl/hdc/ot_qwen_w12_matvec.sv:1265$5596 ($and).
Removed top 1 bits (of 38) from port B of cell lockstep.$flatten\root.\g_issue_fast.u_os.\u_t.$and$/tmp/opentallas-qrom-source-context-next-20261002/rtl/hdc/ot_qwen_w12_matvec.sv:1265$5596 ($and).
Removed top 1 bits (of 38) from port Y of cell lockstep.$flatten\root.\g_issue_fast.u_os.\u_t.$and$/tmp/opentallas-qrom-source-context-next-20261002/rtl/hdc/ot_qwen_w12_matvec.sv:1265$5595 ($and).
Removed top 1 bits (of 38) from port A of cell lockstep.$flatten\root.\g_issue_fast.u_os.\u_t.$and$/tmp/opentallas-qrom-source-context-next-20261002/rtl/hdc/ot_qwen_w12_matvec.sv:1265$5595 ($and).
Removed top 1 bits (of 38) from port B of cell lockstep.$flatten\root.\g_issue_fast.u_os.\u_t.$and$/tmp/opentallas-qrom-source-context-next-20261002/rtl/hdc/ot_qwen_w12_matvec.sv:1265$5595 ($and).
Removed top 1 bits (of 38) from port Y of cell lockstep.$flatten\root.\g_issue_fast.u_os.\u_t.$or$/tmp/opentallas-qrom-source-context-next-20261002/rtl/hdc/ot_qwen_w12_matvec.sv:1265$5591 ($or).
Removed top 1 bits (of 38) from port A of cell lockstep.$flatten\root.\g_issue_fast.u_os.\u_t.$or$/tmp/opentallas-qrom-source-context-next-20261002/rtl/hdc/ot_qwen_w12_matvec.sv:1265$5591 ($or).
Removed top 1 bits (of 38) from port B of cell lockstep.$flatten\root.\g_issue_fast.u_os.\u_t.$or$/tmp/opentallas-qrom-source-context-next-20261002/rtl/hdc/ot_qwen_w12_matvec.sv:1265$5591 ($or).
Removed top 1 bits (of 38) from port Y of cell lockstep.$flatten\root.\g_issue_fast.u_os.\u_t.$and$/tmp/opentallas-qrom-source-context-next-20261002/rtl/hdc/ot_qwen_w12_matvec.sv:1265$5590 ($and).
Removed top 1 bits (of 38) from port A of cell lockstep.$flatten\root.\g_issue_fast.u_os.\u_t.$and$/tmp/opentallas-qrom-source-context-next-20261002/rtl/hdc/ot_qwen_w12_matvec.sv:1265$5590 ($and).
Removed top 1 bits (of 38) from port B of cell lockstep.$flatten\root.\g_issue_fast.u_os.\u_t.$and$/tmp/opentallas-qrom-source-context-next-20261002/rtl/hdc/ot_qwen_w12_matvec.sv:1265$5590 ($and).
Removed top 1 bits (of 38) from port Y of cell lockstep.$flatten\root.\g_issue_fast.u_os.\u_t.$or$/tmp/opentallas-qrom-source-context-next-20261002/rtl/hdc/ot_qwen_w12_matvec.sv:1265$5589 ($or).
Removed top 1 bits (of 38) from port A of cell lockstep.$flatten\root.\g_issue_fast.u_os.\u_t.$or$/tmp/opentallas-qrom-source-context-next-20261002/rtl/hdc/ot_qwen_w12_matvec.sv:1265$5589 ($or).
Removed top 1 bits (of 38) from port B of cell lockstep.$flatten\root.\g_issue_fast.u_os.\u_t.$or$/tmp/opentallas-qrom-source-context-next-20261002/rtl/hdc/ot_qwen_w12_matvec.sv:1265$5589 ($or).
Removed top 1 bits (of 38) from port Y of cell lockstep.$flatten\root.\g_issue_fast.u_os.\u_t.$and$/tmp/opentallas-qrom-source-context-next-20261002/rtl/hdc/ot_qwen_w12_matvec.sv:1265$5588 ($and).
Removed top 1 bits (of 38) from port A of cell lockstep.$flatten\root.\g_issue_fast.u_os.\u_t.$and$/tmp/opentallas-qrom-source-context-next-20261002/rtl/hdc/ot_qwen_w12_matvec.sv:1265$5588 ($and).
Removed top 1 bits (of 38) from port B of cell lockstep.$flatten\root.\g_issue_fast.u_os.\u_t.$and$/tmp/opentallas-qrom-source-context-next-20261002/rtl/hdc/ot_qwen_w12_matvec.sv:1265$5588 ($and).
Removed top 1 bits (of 38) from port Y of cell lockstep.$flatten\root.\g_issue_fast.u_os.\u_t.$and$/tmp/opentallas-qrom-source-context-next-20261002/rtl/hdc/ot_qwen_w12_matvec.sv:1265$5587 ($and).
Removed top 1 bits (of 38) from port A of cell lockstep.$flatten\root.\g_issue_fast.u_os.\u_t.$and$/tmp/opentallas-qrom-source-context-next-20261002/rtl/hdc/ot_qwen_w12_matvec.sv:1265$5587 ($and).
Removed top 1 bits (of 38) from port B of cell lockstep.$flatten\root.\g_issue_fast.u_os.\u_t.$and$/tmp/opentallas-qrom-source-context-next-20261002/rtl/hdc/ot_qwen_w12_matvec.sv:1265$5587 ($and).
Removed top 1 bits (of 38) from port Y of cell lockstep.$flatten\root.\g_issue_fast.u_os.\u_t.$or$/tmp/opentallas-qrom-source-context-next-20261002/rtl/hdc/ot_qwen_w12_matvec.sv:1265$5583 ($or).
Removed top 1 bits (of 38) from port A of cell lockstep.$flatten\root.\g_issue_fast.u_os.\u_t.$or$/tmp/opentallas-qrom-source-context-next-20261002/rtl/hdc/ot_qwen_w12_matvec.sv:1265$5583 ($or).
Removed top 1 bits (of 38) from port B of cell lockstep.$flatten\root.\g_issue_fast.u_os.\u_t.$or$/tmp/opentallas-qrom-source-context-next-20261002/rtl/hdc/ot_qwen_w12_matvec.sv:1265$5583 ($or).
Removed top 1 bits (of 38) from port Y of cell lockstep.$flatten\root.\g_issue_fast.u_os.\u_t.$and$/tmp/opentallas-qrom-source-context-next-20261002/rtl/hdc/ot_qwen_w12_matvec.sv:1265$5582 ($and).
Removed top 1 bits (of 38) from port A of cell lockstep.$flatten\root.\g_issue_fast.u_os.\u_t.$and$/tmp/opentallas-qrom-source-context-next-20261002/rtl/hdc/ot_qwen_w12_matvec.sv:1265$5582 ($and).
Removed top 1 bits (of 38) from port B of cell lockstep.$flatten\root.\g_issue_fast.u_os.\u_t.$and$/tmp/opentallas-qrom-source-context-next-20261002/rtl/hdc/ot_qwen_w12_matvec.sv:1265$5582 ($and).
Removed top 1 bits (of 38) from port Y of cell lockstep.$flatten\root.\g_issue_fast.u_os.\u_t.$or$/tmp/opentallas-qrom-source-context-next-20261002/rtl/hdc/ot_qwen_w12_matvec.sv:1265$5581 ($or).
Removed top 1 bits (of 38) from port A of cell lockstep.$flatten\root.\g_issue_fast.u_os.\u_t.$or$/tmp/opentallas-qrom-source-context-next-20261002/rtl/hdc/ot_qwen_w12_matvec.sv:1265$5581 ($or).
Removed top 1 bits (of 38) from port B of cell lockstep.$flatten\root.\g_issue_fast.u_os.\u_t.$or$/tmp/opentallas-qrom-source-context-next-20261002/rtl/hdc/ot_qwen_w12_matvec.sv:1265$5581 ($or).
Removed top 1 bits (of 38) from port Y of cell lockstep.$flatten\root.\g_issue_fast.u_os.\u_t.$and$/tmp/opentallas-qrom-source-context-next-20261002/rtl/hdc/ot_qwen_w12_matvec.sv:1265$5580 ($and).
Removed top 1 bits (of 38) from port A of cell lockstep.$flatten\root.\g_issue_fast.u_os.\u_t.$and$/tmp/opentallas-qrom-source-context-next-20261002/rtl/hdc/ot_qwen_w12_matvec.sv:1265$5580 ($and).
Removed top 1 bits (of 38) from port B of cell lockstep.$flatten\root.\g_issue_fast.u_os.\u_t.$and$/tmp/opentallas-qrom-source-context-next-20261002/rtl/hdc/ot_qwen_w12_matvec.sv:1265$5580 ($and).
Removed top 1 bits (of 38) from port Y of cell lockstep.$flatten\root.\g_issue_fast.u_os.\u_t.$and$/tmp/opentallas-qrom-source-context-next-20261002/rtl/hdc/ot_qwen_w12_matvec.sv:1265$5579 ($and).
Removed top 1 bits (of 38) from port A of cell lockstep.$flatten\root.\g_issue_fast.u_os.\u_t.$and$/tmp/opentallas-qrom-source-context-next-20261002/rtl/hdc/ot_qwen_w12_matvec.sv:1265$5579 ($and).
Removed top 1 bits (of 38) from port B of cell lockstep.$flatten\root.\g_issue_fast.u_os.\u_t.$and$/tmp/opentallas-qrom-source-context-next-20261002/rtl/hdc/ot_qwen_w12_matvec.sv:1265$5579 ($and).
Removed top 1 bits (of 38) from port Y of cell lockstep.$flatten\root.\g_issue_fast.u_os.\u_t.$or$/tmp/opentallas-qrom-source-context-next-20261002/rtl/hdc/ot_qwen_w12_matvec.sv:1265$5575 ($or).
Removed top 1 bits (of 38) from port A of cell lockstep.$flatten\root.\g_issue_fast.u_os.\u_t.$or$/tmp/opentallas-qrom-source-context-next-20261002/rtl/hdc/ot_qwen_w12_matvec.sv:1265$5575 ($or).
Removed top 1 bits (of 38) from port B of cell lockstep.$flatten\root.\g_issue_fast.u_os.\u_t.$or$/tmp/opentallas-qrom-source-context-next-20261002/rtl/hdc/ot_qwen_w12_matvec.sv:1265$5575 ($or).
Removed top 1 bits (of 38) from port Y of cell lockstep.$flatten\root.\g_issue_fast.u_os.\u_t.$and$/tmp/opentallas-qrom-source-context-next-20261002/rtl/hdc/ot_qwen_w12_matvec.sv:1265$5574 ($and).
Removed top 1 bits (of 38) from port A of cell lockstep.$flatten\root.\g_issue_fast.u_os.\u_t.$and$/tmp/opentallas-qrom-source-context-next-20261002/rtl/hdc/ot_qwen_w12_matvec.sv:1265$5574 ($and).
Removed top 1 bits (of 38) from port B of cell lockstep.$flatten\root.\g_issue_fast.u_os.\u_t.$and$/tmp/opentallas-qrom-source-context-next-20261002/rtl/hdc/ot_qwen_w12_matvec.sv:1265$5574 ($and).
Removed top 1 bits (of 38) from port Y of cell lockstep.$flatten\root.\g_issue_fast.u_os.\u_t.$or$/tmp/opentallas-qrom-source-context-next-20261002/rtl/hdc/ot_qwen_w12_matvec.sv:1265$5573 ($or).
Removed top 1 bits (of 38) from port A of cell lockstep.$flatten\root.\g_issue_fast.u_os.\u_t.$or$/tmp/opentallas-qrom-source-context-next-20261002/rtl/hdc/ot_qwen_w12_matvec.sv:1265$5573 ($or).
Removed top 1 bits (of 38) from port B of cell lockstep.$flatten\root.\g_issue_fast.u_os.\u_t.$or$/tmp/opentallas-qrom-source-context-next-20261002/rtl/hdc/ot_qwen_w12_matvec.sv:1265$5573 ($or).
Removed top 1 bits (of 38) from port Y of cell lockstep.$flatten\root.\g_issue_fast.u_os.\u_t.$and$/tmp/opentallas-qrom-source-context-next-20261002/rtl/hdc/ot_qwen_w12_matvec.sv:1265$5572 ($and).
Removed top 1 bits (of 38) from port A of cell lockstep.$flatten\root.\g_issue_fast.u_os.\u_t.$and$/tmp/opentallas-qrom-source-context-next-20261002/rtl/hdc/ot_qwen_w12_matvec.sv:1265$5572 ($and).
Removed top 1 bits (of 38) from port B of cell lockstep.$flatten\root.\g_issue_fast.u_os.\u_t.$and$/tmp/opentallas-qrom-source-context-next-20261002/rtl/hdc/ot_qwen_w12_matvec.sv:1265$5572 ($and).
Removed top 1 bits (of 38) from port Y of cell lockstep.$flatten\root.\g_issue_fast.u_os.\u_t.$and$/tmp/opentallas-qrom-source-context-next-20261002/rtl/hdc/ot_qwen_w12_matvec.sv:1265$5571 ($and).
Removed top 1 bits (of 38) from port A of cell lockstep.$flatten\root.\g_issue_fast.u_os.\u_t.$and$/tmp/opentallas-qrom-source-context-next-20261002/rtl/hdc/ot_qwen_w12_matvec.sv:1265$5571 ($and).
Removed top 1 bits (of 38) from port B of cell lockstep.$flatten\root.\g_issue_fast.u_os.\u_t.$and$/tmp/opentallas-qrom-source-context-next-20261002/rtl/hdc/ot_qwen_w12_matvec.sv:1265$5571 ($and).
Removed top 1 bits (of 38) from port Y of cell lockstep.$flatten\root.\g_issue_fast.u_os.\u_t.$or$/tmp/opentallas-qrom-source-context-next-20261002/rtl/hdc/ot_qwen_w12_matvec.sv:1265$5567 ($or).
Removed top 1 bits (of 38) from port A of cell lockstep.$flatten\root.\g_issue_fast.u_os.\u_t.$or$/tmp/opentallas-qrom-source-context-next-20261002/rtl/hdc/ot_qwen_w12_matvec.sv:1265$5567 ($or).
Removed top 1 bits (of 38) from port B of cell lockstep.$flatten\root.\g_issue_fast.u_os.\u_t.$or$/tmp/opentallas-qrom-source-context-next-20261002/rtl/hdc/ot_qwen_w12_matvec.sv:1265$5567 ($or).
Removed top 1 bits (of 38) from port Y of cell lockstep.$flatten\root.\g_issue_fast.u_os.\u_t.$and$/tmp/opentallas-qrom-source-context-next-20261002/rtl/hdc/ot_qwen_w12_matvec.sv:1265$5566 ($and).
Removed top 1 bits (of 38) from port A of cell lockstep.$flatten\root.\g_issue_fast.u_os.\u_t.$and$/tmp/opentallas-qrom-source-context-next-20261002/rtl/hdc/ot_qwen_w12_matvec.sv:1265$5566 ($and).
Removed top 1 bits (of 38) from port B of cell lockstep.$flatten\root.\g_issue_fast.u_os.\u_t.$and$/tmp/opentallas-qrom-source-context-next-20261002/rtl/hdc/ot_qwen_w12_matvec.sv:1265$5566 ($and).
Removed top 1 bits (of 38) from port Y of cell lockstep.$flatten\root.\g_issue_fast.u_os.\u_t.$or$/tmp/opentallas-qrom-source-context-next-20261002/rtl/hdc/ot_qwen_w12_matvec.sv:1265$5565 ($or).
Removed top 1 bits (of 38) from port A of cell lockstep.$flatten\root.\g_issue_fast.u_os.\u_t.$or$/tmp/opentallas-qrom-source-context-next-20261002/rtl/hdc/ot_qwen_w12_matvec.sv:1265$5565 ($or).
Removed top 1 bits (of 38) from port B of cell lockstep.$flatten\root.\g_issue_fast.u_os.\u_t.$or$/tmp/opentallas-qrom-source-context-next-20261002/rtl/hdc/ot_qwen_w12_matvec.sv:1265$5565 ($or).
Removed top 1 bits (of 38) from port Y of cell lockstep.$flatten\root.\g_issue_fast.u_os.\u_t.$and$/tmp/opentallas-qrom-source-context-next-20261002/rtl/hdc/ot_qwen_w12_matvec.sv:1265$5564 ($and).
Removed top 1 bits (of 38) from port A of cell lockstep.$flatten\root.\g_issue_fast.u_os.\u_t.$and$/tmp/opentallas-qrom-source-context-next-20261002/rtl/hdc/ot_qwen_w12_matvec.sv:1265$5564 ($and).
Removed top 1 bits (of 38) from port B of cell lockstep.$flatten\root.\g_issue_fast.u_os.\u_t.$and$/tmp/opentallas-qrom-source-context-next-20261002/rtl/hdc/ot_qwen_w12_matvec.sv:1265$5564 ($and).
Removed top 1 bits (of 38) from port Y of cell lockstep.$flatten\root.\g_issue_fast.u_os.\u_t.$and$/tmp/opentallas-qrom-source-context-next-20261002/rtl/hdc/ot_qwen_w12_matvec.sv:1265$5563 ($and).
Removed top 1 bits (of 38) from port A of cell lockstep.$flatten\root.\g_issue_fast.u_os.\u_t.$and$/tmp/opentallas-qrom-source-context-next-20261002/rtl/hdc/ot_qwen_w12_matvec.sv:1265$5563 ($and).
Removed top 1 bits (of 38) from port B of cell lockstep.$flatten\root.\g_issue_fast.u_os.\u_t.$and$/tmp/opentallas-qrom-source-context-next-20261002/rtl/hdc/ot_qwen_w12_matvec.sv:1265$5563 ($and).
Removed top 1 bits (of 38) from port Y of cell lockstep.$flatten\root.\g_issue_fast.u_os.\u_t.$or$/tmp/opentallas-qrom-source-context-next-20261002/rtl/hdc/ot_qwen_w12_matvec.sv:1265$5559 ($or).
Removed top 1 bits (of 38) from port A of cell lockstep.$flatten\root.\g_issue_fast.u_os.\u_t.$or$/tmp/opentallas-qrom-source-context-next-20261002/rtl/hdc/ot_qwen_w12_matvec.sv:1265$5559 ($or).
Removed top 1 bits (of 38) from port B of cell lockstep.$flatten\root.\g_issue_fast.u_os.\u_t.$or$/tmp/opentallas-qrom-source-context-next-20261002/rtl/hdc/ot_qwen_w12_matvec.sv:1265$5559 ($or).
Removed top 1 bits (of 38) from port Y of cell lockstep.$flatten\root.\g_issue_fast.u_os.\u_t.$and$/tmp/opentallas-qrom-source-context-next-20261002/rtl/hdc/ot_qwen_w12_matvec.sv:1265$5558 ($and).
Removed top 1 bits (of 38) from port A of cell lockstep.$flatten\root.\g_issue_fast.u_os.\u_t.$and$/tmp/opentallas-qrom-source-context-next-20261002/rtl/hdc/ot_qwen_w12_matvec.sv:1265$5558 ($and).
Removed top 1 bits (of 38) from port B of cell lockstep.$flatten\root.\g_issue_fast.u_os.\u_t.$and$/tmp/opentallas-qrom-source-context-next-20261002/rtl/hdc/ot_qwen_w12_matvec.sv:1265$5558 ($and).
Removed top 1 bits (of 38) from port Y of cell lockstep.$flatten\root.\g_issue_fast.u_os.\u_t.$or$/tmp/opentallas-qrom-source-context-next-20261002/rtl/hdc/ot_qwen_w12_matvec.sv:1265$5557 ($or).
Removed top 1 bits (of 38) from port A of cell lockstep.$flatten\root.\g_issue_fast.u_os.\u_t.$or$/tmp/opentallas-qrom-source-context-next-20261002/rtl/hdc/ot_qwen_w12_matvec.sv:1265$5557 ($or).
Removed top 1 bits (of 38) from port B of cell lockstep.$flatten\root.\g_issue_fast.u_os.\u_t.$or$/tmp/opentallas-qrom-source-context-next-20261002/rtl/hdc/ot_qwen_w12_matvec.sv:1265$5557 ($or).
Removed top 1 bits (of 38) from port Y of cell lockstep.$flatten\root.\g_issue_fast.u_os.\u_t.$and$/tmp/opentallas-qrom-source-context-next-20261002/rtl/hdc/ot_qwen_w12_matvec.sv:1265$5556 ($and).
Removed top 1 bits (of 38) from port A of cell lockstep.$flatten\root.\g_issue_fast.u_os.\u_t.$and$/tmp/opentallas-qrom-source-context-next-20261002/rtl/hdc/ot_qwen_w12_matvec.sv:1265$5556 ($and).
Removed top 1 bits (of 38) from port B of cell lockstep.$flatten\root.\g_issue_fast.u_os.\u_t.$and$/tmp/opentallas-qrom-source-context-next-20261002/rtl/hdc/ot_qwen_w12_matvec.sv:1265$5556 ($and).
Removed top 1 bits (of 38) from port Y of cell lockstep.$flatten\root.\g_issue_fast.u_os.\u_t.$and$/tmp/opentallas-qrom-source-context-next-20261002/rtl/hdc/ot_qwen_w12_matvec.sv:1265$5555 ($and).
Removed top 1 bits (of 38) from port A of cell lockstep.$flatten\root.\g_issue_fast.u_os.\u_t.$and$/tmp/opentallas-qrom-source-context-next-20261002/rtl/hdc/ot_qwen_w12_matvec.sv:1265$5555 ($and).
Removed top 1 bits (of 38) from port B of cell lockstep.$flatten\root.\g_issue_fast.u_os.\u_t.$and$/tmp/opentallas-qrom-source-context-next-20261002/rtl/hdc/ot_qwen_w12_matvec.sv:1265$5555 ($and).
Removed top 1 bits (of 38) from port Y of cell lockstep.$flatten\root.\g_issue_fast.u_os.\u_t.$or$/tmp/opentallas-qrom-source-context-next-20261002/rtl/hdc/ot_qwen_w12_matvec.sv:1265$5631 ($or).
Removed top 1 bits (of 38) from port A of cell lockstep.$flatten\root.\g_issue_fast.u_os.\u_t.$or$/tmp/opentallas-qrom-source-context-next-20261002/rtl/hdc/ot_qwen_w12_matvec.sv:1265$5631 ($or).
Removed top 1 bits (of 38) from port B of cell lockstep.$flatten\root.\g_issue_fast.u_os.\u_t.$or$/tmp/opentallas-qrom-source-context-next-20261002/rtl/hdc/ot_qwen_w12_matvec.sv:1265$5631 ($or).
Removed top 1 bits (of 38) from port Y of cell lockstep.$flatten\root.\g_issue_fast.u_os.\u_t.$or$/tmp/opentallas-qrom-source-context-next-20261002/rtl/hdc/ot_qwen_w12_matvec.sv:1265$5551 ($or).
Removed top 1 bits (of 38) from port A of cell lockstep.$flatten\root.\g_issue_fast.u_os.\u_t.$or$/tmp/opentallas-qrom-source-context-next-20261002/rtl/hdc/ot_qwen_w12_matvec.sv:1265$5551 ($or).
Removed top 1 bits (of 38) from port B of cell lockstep.$flatten\root.\g_issue_fast.u_os.\u_t.$or$/tmp/opentallas-qrom-source-context-next-20261002/rtl/hdc/ot_qwen_w12_matvec.sv:1265$5551 ($or).
Removed top 1 bits (of 38) from port Y of cell lockstep.$flatten\root.\g_issue_fast.u_os.\u_t.$and$/tmp/opentallas-qrom-source-context-next-20261002/rtl/hdc/ot_qwen_w12_matvec.sv:1265$5550 ($and).
Removed top 1 bits (of 38) from port A of cell lockstep.$flatten\root.\g_issue_fast.u_os.\u_t.$and$/tmp/opentallas-qrom-source-context-next-20261002/rtl/hdc/ot_qwen_w12_matvec.sv:1265$5550 ($and).
Removed top 1 bits (of 38) from port B of cell lockstep.$flatten\root.\g_issue_fast.u_os.\u_t.$and$/tmp/opentallas-qrom-source-context-next-20261002/rtl/hdc/ot_qwen_w12_matvec.sv:1265$5550 ($and).
Removed top 1 bits (of 38) from port Y of cell lockstep.$flatten\root.\g_issue_fast.u_os.\u_t.$or$/tmp/opentallas-qrom-source-context-next-20261002/rtl/hdc/ot_qwen_w12_matvec.sv:1265$5549 ($or).
Removed top 1 bits (of 38) from port A of cell lockstep.$flatten\root.\g_issue_fast.u_os.\u_t.$or$/tmp/opentallas-qrom-source-context-next-20261002/rtl/hdc/ot_qwen_w12_matvec.sv:1265$5549 ($or).
Removed top 1 bits (of 38) from port B of cell lockstep.$flatten\root.\g_issue_fast.u_os.\u_t.$or$/tmp/opentallas-qrom-source-context-next-20261002/rtl/hdc/ot_qwen_w12_matvec.sv:1265$5549 ($or).
Removed top 1 bits (of 38) from port Y of cell lockstep.$flatten\root.\g_issue_fast.u_os.\u_t.$and$/tmp/opentallas-qrom-source-context-next-20261002/rtl/hdc/ot_qwen_w12_matvec.sv:1265$5548 ($and).
Removed top 1 bits (of 38) from port A of cell lockstep.$flatten\root.\g_issue_fast.u_os.\u_t.$and$/tmp/opentallas-qrom-source-context-next-20261002/rtl/hdc/ot_qwen_w12_matvec.sv:1265$5548 ($and).
Removed top 1 bits (of 38) from port B of cell lockstep.$flatten\root.\g_issue_fast.u_os.\u_t.$and$/tmp/opentallas-qrom-source-context-next-20261002/rtl/hdc/ot_qwen_w12_matvec.sv:1265$5548 ($and).
Removed top 1 bits (of 38) from port Y of cell lockstep.$flatten\root.\g_issue_fast.u_os.\u_t.$and$/tmp/opentallas-qrom-source-context-next-20261002/rtl/hdc/ot_qwen_w12_matvec.sv:1265$5547 ($and).
Removed top 1 bits (of 38) from port A of cell lockstep.$flatten\root.\g_issue_fast.u_os.\u_t.$and$/tmp/opentallas-qrom-source-context-next-20261002/rtl/hdc/ot_qwen_w12_matvec.sv:1265$5547 ($and).
Removed top 1 bits (of 38) from port B of cell lockstep.$flatten\root.\g_issue_fast.u_os.\u_t.$and$/tmp/opentallas-qrom-source-context-next-20261002/rtl/hdc/ot_qwen_w12_matvec.sv:1265$5547 ($and).
Removed top 1 bits (of 38) from port Y of cell lockstep.$flatten\root.\g_issue_fast.u_os.\u_t.$or$/tmp/opentallas-qrom-source-context-next-20261002/rtl/hdc/ot_qwen_w12_matvec.sv:1265$5621 ($or).
Removed top 1 bits (of 38) from port A of cell lockstep.$flatten\root.\g_issue_fast.u_os.\u_t.$or$/tmp/opentallas-qrom-source-context-next-20261002/rtl/hdc/ot_qwen_w12_matvec.sv:1265$5621 ($or).
Removed top 1 bits (of 38) from port B of cell lockstep.$flatten\root.\g_issue_fast.u_os.\u_t.$or$/tmp/opentallas-qrom-source-context-next-20261002/rtl/hdc/ot_qwen_w12_matvec.sv:1265$5621 ($or).
Removed top 1 bits (of 38) from port Y of cell lockstep.$flatten\root.\g_issue_fast.u_os.\u_t.$or$/tmp/opentallas-qrom-source-context-next-20261002/rtl/hdc/ot_qwen_w12_matvec.sv:1265$5543 ($or).
Removed top 1 bits (of 38) from port A of cell lockstep.$flatten\root.\g_issue_fast.u_os.\u_t.$or$/tmp/opentallas-qrom-source-context-next-20261002/rtl/hdc/ot_qwen_w12_matvec.sv:1265$5543 ($or).
Removed top 1 bits (of 38) from port B of cell lockstep.$flatten\root.\g_issue_fast.u_os.\u_t.$or$/tmp/opentallas-qrom-source-context-next-20261002/rtl/hdc/ot_qwen_w12_matvec.sv:1265$5543 ($or).
Removed top 1 bits (of 38) from port Y of cell lockstep.$flatten\root.\g_issue_fast.u_os.\u_t.$and$/tmp/opentallas-qrom-source-context-next-20261002/rtl/hdc/ot_qwen_w12_matvec.sv:1265$5542 ($and).
Removed top 1 bits (of 38) from port A of cell lockstep.$flatten\root.\g_issue_fast.u_os.\u_t.$and$/tmp/opentallas-qrom-source-context-next-20261002/rtl/hdc/ot_qwen_w12_matvec.sv:1265$5542 ($and).
Removed top 1 bits (of 38) from port B of cell lockstep.$flatten\root.\g_issue_fast.u_os.\u_t.$and$/tmp/opentallas-qrom-source-context-next-20261002/rtl/hdc/ot_qwen_w12_matvec.sv:1265$5542 ($and).
Removed top 1 bits (of 38) from port Y of cell lockstep.$flatten\root.\g_issue_fast.u_os.\u_t.$or$/tmp/opentallas-qrom-source-context-next-20261002/rtl/hdc/ot_qwen_w12_matvec.sv:1265$5541 ($or).
Removed top 1 bits (of 38) from port A of cell lockstep.$flatten\root.\g_issue_fast.u_os.\u_t.$or$/tmp/opentallas-qrom-source-context-next-20261002/rtl/hdc/ot_qwen_w12_matvec.sv:1265$5541 ($or).
Removed top 1 bits (of 38) from port B of cell lockstep.$flatten\root.\g_issue_fast.u_os.\u_t.$or$/tmp/opentallas-qrom-source-context-next-20261002/rtl/hdc/ot_qwen_w12_matvec.sv:1265$5541 ($or).
Removed top 1 bits (of 38) from port Y of cell lockstep.$flatten\root.\g_issue_fast.u_os.\u_t.$and$/tmp/opentallas-qrom-source-context-next-20261002/rtl/hdc/ot_qwen_w12_matvec.sv:1265$5540 ($and).
Removed top 1 bits (of 38) from port A of cell lockstep.$flatten\root.\g_issue_fast.u_os.\u_t.$and$/tmp/opentallas-qrom-source-context-next-20261002/rtl/hdc/ot_qwen_w12_matvec.sv:1265$5540 ($and).
Removed top 1 bits (of 38) from port B of cell lockstep.$flatten\root.\g_issue_fast.u_os.\u_t.$and$/tmp/opentallas-qrom-source-context-next-20261002/rtl/hdc/ot_qwen_w12_matvec.sv:1265$5540 ($and).
Removed top 1 bits (of 38) from port Y of cell lockstep.$flatten\root.\g_issue_fast.u_os.\u_t.$and$/tmp/opentallas-qrom-source-context-next-20261002/rtl/hdc/ot_qwen_w12_matvec.sv:1265$5539 ($and).
Removed top 1 bits (of 38) from port A of cell lockstep.$flatten\root.\g_issue_fast.u_os.\u_t.$and$/tmp/opentallas-qrom-source-context-next-20261002/rtl/hdc/ot_qwen_w12_matvec.sv:1265$5539 ($and).
Removed top 1 bits (of 38) from port B of cell lockstep.$flatten\root.\g_issue_fast.u_os.\u_t.$and$/tmp/opentallas-qrom-source-context-next-20261002/rtl/hdc/ot_qwen_w12_matvec.sv:1265$5539 ($and).
Removed top 1 bits (of 38) from port Y of cell lockstep.$flatten\root.\g_issue_fast.u_ts.\u_t.$or$/tmp/opentallas-qrom-source-context-next-20261002/rtl/hdc/ot_qwen_w12_matvec.sv:1265$5623 ($or).
Removed top 1 bits (of 38) from port A of cell lockstep.$flatten\root.\g_issue_fast.u_ts.\u_t.$or$/tmp/opentallas-qrom-source-context-next-20261002/rtl/hdc/ot_qwen_w12_matvec.sv:1265$5623 ($or).
Removed top 1 bits (of 38) from port B of cell lockstep.$flatten\root.\g_issue_fast.u_ts.\u_t.$or$/tmp/opentallas-qrom-source-context-next-20261002/rtl/hdc/ot_qwen_w12_matvec.sv:1265$5623 ($or).
Removed top 1 bits (of 38) from port Y of cell lockstep.$flatten\root.\g_issue_fast.u_ts.\u_t.$or$/tmp/opentallas-qrom-source-context-next-20261002/rtl/hdc/ot_qwen_w12_matvec.sv:1265$5615 ($or).
Removed top 1 bits (of 38) from port A of cell lockstep.$flatten\root.\g_issue_fast.u_ts.\u_t.$or$/tmp/opentallas-qrom-source-context-next-20261002/rtl/hdc/ot_qwen_w12_matvec.sv:1265$5615 ($or).
Removed top 1 bits (of 38) from port B of cell lockstep.$flatten\root.\g_issue_fast.u_ts.\u_t.$or$/tmp/opentallas-qrom-source-context-next-20261002/rtl/hdc/ot_qwen_w12_matvec.sv:1265$5615 ($or).
Removed top 1 bits (of 38) from port Y of cell lockstep.$flatten\root.\g_issue_fast.u_ts.\u_t.$and$/tmp/opentallas-qrom-source-context-next-20261002/rtl/hdc/ot_qwen_w12_matvec.sv:1265$5614 ($and).
Removed top 1 bits (of 38) from port A of cell lockstep.$flatten\root.\g_issue_fast.u_ts.\u_t.$and$/tmp/opentallas-qrom-source-context-next-20261002/rtl/hdc/ot_qwen_w12_matvec.sv:1265$5614 ($and).
Removed top 1 bits (of 38) from port B of cell lockstep.$flatten\root.\g_issue_fast.u_ts.\u_t.$and$/tmp/opentallas-qrom-source-context-next-20261002/rtl/hdc/ot_qwen_w12_matvec.sv:1265$5614 ($and).
Removed top 1 bits (of 38) from port Y of cell lockstep.$flatten\root.\g_issue_fast.u_ts.\u_t.$or$/tmp/opentallas-qrom-source-context-next-20261002/rtl/hdc/ot_qwen_w12_matvec.sv:1265$5613 ($or).
Removed top 1 bits (of 38) from port A of cell lockstep.$flatten\root.\g_issue_fast.u_ts.\u_t.$or$/tmp/opentallas-qrom-source-context-next-20261002/rtl/hdc/ot_qwen_w12_matvec.sv:1265$5613 ($or).
Removed top 1 bits (of 38) from port B of cell lockstep.$flatten\root.\g_issue_fast.u_ts.\u_t.$or$/tmp/opentallas-qrom-source-context-next-20261002/rtl/hdc/ot_qwen_w12_matvec.sv:1265$5613 ($or).
Removed top 1 bits (of 38) from port Y of cell lockstep.$flatten\root.\g_issue_fast.u_ts.\u_t.$and$/tmp/opentallas-qrom-source-context-next-20261002/rtl/hdc/ot_qwen_w12_matvec.sv:1265$5612 ($and).
Removed top 1 bits (of 38) from port A of cell lockstep.$flatten\root.\g_issue_fast.u_ts.\u_t.$and$/tmp/opentallas-qrom-source-context-next-20261002/rtl/hdc/ot_qwen_w12_matvec.sv:1265$5612 ($and).
Removed top 1 bits (of 38) from port B of cell lockstep.$flatten\root.\g_issue_fast.u_ts.\u_t.$and$/tmp/opentallas-qrom-source-context-next-20261002/rtl/hdc/ot_qwen_w12_matvec.sv:1265$5612 ($and).
Removed top 1 bits (of 38) from port Y of cell lockstep.$flatten\root.\g_issue_fast.u_ts.\u_t.$and$/tmp/opentallas-qrom-source-context-next-20261002/rtl/hdc/ot_qwen_w12_matvec.sv:1265$5611 ($and).
Removed top 1 bits (of 38) from port A of cell lockstep.$flatten\root.\g_issue_fast.u_ts.\u_t.$and$/tmp/opentallas-qrom-source-context-next-20261002/rtl/hdc/ot_qwen_w12_matvec.sv:1265$5611 ($and).
Removed top 1 bits (of 38) from port B of cell lockstep.$flatten\root.\g_issue_fast.u_ts.\u_t.$and$/tmp/opentallas-qrom-source-context-next-20261002/rtl/hdc/ot_qwen_w12_matvec.sv:1265$5611 ($and).
Removed top 1 bits (of 38) from port Y of cell lockstep.$flatten\root.\g_issue_fast.u_ts.\u_t.$and$/tmp/opentallas-qrom-source-context-next-20261002/rtl/hdc/ot_qwen_w12_matvec.sv:1265$5622 ($and).
Removed top 1 bits (of 38) from port A of cell lockstep.$flatten\root.\g_issue_fast.u_ts.\u_t.$and$/tmp/opentallas-qrom-source-context-next-20261002/rtl/hdc/ot_qwen_w12_matvec.sv:1265$5622 ($and).
Removed top 1 bits (of 38) from port B of cell lockstep.$flatten\root.\g_issue_fast.u_ts.\u_t.$and$/tmp/opentallas-qrom-source-context-next-20261002/rtl/hdc/ot_qwen_w12_matvec.sv:1265$5622 ($and).
Removed top 1 bits (of 38) from port Y of cell lockstep.$flatten\root.\g_issue_fast.u_ts.\u_t.$or$/tmp/opentallas-qrom-source-context-next-20261002/rtl/hdc/ot_qwen_w12_matvec.sv:1265$5607 ($or).
Removed top 1 bits (of 38) from port A of cell lockstep.$flatten\root.\g_issue_fast.u_ts.\u_t.$or$/tmp/opentallas-qrom-source-context-next-20261002/rtl/hdc/ot_qwen_w12_matvec.sv:1265$5607 ($or).
Removed top 1 bits (of 38) from port B of cell lockstep.$flatten\root.\g_issue_fast.u_ts.\u_t.$or$/tmp/opentallas-qrom-source-context-next-20261002/rtl/hdc/ot_qwen_w12_matvec.sv:1265$5607 ($or).
Removed top 1 bits (of 38) from port Y of cell lockstep.$flatten\root.\g_issue_fast.u_ts.\u_t.$and$/tmp/opentallas-qrom-source-context-next-20261002/rtl/hdc/ot_qwen_w12_matvec.sv:1265$5606 ($and).
Removed top 1 bits (of 38) from port A of cell lockstep.$flatten\root.\g_issue_fast.u_ts.\u_t.$and$/tmp/opentallas-qrom-source-context-next-20261002/rtl/hdc/ot_qwen_w12_matvec.sv:1265$5606 ($and).
Removed top 1 bits (of 38) from port B of cell lockstep.$flatten\root.\g_issue_fast.u_ts.\u_t.$and$/tmp/opentallas-qrom-source-context-next-20261002/rtl/hdc/ot_qwen_w12_matvec.sv:1265$5606 ($and).
Removed top 1 bits (of 38) from port Y of cell lockstep.$flatten\root.\g_issue_fast.u_ts.\u_t.$or$/tmp/opentallas-qrom-source-context-next-20261002/rtl/hdc/ot_qwen_w12_matvec.sv:1265$5605 ($or).
Removed top 1 bits (of 38) from port A of cell lockstep.$flatten\root.\g_issue_fast.u_ts.\u_t.$or$/tmp/opentallas-qrom-source-context-next-20261002/rtl/hdc/ot_qwen_w12_matvec.sv:1265$5605 ($or).
Removed top 1 bits (of 38) from port B of cell lockstep.$flatten\root.\g_issue_fast.u_ts.\u_t.$or$/tmp/opentallas-qrom-source-context-next-20261002/rtl/hdc/ot_qwen_w12_matvec.sv:1265$5605 ($or).
Removed top 1 bits (of 38) from port Y of cell lockstep.$flatten\root.\g_issue_fast.u_ts.\u_t.$and$/tmp/opentallas-qrom-source-context-next-20261002/rtl/hdc/ot_qwen_w12_matvec.sv:1265$5604 ($and).
Removed top 1 bits (of 38) from port A of cell lockstep.$flatten\root.\g_issue_fast.u_ts.\u_t.$and$/tmp/opentallas-qrom-source-context-next-20261002/rtl/hdc/ot_qwen_w12_matvec.sv:1265$5604 ($and).
Removed top 1 bits (of 38) from port B of cell lockstep.$flatten\root.\g_issue_fast.u_ts.\u_t.$and$/tmp/opentallas-qrom-source-context-next-20261002/rtl/hdc/ot_qwen_w12_matvec.sv:1265$5604 ($and).
Removed top 1 bits (of 38) from port Y of cell lockstep.$flatten\root.\g_issue_fast.u_ts.\u_t.$and$/tmp/opentallas-qrom-source-context-next-20261002/rtl/hdc/ot_qwen_w12_matvec.sv:1265$5603 ($and).
Removed top 1 bits (of 38) from port A of cell lockstep.$flatten\root.\g_issue_fast.u_ts.\u_t.$and$/tmp/opentallas-qrom-source-context-next-20261002/rtl/hdc/ot_qwen_w12_matvec.sv:1265$5603 ($and).
Removed top 1 bits (of 38) from port B of cell lockstep.$flatten\root.\g_issue_fast.u_ts.\u_t.$and$/tmp/opentallas-qrom-source-context-next-20261002/rtl/hdc/ot_qwen_w12_matvec.sv:1265$5603 ($and).
Removed top 1 bits (of 38) from port Y of cell lockstep.$flatten\root.\g_issue_fast.u_ts.\u_t.$or$/tmp/opentallas-qrom-source-context-next-20261002/rtl/hdc/ot_qwen_w12_matvec.sv:1265$5599 ($or).
Removed top 1 bits (of 38) from port A of cell lockstep.$flatten\root.\g_issue_fast.u_ts.\u_t.$or$/tmp/opentallas-qrom-source-context-next-20261002/rtl/hdc/ot_qwen_w12_matvec.sv:1265$5599 ($or).
Removed top 1 bits (of 38) from port B of cell lockstep.$flatten\root.\g_issue_fast.u_ts.\u_t.$or$/tmp/opentallas-qrom-source-context-next-20261002/rtl/hdc/ot_qwen_w12_matvec.sv:1265$5599 ($or).
Removed top 1 bits (of 38) from port Y of cell lockstep.$flatten\root.\g_issue_fast.u_ts.\u_t.$and$/tmp/opentallas-qrom-source-context-next-20261002/rtl/hdc/ot_qwen_w12_matvec.sv:1265$5598 ($and).
Removed top 1 bits (of 38) from port A of cell lockstep.$flatten\root.\g_issue_fast.u_ts.\u_t.$and$/tmp/opentallas-qrom-source-context-next-20261002/rtl/hdc/ot_qwen_w12_matvec.sv:1265$5598 ($and).
Removed top 1 bits (of 38) from port B of cell lockstep.$flatten\root.\g_issue_fast.u_ts.\u_t.$and$/tmp/opentallas-qrom-source-context-next-20261002/rtl/hdc/ot_qwen_w12_matvec.sv:1265$5598 ($and).
Removed top 1 bits (of 38) from port Y of cell lockstep.$flatten\root.\g_issue_fast.u_ts.\u_t.$or$/tmp/opentallas-qrom-source-context-next-20261002/rtl/hdc/ot_qwen_w12_matvec.sv:1265$5597 ($or).
Removed top 1 bits (of 38) from port A of cell lockstep.$flatten\root.\g_issue_fast.u_ts.\u_t.$or$/tmp/opentallas-qrom-source-context-next-20261002/rtl/hdc/ot_qwen_w12_matvec.sv:1265$5597 ($or).
Removed top 1 bits (of 38) from port B of cell lockstep.$flatten\root.\g_issue_fast.u_ts.\u_t.$or$/tmp/opentallas-qrom-source-context-next-20261002/rtl/hdc/ot_qwen_w12_matvec.sv:1265$5597 ($or).
Removed top 1 bits (of 38) from port Y of cell lockstep.$flatten\root.\g_issue_fast.u_ts.\u_t.$and$/tmp/opentallas-qrom-source-context-next-20261002/rtl/hdc/ot_qwen_w12_matvec.sv:1265$5596 ($and).
Removed top 1 bits (of 38) from port A of cell lockstep.$flatten\root.\g_issue_fast.u_ts.\u_t.$and$/tmp/opentallas-qrom-source-context-next-20261002/rtl/hdc/ot_qwen_w12_matvec.sv:1265$5596 ($and).
Removed top 1 bits (of 38) from port B of cell lockstep.$flatten\root.\g_issue_fast.u_ts.\u_t.$and$/tmp/opentallas-qrom-source-context-next-20261002/rtl/hdc/ot_qwen_w12_matvec.sv:1265$5596 ($and).
Removed top 1 bits (of 38) from port Y of cell lockstep.$flatten\root.\g_issue_fast.u_ts.\u_t.$and$/tmp/opentallas-qrom-source-context-next-20261002/rtl/hdc/ot_qwen_w12_matvec.sv:1265$5595 ($and).
Removed top 1 bits (of 38) from port A of cell lockstep.$flatten\root.\g_issue_fast.u_ts.\u_t.$and$/tmp/opentallas-qrom-source-context-next-20261002/rtl/hdc/ot_qwen_w12_matvec.sv:1265$5595 ($and).
Removed top 1 bits (of 38) from port B of cell lockstep.$flatten\root.\g_issue_fast.u_ts.\u_t.$and$/tmp/opentallas-qrom-source-context-next-20261002/rtl/hdc/ot_qwen_w12_matvec.sv:1265$5595 ($and).
Removed top 1 bits (of 38) from port Y of cell lockstep.$flatten\root.\g_issue_fast.u_ts.\u_t.$or$/tmp/opentallas-qrom-source-context-next-20261002/rtl/hdc/ot_qwen_w12_matvec.sv:1265$5591 ($or).
Removed top 1 bits (of 38) from port A of cell lockstep.$flatten\root.\g_issue_fast.u_ts.\u_t.$or$/tmp/opentallas-qrom-source-context-next-20261002/rtl/hdc/ot_qwen_w12_matvec.sv:1265$5591 ($or).
Removed top 1 bits (of 38) from port B of cell lockstep.$flatten\root.\g_issue_fast.u_ts.\u_t.$or$/tmp/opentallas-qrom-source-context-next-20261002/rtl/hdc/ot_qwen_w12_matvec.sv:1265$5591 ($or).
Removed top 1 bits (of 38) from port Y of cell lockstep.$flatten\root.\g_issue_fast.u_ts.\u_t.$and$/tmp/opentallas-qrom-source-context-next-20261002/rtl/hdc/ot_qwen_w12_matvec.sv:1265$5590 ($and).
Removed top 1 bits (of 38) from port A of cell lockstep.$flatten\root.\g_issue_fast.u_ts.\u_t.$and$/tmp/opentallas-qrom-source-context-next-20261002/rtl/hdc/ot_qwen_w12_matvec.sv:1265$5590 ($and).
Removed top 1 bits (of 38) from port B of cell lockstep.$flatten\root.\g_issue_fast.u_ts.\u_t.$and$/tmp/opentallas-qrom-source-context-next-20261002/rtl/hdc/ot_qwen_w12_matvec.sv:1265$5590 ($and).
Removed top 1 bits (of 38) from port Y of cell lockstep.$flatten\root.\g_issue_fast.u_ts.\u_t.$or$/tmp/opentallas-qrom-source-context-next-20261002/rtl/hdc/ot_qwen_w12_matvec.sv:1265$5589 ($or).
Removed top 1 bits (of 38) from port A of cell lockstep.$flatten\root.\g_issue_fast.u_ts.\u_t.$or$/tmp/opentallas-qrom-source-context-next-20261002/rtl/hdc/ot_qwen_w12_matvec.sv:1265$5589 ($or).
Removed top 1 bits (of 38) from port B of cell lockstep.$flatten\root.\g_issue_fast.u_ts.\u_t.$or$/tmp/opentallas-qrom-source-context-next-20261002/rtl/hdc/ot_qwen_w12_matvec.sv:1265$5589 ($or).
Removed top 1 bits (of 38) from port Y of cell lockstep.$flatten\root.\g_issue_fast.u_ts.\u_t.$and$/tmp/opentallas-qrom-source-context-next-20261002/rtl/hdc/ot_qwen_w12_matvec.sv:1265$5588 ($and).
Removed top 1 bits (of 38) from port A of cell lockstep.$flatten\root.\g_issue_fast.u_ts.\u_t.$and$/tmp/opentallas-qrom-source-context-next-20261002/rtl/hdc/ot_qwen_w12_matvec.sv:1265$5588 ($and).
Removed top 1 bits (of 38) from port B of cell lockstep.$flatten\root.\g_issue_fast.u_ts.\u_t.$and$/tmp/opentallas-qrom-source-context-next-20261002/rtl/hdc/ot_qwen_w12_matvec.sv:1265$5588 ($and).
Removed top 1 bits (of 38) from port Y of cell lockstep.$flatten\root.\g_issue_fast.u_ts.\u_t.$and$/tmp/opentallas-qrom-source-context-next-20261002/rtl/hdc/ot_qwen_w12_matvec.sv:1265$5587 ($and).
Removed top 1 bits (of 38) from port A of cell lockstep.$flatten\root.\g_issue_fast.u_ts.\u_t.$and$/tmp/opentallas-qrom-source-context-next-20261002/rtl/hdc/ot_qwen_w12_matvec.sv:1265$5587 ($and).
Removed top 1 bits (of 38) from port B of cell lockstep.$flatten\root.\g_issue_fast.u_ts.\u_t.$and$/tmp/opentallas-qrom-source-context-next-20261002/rtl/hdc/ot_qwen_w12_matvec.sv:1265$5587 ($and).
Removed top 1 bits (of 38) from port Y of cell lockstep.$flatten\root.\g_issue_fast.u_ts.\u_t.$or$/tmp/opentallas-qrom-source-context-next-20261002/rtl/hdc/ot_qwen_w12_matvec.sv:1265$5583 ($or).
Removed top 1 bits (of 38) from port A of cell lockstep.$flatten\root.\g_issue_fast.u_ts.\u_t.$or$/tmp/opentallas-qrom-source-context-next-20261002/rtl/hdc/ot_qwen_w12_matvec.sv:1265$5583 ($or).
Removed top 1 bits (of 38) from port B of cell lockstep.$flatten\root.\g_issue_fast.u_ts.\u_t.$or$/tmp/opentallas-qrom-source-context-next-20261002/rtl/hdc/ot_qwen_w12_matvec.sv:1265$5583 ($or).
Removed top 1 bits (of 38) from port Y of cell lockstep.$flatten\root.\g_issue_fast.u_ts.\u_t.$and$/tmp/opentallas-qrom-source-context-next-20261002/rtl/hdc/ot_qwen_w12_matvec.sv:1265$5582 ($and).
Removed top 1 bits (of 38) from port A of cell lockstep.$flatten\root.\g_issue_fast.u_ts.\u_t.$and$/tmp/opentallas-qrom-source-context-next-20261002/rtl/hdc/ot_qwen_w12_matvec.sv:1265$5582 ($and).
Removed top 1 bits (of 38) from port B of cell lockstep.$flatten\root.\g_issue_fast.u_ts.\u_t.$and$/tmp/opentallas-qrom-source-context-next-20261002/rtl/hdc/ot_qwen_w12_matvec.sv:1265$5582 ($and).
Removed top 1 bits (of 38) from port Y of cell lockstep.$flatten\root.\g_issue_fast.u_ts.\u_t.$or$/tmp/opentallas-qrom-source-context-next-20261002/rtl/hdc/ot_qwen_w12_matvec.sv:1265$5581 ($or).
Removed top 1 bits (of 38) from port A of cell lockstep.$flatten\root.\g_issue_fast.u_ts.\u_t.$or$/tmp/opentallas-qrom-source-context-next-20261002/rtl/hdc/ot_qwen_w12_matvec.sv:1265$5581 ($or).
Removed top 1 bits (of 38) from port B of cell lockstep.$flatten\root.\g_issue_fast.u_ts.\u_t.$or$/tmp/opentallas-qrom-source-context-next-20261002/rtl/hdc/ot_qwen_w12_matvec.sv:1265$5581 ($or).
Removed top 1 bits (of 38) from port Y of cell lockstep.$flatten\root.\g_issue_fast.u_ts.\u_t.$and$/tmp/opentallas-qrom-source-context-next-20261002/rtl/hdc/ot_qwen_w12_matvec.sv:1265$5580 ($and).
Removed top 1 bits (of 38) from port A of cell lockstep.$flatten\root.\g_issue_fast.u_ts.\u_t.$and$/tmp/opentallas-qrom-source-context-next-20261002/rtl/hdc/ot_qwen_w12_matvec.sv:1265$5580 ($and).
Removed top 1 bits (of 38) from port B of cell lockstep.$flatten\root.\g_issue_fast.u_ts.\u_t.$and$/tmp/opentallas-qrom-source-context-next-20261002/rtl/hdc/ot_qwen_w12_matvec.sv:1265$5580 ($and).
Removed top 1 bits (of 38) from port Y of cell lockstep.$flatten\root.\g_issue_fast.u_ts.\u_t.$and$/tmp/opentallas-qrom-source-context-next-20261002/rtl/hdc/ot_qwen_w12_matvec.sv:1265$5579 ($and).
Removed top 1 bits (of 38) from port A of cell lockstep.$flatten\root.\g_issue_fast.u_ts.\u_t.$and$/tmp/opentallas-qrom-source-context-next-20261002/rtl/hdc/ot_qwen_w12_matvec.sv:1265$5579 ($and).
Removed top 1 bits (of 38) from port B of cell lockstep.$flatten\root.\g_issue_fast.u_ts.\u_t.$and$/tmp/opentallas-qrom-source-context-next-20261002/rtl/hdc/ot_qwen_w12_matvec.sv:1265$5579 ($and).
Removed top 1 bits (of 38) from port Y of cell lockstep.$flatten\root.\g_issue_fast.u_ts.\u_t.$or$/tmp/opentallas-qrom-source-context-next-20261002/rtl/hdc/ot_qwen_w12_matvec.sv:1265$5575 ($or).
Removed top 1 bits (of 38) from port A of cell lockstep.$flatten\root.\g_issue_fast.u_ts.\u_t.$or$/tmp/opentallas-qrom-source-context-next-20261002/rtl/hdc/ot_qwen_w12_matvec.sv:1265$5575 ($or).
Removed top 1 bits (of 38) from port B of cell lockstep.$flatten\root.\g_issue_fast.u_ts.\u_t.$or$/tmp/opentallas-qrom-source-context-next-20261002/rtl/hdc/ot_qwen_w12_matvec.sv:1265$5575 ($or).
Removed top 1 bits (of 38) from port Y of cell lockstep.$flatten\root.\g_issue_fast.u_ts.\u_t.$and$/tmp/opentallas-qrom-source-context-next-20261002/rtl/hdc/ot_qwen_w12_matvec.sv:1265$5574 ($and).
Removed top 1 bits (of 38) from port A of cell lockstep.$flatten\root.\g_issue_fast.u_ts.\u_t.$and$/tmp/opentallas-qrom-source-context-next-20261002/rtl/hdc/ot_qwen_w12_matvec.sv:1265$5574 ($and).
Removed top 1 bits (of 38) from port B of cell lockstep.$flatten\root.\g_issue_fast.u_ts.\u_t.$and$/tmp/opentallas-qrom-source-context-next-20261002/rtl/hdc/ot_qwen_w12_matvec.sv:1265$5574 ($and).
Removed top 1 bits (of 38) from port Y of cell lockstep.$flatten\root.\g_issue_fast.u_ts.\u_t.$or$/tmp/opentallas-qrom-source-context-next-20261002/rtl/hdc/ot_qwen_w12_matvec.sv:1265$5573 ($or).
Removed top 1 bits (of 38) from port A of cell lockstep.$flatten\root.\g_issue_fast.u_ts.\u_t.$or$/tmp/opentallas-qrom-source-context-next-20261002/rtl/hdc/ot_qwen_w12_matvec.sv:1265$5573 ($or).
Removed top 1 bits (of 38) from port B of cell lockstep.$flatten\root.\g_issue_fast.u_ts.\u_t.$or$/tmp/opentallas-qrom-source-context-next-20261002/rtl/hdc/ot_qwen_w12_matvec.sv:1265$5573 ($or).
Removed top 1 bits (of 38) from port Y of cell lockstep.$flatten\root.\g_issue_fast.u_ts.\u_t.$and$/tmp/opentallas-qrom-source-context-next-20261002/rtl/hdc/ot_qwen_w12_matvec.sv:1265$5572 ($and).
Removed top 1 bits (of 38) from port A of cell lockstep.$flatten\root.\g_issue_fast.u_ts.\u_t.$and$/tmp/opentallas-qrom-source-context-next-20261002/rtl/hdc/ot_qwen_w12_matvec.sv:1265$5572 ($and).
Removed top 1 bits (of 38) from port B of cell lockstep.$flatten\root.\g_issue_fast.u_ts.\u_t.$and$/tmp/opentallas-qrom-source-context-next-20261002/rtl/hdc/ot_qwen_w12_matvec.sv:1265$5572 ($and).
Removed top 1 bits (of 38) from port Y of cell lockstep.$flatten\root.\g_issue_fast.u_ts.\u_t.$and$/tmp/opentallas-qrom-source-context-next-20261002/rtl/hdc/ot_qwen_w12_matvec.sv:1265$5571 ($and).
Removed top 1 bits (of 38) from port A of cell lockstep.$flatten\root.\g_issue_fast.u_ts.\u_t.$and$/tmp/opentallas-qrom-source-context-next-20261002/rtl/hdc/ot_qwen_w12_matvec.sv:1265$5571 ($and).
Removed top 1 bits (of 38) from port B of cell lockstep.$flatten\root.\g_issue_fast.u_ts.\u_t.$and$/tmp/opentallas-qrom-source-context-next-20261002/rtl/hdc/ot_qwen_w12_matvec.sv:1265$5571 ($and).
Removed top 1 bits (of 38) from port Y of cell lockstep.$flatten\root.\g_issue_fast.u_ts.\u_t.$or$/tmp/opentallas-qrom-source-context-next-20261002/rtl/hdc/ot_qwen_w12_matvec.sv:1265$5567 ($or).
Removed top 1 bits (of 38) from port A of cell lockstep.$flatten\root.\g_issue_fast.u_ts.\u_t.$or$/tmp/opentallas-qrom-source-context-next-20261002/rtl/hdc/ot_qwen_w12_matvec.sv:1265$5567 ($or).
Removed top 1 bits (of 38) from port B of cell lockstep.$flatten\root.\g_issue_fast.u_ts.\u_t.$or$/tmp/opentallas-qrom-source-context-next-20261002/rtl/hdc/ot_qwen_w12_matvec.sv:1265$5567 ($or).
Removed top 1 bits (of 38) from port Y of cell lockstep.$flatten\root.\g_issue_fast.u_ts.\u_t.$and$/tmp/opentallas-qrom-source-context-next-20261002/rtl/hdc/ot_qwen_w12_matvec.sv:1265$5566 ($and).
Removed top 1 bits (of 38) from port A of cell lockstep.$flatten\root.\g_issue_fast.u_ts.\u_t.$and$/tmp/opentallas-qrom-source-context-next-20261002/rtl/hdc/ot_qwen_w12_matvec.sv:1265$5566 ($and).
Removed top 1 bits (of 38) from port B of cell lockstep.$flatten\root.\g_issue_fast.u_ts.\u_t.$and$/tmp/opentallas-qrom-source-context-next-20261002/rtl/hdc/ot_qwen_w12_matvec.sv:1265$5566 ($and).
Removed top 1 bits (of 38) from port Y of cell lockstep.$flatten\root.\g_issue_fast.u_ts.\u_t.$or$/tmp/opentallas-qrom-source-context-next-20261002/rtl/hdc/ot_qwen_w12_matvec.sv:1265$5565 ($or).
Removed top 1 bits (of 38) from port A of cell lockstep.$flatten\root.\g_issue_fast.u_ts.\u_t.$or$/tmp/opentallas-qrom-source-context-next-20261002/rtl/hdc/ot_qwen_w12_matvec.sv:1265$5565 ($or).
Removed top 1 bits (of 38) from port B of cell lockstep.$flatten\root.\g_issue_fast.u_ts.\u_t.$or$/tmp/opentallas-qrom-source-context-next-20261002/rtl/hdc/ot_qwen_w12_matvec.sv:1265$5565 ($or).
Removed top 1 bits (of 38) from port Y of cell lockstep.$flatten\root.\g_issue_fast.u_ts.\u_t.$and$/tmp/opentallas-qrom-source-context-next-20261002/rtl/hdc/ot_qwen_w12_matvec.sv:1265$5564 ($and).
Removed top 1 bits (of 38) from port A of cell lockstep.$flatten\root.\g_issue_fast.u_ts.\u_t.$and$/tmp/opentallas-qrom-source-context-next-20261002/rtl/hdc/ot_qwen_w12_matvec.sv:1265$5564 ($and).
Removed top 1 bits (of 38) from port B of cell lockstep.$flatten\root.\g_issue_fast.u_ts.\u_t.$and$/tmp/opentallas-qrom-source-context-next-20261002/rtl/hdc/ot_qwen_w12_matvec.sv:1265$5564 ($and).
Removed top 1 bits (of 38) from port Y of cell lockstep.$flatten\root.\g_issue_fast.u_ts.\u_t.$and$/tmp/opentallas-qrom-source-context-next-20261002/rtl/hdc/ot_qwen_w12_matvec.sv:1265$5563 ($and).
Removed top 1 bits (of 38) from port A of cell lockstep.$flatten\root.\g_issue_fast.u_ts.\u_t.$and$/tmp/opentallas-qrom-source-context-next-20261002/rtl/hdc/ot_qwen_w12_matvec.sv:1265$5563 ($and).
Removed top 1 bits (of 38) from port B of cell lockstep.$flatten\root.\g_issue_fast.u_ts.\u_t.$and$/tmp/opentallas-qrom-source-context-next-20261002/rtl/hdc/ot_qwen_w12_matvec.sv:1265$5563 ($and).
Removed top 1 bits (of 38) from port Y of cell lockstep.$flatten\root.\g_issue_fast.u_ts.\u_t.$or$/tmp/opentallas-qrom-source-context-next-20261002/rtl/hdc/ot_qwen_w12_matvec.sv:1265$5559 ($or).
Removed top 1 bits (of 38) from port A of cell lockstep.$flatten\root.\g_issue_fast.u_ts.\u_t.$or$/tmp/opentallas-qrom-source-context-next-20261002/rtl/hdc/ot_qwen_w12_matvec.sv:1265$5559 ($or).
Removed top 1 bits (of 38) from port B of cell lockstep.$flatten\root.\g_issue_fast.u_ts.\u_t.$or$/tmp/opentallas-qrom-source-context-next-20261002/rtl/hdc/ot_qwen_w12_matvec.sv:1265$5559 ($or).
Removed top 1 bits (of 38) from port Y of cell lockstep.$flatten\root.\g_issue_fast.u_ts.\u_t.$and$/tmp/opentallas-qrom-source-context-next-20261002/rtl/hdc/ot_qwen_w12_matvec.sv:1265$5558 ($and).
Removed top 1 bits (of 38) from port A of cell lockstep.$flatten\root.\g_issue_fast.u_ts.\u_t.$and$/tmp/opentallas-qrom-source-context-next-20261002/rtl/hdc/ot_qwen_w12_matvec.sv:1265$5558 ($and).
Removed top 1 bits (of 38) from port B of cell lockstep.$flatten\root.\g_issue_fast.u_ts.\u_t.$and$/tmp/opentallas-qrom-source-context-next-20261002/rtl/hdc/ot_qwen_w12_matvec.sv:1265$5558 ($and).
Removed top 1 bits (of 38) from port Y of cell lockstep.$flatten\root.\g_issue_fast.u_ts.\u_t.$or$/tmp/opentallas-qrom-source-context-next-20261002/rtl/hdc/ot_qwen_w12_matvec.sv:1265$5557 ($or).
Removed top 1 bits (of 38) from port A of cell lockstep.$flatten\root.\g_issue_fast.u_ts.\u_t.$or$/tmp/opentallas-qrom-source-context-next-20261002/rtl/hdc/ot_qwen_w12_matvec.sv:1265$5557 ($or).
Removed top 1 bits (of 38) from port B of cell lockstep.$flatten\root.\g_issue_fast.u_ts.\u_t.$or$/tmp/opentallas-qrom-source-context-next-20261002/rtl/hdc/ot_qwen_w12_matvec.sv:1265$5557 ($or).
Removed top 1 bits (of 38) from port Y of cell lockstep.$flatten\root.\g_issue_fast.u_ts.\u_t.$and$/tmp/opentallas-qrom-source-context-next-20261002/rtl/hdc/ot_qwen_w12_matvec.sv:1265$5556 ($and).
Removed top 1 bits (of 38) from port A of cell lockstep.$flatten\root.\g_issue_fast.u_ts.\u_t.$and$/tmp/opentallas-qrom-source-context-next-20261002/rtl/hdc/ot_qwen_w12_matvec.sv:1265$5556 ($and).
Removed top 1 bits (of 38) from port B of cell lockstep.$flatten\root.\g_issue_fast.u_ts.\u_t.$and$/tmp/opentallas-qrom-source-context-next-20261002/rtl/hdc/ot_qwen_w12_matvec.sv:1265$5556 ($and).
Removed top 1 bits (of 38) from port Y of cell lockstep.$flatten\root.\g_issue_fast.u_ts.\u_t.$and$/tmp/opentallas-qrom-source-context-next-20261002/rtl/hdc/ot_qwen_w12_matvec.sv:1265$5555 ($and).
Removed top 1 bits (of 38) from port A of cell lockstep.$flatten\root.\g_issue_fast.u_ts.\u_t.$and$/tmp/opentallas-qrom-source-context-next-20261002/rtl/hdc/ot_qwen_w12_matvec.sv:1265$5555 ($and).
Removed top 1 bits (of 38) from port B of cell lockstep.$flatten\root.\g_issue_fast.u_ts.\u_t.$and$/tmp/opentallas-qrom-source-context-next-20261002/rtl/hdc/ot_qwen_w12_matvec.sv:1265$5555 ($and).
Removed top 1 bits (of 38) from port Y of cell lockstep.$flatten\root.\g_issue_fast.u_ts.\u_t.$or$/tmp/opentallas-qrom-source-context-next-20261002/rtl/hdc/ot_qwen_w12_matvec.sv:1265$5631 ($or).
Removed top 1 bits (of 38) from port A of cell lockstep.$flatten\root.\g_issue_fast.u_ts.\u_t.$or$/tmp/opentallas-qrom-source-context-next-20261002/rtl/hdc/ot_qwen_w12_matvec.sv:1265$5631 ($or).
Removed top 1 bits (of 38) from port B of cell lockstep.$flatten\root.\g_issue_fast.u_ts.\u_t.$or$/tmp/opentallas-qrom-source-context-next-20261002/rtl/hdc/ot_qwen_w12_matvec.sv:1265$5631 ($or).
Removed top 1 bits (of 38) from port Y of cell lockstep.$flatten\root.\g_issue_fast.u_ts.\u_t.$or$/tmp/opentallas-qrom-source-context-next-20261002/rtl/hdc/ot_qwen_w12_matvec.sv:1265$5551 ($or).
Removed top 1 bits (of 38) from port A of cell lockstep.$flatten\root.\g_issue_fast.u_ts.\u_t.$or$/tmp/opentallas-qrom-source-context-next-20261002/rtl/hdc/ot_qwen_w12_matvec.sv:1265$5551 ($or).
Removed top 1 bits (of 38) from port B of cell lockstep.$flatten\root.\g_issue_fast.u_ts.\u_t.$or$/tmp/opentallas-qrom-source-context-next-20261002/rtl/hdc/ot_qwen_w12_matvec.sv:1265$5551 ($or).
Removed top 1 bits (of 38) from port Y of cell lockstep.$flatten\root.\g_issue_fast.u_ts.\u_t.$and$/tmp/opentallas-qrom-source-context-next-20261002/rtl/hdc/ot_qwen_w12_matvec.sv:1265$5550 ($and).
Removed top 1 bits (of 38) from port A of cell lockstep.$flatten\root.\g_issue_fast.u_ts.\u_t.$and$/tmp/opentallas-qrom-source-context-next-20261002/rtl/hdc/ot_qwen_w12_matvec.sv:1265$5550 ($and).
Removed top 1 bits (of 38) from port B of cell lockstep.$flatten\root.\g_issue_fast.u_ts.\u_t.$and$/tmp/opentallas-qrom-source-context-next-20261002/rtl/hdc/ot_qwen_w12_matvec.sv:1265$5550 ($and).
Removed top 1 bits (of 38) from port Y of cell lockstep.$flatten\root.\g_issue_fast.u_ts.\u_t.$or$/tmp/opentallas-qrom-source-context-next-20261002/rtl/hdc/ot_qwen_w12_matvec.sv:1265$5549 ($or).
Removed top 1 bits (of 38) from port A of cell lockstep.$flatten\root.\g_issue_fast.u_ts.\u_t.$or$/tmp/opentallas-qrom-source-context-next-20261002/rtl/hdc/ot_qwen_w12_matvec.sv:1265$5549 ($or).
Removed top 1 bits (of 38) from port B of cell lockstep.$flatten\root.\g_issue_fast.u_ts.\u_t.$or$/tmp/opentallas-qrom-source-context-next-20261002/rtl/hdc/ot_qwen_w12_matvec.sv:1265$5549 ($or).
Removed top 1 bits (of 38) from port Y of cell lockstep.$flatten\root.\g_issue_fast.u_ts.\u_t.$and$/tmp/opentallas-qrom-source-context-next-20261002/rtl/hdc/ot_qwen_w12_matvec.sv:1265$5548 ($and).
Removed top 1 bits (of 38) from port A of cell lockstep.$flatten\root.\g_issue_fast.u_ts.\u_t.$and$/tmp/opentallas-qrom-source-context-next-20261002/rtl/hdc/ot_qwen_w12_matvec.sv:1265$5548 ($and).
Removed top 1 bits (of 38) from port B of cell lockstep.$flatten\root.\g_issue_fast.u_ts.\u_t.$and$/tmp/opentallas-qrom-source-context-next-20261002/rtl/hdc/ot_qwen_w12_matvec.sv:1265$5548 ($and).
Removed top 1 bits (of 38) from port Y of cell lockstep.$flatten\root.\g_issue_fast.u_ts.\u_t.$and$/tmp/opentallas-qrom-source-context-next-20261002/rtl/hdc/ot_qwen_w12_matvec.sv:1265$5547 ($and).
Removed top 1 bits (of 38) from port A of cell lockstep.$flatten\root.\g_issue_fast.u_ts.\u_t.$and$/tmp/opentallas-qrom-source-context-next-20261002/rtl/hdc/ot_qwen_w12_matvec.sv:1265$5547 ($and).
Removed top 1 bits (of 38) from port B of cell lockstep.$flatten\root.\g_issue_fast.u_ts.\u_t.$and$/tmp/opentallas-qrom-source-context-next-20261002/rtl/hdc/ot_qwen_w12_matvec.sv:1265$5547 ($and).
Removed top 1 bits (of 38) from port Y of cell lockstep.$flatten\root.\g_issue_fast.u_ts.\u_t.$or$/tmp/opentallas-qrom-source-context-next-20261002/rtl/hdc/ot_qwen_w12_matvec.sv:1265$5621 ($or).
Removed top 1 bits (of 38) from port A of cell lockstep.$flatten\root.\g_issue_fast.u_ts.\u_t.$or$/tmp/opentallas-qrom-source-context-next-20261002/rtl/hdc/ot_qwen_w12_matvec.sv:1265$5621 ($or).
Removed top 1 bits (of 38) from port B of cell lockstep.$flatten\root.\g_issue_fast.u_ts.\u_t.$or$/tmp/opentallas-qrom-source-context-next-20261002/rtl/hdc/ot_qwen_w12_matvec.sv:1265$5621 ($or).
Removed top 1 bits (of 38) from port Y of cell lockstep.$flatten\root.\g_issue_fast.u_ts.\u_t.$or$/tmp/opentallas-qrom-source-context-next-20261002/rtl/hdc/ot_qwen_w12_matvec.sv:1265$5543 ($or).
Removed top 1 bits (of 38) from port A of cell lockstep.$flatten\root.\g_issue_fast.u_ts.\u_t.$or$/tmp/opentallas-qrom-source-context-next-20261002/rtl/hdc/ot_qwen_w12_matvec.sv:1265$5543 ($or).
Removed top 1 bits (of 38) from port B of cell lockstep.$flatten\root.\g_issue_fast.u_ts.\u_t.$or$/tmp/opentallas-qrom-source-context-next-20261002/rtl/hdc/ot_qwen_w12_matvec.sv:1265$5543 ($or).
Removed top 1 bits (of 38) from port Y of cell lockstep.$flatten\root.\g_issue_fast.u_ts.\u_t.$and$/tmp/opentallas-qrom-source-context-next-20261002/rtl/hdc/ot_qwen_w12_matvec.sv:1265$5542 ($and).
Removed top 1 bits (of 38) from port A of cell lockstep.$flatten\root.\g_issue_fast.u_ts.\u_t.$and$/tmp/opentallas-qrom-source-context-next-20261002/rtl/hdc/ot_qwen_w12_matvec.sv:1265$5542 ($and).
Removed top 1 bits (of 38) from port B of cell lockstep.$flatten\root.\g_issue_fast.u_ts.\u_t.$and$/tmp/opentallas-qrom-source-context-next-20261002/rtl/hdc/ot_qwen_w12_matvec.sv:1265$5542 ($and).
Removed top 1 bits (of 38) from port Y of cell lockstep.$flatten\root.\g_issue_fast.u_ts.\u_t.$or$/tmp/opentallas-qrom-source-context-next-20261002/rtl/hdc/ot_qwen_w12_matvec.sv:1265$5541 ($or).
Removed top 1 bits (of 38) from port A of cell lockstep.$flatten\root.\g_issue_fast.u_ts.\u_t.$or$/tmp/opentallas-qrom-source-context-next-20261002/rtl/hdc/ot_qwen_w12_matvec.sv:1265$5541 ($or).
Removed top 1 bits (of 38) from port B of cell lockstep.$flatten\root.\g_issue_fast.u_ts.\u_t.$or$/tmp/opentallas-qrom-source-context-next-20261002/rtl/hdc/ot_qwen_w12_matvec.sv:1265$5541 ($or).
Removed top 1 bits (of 38) from port Y of cell lockstep.$flatten\root.\g_issue_fast.u_ts.\u_t.$and$/tmp/opentallas-qrom-source-context-next-20261002/rtl/hdc/ot_qwen_w12_matvec.sv:1265$5540 ($and).
Removed top 1 bits (of 38) from port A of cell lockstep.$flatten\root.\g_issue_fast.u_ts.\u_t.$and$/tmp/opentallas-qrom-source-context-next-20261002/rtl/hdc/ot_qwen_w12_matvec.sv:1265$5540 ($and).
Removed top 1 bits (of 38) from port B of cell lockstep.$flatten\root.\g_issue_fast.u_ts.\u_t.$and$/tmp/opentallas-qrom-source-context-next-20261002/rtl/hdc/ot_qwen_w12_matvec.sv:1265$5540 ($and).
Removed top 1 bits (of 38) from port Y of cell lockstep.$flatten\root.\g_issue_fast.u_ts.\u_t.$and$/tmp/opentallas-qrom-source-context-next-20261002/rtl/hdc/ot_qwen_w12_matvec.sv:1265$5539 ($and).
Removed top 1 bits (of 38) from port A of cell lockstep.$flatten\root.\g_issue_fast.u_ts.\u_t.$and$/tmp/opentallas-qrom-source-context-next-20261002/rtl/hdc/ot_qwen_w12_matvec.sv:1265$5539 ($and).
Removed top 1 bits (of 38) from port B of cell lockstep.$flatten\root.\g_issue_fast.u_ts.\u_t.$and$/tmp/opentallas-qrom-source-context-next-20261002/rtl/hdc/ot_qwen_w12_matvec.sv:1265$5539 ($and).
Removed top 1 bits (of 19) from FF cell lockstep.$flatten\root.$procdff$7497 ($dff).
Removed top 14 bits (of 38) from FF cell lockstep.$flatten\root.$procdff$7494 ($dff).
Removed top 14 bits (of 38) from FF cell lockstep.$flatten\root.$procdff$7493 ($dff).
Removed top 17 bits (of 18) from port B of cell lockstep.$flatten\root.$eq$/tmp/qrom-issue-lockstep-760a-r2/literal.sv:177$5064 ($eq).
Removed top 17 bits (of 18) from port B of cell lockstep.$flatten\root.$eq$/tmp/qrom-issue-lockstep-760a-r2/literal.sv:157$5053 ($eq).
Removed top 29 bits (of 32) from port B of cell lockstep.$flatten\root.$lt$/tmp/qrom-issue-lockstep-760a-r2/literal.sv:148$5051 ($lt).
Removed top 17 bits (of 18) from port B of cell lockstep.$flatten\root.$eq$/tmp/qrom-issue-lockstep-760a-r2/literal.sv:133$5043 ($eq).
Removed top 14 bits (of 32) from port A of cell lockstep.$flatten\root.$le$/tmp/qrom-issue-lockstep-760a-r2/literal.sv:133$5042 ($le).
Removed top 31 bits (of 32) from port A of cell lockstep.$flatten\root.$shl$/tmp/qrom-issue-lockstep-760a-r2/literal.sv:133$5041 ($shl).
Removed top 27 bits (of 32) from port B of cell lockstep.$flatten\root.$mul$/tmp/qrom-issue-lockstep-760a-r2/literal.sv:111$5040 ($mul).
Removed top 13 bits (of 32) from port Y of cell lockstep.$flatten\root.$mul$/tmp/qrom-issue-lockstep-760a-r2/literal.sv:111$5040 ($mul).
Removed top 24 bits (of 32) from port B of cell lockstep.$flatten\root.$mul$/tmp/qrom-issue-lockstep-760a-r2/literal.sv:110$5039 ($mul).
Removed top 13 bits (of 32) from port Y of cell lockstep.$flatten\root.$mul$/tmp/qrom-issue-lockstep-760a-r2/literal.sv:110$5039 ($mul).
Removed top 14 bits (of 32) from port A of cell lockstep.$flatten\root.$add$/tmp/qrom-issue-lockstep-760a-r2/literal.sv:94$5033 ($add).
Removed top 14 bits (of 32) from port Y of cell lockstep.$flatten\root.$add$/tmp/qrom-issue-lockstep-760a-r2/literal.sv:94$5033 ($add).
Removed top 14 bits (of 32) from port B of cell lockstep.$flatten\root.$add$/tmp/qrom-issue-lockstep-760a-r2/literal.sv:94$5033 ($add).
Removed top 31 bits (of 32) from port B of cell lockstep.$flatten\root.$sub$/tmp/qrom-issue-lockstep-760a-r2/literal.sv:94$5032 ($sub).
Removed top 14 bits (of 32) from port Y of cell lockstep.$flatten\root.$sub$/tmp/qrom-issue-lockstep-760a-r2/literal.sv:94$5032 ($sub).
Removed top 14 bits (of 32) from port A of cell lockstep.$flatten\root.$sub$/tmp/qrom-issue-lockstep-760a-r2/literal.sv:94$5032 ($sub).
Removed top 31 bits (of 32) from port A of cell lockstep.$flatten\root.$shl$/tmp/qrom-issue-lockstep-760a-r2/literal.sv:94$5031 ($shl).
Removed top 14 bits (of 32) from port Y of cell lockstep.$flatten\root.$shl$/tmp/qrom-issue-lockstep-760a-r2/literal.sv:94$5031 ($shl).
Removed top 18 bits (of 32) from port A of cell lockstep.$flatten\root.$shr$/tmp/qrom-issue-lockstep-760a-r2/literal.sv:93$5030 ($shr).
Removed top 14 bits (of 38) from port A of cell lockstep.$flatten\root.$shl$/tmp/qrom-issue-lockstep-760a-r2/literal.sv:91$5018 ($shl).
Removed top 14 bits (of 38) from port A of cell lockstep.$flatten\root.$shl$/tmp/qrom-issue-lockstep-760a-r2/literal.sv:90$5013 ($shl).
Removed top 28 bits (of 32) from port A of cell lockstep.$flatten\root.$sub$/tmp/qrom-issue-lockstep-760a-r2/literal.sv:90$5012 ($sub).
Removed top 27 bits (of 32) from port Y of cell lockstep.$flatten\root.$sub$/tmp/qrom-issue-lockstep-760a-r2/literal.sv:90$5012 ($sub).
Removed top 28 bits (of 32) from port A of cell lockstep.$flatten\root.$ge$/tmp/qrom-issue-lockstep-760a-r2/literal.sv:90$5010 ($ge).
Removed top 14 bits (of 38) from port A of cell lockstep.$flatten\root.$shl$/tmp/qrom-issue-lockstep-760a-r2/literal.sv:91$5008 ($shl).
Removed top 14 bits (of 38) from port A of cell lockstep.$flatten\root.$shl$/tmp/qrom-issue-lockstep-760a-r2/literal.sv:90$5003 ($shl).
Removed top 28 bits (of 32) from port A of cell lockstep.$flatten\root.$sub$/tmp/qrom-issue-lockstep-760a-r2/literal.sv:90$5002 ($sub).
Removed top 27 bits (of 32) from port Y of cell lockstep.$flatten\root.$sub$/tmp/qrom-issue-lockstep-760a-r2/literal.sv:90$5002 ($sub).
Removed top 28 bits (of 32) from port A of cell lockstep.$flatten\root.$ge$/tmp/qrom-issue-lockstep-760a-r2/literal.sv:90$5000 ($ge).
Removed top 18 bits (of 379) from FF cell lockstep.$flatten\broadcast.$procdff$7875 ($dff).
Removed top 1 bits (of 38) from port Y of cell lockstep.$flatten\tile.\g_issue_fast.u_os.\u_t.$or$/tmp/opentallas-qrom-source-context-next-20261002/rtl/hdc/ot_qwen_w12_matvec.sv:1265$5623 ($or).
Removed top 1 bits (of 38) from port A of cell lockstep.$flatten\tile.\g_issue_fast.u_os.\u_t.$or$/tmp/opentallas-qrom-source-context-next-20261002/rtl/hdc/ot_qwen_w12_matvec.sv:1265$5623 ($or).
Removed top 1 bits (of 38) from port B of cell lockstep.$flatten\tile.\g_issue_fast.u_os.\u_t.$or$/tmp/opentallas-qrom-source-context-next-20261002/rtl/hdc/ot_qwen_w12_matvec.sv:1265$5623 ($or).
Removed top 1 bits (of 38) from port Y of cell lockstep.$flatten\tile.\g_issue_fast.u_os.\u_t.$or$/tmp/opentallas-qrom-source-context-next-20261002/rtl/hdc/ot_qwen_w12_matvec.sv:1265$5615 ($or).
Removed top 1 bits (of 38) from port A of cell lockstep.$flatten\tile.\g_issue_fast.u_os.\u_t.$or$/tmp/opentallas-qrom-source-context-next-20261002/rtl/hdc/ot_qwen_w12_matvec.sv:1265$5615 ($or).
Removed top 1 bits (of 38) from port B of cell lockstep.$flatten\tile.\g_issue_fast.u_os.\u_t.$or$/tmp/opentallas-qrom-source-context-next-20261002/rtl/hdc/ot_qwen_w12_matvec.sv:1265$5615 ($or).
Removed top 1 bits (of 38) from port Y of cell lockstep.$flatten\tile.\g_issue_fast.u_os.\u_t.$and$/tmp/opentallas-qrom-source-context-next-20261002/rtl/hdc/ot_qwen_w12_matvec.sv:1265$5614 ($and).
Removed top 1 bits (of 38) from port A of cell lockstep.$flatten\tile.\g_issue_fast.u_os.\u_t.$and$/tmp/opentallas-qrom-source-context-next-20261002/rtl/hdc/ot_qwen_w12_matvec.sv:1265$5614 ($and).
Removed top 1 bits (of 38) from port B of cell lockstep.$flatten\tile.\g_issue_fast.u_os.\u_t.$and$/tmp/opentallas-qrom-source-context-next-20261002/rtl/hdc/ot_qwen_w12_matvec.sv:1265$5614 ($and).
Removed top 1 bits (of 38) from port Y of cell lockstep.$flatten\tile.\g_issue_fast.u_os.\u_t.$or$/tmp/opentallas-qrom-source-context-next-20261002/rtl/hdc/ot_qwen_w12_matvec.sv:1265$5613 ($or).
Removed top 1 bits (of 38) from port A of cell lockstep.$flatten\tile.\g_issue_fast.u_os.\u_t.$or$/tmp/opentallas-qrom-source-context-next-20261002/rtl/hdc/ot_qwen_w12_matvec.sv:1265$5613 ($or).
Removed top 1 bits (of 38) from port B of cell lockstep.$flatten\tile.\g_issue_fast.u_os.\u_t.$or$/tmp/opentallas-qrom-source-context-next-20261002/rtl/hdc/ot_qwen_w12_matvec.sv:1265$5613 ($or).
Removed top 1 bits (of 38) from port Y of cell lockstep.$flatten\tile.\g_issue_fast.u_os.\u_t.$and$/tmp/opentallas-qrom-source-context-next-20261002/rtl/hdc/ot_qwen_w12_matvec.sv:1265$5612 ($and).
Removed top 1 bits (of 38) from port A of cell lockstep.$flatten\tile.\g_issue_fast.u_os.\u_t.$and$/tmp/opentallas-qrom-source-context-next-20261002/rtl/hdc/ot_qwen_w12_matvec.sv:1265$5612 ($and).
Removed top 1 bits (of 38) from port B of cell lockstep.$flatten\tile.\g_issue_fast.u_os.\u_t.$and$/tmp/opentallas-qrom-source-context-next-20261002/rtl/hdc/ot_qwen_w12_matvec.sv:1265$5612 ($and).
Removed top 1 bits (of 38) from port Y of cell lockstep.$flatten\tile.\g_issue_fast.u_os.\u_t.$and$/tmp/opentallas-qrom-source-context-next-20261002/rtl/hdc/ot_qwen_w12_matvec.sv:1265$5611 ($and).
Removed top 1 bits (of 38) from port A of cell lockstep.$flatten\tile.\g_issue_fast.u_os.\u_t.$and$/tmp/opentallas-qrom-source-context-next-20261002/rtl/hdc/ot_qwen_w12_matvec.sv:1265$5611 ($and).
Removed top 1 bits (of 38) from port B of cell lockstep.$flatten\tile.\g_issue_fast.u_os.\u_t.$and$/tmp/opentallas-qrom-source-context-next-20261002/rtl/hdc/ot_qwen_w12_matvec.sv:1265$5611 ($and).
Removed top 1 bits (of 38) from port Y of cell lockstep.$flatten\tile.\g_issue_fast.u_os.\u_t.$and$/tmp/opentallas-qrom-source-context-next-20261002/rtl/hdc/ot_qwen_w12_matvec.sv:1265$5622 ($and).
Removed top 1 bits (of 38) from port A of cell lockstep.$flatten\tile.\g_issue_fast.u_os.\u_t.$and$/tmp/opentallas-qrom-source-context-next-20261002/rtl/hdc/ot_qwen_w12_matvec.sv:1265$5622 ($and).
Removed top 1 bits (of 38) from port B of cell lockstep.$flatten\tile.\g_issue_fast.u_os.\u_t.$and$/tmp/opentallas-qrom-source-context-next-20261002/rtl/hdc/ot_qwen_w12_matvec.sv:1265$5622 ($and).
Removed top 1 bits (of 38) from port Y of cell lockstep.$flatten\tile.\g_issue_fast.u_os.\u_t.$or$/tmp/opentallas-qrom-source-context-next-20261002/rtl/hdc/ot_qwen_w12_matvec.sv:1265$5607 ($or).
Removed top 1 bits (of 38) from port A of cell lockstep.$flatten\tile.\g_issue_fast.u_os.\u_t.$or$/tmp/opentallas-qrom-source-context-next-20261002/rtl/hdc/ot_qwen_w12_matvec.sv:1265$5607 ($or).
Removed top 1 bits (of 38) from port B of cell lockstep.$flatten\tile.\g_issue_fast.u_os.\u_t.$or$/tmp/opentallas-qrom-source-context-next-20261002/rtl/hdc/ot_qwen_w12_matvec.sv:1265$5607 ($or).
Removed top 1 bits (of 38) from port Y of cell lockstep.$flatten\tile.\g_issue_fast.u_os.\u_t.$and$/tmp/opentallas-qrom-source-context-next-20261002/rtl/hdc/ot_qwen_w12_matvec.sv:1265$5606 ($and).
Removed top 1 bits (of 38) from port A of cell lockstep.$flatten\tile.\g_issue_fast.u_os.\u_t.$and$/tmp/opentallas-qrom-source-context-next-20261002/rtl/hdc/ot_qwen_w12_matvec.sv:1265$5606 ($and).
Removed top 1 bits (of 38) from port B of cell lockstep.$flatten\tile.\g_issue_fast.u_os.\u_t.$and$/tmp/opentallas-qrom-source-context-next-20261002/rtl/hdc/ot_qwen_w12_matvec.sv:1265$5606 ($and).
Removed top 1 bits (of 38) from port Y of cell lockstep.$flatten\tile.\g_issue_fast.u_os.\u_t.$or$/tmp/opentallas-qrom-source-context-next-20261002/rtl/hdc/ot_qwen_w12_matvec.sv:1265$5605 ($or).
Removed top 1 bits (of 38) from port A of cell lockstep.$flatten\tile.\g_issue_fast.u_os.\u_t.$or$/tmp/opentallas-qrom-source-context-next-20261002/rtl/hdc/ot_qwen_w12_matvec.sv:1265$5605 ($or).
Removed top 1 bits (of 38) from port B of cell lockstep.$flatten\tile.\g_issue_fast.u_os.\u_t.$or$/tmp/opentallas-qrom-source-context-next-20261002/rtl/hdc/ot_qwen_w12_matvec.sv:1265$5605 ($or).
Removed top 1 bits (of 38) from port Y of cell lockstep.$flatten\tile.\g_issue_fast.u_os.\u_t.$and$/tmp/opentallas-qrom-source-context-next-20261002/rtl/hdc/ot_qwen_w12_matvec.sv:1265$5604 ($and).
Removed top 1 bits (of 38) from port A of cell lockstep.$flatten\tile.\g_issue_fast.u_os.\u_t.$and$/tmp/opentallas-qrom-source-context-next-20261002/rtl/hdc/ot_qwen_w12_matvec.sv:1265$5604 ($and).
Removed top 1 bits (of 38) from port B of cell lockstep.$flatten\tile.\g_issue_fast.u_os.\u_t.$and$/tmp/opentallas-qrom-source-context-next-20261002/rtl/hdc/ot_qwen_w12_matvec.sv:1265$5604 ($and).
Removed top 1 bits (of 38) from port Y of cell lockstep.$flatten\tile.\g_issue_fast.u_os.\u_t.$and$/tmp/opentallas-qrom-source-context-next-20261002/rtl/hdc/ot_qwen_w12_matvec.sv:1265$5603 ($and).
Removed top 1 bits (of 38) from port A of cell lockstep.$flatten\tile.\g_issue_fast.u_os.\u_t.$and$/tmp/opentallas-qrom-source-context-next-20261002/rtl/hdc/ot_qwen_w12_matvec.sv:1265$5603 ($and).
Removed top 1 bits (of 38) from port B of cell lockstep.$flatten\tile.\g_issue_fast.u_os.\u_t.$and$/tmp/opentallas-qrom-source-context-next-20261002/rtl/hdc/ot_qwen_w12_matvec.sv:1265$5603 ($and).
Removed top 1 bits (of 38) from port Y of cell lockstep.$flatten\tile.\g_issue_fast.u_os.\u_t.$or$/tmp/opentallas-qrom-source-context-next-20261002/rtl/hdc/ot_qwen_w12_matvec.sv:1265$5599 ($or).
Removed top 1 bits (of 38) from port A of cell lockstep.$flatten\tile.\g_issue_fast.u_os.\u_t.$or$/tmp/opentallas-qrom-source-context-next-20261002/rtl/hdc/ot_qwen_w12_matvec.sv:1265$5599 ($or).
Removed top 1 bits (of 38) from port B of cell lockstep.$flatten\tile.\g_issue_fast.u_os.\u_t.$or$/tmp/opentallas-qrom-source-context-next-20261002/rtl/hdc/ot_qwen_w12_matvec.sv:1265$5599 ($or).
Removed top 1 bits (of 38) from port Y of cell lockstep.$flatten\tile.\g_issue_fast.u_os.\u_t.$and$/tmp/opentallas-qrom-source-context-next-20261002/rtl/hdc/ot_qwen_w12_matvec.sv:1265$5598 ($and).
Removed top 1 bits (of 38) from port A of cell lockstep.$flatten\tile.\g_issue_fast.u_os.\u_t.$and$/tmp/opentallas-qrom-source-context-next-20261002/rtl/hdc/ot_qwen_w12_matvec.sv:1265$5598 ($and).
Removed top 1 bits (of 38) from port B of cell lockstep.$flatten\tile.\g_issue_fast.u_os.\u_t.$and$/tmp/opentallas-qrom-source-context-next-20261002/rtl/hdc/ot_qwen_w12_matvec.sv:1265$5598 ($and).
Removed top 1 bits (of 38) from port Y of cell lockstep.$flatten\tile.\g_issue_fast.u_os.\u_t.$or$/tmp/opentallas-qrom-source-context-next-20261002/rtl/hdc/ot_qwen_w12_matvec.sv:1265$5597 ($or).
Removed top 1 bits (of 38) from port A of cell lockstep.$flatten\tile.\g_issue_fast.u_os.\u_t.$or$/tmp/opentallas-qrom-source-context-next-20261002/rtl/hdc/ot_qwen_w12_matvec.sv:1265$5597 ($or).
Removed top 1 bits (of 38) from port B of cell lockstep.$flatten\tile.\g_issue_fast.u_os.\u_t.$or$/tmp/opentallas-qrom-source-context-next-20261002/rtl/hdc/ot_qwen_w12_matvec.sv:1265$5597 ($or).
Removed top 1 bits (of 38) from port Y of cell lockstep.$flatten\tile.\g_issue_fast.u_os.\u_t.$and$/tmp/opentallas-qrom-source-context-next-20261002/rtl/hdc/ot_qwen_w12_matvec.sv:1265$5596 ($and).
Removed top 1 bits (of 38) from port A of cell lockstep.$flatten\tile.\g_issue_fast.u_os.\u_t.$and$/tmp/opentallas-qrom-source-context-next-20261002/rtl/hdc/ot_qwen_w12_matvec.sv:1265$5596 ($and).
Removed top 1 bits (of 38) from port B of cell lockstep.$flatten\tile.\g_issue_fast.u_os.\u_t.$and$/tmp/opentallas-qrom-source-context-next-20261002/rtl/hdc/ot_qwen_w12_matvec.sv:1265$5596 ($and).
Removed top 1 bits (of 38) from port Y of cell lockstep.$flatten\tile.\g_issue_fast.u_os.\u_t.$and$/tmp/opentallas-qrom-source-context-next-20261002/rtl/hdc/ot_qwen_w12_matvec.sv:1265$5595 ($and).
Removed top 1 bits (of 38) from port A of cell lockstep.$flatten\tile.\g_issue_fast.u_os.\u_t.$and$/tmp/opentallas-qrom-source-context-next-20261002/rtl/hdc/ot_qwen_w12_matvec.sv:1265$5595 ($and).
Removed top 1 bits (of 38) from port B of cell lockstep.$flatten\tile.\g_issue_fast.u_os.\u_t.$and$/tmp/opentallas-qrom-source-context-next-20261002/rtl/hdc/ot_qwen_w12_matvec.sv:1265$5595 ($and).
Removed top 1 bits (of 38) from port Y of cell lockstep.$flatten\tile.\g_issue_fast.u_os.\u_t.$or$/tmp/opentallas-qrom-source-context-next-20261002/rtl/hdc/ot_qwen_w12_matvec.sv:1265$5591 ($or).
Removed top 1 bits (of 38) from port A of cell lockstep.$flatten\tile.\g_issue_fast.u_os.\u_t.$or$/tmp/opentallas-qrom-source-context-next-20261002/rtl/hdc/ot_qwen_w12_matvec.sv:1265$5591 ($or).
Removed top 1 bits (of 38) from port B of cell lockstep.$flatten\tile.\g_issue_fast.u_os.\u_t.$or$/tmp/opentallas-qrom-source-context-next-20261002/rtl/hdc/ot_qwen_w12_matvec.sv:1265$5591 ($or).
Removed top 1 bits (of 38) from port Y of cell lockstep.$flatten\tile.\g_issue_fast.u_os.\u_t.$and$/tmp/opentallas-qrom-source-context-next-20261002/rtl/hdc/ot_qwen_w12_matvec.sv:1265$5590 ($and).
Removed top 1 bits (of 38) from port A of cell lockstep.$flatten\tile.\g_issue_fast.u_os.\u_t.$and$/tmp/opentallas-qrom-source-context-next-20261002/rtl/hdc/ot_qwen_w12_matvec.sv:1265$5590 ($and).
Removed top 1 bits (of 38) from port B of cell lockstep.$flatten\tile.\g_issue_fast.u_os.\u_t.$and$/tmp/opentallas-qrom-source-context-next-20261002/rtl/hdc/ot_qwen_w12_matvec.sv:1265$5590 ($and).
Removed top 1 bits (of 38) from port Y of cell lockstep.$flatten\tile.\g_issue_fast.u_os.\u_t.$or$/tmp/opentallas-qrom-source-context-next-20261002/rtl/hdc/ot_qwen_w12_matvec.sv:1265$5589 ($or).
Removed top 1 bits (of 38) from port A of cell lockstep.$flatten\tile.\g_issue_fast.u_os.\u_t.$or$/tmp/opentallas-qrom-source-context-next-20261002/rtl/hdc/ot_qwen_w12_matvec.sv:1265$5589 ($or).
Removed top 1 bits (of 38) from port B of cell lockstep.$flatten\tile.\g_issue_fast.u_os.\u_t.$or$/tmp/opentallas-qrom-source-context-next-20261002/rtl/hdc/ot_qwen_w12_matvec.sv:1265$5589 ($or).
Removed top 1 bits (of 38) from port Y of cell lockstep.$flatten\tile.\g_issue_fast.u_os.\u_t.$and$/tmp/opentallas-qrom-source-context-next-20261002/rtl/hdc/ot_qwen_w12_matvec.sv:1265$5588 ($and).
Removed top 1 bits (of 38) from port A of cell lockstep.$flatten\tile.\g_issue_fast.u_os.\u_t.$and$/tmp/opentallas-qrom-source-context-next-20261002/rtl/hdc/ot_qwen_w12_matvec.sv:1265$5588 ($and).
Removed top 1 bits (of 38) from port B of cell lockstep.$flatten\tile.\g_issue_fast.u_os.\u_t.$and$/tmp/opentallas-qrom-source-context-next-20261002/rtl/hdc/ot_qwen_w12_matvec.sv:1265$5588 ($and).
Removed top 1 bits (of 38) from port Y of cell lockstep.$flatten\tile.\g_issue_fast.u_os.\u_t.$and$/tmp/opentallas-qrom-source-context-next-20261002/rtl/hdc/ot_qwen_w12_matvec.sv:1265$5587 ($and).
Removed top 1 bits (of 38) from port A of cell lockstep.$flatten\tile.\g_issue_fast.u_os.\u_t.$and$/tmp/opentallas-qrom-source-context-next-20261002/rtl/hdc/ot_qwen_w12_matvec.sv:1265$5587 ($and).
Removed top 1 bits (of 38) from port B of cell lockstep.$flatten\tile.\g_issue_fast.u_os.\u_t.$and$/tmp/opentallas-qrom-source-context-next-20261002/rtl/hdc/ot_qwen_w12_matvec.sv:1265$5587 ($and).
Removed top 1 bits (of 38) from port Y of cell lockstep.$flatten\tile.\g_issue_fast.u_os.\u_t.$or$/tmp/opentallas-qrom-source-context-next-20261002/rtl/hdc/ot_qwen_w12_matvec.sv:1265$5583 ($or).
Removed top 1 bits (of 38) from port A of cell lockstep.$flatten\tile.\g_issue_fast.u_os.\u_t.$or$/tmp/opentallas-qrom-source-context-next-20261002/rtl/hdc/ot_qwen_w12_matvec.sv:1265$5583 ($or).
Removed top 1 bits (of 38) from port B of cell lockstep.$flatten\tile.\g_issue_fast.u_os.\u_t.$or$/tmp/opentallas-qrom-source-context-next-20261002/rtl/hdc/ot_qwen_w12_matvec.sv:1265$5583 ($or).
Removed top 1 bits (of 38) from port Y of cell lockstep.$flatten\tile.\g_issue_fast.u_os.\u_t.$and$/tmp/opentallas-qrom-source-context-next-20261002/rtl/hdc/ot_qwen_w12_matvec.sv:1265$5582 ($and).
Removed top 1 bits (of 38) from port A of cell lockstep.$flatten\tile.\g_issue_fast.u_os.\u_t.$and$/tmp/opentallas-qrom-source-context-next-20261002/rtl/hdc/ot_qwen_w12_matvec.sv:1265$5582 ($and).
Removed top 1 bits (of 38) from port B of cell lockstep.$flatten\tile.\g_issue_fast.u_os.\u_t.$and$/tmp/opentallas-qrom-source-context-next-20261002/rtl/hdc/ot_qwen_w12_matvec.sv:1265$5582 ($and).
Removed top 1 bits (of 38) from port Y of cell lockstep.$flatten\tile.\g_issue_fast.u_os.\u_t.$or$/tmp/opentallas-qrom-source-context-next-20261002/rtl/hdc/ot_qwen_w12_matvec.sv:1265$5581 ($or).
Removed top 1 bits (of 38) from port A of cell lockstep.$flatten\tile.\g_issue_fast.u_os.\u_t.$or$/tmp/opentallas-qrom-source-context-next-20261002/rtl/hdc/ot_qwen_w12_matvec.sv:1265$5581 ($or).
Removed top 1 bits (of 38) from port B of cell lockstep.$flatten\tile.\g_issue_fast.u_os.\u_t.$or$/tmp/opentallas-qrom-source-context-next-20261002/rtl/hdc/ot_qwen_w12_matvec.sv:1265$5581 ($or).
Removed top 1 bits (of 38) from port Y of cell lockstep.$flatten\tile.\g_issue_fast.u_os.\u_t.$and$/tmp/opentallas-qrom-source-context-next-20261002/rtl/hdc/ot_qwen_w12_matvec.sv:1265$5580 ($and).
Removed top 1 bits (of 38) from port A of cell lockstep.$flatten\tile.\g_issue_fast.u_os.\u_t.$and$/tmp/opentallas-qrom-source-context-next-20261002/rtl/hdc/ot_qwen_w12_matvec.sv:1265$5580 ($and).
Removed top 1 bits (of 38) from port B of cell lockstep.$flatten\tile.\g_issue_fast.u_os.\u_t.$and$/tmp/opentallas-qrom-source-context-next-20261002/rtl/hdc/ot_qwen_w12_matvec.sv:1265$5580 ($and).
Removed top 1 bits (of 38) from port Y of cell lockstep.$flatten\tile.\g_issue_fast.u_os.\u_t.$and$/tmp/opentallas-qrom-source-context-next-20261002/rtl/hdc/ot_qwen_w12_matvec.sv:1265$5579 ($and).
Removed top 1 bits (of 38) from port A of cell lockstep.$flatten\tile.\g_issue_fast.u_os.\u_t.$and$/tmp/opentallas-qrom-source-context-next-20261002/rtl/hdc/ot_qwen_w12_matvec.sv:1265$5579 ($and).
Removed top 1 bits (of 38) from port B of cell lockstep.$flatten\tile.\g_issue_fast.u_os.\u_t.$and$/tmp/opentallas-qrom-source-context-next-20261002/rtl/hdc/ot_qwen_w12_matvec.sv:1265$5579 ($and).
Removed top 1 bits (of 38) from port Y of cell lockstep.$flatten\tile.\g_issue_fast.u_os.\u_t.$or$/tmp/opentallas-qrom-source-context-next-20261002/rtl/hdc/ot_qwen_w12_matvec.sv:1265$5575 ($or).
Removed top 1 bits (of 38) from port A of cell lockstep.$flatten\tile.\g_issue_fast.u_os.\u_t.$or$/tmp/opentallas-qrom-source-context-next-20261002/rtl/hdc/ot_qwen_w12_matvec.sv:1265$5575 ($or).
Removed top 1 bits (of 38) from port B of cell lockstep.$flatten\tile.\g_issue_fast.u_os.\u_t.$or$/tmp/opentallas-qrom-source-context-next-20261002/rtl/hdc/ot_qwen_w12_matvec.sv:1265$5575 ($or).
Removed top 1 bits (of 38) from port Y of cell lockstep.$flatten\tile.\g_issue_fast.u_os.\u_t.$and$/tmp/opentallas-qrom-source-context-next-20261002/rtl/hdc/ot_qwen_w12_matvec.sv:1265$5574 ($and).
Removed top 1 bits (of 38) from port A of cell lockstep.$flatten\tile.\g_issue_fast.u_os.\u_t.$and$/tmp/opentallas-qrom-source-context-next-20261002/rtl/hdc/ot_qwen_w12_matvec.sv:1265$5574 ($and).
Removed top 1 bits (of 38) from port B of cell lockstep.$flatten\tile.\g_issue_fast.u_os.\u_t.$and$/tmp/opentallas-qrom-source-context-next-20261002/rtl/hdc/ot_qwen_w12_matvec.sv:1265$5574 ($and).
Removed top 1 bits (of 38) from port Y of cell lockstep.$flatten\tile.\g_issue_fast.u_os.\u_t.$or$/tmp/opentallas-qrom-source-context-next-20261002/rtl/hdc/ot_qwen_w12_matvec.sv:1265$5573 ($or).
Removed top 1 bits (of 38) from port A of cell lockstep.$flatten\tile.\g_issue_fast.u_os.\u_t.$or$/tmp/opentallas-qrom-source-context-next-20261002/rtl/hdc/ot_qwen_w12_matvec.sv:1265$5573 ($or).
Removed top 1 bits (of 38) from port B of cell lockstep.$flatten\tile.\g_issue_fast.u_os.\u_t.$or$/tmp/opentallas-qrom-source-context-next-20261002/rtl/hdc/ot_qwen_w12_matvec.sv:1265$5573 ($or).
Removed top 1 bits (of 38) from port Y of cell lockstep.$flatten\tile.\g_issue_fast.u_os.\u_t.$and$/tmp/opentallas-qrom-source-context-next-20261002/rtl/hdc/ot_qwen_w12_matvec.sv:1265$5572 ($and).
Removed top 1 bits (of 38) from port A of cell lockstep.$flatten\tile.\g_issue_fast.u_os.\u_t.$and$/tmp/opentallas-qrom-source-context-next-20261002/rtl/hdc/ot_qwen_w12_matvec.sv:1265$5572 ($and).
Removed top 1 bits (of 38) from port B of cell lockstep.$flatten\tile.\g_issue_fast.u_os.\u_t.$and$/tmp/opentallas-qrom-source-context-next-20261002/rtl/hdc/ot_qwen_w12_matvec.sv:1265$5572 ($and).
Removed top 1 bits (of 38) from port Y of cell lockstep.$flatten\tile.\g_issue_fast.u_os.\u_t.$and$/tmp/opentallas-qrom-source-context-next-20261002/rtl/hdc/ot_qwen_w12_matvec.sv:1265$5571 ($and).
Removed top 1 bits (of 38) from port A of cell lockstep.$flatten\tile.\g_issue_fast.u_os.\u_t.$and$/tmp/opentallas-qrom-source-context-next-20261002/rtl/hdc/ot_qwen_w12_matvec.sv:1265$5571 ($and).
Removed top 1 bits (of 38) from port B of cell lockstep.$flatten\tile.\g_issue_fast.u_os.\u_t.$and$/tmp/opentallas-qrom-source-context-next-20261002/rtl/hdc/ot_qwen_w12_matvec.sv:1265$5571 ($and).
Removed top 1 bits (of 38) from port Y of cell lockstep.$flatten\tile.\g_issue_fast.u_os.\u_t.$or$/tmp/opentallas-qrom-source-context-next-20261002/rtl/hdc/ot_qwen_w12_matvec.sv:1265$5567 ($or).
Removed top 1 bits (of 38) from port A of cell lockstep.$flatten\tile.\g_issue_fast.u_os.\u_t.$or$/tmp/opentallas-qrom-source-context-next-20261002/rtl/hdc/ot_qwen_w12_matvec.sv:1265$5567 ($or).
Removed top 1 bits (of 38) from port B of cell lockstep.$flatten\tile.\g_issue_fast.u_os.\u_t.$or$/tmp/opentallas-qrom-source-context-next-20261002/rtl/hdc/ot_qwen_w12_matvec.sv:1265$5567 ($or).
Removed top 1 bits (of 38) from port Y of cell lockstep.$flatten\tile.\g_issue_fast.u_os.\u_t.$and$/tmp/opentallas-qrom-source-context-next-20261002/rtl/hdc/ot_qwen_w12_matvec.sv:1265$5566 ($and).
Removed top 1 bits (of 38) from port A of cell lockstep.$flatten\tile.\g_issue_fast.u_os.\u_t.$and$/tmp/opentallas-qrom-source-context-next-20261002/rtl/hdc/ot_qwen_w12_matvec.sv:1265$5566 ($and).
Removed top 1 bits (of 38) from port B of cell lockstep.$flatten\tile.\g_issue_fast.u_os.\u_t.$and$/tmp/opentallas-qrom-source-context-next-20261002/rtl/hdc/ot_qwen_w12_matvec.sv:1265$5566 ($and).
Removed top 1 bits (of 38) from port Y of cell lockstep.$flatten\tile.\g_issue_fast.u_os.\u_t.$or$/tmp/opentallas-qrom-source-context-next-20261002/rtl/hdc/ot_qwen_w12_matvec.sv:1265$5565 ($or).
Removed top 1 bits (of 38) from port A of cell lockstep.$flatten\tile.\g_issue_fast.u_os.\u_t.$or$/tmp/opentallas-qrom-source-context-next-20261002/rtl/hdc/ot_qwen_w12_matvec.sv:1265$5565 ($or).
Removed top 1 bits (of 38) from port B of cell lockstep.$flatten\tile.\g_issue_fast.u_os.\u_t.$or$/tmp/opentallas-qrom-source-context-next-20261002/rtl/hdc/ot_qwen_w12_matvec.sv:1265$5565 ($or).
Removed top 1 bits (of 38) from port Y of cell lockstep.$flatten\tile.\g_issue_fast.u_os.\u_t.$and$/tmp/opentallas-qrom-source-context-next-20261002/rtl/hdc/ot_qwen_w12_matvec.sv:1265$5564 ($and).
Removed top 1 bits (of 38) from port A of cell lockstep.$flatten\tile.\g_issue_fast.u_os.\u_t.$and$/tmp/opentallas-qrom-source-context-next-20261002/rtl/hdc/ot_qwen_w12_matvec.sv:1265$5564 ($and).
Removed top 1 bits (of 38) from port B of cell lockstep.$flatten\tile.\g_issue_fast.u_os.\u_t.$and$/tmp/opentallas-qrom-source-context-next-20261002/rtl/hdc/ot_qwen_w12_matvec.sv:1265$5564 ($and).
Removed top 1 bits (of 38) from port Y of cell lockstep.$flatten\tile.\g_issue_fast.u_os.\u_t.$and$/tmp/opentallas-qrom-source-context-next-20261002/rtl/hdc/ot_qwen_w12_matvec.sv:1265$5563 ($and).
Removed top 1 bits (of 38) from port A of cell lockstep.$flatten\tile.\g_issue_fast.u_os.\u_t.$and$/tmp/opentallas-qrom-source-context-next-20261002/rtl/hdc/ot_qwen_w12_matvec.sv:1265$5563 ($and).
Removed top 1 bits (of 38) from port B of cell lockstep.$flatten\tile.\g_issue_fast.u_os.\u_t.$and$/tmp/opentallas-qrom-source-context-next-20261002/rtl/hdc/ot_qwen_w12_matvec.sv:1265$5563 ($and).
Removed top 1 bits (of 38) from port Y of cell lockstep.$flatten\tile.\g_issue_fast.u_os.\u_t.$or$/tmp/opentallas-qrom-source-context-next-20261002/rtl/hdc/ot_qwen_w12_matvec.sv:1265$5559 ($or).
Removed top 1 bits (of 38) from port A of cell lockstep.$flatten\tile.\g_issue_fast.u_os.\u_t.$or$/tmp/opentallas-qrom-source-context-next-20261002/rtl/hdc/ot_qwen_w12_matvec.sv:1265$5559 ($or).
Removed top 1 bits (of 38) from port B of cell lockstep.$flatten\tile.\g_issue_fast.u_os.\u_t.$or$/tmp/opentallas-qrom-source-context-next-20261002/rtl/hdc/ot_qwen_w12_matvec.sv:1265$5559 ($or).
Removed top 1 bits (of 38) from port Y of cell lockstep.$flatten\tile.\g_issue_fast.u_os.\u_t.$and$/tmp/opentallas-qrom-source-context-next-20261002/rtl/hdc/ot_qwen_w12_matvec.sv:1265$5558 ($and).
Removed top 1 bits (of 38) from port A of cell lockstep.$flatten\tile.\g_issue_fast.u_os.\u_t.$and$/tmp/opentallas-qrom-source-context-next-20261002/rtl/hdc/ot_qwen_w12_matvec.sv:1265$5558 ($and).
Removed top 1 bits (of 38) from port B of cell lockstep.$flatten\tile.\g_issue_fast.u_os.\u_t.$and$/tmp/opentallas-qrom-source-context-next-20261002/rtl/hdc/ot_qwen_w12_matvec.sv:1265$5558 ($and).
Removed top 1 bits (of 38) from port Y of cell lockstep.$flatten\tile.\g_issue_fast.u_os.\u_t.$or$/tmp/opentallas-qrom-source-context-next-20261002/rtl/hdc/ot_qwen_w12_matvec.sv:1265$5557 ($or).
Removed top 1 bits (of 38) from port A of cell lockstep.$flatten\tile.\g_issue_fast.u_os.\u_t.$or$/tmp/opentallas-qrom-source-context-next-20261002/rtl/hdc/ot_qwen_w12_matvec.sv:1265$5557 ($or).
Removed top 1 bits (of 38) from port B of cell lockstep.$flatten\tile.\g_issue_fast.u_os.\u_t.$or$/tmp/opentallas-qrom-source-context-next-20261002/rtl/hdc/ot_qwen_w12_matvec.sv:1265$5557 ($or).
Removed top 1 bits (of 38) from port Y of cell lockstep.$flatten\tile.\g_issue_fast.u_os.\u_t.$and$/tmp/opentallas-qrom-source-context-next-20261002/rtl/hdc/ot_qwen_w12_matvec.sv:1265$5556 ($and).
Removed top 1 bits (of 38) from port A of cell lockstep.$flatten\tile.\g_issue_fast.u_os.\u_t.$and$/tmp/opentallas-qrom-source-context-next-20261002/rtl/hdc/ot_qwen_w12_matvec.sv:1265$5556 ($and).
Removed top 1 bits (of 38) from port B of cell lockstep.$flatten\tile.\g_issue_fast.u_os.\u_t.$and$/tmp/opentallas-qrom-source-context-next-20261002/rtl/hdc/ot_qwen_w12_matvec.sv:1265$5556 ($and).
Removed top 1 bits (of 38) from port Y of cell lockstep.$flatten\tile.\g_issue_fast.u_os.\u_t.$and$/tmp/opentallas-qrom-source-context-next-20261002/rtl/hdc/ot_qwen_w12_matvec.sv:1265$5555 ($and).
Removed top 1 bits (of 38) from port A of cell lockstep.$flatten\tile.\g_issue_fast.u_os.\u_t.$and$/tmp/opentallas-qrom-source-context-next-20261002/rtl/hdc/ot_qwen_w12_matvec.sv:1265$5555 ($and).
Removed top 1 bits (of 38) from port B of cell lockstep.$flatten\tile.\g_issue_fast.u_os.\u_t.$and$/tmp/opentallas-qrom-source-context-next-20261002/rtl/hdc/ot_qwen_w12_matvec.sv:1265$5555 ($and).
Removed top 1 bits (of 38) from port Y of cell lockstep.$flatten\tile.\g_issue_fast.u_os.\u_t.$or$/tmp/opentallas-qrom-source-context-next-20261002/rtl/hdc/ot_qwen_w12_matvec.sv:1265$5631 ($or).
Removed top 1 bits (of 38) from port A of cell lockstep.$flatten\tile.\g_issue_fast.u_os.\u_t.$or$/tmp/opentallas-qrom-source-context-next-20261002/rtl/hdc/ot_qwen_w12_matvec.sv:1265$5631 ($or).
Removed top 1 bits (of 38) from port B of cell lockstep.$flatten\tile.\g_issue_fast.u_os.\u_t.$or$/tmp/opentallas-qrom-source-context-next-20261002/rtl/hdc/ot_qwen_w12_matvec.sv:1265$5631 ($or).
Removed top 1 bits (of 38) from port Y of cell lockstep.$flatten\tile.\g_issue_fast.u_os.\u_t.$or$/tmp/opentallas-qrom-source-context-next-20261002/rtl/hdc/ot_qwen_w12_matvec.sv:1265$5551 ($or).
Removed top 1 bits (of 38) from port A of cell lockstep.$flatten\tile.\g_issue_fast.u_os.\u_t.$or$/tmp/opentallas-qrom-source-context-next-20261002/rtl/hdc/ot_qwen_w12_matvec.sv:1265$5551 ($or).
Removed top 1 bits (of 38) from port B of cell lockstep.$flatten\tile.\g_issue_fast.u_os.\u_t.$or$/tmp/opentallas-qrom-source-context-next-20261002/rtl/hdc/ot_qwen_w12_matvec.sv:1265$5551 ($or).
Removed top 1 bits (of 38) from port Y of cell lockstep.$flatten\tile.\g_issue_fast.u_os.\u_t.$and$/tmp/opentallas-qrom-source-context-next-20261002/rtl/hdc/ot_qwen_w12_matvec.sv:1265$5550 ($and).
Removed top 1 bits (of 38) from port A of cell lockstep.$flatten\tile.\g_issue_fast.u_os.\u_t.$and$/tmp/opentallas-qrom-source-context-next-20261002/rtl/hdc/ot_qwen_w12_matvec.sv:1265$5550 ($and).
Removed top 1 bits (of 38) from port B of cell lockstep.$flatten\tile.\g_issue_fast.u_os.\u_t.$and$/tmp/opentallas-qrom-source-context-next-20261002/rtl/hdc/ot_qwen_w12_matvec.sv:1265$5550 ($and).
Removed top 1 bits (of 38) from port Y of cell lockstep.$flatten\tile.\g_issue_fast.u_os.\u_t.$or$/tmp/opentallas-qrom-source-context-next-20261002/rtl/hdc/ot_qwen_w12_matvec.sv:1265$5549 ($or).
Removed top 1 bits (of 38) from port A of cell lockstep.$flatten\tile.\g_issue_fast.u_os.\u_t.$or$/tmp/opentallas-qrom-source-context-next-20261002/rtl/hdc/ot_qwen_w12_matvec.sv:1265$5549 ($or).
Removed top 1 bits (of 38) from port B of cell lockstep.$flatten\tile.\g_issue_fast.u_os.\u_t.$or$/tmp/opentallas-qrom-source-context-next-20261002/rtl/hdc/ot_qwen_w12_matvec.sv:1265$5549 ($or).
Removed top 1 bits (of 38) from port Y of cell lockstep.$flatten\tile.\g_issue_fast.u_os.\u_t.$and$/tmp/opentallas-qrom-source-context-next-20261002/rtl/hdc/ot_qwen_w12_matvec.sv:1265$5548 ($and).
Removed top 1 bits (of 38) from port A of cell lockstep.$flatten\tile.\g_issue_fast.u_os.\u_t.$and$/tmp/opentallas-qrom-source-context-next-20261002/rtl/hdc/ot_qwen_w12_matvec.sv:1265$5548 ($and).
Removed top 1 bits (of 38) from port B of cell lockstep.$flatten\tile.\g_issue_fast.u_os.\u_t.$and$/tmp/opentallas-qrom-source-context-next-20261002/rtl/hdc/ot_qwen_w12_matvec.sv:1265$5548 ($and).
Removed top 1 bits (of 38) from port Y of cell lockstep.$flatten\tile.\g_issue_fast.u_os.\u_t.$and$/tmp/opentallas-qrom-source-context-next-20261002/rtl/hdc/ot_qwen_w12_matvec.sv:1265$5547 ($and).
Removed top 1 bits (of 38) from port A of cell lockstep.$flatten\tile.\g_issue_fast.u_os.\u_t.$and$/tmp/opentallas-qrom-source-context-next-20261002/rtl/hdc/ot_qwen_w12_matvec.sv:1265$5547 ($and).
Removed top 1 bits (of 38) from port B of cell lockstep.$flatten\tile.\g_issue_fast.u_os.\u_t.$and$/tmp/opentallas-qrom-source-context-next-20261002/rtl/hdc/ot_qwen_w12_matvec.sv:1265$5547 ($and).
Removed top 1 bits (of 38) from port Y of cell lockstep.$flatten\tile.\g_issue_fast.u_os.\u_t.$or$/tmp/opentallas-qrom-source-context-next-20261002/rtl/hdc/ot_qwen_w12_matvec.sv:1265$5621 ($or).
Removed top 1 bits (of 38) from port A of cell lockstep.$flatten\tile.\g_issue_fast.u_os.\u_t.$or$/tmp/opentallas-qrom-source-context-next-20261002/rtl/hdc/ot_qwen_w12_matvec.sv:1265$5621 ($or).
Removed top 1 bits (of 38) from port B of cell lockstep.$flatten\tile.\g_issue_fast.u_os.\u_t.$or$/tmp/opentallas-qrom-source-context-next-20261002/rtl/hdc/ot_qwen_w12_matvec.sv:1265$5621 ($or).
Removed top 1 bits (of 38) from port Y of cell lockstep.$flatten\tile.\g_issue_fast.u_os.\u_t.$or$/tmp/opentallas-qrom-source-context-next-20261002/rtl/hdc/ot_qwen_w12_matvec.sv:1265$5543 ($or).
Removed top 1 bits (of 38) from port A of cell lockstep.$flatten\tile.\g_issue_fast.u_os.\u_t.$or$/tmp/opentallas-qrom-source-context-next-20261002/rtl/hdc/ot_qwen_w12_matvec.sv:1265$5543 ($or).
Removed top 1 bits (of 38) from port B of cell lockstep.$flatten\tile.\g_issue_fast.u_os.\u_t.$or$/tmp/opentallas-qrom-source-context-next-20261002/rtl/hdc/ot_qwen_w12_matvec.sv:1265$5543 ($or).
Removed top 1 bits (of 38) from port Y of cell lockstep.$flatten\tile.\g_issue_fast.u_os.\u_t.$and$/tmp/opentallas-qrom-source-context-next-20261002/rtl/hdc/ot_qwen_w12_matvec.sv:1265$5542 ($and).
Removed top 1 bits (of 38) from port A of cell lockstep.$flatten\tile.\g_issue_fast.u_os.\u_t.$and$/tmp/opentallas-qrom-source-context-next-20261002/rtl/hdc/ot_qwen_w12_matvec.sv:1265$5542 ($and).
Removed top 1 bits (of 38) from port B of cell lockstep.$flatten\tile.\g_issue_fast.u_os.\u_t.$and$/tmp/opentallas-qrom-source-context-next-20261002/rtl/hdc/ot_qwen_w12_matvec.sv:1265$5542 ($and).
Removed top 1 bits (of 38) from port Y of cell lockstep.$flatten\tile.\g_issue_fast.u_os.\u_t.$or$/tmp/opentallas-qrom-source-context-next-20261002/rtl/hdc/ot_qwen_w12_matvec.sv:1265$5541 ($or).
Removed top 1 bits (of 38) from port A of cell lockstep.$flatten\tile.\g_issue_fast.u_os.\u_t.$or$/tmp/opentallas-qrom-source-context-next-20261002/rtl/hdc/ot_qwen_w12_matvec.sv:1265$5541 ($or).
Removed top 1 bits (of 38) from port B of cell lockstep.$flatten\tile.\g_issue_fast.u_os.\u_t.$or$/tmp/opentallas-qrom-source-context-next-20261002/rtl/hdc/ot_qwen_w12_matvec.sv:1265$5541 ($or).
Removed top 1 bits (of 38) from port Y of cell lockstep.$flatten\tile.\g_issue_fast.u_os.\u_t.$and$/tmp/opentallas-qrom-source-context-next-20261002/rtl/hdc/ot_qwen_w12_matvec.sv:1265$5540 ($and).
Removed top 1 bits (of 38) from port A of cell lockstep.$flatten\tile.\g_issue_fast.u_os.\u_t.$and$/tmp/opentallas-qrom-source-context-next-20261002/rtl/hdc/ot_qwen_w12_matvec.sv:1265$5540 ($and).
Removed top 1 bits (of 38) from port B of cell lockstep.$flatten\tile.\g_issue_fast.u_os.\u_t.$and$/tmp/opentallas-qrom-source-context-next-20261002/rtl/hdc/ot_qwen_w12_matvec.sv:1265$5540 ($and).
Removed top 1 bits (of 38) from port Y of cell lockstep.$flatten\tile.\g_issue_fast.u_os.\u_t.$and$/tmp/opentallas-qrom-source-context-next-20261002/rtl/hdc/ot_qwen_w12_matvec.sv:1265$5539 ($and).
Removed top 1 bits (of 38) from port A of cell lockstep.$flatten\tile.\g_issue_fast.u_os.\u_t.$and$/tmp/opentallas-qrom-source-context-next-20261002/rtl/hdc/ot_qwen_w12_matvec.sv:1265$5539 ($and).
Removed top 1 bits (of 38) from port B of cell lockstep.$flatten\tile.\g_issue_fast.u_os.\u_t.$and$/tmp/opentallas-qrom-source-context-next-20261002/rtl/hdc/ot_qwen_w12_matvec.sv:1265$5539 ($and).
Removed top 1 bits (of 38) from port Y of cell lockstep.$flatten\tile.\g_issue_fast.u_ts.\u_t.$or$/tmp/opentallas-qrom-source-context-next-20261002/rtl/hdc/ot_qwen_w12_matvec.sv:1265$5623 ($or).
Removed top 1 bits (of 38) from port A of cell lockstep.$flatten\tile.\g_issue_fast.u_ts.\u_t.$or$/tmp/opentallas-qrom-source-context-next-20261002/rtl/hdc/ot_qwen_w12_matvec.sv:1265$5623 ($or).
Removed top 1 bits (of 38) from port B of cell lockstep.$flatten\tile.\g_issue_fast.u_ts.\u_t.$or$/tmp/opentallas-qrom-source-context-next-20261002/rtl/hdc/ot_qwen_w12_matvec.sv:1265$5623 ($or).
Removed top 1 bits (of 38) from port Y of cell lockstep.$flatten\tile.\g_issue_fast.u_ts.\u_t.$or$/tmp/opentallas-qrom-source-context-next-20261002/rtl/hdc/ot_qwen_w12_matvec.sv:1265$5615 ($or).
Removed top 1 bits (of 38) from port A of cell lockstep.$flatten\tile.\g_issue_fast.u_ts.\u_t.$or$/tmp/opentallas-qrom-source-context-next-20261002/rtl/hdc/ot_qwen_w12_matvec.sv:1265$5615 ($or).
Removed top 1 bits (of 38) from port B of cell lockstep.$flatten\tile.\g_issue_fast.u_ts.\u_t.$or$/tmp/opentallas-qrom-source-context-next-20261002/rtl/hdc/ot_qwen_w12_matvec.sv:1265$5615 ($or).
Removed top 1 bits (of 38) from port Y of cell lockstep.$flatten\tile.\g_issue_fast.u_ts.\u_t.$and$/tmp/opentallas-qrom-source-context-next-20261002/rtl/hdc/ot_qwen_w12_matvec.sv:1265$5614 ($and).
Removed top 1 bits (of 38) from port A of cell lockstep.$flatten\tile.\g_issue_fast.u_ts.\u_t.$and$/tmp/opentallas-qrom-source-context-next-20261002/rtl/hdc/ot_qwen_w12_matvec.sv:1265$5614 ($and).
Removed top 1 bits (of 38) from port B of cell lockstep.$flatten\tile.\g_issue_fast.u_ts.\u_t.$and$/tmp/opentallas-qrom-source-context-next-20261002/rtl/hdc/ot_qwen_w12_matvec.sv:1265$5614 ($and).
Removed top 1 bits (of 38) from port Y of cell lockstep.$flatten\tile.\g_issue_fast.u_ts.\u_t.$or$/tmp/opentallas-qrom-source-context-next-20261002/rtl/hdc/ot_qwen_w12_matvec.sv:1265$5613 ($or).
Removed top 1 bits (of 38) from port A of cell lockstep.$flatten\tile.\g_issue_fast.u_ts.\u_t.$or$/tmp/opentallas-qrom-source-context-next-20261002/rtl/hdc/ot_qwen_w12_matvec.sv:1265$5613 ($or).
Removed top 1 bits (of 38) from port B of cell lockstep.$flatten\tile.\g_issue_fast.u_ts.\u_t.$or$/tmp/opentallas-qrom-source-context-next-20261002/rtl/hdc/ot_qwen_w12_matvec.sv:1265$5613 ($or).
Removed top 1 bits (of 38) from port Y of cell lockstep.$flatten\tile.\g_issue_fast.u_ts.\u_t.$and$/tmp/opentallas-qrom-source-context-next-20261002/rtl/hdc/ot_qwen_w12_matvec.sv:1265$5612 ($and).
Removed top 1 bits (of 38) from port A of cell lockstep.$flatten\tile.\g_issue_fast.u_ts.\u_t.$and$/tmp/opentallas-qrom-source-context-next-20261002/rtl/hdc/ot_qwen_w12_matvec.sv:1265$5612 ($and).
Removed top 1 bits (of 38) from port B of cell lockstep.$flatten\tile.\g_issue_fast.u_ts.\u_t.$and$/tmp/opentallas-qrom-source-context-next-20261002/rtl/hdc/ot_qwen_w12_matvec.sv:1265$5612 ($and).
Removed top 1 bits (of 38) from port Y of cell lockstep.$flatten\tile.\g_issue_fast.u_ts.\u_t.$and$/tmp/opentallas-qrom-source-context-next-20261002/rtl/hdc/ot_qwen_w12_matvec.sv:1265$5611 ($and).
Removed top 1 bits (of 38) from port A of cell lockstep.$flatten\tile.\g_issue_fast.u_ts.\u_t.$and$/tmp/opentallas-qrom-source-context-next-20261002/rtl/hdc/ot_qwen_w12_matvec.sv:1265$5611 ($and).
Removed top 1 bits (of 38) from port B of cell lockstep.$flatten\tile.\g_issue_fast.u_ts.\u_t.$and$/tmp/opentallas-qrom-source-context-next-20261002/rtl/hdc/ot_qwen_w12_matvec.sv:1265$5611 ($and).
Removed top 1 bits (of 38) from port Y of cell lockstep.$flatten\tile.\g_issue_fast.u_ts.\u_t.$and$/tmp/opentallas-qrom-source-context-next-20261002/rtl/hdc/ot_qwen_w12_matvec.sv:1265$5622 ($and).
Removed top 1 bits (of 38) from port A of cell lockstep.$flatten\tile.\g_issue_fast.u_ts.\u_t.$and$/tmp/opentallas-qrom-source-context-next-20261002/rtl/hdc/ot_qwen_w12_matvec.sv:1265$5622 ($and).
Removed top 1 bits (of 38) from port B of cell lockstep.$flatten\tile.\g_issue_fast.u_ts.\u_t.$and$/tmp/opentallas-qrom-source-context-next-20261002/rtl/hdc/ot_qwen_w12_matvec.sv:1265$5622 ($and).
Removed top 1 bits (of 38) from port Y of cell lockstep.$flatten\tile.\g_issue_fast.u_ts.\u_t.$or$/tmp/opentallas-qrom-source-context-next-20261002/rtl/hdc/ot_qwen_w12_matvec.sv:1265$5607 ($or).
Removed top 1 bits (of 38) from port A of cell lockstep.$flatten\tile.\g_issue_fast.u_ts.\u_t.$or$/tmp/opentallas-qrom-source-context-next-20261002/rtl/hdc/ot_qwen_w12_matvec.sv:1265$5607 ($or).
Removed top 1 bits (of 38) from port B of cell lockstep.$flatten\tile.\g_issue_fast.u_ts.\u_t.$or$/tmp/opentallas-qrom-source-context-next-20261002/rtl/hdc/ot_qwen_w12_matvec.sv:1265$5607 ($or).
Removed top 1 bits (of 38) from port Y of cell lockstep.$flatten\tile.\g_issue_fast.u_ts.\u_t.$and$/tmp/opentallas-qrom-source-context-next-20261002/rtl/hdc/ot_qwen_w12_matvec.sv:1265$5606 ($and).
Removed top 1 bits (of 38) from port A of cell lockstep.$flatten\tile.\g_issue_fast.u_ts.\u_t.$and$/tmp/opentallas-qrom-source-context-next-20261002/rtl/hdc/ot_qwen_w12_matvec.sv:1265$5606 ($and).
Removed top 1 bits (of 38) from port B of cell lockstep.$flatten\tile.\g_issue_fast.u_ts.\u_t.$and$/tmp/opentallas-qrom-source-context-next-20261002/rtl/hdc/ot_qwen_w12_matvec.sv:1265$5606 ($and).
Removed top 1 bits (of 38) from port Y of cell lockstep.$flatten\tile.\g_issue_fast.u_ts.\u_t.$or$/tmp/opentallas-qrom-source-context-next-20261002/rtl/hdc/ot_qwen_w12_matvec.sv:1265$5605 ($or).
Removed top 1 bits (of 38) from port A of cell lockstep.$flatten\tile.\g_issue_fast.u_ts.\u_t.$or$/tmp/opentallas-qrom-source-context-next-20261002/rtl/hdc/ot_qwen_w12_matvec.sv:1265$5605 ($or).
Removed top 1 bits (of 38) from port B of cell lockstep.$flatten\tile.\g_issue_fast.u_ts.\u_t.$or$/tmp/opentallas-qrom-source-context-next-20261002/rtl/hdc/ot_qwen_w12_matvec.sv:1265$5605 ($or).
Removed top 1 bits (of 38) from port Y of cell lockstep.$flatten\tile.\g_issue_fast.u_ts.\u_t.$and$/tmp/opentallas-qrom-source-context-next-20261002/rtl/hdc/ot_qwen_w12_matvec.sv:1265$5604 ($and).
Removed top 1 bits (of 38) from port A of cell lockstep.$flatten\tile.\g_issue_fast.u_ts.\u_t.$and$/tmp/opentallas-qrom-source-context-next-20261002/rtl/hdc/ot_qwen_w12_matvec.sv:1265$5604 ($and).
Removed top 1 bits (of 38) from port B of cell lockstep.$flatten\tile.\g_issue_fast.u_ts.\u_t.$and$/tmp/opentallas-qrom-source-context-next-20261002/rtl/hdc/ot_qwen_w12_matvec.sv:1265$5604 ($and).
Removed top 1 bits (of 38) from port Y of cell lockstep.$flatten\tile.\g_issue_fast.u_ts.\u_t.$and$/tmp/opentallas-qrom-source-context-next-20261002/rtl/hdc/ot_qwen_w12_matvec.sv:1265$5603 ($and).
Removed top 1 bits (of 38) from port A of cell lockstep.$flatten\tile.\g_issue_fast.u_ts.\u_t.$and$/tmp/opentallas-qrom-source-context-next-20261002/rtl/hdc/ot_qwen_w12_matvec.sv:1265$5603 ($and).
Removed top 1 bits (of 38) from port B of cell lockstep.$flatten\tile.\g_issue_fast.u_ts.\u_t.$and$/tmp/opentallas-qrom-source-context-next-20261002/rtl/hdc/ot_qwen_w12_matvec.sv:1265$5603 ($and).
Removed top 1 bits (of 38) from port Y of cell lockstep.$flatten\tile.\g_issue_fast.u_ts.\u_t.$or$/tmp/opentallas-qrom-source-context-next-20261002/rtl/hdc/ot_qwen_w12_matvec.sv:1265$5599 ($or).
Removed top 1 bits (of 38) from port A of cell lockstep.$flatten\tile.\g_issue_fast.u_ts.\u_t.$or$/tmp/opentallas-qrom-source-context-next-20261002/rtl/hdc/ot_qwen_w12_matvec.sv:1265$5599 ($or).
Removed top 1 bits (of 38) from port B of cell lockstep.$flatten\tile.\g_issue_fast.u_ts.\u_t.$or$/tmp/opentallas-qrom-source-context-next-20261002/rtl/hdc/ot_qwen_w12_matvec.sv:1265$5599 ($or).
Removed top 1 bits (of 38) from port Y of cell lockstep.$flatten\tile.\g_issue_fast.u_ts.\u_t.$and$/tmp/opentallas-qrom-source-context-next-20261002/rtl/hdc/ot_qwen_w12_matvec.sv:1265$5598 ($and).
Removed top 1 bits (of 38) from port A of cell lockstep.$flatten\tile.\g_issue_fast.u_ts.\u_t.$and$/tmp/opentallas-qrom-source-context-next-20261002/rtl/hdc/ot_qwen_w12_matvec.sv:1265$5598 ($and).
Removed top 1 bits (of 38) from port B of cell lockstep.$flatten\tile.\g_issue_fast.u_ts.\u_t.$and$/tmp/opentallas-qrom-source-context-next-20261002/rtl/hdc/ot_qwen_w12_matvec.sv:1265$5598 ($and).
Removed top 1 bits (of 38) from port Y of cell lockstep.$flatten\tile.\g_issue_fast.u_ts.\u_t.$or$/tmp/opentallas-qrom-source-context-next-20261002/rtl/hdc/ot_qwen_w12_matvec.sv:1265$5597 ($or).
Removed top 1 bits (of 38) from port A of cell lockstep.$flatten\tile.\g_issue_fast.u_ts.\u_t.$or$/tmp/opentallas-qrom-source-context-next-20261002/rtl/hdc/ot_qwen_w12_matvec.sv:1265$5597 ($or).
Removed top 1 bits (of 38) from port B of cell lockstep.$flatten\tile.\g_issue_fast.u_ts.\u_t.$or$/tmp/opentallas-qrom-source-context-next-20261002/rtl/hdc/ot_qwen_w12_matvec.sv:1265$5597 ($or).
Removed top 1 bits (of 38) from port Y of cell lockstep.$flatten\tile.\g_issue_fast.u_ts.\u_t.$and$/tmp/opentallas-qrom-source-context-next-20261002/rtl/hdc/ot_qwen_w12_matvec.sv:1265$5596 ($and).
Removed top 1 bits (of 38) from port A of cell lockstep.$flatten\tile.\g_issue_fast.u_ts.\u_t.$and$/tmp/opentallas-qrom-source-context-next-20261002/rtl/hdc/ot_qwen_w12_matvec.sv:1265$5596 ($and).
Removed top 1 bits (of 38) from port B of cell lockstep.$flatten\tile.\g_issue_fast.u_ts.\u_t.$and$/tmp/opentallas-qrom-source-context-next-20261002/rtl/hdc/ot_qwen_w12_matvec.sv:1265$5596 ($and).
Removed top 1 bits (of 38) from port Y of cell lockstep.$flatten\tile.\g_issue_fast.u_ts.\u_t.$and$/tmp/opentallas-qrom-source-context-next-20261002/rtl/hdc/ot_qwen_w12_matvec.sv:1265$5595 ($and).
Removed top 1 bits (of 38) from port A of cell lockstep.$flatten\tile.\g_issue_fast.u_ts.\u_t.$and$/tmp/opentallas-qrom-source-context-next-20261002/rtl/hdc/ot_qwen_w12_matvec.sv:1265$5595 ($and).
Removed top 1 bits (of 38) from port B of cell lockstep.$flatten\tile.\g_issue_fast.u_ts.\u_t.$and$/tmp/opentallas-qrom-source-context-next-20261002/rtl/hdc/ot_qwen_w12_matvec.sv:1265$5595 ($and).
Removed top 1 bits (of 38) from port Y of cell lockstep.$flatten\tile.\g_issue_fast.u_ts.\u_t.$or$/tmp/opentallas-qrom-source-context-next-20261002/rtl/hdc/ot_qwen_w12_matvec.sv:1265$5591 ($or).
Removed top 1 bits (of 38) from port A of cell lockstep.$flatten\tile.\g_issue_fast.u_ts.\u_t.$or$/tmp/opentallas-qrom-source-context-next-20261002/rtl/hdc/ot_qwen_w12_matvec.sv:1265$5591 ($or).
Removed top 1 bits (of 38) from port B of cell lockstep.$flatten\tile.\g_issue_fast.u_ts.\u_t.$or$/tmp/opentallas-qrom-source-context-next-20261002/rtl/hdc/ot_qwen_w12_matvec.sv:1265$5591 ($or).
Removed top 1 bits (of 38) from port Y of cell lockstep.$flatten\tile.\g_issue_fast.u_ts.\u_t.$and$/tmp/opentallas-qrom-source-context-next-20261002/rtl/hdc/ot_qwen_w12_matvec.sv:1265$5590 ($and).
Removed top 1 bits (of 38) from port A of cell lockstep.$flatten\tile.\g_issue_fast.u_ts.\u_t.$and$/tmp/opentallas-qrom-source-context-next-20261002/rtl/hdc/ot_qwen_w12_matvec.sv:1265$5590 ($and).
Removed top 1 bits (of 38) from port B of cell lockstep.$flatten\tile.\g_issue_fast.u_ts.\u_t.$and$/tmp/opentallas-qrom-source-context-next-20261002/rtl/hdc/ot_qwen_w12_matvec.sv:1265$5590 ($and).
Removed top 1 bits (of 38) from port Y of cell lockstep.$flatten\tile.\g_issue_fast.u_ts.\u_t.$or$/tmp/opentallas-qrom-source-context-next-20261002/rtl/hdc/ot_qwen_w12_matvec.sv:1265$5589 ($or).
Removed top 1 bits (of 38) from port A of cell lockstep.$flatten\tile.\g_issue_fast.u_ts.\u_t.$or$/tmp/opentallas-qrom-source-context-next-20261002/rtl/hdc/ot_qwen_w12_matvec.sv:1265$5589 ($or).
Removed top 1 bits (of 38) from port B of cell lockstep.$flatten\tile.\g_issue_fast.u_ts.\u_t.$or$/tmp/opentallas-qrom-source-context-next-20261002/rtl/hdc/ot_qwen_w12_matvec.sv:1265$5589 ($or).
Removed top 1 bits (of 38) from port Y of cell lockstep.$flatten\tile.\g_issue_fast.u_ts.\u_t.$and$/tmp/opentallas-qrom-source-context-next-20261002/rtl/hdc/ot_qwen_w12_matvec.sv:1265$5588 ($and).
Removed top 1 bits (of 38) from port A of cell lockstep.$flatten\tile.\g_issue_fast.u_ts.\u_t.$and$/tmp/opentallas-qrom-source-context-next-20261002/rtl/hdc/ot_qwen_w12_matvec.sv:1265$5588 ($and).
Removed top 1 bits (of 38) from port B of cell lockstep.$flatten\tile.\g_issue_fast.u_ts.\u_t.$and$/tmp/opentallas-qrom-source-context-next-20261002/rtl/hdc/ot_qwen_w12_matvec.sv:1265$5588 ($and).
Removed top 1 bits (of 38) from port Y of cell lockstep.$flatten\tile.\g_issue_fast.u_ts.\u_t.$and$/tmp/opentallas-qrom-source-context-next-20261002/rtl/hdc/ot_qwen_w12_matvec.sv:1265$5587 ($and).
Removed top 1 bits (of 38) from port A of cell lockstep.$flatten\tile.\g_issue_fast.u_ts.\u_t.$and$/tmp/opentallas-qrom-source-context-next-20261002/rtl/hdc/ot_qwen_w12_matvec.sv:1265$5587 ($and).
Removed top 1 bits (of 38) from port B of cell lockstep.$flatten\tile.\g_issue_fast.u_ts.\u_t.$and$/tmp/opentallas-qrom-source-context-next-20261002/rtl/hdc/ot_qwen_w12_matvec.sv:1265$5587 ($and).
Removed top 1 bits (of 38) from port Y of cell lockstep.$flatten\tile.\g_issue_fast.u_ts.\u_t.$or$/tmp/opentallas-qrom-source-context-next-20261002/rtl/hdc/ot_qwen_w12_matvec.sv:1265$5583 ($or).
Removed top 1 bits (of 38) from port A of cell lockstep.$flatten\tile.\g_issue_fast.u_ts.\u_t.$or$/tmp/opentallas-qrom-source-context-next-20261002/rtl/hdc/ot_qwen_w12_matvec.sv:1265$5583 ($or).
Removed top 1 bits (of 38) from port B of cell lockstep.$flatten\tile.\g_issue_fast.u_ts.\u_t.$or$/tmp/opentallas-qrom-source-context-next-20261002/rtl/hdc/ot_qwen_w12_matvec.sv:1265$5583 ($or).
Removed top 1 bits (of 38) from port Y of cell lockstep.$flatten\tile.\g_issue_fast.u_ts.\u_t.$and$/tmp/opentallas-qrom-source-context-next-20261002/rtl/hdc/ot_qwen_w12_matvec.sv:1265$5582 ($and).
Removed top 1 bits (of 38) from port A of cell lockstep.$flatten\tile.\g_issue_fast.u_ts.\u_t.$and$/tmp/opentallas-qrom-source-context-next-20261002/rtl/hdc/ot_qwen_w12_matvec.sv:1265$5582 ($and).
Removed top 1 bits (of 38) from port B of cell lockstep.$flatten\tile.\g_issue_fast.u_ts.\u_t.$and$/tmp/opentallas-qrom-source-context-next-20261002/rtl/hdc/ot_qwen_w12_matvec.sv:1265$5582 ($and).
Removed top 1 bits (of 38) from port Y of cell lockstep.$flatten\tile.\g_issue_fast.u_ts.\u_t.$or$/tmp/opentallas-qrom-source-context-next-20261002/rtl/hdc/ot_qwen_w12_matvec.sv:1265$5581 ($or).
Removed top 1 bits (of 38) from port A of cell lockstep.$flatten\tile.\g_issue_fast.u_ts.\u_t.$or$/tmp/opentallas-qrom-source-context-next-20261002/rtl/hdc/ot_qwen_w12_matvec.sv:1265$5581 ($or).
Removed top 1 bits (of 38) from port B of cell lockstep.$flatten\tile.\g_issue_fast.u_ts.\u_t.$or$/tmp/opentallas-qrom-source-context-next-20261002/rtl/hdc/ot_qwen_w12_matvec.sv:1265$5581 ($or).
Removed top 1 bits (of 38) from port Y of cell lockstep.$flatten\tile.\g_issue_fast.u_ts.\u_t.$and$/tmp/opentallas-qrom-source-context-next-20261002/rtl/hdc/ot_qwen_w12_matvec.sv:1265$5580 ($and).
Removed top 1 bits (of 38) from port A of cell lockstep.$flatten\tile.\g_issue_fast.u_ts.\u_t.$and$/tmp/opentallas-qrom-source-context-next-20261002/rtl/hdc/ot_qwen_w12_matvec.sv:1265$5580 ($and).
Removed top 1 bits (of 38) from port B of cell lockstep.$flatten\tile.\g_issue_fast.u_ts.\u_t.$and$/tmp/opentallas-qrom-source-context-next-20261002/rtl/hdc/ot_qwen_w12_matvec.sv:1265$5580 ($and).
Removed top 1 bits (of 38) from port Y of cell lockstep.$flatten\tile.\g_issue_fast.u_ts.\u_t.$and$/tmp/opentallas-qrom-source-context-next-20261002/rtl/hdc/ot_qwen_w12_matvec.sv:1265$5579 ($and).
Removed top 1 bits (of 38) from port A of cell lockstep.$flatten\tile.\g_issue_fast.u_ts.\u_t.$and$/tmp/opentallas-qrom-source-context-next-20261002/rtl/hdc/ot_qwen_w12_matvec.sv:1265$5579 ($and).
Removed top 1 bits (of 38) from port B of cell lockstep.$flatten\tile.\g_issue_fast.u_ts.\u_t.$and$/tmp/opentallas-qrom-source-context-next-20261002/rtl/hdc/ot_qwen_w12_matvec.sv:1265$5579 ($and).
Removed top 1 bits (of 38) from port Y of cell lockstep.$flatten\tile.\g_issue_fast.u_ts.\u_t.$or$/tmp/opentallas-qrom-source-context-next-20261002/rtl/hdc/ot_qwen_w12_matvec.sv:1265$5575 ($or).
Removed top 1 bits (of 38) from port A of cell lockstep.$flatten\tile.\g_issue_fast.u_ts.\u_t.$or$/tmp/opentallas-qrom-source-context-next-20261002/rtl/hdc/ot_qwen_w12_matvec.sv:1265$5575 ($or).
Removed top 1 bits (of 38) from port B of cell lockstep.$flatten\tile.\g_issue_fast.u_ts.\u_t.$or$/tmp/opentallas-qrom-source-context-next-20261002/rtl/hdc/ot_qwen_w12_matvec.sv:1265$5575 ($or).
Removed top 1 bits (of 38) from port Y of cell lockstep.$flatten\tile.\g_issue_fast.u_ts.\u_t.$and$/tmp/opentallas-qrom-source-context-next-20261002/rtl/hdc/ot_qwen_w12_matvec.sv:1265$5574 ($and).
Removed top 1 bits (of 38) from port A of cell lockstep.$flatten\tile.\g_issue_fast.u_ts.\u_t.$and$/tmp/opentallas-qrom-source-context-next-20261002/rtl/hdc/ot_qwen_w12_matvec.sv:1265$5574 ($and).
Removed top 1 bits (of 38) from port B of cell lockstep.$flatten\tile.\g_issue_fast.u_ts.\u_t.$and$/tmp/opentallas-qrom-source-context-next-20261002/rtl/hdc/ot_qwen_w12_matvec.sv:1265$5574 ($and).
Removed top 1 bits (of 38) from port Y of cell lockstep.$flatten\tile.\g_issue_fast.u_ts.\u_t.$or$/tmp/opentallas-qrom-source-context-next-20261002/rtl/hdc/ot_qwen_w12_matvec.sv:1265$5573 ($or).
Removed top 1 bits (of 38) from port A of cell lockstep.$flatten\tile.\g_issue_fast.u_ts.\u_t.$or$/tmp/opentallas-qrom-source-context-next-20261002/rtl/hdc/ot_qwen_w12_matvec.sv:1265$5573 ($or).
Removed top 1 bits (of 38) from port B of cell lockstep.$flatten\tile.\g_issue_fast.u_ts.\u_t.$or$/tmp/opentallas-qrom-source-context-next-20261002/rtl/hdc/ot_qwen_w12_matvec.sv:1265$5573 ($or).
Removed top 1 bits (of 38) from port Y of cell lockstep.$flatten\tile.\g_issue_fast.u_ts.\u_t.$and$/tmp/opentallas-qrom-source-context-next-20261002/rtl/hdc/ot_qwen_w12_matvec.sv:1265$5572 ($and).
Removed top 1 bits (of 38) from port A of cell lockstep.$flatten\tile.\g_issue_fast.u_ts.\u_t.$and$/tmp/opentallas-qrom-source-context-next-20261002/rtl/hdc/ot_qwen_w12_matvec.sv:1265$5572 ($and).
Removed top 1 bits (of 38) from port B of cell lockstep.$flatten\tile.\g_issue_fast.u_ts.\u_t.$and$/tmp/opentallas-qrom-source-context-next-20261002/rtl/hdc/ot_qwen_w12_matvec.sv:1265$5572 ($and).
Removed top 1 bits (of 38) from port Y of cell lockstep.$flatten\tile.\g_issue_fast.u_ts.\u_t.$and$/tmp/opentallas-qrom-source-context-next-20261002/rtl/hdc/ot_qwen_w12_matvec.sv:1265$5571 ($and).
Removed top 1 bits (of 38) from port A of cell lockstep.$flatten\tile.\g_issue_fast.u_ts.\u_t.$and$/tmp/opentallas-qrom-source-context-next-20261002/rtl/hdc/ot_qwen_w12_matvec.sv:1265$5571 ($and).
Removed top 1 bits (of 38) from port B of cell lockstep.$flatten\tile.\g_issue_fast.u_ts.\u_t.$and$/tmp/opentallas-qrom-source-context-next-20261002/rtl/hdc/ot_qwen_w12_matvec.sv:1265$5571 ($and).
Removed top 1 bits (of 38) from port Y of cell lockstep.$flatten\tile.\g_issue_fast.u_ts.\u_t.$or$/tmp/opentallas-qrom-source-context-next-20261002/rtl/hdc/ot_qwen_w12_matvec.sv:1265$5567 ($or).
Removed top 1 bits (of 38) from port A of cell lockstep.$flatten\tile.\g_issue_fast.u_ts.\u_t.$or$/tmp/opentallas-qrom-source-context-next-20261002/rtl/hdc/ot_qwen_w12_matvec.sv:1265$5567 ($or).
Removed top 1 bits (of 38) from port B of cell lockstep.$flatten\tile.\g_issue_fast.u_ts.\u_t.$or$/tmp/opentallas-qrom-source-context-next-20261002/rtl/hdc/ot_qwen_w12_matvec.sv:1265$5567 ($or).
Removed top 1 bits (of 38) from port Y of cell lockstep.$flatten\tile.\g_issue_fast.u_ts.\u_t.$and$/tmp/opentallas-qrom-source-context-next-20261002/rtl/hdc/ot_qwen_w12_matvec.sv:1265$5566 ($and).
Removed top 1 bits (of 38) from port A of cell lockstep.$flatten\tile.\g_issue_fast.u_ts.\u_t.$and$/tmp/opentallas-qrom-source-context-next-20261002/rtl/hdc/ot_qwen_w12_matvec.sv:1265$5566 ($and).
Removed top 1 bits (of 38) from port B of cell lockstep.$flatten\tile.\g_issue_fast.u_ts.\u_t.$and$/tmp/opentallas-qrom-source-context-next-20261002/rtl/hdc/ot_qwen_w12_matvec.sv:1265$5566 ($and).
Removed top 1 bits (of 38) from port Y of cell lockstep.$flatten\tile.\g_issue_fast.u_ts.\u_t.$or$/tmp/opentallas-qrom-source-context-next-20261002/rtl/hdc/ot_qwen_w12_matvec.sv:1265$5565 ($or).
Removed top 1 bits (of 38) from port A of cell lockstep.$flatten\tile.\g_issue_fast.u_ts.\u_t.$or$/tmp/opentallas-qrom-source-context-next-20261002/rtl/hdc/ot_qwen_w12_matvec.sv:1265$5565 ($or).
Removed top 1 bits (of 38) from port B of cell lockstep.$flatten\tile.\g_issue_fast.u_ts.\u_t.$or$/tmp/opentallas-qrom-source-context-next-20261002/rtl/hdc/ot_qwen_w12_matvec.sv:1265$5565 ($or).
Removed top 1 bits (of 38) from port Y of cell lockstep.$flatten\tile.\g_issue_fast.u_ts.\u_t.$and$/tmp/opentallas-qrom-source-context-next-20261002/rtl/hdc/ot_qwen_w12_matvec.sv:1265$5564 ($and).
Removed top 1 bits (of 38) from port A of cell lockstep.$flatten\tile.\g_issue_fast.u_ts.\u_t.$and$/tmp/opentallas-qrom-source-context-next-20261002/rtl/hdc/ot_qwen_w12_matvec.sv:1265$5564 ($and).
Removed top 1 bits (of 38) from port B of cell lockstep.$flatten\tile.\g_issue_fast.u_ts.\u_t.$and$/tmp/opentallas-qrom-source-context-next-20261002/rtl/hdc/ot_qwen_w12_matvec.sv:1265$5564 ($and).
Removed top 1 bits (of 38) from port Y of cell lockstep.$flatten\tile.\g_issue_fast.u_ts.\u_t.$and$/tmp/opentallas-qrom-source-context-next-20261002/rtl/hdc/ot_qwen_w12_matvec.sv:1265$5563 ($and).
Removed top 1 bits (of 38) from port A of cell lockstep.$flatten\tile.\g_issue_fast.u_ts.\u_t.$and$/tmp/opentallas-qrom-source-context-next-20261002/rtl/hdc/ot_qwen_w12_matvec.sv:1265$5563 ($and).
Removed top 1 bits (of 38) from port B of cell lockstep.$flatten\tile.\g_issue_fast.u_ts.\u_t.$and$/tmp/opentallas-qrom-source-context-next-20261002/rtl/hdc/ot_qwen_w12_matvec.sv:1265$5563 ($and).
Removed top 1 bits (of 38) from port Y of cell lockstep.$flatten\tile.\g_issue_fast.u_ts.\u_t.$or$/tmp/opentallas-qrom-source-context-next-20261002/rtl/hdc/ot_qwen_w12_matvec.sv:1265$5559 ($or).
Removed top 1 bits (of 38) from port A of cell lockstep.$flatten\tile.\g_issue_fast.u_ts.\u_t.$or$/tmp/opentallas-qrom-source-context-next-20261002/rtl/hdc/ot_qwen_w12_matvec.sv:1265$5559 ($or).
Removed top 1 bits (of 38) from port B of cell lockstep.$flatten\tile.\g_issue_fast.u_ts.\u_t.$or$/tmp/opentallas-qrom-source-context-next-20261002/rtl/hdc/ot_qwen_w12_matvec.sv:1265$5559 ($or).
Removed top 1 bits (of 38) from port Y of cell lockstep.$flatten\tile.\g_issue_fast.u_ts.\u_t.$and$/tmp/opentallas-qrom-source-context-next-20261002/rtl/hdc/ot_qwen_w12_matvec.sv:1265$5558 ($and).
Removed top 1 bits (of 38) from port A of cell lockstep.$flatten\tile.\g_issue_fast.u_ts.\u_t.$and$/tmp/opentallas-qrom-source-context-next-20261002/rtl/hdc/ot_qwen_w12_matvec.sv:1265$5558 ($and).
Removed top 1 bits (of 38) from port B of cell lockstep.$flatten\tile.\g_issue_fast.u_ts.\u_t.$and$/tmp/opentallas-qrom-source-context-next-20261002/rtl/hdc/ot_qwen_w12_matvec.sv:1265$5558 ($and).
Removed top 1 bits (of 38) from port Y of cell lockstep.$flatten\tile.\g_issue_fast.u_ts.\u_t.$or$/tmp/opentallas-qrom-source-context-next-20261002/rtl/hdc/ot_qwen_w12_matvec.sv:1265$5557 ($or).
Removed top 1 bits (of 38) from port A of cell lockstep.$flatten\tile.\g_issue_fast.u_ts.\u_t.$or$/tmp/opentallas-qrom-source-context-next-20261002/rtl/hdc/ot_qwen_w12_matvec.sv:1265$5557 ($or).
Removed top 1 bits (of 38) from port B of cell lockstep.$flatten\tile.\g_issue_fast.u_ts.\u_t.$or$/tmp/opentallas-qrom-source-context-next-20261002/rtl/hdc/ot_qwen_w12_matvec.sv:1265$5557 ($or).
Removed top 1 bits (of 38) from port Y of cell lockstep.$flatten\tile.\g_issue_fast.u_ts.\u_t.$and$/tmp/opentallas-qrom-source-context-next-20261002/rtl/hdc/ot_qwen_w12_matvec.sv:1265$5556 ($and).
Removed top 1 bits (of 38) from port A of cell lockstep.$flatten\tile.\g_issue_fast.u_ts.\u_t.$and$/tmp/opentallas-qrom-source-context-next-20261002/rtl/hdc/ot_qwen_w12_matvec.sv:1265$5556 ($and).
Removed top 1 bits (of 38) from port B of cell lockstep.$flatten\tile.\g_issue_fast.u_ts.\u_t.$and$/tmp/opentallas-qrom-source-context-next-20261002/rtl/hdc/ot_qwen_w12_matvec.sv:1265$5556 ($and).
Removed top 1 bits (of 38) from port Y of cell lockstep.$flatten\tile.\g_issue_fast.u_ts.\u_t.$and$/tmp/opentallas-qrom-source-context-next-20261002/rtl/hdc/ot_qwen_w12_matvec.sv:1265$5555 ($and).
Removed top 1 bits (of 38) from port A of cell lockstep.$flatten\tile.\g_issue_fast.u_ts.\u_t.$and$/tmp/opentallas-qrom-source-context-next-20261002/rtl/hdc/ot_qwen_w12_matvec.sv:1265$5555 ($and).
Removed top 1 bits (of 38) from port B of cell lockstep.$flatten\tile.\g_issue_fast.u_ts.\u_t.$and$/tmp/opentallas-qrom-source-context-next-20261002/rtl/hdc/ot_qwen_w12_matvec.sv:1265$5555 ($and).
Removed top 1 bits (of 38) from port Y of cell lockstep.$flatten\tile.\g_issue_fast.u_ts.\u_t.$or$/tmp/opentallas-qrom-source-context-next-20261002/rtl/hdc/ot_qwen_w12_matvec.sv:1265$5631 ($or).
Removed top 1 bits (of 38) from port A of cell lockstep.$flatten\tile.\g_issue_fast.u_ts.\u_t.$or$/tmp/opentallas-qrom-source-context-next-20261002/rtl/hdc/ot_qwen_w12_matvec.sv:1265$5631 ($or).
Removed top 1 bits (of 38) from port B of cell lockstep.$flatten\tile.\g_issue_fast.u_ts.\u_t.$or$/tmp/opentallas-qrom-source-context-next-20261002/rtl/hdc/ot_qwen_w12_matvec.sv:1265$5631 ($or).
Removed top 1 bits (of 38) from port Y of cell lockstep.$flatten\tile.\g_issue_fast.u_ts.\u_t.$or$/tmp/opentallas-qrom-source-context-next-20261002/rtl/hdc/ot_qwen_w12_matvec.sv:1265$5551 ($or).
Removed top 1 bits (of 38) from port A of cell lockstep.$flatten\tile.\g_issue_fast.u_ts.\u_t.$or$/tmp/opentallas-qrom-source-context-next-20261002/rtl/hdc/ot_qwen_w12_matvec.sv:1265$5551 ($or).
Removed top 1 bits (of 38) from port B of cell lockstep.$flatten\tile.\g_issue_fast.u_ts.\u_t.$or$/tmp/opentallas-qrom-source-context-next-20261002/rtl/hdc/ot_qwen_w12_matvec.sv:1265$5551 ($or).
Removed top 1 bits (of 38) from port Y of cell lockstep.$flatten\tile.\g_issue_fast.u_ts.\u_t.$and$/tmp/opentallas-qrom-source-context-next-20261002/rtl/hdc/ot_qwen_w12_matvec.sv:1265$5550 ($and).
Removed top 1 bits (of 38) from port A of cell lockstep.$flatten\tile.\g_issue_fast.u_ts.\u_t.$and$/tmp/opentallas-qrom-source-context-next-20261002/rtl/hdc/ot_qwen_w12_matvec.sv:1265$5550 ($and).
Removed top 1 bits (of 38) from port B of cell lockstep.$flatten\tile.\g_issue_fast.u_ts.\u_t.$and$/tmp/opentallas-qrom-source-context-next-20261002/rtl/hdc/ot_qwen_w12_matvec.sv:1265$5550 ($and).
Removed top 1 bits (of 38) from port Y of cell lockstep.$flatten\tile.\g_issue_fast.u_ts.\u_t.$or$/tmp/opentallas-qrom-source-context-next-20261002/rtl/hdc/ot_qwen_w12_matvec.sv:1265$5549 ($or).
Removed top 1 bits (of 38) from port A of cell lockstep.$flatten\tile.\g_issue_fast.u_ts.\u_t.$or$/tmp/opentallas-qrom-source-context-next-20261002/rtl/hdc/ot_qwen_w12_matvec.sv:1265$5549 ($or).
Removed top 1 bits (of 38) from port B of cell lockstep.$flatten\tile.\g_issue_fast.u_ts.\u_t.$or$/tmp/opentallas-qrom-source-context-next-20261002/rtl/hdc/ot_qwen_w12_matvec.sv:1265$5549 ($or).
Removed top 1 bits (of 38) from port Y of cell lockstep.$flatten\tile.\g_issue_fast.u_ts.\u_t.$and$/tmp/opentallas-qrom-source-context-next-20261002/rtl/hdc/ot_qwen_w12_matvec.sv:1265$5548 ($and).
Removed top 1 bits (of 38) from port A of cell lockstep.$flatten\tile.\g_issue_fast.u_ts.\u_t.$and$/tmp/opentallas-qrom-source-context-next-20261002/rtl/hdc/ot_qwen_w12_matvec.sv:1265$5548 ($and).
Removed top 1 bits (of 38) from port B of cell lockstep.$flatten\tile.\g_issue_fast.u_ts.\u_t.$and$/tmp/opentallas-qrom-source-context-next-20261002/rtl/hdc/ot_qwen_w12_matvec.sv:1265$5548 ($and).
Removed top 1 bits (of 38) from port Y of cell lockstep.$flatten\tile.\g_issue_fast.u_ts.\u_t.$and$/tmp/opentallas-qrom-source-context-next-20261002/rtl/hdc/ot_qwen_w12_matvec.sv:1265$5547 ($and).
Removed top 1 bits (of 38) from port A of cell lockstep.$flatten\tile.\g_issue_fast.u_ts.\u_t.$and$/tmp/opentallas-qrom-source-context-next-20261002/rtl/hdc/ot_qwen_w12_matvec.sv:1265$5547 ($and).
Removed top 1 bits (of 38) from port B of cell lockstep.$flatten\tile.\g_issue_fast.u_ts.\u_t.$and$/tmp/opentallas-qrom-source-context-next-20261002/rtl/hdc/ot_qwen_w12_matvec.sv:1265$5547 ($and).
Removed top 1 bits (of 38) from port Y of cell lockstep.$flatten\tile.\g_issue_fast.u_ts.\u_t.$or$/tmp/opentallas-qrom-source-context-next-20261002/rtl/hdc/ot_qwen_w12_matvec.sv:1265$5621 ($or).
Removed top 1 bits (of 38) from port A of cell lockstep.$flatten\tile.\g_issue_fast.u_ts.\u_t.$or$/tmp/opentallas-qrom-source-context-next-20261002/rtl/hdc/ot_qwen_w12_matvec.sv:1265$5621 ($or).
Removed top 1 bits (of 38) from port B of cell lockstep.$flatten\tile.\g_issue_fast.u_ts.\u_t.$or$/tmp/opentallas-qrom-source-context-next-20261002/rtl/hdc/ot_qwen_w12_matvec.sv:1265$5621 ($or).
Removed top 1 bits (of 38) from port Y of cell lockstep.$flatten\tile.\g_issue_fast.u_ts.\u_t.$or$/tmp/opentallas-qrom-source-context-next-20261002/rtl/hdc/ot_qwen_w12_matvec.sv:1265$5543 ($or).
Removed top 1 bits (of 38) from port A of cell lockstep.$flatten\tile.\g_issue_fast.u_ts.\u_t.$or$/tmp/opentallas-qrom-source-context-next-20261002/rtl/hdc/ot_qwen_w12_matvec.sv:1265$5543 ($or).
Removed top 1 bits (of 38) from port B of cell lockstep.$flatten\tile.\g_issue_fast.u_ts.\u_t.$or$/tmp/opentallas-qrom-source-context-next-20261002/rtl/hdc/ot_qwen_w12_matvec.sv:1265$5543 ($or).
Removed top 1 bits (of 38) from port Y of cell lockstep.$flatten\tile.\g_issue_fast.u_ts.\u_t.$and$/tmp/opentallas-qrom-source-context-next-20261002/rtl/hdc/ot_qwen_w12_matvec.sv:1265$5542 ($and).
Removed top 1 bits (of 38) from port A of cell lockstep.$flatten\tile.\g_issue_fast.u_ts.\u_t.$and$/tmp/opentallas-qrom-source-context-next-20261002/rtl/hdc/ot_qwen_w12_matvec.sv:1265$5542 ($and).
Removed top 1 bits (of 38) from port B of cell lockstep.$flatten\tile.\g_issue_fast.u_ts.\u_t.$and$/tmp/opentallas-qrom-source-context-next-20261002/rtl/hdc/ot_qwen_w12_matvec.sv:1265$5542 ($and).
Removed top 1 bits (of 38) from port Y of cell lockstep.$flatten\tile.\g_issue_fast.u_ts.\u_t.$or$/tmp/opentallas-qrom-source-context-next-20261002/rtl/hdc/ot_qwen_w12_matvec.sv:1265$5541 ($or).
Removed top 1 bits (of 38) from port A of cell lockstep.$flatten\tile.\g_issue_fast.u_ts.\u_t.$or$/tmp/opentallas-qrom-source-context-next-20261002/rtl/hdc/ot_qwen_w12_matvec.sv:1265$5541 ($or).
Removed top 1 bits (of 38) from port B of cell lockstep.$flatten\tile.\g_issue_fast.u_ts.\u_t.$or$/tmp/opentallas-qrom-source-context-next-20261002/rtl/hdc/ot_qwen_w12_matvec.sv:1265$5541 ($or).
Removed top 1 bits (of 38) from port Y of cell lockstep.$flatten\tile.\g_issue_fast.u_ts.\u_t.$and$/tmp/opentallas-qrom-source-context-next-20261002/rtl/hdc/ot_qwen_w12_matvec.sv:1265$5540 ($and).
Removed top 1 bits (of 38) from port A of cell lockstep.$flatten\tile.\g_issue_fast.u_ts.\u_t.$and$/tmp/opentallas-qrom-source-context-next-20261002/rtl/hdc/ot_qwen_w12_matvec.sv:1265$5540 ($and).
Removed top 1 bits (of 38) from port B of cell lockstep.$flatten\tile.\g_issue_fast.u_ts.\u_t.$and$/tmp/opentallas-qrom-source-context-next-20261002/rtl/hdc/ot_qwen_w12_matvec.sv:1265$5540 ($and).
Removed top 1 bits (of 38) from port Y of cell lockstep.$flatten\tile.\g_issue_fast.u_ts.\u_t.$and$/tmp/opentallas-qrom-source-context-next-20261002/rtl/hdc/ot_qwen_w12_matvec.sv:1265$5539 ($and).
Removed top 1 bits (of 38) from port A of cell lockstep.$flatten\tile.\g_issue_fast.u_ts.\u_t.$and$/tmp/opentallas-qrom-source-context-next-20261002/rtl/hdc/ot_qwen_w12_matvec.sv:1265$5539 ($and).
Removed top 1 bits (of 38) from port B of cell lockstep.$flatten\tile.\g_issue_fast.u_ts.\u_t.$and$/tmp/opentallas-qrom-source-context-next-20261002/rtl/hdc/ot_qwen_w12_matvec.sv:1265$5539 ($and).
Removed top 1 bits (of 19) from FF cell lockstep.$flatten\tile.$procdff$7839 ($dff).
Removed top 14 bits (of 38) from FF cell lockstep.$flatten\tile.$procdff$7836 ($dff).
Removed top 14 bits (of 38) from FF cell lockstep.$flatten\tile.$procdff$7835 ($dff).
Removed top 17 bits (of 18) from port B of cell lockstep.$flatten\tile.$eq$/tmp/qrom-issue-lockstep-760a-r2/literal.sv:177$4882 ($eq).
Removed top 17 bits (of 18) from port B of cell lockstep.$flatten\tile.$eq$/tmp/qrom-issue-lockstep-760a-r2/literal.sv:157$4871 ($eq).
Removed top 29 bits (of 32) from port B of cell lockstep.$flatten\tile.$lt$/tmp/qrom-issue-lockstep-760a-r2/literal.sv:148$4869 ($lt).
Removed top 17 bits (of 18) from port B of cell lockstep.$flatten\tile.$eq$/tmp/qrom-issue-lockstep-760a-r2/literal.sv:133$4861 ($eq).
Removed top 14 bits (of 32) from port A of cell lockstep.$flatten\tile.$le$/tmp/qrom-issue-lockstep-760a-r2/literal.sv:133$4860 ($le).
Removed top 31 bits (of 32) from port A of cell lockstep.$flatten\tile.$shl$/tmp/qrom-issue-lockstep-760a-r2/literal.sv:133$4859 ($shl).
Removed top 27 bits (of 32) from port B of cell lockstep.$flatten\tile.$mul$/tmp/qrom-issue-lockstep-760a-r2/literal.sv:111$4858 ($mul).
Removed top 13 bits (of 32) from port Y of cell lockstep.$flatten\tile.$mul$/tmp/qrom-issue-lockstep-760a-r2/literal.sv:111$4858 ($mul).
Removed top 24 bits (of 32) from port B of cell lockstep.$flatten\tile.$mul$/tmp/qrom-issue-lockstep-760a-r2/literal.sv:110$4857 ($mul).
Removed top 13 bits (of 32) from port Y of cell lockstep.$flatten\tile.$mul$/tmp/qrom-issue-lockstep-760a-r2/literal.sv:110$4857 ($mul).
Removed top 14 bits (of 32) from port A of cell lockstep.$flatten\tile.$add$/tmp/qrom-issue-lockstep-760a-r2/literal.sv:94$4851 ($add).
Removed top 14 bits (of 32) from port Y of cell lockstep.$flatten\tile.$add$/tmp/qrom-issue-lockstep-760a-r2/literal.sv:94$4851 ($add).
Removed top 14 bits (of 32) from port B of cell lockstep.$flatten\tile.$add$/tmp/qrom-issue-lockstep-760a-r2/literal.sv:94$4851 ($add).
Removed top 31 bits (of 32) from port B of cell lockstep.$flatten\tile.$sub$/tmp/qrom-issue-lockstep-760a-r2/literal.sv:94$4850 ($sub).
Removed top 14 bits (of 32) from port Y of cell lockstep.$flatten\tile.$sub$/tmp/qrom-issue-lockstep-760a-r2/literal.sv:94$4850 ($sub).
Removed top 14 bits (of 32) from port A of cell lockstep.$flatten\tile.$sub$/tmp/qrom-issue-lockstep-760a-r2/literal.sv:94$4850 ($sub).
Removed top 31 bits (of 32) from port A of cell lockstep.$flatten\tile.$shl$/tmp/qrom-issue-lockstep-760a-r2/literal.sv:94$4849 ($shl).
Removed top 14 bits (of 32) from port Y of cell lockstep.$flatten\tile.$shl$/tmp/qrom-issue-lockstep-760a-r2/literal.sv:94$4849 ($shl).
Removed top 18 bits (of 32) from port A of cell lockstep.$flatten\tile.$shr$/tmp/qrom-issue-lockstep-760a-r2/literal.sv:93$4848 ($shr).
Removed top 14 bits (of 38) from port A of cell lockstep.$flatten\tile.$shl$/tmp/qrom-issue-lockstep-760a-r2/literal.sv:91$4836 ($shl).
Removed top 28 bits (of 32) from port A of cell lockstep.$flatten\tile.$sub$/tmp/qrom-issue-lockstep-760a-r2/literal.sv:91$4835 ($sub).
Removed top 27 bits (of 32) from port Y of cell lockstep.$flatten\tile.$sub$/tmp/qrom-issue-lockstep-760a-r2/literal.sv:91$4835 ($sub).
Removed top 28 bits (of 32) from port A of cell lockstep.$flatten\tile.$ge$/tmp/qrom-issue-lockstep-760a-r2/literal.sv:91$4833 ($ge).
Removed top 14 bits (of 38) from port A of cell lockstep.$flatten\tile.$shl$/tmp/qrom-issue-lockstep-760a-r2/literal.sv:90$4831 ($shl).
Removed top 14 bits (of 38) from port A of cell lockstep.$flatten\tile.$shl$/tmp/qrom-issue-lockstep-760a-r2/literal.sv:91$4826 ($shl).
Removed top 28 bits (of 32) from port A of cell lockstep.$flatten\tile.$sub$/tmp/qrom-issue-lockstep-760a-r2/literal.sv:91$4825 ($sub).
Removed top 27 bits (of 32) from port Y of cell lockstep.$flatten\tile.$sub$/tmp/qrom-issue-lockstep-760a-r2/literal.sv:91$4825 ($sub).
Removed top 14 bits (of 38) from port A of cell lockstep.$flatten\tile.$shl$/tmp/qrom-issue-lockstep-760a-r2/literal.sv:90$4821 ($shl).
Removed top 28 bits (of 32) from port A of cell lockstep.$flatten\tile.$ge$/tmp/qrom-issue-lockstep-760a-r2/literal.sv:90$4818 ($ge).
Removed top 1 bits (of 38) from port Y of cell lockstep.$flatten\root.\g_issue_fast.u_os.\u_t.$and$/tmp/opentallas-qrom-source-context-next-20261002/rtl/hdc/ot_qwen_w12_matvec.sv:1265$5620 ($and).
Removed top 1 bits (of 38) from port A of cell lockstep.$flatten\root.\g_issue_fast.u_os.\u_t.$and$/tmp/opentallas-qrom-source-context-next-20261002/rtl/hdc/ot_qwen_w12_matvec.sv:1265$5620 ($and).
Removed top 1 bits (of 38) from port B of cell lockstep.$flatten\root.\g_issue_fast.u_os.\u_t.$and$/tmp/opentallas-qrom-source-context-next-20261002/rtl/hdc/ot_qwen_w12_matvec.sv:1265$5620 ($and).
Removed top 1 bits (of 38) from port Y of cell lockstep.$flatten\root.\g_issue_fast.u_os.\u_t.$and$/tmp/opentallas-qrom-source-context-next-20261002/rtl/hdc/ot_qwen_w12_matvec.sv:1265$5619 ($and).
Removed top 1 bits (of 38) from port A of cell lockstep.$flatten\root.\g_issue_fast.u_os.\u_t.$and$/tmp/opentallas-qrom-source-context-next-20261002/rtl/hdc/ot_qwen_w12_matvec.sv:1265$5619 ($and).
Removed top 1 bits (of 38) from port B of cell lockstep.$flatten\root.\g_issue_fast.u_os.\u_t.$and$/tmp/opentallas-qrom-source-context-next-20261002/rtl/hdc/ot_qwen_w12_matvec.sv:1265$5619 ($and).
Removed top 1 bits (of 38) from port Y of cell lockstep.$flatten\root.\g_issue_fast.u_os.\u_t.$or$/tmp/opentallas-qrom-source-context-next-20261002/rtl/hdc/ot_qwen_w12_matvec.sv:1265$5629 ($or).
Removed top 1 bits (of 38) from port A of cell lockstep.$flatten\root.\g_issue_fast.u_os.\u_t.$or$/tmp/opentallas-qrom-source-context-next-20261002/rtl/hdc/ot_qwen_w12_matvec.sv:1265$5629 ($or).
Removed top 1 bits (of 38) from port B of cell lockstep.$flatten\root.\g_issue_fast.u_os.\u_t.$or$/tmp/opentallas-qrom-source-context-next-20261002/rtl/hdc/ot_qwen_w12_matvec.sv:1265$5629 ($or).
Removed top 1 bits (of 38) from port Y of cell lockstep.$flatten\root.\g_issue_fast.u_os.\u_t.$and$/tmp/opentallas-qrom-source-context-next-20261002/rtl/hdc/ot_qwen_w12_matvec.sv:1265$5630 ($and).
Removed top 1 bits (of 38) from port A of cell lockstep.$flatten\root.\g_issue_fast.u_os.\u_t.$and$/tmp/opentallas-qrom-source-context-next-20261002/rtl/hdc/ot_qwen_w12_matvec.sv:1265$5630 ($and).
Removed top 1 bits (of 38) from port B of cell lockstep.$flatten\root.\g_issue_fast.u_os.\u_t.$and$/tmp/opentallas-qrom-source-context-next-20261002/rtl/hdc/ot_qwen_w12_matvec.sv:1265$5630 ($and).
Removed top 14 bits (of 38) from port Y of cell lockstep.$flatten\root.\g_issue_fast.u_os.\u_a.\u.$xor$/tmp/opentallas-qrom-source-context-next-20261002/rtl/hdc/ot_qwen_w12_arith.sv:32$5634 ($xor).
Removed top 14 bits (of 38) from port A of cell lockstep.$flatten\root.\g_issue_fast.u_os.\u_a.\u.$xor$/tmp/opentallas-qrom-source-context-next-20261002/rtl/hdc/ot_qwen_w12_arith.sv:32$5634 ($xor).
Removed top 14 bits (of 38) from port B of cell lockstep.$flatten\root.\g_issue_fast.u_os.\u_a.\u.$xor$/tmp/opentallas-qrom-source-context-next-20261002/rtl/hdc/ot_qwen_w12_arith.sv:32$5634 ($xor).
Removed top 1 bits (of 38) from port Y of cell lockstep.$flatten\root.\g_issue_fast.u_ts.\u_t.$and$/tmp/opentallas-qrom-source-context-next-20261002/rtl/hdc/ot_qwen_w12_matvec.sv:1265$5620 ($and).
Removed top 1 bits (of 38) from port A of cell lockstep.$flatten\root.\g_issue_fast.u_ts.\u_t.$and$/tmp/opentallas-qrom-source-context-next-20261002/rtl/hdc/ot_qwen_w12_matvec.sv:1265$5620 ($and).
Removed top 1 bits (of 38) from port B of cell lockstep.$flatten\root.\g_issue_fast.u_ts.\u_t.$and$/tmp/opentallas-qrom-source-context-next-20261002/rtl/hdc/ot_qwen_w12_matvec.sv:1265$5620 ($and).
Removed top 1 bits (of 38) from port Y of cell lockstep.$flatten\root.\g_issue_fast.u_ts.\u_t.$and$/tmp/opentallas-qrom-source-context-next-20261002/rtl/hdc/ot_qwen_w12_matvec.sv:1265$5619 ($and).
Removed top 1 bits (of 38) from port A of cell lockstep.$flatten\root.\g_issue_fast.u_ts.\u_t.$and$/tmp/opentallas-qrom-source-context-next-20261002/rtl/hdc/ot_qwen_w12_matvec.sv:1265$5619 ($and).
Removed top 1 bits (of 38) from port B of cell lockstep.$flatten\root.\g_issue_fast.u_ts.\u_t.$and$/tmp/opentallas-qrom-source-context-next-20261002/rtl/hdc/ot_qwen_w12_matvec.sv:1265$5619 ($and).
Removed top 1 bits (of 38) from port Y of cell lockstep.$flatten\root.\g_issue_fast.u_ts.\u_t.$or$/tmp/opentallas-qrom-source-context-next-20261002/rtl/hdc/ot_qwen_w12_matvec.sv:1265$5629 ($or).
Removed top 1 bits (of 38) from port A of cell lockstep.$flatten\root.\g_issue_fast.u_ts.\u_t.$or$/tmp/opentallas-qrom-source-context-next-20261002/rtl/hdc/ot_qwen_w12_matvec.sv:1265$5629 ($or).
Removed top 1 bits (of 38) from port B of cell lockstep.$flatten\root.\g_issue_fast.u_ts.\u_t.$or$/tmp/opentallas-qrom-source-context-next-20261002/rtl/hdc/ot_qwen_w12_matvec.sv:1265$5629 ($or).
Removed top 1 bits (of 38) from port Y of cell lockstep.$flatten\root.\g_issue_fast.u_ts.\u_t.$and$/tmp/opentallas-qrom-source-context-next-20261002/rtl/hdc/ot_qwen_w12_matvec.sv:1265$5630 ($and).
Removed top 1 bits (of 38) from port A of cell lockstep.$flatten\root.\g_issue_fast.u_ts.\u_t.$and$/tmp/opentallas-qrom-source-context-next-20261002/rtl/hdc/ot_qwen_w12_matvec.sv:1265$5630 ($and).
Removed top 1 bits (of 38) from port B of cell lockstep.$flatten\root.\g_issue_fast.u_ts.\u_t.$and$/tmp/opentallas-qrom-source-context-next-20261002/rtl/hdc/ot_qwen_w12_matvec.sv:1265$5630 ($and).
Removed top 14 bits (of 38) from port Y of cell lockstep.$flatten\root.\g_issue_fast.u_ts.\u_a.\u.$xor$/tmp/opentallas-qrom-source-context-next-20261002/rtl/hdc/ot_qwen_w12_arith.sv:32$5634 ($xor).
Removed top 14 bits (of 38) from port A of cell lockstep.$flatten\root.\g_issue_fast.u_ts.\u_a.\u.$xor$/tmp/opentallas-qrom-source-context-next-20261002/rtl/hdc/ot_qwen_w12_arith.sv:32$5634 ($xor).
Removed top 14 bits (of 38) from port B of cell lockstep.$flatten\root.\g_issue_fast.u_ts.\u_a.\u.$xor$/tmp/opentallas-qrom-source-context-next-20261002/rtl/hdc/ot_qwen_w12_arith.sv:32$5634 ($xor).
Removed top 1 bits (of 38) from port Y of cell lockstep.$flatten\tile.\g_issue_fast.u_os.\u_t.$and$/tmp/opentallas-qrom-source-context-next-20261002/rtl/hdc/ot_qwen_w12_matvec.sv:1265$5620 ($and).
Removed top 1 bits (of 38) from port A of cell lockstep.$flatten\tile.\g_issue_fast.u_os.\u_t.$and$/tmp/opentallas-qrom-source-context-next-20261002/rtl/hdc/ot_qwen_w12_matvec.sv:1265$5620 ($and).
Removed top 1 bits (of 38) from port B of cell lockstep.$flatten\tile.\g_issue_fast.u_os.\u_t.$and$/tmp/opentallas-qrom-source-context-next-20261002/rtl/hdc/ot_qwen_w12_matvec.sv:1265$5620 ($and).
Removed top 1 bits (of 38) from port Y of cell lockstep.$flatten\tile.\g_issue_fast.u_os.\u_t.$and$/tmp/opentallas-qrom-source-context-next-20261002/rtl/hdc/ot_qwen_w12_matvec.sv:1265$5619 ($and).
Removed top 1 bits (of 38) from port A of cell lockstep.$flatten\tile.\g_issue_fast.u_os.\u_t.$and$/tmp/opentallas-qrom-source-context-next-20261002/rtl/hdc/ot_qwen_w12_matvec.sv:1265$5619 ($and).
Removed top 1 bits (of 38) from port B of cell lockstep.$flatten\tile.\g_issue_fast.u_os.\u_t.$and$/tmp/opentallas-qrom-source-context-next-20261002/rtl/hdc/ot_qwen_w12_matvec.sv:1265$5619 ($and).
Removed top 1 bits (of 38) from port Y of cell lockstep.$flatten\tile.\g_issue_fast.u_os.\u_t.$or$/tmp/opentallas-qrom-source-context-next-20261002/rtl/hdc/ot_qwen_w12_matvec.sv:1265$5629 ($or).
Removed top 1 bits (of 38) from port A of cell lockstep.$flatten\tile.\g_issue_fast.u_os.\u_t.$or$/tmp/opentallas-qrom-source-context-next-20261002/rtl/hdc/ot_qwen_w12_matvec.sv:1265$5629 ($or).
Removed top 1 bits (of 38) from port B of cell lockstep.$flatten\tile.\g_issue_fast.u_os.\u_t.$or$/tmp/opentallas-qrom-source-context-next-20261002/rtl/hdc/ot_qwen_w12_matvec.sv:1265$5629 ($or).
Removed top 1 bits (of 38) from port Y of cell lockstep.$flatten\tile.\g_issue_fast.u_os.\u_t.$and$/tmp/opentallas-qrom-source-context-next-20261002/rtl/hdc/ot_qwen_w12_matvec.sv:1265$5630 ($and).
Removed top 1 bits (of 38) from port A of cell lockstep.$flatten\tile.\g_issue_fast.u_os.\u_t.$and$/tmp/opentallas-qrom-source-context-next-20261002/rtl/hdc/ot_qwen_w12_matvec.sv:1265$5630 ($and).
Removed top 1 bits (of 38) from port B of cell lockstep.$flatten\tile.\g_issue_fast.u_os.\u_t.$and$/tmp/opentallas-qrom-source-context-next-20261002/rtl/hdc/ot_qwen_w12_matvec.sv:1265$5630 ($and).
Removed top 14 bits (of 38) from port Y of cell lockstep.$flatten\tile.\g_issue_fast.u_os.\u_a.\u.$xor$/tmp/opentallas-qrom-source-context-next-20261002/rtl/hdc/ot_qwen_w12_arith.sv:32$5634 ($xor).
Removed top 14 bits (of 38) from port A of cell lockstep.$flatten\tile.\g_issue_fast.u_os.\u_a.\u.$xor$/tmp/opentallas-qrom-source-context-next-20261002/rtl/hdc/ot_qwen_w12_arith.sv:32$5634 ($xor).
Removed top 14 bits (of 38) from port B of cell lockstep.$flatten\tile.\g_issue_fast.u_os.\u_a.\u.$xor$/tmp/opentallas-qrom-source-context-next-20261002/rtl/hdc/ot_qwen_w12_arith.sv:32$5634 ($xor).
Removed top 1 bits (of 38) from port Y of cell lockstep.$flatten\tile.\g_issue_fast.u_ts.\u_t.$and$/tmp/opentallas-qrom-source-context-next-20261002/rtl/hdc/ot_qwen_w12_matvec.sv:1265$5620 ($and).
Removed top 1 bits (of 38) from port A of cell lockstep.$flatten\tile.\g_issue_fast.u_ts.\u_t.$and$/tmp/opentallas-qrom-source-context-next-20261002/rtl/hdc/ot_qwen_w12_matvec.sv:1265$5620 ($and).
Removed top 1 bits (of 38) from port B of cell lockstep.$flatten\tile.\g_issue_fast.u_ts.\u_t.$and$/tmp/opentallas-qrom-source-context-next-20261002/rtl/hdc/ot_qwen_w12_matvec.sv:1265$5620 ($and).
Removed top 1 bits (of 38) from port Y of cell lockstep.$flatten\tile.\g_issue_fast.u_ts.\u_t.$and$/tmp/opentallas-qrom-source-context-next-20261002/rtl/hdc/ot_qwen_w12_matvec.sv:1265$5619 ($and).
Removed top 1 bits (of 38) from port A of cell lockstep.$flatten\tile.\g_issue_fast.u_ts.\u_t.$and$/tmp/opentallas-qrom-source-context-next-20261002/rtl/hdc/ot_qwen_w12_matvec.sv:1265$5619 ($and).
Removed top 1 bits (of 38) from port B of cell lockstep.$flatten\tile.\g_issue_fast.u_ts.\u_t.$and$/tmp/opentallas-qrom-source-context-next-20261002/rtl/hdc/ot_qwen_w12_matvec.sv:1265$5619 ($and).
Removed top 1 bits (of 38) from port Y of cell lockstep.$flatten\tile.\g_issue_fast.u_ts.\u_t.$or$/tmp/opentallas-qrom-source-context-next-20261002/rtl/hdc/ot_qwen_w12_matvec.sv:1265$5629 ($or).
Removed top 1 bits (of 38) from port A of cell lockstep.$flatten\tile.\g_issue_fast.u_ts.\u_t.$or$/tmp/opentallas-qrom-source-context-next-20261002/rtl/hdc/ot_qwen_w12_matvec.sv:1265$5629 ($or).
Removed top 1 bits (of 38) from port B of cell lockstep.$flatten\tile.\g_issue_fast.u_ts.\u_t.$or$/tmp/opentallas-qrom-source-context-next-20261002/rtl/hdc/ot_qwen_w12_matvec.sv:1265$5629 ($or).
Removed top 1 bits (of 38) from port Y of cell lockstep.$flatten\tile.\g_issue_fast.u_ts.\u_t.$and$/tmp/opentallas-qrom-source-context-next-20261002/rtl/hdc/ot_qwen_w12_matvec.sv:1265$5630 ($and).
Removed top 1 bits (of 38) from port A of cell lockstep.$flatten\tile.\g_issue_fast.u_ts.\u_t.$and$/tmp/opentallas-qrom-source-context-next-20261002/rtl/hdc/ot_qwen_w12_matvec.sv:1265$5630 ($and).
Removed top 1 bits (of 38) from port B of cell lockstep.$flatten\tile.\g_issue_fast.u_ts.\u_t.$and$/tmp/opentallas-qrom-source-context-next-20261002/rtl/hdc/ot_qwen_w12_matvec.sv:1265$5630 ($and).
Removed top 14 bits (of 38) from port Y of cell lockstep.$flatten\tile.\g_issue_fast.u_ts.\u_a.\u.$xor$/tmp/opentallas-qrom-source-context-next-20261002/rtl/hdc/ot_qwen_w12_arith.sv:32$5634 ($xor).
Removed top 14 bits (of 38) from port A of cell lockstep.$flatten\tile.\g_issue_fast.u_ts.\u_a.\u.$xor$/tmp/opentallas-qrom-source-context-next-20261002/rtl/hdc/ot_qwen_w12_arith.sv:32$5634 ($xor).
Removed top 14 bits (of 38) from port B of cell lockstep.$flatten\tile.\g_issue_fast.u_ts.\u_a.\u.$xor$/tmp/opentallas-qrom-source-context-next-20261002/rtl/hdc/ot_qwen_w12_arith.sv:32$5634 ($xor).
Removed top 1 bits (of 38) from port Y of cell lockstep.$flatten\root.\g_issue_fast.u_os.\u_t.$and$/tmp/opentallas-qrom-source-context-next-20261002/rtl/hdc/ot_qwen_w12_matvec.sv:1265$5627 ($and).
Removed top 1 bits (of 38) from port A of cell lockstep.$flatten\root.\g_issue_fast.u_os.\u_t.$and$/tmp/opentallas-qrom-source-context-next-20261002/rtl/hdc/ot_qwen_w12_matvec.sv:1265$5627 ($and).
Removed top 1 bits (of 38) from port B of cell lockstep.$flatten\root.\g_issue_fast.u_os.\u_t.$and$/tmp/opentallas-qrom-source-context-next-20261002/rtl/hdc/ot_qwen_w12_matvec.sv:1265$5627 ($and).
Removed top 1 bits (of 38) from port Y of cell lockstep.$flatten\root.\g_issue_fast.u_os.\u_t.$and$/tmp/opentallas-qrom-source-context-next-20261002/rtl/hdc/ot_qwen_w12_matvec.sv:1265$5628 ($and).
Removed top 1 bits (of 38) from port A of cell lockstep.$flatten\root.\g_issue_fast.u_os.\u_t.$and$/tmp/opentallas-qrom-source-context-next-20261002/rtl/hdc/ot_qwen_w12_matvec.sv:1265$5628 ($and).
Removed top 1 bits (of 38) from port B of cell lockstep.$flatten\root.\g_issue_fast.u_os.\u_t.$and$/tmp/opentallas-qrom-source-context-next-20261002/rtl/hdc/ot_qwen_w12_matvec.sv:1265$5628 ($and).
Removed top 1 bits (of 38) from port Y of cell lockstep.$flatten\root.\g_issue_fast.u_ts.\u_t.$and$/tmp/opentallas-qrom-source-context-next-20261002/rtl/hdc/ot_qwen_w12_matvec.sv:1265$5627 ($and).
Removed top 1 bits (of 38) from port A of cell lockstep.$flatten\root.\g_issue_fast.u_ts.\u_t.$and$/tmp/opentallas-qrom-source-context-next-20261002/rtl/hdc/ot_qwen_w12_matvec.sv:1265$5627 ($and).
Removed top 1 bits (of 38) from port B of cell lockstep.$flatten\root.\g_issue_fast.u_ts.\u_t.$and$/tmp/opentallas-qrom-source-context-next-20261002/rtl/hdc/ot_qwen_w12_matvec.sv:1265$5627 ($and).
Removed top 1 bits (of 38) from port Y of cell lockstep.$flatten\root.\g_issue_fast.u_ts.\u_t.$and$/tmp/opentallas-qrom-source-context-next-20261002/rtl/hdc/ot_qwen_w12_matvec.sv:1265$5628 ($and).
Removed top 1 bits (of 38) from port A of cell lockstep.$flatten\root.\g_issue_fast.u_ts.\u_t.$and$/tmp/opentallas-qrom-source-context-next-20261002/rtl/hdc/ot_qwen_w12_matvec.sv:1265$5628 ($and).
Removed top 1 bits (of 38) from port B of cell lockstep.$flatten\root.\g_issue_fast.u_ts.\u_t.$and$/tmp/opentallas-qrom-source-context-next-20261002/rtl/hdc/ot_qwen_w12_matvec.sv:1265$5628 ($and).
Removed top 1 bits (of 38) from port Y of cell lockstep.$flatten\tile.\g_issue_fast.u_os.\u_t.$and$/tmp/opentallas-qrom-source-context-next-20261002/rtl/hdc/ot_qwen_w12_matvec.sv:1265$5627 ($and).
Removed top 1 bits (of 38) from port A of cell lockstep.$flatten\tile.\g_issue_fast.u_os.\u_t.$and$/tmp/opentallas-qrom-source-context-next-20261002/rtl/hdc/ot_qwen_w12_matvec.sv:1265$5627 ($and).
Removed top 1 bits (of 38) from port B of cell lockstep.$flatten\tile.\g_issue_fast.u_os.\u_t.$and$/tmp/opentallas-qrom-source-context-next-20261002/rtl/hdc/ot_qwen_w12_matvec.sv:1265$5627 ($and).
Removed top 1 bits (of 38) from port Y of cell lockstep.$flatten\tile.\g_issue_fast.u_os.\u_t.$and$/tmp/opentallas-qrom-source-context-next-20261002/rtl/hdc/ot_qwen_w12_matvec.sv:1265$5628 ($and).
Removed top 1 bits (of 38) from port A of cell lockstep.$flatten\tile.\g_issue_fast.u_os.\u_t.$and$/tmp/opentallas-qrom-source-context-next-20261002/rtl/hdc/ot_qwen_w12_matvec.sv:1265$5628 ($and).
Removed top 1 bits (of 38) from port B of cell lockstep.$flatten\tile.\g_issue_fast.u_os.\u_t.$and$/tmp/opentallas-qrom-source-context-next-20261002/rtl/hdc/ot_qwen_w12_matvec.sv:1265$5628 ($and).
Removed top 1 bits (of 38) from port Y of cell lockstep.$flatten\tile.\g_issue_fast.u_ts.\u_t.$and$/tmp/opentallas-qrom-source-context-next-20261002/rtl/hdc/ot_qwen_w12_matvec.sv:1265$5627 ($and).
Removed top 1 bits (of 38) from port A of cell lockstep.$flatten\tile.\g_issue_fast.u_ts.\u_t.$and$/tmp/opentallas-qrom-source-context-next-20261002/rtl/hdc/ot_qwen_w12_matvec.sv:1265$5627 ($and).
Removed top 1 bits (of 38) from port B of cell lockstep.$flatten\tile.\g_issue_fast.u_ts.\u_t.$and$/tmp/opentallas-qrom-source-context-next-20261002/rtl/hdc/ot_qwen_w12_matvec.sv:1265$5627 ($and).
Removed top 1 bits (of 38) from port Y of cell lockstep.$flatten\tile.\g_issue_fast.u_ts.\u_t.$and$/tmp/opentallas-qrom-source-context-next-20261002/rtl/hdc/ot_qwen_w12_matvec.sv:1265$5628 ($and).
Removed top 1 bits (of 38) from port A of cell lockstep.$flatten\tile.\g_issue_fast.u_ts.\u_t.$and$/tmp/opentallas-qrom-source-context-next-20261002/rtl/hdc/ot_qwen_w12_matvec.sv:1265$5628 ($and).
Removed top 1 bits (of 38) from port B of cell lockstep.$flatten\tile.\g_issue_fast.u_ts.\u_t.$and$/tmp/opentallas-qrom-source-context-next-20261002/rtl/hdc/ot_qwen_w12_matvec.sv:1265$5628 ($and).
Removed top 14 bits (of 32) from wire lockstep.$flatten\root.$shl$/tmp/qrom-issue-lockstep-760a-r2/literal.sv:94$5031_Y.
Removed top 14 bits (of 32) from wire lockstep.$flatten\root.$sub$/tmp/qrom-issue-lockstep-760a-r2/literal.sv:94$5032_Y.
Removed top 14 bits (of 32) from wire lockstep.$flatten\root.$add$/tmp/qrom-issue-lockstep-760a-r2/literal.sv:94$5033_Y.
Removed top 1 bits (of 38) from wire lockstep.$flatten\root.\g_issue_fast.u_os.\u_t.$and$/tmp/opentallas-qrom-source-context-next-20261002/rtl/hdc/ot_qwen_w12_matvec.sv:1265$5539_Y.
Removed top 1 bits (of 38) from wire lockstep.$flatten\root.\g_issue_fast.u_os.\u_t.$and$/tmp/opentallas-qrom-source-context-next-20261002/rtl/hdc/ot_qwen_w12_matvec.sv:1265$5540_Y.
Removed top 1 bits (of 38) from wire lockstep.$flatten\root.\g_issue_fast.u_os.\u_t.$or$/tmp/opentallas-qrom-source-context-next-20261002/rtl/hdc/ot_qwen_w12_matvec.sv:1265$5541_Y.
Removed top 1 bits (of 38) from wire lockstep.$flatten\root.\g_issue_fast.u_os.\u_t.$and$/tmp/opentallas-qrom-source-context-next-20261002/rtl/hdc/ot_qwen_w12_matvec.sv:1265$5542_Y.
Removed top 1 bits (of 38) from wire lockstep.$flatten\root.\g_issue_fast.u_os.\u_t.$or$/tmp/opentallas-qrom-source-context-next-20261002/rtl/hdc/ot_qwen_w12_matvec.sv:1265$5543_Y.
Removed top 1 bits (of 38) from wire lockstep.$flatten\root.\g_issue_fast.u_os.\u_t.$and$/tmp/opentallas-qrom-source-context-next-20261002/rtl/hdc/ot_qwen_w12_matvec.sv:1265$5547_Y.
Removed top 1 bits (of 38) from wire lockstep.$flatten\root.\g_issue_fast.u_os.\u_t.$and$/tmp/opentallas-qrom-source-context-next-20261002/rtl/hdc/ot_qwen_w12_matvec.sv:1265$5548_Y.
Removed top 1 bits (of 38) from wire lockstep.$flatten\root.\g_issue_fast.u_os.\u_t.$or$/tmp/opentallas-qrom-source-context-next-20261002/rtl/hdc/ot_qwen_w12_matvec.sv:1265$5549_Y.
Removed top 1 bits (of 38) from wire lockstep.$flatten\root.\g_issue_fast.u_os.\u_t.$and$/tmp/opentallas-qrom-source-context-next-20261002/rtl/hdc/ot_qwen_w12_matvec.sv:1265$5550_Y.
Removed top 1 bits (of 38) from wire lockstep.$flatten\root.\g_issue_fast.u_os.\u_t.$or$/tmp/opentallas-qrom-source-context-next-20261002/rtl/hdc/ot_qwen_w12_matvec.sv:1265$5551_Y.
Removed top 1 bits (of 38) from wire lockstep.$flatten\root.\g_issue_fast.u_os.\u_t.$and$/tmp/opentallas-qrom-source-context-next-20261002/rtl/hdc/ot_qwen_w12_matvec.sv:1265$5555_Y.
Removed top 1 bits (of 38) from wire lockstep.$flatten\root.\g_issue_fast.u_os.\u_t.$and$/tmp/opentallas-qrom-source-context-next-20261002/rtl/hdc/ot_qwen_w12_matvec.sv:1265$5556_Y.
Removed top 1 bits (of 38) from wire lockstep.$flatten\root.\g_issue_fast.u_os.\u_t.$or$/tmp/opentallas-qrom-source-context-next-20261002/rtl/hdc/ot_qwen_w12_matvec.sv:1265$5557_Y.
Removed top 1 bits (of 38) from wire lockstep.$flatten\root.\g_issue_fast.u_os.\u_t.$and$/tmp/opentallas-qrom-source-context-next-20261002/rtl/hdc/ot_qwen_w12_matvec.sv:1265$5558_Y.
Removed top 1 bits (of 38) from wire lockstep.$flatten\root.\g_issue_fast.u_os.\u_t.$or$/tmp/opentallas-qrom-source-context-next-20261002/rtl/hdc/ot_qwen_w12_matvec.sv:1265$5559_Y.
Removed top 1 bits (of 38) from wire lockstep.$flatten\root.\g_issue_fast.u_os.\u_t.$and$/tmp/opentallas-qrom-source-context-next-20261002/rtl/hdc/ot_qwen_w12_matvec.sv:1265$5563_Y.
Removed top 1 bits (of 38) from wire lockstep.$flatten\root.\g_issue_fast.u_os.\u_t.$and$/tmp/opentallas-qrom-source-context-next-20261002/rtl/hdc/ot_qwen_w12_matvec.sv:1265$5564_Y.
Removed top 1 bits (of 38) from wire lockstep.$flatten\root.\g_issue_fast.u_os.\u_t.$or$/tmp/opentallas-qrom-source-context-next-20261002/rtl/hdc/ot_qwen_w12_matvec.sv:1265$5565_Y.
Removed top 1 bits (of 38) from wire lockstep.$flatten\root.\g_issue_fast.u_os.\u_t.$and$/tmp/opentallas-qrom-source-context-next-20261002/rtl/hdc/ot_qwen_w12_matvec.sv:1265$5566_Y.
Removed top 1 bits (of 38) from wire lockstep.$flatten\root.\g_issue_fast.u_os.\u_t.$or$/tmp/opentallas-qrom-source-context-next-20261002/rtl/hdc/ot_qwen_w12_matvec.sv:1265$5567_Y.
Removed top 1 bits (of 38) from wire lockstep.$flatten\root.\g_issue_fast.u_os.\u_t.$and$/tmp/opentallas-qrom-source-context-next-20261002/rtl/hdc/ot_qwen_w12_matvec.sv:1265$5571_Y.
Removed top 1 bits (of 38) from wire lockstep.$flatten\root.\g_issue_fast.u_os.\u_t.$and$/tmp/opentallas-qrom-source-context-next-20261002/rtl/hdc/ot_qwen_w12_matvec.sv:1265$5572_Y.
Removed top 1 bits (of 38) from wire lockstep.$flatten\root.\g_issue_fast.u_os.\u_t.$or$/tmp/opentallas-qrom-source-context-next-20261002/rtl/hdc/ot_qwen_w12_matvec.sv:1265$5573_Y.
Removed top 1 bits (of 38) from wire lockstep.$flatten\root.\g_issue_fast.u_os.\u_t.$and$/tmp/opentallas-qrom-source-context-next-20261002/rtl/hdc/ot_qwen_w12_matvec.sv:1265$5574_Y.
Removed top 1 bits (of 38) from wire lockstep.$flatten\root.\g_issue_fast.u_os.\u_t.$or$/tmp/opentallas-qrom-source-context-next-20261002/rtl/hdc/ot_qwen_w12_matvec.sv:1265$5575_Y.
Removed top 1 bits (of 38) from wire lockstep.$flatten\root.\g_issue_fast.u_os.\u_t.$and$/tmp/opentallas-qrom-source-context-next-20261002/rtl/hdc/ot_qwen_w12_matvec.sv:1265$5579_Y.
Removed top 1 bits (of 38) from wire lockstep.$flatten\root.\g_issue_fast.u_os.\u_t.$and$/tmp/opentallas-qrom-source-context-next-20261002/rtl/hdc/ot_qwen_w12_matvec.sv:1265$5580_Y.
Removed top 1 bits (of 38) from wire lockstep.$flatten\root.\g_issue_fast.u_os.\u_t.$or$/tmp/opentallas-qrom-source-context-next-20261002/rtl/hdc/ot_qwen_w12_matvec.sv:1265$5581_Y.
Removed top 1 bits (of 38) from wire lockstep.$flatten\root.\g_issue_fast.u_os.\u_t.$and$/tmp/opentallas-qrom-source-context-next-20261002/rtl/hdc/ot_qwen_w12_matvec.sv:1265$5582_Y.
Removed top 1 bits (of 38) from wire lockstep.$flatten\root.\g_issue_fast.u_os.\u_t.$or$/tmp/opentallas-qrom-source-context-next-20261002/rtl/hdc/ot_qwen_w12_matvec.sv:1265$5583_Y.
Removed top 1 bits (of 38) from wire lockstep.$flatten\root.\g_issue_fast.u_os.\u_t.$and$/tmp/opentallas-qrom-source-context-next-20261002/rtl/hdc/ot_qwen_w12_matvec.sv:1265$5587_Y.
Removed top 1 bits (of 38) from wire lockstep.$flatten\root.\g_issue_fast.u_os.\u_t.$and$/tmp/opentallas-qrom-source-context-next-20261002/rtl/hdc/ot_qwen_w12_matvec.sv:1265$5588_Y.
Removed top 1 bits (of 38) from wire lockstep.$flatten\root.\g_issue_fast.u_os.\u_t.$or$/tmp/opentallas-qrom-source-context-next-20261002/rtl/hdc/ot_qwen_w12_matvec.sv:1265$5589_Y.
Removed top 1 bits (of 38) from wire lockstep.$flatten\root.\g_issue_fast.u_os.\u_t.$and$/tmp/opentallas-qrom-source-context-next-20261002/rtl/hdc/ot_qwen_w12_matvec.sv:1265$5590_Y.
Removed top 1 bits (of 38) from wire lockstep.$flatten\root.\g_issue_fast.u_os.\u_t.$or$/tmp/opentallas-qrom-source-context-next-20261002/rtl/hdc/ot_qwen_w12_matvec.sv:1265$5591_Y.
Removed top 1 bits (of 38) from wire lockstep.$flatten\root.\g_issue_fast.u_os.\u_t.$and$/tmp/opentallas-qrom-source-context-next-20261002/rtl/hdc/ot_qwen_w12_matvec.sv:1265$5595_Y.
Removed top 1 bits (of 38) from wire lockstep.$flatten\root.\g_issue_fast.u_os.\u_t.$and$/tmp/opentallas-qrom-source-context-next-20261002/rtl/hdc/ot_qwen_w12_matvec.sv:1265$5596_Y.
Removed top 1 bits (of 38) from wire lockstep.$flatten\root.\g_issue_fast.u_os.\u_t.$or$/tmp/opentallas-qrom-source-context-next-20261002/rtl/hdc/ot_qwen_w12_matvec.sv:1265$5597_Y.
Removed top 1 bits (of 38) from wire lockstep.$flatten\root.\g_issue_fast.u_os.\u_t.$and$/tmp/opentallas-qrom-source-context-next-20261002/rtl/hdc/ot_qwen_w12_matvec.sv:1265$5598_Y.
Removed top 1 bits (of 38) from wire lockstep.$flatten\root.\g_issue_fast.u_os.\u_t.$or$/tmp/opentallas-qrom-source-context-next-20261002/rtl/hdc/ot_qwen_w12_matvec.sv:1265$5599_Y.
Removed top 1 bits (of 38) from wire lockstep.$flatten\root.\g_issue_fast.u_os.\u_t.$and$/tmp/opentallas-qrom-source-context-next-20261002/rtl/hdc/ot_qwen_w12_matvec.sv:1265$5603_Y.
Removed top 1 bits (of 38) from wire lockstep.$flatten\root.\g_issue_fast.u_os.\u_t.$and$/tmp/opentallas-qrom-source-context-next-20261002/rtl/hdc/ot_qwen_w12_matvec.sv:1265$5604_Y.
Removed top 1 bits (of 38) from wire lockstep.$flatten\root.\g_issue_fast.u_os.\u_t.$or$/tmp/opentallas-qrom-source-context-next-20261002/rtl/hdc/ot_qwen_w12_matvec.sv:1265$5605_Y.
Removed top 1 bits (of 38) from wire lockstep.$flatten\root.\g_issue_fast.u_os.\u_t.$and$/tmp/opentallas-qrom-source-context-next-20261002/rtl/hdc/ot_qwen_w12_matvec.sv:1265$5606_Y.
Removed top 1 bits (of 38) from wire lockstep.$flatten\root.\g_issue_fast.u_os.\u_t.$or$/tmp/opentallas-qrom-source-context-next-20261002/rtl/hdc/ot_qwen_w12_matvec.sv:1265$5607_Y.
Removed top 1 bits (of 38) from wire lockstep.$flatten\root.\g_issue_fast.u_os.\u_t.$and$/tmp/opentallas-qrom-source-context-next-20261002/rtl/hdc/ot_qwen_w12_matvec.sv:1265$5611_Y.
Removed top 1 bits (of 38) from wire lockstep.$flatten\root.\g_issue_fast.u_os.\u_t.$and$/tmp/opentallas-qrom-source-context-next-20261002/rtl/hdc/ot_qwen_w12_matvec.sv:1265$5612_Y.
Removed top 1 bits (of 38) from wire lockstep.$flatten\root.\g_issue_fast.u_os.\u_t.$or$/tmp/opentallas-qrom-source-context-next-20261002/rtl/hdc/ot_qwen_w12_matvec.sv:1265$5613_Y.
Removed top 1 bits (of 38) from wire lockstep.$flatten\root.\g_issue_fast.u_os.\u_t.$and$/tmp/opentallas-qrom-source-context-next-20261002/rtl/hdc/ot_qwen_w12_matvec.sv:1265$5614_Y.
Removed top 1 bits (of 38) from wire lockstep.$flatten\root.\g_issue_fast.u_os.\u_t.$or$/tmp/opentallas-qrom-source-context-next-20261002/rtl/hdc/ot_qwen_w12_matvec.sv:1265$5615_Y.
Removed top 1 bits (of 38) from wire lockstep.$flatten\root.\g_issue_fast.u_os.\u_t.$and$/tmp/opentallas-qrom-source-context-next-20261002/rtl/hdc/ot_qwen_w12_matvec.sv:1265$5619_Y.
Removed top 1 bits (of 38) from wire lockstep.$flatten\root.\g_issue_fast.u_os.\u_t.$and$/tmp/opentallas-qrom-source-context-next-20261002/rtl/hdc/ot_qwen_w12_matvec.sv:1265$5620_Y.
Removed top 1 bits (of 38) from wire lockstep.$flatten\root.\g_issue_fast.u_os.\u_t.$or$/tmp/opentallas-qrom-source-context-next-20261002/rtl/hdc/ot_qwen_w12_matvec.sv:1265$5621_Y.
Removed top 1 bits (of 38) from wire lockstep.$flatten\root.\g_issue_fast.u_os.\u_t.$and$/tmp/opentallas-qrom-source-context-next-20261002/rtl/hdc/ot_qwen_w12_matvec.sv:1265$5622_Y.
Removed top 1 bits (of 38) from wire lockstep.$flatten\root.\g_issue_fast.u_os.\u_t.$or$/tmp/opentallas-qrom-source-context-next-20261002/rtl/hdc/ot_qwen_w12_matvec.sv:1265$5623_Y.
Removed top 1 bits (of 38) from wire lockstep.$flatten\root.\g_issue_fast.u_os.\u_t.$and$/tmp/opentallas-qrom-source-context-next-20261002/rtl/hdc/ot_qwen_w12_matvec.sv:1265$5627_Y.
Removed top 1 bits (of 38) from wire lockstep.$flatten\root.\g_issue_fast.u_os.\u_t.$and$/tmp/opentallas-qrom-source-context-next-20261002/rtl/hdc/ot_qwen_w12_matvec.sv:1265$5628_Y.
Removed top 1 bits (of 38) from wire lockstep.$flatten\root.\g_issue_fast.u_os.\u_t.$or$/tmp/opentallas-qrom-source-context-next-20261002/rtl/hdc/ot_qwen_w12_matvec.sv:1265$5629_Y.
Removed top 1 bits (of 38) from wire lockstep.$flatten\root.\g_issue_fast.u_os.\u_t.$and$/tmp/opentallas-qrom-source-context-next-20261002/rtl/hdc/ot_qwen_w12_matvec.sv:1265$5630_Y.
Removed top 1 bits (of 38) from wire lockstep.$flatten\root.\g_issue_fast.u_os.\u_t.$or$/tmp/opentallas-qrom-source-context-next-20261002/rtl/hdc/ot_qwen_w12_matvec.sv:1265$5631_Y.
Removed top 1 bits (of 38) from wire lockstep.$flatten\tile.\g_issue_fast.u_os.\u_t.$or$/tmp/opentallas-qrom-source-context-next-20261002/rtl/hdc/ot_qwen_w12_matvec.sv:1265$5631_Y.
Removed top 1 bits (of 38) from wire lockstep.$flatten\tile.\g_issue_fast.u_os.\u_t.$and$/tmp/opentallas-qrom-source-context-next-20261002/rtl/hdc/ot_qwen_w12_matvec.sv:1265$5630_Y.
Removed top 1 bits (of 38) from wire lockstep.$flatten\tile.\g_issue_fast.u_os.\u_t.$or$/tmp/opentallas-qrom-source-context-next-20261002/rtl/hdc/ot_qwen_w12_matvec.sv:1265$5629_Y.
Removed top 1 bits (of 38) from wire lockstep.$flatten\tile.\g_issue_fast.u_os.\u_t.$and$/tmp/opentallas-qrom-source-context-next-20261002/rtl/hdc/ot_qwen_w12_matvec.sv:1265$5628_Y.
Removed top 1 bits (of 38) from wire lockstep.$flatten\tile.\g_issue_fast.u_os.\u_t.$and$/tmp/opentallas-qrom-source-context-next-20261002/rtl/hdc/ot_qwen_w12_matvec.sv:1265$5627_Y.
Removed top 1 bits (of 38) from wire lockstep.$flatten\tile.\g_issue_fast.u_os.\u_t.$or$/tmp/opentallas-qrom-source-context-next-20261002/rtl/hdc/ot_qwen_w12_matvec.sv:1265$5623_Y.
Removed top 1 bits (of 38) from wire lockstep.$flatten\tile.\g_issue_fast.u_os.\u_t.$and$/tmp/opentallas-qrom-source-context-next-20261002/rtl/hdc/ot_qwen_w12_matvec.sv:1265$5622_Y.
Removed top 1 bits (of 38) from wire lockstep.$flatten\tile.\g_issue_fast.u_os.\u_t.$or$/tmp/opentallas-qrom-source-context-next-20261002/rtl/hdc/ot_qwen_w12_matvec.sv:1265$5621_Y.
Removed top 1 bits (of 38) from wire lockstep.$flatten\tile.\g_issue_fast.u_os.\u_t.$and$/tmp/opentallas-qrom-source-context-next-20261002/rtl/hdc/ot_qwen_w12_matvec.sv:1265$5620_Y.
Removed top 1 bits (of 38) from wire lockstep.$flatten\tile.\g_issue_fast.u_os.\u_t.$and$/tmp/opentallas-qrom-source-context-next-20261002/rtl/hdc/ot_qwen_w12_matvec.sv:1265$5619_Y.
Removed top 1 bits (of 38) from wire lockstep.$flatten\tile.\g_issue_fast.u_os.\u_t.$or$/tmp/opentallas-qrom-source-context-next-20261002/rtl/hdc/ot_qwen_w12_matvec.sv:1265$5615_Y.
Removed top 1 bits (of 38) from wire lockstep.$flatten\tile.\g_issue_fast.u_os.\u_t.$and$/tmp/opentallas-qrom-source-context-next-20261002/rtl/hdc/ot_qwen_w12_matvec.sv:1265$5614_Y.
Removed top 1 bits (of 38) from wire lockstep.$flatten\tile.\g_issue_fast.u_os.\u_t.$or$/tmp/opentallas-qrom-source-context-next-20261002/rtl/hdc/ot_qwen_w12_matvec.sv:1265$5613_Y.
Removed top 1 bits (of 38) from wire lockstep.$flatten\tile.\g_issue_fast.u_os.\u_t.$and$/tmp/opentallas-qrom-source-context-next-20261002/rtl/hdc/ot_qwen_w12_matvec.sv:1265$5612_Y.
Removed top 1 bits (of 38) from wire lockstep.$flatten\tile.\g_issue_fast.u_os.\u_t.$and$/tmp/opentallas-qrom-source-context-next-20261002/rtl/hdc/ot_qwen_w12_matvec.sv:1265$5611_Y.
Removed top 1 bits (of 38) from wire lockstep.$flatten\tile.\g_issue_fast.u_os.\u_t.$or$/tmp/opentallas-qrom-source-context-next-20261002/rtl/hdc/ot_qwen_w12_matvec.sv:1265$5607_Y.
Removed top 1 bits (of 38) from wire lockstep.$flatten\tile.\g_issue_fast.u_os.\u_t.$and$/tmp/opentallas-qrom-source-context-next-20261002/rtl/hdc/ot_qwen_w12_matvec.sv:1265$5606_Y.
Removed top 1 bits (of 38) from wire lockstep.$flatten\tile.\g_issue_fast.u_os.\u_t.$or$/tmp/opentallas-qrom-source-context-next-20261002/rtl/hdc/ot_qwen_w12_matvec.sv:1265$5605_Y.
Removed top 1 bits (of 38) from wire lockstep.$flatten\tile.\g_issue_fast.u_os.\u_t.$and$/tmp/opentallas-qrom-source-context-next-20261002/rtl/hdc/ot_qwen_w12_matvec.sv:1265$5604_Y.
Removed top 1 bits (of 38) from wire lockstep.$flatten\tile.\g_issue_fast.u_os.\u_t.$and$/tmp/opentallas-qrom-source-context-next-20261002/rtl/hdc/ot_qwen_w12_matvec.sv:1265$5603_Y.
Removed top 1 bits (of 38) from wire lockstep.$flatten\tile.\g_issue_fast.u_os.\u_t.$or$/tmp/opentallas-qrom-source-context-next-20261002/rtl/hdc/ot_qwen_w12_matvec.sv:1265$5599_Y.
Removed top 1 bits (of 38) from wire lockstep.$flatten\tile.\g_issue_fast.u_os.\u_t.$and$/tmp/opentallas-qrom-source-context-next-20261002/rtl/hdc/ot_qwen_w12_matvec.sv:1265$5598_Y.
Removed top 1 bits (of 38) from wire lockstep.$flatten\tile.\g_issue_fast.u_os.\u_t.$or$/tmp/opentallas-qrom-source-context-next-20261002/rtl/hdc/ot_qwen_w12_matvec.sv:1265$5597_Y.
Removed top 1 bits (of 38) from wire lockstep.$flatten\tile.\g_issue_fast.u_os.\u_t.$and$/tmp/opentallas-qrom-source-context-next-20261002/rtl/hdc/ot_qwen_w12_matvec.sv:1265$5596_Y.
Removed top 1 bits (of 38) from wire lockstep.$flatten\tile.\g_issue_fast.u_os.\u_t.$and$/tmp/opentallas-qrom-source-context-next-20261002/rtl/hdc/ot_qwen_w12_matvec.sv:1265$5595_Y.
Removed top 1 bits (of 38) from wire lockstep.$flatten\tile.\g_issue_fast.u_os.\u_t.$or$/tmp/opentallas-qrom-source-context-next-20261002/rtl/hdc/ot_qwen_w12_matvec.sv:1265$5591_Y.
Removed top 1 bits (of 38) from wire lockstep.$flatten\tile.\g_issue_fast.u_os.\u_t.$and$/tmp/opentallas-qrom-source-context-next-20261002/rtl/hdc/ot_qwen_w12_matvec.sv:1265$5590_Y.
Removed top 1 bits (of 38) from wire lockstep.$flatten\tile.\g_issue_fast.u_os.\u_t.$or$/tmp/opentallas-qrom-source-context-next-20261002/rtl/hdc/ot_qwen_w12_matvec.sv:1265$5589_Y.
Removed top 1 bits (of 38) from wire lockstep.$flatten\tile.\g_issue_fast.u_os.\u_t.$and$/tmp/opentallas-qrom-source-context-next-20261002/rtl/hdc/ot_qwen_w12_matvec.sv:1265$5588_Y.
Removed top 1 bits (of 38) from wire lockstep.$flatten\tile.\g_issue_fast.u_os.\u_t.$and$/tmp/opentallas-qrom-source-context-next-20261002/rtl/hdc/ot_qwen_w12_matvec.sv:1265$5587_Y.
Removed top 1 bits (of 38) from wire lockstep.$flatten\tile.\g_issue_fast.u_os.\u_t.$or$/tmp/opentallas-qrom-source-context-next-20261002/rtl/hdc/ot_qwen_w12_matvec.sv:1265$5583_Y.
Removed top 1 bits (of 38) from wire lockstep.$flatten\tile.\g_issue_fast.u_os.\u_t.$and$/tmp/opentallas-qrom-source-context-next-20261002/rtl/hdc/ot_qwen_w12_matvec.sv:1265$5582_Y.
Removed top 1 bits (of 38) from wire lockstep.$flatten\tile.\g_issue_fast.u_os.\u_t.$or$/tmp/opentallas-qrom-source-context-next-20261002/rtl/hdc/ot_qwen_w12_matvec.sv:1265$5581_Y.
Removed top 1 bits (of 38) from wire lockstep.$flatten\tile.\g_issue_fast.u_os.\u_t.$and$/tmp/opentallas-qrom-source-context-next-20261002/rtl/hdc/ot_qwen_w12_matvec.sv:1265$5580_Y.
Removed top 1 bits (of 38) from wire lockstep.$flatten\tile.\g_issue_fast.u_os.\u_t.$and$/tmp/opentallas-qrom-source-context-next-20261002/rtl/hdc/ot_qwen_w12_matvec.sv:1265$5579_Y.
Removed top 1 bits (of 38) from wire lockstep.$flatten\tile.\g_issue_fast.u_os.\u_t.$or$/tmp/opentallas-qrom-source-context-next-20261002/rtl/hdc/ot_qwen_w12_matvec.sv:1265$5575_Y.
Removed top 1 bits (of 38) from wire lockstep.$flatten\tile.\g_issue_fast.u_os.\u_t.$and$/tmp/opentallas-qrom-source-context-next-20261002/rtl/hdc/ot_qwen_w12_matvec.sv:1265$5574_Y.
Removed top 1 bits (of 38) from wire lockstep.$flatten\tile.\g_issue_fast.u_os.\u_t.$or$/tmp/opentallas-qrom-source-context-next-20261002/rtl/hdc/ot_qwen_w12_matvec.sv:1265$5573_Y.
Removed top 1 bits (of 38) from wire lockstep.$flatten\tile.\g_issue_fast.u_os.\u_t.$and$/tmp/opentallas-qrom-source-context-next-20261002/rtl/hdc/ot_qwen_w12_matvec.sv:1265$5572_Y.
Removed top 1 bits (of 38) from wire lockstep.$flatten\tile.\g_issue_fast.u_os.\u_t.$and$/tmp/opentallas-qrom-source-context-next-20261002/rtl/hdc/ot_qwen_w12_matvec.sv:1265$5571_Y.
Removed top 1 bits (of 38) from wire lockstep.$flatten\tile.\g_issue_fast.u_os.\u_t.$or$/tmp/opentallas-qrom-source-context-next-20261002/rtl/hdc/ot_qwen_w12_matvec.sv:1265$5567_Y.
Removed top 1 bits (of 38) from wire lockstep.$flatten\tile.\g_issue_fast.u_os.\u_t.$and$/tmp/opentallas-qrom-source-context-next-20261002/rtl/hdc/ot_qwen_w12_matvec.sv:1265$5566_Y.
Removed top 1 bits (of 38) from wire lockstep.$flatten\tile.\g_issue_fast.u_os.\u_t.$or$/tmp/opentallas-qrom-source-context-next-20261002/rtl/hdc/ot_qwen_w12_matvec.sv:1265$5565_Y.
Removed top 1 bits (of 38) from wire lockstep.$flatten\tile.\g_issue_fast.u_os.\u_t.$and$/tmp/opentallas-qrom-source-context-next-20261002/rtl/hdc/ot_qwen_w12_matvec.sv:1265$5564_Y.
Removed top 1 bits (of 38) from wire lockstep.$flatten\tile.\g_issue_fast.u_os.\u_t.$and$/tmp/opentallas-qrom-source-context-next-20261002/rtl/hdc/ot_qwen_w12_matvec.sv:1265$5563_Y.
Removed top 1 bits (of 38) from wire lockstep.$flatten\tile.\g_issue_fast.u_os.\u_t.$or$/tmp/opentallas-qrom-source-context-next-20261002/rtl/hdc/ot_qwen_w12_matvec.sv:1265$5559_Y.
Removed top 1 bits (of 38) from wire lockstep.$flatten\tile.\g_issue_fast.u_os.\u_t.$and$/tmp/opentallas-qrom-source-context-next-20261002/rtl/hdc/ot_qwen_w12_matvec.sv:1265$5558_Y.
Removed top 1 bits (of 38) from wire lockstep.$flatten\tile.\g_issue_fast.u_os.\u_t.$or$/tmp/opentallas-qrom-source-context-next-20261002/rtl/hdc/ot_qwen_w12_matvec.sv:1265$5557_Y.
Removed top 1 bits (of 38) from wire lockstep.$flatten\tile.\g_issue_fast.u_os.\u_t.$and$/tmp/opentallas-qrom-source-context-next-20261002/rtl/hdc/ot_qwen_w12_matvec.sv:1265$5556_Y.
Removed top 1 bits (of 38) from wire lockstep.$flatten\tile.\g_issue_fast.u_os.\u_t.$and$/tmp/opentallas-qrom-source-context-next-20261002/rtl/hdc/ot_qwen_w12_matvec.sv:1265$5555_Y.
Removed top 1 bits (of 38) from wire lockstep.$flatten\tile.\g_issue_fast.u_os.\u_t.$or$/tmp/opentallas-qrom-source-context-next-20261002/rtl/hdc/ot_qwen_w12_matvec.sv:1265$5551_Y.
Removed top 1 bits (of 38) from wire lockstep.$flatten\tile.\g_issue_fast.u_os.\u_t.$and$/tmp/opentallas-qrom-source-context-next-20261002/rtl/hdc/ot_qwen_w12_matvec.sv:1265$5550_Y.
Removed top 1 bits (of 38) from wire lockstep.$flatten\tile.\g_issue_fast.u_os.\u_t.$or$/tmp/opentallas-qrom-source-context-next-20261002/rtl/hdc/ot_qwen_w12_matvec.sv:1265$5549_Y.
Removed top 1 bits (of 38) from wire lockstep.$flatten\tile.\g_issue_fast.u_os.\u_t.$and$/tmp/opentallas-qrom-source-context-next-20261002/rtl/hdc/ot_qwen_w12_matvec.sv:1265$5548_Y.
Removed top 1 bits (of 38) from wire lockstep.$flatten\tile.\g_issue_fast.u_os.\u_t.$and$/tmp/opentallas-qrom-source-context-next-20261002/rtl/hdc/ot_qwen_w12_matvec.sv:1265$5547_Y.
Removed top 1 bits (of 38) from wire lockstep.$flatten\tile.\g_issue_fast.u_os.\u_t.$or$/tmp/opentallas-qrom-source-context-next-20261002/rtl/hdc/ot_qwen_w12_matvec.sv:1265$5543_Y.
Removed top 1 bits (of 38) from wire lockstep.$flatten\tile.\g_issue_fast.u_os.\u_t.$and$/tmp/opentallas-qrom-source-context-next-20261002/rtl/hdc/ot_qwen_w12_matvec.sv:1265$5542_Y.
Removed top 1 bits (of 38) from wire lockstep.$flatten\tile.\g_issue_fast.u_os.\u_t.$or$/tmp/opentallas-qrom-source-context-next-20261002/rtl/hdc/ot_qwen_w12_matvec.sv:1265$5541_Y.
Removed top 1 bits (of 38) from wire lockstep.$flatten\tile.\g_issue_fast.u_os.\u_t.$and$/tmp/opentallas-qrom-source-context-next-20261002/rtl/hdc/ot_qwen_w12_matvec.sv:1265$5540_Y.
Removed top 1 bits (of 38) from wire lockstep.$flatten\tile.\g_issue_fast.u_os.\u_t.$and$/tmp/opentallas-qrom-source-context-next-20261002/rtl/hdc/ot_qwen_w12_matvec.sv:1265$5539_Y.
Removed top 1 bits (of 38) from wire lockstep.$flatten\tile.\g_issue_fast.u_ts.\u_t.$or$/tmp/opentallas-qrom-source-context-next-20261002/rtl/hdc/ot_qwen_w12_matvec.sv:1265$5631_Y.
Removed top 1 bits (of 38) from wire lockstep.$flatten\tile.\g_issue_fast.u_ts.\u_t.$and$/tmp/opentallas-qrom-source-context-next-20261002/rtl/hdc/ot_qwen_w12_matvec.sv:1265$5630_Y.
Removed top 1 bits (of 38) from wire lockstep.$flatten\tile.\g_issue_fast.u_ts.\u_t.$or$/tmp/opentallas-qrom-source-context-next-20261002/rtl/hdc/ot_qwen_w12_matvec.sv:1265$5629_Y.
Removed top 1 bits (of 38) from wire lockstep.$flatten\tile.\g_issue_fast.u_ts.\u_t.$and$/tmp/opentallas-qrom-source-context-next-20261002/rtl/hdc/ot_qwen_w12_matvec.sv:1265$5628_Y.
Removed top 1 bits (of 38) from wire lockstep.$flatten\tile.\g_issue_fast.u_ts.\u_t.$and$/tmp/opentallas-qrom-source-context-next-20261002/rtl/hdc/ot_qwen_w12_matvec.sv:1265$5627_Y.
Removed top 1 bits (of 38) from wire lockstep.$flatten\tile.\g_issue_fast.u_ts.\u_t.$or$/tmp/opentallas-qrom-source-context-next-20261002/rtl/hdc/ot_qwen_w12_matvec.sv:1265$5623_Y.
Removed top 1 bits (of 38) from wire lockstep.$flatten\tile.\g_issue_fast.u_ts.\u_t.$and$/tmp/opentallas-qrom-source-context-next-20261002/rtl/hdc/ot_qwen_w12_matvec.sv:1265$5622_Y.
Removed top 1 bits (of 38) from wire lockstep.$flatten\tile.\g_issue_fast.u_ts.\u_t.$or$/tmp/opentallas-qrom-source-context-next-20261002/rtl/hdc/ot_qwen_w12_matvec.sv:1265$5621_Y.
Removed top 1 bits (of 38) from wire lockstep.$flatten\tile.\g_issue_fast.u_ts.\u_t.$and$/tmp/opentallas-qrom-source-context-next-20261002/rtl/hdc/ot_qwen_w12_matvec.sv:1265$5620_Y.
Removed top 1 bits (of 38) from wire lockstep.$flatten\tile.\g_issue_fast.u_ts.\u_t.$and$/tmp/opentallas-qrom-source-context-next-20261002/rtl/hdc/ot_qwen_w12_matvec.sv:1265$5619_Y.
Removed top 1 bits (of 38) from wire lockstep.$flatten\tile.\g_issue_fast.u_ts.\u_t.$or$/tmp/opentallas-qrom-source-context-next-20261002/rtl/hdc/ot_qwen_w12_matvec.sv:1265$5615_Y.
Removed top 1 bits (of 38) from wire lockstep.$flatten\tile.\g_issue_fast.u_ts.\u_t.$and$/tmp/opentallas-qrom-source-context-next-20261002/rtl/hdc/ot_qwen_w12_matvec.sv:1265$5614_Y.
Removed top 1 bits (of 38) from wire lockstep.$flatten\tile.\g_issue_fast.u_ts.\u_t.$or$/tmp/opentallas-qrom-source-context-next-20261002/rtl/hdc/ot_qwen_w12_matvec.sv:1265$5613_Y.
Removed top 1 bits (of 38) from wire lockstep.$flatten\tile.\g_issue_fast.u_ts.\u_t.$and$/tmp/opentallas-qrom-source-context-next-20261002/rtl/hdc/ot_qwen_w12_matvec.sv:1265$5612_Y.
Removed top 1 bits (of 38) from wire lockstep.$flatten\tile.\g_issue_fast.u_ts.\u_t.$and$/tmp/opentallas-qrom-source-context-next-20261002/rtl/hdc/ot_qwen_w12_matvec.sv:1265$5611_Y.
Removed top 1 bits (of 38) from wire lockstep.$flatten\tile.\g_issue_fast.u_ts.\u_t.$or$/tmp/opentallas-qrom-source-context-next-20261002/rtl/hdc/ot_qwen_w12_matvec.sv:1265$5607_Y.
Removed top 1 bits (of 38) from wire lockstep.$flatten\tile.\g_issue_fast.u_ts.\u_t.$and$/tmp/opentallas-qrom-source-context-next-20261002/rtl/hdc/ot_qwen_w12_matvec.sv:1265$5606_Y.
Removed top 1 bits (of 38) from wire lockstep.$flatten\tile.\g_issue_fast.u_ts.\u_t.$or$/tmp/opentallas-qrom-source-context-next-20261002/rtl/hdc/ot_qwen_w12_matvec.sv:1265$5605_Y.
Removed top 1 bits (of 38) from wire lockstep.$flatten\tile.\g_issue_fast.u_ts.\u_t.$and$/tmp/opentallas-qrom-source-context-next-20261002/rtl/hdc/ot_qwen_w12_matvec.sv:1265$5604_Y.
Removed top 1 bits (of 38) from wire lockstep.$flatten\tile.\g_issue_fast.u_ts.\u_t.$and$/tmp/opentallas-qrom-source-context-next-20261002/rtl/hdc/ot_qwen_w12_matvec.sv:1265$5603_Y.
Removed top 1 bits (of 38) from wire lockstep.$flatten\tile.\g_issue_fast.u_ts.\u_t.$or$/tmp/opentallas-qrom-source-context-next-20261002/rtl/hdc/ot_qwen_w12_matvec.sv:1265$5599_Y.
Removed top 1 bits (of 38) from wire lockstep.$flatten\tile.\g_issue_fast.u_ts.\u_t.$and$/tmp/opentallas-qrom-source-context-next-20261002/rtl/hdc/ot_qwen_w12_matvec.sv:1265$5598_Y.
Removed top 1 bits (of 38) from wire lockstep.$flatten\tile.\g_issue_fast.u_ts.\u_t.$or$/tmp/opentallas-qrom-source-context-next-20261002/rtl/hdc/ot_qwen_w12_matvec.sv:1265$5597_Y.
Removed top 1 bits (of 38) from wire lockstep.$flatten\tile.\g_issue_fast.u_ts.\u_t.$and$/tmp/opentallas-qrom-source-context-next-20261002/rtl/hdc/ot_qwen_w12_matvec.sv:1265$5596_Y.
Removed top 1 bits (of 38) from wire lockstep.$flatten\tile.\g_issue_fast.u_ts.\u_t.$and$/tmp/opentallas-qrom-source-context-next-20261002/rtl/hdc/ot_qwen_w12_matvec.sv:1265$5595_Y.
Removed top 1 bits (of 38) from wire lockstep.$flatten\tile.\g_issue_fast.u_ts.\u_t.$or$/tmp/opentallas-qrom-source-context-next-20261002/rtl/hdc/ot_qwen_w12_matvec.sv:1265$5591_Y.
Removed top 1 bits (of 38) from wire lockstep.$flatten\tile.\g_issue_fast.u_ts.\u_t.$and$/tmp/opentallas-qrom-source-context-next-20261002/rtl/hdc/ot_qwen_w12_matvec.sv:1265$5590_Y.
Removed top 1 bits (of 38) from wire lockstep.$flatten\tile.\g_issue_fast.u_ts.\u_t.$or$/tmp/opentallas-qrom-source-context-next-20261002/rtl/hdc/ot_qwen_w12_matvec.sv:1265$5589_Y.
Removed top 1 bits (of 38) from wire lockstep.$flatten\tile.\g_issue_fast.u_ts.\u_t.$and$/tmp/opentallas-qrom-source-context-next-20261002/rtl/hdc/ot_qwen_w12_matvec.sv:1265$5588_Y.
Removed top 1 bits (of 38) from wire lockstep.$flatten\tile.\g_issue_fast.u_ts.\u_t.$and$/tmp/opentallas-qrom-source-context-next-20261002/rtl/hdc/ot_qwen_w12_matvec.sv:1265$5587_Y.
Removed top 1 bits (of 38) from wire lockstep.$flatten\tile.\g_issue_fast.u_ts.\u_t.$or$/tmp/opentallas-qrom-source-context-next-20261002/rtl/hdc/ot_qwen_w12_matvec.sv:1265$5583_Y.
Removed top 1 bits (of 38) from wire lockstep.$flatten\tile.\g_issue_fast.u_ts.\u_t.$and$/tmp/opentallas-qrom-source-context-next-20261002/rtl/hdc/ot_qwen_w12_matvec.sv:1265$5582_Y.
Removed top 1 bits (of 38) from wire lockstep.$flatten\tile.\g_issue_fast.u_ts.\u_t.$or$/tmp/opentallas-qrom-source-context-next-20261002/rtl/hdc/ot_qwen_w12_matvec.sv:1265$5581_Y.
Removed top 1 bits (of 38) from wire lockstep.$flatten\tile.\g_issue_fast.u_ts.\u_t.$and$/tmp/opentallas-qrom-source-context-next-20261002/rtl/hdc/ot_qwen_w12_matvec.sv:1265$5580_Y.
Removed top 1 bits (of 38) from wire lockstep.$flatten\tile.\g_issue_fast.u_ts.\u_t.$and$/tmp/opentallas-qrom-source-context-next-20261002/rtl/hdc/ot_qwen_w12_matvec.sv:1265$5579_Y.
Removed top 1 bits (of 38) from wire lockstep.$flatten\tile.\g_issue_fast.u_ts.\u_t.$or$/tmp/opentallas-qrom-source-context-next-20261002/rtl/hdc/ot_qwen_w12_matvec.sv:1265$5575_Y.
Removed top 1 bits (of 38) from wire lockstep.$flatten\tile.\g_issue_fast.u_ts.\u_t.$and$/tmp/opentallas-qrom-source-context-next-20261002/rtl/hdc/ot_qwen_w12_matvec.sv:1265$5574_Y.
Removed top 1 bits (of 38) from wire lockstep.$flatten\tile.\g_issue_fast.u_ts.\u_t.$or$/tmp/opentallas-qrom-source-context-next-20261002/rtl/hdc/ot_qwen_w12_matvec.sv:1265$5573_Y.
Removed top 1 bits (of 38) from wire lockstep.$flatten\tile.\g_issue_fast.u_ts.\u_t.$and$/tmp/opentallas-qrom-source-context-next-20261002/rtl/hdc/ot_qwen_w12_matvec.sv:1265$5572_Y.
Removed top 1 bits (of 38) from wire lockstep.$flatten\tile.\g_issue_fast.u_ts.\u_t.$and$/tmp/opentallas-qrom-source-context-next-20261002/rtl/hdc/ot_qwen_w12_matvec.sv:1265$5571_Y.
Removed top 1 bits (of 38) from wire lockstep.$flatten\tile.\g_issue_fast.u_ts.\u_t.$or$/tmp/opentallas-qrom-source-context-next-20261002/rtl/hdc/ot_qwen_w12_matvec.sv:1265$5567_Y.
Removed top 1 bits (of 38) from wire lockstep.$flatten\tile.\g_issue_fast.u_ts.\u_t.$and$/tmp/opentallas-qrom-source-context-next-20261002/rtl/hdc/ot_qwen_w12_matvec.sv:1265$5566_Y.
Removed top 1 bits (of 38) from wire lockstep.$flatten\tile.\g_issue_fast.u_ts.\u_t.$or$/tmp/opentallas-qrom-source-context-next-20261002/rtl/hdc/ot_qwen_w12_matvec.sv:1265$5565_Y.
Removed top 1 bits (of 38) from wire lockstep.$flatten\tile.\g_issue_fast.u_ts.\u_t.$and$/tmp/opentallas-qrom-source-context-next-20261002/rtl/hdc/ot_qwen_w12_matvec.sv:1265$5564_Y.
Removed top 1 bits (of 38) from wire lockstep.$flatten\tile.\g_issue_fast.u_ts.\u_t.$and$/tmp/opentallas-qrom-source-context-next-20261002/rtl/hdc/ot_qwen_w12_matvec.sv:1265$5563_Y.
Removed top 1 bits (of 38) from wire lockstep.$flatten\tile.\g_issue_fast.u_ts.\u_t.$or$/tmp/opentallas-qrom-source-context-next-20261002/rtl/hdc/ot_qwen_w12_matvec.sv:1265$5559_Y.
Removed top 1 bits (of 38) from wire lockstep.$flatten\tile.\g_issue_fast.u_ts.\u_t.$and$/tmp/opentallas-qrom-source-context-next-20261002/rtl/hdc/ot_qwen_w12_matvec.sv:1265$5558_Y.
Removed top 1 bits (of 38) from wire lockstep.$flatten\tile.\g_issue_fast.u_ts.\u_t.$or$/tmp/opentallas-qrom-source-context-next-20261002/rtl/hdc/ot_qwen_w12_matvec.sv:1265$5557_Y.
Removed top 1 bits (of 38) from wire lockstep.$flatten\tile.\g_issue_fast.u_ts.\u_t.$and$/tmp/opentallas-qrom-source-context-next-20261002/rtl/hdc/ot_qwen_w12_matvec.sv:1265$5556_Y.
Removed top 1 bits (of 38) from wire lockstep.$flatten\tile.\g_issue_fast.u_ts.\u_t.$and$/tmp/opentallas-qrom-source-context-next-20261002/rtl/hdc/ot_qwen_w12_matvec.sv:1265$5555_Y.
Removed top 1 bits (of 38) from wire lockstep.$flatten\tile.\g_issue_fast.u_ts.\u_t.$or$/tmp/opentallas-qrom-source-context-next-20261002/rtl/hdc/ot_qwen_w12_matvec.sv:1265$5551_Y.
Removed top 1 bits (of 38) from wire lockstep.$flatten\tile.\g_issue_fast.u_ts.\u_t.$and$/tmp/opentallas-qrom-source-context-next-20261002/rtl/hdc/ot_qwen_w12_matvec.sv:1265$5550_Y.
Removed top 1 bits (of 38) from wire lockstep.$flatten\tile.\g_issue_fast.u_ts.\u_t.$or$/tmp/opentallas-qrom-source-context-next-20261002/rtl/hdc/ot_qwen_w12_matvec.sv:1265$5549_Y.
Removed top 1 bits (of 38) from wire lockstep.$flatten\tile.\g_issue_fast.u_ts.\u_t.$and$/tmp/opentallas-qrom-source-context-next-20261002/rtl/hdc/ot_qwen_w12_matvec.sv:1265$5548_Y.
Removed top 1 bits (of 38) from wire lockstep.$flatten\tile.\g_issue_fast.u_ts.\u_t.$and$/tmp/opentallas-qrom-source-context-next-20261002/rtl/hdc/ot_qwen_w12_matvec.sv:1265$5547_Y.
Removed top 1 bits (of 38) from wire lockstep.$flatten\tile.\g_issue_fast.u_ts.\u_t.$or$/tmp/opentallas-qrom-source-context-next-20261002/rtl/hdc/ot_qwen_w12_matvec.sv:1265$5543_Y.
Removed top 1 bits (of 38) from wire lockstep.$flatten\tile.\g_issue_fast.u_ts.\u_t.$and$/tmp/opentallas-qrom-source-context-next-20261002/rtl/hdc/ot_qwen_w12_matvec.sv:1265$5542_Y.
Removed top 1 bits (of 38) from wire lockstep.$flatten\tile.\g_issue_fast.u_ts.\u_t.$or$/tmp/opentallas-qrom-source-context-next-20261002/rtl/hdc/ot_qwen_w12_matvec.sv:1265$5541_Y.
Removed top 1 bits (of 38) from wire lockstep.$flatten\tile.\g_issue_fast.u_ts.\u_t.$and$/tmp/opentallas-qrom-source-context-next-20261002/rtl/hdc/ot_qwen_w12_matvec.sv:1265$5540_Y.
Removed top 1 bits (of 38) from wire lockstep.$flatten\tile.\g_issue_fast.u_ts.\u_t.$and$/tmp/opentallas-qrom-source-context-next-20261002/rtl/hdc/ot_qwen_w12_matvec.sv:1265$5539_Y.
Removed top 1 bits (of 38) from wire lockstep.$flatten\root.\g_issue_fast.u_ts.\u_t.$and$/tmp/opentallas-qrom-source-context-next-20261002/rtl/hdc/ot_qwen_w12_matvec.sv:1265$5539_Y.
Removed top 1 bits (of 38) from wire lockstep.$flatten\root.\g_issue_fast.u_ts.\u_t.$and$/tmp/opentallas-qrom-source-context-next-20261002/rtl/hdc/ot_qwen_w12_matvec.sv:1265$5540_Y.
Removed top 1 bits (of 38) from wire lockstep.$flatten\root.\g_issue_fast.u_ts.\u_t.$or$/tmp/opentallas-qrom-source-context-next-20261002/rtl/hdc/ot_qwen_w12_matvec.sv:1265$5541_Y.
Removed top 1 bits (of 38) from wire lockstep.$flatten\root.\g_issue_fast.u_ts.\u_t.$and$/tmp/opentallas-qrom-source-context-next-20261002/rtl/hdc/ot_qwen_w12_matvec.sv:1265$5542_Y.
Removed top 1 bits (of 38) from wire lockstep.$flatten\root.\g_issue_fast.u_ts.\u_t.$or$/tmp/opentallas-qrom-source-context-next-20261002/rtl/hdc/ot_qwen_w12_matvec.sv:1265$5543_Y.
Removed top 1 bits (of 38) from wire lockstep.$flatten\root.\g_issue_fast.u_ts.\u_t.$and$/tmp/opentallas-qrom-source-context-next-20261002/rtl/hdc/ot_qwen_w12_matvec.sv:1265$5547_Y.
Removed top 1 bits (of 38) from wire lockstep.$flatten\root.\g_issue_fast.u_ts.\u_t.$and$/tmp/opentallas-qrom-source-context-next-20261002/rtl/hdc/ot_qwen_w12_matvec.sv:1265$5548_Y.
Removed top 1 bits (of 38) from wire lockstep.$flatten\root.\g_issue_fast.u_ts.\u_t.$or$/tmp/opentallas-qrom-source-context-next-20261002/rtl/hdc/ot_qwen_w12_matvec.sv:1265$5549_Y.
Removed top 1 bits (of 38) from wire lockstep.$flatten\root.\g_issue_fast.u_ts.\u_t.$and$/tmp/opentallas-qrom-source-context-next-20261002/rtl/hdc/ot_qwen_w12_matvec.sv:1265$5550_Y.
Removed top 1 bits (of 38) from wire lockstep.$flatten\root.\g_issue_fast.u_ts.\u_t.$or$/tmp/opentallas-qrom-source-context-next-20261002/rtl/hdc/ot_qwen_w12_matvec.sv:1265$5551_Y.
Removed top 1 bits (of 38) from wire lockstep.$flatten\root.\g_issue_fast.u_ts.\u_t.$and$/tmp/opentallas-qrom-source-context-next-20261002/rtl/hdc/ot_qwen_w12_matvec.sv:1265$5555_Y.
Removed top 1 bits (of 38) from wire lockstep.$flatten\root.\g_issue_fast.u_ts.\u_t.$and$/tmp/opentallas-qrom-source-context-next-20261002/rtl/hdc/ot_qwen_w12_matvec.sv:1265$5556_Y.
Removed top 1 bits (of 38) from wire lockstep.$flatten\root.\g_issue_fast.u_ts.\u_t.$or$/tmp/opentallas-qrom-source-context-next-20261002/rtl/hdc/ot_qwen_w12_matvec.sv:1265$5557_Y.
Removed top 1 bits (of 38) from wire lockstep.$flatten\root.\g_issue_fast.u_ts.\u_t.$and$/tmp/opentallas-qrom-source-context-next-20261002/rtl/hdc/ot_qwen_w12_matvec.sv:1265$5558_Y.
Removed top 1 bits (of 38) from wire lockstep.$flatten\root.\g_issue_fast.u_ts.\u_t.$or$/tmp/opentallas-qrom-source-context-next-20261002/rtl/hdc/ot_qwen_w12_matvec.sv:1265$5559_Y.
Removed top 1 bits (of 38) from wire lockstep.$flatten\root.\g_issue_fast.u_ts.\u_t.$and$/tmp/opentallas-qrom-source-context-next-20261002/rtl/hdc/ot_qwen_w12_matvec.sv:1265$5563_Y.
Removed top 1 bits (of 38) from wire lockstep.$flatten\root.\g_issue_fast.u_ts.\u_t.$and$/tmp/opentallas-qrom-source-context-next-20261002/rtl/hdc/ot_qwen_w12_matvec.sv:1265$5564_Y.
Removed top 1 bits (of 38) from wire lockstep.$flatten\root.\g_issue_fast.u_ts.\u_t.$or$/tmp/opentallas-qrom-source-context-next-20261002/rtl/hdc/ot_qwen_w12_matvec.sv:1265$5565_Y.
Removed top 1 bits (of 38) from wire lockstep.$flatten\root.\g_issue_fast.u_ts.\u_t.$and$/tmp/opentallas-qrom-source-context-next-20261002/rtl/hdc/ot_qwen_w12_matvec.sv:1265$5566_Y.
Removed top 1 bits (of 38) from wire lockstep.$flatten\root.\g_issue_fast.u_ts.\u_t.$or$/tmp/opentallas-qrom-source-context-next-20261002/rtl/hdc/ot_qwen_w12_matvec.sv:1265$5567_Y.
Removed top 1 bits (of 38) from wire lockstep.$flatten\root.\g_issue_fast.u_ts.\u_t.$and$/tmp/opentallas-qrom-source-context-next-20261002/rtl/hdc/ot_qwen_w12_matvec.sv:1265$5571_Y.
Removed top 1 bits (of 38) from wire lockstep.$flatten\root.\g_issue_fast.u_ts.\u_t.$and$/tmp/opentallas-qrom-source-context-next-20261002/rtl/hdc/ot_qwen_w12_matvec.sv:1265$5572_Y.
Removed top 1 bits (of 38) from wire lockstep.$flatten\root.\g_issue_fast.u_ts.\u_t.$or$/tmp/opentallas-qrom-source-context-next-20261002/rtl/hdc/ot_qwen_w12_matvec.sv:1265$5573_Y.
Removed top 1 bits (of 38) from wire lockstep.$flatten\root.\g_issue_fast.u_ts.\u_t.$and$/tmp/opentallas-qrom-source-context-next-20261002/rtl/hdc/ot_qwen_w12_matvec.sv:1265$5574_Y.
Removed top 1 bits (of 38) from wire lockstep.$flatten\root.\g_issue_fast.u_ts.\u_t.$or$/tmp/opentallas-qrom-source-context-next-20261002/rtl/hdc/ot_qwen_w12_matvec.sv:1265$5575_Y.
Removed top 1 bits (of 38) from wire lockstep.$flatten\root.\g_issue_fast.u_ts.\u_t.$and$/tmp/opentallas-qrom-source-context-next-20261002/rtl/hdc/ot_qwen_w12_matvec.sv:1265$5579_Y.
Removed top 1 bits (of 38) from wire lockstep.$flatten\root.\g_issue_fast.u_ts.\u_t.$and$/tmp/opentallas-qrom-source-context-next-20261002/rtl/hdc/ot_qwen_w12_matvec.sv:1265$5580_Y.
Removed top 1 bits (of 38) from wire lockstep.$flatten\root.\g_issue_fast.u_ts.\u_t.$or$/tmp/opentallas-qrom-source-context-next-20261002/rtl/hdc/ot_qwen_w12_matvec.sv:1265$5581_Y.
Removed top 1 bits (of 38) from wire lockstep.$flatten\root.\g_issue_fast.u_ts.\u_t.$and$/tmp/opentallas-qrom-source-context-next-20261002/rtl/hdc/ot_qwen_w12_matvec.sv:1265$5582_Y.
Removed top 1 bits (of 38) from wire lockstep.$flatten\root.\g_issue_fast.u_ts.\u_t.$or$/tmp/opentallas-qrom-source-context-next-20261002/rtl/hdc/ot_qwen_w12_matvec.sv:1265$5583_Y.
Removed top 1 bits (of 38) from wire lockstep.$flatten\root.\g_issue_fast.u_ts.\u_t.$and$/tmp/opentallas-qrom-source-context-next-20261002/rtl/hdc/ot_qwen_w12_matvec.sv:1265$5587_Y.
Removed top 1 bits (of 38) from wire lockstep.$flatten\root.\g_issue_fast.u_ts.\u_t.$and$/tmp/opentallas-qrom-source-context-next-20261002/rtl/hdc/ot_qwen_w12_matvec.sv:1265$5588_Y.
Removed top 1 bits (of 38) from wire lockstep.$flatten\root.\g_issue_fast.u_ts.\u_t.$or$/tmp/opentallas-qrom-source-context-next-20261002/rtl/hdc/ot_qwen_w12_matvec.sv:1265$5589_Y.
Removed top 1 bits (of 38) from wire lockstep.$flatten\root.\g_issue_fast.u_ts.\u_t.$and$/tmp/opentallas-qrom-source-context-next-20261002/rtl/hdc/ot_qwen_w12_matvec.sv:1265$5590_Y.
Removed top 1 bits (of 38) from wire lockstep.$flatten\root.\g_issue_fast.u_ts.\u_t.$or$/tmp/opentallas-qrom-source-context-next-20261002/rtl/hdc/ot_qwen_w12_matvec.sv:1265$5591_Y.
Removed top 1 bits (of 38) from wire lockstep.$flatten\root.\g_issue_fast.u_ts.\u_t.$and$/tmp/opentallas-qrom-source-context-next-20261002/rtl/hdc/ot_qwen_w12_matvec.sv:1265$5595_Y.
Removed top 1 bits (of 38) from wire lockstep.$flatten\root.\g_issue_fast.u_ts.\u_t.$and$/tmp/opentallas-qrom-source-context-next-20261002/rtl/hdc/ot_qwen_w12_matvec.sv:1265$5596_Y.
Removed top 1 bits (of 38) from wire lockstep.$flatten\root.\g_issue_fast.u_ts.\u_t.$or$/tmp/opentallas-qrom-source-context-next-20261002/rtl/hdc/ot_qwen_w12_matvec.sv:1265$5597_Y.
Removed top 1 bits (of 38) from wire lockstep.$flatten\root.\g_issue_fast.u_ts.\u_t.$and$/tmp/opentallas-qrom-source-context-next-20261002/rtl/hdc/ot_qwen_w12_matvec.sv:1265$5598_Y.
Removed top 1 bits (of 38) from wire lockstep.$flatten\root.\g_issue_fast.u_ts.\u_t.$or$/tmp/opentallas-qrom-source-context-next-20261002/rtl/hdc/ot_qwen_w12_matvec.sv:1265$5599_Y.
Removed top 1 bits (of 38) from wire lockstep.$flatten\root.\g_issue_fast.u_ts.\u_t.$and$/tmp/opentallas-qrom-source-context-next-20261002/rtl/hdc/ot_qwen_w12_matvec.sv:1265$5603_Y.
Removed top 1 bits (of 38) from wire lockstep.$flatten\root.\g_issue_fast.u_ts.\u_t.$and$/tmp/opentallas-qrom-source-context-next-20261002/rtl/hdc/ot_qwen_w12_matvec.sv:1265$5604_Y.
Removed top 1 bits (of 38) from wire lockstep.$flatten\root.\g_issue_fast.u_ts.\u_t.$or$/tmp/opentallas-qrom-source-context-next-20261002/rtl/hdc/ot_qwen_w12_matvec.sv:1265$5605_Y.
Removed top 1 bits (of 38) from wire lockstep.$flatten\root.\g_issue_fast.u_ts.\u_t.$and$/tmp/opentallas-qrom-source-context-next-20261002/rtl/hdc/ot_qwen_w12_matvec.sv:1265$5606_Y.
Removed top 1 bits (of 38) from wire lockstep.$flatten\root.\g_issue_fast.u_ts.\u_t.$or$/tmp/opentallas-qrom-source-context-next-20261002/rtl/hdc/ot_qwen_w12_matvec.sv:1265$5607_Y.
Removed top 1 bits (of 38) from wire lockstep.$flatten\root.\g_issue_fast.u_ts.\u_t.$and$/tmp/opentallas-qrom-source-context-next-20261002/rtl/hdc/ot_qwen_w12_matvec.sv:1265$5611_Y.
Removed top 1 bits (of 38) from wire lockstep.$flatten\root.\g_issue_fast.u_ts.\u_t.$and$/tmp/opentallas-qrom-source-context-next-20261002/rtl/hdc/ot_qwen_w12_matvec.sv:1265$5612_Y.
Removed top 1 bits (of 38) from wire lockstep.$flatten\root.\g_issue_fast.u_ts.\u_t.$or$/tmp/opentallas-qrom-source-context-next-20261002/rtl/hdc/ot_qwen_w12_matvec.sv:1265$5613_Y.
Removed top 1 bits (of 38) from wire lockstep.$flatten\root.\g_issue_fast.u_ts.\u_t.$and$/tmp/opentallas-qrom-source-context-next-20261002/rtl/hdc/ot_qwen_w12_matvec.sv:1265$5614_Y.
Removed top 1 bits (of 38) from wire lockstep.$flatten\root.\g_issue_fast.u_ts.\u_t.$or$/tmp/opentallas-qrom-source-context-next-20261002/rtl/hdc/ot_qwen_w12_matvec.sv:1265$5615_Y.
Removed top 1 bits (of 38) from wire lockstep.$flatten\root.\g_issue_fast.u_ts.\u_t.$and$/tmp/opentallas-qrom-source-context-next-20261002/rtl/hdc/ot_qwen_w12_matvec.sv:1265$5619_Y.
Removed top 1 bits (of 38) from wire lockstep.$flatten\root.\g_issue_fast.u_ts.\u_t.$and$/tmp/opentallas-qrom-source-context-next-20261002/rtl/hdc/ot_qwen_w12_matvec.sv:1265$5620_Y.
Removed top 1 bits (of 38) from wire lockstep.$flatten\root.\g_issue_fast.u_ts.\u_t.$or$/tmp/opentallas-qrom-source-context-next-20261002/rtl/hdc/ot_qwen_w12_matvec.sv:1265$5621_Y.
Removed top 1 bits (of 38) from wire lockstep.$flatten\root.\g_issue_fast.u_ts.\u_t.$and$/tmp/opentallas-qrom-source-context-next-20261002/rtl/hdc/ot_qwen_w12_matvec.sv:1265$5622_Y.
Removed top 1 bits (of 38) from wire lockstep.$flatten\root.\g_issue_fast.u_ts.\u_t.$or$/tmp/opentallas-qrom-source-context-next-20261002/rtl/hdc/ot_qwen_w12_matvec.sv:1265$5623_Y.
Removed top 1 bits (of 38) from wire lockstep.$flatten\root.\g_issue_fast.u_ts.\u_t.$and$/tmp/opentallas-qrom-source-context-next-20261002/rtl/hdc/ot_qwen_w12_matvec.sv:1265$5627_Y.
Removed top 1 bits (of 38) from wire lockstep.$flatten\root.\g_issue_fast.u_ts.\u_t.$and$/tmp/opentallas-qrom-source-context-next-20261002/rtl/hdc/ot_qwen_w12_matvec.sv:1265$5628_Y.
Removed top 1 bits (of 38) from wire lockstep.$flatten\root.\g_issue_fast.u_ts.\u_t.$or$/tmp/opentallas-qrom-source-context-next-20261002/rtl/hdc/ot_qwen_w12_matvec.sv:1265$5629_Y.
Removed top 1 bits (of 38) from wire lockstep.$flatten\root.\g_issue_fast.u_ts.\u_t.$and$/tmp/opentallas-qrom-source-context-next-20261002/rtl/hdc/ot_qwen_w12_matvec.sv:1265$5630_Y.
Removed top 1 bits (of 38) from wire lockstep.$flatten\root.\g_issue_fast.u_ts.\u_t.$or$/tmp/opentallas-qrom-source-context-next-20261002/rtl/hdc/ot_qwen_w12_matvec.sv:1265$5631_Y.
Removed top 1 bits (of 19) from wire lockstep.$flatten\root.$0\g_issue_fast.kpad_a[18:0].
Removed top 14 bits (of 32) from wire lockstep.$flatten\tile.$add$/tmp/qrom-issue-lockstep-760a-r2/literal.sv:94$4851_Y.
Removed top 14 bits (of 32) from wire lockstep.$flatten\tile.$sub$/tmp/qrom-issue-lockstep-760a-r2/literal.sv:94$4850_Y.
Removed top 14 bits (of 32) from wire lockstep.$flatten\tile.$shl$/tmp/qrom-issue-lockstep-760a-r2/literal.sv:94$4849_Y.
Removed top 1 bits (of 19) from wire lockstep.$flatten\tile.$0\g_issue_fast.kpad_a[18:0].
Removed top 18 bits (of 379) from wire lockstep.ib_q.

5.10. Executing OPT_CLEAN pass (remove unused cells and wires).
Finding unused cells or wires in module \lockstep..
Removed 0 unused cells and 303 unused wires.
<suppressed ~1 debug messages>

5.11. Executing MEMORY_COLLECT pass (generating $mem cells).

5.12. Executing OPT pass (performing simple optimizations).

5.12.1. Executing OPT_EXPR pass (perform const folding).
Optimizing module lockstep.

5.12.2. Executing OPT_MERGE pass (detect identical cells).
Finding identical cells in module `\lockstep'.
Computing hashes of 7608 cells of `\lockstep'.
Finding duplicate cells in `\lockstep'.
Removed a total of 0 cells.

5.12.3. Executing OPT_CLEAN pass (remove unused cells and wires).
Finding unused cells or wires in module \lockstep..

5.12.4. Finished fast OPT passes.

5.13. Executing SORT pass.

5.14. Printing statistics.

=== lockstep ===

        +----------Local Count, excluding submodules.
        | 
     4043 wires
    60797 wire bits
     1193 public wires
    42637 public wire bits
        5 ports
      510 port bits
     7608 cells
        4   $add
       13   $adff
     4500   $and
        6   $check
      141   $dff
       19   $eq
        4   $ge
        2   $le
        6   $logic_and
        8   $logic_not
        2   $lt
        4   $mul
      376   $mux
       10   $not
     2258   $or
       77   $scopeinfo
       14   $shl
        6   $shr
        8   $sub
      150   $xor

5.15. Executing CHECK pass (checking for obvious problems).
Checking module lockstep...
Found and reported 0 problems.

6. Executing ASYNC2SYNC pass.
Replacing lockstep.$flatten\broadcast.$procdff$7881 ($adff): ARST=\rst_n, D=\broadcast.tgo, Q=\broadcast.go_q
Replacing lockstep.$flatten\root.$procdff$7189 ($adff): ARST=\rst_n, D=$flatten\root.$0\wrom_re[0:0], Q=\root.wrom_re
Replacing lockstep.$flatten\root.$procdff$7194 ($adff): ARST=\rst_n, D=$flatten\root.$0\kv_re[0:0], Q=\root.kv_re
Replacing lockstep.$flatten\root.$procdff$7206 ($adff): ARST=\rst_n, D=$flatten\root.$0\active[0:0], Q=\root.active
Replacing lockstep.$flatten\root.$procdff$7477 ($adff): ARST=\rst_n, D=$flatten\root.$0\split_fault[0:0], Q=\root.split_fault
Replacing lockstep.$flatten\root.$procdff$7482 ($adff): ARST=\rst_n, D=$flatten\root.$0\pend[0:0], Q=\root.pend
Replacing lockstep.$flatten\root.$procdff$7487 ($adff): ARST=\rst_n, D=$flatten\root.$0\pcnt[3:0], Q=\root.pcnt
Replacing lockstep.$flatten\tile.$procdff$7531 ($adff): ARST=\rst_n, D=$flatten\tile.$0\wrom_re[0:0], Q=\tile.wrom_re
Replacing lockstep.$flatten\tile.$procdff$7536 ($adff): ARST=\rst_n, D=$flatten\tile.$0\kv_re[0:0], Q=\tile.kv_re
Replacing lockstep.$flatten\tile.$procdff$7548 ($adff): ARST=\rst_n, D=$flatten\tile.$0\active[0:0], Q=\tile.active
Replacing lockstep.$flatten\tile.$procdff$7819 ($adff): ARST=\rst_n, D=$flatten\tile.$0\split_fault[0:0], Q=\tile.split_fault
Replacing lockstep.$flatten\tile.$procdff$7824 ($adff): ARST=\rst_n, D=$flatten\tile.$0\pend[0:0], Q=\tile.pend
Replacing lockstep.$flatten\tile.$procdff$7829 ($adff): ARST=\rst_n, D=$flatten\tile.$0\pcnt[3:0], Q=\tile.pcnt

7. Executing DFFUNMAP pass (unmap clock enable and synchronous reset from FFs).

8. Executing OPT pass (performing simple optimizations).

8.1. Executing OPT_EXPR pass (perform const folding).
Optimizing module lockstep.
<suppressed ~8 debug messages>

8.2. Executing OPT_MERGE pass (detect identical cells).
Finding identical cells in module `\lockstep'.
Computing hashes of 7642 cells of `\lockstep'.
Finding duplicate cells in `\lockstep'.
Computing hashes of 7595 cells of `\lockstep'.
Finding duplicate cells in `\lockstep'.
Computing hashes of 7537 cells of `\lockstep'.
Finding duplicate cells in `\lockstep'.
Computing hashes of 7515 cells of `\lockstep'.
Finding duplicate cells in `\lockstep'.
Computing hashes of 7497 cells of `\lockstep'.
Finding duplicate cells in `\lockstep'.
Computing hashes of 7476 cells of `\lockstep'.
Finding duplicate cells in `\lockstep'.
Computing hashes of 7464 cells of `\lockstep'.
Finding duplicate cells in `\lockstep'.
Computing hashes of 7455 cells of `\lockstep'.
Finding duplicate cells in `\lockstep'.
Computing hashes of 7446 cells of `\lockstep'.
Finding duplicate cells in `\lockstep'.
Computing hashes of 7440 cells of `\lockstep'.
Finding duplicate cells in `\lockstep'.
Computing hashes of 7437 cells of `\lockstep'.
Finding duplicate cells in `\lockstep'.
Computing hashes of 7431 cells of `\lockstep'.
Finding duplicate cells in `\lockstep'.
<suppressed ~633 debug messages>
Removed a total of 211 cells.

8.3. Executing OPT_MUXTREE pass (detect dead branches in mux trees).
Running muxtree optimizer on module \lockstep..
  Creating internal representation of mux trees.
  Evaluating internal representation of mux trees.
  Analyzing evaluation results.
    dead port 2/2 on $mux $auto$async2sync.cc:262:execute$8217.
    dead port 2/2 on $mux $auto$async2sync.cc:262:execute$8219.
    dead port 2/2 on $mux $auto$async2sync.cc:262:execute$8223.
Removed 3 multiplexer ports.
<suppressed ~535 debug messages>

8.4. Executing OPT_REDUCE pass (consolidate $*mux and $reduce_* inputs).
  Optimizing cells in module \lockstep.
Performed a total of 0 changes.

8.5. Executing OPT_MERGE pass (detect identical cells).
Finding identical cells in module `\lockstep'.
Computing hashes of 7428 cells of `\lockstep'.
Finding duplicate cells in `\lockstep'.
Computing hashes of 7427 cells of `\lockstep'.
Finding duplicate cells in `\lockstep'.
<suppressed ~3 debug messages>
Removed a total of 1 cells.

8.6. Executing OPT_DFF pass (perform DFF optimizations).
Adding SRST signal on $procdff$7872 ($dff) from module lockstep (D = \root.kv_re, Q = \ref_kr, rval = 1'0).
Adding SRST signal on $procdff$7871 ($dff) from module lockstep (D = \root.wrom_re, Q = \ref_rr, rval = 1'0).
Adding SRST signal on $procdff$7870 ($dff) from module lockstep (D = { \root.active \root.pend \root.pcnt \root.split_fault }, Q = \shadow, rval = 7'0000000).
Adding EN signal on $procdff$7869 ($dff) from module lockstep (D = 1'1, Q = \seen_reset).
Adding SRST signal on $flatten\root.$procdff$7511 ($dff) from module lockstep (D = $flatten\root.$shl$/tmp/qrom-issue-lockstep-760a-r2/literal.sv:90$5013_Y, Q = \root.g_issue_fast.tsh[12], rval = 38'00000000000000000000000000000000000000).
Adding SRST signal on $flatten\root.$procdff$7510 ($dff) from module lockstep (D = $flatten\root.$shl$/tmp/qrom-issue-lockstep-760a-r2/literal.sv:90$5003_Y, Q = \root.g_issue_fast.tsh[11], rval = 38'00000000000000000000000000000000000000).
Adding EN signal on $flatten\root.$procdff$7381 ($dff) from module lockstep (D = $flatten\root.$procmux$6411_Y, Q = \root.j).
Adding EN signal on $flatten\root.$procdff$7374 ($dff) from module lockstep (D = $flatten\root.$procmux$6425_Y, Q = \root.k).
Adding EN signal on $flatten\root.$procdff$7367 ($dff) from module lockstep (D = $flatten\root.$procmux$6442_Y, Q = \root.t).
Adding EN signal on $flatten\root.$procdff$7360 ($dff) from module lockstep (D = \ib [131:129], Q = \root.jsh_r).
Adding EN signal on $flatten\root.$procdff$7353 ($dff) from module lockstep (D = \ib [51:28], Q = \root.ojs_r).
Adding EN signal on $flatten\root.$procdff$7346 ($dff) from module lockstep (D = \ib [75:52], Q = \root.ots_r).
Adding SRST signal on $flatten\tile.$procdff$7829 ($dff) from module lockstep (D = $flatten\tile.$0\pcnt[3:0], Q = $auto$async2sync.cc:253:execute$8238, rval = 4'0000).
Adding SRST signal on $flatten\tile.$procdff$7824 ($dff) from module lockstep (D = $flatten\tile.$0\pend[0:0], Q = $auto$async2sync.cc:253:execute$8236, rval = 1'0).
Adding SRST signal on $flatten\tile.$procdff$7819 ($dff) from module lockstep (D = $flatten\tile.$0\split_fault[0:0], Q = $auto$async2sync.cc:253:execute$8234, rval = 1'0).
Adding SRST signal on $flatten\tile.$procdff$7548 ($dff) from module lockstep (D = $flatten\tile.$0\active[0:0], Q = $auto$async2sync.cc:253:execute$8232, rval = 1'0).
Adding SRST signal on $flatten\tile.$procdff$7536 ($dff) from module lockstep (D = \tile.wsrc_r, Q = $auto$async2sync.cc:253:execute$8230, rval = 1'0).
Adding EN signal on $flatten\root.$procdff$7332 ($dff) from module lockstep (D = \ib [179:156], Q = \root.xjs_r).
Adding EN signal on $flatten\root.$procdff$7325 ($dff) from module lockstep (D = \ib [203:180], Q = \root.xks_r).
Adding EN signal on $flatten\root.$procdff$7318 ($dff) from module lockstep (D = \ib [251:228], Q = \root.js_r).
Adding EN signal on $flatten\root.$procdff$7472 ($dff) from module lockstep (D = $flatten\root.$procmux$6209_Y, Q = \root.k_last).
Adding EN signal on $flatten\root.$procdff$7311 ($dff) from module lockstep (D = \ib [275:252], Q = \root.ks_r).
Adding EN signal on $flatten\root.$procdff$7465 ($dff) from module lockstep (D = $flatten\root.$procmux$6226_Y, Q = \root.t_last).
Adding EN signal on $flatten\root.$procdff$7304 ($dff) from module lockstep (D = \ib [299:276], Q = \root.ts_r).
Adding EN signal on $flatten\root.$procdff$7458 ($dff) from module lockstep (D = $flatten\root.$procmux$6243_Y, Q = \root.lb).
Adding EN signal on $flatten\root.$procdff$7297 ($dff) from module lockstep (D = \ib [342:325], Q = \root.ktot_r).
Adding SRST signal on $flatten\tile.$procdff$7531 ($dff) from module lockstep (D = $flatten\tile.$logic_not$/tmp/qrom-issue-lockstep-760a-r2/literal.sv:165$4872_Y, Q = $auto$async2sync.cc:253:execute$8228, rval = 1'0).
Adding SRST signal on $flatten\root.$procdff$7487 ($dff) from module lockstep (D = $flatten\root.$0\pcnt[3:0], Q = $auto$async2sync.cc:253:execute$8226, rval = 4'0000).
Adding SRST signal on $flatten\root.$procdff$7482 ($dff) from module lockstep (D = $flatten\root.$0\pend[0:0], Q = $auto$async2sync.cc:253:execute$8224, rval = 1'0).
Adding EN signal on $flatten\root.$procdff$7451 ($dff) from module lockstep (D = $flatten\root.$procmux$6260_Y, Q = \root.nb_t).
Adding EN signal on $flatten\root.$procdff$7444 ($dff) from module lockstep (D = $flatten\root.$procmux$6277_Y, Q = \root.nb).
Adding SRST signal on $flatten\root.$procdff$7477 ($dff) from module lockstep (D = $flatten\root.$0\split_fault[0:0], Q = $auto$async2sync.cc:253:execute$8222, rval = 1'0).
Adding EN signal on $auto$ff.cc:337:slice$8463 ($sdff) from module lockstep (D = $flatten\root.$0\split_fault[0:0], Q = $auto$async2sync.cc:253:execute$8222).
Adding SRST signal on $flatten\tile.$procdff$7867 ($dff) from module lockstep (D = $flatten\tile.$shl$/tmp/qrom-issue-lockstep-760a-r2/literal.sv:91$4836_Y, Q = \tile.g_issue_fast.osh[12], rval = 38'00000000000000000000000000000000000000).
Adding SRST signal on $flatten\tile.$procdff$7866 ($dff) from module lockstep (D = $flatten\tile.$shl$/tmp/qrom-issue-lockstep-760a-r2/literal.sv:91$4826_Y, Q = \tile.g_issue_fast.osh[11], rval = 38'00000000000000000000000000000000000000).
Adding SRST signal on $flatten\tile.$procdff$7853 ($dff) from module lockstep (D = $flatten\tile.$shl$/tmp/qrom-issue-lockstep-760a-r2/literal.sv:90$4831_Y, Q = \tile.g_issue_fast.tsh[12], rval = 38'00000000000000000000000000000000000000).
Adding SRST signal on $flatten\tile.$procdff$7852 ($dff) from module lockstep (D = $flatten\tile.$shl$/tmp/qrom-issue-lockstep-760a-r2/literal.sv:90$4821_Y, Q = \tile.g_issue_fast.tsh[11], rval = 38'00000000000000000000000000000000000000).
Adding EN signal on $flatten\tile.$procdff$7814 ($dff) from module lockstep (D = $flatten\tile.$procmux$6711_Y, Q = \tile.k_last).
Adding EN signal on $flatten\tile.$procdff$7807 ($dff) from module lockstep (D = $flatten\tile.$procmux$6728_Y, Q = \tile.t_last).
Adding EN signal on $flatten\tile.$procdff$7800 ($dff) from module lockstep (D = $flatten\tile.$procmux$6745_Y, Q = \tile.lb).
Adding EN signal on $flatten\tile.$procdff$7793 ($dff) from module lockstep (D = $flatten\tile.$procmux$6762_Y, Q = \tile.nb_t).
Adding EN signal on $flatten\tile.$procdff$7786 ($dff) from module lockstep (D = $flatten\tile.$procmux$6779_Y, Q = \tile.nb).
Adding EN signal on $flatten\tile.$procdff$7779 ($dff) from module lockstep (D = $flatten\tile.$procmux$6796_Y, Q = \tile.ot).
Adding EN signal on $flatten\tile.$procdff$7772 ($dff) from module lockstep (D = $flatten\tile.$procmux$6813_Y, Q = \tile.oa).
Adding EN signal on $flatten\tile.$procdff$7765 ($dff) from module lockstep (D = \broadcast.ib_q [227:204], Q = \tile.xk_base).
Adding EN signal on $flatten\tile.$procdff$7758 ($dff) from module lockstep (D = $flatten\tile.$procmux$6835_Y, Q = \tile.xc).
Adding EN signal on $flatten\tile.$procdff$7751 ($dff) from module lockstep (D = $flatten\tile.$procmux$6849_Y, Q = \tile.xk).
Adding EN signal on $flatten\tile.$procdff$7744 ($dff) from module lockstep (D = $flatten\tile.$procmux$6866_Y, Q = \tile.base_t).
Adding EN signal on $flatten\tile.$procdff$7737 ($dff) from module lockstep (D = $flatten\tile.$procmux$6883_Y, Q = \tile.base_k).
Adding EN signal on $flatten\tile.$procdff$7730 ($dff) from module lockstep (D = $flatten\tile.$procmux$6902_Y, Q = \tile.cur).
Adding EN signal on $flatten\tile.$procdff$7723 ($dff) from module lockstep (D = $flatten\tile.$procmux$6913_Y, Q = \tile.j).
Adding EN signal on $flatten\tile.$procdff$7716 ($dff) from module lockstep (D = $flatten\tile.$procmux$6927_Y, Q = \tile.k).
Adding EN signal on $flatten\tile.$procdff$7709 ($dff) from module lockstep (D = $flatten\tile.$procmux$6944_Y, Q = \tile.t).
Adding EN signal on $flatten\tile.$procdff$7702 ($dff) from module lockstep (D = \broadcast.ib_q [131:129], Q = \tile.jsh_r).
Adding EN signal on $flatten\tile.$procdff$7695 ($dff) from module lockstep (D = \broadcast.ib_q [51:28], Q = \tile.ojs_r).
Adding EN signal on $flatten\tile.$procdff$7688 ($dff) from module lockstep (D = \broadcast.ib_q [75:52], Q = \tile.ots_r).
Adding EN signal on $flatten\tile.$procdff$7674 ($dff) from module lockstep (D = \broadcast.ib_q [179:156], Q = \tile.xjs_r).
Adding EN signal on $flatten\tile.$procdff$7667 ($dff) from module lockstep (D = \broadcast.ib_q [203:180], Q = \tile.xks_r).
Adding EN signal on $flatten\tile.$procdff$7660 ($dff) from module lockstep (D = \broadcast.ib_q [251:228], Q = \tile.js_r).
Adding EN signal on $flatten\tile.$procdff$7653 ($dff) from module lockstep (D = \broadcast.ib_q [275:252], Q = \tile.ks_r).
Adding EN signal on $flatten\tile.$procdff$7646 ($dff) from module lockstep (D = \broadcast.ib_q [299:276], Q = \tile.ts_r).
Adding EN signal on $flatten\tile.$procdff$7639 ($dff) from module lockstep (D = \broadcast.ib_q [342:325], Q = \tile.ktot_r).
Adding EN signal on $flatten\tile.$procdff$7625 ($dff) from module lockstep (D = \broadcast.ib_q [128:125], Q = \tile.split_r).
Adding EN signal on $flatten\tile.$procdff$7569 ($dff) from module lockstep (D = \broadcast.ib_q [324], Q = \tile.wsrc_r).
Adding EN signal on $flatten\tile.$procdff$7562 ($dff) from module lockstep (D = \broadcast.ib_q [360:343], Q = \tile.tiles_r).
Adding EN signal on $flatten\tile.$procdff$7543 ($dff) from module lockstep (D = \tile.cur, Q = \tile.wrom_addr).
Adding SRST signal on $flatten\root.$procdff$7194 ($dff) from module lockstep (D = \root.wsrc_r, Q = $auto$async2sync.cc:253:execute$8218, rval = 1'0).
Adding SRST signal on $flatten\root.$procdff$7206 ($dff) from module lockstep (D = $flatten\root.$0\active[0:0], Q = $auto$async2sync.cc:253:execute$8220, rval = 1'0).
Adding EN signal on $flatten\root.$procdff$7283 ($dff) from module lockstep (D = \ib [128:125], Q = \root.split_r).
Adding EN signal on $flatten\root.$procdff$7227 ($dff) from module lockstep (D = \ib [324], Q = \root.wsrc_r).
Adding EN signal on $flatten\root.$procdff$7220 ($dff) from module lockstep (D = \ib [360:343], Q = \root.tiles_r).
Adding SRST signal on $flatten\root.$procdff$7525 ($dff) from module lockstep (D = $flatten\root.$shl$/tmp/qrom-issue-lockstep-760a-r2/literal.sv:91$5018_Y, Q = \root.g_issue_fast.osh[12], rval = 38'00000000000000000000000000000000000000).
Adding EN signal on $flatten\root.$procdff$7437 ($dff) from module lockstep (D = $flatten\root.$procmux$6294_Y, Q = \root.ot).
Adding EN signal on $flatten\root.$procdff$7430 ($dff) from module lockstep (D = $flatten\root.$procmux$6311_Y, Q = \root.oa).
Adding EN signal on $flatten\root.$procdff$7201 ($dff) from module lockstep (D = \root.cur, Q = \root.wrom_addr).
Adding EN signal on $flatten\root.$procdff$7423 ($dff) from module lockstep (D = \ib [227:204], Q = \root.xk_base).
Adding SRST signal on $flatten\root.$procdff$7524 ($dff) from module lockstep (D = $flatten\root.$shl$/tmp/qrom-issue-lockstep-760a-r2/literal.sv:91$5008_Y, Q = \root.g_issue_fast.osh[11], rval = 38'00000000000000000000000000000000000000).
Adding EN signal on $flatten\root.$procdff$7416 ($dff) from module lockstep (D = $flatten\root.$procmux$6333_Y, Q = \root.xc).
Adding EN signal on $flatten\root.$procdff$7409 ($dff) from module lockstep (D = $flatten\root.$procmux$6347_Y, Q = \root.xk).
Adding EN signal on $flatten\root.$procdff$7402 ($dff) from module lockstep (D = $flatten\root.$procmux$6364_Y, Q = \root.base_t).
Adding SRST signal on $flatten\root.$procdff$7189 ($dff) from module lockstep (D = $flatten\root.$logic_not$/tmp/qrom-issue-lockstep-760a-r2/literal.sv:165$5054_Y, Q = $auto$async2sync.cc:253:execute$8216, rval = 1'0).
Adding EN signal on $flatten\root.$procdff$7395 ($dff) from module lockstep (D = $flatten\root.$procmux$6381_Y, Q = \root.base_k).
Adding EN signal on $flatten\root.$procdff$7388 ($dff) from module lockstep (D = $flatten\root.$procmux$6400_Y, Q = \root.cur).
Setting constant 0-bit at position 0 on $flatten\root.$procdff$7499 ($dff) from module lockstep.
Setting constant 0-bit at position 1 on $flatten\root.$procdff$7499 ($dff) from module lockstep.
Setting constant 0-bit at position 2 on $flatten\root.$procdff$7499 ($dff) from module lockstep.
Setting constant 0-bit at position 3 on $flatten\root.$procdff$7499 ($dff) from module lockstep.
Setting constant 0-bit at position 4 on $flatten\root.$procdff$7499 ($dff) from module lockstep.
Setting constant 0-bit at position 5 on $flatten\root.$procdff$7499 ($dff) from module lockstep.
Setting constant 0-bit at position 6 on $flatten\root.$procdff$7499 ($dff) from module lockstep.
Setting constant 0-bit at position 7 on $flatten\root.$procdff$7499 ($dff) from module lockstep.
Setting constant 0-bit at position 8 on $flatten\root.$procdff$7499 ($dff) from module lockstep.
Setting constant 0-bit at position 9 on $flatten\root.$procdff$7499 ($dff) from module lockstep.
Setting constant 0-bit at position 10 on $flatten\root.$procdff$7499 ($dff) from module lockstep.
Setting constant 0-bit at position 11 on $flatten\root.$procdff$7499 ($dff) from module lockstep.
Setting constant 0-bit at position 12 on $flatten\root.$procdff$7499 ($dff) from module lockstep.
Setting constant 0-bit at position 13 on $flatten\root.$procdff$7499 ($dff) from module lockstep.
Setting constant 0-bit at position 14 on $flatten\root.$procdff$7499 ($dff) from module lockstep.
Setting constant 0-bit at position 15 on $flatten\root.$procdff$7499 ($dff) from module lockstep.
Setting constant 0-bit at position 16 on $flatten\root.$procdff$7499 ($dff) from module lockstep.
Setting constant 0-bit at position 17 on $flatten\root.$procdff$7499 ($dff) from module lockstep.
Setting constant 0-bit at position 18 on $flatten\root.$procdff$7499 ($dff) from module lockstep.
Setting constant 0-bit at position 19 on $flatten\root.$procdff$7499 ($dff) from module lockstep.
Setting constant 0-bit at position 20 on $flatten\root.$procdff$7499 ($dff) from module lockstep.
Setting constant 0-bit at position 21 on $flatten\root.$procdff$7499 ($dff) from module lockstep.
Setting constant 0-bit at position 22 on $flatten\root.$procdff$7499 ($dff) from module lockstep.
Setting constant 0-bit at position 23 on $flatten\root.$procdff$7499 ($dff) from module lockstep.
Setting constant 0-bit at position 24 on $flatten\root.$procdff$7499 ($dff) from module lockstep.
Setting constant 0-bit at position 25 on $flatten\root.$procdff$7499 ($dff) from module lockstep.
Setting constant 0-bit at position 26 on $flatten\root.$procdff$7499 ($dff) from module lockstep.
Setting constant 0-bit at position 27 on $flatten\root.$procdff$7499 ($dff) from module lockstep.
Setting constant 0-bit at position 28 on $flatten\root.$procdff$7499 ($dff) from module lockstep.
Setting constant 0-bit at position 29 on $flatten\root.$procdff$7499 ($dff) from module lockstep.
Setting constant 0-bit at position 30 on $flatten\root.$procdff$7499 ($dff) from module lockstep.
Setting constant 0-bit at position 31 on $flatten\root.$procdff$7499 ($dff) from module lockstep.
Setting constant 0-bit at position 32 on $flatten\root.$procdff$7499 ($dff) from module lockstep.
Setting constant 0-bit at position 33 on $flatten\root.$procdff$7499 ($dff) from module lockstep.
Setting constant 0-bit at position 34 on $flatten\root.$procdff$7499 ($dff) from module lockstep.
Setting constant 0-bit at position 35 on $flatten\root.$procdff$7499 ($dff) from module lockstep.
Setting constant 0-bit at position 36 on $flatten\root.$procdff$7499 ($dff) from module lockstep.
Setting constant 0-bit at position 37 on $flatten\root.$procdff$7499 ($dff) from module lockstep.

8.7. Executing OPT_CLEAN pass (remove unused cells and wires).
Finding unused cells or wires in module \lockstep..
Removed 214 unused cells and 346 unused wires.
<suppressed ~215 debug messages>

8.8. Executing OPT_EXPR pass (perform const folding).
Optimizing module lockstep.
<suppressed ~174 debug messages>

8.9. Rerunning OPT passes. (Maybe there is more to do..)

8.10. Executing OPT_MUXTREE pass (detect dead branches in mux trees).
Running muxtree optimizer on module \lockstep..
  Creating internal representation of mux trees.
  Evaluating internal representation of mux trees.
  Analyzing evaluation results.
Removed 0 multiplexer ports.
<suppressed ~278 debug messages>

8.11. Executing OPT_REDUCE pass (consolidate $*mux and $reduce_* inputs).
  Optimizing cells in module \lockstep.
Performed a total of 0 changes.

8.12. Executing OPT_MERGE pass (detect identical cells).
Finding identical cells in module `\lockstep'.
Computing hashes of 7299 cells of `\lockstep'.
Finding duplicate cells in `\lockstep'.
Computing hashes of 7136 cells of `\lockstep'.
Finding duplicate cells in `\lockstep'.
Computing hashes of 7090 cells of `\lockstep'.
Finding duplicate cells in `\lockstep'.
<suppressed ~627 debug messages>
Removed a total of 209 cells.

8.13. Executing OPT_DFF pass (perform DFF optimizations).
Setting constant 0-bit at position 0 on $flatten\root.$procdff$7491 ($dff) from module lockstep.
Setting constant 0-bit at position 1 on $flatten\root.$procdff$7491 ($dff) from module lockstep.
Setting constant 0-bit at position 2 on $flatten\root.$procdff$7491 ($dff) from module lockstep.
Setting constant 0-bit at position 3 on $flatten\root.$procdff$7491 ($dff) from module lockstep.
Setting constant 0-bit at position 4 on $flatten\root.$procdff$7491 ($dff) from module lockstep.
Setting constant 0-bit at position 5 on $flatten\root.$procdff$7491 ($dff) from module lockstep.
Setting constant 0-bit at position 6 on $flatten\root.$procdff$7491 ($dff) from module lockstep.
Setting constant 0-bit at position 0 on $flatten\root.$procdff$7492 ($dff) from module lockstep.
Setting constant 0-bit at position 1 on $flatten\root.$procdff$7492 ($dff) from module lockstep.
Setting constant 0-bit at position 2 on $flatten\root.$procdff$7492 ($dff) from module lockstep.
Setting constant 0-bit at position 3 on $flatten\root.$procdff$7492 ($dff) from module lockstep.
Setting constant 0-bit at position 18 on $flatten\root.$procdff$7492 ($dff) from module lockstep.
Setting constant 0-bit at position 0 on $flatten\tile.$procdff$7833 ($dff) from module lockstep.
Setting constant 0-bit at position 1 on $flatten\tile.$procdff$7833 ($dff) from module lockstep.
Setting constant 0-bit at position 2 on $flatten\tile.$procdff$7833 ($dff) from module lockstep.
Setting constant 0-bit at position 3 on $flatten\tile.$procdff$7833 ($dff) from module lockstep.
Setting constant 0-bit at position 4 on $flatten\tile.$procdff$7833 ($dff) from module lockstep.
Setting constant 0-bit at position 5 on $flatten\tile.$procdff$7833 ($dff) from module lockstep.
Setting constant 0-bit at position 6 on $flatten\tile.$procdff$7833 ($dff) from module lockstep.
Setting constant 0-bit at position 0 on $flatten\tile.$procdff$7834 ($dff) from module lockstep.
Setting constant 0-bit at position 1 on $flatten\tile.$procdff$7834 ($dff) from module lockstep.
Setting constant 0-bit at position 2 on $flatten\tile.$procdff$7834 ($dff) from module lockstep.
Setting constant 0-bit at position 3 on $flatten\tile.$procdff$7834 ($dff) from module lockstep.
Setting constant 0-bit at position 18 on $flatten\tile.$procdff$7834 ($dff) from module lockstep.

8.14. Executing OPT_CLEAN pass (remove unused cells and wires).
Finding unused cells or wires in module \lockstep..
Removed 0 unused cells and 327 unused wires.
<suppressed ~1 debug messages>

8.15. Executing OPT_EXPR pass (perform const folding).
Optimizing module lockstep.

8.16. Rerunning OPT passes. (Maybe there is more to do..)

8.17. Executing OPT_MUXTREE pass (detect dead branches in mux trees).
Running muxtree optimizer on module \lockstep..
  Creating internal representation of mux trees.
  Evaluating internal representation of mux trees.
  Analyzing evaluation results.
Removed 0 multiplexer ports.
<suppressed ~308 debug messages>

8.18. Executing OPT_REDUCE pass (consolidate $*mux and $reduce_* inputs).
  Optimizing cells in module \lockstep.
Performed a total of 0 changes.

8.19. Executing OPT_MERGE pass (detect identical cells).
Finding identical cells in module `\lockstep'.
Computing hashes of 7090 cells of `\lockstep'.
Finding duplicate cells in `\lockstep'.
Removed a total of 0 cells.

8.20. Executing OPT_DFF pass (perform DFF optimizations).

8.21. Executing OPT_CLEAN pass (remove unused cells and wires).
Finding unused cells or wires in module \lockstep..

8.22. Executing OPT_EXPR pass (perform const folding).
Optimizing module lockstep.

8.23. Finished fast OPT passes. (There is nothing left to do.)

9. Executing SAT pass (solving SAT problems in the circuit).
Using SAT solver `minisat`.

Setting up time step 1:
Import set-constraint: \rst_n = 1'1
Import set-constraint for this timestep: \rst_n = 1'0
Final constraint equation: \rst_n = 1'0
Import def constraint for this timestep: \clk
Import def constraint for this timestep: \rst_n
Import def constraint for this timestep: \go
Import def constraint for this timestep: \xl
Import def constraint for this timestep: \ib
Imported 7090 cells to SAT database.
Import set-constraint from init attribute: \seen_reset = 1'0
Final init constraint equation: \seen_reset = 1'0
Import proof for assert: $eq$/tmp/qrom-issue-lockstep-760a-r2/literal.sv:252$203_Y when $assert$/tmp/qrom-issue-lockstep-760a-r2/literal.sv:249$194_EN.
Import proof for assert: $eq$/tmp/qrom-issue-lockstep-760a-r2/literal.sv:251$201_Y when $assert$/tmp/qrom-issue-lockstep-760a-r2/literal.sv:251$200_EN.
Import proof for assert: $eq$/tmp/qrom-issue-lockstep-760a-r2/literal.sv:250$199_Y when $assert$/tmp/qrom-issue-lockstep-760a-r2/literal.sv:249$194_EN.
Import proof for assert: $eq$/tmp/qrom-issue-lockstep-760a-r2/literal.sv:250$197_Y when $assert$/tmp/qrom-issue-lockstep-760a-r2/literal.sv:249$194_EN.
Import proof for assert: \tre when $assert$/tmp/qrom-issue-lockstep-760a-r2/literal.sv:253$204_EN.
Import proof for assert: $eq$/tmp/qrom-issue-lockstep-760a-r2/literal.sv:249$195_Y when $assert$/tmp/qrom-issue-lockstep-760a-r2/literal.sv:249$194_EN.

Setting up time step 2:
Import set-constraint: \rst_n = 1'1
Final constraint equation: \rst_n = 1'1
Import def constraint for this timestep: \clk
Import def constraint for this timestep: \rst_n
Import def constraint for this timestep: \go
Import def constraint for this timestep: \xl
Import def constraint for this timestep: \ib
Imported 7090 cells to SAT database.
Import proof for assert: $eq$/tmp/qrom-issue-lockstep-760a-r2/literal.sv:252$203_Y when $assert$/tmp/qrom-issue-lockstep-760a-r2/literal.sv:249$194_EN.
Import proof for assert: $eq$/tmp/qrom-issue-lockstep-760a-r2/literal.sv:251$201_Y when $assert$/tmp/qrom-issue-lockstep-760a-r2/literal.sv:251$200_EN.
Import proof for assert: $eq$/tmp/qrom-issue-lockstep-760a-r2/literal.sv:250$199_Y when $assert$/tmp/qrom-issue-lockstep-760a-r2/literal.sv:249$194_EN.
Import proof for assert: $eq$/tmp/qrom-issue-lockstep-760a-r2/literal.sv:250$197_Y when $assert$/tmp/qrom-issue-lockstep-760a-r2/literal.sv:249$194_EN.
Import proof for assert: \tre when $assert$/tmp/qrom-issue-lockstep-760a-r2/literal.sv:253$204_EN.
Import proof for assert: $eq$/tmp/qrom-issue-lockstep-760a-r2/literal.sv:249$195_Y when $assert$/tmp/qrom-issue-lockstep-760a-r2/literal.sv:249$194_EN.

Setting up time step 3:
Import set-constraint: \rst_n = 1'1
Final constraint equation: \rst_n = 1'1
Import def constraint for this timestep: \clk
Import def constraint for this timestep: \rst_n
Import def constraint for this timestep: \go
Import def constraint for this timestep: \xl
Import def constraint for this timestep: \ib
Imported 7090 cells to SAT database.
Import proof for assert: $eq$/tmp/qrom-issue-lockstep-760a-r2/literal.sv:252$203_Y when $assert$/tmp/qrom-issue-lockstep-760a-r2/literal.sv:249$194_EN.
Import proof for assert: $eq$/tmp/qrom-issue-lockstep-760a-r2/literal.sv:251$201_Y when $assert$/tmp/qrom-issue-lockstep-760a-r2/literal.sv:251$200_EN.
Import proof for assert: $eq$/tmp/qrom-issue-lockstep-760a-r2/literal.sv:250$199_Y when $assert$/tmp/qrom-issue-lockstep-760a-r2/literal.sv:249$194_EN.
Import proof for assert: $eq$/tmp/qrom-issue-lockstep-760a-r2/literal.sv:250$197_Y when $assert$/tmp/qrom-issue-lockstep-760a-r2/literal.sv:249$194_EN.
Import proof for assert: \tre when $assert$/tmp/qrom-issue-lockstep-760a-r2/literal.sv:253$204_EN.
Import proof for assert: $eq$/tmp/qrom-issue-lockstep-760a-r2/literal.sv:249$195_Y when $assert$/tmp/qrom-issue-lockstep-760a-r2/literal.sv:249$194_EN.

Setting up time step 4:
Import set-constraint: \rst_n = 1'1
Final constraint equation: \rst_n = 1'1
Import def constraint for this timestep: \clk
Import def constraint for this timestep: \rst_n
Import def constraint for this timestep: \go
Import def constraint for this timestep: \xl
Import def constraint for this timestep: \ib
Imported 7090 cells to SAT database.
Import proof for assert: $eq$/tmp/qrom-issue-lockstep-760a-r2/literal.sv:252$203_Y when $assert$/tmp/qrom-issue-lockstep-760a-r2/literal.sv:249$194_EN.
Import proof for assert: $eq$/tmp/qrom-issue-lockstep-760a-r2/literal.sv:251$201_Y when $assert$/tmp/qrom-issue-lockstep-760a-r2/literal.sv:251$200_EN.
Import proof for assert: $eq$/tmp/qrom-issue-lockstep-760a-r2/literal.sv:250$199_Y when $assert$/tmp/qrom-issue-lockstep-760a-r2/literal.sv:249$194_EN.
Import proof for assert: $eq$/tmp/qrom-issue-lockstep-760a-r2/literal.sv:250$197_Y when $assert$/tmp/qrom-issue-lockstep-760a-r2/literal.sv:249$194_EN.
Import proof for assert: \tre when $assert$/tmp/qrom-issue-lockstep-760a-r2/literal.sv:253$204_EN.
Import proof for assert: $eq$/tmp/qrom-issue-lockstep-760a-r2/literal.sv:249$195_Y when $assert$/tmp/qrom-issue-lockstep-760a-r2/literal.sv:249$194_EN.

Setting up time step 5:
Import set-constraint: \rst_n = 1'1
Final constraint equation: \rst_n = 1'1
Import def constraint for this timestep: \clk
Import def constraint for this timestep: \rst_n
Import def constraint for this timestep: \go
Import def constraint for this timestep: \xl
Import def constraint for this timestep: \ib
Imported 7090 cells to SAT database.
Import proof for assert: $eq$/tmp/qrom-issue-lockstep-760a-r2/literal.sv:252$203_Y when $assert$/tmp/qrom-issue-lockstep-760a-r2/literal.sv:249$194_EN.
Import proof for assert: $eq$/tmp/qrom-issue-lockstep-760a-r2/literal.sv:251$201_Y when $assert$/tmp/qrom-issue-lockstep-760a-r2/literal.sv:251$200_EN.
Import proof for assert: $eq$/tmp/qrom-issue-lockstep-760a-r2/literal.sv:250$199_Y when $assert$/tmp/qrom-issue-lockstep-760a-r2/literal.sv:249$194_EN.
Import proof for assert: $eq$/tmp/qrom-issue-lockstep-760a-r2/literal.sv:250$197_Y when $assert$/tmp/qrom-issue-lockstep-760a-r2/literal.sv:249$194_EN.
Import proof for assert: \tre when $assert$/tmp/qrom-issue-lockstep-760a-r2/literal.sv:253$204_EN.
Import proof for assert: $eq$/tmp/qrom-issue-lockstep-760a-r2/literal.sv:249$195_Y when $assert$/tmp/qrom-issue-lockstep-760a-r2/literal.sv:249$194_EN.

Setting up time step 6:
Import set-constraint: \rst_n = 1'1
Final constraint equation: \rst_n = 1'1
Import def constraint for this timestep: \clk
Import def constraint for this timestep: \rst_n
Import def constraint for this timestep: \go
Import def constraint for this timestep: \xl
Import def constraint for this timestep: \ib
Imported 7090 cells to SAT database.
Import proof for assert: $eq$/tmp/qrom-issue-lockstep-760a-r2/literal.sv:252$203_Y when $assert$/tmp/qrom-issue-lockstep-760a-r2/literal.sv:249$194_EN.
Import proof for assert: $eq$/tmp/qrom-issue-lockstep-760a-r2/literal.sv:251$201_Y when $assert$/tmp/qrom-issue-lockstep-760a-r2/literal.sv:251$200_EN.
Import proof for assert: $eq$/tmp/qrom-issue-lockstep-760a-r2/literal.sv:250$199_Y when $assert$/tmp/qrom-issue-lockstep-760a-r2/literal.sv:249$194_EN.
Import proof for assert: $eq$/tmp/qrom-issue-lockstep-760a-r2/literal.sv:250$197_Y when $assert$/tmp/qrom-issue-lockstep-760a-r2/literal.sv:249$194_EN.
Import proof for assert: \tre when $assert$/tmp/qrom-issue-lockstep-760a-r2/literal.sv:253$204_EN.
Import proof for assert: $eq$/tmp/qrom-issue-lockstep-760a-r2/literal.sv:249$195_Y when $assert$/tmp/qrom-issue-lockstep-760a-r2/literal.sv:249$194_EN.

Setting up time step 7:
Import set-constraint: \rst_n = 1'1
Final constraint equation: \rst_n = 1'1
Import def constraint for this timestep: \clk
Import def constraint for this timestep: \rst_n
Import def constraint for this timestep: \go
Import def constraint for this timestep: \xl
Import def constraint for this timestep: \ib
Imported 7090 cells to SAT database.
Import proof for assert: $eq$/tmp/qrom-issue-lockstep-760a-r2/literal.sv:252$203_Y when $assert$/tmp/qrom-issue-lockstep-760a-r2/literal.sv:249$194_EN.
Import proof for assert: $eq$/tmp/qrom-issue-lockstep-760a-r2/literal.sv:251$201_Y when $assert$/tmp/qrom-issue-lockstep-760a-r2/literal.sv:251$200_EN.
Import proof for assert: $eq$/tmp/qrom-issue-lockstep-760a-r2/literal.sv:250$199_Y when $assert$/tmp/qrom-issue-lockstep-760a-r2/literal.sv:249$194_EN.
Import proof for assert: $eq$/tmp/qrom-issue-lockstep-760a-r2/literal.sv:250$197_Y when $assert$/tmp/qrom-issue-lockstep-760a-r2/literal.sv:249$194_EN.
Import proof for assert: \tre when $assert$/tmp/qrom-issue-lockstep-760a-r2/literal.sv:253$204_EN.
Import proof for assert: $eq$/tmp/qrom-issue-lockstep-760a-r2/literal.sv:249$195_Y when $assert$/tmp/qrom-issue-lockstep-760a-r2/literal.sv:249$194_EN.

Setting up time step 8:
Import set-constraint: \rst_n = 1'1
Final constraint equation: \rst_n = 1'1
Import def constraint for this timestep: \clk
Import def constraint for this timestep: \rst_n
Import def constraint for this timestep: \go
Import def constraint for this timestep: \xl
Import def constraint for this timestep: \ib
Imported 7090 cells to SAT database.
Import proof for assert: $eq$/tmp/qrom-issue-lockstep-760a-r2/literal.sv:252$203_Y when $assert$/tmp/qrom-issue-lockstep-760a-r2/literal.sv:249$194_EN.
Import proof for assert: $eq$/tmp/qrom-issue-lockstep-760a-r2/literal.sv:251$201_Y when $assert$/tmp/qrom-issue-lockstep-760a-r2/literal.sv:251$200_EN.
Import proof for assert: $eq$/tmp/qrom-issue-lockstep-760a-r2/literal.sv:250$199_Y when $assert$/tmp/qrom-issue-lockstep-760a-r2/literal.sv:249$194_EN.
Import proof for assert: $eq$/tmp/qrom-issue-lockstep-760a-r2/literal.sv:250$197_Y when $assert$/tmp/qrom-issue-lockstep-760a-r2/literal.sv:249$194_EN.
Import proof for assert: \tre when $assert$/tmp/qrom-issue-lockstep-760a-r2/literal.sv:253$204_EN.
Import proof for assert: $eq$/tmp/qrom-issue-lockstep-760a-r2/literal.sv:249$195_Y when $assert$/tmp/qrom-issue-lockstep-760a-r2/literal.sv:249$194_EN.

Setting up time step 9:
Import set-constraint: \rst_n = 1'1
Final constraint equation: \rst_n = 1'1
Import def constraint for this timestep: \clk
Import def constraint for this timestep: \rst_n
Import def constraint for this timestep: \go
Import def constraint for this timestep: \xl
Import def constraint for this timestep: \ib
Imported 7090 cells to SAT database.
Import proof for assert: $eq$/tmp/qrom-issue-lockstep-760a-r2/literal.sv:252$203_Y when $assert$/tmp/qrom-issue-lockstep-760a-r2/literal.sv:249$194_EN.
Import proof for assert: $eq$/tmp/qrom-issue-lockstep-760a-r2/literal.sv:251$201_Y when $assert$/tmp/qrom-issue-lockstep-760a-r2/literal.sv:251$200_EN.
Import proof for assert: $eq$/tmp/qrom-issue-lockstep-760a-r2/literal.sv:250$199_Y when $assert$/tmp/qrom-issue-lockstep-760a-r2/literal.sv:249$194_EN.
Import proof for assert: $eq$/tmp/qrom-issue-lockstep-760a-r2/literal.sv:250$197_Y when $assert$/tmp/qrom-issue-lockstep-760a-r2/literal.sv:249$194_EN.
Import proof for assert: \tre when $assert$/tmp/qrom-issue-lockstep-760a-r2/literal.sv:253$204_EN.
Import proof for assert: $eq$/tmp/qrom-issue-lockstep-760a-r2/literal.sv:249$195_Y when $assert$/tmp/qrom-issue-lockstep-760a-r2/literal.sv:249$194_EN.

Setting up time step 10:
Import set-constraint: \rst_n = 1'1
Final constraint equation: \rst_n = 1'1
Import def constraint for this timestep: \clk
Import def constraint for this timestep: \rst_n
Import def constraint for this timestep: \go
Import def constraint for this timestep: \xl
Import def constraint for this timestep: \ib
Imported 7090 cells to SAT database.
Import proof for assert: $eq$/tmp/qrom-issue-lockstep-760a-r2/literal.sv:252$203_Y when $assert$/tmp/qrom-issue-lockstep-760a-r2/literal.sv:249$194_EN.
Import proof for assert: $eq$/tmp/qrom-issue-lockstep-760a-r2/literal.sv:251$201_Y when $assert$/tmp/qrom-issue-lockstep-760a-r2/literal.sv:251$200_EN.
Import proof for assert: $eq$/tmp/qrom-issue-lockstep-760a-r2/literal.sv:250$199_Y when $assert$/tmp/qrom-issue-lockstep-760a-r2/literal.sv:249$194_EN.
Import proof for assert: $eq$/tmp/qrom-issue-lockstep-760a-r2/literal.sv:250$197_Y when $assert$/tmp/qrom-issue-lockstep-760a-r2/literal.sv:249$194_EN.
Import proof for assert: \tre when $assert$/tmp/qrom-issue-lockstep-760a-r2/literal.sv:253$204_EN.
Import proof for assert: $eq$/tmp/qrom-issue-lockstep-760a-r2/literal.sv:249$195_Y when $assert$/tmp/qrom-issue-lockstep-760a-r2/literal.sv:249$194_EN.

Setting up time step 11:
Import set-constraint: \rst_n = 1'1
Final constraint equation: \rst_n = 1'1
Import def constraint for this timestep: \clk
Import def constraint for this timestep: \rst_n
Import def constraint for this timestep: \go
Import def constraint for this timestep: \xl
Import def constraint for this timestep: \ib
Imported 7090 cells to SAT database.
Import proof for assert: $eq$/tmp/qrom-issue-lockstep-760a-r2/literal.sv:252$203_Y when $assert$/tmp/qrom-issue-lockstep-760a-r2/literal.sv:249$194_EN.
Import proof for assert: $eq$/tmp/qrom-issue-lockstep-760a-r2/literal.sv:251$201_Y when $assert$/tmp/qrom-issue-lockstep-760a-r2/literal.sv:251$200_EN.
Import proof for assert: $eq$/tmp/qrom-issue-lockstep-760a-r2/literal.sv:250$199_Y when $assert$/tmp/qrom-issue-lockstep-760a-r2/literal.sv:249$194_EN.
Import proof for assert: $eq$/tmp/qrom-issue-lockstep-760a-r2/literal.sv:250$197_Y when $assert$/tmp/qrom-issue-lockstep-760a-r2/literal.sv:249$194_EN.
Import proof for assert: \tre when $assert$/tmp/qrom-issue-lockstep-760a-r2/literal.sv:253$204_EN.
Import proof for assert: $eq$/tmp/qrom-issue-lockstep-760a-r2/literal.sv:249$195_Y when $assert$/tmp/qrom-issue-lockstep-760a-r2/literal.sv:249$194_EN.

Setting up time step 12:
Import set-constraint: \rst_n = 1'1
Final constraint equation: \rst_n = 1'1
Import def constraint for this timestep: \clk
Import def constraint for this timestep: \rst_n
Import def constraint for this timestep: \go
Import def constraint for this timestep: \xl
Import def constraint for this timestep: \ib
Imported 7090 cells to SAT database.
Import proof for assert: $eq$/tmp/qrom-issue-lockstep-760a-r2/literal.sv:252$203_Y when $assert$/tmp/qrom-issue-lockstep-760a-r2/literal.sv:249$194_EN.
Import proof for assert: $eq$/tmp/qrom-issue-lockstep-760a-r2/literal.sv:251$201_Y when $assert$/tmp/qrom-issue-lockstep-760a-r2/literal.sv:251$200_EN.
Import proof for assert: $eq$/tmp/qrom-issue-lockstep-760a-r2/literal.sv:250$199_Y when $assert$/tmp/qrom-issue-lockstep-760a-r2/literal.sv:249$194_EN.
Import proof for assert: $eq$/tmp/qrom-issue-lockstep-760a-r2/literal.sv:250$197_Y when $assert$/tmp/qrom-issue-lockstep-760a-r2/literal.sv:249$194_EN.
Import proof for assert: \tre when $assert$/tmp/qrom-issue-lockstep-760a-r2/literal.sv:253$204_EN.
Import proof for assert: $eq$/tmp/qrom-issue-lockstep-760a-r2/literal.sv:249$195_Y when $assert$/tmp/qrom-issue-lockstep-760a-r2/literal.sv:249$194_EN.

Solving problem with 3428114 variables and 9199779 clauses..
SAT proof finished - no model found: SUCCESS!

                  /$$$$$$      /$$$$$$$$     /$$$$$$$    
                 /$$__  $$    | $$_____/    | $$__  $$   
                | $$  \ $$    | $$          | $$  \ $$   
                | $$  | $$    | $$$$$       | $$  | $$   
                | $$  | $$    | $$__/       | $$  | $$   
                | $$/$$ $$    | $$          | $$  | $$   
                |  $$$$$$/ /$$| $$$$$$$$ /$$| $$$$$$$//$$
                 \____ $$$|__/|________/|__/|_______/|__/
                       \__/                              

