OpenROAD 26Q3-1510-g6cb3f2b704 
Features included (+) or not (-): +GPU +GUI +Python
This program is licensed under the BSD-3 license. See the LICENSE file for details.
Components of this program may be licensed under more restrictive licenses which must be honored.
[INFO ORD-0030] Using 16 thread(s).
source /OpenROAD-flow-scripts/flow/platforms/asap7/liberty_suppressions.tcl
read_liberty -corner WC /OpenROAD-flow-scripts/flow/platforms/asap7/lib/NLDM/asap7sc7p5t_AO_RVT_SS_nldm_211120.lib.gz
read_liberty -corner WC /OpenROAD-flow-scripts/flow/platforms/asap7/lib/NLDM/asap7sc7p5t_INVBUF_RVT_SS_nldm_220122.lib.gz
read_liberty -corner WC /OpenROAD-flow-scripts/flow/platforms/asap7/lib/NLDM/asap7sc7p5t_OA_RVT_SS_nldm_211120.lib.gz
read_liberty -corner WC /OpenROAD-flow-scripts/flow/platforms/asap7/lib/NLDM/asap7sc7p5t_SEQ_RVT_SS_nldm_220123.lib
read_liberty -corner WC /OpenROAD-flow-scripts/flow/platforms/asap7/lib/NLDM/asap7sc7p5t_SIMPLE_RVT_SS_nldm_211120.lib.gz
read_liberty -corner BC /OpenROAD-flow-scripts/flow/platforms/asap7/lib/NLDM/asap7sc7p5t_AO_RVT_FF_nldm_211120.lib.gz
read_liberty -corner BC /OpenROAD-flow-scripts/flow/platforms/asap7/lib/NLDM/asap7sc7p5t_INVBUF_RVT_FF_nldm_220122.lib.gz
read_liberty -corner BC /OpenROAD-flow-scripts/flow/platforms/asap7/lib/NLDM/asap7sc7p5t_OA_RVT_FF_nldm_211120.lib.gz
read_liberty -corner BC /OpenROAD-flow-scripts/flow/platforms/asap7/lib/NLDM/asap7sc7p5t_SIMPLE_RVT_FF_nldm_211120.lib.gz
read_liberty -corner BC /OpenROAD-flow-scripts/flow/platforms/asap7/lib/NLDM/asap7sc7p5t_SEQ_RVT_FF_nldm_220123.lib
read_db /work/results/asap7/opentallas_ot_hbm_native_frame_station_rb_asap7_tk_W2_safe_NO3/base/3_place.odb
read_sdc /work/results/asap7/opentallas_ot_hbm_native_frame_station_rb_asap7_tk_W2_safe_NO3/base/3_place.sdc
Took 7 seconds: read_sdc /work/results/asap7/opentallas_ot_hbm_native_frame_station_rb_asap7_tk_W2_safe_NO3/base/3_place.sdc
source /OpenROAD-flow-scripts/flow/platforms/asap7/setRC.tcl
source /work/hooks/pre_cts_forwarded_subtree.tcl
OT_FWD: repair_clock_inverters skipped (forwarded-clock subtree kept)
clock_tree_synthesis -sink_clustering_enable -repair_clock_nets
[INFO CTS-0050] Root buffer is BUFx24_ASAP7_75t_R.
[INFO CTS-0051] Sink buffer is BUFx24_ASAP7_75t_R.
[INFO CTS-0052] The following clock buffers will be used for CTS:
                    BUFx24_ASAP7_75t_R
[INFO CTS-0049] Characterization buffer is BUFx24_ASAP7_75t_R.
[INFO CTS-0007] Net "clk_sm" found for clock "clk_sm".
[INFO CTS-0010]  Clock net "clk_sm" has 39593 sinks.
[INFO CTS-0007] Net "held.c1" found for clock "forwarded0".
[WARNING CTS-0041] Net "held.c1" has 1 sinks. Skipping...
[INFO CTS-0007] Net "held.c2" found for clock "forwarded1".
[WARNING CTS-0041] Net "held.c2" has 1 sinks. Skipping...
[INFO CTS-0007] Net "held.c3" found for clock "forwarded2".
[WARNING CTS-0041] Net "held.c3" has 1 sinks. Skipping...
[INFO CTS-0007] Net "net4083" found for clock "forwarded3".
[WARNING CTS-0110] Net "net4083" already has clock buffer output4084. Skipping...
[WARNING CTS-0105] Net "fclk_o" already has clock buffer output4084. Skipping...
[INFO CTS-0007] Net "fclk_o" found for clock "forwarded_port".
[INFO CTS-0008] TritonCTS found 1 clock nets.
[INFO CTS-0097] Characterization used 1 buffer(s) types.
[INFO CTS-0201] 0 blockages from hard placement blockages and placed macros will be used.
[INFO CTS-0027] Generating H-Tree topology for net clk_sm.
[INFO CTS-0028]  Total number of sinks: 39593.
[INFO CTS-0060]  Register sinks will be clustered in groups of up to 32 and based on buffer max cap.
[INFO CTS-0030]  Number of static layers: 0.
[INFO CTS-0020]  Wire segment unit: 1350  dbu (1 um).
[INFO CTS-0204] A clustering solution was found from clustering size of 32 and max clustering diameter of 14.
[INFO CTS-0205] Better solution may be possible if either -sink_clustering_size, -sink_clustering_max_diameter, or both options are omitted to enable automatic clustering.
[INFO CTS-0019]  Total number of sinks after clustering: 1709.
[INFO CTS-0024]  Normalized sink region: [(3.09354, 2.23077), (383.05, 119.371)].
[INFO CTS-0025]     Width:  379.9566.
[INFO CTS-0026]     Height: 117.1398.
 Level 1
    Direction: Horizontal
    Sinks per sub-region: 855
    Sub-region size: 189.9783 X 117.1398
[INFO CTS-0034]     Segment length (rounded): 94.
 Level 2
    Direction: Vertical
    Sinks per sub-region: 428
    Sub-region size: 189.9783 X 58.5699
[INFO CTS-0034]     Segment length (rounded): 30.
 Level 3
    Direction: Horizontal
    Sinks per sub-region: 214
    Sub-region size: 94.9892 X 58.5699
[INFO CTS-0034]     Segment length (rounded): 48.
 Level 4
    Direction: Vertical
    Sinks per sub-region: 107
    Sub-region size: 94.9892 X 29.2850
[INFO CTS-0034]     Segment length (rounded): 14.
 Level 5
    Direction: Horizontal
    Sinks per sub-region: 54
    Sub-region size: 47.4946 X 29.2850
[INFO CTS-0034]     Segment length (rounded): 24.
 Level 6
    Direction: Vertical
    Sinks per sub-region: 27
    Sub-region size: 47.4946 X 14.6425
[INFO CTS-0034]     Segment length (rounded): 8.
 Level 7
    Direction: Horizontal
    Sinks per sub-region: 14
    Sub-region size: 23.7473 X 14.6425
[INFO CTS-0034]     Segment length (rounded): 12.
[INFO CTS-0038]  Stop criterion found. Sink region hpwl is smaller than max wirelength (200.682 um) and max number of sinks is 15.
[INFO CTS-0035]  Number of sinks covered: 1709.
[INFO CTS-0018]     Created 1936 clock buffers.
[INFO CTS-0012]     Minimum number of buffers in the clock path: 10.
[INFO CTS-0013]     Maximum number of buffers in the clock path: 10.
[INFO CTS-0015]     Created 1936 clock nets.
[INFO CTS-0016]     Fanout distribution for the current clock = 6:1, 7:1, 8:2, 9:5, 10:14, 11:13, 12:12, 13:31, 14:16, 15:22, 16:29, 17:43, 18:58, 19:102, 20:143, 21:166, 22:194, 23:187, 24:172, 25:184, 26:149, 27:149, 28:73, 29:49, 30:20, 31:2..
[INFO CTS-0017]     Max level of the clock tree: 7.
[INFO CTS-0098] Clock net "clk_sm"
[INFO CTS-0099]  Sinks 41195
[INFO CTS-0100]  Leaf buffers 1709
[INFO CTS-0101]  Average sink wire length 659.92 um
[INFO CTS-0102]  Path depth 9 - 10
[INFO CTS-0207]  Dummy loads inserted 1602
[INFO RSZ-0047] Found 1 long wires.
[INFO RSZ-0048] Inserted 1 buffers in 1 nets.
[INFO CTS-0500] Runtime: 12.74s
Took 12 seconds: clock_tree_synthesis -sink_clustering_enable -repair_clock_nets
estimate_parasitics -placement
Took 7 seconds: estimate_parasitics -placement
detailed_placement
[INFO DPL-0006] Core area: 83111.37 um^2
[INFO DPL-0007] Movable instances area: 30648.09 um^2
[INFO DPL-0008] Fixed instances area within core: 207.74 um^2
[INFO DPL-0009] Utilization: 37.1%
[INFO DPL-0005] Diamond search max displacement: +/- 500 sites horizontally, +/- 100 rows vertically.
[INFO DPL-1102] Legalizing using negotiation legalizer.
[INFO DPL-1103] Negotiation base search window: +/-20 sites horizontally, +/-5 rows vertically 
	Automatic search window extension enabled.
	Search window extendable up to the max displacement cap of +/-500 sites, +/-100 rows near walls.
[INFO DPL-1104] NegotiationLegalizer DRC penalty: 5.
[INFO DPL-0392] Negotiation cell height distribution (1 unique row-count(s)):
[INFO DPL-0393]   height 1 row(s): 225455 cells
          |      Total |  Illegal |  Illegal
Iteration | Violations |    Cells |    Sites
---------------------------------------------
        0 |         16 |         2 |        14
        1 |          0 |         0 |         0
Negotiation phase 1 converged at iteration 1.
[INFO DPL-0500] Runtime: 2.38s
Placement Analysis
---------------------------------
total displacement      31189.7 u
average displacement        0.1 u
max displacement            2.7 u
original HPWL         1344193.9 u
legalized HPWL        1362365.6 u
delta HPWL                    1 %

estimate_parasitics -placement
Took 8 seconds: estimate_parasitics -placement
repair_timing -setup_margin 0 -hold_margin 35 -repair_tns 100 -verbose
[INFO RSZ-0100] Repair move sequence: UnbufferMove SizeUpMove SwapPinsMove BufferMove CloneMove SplitLoadMove 
[INFO RSZ-0094] Found 4932 endpoints with setup violations.
[INFO RSZ-0099] Repairing 4932 out of 4932 (100.00%) violating endpoints...
   Iter   | Removed | Resized | Inserted | Cloned |  Pin  |   Area   |    WNS   |   StTNS    |   EnTNS    |  Viol  |  Worst  
          | Buffers |  Gates  | Buffers  |  Gates | Swaps |          |          |            |            | Endpts | St/EnPt 
------------------------------------------------------------------------------------------------------------------------------
       0* |       0 |       0 |        0 |      0 |     0 |    +0.0% | -234.728 |  -351517.0 |   -75951.5 |   4932 | _285113_/D
      10* |       0 |       5 |        1 |      0 |     3 |    +0.0% | -186.128 |  -351113.7 |   -72252.6 |   4932 | _285113_/D
      19* |       0 |      10 |        1 |      0 |     4 |    +0.0% | -171.551 |  -350624.7 |   -72042.4 |   4932 | _285113_/D
      20* |       0 |      10 |        1 |      0 |     4 |    +0.0% | -171.551 |  -350624.7 |   -72042.4 |   4932 | _285113_/D
      30* |       0 |      14 |        4 |      0 |     7 |    +0.0% | -171.550 |  -350648.6 |   -71991.7 |   4932 | _285113_/D
      31* |       0 |      14 |        4 |      0 |     5 |    +0.0% | -171.550 |  -350640.6 |   -71982.5 |   4932 | _285113_/D
      33* |       0 |      14 |        4 |      0 |     6 |    +0.0% | -171.550 |  -350640.6 |   -71982.3 |   4932 | _285113_/D
      39* |       0 |      14 |        4 |      0 |     6 |    +0.0% | -171.551 |  -350640.6 |   -71982.3 |   4932 | _285113_/D
      40* |       0 |      14 |        4 |      0 |     6 |    +0.0% | -171.551 |  -350640.6 |   -71982.3 |   4932 | _285113_/D
      41* |       0 |      14 |        4 |      0 |     6 |    +0.0% | -171.551 |  -350640.6 |   -71982.3 |   4932 | _285113_/D
      47* |       0 |      16 |        6 |      0 |     6 |    +0.0% | -171.333 |  -350723.6 |   -72033.2 |   4932 | _285113_/D
      50* |       0 |      17 |        6 |      0 |     7 |    +0.0% | -171.333 |  -350724.1 |   -71870.6 |   4932 | _285113_/D
      58* |       0 |      19 |        8 |      0 |     9 |    +0.0% | -171.333 |  -350727.2 |   -71832.6 |   4932 | _285113_/D
      60* |       0 |      20 |        8 |      0 |     9 |    +0.0% | -171.333 |  -350715.9 |   -71768.7 |   4932 | _285113_/D
      69* |       1 |      22 |        8 |      0 |    10 |    +0.0% | -171.333 |  -350715.9 |   -71653.0 |   4932 | _285113_/D
      70* |       1 |      22 |        8 |      0 |    10 |    +0.0% | -171.333 |  -350715.9 |   -71653.0 |   4932 | _285113_/D
      74* |       1 |      22 |        8 |      0 |    10 |    +0.0% | -171.333 |  -350715.9 |   -71653.0 |   4932 | _285113_/D
      79* |       1 |      22 |        8 |      0 |    10 |    +0.0% | -171.333 |  -350715.9 |   -71653.0 |   4932 | _285113_/D
      80* |       1 |      22 |        8 |      0 |    10 |    +0.0% | -171.333 |  -350715.9 |   -71653.0 |   4932 | _285113_/D
      84* |       1 |      22 |        8 |      0 |    10 |    +0.0% | -171.333 |  -350715.9 |   -71653.0 |   4932 | _285113_/D
      90* |       1 |      25 |        8 |      0 |    12 |    +0.0% | -171.333 |  -350715.6 |   -71018.0 |   4932 | _285113_/D
     100* |       1 |      27 |       11 |      0 |    17 |    +0.0% | -171.172 |  -350711.8 |   -71383.5 |   4932 | _285113_/D
     102* |       1 |      26 |       11 |      0 |    14 |    +0.0% | -170.778 |  -350706.7 |   -71452.4 |   4932 | _285113_/D
     108* |       1 |      26 |       11 |      0 |    14 |    +0.0% | -170.778 |  -350706.7 |   -71452.4 |   4932 | _285113_/D
     110* |       1 |      26 |       12 |      0 |    14 |    +0.0% | -170.778 |  -350707.9 |   -71766.6 |   4932 | _285113_/D
     113* |       1 |      26 |       11 |      0 |    14 |    +0.0% | -170.778 |  -350706.7 |   -71452.4 |   4932 | _285113_/D
     117* |       1 |      26 |       11 |      0 |    14 |    +0.0% | -170.778 |  -350706.7 |   -71452.4 |   4932 | _285113_/D
     120* |       1 |      28 |       11 |      0 |    14 |    +0.0% | -170.778 |  -350674.5 |   -71420.2 |   4932 | _285113_/D
     130* |       1 |      36 |       12 |      1 |    14 |    +0.0% | -170.778 |  -350614.0 |   -71359.6 |   4932 | _285113_/D
     133* |       1 |      37 |       14 |      1 |    14 |    +0.0% | -170.778 |  -350575.8 |   -71321.4 |   4932 | _285113_/D
     140* |       1 |      41 |       16 |      1 |    14 |    +0.0% | -170.778 |  -350575.8 |   -71382.2 |   4932 | _285113_/D
     143* |       1 |      41 |       15 |      1 |    14 |    +0.0% | -170.778 |  -350575.8 |   -71231.2 |   4932 | _285113_/D
     148* |       1 |      41 |       15 |      1 |    14 |    +0.0% | -170.778 |  -350575.8 |   -71231.2 |   4932 | _285113_/D
     150* |       1 |      41 |       16 |      1 |    14 |    +0.0% | -170.778 |  -350575.8 |   -71382.2 |   4932 | _285113_/D
     153* |       1 |      41 |       15 |      1 |    14 |    +0.0% | -170.778 |  -350575.8 |   -71231.2 |   4932 | _285113_/D
     158* |       1 |      41 |       15 |      1 |    14 |    +0.0% | -170.778 |  -350575.8 |   -71231.2 |   4932 | _285113_/D
     159* |       1 |      41 |       15 |      1 |    14 |    +0.0% | -170.778 |  -350575.8 |   -71231.2 |   4932 | _285113_/D
     160* |       1 |      41 |       15 |      1 |    14 |    +0.0% | -170.778 |  -350575.8 |   -71231.2 |   4932 | _285113_/D
     166* |       1 |      41 |       16 |      1 |    14 |    +0.0% | -170.778 |  -350575.8 |   -71382.2 |   4932 | _285113_/D
     170* |       1 |      41 |       17 |      1 |    16 |    +0.0% | -170.778 |  -350575.8 |   -71381.8 |   4932 | _285113_/D
     176* |       1 |      41 |       18 |      1 |    16 |    +0.0% | -170.778 |  -350575.8 |   -71415.1 |   4932 | _285113_/D
     180* |       2 |      42 |       19 |      1 |    16 |    +0.0% | -168.656 |  -350516.9 |   -71392.8 |   4932 | _285113_/D
     187* |       2 |      44 |       19 |      1 |    16 |    +0.0% | -168.656 |  -350516.9 |   -71391.7 |   4932 | _285113_/D
     190* |       2 |      45 |       19 |      1 |    17 |    +0.0% | -168.656 |  -348496.7 |   -71299.5 |   4932 | _285113_/D
     200* |       2 |      47 |       19 |      1 |    25 |    +0.0% | -168.656 |  -348810.8 |   -71242.7 |   4932 | _285113_/D
     200* |       2 |      47 |       19 |      1 |    22 |    +0.0% | -168.656 |  -348155.4 |   -71237.3 |   4932 | _285113_/D
     209* |       3 |      50 |       20 |      1 |    23 |    +0.0% | -168.656 |  -348155.4 |   -71188.3 |   4932 | _285113_/D
     210* |       3 |      50 |       20 |      1 |    23 |    +0.0% | -168.656 |  -348155.4 |   -71188.3 |   4932 | _285113_/D
     212* |       3 |      50 |       20 |      1 |    25 |    +0.0% | -168.656 |  -347797.3 |   -71186.5 |   4932 | _285113_/D
     220* |       3 |      57 |       20 |      1 |    25 |    +0.0% | -168.665 |  -347797.9 |   -63855.6 |   4932 | _285113_/D
     230* |       4 |      65 |       22 |      1 |    25 |    +0.0% | -168.676 |  -347801.4 |   -61701.9 |   4932 | _285113_/D
     240* |       4 |      72 |       23 |      1 |    27 |    +0.0% | -170.000 |  -347808.0 |   -61774.0 |   4932 | _285113_/D
     240* |       3 |      63 |       20 |      1 |    25 |    +0.0% | -168.656 |  -347793.0 |   -62347.8 |   4932 | _285113_/D
     250* |       4 |      70 |       22 |      1 |    25 |    +0.0% | -168.676 |  -347801.4 |   -61631.1 |   4932 | _285113_/D
     256* |       3 |      64 |       20 |      1 |    25 |    +0.0% | -168.656 |  -347793.0 |   -62283.0 |   4932 | _285113_/D
     259* |       3 |      64 |       20 |      1 |    25 |    +0.0% | -168.656 |  -347793.0 |   -62283.0 |   4932 | _285113_/D
     260* |       3 |      64 |       20 |      1 |    25 |    +0.0% | -168.656 |  -347793.0 |   -62283.0 |   4932 | _285113_/D
     270* |       3 |      64 |       20 |      1 |    35 |    +0.0% | -168.656 |  -347000.5 |   -62249.7 |   4932 | _285113_/D
     271* |       3 |      64 |       20 |      1 |    35 |    +0.0% | -168.656 |  -347000.5 |   -62249.7 |   4932 | _285113_/D
     275* |       3 |      64 |       20 |      1 |    35 |    +0.0% | -168.656 |  -347000.5 |   -62249.7 |   4932 | _285113_/D
     280* |       3 |      66 |       22 |      1 |    36 |    +0.0% | -168.676 |  -347007.6 |   -61670.0 |   4932 | _285113_/D
     282* |       3 |      65 |       20 |      1 |    35 |    +0.0% | -168.656 |  -347000.5 |   -62252.6 |   4932 | _285113_/D
     287* |       3 |      65 |       20 |      1 |    36 |    +0.0% | -168.656 |  -347000.5 |   -62237.3 |   4932 | _285113_/D
     290* |       3 |      67 |       20 |      1 |    36 |    +0.0% | -169.050 |  -347006.0 |   -62181.2 |   4932 | _285113_/D
     291* |       3 |      65 |       20 |      1 |    36 |    +0.0% | -168.656 |  -347000.5 |   -62237.3 |   4932 | _285113_/D
     295* |       3 |      65 |       20 |      1 |    36 |    +0.0% | -168.656 |  -347000.5 |   -62237.3 |   4932 | _285113_/D
     300* |       3 |      68 |       22 |      1 |    36 |    +0.0% | -169.999 |  -347010.2 |   -61695.5 |   4932 | _285113_/D
     310* |       4 |      74 |       23 |      1 |    38 |    +0.0% | -169.999 |  -347010.2 |   -61678.6 |   4932 | _285113_/D
     310* |       3 |      65 |       20 |      1 |    36 |    +0.0% | -168.656 |  -347000.5 |   -62237.3 |   4932 | _285113_/D
     320* |       4 |      69 |       23 |      1 |    37 |    +0.0% | -168.656 |  -347000.5 |   -62536.8 |   4932 | _285113_/D
     321* |       3 |      65 |       20 |      1 |    36 |    +0.0% | -168.656 |  -347000.5 |   -62237.3 |   4932 | _285113_/D
     325* |       3 |      65 |       20 |      1 |    36 |    +0.0% | -168.656 |  -347000.5 |   -62237.3 |   4932 | _285113_/D
     329* |       3 |      65 |       20 |      1 |    36 |    +0.0% | -168.656 |  -347000.5 |   -62237.3 |   4932 | _285113_/D
     330* |       3 |      65 |       20 |      1 |    36 |    +0.0% | -168.656 |  -347000.5 |   -62237.3 |   4932 | _285113_/D
     336* |       3 |      65 |       20 |      1 |    36 |    +0.0% | -168.656 |  -347000.5 |   -62237.3 |   4932 | _285113_/D
     338* |       3 |      66 |       20 |      1 |    36 |    +0.0% | -168.656 |  -347000.5 |   -62234.6 |   4932 | _285113_/D
     340* |       3 |      66 |       20 |      1 |    37 |    +0.0% | -168.656 |  -347098.4 |   -62236.5 |   4932 | _285113_/D
     342* |       3 |      67 |       20 |      1 |    38 |    +0.0% | -168.656 |  -347000.5 |   -62225.8 |   4932 | _285113_/D
     348* |       3 |      67 |       20 |      1 |    39 |    +0.0% | -168.656 |  -347000.5 |   -62224.0 |   4932 | _285113_/D
     350* |       3 |      68 |       20 |      1 |    39 |    +0.0% | -168.656 |  -347000.5 |   -62221.4 |   4932 | _285113_/D
     353* |       3 |      69 |       20 |      1 |    39 |    +0.0% | -168.656 |  -347000.5 |   -62216.5 |   4932 | _285113_/D
     360* |       4 |      73 |       20 |      1 |    40 |    +0.0% | -169.050 |  -347006.6 |   -62007.0 |   4932 | _285113_/D
     362* |       3 |      69 |       20 |      1 |    39 |    +0.0% | -168.656 |  -347000.5 |   -62216.5 |   4932 | _285113_/D
     365* |       3 |      69 |       20 |      1 |    39 |    +0.0% | -168.656 |  -347000.5 |   -62216.5 |   4932 | _285113_/D
     370* |       3 |      73 |       20 |      1 |    39 |    +0.0% | -169.050 |  -347006.6 |   -62089.0 |   4932 | _285113_/D
     373* |       3 |      69 |       20 |      1 |    39 |    +0.0% | -168.656 |  -347000.5 |   -62216.5 |   4932 | _285113_/D
     378* |       3 |      69 |       20 |      1 |    39 |    +0.0% | -168.656 |  -347000.5 |   -62216.5 |   4932 | _285113_/D
     380* |       3 |      70 |       20 |      1 |    39 |    +0.0% | -169.050 |  -347006.0 |   -62198.8 |   4932 | _285113_/D
     386* |       3 |      69 |       20 |      1 |    39 |    +0.0% | -168.656 |  -347000.5 |   -62216.5 |   4932 | _285113_/D
     390* |       3 |      72 |       20 |      1 |    39 |    +0.0% | -169.050 |  -347006.6 |   -62150.4 |   4932 | _285113_/D
     394* |       3 |      69 |       20 |      1 |    39 |    +0.0% | -168.656 |  -347000.5 |   -62216.5 |   4932 | _285113_/D
     400* |       4 |      73 |       20 |      1 |    39 |    +0.0% | -169.050 |  -347006.6 |   -62017.1 |   4932 | _285113_/D
     402* |       3 |      69 |       20 |      1 |    39 |    +0.0% | -168.656 |  -347000.5 |   -62216.5 |   4932 | _285113_/D
     407* |       3 |      69 |       20 |      1 |    39 |    +0.0% | -168.656 |  -347000.5 |   -62216.5 |   4932 | _285113_/D
     410* |       3 |      69 |       20 |      1 |    41 |    +0.0% | -168.656 |  -346821.3 |   -62176.2 |   4932 | _285113_/D
     418* |       3 |      69 |       20 |      1 |    44 |    +0.0% | -168.656 |  -346588.9 |   -62142.4 |   4932 | _285113_/D
     420* |       3 |      69 |       20 |      1 |    45 |    +0.0% | -168.656 |  -346328.5 |   -62115.4 |   4932 | _285113_/D
     430* |       3 |      70 |       21 |      1 |    53 |    +0.0% | -168.656 |  -345160.2 |   -62028.8 |   4932 | _285113_/D
     432* |       3 |      70 |       21 |      1 |    55 |    +0.0% | -168.656 |  -345112.2 |   -62025.8 |   4932 | _285113_/D
     439* |       3 |      71 |       21 |      1 |    56 |    +0.0% | -168.656 |  -345112.2 |   -61998.1 |   4932 | _285113_/D
     440* |       3 |      71 |       21 |      1 |    56 |    +0.0% | -168.656 |  -345112.2 |   -61998.1 |   4932 | _285113_/D
     443* |       3 |      71 |       21 |      1 |    56 |    +0.0% | -168.656 |  -345112.2 |   -61998.1 |   4932 | _285113_/D
     446* |       3 |      73 |       21 |      1 |    56 |    +0.0% | -168.656 |  -345112.2 |   -61766.9 |   4932 | _285113_/D
     450* |       3 |      74 |       22 |      1 |    57 |    +0.0% | -169.097 |  -345118.4 |   -61706.0 |   4932 | _285113_/D
     451* |       3 |      73 |       21 |      1 |    56 |    +0.0% | -168.656 |  -345112.2 |   -61766.9 |   4932 | _285113_/D
     460* |       3 |      79 |       21 |      1 |    58 |    +0.0% | -168.656 |  -342145.6 |   -61623.8 |   4932 | _285113_/D
     470* |       3 |      84 |       22 |      1 |    62 |    +0.0% | -168.656 |  -341887.8 |   -61607.6 |   4932 | _285113_/D
     480* |       3 |      86 |       24 |      1 |    68 |    +0.0% | -168.656 |  -341812.1 |   -61634.0 |   4932 | _285113_/D
     480* |       3 |      86 |       23 |      1 |    62 |    +0.0% | -168.656 |  -341866.9 |   -61603.3 |   4932 | _285113_/D
     490* |       3 |      90 |       25 |      1 |    65 |    +0.0% | -168.656 |  -338990.6 |   -61497.0 |   4932 | _285113_/D
     500* |       3 |      91 |       26 |      1 |    73 |    +0.0% | -168.656 |  -338756.3 |   -61489.5 |   4932 | _285113_/D
     501* |       3 |      91 |       26 |      1 |    68 |    +0.0% | -168.656 |  -338624.4 |   -61483.5 |   4932 | _285113_/D
     502* |       3 |      91 |       26 |      1 |    68 |    +0.0% | -168.656 |  -338624.4 |   -61483.5 |   4932 | _285113_/D
     506* |       3 |      91 |       26 |      1 |    68 |    +0.0% | -168.656 |  -338624.4 |   -61483.5 |   4932 | _285113_/D
     510* |       3 |      93 |       27 |      1 |    68 |    +0.0% | -168.656 |  -338624.4 |   -61741.1 |   4932 | _285113_/D
     510* |       3 |      91 |       26 |      1 |    68 |    +0.0% | -168.656 |  -338624.4 |   -61483.5 |   4932 | _285113_/D
     514* |       3 |      91 |       26 |      1 |    68 |    +0.0% | -168.656 |  -338624.4 |   -61483.5 |   4932 | _285113_/D
     516* |       3 |      92 |       26 |      1 |    68 |    +0.0% | -168.656 |  -338624.4 |   -61481.0 |   4932 | _285113_/D
     517* |       3 |      92 |       26 |      1 |    68 |    +0.0% | -168.656 |  -338624.4 |   -61481.0 |   4932 | _285113_/D
     520* |       3 |      93 |       27 |      1 |    68 |    +0.0% | -168.656 |  -338626.8 |   -61473.9 |   4932 | _285113_/D
     521* |       3 |      93 |       27 |      1 |    68 |    +0.0% | -168.656 |  -338626.8 |   -61473.9 |   4932 | _285113_/D
     522* |       3 |      93 |       27 |      1 |    68 |    +0.0% | -168.656 |  -338626.8 |   -61473.9 |   4932 | _285113_/D
     523* |       3 |      93 |       27 |      1 |    68 |    +0.0% | -168.656 |  -338626.8 |   -61473.9 |   4932 | _285113_/D
     530* |       3 |      94 |       27 |      1 |    73 |    +0.0% | -168.656 |  -337084.2 |   -61366.1 |   4932 | _285113_/D
     535* |       3 |      94 |       27 |      1 |    77 |    +0.0% | -168.656 |  -337009.5 |   -61338.2 |   4932 | _285113_/D
     536* |       3 |      94 |       27 |      1 |    77 |    +0.0% | -168.656 |  -337009.5 |   -61338.2 |   4932 | _285113_/D
     540* |       3 |      96 |       29 |      1 |    77 |    +0.0% | -168.676 |  -337016.5 |   -60980.1 |   4932 | _285113_/D
     540* |       3 |      95 |       27 |      1 |    77 |    +0.0% | -168.656 |  -337009.5 |   -61303.2 |   4932 | _285113_/D
     544* |       3 |      95 |       27 |      1 |    77 |    +0.0% | -168.656 |  -337009.5 |   -61303.2 |   4932 | _285113_/D
     550* |       3 |      97 |       30 |      1 |    77 |    +0.0% | -168.676 |  -337016.5 |   -61249.5 |   4932 | _285113_/D
     559* |       3 |     102 |       35 |      1 |    77 |    +0.0% | -168.656 |  -337008.2 |   -60961.8 |   4932 | _285113_/D
     560* |       3 |     102 |       35 |      1 |    77 |    +0.0% | -168.656 |  -337008.2 |   -60961.8 |   4932 | _285113_/D
     564* |       3 |     104 |       35 |      1 |    78 |    +0.0% | -168.656 |  -337008.2 |   -60902.2 |   4932 | _285113_/D
     565* |       3 |     104 |       35 |      1 |    78 |    +0.0% | -168.656 |  -337008.2 |   -60902.2 |   4932 | _285113_/D
     566* |       3 |     104 |       35 |      1 |    78 |    +0.0% | -168.656 |  -337008.2 |   -60902.2 |   4932 | _285113_/D
     567* |       3 |     104 |       35 |      1 |    78 |    +0.0% | -168.656 |  -337008.2 |   -60902.2 |   4932 | _285113_/D
     569* |       3 |     105 |       35 |      1 |    78 |    +0.0% | -168.656 |  -337008.2 |   -60898.5 |   4932 | _285113_/D
     570* |       3 |     105 |       35 |      1 |    78 |    +0.0% | -168.656 |  -337008.2 |   -60898.5 |   4932 | _285113_/D
     570* |       3 |     105 |       35 |      1 |    78 |    +0.0% | -168.656 |  -337008.2 |   -60898.5 |   4932 | _285113_/D
     575* |       3 |     105 |       35 |      1 |    78 |    +0.0% | -168.656 |  -337008.2 |   -60898.5 |   4932 | _285113_/D
     578* |       4 |     105 |       35 |      1 |    79 |    +0.0% | -168.656 |  -337008.2 |   -60876.8 |   4932 | _285113_/D
     580* |       4 |     106 |       35 |      1 |    79 |    +0.0% | -168.656 |  -337008.2 |   -60812.0 |   4932 | _285113_/D
     586* |       4 |     109 |       37 |      1 |    79 |    +0.0% | -168.656 |  -337008.2 |   -60826.2 |   4932 | _285113_/D
     589* |       4 |     109 |       37 |      1 |    79 |    +0.0% | -168.656 |  -337008.2 |   -60826.2 |   4932 | _285113_/D
     590* |       4 |     109 |       37 |      1 |    79 |    +0.0% | -168.656 |  -337008.2 |   -60826.2 |   4932 | _285113_/D
     592* |       4 |     109 |       37 |      1 |    79 |    +0.0% | -168.656 |  -337008.2 |   -60826.2 |   4932 | _285113_/D
     595* |       4 |     109 |       37 |      1 |    79 |    +0.0% | -168.656 |  -337008.2 |   -60826.2 |   4932 | _285113_/D
     597* |       4 |     109 |       37 |      1 |    80 |    +0.0% | -168.656 |  -337008.2 |   -60825.1 |   4932 | _285113_/D
     600* |       4 |     110 |       38 |      1 |    80 |    +0.0% | -168.654 |  -337008.2 |   -60846.3 |   4932 | _285113_/D
     608* |       4 |     111 |       39 |      1 |    80 |    +0.0% | -168.653 |  -337008.1 |   -60867.6 |   4932 | _285113_/D
     610* |       4 |     111 |       39 |      1 |    81 |    +0.0% | -168.653 |  -336590.4 |   -60816.4 |   4932 | _285113_/D
     620* |       4 |     111 |       40 |      1 |    90 |    +0.0% | -168.653 |  -336001.4 |   -60745.9 |   4932 | _285113_/D
     621* |       4 |     111 |       40 |      1 |    90 |    +0.0% | -168.653 |  -336001.4 |   -60745.9 |   4932 | _285113_/D
     629* |       4 |     111 |       41 |      1 |    90 |    +0.0% | -168.653 |  -336002.0 |   -61060.1 |   4932 | _285113_/D
     630* |       4 |     111 |       41 |      1 |    90 |    +0.0% | -168.653 |  -336002.0 |   -61060.1 |   4932 | _285113_/D
     630* |       4 |     111 |       41 |      1 |    90 |    +0.0% | -168.653 |  -336002.0 |   -61060.1 |   4932 | _285113_/D
     631* |       4 |     111 |       41 |      1 |    90 |    +0.0% | -168.653 |  -336002.0 |   -61060.1 |   4932 | _285113_/D
     632* |       4 |     111 |       41 |      1 |    90 |    +0.0% | -168.653 |  -336002.0 |   -61060.1 |   4932 | _285113_/D
     640* |       5 |     113 |       43 |      1 |    92 |    +0.0% | -168.653 |  -335165.3 |   -60996.5 |   4932 | _285113_/D
     650* |       6 |     115 |       44 |      1 |    98 |    +0.0% | -168.653 |  -334531.1 |   -60978.1 |   4932 | _285113_/D
     650* |       6 |     115 |       44 |      1 |    97 |    +0.0% | -168.653 |  -334530.5 |   -60973.9 |   4932 | _285113_/D
     651* |       6 |     115 |       44 |      1 |    97 |    +0.0% | -168.653 |  -334530.5 |   -60973.9 |   4932 | _285113_/D
     653* |       6 |     116 |       44 |      1 |    97 |    +0.0% | -168.653 |  -334571.0 |   -60972.5 |   4932 | _285113_/D
     654* |       6 |     116 |       44 |      1 |    97 |    +0.0% | -168.653 |  -334571.0 |   -60972.5 |   4932 | _285113_/D
     655* |       6 |     116 |       44 |      1 |    97 |    +0.0% | -168.653 |  -334571.0 |   -60972.5 |   4932 | _285113_/D
     656* |       6 |     116 |       44 |      1 |    97 |    +0.0% | -168.653 |  -334571.0 |   -60972.5 |   4932 | _285113_/D
     657* |       6 |     116 |       44 |      1 |    97 |    +0.0% | -168.653 |  -334571.0 |   -60972.5 |   4932 | _285113_/D
     658* |       6 |     116 |       44 |      1 |    97 |    +0.0% | -168.653 |  -334571.0 |   -60972.5 |   4932 | _285113_/D
     659* |       6 |     116 |       44 |      1 |    97 |    +0.0% | -168.653 |  -334571.0 |   -60972.5 |   4932 | _285113_/D
     660* |       6 |     116 |       44 |      1 |    97 |    +0.0% | -168.653 |  -334571.0 |   -60972.5 |   4932 | _285113_/D
     660* |       6 |     116 |       44 |      1 |    97 |    +0.0% | -168.653 |  -334571.0 |   -60972.5 |   4932 | _285113_/D
     670* |       7 |     122 |       45 |      1 |    98 |    +0.0% | -168.653 |  -334407.5 |   -60937.2 |   4932 | _285113_/D
     678* |       7 |     125 |       46 |      1 |   102 |    +0.0% | -168.653 |  -334386.1 |   -60915.8 |   4932 | _285113_/D
     679* |       7 |     125 |       46 |      1 |   102 |    +0.0% | -168.653 |  -334386.1 |   -60915.8 |   4932 | _285113_/D
     680* |       7 |     125 |       46 |      1 |   102 |    +0.0% | -168.653 |  -334386.1 |   -60915.8 |   4932 | _285113_/D
     690* |       7 |     126 |       47 |      1 |   110 |    +0.0% | -168.653 |  -333311.8 |   -60838.4 |   4932 | _285113_/D
     697* |       7 |     126 |       47 |      1 |   116 |    +0.0% | -168.653 |  -333393.6 |   -60829.2 |   4932 | _285113_/D
     698* |       7 |     126 |       47 |      1 |   116 |    +0.0% | -168.653 |  -333393.6 |   -60829.2 |   4932 | _285113_/D
     700* |       7 |     126 |       47 |      1 |   117 |    +0.0% | -168.653 |  -333392.5 |   -60820.0 |   4932 | _285113_/D
     709* |       7 |     127 |       47 |      1 |   121 |    +0.0% | -168.653 |  -333378.8 |   -60735.5 |   4932 | _285113_/D
     710* |       7 |     127 |       47 |      1 |   121 |    +0.0% | -168.653 |  -333378.8 |   -60735.5 |   4932 | _285113_/D
     710* |       7 |     127 |       47 |      1 |   121 |    +0.0% | -168.653 |  -333378.8 |   -60735.5 |   4932 | _285113_/D
     720* |       7 |     128 |       47 |      1 |   129 |    +0.0% | -168.653 |  -332762.2 |   -60653.2 |   4932 | _285113_/D
     722* |       7 |     129 |       47 |      1 |   130 |    +0.0% | -168.653 |  -332659.5 |   -60640.0 |   4932 | _285113_/D
     726* |       7 |     129 |       47 |      1 |   130 |    +0.0% | -168.653 |  -332659.5 |   -60640.0 |   4932 | _285113_/D
     730* |       7 |     129 |       47 |      1 |   133 |    +0.0% | -168.653 |  -332415.8 |   -60548.7 |   4932 | _285113_/D
     740* |       7 |     129 |       50 |      1 |   140 |    +0.0% | -168.653 |  -332040.8 |   -60513.8 |   4932 | _285113_/D
     741* |       7 |     129 |       50 |      1 |   140 |    +0.0% | -168.653 |  -332040.8 |   -60513.8 |   4932 | _285113_/D
     744* |       7 |     130 |       51 |      1 |   140 |    +0.0% | -168.653 |  -332040.8 |   -60684.4 |   4932 | _285113_/D
     750* |       7 |     132 |       52 |      1 |   142 |    +0.0% | -168.653 |  -329124.5 |   -60499.0 |   4932 | _285113_/D
     759* |       7 |     132 |       52 |      1 |   149 |    +0.0% | -168.653 |  -329148.0 |   -60488.0 |   4932 | _285113_/D
     760* |       7 |     132 |       52 |      1 |   149 |    +0.0% | -168.653 |  -329148.0 |   -60488.0 |   4932 | _285113_/D
     770* |       7 |     134 |       53 |      1 |   156 |    +0.0% | -168.653 |  -327073.8 |   -60370.3 |   4932 | _285113_/D
     773* |       7 |     134 |       53 |      1 |   159 |    +0.0% | -168.653 |  -327098.6 |   -60370.0 |   4932 | _285113_/D
     774* |       7 |     134 |       53 |      1 |   159 |    +0.0% | -168.653 |  -327098.6 |   -60370.0 |   4932 | _285113_/D
     778* |       7 |     135 |       53 |      1 |   161 |    +0.0% | -168.653 |  -327098.6 |   -60359.7 |   4932 | _285113_/D
     779* |       7 |     135 |       53 |      1 |   161 |    +0.0% | -168.653 |  -327098.6 |   -60359.7 |   4932 | _285113_/D
     780* |       7 |     135 |       53 |      1 |   161 |    +0.0% | -168.653 |  -327098.6 |   -60359.7 |   4932 | _285113_/D
     780* |       7 |     135 |       53 |      1 |   161 |    +0.0% | -168.653 |  -327098.6 |   -60359.7 |   4932 | _285113_/D
     783* |       7 |     137 |       53 |      1 |   161 |    +0.0% | -168.653 |  -327139.1 |   -60360.1 |   4932 | _285113_/D
     790* |       7 |     139 |       55 |      1 |   163 |    +0.0% | -168.653 |  -327796.1 |   -60265.0 |   4932 | _285113_/D
     800* |       7 |     141 |       57 |      1 |   170 |    +0.0% | -168.653 |  -327517.0 |   -60257.1 |   4932 | _285113_/D
     802* |       7 |     140 |       57 |      1 |   164 |    +0.0% | -168.653 |  -327485.1 |   -60251.8 |   4932 | _285113_/D
     803* |       7 |     140 |       57 |      1 |   164 |    +0.0% | -168.653 |  -327485.1 |   -60251.8 |   4932 | _285113_/D
     810* |       7 |     143 |       59 |      1 |   165 |    +0.0% | -168.653 |  -327368.3 |   -60244.5 |   4932 | _285113_/D
     820* |       7 |     145 |       61 |      1 |   171 |    +0.0% | -168.653 |  -327281.2 |   -60262.7 |   4932 | _285113_/D
     821* |       7 |     145 |       62 |      1 |   171 |    +0.0% | -168.653 |  -327281.9 |   -60259.9 |   4932 | _285113_/D
     822* |       7 |     145 |       62 |      1 |   171 |    +0.0% | -168.653 |  -327281.9 |   -60259.9 |   4932 | _285113_/D
     823* |       7 |     145 |       62 |      1 |   171 |    +0.0% | -168.653 |  -327281.9 |   -60259.9 |   4932 | _285113_/D
     830* |       7 |     149 |       62 |      1 |   173 |    +0.0% | -168.653 |  -327436.2 |   -60255.5 |   4932 | _285113_/D
     830* |       7 |     149 |       62 |      1 |   173 |    +0.0% | -168.653 |  -327436.2 |   -60255.5 |   4932 | _285113_/D
     831* |       7 |     149 |       62 |      1 |   173 |    +0.0% | -168.653 |  -327436.2 |   -60255.5 |   4932 | _285113_/D
     832* |       7 |     149 |       62 |      1 |   173 |    +0.0% | -168.653 |  -327436.2 |   -60255.5 |   4932 | _285113_/D
     840* |       7 |     156 |       62 |      1 |   173 |    +0.0% | -168.653 |  -327427.6 |   -57450.2 |   4932 | _285113_/D
     840* |       7 |     156 |       62 |      1 |   173 |    +0.0% | -168.653 |  -327427.6 |   -57450.2 |   4932 | _285113_/D
     841* |       7 |     156 |       62 |      1 |   173 |    +0.0% | -168.653 |  -327427.6 |   -57450.2 |   4932 | _285113_/D
     850* |       7 |     161 |       65 |      1 |   173 |    +0.0% | -169.094 |  -327433.7 |   -57486.4 |   4932 | _285113_/D
     857* |       7 |     160 |       63 |      1 |   173 |    +0.0% | -168.653 |  -327427.6 |   -57380.0 |   4932 | _285113_/D
     858* |       7 |     160 |       63 |      1 |   173 |    +0.0% | -168.653 |  -327427.6 |   -57380.0 |   4932 | _285113_/D
     860* |       7 |     161 |       63 |      1 |   173 |    +0.0% | -169.094 |  -327433.7 |   -57322.1 |   4932 | _285113_/D
     869* |       7 |     160 |       63 |      1 |   173 |    +0.0% | -168.653 |  -327427.6 |   -57380.0 |   4932 | _285113_/D
     870* |       7 |     160 |       63 |      1 |   173 |    +0.0% | -168.653 |  -327427.6 |   -57380.0 |   4932 | _285113_/D
     873* |       7 |     163 |       63 |      1 |   173 |    +0.0% | -168.653 |  -327427.7 |   -57289.8 |   4932 | _285113_/D
     874* |       7 |     163 |       63 |      1 |   173 |    +0.0% | -168.653 |  -327427.7 |   -57289.8 |   4932 | _285113_/D
     876* |       7 |     164 |       63 |      1 |   173 |    +0.0% | -168.653 |  -327461.1 |   -57288.4 |   4932 | _285113_/D
     880* |       7 |     165 |       64 |      1 |   174 |    +0.0% | -168.653 |  -326400.3 |   -57268.2 |   4932 | _285113_/D
     890* |       7 |     168 |       65 |      1 |   180 |    +0.0% | -168.653 |  -325823.8 |   -57202.6 |   4932 | _285113_/D
     900* |       7 |     174 |       65 |      1 |   184 |    +0.0% | -168.653 |  -325732.0 |   -57187.4 |   4932 | _285113_/D
     901* |       7 |     174 |       65 |      1 |   184 |    +0.0% | -168.653 |  -325732.0 |   -57187.4 |   4932 | _285113_/D
     910* |       7 |     178 |       69 |      1 |   184 |    +0.0% | -169.094 |  -325738.1 |   -57613.0 |   4932 | _285113_/D
     912* |       7 |     174 |       65 |      1 |   184 |    +0.0% | -168.653 |  -325732.0 |   -57187.4 |   4932 | _285113_/D
     914* |       7 |     175 |       65 |      1 |   184 |    +0.0% | -168.653 |  -325732.2 |   -57163.0 |   4932 | _285113_/D
     920* |       7 |     176 |       65 |      1 |   188 |    +0.0% | -168.653 |  -325591.2 |   -57068.4 |   4932 | _285113_/D
     930* |       7 |     179 |       67 |      1 |   193 |    +0.0% | -168.653 |  -325394.7 |   -57038.0 |   4932 | _285113_/D
     930* |       7 |     179 |       67 |      1 |   190 |    +0.0% | -168.653 |  -325447.0 |   -57030.4 |   4932 | _285113_/D
     940* |       7 |     184 |       71 |      1 |   190 |    +0.0% | -169.094 |  -325453.2 |   -57444.3 |   4932 | _285113_/D
     941* |       7 |     179 |       67 |      1 |   190 |    +0.0% | -168.653 |  -325447.0 |   -57030.4 |   4932 | _285113_/D
     942* |       7 |     179 |       67 |      1 |   190 |    +0.0% | -168.653 |  -325447.0 |   -57030.4 |   4932 | _285113_/D
     943* |       7 |     179 |       67 |      1 |   190 |    +0.0% | -168.653 |  -325447.0 |   -57030.4 |   4932 | _285113_/D
     950* |       7 |     181 |       69 |      1 |   192 |    +0.0% | -168.653 |  -324622.1 |   -56991.6 |   4932 | _285113_/D
     958* |       7 |     181 |       69 |      1 |   190 |    +0.0% | -168.653 |  -324641.0 |   -56979.2 |   4932 | _285113_/D
     959* |       7 |     181 |       69 |      1 |   190 |    +0.0% | -168.653 |  -324641.0 |   -56979.2 |   4932 | _285113_/D
     960* |       7 |     181 |       69 |      1 |   190 |    +0.0% | -168.653 |  -324641.0 |   -56979.2 |   4932 | _285113_/D
     960* |       7 |     181 |       69 |      1 |   190 |    +0.0% | -168.653 |  -324641.0 |   -56979.2 |   4932 | _285113_/D
     961* |       7 |     181 |       69 |      1 |   190 |    +0.0% | -168.653 |  -324641.0 |   -56979.2 |   4932 | _285113_/D
     962* |       7 |     181 |       69 |      1 |   190 |    +0.0% | -168.653 |  -324641.0 |   -56979.2 |   4932 | _285113_/D
     963* |       7 |     181 |       69 |      1 |   190 |    +0.0% | -168.653 |  -324641.0 |   -56979.2 |   4932 | _285113_/D
     964* |       7 |     181 |       69 |      1 |   190 |    +0.0% | -168.653 |  -324641.0 |   -56979.2 |   4932 | _285113_/D
     965* |       7 |     181 |       69 |      1 |   190 |    +0.0% | -168.653 |  -324641.0 |   -56979.2 |   4932 | _285113_/D
     966* |       7 |     181 |       69 |      1 |   190 |    +0.0% | -168.653 |  -324641.0 |   -56979.2 |   4932 | _285113_/D
     967* |       7 |     181 |       69 |      1 |   190 |    +0.0% | -168.653 |  -324641.0 |   -56979.2 |   4932 | _285113_/D
     968* |       7 |     181 |       69 |      1 |   190 |    +0.0% | -168.653 |  -324641.0 |   -56979.2 |   4932 | _285113_/D
     969* |       7 |     181 |       69 |      1 |   190 |    +0.0% | -168.653 |  -324641.0 |   -56979.2 |   4932 | _285113_/D
     970* |       7 |     181 |       69 |      1 |   190 |    +0.0% | -168.653 |  -324641.0 |   -56979.2 |   4932 | _285113_/D
     974* |       7 |     182 |       69 |      1 |   190 |    +0.0% | -168.653 |  -324641.0 |   -56977.8 |   4932 | _285113_/D
     980* |       7 |     184 |       70 |      1 |   192 |    +0.0% | -168.653 |  -323183.6 |   -56995.8 |   4932 | _285113_/D
     990* |       8 |     188 |       75 |      1 |   194 |    +0.0% | -168.653 |  -322851.4 |   -57005.4 |   4932 | _285113_/D
    1000* |       8 |     193 |       76 |      1 |   198 |    +0.0% | -168.653 |  -322522.4 |   -56980.4 |   4932 | _285113_/D
    1002* |       8 |     193 |       76 |      1 |   198 |    +0.0% | -168.653 |  -322522.4 |   -56980.4 |   4932 | _285113_/D
    1003* |       8 |     193 |       76 |      1 |   198 |    +0.0% | -168.653 |  -322522.4 |   -56980.4 |   4932 | _285113_/D
    1004* |       8 |     193 |       76 |      1 |   198 |    +0.0% | -168.653 |  -322522.4 |   -56980.4 |   4932 | _285113_/D
    1008* |       8 |     194 |       76 |      1 |   198 |    +0.0% | -168.653 |  -322583.3 |   -56980.0 |   4932 | _285113_/D
    1009* |       8 |     194 |       76 |      1 |   198 |    +0.0% | -168.653 |  -322583.3 |   -56980.0 |   4932 | _285113_/D
    1010* |       8 |     194 |       76 |      1 |   198 |    +0.0% | -168.653 |  -322583.3 |   -56980.0 |   4932 | _285113_/D
    1010* |       8 |     194 |       76 |      1 |   198 |    +0.0% | -168.653 |  -322583.3 |   -56980.0 |   4932 | _285113_/D
    1012* |       8 |     195 |       76 |      1 |   198 |    +0.0% | -168.653 |  -322583.3 |   -56977.4 |   4932 | _285113_/D
    1013* |       8 |     195 |       76 |      1 |   198 |    +0.0% | -168.653 |  -322583.3 |   -56977.4 |   4932 | _285113_/D
    1014* |       8 |     195 |       76 |      1 |   198 |    +0.0% | -168.653 |  -322583.3 |   -56977.4 |   4932 | _285113_/D
    1015* |       8 |     195 |       76 |      1 |   198 |    +0.0% | -168.653 |  -322583.3 |   -56977.4 |   4932 | _285113_/D
    1016* |       8 |     195 |       76 |      1 |   198 |    +0.0% | -168.653 |  -322583.3 |   -56977.4 |   4932 | _285113_/D
    1017* |       8 |     195 |       76 |      1 |   198 |    +0.0% | -168.653 |  -322583.3 |   -56977.4 |   4932 | _285113_/D
    1020* |       8 |     195 |       76 |      1 |   200 |    +0.0% | -168.653 |  -322665.0 |   -56979.7 |   4932 | _285113_/D
    1030* |       8 |     198 |       78 |      1 |   206 |    +0.0% | -168.653 |  -322747.3 |   -56953.5 |   4932 | _285113_/D
    1033* |       8 |     198 |       78 |      1 |   205 |    +0.0% | -168.653 |  -322746.3 |   -56950.5 |   4932 | _285113_/D
    1039* |       8 |     202 |       79 |      1 |   205 |    +0.0% | -168.653 |  -322348.6 |   -56921.9 |   4932 | _285113_/D
    1040* |       8 |     202 |       79 |      1 |   205 |    +0.0% | -168.653 |  -322348.6 |   -56921.9 |   4932 | _285113_/D
    1050* |       9 |     207 |       83 |      1 |   205 |    +0.0% | -169.094 |  -322354.9 |   -57055.1 |   4932 | _285113_/D
    1055* |       8 |     204 |       79 |      1 |   205 |    +0.0% | -168.653 |  -322348.6 |   -56883.2 |   4932 | _285113_/D
    1056* |       8 |     204 |       79 |      1 |   205 |    +0.0% | -168.653 |  -322348.6 |   -56883.2 |   4932 | _285113_/D
    1057* |       8 |     204 |       79 |      1 |   205 |    +0.0% | -168.653 |  -322348.6 |   -56883.2 |   4932 | _285113_/D
    1060* |       8 |     205 |       80 |      1 |   205 |    +0.0% | -168.653 |  -322348.6 |   -57006.6 |   4932 | _285113_/D
    1069* |       8 |     204 |       79 |      1 |   205 |    +0.0% | -168.653 |  -322348.6 |   -56883.2 |   4932 | _285113_/D
    1070* |       8 |     204 |       79 |      1 |   205 |    +0.0% | -168.653 |  -322348.6 |   -56883.2 |   4932 | _285113_/D
    1080* |       8 |     205 |       80 |      1 |   213 |    +0.0% | -168.653 |  -321927.5 |   -56841.9 |   4932 | _285113_/D
    1083* |       8 |     205 |       80 |      1 |   213 |    +0.0% | -168.653 |  -321927.5 |   -56841.9 |   4932 | _285113_/D
    1089* |       8 |     210 |       80 |      1 |   213 |    +0.0% | -168.653 |  -321926.4 |   -55930.6 |   4932 | _285113_/D
    1090* |       8 |     210 |       80 |      1 |   213 |    +0.0% | -168.653 |  -321926.4 |   -55930.6 |   4932 | _285113_/D
    1091* |       8 |     211 |       80 |      1 |   213 |    +0.0% | -168.653 |  -321964.4 |   -55929.2 |   4932 | _285113_/D
    1100* |       8 |     216 |       83 |      1 |   213 |    +0.0% | -169.094 |  -321970.7 |   -56084.6 |   4932 | _285113_/D
    1103* |       8 |     211 |       80 |      1 |   213 |    +0.0% | -168.653 |  -321964.4 |   -55929.2 |   4932 | _285113_/D
    1110* |       8 |     214 |       83 |      1 |   213 |    +0.0% | -169.094 |  -321970.7 |   -56111.5 |   4932 | _285113_/D
    1115* |       8 |     211 |       80 |      1 |   213 |    +0.0% | -168.653 |  -321964.4 |   -55929.2 |   4932 | _285113_/D
    1116* |       8 |     211 |       80 |      1 |   213 |    +0.0% | -168.653 |  -321964.4 |   -55929.2 |   4932 | _285113_/D
    1117* |       8 |     211 |       80 |      1 |   213 |    +0.0% | -168.653 |  -321964.4 |   -55929.2 |   4932 | _285113_/D
    1118* |       8 |     211 |       80 |      1 |   213 |    +0.0% | -168.653 |  -321964.4 |   -55929.2 |   4932 | _285113_/D
    1120* |       8 |     211 |       81 |      1 |   213 |    +0.0% | -168.653 |  -321963.2 |   -55923.9 |   4932 | _285113_/D
    1130* |       8 |     212 |       83 |      1 |   220 |    +0.0% | -168.653 |  -321362.0 |   -55842.6 |   4932 | _285113_/D
    1137* |       8 |     212 |       83 |      1 |   220 |    +0.0% | -168.653 |  -321362.0 |   -55842.6 |   4932 | _285113_/D
    1138* |       8 |     212 |       83 |      1 |   220 |    +0.0% | -168.653 |  -321362.0 |   -55842.6 |   4932 | _285113_/D
    1139* |       8 |     212 |       83 |      1 |   220 |    +0.0% | -168.653 |  -321362.0 |   -55842.6 |   4932 | _285113_/D
    1140* |       8 |     212 |       83 |      1 |   220 |    +0.0% | -168.653 |  -321362.0 |   -55842.6 |   4932 | _285113_/D
    1144* |       8 |     215 |       84 |      1 |   220 |    +0.0% | -168.653 |  -321545.9 |   -55839.0 |   4932 | _285113_/D
    1150* |       8 |     215 |       85 |      1 |   224 |    +0.0% | -168.653 |  -320742.5 |   -55831.6 |   4932 | _285113_/D
    1157* |       8 |     215 |       85 |      1 |   225 |    +0.0% | -168.653 |  -320765.4 |   -55831.3 |   4932 | _285113_/D
    1158* |       8 |     215 |       85 |      1 |   225 |    +0.0% | -168.653 |  -320765.4 |   -55831.3 |   4932 | _285113_/D
    1159* |       8 |     215 |       85 |      1 |   225 |    +0.0% | -168.653 |  -320765.4 |   -55831.3 |   4932 | _285113_/D
    1160* |       8 |     215 |       85 |      1 |   225 |    +0.0% | -168.653 |  -320765.4 |   -55831.3 |   4932 | _285113_/D
    1160* |       8 |     215 |       85 |      1 |   225 |    +0.0% | -168.653 |  -320765.4 |   -55831.3 |   4932 | _285113_/D
    1161* |       8 |     215 |       85 |      1 |   225 |    +0.0% | -168.653 |  -320765.4 |   -55831.3 |   4932 | _285113_/D
    1162* |       8 |     215 |       85 |      1 |   225 |    +0.0% | -168.653 |  -320765.4 |   -55831.3 |   4932 | _285113_/D
    1170* |       8 |     216 |       88 |      1 |   228 |    +0.0% | -168.653 |  -319852.8 |   -56021.5 |   4932 | _285113_/D
    1180* |       8 |     216 |       90 |      1 |   236 |    +0.0% | -168.653 |  -319498.6 |   -55990.2 |   4932 | _285113_/D
    1182* |       8 |     216 |       90 |      1 |   231 |    +0.0% | -168.653 |  -319471.0 |   -55972.2 |   4932 | _285113_/D
    1183* |       8 |     216 |       90 |      1 |   231 |    +0.0% | -168.653 |  -319471.0 |   -55972.2 |   4932 | _285113_/D
    1184* |       8 |     216 |       90 |      1 |   231 |    +0.0% | -168.653 |  -319471.0 |   -55972.2 |   4932 | _285113_/D
    1185* |       8 |     216 |       90 |      1 |   231 |    +0.0% | -168.653 |  -319471.0 |   -55972.2 |   4932 | _285113_/D
    1186* |       8 |     216 |       90 |      1 |   231 |    +0.0% | -168.653 |  -319471.0 |   -55972.2 |   4932 | _285113_/D
    1190* |       8 |     217 |       90 |      1 |   233 |    +0.0% | -168.653 |  -319237.6 |   -55926.5 |   4932 | _285113_/D
    1200* |       8 |     219 |       91 |      1 |   240 |    +0.0% | -168.653 |  -318994.2 |   -55882.3 |   4932 | _285113_/D
    1207* |       8 |     220 |       91 |      1 |   246 |    +0.0% | -168.653 |  -318949.1 |   -55878.8 |   4932 | _285113_/D
    1208* |       8 |     220 |       91 |      1 |   246 |    +0.0% | -168.653 |  -318949.1 |   -55878.8 |   4932 | _285113_/D
    1209* |       8 |     220 |       91 |      1 |   246 |    +0.0% | -168.653 |  -318949.1 |   -55878.8 |   4932 | _285113_/D
    1210* |       8 |     220 |       91 |      1 |   246 |    +0.0% | -168.653 |  -318949.1 |   -55878.8 |   4932 | _285113_/D
    1220* |       8 |     230 |       91 |      1 |   246 |    +0.0% | -168.653 |  -318794.4 |   -55834.2 |   4932 | _285113_/D
    1230* |       8 |     239 |       92 |      1 |   246 |    +0.0% | -168.653 |  -318702.8 |   -55822.8 |   4932 | _285113_/D
    1240* |       8 |     247 |       94 |      1 |   246 |    +0.1% | -168.653 |  -318615.2 |   -55812.0 |   4932 | _285113_/D
    1250* |       8 |     256 |       94 |      1 |   247 |    +0.1% | -168.653 |  -318574.6 |   -55807.1 |   4932 | _285113_/D
    1260* |       8 |     266 |       94 |      1 |   247 |    +0.1% | -168.653 |  -318524.8 |   -55800.7 |   4932 | _285113_/D
    1270* |       8 |     275 |       95 |      1 |   247 |    +0.1% | -168.653 |  -318504.5 |   -55794.9 |   4932 | _285113_/D
    1277* |       8 |     277 |       95 |      1 |   248 |    +0.1% | -168.653 |  -318499.3 |   -55793.1 |   4932 | _285113_/D
    1280* |       8 |     277 |       96 |      1 |   249 |    +0.1% | -168.653 |  -318509.9 |   -55779.5 |   4932 | _285113_/D
    1290* |       8 |     278 |       98 |      1 |   256 |    +0.1% | -168.653 |  -317955.1 |   -55781.8 |   4932 | _285113_/D
    1294* |       8 |     278 |       98 |      1 |   260 |    +0.1% | -168.653 |  -317933.4 |   -55780.6 |   4932 | _285113_/D
    1300* |       8 |     282 |       99 |      1 |   260 |    +0.1% | -168.653 |  -317936.0 |   -55804.9 |   4932 | _285113_/D
    1301* |       8 |     280 |       98 |      1 |   260 |    +0.1% | -168.653 |  -318184.1 |   -55770.6 |   4932 | _285113_/D
    1307* |       8 |     280 |       98 |      1 |   260 |    +0.1% | -168.653 |  -318184.1 |   -55770.6 |   4932 | _285113_/D
    1310* |       8 |     282 |       98 |      1 |   260 |    +0.1% | -168.653 |  -317644.9 |   -55725.7 |   4932 | _285113_/D
    1320* |       9 |     285 |       99 |      1 |   265 |    +0.1% | -168.653 |  -317331.7 |   -55715.5 |   4932 | _285113_/D
    1325* |       8 |     285 |       99 |      1 |   263 |    +0.1% | -168.653 |  -317358.5 |   -55718.1 |   4932 | _285113_/D
    1326* |       8 |     285 |       99 |      1 |   263 |    +0.1% | -168.653 |  -317358.5 |   -55718.1 |   4932 | _285113_/D
    1329* |       8 |     285 |       99 |      1 |   263 |    +0.1% | -168.653 |  -317358.5 |   -55718.1 |   4932 | _285113_/D
    1330* |       8 |     285 |       99 |      1 |   263 |    +0.1% | -168.653 |  -317358.5 |   -55718.1 |   4932 | _285113_/D
    1340* |      10 |     291 |      100 |      1 |   264 |    +0.1% | -170.720 |  -317262.5 |   -54980.3 |   4932 | _285113_/D
    1350* |      10 |     297 |      101 |      1 |   267 |    +0.1% | -170.720 |  -317226.2 |   -54802.2 |   4932 | _285113_/D
    1359* |       9 |     288 |       99 |      1 |   263 |    +0.1% | -168.653 |  -317260.0 |   -54943.3 |   4932 | _285113_/D
    1360* |       9 |     288 |       99 |      1 |   263 |    +0.1% | -168.653 |  -317260.0 |   -54943.3 |   4932 | _285113_/D
    1360* |       9 |     288 |       99 |      1 |   263 |    +0.1% | -168.653 |  -317260.0 |   -54943.3 |   4932 | _285113_/D
    1370* |      10 |     294 |      100 |      1 |   264 |    +0.1% | -168.653 |  -317370.3 |   -54933.4 |   4932 | _285113_/D
    1379* |      10 |     296 |      102 |      1 |   267 |    +0.1% | -168.653 |  -317297.9 |   -54924.9 |   4932 | _285113_/D
    1380* |      10 |     296 |      102 |      1 |   267 |    +0.1% | -168.653 |  -317297.9 |   -54924.9 |   4932 | _285113_/D
    1380* |      10 |     296 |      102 |      1 |   267 |    +0.1% | -168.653 |  -317297.9 |   -54924.9 |   4932 | _285113_/D
    1390* |      11 |     299 |      103 |      1 |   271 |    +0.1% | -168.653 |  -316431.5 |   -54874.0 |   4932 | _285113_/D
    1398* |      11 |     299 |      105 |      1 |   277 |    +0.1% | -168.653 |  -316675.7 |   -54863.4 |   4932 | _285113_/D
    1400* |      11 |     299 |      106 |      1 |   277 |    +0.1% | -168.653 |  -316623.6 |   -54858.0 |   4932 | _285113_/D
    1410* |      11 |     300 |      107 |      1 |   285 |    +0.1% | -168.653 |  -316458.6 |   -54827.4 |   4932 | _285113_/D
    1414* |      11 |     300 |      107 |      1 |   286 |    +0.1% | -168.653 |  -316447.3 |   -54826.7 |   4932 | _285113_/D
    1415* |      11 |     300 |      107 |      1 |   286 |    +0.1% | -168.653 |  -316447.3 |   -54826.7 |   4932 | _285113_/D
    1417* |      11 |     300 |      107 |      1 |   286 |    +0.1% | -168.653 |  -316447.3 |   -54826.7 |   4932 | _285113_/D
    1420* |      11 |     300 |      109 |      1 |   286 |    +0.1% | -168.653 |  -316383.6 |   -54802.5 |   4932 | _285113_/D
    1430* |      11 |     301 |      109 |      1 |   295 |    +0.1% | -168.653 |  -316326.2 |   -54798.7 |   4932 | _285113_/D
    1440* |      11 |     301 |      109 |      1 |   305 |    +0.1% | -168.653 |  -316286.2 |   -54793.2 |   4932 | _285113_/D
    1445* |      11 |     301 |      110 |      1 |   306 |    +0.1% | -168.653 |  -316255.9 |   -54814.1 |   4932 | _285113_/D
    1450* |      11 |     304 |      111 |      1 |   306 |    +0.1% | -170.720 |  -316264.2 |   -54869.8 |   4932 | _285113_/D
    1460* |      12 |     309 |      114 |      1 |   307 |    +0.1% | -170.720 |  -316225.7 |   -54707.8 |   4932 | _285113_/D
    1460* |      11 |     301 |      110 |      1 |   306 |    +0.1% | -168.653 |  -316255.9 |   -54814.1 |   4932 | _285113_/D
    1467* |      11 |     305 |      112 |      1 |   306 |    +0.1% | -168.653 |  -316461.2 |   -54814.5 |   4932 | _285113_/D
    1469* |      11 |     306 |      112 |      1 |   306 |    +0.1% | -168.653 |  -316461.2 |   -54812.5 |   4932 | _285113_/D
    1470* |      11 |     306 |      112 |      1 |   306 |    +0.1% | -168.653 |  -316461.2 |   -54812.5 |   4932 | _285113_/D
    1480* |      11 |     306 |      113 |      1 |   315 |    +0.1% | -168.653 |  -316373.3 |   -54810.3 |   4932 | _285113_/D
    1482* |      11 |     306 |      113 |      1 |   313 |    +0.1% | -168.653 |  -316368.5 |   -54810.3 |   4932 | _285113_/D
    1490* |      12 |     310 |      115 |      1 |   313 |    +0.1% | -170.720 |  -316370.0 |   -54823.9 |   4932 | _285113_/D
    1497* |      11 |     306 |      113 |      1 |   313 |    +0.1% | -168.653 |  -316368.5 |   -54810.3 |   4932 | _285113_/D
    1498* |      11 |     306 |      113 |      1 |   313 |    +0.1% | -168.653 |  -316368.5 |   -54810.3 |   4932 | _285113_/D
    1500* |      11 |     307 |      113 |      1 |   313 |    +0.1% | -168.653 |  -316368.5 |   -54808.3 |   4932 | _285113_/D
    1504* |      11 |     307 |      113 |      1 |   313 |    +0.1% | -168.653 |  -316368.5 |   -54808.3 |   4932 | _285113_/D
    1510* |      11 |     310 |      114 |      1 |   314 |    +0.1% | -168.653 |  -316290.2 |   -54631.8 |   4932 | _285113_/D
    1520* |      11 |     317 |      114 |      1 |   317 |    +0.1% | -168.653 |  -316311.0 |   -54620.9 |   4932 | _285113_/D
    1530* |      11 |     325 |      116 |      1 |   317 |    +0.1% | -168.653 |  -316228.3 |   -54624.2 |   4932 | _285113_/D
    1540* |      13 |     331 |      117 |      1 |   318 |    +0.1% | -168.653 |  -316167.3 |   -54586.7 |   4932 | _285113_/D
    1546* |      13 |     332 |      117 |      1 |   318 |    +0.1% | -168.653 |  -316167.3 |   -54585.2 |   4932 | _285113_/D
    1547* |      13 |     332 |      117 |      1 |   318 |    +0.1% | -168.653 |  -316167.3 |   -54585.2 |   4932 | _285113_/D
    1550* |      13 |     332 |      119 |      1 |   318 |    +0.1% | -168.653 |  -316076.5 |   -54544.1 |   4932 | _285113_/D
    1560* |      13 |     333 |      119 |      1 |   327 |    +0.1% | -168.653 |  -314863.7 |   -54472.6 |   4932 | _285113_/D
    1561* |      13 |     333 |      119 |      1 |   318 |    +0.1% | -168.653 |  -314606.1 |   -54470.4 |   4932 | _285113_/D
    1570* |      14 |     339 |      120 |      1 |   318 |    +0.1% | -170.720 |  -314590.5 |   -54413.9 |   4932 | _285113_/D
    1575* |      13 |     333 |      119 |      1 |   318 |    +0.1% | -168.653 |  -314606.1 |   -54470.4 |   4932 | _285113_/D
    1576* |      13 |     333 |      119 |      1 |   318 |    +0.1% | -168.653 |  -314606.1 |   -54470.4 |   4932 | _285113_/D
    1577* |      13 |     333 |      119 |      1 |   318 |    +0.1% | -168.653 |  -314606.1 |   -54470.4 |   4932 | _285113_/D
    1578* |      13 |     333 |      119 |      1 |   318 |    +0.1% | -168.653 |  -314606.1 |   -54470.4 |   4932 | _285113_/D
    1580* |      13 |     334 |      119 |      1 |   318 |    +0.1% | -168.653 |  -313864.9 |   -54437.1 |   4932 | _285113_/D
    1590* |      13 |     339 |      120 |      1 |   322 |    +0.1% | -168.653 |  -313036.5 |   -54377.7 |   4932 | _285113_/D
    1600* |      13 |     340 |      121 |      1 |   330 |    +0.1% | -168.653 |  -312858.0 |   -54384.9 |   4932 | _285113_/D
    1602* |      13 |     340 |      122 |      1 |   331 |    +0.1% | -168.653 |  -312844.5 |   -54383.6 |   4932 | _285113_/D
    1603* |      13 |     340 |      122 |      1 |   331 |    +0.1% | -168.653 |  -312844.5 |   -54383.6 |   4932 | _285113_/D
    1610* |      13 |     342 |      122 |      1 |   335 |    +0.1% | -168.653 |  -312791.3 |   -54343.6 |   4932 | _285113_/D
    1617* |      13 |     342 |      122 |      1 |   342 |    +0.1% | -168.653 |  -312764.9 |   -54334.7 |   4932 | _285113_/D
    1620* |      13 |     344 |      122 |      1 |   342 |    +0.1% | -170.144 |  -312770.9 |   -54388.6 |   4932 | _285113_/D
    1630* |      14 |     350 |      125 |      1 |   342 |    +0.1% | -170.720 |  -312734.7 |   -54235.3 |   4932 | _285113_/D
    1631* |      13 |     342 |      122 |      1 |   342 |    +0.1% | -168.653 |  -312764.9 |   -54334.7 |   4932 | _285113_/D
    1634* |      13 |     342 |      122 |      1 |   342 |    +0.1% | -168.653 |  -312764.9 |   -54334.7 |   4932 | _285113_/D
    1635* |      13 |     342 |      122 |      1 |   342 |    +0.1% | -168.653 |  -312764.9 |   -54334.7 |   4932 | _285113_/D
    1640* |      13 |     342 |      123 |      1 |   345 |    +0.1% | -168.653 |  -312507.5 |   -54296.9 |   4932 | _285113_/D
    1648* |      13 |     342 |      123 |      1 |   348 |    +0.1% | -168.653 |  -312355.2 |   -54294.4 |   4932 | _285113_/D
    1650* |      13 |     342 |      123 |      1 |   349 |    +0.1% | -168.653 |  -312355.2 |   -54295.3 |   4932 | _285113_/D
    1650* |      13 |     342 |      123 |      1 |   348 |    +0.1% | -168.653 |  -312355.2 |   -54294.4 |   4932 | _285113_/D
    1660* |      13 |     342 |      124 |      1 |   356 |    +0.1% | -168.653 |  -312304.9 |   -54364.0 |   4932 | _285113_/D
    1666* |      13 |     342 |      124 |      1 |   350 |    +0.1% | -168.653 |  -312358.4 |   -54356.3 |   4932 | _285113_/D
    1670* |      13 |     343 |      124 |      1 |   352 |    +0.1% | -168.653 |  -311580.0 |   -54270.5 |   4932 | _285113_/D
    1680* |      13 |     343 |      125 |      1 |   361 |    +0.1% | -168.653 |  -311589.0 |   -54283.2 |   4932 | _285113_/D
    1681* |      13 |     343 |      124 |      1 |   352 |    +0.1% | -168.653 |  -311580.0 |   -54270.5 |   4932 | _285113_/D
    1682* |      13 |     343 |      124 |      1 |   352 |    +0.1% | -168.653 |  -311580.0 |   -54270.5 |   4932 | _285113_/D
    1690* |      13 |     346 |      127 |      1 |   353 |    +0.1% | -168.653 |  -311491.2 |   -54287.4 |   4932 | _285113_/D
    1692* |      13 |     345 |      126 |      1 |   353 |    +0.1% | -168.653 |  -311493.6 |   -54262.5 |   4932 | _285113_/D
    1700* |      13 |     352 |      126 |      1 |   353 |    +0.1% | -168.653 |  -311424.8 |   -54235.1 |   4932 | _285113_/D
    1710* |      13 |     362 |      126 |      1 |   353 |    +0.1% | -168.653 |  -311348.4 |   -54205.0 |   4932 | _285113_/D
    1720* |      13 |     372 |      126 |      1 |   353 |    +0.1% | -168.653 |  -311278.5 |   -54191.6 |   4932 | _285113_/D
    1730* |      13 |     382 |      126 |      1 |   353 |    +0.1% | -168.653 |  -311251.0 |   -54186.6 |   4932 | _285113_/D
    1735* |      13 |     387 |      126 |      1 |   353 |    +0.1% | -168.653 |  -311255.9 |   -54183.1 |   4932 | _285113_/D
    1740* |      13 |     391 |      126 |      1 |   353 |    +0.1% | -169.047 |  -311261.3 |   -54063.2 |   4932 | _285113_/D
    1742* |      13 |     387 |      126 |      1 |   353 |    +0.1% | -168.653 |  -311255.9 |   -54183.1 |   4932 | _285113_/D
    1749* |      13 |     387 |      126 |      1 |   353 |    +0.1% | -168.653 |  -311255.9 |   -54183.1 |   4932 | _285113_/D
    1750* |      13 |     387 |      126 |      1 |   353 |    +0.1% | -168.653 |  -311255.9 |   -54183.1 |   4932 | _285113_/D
    1750* |      13 |     387 |      126 |      1 |   353 |    +0.1% | -168.653 |  -311255.9 |   -54183.1 |   4932 | _285113_/D
    1751* |      13 |     387 |      126 |      1 |   353 |    +0.1% | -168.653 |  -311255.9 |   -54183.1 |   4932 | _285113_/D
    1752* |      13 |     387 |      126 |      1 |   353 |    +0.1% | -168.653 |  -311255.9 |   -54183.1 |   4932 | _285113_/D
    1753* |      13 |     387 |      126 |      1 |   353 |    +0.1% | -168.653 |  -311255.9 |   -54183.1 |   4932 | _285113_/D
    1755* |      13 |     388 |      126 |      1 |   353 |    +0.1% | -168.653 |  -311255.9 |   -54163.4 |   4932 | _285113_/D
    1760* |      13 |     389 |      127 |      1 |   355 |    +0.1% | -168.653 |  -311217.9 |   -54158.1 |   4932 | _285113_/D
    1768* |      13 |     389 |      128 |      1 |   360 |    +0.1% | -168.653 |  -311117.9 |   -54149.5 |   4932 | _285113_/D
    1770* |      13 |     390 |      128 |      1 |   360 |    +0.1% | -168.653 |  -310214.2 |   -54128.1 |   4932 | _285113_/D
    1779* |      13 |     390 |      128 |      1 |   360 |    +0.1% | -168.653 |  -310214.2 |   -54128.1 |   4932 | _285113_/D
    1780* |      13 |     390 |      128 |      1 |   360 |    +0.1% | -168.653 |  -310214.2 |   -54128.1 |   4932 | _285113_/D
    1781* |      13 |     391 |      128 |      1 |   360 |    +0.1% | -168.653 |  -310214.2 |   -54134.9 |   4932 | _285113_/D
    1782* |      13 |     391 |      128 |      1 |   360 |    +0.1% | -168.653 |  -310214.2 |   -54134.9 |   4932 | _285113_/D
    1784* |      13 |     392 |      128 |      1 |   360 |    +0.1% | -168.653 |  -310249.0 |   -54133.6 |   4932 | _285113_/D
    1785* |      13 |     392 |      128 |      1 |   360 |    +0.1% | -168.653 |  -310249.0 |   -54133.6 |   4932 | _285113_/D
    1786* |      13 |     392 |      128 |      1 |   360 |    +0.1% | -168.653 |  -310249.0 |   -54133.6 |   4932 | _285113_/D
    1790* |      13 |     393 |      128 |      1 |   362 |    +0.1% | -168.653 |  -310283.0 |   -54137.3 |   4932 | _285113_/D
    1790* |      13 |     393 |      128 |      1 |   361 |    +0.1% | -168.653 |  -310281.0 |   -54131.6 |   4932 | _285113_/D
    1791* |      13 |     393 |      128 |      1 |   361 |    +0.1% | -168.653 |  -310281.0 |   -54131.6 |   4932 | _285113_/D
    1797* |      13 |     395 |      128 |      1 |   361 |    +0.1% | -168.653 |  -310475.2 |   -54128.5 |   4932 | _285113_/D
    1800* |      13 |     395 |      129 |      1 |   362 |    +0.1% | -168.653 |  -310464.9 |   -54135.0 |   4932 | _285113_/D
    1810* |      13 |     395 |      132 |      1 |   369 |    +0.1% | -168.653 |  -310472.7 |   -54141.3 |   4932 | _285113_/D
    1815* |      13 |     395 |      133 |      1 |   373 |    +0.1% | -168.653 |  -310347.9 |   -54134.3 |   4932 | _285113_/D
    1820* |      13 |     396 |      134 |      1 |   375 |    +0.1% | -168.653 |  -309295.9 |   -54046.6 |   4932 | _285113_/D
    1830* |      13 |     396 |      135 |      1 |   384 |    +0.1% | -168.653 |  -309215.9 |   -54043.1 |   4932 | _285113_/D
    1830* |      13 |     396 |      135 |      1 |   383 |    +0.1% | -168.653 |  -309175.3 |   -54043.7 |   4932 | _285113_/D
    1832* |      13 |     397 |      135 |      1 |   383 |    +0.1% | -168.653 |  -309175.3 |   -54041.9 |   4932 | _285113_/D
    1839* |      13 |     403 |      135 |      1 |   383 |    +0.1% | -168.653 |  -309162.4 |   -53256.1 |   4932 | _285113_/D
    1840* |      13 |     403 |      135 |      1 |   383 |    +0.1% | -168.653 |  -309162.4 |   -53256.1 |   4932 | _285113_/D
    1840* |      13 |     403 |      135 |      1 |   383 |    +0.1% | -168.653 |  -309162.4 |   -53256.1 |   4932 | _285113_/D
    1841* |      13 |     403 |      135 |      1 |   383 |    +0.1% | -168.653 |  -309162.4 |   -53256.1 |   4932 | _285113_/D
    1850* |      13 |     403 |      135 |      1 |   391 |    +0.1% | -168.653 |  -308975.3 |   -53226.8 |   4932 | _285113_/D
    1852* |      13 |     403 |      135 |      1 |   393 |    +0.1% | -168.653 |  -308819.8 |   -53224.7 |   4932 | _285113_/D
    1860* |      14 |     408 |      135 |      1 |   394 |    +0.1% | -168.653 |  -308185.7 |   -53170.9 |   4932 | _285113_/D
    1870* |      14 |     416 |      137 |      1 |   394 |    +0.1% | -168.653 |  -308024.2 |   -53153.3 |   4932 | _285113_/D
    1877* |      15 |     419 |      137 |      1 |   397 |    +0.1% | -168.653 |  -307977.8 |   -53138.4 |   4932 | _285113_/D
    1878* |      15 |     419 |      137 |      1 |   397 |    +0.1% | -168.653 |  -307977.8 |   -53138.4 |   4932 | _285113_/D
    1880* |      15 |     419 |      137 |      1 |   398 |    +0.1% | -168.653 |  -307976.2 |   -53147.1 |   4932 | _285113_/D
    1886* |      15 |     419 |      137 |      1 |   401 |    +0.1% | -168.653 |  -308026.2 |   -53124.3 |   4932 | _285113_/D
    1887* |      15 |     419 |      137 |      1 |   401 |    +0.1% | -168.653 |  -308026.2 |   -53124.3 |   4932 | _285113_/D
    1890* |      15 |     420 |      137 |      1 |   402 |    +0.1% | -169.094 |  -308032.3 |   -53067.3 |   4932 | _285113_/D
    1898* |      15 |     419 |      137 |      1 |   401 |    +0.1% | -168.653 |  -308026.2 |   -53124.3 |   4932 | _285113_/D
    1900* |      15 |     419 |      138 |      1 |   401 |    +0.1% | -168.653 |  -308011.7 |   -53114.9 |   4932 | _285113_/D
    1910* |      15 |     419 |      143 |      1 |   406 |    +0.1% | -168.653 |  -307741.5 |   -53067.8 |   4932 | _285113_/D
    1920* |      15 |     420 |      143 |      1 |   415 |    +0.1% | -168.653 |  -307508.2 |   -53054.6 |   4932 | _285113_/D
    1924* |      15 |     420 |      143 |      1 |   414 |    +0.1% | -168.653 |  -307669.8 |   -53051.3 |   4932 | _285113_/D
    1930* |      15 |     423 |      144 |      1 |   415 |    +0.1% | -168.653 |  -307616.9 |   -53033.5 |   4932 | _285113_/D
    1940* |      15 |     425 |      145 |      1 |   422 |    +0.1% | -168.653 |  -307619.6 |   -53026.2 |   4932 | _285113_/D
    1941* |      15 |     425 |      145 |      1 |   421 |    +0.1% | -168.653 |  -307617.1 |   -53024.8 |   4932 | _285113_/D
    1943* |      15 |     426 |      145 |      1 |   421 |    +0.1% | -168.653 |  -307648.8 |   -53022.4 |   4932 | _285113_/D
    1950* |      15 |     432 |      145 |      1 |   421 |    +0.1% | -168.653 |  -307492.7 |   -52967.9 |   4932 | _285113_/D
    1960* |      17 |     437 |      146 |      1 |   423 |    +0.1% | -168.653 |  -307401.2 |   -52934.1 |   4932 | _285113_/D
    1961* |      17 |     438 |      146 |      1 |   423 |    +0.1% | -168.653 |  -307399.7 |   -52932.5 |   4932 | _285113_/D
    1970* |      18 |     441 |      147 |      1 |   426 |    +0.1% | -168.653 |  -306565.1 |   -52908.0 |   4932 | _285113_/D
    1973* |      18 |     441 |      148 |      1 |   428 |    +0.1% | -168.653 |  -306424.6 |   -52902.8 |   4932 | _285113_/D
    1980* |      18 |     443 |      150 |      1 |   430 |    +0.1% | -168.653 |  -305228.0 |   -52753.1 |   4932 | _285113_/D
    1990* |      18 |     446 |      152 |      1 |   435 |    +0.1% | -168.653 |  -305006.3 |   -52757.2 |   4932 | _285113_/D
    1994* |      18 |     445 |      152 |      1 |   432 |    +0.1% | -168.653 |  -304986.7 |   -52747.6 |   4932 | _285113_/D
    2000* |      18 |     448 |      152 |      1 |   434 |    +0.1% | -168.653 |  -304988.0 |   -52738.7 |   4932 | _285113_/D
    2010* |      18 |     448 |      155 |      1 |   441 |    +0.1% | -168.653 |  -304931.6 |   -52734.0 |   4932 | _285113_/D
    2011* |      18 |     448 |      155 |      1 |   442 |    +0.1% | -168.653 |  -304930.2 |   -52732.6 |   4932 | _285113_/D
    2020* |      18 |     448 |      157 |      1 |   448 |    +0.1% | -168.653 |  -304920.6 |   -52725.2 |   4932 | _285113_/D
    2026* |      18 |     448 |      158 |      1 |   453 |    +0.1% | -168.653 |  -304772.8 |   -52745.9 |   4932 | _285113_/D
    2027* |      18 |     448 |      158 |      1 |   453 |    +0.1% | -168.653 |  -304772.8 |   -52745.9 |   4932 | _285113_/D
    2030* |      18 |     448 |      158 |      1 |   455 |    +0.1% | -168.653 |  -304717.1 |   -52745.2 |   4932 | _285113_/D
    2040* |      18 |     448 |      160 |      1 |   463 |    +0.1% | -168.653 |  -304794.9 |   -52747.9 |   4932 | _285113_/D
    2040* |      18 |     448 |      160 |      1 |   458 |    +0.1% | -168.653 |  -304704.7 |   -52743.2 |   4932 | _285113_/D
    2041* |      18 |     448 |      160 |      1 |   458 |    +0.1% | -168.653 |  -304704.7 |   -52743.2 |   4932 | _285113_/D
    2050* |      23 |     451 |      160 |      1 |   458 |    +0.1% | -168.653 |  -304598.6 |   -52730.6 |   4932 | _285113_/D
    2060* |      31 |     453 |      160 |      1 |   458 |    +0.1% | -168.653 |  -304430.1 |   -52723.1 |   4932 | _285113_/D
    2070* |      31 |     455 |      163 |      1 |   463 |    +0.1% | -168.653 |  -304316.4 |   -52717.9 |   4932 | _285113_/D
    2075* |      31 |     455 |      163 |      1 |   464 |    +0.1% | -168.653 |  -304315.1 |   -52717.8 |   4932 | _285113_/D
    2080* |      31 |     455 |      164 |      1 |   467 |    +0.1% | -168.653 |  -304307.7 |   -52700.9 |   4932 | _285113_/D
    2087* |      31 |     455 |      164 |      1 |   468 |    +0.1% | -168.653 |  -304303.9 |   -52697.5 |   4932 | _285113_/D
    2088* |      31 |     455 |      164 |      1 |   468 |    +0.1% | -168.653 |  -304303.9 |   -52697.5 |   4932 | _285113_/D
    2090* |      31 |     455 |      164 |      1 |   469 |    +0.1% | -168.653 |  -304300.6 |   -52697.4 |   4932 | _285113_/D
    2091* |      31 |     456 |      164 |      1 |   469 |    +0.1% | -168.653 |  -304374.0 |   -52693.0 |   4932 | _285113_/D
    2100* |      32 |     462 |      164 |      1 |   470 |    +0.1% | -168.653 |  -304290.7 |   -52660.0 |   4932 | _285113_/D
    2110* |      33 |     467 |      166 |      1 |   472 |    +0.1% | -168.653 |  -304256.9 |   -52646.6 |   4932 | _285113_/D
    2119* |      33 |     473 |      169 |      1 |   473 |    +0.1% | -168.653 |  -304234.3 |   -52603.3 |   4932 | _285113_/D
    2120* |      33 |     473 |      169 |      1 |   473 |    +0.1% | -168.653 |  -304234.3 |   -52603.3 |   4932 | _285113_/D
    2120* |      33 |     473 |      169 |      1 |   473 |    +0.1% | -168.653 |  -304234.3 |   -52603.3 |   4932 | _285113_/D
    2121* |      33 |     473 |      169 |      1 |   473 |    +0.1% | -168.653 |  -304234.3 |   -52603.3 |   4932 | _285113_/D
    2122* |      33 |     473 |      169 |      1 |   473 |    +0.1% | -168.653 |  -304234.3 |   -52603.3 |   4932 | _285113_/D
    2123* |      33 |     473 |      169 |      1 |   473 |    +0.1% | -168.653 |  -304234.3 |   -52603.3 |   4932 | _285113_/D
    2129* |      33 |     478 |      169 |      1 |   473 |    +0.1% | -168.653 |  -304234.3 |   -50609.8 |   4932 | _285113_/D
    2130* |      33 |     478 |      169 |      1 |   473 |    +0.1% | -168.653 |  -304234.3 |   -50609.8 |   4932 | _285113_/D
    2130* |      33 |     478 |      169 |      1 |   473 |    +0.1% | -168.653 |  -304234.3 |   -50609.8 |   4932 | _285113_/D
    2140* |      34 |     484 |      171 |      1 |   473 |    +0.1% | -170.720 |  -304218.8 |   -50549.1 |   4932 | _285113_/D
    2144* |      33 |     478 |      169 |      1 |   473 |    +0.1% | -168.653 |  -304234.3 |   -50609.8 |   4932 | _285113_/D
    2147* |      33 |     478 |      169 |      1 |   474 |    +0.1% | -168.653 |  -304195.8 |   -50607.0 |   4932 | _285113_/D
    2148* |      33 |     478 |      169 |      1 |   474 |    +0.1% | -168.653 |  -304195.8 |   -50607.0 |   4932 | _285113_/D
    2149* |      33 |     478 |      169 |      1 |   474 |    +0.1% | -168.653 |  -304195.8 |   -50607.0 |   4932 | _285113_/D
    2150* |      33 |     478 |      169 |      1 |   474 |    +0.1% | -168.653 |  -304195.8 |   -50607.0 |   4932 | _285113_/D
    2150* |      33 |     478 |      169 |      1 |   474 |    +0.1% | -168.653 |  -304195.8 |   -50607.0 |   4932 | _285113_/D
    2151* |      33 |     478 |      169 |      1 |   474 |    +0.1% | -168.653 |  -304195.8 |   -50607.0 |   4932 | _285113_/D
    2159* |      33 |     480 |      169 |      1 |   477 |    +0.1% | -168.653 |  -304197.5 |   -50600.2 |   4932 | _285113_/D
    2160* |      33 |     480 |      169 |      1 |   477 |    +0.1% | -168.653 |  -304197.5 |   -50600.2 |   4932 | _285113_/D
    2160* |      33 |     480 |      169 |      1 |   477 |    +0.1% | -168.653 |  -304197.5 |   -50600.2 |   4932 | _285113_/D
    2163* |      33 |     481 |      170 |      1 |   477 |    +0.1% | -168.653 |  -304168.3 |   -50606.7 |   4932 | _285113_/D
    2170* |      33 |     481 |      172 |      1 |   482 |    +0.1% | -168.653 |  -304119.7 |   -50602.6 |   4932 | _285113_/D
    2175* |      33 |     481 |      172 |      1 |   477 |    +0.1% | -168.653 |  -304143.7 |   -50589.9 |   4932 | _285113_/D
    2176* |      33 |     481 |      172 |      1 |   477 |    +0.1% | -168.653 |  -304143.7 |   -50589.9 |   4932 | _285113_/D
    2177* |      33 |     481 |      172 |      1 |   477 |    +0.1% | -168.653 |  -304143.7 |   -50589.9 |   4932 | _285113_/D
    2178* |      33 |     481 |      172 |      1 |   477 |    +0.1% | -168.653 |  -304143.7 |   -50589.9 |   4932 | _285113_/D
    2179* |      33 |     481 |      172 |      1 |   477 |    +0.1% | -168.653 |  -304143.7 |   -50589.9 |   4932 | _285113_/D
    2180* |      33 |     481 |      172 |      1 |   477 |    +0.1% | -168.653 |  -304143.7 |   -50589.9 |   4932 | _285113_/D
    2187* |      33 |     481 |      172 |      1 |   477 |    +0.1% | -168.653 |  -304143.7 |   -50589.9 |   4932 | _285113_/D
    2188* |      33 |     481 |      172 |      1 |   477 |    +0.1% | -168.653 |  -304143.7 |   -50589.9 |   4932 | _285113_/D
    2189* |      33 |     481 |      172 |      1 |   477 |    +0.1% | -168.653 |  -304143.7 |   -50589.9 |   4932 | _285113_/D
    2190* |      33 |     481 |      172 |      1 |   477 |    +0.1% | -168.653 |  -304143.7 |   -50589.9 |   4932 | _285113_/D
    2190* |      33 |     481 |      172 |      1 |   477 |    +0.1% | -168.653 |  -304143.7 |   -50589.9 |   4932 | _285113_/D
    2191* |      33 |     481 |      172 |      1 |   477 |    +0.1% | -168.653 |  -304143.7 |   -50589.9 |   4932 | _285113_/D
    2200* |      33 |     484 |      172 |      1 |   482 |    +0.1% | -168.653 |  -303693.3 |   -50586.6 |   4932 | _285113_/D
    2209* |      33 |     485 |      172 |      1 |   485 |    +0.1% | -168.653 |  -303717.8 |   -50579.3 |   4932 | _285113_/D
    2210* |      33 |     485 |      172 |      1 |   485 |    +0.1% | -168.653 |  -303717.8 |   -50579.3 |   4932 | _285113_/D
    2210* |      33 |     485 |      172 |      1 |   485 |    +0.1% | -168.653 |  -303717.8 |   -50579.3 |   4932 | _285113_/D
    2220* |      33 |     485 |      178 |      1 |   489 |    +0.1% | -168.653 |  -303691.8 |   -50547.8 |   4932 | _285113_/D
    2230* |      33 |     486 |      181 |      1 |   495 |    +0.1% | -168.653 |  -303677.9 |   -50622.0 |   4932 | _285113_/D
    2230* |      33 |     486 |      181 |      1 |   489 |    +0.1% | -168.653 |  -303626.0 |   -50621.7 |   4932 | _285113_/D
    2231* |      33 |     486 |      181 |      1 |   489 |    +0.1% | -168.653 |  -303626.0 |   -50621.7 |   4932 | _285113_/D
    2240* |      33 |     488 |      185 |      1 |   492 |    +0.1% | -168.653 |  -302823.8 |   -50614.8 |   4932 | _285113_/D
    2250* |      33 |     489 |      186 |      1 |   500 |    +0.1% | -168.653 |  -302805.2 |   -50598.6 |   4932 | _285113_/D
    2260* |      33 |     492 |      188 |      1 |   505 |    +0.1% | -168.653 |  -302743.2 |   -50598.1 |   4932 | _285113_/D
    2263* |      33 |     492 |      188 |      1 |   502 |    +0.1% | -168.653 |  -302708.9 |   -50586.1 |   4932 | _285113_/D
    2264* |      33 |     492 |      188 |      1 |   502 |    +0.1% | -168.653 |  -302708.9 |   -50586.1 |   4932 | _285113_/D
    2265* |      33 |     492 |      188 |      1 |   502 |    +0.1% | -168.653 |  -302708.9 |   -50586.1 |   4932 | _285113_/D
    2268* |      33 |     492 |      188 |      1 |   502 |    +0.1% | -168.653 |  -302708.9 |   -50586.1 |   4932 | _285113_/D
    2269* |      33 |     492 |      188 |      1 |   502 |    +0.1% | -168.653 |  -302708.9 |   -50586.1 |   4932 | _285113_/D
    2270* |      33 |     492 |      188 |      1 |   502 |    +0.1% | -168.653 |  -302708.9 |   -50586.1 |   4932 | _285113_/D
    2272* |      33 |     493 |      189 |      1 |   502 |    +0.1% | -168.653 |  -302468.5 |   -50627.9 |   4932 | _285113_/D
    2280* |      33 |     495 |      189 |      1 |   507 |    +0.1% | -168.653 |  -302116.4 |   -49702.0 |   4932 | _285113_/D
    2287* |      33 |     497 |      190 |      1 |   511 |    +0.1% | -168.653 |  -301843.6 |   -49462.4 |   4932 | _285113_/D
    2290* |      33 |     499 |      190 |      1 |   511 |    +0.1% | -170.144 |  -301849.6 |   -49516.4 |   4932 | _285113_/D
    2300* |      34 |     505 |      193 |      1 |   511 |    +0.1% | -170.720 |  -301814.4 |   -49373.9 |   4932 | _285113_/D
    2301* |      33 |     497 |      190 |      1 |   511 |    +0.1% | -168.653 |  -301843.6 |   -49462.4 |   4932 | _285113_/D
    2303* |      33 |     498 |      190 |      1 |   511 |    +0.1% | -168.653 |  -301874.1 |   -49460.8 |   4932 | _285113_/D
    2310* |      33 |     502 |      192 |      1 |   511 |    +0.1% | -170.720 |  -301882.3 |   -49490.4 |   4932 | _285113_/D
    2317* |      33 |     498 |      190 |      1 |   511 |    +0.1% | -168.653 |  -301874.1 |   -49460.8 |   4932 | _285113_/D
    2318* |      33 |     498 |      190 |      1 |   511 |    +0.1% | -168.653 |  -301874.1 |   -49460.8 |   4932 | _285113_/D
    2320* |      33 |     499 |      190 |      1 |   511 |    +0.1% | -168.927 |  -301875.2 |   -49421.8 |   4932 | _285113_/D
    2330* |      34 |     507 |      191 |      1 |   511 |    +0.1% | -170.720 |  -301847.6 |   -49382.6 |   4932 | _285113_/D
    2335* |      33 |     498 |      190 |      1 |   511 |    +0.1% | -168.653 |  -301874.1 |   -49460.8 |   4932 | _285113_/D
    2336* |      33 |     498 |      190 |      1 |   511 |    +0.1% | -168.653 |  -301874.1 |   -49460.8 |   4932 | _285113_/D
    2340* |      33 |     498 |      191 |      1 |   513 |    +0.1% | -168.653 |  -301502.9 |   -49405.7 |   4932 | _285113_/D
    2350* |      34 |     500 |      194 |      1 |   517 |    +0.1% | -168.653 |  -301346.8 |   -49371.1 |   4932 | _285113_/D
    2355* |      34 |     500 |      194 |      1 |   521 |    +0.1% | -168.653 |  -301321.3 |   -49372.8 |   4932 | _285113_/D
    2356* |      34 |     500 |      194 |      1 |   521 |    +0.1% | -168.653 |  -301321.3 |   -49372.8 |   4932 | _285113_/D
    2357* |      34 |     500 |      194 |      1 |   521 |    +0.1% | -168.653 |  -301321.3 |   -49372.8 |   4932 | _285113_/D
    2358* |      34 |     500 |      194 |      1 |   521 |    +0.1% | -168.653 |  -301321.3 |   -49372.8 |   4932 | _285113_/D
    2359* |      34 |     500 |      194 |      1 |   521 |    +0.1% | -168.653 |  -301321.3 |   -49372.8 |   4932 | _285113_/D
    2360* |      34 |     500 |      194 |      1 |   521 |    +0.1% | -168.653 |  -301321.3 |   -49372.8 |   4932 | _285113_/D
    2370* |      36 |     506 |      195 |      1 |   522 |    +0.1% | -168.653 |  -300845.8 |   -49323.0 |   4932 | _285113_/D
    2380* |      37 |     514 |      196 |      1 |   522 |    +0.1% | -168.653 |  -300808.0 |   -49314.8 |   4932 | _285113_/D
    2383* |      37 |     515 |      196 |      1 |   524 |    +0.1% | -168.653 |  -300808.0 |   -49308.4 |   4932 | _285113_/D
    2390* |      37 |     517 |      196 |      1 |   528 |    +0.1% | -168.653 |  -300830.2 |   -49302.6 |   4932 | _285113_/D
    2392* |      37 |     517 |      196 |      1 |   528 |    +0.1% | -168.653 |  -300830.2 |   -49302.6 |   4932 | _285113_/D
    2400* |      38 |     522 |      197 |      1 |   528 |    +0.1% | -170.720 |  -300831.8 |   -49250.0 |   4932 | _285113_/D
    2409* |      37 |     517 |      196 |      1 |   528 |    +0.1% | -168.653 |  -300830.2 |   -49302.6 |   4932 | _285113_/D
    2410* |      37 |     517 |      196 |      1 |   528 |    +0.1% | -168.653 |  -300830.2 |   -49302.6 |   4932 | _285113_/D
    2410* |      37 |     517 |      196 |      1 |   528 |    +0.1% | -168.653 |  -300830.2 |   -49302.6 |   4932 | _285113_/D
    2411* |      37 |     517 |      196 |      1 |   528 |    +0.1% | -168.653 |  -300830.2 |   -49302.6 |   4932 | _285113_/D
    2412* |      37 |     517 |      196 |      1 |   528 |    +0.1% | -168.653 |  -300830.2 |   -49302.6 |   4932 | _285113_/D
    2413* |      37 |     517 |      196 |      1 |   528 |    +0.1% | -168.653 |  -300830.2 |   -49302.6 |   4932 | _285113_/D
    2420* |      38 |     521 |      197 |      1 |   528 |    +0.1% | -170.720 |  -300831.8 |   -49320.5 |   4932 | _285113_/D
    2428* |      37 |     517 |      196 |      1 |   528 |    +0.1% | -168.653 |  -300830.2 |   -49302.6 |   4932 | _285113_/D
    2429* |      37 |     517 |      196 |      1 |   528 |    +0.1% | -168.653 |  -300830.2 |   -49302.6 |   4932 | _285113_/D
    2430* |      37 |     517 |      196 |      1 |   528 |    +0.1% | -168.653 |  -300830.2 |   -49302.6 |   4932 | _285113_/D
    2430* |      37 |     517 |      196 |      1 |   528 |    +0.1% | -168.653 |  -300830.2 |   -49302.6 |   4932 | _285113_/D
    2440* |      37 |     524 |      198 |      1 |   528 |    +0.1% | -168.653 |  -300748.3 |   -49281.9 |   4932 | _285113_/D
    2450* |      37 |     533 |      200 |      1 |   528 |    +0.1% | -168.653 |  -300746.1 |   -49282.1 |   4932 | _285113_/D
    2460* |      37 |     537 |      203 |      1 |   531 |    +0.1% | -168.653 |  -300734.5 |   -49275.6 |   4932 | _285113_/D
    2468* |      37 |     541 |      203 |      1 |   535 |    +0.1% | -168.653 |  -300729.1 |   -49272.3 |   4932 | _285113_/D
    2470* |      37 |     542 |      203 |      1 |   535 |    +0.1% | -168.653 |  -300724.6 |   -49265.7 |   4932 | _285113_/D
    2480* |      37 |     549 |      204 |      1 |   537 |    +0.1% | -168.653 |  -300733.4 |   -49294.0 |   4932 | _285113_/D
    2490* |      37 |     554 |      205 |      1 |   541 |    +0.1% | -168.653 |  -300719.0 |   -49292.2 |   4932 | _285113_/D
    2495* |      37 |     555 |      206 |      1 |   542 |    +0.1% | -168.653 |  -300719.0 |   -49291.3 |   4932 | _285113_/D
    2496* |      37 |     555 |      206 |      1 |   542 |    +0.1% | -168.653 |  -300719.0 |   -49291.3 |   4932 | _285113_/D
    2500* |      37 |     557 |      206 |      1 |   543 |    +0.1% | -168.653 |  -299774.6 |   -49245.9 |   4932 | _285113_/D
    2500* |      37 |     557 |      206 |      1 |   543 |    +0.1% | -168.653 |  -299774.6 |   -49245.9 |   4932 | _285113_/D
    2510* |      37 |     558 |      206 |      1 |   551 |    +0.1% | -168.653 |  -298836.7 |   -49194.3 |   4932 | _285113_/D
    2510* |      37 |     558 |      206 |      1 |   551 |    +0.1% | -168.653 |  -298836.7 |   -49194.3 |   4932 | _285113_/D
    2512* |      37 |     559 |      206 |      1 |   551 |    +0.1% | -168.653 |  -298856.0 |   -49192.8 |   4932 | _285113_/D
    2513* |      37 |     559 |      206 |      1 |   551 |    +0.1% | -168.653 |  -298856.0 |   -49192.8 |   4932 | _285113_/D
    2514* |      37 |     559 |      206 |      1 |   551 |    +0.1% | -168.653 |  -298856.0 |   -49192.8 |   4932 | _285113_/D
    2516* |      37 |     559 |      206 |      1 |   551 |    +0.1% | -168.653 |  -298856.0 |   -49192.8 |   4932 | _285113_/D
    2517* |      37 |     559 |      206 |      1 |   551 |    +0.1% | -168.653 |  -298856.0 |   -49192.8 |   4932 | _285113_/D
    2520* |      37 |     561 |      206 |      1 |   551 |    +0.1% | -170.144 |  -298861.9 |   -49246.7 |   4932 | _285113_/D
    2530* |      38 |     568 |      208 |      1 |   551 |    +0.1% | -170.720 |  -298828.0 |   -49092.0 |   4932 | _285113_/D
    2534* |      37 |     559 |      206 |      1 |   551 |    +0.1% | -168.653 |  -298856.0 |   -49192.8 |   4932 | _285113_/D
    2535* |      37 |     559 |      206 |      1 |   551 |    +0.1% | -168.653 |  -298856.0 |   -49192.8 |   4932 | _285113_/D
    2540* |      37 |     560 |      206 |      1 |   554 |    +0.1% | -168.653 |  -298856.3 |   -49202.3 |   4932 | _285113_/D
    2540* |      37 |     559 |      206 |      1 |   551 |    +0.1% | -168.653 |  -298856.0 |   -49192.8 |   4932 | _285113_/D
    2541* |      37 |     559 |      206 |      1 |   551 |    +0.1% | -168.653 |  -298856.0 |   -49192.8 |   4932 | _285113_/D
    2542* |      37 |     559 |      206 |      1 |   551 |    +0.1% | -168.653 |  -298856.0 |   -49192.8 |   4932 | _285113_/D
    2550* |      37 |     559 |      206 |      1 |   558 |    +0.1% | -168.653 |  -298835.8 |   -49192.0 |   4932 | _285113_/D
    2557* |      37 |     560 |      207 |      1 |   560 |    +0.1% | -168.653 |  -298831.2 |   -49191.2 |   4932 | _285113_/D
    2560* |      37 |     562 |      207 |      1 |   560 |    +0.1% | -168.653 |  -298819.5 |   -49186.6 |   4932 | _285113_/D
    2570* |      39 |     562 |      208 |      1 |   567 |    +0.1% | -168.653 |  -298747.9 |   -49176.2 |   4932 | _285113_/D
    2573* |      39 |     562 |      208 |      1 |   565 |    +0.1% | -168.653 |  -298744.3 |   -49174.4 |   4932 | _285113_/D
    2574* |      39 |     562 |      208 |      1 |   565 |    +0.1% | -168.653 |  -298744.3 |   -49174.4 |   4932 | _285113_/D
    2580* |      39 |     562 |      208 |      1 |   570 |    +0.1% | -168.653 |  -298720.0 |   -49172.9 |   4932 | _285113_/D
    2585* |      39 |     562 |      208 |      1 |   570 |    +0.1% | -168.653 |  -298720.0 |   -49172.9 |   4932 | _285113_/D
    2590* |      39 |     565 |      209 |      1 |   570 |    +0.1% | -170.720 |  -298728.3 |   -49228.6 |   4932 | _285113_/D
    2600* |      40 |     572 |      211 |      1 |   570 |    +0.1% | -170.720 |  -298690.9 |   -49057.3 |   4932 | _285113_/D
    2600* |      39 |     562 |      208 |      1 |   570 |    +0.1% | -168.653 |  -298720.0 |   -49172.9 |   4932 | _285113_/D
    2601* |      39 |     562 |      208 |      1 |   570 |    +0.1% | -168.653 |  -298720.0 |   -49172.9 |   4932 | _285113_/D
    2602* |      39 |     562 |      208 |      1 |   570 |    +0.1% | -168.653 |  -298720.0 |   -49172.9 |   4932 | _285113_/D
    2607* |      39 |     563 |      208 |      1 |   570 |    +0.1% | -168.653 |  -298724.6 |   -49171.6 |   4932 | _285113_/D
    2608* |      39 |     563 |      208 |      1 |   570 |    +0.1% | -168.653 |  -298724.6 |   -49171.6 |   4932 | _285113_/D
    2610* |      39 |     563 |      208 |      1 |   571 |    +0.1% | -168.653 |  -298591.3 |   -49125.3 |   4932 | _285113_/D
    2620* |      39 |     565 |      208 |      1 |   579 |    +0.1% | -168.653 |  -298381.1 |   -49115.5 |   4932 | _285113_/D
    2622* |      39 |     565 |      208 |      1 |   581 |    +0.1% | -168.653 |  -298357.1 |   -49100.5 |   4932 | _285113_/D
    2630* |      39 |     570 |      210 |      1 |   581 |    +0.1% | -169.047 |  -298362.5 |   -49137.0 |   4932 | _285113_/D
    2636* |      39 |     567 |      208 |      1 |   581 |    +0.1% | -168.653 |  -298357.1 |   -49095.6 |   4932 | _285113_/D
    2637* |      39 |     567 |      208 |      1 |   581 |    +0.1% | -168.653 |  -298357.1 |   -49095.6 |   4932 | _285113_/D
    2638* |      39 |     567 |      208 |      1 |   581 |    +0.1% | -168.653 |  -298357.1 |   -49095.6 |   4932 | _285113_/D
    2640* |      39 |     567 |      209 |      1 |   581 |    +0.1% | -168.653 |  -298357.1 |   -49132.1 |   4932 | _285113_/D
    2650* |      39 |     575 |      211 |      1 |   581 |    +0.1% | -169.047 |  -298362.5 |   -49132.1 |   4932 | _285113_/D
    2650* |      39 |     567 |      208 |      1 |   581 |    +0.1% | -168.653 |  -298357.1 |   -49095.6 |   4932 | _285113_/D
    2660* |      39 |     573 |      211 |      1 |   581 |    +0.1% | -169.047 |  -298362.5 |   -49140.3 |   4932 | _285113_/D
    2662* |      39 |     567 |      208 |      1 |   581 |    +0.1% | -168.653 |  -298357.1 |   -49095.6 |   4932 | _285113_/D
    2663* |      39 |     567 |      208 |      1 |   581 |    +0.1% | -168.653 |  -298357.1 |   -49095.6 |   4932 | _285113_/D
    2670* |      39 |     567 |      210 |      1 |   585 |    +0.1% | -168.653 |  -298279.7 |   -49090.9 |   4932 | _285113_/D
    2676* |      39 |     567 |      210 |      1 |   591 |    +0.1% | -168.653 |  -298172.2 |   -49089.4 |   4932 | _285113_/D
    2677* |      39 |     567 |      210 |      1 |   591 |    +0.1% | -168.653 |  -298172.2 |   -49089.4 |   4932 | _285113_/D
    2680* |      39 |     567 |      211 |      1 |   592 |    +0.1% | -168.653 |  -298168.8 |   -49087.5 |   4932 | _285113_/D
    2690* |      39 |     568 |      212 |      1 |   600 |    +0.1% | -168.653 |  -298030.7 |   -49140.8 |   4932 | _285113_/D
    2691* |      39 |     568 |      211 |      1 |   594 |    +0.1% | -168.653 |  -298320.6 |   -49085.0 |   4932 | _285113_/D
    2692* |      39 |     568 |      211 |      1 |   594 |    +0.1% | -168.653 |  -298320.6 |   -49085.0 |   4932 | _285113_/D
    2700* |      40 |     573 |      212 |      1 |   594 |    +0.1% | -170.720 |  -298322.1 |   -49032.4 |   4932 | _285113_/D
    2700* |      39 |     568 |      211 |      1 |   594 |    +0.1% | -168.653 |  -298320.6 |   -49085.0 |   4932 | _285113_/D
    2701* |      39 |     568 |      211 |      1 |   594 |    +0.1% | -168.653 |  -298320.6 |   -49085.0 |   4932 | _285113_/D
    2702* |      39 |     568 |      211 |      1 |   594 |    +0.1% | -168.653 |  -298320.6 |   -49085.0 |   4932 | _285113_/D
    2710* |      39 |     572 |      211 |      1 |   597 |    +0.1% | -168.653 |  -298291.6 |   -49065.5 |   4932 | _285113_/D
    2720* |      39 |     578 |      214 |      1 |   598 |    +0.1% | -168.653 |  -298284.2 |   -49053.3 |   4932 | _285113_/D
    2723* |      39 |     579 |      215 |      1 |   599 |    +0.1% | -168.653 |  -298275.5 |   -49044.8 |   4932 | _285113_/D
    2730* |      40 |     582 |      216 |      1 |   600 |    +0.1% | -168.653 |  -297964.3 |   -49010.8 |   4932 | _285113_/D
    2740* |      40 |     589 |      219 |      1 |   601 |    +0.1% | -168.653 |  -297936.6 |   -48997.9 |   4932 | _285113_/D
    2749* |      40 |     594 |      219 |      1 |   604 |    +0.1% | -168.653 |  -297891.6 |   -48982.7 |   4932 | _285113_/D
    2750* |      40 |     594 |      219 |      1 |   604 |    +0.1% | -168.653 |  -297891.6 |   -48982.7 |   4932 | _285113_/D
    2750* |      40 |     594 |      219 |      1 |   604 |    +0.1% | -168.653 |  -297891.6 |   -48982.7 |   4932 | _285113_/D
    2760* |      40 |     595 |      221 |      1 |   610 |    +0.1% | -168.653 |  -297343.2 |   -48965.1 |   4932 | _285113_/D
    2764* |      40 |     595 |      222 |      1 |   611 |    +0.1% | -168.653 |  -297338.9 |   -48963.0 |   4932 | _285113_/D
    2765* |      40 |     595 |      222 |      1 |   611 |    +0.1% | -168.653 |  -297338.9 |   -48963.0 |   4932 | _285113_/D
    2766* |      40 |     595 |      222 |      1 |   611 |    +0.1% | -168.653 |  -297338.9 |   -48963.0 |   4932 | _285113_/D
    2768* |      40 |     595 |      222 |      1 |   612 |    +0.1% | -168.653 |  -297338.9 |   -48962.0 |   4932 | _285113_/D
    2770* |      40 |     595 |      223 |      1 |   612 |    +0.1% | -168.653 |  -297332.5 |   -48955.7 |   4932 | _285113_/D
    2780* |      41 |     599 |      225 |      1 |   615 |    +0.1% | -168.653 |  -297399.4 |   -48941.0 |   4932 | _285113_/D
    2789* |      41 |     601 |      225 |      1 |   616 |    +0.1% | -168.653 |  -297416.2 |   -48939.0 |   4932 | _285113_/D
    2790* |      41 |     601 |      225 |      1 |   616 |    +0.1% | -168.653 |  -297416.2 |   -48939.0 |   4932 | _285113_/D
    2800* |      41 |     601 |      228 |      1 |   623 |    +0.1% | -168.653 |  -297345.7 |   -48951.9 |   4932 | _285113_/D
    2804* |      41 |     601 |      227 |      1 |   619 |    +0.1% | -168.653 |  -296882.2 |   -48919.5 |   4932 | _285113_/D
    2810* |      41 |     604 |      227 |      1 |   621 |    +0.1% | -168.653 |  -296870.4 |   -48910.9 |   4932 | _285113_/D
    2820* |      41 |     609 |      230 |      1 |   624 |    +0.1% | -168.653 |  -296871.3 |   -48901.3 |   4932 | _285113_/D
    2826* |      41 |     613 |      231 |      1 |   625 |    +0.1% | -168.653 |  -296871.8 |   -48894.4 |   4932 | _285113_/D
    2828* |      41 |     614 |      231 |      1 |   625 |    +0.1% | -168.653 |  -296858.2 |   -48894.0 |   4932 | _285113_/D
    2830* |      41 |     615 |      231 |      1 |   625 |    +0.1% | -168.653 |  -296898.3 |   -48891.8 |   4932 | _285113_/D
    2832* |      41 |     615 |      231 |      1 |   625 |    +0.1% | -168.653 |  -296898.3 |   -48891.8 |   4932 | _285113_/D
    2835* |      41 |     616 |      231 |      1 |   626 |    +0.1% | -168.653 |  -296957.1 |   -48886.2 |   4932 | _285113_/D
    2840* |      41 |     618 |      231 |      1 |   628 |    +0.1% | -168.653 |  -294954.8 |   -48792.8 |   4932 | _285113_/D
    2850* |      41 |     619 |      231 |      1 |   637 |    +0.1% | -168.653 |  -295036.0 |   -48787.7 |   4932 | _285113_/D
    2850* |      41 |     618 |      231 |      1 |   629 |    +0.1% | -168.653 |  -294958.5 |   -48786.7 |   4932 | _285113_/D
    2860* |      41 |     618 |      234 |      1 |   636 |    +0.1% | -168.653 |  -294978.4 |   -48768.5 |   4932 | _285113_/D
    2869* |      41 |     619 |      235 |      1 |   643 |    +0.1% | -168.653 |  -294938.0 |   -48755.2 |   4932 | _285113_/D
    2870* |      41 |     619 |      235 |      1 |   643 |    +0.1% | -168.653 |  -294938.0 |   -48755.2 |   4932 | _285113_/D
    2870* |      41 |     619 |      235 |      1 |   643 |    +0.1% | -168.653 |  -294938.0 |   -48755.2 |   4932 | _285113_/D
    2871* |      41 |     619 |      235 |      1 |   643 |    +0.1% | -168.653 |  -294938.0 |   -48755.2 |   4932 | _285113_/D
    2880* |      41 |     619 |      235 |      1 |   651 |    +0.1% | -168.653 |  -295008.0 |   -48768.7 |   4932 | _285113_/D
    2882* |      41 |     619 |      235 |      1 |   645 |    +0.1% | -168.653 |  -294952.5 |   -48744.5 |   4932 | _285113_/D
    2887* |      41 |     620 |      235 |      1 |   648 |    +0.1% | -168.653 |  -294934.8 |   -48743.6 |   4932 | _285113_/D
    2889* |      41 |     621 |      235 |      1 |   648 |    +0.1% | -168.653 |  -294961.5 |   -48742.1 |   4932 | _285113_/D
    2890* |      41 |     621 |      235 |      1 |   648 |    +0.1% | -168.653 |  -294961.5 |   -48742.1 |   4932 | _285113_/D
    2892* |      41 |     621 |      235 |      1 |   648 |    +0.1% | -168.653 |  -294961.5 |   -48742.1 |   4932 | _285113_/D
    2893* |      41 |     621 |      235 |      1 |   648 |    +0.1% | -168.653 |  -294961.5 |   -48742.1 |   4932 | _285113_/D
    2894* |      41 |     621 |      235 |      1 |   648 |    +0.1% | -168.653 |  -294961.5 |   -48742.1 |   4932 | _285113_/D
    2900* |      41 |     621 |      235 |      1 |   653 |    +0.1% | -168.653 |  -294993.1 |   -48744.4 |   4932 | _285113_/D
    2905* |      41 |     621 |      235 |      1 |   648 |    +0.1% | -168.653 |  -294961.5 |   -48742.1 |   4932 | _285113_/D
    2906* |      41 |     621 |      235 |      1 |   648 |    +0.1% | -168.653 |  -294961.5 |   -48742.1 |   4932 | _285113_/D
    2910* |      41 |     621 |      235 |      1 |   651 |    +0.1% | -168.653 |  -294966.6 |   -48743.4 |   4932 | _285113_/D
    2919* |      41 |     622 |      235 |      1 |   659 |    +0.1% | -168.653 |  -294960.2 |   -48738.7 |   4932 | _285113_/D
    2920* |      41 |     622 |      235 |      1 |   659 |    +0.1% | -168.653 |  -294960.2 |   -48738.7 |   4932 | _285113_/D
    2921* |      41 |     623 |      235 |      1 |   659 |    +0.1% | -168.653 |  -294977.3 |   -48737.3 |   4932 | _285113_/D
    2930* |      41 |     623 |      238 |      1 |   664 |    +0.1% | -168.653 |  -294642.7 |   -48710.9 |   4932 | _285113_/D
    2935* |      41 |     623 |      238 |      1 |   668 |    +0.1% | -168.653 |  -294635.5 |   -48709.1 |   4932 | _285113_/D
    2940* |      41 |     625 |      239 |      1 |   669 |    +0.1% | -168.653 |  -294521.4 |   -48740.8 |   4932 | _285113_/D
    2941* |      41 |     624 |      238 |      1 |   668 |    +0.1% | -168.653 |  -294799.0 |   -48703.3 |   4932 | _285113_/D
    2942* |      41 |     624 |      238 |      1 |   668 |    +0.1% | -168.653 |  -294799.0 |   -48703.3 |   4932 | _285113_/D
    2950* |      41 |     625 |      239 |      1 |   673 |    +0.1% | -168.653 |  -293403.9 |   -48618.4 |   4932 | _285113_/D
    2960* |      41 |     629 |      239 |      1 |   679 |    +0.1% | -168.653 |  -293348.4 |   -48608.7 |   4932 | _285113_/D
    2960* |      41 |     629 |      239 |      1 |   678 |    +0.1% | -168.653 |  -293336.8 |   -48606.1 |   4932 | _285113_/D
    2970* |      41 |     630 |      240 |      1 |   685 |    +0.1% | -168.653 |  -293331.2 |   -48605.0 |   4932 | _285113_/D
    2979* |      41 |     630 |      240 |      1 |   690 |    +0.1% | -168.653 |  -293326.1 |   -48603.0 |   4932 | _285113_/D
    2980* |      41 |     630 |      240 |      1 |   690 |    +0.1% | -168.653 |  -293326.1 |   -48603.0 |   4932 | _285113_/D
    2990* |      41 |     630 |      247 |      1 |   695 |    +0.1% | -168.653 |  -293159.0 |   -48571.5 |   4932 | _285113_/D
    3000* |      41 |     630 |      248 |      1 |   704 |    +0.1% | -168.653 |  -293081.3 |   -48570.9 |   4932 | _285113_/D
    3003* |      41 |     630 |      248 |      1 |   704 |    +0.1% | -168.653 |  -293081.3 |   -48570.9 |   4932 | _285113_/D
    3010* |      41 |     631 |      250 |      1 |   707 |    +0.1% | -168.653 |  -293063.6 |   -48559.6 |   4932 | _285113_/D
    3017* |      42 |     631 |      250 |      1 |   713 |    +0.1% | -168.653 |  -293041.9 |   -48558.5 |   4932 | _285113_/D
    3020* |      42 |     631 |      250 |      1 |   715 |    +0.1% | -168.653 |  -293059.3 |   -48567.0 |   4932 | _285113_/D
    3029* |      42 |     631 |      250 |      1 |   713 |    +0.1% | -168.653 |  -293041.9 |   -48558.5 |   4932 | _285113_/D
    3030* |      42 |     631 |      250 |      1 |   713 |    +0.1% | -168.653 |  -293041.9 |   -48558.5 |   4932 | _285113_/D
    3040* |      42 |     631 |      251 |      1 |   722 |    +0.1% | -168.653 |  -293049.6 |   -48557.7 |   4932 | _285113_/D
    3041* |      42 |     631 |      251 |      1 |   718 |    +0.1% | -168.653 |  -293016.3 |   -48557.5 |   4932 | _285113_/D
    3050* |      42 |     632 |      251 |      1 |   725 |    +0.1% | -168.653 |  -292962.7 |   -48553.3 |   4932 | _285113_/D
    3051* |      42 |     632 |      251 |      1 |   724 |    +0.1% | -168.653 |  -292962.7 |   -48551.8 |   4932 | _285113_/D
    3060* |      42 |     637 |      254 |      1 |   724 |    +0.1% | -168.653 |  -292794.2 |   -48520.2 |   4932 | _285113_/D
    3070* |      42 |     641 |      256 |      1 |   728 |    +0.1% | -168.653 |  -292763.9 |   -48516.4 |   4932 | _285113_/D
    3074* |      42 |     641 |      255 |      1 |   725 |    +0.1% | -168.653 |  -292775.3 |   -48508.2 |   4932 | _285113_/D
    3075* |      42 |     641 |      255 |      1 |   725 |    +0.1% | -168.653 |  -292775.3 |   -48508.2 |   4932 | _285113_/D
    3078* |      42 |     642 |      255 |      1 |   726 |    +0.1% | -168.653 |  -292725.5 |   -48505.1 |   4932 | _285113_/D
    3080* |      42 |     642 |      255 |      1 |   727 |    +0.1% | -168.653 |  -292719.6 |   -48509.3 |   4932 | _285113_/D
    3090* |      42 |     642 |      256 |      1 |   736 |    +0.1% | -168.653 |  -292762.6 |   -48501.7 |   4932 | _285113_/D
    3092* |      42 |     642 |      256 |      1 |   732 |    +0.1% | -168.653 |  -292734.2 |   -48500.4 |   4932 | _285113_/D
    3093* |      42 |     642 |      256 |      1 |   732 |    +0.1% | -168.653 |  -292734.2 |   -48500.4 |   4932 | _285113_/D
    3095* |      42 |     643 |      256 |      1 |   732 |    +0.1% | -168.653 |  -292734.2 |   -48498.3 |   4932 | _285113_/D
    3100* |      42 |     646 |      257 |      1 |   732 |    +0.1% | -168.653 |  -292738.8 |   -48505.5 |   4932 | _285113_/D
    3108* |      42 |     647 |      258 |      1 |   733 |    +0.1% | -168.653 |  -292739.5 |   -48500.9 |   4932 | _285113_/D
    3110* |      42 |     647 |      258 |      1 |   734 |    +0.1% | -168.653 |  -292742.6 |   -48501.9 |   4932 | _285113_/D
    3110* |      42 |     647 |      258 |      1 |   733 |    +0.1% | -168.653 |  -292739.5 |   -48500.9 |   4932 | _285113_/D
    3120* |      42 |     647 |      260 |      1 |   740 |    +0.1% | -168.653 |  -292714.9 |   -48514.8 |   4932 | _285113_/D
    3124* |      42 |     647 |      260 |      1 |   735 |    +0.1% | -168.653 |  -292703.6 |   -48511.3 |   4932 | _285113_/D
    3127* |      42 |     648 |      261 |      1 |   735 |    +0.1% | -168.653 |  -292530.5 |   -48534.0 |   4932 | _285113_/D
    3129* |      42 |     649 |      261 |      1 |   735 |    +0.1% | -168.653 |  -292575.7 |   -48532.8 |   4932 | _285113_/D
    3130* |      42 |     649 |      261 |      1 |   735 |    +0.1% | -168.653 |  -292575.7 |   -48532.8 |   4932 | _285113_/D
    3132* |      42 |     649 |      261 |      1 |   735 |    +0.1% | -168.653 |  -292575.7 |   -48532.8 |   4932 | _285113_/D
    3140* |      42 |     649 |      261 |      1 |   742 |    +0.1% | -168.653 |  -292575.9 |   -48531.2 |   4932 | _285113_/D
    3143* |      42 |     649 |      261 |      1 |   743 |    +0.1% | -168.653 |  -292575.5 |   -48531.0 |   4932 | _285113_/D
    3144* |      42 |     649 |      261 |      1 |   743 |    +0.1% | -168.653 |  -292575.5 |   -48531.0 |   4932 | _285113_/D
    3145* |      42 |     649 |      261 |      1 |   743 |    +0.1% | -168.653 |  -292575.5 |   -48531.0 |   4932 | _285113_/D
    3150* |      42 |     651 |      261 |      1 |   745 |    +0.1% | -168.653 |  -292557.2 |   -48519.6 |   4932 | _285113_/D
    3160* |      42 |     653 |      263 |      1 |   751 |    +0.1% | -168.653 |  -292594.1 |   -48512.9 |   4932 | _285113_/D
    3161* |      42 |     653 |      263 |      1 |   746 |    +0.1% | -168.653 |  -292552.7 |   -48510.4 |   4932 | _285113_/D
    3162* |      42 |     653 |      263 |      1 |   746 |    +0.1% | -168.653 |  -292552.7 |   -48510.4 |   4932 | _285113_/D
    3170* |      43 |     656 |      264 |      1 |   748 |    +0.1% | -168.653 |  -292409.6 |   -48493.9 |   4932 | _285113_/D
    3180* |      43 |     661 |      270 |      1 |   749 |    +0.1% | -168.653 |  -292336.2 |   -48482.8 |   4932 | _285113_/D
    3188* |      43 |     661 |      271 |      1 |   749 |    +0.1% | -168.653 |  -292336.2 |   -48482.8 |   4932 | _285113_/D
    3190* |      43 |     662 |      271 |      1 |   749 |    +0.1% | -168.653 |  -292330.5 |   -48417.4 |   4932 | _285113_/D
    3194* |      43 |     666 |      271 |      1 |   749 |    +0.1% | -168.653 |  -292296.8 |   -47157.6 |   4932 | _285113_/D
    3197* |      43 |     666 |      271 |      1 |   749 |    +0.1% | -168.653 |  -292296.8 |   -47157.6 |   4932 | _285113_/D
    3200* |      43 |     668 |      271 |      1 |   749 |    +0.1% | -168.653 |  -292460.2 |   -47153.7 |   4932 | _285113_/D
    3206* |      43 |     668 |      271 |      1 |   749 |    +0.1% | -168.653 |  -292460.2 |   -47153.7 |   4932 | _285113_/D
    3207* |      43 |     668 |      271 |      1 |   749 |    +0.1% | -168.653 |  -292460.2 |   -47153.7 |   4932 | _285113_/D
    3210* |      43 |     670 |      271 |      1 |   749 |    +0.1% | -168.927 |  -292469.1 |   -47136.7 |   4932 | _285113_/D
    3210* |      43 |     668 |      271 |      1 |   749 |    +0.1% | -168.653 |  -292460.2 |   -47153.7 |   4932 | _285113_/D
    3218* |      43 |     672 |      272 |      1 |   751 |    +0.1% | -168.653 |  -292631.4 |   -47170.6 |   4932 | _285113_/D
    3220* |      43 |     672 |      272 |      1 |   752 |    +0.1% | -168.653 |  -292631.7 |   -47169.3 |   4932 | _285113_/D
    3230* |      43 |     672 |      274 |      1 |   760 |    +0.1% | -168.653 |  -292587.3 |   -47165.0 |   4932 | _285113_/D
    3235* |      43 |     672 |      274 |      1 |   760 |    +0.1% | -168.653 |  -292587.3 |   -47165.0 |   4932 | _285113_/D
    3240* |      43 |     672 |      276 |      1 |   762 |    +0.1% | -168.653 |  -292598.2 |   -47147.3 |   4932 | _285113_/D
    3248* |      43 |     672 |      276 |      1 |   769 |    +0.1% | -168.653 |  -292488.2 |   -47148.9 |   4932 | _285113_/D
    3249* |      43 |     672 |      276 |      1 |   769 |    +0.1% | -168.653 |  -292488.2 |   -47148.9 |   4932 | _285113_/D
    3250* |      43 |     672 |      276 |      1 |   769 |    +0.1% | -168.653 |  -292488.2 |   -47148.9 |   4932 | _285113_/D
    3250* |      43 |     672 |      276 |      1 |   769 |    +0.1% | -168.653 |  -292488.2 |   -47148.9 |   4932 | _285113_/D
    3260* |      43 |     677 |      278 |      1 |   771 |    +0.1% | -168.653 |  -292069.0 |   -47125.7 |   4932 | _285113_/D
    3264* |      43 |     677 |      278 |      1 |   770 |    +0.1% | -168.653 |  -292056.4 |   -47119.4 |   4932 | _285113_/D
    3270* |      43 |     678 |      279 |      1 |   773 |    +0.1% | -168.653 |  -292052.0 |   -47116.2 |   4932 | _285113_/D
    3278* |      43 |     678 |      279 |      1 |   770 |    +0.1% | -168.653 |  -292043.8 |   -47111.8 |   4932 | _285113_/D
    3280* |      43 |     679 |      279 |      1 |   770 |    +0.1% | -168.653 |  -292005.2 |   -47102.4 |   4932 | _285113_/D
    3290* |      43 |     685 |      280 |      1 |   773 |    +0.1% | -168.653 |  -291957.0 |   -47088.0 |   4932 | _285113_/D
    3296* |      43 |     686 |      280 |      1 |   776 |    +0.1% | -168.653 |  -291945.4 |   -47085.7 |   4932 | _285113_/D
    3300* |      43 |     686 |      282 |      1 |   777 |    +0.1% | -168.653 |  -291944.9 |   -47056.7 |   4932 | _285113_/D
    3310* |      43 |     686 |      283 |      1 |   786 |    +0.1% | -168.653 |  -291972.2 |   -47048.6 |   4932 | _285113_/D
    3312* |      43 |     686 |      283 |      1 |   782 |    +0.1% | -168.653 |  -291935.3 |   -47050.3 |   4932 | _285113_/D
    3320* |      43 |     686 |      287 |      1 |   785 |    +0.1% | -168.653 |  -291907.6 |   -47055.6 |   4932 | _285113_/D
    3330* |      43 |     686 |      289 |      1 |   794 |    +0.1% | -168.653 |  -291904.9 |   -47050.2 |   4932 | _285113_/D
    3334* |      43 |     686 |      289 |      1 |   789 |    +0.1% | -168.653 |  -291908.8 |   -47045.7 |   4932 | _285113_/D
    3340* |      43 |     689 |      289 |      3 |   789 |    +0.1% | -168.653 |  -291913.4 |   -47045.7 |   4932 | _285113_/D
    3340* |      43 |     689 |      289 |      3 |   789 |    +0.1% | -168.653 |  -291913.4 |   -47045.7 |   4932 | _285113_/D
    3341* |      43 |     689 |      289 |      3 |   789 |    +0.1% | -168.653 |  -291913.4 |   -47045.7 |   4932 | _285113_/D
    3350* |      43 |     691 |      290 |      3 |   794 |    +0.1% | -168.653 |  -291889.1 |   -47039.1 |   4932 | _285113_/D
    3352* |      43 |     691 |      290 |      3 |   794 |    +0.1% | -168.653 |  -291889.1 |   -47039.1 |   4932 | _285113_/D
    3360* |      43 |     691 |      292 |      3 |   799 |    +0.1% | -168.653 |  -291894.2 |   -47054.0 |   4932 | _285113_/D
    3370* |      43 |     691 |      296 |      3 |   805 |    +0.1% | -168.653 |  -291863.8 |   -47039.6 |   4932 | _285113_/D
    3370* |      43 |     691 |      296 |      3 |   805 |    +0.1% | -168.653 |  -291863.8 |   -47039.6 |   4932 | _285113_/D
    3371* |      43 |     691 |      296 |      3 |   805 |    +0.1% | -168.653 |  -291863.8 |   -47039.6 |   4932 | _285113_/D
    3372* |      43 |     691 |      296 |      3 |   805 |    +0.1% | -168.653 |  -291863.8 |   -47039.6 |   4932 | _285113_/D
    3373* |      43 |     691 |      296 |      3 |   805 |    +0.1% | -168.653 |  -291863.8 |   -47039.6 |   4932 | _285113_/D
    3380* |      43 |     693 |      297 |      3 |   808 |    +0.1% | -168.653 |  -291496.1 |   -47018.0 |   4932 | _285113_/D
    3388* |      43 |     693 |      298 |      3 |   813 |    +0.1% | -168.653 |  -291494.8 |   -47014.2 |   4932 | _285113_/D
    3389* |      43 |     693 |      298 |      3 |   813 |    +0.1% | -168.653 |  -291494.8 |   -47014.2 |   4932 | _285113_/D
    3390* |      43 |     693 |      298 |      3 |   813 |    +0.1% | -168.653 |  -291494.8 |   -47014.2 |   4932 | _285113_/D
    3400* |      43 |     701 |      298 |      3 |   815 |    +0.1% | -168.653 |  -292115.8 |   -45339.9 |   4932 | _285113_/D
    3410* |      43 |     703 |      303 |      3 |   818 |    +0.1% | -168.653 |  -292115.3 |   -46424.1 |   4932 | _285113_/D
    3413* |      43 |     703 |      302 |      3 |   817 |    +0.1% | -168.653 |  -292115.8 |   -45253.1 |   4932 | _285113_/D
    3420* |      43 |     709 |      302 |      3 |   817 |    +0.1% | -168.653 |  -292241.2 |   -45242.2 |   4932 | _285113_/D
    3420* |      43 |     709 |      302 |      3 |   817 |    +0.1% | -168.653 |  -292241.2 |   -45242.2 |   4932 | _285113_/D
    3425* |      43 |     713 |      302 |      3 |   817 |    +0.1% | -168.653 |  -292243.6 |   -45019.7 |   4932 | _285113_/D
    3430* |      43 |     716 |      303 |      3 |   817 |    +0.1% | -168.653 |  -292242.2 |   -45019.7 |   4932 | _285113_/D
    3430* |      43 |     716 |      302 |      3 |   817 |    +0.1% | -168.653 |  -292244.5 |   -45019.7 |   4932 | _285113_/D
    3433* |      43 |     718 |      302 |      3 |   817 |    +0.1% | -168.653 |  -292243.9 |   -44988.8 |   4932 | _285113_/D
    3435* |      43 |     718 |      302 |      3 |   817 |    +0.1% | -168.653 |  -292243.9 |   -44988.8 |   4932 | _285113_/D
    3437* |      43 |     718 |      302 |      3 |   817 |    +0.1% | -168.653 |  -292243.9 |   -44988.8 |   4932 | _285113_/D
    3439* |      43 |     718 |      302 |      3 |   817 |    +0.1% | -168.653 |  -292243.9 |   -44988.8 |   4932 | _285113_/D
    3440* |      43 |     718 |      302 |      3 |   817 |    +0.1% | -168.653 |  -292243.9 |   -44988.8 |   4932 | _285113_/D
    3440* |      43 |     718 |      302 |      3 |   817 |    +0.1% | -168.653 |  -292243.9 |   -44988.8 |   4932 | _285113_/D
    3442* |      43 |     718 |      302 |      3 |   817 |    +0.1% | -168.653 |  -292243.9 |   -44988.8 |   4932 | _285113_/D
    3444* |      43 |     718 |      302 |      3 |   817 |    +0.1% | -168.653 |  -292243.9 |   -44988.8 |   4932 | _285113_/D
    3445* |      43 |     718 |      302 |      3 |   817 |    +0.1% | -168.653 |  -292243.9 |   -44988.8 |   4932 | _285113_/D
    3450* |      43 |     722 |      302 |      3 |   817 |    +0.1% | -168.653 |  -292235.5 |   -44988.8 |   4932 | _285113_/D
    3451* |      43 |     722 |      302 |      4 |   817 |    +0.1% | -168.653 |  -292237.2 |   -44988.8 |   4932 | _285113_/D
    3456* |      43 |     723 |      302 |      4 |   820 |    +0.1% | -168.653 |  -292253.5 |   -44984.6 |   4932 | _285113_/D
    3457* |      43 |     723 |      302 |      4 |   820 |    +0.1% | -168.653 |  -292253.5 |   -44984.6 |   4932 | _285113_/D
    3458* |      43 |     723 |      302 |      4 |   820 |    +0.1% | -168.653 |  -292253.5 |   -44984.6 |   4932 | _285113_/D
    3460* |      43 |     724 |      302 |      4 |   820 |    +0.1% | -169.094 |  -292259.7 |   -44926.6 |   4932 | _285113_/D
    3469* |      43 |     723 |      302 |      4 |   820 |    +0.1% | -168.653 |  -292253.5 |   -44984.6 |   4932 | _285113_/D
    3470* |      43 |     723 |      302 |      4 |   820 |    +0.1% | -168.653 |  -292253.5 |   -44984.6 |   4932 | _285113_/D
    3480* |      43 |     729 |      306 |      4 |   820 |    +0.1% | -169.094 |  -292259.7 |   -45387.6 |   4932 | _285113_/D
    3480* |      43 |     723 |      302 |      4 |   820 |    +0.1% | -168.653 |  -292253.5 |   -44984.6 |   4932 | _285113_/D
    3483* |      43 |     723 |      303 |      4 |   821 |    +0.1% | -168.653 |  -292253.5 |   -44969.9 |   4932 | _285113_/D
    3490* |      43 |     723 |      303 |      4 |   827 |    +0.1% | -168.653 |  -292253.0 |   -44965.6 |   4932 | _285113_/D
    3493* |      43 |     723 |      303 |      4 |   830 |    +0.1% | -168.653 |  -292247.2 |   -44964.5 |   4932 | _285113_/D
    3500* |      43 |     725 |      304 |      4 |   833 |    +0.1% | -168.653 |  -292234.9 |   -44957.7 |   4932 | _285113_/D
    3510* |      43 |     725 |      306 |      4 |   841 |    +0.1% | -168.653 |  -292104.6 |   -44966.8 |   4932 | _285113_/D
    3511* |      43 |     725 |      306 |      4 |   838 |    +0.1% | -168.653 |  -292093.3 |   -44965.1 |   4932 | _285113_/D
    3513* |      43 |     726 |      306 |      4 |   838 |    +0.1% | -168.653 |  -292094.6 |   -44911.7 |   4932 | _285113_/D
    3520* |      43 |     728 |      307 |      4 |   841 |    +0.1% | -168.653 |  -292069.9 |   -44885.6 |   4932 | _285113_/D
    3530* |      43 |     728 |      309 |      4 |   849 |    +0.1% | -168.653 |  -292102.9 |   -44927.7 |   4932 | _285113_/D
    3530* |      43 |     728 |      309 |      4 |   843 |    +0.1% | -168.653 |  -292082.4 |   -44920.7 |   4932 | _285113_/D
    3540* |      43 |     730 |      311 |      4 |   848 |    +0.1% | -168.653 |  -292098.6 |   -44916.8 |   4932 | _285113_/D
    3547* |      43 |     731 |      311 |      4 |   850 |    +0.1% | -168.653 |  -292113.8 |   -44916.4 |   4932 | _285113_/D
    3550* |      43 |     733 |      311 |      4 |   850 |    +0.1% | -168.653 |  -292113.8 |   -43656.2 |   4932 | _285113_/D
    3550* |      43 |     733 |      311 |      4 |   850 |    +0.1% | -168.653 |  -292113.8 |   -43656.2 |   4932 | _285113_/D
    3560* |      43 |     733 |      314 |      4 |   856 |    +0.1% | -168.653 |  -291983.3 |   -43629.5 |   4932 | _285113_/D
    3568* |      43 |     733 |      315 |      4 |   861 |    +0.1% | -168.653 |  -291950.8 |   -43626.2 |   4932 | _285113_/D
    3570* |      43 |     734 |      315 |      4 |   861 |    +0.1% | -168.653 |  -292098.6 |   -43630.5 |   4932 | _285113_/D
    3572* |      43 |     735 |      315 |      4 |   862 |    +0.1% | -168.653 |  -292098.6 |   -43627.7 |   4932 | _285113_/D
    3580* |      43 |     738 |      319 |      4 |   862 |    +0.1% | -169.094 |  -292104.8 |   -44065.5 |   4932 | _285113_/D
    3583* |      43 |     735 |      315 |      4 |   862 |    +0.1% | -168.653 |  -292098.6 |   -43627.7 |   4932 | _285113_/D
    3584* |      43 |     735 |      315 |      4 |   862 |    +0.1% | -168.653 |  -292098.6 |   -43627.7 |   4932 | _285113_/D
    3587* |      43 |     735 |      315 |      4 |   862 |    +0.1% | -168.653 |  -292098.6 |   -43627.7 |   4932 | _285113_/D
    3590* |      43 |     736 |      316 |      4 |   862 |    +0.1% | -169.094 |  -292104.8 |   -43740.8 |   4932 | _285113_/D
    3598* |      43 |     735 |      315 |      4 |   862 |    +0.1% | -168.653 |  -292098.6 |   -43627.7 |   4932 | _285113_/D
    3599* |      43 |     735 |      315 |      4 |   862 |    +0.1% | -168.653 |  -292098.6 |   -43627.7 |   4932 | _285113_/D
    3600* |      43 |     735 |      315 |      4 |   862 |    +0.1% | -168.653 |  -292098.6 |   -43627.7 |   4932 | _285113_/D
    3600* |      43 |     735 |      315 |      4 |   862 |    +0.1% | -168.653 |  -292098.6 |   -43627.7 |   4932 | _285113_/D
    3610* |      43 |     735 |      322 |      4 |   866 |    +0.1% | -168.653 |  -292042.7 |   -43607.1 |   4932 | _285113_/D
    3617* |      43 |     735 |      322 |      4 |   870 |    +0.1% | -168.653 |  -291991.8 |   -43606.6 |   4932 | _285113_/D
    3620* |      43 |     736 |      322 |      4 |   871 |    +0.1% | -168.653 |  -292047.9 |   -43684.7 |   4932 | _285113_/D
    3630* |      44 |     742 |      325 |      4 |   872 |    +0.1% | -168.653 |  -291953.6 |   -43340.1 |   4932 | _285113_/D
    3640* |      44 |     748 |      329 |      4 |   873 |    +0.1% | -168.653 |  -291936.6 |   -43342.9 |   4932 | _285113_/D
    3650* |      44 |     754 |      334 |      4 |   874 |    +0.1% | -168.653 |  -291912.6 |   -43384.5 |   4932 | _285113_/D
    3659* |      44 |     761 |      334 |      4 |   876 |    +0.1% | -168.653 |  -291892.8 |   -43376.6 |   4932 | _285113_/D
    3660* |      44 |     761 |      334 |      4 |   876 |    +0.1% | -168.653 |  -291892.8 |   -43376.6 |   4932 | _285113_/D
    3665* |      44 |     762 |      334 |      4 |   877 |    +0.1% | -168.653 |  -292033.6 |   -43368.3 |   4932 | _285113_/D
    3666* |      44 |     762 |      334 |      4 |   877 |    +0.1% | -168.653 |  -292033.6 |   -43368.3 |   4932 | _285113_/D
    3670* |      44 |     764 |      335 |      4 |   877 |    +0.1% | -168.653 |  -291991.3 |   -43138.7 |   4932 | _285113_/D
    3677* |      44 |     768 |      337 |      4 |   879 |    +0.1% | -168.653 |  -291982.6 |   -42995.3 |   4932 | _285113_/D
    3679* |      44 |     769 |      337 |      4 |   879 |    +0.1% | -168.653 |  -291982.6 |   -42992.7 |   4932 | _285113_/D
    3680* |      44 |     769 |      337 |      4 |   879 |    +0.1% | -168.653 |  -291982.6 |   -42992.7 |   4932 | _285113_/D
    3681* |      44 |     770 |      337 |      4 |   879 |    +0.1% | -168.653 |  -291982.6 |   -42991.9 |   4932 | _285113_/D
    3682* |      44 |     770 |      337 |      4 |   879 |    +0.1% | -168.653 |  -291982.6 |   -42991.9 |   4932 | _285113_/D
    3683* |      44 |     770 |      337 |      4 |   879 |    +0.1% | -168.653 |  -291982.6 |   -42991.9 |   4932 | _285113_/D
    3690* |      44 |     772 |      340 |      4 |   881 |    +0.2% | -168.653 |  -291996.0 |   -42990.9 |   4932 | _285113_/D
    3700* |      44 |     777 |      342 |      4 |   884 |    +0.2% | -168.653 |  -292099.0 |   -42993.6 |   4932 | _285113_/D
    3709* |      44 |     771 |      340 |      4 |   880 |    +0.2% | -168.653 |  -291959.4 |   -42985.5 |   4932 | _285113_/D
    3710* |      44 |     771 |      340 |      4 |   880 |    +0.2% | -168.653 |  -291959.4 |   -42985.5 |   4932 | _285113_/D
    3715* |      44 |     776 |      340 |      4 |   880 |    +0.2% | -168.653 |  -292191.8 |   -42980.8 |   4932 | _285113_/D
    3716* |      44 |     776 |      340 |      4 |   880 |    +0.2% | -168.653 |  -292191.8 |   -42980.8 |   4932 | _285113_/D
    3718* |      44 |     777 |      340 |      4 |   880 |    +0.2% | -168.653 |  -292191.8 |   -42978.6 |   4932 | _285113_/D
    3720* |      44 |     778 |      340 |      4 |   880 |    +0.2% | -168.653 |  -292306.3 |   -42976.7 |   4932 | _285113_/D
    3722* |      44 |     779 |      340 |      4 |   881 |    +0.2% | -168.653 |  -292306.3 |   -42971.1 |   4932 | _285113_/D
    3730* |      44 |     780 |      341 |      4 |   886 |    +0.2% | -168.653 |  -292260.6 |   -42916.1 |   4932 | _285113_/D
    3734* |      44 |     780 |      341 |      4 |   884 |    +0.2% | -168.653 |  -292259.8 |   -42914.5 |   4932 | _285113_/D
    3740* |      44 |     780 |      342 |      4 |   888 |    +0.2% | -168.653 |  -292258.4 |   -42915.1 |   4932 | _285113_/D
    3746* |      44 |     780 |      343 |      4 |   893 |    +0.2% | -168.653 |  -292253.3 |   -42909.9 |   4932 | _285113_/D
    3750* |      44 |     780 |      344 |      4 |   895 |    +0.2% | -168.653 |  -292249.2 |   -42897.6 |   4932 | _285113_/D
    3760* |      44 |     780 |      344 |      4 |   905 |    +0.2% | -168.653 |  -292188.2 |   -42899.4 |   4932 | _285113_/D
    3760* |      44 |     780 |      344 |      4 |   903 |    +0.2% | -168.653 |  -292177.1 |   -42896.0 |   4932 | _285113_/D
    3765* |      44 |     783 |      344 |      5 |   903 |    +0.2% | -168.653 |  -292180.0 |   -42896.0 |   4932 | _285113_/D
    3766* |      44 |     783 |      344 |      5 |   903 |    +0.2% | -168.653 |  -292180.0 |   -42896.0 |   4932 | _285113_/D
    3767* |      44 |     783 |      344 |      5 |   903 |    +0.2% | -168.653 |  -292180.0 |   -42896.0 |   4932 | _285113_/D
    3768* |      44 |     783 |      344 |      5 |   903 |    +0.2% | -168.653 |  -292180.0 |   -42896.0 |   4932 | _285113_/D
    3769* |      44 |     783 |      344 |      5 |   903 |    +0.2% | -168.653 |  -292180.0 |   -42896.0 |   4932 | _285113_/D
    3770* |      44 |     783 |      344 |      5 |   903 |    +0.2% | -168.653 |  -292180.0 |   -42896.0 |   4932 | _285113_/D
    3771* |      44 |     784 |      344 |      5 |   903 |    +0.2% | -168.653 |  -292180.0 |   -42460.5 |   4932 | _285113_/D
    3772* |      44 |     784 |      344 |      5 |   903 |    +0.2% | -168.653 |  -292180.0 |   -42460.5 |   4932 | _285113_/D
    3773* |      44 |     784 |      344 |      5 |   903 |    +0.2% | -168.653 |  -292180.0 |   -42460.5 |   4932 | _285113_/D
    3774* |      44 |     784 |      344 |      5 |   903 |    +0.2% | -168.653 |  -292180.0 |   -42460.5 |   4932 | _285113_/D
    3780* |      44 |     784 |      348 |      5 |   904 |    +0.2% | -168.653 |  -292147.9 |   -42449.0 |   4932 | _285113_/D
    3790* |      44 |     785 |      349 |      5 |   912 |    +0.2% | -168.653 |  -292172.9 |   -42444.2 |   4932 | _285113_/D
    3798* |      44 |     786 |      350 |      5 |   917 |    +0.2% | -168.653 |  -292161.0 |   -42442.4 |   4932 | _285113_/D
    3800* |      44 |     787 |      350 |      5 |   917 |    +0.2% | -168.653 |  -292161.1 |   -42442.4 |   4932 | _285113_/D
    3802* |      44 |     789 |      350 |      5 |   917 |    +0.2% | -168.653 |  -292161.9 |   -42442.4 |   4932 | _285113_/D
    3803* |      44 |     789 |      350 |      5 |   917 |    +0.2% | -168.653 |  -292161.9 |   -42442.4 |   4932 | _285113_/D
    3804* |      44 |     789 |      350 |      5 |   917 |    +0.2% | -168.653 |  -292161.9 |   -42442.4 |   4932 | _285113_/D
    3805* |      44 |     789 |      350 |      5 |   917 |    +0.2% | -168.653 |  -292161.9 |   -42442.4 |   4932 | _285113_/D
    3810* |      44 |     790 |      350 |      5 |   920 |    +0.2% | -168.653 |  -291916.5 |   -42409.9 |   4932 | _285113_/D
    3820* |      44 |     791 |      352 |      5 |   927 |    +0.2% | -168.653 |  -291680.4 |   -42359.0 |   4932 | _285113_/D
    3823* |      44 |     791 |      352 |      5 |   929 |    +0.2% | -168.653 |  -291675.0 |   -42358.6 |   4932 | _285113_/D
    3824* |      44 |     791 |      352 |      5 |   929 |    +0.2% | -168.653 |  -291675.0 |   -42358.6 |   4932 | _285113_/D
    3825* |      44 |     791 |      352 |      5 |   929 |    +0.2% | -168.653 |  -291675.0 |   -42358.6 |   4932 | _285113_/D
    3826* |      44 |     791 |      352 |      5 |   929 |    +0.2% | -168.653 |  -291675.0 |   -42358.6 |   4932 | _285113_/D
    3828* |      44 |     792 |      352 |      5 |   929 |    +0.2% | -168.653 |  -291675.0 |   -42362.9 |   4932 | _285113_/D
    3829* |      44 |     792 |      352 |      5 |   929 |    +0.2% | -168.653 |  -291675.0 |   -42362.9 |   4932 | _285113_/D
    3830* |      44 |     792 |      352 |      5 |   929 |    +0.2% | -168.653 |  -291675.0 |   -42362.9 |   4932 | _285113_/D
    3832* |      44 |     794 |      352 |      5 |   929 |    +0.2% | -168.653 |  -291675.8 |   -42362.9 |   4932 | _285113_/D
    3833* |      44 |     794 |      352 |      5 |   929 |    +0.2% | -168.653 |  -291675.8 |   -42362.9 |   4932 | _285113_/D
    3834* |      44 |     794 |      352 |      5 |   929 |    +0.2% | -168.653 |  -291675.8 |   -42362.9 |   4932 | _285113_/D
    3835* |      44 |     794 |      352 |      5 |   929 |    +0.2% | -168.653 |  -291675.8 |   -42362.9 |   4932 | _285113_/D
    3836* |      44 |     794 |      352 |      5 |   929 |    +0.2% | -168.653 |  -291675.8 |   -42362.9 |   4932 | _285113_/D
    3837* |      44 |     794 |      352 |      5 |   929 |    +0.2% | -168.653 |  -291675.8 |   -42362.9 |   4932 | _285113_/D
    3838* |      44 |     794 |      352 |      5 |   929 |    +0.2% | -168.653 |  -291675.8 |   -42362.9 |   4932 | _285113_/D
    3840* |      44 |     794 |      352 |      5 |   930 |    +0.2% | -168.653 |  -291664.9 |   -42362.3 |   4932 | _285113_/D
    3850* |      44 |     794 |      353 |      5 |   939 |    +0.2% | -168.653 |  -291749.3 |   -42367.2 |   4932 | _285113_/D
    3851* |      44 |     794 |      352 |      5 |   930 |    +0.2% | -168.653 |  -291664.9 |   -42362.3 |   4932 | _285113_/D
    3860* |      44 |     794 |      353 |      5 |   937 |    +0.2% | -168.653 |  -291634.2 |   -42366.1 |   4932 | _285113_/D
    3863* |      44 |     794 |      353 |      5 |   938 |    +0.2% | -168.653 |  -291634.0 |   -42365.3 |   4932 | _285113_/D
    3870* |      44 |     796 |      357 |      5 |   938 |    +0.2% | -168.653 |  -291160.4 |   -42293.7 |   4932 | _285113_/D
    3880* |      44 |     799 |      358 |      5 |   944 |    +0.2% | -168.653 |  -290822.9 |   -42275.2 |   4932 | _285113_/D
    3888* |      44 |     799 |      359 |      5 |   950 |    +0.2% | -168.653 |  -290803.8 |   -42293.3 |   4932 | _285113_/D
    3890* |      44 |     800 |      359 |      5 |   950 |    +0.2% | -168.653 |  -290842.1 |   -42291.1 |   4932 | _285113_/D
    3890* |      44 |     800 |      359 |      5 |   950 |    +0.2% | -168.653 |  -290842.1 |   -42291.1 |   4932 | _285113_/D
    3891* |      44 |     800 |      359 |      5 |   950 |    +0.2% | -168.653 |  -290842.1 |   -42291.1 |   4932 | _285113_/D
    3900* |      44 |     800 |      362 |      5 |   955 |    +0.2% | -168.653 |  -290825.5 |   -42296.5 |   4932 | _285113_/D
    3905* |      44 |     800 |      362 |      5 |   952 |    +0.2% | -168.653 |  -290820.6 |   -42294.9 |   4932 | _285113_/D
    3906* |      44 |     800 |      362 |      5 |   952 |    +0.2% | -168.653 |  -290820.6 |   -42294.9 |   4932 | _285113_/D
    3909* |      44 |     802 |      362 |      5 |   952 |    +0.2% | -168.653 |  -290818.5 |   -42294.9 |   4932 | _285113_/D
    3910* |      44 |     802 |      362 |      5 |   952 |    +0.2% | -168.653 |  -290818.5 |   -42294.9 |   4932 | _285113_/D
    3920* |      44 |     803 |      364 |      5 |   959 |    +0.2% | -168.653 |  -290619.6 |   -42287.3 |   4932 | _285113_/D
    3926* |      44 |     804 |      364 |      5 |   960 |    +0.2% | -168.653 |  -290496.8 |   -42285.1 |   4932 | _285113_/D
    3929* |      44 |     806 |      364 |      5 |   960 |    +0.2% | -168.653 |  -290496.8 |   -42244.2 |   4932 | _285113_/D
    3930* |      44 |     806 |      364 |      5 |   960 |    +0.2% | -168.653 |  -290496.8 |   -42244.2 |   4932 | _285113_/D
    3940* |      44 |     807 |      364 |      5 |   969 |    +0.2% | -168.653 |  -290523.6 |   -42239.2 |   4932 | _285113_/D
    3940* |      44 |     807 |      364 |      5 |   962 |    +0.2% | -168.653 |  -290521.5 |   -42236.0 |   4932 | _285113_/D
    3942* |      44 |     808 |      364 |      5 |   962 |    +0.2% | -168.653 |  -290521.5 |   -42231.7 |   4932 | _285113_/D
    3943* |      44 |     808 |      364 |      5 |   962 |    +0.2% | -168.653 |  -290521.5 |   -42231.7 |   4932 | _285113_/D
    3944* |      44 |     808 |      364 |      5 |   962 |    +0.2% | -168.653 |  -290521.5 |   -42231.7 |   4932 | _285113_/D
    3945* |      44 |     808 |      364 |      5 |   962 |    +0.2% | -168.653 |  -290521.5 |   -42231.7 |   4932 | _285113_/D
    3946* |      44 |     808 |      364 |      5 |   962 |    +0.2% | -168.653 |  -290521.5 |   -42231.7 |   4932 | _285113_/D
    3947* |      44 |     808 |      364 |      5 |   962 |    +0.2% | -168.653 |  -290521.5 |   -42231.7 |   4932 | _285113_/D
    3950* |      44 |     808 |      366 |      5 |   962 |    +0.2% | -168.653 |  -290507.1 |   -42217.1 |   4932 | _285113_/D
    3960* |      44 |     811 |      367 |      5 |   968 |    +0.2% | -168.653 |  -290430.1 |   -42207.3 |   4932 | _285113_/D
    3962* |      44 |     811 |      367 |      5 |   968 |    +0.2% | -168.653 |  -290430.1 |   -42207.3 |   4932 | _285113_/D
    3965* |      44 |     811 |      367 |      5 |   968 |    +0.2% | -168.653 |  -290430.1 |   -42207.3 |   4932 | _285113_/D
    3966* |      44 |     811 |      367 |      5 |   968 |    +0.2% | -168.653 |  -290430.1 |   -42207.3 |   4932 | _285113_/D
    3967* |      44 |     811 |      367 |      5 |   968 |    +0.2% | -168.653 |  -290430.1 |   -42207.3 |   4932 | _285113_/D
    3970* |      44 |     811 |      367 |      5 |   970 |    +0.2% | -168.653 |  -290431.0 |   -42205.3 |   4932 | _285113_/D
    3972* |      44 |     811 |      367 |      5 |   971 |    +0.2% | -168.653 |  -290430.8 |   -42205.1 |   4932 | _285113_/D
    3980* |      44 |     813 |      368 |      5 |   975 |    +0.2% | -168.653 |  -290426.0 |   -42158.2 |   4932 | _285113_/D
    3990* |      44 |     813 |      372 |      5 |   981 |    +0.2% | -168.653 |  -290450.7 |   -42146.6 |   4932 | _285113_/D
    3991* |      44 |     813 |      373 |      5 |   981 |    +0.2% | -168.653 |  -290441.5 |   -42143.6 |   4932 | _285113_/D
    3992* |      44 |     813 |      373 |      5 |   981 |    +0.2% | -168.653 |  -290441.5 |   -42143.6 |   4932 | _285113_/D
    3993* |      44 |     813 |      373 |      5 |   981 |    +0.2% | -168.653 |  -290441.5 |   -42143.6 |   4932 | _285113_/D
    3994* |      44 |     813 |      373 |      5 |   981 |    +0.2% | -168.653 |  -290441.5 |   -42143.6 |   4932 | _285113_/D
    4000* |      44 |     813 |      374 |      5 |   985 |    +0.2% | -168.653 |  -290437.4 |   -42141.2 |   4932 | _285113_/D
    4009* |      44 |     814 |      377 |      5 |   986 |    +0.2% | -168.653 |  -290404.5 |   -42119.5 |   4932 | _285113_/D
    4010* |      44 |     814 |      377 |      5 |   986 |    +0.2% | -168.653 |  -290404.5 |   -42119.5 |   4932 | _285113_/D
    4010* |      44 |     814 |      377 |      5 |   986 |    +0.2% | -168.653 |  -290404.5 |   -42119.5 |   4932 | _285113_/D
    4020* |      44 |     815 |      380 |      5 |   991 |    +0.2% | -168.653 |  -290384.9 |   -42114.7 |   4932 | _285113_/D
    4029* |      44 |     816 |      381 |      5 |   998 |    +0.2% | -168.653 |  -290381.7 |   -42102.9 |   4932 | _285113_/D
    4030* |      44 |     816 |      381 |      5 |   998 |    +0.2% | -168.653 |  -290381.7 |   -42102.9 |   4932 | _285113_/D
    4030* |      44 |     816 |      381 |      5 |   998 |    +0.2% | -168.653 |  -290381.7 |   -42102.9 |   4932 | _285113_/D
    4037* |      44 |     822 |      381 |      5 |   998 |    +0.2% | -168.653 |  -290376.4 |   -41447.7 |   4932 | _285113_/D
    4040* |      44 |     822 |      382 |      5 |   999 |    +0.2% | -168.653 |  -290349.8 |   -41446.2 |   4932 | _285113_/D
    4050* |      44 |     823 |      383 |      5 |  1007 |    +0.2% | -168.653 |  -290348.8 |   -41450.0 |   4932 | _285113_/D
    4051* |      44 |     823 |      383 |      5 |  1002 |    +0.2% | -168.653 |  -290319.3 |   -41441.2 |   4932 | _285113_/D
    4052* |      44 |     823 |      383 |      5 |  1002 |    +0.2% | -168.653 |  -290319.3 |   -41441.2 |   4932 | _285113_/D
    4053* |      44 |     823 |      383 |      5 |  1002 |    +0.2% | -168.653 |  -290319.3 |   -41441.2 |   4932 | _285113_/D
    4054* |      44 |     823 |      383 |      5 |  1002 |    +0.2% | -168.653 |  -290319.3 |   -41441.2 |   4932 | _285113_/D
    4055* |      44 |     823 |      383 |      5 |  1002 |    +0.2% | -168.653 |  -290319.3 |   -41441.2 |   4932 | _285113_/D
    4056* |      44 |     823 |      383 |      5 |  1002 |    +0.2% | -168.653 |  -290319.3 |   -41441.2 |   4932 | _285113_/D
    4057* |      44 |     823 |      383 |      5 |  1002 |    +0.2% | -168.653 |  -290319.3 |   -41441.2 |   4932 | _285113_/D
    4058* |      44 |     823 |      383 |      5 |  1002 |    +0.2% | -168.653 |  -290319.3 |   -41441.2 |   4932 | _285113_/D
    4059* |      44 |     823 |      383 |      5 |  1002 |    +0.2% | -168.653 |  -290319.3 |   -41441.2 |   4932 | _285113_/D
    4060* |      44 |     823 |      383 |      5 |  1002 |    +0.2% | -168.653 |  -290319.3 |   -41441.2 |   4932 | _285113_/D
    4070* |      44 |     823 |      387 |      5 |  1008 |    +0.2% | -168.653 |  -290260.8 |   -41397.4 |   4932 | _285113_/D
    4077* |      44 |     823 |      389 |      5 |  1012 |    +0.2% | -168.653 |  -290243.3 |   -41388.1 |   4932 | _285113_/D
    4080* |      44 |     823 |      389 |      5 |  1014 |    +0.2% | -168.653 |  -290189.6 |   -41386.9 |   4932 | _285113_/D
    4090* |      44 |     823 |      389 |      5 |  1024 |    +0.2% | -168.653 |  -290203.7 |   -41387.5 |   4932 | _285113_/D
    4091* |      44 |     823 |      389 |      5 |  1017 |    +0.2% | -168.653 |  -290189.6 |   -41385.8 |   4932 | _285113_/D
    4092* |      44 |     823 |      389 |      5 |  1017 |    +0.2% | -168.653 |  -290189.6 |   -41385.8 |   4932 | _285113_/D
    4100* |      44 |     830 |      389 |      5 |  1017 |    +0.2% | -168.653 |  -290103.0 |   -40423.0 |   4932 | _285113_/D
    4100* |      44 |     830 |      389 |      5 |  1017 |    +0.2% | -168.653 |  -290103.0 |   -40423.0 |   4932 | _285113_/D
    4110* |      44 |     831 |      391 |      5 |  1023 |    +0.2% | -168.653 |  -290102.2 |   -40392.8 |   4932 | _285113_/D
    4118* |      44 |     834 |      391 |      5 |  1025 |    +0.2% | -168.653 |  -290064.4 |   -40378.1 |   4932 | _285113_/D
    4120* |      44 |     835 |      391 |      5 |  1025 |    +0.2% | -168.653 |  -290045.4 |   -40353.8 |   4932 | _285113_/D
    4130* |      44 |     835 |      393 |      5 |  1033 |    +0.2% | -168.653 |  -290032.5 |   -40324.8 |   4932 | _285113_/D
    4134* |      44 |     835 |      393 |      5 |  1030 |    +0.2% | -168.653 |  -290016.7 |   -40320.5 |   4932 | _285113_/D
    4140* |      44 |     836 |      394 |      5 |  1033 |    +0.2% | -168.653 |  -290031.2 |   -40342.2 |   4932 | _285113_/D
    4144* |      44 |     836 |      393 |      5 |  1032 |    +0.2% | -168.653 |  -290038.2 |   -40315.8 |   4932 | _285113_/D
    4150* |      44 |     836 |      395 |      5 |  1035 |    +0.2% | -168.653 |  -290025.4 |   -40296.6 |   4932 | _285113_/D
    4160* |      44 |     838 |      396 |      5 |  1042 |    +0.2% | -168.653 |  -290022.5 |   -40287.1 |   4932 | _285113_/D
    4160* |      44 |     838 |      396 |      5 |  1039 |    +0.2% | -168.653 |  -290024.5 |   -40286.3 |   4932 | _285113_/D
    4166* |      44 |     840 |      397 |      5 |  1040 |    +0.2% | -168.653 |  -290054.2 |   -40278.6 |   4932 | _285113_/D
    4167* |      44 |     840 |      397 |      5 |  1040 |    +0.2% | -168.653 |  -290054.2 |   -40278.6 |   4932 | _285113_/D
    4170* |      44 |     840 |      397 |      5 |  1042 |    +0.2% | -168.653 |  -290055.8 |   -40279.1 |   4932 | _285113_/D
    4179* |      44 |     840 |      397 |      5 |  1051 |    +0.2% | -168.653 |  -290055.5 |   -40266.1 |   4932 | _285113_/D
    4180* |      44 |     840 |      397 |      5 |  1051 |    +0.2% | -168.653 |  -290055.5 |   -40266.1 |   4932 | _285113_/D
    4181* |      44 |     840 |      397 |      5 |  1051 |    +0.2% | -168.653 |  -290055.5 |   -40266.1 |   4932 | _285113_/D
    4185* |      44 |     843 |      397 |      5 |  1051 |    +0.2% | -168.653 |  -290055.5 |   -40227.3 |   4932 | _285113_/D
    4189* |      44 |     844 |      397 |      5 |  1051 |    +0.2% | -168.653 |  -290055.5 |   -40226.2 |   4932 | _285113_/D
    4190* |      44 |     844 |      397 |      5 |  1051 |    +0.2% | -168.653 |  -290055.5 |   -40226.2 |   4932 | _285113_/D
    4200* |      44 |     850 |      400 |      5 |  1053 |    +0.2% | -168.653 |  -289972.9 |   -40188.9 |   4932 | _285113_/D
    4210* |      45 |     853 |      403 |      5 |  1056 |    +0.2% | -168.653 |  -289962.9 |   -40181.5 |   4932 | _285113_/D
    4220* |      45 |     860 |      406 |      5 |  1057 |    +0.2% | -168.653 |  -289956.8 |   -40181.4 |   4932 | _285113_/D
    4226* |      45 |     863 |      407 |      5 |  1058 |    +0.2% | -168.653 |  -289956.8 |   -40179.9 |   4932 | _285113_/D
    4227* |      45 |     863 |      407 |      5 |  1058 |    +0.2% | -168.653 |  -289956.8 |   -40179.9 |   4932 | _285113_/D
    4230* |      45 |     863 |      409 |      5 |  1059 |    +0.2% | -168.653 |  -290042.8 |   -40189.0 |   4932 | _285113_/D
    4240* |      45 |     863 |      409 |      5 |  1069 |    +0.2% | -168.653 |  -290049.8 |   -40185.6 |   4932 | _285113_/D
    4240* |      45 |     863 |      409 |      5 |  1062 |    +0.2% | -168.653 |  -290044.1 |   -40185.0 |   4932 | _285113_/D
    4250* |      45 |     863 |      410 |      5 |  1070 |    +0.2% | -168.653 |  -290048.1 |   -40172.8 |   4932 | _285113_/D
    4252* |      45 |     863 |      410 |      5 |  1063 |    +0.2% | -168.653 |  -290038.2 |   -40168.8 |   4932 | _285113_/D
    4255* |      45 |     865 |      410 |      5 |  1063 |    +0.2% | -168.653 |  -290038.2 |   -40165.3 |   4932 | _285113_/D
    4260* |      45 |     865 |      411 |      5 |  1066 |    +0.2% | -168.653 |  -290036.6 |   -40167.2 |   4932 | _285113_/D
    4270* |      45 |     865 |      412 |      5 |  1075 |    +0.2% | -168.653 |  -290076.0 |   -40170.0 |   4932 | _285113_/D
    4270* |      45 |     865 |      411 |      5 |  1065 |    +0.2% | -168.653 |  -290035.5 |   -40164.7 |   4932 | _285113_/D
    4280* |      46 |     872 |      411 |      5 |  1066 |    +0.2% | -168.653 |  -290035.5 |   -40116.4 |   4932 | _285113_/D
    4283* |      46 |     874 |      411 |      5 |  1067 |    +0.2% | -168.653 |  -290035.5 |   -40107.3 |   4932 | _285113_/D
    4287* |      46 |     875 |      411 |      5 |  1067 |    +0.2% | -168.653 |  -290035.5 |   -40104.2 |   4932 | _285113_/D
    4288* |      46 |     875 |      411 |      5 |  1067 |    +0.2% | -168.653 |  -290035.5 |   -40104.2 |   4932 | _285113_/D
    4290* |      46 |     875 |      411 |      5 |  1068 |    +0.2% | -168.653 |  -290037.0 |   -40107.2 |   4932 | _285113_/D
    4298* |      46 |     876 |      411 |      5 |  1075 |    +0.2% | -168.653 |  -290080.4 |   -40102.8 |   4932 | _285113_/D
    4300* |      46 |     877 |      411 |      5 |  1075 |    +0.2% | -168.653 |  -290092.7 |   -40097.0 |   4932 | _285113_/D
    4300* |      46 |     877 |      411 |      5 |  1075 |    +0.2% | -168.653 |  -290092.7 |   -40097.0 |   4932 | _285113_/D
    4301* |      46 |     877 |      411 |      5 |  1075 |    +0.2% | -168.653 |  -290092.7 |   -40097.0 |   4932 | _285113_/D
    4310* |      46 |     883 |      413 |      5 |  1075 |    +0.2% | -168.653 |  -290090.2 |   -40064.7 |   4932 | _285113_/D
    4320* |      46 |     886 |      416 |      5 |  1079 |    +0.2% | -168.653 |  -290099.2 |   -40059.2 |   4932 | _285113_/D
    4325* |      46 |     886 |      416 |      5 |  1082 |    +0.2% | -168.653 |  -290095.0 |   -40058.9 |   4932 | _285113_/D
    4330* |      46 |     888 |      417 |      5 |  1083 |    +0.2% | -168.653 |  -290099.5 |   -40079.6 |   4932 | _285113_/D
    4330* |      46 |     887 |      416 |      5 |  1082 |    +0.2% | -168.653 |  -290104.9 |   -40056.9 |   4932 | _285113_/D
    4340* |      46 |     887 |      416 |      5 |  1091 |    +0.2% | -168.653 |  -290094.8 |   -40061.9 |   4932 | _285113_/D
    4341* |      46 |     887 |      416 |      5 |  1082 |    +0.2% | -168.653 |  -290104.9 |   -40056.9 |   4932 | _285113_/D
    4344* |      46 |     887 |      416 |      5 |  1084 |    +0.2% | -168.653 |  -290104.8 |   -40053.7 |   4932 | _285113_/D
    4350* |      47 |     888 |      417 |      5 |  1086 |    +0.2% | -168.653 |  -290080.4 |   -40047.1 |   4932 | _285113_/D
    4358* |      47 |     888 |      418 |      5 |  1091 |    +0.2% | -168.653 |  -290051.6 |   -40045.3 |   4932 | _285113_/D
    4360* |      47 |     889 |      418 |      5 |  1091 |    +0.2% | -168.653 |  -290080.5 |   -40043.4 |   4932 | _285113_/D
    4360* |      47 |     889 |      418 |      5 |  1091 |    +0.2% | -168.653 |  -290080.5 |   -40043.4 |   4932 | _285113_/D
    4363* |      47 |     889 |      418 |      5 |  1091 |    +0.2% | -168.653 |  -290080.5 |   -40043.4 |   4932 | _285113_/D
    4364* |      47 |     889 |      418 |      5 |  1091 |    +0.2% | -168.653 |  -290080.5 |   -40043.4 |   4932 | _285113_/D
    4365* |      47 |     889 |      418 |      5 |  1091 |    +0.2% | -168.653 |  -290080.5 |   -40043.4 |   4932 | _285113_/D
    4366* |      47 |     889 |      418 |      5 |  1091 |    +0.2% | -168.653 |  -290080.5 |   -40043.4 |   4932 | _285113_/D
    4370* |      47 |     889 |      422 |      5 |  1091 |    +0.2% | -168.653 |  -289950.0 |   -40037.7 |   4932 | _285113_/D
    4380* |      47 |     889 |      424 |      5 |  1099 |    +0.2% | -168.653 |  -289660.2 |   -40029.3 |   4932 | _285113_/D
    4385* |      47 |     889 |      424 |      5 |  1098 |    +0.2% | -168.653 |  -289661.2 |   -40029.1 |   4932 | _285113_/D
    4386* |      47 |     889 |      424 |      5 |  1098 |    +0.2% | -168.653 |  -289661.2 |   -40029.1 |   4932 | _285113_/D
    4387* |      47 |     889 |      424 |      5 |  1098 |    +0.2% | -168.653 |  -289661.2 |   -40029.1 |   4932 | _285113_/D
    4388* |      47 |     889 |      424 |      5 |  1098 |    +0.2% | -168.653 |  -289661.2 |   -40029.1 |   4932 | _285113_/D
    4389* |      47 |     889 |      424 |      5 |  1098 |    +0.2% | -168.653 |  -289661.2 |   -40029.1 |   4932 | _285113_/D
    4390* |      47 |     889 |      424 |      5 |  1098 |    +0.2% | -168.653 |  -289661.2 |   -40029.1 |   4932 | _285113_/D
    4400* |      47 |     890 |      426 |      5 |  1105 |    +0.2% | -168.653 |  -289648.7 |   -40016.8 |   4932 | _285113_/D
    4400* |      47 |     890 |      426 |      5 |  1105 |    +0.2% | -168.653 |  -289648.7 |   -40016.8 |   4932 | _285113_/D
    4400* |      47 |     890 |      426 |      5 |  1105 |    +0.2% | -168.653 |  -289648.7 |   -40016.8 |   4932 | _285113_/D
    4400+ |      47 |     890 |      426 |      5 |  1105 |    +0.2% | -168.653 |  -289648.7 |   -40016.8 |   4438 | _285113_/D
    4401+ |      47 |     890 |      426 |      5 |  1105 |    +0.2% | -168.653 |  -289648.7 |   -40016.8 |   4438 | _285113_/D
    4402+ |      47 |     890 |      426 |      5 |  1105 |    +0.2% | -168.653 |  -289648.7 |   -40016.8 |   4438 | _285113_/D
    4403+ |      47 |     890 |      426 |      5 |  1105 |    +0.2% | -168.653 |  -289648.7 |   -40016.8 |   4438 | _285113_/D
    4404+ |      47 |     890 |      426 |      5 |  1105 |    +0.2% | -168.653 |  -289648.7 |   -40016.8 |   4438 | _285113_/D
    4405+ |      47 |     890 |      426 |      5 |  1105 |    +0.2% | -168.653 |  -289648.7 |   -40016.8 |   4438 | _285113_/D
    4406+ |      47 |     890 |      426 |      5 |  1105 |    +0.2% | -168.653 |  -289648.7 |   -40016.8 |   4438 | _285113_/D
    4408+ |      47 |     891 |      426 |      5 |  1105 |    +0.2% | -168.653 |  -289648.1 |   -39981.0 |   4438 | _285113_/D
    4409+ |      47 |     891 |      426 |      5 |  1105 |    +0.2% | -168.653 |  -289648.1 |   -39981.0 |   4438 | _285113_/D
    4410+ |      47 |     891 |      426 |      5 |  1105 |    +0.2% | -168.653 |  -289648.1 |   -39981.0 |   4438 | _285113_/D
    4410+ |      47 |     891 |      426 |      5 |  1105 |    +0.2% | -168.653 |  -289648.1 |   -39981.0 |   4438 | _285113_/D
    4411+ |      47 |     891 |      426 |      5 |  1105 |    +0.2% | -168.653 |  -289648.1 |   -39981.0 |   4438 | _285113_/D
    4412+ |      47 |     891 |      426 |      5 |  1105 |    +0.2% | -168.653 |  -289648.1 |   -39981.0 |   4438 | _285113_/D
    4413+ |      47 |     891 |      426 |      5 |  1105 |    +0.2% | -168.653 |  -289648.1 |   -39981.0 |   4438 | _285113_/D
    4415+ |      47 |     892 |      426 |      5 |  1105 |    +0.2% | -168.653 |  -289648.1 |   -39966.8 |   4438 | _285113_/D
    4416+ |      47 |     892 |      426 |      5 |  1105 |    +0.2% | -168.653 |  -289648.1 |   -39966.8 |   4438 | _285113_/D
    4417+ |      47 |     892 |      426 |      5 |  1105 |    +0.2% | -168.653 |  -289648.1 |   -39966.8 |   4438 | _285113_/D
    4418+ |      47 |     892 |      426 |      5 |  1105 |    +0.2% | -168.653 |  -289648.1 |   -39966.8 |   4438 | _285113_/D
    4419+ |      47 |     892 |      426 |      5 |  1105 |    +0.2% | -168.653 |  -289648.1 |   -39966.8 |   4438 | _285113_/D
    4420+ |      47 |     892 |      426 |      5 |  1105 |    +0.2% | -168.653 |  -289648.1 |   -39966.8 |   4438 | _285113_/D
    4420+ |      47 |     892 |      426 |      5 |  1105 |    +0.2% | -168.653 |  -289648.1 |   -39966.8 |   4438 | _285113_/D
    4422+ |      47 |     893 |      426 |      5 |  1105 |    +0.2% | -168.653 |  -289648.1 |   -39946.0 |   4438 | _285113_/D
    4423+ |      47 |     893 |      426 |      5 |  1105 |    +0.2% | -168.653 |  -289648.1 |   -39946.0 |   4438 | _285113_/D
    4424+ |      47 |     893 |      426 |      5 |  1105 |    +0.2% | -168.653 |  -289648.1 |   -39946.0 |   4438 | _285113_/D
    4425+ |      47 |     893 |      426 |      5 |  1105 |    +0.2% | -168.653 |  -289648.1 |   -39946.0 |   4438 | _285113_/D
    4426+ |      47 |     893 |      426 |      5 |  1105 |    +0.2% | -168.653 |  -289648.1 |   -39946.0 |   4438 | _285113_/D
    4427+ |      47 |     893 |      426 |      5 |  1105 |    +0.2% | -168.653 |  -289648.1 |   -39946.0 |   4438 | _285113_/D
    4428+ |      47 |     893 |      426 |      5 |  1105 |    +0.2% | -168.653 |  -289648.1 |   -39946.0 |   4438 | _285113_/D
    4429+ |      47 |     893 |      426 |      5 |  1105 |    +0.2% | -168.653 |  -289648.1 |   -39946.0 |   4438 | _285113_/D
    4430+ |      47 |     893 |      426 |      5 |  1105 |    +0.2% | -168.653 |  -289648.1 |   -39946.0 |   4438 | _285113_/D
    4430+ |      47 |     893 |      426 |      5 |  1105 |    +0.2% | -168.653 |  -289648.1 |   -39946.0 |   4438 | _285113_/D
    4431+ |      47 |     893 |      426 |      5 |  1105 |    +0.2% | -168.653 |  -289648.1 |   -39946.0 |   4438 | _285113_/D
    4432+ |      47 |     893 |      426 |      5 |  1105 |    +0.2% | -168.653 |  -289648.1 |   -39946.0 |   4438 | _285113_/D
    4433+ |      47 |     893 |      426 |      5 |  1105 |    +0.2% | -168.653 |  -289648.1 |   -39946.0 |   4438 | _285113_/D
    4434+ |      47 |     893 |      426 |      5 |  1105 |    +0.2% | -168.653 |  -289648.1 |   -39946.0 |   4438 | _285113_/D
    4436+ |      47 |     894 |      426 |      5 |  1105 |    +0.2% | -168.653 |  -289648.1 |   -39944.5 |   4438 | _285113_/D
    4437+ |      47 |     894 |      426 |      5 |  1105 |    +0.2% | -168.653 |  -289648.1 |   -39944.5 |   4438 | _285113_/D
    4438+ |      47 |     894 |      426 |      5 |  1105 |    +0.2% | -168.653 |  -289648.1 |   -39944.5 |   4438 | _285113_/D
    4439+ |      47 |     894 |      426 |      5 |  1105 |    +0.2% | -168.653 |  -289648.1 |   -39944.5 |   4438 | _285113_/D
    4440+ |      47 |     894 |      426 |      5 |  1105 |    +0.2% | -168.653 |  -289648.1 |   -39944.5 |   4438 | _285113_/D
    4440+ |      47 |     894 |      426 |      5 |  1105 |    +0.2% | -168.653 |  -289648.1 |   -39944.5 |   4438 | _285113_/D
    4441+ |      47 |     894 |      426 |      5 |  1105 |    +0.2% | -168.653 |  -289648.1 |   -39944.5 |   4438 | _285113_/D
    4442+ |      47 |     894 |      426 |      5 |  1105 |    +0.2% | -168.653 |  -289648.1 |   -39944.5 |   4438 | _285113_/D
    4443+ |      47 |     894 |      426 |      5 |  1105 |    +0.2% | -168.653 |  -289648.1 |   -39944.5 |   4438 | _285113_/D
    4444+ |      47 |     894 |      426 |      5 |  1105 |    +0.2% | -168.653 |  -289648.1 |   -39944.5 |   4438 | _285113_/D
    4446+ |      47 |     895 |      426 |      5 |  1105 |    +0.2% | -168.653 |  -289648.1 |   -39941.9 |   4438 | _285113_/D
    4447+ |      47 |     895 |      426 |      5 |  1105 |    +0.2% | -168.653 |  -289648.1 |   -39941.9 |   4438 | _285113_/D
    4448+ |      47 |     895 |      426 |      5 |  1105 |    +0.2% | -168.653 |  -289648.1 |   -39941.9 |   4438 | _285113_/D
    4449+ |      47 |     895 |      426 |      5 |  1105 |    +0.2% | -168.653 |  -289648.1 |   -39941.9 |   4438 | _285113_/D
    4450+ |      47 |     895 |      426 |      5 |  1105 |    +0.2% | -168.653 |  -289648.1 |   -39941.9 |   4438 | _285113_/D
    4450+ |      47 |     895 |      426 |      5 |  1105 |    +0.2% | -168.653 |  -289648.1 |   -39941.9 |   4438 | _285113_/D
    4451+ |      47 |     895 |      426 |      5 |  1105 |    +0.2% | -168.653 |  -289648.1 |   -39941.9 |   4438 | _285113_/D
    4452+ |      47 |     895 |      426 |      5 |  1105 |    +0.2% | -168.653 |  -289648.1 |   -39941.9 |   4438 | _285113_/D
    4453+ |      47 |     895 |      426 |      5 |  1105 |    +0.2% | -168.653 |  -289648.1 |   -39941.9 |   4438 | _285113_/D
    4454+ |      47 |     895 |      426 |      5 |  1105 |    +0.2% | -168.653 |  -289648.1 |   -39941.9 |   4438 | _285113_/D
    4455+ |      47 |     895 |      426 |      5 |  1105 |    +0.2% | -168.653 |  -289648.1 |   -39941.9 |   4438 | _285113_/D
    4456+ |      47 |     895 |      426 |      5 |  1105 |    +0.2% | -168.653 |  -289648.1 |   -39941.9 |   4438 | _285113_/D
    4457+ |      47 |     895 |      426 |      5 |  1105 |    +0.2% | -168.653 |  -289648.1 |   -39941.9 |   4438 | _285113_/D
    4458+ |      47 |     895 |      426 |      5 |  1105 |    +0.2% | -168.653 |  -289648.1 |   -39941.9 |   4438 | _285113_/D
    4459+ |      47 |     895 |      426 |      5 |  1105 |    +0.2% | -168.653 |  -289648.1 |   -39941.9 |   4438 | _285113_/D
    4460+ |      47 |     895 |      426 |      5 |  1105 |    +0.2% | -168.653 |  -289648.1 |   -39941.9 |   4438 | _285113_/D
    4460+ |      47 |     895 |      426 |      5 |  1105 |    +0.2% | -168.653 |  -289648.1 |   -39941.9 |   4438 | _285113_/D
    4462+ |      47 |     896 |      426 |      5 |  1105 |    +0.2% | -168.653 |  -289648.1 |   -39939.4 |   4438 | _285113_/D
    4463+ |      47 |     896 |      426 |      5 |  1105 |    +0.2% | -168.653 |  -289648.1 |   -39939.4 |   4438 | _285113_/D
    4464+ |      47 |     896 |      426 |      5 |  1105 |    +0.2% | -168.653 |  -289648.1 |   -39939.4 |   4438 | _285113_/D
    4465+ |      47 |     896 |      426 |      5 |  1105 |    +0.2% | -168.653 |  -289648.1 |   -39939.4 |   4438 | _285113_/D
    4466+ |      47 |     896 |      426 |      5 |  1105 |    +0.2% | -168.653 |  -289648.1 |   -39939.4 |   4438 | _285113_/D
    4467+ |      47 |     896 |      426 |      5 |  1105 |    +0.2% | -168.653 |  -289648.1 |   -39939.4 |   4438 | _285113_/D
    4468+ |      47 |     896 |      426 |      5 |  1105 |    +0.2% | -168.653 |  -289648.1 |   -39939.4 |   4438 | _285113_/D
    4469+ |      47 |     896 |      426 |      5 |  1105 |    +0.2% | -168.653 |  -289648.1 |   -39939.4 |   4438 | _285113_/D
    4470+ |      47 |     896 |      426 |      5 |  1105 |    +0.2% | -168.653 |  -289648.1 |   -39939.4 |   4438 | _285113_/D
    4470+ |      47 |     896 |      426 |      5 |  1105 |    +0.2% | -168.653 |  -289648.1 |   -39939.4 |   4438 | _285113_/D
    4471+ |      47 |     896 |      426 |      5 |  1105 |    +0.2% | -168.653 |  -289648.1 |   -39939.4 |   4438 | _285113_/D
    4472+ |      47 |     896 |      426 |      5 |  1105 |    +0.2% | -168.653 |  -289648.1 |   -39939.4 |   4438 | _285113_/D
    4473+ |      47 |     896 |      426 |      5 |  1105 |    +0.2% | -168.653 |  -289648.1 |   -39939.4 |   4438 | _285113_/D
    4474+ |      47 |     896 |      426 |      5 |  1105 |    +0.2% | -168.653 |  -289648.1 |   -39939.4 |   4438 | _285113_/D
    4475+ |      47 |     896 |      426 |      5 |  1105 |    +0.2% | -168.653 |  -289648.1 |   -39939.4 |   4438 | _285113_/D
    4476+ |      47 |     896 |      426 |      5 |  1105 |    +0.2% | -168.653 |  -289648.1 |   -39939.4 |   4438 | _285113_/D
    4477+ |      47 |     896 |      426 |      5 |  1105 |    +0.2% | -168.653 |  -289648.1 |   -39939.4 |   4438 | _285113_/D
    4478+ |      47 |     896 |      426 |      5 |  1105 |    +0.2% | -168.653 |  -289648.1 |   -39939.4 |   4438 | _285113_/D
    4479+ |      47 |     896 |      426 |      5 |  1105 |    +0.2% | -168.653 |  -289648.1 |   -39939.4 |   4438 | _285113_/D
    4480+ |      47 |     896 |      426 |      5 |  1105 |    +0.2% | -168.653 |  -289648.1 |   -39939.4 |   4438 | _285113_/D
    4480+ |      47 |     896 |      426 |      5 |  1105 |    +0.2% | -168.653 |  -289648.1 |   -39939.4 |   4438 | _285113_/D
    4481+ |      47 |     896 |      426 |      5 |  1105 |    +0.2% | -168.653 |  -289648.1 |   -39939.4 |   4438 | _285113_/D
    4482+ |      47 |     896 |      426 |      5 |  1105 |    +0.2% | -168.653 |  -289648.1 |   -39939.4 |   4438 | _285113_/D
    4483+ |      47 |     896 |      426 |      5 |  1105 |    +0.2% | -168.653 |  -289648.1 |   -39939.4 |   4438 | _285113_/D
    4484+ |      47 |     896 |      426 |      5 |  1105 |    +0.2% | -168.653 |  -289648.1 |   -39939.4 |   4438 | _285113_/D
    4487+ |      47 |     898 |      426 |      5 |  1105 |    +0.2% | -168.653 |  -289671.3 |   -39930.1 |   4438 | _285113_/D
    4488+ |      47 |     898 |      426 |      5 |  1105 |    +0.2% | -168.653 |  -289671.3 |   -39930.1 |   4438 | _285113_/D
    4489+ |      47 |     898 |      426 |      5 |  1105 |    +0.2% | -168.653 |  -289671.3 |   -39930.1 |   4438 | _285113_/D
    4490+ |      47 |     898 |      426 |      5 |  1105 |    +0.2% | -168.653 |  -289671.3 |   -39930.1 |   4438 | _285113_/D
    4490+ |      47 |     898 |      426 |      5 |  1105 |    +0.2% | -168.653 |  -289671.3 |   -39930.1 |   4438 | _285113_/D
    4491+ |      47 |     898 |      426 |      5 |  1105 |    +0.2% | -168.653 |  -289671.3 |   -39930.1 |   4438 | _285113_/D
    4492+ |      47 |     898 |      426 |      5 |  1105 |    +0.2% | -168.653 |  -289671.3 |   -39930.1 |   4438 | _285113_/D
    4493+ |      47 |     898 |      426 |      5 |  1105 |    +0.2% | -168.653 |  -289671.3 |   -39930.1 |   4438 | _285113_/D
    4494+ |      47 |     898 |      426 |      5 |  1105 |    +0.2% | -168.653 |  -289671.3 |   -39930.1 |   4438 | _285113_/D
    4495+ |      47 |     898 |      426 |      5 |  1105 |    +0.2% | -168.653 |  -289671.3 |   -39930.1 |   4438 | _285113_/D
    4496+ |      47 |     898 |      426 |      5 |  1105 |    +0.2% | -168.653 |  -289671.3 |   -39930.1 |   4438 | _285113_/D
    4497+ |      47 |     898 |      426 |      5 |  1105 |    +0.2% | -168.653 |  -289671.3 |   -39930.1 |   4438 | _285113_/D
    4498+ |      47 |     898 |      426 |      5 |  1105 |    +0.2% | -168.653 |  -289671.3 |   -39930.1 |   4438 | _285113_/D
    4499+ |      47 |     898 |      426 |      5 |  1105 |    +0.2% | -168.653 |  -289671.3 |   -39930.1 |   4438 | _285113_/D
    4500+ |      47 |     898 |      426 |      5 |  1105 |    +0.2% | -168.653 |  -289671.3 |   -39930.1 |   4438 | _285113_/D
    4501+ |      47 |     898 |      426 |      5 |  1105 |    +0.2% | -168.653 |  -289671.3 |   -39930.1 |   4438 | _285113_/D
    4502+ |      47 |     898 |      426 |      5 |  1105 |    +0.2% | -168.653 |  -289671.3 |   -39930.1 |   4438 | _285113_/D
    4503+ |      47 |     898 |      426 |      5 |  1105 |    +0.2% | -168.653 |  -289671.3 |   -39930.1 |   4438 | _285113_/D
    4504+ |      47 |     898 |      426 |      5 |  1105 |    +0.2% | -168.653 |  -289671.3 |   -39930.1 |   4438 | _285113_/D
    4505+ |      47 |     898 |      426 |      5 |  1105 |    +0.2% | -168.653 |  -289671.3 |   -39930.1 |   4438 | _285113_/D
    4506+ |      47 |     898 |      426 |      5 |  1105 |    +0.2% | -168.653 |  -289671.3 |   -39930.1 |   4438 | _285113_/D
    4507+ |      47 |     898 |      426 |      5 |  1105 |    +0.2% | -168.653 |  -289671.3 |   -39930.1 |   4438 | _285113_/D
    4508+ |      47 |     898 |      426 |      5 |  1105 |    +0.2% | -168.653 |  -289671.3 |   -39930.1 |   4438 | _285113_/D
    4509+ |      47 |     898 |      426 |      5 |  1105 |    +0.2% | -168.653 |  -289671.3 |   -39930.1 |   4438 | _285113_/D
    4510+ |      47 |     898 |      426 |      5 |  1105 |    +0.2% | -168.653 |  -289671.3 |   -39930.1 |   4438 | _285113_/D
    4510+ |      47 |     898 |      426 |      5 |  1105 |    +0.2% | -168.653 |  -289671.3 |   -39930.1 |   4438 | _285113_/D
    4511+ |      47 |     898 |      426 |      5 |  1105 |    +0.2% | -168.653 |  -289671.3 |   -39930.1 |   4438 | _285113_/D
    4512+ |      47 |     898 |      426 |      5 |  1105 |    +0.2% | -168.653 |  -289671.3 |   -39930.1 |   4438 | _285113_/D
    4513+ |      47 |     898 |      426 |      5 |  1105 |    +0.2% | -168.653 |  -289671.3 |   -39930.1 |   4438 | _285113_/D
    4514+ |      47 |     898 |      426 |      5 |  1105 |    +0.2% | -168.653 |  -289671.3 |   -39930.1 |   4438 | _285113_/D
    4515+ |      47 |     898 |      426 |      5 |  1105 |    +0.2% | -168.653 |  -289671.3 |   -39930.1 |   4438 | _285113_/D
    4516+ |      47 |     898 |      426 |      5 |  1105 |    +0.2% | -168.653 |  -289671.3 |   -39930.1 |   4438 | _285113_/D
    4517+ |      47 |     898 |      426 |      5 |  1105 |    +0.2% | -168.653 |  -289671.3 |   -39930.1 |   4438 | _285113_/D
    4518+ |      47 |     898 |      426 |      5 |  1105 |    +0.2% | -168.653 |  -289671.3 |   -39930.1 |   4438 | _285113_/D
    4520+ |      47 |     898 |      426 |      5 |  1106 |    +0.2% | -168.653 |  -289665.8 |   -39924.4 |   4438 | _285113_/D
    4523+ |      47 |     901 |      426 |      5 |  1106 |    +0.2% | -168.653 |  -289657.7 |   -39913.5 |   4438 | _285113_/D
    4524+ |      47 |     901 |      426 |      5 |  1106 |    +0.2% | -168.653 |  -289657.7 |   -39913.5 |   4438 | _285113_/D
    4525+ |      47 |     901 |      426 |      5 |  1106 |    +0.2% | -168.653 |  -289657.7 |   -39913.5 |   4438 | _285113_/D
    4526+ |      47 |     901 |      426 |      5 |  1106 |    +0.2% | -168.653 |  -289657.7 |   -39913.5 |   4438 | _285113_/D
    4527+ |      47 |     901 |      426 |      5 |  1106 |    +0.2% | -168.653 |  -289657.7 |   -39913.5 |   4438 | _285113_/D
    4528+ |      47 |     901 |      426 |      5 |  1106 |    +0.2% | -168.653 |  -289657.7 |   -39913.5 |   4438 | _285113_/D
    4529+ |      47 |     901 |      426 |      5 |  1106 |    +0.2% | -168.653 |  -289657.7 |   -39913.5 |   4438 | _285113_/D
    4530+ |      47 |     901 |      426 |      5 |  1106 |    +0.2% | -168.653 |  -289657.7 |   -39913.5 |   4438 | _285113_/D
    4530+ |      47 |     901 |      426 |      5 |  1106 |    +0.2% | -168.653 |  -289657.7 |   -39913.5 |   4438 | _285113_/D
    4531+ |      47 |     901 |      426 |      5 |  1106 |    +0.2% | -168.653 |  -289657.7 |   -39913.5 |   4438 | _285113_/D
    4532+ |      47 |     901 |      426 |      5 |  1106 |    +0.2% | -168.653 |  -289657.7 |   -39913.5 |   4438 | _285113_/D
    4533+ |      47 |     901 |      426 |      5 |  1106 |    +0.2% | -168.653 |  -289657.7 |   -39913.5 |   4438 | _285113_/D
    4534+ |      47 |     901 |      426 |      5 |  1106 |    +0.2% | -168.653 |  -289657.7 |   -39913.5 |   4438 | _285113_/D
    4535+ |      47 |     901 |      426 |      5 |  1106 |    +0.2% | -168.653 |  -289657.7 |   -39913.5 |   4438 | _285113_/D
    4536+ |      47 |     901 |      426 |      5 |  1106 |    +0.2% | -168.653 |  -289657.7 |   -39913.5 |   4438 | _285113_/D
    4537+ |      47 |     901 |      426 |      5 |  1106 |    +0.2% | -168.653 |  -289657.7 |   -39913.5 |   4438 | _285113_/D
    4538+ |      47 |     901 |      426 |      5 |  1106 |    +0.2% | -168.653 |  -289657.7 |   -39913.5 |   4438 | _285113_/D
    4539+ |      47 |     901 |      426 |      5 |  1106 |    +0.2% | -168.653 |  -289657.7 |   -39913.5 |   4438 | _285113_/D
    4540+ |      47 |     901 |      426 |      5 |  1106 |    +0.2% | -168.653 |  -289657.7 |   -39913.5 |   4438 | _285113_/D
    4540+ |      47 |     901 |      426 |      5 |  1106 |    +0.2% | -168.653 |  -289657.7 |   -39913.5 |   4438 | _285113_/D
    4541+ |      47 |     901 |      426 |      5 |  1106 |    +0.2% | -168.653 |  -289657.7 |   -39913.5 |   4438 | _285113_/D
    4542+ |      47 |     901 |      426 |      5 |  1106 |    +0.2% | -168.653 |  -289657.7 |   -39913.5 |   4438 | _285113_/D
    4543+ |      47 |     901 |      426 |      5 |  1106 |    +0.2% | -168.653 |  -289657.7 |   -39913.5 |   4438 | _285113_/D
    4545+ |      47 |     902 |      426 |      5 |  1106 |    +0.2% | -168.653 |  -289657.7 |   -39911.1 |   4438 | _285113_/D
    4546+ |      47 |     902 |      426 |      5 |  1106 |    +0.2% | -168.653 |  -289657.7 |   -39911.1 |   4438 | _285113_/D
    4547+ |      47 |     902 |      426 |      5 |  1106 |    +0.2% | -168.653 |  -289657.7 |   -39911.1 |   4438 | _285113_/D
    4548+ |      47 |     902 |      426 |      5 |  1106 |    +0.2% | -168.653 |  -289657.7 |   -39911.1 |   4438 | _285113_/D
    4549+ |      47 |     902 |      426 |      5 |  1106 |    +0.2% | -168.653 |  -289657.7 |   -39911.1 |   4438 | _285113_/D
    4550+ |      47 |     902 |      426 |      5 |  1106 |    +0.2% | -168.653 |  -289657.7 |   -39911.1 |   4438 | _285113_/D
    4550+ |      47 |     902 |      426 |      5 |  1106 |    +0.2% | -168.653 |  -289657.7 |   -39911.1 |   4438 | _285113_/D
    4551+ |      47 |     902 |      426 |      5 |  1106 |    +0.2% | -168.653 |  -289657.7 |   -39911.1 |   4438 | _285113_/D
    4552+ |      47 |     902 |      426 |      5 |  1106 |    +0.2% | -168.653 |  -289657.7 |   -39911.1 |   4438 | _285113_/D
    4553+ |      47 |     902 |      426 |      5 |  1106 |    +0.2% | -168.653 |  -289657.7 |   -39911.1 |   4438 | _285113_/D
    4554+ |      47 |     902 |      426 |      5 |  1106 |    +0.2% | -168.653 |  -289657.7 |   -39911.1 |   4438 | _285113_/D
    4555+ |      47 |     902 |      426 |      5 |  1106 |    +0.2% | -168.653 |  -289657.7 |   -39911.1 |   4438 | _285113_/D
    4556+ |      47 |     902 |      426 |      5 |  1106 |    +0.2% | -168.653 |  -289657.7 |   -39911.1 |   4438 | _285113_/D
    4557+ |      47 |     902 |      426 |      5 |  1106 |    +0.2% | -168.653 |  -289657.7 |   -39911.1 |   4438 | _285113_/D
    4558+ |      47 |     902 |      426 |      5 |  1106 |    +0.2% | -168.653 |  -289657.7 |   -39911.1 |   4438 | _285113_/D
    4559+ |      47 |     902 |      426 |      5 |  1106 |    +0.2% | -168.653 |  -289657.7 |   -39911.1 |   4438 | _285113_/D
    4560+ |      47 |     902 |      426 |      5 |  1106 |    +0.2% | -168.653 |  -289657.7 |   -39911.1 |   4438 | _285113_/D
    4560+ |      47 |     902 |      426 |      5 |  1106 |    +0.2% | -168.653 |  -289657.7 |   -39911.1 |   4438 | _285113_/D
    4561+ |      47 |     902 |      426 |      5 |  1106 |    +0.2% | -168.653 |  -289657.7 |   -39911.1 |   4438 | _285113_/D
    4562+ |      47 |     902 |      426 |      5 |  1106 |    +0.2% | -168.653 |  -289657.7 |   -39911.1 |   4438 | _285113_/D
    4563+ |      47 |     902 |      426 |      5 |  1106 |    +0.2% | -168.653 |  -289657.7 |   -39911.1 |   4438 | _285113_/D
    4564+ |      47 |     902 |      426 |      5 |  1106 |    +0.2% | -168.653 |  -289657.7 |   -39911.1 |   4438 | _285113_/D
    4565+ |      47 |     902 |      426 |      5 |  1106 |    +0.2% | -168.653 |  -289657.7 |   -39911.1 |   4438 | _285113_/D
    4566+ |      47 |     902 |      426 |      5 |  1106 |    +0.2% | -168.653 |  -289657.7 |   -39911.1 |   4438 | _285113_/D
    4567+ |      47 |     902 |      426 |      5 |  1106 |    +0.2% | -168.653 |  -289657.7 |   -39911.1 |   4438 | _285113_/D
    4568+ |      47 |     902 |      426 |      5 |  1106 |    +0.2% | -168.653 |  -289657.7 |   -39911.1 |   4438 | _285113_/D
    4569+ |      47 |     902 |      426 |      5 |  1106 |    +0.2% | -168.653 |  -289657.7 |   -39911.1 |   4438 | _285113_/D
    4570+ |      47 |     902 |      426 |      5 |  1106 |    +0.2% | -168.653 |  -289657.7 |   -39911.1 |   4438 | _285113_/D
    4570+ |      47 |     902 |      426 |      5 |  1106 |    +0.2% | -168.653 |  -289657.7 |   -39911.1 |   4438 | _285113_/D
    4571+ |      47 |     902 |      426 |      5 |  1106 |    +0.2% | -168.653 |  -289657.7 |   -39911.1 |   4438 | _285113_/D
    4572+ |      47 |     902 |      426 |      5 |  1106 |    +0.2% | -168.653 |  -289657.7 |   -39911.1 |   4438 | _285113_/D
    4573+ |      47 |     902 |      426 |      5 |  1106 |    +0.2% | -168.653 |  -289657.7 |   -39911.1 |   4438 | _285113_/D
    4575+ |      47 |     903 |      426 |      5 |  1106 |    +0.2% | -168.653 |  -289683.3 |   -39906.3 |   4438 | _285113_/D
    4576+ |      47 |     903 |      426 |      5 |  1106 |    +0.2% | -168.653 |  -289683.3 |   -39906.3 |   4438 | _285113_/D
    4577+ |      47 |     903 |      426 |      5 |  1106 |    +0.2% | -168.653 |  -289683.3 |   -39906.3 |   4438 | _285113_/D
    4578+ |      47 |     903 |      426 |      5 |  1106 |    +0.2% | -168.653 |  -289683.3 |   -39906.3 |   4438 | _285113_/D
    4580+ |      47 |     903 |      426 |      5 |  1107 |    +0.2% | -168.653 |  -289683.5 |   -39905.5 |   4438 | _285113_/D
    4580+ |      47 |     903 |      426 |      5 |  1107 |    +0.2% | -168.653 |  -289683.5 |   -39905.5 |   4438 | _285113_/D
    4581+ |      47 |     903 |      426 |      5 |  1107 |    +0.2% | -168.653 |  -289683.5 |   -39905.5 |   4438 | _285113_/D
    4582+ |      47 |     903 |      426 |      5 |  1107 |    +0.2% | -168.653 |  -289683.5 |   -39905.5 |   4438 | _285113_/D
    4583+ |      47 |     903 |      426 |      5 |  1107 |    +0.2% | -168.653 |  -289683.5 |   -39905.5 |   4438 | _285113_/D
    4584+ |      47 |     903 |      426 |      5 |  1107 |    +0.2% | -168.653 |  -289683.5 |   -39905.5 |   4438 | _285113_/D
    4585+ |      47 |     903 |      426 |      5 |  1107 |    +0.2% | -168.653 |  -289683.5 |   -39905.5 |   4438 | _285113_/D
    4586+ |      47 |     903 |      426 |      5 |  1107 |    +0.2% | -168.653 |  -289683.5 |   -39905.5 |   4438 | _285113_/D
    4587+ |      47 |     903 |      426 |      5 |  1107 |    +0.2% | -168.653 |  -289683.5 |   -39905.5 |   4438 | _285113_/D
    4588+ |      47 |     903 |      426 |      5 |  1107 |    +0.2% | -168.653 |  -289683.5 |   -39905.5 |   4438 | _285113_/D
    4589+ |      47 |     903 |      426 |      5 |  1107 |    +0.2% | -168.653 |  -289683.5 |   -39905.5 |   4438 | _285113_/D
    4590+ |      47 |     903 |      426 |      5 |  1107 |    +0.2% | -168.653 |  -289683.5 |   -39905.5 |   4438 | _285113_/D
    4590+ |      47 |     903 |      426 |      5 |  1107 |    +0.2% | -168.653 |  -289683.5 |   -39905.5 |   4438 | _285113_/D
    4591+ |      47 |     903 |      426 |      5 |  1107 |    +0.2% | -168.653 |  -289683.5 |   -39905.5 |   4438 | _285113_/D
    4592+ |      47 |     903 |      426 |      5 |  1107 |    +0.2% | -168.653 |  -289683.5 |   -39905.5 |   4438 | _285113_/D
    4593+ |      47 |     903 |      426 |      5 |  1107 |    +0.2% | -168.653 |  -289683.5 |   -39905.5 |   4438 | _285113_/D
    4594+ |      47 |     903 |      426 |      5 |  1107 |    +0.2% | -168.653 |  -289683.5 |   -39905.5 |   4438 | _285113_/D
    4595+ |      47 |     903 |      426 |      5 |  1107 |    +0.2% | -168.653 |  -289683.5 |   -39905.5 |   4438 | _285113_/D
    4596+ |      47 |     903 |      426 |      5 |  1107 |    +0.2% | -168.653 |  -289683.5 |   -39905.5 |   4438 | _285113_/D
    4597+ |      47 |     903 |      426 |      5 |  1107 |    +0.2% | -168.653 |  -289683.5 |   -39905.5 |   4438 | _285113_/D
    4598+ |      47 |     903 |      426 |      5 |  1107 |    +0.2% | -168.653 |  -289683.5 |   -39905.5 |   4438 | _285113_/D
    4599+ |      47 |     903 |      426 |      5 |  1107 |    +0.2% | -168.653 |  -289683.5 |   -39905.5 |   4438 | _285113_/D
    4600+ |      47 |     903 |      426 |      5 |  1107 |    +0.2% | -168.653 |  -289683.5 |   -39905.5 |   4438 | _285113_/D
    final |      47 |     903 |      426 |      5 |  1107 |    +0.2% | -168.653 |  -289683.5 |   -39905.5 |   4438 | _285113_/D
------------------------------------------------------------------------------------------------------------------------------
[INFO RSZ-0059] Removed 47 buffers.
[INFO RSZ-0045] Inserted 426 buffers, 1 to split loads.
[INFO RSZ-0051] Resized 903 instances: 903 up, 0 up match, 0 down, 0 VT
[INFO RSZ-0043] Swapped pins on 1107 instances.
[INFO RSZ-0049] Cloned 5 instances.
[WARNING RSZ-0062] Unable to repair all setup violations.
[INFO RSZ-0505] Runtime: 282.80s
[INFO RSZ-0046] Found 36572 endpoints with hold violations.
Iteration | Resized | Buffers | Cloned Gates |   Area   |   WNS   |   TNS   | Endpoint
--------------------------------------------------------------------------------------
        0 |       0 |       0 |            0 |    +0.0% | -229.553 | -652367.500 | _303244_/D
       10 |       0 |       0 |            0 |    +0.0% | -229.553 | -652367.500 | _303244_/D
       20 |       0 |       0 |            0 |    +0.0% | -229.553 | -652367.500 | _303244_/D
       30 |       0 |       0 |            0 |    +0.0% | -229.553 | -652367.500 | _303244_/D
       40 |       0 |       0 |            0 |    +0.0% | -229.553 | -652367.500 | _303244_/D
       50 |       0 |       0 |            0 |    +0.0% | -229.553 | -652367.500 | _303244_/D
       60 |       0 |       0 |            0 |    +0.0% | -229.553 | -652367.500 | _303244_/D
       70 |       0 |       0 |            0 |    +0.0% | -229.553 | -652367.500 | _303244_/D
       80 |       0 |       0 |            0 |    +0.0% | -229.553 | -652367.500 | _303244_/D
       90 |       0 |       0 |            0 |    +0.0% | -229.553 | -652367.500 | _303244_/D
      100 |       0 |       0 |            0 |    +0.0% | -229.553 | -652367.500 | _303244_/D
      110 |       0 |       0 |            0 |    +0.0% | -229.553 | -652367.500 | _303244_/D
      120 |       0 |       0 |            0 |    +0.0% | -229.553 | -652367.500 | _303244_/D
      130 |       0 |       0 |            0 |    +0.0% | -229.553 | -652367.500 | _303244_/D
      140 |       0 |       0 |            0 |    +0.0% | -229.553 | -652367.500 | _303244_/D
      150 |       0 |       0 |            0 |    +0.0% | -229.553 | -652367.500 | _303244_/D
      160 |       0 |       0 |            0 |    +0.0% | -229.553 | -652367.500 | _303244_/D
      170 |       0 |       0 |            0 |    +0.0% | -229.553 | -652367.500 | _303244_/D
      180 |       0 |       0 |            0 |    +0.0% | -229.553 | -652367.500 | _303244_/D
      190 |       0 |       0 |            0 |    +0.0% | -229.553 | -652367.500 | _303244_/D
      200 |       0 |       0 |            0 |    +0.0% | -229.553 | -652367.500 | _303244_/D
      210 |       0 |       0 |            0 |    +0.0% | -229.553 | -652367.500 | _303244_/D
      220 |       0 |       0 |            0 |    +0.0% | -229.553 | -652367.500 | _303244_/D
      230 |       0 |       0 |            0 |    +0.0% | -229.553 | -652367.500 | _303244_/D
      240 |       0 |       0 |            0 |    +0.0% | -229.553 | -652367.500 | _303244_/D
      250 |       0 |       0 |            0 |    +0.0% | -229.553 | -652367.500 | _303244_/D
      260 |       0 |       0 |            0 |    +0.0% | -229.553 | -652367.500 | _303244_/D
      270 |       0 |       0 |            0 |    +0.0% | -229.553 | -652367.500 | _303244_/D
      280 |       0 |       0 |            0 |    +0.0% | -229.553 | -652367.500 | _303244_/D
      290 |       0 |       0 |            0 |    +0.0% | -229.553 | -652367.500 | _303244_/D
      300 |       0 |       0 |            0 |    +0.0% | -229.553 | -652367.500 | _303244_/D
      310 |       0 |       0 |            0 |    +0.0% | -229.553 | -652367.500 | _303244_/D
      320 |       0 |       0 |            0 |    +0.0% | -229.553 | -652367.500 | _303244_/D
      330 |       0 |       0 |            0 |    +0.0% | -229.553 | -652367.500 | _303244_/D
      340 |       0 |       0 |            0 |    +0.0% | -229.553 | -652367.500 | _303244_/D
      350 |       0 |       0 |            0 |    +0.0% | -229.553 | -652367.500 | _303244_/D
      360 |       0 |       0 |            0 |    +0.0% | -229.553 | -652367.500 | _303244_/D
      370 |       0 |       0 |            0 |    +0.0% | -229.553 | -652367.500 | _303244_/D
      380 |       0 |       0 |            0 |    +0.0% | -229.553 | -652367.500 | _303244_/D
      390 |       0 |       0 |            0 |    +0.0% | -229.553 | -652367.500 | _303244_/D
      400 |       0 |       0 |            0 |    +0.0% | -229.553 | -652367.500 | _303244_/D
      410 |       0 |       0 |            0 |    +0.0% | -229.553 | -652367.500 | _303244_/D
      420 |       0 |       0 |            0 |    +0.0% | -229.553 | -652367.500 | _303244_/D
      430 |       0 |       0 |            0 |    +0.0% | -229.553 | -652367.500 | _303244_/D
      440 |       0 |       0 |            0 |    +0.0% | -229.553 | -652367.500 | _303244_/D
      450 |       0 |       0 |            0 |    +0.0% | -229.553 | -652367.500 | _303244_/D
      460 |       0 |       0 |            0 |    +0.0% | -229.553 | -652367.500 | _303244_/D
      470 |       0 |       0 |            0 |    +0.0% | -229.553 | -652367.500 | _303244_/D
      480 |       0 |       0 |            0 |    +0.0% | -229.553 | -652367.500 | _303244_/D
      490 |       0 |       0 |            0 |    +0.0% | -229.553 | -652367.500 | _303244_/D
      500 |       0 |       0 |            0 |    +0.0% | -229.553 | -652367.500 | _303244_/D
      510 |       0 |       0 |            0 |    +0.0% | -229.553 | -652367.500 | _303244_/D
      520 |       0 |       0 |            0 |    +0.0% | -229.553 | -652367.500 | _303244_/D
      530 |       0 |       0 |            0 |    +0.0% | -229.553 | -652367.500 | _303244_/D
      540 |       0 |       0 |            0 |    +0.0% | -229.553 | -652367.500 | _303244_/D
      550 |       0 |       0 |            0 |    +0.0% | -229.553 | -652367.500 | _303244_/D
      560 |       0 |       0 |            0 |    +0.0% | -229.553 | -652367.500 | _303244_/D
      570 |       0 |       0 |            0 |    +0.0% | -229.553 | -652367.500 | _303244_/D
      580 |       0 |       0 |            0 |    +0.0% | -229.553 | -652367.500 | _303244_/D
      590 |       0 |       0 |            0 |    +0.0% | -229.553 | -652367.500 | _303244_/D
      600 |       0 |       0 |            0 |    +0.0% | -229.553 | -652367.500 | _303244_/D
      610 |       0 |       0 |            0 |    +0.0% | -229.553 | -652367.500 | _303244_/D
      620 |       0 |       0 |            0 |    +0.0% | -229.553 | -652367.500 | _303244_/D
      630 |       0 |       0 |            0 |    +0.0% | -229.553 | -652367.500 | _303244_/D
      640 |       0 |       0 |            0 |    +0.0% | -229.553 | -652367.500 | _303244_/D
      650 |       0 |       0 |            0 |    +0.0% | -229.553 | -652367.500 | _303244_/D
      660 |       0 |       0 |            0 |    +0.0% | -229.553 | -652367.500 | _303244_/D
      670 |       0 |       0 |            0 |    +0.0% | -229.553 | -652367.500 | _303244_/D
      680 |       0 |       0 |            0 |    +0.0% | -229.553 | -652367.500 | _303244_/D
      690 |       0 |       0 |            0 |    +0.0% | -229.553 | -652367.500 | _303244_/D
      700 |       0 |       0 |            0 |    +0.0% | -229.553 | -652367.500 | _303244_/D
      710 |       0 |       0 |            0 |    +0.0% | -229.553 | -652367.500 | _303244_/D
      720 |       0 |       0 |            0 |    +0.0% | -229.553 | -652367.500 | _303244_/D
      730 |       0 |       0 |            0 |    +0.0% | -229.553 | -652367.500 | _303244_/D
      740 |       0 |       0 |            0 |    +0.0% | -229.553 | -652367.500 | _303244_/D
      750 |       0 |       0 |            0 |    +0.0% | -229.553 | -652367.500 | _303244_/D
      760 |       0 |       0 |            0 |    +0.0% | -229.553 | -652367.500 | _303244_/D
      770 |       0 |       0 |            0 |    +0.0% | -229.553 | -652367.500 | _303244_/D
      780 |       0 |       0 |            0 |    +0.0% | -229.553 | -652367.500 | _303244_/D
      790 |       0 |       0 |            0 |    +0.0% | -229.553 | -652367.500 | _303244_/D
      800 |       0 |       0 |            0 |    +0.0% | -229.553 | -652367.500 | _303244_/D
      810 |       0 |       0 |            0 |    +0.0% | -229.553 | -652367.500 | _303244_/D
      820 |       0 |       0 |            0 |    +0.0% | -229.553 | -652367.500 | _303244_/D
      830 |       0 |       0 |            0 |    +0.0% | -229.553 | -652367.500 | _303244_/D
      840 |       0 |       0 |            0 |    +0.0% | -229.553 | -652367.500 | _303244_/D
      850 |       0 |       0 |            0 |    +0.0% | -229.553 | -652367.500 | _303244_/D
      860 |       0 |       0 |            0 |    +0.0% | -229.553 | -652367.500 | _303244_/D
      870 |       0 |       0 |            0 |    +0.0% | -229.553 | -652367.500 | _303244_/D
      880 |       0 |       0 |            0 |    +0.0% | -229.553 | -652367.500 | _303244_/D
      890 |       0 |       0 |            0 |    +0.0% | -229.553 | -652367.500 | _303244_/D
      900 |       0 |       0 |            0 |    +0.0% | -229.553 | -652367.500 | _303244_/D
      910 |       0 |       0 |            0 |    +0.0% | -229.553 | -652367.500 | _303244_/D
      920 |       0 |       0 |            0 |    +0.0% | -229.553 | -652367.500 | _303244_/D
      930 |       0 |       0 |            0 |    +0.0% | -229.553 | -652367.500 | _303244_/D
      940 |       0 |       0 |            0 |    +0.0% | -229.553 | -652367.500 | _303244_/D
      950 |       0 |       0 |            0 |    +0.0% | -229.553 | -652367.500 | _303244_/D
      960 |       0 |       0 |            0 |    +0.0% | -229.553 | -652367.500 | _303244_/D
      970 |       0 |       0 |            0 |    +0.0% | -229.553 | -652367.500 | _303244_/D
      980 |       0 |       0 |            0 |    +0.0% | -229.553 | -652367.500 | _303244_/D
      990 |       0 |       0 |            0 |    +0.0% | -229.553 | -652367.500 | _303244_/D
     1000 |       0 |       0 |            0 |    +0.0% | -229.553 | -652367.500 | _303244_/D
     1010 |       0 |       0 |            0 |    +0.0% | -229.553 | -652367.500 | _303244_/D
     1020 |       0 |       0 |            0 |    +0.0% | -229.553 | -652367.500 | _303244_/D
     1030 |       0 |       0 |            0 |    +0.0% | -229.553 | -652367.500 | _303244_/D
     1040 |       0 |       0 |            0 |    +0.0% | -229.553 | -652367.500 | _303244_/D
     1050 |       0 |       0 |            0 |    +0.0% | -229.553 | -652367.500 | _303244_/D
     1060 |       0 |       0 |            0 |    +0.0% | -229.553 | -652367.500 | _303244_/D
     1070 |       0 |       0 |            0 |    +0.0% | -229.553 | -652367.500 | _303244_/D
     1080 |       0 |       0 |            0 |    +0.0% | -229.553 | -652367.500 | _303244_/D
     1090 |       0 |       0 |            0 |    +0.0% | -229.553 | -652367.500 | _303244_/D
     1100 |       0 |       0 |            0 |    +0.0% | -229.553 | -652367.500 | _303244_/D
     1110 |       0 |       0 |            0 |    +0.0% | -229.553 | -652367.500 | _303244_/D
     1120 |       0 |       0 |            0 |    +0.0% | -229.553 | -652367.500 | _303244_/D
     1130 |       0 |       0 |            0 |    +0.0% | -229.553 | -652367.500 | _303244_/D
     1140 |       0 |       0 |            0 |    +0.0% | -229.553 | -652367.500 | _303244_/D
     1150 |       0 |       0 |            0 |    +0.0% | -229.553 | -652367.500 | _303244_/D
     1160 |       0 |       0 |            0 |    +0.0% | -229.553 | -652367.500 | _303244_/D
     1170 |       0 |       0 |            0 |    +0.0% | -229.553 | -652367.500 | _303244_/D
     1180 |       0 |       0 |            0 |    +0.0% | -229.553 | -652367.500 | _303244_/D
     1190 |       0 |       0 |            0 |    +0.0% | -229.553 | -652367.500 | _303244_/D
     1200 |       0 |       0 |            0 |    +0.0% | -229.553 | -652367.500 | _303244_/D
     1210 |       0 |       0 |            0 |    +0.0% | -229.553 | -652367.500 | _303244_/D
     1220 |       0 |       0 |            0 |    +0.0% | -229.553 | -652367.500 | _303244_/D
     1230 |       0 |       0 |            0 |    +0.0% | -229.553 | -652367.500 | _303244_/D
     1240 |       0 |       0 |            0 |    +0.0% | -229.553 | -652367.500 | _303244_/D
     1250 |       0 |       0 |            0 |    +0.0% | -229.553 | -652367.500 | _303244_/D
     1260 |       0 |       0 |            0 |    +0.0% | -229.553 | -652367.500 | _303244_/D
     1270 |       0 |       0 |            0 |    +0.0% | -229.553 | -652367.500 | _303244_/D
     1280 |       0 |       0 |            0 |    +0.0% | -229.553 | -652367.500 | _303244_/D
     1290 |       0 |       0 |            0 |    +0.0% | -229.553 | -652367.500 | _303244_/D
     1300 |       0 |       0 |            0 |    +0.0% | -229.553 | -652367.500 | _303244_/D
     1310 |       0 |       0 |            0 |    +0.0% | -229.553 | -652367.500 | _303244_/D
     1320 |       0 |       0 |            0 |    +0.0% | -229.553 | -652367.500 | _303244_/D
     1330 |       0 |       0 |            0 |    +0.0% | -229.553 | -652367.500 | _303244_/D
     1340 |       0 |       0 |            0 |    +0.0% | -229.553 | -652367.500 | _303244_/D
     1350 |       0 |       0 |            0 |    +0.0% | -229.553 | -652367.500 | _303244_/D
     1360 |       0 |       0 |            0 |    +0.0% | -229.553 | -652367.500 | _303244_/D
     1370 |       0 |       0 |            0 |    +0.0% | -229.553 | -652367.500 | _303244_/D
     1380 |       0 |       0 |            0 |    +0.0% | -229.553 | -652367.500 | _303244_/D
     1390 |       0 |       0 |            0 |    +0.0% | -229.553 | -652367.500 | _303244_/D
     1400 |       0 |       0 |            0 |    +0.0% | -229.553 | -652367.500 | _303244_/D
     1410 |       0 |       0 |            0 |    +0.0% | -229.553 | -652367.500 | _303244_/D
     1420 |       0 |       0 |            0 |    +0.0% | -229.553 | -652367.500 | _303244_/D
     1430 |       0 |       0 |            0 |    +0.0% | -229.553 | -652367.500 | _303244_/D
     1440 |       0 |       0 |            0 |    +0.0% | -229.553 | -652367.500 | _303244_/D
     1450 |       0 |       0 |            0 |    +0.0% | -229.553 | -652367.500 | _303244_/D
     1460 |       0 |       0 |            0 |    +0.0% | -229.553 | -652367.500 | _303244_/D
     1470 |       0 |       0 |            0 |    +0.0% | -229.553 | -652367.500 | _303244_/D
     1480 |       0 |       0 |            0 |    +0.0% | -229.553 | -652367.500 | _303244_/D
     1490 |       0 |       0 |            0 |    +0.0% | -229.553 | -652367.500 | _303244_/D
     1500 |       0 |       0 |            0 |    +0.0% | -229.553 | -652367.500 | _303244_/D
     1510 |       0 |       0 |            0 |    +0.0% | -229.553 | -652367.500 | _303244_/D
     1520 |       0 |       0 |            0 |    +0.0% | -229.553 | -652367.500 | _303244_/D
     1530 |       0 |       0 |            0 |    +0.0% | -229.553 | -652367.500 | _303244_/D
     1540 |       0 |       0 |            0 |    +0.0% | -229.553 | -652367.500 | _303244_/D
     1550 |       0 |       0 |            0 |    +0.0% | -229.553 | -652367.500 | _303244_/D
     1560 |       0 |       0 |            0 |    +0.0% | -229.553 | -652367.500 | _303244_/D
     1570 |       0 |       0 |            0 |    +0.0% | -229.553 | -652367.500 | _303244_/D
     1580 |       0 |       0 |            0 |    +0.0% | -229.553 | -652367.500 | _303244_/D
     1590 |       0 |       0 |            0 |    +0.0% | -229.553 | -652367.500 | _303244_/D
     1600 |       0 |       0 |            0 |    +0.0% | -229.553 | -652367.500 | _303244_/D
     1610 |       0 |       0 |            0 |    +0.0% | -229.553 | -652367.500 | _303244_/D
     1620 |       0 |       0 |            0 |    +0.0% | -229.553 | -652367.500 | _303244_/D
     1630 |       0 |       0 |            0 |    +0.0% | -229.553 | -652367.500 | _303244_/D
     1640 |       0 |       0 |            0 |    +0.0% | -229.553 | -652367.500 | _303244_/D
     1650 |       0 |       0 |            0 |    +0.0% | -229.553 | -652367.500 | _303244_/D
     1660 |       0 |       0 |            0 |    +0.0% | -229.553 | -652367.500 | _303244_/D
     1670 |       0 |       0 |            0 |    +0.0% | -229.553 | -652367.500 | _303244_/D
     1680 |       0 |       0 |            0 |    +0.0% | -229.553 | -652367.500 | _303244_/D
     1690 |       0 |       0 |            0 |    +0.0% | -229.553 | -652367.500 | _303244_/D
     1700 |       0 |       0 |            0 |    +0.0% | -229.553 | -652367.500 | _303244_/D
     1710 |       0 |       0 |            0 |    +0.0% | -229.553 | -652367.500 | _303244_/D
     1720 |       0 |       0 |            0 |    +0.0% | -229.553 | -652367.500 | _303244_/D
     1730 |       0 |       0 |            0 |    +0.0% | -229.553 | -652367.500 | _303244_/D
     1740 |       0 |       0 |            0 |    +0.0% | -229.553 | -652367.500 | _303244_/D
     1750 |       0 |       0 |            0 |    +0.0% | -229.553 | -652367.500 | _303244_/D
     1760 |       0 |       0 |            0 |    +0.0% | -229.553 | -652367.500 | _303244_/D
     1770 |       0 |       0 |            0 |    +0.0% | -229.553 | -652367.500 | _303244_/D
     1780 |       0 |       0 |            0 |    +0.0% | -229.553 | -652367.500 | _303244_/D
     1790 |       0 |       0 |            0 |    +0.0% | -229.553 | -652367.500 | _303244_/D
     1800 |       0 |       0 |            0 |    +0.0% | -229.553 | -652367.500 | _303244_/D
     1810 |       0 |       0 |            0 |    +0.0% | -229.553 | -652367.500 | _303244_/D
     1820 |       0 |       0 |            0 |    +0.0% | -229.553 | -652367.500 | _303244_/D
     1830 |       0 |       0 |            0 |    +0.0% | -229.553 | -652367.500 | _303244_/D
     1840 |       0 |       0 |            0 |    +0.0% | -229.553 | -652367.500 | _303244_/D
     1850 |       0 |       0 |            0 |    +0.0% | -229.553 | -652367.500 | _303244_/D
     1860 |       0 |       0 |            0 |    +0.0% | -229.553 | -652367.500 | _303244_/D
     1870 |       0 |       0 |            0 |    +0.0% | -229.553 | -652367.500 | _303244_/D
     1880 |       0 |       0 |            0 |    +0.0% | -229.553 | -652367.500 | _303244_/D
     1890 |       0 |       0 |            0 |    +0.0% | -229.553 | -652367.500 | _303244_/D
     1900 |       0 |       0 |            0 |    +0.0% | -229.553 | -652367.500 | _303244_/D
     1910 |       0 |       0 |            0 |    +0.0% | -229.553 | -652367.500 | _303244_/D
     1920 |       0 |       0 |            0 |    +0.0% | -229.553 | -652367.500 | _303244_/D
     1930 |       0 |       0 |            0 |    +0.0% | -229.553 | -652367.500 | _303244_/D
     1940 |       0 |       0 |            0 |    +0.0% | -229.553 | -652367.500 | _303244_/D
     1950 |       0 |       0 |            0 |    +0.0% | -229.553 | -652367.500 | _303244_/D
     1960 |       0 |       0 |            0 |    +0.0% | -229.553 | -652367.500 | _303244_/D
     1970 |       0 |       0 |            0 |    +0.0% | -229.553 | -652367.500 | _303244_/D
     1980 |       0 |       0 |            0 |    +0.0% | -229.553 | -652367.500 | _303244_/D
     1990 |       0 |       0 |            0 |    +0.0% | -229.553 | -652367.500 | _303244_/D
     2000 |       0 |       0 |            0 |    +0.0% | -229.553 | -652367.500 | _303244_/D
     2010 |       0 |       0 |            0 |    +0.0% | -229.553 | -652367.500 | _303244_/D
     2020 |       0 |       0 |            0 |    +0.0% | -229.553 | -652367.500 | _303244_/D
     2030 |       0 |       0 |            0 |    +0.0% | -229.553 | -652367.500 | _303244_/D
     2040 |       0 |       0 |            0 |    +0.0% | -229.553 | -652367.500 | _303244_/D
     2050 |       0 |       0 |            0 |    +0.0% | -229.553 | -652367.500 | _303244_/D
     2060 |       0 |       0 |            0 |    +0.0% | -229.553 | -652367.500 | _303244_/D
     2070 |       0 |       0 |            0 |    +0.0% | -229.553 | -652367.500 | _303244_/D
     2080 |       0 |       0 |            0 |    +0.0% | -229.553 | -652367.500 | _303244_/D
     2090 |       0 |       0 |            0 |    +0.0% | -229.553 | -652367.500 | _303244_/D
     2100 |       0 |       0 |            0 |    +0.0% | -229.553 | -652367.500 | _303244_/D
     2110 |       0 |       0 |            0 |    +0.0% | -229.553 | -652367.500 | _303244_/D
     2120 |       0 |       0 |            0 |    +0.0% | -229.553 | -652367.500 | _303244_/D
     2130 |       0 |       0 |            0 |    +0.0% | -229.553 | -652367.500 | _303244_/D
     2140 |       0 |       0 |            0 |    +0.0% | -229.553 | -652367.500 | _303244_/D
     2150 |       0 |       0 |            0 |    +0.0% | -229.553 | -652367.500 | _303244_/D
     2160 |       0 |       0 |            0 |    +0.0% | -229.553 | -652367.500 | _303244_/D
     2170 |       0 |       0 |            0 |    +0.0% | -229.553 | -652367.500 | _303244_/D
     2180 |       0 |       0 |            0 |    +0.0% | -229.553 | -652367.500 | _303244_/D
     2190 |       0 |       0 |            0 |    +0.0% | -229.553 | -652367.500 | _303244_/D
     2200 |       0 |       0 |            0 |    +0.0% | -229.553 | -652367.500 | _303244_/D
     2210 |       0 |       0 |            0 |    +0.0% | -229.553 | -652367.500 | _303244_/D
     2220 |       0 |       0 |            0 |    +0.0% | -229.553 | -652367.500 | _303244_/D
     2230 |       0 |       0 |            0 |    +0.0% | -229.553 | -652367.500 | _303244_/D
     2240 |       0 |       0 |            0 |    +0.0% | -229.553 | -652367.500 | _303244_/D
     2250 |       0 |       0 |            0 |    +0.0% | -229.553 | -652367.500 | _303244_/D
     2260 |       0 |       0 |            0 |    +0.0% | -229.553 | -652367.500 | _303244_/D
     2270 |       0 |       0 |            0 |    +0.0% | -229.553 | -652367.500 | _303244_/D
     2280 |       0 |       0 |            0 |    +0.0% | -229.553 | -652367.500 | _303244_/D
     2290 |       0 |       0 |            0 |    +0.0% | -229.553 | -652367.500 | _303244_/D
     2300 |       0 |       0 |            0 |    +0.0% | -229.553 | -652367.500 | _303244_/D
     2310 |       0 |       0 |            0 |    +0.0% | -229.553 | -652367.500 | _303244_/D
     2320 |       0 |       0 |            0 |    +0.0% | -229.553 | -652367.500 | _303244_/D
     2330 |       0 |       0 |            0 |    +0.0% | -229.553 | -652367.500 | _303244_/D
     2340 |       0 |       0 |            0 |    +0.0% | -229.553 | -652367.500 | _303244_/D
     2350 |       0 |       0 |            0 |    +0.0% | -229.553 | -652367.500 | _303244_/D
     2360 |       0 |       0 |            0 |    +0.0% | -229.553 | -652367.500 | _303244_/D
     2370 |       0 |       0 |            0 |    +0.0% | -229.553 | -652367.500 | _303244_/D
     2380 |       0 |       0 |            0 |    +0.0% | -229.553 | -652367.500 | _303244_/D
     2390 |       0 |       0 |            0 |    +0.0% | -229.553 | -652367.500 | _303244_/D
     2400 |       0 |       0 |            0 |    +0.0% | -229.553 | -652367.500 | _303244_/D
     2410 |       0 |       0 |            0 |    +0.0% | -229.553 | -652367.500 | _303244_/D
     2420 |       0 |       0 |            0 |    +0.0% | -229.553 | -652367.500 | _303244_/D
     2430 |       0 |       0 |            0 |    +0.0% | -229.553 | -652367.500 | _303244_/D
     2440 |       0 |       0 |            0 |    +0.0% | -229.553 | -652367.500 | _303244_/D
     2450 |       0 |       0 |            0 |    +0.0% | -229.553 | -652367.500 | _303244_/D
     2460 |       0 |       0 |            0 |    +0.0% | -229.553 | -652367.500 | _303244_/D
     2470 |       0 |       0 |            0 |    +0.0% | -229.553 | -652367.500 | _303244_/D
     2480 |       0 |       0 |            0 |    +0.0% | -229.553 | -652367.500 | _303244_/D
     2490 |       0 |       0 |            0 |    +0.0% | -229.553 | -652367.500 | _303244_/D
     2500 |       0 |       0 |            0 |    +0.0% | -229.553 | -652367.500 | _303244_/D
     2510 |       0 |       0 |            0 |    +0.0% | -229.553 | -652367.500 | _303244_/D
     2520 |       0 |       0 |            0 |    +0.0% | -229.553 | -652367.500 | _303244_/D
     2530 |       0 |       0 |            0 |    +0.0% | -229.553 | -652367.500 | _303244_/D
     2540 |       0 |       0 |            0 |    +0.0% | -229.553 | -652367.500 | _303244_/D
     2550 |       0 |       0 |            0 |    +0.0% | -229.553 | -652367.500 | _303244_/D
     2560 |       0 |       0 |            0 |    +0.0% | -229.553 | -652367.500 | _303244_/D
     2570 |       0 |       0 |            0 |    +0.0% | -229.553 | -652367.500 | _303244_/D
     2580 |       0 |       0 |            0 |    +0.0% | -229.553 | -652367.500 | _303244_/D
     2590 |       0 |       0 |            0 |    +0.0% | -229.553 | -652367.500 | _303244_/D
     2600 |       0 |       0 |            0 |    +0.0% | -229.553 | -652367.500 | _303244_/D
     2610 |       0 |       0 |            0 |    +0.0% | -229.553 | -652367.500 | _303244_/D
     2620 |       0 |       0 |            0 |    +0.0% | -229.553 | -652367.500 | _303244_/D
     2630 |       0 |       0 |            0 |    +0.0% | -229.553 | -652367.500 | _303244_/D
     2640 |       0 |       0 |            0 |    +0.0% | -229.553 | -652367.500 | _303244_/D
     2650 |       0 |       0 |            0 |    +0.0% | -229.553 | -652367.500 | _303244_/D
     2660 |       0 |       0 |            0 |    +0.0% | -229.553 | -652367.500 | _303244_/D
     2670 |       0 |       0 |            0 |    +0.0% | -229.553 | -652367.500 | _303244_/D
     2680 |       0 |       0 |            0 |    +0.0% | -229.553 | -652367.500 | _303244_/D
     2690 |       0 |       0 |            0 |    +0.0% | -229.553 | -652367.500 | _303244_/D
     2700 |       0 |       0 |            0 |    +0.0% | -229.553 | -652367.500 | _303244_/D
     2710 |       0 |       0 |            0 |    +0.0% | -229.553 | -652367.500 | _303244_/D
     2720 |       0 |       0 |            0 |    +0.0% | -229.553 | -652367.500 | _303244_/D
     2730 |       0 |       0 |            0 |    +0.0% | -229.553 | -652367.500 | _303244_/D
     2740 |       0 |       0 |            0 |    +0.0% | -229.553 | -652367.500 | _303244_/D
     2750 |       0 |       0 |            0 |    +0.0% | -229.553 | -652367.500 | _303244_/D
     2760 |       0 |       0 |            0 |    +0.0% | -229.553 | -652367.500 | _303244_/D
     2770 |       0 |       0 |            0 |    +0.0% | -229.553 | -652367.500 | _303244_/D
     2780 |       0 |       0 |            0 |    +0.0% | -229.553 | -652367.500 | _303244_/D
     2790 |       0 |       0 |            0 |    +0.0% | -229.553 | -652367.500 | _303244_/D
     2800 |       0 |       0 |            0 |    +0.0% | -229.553 | -652367.500 | _303244_/D
     2810 |       0 |       0 |            0 |    +0.0% | -229.553 | -652367.500 | _303244_/D
     2820 |       0 |       0 |            0 |    +0.0% | -229.553 | -652367.500 | _303244_/D
     2830 |       0 |       0 |            0 |    +0.0% | -229.553 | -652367.500 | _303244_/D
     2840 |       0 |       0 |            0 |    +0.0% | -229.553 | -652367.500 | _303244_/D
     2850 |       0 |       0 |            0 |    +0.0% | -229.553 | -652367.500 | _303244_/D
     2860 |       0 |       0 |            0 |    +0.0% | -229.553 | -652367.500 | _303244_/D
     2870 |       0 |       0 |            0 |    +0.0% | -229.553 | -652367.500 | _303244_/D
     2880 |       0 |       0 |            0 |    +0.0% | -229.553 | -652367.500 | _303244_/D
     2890 |       0 |       0 |            0 |    +0.0% | -229.553 | -652367.500 | _303244_/D
     2900 |       0 |       0 |            0 |    +0.0% | -229.553 | -652367.500 | _303244_/D
     2910 |       0 |       0 |            0 |    +0.0% | -229.553 | -652367.500 | _303244_/D
     2920 |       0 |       0 |            0 |    +0.0% | -229.553 | -652367.500 | _303244_/D
     2930 |       0 |       0 |            0 |    +0.0% | -229.553 | -652367.500 | _303244_/D
     2940 |       0 |       0 |            0 |    +0.0% | -229.553 | -652367.500 | _303244_/D
     2950 |       0 |       0 |            0 |    +0.0% | -229.553 | -652367.500 | _303244_/D
     2960 |       0 |       0 |            0 |    +0.0% | -229.553 | -652367.500 | _303244_/D
     2970 |       0 |       0 |            0 |    +0.0% | -229.553 | -652367.500 | _303244_/D
     2980 |       0 |       0 |            0 |    +0.0% | -229.553 | -652367.500 | _303244_/D
     2990 |       0 |       0 |            0 |    +0.0% | -229.553 | -652367.500 | _303244_/D
     3000 |       0 |       0 |            0 |    +0.0% | -229.553 | -652367.500 | _303244_/D
     3010 |       0 |       0 |            0 |    +0.0% | -229.553 | -652367.500 | _303244_/D
     3020 |       0 |       0 |            0 |    +0.0% | -229.553 | -652367.500 | _303244_/D
     3030 |       0 |       0 |            0 |    +0.0% | -229.553 | -652367.500 | _303244_/D
     3040 |       0 |       0 |            0 |    +0.0% | -229.553 | -652367.500 | _303244_/D
     3050 |       0 |       0 |            0 |    +0.0% | -229.553 | -652367.500 | _303244_/D
     3060 |       0 |       0 |            0 |    +0.0% | -229.553 | -652367.500 | _303244_/D
     3070 |       0 |       0 |            0 |    +0.0% | -229.553 | -652367.500 | _303244_/D
     3080 |       0 |       0 |            0 |    +0.0% | -229.553 | -652367.500 | _303244_/D
     3090 |       0 |       0 |            0 |    +0.0% | -229.553 | -652367.500 | _303244_/D
     3100 |       0 |       0 |            0 |    +0.0% | -229.553 | -652367.500 | _303244_/D
     3110 |       0 |       0 |            0 |    +0.0% | -229.553 | -652367.500 | _303244_/D
     3120 |       0 |       0 |            0 |    +0.0% | -229.553 | -652367.500 | _303244_/D
     3130 |       0 |       0 |            0 |    +0.0% | -229.553 | -652367.500 | _303244_/D
     3140 |       0 |       0 |            0 |    +0.0% | -229.553 | -652367.500 | _303244_/D
     3150 |       0 |       0 |            0 |    +0.0% | -229.553 | -652367.500 | _303244_/D
     3160 |       0 |       0 |            0 |    +0.0% | -229.553 | -652367.500 | _303244_/D
     3170 |       0 |       0 |            0 |    +0.0% | -229.553 | -652367.500 | _303244_/D
     3180 |       0 |      16 |            0 |    +0.0% | -229.553 | -652253.188 | _303244_/D
     3190 |       0 |      36 |            0 |    +0.0% | -229.553 | -652136.750 | _303244_/D
     3200 |       0 |      56 |            0 |    +0.0% | -229.553 | -652083.500 | _303244_/D
     3210 |       0 |      76 |            0 |    +0.0% | -229.553 | -652035.938 | _303244_/D
     3220 |       0 |      96 |            0 |    +0.0% | -229.553 | -652010.250 | _303244_/D
     3230 |       0 |     116 |            0 |    +0.0% | -229.553 | -651974.500 | _303244_/D
     3240 |       0 |     136 |            0 |    +0.0% | -229.553 | -651932.125 | _303244_/D
     3250 |       0 |     156 |            0 |    +0.0% | -229.553 | -651916.125 | _303244_/D
     3260 |       0 |     176 |            0 |    +0.0% | -229.553 | -651900.250 | _303244_/D
     3270 |       0 |     196 |            0 |    +0.0% | -229.553 | -651889.062 | _303244_/D
     3280 |       0 |     216 |            0 |    +0.1% | -229.553 | -651878.812 | _303244_/D
     3290 |       0 |     236 |            0 |    +0.1% | -229.553 | -651870.938 | _303244_/D
     3300 |       0 |     256 |            0 |    +0.1% | -229.553 | -651866.312 | _303244_/D
     3310 |       0 |     276 |            0 |    +0.1% | -229.553 | -651863.375 | _303244_/D
     3320 |       0 |     296 |            0 |    +0.1% | -229.553 | -651862.500 | _303244_/D
     3330 |       0 |     316 |            0 |    +0.1% | -229.553 | -651860.188 | _303244_/D
     3340 |       0 |     336 |            0 |    +0.1% | -229.553 | -651857.562 | _303244_/D
     3350 |       0 |     356 |            0 |    +0.1% | -229.553 | -651857.562 | _303244_/D
     3360 |       0 |     376 |            0 |    +0.1% | -229.553 | -651857.562 | _303244_/D
     3370 |       0 |     398 |            0 |    +0.1% | -229.553 | -651857.562 | _303244_/D
     3380 |       0 |     418 |            0 |    +0.1% | -229.553 | -651857.562 | _303244_/D
     3390 |       0 |     438 |            0 |    +0.1% | -229.553 | -651857.562 | _303244_/D
     3400 |       0 |     458 |            0 |    +0.1% | -229.553 | -651857.562 | _303244_/D
     3410 |       0 |     478 |            0 |    +0.1% | -229.553 | -651857.562 | _303244_/D
     3420 |       0 |     498 |            0 |    +0.1% | -229.553 | -651857.562 | _303244_/D
     3430 |       0 |     518 |            0 |    +0.1% | -229.553 | -651857.562 | _303244_/D
     3440 |       0 |     538 |            0 |    +0.1% | -229.553 | -651857.562 | _303244_/D
     3450 |       0 |     558 |            0 |    +0.1% | -229.553 | -651857.562 | _303244_/D
     3460 |       0 |     580 |            0 |    +0.1% | -229.553 | -651857.562 | _303244_/D
     3470 |       0 |     598 |            0 |    +0.1% | -229.553 | -651857.562 | _303244_/D
     3480 |       0 |     620 |            0 |    +0.1% | -229.553 | -651857.562 | _303244_/D
     3490 |       0 |     638 |            0 |    +0.2% | -229.553 | -651857.562 | _303244_/D
     3500 |       0 |     658 |            0 |    +0.2% | -229.553 | -651857.562 | _303244_/D
     3510 |       0 |     678 |            0 |    +0.2% | -229.553 | -651857.562 | _303244_/D
     3520 |       0 |     698 |            0 |    +0.2% | -229.553 | -651857.562 | _303244_/D
     3530 |       0 |     718 |            0 |    +0.2% | -229.553 | -651857.562 | _303244_/D
     3540 |       0 |     738 |            0 |    +0.2% | -229.553 | -651857.562 | _303244_/D
     3550 |       0 |     758 |            0 |    +0.2% | -229.553 | -651857.562 | _303244_/D
     3560 |       0 |     780 |            0 |    +0.2% | -229.553 | -651857.562 | _303244_/D
     3570 |       0 |     798 |            0 |    +0.2% | -229.553 | -651857.562 | _303244_/D
     3580 |       0 |     820 |            0 |    +0.2% | -229.553 | -651857.562 | _303244_/D
     3590 |       0 |     840 |            0 |    +0.2% | -229.553 | -651857.562 | _303244_/D
     3600 |       0 |     860 |            0 |    +0.2% | -229.553 | -651857.562 | _303244_/D
     3610 |       0 |     880 |            0 |    +0.2% | -229.553 | -651857.562 | _303244_/D
     3620 |       0 |     900 |            0 |    +0.2% | -229.553 | -651857.562 | _303244_/D
     3630 |       0 |     920 |            0 |    +0.2% | -229.553 | -651857.562 | _303244_/D
     3640 |       0 |     942 |            0 |    +0.2% | -229.553 | -651857.562 | _303244_/D
     3650 |       0 |     962 |            0 |    +0.2% | -229.553 | -651857.562 | _303244_/D
     3660 |       0 |     982 |            0 |    +0.2% | -229.553 | -651857.562 | _303244_/D
     3670 |       0 |    1004 |            0 |    +0.2% | -229.553 | -651857.562 | _303244_/D
     3680 |       0 |    1024 |            0 |    +0.2% | -229.553 | -651857.562 | _303244_/D
     3690 |       0 |    1046 |            0 |    +0.2% | -229.553 | -651857.562 | _303244_/D
     3700 |       0 |    1066 |            0 |    +0.3% | -229.553 | -651857.562 | _303244_/D
     3710 |       0 |    1088 |            0 |    +0.3% | -229.553 | -651857.562 | _303244_/D
     3720 |       0 |    1110 |            0 |    +0.3% | -229.553 | -651857.562 | _303244_/D
     3730 |       0 |    1128 |            0 |    +0.3% | -229.553 | -651857.562 | _303244_/D
     3740 |       0 |    1150 |            0 |    +0.3% | -229.553 | -651857.562 | _303244_/D
     3750 |       0 |    1170 |            0 |    +0.3% | -229.553 | -651857.562 | _303244_/D
     3760 |       0 |    1190 |            0 |    +0.3% | -229.553 | -651857.562 | _303244_/D
     3770 |       0 |    1212 |            0 |    +0.3% | -229.553 | -651857.562 | _303244_/D
     3780 |       0 |    1230 |            0 |    +0.3% | -229.553 | -651857.562 | _303244_/D
     3790 |       0 |    1250 |            0 |    +0.3% | -229.553 | -651857.562 | _303244_/D
     3800 |       0 |    1270 |            0 |    +0.3% | -229.553 | -651857.562 | _303244_/D
     3810 |       0 |    1292 |            0 |    +0.3% | -229.553 | -651857.562 | _303244_/D
     3820 |       0 |    1312 |            0 |    +0.3% | -229.553 | -651857.562 | _303244_/D
     3830 |       0 |    1332 |            0 |    +0.3% | -229.553 | -651857.562 | _303244_/D
     3840 |       0 |    1354 |            0 |    +0.3% | -229.553 | -651857.562 | _303244_/D
     3850 |       0 |    1378 |            0 |    +0.3% | -229.553 | -651857.562 | _303244_/D
     3860 |       0 |    1394 |            0 |    +0.3% | -229.553 | -651857.562 | _303244_/D
     3870 |       0 |    1416 |            0 |    +0.3% | -229.553 | -651857.562 | _303244_/D
     3880 |       0 |    1434 |            0 |    +0.3% | -229.553 | -651857.562 | _303244_/D
     3890 |       0 |    1456 |            0 |    +0.3% | -229.553 | -651857.562 | _303244_/D
     3900 |       0 |    1474 |            0 |    +0.3% | -229.553 | -651857.562 | _303244_/D
     3910 |       0 |    1494 |            0 |    +0.4% | -229.553 | -651857.562 | _303244_/D
     3920 |       0 |    1514 |            0 |    +0.4% | -229.553 | -651857.562 | _303244_/D
     3930 |       0 |    1534 |            0 |    +0.4% | -229.553 | -651857.562 | _303244_/D
     3940 |       0 |    1554 |            0 |    +0.4% | -229.553 | -651857.562 | _303244_/D
     3950 |       0 |    1574 |            0 |    +0.4% | -229.553 | -651857.562 | _303244_/D
     3960 |       0 |    1596 |            0 |    +0.4% | -229.553 | -651857.562 | _303244_/D
     3970 |       0 |    1616 |            0 |    +0.4% | -229.553 | -651857.562 | _303244_/D
     3980 |       0 |    1636 |            0 |    +0.4% | -229.553 | -651857.562 | _303244_/D
     3990 |       0 |    1656 |            0 |    +0.4% | -229.553 | -651857.562 | _303244_/D
     4000 |       0 |    1674 |            0 |    +0.4% | -229.553 | -651857.562 | _303244_/D
     4010 |       0 |    1694 |            0 |    +0.4% | -229.553 | -651857.562 | _303244_/D
     4020 |       0 |    1716 |            0 |    +0.4% | -229.553 | -651857.562 | _303244_/D
     4030 |       0 |    1734 |            0 |    +0.4% | -229.553 | -651857.562 | _303244_/D
     4040 |       0 |    1754 |            0 |    +0.4% | -229.553 | -651857.562 | _303244_/D
     4050 |       0 |    1774 |            0 |    +0.4% | -229.553 | -651857.562 | _303244_/D
     4060 |       0 |    1794 |            0 |    +0.4% | -229.553 | -651857.562 | _303244_/D
     4070 |       0 |    1816 |            0 |    +0.4% | -229.553 | -651857.562 | _303244_/D
     4080 |       0 |    1836 |            0 |    +0.4% | -229.553 | -651857.562 | _303244_/D
     4090 |       0 |    1856 |            0 |    +0.4% | -229.553 | -651857.562 | _303244_/D
     4100 |       0 |    1876 |            0 |    +0.4% | -229.553 | -651857.562 | _303244_/D
     4110 |       0 |    1896 |            0 |    +0.4% | -229.553 | -651857.562 | _303244_/D
     4120 |       0 |    1918 |            0 |    +0.5% | -229.553 | -651857.562 | _303244_/D
     4130 |       0 |    1936 |            0 |    +0.5% | -229.553 | -651857.562 | _303244_/D
     4140 |       0 |    1956 |            0 |    +0.5% | -229.553 | -651857.562 | _303244_/D
     4150 |       0 |    1978 |            0 |    +0.5% | -229.553 | -651857.562 | _303244_/D
     4160 |       0 |    1998 |            0 |    +0.5% | -229.553 | -651857.562 | _303244_/D
     4170 |       0 |    2018 |            0 |    +0.5% | -229.553 | -651857.562 | _303244_/D
     4180 |       0 |    2040 |            0 |    +0.5% | -229.553 | -651857.562 | _303244_/D
     4190 |       0 |    2058 |            0 |    +0.5% | -229.553 | -651857.562 | _303244_/D
     4200 |       0 |    2078 |            0 |    +0.5% | -229.553 | -651857.562 | _303244_/D
     4210 |       0 |    2100 |            0 |    +0.5% | -229.553 | -651857.562 | _303244_/D
     4220 |       0 |    2120 |            0 |    +0.5% | -229.553 | -651857.562 | _303244_/D
     4230 |       0 |    2140 |            0 |    +0.5% | -229.553 | -651857.562 | _303244_/D
     4240 |       0 |    2162 |            0 |    +0.5% | -229.553 | -651857.562 | _303244_/D
     4250 |       0 |    2180 |            0 |    +0.5% | -229.553 | -651857.562 | _303244_/D
     4260 |       0 |    2204 |            0 |    +0.5% | -229.553 | -651857.562 | _303244_/D
     4270 |       0 |    2224 |            0 |    +0.5% | -229.553 | -651857.562 | _303244_/D
     4280 |       0 |    2246 |            0 |    +0.5% | -229.553 | -651857.562 | _303244_/D
     4290 |       0 |    2268 |            0 |    +0.5% | -229.553 | -651857.562 | _303244_/D
     4300 |       0 |    2286 |            0 |    +0.5% | -229.553 | -651857.562 | _303244_/D
     4310 |       0 |    2306 |            0 |    +0.5% | -229.553 | -651857.562 | _303244_/D
     4320 |       0 |    2326 |            0 |    +0.5% | -229.553 | -651857.562 | _303244_/D
     4330 |       0 |    2348 |            0 |    +0.6% | -229.553 | -651857.562 | _303244_/D
     4340 |       0 |    2370 |            0 |    +0.6% | -229.553 | -651857.562 | _303244_/D
     4350 |       0 |    2394 |            0 |    +0.6% | -229.553 | -651857.562 | _303244_/D
     4360 |       0 |    2414 |            0 |    +0.6% | -229.553 | -651857.562 | _303244_/D
     4370 |       0 |    2430 |            0 |    +0.6% | -229.553 | -651857.562 | _303244_/D
     4380 |       0 |    2456 |            0 |    +0.6% | -229.553 | -651857.562 | _303244_/D
     4390 |       0 |    2474 |            0 |    +0.6% | -229.553 | -651857.562 | _303244_/D
     4400 |       0 |    2496 |            0 |    +0.6% | -229.553 | -651857.562 | _303244_/D
     4410 |       0 |    2516 |            0 |    +0.6% | -229.553 | -651857.562 | _303244_/D
     4420 |       0 |    2538 |            0 |    +0.6% | -229.553 | -651857.562 | _303244_/D
     4430 |       0 |    2558 |            0 |    +0.6% | -229.553 | -651857.562 | _303244_/D
     4440 |       0 |    2578 |            0 |    +0.6% | -229.553 | -651857.562 | _303244_/D
     4450 |       0 |    2596 |            0 |    +0.6% | -229.553 | -651857.562 | _303244_/D
     4460 |       0 |    2618 |            0 |    +0.6% | -229.553 | -651857.562 | _303244_/D
     4470 |       0 |    2636 |            0 |    +0.6% | -229.553 | -651857.562 | _303244_/D
     4480 |       0 |    2656 |            0 |    +0.6% | -229.553 | -651857.562 | _303244_/D
     4490 |       0 |    2678 |            0 |    +0.6% | -229.553 | -651857.562 | _303244_/D
     4500 |       0 |    2698 |            0 |    +0.6% | -229.553 | -651857.562 | _303244_/D
     4510 |       0 |    2720 |            0 |    +0.6% | -229.553 | -651857.562 | _303244_/D
     4520 |       0 |    2742 |            0 |    +0.6% | -229.553 | -651857.562 | _303244_/D
     4530 |       0 |    2758 |            0 |    +0.7% | -229.553 | -651857.562 | _303244_/D
     4540 |       0 |    2782 |            0 |    +0.7% | -229.553 | -651857.562 | _303244_/D
     4550 |       0 |    2804 |            0 |    +0.7% | -229.553 | -651857.562 | _303244_/D
     4560 |       0 |    2828 |            0 |    +0.7% | -229.553 | -651857.562 | _303244_/D
     4570 |       0 |    2844 |            0 |    +0.7% | -229.553 | -651857.562 | _303244_/D
     4580 |       0 |    2862 |            0 |    +0.7% | -229.553 | -651857.562 | _303244_/D
     4590 |       0 |    2882 |            0 |    +0.7% | -229.553 | -651857.562 | _303244_/D
     4600 |       0 |    2902 |            0 |    +0.7% | -229.553 | -651857.562 | _303244_/D
     4610 |       0 |    2924 |            0 |    +0.7% | -229.553 | -651857.562 | _303244_/D
     4620 |       0 |    2944 |            0 |    +0.7% | -229.553 | -651857.562 | _303244_/D
     4630 |       0 |    2964 |            0 |    +0.7% | -229.553 | -651857.562 | _303244_/D
     4640 |       0 |    2982 |            0 |    +0.7% | -229.553 | -651857.562 | _303244_/D
     4650 |       0 |    3002 |            0 |    +0.7% | -229.553 | -651857.562 | _303244_/D
     4660 |       0 |    3020 |            0 |    +0.7% | -229.553 | -651857.562 | _303244_/D
     4670 |       0 |    3040 |            0 |    +0.7% | -229.553 | -651857.562 | _303244_/D
     4680 |       0 |    3060 |            0 |    +0.7% | -229.553 | -651857.562 | _303244_/D
     4690 |       0 |    3082 |            0 |    +0.7% | -229.553 | -651857.562 | _303244_/D
     4700 |       0 |    3106 |            0 |    +0.7% | -229.553 | -651857.562 | _303244_/D
     4710 |       0 |    3126 |            0 |    +0.7% | -229.553 | -651857.562 | _303244_/D
     4720 |       0 |    3144 |            0 |    +0.7% | -229.553 | -651857.562 | _303244_/D
     4730 |       0 |    3164 |            0 |    +0.7% | -229.553 | -651857.562 | _303244_/D
     4740 |       0 |    3184 |            0 |    +0.8% | -229.553 | -651857.562 | _303244_/D
     4750 |       0 |    3208 |            0 |    +0.8% | -229.553 | -651857.562 | _303244_/D
     4760 |       0 |    3228 |            0 |    +0.8% | -229.553 | -651857.562 | _303244_/D
     4770 |       0 |    3246 |            0 |    +0.8% | -229.553 | -651857.562 | _303244_/D
     4780 |       0 |    3272 |            0 |    +0.8% | -229.553 | -651857.562 | _303244_/D
     4790 |       0 |    3294 |            0 |    +0.8% | -229.553 | -651857.562 | _303244_/D
     4800 |       0 |    3318 |            0 |    +0.8% | -229.553 | -651857.562 | _303244_/D
     4810 |       0 |    3336 |            0 |    +0.8% | -229.553 | -651857.562 | _303244_/D
     4820 |       0 |    3356 |            0 |    +0.8% | -229.553 | -651857.562 | _303244_/D
     4830 |       0 |    3376 |            0 |    +0.8% | -229.553 | -651857.562 | _303244_/D
     4840 |       0 |    3396 |            0 |    +0.8% | -229.553 | -651857.562 | _303244_/D
     4850 |       0 |    3414 |            0 |    +0.8% | -229.553 | -651857.562 | _303244_/D
     4860 |       0 |    3434 |            0 |    +0.8% | -229.553 | -651857.562 | _303244_/D
     4870 |       0 |    3456 |            0 |    +0.8% | -229.553 | -651857.562 | _303244_/D
     4880 |       0 |    3476 |            0 |    +0.8% | -229.553 | -651857.562 | _303244_/D
     4890 |       0 |    3492 |            0 |    +0.8% | -229.553 | -651857.562 | _303244_/D
     4900 |       0 |    3512 |            0 |    +0.8% | -229.553 | -651857.562 | _303244_/D
     4910 |       0 |    3530 |            0 |    +0.8% | -229.553 | -651857.562 | _303244_/D
     4920 |       0 |    3550 |            0 |    +0.8% | -229.553 | -651857.562 | _303244_/D
     4930 |       0 |    3570 |            0 |    +0.8% | -229.553 | -651857.562 | _303244_/D
     4940 |       0 |    3590 |            0 |    +0.8% | -229.553 | -651857.562 | _303244_/D
     4950 |       0 |    3608 |            0 |    +0.9% | -229.553 | -651857.562 | _303244_/D
     4960 |       0 |    3632 |            0 |    +0.9% | -229.553 | -651857.562 | _303244_/D
     4970 |       0 |    3654 |            0 |    +0.9% | -229.553 | -651857.562 | _303244_/D
     4980 |       0 |    3674 |            0 |    +0.9% | -229.553 | -651857.562 | _303244_/D
     4990 |       0 |    3692 |            0 |    +0.9% | -229.553 | -651857.562 | _303244_/D
     5000 |       0 |    3714 |            0 |    +0.9% | -229.553 | -651857.562 | _303244_/D
     5010 |       0 |    3732 |            0 |    +0.9% | -229.553 | -651857.562 | _303244_/D
     5020 |       0 |    3752 |            0 |    +0.9% | -229.553 | -651857.562 | _303244_/D
     5030 |       0 |    3770 |            0 |    +0.9% | -229.553 | -651857.562 | _303244_/D
     5040 |       0 |    3792 |            0 |    +0.9% | -229.553 | -651857.562 | _303244_/D
     5050 |       0 |    3812 |            0 |    +0.9% | -229.553 | -651857.562 | _303244_/D
     5060 |       0 |    3832 |            0 |    +0.9% | -229.553 | -651857.562 | _303244_/D
     5070 |       0 |    3852 |            0 |    +0.9% | -229.553 | -651857.562 | _303244_/D
     5080 |       0 |    3870 |            0 |    +0.9% | -229.553 | -651857.562 | _303244_/D
     5090 |       0 |    3890 |            0 |    +0.9% | -229.553 | -651857.562 | _303244_/D
     5100 |       0 |    3910 |            0 |    +0.9% | -229.553 | -651857.562 | _303244_/D
     5110 |       0 |    3932 |            0 |    +0.9% | -229.553 | -651857.562 | _303244_/D
     5120 |       0 |    3952 |            0 |    +0.9% | -229.553 | -651857.562 | _303244_/D
     5130 |       0 |    3974 |            0 |    +0.9% | -229.553 | -651857.562 | _303244_/D
     5140 |       0 |    3996 |            0 |    +0.9% | -229.553 | -651857.562 | _303244_/D
     5150 |       0 |    4014 |            0 |    +0.9% | -229.553 | -651857.562 | _303244_/D
     5160 |       0 |    4030 |            0 |    +1.0% | -229.553 | -651857.562 | _303244_/D
     5170 |       0 |    4050 |            0 |    +1.0% | -229.553 | -651857.562 | _303244_/D
     5180 |       0 |    4072 |            0 |    +1.0% | -229.553 | -651857.562 | _303244_/D
     5190 |       0 |    4090 |            0 |    +1.0% | -229.553 | -651857.562 | _303244_/D
     5200 |       0 |    4110 |            0 |    +1.0% | -229.553 | -651857.562 | _303244_/D
     5210 |       0 |    4130 |            0 |    +1.0% | -229.553 | -651857.562 | _303244_/D
     5220 |       0 |    4150 |            0 |    +1.0% | -229.553 | -651857.562 | _303244_/D
     5230 |       0 |    4170 |            0 |    +1.0% | -229.553 | -651857.562 | _303244_/D
     5240 |       0 |    4190 |            0 |    +1.0% | -229.553 | -651857.562 | _303244_/D
     5250 |       0 |    4210 |            0 |    +1.0% | -229.553 | -651857.562 | _303244_/D
     5260 |       0 |    4230 |            0 |    +1.0% | -229.553 | -651857.562 | _303244_/D
     5270 |       0 |    4250 |            0 |    +1.0% | -229.553 | -651857.562 | _303244_/D
     5280 |       0 |    4270 |            0 |    +1.0% | -229.553 | -651857.562 | _303244_/D
     5290 |       0 |    4290 |            0 |    +1.0% | -229.553 | -651857.562 | _303244_/D
     5300 |       0 |    4310 |            0 |    +1.0% | -229.553 | -651857.562 | _303244_/D
     5310 |       0 |    4330 |            0 |    +1.0% | -229.553 | -651857.562 | _303244_/D
     5320 |       0 |    4352 |            0 |    +1.0% | -229.553 | -651857.562 | _303244_/D
     5330 |       0 |    4370 |            0 |    +1.0% | -229.553 | -651857.562 | _303244_/D
     5340 |       0 |    4390 |            0 |    +1.0% | -229.553 | -651857.562 | _303244_/D
     5350 |       0 |    4410 |            0 |    +1.0% | -229.553 | -651857.562 | _303244_/D
     5360 |       0 |    4430 |            0 |    +1.0% | -229.553 | -651857.562 | _303244_/D
     5370 |       0 |    4450 |            0 |    +1.0% | -229.553 | -651857.562 | _303244_/D
     5380 |       0 |    4470 |            0 |    +1.1% | -229.553 | -651857.562 | _303244_/D
     5390 |       0 |    4490 |            0 |    +1.1% | -229.553 | -651857.562 | _303244_/D
     5400 |       0 |    4510 |            0 |    +1.1% | -229.553 | -651857.562 | _303244_/D
     5410 |       0 |    4530 |            0 |    +1.1% | -229.553 | -651857.562 | _303244_/D
     5420 |       0 |    4552 |            0 |    +1.1% | -229.553 | -651857.562 | _303244_/D
     5430 |       0 |    4574 |            0 |    +1.1% | -229.553 | -651857.562 | _303244_/D
     5440 |       0 |    4594 |            0 |    +1.1% | -229.553 | -651857.562 | _303244_/D
     5450 |       0 |    4614 |            0 |    +1.1% | -229.553 | -651857.562 | _303244_/D
     5460 |       0 |    4636 |            0 |    +1.1% | -229.553 | -651857.562 | _303244_/D
     5470 |       0 |    4660 |            0 |    +1.1% | -229.553 | -651857.562 | _303244_/D
     5480 |       0 |    4680 |            0 |    +1.1% | -229.553 | -651857.562 | _303244_/D
     5490 |       0 |    4700 |            0 |    +1.1% | -229.553 | -651857.562 | _303244_/D
     5500 |       0 |    4720 |            0 |    +1.1% | -229.553 | -651857.562 | _303244_/D
     5510 |       0 |    4740 |            0 |    +1.1% | -229.553 | -651857.562 | _303244_/D
     5520 |       0 |    4760 |            0 |    +1.1% | -229.553 | -651857.562 | _303244_/D
     5530 |       0 |    4780 |            0 |    +1.1% | -229.553 | -651857.562 | _303244_/D
     5540 |       0 |    4798 |            0 |    +1.1% | -229.553 | -651857.562 | _303244_/D
     5550 |       0 |    4816 |            0 |    +1.1% | -229.553 | -651857.562 | _303244_/D
     5560 |       0 |    4836 |            0 |    +1.1% | -229.553 | -651857.562 | _303244_/D
     5570 |       0 |    4856 |            0 |    +1.1% | -229.553 | -651857.562 | _303244_/D
     5580 |       0 |    4876 |            0 |    +1.1% | -229.553 | -651857.562 | _303244_/D
     5590 |       0 |    4898 |            0 |    +1.2% | -229.553 | -651857.562 | _303244_/D
     5600 |       0 |    4918 |            0 |    +1.2% | -229.553 | -651857.562 | _303244_/D
     5610 |       0 |    4940 |            0 |    +1.2% | -229.553 | -651857.562 | _303244_/D
     5620 |       0 |    4962 |            0 |    +1.2% | -229.553 | -651857.562 | _303244_/D
     5630 |       0 |    4982 |            0 |    +1.2% | -229.553 | -651857.562 | _303244_/D
     5640 |       0 |    5002 |            0 |    +1.2% | -229.553 | -651857.562 | _303244_/D
     5650 |       0 |    5022 |            0 |    +1.2% | -229.553 | -651857.562 | _303244_/D
     5660 |       0 |    5042 |            0 |    +1.2% | -229.553 | -651857.562 | _303244_/D
     5670 |       0 |    5062 |            0 |    +1.2% | -229.553 | -651857.562 | _303244_/D
     5680 |       0 |    5082 |            0 |    +1.2% | -229.553 | -651857.562 | _303244_/D
     5690 |       0 |    5100 |            0 |    +1.2% | -229.553 | -651857.562 | _303244_/D
     5700 |       0 |    5120 |            0 |    +1.2% | -229.553 | -651857.562 | _303244_/D
     5710 |       0 |    5140 |            0 |    +1.2% | -229.553 | -651857.562 | _303244_/D
     5720 |       0 |    5160 |            0 |    +1.2% | -229.553 | -651857.562 | _303244_/D
     5730 |       0 |    5180 |            0 |    +1.2% | -229.553 | -651857.562 | _303244_/D
     5740 |       0 |    5200 |            0 |    +1.2% | -229.553 | -651857.562 | _303244_/D
     5750 |       0 |    5222 |            0 |    +1.2% | -229.553 | -651857.562 | _303244_/D
     5760 |       0 |    5242 |            0 |    +1.2% | -229.553 | -651857.562 | _303244_/D
     5770 |       0 |    5260 |            0 |    +1.2% | -229.553 | -651857.562 | _303244_/D
     5780 |       0 |    5280 |            0 |    +1.2% | -229.553 | -651857.562 | _303244_/D
     5790 |       0 |    5300 |            0 |    +1.2% | -229.553 | -651857.562 | _303244_/D
     5800 |       0 |    5322 |            0 |    +1.3% | -229.553 | -651857.562 | _303244_/D
     5810 |       0 |    5340 |            0 |    +1.3% | -229.553 | -651857.562 | _303244_/D
     5820 |       0 |    5360 |            0 |    +1.3% | -229.553 | -651857.562 | _303244_/D
     5830 |       0 |    5382 |            0 |    +1.3% | -229.553 | -651857.562 | _303244_/D
     5840 |       0 |    5402 |            0 |    +1.3% | -229.553 | -651857.562 | _303244_/D
     5850 |       0 |    5424 |            0 |    +1.3% | -229.553 | -651857.562 | _303244_/D
     5860 |       0 |    5444 |            0 |    +1.3% | -229.553 | -651857.562 | _303244_/D
     5870 |       0 |    5466 |            0 |    +1.3% | -229.553 | -651857.562 | _303244_/D
     5880 |       0 |    5488 |            0 |    +1.3% | -229.553 | -651857.562 | _303244_/D
     5890 |       0 |    5508 |            0 |    +1.3% | -229.553 | -651857.562 | _303244_/D
     5900 |       0 |    5528 |            0 |    +1.3% | -229.553 | -651857.562 | _303244_/D
     5910 |       0 |    5544 |            0 |    +1.3% | -229.553 | -651857.562 | _303244_/D
     5920 |       0 |    5564 |            0 |    +1.3% | -229.553 | -651857.562 | _303244_/D
     5930 |       0 |    5584 |            0 |    +1.3% | -229.553 | -651857.562 | _303244_/D
     5940 |       0 |    5602 |            0 |    +1.3% | -229.553 | -651857.562 | _303244_/D
     5950 |       0 |    5622 |            0 |    +1.3% | -229.553 | -651857.562 | _303244_/D
     5960 |       0 |    5642 |            0 |    +1.3% | -229.553 | -651857.562 | _303244_/D
     5970 |       0 |    5664 |            0 |    +1.3% | -229.553 | -651857.562 | _303244_/D
     5980 |       0 |    5684 |            0 |    +1.3% | -229.553 | -651857.562 | _303244_/D
     5990 |       0 |    5704 |            0 |    +1.3% | -229.553 | -651857.562 | _303244_/D
     6000 |       0 |    5724 |            0 |    +1.3% | -229.553 | -651857.562 | _303244_/D
     6010 |       0 |    5742 |            0 |    +1.4% | -229.553 | -651857.562 | _303244_/D
     6020 |       0 |    5762 |            0 |    +1.4% | -229.553 | -651857.562 | _303244_/D
     6030 |       0 |    5782 |            0 |    +1.4% | -229.553 | -651857.562 | _303244_/D
     6040 |       0 |    5802 |            0 |    +1.4% | -229.553 | -651857.562 | _303244_/D
     6050 |       0 |    5824 |            0 |    +1.4% | -229.553 | -651857.562 | _303244_/D
     6060 |       0 |    5846 |            0 |    +1.4% | -229.553 | -651857.562 | _303244_/D
     6070 |       0 |    5864 |            0 |    +1.4% | -229.553 | -651857.562 | _303244_/D
     6080 |       0 |    5884 |            0 |    +1.4% | -229.553 | -651857.562 | _303244_/D
     6090 |       0 |    5902 |            0 |    +1.4% | -229.553 | -651857.562 | _303244_/D
     6100 |       0 |    5922 |            0 |    +1.4% | -229.553 | -651857.562 | _303244_/D
     6110 |       0 |    5940 |            0 |    +1.4% | -229.553 | -651857.562 | _303244_/D
     6120 |       0 |    5964 |            0 |    +1.4% | -229.553 | -651857.562 | _303244_/D
     6130 |       0 |    5984 |            0 |    +1.4% | -229.553 | -651857.562 | _303244_/D
     6140 |       0 |    6002 |            0 |    +1.4% | -229.553 | -651857.562 | _303244_/D
     6150 |       0 |    6022 |            0 |    +1.4% | -229.553 | -651857.562 | _303244_/D
     6160 |       0 |    6042 |            0 |    +1.4% | -229.553 | -651857.562 | _303244_/D
     6170 |       0 |    6064 |            0 |    +1.4% | -229.553 | -651857.562 | _303244_/D
     6180 |       0 |    6083 |            0 |    +1.4% | -229.553 | -651857.562 | _303244_/D
     6190 |       0 |    6103 |            0 |    +1.4% | -229.553 | -651857.562 | _303244_/D
     6200 |       0 |    6123 |            0 |    +1.4% | -229.553 | -651857.562 | _303244_/D
     6210 |       0 |    6145 |            0 |    +1.4% | -229.553 | -651857.562 | _303244_/D
     6220 |       0 |    6163 |            0 |    +1.5% | -229.553 | -651857.562 | _303244_/D
     6230 |       0 |    6181 |            0 |    +1.5% | -229.553 | -651857.562 | _303244_/D
     6240 |       0 |    6201 |            0 |    +1.5% | -229.553 | -651857.562 | _303244_/D
     6250 |       0 |    6217 |            0 |    +1.5% | -229.553 | -651857.562 | _303244_/D
     6260 |       0 |    6237 |            0 |    +1.5% | -229.553 | -651857.562 | _303244_/D
     6270 |       0 |    6257 |            0 |    +1.5% | -229.553 | -651857.562 | _303244_/D
     6280 |       0 |    6277 |            0 |    +1.5% | -229.553 | -651857.562 | _303244_/D
     6290 |       0 |    6297 |            0 |    +1.5% | -229.553 | -651857.562 | _303244_/D
     6300 |       0 |    6317 |            0 |    +1.5% | -229.553 | -651857.562 | _303244_/D
     6310 |       0 |    6337 |            0 |    +1.5% | -229.553 | -651857.562 | _303244_/D
     6320 |       0 |    6357 |            0 |    +1.5% | -229.553 | -651857.562 | _303244_/D
     6330 |       0 |    6377 |            0 |    +1.5% | -229.553 | -651857.562 | _303244_/D
     6340 |       0 |    6401 |            0 |    +1.5% | -229.553 | -651857.562 | _303244_/D
     6350 |       0 |    6419 |            0 |    +1.5% | -229.553 | -651857.562 | _303244_/D
     6360 |       0 |    6441 |            0 |    +1.5% | -229.553 | -651857.562 | _303244_/D
     6370 |       0 |    6461 |            0 |    +1.5% | -229.553 | -651857.562 | _303244_/D
     6380 |       0 |    6483 |            0 |    +1.5% | -229.553 | -651857.562 | _303244_/D
     6390 |       0 |    6501 |            0 |    +1.5% | -229.553 | -651857.562 | _303244_/D
     6400 |       0 |    6519 |            0 |    +1.5% | -229.553 | -651857.562 | _303244_/D
     6410 |       0 |    6539 |            0 |    +1.5% | -229.553 | -651857.562 | _303244_/D
     6420 |       0 |    6559 |            0 |    +1.5% | -229.553 | -651857.562 | _303244_/D
     6430 |       0 |    6579 |            0 |    +1.6% | -229.553 | -651857.562 | _303244_/D
     6440 |       0 |    6601 |            0 |    +1.6% | -229.553 | -651857.562 | _303244_/D
     6450 |       0 |    6621 |            0 |    +1.6% | -229.553 | -651857.562 | _303244_/D
     6460 |       0 |    6641 |            0 |    +1.6% | -229.553 | -651857.562 | _303244_/D
     6470 |       0 |    6661 |            0 |    +1.6% | -229.553 | -651857.562 | _303244_/D
     6480 |       0 |    6681 |            0 |    +1.6% | -229.553 | -651857.562 | _303244_/D
     6490 |       0 |    6701 |            0 |    +1.6% | -229.553 | -651857.562 | _303244_/D
     6500 |       0 |    6721 |            0 |    +1.6% | -229.553 | -651857.562 | _303244_/D
     6510 |       0 |    6741 |            0 |    +1.6% | -229.553 | -651857.562 | _303244_/D
     6520 |       0 |    6761 |            0 |    +1.6% | -229.553 | -651857.562 | _303244_/D
     6530 |       0 |    6781 |            0 |    +1.6% | -229.553 | -651857.562 | _303244_/D
     6540 |       0 |    6801 |            0 |    +1.6% | -229.553 | -651857.562 | _303244_/D
     6550 |       0 |    6819 |            0 |    +1.6% | -229.553 | -651857.562 | _303244_/D
     6560 |       0 |    6839 |            0 |    +1.6% | -229.553 | -651857.562 | _303244_/D
     6570 |       0 |    6861 |            0 |    +1.6% | -229.553 | -651857.562 | _303244_/D
     6580 |       0 |    6883 |            0 |    +1.6% | -229.553 | -651857.562 | _303244_/D
     6590 |       0 |    6903 |            0 |    +1.6% | -229.553 | -651857.562 | _303244_/D
     6600 |       0 |    6925 |            0 |    +1.6% | -229.553 | -651857.562 | _303244_/D
     6610 |       0 |    6945 |            0 |    +1.6% | -229.553 | -651857.562 | _303244_/D
     6620 |       0 |    6967 |            0 |    +1.6% | -229.553 | -651857.562 | _303244_/D
     6630 |       0 |    6989 |            0 |    +1.6% | -229.553 | -651857.562 | _303244_/D
     6640 |       0 |    7007 |            0 |    +1.7% | -229.553 | -651857.562 | _303244_/D
     6650 |       0 |    7025 |            0 |    +1.7% | -229.553 | -651857.562 | _303244_/D
     6660 |       0 |    7045 |            0 |    +1.7% | -229.553 | -651857.562 | _303244_/D
     6670 |       0 |    7063 |            0 |    +1.7% | -229.553 | -651857.562 | _303244_/D
     6680 |       0 |    7083 |            0 |    +1.7% | -229.553 | -651857.562 | _303244_/D
     6690 |       0 |    7103 |            0 |    +1.7% | -229.553 | -651857.562 | _303244_/D
     6700 |       0 |    7125 |            0 |    +1.7% | -229.553 | -651857.562 | _303244_/D
     6710 |       0 |    7147 |            0 |    +1.7% | -229.553 | -651857.562 | _303244_/D
     6720 |       0 |    7167 |            0 |    +1.7% | -229.553 | -651857.562 | _303244_/D
     6730 |       0 |    7185 |            0 |    +1.7% | -229.553 | -651857.562 | _303244_/D
     6740 |       0 |    7205 |            0 |    +1.7% | -229.553 | -651857.562 | _303244_/D
     6750 |       0 |    7225 |            0 |    +1.7% | -229.553 | -651857.562 | _303244_/D
     6760 |       0 |    7247 |            0 |    +1.7% | -229.553 | -651857.562 | _303244_/D
     6770 |       0 |    7268 |            0 |    +1.7% | -229.553 | -651857.562 | _303244_/D
     6780 |       0 |    7288 |            0 |    +1.7% | -229.553 | -651857.562 | _303244_/D
     6790 |       0 |    7308 |            0 |    +1.7% | -229.553 | -651857.562 | _303244_/D
     6800 |       0 |    7328 |            0 |    +1.7% | -229.553 | -651857.562 | _303244_/D
     6810 |       0 |    7353 |            0 |    +1.7% | -229.553 | -651857.562 | _303244_/D
     6820 |       0 |    7371 |            0 |    +1.7% | -229.553 | -651857.562 | _303244_/D
     6830 |       0 |    7388 |            0 |    +1.7% | -229.553 | -651857.562 | _303244_/D
     6840 |       0 |    7406 |            0 |    +1.7% | -229.553 | -651857.562 | _303244_/D
     6850 |       0 |    7424 |            0 |    +1.8% | -229.553 | -651857.562 | _303244_/D
     6860 |       0 |    7446 |            0 |    +1.8% | -229.553 | -651857.562 | _303244_/D
     6870 |       0 |    7465 |            0 |    +1.8% | -229.553 | -651857.562 | _303244_/D
     6880 |       0 |    7486 |            0 |    +1.8% | -229.553 | -651857.562 | _303244_/D
     6890 |       0 |    7504 |            0 |    +1.8% | -229.553 | -651857.562 | _303244_/D
     6900 |       0 |    7528 |            0 |    +1.8% | -229.553 | -651857.562 | _303244_/D
     6910 |       0 |    7548 |            0 |    +1.8% | -229.553 | -651857.562 | _303244_/D
     6920 |       0 |    7568 |            0 |    +1.8% | -229.553 | -651857.562 | _303244_/D
     6930 |       0 |    7587 |            0 |    +1.8% | -229.553 | -651857.562 | _303244_/D
     6940 |       0 |    7609 |            0 |    +1.8% | -229.553 | -651857.562 | _303244_/D
     6950 |       0 |    7631 |            0 |    +1.8% | -229.553 | -651857.562 | _303244_/D
     6960 |       0 |    7649 |            0 |    +1.8% | -229.553 | -651857.562 | _303244_/D
     6970 |       0 |    7670 |            0 |    +1.8% | -229.553 | -651857.562 | _303244_/D
     6980 |       0 |    7688 |            0 |    +1.8% | -229.553 | -651857.562 | _303244_/D
     6990 |       0 |    7706 |            0 |    +1.8% | -229.553 | -651857.562 | _303244_/D
     7000 |       0 |    7727 |            0 |    +1.8% | -229.553 | -651857.562 | _303244_/D
     7010 |       0 |    7748 |            0 |    +1.8% | -229.553 | -651857.562 | _303244_/D
     7020 |       0 |    7766 |            0 |    +1.8% | -229.553 | -651857.562 | _303244_/D
     7030 |       0 |    7786 |            0 |    +1.8% | -229.553 | -651857.562 | _303244_/D
     7040 |       0 |    7804 |            0 |    +1.8% | -229.553 | -651857.562 | _303244_/D
     7050 |       0 |    7822 |            0 |    +1.8% | -229.553 | -651857.562 | _303244_/D
     7060 |       0 |    7846 |            0 |    +1.9% | -229.553 | -651857.562 | _303244_/D
     7070 |       0 |    7864 |            0 |    +1.9% | -229.553 | -651857.562 | _303244_/D
     7080 |       0 |    7886 |            0 |    +1.9% | -229.553 | -651857.562 | _303244_/D
     7090 |       0 |    7904 |            0 |    +1.9% | -229.553 | -651857.562 | _303244_/D
     7100 |       0 |    7923 |            0 |    +1.9% | -229.553 | -651857.562 | _303244_/D
     7110 |       0 |    7943 |            0 |    +1.9% | -229.553 | -651857.562 | _303244_/D
     7120 |       0 |    7964 |            0 |    +1.9% | -229.553 | -651857.562 | _303244_/D
     7130 |       0 |    7980 |            0 |    +1.9% | -229.553 | -651857.562 | _303244_/D
     7140 |       0 |    8001 |            0 |    +1.9% | -229.553 | -651857.562 | _303244_/D
     7150 |       0 |    8021 |            0 |    +1.9% | -229.553 | -651857.562 | _303244_/D
     7160 |       0 |    8041 |            0 |    +1.9% | -229.553 | -651857.562 | _303244_/D
     7170 |       0 |    8059 |            0 |    +1.9% | -229.553 | -651857.562 | _303244_/D
     7180 |       0 |    8077 |            0 |    +1.9% | -229.553 | -651857.562 | _303244_/D
     7190 |       0 |    8097 |            0 |    +1.9% | -229.553 | -651857.562 | _303244_/D
     7200 |       0 |    8117 |            0 |    +1.9% | -229.553 | -651857.562 | _303244_/D
     7210 |       0 |    8136 |            0 |    +1.9% | -229.553 | -651857.562 | _303244_/D
     7220 |       0 |    8156 |            0 |    +1.9% | -229.553 | -651857.562 | _303244_/D
     7230 |       0 |    8177 |            0 |    +1.9% | -229.553 | -651857.562 | _303244_/D
     7240 |       0 |    8200 |            0 |    +1.9% | -229.553 | -651857.562 | _303244_/D
     7250 |       0 |    8220 |            0 |    +1.9% | -229.553 | -651857.562 | _303244_/D
     7260 |       0 |    8242 |            0 |    +1.9% | -229.553 | -651857.562 | _303244_/D
     7270 |       0 |    8258 |            0 |    +1.9% | -229.553 | -651857.562 | _303244_/D
     7280 |       0 |    8281 |            0 |    +2.0% | -229.553 | -651857.562 | _303244_/D
     7290 |       0 |    8299 |            0 |    +2.0% | -229.553 | -651857.562 | _303244_/D
     7300 |       0 |    8318 |            0 |    +2.0% | -229.553 | -651857.562 | _303244_/D
     7310 |       0 |    8341 |            0 |    +2.0% | -229.553 | -651857.562 | _303244_/D
     7320 |       0 |    8361 |            0 |    +2.0% | -229.553 | -651857.562 | _303244_/D
     7330 |       0 |    8382 |            0 |    +2.0% | -229.553 | -651857.562 | _303244_/D
     7340 |       0 |    8398 |            0 |    +2.0% | -229.553 | -651857.562 | _303244_/D
     7350 |       0 |    8417 |            0 |    +2.0% | -229.553 | -651857.562 | _303244_/D
     7360 |       0 |    8435 |            0 |    +2.0% | -229.553 | -651857.562 | _303244_/D
     7370 |       0 |    8458 |            0 |    +2.0% | -229.553 | -651857.562 | _303244_/D
     7380 |       0 |    8477 |            0 |    +2.0% | -229.553 | -651857.562 | _303244_/D
     7390 |       0 |    8497 |            0 |    +2.0% | -229.553 | -651857.562 | _303244_/D
     7400 |       0 |    8518 |            0 |    +2.0% | -229.553 | -651857.562 | _303244_/D
     7410 |       0 |    8539 |            0 |    +2.0% | -229.553 | -651857.562 | _303244_/D
     7420 |       0 |    8559 |            0 |    +2.0% | -229.553 | -651857.562 | _303244_/D
     7430 |       0 |    8575 |            0 |    +2.0% | -229.553 | -651857.562 | _303244_/D
     7440 |       0 |    8596 |            0 |    +2.0% | -229.553 | -651857.562 | _303244_/D
     7450 |       0 |    8613 |            0 |    +2.0% | -229.553 | -651857.562 | _303244_/D
     7460 |       0 |    8634 |            0 |    +2.0% | -229.553 | -651857.562 | _303244_/D
     7470 |       0 |    8654 |            0 |    +2.0% | -229.553 | -651857.562 | _303244_/D
     7480 |       0 |    8673 |            0 |    +2.0% | -229.553 | -651857.562 | _303244_/D
     7490 |       0 |    8695 |            0 |    +2.1% | -229.553 | -651857.562 | _303244_/D
     7500 |       0 |    8711 |            0 |    +2.1% | -229.553 | -651857.562 | _303244_/D
     7510 |       0 |    8730 |            0 |    +2.1% | -229.553 | -651857.562 | _303244_/D
     7520 |       0 |    8751 |            0 |    +2.1% | -229.553 | -651857.562 | _303244_/D
     7530 |       0 |    8773 |            0 |    +2.1% | -229.553 | -651857.562 | _303244_/D
     7540 |       0 |    8791 |            0 |    +2.1% | -229.553 | -651857.562 | _303244_/D
     7550 |       0 |    8809 |            0 |    +2.1% | -229.553 | -651857.562 | _303244_/D
     7560 |       0 |    8828 |            0 |    +2.1% | -229.553 | -651857.562 | _303244_/D
     7570 |       0 |    8845 |            0 |    +2.1% | -229.553 | -651857.562 | _303244_/D
     7580 |       0 |    8858 |            0 |    +2.1% | -229.553 | -651857.562 | _303244_/D
     7590 |       0 |    8878 |            0 |    +2.1% | -229.553 | -651857.562 | _303244_/D
     7600 |       0 |    8896 |            0 |    +2.1% | -229.553 | -651857.562 | _303244_/D
     7610 |       0 |    8918 |            0 |    +2.1% | -229.553 | -651857.562 | _303244_/D
     7620 |       0 |    8939 |            0 |    +2.1% | -229.553 | -651857.562 | _303244_/D
     7630 |       0 |    8963 |            0 |    +2.1% | -229.553 | -651857.562 | _303244_/D
     7640 |       0 |    8981 |            0 |    +2.1% | -229.553 | -651857.562 | _303244_/D
     7650 |       0 |    9001 |            0 |    +2.1% | -229.553 | -651857.562 | _303244_/D
     7660 |       0 |    9020 |            0 |    +2.1% | -229.553 | -651857.562 | _303244_/D
     7670 |       0 |    9038 |            0 |    +2.1% | -229.553 | -651857.562 | _303244_/D
     7680 |       0 |    9061 |            0 |    +2.1% | -229.553 | -651857.562 | _303244_/D
     7690 |       0 |    9078 |            0 |    +2.1% | -229.553 | -651857.562 | _303244_/D
     7700 |       0 |    9093 |            0 |    +2.1% | -229.553 | -651857.562 | _303244_/D
     7710 |       0 |    9113 |            0 |    +2.1% | -229.553 | -651857.562 | _303244_/D
     7720 |       0 |    9135 |            0 |    +2.2% | -229.553 | -651857.562 | _303244_/D
     7730 |       0 |    9153 |            0 |    +2.2% | -229.553 | -651857.562 | _303244_/D
     7740 |       0 |    9170 |            0 |    +2.2% | -229.553 | -651857.562 | _303244_/D
     7750 |       0 |    9188 |            0 |    +2.2% | -229.553 | -651857.562 | _303244_/D
     7760 |       0 |    9208 |            0 |    +2.2% | -229.553 | -651857.562 | _303244_/D
     7770 |       0 |    9231 |            0 |    +2.2% | -229.553 | -651857.562 | _303244_/D
     7780 |       0 |    9251 |            0 |    +2.2% | -229.553 | -651857.562 | _303244_/D
     7790 |       0 |    9271 |            0 |    +2.2% | -229.553 | -651857.562 | _303244_/D
     7800 |       0 |    9293 |            0 |    +2.2% | -229.553 | -651857.562 | _303244_/D
     7810 |       0 |    9313 |            0 |    +2.2% | -229.553 | -651857.562 | _303244_/D
     7820 |       0 |    9331 |            0 |    +2.2% | -229.553 | -651857.562 | _303244_/D
     7830 |       0 |    9349 |            0 |    +2.2% | -229.553 | -651857.562 | _303244_/D
     7840 |       0 |    9370 |            0 |    +2.2% | -229.553 | -651857.562 | _303244_/D
     7850 |       0 |    9386 |            0 |    +2.2% | -229.553 | -651857.562 | _303244_/D
     7860 |       0 |    9406 |            0 |    +2.2% | -229.553 | -651857.562 | _303244_/D
     7870 |       0 |    9429 |            0 |    +2.2% | -229.553 | -651857.562 | _303244_/D
     7880 |       0 |    9450 |            0 |    +2.2% | -229.553 | -651857.562 | _303244_/D
     7890 |       0 |    9463 |            0 |    +2.2% | -229.553 | -651857.562 | _303244_/D
     7900 |       0 |    9483 |            0 |    +2.2% | -229.553 | -651857.562 | _303244_/D
     7910 |       0 |    9503 |            0 |    +2.2% | -229.553 | -651857.562 | _303244_/D
     7920 |       0 |    9526 |            0 |    +2.2% | -229.553 | -651857.562 | _303244_/D
     7930 |       0 |    9541 |            0 |    +2.3% | -229.553 | -651857.562 | _303244_/D
     7940 |       0 |    9561 |            0 |    +2.3% | -229.553 | -651857.562 | _303244_/D
     7950 |       0 |    9580 |            0 |    +2.3% | -229.553 | -651857.562 | _303244_/D
     7960 |       0 |    9592 |            0 |    +2.3% | -229.553 | -651857.562 | _303244_/D
     7970 |       0 |    9612 |            0 |    +2.3% | -229.553 | -651857.562 | _303244_/D
     7980 |       0 |    9631 |            0 |    +2.3% | -229.553 | -651857.562 | _303244_/D
     7990 |       0 |    9650 |            0 |    +2.3% | -229.553 | -651857.562 | _303244_/D
     8000 |       0 |    9668 |            0 |    +2.3% | -229.553 | -651857.562 | _303244_/D
     8010 |       0 |    9692 |            0 |    +2.3% | -229.553 | -651857.562 | _303244_/D
     8020 |       0 |    9713 |            0 |    +2.3% | -229.553 | -651857.562 | _303244_/D
     8030 |       0 |    9729 |            0 |    +2.3% | -229.553 | -651857.562 | _303244_/D
     8040 |       0 |    9746 |            0 |    +2.3% | -229.553 | -651857.562 | _303244_/D
     8050 |       0 |    9769 |            0 |    +2.3% | -229.553 | -651857.562 | _303244_/D
     8060 |       0 |    9788 |            0 |    +2.3% | -229.553 | -651857.562 | _303244_/D
     8070 |       0 |    9804 |            0 |    +2.3% | -229.553 | -651857.562 | _303244_/D
     8080 |       0 |    9821 |            0 |    +2.3% | -229.553 | -651857.562 | _303244_/D
     8090 |       0 |    9839 |            0 |    +2.3% | -229.553 | -651857.562 | _303244_/D
     8100 |       0 |    9857 |            0 |    +2.3% | -229.553 | -651857.562 | _303244_/D
     8110 |       0 |    9873 |            0 |    +2.3% | -229.553 | -651857.562 | _303244_/D
     8120 |       0 |    9888 |            0 |    +2.3% | -229.553 | -651857.562 | _303244_/D
     8130 |       0 |    9910 |            0 |    +2.3% | -229.553 | -651857.562 | _303244_/D
     8140 |       0 |    9929 |            0 |    +2.3% | -229.553 | -651857.562 | _303244_/D
     8150 |       0 |    9948 |            0 |    +2.3% | -229.553 | -651857.562 | _303244_/D
     8160 |       0 |    9963 |            0 |    +2.3% | -229.553 | -651857.562 | _303244_/D
     8170 |       0 |    9980 |            0 |    +2.4% | -229.553 | -651857.562 | _303244_/D
     8180 |       0 |   10000 |            0 |    +2.4% | -229.553 | -651857.562 | _303244_/D
     8190 |       0 |   10016 |            0 |    +2.4% | -229.553 | -651857.562 | _303244_/D
     8200 |       0 |   10028 |            0 |    +2.4% | -229.553 | -651857.562 | _303244_/D
     8210 |       0 |   10048 |            0 |    +2.4% | -229.553 | -651857.562 | _303244_/D
     8220 |       0 |   10068 |            0 |    +2.4% | -229.553 | -651857.562 | _303244_/D
     8230 |       0 |   10089 |            0 |    +2.4% | -229.553 | -651857.562 | _303244_/D
     8240 |       0 |   10107 |            0 |    +2.4% | -229.553 | -651857.562 | _303244_/D
     8250 |       0 |   10126 |            0 |    +2.4% | -229.553 | -651857.562 | _303244_/D
     8260 |       0 |   10146 |            0 |    +2.4% | -229.553 | -651857.562 | _303244_/D
     8270 |       0 |   10158 |            0 |    +2.4% | -229.553 | -651857.562 | _303244_/D
     8280 |       0 |   10176 |            0 |    +2.4% | -229.553 | -651857.562 | _303244_/D
     8290 |       0 |   10189 |            0 |    +2.4% | -229.553 | -651857.562 | _303244_/D
     8300 |       0 |   10211 |            0 |    +2.4% | -229.553 | -651857.562 | _303244_/D
     8310 |       0 |   10229 |            0 |    +2.4% | -229.553 | -651857.562 | _303244_/D
     8320 |       0 |   10246 |            0 |    +2.4% | -229.553 | -651857.562 | _303244_/D
     8330 |       0 |   10264 |            0 |    +2.4% | -229.553 | -651857.562 | _303244_/D
     8340 |       0 |   10283 |            0 |    +2.4% | -229.553 | -651857.562 | _303244_/D
     8350 |       0 |   10305 |            0 |    +2.4% | -229.553 | -651857.562 | _303244_/D
     8360 |       0 |   10318 |            0 |    +2.4% | -229.553 | -651857.562 | _303244_/D
     8370 |       0 |   10339 |            0 |    +2.4% | -229.553 | -651857.562 | _303244_/D
     8380 |       0 |   10358 |            0 |    +2.4% | -229.553 | -651857.562 | _303244_/D
     8390 |       0 |   10374 |            0 |    +2.4% | -229.553 | -651857.562 | _303244_/D
     8400 |       0 |   10399 |            0 |    +2.5% | -229.553 | -651857.562 | _303244_/D
     8410 |       0 |   10412 |            0 |    +2.5% | -229.553 | -651857.562 | _303244_/D
     8420 |       0 |   10433 |            0 |    +2.5% | -229.553 | -651857.562 | _303244_/D
     8430 |       0 |   10447 |            0 |    +2.5% | -229.553 | -651857.562 | _303244_/D
     8440 |       0 |   10466 |            0 |    +2.5% | -229.553 | -651857.562 | _303244_/D
     8450 |       0 |   10484 |            0 |    +2.5% | -229.553 | -651857.562 | _303244_/D
     8460 |       0 |   10500 |            0 |    +2.5% | -229.553 | -651857.562 | _303244_/D
     8470 |       0 |   10516 |            0 |    +2.5% | -229.553 | -651857.562 | _303244_/D
     8480 |       0 |   10529 |            0 |    +2.5% | -229.553 | -651857.562 | _303244_/D
     8490 |       0 |   10546 |            0 |    +2.5% | -229.553 | -651857.562 | _303244_/D
     8500 |       0 |   10565 |            0 |    +2.5% | -229.553 | -651857.562 | _303244_/D
     8510 |       0 |   10586 |            0 |    +2.5% | -229.553 | -651857.562 | _303244_/D
     8520 |       0 |   10608 |            0 |    +2.5% | -229.553 | -651857.562 | _303244_/D
     8530 |       0 |   10625 |            0 |    +2.5% | -229.553 | -651857.562 | _303244_/D
     8540 |       0 |   10641 |            0 |    +2.5% | -229.553 | -651857.562 | _303244_/D
     8550 |       0 |   10660 |            0 |    +2.5% | -229.553 | -651857.562 | _303244_/D
     8560 |       0 |   10676 |            0 |    +2.5% | -229.553 | -651857.562 | _303244_/D
     8570 |       0 |   10692 |            0 |    +2.5% | -229.553 | -651857.562 | _303244_/D
     8580 |       0 |   10712 |            0 |    +2.5% | -229.553 | -651857.562 | _303244_/D
     8590 |       0 |   10728 |            0 |    +2.5% | -229.553 | -651857.562 | _303244_/D
     8600 |       0 |   10754 |            0 |    +2.5% | -229.553 | -651857.562 | _303244_/D
     8610 |       0 |   10764 |            0 |    +2.5% | -229.553 | -651857.562 | _303244_/D
     8620 |       0 |   10784 |            0 |    +2.5% | -229.553 | -651857.562 | _303244_/D
     8630 |       0 |   10803 |            0 |    +2.5% | -229.553 | -651857.562 | _303244_/D
     8640 |       0 |   10831 |            0 |    +2.6% | -229.553 | -651857.562 | _303244_/D
     8650 |       0 |   10839 |            0 |    +2.6% | -229.553 | -651857.562 | _303244_/D
     8660 |       0 |   10858 |            0 |    +2.6% | -229.553 | -651857.562 | _303244_/D
     8670 |       0 |   10876 |            0 |    +2.6% | -229.553 | -651857.562 | _303244_/D
     8680 |       0 |   10894 |            0 |    +2.6% | -229.553 | -651857.562 | _303244_/D
     8690 |       0 |   10908 |            0 |    +2.6% | -229.553 | -651857.562 | _303244_/D
     8700 |       0 |   10923 |            0 |    +2.6% | -229.553 | -651857.562 | _303244_/D
     8710 |       0 |   10945 |            0 |    +2.6% | -229.553 | -651857.562 | _303244_/D
     8720 |       0 |   10960 |            0 |    +2.6% | -229.553 | -651857.562 | _303244_/D
     8730 |       0 |   10975 |            0 |    +2.6% | -229.553 | -651857.562 | _303244_/D
     8740 |       0 |   10991 |            0 |    +2.6% | -229.553 | -651857.562 | _303244_/D
     8750 |       0 |   11012 |            0 |    +2.6% | -229.553 | -651857.562 | _303244_/D
     8760 |       0 |   11028 |            0 |    +2.6% | -229.553 | -651857.562 | _303244_/D
     8770 |       0 |   11049 |            0 |    +2.6% | -229.553 | -651857.562 | _303244_/D
     8780 |       0 |   11060 |            0 |    +2.6% | -229.553 | -651857.562 | _303244_/D
     8790 |       0 |   11080 |            0 |    +2.6% | -229.553 | -651857.562 | _303244_/D
     8800 |       0 |   11099 |            0 |    +2.6% | -229.553 | -651857.562 | _303244_/D
     8810 |       0 |   11114 |            0 |    +2.6% | -229.553 | -651857.562 | _303244_/D
     8820 |       0 |   11132 |            0 |    +2.6% | -229.553 | -651857.562 | _303244_/D
     8830 |       0 |   11154 |            0 |    +2.6% | -229.553 | -651857.562 | _303244_/D
     8840 |       0 |   11171 |            0 |    +2.6% | -229.553 | -651857.562 | _303244_/D
     8850 |       0 |   11185 |            0 |    +2.6% | -229.553 | -651857.562 | _303244_/D
     8860 |       0 |   11199 |            0 |    +2.6% | -229.553 | -651857.562 | _303244_/D
     8870 |       0 |   11211 |            0 |    +2.6% | -229.553 | -651857.562 | _303244_/D
     8880 |       0 |   11229 |            0 |    +2.6% | -229.553 | -651857.562 | _303244_/D
     8890 |       0 |   11250 |            0 |    +2.7% | -229.553 | -651857.562 | _303244_/D
     8900 |       0 |   11266 |            0 |    +2.7% | -229.553 | -651857.562 | _303244_/D
     8910 |       0 |   11280 |            0 |    +2.7% | -229.553 | -651857.562 | _303244_/D
     8920 |       0 |   11298 |            0 |    +2.7% | -229.553 | -651857.562 | _303244_/D
     8930 |       0 |   11316 |            0 |    +2.7% | -229.553 | -651857.562 | _303244_/D
     8940 |       0 |   11333 |            0 |    +2.7% | -229.553 | -651857.562 | _303244_/D
     8950 |       0 |   11354 |            0 |    +2.7% | -229.553 | -651857.562 | _303244_/D
     8960 |       0 |   11375 |            0 |    +2.7% | -229.553 | -651857.562 | _303244_/D
     8970 |       0 |   11389 |            0 |    +2.7% | -229.553 | -651857.562 | _303244_/D
     8980 |       0 |   11405 |            0 |    +2.7% | -229.553 | -651857.562 | _303244_/D
     8990 |       0 |   11426 |            0 |    +2.7% | -229.553 | -651857.562 | _303244_/D
     9000 |       0 |   11440 |            0 |    +2.7% | -229.553 | -651857.562 | _303244_/D
     9010 |       0 |   11454 |            0 |    +2.7% | -229.553 | -651857.562 | _303244_/D
     9020 |       0 |   11475 |            0 |    +2.7% | -229.553 | -651857.562 | _303244_/D
     9030 |       0 |   11489 |            0 |    +2.7% | -229.553 | -651857.562 | _303244_/D
     9040 |       0 |   11508 |            0 |    +2.7% | -229.553 | -651857.562 | _303244_/D
     9050 |       0 |   11528 |            0 |    +2.7% | -229.553 | -651857.562 | _303244_/D
     9060 |       0 |   11549 |            0 |    +2.7% | -229.553 | -651857.562 | _303244_/D
     9070 |       0 |   11567 |            0 |    +2.7% | -229.553 | -651857.562 | _303244_/D
     9080 |       0 |   11583 |            0 |    +2.7% | -229.553 | -651857.562 | _303244_/D
     9090 |       0 |   11598 |            0 |    +2.7% | -229.553 | -651857.562 | _303244_/D
     9100 |       0 |   11608 |            0 |    +2.7% | -229.553 | -651857.562 | _303244_/D
     9110 |       0 |   11625 |            0 |    +2.7% | -229.553 | -651857.562 | _303244_/D
     9120 |       0 |   11645 |            0 |    +2.7% | -229.553 | -651857.562 | _303244_/D
     9130 |       0 |   11664 |            0 |    +2.8% | -229.553 | -651857.562 | _303244_/D
     9140 |       0 |   11683 |            0 |    +2.8% | -229.553 | -651857.562 | _303244_/D
     9150 |       0 |   11695 |            0 |    +2.8% | -229.553 | -651857.562 | _303244_/D
     9160 |       0 |   11715 |            0 |    +2.8% | -229.553 | -651857.562 | _303244_/D
     9170 |       0 |   11729 |            0 |    +2.8% | -229.553 | -651857.562 | _303244_/D
     9180 |       0 |   11740 |            0 |    +2.8% | -229.553 | -651857.562 | _303244_/D
     9190 |       0 |   11762 |            0 |    +2.8% | -229.553 | -651857.562 | _303244_/D
     9200 |       0 |   11779 |            0 |    +2.8% | -229.553 | -651857.562 | _303244_/D
     9210 |       0 |   11800 |            0 |    +2.8% | -229.553 | -651857.562 | _303244_/D
     9220 |       0 |   11813 |            0 |    +2.8% | -229.553 | -651857.562 | _303244_/D
     9230 |       0 |   11834 |            0 |    +2.8% | -229.553 | -651857.562 | _303244_/D
     9240 |       0 |   11852 |            0 |    +2.8% | -229.553 | -651857.562 | _303244_/D
     9250 |       0 |   11874 |            0 |    +2.8% | -229.553 | -651857.562 | _303244_/D
     9260 |       0 |   11888 |            0 |    +2.8% | -229.553 | -651857.562 | _303244_/D
     9270 |       0 |   11901 |            0 |    +2.8% | -229.553 | -651857.562 | _303244_/D
     9280 |       0 |   11922 |            0 |    +2.8% | -229.553 | -651857.562 | _303244_/D
     9290 |       0 |   11943 |            0 |    +2.8% | -229.553 | -651857.562 | _303244_/D
     9300 |       0 |   11965 |            0 |    +2.8% | -229.553 | -651857.562 | _303244_/D
     9310 |       0 |   11978 |            0 |    +2.8% | -229.553 | -651857.562 | _303244_/D
     9320 |       0 |   11997 |            0 |    +2.8% | -229.553 | -651857.562 | _303244_/D
     9330 |       0 |   12011 |            0 |    +2.8% | -229.553 | -651857.562 | _303244_/D
     9340 |       0 |   12031 |            0 |    +2.8% | -229.553 | -651857.562 | _303244_/D
     9350 |       0 |   12045 |            0 |    +2.8% | -229.553 | -651857.562 | _303244_/D
     9360 |       0 |   12069 |            0 |    +2.8% | -229.553 | -651857.562 | _303244_/D
     9370 |       0 |   12086 |            0 |    +2.9% | -229.553 | -651857.562 | _303244_/D
     9380 |       0 |   12101 |            0 |    +2.9% | -229.553 | -651857.562 | _303244_/D
     9390 |       0 |   12114 |            0 |    +2.9% | -229.553 | -651857.562 | _303244_/D
     9400 |       0 |   12132 |            0 |    +2.9% | -229.553 | -651857.562 | _303244_/D
     9410 |       0 |   12150 |            0 |    +2.9% | -229.553 | -651857.562 | _303244_/D
     9420 |       0 |   12169 |            0 |    +2.9% | -229.553 | -651857.562 | _303244_/D
     9430 |       0 |   12188 |            0 |    +2.9% | -229.553 | -651857.562 | _303244_/D
     9440 |       0 |   12204 |            0 |    +2.9% | -229.553 | -651857.562 | _303244_/D
     9450 |       0 |   12220 |            0 |    +2.9% | -229.553 | -651857.562 | _303244_/D
     9460 |       0 |   12240 |            0 |    +2.9% | -229.553 | -651857.562 | _303244_/D
     9470 |       0 |   12254 |            0 |    +2.9% | -229.553 | -651857.562 | _303244_/D
     9480 |       0 |   12269 |            0 |    +2.9% | -229.553 | -651857.562 | _303244_/D
     9490 |       0 |   12288 |            0 |    +2.9% | -229.553 | -651857.562 | _303244_/D
     9500 |       0 |   12308 |            0 |    +2.9% | -229.553 | -651857.562 | _303244_/D
     9510 |       0 |   12330 |            0 |    +2.9% | -229.553 | -651857.562 | _303244_/D
     9520 |       0 |   12344 |            0 |    +2.9% | -229.553 | -651857.562 | _303244_/D
     9530 |       0 |   12363 |            0 |    +2.9% | -229.553 | -651857.562 | _303244_/D
     9540 |       0 |   12382 |            0 |    +2.9% | -229.553 | -651857.562 | _303244_/D
     9550 |       0 |   12398 |            0 |    +2.9% | -229.553 | -651857.562 | _303244_/D
     9560 |       0 |   12409 |            0 |    +2.9% | -229.553 | -651857.562 | _303244_/D
     9570 |       0 |   12433 |            0 |    +2.9% | -229.553 | -651857.562 | _303244_/D
     9580 |       0 |   12453 |            0 |    +2.9% | -229.553 | -651857.562 | _303244_/D
     9590 |       0 |   12469 |            0 |    +2.9% | -229.553 | -651857.562 | _303244_/D
     9600 |       0 |   12484 |            0 |    +2.9% | -229.553 | -651857.562 | _303244_/D
     9610 |       0 |   12505 |            0 |    +2.9% | -229.553 | -651857.562 | _303244_/D
     9620 |       0 |   12522 |            0 |    +3.0% | -229.553 | -651857.562 | _303244_/D
     9630 |       0 |   12541 |            0 |    +3.0% | -229.553 | -651857.562 | _303244_/D
     9640 |       0 |   12553 |            0 |    +3.0% | -229.553 | -651857.562 | _303244_/D
     9650 |       0 |   12570 |            0 |    +3.0% | -229.553 | -651857.562 | _303244_/D
     9660 |       0 |   12584 |            0 |    +3.0% | -229.553 | -651857.562 | _303244_/D
     9670 |       0 |   12607 |            0 |    +3.0% | -229.553 | -651857.562 | _303244_/D
     9680 |       0 |   12619 |            0 |    +3.0% | -229.553 | -651857.562 | _303244_/D
     9690 |       0 |   12636 |            0 |    +3.0% | -229.553 | -651857.562 | _303244_/D
     9700 |       0 |   12653 |            0 |    +3.0% | -229.553 | -651857.562 | _303244_/D
     9710 |       0 |   12669 |            0 |    +3.0% | -229.553 | -651857.562 | _303244_/D
     9720 |       0 |   12686 |            0 |    +3.0% | -229.553 | -651857.562 | _303244_/D
     9730 |       0 |   12704 |            0 |    +3.0% | -229.553 | -651857.562 | _303244_/D
     9740 |       0 |   12726 |            0 |    +3.0% | -229.553 | -651857.562 | _303244_/D
     9750 |       0 |   12740 |            0 |    +3.0% | -229.553 | -651857.562 | _303244_/D
     9760 |       0 |   12755 |            0 |    +3.0% | -229.553 | -651857.562 | _303244_/D
     9770 |       0 |   12771 |            0 |    +3.0% | -229.553 | -651857.562 | _303244_/D
     9780 |       0 |   12787 |            0 |    +3.0% | -229.553 | -651857.562 | _303244_/D
     9790 |       0 |   12812 |            0 |    +3.0% | -229.553 | -651857.562 | _303244_/D
     9800 |       0 |   12822 |            0 |    +3.0% | -229.553 | -651857.562 | _303244_/D
     9810 |       0 |   12834 |            0 |    +3.0% | -229.553 | -651857.562 | _303244_/D
     9820 |       0 |   12849 |            0 |    +3.0% | -229.553 | -651857.562 | _303244_/D
     9830 |       0 |   12868 |            0 |    +3.0% | -229.553 | -651857.562 | _303244_/D
     9840 |       0 |   12886 |            0 |    +3.0% | -229.553 | -651857.562 | _303244_/D
     9850 |       0 |   12905 |            0 |    +3.0% | -229.553 | -651857.562 | _303244_/D
     9860 |       0 |   12925 |            0 |    +3.0% | -229.553 | -651857.562 | _303244_/D
     9870 |       0 |   12944 |            0 |    +3.1% | -229.553 | -651857.562 | _303244_/D
     9880 |       0 |   12956 |            0 |    +3.1% | -229.553 | -651857.562 | _303244_/D
     9890 |       0 |   12967 |            0 |    +3.1% | -229.553 | -651857.562 | _303244_/D
     9900 |       0 |   12982 |            0 |    +3.1% | -229.553 | -651857.562 | _303244_/D
     9910 |       0 |   13001 |            0 |    +3.1% | -229.553 | -651857.562 | _303244_/D
     9920 |       0 |   13012 |            0 |    +3.1% | -229.553 | -651857.562 | _303244_/D
     9930 |       0 |   13031 |            0 |    +3.1% | -229.553 | -651857.562 | _303244_/D
     9940 |       0 |   13050 |            0 |    +3.1% | -229.553 | -651857.562 | _303244_/D
     9950 |       0 |   13066 |            0 |    +3.1% | -229.553 | -651857.562 | _303244_/D
     9960 |       0 |   13083 |            0 |    +3.1% | -229.553 | -651857.562 | _303244_/D
     9970 |       0 |   13103 |            0 |    +3.1% | -229.553 | -651857.562 | _303244_/D
     9980 |       0 |   13112 |            0 |    +3.1% | -229.553 | -651857.562 | _303244_/D
     9990 |       0 |   13132 |            0 |    +3.1% | -229.553 | -651857.562 | _303244_/D
    10000 |       0 |   13147 |            0 |    +3.1% | -229.553 | -651857.562 | _303244_/D
    10010 |       0 |   13170 |            0 |    +3.1% | -229.553 | -651857.562 | _303244_/D
    10020 |       0 |   13181 |            0 |    +3.1% | -229.553 | -651857.562 | _303244_/D
    10030 |       0 |   13193 |            0 |    +3.1% | -229.553 | -651857.562 | _303244_/D
    10040 |       0 |   13213 |            0 |    +3.1% | -229.553 | -651857.562 | _303244_/D
    10050 |       0 |   13232 |            0 |    +3.1% | -229.553 | -651857.562 | _303244_/D
    10060 |       0 |   13255 |            0 |    +3.1% | -229.553 | -651857.562 | _303244_/D
    10070 |       0 |   13274 |            0 |    +3.1% | -229.553 | -651857.562 | _303244_/D
    10080 |       0 |   13290 |            0 |    +3.1% | -229.553 | -651857.562 | _303244_/D
    10090 |       0 |   13311 |            0 |    +3.1% | -229.553 | -651857.562 | _303244_/D
    10100 |       0 |   13326 |            0 |    +3.1% | -229.553 | -651857.562 | _303244_/D
    10110 |       0 |   13344 |            0 |    +3.1% | -229.553 | -651857.562 | _303244_/D
    10120 |       0 |   13361 |            0 |    +3.2% | -229.553 | -651857.562 | _303244_/D
    10130 |       0 |   13381 |            0 |    +3.2% | -229.553 | -651857.562 | _303244_/D
    10140 |       0 |   13403 |            0 |    +3.2% | -229.553 | -651857.562 | _303244_/D
    10150 |       0 |   13416 |            0 |    +3.2% | -229.553 | -651857.562 | _303244_/D
    10160 |       0 |   13428 |            0 |    +3.2% | -229.553 | -651857.562 | _303244_/D
    10170 |       0 |   13441 |            0 |    +3.2% | -229.553 | -651857.562 | _303244_/D
    10180 |       0 |   13460 |            0 |    +3.2% | -229.553 | -651857.562 | _303244_/D
    10190 |       0 |   13483 |            0 |    +3.2% | -229.553 | -651857.562 | _303244_/D
    10200 |       0 |   13500 |            0 |    +3.2% | -229.553 | -651857.562 | _303244_/D
    10210 |       0 |   13515 |            0 |    +3.2% | -229.553 | -651857.562 | _303244_/D
    10220 |       0 |   13533 |            0 |    +3.2% | -229.553 | -651857.562 | _303244_/D
    10230 |       0 |   13549 |            0 |    +3.2% | -229.553 | -651857.562 | _303244_/D
    10240 |       0 |   13559 |            0 |    +3.2% | -229.553 | -651857.562 | _303244_/D
    10250 |       0 |   13575 |            0 |    +3.2% | -229.553 | -651857.562 | _303244_/D
    10260 |       0 |   13598 |            0 |    +3.2% | -229.553 | -651857.562 | _303244_/D
    10270 |       0 |   13612 |            0 |    +3.2% | -229.553 | -651857.562 | _303244_/D
    10280 |       0 |   13630 |            0 |    +3.2% | -229.553 | -651857.562 | _303244_/D
    10290 |       0 |   13647 |            0 |    +3.2% | -229.553 | -651857.562 | _303244_/D
    10300 |       0 |   13666 |            0 |    +3.2% | -229.553 | -651857.562 | _303244_/D
    10310 |       0 |   13687 |            0 |    +3.2% | -229.553 | -651857.562 | _303244_/D
    10320 |       0 |   13700 |            0 |    +3.2% | -229.553 | -651857.562 | _303244_/D
    10330 |       0 |   13719 |            0 |    +3.2% | -229.553 | -651857.562 | _303244_/D
    10340 |       0 |   13741 |            0 |    +3.2% | -229.553 | -651857.562 | _303244_/D
    10350 |       0 |   13754 |            0 |    +3.2% | -229.553 | -651857.562 | _303244_/D
    10360 |       0 |   13768 |            0 |    +3.2% | -229.553 | -651857.562 | _303244_/D
    10370 |       0 |   13788 |            0 |    +3.3% | -229.553 | -651857.562 | _303244_/D
    10380 |       0 |   13803 |            0 |    +3.3% | -229.553 | -651857.562 | _303244_/D
    10390 |       0 |   13819 |            0 |    +3.3% | -229.553 | -651857.562 | _303244_/D
    10400 |       0 |   13835 |            0 |    +3.3% | -229.553 | -651857.562 | _303244_/D
    10410 |       0 |   13855 |            0 |    +3.3% | -229.553 | -651857.562 | _303244_/D
    10420 |       0 |   13874 |            0 |    +3.3% | -229.553 | -651857.562 | _303244_/D
    10430 |       0 |   13892 |            0 |    +3.3% | -229.553 | -651857.562 | _303244_/D
    10440 |       0 |   13902 |            0 |    +3.3% | -229.553 | -651857.562 | _303244_/D
    10450 |       0 |   13922 |            0 |    +3.3% | -229.553 | -651857.562 | _303244_/D
    10460 |       0 |   13933 |            0 |    +3.3% | -229.553 | -651857.562 | _303244_/D
    10470 |       0 |   13947 |            0 |    +3.3% | -229.553 | -651857.562 | _303244_/D
    10480 |       0 |   13962 |            0 |    +3.3% | -229.553 | -651857.562 | _303244_/D
    10490 |       0 |   13976 |            0 |    +3.3% | -229.553 | -651857.562 | _303244_/D
    10500 |       0 |   13996 |            0 |    +3.3% | -229.553 | -651857.562 | _303244_/D
    10510 |       0 |   14012 |            0 |    +3.3% | -229.553 | -651857.562 | _303244_/D
    10520 |       0 |   14028 |            0 |    +3.3% | -229.553 | -651857.562 | _303244_/D
    10530 |       0 |   14049 |            0 |    +3.3% | -229.553 | -651857.562 | _303244_/D
    10540 |       0 |   14065 |            0 |    +3.3% | -229.553 | -651857.562 | _303244_/D
    10550 |       0 |   14080 |            0 |    +3.3% | -229.553 | -651857.562 | _303244_/D
    10560 |       0 |   14096 |            0 |    +3.3% | -229.553 | -651857.562 | _303244_/D
    10570 |       0 |   14117 |            0 |    +3.3% | -229.553 | -651857.562 | _303244_/D
    10580 |       0 |   14127 |            0 |    +3.3% | -229.553 | -651857.562 | _303244_/D
    10590 |       0 |   14148 |            0 |    +3.3% | -229.553 | -651857.562 | _303244_/D
    10600 |       0 |   14162 |            0 |    +3.3% | -229.553 | -651857.562 | _303244_/D
    10610 |       0 |   14182 |            0 |    +3.3% | -229.553 | -651857.562 | _303244_/D
    10620 |       0 |   14200 |            0 |    +3.3% | -229.553 | -651857.562 | _303244_/D
    10630 |       0 |   14219 |            0 |    +3.4% | -229.553 | -651857.562 | _303244_/D
    10640 |       0 |   14237 |            0 |    +3.4% | -229.553 | -651857.562 | _303244_/D
    10650 |       0 |   14259 |            0 |    +3.4% | -229.553 | -651857.562 | _303244_/D
    10660 |       0 |   14279 |            0 |    +3.4% | -229.553 | -651857.562 | _303244_/D
    10670 |       0 |   14299 |            0 |    +3.4% | -229.553 | -651857.562 | _303244_/D
    10680 |       0 |   14319 |            0 |    +3.4% | -229.553 | -651857.562 | _303244_/D
    10690 |       0 |   14335 |            0 |    +3.4% | -229.553 | -651857.562 | _303244_/D
    10700 |       0 |   14350 |            0 |    +3.4% | -229.553 | -651857.562 | _303244_/D
    10710 |       0 |   14363 |            0 |    +3.4% | -229.553 | -651857.562 | _303244_/D
    10720 |       0 |   14383 |            0 |    +3.4% | -229.553 | -651857.562 | _303244_/D
    10730 |       0 |   14400 |            0 |    +3.4% | -229.553 | -651857.562 | _303244_/D
    10740 |       0 |   14413 |            0 |    +3.4% | -229.553 | -651857.562 | _303244_/D
    10750 |       0 |   14431 |            0 |    +3.4% | -229.553 | -651857.562 | _303244_/D
    10760 |       0 |   14449 |            0 |    +3.4% | -229.553 | -651857.562 | _303244_/D
    10770 |       0 |   14462 |            0 |    +3.4% | -229.553 | -651857.562 | _303244_/D
    10780 |       0 |   14478 |            0 |    +3.4% | -229.553 | -651857.562 | _303244_/D
    10790 |       0 |   14498 |            0 |    +3.4% | -229.553 | -651857.562 | _303244_/D
    10800 |       0 |   14519 |            0 |    +3.4% | -229.553 | -651857.562 | _303244_/D
    10810 |       0 |   14527 |            0 |    +3.4% | -229.553 | -651857.562 | _303244_/D
    10820 |       0 |   14540 |            0 |    +3.4% | -229.553 | -651857.562 | _303244_/D
    10830 |       0 |   14557 |            0 |    +3.4% | -229.553 | -651857.562 | _303244_/D
    10840 |       0 |   14577 |            0 |    +3.4% | -229.553 | -651857.562 | _303244_/D
    10850 |       0 |   14596 |            0 |    +3.4% | -229.553 | -651857.562 | _303244_/D
    10860 |       0 |   14612 |            0 |    +3.4% | -229.553 | -651857.562 | _303244_/D
    10870 |       0 |   14630 |            0 |    +3.5% | -229.553 | -651857.562 | _303244_/D
    10880 |       0 |   14651 |            0 |    +3.5% | -229.553 | -651857.562 | _303244_/D
    10890 |       0 |   14668 |            0 |    +3.5% | -229.553 | -651857.562 | _303244_/D
    10900 |       0 |   14690 |            0 |    +3.5% | -229.553 | -651857.562 | _303244_/D
    10910 |       0 |   14708 |            0 |    +3.5% | -229.553 | -651857.562 | _303244_/D
    10920 |       0 |   14721 |            0 |    +3.5% | -229.553 | -651857.562 | _303244_/D
    10930 |       0 |   14732 |            0 |    +3.5% | -229.553 | -651857.562 | _303244_/D
    10940 |       0 |   14748 |            0 |    +3.5% | -229.553 | -651857.562 | _303244_/D
    10950 |       0 |   14763 |            0 |    +3.5% | -229.553 | -651857.562 | _303244_/D
    10960 |       0 |   14781 |            0 |    +3.5% | -229.553 | -651857.562 | _303244_/D
    10970 |       0 |   14799 |            0 |    +3.5% | -229.553 | -651857.562 | _303244_/D
    10980 |       0 |   14818 |            0 |    +3.5% | -229.553 | -651857.562 | _303244_/D
    10990 |       0 |   14836 |            0 |    +3.5% | -229.553 | -651857.562 | _303244_/D
    11000 |       0 |   14856 |            0 |    +3.5% | -229.553 | -651857.562 | _303244_/D
    11010 |       0 |   14878 |            0 |    +3.5% | -229.553 | -651857.562 | _303244_/D
    11020 |       0 |   14890 |            0 |    +3.5% | -229.553 | -651857.562 | _303244_/D
    11030 |       0 |   14902 |            0 |    +3.5% | -229.553 | -651857.562 | _303244_/D
    11040 |       0 |   14917 |            0 |    +3.5% | -229.553 | -651857.562 | _303244_/D
    11050 |       0 |   14936 |            0 |    +3.5% | -229.553 | -651857.562 | _303244_/D
    11060 |       0 |   14951 |            0 |    +3.5% | -229.553 | -651857.562 | _303244_/D
    11070 |       0 |   14969 |            0 |    +3.5% | -229.553 | -651857.562 | _303244_/D
    11080 |       0 |   14989 |            0 |    +3.5% | -229.553 | -651857.562 | _303244_/D
    11090 |       0 |   15006 |            0 |    +3.5% | -229.553 | -651857.562 | _303244_/D
    11100 |       0 |   15021 |            0 |    +3.5% | -229.553 | -651857.562 | _303244_/D
    11110 |       0 |   15040 |            0 |    +3.5% | -229.553 | -651857.562 | _303244_/D
    11120 |       0 |   15062 |            0 |    +3.6% | -229.553 | -651857.562 | _303244_/D
    11130 |       0 |   15075 |            0 |    +3.6% | -229.553 | -651857.562 | _303244_/D
    11140 |       0 |   15093 |            0 |    +3.6% | -229.553 | -651857.562 | _303244_/D
    11150 |       0 |   15111 |            0 |    +3.6% | -229.553 | -651857.562 | _303244_/D
    11160 |       0 |   15128 |            0 |    +3.6% | -229.553 | -651857.562 | _303244_/D
    11170 |       0 |   15143 |            0 |    +3.6% | -229.553 | -651857.562 | _303244_/D
    11180 |       0 |   15157 |            0 |    +3.6% | -229.553 | -651857.562 | _303244_/D
    11190 |       0 |   15171 |            0 |    +3.6% | -229.553 | -651857.562 | _303244_/D
    11200 |       0 |   15190 |            0 |    +3.6% | -229.553 | -651857.562 | _303244_/D
    11210 |       0 |   15208 |            0 |    +3.6% | -229.553 | -651857.562 | _303244_/D
    11220 |       0 |   15230 |            0 |    +3.6% | -229.553 | -651857.562 | _303244_/D
    11230 |       0 |   15245 |            0 |    +3.6% | -229.553 | -651857.562 | _303244_/D
    11240 |       0 |   15262 |            0 |    +3.6% | -229.553 | -651857.562 | _303244_/D
    11250 |       0 |   15271 |            0 |    +3.6% | -229.553 | -651857.562 | _303244_/D
    11260 |       0 |   15291 |            0 |    +3.6% | -229.553 | -651857.562 | _303244_/D
    11270 |       0 |   15312 |            0 |    +3.6% | -229.553 | -651857.562 | _303244_/D
    11280 |       0 |   15327 |            0 |    +3.6% | -229.553 | -651857.562 | _303244_/D
    11290 |       0 |   15344 |            0 |    +3.6% | -229.553 | -651857.562 | _303244_/D
    11300 |       0 |   15362 |            0 |    +3.6% | -229.553 | -651857.562 | _303244_/D
    11310 |       0 |   15381 |            0 |    +3.6% | -229.553 | -651857.562 | _303244_/D
    11320 |       0 |   15396 |            0 |    +3.6% | -229.553 | -651857.562 | _303244_/D
    11330 |       0 |   15413 |            0 |    +3.6% | -229.553 | -651857.562 | _303244_/D
    11340 |       0 |   15435 |            0 |    +3.6% | -229.553 | -651857.562 | _303244_/D
    11350 |       0 |   15451 |            0 |    +3.6% | -229.553 | -651857.562 | _303244_/D
    11360 |       0 |   15472 |            0 |    +3.6% | -229.553 | -651857.562 | _303244_/D
    11370 |       0 |   15490 |            0 |    +3.7% | -229.553 | -651857.562 | _303244_/D
    11380 |       0 |   15506 |            0 |    +3.7% | -229.553 | -651857.562 | _303244_/D
    11390 |       0 |   15527 |            0 |    +3.7% | -229.553 | -651857.562 | _303244_/D
    11400 |       0 |   15542 |            0 |    +3.7% | -229.553 | -651857.562 | _303244_/D
    11410 |       0 |   15557 |            0 |    +3.7% | -229.553 | -651857.562 | _303244_/D
    11420 |       0 |   15577 |            0 |    +3.7% | -229.553 | -651857.562 | _303244_/D
    11430 |       0 |   15592 |            0 |    +3.7% | -229.553 | -651857.562 | _303244_/D
    11440 |       0 |   15608 |            0 |    +3.7% | -229.553 | -651857.562 | _303244_/D
    11450 |       0 |   15630 |            0 |    +3.7% | -229.553 | -651857.562 | _303244_/D
    11460 |       0 |   15639 |            0 |    +3.7% | -229.553 | -651857.562 | _303244_/D
    11470 |       0 |   15659 |            0 |    +3.7% | -229.553 | -651857.562 | _303244_/D
    11480 |       0 |   15678 |            0 |    +3.7% | -229.553 | -651857.562 | _303244_/D
    11490 |       0 |   15695 |            0 |    +3.7% | -229.553 | -651857.562 | _303244_/D
    11500 |       0 |   15716 |            0 |    +3.7% | -229.553 | -651857.562 | _303244_/D
    11510 |       0 |   15734 |            0 |    +3.7% | -229.553 | -651857.562 | _303244_/D
    11520 |       0 |   15750 |            0 |    +3.7% | -229.553 | -651857.562 | _303244_/D
    11530 |       0 |   15770 |            0 |    +3.7% | -229.553 | -651857.562 | _303244_/D
    11540 |       0 |   15782 |            0 |    +3.7% | -229.553 | -651857.562 | _303244_/D
    11550 |       0 |   15794 |            0 |    +3.7% | -229.553 | -651857.562 | _303244_/D
    11560 |       0 |   15807 |            0 |    +3.7% | -229.553 | -651857.562 | _303244_/D
    11570 |       0 |   15823 |            0 |    +3.7% | -229.553 | -651857.562 | _303244_/D
    11580 |       0 |   15841 |            0 |    +3.7% | -229.553 | -651857.562 | _303244_/D
    11590 |       0 |   15858 |            0 |    +3.7% | -229.553 | -651857.562 | _303244_/D
    11600 |       0 |   15881 |            0 |    +3.7% | -229.553 | -651857.562 | _303244_/D
    11610 |       0 |   15900 |            0 |    +3.7% | -229.553 | -651857.562 | _303244_/D
    11620 |       0 |   15916 |            0 |    +3.8% | -229.553 | -651857.562 | _303244_/D
    11630 |       0 |   15936 |            0 |    +3.8% | -229.553 | -651857.562 | _303244_/D
    11640 |       0 |   15954 |            0 |    +3.8% | -229.553 | -651857.562 | _303244_/D
    11650 |       0 |   15972 |            0 |    +3.8% | -229.553 | -651857.562 | _303244_/D
    11660 |       0 |   15987 |            0 |    +3.8% | -229.553 | -651857.562 | _303244_/D
    11670 |       0 |   16004 |            0 |    +3.8% | -229.553 | -651857.562 | _303244_/D
    11680 |       0 |   16018 |            0 |    +3.8% | -229.553 | -651857.562 | _303244_/D
    11690 |       0 |   16036 |            0 |    +3.8% | -229.553 | -651857.562 | _303244_/D
    11700 |       0 |   16056 |            0 |    +3.8% | -229.553 | -651857.562 | _303244_/D
    11710 |       0 |   16073 |            0 |    +3.8% | -229.553 | -651857.562 | _303244_/D
    11720 |       0 |   16086 |            0 |    +3.8% | -229.553 | -651857.562 | _303244_/D
    11730 |       0 |   16101 |            0 |    +3.8% | -229.553 | -651857.562 | _303244_/D
    11740 |       0 |   16119 |            0 |    +3.8% | -229.553 | -651857.562 | _303244_/D
    11750 |       0 |   16137 |            0 |    +3.8% | -229.553 | -651857.562 | _303244_/D
    11760 |       0 |   16153 |            0 |    +3.8% | -229.553 | -651857.562 | _303244_/D
    11770 |       0 |   16169 |            0 |    +3.8% | -229.553 | -651857.562 | _303244_/D
    11780 |       0 |   16188 |            0 |    +3.8% | -229.553 | -651857.562 | _303244_/D
    11790 |       0 |   16202 |            0 |    +3.8% | -229.553 | -651857.562 | _303244_/D
    11800 |       0 |   16218 |            0 |    +3.8% | -229.553 | -651857.562 | _303244_/D
    11810 |       0 |   16239 |            0 |    +3.8% | -229.553 | -651857.562 | _303244_/D
    11820 |       0 |   16254 |            0 |    +3.8% | -229.553 | -651857.562 | _303244_/D
    11830 |       0 |   16270 |            0 |    +3.8% | -229.553 | -651857.562 | _303244_/D
    11840 |       0 |   16284 |            0 |    +3.8% | -229.553 | -651857.562 | _303244_/D
    11850 |       0 |   16297 |            0 |    +3.8% | -229.553 | -651857.562 | _303244_/D
    11860 |       0 |   16317 |            0 |    +3.8% | -229.553 | -651857.562 | _303244_/D
    11870 |       0 |   16333 |            0 |    +3.9% | -229.553 | -651857.562 | _303244_/D
    11880 |       0 |   16349 |            0 |    +3.9% | -229.553 | -651857.562 | _303244_/D
    11890 |       0 |   16370 |            0 |    +3.9% | -229.553 | -651857.562 | _303244_/D
    11900 |       0 |   16390 |            0 |    +3.9% | -229.553 | -651857.562 | _303244_/D
    11910 |       0 |   16405 |            0 |    +3.9% | -229.553 | -651857.562 | _303244_/D
    11920 |       0 |   16424 |            0 |    +3.9% | -229.553 | -651857.562 | _303244_/D
    11930 |       0 |   16439 |            0 |    +3.9% | -229.553 | -651857.562 | _303244_/D
    11940 |       0 |   16456 |            0 |    +3.9% | -229.553 | -651857.562 | _303244_/D
    11950 |       0 |   16478 |            0 |    +3.9% | -229.553 | -651857.562 | _303244_/D
    11960 |       0 |   16495 |            0 |    +3.9% | -229.553 | -651857.562 | _303244_/D
    11970 |       0 |   16512 |            0 |    +3.9% | -229.553 | -651857.562 | _303244_/D
    11980 |       0 |   16527 |            0 |    +3.9% | -229.553 | -651857.562 | _303244_/D
    11990 |       0 |   16544 |            0 |    +3.9% | -229.553 | -651857.562 | _303244_/D
    12000 |       0 |   16560 |            0 |    +3.9% | -229.553 | -651857.562 | _303244_/D
    12010 |       0 |   16583 |            0 |    +3.9% | -229.553 | -651857.562 | _303244_/D
    12020 |       0 |   16606 |            0 |    +3.9% | -229.553 | -651857.562 | _303244_/D
    12030 |       0 |   16626 |            0 |    +3.9% | -229.553 | -651857.562 | _303244_/D
    12040 |       0 |   16644 |            0 |    +3.9% | -229.553 | -651857.562 | _303244_/D
    12050 |       0 |   16663 |            0 |    +3.9% | -229.553 | -651857.562 | _303244_/D
    12060 |       0 |   16678 |            0 |    +3.9% | -229.553 | -651857.562 | _303244_/D
    12070 |       0 |   16694 |            0 |    +3.9% | -229.553 | -651857.562 | _303244_/D
    12080 |       0 |   16708 |            0 |    +3.9% | -229.553 | -651857.562 | _303244_/D
    12090 |       0 |   16722 |            0 |    +3.9% | -229.553 | -651857.562 | _303244_/D
    12100 |       0 |   16741 |            0 |    +3.9% | -229.553 | -651857.562 | _303244_/D
    12110 |       0 |   16760 |            0 |    +4.0% | -229.553 | -651857.562 | _303244_/D
    12120 |       0 |   16778 |            0 |    +4.0% | -229.553 | -651857.562 | _303244_/D
    12130 |       0 |   16802 |            0 |    +4.0% | -229.553 | -651857.562 | _303244_/D
    12140 |       0 |   16819 |            0 |    +4.0% | -229.553 | -651857.562 | _303244_/D
    12150 |       0 |   16837 |            0 |    +4.0% | -229.553 | -651857.562 | _303244_/D
    12160 |       0 |   16849 |            0 |    +4.0% | -229.553 | -651857.562 | _303244_/D
    12170 |       0 |   16871 |            0 |    +4.0% | -229.553 | -651857.562 | _303244_/D
    12180 |       0 |   16887 |            0 |    +4.0% | -229.553 | -651857.562 | _303244_/D
    12190 |       0 |   16905 |            0 |    +4.0% | -229.553 | -651857.562 | _303244_/D
    12200 |       0 |   16924 |            0 |    +4.0% | -229.553 | -651857.562 | _303244_/D
    12210 |       0 |   16945 |            0 |    +4.0% | -229.553 | -651857.562 | _303244_/D
    12220 |       0 |   16965 |            0 |    +4.0% | -229.553 | -651857.562 | _303244_/D
    12230 |       0 |   16980 |            0 |    +4.0% | -229.553 | -651857.562 | _303244_/D
    12240 |       0 |   16996 |            0 |    +4.0% | -229.553 | -651857.562 | _303244_/D
    12250 |       0 |   17005 |            0 |    +4.0% | -229.553 | -651857.562 | _303244_/D
    12260 |       0 |   17028 |            0 |    +4.0% | -229.553 | -651857.562 | _303244_/D
    12270 |       0 |   17044 |            0 |    +4.0% | -229.553 | -651857.562 | _303244_/D
    12280 |       0 |   17065 |            0 |    +4.0% | -229.553 | -651857.562 | _303244_/D
    12290 |       0 |   17086 |            0 |    +4.0% | -229.553 | -651857.562 | _303244_/D
    12300 |       0 |   17106 |            0 |    +4.0% | -229.553 | -651857.562 | _303244_/D
    12310 |       0 |   17119 |            0 |    +4.0% | -229.553 | -651857.562 | _303244_/D
    12320 |       0 |   17139 |            0 |    +4.0% | -229.553 | -651857.562 | _303244_/D
    12330 |       0 |   17160 |            0 |    +4.0% | -229.553 | -651857.562 | _303244_/D
    12340 |       0 |   17179 |            0 |    +4.1% | -229.553 | -651857.562 | _303244_/D
    12350 |       0 |   17197 |            0 |    +4.1% | -229.553 | -651857.562 | _303244_/D
    12360 |       0 |   17210 |            0 |    +4.1% | -229.553 | -651857.562 | _303244_/D
    12370 |       0 |   17227 |            0 |    +4.1% | -229.553 | -651857.562 | _303244_/D
    12380 |       0 |   17248 |            0 |    +4.1% | -229.553 | -651857.562 | _303244_/D
    12390 |       0 |   17260 |            0 |    +4.1% | -229.553 | -651857.562 | _303244_/D
    12400 |       0 |   17270 |            0 |    +4.1% | -229.553 | -651857.562 | _303244_/D
    12410 |       0 |   17289 |            0 |    +4.1% | -229.553 | -651857.562 | _303244_/D
    12420 |       0 |   17298 |            0 |    +4.1% | -229.553 | -651857.562 | _303244_/D
    12430 |       0 |   17316 |            0 |    +4.1% | -229.553 | -651857.562 | _303244_/D
    12440 |       0 |   17332 |            0 |    +4.1% | -229.553 | -651857.562 | _303244_/D
    12450 |       0 |   17346 |            0 |    +4.1% | -229.553 | -651857.562 | _303244_/D
    12460 |       0 |   17364 |            0 |    +4.1% | -229.553 | -651857.562 | _303244_/D
    12470 |       0 |   17381 |            0 |    +4.1% | -229.553 | -651857.562 | _303244_/D
    12480 |       0 |   17398 |            0 |    +4.1% | -229.553 | -651857.562 | _303244_/D
    12490 |       0 |   17413 |            0 |    +4.1% | -229.553 | -651857.562 | _303244_/D
    12500 |       0 |   17432 |            0 |    +4.1% | -229.553 | -651857.562 | _303244_/D
    12510 |       0 |   17444 |            0 |    +4.1% | -229.553 | -651857.562 | _303244_/D
    12520 |       0 |   17460 |            0 |    +4.1% | -229.553 | -651857.562 | _303244_/D
    12530 |       0 |   17480 |            0 |    +4.1% | -229.553 | -651857.562 | _303244_/D
    12540 |       0 |   17495 |            0 |    +4.1% | -229.553 | -651857.562 | _303244_/D
    12550 |       0 |   17509 |            0 |    +4.1% | -229.553 | -651857.562 | _303244_/D
    12560 |       0 |   17526 |            0 |    +4.1% | -229.553 | -651857.562 | _303244_/D
    12570 |       0 |   17542 |            0 |    +4.1% | -229.553 | -651857.562 | _303244_/D
    12580 |       0 |   17558 |            0 |    +4.1% | -229.553 | -651857.562 | _303244_/D
    12590 |       0 |   17571 |            0 |    +4.1% | -229.553 | -651857.562 | _303244_/D
    12600 |       0 |   17592 |            0 |    +4.1% | -229.553 | -651857.562 | _303244_/D
    12610 |       0 |   17606 |            0 |    +4.2% | -229.553 | -651857.562 | _303244_/D
    12620 |       0 |   17623 |            0 |    +4.2% | -229.553 | -651857.562 | _303244_/D
    12630 |       0 |   17634 |            0 |    +4.2% | -229.553 | -651857.562 | _303244_/D
    12640 |       0 |   17652 |            0 |    +4.2% | -229.553 | -651857.562 | _303244_/D
    12650 |       0 |   17667 |            0 |    +4.2% | -229.553 | -651857.562 | _303244_/D
    12660 |       0 |   17681 |            0 |    +4.2% | -229.553 | -651857.562 | _303244_/D
    12670 |       0 |   17697 |            0 |    +4.2% | -229.553 | -651857.562 | _303244_/D
    12680 |       0 |   17715 |            0 |    +4.2% | -229.553 | -651857.562 | _303244_/D
    12690 |       0 |   17730 |            0 |    +4.2% | -229.553 | -651857.562 | _303244_/D
    12700 |       0 |   17746 |            0 |    +4.2% | -229.553 | -651857.562 | _303244_/D
    12710 |       0 |   17768 |            0 |    +4.2% | -229.553 | -651857.562 | _303244_/D
    12720 |       0 |   17786 |            0 |    +4.2% | -229.553 | -651857.562 | _303244_/D
    12730 |       0 |   17803 |            0 |    +4.2% | -229.553 | -651857.562 | _303244_/D
    12740 |       0 |   17811 |            0 |    +4.2% | -229.553 | -651857.562 | _303244_/D
    12750 |       0 |   17825 |            0 |    +4.2% | -229.553 | -651857.562 | _303244_/D
    12760 |       0 |   17841 |            0 |    +4.2% | -229.553 | -651857.562 | _303244_/D
    12770 |       0 |   17859 |            0 |    +4.2% | -229.553 | -651857.562 | _303244_/D
    12780 |       0 |   17875 |            0 |    +4.2% | -229.553 | -651857.562 | _303244_/D
    12790 |       0 |   17889 |            0 |    +4.2% | -229.553 | -651857.562 | _303244_/D
    12800 |       0 |   17905 |            0 |    +4.2% | -229.553 | -651857.562 | _303244_/D
    12810 |       0 |   17924 |            0 |    +4.2% | -229.553 | -651857.562 | _303244_/D
    12820 |       0 |   17939 |            0 |    +4.2% | -229.553 | -651857.562 | _303244_/D
    12830 |       0 |   17953 |            0 |    +4.2% | -229.553 | -651857.562 | _303244_/D
    12840 |       0 |   17970 |            0 |    +4.2% | -229.553 | -651857.562 | _303244_/D
    12850 |       0 |   17990 |            0 |    +4.2% | -229.553 | -651857.562 | _303244_/D
    12860 |       0 |   18003 |            0 |    +4.2% | -229.553 | -651857.562 | _303244_/D
    12870 |       0 |   18029 |            0 |    +4.3% | -229.553 | -651857.562 | _303244_/D
    12880 |       0 |   18049 |            0 |    +4.3% | -229.553 | -651857.562 | _303244_/D
    12890 |       0 |   18066 |            0 |    +4.3% | -229.553 | -651857.562 | _303244_/D
    12900 |       0 |   18088 |            0 |    +4.3% | -229.553 | -651857.562 | _303244_/D
    12910 |       0 |   18110 |            0 |    +4.3% | -229.553 | -651857.562 | _303244_/D
    12920 |       0 |   18129 |            0 |    +4.3% | -229.553 | -651857.562 | _303244_/D
    12930 |       0 |   18149 |            0 |    +4.3% | -229.553 | -651857.562 | _303244_/D
    12940 |       0 |   18171 |            0 |    +4.3% | -229.553 | -651857.562 | _303244_/D
    12950 |       0 |   18190 |            0 |    +4.3% | -229.553 | -651857.562 | _303244_/D
    12960 |       0 |   18212 |            0 |    +4.3% | -229.553 | -651857.562 | _303244_/D
    12970 |       0 |   18235 |            0 |    +4.3% | -229.553 | -651857.562 | _303244_/D
    12980 |       0 |   18254 |            0 |    +4.3% | -229.553 | -651857.562 | _303244_/D
    12990 |       0 |   18276 |            0 |    +4.3% | -229.553 | -651857.562 | _303244_/D
    13000 |       0 |   18297 |            0 |    +4.3% | -229.553 | -651857.562 | _303244_/D
    13010 |       0 |   18319 |            0 |    +4.3% | -229.553 | -651857.562 | _303244_/D
    13020 |       0 |   18343 |            0 |    +4.3% | -229.553 | -651857.562 | _303244_/D
    13030 |       0 |   18366 |            0 |    +4.3% | -229.553 | -651857.562 | _303244_/D
    13040 |       0 |   18385 |            0 |    +4.3% | -229.553 | -651857.562 | _303244_/D
    13050 |       0 |   18410 |            0 |    +4.3% | -229.553 | -651857.562 | _303244_/D
    13060 |       0 |   18434 |            0 |    +4.3% | -229.553 | -651857.562 | _303244_/D
    13070 |       0 |   18460 |            0 |    +4.4% | -229.553 | -651857.562 | _303244_/D
    13080 |       0 |   18486 |            0 |    +4.4% | -229.553 | -651857.562 | _303244_/D
    13090 |       0 |   18508 |            0 |    +4.4% | -229.553 | -651857.562 | _303244_/D
    13100 |       0 |   18534 |            0 |    +4.4% | -229.553 | -651857.562 | _303244_/D
    13110 |       0 |   18559 |            0 |    +4.4% | -229.553 | -651857.562 | _303244_/D
    13120 |       0 |   18583 |            0 |    +4.4% | -229.553 | -651857.562 | _303244_/D
    13130 |       0 |   18608 |            0 |    +4.4% | -229.553 | -651857.562 | _303244_/D
    13140 |       0 |   18629 |            0 |    +4.4% | -229.553 | -651857.562 | _303244_/D
    13150 |       0 |   18652 |            0 |    +4.4% | -229.553 | -651857.562 | _303244_/D
    13160 |       0 |   18674 |            0 |    +4.4% | -229.553 | -651857.562 | _303244_/D
    13170 |       0 |   18694 |            0 |    +4.4% | -229.553 | -651857.562 | _303244_/D
    13180 |       0 |   18716 |            0 |    +4.4% | -229.553 | -651857.562 | _303244_/D
    13190 |       0 |   18744 |            0 |    +4.4% | -229.553 | -651857.562 | _303244_/D
    13200 |       0 |   18767 |            0 |    +4.4% | -229.553 | -651857.562 | _303244_/D
    13210 |       0 |   18793 |            0 |    +4.4% | -229.553 | -651857.562 | _303244_/D
    13220 |       0 |   18817 |            0 |    +4.4% | -229.553 | -651857.562 | _303244_/D
    13230 |       0 |   18836 |            0 |    +4.4% | -229.553 | -651857.562 | _303244_/D
    13240 |       0 |   18859 |            0 |    +4.4% | -229.553 | -651857.562 | _303244_/D
    13250 |       0 |   18878 |            0 |    +4.5% | -229.553 | -651857.562 | _303244_/D
    13260 |       0 |   18907 |            0 |    +4.5% | -229.553 | -651857.562 | _303244_/D
    13270 |       0 |   18928 |            0 |    +4.5% | -229.553 | -651857.562 | _303244_/D
    13280 |       0 |   18950 |            0 |    +4.5% | -229.553 | -651857.562 | _303244_/D
    13290 |       0 |   18975 |            0 |    +4.5% | -229.553 | -651857.562 | _303244_/D
    13300 |       0 |   19001 |            0 |    +4.5% | -229.553 | -651857.562 | _303244_/D
    13310 |       0 |   19021 |            0 |    +4.5% | -229.553 | -651857.562 | _303244_/D
    13320 |       0 |   19044 |            0 |    +4.5% | -229.553 | -651857.562 | _303244_/D
    13330 |       0 |   19072 |            0 |    +4.5% | -229.553 | -651857.562 | _303244_/D
    13340 |       0 |   19096 |            0 |    +4.5% | -229.553 | -651857.562 | _303244_/D
    13350 |       0 |   19118 |            0 |    +4.5% | -229.553 | -651857.562 | _303244_/D
    13360 |       0 |   19144 |            0 |    +4.5% | -229.553 | -651857.562 | _303244_/D
    13370 |       0 |   19167 |            0 |    +4.5% | -229.553 | -651857.562 | _303244_/D
    13380 |       0 |   19190 |            0 |    +4.5% | -229.553 | -651857.562 | _303244_/D
    13390 |       0 |   19217 |            0 |    +4.5% | -229.553 | -651857.562 | _303244_/D
    13400 |       0 |   19240 |            0 |    +4.5% | -229.553 | -651857.562 | _303244_/D
    13410 |       0 |   19265 |            0 |    +4.5% | -229.553 | -651857.562 | _303244_/D
    13420 |       0 |   19290 |            0 |    +4.5% | -229.553 | -651857.562 | _303244_/D
    13430 |       0 |   19320 |            0 |    +4.6% | -229.553 | -651857.562 | _303244_/D
    13440 |       0 |   19344 |            0 |    +4.6% | -229.553 | -651857.562 | _303244_/D
    13450 |       0 |   19369 |            0 |    +4.6% | -229.553 | -651857.562 | _303244_/D
    13460 |       0 |   19394 |            0 |    +4.6% | -229.553 | -651857.562 | _303244_/D
    13470 |       0 |   19418 |            0 |    +4.6% | -229.553 | -651857.562 | _303244_/D
    13480 |       0 |   19442 |            0 |    +4.6% | -229.553 | -651857.562 | _303244_/D
    13490 |       0 |   19460 |            0 |    +4.6% | -229.553 | -651857.562 | _303244_/D
    13500 |       0 |   19487 |            0 |    +4.6% | -229.553 | -651857.562 | _303244_/D
    13510 |       0 |   19509 |            0 |    +4.6% | -229.553 | -651857.562 | _303244_/D
    13520 |       0 |   19532 |            0 |    +4.6% | -229.553 | -651857.562 | _303244_/D
    13530 |       0 |   19558 |            0 |    +4.6% | -229.553 | -651857.562 | _303244_/D
    13540 |       0 |   19576 |            0 |    +4.6% | -229.553 | -651857.562 | _303244_/D
    13550 |       0 |   19599 |            0 |    +4.6% | -229.553 | -651857.562 | _303244_/D
    13560 |       0 |   19618 |            0 |    +4.6% | -229.553 | -651857.562 | _303244_/D
    13570 |       0 |   19641 |            0 |    +4.6% | -229.553 | -651857.562 | _303244_/D
    13580 |       0 |   19664 |            0 |    +4.6% | -229.553 | -651857.562 | _303244_/D
    13590 |       0 |   19684 |            0 |    +4.6% | -229.553 | -651857.562 | _303244_/D
    13600 |       0 |   19703 |            0 |    +4.6% | -229.553 | -651857.562 | _303244_/D
    13610 |       0 |   19729 |            0 |    +4.7% | -229.553 | -651857.562 | _303244_/D
    13620 |       0 |   19758 |            0 |    +4.7% | -229.553 | -651857.562 | _303244_/D
    13630 |       0 |   19779 |            0 |    +4.7% | -229.553 | -651857.562 | _303244_/D
    13640 |       0 |   19798 |            0 |    +4.7% | -229.553 | -651857.562 | _303244_/D
    13650 |       0 |   19823 |            0 |    +4.7% | -229.553 | -651857.562 | _303244_/D
    13660 |       0 |   19846 |            0 |    +4.7% | -229.553 | -651857.562 | _303244_/D
    13670 |       0 |   19870 |            0 |    +4.7% | -229.553 | -651857.562 | _303244_/D
    13680 |       0 |   19889 |            0 |    +4.7% | -229.553 | -651857.562 | _303244_/D
    13690 |       0 |   19912 |            0 |    +4.7% | -229.553 | -651857.562 | _303244_/D
    13700 |       0 |   19934 |            0 |    +4.7% | -229.553 | -651857.562 | _303244_/D
    13710 |       0 |   19957 |            0 |    +4.7% | -229.553 | -651857.562 | _303244_/D
    13720 |       0 |   19981 |            0 |    +4.7% | -229.553 | -651857.562 | _303244_/D
    13730 |       0 |   20002 |            0 |    +4.7% | -229.553 | -651857.562 | _303244_/D
    13740 |       0 |   20024 |            0 |    +4.7% | -229.553 | -651857.562 | _303244_/D
    13750 |       0 |   20044 |            0 |    +4.7% | -229.553 | -651857.562 | _303244_/D
    13760 |       0 |   20065 |            0 |    +4.7% | -229.553 | -651857.562 | _303244_/D
    13770 |       0 |   20091 |            0 |    +4.7% | -229.553 | -651857.562 | _303244_/D
    13780 |       0 |   20114 |            0 |    +4.7% | -229.553 | -651857.562 | _303244_/D
    13790 |       0 |   20138 |            0 |    +4.7% | -229.553 | -651857.562 | _303244_/D
    13800 |       0 |   20166 |            0 |    +4.8% | -229.553 | -651857.562 | _303244_/D
    13810 |       0 |   20189 |            0 |    +4.8% | -229.553 | -651857.562 | _303244_/D
    13820 |       0 |   20214 |            0 |    +4.8% | -229.553 | -651857.562 | _303244_/D
    13830 |       0 |   20238 |            0 |    +4.8% | -229.553 | -651857.562 | _303244_/D
    13840 |       0 |   20260 |            0 |    +4.8% | -229.553 | -651857.562 | _303244_/D
    13850 |       0 |   20282 |            0 |    +4.8% | -229.553 | -651857.562 | _303244_/D
    13860 |       0 |   20305 |            0 |    +4.8% | -229.553 | -651857.562 | _303244_/D
    13870 |       0 |   20328 |            0 |    +4.8% | -229.553 | -651857.562 | _303244_/D
    13880 |       0 |   20350 |            0 |    +4.8% | -229.553 | -651857.562 | _303244_/D
    13890 |       0 |   20371 |            0 |    +4.8% | -229.553 | -651857.562 | _303244_/D
    13900 |       0 |   20394 |            0 |    +4.8% | -229.553 | -651857.562 | _303244_/D
    13910 |       0 |   20415 |            0 |    +4.8% | -229.553 | -651857.562 | _303244_/D
    13920 |       0 |   20438 |            0 |    +4.8% | -229.553 | -651857.562 | _303244_/D
    13930 |       0 |   20457 |            0 |    +4.8% | -229.553 | -651857.562 | _303244_/D
    13940 |       0 |   20485 |            0 |    +4.8% | -229.553 | -651857.562 | _303244_/D
    13950 |       0 |   20508 |            0 |    +4.8% | -229.553 | -651857.562 | _303244_/D
    13960 |       0 |   20534 |            0 |    +4.8% | -229.553 | -651857.562 | _303244_/D
    13970 |       0 |   20560 |            0 |    +4.8% | -229.553 | -651857.562 | _303244_/D
    13980 |       0 |   20581 |            0 |    +4.9% | -229.553 | -651857.562 | _303244_/D
    13990 |       0 |   20602 |            0 |    +4.9% | -229.553 | -651857.562 | _303244_/D
    14000 |       0 |   20623 |            0 |    +4.9% | -229.553 | -651857.562 | _303244_/D
    14010 |       0 |   20650 |            0 |    +4.9% | -229.553 | -651857.562 | _303244_/D
    14020 |       0 |   20672 |            0 |    +4.9% | -229.553 | -651857.562 | _303244_/D
    14030 |       0 |   20694 |            0 |    +4.9% | -229.553 | -651857.562 | _303244_/D
    14040 |       0 |   20719 |            0 |    +4.9% | -229.553 | -651857.562 | _303244_/D
    14050 |       0 |   20747 |            0 |    +4.9% | -229.553 | -651857.562 | _303244_/D
    14060 |       0 |   20770 |            0 |    +4.9% | -229.553 | -651857.562 | _303244_/D
    14070 |       0 |   20798 |            0 |    +4.9% | -229.553 | -651857.562 | _303244_/D
    14080 |       0 |   20822 |            0 |    +4.9% | -229.553 | -651857.562 | _303244_/D
    14090 |       0 |   20848 |            0 |    +4.9% | -229.553 | -651857.562 | _303244_/D
    14100 |       0 |   20875 |            0 |    +4.9% | -229.553 | -651857.562 | _303244_/D
    14110 |       0 |   20902 |            0 |    +4.9% | -229.553 | -651857.562 | _303244_/D
    14120 |       0 |   20926 |            0 |    +4.9% | -229.553 | -651857.562 | _303244_/D
    14130 |       0 |   20951 |            0 |    +4.9% | -229.553 | -651857.562 | _303244_/D
    14140 |       0 |   20973 |            0 |    +4.9% | -229.553 | -651857.562 | _303244_/D
    14150 |       0 |   21001 |            0 |    +5.0% | -229.553 | -651857.562 | _303244_/D
    14160 |       0 |   21025 |            0 |    +5.0% | -229.553 | -651857.562 | _303244_/D
    14170 |       0 |   21052 |            0 |    +5.0% | -229.553 | -651857.562 | _303244_/D
    14180 |       0 |   21080 |            0 |    +5.0% | -229.553 | -651857.562 | _303244_/D
    14190 |       0 |   21103 |            0 |    +5.0% | -229.553 | -651857.562 | _303244_/D
    14200 |       0 |   21125 |            0 |    +5.0% | -229.553 | -651857.562 | _303244_/D
    14210 |       0 |   21146 |            0 |    +5.0% | -229.553 | -651857.562 | _303244_/D
    14220 |       0 |   21174 |            0 |    +5.0% | -229.553 | -651857.562 | _303244_/D
    14230 |       0 |   21199 |            0 |    +5.0% | -229.553 | -651857.562 | _303244_/D
    14240 |       0 |   21222 |            0 |    +5.0% | -229.553 | -651857.562 | _303244_/D
    14250 |       0 |   21239 |            0 |    +5.0% | -229.553 | -651857.562 | _303244_/D
    14260 |       0 |   21262 |            0 |    +5.0% | -229.553 | -651857.562 | _303244_/D
    14270 |       0 |   21281 |            0 |    +5.0% | -229.553 | -651857.562 | _303244_/D
    14280 |       0 |   21304 |            0 |    +5.0% | -229.553 | -651857.562 | _303244_/D
    14290 |       0 |   21328 |            0 |    +5.0% | -229.553 | -651857.562 | _303244_/D
    14300 |       0 |   21353 |            0 |    +5.0% | -229.553 | -651857.562 | _303244_/D
    14310 |       0 |   21371 |            0 |    +5.0% | -229.553 | -651857.562 | _303244_/D
    14320 |       0 |   21395 |            0 |    +5.0% | -229.553 | -651857.562 | _303244_/D
    14330 |       0 |   21417 |            0 |    +5.1% | -229.553 | -651857.562 | _303244_/D
    14340 |       0 |   21444 |            0 |    +5.1% | -229.553 | -651857.562 | _303244_/D
    14350 |       0 |   21467 |            0 |    +5.1% | -229.553 | -651857.562 | _303244_/D
    14360 |       0 |   21494 |            0 |    +5.1% | -229.553 | -651857.562 | _303244_/D
    14370 |       0 |   21517 |            0 |    +5.1% | -229.553 | -651857.562 | _303244_/D
    14380 |       0 |   21546 |            0 |    +5.1% | -229.553 | -651857.562 | _303244_/D
    14390 |       0 |   21567 |            0 |    +5.1% | -229.553 | -651857.562 | _303244_/D
    14400 |       0 |   21594 |            0 |    +5.1% | -229.553 | -651857.562 | _303244_/D
    14410 |       0 |   21618 |            0 |    +5.1% | -229.553 | -651857.562 | _303244_/D
    14420 |       0 |   21645 |            0 |    +5.1% | -229.553 | -651857.562 | _303244_/D
    14430 |       0 |   21666 |            0 |    +5.1% | -229.553 | -651857.562 | _303244_/D
    14440 |       0 |   21693 |            0 |    +5.1% | -229.553 | -651857.562 | _303244_/D
    14450 |       0 |   21719 |            0 |    +5.1% | -229.553 | -651857.562 | _303244_/D
    14460 |       0 |   21741 |            0 |    +5.1% | -229.553 | -651857.562 | _303244_/D
    14470 |       0 |   21766 |            0 |    +5.1% | -229.553 | -651857.562 | _303244_/D
    14480 |       0 |   21792 |            0 |    +5.1% | -229.553 | -651857.562 | _303244_/D
    14490 |       0 |   21821 |            0 |    +5.1% | -229.553 | -651857.562 | _303244_/D
    14500 |       0 |   21846 |            0 |    +5.2% | -229.553 | -651857.562 | _303244_/D
    14510 |       0 |   21875 |            0 |    +5.2% | -229.553 | -651857.562 | _303244_/D
    14520 |       0 |   21903 |            0 |    +5.2% | -229.553 | -651857.562 | _303244_/D
    14530 |       0 |   21928 |            0 |    +5.2% | -229.553 | -651857.562 | _303244_/D
    14540 |       0 |   21954 |            0 |    +5.2% | -229.553 | -651857.562 | _303244_/D
    14550 |       0 |   21981 |            0 |    +5.2% | -229.553 | -651857.562 | _303244_/D
    14560 |       0 |   22005 |            0 |    +5.2% | -229.553 | -651857.562 | _303244_/D
    14570 |       0 |   22029 |            0 |    +5.2% | -229.553 | -651857.562 | _303244_/D
    14580 |       0 |   22054 |            0 |    +5.2% | -229.553 | -651857.562 | _303244_/D
    14590 |       0 |   22080 |            0 |    +5.2% | -229.553 | -651857.562 | _303244_/D
    14600 |       0 |   22106 |            0 |    +5.2% | -229.553 | -651857.562 | _303244_/D
    14610 |       0 |   22128 |            0 |    +5.2% | -229.553 | -651857.562 | _303244_/D
    14620 |       0 |   22149 |            0 |    +5.2% | -229.553 | -651857.562 | _303244_/D
    14630 |       0 |   22174 |            0 |    +5.2% | -229.553 | -651857.562 | _303244_/D
    14640 |       0 |   22197 |            0 |    +5.2% | -229.553 | -651857.562 | _303244_/D
    14650 |       0 |   22220 |            0 |    +5.2% | -229.553 | -651857.562 | _303244_/D
    14660 |       0 |   22243 |            0 |    +5.2% | -229.553 | -651857.562 | _303244_/D
    14670 |       0 |   22265 |            0 |    +5.3% | -229.553 | -651857.562 | _303244_/D
    14680 |       0 |   22288 |            0 |    +5.3% | -229.553 | -651857.562 | _303244_/D
    14690 |       0 |   22315 |            0 |    +5.3% | -229.553 | -651857.562 | _303244_/D
    14700 |       0 |   22343 |            0 |    +5.3% | -229.553 | -651857.562 | _303244_/D
    14710 |       0 |   22365 |            0 |    +5.3% | -229.553 | -651857.562 | _303244_/D
    14720 |       0 |   22388 |            0 |    +5.3% | -229.553 | -651857.562 | _303244_/D
    14730 |       0 |   22418 |            0 |    +5.3% | -229.553 | -651857.562 | _303244_/D
    14740 |       0 |   22447 |            0 |    +5.3% | -229.553 | -651857.562 | _303244_/D
    14750 |       0 |   22477 |            0 |    +5.3% | -229.553 | -651857.562 | _303244_/D
    14760 |       0 |   22500 |            0 |    +5.3% | -229.553 | -651857.562 | _303244_/D
    14770 |       0 |   22525 |            0 |    +5.3% | -229.553 | -651857.562 | _303244_/D
    14780 |       0 |   22553 |            0 |    +5.3% | -229.553 | -651857.562 | _303244_/D
    14790 |       0 |   22581 |            0 |    +5.3% | -229.553 | -651857.562 | _303244_/D
    14800 |       0 |   22608 |            0 |    +5.3% | -229.553 | -651857.562 | _303244_/D
    14810 |       0 |   22638 |            0 |    +5.3% | -229.553 | -651857.562 | _303244_/D
    14820 |       0 |   22662 |            0 |    +5.3% | -229.553 | -651857.562 | _303244_/D
    14830 |       0 |   22685 |            0 |    +5.3% | -229.553 | -651857.562 | _303244_/D
    14840 |       0 |   22711 |            0 |    +5.4% | -229.553 | -651857.562 | _303244_/D
    14850 |       0 |   22734 |            0 |    +5.4% | -229.553 | -651857.562 | _303244_/D
    14860 |       0 |   22761 |            0 |    +5.4% | -229.553 | -651857.562 | _303244_/D
    14870 |       0 |   22790 |            0 |    +5.4% | -229.553 | -651857.562 | _303244_/D
    14880 |       0 |   22812 |            0 |    +5.4% | -229.553 | -651857.562 | _303244_/D
    14890 |       0 |   22837 |            0 |    +5.4% | -229.553 | -651857.562 | _303244_/D
    14900 |       0 |   22861 |            0 |    +5.4% | -229.553 | -651857.562 | _303244_/D
    14910 |       0 |   22886 |            0 |    +5.4% | -229.553 | -651857.562 | _303244_/D
    14920 |       0 |   22907 |            0 |    +5.4% | -229.553 | -651857.562 | _303244_/D
    14930 |       0 |   22934 |            0 |    +5.4% | -229.553 | -651857.562 | _303244_/D
    14940 |       0 |   22964 |            0 |    +5.4% | -229.553 | -651857.562 | _303244_/D
    14950 |       0 |   22993 |            0 |    +5.4% | -229.553 | -651857.562 | _303244_/D
    14960 |       0 |   23021 |            0 |    +5.4% | -229.553 | -651857.562 | _303244_/D
    14970 |       0 |   23046 |            0 |    +5.4% | -229.553 | -651857.562 | _303244_/D
    14980 |       0 |   23075 |            0 |    +5.4% | -229.553 | -651857.562 | _303244_/D
    14990 |       0 |   23099 |            0 |    +5.4% | -229.553 | -651857.562 | _303244_/D
    15000 |       0 |   23124 |            0 |    +5.5% | -229.553 | -651857.562 | _303244_/D
    15010 |       0 |   23145 |            0 |    +5.5% | -229.553 | -651857.562 | _303244_/D
    15020 |       0 |   23168 |            0 |    +5.5% | -229.553 | -651857.562 | _303244_/D
    15030 |       0 |   23195 |            0 |    +5.5% | -229.553 | -651857.562 | _303244_/D
    15040 |       0 |   23223 |            0 |    +5.5% | -229.553 | -651857.562 | _303244_/D
    15050 |       0 |   23249 |            0 |    +5.5% | -229.553 | -651857.562 | _303244_/D
    15060 |       0 |   23277 |            0 |    +5.5% | -229.553 | -651857.562 | _303244_/D
    15070 |       0 |   23305 |            0 |    +5.5% | -229.553 | -651857.562 | _303244_/D
    15080 |       0 |   23335 |            0 |    +5.5% | -229.553 | -651857.562 | _303244_/D
    15090 |       0 |   23363 |            0 |    +5.5% | -229.553 | -651857.562 | _303244_/D
    15100 |       0 |   23387 |            0 |    +5.5% | -229.553 | -651857.562 | _303244_/D
    15110 |       0 |   23409 |            0 |    +5.5% | -229.553 | -651857.562 | _303244_/D
    15120 |       0 |   23431 |            0 |    +5.5% | -229.553 | -651857.562 | _303244_/D
    15130 |       0 |   23458 |            0 |    +5.5% | -229.553 | -651857.562 | _303244_/D
    15140 |       0 |   23487 |            0 |    +5.5% | -229.553 | -651857.562 | _303244_/D
    15150 |       0 |   23512 |            0 |    +5.5% | -229.553 | -651857.562 | _303244_/D
    15160 |       0 |   23538 |            0 |    +5.6% | -229.553 | -651857.562 | _303244_/D
    15170 |       0 |   23568 |            0 |    +5.6% | -229.553 | -651857.562 | _303244_/D
    15180 |       0 |   23596 |            0 |    +5.6% | -229.553 | -651857.562 | _303244_/D
    15190 |       0 |   23625 |            0 |    +5.6% | -229.553 | -651857.562 | _303244_/D
    15200 |       0 |   23652 |            0 |    +5.6% | -229.553 | -651857.562 | _303244_/D
    15210 |       0 |   23679 |            0 |    +5.6% | -229.553 | -651857.562 | _303244_/D
    15220 |       0 |   23709 |            0 |    +5.6% | -229.553 | -651857.562 | _303244_/D
    15230 |       0 |   23738 |            0 |    +5.6% | -229.553 | -651857.562 | _303244_/D
    15240 |       0 |   23762 |            0 |    +5.6% | -229.553 | -651857.562 | _303244_/D
    15250 |       0 |   23785 |            0 |    +5.6% | -229.553 | -651857.562 | _303244_/D
    15260 |       0 |   23811 |            0 |    +5.6% | -229.553 | -651857.562 | _303244_/D
    15270 |       0 |   23837 |            0 |    +5.6% | -229.553 | -651857.562 | _303244_/D
    15280 |       0 |   23863 |            0 |    +5.6% | -229.553 | -651857.562 | _303244_/D
    15290 |       0 |   23889 |            0 |    +5.6% | -229.553 | -651857.562 | _303244_/D
    15300 |       0 |   23915 |            0 |    +5.6% | -229.553 | -651857.562 | _303244_/D
    15310 |       0 |   23941 |            0 |    +5.6% | -229.553 | -651857.562 | _303244_/D
    15320 |       0 |   23969 |            0 |    +5.7% | -229.553 | -651857.562 | _303244_/D
    15330 |       0 |   23989 |            0 |    +5.7% | -229.553 | -651857.562 | _303244_/D
    15340 |       0 |   24013 |            0 |    +5.7% | -229.553 | -651857.562 | _303244_/D
    15350 |       0 |   24040 |            0 |    +5.7% | -229.553 | -651857.562 | _303244_/D
    15360 |       0 |   24068 |            0 |    +5.7% | -229.553 | -651857.562 | _303244_/D
    15370 |       0 |   24095 |            0 |    +5.7% | -229.553 | -651857.562 | _303244_/D
    15380 |       0 |   24121 |            0 |    +5.7% | -229.553 | -651857.562 | _303244_/D
    15390 |       0 |   24150 |            0 |    +5.7% | -229.553 | -651857.562 | _303244_/D
    15400 |       0 |   24174 |            0 |    +5.7% | -229.553 | -651857.562 | _303244_/D
    15410 |       0 |   24196 |            0 |    +5.7% | -229.553 | -651857.562 | _303244_/D
    15420 |       0 |   24225 |            0 |    +5.7% | -229.553 | -651857.562 | _303244_/D
    15430 |       0 |   24250 |            0 |    +5.7% | -229.553 | -651857.562 | _303244_/D
    15440 |       0 |   24271 |            0 |    +5.7% | -229.553 | -651857.562 | _303244_/D
    15450 |       0 |   24298 |            0 |    +5.7% | -229.553 | -651857.562 | _303244_/D
    15460 |       0 |   24322 |            0 |    +5.7% | -229.553 | -651857.562 | _303244_/D
    15470 |       0 |   24343 |            0 |    +5.7% | -229.553 | -651857.562 | _303244_/D
    15480 |       0 |   24370 |            0 |    +5.7% | -229.553 | -651857.562 | _303244_/D
    15490 |       0 |   24398 |            0 |    +5.8% | -229.553 | -651857.562 | _303244_/D
    15500 |       0 |   24423 |            0 |    +5.8% | -229.553 | -651857.562 | _303244_/D
    15510 |       0 |   24450 |            0 |    +5.8% | -229.553 | -651857.562 | _303244_/D
    15520 |       0 |   24473 |            0 |    +5.8% | -229.553 | -651857.562 | _303244_/D
    15530 |       0 |   24502 |            0 |    +5.8% | -229.553 | -651857.562 | _303244_/D
    15540 |       0 |   24528 |            0 |    +5.8% | -229.553 | -651857.562 | _303244_/D
    15550 |       0 |   24554 |            0 |    +5.8% | -229.553 | -651857.562 | _303244_/D
    15560 |       0 |   24575 |            0 |    +5.8% | -229.553 | -651857.562 | _303244_/D
    15570 |       0 |   24601 |            0 |    +5.8% | -229.553 | -651857.562 | _303244_/D
    15580 |       0 |   24627 |            0 |    +5.8% | -229.553 | -651857.562 | _303244_/D
    15590 |       0 |   24656 |            0 |    +5.8% | -229.553 | -651857.562 | _303244_/D
    15600 |       0 |   24680 |            0 |    +5.8% | -229.553 | -651857.562 | _303244_/D
    15610 |       0 |   24705 |            0 |    +5.8% | -229.553 | -651857.562 | _303244_/D
    15620 |       0 |   24734 |            0 |    +5.8% | -229.553 | -651857.562 | _303244_/D
    15630 |       0 |   24760 |            0 |    +5.8% | -229.553 | -651857.562 | _303244_/D
    15640 |       0 |   24787 |            0 |    +5.8% | -229.553 | -651857.562 | _303244_/D
    15650 |       0 |   24809 |            0 |    +5.9% | -229.553 | -651857.562 | _303244_/D
    15660 |       0 |   24834 |            0 |    +5.9% | -229.553 | -651857.562 | _303244_/D
    15670 |       0 |   24856 |            0 |    +5.9% | -229.553 | -651857.562 | _303244_/D
    15680 |       0 |   24881 |            0 |    +5.9% | -229.553 | -651857.562 | _303244_/D
    15690 |       0 |   24909 |            0 |    +5.9% | -229.553 | -651857.562 | _303244_/D
    15700 |       0 |   24929 |            0 |    +5.9% | -229.553 | -651857.562 | _303244_/D
    15710 |       0 |   24957 |            0 |    +5.9% | -229.553 | -651857.562 | _303244_/D
    15720 |       0 |   24981 |            0 |    +5.9% | -229.553 | -651857.562 | _303244_/D
    15730 |       0 |   25005 |            0 |    +5.9% | -229.553 | -651857.562 | _303244_/D
    15740 |       0 |   25027 |            0 |    +5.9% | -229.553 | -651857.562 | _303244_/D
    15750 |       0 |   25049 |            0 |    +5.9% | -229.553 | -651857.562 | _303244_/D
    15760 |       0 |   25077 |            0 |    +5.9% | -229.553 | -651857.562 | _303244_/D
    15770 |       0 |   25101 |            0 |    +5.9% | -229.553 | -651857.562 | _303244_/D
    15780 |       0 |   25128 |            0 |    +5.9% | -229.553 | -651857.562 | _303244_/D
    15790 |       0 |   25154 |            0 |    +5.9% | -229.553 | -651857.562 | _303244_/D
    15800 |       0 |   25178 |            0 |    +5.9% | -229.553 | -651857.562 | _303244_/D
    15810 |       0 |   25207 |            0 |    +5.9% | -229.553 | -651857.562 | _303244_/D
    15820 |       0 |   25231 |            0 |    +6.0% | -229.553 | -651857.562 | _303244_/D
    15830 |       0 |   25253 |            0 |    +6.0% | -229.553 | -651857.562 | _303244_/D
    15840 |       0 |   25280 |            0 |    +6.0% | -229.553 | -651857.562 | _303244_/D
    15850 |       0 |   25305 |            0 |    +6.0% | -229.553 | -651857.562 | _303244_/D
    15860 |       0 |   25329 |            0 |    +6.0% | -229.553 | -651857.562 | _303244_/D
    15870 |       0 |   25356 |            0 |    +6.0% | -229.553 | -651857.562 | _303244_/D
    15880 |       0 |   25377 |            0 |    +6.0% | -229.553 | -651857.562 | _303244_/D
    15890 |       0 |   25403 |            0 |    +6.0% | -229.553 | -651857.562 | _303244_/D
    15900 |       0 |   25431 |            0 |    +6.0% | -229.553 | -651857.562 | _303244_/D
    15910 |       0 |   25458 |            0 |    +6.0% | -229.553 | -651857.562 | _303244_/D
    15920 |       0 |   25486 |            0 |    +6.0% | -229.553 | -651857.562 | _303244_/D
    15930 |       0 |   25516 |            0 |    +6.0% | -229.553 | -651857.562 | _303244_/D
    15940 |       0 |   25543 |            0 |    +6.0% | -229.553 | -651857.562 | _303244_/D
    15950 |       0 |   25570 |            0 |    +6.0% | -229.553 | -651857.562 | _303244_/D
    15960 |       0 |   25595 |            0 |    +6.0% | -229.553 | -651857.562 | _303244_/D
    15970 |       0 |   25622 |            0 |    +6.0% | -229.553 | -651857.562 | _303244_/D
    15980 |       0 |   25649 |            0 |    +6.0% | -229.553 | -651857.562 | _303244_/D
    15990 |       0 |   25677 |            0 |    +6.1% | -229.553 | -651857.562 | _303244_/D
    16000 |       0 |   25701 |            0 |    +6.1% | -229.553 | -651857.562 | _303244_/D
    16010 |       0 |   25727 |            0 |    +6.1% | -229.553 | -651857.562 | _303244_/D
    16020 |       0 |   25755 |            0 |    +6.1% | -229.553 | -651857.562 | _303244_/D
    16030 |       0 |   25780 |            0 |    +6.1% | -229.553 | -651857.562 | _303244_/D
    16040 |       0 |   25805 |            0 |    +6.1% | -229.553 | -651857.562 | _303244_/D
    16050 |       0 |   25833 |            0 |    +6.1% | -229.553 | -651857.562 | _303244_/D
    16060 |       0 |   25855 |            0 |    +6.1% | -229.553 | -651857.562 | _303244_/D
    16070 |       0 |   25880 |            0 |    +6.1% | -229.553 | -651857.562 | _303244_/D
    16080 |       0 |   25906 |            0 |    +6.1% | -229.553 | -651857.562 | _303244_/D
    16090 |       0 |   25935 |            0 |    +6.1% | -229.553 | -651857.562 | _303244_/D
    16100 |       0 |   25960 |            0 |    +6.1% | -229.553 | -651857.562 | _303244_/D
    16110 |       0 |   25986 |            0 |    +6.1% | -229.553 | -651857.562 | _303244_/D
    16120 |       0 |   26012 |            0 |    +6.1% | -229.553 | -651857.562 | _303244_/D
    16130 |       0 |   26038 |            0 |    +6.1% | -229.553 | -651857.562 | _303244_/D
    16140 |       0 |   26063 |            0 |    +6.1% | -229.553 | -651857.562 | _303244_/D
    16150 |       0 |   26088 |            0 |    +6.2% | -229.553 | -651857.562 | _303244_/D
    16160 |       0 |   26115 |            0 |    +6.2% | -229.553 | -651857.562 | _303244_/D
    16170 |       0 |   26139 |            0 |    +6.2% | -229.553 | -651857.562 | _303244_/D
    16180 |       0 |   26163 |            0 |    +6.2% | -229.553 | -651857.562 | _303244_/D
    16190 |       0 |   26190 |            0 |    +6.2% | -229.553 | -651857.562 | _303244_/D
    16200 |       0 |   26219 |            0 |    +6.2% | -229.553 | -651857.562 | _303244_/D
    16210 |       0 |   26246 |            0 |    +6.2% | -229.553 | -651857.562 | _303244_/D
    16220 |       0 |   26270 |            0 |    +6.2% | -229.553 | -651857.562 | _303244_/D
    16230 |       0 |   26296 |            0 |    +6.2% | -229.553 | -651857.562 | _303244_/D
    16240 |       0 |   26325 |            0 |    +6.2% | -229.553 | -651857.562 | _303244_/D
    16250 |       0 |   26351 |            0 |    +6.2% | -229.553 | -651857.562 | _303244_/D
    16260 |       0 |   26381 |            0 |    +6.2% | -229.553 | -651857.562 | _303244_/D
    16270 |       0 |   26410 |            0 |    +6.2% | -229.553 | -651857.562 | _303244_/D
    16280 |       0 |   26437 |            0 |    +6.2% | -229.553 | -651857.562 | _303244_/D
    16290 |       0 |   26465 |            0 |    +6.2% | -229.553 | -651857.562 | _303244_/D
    16300 |       0 |   26490 |            0 |    +6.2% | -229.553 | -651857.562 | _303244_/D
    16310 |       0 |   26518 |            0 |    +6.3% | -229.553 | -651857.562 | _303244_/D
    16320 |       0 |   26542 |            0 |    +6.3% | -229.553 | -651857.562 | _303244_/D
    16330 |       0 |   26570 |            0 |    +6.3% | -229.553 | -651857.562 | _303244_/D
    16340 |       0 |   26596 |            0 |    +6.3% | -229.553 | -651857.562 | _303244_/D
    16350 |       0 |   26622 |            0 |    +6.3% | -229.553 | -651857.562 | _303244_/D
    16360 |       0 |   26647 |            0 |    +6.3% | -229.553 | -651857.562 | _303244_/D
    16370 |       0 |   26674 |            0 |    +6.3% | -229.553 | -651857.562 | _303244_/D
    16380 |       0 |   26702 |            0 |    +6.3% | -229.553 | -651857.562 | _303244_/D
    16390 |       0 |   26726 |            0 |    +6.3% | -229.553 | -651857.562 | _303244_/D
    16400 |       0 |   26751 |            0 |    +6.3% | -229.553 | -651857.562 | _303244_/D
    16410 |       0 |   26774 |            0 |    +6.3% | -229.553 | -651857.562 | _303244_/D
    16420 |       0 |   26800 |            0 |    +6.3% | -229.553 | -651857.562 | _303244_/D
    16430 |       0 |   26828 |            0 |    +6.3% | -229.553 | -651857.562 | _303244_/D
    16440 |       0 |   26857 |            0 |    +6.3% | -229.553 | -651857.562 | _303244_/D
    16450 |       0 |   26886 |            0 |    +6.3% | -229.553 | -651857.562 | _303244_/D
    16460 |       0 |   26915 |            0 |    +6.3% | -229.553 | -651857.562 | _303244_/D
    16470 |       0 |   26943 |            0 |    +6.4% | -229.553 | -651857.562 | _303244_/D
    16480 |       0 |   26972 |            0 |    +6.4% | -229.553 | -651857.562 | _303244_/D
    16490 |       0 |   27001 |            0 |    +6.4% | -229.553 | -651857.562 | _303244_/D
    16500 |       0 |   27029 |            0 |    +6.4% | -229.553 | -651857.562 | _303244_/D
    16510 |       0 |   27059 |            0 |    +6.4% | -229.553 | -651857.562 | _303244_/D
    16520 |       0 |   27089 |            0 |    +6.4% | -229.553 | -651857.562 | _303244_/D
    16530 |       0 |   27118 |            0 |    +6.4% | -229.553 | -651857.562 | _303244_/D
    16540 |       0 |   27147 |            0 |    +6.4% | -229.553 | -651857.562 | _303244_/D
    16550 |       0 |   27173 |            0 |    +6.4% | -229.553 | -651857.562 | _303244_/D
    16560 |       0 |   27202 |            0 |    +6.4% | -229.553 | -651857.562 | _303244_/D
    16570 |       0 |   27230 |            0 |    +6.4% | -229.553 | -651857.562 | _303244_/D
    16580 |       0 |   27253 |            0 |    +6.4% | -229.553 | -651857.562 | _303244_/D
    16590 |       0 |   27282 |            0 |    +6.4% | -229.553 | -651857.562 | _303244_/D
    16600 |       0 |   27306 |            0 |    +6.4% | -229.553 | -651857.562 | _303244_/D
    16610 |       0 |   27333 |            0 |    +6.4% | -229.553 | -651857.562 | _303244_/D
    16620 |       0 |   27360 |            0 |    +6.5% | -229.553 | -651857.562 | _303244_/D
    16630 |       0 |   27388 |            0 |    +6.5% | -229.553 | -651857.562 | _303244_/D
    16640 |       0 |   27416 |            0 |    +6.5% | -229.553 | -651857.562 | _303244_/D
    16650 |       0 |   27436 |            0 |    +6.5% | -229.553 | -651857.562 | _303244_/D
    16660 |       0 |   27463 |            0 |    +6.5% | -229.553 | -651857.562 | _303244_/D
    16670 |       0 |   27491 |            0 |    +6.5% | -229.553 | -651857.562 | _303244_/D
    16680 |       0 |   27518 |            0 |    +6.5% | -229.553 | -651857.562 | _303244_/D
    16690 |       0 |   27544 |            0 |    +6.5% | -229.553 | -651857.562 | _303244_/D
    16700 |       0 |   27571 |            0 |    +6.5% | -229.553 | -651857.562 | _303244_/D
    16710 |       0 |   27601 |            0 |    +6.5% | -229.553 | -651857.562 | _303244_/D
    16720 |       0 |   27629 |            0 |    +6.5% | -229.553 | -651857.562 | _303244_/D
    16730 |       0 |   27658 |            0 |    +6.5% | -229.553 | -651857.562 | _303244_/D
    16740 |       0 |   27685 |            0 |    +6.5% | -229.553 | -651857.562 | _303244_/D
    16750 |       0 |   27713 |            0 |    +6.5% | -229.553 | -651857.562 | _303244_/D
    16760 |       0 |   27739 |            0 |    +6.5% | -229.553 | -651857.562 | _303244_/D
    16770 |       0 |   27765 |            0 |    +6.5% | -229.553 | -651857.562 | _303244_/D
    16780 |       0 |   27791 |            0 |    +6.6% | -229.553 | -651857.562 | _303244_/D
    16790 |       0 |   27819 |            0 |    +6.6% | -229.553 | -651857.562 | _303244_/D
    16800 |       0 |   27848 |            0 |    +6.6% | -229.553 | -651857.562 | _303244_/D
    16810 |       0 |   27874 |            0 |    +6.6% | -229.553 | -651857.562 | _303244_/D
    16820 |       0 |   27898 |            0 |    +6.6% | -229.553 | -651857.562 | _303244_/D
    16830 |       0 |   27924 |            0 |    +6.6% | -229.553 | -651857.562 | _303244_/D
    16840 |       0 |   27949 |            0 |    +6.6% | -229.553 | -651857.562 | _303244_/D
    16850 |       0 |   27977 |            0 |    +6.6% | -229.553 | -651857.562 | _303244_/D
    16860 |       0 |   28005 |            0 |    +6.6% | -229.553 | -651857.562 | _303244_/D
    16870 |       0 |   28035 |            0 |    +6.6% | -229.553 | -651857.562 | _303244_/D
    16880 |       0 |   28062 |            0 |    +6.6% | -229.553 | -651857.562 | _303244_/D
    16890 |       0 |   28089 |            0 |    +6.6% | -229.553 | -651857.562 | _303244_/D
    16900 |       0 |   28114 |            0 |    +6.6% | -229.553 | -651857.562 | _303244_/D
    16910 |       0 |   28140 |            0 |    +6.6% | -229.553 | -651857.562 | _303244_/D
    16920 |       0 |   28170 |            0 |    +6.6% | -229.553 | -651857.562 | _303244_/D
    16930 |       0 |   28198 |            0 |    +6.6% | -229.553 | -651857.562 | _303244_/D
    16940 |       0 |   28227 |            0 |    +6.7% | -229.553 | -651857.562 | _303244_/D
    16950 |       0 |   28251 |            0 |    +6.7% | -229.553 | -651857.562 | _303244_/D
    16960 |       0 |   28281 |            0 |    +6.7% | -229.553 | -651857.562 | _303244_/D
    16970 |       0 |   28309 |            0 |    +6.7% | -229.553 | -651857.562 | _303244_/D
    16980 |       0 |   28338 |            0 |    +6.7% | -229.553 | -651857.562 | _303244_/D
    16990 |       0 |   28367 |            0 |    +6.7% | -229.553 | -651857.562 | _303244_/D
    17000 |       0 |   28396 |            0 |    +6.7% | -229.553 | -651857.562 | _303244_/D
    17010 |       0 |   28423 |            0 |    +6.7% | -229.553 | -651857.562 | _303244_/D
    17020 |       0 |   28453 |            0 |    +6.7% | -229.553 | -651857.562 | _303244_/D
    17030 |       0 |   28482 |            0 |    +6.7% | -229.553 | -651857.562 | _303244_/D
    17040 |       0 |   28510 |            0 |    +6.7% | -229.553 | -651857.562 | _303244_/D
    17050 |       0 |   28540 |            0 |    +6.7% | -229.553 | -651857.562 | _303244_/D
    17060 |       0 |   28565 |            0 |    +6.7% | -229.553 | -651857.562 | _303244_/D
    17070 |       0 |   28593 |            0 |    +6.7% | -229.553 | -651857.562 | _303244_/D
    17080 |       0 |   28620 |            0 |    +6.7% | -229.553 | -651857.562 | _303244_/D
    17090 |       0 |   28647 |            0 |    +6.8% | -229.553 | -651857.562 | _303244_/D
    17100 |       0 |   28676 |            0 |    +6.8% | -229.553 | -651857.562 | _303244_/D
    17110 |       0 |   28703 |            0 |    +6.8% | -229.553 | -651857.562 | _303244_/D
    17120 |       0 |   28729 |            0 |    +6.8% | -229.553 | -651857.562 | _303244_/D
    17130 |       0 |   28756 |            0 |    +6.8% | -229.553 | -651857.562 | _303244_/D
    17140 |       0 |   28785 |            0 |    +6.8% | -229.553 | -651857.562 | _303244_/D
    17150 |       0 |   28814 |            0 |    +6.8% | -229.553 | -651857.562 | _303244_/D
    17160 |       0 |   28842 |            0 |    +6.8% | -229.553 | -651857.562 | _303244_/D
    17170 |       0 |   28870 |            0 |    +6.8% | -229.553 | -651857.562 | _303244_/D
    17180 |       0 |   28893 |            0 |    +6.8% | -229.553 | -651857.562 | _303244_/D
    17190 |       0 |   28922 |            0 |    +6.8% | -229.553 | -651857.562 | _303244_/D
    17200 |       0 |   28948 |            0 |    +6.8% | -229.553 | -651857.562 | _303244_/D
    17210 |       0 |   28966 |            0 |    +6.8% | -229.553 | -651857.562 | _303244_/D
    17220 |       0 |   28994 |            0 |    +6.8% | -229.553 | -651857.562 | _303244_/D
    17230 |       0 |   29021 |            0 |    +6.8% | -229.553 | -651857.562 | _303244_/D
    17240 |       0 |   29049 |            0 |    +6.9% | -229.553 | -651857.562 | _303244_/D
    17250 |       0 |   29078 |            0 |    +6.9% | -229.553 | -651857.562 | _303244_/D
    17260 |       0 |   29104 |            0 |    +6.9% | -229.553 | -651857.562 | _303244_/D
    17270 |       0 |   29130 |            0 |    +6.9% | -229.553 | -651857.562 | _303244_/D
    17280 |       0 |   29158 |            0 |    +6.9% | -229.553 | -651857.562 | _303244_/D
    17290 |       0 |   29185 |            0 |    +6.9% | -229.553 | -651857.562 | _303244_/D
    17300 |       0 |   29212 |            0 |    +6.9% | -229.553 | -651857.562 | _303244_/D
    17310 |       0 |   29237 |            0 |    +6.9% | -229.553 | -651857.562 | _303244_/D
    17320 |       0 |   29265 |            0 |    +6.9% | -229.553 | -651857.562 | _303244_/D
    17330 |       0 |   29295 |            0 |    +6.9% | -229.553 | -651857.562 | _303244_/D
    17340 |       0 |   29325 |            0 |    +6.9% | -229.553 | -651857.562 | _303244_/D
    17350 |       0 |   29349 |            0 |    +6.9% | -229.553 | -651857.562 | _303244_/D
    17360 |       0 |   29375 |            0 |    +6.9% | -229.553 | -651857.562 | _303244_/D
    17370 |       0 |   29405 |            0 |    +6.9% | -229.553 | -651857.562 | _303244_/D
    17380 |       0 |   29431 |            0 |    +6.9% | -229.553 | -651857.562 | _303244_/D
    17390 |       0 |   29457 |            0 |    +6.9% | -229.553 | -651857.562 | _303244_/D
    17400 |       0 |   29482 |            0 |    +7.0% | -229.553 | -651857.562 | _303244_/D
    17410 |       0 |   29508 |            0 |    +7.0% | -229.553 | -651857.562 | _303244_/D
    17420 |       0 |   29537 |            0 |    +7.0% | -229.553 | -651857.562 | _303244_/D
    17430 |       0 |   29567 |            0 |    +7.0% | -229.553 | -651857.562 | _303244_/D
    17440 |       0 |   29596 |            0 |    +7.0% | -229.553 | -651857.562 | _303244_/D
    17450 |       0 |   29626 |            0 |    +7.0% | -229.553 | -651857.562 | _303244_/D
    17460 |       0 |   29654 |            0 |    +7.0% | -229.553 | -651857.562 | _303244_/D
    17470 |       0 |   29680 |            0 |    +7.0% | -229.553 | -651857.562 | _303244_/D
    17480 |       0 |   29705 |            0 |    +7.0% | -229.553 | -651857.562 | _303244_/D
    17490 |       0 |   29733 |            0 |    +7.0% | -229.553 | -651857.562 | _303244_/D
    17500 |       0 |   29760 |            0 |    +7.0% | -229.553 | -651857.562 | _303244_/D
    17510 |       0 |   29784 |            0 |    +7.0% | -229.553 | -651857.562 | _303244_/D
    17520 |       0 |   29809 |            0 |    +7.0% | -229.553 | -651857.562 | _303244_/D
    17530 |       0 |   29835 |            0 |    +7.0% | -229.553 | -651857.562 | _303244_/D
    17540 |       0 |   29864 |            0 |    +7.0% | -229.553 | -651857.562 | _303244_/D
    17550 |       0 |   29893 |            0 |    +7.0% | -229.553 | -651857.562 | _303244_/D
    17560 |       0 |   29922 |            0 |    +7.1% | -229.553 | -651857.562 | _303244_/D
    17570 |       0 |   29945 |            0 |    +7.1% | -229.553 | -651857.562 | _303244_/D
    17580 |       0 |   29969 |            0 |    +7.1% | -229.553 | -651857.562 | _303244_/D
    17590 |       0 |   29994 |            0 |    +7.1% | -229.553 | -651857.562 | _303244_/D
    17600 |       0 |   30018 |            0 |    +7.1% | -229.553 | -651857.562 | _303244_/D
    17610 |       0 |   30041 |            0 |    +7.1% | -229.553 | -651857.562 | _303244_/D
    17620 |       0 |   30067 |            0 |    +7.1% | -229.553 | -651857.562 | _303244_/D
    17630 |       0 |   30092 |            0 |    +7.1% | -229.553 | -651857.562 | _303244_/D
    17640 |       0 |   30116 |            0 |    +7.1% | -229.553 | -651857.562 | _303244_/D
    17650 |       0 |   30142 |            0 |    +7.1% | -229.553 | -651857.562 | _303244_/D
    17660 |       0 |   30166 |            0 |    +7.1% | -229.553 | -651857.562 | _303244_/D
    17670 |       0 |   30191 |            0 |    +7.1% | -229.553 | -651857.562 | _303244_/D
    17680 |       0 |   30216 |            0 |    +7.1% | -229.553 | -651857.562 | _303244_/D
    17690 |       0 |   30245 |            0 |    +7.1% | -229.553 | -651857.562 | _303244_/D
    17700 |       0 |   30268 |            0 |    +7.1% | -229.553 | -651857.562 | _303244_/D
    17710 |       0 |   30297 |            0 |    +7.1% | -229.553 | -651857.562 | _303244_/D
    17720 |       0 |   30325 |            0 |    +7.2% | -229.553 | -651857.562 | _303244_/D
    17730 |       0 |   30352 |            0 |    +7.2% | -229.553 | -651857.562 | _303244_/D
    17740 |       0 |   30378 |            0 |    +7.2% | -229.553 | -651857.562 | _303244_/D
    17750 |       0 |   30405 |            0 |    +7.2% | -229.553 | -651857.562 | _303244_/D
    17760 |       0 |   30434 |            0 |    +7.2% | -229.553 | -651857.562 | _303244_/D
    17770 |       0 |   30461 |            0 |    +7.2% | -229.553 | -651857.562 | _303244_/D
    17780 |       0 |   30486 |            0 |    +7.2% | -229.553 | -651857.562 | _303244_/D
    17790 |       0 |   30508 |            0 |    +7.2% | -229.553 | -651857.562 | _303244_/D
    17800 |       0 |   30533 |            0 |    +7.2% | -229.553 | -651857.562 | _303244_/D
    17810 |       0 |   30561 |            0 |    +7.2% | -229.553 | -651857.562 | _303244_/D
    17820 |       0 |   30591 |            0 |    +7.2% | -229.553 | -651857.562 | _303244_/D
    17830 |       0 |   30616 |            0 |    +7.2% | -229.553 | -651857.562 | _303244_/D
    17840 |       0 |   30641 |            0 |    +7.2% | -229.553 | -651857.562 | _303244_/D
    17850 |       0 |   30668 |            0 |    +7.2% | -229.553 | -651857.562 | _303244_/D
    17860 |       0 |   30693 |            0 |    +7.2% | -229.553 | -651857.562 | _303244_/D
    17870 |       0 |   30720 |            0 |    +7.2% | -229.553 | -651857.562 | _303244_/D
    17880 |       0 |   30743 |            0 |    +7.2% | -229.553 | -651857.562 | _303244_/D
    17890 |       0 |   30771 |            0 |    +7.3% | -229.553 | -651857.562 | _303244_/D
    17900 |       0 |   30796 |            0 |    +7.3% | -229.553 | -651857.562 | _303244_/D
    17910 |       0 |   30820 |            0 |    +7.3% | -229.553 | -651857.562 | _303244_/D
    17920 |       0 |   30847 |            0 |    +7.3% | -229.553 | -651857.562 | _303244_/D
    17930 |       0 |   30875 |            0 |    +7.3% | -229.553 | -651857.562 | _303244_/D
    17940 |       0 |   30898 |            0 |    +7.3% | -229.553 | -651857.562 | _303244_/D
    17950 |       0 |   30923 |            0 |    +7.3% | -229.553 | -651857.562 | _303244_/D
    17960 |       0 |   30949 |            0 |    +7.3% | -229.553 | -651857.562 | _303244_/D
    17970 |       0 |   30974 |            0 |    +7.3% | -229.553 | -651857.562 | _303244_/D
    17980 |       0 |   31002 |            0 |    +7.3% | -229.553 | -651857.562 | _303244_/D
    17990 |       0 |   31031 |            0 |    +7.3% | -229.553 | -651857.562 | _303244_/D
    18000 |       0 |   31057 |            0 |    +7.3% | -229.553 | -651857.562 | _303244_/D
    18010 |       0 |   31080 |            0 |    +7.3% | -229.553 | -651857.562 | _303244_/D
    18020 |       0 |   31099 |            0 |    +7.3% | -229.553 | -651857.562 | _303244_/D
    18030 |       0 |   31129 |            0 |    +7.3% | -229.553 | -651857.562 | _303244_/D
    18040 |       0 |   31151 |            0 |    +7.3% | -229.553 | -651857.562 | _303244_/D
    18050 |       0 |   31178 |            0 |    +7.4% | -229.553 | -651857.562 | _303244_/D
    18060 |       0 |   31204 |            0 |    +7.4% | -229.553 | -651857.562 | _303244_/D
    18070 |       0 |   31232 |            0 |    +7.4% | -229.553 | -651857.562 | _303244_/D
    18080 |       0 |   31259 |            0 |    +7.4% | -229.553 | -651857.562 | _303244_/D
    18090 |       0 |   31286 |            0 |    +7.4% | -229.553 | -651857.562 | _303244_/D
    18100 |       0 |   31314 |            0 |    +7.4% | -229.553 | -651857.562 | _303244_/D
    18110 |       0 |   31342 |            0 |    +7.4% | -229.553 | -651857.562 | _303244_/D
    18120 |       0 |   31372 |            0 |    +7.4% | -229.553 | -651857.562 | _303244_/D
    18130 |       0 |   31400 |            0 |    +7.4% | -229.553 | -651857.562 | _303244_/D
    18140 |       0 |   31424 |            0 |    +7.4% | -229.553 | -651857.562 | _303244_/D
    18150 |       0 |   31454 |            0 |    +7.4% | -229.553 | -651857.562 | _303244_/D
    18160 |       0 |   31480 |            0 |    +7.4% | -229.553 | -651857.562 | _303244_/D
    18170 |       0 |   31508 |            0 |    +7.4% | -229.553 | -651857.562 | _303244_/D
    18180 |       0 |   31536 |            0 |    +7.4% | -229.553 | -651857.562 | _303244_/D
    18190 |       0 |   31561 |            0 |    +7.4% | -229.553 | -651857.562 | _303244_/D
    18200 |       0 |   31587 |            0 |    +7.4% | -229.553 | -651857.562 | _303244_/D
    18210 |       0 |   31613 |            0 |    +7.5% | -229.553 | -651857.562 | _303244_/D
    18220 |       0 |   31639 |            0 |    +7.5% | -229.553 | -651857.562 | _303244_/D
    18230 |       0 |   31662 |            0 |    +7.5% | -229.553 | -651857.562 | _303244_/D
    18240 |       0 |   31690 |            0 |    +7.5% | -229.553 | -651857.562 | _303244_/D
    18250 |       0 |   31712 |            0 |    +7.5% | -229.553 | -651857.562 | _303244_/D
    18260 |       0 |   31740 |            0 |    +7.5% | -229.553 | -651857.562 | _303244_/D
    18270 |       0 |   31768 |            0 |    +7.5% | -229.553 | -651857.562 | _303244_/D
    18280 |       0 |   31791 |            0 |    +7.5% | -229.553 | -651857.562 | _303244_/D
    18290 |       0 |   31817 |            0 |    +7.5% | -229.553 | -651857.562 | _303244_/D
    18300 |       0 |   31846 |            0 |    +7.5% | -229.553 | -651857.562 | _303244_/D
    18310 |       0 |   31873 |            0 |    +7.5% | -229.553 | -651857.562 | _303244_/D
    18320 |       0 |   31897 |            0 |    +7.5% | -229.553 | -651857.562 | _303244_/D
    18330 |       0 |   31923 |            0 |    +7.5% | -229.553 | -651857.562 | _303244_/D
    18340 |       0 |   31949 |            0 |    +7.5% | -229.553 | -651857.562 | _303244_/D
    18350 |       0 |   31976 |            0 |    +7.5% | -229.553 | -651857.562 | _303244_/D
    18360 |       0 |   32005 |            0 |    +7.5% | -229.553 | -651857.562 | _303244_/D
    18370 |       0 |   32030 |            0 |    +7.6% | -229.553 | -651857.562 | _303244_/D
    18380 |       0 |   32058 |            0 |    +7.6% | -229.553 | -651857.562 | _303244_/D
    18390 |       0 |   32084 |            0 |    +7.6% | -229.553 | -651857.562 | _303244_/D
    18400 |       0 |   32113 |            0 |    +7.6% | -229.553 | -651857.562 | _303244_/D
    18410 |       0 |   32136 |            0 |    +7.6% | -229.553 | -651857.562 | _303244_/D
    18420 |       0 |   32161 |            0 |    +7.6% | -229.553 | -651857.562 | _303244_/D
    18430 |       0 |   32188 |            0 |    +7.6% | -229.553 | -651857.562 | _303244_/D
    18440 |       0 |   32214 |            0 |    +7.6% | -229.553 | -651857.562 | _303244_/D
    18450 |       0 |   32242 |            0 |    +7.6% | -229.553 | -651857.562 | _303244_/D
    18460 |       0 |   32269 |            0 |    +7.6% | -229.553 | -651857.562 | _303244_/D
    18470 |       0 |   32294 |            0 |    +7.6% | -229.553 | -651857.562 | _303244_/D
    18480 |       0 |   32321 |            0 |    +7.6% | -229.553 | -651857.562 | _303244_/D
    18490 |       0 |   32348 |            0 |    +7.6% | -229.553 | -651857.562 | _303244_/D
    18500 |       0 |   32376 |            0 |    +7.6% | -229.553 | -651857.562 | _303244_/D
    18510 |       0 |   32402 |            0 |    +7.6% | -229.553 | -651857.562 | _303244_/D
    18520 |       0 |   32432 |            0 |    +7.6% | -229.553 | -651857.562 | _303244_/D
    18530 |       0 |   32457 |            0 |    +7.7% | -229.553 | -651857.562 | _303244_/D
    18540 |       0 |   32487 |            0 |    +7.7% | -229.553 | -651857.562 | _303244_/D
    18550 |       0 |   32516 |            0 |    +7.7% | -229.553 | -651857.562 | _303244_/D
    18560 |       0 |   32545 |            0 |    +7.7% | -229.553 | -651857.562 | _303244_/D
    18570 |       0 |   32571 |            0 |    +7.7% | -229.553 | -651857.562 | _303244_/D
    18580 |       0 |   32600 |            0 |    +7.7% | -229.553 | -651857.562 | _303244_/D
    18590 |       0 |   32626 |            0 |    +7.7% | -229.553 | -651857.562 | _303244_/D
    18600 |       0 |   32652 |            0 |    +7.7% | -229.553 | -651857.562 | _303244_/D
    18610 |       0 |   32681 |            0 |    +7.7% | -229.553 | -651857.562 | _303244_/D
    18620 |       0 |   32710 |            0 |    +7.7% | -229.553 | -651857.562 | _303244_/D
    18630 |       0 |   32738 |            0 |    +7.7% | -229.553 | -651857.562 | _303244_/D
    18640 |       0 |   32768 |            0 |    +7.7% | -229.553 | -651857.562 | _303244_/D
    18650 |       0 |   32792 |            0 |    +7.7% | -229.553 | -651857.562 | _303244_/D
    18660 |       0 |   32819 |            0 |    +7.7% | -229.553 | -651857.562 | _303244_/D
    18670 |       0 |   32849 |            0 |    +7.7% | -229.553 | -651857.562 | _303244_/D
    18680 |       0 |   32873 |            0 |    +7.8% | -229.553 | -651857.562 | _303244_/D
    18690 |       0 |   32902 |            0 |    +7.8% | -229.553 | -651857.562 | _303244_/D
    18700 |       0 |   32929 |            0 |    +7.8% | -229.553 | -651857.562 | _303244_/D
    18710 |       0 |   32958 |            0 |    +7.8% | -229.553 | -651857.562 | _303244_/D
    18720 |       0 |   32987 |            0 |    +7.8% | -229.553 | -651857.562 | _303244_/D
    18730 |       0 |   33015 |            0 |    +7.8% | -229.553 | -651857.562 | _303244_/D
    18740 |       0 |   33040 |            0 |    +7.8% | -229.553 | -651857.562 | _303244_/D
    18750 |       0 |   33067 |            0 |    +7.8% | -229.553 | -651857.562 | _303244_/D
    18760 |       0 |   33093 |            0 |    +7.8% | -229.553 | -651857.562 | _303244_/D
    18770 |       0 |   33123 |            0 |    +7.8% | -229.553 | -651857.562 | _303244_/D
    18780 |       0 |   33151 |            0 |    +7.8% | -229.553 | -651857.562 | _303244_/D
    18790 |       0 |   33179 |            0 |    +7.8% | -229.553 | -651857.562 | _303244_/D
    18800 |       0 |   33204 |            0 |    +7.8% | -229.553 | -651857.562 | _303244_/D
    18810 |       0 |   33233 |            0 |    +7.8% | -229.553 | -651857.562 | _303244_/D
    18820 |       0 |   33262 |            0 |    +7.8% | -229.553 | -651857.562 | _303244_/D
    18830 |       0 |   33291 |            0 |    +7.9% | -229.553 | -651857.562 | _303244_/D
    18840 |       0 |   33317 |            0 |    +7.9% | -229.553 | -651857.562 | _303244_/D
    18850 |       0 |   33343 |            0 |    +7.9% | -229.553 | -651857.562 | _303244_/D
    18860 |       0 |   33372 |            0 |    +7.9% | -229.553 | -651857.562 | _303244_/D
    18870 |       0 |   33401 |            0 |    +7.9% | -229.553 | -651857.562 | _303244_/D
    18880 |       0 |   33430 |            0 |    +7.9% | -229.553 | -651857.562 | _303244_/D
    18890 |       0 |   33459 |            0 |    +7.9% | -229.553 | -651857.562 | _303244_/D
    18900 |       0 |   33486 |            0 |    +7.9% | -229.553 | -651857.562 | _303244_/D
    18910 |       0 |   33515 |            0 |    +7.9% | -229.553 | -651857.562 | _303244_/D
    18920 |       0 |   33545 |            0 |    +7.9% | -229.553 | -651857.562 | _303244_/D
    18930 |       0 |   33573 |            0 |    +7.9% | -229.553 | -651857.562 | _303244_/D
    18940 |       0 |   33602 |            0 |    +7.9% | -229.553 | -651857.562 | _303244_/D
    18950 |       0 |   33631 |            0 |    +7.9% | -229.553 | -651857.562 | _303244_/D
    18960 |       0 |   33660 |            0 |    +7.9% | -229.553 | -651857.562 | _303244_/D
    18970 |       0 |   33687 |            0 |    +7.9% | -229.553 | -651857.562 | _303244_/D
    18980 |       0 |   33714 |            0 |    +8.0% | -229.553 | -651857.562 | _303244_/D
    18990 |       0 |   33744 |            0 |    +8.0% | -229.553 | -651857.562 | _303244_/D
    19000 |       0 |   33772 |            0 |    +8.0% | -229.553 | -651857.562 | _303244_/D
    19010 |       0 |   33799 |            0 |    +8.0% | -229.553 | -651857.562 | _303244_/D
    19020 |       0 |   33829 |            0 |    +8.0% | -229.553 | -651857.562 | _303244_/D
    19030 |       0 |   33858 |            0 |    +8.0% | -229.553 | -651857.562 | _303244_/D
    19040 |       0 |   33887 |            0 |    +8.0% | -229.553 | -651857.562 | _303244_/D
    19050 |       0 |   33917 |            0 |    +8.0% | -229.553 | -651857.562 | _303244_/D
    19060 |       0 |   33947 |            0 |    +8.0% | -229.553 | -651857.562 | _303244_/D
    19070 |       0 |   33975 |            0 |    +8.0% | -229.553 | -651857.562 | _303244_/D
    19080 |       0 |   34003 |            0 |    +8.0% | -229.553 | -651857.562 | _303244_/D
    19090 |       0 |   34032 |            0 |    +8.0% | -229.553 | -651857.562 | _303244_/D
    19100 |       0 |   34062 |            0 |    +8.0% | -229.553 | -651857.562 | _303244_/D
    19110 |       0 |   34090 |            0 |    +8.0% | -229.553 | -651857.562 | _303244_/D
    19120 |       0 |   34120 |            0 |    +8.0% | -229.553 | -651857.562 | _303244_/D
    19130 |       0 |   34148 |            0 |    +8.1% | -229.553 | -651857.562 | _303244_/D
    19140 |       0 |   34177 |            0 |    +8.1% | -229.553 | -651857.562 | _303244_/D
    19150 |       0 |   34206 |            0 |    +8.1% | -229.553 | -651857.562 | _303244_/D
    19160 |       0 |   34232 |            0 |    +8.1% | -229.553 | -651857.562 | _303244_/D
    19170 |       0 |   34262 |            0 |    +8.1% | -229.553 | -651857.562 | _303244_/D
    19180 |       0 |   34291 |            0 |    +8.1% | -229.553 | -651857.562 | _303244_/D
    19190 |       0 |   34320 |            0 |    +8.1% | -229.553 | -651857.562 | _303244_/D
    19200 |       0 |   34343 |            0 |    +8.1% | -229.553 | -651857.562 | _303244_/D
    19210 |       0 |   34372 |            0 |    +8.1% | -229.553 | -651857.562 | _303244_/D
    19220 |       0 |   34402 |            0 |    +8.1% | -229.553 | -651857.562 | _303244_/D
    19230 |       0 |   34430 |            0 |    +8.1% | -229.553 | -651857.562 | _303244_/D
    19240 |       0 |   34458 |            0 |    +8.1% | -229.553 | -651857.562 | _303244_/D
    19250 |       0 |   34483 |            0 |    +8.1% | -229.553 | -651857.562 | _303244_/D
    19260 |       0 |   34512 |            0 |    +8.1% | -229.553 | -651857.562 | _303244_/D
    19270 |       0 |   34540 |            0 |    +8.1% | -229.553 | -651857.562 | _303244_/D
    19280 |       0 |   34568 |            0 |    +8.2% | -229.553 | -651857.562 | _303244_/D
    19290 |       0 |   34597 |            0 |    +8.2% | -229.553 | -651857.562 | _303244_/D
    19300 |       0 |   34627 |            0 |    +8.2% | -229.553 | -651857.562 | _303244_/D
    19310 |       0 |   34655 |            0 |    +8.2% | -229.553 | -651857.562 | _303244_/D
    19320 |       0 |   34683 |            0 |    +8.2% | -229.553 | -651857.562 | _303244_/D
    19330 |       0 |   34713 |            0 |    +8.2% | -229.553 | -651857.562 | _303244_/D
    19340 |       0 |   34740 |            0 |    +8.2% | -229.553 | -651857.562 | _303244_/D
    19350 |       0 |   34768 |            0 |    +8.2% | -229.553 | -651857.562 | _303244_/D
    19360 |       0 |   34797 |            0 |    +8.2% | -229.553 | -651857.562 | _303244_/D
    19370 |       0 |   34827 |            0 |    +8.2% | -229.553 | -651857.562 | _303244_/D
    19380 |       0 |   34855 |            0 |    +8.2% | -229.553 | -651857.562 | _303244_/D
    19390 |       0 |   34885 |            0 |    +8.2% | -229.553 | -651857.562 | _303244_/D
    19400 |       0 |   34913 |            0 |    +8.2% | -229.553 | -651857.562 | _303244_/D
    19410 |       0 |   34939 |            0 |    +8.2% | -229.553 | -651857.562 | _303244_/D
    19420 |       0 |   34967 |            0 |    +8.2% | -229.553 | -651857.562 | _303244_/D
    19430 |       0 |   34996 |            0 |    +8.3% | -229.553 | -651857.562 | _303244_/D
    19440 |       0 |   35025 |            0 |    +8.3% | -229.553 | -651857.562 | _303244_/D
    19450 |       0 |   35050 |            0 |    +8.3% | -229.553 | -651857.562 | _303244_/D
    19460 |       0 |   35077 |            0 |    +8.3% | -229.553 | -651857.562 | _303244_/D
    19470 |       0 |   35106 |            0 |    +8.3% | -229.553 | -651857.562 | _303244_/D
    19480 |       0 |   35133 |            0 |    +8.3% | -229.553 | -651857.562 | _303244_/D
    19490 |       0 |   35159 |            0 |    +8.3% | -229.553 | -651857.562 | _303244_/D
    19500 |       0 |   35183 |            0 |    +8.3% | -229.553 | -651857.562 | _303244_/D
    19510 |       0 |   35212 |            0 |    +8.3% | -229.553 | -651857.562 | _303244_/D
    19520 |       0 |   35241 |            0 |    +8.3% | -229.553 | -651857.562 | _303244_/D
    19530 |       0 |   35267 |            0 |    +8.3% | -229.553 | -651857.562 | _303244_/D
    19540 |       0 |   35297 |            0 |    +8.3% | -229.553 | -651857.562 | _303244_/D
    19550 |       0 |   35327 |            0 |    +8.3% | -229.553 | -651857.562 | _303244_/D
    19560 |       0 |   35357 |            0 |    +8.3% | -229.553 | -651857.562 | _303244_/D
    19570 |       0 |   35387 |            0 |    +8.3% | -229.553 | -651857.562 | _303244_/D
    19580 |       0 |   35416 |            0 |    +8.4% | -229.553 | -651857.562 | _303244_/D
    19590 |       0 |   35444 |            0 |    +8.4% | -229.553 | -651857.562 | _303244_/D
    19600 |       0 |   35473 |            0 |    +8.4% | -229.553 | -651857.562 | _303244_/D
    19610 |       0 |   35502 |            0 |    +8.4% | -229.553 | -651857.562 | _303244_/D
    19620 |       0 |   35532 |            0 |    +8.4% | -229.553 | -651857.562 | _303244_/D
    19630 |       0 |   35559 |            0 |    +8.4% | -229.553 | -651857.562 | _303244_/D
    19640 |       0 |   35585 |            0 |    +8.4% | -229.553 | -651857.562 | _303244_/D
    19650 |       0 |   35614 |            0 |    +8.4% | -229.553 | -651857.562 | _303244_/D
    19660 |       0 |   35643 |            0 |    +8.4% | -229.553 | -651857.562 | _303244_/D
    19670 |       0 |   35669 |            0 |    +8.4% | -229.553 | -651857.562 | _303244_/D
    19680 |       0 |   35696 |            0 |    +8.4% | -229.553 | -651857.562 | _303244_/D
    19690 |       0 |   35725 |            0 |    +8.4% | -229.553 | -651857.562 | _303244_/D
    19700 |       0 |   35754 |            0 |    +8.4% | -229.553 | -651857.562 | _303244_/D
    19710 |       0 |   35783 |            0 |    +8.4% | -229.553 | -651857.562 | _303244_/D
    19720 |       0 |   35811 |            0 |    +8.4% | -229.553 | -651857.562 | _303244_/D
    19730 |       0 |   35840 |            0 |    +8.5% | -229.553 | -651857.562 | _303244_/D
    19740 |       0 |   35870 |            0 |    +8.5% | -229.553 | -651857.562 | _303244_/D
    19750 |       0 |   35897 |            0 |    +8.5% | -229.553 | -651857.562 | _303244_/D
    19760 |       0 |   35925 |            0 |    +8.5% | -229.553 | -651857.562 | _303244_/D
    19770 |       0 |   35955 |            0 |    +8.5% | -229.553 | -651857.562 | _303244_/D
    19780 |       0 |   35984 |            0 |    +8.5% | -229.553 | -651857.562 | _303244_/D
    19790 |       0 |   36013 |            0 |    +8.5% | -229.553 | -651857.562 | _303244_/D
    19800 |       0 |   36041 |            0 |    +8.5% | -229.553 | -651857.562 | _303244_/D
    19810 |       0 |   36069 |            0 |    +8.5% | -229.553 | -651857.562 | _303244_/D
    19820 |       0 |   36096 |            0 |    +8.5% | -229.553 | -651857.562 | _303244_/D
    19830 |       0 |   36125 |            0 |    +8.5% | -229.553 | -651857.562 | _303244_/D
    19840 |       0 |   36155 |            0 |    +8.5% | -229.553 | -651857.562 | _303244_/D
    19850 |       0 |   36181 |            0 |    +8.5% | -229.553 | -651857.562 | _303244_/D
    19860 |       0 |   36211 |            0 |    +8.5% | -229.553 | -651857.562 | _303244_/D
    19870 |       0 |   36240 |            0 |    +8.5% | -229.553 | -651857.562 | _303244_/D
    19880 |       0 |   36268 |            0 |    +8.6% | -229.553 | -651857.562 | _303244_/D
    19890 |       0 |   36296 |            0 |    +8.6% | -229.553 | -651857.562 | _303244_/D
    19900 |       0 |   36325 |            0 |    +8.6% | -229.553 | -651857.562 | _303244_/D
    19910 |       0 |   36354 |            0 |    +8.6% | -229.553 | -651857.562 | _303244_/D
    19920 |       0 |   36378 |            0 |    +8.6% | -229.553 | -651857.562 | _303244_/D
    19930 |       0 |   36407 |            0 |    +8.6% | -229.553 | -651857.562 | _303244_/D
    19940 |       0 |   36437 |            0 |    +8.6% | -229.553 | -651857.562 | _303244_/D
    19950 |       0 |   36465 |            0 |    +8.6% | -229.553 | -651857.562 | _303244_/D
    19960 |       0 |   36495 |            0 |    +8.6% | -229.553 | -651857.562 | _303244_/D
    19970 |       0 |   36525 |            0 |    +8.6% | -229.553 | -651857.562 | _303244_/D
    19980 |       0 |   36554 |            0 |    +8.6% | -229.553 | -651857.562 | _303244_/D
    19990 |       0 |   36584 |            0 |    +8.6% | -229.553 | -651857.562 | _303244_/D
    20000 |       0 |   36611 |            0 |    +8.6% | -229.553 | -651857.562 | _303244_/D
    20010 |       0 |   36639 |            0 |    +8.6% | -229.553 | -651857.562 | _303244_/D
    20020 |       0 |   36663 |            0 |    +8.6% | -229.553 | -651857.562 | _303244_/D
    20030 |       0 |   36692 |            0 |    +8.7% | -229.553 | -651857.562 | _303244_/D
    20040 |       0 |   36722 |            0 |    +8.7% | -229.553 | -651857.562 | _303244_/D
    20050 |       0 |   36750 |            0 |    +8.7% | -229.553 | -651857.562 | _303244_/D
    20060 |       0 |   36779 |            0 |    +8.7% | -229.553 | -651857.562 | _303244_/D
    20070 |       0 |   36809 |            0 |    +8.7% | -229.553 | -651857.562 | _303244_/D
    20080 |       0 |   36838 |            0 |    +8.7% | -229.553 | -651857.562 | _303244_/D
    20090 |       0 |   36868 |            0 |    +8.7% | -229.553 | -651857.562 | _303244_/D
    20100 |       0 |   36896 |            0 |    +8.7% | -229.553 | -651857.562 | _303244_/D
    20110 |       0 |   36926 |            0 |    +8.7% | -229.553 | -651857.562 | _303244_/D
    20120 |       0 |   36955 |            0 |    +8.7% | -229.553 | -651857.562 | _303244_/D
    20130 |       0 |   36984 |            0 |    +8.7% | -229.553 | -651857.562 | _303244_/D
    20140 |       0 |   37013 |            0 |    +8.7% | -229.553 | -651857.562 | _303244_/D
    20150 |       0 |   37040 |            0 |    +8.7% | -229.553 | -651857.562 | _303244_/D
    20160 |       0 |   37067 |            0 |    +8.7% | -229.553 | -651857.562 | _303244_/D
    20170 |       0 |   37094 |            0 |    +8.7% | -229.553 | -651857.562 | _303244_/D
    20180 |       0 |   37122 |            0 |    +8.8% | -229.553 | -651857.562 | _303244_/D
    20190 |       0 |   37150 |            0 |    +8.8% | -229.553 | -651857.562 | _303244_/D
    20200 |       0 |   37179 |            0 |    +8.8% | -229.553 | -651857.562 | _303244_/D
    20210 |       0 |   37207 |            0 |    +8.8% | -229.553 | -651857.562 | _303244_/D
    20220 |       0 |   37234 |            0 |    +8.8% | -229.553 | -651857.562 | _303244_/D
    20230 |       0 |   37262 |            0 |    +8.8% | -229.553 | -651857.562 | _303244_/D
    20240 |       0 |   37292 |            0 |    +8.8% | -229.553 | -651857.562 | _303244_/D
    20250 |       0 |   37320 |            0 |    +8.8% | -229.553 | -651857.562 | _303244_/D
    20260 |       0 |   37348 |            0 |    +8.8% | -229.553 | -651857.562 | _303244_/D
    20270 |       0 |   37375 |            0 |    +8.8% | -229.553 | -651857.562 | _303244_/D
    20280 |       0 |   37403 |            0 |    +8.8% | -229.553 | -651857.562 | _303244_/D
    20290 |       0 |   37431 |            0 |    +8.8% | -229.553 | -651857.562 | _303244_/D
    20300 |       0 |   37460 |            0 |    +8.8% | -229.553 | -651857.562 | _303244_/D
    20310 |       0 |   37483 |            0 |    +8.8% | -229.553 | -651857.562 | _303244_/D
    20320 |       0 |   37509 |            0 |    +8.8% | -229.553 | -651857.562 | _303244_/D
    20330 |       0 |   37536 |            0 |    +8.9% | -229.553 | -651857.562 | _303244_/D
    20340 |       0 |   37566 |            0 |    +8.9% | -229.553 | -651857.562 | _303244_/D
    20350 |       0 |   37595 |            0 |    +8.9% | -229.553 | -651857.562 | _303244_/D
    20360 |       0 |   37623 |            0 |    +8.9% | -229.553 | -651857.562 | _303244_/D
    20370 |       0 |   37651 |            0 |    +8.9% | -229.553 | -651857.562 | _303244_/D
    20380 |       0 |   37679 |            0 |    +8.9% | -229.553 | -651857.562 | _303244_/D
    20390 |       0 |   37708 |            0 |    +8.9% | -229.553 | -651857.562 | _303244_/D
    20400 |       0 |   37731 |            0 |    +8.9% | -229.553 | -651857.562 | _303244_/D
    20410 |       0 |   37761 |            0 |    +8.9% | -229.553 | -651857.562 | _303244_/D
    20420 |       0 |   37789 |            0 |    +8.9% | -229.553 | -651857.562 | _303244_/D
    20430 |       0 |   37818 |            0 |    +8.9% | -229.553 | -651857.562 | _303244_/D
    20440 |       0 |   37846 |            0 |    +8.9% | -229.553 | -651857.562 | _303244_/D
    20450 |       0 |   37874 |            0 |    +8.9% | -229.553 | -651857.562 | _303244_/D
    20460 |       0 |   37899 |            0 |    +8.9% | -229.553 | -651857.562 | _303244_/D
    20470 |       0 |   37927 |            0 |    +8.9% | -229.553 | -651857.562 | _303244_/D
    20480 |       0 |   37956 |            0 |    +9.0% | -229.553 | -651857.562 | _303244_/D
    20490 |       0 |   37981 |            0 |    +9.0% | -229.553 | -651857.562 | _303244_/D
    20500 |       0 |   38008 |            0 |    +9.0% | -229.553 | -651857.562 | _303244_/D
    20510 |       0 |   38036 |            0 |    +9.0% | -229.553 | -651857.562 | _303244_/D
    20520 |       0 |   38064 |            0 |    +9.0% | -229.553 | -651857.562 | _303244_/D
    20530 |       0 |   38092 |            0 |    +9.0% | -229.553 | -651857.562 | _303244_/D
    20540 |       0 |   38115 |            0 |    +9.0% | -229.553 | -651857.562 | _303244_/D
    20550 |       0 |   38142 |            0 |    +9.0% | -229.553 | -651857.562 | _303244_/D
    20560 |       0 |   38172 |            0 |    +9.0% | -229.553 | -651857.562 | _303244_/D
    20570 |       0 |   38202 |            0 |    +9.0% | -229.553 | -651857.562 | _303244_/D
    20580 |       0 |   38231 |            0 |    +9.0% | -229.553 | -651857.562 | _303244_/D
    20590 |       0 |   38260 |            0 |    +9.0% | -229.553 | -651857.562 | _303244_/D
    20600 |       0 |   38288 |            0 |    +9.0% | -229.553 | -651857.562 | _303244_/D
    20610 |       0 |   38317 |            0 |    +9.0% | -229.553 | -651857.562 | _303244_/D
    20620 |       0 |   38344 |            0 |    +9.0% | -229.553 | -651857.562 | _303244_/D
    20630 |       0 |   38372 |            0 |    +9.0% | -229.553 | -651857.562 | _303244_/D
    20640 |       0 |   38402 |            0 |    +9.1% | -229.553 | -651857.562 | _303244_/D
    20650 |       0 |   38431 |            0 |    +9.1% | -229.553 | -651857.562 | _303244_/D
    20660 |       0 |   38457 |            0 |    +9.1% | -229.553 | -651857.562 | _303244_/D
    20670 |       0 |   38487 |            0 |    +9.1% | -229.553 | -651857.562 | _303244_/D
    20680 |       0 |   38512 |            0 |    +9.1% | -229.553 | -651857.562 | _303244_/D
    20690 |       0 |   38540 |            0 |    +9.1% | -229.553 | -651857.562 | _303244_/D
    20700 |       0 |   38568 |            0 |    +9.1% | -229.553 | -651857.562 | _303244_/D
    20710 |       0 |   38595 |            0 |    +9.1% | -229.553 | -651857.562 | _303244_/D
    20720 |       0 |   38624 |            0 |    +9.1% | -229.553 | -651857.562 | _303244_/D
    20730 |       0 |   38653 |            0 |    +9.1% | -229.553 | -651857.562 | _303244_/D
    20740 |       0 |   38680 |            0 |    +9.1% | -229.553 | -651857.562 | _303244_/D
    20750 |       0 |   38708 |            0 |    +9.1% | -229.553 | -651857.562 | _303244_/D
    20760 |       0 |   38738 |            0 |    +9.1% | -229.553 | -651857.562 | _303244_/D
    20770 |       0 |   38766 |            0 |    +9.1% | -229.553 | -651857.562 | _303244_/D
    20780 |       0 |   38791 |            0 |    +9.1% | -229.553 | -651857.562 | _303244_/D
    20790 |       0 |   38820 |            0 |    +9.2% | -229.553 | -651857.562 | _303244_/D
    20800 |       0 |   38847 |            0 |    +9.2% | -229.553 | -651857.562 | _303244_/D
    20810 |       0 |   38876 |            0 |    +9.2% | -229.553 | -651857.562 | _303244_/D
    20820 |       0 |   38905 |            0 |    +9.2% | -229.553 | -651857.562 | _303244_/D
    20830 |       0 |   38935 |            0 |    +9.2% | -229.553 | -651857.562 | _303244_/D
    20840 |       0 |   38964 |            0 |    +9.2% | -229.553 | -651857.562 | _303244_/D
    20850 |       0 |   38992 |            0 |    +9.2% | -229.553 | -651857.562 | _303244_/D
    20860 |       0 |   39020 |            0 |    +9.2% | -229.553 | -651857.562 | _303244_/D
    20870 |       0 |   39050 |            0 |    +9.2% | -229.553 | -651857.562 | _303244_/D
    20880 |       0 |   39076 |            0 |    +9.2% | -229.553 | -651857.562 | _303244_/D
    20890 |       0 |   39104 |            0 |    +9.2% | -229.553 | -651857.562 | _303244_/D
    20900 |       0 |   39127 |            0 |    +9.2% | -229.553 | -651857.562 | _303244_/D
    20910 |       0 |   39153 |            0 |    +9.2% | -229.553 | -651857.562 | _303244_/D
    20920 |       0 |   39181 |            0 |    +9.2% | -229.553 | -651857.562 | _303244_/D
    20930 |       0 |   39210 |            0 |    +9.2% | -229.553 | -651857.562 | _303244_/D
    20940 |       0 |   39233 |            0 |    +9.3% | -229.553 | -651857.562 | _303244_/D
    20950 |       0 |   39263 |            0 |    +9.3% | -229.553 | -651857.562 | _303244_/D
    20960 |       0 |   39289 |            0 |    +9.3% | -229.553 | -651857.562 | _303244_/D
    20970 |       0 |   39319 |            0 |    +9.3% | -229.553 | -651857.562 | _303244_/D
    20980 |       0 |   39348 |            0 |    +9.3% | -229.553 | -651857.562 | _303244_/D
    20990 |       0 |   39373 |            0 |    +9.3% | -229.553 | -651857.562 | _303244_/D
    21000 |       0 |   39402 |            0 |    +9.3% | -229.553 | -651857.562 | _303244_/D
    21010 |       0 |   39432 |            0 |    +9.3% | -229.553 | -651857.562 | _303244_/D
    21020 |       0 |   39452 |            0 |    +9.3% | -229.553 | -651857.562 | _303244_/D
    21030 |       0 |   39481 |            0 |    +9.3% | -229.553 | -651857.562 | _303244_/D
    21040 |       0 |   39509 |            0 |    +9.3% | -229.553 | -651857.562 | _303244_/D
    21050 |       0 |   39532 |            0 |    +9.3% | -229.553 | -651857.562 | _303244_/D
    21060 |       0 |   39560 |            0 |    +9.3% | -229.553 | -651857.562 | _303244_/D
    21070 |       0 |   39589 |            0 |    +9.3% | -229.553 | -651857.562 | _303244_/D
    21080 |       0 |   39615 |            0 |    +9.3% | -229.553 | -651857.562 | _303244_/D
    21090 |       0 |   39642 |            0 |    +9.3% | -229.553 | -651857.562 | _303244_/D
    21100 |       0 |   39669 |            0 |    +9.4% | -229.553 | -651857.562 | _303244_/D
    21110 |       0 |   39696 |            0 |    +9.4% | -229.553 | -651857.562 | _303244_/D
    21120 |       0 |   39726 |            0 |    +9.4% | -229.553 | -651857.562 | _303244_/D
    21130 |       0 |   39754 |            0 |    +9.4% | -229.553 | -651857.562 | _303244_/D
    21140 |       0 |   39782 |            0 |    +9.4% | -229.553 | -651857.562 | _303244_/D
    21150 |       0 |   39808 |            0 |    +9.4% | -229.553 | -651857.562 | _303244_/D
    21160 |       0 |   39838 |            0 |    +9.4% | -229.553 | -651857.562 | _303244_/D
    21170 |       0 |   39868 |            0 |    +9.4% | -229.553 | -651857.562 | _303244_/D
    21180 |       0 |   39893 |            0 |    +9.4% | -229.553 | -651857.562 | _303244_/D
    21190 |       0 |   39922 |            0 |    +9.4% | -229.553 | -651857.562 | _303244_/D
    21200 |       0 |   39951 |            0 |    +9.4% | -229.553 | -651857.562 | _303244_/D
    21210 |       0 |   39978 |            0 |    +9.4% | -229.553 | -651857.562 | _303244_/D
    21220 |       0 |   40005 |            0 |    +9.4% | -229.553 | -651857.562 | _303244_/D
    21230 |       0 |   40033 |            0 |    +9.4% | -229.553 | -651857.562 | _303244_/D
    21240 |       0 |   40061 |            0 |    +9.4% | -229.553 | -651857.562 | _303244_/D
    21250 |       0 |   40087 |            0 |    +9.5% | -229.553 | -651857.562 | _303244_/D
    21260 |       0 |   40115 |            0 |    +9.5% | -229.553 | -651857.562 | _303244_/D
    21270 |       0 |   40141 |            0 |    +9.5% | -229.553 | -651857.562 | _303244_/D
    21280 |       0 |   40170 |            0 |    +9.5% | -229.553 | -651857.562 | _303244_/D
    21290 |       0 |   40198 |            0 |    +9.5% | -229.553 | -651857.562 | _303244_/D
    21300 |       0 |   40228 |            0 |    +9.5% | -229.553 | -651857.562 | _303244_/D
    21310 |       0 |   40257 |            0 |    +9.5% | -229.553 | -651857.562 | _303244_/D
    21320 |       0 |   40285 |            0 |    +9.5% | -229.553 | -651857.562 | _303244_/D
    21330 |       0 |   40307 |            0 |    +9.5% | -229.553 | -651857.562 | _303244_/D
    21340 |       0 |   40335 |            0 |    +9.5% | -229.553 | -651857.562 | _303244_/D
    21350 |       0 |   40365 |            0 |    +9.5% | -229.553 | -651857.562 | _303244_/D
    21360 |       0 |   40394 |            0 |    +9.5% | -229.553 | -651857.562 | _303244_/D
    21370 |       0 |   40419 |            0 |    +9.5% | -229.553 | -651857.562 | _303244_/D
    21380 |       0 |   40449 |            0 |    +9.5% | -229.553 | -651857.562 | _303244_/D
    21390 |       0 |   40471 |            0 |    +9.5% | -229.553 | -651857.562 | _303244_/D
    21400 |       0 |   40498 |            0 |    +9.6% | -229.553 | -651857.562 | _303244_/D
    21410 |       0 |   40526 |            0 |    +9.6% | -229.553 | -651857.562 | _303244_/D
    21420 |       0 |   40555 |            0 |    +9.6% | -229.553 | -651857.562 | _303244_/D
    21430 |       0 |   40584 |            0 |    +9.6% | -229.553 | -651857.562 | _303244_/D
    21440 |       0 |   40612 |            0 |    +9.6% | -229.553 | -651857.562 | _303244_/D
    21450 |       0 |   40639 |            0 |    +9.6% | -229.553 | -651857.562 | _303244_/D
    21460 |       0 |   40667 |            0 |    +9.6% | -229.553 | -651857.562 | _303244_/D
    21470 |       0 |   40694 |            0 |    +9.6% | -229.553 | -651857.562 | _303244_/D
    21480 |       0 |   40720 |            0 |    +9.6% | -229.553 | -651857.562 | _303244_/D
    21490 |       0 |   40748 |            0 |    +9.6% | -229.553 | -651857.562 | _303244_/D
    21500 |       0 |   40776 |            0 |    +9.6% | -229.553 | -651857.562 | _303244_/D
    21510 |       0 |   40803 |            0 |    +9.6% | -229.553 | -651857.562 | _303244_/D
    21520 |       0 |   40833 |            0 |    +9.6% | -229.553 | -651857.562 | _303244_/D
    21530 |       0 |   40861 |            0 |    +9.6% | -229.553 | -651857.562 | _303244_/D
    21540 |       0 |   40888 |            0 |    +9.6% | -229.553 | -651857.562 | _303244_/D
    21550 |       0 |   40917 |            0 |    +9.6% | -229.553 | -651857.562 | _303244_/D
    21560 |       0 |   40946 |            0 |    +9.7% | -229.553 | -651857.562 | _303244_/D
    21570 |       0 |   40975 |            0 |    +9.7% | -229.553 | -651857.562 | _303244_/D
    21580 |       0 |   41003 |            0 |    +9.7% | -229.553 | -651857.562 | _303244_/D
    21590 |       0 |   41030 |            0 |    +9.7% | -229.553 | -651857.562 | _303244_/D
    21600 |       0 |   41058 |            0 |    +9.7% | -229.553 | -651857.562 | _303244_/D
    21610 |       0 |   41087 |            0 |    +9.7% | -229.553 | -651857.562 | _303244_/D
    21620 |       0 |   41115 |            0 |    +9.7% | -229.553 | -651857.562 | _303244_/D
    21630 |       0 |   41141 |            0 |    +9.7% | -229.553 | -651857.562 | _303244_/D
    21640 |       0 |   41169 |            0 |    +9.7% | -229.553 | -651857.562 | _303244_/D
    21650 |       0 |   41194 |            0 |    +9.7% | -229.553 | -651857.562 | _303244_/D
    21660 |       0 |   41221 |            0 |    +9.7% | -229.553 | -651857.562 | _303244_/D
    21670 |       0 |   41249 |            0 |    +9.7% | -229.553 | -651857.562 | _303244_/D
    21680 |       0 |   41276 |            0 |    +9.7% | -229.553 | -651857.562 | _303244_/D
    21690 |       0 |   41303 |            0 |    +9.7% | -229.553 | -651857.562 | _303244_/D
    21700 |       0 |   41329 |            0 |    +9.7% | -229.553 | -651857.562 | _303244_/D
    21710 |       0 |   41357 |            0 |    +9.8% | -229.553 | -651857.562 | _303244_/D
    21720 |       0 |   41386 |            0 |    +9.8% | -229.553 | -651857.562 | _303244_/D
    21730 |       0 |   41415 |            0 |    +9.8% | -229.553 | -651857.562 | _303244_/D
    21740 |       0 |   41443 |            0 |    +9.8% | -229.553 | -651857.562 | _303244_/D
    21750 |       0 |   41471 |            0 |    +9.8% | -229.553 | -651857.562 | _303244_/D
    21760 |       0 |   41497 |            0 |    +9.8% | -229.553 | -651857.562 | _303244_/D
    21770 |       0 |   41527 |            0 |    +9.8% | -229.553 | -651857.562 | _303244_/D
    21780 |       0 |   41555 |            0 |    +9.8% | -229.553 | -651857.562 | _303244_/D
    21790 |       0 |   41582 |            0 |    +9.8% | -229.553 | -651857.562 | _303244_/D
    21800 |       0 |   41606 |            0 |    +9.8% | -229.553 | -651857.562 | _303244_/D
    21810 |       0 |   41635 |            0 |    +9.8% | -229.553 | -651857.562 | _303244_/D
    21820 |       0 |   41662 |            0 |    +9.8% | -229.553 | -651857.562 | _303244_/D
    21830 |       0 |   41690 |            0 |    +9.8% | -229.553 | -651857.562 | _303244_/D
    21840 |       0 |   41719 |            0 |    +9.8% | -229.553 | -651857.562 | _303244_/D
    21850 |       0 |   41748 |            0 |    +9.8% | -229.553 | -651857.562 | _303244_/D
    21860 |       0 |   41778 |            0 |    +9.9% | -229.553 | -651857.562 | _303244_/D
    21870 |       0 |   41804 |            0 |    +9.9% | -229.553 | -651857.562 | _303244_/D
    21880 |       0 |   41831 |            0 |    +9.9% | -229.553 | -651857.562 | _303244_/D
    21890 |       0 |   41856 |            0 |    +9.9% | -229.553 | -651857.562 | _303244_/D
    21900 |       0 |   41885 |            0 |    +9.9% | -229.553 | -651857.562 | _303244_/D
    21910 |       0 |   41910 |            0 |    +9.9% | -229.553 | -651857.562 | _303244_/D
    21920 |       0 |   41932 |            0 |    +9.9% | -229.553 | -651857.562 | _303244_/D
    21930 |       0 |   41958 |            0 |    +9.9% | -229.553 | -651857.562 | _303244_/D
    21940 |       0 |   41986 |            0 |    +9.9% | -229.553 | -651857.562 | _303244_/D
    21950 |       0 |   42013 |            0 |    +9.9% | -229.553 | -651857.562 | _303244_/D
    21960 |       0 |   42043 |            0 |    +9.9% | -229.553 | -651857.562 | _303244_/D
    21970 |       0 |   42070 |            0 |    +9.9% | -229.553 | -651857.562 | _303244_/D
    21980 |       0 |   42098 |            0 |    +9.9% | -229.553 | -651857.562 | _303244_/D
    21990 |       0 |   42123 |            0 |    +9.9% | -229.553 | -651857.562 | _303244_/D
    22000 |       0 |   42149 |            0 |    +9.9% | -229.553 | -651857.562 | _303244_/D
    22010 |       0 |   42179 |            0 |    +9.9% | -229.553 | -651857.562 | _303244_/D
    22020 |       0 |   42206 |            0 |   +10.0% | -229.553 | -651857.562 | _303244_/D
    22030 |       0 |   42235 |            0 |   +10.0% | -229.553 | -651857.562 | _303244_/D
    22040 |       0 |   42263 |            0 |   +10.0% | -229.553 | -651857.562 | _303244_/D
    22050 |       0 |   42290 |            0 |   +10.0% | -229.553 | -651857.562 | _303244_/D
    22060 |       0 |   42316 |            0 |   +10.0% | -229.553 | -651857.562 | _303244_/D
    22070 |       0 |   42343 |            0 |   +10.0% | -229.553 | -651857.562 | _303244_/D
    22080 |       0 |   42373 |            0 |   +10.0% | -229.553 | -651857.562 | _303244_/D
    22090 |       0 |   42403 |            0 |   +10.0% | -229.553 | -651857.562 | _303244_/D
    22100 |       0 |   42430 |            0 |   +10.0% | -229.553 | -651857.562 | _303244_/D
    22110 |       0 |   42457 |            0 |   +10.0% | -229.553 | -651857.562 | _303244_/D
    22120 |       0 |   42486 |            0 |   +10.0% | -229.553 | -651857.562 | _303244_/D
    22130 |       0 |   42511 |            0 |   +10.0% | -229.553 | -651857.562 | _303244_/D
    22140 |       0 |   42536 |            0 |   +10.0% | -229.553 | -651857.562 | _303244_/D
    22150 |       0 |   42565 |            0 |   +10.0% | -229.553 | -651857.562 | _303244_/D
    22160 |       0 |   42593 |            0 |   +10.0% | -229.553 | -651857.562 | _303244_/D
    22170 |       0 |   42622 |            0 |   +10.1% | -229.553 | -651857.562 | _303244_/D
    22180 |       0 |   42652 |            0 |   +10.1% | -229.553 | -651857.562 | _303244_/D
    22190 |       0 |   42678 |            0 |   +10.1% | -229.553 | -651857.562 | _303244_/D
    22200 |       0 |   42706 |            0 |   +10.1% | -229.553 | -651857.562 | _303244_/D
    22210 |       0 |   42734 |            0 |   +10.1% | -229.553 | -651857.562 | _303244_/D
    22220 |       0 |   42764 |            0 |   +10.1% | -229.553 | -651857.562 | _303244_/D
    22230 |       0 |   42793 |            0 |   +10.1% | -229.553 | -651857.562 | _303244_/D
    22240 |       0 |   42820 |            0 |   +10.1% | -229.553 | -651857.562 | _303244_/D
    22250 |       0 |   42850 |            0 |   +10.1% | -229.553 | -651857.562 | _303244_/D
    22260 |       0 |   42874 |            0 |   +10.1% | -229.553 | -651857.562 | _303244_/D
    22270 |       0 |   42903 |            0 |   +10.1% | -229.553 | -651857.562 | _303244_/D
    22280 |       0 |   42932 |            0 |   +10.1% | -229.553 | -651857.562 | _303244_/D
    22290 |       0 |   42959 |            0 |   +10.1% | -229.553 | -651857.562 | _303244_/D
    22300 |       0 |   42988 |            0 |   +10.1% | -229.553 | -651857.562 | _303244_/D
    22310 |       0 |   43017 |            0 |   +10.1% | -229.553 | -651857.562 | _303244_/D
    22320 |       0 |   43044 |            0 |   +10.2% | -229.553 | -651857.562 | _303244_/D
    22330 |       0 |   43072 |            0 |   +10.2% | -229.553 | -651857.562 | _303244_/D
    22340 |       0 |   43099 |            0 |   +10.2% | -229.553 | -651857.562 | _303244_/D
    22350 |       0 |   43125 |            0 |   +10.2% | -229.553 | -651857.562 | _303244_/D
    22360 |       0 |   43152 |            0 |   +10.2% | -229.553 | -651857.562 | _303244_/D
    22370 |       0 |   43179 |            0 |   +10.2% | -229.553 | -651857.562 | _303244_/D
    22380 |       0 |   43207 |            0 |   +10.2% | -229.553 | -651857.562 | _303244_/D
    22390 |       0 |   43236 |            0 |   +10.2% | -229.553 | -651857.562 | _303244_/D
    22400 |       0 |   43263 |            0 |   +10.2% | -229.553 | -651857.562 | _303244_/D
    22410 |       0 |   43292 |            0 |   +10.2% | -229.553 | -651857.562 | _303244_/D
    22420 |       0 |   43315 |            0 |   +10.2% | -229.553 | -651857.562 | _303244_/D
    22430 |       0 |   43342 |            0 |   +10.2% | -229.553 | -651857.562 | _303244_/D
    22440 |       0 |   43366 |            0 |   +10.2% | -229.553 | -651857.562 | _303244_/D
    22450 |       0 |   43391 |            0 |   +10.2% | -229.553 | -651857.562 | _303244_/D
    22460 |       0 |   43420 |            0 |   +10.2% | -229.553 | -651857.562 | _303244_/D
    22470 |       0 |   43447 |            0 |   +10.2% | -229.553 | -651857.562 | _303244_/D
    22480 |       0 |   43472 |            0 |   +10.3% | -229.553 | -651857.562 | _303244_/D
    22490 |       0 |   43501 |            0 |   +10.3% | -229.553 | -651857.562 | _303244_/D
    22500 |       0 |   43528 |            0 |   +10.3% | -229.553 | -651857.562 | _303244_/D
    22510 |       0 |   43554 |            0 |   +10.3% | -229.553 | -651857.562 | _303244_/D
    22520 |       0 |   43582 |            0 |   +10.3% | -229.553 | -651857.562 | _303244_/D
    22530 |       0 |   43610 |            0 |   +10.3% | -229.553 | -651857.562 | _303244_/D
    22540 |       0 |   43637 |            0 |   +10.3% | -229.553 | -651857.562 | _303244_/D
    22550 |       0 |   43660 |            0 |   +10.3% | -229.553 | -651857.562 | _303244_/D
    22560 |       0 |   43688 |            0 |   +10.3% | -229.553 | -651857.562 | _303244_/D
    22570 |       0 |   43716 |            0 |   +10.3% | -229.553 | -651857.562 | _303244_/D
    22580 |       0 |   43743 |            0 |   +10.3% | -229.553 | -651857.562 | _303244_/D
    22590 |       0 |   43768 |            0 |   +10.3% | -229.553 | -651857.562 | _303244_/D
    22600 |       0 |   43795 |            0 |   +10.3% | -229.553 | -651857.562 | _303244_/D
    22610 |       0 |   43823 |            0 |   +10.3% | -229.553 | -651857.562 | _303244_/D
    22620 |       0 |   43852 |            0 |   +10.3% | -229.553 | -651857.562 | _303244_/D
    22630 |       0 |   43880 |            0 |   +10.3% | -229.553 | -651857.562 | _303244_/D
    22640 |       0 |   43907 |            0 |   +10.4% | -229.553 | -651857.562 | _303244_/D
    22650 |       0 |   43935 |            0 |   +10.4% | -229.553 | -651857.562 | _303244_/D
    22660 |       0 |   43960 |            0 |   +10.4% | -229.553 | -651857.562 | _303244_/D
    22670 |       0 |   43986 |            0 |   +10.4% | -229.553 | -651857.562 | _303244_/D
    22680 |       0 |   44014 |            0 |   +10.4% | -229.553 | -651857.562 | _303244_/D
    22690 |       0 |   44038 |            0 |   +10.4% | -229.553 | -651857.562 | _303244_/D
    22700 |       0 |   44064 |            0 |   +10.4% | -229.553 | -651857.562 | _303244_/D
    22710 |       0 |   44091 |            0 |   +10.4% | -229.553 | -651857.562 | _303244_/D
    22720 |       0 |   44119 |            0 |   +10.4% | -229.553 | -651857.562 | _303244_/D
    22730 |       0 |   44148 |            0 |   +10.4% | -229.553 | -651857.562 | _303244_/D
    22740 |       0 |   44177 |            0 |   +10.4% | -229.553 | -651857.562 | _303244_/D
    22750 |       0 |   44204 |            0 |   +10.4% | -229.553 | -651857.562 | _303244_/D
    22760 |       0 |   44233 |            0 |   +10.4% | -229.553 | -651857.562 | _303244_/D
    22770 |       0 |   44257 |            0 |   +10.4% | -229.553 | -651857.562 | _303244_/D
    22780 |       0 |   44284 |            0 |   +10.4% | -229.553 | -651857.562 | _303244_/D
    22790 |       0 |   44309 |            0 |   +10.4% | -229.553 | -651857.562 | _303244_/D
    22800 |       0 |   44337 |            0 |   +10.5% | -229.553 | -651857.562 | _303244_/D
    22810 |       0 |   44365 |            0 |   +10.5% | -229.553 | -651857.562 | _303244_/D
    22820 |       0 |   44393 |            0 |   +10.5% | -229.553 | -651857.562 | _303244_/D
    22830 |       0 |   44418 |            0 |   +10.5% | -229.553 | -651857.562 | _303244_/D
    22840 |       0 |   44445 |            0 |   +10.5% | -229.553 | -651857.562 | _303244_/D
    22850 |       0 |   44472 |            0 |   +10.5% | -229.553 | -651857.562 | _303244_/D
    22860 |       0 |   44499 |            0 |   +10.5% | -229.553 | -651857.562 | _303244_/D
    22870 |       0 |   44521 |            0 |   +10.5% | -229.553 | -651857.562 | _303244_/D
    22880 |       0 |   44549 |            0 |   +10.5% | -229.553 | -651857.562 | _303244_/D
    22890 |       0 |   44575 |            0 |   +10.5% | -229.553 | -651857.562 | _303244_/D
    22900 |       0 |   44600 |            0 |   +10.5% | -229.553 | -651857.562 | _303244_/D
    22910 |       0 |   44625 |            0 |   +10.5% | -229.553 | -651857.562 | _303244_/D
    22920 |       0 |   44651 |            0 |   +10.5% | -229.553 | -651857.562 | _303244_/D
    22930 |       0 |   44675 |            0 |   +10.5% | -229.553 | -651857.562 | _303244_/D
    22940 |       0 |   44698 |            0 |   +10.5% | -229.553 | -651857.562 | _303244_/D
    22950 |       0 |   44722 |            0 |   +10.5% | -229.553 | -651857.562 | _303244_/D
    22960 |       0 |   44746 |            0 |   +10.6% | -229.553 | -651857.562 | _303244_/D
    22970 |       0 |   44773 |            0 |   +10.6% | -229.553 | -651857.562 | _303244_/D
    22980 |       0 |   44798 |            0 |   +10.6% | -229.553 | -651857.562 | _303244_/D
    22990 |       0 |   44824 |            0 |   +10.6% | -229.553 | -651857.562 | _303244_/D
    23000 |       0 |   44850 |            0 |   +10.6% | -229.553 | -651857.562 | _303244_/D
    23010 |       0 |   44877 |            0 |   +10.6% | -229.553 | -651857.562 | _303244_/D
    23020 |       0 |   44904 |            0 |   +10.6% | -229.553 | -651857.562 | _303244_/D
    23030 |       0 |   44931 |            0 |   +10.6% | -229.553 | -651857.562 | _303244_/D
    23040 |       0 |   44956 |            0 |   +10.6% | -229.553 | -651857.562 | _303244_/D
    23050 |       0 |   44979 |            0 |   +10.6% | -229.553 | -651857.562 | _303244_/D
    23060 |       0 |   45006 |            0 |   +10.6% | -229.553 | -651857.562 | _303244_/D
    23070 |       0 |   45034 |            0 |   +10.6% | -229.553 | -651857.562 | _303244_/D
    23080 |       0 |   45062 |            0 |   +10.6% | -229.553 | -651857.562 | _303244_/D
    23090 |       0 |   45089 |            0 |   +10.6% | -229.553 | -651857.562 | _303244_/D
    23100 |       0 |   45116 |            0 |   +10.6% | -229.553 | -651857.562 | _303244_/D
    23110 |       0 |   45144 |            0 |   +10.6% | -229.553 | -651857.562 | _303244_/D
    final |       0 |   45170 |            0 |   +10.7% | -229.553 | -651857.562 | _303244_/D
--------------------------------------------------------------------------------------
[WARNING RSZ-0064] Unable to repair all hold checks within margin.
[INFO RSZ-0032] Inserted 45170 hold buffers.
[ERROR RSZ-0060] Max buffer count reached.
Error: cts.tcl, 83 RSZ-0060
Elapsed time: 7:03.27[h:]min:sec. CPU time: user 491.25 sys 35.98 (124%). Peak memory: 2554952KB.
