pin	direction	signal_type	layer	xmin_um	ymin_um	xmax_um	ymax_um
aibase[0]	INPUT	SIGNAL	M4	0.0	215.616	0.084	215.64
aibase[10]	INPUT	SIGNAL	M4	0.0	216.192	0.084	216.216
aibase[11]	INPUT	SIGNAL	M4	0.0	216.768	0.084	216.792
aibase[12]	INPUT	SIGNAL	M4	0.0	217.44	0.084	217.464
aibase[13]	INPUT	SIGNAL	M4	0.0	217.152	0.084	217.176
aibase[14]	INPUT	SIGNAL	M4	0.0	221.76	0.084	221.784
aibase[15]	INPUT	SIGNAL	M4	0.0	221.952	0.084	221.976
aibase[16]	INPUT	SIGNAL	M4	0.0	222.624	0.084	222.648
aibase[17]	INPUT	SIGNAL	M4	0.0	221.856	0.084	221.88
aibase[18]	INPUT	SIGNAL	M4	0.0	223.872	0.084	223.896
aibase[19]	INPUT	SIGNAL	M4	0.0	222.048	0.084	222.072
aibase[1]	INPUT	SIGNAL	M4	0.0	210.432	0.084	210.456
aibase[20]	INPUT	SIGNAL	M4	0.0	222.144	0.084	222.168
aibase[21]	INPUT	SIGNAL	M4	0.0	221.088	0.084	221.112
aibase[22]	INPUT	SIGNAL	M4	0.0	220.32	0.084	220.344
aibase[23]	INPUT	SIGNAL	M4	0.0	217.824	0.084	217.848
aibase[2]	INPUT	SIGNAL	M4	0.0	211.776	0.084	211.8
aibase[3]	INPUT	SIGNAL	M4	0.0	212.448	0.084	212.472
aibase[4]	INPUT	SIGNAL	M4	0.0	213.024	0.084	213.048
aibase[5]	INPUT	SIGNAL	M4	0.0	210.336	0.084	210.36
aibase[6]	INPUT	SIGNAL	M4	0.0	213.408	0.084	213.432
aibase[7]	INPUT	SIGNAL	M4	0.0	213.504	0.084	213.528
aibase[8]	INPUT	SIGNAL	M4	0.0	214.272	0.084	214.296
aibase[9]	INPUT	SIGNAL	M4	0.0	215.52	0.084	215.544
aind[0]	INPUT	SIGNAL	M4	0.0	202.272	0.084	202.296
aind[1]	INPUT	SIGNAL	M4	0.0	203.808	0.084	203.832
bank	INPUT	SIGNAL	M5	0.768	0.0	0.792	0.084
ca_ad[0]	INPUT	SIGNAL	M4	0.0	140.832	0.084	140.856
ca_ad[1]	INPUT	SIGNAL	M5	142.464	0.0	142.488	0.084
ca_ad[2]	INPUT	SIGNAL	M4	0.0	141.6	0.084	141.624
ca_imm2[0]	INPUT	SIGNAL	M5	140.736	0.0	140.76	0.084
ca_imm2[10]	INPUT	SIGNAL	M4	0.0	139.104	0.084	139.128
ca_imm2[11]	INPUT	SIGNAL	M4	0.0	141.696	0.084	141.72
ca_imm2[12]	INPUT	SIGNAL	M4	0.0	142.944	0.084	142.968
ca_imm2[13]	INPUT	SIGNAL	M4	0.0	144.0	0.084	144.024
ca_imm2[14]	INPUT	SIGNAL	M4	0.0	141.408	0.084	141.432
ca_imm2[15]	INPUT	SIGNAL	M4	0.0	143.904	0.084	143.928
ca_imm2[16]	INPUT	SIGNAL	M4	0.0	146.112	0.084	146.136
ca_imm2[17]	INPUT	SIGNAL	M4	0.0	145.536	0.084	145.56
ca_imm2[18]	INPUT	SIGNAL	M4	0.0	141.504	0.084	141.528
ca_imm2[19]	INPUT	SIGNAL	M4	0.0	145.344	0.084	145.368
ca_imm2[1]	INPUT	SIGNAL	M4	0.0	137.184	0.084	137.208
ca_imm2[20]	INPUT	SIGNAL	M4	0.0	146.016	0.084	146.04
ca_imm2[21]	INPUT	SIGNAL	M5	135.84	0.0	135.864	0.084
ca_imm2[22]	INPUT	SIGNAL	M5	137.376	0.0	137.4	0.084
ca_imm2[23]	INPUT	SIGNAL	M5	135.936	0.0	135.96	0.084
ca_imm2[24]	INPUT	SIGNAL	M5	138.528	0.0	138.552	0.084
ca_imm2[25]	INPUT	SIGNAL	M5	136.8	0.0	136.824	0.084
ca_imm2[26]	INPUT	SIGNAL	M5	135.744	0.0	135.768	0.084
ca_imm2[27]	INPUT	SIGNAL	M5	137.088	0.0	137.112	0.084
ca_imm2[28]	INPUT	SIGNAL	M5	135.648	0.0	135.672	0.084
ca_imm2[29]	INPUT	SIGNAL	M5	137.76	0.0	137.784	0.084
ca_imm2[2]	INPUT	SIGNAL	M4	0.0	138.048	0.084	138.072
ca_imm2[30]	INPUT	SIGNAL	M5	137.664	0.0	137.688	0.084
ca_imm2[31]	INPUT	SIGNAL	M5	140.544	0.0	140.568	0.084
ca_imm2[3]	INPUT	SIGNAL	M5	139.104	0.0	139.128	0.084
ca_imm2[4]	INPUT	SIGNAL	M4	0.0	135.84	0.084	135.864
ca_imm2[5]	INPUT	SIGNAL	M5	139.008	0.0	139.032	0.084
ca_imm2[6]	INPUT	SIGNAL	M4	0.0	140.256	0.084	140.28
ca_imm2[7]	INPUT	SIGNAL	M4	0.0	140.544	0.084	140.568
ca_imm2[8]	INPUT	SIGNAL	M4	0.0	140.064	0.084	140.088
ca_imm2[9]	INPUT	SIGNAL	M5	139.584	0.0	139.608	0.084
ce_e2[0]	INPUT	SIGNAL	M4	345.675	118.56	345.759	118.584
ce_e2[1]	INPUT	SIGNAL	M4	345.675	119.52	345.759	119.544
ce_imm1[0]	INPUT	SIGNAL	M4	345.675	119.616	345.759	119.64
ce_imm1[10]	INPUT	SIGNAL	M4	345.675	128.736	345.759	128.76
ce_imm1[11]	INPUT	SIGNAL	M4	345.675	124.512	345.759	124.536
ce_imm1[12]	INPUT	SIGNAL	M4	345.675	123.264	345.759	123.288
ce_imm1[13]	INPUT	SIGNAL	M4	345.675	124.128	345.759	124.152
ce_imm1[14]	INPUT	SIGNAL	M4	345.675	122.016	345.759	122.04
ce_imm1[15]	INPUT	SIGNAL	M4	345.675	122.496	345.759	122.52
ce_imm1[16]	INPUT	SIGNAL	M4	345.675	123.84	345.759	123.864
ce_imm1[17]	INPUT	SIGNAL	M4	345.675	123.456	345.759	123.48
ce_imm1[18]	INPUT	SIGNAL	M4	345.675	120.864	345.759	120.888
ce_imm1[19]	INPUT	SIGNAL	M4	345.675	122.592	345.759	122.616
ce_imm1[1]	INPUT	SIGNAL	M4	345.675	121.824	345.759	121.848
ce_imm1[20]	INPUT	SIGNAL	M4	345.675	121.056	345.759	121.08
ce_imm1[21]	INPUT	SIGNAL	M4	345.675	123.936	345.759	123.96
ce_imm1[22]	INPUT	SIGNAL	M4	345.675	122.688	345.759	122.712
ce_imm1[23]	INPUT	SIGNAL	M4	345.675	124.032	345.759	124.056
ce_imm1[24]	INPUT	SIGNAL	M4	345.675	121.92	345.759	121.944
ce_imm1[25]	INPUT	SIGNAL	M4	345.675	123.744	345.759	123.768
ce_imm1[26]	INPUT	SIGNAL	M4	345.675	122.304	345.759	122.328
ce_imm1[27]	INPUT	SIGNAL	M4	345.675	122.88	345.759	122.904
ce_imm1[28]	INPUT	SIGNAL	M4	345.675	124.8	345.759	124.824
ce_imm1[29]	INPUT	SIGNAL	M4	345.675	123.36	345.759	123.384
ce_imm1[2]	INPUT	SIGNAL	M4	345.675	120.0	345.759	120.024
ce_imm1[30]	INPUT	SIGNAL	M4	345.675	122.208	345.759	122.232
ce_imm1[31]	INPUT	SIGNAL	M4	345.675	118.272	345.759	118.296
ce_imm1[3]	INPUT	SIGNAL	M4	345.675	119.904	345.759	119.928
ce_imm1[4]	INPUT	SIGNAL	M4	345.675	123.168	345.759	123.192
ce_imm1[5]	INPUT	SIGNAL	M4	345.675	125.28	345.759	125.304
ce_imm1[6]	INPUT	SIGNAL	M4	345.675	122.784	345.759	122.808
ce_imm1[7]	INPUT	SIGNAL	M4	345.675	127.2	345.759	127.224
ce_imm1[8]	INPUT	SIGNAL	M4	345.675	128.448	345.759	128.472
ce_imm1[9]	INPUT	SIGNAL	M4	345.675	126.24	345.759	126.264
ci_sfu[0]	INPUT	SIGNAL	M5	146.304	0.0	146.328	0.084
ci_sfu[1]	INPUT	SIGNAL	M5	147.36	0.0	147.384	0.084
ci_sfu[2]	INPUT	SIGNAL	M5	146.208	0.0	146.232	0.084
clk	INPUT	SIGNAL	M4	0.0	343.2	0.084	343.224
cm_imm1[0]	INPUT	SIGNAL	M5	132.864	0.0	132.888	0.084
cm_imm1[10]	INPUT	SIGNAL	M5	132.0	0.0	132.024	0.084
cm_imm1[11]	INPUT	SIGNAL	M5	129.12	0.0	129.144	0.084
cm_imm1[12]	INPUT	SIGNAL	M5	129.504	0.0	129.528	0.084
cm_imm1[13]	INPUT	SIGNAL	M5	129.792	0.0	129.816	0.084
cm_imm1[14]	INPUT	SIGNAL	M5	127.872	0.0	127.896	0.084
cm_imm1[15]	INPUT	SIGNAL	M5	128.064	0.0	128.088	0.084
cm_imm1[16]	INPUT	SIGNAL	M5	129.216	0.0	129.24	0.084
cm_imm1[17]	INPUT	SIGNAL	M5	127.68	0.0	127.704	0.084
cm_imm1[18]	INPUT	SIGNAL	M5	130.56	0.0	130.584	0.084
cm_imm1[19]	INPUT	SIGNAL	M5	130.368	0.0	130.392	0.084
cm_imm1[1]	INPUT	SIGNAL	M5	131.232	0.0	131.256	0.084
cm_imm1[20]	INPUT	SIGNAL	M5	127.968	0.0	127.992	0.084
cm_imm1[21]	INPUT	SIGNAL	M5	129.312	0.0	129.336	0.084
cm_imm1[22]	INPUT	SIGNAL	M5	130.272	0.0	130.296	0.084
cm_imm1[23]	INPUT	SIGNAL	M5	129.888	0.0	129.912	0.084
cm_imm1[24]	INPUT	SIGNAL	M5	131.616	0.0	131.64	0.084
cm_imm1[25]	INPUT	SIGNAL	M5	129.6	0.0	129.624	0.084
cm_imm1[26]	INPUT	SIGNAL	M5	131.808	0.0	131.832	0.084
cm_imm1[27]	INPUT	SIGNAL	M5	132.48	0.0	132.504	0.084
cm_imm1[28]	INPUT	SIGNAL	M5	129.408	0.0	129.432	0.084
cm_imm1[29]	INPUT	SIGNAL	M5	130.464	0.0	130.488	0.084
cm_imm1[2]	INPUT	SIGNAL	M5	129.696	0.0	129.72	0.084
cm_imm1[30]	INPUT	SIGNAL	M5	131.328	0.0	131.352	0.084
cm_imm1[31]	INPUT	SIGNAL	M5	132.96	0.0	132.984	0.084
cm_imm1[3]	INPUT	SIGNAL	M5	132.672	0.0	132.696	0.084
cm_imm1[4]	INPUT	SIGNAL	M5	130.752	0.0	130.776	0.084
cm_imm1[5]	INPUT	SIGNAL	M5	133.056	0.0	133.08	0.084
cm_imm1[6]	INPUT	SIGNAL	M5	133.44	0.0	133.464	0.084
cm_imm1[7]	INPUT	SIGNAL	M5	130.08	0.0	130.104	0.084
cm_imm1[8]	INPUT	SIGNAL	M5	131.52	0.0	131.544	0.084
cm_imm1[9]	INPUT	SIGNAL	M5	132.096	0.0	132.12	0.084
cm_m1[0]	INPUT	SIGNAL	M4	0.0	72.864	0.084	72.888
cm_m1[1]	INPUT	SIGNAL	M4	0.0	72.576	0.084	72.6
cm_m1[2]	INPUT	SIGNAL	M4	0.0	72.192	0.084	72.216
cm_m2[0]	INPUT	SIGNAL	M5	134.304	0.0	134.328	0.084
cm_m2[1]	INPUT	SIGNAL	M5	134.016	0.0	134.04	0.084
cm_qm[0]	INPUT	SIGNAL	M5	120.384	0.0	120.408	0.084
cm_qm[1]	INPUT	SIGNAL	M5	120.288	0.0	120.312	0.084
cm_qm[2]	INPUT	SIGNAL	M5	119.904	0.0	119.928	0.084
co_dst[0]	INPUT	SIGNAL	M4	345.675	96.576	345.759	96.6
co_dst[1]	INPUT	SIGNAL	M4	345.675	97.152	345.759	97.176
co_rnd	INPUT	SIGNAL	M4	345.675	106.848	345.759	106.872
coll	OUTPUT	SIGNAL	M5	166.176	0.0	166.2	0.084
cp_imm1[0]	INPUT	SIGNAL	M4	0.0	117.984	0.084	118.008
cp_imm1[10]	INPUT	SIGNAL	M4	0.0	116.928	0.084	116.952
cp_imm1[11]	INPUT	SIGNAL	M4	0.0	122.496	0.084	122.52
cp_imm1[12]	INPUT	SIGNAL	M4	0.0	121.728	0.084	121.752
cp_imm1[13]	INPUT	SIGNAL	M4	0.0	120.672	0.084	120.696
cp_imm1[14]	INPUT	SIGNAL	M4	0.0	110.784	0.084	110.808
cp_imm1[15]	INPUT	SIGNAL	M4	0.0	113.184	0.084	113.208
cp_imm1[16]	INPUT	SIGNAL	M4	0.0	119.52	0.084	119.544
cp_imm1[17]	INPUT	SIGNAL	M4	0.0	122.592	0.084	122.616
cp_imm1[18]	INPUT	SIGNAL	M4	0.0	119.328	0.084	119.352
cp_imm1[19]	INPUT	SIGNAL	M4	0.0	118.944	0.084	118.968
cp_imm1[1]	INPUT	SIGNAL	M4	0.0	103.104	0.084	103.128
cp_imm1[20]	INPUT	SIGNAL	M4	0.0	120.096	0.084	120.12
cp_imm1[21]	INPUT	SIGNAL	M4	0.0	104.064	0.084	104.088
cp_imm1[22]	INPUT	SIGNAL	M4	0.0	103.392	0.084	103.416
cp_imm1[23]	INPUT	SIGNAL	M4	0.0	101.28	0.084	101.304
cp_imm1[24]	INPUT	SIGNAL	M4	0.0	98.592	0.084	98.616
cp_imm1[25]	INPUT	SIGNAL	M4	0.0	99.84	0.084	99.864
cp_imm1[26]	INPUT	SIGNAL	M4	0.0	97.344	0.084	97.368
cp_imm1[27]	INPUT	SIGNAL	M4	0.0	100.128	0.084	100.152
cp_imm1[28]	INPUT	SIGNAL	M4	0.0	97.44	0.084	97.464
cp_imm1[29]	INPUT	SIGNAL	M4	0.0	97.824	0.084	97.848
cp_imm1[2]	INPUT	SIGNAL	M4	0.0	116.736	0.084	116.76
cp_imm1[30]	INPUT	SIGNAL	M4	0.0	98.688	0.084	98.712
cp_imm1[31]	INPUT	SIGNAL	M4	0.0	101.664	0.084	101.688
cp_imm1[3]	INPUT	SIGNAL	M4	0.0	111.072	0.084	111.096
cp_imm1[4]	INPUT	SIGNAL	M4	0.0	116.544	0.084	116.568
cp_imm1[5]	INPUT	SIGNAL	M4	0.0	118.176	0.084	118.2
cp_imm1[6]	INPUT	SIGNAL	M4	0.0	116.16	0.084	116.184
cp_imm1[7]	INPUT	SIGNAL	M4	0.0	116.448	0.084	116.472
cp_imm1[8]	INPUT	SIGNAL	M4	0.0	116.352	0.084	116.376
cp_imm1[9]	INPUT	SIGNAL	M4	0.0	117.888	0.084	117.912
cp_m1[0]	INPUT	SIGNAL	M4	0.0	107.04	0.084	107.064
cp_m1[1]	INPUT	SIGNAL	M4	0.0	105.696	0.084	105.72
cp_m1[2]	INPUT	SIGNAL	M4	0.0	105.6	0.084	105.624
cpair	INPUT	SIGNAL	M4	0.0	162.912	0.084	162.936
cs_e1[0]	INPUT	SIGNAL	M4	345.675	182.688	345.759	182.712
cs_e1[1]	INPUT	SIGNAL	M4	345.675	181.536	345.759	181.56
cs_e1[2]	INPUT	SIGNAL	M4	345.675	180.864	345.759	180.888
cs_imm2[0]	INPUT	SIGNAL	M4	345.675	180.384	345.759	180.408
cs_imm2[10]	INPUT	SIGNAL	M4	345.675	179.616	345.759	179.64
cs_imm2[11]	INPUT	SIGNAL	M4	345.675	178.368	345.759	178.392
cs_imm2[12]	INPUT	SIGNAL	M4	345.675	177.024	345.759	177.048
cs_imm2[13]	INPUT	SIGNAL	M4	345.675	177.216	345.759	177.24
cs_imm2[14]	INPUT	SIGNAL	M4	345.675	173.664	345.759	173.688
cs_imm2[15]	INPUT	SIGNAL	M4	345.675	172.224	345.759	172.248
cs_imm2[16]	INPUT	SIGNAL	M4	345.675	174.624	345.759	174.648
cs_imm2[17]	INPUT	SIGNAL	M4	345.675	179.04	345.759	179.064
cs_imm2[18]	INPUT	SIGNAL	M4	345.675	172.128	345.759	172.152
cs_imm2[19]	INPUT	SIGNAL	M4	345.675	173.568	345.759	173.592
cs_imm2[1]	INPUT	SIGNAL	M4	345.675	180.288	345.759	180.312
cs_imm2[20]	INPUT	SIGNAL	M4	345.675	172.416	345.759	172.44
cs_imm2[21]	INPUT	SIGNAL	M4	345.675	179.904	345.759	179.928
cs_imm2[22]	INPUT	SIGNAL	M4	345.675	178.752	345.759	178.776
cs_imm2[23]	INPUT	SIGNAL	M4	345.675	183.264	345.759	183.288
cs_imm2[24]	INPUT	SIGNAL	M4	345.675	178.08	345.759	178.104
cs_imm2[25]	INPUT	SIGNAL	M4	345.675	182.88	345.759	182.904
cs_imm2[26]	INPUT	SIGNAL	M4	345.675	182.784	345.759	182.808
cs_imm2[27]	INPUT	SIGNAL	M4	345.675	182.592	345.759	182.616
cs_imm2[28]	INPUT	SIGNAL	M4	345.675	180.096	345.759	180.12
cs_imm2[29]	INPUT	SIGNAL	M4	345.675	178.848	345.759	178.872
cs_imm2[2]	INPUT	SIGNAL	M4	345.675	181.248	345.759	181.272
cs_imm2[30]	INPUT	SIGNAL	M4	345.675	177.984	345.759	178.008
cs_imm2[31]	INPUT	SIGNAL	M4	345.675	181.152	345.759	181.176
cs_imm2[3]	INPUT	SIGNAL	M4	345.675	178.656	345.759	178.68
cs_imm2[4]	INPUT	SIGNAL	M4	345.675	177.408	345.759	177.432
cs_imm2[5]	INPUT	SIGNAL	M4	345.675	176.352	345.759	176.376
cs_imm2[6]	INPUT	SIGNAL	M4	345.675	177.504	345.759	177.528
cs_imm2[7]	INPUT	SIGNAL	M4	345.675	175.68	345.759	175.704
cs_imm2[8]	INPUT	SIGNAL	M4	345.675	174.72	345.759	174.744
cs_imm2[9]	INPUT	SIGNAL	M4	345.675	175.2	345.759	175.224
cs_sfu[0]	INPUT	SIGNAL	M4	345.675	236.64	345.759	236.664
cs_sfu[1]	INPUT	SIGNAL	M4	345.675	235.584	345.759	235.608
cs_sfu[2]	INPUT	SIGNAL	M4	345.675	236.928	345.759	236.952
cx_amin	INPUT	SIGNAL	M4	0.0	114.048	0.084	114.072
cx_arelu	INPUT	SIGNAL	M4	0.0	113.952	0.084	113.976
cx_arnd	INPUT	SIGNAL	M4	0.0	118.08	0.084	118.104
cx_cclip	INPUT	SIGNAL	M4	0.0	119.136	0.084	119.16
cx_imm3[0]	INPUT	SIGNAL	M4	0.0	130.848	0.084	130.872
cx_imm3[10]	INPUT	SIGNAL	M4	0.0	126.432	0.084	126.456
cx_imm3[11]	INPUT	SIGNAL	M4	0.0	128.352	0.084	128.376
cx_imm3[12]	INPUT	SIGNAL	M4	0.0	123.648	0.084	123.672
cx_imm3[13]	INPUT	SIGNAL	M4	0.0	121.632	0.084	121.656
cx_imm3[14]	INPUT	SIGNAL	M4	0.0	121.056	0.084	121.08
cx_imm3[15]	INPUT	SIGNAL	M4	0.0	122.304	0.084	122.328
cx_imm3[16]	INPUT	SIGNAL	M4	0.0	105.024	0.084	105.048
cx_imm3[17]	INPUT	SIGNAL	M4	0.0	110.208	0.084	110.232
cx_imm3[18]	INPUT	SIGNAL	M4	0.0	108.576	0.084	108.6
cx_imm3[19]	INPUT	SIGNAL	M4	0.0	107.232	0.084	107.256
cx_imm3[1]	INPUT	SIGNAL	M4	0.0	129.6	0.084	129.624
cx_imm3[20]	INPUT	SIGNAL	M4	0.0	112.032	0.084	112.056
cx_imm3[21]	INPUT	SIGNAL	M4	0.0	109.536	0.084	109.56
cx_imm3[22]	INPUT	SIGNAL	M4	0.0	112.992	0.084	113.016
cx_imm3[23]	INPUT	SIGNAL	M4	0.0	113.856	0.084	113.88
cx_imm3[24]	INPUT	SIGNAL	M4	0.0	106.848	0.084	106.872
cx_imm3[25]	INPUT	SIGNAL	M4	0.0	118.368	0.084	118.392
cx_imm3[26]	INPUT	SIGNAL	M4	0.0	114.432	0.084	114.456
cx_imm3[27]	INPUT	SIGNAL	M4	0.0	115.872	0.084	115.896
cx_imm3[28]	INPUT	SIGNAL	M4	0.0	119.616	0.084	119.64
cx_imm3[29]	INPUT	SIGNAL	M4	0.0	118.272	0.084	118.296
cx_imm3[2]	INPUT	SIGNAL	M4	0.0	134.208	0.084	134.232
cx_imm3[30]	INPUT	SIGNAL	M4	0.0	115.2	0.084	115.224
cx_imm3[31]	INPUT	SIGNAL	M4	0.0	123.456	0.084	123.48
cx_imm3[3]	INPUT	SIGNAL	M4	0.0	134.016	0.084	134.04
cx_imm3[4]	INPUT	SIGNAL	M4	0.0	133.824	0.084	133.848
cx_imm3[5]	INPUT	SIGNAL	M4	0.0	133.632	0.084	133.656
cx_imm3[6]	INPUT	SIGNAL	M4	0.0	133.44	0.084	133.464
cx_imm3[7]	INPUT	SIGNAL	M4	0.0	134.592	0.084	134.616
cx_imm3[8]	INPUT	SIGNAL	M4	0.0	122.4	0.084	122.424
cx_imm3[9]	INPUT	SIGNAL	M4	0.0	123.168	0.084	123.192
dst[0]	INPUT	SIGNAL	M4	0.0	172.608	0.084	172.632
dst[1]	INPUT	SIGNAL	M4	0.0	172.512	0.084	172.536
emit	INPUT	SIGNAL	M4	0.0	188.64	0.084	188.664
fault	OUTPUT	SIGNAL	M5	222.336	345.675	222.36	345.759
gsh[0]	INPUT	SIGNAL	M4	0.0	170.976	0.084	171.0
gsh[1]	INPUT	SIGNAL	M4	0.0	174.432	0.084	174.456
gsh[2]	INPUT	SIGNAL	M4	0.0	172.704	0.084	172.728
gsh[3]	INPUT	SIGNAL	M4	0.0	171.936	0.084	171.96
gsh[4]	INPUT	SIGNAL	M4	0.0	183.552	0.084	183.576
i_v[0]	INPUT	SIGNAL	M4	0.0	201.792	0.084	201.816
i_v[10]	INPUT	SIGNAL	M4	0.0	200.544	0.084	200.568
i_v[11]	INPUT	SIGNAL	M4	0.0	201.024	0.084	201.048
i_v[12]	INPUT	SIGNAL	M4	0.0	188.16	0.084	188.184
i_v[13]	INPUT	SIGNAL	M4	0.0	200.256	0.084	200.28
i_v[14]	INPUT	SIGNAL	M4	0.0	201.6	0.084	201.624
i_v[15]	INPUT	SIGNAL	M4	0.0	203.328	0.084	203.352
i_v[16]	INPUT	SIGNAL	M4	0.0	202.368	0.084	202.392
i_v[17]	INPUT	SIGNAL	M4	0.0	202.944	0.084	202.968
i_v[18]	INPUT	SIGNAL	M4	0.0	204.192	0.084	204.216
i_v[19]	INPUT	SIGNAL	M4	0.0	201.696	0.084	201.72
i_v[1]	INPUT	SIGNAL	M4	0.0	197.376	0.084	197.4
i_v[20]	INPUT	SIGNAL	M4	0.0	200.16	0.084	200.184
i_v[21]	INPUT	SIGNAL	M4	0.0	204.96	0.084	204.984
i_v[22]	INPUT	SIGNAL	M4	0.0	204.576	0.084	204.6
i_v[23]	INPUT	SIGNAL	M4	0.0	204.288	0.084	204.312
i_v[2]	INPUT	SIGNAL	M4	0.0	193.152	0.084	193.176
i_v[3]	INPUT	SIGNAL	M4	0.0	195.168	0.084	195.192
i_v[4]	INPUT	SIGNAL	M4	0.0	199.776	0.084	199.8
i_v[5]	INPUT	SIGNAL	M4	0.0	197.856	0.084	197.88
i_v[6]	INPUT	SIGNAL	M4	0.0	198.144	0.084	198.168
i_v[7]	INPUT	SIGNAL	M4	0.0	200.064	0.084	200.088
i_v[8]	INPUT	SIGNAL	M4	0.0	200.64	0.084	200.664
i_v[9]	INPUT	SIGNAL	M4	0.0	198.24	0.084	198.264
krow[0]	INPUT	SIGNAL	M4	0.0	176.448	0.084	176.472
krow[10]	INPUT	SIGNAL	M4	0.0	197.28	0.084	197.304
krow[11]	INPUT	SIGNAL	M4	0.0	197.472	0.084	197.496
krow[12]	INPUT	SIGNAL	M4	0.0	195.264	0.084	195.288
krow[13]	INPUT	SIGNAL	M4	0.0	197.76	0.084	197.784
krow[14]	INPUT	SIGNAL	M4	0.0	199.68	0.084	199.704
krow[15]	INPUT	SIGNAL	M4	0.0	199.968	0.084	199.992
krow[16]	INPUT	SIGNAL	M4	0.0	200.448	0.084	200.472
krow[17]	INPUT	SIGNAL	M4	0.0	199.104	0.084	199.128
krow[18]	INPUT	SIGNAL	M4	0.0	194.976	0.084	195.0
krow[19]	INPUT	SIGNAL	M5	0.864	0.0	0.888	0.084
krow[1]	INPUT	SIGNAL	M4	0.0	177.888	0.084	177.912
krow[20]	INPUT	SIGNAL	M5	0.96	0.0	0.984	0.084
krow[21]	INPUT	SIGNAL	M5	1.056	0.0	1.08	0.084
krow[22]	INPUT	SIGNAL	M5	1.152	0.0	1.176	0.084
krow[23]	INPUT	SIGNAL	M5	1.248	0.0	1.272	0.084
krow[2]	INPUT	SIGNAL	M4	0.0	178.944	0.084	178.968
krow[3]	INPUT	SIGNAL	M4	0.0	180.096	0.084	180.12
krow[4]	INPUT	SIGNAL	M4	0.0	191.136	0.084	191.16
krow[5]	INPUT	SIGNAL	M4	0.0	192.384	0.084	192.408
krow[6]	INPUT	SIGNAL	M4	0.0	193.44	0.084	193.464
krow[7]	INPUT	SIGNAL	M4	0.0	195.36	0.084	195.384
krow[8]	INPUT	SIGNAL	M4	0.0	196.608	0.084	196.632
krow[9]	INPUT	SIGNAL	M4	0.0	196.896	0.084	196.92
kv_waddr[0]	OUTPUT	SIGNAL	M5	270.24	0.0	270.264	0.084
kv_waddr[10]	OUTPUT	SIGNAL	M4	345.675	140.16	345.759	140.184
kv_waddr[11]	OUTPUT	SIGNAL	M4	345.675	143.232	345.759	143.256
kv_waddr[12]	OUTPUT	SIGNAL	M5	293.376	0.0	293.4	0.084
kv_waddr[13]	OUTPUT	SIGNAL	M4	345.675	86.592	345.759	86.616
kv_waddr[14]	OUTPUT	SIGNAL	M4	345.675	101.28	345.759	101.304
kv_waddr[15]	OUTPUT	SIGNAL	M4	345.675	126.816	345.759	126.84
kv_waddr[16]	OUTPUT	SIGNAL	M5	281.376	0.0	281.4	0.084
kv_waddr[17]	OUTPUT	SIGNAL	M5	278.4	0.0	278.424	0.084
kv_waddr[18]	OUTPUT	SIGNAL	M5	277.824	0.0	277.848	0.084
kv_waddr[19]	OUTPUT	SIGNAL	M5	253.824	0.0	253.848	0.084
kv_waddr[1]	OUTPUT	SIGNAL	M5	252.864	0.0	252.888	0.084
kv_waddr[20]	OUTPUT	SIGNAL	M5	260.736	0.0	260.76	0.084
kv_waddr[21]	OUTPUT	SIGNAL	M5	260.544	0.0	260.568	0.084
kv_waddr[22]	OUTPUT	SIGNAL	M5	239.52	0.0	239.544	0.084
kv_waddr[23]	OUTPUT	SIGNAL	M5	242.304	0.0	242.328	0.084
kv_waddr[2]	OUTPUT	SIGNAL	M5	277.344	0.0	277.368	0.084
kv_waddr[3]	OUTPUT	SIGNAL	M5	280.608	0.0	280.632	0.084
kv_waddr[4]	OUTPUT	SIGNAL	M5	275.616	0.0	275.64	0.084
kv_waddr[5]	OUTPUT	SIGNAL	M5	261.312	0.0	261.336	0.084
kv_waddr[6]	OUTPUT	SIGNAL	M4	345.675	121.248	345.759	121.272
kv_waddr[7]	OUTPUT	SIGNAL	M4	345.675	141.984	345.759	142.008
kv_waddr[8]	OUTPUT	SIGNAL	M5	285.6	0.0	285.624	0.084
kv_waddr[9]	OUTPUT	SIGNAL	M5	284.928	0.0	284.952	0.084
kv_wdata[0]	OUTPUT	SIGNAL	M5	227.904	345.675	227.928	345.759
kv_wdata[10]	OUTPUT	SIGNAL	M5	93.6	345.675	93.624	345.759
kv_wdata[11]	OUTPUT	SIGNAL	M5	242.208	345.675	242.232	345.759
kv_wdata[12]	OUTPUT	SIGNAL	M5	247.488	345.675	247.512	345.759
kv_wdata[13]	OUTPUT	SIGNAL	M5	224.544	345.675	224.568	345.759
kv_wdata[14]	OUTPUT	SIGNAL	M5	276.192	0.0	276.216	0.084
kv_wdata[15]	OUTPUT	SIGNAL	M5	130.656	345.675	130.68	345.759
kv_wdata[16]	OUTPUT	SIGNAL	M4	345.675	112.512	345.759	112.536
kv_wdata[17]	OUTPUT	SIGNAL	M4	345.675	112.416	345.759	112.44
kv_wdata[18]	OUTPUT	SIGNAL	M4	345.675	110.688	345.759	110.712
kv_wdata[19]	OUTPUT	SIGNAL	M4	345.675	110.496	345.759	110.52
kv_wdata[1]	OUTPUT	SIGNAL	M5	213.696	345.675	213.72	345.759
kv_wdata[20]	OUTPUT	SIGNAL	M4	345.675	109.92	345.759	109.944
kv_wdata[21]	OUTPUT	SIGNAL	M4	345.675	109.632	345.759	109.656
kv_wdata[22]	OUTPUT	SIGNAL	M4	345.675	108.0	345.759	108.024
kv_wdata[23]	OUTPUT	SIGNAL	M4	345.675	106.08	345.759	106.104
kv_wdata[24]	OUTPUT	SIGNAL	M4	345.675	108.384	345.759	108.408
kv_wdata[25]	OUTPUT	SIGNAL	M4	345.675	105.888	345.759	105.912
kv_wdata[26]	OUTPUT	SIGNAL	M4	345.675	109.44	345.759	109.464
kv_wdata[27]	OUTPUT	SIGNAL	M4	345.675	106.176	345.759	106.2
kv_wdata[28]	OUTPUT	SIGNAL	M4	345.675	105.792	345.759	105.816
kv_wdata[29]	OUTPUT	SIGNAL	M4	345.675	105.6	345.759	105.624
kv_wdata[2]	OUTPUT	SIGNAL	M5	264.096	0.0	264.12	0.084
kv_wdata[30]	OUTPUT	SIGNAL	M4	345.675	108.192	345.759	108.216
kv_wdata[31]	OUTPUT	SIGNAL	M4	345.675	107.136	345.759	107.16
kv_wdata[3]	OUTPUT	SIGNAL	M5	245.856	0.0	245.88	0.084
kv_wdata[4]	OUTPUT	SIGNAL	M5	240.864	0.0	240.888	0.084
kv_wdata[5]	OUTPUT	SIGNAL	M4	345.675	108.864	345.759	108.888
kv_wdata[6]	OUTPUT	SIGNAL	M5	243.744	0.0	243.768	0.084
kv_wdata[7]	OUTPUT	SIGNAL	M5	177.12	345.675	177.144	345.759
kv_wdata[8]	OUTPUT	SIGNAL	M4	345.675	19.392	345.759	19.416
kv_wdata[9]	OUTPUT	SIGNAL	M5	94.176	345.675	94.2	345.759
kv_we	OUTPUT	SIGNAL	M4	345.675	98.208	345.759	98.232
ld	INPUT	SIGNAL	M5	1.344	0.0	1.368	0.084
ld_bank	INPUT	SIGNAL	M5	1.44	0.0	1.464	0.084
ld_c[0]	INPUT	SIGNAL	M5	1.536	0.0	1.56	0.084
ld_c[1000]	INPUT	SIGNAL	M5	1.632	0.0	1.656	0.084
ld_c[1001]	INPUT	SIGNAL	M5	1.728	0.0	1.752	0.084
ld_c[1002]	INPUT	SIGNAL	M5	1.824	0.0	1.848	0.084
ld_c[1003]	INPUT	SIGNAL	M5	1.92	0.0	1.944	0.084
ld_c[1004]	INPUT	SIGNAL	M5	2.016	0.0	2.04	0.084
ld_c[1005]	INPUT	SIGNAL	M5	2.112	0.0	2.136	0.084
ld_c[1006]	INPUT	SIGNAL	M5	2.208	0.0	2.232	0.084
ld_c[1007]	INPUT	SIGNAL	M5	2.304	0.0	2.328	0.084
ld_c[1008]	INPUT	SIGNAL	M5	2.4	0.0	2.424	0.084
ld_c[1009]	INPUT	SIGNAL	M5	2.496	0.0	2.52	0.084
ld_c[100]	INPUT	SIGNAL	M5	2.592	0.0	2.616	0.084
ld_c[1010]	INPUT	SIGNAL	M5	2.688	0.0	2.712	0.084
ld_c[1011]	INPUT	SIGNAL	M5	2.784	0.0	2.808	0.084
ld_c[1012]	INPUT	SIGNAL	M5	2.88	0.0	2.904	0.084
ld_c[1013]	INPUT	SIGNAL	M5	2.976	0.0	3.0	0.084
ld_c[1014]	INPUT	SIGNAL	M5	3.072	0.0	3.096	0.084
ld_c[1015]	INPUT	SIGNAL	M5	3.168	0.0	3.192	0.084
ld_c[1016]	INPUT	SIGNAL	M5	3.264	0.0	3.288	0.084
ld_c[1017]	INPUT	SIGNAL	M5	3.36	0.0	3.384	0.084
ld_c[1018]	INPUT	SIGNAL	M5	3.456	0.0	3.48	0.084
ld_c[1019]	INPUT	SIGNAL	M5	3.552	0.0	3.576	0.084
ld_c[101]	INPUT	SIGNAL	M5	3.648	0.0	3.672	0.084
ld_c[1020]	INPUT	SIGNAL	M5	3.744	0.0	3.768	0.084
ld_c[1021]	INPUT	SIGNAL	M5	3.84	0.0	3.864	0.084
ld_c[1022]	INPUT	SIGNAL	M5	3.936	0.0	3.96	0.084
ld_c[1023]	INPUT	SIGNAL	M5	4.032	0.0	4.056	0.084
ld_c[1024]	INPUT	SIGNAL	M5	4.128	0.0	4.152	0.084
ld_c[1025]	INPUT	SIGNAL	M5	4.224	0.0	4.248	0.084
ld_c[1026]	INPUT	SIGNAL	M5	4.32	0.0	4.344	0.084
ld_c[1027]	INPUT	SIGNAL	M5	4.416	0.0	4.44	0.084
ld_c[1028]	INPUT	SIGNAL	M5	4.512	0.0	4.536	0.084
ld_c[1029]	INPUT	SIGNAL	M5	4.608	0.0	4.632	0.084
ld_c[102]	INPUT	SIGNAL	M5	4.704	0.0	4.728	0.084
ld_c[1030]	INPUT	SIGNAL	M5	4.8	0.0	4.824	0.084
ld_c[1031]	INPUT	SIGNAL	M5	4.896	0.0	4.92	0.084
ld_c[1032]	INPUT	SIGNAL	M5	4.992	0.0	5.016	0.084
ld_c[1033]	INPUT	SIGNAL	M5	5.088	0.0	5.112	0.084
ld_c[1034]	INPUT	SIGNAL	M5	5.184	0.0	5.208	0.084
ld_c[1035]	INPUT	SIGNAL	M5	5.28	0.0	5.304	0.084
ld_c[1036]	INPUT	SIGNAL	M5	5.376	0.0	5.4	0.084
ld_c[1037]	INPUT	SIGNAL	M5	5.472	0.0	5.496	0.084
ld_c[1038]	INPUT	SIGNAL	M5	5.568	0.0	5.592	0.084
ld_c[1039]	INPUT	SIGNAL	M5	5.664	0.0	5.688	0.084
ld_c[103]	INPUT	SIGNAL	M5	5.76	0.0	5.784	0.084
ld_c[1040]	INPUT	SIGNAL	M5	5.856	0.0	5.88	0.084
ld_c[1041]	INPUT	SIGNAL	M5	5.952	0.0	5.976	0.084
ld_c[1042]	INPUT	SIGNAL	M5	6.048	0.0	6.072	0.084
ld_c[1043]	INPUT	SIGNAL	M5	6.144	0.0	6.168	0.084
ld_c[1044]	INPUT	SIGNAL	M5	6.24	0.0	6.264	0.084
ld_c[1045]	INPUT	SIGNAL	M5	6.336	0.0	6.36	0.084
ld_c[1046]	INPUT	SIGNAL	M5	6.432	0.0	6.456	0.084
ld_c[1047]	INPUT	SIGNAL	M5	6.528	0.0	6.552	0.084
ld_c[1048]	INPUT	SIGNAL	M5	6.624	0.0	6.648	0.084
ld_c[1049]	INPUT	SIGNAL	M5	6.72	0.0	6.744	0.084
ld_c[104]	INPUT	SIGNAL	M5	6.816	0.0	6.84	0.084
ld_c[1050]	INPUT	SIGNAL	M5	6.912	0.0	6.936	0.084
ld_c[1051]	INPUT	SIGNAL	M5	7.008	0.0	7.032	0.084
ld_c[1052]	INPUT	SIGNAL	M5	7.104	0.0	7.128	0.084
ld_c[1053]	INPUT	SIGNAL	M5	7.2	0.0	7.224	0.084
ld_c[1054]	INPUT	SIGNAL	M5	7.296	0.0	7.32	0.084
ld_c[1055]	INPUT	SIGNAL	M5	7.392	0.0	7.416	0.084
ld_c[1056]	INPUT	SIGNAL	M5	7.488	0.0	7.512	0.084
ld_c[1057]	INPUT	SIGNAL	M5	7.584	0.0	7.608	0.084
ld_c[1058]	INPUT	SIGNAL	M5	7.68	0.0	7.704	0.084
ld_c[1059]	INPUT	SIGNAL	M5	7.776	0.0	7.8	0.084
ld_c[105]	INPUT	SIGNAL	M5	7.872	0.0	7.896	0.084
ld_c[1060]	INPUT	SIGNAL	M5	7.968	0.0	7.992	0.084
ld_c[1061]	INPUT	SIGNAL	M5	8.064	0.0	8.088	0.084
ld_c[1062]	INPUT	SIGNAL	M5	8.16	0.0	8.184	0.084
ld_c[1063]	INPUT	SIGNAL	M5	8.256	0.0	8.28	0.084
ld_c[1064]	INPUT	SIGNAL	M5	8.352	0.0	8.376	0.084
ld_c[1065]	INPUT	SIGNAL	M5	8.448	0.0	8.472	0.084
ld_c[1066]	INPUT	SIGNAL	M5	8.544	0.0	8.568	0.084
ld_c[1067]	INPUT	SIGNAL	M5	8.64	0.0	8.664	0.084
ld_c[1068]	INPUT	SIGNAL	M5	8.736	0.0	8.76	0.084
ld_c[1069]	INPUT	SIGNAL	M5	8.832	0.0	8.856	0.084
ld_c[106]	INPUT	SIGNAL	M5	8.928	0.0	8.952	0.084
ld_c[1070]	INPUT	SIGNAL	M5	9.024	0.0	9.048	0.084
ld_c[1071]	INPUT	SIGNAL	M5	9.12	0.0	9.144	0.084
ld_c[1072]	INPUT	SIGNAL	M5	9.216	0.0	9.24	0.084
ld_c[1073]	INPUT	SIGNAL	M5	9.312	0.0	9.336	0.084
ld_c[1074]	INPUT	SIGNAL	M5	9.408	0.0	9.432	0.084
ld_c[1075]	INPUT	SIGNAL	M5	9.504	0.0	9.528	0.084
ld_c[1076]	INPUT	SIGNAL	M5	9.6	0.0	9.624	0.084
ld_c[1077]	INPUT	SIGNAL	M5	9.696	0.0	9.72	0.084
ld_c[1078]	INPUT	SIGNAL	M5	9.792	0.0	9.816	0.084
ld_c[1079]	INPUT	SIGNAL	M5	9.888	0.0	9.912	0.084
ld_c[107]	INPUT	SIGNAL	M5	9.984	0.0	10.008	0.084
ld_c[1080]	INPUT	SIGNAL	M5	10.08	0.0	10.104	0.084
ld_c[1081]	INPUT	SIGNAL	M5	10.176	0.0	10.2	0.084
ld_c[1082]	INPUT	SIGNAL	M5	10.272	0.0	10.296	0.084
ld_c[1083]	INPUT	SIGNAL	M5	10.368	0.0	10.392	0.084
ld_c[1084]	INPUT	SIGNAL	M5	10.464	0.0	10.488	0.084
ld_c[1085]	INPUT	SIGNAL	M5	10.56	0.0	10.584	0.084
ld_c[1086]	INPUT	SIGNAL	M5	10.656	0.0	10.68	0.084
ld_c[1087]	INPUT	SIGNAL	M5	10.752	0.0	10.776	0.084
ld_c[1088]	INPUT	SIGNAL	M5	10.848	0.0	10.872	0.084
ld_c[1089]	INPUT	SIGNAL	M5	10.944	0.0	10.968	0.084
ld_c[108]	INPUT	SIGNAL	M5	11.04	0.0	11.064	0.084
ld_c[1090]	INPUT	SIGNAL	M5	11.136	0.0	11.16	0.084
ld_c[1091]	INPUT	SIGNAL	M5	11.232	0.0	11.256	0.084
ld_c[1092]	INPUT	SIGNAL	M5	11.328	0.0	11.352	0.084
ld_c[1093]	INPUT	SIGNAL	M5	11.424	0.0	11.448	0.084
ld_c[1094]	INPUT	SIGNAL	M5	11.52	0.0	11.544	0.084
ld_c[1095]	INPUT	SIGNAL	M5	11.616	0.0	11.64	0.084
ld_c[1096]	INPUT	SIGNAL	M5	11.712	0.0	11.736	0.084
ld_c[1097]	INPUT	SIGNAL	M5	11.808	0.0	11.832	0.084
ld_c[1098]	INPUT	SIGNAL	M5	11.904	0.0	11.928	0.084
ld_c[1099]	INPUT	SIGNAL	M5	12.0	0.0	12.024	0.084
ld_c[109]	INPUT	SIGNAL	M5	12.096	0.0	12.12	0.084
ld_c[10]	INPUT	SIGNAL	M5	12.192	0.0	12.216	0.084
ld_c[1100]	INPUT	SIGNAL	M5	12.288	0.0	12.312	0.084
ld_c[1101]	INPUT	SIGNAL	M5	12.384	0.0	12.408	0.084
ld_c[1102]	INPUT	SIGNAL	M5	12.48	0.0	12.504	0.084
ld_c[1103]	INPUT	SIGNAL	M5	12.576	0.0	12.6	0.084
ld_c[1104]	INPUT	SIGNAL	M5	12.672	0.0	12.696	0.084
ld_c[1105]	INPUT	SIGNAL	M5	12.768	0.0	12.792	0.084
ld_c[1106]	INPUT	SIGNAL	M5	12.864	0.0	12.888	0.084
ld_c[1107]	INPUT	SIGNAL	M5	12.96	0.0	12.984	0.084
ld_c[1108]	INPUT	SIGNAL	M5	13.056	0.0	13.08	0.084
ld_c[1109]	INPUT	SIGNAL	M5	13.152	0.0	13.176	0.084
ld_c[110]	INPUT	SIGNAL	M5	13.248	0.0	13.272	0.084
ld_c[1110]	INPUT	SIGNAL	M5	13.344	0.0	13.368	0.084
ld_c[1111]	INPUT	SIGNAL	M5	13.44	0.0	13.464	0.084
ld_c[1112]	INPUT	SIGNAL	M5	13.536	0.0	13.56	0.084
ld_c[1113]	INPUT	SIGNAL	M5	13.632	0.0	13.656	0.084
ld_c[1114]	INPUT	SIGNAL	M5	13.728	0.0	13.752	0.084
ld_c[1115]	INPUT	SIGNAL	M5	13.824	0.0	13.848	0.084
ld_c[1116]	INPUT	SIGNAL	M5	13.92	0.0	13.944	0.084
ld_c[1117]	INPUT	SIGNAL	M5	14.016	0.0	14.04	0.084
ld_c[1118]	INPUT	SIGNAL	M5	14.112	0.0	14.136	0.084
ld_c[1119]	INPUT	SIGNAL	M5	14.208	0.0	14.232	0.084
ld_c[111]	INPUT	SIGNAL	M5	14.304	0.0	14.328	0.084
ld_c[1120]	INPUT	SIGNAL	M5	14.4	0.0	14.424	0.084
ld_c[1121]	INPUT	SIGNAL	M5	14.496	0.0	14.52	0.084
ld_c[1122]	INPUT	SIGNAL	M5	14.592	0.0	14.616	0.084
ld_c[1123]	INPUT	SIGNAL	M5	14.688	0.0	14.712	0.084
ld_c[1124]	INPUT	SIGNAL	M5	14.784	0.0	14.808	0.084
ld_c[1125]	INPUT	SIGNAL	M5	14.88	0.0	14.904	0.084
ld_c[1126]	INPUT	SIGNAL	M5	14.976	0.0	15.0	0.084
ld_c[1127]	INPUT	SIGNAL	M5	15.072	0.0	15.096	0.084
ld_c[1128]	INPUT	SIGNAL	M5	15.168	0.0	15.192	0.084
ld_c[1129]	INPUT	SIGNAL	M5	15.264	0.0	15.288	0.084
ld_c[112]	INPUT	SIGNAL	M5	15.36	0.0	15.384	0.084
ld_c[1130]	INPUT	SIGNAL	M5	15.456	0.0	15.48	0.084
ld_c[1131]	INPUT	SIGNAL	M5	15.552	0.0	15.576	0.084
ld_c[1132]	INPUT	SIGNAL	M5	15.648	0.0	15.672	0.084
ld_c[1133]	INPUT	SIGNAL	M5	15.744	0.0	15.768	0.084
ld_c[1134]	INPUT	SIGNAL	M5	15.84	0.0	15.864	0.084
ld_c[1135]	INPUT	SIGNAL	M5	15.936	0.0	15.96	0.084
ld_c[1136]	INPUT	SIGNAL	M5	16.032	0.0	16.056	0.084
ld_c[1137]	INPUT	SIGNAL	M5	16.128	0.0	16.152	0.084
ld_c[1138]	INPUT	SIGNAL	M5	16.224	0.0	16.248	0.084
ld_c[1139]	INPUT	SIGNAL	M5	16.32	0.0	16.344	0.084
ld_c[113]	INPUT	SIGNAL	M5	16.416	0.0	16.44	0.084
ld_c[1140]	INPUT	SIGNAL	M5	16.512	0.0	16.536	0.084
ld_c[1141]	INPUT	SIGNAL	M5	16.608	0.0	16.632	0.084
ld_c[1142]	INPUT	SIGNAL	M5	16.704	0.0	16.728	0.084
ld_c[1143]	INPUT	SIGNAL	M5	16.8	0.0	16.824	0.084
ld_c[1144]	INPUT	SIGNAL	M5	16.896	0.0	16.92	0.084
ld_c[1145]	INPUT	SIGNAL	M5	16.992	0.0	17.016	0.084
ld_c[1146]	INPUT	SIGNAL	M5	17.088	0.0	17.112	0.084
ld_c[1147]	INPUT	SIGNAL	M5	17.184	0.0	17.208	0.084
ld_c[1148]	INPUT	SIGNAL	M5	17.28	0.0	17.304	0.084
ld_c[1149]	INPUT	SIGNAL	M5	17.376	0.0	17.4	0.084
ld_c[114]	INPUT	SIGNAL	M5	17.472	0.0	17.496	0.084
ld_c[1150]	INPUT	SIGNAL	M5	17.568	0.0	17.592	0.084
ld_c[1151]	INPUT	SIGNAL	M5	17.664	0.0	17.688	0.084
ld_c[1152]	INPUT	SIGNAL	M5	17.76	0.0	17.784	0.084
ld_c[1153]	INPUT	SIGNAL	M5	17.856	0.0	17.88	0.084
ld_c[1154]	INPUT	SIGNAL	M5	17.952	0.0	17.976	0.084
ld_c[1155]	INPUT	SIGNAL	M5	18.048	0.0	18.072	0.084
ld_c[1156]	INPUT	SIGNAL	M5	18.144	0.0	18.168	0.084
ld_c[1157]	INPUT	SIGNAL	M5	18.24	0.0	18.264	0.084
ld_c[1158]	INPUT	SIGNAL	M5	18.336	0.0	18.36	0.084
ld_c[1159]	INPUT	SIGNAL	M5	18.432	0.0	18.456	0.084
ld_c[115]	INPUT	SIGNAL	M5	18.528	0.0	18.552	0.084
ld_c[1160]	INPUT	SIGNAL	M5	18.624	0.0	18.648	0.084
ld_c[1161]	INPUT	SIGNAL	M5	18.72	0.0	18.744	0.084
ld_c[1162]	INPUT	SIGNAL	M5	18.816	0.0	18.84	0.084
ld_c[1163]	INPUT	SIGNAL	M5	18.912	0.0	18.936	0.084
ld_c[1164]	INPUT	SIGNAL	M5	19.008	0.0	19.032	0.084
ld_c[1165]	INPUT	SIGNAL	M5	19.104	0.0	19.128	0.084
ld_c[1166]	INPUT	SIGNAL	M5	19.2	0.0	19.224	0.084
ld_c[1167]	INPUT	SIGNAL	M5	19.296	0.0	19.32	0.084
ld_c[1168]	INPUT	SIGNAL	M5	19.392	0.0	19.416	0.084
ld_c[1169]	INPUT	SIGNAL	M5	19.488	0.0	19.512	0.084
ld_c[116]	INPUT	SIGNAL	M5	19.584	0.0	19.608	0.084
ld_c[1170]	INPUT	SIGNAL	M5	19.68	0.0	19.704	0.084
ld_c[1171]	INPUT	SIGNAL	M5	19.776	0.0	19.8	0.084
ld_c[1172]	INPUT	SIGNAL	M5	19.872	0.0	19.896	0.084
ld_c[1173]	INPUT	SIGNAL	M5	19.968	0.0	19.992	0.084
ld_c[1174]	INPUT	SIGNAL	M5	20.064	0.0	20.088	0.084
ld_c[1175]	INPUT	SIGNAL	M5	20.16	0.0	20.184	0.084
ld_c[1176]	INPUT	SIGNAL	M5	20.256	0.0	20.28	0.084
ld_c[1177]	INPUT	SIGNAL	M5	20.352	0.0	20.376	0.084
ld_c[1178]	INPUT	SIGNAL	M5	20.448	0.0	20.472	0.084
ld_c[1179]	INPUT	SIGNAL	M5	20.544	0.0	20.568	0.084
ld_c[117]	INPUT	SIGNAL	M5	20.64	0.0	20.664	0.084
ld_c[1180]	INPUT	SIGNAL	M5	20.736	0.0	20.76	0.084
ld_c[1181]	INPUT	SIGNAL	M5	20.832	0.0	20.856	0.084
ld_c[1182]	INPUT	SIGNAL	M5	20.928	0.0	20.952	0.084
ld_c[1183]	INPUT	SIGNAL	M5	21.024	0.0	21.048	0.084
ld_c[1184]	INPUT	SIGNAL	M5	21.12	0.0	21.144	0.084
ld_c[1185]	INPUT	SIGNAL	M5	21.216	0.0	21.24	0.084
ld_c[1186]	INPUT	SIGNAL	M5	21.312	0.0	21.336	0.084
ld_c[1187]	INPUT	SIGNAL	M5	21.408	0.0	21.432	0.084
ld_c[1188]	INPUT	SIGNAL	M5	21.504	0.0	21.528	0.084
ld_c[1189]	INPUT	SIGNAL	M5	21.6	0.0	21.624	0.084
ld_c[118]	INPUT	SIGNAL	M5	21.696	0.0	21.72	0.084
ld_c[1190]	INPUT	SIGNAL	M5	21.792	0.0	21.816	0.084
ld_c[1191]	INPUT	SIGNAL	M5	21.888	0.0	21.912	0.084
ld_c[1192]	INPUT	SIGNAL	M5	21.984	0.0	22.008	0.084
ld_c[1193]	INPUT	SIGNAL	M5	22.08	0.0	22.104	0.084
ld_c[1194]	INPUT	SIGNAL	M5	22.176	0.0	22.2	0.084
ld_c[1195]	INPUT	SIGNAL	M5	22.272	0.0	22.296	0.084
ld_c[1196]	INPUT	SIGNAL	M5	22.368	0.0	22.392	0.084
ld_c[1197]	INPUT	SIGNAL	M5	22.464	0.0	22.488	0.084
ld_c[1198]	INPUT	SIGNAL	M5	22.56	0.0	22.584	0.084
ld_c[1199]	INPUT	SIGNAL	M5	22.656	0.0	22.68	0.084
ld_c[119]	INPUT	SIGNAL	M5	22.752	0.0	22.776	0.084
ld_c[11]	INPUT	SIGNAL	M5	22.848	0.0	22.872	0.084
ld_c[120]	INPUT	SIGNAL	M5	22.944	0.0	22.968	0.084
ld_c[121]	INPUT	SIGNAL	M5	23.04	0.0	23.064	0.084
ld_c[122]	INPUT	SIGNAL	M5	23.136	0.0	23.16	0.084
ld_c[123]	INPUT	SIGNAL	M5	23.232	0.0	23.256	0.084
ld_c[124]	INPUT	SIGNAL	M5	23.328	0.0	23.352	0.084
ld_c[125]	INPUT	SIGNAL	M5	23.424	0.0	23.448	0.084
ld_c[126]	INPUT	SIGNAL	M5	23.52	0.0	23.544	0.084
ld_c[127]	INPUT	SIGNAL	M5	23.616	0.0	23.64	0.084
ld_c[128]	INPUT	SIGNAL	M5	23.712	0.0	23.736	0.084
ld_c[129]	INPUT	SIGNAL	M5	23.808	0.0	23.832	0.084
ld_c[12]	INPUT	SIGNAL	M5	23.904	0.0	23.928	0.084
ld_c[130]	INPUT	SIGNAL	M5	24.0	0.0	24.024	0.084
ld_c[131]	INPUT	SIGNAL	M5	24.096	0.0	24.12	0.084
ld_c[132]	INPUT	SIGNAL	M5	24.192	0.0	24.216	0.084
ld_c[133]	INPUT	SIGNAL	M5	24.288	0.0	24.312	0.084
ld_c[134]	INPUT	SIGNAL	M5	24.384	0.0	24.408	0.084
ld_c[135]	INPUT	SIGNAL	M5	24.48	0.0	24.504	0.084
ld_c[136]	INPUT	SIGNAL	M5	24.576	0.0	24.6	0.084
ld_c[137]	INPUT	SIGNAL	M5	24.672	0.0	24.696	0.084
ld_c[138]	INPUT	SIGNAL	M5	24.768	0.0	24.792	0.084
ld_c[139]	INPUT	SIGNAL	M5	24.864	0.0	24.888	0.084
ld_c[13]	INPUT	SIGNAL	M5	24.96	0.0	24.984	0.084
ld_c[140]	INPUT	SIGNAL	M5	25.056	0.0	25.08	0.084
ld_c[141]	INPUT	SIGNAL	M5	25.152	0.0	25.176	0.084
ld_c[142]	INPUT	SIGNAL	M5	25.248	0.0	25.272	0.084
ld_c[143]	INPUT	SIGNAL	M5	25.344	0.0	25.368	0.084
ld_c[144]	INPUT	SIGNAL	M5	25.44	0.0	25.464	0.084
ld_c[145]	INPUT	SIGNAL	M5	25.536	0.0	25.56	0.084
ld_c[146]	INPUT	SIGNAL	M5	25.632	0.0	25.656	0.084
ld_c[147]	INPUT	SIGNAL	M5	25.728	0.0	25.752	0.084
ld_c[148]	INPUT	SIGNAL	M5	25.824	0.0	25.848	0.084
ld_c[149]	INPUT	SIGNAL	M5	25.92	0.0	25.944	0.084
ld_c[14]	INPUT	SIGNAL	M5	26.016	0.0	26.04	0.084
ld_c[150]	INPUT	SIGNAL	M5	26.112	0.0	26.136	0.084
ld_c[151]	INPUT	SIGNAL	M5	26.208	0.0	26.232	0.084
ld_c[152]	INPUT	SIGNAL	M5	26.304	0.0	26.328	0.084
ld_c[153]	INPUT	SIGNAL	M5	26.4	0.0	26.424	0.084
ld_c[154]	INPUT	SIGNAL	M5	26.496	0.0	26.52	0.084
ld_c[155]	INPUT	SIGNAL	M5	26.592	0.0	26.616	0.084
ld_c[156]	INPUT	SIGNAL	M5	26.688	0.0	26.712	0.084
ld_c[157]	INPUT	SIGNAL	M5	26.784	0.0	26.808	0.084
ld_c[158]	INPUT	SIGNAL	M5	26.88	0.0	26.904	0.084
ld_c[159]	INPUT	SIGNAL	M5	26.976	0.0	27.0	0.084
ld_c[15]	INPUT	SIGNAL	M5	27.072	0.0	27.096	0.084
ld_c[160]	INPUT	SIGNAL	M5	27.168	0.0	27.192	0.084
ld_c[161]	INPUT	SIGNAL	M5	27.264	0.0	27.288	0.084
ld_c[162]	INPUT	SIGNAL	M5	27.36	0.0	27.384	0.084
ld_c[163]	INPUT	SIGNAL	M5	27.456	0.0	27.48	0.084
ld_c[164]	INPUT	SIGNAL	M5	27.552	0.0	27.576	0.084
ld_c[165]	INPUT	SIGNAL	M5	27.648	0.0	27.672	0.084
ld_c[166]	INPUT	SIGNAL	M5	27.744	0.0	27.768	0.084
ld_c[167]	INPUT	SIGNAL	M5	27.84	0.0	27.864	0.084
ld_c[168]	INPUT	SIGNAL	M5	27.936	0.0	27.96	0.084
ld_c[169]	INPUT	SIGNAL	M5	28.032	0.0	28.056	0.084
ld_c[16]	INPUT	SIGNAL	M5	28.128	0.0	28.152	0.084
ld_c[170]	INPUT	SIGNAL	M5	28.224	0.0	28.248	0.084
ld_c[171]	INPUT	SIGNAL	M5	28.32	0.0	28.344	0.084
ld_c[172]	INPUT	SIGNAL	M5	28.416	0.0	28.44	0.084
ld_c[173]	INPUT	SIGNAL	M5	28.512	0.0	28.536	0.084
ld_c[174]	INPUT	SIGNAL	M5	28.608	0.0	28.632	0.084
ld_c[175]	INPUT	SIGNAL	M5	28.704	0.0	28.728	0.084
ld_c[176]	INPUT	SIGNAL	M5	28.8	0.0	28.824	0.084
ld_c[177]	INPUT	SIGNAL	M5	28.896	0.0	28.92	0.084
ld_c[178]	INPUT	SIGNAL	M5	28.992	0.0	29.016	0.084
ld_c[179]	INPUT	SIGNAL	M5	29.088	0.0	29.112	0.084
ld_c[17]	INPUT	SIGNAL	M5	29.184	0.0	29.208	0.084
ld_c[180]	INPUT	SIGNAL	M5	29.28	0.0	29.304	0.084
ld_c[181]	INPUT	SIGNAL	M5	29.376	0.0	29.4	0.084
ld_c[182]	INPUT	SIGNAL	M5	29.472	0.0	29.496	0.084
ld_c[183]	INPUT	SIGNAL	M5	29.568	0.0	29.592	0.084
ld_c[184]	INPUT	SIGNAL	M5	29.664	0.0	29.688	0.084
ld_c[185]	INPUT	SIGNAL	M5	29.76	0.0	29.784	0.084
ld_c[186]	INPUT	SIGNAL	M5	29.856	0.0	29.88	0.084
ld_c[187]	INPUT	SIGNAL	M5	29.952	0.0	29.976	0.084
ld_c[188]	INPUT	SIGNAL	M5	30.048	0.0	30.072	0.084
ld_c[189]	INPUT	SIGNAL	M5	30.144	0.0	30.168	0.084
ld_c[18]	INPUT	SIGNAL	M5	30.24	0.0	30.264	0.084
ld_c[190]	INPUT	SIGNAL	M5	30.336	0.0	30.36	0.084
ld_c[191]	INPUT	SIGNAL	M5	30.432	0.0	30.456	0.084
ld_c[192]	INPUT	SIGNAL	M5	30.528	0.0	30.552	0.084
ld_c[193]	INPUT	SIGNAL	M5	30.624	0.0	30.648	0.084
ld_c[194]	INPUT	SIGNAL	M5	30.72	0.0	30.744	0.084
ld_c[195]	INPUT	SIGNAL	M5	30.816	0.0	30.84	0.084
ld_c[196]	INPUT	SIGNAL	M5	30.912	0.0	30.936	0.084
ld_c[197]	INPUT	SIGNAL	M5	31.008	0.0	31.032	0.084
ld_c[198]	INPUT	SIGNAL	M5	31.104	0.0	31.128	0.084
ld_c[199]	INPUT	SIGNAL	M5	31.2	0.0	31.224	0.084
ld_c[19]	INPUT	SIGNAL	M5	31.296	0.0	31.32	0.084
ld_c[1]	INPUT	SIGNAL	M5	31.392	0.0	31.416	0.084
ld_c[200]	INPUT	SIGNAL	M5	31.488	0.0	31.512	0.084
ld_c[201]	INPUT	SIGNAL	M5	31.584	0.0	31.608	0.084
ld_c[202]	INPUT	SIGNAL	M5	31.68	0.0	31.704	0.084
ld_c[203]	INPUT	SIGNAL	M5	31.776	0.0	31.8	0.084
ld_c[204]	INPUT	SIGNAL	M5	31.872	0.0	31.896	0.084
ld_c[205]	INPUT	SIGNAL	M5	31.968	0.0	31.992	0.084
ld_c[206]	INPUT	SIGNAL	M5	32.064	0.0	32.088	0.084
ld_c[207]	INPUT	SIGNAL	M5	32.16	0.0	32.184	0.084
ld_c[208]	INPUT	SIGNAL	M5	32.256	0.0	32.28	0.084
ld_c[209]	INPUT	SIGNAL	M5	32.352	0.0	32.376	0.084
ld_c[20]	INPUT	SIGNAL	M5	32.448	0.0	32.472	0.084
ld_c[210]	INPUT	SIGNAL	M5	32.544	0.0	32.568	0.084
ld_c[211]	INPUT	SIGNAL	M5	32.64	0.0	32.664	0.084
ld_c[212]	INPUT	SIGNAL	M5	32.736	0.0	32.76	0.084
ld_c[213]	INPUT	SIGNAL	M5	32.832	0.0	32.856	0.084
ld_c[214]	INPUT	SIGNAL	M5	32.928	0.0	32.952	0.084
ld_c[215]	INPUT	SIGNAL	M5	33.024	0.0	33.048	0.084
ld_c[216]	INPUT	SIGNAL	M5	33.12	0.0	33.144	0.084
ld_c[217]	INPUT	SIGNAL	M5	33.216	0.0	33.24	0.084
ld_c[218]	INPUT	SIGNAL	M5	33.312	0.0	33.336	0.084
ld_c[219]	INPUT	SIGNAL	M5	33.408	0.0	33.432	0.084
ld_c[21]	INPUT	SIGNAL	M5	33.504	0.0	33.528	0.084
ld_c[220]	INPUT	SIGNAL	M5	33.6	0.0	33.624	0.084
ld_c[221]	INPUT	SIGNAL	M5	33.696	0.0	33.72	0.084
ld_c[222]	INPUT	SIGNAL	M5	33.792	0.0	33.816	0.084
ld_c[223]	INPUT	SIGNAL	M5	33.888	0.0	33.912	0.084
ld_c[224]	INPUT	SIGNAL	M5	33.984	0.0	34.008	0.084
ld_c[225]	INPUT	SIGNAL	M5	34.08	0.0	34.104	0.084
ld_c[226]	INPUT	SIGNAL	M5	34.176	0.0	34.2	0.084
ld_c[227]	INPUT	SIGNAL	M5	34.272	0.0	34.296	0.084
ld_c[228]	INPUT	SIGNAL	M5	34.368	0.0	34.392	0.084
ld_c[229]	INPUT	SIGNAL	M5	34.464	0.0	34.488	0.084
ld_c[22]	INPUT	SIGNAL	M5	34.56	0.0	34.584	0.084
ld_c[230]	INPUT	SIGNAL	M5	34.656	0.0	34.68	0.084
ld_c[231]	INPUT	SIGNAL	M5	34.752	0.0	34.776	0.084
ld_c[232]	INPUT	SIGNAL	M5	34.848	0.0	34.872	0.084
ld_c[233]	INPUT	SIGNAL	M5	34.944	0.0	34.968	0.084
ld_c[234]	INPUT	SIGNAL	M5	35.04	0.0	35.064	0.084
ld_c[235]	INPUT	SIGNAL	M5	35.136	0.0	35.16	0.084
ld_c[236]	INPUT	SIGNAL	M5	35.232	0.0	35.256	0.084
ld_c[237]	INPUT	SIGNAL	M5	35.328	0.0	35.352	0.084
ld_c[238]	INPUT	SIGNAL	M5	35.424	0.0	35.448	0.084
ld_c[239]	INPUT	SIGNAL	M5	35.52	0.0	35.544	0.084
ld_c[23]	INPUT	SIGNAL	M5	35.616	0.0	35.64	0.084
ld_c[240]	INPUT	SIGNAL	M5	35.712	0.0	35.736	0.084
ld_c[241]	INPUT	SIGNAL	M5	35.808	0.0	35.832	0.084
ld_c[242]	INPUT	SIGNAL	M5	35.904	0.0	35.928	0.084
ld_c[243]	INPUT	SIGNAL	M5	36.0	0.0	36.024	0.084
ld_c[244]	INPUT	SIGNAL	M5	36.096	0.0	36.12	0.084
ld_c[245]	INPUT	SIGNAL	M5	36.192	0.0	36.216	0.084
ld_c[246]	INPUT	SIGNAL	M5	36.288	0.0	36.312	0.084
ld_c[247]	INPUT	SIGNAL	M5	36.384	0.0	36.408	0.084
ld_c[248]	INPUT	SIGNAL	M5	36.48	0.0	36.504	0.084
ld_c[249]	INPUT	SIGNAL	M5	36.576	0.0	36.6	0.084
ld_c[24]	INPUT	SIGNAL	M5	36.672	0.0	36.696	0.084
ld_c[250]	INPUT	SIGNAL	M5	36.768	0.0	36.792	0.084
ld_c[251]	INPUT	SIGNAL	M5	36.864	0.0	36.888	0.084
ld_c[252]	INPUT	SIGNAL	M5	36.96	0.0	36.984	0.084
ld_c[253]	INPUT	SIGNAL	M5	37.056	0.0	37.08	0.084
ld_c[254]	INPUT	SIGNAL	M5	37.152	0.0	37.176	0.084
ld_c[255]	INPUT	SIGNAL	M5	37.248	0.0	37.272	0.084
ld_c[256]	INPUT	SIGNAL	M5	37.344	0.0	37.368	0.084
ld_c[257]	INPUT	SIGNAL	M5	37.44	0.0	37.464	0.084
ld_c[258]	INPUT	SIGNAL	M5	37.536	0.0	37.56	0.084
ld_c[259]	INPUT	SIGNAL	M5	37.632	0.0	37.656	0.084
ld_c[25]	INPUT	SIGNAL	M5	37.728	0.0	37.752	0.084
ld_c[260]	INPUT	SIGNAL	M5	37.824	0.0	37.848	0.084
ld_c[261]	INPUT	SIGNAL	M5	37.92	0.0	37.944	0.084
ld_c[262]	INPUT	SIGNAL	M5	38.016	0.0	38.04	0.084
ld_c[263]	INPUT	SIGNAL	M5	38.112	0.0	38.136	0.084
ld_c[264]	INPUT	SIGNAL	M5	38.208	0.0	38.232	0.084
ld_c[265]	INPUT	SIGNAL	M5	38.304	0.0	38.328	0.084
ld_c[266]	INPUT	SIGNAL	M5	38.4	0.0	38.424	0.084
ld_c[267]	INPUT	SIGNAL	M5	38.496	0.0	38.52	0.084
ld_c[268]	INPUT	SIGNAL	M5	38.592	0.0	38.616	0.084
ld_c[269]	INPUT	SIGNAL	M5	38.688	0.0	38.712	0.084
ld_c[26]	INPUT	SIGNAL	M5	38.784	0.0	38.808	0.084
ld_c[270]	INPUT	SIGNAL	M5	38.88	0.0	38.904	0.084
ld_c[271]	INPUT	SIGNAL	M5	38.976	0.0	39.0	0.084
ld_c[272]	INPUT	SIGNAL	M5	39.072	0.0	39.096	0.084
ld_c[273]	INPUT	SIGNAL	M5	39.168	0.0	39.192	0.084
ld_c[274]	INPUT	SIGNAL	M5	39.264	0.0	39.288	0.084
ld_c[275]	INPUT	SIGNAL	M5	39.36	0.0	39.384	0.084
ld_c[276]	INPUT	SIGNAL	M5	39.456	0.0	39.48	0.084
ld_c[277]	INPUT	SIGNAL	M5	39.552	0.0	39.576	0.084
ld_c[278]	INPUT	SIGNAL	M5	39.648	0.0	39.672	0.084
ld_c[279]	INPUT	SIGNAL	M5	39.744	0.0	39.768	0.084
ld_c[27]	INPUT	SIGNAL	M5	39.84	0.0	39.864	0.084
ld_c[280]	INPUT	SIGNAL	M5	39.936	0.0	39.96	0.084
ld_c[281]	INPUT	SIGNAL	M5	40.032	0.0	40.056	0.084
ld_c[282]	INPUT	SIGNAL	M5	40.128	0.0	40.152	0.084
ld_c[283]	INPUT	SIGNAL	M5	40.224	0.0	40.248	0.084
ld_c[284]	INPUT	SIGNAL	M5	40.32	0.0	40.344	0.084
ld_c[285]	INPUT	SIGNAL	M5	40.416	0.0	40.44	0.084
ld_c[286]	INPUT	SIGNAL	M5	40.512	0.0	40.536	0.084
ld_c[287]	INPUT	SIGNAL	M5	40.608	0.0	40.632	0.084
ld_c[288]	INPUT	SIGNAL	M5	40.704	0.0	40.728	0.084
ld_c[289]	INPUT	SIGNAL	M5	40.8	0.0	40.824	0.084
ld_c[28]	INPUT	SIGNAL	M5	40.896	0.0	40.92	0.084
ld_c[290]	INPUT	SIGNAL	M5	40.992	0.0	41.016	0.084
ld_c[291]	INPUT	SIGNAL	M5	41.088	0.0	41.112	0.084
ld_c[292]	INPUT	SIGNAL	M5	41.184	0.0	41.208	0.084
ld_c[293]	INPUT	SIGNAL	M5	41.28	0.0	41.304	0.084
ld_c[294]	INPUT	SIGNAL	M5	41.376	0.0	41.4	0.084
ld_c[295]	INPUT	SIGNAL	M5	41.472	0.0	41.496	0.084
ld_c[296]	INPUT	SIGNAL	M5	41.568	0.0	41.592	0.084
ld_c[297]	INPUT	SIGNAL	M5	41.664	0.0	41.688	0.084
ld_c[298]	INPUT	SIGNAL	M5	41.76	0.0	41.784	0.084
ld_c[299]	INPUT	SIGNAL	M5	41.856	0.0	41.88	0.084
ld_c[29]	INPUT	SIGNAL	M5	41.952	0.0	41.976	0.084
ld_c[2]	INPUT	SIGNAL	M5	42.048	0.0	42.072	0.084
ld_c[300]	INPUT	SIGNAL	M5	42.144	0.0	42.168	0.084
ld_c[301]	INPUT	SIGNAL	M5	42.24	0.0	42.264	0.084
ld_c[302]	INPUT	SIGNAL	M5	42.336	0.0	42.36	0.084
ld_c[303]	INPUT	SIGNAL	M5	42.432	0.0	42.456	0.084
ld_c[304]	INPUT	SIGNAL	M5	42.528	0.0	42.552	0.084
ld_c[305]	INPUT	SIGNAL	M5	42.624	0.0	42.648	0.084
ld_c[306]	INPUT	SIGNAL	M5	42.72	0.0	42.744	0.084
ld_c[307]	INPUT	SIGNAL	M5	42.816	0.0	42.84	0.084
ld_c[308]	INPUT	SIGNAL	M5	42.912	0.0	42.936	0.084
ld_c[309]	INPUT	SIGNAL	M5	43.008	0.0	43.032	0.084
ld_c[30]	INPUT	SIGNAL	M5	43.104	0.0	43.128	0.084
ld_c[310]	INPUT	SIGNAL	M5	43.2	0.0	43.224	0.084
ld_c[311]	INPUT	SIGNAL	M5	43.296	0.0	43.32	0.084
ld_c[312]	INPUT	SIGNAL	M5	43.392	0.0	43.416	0.084
ld_c[313]	INPUT	SIGNAL	M5	43.488	0.0	43.512	0.084
ld_c[314]	INPUT	SIGNAL	M5	43.584	0.0	43.608	0.084
ld_c[315]	INPUT	SIGNAL	M5	43.68	0.0	43.704	0.084
ld_c[316]	INPUT	SIGNAL	M5	43.776	0.0	43.8	0.084
ld_c[317]	INPUT	SIGNAL	M5	43.872	0.0	43.896	0.084
ld_c[318]	INPUT	SIGNAL	M5	43.968	0.0	43.992	0.084
ld_c[319]	INPUT	SIGNAL	M5	44.064	0.0	44.088	0.084
ld_c[31]	INPUT	SIGNAL	M5	44.16	0.0	44.184	0.084
ld_c[320]	INPUT	SIGNAL	M5	44.256	0.0	44.28	0.084
ld_c[321]	INPUT	SIGNAL	M5	44.352	0.0	44.376	0.084
ld_c[322]	INPUT	SIGNAL	M5	44.448	0.0	44.472	0.084
ld_c[323]	INPUT	SIGNAL	M5	44.544	0.0	44.568	0.084
ld_c[324]	INPUT	SIGNAL	M5	44.64	0.0	44.664	0.084
ld_c[325]	INPUT	SIGNAL	M5	44.736	0.0	44.76	0.084
ld_c[326]	INPUT	SIGNAL	M5	44.832	0.0	44.856	0.084
ld_c[327]	INPUT	SIGNAL	M5	44.928	0.0	44.952	0.084
ld_c[328]	INPUT	SIGNAL	M5	45.024	0.0	45.048	0.084
ld_c[329]	INPUT	SIGNAL	M5	45.12	0.0	45.144	0.084
ld_c[32]	INPUT	SIGNAL	M5	45.216	0.0	45.24	0.084
ld_c[330]	INPUT	SIGNAL	M5	45.312	0.0	45.336	0.084
ld_c[331]	INPUT	SIGNAL	M5	45.408	0.0	45.432	0.084
ld_c[332]	INPUT	SIGNAL	M5	45.504	0.0	45.528	0.084
ld_c[333]	INPUT	SIGNAL	M5	45.6	0.0	45.624	0.084
ld_c[334]	INPUT	SIGNAL	M5	45.696	0.0	45.72	0.084
ld_c[335]	INPUT	SIGNAL	M5	45.792	0.0	45.816	0.084
ld_c[336]	INPUT	SIGNAL	M5	45.888	0.0	45.912	0.084
ld_c[337]	INPUT	SIGNAL	M5	45.984	0.0	46.008	0.084
ld_c[338]	INPUT	SIGNAL	M5	46.08	0.0	46.104	0.084
ld_c[339]	INPUT	SIGNAL	M5	46.176	0.0	46.2	0.084
ld_c[33]	INPUT	SIGNAL	M5	46.272	0.0	46.296	0.084
ld_c[340]	INPUT	SIGNAL	M5	46.368	0.0	46.392	0.084
ld_c[341]	INPUT	SIGNAL	M5	46.464	0.0	46.488	0.084
ld_c[342]	INPUT	SIGNAL	M5	46.56	0.0	46.584	0.084
ld_c[343]	INPUT	SIGNAL	M5	46.656	0.0	46.68	0.084
ld_c[344]	INPUT	SIGNAL	M5	46.752	0.0	46.776	0.084
ld_c[345]	INPUT	SIGNAL	M5	46.848	0.0	46.872	0.084
ld_c[346]	INPUT	SIGNAL	M5	46.944	0.0	46.968	0.084
ld_c[347]	INPUT	SIGNAL	M5	47.04	0.0	47.064	0.084
ld_c[348]	INPUT	SIGNAL	M5	47.136	0.0	47.16	0.084
ld_c[349]	INPUT	SIGNAL	M5	47.232	0.0	47.256	0.084
ld_c[34]	INPUT	SIGNAL	M5	47.328	0.0	47.352	0.084
ld_c[350]	INPUT	SIGNAL	M5	47.424	0.0	47.448	0.084
ld_c[351]	INPUT	SIGNAL	M5	47.52	0.0	47.544	0.084
ld_c[352]	INPUT	SIGNAL	M5	47.616	0.0	47.64	0.084
ld_c[353]	INPUT	SIGNAL	M5	47.712	0.0	47.736	0.084
ld_c[354]	INPUT	SIGNAL	M5	47.808	0.0	47.832	0.084
ld_c[355]	INPUT	SIGNAL	M5	47.904	0.0	47.928	0.084
ld_c[356]	INPUT	SIGNAL	M5	48.0	0.0	48.024	0.084
ld_c[357]	INPUT	SIGNAL	M5	48.096	0.0	48.12	0.084
ld_c[358]	INPUT	SIGNAL	M5	48.192	0.0	48.216	0.084
ld_c[359]	INPUT	SIGNAL	M5	48.288	0.0	48.312	0.084
ld_c[35]	INPUT	SIGNAL	M5	48.384	0.0	48.408	0.084
ld_c[360]	INPUT	SIGNAL	M5	48.48	0.0	48.504	0.084
ld_c[361]	INPUT	SIGNAL	M5	48.576	0.0	48.6	0.084
ld_c[362]	INPUT	SIGNAL	M5	48.672	0.0	48.696	0.084
ld_c[363]	INPUT	SIGNAL	M5	48.768	0.0	48.792	0.084
ld_c[364]	INPUT	SIGNAL	M5	48.864	0.0	48.888	0.084
ld_c[365]	INPUT	SIGNAL	M5	48.96	0.0	48.984	0.084
ld_c[366]	INPUT	SIGNAL	M5	49.056	0.0	49.08	0.084
ld_c[367]	INPUT	SIGNAL	M5	49.152	0.0	49.176	0.084
ld_c[368]	INPUT	SIGNAL	M5	49.248	0.0	49.272	0.084
ld_c[369]	INPUT	SIGNAL	M5	49.344	0.0	49.368	0.084
ld_c[36]	INPUT	SIGNAL	M5	49.44	0.0	49.464	0.084
ld_c[370]	INPUT	SIGNAL	M5	49.536	0.0	49.56	0.084
ld_c[371]	INPUT	SIGNAL	M5	49.632	0.0	49.656	0.084
ld_c[372]	INPUT	SIGNAL	M5	49.728	0.0	49.752	0.084
ld_c[373]	INPUT	SIGNAL	M5	49.824	0.0	49.848	0.084
ld_c[374]	INPUT	SIGNAL	M5	49.92	0.0	49.944	0.084
ld_c[375]	INPUT	SIGNAL	M5	50.016	0.0	50.04	0.084
ld_c[376]	INPUT	SIGNAL	M5	50.112	0.0	50.136	0.084
ld_c[377]	INPUT	SIGNAL	M5	50.208	0.0	50.232	0.084
ld_c[378]	INPUT	SIGNAL	M5	50.304	0.0	50.328	0.084
ld_c[379]	INPUT	SIGNAL	M5	50.4	0.0	50.424	0.084
ld_c[37]	INPUT	SIGNAL	M5	50.496	0.0	50.52	0.084
ld_c[380]	INPUT	SIGNAL	M5	50.592	0.0	50.616	0.084
ld_c[381]	INPUT	SIGNAL	M5	50.688	0.0	50.712	0.084
ld_c[382]	INPUT	SIGNAL	M5	50.784	0.0	50.808	0.084
ld_c[383]	INPUT	SIGNAL	M5	50.88	0.0	50.904	0.084
ld_c[384]	INPUT	SIGNAL	M5	50.976	0.0	51.0	0.084
ld_c[385]	INPUT	SIGNAL	M5	51.072	0.0	51.096	0.084
ld_c[386]	INPUT	SIGNAL	M5	51.168	0.0	51.192	0.084
ld_c[387]	INPUT	SIGNAL	M5	51.264	0.0	51.288	0.084
ld_c[388]	INPUT	SIGNAL	M5	51.36	0.0	51.384	0.084
ld_c[389]	INPUT	SIGNAL	M5	51.456	0.0	51.48	0.084
ld_c[38]	INPUT	SIGNAL	M5	51.552	0.0	51.576	0.084
ld_c[390]	INPUT	SIGNAL	M5	51.648	0.0	51.672	0.084
ld_c[391]	INPUT	SIGNAL	M5	51.744	0.0	51.768	0.084
ld_c[392]	INPUT	SIGNAL	M5	51.84	0.0	51.864	0.084
ld_c[393]	INPUT	SIGNAL	M5	51.936	0.0	51.96	0.084
ld_c[394]	INPUT	SIGNAL	M5	52.032	0.0	52.056	0.084
ld_c[395]	INPUT	SIGNAL	M5	52.128	0.0	52.152	0.084
ld_c[396]	INPUT	SIGNAL	M5	52.224	0.0	52.248	0.084
ld_c[397]	INPUT	SIGNAL	M5	52.32	0.0	52.344	0.084
ld_c[398]	INPUT	SIGNAL	M5	52.416	0.0	52.44	0.084
ld_c[399]	INPUT	SIGNAL	M5	52.512	0.0	52.536	0.084
ld_c[39]	INPUT	SIGNAL	M5	52.608	0.0	52.632	0.084
ld_c[3]	INPUT	SIGNAL	M5	52.704	0.0	52.728	0.084
ld_c[400]	INPUT	SIGNAL	M5	52.8	0.0	52.824	0.084
ld_c[401]	INPUT	SIGNAL	M5	52.896	0.0	52.92	0.084
ld_c[402]	INPUT	SIGNAL	M5	52.992	0.0	53.016	0.084
ld_c[403]	INPUT	SIGNAL	M5	53.088	0.0	53.112	0.084
ld_c[404]	INPUT	SIGNAL	M5	53.184	0.0	53.208	0.084
ld_c[405]	INPUT	SIGNAL	M5	53.28	0.0	53.304	0.084
ld_c[406]	INPUT	SIGNAL	M5	53.376	0.0	53.4	0.084
ld_c[407]	INPUT	SIGNAL	M5	53.472	0.0	53.496	0.084
ld_c[408]	INPUT	SIGNAL	M5	53.568	0.0	53.592	0.084
ld_c[409]	INPUT	SIGNAL	M5	53.664	0.0	53.688	0.084
ld_c[40]	INPUT	SIGNAL	M5	53.76	0.0	53.784	0.084
ld_c[410]	INPUT	SIGNAL	M5	53.856	0.0	53.88	0.084
ld_c[411]	INPUT	SIGNAL	M5	53.952	0.0	53.976	0.084
ld_c[412]	INPUT	SIGNAL	M5	54.048	0.0	54.072	0.084
ld_c[413]	INPUT	SIGNAL	M5	54.144	0.0	54.168	0.084
ld_c[414]	INPUT	SIGNAL	M5	54.24	0.0	54.264	0.084
ld_c[415]	INPUT	SIGNAL	M5	54.336	0.0	54.36	0.084
ld_c[416]	INPUT	SIGNAL	M5	54.432	0.0	54.456	0.084
ld_c[417]	INPUT	SIGNAL	M5	54.528	0.0	54.552	0.084
ld_c[418]	INPUT	SIGNAL	M5	54.624	0.0	54.648	0.084
ld_c[419]	INPUT	SIGNAL	M5	54.72	0.0	54.744	0.084
ld_c[41]	INPUT	SIGNAL	M5	54.816	0.0	54.84	0.084
ld_c[420]	INPUT	SIGNAL	M5	54.912	0.0	54.936	0.084
ld_c[421]	INPUT	SIGNAL	M5	55.008	0.0	55.032	0.084
ld_c[422]	INPUT	SIGNAL	M5	55.104	0.0	55.128	0.084
ld_c[423]	INPUT	SIGNAL	M5	55.2	0.0	55.224	0.084
ld_c[424]	INPUT	SIGNAL	M5	55.296	0.0	55.32	0.084
ld_c[425]	INPUT	SIGNAL	M5	55.392	0.0	55.416	0.084
ld_c[426]	INPUT	SIGNAL	M5	55.488	0.0	55.512	0.084
ld_c[427]	INPUT	SIGNAL	M5	55.584	0.0	55.608	0.084
ld_c[428]	INPUT	SIGNAL	M5	55.68	0.0	55.704	0.084
ld_c[429]	INPUT	SIGNAL	M5	55.776	0.0	55.8	0.084
ld_c[42]	INPUT	SIGNAL	M5	55.872	0.0	55.896	0.084
ld_c[430]	INPUT	SIGNAL	M5	55.968	0.0	55.992	0.084
ld_c[431]	INPUT	SIGNAL	M5	56.064	0.0	56.088	0.084
ld_c[432]	INPUT	SIGNAL	M5	56.16	0.0	56.184	0.084
ld_c[433]	INPUT	SIGNAL	M5	56.256	0.0	56.28	0.084
ld_c[434]	INPUT	SIGNAL	M5	56.352	0.0	56.376	0.084
ld_c[435]	INPUT	SIGNAL	M5	56.448	0.0	56.472	0.084
ld_c[436]	INPUT	SIGNAL	M5	56.544	0.0	56.568	0.084
ld_c[437]	INPUT	SIGNAL	M5	56.64	0.0	56.664	0.084
ld_c[438]	INPUT	SIGNAL	M5	56.736	0.0	56.76	0.084
ld_c[439]	INPUT	SIGNAL	M5	56.832	0.0	56.856	0.084
ld_c[43]	INPUT	SIGNAL	M5	56.928	0.0	56.952	0.084
ld_c[440]	INPUT	SIGNAL	M5	57.024	0.0	57.048	0.084
ld_c[441]	INPUT	SIGNAL	M5	57.12	0.0	57.144	0.084
ld_c[442]	INPUT	SIGNAL	M5	57.216	0.0	57.24	0.084
ld_c[443]	INPUT	SIGNAL	M5	57.312	0.0	57.336	0.084
ld_c[444]	INPUT	SIGNAL	M5	57.408	0.0	57.432	0.084
ld_c[445]	INPUT	SIGNAL	M5	57.504	0.0	57.528	0.084
ld_c[446]	INPUT	SIGNAL	M5	57.6	0.0	57.624	0.084
ld_c[447]	INPUT	SIGNAL	M5	57.696	0.0	57.72	0.084
ld_c[448]	INPUT	SIGNAL	M5	57.792	0.0	57.816	0.084
ld_c[449]	INPUT	SIGNAL	M5	57.888	0.0	57.912	0.084
ld_c[44]	INPUT	SIGNAL	M5	57.984	0.0	58.008	0.084
ld_c[450]	INPUT	SIGNAL	M5	58.08	0.0	58.104	0.084
ld_c[451]	INPUT	SIGNAL	M5	58.176	0.0	58.2	0.084
ld_c[452]	INPUT	SIGNAL	M5	58.272	0.0	58.296	0.084
ld_c[453]	INPUT	SIGNAL	M5	58.368	0.0	58.392	0.084
ld_c[454]	INPUT	SIGNAL	M5	58.464	0.0	58.488	0.084
ld_c[455]	INPUT	SIGNAL	M5	58.56	0.0	58.584	0.084
ld_c[456]	INPUT	SIGNAL	M5	58.656	0.0	58.68	0.084
ld_c[457]	INPUT	SIGNAL	M5	58.752	0.0	58.776	0.084
ld_c[458]	INPUT	SIGNAL	M5	58.848	0.0	58.872	0.084
ld_c[459]	INPUT	SIGNAL	M5	58.944	0.0	58.968	0.084
ld_c[45]	INPUT	SIGNAL	M5	59.04	0.0	59.064	0.084
ld_c[460]	INPUT	SIGNAL	M5	59.136	0.0	59.16	0.084
ld_c[461]	INPUT	SIGNAL	M5	59.232	0.0	59.256	0.084
ld_c[462]	INPUT	SIGNAL	M5	59.328	0.0	59.352	0.084
ld_c[463]	INPUT	SIGNAL	M5	59.424	0.0	59.448	0.084
ld_c[464]	INPUT	SIGNAL	M5	59.52	0.0	59.544	0.084
ld_c[465]	INPUT	SIGNAL	M5	59.616	0.0	59.64	0.084
ld_c[466]	INPUT	SIGNAL	M5	59.712	0.0	59.736	0.084
ld_c[467]	INPUT	SIGNAL	M5	59.808	0.0	59.832	0.084
ld_c[468]	INPUT	SIGNAL	M5	59.904	0.0	59.928	0.084
ld_c[469]	INPUT	SIGNAL	M5	60.0	0.0	60.024	0.084
ld_c[46]	INPUT	SIGNAL	M5	60.096	0.0	60.12	0.084
ld_c[470]	INPUT	SIGNAL	M5	60.192	0.0	60.216	0.084
ld_c[471]	INPUT	SIGNAL	M5	60.288	0.0	60.312	0.084
ld_c[472]	INPUT	SIGNAL	M5	60.384	0.0	60.408	0.084
ld_c[473]	INPUT	SIGNAL	M5	60.48	0.0	60.504	0.084
ld_c[474]	INPUT	SIGNAL	M5	60.576	0.0	60.6	0.084
ld_c[475]	INPUT	SIGNAL	M5	60.672	0.0	60.696	0.084
ld_c[476]	INPUT	SIGNAL	M5	60.768	0.0	60.792	0.084
ld_c[477]	INPUT	SIGNAL	M5	60.864	0.0	60.888	0.084
ld_c[478]	INPUT	SIGNAL	M5	60.96	0.0	60.984	0.084
ld_c[479]	INPUT	SIGNAL	M5	61.056	0.0	61.08	0.084
ld_c[47]	INPUT	SIGNAL	M5	61.152	0.0	61.176	0.084
ld_c[480]	INPUT	SIGNAL	M5	61.248	0.0	61.272	0.084
ld_c[481]	INPUT	SIGNAL	M5	61.344	0.0	61.368	0.084
ld_c[482]	INPUT	SIGNAL	M5	61.44	0.0	61.464	0.084
ld_c[483]	INPUT	SIGNAL	M5	61.536	0.0	61.56	0.084
ld_c[484]	INPUT	SIGNAL	M5	61.632	0.0	61.656	0.084
ld_c[485]	INPUT	SIGNAL	M5	61.728	0.0	61.752	0.084
ld_c[486]	INPUT	SIGNAL	M5	61.824	0.0	61.848	0.084
ld_c[487]	INPUT	SIGNAL	M5	61.92	0.0	61.944	0.084
ld_c[488]	INPUT	SIGNAL	M5	62.016	0.0	62.04	0.084
ld_c[489]	INPUT	SIGNAL	M5	62.112	0.0	62.136	0.084
ld_c[48]	INPUT	SIGNAL	M5	62.208	0.0	62.232	0.084
ld_c[490]	INPUT	SIGNAL	M5	62.304	0.0	62.328	0.084
ld_c[491]	INPUT	SIGNAL	M5	62.4	0.0	62.424	0.084
ld_c[492]	INPUT	SIGNAL	M5	62.496	0.0	62.52	0.084
ld_c[493]	INPUT	SIGNAL	M5	62.592	0.0	62.616	0.084
ld_c[494]	INPUT	SIGNAL	M5	62.688	0.0	62.712	0.084
ld_c[495]	INPUT	SIGNAL	M5	62.784	0.0	62.808	0.084
ld_c[496]	INPUT	SIGNAL	M5	62.88	0.0	62.904	0.084
ld_c[497]	INPUT	SIGNAL	M5	62.976	0.0	63.0	0.084
ld_c[498]	INPUT	SIGNAL	M5	63.072	0.0	63.096	0.084
ld_c[499]	INPUT	SIGNAL	M5	63.168	0.0	63.192	0.084
ld_c[49]	INPUT	SIGNAL	M5	63.264	0.0	63.288	0.084
ld_c[4]	INPUT	SIGNAL	M5	63.36	0.0	63.384	0.084
ld_c[500]	INPUT	SIGNAL	M5	63.456	0.0	63.48	0.084
ld_c[501]	INPUT	SIGNAL	M5	63.552	0.0	63.576	0.084
ld_c[502]	INPUT	SIGNAL	M5	63.648	0.0	63.672	0.084
ld_c[503]	INPUT	SIGNAL	M5	63.744	0.0	63.768	0.084
ld_c[504]	INPUT	SIGNAL	M5	63.84	0.0	63.864	0.084
ld_c[505]	INPUT	SIGNAL	M5	63.936	0.0	63.96	0.084
ld_c[506]	INPUT	SIGNAL	M5	64.032	0.0	64.056	0.084
ld_c[507]	INPUT	SIGNAL	M5	64.128	0.0	64.152	0.084
ld_c[508]	INPUT	SIGNAL	M5	64.224	0.0	64.248	0.084
ld_c[509]	INPUT	SIGNAL	M5	64.32	0.0	64.344	0.084
ld_c[50]	INPUT	SIGNAL	M5	64.416	0.0	64.44	0.084
ld_c[510]	INPUT	SIGNAL	M5	64.512	0.0	64.536	0.084
ld_c[511]	INPUT	SIGNAL	M5	64.608	0.0	64.632	0.084
ld_c[512]	INPUT	SIGNAL	M5	64.704	0.0	64.728	0.084
ld_c[513]	INPUT	SIGNAL	M5	64.8	0.0	64.824	0.084
ld_c[514]	INPUT	SIGNAL	M5	64.896	0.0	64.92	0.084
ld_c[515]	INPUT	SIGNAL	M5	64.992	0.0	65.016	0.084
ld_c[516]	INPUT	SIGNAL	M5	65.088	0.0	65.112	0.084
ld_c[517]	INPUT	SIGNAL	M5	65.184	0.0	65.208	0.084
ld_c[518]	INPUT	SIGNAL	M5	65.28	0.0	65.304	0.084
ld_c[519]	INPUT	SIGNAL	M5	65.376	0.0	65.4	0.084
ld_c[51]	INPUT	SIGNAL	M5	65.472	0.0	65.496	0.084
ld_c[520]	INPUT	SIGNAL	M5	65.568	0.0	65.592	0.084
ld_c[521]	INPUT	SIGNAL	M5	65.664	0.0	65.688	0.084
ld_c[522]	INPUT	SIGNAL	M5	65.76	0.0	65.784	0.084
ld_c[523]	INPUT	SIGNAL	M5	65.856	0.0	65.88	0.084
ld_c[524]	INPUT	SIGNAL	M5	65.952	0.0	65.976	0.084
ld_c[525]	INPUT	SIGNAL	M5	66.048	0.0	66.072	0.084
ld_c[526]	INPUT	SIGNAL	M5	66.144	0.0	66.168	0.084
ld_c[527]	INPUT	SIGNAL	M5	66.24	0.0	66.264	0.084
ld_c[528]	INPUT	SIGNAL	M5	66.336	0.0	66.36	0.084
ld_c[529]	INPUT	SIGNAL	M5	66.432	0.0	66.456	0.084
ld_c[52]	INPUT	SIGNAL	M5	66.528	0.0	66.552	0.084
ld_c[530]	INPUT	SIGNAL	M5	66.624	0.0	66.648	0.084
ld_c[531]	INPUT	SIGNAL	M5	66.72	0.0	66.744	0.084
ld_c[532]	INPUT	SIGNAL	M5	66.816	0.0	66.84	0.084
ld_c[533]	INPUT	SIGNAL	M5	66.912	0.0	66.936	0.084
ld_c[534]	INPUT	SIGNAL	M5	67.008	0.0	67.032	0.084
ld_c[535]	INPUT	SIGNAL	M5	67.104	0.0	67.128	0.084
ld_c[536]	INPUT	SIGNAL	M5	67.2	0.0	67.224	0.084
ld_c[537]	INPUT	SIGNAL	M5	67.296	0.0	67.32	0.084
ld_c[538]	INPUT	SIGNAL	M5	67.392	0.0	67.416	0.084
ld_c[539]	INPUT	SIGNAL	M5	67.488	0.0	67.512	0.084
ld_c[53]	INPUT	SIGNAL	M5	67.584	0.0	67.608	0.084
ld_c[540]	INPUT	SIGNAL	M5	67.68	0.0	67.704	0.084
ld_c[541]	INPUT	SIGNAL	M5	67.776	0.0	67.8	0.084
ld_c[542]	INPUT	SIGNAL	M5	67.872	0.0	67.896	0.084
ld_c[543]	INPUT	SIGNAL	M5	67.968	0.0	67.992	0.084
ld_c[544]	INPUT	SIGNAL	M5	68.064	0.0	68.088	0.084
ld_c[545]	INPUT	SIGNAL	M5	68.16	0.0	68.184	0.084
ld_c[546]	INPUT	SIGNAL	M5	68.256	0.0	68.28	0.084
ld_c[547]	INPUT	SIGNAL	M5	68.352	0.0	68.376	0.084
ld_c[548]	INPUT	SIGNAL	M5	68.448	0.0	68.472	0.084
ld_c[549]	INPUT	SIGNAL	M5	68.544	0.0	68.568	0.084
ld_c[54]	INPUT	SIGNAL	M5	68.64	0.0	68.664	0.084
ld_c[550]	INPUT	SIGNAL	M5	68.736	0.0	68.76	0.084
ld_c[551]	INPUT	SIGNAL	M5	68.832	0.0	68.856	0.084
ld_c[552]	INPUT	SIGNAL	M5	68.928	0.0	68.952	0.084
ld_c[553]	INPUT	SIGNAL	M5	69.024	0.0	69.048	0.084
ld_c[554]	INPUT	SIGNAL	M5	69.12	0.0	69.144	0.084
ld_c[555]	INPUT	SIGNAL	M5	69.216	0.0	69.24	0.084
ld_c[556]	INPUT	SIGNAL	M5	69.312	0.0	69.336	0.084
ld_c[557]	INPUT	SIGNAL	M5	69.408	0.0	69.432	0.084
ld_c[558]	INPUT	SIGNAL	M5	69.504	0.0	69.528	0.084
ld_c[559]	INPUT	SIGNAL	M5	69.6	0.0	69.624	0.084
ld_c[55]	INPUT	SIGNAL	M5	69.696	0.0	69.72	0.084
ld_c[560]	INPUT	SIGNAL	M5	69.792	0.0	69.816	0.084
ld_c[561]	INPUT	SIGNAL	M5	69.888	0.0	69.912	0.084
ld_c[562]	INPUT	SIGNAL	M5	69.984	0.0	70.008	0.084
ld_c[563]	INPUT	SIGNAL	M5	70.08	0.0	70.104	0.084
ld_c[564]	INPUT	SIGNAL	M5	70.176	0.0	70.2	0.084
ld_c[565]	INPUT	SIGNAL	M5	70.272	0.0	70.296	0.084
ld_c[566]	INPUT	SIGNAL	M5	70.368	0.0	70.392	0.084
ld_c[567]	INPUT	SIGNAL	M5	70.464	0.0	70.488	0.084
ld_c[568]	INPUT	SIGNAL	M5	70.56	0.0	70.584	0.084
ld_c[569]	INPUT	SIGNAL	M5	70.656	0.0	70.68	0.084
ld_c[56]	INPUT	SIGNAL	M5	70.752	0.0	70.776	0.084
ld_c[570]	INPUT	SIGNAL	M5	70.848	0.0	70.872	0.084
ld_c[571]	INPUT	SIGNAL	M5	70.944	0.0	70.968	0.084
ld_c[572]	INPUT	SIGNAL	M5	71.04	0.0	71.064	0.084
ld_c[573]	INPUT	SIGNAL	M5	71.136	0.0	71.16	0.084
ld_c[574]	INPUT	SIGNAL	M5	71.232	0.0	71.256	0.084
ld_c[575]	INPUT	SIGNAL	M5	71.328	0.0	71.352	0.084
ld_c[576]	INPUT	SIGNAL	M5	71.424	0.0	71.448	0.084
ld_c[577]	INPUT	SIGNAL	M5	71.52	0.0	71.544	0.084
ld_c[578]	INPUT	SIGNAL	M5	71.616	0.0	71.64	0.084
ld_c[579]	INPUT	SIGNAL	M5	71.712	0.0	71.736	0.084
ld_c[57]	INPUT	SIGNAL	M5	71.808	0.0	71.832	0.084
ld_c[580]	INPUT	SIGNAL	M5	71.904	0.0	71.928	0.084
ld_c[581]	INPUT	SIGNAL	M5	72.0	0.0	72.024	0.084
ld_c[582]	INPUT	SIGNAL	M5	72.096	0.0	72.12	0.084
ld_c[583]	INPUT	SIGNAL	M5	72.192	0.0	72.216	0.084
ld_c[584]	INPUT	SIGNAL	M5	72.288	0.0	72.312	0.084
ld_c[585]	INPUT	SIGNAL	M5	72.384	0.0	72.408	0.084
ld_c[586]	INPUT	SIGNAL	M5	72.48	0.0	72.504	0.084
ld_c[587]	INPUT	SIGNAL	M5	72.576	0.0	72.6	0.084
ld_c[588]	INPUT	SIGNAL	M5	72.672	0.0	72.696	0.084
ld_c[589]	INPUT	SIGNAL	M5	72.768	0.0	72.792	0.084
ld_c[58]	INPUT	SIGNAL	M5	72.864	0.0	72.888	0.084
ld_c[590]	INPUT	SIGNAL	M5	72.96	0.0	72.984	0.084
ld_c[591]	INPUT	SIGNAL	M5	73.056	0.0	73.08	0.084
ld_c[592]	INPUT	SIGNAL	M5	73.152	0.0	73.176	0.084
ld_c[593]	INPUT	SIGNAL	M5	73.248	0.0	73.272	0.084
ld_c[594]	INPUT	SIGNAL	M5	73.344	0.0	73.368	0.084
ld_c[595]	INPUT	SIGNAL	M5	73.44	0.0	73.464	0.084
ld_c[596]	INPUT	SIGNAL	M5	73.536	0.0	73.56	0.084
ld_c[597]	INPUT	SIGNAL	M5	73.632	0.0	73.656	0.084
ld_c[598]	INPUT	SIGNAL	M5	73.728	0.0	73.752	0.084
ld_c[599]	INPUT	SIGNAL	M5	73.824	0.0	73.848	0.084
ld_c[59]	INPUT	SIGNAL	M5	73.92	0.0	73.944	0.084
ld_c[5]	INPUT	SIGNAL	M5	74.016	0.0	74.04	0.084
ld_c[600]	INPUT	SIGNAL	M5	74.112	0.0	74.136	0.084
ld_c[601]	INPUT	SIGNAL	M5	74.208	0.0	74.232	0.084
ld_c[602]	INPUT	SIGNAL	M5	74.304	0.0	74.328	0.084
ld_c[603]	INPUT	SIGNAL	M5	74.4	0.0	74.424	0.084
ld_c[604]	INPUT	SIGNAL	M5	74.496	0.0	74.52	0.084
ld_c[605]	INPUT	SIGNAL	M5	74.592	0.0	74.616	0.084
ld_c[606]	INPUT	SIGNAL	M5	74.688	0.0	74.712	0.084
ld_c[607]	INPUT	SIGNAL	M5	74.784	0.0	74.808	0.084
ld_c[608]	INPUT	SIGNAL	M5	74.88	0.0	74.904	0.084
ld_c[609]	INPUT	SIGNAL	M5	74.976	0.0	75.0	0.084
ld_c[60]	INPUT	SIGNAL	M5	75.072	0.0	75.096	0.084
ld_c[610]	INPUT	SIGNAL	M5	75.168	0.0	75.192	0.084
ld_c[611]	INPUT	SIGNAL	M5	75.264	0.0	75.288	0.084
ld_c[612]	INPUT	SIGNAL	M5	75.36	0.0	75.384	0.084
ld_c[613]	INPUT	SIGNAL	M5	75.456	0.0	75.48	0.084
ld_c[614]	INPUT	SIGNAL	M5	75.552	0.0	75.576	0.084
ld_c[615]	INPUT	SIGNAL	M5	75.648	0.0	75.672	0.084
ld_c[616]	INPUT	SIGNAL	M5	75.744	0.0	75.768	0.084
ld_c[617]	INPUT	SIGNAL	M5	75.84	0.0	75.864	0.084
ld_c[618]	INPUT	SIGNAL	M5	75.936	0.0	75.96	0.084
ld_c[619]	INPUT	SIGNAL	M5	76.032	0.0	76.056	0.084
ld_c[61]	INPUT	SIGNAL	M5	76.128	0.0	76.152	0.084
ld_c[620]	INPUT	SIGNAL	M5	76.224	0.0	76.248	0.084
ld_c[621]	INPUT	SIGNAL	M5	76.32	0.0	76.344	0.084
ld_c[622]	INPUT	SIGNAL	M5	76.416	0.0	76.44	0.084
ld_c[623]	INPUT	SIGNAL	M5	76.512	0.0	76.536	0.084
ld_c[624]	INPUT	SIGNAL	M5	76.608	0.0	76.632	0.084
ld_c[625]	INPUT	SIGNAL	M5	76.704	0.0	76.728	0.084
ld_c[626]	INPUT	SIGNAL	M5	76.8	0.0	76.824	0.084
ld_c[627]	INPUT	SIGNAL	M5	76.896	0.0	76.92	0.084
ld_c[628]	INPUT	SIGNAL	M5	76.992	0.0	77.016	0.084
ld_c[629]	INPUT	SIGNAL	M5	77.088	0.0	77.112	0.084
ld_c[62]	INPUT	SIGNAL	M5	77.184	0.0	77.208	0.084
ld_c[630]	INPUT	SIGNAL	M5	77.28	0.0	77.304	0.084
ld_c[631]	INPUT	SIGNAL	M5	77.376	0.0	77.4	0.084
ld_c[632]	INPUT	SIGNAL	M5	77.472	0.0	77.496	0.084
ld_c[633]	INPUT	SIGNAL	M5	77.568	0.0	77.592	0.084
ld_c[634]	INPUT	SIGNAL	M5	77.664	0.0	77.688	0.084
ld_c[635]	INPUT	SIGNAL	M5	77.76	0.0	77.784	0.084
ld_c[636]	INPUT	SIGNAL	M5	77.856	0.0	77.88	0.084
ld_c[637]	INPUT	SIGNAL	M5	77.952	0.0	77.976	0.084
ld_c[638]	INPUT	SIGNAL	M5	78.048	0.0	78.072	0.084
ld_c[639]	INPUT	SIGNAL	M5	78.144	0.0	78.168	0.084
ld_c[63]	INPUT	SIGNAL	M5	78.24	0.0	78.264	0.084
ld_c[640]	INPUT	SIGNAL	M5	78.336	0.0	78.36	0.084
ld_c[641]	INPUT	SIGNAL	M5	78.432	0.0	78.456	0.084
ld_c[642]	INPUT	SIGNAL	M5	78.528	0.0	78.552	0.084
ld_c[643]	INPUT	SIGNAL	M5	78.624	0.0	78.648	0.084
ld_c[644]	INPUT	SIGNAL	M5	78.72	0.0	78.744	0.084
ld_c[645]	INPUT	SIGNAL	M5	78.816	0.0	78.84	0.084
ld_c[646]	INPUT	SIGNAL	M5	78.912	0.0	78.936	0.084
ld_c[647]	INPUT	SIGNAL	M5	79.008	0.0	79.032	0.084
ld_c[648]	INPUT	SIGNAL	M5	79.104	0.0	79.128	0.084
ld_c[649]	INPUT	SIGNAL	M5	79.2	0.0	79.224	0.084
ld_c[64]	INPUT	SIGNAL	M5	79.296	0.0	79.32	0.084
ld_c[650]	INPUT	SIGNAL	M5	79.392	0.0	79.416	0.084
ld_c[651]	INPUT	SIGNAL	M5	79.488	0.0	79.512	0.084
ld_c[652]	INPUT	SIGNAL	M5	79.584	0.0	79.608	0.084
ld_c[653]	INPUT	SIGNAL	M5	79.68	0.0	79.704	0.084
ld_c[654]	INPUT	SIGNAL	M5	79.776	0.0	79.8	0.084
ld_c[655]	INPUT	SIGNAL	M5	79.872	0.0	79.896	0.084
ld_c[656]	INPUT	SIGNAL	M5	79.968	0.0	79.992	0.084
ld_c[657]	INPUT	SIGNAL	M5	80.064	0.0	80.088	0.084
ld_c[658]	INPUT	SIGNAL	M5	80.16	0.0	80.184	0.084
ld_c[659]	INPUT	SIGNAL	M5	80.256	0.0	80.28	0.084
ld_c[65]	INPUT	SIGNAL	M5	80.352	0.0	80.376	0.084
ld_c[660]	INPUT	SIGNAL	M5	80.448	0.0	80.472	0.084
ld_c[661]	INPUT	SIGNAL	M5	80.544	0.0	80.568	0.084
ld_c[662]	INPUT	SIGNAL	M5	80.64	0.0	80.664	0.084
ld_c[663]	INPUT	SIGNAL	M5	80.736	0.0	80.76	0.084
ld_c[664]	INPUT	SIGNAL	M5	80.832	0.0	80.856	0.084
ld_c[665]	INPUT	SIGNAL	M5	80.928	0.0	80.952	0.084
ld_c[666]	INPUT	SIGNAL	M5	81.024	0.0	81.048	0.084
ld_c[667]	INPUT	SIGNAL	M5	81.12	0.0	81.144	0.084
ld_c[668]	INPUT	SIGNAL	M5	81.216	0.0	81.24	0.084
ld_c[669]	INPUT	SIGNAL	M5	81.312	0.0	81.336	0.084
ld_c[66]	INPUT	SIGNAL	M5	81.408	0.0	81.432	0.084
ld_c[670]	INPUT	SIGNAL	M5	81.504	0.0	81.528	0.084
ld_c[671]	INPUT	SIGNAL	M5	81.6	0.0	81.624	0.084
ld_c[672]	INPUT	SIGNAL	M5	81.696	0.0	81.72	0.084
ld_c[673]	INPUT	SIGNAL	M5	81.792	0.0	81.816	0.084
ld_c[674]	INPUT	SIGNAL	M5	81.888	0.0	81.912	0.084
ld_c[675]	INPUT	SIGNAL	M5	81.984	0.0	82.008	0.084
ld_c[676]	INPUT	SIGNAL	M5	82.08	0.0	82.104	0.084
ld_c[677]	INPUT	SIGNAL	M5	82.176	0.0	82.2	0.084
ld_c[678]	INPUT	SIGNAL	M5	82.272	0.0	82.296	0.084
ld_c[679]	INPUT	SIGNAL	M5	82.368	0.0	82.392	0.084
ld_c[67]	INPUT	SIGNAL	M5	82.464	0.0	82.488	0.084
ld_c[680]	INPUT	SIGNAL	M5	82.56	0.0	82.584	0.084
ld_c[681]	INPUT	SIGNAL	M5	82.656	0.0	82.68	0.084
ld_c[682]	INPUT	SIGNAL	M5	82.752	0.0	82.776	0.084
ld_c[683]	INPUT	SIGNAL	M5	82.848	0.0	82.872	0.084
ld_c[684]	INPUT	SIGNAL	M5	82.944	0.0	82.968	0.084
ld_c[685]	INPUT	SIGNAL	M5	83.04	0.0	83.064	0.084
ld_c[686]	INPUT	SIGNAL	M5	83.136	0.0	83.16	0.084
ld_c[687]	INPUT	SIGNAL	M5	83.232	0.0	83.256	0.084
ld_c[688]	INPUT	SIGNAL	M5	83.328	0.0	83.352	0.084
ld_c[689]	INPUT	SIGNAL	M5	83.424	0.0	83.448	0.084
ld_c[68]	INPUT	SIGNAL	M5	83.52	0.0	83.544	0.084
ld_c[690]	INPUT	SIGNAL	M5	83.616	0.0	83.64	0.084
ld_c[691]	INPUT	SIGNAL	M5	83.712	0.0	83.736	0.084
ld_c[692]	INPUT	SIGNAL	M5	83.808	0.0	83.832	0.084
ld_c[693]	INPUT	SIGNAL	M5	83.904	0.0	83.928	0.084
ld_c[694]	INPUT	SIGNAL	M5	84.0	0.0	84.024	0.084
ld_c[695]	INPUT	SIGNAL	M5	84.096	0.0	84.12	0.084
ld_c[696]	INPUT	SIGNAL	M5	84.192	0.0	84.216	0.084
ld_c[697]	INPUT	SIGNAL	M5	84.288	0.0	84.312	0.084
ld_c[698]	INPUT	SIGNAL	M5	84.384	0.0	84.408	0.084
ld_c[699]	INPUT	SIGNAL	M5	84.48	0.0	84.504	0.084
ld_c[69]	INPUT	SIGNAL	M5	84.576	0.0	84.6	0.084
ld_c[6]	INPUT	SIGNAL	M5	84.672	0.0	84.696	0.084
ld_c[700]	INPUT	SIGNAL	M5	84.768	0.0	84.792	0.084
ld_c[701]	INPUT	SIGNAL	M5	84.864	0.0	84.888	0.084
ld_c[702]	INPUT	SIGNAL	M5	84.96	0.0	84.984	0.084
ld_c[703]	INPUT	SIGNAL	M5	85.056	0.0	85.08	0.084
ld_c[704]	INPUT	SIGNAL	M5	85.152	0.0	85.176	0.084
ld_c[705]	INPUT	SIGNAL	M5	85.248	0.0	85.272	0.084
ld_c[706]	INPUT	SIGNAL	M5	85.344	0.0	85.368	0.084
ld_c[707]	INPUT	SIGNAL	M5	85.44	0.0	85.464	0.084
ld_c[708]	INPUT	SIGNAL	M5	85.536	0.0	85.56	0.084
ld_c[709]	INPUT	SIGNAL	M5	85.632	0.0	85.656	0.084
ld_c[70]	INPUT	SIGNAL	M5	85.728	0.0	85.752	0.084
ld_c[710]	INPUT	SIGNAL	M5	85.824	0.0	85.848	0.084
ld_c[711]	INPUT	SIGNAL	M5	85.92	0.0	85.944	0.084
ld_c[712]	INPUT	SIGNAL	M5	86.016	0.0	86.04	0.084
ld_c[713]	INPUT	SIGNAL	M5	86.112	0.0	86.136	0.084
ld_c[714]	INPUT	SIGNAL	M5	86.208	0.0	86.232	0.084
ld_c[715]	INPUT	SIGNAL	M5	86.304	0.0	86.328	0.084
ld_c[716]	INPUT	SIGNAL	M5	86.4	0.0	86.424	0.084
ld_c[717]	INPUT	SIGNAL	M5	86.496	0.0	86.52	0.084
ld_c[718]	INPUT	SIGNAL	M5	86.592	0.0	86.616	0.084
ld_c[719]	INPUT	SIGNAL	M5	86.688	0.0	86.712	0.084
ld_c[71]	INPUT	SIGNAL	M5	86.784	0.0	86.808	0.084
ld_c[720]	INPUT	SIGNAL	M5	86.88	0.0	86.904	0.084
ld_c[721]	INPUT	SIGNAL	M5	86.976	0.0	87.0	0.084
ld_c[722]	INPUT	SIGNAL	M5	87.072	0.0	87.096	0.084
ld_c[723]	INPUT	SIGNAL	M5	87.168	0.0	87.192	0.084
ld_c[724]	INPUT	SIGNAL	M5	87.264	0.0	87.288	0.084
ld_c[725]	INPUT	SIGNAL	M5	87.36	0.0	87.384	0.084
ld_c[726]	INPUT	SIGNAL	M5	87.456	0.0	87.48	0.084
ld_c[727]	INPUT	SIGNAL	M5	87.552	0.0	87.576	0.084
ld_c[728]	INPUT	SIGNAL	M5	87.648	0.0	87.672	0.084
ld_c[729]	INPUT	SIGNAL	M5	87.744	0.0	87.768	0.084
ld_c[72]	INPUT	SIGNAL	M5	87.84	0.0	87.864	0.084
ld_c[730]	INPUT	SIGNAL	M5	87.936	0.0	87.96	0.084
ld_c[731]	INPUT	SIGNAL	M5	88.032	0.0	88.056	0.084
ld_c[732]	INPUT	SIGNAL	M5	88.128	0.0	88.152	0.084
ld_c[733]	INPUT	SIGNAL	M5	88.224	0.0	88.248	0.084
ld_c[734]	INPUT	SIGNAL	M5	88.32	0.0	88.344	0.084
ld_c[735]	INPUT	SIGNAL	M5	88.416	0.0	88.44	0.084
ld_c[736]	INPUT	SIGNAL	M5	88.512	0.0	88.536	0.084
ld_c[737]	INPUT	SIGNAL	M5	88.608	0.0	88.632	0.084
ld_c[738]	INPUT	SIGNAL	M5	88.704	0.0	88.728	0.084
ld_c[739]	INPUT	SIGNAL	M5	88.8	0.0	88.824	0.084
ld_c[73]	INPUT	SIGNAL	M5	88.896	0.0	88.92	0.084
ld_c[740]	INPUT	SIGNAL	M5	88.992	0.0	89.016	0.084
ld_c[741]	INPUT	SIGNAL	M5	89.088	0.0	89.112	0.084
ld_c[742]	INPUT	SIGNAL	M5	89.184	0.0	89.208	0.084
ld_c[743]	INPUT	SIGNAL	M5	89.28	0.0	89.304	0.084
ld_c[744]	INPUT	SIGNAL	M5	89.376	0.0	89.4	0.084
ld_c[745]	INPUT	SIGNAL	M5	89.472	0.0	89.496	0.084
ld_c[746]	INPUT	SIGNAL	M5	89.568	0.0	89.592	0.084
ld_c[747]	INPUT	SIGNAL	M5	89.664	0.0	89.688	0.084
ld_c[748]	INPUT	SIGNAL	M5	89.76	0.0	89.784	0.084
ld_c[749]	INPUT	SIGNAL	M5	89.856	0.0	89.88	0.084
ld_c[74]	INPUT	SIGNAL	M5	89.952	0.0	89.976	0.084
ld_c[750]	INPUT	SIGNAL	M5	90.048	0.0	90.072	0.084
ld_c[751]	INPUT	SIGNAL	M5	90.144	0.0	90.168	0.084
ld_c[752]	INPUT	SIGNAL	M5	90.24	0.0	90.264	0.084
ld_c[753]	INPUT	SIGNAL	M5	90.336	0.0	90.36	0.084
ld_c[754]	INPUT	SIGNAL	M5	90.432	0.0	90.456	0.084
ld_c[755]	INPUT	SIGNAL	M5	90.528	0.0	90.552	0.084
ld_c[756]	INPUT	SIGNAL	M5	90.624	0.0	90.648	0.084
ld_c[757]	INPUT	SIGNAL	M5	90.72	0.0	90.744	0.084
ld_c[758]	INPUT	SIGNAL	M5	90.816	0.0	90.84	0.084
ld_c[759]	INPUT	SIGNAL	M5	90.912	0.0	90.936	0.084
ld_c[75]	INPUT	SIGNAL	M5	91.008	0.0	91.032	0.084
ld_c[760]	INPUT	SIGNAL	M5	91.104	0.0	91.128	0.084
ld_c[761]	INPUT	SIGNAL	M5	91.2	0.0	91.224	0.084
ld_c[762]	INPUT	SIGNAL	M5	91.296	0.0	91.32	0.084
ld_c[763]	INPUT	SIGNAL	M5	91.392	0.0	91.416	0.084
ld_c[764]	INPUT	SIGNAL	M5	91.488	0.0	91.512	0.084
ld_c[765]	INPUT	SIGNAL	M5	91.584	0.0	91.608	0.084
ld_c[766]	INPUT	SIGNAL	M5	91.68	0.0	91.704	0.084
ld_c[767]	INPUT	SIGNAL	M5	91.776	0.0	91.8	0.084
ld_c[768]	INPUT	SIGNAL	M5	91.872	0.0	91.896	0.084
ld_c[769]	INPUT	SIGNAL	M5	91.968	0.0	91.992	0.084
ld_c[76]	INPUT	SIGNAL	M5	92.064	0.0	92.088	0.084
ld_c[770]	INPUT	SIGNAL	M5	92.16	0.0	92.184	0.084
ld_c[771]	INPUT	SIGNAL	M5	92.256	0.0	92.28	0.084
ld_c[772]	INPUT	SIGNAL	M5	92.352	0.0	92.376	0.084
ld_c[773]	INPUT	SIGNAL	M5	92.448	0.0	92.472	0.084
ld_c[774]	INPUT	SIGNAL	M5	92.544	0.0	92.568	0.084
ld_c[775]	INPUT	SIGNAL	M5	92.64	0.0	92.664	0.084
ld_c[776]	INPUT	SIGNAL	M5	92.736	0.0	92.76	0.084
ld_c[777]	INPUT	SIGNAL	M5	92.832	0.0	92.856	0.084
ld_c[778]	INPUT	SIGNAL	M5	92.928	0.0	92.952	0.084
ld_c[779]	INPUT	SIGNAL	M5	93.024	0.0	93.048	0.084
ld_c[77]	INPUT	SIGNAL	M5	93.12	0.0	93.144	0.084
ld_c[780]	INPUT	SIGNAL	M5	93.216	0.0	93.24	0.084
ld_c[781]	INPUT	SIGNAL	M5	93.312	0.0	93.336	0.084
ld_c[782]	INPUT	SIGNAL	M5	93.408	0.0	93.432	0.084
ld_c[783]	INPUT	SIGNAL	M5	93.504	0.0	93.528	0.084
ld_c[784]	INPUT	SIGNAL	M5	93.6	0.0	93.624	0.084
ld_c[785]	INPUT	SIGNAL	M5	93.696	0.0	93.72	0.084
ld_c[786]	INPUT	SIGNAL	M5	93.792	0.0	93.816	0.084
ld_c[787]	INPUT	SIGNAL	M5	93.888	0.0	93.912	0.084
ld_c[788]	INPUT	SIGNAL	M5	93.984	0.0	94.008	0.084
ld_c[789]	INPUT	SIGNAL	M5	94.08	0.0	94.104	0.084
ld_c[78]	INPUT	SIGNAL	M5	94.176	0.0	94.2	0.084
ld_c[790]	INPUT	SIGNAL	M5	94.272	0.0	94.296	0.084
ld_c[791]	INPUT	SIGNAL	M5	94.368	0.0	94.392	0.084
ld_c[792]	INPUT	SIGNAL	M5	94.464	0.0	94.488	0.084
ld_c[793]	INPUT	SIGNAL	M5	94.56	0.0	94.584	0.084
ld_c[794]	INPUT	SIGNAL	M5	94.656	0.0	94.68	0.084
ld_c[795]	INPUT	SIGNAL	M5	94.752	0.0	94.776	0.084
ld_c[796]	INPUT	SIGNAL	M5	94.848	0.0	94.872	0.084
ld_c[797]	INPUT	SIGNAL	M5	94.944	0.0	94.968	0.084
ld_c[798]	INPUT	SIGNAL	M5	95.04	0.0	95.064	0.084
ld_c[799]	INPUT	SIGNAL	M5	95.136	0.0	95.16	0.084
ld_c[79]	INPUT	SIGNAL	M5	95.232	0.0	95.256	0.084
ld_c[7]	INPUT	SIGNAL	M5	95.328	0.0	95.352	0.084
ld_c[800]	INPUT	SIGNAL	M5	95.424	0.0	95.448	0.084
ld_c[801]	INPUT	SIGNAL	M5	95.52	0.0	95.544	0.084
ld_c[802]	INPUT	SIGNAL	M5	95.616	0.0	95.64	0.084
ld_c[803]	INPUT	SIGNAL	M5	95.712	0.0	95.736	0.084
ld_c[804]	INPUT	SIGNAL	M5	95.808	0.0	95.832	0.084
ld_c[805]	INPUT	SIGNAL	M5	95.904	0.0	95.928	0.084
ld_c[806]	INPUT	SIGNAL	M5	96.0	0.0	96.024	0.084
ld_c[807]	INPUT	SIGNAL	M5	96.096	0.0	96.12	0.084
ld_c[808]	INPUT	SIGNAL	M5	96.192	0.0	96.216	0.084
ld_c[809]	INPUT	SIGNAL	M5	96.288	0.0	96.312	0.084
ld_c[80]	INPUT	SIGNAL	M5	96.384	0.0	96.408	0.084
ld_c[810]	INPUT	SIGNAL	M5	96.48	0.0	96.504	0.084
ld_c[811]	INPUT	SIGNAL	M5	96.576	0.0	96.6	0.084
ld_c[812]	INPUT	SIGNAL	M5	96.672	0.0	96.696	0.084
ld_c[813]	INPUT	SIGNAL	M5	96.768	0.0	96.792	0.084
ld_c[814]	INPUT	SIGNAL	M5	96.864	0.0	96.888	0.084
ld_c[815]	INPUT	SIGNAL	M5	96.96	0.0	96.984	0.084
ld_c[816]	INPUT	SIGNAL	M5	97.056	0.0	97.08	0.084
ld_c[817]	INPUT	SIGNAL	M5	97.152	0.0	97.176	0.084
ld_c[818]	INPUT	SIGNAL	M5	97.248	0.0	97.272	0.084
ld_c[819]	INPUT	SIGNAL	M5	97.344	0.0	97.368	0.084
ld_c[81]	INPUT	SIGNAL	M5	97.44	0.0	97.464	0.084
ld_c[820]	INPUT	SIGNAL	M5	97.536	0.0	97.56	0.084
ld_c[821]	INPUT	SIGNAL	M5	97.632	0.0	97.656	0.084
ld_c[822]	INPUT	SIGNAL	M5	97.728	0.0	97.752	0.084
ld_c[823]	INPUT	SIGNAL	M5	97.824	0.0	97.848	0.084
ld_c[824]	INPUT	SIGNAL	M5	97.92	0.0	97.944	0.084
ld_c[825]	INPUT	SIGNAL	M5	98.016	0.0	98.04	0.084
ld_c[826]	INPUT	SIGNAL	M5	98.112	0.0	98.136	0.084
ld_c[827]	INPUT	SIGNAL	M5	98.208	0.0	98.232	0.084
ld_c[828]	INPUT	SIGNAL	M5	98.304	0.0	98.328	0.084
ld_c[829]	INPUT	SIGNAL	M5	98.4	0.0	98.424	0.084
ld_c[82]	INPUT	SIGNAL	M5	98.496	0.0	98.52	0.084
ld_c[830]	INPUT	SIGNAL	M5	98.592	0.0	98.616	0.084
ld_c[831]	INPUT	SIGNAL	M5	98.688	0.0	98.712	0.084
ld_c[832]	INPUT	SIGNAL	M5	98.784	0.0	98.808	0.084
ld_c[833]	INPUT	SIGNAL	M5	98.88	0.0	98.904	0.084
ld_c[834]	INPUT	SIGNAL	M5	98.976	0.0	99.0	0.084
ld_c[835]	INPUT	SIGNAL	M5	99.072	0.0	99.096	0.084
ld_c[836]	INPUT	SIGNAL	M5	99.168	0.0	99.192	0.084
ld_c[837]	INPUT	SIGNAL	M5	99.264	0.0	99.288	0.084
ld_c[838]	INPUT	SIGNAL	M5	99.36	0.0	99.384	0.084
ld_c[839]	INPUT	SIGNAL	M5	99.456	0.0	99.48	0.084
ld_c[83]	INPUT	SIGNAL	M5	99.552	0.0	99.576	0.084
ld_c[840]	INPUT	SIGNAL	M5	99.648	0.0	99.672	0.084
ld_c[841]	INPUT	SIGNAL	M5	99.744	0.0	99.768	0.084
ld_c[842]	INPUT	SIGNAL	M5	99.84	0.0	99.864	0.084
ld_c[843]	INPUT	SIGNAL	M5	99.936	0.0	99.96	0.084
ld_c[844]	INPUT	SIGNAL	M5	100.032	0.0	100.056	0.084
ld_c[845]	INPUT	SIGNAL	M5	100.128	0.0	100.152	0.084
ld_c[846]	INPUT	SIGNAL	M5	100.224	0.0	100.248	0.084
ld_c[847]	INPUT	SIGNAL	M5	100.32	0.0	100.344	0.084
ld_c[848]	INPUT	SIGNAL	M5	100.416	0.0	100.44	0.084
ld_c[849]	INPUT	SIGNAL	M5	100.512	0.0	100.536	0.084
ld_c[84]	INPUT	SIGNAL	M5	100.608	0.0	100.632	0.084
ld_c[850]	INPUT	SIGNAL	M5	100.704	0.0	100.728	0.084
ld_c[851]	INPUT	SIGNAL	M5	100.8	0.0	100.824	0.084
ld_c[852]	INPUT	SIGNAL	M5	100.896	0.0	100.92	0.084
ld_c[853]	INPUT	SIGNAL	M5	100.992	0.0	101.016	0.084
ld_c[854]	INPUT	SIGNAL	M5	101.088	0.0	101.112	0.084
ld_c[855]	INPUT	SIGNAL	M5	101.184	0.0	101.208	0.084
ld_c[856]	INPUT	SIGNAL	M5	101.28	0.0	101.304	0.084
ld_c[857]	INPUT	SIGNAL	M5	101.376	0.0	101.4	0.084
ld_c[858]	INPUT	SIGNAL	M5	101.472	0.0	101.496	0.084
ld_c[859]	INPUT	SIGNAL	M5	101.568	0.0	101.592	0.084
ld_c[85]	INPUT	SIGNAL	M5	101.664	0.0	101.688	0.084
ld_c[860]	INPUT	SIGNAL	M5	101.76	0.0	101.784	0.084
ld_c[861]	INPUT	SIGNAL	M5	101.856	0.0	101.88	0.084
ld_c[862]	INPUT	SIGNAL	M5	101.952	0.0	101.976	0.084
ld_c[863]	INPUT	SIGNAL	M5	102.048	0.0	102.072	0.084
ld_c[864]	INPUT	SIGNAL	M5	102.144	0.0	102.168	0.084
ld_c[865]	INPUT	SIGNAL	M5	102.24	0.0	102.264	0.084
ld_c[866]	INPUT	SIGNAL	M5	102.336	0.0	102.36	0.084
ld_c[867]	INPUT	SIGNAL	M5	102.432	0.0	102.456	0.084
ld_c[868]	INPUT	SIGNAL	M5	102.528	0.0	102.552	0.084
ld_c[869]	INPUT	SIGNAL	M5	102.624	0.0	102.648	0.084
ld_c[86]	INPUT	SIGNAL	M5	102.72	0.0	102.744	0.084
ld_c[870]	INPUT	SIGNAL	M5	102.816	0.0	102.84	0.084
ld_c[871]	INPUT	SIGNAL	M5	102.912	0.0	102.936	0.084
ld_c[872]	INPUT	SIGNAL	M5	103.008	0.0	103.032	0.084
ld_c[873]	INPUT	SIGNAL	M5	103.104	0.0	103.128	0.084
ld_c[874]	INPUT	SIGNAL	M5	103.2	0.0	103.224	0.084
ld_c[875]	INPUT	SIGNAL	M5	103.296	0.0	103.32	0.084
ld_c[876]	INPUT	SIGNAL	M5	103.392	0.0	103.416	0.084
ld_c[877]	INPUT	SIGNAL	M5	103.488	0.0	103.512	0.084
ld_c[878]	INPUT	SIGNAL	M5	103.584	0.0	103.608	0.084
ld_c[879]	INPUT	SIGNAL	M5	103.68	0.0	103.704	0.084
ld_c[87]	INPUT	SIGNAL	M5	103.776	0.0	103.8	0.084
ld_c[880]	INPUT	SIGNAL	M5	103.872	0.0	103.896	0.084
ld_c[881]	INPUT	SIGNAL	M5	103.968	0.0	103.992	0.084
ld_c[882]	INPUT	SIGNAL	M5	104.064	0.0	104.088	0.084
ld_c[883]	INPUT	SIGNAL	M5	104.16	0.0	104.184	0.084
ld_c[884]	INPUT	SIGNAL	M5	104.256	0.0	104.28	0.084
ld_c[885]	INPUT	SIGNAL	M5	104.352	0.0	104.376	0.084
ld_c[886]	INPUT	SIGNAL	M5	104.448	0.0	104.472	0.084
ld_c[887]	INPUT	SIGNAL	M5	104.544	0.0	104.568	0.084
ld_c[888]	INPUT	SIGNAL	M5	104.64	0.0	104.664	0.084
ld_c[889]	INPUT	SIGNAL	M5	104.736	0.0	104.76	0.084
ld_c[88]	INPUT	SIGNAL	M5	104.832	0.0	104.856	0.084
ld_c[890]	INPUT	SIGNAL	M5	104.928	0.0	104.952	0.084
ld_c[891]	INPUT	SIGNAL	M5	105.024	0.0	105.048	0.084
ld_c[892]	INPUT	SIGNAL	M5	105.12	0.0	105.144	0.084
ld_c[893]	INPUT	SIGNAL	M5	105.216	0.0	105.24	0.084
ld_c[894]	INPUT	SIGNAL	M5	105.312	0.0	105.336	0.084
ld_c[895]	INPUT	SIGNAL	M5	105.408	0.0	105.432	0.084
ld_c[896]	INPUT	SIGNAL	M5	105.504	0.0	105.528	0.084
ld_c[897]	INPUT	SIGNAL	M5	105.6	0.0	105.624	0.084
ld_c[898]	INPUT	SIGNAL	M5	105.696	0.0	105.72	0.084
ld_c[899]	INPUT	SIGNAL	M5	105.792	0.0	105.816	0.084
ld_c[89]	INPUT	SIGNAL	M5	105.888	0.0	105.912	0.084
ld_c[8]	INPUT	SIGNAL	M5	105.984	0.0	106.008	0.084
ld_c[900]	INPUT	SIGNAL	M5	106.08	0.0	106.104	0.084
ld_c[901]	INPUT	SIGNAL	M5	106.176	0.0	106.2	0.084
ld_c[902]	INPUT	SIGNAL	M5	106.272	0.0	106.296	0.084
ld_c[903]	INPUT	SIGNAL	M5	106.368	0.0	106.392	0.084
ld_c[904]	INPUT	SIGNAL	M5	106.464	0.0	106.488	0.084
ld_c[905]	INPUT	SIGNAL	M5	106.56	0.0	106.584	0.084
ld_c[906]	INPUT	SIGNAL	M5	106.656	0.0	106.68	0.084
ld_c[907]	INPUT	SIGNAL	M5	106.752	0.0	106.776	0.084
ld_c[908]	INPUT	SIGNAL	M5	106.848	0.0	106.872	0.084
ld_c[909]	INPUT	SIGNAL	M5	106.944	0.0	106.968	0.084
ld_c[90]	INPUT	SIGNAL	M5	107.04	0.0	107.064	0.084
ld_c[910]	INPUT	SIGNAL	M5	107.136	0.0	107.16	0.084
ld_c[911]	INPUT	SIGNAL	M5	107.232	0.0	107.256	0.084
ld_c[912]	INPUT	SIGNAL	M5	107.328	0.0	107.352	0.084
ld_c[913]	INPUT	SIGNAL	M5	107.424	0.0	107.448	0.084
ld_c[914]	INPUT	SIGNAL	M5	107.52	0.0	107.544	0.084
ld_c[915]	INPUT	SIGNAL	M5	107.616	0.0	107.64	0.084
ld_c[916]	INPUT	SIGNAL	M5	107.712	0.0	107.736	0.084
ld_c[917]	INPUT	SIGNAL	M5	107.808	0.0	107.832	0.084
ld_c[918]	INPUT	SIGNAL	M5	107.904	0.0	107.928	0.084
ld_c[919]	INPUT	SIGNAL	M5	108.0	0.0	108.024	0.084
ld_c[91]	INPUT	SIGNAL	M5	108.096	0.0	108.12	0.084
ld_c[920]	INPUT	SIGNAL	M5	108.192	0.0	108.216	0.084
ld_c[921]	INPUT	SIGNAL	M5	108.288	0.0	108.312	0.084
ld_c[922]	INPUT	SIGNAL	M5	108.384	0.0	108.408	0.084
ld_c[923]	INPUT	SIGNAL	M5	108.48	0.0	108.504	0.084
ld_c[924]	INPUT	SIGNAL	M5	108.576	0.0	108.6	0.084
ld_c[925]	INPUT	SIGNAL	M5	108.672	0.0	108.696	0.084
ld_c[926]	INPUT	SIGNAL	M5	108.768	0.0	108.792	0.084
ld_c[927]	INPUT	SIGNAL	M5	108.864	0.0	108.888	0.084
ld_c[928]	INPUT	SIGNAL	M5	108.96	0.0	108.984	0.084
ld_c[929]	INPUT	SIGNAL	M5	109.056	0.0	109.08	0.084
ld_c[92]	INPUT	SIGNAL	M5	109.152	0.0	109.176	0.084
ld_c[930]	INPUT	SIGNAL	M5	109.248	0.0	109.272	0.084
ld_c[931]	INPUT	SIGNAL	M5	109.344	0.0	109.368	0.084
ld_c[932]	INPUT	SIGNAL	M5	109.44	0.0	109.464	0.084
ld_c[933]	INPUT	SIGNAL	M5	109.536	0.0	109.56	0.084
ld_c[934]	INPUT	SIGNAL	M5	109.632	0.0	109.656	0.084
ld_c[935]	INPUT	SIGNAL	M5	109.728	0.0	109.752	0.084
ld_c[936]	INPUT	SIGNAL	M5	109.824	0.0	109.848	0.084
ld_c[937]	INPUT	SIGNAL	M5	109.92	0.0	109.944	0.084
ld_c[938]	INPUT	SIGNAL	M5	110.016	0.0	110.04	0.084
ld_c[939]	INPUT	SIGNAL	M5	110.112	0.0	110.136	0.084
ld_c[93]	INPUT	SIGNAL	M5	110.208	0.0	110.232	0.084
ld_c[940]	INPUT	SIGNAL	M5	110.304	0.0	110.328	0.084
ld_c[941]	INPUT	SIGNAL	M5	110.4	0.0	110.424	0.084
ld_c[942]	INPUT	SIGNAL	M5	110.496	0.0	110.52	0.084
ld_c[943]	INPUT	SIGNAL	M5	110.592	0.0	110.616	0.084
ld_c[944]	INPUT	SIGNAL	M5	110.688	0.0	110.712	0.084
ld_c[945]	INPUT	SIGNAL	M5	110.784	0.0	110.808	0.084
ld_c[946]	INPUT	SIGNAL	M5	110.88	0.0	110.904	0.084
ld_c[947]	INPUT	SIGNAL	M5	110.976	0.0	111.0	0.084
ld_c[948]	INPUT	SIGNAL	M5	111.072	0.0	111.096	0.084
ld_c[949]	INPUT	SIGNAL	M5	111.168	0.0	111.192	0.084
ld_c[94]	INPUT	SIGNAL	M5	111.264	0.0	111.288	0.084
ld_c[950]	INPUT	SIGNAL	M5	111.36	0.0	111.384	0.084
ld_c[951]	INPUT	SIGNAL	M5	111.456	0.0	111.48	0.084
ld_c[952]	INPUT	SIGNAL	M5	111.552	0.0	111.576	0.084
ld_c[953]	INPUT	SIGNAL	M5	111.648	0.0	111.672	0.084
ld_c[954]	INPUT	SIGNAL	M5	111.744	0.0	111.768	0.084
ld_c[955]	INPUT	SIGNAL	M5	111.84	0.0	111.864	0.084
ld_c[956]	INPUT	SIGNAL	M5	111.936	0.0	111.96	0.084
ld_c[957]	INPUT	SIGNAL	M5	112.032	0.0	112.056	0.084
ld_c[958]	INPUT	SIGNAL	M5	112.128	0.0	112.152	0.084
ld_c[959]	INPUT	SIGNAL	M5	112.224	0.0	112.248	0.084
ld_c[95]	INPUT	SIGNAL	M5	112.32	0.0	112.344	0.084
ld_c[960]	INPUT	SIGNAL	M5	112.416	0.0	112.44	0.084
ld_c[961]	INPUT	SIGNAL	M5	112.512	0.0	112.536	0.084
ld_c[962]	INPUT	SIGNAL	M5	112.608	0.0	112.632	0.084
ld_c[963]	INPUT	SIGNAL	M5	112.704	0.0	112.728	0.084
ld_c[964]	INPUT	SIGNAL	M5	112.8	0.0	112.824	0.084
ld_c[965]	INPUT	SIGNAL	M5	112.896	0.0	112.92	0.084
ld_c[966]	INPUT	SIGNAL	M5	112.992	0.0	113.016	0.084
ld_c[967]	INPUT	SIGNAL	M5	113.088	0.0	113.112	0.084
ld_c[968]	INPUT	SIGNAL	M5	113.184	0.0	113.208	0.084
ld_c[969]	INPUT	SIGNAL	M5	113.28	0.0	113.304	0.084
ld_c[96]	INPUT	SIGNAL	M5	113.376	0.0	113.4	0.084
ld_c[970]	INPUT	SIGNAL	M5	113.472	0.0	113.496	0.084
ld_c[971]	INPUT	SIGNAL	M5	113.568	0.0	113.592	0.084
ld_c[972]	INPUT	SIGNAL	M5	113.664	0.0	113.688	0.084
ld_c[973]	INPUT	SIGNAL	M5	113.76	0.0	113.784	0.084
ld_c[974]	INPUT	SIGNAL	M5	113.856	0.0	113.88	0.084
ld_c[975]	INPUT	SIGNAL	M5	113.952	0.0	113.976	0.084
ld_c[976]	INPUT	SIGNAL	M5	114.048	0.0	114.072	0.084
ld_c[977]	INPUT	SIGNAL	M5	114.144	0.0	114.168	0.084
ld_c[978]	INPUT	SIGNAL	M5	114.24	0.0	114.264	0.084
ld_c[979]	INPUT	SIGNAL	M5	114.336	0.0	114.36	0.084
ld_c[97]	INPUT	SIGNAL	M5	114.432	0.0	114.456	0.084
ld_c[980]	INPUT	SIGNAL	M5	114.528	0.0	114.552	0.084
ld_c[981]	INPUT	SIGNAL	M5	114.624	0.0	114.648	0.084
ld_c[982]	INPUT	SIGNAL	M5	114.72	0.0	114.744	0.084
ld_c[983]	INPUT	SIGNAL	M5	114.816	0.0	114.84	0.084
ld_c[984]	INPUT	SIGNAL	M5	114.912	0.0	114.936	0.084
ld_c[985]	INPUT	SIGNAL	M5	115.008	0.0	115.032	0.084
ld_c[986]	INPUT	SIGNAL	M5	115.104	0.0	115.128	0.084
ld_c[987]	INPUT	SIGNAL	M5	115.2	0.0	115.224	0.084
ld_c[988]	INPUT	SIGNAL	M5	115.296	0.0	115.32	0.084
ld_c[989]	INPUT	SIGNAL	M5	115.392	0.0	115.416	0.084
ld_c[98]	INPUT	SIGNAL	M5	115.488	0.0	115.512	0.084
ld_c[990]	INPUT	SIGNAL	M5	115.584	0.0	115.608	0.084
ld_c[991]	INPUT	SIGNAL	M5	115.68	0.0	115.704	0.084
ld_c[992]	INPUT	SIGNAL	M5	115.776	0.0	115.8	0.084
ld_c[993]	INPUT	SIGNAL	M5	115.872	0.0	115.896	0.084
ld_c[994]	INPUT	SIGNAL	M5	115.968	0.0	115.992	0.084
ld_c[995]	INPUT	SIGNAL	M5	116.064	0.0	116.088	0.084
ld_c[996]	INPUT	SIGNAL	M5	116.16	0.0	116.184	0.084
ld_c[997]	INPUT	SIGNAL	M5	116.256	0.0	116.28	0.084
ld_c[998]	INPUT	SIGNAL	M5	116.352	0.0	116.376	0.084
ld_c[999]	INPUT	SIGNAL	M5	116.448	0.0	116.472	0.084
ld_c[99]	INPUT	SIGNAL	M5	116.544	0.0	116.568	0.084
ld_c[9]	INPUT	SIGNAL	M5	116.64	0.0	116.664	0.084
ls[0]	INPUT	SIGNAL	M5	116.736	0.0	116.76	0.084
ls[1]	INPUT	SIGNAL	M5	116.832	0.0	116.856	0.084
ls[2]	INPUT	SIGNAL	M5	116.928	0.0	116.952	0.084
ls[3]	INPUT	SIGNAL	M5	117.024	0.0	117.048	0.084
lvw[0]	INPUT	SIGNAL	M5	117.12	0.0	117.144	0.084
lvw[1]	INPUT	SIGNAL	M5	117.216	0.0	117.24	0.084
lvw[2]	INPUT	SIGNAL	M5	117.312	0.0	117.336	0.084
lvw[3]	INPUT	SIGNAL	M5	117.408	0.0	117.432	0.084
ni[0]	INPUT	SIGNAL	M4	0.0	186.336	0.084	186.36
ni[10]	INPUT	SIGNAL	M4	0.0	187.776	0.084	187.8
ni[11]	INPUT	SIGNAL	M4	0.0	188.928	0.084	188.952
ni[12]	INPUT	SIGNAL	M4	0.0	188.448	0.084	188.472
ni[13]	INPUT	SIGNAL	M4	0.0	188.256	0.084	188.28
ni[14]	INPUT	SIGNAL	M4	0.0	189.504	0.084	189.528
ni[15]	INPUT	SIGNAL	M4	0.0	189.888	0.084	189.912
ni[16]	INPUT	SIGNAL	M4	0.0	190.176	0.084	190.2
ni[17]	INPUT	SIGNAL	M4	0.0	191.04	0.084	191.064
ni[18]	INPUT	SIGNAL	M4	0.0	192.576	0.084	192.6
ni[19]	INPUT	SIGNAL	M4	0.0	193.92	0.084	193.944
ni[1]	INPUT	SIGNAL	M4	0.0	187.296	0.084	187.32
ni[20]	INPUT	SIGNAL	M4	0.0	199.488	0.084	199.512
ni[21]	INPUT	SIGNAL	M4	0.0	201.408	0.084	201.432
ni[22]	INPUT	SIGNAL	M4	0.0	202.848	0.084	202.872
ni[23]	INPUT	SIGNAL	M4	0.0	202.656	0.084	202.68
ni[2]	INPUT	SIGNAL	M4	0.0	188.064	0.084	188.088
ni[3]	INPUT	SIGNAL	M4	0.0	188.832	0.084	188.856
ni[4]	INPUT	SIGNAL	M4	0.0	190.464	0.084	190.488
ni[5]	INPUT	SIGNAL	M4	0.0	189.408	0.084	189.432
ni[6]	INPUT	SIGNAL	M4	0.0	189.696	0.084	189.72
ni[7]	INPUT	SIGNAL	M4	0.0	190.368	0.084	190.392
ni[8]	INPUT	SIGNAL	M4	0.0	190.272	0.084	190.296
ni[9]	INPUT	SIGNAL	M4	0.0	189.792	0.084	189.816
no[0]	INPUT	SIGNAL	M4	0.0	208.8	0.084	208.824
no[10]	INPUT	SIGNAL	M4	0.0	203.616	0.084	203.64
no[11]	INPUT	SIGNAL	M4	0.0	204.768	0.084	204.792
no[12]	INPUT	SIGNAL	M4	0.0	204.384	0.084	204.408
no[13]	INPUT	SIGNAL	M4	0.0	205.824	0.084	205.848
no[14]	INPUT	SIGNAL	M4	0.0	207.744	0.084	207.768
no[15]	INPUT	SIGNAL	M4	0.0	206.88	0.084	206.904
no[16]	INPUT	SIGNAL	M4	0.0	201.312	0.084	201.336
no[17]	INPUT	SIGNAL	M4	0.0	203.04	0.084	203.064
no[18]	INPUT	SIGNAL	M4	0.0	205.632	0.084	205.656
no[19]	INPUT	SIGNAL	M4	0.0	205.44	0.084	205.464
no[1]	INPUT	SIGNAL	M4	0.0	208.32	0.084	208.344
no[20]	INPUT	SIGNAL	M4	0.0	215.328	0.084	215.352
no[21]	INPUT	SIGNAL	M4	0.0	213.216	0.084	213.24
no[22]	INPUT	SIGNAL	M4	0.0	209.856	0.084	209.88
no[23]	INPUT	SIGNAL	M4	0.0	212.256	0.084	212.28
no[2]	INPUT	SIGNAL	M4	0.0	205.728	0.084	205.752
no[3]	INPUT	SIGNAL	M4	0.0	207.84	0.084	207.864
no[4]	INPUT	SIGNAL	M4	0.0	209.472	0.084	209.496
no[5]	INPUT	SIGNAL	M4	0.0	208.704	0.084	208.728
no[6]	INPUT	SIGNAL	M4	0.0	210.816	0.084	210.84
no[7]	INPUT	SIGNAL	M4	0.0	210.24	0.084	210.264
no[8]	INPUT	SIGNAL	M4	0.0	207.648	0.084	207.672
no[9]	INPUT	SIGNAL	M4	0.0	206.112	0.084	206.136
o_v[0]	INPUT	SIGNAL	M4	0.0	208.896	0.084	208.92
o_v[10]	INPUT	SIGNAL	M4	0.0	201.504	0.084	201.528
o_v[11]	INPUT	SIGNAL	M4	0.0	204.48	0.084	204.504
o_v[12]	INPUT	SIGNAL	M4	0.0	205.152	0.084	205.176
o_v[13]	INPUT	SIGNAL	M4	0.0	205.92	0.084	205.944
o_v[14]	INPUT	SIGNAL	M4	0.0	208.416	0.084	208.44
o_v[15]	INPUT	SIGNAL	M4	0.0	208.128	0.084	208.152
o_v[16]	INPUT	SIGNAL	M4	0.0	202.176	0.084	202.2
o_v[17]	INPUT	SIGNAL	M4	0.0	202.464	0.084	202.488
o_v[18]	INPUT	SIGNAL	M4	0.0	205.536	0.084	205.56
o_v[19]	INPUT	SIGNAL	M4	0.0	204.0	0.084	204.024
o_v[1]	INPUT	SIGNAL	M4	0.0	209.952	0.084	209.976
o_v[20]	INPUT	SIGNAL	M4	0.0	214.368	0.084	214.392
o_v[21]	INPUT	SIGNAL	M4	0.0	213.696	0.084	213.72
o_v[22]	INPUT	SIGNAL	M4	0.0	211.104	0.084	211.128
o_v[23]	INPUT	SIGNAL	M4	0.0	211.872	0.084	211.896
o_v[2]	INPUT	SIGNAL	M4	0.0	207.168	0.084	207.192
o_v[3]	INPUT	SIGNAL	M4	0.0	207.264	0.084	207.288
o_v[4]	INPUT	SIGNAL	M4	0.0	209.376	0.084	209.4
o_v[5]	INPUT	SIGNAL	M4	0.0	208.224	0.084	208.248
o_v[6]	INPUT	SIGNAL	M4	0.0	211.008	0.084	211.032
o_v[7]	INPUT	SIGNAL	M4	0.0	211.2	0.084	211.224
o_v[8]	INPUT	SIGNAL	M4	0.0	206.976	0.084	207.0
o_v[9]	INPUT	SIGNAL	M4	0.0	207.072	0.084	207.096
obase[0]	INPUT	SIGNAL	M4	0.0	175.776	0.084	175.8
obase[10]	INPUT	SIGNAL	M4	0.0	192.672	0.084	192.696
obase[11]	INPUT	SIGNAL	M4	0.0	194.88	0.084	194.904
obase[12]	INPUT	SIGNAL	M4	0.0	196.416	0.084	196.44
obase[13]	INPUT	SIGNAL	M4	0.0	195.648	0.084	195.672
obase[14]	INPUT	SIGNAL	M4	0.0	196.8	0.084	196.824
obase[15]	INPUT	SIGNAL	M4	0.0	198.336	0.084	198.36
obase[16]	INPUT	SIGNAL	M4	0.0	196.704	0.084	196.728
obase[17]	INPUT	SIGNAL	M4	0.0	195.744	0.084	195.768
obase[18]	INPUT	SIGNAL	M4	0.0	198.912	0.084	198.936
obase[19]	INPUT	SIGNAL	M4	0.0	200.928	0.084	200.952
obase[1]	INPUT	SIGNAL	M4	0.0	178.656	0.084	178.68
obase[20]	INPUT	SIGNAL	M4	0.0	199.008	0.084	199.032
obase[21]	INPUT	SIGNAL	M4	0.0	200.352	0.084	200.376
obase[22]	INPUT	SIGNAL	M4	0.0	199.2	0.084	199.224
obase[23]	INPUT	SIGNAL	M4	0.0	194.016	0.084	194.04
obase[2]	INPUT	SIGNAL	M4	0.0	178.08	0.084	178.104
obase[3]	INPUT	SIGNAL	M4	0.0	179.904	0.084	179.928
obase[4]	INPUT	SIGNAL	M4	0.0	183.456	0.084	183.48
obase[5]	INPUT	SIGNAL	M4	0.0	183.936	0.084	183.96
obase[6]	INPUT	SIGNAL	M4	0.0	184.416	0.084	184.44
obase[7]	INPUT	SIGNAL	M4	0.0	185.28	0.084	185.304
obase[8]	INPUT	SIGNAL	M4	0.0	186.432	0.084	186.456
obase[9]	INPUT	SIGNAL	M4	0.0	191.712	0.084	191.736
rd_addr[0]	OUTPUT	SIGNAL	M4	0.0	163.2	0.084	163.224
rd_addr[10]	OUTPUT	SIGNAL	M4	0.0	160.608	0.084	160.632
rd_addr[11]	OUTPUT	SIGNAL	M4	0.0	162.24	0.084	162.264
rd_addr[12]	OUTPUT	SIGNAL	M4	0.0	161.28	0.084	161.304
rd_addr[13]	OUTPUT	SIGNAL	M4	0.0	166.752	0.084	166.776
rd_addr[14]	OUTPUT	SIGNAL	M4	0.0	167.616	0.084	167.64
rd_addr[15]	OUTPUT	SIGNAL	M4	0.0	161.184	0.084	161.208
rd_addr[16]	OUTPUT	SIGNAL	M4	0.0	170.4	0.084	170.424
rd_addr[17]	OUTPUT	SIGNAL	M4	0.0	165.984	0.084	166.008
rd_addr[18]	OUTPUT	SIGNAL	M4	0.0	176.928	0.084	176.952
rd_addr[19]	OUTPUT	SIGNAL	M4	0.0	176.736	0.084	176.76
rd_addr[1]	OUTPUT	SIGNAL	M4	0.0	167.328	0.084	167.352
rd_addr[20]	OUTPUT	SIGNAL	M4	0.0	172.8	0.084	172.824
rd_addr[21]	OUTPUT	SIGNAL	M4	0.0	172.992	0.084	173.016
rd_addr[22]	OUTPUT	SIGNAL	M4	0.0	173.28	0.084	173.304
rd_addr[23]	OUTPUT	SIGNAL	M4	0.0	165.6	0.084	165.624
rd_addr[24]	OUTPUT	SIGNAL	M5	143.712	0.0	143.736	0.084
rd_addr[25]	OUTPUT	SIGNAL	M5	166.944	0.0	166.968	0.084
rd_addr[26]	OUTPUT	SIGNAL	M5	165.984	0.0	166.008	0.084
rd_addr[27]	OUTPUT	SIGNAL	M5	166.752	0.0	166.776	0.084
rd_addr[28]	OUTPUT	SIGNAL	M5	167.232	0.0	167.256	0.084
rd_addr[29]	OUTPUT	SIGNAL	M5	174.528	0.0	174.552	0.084
rd_addr[2]	OUTPUT	SIGNAL	M4	0.0	164.64	0.084	164.664
rd_addr[30]	OUTPUT	SIGNAL	M5	172.128	0.0	172.152	0.084
rd_addr[31]	OUTPUT	SIGNAL	M5	172.224	0.0	172.248	0.084
rd_addr[32]	OUTPUT	SIGNAL	M5	170.688	0.0	170.712	0.084
rd_addr[33]	OUTPUT	SIGNAL	M5	170.4	0.0	170.424	0.084
rd_addr[34]	OUTPUT	SIGNAL	M5	174.816	0.0	174.84	0.084
rd_addr[35]	OUTPUT	SIGNAL	M5	186.528	0.0	186.552	0.084
rd_addr[36]	OUTPUT	SIGNAL	M5	187.488	0.0	187.512	0.084
rd_addr[37]	OUTPUT	SIGNAL	M5	187.968	0.0	187.992	0.084
rd_addr[38]	OUTPUT	SIGNAL	M5	183.744	0.0	183.768	0.084
rd_addr[39]	OUTPUT	SIGNAL	M5	196.128	0.0	196.152	0.084
rd_addr[3]	OUTPUT	SIGNAL	M4	0.0	166.08	0.084	166.104
rd_addr[40]	OUTPUT	SIGNAL	M5	191.04	0.0	191.064	0.084
rd_addr[41]	OUTPUT	SIGNAL	M5	196.704	0.0	196.728	0.084
rd_addr[42]	OUTPUT	SIGNAL	M5	197.184	0.0	197.208	0.084
rd_addr[43]	OUTPUT	SIGNAL	M5	191.808	0.0	191.832	0.084
rd_addr[44]	OUTPUT	SIGNAL	M5	196.608	0.0	196.632	0.084
rd_addr[45]	OUTPUT	SIGNAL	M5	184.032	0.0	184.056	0.084
rd_addr[46]	OUTPUT	SIGNAL	M5	178.464	0.0	178.488	0.084
rd_addr[47]	OUTPUT	SIGNAL	M5	158.4	0.0	158.424	0.084
rd_addr[48]	OUTPUT	SIGNAL	M4	0.0	161.568	0.084	161.592
rd_addr[49]	OUTPUT	SIGNAL	M4	0.0	166.176	0.084	166.2
rd_addr[4]	OUTPUT	SIGNAL	M4	0.0	162.336	0.084	162.36
rd_addr[50]	OUTPUT	SIGNAL	M4	0.0	163.968	0.084	163.992
rd_addr[51]	OUTPUT	SIGNAL	M4	0.0	165.216	0.084	165.24
rd_addr[52]	OUTPUT	SIGNAL	M4	0.0	161.952	0.084	161.976
rd_addr[53]	OUTPUT	SIGNAL	M4	0.0	160.128	0.084	160.152
rd_addr[54]	OUTPUT	SIGNAL	M4	0.0	158.784	0.084	158.808
rd_addr[55]	OUTPUT	SIGNAL	M4	0.0	158.976	0.084	159.0
rd_addr[56]	OUTPUT	SIGNAL	M4	0.0	158.688	0.084	158.712
rd_addr[57]	OUTPUT	SIGNAL	M4	0.0	159.936	0.084	159.96
rd_addr[58]	OUTPUT	SIGNAL	M4	0.0	158.304	0.084	158.328
rd_addr[59]	OUTPUT	SIGNAL	M4	0.0	161.376	0.084	161.4
rd_addr[5]	OUTPUT	SIGNAL	M4	0.0	160.704	0.084	160.728
rd_addr[60]	OUTPUT	SIGNAL	M4	0.0	160.224	0.084	160.248
rd_addr[61]	OUTPUT	SIGNAL	M4	0.0	166.56	0.084	166.584
rd_addr[62]	OUTPUT	SIGNAL	M4	0.0	167.712	0.084	167.736
rd_addr[63]	OUTPUT	SIGNAL	M4	0.0	159.552	0.084	159.576
rd_addr[64]	OUTPUT	SIGNAL	M4	0.0	170.88	0.084	170.904
rd_addr[65]	OUTPUT	SIGNAL	M4	0.0	164.736	0.084	164.76
rd_addr[66]	OUTPUT	SIGNAL	M4	0.0	175.68	0.084	175.704
rd_addr[67]	OUTPUT	SIGNAL	M4	0.0	177.504	0.084	177.528
rd_addr[68]	OUTPUT	SIGNAL	M4	0.0	173.856	0.084	173.88
rd_addr[69]	OUTPUT	SIGNAL	M4	0.0	172.032	0.084	172.056
rd_addr[6]	OUTPUT	SIGNAL	M4	0.0	159.264	0.084	159.288
rd_addr[70]	OUTPUT	SIGNAL	M4	0.0	172.896	0.084	172.92
rd_addr[71]	OUTPUT	SIGNAL	M4	0.0	166.656	0.084	166.68
rd_addr[72]	OUTPUT	SIGNAL	M5	179.808	0.0	179.832	0.084
rd_addr[73]	OUTPUT	SIGNAL	M5	178.944	0.0	178.968	0.084
rd_addr[74]	OUTPUT	SIGNAL	M5	178.272	0.0	178.296	0.084
rd_addr[75]	OUTPUT	SIGNAL	M5	182.88	0.0	182.904	0.084
rd_addr[76]	OUTPUT	SIGNAL	M5	179.52	0.0	179.544	0.084
rd_addr[77]	OUTPUT	SIGNAL	M5	183.072	0.0	183.096	0.084
rd_addr[78]	OUTPUT	SIGNAL	M5	182.016	0.0	182.04	0.084
rd_addr[79]	OUTPUT	SIGNAL	M5	182.976	0.0	183.0	0.084
rd_addr[7]	OUTPUT	SIGNAL	M4	0.0	161.472	0.084	161.496
rd_addr[80]	OUTPUT	SIGNAL	M5	173.568	0.0	173.592	0.084
rd_addr[81]	OUTPUT	SIGNAL	M5	174.048	0.0	174.072	0.084
rd_addr[82]	OUTPUT	SIGNAL	M5	172.608	0.0	172.632	0.084
rd_addr[83]	OUTPUT	SIGNAL	M5	173.472	0.0	173.496	0.084
rd_addr[84]	OUTPUT	SIGNAL	M5	166.848	0.0	166.872	0.084
rd_addr[85]	OUTPUT	SIGNAL	M5	167.04	0.0	167.064	0.084
rd_addr[86]	OUTPUT	SIGNAL	M5	161.28	0.0	161.304	0.084
rd_addr[87]	OUTPUT	SIGNAL	M5	161.472	0.0	161.496	0.084
rd_addr[88]	OUTPUT	SIGNAL	M5	165.6	0.0	165.624	0.084
rd_addr[89]	OUTPUT	SIGNAL	M5	162.528	0.0	162.552	0.084
rd_addr[8]	OUTPUT	SIGNAL	M4	0.0	159.744	0.084	159.768
rd_addr[90]	OUTPUT	SIGNAL	M5	152.352	0.0	152.376	0.084
rd_addr[91]	OUTPUT	SIGNAL	M5	152.448	0.0	152.472	0.084
rd_addr[92]	OUTPUT	SIGNAL	M5	152.544	0.0	152.568	0.084
rd_addr[93]	OUTPUT	SIGNAL	M5	152.256	0.0	152.28	0.084
rd_addr[94]	OUTPUT	SIGNAL	M5	147.264	0.0	147.288	0.084
rd_addr[95]	OUTPUT	SIGNAL	M5	166.656	0.0	166.68	0.084
rd_addr[9]	OUTPUT	SIGNAL	M4	0.0	161.088	0.084	161.112
rd_q[0]	INPUT	SIGNAL	M4	0.0	132.288	0.084	132.312
rd_q[100]	INPUT	SIGNAL	M4	0.0	150.24	0.084	150.264
rd_q[101]	INPUT	SIGNAL	M4	0.0	152.736	0.084	152.76
rd_q[102]	INPUT	SIGNAL	M4	0.0	127.68	0.084	127.704
rd_q[103]	INPUT	SIGNAL	M4	0.0	129.696	0.084	129.72
rd_q[104]	INPUT	SIGNAL	M4	0.0	129.216	0.084	129.24
rd_q[105]	INPUT	SIGNAL	M4	0.0	123.36	0.084	123.384
rd_q[106]	INPUT	SIGNAL	M4	0.0	147.744	0.084	147.768
rd_q[107]	INPUT	SIGNAL	M4	0.0	145.44	0.084	145.464
rd_q[108]	INPUT	SIGNAL	M4	0.0	145.152	0.084	145.176
rd_q[109]	INPUT	SIGNAL	M4	0.0	148.32	0.084	148.344
rd_q[10]	INPUT	SIGNAL	M4	0.0	124.512	0.084	124.536
rd_q[110]	INPUT	SIGNAL	M4	0.0	150.816	0.084	150.84
rd_q[111]	INPUT	SIGNAL	M4	0.0	151.776	0.084	151.8
rd_q[112]	INPUT	SIGNAL	M4	0.0	146.592	0.084	146.616
rd_q[113]	INPUT	SIGNAL	M4	0.0	148.896	0.084	148.92
rd_q[114]	INPUT	SIGNAL	M4	0.0	149.952	0.084	149.976
rd_q[115]	INPUT	SIGNAL	M4	0.0	147.36	0.084	147.384
rd_q[116]	INPUT	SIGNAL	M4	0.0	141.792	0.084	141.816
rd_q[117]	INPUT	SIGNAL	M4	0.0	140.736	0.084	140.76
rd_q[118]	INPUT	SIGNAL	M4	0.0	144.096	0.084	144.12
rd_q[119]	INPUT	SIGNAL	M4	0.0	135.552	0.084	135.576
rd_q[11]	INPUT	SIGNAL	M4	0.0	125.856	0.084	125.88
rd_q[120]	INPUT	SIGNAL	M4	0.0	134.4	0.084	134.424
rd_q[121]	INPUT	SIGNAL	M4	0.0	136.704	0.084	136.728
rd_q[122]	INPUT	SIGNAL	M4	0.0	117.6	0.084	117.624
rd_q[123]	INPUT	SIGNAL	M4	0.0	118.752	0.084	118.776
rd_q[124]	INPUT	SIGNAL	M4	0.0	115.68	0.084	115.704
rd_q[125]	INPUT	SIGNAL	M4	0.0	121.248	0.084	121.272
rd_q[126]	INPUT	SIGNAL	M4	0.0	130.752	0.084	130.776
rd_q[127]	INPUT	SIGNAL	M4	0.0	133.152	0.084	133.176
rd_q[12]	INPUT	SIGNAL	M4	0.0	123.264	0.084	123.288
rd_q[13]	INPUT	SIGNAL	M4	0.0	120.0	0.084	120.024
rd_q[14]	INPUT	SIGNAL	M4	0.0	119.712	0.084	119.736
rd_q[15]	INPUT	SIGNAL	M4	0.0	123.072	0.084	123.096
rd_q[16]	INPUT	SIGNAL	M4	0.0	104.736	0.084	104.76
rd_q[17]	INPUT	SIGNAL	M4	0.0	103.968	0.084	103.992
rd_q[18]	INPUT	SIGNAL	M4	0.0	102.24	0.084	102.264
rd_q[19]	INPUT	SIGNAL	M4	0.0	101.856	0.084	101.88
rd_q[1]	INPUT	SIGNAL	M4	0.0	132.96	0.084	132.984
rd_q[20]	INPUT	SIGNAL	M4	0.0	102.048	0.084	102.072
rd_q[21]	INPUT	SIGNAL	M4	0.0	101.568	0.084	101.592
rd_q[22]	INPUT	SIGNAL	M4	0.0	101.184	0.084	101.208
rd_q[23]	INPUT	SIGNAL	M4	0.0	100.896	0.084	100.92
rd_q[24]	INPUT	SIGNAL	M4	0.0	100.8	0.084	100.824
rd_q[25]	INPUT	SIGNAL	M4	0.0	100.992	0.084	101.016
rd_q[26]	INPUT	SIGNAL	M4	0.0	102.144	0.084	102.168
rd_q[27]	INPUT	SIGNAL	M4	0.0	102.816	0.084	102.84
rd_q[28]	INPUT	SIGNAL	M4	0.0	101.952	0.084	101.976
rd_q[29]	INPUT	SIGNAL	M4	0.0	101.088	0.084	101.112
rd_q[2]	INPUT	SIGNAL	M4	0.0	134.304	0.084	134.328
rd_q[30]	INPUT	SIGNAL	M4	0.0	106.08	0.084	106.104
rd_q[31]	INPUT	SIGNAL	M4	0.0	105.888	0.084	105.912
rd_q[32]	INPUT	SIGNAL	M4	0.0	100.512	0.084	100.536
rd_q[33]	INPUT	SIGNAL	M4	0.0	104.256	0.084	104.28
rd_q[34]	INPUT	SIGNAL	M4	0.0	108.096	0.084	108.12
rd_q[35]	INPUT	SIGNAL	M4	0.0	121.824	0.084	121.848
rd_q[36]	INPUT	SIGNAL	M4	0.0	148.608	0.084	148.632
rd_q[37]	INPUT	SIGNAL	M4	0.0	119.04	0.084	119.064
rd_q[38]	INPUT	SIGNAL	M4	0.0	135.936	0.084	135.96
rd_q[39]	INPUT	SIGNAL	M4	0.0	117.696	0.084	117.72
rd_q[3]	INPUT	SIGNAL	M4	0.0	133.344	0.084	133.368
rd_q[40]	INPUT	SIGNAL	M4	0.0	137.856	0.084	137.88
rd_q[41]	INPUT	SIGNAL	M4	0.0	119.904	0.084	119.928
rd_q[42]	INPUT	SIGNAL	M4	0.0	135.168	0.084	135.192
rd_q[43]	INPUT	SIGNAL	M4	0.0	117.408	0.084	117.432
rd_q[44]	INPUT	SIGNAL	M4	0.0	129.984	0.084	130.008
rd_q[45]	INPUT	SIGNAL	M4	0.0	108.672	0.084	108.696
rd_q[46]	INPUT	SIGNAL	M4	0.0	126.624	0.084	126.648
rd_q[47]	INPUT	SIGNAL	M4	0.0	111.168	0.084	111.192
rd_q[48]	INPUT	SIGNAL	M4	0.0	133.248	0.084	133.272
rd_q[49]	INPUT	SIGNAL	M4	0.0	137.376	0.084	137.4
rd_q[4]	INPUT	SIGNAL	M4	0.0	134.112	0.084	134.136
rd_q[50]	INPUT	SIGNAL	M4	0.0	112.416	0.084	112.44
rd_q[51]	INPUT	SIGNAL	M4	0.0	109.248	0.084	109.272
rd_q[52]	INPUT	SIGNAL	M4	0.0	110.688	0.084	110.712
rd_q[53]	INPUT	SIGNAL	M4	0.0	105.504	0.084	105.528
rd_q[54]	INPUT	SIGNAL	M4	0.0	102.912	0.084	102.936
rd_q[55]	INPUT	SIGNAL	M4	0.0	93.792	0.084	93.816
rd_q[56]	INPUT	SIGNAL	M4	0.0	93.024	0.084	93.048
rd_q[57]	INPUT	SIGNAL	M4	0.0	101.376	0.084	101.4
rd_q[58]	INPUT	SIGNAL	M4	0.0	91.296	0.084	91.32
rd_q[59]	INPUT	SIGNAL	M4	0.0	100.416	0.084	100.44
rd_q[5]	INPUT	SIGNAL	M4	0.0	132.48	0.084	132.504
rd_q[60]	INPUT	SIGNAL	M4	0.0	98.976	0.084	99.0
rd_q[61]	INPUT	SIGNAL	M4	0.0	98.208	0.084	98.232
rd_q[62]	INPUT	SIGNAL	M4	0.0	94.272	0.084	94.296
rd_q[63]	INPUT	SIGNAL	M4	0.0	110.592	0.084	110.616
rd_q[64]	INPUT	SIGNAL	M4	0.0	132.384	0.084	132.408
rd_q[65]	INPUT	SIGNAL	M4	0.0	133.728	0.084	133.752
rd_q[66]	INPUT	SIGNAL	M4	0.0	135.36	0.084	135.384
rd_q[67]	INPUT	SIGNAL	M4	0.0	136.32	0.084	136.344
rd_q[68]	INPUT	SIGNAL	M4	0.0	135.456	0.084	135.48
rd_q[69]	INPUT	SIGNAL	M4	0.0	135.264	0.084	135.288
rd_q[6]	INPUT	SIGNAL	M4	0.0	132.576	0.084	132.6
rd_q[70]	INPUT	SIGNAL	M4	0.0	136.128	0.084	136.152
rd_q[71]	INPUT	SIGNAL	M4	0.0	136.032	0.084	136.056
rd_q[72]	INPUT	SIGNAL	M4	0.0	126.144	0.084	126.168
rd_q[73]	INPUT	SIGNAL	M4	0.0	126.24	0.084	126.264
rd_q[74]	INPUT	SIGNAL	M4	0.0	137.952	0.084	137.976
rd_q[75]	INPUT	SIGNAL	M4	0.0	136.224	0.084	136.248
rd_q[76]	INPUT	SIGNAL	M4	0.0	122.208	0.084	122.232
rd_q[77]	INPUT	SIGNAL	M4	0.0	124.416	0.084	124.44
rd_q[78]	INPUT	SIGNAL	M4	0.0	120.576	0.084	120.6
rd_q[79]	INPUT	SIGNAL	M4	0.0	124.8	0.084	124.824
rd_q[7]	INPUT	SIGNAL	M4	0.0	133.536	0.084	133.56
rd_q[80]	INPUT	SIGNAL	M4	0.0	105.12	0.084	105.144
rd_q[81]	INPUT	SIGNAL	M4	0.0	104.832	0.084	104.856
rd_q[82]	INPUT	SIGNAL	M4	0.0	106.56	0.084	106.584
rd_q[83]	INPUT	SIGNAL	M4	0.0	107.808	0.084	107.832
rd_q[84]	INPUT	SIGNAL	M4	0.0	109.92	0.084	109.944
rd_q[85]	INPUT	SIGNAL	M4	0.0	110.496	0.084	110.52
rd_q[86]	INPUT	SIGNAL	M4	0.0	113.664	0.084	113.688
rd_q[87]	INPUT	SIGNAL	M4	0.0	114.624	0.084	114.648
rd_q[88]	INPUT	SIGNAL	M4	0.0	119.808	0.084	119.832
rd_q[89]	INPUT	SIGNAL	M4	0.0	119.232	0.084	119.256
rd_q[8]	INPUT	SIGNAL	M4	0.0	120.384	0.084	120.408
rd_q[90]	INPUT	SIGNAL	M4	0.0	117.792	0.084	117.816
rd_q[91]	INPUT	SIGNAL	M4	0.0	116.064	0.084	116.088
rd_q[92]	INPUT	SIGNAL	M4	0.0	120.48	0.084	120.504
rd_q[93]	INPUT	SIGNAL	M4	0.0	121.344	0.084	121.368
rd_q[94]	INPUT	SIGNAL	M4	0.0	116.64	0.084	116.664
rd_q[95]	INPUT	SIGNAL	M4	0.0	127.392	0.084	127.416
rd_q[96]	INPUT	SIGNAL	M4	0.0	155.904	0.084	155.928
rd_q[97]	INPUT	SIGNAL	M4	0.0	157.344	0.084	157.368
rd_q[98]	INPUT	SIGNAL	M4	0.0	154.176	0.084	154.2
rd_q[99]	INPUT	SIGNAL	M4	0.0	152.64	0.084	152.664
rd_q[9]	INPUT	SIGNAL	M4	0.0	123.744	0.084	123.768
rd_re[0]	OUTPUT	SIGNAL	M4	0.0	174.72	0.084	174.744
rd_re[1]	OUTPUT	SIGNAL	M4	0.0	174.528	0.084	174.552
rd_re[2]	OUTPUT	SIGNAL	M4	0.0	174.624	0.084	174.648
rd_re[3]	OUTPUT	SIGNAL	M4	0.0	174.816	0.084	174.84
rd_src[0]	OUTPUT	SIGNAL	M5	140.256	0.0	140.28	0.084
rd_src[1]	OUTPUT	SIGNAL	M5	147.744	0.0	147.768	0.084
rd_src[2]	OUTPUT	SIGNAL	M5	146.016	0.0	146.04	0.084
rd_src[3]	OUTPUT	SIGNAL	M5	146.88	0.0	146.904	0.084
rd_src[4]	OUTPUT	SIGNAL	M5	142.368	0.0	142.392	0.084
rd_src[5]	OUTPUT	SIGNAL	M5	138.72	0.0	138.744	0.084
rd_src[6]	OUTPUT	SIGNAL	M5	147.168	0.0	147.192	0.084
rd_src[7]	OUTPUT	SIGNAL	M5	148.416	0.0	148.44	0.084
ro_v	OUTPUT	SIGNAL	M4	345.675	96.48	345.759	96.504
ro_x[0]	OUTPUT	SIGNAL	M4	345.675	115.296	345.759	115.32
ro_x[10]	OUTPUT	SIGNAL	M4	345.675	115.392	345.759	115.416
ro_x[11]	OUTPUT	SIGNAL	M4	345.675	112.032	345.759	112.056
ro_x[12]	OUTPUT	SIGNAL	M4	345.675	114.72	345.759	114.744
ro_x[13]	OUTPUT	SIGNAL	M4	345.675	117.6	345.759	117.624
ro_x[14]	OUTPUT	SIGNAL	M4	345.675	116.064	345.759	116.088
ro_x[15]	OUTPUT	SIGNAL	M4	345.675	113.376	345.759	113.4
ro_x[16]	OUTPUT	SIGNAL	M4	345.675	111.264	345.759	111.288
ro_x[17]	OUTPUT	SIGNAL	M4	345.675	111.744	345.759	111.768
ro_x[18]	OUTPUT	SIGNAL	M4	345.675	111.552	345.759	111.576
ro_x[19]	OUTPUT	SIGNAL	M4	345.675	111.168	345.759	111.192
ro_x[1]	OUTPUT	SIGNAL	M4	345.675	112.608	345.759	112.632
ro_x[20]	OUTPUT	SIGNAL	M4	345.675	110.784	345.759	110.808
ro_x[21]	OUTPUT	SIGNAL	M4	345.675	109.824	345.759	109.848
ro_x[22]	OUTPUT	SIGNAL	M4	345.675	108.672	345.759	108.696
ro_x[23]	OUTPUT	SIGNAL	M4	345.675	107.232	345.759	107.256
ro_x[24]	OUTPUT	SIGNAL	M4	345.675	107.328	345.759	107.352
ro_x[25]	OUTPUT	SIGNAL	M4	345.675	108.288	345.759	108.312
ro_x[26]	OUTPUT	SIGNAL	M4	345.675	109.536	345.759	109.56
ro_x[27]	OUTPUT	SIGNAL	M4	345.675	105.984	345.759	106.008
ro_x[28]	OUTPUT	SIGNAL	M4	345.675	105.216	345.759	105.24
ro_x[29]	OUTPUT	SIGNAL	M4	345.675	105.504	345.759	105.528
ro_x[2]	OUTPUT	SIGNAL	M4	345.675	112.128	345.759	112.152
ro_x[30]	OUTPUT	SIGNAL	M4	345.675	108.096	345.759	108.12
ro_x[31]	OUTPUT	SIGNAL	M4	345.675	106.464	345.759	106.488
ro_x[3]	OUTPUT	SIGNAL	M4	345.675	113.472	345.759	113.496
ro_x[4]	OUTPUT	SIGNAL	M4	345.675	112.32	345.759	112.344
ro_x[5]	OUTPUT	SIGNAL	M4	345.675	115.872	345.759	115.896
ro_x[6]	OUTPUT	SIGNAL	M4	345.675	115.2	345.759	115.224
ro_x[7]	OUTPUT	SIGNAL	M4	345.675	114.912	345.759	114.936
ro_x[8]	OUTPUT	SIGNAL	M4	345.675	117.12	345.759	117.144
ro_x[9]	OUTPUT	SIGNAL	M4	345.675	114.144	345.759	114.168
rst_n	INPUT	SIGNAL	M5	341.952	345.675	341.976	345.759
side_v	OUTPUT	SIGNAL	M5	150.432	0.0	150.456	0.084
side_x[0]	OUTPUT	SIGNAL	M4	0.0	178.464	0.084	178.488
side_x[10]	OUTPUT	SIGNAL	M5	126.816	345.675	126.84	345.759
side_x[11]	OUTPUT	SIGNAL	M5	126.624	345.675	126.648	345.759
side_x[12]	OUTPUT	SIGNAL	M4	0.0	167.808	0.084	167.832
side_x[13]	OUTPUT	SIGNAL	M4	0.0	181.344	0.084	181.368
side_x[14]	OUTPUT	SIGNAL	M4	0.0	180.288	0.084	180.312
side_x[15]	OUTPUT	SIGNAL	M4	0.0	184.608	0.084	184.632
side_x[16]	OUTPUT	SIGNAL	M4	0.0	183.168	0.084	183.192
side_x[17]	OUTPUT	SIGNAL	M4	0.0	181.536	0.084	181.56
side_x[18]	OUTPUT	SIGNAL	M4	0.0	171.264	0.084	171.288
side_x[19]	OUTPUT	SIGNAL	M4	0.0	159.36	0.084	159.384
side_x[1]	OUTPUT	SIGNAL	M4	0.0	181.824	0.084	181.848
side_x[20]	OUTPUT	SIGNAL	M4	0.0	101.472	0.084	101.496
side_x[21]	OUTPUT	SIGNAL	M4	0.0	145.92	0.084	145.944
side_x[22]	OUTPUT	SIGNAL	M4	0.0	190.08	0.084	190.104
side_x[23]	OUTPUT	SIGNAL	M4	0.0	184.704	0.084	184.728
side_x[24]	OUTPUT	SIGNAL	M4	0.0	201.888	0.084	201.912
side_x[25]	OUTPUT	SIGNAL	M4	0.0	184.32	0.084	184.344
side_x[26]	OUTPUT	SIGNAL	M4	0.0	241.632	0.084	241.656
side_x[27]	OUTPUT	SIGNAL	M4	0.0	196.32	0.084	196.344
side_x[28]	OUTPUT	SIGNAL	M4	0.0	205.056	0.084	205.08
side_x[29]	OUTPUT	SIGNAL	M4	0.0	232.512	0.084	232.536
side_x[2]	OUTPUT	SIGNAL	M4	0.0	185.664	0.084	185.688
side_x[30]	OUTPUT	SIGNAL	M5	148.032	0.0	148.056	0.084
side_x[31]	OUTPUT	SIGNAL	M4	0.0	183.36	0.084	183.384
side_x[3]	OUTPUT	SIGNAL	M5	229.44	345.675	229.464	345.759
side_x[4]	OUTPUT	SIGNAL	M4	0.0	160.32	0.084	160.344
side_x[5]	OUTPUT	SIGNAL	M5	123.168	345.675	123.192	345.759
side_x[6]	OUTPUT	SIGNAL	M5	192.288	345.675	192.312	345.759
side_x[7]	OUTPUT	SIGNAL	M5	126.72	345.675	126.744	345.759
side_x[8]	OUTPUT	SIGNAL	M4	0.0	182.304	0.084	182.328
side_x[9]	OUTPUT	SIGNAL	M4	0.0	225.216	0.084	225.24
side_y[0]	INPUT	SIGNAL	M4	345.675	237.024	345.759	237.048
side_y[10]	INPUT	SIGNAL	M4	345.675	242.304	345.759	242.328
side_y[11]	INPUT	SIGNAL	M4	345.675	241.056	345.759	241.08
side_y[12]	INPUT	SIGNAL	M4	345.675	240.96	345.759	240.984
side_y[13]	INPUT	SIGNAL	M4	345.675	238.272	345.759	238.296
side_y[14]	INPUT	SIGNAL	M4	345.675	240.864	345.759	240.888
side_y[15]	INPUT	SIGNAL	M4	345.675	241.152	345.759	241.176
side_y[16]	INPUT	SIGNAL	M4	345.675	239.616	345.759	239.64
side_y[17]	INPUT	SIGNAL	M4	345.675	239.328	345.759	239.352
side_y[18]	INPUT	SIGNAL	M4	345.675	240.096	345.759	240.12
side_y[19]	INPUT	SIGNAL	M4	345.675	238.368	345.759	238.392
side_y[1]	INPUT	SIGNAL	M4	345.675	242.016	345.759	242.04
side_y[20]	INPUT	SIGNAL	M4	345.675	238.464	345.759	238.488
side_y[21]	INPUT	SIGNAL	M4	345.675	235.68	345.759	235.704
side_y[22]	INPUT	SIGNAL	M4	345.675	235.2	345.759	235.224
side_y[23]	INPUT	SIGNAL	M4	345.675	230.016	345.759	230.04
side_y[24]	INPUT	SIGNAL	M4	345.675	235.776	345.759	235.8
side_y[25]	INPUT	SIGNAL	M4	345.675	230.688	345.759	230.712
side_y[26]	INPUT	SIGNAL	M4	345.675	232.8	345.759	232.824
side_y[27]	INPUT	SIGNAL	M4	345.675	234.048	345.759	234.072
side_y[28]	INPUT	SIGNAL	M4	345.675	233.856	345.759	233.88
side_y[29]	INPUT	SIGNAL	M4	345.675	230.304	345.759	230.328
side_y[2]	INPUT	SIGNAL	M4	345.675	242.688	345.759	242.712
side_y[30]	INPUT	SIGNAL	M4	345.675	232.32	345.759	232.344
side_y[31]	INPUT	SIGNAL	M4	345.675	237.504	345.759	237.528
side_y[3]	INPUT	SIGNAL	M4	345.675	244.704	345.759	244.728
side_y[4]	INPUT	SIGNAL	M4	345.675	244.512	345.759	244.536
side_y[5]	INPUT	SIGNAL	M4	345.675	244.416	345.759	244.44
side_y[6]	INPUT	SIGNAL	M4	345.675	244.608	345.759	244.632
side_y[7]	INPUT	SIGNAL	M4	345.675	242.4	345.759	242.424
side_y[8]	INPUT	SIGNAL	M4	345.675	243.456	345.759	243.48
side_y[9]	INPUT	SIGNAL	M4	345.675	243.552	345.759	243.576
srcs[0]	INPUT	SIGNAL	M5	136.896	0.0	136.92	0.084
srcs[1]	INPUT	SIGNAL	M5	143.52	0.0	143.544	0.084
srcs[2]	INPUT	SIGNAL	M5	141.216	0.0	141.24	0.084
srcs[3]	INPUT	SIGNAL	M5	142.272	0.0	142.296	0.084
srcs[4]	INPUT	SIGNAL	M5	137.952	0.0	137.976	0.084
srcs[5]	INPUT	SIGNAL	M5	134.976	0.0	135.0	0.084
srcs[6]	INPUT	SIGNAL	M5	144.192	0.0	144.216	0.084
srcs[7]	INPUT	SIGNAL	M5	143.904	0.0	143.928	0.084
vb[0]	INPUT	SIGNAL	M4	0.0	163.392	0.084	163.416
vb[100]	INPUT	SIGNAL	M4	0.0	177.312	0.084	177.336
vb[101]	INPUT	SIGNAL	M4	0.0	177.792	0.084	177.816
vb[102]	INPUT	SIGNAL	M4	0.0	176.064	0.084	176.088
vb[103]	INPUT	SIGNAL	M4	0.0	177.408	0.084	177.432
vb[104]	INPUT	SIGNAL	M4	0.0	174.912	0.084	174.936
vb[105]	INPUT	SIGNAL	M4	0.0	173.376	0.084	173.4
vb[106]	INPUT	SIGNAL	M4	0.0	170.208	0.084	170.232
vb[107]	INPUT	SIGNAL	M4	0.0	174.144	0.084	174.168
vb[108]	INPUT	SIGNAL	M4	0.0	172.128	0.084	172.152
vb[109]	INPUT	SIGNAL	M4	0.0	176.544	0.084	176.568
vb[10]	INPUT	SIGNAL	M4	0.0	160.8	0.084	160.824
vb[110]	INPUT	SIGNAL	M4	0.0	175.104	0.084	175.128
vb[111]	INPUT	SIGNAL	M4	0.0	171.84	0.084	171.864
vb[112]	INPUT	SIGNAL	M4	0.0	171.072	0.084	171.096
vb[113]	INPUT	SIGNAL	M4	0.0	175.488	0.084	175.512
vb[114]	INPUT	SIGNAL	M4	0.0	177.216	0.084	177.24
vb[115]	INPUT	SIGNAL	M4	0.0	176.832	0.084	176.856
vb[116]	INPUT	SIGNAL	M4	0.0	175.296	0.084	175.32
vb[117]	INPUT	SIGNAL	M4	0.0	173.184	0.084	173.208
vb[118]	INPUT	SIGNAL	M4	0.0	184.512	0.084	184.536
vb[119]	INPUT	SIGNAL	M4	0.0	179.52	0.084	179.544
vb[11]	INPUT	SIGNAL	M4	0.0	162.144	0.084	162.168
vb[12]	INPUT	SIGNAL	M4	0.0	177.024	0.084	177.048
vb[13]	INPUT	SIGNAL	M4	0.0	165.408	0.084	165.432
vb[14]	INPUT	SIGNAL	M4	0.0	168.96	0.084	168.984
vb[15]	INPUT	SIGNAL	M4	0.0	178.56	0.084	178.584
vb[16]	INPUT	SIGNAL	M4	0.0	170.112	0.084	170.136
vb[17]	INPUT	SIGNAL	M4	0.0	163.872	0.084	163.896
vb[18]	INPUT	SIGNAL	M4	0.0	178.848	0.084	178.872
vb[19]	INPUT	SIGNAL	M4	0.0	179.616	0.084	179.64
vb[1]	INPUT	SIGNAL	M4	0.0	168.384	0.084	168.408
vb[20]	INPUT	SIGNAL	M4	0.0	178.752	0.084	178.776
vb[21]	INPUT	SIGNAL	M4	0.0	171.456	0.084	171.48
vb[22]	INPUT	SIGNAL	M4	0.0	171.744	0.084	171.768
vb[23]	INPUT	SIGNAL	M4	0.0	163.68	0.084	163.704
vb[24]	INPUT	SIGNAL	M5	138.912	0.0	138.936	0.084
vb[25]	INPUT	SIGNAL	M5	162.144	0.0	162.168	0.084
vb[26]	INPUT	SIGNAL	M5	161.376	0.0	161.4	0.084
vb[27]	INPUT	SIGNAL	M5	161.568	0.0	161.592	0.084
vb[28]	INPUT	SIGNAL	M5	161.856	0.0	161.88	0.084
vb[29]	INPUT	SIGNAL	M5	171.84	0.0	171.864	0.084
vb[2]	INPUT	SIGNAL	M4	0.0	167.232	0.084	167.256
vb[30]	INPUT	SIGNAL	M5	167.712	0.0	167.736	0.084
vb[31]	INPUT	SIGNAL	M5	167.424	0.0	167.448	0.084
vb[32]	INPUT	SIGNAL	M5	166.56	0.0	166.584	0.084
vb[33]	INPUT	SIGNAL	M5	166.08	0.0	166.104	0.084
vb[34]	INPUT	SIGNAL	M5	170.016	0.0	170.04	0.084
vb[35]	INPUT	SIGNAL	M5	181.248	0.0	181.272	0.084
vb[36]	INPUT	SIGNAL	M5	184.416	0.0	184.44	0.084
vb[37]	INPUT	SIGNAL	M5	183.648	0.0	183.672	0.084
vb[38]	INPUT	SIGNAL	M5	179.04	0.0	179.064	0.084
vb[39]	INPUT	SIGNAL	M5	190.944	0.0	190.968	0.084
vb[3]	INPUT	SIGNAL	M4	0.0	170.496	0.084	170.52
vb[40]	INPUT	SIGNAL	M5	186.432	0.0	186.456	0.084
vb[41]	INPUT	SIGNAL	M5	191.52	0.0	191.544	0.084
vb[42]	INPUT	SIGNAL	M5	192.576	0.0	192.6	0.084
vb[43]	INPUT	SIGNAL	M5	187.2	0.0	187.224	0.084
vb[44]	INPUT	SIGNAL	M5	192.672	0.0	192.696	0.084
vb[45]	INPUT	SIGNAL	M5	179.136	0.0	179.16	0.084
vb[46]	INPUT	SIGNAL	M5	173.952	0.0	173.976	0.084
vb[47]	INPUT	SIGNAL	M5	155.616	0.0	155.64	0.084
vb[48]	INPUT	SIGNAL	M4	0.0	158.592	0.084	158.616
vb[49]	INPUT	SIGNAL	M4	0.0	166.368	0.084	166.392
vb[4]	INPUT	SIGNAL	M4	0.0	162.048	0.084	162.072
vb[50]	INPUT	SIGNAL	M4	0.0	163.584	0.084	163.608
vb[51]	INPUT	SIGNAL	M4	0.0	165.504	0.084	165.528
vb[52]	INPUT	SIGNAL	M4	0.0	160.992	0.084	161.016
vb[53]	INPUT	SIGNAL	M4	0.0	159.648	0.084	159.672
vb[54]	INPUT	SIGNAL	M4	0.0	157.248	0.084	157.272
vb[55]	INPUT	SIGNAL	M4	0.0	157.632	0.084	157.656
vb[56]	INPUT	SIGNAL	M4	0.0	156.384	0.084	156.408
vb[57]	INPUT	SIGNAL	M4	0.0	158.88	0.084	158.904
vb[58]	INPUT	SIGNAL	M4	0.0	156.96	0.084	156.984
vb[59]	INPUT	SIGNAL	M4	0.0	159.456	0.084	159.48
vb[5]	INPUT	SIGNAL	M4	0.0	160.512	0.084	160.536
vb[60]	INPUT	SIGNAL	M4	0.0	155.808	0.084	155.832
vb[61]	INPUT	SIGNAL	M4	0.0	164.16	0.084	164.184
vb[62]	INPUT	SIGNAL	M4	0.0	167.904	0.084	167.928
vb[63]	INPUT	SIGNAL	M4	0.0	158.496	0.084	158.52
vb[64]	INPUT	SIGNAL	M4	0.0	168.288	0.084	168.312
vb[65]	INPUT	SIGNAL	M4	0.0	162.528	0.084	162.552
vb[66]	INPUT	SIGNAL	M4	0.0	179.712	0.084	179.736
vb[67]	INPUT	SIGNAL	M4	0.0	178.272	0.084	178.296
vb[68]	INPUT	SIGNAL	M4	0.0	175.584	0.084	175.608
vb[69]	INPUT	SIGNAL	M4	0.0	170.304	0.084	170.328
vb[6]	INPUT	SIGNAL	M4	0.0	163.296	0.084	163.32
vb[70]	INPUT	SIGNAL	M4	0.0	172.416	0.084	172.44
vb[71]	INPUT	SIGNAL	M4	0.0	161.856	0.084	161.88
vb[72]	INPUT	SIGNAL	M5	175.296	0.0	175.32	0.084
vb[73]	INPUT	SIGNAL	M5	174.144	0.0	174.168	0.084
vb[74]	INPUT	SIGNAL	M5	173.28	0.0	173.304	0.084
vb[75]	INPUT	SIGNAL	M5	178.368	0.0	178.392	0.084
vb[76]	INPUT	SIGNAL	M5	174.624	0.0	174.648	0.084
vb[77]	INPUT	SIGNAL	M5	179.616	0.0	179.64	0.084
vb[78]	INPUT	SIGNAL	M5	175.872	0.0	175.896	0.084
vb[79]	INPUT	SIGNAL	M5	179.424	0.0	179.448	0.084
vb[7]	INPUT	SIGNAL	M4	0.0	161.664	0.084	161.688
vb[80]	INPUT	SIGNAL	M5	170.112	0.0	170.136	0.084
vb[81]	INPUT	SIGNAL	M5	168.096	0.0	168.12	0.084
vb[82]	INPUT	SIGNAL	M5	167.136	0.0	167.16	0.084
vb[83]	INPUT	SIGNAL	M5	168.384	0.0	168.408	0.084
vb[84]	INPUT	SIGNAL	M5	161.76	0.0	161.784	0.084
vb[85]	INPUT	SIGNAL	M5	161.664	0.0	161.688	0.084
vb[86]	INPUT	SIGNAL	M5	156.576	0.0	156.6	0.084
vb[87]	INPUT	SIGNAL	M5	156.0	0.0	156.024	0.084
vb[88]	INPUT	SIGNAL	M5	160.896	0.0	160.92	0.084
vb[89]	INPUT	SIGNAL	M5	159.168	0.0	159.192	0.084
vb[8]	INPUT	SIGNAL	M4	0.0	161.76	0.084	161.784
vb[90]	INPUT	SIGNAL	M5	146.4	0.0	146.424	0.084
vb[91]	INPUT	SIGNAL	M5	147.552	0.0	147.576	0.084
vb[92]	INPUT	SIGNAL	M5	146.496	0.0	146.52	0.084
vb[93]	INPUT	SIGNAL	M5	148.128	0.0	148.152	0.084
vb[94]	INPUT	SIGNAL	M5	143.808	0.0	143.832	0.084
vb[95]	INPUT	SIGNAL	M5	163.584	0.0	163.608	0.084
vb[96]	INPUT	SIGNAL	M4	0.0	175.008	0.084	175.032
vb[97]	INPUT	SIGNAL	M4	0.0	171.36	0.084	171.384
vb[98]	INPUT	SIGNAL	M4	0.0	171.168	0.084	171.192
vb[99]	INPUT	SIGNAL	M4	0.0	169.92	0.084	169.944
vb[9]	INPUT	SIGNAL	M4	0.0	162.816	0.084	162.84
vi_addr[0]	OUTPUT	SIGNAL	M4	0.0	214.464	0.084	214.488
vi_addr[10]	OUTPUT	SIGNAL	M4	0.0	213.888	0.084	213.912
vi_addr[11]	OUTPUT	SIGNAL	M4	0.0	215.712	0.084	215.736
vi_addr[12]	OUTPUT	SIGNAL	M4	0.0	216.0	0.084	216.024
vi_addr[13]	OUTPUT	SIGNAL	M4	0.0	217.344	0.084	217.368
vi_addr[14]	OUTPUT	SIGNAL	M4	0.0	218.784	0.084	218.808
vi_addr[15]	OUTPUT	SIGNAL	M4	0.0	218.304	0.084	218.328
vi_addr[16]	OUTPUT	SIGNAL	M4	0.0	218.88	0.084	218.904
vi_addr[17]	OUTPUT	SIGNAL	M4	0.0	221.28	0.084	221.304
vi_addr[18]	OUTPUT	SIGNAL	M4	0.0	220.032	0.084	220.056
vi_addr[19]	OUTPUT	SIGNAL	M4	0.0	222.24	0.084	222.264
vi_addr[1]	OUTPUT	SIGNAL	M4	0.0	210.528	0.084	210.552
vi_addr[20]	OUTPUT	SIGNAL	M4	0.0	219.84	0.084	219.864
vi_addr[21]	OUTPUT	SIGNAL	M4	0.0	220.608	0.084	220.632
vi_addr[22]	OUTPUT	SIGNAL	M4	0.0	221.184	0.084	221.208
vi_addr[23]	OUTPUT	SIGNAL	M4	0.0	217.92	0.084	217.944
vi_addr[2]	OUTPUT	SIGNAL	M4	0.0	210.912	0.084	210.936
vi_addr[3]	OUTPUT	SIGNAL	M4	0.0	213.312	0.084	213.336
vi_addr[4]	OUTPUT	SIGNAL	M4	0.0	213.12	0.084	213.144
vi_addr[5]	OUTPUT	SIGNAL	M4	0.0	212.352	0.084	212.376
vi_addr[6]	OUTPUT	SIGNAL	M4	0.0	211.968	0.084	211.992
vi_addr[7]	OUTPUT	SIGNAL	M4	0.0	214.752	0.084	214.776
vi_addr[8]	OUTPUT	SIGNAL	M4	0.0	214.56	0.084	214.584
vi_addr[9]	OUTPUT	SIGNAL	M4	0.0	213.6	0.084	213.624
vi_q[0]	INPUT	SIGNAL	M4	0.0	175.2	0.084	175.224
vi_q[10]	INPUT	SIGNAL	M4	0.0	180.192	0.084	180.216
vi_q[11]	INPUT	SIGNAL	M4	0.0	176.64	0.084	176.664
vi_q[12]	INPUT	SIGNAL	M4	0.0	179.808	0.084	179.832
vi_q[13]	INPUT	SIGNAL	M4	0.0	176.256	0.084	176.28
vi_q[14]	INPUT	SIGNAL	M4	0.0	179.136	0.084	179.16
vi_q[15]	INPUT	SIGNAL	M4	0.0	181.44	0.084	181.464
vi_q[16]	INPUT	SIGNAL	M4	0.0	180.0	0.084	180.024
vi_q[17]	INPUT	SIGNAL	M4	0.0	182.208	0.084	182.232
vi_q[18]	INPUT	SIGNAL	M4	0.0	180.48	0.084	180.504
vi_q[19]	INPUT	SIGNAL	M4	0.0	181.632	0.084	181.656
vi_q[1]	INPUT	SIGNAL	M4	0.0	173.088	0.084	173.112
vi_q[20]	INPUT	SIGNAL	M4	0.0	181.056	0.084	181.08
vi_q[21]	INPUT	SIGNAL	M4	0.0	182.112	0.084	182.136
vi_q[22]	INPUT	SIGNAL	M4	0.0	181.728	0.084	181.752
vi_q[23]	INPUT	SIGNAL	M4	0.0	181.248	0.084	181.272
vi_q[24]	INPUT	SIGNAL	M5	117.504	0.0	117.528	0.084
vi_q[25]	INPUT	SIGNAL	M5	117.6	0.0	117.624	0.084
vi_q[26]	INPUT	SIGNAL	M5	117.696	0.0	117.72	0.084
vi_q[27]	INPUT	SIGNAL	M5	117.792	0.0	117.816	0.084
vi_q[28]	INPUT	SIGNAL	M5	117.888	0.0	117.912	0.084
vi_q[29]	INPUT	SIGNAL	M5	117.984	0.0	118.008	0.084
vi_q[2]	INPUT	SIGNAL	M4	0.0	176.352	0.084	176.376
vi_q[30]	INPUT	SIGNAL	M5	118.08	0.0	118.104	0.084
vi_q[31]	INPUT	SIGNAL	M5	118.176	0.0	118.2	0.084
vi_q[3]	INPUT	SIGNAL	M4	0.0	177.12	0.084	177.144
vi_q[4]	INPUT	SIGNAL	M4	0.0	178.368	0.084	178.392
vi_q[5]	INPUT	SIGNAL	M4	0.0	177.984	0.084	178.008
vi_q[6]	INPUT	SIGNAL	M4	0.0	178.176	0.084	178.2
vi_q[7]	INPUT	SIGNAL	M4	0.0	175.872	0.084	175.896
vi_q[8]	INPUT	SIGNAL	M4	0.0	179.424	0.084	179.448
vi_q[9]	INPUT	SIGNAL	M4	0.0	175.392	0.084	175.416
vi_re	OUTPUT	SIGNAL	M4	0.0	173.472	0.084	173.496
vm_waddr[0]	OUTPUT	SIGNAL	M5	270.336	0.0	270.36	0.084
vm_waddr[10]	OUTPUT	SIGNAL	M4	345.675	140.448	345.759	140.472
vm_waddr[11]	OUTPUT	SIGNAL	M4	345.675	143.136	345.759	143.16
vm_waddr[12]	OUTPUT	SIGNAL	M5	293.856	0.0	293.88	0.084
vm_waddr[13]	OUTPUT	SIGNAL	M4	345.675	86.688	345.759	86.712
vm_waddr[14]	OUTPUT	SIGNAL	M4	345.675	101.472	345.759	101.496
vm_waddr[15]	OUTPUT	SIGNAL	M4	345.675	126.72	345.759	126.744
vm_waddr[16]	OUTPUT	SIGNAL	M5	281.568	0.0	281.592	0.084
vm_waddr[17]	OUTPUT	SIGNAL	M5	278.496	0.0	278.52	0.084
vm_waddr[18]	OUTPUT	SIGNAL	M5	278.304	0.0	278.328	0.084
vm_waddr[19]	OUTPUT	SIGNAL	M5	254.208	0.0	254.232	0.084
vm_waddr[1]	OUTPUT	SIGNAL	M5	252.96	0.0	252.984	0.084
vm_waddr[20]	OUTPUT	SIGNAL	M5	261.12	0.0	261.144	0.084
vm_waddr[21]	OUTPUT	SIGNAL	M5	260.64	0.0	260.664	0.084
vm_waddr[22]	OUTPUT	SIGNAL	M5	239.616	0.0	239.64	0.084
vm_waddr[23]	OUTPUT	SIGNAL	M5	242.688	0.0	242.712	0.084
vm_waddr[2]	OUTPUT	SIGNAL	M5	277.44	0.0	277.464	0.084
vm_waddr[3]	OUTPUT	SIGNAL	M5	281.088	0.0	281.112	0.084
vm_waddr[4]	OUTPUT	SIGNAL	M5	275.712	0.0	275.736	0.084
vm_waddr[5]	OUTPUT	SIGNAL	M5	261.792	0.0	261.816	0.084
vm_waddr[6]	OUTPUT	SIGNAL	M4	345.675	121.152	345.759	121.176
vm_waddr[7]	OUTPUT	SIGNAL	M4	345.675	141.888	345.759	141.912
vm_waddr[8]	OUTPUT	SIGNAL	M5	285.504	0.0	285.528	0.084
vm_waddr[9]	OUTPUT	SIGNAL	M5	285.408	0.0	285.432	0.084
vm_wdata[0]	OUTPUT	SIGNAL	M4	345.675	115.584	345.759	115.608
vm_wdata[10]	OUTPUT	SIGNAL	M4	345.675	115.68	345.759	115.704
vm_wdata[11]	OUTPUT	SIGNAL	M4	345.675	112.224	345.759	112.248
vm_wdata[12]	OUTPUT	SIGNAL	M4	345.675	115.008	345.759	115.032
vm_wdata[13]	OUTPUT	SIGNAL	M4	345.675	117.504	345.759	117.528
vm_wdata[14]	OUTPUT	SIGNAL	M4	345.675	116.448	345.759	116.472
vm_wdata[15]	OUTPUT	SIGNAL	M4	345.675	113.28	345.759	113.304
vm_wdata[16]	OUTPUT	SIGNAL	M4	345.675	111.456	345.759	111.48
vm_wdata[17]	OUTPUT	SIGNAL	M4	345.675	111.648	345.759	111.672
vm_wdata[18]	OUTPUT	SIGNAL	M4	345.675	111.36	345.759	111.384
vm_wdata[19]	OUTPUT	SIGNAL	M4	345.675	111.072	345.759	111.096
vm_wdata[1]	OUTPUT	SIGNAL	M4	345.675	112.896	345.759	112.92
vm_wdata[20]	OUTPUT	SIGNAL	M4	345.675	110.592	345.759	110.616
vm_wdata[21]	OUTPUT	SIGNAL	M4	345.675	109.728	345.759	109.752
vm_wdata[22]	OUTPUT	SIGNAL	M4	345.675	108.768	345.759	108.792
vm_wdata[23]	OUTPUT	SIGNAL	M4	345.675	107.04	345.759	107.064
vm_wdata[24]	OUTPUT	SIGNAL	M4	345.675	107.424	345.759	107.448
vm_wdata[25]	OUTPUT	SIGNAL	M4	345.675	108.576	345.759	108.6
vm_wdata[26]	OUTPUT	SIGNAL	M4	345.675	109.344	345.759	109.368
vm_wdata[27]	OUTPUT	SIGNAL	M4	345.675	105.696	345.759	105.72
vm_wdata[28]	OUTPUT	SIGNAL	M4	345.675	105.408	345.759	105.432
vm_wdata[29]	OUTPUT	SIGNAL	M4	345.675	105.312	345.759	105.336
vm_wdata[2]	OUTPUT	SIGNAL	M4	345.675	111.84	345.759	111.864
vm_wdata[30]	OUTPUT	SIGNAL	M4	345.675	108.48	345.759	108.504
vm_wdata[31]	OUTPUT	SIGNAL	M4	345.675	106.56	345.759	106.584
vm_wdata[3]	OUTPUT	SIGNAL	M4	345.675	113.184	345.759	113.208
vm_wdata[4]	OUTPUT	SIGNAL	M4	345.675	111.936	345.759	111.96
vm_wdata[5]	OUTPUT	SIGNAL	M4	345.675	115.776	345.759	115.8
vm_wdata[6]	OUTPUT	SIGNAL	M4	345.675	115.104	345.759	115.128
vm_wdata[7]	OUTPUT	SIGNAL	M4	345.675	114.816	345.759	114.84
vm_wdata[8]	OUTPUT	SIGNAL	M4	345.675	117.024	345.759	117.048
vm_wdata[9]	OUTPUT	SIGNAL	M4	345.675	114.048	345.759	114.072
vm_we	OUTPUT	SIGNAL	M4	345.675	96.96	345.759	96.984
VSS	INOUT	GROUND	M6	2.052	342.729	343.71	343.017
VSS	INOUT	GROUND	M6	2.052	337.329	343.71	337.617
VSS	INOUT	GROUND	M6	2.052	331.929	343.71	332.217
VSS	INOUT	GROUND	M6	2.052	326.529	343.71	326.817
VSS	INOUT	GROUND	M6	2.052	321.129	343.71	321.417
VSS	INOUT	GROUND	M6	2.052	315.729	343.71	316.017
VSS	INOUT	GROUND	M6	2.052	310.329	343.71	310.617
VSS	INOUT	GROUND	M6	2.052	304.929	343.71	305.217
VSS	INOUT	GROUND	M6	2.052	299.529	343.71	299.817
VSS	INOUT	GROUND	M6	2.052	294.129	343.71	294.417
VSS	INOUT	GROUND	M6	2.052	288.729	343.71	289.017
VSS	INOUT	GROUND	M6	2.052	283.329	343.71	283.617
VSS	INOUT	GROUND	M6	2.052	277.929	343.71	278.217
VSS	INOUT	GROUND	M6	2.052	272.529	343.71	272.817
VSS	INOUT	GROUND	M6	2.052	267.129	343.71	267.417
VSS	INOUT	GROUND	M6	2.052	261.729	343.71	262.017
VSS	INOUT	GROUND	M6	2.052	256.329	343.71	256.617
VSS	INOUT	GROUND	M6	2.052	250.929	343.71	251.217
VSS	INOUT	GROUND	M6	2.052	245.529	343.71	245.817
VSS	INOUT	GROUND	M6	2.052	240.129	343.71	240.417
VSS	INOUT	GROUND	M6	2.052	234.729	343.71	235.017
VSS	INOUT	GROUND	M6	2.052	229.329	343.71	229.617
VSS	INOUT	GROUND	M6	2.052	223.929	343.71	224.217
VSS	INOUT	GROUND	M6	2.052	218.529	343.71	218.817
VSS	INOUT	GROUND	M6	2.052	213.129	343.71	213.417
VSS	INOUT	GROUND	M6	2.052	207.729	343.71	208.017
VSS	INOUT	GROUND	M6	2.052	202.329	343.71	202.617
VSS	INOUT	GROUND	M6	2.052	196.929	343.71	197.217
VSS	INOUT	GROUND	M6	2.052	191.529	343.71	191.817
VSS	INOUT	GROUND	M6	2.052	186.129	343.71	186.417
VSS	INOUT	GROUND	M6	2.052	180.729	343.71	181.017
VSS	INOUT	GROUND	M6	2.052	175.329	343.71	175.617
VSS	INOUT	GROUND	M6	2.052	169.929	343.71	170.217
VSS	INOUT	GROUND	M6	2.052	164.529	343.71	164.817
VSS	INOUT	GROUND	M6	2.052	159.129	343.71	159.417
VSS	INOUT	GROUND	M6	2.052	153.729	343.71	154.017
VSS	INOUT	GROUND	M6	2.052	148.329	343.71	148.617
VSS	INOUT	GROUND	M6	2.052	142.929	343.71	143.217
VSS	INOUT	GROUND	M6	2.052	137.529	343.71	137.817
VSS	INOUT	GROUND	M6	2.052	132.129	343.71	132.417
VSS	INOUT	GROUND	M6	2.052	126.729	343.71	127.017
VSS	INOUT	GROUND	M6	2.052	121.329	343.71	121.617
VSS	INOUT	GROUND	M6	2.052	115.929	343.71	116.217
VSS	INOUT	GROUND	M6	2.052	110.529	343.71	110.817
VSS	INOUT	GROUND	M6	2.052	105.129	343.71	105.417
VSS	INOUT	GROUND	M6	2.052	99.729	343.71	100.017
VSS	INOUT	GROUND	M6	2.052	94.329	343.71	94.617
VSS	INOUT	GROUND	M6	2.052	88.929	343.71	89.217
VSS	INOUT	GROUND	M6	2.052	83.529	343.71	83.817
VSS	INOUT	GROUND	M6	2.052	78.129	343.71	78.417
VSS	INOUT	GROUND	M6	2.052	72.729	343.71	73.017
VSS	INOUT	GROUND	M6	2.052	67.329	343.71	67.617
VSS	INOUT	GROUND	M6	2.052	61.929	343.71	62.217
VSS	INOUT	GROUND	M6	2.052	56.529	343.71	56.817
VSS	INOUT	GROUND	M6	2.052	51.129	343.71	51.417
VSS	INOUT	GROUND	M6	2.052	45.729	343.71	46.017
VSS	INOUT	GROUND	M6	2.052	40.329	343.71	40.617
VSS	INOUT	GROUND	M6	2.052	34.929	343.71	35.217
VSS	INOUT	GROUND	M6	2.052	29.529	343.71	29.817
VSS	INOUT	GROUND	M6	2.052	24.129	343.71	24.417
VSS	INOUT	GROUND	M6	2.052	18.729	343.71	19.017
VSS	INOUT	GROUND	M6	2.052	13.329	343.71	13.617
VSS	INOUT	GROUND	M6	2.052	7.929	343.71	8.217
VSS	INOUT	GROUND	M6	2.052	2.529	343.71	2.817
VDD	INOUT	POWER	M6	2.052	343.113	343.71	343.401
VDD	INOUT	POWER	M6	2.052	337.713	343.71	338.001
VDD	INOUT	POWER	M6	2.052	332.313	343.71	332.601
VDD	INOUT	POWER	M6	2.052	326.913	343.71	327.201
VDD	INOUT	POWER	M6	2.052	321.513	343.71	321.801
VDD	INOUT	POWER	M6	2.052	316.113	343.71	316.401
VDD	INOUT	POWER	M6	2.052	310.713	343.71	311.001
VDD	INOUT	POWER	M6	2.052	305.313	343.71	305.601
VDD	INOUT	POWER	M6	2.052	299.913	343.71	300.201
VDD	INOUT	POWER	M6	2.052	294.513	343.71	294.801
VDD	INOUT	POWER	M6	2.052	289.113	343.71	289.401
VDD	INOUT	POWER	M6	2.052	283.713	343.71	284.001
VDD	INOUT	POWER	M6	2.052	278.313	343.71	278.601
VDD	INOUT	POWER	M6	2.052	272.913	343.71	273.201
VDD	INOUT	POWER	M6	2.052	267.513	343.71	267.801
VDD	INOUT	POWER	M6	2.052	262.113	343.71	262.401
VDD	INOUT	POWER	M6	2.052	256.713	343.71	257.001
VDD	INOUT	POWER	M6	2.052	251.313	343.71	251.601
VDD	INOUT	POWER	M6	2.052	245.913	343.71	246.201
VDD	INOUT	POWER	M6	2.052	240.513	343.71	240.801
VDD	INOUT	POWER	M6	2.052	235.113	343.71	235.401
VDD	INOUT	POWER	M6	2.052	229.713	343.71	230.001
VDD	INOUT	POWER	M6	2.052	224.313	343.71	224.601
VDD	INOUT	POWER	M6	2.052	218.913	343.71	219.201
VDD	INOUT	POWER	M6	2.052	213.513	343.71	213.801
VDD	INOUT	POWER	M6	2.052	208.113	343.71	208.401
VDD	INOUT	POWER	M6	2.052	202.713	343.71	203.001
VDD	INOUT	POWER	M6	2.052	197.313	343.71	197.601
VDD	INOUT	POWER	M6	2.052	191.913	343.71	192.201
VDD	INOUT	POWER	M6	2.052	186.513	343.71	186.801
VDD	INOUT	POWER	M6	2.052	181.113	343.71	181.401
VDD	INOUT	POWER	M6	2.052	175.713	343.71	176.001
VDD	INOUT	POWER	M6	2.052	170.313	343.71	170.601
VDD	INOUT	POWER	M6	2.052	164.913	343.71	165.201
VDD	INOUT	POWER	M6	2.052	159.513	343.71	159.801
VDD	INOUT	POWER	M6	2.052	154.113	343.71	154.401
VDD	INOUT	POWER	M6	2.052	148.713	343.71	149.001
VDD	INOUT	POWER	M6	2.052	143.313	343.71	143.601
VDD	INOUT	POWER	M6	2.052	137.913	343.71	138.201
VDD	INOUT	POWER	M6	2.052	132.513	343.71	132.801
VDD	INOUT	POWER	M6	2.052	127.113	343.71	127.401
VDD	INOUT	POWER	M6	2.052	121.713	343.71	122.001
VDD	INOUT	POWER	M6	2.052	116.313	343.71	116.601
VDD	INOUT	POWER	M6	2.052	110.913	343.71	111.201
VDD	INOUT	POWER	M6	2.052	105.513	343.71	105.801
VDD	INOUT	POWER	M6	2.052	100.113	343.71	100.401
VDD	INOUT	POWER	M6	2.052	94.713	343.71	95.001
VDD	INOUT	POWER	M6	2.052	89.313	343.71	89.601
VDD	INOUT	POWER	M6	2.052	83.913	343.71	84.201
VDD	INOUT	POWER	M6	2.052	78.513	343.71	78.801
VDD	INOUT	POWER	M6	2.052	73.113	343.71	73.401
VDD	INOUT	POWER	M6	2.052	67.713	343.71	68.001
VDD	INOUT	POWER	M6	2.052	62.313	343.71	62.601
VDD	INOUT	POWER	M6	2.052	56.913	343.71	57.201
VDD	INOUT	POWER	M6	2.052	51.513	343.71	51.801
VDD	INOUT	POWER	M6	2.052	46.113	343.71	46.401
VDD	INOUT	POWER	M6	2.052	40.713	343.71	41.001
VDD	INOUT	POWER	M6	2.052	35.313	343.71	35.601
VDD	INOUT	POWER	M6	2.052	29.913	343.71	30.201
VDD	INOUT	POWER	M6	2.052	24.513	343.71	24.801
VDD	INOUT	POWER	M6	2.052	19.113	343.71	19.401
VDD	INOUT	POWER	M6	2.052	13.713	343.71	14.001
VDD	INOUT	POWER	M6	2.052	8.313	343.71	8.601
VDD	INOUT	POWER	M6	2.052	2.913	343.71	3.201
